{"data": [{"id": "3decc6bfadaa436a105714c6ba9a6ee2", "number": "", "date": "2021-01-24 00:00:00", "subject": "3", "recorded-or-robo": "Y", "city": "castle rock", "state": "FL", "area-code": "813"}, {"id": "03e293b3df9e35eadf15c56119307bf1", "number": "", "date": "2021-01-24 00:00:00", "subject": "3", "recorded-or-robo": "Y", "city": "castle rock", "state": "FL", "area-code": "813"}, {"id": "3decc6bfadaa436a105714c6ba9a69fa", "number": "", "date": "2021-01-24 00:00:00", "subject": "3", "recorded-or-robo": "Y", "city": "castle rock", "state": "FL", "area-code": "813"}, {"id": "03e293b3df9e35eadf15c561193070f1", "number": "", "date": "2021-01-24 00:00:00", "subject": "3", "recorded-or-robo": "Y", "city": "castle rock", "state": "FL", "area-code": "813"}, {"id": "3decc6bfadaa436a105714c6ba9a6726", "number": "", "date": "2021-01-24 00:00:00", "subject": "3", "recorded-or-robo": "Y", "city": "castle rock", "state": "FL", "area-code": "813"}, {"id": "03e293b3df9e35eadf15c561193066d2", "number": "", "date": "2021-01-24 00:00:00", "subject": "3", "recorded-or-robo": "Y", "city": "castle rock", "state": "FL", "area-code": "813"}, {"id": "3decc6bfadaa436a105714c6ba9a616a", "number": "8132953068", "date": "2021-01-24 00:00:00", "subject": "3", "recorded-or-robo": "Y", "city": "castle rock", "state": "CO", "area-code": "813"}, {"id": "03e293b3df9e35eadf15c56119305d63", "number": "8132953068", "date": "2021-01-24 00:00:00", "subject": "3", "recorded-or-robo": "Y", "city": "castle rock", "state": "CO", "area-code": "813"}, {"id": "3decc6bfadaa436a105714c6ba9a52df", "number": "3108783212", "date": "2021-01-23 12:00:00", "subject": "2", "recorded-or-robo": "Y", "city": "Baltimore", "state": "MD", "area-code": "410"}, {"id": "03e293b3df9e35eadf15c5611930561f", "number": "3108783212", "date": "2021-01-23 12:00:00", "subject": "2", "recorded-or-robo": "Y", "city": "Baltimore", "state": "MD", "area-code": "410"}, {"id": "3decc6bfadaa436a105714c6ba9a4b76", "number": "5099467702", "date": "2021-01-24 07:54:00", "subject": "2", "recorded-or-robo": "Y", "city": "Richland", "state": "WA", "area-code": "509"}, {"id": "03e293b3df9e35eadf15c56119304f33", "number": "5099467702", "date": "2021-01-24 07:54:00", "subject": "2", "recorded-or-robo": "Y", "city": "Richland", "state": "WA", "area-code": "509"}, {"id": "3decc6bfadaa436a105714c6ba9a4106", "number": "9738692842", "date": "2021-01-24 11:52:00", "subject": "2", "recorded-or-robo": "Y", "city": "North Caldwell", "state": "NJ", "area-code": "973"}, {"id": "03e293b3df9e35eadf15c56119304cbd", "number": "9738692842", "date": "2021-01-24 11:52:00", "subject": "2", "recorded-or-robo": "Y", "city": "North Caldwell", "state": "NJ", "area-code": "973"}, {"id": "3decc6bfadaa436a105714c6ba9a3f8f", "number": "3152328257", "date": "2021-01-24 10:37:00", "subject": "1", "recorded-or-robo": "N", "city": "Jeffersonville", "state": "IN", "area-code": "574"}, {"id": "03e293b3df9e35eadf15c561193048f6", "number": "3152328257", "date": "2021-01-24 10:37:00", "subject": "1", "recorded-or-robo": "N", "city": "Jeffersonville", "state": "IN", "area-code": "574"}, {"id": "3decc6bfadaa436a105714c6ba9a3338", "number": "3152328257", "date": "2021-01-24 11:21:00", "subject": "11", "recorded-or-robo": "Y", "city": "New Carlisle", "state": "IN", "area-code": "574"}, {"id": "03e293b3df9e35eadf15c56119304460", "number": "3152328257", "date": "2021-01-24 11:21:00", "subject": "11", "recorded-or-robo": "Y", "city": "New Carlisle", "state": "IN", "area-code": "574"}, {"id": "3decc6bfadaa436a105714c6ba9a2f5c", "number": "9564179260", "date": "2021-01-22 09:37:00", "subject": "2", "recorded-or-robo": "Y", "city": "Longview", "state": "TX", "area-code": "903"}, {"id": "3decc6bfadaa436a105714c6ba9a25ce", "number": "", "date": "2021-01-24 10:02:00", "subject": "11", "recorded-or-robo": "Y", "city": "New Carlisle", "state": "IN", "area-code": "574"}, {"id": "03e293b3df9e35eadf15c56119303563", "number": "9564179260", "date": "2021-01-22 09:37:00", "subject": "2", "recorded-or-robo": "Y", "city": "Longview", "state": "TX", "area-code": "903"}, {"id": "03e293b3df9e35eadf15c56119302a73", "number": "", "date": "2021-01-24 10:02:00", "subject": "11", "recorded-or-robo": "Y", "city": "New Carlisle", "state": "IN", "area-code": "574"}, {"id": "3decc6bfadaa436a105714c6ba9a1b62", "number": "8556781516", "date": "2021-01-24 11:42:00", "subject": "11", "recorded-or-robo": "Y", "city": "Granger", "state": "IN", "area-code": "574"}, {"id": "03e293b3df9e35eadf15c5611930273a", "number": "8556781516", "date": "2021-01-24 11:42:00", "subject": "11", "recorded-or-robo": "Y", "city": "Granger", "state": "IN", "area-code": "574"}, {"id": "3decc6bfadaa436a105714c6ba9a19ae", "number": "", "date": "2021-01-24 09:30:00", "subject": "2", "recorded-or-robo": "Y", "city": "New Carlisle", "state": "IN", "area-code": "574"}, {"id": "03e293b3df9e35eadf15c56119301d68", "number": "", "date": "2021-01-24 09:30:00", "subject": "2", "recorded-or-robo": "Y", "city": "New Carlisle", "state": "IN", "area-code": "574"}, {"id": "3decc6bfadaa436a105714c6ba9a13bb", "number": "22064841874", "date": "2021-01-24 07:22:00", "subject": "2", "recorded-or-robo": "Y", "city": "Edmonds", "state": "WA", "area-code": "206"}, {"id": "03e293b3df9e35eadf15c561193019a4", "number": "22064841874", "date": "2021-01-24 07:22:00", "subject": "2", "recorded-or-robo": "Y", "city": "Edmonds", "state": "WA", "area-code": "206"}, {"id": "3decc6bfadaa436a105714c6ba9a0ae6", "number": "8609531939", "date": "2021-01-23 18:21:00", "subject": "2", "recorded-or-robo": "Y", "city": "Enfield", "state": "CT", "area-code": "860"}, {"id": "03e293b3df9e35eadf15c56119301807", "number": "8609531939", "date": "2021-01-23 18:21:00", "subject": "2", "recorded-or-robo": "Y", "city": "Enfield", "state": "CT", "area-code": "860"}, {"id": "3decc6bfadaa436a105714c6ba99feac", "number": "4012648405", "date": "2021-01-23 12:59:00", "subject": "4", "recorded-or-robo": "Y", "city": "", "state": "RI", "area-code": "401"}, {"id": "03e293b3df9e35eadf15c561193012b4", "number": "4012648405", "date": "2021-01-23 12:59:00", "subject": "4", "recorded-or-robo": "Y", "city": "", "state": "RI", "area-code": "401"}, {"id": "3decc6bfadaa436a105714c6ba99f535", "number": "4406699950", "date": "2021-01-24 11:52:00", "subject": "2", "recorded-or-robo": "Y", "city": "Bay Village", "state": "OH", "area-code": "440"}, {"id": "03e293b3df9e35eadf15c56119300693", "number": "4406699950", "date": "2021-01-24 11:52:00", "subject": "2", "recorded-or-robo": "Y", "city": "Bay Village", "state": "OH", "area-code": "440"}, {"id": "3decc6bfadaa436a105714c6ba99eb0f", "number": "8556781042", "date": "2021-01-24 11:56:00", "subject": "11", "recorded-or-robo": "Y", "city": "Galena", "state": "OH", "area-code": "740"}, {"id": "03e293b3df9e35eadf15c5611930035d", "number": "8556781042", "date": "2021-01-24 11:56:00", "subject": "11", "recorded-or-robo": "Y", "city": "Galena", "state": "OH", "area-code": "740"}, {"id": "3decc6bfadaa436a105714c6ba99e0b3", "number": "6179246971", "date": "2021-01-22 13:40:00", "subject": "0", "recorded-or-robo": "Y", "city": "Randolph", "state": "MA", "area-code": "781"}, {"id": "03e293b3df9e35eadf15c561192ff387", "number": "6179246971", "date": "2021-01-22 13:40:00", "subject": "0", "recorded-or-robo": "Y", "city": "Randolph", "state": "MA", "area-code": "781"}, {"id": "3decc6bfadaa436a105714c6ba99d671", "number": "6603296674", "date": "2021-01-24 12:00:00", "subject": "2", "recorded-or-robo": "Y", "city": "Carrollton", "state": "MO", "area-code": "660"}, {"id": "03e293b3df9e35eadf15c561192fecb0", "number": "6603296674", "date": "2021-01-24 12:00:00", "subject": "2", "recorded-or-robo": "Y", "city": "Carrollton", "state": "MO", "area-code": "660"}, {"id": "3decc6bfadaa436a105714c6ba99cb8e", "number": "8556783430", "date": "2021-01-24 06:30:00", "subject": "11", "recorded-or-robo": "Y", "city": "YAKIMA", "state": "WA", "area-code": "509"}, {"id": "03e293b3df9e35eadf15c561192fe88a", "number": "8556783430", "date": "2021-01-24 06:30:00", "subject": "11", "recorded-or-robo": "Y", "city": "YAKIMA", "state": "WA", "area-code": "509"}, {"id": "3decc6bfadaa436a105714c6ba99bd92", "number": "6892021526", "date": "2021-01-24 09:48:00", "subject": "2", "recorded-or-robo": "Y", "city": "", "state": "FL", "area-code": "407"}, {"id": "03e293b3df9e35eadf15c561192fe883", "number": "6892021526", "date": "2021-01-24 09:48:00", "subject": "2", "recorded-or-robo": "Y", "city": "", "state": "FL", "area-code": "407"}, {"id": "3decc6bfadaa436a105714c6ba99aed0", "number": "8762211356", "date": "2021-01-23 11:18:00", "subject": "2", "recorded-or-robo": "N", "city": "", "state": "MN", "area-code": "507"}, {"id": "03e293b3df9e35eadf15c561192fe6af", "number": "8762211356", "date": "2021-01-23 11:18:00", "subject": "2", "recorded-or-robo": "N", "city": "", "state": "MN", "area-code": "507"}, {"id": "3decc6bfadaa436a105714c6ba99a5c1", "number": "3152328257", "date": "2021-01-24 10:57:00", "subject": "11", "recorded-or-robo": "Y", "city": "New Carlisle", "state": "IN", "area-code": "855"}, {"id": "03e293b3df9e35eadf15c561192fe135", "number": "3152328257", "date": "2021-01-24 10:57:00", "subject": "11", "recorded-or-robo": "Y", "city": "New Carlisle", "state": "IN", "area-code": "855"}, {"id": "3decc6bfadaa436a105714c6ba99a279", "number": "8103571601", "date": "2021-01-22 16:53:00", "subject": "0", "recorded-or-robo": "Y", "city": "Fort Gratiot", "state": "MI", "area-code": "269"}, {"id": "03e293b3df9e35eadf15c561192fd604", "number": "8103571601", "date": "2021-01-22 16:53:00", "subject": "0", "recorded-or-robo": "Y", "city": "Fort Gratiot", "state": "MI", "area-code": "269"}]}