{"data": [{"id": "3decc6bfadaa436a105714c6bab88a29", "number": "3152328257", "date": "2021-01-23 17:00:00", "subject": "2", "recorded-or-robo": "Y", "city": "Richland", "state": "WA", "area-code": "509"}, {"id": "03e293b3df9e35eadf15c561194f2b56", "number": "3152328257", "date": "2021-01-23 17:00:00", "subject": "2", "recorded-or-robo": "Y", "city": "Richland", "state": "WA", "area-code": "509"}, {"id": "3decc6bfadaa436a105714c6bab87aa3", "number": "4252438617", "date": "2021-01-20 14:04:00", "subject": "1", "recorded-or-robo": "Y", "city": "Saint Louis", "state": "MO", "area-code": "314"}, {"id": "03e293b3df9e35eadf15c561194f29da", "number": "4252438617", "date": "2021-01-20 14:04:00", "subject": "1", "recorded-or-robo": "Y", "city": "Saint Louis", "state": "MO", "area-code": "314"}, {"id": "3decc6bfadaa436a105714c6bab87239", "number": "9294291115", "date": "2021-01-24 10:33:00", "subject": "2", "recorded-or-robo": "Y", "city": "Bristol", "state": "RI", "area-code": "401"}, {"id": "03e293b3df9e35eadf15c561194f1ff7", "number": "9294291115", "date": "2021-01-24 10:33:00", "subject": "2", "recorded-or-robo": "Y", "city": "Bristol", "state": "RI", "area-code": "401"}, {"id": "3decc6bfadaa436a105714c6bab8655d", "number": "9737899237", "date": "2021-01-22 00:00:00", "subject": "1", "recorded-or-robo": "Y", "city": "Wharton", "state": "NJ", "area-code": "973"}, {"id": "03e293b3df9e35eadf15c561194f1a60", "number": "9737899237", "date": "2021-01-22 00:00:00", "subject": "1", "recorded-or-robo": "Y", "city": "Wharton", "state": "NJ", "area-code": "973"}, {"id": "3decc6bfadaa436a105714c6bab8646a", "number": "2169066575", "date": "2021-01-24 14:49:00", "subject": "0", "recorded-or-robo": "Y", "city": "Ohio", "state": "OH", "area-code": "216"}, {"id": "03e293b3df9e35eadf15c561194f15c5", "number": "2169066575", "date": "2021-01-24 14:49:00", "subject": "0", "recorded-or-robo": "Y", "city": "Ohio", "state": "OH", "area-code": "216"}, {"id": "3decc6bfadaa436a105714c6bab85a62", "number": "3149733358", "date": "2021-01-24 13:00:00", "subject": "2", "recorded-or-robo": "Y", "city": "hillsboro", "state": "MO", "area-code": "314"}, {"id": "03e293b3df9e35eadf15c561194f128e", "number": "3149733358", "date": "2021-01-24 13:00:00", "subject": "2", "recorded-or-robo": "Y", "city": "hillsboro", "state": "MO", "area-code": "314"}, {"id": "3decc6bfadaa436a105714c6bab856d4", "number": "3126472819", "date": "2021-01-21 17:36:00", "subject": "0", "recorded-or-robo": "Y", "city": "", "state": "IL", "area-code": "630"}, {"id": "03e293b3df9e35eadf15c561194f10de", "number": "3126472819", "date": "2021-01-21 17:36:00", "subject": "0", "recorded-or-robo": "Y", "city": "", "state": "IL", "area-code": "630"}, {"id": "3decc6bfadaa436a105714c6bab84ab8", "number": "3152328257", "date": "2021-01-24 10:10:00", "subject": "2", "recorded-or-robo": "Y", "city": "CHAMPAIGN", "state": "IL", "area-code": "217"}, {"id": "03e293b3df9e35eadf15c561194f0bf8", "number": "3152328257", "date": "2021-01-24 10:10:00", "subject": "2", "recorded-or-robo": "Y", "city": "CHAMPAIGN", "state": "IL", "area-code": "217"}, {"id": "3decc6bfadaa436a105714c6bab848ce", "number": "8009332566", "date": "2021-01-24 16:22:00", "subject": "0", "recorded-or-robo": "Y", "city": "Wharton", "state": "NJ", "area-code": "973"}, {"id": "03e293b3df9e35eadf15c561194f0921", "number": "8009332566", "date": "2021-01-24 16:22:00", "subject": "0", "recorded-or-robo": "Y", "city": "Wharton", "state": "NJ", "area-code": "973"}, {"id": "3decc6bfadaa436a105714c6bab842ee", "number": "8006935433", "date": "2020-08-10 12:00:00", "subject": "2", "recorded-or-robo": "N", "city": "Madera", "state": "CA", "area-code": "800"}, {"id": "03e293b3df9e35eadf15c561194efe76", "number": "8006935433", "date": "2020-08-10 12:00:00", "subject": "2", "recorded-or-robo": "N", "city": "Madera", "state": "CA", "area-code": "800"}, {"id": "3decc6bfadaa436a105714c6bab83518", "number": "3153091928", "date": "2021-01-23 13:52:00", "subject": "3", "recorded-or-robo": "N", "city": "", "state": "WI", "area-code": "414"}, {"id": "03e293b3df9e35eadf15c561194ef9d2", "number": "3153091928", "date": "2021-01-23 13:52:00", "subject": "3", "recorded-or-robo": "N", "city": "", "state": "WI", "area-code": "414"}, {"id": "3decc6bfadaa436a105714c6bab831db", "number": "6305758554", "date": "2021-01-22 18:10:00", "subject": "2", "recorded-or-robo": "Y", "city": "Worcester", "state": "MA", "area-code": "312"}, {"id": "03e293b3df9e35eadf15c561194ef6a5", "number": "6305758554", "date": "2021-01-22 18:10:00", "subject": "2", "recorded-or-robo": "Y", "city": "Worcester", "state": "MA", "area-code": "312"}, {"id": "3decc6bfadaa436a105714c6bab829da", "number": "3149411192", "date": "2021-01-24 15:20:00", "subject": "2", "recorded-or-robo": "Y", "city": "", "state": "MO", "area-code": "314"}, {"id": "03e293b3df9e35eadf15c561194ef219", "number": "3149411192", "date": "2021-01-24 15:20:00", "subject": "2", "recorded-or-robo": "Y", "city": "", "state": "MO", "area-code": "314"}, {"id": "3decc6bfadaa436a105714c6bab822a1", "number": "6096075180", "date": "2021-01-22 14:03:00", "subject": "2", "recorded-or-robo": "N", "city": "Keyport", "state": "NJ", "area-code": "908"}, {"id": "03e293b3df9e35eadf15c561194ee316", "number": "6096075180", "date": "2021-01-22 14:03:00", "subject": "2", "recorded-or-robo": "N", "city": "Keyport", "state": "NJ", "area-code": "908"}, {"id": "3decc6bfadaa436a105714c6bab82249", "number": "3148788192", "date": "2021-01-24 15:18:00", "subject": "11", "recorded-or-robo": "Y", "city": "St Louis", "state": "MO", "area-code": "314"}, {"id": "03e293b3df9e35eadf15c561194ed844", "number": "3148788192", "date": "2021-01-24 15:18:00", "subject": "11", "recorded-or-robo": "Y", "city": "St Louis", "state": "MO", "area-code": "314"}, {"id": "3decc6bfadaa436a105714c6bab80600", "number": "4148522792", "date": "2021-01-24 14:19:00", "subject": "3", "recorded-or-robo": "N", "city": "", "state": "WI", "area-code": "414"}, {"id": "03e293b3df9e35eadf15c561194ec553", "number": "4148522792", "date": "2021-01-24 14:19:00", "subject": "3", "recorded-or-robo": "N", "city": "", "state": "WI", "area-code": "414"}, {"id": "3decc6bfadaa436a105714c6bab813ad", "number": "9294291115", "date": "2021-01-24 16:06:00", "subject": "2", "recorded-or-robo": "Y", "city": "Bristol", "state": "RI", "area-code": "401"}, {"id": "03e293b3df9e35eadf15c561194ece28", "number": "9294291115", "date": "2021-01-24 16:06:00", "subject": "2", "recorded-or-robo": "Y", "city": "Bristol", "state": "RI", "area-code": "401"}, {"id": "3decc6bfadaa436a105714c6bab80240", "number": "", "date": "2021-01-24 12:39:00", "subject": "2", "recorded-or-robo": "Y", "city": "Ohio", "state": "OH", "area-code": "216"}, {"id": "03e293b3df9e35eadf15c561194eb6de", "number": "", "date": "2021-01-24 12:39:00", "subject": "2", "recorded-or-robo": "Y", "city": "Ohio", "state": "OH", "area-code": "216"}, {"id": "3decc6bfadaa436a105714c6bab7fd2d", "number": "5414264865", "date": "2021-01-21 05:11:00", "subject": "9", "recorded-or-robo": "Y", "city": "Salem", "state": "OR", "area-code": "503"}, {"id": "03e293b3df9e35eadf15c561194eab53", "number": "5414264865", "date": "2021-01-21 05:11:00", "subject": "9", "recorded-or-robo": "Y", "city": "Salem", "state": "OR", "area-code": "503"}, {"id": "3decc6bfadaa436a105714c6bab7f5f5", "number": "5623713491", "date": "2021-01-06 09:12:00", "subject": "0", "recorded-or-robo": "", "city": "Buffalo", "state": "NY", "area-code": "716"}, {"id": "03e293b3df9e35eadf15c561194ea6b2", "number": "5623713491", "date": "2021-01-06 09:12:00", "subject": "0", "recorded-or-robo": "", "city": "Buffalo", "state": "NY", "area-code": "716"}, {"id": "3decc6bfadaa436a105714c6bab7ef8e", "number": "254713296935", "date": "2021-01-24 00:00:00", "subject": "3", "recorded-or-robo": "", "city": "", "state": "MO", "area-code": "816"}, {"id": "03e293b3df9e35eadf15c561194e9e1d", "number": "254713296935", "date": "2021-01-24 00:00:00", "subject": "3", "recorded-or-robo": "", "city": "", "state": "MO", "area-code": "816"}, {"id": "3decc6bfadaa436a105714c6bab7e643", "number": "7163251301", "date": "2021-01-19 13:48:00", "subject": "0", "recorded-or-robo": "", "city": "Buffalo", "state": "NY", "area-code": "716"}, {"id": "03e293b3df9e35eadf15c561194e9d60", "number": "7163251301", "date": "2021-01-19 13:48:00", "subject": "0", "recorded-or-robo": "", "city": "Buffalo", "state": "NY", "area-code": "716"}, {"id": "3decc6bfadaa436a105714c6bab7de91", "number": "4693691491", "date": "2021-01-24 15:17:00", "subject": "12", "recorded-or-robo": "Y", "city": "Plano", "state": "TX", "area-code": "972"}, {"id": "03e293b3df9e35eadf15c561194e9966", "number": "4693691491", "date": "2021-01-24 15:17:00", "subject": "12", "recorded-or-robo": "Y", "city": "Plano", "state": "TX", "area-code": "972"}, {"id": "3decc6bfadaa436a105714c6bab7d038", "number": "8174974315", "date": "2021-01-23 09:58:00", "subject": "2", "recorded-or-robo": "N", "city": "Dallas", "state": "TX", "area-code": "817"}, {"id": "03e293b3df9e35eadf15c561194e8f14", "number": "8174974315", "date": "2021-01-23 09:58:00", "subject": "2", "recorded-or-robo": "N", "city": "Dallas", "state": "TX", "area-code": "817"}, {"id": "3decc6bfadaa436a105714c6bab7ccd4", "number": "2169069033", "date": "2021-01-24 11:55:00", "subject": "2", "recorded-or-robo": "Y", "city": "Ohio", "state": "OH", "area-code": "216"}, {"id": "03e293b3df9e35eadf15c561194e8e74", "number": "2169069033", "date": "2021-01-24 11:55:00", "subject": "2", "recorded-or-robo": "Y", "city": "Ohio", "state": "OH", "area-code": "216"}]}