{"data": [{"id": "3decc6bfadaa436a105714c6bab41283", "number": "", "date": "2021-01-24 14:59:00", "subject": "2", "recorded-or-robo": "N", "city": "Coral Springs", "state": "FL", "area-code": "954"}, {"id": "03e293b3df9e35eadf15c561194a7dc3", "number": "", "date": "2021-01-24 14:59:00", "subject": "2", "recorded-or-robo": "N", "city": "Coral Springs", "state": "FL", "area-code": "954"}, {"id": "3decc6bfadaa436a105714c6bab40dd9", "number": "5052057558", "date": "2021-01-24 13:20:00", "subject": "11", "recorded-or-robo": "Y", "city": "Albuquerque", "state": "NM", "area-code": "505"}, {"id": "03e293b3df9e35eadf15c561194a7143", "number": "5052057558", "date": "2021-01-24 13:20:00", "subject": "11", "recorded-or-robo": "Y", "city": "Albuquerque", "state": "NM", "area-code": "505"}, {"id": "3decc6bfadaa436a105714c6bab3fecb", "number": "3145705311", "date": "2021-01-23 12:00:00", "subject": "2", "recorded-or-robo": "Y", "city": "Grover", "state": "MO", "area-code": "314"}, {"id": "03e293b3df9e35eadf15c561194a676f", "number": "3145705311", "date": "2021-01-23 12:00:00", "subject": "2", "recorded-or-robo": "Y", "city": "Grover", "state": "MO", "area-code": "314"}, {"id": "3decc6bfadaa436a105714c6bab3f32f", "number": "2724228009", "date": "2021-01-24 15:20:00", "subject": "2", "recorded-or-robo": "Y", "city": "hillsborough", "state": "NJ", "area-code": "908"}, {"id": "03e293b3df9e35eadf15c561194a6482", "number": "2724228009", "date": "2021-01-24 15:20:00", "subject": "2", "recorded-or-robo": "Y", "city": "hillsborough", "state": "NJ", "area-code": "908"}, {"id": "3decc6bfadaa436a105714c6bab3ee0c", "number": "8587351477", "date": "2021-01-24 12:00:00", "subject": "2", "recorded-or-robo": "Y", "city": "C", "state": "CA", "area-code": "858"}, {"id": "03e293b3df9e35eadf15c561194a5828", "number": "8587351477", "date": "2021-01-24 12:00:00", "subject": "2", "recorded-or-robo": "Y", "city": "C", "state": "CA", "area-code": "858"}, {"id": "3decc6bfadaa436a105714c6bab3ea20", "number": "6154062094", "date": "2021-01-24 14:40:00", "subject": "11", "recorded-or-robo": "Y", "city": "New Port Richey", "state": "FL", "area-code": "727"}, {"id": "03e293b3df9e35eadf15c561194a4c61", "number": "6154062094", "date": "2021-01-24 14:40:00", "subject": "11", "recorded-or-robo": "Y", "city": "New Port Richey", "state": "FL", "area-code": "727"}, {"id": "3decc6bfadaa436a105714c6bab3dde1", "number": "9515319257", "date": "2020-12-14 12:00:00", "subject": "2", "recorded-or-robo": "N", "city": "Fresno", "state": "CA", "area-code": "831"}, {"id": "03e293b3df9e35eadf15c561194a45dc", "number": "9515319257", "date": "2020-12-14 12:00:00", "subject": "2", "recorded-or-robo": "N", "city": "Fresno", "state": "CA", "area-code": "831"}, {"id": "3decc6bfadaa436a105714c6bab3d126", "number": "6154066228", "date": "2021-01-24 14:47:00", "subject": "11", "recorded-or-robo": "Y", "city": "New Port Richey", "state": "FL", "area-code": "727"}, {"id": "03e293b3df9e35eadf15c561194a43d9", "number": "6154066228", "date": "2021-01-24 14:47:00", "subject": "11", "recorded-or-robo": "Y", "city": "New Port Richey", "state": "FL", "area-code": "727"}, {"id": "3decc6bfadaa436a105714c6bab3cca6", "number": "7242537973", "date": "2021-01-24 15:27:00", "subject": "1", "recorded-or-robo": "Y", "city": "", "state": "PA", "area-code": "724"}, {"id": "03e293b3df9e35eadf15c561194a3708", "number": "7242537973", "date": "2021-01-24 15:27:00", "subject": "1", "recorded-or-robo": "Y", "city": "", "state": "PA", "area-code": "724"}, {"id": "3decc6bfadaa436a105714c6bab3c4ab", "number": "5172088057", "date": "2021-01-18 11:34:00", "subject": "0", "recorded-or-robo": "Y", "city": "Leslie", "state": "MI", "area-code": "517"}, {"id": "03e293b3df9e35eadf15c561194a2942", "number": "5172088057", "date": "2021-01-18 11:34:00", "subject": "0", "recorded-or-robo": "Y", "city": "Leslie", "state": "MI", "area-code": "517"}, {"id": "3decc6bfadaa436a105714c6bab3bfdc", "number": "", "date": "2021-01-23 12:00:00", "subject": "2", "recorded-or-robo": "N", "city": "Crown Point", "state": "IN", "area-code": "219"}, {"id": "03e293b3df9e35eadf15c561194a1ffc", "number": "", "date": "2021-01-23 12:00:00", "subject": "2", "recorded-or-robo": "N", "city": "Crown Point", "state": "IN", "area-code": "219"}, {"id": "3decc6bfadaa436a105714c6bab3b8c1", "number": "6154069742", "date": "2021-01-24 14:54:00", "subject": "11", "recorded-or-robo": "Y", "city": "New Port Richey", "state": "FL", "area-code": "727"}, {"id": "03e293b3df9e35eadf15c561194a10cf", "number": "6154069742", "date": "2021-01-24 14:54:00", "subject": "11", "recorded-or-robo": "Y", "city": "New Port Richey", "state": "FL", "area-code": "727"}, {"id": "3decc6bfadaa436a105714c6bab3ada6", "number": "4842790237", "date": "2021-01-18 15:07:00", "subject": "0", "recorded-or-robo": "Y", "city": "Leslie", "state": "MI", "area-code": "517"}, {"id": "03e293b3df9e35eadf15c561194a06c7", "number": "4842790237", "date": "2021-01-18 15:07:00", "subject": "0", "recorded-or-robo": "Y", "city": "Leslie", "state": "MI", "area-code": "517"}, {"id": "3decc6bfadaa436a105714c6bab3aaf0", "number": "", "date": "2021-01-22 18:01:00", "subject": "4", "recorded-or-robo": "Y", "city": "Ballwin", "state": "MO", "area-code": "314"}, {"id": "03e293b3df9e35eadf15c5611949fcb5", "number": "", "date": "2021-01-22 18:01:00", "subject": "4", "recorded-or-robo": "Y", "city": "Ballwin", "state": "MO", "area-code": "314"}, {"id": "3decc6bfadaa436a105714c6bab39fe4", "number": "5178513547", "date": "2021-01-19 17:55:00", "subject": "4", "recorded-or-robo": "Y", "city": "Leslie", "state": "MI", "area-code": "517"}, {"id": "03e293b3df9e35eadf15c5611949eea1", "number": "5178513547", "date": "2021-01-19 17:55:00", "subject": "4", "recorded-or-robo": "Y", "city": "Leslie", "state": "MI", "area-code": "517"}, {"id": "3decc6bfadaa436a105714c6bab392d0", "number": "6154062557", "date": "2021-01-24 15:06:00", "subject": "11", "recorded-or-robo": "Y", "city": "New Port Richey", "state": "FL", "area-code": "727"}, {"id": "03e293b3df9e35eadf15c5611949eab1", "number": "6154062557", "date": "2021-01-24 15:06:00", "subject": "11", "recorded-or-robo": "Y", "city": "New Port Richey", "state": "FL", "area-code": "727"}, {"id": "3decc6bfadaa436a105714c6bab383d9", "number": "", "date": "2021-01-24 15:12:00", "subject": "2", "recorded-or-robo": "Y", "city": "New Port Richey", "state": "FL", "area-code": "727"}, {"id": "03e293b3df9e35eadf15c5611949dacd", "number": "", "date": "2021-01-24 15:12:00", "subject": "2", "recorded-or-robo": "Y", "city": "New Port Richey", "state": "FL", "area-code": "727"}, {"id": "3decc6bfadaa436a105714c6bab38248", "number": "3046848916", "date": "2021-01-20 12:20:00", "subject": "0", "recorded-or-robo": "Y", "city": "Leslie", "state": "MI", "area-code": "517"}, {"id": "03e293b3df9e35eadf15c5611949d402", "number": "3046848916", "date": "2021-01-20 12:20:00", "subject": "0", "recorded-or-robo": "Y", "city": "Leslie", "state": "MI", "area-code": "517"}, {"id": "3decc6bfadaa436a105714c6bab375fd", "number": "9404545067", "date": "2021-01-14 17:07:00", "subject": "4", "recorded-or-robo": "Y", "city": "Cedar Park", "state": "TX", "area-code": "512"}, {"id": "03e293b3df9e35eadf15c5611949c958", "number": "9404545067", "date": "2021-01-14 17:07:00", "subject": "4", "recorded-or-robo": "Y", "city": "Cedar Park", "state": "TX", "area-code": "512"}, {"id": "3decc6bfadaa436a105714c6bab369c4", "number": "8772270844", "date": "2021-01-21 20:44:00", "subject": "2", "recorded-or-robo": "N", "city": "Miami", "state": "FL", "area-code": "305"}, {"id": "03e293b3df9e35eadf15c5611949c62d", "number": "8772270844", "date": "2021-01-21 20:44:00", "subject": "2", "recorded-or-robo": "N", "city": "Miami", "state": "FL", "area-code": "305"}, {"id": "3decc6bfadaa436a105714c6bab361d7", "number": "", "date": "2021-01-23 12:00:00", "subject": "2", "recorded-or-robo": "Y", "city": "Woodbury", "state": "MN", "area-code": "651"}, {"id": "03e293b3df9e35eadf15c5611949b6d0", "number": "", "date": "2021-01-23 12:00:00", "subject": "2", "recorded-or-robo": "Y", "city": "Woodbury", "state": "MN", "area-code": "651"}, {"id": "3decc6bfadaa436a105714c6bab354e4", "number": "5178580411", "date": "2021-01-20 12:40:00", "subject": "0", "recorded-or-robo": "Y", "city": "Leslie", "state": "MI", "area-code": "517"}, {"id": "03e293b3df9e35eadf15c5611949aa9e", "number": "5178580411", "date": "2021-01-20 12:40:00", "subject": "0", "recorded-or-robo": "Y", "city": "Leslie", "state": "MI", "area-code": "517"}, {"id": "3decc6bfadaa436a105714c6bab349fb", "number": "3144351621", "date": "2021-01-24 12:14:00", "subject": "2", "recorded-or-robo": "Y", "city": "Saint clair", "state": "MO", "area-code": "314"}, {"id": "03e293b3df9e35eadf15c5611949a0f5", "number": "3144351621", "date": "2021-01-24 12:14:00", "subject": "2", "recorded-or-robo": "Y", "city": "Saint clair", "state": "MO", "area-code": "314"}, {"id": "3decc6bfadaa436a105714c6bab33ff2", "number": "7275223927", "date": "2021-01-24 12:00:00", "subject": "1", "recorded-or-robo": "N", "city": "St Petersburg", "state": "FL", "area-code": "727"}, {"id": "03e293b3df9e35eadf15c561194996f9", "number": "7275223927", "date": "2021-01-24 12:00:00", "subject": "1", "recorded-or-robo": "N", "city": "St Petersburg", "state": "FL", "area-code": "727"}, {"id": "3decc6bfadaa436a105714c6bab33c32", "number": "7274328922", "date": "2021-01-24 15:20:00", "subject": "1", "recorded-or-robo": "Y", "city": "St. Petersburg", "state": "FL", "area-code": "727"}, {"id": "3decc6bfadaa436a105714c6bab3343b", "number": "5173065351", "date": "2021-01-20 13:59:00", "subject": "4", "recorded-or-robo": "Y", "city": "Leslie", "state": "MI", "area-code": "517"}]}