{"data": [{"id": "3decc6bfadaa436a105714c6ba7467d3", "number": "3038951875", "date": "2021-01-19 10:11:00", "subject": "0", "recorded-or-robo": "Y", "city": "", "state": "CO", "area-code": "303"}, {"id": "03e293b3df9e35eadf15c561190a7afd", "number": "3038951875", "date": "2021-01-19 10:11:00", "subject": "0", "recorded-or-robo": "Y", "city": "", "state": "CO", "area-code": "303"}, {"id": "3decc6bfadaa436a105714c6ba745fc3", "number": "7734654247", "date": "2021-01-23 23:28:00", "subject": "2", "recorded-or-robo": "N", "city": "Mustang", "state": "OK", "area-code": "773"}, {"id": "03e293b3df9e35eadf15c561190a70b7", "number": "7734654247", "date": "2021-01-23 23:28:00", "subject": "2", "recorded-or-robo": "N", "city": "Mustang", "state": "OK", "area-code": "773"}, {"id": "3decc6bfadaa436a105714c6ba745a46", "number": "9704231395", "date": "2021-01-20 10:19:00", "subject": "0", "recorded-or-robo": "Y", "city": "", "state": "CO", "area-code": "303"}, {"id": "03e293b3df9e35eadf15c561190a6e7c", "number": "9704231395", "date": "2021-01-20 10:19:00", "subject": "0", "recorded-or-robo": "Y", "city": "", "state": "CO", "area-code": "303"}, {"id": "3decc6bfadaa436a105714c6ba745583", "number": "4063121017", "date": "2021-01-23 15:49:00", "subject": "2", "recorded-or-robo": "Y", "city": "PORT JEFFERSON STATION", "state": "NY", "area-code": "631"}, {"id": "03e293b3df9e35eadf15c561190a5f3d", "number": "4063121017", "date": "2021-01-23 15:49:00", "subject": "2", "recorded-or-robo": "Y", "city": "PORT JEFFERSON STATION", "state": "NY", "area-code": "631"}, {"id": "3decc6bfadaa436a105714c6ba744771", "number": "4343278177", "date": "2021-01-24 00:13:00", "subject": "1", "recorded-or-robo": "N", "city": "Charlottesville", "state": "VA", "area-code": "434"}, {"id": "03e293b3df9e35eadf15c561190a5500", "number": "4343278177", "date": "2021-01-24 00:13:00", "subject": "1", "recorded-or-robo": "N", "city": "Charlottesville", "state": "VA", "area-code": "434"}, {"id": "3decc6bfadaa436a105714c6ba7446d0", "number": "8595777372", "date": "2020-01-02 00:00:00", "subject": "3", "recorded-or-robo": "Y", "city": "", "state": "KY", "area-code": "859"}, {"id": "03e293b3df9e35eadf15c561190a5144", "number": "8595777372", "date": "2020-01-02 00:00:00", "subject": "3", "recorded-or-robo": "Y", "city": "", "state": "KY", "area-code": "859"}, {"id": "3decc6bfadaa436a105714c6ba7446b8", "number": "8596361391", "date": "2020-01-01 00:00:00", "subject": "3", "recorded-or-robo": "N", "city": "", "state": "KY", "area-code": "859"}, {"id": "03e293b3df9e35eadf15c561190a4ccf", "number": "8596361391", "date": "2020-01-01 00:00:00", "subject": "3", "recorded-or-robo": "N", "city": "", "state": "KY", "area-code": "859"}, {"id": "3decc6bfadaa436a105714c6ba743f42", "number": "6532185", "date": "2021-01-23 15:21:00", "subject": "0", "recorded-or-robo": "Y", "city": "Chocowinity", "state": "NC", "area-code": "252"}, {"id": "03e293b3df9e35eadf15c561190a4806", "number": "6532185", "date": "2021-01-23 15:21:00", "subject": "0", "recorded-or-robo": "Y", "city": "Chocowinity", "state": "NC", "area-code": "252"}, {"id": "3decc6bfadaa436a105714c6ba743cf1", "number": "7207801849", "date": "2021-01-20 13:48:00", "subject": "0", "recorded-or-robo": "Y", "city": "", "state": "CO", "area-code": "303"}, {"id": "03e293b3df9e35eadf15c561190a3929", "number": "7207801849", "date": "2021-01-20 13:48:00", "subject": "0", "recorded-or-robo": "Y", "city": "", "state": "CO", "area-code": "303"}, {"id": "3decc6bfadaa436a105714c6ba743131", "number": "8507171948", "date": "2021-01-21 12:10:00", "subject": "1", "recorded-or-robo": "Y", "city": "", "state": "CO", "area-code": "303"}, {"id": "03e293b3df9e35eadf15c561190a2bf2", "number": "8507171948", "date": "2021-01-21 12:10:00", "subject": "1", "recorded-or-robo": "Y", "city": "", "state": "CO", "area-code": "303"}, {"id": "3decc6bfadaa436a105714c6ba742559", "number": "7207705019", "date": "2021-01-21 13:51:00", "subject": "1", "recorded-or-robo": "Y", "city": "", "state": "CO", "area-code": "303"}, {"id": "03e293b3df9e35eadf15c561190a255d", "number": "7207705019", "date": "2021-01-21 13:51:00", "subject": "1", "recorded-or-robo": "Y", "city": "", "state": "CO", "area-code": "303"}, {"id": "3decc6bfadaa436a105714c6ba741e60", "number": "7402048098", "date": "2021-01-22 18:18:00", "subject": "2", "recorded-or-robo": "", "city": "", "state": "NY", "area-code": "607"}, {"id": "03e293b3df9e35eadf15c561190a236e", "number": "7402048098", "date": "2021-01-22 18:18:00", "subject": "2", "recorded-or-robo": "", "city": "", "state": "NY", "area-code": "607"}, {"id": "3decc6bfadaa436a105714c6ba74196c", "number": "5046187300", "date": "2021-01-22 15:44:00", "subject": "2", "recorded-or-robo": "Y", "city": "", "state": "CA", "area-code": "714"}, {"id": "03e293b3df9e35eadf15c561190a1e93", "number": "5046187300", "date": "2021-01-22 15:44:00", "subject": "2", "recorded-or-robo": "Y", "city": "", "state": "CA", "area-code": "714"}, {"id": "3decc6bfadaa436a105714c6ba741596", "number": "8103661006", "date": "2021-01-22 15:15:00", "subject": "6", "recorded-or-robo": "N", "city": "Gary", "state": "IN", "area-code": "219"}, {"id": "03e293b3df9e35eadf15c561190a1be9", "number": "8103661006", "date": "2021-01-22 15:15:00", "subject": "6", "recorded-or-robo": "N", "city": "Gary", "state": "IN", "area-code": "219"}, {"id": "3decc6bfadaa436a105714c6ba74078b", "number": "8289008010", "date": "2021-01-22 08:48:00", "subject": "4", "recorded-or-robo": "Y", "city": "", "state": "CO", "area-code": "303"}, {"id": "03e293b3df9e35eadf15c561190a1a39", "number": "8289008010", "date": "2021-01-22 08:48:00", "subject": "4", "recorded-or-robo": "Y", "city": "", "state": "CO", "area-code": "303"}, {"id": "3decc6bfadaa436a105714c6ba73f872", "number": "9707183809", "date": "2021-01-22 09:08:00", "subject": "6", "recorded-or-robo": "Y", "city": "", "state": "CO", "area-code": "303"}, {"id": "03e293b3df9e35eadf15c561190a1499", "number": "9707183809", "date": "2021-01-22 09:08:00", "subject": "6", "recorded-or-robo": "Y", "city": "", "state": "CO", "area-code": "303"}, {"id": "3decc6bfadaa436a105714c6ba73ea91", "number": "7193700496", "date": "2021-01-22 14:48:00", "subject": "1", "recorded-or-robo": "Y", "city": "", "state": "CO", "area-code": "303"}, {"id": "03e293b3df9e35eadf15c561190a11d5", "number": "7193700496", "date": "2021-01-22 14:48:00", "subject": "1", "recorded-or-robo": "Y", "city": "", "state": "CO", "area-code": "303"}, {"id": "3decc6bfadaa436a105714c6ba73d0ca", "number": "8772524334", "date": "2021-01-21 10:48:00", "subject": "3", "recorded-or-robo": "", "city": "", "state": "TX", "area-code": "281"}, {"id": "03e293b3df9e35eadf15c5611909f8d2", "number": "8772524334", "date": "2021-01-21 10:48:00", "subject": "3", "recorded-or-robo": "", "city": "", "state": "TX", "area-code": "281"}, {"id": "3decc6bfadaa436a105714c6ba73ddf7", "number": "5416231799", "date": "2021-01-23 09:52:00", "subject": "0", "recorded-or-robo": "Y", "city": "", "state": "CO", "area-code": "303"}, {"id": "03e293b3df9e35eadf15c561190a0517", "number": "5416231799", "date": "2021-01-23 09:52:00", "subject": "0", "recorded-or-robo": "Y", "city": "", "state": "CO", "area-code": "303"}, {"id": "3decc6bfadaa436a105714c6ba73ced4", "number": "9153160865", "date": "2021-01-23 00:43:00", "subject": "2", "recorded-or-robo": "Y", "city": "", "state": "TX", "area-code": "915"}, {"id": "03e293b3df9e35eadf15c5611909ed69", "number": "9153160865", "date": "2021-01-23 00:43:00", "subject": "2", "recorded-or-robo": "Y", "city": "", "state": "TX", "area-code": "915"}, {"id": "3decc6bfadaa436a105714c6ba73cc07", "number": "7522192025", "date": "2021-01-21 15:13:00", "subject": "3", "recorded-or-robo": "", "city": "", "state": "TX", "area-code": "281"}, {"id": "03e293b3df9e35eadf15c5611909e955", "number": "7522192025", "date": "2021-01-21 15:13:00", "subject": "3", "recorded-or-robo": "", "city": "", "state": "TX", "area-code": "281"}, {"id": "3decc6bfadaa436a105714c6ba73c85d", "number": "2819511463", "date": "2021-01-21 15:19:00", "subject": "3", "recorded-or-robo": "", "city": "", "state": "TX", "area-code": "281"}, {"id": "03e293b3df9e35eadf15c5611909e2a9", "number": "2819511463", "date": "2021-01-21 15:19:00", "subject": "3", "recorded-or-robo": "", "city": "", "state": "TX", "area-code": "281"}, {"id": "3decc6bfadaa436a105714c6ba73b91d", "number": "8557876725", "date": "2021-01-23 11:40:00", "subject": "2", "recorded-or-robo": "Y", "city": "Glendale", "state": "AZ", "area-code": "602"}, {"id": "03e293b3df9e35eadf15c5611909dbfa", "number": "8557876725", "date": "2021-01-23 11:40:00", "subject": "2", "recorded-or-robo": "Y", "city": "Glendale", "state": "AZ", "area-code": "602"}, {"id": "3decc6bfadaa436a105714c6ba73b1b1", "number": "2819756297", "date": "2021-01-22 14:55:00", "subject": "3", "recorded-or-robo": "", "city": "", "state": "TX", "area-code": "281"}, {"id": "03e293b3df9e35eadf15c5611909d0d6", "number": "2819756297", "date": "2021-01-22 14:55:00", "subject": "3", "recorded-or-robo": "", "city": "", "state": "TX", "area-code": "281"}, {"id": "3decc6bfadaa436a105714c6ba85820d", "number": "2568492031", "date": "2021-01-23 23:59:31", "subject": "3", "recorded-or-robo": "N", "city": "", "state": "AL", "area-code": "256"}, {"id": "03e293b3df9e35eadf15c561191c116d", "number": "2568492031", "date": "2021-01-23 23:59:31", "subject": "3", "recorded-or-robo": "N", "city": "", "state": "AL", "area-code": "256"}]}