{"data": [{"id": "3decc6bfadaa436a105714c6bab7c9b4", "number": "7163251301", "date": "2021-01-19 16:13:00", "subject": "0", "recorded-or-robo": "", "city": "Buffalo", "state": "NY", "area-code": "716"}, {"id": "03e293b3df9e35eadf15c561194e812b", "number": "7163251301", "date": "2021-01-19 16:13:00", "subject": "0", "recorded-or-robo": "", "city": "Buffalo", "state": "NY", "area-code": "716"}, {"id": "3decc6bfadaa436a105714c6bab7c91b", "number": "4696527721", "date": "2021-01-19 00:00:00", "subject": "2", "recorded-or-robo": "Y", "city": "Athens", "state": "AL", "area-code": "817"}, {"id": "03e293b3df9e35eadf15c561194e781c", "number": "4696527721", "date": "2021-01-19 00:00:00", "subject": "2", "recorded-or-robo": "Y", "city": "Athens", "state": "AL", "area-code": "817"}, {"id": "3decc6bfadaa436a105714c6bab7c290", "number": "", "date": "2021-01-12 12:00:00", "subject": "1", "recorded-or-robo": "Y", "city": "BROKEN ARROW", "state": "OH", "area-code": "918"}, {"id": "03e293b3df9e35eadf15c561194e69bd", "number": "", "date": "2021-01-12 12:00:00", "subject": "1", "recorded-or-robo": "Y", "city": "BROKEN ARROW", "state": "OH", "area-code": "918"}, {"id": "3decc6bfadaa436a105714c6bab7b85d", "number": "4803972161", "date": "2021-01-15 09:14:00", "subject": "0", "recorded-or-robo": "", "city": "Mesa", "state": "AZ", "area-code": "480"}, {"id": "03e293b3df9e35eadf15c561194e5fdd", "number": "4803972161", "date": "2021-01-15 09:14:00", "subject": "0", "recorded-or-robo": "", "city": "Mesa", "state": "AZ", "area-code": "480"}, {"id": "3decc6bfadaa436a105714c6bab7b70f", "number": "5055334270", "date": "2021-01-05 17:44:00", "subject": "0", "recorded-or-robo": "", "city": "Buffalo", "state": "NY", "area-code": "716"}, {"id": "03e293b3df9e35eadf15c561194e59c7", "number": "5055334270", "date": "2021-01-05 17:44:00", "subject": "0", "recorded-or-robo": "", "city": "Buffalo", "state": "NY", "area-code": "716"}, {"id": "3decc6bfadaa436a105714c6bab7ad74", "number": "9177682248", "date": "2021-01-20 19:20:00", "subject": "13", "recorded-or-robo": "N", "city": "", "state": "OH", "area-code": "330"}, {"id": "03e293b3df9e35eadf15c561194e5567", "number": "9177682248", "date": "2021-01-20 19:20:00", "subject": "13", "recorded-or-robo": "N", "city": "", "state": "OH", "area-code": "330"}, {"id": "3decc6bfadaa436a105714c6bab7a2dc", "number": "2169065702", "date": "2021-01-23 07:08:00", "subject": "2", "recorded-or-robo": "Y", "city": "Ohio", "state": "OH", "area-code": "216"}, {"id": "03e293b3df9e35eadf15c561194e4858", "number": "2169065702", "date": "2021-01-23 07:08:00", "subject": "2", "recorded-or-robo": "Y", "city": "Ohio", "state": "OH", "area-code": "216"}, {"id": "3decc6bfadaa436a105714c6bab79ea1", "number": "9202217732", "date": "2021-01-21 05:11:00", "subject": "4", "recorded-or-robo": "Y", "city": "", "state": "WI", "area-code": "920"}, {"id": "03e293b3df9e35eadf15c561194e3996", "number": "9202217732", "date": "2021-01-21 05:11:00", "subject": "4", "recorded-or-robo": "Y", "city": "", "state": "WI", "area-code": "920"}, {"id": "3decc6bfadaa436a105714c6bab797ac", "number": "7168690442", "date": "2021-01-07 10:20:00", "subject": "0", "recorded-or-robo": "", "city": "Buffalo", "state": "NY", "area-code": "716"}, {"id": "03e293b3df9e35eadf15c561194e398c", "number": "7168690442", "date": "2021-01-07 10:20:00", "subject": "0", "recorded-or-robo": "", "city": "Buffalo", "state": "NY", "area-code": "716"}, {"id": "3decc6bfadaa436a105714c6bab7910e", "number": "", "date": "2021-01-24 14:00:00", "subject": "1", "recorded-or-robo": "Y", "city": "Mesa", "state": "AZ", "area-code": "480"}, {"id": "03e293b3df9e35eadf15c561194e31b4", "number": "", "date": "2021-01-24 14:00:00", "subject": "1", "recorded-or-robo": "Y", "city": "Mesa", "state": "AZ", "area-code": "480"}, {"id": "3decc6bfadaa436a105714c6bab78556", "number": "4253157307", "date": "2021-01-24 01:08:00", "subject": "2", "recorded-or-robo": "Y", "city": "Arlington", "state": "WA", "area-code": "425"}, {"id": "03e293b3df9e35eadf15c561194e2335", "number": "4253157307", "date": "2021-01-24 01:08:00", "subject": "2", "recorded-or-robo": "Y", "city": "Arlington", "state": "WA", "area-code": "425"}, {"id": "3decc6bfadaa436a105714c6bab77f22", "number": "", "date": "2021-01-24 16:10:00", "subject": "1", "recorded-or-robo": "Y", "city": "Indianapolis", "state": "IN", "area-code": "317"}, {"id": "03e293b3df9e35eadf15c561194e1930", "number": "", "date": "2021-01-24 16:10:00", "subject": "1", "recorded-or-robo": "Y", "city": "Indianapolis", "state": "IN", "area-code": "317"}, {"id": "3decc6bfadaa436a105714c6bab77743", "number": "4803051111", "date": "2021-01-19 16:40:00", "subject": "0", "recorded-or-robo": "", "city": "Mesa", "state": "AZ", "area-code": "480"}, {"id": "03e293b3df9e35eadf15c561194e1350", "number": "4803051111", "date": "2021-01-19 16:40:00", "subject": "0", "recorded-or-robo": "", "city": "Mesa", "state": "AZ", "area-code": "480"}, {"id": "3decc6bfadaa436a105714c6bab77094", "number": "7164624541", "date": "2021-01-07 18:20:00", "subject": "0", "recorded-or-robo": "", "city": "Buffalo", "state": "NY", "area-code": "716"}, {"id": "03e293b3df9e35eadf15c561194e0529", "number": "7164624541", "date": "2021-01-07 18:20:00", "subject": "0", "recorded-or-robo": "", "city": "Buffalo", "state": "NY", "area-code": "716"}, {"id": "3decc6bfadaa436a105714c6bab76a4f", "number": "3152328257", "date": "2021-01-24 15:04:00", "subject": "1", "recorded-or-robo": "Y", "city": "Wildwood", "state": "MO", "area-code": "314"}, {"id": "03e293b3df9e35eadf15c561194dfa1e", "number": "3152328257", "date": "2021-01-24 15:04:00", "subject": "1", "recorded-or-robo": "Y", "city": "Wildwood", "state": "MO", "area-code": "314"}, {"id": "3decc6bfadaa436a105714c6bab7606b", "number": "9522100377", "date": "2021-01-21 10:32:00", "subject": "2", "recorded-or-robo": "Y", "city": "Athens", "state": "TX", "area-code": "817"}, {"id": "03e293b3df9e35eadf15c561194df778", "number": "9522100377", "date": "2021-01-21 10:32:00", "subject": "2", "recorded-or-robo": "Y", "city": "Athens", "state": "TX", "area-code": "817"}, {"id": "3decc6bfadaa436a105714c6bab751f2", "number": "4802967193", "date": "2021-01-22 08:42:00", "subject": "0", "recorded-or-robo": "", "city": "Mesa", "state": "AZ", "area-code": "480"}, {"id": "03e293b3df9e35eadf15c561194df6ae", "number": "4802967193", "date": "2021-01-22 08:42:00", "subject": "0", "recorded-or-robo": "", "city": "Mesa", "state": "AZ", "area-code": "480"}, {"id": "3decc6bfadaa436a105714c6bab74844", "number": "7164987057", "date": "2021-01-14 11:22:00", "subject": "0", "recorded-or-robo": "", "city": "Buffalo", "state": "NY", "area-code": "716"}, {"id": "03e293b3df9e35eadf15c561194de7fd", "number": "7164987057", "date": "2021-01-14 11:22:00", "subject": "0", "recorded-or-robo": "", "city": "Buffalo", "state": "NY", "area-code": "716"}, {"id": "3decc6bfadaa436a105714c6bab74809", "number": "4129102673", "date": "2021-01-22 00:00:00", "subject": "4", "recorded-or-robo": "Y", "city": "", "state": "TX", "area-code": "215"}, {"id": "03e293b3df9e35eadf15c561194ddc13", "number": "4129102673", "date": "2021-01-22 00:00:00", "subject": "4", "recorded-or-robo": "Y", "city": "", "state": "TX", "area-code": "215"}, {"id": "3decc6bfadaa436a105714c6bab74210", "number": "8882804331", "date": "2021-01-17 12:14:00", "subject": "11", "recorded-or-robo": "Y", "city": "Buffalo", "state": "NY", "area-code": "716"}, {"id": "03e293b3df9e35eadf15c561194dd2fa", "number": "8882804331", "date": "2021-01-17 12:14:00", "subject": "11", "recorded-or-robo": "Y", "city": "Buffalo", "state": "NY", "area-code": "716"}, {"id": "3decc6bfadaa436a105714c6bab73abf", "number": "", "date": "2021-01-19 11:30:00", "subject": "4", "recorded-or-robo": "Y", "city": "Fond du Lac", "state": "WI", "area-code": "920"}, {"id": "03e293b3df9e35eadf15c561194dce23", "number": "", "date": "2021-01-19 11:30:00", "subject": "4", "recorded-or-robo": "Y", "city": "Fond du Lac", "state": "WI", "area-code": "920"}, {"id": "3decc6bfadaa436a105714c6bab736e4", "number": "4807445975", "date": "2021-01-22 09:28:00", "subject": "2", "recorded-or-robo": "", "city": "Mesa", "state": "AZ", "area-code": "480"}, {"id": "03e293b3df9e35eadf15c561194dc84a", "number": "4807445975", "date": "2021-01-22 09:28:00", "subject": "2", "recorded-or-robo": "", "city": "Mesa", "state": "AZ", "area-code": "480"}, {"id": "3decc6bfadaa436a105714c6bab73207", "number": "3143105139", "date": "2021-01-23 18:08:00", "subject": "2", "recorded-or-robo": "Y", "city": "Chino", "state": "CA", "area-code": "909"}, {"id": "03e293b3df9e35eadf15c561194dc3a6", "number": "3143105139", "date": "2021-01-23 18:08:00", "subject": "2", "recorded-or-robo": "Y", "city": "Chino", "state": "CA", "area-code": "909"}, {"id": "3decc6bfadaa436a105714c6bab72240", "number": "5033585982", "date": "2021-01-22 15:57:00", "subject": "4", "recorded-or-robo": "Y", "city": "", "state": "OR", "area-code": "503"}, {"id": "03e293b3df9e35eadf15c561194db3c1", "number": "5033585982", "date": "2021-01-22 15:57:00", "subject": "4", "recorded-or-robo": "Y", "city": "", "state": "OR", "area-code": "503"}, {"id": "3decc6bfadaa436a105714c6bab71973", "number": "4803762837", "date": "2021-01-24 14:05:00", "subject": "2", "recorded-or-robo": "Y", "city": "", "state": "AZ", "area-code": "520"}, {"id": "03e293b3df9e35eadf15c561194da562", "number": "4803762837", "date": "2021-01-24 14:05:00", "subject": "2", "recorded-or-robo": "Y", "city": "", "state": "AZ", "area-code": "520"}]}