{"data": [{"id": "3decc6bfadaa436a105714c6ba9b0ea3", "number": "8556784570", "date": "2021-01-24 11:34:00", "subject": "2", "recorded-or-robo": "Y", "city": "Pickerington", "state": "OH", "area-code": "740"}, {"id": "03e293b3df9e35eadf15c561193150bc", "number": "8556784570", "date": "2021-01-24 11:34:00", "subject": "2", "recorded-or-robo": "Y", "city": "Pickerington", "state": "OH", "area-code": "740"}, {"id": "3decc6bfadaa436a105714c6ba9b0a80", "number": "4085085500", "date": "2021-01-24 09:55:00", "subject": "1", "recorded-or-robo": "N", "city": "", "state": "FL", "area-code": "727"}, {"id": "03e293b3df9e35eadf15c56119314402", "number": "4085085500", "date": "2021-01-24 09:55:00", "subject": "1", "recorded-or-robo": "N", "city": "", "state": "FL", "area-code": "727"}, {"id": "3decc6bfadaa436a105714c6ba9b07a8", "number": "5099462795", "date": "2021-01-24 08:34:00", "subject": "2", "recorded-or-robo": "Y", "city": "Richland", "state": "WA", "area-code": "509"}, {"id": "03e293b3df9e35eadf15c56119314002", "number": "5099462795", "date": "2021-01-24 08:34:00", "subject": "2", "recorded-or-robo": "Y", "city": "Richland", "state": "WA", "area-code": "509"}, {"id": "3decc6bfadaa436a105714c6ba9b00ad", "number": "8556788252", "date": "2021-01-24 12:03:00", "subject": "11", "recorded-or-robo": "Y", "city": "Sunbury", "state": "OH", "area-code": "740"}, {"id": "03e293b3df9e35eadf15c5611931345d", "number": "8556788252", "date": "2021-01-24 12:03:00", "subject": "11", "recorded-or-robo": "Y", "city": "Sunbury", "state": "OH", "area-code": "740"}, {"id": "3decc6bfadaa436a105714c6ba9afc60", "number": "8556785395", "date": "2021-01-24 11:42:00", "subject": "2", "recorded-or-robo": "Y", "city": "Pickerington", "state": "OH", "area-code": "740"}, {"id": "03e293b3df9e35eadf15c56119312f6a", "number": "8556785395", "date": "2021-01-24 11:42:00", "subject": "2", "recorded-or-robo": "Y", "city": "Pickerington", "state": "OH", "area-code": "740"}, {"id": "3decc6bfadaa436a105714c6ba9afa57", "number": "3152328257", "date": "2021-01-24 09:03:00", "subject": "1", "recorded-or-robo": "Y", "city": "West Richland", "state": "WA", "area-code": "509"}, {"id": "03e293b3df9e35eadf15c56119312e26", "number": "3152328257", "date": "2021-01-24 09:03:00", "subject": "1", "recorded-or-robo": "Y", "city": "West Richland", "state": "WA", "area-code": "509"}, {"id": "3decc6bfadaa436a105714c6ba9af3eb", "number": "4807162146", "date": "2021-01-24 10:14:00", "subject": "2", "recorded-or-robo": "N", "city": "PHOENIX", "state": "AZ", "area-code": "602"}, {"id": "03e293b3df9e35eadf15c561193125cb", "number": "4807162146", "date": "2021-01-24 10:14:00", "subject": "2", "recorded-or-robo": "N", "city": "PHOENIX", "state": "AZ", "area-code": "602"}, {"id": "3decc6bfadaa436a105714c6ba9ae645", "number": "2693094312", "date": "2021-01-24 10:20:00", "subject": "0", "recorded-or-robo": "Y", "city": "Muskegon", "state": "MI", "area-code": "231"}, {"id": "03e293b3df9e35eadf15c561193115e7", "number": "2693094312", "date": "2021-01-24 10:20:00", "subject": "0", "recorded-or-robo": "Y", "city": "Muskegon", "state": "MI", "area-code": "231"}, {"id": "3decc6bfadaa436a105714c6ba9ade88", "number": "2693094446", "date": "2021-01-22 16:53:00", "subject": "2", "recorded-or-robo": "Y", "city": "Fort Gratiot", "state": "MI", "area-code": "810"}, {"id": "03e293b3df9e35eadf15c5611931154d", "number": "2693094446", "date": "2021-01-22 16:53:00", "subject": "2", "recorded-or-robo": "Y", "city": "Fort Gratiot", "state": "MI", "area-code": "810"}, {"id": "3decc6bfadaa436a105714c6ba9ad6ec", "number": "8556785355", "date": "2021-01-24 11:48:00", "subject": "2", "recorded-or-robo": "Y", "city": "Pickerington", "state": "OH", "area-code": "740"}, {"id": "03e293b3df9e35eadf15c56119310f3e", "number": "8556785355", "date": "2021-01-24 11:48:00", "subject": "2", "recorded-or-robo": "Y", "city": "Pickerington", "state": "OH", "area-code": "740"}, {"id": "3decc6bfadaa436a105714c6ba9ad418", "number": "9034142116", "date": "2021-01-22 09:45:00", "subject": "2", "recorded-or-robo": "Y", "city": "Longview", "state": "TX", "area-code": "903"}, {"id": "03e293b3df9e35eadf15c56119310a98", "number": "9034142116", "date": "2021-01-22 09:45:00", "subject": "2", "recorded-or-robo": "Y", "city": "Longview", "state": "TX", "area-code": "903"}, {"id": "3decc6bfadaa436a105714c6ba9acd2b", "number": "9476667247", "date": "2020-12-23 14:43:00", "subject": "1", "recorded-or-robo": "Y", "city": "Fort Gratiot", "state": "MI", "area-code": "810"}, {"id": "03e293b3df9e35eadf15c5611930fb9c", "number": "9476667247", "date": "2020-12-23 14:43:00", "subject": "1", "recorded-or-robo": "Y", "city": "Fort Gratiot", "state": "MI", "area-code": "810"}, {"id": "3decc6bfadaa436a105714c6ba9ac3a1", "number": "8556780229", "date": "2021-01-24 11:00:00", "subject": "2", "recorded-or-robo": "Y", "city": "Pickerington", "state": "OH", "area-code": "740"}, {"id": "03e293b3df9e35eadf15c5611930ecf2", "number": "8556780229", "date": "2021-01-24 11:00:00", "subject": "2", "recorded-or-robo": "Y", "city": "Pickerington", "state": "OH", "area-code": "740"}, {"id": "3decc6bfadaa436a105714c6ba9ac21f", "number": "5099466961", "date": "2021-01-24 08:09:00", "subject": "2", "recorded-or-robo": "Y", "city": "Richland", "state": "WA", "area-code": "509"}, {"id": "03e293b3df9e35eadf15c5611930dfb8", "number": "5099466961", "date": "2021-01-24 08:09:00", "subject": "2", "recorded-or-robo": "Y", "city": "Richland", "state": "WA", "area-code": "509"}, {"id": "3decc6bfadaa436a105714c6ba9ab2d4", "number": "9476667220", "date": "2020-12-28 15:07:00", "subject": "1", "recorded-or-robo": "Y", "city": "Fort Gratiot", "state": "MI", "area-code": "810"}, {"id": "03e293b3df9e35eadf15c5611930d4a3", "number": "9476667220", "date": "2020-12-28 15:07:00", "subject": "1", "recorded-or-robo": "Y", "city": "Fort Gratiot", "state": "MI", "area-code": "810"}, {"id": "3decc6bfadaa436a105714c6ba9aa9d1", "number": "3145032256", "date": "2021-01-24 09:28:00", "subject": "2", "recorded-or-robo": "Y", "city": "St. Louis", "state": "MO", "area-code": "314"}, {"id": "03e293b3df9e35eadf15c5611930c701", "number": "3145032256", "date": "2021-01-24 09:28:00", "subject": "2", "recorded-or-robo": "Y", "city": "St. Louis", "state": "MO", "area-code": "314"}, {"id": "3decc6bfadaa436a105714c6ba9a9eb0", "number": "4079822624", "date": "2021-01-23 17:24:00", "subject": "1", "recorded-or-robo": "Y", "city": "Falls Church", "state": "VA", "area-code": "703"}, {"id": "03e293b3df9e35eadf15c5611930b888", "number": "4079822624", "date": "2021-01-23 17:24:00", "subject": "1", "recorded-or-robo": "Y", "city": "Falls Church", "state": "VA", "area-code": "703"}, {"id": "3decc6bfadaa436a105714c6ba9a9a7a", "number": "3152328257", "date": "2021-01-24 11:30:00", "subject": "11", "recorded-or-robo": "Y", "city": "New Carlisle", "state": "IN", "area-code": "574"}, {"id": "3decc6bfadaa436a105714c6ba9a9a75", "number": "2625468912", "date": "2021-01-24 11:00:00", "subject": "3", "recorded-or-robo": "", "city": "", "state": "WI", "area-code": "920"}, {"id": "03e293b3df9e35eadf15c5611930b019", "number": "3152328257", "date": "2021-01-24 11:30:00", "subject": "11", "recorded-or-robo": "Y", "city": "New Carlisle", "state": "IN", "area-code": "574"}, {"id": "03e293b3df9e35eadf15c5611930ab57", "number": "2625468912", "date": "2021-01-24 11:00:00", "subject": "3", "recorded-or-robo": "", "city": "", "state": "WI", "area-code": "920"}, {"id": "3decc6bfadaa436a105714c6ba9a984a", "number": "1243909761521", "date": "2021-01-24 09:45:00", "subject": "2", "recorded-or-robo": "Y", "city": "", "state": "IA", "area-code": "515"}, {"id": "03e293b3df9e35eadf15c5611930ab14", "number": "1243909761521", "date": "2021-01-24 09:45:00", "subject": "2", "recorded-or-robo": "Y", "city": "", "state": "IA", "area-code": "515"}, {"id": "3decc6bfadaa436a105714c6ba9a88c7", "number": "8775898809", "date": "2021-01-23 14:11:00", "subject": "0", "recorded-or-robo": "", "city": "Monee", "state": "IL", "area-code": "708"}, {"id": "03e293b3df9e35eadf15c56119309d75", "number": "8775898809", "date": "2021-01-23 14:11:00", "subject": "0", "recorded-or-robo": "", "city": "Monee", "state": "IL", "area-code": "708"}, {"id": "3decc6bfadaa436a105714c6ba9a8430", "number": "5099463266", "date": "2021-01-24 08:01:00", "subject": "2", "recorded-or-robo": "Y", "city": "Richland", "state": "WA", "area-code": "509"}, {"id": "03e293b3df9e35eadf15c56119309050", "number": "5099463266", "date": "2021-01-24 08:01:00", "subject": "2", "recorded-or-robo": "Y", "city": "Richland", "state": "WA", "area-code": "509"}, {"id": "3decc6bfadaa436a105714c6ba9a79ab", "number": "8103571601", "date": "2020-12-23 14:43:00", "subject": "1", "recorded-or-robo": "Y", "city": "Fort Gratiot", "state": "MI", "area-code": "947"}, {"id": "03e293b3df9e35eadf15c56119308c7f", "number": "8103571601", "date": "2020-12-23 14:43:00", "subject": "1", "recorded-or-robo": "Y", "city": "Fort Gratiot", "state": "MI", "area-code": "947"}, {"id": "3decc6bfadaa436a105714c6ba9a77e6", "number": "4016380474", "date": "2021-01-15 10:43:00", "subject": "4", "recorded-or-robo": "Y", "city": "", "state": "RI", "area-code": "401"}, {"id": "03e293b3df9e35eadf15c561193087ca", "number": "4016380474", "date": "2021-01-15 10:43:00", "subject": "4", "recorded-or-robo": "Y", "city": "", "state": "RI", "area-code": "401"}, {"id": "3decc6bfadaa436a105714c6ba9a7257", "number": "8556780507", "date": "2021-01-24 12:00:00", "subject": "11", "recorded-or-robo": "Y", "city": "Ashville", "state": "OH", "area-code": "855"}, {"id": "03e293b3df9e35eadf15c56119307f15", "number": "8556780507", "date": "2021-01-24 12:00:00", "subject": "11", "recorded-or-robo": "Y", "city": "Ashville", "state": "OH", "area-code": "855"}]}