{"data": [{"id": "3decc6bfadaa436a105714c6bada22b1", "number": "9099308591", "date": "2021-01-19 11:50:00", "subject": "3", "recorded-or-robo": "", "city": "", "state": "CA", "area-code": "949"}, {"id": "03e293b3df9e35eadf15c561196fd8e5", "number": "9099308591", "date": "2021-01-19 11:50:00", "subject": "3", "recorded-or-robo": "", "city": "", "state": "CA", "area-code": "949"}, {"id": "3decc6bfadaa436a105714c6bada1845", "number": "8556784381", "date": "2021-01-24 16:11:00", "subject": "11", "recorded-or-robo": "Y", "city": "", "state": "FL", "area-code": "813"}, {"id": "03e293b3df9e35eadf15c561196fd2a7", "number": "8556784381", "date": "2021-01-24 16:11:00", "subject": "11", "recorded-or-robo": "Y", "city": "", "state": "FL", "area-code": "813"}, {"id": "3decc6bfadaa436a105714c6bada0a3e", "number": "9496430730", "date": "2021-01-19 15:17:00", "subject": "3", "recorded-or-robo": "", "city": "", "state": "CA", "area-code": "949"}, {"id": "03e293b3df9e35eadf15c561196fce9d", "number": "9496430730", "date": "2021-01-19 15:17:00", "subject": "3", "recorded-or-robo": "", "city": "", "state": "CA", "area-code": "949"}, {"id": "3decc6bfadaa436a105714c6bada0775", "number": "7139996031", "date": "2021-01-23 20:51:00", "subject": "1", "recorded-or-robo": "N", "city": "harwood", "state": "MD", "area-code": "240"}, {"id": "03e293b3df9e35eadf15c561196fc6cc", "number": "7139996031", "date": "2021-01-23 20:51:00", "subject": "1", "recorded-or-robo": "N", "city": "harwood", "state": "MD", "area-code": "240"}, {"id": "3decc6bfadaa436a105714c6bad9fd9e", "number": "8182304292", "date": "2021-01-20 17:31:00", "subject": "3", "recorded-or-robo": "", "city": "", "state": "CA", "area-code": "949"}, {"id": "3decc6bfadaa436a105714c6bad9f05b", "number": "8556781331", "date": "2021-01-24 15:15:00", "subject": "11", "recorded-or-robo": "Y", "city": "", "state": "FL", "area-code": "813"}, {"id": "03e293b3df9e35eadf15c561196fb7cb", "number": "8182304292", "date": "2021-01-20 17:31:00", "subject": "3", "recorded-or-robo": "", "city": "", "state": "CA", "area-code": "949"}, {"id": "03e293b3df9e35eadf15c561196fb000", "number": "8556781331", "date": "2021-01-24 15:15:00", "subject": "11", "recorded-or-robo": "Y", "city": "", "state": "FL", "area-code": "813"}, {"id": "3decc6bfadaa436a105714c6bad9e5b2", "number": "8182908362", "date": "2021-01-21 10:37:00", "subject": "3", "recorded-or-robo": "", "city": "", "state": "CA", "area-code": "949"}, {"id": "03e293b3df9e35eadf15c561196fac51", "number": "8182908362", "date": "2021-01-21 10:37:00", "subject": "3", "recorded-or-robo": "", "city": "", "state": "CA", "area-code": "949"}, {"id": "3decc6bfadaa436a105714c6bad9d8f7", "number": "8556782316", "date": "2021-01-24 14:51:00", "subject": "11", "recorded-or-robo": "Y", "city": "", "state": "FL", "area-code": "813"}, {"id": "03e293b3df9e35eadf15c561196fa367", "number": "8556782316", "date": "2021-01-24 14:51:00", "subject": "11", "recorded-or-robo": "Y", "city": "", "state": "FL", "area-code": "813"}, {"id": "3decc6bfadaa436a105714c6bad9d751", "number": "9494595814", "date": "2021-01-21 17:47:00", "subject": "3", "recorded-or-robo": "", "city": "", "state": "CA", "area-code": "949"}, {"id": "03e293b3df9e35eadf15c561196f999f", "number": "9494595814", "date": "2021-01-21 17:47:00", "subject": "3", "recorded-or-robo": "", "city": "", "state": "CA", "area-code": "949"}, {"id": "3decc6bfadaa436a105714c6bad9d26c", "number": "9493745412", "date": "2021-01-22 08:52:00", "subject": "3", "recorded-or-robo": "", "city": "", "state": "CA", "area-code": "949"}, {"id": "03e293b3df9e35eadf15c561196f8ed6", "number": "9493745412", "date": "2021-01-22 08:52:00", "subject": "3", "recorded-or-robo": "", "city": "", "state": "CA", "area-code": "949"}, {"id": "3decc6bfadaa436a105714c6bad9c2a1", "number": "8182304292", "date": "2021-01-22 13:36:00", "subject": "3", "recorded-or-robo": "", "city": "", "state": "CA", "area-code": "949"}, {"id": "03e293b3df9e35eadf15c561196f8356", "number": "8182304292", "date": "2021-01-22 13:36:00", "subject": "3", "recorded-or-robo": "", "city": "", "state": "CA", "area-code": "949"}, {"id": "3decc6bfadaa436a105714c6bad9bf42", "number": "4057666149", "date": "2021-01-23 20:20:00", "subject": "2", "recorded-or-robo": "N", "city": "Piscataway", "state": "NJ", "area-code": "732"}, {"id": "03e293b3df9e35eadf15c561196f7aed", "number": "4057666149", "date": "2021-01-23 20:20:00", "subject": "2", "recorded-or-robo": "N", "city": "Piscataway", "state": "NJ", "area-code": "732"}, {"id": "3decc6bfadaa436a105714c6bad9b1c8", "number": "", "date": "2021-01-22 13:00:00", "subject": "15", "recorded-or-robo": "Y", "city": "", "state": "CA", "area-code": "209"}, {"id": "03e293b3df9e35eadf15c561196f770d", "number": "", "date": "2021-01-22 13:00:00", "subject": "15", "recorded-or-robo": "Y", "city": "", "state": "CA", "area-code": "209"}, {"id": "3decc6bfadaa436a105714c6bad9a599", "number": "3144320628", "date": "2021-01-24 10:00:00", "subject": "2", "recorded-or-robo": "Y", "city": "St.Louis", "state": "MO", "area-code": "314"}, {"id": "03e293b3df9e35eadf15c561196f728d", "number": "3144320628", "date": "2021-01-24 10:00:00", "subject": "2", "recorded-or-robo": "Y", "city": "St.Louis", "state": "MO", "area-code": "314"}, {"id": "3decc6bfadaa436a105714c6bad9a422", "number": "7088751292", "date": "2021-01-24 21:17:00", "subject": "2", "recorded-or-robo": "Y", "city": "", "state": "IL", "area-code": "708"}, {"id": "03e293b3df9e35eadf15c561196f6c13", "number": "7088751292", "date": "2021-01-24 21:17:00", "subject": "2", "recorded-or-robo": "Y", "city": "", "state": "IL", "area-code": "708"}, {"id": "3decc6bfadaa436a105714c6bad99700", "number": "315232825", "date": "2021-01-24 09:23:00", "subject": "1", "recorded-or-robo": "Y", "city": "St louis", "state": "MO", "area-code": "314"}, {"id": "03e293b3df9e35eadf15c561196f6322", "number": "315232825", "date": "2021-01-24 09:23:00", "subject": "1", "recorded-or-robo": "Y", "city": "St louis", "state": "MO", "area-code": "314"}, {"id": "3decc6bfadaa436a105714c6bad996dc", "number": "8478238617", "date": "2021-01-24 21:00:00", "subject": "2", "recorded-or-robo": "N", "city": "Bethesda", "state": "MD", "area-code": "847"}, {"id": "03e293b3df9e35eadf15c561196f5cf2", "number": "8478238617", "date": "2021-01-24 21:00:00", "subject": "2", "recorded-or-robo": "N", "city": "Bethesda", "state": "MD", "area-code": "847"}, {"id": "3decc6bfadaa436a105714c6bad98ff7", "number": "7273725210", "date": "2021-01-24 20:25:00", "subject": "11", "recorded-or-robo": "Y", "city": "Trinity", "state": "FL", "area-code": "727"}, {"id": "03e293b3df9e35eadf15c561196f5bdf", "number": "7273725210", "date": "2021-01-24 20:25:00", "subject": "11", "recorded-or-robo": "Y", "city": "Trinity", "state": "FL", "area-code": "727"}, {"id": "3decc6bfadaa436a105714c6bad98e57", "number": "6016061099", "date": "2021-01-24 10:00:00", "subject": "11", "recorded-or-robo": "Y", "city": "WIGGINS", "state": "MS", "area-code": "716"}, {"id": "03e293b3df9e35eadf15c561196f546d", "number": "6016061099", "date": "2021-01-24 10:00:00", "subject": "11", "recorded-or-robo": "Y", "city": "WIGGINS", "state": "MS", "area-code": "716"}, {"id": "3decc6bfadaa436a105714c6bad986bf", "number": "", "date": "2021-01-24 00:00:00", "subject": "3", "recorded-or-robo": "Y", "city": "", "state": "NY", "area-code": "845"}, {"id": "03e293b3df9e35eadf15c561196f48a6", "number": "", "date": "2021-01-24 00:00:00", "subject": "3", "recorded-or-robo": "Y", "city": "", "state": "NY", "area-code": "845"}, {"id": "3decc6bfadaa436a105714c6bad98184", "number": "7273726943", "date": "2021-01-24 20:13:00", "subject": "11", "recorded-or-robo": "Y", "city": "Trinity", "state": "FL", "area-code": "727"}, {"id": "03e293b3df9e35eadf15c561196f3c55", "number": "7273726943", "date": "2021-01-24 20:13:00", "subject": "11", "recorded-or-robo": "Y", "city": "Trinity", "state": "FL", "area-code": "727"}, {"id": "3decc6bfadaa436a105714c6bad97f27", "number": "8333110847", "date": "2021-01-22 11:14:00", "subject": "2", "recorded-or-robo": "Y", "city": "Ogden", "state": "UT", "area-code": "801"}, {"id": "03e293b3df9e35eadf15c561196f336e", "number": "8333110847", "date": "2021-01-22 11:14:00", "subject": "2", "recorded-or-robo": "Y", "city": "Ogden", "state": "UT", "area-code": "801"}, {"id": "3decc6bfadaa436a105714c6bad97997", "number": "2673294837", "date": "2021-01-24 12:48:00", "subject": "2", "recorded-or-robo": "N", "city": "Philadelphia", "state": "PA", "area-code": "215"}, {"id": "03e293b3df9e35eadf15c561196f3171", "number": "2673294837", "date": "2021-01-24 12:48:00", "subject": "2", "recorded-or-robo": "N", "city": "Philadelphia", "state": "PA", "area-code": "215"}, {"id": "3decc6bfadaa436a105714c6bad971e9", "number": "", "date": "2021-01-22 08:53:00", "subject": "2", "recorded-or-robo": "N", "city": "", "state": "CA", "area-code": "510"}, {"id": "03e293b3df9e35eadf15c561196f234e", "number": "", "date": "2021-01-22 08:53:00", "subject": "2", "recorded-or-robo": "N", "city": "", "state": "CA", "area-code": "510"}, {"id": "3decc6bfadaa436a105714c6bad9667f", "number": "", "date": "2021-01-18 00:00:00", "subject": "2", "recorded-or-robo": "Y", "city": "Park Ridge", "state": "IL", "area-code": "847"}, {"id": "03e293b3df9e35eadf15c561196f1c16", "number": "", "date": "2021-01-18 00:00:00", "subject": "2", "recorded-or-robo": "Y", "city": "Park Ridge", "state": "IL", "area-code": "847"}]}