{"data": [{"id": "3decc6bfadaa436a105714c6baba07ca", "number": "9125007001", "date": "2021-01-22 13:49:00", "subject": "3", "recorded-or-robo": "N", "city": "", "state": "TX", "area-code": "210"}, {"id": "03e293b3df9e35eadf15c56119505cc7", "number": "9125007001", "date": "2021-01-22 13:49:00", "subject": "3", "recorded-or-robo": "N", "city": "", "state": "TX", "area-code": "210"}, {"id": "3decc6bfadaa436a105714c6baba0628", "number": "3145671788", "date": "2021-01-24 15:22:00", "subject": "1", "recorded-or-robo": "Y", "city": "Frontenac", "state": "MO", "area-code": "314"}, {"id": "03e293b3df9e35eadf15c561195057ff", "number": "3145671788", "date": "2021-01-24 15:22:00", "subject": "1", "recorded-or-robo": "Y", "city": "Frontenac", "state": "MO", "area-code": "314"}, {"id": "3decc6bfadaa436a105714c6bab9f8b2", "number": "8556789518", "date": "2021-01-24 16:22:00", "subject": "11", "recorded-or-robo": "Y", "city": "Wesley Chapel", "state": "FL", "area-code": "813"}, {"id": "03e293b3df9e35eadf15c56119504e35", "number": "8556789518", "date": "2021-01-24 16:22:00", "subject": "11", "recorded-or-robo": "Y", "city": "Wesley Chapel", "state": "FL", "area-code": "813"}, {"id": "3decc6bfadaa436a105714c6bab9f670", "number": "2169064071", "date": "2021-01-24 13:56:00", "subject": "0", "recorded-or-robo": "Y", "city": "Ohio", "state": "OH", "area-code": "216"}, {"id": "03e293b3df9e35eadf15c56119504853", "number": "2169064071", "date": "2021-01-24 13:56:00", "subject": "0", "recorded-or-robo": "Y", "city": "Ohio", "state": "OH", "area-code": "216"}, {"id": "3decc6bfadaa436a105714c6bab9ea2d", "number": "2824179872", "date": "2021-01-22 11:18:00", "subject": "3", "recorded-or-robo": "N", "city": "", "state": "TX", "area-code": "210"}, {"id": "03e293b3df9e35eadf15c561195045c1", "number": "2824179872", "date": "2021-01-22 11:18:00", "subject": "3", "recorded-or-robo": "N", "city": "", "state": "TX", "area-code": "210"}, {"id": "3decc6bfadaa436a105714c6bab9e3c7", "number": "7575497591", "date": "2021-01-21 17:06:00", "subject": "2", "recorded-or-robo": "Y", "city": "Chesapeake", "state": "VA", "area-code": "520"}, {"id": "03e293b3df9e35eadf15c56119504432", "number": "7575497591", "date": "2021-01-21 17:06:00", "subject": "2", "recorded-or-robo": "Y", "city": "Chesapeake", "state": "VA", "area-code": "520"}, {"id": "3decc6bfadaa436a105714c6bab9d5ac", "number": "7252397759", "date": "2021-01-22 13:55:00", "subject": "3", "recorded-or-robo": "Y", "city": "", "state": "NV", "area-code": "702"}, {"id": "03e293b3df9e35eadf15c5611950368d", "number": "7252397759", "date": "2021-01-22 13:55:00", "subject": "3", "recorded-or-robo": "Y", "city": "", "state": "NV", "area-code": "702"}, {"id": "3decc6bfadaa436a105714c6bab9c7fb", "number": "8556787401", "date": "2021-01-24 15:31:00", "subject": "11", "recorded-or-robo": "Y", "city": "Wesley Chapel", "state": "FL", "area-code": "813"}, {"id": "03e293b3df9e35eadf15c5611950351d", "number": "8556787401", "date": "2021-01-24 15:31:00", "subject": "11", "recorded-or-robo": "Y", "city": "Wesley Chapel", "state": "FL", "area-code": "813"}, {"id": "3decc6bfadaa436a105714c6bab9c002", "number": "9402606607", "date": "2021-01-24 14:19:00", "subject": "12", "recorded-or-robo": "Y", "city": "Flower Mound", "state": "TX", "area-code": "972"}, {"id": "03e293b3df9e35eadf15c56119502ea5", "number": "9402606607", "date": "2021-01-24 14:19:00", "subject": "12", "recorded-or-robo": "Y", "city": "Flower Mound", "state": "TX", "area-code": "972"}, {"id": "3decc6bfadaa436a105714c6bab9b57d", "number": "8556789780", "date": "2021-01-24 15:25:00", "subject": "11", "recorded-or-robo": "N", "city": "Wesley Chapel", "state": "FL", "area-code": "813"}, {"id": "03e293b3df9e35eadf15c56119502dce", "number": "8556789780", "date": "2021-01-24 15:25:00", "subject": "11", "recorded-or-robo": "N", "city": "Wesley Chapel", "state": "FL", "area-code": "813"}, {"id": "3decc6bfadaa436a105714c6bab9b239", "number": "2169069285", "date": "2021-01-24 13:50:00", "subject": "0", "recorded-or-robo": "Y", "city": "Ohio", "state": "OH", "area-code": "216"}, {"id": "03e293b3df9e35eadf15c5611950256d", "number": "2169069285", "date": "2021-01-24 13:50:00", "subject": "0", "recorded-or-robo": "Y", "city": "Ohio", "state": "OH", "area-code": "216"}, {"id": "3decc6bfadaa436a105714c6bab9b075", "number": "5626325107", "date": "2021-01-24 16:33:00", "subject": "0", "recorded-or-robo": "Y", "city": "Fernandina Beack", "state": "FL", "area-code": "561"}, {"id": "03e293b3df9e35eadf15c5611950207d", "number": "5626325107", "date": "2021-01-24 16:33:00", "subject": "0", "recorded-or-robo": "Y", "city": "Fernandina Beack", "state": "FL", "area-code": "561"}, {"id": "3decc6bfadaa436a105714c6bab9a56c", "number": "9162521805", "date": "2021-01-21 16:30:00", "subject": "2", "recorded-or-robo": "N", "city": "", "state": "CA", "area-code": "530"}, {"id": "03e293b3df9e35eadf15c56119501c17", "number": "9162521805", "date": "2021-01-21 16:30:00", "subject": "2", "recorded-or-robo": "N", "city": "", "state": "CA", "area-code": "530"}, {"id": "3decc6bfadaa436a105714c6bab9a2d8", "number": "7705370567", "date": "2021-01-23 09:07:00", "subject": "1", "recorded-or-robo": "N", "city": "Gilbert", "state": "AZ", "area-code": "770"}, {"id": "03e293b3df9e35eadf15c56119501b59", "number": "7705370567", "date": "2021-01-23 09:07:00", "subject": "1", "recorded-or-robo": "N", "city": "Gilbert", "state": "AZ", "area-code": "770"}, {"id": "3decc6bfadaa436a105714c6bab99f57", "number": "8556781989", "date": "2021-01-24 03:12:00", "subject": "11", "recorded-or-robo": "Y", "city": "Wesley Chapel", "state": "FL", "area-code": "813"}, {"id": "03e293b3df9e35eadf15c56119501927", "number": "8556781989", "date": "2021-01-24 03:12:00", "subject": "11", "recorded-or-robo": "Y", "city": "Wesley Chapel", "state": "FL", "area-code": "813"}, {"id": "3decc6bfadaa436a105714c6bab99e1d", "number": "6072266207", "date": "2021-01-24 16:10:00", "subject": "11", "recorded-or-robo": "Y", "city": "", "state": "NY", "area-code": "607"}, {"id": "03e293b3df9e35eadf15c5611950188d", "number": "6072266207", "date": "2021-01-24 16:10:00", "subject": "11", "recorded-or-robo": "Y", "city": "", "state": "NY", "area-code": "607"}, {"id": "3decc6bfadaa436a105714c6bab9948e", "number": "9402606607", "date": "2021-01-24 14:19:00", "subject": "12", "recorded-or-robo": "Y", "city": "Flower Mound", "state": "TX", "area-code": "972"}, {"id": "03e293b3df9e35eadf15c561195011dc", "number": "9402606607", "date": "2021-01-24 14:19:00", "subject": "12", "recorded-or-robo": "Y", "city": "Flower Mound", "state": "TX", "area-code": "972"}, {"id": "3decc6bfadaa436a105714c6bab989fc", "number": "NA", "date": "2021-01-24 12:30:00", "subject": "1", "recorded-or-robo": "Y", "city": "", "state": "MO", "area-code": "314"}, {"id": "03e293b3df9e35eadf15c56119500d0b", "number": "NA", "date": "2021-01-24 12:30:00", "subject": "1", "recorded-or-robo": "Y", "city": "", "state": "MO", "area-code": "314"}, {"id": "3decc6bfadaa436a105714c6bab98567", "number": "7705654390", "date": "2021-01-23 11:25:00", "subject": "1", "recorded-or-robo": "N", "city": "Gilbert", "state": "AZ", "area-code": "770"}, {"id": "03e293b3df9e35eadf15c561195009c7", "number": "7705654390", "date": "2021-01-23 11:25:00", "subject": "1", "recorded-or-robo": "N", "city": "Gilbert", "state": "AZ", "area-code": "770"}, {"id": "3decc6bfadaa436a105714c6bab98002", "number": "2169062053", "date": "2021-01-24 18:17:00", "subject": "0", "recorded-or-robo": "Y", "city": "Ohio", "state": "OH", "area-code": "216"}, {"id": "03e293b3df9e35eadf15c56119500286", "number": "2169062053", "date": "2021-01-24 18:17:00", "subject": "0", "recorded-or-robo": "Y", "city": "Ohio", "state": "OH", "area-code": "216"}, {"id": "3decc6bfadaa436a105714c6bab97c31", "number": "8556783129", "date": "2021-01-24 02:59:00", "subject": "11", "recorded-or-robo": "Y", "city": "Wesley Chapel", "state": "FL", "area-code": "813"}, {"id": "03e293b3df9e35eadf15c561194ffbf4", "number": "8556783129", "date": "2021-01-24 02:59:00", "subject": "11", "recorded-or-robo": "Y", "city": "Wesley Chapel", "state": "FL", "area-code": "813"}, {"id": "3decc6bfadaa436a105714c6bab97235", "number": "9706696076", "date": "2021-01-23 10:39:00", "subject": "1", "recorded-or-robo": "Y", "city": "Loveland", "state": "CO", "area-code": "970"}, {"id": "03e293b3df9e35eadf15c561194ffb80", "number": "9706696076", "date": "2021-01-23 10:39:00", "subject": "1", "recorded-or-robo": "Y", "city": "Loveland", "state": "CO", "area-code": "970"}, {"id": "3decc6bfadaa436a105714c6bab96724", "number": "7268002535", "date": "2021-01-22 10:02:00", "subject": "2", "recorded-or-robo": "Y", "city": "", "state": "OH", "area-code": "330"}, {"id": "03e293b3df9e35eadf15c561194ff7b0", "number": "7268002535", "date": "2021-01-22 10:02:00", "subject": "2", "recorded-or-robo": "Y", "city": "", "state": "OH", "area-code": "330"}, {"id": "3decc6bfadaa436a105714c6bab962be", "number": "2163745067", "date": "2021-01-24 16:30:00", "subject": "11", "recorded-or-robo": "Y", "city": "Bay Village", "state": "OH", "area-code": "440"}, {"id": "03e293b3df9e35eadf15c561194fe9d0", "number": "2163745067", "date": "2021-01-24 16:30:00", "subject": "11", "recorded-or-robo": "Y", "city": "Bay Village", "state": "OH", "area-code": "440"}, {"id": "3decc6bfadaa436a105714c6bab95fb4", "number": "", "date": "2021-01-24 16:22:00", "subject": "3", "recorded-or-robo": "Y", "city": "", "state": "NY", "area-code": "917"}, {"id": "03e293b3df9e35eadf15c561194fdb68", "number": "", "date": "2021-01-24 16:22:00", "subject": "3", "recorded-or-robo": "Y", "city": "", "state": "NY", "area-code": "917"}]}