{"data": [{"id": "3decc6bfadaa436a105714c6ba9e00a4", "number": "4707650093", "date": "2021-01-23 12:30:00", "subject": "9", "recorded-or-robo": "Y", "city": "", "state": "GA", "area-code": "770"}, {"id": "03e293b3df9e35eadf15c561193471b7", "number": "4707650093", "date": "2021-01-23 12:30:00", "subject": "9", "recorded-or-robo": "Y", "city": "", "state": "GA", "area-code": "770"}, {"id": "3decc6bfadaa436a105714c6ba9df3f3", "number": "3144351434", "date": "2021-01-24 10:30:00", "subject": "1", "recorded-or-robo": "Y", "city": "", "state": "NY", "area-code": "315"}, {"id": "03e293b3df9e35eadf15c56119346b48", "number": "3144351434", "date": "2021-01-24 10:30:00", "subject": "1", "recorded-or-robo": "Y", "city": "", "state": "NY", "area-code": "315"}, {"id": "3decc6bfadaa436a105714c6ba9deffb", "number": "2314994424", "date": "2021-01-24 12:37:00", "subject": "2", "recorded-or-robo": "Y", "city": "Kaleva", "state": "MI", "area-code": "231"}, {"id": "03e293b3df9e35eadf15c5611934609d", "number": "2314994424", "date": "2021-01-24 12:37:00", "subject": "2", "recorded-or-robo": "Y", "city": "Kaleva", "state": "MI", "area-code": "231"}, {"id": "3decc6bfadaa436a105714c6ba9de030", "number": "3152328257", "date": "2021-01-24 09:13:00", "subject": "2", "recorded-or-robo": "Y", "city": "Logansport", "state": "IN", "area-code": "574"}, {"id": "03e293b3df9e35eadf15c56119345db1", "number": "3152328257", "date": "2021-01-24 09:13:00", "subject": "2", "recorded-or-robo": "Y", "city": "Logansport", "state": "IN", "area-code": "574"}, {"id": "3decc6bfadaa436a105714c6ba9dde93", "number": "8329988083", "date": "2021-01-24 11:34:00", "subject": "8", "recorded-or-robo": "Y", "city": "Southlake", "state": "TX", "area-code": "817"}, {"id": "03e293b3df9e35eadf15c56119344e89", "number": "8329988083", "date": "2021-01-24 11:34:00", "subject": "8", "recorded-or-robo": "Y", "city": "Southlake", "state": "TX", "area-code": "817"}, {"id": "3decc6bfadaa436a105714c6ba9dd576", "number": "7062523194", "date": "2021-01-24 12:16:00", "subject": "9", "recorded-or-robo": "Y", "city": "", "state": "GA", "area-code": "770"}, {"id": "03e293b3df9e35eadf15c56119343eb0", "number": "7062523194", "date": "2021-01-24 12:16:00", "subject": "9", "recorded-or-robo": "Y", "city": "", "state": "GA", "area-code": "770"}, {"id": "3decc6bfadaa436a105714c6ba9dcebd", "number": "8137561262", "date": "2021-01-24 12:34:00", "subject": "0", "recorded-or-robo": "Y", "city": "Winter Haven", "state": "FL", "area-code": "863"}, {"id": "03e293b3df9e35eadf15c56119343e4c", "number": "8137561262", "date": "2021-01-24 12:34:00", "subject": "0", "recorded-or-robo": "Y", "city": "Winter Haven", "state": "FL", "area-code": "863"}, {"id": "3decc6bfadaa436a105714c6ba9dccfc", "number": "2019198304", "date": "2021-01-24 11:52:00", "subject": "11", "recorded-or-robo": "Y", "city": "", "state": "MD", "area-code": "201"}, {"id": "03e293b3df9e35eadf15c56119343266", "number": "2019198304", "date": "2021-01-24 11:52:00", "subject": "11", "recorded-or-robo": "Y", "city": "", "state": "MD", "area-code": "201"}, {"id": "3decc6bfadaa436a105714c6ba9dc3a6", "number": "", "date": "2020-01-20 11:08:00", "subject": "3", "recorded-or-robo": "Y", "city": "", "state": "FL", "area-code": "305"}, {"id": "03e293b3df9e35eadf15c56119342749", "number": "", "date": "2020-01-20 11:08:00", "subject": "3", "recorded-or-robo": "Y", "city": "", "state": "FL", "area-code": "305"}, {"id": "3decc6bfadaa436a105714c6ba9dbae3", "number": "2019232939", "date": "2021-01-23 16:31:00", "subject": "2", "recorded-or-robo": "", "city": "Pompton Plains", "state": "NJ", "area-code": "201"}, {"id": "03e293b3df9e35eadf15c561193418fe", "number": "2019232939", "date": "2021-01-23 16:31:00", "subject": "2", "recorded-or-robo": "", "city": "Pompton Plains", "state": "NJ", "area-code": "201"}, {"id": "3decc6bfadaa436a105714c6ba9db2f8", "number": "3012358054", "date": "2021-01-19 00:00:00", "subject": "2", "recorded-or-robo": "N", "city": "", "state": "MD", "area-code": "301"}, {"id": "03e293b3df9e35eadf15c56119340e5e", "number": "3012358054", "date": "2021-01-19 00:00:00", "subject": "2", "recorded-or-robo": "N", "city": "", "state": "MD", "area-code": "301"}, {"id": "3decc6bfadaa436a105714c6ba9dacf8", "number": "", "date": "2021-01-24 12:00:00", "subject": "1", "recorded-or-robo": "Y", "city": "Olathe", "state": "KS", "area-code": "913"}, {"id": "03e293b3df9e35eadf15c56119340cc2", "number": "", "date": "2021-01-24 12:00:00", "subject": "1", "recorded-or-robo": "Y", "city": "Olathe", "state": "KS", "area-code": "913"}, {"id": "3decc6bfadaa436a105714c6ba9da3ee", "number": "8135037931", "date": "2021-01-24 12:35:00", "subject": "11", "recorded-or-robo": "N", "city": "", "state": "FL", "area-code": "813"}, {"id": "03e293b3df9e35eadf15c5611934086a", "number": "8135037931", "date": "2021-01-24 12:35:00", "subject": "11", "recorded-or-robo": "N", "city": "", "state": "FL", "area-code": "813"}, {"id": "3decc6bfadaa436a105714c6ba9d9bd1", "number": "3152328257", "date": "2021-01-24 12:12:00", "subject": "11", "recorded-or-robo": "Y", "city": "New Carlisle", "state": "IN", "area-code": "574"}, {"id": "03e293b3df9e35eadf15c56119340187", "number": "3152328257", "date": "2021-01-24 12:12:00", "subject": "11", "recorded-or-robo": "Y", "city": "New Carlisle", "state": "IN", "area-code": "574"}, {"id": "3decc6bfadaa436a105714c6ba9d96e9", "number": "2036107029", "date": "2021-01-22 17:52:00", "subject": "0", "recorded-or-robo": "Y", "city": "", "state": "CT", "area-code": "203"}, {"id": "03e293b3df9e35eadf15c5611933ff3a", "number": "2036107029", "date": "2021-01-22 17:52:00", "subject": "0", "recorded-or-robo": "Y", "city": "", "state": "CT", "area-code": "203"}, {"id": "3decc6bfadaa436a105714c6ba9d8eb1", "number": "3019088438", "date": "2021-01-19 00:00:00", "subject": "3", "recorded-or-robo": "N", "city": "", "state": "MD", "area-code": "301"}, {"id": "03e293b3df9e35eadf15c5611933f762", "number": "3019088438", "date": "2021-01-19 00:00:00", "subject": "3", "recorded-or-robo": "N", "city": "", "state": "MD", "area-code": "301"}, {"id": "3decc6bfadaa436a105714c6ba9d893b", "number": "8007707657", "date": "2021-01-23 00:00:00", "subject": "1", "recorded-or-robo": "Y", "city": "Reston", "state": "VA", "area-code": "517"}, {"id": "03e293b3df9e35eadf15c5611933e7d1", "number": "8007707657", "date": "2021-01-23 00:00:00", "subject": "1", "recorded-or-robo": "Y", "city": "Reston", "state": "VA", "area-code": "517"}, {"id": "3decc6bfadaa436a105714c6ba9d8159", "number": "2887123262", "date": "2021-01-24 08:20:00", "subject": "1", "recorded-or-robo": "Y", "city": "Scottsdale", "state": "AZ", "area-code": "480"}, {"id": "03e293b3df9e35eadf15c5611933e6b2", "number": "2887123262", "date": "2021-01-24 08:20:00", "subject": "1", "recorded-or-robo": "Y", "city": "Scottsdale", "state": "AZ", "area-code": "480"}, {"id": "3decc6bfadaa436a105714c6ba9d7bc9", "number": "2019195615", "date": "2021-01-24 11:17:00", "subject": "11", "recorded-or-robo": "Y", "city": "", "state": "MD", "area-code": "201"}, {"id": "03e293b3df9e35eadf15c5611933dd82", "number": "2019195615", "date": "2021-01-24 11:17:00", "subject": "11", "recorded-or-robo": "Y", "city": "", "state": "MD", "area-code": "201"}, {"id": "3decc6bfadaa436a105714c6ba9d7ad4", "number": "3012153275", "date": "2021-01-19 00:00:00", "subject": "2", "recorded-or-robo": "N", "city": "", "state": "MD", "area-code": "301"}, {"id": "03e293b3df9e35eadf15c5611933d763", "number": "3012153275", "date": "2021-01-19 00:00:00", "subject": "2", "recorded-or-robo": "N", "city": "", "state": "MD", "area-code": "301"}, {"id": "3decc6bfadaa436a105714c6ba9d6c3b", "number": "5625992920", "date": "2021-01-22 00:00:00", "subject": "0", "recorded-or-robo": "Y", "city": "Cerritos", "state": "CA", "area-code": "562"}, {"id": "03e293b3df9e35eadf15c5611933d6e7", "number": "5625992920", "date": "2021-01-22 00:00:00", "subject": "0", "recorded-or-robo": "Y", "city": "Cerritos", "state": "CA", "area-code": "562"}, {"id": "3decc6bfadaa436a105714c6ba9d61b1", "number": "2025584964", "date": "2021-01-23 20:12:00", "subject": "0", "recorded-or-robo": "Y", "city": "Hendersonville", "state": "NC", "area-code": "828"}, {"id": "03e293b3df9e35eadf15c5611933d28f", "number": "2025584964", "date": "2021-01-23 20:12:00", "subject": "0", "recorded-or-robo": "Y", "city": "Hendersonville", "state": "NC", "area-code": "828"}, {"id": "3decc6bfadaa436a105714c6ba9d604b", "number": "7284563741", "date": "2021-01-23 12:09:00", "subject": "1", "recorded-or-robo": "Y", "city": "Scottsdale", "state": "AZ", "area-code": "480"}, {"id": "03e293b3df9e35eadf15c5611933cbd2", "number": "7284563741", "date": "2021-01-23 12:09:00", "subject": "1", "recorded-or-robo": "Y", "city": "Scottsdale", "state": "AZ", "area-code": "480"}, {"id": "3decc6bfadaa436a105714c6ba9d5baa", "number": "5628684999", "date": "2021-01-22 00:00:00", "subject": "0", "recorded-or-robo": "Y", "city": "Cerritos", "state": "CA", "area-code": "562"}, {"id": "03e293b3df9e35eadf15c5611933cba3", "number": "5628684999", "date": "2021-01-22 00:00:00", "subject": "0", "recorded-or-robo": "Y", "city": "Cerritos", "state": "CA", "area-code": "562"}, {"id": "3decc6bfadaa436a105714c6ba9d58e9", "number": "5036974097", "date": "2021-01-19 14:10:00", "subject": "3", "recorded-or-robo": "", "city": "Fairfax Station", "state": "VA", "area-code": "703"}, {"id": "03e293b3df9e35eadf15c5611933c16d", "number": "5036974097", "date": "2021-01-19 14:10:00", "subject": "3", "recorded-or-robo": "", "city": "Fairfax Station", "state": "VA", "area-code": "703"}]}