{"data": [{"id": "3decc6bfadaa436a105714c6ba62c8eb", "number": "4109381971", "date": "2021-01-22 10:15:00", "subject": "0", "recorded-or-robo": "Y", "city": "", "state": "MD", "area-code": "410"}, {"id": "1d36742e3f24f50e4e7ae82801f8da60", "number": "4109381971", "date": "2021-01-22 10:15:00", "subject": "0", "recorded-or-robo": "Y", "city": "", "state": "MD", "area-code": "410"}, {"id": "3decc6bfadaa436a105714c6ba62c7ce", "number": "7128773719", "date": "2021-01-23 08:25:00", "subject": "2", "recorded-or-robo": "Y", "city": "", "state": "WA", "area-code": "509"}, {"id": "1d36742e3f24f50e4e7ae82801f8d494", "number": "7128773719", "date": "2021-01-23 08:25:00", "subject": "2", "recorded-or-robo": "Y", "city": "", "state": "WA", "area-code": "509"}, {"id": "3decc6bfadaa436a105714c6ba62b8da", "number": "", "date": "2021-01-18 12:39:00", "subject": "12", "recorded-or-robo": "Y", "city": "Oceanside", "state": "CA", "area-code": "760"}, {"id": "1d36742e3f24f50e4e7ae82801f8c5be", "number": "", "date": "2021-01-18 12:39:00", "subject": "12", "recorded-or-robo": "Y", "city": "Oceanside", "state": "CA", "area-code": "760"}, {"id": "3decc6bfadaa436a105714c6ba62ab98", "number": "8775730222", "date": "2021-01-22 10:52:00", "subject": "3", "recorded-or-robo": "", "city": "", "state": "NC", "area-code": "252"}, {"id": "1d36742e3f24f50e4e7ae82801f8b6bb", "number": "8775730222", "date": "2021-01-22 10:52:00", "subject": "3", "recorded-or-robo": "", "city": "", "state": "NC", "area-code": "252"}, {"id": "3decc6bfadaa436a105714c6ba62ab0c", "number": "8325222130", "date": "2021-01-07 00:00:00", "subject": "1", "recorded-or-robo": "Y", "city": "Houston", "state": "TX", "area-code": "832"}, {"id": "1d36742e3f24f50e4e7ae82801f8aff9", "number": "8325222130", "date": "2021-01-07 00:00:00", "subject": "1", "recorded-or-robo": "Y", "city": "Houston", "state": "TX", "area-code": "832"}, {"id": "3decc6bfadaa436a105714c6ba62a5a8", "number": "3216765090", "date": "2021-01-23 19:34:00", "subject": "7", "recorded-or-robo": "Y", "city": "MELBOURNE", "state": "FL", "area-code": "321"}, {"id": "1d36742e3f24f50e4e7ae82801f8ab84", "number": "3216765090", "date": "2021-01-23 19:34:00", "subject": "7", "recorded-or-robo": "Y", "city": "MELBOURNE", "state": "FL", "area-code": "321"}, {"id": "3decc6bfadaa436a105714c6ba62a368", "number": "2159967425", "date": "2021-01-23 16:50:00", "subject": "0", "recorded-or-robo": "Y", "city": "Hendersonville", "state": "NC", "area-code": "828"}, {"id": "1d36742e3f24f50e4e7ae82801f8a4fc", "number": "2159967425", "date": "2021-01-23 16:50:00", "subject": "0", "recorded-or-robo": "Y", "city": "Hendersonville", "state": "NC", "area-code": "828"}, {"id": "3decc6bfadaa436a105714c6ba624439", "number": "", "date": "2021-01-23 00:00:00", "subject": "3", "recorded-or-robo": "N", "city": "", "state": "CA", "area-code": "415"}, {"id": "1d36742e3f24f50e4e7ae82801f84438", "number": "", "date": "2021-01-23 00:00:00", "subject": "3", "recorded-or-robo": "N", "city": "", "state": "CA", "area-code": "415"}, {"id": "3decc6bfadaa436a105714c6ba629ab0", "number": "2402387467", "date": "2021-01-22 10:53:00", "subject": "1", "recorded-or-robo": "Y", "city": "", "state": "MD", "area-code": "410"}, {"id": "1d36742e3f24f50e4e7ae82801f8a269", "number": "2402387467", "date": "2021-01-22 10:53:00", "subject": "1", "recorded-or-robo": "Y", "city": "", "state": "MD", "area-code": "410"}, {"id": "3decc6bfadaa436a105714c6ba62966a", "number": "8889820154", "date": "2021-01-23 00:00:00", "subject": "7", "recorded-or-robo": "N", "city": "DESERT HOT SPRINGS", "state": "CA", "area-code": "760"}, {"id": "1d36742e3f24f50e4e7ae82801f89cc8", "number": "8889820154", "date": "2021-01-23 00:00:00", "subject": "7", "recorded-or-robo": "N", "city": "DESERT HOT SPRINGS", "state": "CA", "area-code": "760"}, {"id": "3decc6bfadaa436a105714c6ba6293a5", "number": "4752522020", "date": "2021-01-15 13:44:00", "subject": "0", "recorded-or-robo": "N", "city": "Bethel", "state": "CT", "area-code": "203"}, {"id": "1d36742e3f24f50e4e7ae82801f89133", "number": "4752522020", "date": "2021-01-15 13:44:00", "subject": "0", "recorded-or-robo": "N", "city": "Bethel", "state": "CT", "area-code": "203"}, {"id": "3decc6bfadaa436a105714c6ba80402a", "number": "+14308031185", "date": "2021-01-23 19:37:27", "subject": "3", "recorded-or-robo": "Y", "city": "", "state": "TX", "area-code": "903"}, {"id": "03e293b3df9e35eadf15c56119169c79", "number": "+14308031185", "date": "2021-01-23 19:37:27", "subject": "3", "recorded-or-robo": "Y", "city": "", "state": "TX", "area-code": "903"}, {"id": "3decc6bfadaa436a105714c6ba6290fc", "number": "6015018583", "date": "2021-01-22 11:27:00", "subject": "3", "recorded-or-robo": "Y", "city": "", "state": "NC", "area-code": "252"}, {"id": "1d36742e3f24f50e4e7ae82801f890fb", "number": "6015018583", "date": "2021-01-22 11:27:00", "subject": "3", "recorded-or-robo": "Y", "city": "", "state": "NC", "area-code": "252"}, {"id": "3decc6bfadaa436a105714c6ba62895d", "number": "3256672097", "date": "2021-01-11 00:00:00", "subject": "1", "recorded-or-robo": "Y", "city": "Houston", "state": "TX", "area-code": "832"}, {"id": "1d36742e3f24f50e4e7ae82801f8890b", "number": "3256672097", "date": "2021-01-11 00:00:00", "subject": "1", "recorded-or-robo": "Y", "city": "Houston", "state": "TX", "area-code": "832"}, {"id": "3decc6bfadaa436a105714c6ba628659", "number": "5167221222", "date": "2021-01-13 11:06:00", "subject": "0", "recorded-or-robo": "N", "city": "Evergreen", "state": "CO", "area-code": "303"}, {"id": "1d36742e3f24f50e4e7ae82801f87d88", "number": "5167221222", "date": "2021-01-13 11:06:00", "subject": "0", "recorded-or-robo": "N", "city": "Evergreen", "state": "CO", "area-code": "303"}, {"id": "3decc6bfadaa436a105714c6ba627fd7", "number": "", "date": "2020-01-22 06:30:00", "subject": "3", "recorded-or-robo": "Y", "city": "", "state": "TX", "area-code": "409"}, {"id": "1d36742e3f24f50e4e7ae82801f87d16", "number": "", "date": "2020-01-22 06:30:00", "subject": "3", "recorded-or-robo": "Y", "city": "", "state": "TX", "area-code": "409"}, {"id": "3decc6bfadaa436a105714c6ba627195", "number": "2032044152", "date": "2021-01-23 18:44:00", "subject": "0", "recorded-or-robo": "Y", "city": "", "state": "CT", "area-code": "203"}, {"id": "1d36742e3f24f50e4e7ae82801f87c5a", "number": "2032044152", "date": "2021-01-23 18:44:00", "subject": "0", "recorded-or-robo": "Y", "city": "", "state": "CT", "area-code": "203"}, {"id": "3decc6bfadaa436a105714c6ba626914", "number": "4074043168", "date": "2021-01-23 05:00:00", "subject": "4", "recorded-or-robo": "Y", "city": "", "state": "MN", "area-code": "651"}, {"id": "1d36742e3f24f50e4e7ae82801f87171", "number": "4074043168", "date": "2021-01-23 05:00:00", "subject": "4", "recorded-or-robo": "Y", "city": "", "state": "MN", "area-code": "651"}, {"id": "3decc6bfadaa436a105714c6ba6262d9", "number": "4109381971", "date": "2021-01-22 10:00:00", "subject": "0", "recorded-or-robo": "Y", "city": "", "state": "MD", "area-code": "410"}, {"id": "1d36742e3f24f50e4e7ae82801f865d7", "number": "4109381971", "date": "2021-01-22 10:00:00", "subject": "0", "recorded-or-robo": "Y", "city": "", "state": "MD", "area-code": "410"}, {"id": "3decc6bfadaa436a105714c6ba6258cf", "number": "", "date": "2021-01-23 13:16:00", "subject": "1", "recorded-or-robo": "Y", "city": "Kennewick", "state": "WA", "area-code": "509"}, {"id": "1d36742e3f24f50e4e7ae82801f859f2", "number": "", "date": "2021-01-23 13:16:00", "subject": "1", "recorded-or-robo": "Y", "city": "Kennewick", "state": "WA", "area-code": "509"}, {"id": "3decc6bfadaa436a105714c6ba625872", "number": "4070000", "date": "2021-01-15 00:00:00", "subject": "1", "recorded-or-robo": "Y", "city": "Houston", "state": "TX", "area-code": "832"}, {"id": "1d36742e3f24f50e4e7ae82801f85186", "number": "4070000", "date": "2021-01-15 00:00:00", "subject": "1", "recorded-or-robo": "Y", "city": "Houston", "state": "TX", "area-code": "832"}, {"id": "3decc6bfadaa436a105714c6ba6254de", "number": "9192613834", "date": "2021-01-22 11:56:00", "subject": "3", "recorded-or-robo": "Y", "city": "", "state": "NC", "area-code": "252"}, {"id": "1d36742e3f24f50e4e7ae82801f84c30", "number": "9192613834", "date": "2021-01-22 11:56:00", "subject": "3", "recorded-or-robo": "Y", "city": "", "state": "NC", "area-code": "252"}, {"id": "3decc6bfadaa436a105714c6ba624897", "number": "", "date": "2021-01-23 20:05:00", "subject": "2", "recorded-or-robo": "Y", "city": "Buffalo", "state": "NY", "area-code": "716"}, {"id": "1d36742e3f24f50e4e7ae82801f84b38", "number": "", "date": "2021-01-23 20:05:00", "subject": "2", "recorded-or-robo": "Y", "city": "Buffalo", "state": "NY", "area-code": "716"}, {"id": "3decc6bfadaa436a105714c6ba80258b", "number": "2074309954", "date": "2021-01-23 19:36:00", "subject": "3", "recorded-or-robo": "Y", "city": "", "state": "ME", "area-code": "207"}, {"id": "03e293b3df9e35eadf15c56119168af6", "number": "2074309954", "date": "2021-01-23 19:36:00", "subject": "3", "recorded-or-robo": "Y", "city": "", "state": "ME", "area-code": "207"}, {"id": "3decc6bfadaa436a105714c6ba6236e7", "number": "2405567632", "date": "2021-01-23 09:56:00", "subject": "13", "recorded-or-robo": "N", "city": "", "state": "AL", "area-code": "256"}, {"id": "1d36742e3f24f50e4e7ae82801f8370a", "number": "2405567632", "date": "2021-01-23 09:56:00", "subject": "13", "recorded-or-robo": "N", "city": "", "state": "AL", "area-code": "256"}]}