{"data": [{"id": "3decc6bfadaa436a105714c6babadbaf", "number": "9362770629", "date": "2021-01-24 13:33:00", "subject": "2", "recorded-or-robo": "Y", "city": "", "state": "TX", "area-code": "936"}, {"id": "03e293b3df9e35eadf15c561195126d6", "number": "9362770629", "date": "2021-01-24 13:33:00", "subject": "2", "recorded-or-robo": "Y", "city": "", "state": "TX", "area-code": "936"}, {"id": "3decc6bfadaa436a105714c6babad8a0", "number": "3152328257", "date": "2021-01-24 11:42:00", "subject": "2", "recorded-or-robo": "Y", "city": "Zephyrhills", "state": "FL", "area-code": "813"}, {"id": "03e293b3df9e35eadf15c56119511767", "number": "3152328257", "date": "2021-01-24 11:42:00", "subject": "2", "recorded-or-robo": "Y", "city": "Zephyrhills", "state": "FL", "area-code": "813"}, {"id": "3decc6bfadaa436a105714c6babacc48", "number": "5402163610", "date": "2021-01-24 00:00:00", "subject": "2", "recorded-or-robo": "Y", "city": "Culpeper", "state": "VA", "area-code": "540"}, {"id": "03e293b3df9e35eadf15c56119510bf0", "number": "5402163610", "date": "2021-01-24 00:00:00", "subject": "2", "recorded-or-robo": "Y", "city": "Culpeper", "state": "VA", "area-code": "540"}, {"id": "3decc6bfadaa436a105714c6babac256", "number": "7024253619", "date": "2021-01-23 11:51:00", "subject": "3", "recorded-or-robo": "Y", "city": "", "state": "NV", "area-code": "702"}, {"id": "03e293b3df9e35eadf15c56119510488", "number": "7024253619", "date": "2021-01-23 11:51:00", "subject": "3", "recorded-or-robo": "Y", "city": "", "state": "NV", "area-code": "702"}, {"id": "3decc6bfadaa436a105714c6babab283", "number": "1314740754", "date": "2021-01-24 15:40:00", "subject": "1", "recorded-or-robo": "Y", "city": "Chicago", "state": "IL", "area-code": "314"}, {"id": "03e293b3df9e35eadf15c5611950fb9b", "number": "1314740754", "date": "2021-01-24 15:40:00", "subject": "1", "recorded-or-robo": "Y", "city": "Chicago", "state": "IL", "area-code": "314"}, {"id": "3decc6bfadaa436a105714c6babaa2a2", "number": "9362270625", "date": "2021-01-24 00:00:00", "subject": "2", "recorded-or-robo": "Y", "city": "", "state": "TX", "area-code": "936"}, {"id": "03e293b3df9e35eadf15c5611950eee5", "number": "9362270625", "date": "2021-01-24 00:00:00", "subject": "2", "recorded-or-robo": "Y", "city": "", "state": "TX", "area-code": "936"}, {"id": "3decc6bfadaa436a105714c6babaa145", "number": "6184333734", "date": "2021-01-21 09:08:00", "subject": "2", "recorded-or-robo": "Y", "city": "Chesapeake", "state": "VA", "area-code": "757"}, {"id": "03e293b3df9e35eadf15c5611950e67a", "number": "6184333734", "date": "2021-01-21 09:08:00", "subject": "2", "recorded-or-robo": "Y", "city": "Chesapeake", "state": "VA", "area-code": "757"}, {"id": "3decc6bfadaa436a105714c6baba97ed", "number": "7324019918", "date": "2021-01-24 16:03:00", "subject": "0", "recorded-or-robo": "Y", "city": "", "state": "NJ", "area-code": "732"}, {"id": "03e293b3df9e35eadf15c5611950db61", "number": "7324019918", "date": "2021-01-24 16:03:00", "subject": "0", "recorded-or-robo": "Y", "city": "", "state": "NJ", "area-code": "732"}, {"id": "3decc6bfadaa436a105714c6baba8cb2", "number": "8885454199", "date": "2021-01-21 03:59:00", "subject": "2", "recorded-or-robo": "Y", "city": "Apollo Beach", "state": "FL", "area-code": "443"}, {"id": "03e293b3df9e35eadf15c5611950d9ff", "number": "8885454199", "date": "2021-01-21 03:59:00", "subject": "2", "recorded-or-robo": "Y", "city": "Apollo Beach", "state": "FL", "area-code": "443"}, {"id": "3decc6bfadaa436a105714c6baba827f", "number": "6058243323", "date": "2021-01-21 10:29:00", "subject": "2", "recorded-or-robo": "Y", "city": "Chesapeake", "state": "VA", "area-code": "757"}, {"id": "03e293b3df9e35eadf15c5611950cb37", "number": "6058243323", "date": "2021-01-21 10:29:00", "subject": "2", "recorded-or-robo": "Y", "city": "Chesapeake", "state": "VA", "area-code": "757"}, {"id": "3decc6bfadaa436a105714c6baba7f69", "number": "8042076361", "date": "2021-01-21 19:55:00", "subject": "2", "recorded-or-robo": "", "city": "Fort Lupton", "state": "CO", "area-code": "303"}, {"id": "03e293b3df9e35eadf15c5611950c6de", "number": "8042076361", "date": "2021-01-21 19:55:00", "subject": "2", "recorded-or-robo": "", "city": "Fort Lupton", "state": "CO", "area-code": "303"}, {"id": "3decc6bfadaa436a105714c6baba7d83", "number": "7252397745", "date": "2021-01-23 13:01:00", "subject": "3", "recorded-or-robo": "Y", "city": "", "state": "NV", "area-code": "702"}, {"id": "03e293b3df9e35eadf15c5611950b9e7", "number": "7252397745", "date": "2021-01-23 13:01:00", "subject": "3", "recorded-or-robo": "Y", "city": "", "state": "NV", "area-code": "702"}, {"id": "3decc6bfadaa436a105714c6baba7ab2", "number": "2169061138", "date": "2021-01-24 14:02:00", "subject": "0", "recorded-or-robo": "Y", "city": "Ohio", "state": "OH", "area-code": "216"}, {"id": "03e293b3df9e35eadf15c5611950b747", "number": "2169061138", "date": "2021-01-24 14:02:00", "subject": "0", "recorded-or-robo": "Y", "city": "Ohio", "state": "OH", "area-code": "216"}, {"id": "3decc6bfadaa436a105714c6baba7428", "number": "", "date": "2021-01-22 14:04:00", "subject": "3", "recorded-or-robo": "Y", "city": "", "state": "MD", "area-code": "410"}, {"id": "03e293b3df9e35eadf15c5611950b057", "number": "", "date": "2021-01-22 14:04:00", "subject": "3", "recorded-or-robo": "Y", "city": "", "state": "MD", "area-code": "410"}, {"id": "3decc6bfadaa436a105714c6baba727d", "number": "9413791954", "date": "2021-01-23 10:25:00", "subject": "3", "recorded-or-robo": "N", "city": "", "state": "TX", "area-code": "210"}, {"id": "03e293b3df9e35eadf15c5611950af03", "number": "9413791954", "date": "2021-01-23 10:25:00", "subject": "3", "recorded-or-robo": "N", "city": "", "state": "TX", "area-code": "210"}, {"id": "3decc6bfadaa436a105714c6baba64b1", "number": "4063093377", "date": "2021-01-21 12:18:00", "subject": "2", "recorded-or-robo": "Y", "city": "Chesapeake", "state": "VA", "area-code": "757"}, {"id": "03e293b3df9e35eadf15c5611950a8b7", "number": "4063093377", "date": "2021-01-21 12:18:00", "subject": "2", "recorded-or-robo": "Y", "city": "Chesapeake", "state": "VA", "area-code": "757"}, {"id": "3decc6bfadaa436a105714c6baba5850", "number": "3034486318", "date": "2021-01-23 08:43:00", "subject": "2", "recorded-or-robo": "", "city": "Fort Lupton", "state": "CO", "area-code": "303"}, {"id": "03e293b3df9e35eadf15c56119509db6", "number": "3034486318", "date": "2021-01-23 08:43:00", "subject": "2", "recorded-or-robo": "", "city": "Fort Lupton", "state": "CO", "area-code": "303"}, {"id": "3decc6bfadaa436a105714c6baba4ac5", "number": "2103554701", "date": "2021-01-22 15:44:00", "subject": "3", "recorded-or-robo": "N", "city": "", "state": "TX", "area-code": "210"}, {"id": "03e293b3df9e35eadf15c56119508e38", "number": "2103554701", "date": "2021-01-22 15:44:00", "subject": "3", "recorded-or-robo": "N", "city": "", "state": "TX", "area-code": "210"}, {"id": "3decc6bfadaa436a105714c6baba4649", "number": "8326224488", "date": "2021-01-01 14:15:00", "subject": "0", "recorded-or-robo": "N", "city": "", "state": "TX", "area-code": "713"}, {"id": "03e293b3df9e35eadf15c56119508dda", "number": "8326224488", "date": "2021-01-01 14:15:00", "subject": "0", "recorded-or-robo": "N", "city": "", "state": "TX", "area-code": "713"}, {"id": "3decc6bfadaa436a105714c6baba39f6", "number": "2066692937", "date": "2021-01-24 12:13:00", "subject": "1", "recorded-or-robo": "Y", "city": "Bellevue", "state": "WA", "area-code": "206"}, {"id": "03e293b3df9e35eadf15c56119508728", "number": "2066692937", "date": "2021-01-24 12:13:00", "subject": "1", "recorded-or-robo": "Y", "city": "Bellevue", "state": "WA", "area-code": "206"}, {"id": "3decc6bfadaa436a105714c6baba2edf", "number": "", "date": "2021-01-22 16:08:00", "subject": "3", "recorded-or-robo": "Y", "city": "", "state": "MD", "area-code": "410"}, {"id": "03e293b3df9e35eadf15c561195080bc", "number": "", "date": "2021-01-22 16:08:00", "subject": "3", "recorded-or-robo": "Y", "city": "", "state": "MD", "area-code": "410"}, {"id": "3decc6bfadaa436a105714c6baba2ed8", "number": "2108991677", "date": "2021-01-22 13:53:00", "subject": "3", "recorded-or-robo": "N", "city": "", "state": "TX", "area-code": "210"}, {"id": "3decc6bfadaa436a105714c6baba2712", "number": "2082165055", "date": "2021-01-21 15:29:00", "subject": "2", "recorded-or-robo": "Y", "city": "Chesapeake", "state": "VA", "area-code": "757"}, {"id": "03e293b3df9e35eadf15c561195074bc", "number": "2108991677", "date": "2021-01-22 13:53:00", "subject": "3", "recorded-or-robo": "N", "city": "", "state": "TX", "area-code": "210"}, {"id": "03e293b3df9e35eadf15c5611950729c", "number": "2082165055", "date": "2021-01-21 15:29:00", "subject": "2", "recorded-or-robo": "Y", "city": "Chesapeake", "state": "VA", "area-code": "757"}, {"id": "3decc6bfadaa436a105714c6baba1836", "number": "7252397745", "date": "2021-01-23 13:01:00", "subject": "3", "recorded-or-robo": "Y", "city": "", "state": "NV", "area-code": "702"}, {"id": "3decc6bfadaa436a105714c6baba08ba", "number": "8556783826", "date": "2021-01-24 16:34:00", "subject": "11", "recorded-or-robo": "Y", "city": "Wesley Chapel", "state": "FL", "area-code": "813"}, {"id": "03e293b3df9e35eadf15c5611950715d", "number": "7252397745", "date": "2021-01-23 13:01:00", "subject": "3", "recorded-or-robo": "Y", "city": "", "state": "NV", "area-code": "702"}, {"id": "03e293b3df9e35eadf15c56119506999", "number": "8556783826", "date": "2021-01-24 16:34:00", "subject": "11", "recorded-or-robo": "Y", "city": "Wesley Chapel", "state": "FL", "area-code": "813"}]}