{"data": [{"id": "3decc6bfadaa436a105714c6bac505a7", "number": "3143635332", "date": "2021-01-24 14:15:00", "subject": "1", "recorded-or-robo": "Y", "city": "St Louis", "state": "MO", "area-code": "314"}, {"id": "03e293b3df9e35eadf15c561195b2622", "number": "3143635332", "date": "2021-01-24 14:15:00", "subject": "1", "recorded-or-robo": "Y", "city": "St Louis", "state": "MO", "area-code": "314"}, {"id": "3decc6bfadaa436a105714c6bac4f80c", "number": "2396881036", "date": "2021-01-23 13:25:00", "subject": "3", "recorded-or-robo": "Y", "city": "", "state": "FL", "area-code": "772"}, {"id": "03e293b3df9e35eadf15c561195b1cf4", "number": "2396881036", "date": "2021-01-23 13:25:00", "subject": "3", "recorded-or-robo": "Y", "city": "", "state": "FL", "area-code": "772"}, {"id": "3decc6bfadaa436a105714c6bac4ea12", "number": "3143637547", "date": "2021-01-24 14:37:00", "subject": "1", "recorded-or-robo": "Y", "city": "St Louis", "state": "MO", "area-code": "314"}, {"id": "03e293b3df9e35eadf15c561195b12d0", "number": "3143637547", "date": "2021-01-24 14:37:00", "subject": "1", "recorded-or-robo": "Y", "city": "St Louis", "state": "MO", "area-code": "314"}, {"id": "3decc6bfadaa436a105714c6bac4e86d", "number": "4405423014", "date": "2021-01-24 18:24:00", "subject": "1", "recorded-or-robo": "Y", "city": "", "state": "OH", "area-code": "440"}, {"id": "03e293b3df9e35eadf15c561195b0b59", "number": "4405423014", "date": "2021-01-24 18:24:00", "subject": "1", "recorded-or-robo": "Y", "city": "", "state": "OH", "area-code": "440"}, {"id": "3decc6bfadaa436a105714c6bac4e345", "number": "6079672284", "date": "2021-01-24 18:23:00", "subject": "1", "recorded-or-robo": "Y", "city": "", "state": "NY", "area-code": "607"}, {"id": "03e293b3df9e35eadf15c561195b09c5", "number": "6079672284", "date": "2021-01-24 18:23:00", "subject": "1", "recorded-or-robo": "Y", "city": "", "state": "NY", "area-code": "607"}, {"id": "3decc6bfadaa436a105714c6bac4da02", "number": "2396881594", "date": "2021-01-23 13:31:00", "subject": "3", "recorded-or-robo": "Y", "city": "", "state": "FL", "area-code": "772"}, {"id": "03e293b3df9e35eadf15c561195afc92", "number": "2396881594", "date": "2021-01-23 13:31:00", "subject": "3", "recorded-or-robo": "Y", "city": "", "state": "FL", "area-code": "772"}, {"id": "3decc6bfadaa436a105714c6bac4d757", "number": "2063337641", "date": "2021-01-24 03:00:00", "subject": "2", "recorded-or-robo": "N", "city": "Trinity", "state": "FL", "area-code": "727"}, {"id": "03e293b3df9e35eadf15c561195af6f8", "number": "2063337641", "date": "2021-01-24 03:00:00", "subject": "2", "recorded-or-robo": "N", "city": "Trinity", "state": "FL", "area-code": "727"}, {"id": "3decc6bfadaa436a105714c6bac4d094", "number": "8556783003", "date": "2021-01-24 17:09:00", "subject": "1", "recorded-or-robo": "Y", "city": "Bentonville", "state": "AR", "area-code": "503"}, {"id": "03e293b3df9e35eadf15c561195aeb2e", "number": "8556783003", "date": "2021-01-24 17:09:00", "subject": "1", "recorded-or-robo": "Y", "city": "Bentonville", "state": "AR", "area-code": "503"}, {"id": "3decc6bfadaa436a105714c6bac4ca3b", "number": "", "date": "2021-01-24 16:41:00", "subject": "1", "recorded-or-robo": "Y", "city": "Warrensburg", "state": "MO", "area-code": "660"}, {"id": "03e293b3df9e35eadf15c561195aea71", "number": "", "date": "2021-01-24 16:41:00", "subject": "1", "recorded-or-robo": "Y", "city": "Warrensburg", "state": "MO", "area-code": "660"}, {"id": "3decc6bfadaa436a105714c6bac4bbec", "number": "4417902", "date": "2021-01-13 11:04:00", "subject": "2", "recorded-or-robo": "Y", "city": "Winchester", "state": "KY", "area-code": "859"}, {"id": "03e293b3df9e35eadf15c561195aea50", "number": "4417902", "date": "2021-01-13 11:04:00", "subject": "2", "recorded-or-robo": "Y", "city": "Winchester", "state": "KY", "area-code": "859"}, {"id": "3decc6bfadaa436a105714c6bac4b425", "number": "2316802492", "date": "2021-01-24 18:06:00", "subject": "0", "recorded-or-robo": "Y", "city": "", "state": "", "area-code": "866"}, {"id": "3decc6bfadaa436a105714c6bac4aa6f", "number": "", "date": "2021-01-24 15:26:00", "subject": "1", "recorded-or-robo": "Y", "city": "Ballwin", "state": "MO", "area-code": "314"}, {"id": "03e293b3df9e35eadf15c561195ae133", "number": "2316802492", "date": "2021-01-24 18:06:00", "subject": "0", "recorded-or-robo": "Y", "city": "", "state": "", "area-code": "866"}, {"id": "03e293b3df9e35eadf15c561195ad96b", "number": "", "date": "2021-01-24 15:26:00", "subject": "1", "recorded-or-robo": "Y", "city": "Ballwin", "state": "MO", "area-code": "314"}, {"id": "3decc6bfadaa436a105714c6bac4a117", "number": "4417902", "date": "2021-01-13 11:04:00", "subject": "2", "recorded-or-robo": "Y", "city": "Winchester", "state": "KY", "area-code": "859"}, {"id": "03e293b3df9e35eadf15c561195acf4a", "number": "4417902", "date": "2021-01-13 11:04:00", "subject": "2", "recorded-or-robo": "Y", "city": "Winchester", "state": "KY", "area-code": "859"}, {"id": "3decc6bfadaa436a105714c6bac49d59", "number": "3143636933", "date": "2021-01-24 17:20:00", "subject": "1", "recorded-or-robo": "Y", "city": "St Louis", "state": "MO", "area-code": "314"}, {"id": "03e293b3df9e35eadf15c561195ac5df", "number": "3143636933", "date": "2021-01-24 17:20:00", "subject": "1", "recorded-or-robo": "Y", "city": "St Louis", "state": "MO", "area-code": "314"}, {"id": "3decc6bfadaa436a105714c6bac48e1c", "number": "2053581", "date": "2021-01-13 13:17:00", "subject": "2", "recorded-or-robo": "Y", "city": "Winchester", "state": "KY", "area-code": "859"}, {"id": "03e293b3df9e35eadf15c561195abaaf", "number": "2053581", "date": "2021-01-13 13:17:00", "subject": "2", "recorded-or-robo": "Y", "city": "Winchester", "state": "KY", "area-code": "859"}, {"id": "3decc6bfadaa436a105714c6bac48ad6", "number": "7203173563", "date": "2021-01-18 13:56:00", "subject": "2", "recorded-or-robo": "Y", "city": "Irving", "state": "TX", "area-code": "972"}, {"id": "03e293b3df9e35eadf15c561195ab201", "number": "7203173563", "date": "2021-01-18 13:56:00", "subject": "2", "recorded-or-robo": "Y", "city": "Irving", "state": "TX", "area-code": "972"}, {"id": "3decc6bfadaa436a105714c6bac48592", "number": "3758176", "date": "2021-01-13 18:18:00", "subject": "2", "recorded-or-robo": "Y", "city": "Winchester", "state": "KY", "area-code": "859"}, {"id": "03e293b3df9e35eadf15c561195aab90", "number": "3758176", "date": "2021-01-13 18:18:00", "subject": "2", "recorded-or-robo": "Y", "city": "Winchester", "state": "KY", "area-code": "859"}, {"id": "3decc6bfadaa436a105714c6bac4813d", "number": "8089835832", "date": "2021-01-22 11:30:00", "subject": "2", "recorded-or-robo": "N", "city": "Kailua", "state": "HI", "area-code": "808"}, {"id": "03e293b3df9e35eadf15c561195aa7eb", "number": "8089835832", "date": "2021-01-22 11:30:00", "subject": "2", "recorded-or-robo": "N", "city": "Kailua", "state": "HI", "area-code": "808"}, {"id": "3decc6bfadaa436a105714c6bac47e41", "number": "0153771", "date": "2021-01-14 10:19:00", "subject": "2", "recorded-or-robo": "Y", "city": "Winchester", "state": "KY", "area-code": "859"}, {"id": "03e293b3df9e35eadf15c561195a9d31", "number": "0153771", "date": "2021-01-14 10:19:00", "subject": "2", "recorded-or-robo": "Y", "city": "Winchester", "state": "KY", "area-code": "859"}, {"id": "3decc6bfadaa436a105714c6bac47208", "number": "2017750780", "date": "2021-01-20 11:10:00", "subject": "2", "recorded-or-robo": "", "city": "Hasbrouck Heights", "state": "NJ", "area-code": "201"}, {"id": "03e293b3df9e35eadf15c561195a95eb", "number": "2017750780", "date": "2021-01-20 11:10:00", "subject": "2", "recorded-or-robo": "", "city": "Hasbrouck Heights", "state": "NJ", "area-code": "201"}, {"id": "3decc6bfadaa436a105714c6bac46b3a", "number": "2012897882", "date": "2021-01-20 11:54:00", "subject": "2", "recorded-or-robo": "", "city": "Hasbrouck Heights", "state": "NJ", "area-code": "201"}, {"id": "03e293b3df9e35eadf15c561195a9458", "number": "2012897882", "date": "2021-01-20 11:54:00", "subject": "2", "recorded-or-robo": "", "city": "Hasbrouck Heights", "state": "NJ", "area-code": "201"}, {"id": "3decc6bfadaa436a105714c6bac45da2", "number": "9101917", "date": "2021-01-16 11:04:00", "subject": "2", "recorded-or-robo": "Y", "city": "Winchester", "state": "KY", "area-code": "859"}, {"id": "03e293b3df9e35eadf15c561195a846a", "number": "9101917", "date": "2021-01-16 11:04:00", "subject": "2", "recorded-or-robo": "Y", "city": "Winchester", "state": "KY", "area-code": "859"}, {"id": "3decc6bfadaa436a105714c6bac458f1", "number": "6074341762", "date": "2021-01-24 18:07:00", "subject": "2", "recorded-or-robo": "Y", "city": "Clinton", "state": "NY", "area-code": "607"}, {"id": "03e293b3df9e35eadf15c561195a76e7", "number": "6074341762", "date": "2021-01-24 18:07:00", "subject": "2", "recorded-or-robo": "Y", "city": "Clinton", "state": "NY", "area-code": "607"}, {"id": "3decc6bfadaa436a105714c6bac4529e", "number": "8084707186", "date": "2021-01-22 11:54:00", "subject": "0", "recorded-or-robo": "N", "city": "", "state": "HI", "area-code": "808"}, {"id": "03e293b3df9e35eadf15c561195a73db", "number": "8084707186", "date": "2021-01-22 11:54:00", "subject": "0", "recorded-or-robo": "N", "city": "", "state": "HI", "area-code": "808"}, {"id": "3decc6bfadaa436a105714c6bac450c4", "number": "2012884704", "date": "2021-01-20 13:06:00", "subject": "2", "recorded-or-robo": "", "city": "Hasbrouck Heights", "state": "NJ", "area-code": "201"}, {"id": "03e293b3df9e35eadf15c561195a6894", "number": "2012884704", "date": "2021-01-20 13:06:00", "subject": "2", "recorded-or-robo": "", "city": "Hasbrouck Heights", "state": "NJ", "area-code": "201"}]}