{"data": [{"id": "3decc6bfadaa436a105714c6babf768a", "number": "8554189359", "date": "2021-01-24 14:30:00", "subject": "1", "recorded-or-robo": "Y", "city": "Plano", "state": "TX", "area-code": "972"}, {"id": "03e293b3df9e35eadf15c5611955edf0", "number": "8554189359", "date": "2021-01-24 14:30:00", "subject": "1", "recorded-or-robo": "Y", "city": "Plano", "state": "TX", "area-code": "972"}, {"id": "3decc6bfadaa436a105714c6babf762d", "number": "4256442225", "date": "2021-01-24 14:20:00", "subject": "1", "recorded-or-robo": "Y", "city": "BELLEVUE", "state": "WA", "area-code": "425"}, {"id": "03e293b3df9e35eadf15c5611955e9d3", "number": "4256442225", "date": "2021-01-24 14:20:00", "subject": "1", "recorded-or-robo": "Y", "city": "BELLEVUE", "state": "WA", "area-code": "425"}, {"id": "3decc6bfadaa436a105714c6babf6bf0", "number": "2108982790", "date": "2021-01-24 15:51:00", "subject": "2", "recorded-or-robo": "N", "city": "Houston", "state": "TX", "area-code": "281"}, {"id": "03e293b3df9e35eadf15c5611955dcd1", "number": "2108982790", "date": "2021-01-24 15:51:00", "subject": "2", "recorded-or-robo": "N", "city": "Houston", "state": "TX", "area-code": "281"}, {"id": "3decc6bfadaa436a105714c6babf65ac", "number": "3343126503", "date": "2021-01-24 13:45:00", "subject": "1", "recorded-or-robo": "Y", "city": "Saint Petersburg", "state": "AL", "area-code": "334"}, {"id": "03e293b3df9e35eadf15c5611955d3f4", "number": "3343126503", "date": "2021-01-24 13:45:00", "subject": "1", "recorded-or-robo": "Y", "city": "Saint Petersburg", "state": "AL", "area-code": "334"}, {"id": "3decc6bfadaa436a105714c6babf5b89", "number": "9096647159", "date": "2021-01-24 14:35:00", "subject": "3", "recorded-or-robo": "Y", "city": "", "state": "CA", "area-code": "909"}, {"id": "03e293b3df9e35eadf15c5611955d268", "number": "9096647159", "date": "2021-01-24 14:35:00", "subject": "3", "recorded-or-robo": "Y", "city": "", "state": "CA", "area-code": "909"}, {"id": "3decc6bfadaa436a105714c6babf56e4", "number": "3152328257", "date": "2021-01-24 12:53:00", "subject": "11", "recorded-or-robo": "Y", "city": "Saint Louis", "state": "MO", "area-code": "314"}, {"id": "03e293b3df9e35eadf15c5611955c3fb", "number": "3152328257", "date": "2021-01-24 12:53:00", "subject": "11", "recorded-or-robo": "Y", "city": "Saint Louis", "state": "MO", "area-code": "314"}, {"id": "3decc6bfadaa436a105714c6babf49f1", "number": "3343126503", "date": "2021-01-24 13:44:00", "subject": "1", "recorded-or-robo": "Y", "city": "Saint Petersburg", "state": "AL", "area-code": "334"}, {"id": "03e293b3df9e35eadf15c5611955c15e", "number": "3343126503", "date": "2021-01-24 13:44:00", "subject": "1", "recorded-or-robo": "Y", "city": "Saint Petersburg", "state": "AL", "area-code": "334"}, {"id": "3decc6bfadaa436a105714c6babf4026", "number": "8086985953", "date": "2021-01-24 12:34:00", "subject": "6", "recorded-or-robo": "Y", "city": "Hilo", "state": "HI", "area-code": "808"}, {"id": "03e293b3df9e35eadf15c5611955bf3d", "number": "8086985953", "date": "2021-01-24 12:34:00", "subject": "6", "recorded-or-robo": "Y", "city": "Hilo", "state": "HI", "area-code": "808"}, {"id": "3decc6bfadaa436a105714c6babf3d90", "number": "7572481212", "date": "2021-01-23 14:59:00", "subject": "1", "recorded-or-robo": "Y", "city": "", "state": "VA", "area-code": "757"}, {"id": "03e293b3df9e35eadf15c5611955b241", "number": "7572481212", "date": "2021-01-23 14:59:00", "subject": "1", "recorded-or-robo": "Y", "city": "", "state": "VA", "area-code": "757"}, {"id": "3decc6bfadaa436a105714c6babf3893", "number": "6015334215", "date": "2021-01-24 16:27:00", "subject": "4", "recorded-or-robo": "Y", "city": "Meridian", "state": "MS", "area-code": "601"}, {"id": "03e293b3df9e35eadf15c5611955afb5", "number": "6015334215", "date": "2021-01-24 16:27:00", "subject": "4", "recorded-or-robo": "Y", "city": "Meridian", "state": "MS", "area-code": "601"}, {"id": "3decc6bfadaa436a105714c6babf3271", "number": "4437826917", "date": "2021-01-24 17:07:00", "subject": "2", "recorded-or-robo": "N", "city": "", "state": "MD", "area-code": "410"}, {"id": "03e293b3df9e35eadf15c5611955a427", "number": "4437826917", "date": "2021-01-24 17:07:00", "subject": "2", "recorded-or-robo": "N", "city": "", "state": "MD", "area-code": "410"}, {"id": "3decc6bfadaa436a105714c6babf23dc", "number": "3343121870", "date": "2021-01-24 13:14:00", "subject": "1", "recorded-or-robo": "Y", "city": "Saint Petersburg", "state": "FL", "area-code": "334"}, {"id": "03e293b3df9e35eadf15c56119559f40", "number": "3343121870", "date": "2021-01-24 13:14:00", "subject": "1", "recorded-or-robo": "Y", "city": "Saint Petersburg", "state": "FL", "area-code": "334"}, {"id": "3decc6bfadaa436a105714c6babf1790", "number": "7019370019", "date": "2021-01-24 16:10:00", "subject": "2", "recorded-or-robo": "Y", "city": "", "state": "ND", "area-code": "701"}, {"id": "03e293b3df9e35eadf15c56119559284", "number": "7019370019", "date": "2021-01-24 16:10:00", "subject": "2", "recorded-or-robo": "Y", "city": "", "state": "ND", "area-code": "701"}, {"id": "3decc6bfadaa436a105714c6babf08b8", "number": "", "date": "2021-01-13 10:05:00", "subject": "11", "recorded-or-robo": "Y", "city": "Gretna", "state": "LA", "area-code": "504"}, {"id": "03e293b3df9e35eadf15c56119558a3c", "number": "", "date": "2021-01-13 10:05:00", "subject": "11", "recorded-or-robo": "Y", "city": "Gretna", "state": "LA", "area-code": "504"}, {"id": "3decc6bfadaa436a105714c6babf025c", "number": "", "date": "2021-01-24 17:20:00", "subject": "2", "recorded-or-robo": "Y", "city": "Brice", "state": "OH", "area-code": "614"}, {"id": "03e293b3df9e35eadf15c561195580ab", "number": "", "date": "2021-01-24 17:20:00", "subject": "2", "recorded-or-robo": "Y", "city": "Brice", "state": "OH", "area-code": "614"}, {"id": "3decc6bfadaa436a105714c6babf012e", "number": "5099793403", "date": "2021-01-23 14:01:00", "subject": "4", "recorded-or-robo": "Y", "city": "Spokane", "state": "WA", "area-code": "509"}, {"id": "03e293b3df9e35eadf15c56119557cb3", "number": "5099793403", "date": "2021-01-23 14:01:00", "subject": "4", "recorded-or-robo": "Y", "city": "Spokane", "state": "WA", "area-code": "509"}, {"id": "3decc6bfadaa436a105714c6babefdd4", "number": "8882804331", "date": "2021-01-24 16:00:00", "subject": "1", "recorded-or-robo": "Y", "city": "New York", "state": "NY", "area-code": "888"}, {"id": "03e293b3df9e35eadf15c5611955738d", "number": "8882804331", "date": "2021-01-24 16:00:00", "subject": "1", "recorded-or-robo": "Y", "city": "New York", "state": "NY", "area-code": "888"}, {"id": "3decc6bfadaa436a105714c6babef77a", "number": "3148084347", "date": "2021-01-24 15:15:00", "subject": "2", "recorded-or-robo": "Y", "city": "Cedar Hill", "state": "MO", "area-code": "314"}, {"id": "03e293b3df9e35eadf15c561195565bb", "number": "3148084347", "date": "2021-01-24 15:15:00", "subject": "2", "recorded-or-robo": "Y", "city": "Cedar Hill", "state": "MO", "area-code": "314"}, {"id": "3decc6bfadaa436a105714c6babeedf3", "number": "3147164941", "date": "2021-01-24 15:23:00", "subject": "2", "recorded-or-robo": "Y", "city": "St Louis", "state": "MO", "area-code": "314"}, {"id": "03e293b3df9e35eadf15c5611955650f", "number": "3147164941", "date": "2021-01-24 15:23:00", "subject": "2", "recorded-or-robo": "Y", "city": "St Louis", "state": "MO", "area-code": "314"}, {"id": "3decc6bfadaa436a105714c6babee756", "number": "8887443839", "date": "2021-01-23 20:27:00", "subject": "2", "recorded-or-robo": "Y", "city": "", "state": "IL", "area-code": "773"}, {"id": "03e293b3df9e35eadf15c56119555c38", "number": "8887443839", "date": "2021-01-23 20:27:00", "subject": "2", "recorded-or-robo": "Y", "city": "", "state": "IL", "area-code": "773"}, {"id": "3decc6bfadaa436a105714c6babee63b", "number": "5626325701", "date": "2021-01-17 17:30:00", "subject": "2", "recorded-or-robo": "Y", "city": "", "state": "NJ", "area-code": "609"}, {"id": "03e293b3df9e35eadf15c56119554e7a", "number": "5626325701", "date": "2021-01-17 17:30:00", "subject": "2", "recorded-or-robo": "Y", "city": "", "state": "NJ", "area-code": "609"}, {"id": "3decc6bfadaa436a105714c6babedd90", "number": "4355718296", "date": "2021-01-23 00:00:00", "subject": "9", "recorded-or-robo": "Y", "city": "PRICE", "state": "UT", "area-code": "435"}, {"id": "03e293b3df9e35eadf15c56119554cd2", "number": "4355718296", "date": "2021-01-23 00:00:00", "subject": "9", "recorded-or-robo": "Y", "city": "PRICE", "state": "UT", "area-code": "435"}, {"id": "3decc6bfadaa436a105714c6babedb94", "number": "3152328257", "date": "2021-01-24 12:02:00", "subject": "2", "recorded-or-robo": "Y", "city": "saint charles", "state": "MO", "area-code": "314"}, {"id": "03e293b3df9e35eadf15c56119553f6d", "number": "3152328257", "date": "2021-01-24 12:02:00", "subject": "2", "recorded-or-robo": "Y", "city": "saint charles", "state": "MO", "area-code": "314"}, {"id": "3decc6bfadaa436a105714c6babece7a", "number": "3059692645", "date": "2021-01-24 05:28:00", "subject": "1", "recorded-or-robo": "Y", "city": "FL  Miami", "state": "FL", "area-code": "305"}, {"id": "03e293b3df9e35eadf15c5611955310a", "number": "3059692645", "date": "2021-01-24 05:28:00", "subject": "1", "recorded-or-robo": "Y", "city": "FL  Miami", "state": "FL", "area-code": "305"}, {"id": "3decc6bfadaa436a105714c6babec0ef", "number": "4152234687", "date": "2020-10-23 17:05:00", "subject": "4", "recorded-or-robo": "Y", "city": "Dallas", "state": "CA", "area-code": "415"}, {"id": "03e293b3df9e35eadf15c56119553065", "number": "4152234687", "date": "2020-10-23 17:05:00", "subject": "4", "recorded-or-robo": "Y", "city": "Dallas", "state": "CA", "area-code": "415"}]}