{"data": [{"id": "3decc6bfadaa436a105714c6ba844a65", "number": "8583765390", "date": "2021-01-23 22:41:04", "subject": "3", "recorded-or-robo": "Y", "city": "", "state": "CA", "area-code": "858"}, {"id": "03e293b3df9e35eadf15c561191abcf9", "number": "8583765390", "date": "2021-01-23 22:41:04", "subject": "3", "recorded-or-robo": "Y", "city": "", "state": "CA", "area-code": "858"}, {"id": "3decc6bfadaa436a105714c6ba842f46", "number": "+16263099938", "date": "2021-01-23 22:39:04", "subject": "3", "recorded-or-robo": "Y", "city": "", "state": "CA", "area-code": "626"}, {"id": "03e293b3df9e35eadf15c561191a9c60", "number": "+16263099938", "date": "2021-01-23 22:39:04", "subject": "3", "recorded-or-robo": "Y", "city": "", "state": "CA", "area-code": "626"}, {"id": "3decc6bfadaa436a105714c6ba70e122", "number": "5072000166", "date": "2021-01-19 11:08:00", "subject": "0", "recorded-or-robo": "N", "city": "Rochester", "state": "MN", "area-code": "507"}, {"id": "03e293b3df9e35eadf15c56119072562", "number": "5072000166", "date": "2021-01-19 11:08:00", "subject": "0", "recorded-or-robo": "N", "city": "Rochester", "state": "MN", "area-code": "507"}, {"id": "3decc6bfadaa436a105714c6ba8431a4", "number": "9204417841", "date": "2021-01-23 22:38:19", "subject": "3", "recorded-or-robo": "Y", "city": "", "state": "WI", "area-code": "414"}, {"id": "03e293b3df9e35eadf15c561191a9e0b", "number": "9204417841", "date": "2021-01-23 22:38:19", "subject": "3", "recorded-or-robo": "Y", "city": "", "state": "WI", "area-code": "414"}, {"id": "3decc6bfadaa436a105714c6ba8471d7", "number": "6076932805", "date": "2021-01-23 22:37:55", "subject": "3", "recorded-or-robo": "Y", "city": "", "state": "WI", "area-code": "414"}, {"id": "03e293b3df9e35eadf15c561191ad7cf", "number": "6076932805", "date": "2021-01-23 22:37:55", "subject": "3", "recorded-or-robo": "Y", "city": "", "state": "WI", "area-code": "414"}, {"id": "3decc6bfadaa436a105714c6ba846436", "number": "9519681228", "date": "2021-01-23 22:37:49", "subject": "3", "recorded-or-robo": "Y", "city": "", "state": "CA", "area-code": "951"}, {"id": "03e293b3df9e35eadf15c561191acae9", "number": "9519681228", "date": "2021-01-23 22:37:49", "subject": "3", "recorded-or-robo": "Y", "city": "", "state": "CA", "area-code": "951"}, {"id": "3decc6bfadaa436a105714c6ba843d9a", "number": "8182304836", "date": "2021-01-23 22:36:55", "subject": "3", "recorded-or-robo": "N", "city": "", "state": "CA", "area-code": "818"}, {"id": "03e293b3df9e35eadf15c561191ab71a", "number": "8182304836", "date": "2021-01-23 22:36:55", "subject": "3", "recorded-or-robo": "N", "city": "", "state": "CA", "area-code": "818"}, {"id": "3decc6bfadaa436a105714c6ba70deee", "number": "6514336616", "date": "2021-01-21 12:10:00", "subject": "0", "recorded-or-robo": "N", "city": "Rochester", "state": "MN", "area-code": "507"}, {"id": "03e293b3df9e35eadf15c561190717d7", "number": "6514336616", "date": "2021-01-21 12:10:00", "subject": "0", "recorded-or-robo": "N", "city": "Rochester", "state": "MN", "area-code": "507"}, {"id": "3decc6bfadaa436a105714c6ba8458e5", "number": "+15407791877", "date": "2021-01-23 22:36:01", "subject": "3", "recorded-or-robo": "Y", "city": "", "state": "VA", "area-code": "540"}, {"id": "03e293b3df9e35eadf15c561191ac7aa", "number": "+15407791877", "date": "2021-01-23 22:36:01", "subject": "3", "recorded-or-robo": "Y", "city": "", "state": "VA", "area-code": "540"}, {"id": "3decc6bfadaa436a105714c6ba70d657", "number": "3238265002", "date": "2021-01-22 12:00:00", "subject": "2", "recorded-or-robo": "Y", "city": "Rockville", "state": "MD", "area-code": "301"}, {"id": "03e293b3df9e35eadf15c56119071523", "number": "3238265002", "date": "2021-01-22 12:00:00", "subject": "2", "recorded-or-robo": "Y", "city": "Rockville", "state": "MD", "area-code": "301"}, {"id": "3decc6bfadaa436a105714c6ba84084b", "number": "+17736660245", "date": "2021-01-23 22:35:50", "subject": "3", "recorded-or-robo": "Y", "city": "", "state": "IL", "area-code": "847"}, {"id": "03e293b3df9e35eadf15c561191a66da", "number": "+17736660245", "date": "2021-01-23 22:35:50", "subject": "3", "recorded-or-robo": "Y", "city": "", "state": "IL", "area-code": "847"}, {"id": "3decc6bfadaa436a105714c6ba842393", "number": "+15406814877", "date": "2021-01-23 22:35:41", "subject": "3", "recorded-or-robo": "Y", "city": "", "state": "VA", "area-code": "540"}, {"id": "03e293b3df9e35eadf15c561191a92c8", "number": "+15406814877", "date": "2021-01-23 22:35:41", "subject": "3", "recorded-or-robo": "Y", "city": "", "state": "VA", "area-code": "540"}, {"id": "3decc6bfadaa436a105714c6ba840cae", "number": "+12767380188", "date": "2021-01-23 22:35:28", "subject": "3", "recorded-or-robo": "Y", "city": "", "state": "VA", "area-code": "540"}, {"id": "03e293b3df9e35eadf15c561191a72e9", "number": "+12767380188", "date": "2021-01-23 22:35:28", "subject": "3", "recorded-or-robo": "Y", "city": "", "state": "VA", "area-code": "540"}, {"id": "3decc6bfadaa436a105714c6ba70d456", "number": "5138257660", "date": "2021-01-18 12:00:00", "subject": "5", "recorded-or-robo": "N", "city": "Cincinnati", "state": "OH", "area-code": "513"}, {"id": "03e293b3df9e35eadf15c5611907093e", "number": "5138257660", "date": "2021-01-18 12:00:00", "subject": "5", "recorded-or-robo": "N", "city": "Cincinnati", "state": "OH", "area-code": "513"}, {"id": "3decc6bfadaa436a105714c6ba70c74e", "number": "7142639206", "date": "2021-01-21 12:02:00", "subject": "2", "recorded-or-robo": "Y", "city": "Davenport", "state": "IA", "area-code": "563"}, {"id": "03e293b3df9e35eadf15c56119070303", "number": "7142639206", "date": "2021-01-21 12:02:00", "subject": "2", "recorded-or-robo": "Y", "city": "Davenport", "state": "IA", "area-code": "563"}, {"id": "3decc6bfadaa436a105714c6ba83fd72", "number": "+16692781100", "date": "2021-01-23 22:34:40", "subject": "3", "recorded-or-robo": "Y", "city": "", "state": "CA", "area-code": "408"}, {"id": "03e293b3df9e35eadf15c561191a5555", "number": "+16692781100", "date": "2021-01-23 22:34:40", "subject": "3", "recorded-or-robo": "Y", "city": "", "state": "CA", "area-code": "408"}, {"id": "3decc6bfadaa436a105714c6ba70c2c4", "number": "9044286169", "date": "2021-01-23 22:27:00", "subject": "3", "recorded-or-robo": "Y", "city": "", "state": "FL", "area-code": "904"}, {"id": "03e293b3df9e35eadf15c5611906fc3d", "number": "9044286169", "date": "2021-01-23 22:27:00", "subject": "3", "recorded-or-robo": "Y", "city": "", "state": "FL", "area-code": "904"}, {"id": "3decc6bfadaa436a105714c6ba842038", "number": "+14802489320", "date": "2021-01-23 22:34:09", "subject": "3", "recorded-or-robo": "Y", "city": "", "state": "CA", "area-code": "415"}, {"id": "3decc6bfadaa436a105714c6ba840e22", "number": "+18134257380", "date": "2021-01-23 22:34:09", "subject": "3", "recorded-or-robo": "Y", "city": "", "state": "FL", "area-code": "813"}, {"id": "03e293b3df9e35eadf15c561191a89ee", "number": "+14802489320", "date": "2021-01-23 22:34:09", "subject": "3", "recorded-or-robo": "Y", "city": "", "state": "CA", "area-code": "415"}, {"id": "03e293b3df9e35eadf15c561191a7580", "number": "+18134257380", "date": "2021-01-23 22:34:09", "subject": "3", "recorded-or-robo": "Y", "city": "", "state": "FL", "area-code": "813"}, {"id": "3decc6bfadaa436a105714c6ba70bf77", "number": "5072000166", "date": "2021-01-19 15:11:00", "subject": "0", "recorded-or-robo": "N", "city": "Rochester", "state": "MN", "area-code": "507"}, {"id": "03e293b3df9e35eadf15c5611906ec6e", "number": "5072000166", "date": "2021-01-19 15:11:00", "subject": "0", "recorded-or-robo": "N", "city": "Rochester", "state": "MN", "area-code": "507"}, {"id": "3decc6bfadaa436a105714c6ba83fddd", "number": "+18178392579", "date": "2021-01-23 22:33:19", "subject": "3", "recorded-or-robo": "Y", "city": "", "state": "TX", "area-code": "817"}, {"id": "03e293b3df9e35eadf15c561191a5b79", "number": "+18178392579", "date": "2021-01-23 22:33:19", "subject": "3", "recorded-or-robo": "Y", "city": "", "state": "TX", "area-code": "817"}, {"id": "3decc6bfadaa436a105714c6ba8418c4", "number": "5622927917", "date": "2021-01-23 22:32:25", "subject": "3", "recorded-or-robo": "Y", "city": "", "state": "CA", "area-code": "714"}, {"id": "03e293b3df9e35eadf15c561191a82ae", "number": "5622927917", "date": "2021-01-23 22:32:25", "subject": "3", "recorded-or-robo": "Y", "city": "", "state": "CA", "area-code": "714"}, {"id": "3decc6bfadaa436a105714c6ba70be92", "number": "5053759609", "date": "2021-01-23 10:38:00", "subject": "2", "recorded-or-robo": "Y", "city": "Oklahoma City", "state": "OK", "area-code": "405"}, {"id": "03e293b3df9e35eadf15c5611906e5b1", "number": "5053759609", "date": "2021-01-23 10:38:00", "subject": "2", "recorded-or-robo": "Y", "city": "Oklahoma City", "state": "OK", "area-code": "405"}, {"id": "3decc6bfadaa436a105714c6ba70b721", "number": "6619172025", "date": "2021-01-22 15:52:00", "subject": "5", "recorded-or-robo": "Y", "city": "Tumwater", "state": "CA", "area-code": "661"}, {"id": "03e293b3df9e35eadf15c5611906da37", "number": "6619172025", "date": "2021-01-22 15:52:00", "subject": "5", "recorded-or-robo": "Y", "city": "Tumwater", "state": "CA", "area-code": "661"}, {"id": "3decc6bfadaa436a105714c6ba70aed9", "number": "5074023481", "date": "2021-01-22 11:22:00", "subject": "0", "recorded-or-robo": "N", "city": "Rochester", "state": "MN", "area-code": "507"}, {"id": "03e293b3df9e35eadf15c5611906d82a", "number": "5074023481", "date": "2021-01-22 11:22:00", "subject": "0", "recorded-or-robo": "N", "city": "Rochester", "state": "MN", "area-code": "507"}]}