{"data": [{"id": "3decc6bfadaa436a105714c6babdef45", "number": "243909761955", "date": "2021-01-22 12:19:00", "subject": "2", "recorded-or-robo": "Y", "city": "Waterloo", "state": "IA", "area-code": "319"}, {"id": "03e293b3df9e35eadf15c561195473cb", "number": "243909761955", "date": "2021-01-22 12:19:00", "subject": "2", "recorded-or-robo": "Y", "city": "Waterloo", "state": "IA", "area-code": "319"}, {"id": "3decc6bfadaa436a105714c6babdd33e", "number": "9295476002", "date": "2021-01-23 20:36:00", "subject": "3", "recorded-or-robo": "", "city": "", "state": "NY", "area-code": "212"}, {"id": "03e293b3df9e35eadf15c5611954535e", "number": "9295476002", "date": "2021-01-23 20:36:00", "subject": "3", "recorded-or-robo": "", "city": "", "state": "NY", "area-code": "212"}, {"id": "3decc6bfadaa436a105714c6babde3aa", "number": "0123456789", "date": "2021-01-24 01:00:00", "subject": "0", "recorded-or-robo": "N", "city": "", "state": "CA", "area-code": "510"}, {"id": "03e293b3df9e35eadf15c56119546549", "number": "0123456789", "date": "2021-01-24 01:00:00", "subject": "0", "recorded-or-robo": "N", "city": "", "state": "CA", "area-code": "510"}, {"id": "3decc6bfadaa436a105714c6babdd735", "number": "3174964628", "date": "2021-01-24 17:06:00", "subject": "2", "recorded-or-robo": "Y", "city": "Fishers", "state": "IN", "area-code": "317"}, {"id": "03e293b3df9e35eadf15c561195458df", "number": "3174964628", "date": "2021-01-24 17:06:00", "subject": "2", "recorded-or-robo": "Y", "city": "Fishers", "state": "IN", "area-code": "317"}, {"id": "3decc6bfadaa436a105714c6babdd2ac", "number": "3909761957", "date": "2021-01-22 12:04:00", "subject": "2", "recorded-or-robo": "Y", "city": "Waterloo", "state": "IA", "area-code": "319"}, {"id": "03e293b3df9e35eadf15c56119545006", "number": "3909761957", "date": "2021-01-22 12:04:00", "subject": "2", "recorded-or-robo": "Y", "city": "Waterloo", "state": "IA", "area-code": "319"}, {"id": "3decc6bfadaa436a105714c6babdcb13", "number": "4148036543", "date": "2021-01-24 00:00:00", "subject": "11", "recorded-or-robo": "Y", "city": "Brown Deer", "state": "WI", "area-code": "414"}, {"id": "03e293b3df9e35eadf15c56119544930", "number": "4148036543", "date": "2021-01-24 00:00:00", "subject": "11", "recorded-or-robo": "Y", "city": "Brown Deer", "state": "WI", "area-code": "414"}, {"id": "3decc6bfadaa436a105714c6babdbd1e", "number": "8801700931555", "date": "2021-01-24 15:43:00", "subject": "11", "recorded-or-robo": "Y", "city": "Brandon", "state": "FL", "area-code": "727"}, {"id": "03e293b3df9e35eadf15c56119544854", "number": "8801700931555", "date": "2021-01-24 15:43:00", "subject": "11", "recorded-or-robo": "Y", "city": "Brandon", "state": "FL", "area-code": "727"}, {"id": "3decc6bfadaa436a105714c6babdae67", "number": "4155982110", "date": "2020-10-08 17:26:00", "subject": "4", "recorded-or-robo": "Y", "city": "Dallas", "state": "CA", "area-code": "415"}, {"id": "03e293b3df9e35eadf15c5611954398f", "number": "4155982110", "date": "2020-10-08 17:26:00", "subject": "4", "recorded-or-robo": "Y", "city": "Dallas", "state": "CA", "area-code": "415"}, {"id": "3decc6bfadaa436a105714c6babda8d2", "number": "", "date": "2021-01-24 17:07:00", "subject": "2", "recorded-or-robo": "Y", "city": "", "state": "OH", "area-code": "740"}, {"id": "03e293b3df9e35eadf15c56119542adb", "number": "", "date": "2021-01-24 17:07:00", "subject": "2", "recorded-or-robo": "Y", "city": "", "state": "OH", "area-code": "740"}, {"id": "3decc6bfadaa436a105714c6babd9c06", "number": "1727641667", "date": "2021-01-24 14:16:00", "subject": "1", "recorded-or-robo": "Y", "city": "Saint Petersburg", "state": "FL", "area-code": "727"}, {"id": "03e293b3df9e35eadf15c56119541ecc", "number": "1727641667", "date": "2021-01-24 14:16:00", "subject": "1", "recorded-or-robo": "Y", "city": "Saint Petersburg", "state": "FL", "area-code": "727"}, {"id": "3decc6bfadaa436a105714c6babd96ed", "number": "672391410", "date": "2021-01-22 15:29:00", "subject": "2", "recorded-or-robo": "Y", "city": "Waterloo", "state": "IA", "area-code": "319"}, {"id": "03e293b3df9e35eadf15c5611954144f", "number": "672391410", "date": "2021-01-22 15:29:00", "subject": "2", "recorded-or-robo": "Y", "city": "Waterloo", "state": "IA", "area-code": "319"}, {"id": "3decc6bfadaa436a105714c6babd92a1", "number": "3256176202", "date": "2021-01-24 15:47:00", "subject": "2", "recorded-or-robo": "Y", "city": "San Angelo", "state": "TX", "area-code": "325"}, {"id": "03e293b3df9e35eadf15c56119540864", "number": "3256176202", "date": "2021-01-24 15:47:00", "subject": "2", "recorded-or-robo": "Y", "city": "San Angelo", "state": "TX", "area-code": "325"}, {"id": "3decc6bfadaa436a105714c6babd8cf9", "number": "3021023875", "date": "2021-01-24 10:52:00", "subject": "3", "recorded-or-robo": "", "city": "", "state": "NY", "area-code": "212"}, {"id": "03e293b3df9e35eadf15c5611953f802", "number": "3021023875", "date": "2021-01-24 10:52:00", "subject": "3", "recorded-or-robo": "", "city": "", "state": "NY", "area-code": "212"}, {"id": "3decc6bfadaa436a105714c6babd915a", "number": "9707245334", "date": "2021-01-24 15:00:00", "subject": "1", "recorded-or-robo": "Y", "city": "Kremmling", "state": "CO", "area-code": "970"}, {"id": "03e293b3df9e35eadf15c56119540252", "number": "9707245334", "date": "2021-01-24 15:00:00", "subject": "1", "recorded-or-robo": "Y", "city": "Kremmling", "state": "CO", "area-code": "970"}, {"id": "3decc6bfadaa436a105714c6babd840b", "number": "4012393964", "date": "2021-01-22 12:00:00", "subject": "13", "recorded-or-robo": "N", "city": "", "state": "SC", "area-code": "803"}, {"id": "03e293b3df9e35eadf15c5611953ef5f", "number": "4012393964", "date": "2021-01-22 12:00:00", "subject": "13", "recorded-or-robo": "N", "city": "", "state": "SC", "area-code": "803"}, {"id": "3decc6bfadaa436a105714c6babd83bc", "number": "8556986913", "date": "2021-01-24 16:23:00", "subject": "11", "recorded-or-robo": "Y", "city": "HARPER WOODS", "state": "MI", "area-code": "313"}, {"id": "03e293b3df9e35eadf15c5611953e6fc", "number": "8556986913", "date": "2021-01-24 16:23:00", "subject": "11", "recorded-or-robo": "Y", "city": "HARPER WOODS", "state": "MI", "area-code": "313"}, {"id": "3decc6bfadaa436a105714c6babd784b", "number": "5926527843", "date": "2021-01-22 18:23:00", "subject": "2", "recorded-or-robo": "Y", "city": "Waterloo", "state": "IA", "area-code": "319"}, {"id": "03e293b3df9e35eadf15c5611953e16e", "number": "5926527843", "date": "2021-01-22 18:23:00", "subject": "2", "recorded-or-robo": "Y", "city": "Waterloo", "state": "IA", "area-code": "319"}, {"id": "3decc6bfadaa436a105714c6babd70eb", "number": "37065003419", "date": "2021-01-22 20:58:00", "subject": "2", "recorded-or-robo": "Y", "city": "Waterloo", "state": "IA", "area-code": "319"}, {"id": "03e293b3df9e35eadf15c5611953d424", "number": "37065003419", "date": "2021-01-22 20:58:00", "subject": "2", "recorded-or-robo": "Y", "city": "Waterloo", "state": "IA", "area-code": "319"}, {"id": "3decc6bfadaa436a105714c6babd6b25", "number": "9543884461", "date": "2021-01-22 11:30:00", "subject": "6", "recorded-or-robo": "Y", "city": "Tyler", "state": "TX", "area-code": "866"}, {"id": "03e293b3df9e35eadf15c5611953c771", "number": "9543884461", "date": "2021-01-22 11:30:00", "subject": "6", "recorded-or-robo": "Y", "city": "Tyler", "state": "TX", "area-code": "866"}, {"id": "3decc6bfadaa436a105714c6babd5de5", "number": "4023050375", "date": "2021-01-20 00:00:00", "subject": "2", "recorded-or-robo": "", "city": "Fort Lupton", "state": "CO", "area-code": "303"}, {"id": "03e293b3df9e35eadf15c5611953b828", "number": "4023050375", "date": "2021-01-20 00:00:00", "subject": "2", "recorded-or-robo": "", "city": "Fort Lupton", "state": "CO", "area-code": "303"}, {"id": "3decc6bfadaa436a105714c6babd59f3", "number": "4152234687", "date": "2020-10-23 12:41:00", "subject": "4", "recorded-or-robo": "Y", "city": "Dallas", "state": "CA", "area-code": "415"}, {"id": "03e293b3df9e35eadf15c5611953adf0", "number": "4152234687", "date": "2020-10-23 12:41:00", "subject": "4", "recorded-or-robo": "Y", "city": "Dallas", "state": "CA", "area-code": "415"}, {"id": "3decc6bfadaa436a105714c6babd4dad", "number": "", "date": "2021-01-24 14:51:00", "subject": "1", "recorded-or-robo": "Y", "city": "Trinity", "state": "FL", "area-code": "727"}, {"id": "03e293b3df9e35eadf15c5611953aae6", "number": "", "date": "2021-01-24 14:51:00", "subject": "1", "recorded-or-robo": "Y", "city": "Trinity", "state": "FL", "area-code": "727"}, {"id": "3decc6bfadaa436a105714c6babd3dc2", "number": "37065003365", "date": "2021-01-22 21:15:00", "subject": "2", "recorded-or-robo": "Y", "city": "Waterloo", "state": "IA", "area-code": "319"}, {"id": "03e293b3df9e35eadf15c5611953a20d", "number": "37065003365", "date": "2021-01-22 21:15:00", "subject": "2", "recorded-or-robo": "Y", "city": "Waterloo", "state": "IA", "area-code": "319"}, {"id": "3decc6bfadaa436a105714c6babd3300", "number": "7274308772", "date": "2021-01-24 16:20:00", "subject": "2", "recorded-or-robo": "Y", "city": "Brandon", "state": "FL", "area-code": "727"}, {"id": "03e293b3df9e35eadf15c56119539a0a", "number": "7274308772", "date": "2021-01-24 16:20:00", "subject": "2", "recorded-or-robo": "Y", "city": "Brandon", "state": "FL", "area-code": "727"}, {"id": "3decc6bfadaa436a105714c6babd0ed8", "number": "3021023875", "date": "2021-01-24 10:52:00", "subject": "3", "recorded-or-robo": "", "city": "", "state": "NY", "area-code": "212"}, {"id": "03e293b3df9e35eadf15c561195373e4", "number": "3021023875", "date": "2021-01-24 10:52:00", "subject": "3", "recorded-or-robo": "", "city": "", "state": "NY", "area-code": "212"}]}