{"data": [{"id": "3decc6bfadaa436a105714c6baa39d6a", "number": "4016492746", "date": "2021-01-24 13:18:00", "subject": "1", "recorded-or-robo": "Y", "city": "cumberland", "state": "RI", "area-code": "312"}, {"id": "03e293b3df9e35eadf15c561193997a3", "number": "4016492746", "date": "2021-01-24 13:18:00", "subject": "1", "recorded-or-robo": "Y", "city": "cumberland", "state": "RI", "area-code": "312"}, {"id": "3decc6bfadaa436a105714c6baa394f5", "number": "8556787635", "date": "2021-01-24 13:15:00", "subject": "11", "recorded-or-robo": "Y", "city": "thonotosassa", "state": "FL", "area-code": "813"}, {"id": "03e293b3df9e35eadf15c561193995e9", "number": "8556787635", "date": "2021-01-24 13:15:00", "subject": "11", "recorded-or-robo": "Y", "city": "thonotosassa", "state": "FL", "area-code": "813"}, {"id": "3decc6bfadaa436a105714c6baa3919b", "number": "3022898561", "date": "2021-01-24 13:15:00", "subject": "3", "recorded-or-robo": "", "city": "", "state": "DE", "area-code": "302"}, {"id": "03e293b3df9e35eadf15c56119398b70", "number": "3022898561", "date": "2021-01-24 13:15:00", "subject": "3", "recorded-or-robo": "", "city": "", "state": "DE", "area-code": "302"}, {"id": "3decc6bfadaa436a105714c6baa39029", "number": "3152328257", "date": "2021-01-24 01:16:00", "subject": "1", "recorded-or-robo": "Y", "city": "Dover", "state": "FL", "area-code": "813"}, {"id": "03e293b3df9e35eadf15c5611939828a", "number": "3152328257", "date": "2021-01-24 01:16:00", "subject": "1", "recorded-or-robo": "Y", "city": "Dover", "state": "FL", "area-code": "813"}, {"id": "3decc6bfadaa436a105714c6baa384c1", "number": "3093245237", "date": "2021-01-24 12:03:00", "subject": "8", "recorded-or-robo": "Y", "city": "Peoria", "state": "IL", "area-code": "309"}, {"id": "03e293b3df9e35eadf15c56119397b7f", "number": "3093245237", "date": "2021-01-24 12:03:00", "subject": "8", "recorded-or-robo": "Y", "city": "Peoria", "state": "IL", "area-code": "309"}, {"id": "3decc6bfadaa436a105714c6baa37b36", "number": "5152066560", "date": "2021-01-20 13:56:00", "subject": "0", "recorded-or-robo": "N", "city": "Des Moines", "state": "IA", "area-code": "515"}, {"id": "03e293b3df9e35eadf15c56119396c9d", "number": "5152066560", "date": "2021-01-20 13:56:00", "subject": "0", "recorded-or-robo": "N", "city": "Des Moines", "state": "IA", "area-code": "515"}, {"id": "3decc6bfadaa436a105714c6baa37521", "number": "20640154404", "date": "2021-01-16 15:53:00", "subject": "2", "recorded-or-robo": "N", "city": "tampa", "state": "FL", "area-code": "813"}, {"id": "03e293b3df9e35eadf15c56119396442", "number": "20640154404", "date": "2021-01-16 15:53:00", "subject": "2", "recorded-or-robo": "N", "city": "tampa", "state": "FL", "area-code": "813"}, {"id": "3decc6bfadaa436a105714c6baa366a1", "number": "4848003063", "date": "2021-01-24 12:52:00", "subject": "1", "recorded-or-robo": "N", "city": "Irwin", "state": "PA", "area-code": "724"}, {"id": "3decc6bfadaa436a105714c6baa33e79", "number": "9802923904", "date": "2021-01-24 13:07:00", "subject": "3", "recorded-or-robo": "N", "city": "", "state": "SC", "area-code": "864"}, {"id": "03e293b3df9e35eadf15c56119395687", "number": "4848003063", "date": "2021-01-24 12:52:00", "subject": "1", "recorded-or-robo": "N", "city": "Irwin", "state": "PA", "area-code": "724"}, {"id": "03e293b3df9e35eadf15c561193930ac", "number": "9802923904", "date": "2021-01-24 13:07:00", "subject": "3", "recorded-or-robo": "N", "city": "", "state": "SC", "area-code": "864"}, {"id": "3decc6bfadaa436a105714c6baa3641e", "number": "5152066560", "date": "2021-01-20 13:57:00", "subject": "0", "recorded-or-robo": "N", "city": "Des Moines", "state": "IA", "area-code": "515"}, {"id": "03e293b3df9e35eadf15c5611939530e", "number": "5152066560", "date": "2021-01-20 13:57:00", "subject": "0", "recorded-or-robo": "N", "city": "Des Moines", "state": "IA", "area-code": "515"}, {"id": "3decc6bfadaa436a105714c6baa35a98", "number": "8134779797", "date": "2021-01-24 11:27:00", "subject": "1", "recorded-or-robo": "Y", "city": "Mint Hill", "state": "NC", "area-code": "813"}, {"id": "03e293b3df9e35eadf15c561193943bd", "number": "8134779797", "date": "2021-01-24 11:27:00", "subject": "1", "recorded-or-robo": "Y", "city": "Mint Hill", "state": "NC", "area-code": "813"}, {"id": "3decc6bfadaa436a105714c6baa34b0c", "number": "", "date": "2021-01-24 13:10:00", "subject": "2", "recorded-or-robo": "Y", "city": "CLINTON", "state": "PA", "area-code": "724"}, {"id": "03e293b3df9e35eadf15c56119393c5f", "number": "", "date": "2021-01-24 13:10:00", "subject": "2", "recorded-or-robo": "Y", "city": "CLINTON", "state": "PA", "area-code": "724"}, {"id": "3decc6bfadaa436a105714c6baa33e60", "number": "5154988655", "date": "2021-01-20 17:16:00", "subject": "0", "recorded-or-robo": "N", "city": "Des Moines", "state": "IA", "area-code": "515"}, {"id": "03e293b3df9e35eadf15c56119392a19", "number": "5154988655", "date": "2021-01-20 17:16:00", "subject": "0", "recorded-or-robo": "N", "city": "Des Moines", "state": "IA", "area-code": "515"}, {"id": "3decc6bfadaa436a105714c6baa33cb4", "number": "5747212215", "date": "2021-01-24 11:42:00", "subject": "1", "recorded-or-robo": "Y", "city": "Camden", "state": "IN", "area-code": "574"}, {"id": "03e293b3df9e35eadf15c56119391a71", "number": "5747212215", "date": "2021-01-24 11:42:00", "subject": "1", "recorded-or-robo": "Y", "city": "Camden", "state": "IN", "area-code": "574"}, {"id": "3decc6bfadaa436a105714c6baa33774", "number": "6154064223", "date": "2021-01-24 13:06:00", "subject": "11", "recorded-or-robo": "Y", "city": "", "state": "FL", "area-code": "813"}, {"id": "03e293b3df9e35eadf15c56119391028", "number": "6154064223", "date": "2021-01-24 13:06:00", "subject": "11", "recorded-or-robo": "Y", "city": "", "state": "FL", "area-code": "813"}, {"id": "3decc6bfadaa436a105714c6baa334e9", "number": "", "date": "2021-01-24 12:00:00", "subject": "13", "recorded-or-robo": "Y", "city": "Haymarket", "state": "VA", "area-code": "469"}, {"id": "03e293b3df9e35eadf15c56119390bc2", "number": "", "date": "2021-01-24 12:00:00", "subject": "13", "recorded-or-robo": "Y", "city": "Haymarket", "state": "VA", "area-code": "469"}, {"id": "3decc6bfadaa436a105714c6baa32f94", "number": "5154166009", "date": "2021-01-21 10:30:00", "subject": "0", "recorded-or-robo": "N", "city": "Des Moines", "state": "IA", "area-code": "515"}, {"id": "03e293b3df9e35eadf15c5611938fc6f", "number": "5154166009", "date": "2021-01-21 10:30:00", "subject": "0", "recorded-or-robo": "N", "city": "Des Moines", "state": "IA", "area-code": "515"}, {"id": "3decc6bfadaa436a105714c6baa32ea7", "number": "9203194443", "date": "2021-01-21 13:30:00", "subject": "4", "recorded-or-robo": "N", "city": "BLANCHARDVILLE", "state": "WI", "area-code": "262"}, {"id": "03e293b3df9e35eadf15c5611938ec8b", "number": "9203194443", "date": "2021-01-21 13:30:00", "subject": "4", "recorded-or-robo": "N", "city": "BLANCHARDVILLE", "state": "WI", "area-code": "262"}, {"id": "3decc6bfadaa436a105714c6baa32229", "number": "6692813456", "date": "2021-01-24 13:00:00", "subject": "1", "recorded-or-robo": "Y", "city": "Gibsonton", "state": "FL", "area-code": "813"}, {"id": "03e293b3df9e35eadf15c5611938eb77", "number": "6692813456", "date": "2021-01-24 13:00:00", "subject": "1", "recorded-or-robo": "Y", "city": "Gibsonton", "state": "FL", "area-code": "813"}, {"id": "3decc6bfadaa436a105714c6baa31678", "number": "8136558543*", "date": "2021-01-24 12:38:00", "subject": "2", "recorded-or-robo": "Y", "city": "Brandon", "state": "FL", "area-code": "813"}, {"id": "03e293b3df9e35eadf15c5611938e055", "number": "8136558543*", "date": "2021-01-24 12:38:00", "subject": "2", "recorded-or-robo": "Y", "city": "Brandon", "state": "FL", "area-code": "813"}, {"id": "3decc6bfadaa436a105714c6baa311c5", "number": "3152328257", "date": "2021-01-22 12:00:00", "subject": "1", "recorded-or-robo": "Y", "city": "New Carlisle", "state": "IN", "area-code": "574"}, {"id": "03e293b3df9e35eadf15c5611938db43", "number": "3152328257", "date": "2021-01-22 12:00:00", "subject": "1", "recorded-or-robo": "Y", "city": "New Carlisle", "state": "IN", "area-code": "574"}, {"id": "3decc6bfadaa436a105714c6baa3059a", "number": "7409646236", "date": "2021-01-24 00:00:00", "subject": "2", "recorded-or-robo": "Y", "city": "Pickerington", "state": "OH", "area-code": "740"}, {"id": "03e293b3df9e35eadf15c5611938cdc3", "number": "7409646236", "date": "2021-01-24 00:00:00", "subject": "2", "recorded-or-robo": "Y", "city": "Pickerington", "state": "OH", "area-code": "740"}, {"id": "3decc6bfadaa436a105714c6baa2fd2f", "number": "5154988669", "date": "2021-01-21 17:46:00", "subject": "0", "recorded-or-robo": "N", "city": "Des Moines", "state": "IA", "area-code": "515"}, {"id": "03e293b3df9e35eadf15c5611938c01b", "number": "5154988669", "date": "2021-01-21 17:46:00", "subject": "0", "recorded-or-robo": "N", "city": "Des Moines", "state": "IA", "area-code": "515"}, {"id": "3decc6bfadaa436a105714c6baa2f672", "number": "", "date": "2021-01-24 12:00:00", "subject": "1", "recorded-or-robo": "Y", "city": "Blue Springs", "state": "MO", "area-code": "660"}, {"id": "03e293b3df9e35eadf15c5611938b487", "number": "", "date": "2021-01-24 12:00:00", "subject": "1", "recorded-or-robo": "Y", "city": "Blue Springs", "state": "MO", "area-code": "660"}, {"id": "3decc6bfadaa436a105714c6baa2e8b8", "number": "5635387405", "date": "2021-01-22 09:17:00", "subject": "0", "recorded-or-robo": "N", "city": "Des Moines", "state": "IA", "area-code": "515"}, {"id": "03e293b3df9e35eadf15c5611938b263", "number": "5635387405", "date": "2021-01-22 09:17:00", "subject": "0", "recorded-or-robo": "N", "city": "Des Moines", "state": "IA", "area-code": "515"}]}