{"data": [{"id": "3decc6bfadaa436a105714c6ba90e99f", "number": "6362012720", "date": "2021-01-22 12:55:00", "subject": "4", "recorded-or-robo": "Y", "city": "Salt Point", "state": "NY", "area-code": "845"}, {"id": "03e293b3df9e35eadf15c56119273dae", "number": "6362012720", "date": "2021-01-22 12:55:00", "subject": "4", "recorded-or-robo": "Y", "city": "Salt Point", "state": "NY", "area-code": "845"}, {"id": "3decc6bfadaa436a105714c6ba90e101", "number": "4059007763", "date": "2021-01-24 00:00:00", "subject": "2", "recorded-or-robo": "N", "city": "", "state": "OK", "area-code": "405"}, {"id": "03e293b3df9e35eadf15c56119273460", "number": "4059007763", "date": "2021-01-24 00:00:00", "subject": "2", "recorded-or-robo": "N", "city": "", "state": "OK", "area-code": "405"}, {"id": "3decc6bfadaa436a105714c6ba90e05b", "number": "9734566493", "date": "2021-01-22 15:11:00", "subject": "1", "recorded-or-robo": "Y", "city": "Henderson", "state": "NV", "area-code": "702"}, {"id": "03e293b3df9e35eadf15c56119272f3c", "number": "9734566493", "date": "2021-01-22 15:11:00", "subject": "1", "recorded-or-robo": "Y", "city": "Henderson", "state": "NV", "area-code": "702"}, {"id": "3decc6bfadaa436a105714c6ba90d817", "number": "6072033638", "date": "2021-01-22 13:23:00", "subject": "2", "recorded-or-robo": "", "city": "Saratoga Spring", "state": "NY", "area-code": "518"}, {"id": "03e293b3df9e35eadf15c561192721b7", "number": "6072033638", "date": "2021-01-22 13:23:00", "subject": "2", "recorded-or-robo": "", "city": "Saratoga Spring", "state": "NY", "area-code": "518"}, {"id": "3decc6bfadaa436a105714c6ba90cc39", "number": "8882804331", "date": "2021-01-24 10:11:00", "subject": "1", "recorded-or-robo": "N", "city": "Woodside", "state": "NY", "area-code": "347"}, {"id": "03e293b3df9e35eadf15c5611927122d", "number": "8882804331", "date": "2021-01-24 10:11:00", "subject": "1", "recorded-or-robo": "N", "city": "Woodside", "state": "NY", "area-code": "347"}, {"id": "3decc6bfadaa436a105714c6ba90bf92", "number": "4059007722", "date": "2021-01-23 00:00:00", "subject": "2", "recorded-or-robo": "N", "city": "", "state": "OK", "area-code": "405"}, {"id": "03e293b3df9e35eadf15c56119270de4", "number": "4059007722", "date": "2021-01-23 00:00:00", "subject": "2", "recorded-or-robo": "N", "city": "", "state": "OK", "area-code": "405"}, {"id": "3decc6bfadaa436a105714c6ba90b156", "number": "8556986126", "date": "2021-01-23 15:21:00", "subject": "2", "recorded-or-robo": "Y", "city": "St. Louis", "state": "MO", "area-code": "314"}, {"id": "03e293b3df9e35eadf15c56119270615", "number": "8556986126", "date": "2021-01-23 15:21:00", "subject": "2", "recorded-or-robo": "Y", "city": "St. Louis", "state": "MO", "area-code": "314"}, {"id": "3decc6bfadaa436a105714c6ba90aceb", "number": "8574458562", "date": "2021-01-22 20:08:00", "subject": "13", "recorded-or-robo": "Y", "city": "", "state": "MA", "area-code": "617"}, {"id": "03e293b3df9e35eadf15c5611926f674", "number": "8574458562", "date": "2021-01-22 20:08:00", "subject": "13", "recorded-or-robo": "Y", "city": "", "state": "MA", "area-code": "617"}, {"id": "3decc6bfadaa436a105714c6ba909f23", "number": "2484584585", "date": "2021-01-21 14:49:00", "subject": "2", "recorded-or-robo": "N", "city": "HYDE PARK", "state": "MA", "area-code": "617"}, {"id": "03e293b3df9e35eadf15c5611926ec2e", "number": "2484584585", "date": "2021-01-21 14:49:00", "subject": "2", "recorded-or-robo": "N", "city": "HYDE PARK", "state": "MA", "area-code": "617"}, {"id": "3decc6bfadaa436a105714c6ba90940b", "number": "5183624817", "date": "2021-01-22 15:43:00", "subject": "2", "recorded-or-robo": "", "city": "Saratoga Spring", "state": "NY", "area-code": "518"}, {"id": "03e293b3df9e35eadf15c5611926e088", "number": "5183624817", "date": "2021-01-22 15:43:00", "subject": "2", "recorded-or-robo": "", "city": "Saratoga Spring", "state": "NY", "area-code": "518"}, {"id": "3decc6bfadaa436a105714c6ba908bc1", "number": "7027999729", "date": "2021-01-22 13:54:00", "subject": "5", "recorded-or-robo": "Y", "city": "Henderson", "state": "NV", "area-code": "702"}, {"id": "03e293b3df9e35eadf15c5611926df4d", "number": "7027999729", "date": "2021-01-22 13:54:00", "subject": "5", "recorded-or-robo": "Y", "city": "Henderson", "state": "NV", "area-code": "702"}, {"id": "3decc6bfadaa436a105714c6ba908b9a", "number": "9419166316", "date": "2021-01-23 17:14:00", "subject": "0", "recorded-or-robo": "", "city": "Port Charlotte", "state": "FL", "area-code": "941"}, {"id": "03e293b3df9e35eadf15c5611926d31a", "number": "9419166316", "date": "2021-01-23 17:14:00", "subject": "0", "recorded-or-robo": "", "city": "Port Charlotte", "state": "FL", "area-code": "941"}, {"id": "3decc6bfadaa436a105714c6ba908275", "number": "5139169290", "date": "2021-01-23 10:07:00", "subject": "4", "recorded-or-robo": "Y", "city": "Champaign", "state": "IL", "area-code": "513"}, {"id": "03e293b3df9e35eadf15c5611926c6a0", "number": "5139169290", "date": "2021-01-23 10:07:00", "subject": "4", "recorded-or-robo": "Y", "city": "Champaign", "state": "IL", "area-code": "513"}, {"id": "3decc6bfadaa436a105714c6ba90788d", "number": "6461518635", "date": "2021-01-24 10:06:00", "subject": "2", "recorded-or-robo": "Y", "city": "", "state": "MA", "area-code": "781"}, {"id": "03e293b3df9e35eadf15c5611926c19b", "number": "6461518635", "date": "2021-01-24 10:06:00", "subject": "2", "recorded-or-robo": "Y", "city": "", "state": "MA", "area-code": "781"}, {"id": "3decc6bfadaa436a105714c6ba907112", "number": "5088413978", "date": "2021-01-22 11:47:00", "subject": "2", "recorded-or-robo": "N", "city": "HYDE PARK", "state": "MA", "area-code": "617"}, {"id": "03e293b3df9e35eadf15c5611926b9af", "number": "5088413978", "date": "2021-01-22 11:47:00", "subject": "2", "recorded-or-robo": "N", "city": "HYDE PARK", "state": "MA", "area-code": "617"}, {"id": "3decc6bfadaa436a105714c6ba90667f", "number": "6172371697", "date": "2021-01-22 16:00:00", "subject": "2", "recorded-or-robo": "", "city": "Saratoga Spring", "state": "NY", "area-code": "518"}, {"id": "03e293b3df9e35eadf15c5611926b65c", "number": "6172371697", "date": "2021-01-22 16:00:00", "subject": "2", "recorded-or-robo": "", "city": "Saratoga Spring", "state": "NY", "area-code": "518"}, {"id": "3decc6bfadaa436a105714c6ba90570a", "number": "", "date": "2021-01-24 09:52:00", "subject": "2", "recorded-or-robo": "Y", "city": "Fair Lawn", "state": "NJ", "area-code": "609"}, {"id": "03e293b3df9e35eadf15c5611926ae1f", "number": "", "date": "2021-01-24 09:52:00", "subject": "2", "recorded-or-robo": "Y", "city": "Fair Lawn", "state": "NJ", "area-code": "609"}, {"id": "3decc6bfadaa436a105714c6ba904e7a", "number": "8009918708", "date": "2021-01-21 10:49:00", "subject": "2", "recorded-or-robo": "Y", "city": "", "state": "IL", "area-code": "815"}, {"id": "03e293b3df9e35eadf15c5611926acf1", "number": "8009918708", "date": "2021-01-21 10:49:00", "subject": "2", "recorded-or-robo": "Y", "city": "", "state": "IL", "area-code": "815"}, {"id": "3decc6bfadaa436a105714c6ba9048f8", "number": "3802050998", "date": "2021-01-23 09:25:00", "subject": "2", "recorded-or-robo": "N", "city": "HYDE PARK", "state": "MA", "area-code": "617"}, {"id": "03e293b3df9e35eadf15c5611926a86a", "number": "3802050998", "date": "2021-01-23 09:25:00", "subject": "2", "recorded-or-robo": "N", "city": "HYDE PARK", "state": "MA", "area-code": "617"}, {"id": "3decc6bfadaa436a105714c6ba903b4d", "number": "3133816856", "date": "2021-01-24 10:02:00", "subject": "2", "recorded-or-robo": "Y", "city": "Detroit", "state": "MI", "area-code": "313"}, {"id": "03e293b3df9e35eadf15c5611926a0ca", "number": "3133816856", "date": "2021-01-24 10:02:00", "subject": "2", "recorded-or-robo": "Y", "city": "Detroit", "state": "MI", "area-code": "313"}, {"id": "3decc6bfadaa436a105714c6ba9033d6", "number": "8767887803", "date": "2021-01-23 13:08:00", "subject": "1", "recorded-or-robo": "N", "city": "Huntsville", "state": "AL", "area-code": "256"}, {"id": "03e293b3df9e35eadf15c5611926977f", "number": "8767887803", "date": "2021-01-23 13:08:00", "subject": "1", "recorded-or-robo": "N", "city": "Huntsville", "state": "AL", "area-code": "256"}, {"id": "3decc6bfadaa436a105714c6ba902e79", "number": "8155249094", "date": "2021-01-21 14:00:00", "subject": "2", "recorded-or-robo": "Y", "city": "", "state": "IL", "area-code": "815"}, {"id": "03e293b3df9e35eadf15c56119269178", "number": "8155249094", "date": "2021-01-21 14:00:00", "subject": "2", "recorded-or-robo": "Y", "city": "", "state": "IL", "area-code": "815"}, {"id": "3decc6bfadaa436a105714c6ba901f9b", "number": "2149150554", "date": "2021-01-21 00:00:00", "subject": "1", "recorded-or-robo": "Y", "city": "", "state": "TX", "area-code": "214"}, {"id": "03e293b3df9e35eadf15c561192685f9", "number": "2149150554", "date": "2021-01-21 00:00:00", "subject": "1", "recorded-or-robo": "Y", "city": "", "state": "TX", "area-code": "214"}, {"id": "3decc6bfadaa436a105714c6ba901789", "number": "6173645706", "date": "2021-01-21 11:42:00", "subject": "2", "recorded-or-robo": "N", "city": "HYDE PARK", "state": "MA", "area-code": "617"}, {"id": "03e293b3df9e35eadf15c56119268395", "number": "6173645706", "date": "2021-01-21 11:42:00", "subject": "2", "recorded-or-robo": "N", "city": "HYDE PARK", "state": "MA", "area-code": "617"}, {"id": "3decc6bfadaa436a105714c6ba900908", "number": "8003471000", "date": "2021-01-21 15:21:00", "subject": "2", "recorded-or-robo": "Y", "city": "", "state": "IL", "area-code": "815"}, {"id": "03e293b3df9e35eadf15c5611926776d", "number": "8003471000", "date": "2021-01-21 15:21:00", "subject": "2", "recorded-or-robo": "Y", "city": "", "state": "IL", "area-code": "815"}]}