{"data": [{"id": "3decc6bfadaa436a105714c6ba94d4e9", "number": "8034812753", "date": "2021-01-20 12:55:00", "subject": "2", "recorded-or-robo": "Y", "city": "San Antonio", "state": "TX", "area-code": "210"}, {"id": "03e293b3df9e35eadf15c561192af718", "number": "8034812753", "date": "2021-01-20 12:55:00", "subject": "2", "recorded-or-robo": "Y", "city": "San Antonio", "state": "TX", "area-code": "210"}, {"id": "3decc6bfadaa436a105714c6ba94c744", "number": "", "date": "2021-01-24 11:08:00", "subject": "11", "recorded-or-robo": "Y", "city": "", "state": "IN", "area-code": "574"}, {"id": "03e293b3df9e35eadf15c561192aef38", "number": "", "date": "2021-01-24 11:08:00", "subject": "11", "recorded-or-robo": "Y", "city": "", "state": "IN", "area-code": "574"}, {"id": "3decc6bfadaa436a105714c6ba94bca0", "number": "7318458548", "date": "2021-01-24 09:56:00", "subject": "1", "recorded-or-robo": "Y", "city": "Lexington", "state": "TN", "area-code": "731"}, {"id": "03e293b3df9e35eadf15c561192aecb8", "number": "7318458548", "date": "2021-01-24 09:56:00", "subject": "1", "recorded-or-robo": "Y", "city": "Lexington", "state": "TN", "area-code": "731"}, {"id": "3decc6bfadaa436a105714c6ba94b02c", "number": "5092209194", "date": "2021-01-24 08:14:00", "subject": "2", "recorded-or-robo": "N", "city": "", "state": "WA", "area-code": "509"}, {"id": "03e293b3df9e35eadf15c561192aecab", "number": "5092209194", "date": "2021-01-24 08:14:00", "subject": "2", "recorded-or-robo": "N", "city": "", "state": "WA", "area-code": "509"}, {"id": "3decc6bfadaa436a105714c6ba94af3a", "number": "5099817318", "date": "2021-01-24 07:51:00", "subject": "3", "recorded-or-robo": "Y", "city": "", "state": "WA", "area-code": "509"}, {"id": "03e293b3df9e35eadf15c561192ae116", "number": "5099817318", "date": "2021-01-24 07:51:00", "subject": "3", "recorded-or-robo": "Y", "city": "", "state": "WA", "area-code": "509"}, {"id": "3decc6bfadaa436a105714c6ba94a864", "number": "2104480154", "date": "2021-01-20 12:35:00", "subject": "2", "recorded-or-robo": "Y", "city": "San Antonio", "state": "TX", "area-code": "210"}, {"id": "03e293b3df9e35eadf15c561192ad3b5", "number": "2104480154", "date": "2021-01-20 12:35:00", "subject": "2", "recorded-or-robo": "Y", "city": "San Antonio", "state": "TX", "area-code": "210"}, {"id": "3decc6bfadaa436a105714c6ba949dcd", "number": "6159227507", "date": "2021-01-24 09:00:00", "subject": "2", "recorded-or-robo": "Y", "city": "Hendersonville", "state": "TN", "area-code": "615"}, {"id": "03e293b3df9e35eadf15c561192acb32", "number": "6159227507", "date": "2021-01-24 09:00:00", "subject": "2", "recorded-or-robo": "Y", "city": "Hendersonville", "state": "TN", "area-code": "615"}, {"id": "3decc6bfadaa436a105714c6ba949a64", "number": "3463821554", "date": "2021-01-24 11:18:00", "subject": "3", "recorded-or-robo": "N", "city": "", "state": "CT", "area-code": "860"}, {"id": "03e293b3df9e35eadf15c561192abe8e", "number": "3463821554", "date": "2021-01-24 11:18:00", "subject": "3", "recorded-or-robo": "N", "city": "", "state": "CT", "area-code": "860"}, {"id": "3decc6bfadaa436a105714c6ba949ce0", "number": "5099811388", "date": "2021-01-24 07:38:00", "subject": "3", "recorded-or-robo": "Y", "city": "", "state": "WA", "area-code": "509"}, {"id": "03e293b3df9e35eadf15c561192ac4fa", "number": "5099811388", "date": "2021-01-24 07:38:00", "subject": "3", "recorded-or-robo": "Y", "city": "", "state": "WA", "area-code": "509"}, {"id": "3decc6bfadaa436a105714c6ba945322", "number": "2019686245", "date": "2020-12-09 11:45:00", "subject": "3", "recorded-or-robo": "", "city": "", "state": "NJ", "area-code": "201"}, {"id": "03e293b3df9e35eadf15c561192a619a", "number": "2019686245", "date": "2020-12-09 11:45:00", "subject": "3", "recorded-or-robo": "", "city": "", "state": "NJ", "area-code": "201"}, {"id": "3decc6bfadaa436a105714c6ba94989c", "number": "6304548345", "date": "2021-01-24 00:00:00", "subject": "4", "recorded-or-robo": "N", "city": "Streamwood", "state": "IL", "area-code": "630"}, {"id": "03e293b3df9e35eadf15c561192ab380", "number": "6304548345", "date": "2021-01-24 00:00:00", "subject": "4", "recorded-or-robo": "N", "city": "Streamwood", "state": "IL", "area-code": "630"}, {"id": "3decc6bfadaa436a105714c6ba948b17", "number": "8106678110", "date": "2021-01-23 10:23:00", "subject": "2", "recorded-or-robo": "Y", "city": "Flint", "state": "MI", "area-code": "810"}, {"id": "03e293b3df9e35eadf15c561192aa6cf", "number": "8106678110", "date": "2021-01-23 10:23:00", "subject": "2", "recorded-or-robo": "Y", "city": "Flint", "state": "MI", "area-code": "810"}, {"id": "3decc6bfadaa436a105714c6ba94814c", "number": "press1", "date": "2021-01-02 12:00:00", "subject": "2", "recorded-or-robo": "Y", "city": "Spokane Valley", "state": "WA", "area-code": "209"}, {"id": "03e293b3df9e35eadf15c561192aa300", "number": "press1", "date": "2021-01-02 12:00:00", "subject": "2", "recorded-or-robo": "Y", "city": "Spokane Valley", "state": "WA", "area-code": "209"}, {"id": "3decc6bfadaa436a105714c6ba94811f", "number": "6892021526", "date": "2021-01-24 11:15:00", "subject": "2", "recorded-or-robo": "N", "city": "Fl", "state": "FL", "area-code": "407"}, {"id": "03e293b3df9e35eadf15c561192a99f6", "number": "6892021526", "date": "2021-01-24 11:15:00", "subject": "2", "recorded-or-robo": "N", "city": "Fl", "state": "FL", "area-code": "407"}, {"id": "3decc6bfadaa436a105714c6ba9476b4", "number": "8665275878", "date": "2021-01-23 11:35:00", "subject": "2", "recorded-or-robo": "", "city": "Maryland Heights", "state": "MO", "area-code": "314"}, {"id": "03e293b3df9e35eadf15c561192a8ef9", "number": "8665275878", "date": "2021-01-23 11:35:00", "subject": "2", "recorded-or-robo": "", "city": "Maryland Heights", "state": "MO", "area-code": "314"}, {"id": "3decc6bfadaa436a105714c6ba94769d", "number": "2109816230", "date": "2021-01-19 13:56:00", "subject": "2", "recorded-or-robo": "Y", "city": "San Antonio", "state": "TX", "area-code": "210"}, {"id": "03e293b3df9e35eadf15c561192a86ee", "number": "2109816230", "date": "2021-01-19 13:56:00", "subject": "2", "recorded-or-robo": "Y", "city": "San Antonio", "state": "TX", "area-code": "210"}, {"id": "3decc6bfadaa436a105714c6ba9466f8", "number": "3152328257", "date": "2021-01-22 14:30:00", "subject": "1", "recorded-or-robo": "Y", "city": "New Carlisle", "state": "IN", "area-code": "574"}, {"id": "03e293b3df9e35eadf15c561192a80de", "number": "3152328257", "date": "2021-01-22 14:30:00", "subject": "1", "recorded-or-robo": "Y", "city": "New Carlisle", "state": "IN", "area-code": "574"}, {"id": "3decc6bfadaa436a105714c6ba94611c", "number": "5099816210", "date": "2021-01-24 07:29:00", "subject": "3", "recorded-or-robo": "Y", "city": "", "state": "WA", "area-code": "509"}, {"id": "03e293b3df9e35eadf15c561192a7d54", "number": "5099816210", "date": "2021-01-24 07:29:00", "subject": "3", "recorded-or-robo": "Y", "city": "", "state": "WA", "area-code": "509"}, {"id": "3decc6bfadaa436a105714c6ba94367d", "number": "7145199021", "date": "2021-01-23 15:48:00", "subject": "3", "recorded-or-robo": "N", "city": "", "state": "PA", "area-code": "570"}, {"id": "03e293b3df9e35eadf15c561192a4c07", "number": "7145199021", "date": "2021-01-23 15:48:00", "subject": "3", "recorded-or-robo": "N", "city": "", "state": "PA", "area-code": "570"}, {"id": "3decc6bfadaa436a105714c6ba94601e", "number": "4073921962", "date": "2021-01-21 16:27:00", "subject": "4", "recorded-or-robo": "Y", "city": "NEWARK", "state": "DE", "area-code": "302"}, {"id": "03e293b3df9e35eadf15c561192a70de", "number": "4073921962", "date": "2021-01-21 16:27:00", "subject": "4", "recorded-or-robo": "Y", "city": "NEWARK", "state": "DE", "area-code": "302"}, {"id": "3decc6bfadaa436a105714c6ba94552c", "number": "8665279106", "date": "2021-01-23 11:27:00", "subject": "2", "recorded-or-robo": "", "city": "Maryland Heights", "state": "MO", "area-code": "314"}, {"id": "03e293b3df9e35eadf15c561192a6fc4", "number": "8665279106", "date": "2021-01-23 11:27:00", "subject": "2", "recorded-or-robo": "", "city": "Maryland Heights", "state": "MO", "area-code": "314"}, {"id": "3decc6bfadaa436a105714c6ba9449d1", "number": "6154064159", "date": "2021-01-24 08:00:00", "subject": "2", "recorded-or-robo": "Y", "city": "Cheney", "state": "WA", "area-code": "509"}, {"id": "03e293b3df9e35eadf15c561192a608f", "number": "6154064159", "date": "2021-01-24 08:00:00", "subject": "2", "recorded-or-robo": "Y", "city": "Cheney", "state": "WA", "area-code": "509"}, {"id": "3decc6bfadaa436a105714c6ba94422f", "number": "3108783212", "date": "2021-01-23 14:15:00", "subject": "2", "recorded-or-robo": "Y", "city": "Newton", "state": "MA", "area-code": "617"}, {"id": "03e293b3df9e35eadf15c561192a5d46", "number": "3108783212", "date": "2021-01-23 14:15:00", "subject": "2", "recorded-or-robo": "Y", "city": "Newton", "state": "MA", "area-code": "617"}, {"id": "3decc6bfadaa436a105714c6ba943a06", "number": "2393234515", "date": "2021-01-18 04:20:00", "subject": "2", "recorded-or-robo": "N", "city": "San Antonio", "state": "TX", "area-code": "210"}, {"id": "03e293b3df9e35eadf15c561192a58a1", "number": "2393234515", "date": "2021-01-18 04:20:00", "subject": "2", "recorded-or-robo": "N", "city": "San Antonio", "state": "TX", "area-code": "210"}, {"id": "3decc6bfadaa436a105714c6ba943911", "number": "5099429799", "date": "2021-01-24 07:57:00", "subject": "2", "recorded-or-robo": "Y", "city": "BENTON CITY", "state": "WA", "area-code": "509"}, {"id": "03e293b3df9e35eadf15c561192a5833", "number": "5099429799", "date": "2021-01-24 07:57:00", "subject": "2", "recorded-or-robo": "Y", "city": "BENTON CITY", "state": "WA", "area-code": "509"}]}