{"data": [{"id": "3decc6bfadaa436a105714c6ba9eee9e", "number": "3152328257", "date": "2021-01-23 12:00:00", "subject": "11", "recorded-or-robo": "Y", "city": "", "state": "KS", "area-code": "316"}, {"id": "03e293b3df9e35eadf15c56119350181", "number": "3152328257", "date": "2021-01-23 12:00:00", "subject": "11", "recorded-or-robo": "Y", "city": "", "state": "KS", "area-code": "316"}, {"id": "3decc6bfadaa436a105714c6ba9edec2", "number": "8556782910", "date": "2021-01-24 12:33:00", "subject": "1", "recorded-or-robo": "Y", "city": "Osceola", "state": "IN", "area-code": "574"}, {"id": "03e293b3df9e35eadf15c5611934fbbb", "number": "8556782910", "date": "2021-01-24 12:33:00", "subject": "1", "recorded-or-robo": "Y", "city": "Osceola", "state": "IN", "area-code": "574"}, {"id": "3decc6bfadaa436a105714c6ba9ed46a", "number": "6154069307", "date": "2021-01-23 15:06:00", "subject": "2", "recorded-or-robo": "Y", "city": "Seattle", "state": "WA", "area-code": "509"}, {"id": "03e293b3df9e35eadf15c5611934efa4", "number": "6154069307", "date": "2021-01-23 15:06:00", "subject": "2", "recorded-or-robo": "Y", "city": "Seattle", "state": "WA", "area-code": "509"}, {"id": "3decc6bfadaa436a105714c6ba9ec548", "number": "4125950128", "date": "2021-01-21 13:27:00", "subject": "0", "recorded-or-robo": "Y", "city": "Bethel Park", "state": "PA", "area-code": "412"}, {"id": "03e293b3df9e35eadf15c5611934ec17", "number": "4125950128", "date": "2021-01-21 13:27:00", "subject": "0", "recorded-or-robo": "Y", "city": "Bethel Park", "state": "PA", "area-code": "412"}, {"id": "3decc6bfadaa436a105714c6ba9eb7b5", "number": "3144357953", "date": "2021-01-24 11:38:00", "subject": "3", "recorded-or-robo": "Y", "city": "", "state": "MO", "area-code": "314"}, {"id": "03e293b3df9e35eadf15c5611934ec00", "number": "3144357953", "date": "2021-01-24 11:38:00", "subject": "3", "recorded-or-robo": "Y", "city": "", "state": "MO", "area-code": "314"}, {"id": "3decc6bfadaa436a105714c6ba9ea8a6", "number": "", "date": "2021-01-23 16:36:00", "subject": "2", "recorded-or-robo": "Y", "city": "Saint Louis", "state": "MO", "area-code": "314"}, {"id": "03e293b3df9e35eadf15c5611934e2da", "number": "", "date": "2021-01-23 16:36:00", "subject": "2", "recorded-or-robo": "Y", "city": "Saint Louis", "state": "MO", "area-code": "314"}, {"id": "3decc6bfadaa436a105714c6ba9ea708", "number": "2406615351", "date": "2021-01-24 00:41:00", "subject": "11", "recorded-or-robo": "Y", "city": "", "state": "MD", "area-code": "240"}, {"id": "03e293b3df9e35eadf15c5611934d741", "number": "2406615351", "date": "2021-01-24 00:41:00", "subject": "11", "recorded-or-robo": "Y", "city": "", "state": "MD", "area-code": "240"}, {"id": "3decc6bfadaa436a105714c6ba9ea019", "number": "9366351518", "date": "2021-01-24 11:26:00", "subject": "1", "recorded-or-robo": "Y", "city": "Pollok", "state": "TX", "area-code": "936"}, {"id": "03e293b3df9e35eadf15c5611934d4db", "number": "9366351518", "date": "2021-01-24 11:26:00", "subject": "1", "recorded-or-robo": "Y", "city": "Pollok", "state": "TX", "area-code": "936"}, {"id": "3decc6bfadaa436a105714c6ba9e9171", "number": "4123808818", "date": "2021-01-21 09:58:00", "subject": "0", "recorded-or-robo": "Y", "city": "Bethel Park", "state": "PA", "area-code": "412"}, {"id": "03e293b3df9e35eadf15c5611934d239", "number": "4123808818", "date": "2021-01-21 09:58:00", "subject": "0", "recorded-or-robo": "Y", "city": "Bethel Park", "state": "PA", "area-code": "412"}, {"id": "3decc6bfadaa436a105714c6ba9e8aa1", "number": "7123801959", "date": "2021-01-22 12:00:00", "subject": "1", "recorded-or-robo": "Y", "city": "SAN ANTONIO", "state": "TX", "area-code": "210"}, {"id": "03e293b3df9e35eadf15c5611934cac0", "number": "7123801959", "date": "2021-01-22 12:00:00", "subject": "1", "recorded-or-robo": "Y", "city": "SAN ANTONIO", "state": "TX", "area-code": "210"}, {"id": "3decc6bfadaa436a105714c6ba9e893f", "number": "8182494920", "date": "2021-01-24 09:42:00", "subject": "3", "recorded-or-robo": "Y", "city": "", "state": "CA", "area-code": "818"}, {"id": "03e293b3df9e35eadf15c5611934c7f0", "number": "8182494920", "date": "2021-01-24 09:42:00", "subject": "3", "recorded-or-robo": "Y", "city": "", "state": "CA", "area-code": "818"}, {"id": "3decc6bfadaa436a105714c6ba9e7aa5", "number": "5172948807", "date": "2021-01-23 12:57:00", "subject": "1", "recorded-or-robo": "Y", "city": "Webberville", "state": "MI", "area-code": "517"}, {"id": "03e293b3df9e35eadf15c5611934c419", "number": "5172948807", "date": "2021-01-23 12:57:00", "subject": "1", "recorded-or-robo": "Y", "city": "Webberville", "state": "MI", "area-code": "517"}, {"id": "3decc6bfadaa436a105714c6ba9e7224", "number": "5099799321", "date": "2021-01-24 09:37:00", "subject": "11", "recorded-or-robo": "Y", "city": "", "state": "", "area-code": "855"}, {"id": "03e293b3df9e35eadf15c5611934baae", "number": "5099799321", "date": "2021-01-24 09:37:00", "subject": "11", "recorded-or-robo": "Y", "city": "", "state": "", "area-code": "855"}, {"id": "3decc6bfadaa436a105714c6ba9e682b", "number": "8556785685", "date": "2021-01-24 12:30:00", "subject": "2", "recorded-or-robo": "Y", "city": "Pickerington", "state": "OH", "area-code": "740"}, {"id": "03e293b3df9e35eadf15c5611934b85f", "number": "8556785685", "date": "2021-01-24 12:30:00", "subject": "2", "recorded-or-robo": "Y", "city": "Pickerington", "state": "OH", "area-code": "740"}, {"id": "3decc6bfadaa436a105714c6ba9e627b", "number": "7866232787", "date": "2021-01-23 12:55:00", "subject": "2", "recorded-or-robo": "Y", "city": "", "state": "NH", "area-code": "603"}, {"id": "03e293b3df9e35eadf15c5611934b3d6", "number": "7866232787", "date": "2021-01-23 12:55:00", "subject": "2", "recorded-or-robo": "Y", "city": "", "state": "NH", "area-code": "603"}, {"id": "3decc6bfadaa436a105714c6ba9e5a73", "number": "5092019318", "date": "2021-01-24 08:05:00", "subject": "1", "recorded-or-robo": "Y", "city": "Ellensburg", "state": "WA", "area-code": "509"}, {"id": "03e293b3df9e35eadf15c5611934b07e", "number": "5092019318", "date": "2021-01-24 08:05:00", "subject": "1", "recorded-or-robo": "Y", "city": "Ellensburg", "state": "WA", "area-code": "509"}, {"id": "3decc6bfadaa436a105714c6ba9e5420", "number": "", "date": "2021-01-23 12:00:00", "subject": "2", "recorded-or-robo": "Y", "city": "West Richland", "state": "WA", "area-code": "509"}, {"id": "03e293b3df9e35eadf15c5611934b03c", "number": "", "date": "2021-01-23 12:00:00", "subject": "2", "recorded-or-robo": "Y", "city": "West Richland", "state": "WA", "area-code": "509"}, {"id": "3decc6bfadaa436a105714c6ba9e48ac", "number": "3602081082", "date": "2021-01-24 09:40:00", "subject": "2", "recorded-or-robo": "N", "city": "Ferndale", "state": "WA", "area-code": "360"}, {"id": "03e293b3df9e35eadf15c5611934ae6b", "number": "3602081082", "date": "2021-01-24 09:40:00", "subject": "2", "recorded-or-robo": "N", "city": "Ferndale", "state": "WA", "area-code": "360"}, {"id": "3decc6bfadaa436a105714c6ba9e4649", "number": "3526222501", "date": "2021-01-23 13:21:00", "subject": "2", "recorded-or-robo": "Y", "city": "Ocala", "state": "FL", "area-code": "352"}, {"id": "03e293b3df9e35eadf15c5611934a5fe", "number": "3526222501", "date": "2021-01-23 13:21:00", "subject": "2", "recorded-or-robo": "Y", "city": "Ocala", "state": "FL", "area-code": "352"}, {"id": "3decc6bfadaa436a105714c6ba9e393f", "number": "3865232612", "date": "2021-01-24 11:07:00", "subject": "1", "recorded-or-robo": "Y", "city": "Pacific", "state": "MO", "area-code": "386"}, {"id": "03e293b3df9e35eadf15c5611934991a", "number": "3865232612", "date": "2021-01-24 11:07:00", "subject": "1", "recorded-or-robo": "Y", "city": "Pacific", "state": "MO", "area-code": "386"}, {"id": "3decc6bfadaa436a105714c6ba9e31ea", "number": "3145707522", "date": "2021-01-23 16:40:00", "subject": "2", "recorded-or-robo": "Y", "city": "New Haven", "state": "MO", "area-code": "314"}, {"id": "03e293b3df9e35eadf15c56119348d61", "number": "3145707522", "date": "2021-01-23 16:40:00", "subject": "2", "recorded-or-robo": "Y", "city": "New Haven", "state": "MO", "area-code": "314"}, {"id": "3decc6bfadaa436a105714c6ba9e22eb", "number": "4158874232", "date": "2021-01-22 00:00:00", "subject": "0", "recorded-or-robo": "N", "city": "Carmel", "state": "CA", "area-code": "415"}, {"id": "03e293b3df9e35eadf15c561193488c4", "number": "4158874232", "date": "2021-01-22 00:00:00", "subject": "0", "recorded-or-robo": "N", "city": "Carmel", "state": "CA", "area-code": "415"}, {"id": "3decc6bfadaa436a105714c6ba9e195e", "number": "4406693500", "date": "2021-01-24 12:19:00", "subject": "2", "recorded-or-robo": "Y", "city": "Bay village", "state": "OH", "area-code": "440"}, {"id": "03e293b3df9e35eadf15c561193486e9", "number": "4406693500", "date": "2021-01-24 12:19:00", "subject": "2", "recorded-or-robo": "Y", "city": "Bay village", "state": "OH", "area-code": "440"}, {"id": "3decc6bfadaa436a105714c6ba9e1460", "number": "8442049279", "date": "2021-01-24 11:17:00", "subject": "1", "recorded-or-robo": "Y", "city": "Houston", "state": "TX", "area-code": "713"}, {"id": "03e293b3df9e35eadf15c56119347c23", "number": "8442049279", "date": "2021-01-24 11:17:00", "subject": "1", "recorded-or-robo": "Y", "city": "Houston", "state": "TX", "area-code": "713"}, {"id": "3decc6bfadaa436a105714c6ba9e053c", "number": "8609369747", "date": "2021-01-24 12:39:00", "subject": "2", "recorded-or-robo": "N", "city": "Torrington", "state": "CT", "area-code": "860"}, {"id": "03e293b3df9e35eadf15c561193472a3", "number": "8609369747", "date": "2021-01-24 12:39:00", "subject": "2", "recorded-or-robo": "N", "city": "Torrington", "state": "CT", "area-code": "860"}]}