{"data": [{"id": "3decc6bfadaa436a105714c6ba6af735", "number": "9044850837", "date": "2021-01-22 10:12:00", "subject": "0", "recorded-or-robo": "Y", "city": "", "state": "FL", "area-code": "904"}, {"id": "3decc6bfadaa436a105714c6ba6af412", "number": "8583583848", "date": "2021-01-16 11:54:00", "subject": "12", "recorded-or-robo": "N", "city": "", "state": "CA", "area-code": "858"}, {"id": "03e293b3df9e35eadf15c56119012e51", "number": "9044850837", "date": "2021-01-22 10:12:00", "subject": "0", "recorded-or-robo": "Y", "city": "", "state": "FL", "area-code": "904"}, {"id": "03e293b3df9e35eadf15c561190125aa", "number": "8583583848", "date": "2021-01-16 11:54:00", "subject": "12", "recorded-or-robo": "N", "city": "", "state": "CA", "area-code": "858"}, {"id": "3decc6bfadaa436a105714c6ba6aefdd", "number": "9514774103", "date": "2021-01-22 15:36:00", "subject": "12", "recorded-or-robo": "Y", "city": "Temecula", "state": "CA", "area-code": "951"}, {"id": "03e293b3df9e35eadf15c56119011bd7", "number": "9514774103", "date": "2021-01-22 15:36:00", "subject": "12", "recorded-or-robo": "Y", "city": "Temecula", "state": "CA", "area-code": "951"}, {"id": "3decc6bfadaa436a105714c6ba81e633", "number": "5344000294", "date": "2021-01-23 20:57:59", "subject": "3", "recorded-or-robo": "Y", "city": "", "state": "TX", "area-code": "210"}, {"id": "03e293b3df9e35eadf15c561191861d1", "number": "5344000294", "date": "2021-01-23 20:57:59", "subject": "3", "recorded-or-robo": "Y", "city": "", "state": "TX", "area-code": "210"}, {"id": "3decc6bfadaa436a105714c6ba6aea45", "number": "5099283897", "date": "2021-01-23 16:58:00", "subject": "1", "recorded-or-robo": "Y", "city": "Spokane Valley", "state": "WA", "area-code": "509"}, {"id": "03e293b3df9e35eadf15c56119010cdd", "number": "5099283897", "date": "2021-01-23 16:58:00", "subject": "1", "recorded-or-robo": "Y", "city": "Spokane Valley", "state": "WA", "area-code": "509"}, {"id": "3decc6bfadaa436a105714c6ba6ae5e3", "number": "3152328257", "date": "2021-01-23 12:00:00", "subject": "11", "recorded-or-robo": "Y", "city": "Twisp", "state": "WA", "area-code": "855"}, {"id": "03e293b3df9e35eadf15c5611901010d", "number": "3152328257", "date": "2021-01-23 12:00:00", "subject": "11", "recorded-or-robo": "Y", "city": "Twisp", "state": "WA", "area-code": "855"}, {"id": "3decc6bfadaa436a105714c6ba6ad6d6", "number": "5099288324", "date": "2021-01-23 16:20:00", "subject": "1", "recorded-or-robo": "Y", "city": "Spokane Valley", "state": "WA", "area-code": "509"}, {"id": "03e293b3df9e35eadf15c5611900f192", "number": "5099288324", "date": "2021-01-23 16:20:00", "subject": "1", "recorded-or-robo": "Y", "city": "Spokane Valley", "state": "WA", "area-code": "509"}, {"id": "3decc6bfadaa436a105714c6ba6ac93b", "number": "5173122241", "date": "2021-01-23 13:09:00", "subject": "2", "recorded-or-robo": "Y", "city": "Hillman", "state": "MI", "area-code": "517"}, {"id": "03e293b3df9e35eadf15c5611900e6a5", "number": "5173122241", "date": "2021-01-23 13:09:00", "subject": "2", "recorded-or-robo": "Y", "city": "Hillman", "state": "MI", "area-code": "517"}, {"id": "3decc6bfadaa436a105714c6ba6ac1cd", "number": "4079822624", "date": "2021-01-23 14:53:00", "subject": "1", "recorded-or-robo": "Y", "city": "Fayetteville", "state": "NC", "area-code": "910"}, {"id": "03e293b3df9e35eadf15c5611900e09b", "number": "4079822624", "date": "2021-01-23 14:53:00", "subject": "1", "recorded-or-robo": "Y", "city": "Fayetteville", "state": "NC", "area-code": "910"}, {"id": "3decc6bfadaa436a105714c6ba6ac169", "number": "5099283378", "date": "2021-01-23 14:40:00", "subject": "1", "recorded-or-robo": "Y", "city": "Spokane Valley", "state": "WA", "area-code": "509"}, {"id": "03e293b3df9e35eadf15c5611900d3f4", "number": "5099283378", "date": "2021-01-23 14:40:00", "subject": "1", "recorded-or-robo": "Y", "city": "Spokane Valley", "state": "WA", "area-code": "509"}, {"id": "3decc6bfadaa436a105714c6ba6ab960", "number": "9544208396", "date": "2021-01-22 11:57:00", "subject": "0", "recorded-or-robo": "Y", "city": "", "state": "FL", "area-code": "904"}, {"id": "03e293b3df9e35eadf15c5611900c412", "number": "9544208396", "date": "2021-01-22 11:57:00", "subject": "0", "recorded-or-robo": "Y", "city": "", "state": "FL", "area-code": "904"}, {"id": "3decc6bfadaa436a105714c6ba6aaf64", "number": "5173122241", "date": "2021-01-23 14:41:00", "subject": "2", "recorded-or-robo": "Y", "city": "Hillman", "state": "MI", "area-code": "517"}, {"id": "03e293b3df9e35eadf15c5611900c36e", "number": "5173122241", "date": "2021-01-23 14:41:00", "subject": "2", "recorded-or-robo": "Y", "city": "Hillman", "state": "MI", "area-code": "517"}, {"id": "3decc6bfadaa436a105714c6ba6aaddb", "number": "5099282726", "date": "2021-01-23 15:29:00", "subject": "1", "recorded-or-robo": "Y", "city": "Spokane Valley", "state": "WA", "area-code": "509"}, {"id": "03e293b3df9e35eadf15c5611900b941", "number": "5099282726", "date": "2021-01-23 15:29:00", "subject": "1", "recorded-or-robo": "Y", "city": "Spokane Valley", "state": "WA", "area-code": "509"}, {"id": "3decc6bfadaa436a105714c6ba6aa28d", "number": "5099288532", "date": "2021-01-23 14:58:00", "subject": "1", "recorded-or-robo": "Y", "city": "Spokane Valley", "state": "WA", "area-code": "509"}, {"id": "03e293b3df9e35eadf15c5611900b006", "number": "5099288532", "date": "2021-01-23 14:58:00", "subject": "1", "recorded-or-robo": "Y", "city": "Spokane Valley", "state": "WA", "area-code": "509"}, {"id": "3decc6bfadaa436a105714c6ba6a99ac", "number": "5099287939", "date": "2021-01-23 16:08:00", "subject": "1", "recorded-or-robo": "Y", "city": "Spokane Valley", "state": "WA", "area-code": "509"}, {"id": "03e293b3df9e35eadf15c5611900a3bf", "number": "5099287939", "date": "2021-01-23 16:08:00", "subject": "1", "recorded-or-robo": "Y", "city": "Spokane Valley", "state": "WA", "area-code": "509"}, {"id": "3decc6bfadaa436a105714c6ba6a8e8d", "number": "5099286762", "date": "2021-01-23 15:58:00", "subject": "1", "recorded-or-robo": "Y", "city": "Spokane Valley", "state": "WA", "area-code": "509"}, {"id": "03e293b3df9e35eadf15c56119009ed2", "number": "5099286762", "date": "2021-01-23 15:58:00", "subject": "1", "recorded-or-robo": "Y", "city": "Spokane Valley", "state": "WA", "area-code": "509"}, {"id": "3decc6bfadaa436a105714c6ba6a7efc", "number": "5099281204", "date": "2021-01-23 15:43:00", "subject": "1", "recorded-or-robo": "Y", "city": "Spokane Valley", "state": "WA", "area-code": "509"}, {"id": "03e293b3df9e35eadf15c56119009d5b", "number": "5099281204", "date": "2021-01-23 15:43:00", "subject": "1", "recorded-or-robo": "Y", "city": "Spokane Valley", "state": "WA", "area-code": "509"}, {"id": "3decc6bfadaa436a105714c6ba6a758d", "number": "2563954937", "date": "2021-01-23 16:57:00", "subject": "2", "recorded-or-robo": "N", "city": "Russellville", "state": "AL", "area-code": "256"}, {"id": "03e293b3df9e35eadf15c5611900994b", "number": "2563954937", "date": "2021-01-23 16:57:00", "subject": "2", "recorded-or-robo": "N", "city": "Russellville", "state": "AL", "area-code": "256"}, {"id": "3decc6bfadaa436a105714c6ba6a7259", "number": "6197246045", "date": "2021-01-04 08:33:00", "subject": "2", "recorded-or-robo": "N", "city": "", "state": "CA", "area-code": "858"}, {"id": "03e293b3df9e35eadf15c561190090c4", "number": "6197246045", "date": "2021-01-04 08:33:00", "subject": "2", "recorded-or-robo": "N", "city": "", "state": "CA", "area-code": "858"}, {"id": "3decc6bfadaa436a105714c6ba6a706f", "number": "5099466279", "date": "2021-01-23 05:21:00", "subject": "11", "recorded-or-robo": "Y", "city": "Richland", "state": "WA", "area-code": "509"}, {"id": "3decc6bfadaa436a105714c6ba6a6f27", "number": "5099282726", "date": "2021-01-23 15:30:00", "subject": "1", "recorded-or-robo": "Y", "city": "Spokane Valley", "state": "WA", "area-code": "509"}, {"id": "03e293b3df9e35eadf15c56119008930", "number": "5099466279", "date": "2021-01-23 05:21:00", "subject": "11", "recorded-or-robo": "Y", "city": "Richland", "state": "WA", "area-code": "509"}, {"id": "03e293b3df9e35eadf15c56119007e3b", "number": "5099282726", "date": "2021-01-23 15:30:00", "subject": "1", "recorded-or-robo": "Y", "city": "Spokane Valley", "state": "WA", "area-code": "509"}, {"id": "3decc6bfadaa436a105714c6ba6a6e26", "number": "7174475162", "date": "2021-01-21 10:17:00", "subject": "4", "recorded-or-robo": "Y", "city": "Duncannon", "state": "PA", "area-code": "717"}, {"id": "03e293b3df9e35eadf15c56119007118", "number": "7174475162", "date": "2021-01-21 10:17:00", "subject": "4", "recorded-or-robo": "Y", "city": "Duncannon", "state": "PA", "area-code": "717"}, {"id": "3decc6bfadaa436a105714c6ba6a6593", "number": "5099287145", "date": "2021-01-23 14:07:00", "subject": "1", "recorded-or-robo": "Y", "city": "Spokane Valley", "state": "WA", "area-code": "509"}, {"id": "03e293b3df9e35eadf15c561190065aa", "number": "5099287145", "date": "2021-01-23 14:07:00", "subject": "1", "recorded-or-robo": "Y", "city": "Spokane Valley", "state": "WA", "area-code": "509"}, {"id": "3decc6bfadaa436a105714c6ba6a570e", "number": "5099287461", "date": "2021-01-23 13:54:00", "subject": "1", "recorded-or-robo": "Y", "city": "Spokane Valley", "state": "WA", "area-code": "509"}, {"id": "03e293b3df9e35eadf15c56119005c8c", "number": "5099287461", "date": "2021-01-23 13:54:00", "subject": "1", "recorded-or-robo": "Y", "city": "Spokane Valley", "state": "WA", "area-code": "509"}, {"id": "3decc6bfadaa436a105714c6ba6a55a6", "number": "9546948562", "date": "2021-01-23 13:49:00", "subject": "6", "recorded-or-robo": "N", "city": "Los Angeles", "state": "CA", "area-code": "323"}, {"id": "03e293b3df9e35eadf15c56119005268", "number": "9546948562", "date": "2021-01-23 13:49:00", "subject": "6", "recorded-or-robo": "N", "city": "Los Angeles", "state": "CA", "area-code": "323"}]}