{"data": [{"id": "3decc6bfadaa436a105714c6bab65a70", "number": "2043062890", "date": "2021-01-23 12:23:00", "subject": "0", "recorded-or-robo": "Y", "city": "CATHEDRAL CITY", "state": "CA", "area-code": "760"}, {"id": "03e293b3df9e35eadf15c561194cd360", "number": "2043062890", "date": "2021-01-23 12:23:00", "subject": "0", "recorded-or-robo": "Y", "city": "CATHEDRAL CITY", "state": "CA", "area-code": "760"}, {"id": "3decc6bfadaa436a105714c6bab656ef", "number": "8137882639", "date": "2021-01-24 13:00:00", "subject": "11", "recorded-or-robo": "Y", "city": "", "state": "FL", "area-code": "813"}, {"id": "03e293b3df9e35eadf15c561194cc864", "number": "8137882639", "date": "2021-01-24 13:00:00", "subject": "11", "recorded-or-robo": "Y", "city": "", "state": "FL", "area-code": "813"}, {"id": "3decc6bfadaa436a105714c6bab655fd", "number": "", "date": "2021-01-24 14:00:00", "subject": "11", "recorded-or-robo": "Y", "city": "Lake Saint Louis", "state": "MO", "area-code": "314"}, {"id": "03e293b3df9e35eadf15c561194cbcf6", "number": "", "date": "2021-01-24 14:00:00", "subject": "11", "recorded-or-robo": "Y", "city": "Lake Saint Louis", "state": "MO", "area-code": "314"}, {"id": "3decc6bfadaa436a105714c6bab65273", "number": "5303091633", "date": "2021-01-21 13:15:00", "subject": "2", "recorded-or-robo": "N", "city": "", "state": "CA", "area-code": "530"}, {"id": "03e293b3df9e35eadf15c561194cb924", "number": "5303091633", "date": "2021-01-21 13:15:00", "subject": "2", "recorded-or-robo": "N", "city": "", "state": "CA", "area-code": "530"}, {"id": "3decc6bfadaa436a105714c6bab64878", "number": "4158940988", "date": "2021-01-12 11:30:00", "subject": "2", "recorded-or-robo": "Y", "city": "Pacheco", "state": "CA", "area-code": "925"}, {"id": "03e293b3df9e35eadf15c561194cb0dc", "number": "4158940988", "date": "2021-01-12 11:30:00", "subject": "2", "recorded-or-robo": "Y", "city": "Pacheco", "state": "CA", "area-code": "925"}, {"id": "3decc6bfadaa436a105714c6bab63cd3", "number": "", "date": "2021-01-24 12:54:00", "subject": "2", "recorded-or-robo": "Y", "city": "", "state": "CA", "area-code": "408"}, {"id": "03e293b3df9e35eadf15c561194ca690", "number": "", "date": "2021-01-24 12:54:00", "subject": "2", "recorded-or-robo": "Y", "city": "", "state": "CA", "area-code": "408"}, {"id": "3decc6bfadaa436a105714c6bab63037", "number": "3605487715", "date": "2021-01-22 09:15:00", "subject": "6", "recorded-or-robo": "Y", "city": "Bremerton", "state": "WA", "area-code": "360"}, {"id": "03e293b3df9e35eadf15c561194c9f55", "number": "3605487715", "date": "2021-01-22 09:15:00", "subject": "6", "recorded-or-robo": "Y", "city": "Bremerton", "state": "WA", "area-code": "360"}, {"id": "3decc6bfadaa436a105714c6bab62267", "number": "8632501010", "date": "2020-12-22 10:02:00", "subject": "6", "recorded-or-robo": "Y", "city": "Lincolndale, n.y.", "state": "NY", "area-code": "912"}, {"id": "03e293b3df9e35eadf15c561194c9517", "number": "8632501010", "date": "2020-12-22 10:02:00", "subject": "6", "recorded-or-robo": "Y", "city": "Lincolndale, n.y.", "state": "NY", "area-code": "912"}, {"id": "3decc6bfadaa436a105714c6bab615c6", "number": "7273645509", "date": "2021-01-24 15:32:00", "subject": "1", "recorded-or-robo": "Y", "city": "New port richey", "state": "FL", "area-code": "727"}, {"id": "03e293b3df9e35eadf15c561194c9505", "number": "7273645509", "date": "2021-01-24 15:32:00", "subject": "1", "recorded-or-robo": "Y", "city": "New port richey", "state": "FL", "area-code": "727"}, {"id": "3decc6bfadaa436a105714c6bab61450", "number": "5304470732", "date": "2021-01-19 20:21:00", "subject": "2", "recorded-or-robo": "N", "city": "", "state": "CA", "area-code": "530"}, {"id": "03e293b3df9e35eadf15c561194c905a", "number": "5304470732", "date": "2021-01-19 20:21:00", "subject": "2", "recorded-or-robo": "N", "city": "", "state": "CA", "area-code": "530"}, {"id": "3decc6bfadaa436a105714c6bab60eda", "number": "", "date": "2021-01-20 12:00:00", "subject": "3", "recorded-or-robo": "Y", "city": "Cal", "state": "MO", "area-code": "619"}, {"id": "03e293b3df9e35eadf15c561194c8bcd", "number": "", "date": "2021-01-20 12:00:00", "subject": "3", "recorded-or-robo": "Y", "city": "Cal", "state": "MO", "area-code": "619"}, {"id": "3decc6bfadaa436a105714c6bab6000e", "number": "", "date": "2021-01-23 12:35:00", "subject": "2", "recorded-or-robo": "Y", "city": "", "state": "CA", "area-code": "408"}, {"id": "03e293b3df9e35eadf15c561194c820b", "number": "", "date": "2021-01-23 12:35:00", "subject": "2", "recorded-or-robo": "Y", "city": "", "state": "CA", "area-code": "408"}, {"id": "3decc6bfadaa436a105714c6bab5fd91", "number": "8154768715", "date": "2021-01-23 15:44:00", "subject": "1", "recorded-or-robo": "N", "city": "Glendale", "state": "AZ", "area-code": "602"}, {"id": "03e293b3df9e35eadf15c561194c792c", "number": "8154768715", "date": "2021-01-23 15:44:00", "subject": "1", "recorded-or-robo": "N", "city": "Glendale", "state": "AZ", "area-code": "602"}, {"id": "3decc6bfadaa436a105714c6bab5eeef", "number": "7246861712", "date": "2021-01-24 12:22:00", "subject": "2", "recorded-or-robo": "Y", "city": "", "state": "CA", "area-code": "925"}, {"id": "03e293b3df9e35eadf15c561194c6ee8", "number": "7246861712", "date": "2021-01-24 12:22:00", "subject": "2", "recorded-or-robo": "Y", "city": "", "state": "CA", "area-code": "925"}, {"id": "3decc6bfadaa436a105714c6bab5e32c", "number": "", "date": "2021-01-23 15:56:00", "subject": "2", "recorded-or-robo": "Y", "city": "Bad Axe", "state": "MI", "area-code": "989"}, {"id": "3decc6bfadaa436a105714c6bab5d9c3", "number": "6287772477", "date": "2021-01-19 13:52:00", "subject": "6", "recorded-or-robo": "Y", "city": "Pacheco", "state": "CA", "area-code": "925"}, {"id": "03e293b3df9e35eadf15c561194c602f", "number": "", "date": "2021-01-23 15:56:00", "subject": "2", "recorded-or-robo": "Y", "city": "Bad Axe", "state": "MI", "area-code": "989"}, {"id": "03e293b3df9e35eadf15c561194c5934", "number": "6287772477", "date": "2021-01-19 13:52:00", "subject": "6", "recorded-or-robo": "Y", "city": "Pacheco", "state": "CA", "area-code": "925"}, {"id": "3decc6bfadaa436a105714c6bab5d90a", "number": "3237410538", "date": "2021-01-24 10:26:00", "subject": "2", "recorded-or-robo": "N", "city": "", "state": "CA", "area-code": "323"}, {"id": "03e293b3df9e35eadf15c561194c4ab3", "number": "3237410538", "date": "2021-01-24 10:26:00", "subject": "2", "recorded-or-robo": "N", "city": "", "state": "CA", "area-code": "323"}, {"id": "3decc6bfadaa436a105714c6bab5cd11", "number": "9516567264", "date": "2021-01-07 14:28:00", "subject": "4", "recorded-or-robo": "Y", "city": "San Jose", "state": "CA", "area-code": "408"}, {"id": "03e293b3df9e35eadf15c561194c49bb", "number": "9516567264", "date": "2021-01-07 14:28:00", "subject": "4", "recorded-or-robo": "Y", "city": "San Jose", "state": "CA", "area-code": "408"}, {"id": "3decc6bfadaa436a105714c6bab5be1b", "number": "7278629235", "date": "2021-01-23 11:00:00", "subject": "2", "recorded-or-robo": "Y", "city": "Hudson", "state": "FL", "area-code": "727"}, {"id": "03e293b3df9e35eadf15c561194c4978", "number": "7278629235", "date": "2021-01-23 11:00:00", "subject": "2", "recorded-or-robo": "Y", "city": "Hudson", "state": "FL", "area-code": "727"}, {"id": "3decc6bfadaa436a105714c6bab5b186", "number": "8887463423", "date": "2021-01-23 14:11:00", "subject": "2", "recorded-or-robo": "Y", "city": "Jefferson", "state": "GA", "area-code": "706"}, {"id": "03e293b3df9e35eadf15c561194c3d47", "number": "8887463423", "date": "2021-01-23 14:11:00", "subject": "2", "recorded-or-robo": "Y", "city": "Jefferson", "state": "GA", "area-code": "706"}, {"id": "3decc6bfadaa436a105714c6bab5acbc", "number": "5304470732", "date": "2021-01-19 18:10:00", "subject": "2", "recorded-or-robo": "N", "city": "", "state": "CA", "area-code": "530"}, {"id": "03e293b3df9e35eadf15c561194c303c", "number": "5304470732", "date": "2021-01-19 18:10:00", "subject": "2", "recorded-or-robo": "N", "city": "", "state": "CA", "area-code": "530"}, {"id": "3decc6bfadaa436a105714c6bab5a0ee", "number": "", "date": "2021-01-24 03:29:00", "subject": "11", "recorded-or-robo": "Y", "city": "The Plains", "state": "OH", "area-code": "740"}, {"id": "03e293b3df9e35eadf15c561194c2423", "number": "", "date": "2021-01-24 03:29:00", "subject": "11", "recorded-or-robo": "Y", "city": "The Plains", "state": "OH", "area-code": "740"}, {"id": "3decc6bfadaa436a105714c6bab59f0e", "number": "3144401675", "date": "2021-01-24 14:43:00", "subject": "11", "recorded-or-robo": "Y", "city": "St. Louis", "state": "MO", "area-code": "314"}, {"id": "03e293b3df9e35eadf15c561194c1b76", "number": "3144401675", "date": "2021-01-24 14:43:00", "subject": "11", "recorded-or-robo": "Y", "city": "St. Louis", "state": "MO", "area-code": "314"}, {"id": "3decc6bfadaa436a105714c6bab59dff", "number": "2252307967", "date": "2021-01-22 11:34:00", "subject": "0", "recorded-or-robo": "Y", "city": "Sorrento", "state": "LA", "area-code": "225"}, {"id": "03e293b3df9e35eadf15c561194c1804", "number": "2252307967", "date": "2021-01-22 11:34:00", "subject": "0", "recorded-or-robo": "Y", "city": "Sorrento", "state": "LA", "area-code": "225"}, {"id": "3decc6bfadaa436a105714c6bab5981d", "number": "3045078231", "date": "2021-01-23 13:00:00", "subject": "1", "recorded-or-robo": "Y", "city": "Columbia", "state": "MO", "area-code": "573"}, {"id": "03e293b3df9e35eadf15c561194c0f47", "number": "3045078231", "date": "2021-01-23 13:00:00", "subject": "1", "recorded-or-robo": "Y", "city": "Columbia", "state": "MO", "area-code": "573"}]}