{"data": [{"id": "3decc6bfadaa436a105714c6bab95076", "number": "4436763030", "date": "2021-01-24 04:16:00", "subject": "2", "recorded-or-robo": "N", "city": "Apollo Beach", "state": "FL", "area-code": "443"}, {"id": "03e293b3df9e35eadf15c561194fcfe8", "number": "4436763030", "date": "2021-01-24 04:16:00", "subject": "2", "recorded-or-robo": "N", "city": "Apollo Beach", "state": "FL", "area-code": "443"}, {"id": "3decc6bfadaa436a105714c6bab94875", "number": "5037208836", "date": "2021-01-24 13:24:00", "subject": "2", "recorded-or-robo": "Y", "city": "", "state": "OR", "area-code": "503"}, {"id": "03e293b3df9e35eadf15c561194fc758", "number": "5037208836", "date": "2021-01-24 13:24:00", "subject": "2", "recorded-or-robo": "Y", "city": "", "state": "OR", "area-code": "503"}, {"id": "3decc6bfadaa436a105714c6bab93971", "number": "4704286808", "date": "2021-01-24 13:38:00", "subject": "1", "recorded-or-robo": "N", "city": "Gilbert", "state": "AZ", "area-code": "770"}, {"id": "03e293b3df9e35eadf15c561194fb7f0", "number": "4704286808", "date": "2021-01-24 13:38:00", "subject": "1", "recorded-or-robo": "N", "city": "Gilbert", "state": "AZ", "area-code": "770"}, {"id": "3decc6bfadaa436a105714c6bab937a4", "number": "8556789524", "date": "2021-01-24 14:48:00", "subject": "11", "recorded-or-robo": "Y", "city": "Wesley Chapel", "state": "FL", "area-code": "813"}, {"id": "03e293b3df9e35eadf15c561194fa9f8", "number": "8556789524", "date": "2021-01-24 14:48:00", "subject": "11", "recorded-or-robo": "Y", "city": "Wesley Chapel", "state": "FL", "area-code": "813"}, {"id": "3decc6bfadaa436a105714c6bab92ed9", "number": "", "date": "2021-01-24 16:26:00", "subject": "3", "recorded-or-robo": "Y", "city": "", "state": "NY", "area-code": "917"}, {"id": "03e293b3df9e35eadf15c561194fa6f5", "number": "", "date": "2021-01-24 16:26:00", "subject": "3", "recorded-or-robo": "Y", "city": "", "state": "NY", "area-code": "917"}, {"id": "3decc6bfadaa436a105714c6bab9230f", "number": "4704286808", "date": "2021-01-24 13:08:00", "subject": "1", "recorded-or-robo": "N", "city": "Gilbert", "state": "AZ", "area-code": "770"}, {"id": "03e293b3df9e35eadf15c561194f9905", "number": "4704286808", "date": "2021-01-24 13:08:00", "subject": "1", "recorded-or-robo": "N", "city": "Gilbert", "state": "AZ", "area-code": "770"}, {"id": "3decc6bfadaa436a105714c6bab9181f", "number": "3169064387", "date": "2021-01-24 13:11:00", "subject": "0", "recorded-or-robo": "Y", "city": "Ohio", "state": "OH", "area-code": "216"}, {"id": "03e293b3df9e35eadf15c561194f9671", "number": "3169064387", "date": "2021-01-24 13:11:00", "subject": "0", "recorded-or-robo": "Y", "city": "Ohio", "state": "OH", "area-code": "216"}, {"id": "3decc6bfadaa436a105714c6bab91640", "number": "", "date": "2021-01-24 16:13:00", "subject": "1", "recorded-or-robo": "Y", "city": "Lakewood", "state": "NJ", "area-code": "347"}, {"id": "03e293b3df9e35eadf15c561194f9447", "number": "", "date": "2021-01-24 16:13:00", "subject": "1", "recorded-or-robo": "Y", "city": "Lakewood", "state": "NJ", "area-code": "347"}, {"id": "3decc6bfadaa436a105714c6bab9075d", "number": "6303693120", "date": "2021-01-16 14:20:00", "subject": "0", "recorded-or-robo": "Y", "city": "", "state": "IL", "area-code": "630"}, {"id": "03e293b3df9e35eadf15c561194f90cb", "number": "6303693120", "date": "2021-01-16 14:20:00", "subject": "0", "recorded-or-robo": "Y", "city": "", "state": "IL", "area-code": "630"}, {"id": "3decc6bfadaa436a105714c6bab8ff6a", "number": "6028061274", "date": "2021-01-23 17:18:00", "subject": "0", "recorded-or-robo": "Y", "city": "cave creek", "state": "AZ", "area-code": "602"}, {"id": "03e293b3df9e35eadf15c561194f8711", "number": "6028061274", "date": "2021-01-23 17:18:00", "subject": "0", "recorded-or-robo": "Y", "city": "cave creek", "state": "AZ", "area-code": "602"}, {"id": "3decc6bfadaa436a105714c6bab8f804", "number": "4436766630", "date": "2021-01-24 10:15:00", "subject": "0", "recorded-or-robo": "Y", "city": "Apollo Beach", "state": "FL", "area-code": "443"}, {"id": "03e293b3df9e35eadf15c561194f7d27", "number": "4436766630", "date": "2021-01-24 10:15:00", "subject": "0", "recorded-or-robo": "Y", "city": "Apollo Beach", "state": "FL", "area-code": "443"}, {"id": "3decc6bfadaa436a105714c6bab8ef10", "number": "7086833658", "date": "2021-01-15 15:33:00", "subject": "0", "recorded-or-robo": "Y", "city": "", "state": "IL", "area-code": "630"}, {"id": "03e293b3df9e35eadf15c561194f7cee", "number": "7086833658", "date": "2021-01-15 15:33:00", "subject": "0", "recorded-or-robo": "Y", "city": "", "state": "IL", "area-code": "630"}, {"id": "3decc6bfadaa436a105714c6bab8e8fe", "number": "", "date": "2021-01-22 17:10:00", "subject": "4", "recorded-or-robo": "Y", "city": "", "state": "FL", "area-code": "813"}, {"id": "03e293b3df9e35eadf15c561194f7998", "number": "", "date": "2021-01-22 17:10:00", "subject": "4", "recorded-or-robo": "Y", "city": "", "state": "FL", "area-code": "813"}, {"id": "3decc6bfadaa436a105714c6bab8e5cc", "number": "4245316178", "date": "2021-01-22 15:23:00", "subject": "3", "recorded-or-robo": "Y", "city": "", "state": "CA", "area-code": "310"}, {"id": "03e293b3df9e35eadf15c561194f781e", "number": "4245316178", "date": "2021-01-22 15:23:00", "subject": "3", "recorded-or-robo": "Y", "city": "", "state": "CA", "area-code": "310"}, {"id": "3decc6bfadaa436a105714c6bab8dcb7", "number": "5403998636", "date": "2021-01-24 16:19:00", "subject": "1", "recorded-or-robo": "Y", "city": "", "state": "VA", "area-code": "540"}, {"id": "03e293b3df9e35eadf15c561194f7771", "number": "5403998636", "date": "2021-01-24 16:19:00", "subject": "1", "recorded-or-robo": "Y", "city": "", "state": "VA", "area-code": "540"}, {"id": "3decc6bfadaa436a105714c6bab8db01", "number": "2169061947", "date": "2021-01-24 12:54:00", "subject": "0", "recorded-or-robo": "Y", "city": "Ohio", "state": "OH", "area-code": "216"}, {"id": "03e293b3df9e35eadf15c561194f6cd3", "number": "2169061947", "date": "2021-01-24 12:54:00", "subject": "0", "recorded-or-robo": "Y", "city": "Ohio", "state": "OH", "area-code": "216"}, {"id": "3decc6bfadaa436a105714c6bab8cef9", "number": "", "date": "2021-01-23 13:32:00", "subject": "2", "recorded-or-robo": "Y", "city": "Greenfield", "state": "IN", "area-code": "317"}, {"id": "03e293b3df9e35eadf15c561194f5eb1", "number": "", "date": "2021-01-23 13:32:00", "subject": "2", "recorded-or-robo": "Y", "city": "Greenfield", "state": "IN", "area-code": "317"}, {"id": "3decc6bfadaa436a105714c6bab8cbf2", "number": "3152328257", "date": "2021-01-24 12:00:00", "subject": "1", "recorded-or-robo": "Y", "city": "Pittsburgh", "state": "PA", "area-code": "412"}, {"id": "03e293b3df9e35eadf15c561194f5212", "number": "3152328257", "date": "2021-01-24 12:00:00", "subject": "1", "recorded-or-robo": "Y", "city": "Pittsburgh", "state": "PA", "area-code": "412"}, {"id": "3decc6bfadaa436a105714c6bab8c7b2", "number": "6183717414", "date": "2021-01-15 15:07:00", "subject": "0", "recorded-or-robo": "Y", "city": "", "state": "IL", "area-code": "630"}, {"id": "03e293b3df9e35eadf15c561194f4cf5", "number": "6183717414", "date": "2021-01-15 15:07:00", "subject": "0", "recorded-or-robo": "Y", "city": "", "state": "IL", "area-code": "630"}, {"id": "3decc6bfadaa436a105714c6bab8b8fa", "number": "6463780795", "date": "2021-01-24 16:10:00", "subject": "2", "recorded-or-robo": "Y", "city": "Winder", "state": "GA", "area-code": "678"}, {"id": "03e293b3df9e35eadf15c561194f451d", "number": "6463780795", "date": "2021-01-24 16:10:00", "subject": "2", "recorded-or-robo": "Y", "city": "Winder", "state": "GA", "area-code": "678"}, {"id": "3decc6bfadaa436a105714c6bab8b618", "number": "3143087458", "date": "2021-01-24 15:12:00", "subject": "3", "recorded-or-robo": "Y", "city": "", "state": "MO", "area-code": "314"}, {"id": "03e293b3df9e35eadf15c561194f4271", "number": "3143087458", "date": "2021-01-24 15:12:00", "subject": "3", "recorded-or-robo": "Y", "city": "", "state": "MO", "area-code": "314"}, {"id": "3decc6bfadaa436a105714c6bab8a7b6", "number": "9294291115", "date": "2021-01-23 09:30:00", "subject": "2", "recorded-or-robo": "Y", "city": "Bristol", "state": "RI", "area-code": "401"}, {"id": "03e293b3df9e35eadf15c561194f39bc", "number": "9294291115", "date": "2021-01-23 09:30:00", "subject": "2", "recorded-or-robo": "Y", "city": "Bristol", "state": "RI", "area-code": "401"}, {"id": "3decc6bfadaa436a105714c6bab89f6c", "number": "3108952268", "date": "2021-01-24 13:24:00", "subject": "3", "recorded-or-robo": "Y", "city": "", "state": "CA", "area-code": "310"}, {"id": "03e293b3df9e35eadf15c561194f364a", "number": "3108952268", "date": "2021-01-24 13:24:00", "subject": "3", "recorded-or-robo": "Y", "city": "", "state": "CA", "area-code": "310"}, {"id": "3decc6bfadaa436a105714c6bab89b95", "number": "3128373260", "date": "2021-01-15 15:53:00", "subject": "0", "recorded-or-robo": "Y", "city": "", "state": "IL", "area-code": "630"}, {"id": "03e293b3df9e35eadf15c561194f3326", "number": "3128373260", "date": "2021-01-15 15:53:00", "subject": "0", "recorded-or-robo": "Y", "city": "", "state": "IL", "area-code": "630"}, {"id": "3decc6bfadaa436a105714c6bab89a22", "number": "8709059012", "date": "2021-01-22 00:00:00", "subject": "4", "recorded-or-robo": "Y", "city": "Paragould", "state": "AR", "area-code": "870"}, {"id": "03e293b3df9e35eadf15c561194f2f53", "number": "8709059012", "date": "2021-01-22 00:00:00", "subject": "4", "recorded-or-robo": "Y", "city": "Paragould", "state": "AR", "area-code": "870"}]}