{"data": [{"id": "3decc6bfadaa436a105714c6ba98c520", "number": "3214733009", "date": "2021-01-22 09:30:00", "subject": "13", "recorded-or-robo": "N", "city": "Cleveland", "state": "MS", "area-code": "662"}, {"id": "03e293b3df9e35eadf15c561192f1d11", "number": "3214733009", "date": "2021-01-22 09:30:00", "subject": "13", "recorded-or-robo": "N", "city": "Cleveland", "state": "MS", "area-code": "662"}, {"id": "3decc6bfadaa436a105714c6ba98b957", "number": "4073108796", "date": "2021-01-23 13:18:00", "subject": "2", "recorded-or-robo": "Y", "city": "Altamonte Spg", "state": "FL", "area-code": "407"}, {"id": "03e293b3df9e35eadf15c561192f195e", "number": "4073108796", "date": "2021-01-23 13:18:00", "subject": "2", "recorded-or-robo": "Y", "city": "Altamonte Spg", "state": "FL", "area-code": "407"}, {"id": "3decc6bfadaa436a105714c6ba98b380", "number": "6307562485", "date": "2021-01-24 08:15:00", "subject": "2", "recorded-or-robo": "Y", "city": "Manhattan Beach", "state": "CA", "area-code": "310"}, {"id": "03e293b3df9e35eadf15c561192f13fe", "number": "6307562485", "date": "2021-01-24 08:15:00", "subject": "2", "recorded-or-robo": "Y", "city": "Manhattan Beach", "state": "CA", "area-code": "310"}, {"id": "3decc6bfadaa436a105714c6ba98a512", "number": "6624787622", "date": "2021-01-22 09:20:00", "subject": "13", "recorded-or-robo": "N", "city": "Cleveland", "state": "MS", "area-code": "662"}, {"id": "03e293b3df9e35eadf15c561192f0ca6", "number": "6624787622", "date": "2021-01-22 09:20:00", "subject": "13", "recorded-or-robo": "N", "city": "Cleveland", "state": "MS", "area-code": "662"}, {"id": "3decc6bfadaa436a105714c6ba989b50", "number": "4212608289", "date": "2021-01-23 11:38:00", "subject": "1", "recorded-or-robo": "Y", "city": "Tarentum", "state": "PA", "area-code": "724"}, {"id": "03e293b3df9e35eadf15c561192f0330", "number": "4212608289", "date": "2021-01-23 11:38:00", "subject": "1", "recorded-or-robo": "Y", "city": "Tarentum", "state": "PA", "area-code": "724"}, {"id": "3decc6bfadaa436a105714c6ba988bae", "number": "8556785255", "date": "2021-01-24 11:49:00", "subject": "11", "recorded-or-robo": "Y", "city": "Galena", "state": "OH", "area-code": "740"}, {"id": "03e293b3df9e35eadf15c561192efd1f", "number": "8556785255", "date": "2021-01-24 11:49:00", "subject": "11", "recorded-or-robo": "Y", "city": "Galena", "state": "OH", "area-code": "740"}, {"id": "3decc6bfadaa436a105714c6ba988631", "number": "7549993706", "date": "2021-01-06 16:45:00", "subject": "4", "recorded-or-robo": "Y", "city": "Bethlehem", "state": "PA", "area-code": "610"}, {"id": "03e293b3df9e35eadf15c561192ef5a0", "number": "7549993706", "date": "2021-01-06 16:45:00", "subject": "4", "recorded-or-robo": "Y", "city": "Bethlehem", "state": "PA", "area-code": "610"}, {"id": "3decc6bfadaa436a105714c6ba987710", "number": "85585674477", "date": "2021-01-23 08:00:00", "subject": "11", "recorded-or-robo": "", "city": "", "state": "WA", "area-code": "509"}, {"id": "03e293b3df9e35eadf15c561192eeab2", "number": "85585674477", "date": "2021-01-23 08:00:00", "subject": "11", "recorded-or-robo": "", "city": "", "state": "WA", "area-code": "509"}, {"id": "3decc6bfadaa436a105714c6ba984d04", "number": "4693440445", "date": "2021-01-21 16:01:00", "subject": "3", "recorded-or-robo": "N", "city": "", "state": "PA", "area-code": "570"}, {"id": "03e293b3df9e35eadf15c561192ec7e0", "number": "4693440445", "date": "2021-01-21 16:01:00", "subject": "3", "recorded-or-robo": "N", "city": "", "state": "PA", "area-code": "570"}, {"id": "3decc6bfadaa436a105714c6ba986b73", "number": "4092425424", "date": "2021-01-22 15:14:00", "subject": "8", "recorded-or-robo": "Y", "city": "Southlake", "state": "TX", "area-code": "817"}, {"id": "03e293b3df9e35eadf15c561192edd13", "number": "4092425424", "date": "2021-01-22 15:14:00", "subject": "8", "recorded-or-robo": "Y", "city": "Southlake", "state": "TX", "area-code": "817"}, {"id": "3decc6bfadaa436a105714c6ba986a93", "number": "8768465260", "date": "2021-01-21 10:10:00", "subject": "13", "recorded-or-robo": "N", "city": "Cleveland", "state": "MS", "area-code": "662"}, {"id": "03e293b3df9e35eadf15c561192edc2f", "number": "8768465260", "date": "2021-01-21 10:10:00", "subject": "13", "recorded-or-robo": "N", "city": "Cleveland", "state": "MS", "area-code": "662"}, {"id": "3decc6bfadaa436a105714c6ba985b65", "number": "", "date": "2021-01-24 11:40:00", "subject": "2", "recorded-or-robo": "Y", "city": "Blacklick", "state": "OH", "area-code": "509"}, {"id": "03e293b3df9e35eadf15c561192ecf7c", "number": "", "date": "2021-01-24 11:40:00", "subject": "2", "recorded-or-robo": "Y", "city": "Blacklick", "state": "OH", "area-code": "509"}, {"id": "3decc6bfadaa436a105714c6ba9857a1", "number": "3105471440", "date": "2021-01-23 16:22:00", "subject": "2", "recorded-or-robo": "Y", "city": "Manhattan Beach", "state": "CA", "area-code": "310"}, {"id": "03e293b3df9e35eadf15c561192ecf21", "number": "3105471440", "date": "2021-01-23 16:22:00", "subject": "2", "recorded-or-robo": "Y", "city": "Manhattan Beach", "state": "CA", "area-code": "310"}, {"id": "3decc6bfadaa436a105714c6ba983e00", "number": "8764200655", "date": "2021-01-21 08:15:00", "subject": "13", "recorded-or-robo": "N", "city": "Cleveland", "state": "MS", "area-code": "662"}, {"id": "03e293b3df9e35eadf15c561192ebd6b", "number": "8764200655", "date": "2021-01-21 08:15:00", "subject": "13", "recorded-or-robo": "N", "city": "Cleveland", "state": "MS", "area-code": "662"}, {"id": "3decc6bfadaa436a105714c6ba9837f7", "number": "6105974098", "date": "2021-01-06 11:04:00", "subject": "4", "recorded-or-robo": "Y", "city": "Bethlehem", "state": "PA", "area-code": "610"}, {"id": "03e293b3df9e35eadf15c561192eb421", "number": "6105974098", "date": "2021-01-06 11:04:00", "subject": "4", "recorded-or-robo": "Y", "city": "Bethlehem", "state": "PA", "area-code": "610"}, {"id": "3decc6bfadaa436a105714c6ba9829a9", "number": "7244576256", "date": "2021-01-23 12:01:00", "subject": "5", "recorded-or-robo": "Y", "city": "Tarentum", "state": "PA", "area-code": "724"}, {"id": "03e293b3df9e35eadf15c561192eb14d", "number": "7244576256", "date": "2021-01-23 12:01:00", "subject": "5", "recorded-or-robo": "Y", "city": "Tarentum", "state": "PA", "area-code": "724"}, {"id": "3decc6bfadaa436a105714c6ba9821e7", "number": "3522498718", "date": "2021-01-24 09:50:00", "subject": "3", "recorded-or-robo": "Y", "city": "", "state": "CO", "area-code": "719"}, {"id": "03e293b3df9e35eadf15c561192ea719", "number": "3522498718", "date": "2021-01-24 09:50:00", "subject": "3", "recorded-or-robo": "Y", "city": "", "state": "CO", "area-code": "719"}, {"id": "3decc6bfadaa436a105714c6ba9818bc", "number": "5344000294", "date": "2021-01-23 13:53:00", "subject": "2", "recorded-or-robo": "Y", "city": "San Antonio", "state": "TX", "area-code": "210"}, {"id": "03e293b3df9e35eadf15c561192e9b1f", "number": "5344000294", "date": "2021-01-23 13:53:00", "subject": "2", "recorded-or-robo": "Y", "city": "San Antonio", "state": "TX", "area-code": "210"}, {"id": "3decc6bfadaa436a105714c6ba980fa9", "number": "9544336858", "date": "2021-01-23 15:15:00", "subject": "2", "recorded-or-robo": "Y", "city": "Manhattan Beach", "state": "CA", "area-code": "310"}, {"id": "03e293b3df9e35eadf15c561192e9ae0", "number": "9544336858", "date": "2021-01-23 15:15:00", "subject": "2", "recorded-or-robo": "Y", "city": "Manhattan Beach", "state": "CA", "area-code": "310"}, {"id": "3decc6bfadaa436a105714c6ba98044f", "number": "5099432463", "date": "2021-01-24 07:50:00", "subject": "1", "recorded-or-robo": "Y", "city": "", "state": "WA", "area-code": "509"}, {"id": "03e293b3df9e35eadf15c561192e8f5a", "number": "5099432463", "date": "2021-01-24 07:50:00", "subject": "1", "recorded-or-robo": "Y", "city": "", "state": "WA", "area-code": "509"}, {"id": "3decc6bfadaa436a105714c6ba97faca", "number": "8173447467", "date": "2021-01-22 15:15:00", "subject": "4", "recorded-or-robo": "Y", "city": "Southlake", "state": "TX", "area-code": "817"}, {"id": "03e293b3df9e35eadf15c561192e8833", "number": "8173447467", "date": "2021-01-22 15:15:00", "subject": "4", "recorded-or-robo": "Y", "city": "Southlake", "state": "TX", "area-code": "817"}, {"id": "3decc6bfadaa436a105714c6ba97f1e6", "number": "5098439528", "date": "2021-01-24 20:06:00", "subject": "1", "recorded-or-robo": "Y", "city": "", "state": "WA", "area-code": "509"}, {"id": "03e293b3df9e35eadf15c561192e833a", "number": "5098439528", "date": "2021-01-24 20:06:00", "subject": "1", "recorded-or-robo": "Y", "city": "", "state": "WA", "area-code": "509"}, {"id": "3decc6bfadaa436a105714c6ba97eae1", "number": "2537805860", "date": "2021-01-23 10:59:00", "subject": "1", "recorded-or-robo": "N", "city": "", "state": "Do", "area-code": "202"}, {"id": "03e293b3df9e35eadf15c561192e79a1", "number": "2537805860", "date": "2021-01-23 10:59:00", "subject": "1", "recorded-or-robo": "N", "city": "", "state": "Do", "area-code": "202"}, {"id": "3decc6bfadaa436a105714c6ba97bd7d", "number": "4697976456", "date": "2021-01-21 13:37:00", "subject": "3", "recorded-or-robo": "N", "city": "", "state": "PA", "area-code": "570"}, {"id": "03e293b3df9e35eadf15c561192e3e94", "number": "4697976456", "date": "2021-01-21 13:37:00", "subject": "3", "recorded-or-robo": "N", "city": "", "state": "PA", "area-code": "570"}, {"id": "3decc6bfadaa436a105714c6ba97e36b", "number": "8603456731", "date": "2021-01-16 14:02:00", "subject": "2", "recorded-or-robo": "Y", "city": "Manhattan Beach", "state": "CA", "area-code": "310"}, {"id": "03e293b3df9e35eadf15c561192e6bef", "number": "8603456731", "date": "2021-01-16 14:02:00", "subject": "2", "recorded-or-robo": "Y", "city": "Manhattan Beach", "state": "CA", "area-code": "310"}]}