{"data": [{"id": "3decc6bfadaa436a105714c6bad8ac7a", "number": "7273722620", "date": "2021-01-24 17:46:00", "subject": "11", "recorded-or-robo": "Y", "city": "Trinity", "state": "FL", "area-code": "727"}, {"id": "03e293b3df9e35eadf15c561196e571f", "number": "7273722620", "date": "2021-01-24 17:46:00", "subject": "11", "recorded-or-robo": "Y", "city": "Trinity", "state": "FL", "area-code": "727"}, {"id": "3decc6bfadaa436a105714c6bad89da5", "number": "3146688085", "date": "2021-01-23 11:26:00", "subject": "2", "recorded-or-robo": "N", "city": "University City", "state": "MO", "area-code": "314"}, {"id": "03e293b3df9e35eadf15c561196e5557", "number": "3146688085", "date": "2021-01-23 11:26:00", "subject": "2", "recorded-or-robo": "N", "city": "University City", "state": "MO", "area-code": "314"}, {"id": "3decc6bfadaa436a105714c6bad89444", "number": "3324567921", "date": "2021-01-22 15:34:00", "subject": "1", "recorded-or-robo": "Y", "city": "Prairie Grove", "state": "AR", "area-code": "479"}, {"id": "03e293b3df9e35eadf15c561196e511d", "number": "3324567921", "date": "2021-01-22 15:34:00", "subject": "1", "recorded-or-robo": "Y", "city": "Prairie Grove", "state": "AR", "area-code": "479"}, {"id": "3decc6bfadaa436a105714c6bad88f12", "number": "7279149478", "date": "2021-01-24 16:10:00", "subject": "1", "recorded-or-robo": "Y", "city": "St Petersburg", "state": "FL", "area-code": "727"}, {"id": "03e293b3df9e35eadf15c561196e4410", "number": "7279149478", "date": "2021-01-24 16:10:00", "subject": "1", "recorded-or-robo": "Y", "city": "St Petersburg", "state": "FL", "area-code": "727"}, {"id": "3decc6bfadaa436a105714c6bad884c8", "number": "7273726379", "date": "2021-01-24 17:25:00", "subject": "11", "recorded-or-robo": "Y", "city": "Trinity", "state": "FL", "area-code": "727"}, {"id": "03e293b3df9e35eadf15c561196e3627", "number": "7273726379", "date": "2021-01-24 17:25:00", "subject": "11", "recorded-or-robo": "Y", "city": "Trinity", "state": "FL", "area-code": "727"}, {"id": "3decc6bfadaa436a105714c6bad87a06", "number": "7198822153", "date": "2021-01-21 01:12:00", "subject": "2", "recorded-or-robo": "N", "city": "Colorado Springs", "state": "CO", "area-code": "719"}, {"id": "03e293b3df9e35eadf15c561196e284d", "number": "7198822153", "date": "2021-01-21 01:12:00", "subject": "2", "recorded-or-robo": "N", "city": "Colorado Springs", "state": "CO", "area-code": "719"}, {"id": "3decc6bfadaa436a105714c6bad871b8", "number": "9017899998", "date": "2021-01-23 11:09:00", "subject": "1", "recorded-or-robo": "Y", "city": "University City", "state": "MO", "area-code": "314"}, {"id": "03e293b3df9e35eadf15c561196e1fe9", "number": "9017899998", "date": "2021-01-23 11:09:00", "subject": "1", "recorded-or-robo": "Y", "city": "University City", "state": "MO", "area-code": "314"}, {"id": "3decc6bfadaa436a105714c6bad856b0", "number": "3143086640", "date": "2021-01-24 16:05:00", "subject": "3", "recorded-or-robo": "", "city": "", "state": "MO", "area-code": "314"}, {"id": "03e293b3df9e35eadf15c561196e10e6", "number": "3143086640", "date": "2021-01-24 16:05:00", "subject": "3", "recorded-or-robo": "", "city": "", "state": "MO", "area-code": "314"}, {"id": "3decc6bfadaa436a105714c6bad8648d", "number": "7273721764", "date": "2021-01-24 17:13:00", "subject": "11", "recorded-or-robo": "Y", "city": "Trinity", "state": "FL", "area-code": "727"}, {"id": "03e293b3df9e35eadf15c561196e1dc1", "number": "7273721764", "date": "2021-01-24 17:13:00", "subject": "11", "recorded-or-robo": "Y", "city": "Trinity", "state": "FL", "area-code": "727"}, {"id": "3decc6bfadaa436a105714c6bad846ec", "number": "7279148191", "date": "2021-01-24 14:37:00", "subject": "1", "recorded-or-robo": "", "city": "St Petersburg", "state": "FL", "area-code": "727"}, {"id": "03e293b3df9e35eadf15c561196e03b4", "number": "7279148191", "date": "2021-01-24 14:37:00", "subject": "1", "recorded-or-robo": "", "city": "St Petersburg", "state": "FL", "area-code": "727"}, {"id": "3decc6bfadaa436a105714c6bad83be3", "number": "9168553489", "date": "2021-01-21 12:00:00", "subject": "1", "recorded-or-robo": "Y", "city": "San Diego", "state": "CA", "area-code": "619"}, {"id": "03e293b3df9e35eadf15c561196e008c", "number": "9168553489", "date": "2021-01-21 12:00:00", "subject": "1", "recorded-or-robo": "Y", "city": "San Diego", "state": "CA", "area-code": "619"}, {"id": "3decc6bfadaa436a105714c6bad833b4", "number": "3149166883", "date": "2021-01-23 10:37:00", "subject": "2", "recorded-or-robo": "N", "city": "University City", "state": "MO", "area-code": "314"}, {"id": "03e293b3df9e35eadf15c561196df543", "number": "3149166883", "date": "2021-01-23 10:37:00", "subject": "2", "recorded-or-robo": "N", "city": "University City", "state": "MO", "area-code": "314"}, {"id": "3decc6bfadaa436a105714c6bad82ad5", "number": "7273728022", "date": "2021-01-24 16:58:00", "subject": "11", "recorded-or-robo": "Y", "city": "Trinity", "state": "FL", "area-code": "727"}, {"id": "03e293b3df9e35eadf15c561196de92a", "number": "7273728022", "date": "2021-01-24 16:58:00", "subject": "11", "recorded-or-robo": "Y", "city": "Trinity", "state": "FL", "area-code": "727"}, {"id": "3decc6bfadaa436a105714c6bad8250f", "number": "3143963203", "date": "2021-01-23 09:26:00", "subject": "1", "recorded-or-robo": "N", "city": "University City", "state": "MO", "area-code": "314"}, {"id": "03e293b3df9e35eadf15c561196de748", "number": "3143963203", "date": "2021-01-23 09:26:00", "subject": "1", "recorded-or-robo": "N", "city": "University City", "state": "MO", "area-code": "314"}, {"id": "3decc6bfadaa436a105714c6bad82004", "number": "7273723965", "date": "2021-01-24 15:23:00", "subject": "11", "recorded-or-robo": "Y", "city": "Trinity", "state": "FL", "area-code": "727"}, {"id": "03e293b3df9e35eadf15c561196de143", "number": "7273723965", "date": "2021-01-24 15:23:00", "subject": "11", "recorded-or-robo": "Y", "city": "Trinity", "state": "FL", "area-code": "727"}, {"id": "3decc6bfadaa436a105714c6bad81059", "number": "8443602032", "date": "2021-01-23 13:00:00", "subject": "2", "recorded-or-robo": "Y", "city": "plainview", "state": "NY", "area-code": "516"}, {"id": "03e293b3df9e35eadf15c561196dd3e6", "number": "8443602032", "date": "2021-01-23 13:00:00", "subject": "2", "recorded-or-robo": "Y", "city": "plainview", "state": "NY", "area-code": "516"}, {"id": "3decc6bfadaa436a105714c6bad80ed3", "number": "9294992749", "date": "2021-01-12 09:05:00", "subject": "1", "recorded-or-robo": "N", "city": "Atlanta", "state": "GA", "area-code": "678"}, {"id": "03e293b3df9e35eadf15c561196dc686", "number": "9294992749", "date": "2021-01-12 09:05:00", "subject": "1", "recorded-or-robo": "N", "city": "Atlanta", "state": "GA", "area-code": "678"}, {"id": "3decc6bfadaa436a105714c6bad809e9", "number": "3144330592", "date": "2021-01-23 09:09:00", "subject": "2", "recorded-or-robo": "N", "city": "University City", "state": "MO", "area-code": "314"}, {"id": "03e293b3df9e35eadf15c561196dbe81", "number": "3144330592", "date": "2021-01-23 09:09:00", "subject": "2", "recorded-or-robo": "N", "city": "University City", "state": "MO", "area-code": "314"}, {"id": "3decc6bfadaa436a105714c6bad8056c", "number": "8443602032", "date": "2021-01-21 13:00:00", "subject": "2", "recorded-or-robo": "Y", "city": "plainview", "state": "NY", "area-code": "516"}, {"id": "03e293b3df9e35eadf15c561196dba95", "number": "8443602032", "date": "2021-01-21 13:00:00", "subject": "2", "recorded-or-robo": "Y", "city": "plainview", "state": "NY", "area-code": "516"}, {"id": "3decc6bfadaa436a105714c6bad7fa2e", "number": "7273723087", "date": "2021-01-24 14:58:00", "subject": "0", "recorded-or-robo": "N", "city": "Trinity", "state": "FL", "area-code": "727"}, {"id": "03e293b3df9e35eadf15c561196dacf6", "number": "7273723087", "date": "2021-01-24 14:58:00", "subject": "0", "recorded-or-robo": "N", "city": "Trinity", "state": "FL", "area-code": "727"}, {"id": "3decc6bfadaa436a105714c6bad7eace", "number": "7273725535", "date": "2021-01-24 14:46:00", "subject": "11", "recorded-or-robo": "Y", "city": "Trinity", "state": "FL", "area-code": "727"}, {"id": "03e293b3df9e35eadf15c561196da09e", "number": "7273725535", "date": "2021-01-24 14:46:00", "subject": "11", "recorded-or-robo": "Y", "city": "Trinity", "state": "FL", "area-code": "727"}, {"id": "3decc6bfadaa436a105714c6bad7e840", "number": "4125474514", "date": "2021-01-24 19:56:00", "subject": "0", "recorded-or-robo": "Y", "city": "", "state": "PA", "area-code": "412"}, {"id": "03e293b3df9e35eadf15c561196d99ab", "number": "4125474514", "date": "2021-01-24 19:56:00", "subject": "0", "recorded-or-robo": "Y", "city": "", "state": "PA", "area-code": "412"}, {"id": "3decc6bfadaa436a105714c6bad7df2e", "number": "7273728818", "date": "2021-01-24 14:39:00", "subject": "11", "recorded-or-robo": "Y", "city": "Trinity", "state": "FL", "area-code": "727"}, {"id": "03e293b3df9e35eadf15c561196d92da", "number": "7273728818", "date": "2021-01-24 14:39:00", "subject": "11", "recorded-or-robo": "Y", "city": "Trinity", "state": "FL", "area-code": "727"}, {"id": "3decc6bfadaa436a105714c6bad7d55b", "number": "8214751525", "date": "2021-01-22 06:49:00", "subject": "1", "recorded-or-robo": "Y", "city": "University City", "state": "MO", "area-code": "314"}, {"id": "03e293b3df9e35eadf15c561196d85c7", "number": "8214751525", "date": "2021-01-22 06:49:00", "subject": "1", "recorded-or-robo": "Y", "city": "University City", "state": "MO", "area-code": "314"}, {"id": "3decc6bfadaa436a105714c6bad7c912", "number": "2722005678", "date": "2021-01-24 14:51:00", "subject": "0", "recorded-or-robo": "Y", "city": "", "state": "PA", "area-code": "412"}, {"id": "03e293b3df9e35eadf15c561196d7c11", "number": "2722005678", "date": "2021-01-24 14:51:00", "subject": "0", "recorded-or-robo": "Y", "city": "", "state": "PA", "area-code": "412"}]}