{"data": [{"id": "3decc6bfadaa436a105714c6bad96677", "number": "", "date": "2021-01-24 00:00:00", "subject": "3", "recorded-or-robo": "Y", "city": "", "state": "NY", "area-code": "845"}, {"id": "03e293b3df9e35eadf15c561196f1860", "number": "", "date": "2021-01-24 00:00:00", "subject": "3", "recorded-or-robo": "Y", "city": "", "state": "NY", "area-code": "845"}, {"id": "3decc6bfadaa436a105714c6bad95fc7", "number": "4148078233", "date": "2021-01-24 03:15:00", "subject": "2", "recorded-or-robo": "Y", "city": "Sun City Center", "state": "FL", "area-code": "414"}, {"id": "03e293b3df9e35eadf15c561196f167c", "number": "4148078233", "date": "2021-01-24 03:15:00", "subject": "2", "recorded-or-robo": "Y", "city": "Sun City Center", "state": "FL", "area-code": "414"}, {"id": "3decc6bfadaa436a105714c6bad95f44", "number": "2673294799", "date": "2021-01-24 18:44:00", "subject": "2", "recorded-or-robo": "N", "city": "Philadelphia", "state": "PA", "area-code": "215"}, {"id": "03e293b3df9e35eadf15c561196f1410", "number": "2673294799", "date": "2021-01-24 18:44:00", "subject": "2", "recorded-or-robo": "N", "city": "Philadelphia", "state": "PA", "area-code": "215"}, {"id": "3decc6bfadaa436a105714c6bad952d7", "number": "7273722050", "date": "2021-01-24 19:30:00", "subject": "11", "recorded-or-robo": "Y", "city": "Trinity", "state": "FL", "area-code": "727"}, {"id": "03e293b3df9e35eadf15c561196f1402", "number": "7273722050", "date": "2021-01-24 19:30:00", "subject": "11", "recorded-or-robo": "Y", "city": "Trinity", "state": "FL", "area-code": "727"}, {"id": "3decc6bfadaa436a105714c6bad9528a", "number": "", "date": "2021-01-24 11:22:00", "subject": "2", "recorded-or-robo": "Y", "city": "Water Valley", "state": "MS", "area-code": "662"}, {"id": "03e293b3df9e35eadf15c561196f1265", "number": "", "date": "2021-01-24 11:22:00", "subject": "2", "recorded-or-robo": "Y", "city": "Water Valley", "state": "MS", "area-code": "662"}, {"id": "3decc6bfadaa436a105714c6bad94cc0", "number": "7273726589", "date": "2021-01-24 19:16:00", "subject": "11", "recorded-or-robo": "Y", "city": "Trinity", "state": "FL", "area-code": "727"}, {"id": "03e293b3df9e35eadf15c561196f081e", "number": "7273726589", "date": "2021-01-24 19:16:00", "subject": "11", "recorded-or-robo": "Y", "city": "Trinity", "state": "FL", "area-code": "727"}, {"id": "3decc6bfadaa436a105714c6bad93d4b", "number": "4147325785", "date": "2021-01-24 17:15:00", "subject": "1", "recorded-or-robo": "Y", "city": "Cave Creek", "state": "AZ", "area-code": "414"}, {"id": "03e293b3df9e35eadf15c561196f0270", "number": "4147325785", "date": "2021-01-24 17:15:00", "subject": "1", "recorded-or-robo": "Y", "city": "Cave Creek", "state": "AZ", "area-code": "414"}, {"id": "3decc6bfadaa436a105714c6bad932aa", "number": "8885240691", "date": "2021-01-23 21:54:00", "subject": "2", "recorded-or-robo": "N", "city": "", "state": "VA", "area-code": "571"}, {"id": "03e293b3df9e35eadf15c561196efbe9", "number": "8885240691", "date": "2021-01-23 21:54:00", "subject": "2", "recorded-or-robo": "N", "city": "", "state": "VA", "area-code": "571"}, {"id": "3decc6bfadaa436a105714c6bad93144", "number": "5053968100", "date": "2021-01-24 19:13:00", "subject": "1", "recorded-or-robo": "N", "city": "Albuquerque", "state": "NM", "area-code": "408"}, {"id": "03e293b3df9e35eadf15c561196ef6f1", "number": "5053968100", "date": "2021-01-24 19:13:00", "subject": "1", "recorded-or-robo": "N", "city": "Albuquerque", "state": "NM", "area-code": "408"}, {"id": "3decc6bfadaa436a105714c6bad930cd", "number": "7273725175", "date": "2021-01-24 19:02:00", "subject": "11", "recorded-or-robo": "Y", "city": "Trinity", "state": "FL", "area-code": "727"}, {"id": "03e293b3df9e35eadf15c561196eee88", "number": "7273725175", "date": "2021-01-24 19:02:00", "subject": "11", "recorded-or-robo": "Y", "city": "Trinity", "state": "FL", "area-code": "727"}, {"id": "3decc6bfadaa436a105714c6bad92a78", "number": "2142813576", "date": "2021-01-15 16:05:00", "subject": "1", "recorded-or-robo": "Y", "city": "New Boston", "state": "MI", "area-code": "727"}, {"id": "03e293b3df9e35eadf15c561196ee647", "number": "2142813576", "date": "2021-01-15 16:05:00", "subject": "1", "recorded-or-robo": "Y", "city": "New Boston", "state": "MI", "area-code": "727"}, {"id": "3decc6bfadaa436a105714c6bad926cd", "number": "8218215527", "date": "2021-01-23 14:20:00", "subject": "1", "recorded-or-robo": "Y", "city": "University City", "state": "MO", "area-code": "314"}, {"id": "03e293b3df9e35eadf15c561196ed89c", "number": "8218215527", "date": "2021-01-23 14:20:00", "subject": "1", "recorded-or-robo": "Y", "city": "University City", "state": "MO", "area-code": "314"}, {"id": "3decc6bfadaa436a105714c6bad91882", "number": "7279143913", "date": "2021-01-24 20:23:00", "subject": "1", "recorded-or-robo": "Y", "city": "St Petersburg", "state": "FL", "area-code": "727"}, {"id": "03e293b3df9e35eadf15c561196ed6ba", "number": "7279143913", "date": "2021-01-24 20:23:00", "subject": "1", "recorded-or-robo": "Y", "city": "St Petersburg", "state": "FL", "area-code": "727"}, {"id": "3decc6bfadaa436a105714c6bad90dae", "number": "6193051819", "date": "2021-01-23 16:52:00", "subject": "2", "recorded-or-robo": "Y", "city": "", "state": "CA", "area-code": "408"}, {"id": "03e293b3df9e35eadf15c561196ed159", "number": "6193051819", "date": "2021-01-23 16:52:00", "subject": "2", "recorded-or-robo": "Y", "city": "", "state": "CA", "area-code": "408"}, {"id": "3decc6bfadaa436a105714c6bad90b95", "number": "7273727151", "date": "2021-01-24 18:49:00", "subject": "11", "recorded-or-robo": "Y", "city": "Trinity", "state": "FL", "area-code": "727"}, {"id": "03e293b3df9e35eadf15c561196ec70e", "number": "7273727151", "date": "2021-01-24 18:49:00", "subject": "11", "recorded-or-robo": "Y", "city": "Trinity", "state": "FL", "area-code": "727"}, {"id": "3decc6bfadaa436a105714c6bad907bc", "number": "4155099191", "date": "2021-01-24 11:15:00", "subject": "2", "recorded-or-robo": "N", "city": "San Francisco", "state": "CA", "area-code": "415"}, {"id": "03e293b3df9e35eadf15c561196eb735", "number": "4155099191", "date": "2021-01-24 11:15:00", "subject": "2", "recorded-or-robo": "N", "city": "San Francisco", "state": "CA", "area-code": "415"}, {"id": "3decc6bfadaa436a105714c6bad9077d", "number": "9544296687", "date": "2021-01-24 20:03:00", "subject": "0", "recorded-or-robo": "Y", "city": "St Petersburg", "state": "FL", "area-code": "727"}, {"id": "03e293b3df9e35eadf15c561196eb1a7", "number": "9544296687", "date": "2021-01-24 20:03:00", "subject": "0", "recorded-or-robo": "Y", "city": "St Petersburg", "state": "FL", "area-code": "727"}, {"id": "3decc6bfadaa436a105714c6bad8fe7b", "number": "7273729705", "date": "2021-01-24 18:11:00", "subject": "0", "recorded-or-robo": "Y", "city": "Trinity", "state": "FL", "area-code": "727"}, {"id": "03e293b3df9e35eadf15c561196ea2c9", "number": "7273729705", "date": "2021-01-24 18:11:00", "subject": "0", "recorded-or-robo": "Y", "city": "Trinity", "state": "FL", "area-code": "727"}, {"id": "3decc6bfadaa436a105714c6bad8f079", "number": "7279141417", "date": "2021-01-24 19:37:00", "subject": "1", "recorded-or-robo": "Y", "city": "St Petersburg", "state": "FL", "area-code": "727"}, {"id": "03e293b3df9e35eadf15c561196e96f2", "number": "7279141417", "date": "2021-01-24 19:37:00", "subject": "1", "recorded-or-robo": "Y", "city": "St Petersburg", "state": "FL", "area-code": "727"}, {"id": "3decc6bfadaa436a105714c6bad8eb86", "number": "7814392513", "date": "2021-01-23 00:00:00", "subject": "15", "recorded-or-robo": "Y", "city": "aspen", "state": "CO", "area-code": "303"}, {"id": "03e293b3df9e35eadf15c561196e8a29", "number": "7814392513", "date": "2021-01-23 00:00:00", "subject": "15", "recorded-or-robo": "Y", "city": "aspen", "state": "CO", "area-code": "303"}, {"id": "3decc6bfadaa436a105714c6bad8dc2b", "number": "3142620932", "date": "2021-01-23 14:02:00", "subject": "2", "recorded-or-robo": "N", "city": "University City", "state": "MO", "area-code": "314"}, {"id": "03e293b3df9e35eadf15c561196e8486", "number": "3142620932", "date": "2021-01-23 14:02:00", "subject": "2", "recorded-or-robo": "N", "city": "University City", "state": "MO", "area-code": "314"}, {"id": "3decc6bfadaa436a105714c6bad8d442", "number": "2403454114", "date": "2021-01-24 21:15:00", "subject": "16", "recorded-or-robo": "Y", "city": "", "state": "Do", "area-code": "202"}, {"id": "03e293b3df9e35eadf15c561196e7d62", "number": "2403454114", "date": "2021-01-24 21:15:00", "subject": "16", "recorded-or-robo": "Y", "city": "", "state": "Do", "area-code": "202"}, {"id": "3decc6bfadaa436a105714c6bad8cb83", "number": "7279147107", "date": "2021-01-24 19:02:00", "subject": "1", "recorded-or-robo": "Y", "city": "St Petersburg", "state": "FL", "area-code": "727"}, {"id": "3decc6bfadaa436a105714c6bad8c276", "number": "8584075437", "date": "2021-01-22 10:54:00", "subject": "3", "recorded-or-robo": "Y", "city": "", "state": "CA", "area-code": "858"}, {"id": "03e293b3df9e35eadf15c561196e6ecb", "number": "7279147107", "date": "2021-01-24 19:02:00", "subject": "1", "recorded-or-robo": "Y", "city": "St Petersburg", "state": "FL", "area-code": "727"}, {"id": "03e293b3df9e35eadf15c561196e6621", "number": "8584075437", "date": "2021-01-22 10:54:00", "subject": "3", "recorded-or-robo": "Y", "city": "", "state": "CA", "area-code": "858"}, {"id": "3decc6bfadaa436a105714c6bad8bb09", "number": "3143876294", "date": "2021-01-23 11:28:00", "subject": "2", "recorded-or-robo": "N", "city": "University City", "state": "MO", "area-code": "314"}, {"id": "03e293b3df9e35eadf15c561196e5d4a", "number": "3143876294", "date": "2021-01-23 11:28:00", "subject": "2", "recorded-or-robo": "N", "city": "University City", "state": "MO", "area-code": "314"}]}