{"data": [{"id": "3decc6bfadaa436a105714c6babd28bf", "number": "6073393157", "date": "2021-01-24 00:00:00", "subject": "11", "recorded-or-robo": "Y", "city": "", "state": "WI", "area-code": "608"}, {"id": "03e293b3df9e35eadf15c561195392c6", "number": "6073393157", "date": "2021-01-24 00:00:00", "subject": "11", "recorded-or-robo": "Y", "city": "", "state": "WI", "area-code": "608"}, {"id": "3decc6bfadaa436a105714c6babd1b41", "number": "0123456789", "date": "2021-01-24 01:00:00", "subject": "0", "recorded-or-robo": "N", "city": "", "state": "CA", "area-code": "510"}, {"id": "03e293b3df9e35eadf15c56119538675", "number": "0123456789", "date": "2021-01-24 01:00:00", "subject": "0", "recorded-or-robo": "N", "city": "", "state": "CA", "area-code": "510"}, {"id": "3decc6bfadaa436a105714c6babd1326", "number": "37065003129", "date": "2021-01-22 22:54:00", "subject": "2", "recorded-or-robo": "Y", "city": "Waterloo", "state": "IA", "area-code": "319"}, {"id": "03e293b3df9e35eadf15c56119537c40", "number": "37065003129", "date": "2021-01-22 22:54:00", "subject": "2", "recorded-or-robo": "Y", "city": "Waterloo", "state": "IA", "area-code": "319"}, {"id": "3decc6bfadaa436a105714c6babd0668", "number": "9712178428", "date": "2021-01-22 18:04:00", "subject": "9", "recorded-or-robo": "Y", "city": "", "state": "OR", "area-code": "503"}, {"id": "3decc6bfadaa436a105714c6babcfb30", "number": "2424378067", "date": "2021-01-23 18:18:00", "subject": "2", "recorded-or-robo": "Y", "city": "Waterloo", "state": "IA", "area-code": "319"}, {"id": "03e293b3df9e35eadf15c56119536914", "number": "9712178428", "date": "2021-01-22 18:04:00", "subject": "9", "recorded-or-robo": "Y", "city": "", "state": "OR", "area-code": "503"}, {"id": "03e293b3df9e35eadf15c56119535b95", "number": "2424378067", "date": "2021-01-23 18:18:00", "subject": "2", "recorded-or-robo": "Y", "city": "Waterloo", "state": "IA", "area-code": "319"}, {"id": "3decc6bfadaa436a105714c6babcec25", "number": "3023875653", "date": "2021-01-24 15:57:00", "subject": "3", "recorded-or-robo": "", "city": "", "state": "NY", "area-code": "212"}, {"id": "03e293b3df9e35eadf15c56119534b7b", "number": "3023875653", "date": "2021-01-24 15:57:00", "subject": "3", "recorded-or-robo": "", "city": "", "state": "NY", "area-code": "212"}, {"id": "3decc6bfadaa436a105714c6babcef05", "number": "4154964527", "date": "2020-11-20 11:06:00", "subject": "4", "recorded-or-robo": "Y", "city": "Dallas", "state": "CA", "area-code": "415"}, {"id": "03e293b3df9e35eadf15c561195354aa", "number": "4154964527", "date": "2020-11-20 11:06:00", "subject": "4", "recorded-or-robo": "Y", "city": "Dallas", "state": "CA", "area-code": "415"}, {"id": "3decc6bfadaa436a105714c6babcec17", "number": "7675018474", "date": "2021-01-23 08:41:00", "subject": "2", "recorded-or-robo": "Y", "city": "Waterloo", "state": "IA", "area-code": "319"}, {"id": "03e293b3df9e35eadf15c56119534a84", "number": "7675018474", "date": "2021-01-23 08:41:00", "subject": "2", "recorded-or-robo": "Y", "city": "Waterloo", "state": "IA", "area-code": "319"}, {"id": "3decc6bfadaa436a105714c6babce63a", "number": "7149742618", "date": "2021-01-24 13:14:00", "subject": "2", "recorded-or-robo": "N", "city": "Fullerton", "state": "CA", "area-code": "714"}, {"id": "03e293b3df9e35eadf15c56119533aa1", "number": "7149742618", "date": "2021-01-24 13:14:00", "subject": "2", "recorded-or-robo": "N", "city": "Fullerton", "state": "CA", "area-code": "714"}, {"id": "3decc6bfadaa436a105714c6babcdace", "number": "7675018194", "date": "2021-01-23 09:20:00", "subject": "2", "recorded-or-robo": "Y", "city": "Waterloo", "state": "IA", "area-code": "319"}, {"id": "03e293b3df9e35eadf15c561195333b7", "number": "7675018194", "date": "2021-01-23 09:20:00", "subject": "2", "recorded-or-robo": "Y", "city": "Waterloo", "state": "IA", "area-code": "319"}, {"id": "3decc6bfadaa436a105714c6babcc801", "number": "3023875653", "date": "2021-01-24 14:22:00", "subject": "3", "recorded-or-robo": "", "city": "", "state": "NY", "area-code": "212"}, {"id": "03e293b3df9e35eadf15c56119532bab", "number": "3023875653", "date": "2021-01-24 14:22:00", "subject": "3", "recorded-or-robo": "", "city": "", "state": "NY", "area-code": "212"}, {"id": "3decc6bfadaa436a105714c6babcd3a4", "number": "4232051015651429773", "date": "2021-01-21 07:30:00", "subject": "11", "recorded-or-robo": "Y", "city": "Vadnais Heights", "state": "MN", "area-code": "651"}, {"id": "03e293b3df9e35eadf15c561195330cd", "number": "4232051015651429773", "date": "2021-01-21 07:30:00", "subject": "11", "recorded-or-robo": "Y", "city": "Vadnais Heights", "state": "MN", "area-code": "651"}, {"id": "3decc6bfadaa436a105714c6babcbf99", "number": "7675018628", "date": "2021-01-23 10:20:00", "subject": "0", "recorded-or-robo": "Y", "city": "Waterloo", "state": "IA", "area-code": "319"}, {"id": "03e293b3df9e35eadf15c5611953237f", "number": "7675018628", "date": "2021-01-23 10:20:00", "subject": "0", "recorded-or-robo": "Y", "city": "Waterloo", "state": "IA", "area-code": "319"}, {"id": "3decc6bfadaa436a105714c6babcb8f0", "number": "4154964527", "date": "2020-11-23 17:01:00", "subject": "4", "recorded-or-robo": "Y", "city": "Dallas", "state": "CA", "area-code": "415"}, {"id": "03e293b3df9e35eadf15c56119531be4", "number": "4154964527", "date": "2020-11-23 17:01:00", "subject": "4", "recorded-or-robo": "Y", "city": "Dallas", "state": "CA", "area-code": "415"}, {"id": "3decc6bfadaa436a105714c6babcb131", "number": "2703187130", "date": "2021-01-24 11:57:00", "subject": "2", "recorded-or-robo": "Y", "city": "", "state": "KY", "area-code": "270"}, {"id": "03e293b3df9e35eadf15c561195311ec", "number": "2703187130", "date": "2021-01-24 11:57:00", "subject": "2", "recorded-or-robo": "Y", "city": "", "state": "KY", "area-code": "270"}, {"id": "3decc6bfadaa436a105714c6babca4d6", "number": "3569799070", "date": "2021-01-23 14:44:00", "subject": "2", "recorded-or-robo": "Y", "city": "Waterloo", "state": "IA", "area-code": "319"}, {"id": "03e293b3df9e35eadf15c56119530593", "number": "3569799070", "date": "2021-01-23 14:44:00", "subject": "2", "recorded-or-robo": "Y", "city": "Waterloo", "state": "IA", "area-code": "319"}, {"id": "3decc6bfadaa436a105714c6babc9b60", "number": "7207727550", "date": "2021-01-24 11:45:00", "subject": "3", "recorded-or-robo": "Y", "city": "Eastvale", "state": "CA", "area-code": "561"}, {"id": "03e293b3df9e35eadf15c5611952f93c", "number": "7207727550", "date": "2021-01-24 11:45:00", "subject": "3", "recorded-or-robo": "Y", "city": "Eastvale", "state": "CA", "area-code": "561"}, {"id": "3decc6bfadaa436a105714c6babc8053", "number": "3023875653", "date": "2021-01-24 12:38:00", "subject": "3", "recorded-or-robo": "", "city": "", "state": "NY", "area-code": "212"}, {"id": "03e293b3df9e35eadf15c5611952e9d8", "number": "3023875653", "date": "2021-01-24 12:38:00", "subject": "3", "recorded-or-robo": "", "city": "", "state": "NY", "area-code": "212"}, {"id": "3decc6bfadaa436a105714c6babc8c9a", "number": "2722059669", "date": "2021-01-24 15:32:00", "subject": "11", "recorded-or-robo": "Y", "city": "saint louis", "state": "MO", "area-code": "314"}, {"id": "03e293b3df9e35eadf15c5611952ea5e", "number": "2722059669", "date": "2021-01-24 15:32:00", "subject": "11", "recorded-or-robo": "Y", "city": "saint louis", "state": "MO", "area-code": "314"}, {"id": "3decc6bfadaa436a105714c6babc7724", "number": "2169068163", "date": "2021-01-24 16:03:00", "subject": "0", "recorded-or-robo": "Y", "city": "Ohio", "state": "OH", "area-code": "216"}, {"id": "03e293b3df9e35eadf15c5611952daac", "number": "2169068163", "date": "2021-01-24 16:03:00", "subject": "0", "recorded-or-robo": "Y", "city": "Ohio", "state": "OH", "area-code": "216"}, {"id": "3decc6bfadaa436a105714c6babc6c1b", "number": "6492311135", "date": "2021-01-23 16:04:00", "subject": "0", "recorded-or-robo": "Y", "city": "Waterloo", "state": "IA", "area-code": "319"}, {"id": "03e293b3df9e35eadf15c5611952cc54", "number": "6492311135", "date": "2021-01-23 16:04:00", "subject": "0", "recorded-or-robo": "Y", "city": "Waterloo", "state": "IA", "area-code": "319"}, {"id": "3decc6bfadaa436a105714c6babc654f", "number": "4154885518", "date": "2020-12-02 16:57:00", "subject": "1", "recorded-or-robo": "Y", "city": "Dallas", "state": "TX", "area-code": "415"}, {"id": "03e293b3df9e35eadf15c5611952bddf", "number": "4154885518", "date": "2020-12-02 16:57:00", "subject": "1", "recorded-or-robo": "Y", "city": "Dallas", "state": "TX", "area-code": "415"}, {"id": "3decc6bfadaa436a105714c6babc5614", "number": "6492311736", "date": "2021-01-24 15:59:00", "subject": "2", "recorded-or-robo": "Y", "city": "Janesville", "state": "WI", "area-code": "608"}, {"id": "03e293b3df9e35eadf15c5611952bb71", "number": "6492311736", "date": "2021-01-24 15:59:00", "subject": "2", "recorded-or-robo": "Y", "city": "Janesville", "state": "WI", "area-code": "608"}, {"id": "3decc6bfadaa436a105714c6babc5570", "number": "7251835624", "date": "2021-01-24 00:00:00", "subject": "6", "recorded-or-robo": "N", "city": "HAYSVILLE", "state": "KS", "area-code": "316"}, {"id": "03e293b3df9e35eadf15c5611952b080", "number": "7251835624", "date": "2021-01-24 00:00:00", "subject": "6", "recorded-or-robo": "N", "city": "HAYSVILLE", "state": "KS", "area-code": "316"}, {"id": "3decc6bfadaa436a105714c6babc5542", "number": "", "date": "2021-01-24 15:40:00", "subject": "2", "recorded-or-robo": "Y", "city": "Mesquite", "state": "TX", "area-code": "228"}, {"id": "03e293b3df9e35eadf15c5611952aa6d", "number": "", "date": "2021-01-24 15:40:00", "subject": "2", "recorded-or-robo": "Y", "city": "Mesquite", "state": "TX", "area-code": "228"}]}