{"data": [{"id": "3decc6bfadaa436a105714c6ba674430", "number": "8552151830", "date": "2021-01-22 09:40:00", "subject": "1", "recorded-or-robo": "Y", "city": "Jacksonville", "state": "TX", "area-code": "903"}, {"id": "1d36742e3f24f50e4e7ae82801fd4290", "number": "8552151830", "date": "2021-01-22 09:40:00", "subject": "1", "recorded-or-robo": "Y", "city": "Jacksonville", "state": "TX", "area-code": "903"}, {"id": "3decc6bfadaa436a105714c6ba673ee7", "number": "4052267651", "date": "2021-01-23 16:14:00", "subject": "13", "recorded-or-robo": "", "city": "Mililani", "state": "HI", "area-code": "808"}, {"id": "1d36742e3f24f50e4e7ae82801fd3dd4", "number": "4052267651", "date": "2021-01-23 16:14:00", "subject": "13", "recorded-or-robo": "", "city": "Mililani", "state": "HI", "area-code": "808"}, {"id": "3decc6bfadaa436a105714c6ba672fa9", "number": "3152328257", "date": "2021-01-23 16:55:00", "subject": "2", "recorded-or-robo": "Y", "city": "Tieton", "state": "WA", "area-code": "509"}, {"id": "1d36742e3f24f50e4e7ae82801fd3ba9", "number": "3152328257", "date": "2021-01-23 16:55:00", "subject": "2", "recorded-or-robo": "Y", "city": "Tieton", "state": "WA", "area-code": "509"}, {"id": "3decc6bfadaa436a105714c6ba672b46", "number": "5513010731", "date": "2021-01-22 09:44:00", "subject": "1", "recorded-or-robo": "", "city": "Spokane Valley", "state": "WA", "area-code": "509"}, {"id": "1d36742e3f24f50e4e7ae82801fd3983", "number": "5513010731", "date": "2021-01-22 09:44:00", "subject": "1", "recorded-or-robo": "", "city": "Spokane Valley", "state": "WA", "area-code": "509"}, {"id": "3decc6bfadaa436a105714c6ba6724e5", "number": "3145504307", "date": "2021-01-23 04:00:00", "subject": "2", "recorded-or-robo": "Y", "city": "Wentzville", "state": "MO", "area-code": "314"}, {"id": "1d36742e3f24f50e4e7ae82801fd29a0", "number": "3145504307", "date": "2021-01-23 04:00:00", "subject": "2", "recorded-or-robo": "Y", "city": "Wentzville", "state": "MO", "area-code": "314"}, {"id": "3decc6bfadaa436a105714c6ba671c66", "number": "7252321164", "date": "2021-01-23 19:23:00", "subject": "13", "recorded-or-robo": "", "city": "Mililani", "state": "HI", "area-code": "808"}, {"id": "1d36742e3f24f50e4e7ae82801fd1c14", "number": "7252321164", "date": "2021-01-23 19:23:00", "subject": "13", "recorded-or-robo": "", "city": "Mililani", "state": "HI", "area-code": "808"}, {"id": "3decc6bfadaa436a105714c6ba671754", "number": "8034228105", "date": "2021-01-23 08:40:00", "subject": "3", "recorded-or-robo": "N", "city": "", "state": "CA", "area-code": "831"}, {"id": "1d36742e3f24f50e4e7ae82801fd0dbe", "number": "8034228105", "date": "2021-01-23 08:40:00", "subject": "3", "recorded-or-robo": "N", "city": "", "state": "CA", "area-code": "831"}, {"id": "3decc6bfadaa436a105714c6ba811aff", "number": "+16264693885", "date": "2021-01-23 20:15:45", "subject": "3", "recorded-or-robo": "Y", "city": "", "state": "CA", "area-code": "310"}, {"id": "03e293b3df9e35eadf15c5611917988c", "number": "+16264693885", "date": "2021-01-23 20:15:45", "subject": "3", "recorded-or-robo": "Y", "city": "", "state": "CA", "area-code": "310"}, {"id": "3decc6bfadaa436a105714c6ba6716c9", "number": "3307141504", "date": "2021-01-23 20:13:00", "subject": "2", "recorded-or-robo": "Y", "city": "Kent", "state": "OH", "area-code": "330"}, {"id": "1d36742e3f24f50e4e7ae82801fd0bd7", "number": "3307141504", "date": "2021-01-23 20:13:00", "subject": "2", "recorded-or-robo": "Y", "city": "Kent", "state": "OH", "area-code": "330"}, {"id": "3decc6bfadaa436a105714c6ba671056", "number": "8634925218", "date": "2021-01-23 00:00:00", "subject": "2", "recorded-or-robo": "Y", "city": "Davenport", "state": "FL", "area-code": "863"}, {"id": "1d36742e3f24f50e4e7ae82801fd00d5", "number": "8634925218", "date": "2021-01-23 00:00:00", "subject": "2", "recorded-or-robo": "Y", "city": "Davenport", "state": "FL", "area-code": "863"}, {"id": "3decc6bfadaa436a105714c6ba6701c8", "number": "5099284529", "date": "2021-01-23 16:00:00", "subject": "1", "recorded-or-robo": "Y", "city": "Spokane Valley", "state": "WA", "area-code": "509"}, {"id": "1d36742e3f24f50e4e7ae82801fd0072", "number": "5099284529", "date": "2021-01-23 16:00:00", "subject": "1", "recorded-or-robo": "Y", "city": "Spokane Valley", "state": "WA", "area-code": "509"}, {"id": "3decc6bfadaa436a105714c6ba66f5e9", "number": "5418463929", "date": "2021-01-23 10:04:00", "subject": "3", "recorded-or-robo": "N", "city": "", "state": "CA", "area-code": "831"}, {"id": "1d36742e3f24f50e4e7ae82801fcfffb", "number": "5418463929", "date": "2021-01-23 10:04:00", "subject": "3", "recorded-or-robo": "N", "city": "", "state": "CA", "area-code": "831"}, {"id": "3decc6bfadaa436a105714c6ba66eb2d", "number": "5513010563", "date": "2021-01-19 10:48:00", "subject": "2", "recorded-or-robo": "", "city": "Spokane Valley", "state": "WA", "area-code": "509"}, {"id": "1d36742e3f24f50e4e7ae82801fcf92f", "number": "5513010563", "date": "2021-01-19 10:48:00", "subject": "2", "recorded-or-robo": "", "city": "Spokane Valley", "state": "WA", "area-code": "509"}, {"id": "3decc6bfadaa436a105714c6ba66e920", "number": "7274251066", "date": "2021-01-04 10:36:00", "subject": "2", "recorded-or-robo": "", "city": "Stanwood", "state": "WA", "area-code": "360"}, {"id": "1d36742e3f24f50e4e7ae82801fceb9a", "number": "7274251066", "date": "2021-01-04 10:36:00", "subject": "2", "recorded-or-robo": "", "city": "Stanwood", "state": "WA", "area-code": "360"}, {"id": "3decc6bfadaa436a105714c6ba66e4ad", "number": "8556786469", "date": "2021-01-23 17:12:00", "subject": "11", "recorded-or-robo": "Y", "city": "Valleyford", "state": "WA", "area-code": "855"}, {"id": "1d36742e3f24f50e4e7ae82801fce616", "number": "8556786469", "date": "2021-01-23 17:12:00", "subject": "11", "recorded-or-robo": "Y", "city": "Valleyford", "state": "WA", "area-code": "855"}, {"id": "3decc6bfadaa436a105714c6ba66db04", "number": "4805814769", "date": "2021-01-23 18:02:00", "subject": "5", "recorded-or-robo": "Y", "city": "Chandler", "state": "AZ", "area-code": "480"}, {"id": "3decc6bfadaa436a105714c6ba66d86b", "number": "8036694807", "date": "2021-01-23 00:00:00", "subject": "0", "recorded-or-robo": "N", "city": "", "state": "CA", "area-code": "831"}, {"id": "1d36742e3f24f50e4e7ae82801fcdc3f", "number": "4805814769", "date": "2021-01-23 18:02:00", "subject": "5", "recorded-or-robo": "Y", "city": "Chandler", "state": "AZ", "area-code": "480"}, {"id": "1d36742e3f24f50e4e7ae82801fcda49", "number": "8036694807", "date": "2021-01-23 00:00:00", "subject": "0", "recorded-or-robo": "N", "city": "", "state": "CA", "area-code": "831"}, {"id": "3decc6bfadaa436a105714c6ba66d2cf", "number": "", "date": "2021-01-23 15:42:00", "subject": "5", "recorded-or-robo": "Y", "city": "", "state": "ID", "area-code": "337"}, {"id": "1d36742e3f24f50e4e7ae82801fcd084", "number": "", "date": "2021-01-23 15:42:00", "subject": "5", "recorded-or-robo": "Y", "city": "", "state": "ID", "area-code": "337"}, {"id": "3decc6bfadaa436a105714c6ba81274a", "number": "+16516051604", "date": "2021-01-23 20:13:40", "subject": "3", "recorded-or-robo": "Y", "city": "", "state": "MN", "area-code": "651"}, {"id": "03e293b3df9e35eadf15c5611917a27b", "number": "+16516051604", "date": "2021-01-23 20:13:40", "subject": "3", "recorded-or-robo": "Y", "city": "", "state": "MN", "area-code": "651"}, {"id": "3decc6bfadaa436a105714c6ba66c4f6", "number": "4077370511", "date": "2021-01-23 14:47:00", "subject": "2", "recorded-or-robo": "N", "city": "", "state": "FL", "area-code": "407"}, {"id": "1d36742e3f24f50e4e7ae82801fccf39", "number": "4077370511", "date": "2021-01-23 14:47:00", "subject": "2", "recorded-or-robo": "N", "city": "", "state": "FL", "area-code": "407"}, {"id": "3decc6bfadaa436a105714c6ba8131d6", "number": "8475510254", "date": "2021-01-23 20:13:17", "subject": "3", "recorded-or-robo": "Y", "city": "", "state": "IL", "area-code": "847"}, {"id": "03e293b3df9e35eadf15c5611917bce3", "number": "8475510254", "date": "2021-01-23 20:13:17", "subject": "3", "recorded-or-robo": "Y", "city": "", "state": "IL", "area-code": "847"}, {"id": "3decc6bfadaa436a105714c6ba66ba1f", "number": "2029663399", "date": "2021-01-22 10:57:00", "subject": "2", "recorded-or-robo": "N", "city": "Onamia", "state": "MN", "area-code": "612"}, {"id": "1d36742e3f24f50e4e7ae82801fcc771", "number": "2029663399", "date": "2021-01-22 10:57:00", "subject": "2", "recorded-or-robo": "N", "city": "Onamia", "state": "MN", "area-code": "612"}, {"id": "3decc6bfadaa436a105714c6ba66b003", "number": "3145043450", "date": "2021-01-23 12:00:00", "subject": "2", "recorded-or-robo": "Y", "city": "Ballwin", "state": "MO", "area-code": "314"}, {"id": "1d36742e3f24f50e4e7ae82801fcc4e3", "number": "3145043450", "date": "2021-01-23 12:00:00", "subject": "2", "recorded-or-robo": "Y", "city": "Ballwin", "state": "MO", "area-code": "314"}, {"id": "3decc6bfadaa436a105714c6ba812c4d", "number": "3343364343", "date": "2021-01-23 20:12:35", "subject": "3", "recorded-or-robo": "Y", "city": "", "state": "AL", "area-code": "334"}, {"id": "03e293b3df9e35eadf15c5611917b1bf", "number": "3343364343", "date": "2021-01-23 20:12:35", "subject": "3", "recorded-or-robo": "Y", "city": "", "state": "AL", "area-code": "334"}, {"id": "3decc6bfadaa436a105714c6ba66a374", "number": "6154065467", "date": "2021-01-23 00:00:00", "subject": "11", "recorded-or-robo": "Y", "city": "Richland", "state": "WA", "area-code": "509"}, {"id": "1d36742e3f24f50e4e7ae82801fcc4bc", "number": "6154065467", "date": "2021-01-23 00:00:00", "subject": "11", "recorded-or-robo": "Y", "city": "Richland", "state": "WA", "area-code": "509"}]}