{"data": [{"id": "3decc6bfadaa436a105714c6badd5f88", "number": "7752272721", "date": "2021-01-19 08:43:00", "subject": "2", "recorded-or-robo": "Y", "city": "", "state": "CA", "area-code": "213"}, {"id": "03e293b3df9e35eadf15c5611973447f", "number": "7752272721", "date": "2021-01-19 08:43:00", "subject": "2", "recorded-or-robo": "Y", "city": "", "state": "CA", "area-code": "213"}, {"id": "3decc6bfadaa436a105714c6badd5d49", "number": "3129400611", "date": "2021-01-19 12:00:00", "subject": "3", "recorded-or-robo": "Y", "city": "CHICAGO", "state": "IL", "area-code": "312"}, {"id": "03e293b3df9e35eadf15c561197334ab", "number": "3129400611", "date": "2021-01-19 12:00:00", "subject": "3", "recorded-or-robo": "Y", "city": "CHICAGO", "state": "IL", "area-code": "312"}, {"id": "3decc6bfadaa436a105714c6badd5428", "number": "7736925074", "date": "2021-01-19 09:15:00", "subject": "3", "recorded-or-robo": "Y", "city": "CHICAGO", "state": "IL", "area-code": "312"}, {"id": "03e293b3df9e35eadf15c5611973314a", "number": "7736925074", "date": "2021-01-19 09:15:00", "subject": "3", "recorded-or-robo": "Y", "city": "CHICAGO", "state": "IL", "area-code": "312"}, {"id": "3decc6bfadaa436a105714c6badd4ffd", "number": "3129400611", "date": "2021-01-19 09:13:00", "subject": "3", "recorded-or-robo": "Y", "city": "CHICAGO", "state": "IL", "area-code": "312"}, {"id": "03e293b3df9e35eadf15c56119732444", "number": "3129400611", "date": "2021-01-19 09:13:00", "subject": "3", "recorded-or-robo": "Y", "city": "CHICAGO", "state": "IL", "area-code": "312"}, {"id": "3decc6bfadaa436a105714c6badd42ce", "number": "7736925074", "date": "2021-01-18 09:41:00", "subject": "3", "recorded-or-robo": "Y", "city": "CHICAGO", "state": "IL", "area-code": "312"}, {"id": "03e293b3df9e35eadf15c5611973161a", "number": "7736925074", "date": "2021-01-18 09:41:00", "subject": "3", "recorded-or-robo": "Y", "city": "CHICAGO", "state": "IL", "area-code": "312"}, {"id": "3decc6bfadaa436a105714c6badd3d55", "number": "7732322316", "date": "2021-01-17 15:41:00", "subject": "3", "recorded-or-robo": "Y", "city": "CHICAGO", "state": "IL", "area-code": "312"}, {"id": "03e293b3df9e35eadf15c561197314d7", "number": "7732322316", "date": "2021-01-17 15:41:00", "subject": "3", "recorded-or-robo": "Y", "city": "CHICAGO", "state": "IL", "area-code": "312"}, {"id": "3decc6bfadaa436a105714c6badd3374", "number": "3104665215", "date": "2021-01-06 12:39:00", "subject": "2", "recorded-or-robo": "Y", "city": "", "state": "CA", "area-code": "213"}, {"id": "03e293b3df9e35eadf15c56119730cb1", "number": "3104665215", "date": "2021-01-06 12:39:00", "subject": "2", "recorded-or-robo": "Y", "city": "", "state": "CA", "area-code": "213"}, {"id": "3decc6bfadaa436a105714c6badd2b04", "number": "7736925074", "date": "2021-01-16 19:46:00", "subject": "3", "recorded-or-robo": "Y", "city": "CHICAGO", "state": "IL", "area-code": "312"}, {"id": "03e293b3df9e35eadf15c56119730b72", "number": "7736925074", "date": "2021-01-16 19:46:00", "subject": "3", "recorded-or-robo": "Y", "city": "CHICAGO", "state": "IL", "area-code": "312"}, {"id": "3decc6bfadaa436a105714c6badd29d7", "number": "8005212010", "date": "2021-01-22 17:00:00", "subject": "2", "recorded-or-robo": "Y", "city": "chatsworth", "state": "GA", "area-code": "706"}, {"id": "03e293b3df9e35eadf15c5611972fdd1", "number": "8005212010", "date": "2021-01-22 17:00:00", "subject": "2", "recorded-or-robo": "Y", "city": "chatsworth", "state": "GA", "area-code": "706"}, {"id": "3decc6bfadaa436a105714c6badd2383", "number": "8474649875", "date": "2021-01-16 11:05:00", "subject": "3", "recorded-or-robo": "Y", "city": "CHICAGO", "state": "IL", "area-code": "312"}, {"id": "03e293b3df9e35eadf15c5611972f60b", "number": "8474649875", "date": "2021-01-16 11:05:00", "subject": "3", "recorded-or-robo": "Y", "city": "CHICAGO", "state": "IL", "area-code": "312"}, {"id": "3decc6bfadaa436a105714c6badd22d9", "number": "3105742611", "date": "2021-01-06 12:15:00", "subject": "7", "recorded-or-robo": "Y", "city": "", "state": "CA", "area-code": "213"}, {"id": "03e293b3df9e35eadf15c5611972e619", "number": "3105742611", "date": "2021-01-06 12:15:00", "subject": "7", "recorded-or-robo": "Y", "city": "", "state": "CA", "area-code": "213"}, {"id": "3decc6bfadaa436a105714c6badd14ba", "number": "7736925074", "date": "2021-01-15 11:11:00", "subject": "3", "recorded-or-robo": "Y", "city": "CHICAGO", "state": "IL", "area-code": "312"}, {"id": "03e293b3df9e35eadf15c5611972e1a0", "number": "7736925074", "date": "2021-01-15 11:11:00", "subject": "3", "recorded-or-robo": "Y", "city": "CHICAGO", "state": "IL", "area-code": "312"}, {"id": "3decc6bfadaa436a105714c6badd0c52", "number": "", "date": "2021-01-23 13:10:00", "subject": "2", "recorded-or-robo": "Y", "city": "Saint Louis", "state": "MO", "area-code": "314"}, {"id": "03e293b3df9e35eadf15c5611972d60e", "number": "", "date": "2021-01-23 13:10:00", "subject": "2", "recorded-or-robo": "Y", "city": "Saint Louis", "state": "MO", "area-code": "314"}, {"id": "3decc6bfadaa436a105714c6badcfc70", "number": "8474649875", "date": "2021-01-21 15:32:00", "subject": "3", "recorded-or-robo": "Y", "city": "CHICAGO", "state": "IL", "area-code": "312"}, {"id": "03e293b3df9e35eadf15c5611972d4f4", "number": "8474649875", "date": "2021-01-21 15:32:00", "subject": "3", "recorded-or-robo": "Y", "city": "CHICAGO", "state": "IL", "area-code": "312"}, {"id": "3decc6bfadaa436a105714c6badcfc0d", "number": "2136408828", "date": "2021-01-05 12:22:00", "subject": "2", "recorded-or-robo": "Y", "city": "", "state": "CA", "area-code": "213"}, {"id": "03e293b3df9e35eadf15c5611972cc89", "number": "2136408828", "date": "2021-01-05 12:22:00", "subject": "2", "recorded-or-robo": "Y", "city": "", "state": "CA", "area-code": "213"}, {"id": "3decc6bfadaa436a105714c6badcf761", "number": "3125022642", "date": "2021-01-22 10:47:00", "subject": "3", "recorded-or-robo": "Y", "city": "CHICAGO", "state": "IL", "area-code": "312"}, {"id": "03e293b3df9e35eadf15c5611972c4e0", "number": "3125022642", "date": "2021-01-22 10:47:00", "subject": "3", "recorded-or-robo": "Y", "city": "CHICAGO", "state": "IL", "area-code": "312"}, {"id": "3decc6bfadaa436a105714c6badcea1f", "number": "8166006420", "date": "2021-01-18 13:44:00", "subject": "1", "recorded-or-robo": "Y", "city": "Loveland", "state": "CO", "area-code": "970"}, {"id": "03e293b3df9e35eadf15c5611972b9c8", "number": "8166006420", "date": "2021-01-18 13:44:00", "subject": "1", "recorded-or-robo": "Y", "city": "Loveland", "state": "CO", "area-code": "970"}, {"id": "3decc6bfadaa436a105714c6badce616", "number": "8183691114", "date": "2021-01-05 12:50:00", "subject": "2", "recorded-or-robo": "Y", "city": "", "state": "CA", "area-code": "213"}, {"id": "3decc6bfadaa436a105714c6badcda62", "number": "7736925074", "date": "2021-01-22 12:45:00", "subject": "3", "recorded-or-robo": "Y", "city": "CHICAGO", "state": "IL", "area-code": "312"}, {"id": "03e293b3df9e35eadf15c5611972ab10", "number": "8183691114", "date": "2021-01-05 12:50:00", "subject": "2", "recorded-or-robo": "Y", "city": "", "state": "CA", "area-code": "213"}, {"id": "03e293b3df9e35eadf15c5611972a98f", "number": "7736925074", "date": "2021-01-22 12:45:00", "subject": "3", "recorded-or-robo": "Y", "city": "CHICAGO", "state": "IL", "area-code": "312"}, {"id": "3decc6bfadaa436a105714c6badccfbf", "number": "6197051081", "date": "2021-01-24 21:01:00", "subject": "0", "recorded-or-robo": "Y", "city": "", "state": "CA", "area-code": "805"}, {"id": "03e293b3df9e35eadf15c56119729ce1", "number": "6197051081", "date": "2021-01-24 21:01:00", "subject": "0", "recorded-or-robo": "Y", "city": "", "state": "CA", "area-code": "805"}, {"id": "3decc6bfadaa436a105714c6badcc068", "number": "8474649875", "date": "2021-01-22 10:26:00", "subject": "3", "recorded-or-robo": "Y", "city": "CHICAGO", "state": "IL", "area-code": "312"}, {"id": "03e293b3df9e35eadf15c561197292e4", "number": "8474649875", "date": "2021-01-22 10:26:00", "subject": "3", "recorded-or-robo": "Y", "city": "CHICAGO", "state": "IL", "area-code": "312"}, {"id": "3decc6bfadaa436a105714c6badcba30", "number": "4108810674", "date": "2021-01-05 12:00:00", "subject": "2", "recorded-or-robo": "Y", "city": "", "state": "CA", "area-code": "213"}, {"id": "03e293b3df9e35eadf15c56119728417", "number": "4108810674", "date": "2021-01-05 12:00:00", "subject": "2", "recorded-or-robo": "Y", "city": "", "state": "CA", "area-code": "213"}, {"id": "3decc6bfadaa436a105714c6badcb365", "number": "8313092301", "date": "2021-01-05 11:44:00", "subject": "2", "recorded-or-robo": "Y", "city": "", "state": "CA", "area-code": "213"}, {"id": "03e293b3df9e35eadf15c56119727e73", "number": "8313092301", "date": "2021-01-05 11:44:00", "subject": "2", "recorded-or-robo": "Y", "city": "", "state": "CA", "area-code": "213"}, {"id": "3decc6bfadaa436a105714c6badcac52", "number": "8474649875", "date": "2021-01-23 09:32:00", "subject": "3", "recorded-or-robo": "Y", "city": "CHICAGO", "state": "IL", "area-code": "312"}, {"id": "03e293b3df9e35eadf15c56119727b7c", "number": "8474649875", "date": "2021-01-23 09:32:00", "subject": "3", "recorded-or-robo": "Y", "city": "CHICAGO", "state": "IL", "area-code": "312"}, {"id": "3decc6bfadaa436a105714c6badca91b", "number": "3106727750", "date": "2021-01-04 14:30:00", "subject": "2", "recorded-or-robo": "Y", "city": "", "state": "CA", "area-code": "213"}, {"id": "03e293b3df9e35eadf15c5611972709a", "number": "3106727750", "date": "2021-01-04 14:30:00", "subject": "2", "recorded-or-robo": "Y", "city": "", "state": "CA", "area-code": "213"}]}