{"data": [{"id": "3decc6bfadaa436a105714c6ba65eee9", "number": "3152328257", "date": "2021-01-23 12:41:00", "subject": "1", "recorded-or-robo": "Y", "city": "West Richland", "state": "WA", "area-code": "509"}, {"id": "1d36742e3f24f50e4e7ae82801fc2595", "number": "3152328257", "date": "2021-01-23 12:41:00", "subject": "1", "recorded-or-robo": "Y", "city": "West Richland", "state": "WA", "area-code": "509"}, {"id": "3decc6bfadaa436a105714c6ba65e8df", "number": "2142908284", "date": "2021-01-22 17:24:00", "subject": "1", "recorded-or-robo": "Y", "city": "", "state": "TX", "area-code": "214"}, {"id": "1d36742e3f24f50e4e7ae82801fc15be", "number": "2142908284", "date": "2021-01-22 17:24:00", "subject": "1", "recorded-or-robo": "Y", "city": "", "state": "TX", "area-code": "214"}, {"id": "3decc6bfadaa436a105714c6ba65dc48", "number": "7675018428", "date": "2021-01-23 10:59:00", "subject": "0", "recorded-or-robo": "Y", "city": "Leland", "state": "NC", "area-code": "910"}, {"id": "1d36742e3f24f50e4e7ae82801fc09a0", "number": "7675018428", "date": "2021-01-23 10:59:00", "subject": "0", "recorded-or-robo": "Y", "city": "Leland", "state": "NC", "area-code": "910"}, {"id": "3decc6bfadaa436a105714c6ba65ce58", "number": "3142837059", "date": "2021-01-23 19:27:00", "subject": "2", "recorded-or-robo": "Y", "city": "", "state": "MO", "area-code": "314"}, {"id": "1d36742e3f24f50e4e7ae82801fbfe91", "number": "3142837059", "date": "2021-01-23 19:27:00", "subject": "2", "recorded-or-robo": "Y", "city": "", "state": "MO", "area-code": "314"}, {"id": "3decc6bfadaa436a105714c6ba65beec", "number": "3036746109", "date": "2021-01-22 09:23:00", "subject": "0", "recorded-or-robo": "N", "city": "Evergreen", "state": "CO", "area-code": "303"}, {"id": "1d36742e3f24f50e4e7ae82801fbf7cf", "number": "3036746109", "date": "2021-01-22 09:23:00", "subject": "0", "recorded-or-robo": "N", "city": "Evergreen", "state": "CO", "area-code": "303"}, {"id": "3decc6bfadaa436a105714c6ba65af67", "number": "3152322857", "date": "2021-01-23 18:07:00", "subject": "2", "recorded-or-robo": "Y", "city": "Beaumont", "state": "TX", "area-code": "409"}, {"id": "1d36742e3f24f50e4e7ae82801fbe8d4", "number": "3152322857", "date": "2021-01-23 18:07:00", "subject": "2", "recorded-or-robo": "Y", "city": "Beaumont", "state": "TX", "area-code": "409"}, {"id": "3decc6bfadaa436a105714c6ba65a84c", "number": "", "date": "2021-01-23 19:55:00", "subject": "3", "recorded-or-robo": "N", "city": "", "state": "FL", "area-code": "813"}, {"id": "1d36742e3f24f50e4e7ae82801fbe792", "number": "", "date": "2021-01-23 19:55:00", "subject": "3", "recorded-or-robo": "N", "city": "", "state": "FL", "area-code": "813"}, {"id": "3decc6bfadaa436a105714c6ba659a3e", "number": "2053783931", "date": "2021-01-21 19:02:00", "subject": "5", "recorded-or-robo": "Y", "city": "BIRMINGHAM", "state": "AL", "area-code": "205"}, {"id": "1d36742e3f24f50e4e7ae82801fbdded", "number": "2053783931", "date": "2021-01-21 19:02:00", "subject": "5", "recorded-or-robo": "Y", "city": "BIRMINGHAM", "state": "AL", "area-code": "205"}, {"id": "3decc6bfadaa436a105714c6ba65971c", "number": "8556786739", "date": "2021-01-23 14:37:00", "subject": "11", "recorded-or-robo": "Y", "city": "Spokane", "state": "WA", "area-code": "509"}, {"id": "1d36742e3f24f50e4e7ae82801fbd103", "number": "8556786739", "date": "2021-01-23 14:37:00", "subject": "11", "recorded-or-robo": "Y", "city": "Spokane", "state": "WA", "area-code": "509"}, {"id": "3decc6bfadaa436a105714c6ba658af2", "number": "", "date": "2021-01-23 12:00:00", "subject": "11", "recorded-or-robo": "Y", "city": "Orange", "state": "TX", "area-code": "409"}, {"id": "1d36742e3f24f50e4e7ae82801fbcd1c", "number": "", "date": "2021-01-23 12:00:00", "subject": "11", "recorded-or-robo": "Y", "city": "Orange", "state": "TX", "area-code": "409"}, {"id": "3decc6bfadaa436a105714c6ba658074", "number": "4097896117", "date": "2021-01-23 18:00:00", "subject": "11", "recorded-or-robo": "Y", "city": "Galveston", "state": "TX", "area-code": "409"}, {"id": "1d36742e3f24f50e4e7ae82801fbc73d", "number": "4097896117", "date": "2021-01-23 18:00:00", "subject": "11", "recorded-or-robo": "Y", "city": "Galveston", "state": "TX", "area-code": "409"}, {"id": "3decc6bfadaa436a105714c6ba657aa1", "number": "2029671795", "date": "2021-01-23 13:45:00", "subject": "2", "recorded-or-robo": "Y", "city": "Desert Hot Springs", "state": "CA", "area-code": "760"}, {"id": "1d36742e3f24f50e4e7ae82801fbc22f", "number": "2029671795", "date": "2021-01-23 13:45:00", "subject": "2", "recorded-or-robo": "Y", "city": "Desert Hot Springs", "state": "CA", "area-code": "760"}, {"id": "3decc6bfadaa436a105714c6ba80d3c5", "number": "+14156628458", "date": "2021-01-23 19:59:37", "subject": "3", "recorded-or-robo": "Y", "city": "", "state": "CA", "area-code": "415"}, {"id": "03e293b3df9e35eadf15c56119174284", "number": "+14156628458", "date": "2021-01-23 19:59:37", "subject": "3", "recorded-or-robo": "Y", "city": "", "state": "CA", "area-code": "415"}, {"id": "3decc6bfadaa436a105714c6ba80c3c6", "number": "3017479037", "date": "2021-01-23 19:59:16", "subject": "3", "recorded-or-robo": "N", "city": "", "state": "PR", "area-code": "787"}, {"id": "03e293b3df9e35eadf15c56119172890", "number": "3017479037", "date": "2021-01-23 19:59:16", "subject": "3", "recorded-or-robo": "N", "city": "", "state": "PR", "area-code": "787"}, {"id": "3decc6bfadaa436a105714c6ba657369", "number": "9417138582", "date": "2021-01-23 19:50:00", "subject": "7", "recorded-or-robo": "Y", "city": "", "state": "FL", "area-code": "941"}, {"id": "1d36742e3f24f50e4e7ae82801fbb9b7", "number": "9417138582", "date": "2021-01-23 19:50:00", "subject": "7", "recorded-or-robo": "Y", "city": "", "state": "FL", "area-code": "941"}, {"id": "3decc6bfadaa436a105714c6ba656a03", "number": "8556781073", "date": "2021-01-23 14:48:00", "subject": "11", "recorded-or-robo": "Y", "city": "Spokane", "state": "WA", "area-code": "509"}, {"id": "1d36742e3f24f50e4e7ae82801fbae18", "number": "8556781073", "date": "2021-01-23 14:48:00", "subject": "11", "recorded-or-robo": "Y", "city": "Spokane", "state": "WA", "area-code": "509"}, {"id": "3decc6bfadaa436a105714c6ba656771", "number": "3032730421", "date": "2021-01-19 13:49:00", "subject": "0", "recorded-or-robo": "N", "city": "Evergreen", "state": "CO", "area-code": "303"}, {"id": "1d36742e3f24f50e4e7ae82801fba316", "number": "3032730421", "date": "2021-01-19 13:49:00", "subject": "0", "recorded-or-robo": "N", "city": "Evergreen", "state": "CO", "area-code": "303"}, {"id": "3decc6bfadaa436a105714c6ba656658", "number": "8042076352", "date": "2021-01-23 15:52:00", "subject": "2", "recorded-or-robo": "Y", "city": "", "state": "CA", "area-code": "949"}, {"id": "1d36742e3f24f50e4e7ae82801fb935d", "number": "8042076352", "date": "2021-01-23 15:52:00", "subject": "2", "recorded-or-robo": "Y", "city": "", "state": "CA", "area-code": "949"}, {"id": "3decc6bfadaa436a105714c6ba656254", "number": "9209153837", "date": "2021-01-23 19:48:00", "subject": "1", "recorded-or-robo": "Y", "city": "Phoenixville", "state": "PA", "area-code": "920"}, {"id": "1d36742e3f24f50e4e7ae82801fb8b14", "number": "9209153837", "date": "2021-01-23 19:48:00", "subject": "1", "recorded-or-robo": "Y", "city": "Phoenixville", "state": "PA", "area-code": "920"}, {"id": "3decc6bfadaa436a105714c6ba655ef0", "number": "8556783597", "date": "2021-01-23 15:06:00", "subject": "11", "recorded-or-robo": "Y", "city": "Spokane", "state": "WA", "area-code": "509"}, {"id": "1d36742e3f24f50e4e7ae82801fb8a79", "number": "8556783597", "date": "2021-01-23 15:06:00", "subject": "11", "recorded-or-robo": "Y", "city": "Spokane", "state": "WA", "area-code": "509"}, {"id": "3decc6bfadaa436a105714c6ba6555db", "number": "", "date": "2021-01-23 00:00:00", "subject": "3", "recorded-or-robo": "", "city": "", "state": "IL", "area-code": "630"}, {"id": "1d36742e3f24f50e4e7ae82801fb7fc1", "number": "", "date": "2021-01-23 00:00:00", "subject": "3", "recorded-or-robo": "", "city": "", "state": "IL", "area-code": "630"}, {"id": "3decc6bfadaa436a105714c6ba65554b", "number": "3032730421", "date": "2021-01-19 11:52:00", "subject": "0", "recorded-or-robo": "N", "city": "Evergreen", "state": "CO", "area-code": "303"}, {"id": "1d36742e3f24f50e4e7ae82801fb7c9b", "number": "3032730421", "date": "2021-01-19 11:52:00", "subject": "0", "recorded-or-robo": "N", "city": "Evergreen", "state": "CO", "area-code": "303"}, {"id": "3decc6bfadaa436a105714c6ba80ca74", "number": "+19544000864", "date": "2021-01-23 19:55:54", "subject": "3", "recorded-or-robo": "Y", "city": "", "state": "FL", "area-code": "954"}, {"id": "03e293b3df9e35eadf15c5611917341a", "number": "+19544000864", "date": "2021-01-23 19:55:54", "subject": "3", "recorded-or-robo": "Y", "city": "", "state": "FL", "area-code": "954"}, {"id": "3decc6bfadaa436a105714c6ba80b4b3", "number": "+13526466271", "date": "2021-01-23 19:55:51", "subject": "3", "recorded-or-robo": "Y", "city": "", "state": "GA", "area-code": "678"}, {"id": "03e293b3df9e35eadf15c56119172540", "number": "+13526466271", "date": "2021-01-23 19:55:51", "subject": "3", "recorded-or-robo": "Y", "city": "", "state": "GA", "area-code": "678"}, {"id": "3decc6bfadaa436a105714c6ba654fd7", "number": "", "date": "2021-01-23 18:20:00", "subject": "2", "recorded-or-robo": "Y", "city": "", "state": "AR", "area-code": "501"}, {"id": "3decc6bfadaa436a105714c6ba654f96", "number": "", "date": "2021-01-23 12:00:00", "subject": "2", "recorded-or-robo": "Y", "city": "Spokane", "state": "WA", "area-code": "509"}]}