{"data": [{"id": "3decc6bfadaa436a105714c6ba9992fc", "number": "3612136933", "date": "2021-01-21 12:53:00", "subject": "4", "recorded-or-robo": "Y", "city": "San Antonio", "state": "TX", "area-code": "210"}, {"id": "03e293b3df9e35eadf15c561192fcaf3", "number": "3612136933", "date": "2021-01-21 12:53:00", "subject": "4", "recorded-or-robo": "Y", "city": "San Antonio", "state": "TX", "area-code": "210"}, {"id": "3decc6bfadaa436a105714c6ba998818", "number": "8137824225", "date": "2021-01-24 12:02:00", "subject": "11", "recorded-or-robo": "Y", "city": "zephyrhills", "state": "FL", "area-code": "615"}, {"id": "03e293b3df9e35eadf15c561192fc530", "number": "8137824225", "date": "2021-01-24 12:02:00", "subject": "11", "recorded-or-robo": "Y", "city": "zephyrhills", "state": "FL", "area-code": "615"}, {"id": "3decc6bfadaa436a105714c6ba997a30", "number": "", "date": "2021-01-24 11:50:00", "subject": "11", "recorded-or-robo": "Y", "city": "Pickerington", "state": "OH", "area-code": "740"}, {"id": "03e293b3df9e35eadf15c561192fb9bc", "number": "", "date": "2021-01-24 11:50:00", "subject": "11", "recorded-or-robo": "Y", "city": "Pickerington", "state": "OH", "area-code": "740"}, {"id": "3decc6bfadaa436a105714c6ba99724e", "number": "3023875653", "date": "2021-01-24 10:58:00", "subject": "2", "recorded-or-robo": "N", "city": "Munster", "state": "IN", "area-code": "347"}, {"id": "03e293b3df9e35eadf15c561192fae68", "number": "3023875653", "date": "2021-01-24 10:58:00", "subject": "2", "recorded-or-robo": "N", "city": "Munster", "state": "IN", "area-code": "347"}, {"id": "3decc6bfadaa436a105714c6ba99650f", "number": "3145033277", "date": "2021-01-23 16:21:00", "subject": "3", "recorded-or-robo": "Y", "city": "St. Louis", "state": "MO", "area-code": "314"}, {"id": "03e293b3df9e35eadf15c561192fad5b", "number": "3145033277", "date": "2021-01-23 16:21:00", "subject": "3", "recorded-or-robo": "Y", "city": "St. Louis", "state": "MO", "area-code": "314"}, {"id": "3decc6bfadaa436a105714c6ba995b88", "number": "00000000000000000000", "date": "2021-01-24 10:56:00", "subject": "2", "recorded-or-robo": "N", "city": "San Antonio", "state": "TX", "area-code": "210"}, {"id": "03e293b3df9e35eadf15c561192fa638", "number": "00000000000000000000", "date": "2021-01-24 10:56:00", "subject": "2", "recorded-or-robo": "N", "city": "San Antonio", "state": "TX", "area-code": "210"}, {"id": "3decc6bfadaa436a105714c6ba9953d0", "number": "9039008647", "date": "2021-01-22 09:33:00", "subject": "2", "recorded-or-robo": "Y", "city": "Longview", "state": "TX", "area-code": "903"}, {"id": "03e293b3df9e35eadf15c561192fa5bb", "number": "9039008647", "date": "2021-01-22 09:33:00", "subject": "2", "recorded-or-robo": "Y", "city": "Longview", "state": "TX", "area-code": "903"}, {"id": "3decc6bfadaa436a105714c6ba9944bf", "number": "10", "date": "2021-01-23 20:25:00", "subject": "1", "recorded-or-robo": "Y", "city": "", "state": "WI", "area-code": "262"}, {"id": "03e293b3df9e35eadf15c561192fa0e0", "number": "10", "date": "2021-01-23 20:25:00", "subject": "1", "recorded-or-robo": "Y", "city": "", "state": "WI", "area-code": "262"}, {"id": "3decc6bfadaa436a105714c6ba9942ac", "number": "1509216293", "date": "2021-01-24 12:00:00", "subject": "1", "recorded-or-robo": "Y", "city": "Spokane", "state": "WA", "area-code": "509"}, {"id": "03e293b3df9e35eadf15c561192f9773", "number": "1509216293", "date": "2021-01-24 12:00:00", "subject": "1", "recorded-or-robo": "Y", "city": "Spokane", "state": "WA", "area-code": "509"}, {"id": "3decc6bfadaa436a105714c6ba993ff4", "number": "5406025542", "date": "2021-01-22 14:11:00", "subject": "5", "recorded-or-robo": "Y", "city": "norfolk", "state": "VA", "area-code": "757"}, {"id": "03e293b3df9e35eadf15c561192f95ae", "number": "5406025542", "date": "2021-01-22 14:11:00", "subject": "5", "recorded-or-robo": "Y", "city": "norfolk", "state": "VA", "area-code": "757"}, {"id": "3decc6bfadaa436a105714c6ba993f2d", "number": "", "date": "2021-01-23 16:42:00", "subject": "1", "recorded-or-robo": "Y", "city": "Spokane Valley", "state": "WA", "area-code": "509"}, {"id": "03e293b3df9e35eadf15c561192f85e3", "number": "", "date": "2021-01-23 16:42:00", "subject": "1", "recorded-or-robo": "Y", "city": "Spokane Valley", "state": "WA", "area-code": "509"}, {"id": "3decc6bfadaa436a105714c6ba993ae7", "number": "", "date": "2021-01-24 12:00:00", "subject": "1", "recorded-or-robo": "N", "city": "texas city", "state": "TX", "area-code": "409"}, {"id": "03e293b3df9e35eadf15c561192f7e74", "number": "", "date": "2021-01-24 12:00:00", "subject": "1", "recorded-or-robo": "N", "city": "texas city", "state": "TX", "area-code": "409"}, {"id": "3decc6bfadaa436a105714c6ba992cdd", "number": "", "date": "2021-01-24 08:01:00", "subject": "11", "recorded-or-robo": "Y", "city": "Richland", "state": "WA", "area-code": "509"}, {"id": "03e293b3df9e35eadf15c561192f7382", "number": "", "date": "2021-01-24 08:01:00", "subject": "11", "recorded-or-robo": "Y", "city": "Richland", "state": "WA", "area-code": "509"}, {"id": "3decc6bfadaa436a105714c6ba992b53", "number": "3152328257", "date": "2021-01-22 12:00:00", "subject": "11", "recorded-or-robo": "Y", "city": "New Carlisle", "state": "IN", "area-code": "574"}, {"id": "03e293b3df9e35eadf15c561192f6895", "number": "3152328257", "date": "2021-01-22 12:00:00", "subject": "11", "recorded-or-robo": "Y", "city": "New Carlisle", "state": "IN", "area-code": "574"}, {"id": "3decc6bfadaa436a105714c6ba991e25", "number": "6178759413", "date": "2021-01-22 16:40:00", "subject": "1", "recorded-or-robo": "Y", "city": "Randolph", "state": "MA", "area-code": "781"}, {"id": "03e293b3df9e35eadf15c561192f676d", "number": "6178759413", "date": "2021-01-22 16:40:00", "subject": "1", "recorded-or-robo": "Y", "city": "Randolph", "state": "MA", "area-code": "781"}, {"id": "3decc6bfadaa436a105714c6ba991dd2", "number": "8502479986", "date": "2021-01-23 18:25:00", "subject": "1", "recorded-or-robo": "N", "city": "", "state": "AL", "area-code": "251"}, {"id": "03e293b3df9e35eadf15c561192f5e74", "number": "8502479986", "date": "2021-01-23 18:25:00", "subject": "1", "recorded-or-robo": "N", "city": "", "state": "AL", "area-code": "251"}, {"id": "3decc6bfadaa436a105714c6ba99107d", "number": "4073109384", "date": "2021-01-23 13:00:00", "subject": "2", "recorded-or-robo": "Y", "city": "Altamonte Spg", "state": "FL", "area-code": "407"}, {"id": "03e293b3df9e35eadf15c561192f5e6e", "number": "4073109384", "date": "2021-01-23 13:00:00", "subject": "2", "recorded-or-robo": "Y", "city": "Altamonte Spg", "state": "FL", "area-code": "407"}, {"id": "3decc6bfadaa436a105714c6ba9905e8", "number": "8762928327", "date": "2021-01-23 10:21:00", "subject": "13", "recorded-or-robo": "N", "city": "Cleveland", "state": "MS", "area-code": "662"}, {"id": "03e293b3df9e35eadf15c561192f54aa", "number": "8762928327", "date": "2021-01-23 10:21:00", "subject": "13", "recorded-or-robo": "N", "city": "Cleveland", "state": "MS", "area-code": "662"}, {"id": "3decc6bfadaa436a105714c6ba9900f3", "number": "4045512242", "date": "2021-01-22 16:24:00", "subject": "2", "recorded-or-robo": "N", "city": "Carrollton", "state": "TX", "area-code": "214"}, {"id": "3decc6bfadaa436a105714c6ba98d58d", "number": "4696137700", "date": "2021-01-21 18:37:00", "subject": "3", "recorded-or-robo": "N", "city": "", "state": "PA", "area-code": "570"}, {"id": "03e293b3df9e35eadf15c561192f44ee", "number": "4045512242", "date": "2021-01-22 16:24:00", "subject": "2", "recorded-or-robo": "N", "city": "Carrollton", "state": "TX", "area-code": "214"}, {"id": "03e293b3df9e35eadf15c561192f23c6", "number": "4696137700", "date": "2021-01-21 18:37:00", "subject": "3", "recorded-or-robo": "N", "city": "", "state": "PA", "area-code": "570"}, {"id": "3decc6bfadaa436a105714c6ba98fdbb", "number": "2029262853", "date": "2021-01-06 10:52:00", "subject": "2", "recorded-or-robo": "Y", "city": "", "state": "OH", "area-code": "440"}, {"id": "03e293b3df9e35eadf15c561192f3f98", "number": "2029262853", "date": "2021-01-06 10:52:00", "subject": "2", "recorded-or-robo": "Y", "city": "", "state": "OH", "area-code": "440"}, {"id": "3decc6bfadaa436a105714c6ba98eefe", "number": "2155986092", "date": "2021-01-22 20:47:00", "subject": "1", "recorded-or-robo": "Y", "city": "Tarentum", "state": "PA", "area-code": "724"}, {"id": "03e293b3df9e35eadf15c561192f385f", "number": "2155986092", "date": "2021-01-22 20:47:00", "subject": "1", "recorded-or-robo": "Y", "city": "Tarentum", "state": "PA", "area-code": "724"}, {"id": "3decc6bfadaa436a105714c6ba98e34d", "number": "7027513400", "date": "2021-01-22 18:22:00", "subject": "13", "recorded-or-robo": "N", "city": "Cleveland", "state": "MS", "area-code": "662"}, {"id": "03e293b3df9e35eadf15c561192f323d", "number": "7027513400", "date": "2021-01-22 18:22:00", "subject": "13", "recorded-or-robo": "N", "city": "Cleveland", "state": "MS", "area-code": "662"}, {"id": "3decc6bfadaa436a105714c6ba98dac6", "number": "2164785415", "date": "2021-01-23 15:30:00", "subject": "0", "recorded-or-robo": "Y", "city": "west hartford", "state": "CT", "area-code": "860"}, {"id": "03e293b3df9e35eadf15c561192f2f89", "number": "2164785415", "date": "2021-01-23 15:30:00", "subject": "0", "recorded-or-robo": "Y", "city": "west hartford", "state": "CT", "area-code": "860"}, {"id": "3decc6bfadaa436a105714c6ba98c972", "number": "4697976470", "date": "2021-01-22 13:23:00", "subject": "3", "recorded-or-robo": "Y", "city": "", "state": "CO", "area-code": "719"}, {"id": "03e293b3df9e35eadf15c561192f1dbe", "number": "4697976470", "date": "2021-01-22 13:23:00", "subject": "3", "recorded-or-robo": "Y", "city": "", "state": "CO", "area-code": "719"}]}