{"data": [{"id": "3decc6bfadaa436a105714c6baac34d5", "number": "4094295504", "date": "2020-12-17 00:00:00", "subject": "2", "recorded-or-robo": "N", "city": "", "state": "CA", "area-code": "530"}, {"id": "03e293b3df9e35eadf15c56119428000", "number": "4094295504", "date": "2020-12-17 00:00:00", "subject": "2", "recorded-or-robo": "N", "city": "", "state": "CA", "area-code": "530"}, {"id": "3decc6bfadaa436a105714c6baac332d", "number": "6095987185", "date": "2021-01-21 11:01:00", "subject": "2", "recorded-or-robo": "Y", "city": "santa rosa", "state": "CA", "area-code": "707"}, {"id": "03e293b3df9e35eadf15c56119427375", "number": "6095987185", "date": "2021-01-21 11:01:00", "subject": "2", "recorded-or-robo": "Y", "city": "santa rosa", "state": "CA", "area-code": "707"}, {"id": "3decc6bfadaa436a105714c6baac30ae", "number": "2819731834", "date": "2021-01-22 11:19:00", "subject": "2", "recorded-or-robo": "Y", "city": "Beaumont", "state": "TX", "area-code": "409"}, {"id": "03e293b3df9e35eadf15c56119426a5a", "number": "2819731834", "date": "2021-01-22 11:19:00", "subject": "2", "recorded-or-robo": "Y", "city": "Beaumont", "state": "TX", "area-code": "409"}, {"id": "3decc6bfadaa436a105714c6baac2bae", "number": "", "date": "2021-01-14 10:01:00", "subject": "4", "recorded-or-robo": "Y", "city": "", "state": "CA", "area-code": "562"}, {"id": "03e293b3df9e35eadf15c56119425e34", "number": "", "date": "2021-01-14 10:01:00", "subject": "4", "recorded-or-robo": "Y", "city": "", "state": "CA", "area-code": "562"}, {"id": "3decc6bfadaa436a105714c6baac1b51", "number": "7865049911", "date": "2021-01-23 17:00:00", "subject": "2", "recorded-or-robo": "Y", "city": "Bear Creek Township", "state": "PA", "area-code": "570"}, {"id": "03e293b3df9e35eadf15c56119425afc", "number": "7865049911", "date": "2021-01-23 17:00:00", "subject": "2", "recorded-or-robo": "Y", "city": "Bear Creek Township", "state": "PA", "area-code": "570"}, {"id": "3decc6bfadaa436a105714c6baac1020", "number": "7275272513", "date": "2021-01-24 01:57:00", "subject": "2", "recorded-or-robo": "N", "city": "Saint Petersburg", "state": "FL", "area-code": "727"}, {"id": "03e293b3df9e35eadf15c56119425882", "number": "7275272513", "date": "2021-01-24 01:57:00", "subject": "2", "recorded-or-robo": "N", "city": "Saint Petersburg", "state": "FL", "area-code": "727"}, {"id": "3decc6bfadaa436a105714c6baac0f27", "number": "5594713416", "date": "2021-01-22 15:09:00", "subject": "3", "recorded-or-robo": "Y", "city": "FREMONT", "state": "CA", "area-code": "510"}, {"id": "03e293b3df9e35eadf15c56119424f09", "number": "5594713416", "date": "2021-01-22 15:09:00", "subject": "3", "recorded-or-robo": "Y", "city": "FREMONT", "state": "CA", "area-code": "510"}, {"id": "3decc6bfadaa436a105714c6baabeaf0", "number": "8557191599", "date": "2021-01-24 12:10:00", "subject": "3", "recorded-or-robo": "N", "city": "", "state": "IL", "area-code": "217"}, {"id": "03e293b3df9e35eadf15c561194225c7", "number": "8557191599", "date": "2021-01-24 12:10:00", "subject": "3", "recorded-or-robo": "N", "city": "", "state": "IL", "area-code": "217"}, {"id": "3decc6bfadaa436a105714c6baac05da", "number": "3735853", "date": "2021-01-20 10:36:00", "subject": "2", "recorded-or-robo": "Y", "city": "Reedsport", "state": "OR", "area-code": "541"}, {"id": "3decc6bfadaa436a105714c6baabfd5c", "number": "6612993914", "date": "2020-12-17 09:00:00", "subject": "2", "recorded-or-robo": "N", "city": "", "state": "CA", "area-code": "530"}, {"id": "03e293b3df9e35eadf15c56119424471", "number": "3735853", "date": "2021-01-20 10:36:00", "subject": "2", "recorded-or-robo": "Y", "city": "Reedsport", "state": "OR", "area-code": "541"}, {"id": "03e293b3df9e35eadf15c561194240d9", "number": "6612993914", "date": "2020-12-17 09:00:00", "subject": "2", "recorded-or-robo": "N", "city": "", "state": "CA", "area-code": "530"}, {"id": "3decc6bfadaa436a105714c6baabf37d", "number": "9203016313", "date": "2021-01-13 15:07:00", "subject": "2", "recorded-or-robo": "Y", "city": "", "state": "FL", "area-code": "813"}, {"id": "03e293b3df9e35eadf15c5611942350d", "number": "9203016313", "date": "2021-01-13 15:07:00", "subject": "2", "recorded-or-robo": "Y", "city": "", "state": "FL", "area-code": "813"}, {"id": "3decc6bfadaa436a105714c6baabeba7", "number": "4092198120", "date": "2021-01-22 17:49:00", "subject": "2", "recorded-or-robo": "Y", "city": "Beaumont", "state": "TX", "area-code": "409"}, {"id": "03e293b3df9e35eadf15c56119422d11", "number": "4092198120", "date": "2021-01-22 17:49:00", "subject": "2", "recorded-or-robo": "Y", "city": "Beaumont", "state": "TX", "area-code": "409"}, {"id": "3decc6bfadaa436a105714c6baabe87b", "number": "4754554052", "date": "2021-01-08 14:13:00", "subject": "2", "recorded-or-robo": "N", "city": "", "state": "FL", "area-code": "813"}, {"id": "03e293b3df9e35eadf15c56119421f94", "number": "4754554052", "date": "2021-01-08 14:13:00", "subject": "2", "recorded-or-robo": "N", "city": "", "state": "FL", "area-code": "813"}, {"id": "3decc6bfadaa436a105714c6baabe209", "number": "2105602171", "date": "2021-01-23 09:20:00", "subject": "2", "recorded-or-robo": "Y", "city": "", "state": "TX", "area-code": "512"}, {"id": "03e293b3df9e35eadf15c5611942107e", "number": "2105602171", "date": "2021-01-23 09:20:00", "subject": "2", "recorded-or-robo": "Y", "city": "", "state": "TX", "area-code": "512"}, {"id": "3decc6bfadaa436a105714c6baabe0d1", "number": "8778758905", "date": "2021-01-13 14:14:00", "subject": "2", "recorded-or-robo": "Y", "city": "", "state": "AZ", "area-code": "520"}, {"id": "03e293b3df9e35eadf15c5611942022a", "number": "8778758905", "date": "2021-01-13 14:14:00", "subject": "2", "recorded-or-robo": "Y", "city": "", "state": "AZ", "area-code": "520"}, {"id": "3decc6bfadaa436a105714c6baabde81", "number": "7149931126", "date": "2021-01-24 11:07:00", "subject": "2", "recorded-or-robo": "N", "city": "Fullerton", "state": "CA", "area-code": "714"}, {"id": "03e293b3df9e35eadf15c5611941fdb0", "number": "7149931126", "date": "2021-01-24 11:07:00", "subject": "2", "recorded-or-robo": "N", "city": "Fullerton", "state": "CA", "area-code": "714"}, {"id": "3decc6bfadaa436a105714c6baabd414", "number": "7182449946", "date": "2021-01-24 13:02:00", "subject": "0", "recorded-or-robo": "Y", "city": "", "state": "NJ", "area-code": "732"}, {"id": "03e293b3df9e35eadf15c5611941fb98", "number": "7182449946", "date": "2021-01-24 13:02:00", "subject": "0", "recorded-or-robo": "Y", "city": "", "state": "NJ", "area-code": "732"}, {"id": "3decc6bfadaa436a105714c6baabcf3d", "number": "4098350524", "date": "2021-01-23 10:01:00", "subject": "4", "recorded-or-robo": "N", "city": "Beaumont", "state": "TX", "area-code": "409"}, {"id": "03e293b3df9e35eadf15c5611941f044", "number": "4098350524", "date": "2021-01-23 10:01:00", "subject": "4", "recorded-or-robo": "N", "city": "Beaumont", "state": "TX", "area-code": "409"}, {"id": "3decc6bfadaa436a105714c6baabc044", "number": "5127162017", "date": "2021-01-22 13:48:00", "subject": "2", "recorded-or-robo": "Y", "city": "", "state": "TX", "area-code": "512"}, {"id": "03e293b3df9e35eadf15c5611941e1b2", "number": "5127162017", "date": "2021-01-22 13:48:00", "subject": "2", "recorded-or-robo": "Y", "city": "", "state": "TX", "area-code": "512"}, {"id": "3decc6bfadaa436a105714c6baabb5f2", "number": "6028216717", "date": "2021-01-13 15:30:00", "subject": "2", "recorded-or-robo": "Y", "city": "", "state": "AZ", "area-code": "520"}, {"id": "3decc6bfadaa436a105714c6baaba4d7", "number": "", "date": "2021-01-23 08:12:00", "subject": "3", "recorded-or-robo": "N", "city": "", "state": "TX", "area-code": "214"}, {"id": "03e293b3df9e35eadf15c5611941e16e", "number": "6028216717", "date": "2021-01-13 15:30:00", "subject": "2", "recorded-or-robo": "Y", "city": "", "state": "AZ", "area-code": "520"}, {"id": "03e293b3df9e35eadf15c5611941ce1c", "number": "", "date": "2021-01-23 08:12:00", "subject": "3", "recorded-or-robo": "N", "city": "", "state": "TX", "area-code": "214"}, {"id": "3decc6bfadaa436a105714c6baaba82f", "number": "5126681122", "date": "2021-01-22 11:56:00", "subject": "2", "recorded-or-robo": "Y", "city": "", "state": "TX", "area-code": "512"}, {"id": "03e293b3df9e35eadf15c5611941db4a", "number": "5126681122", "date": "2021-01-22 11:56:00", "subject": "2", "recorded-or-robo": "Y", "city": "", "state": "TX", "area-code": "512"}, {"id": "3decc6bfadaa436a105714c6baab9e66", "number": "8556786108", "date": "2021-01-24 10:05:00", "subject": "11", "recorded-or-robo": "Y", "city": "Santa Fe", "state": "TX", "area-code": "409"}, {"id": "03e293b3df9e35eadf15c5611941c96d", "number": "8556786108", "date": "2021-01-24 10:05:00", "subject": "11", "recorded-or-robo": "Y", "city": "Santa Fe", "state": "TX", "area-code": "409"}, {"id": "3decc6bfadaa436a105714c6baab95d3", "number": "", "date": "2021-01-24 13:17:00", "subject": "11", "recorded-or-robo": "Y", "city": "Princeton", "state": "IN", "area-code": "615"}, {"id": "03e293b3df9e35eadf15c5611941c1c0", "number": "", "date": "2021-01-24 13:17:00", "subject": "11", "recorded-or-robo": "Y", "city": "Princeton", "state": "IN", "area-code": "615"}, {"id": "3decc6bfadaa436a105714c6baab9553", "number": "7207978149", "date": "2021-01-22 13:54:00", "subject": "3", "recorded-or-robo": "Y", "city": "", "state": "MN", "area-code": "952"}, {"id": "03e293b3df9e35eadf15c5611941b4af", "number": "7207978149", "date": "2021-01-22 13:54:00", "subject": "3", "recorded-or-robo": "Y", "city": "", "state": "MN", "area-code": "952"}]}