{"data": [{"id": "3decc6bfadaa436a105714c6ba693965", "number": "7754311075", "date": "2021-01-23 09:59:00", "subject": "4", "recorded-or-robo": "Y", "city": "PAHRUMP", "state": "NV", "area-code": "775"}, {"id": "1d36742e3f24f50e4e7ae82801ff1c69", "number": "7754311075", "date": "2021-01-23 09:59:00", "subject": "4", "recorded-or-robo": "Y", "city": "PAHRUMP", "state": "NV", "area-code": "775"}, {"id": "3decc6bfadaa436a105714c6ba693892", "number": "3029225586", "date": "2021-01-21 11:55:00", "subject": "2", "recorded-or-robo": "", "city": "Spokane Valley", "state": "WA", "area-code": "509"}, {"id": "3decc6bfadaa436a105714c6ba692ad6", "number": "3609306472", "date": "2021-01-23 11:09:00", "subject": "2", "recorded-or-robo": "N", "city": "Olympia", "state": "WA", "area-code": "360"}, {"id": "3decc6bfadaa436a105714c6ba69230d", "number": "5707950285", "date": "2021-01-13 15:44:00", "subject": "2", "recorded-or-robo": "Y", "city": "Lawrenceville", "state": "PA", "area-code": "570"}, {"id": "1d36742e3f24f50e4e7ae82801ff15af", "number": "3029225586", "date": "2021-01-21 11:55:00", "subject": "2", "recorded-or-robo": "", "city": "Spokane Valley", "state": "WA", "area-code": "509"}, {"id": "1d36742e3f24f50e4e7ae82801ff07b1", "number": "3609306472", "date": "2021-01-23 11:09:00", "subject": "2", "recorded-or-robo": "N", "city": "Olympia", "state": "WA", "area-code": "360"}, {"id": "1d36742e3f24f50e4e7ae82801ff064d", "number": "5707950285", "date": "2021-01-13 15:44:00", "subject": "2", "recorded-or-robo": "Y", "city": "Lawrenceville", "state": "PA", "area-code": "570"}, {"id": "3decc6bfadaa436a105714c6ba691055", "number": "3322086658", "date": "2021-01-21 13:55:00", "subject": "3", "recorded-or-robo": "N", "city": "", "state": "NY", "area-code": "631"}, {"id": "1d36742e3f24f50e4e7ae82801fef5c7", "number": "3322086658", "date": "2021-01-21 13:55:00", "subject": "3", "recorded-or-robo": "N", "city": "", "state": "NY", "area-code": "631"}, {"id": "3decc6bfadaa436a105714c6ba690b1b", "number": "6625471177", "date": "2021-01-20 14:55:00", "subject": "8", "recorded-or-robo": "", "city": "Spokane Valley", "state": "WA", "area-code": "509"}, {"id": "1d36742e3f24f50e4e7ae82801fef178", "number": "6625471177", "date": "2021-01-20 14:55:00", "subject": "8", "recorded-or-robo": "", "city": "Spokane Valley", "state": "WA", "area-code": "509"}, {"id": "3decc6bfadaa436a105714c6ba819ef8", "number": "7034969716", "date": "2021-01-23 20:34:31", "subject": "3", "recorded-or-robo": "Y", "city": "", "state": "VA", "area-code": "703"}, {"id": "03e293b3df9e35eadf15c56119180e6c", "number": "7034969716", "date": "2021-01-23 20:34:31", "subject": "3", "recorded-or-robo": "Y", "city": "", "state": "VA", "area-code": "703"}, {"id": "3decc6bfadaa436a105714c6ba6904ab", "number": "8039563096", "date": "2021-01-13 17:57:00", "subject": "2", "recorded-or-robo": "Y", "city": "Lawrenceville", "state": "PA", "area-code": "570"}, {"id": "1d36742e3f24f50e4e7ae82801fee7e1", "number": "8039563096", "date": "2021-01-13 17:57:00", "subject": "2", "recorded-or-robo": "Y", "city": "Lawrenceville", "state": "PA", "area-code": "570"}, {"id": "3decc6bfadaa436a105714c6ba87cd37", "number": "6154067579", "date": "2021-01-23 15:55:00", "subject": "3", "recorded-or-robo": "Y", "city": "", "state": "WA", "area-code": "509"}, {"id": "03e293b3df9e35eadf15c561191e555e", "number": "6154067579", "date": "2021-01-23 15:55:00", "subject": "3", "recorded-or-robo": "Y", "city": "", "state": "WA", "area-code": "509"}, {"id": "3decc6bfadaa436a105714c6ba690159", "number": "3145507571", "date": "2021-01-23 19:08:00", "subject": "3", "recorded-or-robo": "Y", "city": "Wentzville", "state": "MO", "area-code": "314"}, {"id": "1d36742e3f24f50e4e7ae82801fee050", "number": "3145507571", "date": "2021-01-23 19:08:00", "subject": "3", "recorded-or-robo": "Y", "city": "Wentzville", "state": "MO", "area-code": "314"}, {"id": "3decc6bfadaa436a105714c6ba68f1e6", "number": "3019699204", "date": "2021-01-23 20:10:00", "subject": "0", "recorded-or-robo": "Y", "city": "", "state": "MD", "area-code": "301"}, {"id": "1d36742e3f24f50e4e7ae82801fed445", "number": "3019699204", "date": "2021-01-23 20:10:00", "subject": "0", "recorded-or-robo": "Y", "city": "", "state": "MD", "area-code": "301"}, {"id": "3decc6bfadaa436a105714c6ba68e23e", "number": "5092154064", "date": "2021-01-20 12:18:00", "subject": "2", "recorded-or-robo": "", "city": "Spokane Valley", "state": "WA", "area-code": "509"}, {"id": "1d36742e3f24f50e4e7ae82801fecb4f", "number": "5092154064", "date": "2021-01-20 12:18:00", "subject": "2", "recorded-or-robo": "", "city": "Spokane Valley", "state": "WA", "area-code": "509"}, {"id": "3decc6bfadaa436a105714c6ba68d4de", "number": "7164066291", "date": "2021-01-14 09:36:00", "subject": "2", "recorded-or-robo": "Y", "city": "Lawrenceville", "state": "PA", "area-code": "570"}, {"id": "1d36742e3f24f50e4e7ae82801fec745", "number": "7164066291", "date": "2021-01-14 09:36:00", "subject": "2", "recorded-or-robo": "Y", "city": "Lawrenceville", "state": "PA", "area-code": "570"}, {"id": "3decc6bfadaa436a105714c6ba68c9ee", "number": "3145507571", "date": "2021-01-23 19:07:00", "subject": "2", "recorded-or-robo": "Y", "city": "Wentzville", "state": "MO", "area-code": "314"}, {"id": "1d36742e3f24f50e4e7ae82801febaf8", "number": "3145507571", "date": "2021-01-23 19:07:00", "subject": "2", "recorded-or-robo": "Y", "city": "Wentzville", "state": "MO", "area-code": "314"}, {"id": "3decc6bfadaa436a105714c6ba68bf1b", "number": "7164066291", "date": "2021-01-14 10:48:00", "subject": "2", "recorded-or-robo": "Y", "city": "Lawrenceville", "state": "PA", "area-code": "570"}, {"id": "1d36742e3f24f50e4e7ae82801feb38b", "number": "7164066291", "date": "2021-01-14 10:48:00", "subject": "2", "recorded-or-robo": "Y", "city": "Lawrenceville", "state": "PA", "area-code": "570"}, {"id": "3decc6bfadaa436a105714c6ba68b4fc", "number": "2024792570", "date": "2021-01-23 12:00:00", "subject": "11", "recorded-or-robo": "N", "city": "White Lake", "state": "MI", "area-code": "206"}, {"id": "1d36742e3f24f50e4e7ae82801fea6d9", "number": "2024792570", "date": "2021-01-23 12:00:00", "subject": "11", "recorded-or-robo": "N", "city": "White Lake", "state": "MI", "area-code": "206"}, {"id": "3decc6bfadaa436a105714c6ba68b1f2", "number": "4592790621", "date": "2021-01-20 12:15:00", "subject": "2", "recorded-or-robo": "", "city": "Spokane Valley", "state": "WA", "area-code": "509"}, {"id": "3decc6bfadaa436a105714c6ba68a7e4", "number": "6154062383", "date": "2021-01-23 00:00:00", "subject": "2", "recorded-or-robo": "Y", "city": "Kennewick", "state": "WA", "area-code": "509"}, {"id": "1d36742e3f24f50e4e7ae82801fea55a", "number": "4592790621", "date": "2021-01-20 12:15:00", "subject": "2", "recorded-or-robo": "", "city": "Spokane Valley", "state": "WA", "area-code": "509"}, {"id": "1d36742e3f24f50e4e7ae82801fea365", "number": "6154062383", "date": "2021-01-23 00:00:00", "subject": "2", "recorded-or-robo": "Y", "city": "Kennewick", "state": "WA", "area-code": "509"}, {"id": "3decc6bfadaa436a105714c6ba68a0fb", "number": "7164066291", "date": "2021-01-21 16:36:00", "subject": "2", "recorded-or-robo": "Y", "city": "Lawrenceville", "state": "PA", "area-code": "570"}, {"id": "1d36742e3f24f50e4e7ae82801fe9bd2", "number": "7164066291", "date": "2021-01-21 16:36:00", "subject": "2", "recorded-or-robo": "Y", "city": "Lawrenceville", "state": "PA", "area-code": "570"}, {"id": "3decc6bfadaa436a105714c6ba689398", "number": "5099191835", "date": "2021-01-19 15:35:00", "subject": "2", "recorded-or-robo": "", "city": "Spokane Valley", "state": "WA", "area-code": "509"}, {"id": "1d36742e3f24f50e4e7ae82801fe95ba", "number": "5099191835", "date": "2021-01-19 15:35:00", "subject": "2", "recorded-or-robo": "", "city": "Spokane Valley", "state": "WA", "area-code": "509"}, {"id": "3decc6bfadaa436a105714c6ba68922f", "number": "7184999810", "date": "2021-01-23 12:33:00", "subject": "11", "recorded-or-robo": "N", "city": "", "state": "NY", "area-code": "718"}, {"id": "1d36742e3f24f50e4e7ae82801fe85ef", "number": "7184999810", "date": "2021-01-23 12:33:00", "subject": "11", "recorded-or-robo": "N", "city": "", "state": "NY", "area-code": "718"}, {"id": "3decc6bfadaa436a105714c6ba688b7a", "number": "3145508575", "date": "2021-01-23 18:56:00", "subject": "2", "recorded-or-robo": "Y", "city": "Wentzville", "state": "MO", "area-code": "314"}, {"id": "1d36742e3f24f50e4e7ae82801fe831f", "number": "3145508575", "date": "2021-01-23 18:56:00", "subject": "2", "recorded-or-robo": "Y", "city": "Wentzville", "state": "MO", "area-code": "314"}, {"id": "3decc6bfadaa436a105714c6ba68884f", "number": "7164066291", "date": "2021-01-22 10:34:00", "subject": "2", "recorded-or-robo": "Y", "city": "Lawrenceville", "state": "PA", "area-code": "570"}, {"id": "1d36742e3f24f50e4e7ae82801fe8098", "number": "7164066291", "date": "2021-01-22 10:34:00", "subject": "2", "recorded-or-robo": "Y", "city": "Lawrenceville", "state": "PA", "area-code": "570"}, {"id": "3decc6bfadaa436a105714c6ba6879aa", "number": "7164066291", "date": "2021-01-23 09:41:00", "subject": "2", "recorded-or-robo": "Y", "city": "Lawrenceville", "state": "PA", "area-code": "570"}, {"id": "1d36742e3f24f50e4e7ae82801fe7b97", "number": "7164066291", "date": "2021-01-23 09:41:00", "subject": "2", "recorded-or-robo": "Y", "city": "Lawrenceville", "state": "PA", "area-code": "570"}, {"id": "3decc6bfadaa436a105714c6ba6873d2", "number": "3033211634", "date": "2021-01-21 14:34:00", "subject": "0", "recorded-or-robo": "N", "city": "Evergreen", "state": "CO", "area-code": "303"}, {"id": "1d36742e3f24f50e4e7ae82801fe6e1b", "number": "3033211634", "date": "2021-01-21 14:34:00", "subject": "0", "recorded-or-robo": "N", "city": "Evergreen", "state": "CO", "area-code": "303"}]}