{"data": [{"id": "3decc6bfadaa436a105714c6ba69b12d", "number": "5092037387", "date": "2021-01-22 12:26:00", "subject": "2", "recorded-or-robo": "", "city": "Spokane Valley", "state": "WA", "area-code": "509"}, {"id": "1d36742e3f24f50e4e7ae82801ff9f78", "number": "5092037387", "date": "2021-01-22 12:26:00", "subject": "2", "recorded-or-robo": "", "city": "Spokane Valley", "state": "WA", "area-code": "509"}, {"id": "3decc6bfadaa436a105714c6ba81d537", "number": "+13108175469", "date": "2021-01-23 20:41:37", "subject": "3", "recorded-or-robo": "Y", "city": "", "state": "CA", "area-code": "310"}, {"id": "03e293b3df9e35eadf15c56119183e57", "number": "+13108175469", "date": "2021-01-23 20:41:37", "subject": "3", "recorded-or-robo": "Y", "city": "", "state": "CA", "area-code": "310"}, {"id": "3decc6bfadaa436a105714c6ba81a620", "number": "+18434481434", "date": "2021-01-23 20:41:36", "subject": "3", "recorded-or-robo": "N", "city": "", "state": "SC", "area-code": "843"}, {"id": "03e293b3df9e35eadf15c56119181b4d", "number": "+18434481434", "date": "2021-01-23 20:41:36", "subject": "3", "recorded-or-robo": "N", "city": "", "state": "SC", "area-code": "843"}, {"id": "3decc6bfadaa436a105714c6ba69adcb", "number": "7573897810", "date": "2021-01-22 12:14:00", "subject": "2", "recorded-or-robo": "", "city": "Spokane Valley", "state": "WA", "area-code": "509"}, {"id": "1d36742e3f24f50e4e7ae82801ff953a", "number": "7573897810", "date": "2021-01-22 12:14:00", "subject": "2", "recorded-or-robo": "", "city": "Spokane Valley", "state": "WA", "area-code": "509"}, {"id": "3decc6bfadaa436a105714c6ba69a0c4", "number": "2149837412", "date": "2021-01-20 10:58:00", "subject": "4", "recorded-or-robo": "Y", "city": "Garland", "state": "TX", "area-code": "214"}, {"id": "1d36742e3f24f50e4e7ae82801ff8b2d", "number": "2149837412", "date": "2021-01-20 10:58:00", "subject": "4", "recorded-or-robo": "Y", "city": "Garland", "state": "TX", "area-code": "214"}, {"id": "3decc6bfadaa436a105714c6ba81b52d", "number": "+13108194485", "date": "2021-01-23 20:41:14", "subject": "3", "recorded-or-robo": "Y", "city": "", "state": "CA", "area-code": "310"}, {"id": "03e293b3df9e35eadf15c56119182398", "number": "+13108194485", "date": "2021-01-23 20:41:14", "subject": "3", "recorded-or-robo": "Y", "city": "", "state": "CA", "area-code": "310"}, {"id": "3decc6bfadaa436a105714c6ba699529", "number": "6602817979", "date": "2021-01-23 00:00:00", "subject": "2", "recorded-or-robo": "Y", "city": "Cole  camp", "state": "MO", "area-code": "660"}, {"id": "1d36742e3f24f50e4e7ae82801ff7cf4", "number": "6602817979", "date": "2021-01-23 00:00:00", "subject": "2", "recorded-or-robo": "Y", "city": "Cole  camp", "state": "MO", "area-code": "660"}, {"id": "3decc6bfadaa436a105714c6ba6993b3", "number": "5099287831", "date": "2021-01-22 10:49:00", "subject": "2", "recorded-or-robo": "", "city": "Spokane Valley", "state": "WA", "area-code": "509"}, {"id": "1d36742e3f24f50e4e7ae82801ff6fed", "number": "5099287831", "date": "2021-01-22 10:49:00", "subject": "2", "recorded-or-robo": "", "city": "Spokane Valley", "state": "WA", "area-code": "509"}, {"id": "3decc6bfadaa436a105714c6ba698e59", "number": "9722913869", "date": "2021-01-23 11:10:00", "subject": "2", "recorded-or-robo": "N", "city": "Cedar Hill", "state": "TX", "area-code": "972"}, {"id": "1d36742e3f24f50e4e7ae82801ff6fc6", "number": "9722913869", "date": "2021-01-23 11:10:00", "subject": "2", "recorded-or-robo": "N", "city": "Cedar Hill", "state": "TX", "area-code": "972"}, {"id": "3decc6bfadaa436a105714c6ba698054", "number": "9723672083", "date": "2021-01-22 08:27:00", "subject": "2", "recorded-or-robo": "", "city": "Spokane Valley", "state": "WA", "area-code": "509"}, {"id": "1d36742e3f24f50e4e7ae82801ff6a32", "number": "9723672083", "date": "2021-01-22 08:27:00", "subject": "2", "recorded-or-robo": "", "city": "Spokane Valley", "state": "WA", "area-code": "509"}, {"id": "3decc6bfadaa436a105714c6ba81cae4", "number": "+19563000127", "date": "2021-01-23 20:39:17", "subject": "3", "recorded-or-robo": "Y", "city": "", "state": "TX", "area-code": "832"}, {"id": "03e293b3df9e35eadf15c561191830fe", "number": "+19563000127", "date": "2021-01-23 20:39:17", "subject": "3", "recorded-or-robo": "Y", "city": "", "state": "TX", "area-code": "832"}, {"id": "3decc6bfadaa436a105714c6ba6975fc", "number": "", "date": "2021-01-23 12:00:00", "subject": "2", "recorded-or-robo": "Y", "city": "Bogalusa", "state": "LA", "area-code": "985"}, {"id": "1d36742e3f24f50e4e7ae82801ff683e", "number": "", "date": "2021-01-23 12:00:00", "subject": "2", "recorded-or-robo": "Y", "city": "Bogalusa", "state": "LA", "area-code": "985"}, {"id": "3decc6bfadaa436a105714c6ba69637a", "number": "", "date": "2021-01-22 17:03:00", "subject": "3", "recorded-or-robo": "N", "city": "", "state": "NJ", "area-code": "732"}, {"id": "1d36742e3f24f50e4e7ae82801ff4d26", "number": "", "date": "2021-01-22 17:03:00", "subject": "3", "recorded-or-robo": "N", "city": "", "state": "NJ", "area-code": "732"}, {"id": "3decc6bfadaa436a105714c6ba697144", "number": "1", "date": "2021-01-23 12:00:00", "subject": "2", "recorded-or-robo": "Y", "city": "Suffolk", "state": "VA", "area-code": "757"}, {"id": "1d36742e3f24f50e4e7ae82801ff6696", "number": "1", "date": "2021-01-23 12:00:00", "subject": "2", "recorded-or-robo": "Y", "city": "Suffolk", "state": "VA", "area-code": "757"}, {"id": "3decc6bfadaa436a105714c6ba696b50", "number": "5092154067", "date": "2021-01-22 08:00:00", "subject": "2", "recorded-or-robo": "", "city": "Spokane Valley", "state": "WA", "area-code": "509"}, {"id": "1d36742e3f24f50e4e7ae82801ff5933", "number": "5092154067", "date": "2021-01-22 08:00:00", "subject": "2", "recorded-or-robo": "", "city": "Spokane Valley", "state": "WA", "area-code": "509"}, {"id": "3decc6bfadaa436a105714c6ba696277", "number": "3107657946", "date": "2021-01-21 13:30:00", "subject": "2", "recorded-or-robo": "", "city": "Spokane Valley", "state": "WA", "area-code": "509"}, {"id": "1d36742e3f24f50e4e7ae82801ff424b", "number": "3107657946", "date": "2021-01-21 13:30:00", "subject": "2", "recorded-or-robo": "", "city": "Spokane Valley", "state": "WA", "area-code": "509"}, {"id": "3decc6bfadaa436a105714c6ba81d9c5", "number": "+18884230900", "date": "2021-01-23 20:37:46", "subject": "3", "recorded-or-robo": "Y", "city": "", "state": "MD", "area-code": "443"}, {"id": "03e293b3df9e35eadf15c561191845e4", "number": "+18884230900", "date": "2021-01-23 20:37:46", "subject": "3", "recorded-or-robo": "Y", "city": "", "state": "MD", "area-code": "443"}, {"id": "3decc6bfadaa436a105714c6ba695c61", "number": "8556780239", "date": "2021-01-23 17:21:00", "subject": "11", "recorded-or-robo": "Y", "city": "Spokane", "state": "WA", "area-code": "509"}, {"id": "1d36742e3f24f50e4e7ae82801ff4101", "number": "8556780239", "date": "2021-01-23 17:21:00", "subject": "11", "recorded-or-robo": "Y", "city": "Spokane", "state": "WA", "area-code": "509"}, {"id": "3decc6bfadaa436a105714c6ba691b8f", "number": "4237277508", "date": "2021-01-23 15:18:00", "subject": "3", "recorded-or-robo": "N", "city": "", "state": "TN", "area-code": "423"}, {"id": "1d36742e3f24f50e4e7ae82801ff03e5", "number": "4237277508", "date": "2021-01-23 15:18:00", "subject": "3", "recorded-or-robo": "N", "city": "", "state": "TN", "area-code": "423"}, {"id": "3decc6bfadaa436a105714c6ba695211", "number": "5092037387", "date": "2021-01-21 08:41:00", "subject": "2", "recorded-or-robo": "", "city": "Spokane Valley", "state": "WA", "area-code": "509"}, {"id": "1d36742e3f24f50e4e7ae82801ff4019", "number": "5092037387", "date": "2021-01-21 08:41:00", "subject": "2", "recorded-or-robo": "", "city": "Spokane Valley", "state": "WA", "area-code": "509"}, {"id": "3decc6bfadaa436a105714c6ba6949f2", "number": "2699416076", "date": "2021-01-13 12:36:00", "subject": "2", "recorded-or-robo": "Y", "city": "Lawrenceville", "state": "PA", "area-code": "570"}, {"id": "1d36742e3f24f50e4e7ae82801ff3dc2", "number": "2699416076", "date": "2021-01-13 12:36:00", "subject": "2", "recorded-or-robo": "Y", "city": "Lawrenceville", "state": "PA", "area-code": "570"}, {"id": "3decc6bfadaa436a105714c6ba81bd29", "number": "2055777256", "date": "2021-01-23 20:36:25", "subject": "3", "recorded-or-robo": "Y", "city": "", "state": "TX", "area-code": "832"}, {"id": "03e293b3df9e35eadf15c561191829b5", "number": "2055777256", "date": "2021-01-23 20:36:25", "subject": "3", "recorded-or-robo": "Y", "city": "", "state": "TX", "area-code": "832"}, {"id": "3decc6bfadaa436a105714c6ba694631", "number": "3152328257", "date": "2021-01-23 19:29:00", "subject": "11", "recorded-or-robo": "Y", "city": "MARYLAND HEIGHTS", "state": "MO", "area-code": "314"}, {"id": "1d36742e3f24f50e4e7ae82801ff2ee1", "number": "3152328257", "date": "2021-01-23 19:29:00", "subject": "11", "recorded-or-robo": "Y", "city": "MARYLAND HEIGHTS", "state": "MO", "area-code": "314"}, {"id": "3decc6bfadaa436a105714c6ba694491", "number": "9166478423", "date": "2021-01-23 17:26:00", "subject": "2", "recorded-or-robo": "N", "city": "North Highlands", "state": "CA", "area-code": "916"}, {"id": "1d36742e3f24f50e4e7ae82801ff28b1", "number": "9166478423", "date": "2021-01-23 17:26:00", "subject": "2", "recorded-or-robo": "N", "city": "North Highlands", "state": "CA", "area-code": "916"}, {"id": "3decc6bfadaa436a105714c6ba694481", "number": "", "date": "2021-01-23 17:00:00", "subject": "2", "recorded-or-robo": "Y", "city": "", "state": "WA", "area-code": "425"}, {"id": "1d36742e3f24f50e4e7ae82801ff2042", "number": "", "date": "2021-01-23 17:00:00", "subject": "2", "recorded-or-robo": "Y", "city": "", "state": "WA", "area-code": "425"}]}