{"data": [{"id": "3decc6bfadaa436a105714c6bacca2a9", "number": "8143634504", "date": "2021-01-21 15:43:00", "subject": "2", "recorded-or-robo": "Y", "city": "Altoona", "state": "PA", "area-code": "814"}, {"id": "03e293b3df9e35eadf15c561196301a0", "number": "8143634504", "date": "2021-01-21 15:43:00", "subject": "2", "recorded-or-robo": "Y", "city": "Altoona", "state": "PA", "area-code": "814"}, {"id": "3decc6bfadaa436a105714c6bacca2a8", "number": "9137214723", "date": "2021-01-21 15:10:00", "subject": "2", "recorded-or-robo": "", "city": "", "state": "KS", "area-code": "316"}, {"id": "03e293b3df9e35eadf15c5611962f6ca", "number": "9137214723", "date": "2021-01-21 15:10:00", "subject": "2", "recorded-or-robo": "", "city": "", "state": "KS", "area-code": "316"}, {"id": "3decc6bfadaa436a105714c6bacca06c", "number": "8562121143", "date": "2021-01-23 19:19:00", "subject": "0", "recorded-or-robo": "Y", "city": "Vineland", "state": "NJ", "area-code": "856"}, {"id": "03e293b3df9e35eadf15c5611962f4ef", "number": "8562121143", "date": "2021-01-23 19:19:00", "subject": "0", "recorded-or-robo": "Y", "city": "Vineland", "state": "NJ", "area-code": "856"}, {"id": "3decc6bfadaa436a105714c6bacc9c36", "number": "", "date": "2021-01-14 00:00:00", "subject": "0", "recorded-or-robo": "Y", "city": "", "state": "CA", "area-code": "559"}, {"id": "03e293b3df9e35eadf15c5611962ed72", "number": "", "date": "2021-01-14 00:00:00", "subject": "0", "recorded-or-robo": "Y", "city": "", "state": "CA", "area-code": "559"}, {"id": "3decc6bfadaa436a105714c6bacc996c", "number": "8148803556", "date": "2021-01-19 14:46:00", "subject": "2", "recorded-or-robo": "Y", "city": "Altoona", "state": "PA", "area-code": "814"}, {"id": "03e293b3df9e35eadf15c5611962ec4e", "number": "8148803556", "date": "2021-01-19 14:46:00", "subject": "2", "recorded-or-robo": "Y", "city": "Altoona", "state": "PA", "area-code": "814"}, {"id": "3decc6bfadaa436a105714c6bacc96c0", "number": "7542261287", "date": "2021-01-21 14:00:00", "subject": "2", "recorded-or-robo": "", "city": "", "state": "KS", "area-code": "316"}, {"id": "03e293b3df9e35eadf15c5611962e6af", "number": "7542261287", "date": "2021-01-21 14:00:00", "subject": "2", "recorded-or-robo": "", "city": "", "state": "KS", "area-code": "316"}, {"id": "3decc6bfadaa436a105714c6bacc9494", "number": "5092552325", "date": "2021-01-24 16:08:00", "subject": "2", "recorded-or-robo": "Y", "city": "Liberty Lake", "state": "WA", "area-code": "509"}, {"id": "03e293b3df9e35eadf15c5611962df48", "number": "5092552325", "date": "2021-01-24 16:08:00", "subject": "2", "recorded-or-robo": "Y", "city": "Liberty Lake", "state": "WA", "area-code": "509"}, {"id": "3decc6bfadaa436a105714c6bacc899e", "number": "8556782449", "date": "2021-01-24 19:45:00", "subject": "11", "recorded-or-robo": "Y", "city": "homosassa", "state": "FL", "area-code": "352"}, {"id": "03e293b3df9e35eadf15c5611962d2ae", "number": "8556782449", "date": "2021-01-24 19:45:00", "subject": "11", "recorded-or-robo": "Y", "city": "homosassa", "state": "FL", "area-code": "352"}, {"id": "3decc6bfadaa436a105714c6bacc79ec", "number": "8149615170", "date": "2021-01-19 09:59:00", "subject": "2", "recorded-or-robo": "Y", "city": "Altoona", "state": "PA", "area-code": "814"}, {"id": "03e293b3df9e35eadf15c5611962d182", "number": "8149615170", "date": "2021-01-19 09:59:00", "subject": "2", "recorded-or-robo": "Y", "city": "Altoona", "state": "PA", "area-code": "814"}, {"id": "3decc6bfadaa436a105714c6bacc6fac", "number": "4149438503", "date": "2021-01-24 18:46:00", "subject": "11", "recorded-or-robo": "Y", "city": "West Allis", "state": "WI", "area-code": "414"}, {"id": "03e293b3df9e35eadf15c5611962ce3d", "number": "4149438503", "date": "2021-01-24 18:46:00", "subject": "11", "recorded-or-robo": "Y", "city": "West Allis", "state": "WI", "area-code": "414"}, {"id": "3decc6bfadaa436a105714c6bacc6681", "number": "7275255381", "date": "2021-01-24 19:42:00", "subject": "1", "recorded-or-robo": "Y", "city": "St. Petersburg", "state": "FL", "area-code": "727"}, {"id": "03e293b3df9e35eadf15c5611962ce19", "number": "7275255381", "date": "2021-01-24 19:42:00", "subject": "1", "recorded-or-robo": "Y", "city": "St. Petersburg", "state": "FL", "area-code": "727"}, {"id": "3decc6bfadaa436a105714c6bacc5b60", "number": "7035895525", "date": "2021-01-21 11:14:00", "subject": "2", "recorded-or-robo": "Y", "city": "Alexandria", "state": "VA", "area-code": "703"}, {"id": "03e293b3df9e35eadf15c5611962c755", "number": "7035895525", "date": "2021-01-21 11:14:00", "subject": "2", "recorded-or-robo": "Y", "city": "Alexandria", "state": "VA", "area-code": "703"}, {"id": "3decc6bfadaa436a105714c6bacc595d", "number": "7852434723", "date": "2021-01-21 13:41:00", "subject": "2", "recorded-or-robo": "", "city": "", "state": "KS", "area-code": "316"}, {"id": "03e293b3df9e35eadf15c5611962bf04", "number": "7852434723", "date": "2021-01-21 13:41:00", "subject": "2", "recorded-or-robo": "", "city": "", "state": "KS", "area-code": "316"}, {"id": "3decc6bfadaa436a105714c6bacc5922", "number": "", "date": "2021-01-21 00:00:00", "subject": "4", "recorded-or-robo": "Y", "city": "", "state": "CA", "area-code": "559"}, {"id": "03e293b3df9e35eadf15c5611962b00d", "number": "", "date": "2021-01-21 00:00:00", "subject": "4", "recorded-or-robo": "Y", "city": "", "state": "CA", "area-code": "559"}, {"id": "3decc6bfadaa436a105714c6bacc5320", "number": "6077615797", "date": "2021-01-24 02:00:00", "subject": "2", "recorded-or-robo": "N", "city": "APALACHIN", "state": "NY", "area-code": "607"}, {"id": "03e293b3df9e35eadf15c5611962ad3d", "number": "6077615797", "date": "2021-01-24 02:00:00", "subject": "2", "recorded-or-robo": "N", "city": "APALACHIN", "state": "NY", "area-code": "607"}, {"id": "3decc6bfadaa436a105714c6bacc4f06", "number": "3023875653", "date": "2021-01-24 11:44:00", "subject": "2", "recorded-or-robo": "N", "city": "Aledo", "state": "IL", "area-code": "309"}, {"id": "03e293b3df9e35eadf15c5611962a9b1", "number": "3023875653", "date": "2021-01-24 11:44:00", "subject": "2", "recorded-or-robo": "N", "city": "Aledo", "state": "IL", "area-code": "309"}, {"id": "3decc6bfadaa436a105714c6bacc47f7", "number": "2892325723", "date": "2021-01-20 13:33:00", "subject": "2", "recorded-or-robo": "", "city": "", "state": "KS", "area-code": "316"}, {"id": "03e293b3df9e35eadf15c5611962a578", "number": "2892325723", "date": "2021-01-20 13:33:00", "subject": "2", "recorded-or-robo": "", "city": "", "state": "KS", "area-code": "316"}, {"id": "3decc6bfadaa436a105714c6bacc2ad3", "number": "8556782940", "date": "2021-01-24 00:00:00", "subject": "3", "recorded-or-robo": "", "city": "", "state": "MO", "area-code": "660"}, {"id": "03e293b3df9e35eadf15c561196283ec", "number": "8556782940", "date": "2021-01-24 00:00:00", "subject": "3", "recorded-or-robo": "", "city": "", "state": "MO", "area-code": "660"}, {"id": "3decc6bfadaa436a105714c6bacc3daa", "number": "3167684723", "date": "2021-01-20 13:33:00", "subject": "2", "recorded-or-robo": "", "city": "", "state": "KS", "area-code": "316"}, {"id": "03e293b3df9e35eadf15c5611962996a", "number": "3167684723", "date": "2021-01-20 13:33:00", "subject": "2", "recorded-or-robo": "", "city": "", "state": "KS", "area-code": "316"}, {"id": "3decc6bfadaa436a105714c6bacc382c", "number": "", "date": "2021-01-21 19:11:00", "subject": "7", "recorded-or-robo": "Y", "city": "Woodcliff Lake", "state": "NJ", "area-code": "201"}, {"id": "03e293b3df9e35eadf15c56119628b6e", "number": "", "date": "2021-01-21 19:11:00", "subject": "7", "recorded-or-robo": "Y", "city": "Woodcliff Lake", "state": "NJ", "area-code": "201"}, {"id": "3decc6bfadaa436a105714c6bacc13d4", "number": "", "date": "2020-01-15 00:00:00", "subject": "3", "recorded-or-robo": "N", "city": "", "state": "VA", "area-code": "757"}, {"id": "03e293b3df9e35eadf15c561196264c0", "number": "", "date": "2020-01-15 00:00:00", "subject": "3", "recorded-or-robo": "N", "city": "", "state": "VA", "area-code": "757"}, {"id": "3decc6bfadaa436a105714c6bacc28d3", "number": "5853009258", "date": "2021-01-20 10:06:00", "subject": "2", "recorded-or-robo": "", "city": "", "state": "KS", "area-code": "316"}, {"id": "03e293b3df9e35eadf15c56119628288", "number": "5853009258", "date": "2021-01-20 10:06:00", "subject": "2", "recorded-or-robo": "", "city": "", "state": "KS", "area-code": "316"}, {"id": "3decc6bfadaa436a105714c6bacc27e3", "number": "8556784872", "date": "2021-01-24 18:40:00", "subject": "2", "recorded-or-robo": "Y", "city": "Carol Stream", "state": "IL", "area-code": "630"}, {"id": "03e293b3df9e35eadf15c561196277ff", "number": "8556784872", "date": "2021-01-24 18:40:00", "subject": "2", "recorded-or-robo": "Y", "city": "Carol Stream", "state": "IL", "area-code": "630"}, {"id": "3decc6bfadaa436a105714c6bacc1abf", "number": "4149434092", "date": "2021-01-24 18:34:00", "subject": "11", "recorded-or-robo": "Y", "city": "West Allis", "state": "WI", "area-code": "414"}, {"id": "03e293b3df9e35eadf15c5611962693d", "number": "4149434092", "date": "2021-01-24 18:34:00", "subject": "11", "recorded-or-robo": "Y", "city": "West Allis", "state": "WI", "area-code": "414"}, {"id": "3decc6bfadaa436a105714c6bacc0fce", "number": "3021023875", "date": "2021-01-24 09:56:00", "subject": "2", "recorded-or-robo": "N", "city": "Aledo", "state": "IL", "area-code": "309"}, {"id": "03e293b3df9e35eadf15c561196254e5", "number": "3021023875", "date": "2021-01-24 09:56:00", "subject": "2", "recorded-or-robo": "N", "city": "Aledo", "state": "IL", "area-code": "309"}]}