{"data": [{"id": "3decc6bfadaa436a105714c6bad7b940", "number": "8006596378", "date": "2021-01-23 18:12:00", "subject": "2", "recorded-or-robo": "Y", "city": "Brooklyn", "state": "NY", "area-code": "718"}, {"id": "03e293b3df9e35eadf15c561196d6caf", "number": "8006596378", "date": "2021-01-23 18:12:00", "subject": "2", "recorded-or-robo": "Y", "city": "Brooklyn", "state": "NY", "area-code": "718"}, {"id": "3decc6bfadaa436a105714c6bad7b30c", "number": "7273722611", "date": "2021-01-24 14:30:00", "subject": "11", "recorded-or-robo": "Y", "city": "Trinity", "state": "FL", "area-code": "727"}, {"id": "03e293b3df9e35eadf15c561196d5f68", "number": "7273722611", "date": "2021-01-24 14:30:00", "subject": "11", "recorded-or-robo": "Y", "city": "Trinity", "state": "FL", "area-code": "727"}, {"id": "3decc6bfadaa436a105714c6bad7a800", "number": "4012058942", "date": "2021-01-09 00:00:00", "subject": "3", "recorded-or-robo": "Y", "city": "", "state": "RI", "area-code": "401"}, {"id": "03e293b3df9e35eadf15c561196d5622", "number": "4012058942", "date": "2021-01-09 00:00:00", "subject": "3", "recorded-or-robo": "Y", "city": "", "state": "RI", "area-code": "401"}, {"id": "3decc6bfadaa436a105714c6bad79e27", "number": "2066140073", "date": "2021-01-24 16:08:00", "subject": "0", "recorded-or-robo": "N", "city": "Normandy Park", "state": "WA", "area-code": "206"}, {"id": "03e293b3df9e35eadf15c561196d551e", "number": "2066140073", "date": "2021-01-24 16:08:00", "subject": "0", "recorded-or-robo": "N", "city": "Normandy Park", "state": "WA", "area-code": "206"}, {"id": "3decc6bfadaa436a105714c6bad79647", "number": "7372259563", "date": "2021-01-09 13:00:00", "subject": "3", "recorded-or-robo": "Y", "city": "", "state": "RI", "area-code": "401"}, {"id": "03e293b3df9e35eadf15c561196d5142", "number": "7372259563", "date": "2021-01-09 13:00:00", "subject": "3", "recorded-or-robo": "Y", "city": "", "state": "RI", "area-code": "401"}, {"id": "3decc6bfadaa436a105714c6bad795b3", "number": "8045067024", "date": "2021-01-09 00:00:00", "subject": "3", "recorded-or-robo": "Y", "city": "", "state": "RI", "area-code": "401"}, {"id": "03e293b3df9e35eadf15c561196d4c58", "number": "8045067024", "date": "2021-01-09 00:00:00", "subject": "3", "recorded-or-robo": "Y", "city": "", "state": "RI", "area-code": "401"}, {"id": "3decc6bfadaa436a105714c6bad78f5c", "number": "7273725020", "date": "2021-01-24 14:21:00", "subject": "11", "recorded-or-robo": "Y", "city": "Trinity", "state": "FL", "area-code": "727"}, {"id": "03e293b3df9e35eadf15c561196d45d3", "number": "7273725020", "date": "2021-01-24 14:21:00", "subject": "11", "recorded-or-robo": "Y", "city": "Trinity", "state": "FL", "area-code": "727"}, {"id": "3decc6bfadaa436a105714c6bad78cfc", "number": "7046315696", "date": "2021-01-09 13:00:00", "subject": "2", "recorded-or-robo": "Y", "city": "", "state": "RI", "area-code": "401"}, {"id": "03e293b3df9e35eadf15c561196d380a", "number": "7046315696", "date": "2021-01-09 13:00:00", "subject": "2", "recorded-or-robo": "Y", "city": "", "state": "RI", "area-code": "401"}, {"id": "3decc6bfadaa436a105714c6bad78ceb", "number": "2066140116", "date": "2021-01-24 14:53:00", "subject": "0", "recorded-or-robo": "N", "city": "Normandy Park", "state": "WA", "area-code": "206"}, {"id": "03e293b3df9e35eadf15c561196d3402", "number": "2066140116", "date": "2021-01-24 14:53:00", "subject": "0", "recorded-or-robo": "N", "city": "Normandy Park", "state": "WA", "area-code": "206"}, {"id": "3decc6bfadaa436a105714c6bad78bf4", "number": "7273721084", "date": "2021-01-24 14:14:00", "subject": "11", "recorded-or-robo": "Y", "city": "Trinity", "state": "FL", "area-code": "727"}, {"id": "03e293b3df9e35eadf15c561196d2d99", "number": "7273721084", "date": "2021-01-24 14:14:00", "subject": "11", "recorded-or-robo": "Y", "city": "Trinity", "state": "FL", "area-code": "727"}, {"id": "3decc6bfadaa436a105714c6bad7837b", "number": "2486172039", "date": "2021-01-09 13:00:00", "subject": "0", "recorded-or-robo": "Y", "city": "", "state": "RI", "area-code": "401"}, {"id": "03e293b3df9e35eadf15c561196d2535", "number": "2486172039", "date": "2021-01-09 13:00:00", "subject": "0", "recorded-or-robo": "Y", "city": "", "state": "RI", "area-code": "401"}, {"id": "3decc6bfadaa436a105714c6bad77905", "number": "8605063562", "date": "2021-01-24 20:25:00", "subject": "2", "recorded-or-robo": "Y", "city": "Luverne", "state": "MN", "area-code": "507"}, {"id": "03e293b3df9e35eadf15c561196d1ac3", "number": "8605063562", "date": "2021-01-24 20:25:00", "subject": "2", "recorded-or-robo": "Y", "city": "Luverne", "state": "MN", "area-code": "507"}, {"id": "3decc6bfadaa436a105714c6bad76b5c", "number": "4133453183", "date": "2021-01-09 13:00:00", "subject": "2", "recorded-or-robo": "Y", "city": "", "state": "RI", "area-code": "401"}, {"id": "03e293b3df9e35eadf15c561196d13e7", "number": "4133453183", "date": "2021-01-09 13:00:00", "subject": "2", "recorded-or-robo": "Y", "city": "", "state": "RI", "area-code": "401"}, {"id": "3decc6bfadaa436a105714c6bad769c1", "number": "4092421858", "date": "2021-01-23 10:32:00", "subject": "2", "recorded-or-robo": "N", "city": "El cajon", "state": "CA", "area-code": "619"}, {"id": "03e293b3df9e35eadf15c561196d0fff", "number": "4092421858", "date": "2021-01-23 10:32:00", "subject": "2", "recorded-or-robo": "N", "city": "El cajon", "state": "CA", "area-code": "619"}, {"id": "3decc6bfadaa436a105714c6bad76731", "number": "5714984982", "date": "2021-01-09 13:00:00", "subject": "2", "recorded-or-robo": "Y", "city": "", "state": "RI", "area-code": "401"}, {"id": "03e293b3df9e35eadf15c561196d0479", "number": "5714984982", "date": "2021-01-09 13:00:00", "subject": "2", "recorded-or-robo": "Y", "city": "", "state": "RI", "area-code": "401"}, {"id": "3decc6bfadaa436a105714c6bad7582f", "number": "7273727829", "date": "2021-01-24 14:07:00", "subject": "11", "recorded-or-robo": "Y", "city": "Trinity", "state": "FL", "area-code": "727"}, {"id": "03e293b3df9e35eadf15c561196d0402", "number": "7273727829", "date": "2021-01-24 14:07:00", "subject": "11", "recorded-or-robo": "Y", "city": "Trinity", "state": "FL", "area-code": "727"}, {"id": "3decc6bfadaa436a105714c6bad753b4", "number": "6193500998", "date": "2021-01-23 09:16:00", "subject": "2", "recorded-or-robo": "Y", "city": "El cajon", "state": "CA", "area-code": "619"}, {"id": "03e293b3df9e35eadf15c561196d01d9", "number": "6193500998", "date": "2021-01-23 09:16:00", "subject": "2", "recorded-or-robo": "Y", "city": "El cajon", "state": "CA", "area-code": "619"}, {"id": "3decc6bfadaa436a105714c6bad74404", "number": "3143170189", "date": "2021-01-22 20:47:00", "subject": "1", "recorded-or-robo": "Y", "city": "Edmond", "state": "OK", "area-code": "405"}, {"id": "03e293b3df9e35eadf15c561196cf6d5", "number": "3143170189", "date": "2021-01-22 20:47:00", "subject": "1", "recorded-or-robo": "Y", "city": "Edmond", "state": "OK", "area-code": "405"}, {"id": "3decc6bfadaa436a105714c6bad740a9", "number": "302661904", "date": "2021-01-14 11:12:00", "subject": "1", "recorded-or-robo": "Y", "city": "Spartanburg", "state": "SC", "area-code": "864"}, {"id": "03e293b3df9e35eadf15c561196ce982", "number": "302661904", "date": "2021-01-14 11:12:00", "subject": "1", "recorded-or-robo": "Y", "city": "Spartanburg", "state": "SC", "area-code": "864"}, {"id": "3decc6bfadaa436a105714c6bad73cac", "number": "8135032260", "date": "2021-01-24 15:41:00", "subject": "1", "recorded-or-robo": "Y", "city": "Land O Lakes", "state": "FL", "area-code": "813"}, {"id": "03e293b3df9e35eadf15c561196cdf39", "number": "8135032260", "date": "2021-01-24 15:41:00", "subject": "1", "recorded-or-robo": "Y", "city": "Land O Lakes", "state": "FL", "area-code": "813"}, {"id": "3decc6bfadaa436a105714c6bad72e1f", "number": "4053854197", "date": "2021-01-23 09:19:00", "subject": "2", "recorded-or-robo": "N", "city": "Edmond", "state": "OK", "area-code": "405"}, {"id": "3decc6bfadaa436a105714c6bad72a7d", "number": "4793390716", "date": "2021-01-24 17:01:00", "subject": "8", "recorded-or-robo": "Y", "city": "", "state": "AR", "area-code": "479"}, {"id": "03e293b3df9e35eadf15c561196cd393", "number": "4053854197", "date": "2021-01-23 09:19:00", "subject": "2", "recorded-or-robo": "N", "city": "Edmond", "state": "OK", "area-code": "405"}, {"id": "03e293b3df9e35eadf15c561196cd2f8", "number": "4793390716", "date": "2021-01-24 17:01:00", "subject": "8", "recorded-or-robo": "Y", "city": "", "state": "AR", "area-code": "479"}, {"id": "3decc6bfadaa436a105714c6bad71d99", "number": "3214458872", "date": "2021-01-23 15:29:00", "subject": "1", "recorded-or-robo": "Y", "city": "Edmond", "state": "OK", "area-code": "405"}, {"id": "03e293b3df9e35eadf15c561196cc506", "number": "3214458872", "date": "2021-01-23 15:29:00", "subject": "1", "recorded-or-robo": "Y", "city": "Edmond", "state": "OK", "area-code": "405"}, {"id": "3decc6bfadaa436a105714c6bad71545", "number": "3152328257", "date": "2021-01-22 12:00:00", "subject": "11", "recorded-or-robo": "Y", "city": "O Fallon", "state": "MO", "area-code": "636"}, {"id": "03e293b3df9e35eadf15c561196cc4d2", "number": "3152328257", "date": "2021-01-22 12:00:00", "subject": "11", "recorded-or-robo": "Y", "city": "O Fallon", "state": "MO", "area-code": "636"}, {"id": "3decc6bfadaa436a105714c6bad71336", "number": "7273448013", "date": "2021-01-22 17:57:00", "subject": "0", "recorded-or-robo": "N", "city": "Trinity", "state": "FL", "area-code": "727"}, {"id": "03e293b3df9e35eadf15c561196cc154", "number": "7273448013", "date": "2021-01-22 17:57:00", "subject": "0", "recorded-or-robo": "N", "city": "Trinity", "state": "FL", "area-code": "727"}]}