{"data": [{"id": "3decc6bfadaa436a105714c6ba9c7441", "number": "5624049786", "date": "2021-01-24 00:00:00", "subject": "0", "recorded-or-robo": "Y", "city": "Cerritos", "state": "CA", "area-code": "562"}, {"id": "03e293b3df9e35eadf15c5611932fd31", "number": "5624049786", "date": "2021-01-24 00:00:00", "subject": "0", "recorded-or-robo": "Y", "city": "Cerritos", "state": "CA", "area-code": "562"}, {"id": "3decc6bfadaa436a105714c6ba9c7040", "number": "5099464978", "date": "2021-01-24 09:07:00", "subject": "2", "recorded-or-robo": "Y", "city": "Richland", "state": "WA", "area-code": "509"}, {"id": "03e293b3df9e35eadf15c5611932fccd", "number": "5099464978", "date": "2021-01-24 09:07:00", "subject": "2", "recorded-or-robo": "Y", "city": "Richland", "state": "WA", "area-code": "509"}, {"id": "3decc6bfadaa436a105714c6ba9c6c8c", "number": "2408087620", "date": "2021-01-21 18:15:00", "subject": "3", "recorded-or-robo": "", "city": "Fairfax Station", "state": "VA", "area-code": "703"}, {"id": "03e293b3df9e35eadf15c5611932f6d3", "number": "2408087620", "date": "2021-01-21 18:15:00", "subject": "3", "recorded-or-robo": "", "city": "Fairfax Station", "state": "VA", "area-code": "703"}, {"id": "3decc6bfadaa436a105714c6ba9c6bfe", "number": "2314991681", "date": "2021-01-24 12:16:00", "subject": "2", "recorded-or-robo": "Y", "city": "Kaleva", "state": "MI", "area-code": "231"}, {"id": "03e293b3df9e35eadf15c5611932f3f9", "number": "2314991681", "date": "2021-01-24 12:16:00", "subject": "2", "recorded-or-robo": "Y", "city": "Kaleva", "state": "MI", "area-code": "231"}, {"id": "3decc6bfadaa436a105714c6ba9c6251", "number": "2086863195", "date": "2021-01-22 11:07:00", "subject": "3", "recorded-or-robo": "", "city": "Fairfax Station", "state": "VA", "area-code": "703"}, {"id": "03e293b3df9e35eadf15c5611932e4d5", "number": "2086863195", "date": "2021-01-22 11:07:00", "subject": "3", "recorded-or-robo": "", "city": "Fairfax Station", "state": "VA", "area-code": "703"}, {"id": "3decc6bfadaa436a105714c6ba9c56bc", "number": "5747357261", "date": "2021-01-24 10:30:00", "subject": "2", "recorded-or-robo": "Y", "city": "Logansport", "state": "IN", "area-code": "574"}, {"id": "03e293b3df9e35eadf15c5611932e391", "number": "5747357261", "date": "2021-01-24 10:30:00", "subject": "2", "recorded-or-robo": "Y", "city": "Logansport", "state": "IN", "area-code": "574"}, {"id": "3decc6bfadaa436a105714c6ba9c4a9c", "number": "3019004551", "date": "2021-01-15 00:00:00", "subject": "2", "recorded-or-robo": "N", "city": "", "state": "MD", "area-code": "301"}, {"id": "03e293b3df9e35eadf15c5611932dc8f", "number": "3019004551", "date": "2021-01-15 00:00:00", "subject": "2", "recorded-or-robo": "N", "city": "", "state": "MD", "area-code": "301"}, {"id": "3decc6bfadaa436a105714c6ba9c3f50", "number": "2029304281", "date": "2021-01-22 13:10:00", "subject": "3", "recorded-or-robo": "", "city": "Fairfax Station", "state": "VA", "area-code": "703"}, {"id": "03e293b3df9e35eadf15c5611932d0bd", "number": "2029304281", "date": "2021-01-22 13:10:00", "subject": "3", "recorded-or-robo": "", "city": "Fairfax Station", "state": "VA", "area-code": "703"}, {"id": "3decc6bfadaa436a105714c6ba9c3a61", "number": "6062120352", "date": "2021-01-21 09:44:00", "subject": "15", "recorded-or-robo": "N", "city": "LOUISVILLE", "state": "KY", "area-code": "502"}, {"id": "03e293b3df9e35eadf15c5611932c6a7", "number": "6062120352", "date": "2021-01-21 09:44:00", "subject": "15", "recorded-or-robo": "N", "city": "LOUISVILLE", "state": "KY", "area-code": "502"}, {"id": "3decc6bfadaa436a105714c6ba9c3865", "number": "5099467376", "date": "2021-01-24 09:01:00", "subject": "2", "recorded-or-robo": "Y", "city": "Richland", "state": "WA", "area-code": "509"}, {"id": "03e293b3df9e35eadf15c5611932c12e", "number": "5099467376", "date": "2021-01-24 09:01:00", "subject": "2", "recorded-or-robo": "Y", "city": "Richland", "state": "WA", "area-code": "509"}, {"id": "3decc6bfadaa436a105714c6ba9c28ff", "number": "3019059177", "date": "2021-01-15 00:00:00", "subject": "2", "recorded-or-robo": "N", "city": "", "state": "MD", "area-code": "301"}, {"id": "03e293b3df9e35eadf15c5611932b7dd", "number": "3019059177", "date": "2021-01-15 00:00:00", "subject": "2", "recorded-or-robo": "N", "city": "", "state": "MD", "area-code": "301"}, {"id": "3decc6bfadaa436a105714c6ba9c1b5f", "number": "", "date": "2021-01-24 12:20:00", "subject": "3", "recorded-or-robo": "Y", "city": "", "state": "NC", "area-code": "704"}, {"id": "03e293b3df9e35eadf15c5611932b647", "number": "", "date": "2021-01-24 12:20:00", "subject": "3", "recorded-or-robo": "Y", "city": "", "state": "NC", "area-code": "704"}, {"id": "3decc6bfadaa436a105714c6ba9c1887", "number": "5715202589", "date": "2021-01-23 23:24:00", "subject": "3", "recorded-or-robo": "", "city": "Fairfax Station", "state": "VA", "area-code": "703"}, {"id": "03e293b3df9e35eadf15c5611932a9c6", "number": "5715202589", "date": "2021-01-23 23:24:00", "subject": "3", "recorded-or-robo": "", "city": "Fairfax Station", "state": "VA", "area-code": "703"}, {"id": "3decc6bfadaa436a105714c6ba9c0b48", "number": "3478449338", "date": "2021-01-21 16:56:00", "subject": "1", "recorded-or-robo": "Y", "city": "Fremont", "state": "NE", "area-code": "347"}, {"id": "03e293b3df9e35eadf15c5611932a378", "number": "3478449338", "date": "2021-01-21 16:56:00", "subject": "1", "recorded-or-robo": "Y", "city": "Fremont", "state": "NE", "area-code": "347"}, {"id": "3decc6bfadaa436a105714c6ba9bfdf0", "number": "", "date": "2021-01-24 00:00:00", "subject": "15", "recorded-or-robo": "N", "city": "Beaumont", "state": "TX", "area-code": "409"}, {"id": "03e293b3df9e35eadf15c561193296a0", "number": "", "date": "2021-01-24 00:00:00", "subject": "15", "recorded-or-robo": "N", "city": "Beaumont", "state": "TX", "area-code": "409"}, {"id": "3decc6bfadaa436a105714c6ba9bfb32", "number": "", "date": "2021-01-24 11:33:00", "subject": "2", "recorded-or-robo": "Y", "city": "Au Gres", "state": "MI", "area-code": "630"}, {"id": "03e293b3df9e35eadf15c5611932890c", "number": "", "date": "2021-01-24 11:33:00", "subject": "2", "recorded-or-robo": "Y", "city": "Au Gres", "state": "MI", "area-code": "630"}, {"id": "3decc6bfadaa436a105714c6ba9bf0b2", "number": "5016044362", "date": "2021-01-22 15:49:00", "subject": "3", "recorded-or-robo": "", "city": "Fairfax Station", "state": "VA", "area-code": "703"}, {"id": "3decc6bfadaa436a105714c6ba9be2c2", "number": "3019607077", "date": "2021-01-15 00:00:00", "subject": "2", "recorded-or-robo": "N", "city": "", "state": "MD", "area-code": "301"}, {"id": "03e293b3df9e35eadf15c5611932807b", "number": "5016044362", "date": "2021-01-22 15:49:00", "subject": "3", "recorded-or-robo": "", "city": "Fairfax Station", "state": "VA", "area-code": "703"}, {"id": "03e293b3df9e35eadf15c56119327e9c", "number": "3019607077", "date": "2021-01-15 00:00:00", "subject": "2", "recorded-or-robo": "N", "city": "", "state": "MD", "area-code": "301"}, {"id": "3decc6bfadaa436a105714c6ba9bd990", "number": "3034314516", "date": "2021-01-22 09:40:00", "subject": "4", "recorded-or-robo": "Y", "city": "", "state": "CO", "area-code": "303"}, {"id": "03e293b3df9e35eadf15c56119327e97", "number": "3034314516", "date": "2021-01-22 09:40:00", "subject": "4", "recorded-or-robo": "Y", "city": "", "state": "CO", "area-code": "303"}, {"id": "3decc6bfadaa436a105714c6ba9bcebf", "number": "50999461831", "date": "2021-01-24 08:54:00", "subject": "2", "recorded-or-robo": "Y", "city": "Richland", "state": "WA", "area-code": "509"}, {"id": "03e293b3df9e35eadf15c56119327a1e", "number": "50999461831", "date": "2021-01-24 08:54:00", "subject": "2", "recorded-or-robo": "Y", "city": "Richland", "state": "WA", "area-code": "509"}, {"id": "3decc6bfadaa436a105714c6ba9bbee5", "number": "5856393092", "date": "2021-01-23 10:51:00", "subject": "0", "recorded-or-robo": "N", "city": "", "state": "NY", "area-code": "212"}, {"id": "03e293b3df9e35eadf15c56119327270", "number": "5856393092", "date": "2021-01-23 10:51:00", "subject": "0", "recorded-or-robo": "N", "city": "", "state": "NY", "area-code": "212"}, {"id": "3decc6bfadaa436a105714c6ba9bbe3d", "number": "4027274792", "date": "2021-01-22 12:46:00", "subject": "1", "recorded-or-robo": "Y", "city": "Fremont", "state": "NE", "area-code": "402"}, {"id": "03e293b3df9e35eadf15c56119326957", "number": "4027274792", "date": "2021-01-22 12:46:00", "subject": "1", "recorded-or-robo": "Y", "city": "Fremont", "state": "NE", "area-code": "402"}, {"id": "3decc6bfadaa436a105714c6ba9bb856", "number": "5136961920", "date": "2021-01-23 11:46:00", "subject": "3", "recorded-or-robo": "", "city": "Fairfax Station", "state": "VA", "area-code": "703"}, {"id": "03e293b3df9e35eadf15c56119325e54", "number": "5136961920", "date": "2021-01-23 11:46:00", "subject": "3", "recorded-or-robo": "", "city": "Fairfax Station", "state": "VA", "area-code": "703"}, {"id": "3decc6bfadaa436a105714c6ba9bb1df", "number": "3012358178", "date": "2021-01-15 00:00:00", "subject": "2", "recorded-or-robo": "N", "city": "", "state": "MD", "area-code": "301"}, {"id": "03e293b3df9e35eadf15c561193250fb", "number": "3012358178", "date": "2021-01-15 00:00:00", "subject": "2", "recorded-or-robo": "N", "city": "", "state": "MD", "area-code": "301"}, {"id": "3decc6bfadaa436a105714c6ba9baf07", "number": "7320317840", "date": "2021-01-22 09:06:00", "subject": "2", "recorded-or-robo": "", "city": "", "state": "NJ", "area-code": "732"}, {"id": "03e293b3df9e35eadf15c56119324875", "number": "7320317840", "date": "2021-01-22 09:06:00", "subject": "2", "recorded-or-robo": "", "city": "", "state": "NJ", "area-code": "732"}]}