{"data": [{"id": "3decc6bfadaa436a105714c6ba942cdc", "number": "5099819911", "date": "2021-01-24 07:08:00", "subject": "3", "recorded-or-robo": "Y", "city": "", "state": "WA", "area-code": "509"}, {"id": "03e293b3df9e35eadf15c561192a3caf", "number": "5099819911", "date": "2021-01-24 07:08:00", "subject": "3", "recorded-or-robo": "Y", "city": "", "state": "WA", "area-code": "509"}, {"id": "3decc6bfadaa436a105714c6ba94261c", "number": "8665278597", "date": "2021-01-23 11:13:00", "subject": "2", "recorded-or-robo": "", "city": "Maryland Heights", "state": "MO", "area-code": "314"}, {"id": "03e293b3df9e35eadf15c561192a2f1b", "number": "8665278597", "date": "2021-01-23 11:13:00", "subject": "2", "recorded-or-robo": "", "city": "Maryland Heights", "state": "MO", "area-code": "314"}, {"id": "3decc6bfadaa436a105714c6ba941e60", "number": "5044366131", "date": "2021-01-22 08:22:00", "subject": "0", "recorded-or-robo": "Y", "city": "Peoria", "state": "AZ", "area-code": "623"}, {"id": "03e293b3df9e35eadf15c561192a2da8", "number": "5044366131", "date": "2021-01-22 08:22:00", "subject": "0", "recorded-or-robo": "Y", "city": "Peoria", "state": "AZ", "area-code": "623"}, {"id": "3decc6bfadaa436a105714c6ba941cfb", "number": "8034993414", "date": "2021-01-18 17:04:00", "subject": "2", "recorded-or-robo": "Y", "city": "San Antonio", "state": "TX", "area-code": "210"}, {"id": "03e293b3df9e35eadf15c561192a218e", "number": "8034993414", "date": "2021-01-18 17:04:00", "subject": "2", "recorded-or-robo": "Y", "city": "San Antonio", "state": "TX", "area-code": "210"}, {"id": "3decc6bfadaa436a105714c6ba94114f", "number": "8665271801", "date": "2021-01-23 11:00:00", "subject": "2", "recorded-or-robo": "", "city": "Maryland Heights", "state": "MO", "area-code": "314"}, {"id": "03e293b3df9e35eadf15c561192a1c2f", "number": "8665271801", "date": "2021-01-23 11:00:00", "subject": "2", "recorded-or-robo": "", "city": "Maryland Heights", "state": "MO", "area-code": "314"}, {"id": "3decc6bfadaa436a105714c6ba9404e4", "number": "7145832670", "date": "2021-01-24 10:04:00", "subject": "1", "recorded-or-robo": "Y", "city": "Saukville", "state": "WI", "area-code": "262"}, {"id": "03e293b3df9e35eadf15c561192a0de6", "number": "7145832670", "date": "2021-01-24 10:04:00", "subject": "1", "recorded-or-robo": "Y", "city": "Saukville", "state": "WI", "area-code": "262"}, {"id": "3decc6bfadaa436a105714c6ba93f56d", "number": "2018237663", "date": "2020-12-20 10:35:00", "subject": "3", "recorded-or-robo": "", "city": "", "state": "NJ", "area-code": "201"}, {"id": "03e293b3df9e35eadf15c5611929f874", "number": "2018237663", "date": "2020-12-20 10:35:00", "subject": "3", "recorded-or-robo": "", "city": "", "state": "NJ", "area-code": "201"}, {"id": "3decc6bfadaa436a105714c6ba93fe17", "number": "6103953200", "date": "2021-01-22 13:23:00", "subject": "2", "recorded-or-robo": "N", "city": "Whitehall", "state": "PA", "area-code": "484"}, {"id": "03e293b3df9e35eadf15c5611929fe7c", "number": "6103953200", "date": "2021-01-22 13:23:00", "subject": "2", "recorded-or-robo": "N", "city": "Whitehall", "state": "PA", "area-code": "484"}, {"id": "3decc6bfadaa436a105714c6ba93f95d", "number": "8889509737", "date": "2021-01-24 11:09:00", "subject": "1", "recorded-or-robo": "Y", "city": "", "state": "FL", "area-code": "941"}, {"id": "03e293b3df9e35eadf15c5611929f9c6", "number": "8889509737", "date": "2021-01-24 11:09:00", "subject": "1", "recorded-or-robo": "Y", "city": "", "state": "FL", "area-code": "941"}, {"id": "3decc6bfadaa436a105714c6ba93e705", "number": "9133487769", "date": "2021-01-18 12:56:00", "subject": "2", "recorded-or-robo": "Y", "city": "San Antonio", "state": "TX", "area-code": "210"}, {"id": "03e293b3df9e35eadf15c5611929eda2", "number": "9133487769", "date": "2021-01-18 12:56:00", "subject": "2", "recorded-or-robo": "Y", "city": "San Antonio", "state": "TX", "area-code": "210"}, {"id": "3decc6bfadaa436a105714c6ba93e518", "number": "", "date": "2021-01-21 00:00:00", "subject": "11", "recorded-or-robo": "Y", "city": "", "state": "WA", "area-code": "509"}, {"id": "03e293b3df9e35eadf15c5611929ec76", "number": "", "date": "2021-01-21 00:00:00", "subject": "11", "recorded-or-robo": "Y", "city": "", "state": "WA", "area-code": "509"}, {"id": "3decc6bfadaa436a105714c6ba93dc9e", "number": "9736521144", "date": "2021-01-18 12:23:00", "subject": "2", "recorded-or-robo": "N", "city": "San Antonio", "state": "TX", "area-code": "210"}, {"id": "03e293b3df9e35eadf15c5611929e645", "number": "9736521144", "date": "2021-01-18 12:23:00", "subject": "2", "recorded-or-robo": "N", "city": "San Antonio", "state": "TX", "area-code": "210"}, {"id": "3decc6bfadaa436a105714c6ba93ce3d", "number": "2106506957", "date": "2021-01-18 09:39:00", "subject": "2", "recorded-or-robo": "N", "city": "San Antonio", "state": "TX", "area-code": "210"}, {"id": "03e293b3df9e35eadf15c5611929df17", "number": "2106506957", "date": "2021-01-18 09:39:00", "subject": "2", "recorded-or-robo": "N", "city": "San Antonio", "state": "TX", "area-code": "210"}, {"id": "3decc6bfadaa436a105714c6ba93c129", "number": "7182443534", "date": "2021-01-24 11:07:00", "subject": "2", "recorded-or-robo": "Y", "city": "Dale City", "state": "VA", "area-code": "571"}, {"id": "03e293b3df9e35eadf15c5611929d7db", "number": "7182443534", "date": "2021-01-24 11:07:00", "subject": "2", "recorded-or-robo": "Y", "city": "Dale City", "state": "VA", "area-code": "571"}, {"id": "3decc6bfadaa436a105714c6ba93c085", "number": "6029227072", "date": "2021-01-22 14:57:00", "subject": "2", "recorded-or-robo": "", "city": "Phoenix", "state": "AZ", "area-code": "815"}, {"id": "03e293b3df9e35eadf15c5611929cf92", "number": "6029227072", "date": "2021-01-22 14:57:00", "subject": "2", "recorded-or-robo": "", "city": "Phoenix", "state": "AZ", "area-code": "815"}, {"id": "3decc6bfadaa436a105714c6ba93c01e", "number": "5856768021", "date": "2021-01-24 10:00:00", "subject": "2", "recorded-or-robo": "Y", "city": "Darien", "state": "IL", "area-code": "630"}, {"id": "03e293b3df9e35eadf15c5611929c4ae", "number": "5856768021", "date": "2021-01-24 10:00:00", "subject": "2", "recorded-or-robo": "Y", "city": "Darien", "state": "IL", "area-code": "630"}, {"id": "3decc6bfadaa436a105714c6ba93b277", "number": "8444914763", "date": "2021-01-23 14:02:00", "subject": "2", "recorded-or-robo": "Y", "city": "", "state": "WI", "area-code": "715"}, {"id": "03e293b3df9e35eadf15c5611929b97d", "number": "8444914763", "date": "2021-01-23 14:02:00", "subject": "2", "recorded-or-robo": "Y", "city": "", "state": "WI", "area-code": "715"}, {"id": "3decc6bfadaa436a105714c6ba93a289", "number": "6469810154", "date": "2021-01-24 11:07:00", "subject": "2", "recorded-or-robo": "Y", "city": "", "state": "NY", "area-code": "646"}, {"id": "03e293b3df9e35eadf15c5611929ab72", "number": "6469810154", "date": "2021-01-24 11:07:00", "subject": "2", "recorded-or-robo": "Y", "city": "", "state": "NY", "area-code": "646"}, {"id": "3decc6bfadaa436a105714c6ba9393b3", "number": "8158578187", "date": "2021-01-20 15:01:00", "subject": "2", "recorded-or-robo": "", "city": "Phoenix", "state": "AZ", "area-code": "815"}, {"id": "03e293b3df9e35eadf15c5611929a728", "number": "8158578187", "date": "2021-01-20 15:01:00", "subject": "2", "recorded-or-robo": "", "city": "Phoenix", "state": "AZ", "area-code": "815"}, {"id": "3decc6bfadaa436a105714c6ba9386ac", "number": "7202178080", "date": "2021-01-24 08:47:00", "subject": "1", "recorded-or-robo": "N", "city": "Fort Collins", "state": "CO", "area-code": "720"}, {"id": "03e293b3df9e35eadf15c56119299df3", "number": "7202178080", "date": "2021-01-24 08:47:00", "subject": "1", "recorded-or-robo": "N", "city": "Fort Collins", "state": "CO", "area-code": "720"}, {"id": "3decc6bfadaa436a105714c6ba937c2f", "number": "3152328257", "date": "2021-01-24 08:01:00", "subject": "11", "recorded-or-robo": "Y", "city": "", "state": "WA", "area-code": "509"}, {"id": "03e293b3df9e35eadf15c561192991ca", "number": "3152328257", "date": "2021-01-24 08:01:00", "subject": "11", "recorded-or-robo": "Y", "city": "", "state": "WA", "area-code": "509"}, {"id": "3decc6bfadaa436a105714c6ba93776d", "number": "4079822045", "date": "2021-01-20 12:00:00", "subject": "1", "recorded-or-robo": "Y", "city": "", "state": "CA", "area-code": "949"}, {"id": "03e293b3df9e35eadf15c56119298c5b", "number": "4079822045", "date": "2021-01-20 12:00:00", "subject": "1", "recorded-or-robo": "Y", "city": "", "state": "CA", "area-code": "949"}, {"id": "3decc6bfadaa436a105714c6ba936e56", "number": "352328257", "date": "2021-01-24 09:43:00", "subject": "11", "recorded-or-robo": "Y", "city": "Lake Saint Louis", "state": "MO", "area-code": "314"}, {"id": "03e293b3df9e35eadf15c56119297f98", "number": "352328257", "date": "2021-01-24 09:43:00", "subject": "11", "recorded-or-robo": "Y", "city": "Lake Saint Louis", "state": "MO", "area-code": "314"}, {"id": "3decc6bfadaa436a105714c6ba936943", "number": "", "date": "2021-01-24 09:48:00", "subject": "1", "recorded-or-robo": "Y", "city": "Ozark", "state": "MO", "area-code": "417"}, {"id": "03e293b3df9e35eadf15c56119297b2e", "number": "", "date": "2021-01-24 09:48:00", "subject": "1", "recorded-or-robo": "Y", "city": "Ozark", "state": "MO", "area-code": "417"}, {"id": "3decc6bfadaa436a105714c6ba935953", "number": "8556783073", "date": "2021-01-24 09:00:00", "subject": "2", "recorded-or-robo": "Y", "city": "MADISONVILLE", "state": "TX", "area-code": "855"}, {"id": "03e293b3df9e35eadf15c56119296d2f", "number": "8556783073", "date": "2021-01-24 09:00:00", "subject": "2", "recorded-or-robo": "Y", "city": "MADISONVILLE", "state": "TX", "area-code": "855"}]}