{"data": [{"id": "3decc6bfadaa436a105714c6baad1159", "number": "6168887253", "date": "2021-01-19 16:54:00", "subject": "2", "recorded-or-robo": "Y", "city": "", "state": "TN", "area-code": "615"}, {"id": "03e293b3df9e35eadf15c56119432cef", "number": "6168887253", "date": "2021-01-19 16:54:00", "subject": "2", "recorded-or-robo": "Y", "city": "", "state": "TN", "area-code": "615"}, {"id": "3decc6bfadaa436a105714c6baad0c68", "number": "8139469130", "date": "2020-11-11 00:00:00", "subject": "4", "recorded-or-robo": "Y", "city": "", "state": "FL", "area-code": "813"}, {"id": "03e293b3df9e35eadf15c56119432081", "number": "8139469130", "date": "2020-11-11 00:00:00", "subject": "4", "recorded-or-robo": "Y", "city": "", "state": "FL", "area-code": "813"}, {"id": "3decc6bfadaa436a105714c6baad021a", "number": "5716196848", "date": "2021-01-18 18:25:00", "subject": "2", "recorded-or-robo": "Y", "city": "", "state": "TN", "area-code": "615"}, {"id": "03e293b3df9e35eadf15c56119431e42", "number": "5716196848", "date": "2021-01-18 18:25:00", "subject": "2", "recorded-or-robo": "Y", "city": "", "state": "TN", "area-code": "615"}, {"id": "3decc6bfadaa436a105714c6baacf5d0", "number": "6154062605", "date": "2021-01-24 14:15:00", "subject": "11", "recorded-or-robo": "Y", "city": "Zephyrhills", "state": "FL", "area-code": "813"}, {"id": "03e293b3df9e35eadf15c561194317ed", "number": "6154062605", "date": "2021-01-24 14:15:00", "subject": "11", "recorded-or-robo": "Y", "city": "Zephyrhills", "state": "FL", "area-code": "813"}, {"id": "3decc6bfadaa436a105714c6baace717", "number": "8136835563", "date": "2020-10-09 00:00:00", "subject": "4", "recorded-or-robo": "Y", "city": "", "state": "FL", "area-code": "813"}, {"id": "03e293b3df9e35eadf15c561194310dd", "number": "8136835563", "date": "2020-10-09 00:00:00", "subject": "4", "recorded-or-robo": "Y", "city": "", "state": "FL", "area-code": "813"}, {"id": "3decc6bfadaa436a105714c6baacdc5b", "number": "", "date": "2021-01-24 13:20:00", "subject": "1", "recorded-or-robo": "Y", "city": "", "state": "TX", "area-code": "252"}, {"id": "03e293b3df9e35eadf15c561194305b1", "number": "", "date": "2021-01-24 13:20:00", "subject": "1", "recorded-or-robo": "Y", "city": "", "state": "TX", "area-code": "252"}, {"id": "3decc6bfadaa436a105714c6baacd09b", "number": "8066817912", "date": "2021-01-22 16:04:00", "subject": "2", "recorded-or-robo": "Y", "city": "", "state": "TX", "area-code": "806"}, {"id": "03e293b3df9e35eadf15c5611942f824", "number": "8066817912", "date": "2021-01-22 16:04:00", "subject": "2", "recorded-or-robo": "Y", "city": "", "state": "TX", "area-code": "806"}, {"id": "3decc6bfadaa436a105714c6baaccdc3", "number": "2032154616", "date": "2021-01-24 14:15:00", "subject": "1", "recorded-or-robo": "Y", "city": "New Haven", "state": "CT", "area-code": "203"}, {"id": "03e293b3df9e35eadf15c5611942eaf2", "number": "2032154616", "date": "2021-01-24 14:15:00", "subject": "1", "recorded-or-robo": "Y", "city": "New Haven", "state": "CT", "area-code": "203"}, {"id": "3decc6bfadaa436a105714c6baacc376", "number": "8605063562", "date": "2021-01-24 13:22:00", "subject": "2", "recorded-or-robo": "Y", "city": "Luverne", "state": "MN", "area-code": "507"}, {"id": "03e293b3df9e35eadf15c5611942e517", "number": "8605063562", "date": "2021-01-24 13:22:00", "subject": "2", "recorded-or-robo": "Y", "city": "Luverne", "state": "MN", "area-code": "507"}, {"id": "3decc6bfadaa436a105714c6baacbba1", "number": "3144357300", "date": "2021-01-24 13:13:00", "subject": "1", "recorded-or-robo": "Y", "city": "St. louis", "state": "MO", "area-code": "314"}, {"id": "03e293b3df9e35eadf15c5611942e2fb", "number": "3144357300", "date": "2021-01-24 13:13:00", "subject": "1", "recorded-or-robo": "Y", "city": "St. louis", "state": "MO", "area-code": "314"}, {"id": "3decc6bfadaa436a105714c6baacb02a", "number": "5857336073", "date": "2021-01-24 14:17:00", "subject": "1", "recorded-or-robo": "Y", "city": "Rochester", "state": "NY", "area-code": "585"}, {"id": "03e293b3df9e35eadf15c5611942da25", "number": "5857336073", "date": "2021-01-24 14:17:00", "subject": "1", "recorded-or-robo": "Y", "city": "Rochester", "state": "NY", "area-code": "585"}, {"id": "3decc6bfadaa436a105714c6baaca229", "number": "4358000917", "date": "2020-09-26 00:00:00", "subject": "15", "recorded-or-robo": "Y", "city": "", "state": "FL", "area-code": "813"}, {"id": "03e293b3df9e35eadf15c5611942d6ab", "number": "4358000917", "date": "2020-09-26 00:00:00", "subject": "15", "recorded-or-robo": "Y", "city": "", "state": "FL", "area-code": "813"}, {"id": "3decc6bfadaa436a105714c6baac9355", "number": "5037739415", "date": "2021-01-23 18:31:00", "subject": "0", "recorded-or-robo": "Y", "city": "Salem", "state": "OR", "area-code": "503"}, {"id": "03e293b3df9e35eadf15c5611942d418", "number": "5037739415", "date": "2021-01-23 18:31:00", "subject": "0", "recorded-or-robo": "Y", "city": "Salem", "state": "OR", "area-code": "503"}, {"id": "3decc6bfadaa436a105714c6baac8fdf", "number": "9738692833", "date": "2021-01-24 10:56:00", "subject": "0", "recorded-or-robo": "Y", "city": "KENDALL PARK", "state": "NJ", "area-code": "973"}, {"id": "03e293b3df9e35eadf15c5611942d0a5", "number": "9738692833", "date": "2021-01-24 10:56:00", "subject": "0", "recorded-or-robo": "Y", "city": "KENDALL PARK", "state": "NJ", "area-code": "973"}, {"id": "3decc6bfadaa436a105714c6baac81aa", "number": "9842336212", "date": "2021-01-20 16:45:00", "subject": "6", "recorded-or-robo": "Y", "city": "", "state": "TX", "area-code": "806"}, {"id": "03e293b3df9e35eadf15c5611942cd85", "number": "9842336212", "date": "2021-01-20 16:45:00", "subject": "6", "recorded-or-robo": "Y", "city": "", "state": "TX", "area-code": "806"}, {"id": "3decc6bfadaa436a105714c6baac7a97", "number": "8132451642", "date": "2021-01-24 11:30:00", "subject": "11", "recorded-or-robo": "Y", "city": "TAMPA", "state": "FL", "area-code": "813"}, {"id": "03e293b3df9e35eadf15c5611942bef4", "number": "8132451642", "date": "2021-01-24 11:30:00", "subject": "11", "recorded-or-robo": "Y", "city": "TAMPA", "state": "FL", "area-code": "813"}, {"id": "3decc6bfadaa436a105714c6baac7a23", "number": "4094033502", "date": "2021-01-21 15:08:00", "subject": "2", "recorded-or-robo": "Y", "city": "Beaumont", "state": "TX", "area-code": "409"}, {"id": "03e293b3df9e35eadf15c5611942b49f", "number": "4094033502", "date": "2021-01-21 15:08:00", "subject": "2", "recorded-or-robo": "Y", "city": "Beaumont", "state": "TX", "area-code": "409"}, {"id": "3decc6bfadaa436a105714c6baac6a4f", "number": "6015506402", "date": "2021-01-24 13:16:00", "subject": "2", "recorded-or-robo": "Y", "city": "Flowood", "state": "MS", "area-code": "601"}, {"id": "03e293b3df9e35eadf15c5611942a85e", "number": "6015506402", "date": "2021-01-24 13:16:00", "subject": "2", "recorded-or-robo": "Y", "city": "Flowood", "state": "MS", "area-code": "601"}, {"id": "3decc6bfadaa436a105714c6baac612f", "number": "2625362678", "date": "2021-01-24 12:01:00", "subject": "1", "recorded-or-robo": "Y", "city": "el pso", "state": "TX", "area-code": "915"}, {"id": "03e293b3df9e35eadf15c5611942a67d", "number": "2625362678", "date": "2021-01-24 12:01:00", "subject": "1", "recorded-or-robo": "Y", "city": "el pso", "state": "TX", "area-code": "915"}, {"id": "3decc6bfadaa436a105714c6baac2556", "number": "2017543148", "date": "2020-09-29 10:37:00", "subject": "3", "recorded-or-robo": "", "city": "", "state": "NJ", "area-code": "201"}, {"id": "03e293b3df9e35eadf15c56119425d0b", "number": "2017543148", "date": "2020-09-29 10:37:00", "subject": "3", "recorded-or-robo": "", "city": "", "state": "NJ", "area-code": "201"}, {"id": "3decc6bfadaa436a105714c6baac53a6", "number": "3373888047", "date": "2021-01-04 16:57:00", "subject": "2", "recorded-or-robo": "Y", "city": "", "state": "FL", "area-code": "813"}, {"id": "03e293b3df9e35eadf15c5611942a3f5", "number": "3373888047", "date": "2021-01-04 16:57:00", "subject": "2", "recorded-or-robo": "Y", "city": "", "state": "FL", "area-code": "813"}, {"id": "3decc6bfadaa436a105714c6baac5345", "number": "3152328257", "date": "2021-01-24 11:47:00", "subject": "3", "recorded-or-robo": "Y", "city": "", "state": "FL", "area-code": "813"}, {"id": "03e293b3df9e35eadf15c56119429f22", "number": "3152328257", "date": "2021-01-24 11:47:00", "subject": "3", "recorded-or-robo": "Y", "city": "", "state": "FL", "area-code": "813"}, {"id": "3decc6bfadaa436a105714c6baac4b07", "number": "", "date": "2021-01-20 10:48:00", "subject": "4", "recorded-or-robo": "Y", "city": "Camp Hill", "state": "PA", "area-code": "717"}, {"id": "03e293b3df9e35eadf15c56119429cbd", "number": "", "date": "2021-01-20 10:48:00", "subject": "4", "recorded-or-robo": "Y", "city": "Camp Hill", "state": "PA", "area-code": "717"}, {"id": "3decc6bfadaa436a105714c6baac4455", "number": "9402946535", "date": "2021-01-21 14:44:00", "subject": "2", "recorded-or-robo": "Y", "city": "", "state": "MN", "area-code": "507"}, {"id": "03e293b3df9e35eadf15c561194292e2", "number": "9402946535", "date": "2021-01-21 14:44:00", "subject": "2", "recorded-or-robo": "Y", "city": "", "state": "MN", "area-code": "507"}, {"id": "3decc6bfadaa436a105714c6baac3a20", "number": "2402934829", "date": "2021-01-22 14:49:00", "subject": "2", "recorded-or-robo": "Y", "city": "", "state": "MD", "area-code": "240"}, {"id": "03e293b3df9e35eadf15c56119428864", "number": "2402934829", "date": "2021-01-22 14:49:00", "subject": "2", "recorded-or-robo": "Y", "city": "", "state": "MD", "area-code": "240"}]}