{"data": [{"id": "3decc6bfadaa436a105714c6ba929832", "number": "4198904127", "date": "2021-01-21 13:21:00", "subject": "3", "recorded-or-robo": "Y", "city": "", "state": "OH", "area-code": "440"}, {"id": "03e293b3df9e35eadf15c5611928af55", "number": "4198904127", "date": "2021-01-21 13:21:00", "subject": "3", "recorded-or-robo": "Y", "city": "", "state": "OH", "area-code": "440"}, {"id": "3decc6bfadaa436a105714c6ba929266", "number": "5099794430", "date": "2021-01-24 07:04:00", "subject": "11", "recorded-or-robo": "Y", "city": "SPOKANE", "state": "WA", "area-code": "509"}, {"id": "03e293b3df9e35eadf15c5611928aae5", "number": "5099794430", "date": "2021-01-24 07:04:00", "subject": "11", "recorded-or-robo": "Y", "city": "SPOKANE", "state": "WA", "area-code": "509"}, {"id": "3decc6bfadaa436a105714c6ba92923b", "number": "9147741328", "date": "2021-01-24 10:42:00", "subject": "2", "recorded-or-robo": "", "city": "", "state": "NY", "area-code": "914"}, {"id": "03e293b3df9e35eadf15c56119289f30", "number": "9147741328", "date": "2021-01-24 10:42:00", "subject": "2", "recorded-or-robo": "", "city": "", "state": "NY", "area-code": "914"}, {"id": "3decc6bfadaa436a105714c6ba92848b", "number": "7149555830", "date": "2021-01-21 17:18:00", "subject": "5", "recorded-or-robo": "Y", "city": "", "state": "CA", "area-code": "714"}, {"id": "03e293b3df9e35eadf15c56119289b7c", "number": "7149555830", "date": "2021-01-21 17:18:00", "subject": "5", "recorded-or-robo": "Y", "city": "", "state": "CA", "area-code": "714"}, {"id": "3decc6bfadaa436a105714c6ba927537", "number": "", "date": "2021-01-23 12:00:00", "subject": "1", "recorded-or-robo": "Y", "city": "SANTA MARGARITA", "state": "CA", "area-code": "805"}, {"id": "03e293b3df9e35eadf15c56119289a84", "number": "", "date": "2021-01-23 12:00:00", "subject": "1", "recorded-or-robo": "Y", "city": "SANTA MARGARITA", "state": "CA", "area-code": "805"}, {"id": "3decc6bfadaa436a105714c6ba9267b0", "number": "", "date": "2021-01-23 13:31:00", "subject": "11", "recorded-or-robo": "Y", "city": "", "state": "MO", "area-code": "636"}, {"id": "03e293b3df9e35eadf15c56119289958", "number": "", "date": "2021-01-23 13:31:00", "subject": "11", "recorded-or-robo": "Y", "city": "", "state": "MO", "area-code": "636"}, {"id": "3decc6bfadaa436a105714c6ba925f0e", "number": "7149861563", "date": "2021-01-22 17:52:00", "subject": "5", "recorded-or-robo": "Y", "city": "", "state": "CA", "area-code": "714"}, {"id": "03e293b3df9e35eadf15c56119288d9d", "number": "7149861563", "date": "2021-01-22 17:52:00", "subject": "5", "recorded-or-robo": "Y", "city": "", "state": "CA", "area-code": "714"}, {"id": "3decc6bfadaa436a105714c6ba925de2", "number": "4407912521", "date": "2021-01-20 17:04:00", "subject": "3", "recorded-or-robo": "Y", "city": "", "state": "OH", "area-code": "440"}, {"id": "03e293b3df9e35eadf15c561192882d4", "number": "4407912521", "date": "2021-01-20 17:04:00", "subject": "3", "recorded-or-robo": "Y", "city": "", "state": "OH", "area-code": "440"}, {"id": "3decc6bfadaa436a105714c6ba92577f", "number": "5027350932", "date": "2021-01-24 10:36:00", "subject": "2", "recorded-or-robo": "Y", "city": "Louisville", "state": "KY", "area-code": "502"}, {"id": "03e293b3df9e35eadf15c5611928829f", "number": "5027350932", "date": "2021-01-24 10:36:00", "subject": "2", "recorded-or-robo": "Y", "city": "Louisville", "state": "KY", "area-code": "502"}, {"id": "3decc6bfadaa436a105714c6ba924950", "number": "", "date": "2021-01-24 12:00:00", "subject": "2", "recorded-or-robo": "Y", "city": "Cheyenne", "state": "WY", "area-code": "202"}, {"id": "03e293b3df9e35eadf15c56119287875", "number": "", "date": "2021-01-24 12:00:00", "subject": "2", "recorded-or-robo": "Y", "city": "Cheyenne", "state": "WY", "area-code": "202"}, {"id": "3decc6bfadaa436a105714c6ba924318", "number": "", "date": "2021-01-24 09:30:00", "subject": "3", "recorded-or-robo": "Y", "city": "", "state": "MO", "area-code": "314"}, {"id": "03e293b3df9e35eadf15c5611928703e", "number": "", "date": "2021-01-24 09:30:00", "subject": "3", "recorded-or-robo": "Y", "city": "", "state": "MO", "area-code": "314"}, {"id": "3decc6bfadaa436a105714c6ba923527", "number": "7194510025", "date": "2021-01-23 16:45:00", "subject": "0", "recorded-or-robo": "Y", "city": "Milford", "state": "CT", "area-code": "203"}, {"id": "03e293b3df9e35eadf15c56119286f70", "number": "7194510025", "date": "2021-01-23 16:45:00", "subject": "0", "recorded-or-robo": "Y", "city": "Milford", "state": "CT", "area-code": "203"}, {"id": "3decc6bfadaa436a105714c6ba9227d3", "number": "4348185840", "date": "2021-01-21 09:58:00", "subject": "2", "recorded-or-robo": "Y", "city": "Chesapeake", "state": "VA", "area-code": "757"}, {"id": "03e293b3df9e35eadf15c56119286d3d", "number": "4348185840", "date": "2021-01-21 09:58:00", "subject": "2", "recorded-or-robo": "Y", "city": "Chesapeake", "state": "VA", "area-code": "757"}, {"id": "3decc6bfadaa436a105714c6ba921f4c", "number": "", "date": "2021-01-23 09:30:00", "subject": "2", "recorded-or-robo": "Y", "city": "St Louis", "state": "MO", "area-code": "314"}, {"id": "03e293b3df9e35eadf15c5611928658e", "number": "", "date": "2021-01-23 09:30:00", "subject": "2", "recorded-or-robo": "Y", "city": "St Louis", "state": "MO", "area-code": "314"}, {"id": "3decc6bfadaa436a105714c6ba921272", "number": "7124811326", "date": "2021-01-22 00:00:00", "subject": "4", "recorded-or-robo": "Y", "city": "", "state": "IA", "area-code": "712"}, {"id": "03e293b3df9e35eadf15c56119285fee", "number": "7124811326", "date": "2021-01-22 00:00:00", "subject": "4", "recorded-or-robo": "Y", "city": "", "state": "IA", "area-code": "712"}, {"id": "3decc6bfadaa436a105714c6ba921182", "number": "5099456556", "date": "2021-01-23 17:18:00", "subject": "1", "recorded-or-robo": "Y", "city": "", "state": "WA", "area-code": "509"}, {"id": "03e293b3df9e35eadf15c56119285501", "number": "5099456556", "date": "2021-01-23 17:18:00", "subject": "1", "recorded-or-robo": "Y", "city": "", "state": "WA", "area-code": "509"}, {"id": "3decc6bfadaa436a105714c6ba920787", "number": "3048290558", "date": "2021-01-22 12:42:00", "subject": "3", "recorded-or-robo": "Y", "city": "", "state": "WV", "area-code": "304"}, {"id": "03e293b3df9e35eadf15c561192850bb", "number": "3048290558", "date": "2021-01-22 12:42:00", "subject": "3", "recorded-or-robo": "Y", "city": "", "state": "WV", "area-code": "304"}, {"id": "3decc6bfadaa436a105714c6ba91fd50", "number": "3152328257", "date": "2021-01-23 11:45:00", "subject": "1", "recorded-or-robo": "Y", "city": "Wentzville", "state": "MO", "area-code": "314"}, {"id": "03e293b3df9e35eadf15c56119284333", "number": "3152328257", "date": "2021-01-23 11:45:00", "subject": "1", "recorded-or-robo": "Y", "city": "Wentzville", "state": "MO", "area-code": "314"}, {"id": "3decc6bfadaa436a105714c6ba91f9c9", "number": "3145042861", "date": "2021-01-24 09:32:00", "subject": "1", "recorded-or-robo": "Y", "city": "Florissant", "state": "MO", "area-code": "314"}, {"id": "03e293b3df9e35eadf15c5611928342e", "number": "3145042861", "date": "2021-01-24 09:32:00", "subject": "1", "recorded-or-robo": "Y", "city": "Florissant", "state": "MO", "area-code": "314"}, {"id": "3decc6bfadaa436a105714c6ba91eb3c", "number": "6602813644", "date": "2021-01-23 19:11:00", "subject": "2", "recorded-or-robo": "Y", "city": "Springfield", "state": "MO", "area-code": "660"}, {"id": "03e293b3df9e35eadf15c56119282ff0", "number": "6602813644", "date": "2021-01-23 19:11:00", "subject": "2", "recorded-or-robo": "Y", "city": "Springfield", "state": "MO", "area-code": "660"}, {"id": "3decc6bfadaa436a105714c6ba91e7be", "number": "6602814755", "date": "2021-01-23 19:06:00", "subject": "2", "recorded-or-robo": "Y", "city": "Springfield", "state": "MO", "area-code": "660"}, {"id": "03e293b3df9e35eadf15c56119282a1a", "number": "6602814755", "date": "2021-01-23 19:06:00", "subject": "2", "recorded-or-robo": "Y", "city": "Springfield", "state": "MO", "area-code": "660"}, {"id": "3decc6bfadaa436a105714c6ba91e721", "number": "6602818498", "date": "2021-01-23 18:54:00", "subject": "2", "recorded-or-robo": "Y", "city": "Springfield", "state": "MO", "area-code": "660"}, {"id": "03e293b3df9e35eadf15c56119282431", "number": "6602818498", "date": "2021-01-23 18:54:00", "subject": "2", "recorded-or-robo": "Y", "city": "Springfield", "state": "MO", "area-code": "660"}, {"id": "3decc6bfadaa436a105714c6ba91e5d1", "number": "3145034359", "date": "2021-01-24 04:03:00", "subject": "2", "recorded-or-robo": "Y", "city": "Saint Louis", "state": "MO", "area-code": "314"}, {"id": "03e293b3df9e35eadf15c56119281878", "number": "3145034359", "date": "2021-01-24 04:03:00", "subject": "2", "recorded-or-robo": "Y", "city": "Saint Louis", "state": "MO", "area-code": "314"}, {"id": "3decc6bfadaa436a105714c6ba91e3e0", "number": "6602812220", "date": "2021-01-23 18:25:00", "subject": "2", "recorded-or-robo": "N", "city": "Springfield", "state": "MO", "area-code": "660"}, {"id": "03e293b3df9e35eadf15c56119280fd6", "number": "6602812220", "date": "2021-01-23 18:25:00", "subject": "2", "recorded-or-robo": "N", "city": "Springfield", "state": "MO", "area-code": "660"}, {"id": "3decc6bfadaa436a105714c6ba91ddac", "number": "3145038919", "date": "2021-01-24 02:04:00", "subject": "2", "recorded-or-robo": "Y", "city": "Saint Louis", "state": "MO", "area-code": "314"}, {"id": "03e293b3df9e35eadf15c56119280874", "number": "3145038919", "date": "2021-01-24 02:04:00", "subject": "2", "recorded-or-robo": "Y", "city": "Saint Louis", "state": "MO", "area-code": "314"}]}