{"data": [{"id": "3decc6bfadaa436a105714c6ba97279d", "number": "8559590129", "date": "2021-01-22 04:29:00", "subject": "2", "recorded-or-robo": "N", "city": "Carrollton", "state": "TX", "area-code": "214"}, {"id": "03e293b3df9e35eadf15c561192d7e9b", "number": "8559590129", "date": "2021-01-22 04:29:00", "subject": "2", "recorded-or-robo": "N", "city": "Carrollton", "state": "TX", "area-code": "214"}, {"id": "3decc6bfadaa436a105714c6ba971729", "number": "4805465705", "date": "2021-01-24 08:29:00", "subject": "0", "recorded-or-robo": "Y", "city": "", "state": "CO", "area-code": "303"}, {"id": "03e293b3df9e35eadf15c561192d6f5d", "number": "4805465705", "date": "2021-01-24 08:29:00", "subject": "0", "recorded-or-robo": "Y", "city": "", "state": "CO", "area-code": "303"}, {"id": "3decc6bfadaa436a105714c6ba970734", "number": "2106642772", "date": "2021-01-22 09:20:00", "subject": "2", "recorded-or-robo": "Y", "city": "San Antonio", "state": "TX", "area-code": "210"}, {"id": "03e293b3df9e35eadf15c561192d6232", "number": "2106642772", "date": "2021-01-22 09:20:00", "subject": "2", "recorded-or-robo": "Y", "city": "San Antonio", "state": "TX", "area-code": "210"}, {"id": "3decc6bfadaa436a105714c6ba970673", "number": "3145562668", "date": "2021-01-24 10:37:00", "subject": "11", "recorded-or-robo": "Y", "city": "St. Louis", "state": "MO", "area-code": "314"}, {"id": "03e293b3df9e35eadf15c561192d5e42", "number": "3145562668", "date": "2021-01-24 10:37:00", "subject": "11", "recorded-or-robo": "Y", "city": "St. Louis", "state": "MO", "area-code": "314"}, {"id": "3decc6bfadaa436a105714c6ba9704a8", "number": "4078337862", "date": "2021-01-22 16:15:00", "subject": "2", "recorded-or-robo": "Y", "city": "Altamonte Spg", "state": "FL", "area-code": "407"}, {"id": "03e293b3df9e35eadf15c561192d5759", "number": "4078337862", "date": "2021-01-22 16:15:00", "subject": "2", "recorded-or-robo": "Y", "city": "Altamonte Spg", "state": "FL", "area-code": "407"}, {"id": "3decc6bfadaa436a105714c6ba96f182", "number": "6572376514", "date": "2021-01-20 16:14:00", "subject": "3", "recorded-or-robo": "N", "city": "", "state": "PA", "area-code": "570"}, {"id": "03e293b3df9e35eadf15c561192d2dd2", "number": "6572376514", "date": "2021-01-20 16:14:00", "subject": "3", "recorded-or-robo": "N", "city": "", "state": "PA", "area-code": "570"}, {"id": "3decc6bfadaa436a105714c6ba97041b", "number": "8304602180", "date": "2021-01-22 07:53:00", "subject": "2", "recorded-or-robo": "Y", "city": "San Antonio", "state": "TX", "area-code": "210"}, {"id": "03e293b3df9e35eadf15c561192d5090", "number": "8304602180", "date": "2021-01-22 07:53:00", "subject": "2", "recorded-or-robo": "Y", "city": "San Antonio", "state": "TX", "area-code": "210"}, {"id": "3decc6bfadaa436a105714c6ba96fb29", "number": "", "date": "2021-01-01 09:01:00", "subject": "2", "recorded-or-robo": "Y", "city": "Spokane Valley", "state": "WA", "area-code": "509"}, {"id": "03e293b3df9e35eadf15c561192d4184", "number": "", "date": "2021-01-01 09:01:00", "subject": "2", "recorded-or-robo": "Y", "city": "Spokane Valley", "state": "WA", "area-code": "509"}, {"id": "3decc6bfadaa436a105714c6ba96f94b", "number": "3604743296", "date": "2021-01-24 12:00:00", "subject": "11", "recorded-or-robo": "Y", "city": "Sunbury", "state": "OH", "area-code": "740"}, {"id": "03e293b3df9e35eadf15c561192d3417", "number": "3604743296", "date": "2021-01-24 12:00:00", "subject": "11", "recorded-or-robo": "Y", "city": "Sunbury", "state": "OH", "area-code": "740"}, {"id": "3decc6bfadaa436a105714c6ba96f0e0", "number": "8765910888", "date": "2021-01-24 08:23:00", "subject": "13", "recorded-or-robo": "", "city": "", "state": "CA", "area-code": "619"}, {"id": "03e293b3df9e35eadf15c561192d24b3", "number": "8765910888", "date": "2021-01-24 08:23:00", "subject": "13", "recorded-or-robo": "", "city": "", "state": "CA", "area-code": "619"}, {"id": "3decc6bfadaa436a105714c6ba96bf66", "number": "4695438438", "date": "2021-01-18 18:22:00", "subject": "3", "recorded-or-robo": "N", "city": "", "state": "PA", "area-code": "570"}, {"id": "03e293b3df9e35eadf15c561192cf042", "number": "4695438438", "date": "2021-01-18 18:22:00", "subject": "3", "recorded-or-robo": "N", "city": "", "state": "PA", "area-code": "570"}, {"id": "3decc6bfadaa436a105714c6ba96f09b", "number": "7815984344", "date": "2021-01-24 11:15:00", "subject": "3", "recorded-or-robo": "Y", "city": "", "state": "MA", "area-code": "781"}, {"id": "03e293b3df9e35eadf15c561192d1e3c", "number": "7815984344", "date": "2021-01-24 11:15:00", "subject": "3", "recorded-or-robo": "Y", "city": "", "state": "MA", "area-code": "781"}, {"id": "3decc6bfadaa436a105714c6ba96e11b", "number": "8036405105", "date": "2021-01-21 18:51:00", "subject": "2", "recorded-or-robo": "Y", "city": "San Antonio", "state": "TX", "area-code": "210"}, {"id": "03e293b3df9e35eadf15c561192d1c90", "number": "8036405105", "date": "2021-01-21 18:51:00", "subject": "2", "recorded-or-robo": "Y", "city": "San Antonio", "state": "TX", "area-code": "210"}, {"id": "3decc6bfadaa436a105714c6ba96d1b7", "number": "8572327686", "date": "2021-01-24 11:06:00", "subject": "2", "recorded-or-robo": "Y", "city": "Groton", "state": "MA", "area-code": "978"}, {"id": "03e293b3df9e35eadf15c561192d0d8b", "number": "8572327686", "date": "2021-01-24 11:06:00", "subject": "2", "recorded-or-robo": "Y", "city": "Groton", "state": "MA", "area-code": "978"}, {"id": "3decc6bfadaa436a105714c6ba96cf29", "number": "", "date": "2021-01-24 12:00:00", "subject": "1", "recorded-or-robo": "Y", "city": "", "state": "MO", "area-code": "417"}, {"id": "03e293b3df9e35eadf15c561192d015f", "number": "", "date": "2021-01-24 12:00:00", "subject": "1", "recorded-or-robo": "Y", "city": "", "state": "MO", "area-code": "417"}, {"id": "3decc6bfadaa436a105714c6ba96c064", "number": "8765751157", "date": "2021-01-24 12:00:00", "subject": "1", "recorded-or-robo": "N", "city": "", "state": "NY", "area-code": "347"}, {"id": "03e293b3df9e35eadf15c561192cf86b", "number": "8765751157", "date": "2021-01-24 12:00:00", "subject": "1", "recorded-or-robo": "N", "city": "", "state": "NY", "area-code": "347"}, {"id": "3decc6bfadaa436a105714c6ba96b772", "number": "6572376514", "date": "2021-01-18 05:09:00", "subject": "3", "recorded-or-robo": "Y", "city": "", "state": "PA", "area-code": "570"}, {"id": "03e293b3df9e35eadf15c561192ce175", "number": "6572376514", "date": "2021-01-18 05:09:00", "subject": "3", "recorded-or-robo": "Y", "city": "", "state": "PA", "area-code": "570"}, {"id": "3decc6bfadaa436a105714c6ba96b31b", "number": "9405264781", "date": "2021-01-21 16:47:00", "subject": "2", "recorded-or-robo": "Y", "city": "San Antonio", "state": "TX", "area-code": "210"}, {"id": "03e293b3df9e35eadf15c561192cdd21", "number": "9405264781", "date": "2021-01-21 16:47:00", "subject": "2", "recorded-or-robo": "Y", "city": "San Antonio", "state": "TX", "area-code": "210"}, {"id": "3decc6bfadaa436a105714c6ba96ac1a", "number": "5712014013", "date": "2021-01-24 11:32:00", "subject": "1", "recorded-or-robo": "Y", "city": "PURCELLVILLE", "state": "VA", "area-code": "571"}, {"id": "03e293b3df9e35eadf15c561192ccffa", "number": "5712014013", "date": "2021-01-24 11:32:00", "subject": "1", "recorded-or-robo": "Y", "city": "PURCELLVILLE", "state": "VA", "area-code": "571"}, {"id": "3decc6bfadaa436a105714c6ba96a4bb", "number": "2108982781", "date": "2021-01-21 13:12:00", "subject": "2", "recorded-or-robo": "Y", "city": "San Antonio", "state": "TX", "area-code": "210"}, {"id": "03e293b3df9e35eadf15c561192ccd6d", "number": "2108982781", "date": "2021-01-21 13:12:00", "subject": "2", "recorded-or-robo": "Y", "city": "San Antonio", "state": "TX", "area-code": "210"}, {"id": "3decc6bfadaa436a105714c6ba969815", "number": "6154065470", "date": "2021-01-24 07:00:00", "subject": "11", "recorded-or-robo": "Y", "city": "west richland", "state": "WA", "area-code": "509"}, {"id": "03e293b3df9e35eadf15c561192cc2a5", "number": "6154065470", "date": "2021-01-24 07:00:00", "subject": "11", "recorded-or-robo": "Y", "city": "west richland", "state": "WA", "area-code": "509"}, {"id": "3decc6bfadaa436a105714c6ba96949c", "number": "4695628130", "date": "2021-01-17 22:02:00", "subject": "3", "recorded-or-robo": "Y", "city": "", "state": "PA", "area-code": "570"}, {"id": "03e293b3df9e35eadf15c561192cb574", "number": "4695628130", "date": "2021-01-17 22:02:00", "subject": "3", "recorded-or-robo": "Y", "city": "", "state": "PA", "area-code": "570"}, {"id": "3decc6bfadaa436a105714c6ba9689fe", "number": "6199164134", "date": "2021-01-24 00:00:00", "subject": "1", "recorded-or-robo": "Y", "city": "Lemon Grove", "state": "CA", "area-code": "619"}, {"id": "03e293b3df9e35eadf15c561192caf02", "number": "6199164134", "date": "2021-01-24 00:00:00", "subject": "1", "recorded-or-robo": "Y", "city": "Lemon Grove", "state": "CA", "area-code": "619"}, {"id": "3decc6bfadaa436a105714c6ba967c97", "number": "3152328257", "date": "2021-01-23 13:03:00", "subject": "2", "recorded-or-robo": "Y", "city": "", "state": "WA", "area-code": "509"}, {"id": "03e293b3df9e35eadf15c561192ca578", "number": "3152328257", "date": "2021-01-23 13:03:00", "subject": "2", "recorded-or-robo": "Y", "city": "", "state": "WA", "area-code": "509"}, {"id": "3decc6bfadaa436a105714c6ba9672c5", "number": "2147402269", "date": "2021-01-24 10:08:00", "subject": "2", "recorded-or-robo": "N", "city": "Carrollton", "state": "TX", "area-code": "214"}, {"id": "03e293b3df9e35eadf15c561192c99e0", "number": "2147402269", "date": "2021-01-24 10:08:00", "subject": "2", "recorded-or-robo": "N", "city": "Carrollton", "state": "TX", "area-code": "214"}]}