{"data": [{"id": "3decc6bfadaa436a105714c6bad2b105", "number": "3176509547", "date": "2021-01-24 00:00:00", "subject": "3", "recorded-or-robo": "N", "city": "", "state": "CA", "area-code": "916"}, {"id": "03e293b3df9e35eadf15c5611968dd90", "number": "3176509547", "date": "2021-01-24 00:00:00", "subject": "3", "recorded-or-robo": "N", "city": "", "state": "CA", "area-code": "916"}, {"id": "3decc6bfadaa436a105714c6bad2cdd2", "number": "6197549498", "date": "2021-01-22 14:57:00", "subject": "2", "recorded-or-robo": "Y", "city": "Long Beach", "state": "CA", "area-code": "562"}, {"id": "03e293b3df9e35eadf15c5611968fc16", "number": "6197549498", "date": "2021-01-22 14:57:00", "subject": "2", "recorded-or-robo": "Y", "city": "Long Beach", "state": "CA", "area-code": "562"}, {"id": "3decc6bfadaa436a105714c6bad2c493", "number": "7272152285", "date": "2021-01-24 20:32:00", "subject": "1", "recorded-or-robo": "Y", "city": "", "state": "FL", "area-code": "727"}, {"id": "03e293b3df9e35eadf15c5611968f351", "number": "7272152285", "date": "2021-01-24 20:32:00", "subject": "1", "recorded-or-robo": "Y", "city": "", "state": "FL", "area-code": "727"}, {"id": "3decc6bfadaa436a105714c6bad2be4b", "number": "", "date": "2021-01-24 17:23:00", "subject": "2", "recorded-or-robo": "Y", "city": "Mission Viejo", "state": "CA", "area-code": "949"}, {"id": "03e293b3df9e35eadf15c5611968ecb3", "number": "", "date": "2021-01-24 17:23:00", "subject": "2", "recorded-or-robo": "Y", "city": "Mission Viejo", "state": "CA", "area-code": "949"}, {"id": "3decc6bfadaa436a105714c6bad2a461", "number": "7194175873", "date": "2021-01-22 11:14:00", "subject": "1", "recorded-or-robo": "", "city": "", "state": "CO", "area-code": "719"}, {"id": "03e293b3df9e35eadf15c5611968cdbf", "number": "7194175873", "date": "2021-01-22 11:14:00", "subject": "1", "recorded-or-robo": "", "city": "", "state": "CO", "area-code": "719"}, {"id": "3decc6bfadaa436a105714c6bad2a2e3", "number": "7273702244", "date": "2021-01-15 18:08:00", "subject": "0", "recorded-or-robo": "N", "city": "Trinity", "state": "FL", "area-code": "727"}, {"id": "03e293b3df9e35eadf15c5611968c8e7", "number": "7273702244", "date": "2021-01-15 18:08:00", "subject": "0", "recorded-or-robo": "N", "city": "Trinity", "state": "FL", "area-code": "727"}, {"id": "3decc6bfadaa436a105714c6bad29702", "number": "6769163", "date": "2021-01-23 16:40:00", "subject": "0", "recorded-or-robo": "Y", "city": "", "state": "CA", "area-code": "323"}, {"id": "03e293b3df9e35eadf15c5611968be34", "number": "6769163", "date": "2021-01-23 16:40:00", "subject": "0", "recorded-or-robo": "Y", "city": "", "state": "CA", "area-code": "323"}, {"id": "3decc6bfadaa436a105714c6bad28d26", "number": "7194175468", "date": "2021-01-22 10:28:00", "subject": "1", "recorded-or-robo": "", "city": "", "state": "CO", "area-code": "719"}, {"id": "03e293b3df9e35eadf15c5611968af8e", "number": "7194175468", "date": "2021-01-22 10:28:00", "subject": "1", "recorded-or-robo": "", "city": "", "state": "CO", "area-code": "719"}, {"id": "3decc6bfadaa436a105714c6bad28b9f", "number": "3103199574", "date": "2021-01-15 14:18:00", "subject": "0", "recorded-or-robo": "N", "city": "Trinity", "state": "FL", "area-code": "727"}, {"id": "03e293b3df9e35eadf15c5611968a3da", "number": "3103199574", "date": "2021-01-15 14:18:00", "subject": "0", "recorded-or-robo": "N", "city": "Trinity", "state": "FL", "area-code": "727"}, {"id": "3decc6bfadaa436a105714c6bad28396", "number": "", "date": "2021-01-24 17:59:00", "subject": "2", "recorded-or-robo": "Y", "city": "Menomonee Falls", "state": "WI", "area-code": "414"}, {"id": "03e293b3df9e35eadf15c56119689741", "number": "", "date": "2021-01-24 17:59:00", "subject": "2", "recorded-or-robo": "Y", "city": "Menomonee Falls", "state": "WI", "area-code": "414"}, {"id": "3decc6bfadaa436a105714c6bad2795a", "number": "7202597487", "date": "2021-01-19 15:28:00", "subject": "3", "recorded-or-robo": "", "city": "", "state": "CO", "area-code": "719"}, {"id": "03e293b3df9e35eadf15c56119688955", "number": "7202597487", "date": "2021-01-19 15:28:00", "subject": "3", "recorded-or-robo": "", "city": "", "state": "CO", "area-code": "719"}, {"id": "3decc6bfadaa436a105714c6bad270a9", "number": "7193700360", "date": "2021-01-21 19:27:00", "subject": "3", "recorded-or-robo": "", "city": "", "state": "CO", "area-code": "719"}, {"id": "03e293b3df9e35eadf15c561196881f2", "number": "7193700360", "date": "2021-01-21 19:27:00", "subject": "3", "recorded-or-robo": "", "city": "", "state": "CO", "area-code": "719"}, {"id": "3decc6bfadaa436a105714c6bad26d8e", "number": "3216229225", "date": "2021-01-15 13:33:00", "subject": "0", "recorded-or-robo": "N", "city": "Trinity", "state": "FL", "area-code": "727"}, {"id": "03e293b3df9e35eadf15c5611968795c", "number": "3216229225", "date": "2021-01-15 13:33:00", "subject": "0", "recorded-or-robo": "N", "city": "Trinity", "state": "FL", "area-code": "727"}, {"id": "3decc6bfadaa436a105714c6bad25e24", "number": "7192205161", "date": "2021-01-22 08:15:00", "subject": "3", "recorded-or-robo": "", "city": "", "state": "CO", "area-code": "719"}, {"id": "03e293b3df9e35eadf15c56119686aca", "number": "7192205161", "date": "2021-01-22 08:15:00", "subject": "3", "recorded-or-robo": "", "city": "", "state": "CO", "area-code": "719"}, {"id": "3decc6bfadaa436a105714c6bad2510c", "number": "7194174374", "date": "2021-01-22 19:24:00", "subject": "3", "recorded-or-robo": "", "city": "", "state": "CO", "area-code": "719"}, {"id": "03e293b3df9e35eadf15c561196863d2", "number": "7194174374", "date": "2021-01-22 19:24:00", "subject": "3", "recorded-or-robo": "", "city": "", "state": "CO", "area-code": "719"}, {"id": "3decc6bfadaa436a105714c6bad245cc", "number": "6157524065", "date": "2021-01-24 17:00:00", "subject": "2", "recorded-or-robo": "Y", "city": "Sappington", "state": "MO", "area-code": "314"}, {"id": "03e293b3df9e35eadf15c56119685839", "number": "6157524065", "date": "2021-01-24 17:00:00", "subject": "2", "recorded-or-robo": "Y", "city": "Sappington", "state": "MO", "area-code": "314"}, {"id": "3decc6bfadaa436a105714c6bad242a2", "number": "7273355092", "date": "2021-01-15 10:44:00", "subject": "0", "recorded-or-robo": "N", "city": "Trinity", "state": "FL", "area-code": "727"}, {"id": "03e293b3df9e35eadf15c561196851e1", "number": "7273355092", "date": "2021-01-15 10:44:00", "subject": "0", "recorded-or-robo": "N", "city": "Trinity", "state": "FL", "area-code": "727"}, {"id": "3decc6bfadaa436a105714c6bad23dbb", "number": "5627023980", "date": "2021-01-24 11:00:00", "subject": "2", "recorded-or-robo": "Y", "city": "Long Beach", "state": "CA", "area-code": "562"}, {"id": "03e293b3df9e35eadf15c5611968509b", "number": "5627023980", "date": "2021-01-24 11:00:00", "subject": "2", "recorded-or-robo": "Y", "city": "Long Beach", "state": "CA", "area-code": "562"}, {"id": "3decc6bfadaa436a105714c6bad22faa", "number": "5615322890", "date": "2021-01-24 20:34:00", "subject": "0", "recorded-or-robo": "Y", "city": "LUTZ", "state": "FL", "area-code": "813"}, {"id": "03e293b3df9e35eadf15c5611968486c", "number": "5615322890", "date": "2021-01-24 20:34:00", "subject": "0", "recorded-or-robo": "Y", "city": "LUTZ", "state": "FL", "area-code": "813"}, {"id": "3decc6bfadaa436a105714c6bad22566", "number": "7139532343", "date": "2021-01-22 16:44:00", "subject": "2", "recorded-or-robo": "Y", "city": "Irving", "state": "TX", "area-code": "972"}, {"id": "03e293b3df9e35eadf15c56119683e67", "number": "7139532343", "date": "2021-01-22 16:44:00", "subject": "2", "recorded-or-robo": "Y", "city": "Irving", "state": "TX", "area-code": "972"}, {"id": "3decc6bfadaa436a105714c6bad22530", "number": "7273726304", "date": "2021-01-15 10:30:00", "subject": "0", "recorded-or-robo": "N", "city": "Trinity", "state": "FL", "area-code": "727"}, {"id": "03e293b3df9e35eadf15c561196838be", "number": "7273726304", "date": "2021-01-15 10:30:00", "subject": "0", "recorded-or-robo": "N", "city": "Trinity", "state": "FL", "area-code": "727"}, {"id": "3decc6bfadaa436a105714c6bad22037", "number": "7472564824", "date": "2021-01-21 10:38:00", "subject": "2", "recorded-or-robo": "Y", "city": "Calabasas", "state": "CA", "area-code": "818"}, {"id": "03e293b3df9e35eadf15c5611968320d", "number": "7472564824", "date": "2021-01-21 10:38:00", "subject": "2", "recorded-or-robo": "Y", "city": "Calabasas", "state": "CA", "area-code": "818"}, {"id": "3decc6bfadaa436a105714c6bad212f3", "number": "9162802705", "date": "2021-01-20 11:52:00", "subject": "4", "recorded-or-robo": "Y", "city": "Calabasas", "state": "CA", "area-code": "818"}, {"id": "03e293b3df9e35eadf15c56119682b19", "number": "9162802705", "date": "2021-01-20 11:52:00", "subject": "4", "recorded-or-robo": "Y", "city": "Calabasas", "state": "CA", "area-code": "818"}, {"id": "3decc6bfadaa436a105714c6bad20c59", "number": "5092419119", "date": "2021-01-24 17:03:00", "subject": "2", "recorded-or-robo": "Y", "city": "", "state": "WA", "area-code": "509"}, {"id": "03e293b3df9e35eadf15c56119682981", "number": "5092419119", "date": "2021-01-24 17:03:00", "subject": "2", "recorded-or-robo": "Y", "city": "", "state": "WA", "area-code": "509"}, {"id": "3decc6bfadaa436a105714c6bad1fea8", "number": "3234869438", "date": "2021-01-20 09:26:00", "subject": "2", "recorded-or-robo": "Y", "city": "Calabasas", "state": "CA", "area-code": "818"}, {"id": "03e293b3df9e35eadf15c56119681e57", "number": "3234869438", "date": "2021-01-20 09:26:00", "subject": "2", "recorded-or-robo": "Y", "city": "Calabasas", "state": "CA", "area-code": "818"}]}