{"data": [{"id": "3decc6bfadaa436a105714c6babc4eef", "number": "243909761588", "date": "2021-01-24 09:37:00", "subject": "2", "recorded-or-robo": "Y", "city": "Waterloo", "state": "IA", "area-code": "319"}, {"id": "03e293b3df9e35eadf15c56119529ae9", "number": "243909761588", "date": "2021-01-24 09:37:00", "subject": "2", "recorded-or-robo": "Y", "city": "Waterloo", "state": "IA", "area-code": "319"}, {"id": "3decc6bfadaa436a105714c6babc4ea4", "number": "7206604079", "date": "2021-01-24 11:46:00", "subject": "2", "recorded-or-robo": "Y", "city": "Eastvale", "state": "CA", "area-code": "561"}, {"id": "03e293b3df9e35eadf15c56119529895", "number": "7206604079", "date": "2021-01-24 11:46:00", "subject": "2", "recorded-or-robo": "Y", "city": "Eastvale", "state": "CA", "area-code": "561"}, {"id": "3decc6bfadaa436a105714c6babc4df2", "number": "6202637882", "date": "2021-01-21 10:03:00", "subject": "6", "recorded-or-robo": "N", "city": "HAYSVILLE", "state": "KS", "area-code": "316"}, {"id": "03e293b3df9e35eadf15c56119528f11", "number": "6202637882", "date": "2021-01-21 10:03:00", "subject": "6", "recorded-or-robo": "N", "city": "HAYSVILLE", "state": "KS", "area-code": "316"}, {"id": "3decc6bfadaa436a105714c6babc46b0", "number": "2169066767", "date": "2021-01-24 15:50:00", "subject": "0", "recorded-or-robo": "Y", "city": "Ohio", "state": "OH", "area-code": "216"}, {"id": "03e293b3df9e35eadf15c56119528570", "number": "2169066767", "date": "2021-01-24 15:50:00", "subject": "0", "recorded-or-robo": "Y", "city": "Ohio", "state": "OH", "area-code": "216"}, {"id": "3decc6bfadaa436a105714c6babc4176", "number": "6492318287", "date": "2021-01-24 15:43:00", "subject": "0", "recorded-or-robo": "Y", "city": "Waterloo", "state": "IA", "area-code": "319"}, {"id": "03e293b3df9e35eadf15c56119528560", "number": "6492318287", "date": "2021-01-24 15:43:00", "subject": "0", "recorded-or-robo": "Y", "city": "Waterloo", "state": "IA", "area-code": "319"}, {"id": "3decc6bfadaa436a105714c6babc2d79", "number": "5163198265", "date": "2021-01-22 12:00:00", "subject": "3", "recorded-or-robo": "", "city": "", "state": "NY", "area-code": "516"}, {"id": "03e293b3df9e35eadf15c561195272a4", "number": "5163198265", "date": "2021-01-22 12:00:00", "subject": "3", "recorded-or-robo": "", "city": "", "state": "NY", "area-code": "516"}, {"id": "3decc6bfadaa436a105714c6babc31e6", "number": "4693421995", "date": "2021-01-23 14:36:00", "subject": "0", "recorded-or-robo": "N", "city": "Jasper", "state": "AL", "area-code": "205"}, {"id": "03e293b3df9e35eadf15c56119527d6e", "number": "4693421995", "date": "2021-01-23 14:36:00", "subject": "0", "recorded-or-robo": "N", "city": "Jasper", "state": "AL", "area-code": "205"}, {"id": "3decc6bfadaa436a105714c6babc282b", "number": "3606319594", "date": "2021-01-21 14:24:00", "subject": "6", "recorded-or-robo": "Y", "city": "Olympia", "state": "WA", "area-code": "360"}, {"id": "03e293b3df9e35eadf15c5611952674f", "number": "3606319594", "date": "2021-01-21 14:24:00", "subject": "6", "recorded-or-robo": "Y", "city": "Olympia", "state": "WA", "area-code": "360"}, {"id": "3decc6bfadaa436a105714c6babc1e7e", "number": "8556787186", "date": "2021-01-24 04:39:00", "subject": "11", "recorded-or-robo": "Y", "city": "", "state": "FL", "area-code": "813"}, {"id": "03e293b3df9e35eadf15c56119525c91", "number": "8556787186", "date": "2021-01-24 04:39:00", "subject": "11", "recorded-or-robo": "Y", "city": "", "state": "FL", "area-code": "813"}, {"id": "3decc6bfadaa436a105714c6babc1478", "number": "3168359215", "date": "2021-01-21 12:31:00", "subject": "6", "recorded-or-robo": "N", "city": "HAYSVILLE", "state": "KS", "area-code": "316"}, {"id": "03e293b3df9e35eadf15c56119525a60", "number": "3168359215", "date": "2021-01-21 12:31:00", "subject": "6", "recorded-or-robo": "N", "city": "HAYSVILLE", "state": "KS", "area-code": "316"}, {"id": "3decc6bfadaa436a105714c6babc04ac", "number": "4693421995", "date": "2021-01-23 10:28:00", "subject": "0", "recorded-or-robo": "N", "city": "Jasper", "state": "AL", "area-code": "205"}, {"id": "03e293b3df9e35eadf15c56119525571", "number": "4693421995", "date": "2021-01-23 10:28:00", "subject": "0", "recorded-or-robo": "N", "city": "Jasper", "state": "AL", "area-code": "205"}, {"id": "3decc6bfadaa436a105714c6babbfc13", "number": "6029222551", "date": "2021-01-22 11:42:00", "subject": "2", "recorded-or-robo": "Y", "city": "Garden City", "state": "KS", "area-code": "620"}, {"id": "03e293b3df9e35eadf15c56119525420", "number": "6029222551", "date": "2021-01-22 11:42:00", "subject": "2", "recorded-or-robo": "Y", "city": "Garden City", "state": "KS", "area-code": "620"}, {"id": "3decc6bfadaa436a105714c6babbf48b", "number": "7164950014", "date": "2021-01-24 16:49:00", "subject": "11", "recorded-or-robo": "N", "city": "Jacksonville", "state": "FL", "area-code": "904"}, {"id": "03e293b3df9e35eadf15c5611952500e", "number": "7164950014", "date": "2021-01-24 16:49:00", "subject": "11", "recorded-or-robo": "N", "city": "Jacksonville", "state": "FL", "area-code": "904"}, {"id": "3decc6bfadaa436a105714c6babbe8ff", "number": "8884521605", "date": "2021-01-24 13:55:00", "subject": "2", "recorded-or-robo": "Y", "city": "Redmond", "state": "WA", "area-code": "425"}, {"id": "03e293b3df9e35eadf15c5611952498f", "number": "8884521605", "date": "2021-01-24 13:55:00", "subject": "2", "recorded-or-robo": "Y", "city": "Redmond", "state": "WA", "area-code": "425"}, {"id": "3decc6bfadaa436a105714c6babbda69", "number": "4693421995", "date": "2021-01-23 08:18:00", "subject": "0", "recorded-or-robo": "N", "city": "Jasper", "state": "AL", "area-code": "205"}, {"id": "03e293b3df9e35eadf15c56119524521", "number": "4693421995", "date": "2021-01-23 08:18:00", "subject": "0", "recorded-or-robo": "N", "city": "Jasper", "state": "AL", "area-code": "205"}, {"id": "3decc6bfadaa436a105714c6babbcdbe", "number": "2307724", "date": "2021-01-21 09:30:00", "subject": "4", "recorded-or-robo": "Y", "city": "GARDEN CITY", "state": "KS", "area-code": "620"}, {"id": "03e293b3df9e35eadf15c5611952361b", "number": "2307724", "date": "2021-01-21 09:30:00", "subject": "4", "recorded-or-robo": "Y", "city": "GARDEN CITY", "state": "KS", "area-code": "620"}, {"id": "3decc6bfadaa436a105714c6babbcd79", "number": "9362233278", "date": "2021-01-23 15:28:00", "subject": "0", "recorded-or-robo": "Y", "city": "", "state": "TX", "area-code": "936"}, {"id": "03e293b3df9e35eadf15c561195230ef", "number": "9362233278", "date": "2021-01-23 15:28:00", "subject": "0", "recorded-or-robo": "Y", "city": "", "state": "TX", "area-code": "936"}, {"id": "3decc6bfadaa436a105714c6babbbfb2", "number": "5303629543", "date": "2021-01-21 12:00:00", "subject": "15", "recorded-or-robo": "N", "city": "Henderson", "state": "NV", "area-code": "702"}, {"id": "3decc6bfadaa436a105714c6babbba0c", "number": "7182446820", "date": "2021-01-24 13:23:00", "subject": "1", "recorded-or-robo": "Y", "city": "Savoy", "state": "IL", "area-code": "217"}, {"id": "03e293b3df9e35eadf15c5611952244d", "number": "5303629543", "date": "2021-01-21 12:00:00", "subject": "15", "recorded-or-robo": "N", "city": "Henderson", "state": "NV", "area-code": "702"}, {"id": "03e293b3df9e35eadf15c56119521fbc", "number": "7182446820", "date": "2021-01-24 13:23:00", "subject": "1", "recorded-or-robo": "Y", "city": "Savoy", "state": "IL", "area-code": "217"}, {"id": "3decc6bfadaa436a105714c6babbae6c", "number": "9362067638", "date": "2021-01-23 15:26:00", "subject": "0", "recorded-or-robo": "Y", "city": "", "state": "TX", "area-code": "936"}, {"id": "03e293b3df9e35eadf15c56119521221", "number": "9362067638", "date": "2021-01-23 15:26:00", "subject": "0", "recorded-or-robo": "Y", "city": "", "state": "TX", "area-code": "936"}, {"id": "3decc6bfadaa436a105714c6babba9bc", "number": "2169062714", "date": "2021-01-24 15:39:00", "subject": "0", "recorded-or-robo": "Y", "city": "Ohio", "state": "OH", "area-code": "216"}, {"id": "03e293b3df9e35eadf15c56119520437", "number": "2169062714", "date": "2021-01-24 15:39:00", "subject": "0", "recorded-or-robo": "Y", "city": "Ohio", "state": "OH", "area-code": "216"}, {"id": "3decc6bfadaa436a105714c6babba1f7", "number": "6467803465", "date": "2021-01-24 12:34:00", "subject": "2", "recorded-or-robo": "Y", "city": "NEW YORK", "state": "NY", "area-code": "646"}, {"id": "03e293b3df9e35eadf15c5611951fdf1", "number": "6467803465", "date": "2021-01-24 12:34:00", "subject": "2", "recorded-or-robo": "Y", "city": "NEW YORK", "state": "NY", "area-code": "646"}, {"id": "3decc6bfadaa436a105714c6babb99a4", "number": "9362067638", "date": "2021-01-23 15:29:00", "subject": "0", "recorded-or-robo": "Y", "city": "", "state": "TX", "area-code": "936"}, {"id": "03e293b3df9e35eadf15c5611951f700", "number": "9362067638", "date": "2021-01-23 15:29:00", "subject": "0", "recorded-or-robo": "Y", "city": "", "state": "TX", "area-code": "936"}, {"id": "3decc6bfadaa436a105714c6babb877c", "number": "5162422461", "date": "2021-01-22 13:16:00", "subject": "3", "recorded-or-robo": "", "city": "", "state": "NY", "area-code": "516"}, {"id": "03e293b3df9e35eadf15c5611951e648", "number": "5162422461", "date": "2021-01-22 13:16:00", "subject": "3", "recorded-or-robo": "", "city": "", "state": "NY", "area-code": "516"}, {"id": "3decc6bfadaa436a105714c6babb912f", "number": "9362139048", "date": "2021-01-23 15:35:00", "subject": "2", "recorded-or-robo": "Y", "city": "", "state": "TX", "area-code": "936"}, {"id": "03e293b3df9e35eadf15c5611951f08d", "number": "9362139048", "date": "2021-01-23 15:35:00", "subject": "2", "recorded-or-robo": "Y", "city": "", "state": "TX", "area-code": "936"}]}