{"data": [{"id": "3decc6bfadaa436a105714c6ba9ba920", "number": "5099462095", "date": "2021-01-24 08:47:00", "subject": "2", "recorded-or-robo": "Y", "city": "Richland", "state": "WA", "area-code": "509"}, {"id": "03e293b3df9e35eadf15c561193241ea", "number": "5099462095", "date": "2021-01-24 08:47:00", "subject": "2", "recorded-or-robo": "Y", "city": "Richland", "state": "WA", "area-code": "509"}, {"id": "3decc6bfadaa436a105714c6ba9ba784", "number": "2094210263", "date": "2021-01-22 00:00:00", "subject": "3", "recorded-or-robo": "Y", "city": "", "state": "CA", "area-code": "209"}, {"id": "03e293b3df9e35eadf15c56119324041", "number": "2094210263", "date": "2021-01-22 00:00:00", "subject": "3", "recorded-or-robo": "Y", "city": "", "state": "CA", "area-code": "209"}, {"id": "3decc6bfadaa436a105714c6ba9ba43c", "number": "2019197781", "date": "2021-01-24 12:00:00", "subject": "11", "recorded-or-robo": "Y", "city": "Upper Saddle River", "state": "NJ", "area-code": "201"}, {"id": "03e293b3df9e35eadf15c561193230b7", "number": "2019197781", "date": "2021-01-24 12:00:00", "subject": "11", "recorded-or-robo": "Y", "city": "Upper Saddle River", "state": "NJ", "area-code": "201"}, {"id": "3decc6bfadaa436a105714c6ba9b9994", "number": "3152328257", "date": "2021-01-24 11:09:00", "subject": "11", "recorded-or-robo": "Y", "city": "", "state": "MO", "area-code": "314"}, {"id": "03e293b3df9e35eadf15c5611932244e", "number": "3152328257", "date": "2021-01-24 11:09:00", "subject": "11", "recorded-or-robo": "Y", "city": "", "state": "MO", "area-code": "314"}, {"id": "3decc6bfadaa436a105714c6ba9b7cb2", "number": "", "date": "2021-01-24 12:10:00", "subject": "3", "recorded-or-robo": "N", "city": "", "state": "NJ", "area-code": "732"}, {"id": "03e293b3df9e35eadf15c561193207da", "number": "", "date": "2021-01-24 12:10:00", "subject": "3", "recorded-or-robo": "N", "city": "", "state": "NJ", "area-code": "732"}, {"id": "3decc6bfadaa436a105714c6ba9b9618", "number": "", "date": "2021-01-24 08:33:00", "subject": "1", "recorded-or-robo": "Y", "city": "UNION GAP", "state": "WA", "area-code": "509"}, {"id": "03e293b3df9e35eadf15c5611932177d", "number": "", "date": "2021-01-24 08:33:00", "subject": "1", "recorded-or-robo": "Y", "city": "UNION GAP", "state": "WA", "area-code": "509"}, {"id": "3decc6bfadaa436a105714c6ba9b8914", "number": "5594959363", "date": "2021-01-20 00:00:00", "subject": "3", "recorded-or-robo": "Y", "city": "", "state": "CA", "area-code": "209"}, {"id": "03e293b3df9e35eadf15c5611932140b", "number": "5594959363", "date": "2021-01-20 00:00:00", "subject": "3", "recorded-or-robo": "Y", "city": "", "state": "CA", "area-code": "209"}, {"id": "3decc6bfadaa436a105714c6ba9b84c3", "number": "2098387974", "date": "2021-01-18 00:00:00", "subject": "3", "recorded-or-robo": "Y", "city": "", "state": "CA", "area-code": "209"}, {"id": "03e293b3df9e35eadf15c5611932120e", "number": "2098387974", "date": "2021-01-18 00:00:00", "subject": "3", "recorded-or-robo": "Y", "city": "", "state": "CA", "area-code": "209"}, {"id": "3decc6bfadaa436a105714c6ba9b7649", "number": "8556780916", "date": "2021-01-23 13:26:00", "subject": "2", "recorded-or-robo": "Y", "city": "Pickerington", "state": "OH", "area-code": "740"}, {"id": "03e293b3df9e35eadf15c5611931fcf9", "number": "8556780916", "date": "2021-01-23 13:26:00", "subject": "2", "recorded-or-robo": "Y", "city": "Pickerington", "state": "OH", "area-code": "740"}, {"id": "3decc6bfadaa436a105714c6ba9b75e7", "number": "2035990011", "date": "2021-01-22 15:00:00", "subject": "5", "recorded-or-robo": "N", "city": "WEST HAVEN", "state": "CT", "area-code": "203"}, {"id": "03e293b3df9e35eadf15c5611931f45f", "number": "2035990011", "date": "2021-01-22 15:00:00", "subject": "5", "recorded-or-robo": "N", "city": "WEST HAVEN", "state": "CT", "area-code": "203"}, {"id": "3decc6bfadaa436a105714c6ba9b71cb", "number": "7577603431", "date": "2021-01-22 17:03:00", "subject": "3", "recorded-or-robo": "", "city": "Fairfax Station", "state": "VA", "area-code": "703"}, {"id": "03e293b3df9e35eadf15c5611931f2a6", "number": "7577603431", "date": "2021-01-22 17:03:00", "subject": "3", "recorded-or-robo": "", "city": "Fairfax Station", "state": "VA", "area-code": "703"}, {"id": "3decc6bfadaa436a105714c6ba9b633f", "number": "6368874611", "date": "2021-01-24 11:12:00", "subject": "1", "recorded-or-robo": "Y", "city": "Wentzville", "state": "MO", "area-code": "636"}, {"id": "03e293b3df9e35eadf15c5611931e5c5", "number": "6368874611", "date": "2021-01-24 11:12:00", "subject": "1", "recorded-or-robo": "Y", "city": "Wentzville", "state": "MO", "area-code": "636"}, {"id": "3decc6bfadaa436a105714c6ba9b6188", "number": "4792693152", "date": "2021-01-24 12:17:00", "subject": "7", "recorded-or-robo": "Y", "city": "Clover", "state": "SC", "area-code": "724"}, {"id": "03e293b3df9e35eadf15c5611931d62b", "number": "4792693152", "date": "2021-01-24 12:17:00", "subject": "7", "recorded-or-robo": "Y", "city": "Clover", "state": "SC", "area-code": "724"}, {"id": "3decc6bfadaa436a105714c6ba9b5647", "number": "8556550811", "date": "2021-01-17 00:07:00", "subject": "11", "recorded-or-robo": "N", "city": "Ashville", "state": "OH", "area-code": "855"}, {"id": "03e293b3df9e35eadf15c5611931c88a", "number": "8556550811", "date": "2021-01-17 00:07:00", "subject": "11", "recorded-or-robo": "N", "city": "Ashville", "state": "OH", "area-code": "855"}, {"id": "3decc6bfadaa436a105714c6ba9b4fdc", "number": "5866005340", "date": "2021-01-22 00:00:00", "subject": "2", "recorded-or-robo": "Y", "city": "Muskegon", "state": "MI", "area-code": "231"}, {"id": "03e293b3df9e35eadf15c5611931bdf0", "number": "5866005340", "date": "2021-01-22 00:00:00", "subject": "2", "recorded-or-robo": "Y", "city": "Muskegon", "state": "MI", "area-code": "231"}, {"id": "3decc6bfadaa436a105714c6ba9b43b6", "number": "5099463504", "date": "2021-01-24 08:40:00", "subject": "2", "recorded-or-robo": "Y", "city": "Richland", "state": "WA", "area-code": "509"}, {"id": "03e293b3df9e35eadf15c5611931b029", "number": "5099463504", "date": "2021-01-24 08:40:00", "subject": "2", "recorded-or-robo": "Y", "city": "Richland", "state": "WA", "area-code": "509"}, {"id": "3decc6bfadaa436a105714c6ba9b3dc5", "number": "8556785711", "date": "2021-01-23 19:56:00", "subject": "2", "recorded-or-robo": "Y", "city": "Pickerington", "state": "OH", "area-code": "740"}, {"id": "03e293b3df9e35eadf15c5611931a0ac", "number": "8556785711", "date": "2021-01-23 19:56:00", "subject": "2", "recorded-or-robo": "Y", "city": "Pickerington", "state": "OH", "area-code": "740"}, {"id": "3decc6bfadaa436a105714c6ba9b3c6f", "number": "8665320423", "date": "2021-01-24 08:16:00", "subject": "4", "recorded-or-robo": "Y", "city": "Chula Vista", "state": "CA", "area-code": "619"}, {"id": "03e293b3df9e35eadf15c561193197c4", "number": "8665320423", "date": "2021-01-24 08:16:00", "subject": "4", "recorded-or-robo": "Y", "city": "Chula Vista", "state": "CA", "area-code": "619"}, {"id": "3decc6bfadaa436a105714c6ba9b34bc", "number": "2562421179", "date": "2021-01-24 11:00:00", "subject": "8", "recorded-or-robo": "N", "city": "BIRMINGHAM", "state": "AL", "area-code": "205"}, {"id": "03e293b3df9e35eadf15c56119318fff", "number": "2562421179", "date": "2021-01-24 11:00:00", "subject": "8", "recorded-or-robo": "N", "city": "BIRMINGHAM", "state": "AL", "area-code": "205"}, {"id": "3decc6bfadaa436a105714c6ba9b2f0a", "number": "8556787416", "date": "2021-01-24 00:05:00", "subject": "11", "recorded-or-robo": "N", "city": "Ashville", "state": "OH", "area-code": "855"}, {"id": "03e293b3df9e35eadf15c56119318542", "number": "8556787416", "date": "2021-01-24 00:05:00", "subject": "11", "recorded-or-robo": "N", "city": "Ashville", "state": "OH", "area-code": "855"}, {"id": "3decc6bfadaa436a105714c6ba9b2aff", "number": "8556786953", "date": "2021-01-24 07:14:00", "subject": "2", "recorded-or-robo": "Y", "city": "West Richland", "state": "WA", "area-code": "509"}, {"id": "03e293b3df9e35eadf15c56119317fec", "number": "8556786953", "date": "2021-01-24 07:14:00", "subject": "2", "recorded-or-robo": "Y", "city": "West Richland", "state": "WA", "area-code": "509"}, {"id": "3decc6bfadaa436a105714c6ba9b2581", "number": "3152328257", "date": "2021-01-23 13:47:00", "subject": "2", "recorded-or-robo": "Y", "city": "Selah", "state": "WA", "area-code": "509"}, {"id": "03e293b3df9e35eadf15c561193175c3", "number": "3152328257", "date": "2021-01-23 13:47:00", "subject": "2", "recorded-or-robo": "Y", "city": "Selah", "state": "WA", "area-code": "509"}, {"id": "3decc6bfadaa436a105714c6ba9b2181", "number": "8556787793", "date": "2021-01-24 11:07:00", "subject": "2", "recorded-or-robo": "Y", "city": "Pickerington", "state": "OH", "area-code": "740"}, {"id": "03e293b3df9e35eadf15c56119316dea", "number": "8556787793", "date": "2021-01-24 11:07:00", "subject": "2", "recorded-or-robo": "Y", "city": "Pickerington", "state": "OH", "area-code": "740"}, {"id": "3decc6bfadaa436a105714c6ba9b1ea2", "number": "6195030594", "date": "2021-01-24 11:42:00", "subject": "3", "recorded-or-robo": "Y", "city": "", "state": "NJ", "area-code": "201"}, {"id": "03e293b3df9e35eadf15c561193166fe", "number": "6195030594", "date": "2021-01-24 11:42:00", "subject": "3", "recorded-or-robo": "Y", "city": "", "state": "NJ", "area-code": "201"}, {"id": "3decc6bfadaa436a105714c6ba9b1a7a", "number": "9892797815", "date": "2021-01-22 00:00:00", "subject": "2", "recorded-or-robo": "Y", "city": "Muskegon", "state": "MI", "area-code": "231"}, {"id": "03e293b3df9e35eadf15c56119315e05", "number": "9892797815", "date": "2021-01-22 00:00:00", "subject": "2", "recorded-or-robo": "Y", "city": "Muskegon", "state": "MI", "area-code": "231"}]}