{"data": [{"id": "3decc6bfadaa436a105714c6bad70ebe", "number": "9167267361", "date": "2021-01-24 18:21:00", "subject": "1", "recorded-or-robo": "Y", "city": "citrus heights.", "state": "CA", "area-code": "916"}, {"id": "03e293b3df9e35eadf15c561196cbeeb", "number": "9167267361", "date": "2021-01-24 18:21:00", "subject": "1", "recorded-or-robo": "Y", "city": "citrus heights.", "state": "CA", "area-code": "916"}, {"id": "3decc6bfadaa436a105714c6bad705c7", "number": "8189572786", "date": "2021-01-24 17:49:00", "subject": "3", "recorded-or-robo": "N", "city": "", "state": "CA", "area-code": "818"}, {"id": "03e293b3df9e35eadf15c561196cbe98", "number": "8189572786", "date": "2021-01-24 17:49:00", "subject": "3", "recorded-or-robo": "N", "city": "", "state": "CA", "area-code": "818"}, {"id": "3decc6bfadaa436a105714c6bad702c6", "number": "4056999921", "date": "2021-01-23 16:38:00", "subject": "2", "recorded-or-robo": "N", "city": "Edmond", "state": "OK", "area-code": "405"}, {"id": "03e293b3df9e35eadf15c561196cb496", "number": "4056999921", "date": "2021-01-23 16:38:00", "subject": "2", "recorded-or-robo": "N", "city": "Edmond", "state": "OK", "area-code": "405"}, {"id": "3decc6bfadaa436a105714c6bad6fe70", "number": "4147319717", "date": "2021-01-21 08:22:00", "subject": "0", "recorded-or-robo": "N", "city": "Minneapolis", "state": "MN", "area-code": "414"}, {"id": "03e293b3df9e35eadf15c561196cacb3", "number": "4147319717", "date": "2021-01-21 08:22:00", "subject": "0", "recorded-or-robo": "N", "city": "Minneapolis", "state": "MN", "area-code": "414"}, {"id": "3decc6bfadaa436a105714c6bad6ef3a", "number": "7274341208", "date": "2021-01-22 14:05:00", "subject": "0", "recorded-or-robo": "N", "city": "Trinity", "state": "FL", "area-code": "727"}, {"id": "03e293b3df9e35eadf15c561196cacb2", "number": "7274341208", "date": "2021-01-22 14:05:00", "subject": "0", "recorded-or-robo": "N", "city": "Trinity", "state": "FL", "area-code": "727"}, {"id": "3decc6bfadaa436a105714c6bad6e62e", "number": "", "date": "2021-01-24 00:00:00", "subject": "3", "recorded-or-robo": "Y", "city": "", "state": "NY", "area-code": "845"}, {"id": "03e293b3df9e35eadf15c561196ca24a", "number": "", "date": "2021-01-24 00:00:00", "subject": "3", "recorded-or-robo": "Y", "city": "", "state": "NY", "area-code": "845"}, {"id": "3decc6bfadaa436a105714c6bad6e51a", "number": "4142899154", "date": "2021-01-21 09:40:00", "subject": "0", "recorded-or-robo": "N", "city": "Minneapolis", "state": "WI", "area-code": "414"}, {"id": "03e293b3df9e35eadf15c561196c9d12", "number": "4142899154", "date": "2021-01-21 09:40:00", "subject": "0", "recorded-or-robo": "N", "city": "Minneapolis", "state": "WI", "area-code": "414"}, {"id": "3decc6bfadaa436a105714c6bad6e484", "number": "3146045302", "date": "2021-01-23 11:26:00", "subject": "11", "recorded-or-robo": "Y", "city": "", "state": "MO", "area-code": "314"}, {"id": "03e293b3df9e35eadf15c561196c993a", "number": "3146045302", "date": "2021-01-23 11:26:00", "subject": "11", "recorded-or-robo": "Y", "city": "", "state": "MO", "area-code": "314"}, {"id": "3decc6bfadaa436a105714c6bad6da5d", "number": "3146045302", "date": "2021-01-24 18:12:00", "subject": "11", "recorded-or-robo": "Y", "city": "", "state": "TN", "area-code": "615"}, {"id": "03e293b3df9e35eadf15c561196c9790", "number": "3146045302", "date": "2021-01-24 18:12:00", "subject": "11", "recorded-or-robo": "Y", "city": "", "state": "TN", "area-code": "615"}, {"id": "3decc6bfadaa436a105714c6bad6d1fb", "number": "4147312137", "date": "2021-01-21 10:25:00", "subject": "0", "recorded-or-robo": "N", "city": "Minneapolis", "state": "MN", "area-code": "414"}, {"id": "03e293b3df9e35eadf15c561196c8ed3", "number": "4147312137", "date": "2021-01-21 10:25:00", "subject": "0", "recorded-or-robo": "N", "city": "Minneapolis", "state": "MN", "area-code": "414"}, {"id": "3decc6bfadaa436a105714c6bad6c2cd", "number": "9722437193", "date": "2021-01-24 00:00:00", "subject": "2", "recorded-or-robo": "Y", "city": "FARMERS BRANCH", "state": "TX", "area-code": "972"}, {"id": "03e293b3df9e35eadf15c561196c8d34", "number": "9722437193", "date": "2021-01-24 00:00:00", "subject": "2", "recorded-or-robo": "Y", "city": "FARMERS BRANCH", "state": "TX", "area-code": "972"}, {"id": "3decc6bfadaa436a105714c6bad6bb31", "number": "", "date": "2021-01-24 00:00:00", "subject": "3", "recorded-or-robo": "Y", "city": "", "state": "NY", "area-code": "845"}, {"id": "03e293b3df9e35eadf15c561196c7df7", "number": "", "date": "2021-01-24 00:00:00", "subject": "3", "recorded-or-robo": "Y", "city": "", "state": "NY", "area-code": "845"}, {"id": "3decc6bfadaa436a105714c6bad6adac", "number": "8885826870", "date": "2021-01-24 11:13:00", "subject": "4", "recorded-or-robo": "Y", "city": "FORT WORTH", "state": "TX", "area-code": "817"}, {"id": "03e293b3df9e35eadf15c561196c7885", "number": "8885826870", "date": "2021-01-24 11:13:00", "subject": "4", "recorded-or-robo": "Y", "city": "FORT WORTH", "state": "TX", "area-code": "817"}, {"id": "3decc6bfadaa436a105714c6bad6aa72", "number": "7154550903", "date": "2021-01-21 11:40:00", "subject": "0", "recorded-or-robo": "N", "city": "Minneapolis", "state": "MN", "area-code": "414"}, {"id": "3decc6bfadaa436a105714c6bad69b9e", "number": "3146045302", "date": "2021-01-24 18:42:00", "subject": "1", "recorded-or-robo": "Y", "city": "", "state": "TN", "area-code": "615"}, {"id": "03e293b3df9e35eadf15c561196c6f56", "number": "7154550903", "date": "2021-01-21 11:40:00", "subject": "0", "recorded-or-robo": "N", "city": "Minneapolis", "state": "MN", "area-code": "414"}, {"id": "03e293b3df9e35eadf15c561196c6aeb", "number": "3146045302", "date": "2021-01-24 18:42:00", "subject": "1", "recorded-or-robo": "Y", "city": "", "state": "TN", "area-code": "615"}, {"id": "3decc6bfadaa436a105714c6bad69b54", "number": "4147312251", "date": "2021-01-24 19:28:00", "subject": "2", "recorded-or-robo": "Y", "city": "Minneapolis", "state": "WI", "area-code": "414"}, {"id": "03e293b3df9e35eadf15c561196c5e07", "number": "4147312251", "date": "2021-01-24 19:28:00", "subject": "2", "recorded-or-robo": "Y", "city": "Minneapolis", "state": "WI", "area-code": "414"}, {"id": "3decc6bfadaa436a105714c6bad68fa6", "number": "9722431027", "date": "2021-01-24 13:20:00", "subject": "2", "recorded-or-robo": "Y", "city": "FARMERS BRANCH", "state": "TX", "area-code": "972"}, {"id": "03e293b3df9e35eadf15c561196c5af6", "number": "9722431027", "date": "2021-01-24 13:20:00", "subject": "2", "recorded-or-robo": "Y", "city": "FARMERS BRANCH", "state": "TX", "area-code": "972"}, {"id": "3decc6bfadaa436a105714c6bad68f5e", "number": "3146045302", "date": "2021-01-24 19:07:00", "subject": "11", "recorded-or-robo": "Y", "city": "", "state": "TN", "area-code": "615"}, {"id": "03e293b3df9e35eadf15c561196c4d2b", "number": "3146045302", "date": "2021-01-24 19:07:00", "subject": "11", "recorded-or-robo": "Y", "city": "", "state": "TN", "area-code": "615"}, {"id": "3decc6bfadaa436a105714c6bad68b2c", "number": "7273725195", "date": "2021-01-22 13:06:00", "subject": "0", "recorded-or-robo": "N", "city": "Trinity", "state": "FL", "area-code": "727"}, {"id": "03e293b3df9e35eadf15c561196c4b71", "number": "7273725195", "date": "2021-01-22 13:06:00", "subject": "0", "recorded-or-robo": "N", "city": "Trinity", "state": "FL", "area-code": "727"}, {"id": "3decc6bfadaa436a105714c6bad67cdd", "number": "4147318576", "date": "2021-01-24 19:08:00", "subject": "2", "recorded-or-robo": "Y", "city": "Minneapolis", "state": "WI", "area-code": "414"}, {"id": "03e293b3df9e35eadf15c561196c3c0a", "number": "4147318576", "date": "2021-01-24 19:08:00", "subject": "2", "recorded-or-robo": "Y", "city": "Minneapolis", "state": "WI", "area-code": "414"}, {"id": "3decc6bfadaa436a105714c6bad671b8", "number": "6153778879", "date": "2021-01-21 11:32:00", "subject": "2", "recorded-or-robo": "Y", "city": "", "state": "TN", "area-code": "615"}, {"id": "03e293b3df9e35eadf15c561196c3a53", "number": "6153778879", "date": "2021-01-21 11:32:00", "subject": "2", "recorded-or-robo": "Y", "city": "", "state": "TN", "area-code": "615"}, {"id": "3decc6bfadaa436a105714c6bad66cfc", "number": "8188482902", "date": "2021-01-24 17:40:00", "subject": "12", "recorded-or-robo": "Y", "city": "TUJUNGA", "state": "CA", "area-code": "818"}, {"id": "03e293b3df9e35eadf15c561196c37cc", "number": "8188482902", "date": "2021-01-24 17:40:00", "subject": "12", "recorded-or-robo": "Y", "city": "TUJUNGA", "state": "CA", "area-code": "818"}, {"id": "3decc6bfadaa436a105714c6bad669b4", "number": "4147318332", "date": "2021-01-24 18:50:00", "subject": "2", "recorded-or-robo": "Y", "city": "Minneapolis", "state": "WI", "area-code": "414"}, {"id": "03e293b3df9e35eadf15c561196c30d0", "number": "4147318332", "date": "2021-01-24 18:50:00", "subject": "2", "recorded-or-robo": "Y", "city": "Minneapolis", "state": "WI", "area-code": "414"}, {"id": "3decc6bfadaa436a105714c6bad65a25", "number": "9722431376", "date": "2021-01-24 13:56:00", "subject": "2", "recorded-or-robo": "Y", "city": "FARMERS BRANCH", "state": "TX", "area-code": "972"}, {"id": "03e293b3df9e35eadf15c561196c2f7a", "number": "9722431376", "date": "2021-01-24 13:56:00", "subject": "2", "recorded-or-robo": "Y", "city": "FARMERS BRANCH", "state": "TX", "area-code": "972"}, {"id": "3decc6bfadaa436a105714c6bad64d6e", "number": "7273724776", "date": "2021-01-22 12:53:00", "subject": "0", "recorded-or-robo": "N", "city": "Trinity", "state": "FL", "area-code": "727"}, {"id": "03e293b3df9e35eadf15c561196c2852", "number": "7273724776", "date": "2021-01-22 12:53:00", "subject": "0", "recorded-or-robo": "N", "city": "Trinity", "state": "FL", "area-code": "727"}]}