{"data": [{"id": "3decc6bfadaa436a105714c6ba60bf7b", "number": "8453199567", "date": "2020-12-21 00:00:00", "subject": "3", "recorded-or-robo": "Y", "city": "", "state": "AZ", "area-code": "520"}, {"id": "1d36742e3f24f50e4e7ae82801f6bd90", "number": "8453199567", "date": "2020-12-21 00:00:00", "subject": "3", "recorded-or-robo": "Y", "city": "", "state": "AZ", "area-code": "520"}, {"id": "3decc6bfadaa436a105714c6ba60b1c4", "number": "8003148231", "date": "2021-01-23 04:53:00", "subject": "2", "recorded-or-robo": "N", "city": "Durham", "state": "NC", "area-code": "706"}, {"id": "1d36742e3f24f50e4e7ae82801f6bd5a", "number": "8003148231", "date": "2021-01-23 04:53:00", "subject": "2", "recorded-or-robo": "N", "city": "Durham", "state": "NC", "area-code": "706"}, {"id": "3decc6bfadaa436a105714c6ba60a350", "number": "8122321130", "date": "2021-01-23 08:09:00", "subject": "2", "recorded-or-robo": "Y", "city": "", "state": "CA", "area-code": "310"}, {"id": "1d36742e3f24f50e4e7ae82801f6bb2d", "number": "8122321130", "date": "2021-01-23 08:09:00", "subject": "2", "recorded-or-robo": "Y", "city": "", "state": "CA", "area-code": "310"}, {"id": "3decc6bfadaa436a105714c6ba609772", "number": "3393334034", "date": "2021-01-23 11:24:00", "subject": "3", "recorded-or-robo": "", "city": "", "state": "NC", "area-code": "252"}, {"id": "1d36742e3f24f50e4e7ae82801f6b8c2", "number": "3393334034", "date": "2021-01-23 11:24:00", "subject": "3", "recorded-or-robo": "", "city": "", "state": "NC", "area-code": "252"}, {"id": "3decc6bfadaa436a105714c6ba609260", "number": "7152008443", "date": "2021-01-20 19:56:00", "subject": "0", "recorded-or-robo": "N", "city": "Phoenix", "state": "AZ", "area-code": "480"}, {"id": "1d36742e3f24f50e4e7ae82801f6ae9b", "number": "7152008443", "date": "2021-01-20 19:56:00", "subject": "0", "recorded-or-robo": "N", "city": "Phoenix", "state": "AZ", "area-code": "480"}, {"id": "3decc6bfadaa436a105714c6ba609184", "number": "3044201630", "date": "2021-01-23 19:20:00", "subject": "2", "recorded-or-robo": "N", "city": "Princeton", "state": "WV", "area-code": "304"}, {"id": "1d36742e3f24f50e4e7ae82801f6ae5e", "number": "3044201630", "date": "2021-01-23 19:20:00", "subject": "2", "recorded-or-robo": "N", "city": "Princeton", "state": "WV", "area-code": "304"}, {"id": "3decc6bfadaa436a105714c6ba6090ad", "number": "9083677350", "date": "2021-01-22 08:15:00", "subject": "0", "recorded-or-robo": "Y", "city": "", "state": "MD", "area-code": "410"}, {"id": "1d36742e3f24f50e4e7ae82801f69ffb", "number": "9083677350", "date": "2021-01-22 08:15:00", "subject": "0", "recorded-or-robo": "Y", "city": "", "state": "MD", "area-code": "410"}, {"id": "3decc6bfadaa436a105714c6ba7ff5e0", "number": "+14698377639", "date": "2021-01-23 19:29:11", "subject": "3", "recorded-or-robo": "Y", "city": "", "state": "TX", "area-code": "469"}, {"id": "03e293b3df9e35eadf15c56119165cc5", "number": "+14698377639", "date": "2021-01-23 19:29:11", "subject": "3", "recorded-or-robo": "Y", "city": "", "state": "TX", "area-code": "469"}, {"id": "3decc6bfadaa436a105714c6ba608d31", "number": "4102148756", "date": "2021-01-21 13:22:00", "subject": "0", "recorded-or-robo": "", "city": "", "state": "MD", "area-code": "410"}, {"id": "1d36742e3f24f50e4e7ae82801f690ae", "number": "4102148756", "date": "2021-01-21 13:22:00", "subject": "0", "recorded-or-robo": "", "city": "", "state": "MD", "area-code": "410"}, {"id": "3decc6bfadaa436a105714c6ba6071bd", "number": "6026101964", "date": "2021-01-01 00:00:00", "subject": "3", "recorded-or-robo": "Y", "city": "", "state": "AZ", "area-code": "520"}, {"id": "1d36742e3f24f50e4e7ae82801f67ee1", "number": "6026101964", "date": "2021-01-01 00:00:00", "subject": "3", "recorded-or-robo": "Y", "city": "", "state": "AZ", "area-code": "520"}, {"id": "3decc6bfadaa436a105714c6ba606494", "number": "2523595069", "date": "2021-01-23 11:57:00", "subject": "3", "recorded-or-robo": "N", "city": "", "state": "NC", "area-code": "252"}, {"id": "1d36742e3f24f50e4e7ae82801f67bf3", "number": "2523595069", "date": "2021-01-23 11:57:00", "subject": "3", "recorded-or-robo": "N", "city": "", "state": "NC", "area-code": "252"}, {"id": "3decc6bfadaa436a105714c6ba605d05", "number": "5067795599", "date": "2021-01-23 09:34:00", "subject": "2", "recorded-or-robo": "N", "city": "", "state": "CA", "area-code": "310"}, {"id": "1d36742e3f24f50e4e7ae82801f6731c", "number": "5067795599", "date": "2021-01-23 09:34:00", "subject": "2", "recorded-or-robo": "N", "city": "", "state": "CA", "area-code": "310"}, {"id": "3decc6bfadaa436a105714c6ba604ebd", "number": "3018428969", "date": "2021-01-22 08:00:00", "subject": "0", "recorded-or-robo": "Y", "city": "", "state": "MD", "area-code": "410"}, {"id": "1d36742e3f24f50e4e7ae82801f66c36", "number": "3018428969", "date": "2021-01-22 08:00:00", "subject": "0", "recorded-or-robo": "Y", "city": "", "state": "MD", "area-code": "410"}, {"id": "3decc6bfadaa436a105714c6ba604e00", "number": "6602215569", "date": "2021-01-23 17:15:00", "subject": "1", "recorded-or-robo": "Y", "city": "Windsor", "state": "MO", "area-code": "660"}, {"id": "1d36742e3f24f50e4e7ae82801f66a89", "number": "6602215569", "date": "2021-01-23 17:15:00", "subject": "1", "recorded-or-robo": "Y", "city": "Windsor", "state": "MO", "area-code": "660"}, {"id": "3decc6bfadaa436a105714c6ba60415e", "number": "", "date": "2021-01-14 10:53:00", "subject": "12", "recorded-or-robo": "Y", "city": "Oceanside", "state": "CA", "area-code": "760"}, {"id": "1d36742e3f24f50e4e7ae82801f66570", "number": "", "date": "2021-01-14 10:53:00", "subject": "12", "recorded-or-robo": "Y", "city": "Oceanside", "state": "CA", "area-code": "760"}, {"id": "3decc6bfadaa436a105714c6ba800a67", "number": "+18043549033", "date": "2021-01-23 19:28:11", "subject": "3", "recorded-or-robo": "N", "city": "", "state": "VA", "area-code": "804"}, {"id": "03e293b3df9e35eadf15c56119166576", "number": "+18043549033", "date": "2021-01-23 19:28:11", "subject": "3", "recorded-or-robo": "N", "city": "", "state": "VA", "area-code": "804"}, {"id": "3decc6bfadaa436a105714c6ba603adf", "number": "6232656577", "date": "2021-01-18 00:00:00", "subject": "3", "recorded-or-robo": "Y", "city": "", "state": "AZ", "area-code": "520"}, {"id": "1d36742e3f24f50e4e7ae82801f658e2", "number": "6232656577", "date": "2021-01-18 00:00:00", "subject": "3", "recorded-or-robo": "Y", "city": "", "state": "AZ", "area-code": "520"}, {"id": "3decc6bfadaa436a105714c6ba602cf5", "number": "5309411093", "date": "2021-01-23 17:04:00", "subject": "6", "recorded-or-robo": "N", "city": "Parrish", "state": "CA", "area-code": "530"}, {"id": "1d36742e3f24f50e4e7ae82801f658da", "number": "5309411093", "date": "2021-01-23 17:04:00", "subject": "6", "recorded-or-robo": "N", "city": "Parrish", "state": "CA", "area-code": "530"}, {"id": "3decc6bfadaa436a105714c6ba6029dd", "number": "4109736276", "date": "2021-01-21 09:05:00", "subject": "0", "recorded-or-robo": "", "city": "", "state": "MD", "area-code": "410"}, {"id": "1d36742e3f24f50e4e7ae82801f658ba", "number": "4109736276", "date": "2021-01-21 09:05:00", "subject": "0", "recorded-or-robo": "", "city": "", "state": "MD", "area-code": "410"}, {"id": "3decc6bfadaa436a105714c6ba602833", "number": "7812229328", "date": "2021-01-22 14:37:00", "subject": "3", "recorded-or-robo": "Y", "city": "", "state": "MO", "area-code": "636"}, {"id": "1d36742e3f24f50e4e7ae82801f650ad", "number": "7812229328", "date": "2021-01-22 14:37:00", "subject": "3", "recorded-or-robo": "Y", "city": "", "state": "MO", "area-code": "636"}, {"id": "3decc6bfadaa436a105714c6ba601ec3", "number": "4806721025", "date": "2021-01-23 13:41:00", "subject": "3", "recorded-or-robo": "", "city": "", "state": "NC", "area-code": "252"}, {"id": "1d36742e3f24f50e4e7ae82801f64c6a", "number": "4806721025", "date": "2021-01-23 13:41:00", "subject": "3", "recorded-or-robo": "", "city": "", "state": "NC", "area-code": "252"}, {"id": "3decc6bfadaa436a105714c6ba601804", "number": "", "date": "2021-01-23 16:14:00", "subject": "2", "recorded-or-robo": "Y", "city": "Portland", "state": "OR", "area-code": "804"}, {"id": "1d36742e3f24f50e4e7ae82801f63c71", "number": "", "date": "2021-01-23 16:14:00", "subject": "2", "recorded-or-robo": "Y", "city": "Portland", "state": "OR", "area-code": "804"}, {"id": "3decc6bfadaa436a105714c6ba60161b", "number": "6029041535", "date": "2021-01-23 08:08:00", "subject": "2", "recorded-or-robo": "Y", "city": "Charleston", "state": "WV", "area-code": "304"}, {"id": "1d36742e3f24f50e4e7ae82801f63a51", "number": "6029041535", "date": "2021-01-23 08:08:00", "subject": "2", "recorded-or-robo": "Y", "city": "Charleston", "state": "WV", "area-code": "304"}, {"id": "3decc6bfadaa436a105714c6ba7fe61c", "number": "2543954334", "date": "2021-01-23 19:27:28", "subject": "3", "recorded-or-robo": "Y", "city": "", "state": "TX", "area-code": "210"}, {"id": "03e293b3df9e35eadf15c56119164c33", "number": "2543954334", "date": "2021-01-23 19:27:28", "subject": "3", "recorded-or-robo": "Y", "city": "", "state": "TX", "area-code": "210"}, {"id": "3decc6bfadaa436a105714c6ba6015a2", "number": "8123045177", "date": "2021-01-23 13:53:00", "subject": "2", "recorded-or-robo": "Y", "city": "", "state": "CA", "area-code": "310"}, {"id": "1d36742e3f24f50e4e7ae82801f62dc1", "number": "8123045177", "date": "2021-01-23 13:53:00", "subject": "2", "recorded-or-robo": "Y", "city": "", "state": "CA", "area-code": "310"}]}