{"data": [{"id": "3decc6bfadaa436a105714c6babeb15b", "number": "7406845673", "date": "2021-01-24 15:58:00", "subject": "11", "recorded-or-robo": "Y", "city": "Shawnee", "state": "OH", "area-code": "740"}, {"id": "03e293b3df9e35eadf15c561195525b2", "number": "7406845673", "date": "2021-01-24 15:58:00", "subject": "11", "recorded-or-robo": "Y", "city": "Shawnee", "state": "OH", "area-code": "740"}, {"id": "3decc6bfadaa436a105714c6babeac16", "number": "8443625476", "date": "2020-05-29 15:21:00", "subject": "0", "recorded-or-robo": "Y", "city": "Dallas", "state": "CA", "area-code": "415"}, {"id": "03e293b3df9e35eadf15c56119552333", "number": "8443625476", "date": "2020-05-29 15:21:00", "subject": "0", "recorded-or-robo": "Y", "city": "Dallas", "state": "CA", "area-code": "415"}, {"id": "3decc6bfadaa436a105714c6babea45d", "number": "4149404129", "date": "2021-01-24 16:03:00", "subject": "2", "recorded-or-robo": "Y", "city": "Caledonia", "state": "WI", "area-code": "414"}, {"id": "03e293b3df9e35eadf15c56119551d20", "number": "4149404129", "date": "2021-01-24 16:03:00", "subject": "2", "recorded-or-robo": "Y", "city": "Caledonia", "state": "WI", "area-code": "414"}, {"id": "3decc6bfadaa436a105714c6babe911f", "number": "3023875653", "date": "2021-01-24 17:24:00", "subject": "3", "recorded-or-robo": "", "city": "", "state": "NY", "area-code": "212"}, {"id": "03e293b3df9e35eadf15c561195516c1", "number": "3023875653", "date": "2021-01-24 17:24:00", "subject": "3", "recorded-or-robo": "", "city": "", "state": "NY", "area-code": "212"}, {"id": "3decc6bfadaa436a105714c6babe9f11", "number": "7203613101", "date": "2021-01-24 14:27:00", "subject": "3", "recorded-or-robo": "Y", "city": "Eastvale", "state": "CA", "area-code": "561"}, {"id": "03e293b3df9e35eadf15c56119551bb4", "number": "7203613101", "date": "2021-01-24 14:27:00", "subject": "3", "recorded-or-robo": "Y", "city": "Eastvale", "state": "CA", "area-code": "561"}, {"id": "3decc6bfadaa436a105714c6babe9009", "number": "7852093558", "date": "2021-01-20 10:36:00", "subject": "2", "recorded-or-robo": "Y", "city": "", "state": "KS", "area-code": "785"}, {"id": "03e293b3df9e35eadf15c561195515e2", "number": "7852093558", "date": "2021-01-20 10:36:00", "subject": "2", "recorded-or-robo": "Y", "city": "", "state": "KS", "area-code": "785"}, {"id": "3decc6bfadaa436a105714c6babe87b5", "number": "6234008988", "date": "2021-01-24 15:00:00", "subject": "2", "recorded-or-robo": "Y", "city": "Glendale", "state": "AZ", "area-code": "602"}, {"id": "03e293b3df9e35eadf15c56119550875", "number": "6234008988", "date": "2021-01-24 15:00:00", "subject": "2", "recorded-or-robo": "Y", "city": "Glendale", "state": "AZ", "area-code": "602"}, {"id": "3decc6bfadaa436a105714c6babe7d01", "number": "7089959227", "date": "2021-01-22 14:27:00", "subject": "4", "recorded-or-robo": "Y", "city": "new york", "state": "NY", "area-code": "212"}, {"id": "03e293b3df9e35eadf15c56119550288", "number": "7089959227", "date": "2021-01-22 14:27:00", "subject": "4", "recorded-or-robo": "Y", "city": "new york", "state": "NY", "area-code": "212"}, {"id": "3decc6bfadaa436a105714c6babe6e3e", "number": "6029961244", "date": "2021-01-24 17:21:00", "subject": "0", "recorded-or-robo": "Y", "city": "Elida", "state": "OH", "area-code": "419"}, {"id": "03e293b3df9e35eadf15c5611954f4fd", "number": "6029961244", "date": "2021-01-24 17:21:00", "subject": "0", "recorded-or-robo": "Y", "city": "Elida", "state": "OH", "area-code": "419"}, {"id": "3decc6bfadaa436a105714c6babe672a", "number": "8028108110", "date": "2021-01-24 17:16:00", "subject": "2", "recorded-or-robo": "N", "city": "Apex", "state": "NC", "area-code": "919"}, {"id": "03e293b3df9e35eadf15c5611954f408", "number": "8028108110", "date": "2021-01-24 17:16:00", "subject": "2", "recorded-or-robo": "N", "city": "Apex", "state": "NC", "area-code": "919"}, {"id": "3decc6bfadaa436a105714c6babe631f", "number": "6603492251", "date": "2021-01-24 15:30:00", "subject": "2", "recorded-or-robo": "Y", "city": "Novinger", "state": "MO", "area-code": "660"}, {"id": "03e293b3df9e35eadf15c5611954e6fe", "number": "6603492251", "date": "2021-01-24 15:30:00", "subject": "2", "recorded-or-robo": "Y", "city": "Novinger", "state": "MO", "area-code": "660"}, {"id": "3decc6bfadaa436a105714c6babe606e", "number": "7199411431", "date": "2021-01-24 03:13:00", "subject": "2", "recorded-or-robo": "N", "city": "Colorado Spgs", "state": "CO", "area-code": "719"}, {"id": "03e293b3df9e35eadf15c5611954d741", "number": "7199411431", "date": "2021-01-24 03:13:00", "subject": "2", "recorded-or-robo": "N", "city": "Colorado Spgs", "state": "CO", "area-code": "719"}, {"id": "3decc6bfadaa436a105714c6babe51a9", "number": "7204563686", "date": "2020-09-18 12:56:00", "subject": "5", "recorded-or-robo": "Y", "city": "Dallas", "state": "CA", "area-code": "415"}, {"id": "03e293b3df9e35eadf15c5611954d6e8", "number": "7204563686", "date": "2020-09-18 12:56:00", "subject": "5", "recorded-or-robo": "Y", "city": "Dallas", "state": "CA", "area-code": "415"}, {"id": "3decc6bfadaa436a105714c6babe466a", "number": "6469761438", "date": "2021-01-24 14:02:00", "subject": "2", "recorded-or-robo": "Y", "city": "santa cruz", "state": "CA", "area-code": "408"}, {"id": "03e293b3df9e35eadf15c5611954d0f9", "number": "6469761438", "date": "2021-01-24 14:02:00", "subject": "2", "recorded-or-robo": "Y", "city": "santa cruz", "state": "CA", "area-code": "408"}, {"id": "3decc6bfadaa436a105714c6babe3f41", "number": "", "date": "2021-01-24 08:09:00", "subject": "11", "recorded-or-robo": "Y", "city": "Richland", "state": "WA", "area-code": "509"}, {"id": "03e293b3df9e35eadf15c5611954ced4", "number": "", "date": "2021-01-24 08:09:00", "subject": "11", "recorded-or-robo": "Y", "city": "Richland", "state": "WA", "area-code": "509"}, {"id": "3decc6bfadaa436a105714c6babe36cf", "number": "4155982399", "date": "2020-09-23 16:52:00", "subject": "4", "recorded-or-robo": "Y", "city": "Dallas", "state": "CA", "area-code": "415"}, {"id": "03e293b3df9e35eadf15c5611954c38a", "number": "4155982399", "date": "2020-09-23 16:52:00", "subject": "4", "recorded-or-robo": "Y", "city": "Dallas", "state": "CA", "area-code": "415"}, {"id": "3decc6bfadaa436a105714c6babe28f0", "number": "37064517445", "date": "2021-01-22 04:58:00", "subject": "2", "recorded-or-robo": "Y", "city": "Waterloo", "state": "IA", "area-code": "319"}, {"id": "03e293b3df9e35eadf15c5611954b3e5", "number": "37064517445", "date": "2021-01-22 04:58:00", "subject": "2", "recorded-or-robo": "Y", "city": "Waterloo", "state": "IA", "area-code": "319"}, {"id": "3decc6bfadaa436a105714c6babe2714", "number": "", "date": "2021-01-24 00:00:00", "subject": "11", "recorded-or-robo": "Y", "city": "Creve Coeur", "state": "MO", "area-code": "314"}, {"id": "03e293b3df9e35eadf15c5611954ad64", "number": "", "date": "2021-01-24 00:00:00", "subject": "11", "recorded-or-robo": "Y", "city": "Creve Coeur", "state": "MO", "area-code": "314"}, {"id": "3decc6bfadaa436a105714c6babe25ef", "number": "", "date": "2021-01-13 09:15:00", "subject": "11", "recorded-or-robo": "Y", "city": "Gretna", "state": "LA", "area-code": "504"}, {"id": "03e293b3df9e35eadf15c56119549f42", "number": "", "date": "2021-01-13 09:15:00", "subject": "11", "recorded-or-robo": "Y", "city": "Gretna", "state": "LA", "area-code": "504"}, {"id": "3decc6bfadaa436a105714c6babe218a", "number": "37066816147", "date": "2021-01-22 05:05:00", "subject": "2", "recorded-or-robo": "Y", "city": "Waterloo", "state": "IA", "area-code": "319"}, {"id": "03e293b3df9e35eadf15c5611954941c", "number": "37066816147", "date": "2021-01-22 05:05:00", "subject": "2", "recorded-or-robo": "Y", "city": "Waterloo", "state": "IA", "area-code": "319"}, {"id": "3decc6bfadaa436a105714c6babe1737", "number": "995577881595", "date": "2021-01-22 09:00:00", "subject": "2", "recorded-or-robo": "Y", "city": "Waterloo", "state": "IA", "area-code": "319"}, {"id": "03e293b3df9e35eadf15c561195487ca", "number": "995577881595", "date": "2021-01-22 09:00:00", "subject": "2", "recorded-or-robo": "Y", "city": "Waterloo", "state": "IA", "area-code": "319"}, {"id": "3decc6bfadaa436a105714c6babe0a25", "number": "9133123280", "date": "2020-10-02 11:56:00", "subject": "5", "recorded-or-robo": "Y", "city": "Dallas", "state": "CA", "area-code": "415"}, {"id": "03e293b3df9e35eadf15c561195482ae", "number": "9133123280", "date": "2020-10-02 11:56:00", "subject": "5", "recorded-or-robo": "Y", "city": "Dallas", "state": "CA", "area-code": "415"}, {"id": "3decc6bfadaa436a105714c6babdfbb7", "number": "8556789439", "date": "2021-01-24 15:42:00", "subject": "1", "recorded-or-robo": "Y", "city": "St. Louis", "state": "MO", "area-code": "314"}, {"id": "03e293b3df9e35eadf15c56119547f54", "number": "8556789439", "date": "2021-01-24 15:42:00", "subject": "1", "recorded-or-robo": "Y", "city": "St. Louis", "state": "MO", "area-code": "314"}, {"id": "3decc6bfadaa436a105714c6babdf2d6", "number": "243909761462", "date": "2021-01-22 12:17:00", "subject": "2", "recorded-or-robo": "Y", "city": "Waterloo", "state": "IA", "area-code": "319"}, {"id": "03e293b3df9e35eadf15c5611954755b", "number": "243909761462", "date": "2021-01-22 12:17:00", "subject": "2", "recorded-or-robo": "Y", "city": "Waterloo", "state": "IA", "area-code": "319"}, {"id": "3decc6bfadaa436a105714c6babdf29a", "number": "", "date": "2021-01-24 15:00:00", "subject": "1", "recorded-or-robo": "Y", "city": "", "state": "", "area-code": "888"}, {"id": "03e293b3df9e35eadf15c561195474e4", "number": "", "date": "2021-01-24 15:00:00", "subject": "1", "recorded-or-robo": "Y", "city": "", "state": "", "area-code": "888"}]}