{"data": [{"id": "3decc6bfadaa436a105714c6ba97dbf8", "number": "8178965338", "date": "2021-01-23 11:04:00", "subject": "2", "recorded-or-robo": "Y", "city": "San Antonio", "state": "TX", "area-code": "210"}, {"id": "03e293b3df9e35eadf15c561192e5d1f", "number": "8178965338", "date": "2021-01-23 11:04:00", "subject": "2", "recorded-or-robo": "Y", "city": "San Antonio", "state": "TX", "area-code": "210"}, {"id": "3decc6bfadaa436a105714c6ba97d258", "number": "509431187", "date": "2021-01-24 20:12:00", "subject": "1", "recorded-or-robo": "Y", "city": "", "state": "WA", "area-code": "509"}, {"id": "03e293b3df9e35eadf15c561192e54fe", "number": "509431187", "date": "2021-01-24 20:12:00", "subject": "1", "recorded-or-robo": "Y", "city": "", "state": "WA", "area-code": "509"}, {"id": "3decc6bfadaa436a105714c6ba97c996", "number": "5099439939", "date": "2021-01-24 20:17:00", "subject": "1", "recorded-or-robo": "Y", "city": "", "state": "WA", "area-code": "509"}, {"id": "03e293b3df9e35eadf15c561192e4ac8", "number": "5099439939", "date": "2021-01-24 20:17:00", "subject": "1", "recorded-or-robo": "Y", "city": "", "state": "WA", "area-code": "509"}, {"id": "3decc6bfadaa436a105714c6ba97bd2d", "number": "3107526205", "date": "2021-01-22 13:01:00", "subject": "2", "recorded-or-robo": "Y", "city": "Manhattan Beach", "state": "CA", "area-code": "310"}, {"id": "03e293b3df9e35eadf15c561192e3bbe", "number": "3107526205", "date": "2021-01-22 13:01:00", "subject": "2", "recorded-or-robo": "Y", "city": "Manhattan Beach", "state": "CA", "area-code": "310"}, {"id": "3decc6bfadaa436a105714c6ba97bad7", "number": "6304813470", "date": "2021-01-24 10:49:00", "subject": "11", "recorded-or-robo": "Y", "city": "englewood", "state": "FL", "area-code": "941"}, {"id": "03e293b3df9e35eadf15c561192e3562", "number": "6304813470", "date": "2021-01-24 10:49:00", "subject": "11", "recorded-or-robo": "Y", "city": "englewood", "state": "FL", "area-code": "941"}, {"id": "3decc6bfadaa436a105714c6ba97b458", "number": "2109422648", "date": "2021-01-21 14:14:00", "subject": "2", "recorded-or-robo": "Y", "city": "San Antonio", "state": "TX", "area-code": "210"}, {"id": "03e293b3df9e35eadf15c561192e2917", "number": "2109422648", "date": "2021-01-21 14:14:00", "subject": "2", "recorded-or-robo": "Y", "city": "San Antonio", "state": "TX", "area-code": "210"}, {"id": "3decc6bfadaa436a105714c6ba97a667", "number": "", "date": "2021-01-23 09:03:00", "subject": "11", "recorded-or-robo": "Y", "city": "Bridge city", "state": "TX", "area-code": "409"}, {"id": "03e293b3df9e35eadf15c561192e1b53", "number": "", "date": "2021-01-23 09:03:00", "subject": "11", "recorded-or-robo": "Y", "city": "Bridge city", "state": "TX", "area-code": "409"}, {"id": "3decc6bfadaa436a105714c6ba979f43", "number": "5099439860", "date": "2021-01-24 20:24:00", "subject": "1", "recorded-or-robo": "Y", "city": "", "state": "WA", "area-code": "509"}, {"id": "03e293b3df9e35eadf15c561192e15a5", "number": "5099439860", "date": "2021-01-24 20:24:00", "subject": "1", "recorded-or-robo": "Y", "city": "", "state": "WA", "area-code": "509"}, {"id": "3decc6bfadaa436a105714c6ba97951b", "number": "4695629785", "date": "2021-01-21 08:58:00", "subject": "3", "recorded-or-robo": "N", "city": "", "state": "PA", "area-code": "570"}, {"id": "03e293b3df9e35eadf15c561192e05f7", "number": "4695629785", "date": "2021-01-21 08:58:00", "subject": "3", "recorded-or-robo": "N", "city": "", "state": "PA", "area-code": "570"}, {"id": "3decc6bfadaa436a105714c6ba9793b7", "number": "8449891711", "date": "2021-01-21 08:26:00", "subject": "2", "recorded-or-robo": "Y", "city": "San Antonio", "state": "TX", "area-code": "210"}, {"id": "03e293b3df9e35eadf15c561192dfc42", "number": "8449891711", "date": "2021-01-21 08:26:00", "subject": "2", "recorded-or-robo": "Y", "city": "San Antonio", "state": "TX", "area-code": "210"}, {"id": "3decc6bfadaa436a105714c6ba9788e3", "number": "6461806446", "date": "2021-01-24 06:12:00", "subject": "2", "recorded-or-robo": "Y", "city": "San Francisco", "state": "CA", "area-code": "415"}, {"id": "03e293b3df9e35eadf15c561192df6a5", "number": "6461806446", "date": "2021-01-24 06:12:00", "subject": "2", "recorded-or-robo": "Y", "city": "San Francisco", "state": "CA", "area-code": "415"}, {"id": "3decc6bfadaa436a105714c6ba978564", "number": "", "date": "2021-01-20 10:30:00", "subject": "2", "recorded-or-robo": "Y", "city": "", "state": "CA", "area-code": "949"}, {"id": "03e293b3df9e35eadf15c561192deb69", "number": "", "date": "2021-01-20 10:30:00", "subject": "2", "recorded-or-robo": "Y", "city": "", "state": "CA", "area-code": "949"}, {"id": "3decc6bfadaa436a105714c6ba977ef7", "number": "2166667647", "date": "2021-01-23 12:01:00", "subject": "4", "recorded-or-robo": "Y", "city": "", "state": "MN", "area-code": "612"}, {"id": "03e293b3df9e35eadf15c561192de857", "number": "2166667647", "date": "2021-01-23 12:01:00", "subject": "4", "recorded-or-robo": "Y", "city": "", "state": "MN", "area-code": "612"}, {"id": "3decc6bfadaa436a105714c6ba9779c7", "number": "8133616515", "date": "2021-01-24 11:08:00", "subject": "2", "recorded-or-robo": "Y", "city": "Spring Hill", "state": "FL", "area-code": "813"}, {"id": "03e293b3df9e35eadf15c561192ddee4", "number": "8133616515", "date": "2021-01-24 11:08:00", "subject": "2", "recorded-or-robo": "Y", "city": "Spring Hill", "state": "FL", "area-code": "813"}, {"id": "3decc6bfadaa436a105714c6ba977936", "number": "2109422678", "date": "2021-01-21 08:25:00", "subject": "2", "recorded-or-robo": "Y", "city": "San Antonio", "state": "TX", "area-code": "210"}, {"id": "03e293b3df9e35eadf15c561192dcfed", "number": "2109422678", "date": "2021-01-21 08:25:00", "subject": "2", "recorded-or-robo": "Y", "city": "San Antonio", "state": "TX", "area-code": "210"}, {"id": "3decc6bfadaa436a105714c6ba9769e2", "number": "5099482371", "date": "2021-01-24 08:40:00", "subject": "1", "recorded-or-robo": "Y", "city": "West Richland", "state": "WA", "area-code": "615"}, {"id": "03e293b3df9e35eadf15c561192dc1fc", "number": "5099482371", "date": "2021-01-24 08:40:00", "subject": "1", "recorded-or-robo": "Y", "city": "West Richland", "state": "WA", "area-code": "615"}, {"id": "3decc6bfadaa436a105714c6ba975dda", "number": "", "date": "2021-01-24 08:30:00", "subject": "11", "recorded-or-robo": "Y", "city": "", "state": "WA", "area-code": "509"}, {"id": "03e293b3df9e35eadf15c561192db732", "number": "", "date": "2021-01-24 08:30:00", "subject": "11", "recorded-or-robo": "Y", "city": "", "state": "WA", "area-code": "509"}, {"id": "3decc6bfadaa436a105714c6ba975d02", "number": "4697976404", "date": "2021-01-21 06:51:00", "subject": "3", "recorded-or-robo": "Y", "city": "", "state": "PA", "area-code": "570"}, {"id": "03e293b3df9e35eadf15c561192db2a4", "number": "4697976404", "date": "2021-01-21 06:51:00", "subject": "3", "recorded-or-robo": "Y", "city": "", "state": "PA", "area-code": "570"}, {"id": "3decc6bfadaa436a105714c6ba97588f", "number": "2109422678", "date": "2021-01-18 09:12:00", "subject": "2", "recorded-or-robo": "Y", "city": "San Antonio", "state": "TX", "area-code": "210"}, {"id": "03e293b3df9e35eadf15c561192da4df", "number": "2109422678", "date": "2021-01-18 09:12:00", "subject": "2", "recorded-or-robo": "Y", "city": "San Antonio", "state": "TX", "area-code": "210"}, {"id": "3decc6bfadaa436a105714c6ba974c3c", "number": "8801700912717", "date": "2021-01-23 00:00:00", "subject": "11", "recorded-or-robo": "Y", "city": "Arnold", "state": "MO", "area-code": "314"}, {"id": "03e293b3df9e35eadf15c561192d9d9b", "number": "8801700912717", "date": "2021-01-23 00:00:00", "subject": "11", "recorded-or-robo": "Y", "city": "Arnold", "state": "MO", "area-code": "314"}, {"id": "3decc6bfadaa436a105714c6ba973dbc", "number": "9208978927", "date": "2021-01-22 15:26:00", "subject": "2", "recorded-or-robo": "Y", "city": "San Antonio", "state": "TX", "area-code": "210"}, {"id": "03e293b3df9e35eadf15c561192d8dc4", "number": "9208978927", "date": "2021-01-22 15:26:00", "subject": "2", "recorded-or-robo": "Y", "city": "San Antonio", "state": "TX", "area-code": "210"}, {"id": "3decc6bfadaa436a105714c6ba97366b", "number": "8156912783", "date": "2021-01-23 14:31:00", "subject": "4", "recorded-or-robo": "Y", "city": "Union", "state": "KY", "area-code": "859"}, {"id": "03e293b3df9e35eadf15c561192d8b3d", "number": "8156912783", "date": "2021-01-23 14:31:00", "subject": "4", "recorded-or-robo": "Y", "city": "Union", "state": "KY", "area-code": "859"}, {"id": "3decc6bfadaa436a105714c6ba9732c2", "number": "6154067964", "date": "2021-01-24 08:06:00", "subject": "11", "recorded-or-robo": "Y", "city": "", "state": "WA", "area-code": "509"}, {"id": "03e293b3df9e35eadf15c561192d84e3", "number": "6154067964", "date": "2021-01-24 08:06:00", "subject": "11", "recorded-or-robo": "Y", "city": "", "state": "WA", "area-code": "509"}, {"id": "3decc6bfadaa436a105714c6ba972d7f", "number": "", "date": "2021-01-24 08:40:00", "subject": "11", "recorded-or-robo": "Y", "city": "Richland", "state": "WA", "area-code": "509"}, {"id": "03e293b3df9e35eadf15c561192d84c7", "number": "", "date": "2021-01-24 08:40:00", "subject": "11", "recorded-or-robo": "Y", "city": "Richland", "state": "WA", "area-code": "509"}, {"id": "3decc6bfadaa436a105714c6ba9723a8", "number": "4697976495", "date": "2021-01-20 20:19:00", "subject": "3", "recorded-or-robo": "N", "city": "", "state": "PA", "area-code": "570"}, {"id": "03e293b3df9e35eadf15c561192d6fea", "number": "4697976495", "date": "2021-01-20 20:19:00", "subject": "3", "recorded-or-robo": "N", "city": "", "state": "PA", "area-code": "570"}]}