{"data": [{"id": "3decc6bfadaa436a105714c6bac0537c", "number": "2677562053", "date": "2021-01-23 07:10:00", "subject": "2", "recorded-or-robo": "N", "city": "Missouri City", "state": "TX", "area-code": "281"}, {"id": "03e293b3df9e35eadf15c561195692e8", "number": "2677562053", "date": "2021-01-23 07:10:00", "subject": "2", "recorded-or-robo": "N", "city": "Missouri City", "state": "TX", "area-code": "281"}, {"id": "3decc6bfadaa436a105714c6bac05001", "number": "3864472585", "date": "2021-01-23 11:23:00", "subject": "3", "recorded-or-robo": "N", "city": "", "state": "AR", "area-code": "501"}, {"id": "03e293b3df9e35eadf15c56119568f14", "number": "3864472585", "date": "2021-01-23 11:23:00", "subject": "3", "recorded-or-robo": "N", "city": "", "state": "AR", "area-code": "501"}, {"id": "3decc6bfadaa436a105714c6bac04902", "number": "6076984500", "date": "2021-01-23 21:59:00", "subject": "3", "recorded-or-robo": "Y", "city": "", "state": "NY", "area-code": "585"}, {"id": "03e293b3df9e35eadf15c56119568d80", "number": "6076984500", "date": "2021-01-23 21:59:00", "subject": "3", "recorded-or-robo": "Y", "city": "", "state": "NY", "area-code": "585"}, {"id": "3decc6bfadaa436a105714c6bac03b45", "number": "3343129753", "date": "2021-01-24 14:25:00", "subject": "1", "recorded-or-robo": "Y", "city": "Saint Petersburg", "state": "AL", "area-code": "334"}, {"id": "03e293b3df9e35eadf15c56119568d18", "number": "3343129753", "date": "2021-01-24 14:25:00", "subject": "1", "recorded-or-robo": "Y", "city": "Saint Petersburg", "state": "AL", "area-code": "334"}, {"id": "3decc6bfadaa436a105714c6bac0317a", "number": "8558044115", "date": "2021-01-21 09:02:00", "subject": "1", "recorded-or-robo": "Y", "city": "Rancho Palos Verdes", "state": "CA", "area-code": "310"}, {"id": "03e293b3df9e35eadf15c56119568cfc", "number": "8558044115", "date": "2021-01-21 09:02:00", "subject": "1", "recorded-or-robo": "Y", "city": "Rancho Palos Verdes", "state": "CA", "area-code": "310"}, {"id": "3decc6bfadaa436a105714c6bac0288e", "number": "3145838831", "date": "2021-01-24 16:39:00", "subject": "2", "recorded-or-robo": "Y", "city": "Imperial", "state": "MO", "area-code": "314"}, {"id": "03e293b3df9e35eadf15c56119568bd1", "number": "3145838831", "date": "2021-01-24 16:39:00", "subject": "2", "recorded-or-robo": "Y", "city": "Imperial", "state": "MO", "area-code": "314"}, {"id": "3decc6bfadaa436a105714c6bac01dfd", "number": "3152328257", "date": "2021-01-24 10:12:00", "subject": "1", "recorded-or-robo": "Y", "city": "Wauwatosa", "state": "WI", "area-code": "414"}, {"id": "03e293b3df9e35eadf15c561195688bc", "number": "3152328257", "date": "2021-01-24 10:12:00", "subject": "1", "recorded-or-robo": "Y", "city": "Wauwatosa", "state": "WI", "area-code": "414"}, {"id": "3decc6bfadaa436a105714c6bac019d4", "number": "3343124149", "date": "2021-01-24 14:23:00", "subject": "1", "recorded-or-robo": "Y", "city": "Saint Petersburg", "state": "AL", "area-code": "334"}, {"id": "03e293b3df9e35eadf15c561195681db", "number": "3343124149", "date": "2021-01-24 14:23:00", "subject": "1", "recorded-or-robo": "Y", "city": "Saint Petersburg", "state": "AL", "area-code": "334"}, {"id": "3decc6bfadaa436a105714c6bac00e30", "number": "8801701200465", "date": "2021-01-24 11:00:00", "subject": "2", "recorded-or-robo": "", "city": "", "state": "FL", "area-code": "813"}, {"id": "03e293b3df9e35eadf15c5611956793c", "number": "8801701200465", "date": "2021-01-24 11:00:00", "subject": "2", "recorded-or-robo": "", "city": "", "state": "FL", "area-code": "813"}, {"id": "3decc6bfadaa436a105714c6bac00e08", "number": "4055669240", "date": "2021-01-24 17:43:00", "subject": "2", "recorded-or-robo": "Y", "city": "", "state": "OK", "area-code": "405"}, {"id": "03e293b3df9e35eadf15c56119567557", "number": "4055669240", "date": "2021-01-24 17:43:00", "subject": "2", "recorded-or-robo": "Y", "city": "", "state": "OK", "area-code": "405"}, {"id": "3decc6bfadaa436a105714c6babffea6", "number": "3343121882", "date": "2021-01-24 14:16:00", "subject": "1", "recorded-or-robo": "Y", "city": "Saint Petersburg", "state": "AL", "area-code": "334"}, {"id": "03e293b3df9e35eadf15c56119566ff0", "number": "3343121882", "date": "2021-01-24 14:16:00", "subject": "1", "recorded-or-robo": "Y", "city": "Saint Petersburg", "state": "AL", "area-code": "334"}, {"id": "3decc6bfadaa436a105714c6babff0fd", "number": "2188755565", "date": "2020-12-27 14:30:00", "subject": "2", "recorded-or-robo": "Y", "city": "My. Pleasant", "state": "UT", "area-code": "801"}, {"id": "03e293b3df9e35eadf15c5611956684e", "number": "2188755565", "date": "2020-12-27 14:30:00", "subject": "2", "recorded-or-robo": "Y", "city": "My. Pleasant", "state": "UT", "area-code": "801"}, {"id": "3decc6bfadaa436a105714c6babfe413", "number": "5512436330", "date": "2021-01-23 12:42:00", "subject": "2", "recorded-or-robo": "Y", "city": "", "state": "TX", "area-code": "210"}, {"id": "03e293b3df9e35eadf15c56119565d57", "number": "5512436330", "date": "2021-01-23 12:42:00", "subject": "2", "recorded-or-robo": "Y", "city": "", "state": "TX", "area-code": "210"}, {"id": "3decc6bfadaa436a105714c6babfd793", "number": "3152328257", "date": "2021-01-24 16:28:00", "subject": "1", "recorded-or-robo": "Y", "city": "Vienna", "state": "VA", "area-code": "703"}, {"id": "03e293b3df9e35eadf15c561195658f8", "number": "3152328257", "date": "2021-01-24 16:28:00", "subject": "1", "recorded-or-robo": "Y", "city": "Vienna", "state": "VA", "area-code": "703"}, {"id": "3decc6bfadaa436a105714c6babfd494", "number": "2133180346", "date": "2021-01-24 13:30:00", "subject": "2", "recorded-or-robo": "Y", "city": "LONG BEACH", "state": "CA", "area-code": "213"}, {"id": "03e293b3df9e35eadf15c561195649db", "number": "2133180346", "date": "2021-01-24 13:30:00", "subject": "2", "recorded-or-robo": "Y", "city": "LONG BEACH", "state": "CA", "area-code": "213"}, {"id": "3decc6bfadaa436a105714c6babfd467", "number": "2143242223", "date": "2021-01-24 16:35:00", "subject": "2", "recorded-or-robo": "N", "city": "Richardson", "state": "TX", "area-code": "214"}, {"id": "03e293b3df9e35eadf15c561195641a7", "number": "2143242223", "date": "2021-01-24 16:35:00", "subject": "2", "recorded-or-robo": "N", "city": "Richardson", "state": "TX", "area-code": "214"}, {"id": "3decc6bfadaa436a105714c6babfc5d9", "number": "3152328257", "date": "2021-01-24 14:45:00", "subject": "1", "recorded-or-robo": "Y", "city": "", "state": "PA", "area-code": "412"}, {"id": "03e293b3df9e35eadf15c561195640c8", "number": "3152328257", "date": "2021-01-24 14:45:00", "subject": "1", "recorded-or-robo": "Y", "city": "", "state": "PA", "area-code": "412"}, {"id": "3decc6bfadaa436a105714c6babfc2cb", "number": "3343128505", "date": "2021-01-24 14:11:00", "subject": "1", "recorded-or-robo": "Y", "city": "Saint Petersburg", "state": "AL", "area-code": "334"}, {"id": "03e293b3df9e35eadf15c56119563e6e", "number": "3343128505", "date": "2021-01-24 14:11:00", "subject": "1", "recorded-or-robo": "Y", "city": "Saint Petersburg", "state": "AL", "area-code": "334"}, {"id": "3decc6bfadaa436a105714c6babfc2a8", "number": "", "date": "2021-01-23 18:30:00", "subject": "2", "recorded-or-robo": "Y", "city": "Fontana", "state": "WI", "area-code": "262"}, {"id": "03e293b3df9e35eadf15c56119562e9d", "number": "", "date": "2021-01-23 18:30:00", "subject": "2", "recorded-or-robo": "Y", "city": "Fontana", "state": "WI", "area-code": "262"}, {"id": "3decc6bfadaa436a105714c6babfb481", "number": "8552248928", "date": "2021-01-24 17:28:00", "subject": "0", "recorded-or-robo": "Y", "city": "", "state": "FL", "area-code": "386"}, {"id": "03e293b3df9e35eadf15c56119561f7e", "number": "8552248928", "date": "2021-01-24 17:28:00", "subject": "0", "recorded-or-robo": "Y", "city": "", "state": "FL", "area-code": "386"}, {"id": "3decc6bfadaa436a105714c6babfa7a0", "number": "", "date": "2021-01-23 11:19:00", "subject": "3", "recorded-or-robo": "N", "city": "", "state": "CA", "area-code": "323"}, {"id": "03e293b3df9e35eadf15c5611956104b", "number": "", "date": "2021-01-23 11:19:00", "subject": "3", "recorded-or-robo": "N", "city": "", "state": "CA", "area-code": "323"}, {"id": "3decc6bfadaa436a105714c6babf9c3e", "number": "8086985953", "date": "2021-01-24 12:35:00", "subject": "6", "recorded-or-robo": "Y", "city": "", "state": "HI", "area-code": "808"}, {"id": "03e293b3df9e35eadf15c56119560bc0", "number": "8086985953", "date": "2021-01-24 12:35:00", "subject": "6", "recorded-or-robo": "Y", "city": "", "state": "HI", "area-code": "808"}, {"id": "3decc6bfadaa436a105714c6babf9b67", "number": "2892069767", "date": "2021-01-24 17:31:00", "subject": "3", "recorded-or-robo": "Y", "city": "", "state": "FL", "area-code": "305"}, {"id": "03e293b3df9e35eadf15c56119560171", "number": "2892069767", "date": "2021-01-24 17:31:00", "subject": "3", "recorded-or-robo": "Y", "city": "", "state": "FL", "area-code": "305"}, {"id": "3decc6bfadaa436a105714c6babf92c3", "number": "3343123972", "date": "2021-01-24 13:47:00", "subject": "1", "recorded-or-robo": "Y", "city": "Saint Petersburg", "state": "AL", "area-code": "334"}, {"id": "03e293b3df9e35eadf15c5611955f8bc", "number": "3343123972", "date": "2021-01-24 13:47:00", "subject": "1", "recorded-or-robo": "Y", "city": "Saint Petersburg", "state": "AL", "area-code": "334"}, {"id": "3decc6bfadaa436a105714c6babf8626", "number": "", "date": "2021-01-24 12:00:00", "subject": "1", "recorded-or-robo": "Y", "city": "Ashland", "state": "KY", "area-code": "606"}, {"id": "03e293b3df9e35eadf15c5611955f5d2", "number": "", "date": "2021-01-24 12:00:00", "subject": "1", "recorded-or-robo": "Y", "city": "Ashland", "state": "KY", "area-code": "606"}]}