{"data": [{"id": "3decc6bfadaa436a105714c6ba96651f", "number": "3463821191", "date": "2021-01-21 13:10:00", "subject": "2", "recorded-or-robo": "Y", "city": "San Antonio", "state": "TX", "area-code": "210"}, {"id": "03e293b3df9e35eadf15c561192c94b1", "number": "3463821191", "date": "2021-01-21 13:10:00", "subject": "2", "recorded-or-robo": "Y", "city": "San Antonio", "state": "TX", "area-code": "210"}, {"id": "3decc6bfadaa436a105714c6ba9662b1", "number": "9787773962", "date": "2021-01-24 11:15:00", "subject": "3", "recorded-or-robo": "Y", "city": "", "state": "MA", "area-code": "781"}, {"id": "03e293b3df9e35eadf15c561192c86fd", "number": "9787773962", "date": "2021-01-24 11:15:00", "subject": "3", "recorded-or-robo": "Y", "city": "", "state": "MA", "area-code": "781"}, {"id": "3decc6bfadaa436a105714c6ba965a0e", "number": "9107244498", "date": "2021-01-23 03:02:00", "subject": "4", "recorded-or-robo": "Y", "city": "Raeford", "state": "NC", "area-code": "855"}, {"id": "03e293b3df9e35eadf15c561192c80f4", "number": "9107244498", "date": "2021-01-23 03:02:00", "subject": "4", "recorded-or-robo": "Y", "city": "Raeford", "state": "NC", "area-code": "855"}, {"id": "3decc6bfadaa436a105714c6ba964fdb", "number": "6512678814", "date": "2021-01-21 09:37:00", "subject": "2", "recorded-or-robo": "Y", "city": "St. Paul", "state": "MN", "area-code": "651"}, {"id": "03e293b3df9e35eadf15c561192c79ac", "number": "6512678814", "date": "2021-01-21 09:37:00", "subject": "2", "recorded-or-robo": "Y", "city": "St. Paul", "state": "MN", "area-code": "651"}, {"id": "3decc6bfadaa436a105714c6ba964339", "number": "8037089564", "date": "2021-01-21 11:25:00", "subject": "2", "recorded-or-robo": "Y", "city": "San Antonio", "state": "TX", "area-code": "210"}, {"id": "03e293b3df9e35eadf15c561192c69d8", "number": "8037089564", "date": "2021-01-21 11:25:00", "subject": "2", "recorded-or-robo": "Y", "city": "San Antonio", "state": "TX", "area-code": "210"}, {"id": "3decc6bfadaa436a105714c6ba963c2f", "number": "4693678786", "date": "2021-01-17 22:02:00", "subject": "3", "recorded-or-robo": "Y", "city": "", "state": "PA", "area-code": "570"}, {"id": "03e293b3df9e35eadf15c561192c5c0f", "number": "4693678786", "date": "2021-01-17 22:02:00", "subject": "3", "recorded-or-robo": "Y", "city": "", "state": "PA", "area-code": "570"}, {"id": "3decc6bfadaa436a105714c6ba962e61", "number": "5099457197", "date": "2021-01-24 08:28:00", "subject": "2", "recorded-or-robo": "Y", "city": "", "state": "WA", "area-code": "509"}, {"id": "03e293b3df9e35eadf15c561192c57e5", "number": "5099457197", "date": "2021-01-24 08:28:00", "subject": "2", "recorded-or-robo": "Y", "city": "", "state": "WA", "area-code": "509"}, {"id": "3decc6bfadaa436a105714c6ba962a61", "number": "6122357198", "date": "2021-01-21 12:13:00", "subject": "2", "recorded-or-robo": "Y", "city": "St. Paul", "state": "MN", "area-code": "651"}, {"id": "03e293b3df9e35eadf15c561192c4a7f", "number": "6122357198", "date": "2021-01-21 12:13:00", "subject": "2", "recorded-or-robo": "Y", "city": "St. Paul", "state": "MN", "area-code": "651"}, {"id": "3decc6bfadaa436a105714c6ba961e24", "number": "3037699806", "date": "2021-01-21 11:02:00", "subject": "2", "recorded-or-robo": "Y", "city": "San Antonio", "state": "TX", "area-code": "210"}, {"id": "03e293b3df9e35eadf15c561192c3e6c", "number": "3037699806", "date": "2021-01-21 11:02:00", "subject": "2", "recorded-or-robo": "Y", "city": "San Antonio", "state": "TX", "area-code": "210"}, {"id": "3decc6bfadaa436a105714c6ba961658", "number": "2065313320", "date": "2021-01-24 10:58:00", "subject": "1", "recorded-or-robo": "N", "city": "GREENSBORO", "state": "NC", "area-code": "336"}, {"id": "03e293b3df9e35eadf15c561192c3726", "number": "2065313320", "date": "2021-01-24 10:58:00", "subject": "1", "recorded-or-robo": "N", "city": "GREENSBORO", "state": "NC", "area-code": "336"}, {"id": "3decc6bfadaa436a105714c6ba9606b7", "number": "", "date": "2021-01-24 03:00:00", "subject": "3", "recorded-or-robo": "Y", "city": "", "state": "LA", "area-code": "337"}, {"id": "03e293b3df9e35eadf15c561192c36f1", "number": "", "date": "2021-01-24 03:00:00", "subject": "3", "recorded-or-robo": "Y", "city": "", "state": "LA", "area-code": "337"}, {"id": "3decc6bfadaa436a105714c6ba95ff6c", "number": "7815981638", "date": "2021-01-24 11:15:00", "subject": "3", "recorded-or-robo": "Y", "city": "", "state": "MA", "area-code": "781"}, {"id": "03e293b3df9e35eadf15c561192c2f0b", "number": "7815981638", "date": "2021-01-24 11:15:00", "subject": "3", "recorded-or-robo": "Y", "city": "", "state": "MA", "area-code": "781"}, {"id": "3decc6bfadaa436a105714c6ba95f8f3", "number": "6122357198", "date": "2021-01-21 14:17:00", "subject": "2", "recorded-or-robo": "Y", "city": "St. Paul", "state": "MN", "area-code": "651"}, {"id": "03e293b3df9e35eadf15c561192c2989", "number": "6122357198", "date": "2021-01-21 14:17:00", "subject": "2", "recorded-or-robo": "Y", "city": "St. Paul", "state": "MN", "area-code": "651"}, {"id": "3decc6bfadaa436a105714c6ba95e916", "number": "2107121252", "date": "2021-01-24 11:22:00", "subject": "6", "recorded-or-robo": "N", "city": "Saxonburg", "state": "PA", "area-code": "724"}, {"id": "03e293b3df9e35eadf15c561192c2785", "number": "2107121252", "date": "2021-01-24 11:22:00", "subject": "6", "recorded-or-robo": "N", "city": "Saxonburg", "state": "PA", "area-code": "724"}, {"id": "3decc6bfadaa436a105714c6ba95e2bb", "number": "8038015454", "date": "2021-01-21 10:51:00", "subject": "2", "recorded-or-robo": "Y", "city": "San Antonio", "state": "TX", "area-code": "210"}, {"id": "03e293b3df9e35eadf15c561192c2211", "number": "8038015454", "date": "2021-01-21 10:51:00", "subject": "2", "recorded-or-robo": "Y", "city": "San Antonio", "state": "TX", "area-code": "210"}, {"id": "3decc6bfadaa436a105714c6ba95d684", "number": "8556786885", "date": "2021-01-24 09:13:00", "subject": "11", "recorded-or-robo": "Y", "city": "Commerce City", "state": "CO", "area-code": "509"}, {"id": "03e293b3df9e35eadf15c561192c1ec8", "number": "8556786885", "date": "2021-01-24 09:13:00", "subject": "11", "recorded-or-robo": "Y", "city": "Commerce City", "state": "CO", "area-code": "509"}, {"id": "3decc6bfadaa436a105714c6ba95d2cc", "number": "4697825013", "date": "2021-01-17 05:08:00", "subject": "3", "recorded-or-robo": "Y", "city": "", "state": "PA", "area-code": "570"}, {"id": "03e293b3df9e35eadf15c561192c1d9e", "number": "4697825013", "date": "2021-01-17 05:08:00", "subject": "3", "recorded-or-robo": "Y", "city": "", "state": "PA", "area-code": "570"}, {"id": "3decc6bfadaa436a105714c6ba95d122", "number": "3144346127", "date": "2021-01-23 16:10:00", "subject": "2", "recorded-or-robo": "", "city": "Maryland Heights", "state": "MO", "area-code": "314"}, {"id": "03e293b3df9e35eadf15c561192c13b3", "number": "3144346127", "date": "2021-01-23 16:10:00", "subject": "2", "recorded-or-robo": "", "city": "Maryland Heights", "state": "MO", "area-code": "314"}, {"id": "3decc6bfadaa436a105714c6ba95c64b", "number": "2034807893", "date": "2021-01-21 18:49:00", "subject": "2", "recorded-or-robo": "Y", "city": "St. Paul", "state": "MN", "area-code": "651"}, {"id": "03e293b3df9e35eadf15c561192c05a6", "number": "2034807893", "date": "2021-01-21 18:49:00", "subject": "2", "recorded-or-robo": "Y", "city": "St. Paul", "state": "MN", "area-code": "651"}, {"id": "3decc6bfadaa436a105714c6ba95a8b6", "number": "", "date": "2021-01-24 11:13:00", "subject": "3", "recorded-or-robo": "", "city": "", "state": "NY", "area-code": "718"}, {"id": "03e293b3df9e35eadf15c561192be83e", "number": "", "date": "2021-01-24 11:13:00", "subject": "3", "recorded-or-robo": "", "city": "", "state": "NY", "area-code": "718"}, {"id": "3decc6bfadaa436a105714c6ba95c2d2", "number": "3144343710", "date": "2021-01-23 14:37:00", "subject": "2", "recorded-or-robo": "", "city": "Maryland Heights", "state": "MO", "area-code": "314"}, {"id": "03e293b3df9e35eadf15c561192bf99f", "number": "3144343710", "date": "2021-01-23 14:37:00", "subject": "2", "recorded-or-robo": "", "city": "Maryland Heights", "state": "MO", "area-code": "314"}, {"id": "3decc6bfadaa436a105714c6ba95c193", "number": "8036655803", "date": "2021-01-21 10:26:00", "subject": "2", "recorded-or-robo": "Y", "city": "San Antonio", "state": "TX", "area-code": "210"}, {"id": "03e293b3df9e35eadf15c561192bf65d", "number": "8036655803", "date": "2021-01-21 10:26:00", "subject": "2", "recorded-or-robo": "Y", "city": "San Antonio", "state": "TX", "area-code": "210"}, {"id": "3decc6bfadaa436a105714c6ba95beda", "number": "9738692833", "date": "2021-01-24 10:50:00", "subject": "0", "recorded-or-robo": "Y", "city": "", "state": "NJ", "area-code": "973"}, {"id": "03e293b3df9e35eadf15c561192bf4fd", "number": "9738692833", "date": "2021-01-24 10:50:00", "subject": "0", "recorded-or-robo": "Y", "city": "", "state": "NJ", "area-code": "973"}, {"id": "3decc6bfadaa436a105714c6ba95b259", "number": "6517796384", "date": "2021-01-22 12:39:00", "subject": "2", "recorded-or-robo": "Y", "city": "St. Paul", "state": "MN", "area-code": "651"}, {"id": "03e293b3df9e35eadf15c561192bf38d", "number": "6517796384", "date": "2021-01-22 12:39:00", "subject": "2", "recorded-or-robo": "Y", "city": "St. Paul", "state": "MN", "area-code": "651"}, {"id": "3decc6bfadaa436a105714c6ba95a21e", "number": "3144344213", "date": "2021-01-23 14:28:00", "subject": "2", "recorded-or-robo": "", "city": "Maryland Heights", "state": "MO", "area-code": "314"}, {"id": "3decc6bfadaa436a105714c6ba9595cd", "number": "8035755066", "date": "2021-01-20 20:34:00", "subject": "2", "recorded-or-robo": "Y", "city": "San Antonio", "state": "TX", "area-code": "210"}]}