{"data": [{"id": "3decc6bfadaa436a105714c6baaa17cb", "number": "5204674025", "date": "2021-01-21 08:39:00", "subject": "2", "recorded-or-robo": "Y", "city": "", "state": "AZ", "area-code": "520"}, {"id": "03e293b3df9e35eadf15c56119404888", "number": "5204674025", "date": "2021-01-21 08:39:00", "subject": "2", "recorded-or-robo": "Y", "city": "", "state": "AZ", "area-code": "520"}, {"id": "3decc6bfadaa436a105714c6baaa0b02", "number": "4058770824", "date": "2021-01-21 10:54:00", "subject": "6", "recorded-or-robo": "N", "city": "", "state": "FL", "area-code": "813"}, {"id": "03e293b3df9e35eadf15c56119404355", "number": "4058770824", "date": "2021-01-21 10:54:00", "subject": "6", "recorded-or-robo": "N", "city": "", "state": "FL", "area-code": "813"}, {"id": "3decc6bfadaa436a105714c6baa9ead3", "number": "2672823445", "date": "2021-01-24 13:32:00", "subject": "3", "recorded-or-robo": "N", "city": "", "state": "PA", "area-code": "570"}, {"id": "03e293b3df9e35eadf15c561193ff900", "number": "2672823445", "date": "2021-01-24 13:32:00", "subject": "3", "recorded-or-robo": "N", "city": "", "state": "PA", "area-code": "570"}, {"id": "3decc6bfadaa436a105714c6baa9fc23", "number": "", "date": "2021-01-24 12:30:00", "subject": "3", "recorded-or-robo": "N", "city": "", "state": "WV", "area-code": "304"}, {"id": "03e293b3df9e35eadf15c5611940258f", "number": "", "date": "2021-01-24 12:30:00", "subject": "3", "recorded-or-robo": "N", "city": "", "state": "WV", "area-code": "304"}, {"id": "3decc6bfadaa436a105714c6baaa0197", "number": "3365965112", "date": "2021-01-23 00:00:00", "subject": "2", "recorded-or-robo": "Y", "city": "", "state": "NC", "area-code": "704"}, {"id": "03e293b3df9e35eadf15c56119403a7e", "number": "3365965112", "date": "2021-01-23 00:00:00", "subject": "2", "recorded-or-robo": "Y", "city": "", "state": "NC", "area-code": "704"}, {"id": "3decc6bfadaa436a105714c6baa9ff99", "number": "6603724745", "date": "2021-01-24 13:00:00", "subject": "1", "recorded-or-robo": "Y", "city": "Moberly, MO", "state": "MO", "area-code": "660"}, {"id": "03e293b3df9e35eadf15c56119403495", "number": "6603724745", "date": "2021-01-24 13:00:00", "subject": "1", "recorded-or-robo": "Y", "city": "Moberly, MO", "state": "MO", "area-code": "660"}, {"id": "3decc6bfadaa436a105714c6baa9fa97", "number": "8556783378", "date": "2021-01-24 10:06:00", "subject": "2", "recorded-or-robo": "Y", "city": "Beaumont", "state": "TX", "area-code": "409"}, {"id": "03e293b3df9e35eadf15c5611940173d", "number": "8556783378", "date": "2021-01-24 10:06:00", "subject": "2", "recorded-or-robo": "Y", "city": "Beaumont", "state": "TX", "area-code": "409"}, {"id": "3decc6bfadaa436a105714c6baa9ebd9", "number": "", "date": "2021-01-23 18:27:00", "subject": "2", "recorded-or-robo": "Y", "city": "GRANDVIEW", "state": "MO", "area-code": "660"}, {"id": "03e293b3df9e35eadf15c561194008eb", "number": "", "date": "2021-01-23 18:27:00", "subject": "2", "recorded-or-robo": "Y", "city": "GRANDVIEW", "state": "MO", "area-code": "660"}, {"id": "3decc6bfadaa436a105714c6baa9d2f8", "number": "7048625575", "date": "2021-01-22 00:00:00", "subject": "2", "recorded-or-robo": "Y", "city": "", "state": "NC", "area-code": "704"}, {"id": "03e293b3df9e35eadf15c561193ff1e8", "number": "7048625575", "date": "2021-01-22 00:00:00", "subject": "2", "recorded-or-robo": "Y", "city": "", "state": "NC", "area-code": "704"}, {"id": "3decc6bfadaa436a105714c6baa9c4ca", "number": "5713970334", "date": "2021-01-24 14:02:00", "subject": "12", "recorded-or-robo": "N", "city": "Fredericksburg", "state": "VA", "area-code": "540"}, {"id": "03e293b3df9e35eadf15c561193fedde", "number": "5713970334", "date": "2021-01-24 14:02:00", "subject": "12", "recorded-or-robo": "N", "city": "Fredericksburg", "state": "VA", "area-code": "540"}, {"id": "3decc6bfadaa436a105714c6baa9c4b6", "number": "5204674025", "date": "2021-01-21 11:05:00", "subject": "2", "recorded-or-robo": "Y", "city": "", "state": "AZ", "area-code": "520"}, {"id": "03e293b3df9e35eadf15c561193fe091", "number": "5204674025", "date": "2021-01-21 11:05:00", "subject": "2", "recorded-or-robo": "Y", "city": "", "state": "AZ", "area-code": "520"}, {"id": "3decc6bfadaa436a105714c6baa9bc3d", "number": "", "date": "2021-01-24 13:41:00", "subject": "13", "recorded-or-robo": "N", "city": "Orange", "state": "NJ", "area-code": "973"}, {"id": "03e293b3df9e35eadf15c561193fdda1", "number": "", "date": "2021-01-24 13:41:00", "subject": "13", "recorded-or-robo": "N", "city": "Orange", "state": "NJ", "area-code": "973"}, {"id": "3decc6bfadaa436a105714c6baa9a4df", "number": "5136961920", "date": "2021-01-24 14:01:00", "subject": "3", "recorded-or-robo": "N", "city": "", "state": "MI", "area-code": "734"}, {"id": "03e293b3df9e35eadf15c561193fd17d", "number": "5136961920", "date": "2021-01-24 14:01:00", "subject": "3", "recorded-or-robo": "N", "city": "", "state": "MI", "area-code": "734"}, {"id": "3decc6bfadaa436a105714c6baa9aec4", "number": "8444738458", "date": "2021-01-22 00:00:00", "subject": "2", "recorded-or-robo": "Y", "city": "", "state": "NC", "area-code": "704"}, {"id": "03e293b3df9e35eadf15c561193fda47", "number": "8444738458", "date": "2021-01-22 00:00:00", "subject": "2", "recorded-or-robo": "Y", "city": "", "state": "NC", "area-code": "704"}, {"id": "3decc6bfadaa436a105714c6baa9a888", "number": "8556784392", "date": "2021-01-24 10:23:00", "subject": "2", "recorded-or-robo": "Y", "city": "Beaumont", "state": "TX", "area-code": "409"}, {"id": "03e293b3df9e35eadf15c561193fd5bf", "number": "8556784392", "date": "2021-01-24 10:23:00", "subject": "2", "recorded-or-robo": "Y", "city": "Beaumont", "state": "TX", "area-code": "409"}, {"id": "3decc6bfadaa436a105714c6baa9a5b5", "number": "3852193103", "date": "2021-01-22 00:00:00", "subject": "2", "recorded-or-robo": "Y", "city": "", "state": "NC", "area-code": "704"}, {"id": "03e293b3df9e35eadf15c561193fd1e7", "number": "3852193103", "date": "2021-01-22 00:00:00", "subject": "2", "recorded-or-robo": "Y", "city": "", "state": "NC", "area-code": "704"}, {"id": "3decc6bfadaa436a105714c6baa99551", "number": "8778758905", "date": "2021-01-21 14:35:00", "subject": "2", "recorded-or-robo": "Y", "city": "", "state": "AZ", "area-code": "520"}, {"id": "03e293b3df9e35eadf15c561193fce01", "number": "8778758905", "date": "2021-01-21 14:35:00", "subject": "2", "recorded-or-robo": "Y", "city": "", "state": "AZ", "area-code": "520"}, {"id": "3decc6bfadaa436a105714c6baa98bbc", "number": "9802468418", "date": "2021-01-23 00:00:00", "subject": "2", "recorded-or-robo": "N", "city": "", "state": "NC", "area-code": "704"}, {"id": "03e293b3df9e35eadf15c561193fc47b", "number": "9802468418", "date": "2021-01-23 00:00:00", "subject": "2", "recorded-or-robo": "N", "city": "", "state": "NC", "area-code": "704"}, {"id": "3decc6bfadaa436a105714c6baa9802b", "number": "8606927400", "date": "2021-01-16 18:57:00", "subject": "0", "recorded-or-robo": "", "city": "weatogue", "state": "CT", "area-code": "860"}, {"id": "03e293b3df9e35eadf15c561193fc25f", "number": "8606927400", "date": "2021-01-16 18:57:00", "subject": "0", "recorded-or-robo": "", "city": "weatogue", "state": "CT", "area-code": "860"}, {"id": "3decc6bfadaa436a105714c6baa97ffd", "number": "7044252043", "date": "2021-01-23 00:00:00", "subject": "3", "recorded-or-robo": "", "city": "", "state": "NC", "area-code": "704"}, {"id": "03e293b3df9e35eadf15c561193fb70f", "number": "7044252043", "date": "2021-01-23 00:00:00", "subject": "3", "recorded-or-robo": "", "city": "", "state": "NC", "area-code": "704"}, {"id": "3decc6bfadaa436a105714c6baa970ee", "number": "7252173099", "date": "2021-01-24 12:14:00", "subject": "0", "recorded-or-robo": "Y", "city": "", "state": "", "area-code": "971"}, {"id": "03e293b3df9e35eadf15c561193fab96", "number": "7252173099", "date": "2021-01-24 12:14:00", "subject": "0", "recorded-or-robo": "Y", "city": "", "state": "", "area-code": "971"}, {"id": "3decc6bfadaa436a105714c6baa97063", "number": "5204674117", "date": "2021-01-22 08:43:00", "subject": "2", "recorded-or-robo": "Y", "city": "", "state": "AZ", "area-code": "520"}, {"id": "03e293b3df9e35eadf15c561193fa908", "number": "5204674117", "date": "2021-01-22 08:43:00", "subject": "2", "recorded-or-robo": "Y", "city": "", "state": "AZ", "area-code": "520"}, {"id": "3decc6bfadaa436a105714c6baa96de8", "number": "8606592138", "date": "2021-01-19 17:43:00", "subject": "0", "recorded-or-robo": "", "city": "weatogue", "state": "CT", "area-code": "860"}, {"id": "03e293b3df9e35eadf15c561193f9c05", "number": "8606592138", "date": "2021-01-19 17:43:00", "subject": "0", "recorded-or-robo": "", "city": "weatogue", "state": "CT", "area-code": "860"}, {"id": "3decc6bfadaa436a105714c6baa96a23", "number": "7577655853", "date": "2021-01-24 13:57:00", "subject": "2", "recorded-or-robo": "Y", "city": "Hampton", "state": "VA", "area-code": "757"}, {"id": "03e293b3df9e35eadf15c561193f9bf8", "number": "7577655853", "date": "2021-01-24 13:57:00", "subject": "2", "recorded-or-robo": "Y", "city": "Hampton", "state": "VA", "area-code": "757"}, {"id": "3decc6bfadaa436a105714c6baa96613", "number": "2524291367", "date": "2021-01-23 00:00:00", "subject": "3", "recorded-or-robo": "Y", "city": "", "state": "NC", "area-code": "704"}, {"id": "03e293b3df9e35eadf15c561193f8cd7", "number": "2524291367", "date": "2021-01-23 00:00:00", "subject": "3", "recorded-or-robo": "Y", "city": "", "state": "NC", "area-code": "704"}]}