{"data": [{"id": "3decc6bfadaa436a105714c6babb77f4", "number": "8705710745", "date": "2021-01-24 15:13:00", "subject": "2", "recorded-or-robo": "Y", "city": "Texarkana", "state": "AR", "area-code": "870"}, {"id": "03e293b3df9e35eadf15c5611951d864", "number": "8705710745", "date": "2021-01-24 15:13:00", "subject": "2", "recorded-or-robo": "Y", "city": "Texarkana", "state": "AR", "area-code": "870"}, {"id": "3decc6bfadaa436a105714c6babb6c77", "number": "", "date": "2021-01-24 00:00:00", "subject": "3", "recorded-or-robo": "Y", "city": "", "state": "NY", "area-code": "845"}, {"id": "03e293b3df9e35eadf15c5611951d5a5", "number": "", "date": "2021-01-24 00:00:00", "subject": "3", "recorded-or-robo": "Y", "city": "", "state": "NY", "area-code": "845"}, {"id": "3decc6bfadaa436a105714c6babb5c87", "number": "6075631414", "date": "2021-01-22 12:40:00", "subject": "1", "recorded-or-robo": "Y", "city": "GARDEN CITY", "state": "KS", "area-code": "620"}, {"id": "03e293b3df9e35eadf15c5611951d27b", "number": "6075631414", "date": "2021-01-22 12:40:00", "subject": "1", "recorded-or-robo": "Y", "city": "GARDEN CITY", "state": "KS", "area-code": "620"}, {"id": "3decc6bfadaa436a105714c6babb5a4e", "number": "", "date": "2020-12-22 16:20:00", "subject": "3", "recorded-or-robo": "Y", "city": "", "state": "MD", "area-code": "410"}, {"id": "03e293b3df9e35eadf15c5611951ca1b", "number": "", "date": "2020-12-22 16:20:00", "subject": "3", "recorded-or-robo": "Y", "city": "", "state": "MD", "area-code": "410"}, {"id": "3decc6bfadaa436a105714c6babb4de1", "number": "9362270629", "date": "2021-01-23 19:35:00", "subject": "2", "recorded-or-robo": "Y", "city": "", "state": "TX", "area-code": "936"}, {"id": "03e293b3df9e35eadf15c5611951c35d", "number": "9362270629", "date": "2021-01-23 19:35:00", "subject": "2", "recorded-or-robo": "Y", "city": "", "state": "TX", "area-code": "936"}, {"id": "3decc6bfadaa436a105714c6babb4d33", "number": "", "date": "2021-01-24 00:00:00", "subject": "3", "recorded-or-robo": "Y", "city": "", "state": "NY", "area-code": "845"}, {"id": "03e293b3df9e35eadf15c5611951ba41", "number": "", "date": "2021-01-24 00:00:00", "subject": "3", "recorded-or-robo": "Y", "city": "", "state": "NY", "area-code": "845"}, {"id": "3decc6bfadaa436a105714c6babb4364", "number": "2169064710", "date": "2021-01-24 14:52:00", "subject": "0", "recorded-or-robo": "Y", "city": "Ohio", "state": "OH", "area-code": "216"}, {"id": "03e293b3df9e35eadf15c5611951adee", "number": "2169064710", "date": "2021-01-24 14:52:00", "subject": "0", "recorded-or-robo": "Y", "city": "Ohio", "state": "OH", "area-code": "216"}, {"id": "3decc6bfadaa436a105714c6babb360f", "number": "9362270629", "date": "2021-01-23 18:24:00", "subject": "2", "recorded-or-robo": "Y", "city": "", "state": "TX", "area-code": "936"}, {"id": "03e293b3df9e35eadf15c5611951aae7", "number": "9362270629", "date": "2021-01-23 18:24:00", "subject": "2", "recorded-or-robo": "Y", "city": "", "state": "TX", "area-code": "936"}, {"id": "3decc6bfadaa436a105714c6babb2c36", "number": "5166422461", "date": "2021-01-22 13:16:00", "subject": "3", "recorded-or-robo": "", "city": "", "state": "NY", "area-code": "516"}, {"id": "03e293b3df9e35eadf15c56119519f00", "number": "5166422461", "date": "2021-01-22 13:16:00", "subject": "3", "recorded-or-robo": "", "city": "", "state": "NY", "area-code": "516"}, {"id": "3decc6bfadaa436a105714c6babb32b2", "number": "9362270629", "date": "2021-01-23 17:33:00", "subject": "2", "recorded-or-robo": "Y", "city": "", "state": "TX", "area-code": "936"}, {"id": "03e293b3df9e35eadf15c5611951a9b2", "number": "9362270629", "date": "2021-01-23 17:33:00", "subject": "2", "recorded-or-robo": "Y", "city": "", "state": "TX", "area-code": "936"}, {"id": "3decc6bfadaa436a105714c6babb31d8", "number": "8556783144", "date": "2021-01-24 11:50:00", "subject": "1", "recorded-or-robo": "Y", "city": "", "state": "FL", "area-code": "813"}, {"id": "03e293b3df9e35eadf15c5611951a71d", "number": "8556783144", "date": "2021-01-24 11:50:00", "subject": "1", "recorded-or-robo": "Y", "city": "", "state": "FL", "area-code": "813"}, {"id": "3decc6bfadaa436a105714c6babb2e42", "number": "", "date": "2020-12-22 15:44:00", "subject": "3", "recorded-or-robo": "Y", "city": "", "state": "MD", "area-code": "410"}, {"id": "03e293b3df9e35eadf15c56119519f24", "number": "", "date": "2020-12-22 15:44:00", "subject": "3", "recorded-or-robo": "Y", "city": "", "state": "MD", "area-code": "410"}, {"id": "3decc6bfadaa436a105714c6babb27e5", "number": "", "date": "2021-01-24 00:00:00", "subject": "3", "recorded-or-robo": "N", "city": "", "state": "AR", "area-code": "501"}, {"id": "03e293b3df9e35eadf15c561195192b8", "number": "", "date": "2021-01-24 00:00:00", "subject": "3", "recorded-or-robo": "N", "city": "", "state": "AR", "area-code": "501"}, {"id": "3decc6bfadaa436a105714c6babb21e7", "number": "5154198245", "date": "2021-01-24 16:40:00", "subject": "2", "recorded-or-robo": "Y", "city": "Jefferson IA", "state": "IA", "area-code": "515"}, {"id": "03e293b3df9e35eadf15c561195184e6", "number": "5154198245", "date": "2021-01-24 16:40:00", "subject": "2", "recorded-or-robo": "Y", "city": "Jefferson IA", "state": "IA", "area-code": "515"}, {"id": "3decc6bfadaa436a105714c6babb1daf", "number": "7753007967", "date": "2021-01-22 17:59:00", "subject": "3", "recorded-or-robo": "Y", "city": "", "state": "NV", "area-code": "702"}, {"id": "03e293b3df9e35eadf15c561195184cb", "number": "7753007967", "date": "2021-01-22 17:59:00", "subject": "3", "recorded-or-robo": "Y", "city": "", "state": "NV", "area-code": "702"}, {"id": "3decc6bfadaa436a105714c6babb1981", "number": "9362270630", "date": "2021-01-24 10:12:00", "subject": "2", "recorded-or-robo": "Y", "city": "", "state": "TX", "area-code": "936"}, {"id": "03e293b3df9e35eadf15c56119517548", "number": "9362270630", "date": "2021-01-24 10:12:00", "subject": "2", "recorded-or-robo": "Y", "city": "", "state": "TX", "area-code": "936"}, {"id": "3decc6bfadaa436a105714c6babb16e2", "number": "5152193739", "date": "2021-01-21 09:15:00", "subject": "2", "recorded-or-robo": "Y", "city": "Chesapeake", "state": "VA", "area-code": "757"}, {"id": "03e293b3df9e35eadf15c561195174d5", "number": "5152193739", "date": "2021-01-21 09:15:00", "subject": "2", "recorded-or-robo": "Y", "city": "Chesapeake", "state": "VA", "area-code": "757"}, {"id": "3decc6bfadaa436a105714c6babb12b3", "number": "9362270630", "date": "2021-01-24 09:12:00", "subject": "2", "recorded-or-robo": "Y", "city": "", "state": "TX", "area-code": "936"}, {"id": "03e293b3df9e35eadf15c56119516bec", "number": "9362270630", "date": "2021-01-24 09:12:00", "subject": "2", "recorded-or-robo": "Y", "city": "", "state": "TX", "area-code": "936"}, {"id": "3decc6bfadaa436a105714c6babb0630", "number": "6603492318", "date": "2021-01-24 15:35:00", "subject": "1", "recorded-or-robo": "Y", "city": "Panama City Beach", "state": "FL", "area-code": "660"}, {"id": "03e293b3df9e35eadf15c561195161cb", "number": "6603492318", "date": "2021-01-24 15:35:00", "subject": "1", "recorded-or-robo": "Y", "city": "Panama City Beach", "state": "FL", "area-code": "660"}, {"id": "3decc6bfadaa436a105714c6babaffc3", "number": "3147892368", "date": "2021-01-24 15:43:00", "subject": "2", "recorded-or-robo": "", "city": "", "state": "WI", "area-code": "920"}, {"id": "3decc6bfadaa436a105714c6babafb95", "number": "8556783268", "date": "2021-01-24 16:20:00", "subject": "2", "recorded-or-robo": "Y", "city": "", "state": "PA", "area-code": "412"}, {"id": "03e293b3df9e35eadf15c56119515fa5", "number": "3147892368", "date": "2021-01-24 15:43:00", "subject": "2", "recorded-or-robo": "", "city": "", "state": "WI", "area-code": "920"}, {"id": "03e293b3df9e35eadf15c561195158d3", "number": "8556783268", "date": "2021-01-24 16:20:00", "subject": "2", "recorded-or-robo": "Y", "city": "", "state": "PA", "area-code": "412"}, {"id": "3decc6bfadaa436a105714c6babaeeb5", "number": "6164252307", "date": "2021-01-20 17:06:00", "subject": "2", "recorded-or-robo": "Y", "city": "Chesapeake", "state": "VA", "area-code": "757"}, {"id": "03e293b3df9e35eadf15c56119515146", "number": "6164252307", "date": "2021-01-20 17:06:00", "subject": "2", "recorded-or-robo": "Y", "city": "Chesapeake", "state": "VA", "area-code": "757"}, {"id": "3decc6bfadaa436a105714c6babaee87", "number": "", "date": "2021-01-22 00:00:00", "subject": "2", "recorded-or-robo": "Y", "city": "Ft. Worth", "state": "TX", "area-code": "817"}, {"id": "03e293b3df9e35eadf15c56119514475", "number": "", "date": "2021-01-22 00:00:00", "subject": "2", "recorded-or-robo": "Y", "city": "Ft. Worth", "state": "TX", "area-code": "817"}, {"id": "3decc6bfadaa436a105714c6babae710", "number": "2169064710", "date": "2021-01-24 14:41:00", "subject": "0", "recorded-or-robo": "Y", "city": "Ohio", "state": "OH", "area-code": "216"}, {"id": "03e293b3df9e35eadf15c5611951391f", "number": "2169064710", "date": "2021-01-24 14:41:00", "subject": "0", "recorded-or-robo": "Y", "city": "Ohio", "state": "OH", "area-code": "216"}, {"id": "3decc6bfadaa436a105714c6babadfa3", "number": "3252679282", "date": "2021-01-20 18:44:00", "subject": "2", "recorded-or-robo": "Y", "city": "Chesapeake", "state": "VA", "area-code": "757"}, {"id": "03e293b3df9e35eadf15c561195133b5", "number": "3252679282", "date": "2021-01-20 18:44:00", "subject": "2", "recorded-or-robo": "Y", "city": "Chesapeake", "state": "VA", "area-code": "757"}]}