{"data": [{"id": "3decc6bfadaa436a105714c6ba9d5198", "number": "3367384083", "date": "2021-01-23 00:00:00", "subject": "0", "recorded-or-robo": "Y", "city": "Cerritos", "state": "CA", "area-code": "562"}, {"id": "03e293b3df9e35eadf15c5611933c0b5", "number": "3367384083", "date": "2021-01-23 00:00:00", "subject": "0", "recorded-or-robo": "Y", "city": "Cerritos", "state": "CA", "area-code": "562"}, {"id": "3decc6bfadaa436a105714c6ba9d41c2", "number": "2622755305", "date": "2021-01-24 11:22:00", "subject": "2", "recorded-or-robo": "Y", "city": "", "state": "WI", "area-code": "262"}, {"id": "03e293b3df9e35eadf15c5611933be13", "number": "2622755305", "date": "2021-01-24 11:22:00", "subject": "2", "recorded-or-robo": "Y", "city": "", "state": "WI", "area-code": "262"}, {"id": "3decc6bfadaa436a105714c6ba9d3f1e", "number": "8556782118", "date": "2021-01-24 12:31:00", "subject": "11", "recorded-or-robo": "Y", "city": "Pickerington", "state": "OH", "area-code": "740"}, {"id": "03e293b3df9e35eadf15c5611933ae83", "number": "8556782118", "date": "2021-01-24 12:31:00", "subject": "11", "recorded-or-robo": "Y", "city": "Pickerington", "state": "OH", "area-code": "740"}, {"id": "3decc6bfadaa436a105714c6ba9d3772", "number": "2765312220", "date": "2021-01-21 13:40:00", "subject": "3", "recorded-or-robo": "", "city": "Fairfax Station", "state": "VA", "area-code": "703"}, {"id": "03e293b3df9e35eadf15c5611933a398", "number": "2765312220", "date": "2021-01-21 13:40:00", "subject": "3", "recorded-or-robo": "", "city": "Fairfax Station", "state": "VA", "area-code": "703"}, {"id": "3decc6bfadaa436a105714c6ba9d305f", "number": "5629428562", "date": "2021-01-24 00:00:00", "subject": "0", "recorded-or-robo": "Y", "city": "Cerritos", "state": "CA", "area-code": "562"}, {"id": "03e293b3df9e35eadf15c561193397c4", "number": "5629428562", "date": "2021-01-24 00:00:00", "subject": "0", "recorded-or-robo": "Y", "city": "Cerritos", "state": "CA", "area-code": "562"}, {"id": "3decc6bfadaa436a105714c6ba9d257e", "number": "6145342520", "date": "2021-01-21 08:10:00", "subject": "1", "recorded-or-robo": "Y", "city": "Scottsdale", "state": "AZ", "area-code": "480"}, {"id": "03e293b3df9e35eadf15c56119338af2", "number": "6145342520", "date": "2021-01-21 08:10:00", "subject": "1", "recorded-or-robo": "Y", "city": "Scottsdale", "state": "AZ", "area-code": "480"}, {"id": "3decc6bfadaa436a105714c6ba9d1c9f", "number": "8556782089", "date": "2021-01-24 12:13:00", "subject": "11", "recorded-or-robo": "Y", "city": "GALENA", "state": "OH", "area-code": "740"}, {"id": "03e293b3df9e35eadf15c561193388a5", "number": "8556782089", "date": "2021-01-24 12:13:00", "subject": "11", "recorded-or-robo": "Y", "city": "GALENA", "state": "OH", "area-code": "740"}, {"id": "3decc6bfadaa436a105714c6ba9d0e86", "number": "3012351387", "date": "2021-01-21 00:00:00", "subject": "2", "recorded-or-robo": "N", "city": "", "state": "MD", "area-code": "301"}, {"id": "03e293b3df9e35eadf15c56119338774", "number": "3012351387", "date": "2021-01-21 00:00:00", "subject": "2", "recorded-or-robo": "N", "city": "", "state": "MD", "area-code": "301"}, {"id": "3decc6bfadaa436a105714c6ba9d02e9", "number": "5624041149", "date": "2021-01-24 00:00:00", "subject": "0", "recorded-or-robo": "Y", "city": "Cerritos", "state": "CA", "area-code": "562"}, {"id": "03e293b3df9e35eadf15c561193386fa", "number": "5624041149", "date": "2021-01-24 00:00:00", "subject": "0", "recorded-or-robo": "Y", "city": "Cerritos", "state": "CA", "area-code": "562"}, {"id": "3decc6bfadaa436a105714c6ba9cfd74", "number": "", "date": "2021-01-21 12:54:00", "subject": "3", "recorded-or-robo": "", "city": "Fairfax Station", "state": "VA", "area-code": "703"}, {"id": "03e293b3df9e35eadf15c5611933810f", "number": "", "date": "2021-01-21 12:54:00", "subject": "3", "recorded-or-robo": "", "city": "Fairfax Station", "state": "VA", "area-code": "703"}, {"id": "3decc6bfadaa436a105714c6ba9cf453", "number": "7257262585", "date": "2021-01-21 12:23:00", "subject": "3", "recorded-or-robo": "", "city": "Fairfax Station", "state": "VA", "area-code": "703"}, {"id": "03e293b3df9e35eadf15c5611933737e", "number": "7257262585", "date": "2021-01-21 12:23:00", "subject": "3", "recorded-or-robo": "", "city": "Fairfax Station", "state": "VA", "area-code": "703"}, {"id": "3decc6bfadaa436a105714c6ba9cf26a", "number": "5624045591", "date": "2021-01-24 00:00:00", "subject": "0", "recorded-or-robo": "Y", "city": "Cerritos", "state": "CA", "area-code": "562"}, {"id": "03e293b3df9e35eadf15c56119336c9f", "number": "5624045591", "date": "2021-01-24 00:00:00", "subject": "0", "recorded-or-robo": "Y", "city": "Cerritos", "state": "CA", "area-code": "562"}, {"id": "3decc6bfadaa436a105714c6ba9ce348", "number": "3016792476", "date": "2021-01-22 00:00:00", "subject": "2", "recorded-or-robo": "N", "city": "", "state": "MD", "area-code": "301"}, {"id": "03e293b3df9e35eadf15c56119335cce", "number": "3016792476", "date": "2021-01-22 00:00:00", "subject": "2", "recorded-or-robo": "N", "city": "", "state": "MD", "area-code": "301"}, {"id": "3decc6bfadaa436a105714c6ba9cd9ff", "number": "5099469938", "date": "2021-01-24 09:15:00", "subject": "2", "recorded-or-robo": "Y", "city": "Richland", "state": "WA", "area-code": "509"}, {"id": "03e293b3df9e35eadf15c56119335c38", "number": "5099469938", "date": "2021-01-24 09:15:00", "subject": "2", "recorded-or-robo": "Y", "city": "Richland", "state": "WA", "area-code": "509"}, {"id": "3decc6bfadaa436a105714c6ba9cd2a1", "number": "9869464332", "date": "2021-01-20 20:00:00", "subject": "3", "recorded-or-robo": "", "city": "Fairfax Station", "state": "VA", "area-code": "703"}, {"id": "03e293b3df9e35eadf15c56119334e3d", "number": "9869464332", "date": "2021-01-20 20:00:00", "subject": "3", "recorded-or-robo": "", "city": "Fairfax Station", "state": "VA", "area-code": "703"}, {"id": "3decc6bfadaa436a105714c6ba9cc64f", "number": "5624043881", "date": "2021-01-24 00:00:00", "subject": "0", "recorded-or-robo": "Y", "city": "Cerritos", "state": "CA", "area-code": "562"}, {"id": "03e293b3df9e35eadf15c561193341fc", "number": "5624043881", "date": "2021-01-24 00:00:00", "subject": "0", "recorded-or-robo": "Y", "city": "Cerritos", "state": "CA", "area-code": "562"}, {"id": "3decc6bfadaa436a105714c6ba9cb9e3", "number": "", "date": "2020-01-24 12:26:00", "subject": "3", "recorded-or-robo": "Y", "city": "", "state": "OH", "area-code": "740"}, {"id": "3decc6bfadaa436a105714c6ba9cb771", "number": "3152328257", "date": "2021-01-24 11:30:00", "subject": "1", "recorded-or-robo": "Y", "city": "", "state": "MO", "area-code": "314"}, {"id": "03e293b3df9e35eadf15c561193333db", "number": "", "date": "2020-01-24 12:26:00", "subject": "3", "recorded-or-robo": "Y", "city": "", "state": "OH", "area-code": "740"}, {"id": "03e293b3df9e35eadf15c56119333316", "number": "3152328257", "date": "2021-01-24 11:30:00", "subject": "1", "recorded-or-robo": "Y", "city": "", "state": "MO", "area-code": "314"}, {"id": "3decc6bfadaa436a105714c6ba9cb6e0", "number": "5099435794", "date": "2021-01-24 09:15:00", "subject": "11", "recorded-or-robo": "Y", "city": "Richland", "state": "WA", "area-code": "509"}, {"id": "03e293b3df9e35eadf15c561193330da", "number": "5099435794", "date": "2021-01-24 09:15:00", "subject": "11", "recorded-or-robo": "Y", "city": "Richland", "state": "WA", "area-code": "509"}, {"id": "3decc6bfadaa436a105714c6ba9cb267", "number": "9738692849", "date": "2021-01-24 12:33:00", "subject": "0", "recorded-or-robo": "N", "city": "Clifton", "state": "NJ", "area-code": "973"}, {"id": "03e293b3df9e35eadf15c56119332707", "number": "9738692849", "date": "2021-01-24 12:33:00", "subject": "0", "recorded-or-robo": "N", "city": "Clifton", "state": "NJ", "area-code": "973"}, {"id": "3decc6bfadaa436a105714c6ba9cac70", "number": "8043777464", "date": "2021-01-20 18:39:00", "subject": "3", "recorded-or-robo": "", "city": "Fairfax Station", "state": "VA", "area-code": "703"}, {"id": "03e293b3df9e35eadf15c56119332349", "number": "8043777464", "date": "2021-01-20 18:39:00", "subject": "3", "recorded-or-robo": "", "city": "Fairfax Station", "state": "VA", "area-code": "703"}, {"id": "3decc6bfadaa436a105714c6ba9c9df7", "number": "5624047027", "date": "2021-01-24 00:00:00", "subject": "0", "recorded-or-robo": "Y", "city": "Cerritos", "state": "CA", "area-code": "562"}, {"id": "03e293b3df9e35eadf15c561193315fa", "number": "5624047027", "date": "2021-01-24 00:00:00", "subject": "0", "recorded-or-robo": "Y", "city": "Cerritos", "state": "CA", "area-code": "562"}, {"id": "3decc6bfadaa436a105714c6ba9c92eb", "number": "8132308513", "date": "2021-01-24 12:15:00", "subject": "2", "recorded-or-robo": "Y", "city": "Brandon", "state": "FL", "area-code": "813"}, {"id": "03e293b3df9e35eadf15c561193315d1", "number": "8132308513", "date": "2021-01-24 12:15:00", "subject": "2", "recorded-or-robo": "Y", "city": "Brandon", "state": "FL", "area-code": "813"}, {"id": "3decc6bfadaa436a105714c6ba9c8a6e", "number": "3017013548", "date": "2021-01-15 00:00:00", "subject": "2", "recorded-or-robo": "N", "city": "", "state": "MD", "area-code": "301"}, {"id": "3decc6bfadaa436a105714c6ba9c7acc", "number": "8009272291", "date": "2021-01-24 12:26:00", "subject": "2", "recorded-or-robo": "", "city": "", "state": "NY", "area-code": "518"}, {"id": "03e293b3df9e35eadf15c56119330ed8", "number": "3017013548", "date": "2021-01-15 00:00:00", "subject": "2", "recorded-or-robo": "N", "city": "", "state": "MD", "area-code": "301"}, {"id": "03e293b3df9e35eadf15c56119330241", "number": "8009272291", "date": "2021-01-24 12:26:00", "subject": "2", "recorded-or-robo": "", "city": "", "state": "NY", "area-code": "518"}]}