{"data": [{"id": "03e293b3df9e35eadf15c561192bdfa7", "number": "3144344213", "date": "2021-01-23 14:28:00", "subject": "2", "recorded-or-robo": "", "city": "Maryland Heights", "state": "MO", "area-code": "314"}, {"id": "03e293b3df9e35eadf15c561192bd9dd", "number": "8035755066", "date": "2021-01-20 20:34:00", "subject": "2", "recorded-or-robo": "Y", "city": "San Antonio", "state": "TX", "area-code": "210"}, {"id": "3decc6bfadaa436a105714c6ba958a5a", "number": "", "date": "2021-01-12 16:21:00", "subject": "1", "recorded-or-robo": "Y", "city": "Miami", "state": "FL", "area-code": "305"}, {"id": "03e293b3df9e35eadf15c561192bcdc6", "number": "", "date": "2021-01-12 16:21:00", "subject": "1", "recorded-or-robo": "Y", "city": "Miami", "state": "FL", "area-code": "305"}, {"id": "3decc6bfadaa436a105714c6ba95846d", "number": "9546767827", "date": "2021-01-23 12:07:00", "subject": "2", "recorded-or-robo": "Y", "city": "St. Paul", "state": "MN", "area-code": "651"}, {"id": "3decc6bfadaa436a105714c6ba957fbd", "number": "", "date": "2021-01-04 17:00:00", "subject": "4", "recorded-or-robo": "Y", "city": "", "state": "VA", "area-code": "804"}, {"id": "03e293b3df9e35eadf15c561192bcc3c", "number": "9546767827", "date": "2021-01-23 12:07:00", "subject": "2", "recorded-or-robo": "Y", "city": "St. Paul", "state": "MN", "area-code": "651"}, {"id": "03e293b3df9e35eadf15c561192bbf1e", "number": "", "date": "2021-01-04 17:00:00", "subject": "4", "recorded-or-robo": "Y", "city": "", "state": "VA", "area-code": "804"}, {"id": "3decc6bfadaa436a105714c6ba957d60", "number": "4693181659", "date": "2021-01-17 06:56:00", "subject": "3", "recorded-or-robo": "Y", "city": "", "state": "PA", "area-code": "570"}, {"id": "03e293b3df9e35eadf15c561192bbe7b", "number": "4693181659", "date": "2021-01-17 06:56:00", "subject": "3", "recorded-or-robo": "Y", "city": "", "state": "PA", "area-code": "570"}, {"id": "3decc6bfadaa436a105714c6ba956d6a", "number": "7032783178", "date": "2021-01-24 00:00:00", "subject": "2", "recorded-or-robo": "N", "city": "Glen Allen", "state": "VA", "area-code": "804"}, {"id": "03e293b3df9e35eadf15c561192bb79e", "number": "7032783178", "date": "2021-01-24 00:00:00", "subject": "2", "recorded-or-robo": "N", "city": "Glen Allen", "state": "VA", "area-code": "804"}, {"id": "3decc6bfadaa436a105714c6ba956cce", "number": "8075267009", "date": "2021-01-14 09:46:00", "subject": "0", "recorded-or-robo": "Y", "city": "Bethlehem", "state": "PA", "area-code": "484"}, {"id": "03e293b3df9e35eadf15c561192ba941", "number": "8075267009", "date": "2021-01-14 09:46:00", "subject": "0", "recorded-or-robo": "Y", "city": "Bethlehem", "state": "PA", "area-code": "484"}, {"id": "3decc6bfadaa436a105714c6ba956b10", "number": "8778365629", "date": "2021-01-24 11:25:00", "subject": "0", "recorded-or-robo": "N", "city": "", "state": "MA", "area-code": "781"}, {"id": "03e293b3df9e35eadf15c561192b9ce2", "number": "8778365629", "date": "2021-01-24 11:25:00", "subject": "0", "recorded-or-robo": "N", "city": "", "state": "MA", "area-code": "781"}, {"id": "3decc6bfadaa436a105714c6ba956aff", "number": "8003826903", "date": "2021-01-23 14:05:00", "subject": "2", "recorded-or-robo": "Y", "city": "St. Paul", "state": "MN", "area-code": "651"}, {"id": "03e293b3df9e35eadf15c561192b97a8", "number": "8003826903", "date": "2021-01-23 14:05:00", "subject": "2", "recorded-or-robo": "Y", "city": "St. Paul", "state": "MN", "area-code": "651"}, {"id": "3decc6bfadaa436a105714c6ba956778", "number": "21084619982", "date": "2021-01-20 19:54:00", "subject": "2", "recorded-or-robo": "Y", "city": "San Antonio", "state": "TX", "area-code": "210"}, {"id": "03e293b3df9e35eadf15c561192b9063", "number": "21084619982", "date": "2021-01-20 19:54:00", "subject": "2", "recorded-or-robo": "Y", "city": "San Antonio", "state": "TX", "area-code": "210"}, {"id": "3decc6bfadaa436a105714c6ba95633d", "number": "8665278307", "date": "2021-01-23 12:39:00", "subject": "2", "recorded-or-robo": "", "city": "Maryland Heights", "state": "MO", "area-code": "314"}, {"id": "03e293b3df9e35eadf15c561192b8450", "number": "8665278307", "date": "2021-01-23 12:39:00", "subject": "2", "recorded-or-robo": "", "city": "Maryland Heights", "state": "MO", "area-code": "314"}, {"id": "3decc6bfadaa436a105714c6ba9557a7", "number": "5099464780", "date": "2021-01-24 08:19:00", "subject": "2", "recorded-or-robo": "Y", "city": "", "state": "WA", "area-code": "509"}, {"id": "03e293b3df9e35eadf15c561192b7541", "number": "5099464780", "date": "2021-01-24 08:19:00", "subject": "2", "recorded-or-robo": "Y", "city": "", "state": "WA", "area-code": "509"}, {"id": "3decc6bfadaa436a105714c6ba9553b9", "number": "2184207005", "date": "2021-01-20 19:44:00", "subject": "2", "recorded-or-robo": "Y", "city": "San Antonio", "state": "TX", "area-code": "210"}, {"id": "03e293b3df9e35eadf15c561192b6583", "number": "2184207005", "date": "2021-01-20 19:44:00", "subject": "2", "recorded-or-robo": "Y", "city": "San Antonio", "state": "TX", "area-code": "210"}, {"id": "3decc6bfadaa436a105714c6ba95515b", "number": "8665276657", "date": "2021-01-23 12:02:00", "subject": "2", "recorded-or-robo": "", "city": "Maryland Heights", "state": "MO", "area-code": "314"}, {"id": "03e293b3df9e35eadf15c561192b6567", "number": "8665276657", "date": "2021-01-23 12:02:00", "subject": "2", "recorded-or-robo": "", "city": "Maryland Heights", "state": "MO", "area-code": "314"}, {"id": "3decc6bfadaa436a105714c6ba954dd5", "number": "3123802943", "date": "2021-01-23 15:45:00", "subject": "2", "recorded-or-robo": "Y", "city": "CHICAGO", "state": "IL", "area-code": "773"}, {"id": "03e293b3df9e35eadf15c561192b5924", "number": "3123802943", "date": "2021-01-23 15:45:00", "subject": "2", "recorded-or-robo": "Y", "city": "CHICAGO", "state": "IL", "area-code": "773"}, {"id": "3decc6bfadaa436a105714c6ba953e90", "number": "6108105798", "date": "2021-01-13 11:15:00", "subject": "4", "recorded-or-robo": "Y", "city": "Bethlehem", "state": "PA", "area-code": "610"}, {"id": "03e293b3df9e35eadf15c561192b5779", "number": "6108105798", "date": "2021-01-13 11:15:00", "subject": "4", "recorded-or-robo": "Y", "city": "Bethlehem", "state": "PA", "area-code": "610"}, {"id": "3decc6bfadaa436a105714c6ba952f9f", "number": "8037887100", "date": "2021-01-20 18:49:00", "subject": "2", "recorded-or-robo": "Y", "city": "San Antonio", "state": "TX", "area-code": "210"}, {"id": "03e293b3df9e35eadf15c561192b5023", "number": "8037887100", "date": "2021-01-20 18:49:00", "subject": "2", "recorded-or-robo": "Y", "city": "San Antonio", "state": "TX", "area-code": "210"}, {"id": "3decc6bfadaa436a105714c6ba9523e5", "number": "7147675799", "date": "2021-01-24 05:27:00", "subject": "3", "recorded-or-robo": "Y", "city": "", "state": "PA", "area-code": "570"}, {"id": "03e293b3df9e35eadf15c561192b4871", "number": "7147675799", "date": "2021-01-24 05:27:00", "subject": "3", "recorded-or-robo": "Y", "city": "", "state": "PA", "area-code": "570"}, {"id": "3decc6bfadaa436a105714c6ba95188e", "number": "8665271057", "date": "2021-01-23 11:49:00", "subject": "1", "recorded-or-robo": "Y", "city": "Maryland Heights", "state": "MO", "area-code": "314"}, {"id": "03e293b3df9e35eadf15c561192b3ed0", "number": "8665271057", "date": "2021-01-23 11:49:00", "subject": "1", "recorded-or-robo": "Y", "city": "Maryland Heights", "state": "MO", "area-code": "314"}, {"id": "3decc6bfadaa436a105714c6ba950e0b", "number": "6107078072", "date": "2021-01-20 10:19:00", "subject": "4", "recorded-or-robo": "Y", "city": "Bethlehem", "state": "PA", "area-code": "610"}, {"id": "03e293b3df9e35eadf15c561192b349e", "number": "6107078072", "date": "2021-01-20 10:19:00", "subject": "4", "recorded-or-robo": "Y", "city": "Bethlehem", "state": "PA", "area-code": "610"}, {"id": "3decc6bfadaa436a105714c6ba950455", "number": "7117664468", "date": "2021-01-20 17:02:00", "subject": "2", "recorded-or-robo": "Y", "city": "San Antonio", "state": "TX", "area-code": "210"}, {"id": "03e293b3df9e35eadf15c561192b2e59", "number": "7117664468", "date": "2021-01-20 17:02:00", "subject": "2", "recorded-or-robo": "Y", "city": "San Antonio", "state": "TX", "area-code": "210"}, {"id": "3decc6bfadaa436a105714c6ba94dfec", "number": "", "date": "2021-01-20 14:09:00", "subject": "3", "recorded-or-robo": "", "city": "", "state": "NJ", "area-code": "201"}, {"id": "03e293b3df9e35eadf15c561192affd6", "number": "", "date": "2021-01-20 14:09:00", "subject": "3", "recorded-or-robo": "", "city": "", "state": "NJ", "area-code": "201"}, {"id": "3decc6bfadaa436a105714c6ba94f571", "number": "2196822759", "date": "2021-01-22 11:58:00", "subject": "0", "recorded-or-robo": "Y", "city": "Peoria", "state": "AZ", "area-code": "623"}, {"id": "03e293b3df9e35eadf15c561192b278a", "number": "2196822759", "date": "2021-01-22 11:58:00", "subject": "0", "recorded-or-robo": "Y", "city": "Peoria", "state": "AZ", "area-code": "623"}, {"id": "3decc6bfadaa436a105714c6ba94ef97", "number": "9492538829", "date": "2021-01-19 13:23:00", "subject": "9", "recorded-or-robo": "Y", "city": "", "state": "CA", "area-code": "559"}, {"id": "03e293b3df9e35eadf15c561192b1908", "number": "9492538829", "date": "2021-01-19 13:23:00", "subject": "9", "recorded-or-robo": "Y", "city": "", "state": "CA", "area-code": "559"}, {"id": "3decc6bfadaa436a105714c6ba94ec25", "number": "6108105655", "date": "2021-01-21 10:23:00", "subject": "4", "recorded-or-robo": "Y", "city": "Bethlehem", "state": "PA", "area-code": "610"}, {"id": "03e293b3df9e35eadf15c561192b0add", "number": "6108105655", "date": "2021-01-21 10:23:00", "subject": "4", "recorded-or-robo": "Y", "city": "Bethlehem", "state": "PA", "area-code": "610"}]}