{"data": [{"id": "deca54a6651fb9add5b4a9816ce925de", "number": "3025651959", "date": "2021-01-22 17:49:53", "subject": "3", "recorded-or-robo": "Y", "city": "", "state": "TX", "area-code": "713"}, {"id": "e81c9350d54f66c6d33b3747ee1d079d", "number": "", "date": "2021-01-22 12:00:00", "subject": "1", "recorded-or-robo": "Y", "city": "", "state": "TX", "area-code": "432"}, {"id": "deca54a6651fb9add5b4a9816cb241e5", "number": "", "date": "2021-01-22 12:00:00", "subject": "1", "recorded-or-robo": "Y", "city": "", "state": "TX", "area-code": "432"}, {"id": "e81c9350d54f66c6d33b3747ee1d047f", "number": "8653764816", "date": "2021-01-22 16:59:00", "subject": "2", "recorded-or-robo": "Y", "city": "Kingston", "state": "TN", "area-code": "865"}, {"id": "e81c9350d54f66c6d33b3747ee1d0475", "number": "8315313411", "date": "2021-01-22 11:46:00", "subject": "4", "recorded-or-robo": "Y", "city": "Council Bluffs", "state": "IA", "area-code": "402"}, {"id": "deca54a6651fb9add5b4a9816cb23c5e", "number": "8653764816", "date": "2021-01-22 16:59:00", "subject": "2", "recorded-or-robo": "Y", "city": "Kingston", "state": "TN", "area-code": "865"}, {"id": "deca54a6651fb9add5b4a9816cb236ef", "number": "8315313411", "date": "2021-01-22 11:46:00", "subject": "4", "recorded-or-robo": "Y", "city": "Council Bluffs", "state": "IA", "area-code": "402"}, {"id": "e81c9350d54f66c6d33b3747ee1d00eb", "number": "3025493731", "date": "2021-01-20 10:56:00", "subject": "0", "recorded-or-robo": "", "city": "Millsboro", "state": "DE", "area-code": "302"}, {"id": "deca54a6651fb9add5b4a9816cb22e12", "number": "3025493731", "date": "2021-01-20 10:56:00", "subject": "0", "recorded-or-robo": "", "city": "Millsboro", "state": "DE", "area-code": "302"}, {"id": "e81c9350d54f66c6d33b3747ee1cf207", "number": "8433461068", "date": "2021-01-22 17:09:00", "subject": "3", "recorded-or-robo": "Y", "city": "", "state": "SC", "area-code": "843"}, {"id": "deca54a6651fb9add5b4a9816cb222ca", "number": "8433461068", "date": "2021-01-22 17:09:00", "subject": "3", "recorded-or-robo": "Y", "city": "", "state": "SC", "area-code": "843"}, {"id": "e81c9350d54f66c6d33b3747ee5499a5", "number": "+18177616963", "date": "2021-01-22 17:49:33", "subject": "3", "recorded-or-robo": "Y", "city": "", "state": "TX", "area-code": "214"}, {"id": "deca54a6651fb9add5b4a9816ce917e0", "number": "+18177616963", "date": "2021-01-22 17:49:33", "subject": "3", "recorded-or-robo": "Y", "city": "", "state": "TX", "area-code": "214"}, {"id": "e81c9350d54f66c6d33b3747ee1ce61b", "number": "3852185443", "date": "2021-01-22 14:44:00", "subject": "1", "recorded-or-robo": "Y", "city": "West Valley City", "state": "UT", "area-code": "385"}, {"id": "deca54a6651fb9add5b4a9816cb22163", "number": "3852185443", "date": "2021-01-22 14:44:00", "subject": "1", "recorded-or-robo": "Y", "city": "West Valley City", "state": "UT", "area-code": "385"}, {"id": "e81c9350d54f66c6d33b3747ee1cdb3a", "number": "8177411134", "date": "2021-01-22 16:45:00", "subject": "4", "recorded-or-robo": "Y", "city": "Lindale", "state": "TX", "area-code": "903"}, {"id": "e81c9350d54f66c6d33b3747ee1cd618", "number": "6145160773", "date": "2021-01-22 15:43:00", "subject": "2", "recorded-or-robo": "N", "city": "columbus", "state": "OH", "area-code": "614"}, {"id": "deca54a6651fb9add5b4a9816cb219cb", "number": "8177411134", "date": "2021-01-22 16:45:00", "subject": "4", "recorded-or-robo": "Y", "city": "Lindale", "state": "TX", "area-code": "903"}, {"id": "deca54a6651fb9add5b4a9816cb20a36", "number": "6145160773", "date": "2021-01-22 15:43:00", "subject": "2", "recorded-or-robo": "N", "city": "columbus", "state": "OH", "area-code": "614"}, {"id": "e81c9350d54f66c6d33b3747ee1cc6c2", "number": "7252287263", "date": "2021-01-22 12:30:00", "subject": "2", "recorded-or-robo": "Y", "city": "", "state": "AZ", "area-code": "480"}, {"id": "deca54a6651fb9add5b4a9816cb1ffd5", "number": "7252287263", "date": "2021-01-22 12:30:00", "subject": "2", "recorded-or-robo": "Y", "city": "", "state": "AZ", "area-code": "480"}, {"id": "e81c9350d54f66c6d33b3747ee1cc4e2", "number": "9083692224", "date": "2021-01-22 17:05:00", "subject": "4", "recorded-or-robo": "Y", "city": "", "state": "NJ", "area-code": "732"}, {"id": "deca54a6651fb9add5b4a9816cb1fe63", "number": "9083692224", "date": "2021-01-22 17:05:00", "subject": "4", "recorded-or-robo": "Y", "city": "", "state": "NJ", "area-code": "732"}, {"id": "e81c9350d54f66c6d33b3747ee1cc1f7", "number": "3144452807", "date": "2021-01-21 16:29:00", "subject": "2", "recorded-or-robo": "Y", "city": "St. Charles", "state": "MO", "area-code": "314"}, {"id": "deca54a6651fb9add5b4a9816cb1f093", "number": "3144452807", "date": "2021-01-21 16:29:00", "subject": "2", "recorded-or-robo": "Y", "city": "St. Charles", "state": "MO", "area-code": "314"}, {"id": "e81c9350d54f66c6d33b3747ee1cb42d", "number": "9739353600", "date": "2021-01-22 17:30:00", "subject": "2", "recorded-or-robo": "Y", "city": "Parsippany", "state": "NJ", "area-code": "973"}, {"id": "e81c9350d54f66c6d33b3747ee1ca4c4", "number": "8502049243", "date": "2021-01-21 12:28:00", "subject": "2", "recorded-or-robo": "", "city": "Pensacola", "state": "FL", "area-code": "850"}, {"id": "e81c9350d54f66c6d33b3747ee1c9da3", "number": "5067706561", "date": "2021-01-22 16:40:00", "subject": "1", "recorded-or-robo": "Y", "city": "Des Moines", "state": "IA", "area-code": "515"}, {"id": "deca54a6651fb9add5b4a9816cb1ed42", "number": "9739353600", "date": "2021-01-22 17:30:00", "subject": "2", "recorded-or-robo": "Y", "city": "Parsippany", "state": "NJ", "area-code": "973"}, {"id": "deca54a6651fb9add5b4a9816cb1e6c8", "number": "8502049243", "date": "2021-01-21 12:28:00", "subject": "2", "recorded-or-robo": "", "city": "Pensacola", "state": "FL", "area-code": "850"}, {"id": "deca54a6651fb9add5b4a9816cb1d77f", "number": "5067706561", "date": "2021-01-22 16:40:00", "subject": "1", "recorded-or-robo": "Y", "city": "Des Moines", "state": "IA", "area-code": "515"}, {"id": "e81c9350d54f66c6d33b3747ee541249", "number": "9107626319", "date": "2021-01-22 17:49:17", "subject": "3", "recorded-or-robo": "Y", "city": "", "state": "VA", "area-code": "571"}, {"id": "deca54a6651fb9add5b4a9816ce89a4e", "number": "9107626319", "date": "2021-01-22 17:49:17", "subject": "3", "recorded-or-robo": "Y", "city": "", "state": "VA", "area-code": "571"}, {"id": "e81c9350d54f66c6d33b3747ee1c8eb2", "number": "5714632521", "date": "2021-01-21 14:26:00", "subject": "0", "recorded-or-robo": "Y", "city": "Mahtomedi", "state": "MN", "area-code": "651"}, {"id": "e81c9350d54f66c6d33b3747ee1c8aae", "number": "3028041884", "date": "2021-01-20 11:09:00", "subject": "0", "recorded-or-robo": "", "city": "Millsboro", "state": "DE", "area-code": "302"}, {"id": "deca54a6651fb9add5b4a9816cb1c9bb", "number": "5714632521", "date": "2021-01-21 14:26:00", "subject": "0", "recorded-or-robo": "Y", "city": "Mahtomedi", "state": "MN", "area-code": "651"}, {"id": "deca54a6651fb9add5b4a9816cb1c529", "number": "3028041884", "date": "2021-01-20 11:09:00", "subject": "0", "recorded-or-robo": "", "city": "Millsboro", "state": "DE", "area-code": "302"}, {"id": "e81c9350d54f66c6d33b3747ee549cd6", "number": "3105046475", "date": "2021-01-22 17:49:12", "subject": "3", "recorded-or-robo": "Y", "city": "", "state": "CA", "area-code": "310"}, {"id": "e81c9350d54f66c6d33b3747ee1c8aa3", "number": "8006596378", "date": "2021-01-21 16:03:00", "subject": "2", "recorded-or-robo": "N", "city": "Marietta", "state": "GA", "area-code": "678"}, {"id": "deca54a6651fb9add5b4a9816ce91aca", "number": "3105046475", "date": "2021-01-22 17:49:12", "subject": "3", "recorded-or-robo": "Y", "city": "", "state": "CA", "area-code": "310"}, {"id": "deca54a6651fb9add5b4a9816cb1b7f8", "number": "8006596378", "date": "2021-01-21 16:03:00", "subject": "2", "recorded-or-robo": "N", "city": "Marietta", "state": "GA", "area-code": "678"}, {"id": "e81c9350d54f66c6d33b3747ee1c8544", "number": "3093169491", "date": "2021-01-22 12:18:00", "subject": "2", "recorded-or-robo": "Y", "city": "", "state": "IL", "area-code": "309"}, {"id": "deca54a6651fb9add5b4a9816cb1b678", "number": "3093169491", "date": "2021-01-22 12:18:00", "subject": "2", "recorded-or-robo": "Y", "city": "", "state": "IL", "area-code": "309"}, {"id": "e81c9350d54f66c6d33b3747ee1c7d33", "number": "9804877748", "date": "2021-01-22 17:07:00", "subject": "0", "recorded-or-robo": "Y", "city": "Sylvan Lake", "state": "MI", "area-code": "248"}, {"id": "deca54a6651fb9add5b4a9816cb1b4f5", "number": "9804877748", "date": "2021-01-22 17:07:00", "subject": "0", "recorded-or-robo": "Y", "city": "Sylvan Lake", "state": "MI", "area-code": "248"}, {"id": "e81c9350d54f66c6d33b3747ee1c7cfe", "number": "4252566262", "date": "2021-01-22 10:15:00", "subject": "0", "recorded-or-robo": "Y", "city": "", "state": "WA", "area-code": "425"}, {"id": "deca54a6651fb9add5b4a9816cb1b2f2", "number": "4252566262", "date": "2021-01-22 10:15:00", "subject": "0", "recorded-or-robo": "Y", "city": "", "state": "WA", "area-code": "425"}, {"id": "e81c9350d54f66c6d33b3747ee549127", "number": "4807162256", "date": "2021-01-22 17:49:00", "subject": "3", "recorded-or-robo": "Y", "city": "", "state": "AZ", "area-code": "480"}, {"id": "deca54a6651fb9add5b4a9816ce909a5", "number": "4807162256", "date": "2021-01-22 17:49:00", "subject": "3", "recorded-or-robo": "Y", "city": "", "state": "AZ", "area-code": "480"}, {"id": "e81c9350d54f66c6d33b3747ee543356", "number": "+16232670180", "date": "2021-01-22 17:48:57", "subject": "3", "recorded-or-robo": "N", "city": "", "state": "AZ", "area-code": "520"}]}