{"data": [{"id": "deca54a6651fb9add5b4a9816cfdc9cf", "number": "", "date": "2021-01-20 09:01:00", "subject": "2", "recorded-or-robo": "Y", "city": "LAS VEGAS NV", "state": "NV", "area-code": "702"}, {"id": "e81c9350d54f66c6d33b3747ee68947c", "number": "6614093489", "date": "2021-01-22 13:51:00", "subject": "3", "recorded-or-robo": "Y", "city": "", "state": "CA", "area-code": "661"}, {"id": "deca54a6651fb9add5b4a9816cfdc2b3", "number": "6614093489", "date": "2021-01-22 13:51:00", "subject": "3", "recorded-or-robo": "Y", "city": "", "state": "CA", "area-code": "661"}, {"id": "e81c9350d54f66c6d33b3747eea236cd", "number": "2312165061", "date": "2021-01-22 19:15:29", "subject": "3", "recorded-or-robo": "Y", "city": "", "state": "MD", "area-code": "443"}, {"id": "1d36742e3f24f50e4e7ae82801372711", "number": "2312165061", "date": "2021-01-22 19:15:29", "subject": "3", "recorded-or-robo": "Y", "city": "", "state": "MD", "area-code": "443"}, {"id": "e81c9350d54f66c6d33b3747ee6885ab", "number": "5103278412", "date": "2021-01-19 08:40:00", "subject": "2", "recorded-or-robo": "N", "city": "San Leandro", "state": "CA", "area-code": "510"}, {"id": "e81c9350d54f66c6d33b3747ee6881b2", "number": "7162066409", "date": "2021-01-22 14:19:00", "subject": "0", "recorded-or-robo": "", "city": "Camillus", "state": "NY", "area-code": "315"}, {"id": "deca54a6651fb9add5b4a9816cfdb974", "number": "5103278412", "date": "2021-01-19 08:40:00", "subject": "2", "recorded-or-robo": "N", "city": "San Leandro", "state": "CA", "area-code": "510"}, {"id": "deca54a6651fb9add5b4a9816cfdaccd", "number": "7162066409", "date": "2021-01-22 14:19:00", "subject": "0", "recorded-or-robo": "", "city": "Camillus", "state": "NY", "area-code": "315"}, {"id": "e81c9350d54f66c6d33b3747ee687eb2", "number": "5109780153", "date": "2021-01-22 01:03:00", "subject": "3", "recorded-or-robo": "Y", "city": "", "state": "CA", "area-code": "510"}, {"id": "deca54a6651fb9add5b4a9816cfd9f83", "number": "5109780153", "date": "2021-01-22 01:03:00", "subject": "3", "recorded-or-robo": "Y", "city": "", "state": "CA", "area-code": "510"}, {"id": "e81c9350d54f66c6d33b3747eea2c2dd", "number": "+16783091769", "date": "2021-01-22 19:15:21", "subject": "3", "recorded-or-robo": "Y", "city": "", "state": "IL", "area-code": "224"}, {"id": "1d36742e3f24f50e4e7ae8280137af0c", "number": "+16783091769", "date": "2021-01-22 19:15:21", "subject": "3", "recorded-or-robo": "Y", "city": "", "state": "IL", "area-code": "224"}, {"id": "e81c9350d54f66c6d33b3747ee68704a", "number": "3072136321", "date": "2021-01-22 12:15:00", "subject": "3", "recorded-or-robo": "N", "city": "", "state": "CA", "area-code": "714"}, {"id": "deca54a6651fb9add5b4a9816cfd8e02", "number": "3072136321", "date": "2021-01-22 12:15:00", "subject": "3", "recorded-or-robo": "N", "city": "", "state": "CA", "area-code": "714"}, {"id": "e81c9350d54f66c6d33b3747ee686859", "number": "5023883068", "date": "2021-01-20 13:12:00", "subject": "3", "recorded-or-robo": "Y", "city": "", "state": "KY", "area-code": "502"}, {"id": "deca54a6651fb9add5b4a9816cfd7ea0", "number": "5023883068", "date": "2021-01-20 13:12:00", "subject": "3", "recorded-or-robo": "Y", "city": "", "state": "KY", "area-code": "502"}, {"id": "e81c9350d54f66c6d33b3747eea2cded", "number": "+17027791147", "date": "2021-01-22 19:15:08", "subject": "3", "recorded-or-robo": "Y", "city": "", "state": "NV", "area-code": "702"}, {"id": "1d36742e3f24f50e4e7ae8280137b7b7", "number": "+17027791147", "date": "2021-01-22 19:15:08", "subject": "3", "recorded-or-robo": "Y", "city": "", "state": "NV", "area-code": "702"}, {"id": "e81c9350d54f66c6d33b3747eea2967a", "number": "8586261462", "date": "2021-01-22 19:15:06", "subject": "3", "recorded-or-robo": "Y", "city": "", "state": "CA", "area-code": "626"}, {"id": "e81c9350d54f66c6d33b3747ee685ac6", "number": "4253993695", "date": "2021-01-22 14:00:00", "subject": "1", "recorded-or-robo": "Y", "city": "Bothell", "state": "WA", "area-code": "425"}, {"id": "deca54a6651fb9add5b4a9816cfd7bbc", "number": "4253993695", "date": "2021-01-22 14:00:00", "subject": "1", "recorded-or-robo": "Y", "city": "Bothell", "state": "WA", "area-code": "425"}, {"id": "1d36742e3f24f50e4e7ae82801378e66", "number": "8586261462", "date": "2021-01-22 19:15:06", "subject": "3", "recorded-or-robo": "Y", "city": "", "state": "CA", "area-code": "626"}, {"id": "e81c9350d54f66c6d33b3747ee685968", "number": "6156600858", "date": "2021-01-22 09:16:00", "subject": "2", "recorded-or-robo": "Y", "city": "", "state": "TN", "area-code": "615"}, {"id": "deca54a6651fb9add5b4a9816cfd768c", "number": "6156600858", "date": "2021-01-22 09:16:00", "subject": "2", "recorded-or-robo": "Y", "city": "", "state": "TN", "area-code": "615"}, {"id": "e81c9350d54f66c6d33b3747ee6856e6", "number": "2135145026", "date": "2021-01-14 09:46:00", "subject": "4", "recorded-or-robo": "N", "city": "", "state": "CA", "area-code": "909"}, {"id": "e81c9350d54f66c6d33b3747ee68531c", "number": "3013100131", "date": "2021-01-21 12:14:00", "subject": "0", "recorded-or-robo": "Y", "city": "Fort  Washington", "state": "MD", "area-code": "301"}, {"id": "deca54a6651fb9add5b4a9816cfd66e6", "number": "2135145026", "date": "2021-01-14 09:46:00", "subject": "4", "recorded-or-robo": "N", "city": "", "state": "CA", "area-code": "909"}, {"id": "deca54a6651fb9add5b4a9816cfd6390", "number": "3013100131", "date": "2021-01-21 12:14:00", "subject": "0", "recorded-or-robo": "Y", "city": "Fort  Washington", "state": "MD", "area-code": "301"}, {"id": "e81c9350d54f66c6d33b3747eea22745", "number": "2149837947", "date": "2021-01-22 19:14:51", "subject": "3", "recorded-or-robo": "Y", "city": "", "state": "TX", "area-code": "214"}, {"id": "1d36742e3f24f50e4e7ae82801371c40", "number": "2149837947", "date": "2021-01-22 19:14:51", "subject": "3", "recorded-or-robo": "Y", "city": "", "state": "TX", "area-code": "214"}, {"id": "e81c9350d54f66c6d33b3747ee6851d1", "number": "6513938892", "date": "2021-01-22 17:51:00", "subject": "1", "recorded-or-robo": "Y", "city": "Cottage Grove", "state": "MN", "area-code": "651"}, {"id": "deca54a6651fb9add5b4a9816cfd5951", "number": "6513938892", "date": "2021-01-22 17:51:00", "subject": "1", "recorded-or-robo": "Y", "city": "Cottage Grove", "state": "MN", "area-code": "651"}, {"id": "e81c9350d54f66c6d33b3747ee68439e", "number": "5306156335", "date": "2021-01-22 16:12:00", "subject": "9", "recorded-or-robo": "N", "city": "Bakersfield", "state": "CA", "area-code": "661"}, {"id": "e81c9350d54f66c6d33b3747ee683663", "number": "8598384921", "date": "2021-01-22 14:05:00", "subject": "2", "recorded-or-robo": "Y", "city": "Meansville", "state": "GA", "area-code": "706"}, {"id": "deca54a6651fb9add5b4a9816cfd5269", "number": "5306156335", "date": "2021-01-22 16:12:00", "subject": "9", "recorded-or-robo": "N", "city": "Bakersfield", "state": "CA", "area-code": "661"}, {"id": "deca54a6651fb9add5b4a9816cfd49af", "number": "8598384921", "date": "2021-01-22 14:05:00", "subject": "2", "recorded-or-robo": "Y", "city": "Meansville", "state": "GA", "area-code": "706"}, {"id": "e81c9350d54f66c6d33b3747eea27973", "number": "+12154619732", "date": "2021-01-22 19:14:36", "subject": "3", "recorded-or-robo": "N", "city": "", "state": "PA", "area-code": "215"}, {"id": "e81c9350d54f66c6d33b3747ee6835fa", "number": "8886659069", "date": "2021-01-22 18:12:00", "subject": "2", "recorded-or-robo": "N", "city": "Dekalb", "state": "IL", "area-code": "224"}, {"id": "deca54a6651fb9add5b4a9816cfd4204", "number": "8886659069", "date": "2021-01-22 18:12:00", "subject": "2", "recorded-or-robo": "N", "city": "Dekalb", "state": "IL", "area-code": "224"}, {"id": "1d36742e3f24f50e4e7ae82801377d59", "number": "+12154619732", "date": "2021-01-22 19:14:36", "subject": "3", "recorded-or-robo": "N", "city": "", "state": "PA", "area-code": "215"}, {"id": "e81c9350d54f66c6d33b3747ee6830c5", "number": "9729791574", "date": "2021-01-22 17:52:00", "subject": "2", "recorded-or-robo": "N", "city": "ALLEN", "state": "TX", "area-code": "972"}, {"id": "e81c9350d54f66c6d33b3747ee682d0e", "number": "", "date": "2021-01-22 17:42:00", "subject": "1", "recorded-or-robo": "Y", "city": "Goshen", "state": "IN", "area-code": "574"}, {"id": "e81c9350d54f66c6d33b3747ee6826fc", "number": "5084568450", "date": "2021-01-21 09:36:00", "subject": "2", "recorded-or-robo": "Y", "city": "Rehoboth", "state": "MA", "area-code": "774"}, {"id": "deca54a6651fb9add5b4a9816cfd36d5", "number": "9729791574", "date": "2021-01-22 17:52:00", "subject": "2", "recorded-or-robo": "N", "city": "ALLEN", "state": "TX", "area-code": "972"}, {"id": "deca54a6651fb9add5b4a9816cfd28dc", "number": "", "date": "2021-01-22 17:42:00", "subject": "1", "recorded-or-robo": "Y", "city": "Goshen", "state": "IN", "area-code": "574"}, {"id": "deca54a6651fb9add5b4a9816cfd20f1", "number": "5084568450", "date": "2021-01-21 09:36:00", "subject": "2", "recorded-or-robo": "Y", "city": "Rehoboth", "state": "MA", "area-code": "774"}, {"id": "e81c9350d54f66c6d33b3747eea2941b", "number": "+19513690277", "date": "2021-01-22 19:14:31", "subject": "3", "recorded-or-robo": "Y", "city": "", "state": "CA", "area-code": "714"}, {"id": "1d36742e3f24f50e4e7ae82801378e2c", "number": "+19513690277", "date": "2021-01-22 19:14:31", "subject": "3", "recorded-or-robo": "Y", "city": "", "state": "CA", "area-code": "714"}, {"id": "e81c9350d54f66c6d33b3747ee681ab3", "number": "7034415495", "date": "2020-10-29 18:44:00", "subject": "0", "recorded-or-robo": "Y", "city": "Manassas", "state": "VA", "area-code": "703"}]}