{"data": [{"id": "1d36742e3f24f50e4e7ae82801648917", "number": "9739638193", "date": "2021-01-22 05:30:00", "subject": "3", "recorded-or-robo": "", "city": "", "state": "NJ", "area-code": "908"}, {"id": "e81c9350d54f66c6d33b3747eecf69b5", "number": "7035352097", "date": "2021-01-21 00:00:00", "subject": "2", "recorded-or-robo": "Y", "city": "Luray", "state": "VA", "area-code": "703"}, {"id": "1d36742e3f24f50e4e7ae8280164838f", "number": "7035352097", "date": "2021-01-21 00:00:00", "subject": "2", "recorded-or-robo": "Y", "city": "Luray", "state": "VA", "area-code": "703"}, {"id": "e81c9350d54f66c6d33b3747eecf65ca", "number": "4784294208", "date": "2021-01-22 13:22:00", "subject": "0", "recorded-or-robo": "Y", "city": "", "state": "GA", "area-code": "706"}, {"id": "1d36742e3f24f50e4e7ae82801647885", "number": "4784294208", "date": "2021-01-22 13:22:00", "subject": "0", "recorded-or-robo": "Y", "city": "", "state": "GA", "area-code": "706"}, {"id": "e81c9350d54f66c6d33b3747eecf6099", "number": "9724584713", "date": "2021-01-22 17:13:00", "subject": "8", "recorded-or-robo": "N", "city": "Austin", "state": "TX", "area-code": "512"}, {"id": "1d36742e3f24f50e4e7ae82801647162", "number": "9724584713", "date": "2021-01-22 17:13:00", "subject": "8", "recorded-or-robo": "N", "city": "Austin", "state": "TX", "area-code": "512"}, {"id": "e81c9350d54f66c6d33b3747eecf5dc5", "number": "7039526140", "date": "2021-01-21 00:00:00", "subject": "2", "recorded-or-robo": "Y", "city": "Luray", "state": "VA", "area-code": "703"}, {"id": "1d36742e3f24f50e4e7ae82801646ca1", "number": "7039526140", "date": "2021-01-21 00:00:00", "subject": "2", "recorded-or-robo": "Y", "city": "Luray", "state": "VA", "area-code": "703"}, {"id": "e81c9350d54f66c6d33b3747eecf4f39", "number": "6602056986", "date": "2021-01-21 00:00:00", "subject": "2", "recorded-or-robo": "Y", "city": "Luray", "state": "VA", "area-code": "703"}, {"id": "1d36742e3f24f50e4e7ae82801646111", "number": "6602056986", "date": "2021-01-21 00:00:00", "subject": "2", "recorded-or-robo": "Y", "city": "Luray", "state": "VA", "area-code": "703"}, {"id": "e81c9350d54f66c6d33b3747eecf424f", "number": "9362650669", "date": "2021-01-22 13:14:00", "subject": "8", "recorded-or-robo": "N", "city": "Austin", "state": "TX", "area-code": "512"}, {"id": "1d36742e3f24f50e4e7ae828016452b3", "number": "9362650669", "date": "2021-01-22 13:14:00", "subject": "8", "recorded-or-robo": "N", "city": "Austin", "state": "TX", "area-code": "512"}, {"id": "e81c9350d54f66c6d33b3747eecf32b1", "number": "2168622261", "date": "2021-01-23 05:55:00", "subject": "2", "recorded-or-robo": "", "city": "Cleveland Hts.", "state": "OH", "area-code": "216"}, {"id": "1d36742e3f24f50e4e7ae828016442e2", "number": "2168622261", "date": "2021-01-23 05:55:00", "subject": "2", "recorded-or-robo": "", "city": "Cleveland Hts.", "state": "OH", "area-code": "216"}, {"id": "e81c9350d54f66c6d33b3747eecf2463", "number": "5026305842", "date": "2021-01-21 00:00:00", "subject": "2", "recorded-or-robo": "Y", "city": "Luray", "state": "VA", "area-code": "703"}, {"id": "1d36742e3f24f50e4e7ae82801643f05", "number": "5026305842", "date": "2021-01-21 00:00:00", "subject": "2", "recorded-or-robo": "Y", "city": "Luray", "state": "VA", "area-code": "703"}, {"id": "e81c9350d54f66c6d33b3747eecf1fdf", "number": "7186755928", "date": "2021-01-22 08:37:00", "subject": "1", "recorded-or-robo": "Y", "city": "BRIDGEPORT", "state": "CT", "area-code": "203"}, {"id": "1d36742e3f24f50e4e7ae82801643aac", "number": "7186755928", "date": "2021-01-22 08:37:00", "subject": "1", "recorded-or-robo": "Y", "city": "BRIDGEPORT", "state": "CT", "area-code": "203"}, {"id": "e81c9350d54f66c6d33b3747eecf1bdf", "number": "5026305842", "date": "2021-01-21 00:00:00", "subject": "2", "recorded-or-robo": "Y", "city": "Luray", "state": "VA", "area-code": "703"}, {"id": "1d36742e3f24f50e4e7ae8280164355a", "number": "5026305842", "date": "2021-01-21 00:00:00", "subject": "2", "recorded-or-robo": "Y", "city": "Luray", "state": "VA", "area-code": "703"}, {"id": "e81c9350d54f66c6d33b3747eecf0c02", "number": "9372496606", "date": "2021-01-22 16:20:00", "subject": "2", "recorded-or-robo": "Y", "city": "", "state": "OH", "area-code": "614"}, {"id": "1d36742e3f24f50e4e7ae8280164322b", "number": "9372496606", "date": "2021-01-22 16:20:00", "subject": "2", "recorded-or-robo": "Y", "city": "", "state": "OH", "area-code": "614"}, {"id": "e81c9350d54f66c6d33b3747eecf0a2b", "number": "8042509479", "date": "2021-01-22 08:12:00", "subject": "8", "recorded-or-robo": "N", "city": "Austin", "state": "TX", "area-code": "512"}, {"id": "1d36742e3f24f50e4e7ae828016423bd", "number": "8042509479", "date": "2021-01-22 08:12:00", "subject": "8", "recorded-or-robo": "N", "city": "Austin", "state": "TX", "area-code": "512"}, {"id": "e81c9350d54f66c6d33b3747eecf0905", "number": "7035968955", "date": "2021-01-21 00:00:00", "subject": "2", "recorded-or-robo": "Y", "city": "Luray", "state": "VA", "area-code": "703"}, {"id": "1d36742e3f24f50e4e7ae82801641404", "number": "7035968955", "date": "2021-01-21 00:00:00", "subject": "2", "recorded-or-robo": "Y", "city": "Luray", "state": "VA", "area-code": "703"}, {"id": "e81c9350d54f66c6d33b3747eecf08b5", "number": "2109875932", "date": "2021-01-22 15:10:00", "subject": "8", "recorded-or-robo": "N", "city": "Austin", "state": "TX", "area-code": "512"}, {"id": "1d36742e3f24f50e4e7ae82801640765", "number": "2109875932", "date": "2021-01-22 15:10:00", "subject": "8", "recorded-or-robo": "N", "city": "Austin", "state": "TX", "area-code": "512"}, {"id": "e81c9350d54f66c6d33b3747eecefc36", "number": "7035707454", "date": "2021-01-21 00:00:00", "subject": "2", "recorded-or-robo": "Y", "city": "Luray", "state": "VA", "area-code": "703"}, {"id": "1d36742e3f24f50e4e7ae828016402a2", "number": "7035707454", "date": "2021-01-21 00:00:00", "subject": "2", "recorded-or-robo": "Y", "city": "Luray", "state": "VA", "area-code": "703"}, {"id": "e81c9350d54f66c6d33b3747eeceede9", "number": "8176938379", "date": "2021-01-22 15:18:00", "subject": "1", "recorded-or-robo": "N", "city": "Chicago", "state": "IL", "area-code": "773"}, {"id": "1d36742e3f24f50e4e7ae8280163fc72", "number": "8176938379", "date": "2021-01-22 15:18:00", "subject": "1", "recorded-or-robo": "N", "city": "Chicago", "state": "IL", "area-code": "773"}, {"id": "e81c9350d54f66c6d33b3747eecee247", "number": "3607766366", "date": "2021-01-22 18:45:00", "subject": "2", "recorded-or-robo": "N", "city": "", "state": "LA", "area-code": "225"}, {"id": "1d36742e3f24f50e4e7ae8280163f3ee", "number": "3607766366", "date": "2021-01-22 18:45:00", "subject": "2", "recorded-or-robo": "N", "city": "", "state": "LA", "area-code": "225"}, {"id": "e81c9350d54f66c6d33b3747eeced65f", "number": "", "date": "2021-01-05 14:19:00", "subject": "2", "recorded-or-robo": "Y", "city": "Centennial", "state": "CO", "area-code": "832"}, {"id": "1d36742e3f24f50e4e7ae8280163eb37", "number": "", "date": "2021-01-05 14:19:00", "subject": "2", "recorded-or-robo": "Y", "city": "Centennial", "state": "CO", "area-code": "832"}, {"id": "e81c9350d54f66c6d33b3747eecec99b", "number": "2542491027", "date": "2021-01-22 15:09:00", "subject": "8", "recorded-or-robo": "N", "city": "Austin", "state": "TX", "area-code": "512"}, {"id": "1d36742e3f24f50e4e7ae8280163de45", "number": "2542491027", "date": "2021-01-22 15:09:00", "subject": "8", "recorded-or-robo": "N", "city": "Austin", "state": "TX", "area-code": "512"}, {"id": "e81c9350d54f66c6d33b3747eecec20f", "number": "", "date": "2020-10-16 00:00:00", "subject": "1", "recorded-or-robo": "Y", "city": "Albuquerque", "state": "NM", "area-code": "505"}, {"id": "1d36742e3f24f50e4e7ae8280163db6a", "number": "", "date": "2020-10-16 00:00:00", "subject": "1", "recorded-or-robo": "Y", "city": "Albuquerque", "state": "NM", "area-code": "505"}, {"id": "e81c9350d54f66c6d33b3747eeceb497", "number": "7865583115", "date": "2021-01-23 08:06:00", "subject": "2", "recorded-or-robo": "N", "city": "", "state": "FL", "area-code": "786"}, {"id": "1d36742e3f24f50e4e7ae8280163cc59", "number": "7865583115", "date": "2021-01-23 08:06:00", "subject": "2", "recorded-or-robo": "N", "city": "", "state": "FL", "area-code": "786"}, {"id": "e81c9350d54f66c6d33b3747eeceab40", "number": "2137971472", "date": "2021-01-22 10:03:00", "subject": "2", "recorded-or-robo": "N", "city": "Casselberry", "state": "FL", "area-code": "407"}, {"id": "1d36742e3f24f50e4e7ae8280163bda2", "number": "2137971472", "date": "2021-01-22 10:03:00", "subject": "2", "recorded-or-robo": "N", "city": "Casselberry", "state": "FL", "area-code": "407"}, {"id": "e81c9350d54f66c6d33b3747eecea6bc", "number": "9362658693", "date": "2021-01-22 14:13:00", "subject": "8", "recorded-or-robo": "N", "city": "Austin", "state": "TX", "area-code": "512"}, {"id": "1d36742e3f24f50e4e7ae8280163ba75", "number": "9362658693", "date": "2021-01-22 14:13:00", "subject": "8", "recorded-or-robo": "N", "city": "Austin", "state": "TX", "area-code": "512"}, {"id": "e81c9350d54f66c6d33b3747eece9744", "number": "3027211185", "date": "2021-01-22 15:41:00", "subject": "4", "recorded-or-robo": "Y", "city": "Greenwood", "state": "DE", "area-code": "302"}, {"id": "1d36742e3f24f50e4e7ae8280163b6de", "number": "3027211185", "date": "2021-01-22 15:41:00", "subject": "4", "recorded-or-robo": "Y", "city": "Greenwood", "state": "DE", "area-code": "302"}, {"id": "e81c9350d54f66c6d33b3747eece95c5", "number": "8336570590", "date": "2021-01-22 09:56:00", "subject": "3", "recorded-or-robo": "Y", "city": "", "state": "OH", "area-code": "937"}]}