{"data": [{"id": "deca54a6651fb9add5b4a9816cf8e59e", "number": "3208647935", "date": "2021-01-22 14:26:00", "subject": "0", "recorded-or-robo": "Y", "city": "Rochester", "state": "MN", "area-code": "507"}, {"id": "e81c9350d54f66c6d33b3747ee63cb28", "number": "8002258083", "date": "2021-01-22 17:59:00", "subject": "2", "recorded-or-robo": "Y", "city": "Friendswood", "state": "TX", "area-code": "313"}, {"id": "deca54a6651fb9add5b4a9816cf8e1de", "number": "8002258083", "date": "2021-01-22 17:59:00", "subject": "2", "recorded-or-robo": "Y", "city": "Friendswood", "state": "TX", "area-code": "313"}, {"id": "e81c9350d54f66c6d33b3747ee63c192", "number": "2173022874", "date": "2021-01-22 16:38:00", "subject": "2", "recorded-or-robo": "N", "city": "Mt.zion", "state": "IL", "area-code": "217"}, {"id": "deca54a6651fb9add5b4a9816cf8de80", "number": "2173022874", "date": "2021-01-22 16:38:00", "subject": "2", "recorded-or-robo": "N", "city": "Mt.zion", "state": "IL", "area-code": "217"}, {"id": "e81c9350d54f66c6d33b3747ee63be19", "number": "8556783950", "date": "2020-01-22 19:02:00", "subject": "3", "recorded-or-robo": "Y", "city": "", "state": "IN", "area-code": "574"}, {"id": "deca54a6651fb9add5b4a9816cf8dc02", "number": "8556783950", "date": "2020-01-22 19:02:00", "subject": "3", "recorded-or-robo": "Y", "city": "", "state": "IN", "area-code": "574"}, {"id": "e81c9350d54f66c6d33b3747ee63af44", "number": "5745951562", "date": "2021-01-22 18:32:00", "subject": "6", "recorded-or-robo": "N", "city": "Kewanna", "state": "IN", "area-code": "574"}, {"id": "deca54a6651fb9add5b4a9816cf8cc84", "number": "5745951562", "date": "2021-01-22 18:32:00", "subject": "6", "recorded-or-robo": "N", "city": "Kewanna", "state": "IN", "area-code": "574"}, {"id": "e81c9350d54f66c6d33b3747eea09158", "number": "+14805717835", "date": "2021-01-22 19:03:58", "subject": "3", "recorded-or-robo": "Y", "city": "", "state": "AZ", "area-code": "480"}, {"id": "e81c9350d54f66c6d33b3747ee63adeb", "number": "5054661733", "date": "2021-01-22 13:40:00", "subject": "4", "recorded-or-robo": "Y", "city": "SANTA FE", "state": "NM", "area-code": "513"}, {"id": "e81c9350d54f66c6d33b3747ee63a7c1", "number": "5612901852", "date": "2021-01-21 11:04:00", "subject": "2", "recorded-or-robo": "Y", "city": "Hyattville", "state": "FL", "area-code": "561"}, {"id": "deca54a6651fb9add5b4a9816cf8bcab", "number": "5054661733", "date": "2021-01-22 13:40:00", "subject": "4", "recorded-or-robo": "Y", "city": "SANTA FE", "state": "NM", "area-code": "513"}, {"id": "deca54a6651fb9add5b4a9816cf8b6c6", "number": "5612901852", "date": "2021-01-21 11:04:00", "subject": "2", "recorded-or-robo": "Y", "city": "Hyattville", "state": "FL", "area-code": "561"}, {"id": "1d36742e3f24f50e4e7ae8280135a50d", "number": "+14805717835", "date": "2021-01-22 19:03:58", "subject": "3", "recorded-or-robo": "Y", "city": "", "state": "AZ", "area-code": "480"}, {"id": "e81c9350d54f66c6d33b3747ee63a524", "number": "", "date": "2021-01-22 16:02:00", "subject": "11", "recorded-or-robo": "Y", "city": "", "state": "WA", "area-code": "360"}, {"id": "deca54a6651fb9add5b4a9816cf8ac66", "number": "", "date": "2021-01-22 16:02:00", "subject": "11", "recorded-or-robo": "Y", "city": "", "state": "WA", "area-code": "360"}, {"id": "e81c9350d54f66c6d33b3747ee639809", "number": "1410446400", "date": "2021-01-22 17:54:00", "subject": "1", "recorded-or-robo": "Y", "city": "Sykesville", "state": "MD", "area-code": "410"}, {"id": "deca54a6651fb9add5b4a9816cf8aa6a", "number": "1410446400", "date": "2021-01-22 17:54:00", "subject": "1", "recorded-or-robo": "Y", "city": "Sykesville", "state": "MD", "area-code": "410"}, {"id": "e81c9350d54f66c6d33b3747ee63977a", "number": "4805203980", "date": "2021-01-21 14:57:00", "subject": "2", "recorded-or-robo": "Y", "city": "West Fargo", "state": "ND", "area-code": "612"}, {"id": "deca54a6651fb9add5b4a9816cf89b35", "number": "4805203980", "date": "2021-01-21 14:57:00", "subject": "2", "recorded-or-robo": "Y", "city": "West Fargo", "state": "ND", "area-code": "612"}, {"id": "e81c9350d54f66c6d33b3747ee639000", "number": "4438364927", "date": "2020-10-31 19:37:00", "subject": "0", "recorded-or-robo": "Y", "city": "Manassas", "state": "VA", "area-code": "703"}, {"id": "deca54a6651fb9add5b4a9816cf89843", "number": "4438364927", "date": "2020-10-31 19:37:00", "subject": "0", "recorded-or-robo": "Y", "city": "Manassas", "state": "VA", "area-code": "703"}, {"id": "e81c9350d54f66c6d33b3747ee6385b1", "number": "4142867999", "date": "2021-01-22 11:58:00", "subject": "2", "recorded-or-robo": "N", "city": "", "state": "WI", "area-code": "608"}, {"id": "deca54a6651fb9add5b4a9816cf88d28", "number": "4142867999", "date": "2021-01-22 11:58:00", "subject": "2", "recorded-or-robo": "N", "city": "", "state": "WI", "area-code": "608"}, {"id": "e81c9350d54f66c6d33b3747eea14c6c", "number": "5673024834", "date": "2021-01-22 19:03:26", "subject": "3", "recorded-or-robo": "Y", "city": "", "state": "OH", "area-code": "419"}, {"id": "1d36742e3f24f50e4e7ae82801363623", "number": "5673024834", "date": "2021-01-22 19:03:26", "subject": "3", "recorded-or-robo": "Y", "city": "", "state": "OH", "area-code": "419"}, {"id": "e81c9350d54f66c6d33b3747ee63843d", "number": "6154068424", "date": "2021-01-22 11:24:00", "subject": "11", "recorded-or-robo": "Y", "city": "", "state": "Do", "area-code": "202"}, {"id": "deca54a6651fb9add5b4a9816cf88664", "number": "6154068424", "date": "2021-01-22 11:24:00", "subject": "11", "recorded-or-robo": "Y", "city": "", "state": "Do", "area-code": "202"}, {"id": "e81c9350d54f66c6d33b3747ee638335", "number": "8143770686", "date": "2021-01-22 10:53:00", "subject": "4", "recorded-or-robo": "Y", "city": "Aaronsburg", "state": "PA", "area-code": "814"}, {"id": "deca54a6651fb9add5b4a9816cf883d1", "number": "8143770686", "date": "2021-01-22 10:53:00", "subject": "4", "recorded-or-robo": "Y", "city": "Aaronsburg", "state": "PA", "area-code": "814"}, {"id": "e81c9350d54f66c6d33b3747ee637b21", "number": "6166495059", "date": "2021-01-21 12:42:00", "subject": "3", "recorded-or-robo": "N", "city": "Waldorf", "state": "MD", "area-code": "301"}, {"id": "deca54a6651fb9add5b4a9816cf881ea", "number": "6166495059", "date": "2021-01-21 12:42:00", "subject": "3", "recorded-or-robo": "N", "city": "Waldorf", "state": "MD", "area-code": "301"}, {"id": "e81c9350d54f66c6d33b3747eea0a154", "number": "+14435907809", "date": "2021-01-22 19:02:59", "subject": "3", "recorded-or-robo": "Y", "city": "", "state": "MD", "area-code": "443"}, {"id": "1d36742e3f24f50e4e7ae8280135ac1f", "number": "+14435907809", "date": "2021-01-22 19:02:59", "subject": "3", "recorded-or-robo": "Y", "city": "", "state": "MD", "area-code": "443"}, {"id": "e81c9350d54f66c6d33b3747ee6373fb", "number": "6464600087", "date": "2021-01-22 12:19:00", "subject": "1", "recorded-or-robo": "Y", "city": "", "state": "NY", "area-code": "646"}, {"id": "deca54a6651fb9add5b4a9816cf87fde", "number": "6464600087", "date": "2021-01-22 12:19:00", "subject": "1", "recorded-or-robo": "Y", "city": "", "state": "NY", "area-code": "646"}, {"id": "e81c9350d54f66c6d33b3747ee636db8", "number": "7744606070", "date": "2021-01-21 10:31:00", "subject": "4", "recorded-or-robo": "N", "city": "houston", "state": "CA", "area-code": "415"}, {"id": "e81c9350d54f66c6d33b3747ee635ffa", "number": "7158632875", "date": "2021-01-22 12:32:00", "subject": "2", "recorded-or-robo": "N", "city": "", "state": "WI", "area-code": "608"}, {"id": "deca54a6651fb9add5b4a9816cf87aca", "number": "7744606070", "date": "2021-01-21 10:31:00", "subject": "4", "recorded-or-robo": "N", "city": "houston", "state": "CA", "area-code": "415"}, {"id": "deca54a6651fb9add5b4a9816cf87204", "number": "7158632875", "date": "2021-01-22 12:32:00", "subject": "2", "recorded-or-robo": "N", "city": "", "state": "WI", "area-code": "608"}, {"id": "e81c9350d54f66c6d33b3747eea1449a", "number": "9547174132", "date": "2021-01-22 19:02:48", "subject": "3", "recorded-or-robo": "Y", "city": "", "state": "FL", "area-code": "305"}, {"id": "1d36742e3f24f50e4e7ae828013632db", "number": "9547174132", "date": "2021-01-22 19:02:48", "subject": "3", "recorded-or-robo": "Y", "city": "", "state": "FL", "area-code": "305"}, {"id": "e81c9350d54f66c6d33b3747eea07257", "number": "+19542832636", "date": "2021-01-22 19:02:45", "subject": "3", "recorded-or-robo": "N", "city": "", "state": "FL", "area-code": "561"}, {"id": "e81c9350d54f66c6d33b3747ee6354a7", "number": "2172900348", "date": "2021-01-22 15:32:00", "subject": "3", "recorded-or-robo": "N", "city": "Mt.zion", "state": "IL", "area-code": "217"}, {"id": "deca54a6651fb9add5b4a9816cf86c85", "number": "2172900348", "date": "2021-01-22 15:32:00", "subject": "3", "recorded-or-robo": "N", "city": "Mt.zion", "state": "IL", "area-code": "217"}, {"id": "1d36742e3f24f50e4e7ae8280135940b", "number": "+19542832636", "date": "2021-01-22 19:02:45", "subject": "3", "recorded-or-robo": "N", "city": "", "state": "FL", "area-code": "561"}, {"id": "e81c9350d54f66c6d33b3747eea12c57", "number": "+18437435973", "date": "2021-01-22 19:02:42", "subject": "3", "recorded-or-robo": "Y", "city": "", "state": "SC", "area-code": "843"}, {"id": "1d36742e3f24f50e4e7ae828013625ba", "number": "+18437435973", "date": "2021-01-22 19:02:42", "subject": "3", "recorded-or-robo": "Y", "city": "", "state": "SC", "area-code": "843"}, {"id": "e81c9350d54f66c6d33b3747ee63457a", "number": "3144515221", "date": "2021-01-22 17:50:00", "subject": "6", "recorded-or-robo": "Y", "city": "", "state": "MO", "area-code": "314"}]}