{"data": [{"id": "1d36742e3f24f50e4e7ae8280156141b", "number": "8329370274", "date": "2021-01-22 23:13:15", "subject": "3", "recorded-or-robo": "N", "city": "", "state": "TX", "area-code": "281"}, {"id": "e81c9350d54f66c6d33b3747ee96f0d7", "number": "9285691975", "date": "2021-01-21 15:40:00", "subject": "1", "recorded-or-robo": "Y", "city": "San Carlos", "state": "CA", "area-code": "650"}, {"id": "1d36742e3f24f50e4e7ae828012c4e14", "number": "9285691975", "date": "2021-01-21 15:40:00", "subject": "1", "recorded-or-robo": "Y", "city": "San Carlos", "state": "CA", "area-code": "650"}, {"id": "e81c9350d54f66c6d33b3747eec0c150", "number": "2055650040", "date": "2021-01-22 23:13:06", "subject": "3", "recorded-or-robo": "N", "city": "", "state": "FL", "area-code": "904"}, {"id": "1d36742e3f24f50e4e7ae8280155c48a", "number": "2055650040", "date": "2021-01-22 23:13:06", "subject": "3", "recorded-or-robo": "N", "city": "", "state": "FL", "area-code": "904"}, {"id": "e81c9350d54f66c6d33b3747eec0d23c", "number": "9044901234", "date": "2021-01-22 23:12:49", "subject": "3", "recorded-or-robo": "N", "city": "", "state": "FL", "area-code": "904"}, {"id": "e81c9350d54f66c6d33b3747ee96e883", "number": "3123859307", "date": "2021-01-21 12:20:00", "subject": "0", "recorded-or-robo": "", "city": "Chicago", "state": "IL", "area-code": "312"}, {"id": "1d36742e3f24f50e4e7ae8280155e7fe", "number": "9044901234", "date": "2021-01-22 23:12:49", "subject": "3", "recorded-or-robo": "N", "city": "", "state": "FL", "area-code": "904"}, {"id": "1d36742e3f24f50e4e7ae828012c4dab", "number": "3123859307", "date": "2021-01-21 12:20:00", "subject": "0", "recorded-or-robo": "", "city": "Chicago", "state": "IL", "area-code": "312"}, {"id": "e81c9350d54f66c6d33b3747eec0d277", "number": "9494554384", "date": "2021-01-22 23:12:45", "subject": "3", "recorded-or-robo": "N", "city": "", "state": "CA", "area-code": "714"}, {"id": "1d36742e3f24f50e4e7ae8280155f3f2", "number": "9494554384", "date": "2021-01-22 23:12:45", "subject": "3", "recorded-or-robo": "N", "city": "", "state": "CA", "area-code": "714"}, {"id": "e81c9350d54f66c6d33b3747eec0bc65", "number": "3462952253", "date": "2021-01-22 23:12:41", "subject": "3", "recorded-or-robo": "N", "city": "", "state": "TX", "area-code": "281"}, {"id": "1d36742e3f24f50e4e7ae8280155bbbe", "number": "3462952253", "date": "2021-01-22 23:12:41", "subject": "3", "recorded-or-robo": "N", "city": "", "state": "TX", "area-code": "281"}, {"id": "e81c9350d54f66c6d33b3747ee96e60f", "number": "4703357053", "date": "2021-01-22 14:53:00", "subject": "2", "recorded-or-robo": "Y", "city": "Tucson", "state": "AZ", "area-code": "520"}, {"id": "1d36742e3f24f50e4e7ae828012c42de", "number": "4703357053", "date": "2021-01-22 14:53:00", "subject": "2", "recorded-or-robo": "Y", "city": "Tucson", "state": "AZ", "area-code": "520"}, {"id": "e81c9350d54f66c6d33b3747eec09403", "number": "+12677562053", "date": "2021-01-22 23:12:18", "subject": "3", "recorded-or-robo": "Y", "city": "", "state": "NY", "area-code": "929"}, {"id": "1d36742e3f24f50e4e7ae8280155a6af", "number": "+12677562053", "date": "2021-01-22 23:12:18", "subject": "3", "recorded-or-robo": "Y", "city": "", "state": "NY", "area-code": "929"}, {"id": "e81c9350d54f66c6d33b3747ee96d675", "number": "37065003753", "date": "2021-01-22 22:52:00", "subject": "0", "recorded-or-robo": "Y", "city": "SEYMOUR", "state": "TN", "area-code": "865"}, {"id": "1d36742e3f24f50e4e7ae828012c3697", "number": "37065003753", "date": "2021-01-22 22:52:00", "subject": "0", "recorded-or-robo": "Y", "city": "SEYMOUR", "state": "TN", "area-code": "865"}, {"id": "e81c9350d54f66c6d33b3747eec03ecd", "number": "+18048884627", "date": "2021-01-22 23:10:55", "subject": "3", "recorded-or-robo": "N", "city": "", "state": "VA", "area-code": "804"}, {"id": "1d36742e3f24f50e4e7ae82801555c42", "number": "+18048884627", "date": "2021-01-22 23:10:55", "subject": "3", "recorded-or-robo": "N", "city": "", "state": "VA", "area-code": "804"}, {"id": "e81c9350d54f66c6d33b3747ee96c879", "number": "9282648046", "date": "2021-01-22 11:36:00", "subject": "2", "recorded-or-robo": "Y", "city": "Tucson", "state": "AZ", "area-code": "520"}, {"id": "1d36742e3f24f50e4e7ae828012c2a00", "number": "9282648046", "date": "2021-01-22 11:36:00", "subject": "2", "recorded-or-robo": "Y", "city": "Tucson", "state": "AZ", "area-code": "520"}, {"id": "e81c9350d54f66c6d33b3747ee96c526", "number": "4242330602", "date": "2019-10-10 11:37:00", "subject": "1", "recorded-or-robo": "Y", "city": "Rockville", "state": "MD", "area-code": "310"}, {"id": "1d36742e3f24f50e4e7ae828012c1bd6", "number": "4242330602", "date": "2019-10-10 11:37:00", "subject": "1", "recorded-or-robo": "Y", "city": "Rockville", "state": "MD", "area-code": "310"}, {"id": "e81c9350d54f66c6d33b3747ee96ba24", "number": "8648731119", "date": "2021-01-22 23:00:00", "subject": "0", "recorded-or-robo": "Y", "city": "Moore", "state": "SC", "area-code": "864"}, {"id": "1d36742e3f24f50e4e7ae828012c1700", "number": "8648731119", "date": "2021-01-22 23:00:00", "subject": "0", "recorded-or-robo": "Y", "city": "Moore", "state": "SC", "area-code": "864"}, {"id": "e81c9350d54f66c6d33b3747eec05fed", "number": "+18048884627", "date": "2021-01-22 23:10:37", "subject": "3", "recorded-or-robo": "N", "city": "", "state": "VA", "area-code": "804"}, {"id": "1d36742e3f24f50e4e7ae82801557d69", "number": "+18048884627", "date": "2021-01-22 23:10:37", "subject": "3", "recorded-or-robo": "N", "city": "", "state": "VA", "area-code": "804"}, {"id": "e81c9350d54f66c6d33b3747eec06ed6", "number": "+17025904550", "date": "2021-01-22 23:10:36", "subject": "3", "recorded-or-robo": "Y", "city": "", "state": "NV", "area-code": "702"}, {"id": "1d36742e3f24f50e4e7ae828015588a3", "number": "+17025904550", "date": "2021-01-22 23:10:36", "subject": "3", "recorded-or-robo": "Y", "city": "", "state": "NV", "area-code": "702"}, {"id": "e81c9350d54f66c6d33b3747eec03a5a", "number": "+19093040608", "date": "2021-01-22 23:09:50", "subject": "3", "recorded-or-robo": "Y", "city": "", "state": "CA", "area-code": "909"}, {"id": "1d36742e3f24f50e4e7ae82801555617", "number": "+19093040608", "date": "2021-01-22 23:09:50", "subject": "3", "recorded-or-robo": "Y", "city": "", "state": "CA", "area-code": "909"}, {"id": "e81c9350d54f66c6d33b3747eec04e5f", "number": "8015597765", "date": "2021-01-22 23:09:28", "subject": "3", "recorded-or-robo": "Y", "city": "", "state": "UT", "area-code": "801"}, {"id": "1d36742e3f24f50e4e7ae82801556b4d", "number": "8015597765", "date": "2021-01-22 23:09:28", "subject": "3", "recorded-or-robo": "Y", "city": "", "state": "UT", "area-code": "801"}, {"id": "e81c9350d54f66c6d33b3747eec02aa1", "number": "9543148024", "date": "2021-01-22 23:09:00", "subject": "3", "recorded-or-robo": "Y", "city": "", "state": "FL", "area-code": "954"}, {"id": "1d36742e3f24f50e4e7ae828015547fe", "number": "9543148024", "date": "2021-01-22 23:09:00", "subject": "3", "recorded-or-robo": "Y", "city": "", "state": "FL", "area-code": "954"}, {"id": "e81c9350d54f66c6d33b3747ee96ad21", "number": "3232208992", "date": "2021-01-22 14:00:00", "subject": "0", "recorded-or-robo": "N", "city": "Montclair", "state": "CA", "area-code": "909"}, {"id": "1d36742e3f24f50e4e7ae828012c08d1", "number": "3232208992", "date": "2021-01-22 14:00:00", "subject": "0", "recorded-or-robo": "N", "city": "Montclair", "state": "CA", "area-code": "909"}, {"id": "e81c9350d54f66c6d33b3747ee96ab1b", "number": "6096976004", "date": "2021-01-19 23:56:00", "subject": "2", "recorded-or-robo": "Y", "city": "", "state": "NJ", "area-code": "609"}, {"id": "1d36742e3f24f50e4e7ae828012bfa1e", "number": "6096976004", "date": "2021-01-19 23:56:00", "subject": "2", "recorded-or-robo": "Y", "city": "", "state": "NJ", "area-code": "609"}, {"id": "e81c9350d54f66c6d33b3747ee969d61", "number": "5165362263", "date": "2021-01-21 17:59:00", "subject": "2", "recorded-or-robo": "Y", "city": "Tucson", "state": "AZ", "area-code": "520"}, {"id": "1d36742e3f24f50e4e7ae828012bec9e", "number": "5165362263", "date": "2021-01-21 17:59:00", "subject": "2", "recorded-or-robo": "Y", "city": "Tucson", "state": "AZ", "area-code": "520"}, {"id": "e81c9350d54f66c6d33b3747eec08389", "number": "9544801185", "date": "2021-01-22 23:08:34", "subject": "3", "recorded-or-robo": "N", "city": "", "state": "FL", "area-code": "954"}, {"id": "1d36742e3f24f50e4e7ae82801558cf7", "number": "9544801185", "date": "2021-01-22 23:08:34", "subject": "3", "recorded-or-robo": "N", "city": "", "state": "FL", "area-code": "954"}, {"id": "e81c9350d54f66c6d33b3747ee968e56", "number": "3108798317", "date": "2019-10-15 17:35:00", "subject": "2", "recorded-or-robo": "Y", "city": "Rockville", "state": "MD", "area-code": "310"}, {"id": "1d36742e3f24f50e4e7ae828012bdef7", "number": "3108798317", "date": "2019-10-15 17:35:00", "subject": "2", "recorded-or-robo": "Y", "city": "Rockville", "state": "MD", "area-code": "310"}, {"id": "e81c9350d54f66c6d33b3747ee96875c", "number": "", "date": "2021-01-16 07:32:00", "subject": "1", "recorded-or-robo": "Y", "city": "Clovis", "state": "CA", "area-code": "559"}, {"id": "1d36742e3f24f50e4e7ae828012bd891", "number": "", "date": "2021-01-16 07:32:00", "subject": "1", "recorded-or-robo": "Y", "city": "Clovis", "state": "CA", "area-code": "559"}, {"id": "e81c9350d54f66c6d33b3747eec084a7", "number": "9374203698", "date": "2021-01-22 23:07:23", "subject": "3", "recorded-or-robo": "Y", "city": "", "state": "OH", "area-code": "937"}]}