{"data": [{"id": "1d36742e3f24f50e4e7ae82801311daf", "number": "6027550146", "date": "2021-01-20 03:19:00", "subject": "2", "recorded-or-robo": "N", "city": "", "state": "OR", "area-code": "503"}, {"id": "e81c9350d54f66c6d33b3747ee9bc693", "number": "3023398637", "date": "2021-01-22 11:53:00", "subject": "3", "recorded-or-robo": "Y", "city": "", "state": "NJ", "area-code": "973"}, {"id": "1d36742e3f24f50e4e7ae828013115c1", "number": "3023398637", "date": "2021-01-22 11:53:00", "subject": "3", "recorded-or-robo": "Y", "city": "", "state": "NJ", "area-code": "973"}, {"id": "3decc6bfadaa436a105714c6ba4f0583", "number": "9253901919", "date": "2021-01-23 01:02:29", "subject": "3", "recorded-or-robo": "Y", "city": "", "state": "CA", "area-code": "925"}, {"id": "1d36742e3f24f50e4e7ae82801e4f4a1", "number": "9253901919", "date": "2021-01-23 01:02:29", "subject": "3", "recorded-or-robo": "Y", "city": "", "state": "CA", "area-code": "925"}, {"id": "3decc6bfadaa436a105714c6ba4ecc62", "number": "+17472051207", "date": "2021-01-23 01:01:53", "subject": "3", "recorded-or-robo": "Y", "city": "", "state": "CA", "area-code": "626"}, {"id": "1d36742e3f24f50e4e7ae82801e4a1e1", "number": "+17472051207", "date": "2021-01-23 01:01:53", "subject": "3", "recorded-or-robo": "Y", "city": "", "state": "CA", "area-code": "626"}, {"id": "3decc6bfadaa436a105714c6ba4ed985", "number": "+18586050952", "date": "2021-01-23 01:01:41", "subject": "3", "recorded-or-robo": "Y", "city": "", "state": "CA", "area-code": "626"}, {"id": "1d36742e3f24f50e4e7ae82801e4ac06", "number": "+18586050952", "date": "2021-01-23 01:01:41", "subject": "3", "recorded-or-robo": "Y", "city": "", "state": "CA", "area-code": "626"}, {"id": "3decc6bfadaa436a105714c6ba4f1fac", "number": "+18586050952", "date": "2021-01-23 01:01:32", "subject": "3", "recorded-or-robo": "Y", "city": "", "state": "CA", "area-code": "626"}, {"id": "1d36742e3f24f50e4e7ae82801e5042a", "number": "+18586050952", "date": "2021-01-23 01:01:32", "subject": "3", "recorded-or-robo": "Y", "city": "", "state": "CA", "area-code": "626"}, {"id": "3decc6bfadaa436a105714c6ba4f0558", "number": "4582196341", "date": "2021-01-23 01:01:24", "subject": "3", "recorded-or-robo": "Y", "city": "", "state": "CA", "area-code": "559"}, {"id": "3decc6bfadaa436a105714c6ba4ee5bd", "number": "+15594184188", "date": "2021-01-23 01:01:24", "subject": "3", "recorded-or-robo": "Y", "city": "", "state": "CA", "area-code": "626"}, {"id": "1d36742e3f24f50e4e7ae82801e4ed5c", "number": "4582196341", "date": "2021-01-23 01:01:24", "subject": "3", "recorded-or-robo": "Y", "city": "", "state": "CA", "area-code": "559"}, {"id": "1d36742e3f24f50e4e7ae82801e4ba75", "number": "+15594184188", "date": "2021-01-23 01:01:24", "subject": "3", "recorded-or-robo": "Y", "city": "", "state": "CA", "area-code": "626"}, {"id": "3decc6bfadaa436a105714c6ba4f118f", "number": "+12096695598", "date": "2021-01-23 01:01:18", "subject": "3", "recorded-or-robo": "Y", "city": "", "state": "CA", "area-code": "510"}, {"id": "1d36742e3f24f50e4e7ae82801e4fc6b", "number": "+12096695598", "date": "2021-01-23 01:01:18", "subject": "3", "recorded-or-robo": "Y", "city": "", "state": "CA", "area-code": "510"}, {"id": "3decc6bfadaa436a105714c6ba4ed9fb", "number": "6053336299", "date": "2021-01-23 01:01:04", "subject": "3", "recorded-or-robo": "Y", "city": "", "state": "AZ", "area-code": "520"}, {"id": "1d36742e3f24f50e4e7ae82801e4b9f2", "number": "6053336299", "date": "2021-01-23 01:01:04", "subject": "3", "recorded-or-robo": "Y", "city": "", "state": "AZ", "area-code": "520"}, {"id": "3decc6bfadaa436a105714c6ba4ee8ee", "number": "7138470040", "date": "2021-01-23 01:00:14", "subject": "3", "recorded-or-robo": "Y", "city": "", "state": "TX", "area-code": "832"}, {"id": "1d36742e3f24f50e4e7ae82801e4d1f3", "number": "7138470040", "date": "2021-01-23 01:00:14", "subject": "3", "recorded-or-robo": "Y", "city": "", "state": "TX", "area-code": "832"}, {"id": "e81c9350d54f66c6d33b3747ee9bbfb3", "number": "2814929673", "date": "2021-01-22 11:08:00", "subject": "2", "recorded-or-robo": "Y", "city": "Houston", "state": "TX", "area-code": "281"}, {"id": "1d36742e3f24f50e4e7ae82801310d34", "number": "2814929673", "date": "2021-01-22 11:08:00", "subject": "2", "recorded-or-robo": "Y", "city": "Houston", "state": "TX", "area-code": "281"}, {"id": "3decc6bfadaa436a105714c6ba4ea44f", "number": "9547266156", "date": "2021-01-23 00:58:58", "subject": "3", "recorded-or-robo": "Y", "city": "", "state": "FL", "area-code": "305"}, {"id": "1d36742e3f24f50e4e7ae82801e47c98", "number": "9547266156", "date": "2021-01-23 00:58:58", "subject": "3", "recorded-or-robo": "Y", "city": "", "state": "FL", "area-code": "305"}, {"id": "3decc6bfadaa436a105714c6ba4e8899", "number": "9547266156", "date": "2021-01-23 00:58:56", "subject": "3", "recorded-or-robo": "Y", "city": "", "state": "FL", "area-code": "305"}, {"id": "1d36742e3f24f50e4e7ae82801e453a0", "number": "9547266156", "date": "2021-01-23 00:58:56", "subject": "3", "recorded-or-robo": "Y", "city": "", "state": "FL", "area-code": "305"}, {"id": "3decc6bfadaa436a105714c6ba4e94da", "number": "9547266156", "date": "2021-01-23 00:58:55", "subject": "3", "recorded-or-robo": "Y", "city": "", "state": "FL", "area-code": "305"}, {"id": "1d36742e3f24f50e4e7ae82801e4700d", "number": "9547266156", "date": "2021-01-23 00:58:55", "subject": "3", "recorded-or-robo": "Y", "city": "", "state": "FL", "area-code": "305"}, {"id": "3decc6bfadaa436a105714c6ba4e76fe", "number": "+18062757497", "date": "2021-01-23 00:58:17", "subject": "3", "recorded-or-robo": "Y", "city": "", "state": "TX", "area-code": "817"}, {"id": "1d36742e3f24f50e4e7ae82801e44291", "number": "+18062757497", "date": "2021-01-23 00:58:17", "subject": "3", "recorded-or-robo": "Y", "city": "", "state": "TX", "area-code": "817"}, {"id": "e81c9350d54f66c6d33b3747ee9bb6e5", "number": "8029920570", "date": "2021-01-22 10:45:00", "subject": "3", "recorded-or-robo": "Y", "city": "", "state": "VT", "area-code": "802"}, {"id": "1d36742e3f24f50e4e7ae828013101c2", "number": "8029920570", "date": "2021-01-22 10:45:00", "subject": "3", "recorded-or-robo": "Y", "city": "", "state": "VT", "area-code": "802"}, {"id": "3decc6bfadaa436a105714c6ba4e620c", "number": "7034828983", "date": "2021-01-23 00:58:06", "subject": "3", "recorded-or-robo": "Y", "city": "", "state": "VA", "area-code": "703"}, {"id": "1d36742e3f24f50e4e7ae82801e43791", "number": "7034828983", "date": "2021-01-23 00:58:06", "subject": "3", "recorded-or-robo": "Y", "city": "", "state": "VA", "area-code": "703"}, {"id": "3decc6bfadaa436a105714c6ba4e80e5", "number": "8508704540", "date": "2021-01-23 00:57:51", "subject": "3", "recorded-or-robo": "Y", "city": "", "state": "FL", "area-code": "813"}, {"id": "1d36742e3f24f50e4e7ae82801e44945", "number": "8508704540", "date": "2021-01-23 00:57:51", "subject": "3", "recorded-or-robo": "Y", "city": "", "state": "FL", "area-code": "813"}, {"id": "3decc6bfadaa436a105714c6ba4eb188", "number": "+17275561855", "date": "2021-01-23 00:57:11", "subject": "3", "recorded-or-robo": "N", "city": "", "state": "FL", "area-code": "727"}, {"id": "1d36742e3f24f50e4e7ae82801e48735", "number": "+17275561855", "date": "2021-01-23 00:57:11", "subject": "3", "recorded-or-robo": "N", "city": "", "state": "FL", "area-code": "727"}, {"id": "e81c9350d54f66c6d33b3747ee9bac0e", "number": "9795423671", "date": "2021-01-22 10:26:00", "subject": "1", "recorded-or-robo": "Y", "city": "Houston", "state": "TX", "area-code": "281"}, {"id": "1d36742e3f24f50e4e7ae8280130f9e8", "number": "9795423671", "date": "2021-01-22 10:26:00", "subject": "1", "recorded-or-robo": "Y", "city": "Houston", "state": "TX", "area-code": "281"}, {"id": "3decc6bfadaa436a105714c6ba4e8f71", "number": "7319829507", "date": "2021-01-23 00:56:26", "subject": "3", "recorded-or-robo": "Y", "city": "", "state": "MI", "area-code": "248"}, {"id": "1d36742e3f24f50e4e7ae82801e46237", "number": "7319829507", "date": "2021-01-23 00:56:26", "subject": "3", "recorded-or-robo": "Y", "city": "", "state": "MI", "area-code": "248"}, {"id": "e81c9350d54f66c6d33b3747ee9b9d5d", "number": "4058250813", "date": "2021-01-20 15:11:00", "subject": "2", "recorded-or-robo": "Y", "city": "Oklahoma City", "state": "OK", "area-code": "405"}, {"id": "1d36742e3f24f50e4e7ae8280130f52c", "number": "4058250813", "date": "2021-01-20 15:11:00", "subject": "2", "recorded-or-robo": "Y", "city": "Oklahoma City", "state": "OK", "area-code": "405"}, {"id": "e81c9350d54f66c6d33b3747ee9b90f9", "number": "8036811014", "date": "2021-01-19 12:23:00", "subject": "2", "recorded-or-robo": "N", "city": "Lexington", "state": "SC", "area-code": "803"}, {"id": "1d36742e3f24f50e4e7ae8280130ed14", "number": "8036811014", "date": "2021-01-19 12:23:00", "subject": "2", "recorded-or-robo": "N", "city": "Lexington", "state": "SC", "area-code": "803"}, {"id": "3decc6bfadaa436a105714c6ba4e521d", "number": "8434646133", "date": "2021-01-23 00:55:16", "subject": "3", "recorded-or-robo": "Y", "city": "", "state": "SC", "area-code": "843"}, {"id": "1d36742e3f24f50e4e7ae82801e42b39", "number": "8434646133", "date": "2021-01-23 00:55:16", "subject": "3", "recorded-or-robo": "Y", "city": "", "state": "SC", "area-code": "843"}, {"id": "3decc6bfadaa436a105714c6ba4e3a18", "number": "+12147822308", "date": "2021-01-23 00:55:10", "subject": "3", "recorded-or-robo": "Y", "city": "", "state": "TX", "area-code": "210"}]}