{"data": [{"id": "1d36742e3f24f50e4e7ae8280163aa96", "number": "8336570590", "date": "2021-01-22 09:56:00", "subject": "3", "recorded-or-robo": "Y", "city": "", "state": "OH", "area-code": "937"}, {"id": "e81c9350d54f66c6d33b3747eece8f30", "number": "2062467148", "date": "2021-01-22 16:14:00", "subject": "8", "recorded-or-robo": "N", "city": "Austin", "state": "TX", "area-code": "512"}, {"id": "1d36742e3f24f50e4e7ae8280163a239", "number": "2062467148", "date": "2021-01-22 16:14:00", "subject": "8", "recorded-or-robo": "N", "city": "Austin", "state": "TX", "area-code": "512"}, {"id": "e81c9350d54f66c6d33b3747eece8760", "number": "6107727888", "date": "2021-01-22 12:44:00", "subject": "2", "recorded-or-robo": "N", "city": "Phila", "state": "PA", "area-code": "215"}, {"id": "1d36742e3f24f50e4e7ae82801639e12", "number": "6107727888", "date": "2021-01-22 12:44:00", "subject": "2", "recorded-or-robo": "N", "city": "Phila", "state": "PA", "area-code": "215"}, {"id": "e81c9350d54f66c6d33b3747eece7c51", "number": "9377229873", "date": "2021-01-22 11:59:00", "subject": "3", "recorded-or-robo": "Y", "city": "", "state": "OH", "area-code": "937"}, {"id": "1d36742e3f24f50e4e7ae82801639c00", "number": "9377229873", "date": "2021-01-22 11:59:00", "subject": "3", "recorded-or-robo": "Y", "city": "", "state": "OH", "area-code": "937"}, {"id": "e81c9350d54f66c6d33b3747eece7204", "number": "6282615570", "date": "2021-01-22 16:32:00", "subject": "3", "recorded-or-robo": "Y", "city": "", "state": "OH", "area-code": "937"}, {"id": "1d36742e3f24f50e4e7ae82801639576", "number": "6282615570", "date": "2021-01-22 16:32:00", "subject": "3", "recorded-or-robo": "Y", "city": "", "state": "OH", "area-code": "937"}, {"id": "e81c9350d54f66c6d33b3747eece6921", "number": "6462260317", "date": "2021-01-18 11:36:00", "subject": "0", "recorded-or-robo": "Y", "city": "New York", "state": "NY", "area-code": "212"}, {"id": "1d36742e3f24f50e4e7ae82801638c93", "number": "6462260317", "date": "2021-01-18 11:36:00", "subject": "0", "recorded-or-robo": "Y", "city": "New York", "state": "NY", "area-code": "212"}, {"id": "e81c9350d54f66c6d33b3747eece5c8f", "number": "9795965489", "date": "2021-01-22 13:11:00", "subject": "8", "recorded-or-robo": "N", "city": "Austin", "state": "TX", "area-code": "512"}, {"id": "1d36742e3f24f50e4e7ae828016383e3", "number": "9795965489", "date": "2021-01-22 13:11:00", "subject": "8", "recorded-or-robo": "N", "city": "Austin", "state": "TX", "area-code": "512"}, {"id": "e81c9350d54f66c6d33b3747eece4dc7", "number": "", "date": "2021-01-23 08:30:00", "subject": "16", "recorded-or-robo": "N", "city": "", "state": "FL", "area-code": "407"}, {"id": "1d36742e3f24f50e4e7ae828016380c4", "number": "", "date": "2021-01-23 08:30:00", "subject": "16", "recorded-or-robo": "N", "city": "", "state": "FL", "area-code": "407"}, {"id": "e81c9350d54f66c6d33b3747eece4021", "number": "", "date": "2021-01-20 00:00:00", "subject": "3", "recorded-or-robo": "Y", "city": "", "state": "FL", "area-code": "813"}, {"id": "1d36742e3f24f50e4e7ae828016375fb", "number": "", "date": "2021-01-20 00:00:00", "subject": "3", "recorded-or-robo": "Y", "city": "", "state": "FL", "area-code": "813"}, {"id": "e81c9350d54f66c6d33b3747eece36c6", "number": "8007525033", "date": "2021-01-20 09:53:00", "subject": "0", "recorded-or-robo": "Y", "city": "New York", "state": "NY", "area-code": "212"}, {"id": "1d36742e3f24f50e4e7ae82801636e38", "number": "8007525033", "date": "2021-01-20 09:53:00", "subject": "0", "recorded-or-robo": "Y", "city": "New York", "state": "NY", "area-code": "212"}, {"id": "e81c9350d54f66c6d33b3747eece349b", "number": "", "date": "2021-01-22 10:45:00", "subject": "3", "recorded-or-robo": "Y", "city": "", "state": "FL", "area-code": "813"}, {"id": "1d36742e3f24f50e4e7ae82801636682", "number": "", "date": "2021-01-22 10:45:00", "subject": "3", "recorded-or-robo": "Y", "city": "", "state": "FL", "area-code": "813"}, {"id": "e81c9350d54f66c6d33b3747eece2fa1", "number": "6156868174", "date": "2021-01-07 07:13:00", "subject": "2", "recorded-or-robo": "N", "city": "", "state": "TN", "area-code": "615"}, {"id": "1d36742e3f24f50e4e7ae82801636146", "number": "6156868174", "date": "2021-01-07 07:13:00", "subject": "2", "recorded-or-robo": "N", "city": "", "state": "TN", "area-code": "615"}, {"id": "e81c9350d54f66c6d33b3747eece2469", "number": "9374559425", "date": "2021-01-22 18:04:00", "subject": "3", "recorded-or-robo": "Y", "city": "", "state": "OH", "area-code": "937"}, {"id": "1d36742e3f24f50e4e7ae82801635ee9", "number": "9374559425", "date": "2021-01-22 18:04:00", "subject": "3", "recorded-or-robo": "Y", "city": "", "state": "OH", "area-code": "937"}, {"id": "e81c9350d54f66c6d33b3747eece2024", "number": "3154967729", "date": "2021-01-17 13:10:00", "subject": "0", "recorded-or-robo": "Y", "city": "New York", "state": "NY", "area-code": "212"}, {"id": "1d36742e3f24f50e4e7ae82801634f12", "number": "3154967729", "date": "2021-01-17 13:10:00", "subject": "0", "recorded-or-robo": "Y", "city": "New York", "state": "NY", "area-code": "212"}, {"id": "e81c9350d54f66c6d33b3747eece1a3c", "number": "", "date": "2021-01-23 08:15:00", "subject": "3", "recorded-or-robo": "Y", "city": "", "state": "FL", "area-code": "813"}, {"id": "1d36742e3f24f50e4e7ae8280163473e", "number": "", "date": "2021-01-23 08:15:00", "subject": "3", "recorded-or-robo": "Y", "city": "", "state": "FL", "area-code": "813"}, {"id": "e81c9350d54f66c6d33b3747eece126b", "number": "", "date": "2021-01-22 00:00:00", "subject": "2", "recorded-or-robo": "Y", "city": "Sacramento", "state": "CA", "area-code": "916"}, {"id": "1d36742e3f24f50e4e7ae82801633c48", "number": "", "date": "2021-01-22 00:00:00", "subject": "2", "recorded-or-robo": "Y", "city": "Sacramento", "state": "CA", "area-code": "916"}, {"id": "e81c9350d54f66c6d33b3747eece1100", "number": "", "date": "2021-01-22 14:16:00", "subject": "3", "recorded-or-robo": "Y", "city": "", "state": "FL", "area-code": "772"}, {"id": "1d36742e3f24f50e4e7ae82801633286", "number": "", "date": "2021-01-22 14:16:00", "subject": "3", "recorded-or-robo": "Y", "city": "", "state": "FL", "area-code": "772"}, {"id": "e81c9350d54f66c6d33b3747eece0e25", "number": "6464389217", "date": "2021-01-15 12:12:00", "subject": "0", "recorded-or-robo": "Y", "city": "New York", "state": "NY", "area-code": "212"}, {"id": "1d36742e3f24f50e4e7ae82801632604", "number": "6464389217", "date": "2021-01-15 12:12:00", "subject": "0", "recorded-or-robo": "Y", "city": "New York", "state": "NY", "area-code": "212"}, {"id": "e81c9350d54f66c6d33b3747eecdfffc", "number": "3046587946", "date": "2021-01-22 20:54:00", "subject": "0", "recorded-or-robo": "Y", "city": "Clarksburg", "state": "WV", "area-code": "304"}, {"id": "1d36742e3f24f50e4e7ae828016323a8", "number": "3046587946", "date": "2021-01-22 20:54:00", "subject": "0", "recorded-or-robo": "Y", "city": "Clarksburg", "state": "WV", "area-code": "304"}, {"id": "e81c9350d54f66c6d33b3747eecdf6ba", "number": "2819079595", "date": "2021-01-22 12:45:00", "subject": "8", "recorded-or-robo": "N", "city": "Austin", "state": "TX", "area-code": "512"}, {"id": "1d36742e3f24f50e4e7ae82801631bab", "number": "2819079595", "date": "2021-01-22 12:45:00", "subject": "8", "recorded-or-robo": "N", "city": "Austin", "state": "TX", "area-code": "512"}, {"id": "e81c9350d54f66c6d33b3747eecdee52", "number": "9126178082", "date": "2021-01-22 13:22:00", "subject": "2", "recorded-or-robo": "", "city": "", "state": "IL", "area-code": "815"}, {"id": "1d36742e3f24f50e4e7ae8280163152b", "number": "9126178082", "date": "2021-01-22 13:22:00", "subject": "2", "recorded-or-robo": "", "city": "", "state": "IL", "area-code": "815"}, {"id": "e81c9350d54f66c6d33b3747eecde416", "number": "8596255618", "date": "2021-01-22 20:01:00", "subject": "2", "recorded-or-robo": "Y", "city": "Nicholasville", "state": "KY", "area-code": "859"}, {"id": "1d36742e3f24f50e4e7ae828016312f2", "number": "8596255618", "date": "2021-01-22 20:01:00", "subject": "2", "recorded-or-robo": "Y", "city": "Nicholasville", "state": "KY", "area-code": "859"}, {"id": "e81c9350d54f66c6d33b3747eecdd9a8", "number": "6464237943", "date": "2021-01-15 13:15:00", "subject": "0", "recorded-or-robo": "Y", "city": "New York", "state": "NY", "area-code": "212"}, {"id": "1d36742e3f24f50e4e7ae82801630a66", "number": "6464237943", "date": "2021-01-15 13:15:00", "subject": "0", "recorded-or-robo": "Y", "city": "New York", "state": "NY", "area-code": "212"}, {"id": "e81c9350d54f66c6d33b3747eecdd457", "number": "3046587946", "date": "2021-01-22 19:08:00", "subject": "0", "recorded-or-robo": "Y", "city": "Clarksburg", "state": "WV", "area-code": "304"}, {"id": "1d36742e3f24f50e4e7ae8280163051a", "number": "3046587946", "date": "2021-01-22 19:08:00", "subject": "0", "recorded-or-robo": "Y", "city": "Clarksburg", "state": "WV", "area-code": "304"}, {"id": "e81c9350d54f66c6d33b3747eecdce6f", "number": "8152879782", "date": "2021-01-19 16:44:00", "subject": "2", "recorded-or-robo": "", "city": "", "state": "IL", "area-code": "815"}, {"id": "1d36742e3f24f50e4e7ae8280163035b", "number": "8152879782", "date": "2021-01-19 16:44:00", "subject": "2", "recorded-or-robo": "", "city": "", "state": "IL", "area-code": "815"}, {"id": "e81c9350d54f66c6d33b3747eecdce44", "number": "243840313919", "date": "2021-01-22 07:46:00", "subject": "1", "recorded-or-robo": "Y", "city": "Des Moines", "state": "IA", "area-code": "515"}]}