{"data": [{"id": "1d36742e3f24f50e4e7ae828015c7453", "number": "9494096104", "date": "2021-01-22 18:34:00", "subject": "3", "recorded-or-robo": "N", "city": "", "state": "NC", "area-code": "336"}, {"id": "e81c9350d54f66c6d33b3747ee9941df", "number": "2178032734", "date": "2021-01-22 10:14:00", "subject": "3", "recorded-or-robo": "", "city": "", "state": "IL", "area-code": "708"}, {"id": "1d36742e3f24f50e4e7ae828012e73d6", "number": "2178032734", "date": "2021-01-22 10:14:00", "subject": "3", "recorded-or-robo": "", "city": "", "state": "IL", "area-code": "708"}, {"id": "e81c9350d54f66c6d33b3747ee994cbb", "number": "2133284938", "date": "2021-01-22 07:46:00", "subject": "1", "recorded-or-robo": "Y", "city": "Seattle", "state": "WA", "area-code": "206"}, {"id": "1d36742e3f24f50e4e7ae828012e8c79", "number": "2133284938", "date": "2021-01-22 07:46:00", "subject": "1", "recorded-or-robo": "Y", "city": "Seattle", "state": "WA", "area-code": "206"}, {"id": "e81c9350d54f66c6d33b3747ee9948d0", "number": "5156060760", "date": "2021-01-19 14:09:00", "subject": "2", "recorded-or-robo": "N", "city": "", "state": "CA", "area-code": "323"}, {"id": "1d36742e3f24f50e4e7ae828012e8189", "number": "5156060760", "date": "2021-01-19 14:09:00", "subject": "2", "recorded-or-robo": "N", "city": "", "state": "CA", "area-code": "323"}, {"id": "e81c9350d54f66c6d33b3747eec38a70", "number": "+18177572094", "date": "2021-01-22 23:44:10", "subject": "3", "recorded-or-robo": "Y", "city": "", "state": "TX", "area-code": "817"}, {"id": "1d36742e3f24f50e4e7ae8280158dbfd", "number": "+18177572094", "date": "2021-01-22 23:44:10", "subject": "3", "recorded-or-robo": "Y", "city": "", "state": "TX", "area-code": "817"}, {"id": "e81c9350d54f66c6d33b3747eec39ec8", "number": "+16044063931", "date": "2021-01-22 23:44:01", "subject": "3", "recorded-or-robo": "Y", "city": "", "state": "SC", "area-code": "803"}, {"id": "1d36742e3f24f50e4e7ae8280158fb32", "number": "+16044063931", "date": "2021-01-22 23:44:01", "subject": "3", "recorded-or-robo": "Y", "city": "", "state": "SC", "area-code": "803"}, {"id": "e81c9350d54f66c6d33b3747ee9932f9", "number": "2052777519", "date": "2021-01-21 11:52:00", "subject": "2", "recorded-or-robo": "Y", "city": "Sterrett", "state": "AL", "area-code": "205"}, {"id": "1d36742e3f24f50e4e7ae828012e6b3b", "number": "2052777519", "date": "2021-01-21 11:52:00", "subject": "2", "recorded-or-robo": "Y", "city": "Sterrett", "state": "AL", "area-code": "205"}, {"id": "e81c9350d54f66c6d33b3747ee992937", "number": "8642920700", "date": "2021-01-19 09:18:00", "subject": "0", "recorded-or-robo": "Y", "city": "Moore", "state": "SC", "area-code": "864"}, {"id": "1d36742e3f24f50e4e7ae828012e60a7", "number": "8642920700", "date": "2021-01-19 09:18:00", "subject": "0", "recorded-or-robo": "Y", "city": "Moore", "state": "SC", "area-code": "864"}, {"id": "e81c9350d54f66c6d33b3747eec3ad6a", "number": "3253305152", "date": "2021-01-22 23:43:12", "subject": "3", "recorded-or-robo": "Y", "city": "", "state": "TX", "area-code": "281"}, {"id": "1d36742e3f24f50e4e7ae8280159034f", "number": "3253305152", "date": "2021-01-22 23:43:12", "subject": "3", "recorded-or-robo": "Y", "city": "", "state": "TX", "area-code": "281"}, {"id": "e81c9350d54f66c6d33b3747ee991a3a", "number": "", "date": "2021-01-22 10:10:00", "subject": "3", "recorded-or-robo": "Y", "city": "", "state": "CA", "area-code": "714"}, {"id": "1d36742e3f24f50e4e7ae828012e594a", "number": "", "date": "2021-01-22 10:10:00", "subject": "3", "recorded-or-robo": "Y", "city": "", "state": "CA", "area-code": "714"}, {"id": "e81c9350d54f66c6d33b3747eec3719a", "number": "+14079114518", "date": "2021-01-22 23:43:00", "subject": "3", "recorded-or-robo": "Y", "city": "", "state": "FL", "area-code": "407"}, {"id": "1d36742e3f24f50e4e7ae8280158c472", "number": "+14079114518", "date": "2021-01-22 23:43:00", "subject": "3", "recorded-or-robo": "Y", "city": "", "state": "FL", "area-code": "407"}, {"id": "e81c9350d54f66c6d33b3747eec392ec", "number": "+18508745708", "date": "2021-01-22 23:42:58", "subject": "3", "recorded-or-robo": "Y", "city": "", "state": "FL", "area-code": "386"}, {"id": "1d36742e3f24f50e4e7ae8280158e5a6", "number": "+18508745708", "date": "2021-01-22 23:42:58", "subject": "3", "recorded-or-robo": "Y", "city": "", "state": "FL", "area-code": "386"}, {"id": "e81c9350d54f66c6d33b3747ee9916a4", "number": "7154717741", "date": "2021-01-20 10:03:00", "subject": "2", "recorded-or-robo": "N", "city": "", "state": "CA", "area-code": "323"}, {"id": "1d36742e3f24f50e4e7ae828012e5625", "number": "7154717741", "date": "2021-01-20 10:03:00", "subject": "2", "recorded-or-robo": "N", "city": "", "state": "CA", "area-code": "323"}, {"id": "e81c9350d54f66c6d33b3747eec7289d", "number": "6206072525", "date": "2021-01-22 18:10:00", "subject": "3", "recorded-or-robo": "N", "city": "", "state": "NC", "area-code": "336"}, {"id": "1d36742e3f24f50e4e7ae828015c66bb", "number": "6206072525", "date": "2021-01-22 18:10:00", "subject": "3", "recorded-or-robo": "N", "city": "", "state": "NC", "area-code": "336"}, {"id": "e81c9350d54f66c6d33b3747ee990b29", "number": "7175161563", "date": "2021-01-21 09:23:00", "subject": "2", "recorded-or-robo": "Y", "city": "Sterrett", "state": "AL", "area-code": "205"}, {"id": "1d36742e3f24f50e4e7ae828012e4801", "number": "7175161563", "date": "2021-01-21 09:23:00", "subject": "2", "recorded-or-robo": "Y", "city": "Sterrett", "state": "AL", "area-code": "205"}, {"id": "e81c9350d54f66c6d33b3747ee98f4d4", "number": "5706661283", "date": "2021-01-22 20:00:00", "subject": "3", "recorded-or-robo": "N", "city": "", "state": "PA", "area-code": "570"}, {"id": "1d36742e3f24f50e4e7ae828012e3522", "number": "5706661283", "date": "2021-01-22 20:00:00", "subject": "3", "recorded-or-robo": "N", "city": "", "state": "PA", "area-code": "570"}, {"id": "e81c9350d54f66c6d33b3747eec36488", "number": "7182445853", "date": "2021-01-22 23:42:13", "subject": "3", "recorded-or-robo": "Y", "city": "", "state": "CA", "area-code": "714"}, {"id": "1d36742e3f24f50e4e7ae8280158c3dc", "number": "7182445853", "date": "2021-01-22 23:42:13", "subject": "3", "recorded-or-robo": "Y", "city": "", "state": "CA", "area-code": "714"}, {"id": "e81c9350d54f66c6d33b3747ee98fcfa", "number": "8645769692", "date": "2021-01-19 11:40:00", "subject": "0", "recorded-or-robo": "Y", "city": "Moore", "state": "SC", "area-code": "864"}, {"id": "1d36742e3f24f50e4e7ae828012e3e26", "number": "8645769692", "date": "2021-01-19 11:40:00", "subject": "0", "recorded-or-robo": "Y", "city": "Moore", "state": "SC", "area-code": "864"}, {"id": "e81c9350d54f66c6d33b3747ee98f19b", "number": "6162741204", "date": "2021-01-19 08:08:00", "subject": "2", "recorded-or-robo": "Y", "city": "Philadelphia", "state": "PA", "area-code": "215"}, {"id": "1d36742e3f24f50e4e7ae828012e3104", "number": "6162741204", "date": "2021-01-19 08:08:00", "subject": "2", "recorded-or-robo": "Y", "city": "Philadelphia", "state": "PA", "area-code": "215"}, {"id": "e81c9350d54f66c6d33b3747eec2fda6", "number": "+14172038889", "date": "2021-01-22 23:41:42", "subject": "3", "recorded-or-robo": "Y", "city": "", "state": "NJ", "area-code": "973"}, {"id": "1d36742e3f24f50e4e7ae8280158542f", "number": "+14172038889", "date": "2021-01-22 23:41:42", "subject": "3", "recorded-or-robo": "Y", "city": "", "state": "NJ", "area-code": "973"}, {"id": "e81c9350d54f66c6d33b3747eec2fcb9", "number": "+15308445747", "date": "2021-01-22 23:41:33", "subject": "3", "recorded-or-robo": "Y", "city": "", "state": "CA", "area-code": "530"}, {"id": "1d36742e3f24f50e4e7ae828015845aa", "number": "+15308445747", "date": "2021-01-22 23:41:33", "subject": "3", "recorded-or-robo": "Y", "city": "", "state": "CA", "area-code": "530"}, {"id": "e81c9350d54f66c6d33b3747eec33c34", "number": "+17732703207", "date": "2021-01-22 23:41:29", "subject": "3", "recorded-or-robo": "Y", "city": "", "state": "IL", "area-code": "312"}, {"id": "1d36742e3f24f50e4e7ae8280158aeb5", "number": "+17732703207", "date": "2021-01-22 23:41:29", "subject": "3", "recorded-or-robo": "Y", "city": "", "state": "IL", "area-code": "312"}, {"id": "e81c9350d54f66c6d33b3747eec30c57", "number": "9039885631", "date": "2021-01-22 23:41:26", "subject": "3", "recorded-or-robo": "Y", "city": "", "state": "TX", "area-code": "972"}, {"id": "1d36742e3f24f50e4e7ae828015871fc", "number": "9039885631", "date": "2021-01-22 23:41:26", "subject": "3", "recorded-or-robo": "Y", "city": "", "state": "TX", "area-code": "972"}, {"id": "e81c9350d54f66c6d33b3747ee98e62d", "number": "4435654256", "date": "2021-01-20 10:14:00", "subject": "0", "recorded-or-robo": "", "city": "", "state": "MD", "area-code": "443"}, {"id": "1d36742e3f24f50e4e7ae828012e2713", "number": "4435654256", "date": "2021-01-20 10:14:00", "subject": "0", "recorded-or-robo": "", "city": "", "state": "MD", "area-code": "443"}, {"id": "e81c9350d54f66c6d33b3747eec3391d", "number": "9724485607", "date": "2021-01-22 23:41:13", "subject": "3", "recorded-or-robo": "Y", "city": "", "state": "TX", "area-code": "972"}, {"id": "1d36742e3f24f50e4e7ae8280158ac1b", "number": "9724485607", "date": "2021-01-22 23:41:13", "subject": "3", "recorded-or-robo": "Y", "city": "", "state": "TX", "area-code": "972"}, {"id": "e81c9350d54f66c6d33b3747eec3568e", "number": "2819844424", "date": "2021-01-22 23:41:06", "subject": "3", "recorded-or-robo": "Y", "city": "", "state": "FL", "area-code": "727"}]}