{"data": [{"id": "1d36742e3f24f50e4e7ae8280160c0db", "number": "6784313990", "date": "2021-01-22 09:27:00", "subject": "4", "recorded-or-robo": "Y", "city": "", "state": "GA", "area-code": "678"}, {"id": "e81c9350d54f66c6d33b3747eecb854b", "number": "3522477989", "date": "2021-01-22 15:17:00", "subject": "2", "recorded-or-robo": "", "city": "dunnellon", "state": "FL", "area-code": "352"}, {"id": "1d36742e3f24f50e4e7ae8280160bb9f", "number": "3522477989", "date": "2021-01-22 15:17:00", "subject": "2", "recorded-or-robo": "", "city": "dunnellon", "state": "FL", "area-code": "352"}, {"id": "e81c9350d54f66c6d33b3747eecb7a94", "number": "7023548295", "date": "2021-01-20 11:46:00", "subject": "2", "recorded-or-robo": "N", "city": "Las Vegas", "state": "NV", "area-code": "702"}, {"id": "1d36742e3f24f50e4e7ae8280160afc0", "number": "7023548295", "date": "2021-01-20 11:46:00", "subject": "2", "recorded-or-robo": "N", "city": "Las Vegas", "state": "NV", "area-code": "702"}, {"id": "e81c9350d54f66c6d33b3747eecb751e", "number": "4178379434", "date": "2021-01-22 19:40:00", "subject": "5", "recorded-or-robo": "Y", "city": "Hughesville", "state": "MD", "area-code": "417"}, {"id": "1d36742e3f24f50e4e7ae8280160a1e4", "number": "4178379434", "date": "2021-01-22 19:40:00", "subject": "5", "recorded-or-robo": "Y", "city": "Hughesville", "state": "MD", "area-code": "417"}, {"id": "e81c9350d54f66c6d33b3747eecb6d1b", "number": "4696682047", "date": "2021-01-22 20:14:00", "subject": "1", "recorded-or-robo": "Y", "city": "Pigeon", "state": "MI", "area-code": "989"}, {"id": "1d36742e3f24f50e4e7ae82801609ec3", "number": "4696682047", "date": "2021-01-22 20:14:00", "subject": "1", "recorded-or-robo": "Y", "city": "Pigeon", "state": "MI", "area-code": "989"}, {"id": "e81c9350d54f66c6d33b3747eecb6a94", "number": "8445447388", "date": "2021-01-22 14:43:00", "subject": "2", "recorded-or-robo": "Y", "city": "Palm Harbor", "state": "FL", "area-code": "314"}, {"id": "1d36742e3f24f50e4e7ae82801609d27", "number": "8445447388", "date": "2021-01-22 14:43:00", "subject": "2", "recorded-or-robo": "Y", "city": "Palm Harbor", "state": "FL", "area-code": "314"}, {"id": "e81c9350d54f66c6d33b3747eecb613a", "number": "2088266650", "date": "2021-01-19 10:26:00", "subject": "2", "recorded-or-robo": "N", "city": "Las Vegas", "state": "NV", "area-code": "702"}, {"id": "1d36742e3f24f50e4e7ae82801609025", "number": "2088266650", "date": "2021-01-19 10:26:00", "subject": "2", "recorded-or-robo": "N", "city": "Las Vegas", "state": "NV", "area-code": "702"}, {"id": "e81c9350d54f66c6d33b3747eecb521d", "number": "4075356301", "date": "2021-01-23 12:00:00", "subject": "2", "recorded-or-robo": "Y", "city": "", "state": "FL", "area-code": "407"}, {"id": "1d36742e3f24f50e4e7ae82801608ca0", "number": "4075356301", "date": "2021-01-23 12:00:00", "subject": "2", "recorded-or-robo": "Y", "city": "", "state": "FL", "area-code": "407"}, {"id": "e81c9350d54f66c6d33b3747eecb4a3d", "number": "8303075256", "date": "2021-01-22 10:09:00", "subject": "4", "recorded-or-robo": "Y", "city": "New Braunfels", "state": "TX", "area-code": "830"}, {"id": "1d36742e3f24f50e4e7ae828016081aa", "number": "8303075256", "date": "2021-01-22 10:09:00", "subject": "4", "recorded-or-robo": "Y", "city": "New Braunfels", "state": "TX", "area-code": "830"}, {"id": "3decc6bfadaa436a105714c6ba54b76a", "number": "+14079505438", "date": "2021-01-23 07:17:24", "subject": "3", "recorded-or-robo": "N", "city": "", "state": "FL", "area-code": "407"}, {"id": "1d36742e3f24f50e4e7ae82801eacb13", "number": "+14079505438", "date": "2021-01-23 07:17:24", "subject": "3", "recorded-or-robo": "N", "city": "", "state": "FL", "area-code": "407"}, {"id": "3decc6bfadaa436a105714c6ba54a100", "number": "+14079854405", "date": "2021-01-23 07:16:54", "subject": "3", "recorded-or-robo": "N", "city": "", "state": "FL", "area-code": "407"}, {"id": "1d36742e3f24f50e4e7ae82801eabef8", "number": "+14079854405", "date": "2021-01-23 07:16:54", "subject": "3", "recorded-or-robo": "N", "city": "", "state": "FL", "area-code": "407"}, {"id": "e81c9350d54f66c6d33b3747eecb4972", "number": "5188002520", "date": "2021-01-22 12:21:00", "subject": "4", "recorded-or-robo": "Y", "city": "Hudson", "state": "NY", "area-code": "518"}, {"id": "1d36742e3f24f50e4e7ae828016075af", "number": "5188002520", "date": "2021-01-22 12:21:00", "subject": "4", "recorded-or-robo": "Y", "city": "Hudson", "state": "NY", "area-code": "518"}, {"id": "3decc6bfadaa436a105714c6ba54c39e", "number": "+14079322266", "date": "2021-01-23 07:16:32", "subject": "3", "recorded-or-robo": "N", "city": "", "state": "FL", "area-code": "407"}, {"id": "1d36742e3f24f50e4e7ae82801ead6e8", "number": "+14079322266", "date": "2021-01-23 07:16:32", "subject": "3", "recorded-or-robo": "N", "city": "", "state": "FL", "area-code": "407"}, {"id": "3decc6bfadaa436a105714c6ba54a7cc", "number": "+14079391883", "date": "2021-01-23 07:16:17", "subject": "3", "recorded-or-robo": "N", "city": "", "state": "FL", "area-code": "407"}, {"id": "1d36742e3f24f50e4e7ae82801eac401", "number": "+14079391883", "date": "2021-01-23 07:16:17", "subject": "3", "recorded-or-robo": "N", "city": "", "state": "FL", "area-code": "407"}, {"id": "e81c9350d54f66c6d33b3747eecb492a", "number": "8303075256", "date": "2021-01-22 12:57:00", "subject": "4", "recorded-or-robo": "Y", "city": "New Braunfels", "state": "TX", "area-code": "830"}, {"id": "1d36742e3f24f50e4e7ae82801606cb4", "number": "8303075256", "date": "2021-01-22 12:57:00", "subject": "4", "recorded-or-robo": "Y", "city": "New Braunfels", "state": "TX", "area-code": "830"}, {"id": "e81c9350d54f66c6d33b3747eecb4194", "number": "3033764344", "date": "2021-01-22 14:14:00", "subject": "2", "recorded-or-robo": "N", "city": "", "state": "CO", "area-code": "303"}, {"id": "1d36742e3f24f50e4e7ae82801606a5d", "number": "3033764344", "date": "2021-01-22 14:14:00", "subject": "2", "recorded-or-robo": "N", "city": "", "state": "CO", "area-code": "303"}, {"id": "e81c9350d54f66c6d33b3747eecb39e1", "number": "2406078524", "date": "2021-01-22 16:16:00", "subject": "2", "recorded-or-robo": "Y", "city": "Live Oak", "state": "MD", "area-code": "386"}, {"id": "1d36742e3f24f50e4e7ae8280160650d", "number": "2406078524", "date": "2021-01-22 16:16:00", "subject": "2", "recorded-or-robo": "Y", "city": "Live Oak", "state": "MD", "area-code": "386"}, {"id": "e81c9350d54f66c6d33b3747eecb34d9", "number": "8472758274", "date": "2021-01-22 16:08:00", "subject": "1", "recorded-or-robo": "N", "city": "Findlay", "state": "OH", "area-code": "419"}, {"id": "1d36742e3f24f50e4e7ae828016063a0", "number": "8472758274", "date": "2021-01-22 16:08:00", "subject": "1", "recorded-or-robo": "N", "city": "Findlay", "state": "OH", "area-code": "419"}, {"id": "e81c9350d54f66c6d33b3747eecb2fd5", "number": "9189054015", "date": "2021-01-22 15:37:00", "subject": "2", "recorded-or-robo": "Y", "city": "Eureka", "state": "MO", "area-code": "636"}, {"id": "1d36742e3f24f50e4e7ae82801605cff", "number": "9189054015", "date": "2021-01-22 15:37:00", "subject": "2", "recorded-or-robo": "Y", "city": "Eureka", "state": "MO", "area-code": "636"}, {"id": "e81c9350d54f66c6d33b3747eecb263b", "number": "4193745129", "date": "2021-01-22 15:07:00", "subject": "1", "recorded-or-robo": "N", "city": "Findlay", "state": "OH", "area-code": "419"}, {"id": "1d36742e3f24f50e4e7ae82801605707", "number": "4193745129", "date": "2021-01-22 15:07:00", "subject": "1", "recorded-or-robo": "N", "city": "Findlay", "state": "OH", "area-code": "419"}, {"id": "e81c9350d54f66c6d33b3747eecb1d16", "number": "4193732280", "date": "2021-01-22 11:58:00", "subject": "1", "recorded-or-robo": "Y", "city": "Findlay", "state": "OH", "area-code": "419"}, {"id": "1d36742e3f24f50e4e7ae828016051ad", "number": "4193732280", "date": "2021-01-22 11:58:00", "subject": "1", "recorded-or-robo": "Y", "city": "Findlay", "state": "OH", "area-code": "419"}, {"id": "e81c9350d54f66c6d33b3747eecb0ef5", "number": "8289290110", "date": "2021-01-22 15:20:00", "subject": "3", "recorded-or-robo": "", "city": "", "state": "IL", "area-code": "708"}, {"id": "1d36742e3f24f50e4e7ae828016043ce", "number": "8289290110", "date": "2021-01-22 15:20:00", "subject": "3", "recorded-or-robo": "", "city": "", "state": "IL", "area-code": "708"}, {"id": "e81c9350d54f66c6d33b3747eecb06e0", "number": "6173272489", "date": "2021-01-23 06:55:00", "subject": "2", "recorded-or-robo": "Y", "city": "Roslindale", "state": "MA", "area-code": "617"}, {"id": "1d36742e3f24f50e4e7ae82801603e49", "number": "6173272489", "date": "2021-01-23 06:55:00", "subject": "2", "recorded-or-robo": "Y", "city": "Roslindale", "state": "MA", "area-code": "617"}, {"id": "e81c9350d54f66c6d33b3747eecb061c", "number": "Ihungup", "date": "2021-01-23 12:00:00", "subject": "2", "recorded-or-robo": "Y", "city": "Lake City", "state": "FL", "area-code": "386"}, {"id": "1d36742e3f24f50e4e7ae82801603b3b", "number": "Ihungup", "date": "2021-01-23 12:00:00", "subject": "2", "recorded-or-robo": "Y", "city": "Lake City", "state": "FL", "area-code": "386"}, {"id": "e81c9350d54f66c6d33b3747eecb00bb", "number": "4025206965", "date": "2021-01-22 16:19:00", "subject": "2", "recorded-or-robo": "Y", "city": "Omaha", "state": "NE", "area-code": "402"}, {"id": "1d36742e3f24f50e4e7ae82801602c5f", "number": "4025206965", "date": "2021-01-22 16:19:00", "subject": "2", "recorded-or-robo": "Y", "city": "Omaha", "state": "NE", "area-code": "402"}, {"id": "3decc6bfadaa436a105714c6ba548b46", "number": "7124811270", "date": "2021-01-23 07:04:34", "subject": "3", "recorded-or-robo": "Y", "city": "", "state": "FL", "area-code": "305"}]}