{"data": [{"id": "1d36742e3f24f50e4e7ae82801eaf7d9", "number": "+14793374607", "date": "2021-01-23 08:16:55", "subject": "3", "recorded-or-robo": "Y", "city": "", "state": "AR", "area-code": "479"}, {"id": "e81c9350d54f66c6d33b3747eecd19b6", "number": "8592238930", "date": "2021-01-22 12:25:00", "subject": "5", "recorded-or-robo": "Y", "city": "Nicholasville", "state": "KY", "area-code": "859"}, {"id": "1d36742e3f24f50e4e7ae8280162464f", "number": "8592238930", "date": "2021-01-22 12:25:00", "subject": "5", "recorded-or-robo": "Y", "city": "Nicholasville", "state": "KY", "area-code": "859"}, {"id": "e81c9350d54f66c6d33b3747eecd1437", "number": "8008922253", "date": "2021-01-22 11:02:00", "subject": "2", "recorded-or-robo": "Y", "city": "cincinnati", "state": "OH", "area-code": "513"}, {"id": "1d36742e3f24f50e4e7ae82801623a63", "number": "8008922253", "date": "2021-01-22 11:02:00", "subject": "2", "recorded-or-robo": "Y", "city": "cincinnati", "state": "OH", "area-code": "513"}, {"id": "3decc6bfadaa436a105714c6ba54def1", "number": "+12027446005", "date": "2021-01-23 08:16:16", "subject": "3", "recorded-or-robo": "Y", "city": "", "state": "AR", "area-code": "479"}, {"id": "1d36742e3f24f50e4e7ae82801eaf3f5", "number": "+12027446005", "date": "2021-01-23 08:16:16", "subject": "3", "recorded-or-robo": "Y", "city": "", "state": "AR", "area-code": "479"}, {"id": "e81c9350d54f66c6d33b3747eecd0742", "number": "2572285082", "date": "2021-01-22 10:48:00", "subject": "2", "recorded-or-robo": "N", "city": "Anniston", "state": "AL", "area-code": "256"}, {"id": "1d36742e3f24f50e4e7ae82801622c59", "number": "2572285082", "date": "2021-01-22 10:48:00", "subject": "2", "recorded-or-robo": "N", "city": "Anniston", "state": "AL", "area-code": "256"}, {"id": "e81c9350d54f66c6d33b3747eecd0036", "number": "5134754467", "date": "2021-01-22 10:20:00", "subject": "2", "recorded-or-robo": "Y", "city": "cincinnati", "state": "OH", "area-code": "513"}, {"id": "1d36742e3f24f50e4e7ae82801621d4b", "number": "5134754467", "date": "2021-01-22 10:20:00", "subject": "2", "recorded-or-robo": "Y", "city": "cincinnati", "state": "OH", "area-code": "513"}, {"id": "e81c9350d54f66c6d33b3747eeccf2e2", "number": "2033436626", "date": "2021-01-22 19:12:00", "subject": "2", "recorded-or-robo": "", "city": "", "state": "CT", "area-code": "203"}, {"id": "1d36742e3f24f50e4e7ae828016210a8", "number": "2033436626", "date": "2021-01-22 19:12:00", "subject": "2", "recorded-or-robo": "", "city": "", "state": "CT", "area-code": "203"}, {"id": "e81c9350d54f66c6d33b3747eecce46c", "number": "2568039506", "date": "2021-01-22 15:22:00", "subject": "2", "recorded-or-robo": "N", "city": "Anniston", "state": "AL", "area-code": "256"}, {"id": "1d36742e3f24f50e4e7ae8280162035a", "number": "2568039506", "date": "2021-01-22 15:22:00", "subject": "2", "recorded-or-robo": "N", "city": "Anniston", "state": "AL", "area-code": "256"}, {"id": "e81c9350d54f66c6d33b3747eeccd782", "number": "7866779695", "date": "2021-01-22 16:20:00", "subject": "4", "recorded-or-robo": "Y", "city": "", "state": "CT", "area-code": "203"}, {"id": "1d36742e3f24f50e4e7ae8280161f77c", "number": "7866779695", "date": "2021-01-22 16:20:00", "subject": "4", "recorded-or-robo": "Y", "city": "", "state": "CT", "area-code": "203"}, {"id": "e81c9350d54f66c6d33b3747eeccc81b", "number": "96898289469", "date": "2021-01-18 10:10:00", "subject": "0", "recorded-or-robo": "N", "city": "", "state": "IA", "area-code": "515"}, {"id": "1d36742e3f24f50e4e7ae8280161ec2e", "number": "96898289469", "date": "2021-01-18 10:10:00", "subject": "0", "recorded-or-robo": "N", "city": "", "state": "IA", "area-code": "515"}, {"id": "e81c9350d54f66c6d33b3747eeccc3a4", "number": "3057633564", "date": "2021-01-22 17:52:00", "subject": "3", "recorded-or-robo": "N", "city": "", "state": "FL", "area-code": "305"}, {"id": "1d36742e3f24f50e4e7ae8280161de14", "number": "3057633564", "date": "2021-01-22 17:52:00", "subject": "3", "recorded-or-robo": "N", "city": "", "state": "FL", "area-code": "305"}, {"id": "3decc6bfadaa436a105714c6ba54d4de", "number": "5122502000", "date": "2021-01-23 08:07:34", "subject": "3", "recorded-or-robo": "N", "city": "", "state": "TX", "area-code": "512"}, {"id": "1d36742e3f24f50e4e7ae82801eae3a6", "number": "5122502000", "date": "2021-01-23 08:07:34", "subject": "3", "recorded-or-robo": "N", "city": "", "state": "TX", "area-code": "512"}, {"id": "3decc6bfadaa436a105714c6ba54d800", "number": "+16822884374", "date": "2021-01-23 08:06:44", "subject": "3", "recorded-or-robo": "Y", "city": "", "state": "TX", "area-code": "682"}, {"id": "1d36742e3f24f50e4e7ae82801eae4e7", "number": "+16822884374", "date": "2021-01-23 08:06:44", "subject": "3", "recorded-or-robo": "Y", "city": "", "state": "TX", "area-code": "682"}, {"id": "e81c9350d54f66c6d33b3747eeccb533", "number": "4132244627", "date": "2021-01-22 11:10:00", "subject": "7", "recorded-or-robo": "Y", "city": "", "state": "MA", "area-code": "413"}, {"id": "1d36742e3f24f50e4e7ae8280161d1a9", "number": "4132244627", "date": "2021-01-22 11:10:00", "subject": "7", "recorded-or-robo": "Y", "city": "", "state": "MA", "area-code": "413"}, {"id": "e81c9350d54f66c6d33b3747eeccb193", "number": "9545808137", "date": "2021-01-22 18:54:00", "subject": "0", "recorded-or-robo": "Y", "city": "Miramar", "state": "FL", "area-code": "954"}, {"id": "1d36742e3f24f50e4e7ae8280161d008", "number": "9545808137", "date": "2021-01-22 18:54:00", "subject": "0", "recorded-or-robo": "Y", "city": "Miramar", "state": "FL", "area-code": "954"}, {"id": "e81c9350d54f66c6d33b3747eecca428", "number": "2156956157", "date": "2021-01-19 17:40:00", "subject": "4", "recorded-or-robo": "Y", "city": "Philadelphia", "state": "PA", "area-code": "215"}, {"id": "1d36742e3f24f50e4e7ae8280161c939", "number": "2156956157", "date": "2021-01-19 17:40:00", "subject": "4", "recorded-or-robo": "Y", "city": "Philadelphia", "state": "PA", "area-code": "215"}, {"id": "e81c9350d54f66c6d33b3747eecc9b3f", "number": "7636565859", "date": "2021-01-21 11:07:00", "subject": "2", "recorded-or-robo": "N", "city": "Llewellyn", "state": "PA", "area-code": "570"}, {"id": "1d36742e3f24f50e4e7ae8280161c494", "number": "7636565859", "date": "2021-01-21 11:07:00", "subject": "2", "recorded-or-robo": "N", "city": "Llewellyn", "state": "PA", "area-code": "570"}, {"id": "e81c9350d54f66c6d33b3747eecc92a7", "number": "8667270473", "date": "2021-01-22 16:34:00", "subject": "6", "recorded-or-robo": "N", "city": "Phoenix", "state": "AZ", "area-code": "262"}, {"id": "1d36742e3f24f50e4e7ae8280161bba0", "number": "8667270473", "date": "2021-01-22 16:34:00", "subject": "6", "recorded-or-robo": "N", "city": "Phoenix", "state": "AZ", "area-code": "262"}, {"id": "e81c9350d54f66c6d33b3747eecc8bfb", "number": "", "date": "2021-01-22 14:10:00", "subject": "2", "recorded-or-robo": "Y", "city": "Fort Lauderdale", "state": "FL", "area-code": "954"}, {"id": "1d36742e3f24f50e4e7ae8280161b837", "number": "", "date": "2021-01-22 14:10:00", "subject": "2", "recorded-or-robo": "Y", "city": "Fort Lauderdale", "state": "FL", "area-code": "954"}, {"id": "e81c9350d54f66c6d33b3747eecc8ae7", "number": "", "date": "2021-01-22 21:07:00", "subject": "3", "recorded-or-robo": "Y", "city": "", "state": "CA", "area-code": "310"}, {"id": "1d36742e3f24f50e4e7ae8280161a8df", "number": "", "date": "2021-01-22 21:07:00", "subject": "3", "recorded-or-robo": "Y", "city": "", "state": "CA", "area-code": "310"}, {"id": "e81c9350d54f66c6d33b3747eecc85df", "number": "8554990239", "date": "2021-01-22 16:34:00", "subject": "6", "recorded-or-robo": "N", "city": "Phoenix", "state": "AZ", "area-code": "262"}, {"id": "1d36742e3f24f50e4e7ae8280161a8bf", "number": "8554990239", "date": "2021-01-22 16:34:00", "subject": "6", "recorded-or-robo": "N", "city": "Phoenix", "state": "AZ", "area-code": "262"}, {"id": "e81c9350d54f66c6d33b3747eecc7961", "number": "", "date": "2021-01-22 12:01:00", "subject": "1", "recorded-or-robo": "Y", "city": "Castleford", "state": "", "area-code": ""}, {"id": "1d36742e3f24f50e4e7ae8280161a01a", "number": "", "date": "2021-01-22 12:01:00", "subject": "1", "recorded-or-robo": "Y", "city": "Castleford", "state": "", "area-code": ""}, {"id": "e81c9350d54f66c6d33b3747eecc6f14", "number": "2424344148", "date": "2021-01-22 21:47:00", "subject": "2", "recorded-or-robo": "N", "city": "", "state": "TN", "area-code": "865"}, {"id": "1d36742e3f24f50e4e7ae82801619fc2", "number": "2424344148", "date": "2021-01-22 21:47:00", "subject": "2", "recorded-or-robo": "N", "city": "", "state": "TN", "area-code": "865"}, {"id": "e81c9350d54f66c6d33b3747eecc669f", "number": "995595697594", "date": "2021-01-22 19:20:00", "subject": "2", "recorded-or-robo": "N", "city": "", "state": "TN", "area-code": "865"}, {"id": "1d36742e3f24f50e4e7ae8280161921a", "number": "995595697594", "date": "2021-01-22 19:20:00", "subject": "2", "recorded-or-robo": "N", "city": "", "state": "TN", "area-code": "865"}, {"id": "e81c9350d54f66c6d33b3747eecc3553", "number": "2093562918", "date": "2021-01-22 09:15:00", "subject": "3", "recorded-or-robo": "", "city": "", "state": "MO", "area-code": "314"}, {"id": "1d36742e3f24f50e4e7ae828016180ef", "number": "2093562918", "date": "2021-01-22 09:15:00", "subject": "3", "recorded-or-robo": "", "city": "", "state": "MO", "area-code": "314"}, {"id": "e81c9350d54f66c6d33b3747eecc5748", "number": "5207602149", "date": "2021-01-22 16:57:00", "subject": "1", "recorded-or-robo": "Y", "city": "", "state": "AZ", "area-code": "520"}]}