{"data": [{"id": "1d36742e3f24f50e4e7ae8280168353f", "number": "7164511012", "date": "2021-01-20 14:18:00", "subject": "4", "recorded-or-robo": "Y", "city": "", "state": "NY", "area-code": "716"}, {"id": "e81c9350d54f66c6d33b3747eed3479f", "number": "4056489741", "date": "2021-01-20 10:28:00", "subject": "2", "recorded-or-robo": "Y", "city": "fredericksburg", "state": "VA", "area-code": "571"}, {"id": "1d36742e3f24f50e4e7ae82801682c9a", "number": "4056489741", "date": "2021-01-20 10:28:00", "subject": "2", "recorded-or-robo": "Y", "city": "fredericksburg", "state": "VA", "area-code": "571"}, {"id": "e81c9350d54f66c6d33b3747eed345c0", "number": "4059380154", "date": "2021-01-22 09:36:00", "subject": "0", "recorded-or-robo": "", "city": "Toms River", "state": "NJ", "area-code": "732"}, {"id": "1d36742e3f24f50e4e7ae82801682926", "number": "4059380154", "date": "2021-01-22 09:36:00", "subject": "0", "recorded-or-robo": "", "city": "Toms River", "state": "NJ", "area-code": "732"}, {"id": "e81c9350d54f66c6d33b3747eed338a4", "number": "2892323985", "date": "2021-01-14 12:09:00", "subject": "2", "recorded-or-robo": "Y", "city": "fredericksburg", "state": "VA", "area-code": "571"}, {"id": "1d36742e3f24f50e4e7ae82801681f9f", "number": "2892323985", "date": "2021-01-14 12:09:00", "subject": "2", "recorded-or-robo": "Y", "city": "fredericksburg", "state": "VA", "area-code": "571"}, {"id": "e81c9350d54f66c6d33b3747eed32b45", "number": "5014133495", "date": "2021-01-22 12:14:00", "subject": "4", "recorded-or-robo": "Y", "city": "PARRISH", "state": "AR", "area-code": "501"}, {"id": "1d36742e3f24f50e4e7ae82801681c92", "number": "5014133495", "date": "2021-01-22 12:14:00", "subject": "4", "recorded-or-robo": "Y", "city": "PARRISH", "state": "AR", "area-code": "501"}, {"id": "e81c9350d54f66c6d33b3747eed32535", "number": "7323789848", "date": "2021-01-21 13:43:00", "subject": "0", "recorded-or-robo": "", "city": "Toms River", "state": "NJ", "area-code": "732"}, {"id": "1d36742e3f24f50e4e7ae82801681111", "number": "7323789848", "date": "2021-01-21 13:43:00", "subject": "0", "recorded-or-robo": "", "city": "Toms River", "state": "NJ", "area-code": "732"}, {"id": "e81c9350d54f66c6d33b3747eed322de", "number": "615239017", "date": "2021-01-23 07:49:00", "subject": "6", "recorded-or-robo": "N", "city": "LaVergne", "state": "TN", "area-code": "615"}, {"id": "1d36742e3f24f50e4e7ae82801680c56", "number": "615239017", "date": "2021-01-23 07:49:00", "subject": "6", "recorded-or-robo": "N", "city": "LaVergne", "state": "TN", "area-code": "615"}, {"id": "e81c9350d54f66c6d33b3747eed31f13", "number": "5017258402", "date": "2021-01-22 12:21:00", "subject": "4", "recorded-or-robo": "Y", "city": "PARRISH", "state": "AR", "area-code": "501"}, {"id": "1d36742e3f24f50e4e7ae828016809fa", "number": "5017258402", "date": "2021-01-22 12:21:00", "subject": "4", "recorded-or-robo": "Y", "city": "PARRISH", "state": "AR", "area-code": "501"}, {"id": "e81c9350d54f66c6d33b3747eed3133a", "number": "5403423992", "date": "2021-01-23 04:01:00", "subject": "1", "recorded-or-robo": "Y", "city": "Roanoke", "state": "VA", "area-code": "540"}, {"id": "1d36742e3f24f50e4e7ae8280167faca", "number": "5403423992", "date": "2021-01-23 04:01:00", "subject": "1", "recorded-or-robo": "Y", "city": "Roanoke", "state": "VA", "area-code": "540"}, {"id": "e81c9350d54f66c6d33b3747eed30cfd", "number": "6012862983", "date": "2021-01-23 08:57:00", "subject": "2", "recorded-or-robo": "Y", "city": "Riverview", "state": "FL", "area-code": "724"}, {"id": "1d36742e3f24f50e4e7ae8280167f014", "number": "6012862983", "date": "2021-01-23 08:57:00", "subject": "2", "recorded-or-robo": "Y", "city": "Riverview", "state": "FL", "area-code": "724"}, {"id": "e81c9350d54f66c6d33b3747eed2fee8", "number": "8603610623", "date": "2021-01-22 16:43:00", "subject": "2", "recorded-or-robo": "Y", "city": "", "state": "CT", "area-code": "860"}, {"id": "1d36742e3f24f50e4e7ae8280167ed6c", "number": "8603610623", "date": "2021-01-22 16:43:00", "subject": "2", "recorded-or-robo": "Y", "city": "", "state": "CT", "area-code": "860"}, {"id": "e81c9350d54f66c6d33b3747eed2f6bb", "number": "3396662713", "date": "2021-01-22 08:00:00", "subject": "2", "recorded-or-robo": "Y", "city": "", "state": "MA", "area-code": "508"}, {"id": "1d36742e3f24f50e4e7ae8280167e748", "number": "3396662713", "date": "2021-01-22 08:00:00", "subject": "2", "recorded-or-robo": "Y", "city": "", "state": "MA", "area-code": "508"}, {"id": "e81c9350d54f66c6d33b3747eed2ebc1", "number": "5012078095", "date": "2021-01-22 17:40:00", "subject": "4", "recorded-or-robo": "Y", "city": "PARRISH", "state": "AR", "area-code": "501"}, {"id": "1d36742e3f24f50e4e7ae8280167e6d3", "number": "5012078095", "date": "2021-01-22 17:40:00", "subject": "4", "recorded-or-robo": "Y", "city": "PARRISH", "state": "AR", "area-code": "501"}, {"id": "e81c9350d54f66c6d33b3747eed2e6c3", "number": "7087211543", "date": "2021-01-22 12:42:00", "subject": "2", "recorded-or-robo": "Y", "city": "Orland Park", "state": "IL", "area-code": "708"}, {"id": "1d36742e3f24f50e4e7ae8280167d850", "number": "7087211543", "date": "2021-01-22 12:42:00", "subject": "2", "recorded-or-robo": "Y", "city": "Orland Park", "state": "IL", "area-code": "708"}, {"id": "e81c9350d54f66c6d33b3747eed2e1d2", "number": "8034087631", "date": "2021-01-23 09:05:00", "subject": "2", "recorded-or-robo": "Y", "city": "Columbia", "state": "SC", "area-code": "803"}, {"id": "1d36742e3f24f50e4e7ae8280167d007", "number": "8034087631", "date": "2021-01-23 09:05:00", "subject": "2", "recorded-or-robo": "Y", "city": "Columbia", "state": "SC", "area-code": "803"}, {"id": "e81c9350d54f66c6d33b3747eed2dcc2", "number": "3396662713", "date": "2021-01-23 09:00:00", "subject": "2", "recorded-or-robo": "Y", "city": "", "state": "MA", "area-code": "508"}, {"id": "1d36742e3f24f50e4e7ae8280167c0ae", "number": "3396662713", "date": "2021-01-23 09:00:00", "subject": "2", "recorded-or-robo": "Y", "city": "", "state": "MA", "area-code": "508"}, {"id": "e81c9350d54f66c6d33b3747eed2d980", "number": "4806811715", "date": "2021-01-22 12:06:00", "subject": "1", "recorded-or-robo": "Y", "city": "North Las Vegas", "state": "NV", "area-code": "702"}, {"id": "1d36742e3f24f50e4e7ae8280167b511", "number": "4806811715", "date": "2021-01-22 12:06:00", "subject": "1", "recorded-or-robo": "Y", "city": "North Las Vegas", "state": "NV", "area-code": "702"}, {"id": "e81c9350d54f66c6d33b3747eed2d35d", "number": "8603442223", "date": "2021-01-22 16:24:00", "subject": "2", "recorded-or-robo": "Y", "city": "", "state": "CT", "area-code": "860"}, {"id": "1d36742e3f24f50e4e7ae8280167b405", "number": "8603442223", "date": "2021-01-22 16:24:00", "subject": "2", "recorded-or-robo": "Y", "city": "", "state": "CT", "area-code": "860"}, {"id": "e81c9350d54f66c6d33b3747eed2d032", "number": "4146002626", "date": "2021-01-22 14:52:00", "subject": "2", "recorded-or-robo": "", "city": "", "state": "WI", "area-code": "414"}, {"id": "1d36742e3f24f50e4e7ae8280167aa8e", "number": "4146002626", "date": "2021-01-22 14:52:00", "subject": "2", "recorded-or-robo": "", "city": "", "state": "WI", "area-code": "414"}, {"id": "e81c9350d54f66c6d33b3747eed2ccf7", "number": "7062384122", "date": "2021-01-23 09:04:00", "subject": "0", "recorded-or-robo": "Y", "city": "", "state": "GA", "area-code": "706"}, {"id": "1d36742e3f24f50e4e7ae8280167a883", "number": "7062384122", "date": "2021-01-23 09:04:00", "subject": "0", "recorded-or-robo": "Y", "city": "", "state": "GA", "area-code": "706"}, {"id": "e81c9350d54f66c6d33b3747eed2cb58", "number": "6012862280", "date": "2021-01-23 00:00:00", "subject": "2", "recorded-or-robo": "Y", "city": "Riverview", "state": "FL", "area-code": "724"}, {"id": "1d36742e3f24f50e4e7ae8280167a425", "number": "6012862280", "date": "2021-01-23 00:00:00", "subject": "2", "recorded-or-robo": "Y", "city": "Riverview", "state": "FL", "area-code": "724"}, {"id": "e81c9350d54f66c6d33b3747eed2c8ad", "number": "4145237686", "date": "2021-01-22 13:37:00", "subject": "2", "recorded-or-robo": "", "city": "", "state": "WI", "area-code": "414"}, {"id": "1d36742e3f24f50e4e7ae82801679c32", "number": "4145237686", "date": "2021-01-22 13:37:00", "subject": "2", "recorded-or-robo": "", "city": "", "state": "WI", "area-code": "414"}, {"id": "e81c9350d54f66c6d33b3747eed2c29a", "number": "2488539826", "date": "2021-01-15 13:05:00", "subject": "3", "recorded-or-robo": "", "city": "", "state": "NJ", "area-code": "973"}, {"id": "1d36742e3f24f50e4e7ae82801679148", "number": "2488539826", "date": "2021-01-15 13:05:00", "subject": "3", "recorded-or-robo": "", "city": "", "state": "NJ", "area-code": "973"}, {"id": "e81c9350d54f66c6d33b3747eed2c103", "number": "4146002626", "date": "2021-01-22 10:56:00", "subject": "2", "recorded-or-robo": "", "city": "", "state": "WI", "area-code": "414"}, {"id": "1d36742e3f24f50e4e7ae82801678bf0", "number": "4146002626", "date": "2021-01-22 10:56:00", "subject": "2", "recorded-or-robo": "", "city": "", "state": "WI", "area-code": "414"}, {"id": "e81c9350d54f66c6d33b3747eed2b60a", "number": "8603668487", "date": "2021-01-22 16:05:00", "subject": "2", "recorded-or-robo": "Y", "city": "", "state": "CT", "area-code": "860"}, {"id": "1d36742e3f24f50e4e7ae82801677d74", "number": "8603668487", "date": "2021-01-22 16:05:00", "subject": "2", "recorded-or-robo": "Y", "city": "", "state": "CT", "area-code": "860"}, {"id": "e81c9350d54f66c6d33b3747eed2a7fd", "number": "9622316", "date": "2021-01-22 16:20:00", "subject": "2", "recorded-or-robo": "N", "city": "Yorktown Hts", "state": "NY", "area-code": "914"}]}