{"data": [{"id": "1d36742e3f24f50e4e7ae8280161909d", "number": "5207602149", "date": "2021-01-22 16:57:00", "subject": "1", "recorded-or-robo": "Y", "city": "", "state": "AZ", "area-code": "520"}, {"id": "e81c9350d54f66c6d33b3747eecc4ca7", "number": "9739632472", "date": "2021-01-22 16:03:00", "subject": "2", "recorded-or-robo": "Y", "city": "", "state": "NJ", "area-code": "973"}, {"id": "1d36742e3f24f50e4e7ae82801618f88", "number": "9739632472", "date": "2021-01-22 16:03:00", "subject": "2", "recorded-or-robo": "Y", "city": "", "state": "NJ", "area-code": "973"}, {"id": "e81c9350d54f66c6d33b3747eecc3cee", "number": "8637648243", "date": "2021-01-22 14:50:00", "subject": "9", "recorded-or-robo": "Y", "city": "Fort Lauderdale", "state": "FL", "area-code": "954"}, {"id": "1d36742e3f24f50e4e7ae828016181d1", "number": "8637648243", "date": "2021-01-22 14:50:00", "subject": "9", "recorded-or-robo": "Y", "city": "Fort Lauderdale", "state": "FL", "area-code": "954"}, {"id": "e81c9350d54f66c6d33b3747eecc2fa7", "number": "7157250436", "date": "2021-01-22 18:38:00", "subject": "0", "recorded-or-robo": "N", "city": "", "state": "WI", "area-code": "715"}, {"id": "1d36742e3f24f50e4e7ae828016177c1", "number": "7157250436", "date": "2021-01-22 18:38:00", "subject": "0", "recorded-or-robo": "N", "city": "", "state": "WI", "area-code": "715"}, {"id": "3decc6bfadaa436a105714c6ba54c7df", "number": "+16012584726", "date": "2021-01-23 07:43:27", "subject": "3", "recorded-or-robo": "N", "city": "", "state": "CA", "area-code": "323"}, {"id": "1d36742e3f24f50e4e7ae82801eae1bb", "number": "+16012584726", "date": "2021-01-23 07:43:27", "subject": "3", "recorded-or-robo": "N", "city": "", "state": "CA", "area-code": "323"}, {"id": "e81c9350d54f66c6d33b3747eecc2a70", "number": "7152272888", "date": "2021-01-22 15:55:00", "subject": "0", "recorded-or-robo": "N", "city": "", "state": "WI", "area-code": "715"}, {"id": "1d36742e3f24f50e4e7ae82801616dfc", "number": "7152272888", "date": "2021-01-22 15:55:00", "subject": "0", "recorded-or-robo": "N", "city": "", "state": "WI", "area-code": "715"}, {"id": "e81c9350d54f66c6d33b3747eecc2891", "number": "6188440078", "date": "2021-01-22 09:03:00", "subject": "2", "recorded-or-robo": "Y", "city": "", "state": "IL", "area-code": "630"}, {"id": "1d36742e3f24f50e4e7ae82801616322", "number": "6188440078", "date": "2021-01-22 09:03:00", "subject": "2", "recorded-or-robo": "Y", "city": "", "state": "IL", "area-code": "630"}, {"id": "e81c9350d54f66c6d33b3747eecc26d1", "number": "4078438429", "date": "2021-01-21 19:25:00", "subject": "0", "recorded-or-robo": "N", "city": "Valley Cottage", "state": "NY", "area-code": "917"}, {"id": "1d36742e3f24f50e4e7ae82801615cdd", "number": "4078438429", "date": "2021-01-21 19:25:00", "subject": "0", "recorded-or-robo": "N", "city": "Valley Cottage", "state": "NY", "area-code": "917"}, {"id": "e81c9350d54f66c6d33b3747eecc1829", "number": "6147291376", "date": "2021-01-22 14:28:00", "subject": "3", "recorded-or-robo": "Y", "city": "", "state": "OH", "area-code": "614"}, {"id": "1d36742e3f24f50e4e7ae8280161528b", "number": "6147291376", "date": "2021-01-22 14:28:00", "subject": "3", "recorded-or-robo": "Y", "city": "", "state": "OH", "area-code": "614"}, {"id": "e81c9350d54f66c6d33b3747eecc0859", "number": "3476738788", "date": "2021-01-22 11:37:00", "subject": "3", "recorded-or-robo": "", "city": "", "state": "MO", "area-code": "314"}, {"id": "1d36742e3f24f50e4e7ae82801614153", "number": "3476738788", "date": "2021-01-22 11:37:00", "subject": "3", "recorded-or-robo": "", "city": "", "state": "MO", "area-code": "314"}, {"id": "e81c9350d54f66c6d33b3747eecc08fd", "number": "Press1", "date": "2021-01-23 12:24:00", "subject": "2", "recorded-or-robo": "Y", "city": "Liverpool", "state": "", "area-code": ""}, {"id": "1d36742e3f24f50e4e7ae82801614e79", "number": "Press1", "date": "2021-01-23 12:24:00", "subject": "2", "recorded-or-robo": "Y", "city": "Liverpool", "state": "", "area-code": ""}, {"id": "e81c9350d54f66c6d33b3747eecc0208", "number": "9135635535", "date": "2021-01-22 18:26:00", "subject": "2", "recorded-or-robo": "N", "city": "State Road", "state": "NC", "area-code": "336"}, {"id": "1d36742e3f24f50e4e7ae82801613c98", "number": "9135635535", "date": "2021-01-22 18:26:00", "subject": "2", "recorded-or-robo": "N", "city": "State Road", "state": "NC", "area-code": "336"}, {"id": "e81c9350d54f66c6d33b3747eecbfb47", "number": "5013807333", "date": "2021-01-21 08:30:00", "subject": "1", "recorded-or-robo": "N", "city": "Pangburn", "state": "AR", "area-code": "501"}, {"id": "1d36742e3f24f50e4e7ae82801612da8", "number": "5013807333", "date": "2021-01-21 08:30:00", "subject": "1", "recorded-or-robo": "N", "city": "Pangburn", "state": "AR", "area-code": "501"}, {"id": "e81c9350d54f66c6d33b3747eecbf604", "number": "", "date": "2021-01-22 13:43:00", "subject": "9", "recorded-or-robo": "Y", "city": "Fishers", "state": "IN", "area-code": "765"}, {"id": "1d36742e3f24f50e4e7ae82801612100", "number": "", "date": "2021-01-22 13:43:00", "subject": "9", "recorded-or-robo": "Y", "city": "Fishers", "state": "IN", "area-code": "765"}, {"id": "e81c9350d54f66c6d33b3747eecbf47e", "number": "3522851665", "date": "2021-01-20 15:13:00", "subject": "2", "recorded-or-robo": "", "city": "dunnellon", "state": "FL", "area-code": "352"}, {"id": "e81c9350d54f66c6d33b3747eecbe823", "number": "7195450300", "date": "2021-01-22 18:14:00", "subject": "0", "recorded-or-robo": "Y", "city": "Colorado Springs", "state": "CO", "area-code": "719"}, {"id": "1d36742e3f24f50e4e7ae82801611b1d", "number": "3522851665", "date": "2021-01-20 15:13:00", "subject": "2", "recorded-or-robo": "", "city": "dunnellon", "state": "FL", "area-code": "352"}, {"id": "1d36742e3f24f50e4e7ae82801611488", "number": "7195450300", "date": "2021-01-22 18:14:00", "subject": "0", "recorded-or-robo": "Y", "city": "Colorado Springs", "state": "CO", "area-code": "719"}, {"id": "e81c9350d54f66c6d33b3747eecbdfa4", "number": "8776512270", "date": "2021-01-22 13:59:00", "subject": "0", "recorded-or-robo": "Y", "city": "Colorado Springs", "state": "CO", "area-code": "719"}, {"id": "1d36742e3f24f50e4e7ae82801610dd2", "number": "8776512270", "date": "2021-01-22 13:59:00", "subject": "0", "recorded-or-robo": "Y", "city": "Colorado Springs", "state": "CO", "area-code": "719"}, {"id": "e81c9350d54f66c6d33b3747eecbd73d", "number": "3522146556", "date": "2021-01-21 09:48:00", "subject": "2", "recorded-or-robo": "", "city": "dunnellon", "state": "FL", "area-code": "352"}, {"id": "1d36742e3f24f50e4e7ae8280160ffbf", "number": "3522146556", "date": "2021-01-21 09:48:00", "subject": "2", "recorded-or-robo": "", "city": "dunnellon", "state": "FL", "area-code": "352"}, {"id": "e81c9350d54f66c6d33b3747eecbc901", "number": "9135635535", "date": "2021-01-22 18:26:00", "subject": "2", "recorded-or-robo": "N", "city": "State Road", "state": "NC", "area-code": "336"}, {"id": "1d36742e3f24f50e4e7ae8280160f8dc", "number": "9135635535", "date": "2021-01-22 18:26:00", "subject": "2", "recorded-or-robo": "N", "city": "State Road", "state": "NC", "area-code": "336"}, {"id": "e81c9350d54f66c6d33b3747eecbbe5b", "number": "8008834593", "date": "2021-01-23 07:02:00", "subject": "2", "recorded-or-robo": "Y", "city": "Fayetteville", "state": "NC", "area-code": "910"}, {"id": "1d36742e3f24f50e4e7ae8280160f00e", "number": "8008834593", "date": "2021-01-23 07:02:00", "subject": "2", "recorded-or-robo": "Y", "city": "Fayetteville", "state": "NC", "area-code": "910"}, {"id": "e81c9350d54f66c6d33b3747eecbb346", "number": "8448725986", "date": "2021-01-21 12:35:00", "subject": "2", "recorded-or-robo": "", "city": "dunnellon", "state": "FL", "area-code": "352"}, {"id": "1d36742e3f24f50e4e7ae8280160e711", "number": "8448725986", "date": "2021-01-21 12:35:00", "subject": "2", "recorded-or-robo": "", "city": "dunnellon", "state": "FL", "area-code": "352"}, {"id": "e81c9350d54f66c6d33b3747eecbb1d2", "number": "9802305748", "date": "2021-01-22 11:17:00", "subject": "2", "recorded-or-robo": "N", "city": "Charlotte", "state": "NC", "area-code": "980"}, {"id": "1d36742e3f24f50e4e7ae8280160e6d3", "number": "9802305748", "date": "2021-01-22 11:17:00", "subject": "2", "recorded-or-robo": "N", "city": "Charlotte", "state": "NC", "area-code": "980"}, {"id": "e81c9350d54f66c6d33b3747eecbaf66", "number": "3522550164", "date": "2021-01-21 13:51:00", "subject": "2", "recorded-or-robo": "", "city": "dunnellon", "state": "FL", "area-code": "352"}, {"id": "1d36742e3f24f50e4e7ae8280160de5e", "number": "3522550164", "date": "2021-01-21 13:51:00", "subject": "2", "recorded-or-robo": "", "city": "dunnellon", "state": "FL", "area-code": "352"}, {"id": "e81c9350d54f66c6d33b3747eecba464", "number": "9177479746", "date": "2021-01-22 16:58:00", "subject": "1", "recorded-or-robo": "Y", "city": "", "state": "NY", "area-code": "917"}, {"id": "1d36742e3f24f50e4e7ae8280160d07a", "number": "9177479746", "date": "2021-01-22 16:58:00", "subject": "1", "recorded-or-robo": "Y", "city": "", "state": "NY", "area-code": "917"}, {"id": "e81c9350d54f66c6d33b3747eecb9a3d", "number": "3522208375", "date": "2021-01-22 13:20:00", "subject": "2", "recorded-or-robo": "", "city": "dunnellon", "state": "FL", "area-code": "352"}, {"id": "1d36742e3f24f50e4e7ae8280160c5a1", "number": "3522208375", "date": "2021-01-22 13:20:00", "subject": "2", "recorded-or-robo": "", "city": "dunnellon", "state": "FL", "area-code": "352"}, {"id": "e81c9350d54f66c6d33b3747eecb94c9", "number": "6784313990", "date": "2021-01-22 09:27:00", "subject": "4", "recorded-or-robo": "Y", "city": "", "state": "GA", "area-code": "678"}]}