{"data": [{"id": "1d36742e3f24f50e4e7ae828011b2ac4", "number": "4076208640", "date": "2021-01-19 15:31:00", "subject": "2", "recorded-or-robo": "Y", "city": "TAMPA", "state": "FL", "area-code": "813"}, {"id": "e81c9350d54f66c6d33b3747eeaeb2bf", "number": "+12816615982", "date": "2021-01-22 20:49:17", "subject": "3", "recorded-or-robo": "Y", "city": "", "state": "TX", "area-code": "346"}, {"id": "1d36742e3f24f50e4e7ae8280143754d", "number": "+12816615982", "date": "2021-01-22 20:49:17", "subject": "3", "recorded-or-robo": "Y", "city": "", "state": "TX", "area-code": "346"}, {"id": "e81c9350d54f66c6d33b3747ee85a5c0", "number": "5109626257", "date": "2021-01-22 13:20:00", "subject": "5", "recorded-or-robo": "N", "city": "suncity west", "state": "AZ", "area-code": "623"}, {"id": "1d36742e3f24f50e4e7ae828011b241c", "number": "5109626257", "date": "2021-01-22 13:20:00", "subject": "5", "recorded-or-robo": "N", "city": "suncity west", "state": "AZ", "area-code": "623"}, {"id": "e81c9350d54f66c6d33b3747eeae6fee", "number": "+14237785578", "date": "2021-01-22 20:49:12", "subject": "3", "recorded-or-robo": "Y", "city": "", "state": "TN", "area-code": "423"}, {"id": "1d36742e3f24f50e4e7ae828014319a0", "number": "+14237785578", "date": "2021-01-22 20:49:12", "subject": "3", "recorded-or-robo": "Y", "city": "", "state": "TN", "area-code": "423"}, {"id": "e81c9350d54f66c6d33b3747eeaee7cf", "number": "2407828679", "date": "2021-01-22 20:49:09", "subject": "3", "recorded-or-robo": "Y", "city": "", "state": "NJ", "area-code": "201"}, {"id": "1d36742e3f24f50e4e7ae82801439e5d", "number": "2407828679", "date": "2021-01-22 20:49:09", "subject": "3", "recorded-or-robo": "Y", "city": "", "state": "NJ", "area-code": "201"}, {"id": "e81c9350d54f66c6d33b3747eeae9a4e", "number": "4804372816", "date": "2021-01-22 20:49:05", "subject": "3", "recorded-or-robo": "Y", "city": "", "state": "AZ", "area-code": "480"}, {"id": "1d36742e3f24f50e4e7ae828014355d1", "number": "4804372816", "date": "2021-01-22 20:49:05", "subject": "3", "recorded-or-robo": "Y", "city": "", "state": "AZ", "area-code": "480"}, {"id": "e81c9350d54f66c6d33b3747eeaeecfe", "number": "7252080790", "date": "2021-01-22 20:48:49", "subject": "3", "recorded-or-robo": "Y", "city": "", "state": "NV", "area-code": "725"}, {"id": "1d36742e3f24f50e4e7ae8280143b824", "number": "7252080790", "date": "2021-01-22 20:48:49", "subject": "3", "recorded-or-robo": "Y", "city": "", "state": "NV", "area-code": "725"}, {"id": "e81c9350d54f66c6d33b3747ee85a209", "number": "6073472532", "date": "2021-01-22 13:58:00", "subject": "3", "recorded-or-robo": "Y", "city": "garland", "state": "TX", "area-code": "972"}, {"id": "1d36742e3f24f50e4e7ae828011b1fba", "number": "6073472532", "date": "2021-01-22 13:58:00", "subject": "3", "recorded-or-robo": "Y", "city": "garland", "state": "TX", "area-code": "972"}, {"id": "e81c9350d54f66c6d33b3747eeaf2826", "number": "4075642712", "date": "2021-01-22 20:48:17", "subject": "3", "recorded-or-robo": "N", "city": "", "state": "FL", "area-code": "407"}, {"id": "e81c9350d54f66c6d33b3747ee859502", "number": "7046307585", "date": "2021-01-22 15:56:00", "subject": "0", "recorded-or-robo": "N", "city": "Cherryville", "state": "NC", "area-code": "704"}, {"id": "1d36742e3f24f50e4e7ae828014409a1", "number": "4075642712", "date": "2021-01-22 20:48:17", "subject": "3", "recorded-or-robo": "N", "city": "", "state": "FL", "area-code": "407"}, {"id": "1d36742e3f24f50e4e7ae828011b1e92", "number": "7046307585", "date": "2021-01-22 15:56:00", "subject": "0", "recorded-or-robo": "N", "city": "Cherryville", "state": "NC", "area-code": "704"}, {"id": "e81c9350d54f66c6d33b3747eeaea306", "number": "4075642712", "date": "2021-01-22 20:48:15", "subject": "3", "recorded-or-robo": "N", "city": "", "state": "FL", "area-code": "407"}, {"id": "1d36742e3f24f50e4e7ae828014365a3", "number": "4075642712", "date": "2021-01-22 20:48:15", "subject": "3", "recorded-or-robo": "N", "city": "", "state": "FL", "area-code": "407"}, {"id": "e81c9350d54f66c6d33b3747ee858f6c", "number": "9013843188", "date": "2021-01-20 11:38:00", "subject": "2", "recorded-or-robo": "Y", "city": "", "state": "TN", "area-code": "901"}, {"id": "1d36742e3f24f50e4e7ae828011b190a", "number": "9013843188", "date": "2021-01-20 11:38:00", "subject": "2", "recorded-or-robo": "Y", "city": "", "state": "TN", "area-code": "901"}, {"id": "e81c9350d54f66c6d33b3747eeaee8cf", "number": "+14122932283", "date": "2021-01-22 20:48:03", "subject": "3", "recorded-or-robo": "Y", "city": "", "state": "PA", "area-code": "412"}, {"id": "1d36742e3f24f50e4e7ae8280143aa5b", "number": "+14122932283", "date": "2021-01-22 20:48:03", "subject": "3", "recorded-or-robo": "Y", "city": "", "state": "PA", "area-code": "412"}, {"id": "e81c9350d54f66c6d33b3747ee85816e", "number": "6465640814", "date": "2021-01-22 20:30:00", "subject": "15", "recorded-or-robo": "Y", "city": "WEST NEW YORK", "state": "NJ", "area-code": "646"}, {"id": "1d36742e3f24f50e4e7ae828011b118a", "number": "6465640814", "date": "2021-01-22 20:30:00", "subject": "15", "recorded-or-robo": "Y", "city": "WEST NEW YORK", "state": "NJ", "area-code": "646"}, {"id": "e81c9350d54f66c6d33b3747eead9b0e", "number": "5028296497", "date": "2021-01-22 20:47:45", "subject": "3", "recorded-or-robo": "Y", "city": "", "state": "KY", "area-code": "502"}, {"id": "1d36742e3f24f50e4e7ae82801424cae", "number": "5028296497", "date": "2021-01-22 20:47:45", "subject": "3", "recorded-or-robo": "Y", "city": "", "state": "KY", "area-code": "502"}, {"id": "e81c9350d54f66c6d33b3747ee8580bb", "number": "9724284199", "date": "2021-01-22 10:49:00", "subject": "3", "recorded-or-robo": "Y", "city": "garland", "state": "TX", "area-code": "972"}, {"id": "1d36742e3f24f50e4e7ae828011b0e97", "number": "9724284199", "date": "2021-01-22 10:49:00", "subject": "3", "recorded-or-robo": "Y", "city": "garland", "state": "TX", "area-code": "972"}, {"id": "e81c9350d54f66c6d33b3747eead5981", "number": "9543273963", "date": "2021-01-22 20:47:37", "subject": "3", "recorded-or-robo": "Y", "city": "", "state": "FL", "area-code": "305"}, {"id": "1d36742e3f24f50e4e7ae82801421315", "number": "9543273963", "date": "2021-01-22 20:47:37", "subject": "3", "recorded-or-robo": "Y", "city": "", "state": "FL", "area-code": "305"}, {"id": "e81c9350d54f66c6d33b3747ee857418", "number": "8332065319", "date": "2021-01-18 08:30:00", "subject": "1", "recorded-or-robo": "Y", "city": "CORONA", "state": "CA", "area-code": "714"}, {"id": "1d36742e3f24f50e4e7ae828011afece", "number": "8332065319", "date": "2021-01-18 08:30:00", "subject": "1", "recorded-or-robo": "Y", "city": "CORONA", "state": "CA", "area-code": "714"}, {"id": "e81c9350d54f66c6d33b3747ee856482", "number": "3144978502", "date": "2021-01-22 12:00:00", "subject": "2", "recorded-or-robo": "Y", "city": "St. Louis", "state": "MO", "area-code": "314"}, {"id": "1d36742e3f24f50e4e7ae828011af27c", "number": "3144978502", "date": "2021-01-22 12:00:00", "subject": "2", "recorded-or-robo": "Y", "city": "St. Louis", "state": "MO", "area-code": "314"}, {"id": "e81c9350d54f66c6d33b3747ee8562e0", "number": "8132854792", "date": "2021-01-19 16:04:00", "subject": "2", "recorded-or-robo": "Y", "city": "TAMPA", "state": "FL", "area-code": "813"}, {"id": "1d36742e3f24f50e4e7ae828011ae5a9", "number": "8132854792", "date": "2021-01-19 16:04:00", "subject": "2", "recorded-or-robo": "Y", "city": "TAMPA", "state": "FL", "area-code": "813"}, {"id": "e81c9350d54f66c6d33b3747ee855518", "number": "7602303378", "date": "2021-01-22 14:50:00", "subject": "11", "recorded-or-robo": "Y", "city": "", "state": "CA", "area-code": "408"}, {"id": "1d36742e3f24f50e4e7ae828011adaa8", "number": "7602303378", "date": "2021-01-22 14:50:00", "subject": "11", "recorded-or-robo": "Y", "city": "", "state": "CA", "area-code": "408"}, {"id": "e81c9350d54f66c6d33b3747ee854ba7", "number": "8562813596", "date": "2021-01-21 15:09:00", "subject": "6", "recorded-or-robo": "Y", "city": "Wilmington", "state": "DE", "area-code": "302"}, {"id": "1d36742e3f24f50e4e7ae828011ad5d3", "number": "8562813596", "date": "2021-01-21 15:09:00", "subject": "6", "recorded-or-robo": "Y", "city": "Wilmington", "state": "DE", "area-code": "302"}, {"id": "e81c9350d54f66c6d33b3747ee85461f", "number": "", "date": "2021-01-22 12:00:00", "subject": "2", "recorded-or-robo": "Y", "city": "", "state": "MO", "area-code": "314"}, {"id": "1d36742e3f24f50e4e7ae828011acaab", "number": "", "date": "2021-01-22 12:00:00", "subject": "2", "recorded-or-robo": "Y", "city": "", "state": "MO", "area-code": "314"}, {"id": "e81c9350d54f66c6d33b3747ee853cef", "number": "9099413419", "date": "2021-01-22 09:15:00", "subject": "0", "recorded-or-robo": "Y", "city": "", "state": "CA", "area-code": "323"}, {"id": "1d36742e3f24f50e4e7ae828011ac0a4", "number": "9099413419", "date": "2021-01-22 09:15:00", "subject": "0", "recorded-or-robo": "Y", "city": "", "state": "CA", "area-code": "323"}, {"id": "e81c9350d54f66c6d33b3747ee8535af", "number": "2535351041", "date": "2021-01-22 15:12:00", "subject": "6", "recorded-or-robo": "Y", "city": "Toledo", "state": "OH", "area-code": "419"}, {"id": "1d36742e3f24f50e4e7ae828011ab41a", "number": "2535351041", "date": "2021-01-22 15:12:00", "subject": "6", "recorded-or-robo": "Y", "city": "Toledo", "state": "OH", "area-code": "419"}, {"id": "e81c9350d54f66c6d33b3747ee852e3e", "number": "9013124033", "date": "2021-01-22 18:37:00", "subject": "2", "recorded-or-robo": "Y", "city": "", "state": "TN", "area-code": "901"}]}