{"data": [{"id": "1d36742e3f24f50e4e7ae828014ff7ac", "number": "4077980296", "date": "2021-01-22 22:25:47", "subject": "3", "recorded-or-robo": "Y", "city": "", "state": "FL", "area-code": "407"}, {"id": "e81c9350d54f66c6d33b3747eebb7542", "number": "+18053037220", "date": "2021-01-22 22:25:37", "subject": "3", "recorded-or-robo": "N", "city": "", "state": "CA", "area-code": "805"}, {"id": "1d36742e3f24f50e4e7ae82801508964", "number": "+18053037220", "date": "2021-01-22 22:25:37", "subject": "3", "recorded-or-robo": "N", "city": "", "state": "CA", "area-code": "805"}, {"id": "e81c9350d54f66c6d33b3747eebb681a", "number": "2197436748", "date": "2021-01-22 22:25:34", "subject": "3", "recorded-or-robo": "Y", "city": "", "state": "TX", "area-code": "832"}, {"id": "1d36742e3f24f50e4e7ae828015084ae", "number": "2197436748", "date": "2021-01-22 22:25:34", "subject": "3", "recorded-or-robo": "Y", "city": "", "state": "TX", "area-code": "832"}, {"id": "e81c9350d54f66c6d33b3747eebb34f1", "number": "8062909943", "date": "2021-01-22 22:25:21", "subject": "3", "recorded-or-robo": "Y", "city": "", "state": "TX", "area-code": "210"}, {"id": "1d36742e3f24f50e4e7ae82801505856", "number": "8062909943", "date": "2021-01-22 22:25:21", "subject": "3", "recorded-or-robo": "Y", "city": "", "state": "TX", "area-code": "210"}, {"id": "e81c9350d54f66c6d33b3747eebb51fc", "number": "+18053037244", "date": "2021-01-22 22:25:15", "subject": "3", "recorded-or-robo": "N", "city": "", "state": "CA", "area-code": "805"}, {"id": "1d36742e3f24f50e4e7ae82801506d30", "number": "+18053037244", "date": "2021-01-22 22:25:15", "subject": "3", "recorded-or-robo": "N", "city": "", "state": "CA", "area-code": "805"}, {"id": "e81c9350d54f66c6d33b3747eebb249f", "number": "4092543707", "date": "2021-01-22 22:24:51", "subject": "3", "recorded-or-robo": "Y", "city": "", "state": "TX", "area-code": "210"}, {"id": "1d36742e3f24f50e4e7ae82801503b61", "number": "4092543707", "date": "2021-01-22 22:24:51", "subject": "3", "recorded-or-robo": "Y", "city": "", "state": "TX", "area-code": "210"}, {"id": "e81c9350d54f66c6d33b3747eebaf699", "number": "2143523978", "date": "2021-01-22 22:24:27", "subject": "3", "recorded-or-robo": "Y", "city": "", "state": "TX", "area-code": "214"}, {"id": "1d36742e3f24f50e4e7ae828015014f3", "number": "2143523978", "date": "2021-01-22 22:24:27", "subject": "3", "recorded-or-robo": "Y", "city": "", "state": "TX", "area-code": "214"}, {"id": "e81c9350d54f66c6d33b3747eebaf87a", "number": "8172603729", "date": "2021-01-22 22:24:26", "subject": "3", "recorded-or-robo": "Y", "city": "", "state": "TX", "area-code": "210"}, {"id": "1d36742e3f24f50e4e7ae82801502118", "number": "8172603729", "date": "2021-01-22 22:24:26", "subject": "3", "recorded-or-robo": "Y", "city": "", "state": "TX", "area-code": "210"}, {"id": "e81c9350d54f66c6d33b3747eebb31fb", "number": "5627810330", "date": "2021-01-22 22:24:22", "subject": "3", "recorded-or-robo": "Y", "city": "", "state": "CA", "area-code": "949"}, {"id": "1d36742e3f24f50e4e7ae82801505313", "number": "5627810330", "date": "2021-01-22 22:24:22", "subject": "3", "recorded-or-robo": "Y", "city": "", "state": "CA", "area-code": "949"}, {"id": "e81c9350d54f66c6d33b3747eebaccbc", "number": "+17028039707", "date": "2021-01-22 22:24:04", "subject": "3", "recorded-or-robo": "N", "city": "", "state": "NV", "area-code": "702"}, {"id": "1d36742e3f24f50e4e7ae828014ff876", "number": "+17028039707", "date": "2021-01-22 22:24:04", "subject": "3", "recorded-or-robo": "N", "city": "", "state": "NV", "area-code": "702"}, {"id": "e81c9350d54f66c6d33b3747eebaba53", "number": "2082730014", "date": "2021-01-22 22:23:59", "subject": "3", "recorded-or-robo": "Y", "city": "", "state": "ID", "area-code": "208"}, {"id": "1d36742e3f24f50e4e7ae828014ff448", "number": "2082730014", "date": "2021-01-22 22:23:59", "subject": "3", "recorded-or-robo": "Y", "city": "", "state": "ID", "area-code": "208"}, {"id": "e81c9350d54f66c6d33b3747eeba42ec", "number": "+19739639701", "date": "2021-01-22 22:23:13", "subject": "3", "recorded-or-robo": "N", "city": "", "state": "NJ", "area-code": "973"}, {"id": "e81c9350d54f66c6d33b3747eeba2b32", "number": "8172428675", "date": "2021-01-22 22:23:13", "subject": "3", "recorded-or-robo": "Y", "city": "", "state": "TX", "area-code": "254"}, {"id": "1d36742e3f24f50e4e7ae828014f6c5d", "number": "+19739639701", "date": "2021-01-22 22:23:13", "subject": "3", "recorded-or-robo": "N", "city": "", "state": "NJ", "area-code": "973"}, {"id": "1d36742e3f24f50e4e7ae828014f5a87", "number": "8172428675", "date": "2021-01-22 22:23:13", "subject": "3", "recorded-or-robo": "Y", "city": "", "state": "TX", "area-code": "254"}, {"id": "e81c9350d54f66c6d33b3747eeba9876", "number": "+18035009621", "date": "2021-01-22 22:23:05", "subject": "3", "recorded-or-robo": "Y", "city": "", "state": "SC", "area-code": "803"}, {"id": "1d36742e3f24f50e4e7ae828014fbed1", "number": "+18035009621", "date": "2021-01-22 22:23:05", "subject": "3", "recorded-or-robo": "Y", "city": "", "state": "SC", "area-code": "803"}, {"id": "e81c9350d54f66c6d33b3747eebaa751", "number": "+18623106288", "date": "2021-01-22 22:22:54", "subject": "3", "recorded-or-robo": "N", "city": "", "state": "NJ", "area-code": "973"}, {"id": "1d36742e3f24f50e4e7ae828014fd5a1", "number": "+18623106288", "date": "2021-01-22 22:22:54", "subject": "3", "recorded-or-robo": "N", "city": "", "state": "NJ", "area-code": "973"}, {"id": "e81c9350d54f66c6d33b3747eebaaab9", "number": "2087405714", "date": "2021-01-22 22:22:50", "subject": "3", "recorded-or-robo": "Y", "city": "", "state": "ID", "area-code": "208"}, {"id": "1d36742e3f24f50e4e7ae828014fddd5", "number": "2087405714", "date": "2021-01-22 22:22:50", "subject": "3", "recorded-or-robo": "Y", "city": "", "state": "ID", "area-code": "208"}, {"id": "e81c9350d54f66c6d33b3747eeba5634", "number": "7042108665", "date": "2021-01-22 22:22:34", "subject": "3", "recorded-or-robo": "Y", "city": "", "state": "ID", "area-code": "208"}, {"id": "1d36742e3f24f50e4e7ae828014f882b", "number": "7042108665", "date": "2021-01-22 22:22:34", "subject": "3", "recorded-or-robo": "Y", "city": "", "state": "ID", "area-code": "208"}, {"id": "e81c9350d54f66c6d33b3747eeba7e38", "number": "4847278608", "date": "2021-01-22 22:22:18", "subject": "3", "recorded-or-robo": "N", "city": "", "state": "PA", "area-code": "267"}, {"id": "1d36742e3f24f50e4e7ae828014fab43", "number": "4847278608", "date": "2021-01-22 22:22:18", "subject": "3", "recorded-or-robo": "N", "city": "", "state": "PA", "area-code": "267"}, {"id": "e81c9350d54f66c6d33b3747eeba4e97", "number": "4847278608", "date": "2021-01-22 22:22:16", "subject": "3", "recorded-or-robo": "N", "city": "", "state": "PA", "area-code": "267"}, {"id": "1d36742e3f24f50e4e7ae828014f785c", "number": "4847278608", "date": "2021-01-22 22:22:16", "subject": "3", "recorded-or-robo": "N", "city": "", "state": "PA", "area-code": "267"}, {"id": "e81c9350d54f66c6d33b3747ee924a7a", "number": "6163278854", "date": "2021-01-22 18:57:00", "subject": "3", "recorded-or-robo": "Y", "city": "", "state": "MI", "area-code": "734"}, {"id": "1d36742e3f24f50e4e7ae8280127c89b", "number": "6163278854", "date": "2021-01-22 18:57:00", "subject": "3", "recorded-or-robo": "Y", "city": "", "state": "MI", "area-code": "734"}, {"id": "e81c9350d54f66c6d33b3747eebaa5b5", "number": "+16199370931", "date": "2021-01-22 22:21:25", "subject": "3", "recorded-or-robo": "N", "city": "", "state": "CA", "area-code": "619"}, {"id": "1d36742e3f24f50e4e7ae828014fcd75", "number": "+16199370931", "date": "2021-01-22 22:21:25", "subject": "3", "recorded-or-robo": "N", "city": "", "state": "CA", "area-code": "619"}, {"id": "e81c9350d54f66c6d33b3747ee9248e9", "number": "5184187956", "date": "2021-01-22 12:28:00", "subject": "1", "recorded-or-robo": "Y", "city": "DANBY", "state": "VT", "area-code": "207"}, {"id": "1d36742e3f24f50e4e7ae8280127c63d", "number": "5184187956", "date": "2021-01-22 12:28:00", "subject": "1", "recorded-or-robo": "Y", "city": "DANBY", "state": "VT", "area-code": "207"}, {"id": "e81c9350d54f66c6d33b3747eeba222b", "number": "+12064015330", "date": "2021-01-22 22:20:58", "subject": "3", "recorded-or-robo": "Y", "city": "", "state": "MO", "area-code": "816"}, {"id": "1d36742e3f24f50e4e7ae828014f47ea", "number": "+12064015330", "date": "2021-01-22 22:20:58", "subject": "3", "recorded-or-robo": "Y", "city": "", "state": "MO", "area-code": "816"}, {"id": "e81c9350d54f66c6d33b3747eeba37eb", "number": "+15402779264", "date": "2021-01-22 22:20:52", "subject": "3", "recorded-or-robo": "N", "city": "", "state": "VA", "area-code": "757"}, {"id": "1d36742e3f24f50e4e7ae828014f6492", "number": "+15402779264", "date": "2021-01-22 22:20:52", "subject": "3", "recorded-or-robo": "N", "city": "", "state": "VA", "area-code": "757"}, {"id": "e81c9350d54f66c6d33b3747ee92420d", "number": "2133285554", "date": "2021-01-22 11:02:00", "subject": "2", "recorded-or-robo": "Y", "city": "Tucson", "state": "AZ", "area-code": "520"}, {"id": "1d36742e3f24f50e4e7ae8280127bf06", "number": "2133285554", "date": "2021-01-22 11:02:00", "subject": "2", "recorded-or-robo": "Y", "city": "Tucson", "state": "AZ", "area-code": "520"}, {"id": "e81c9350d54f66c6d33b3747eeba9baa", "number": "7374435118", "date": "2021-01-22 22:20:07", "subject": "3", "recorded-or-robo": "Y", "city": "", "state": "TX", "area-code": "512"}]}