{"data": [{"id": "1d36742e3f24f50e4e7ae82801e8ec0e", "number": "6262506734", "date": "2021-01-23 03:44:46", "subject": "3", "recorded-or-robo": "N", "city": "", "state": "CA", "area-code": "626"}, {"id": "e81c9350d54f66c6d33b3747eec82732", "number": "3142236109", "date": "2021-01-22 12:31:00", "subject": "2", "recorded-or-robo": "Y", "city": "", "state": "MO", "area-code": "314"}, {"id": "1d36742e3f24f50e4e7ae828015d5802", "number": "3142236109", "date": "2021-01-22 12:31:00", "subject": "2", "recorded-or-robo": "Y", "city": "", "state": "MO", "area-code": "314"}, {"id": "e81c9350d54f66c6d33b3747eec82239", "number": "3043166039", "date": "2021-01-22 12:55:00", "subject": "0", "recorded-or-robo": "N", "city": "Nitro,", "state": "WV", "area-code": "304"}, {"id": "1d36742e3f24f50e4e7ae828015d4bb8", "number": "3043166039", "date": "2021-01-22 12:55:00", "subject": "0", "recorded-or-robo": "N", "city": "Nitro,", "state": "WV", "area-code": "304"}, {"id": "3decc6bfadaa436a105714c6ba533da2", "number": "+18669145806", "date": "2021-01-23 03:43:20", "subject": "3", "recorded-or-robo": "Y", "city": "", "state": "GA", "area-code": "678"}, {"id": "1d36742e3f24f50e4e7ae82801e91ab2", "number": "+18669145806", "date": "2021-01-23 03:43:20", "subject": "3", "recorded-or-robo": "Y", "city": "", "state": "GA", "area-code": "678"}, {"id": "e81c9350d54f66c6d33b3747eec8134a", "number": "3144188554", "date": "2021-01-22 08:35:00", "subject": "2", "recorded-or-robo": "Y", "city": "", "state": "MO", "area-code": "314"}, {"id": "1d36742e3f24f50e4e7ae828015d45d8", "number": "3144188554", "date": "2021-01-22 08:35:00", "subject": "2", "recorded-or-robo": "Y", "city": "", "state": "MO", "area-code": "314"}, {"id": "3decc6bfadaa436a105714c6ba532692", "number": "+12407299702", "date": "2021-01-23 03:43:03", "subject": "3", "recorded-or-robo": "Y", "city": "", "state": "MD", "area-code": "301"}, {"id": "1d36742e3f24f50e4e7ae82801e909ac", "number": "+12407299702", "date": "2021-01-23 03:43:03", "subject": "3", "recorded-or-robo": "Y", "city": "", "state": "MD", "area-code": "301"}, {"id": "e81c9350d54f66c6d33b3747eec81195", "number": "3947843617", "date": "2021-01-22 13:19:00", "subject": "0", "recorded-or-robo": "N", "city": "Nitro,", "state": "WV", "area-code": "304"}, {"id": "1d36742e3f24f50e4e7ae828015d3870", "number": "3947843617", "date": "2021-01-22 13:19:00", "subject": "0", "recorded-or-robo": "N", "city": "Nitro,", "state": "WV", "area-code": "304"}, {"id": "3decc6bfadaa436a105714c6ba530a2f", "number": "7197167207", "date": "2021-01-23 03:41:20", "subject": "3", "recorded-or-robo": "N", "city": "", "state": "CO", "area-code": "719"}, {"id": "1d36742e3f24f50e4e7ae82801e8e31a", "number": "7197167207", "date": "2021-01-23 03:41:20", "subject": "3", "recorded-or-robo": "N", "city": "", "state": "CO", "area-code": "719"}, {"id": "e81c9350d54f66c6d33b3747eec80703", "number": "6052256036", "date": "2021-01-22 09:18:00", "subject": "2", "recorded-or-robo": "N", "city": "", "state": "CA", "area-code": "415"}, {"id": "1d36742e3f24f50e4e7ae828015d2d1c", "number": "6052256036", "date": "2021-01-22 09:18:00", "subject": "2", "recorded-or-robo": "N", "city": "", "state": "CA", "area-code": "415"}, {"id": "e81c9350d54f66c6d33b3747eec80226", "number": "3305424345", "date": "2021-01-20 14:21:00", "subject": "5", "recorded-or-robo": "Y", "city": "San Diego", "state": "CA", "area-code": "619"}, {"id": "1d36742e3f24f50e4e7ae828015d2bea", "number": "3305424345", "date": "2021-01-20 14:21:00", "subject": "5", "recorded-or-robo": "Y", "city": "San Diego", "state": "CA", "area-code": "619"}, {"id": "e81c9350d54f66c6d33b3747eec7f235", "number": "3042454061", "date": "2021-01-22 13:26:00", "subject": "0", "recorded-or-robo": "N", "city": "Nitro,", "state": "WV", "area-code": "304"}, {"id": "1d36742e3f24f50e4e7ae828015d2052", "number": "3042454061", "date": "2021-01-22 13:26:00", "subject": "0", "recorded-or-robo": "N", "city": "Nitro,", "state": "WV", "area-code": "304"}, {"id": "3decc6bfadaa436a105714c6ba52fe65", "number": "7736974289", "date": "2021-01-23 03:38:58", "subject": "3", "recorded-or-robo": "N", "city": "", "state": "IL", "area-code": "773"}, {"id": "1d36742e3f24f50e4e7ae82801e8dc10", "number": "7736974289", "date": "2021-01-23 03:38:58", "subject": "3", "recorded-or-robo": "N", "city": "", "state": "IL", "area-code": "773"}, {"id": "e81c9350d54f66c6d33b3747eec7ed24", "number": "5013754050", "date": "2021-01-22 12:38:00", "subject": "3", "recorded-or-robo": "N", "city": "", "state": "CA", "area-code": "415"}, {"id": "1d36742e3f24f50e4e7ae828015d1bff", "number": "5013754050", "date": "2021-01-22 12:38:00", "subject": "3", "recorded-or-robo": "N", "city": "", "state": "CA", "area-code": "415"}, {"id": "e81c9350d54f66c6d33b3747eec7e4db", "number": "4155059487", "date": "2021-01-22 17:14:00", "subject": "2", "recorded-or-robo": "N", "city": "", "state": "CA", "area-code": "415"}, {"id": "1d36742e3f24f50e4e7ae828015d1af2", "number": "4155059487", "date": "2021-01-22 17:14:00", "subject": "2", "recorded-or-robo": "N", "city": "", "state": "CA", "area-code": "415"}, {"id": "e81c9350d54f66c6d33b3747eec7dbe4", "number": "9739633933", "date": "2021-01-22 09:56:00", "subject": "2", "recorded-or-robo": "", "city": "Sussex", "state": "NJ", "area-code": "973"}, {"id": "1d36742e3f24f50e4e7ae828015d0b12", "number": "9739633933", "date": "2021-01-22 09:56:00", "subject": "2", "recorded-or-robo": "", "city": "Sussex", "state": "NJ", "area-code": "973"}, {"id": "e81c9350d54f66c6d33b3747eec7d5e5", "number": "5108443419", "date": "2021-01-22 08:32:00", "subject": "2", "recorded-or-robo": "Y", "city": "", "state": "CA", "area-code": "310"}, {"id": "1d36742e3f24f50e4e7ae828015d04a1", "number": "5108443419", "date": "2021-01-22 08:32:00", "subject": "2", "recorded-or-robo": "Y", "city": "", "state": "CA", "area-code": "310"}, {"id": "e81c9350d54f66c6d33b3747eec7cc85", "number": "3045785962", "date": "2021-01-22 14:57:00", "subject": "0", "recorded-or-robo": "N", "city": "Nitro,", "state": "WV", "area-code": "304"}, {"id": "1d36742e3f24f50e4e7ae828015d044a", "number": "3045785962", "date": "2021-01-22 14:57:00", "subject": "0", "recorded-or-robo": "N", "city": "Nitro,", "state": "WV", "area-code": "304"}, {"id": "e81c9350d54f66c6d33b3747eec7c023", "number": "4159407740", "date": "2021-01-22 14:13:00", "subject": "2", "recorded-or-robo": "N", "city": "", "state": "CA", "area-code": "415"}, {"id": "1d36742e3f24f50e4e7ae828015cf807", "number": "4159407740", "date": "2021-01-22 14:13:00", "subject": "2", "recorded-or-robo": "N", "city": "", "state": "CA", "area-code": "415"}, {"id": "e81c9350d54f66c6d33b3747eec7bafe", "number": "9738345205", "date": "2021-01-22 16:15:00", "subject": "2", "recorded-or-robo": "", "city": "Sussex", "state": "NJ", "area-code": "973"}, {"id": "1d36742e3f24f50e4e7ae828015cf78d", "number": "9738345205", "date": "2021-01-22 16:15:00", "subject": "2", "recorded-or-robo": "", "city": "Sussex", "state": "NJ", "area-code": "973"}, {"id": "3decc6bfadaa436a105714c6ba52dbbe", "number": "7038447515", "date": "2021-01-23 03:35:38", "subject": "3", "recorded-or-robo": "Y", "city": "", "state": "VA", "area-code": "703"}, {"id": "1d36742e3f24f50e4e7ae82801e8b111", "number": "7038447515", "date": "2021-01-23 03:35:38", "subject": "3", "recorded-or-robo": "Y", "city": "", "state": "VA", "area-code": "703"}, {"id": "e81c9350d54f66c6d33b3747eec7b3ae", "number": "5594183177", "date": "2021-01-22 07:53:00", "subject": "4", "recorded-or-robo": "Y", "city": "", "state": "CA", "area-code": "310"}, {"id": "1d36742e3f24f50e4e7ae828015cf774", "number": "5594183177", "date": "2021-01-22 07:53:00", "subject": "4", "recorded-or-robo": "Y", "city": "", "state": "CA", "area-code": "310"}, {"id": "e81c9350d54f66c6d33b3747eec7ae80", "number": "3042454062", "date": "2021-01-22 15:28:00", "subject": "0", "recorded-or-robo": "N", "city": "Nitro,", "state": "WV", "area-code": "304"}, {"id": "1d36742e3f24f50e4e7ae828015cf66c", "number": "3042454062", "date": "2021-01-22 15:28:00", "subject": "0", "recorded-or-robo": "N", "city": "Nitro,", "state": "WV", "area-code": "304"}, {"id": "e81c9350d54f66c6d33b3747eec7a97c", "number": "8622855726", "date": "2021-01-22 16:22:00", "subject": "2", "recorded-or-robo": "", "city": "Sussex", "state": "NJ", "area-code": "973"}, {"id": "1d36742e3f24f50e4e7ae828015cf40c", "number": "8622855726", "date": "2021-01-22 16:22:00", "subject": "2", "recorded-or-robo": "", "city": "Sussex", "state": "NJ", "area-code": "973"}, {"id": "e81c9350d54f66c6d33b3747eec7a17a", "number": "", "date": "2021-01-22 17:03:00", "subject": "2", "recorded-or-robo": "Y", "city": "Nitro,", "state": "WV", "area-code": "304"}, {"id": "1d36742e3f24f50e4e7ae828015cef9a", "number": "", "date": "2021-01-22 17:03:00", "subject": "2", "recorded-or-robo": "Y", "city": "Nitro,", "state": "WV", "area-code": "304"}, {"id": "e81c9350d54f66c6d33b3747eec7973a", "number": "9738347531", "date": "2021-01-22 17:15:00", "subject": "2", "recorded-or-robo": "", "city": "Sussex", "state": "NJ", "area-code": "973"}, {"id": "1d36742e3f24f50e4e7ae828015ce479", "number": "9738347531", "date": "2021-01-22 17:15:00", "subject": "2", "recorded-or-robo": "", "city": "Sussex", "state": "NJ", "area-code": "973"}, {"id": "3decc6bfadaa436a105714c6ba52c0b2", "number": "7162611257", "date": "2021-01-23 03:31:08", "subject": "3", "recorded-or-robo": "N", "city": "", "state": "NY", "area-code": "716"}]}