{"data": [{"id": "deca54a6651fb9add5b4a9816cfc6e7e", "number": "4109257118", "date": "2020-10-30 08:41:00", "subject": "0", "recorded-or-robo": "Y", "city": "Manassas", "state": "VA", "area-code": "703"}, {"id": "e81c9350d54f66c6d33b3747eea2b403", "number": "7083989883", "date": "2021-01-22 19:13:09", "subject": "3", "recorded-or-robo": "Y", "city": "", "state": "IL", "area-code": "708"}, {"id": "1d36742e3f24f50e4e7ae8280137aedb", "number": "7083989883", "date": "2021-01-22 19:13:09", "subject": "3", "recorded-or-robo": "Y", "city": "", "state": "IL", "area-code": "708"}, {"id": "e81c9350d54f66c6d33b3747ee67292d", "number": "5131138316", "date": "2021-01-22 16:04:00", "subject": "3", "recorded-or-robo": "", "city": "", "state": "MT", "area-code": "406"}, {"id": "deca54a6651fb9add5b4a9816cfc32ba", "number": "5131138316", "date": "2021-01-22 16:04:00", "subject": "3", "recorded-or-robo": "", "city": "", "state": "MT", "area-code": "406"}, {"id": "e81c9350d54f66c6d33b3747ee676cc5", "number": "2147366103", "date": "2021-01-22 17:33:00", "subject": "0", "recorded-or-robo": "Y", "city": "DALLAS", "state": "TX", "area-code": "214"}, {"id": "deca54a6651fb9add5b4a9816cfc60dc", "number": "2147366103", "date": "2021-01-22 17:33:00", "subject": "0", "recorded-or-robo": "Y", "city": "DALLAS", "state": "TX", "area-code": "214"}, {"id": "e81c9350d54f66c6d33b3747ee675f13", "number": "2142715342", "date": "2021-01-22 05:10:00", "subject": "2", "recorded-or-robo": "", "city": "Rowlett", "state": "TX", "area-code": "214"}, {"id": "deca54a6651fb9add5b4a9816cfc5c89", "number": "2142715342", "date": "2021-01-22 05:10:00", "subject": "2", "recorded-or-robo": "", "city": "Rowlett", "state": "TX", "area-code": "214"}, {"id": "e81c9350d54f66c6d33b3747eea2c492", "number": "+16094286143", "date": "2021-01-22 19:12:35", "subject": "3", "recorded-or-robo": "Y", "city": "", "state": "OH", "area-code": "216"}, {"id": "1d36742e3f24f50e4e7ae8280137b78a", "number": "+16094286143", "date": "2021-01-22 19:12:35", "subject": "3", "recorded-or-robo": "Y", "city": "", "state": "OH", "area-code": "216"}, {"id": "e81c9350d54f66c6d33b3747ee6757ec", "number": "", "date": "2021-01-22 14:46:00", "subject": "9", "recorded-or-robo": "Y", "city": "", "state": "OR", "area-code": "503"}, {"id": "e81c9350d54f66c6d33b3747ee674e30", "number": "9729695809", "date": "2021-01-22 16:24:00", "subject": "2", "recorded-or-robo": "N", "city": "ALLEN", "state": "TX", "area-code": "972"}, {"id": "deca54a6651fb9add5b4a9816cfc526a", "number": "", "date": "2021-01-22 14:46:00", "subject": "9", "recorded-or-robo": "Y", "city": "", "state": "OR", "area-code": "503"}, {"id": "deca54a6651fb9add5b4a9816cfc4e80", "number": "9729695809", "date": "2021-01-22 16:24:00", "subject": "2", "recorded-or-robo": "N", "city": "ALLEN", "state": "TX", "area-code": "972"}, {"id": "e81c9350d54f66c6d33b3747ee67496d", "number": "8052594380", "date": "2021-01-22 15:06:00", "subject": "2", "recorded-or-robo": "N", "city": "Fullerton", "state": "CA", "area-code": "714"}, {"id": "deca54a6651fb9add5b4a9816cfc4af3", "number": "8052594380", "date": "2021-01-22 15:06:00", "subject": "2", "recorded-or-robo": "N", "city": "Fullerton", "state": "CA", "area-code": "714"}, {"id": "e81c9350d54f66c6d33b3747ee673bc9", "number": "2153185919", "date": "2021-01-22 17:43:00", "subject": "0", "recorded-or-robo": "Y", "city": "PHILA", "state": "PA", "area-code": "215"}, {"id": "deca54a6651fb9add5b4a9816cfc3d27", "number": "2153185919", "date": "2021-01-22 17:43:00", "subject": "0", "recorded-or-robo": "Y", "city": "PHILA", "state": "PA", "area-code": "215"}, {"id": "e81c9350d54f66c6d33b3747ee672e33", "number": "6122867905", "date": "2021-01-22 09:02:00", "subject": "0", "recorded-or-robo": "", "city": "", "state": "MN", "area-code": "612"}, {"id": "deca54a6651fb9add5b4a9816cfc3b8c", "number": "6122867905", "date": "2021-01-22 09:02:00", "subject": "0", "recorded-or-robo": "", "city": "", "state": "MN", "area-code": "612"}, {"id": "e81c9350d54f66c6d33b3747ee6725c8", "number": "4408206874", "date": "2021-01-21 11:46:00", "subject": "0", "recorded-or-robo": "Y", "city": "Mayfield Heights", "state": "OH", "area-code": "440"}, {"id": "deca54a6651fb9add5b4a9816cfc23ea", "number": "4408206874", "date": "2021-01-21 11:46:00", "subject": "0", "recorded-or-robo": "Y", "city": "Mayfield Heights", "state": "OH", "area-code": "440"}, {"id": "e81c9350d54f66c6d33b3747eea21d64", "number": "8582837941", "date": "2021-01-22 19:12:16", "subject": "3", "recorded-or-robo": "Y", "city": "", "state": "CA", "area-code": "213"}, {"id": "1d36742e3f24f50e4e7ae8280136f6e3", "number": "8582837941", "date": "2021-01-22 19:12:16", "subject": "3", "recorded-or-robo": "Y", "city": "", "state": "CA", "area-code": "213"}, {"id": "e81c9350d54f66c6d33b3747ee671bbe", "number": "2395432242", "date": "2020-10-30 15:02:00", "subject": "0", "recorded-or-robo": "Y", "city": "Manassas", "state": "VA", "area-code": "703"}, {"id": "deca54a6651fb9add5b4a9816cfc1a23", "number": "2395432242", "date": "2020-10-30 15:02:00", "subject": "0", "recorded-or-robo": "Y", "city": "Manassas", "state": "VA", "area-code": "703"}, {"id": "e81c9350d54f66c6d33b3747ee6715f0", "number": "2141822649", "date": "2021-01-22 17:40:00", "subject": "0", "recorded-or-robo": "Y", "city": "DALLAS", "state": "TX", "area-code": "214"}, {"id": "deca54a6651fb9add5b4a9816cfc1360", "number": "2141822649", "date": "2021-01-22 17:40:00", "subject": "0", "recorded-or-robo": "Y", "city": "DALLAS", "state": "TX", "area-code": "214"}, {"id": "e81c9350d54f66c6d33b3747eea23f8f", "number": "8582902903", "date": "2021-01-22 19:12:03", "subject": "3", "recorded-or-robo": "Y", "city": "", "state": "CA", "area-code": "858"}, {"id": "1d36742e3f24f50e4e7ae82801372d81", "number": "8582902903", "date": "2021-01-22 19:12:03", "subject": "3", "recorded-or-robo": "Y", "city": "", "state": "CA", "area-code": "858"}, {"id": "e81c9350d54f66c6d33b3747eea30c0f", "number": "+15134973576", "date": "2021-01-22 19:12:02", "subject": "3", "recorded-or-robo": "Y", "city": "", "state": "AZ", "area-code": "480"}, {"id": "1d36742e3f24f50e4e7ae8280137f473", "number": "+15134973576", "date": "2021-01-22 19:12:02", "subject": "3", "recorded-or-robo": "Y", "city": "", "state": "AZ", "area-code": "480"}, {"id": "e81c9350d54f66c6d33b3747ee6709d6", "number": "2038135919", "date": "2021-01-22 18:55:00", "subject": "7", "recorded-or-robo": "Y", "city": "Shelton", "state": "CT", "area-code": "203"}, {"id": "deca54a6651fb9add5b4a9816cfc06de", "number": "2038135919", "date": "2021-01-22 18:55:00", "subject": "7", "recorded-or-robo": "Y", "city": "Shelton", "state": "CT", "area-code": "203"}, {"id": "e81c9350d54f66c6d33b3747eea1c094", "number": "+14057868812", "date": "2021-01-22 19:11:49", "subject": "3", "recorded-or-robo": "Y", "city": "", "state": "OK", "area-code": "405"}, {"id": "1d36742e3f24f50e4e7ae82801369f71", "number": "+14057868812", "date": "2021-01-22 19:11:49", "subject": "3", "recorded-or-robo": "Y", "city": "", "state": "OK", "area-code": "405"}, {"id": "e81c9350d54f66c6d33b3747eea18710", "number": "8122748608", "date": "2021-01-22 19:11:42", "subject": "3", "recorded-or-robo": "N", "city": "", "state": "NV", "area-code": "775"}, {"id": "1d36742e3f24f50e4e7ae8280136681c", "number": "8122748608", "date": "2021-01-22 19:11:42", "subject": "3", "recorded-or-robo": "N", "city": "", "state": "NV", "area-code": "775"}, {"id": "e81c9350d54f66c6d33b3747ee66fcb9", "number": "605853075", "date": "2021-01-22 18:00:00", "subject": "6", "recorded-or-robo": "Y", "city": "SOUTH HOLLAND", "state": "IL", "area-code": "605"}, {"id": "deca54a6651fb9add5b4a9816cfbfd89", "number": "605853075", "date": "2021-01-22 18:00:00", "subject": "6", "recorded-or-robo": "Y", "city": "SOUTH HOLLAND", "state": "IL", "area-code": "605"}, {"id": "e81c9350d54f66c6d33b3747ee66edf8", "number": "8152018629", "date": "2021-01-21 16:40:00", "subject": "6", "recorded-or-robo": "Y", "city": "Rochelle", "state": "IL", "area-code": "815"}, {"id": "deca54a6651fb9add5b4a9816cfbf509", "number": "8152018629", "date": "2021-01-21 16:40:00", "subject": "6", "recorded-or-robo": "Y", "city": "Rochelle", "state": "IL", "area-code": "815"}, {"id": "e81c9350d54f66c6d33b3747ee66e797", "number": "9097512876", "date": "2021-01-19 12:24:00", "subject": "2", "recorded-or-robo": "N", "city": "", "state": "CA", "area-code": "909"}, {"id": "deca54a6651fb9add5b4a9816cfbe94a", "number": "9097512876", "date": "2021-01-19 12:24:00", "subject": "2", "recorded-or-robo": "N", "city": "", "state": "CA", "area-code": "909"}, {"id": "e81c9350d54f66c6d33b3747ee66e2a0", "number": "4404616410", "date": "2021-01-22 13:06:00", "subject": "0", "recorded-or-robo": "Y", "city": "Mayfield Heights", "state": "OH", "area-code": "440"}, {"id": "deca54a6651fb9add5b4a9816cfbe5c4", "number": "4404616410", "date": "2021-01-22 13:06:00", "subject": "0", "recorded-or-robo": "Y", "city": "Mayfield Heights", "state": "OH", "area-code": "440"}, {"id": "e81c9350d54f66c6d33b3747eea1f468", "number": "+15018173456", "date": "2021-01-22 19:11:18", "subject": "3", "recorded-or-robo": "Y", "city": "", "state": "TX", "area-code": "214"}, {"id": "e81c9350d54f66c6d33b3747ee66dfb1", "number": "", "date": "2021-01-22 18:30:00", "subject": "5", "recorded-or-robo": "Y", "city": "Centreville", "state": "VA", "area-code": "800"}, {"id": "e81c9350d54f66c6d33b3747ee66d9ef", "number": "8608612932", "date": "2021-01-22 19:10:00", "subject": "2", "recorded-or-robo": "Y", "city": "", "state": "CT", "area-code": "203"}]}