{"data": [{"id": "1d36742e3f24f50e4e7ae828012f47ef", "number": "2515936542", "date": "2021-01-22 04:06:00", "subject": "2", "recorded-or-robo": "N", "city": "Salem", "state": "AL", "area-code": "850"}, {"id": "e81c9350d54f66c6d33b3747eec47a42", "number": "+15046368406", "date": "2021-01-22 23:57:22", "subject": "3", "recorded-or-robo": "Y", "city": "", "state": "LA", "area-code": "504"}, {"id": "1d36742e3f24f50e4e7ae8280159cb5d", "number": "+15046368406", "date": "2021-01-22 23:57:22", "subject": "3", "recorded-or-robo": "Y", "city": "", "state": "LA", "area-code": "504"}, {"id": "e81c9350d54f66c6d33b3747eec461c2", "number": "+19492477954", "date": "2021-01-22 23:57:17", "subject": "3", "recorded-or-robo": "Y", "city": "", "state": "CO", "area-code": "970"}, {"id": "1d36742e3f24f50e4e7ae8280159ba79", "number": "+19492477954", "date": "2021-01-22 23:57:17", "subject": "3", "recorded-or-robo": "Y", "city": "", "state": "CO", "area-code": "970"}, {"id": "e81c9350d54f66c6d33b3747eec49008", "number": "+16264694318", "date": "2021-01-22 23:56:58", "subject": "3", "recorded-or-robo": "Y", "city": "", "state": "CA", "area-code": "626"}, {"id": "1d36742e3f24f50e4e7ae8280159da14", "number": "+16264694318", "date": "2021-01-22 23:56:58", "subject": "3", "recorded-or-robo": "Y", "city": "", "state": "CA", "area-code": "626"}, {"id": "e81c9350d54f66c6d33b3747eec46bf6", "number": "+18474262088", "date": "2021-01-22 23:56:36", "subject": "3", "recorded-or-robo": "Y", "city": "", "state": "IL", "area-code": "847"}, {"id": "1d36742e3f24f50e4e7ae8280159c15a", "number": "+18474262088", "date": "2021-01-22 23:56:36", "subject": "3", "recorded-or-robo": "Y", "city": "", "state": "IL", "area-code": "847"}, {"id": "e81c9350d54f66c6d33b3747eec4482b", "number": "7862904957", "date": "2021-01-22 23:56:16", "subject": "3", "recorded-or-robo": "N", "city": "", "state": "FL", "area-code": "407"}, {"id": "1d36742e3f24f50e4e7ae8280159a4a1", "number": "7862904957", "date": "2021-01-22 23:56:16", "subject": "3", "recorded-or-robo": "N", "city": "", "state": "FL", "area-code": "407"}, {"id": "e81c9350d54f66c6d33b3747eec48923", "number": "+14092198060", "date": "2021-01-22 23:55:59", "subject": "3", "recorded-or-robo": "N", "city": "", "state": "TX", "area-code": "936"}, {"id": "1d36742e3f24f50e4e7ae8280159cc74", "number": "+14092198060", "date": "2021-01-22 23:55:59", "subject": "3", "recorded-or-robo": "N", "city": "", "state": "TX", "area-code": "936"}, {"id": "e81c9350d54f66c6d33b3747ee9a0d1c", "number": "2133927703", "date": "2021-01-22 17:39:00", "subject": "13", "recorded-or-robo": "Y", "city": "Upper Marlboro", "state": "MD", "area-code": "301"}, {"id": "1d36742e3f24f50e4e7ae828012f4031", "number": "2133927703", "date": "2021-01-22 17:39:00", "subject": "13", "recorded-or-robo": "Y", "city": "Upper Marlboro", "state": "MD", "area-code": "301"}, {"id": "e81c9350d54f66c6d33b3747eec3bc3d", "number": "+12813464578", "date": "2021-01-22 23:53:41", "subject": "3", "recorded-or-robo": "Y", "city": "", "state": "TX", "area-code": "713"}, {"id": "1d36742e3f24f50e4e7ae82801591252", "number": "+12813464578", "date": "2021-01-22 23:53:41", "subject": "3", "recorded-or-robo": "Y", "city": "", "state": "TX", "area-code": "713"}, {"id": "e81c9350d54f66c6d33b3747eec44505", "number": "8002856520", "date": "2021-01-22 23:53:32", "subject": "3", "recorded-or-robo": "N", "city": "", "state": "MI", "area-code": "248"}, {"id": "1d36742e3f24f50e4e7ae82801599991", "number": "8002856520", "date": "2021-01-22 23:53:32", "subject": "3", "recorded-or-robo": "N", "city": "", "state": "MI", "area-code": "248"}, {"id": "e81c9350d54f66c6d33b3747eec3dbb0", "number": "8558953382", "date": "2021-01-22 23:53:29", "subject": "3", "recorded-or-robo": "Y", "city": "", "state": "NY", "area-code": "347"}, {"id": "1d36742e3f24f50e4e7ae82801592c33", "number": "8558953382", "date": "2021-01-22 23:53:29", "subject": "3", "recorded-or-robo": "Y", "city": "", "state": "NY", "area-code": "347"}, {"id": "e81c9350d54f66c6d33b3747eec3e113", "number": "+19403573409", "date": "2021-01-22 23:53:26", "subject": "3", "recorded-or-robo": "Y", "city": "", "state": "TX", "area-code": "713"}, {"id": "1d36742e3f24f50e4e7ae828015938b5", "number": "+19403573409", "date": "2021-01-22 23:53:26", "subject": "3", "recorded-or-robo": "Y", "city": "", "state": "TX", "area-code": "713"}, {"id": "e81c9350d54f66c6d33b3747ee9a01e5", "number": "7735203548", "date": "2021-01-22 00:00:00", "subject": "13", "recorded-or-robo": "Y", "city": "Upper Marlboro", "state": "MD", "area-code": "301"}, {"id": "1d36742e3f24f50e4e7ae828012f34b1", "number": "7735203548", "date": "2021-01-22 00:00:00", "subject": "13", "recorded-or-robo": "Y", "city": "Upper Marlboro", "state": "MD", "area-code": "301"}, {"id": "e81c9350d54f66c6d33b3747eec42f86", "number": "+18306931938", "date": "2021-01-22 23:52:27", "subject": "3", "recorded-or-robo": "Y", "city": "", "state": "TX", "area-code": "214"}, {"id": "1d36742e3f24f50e4e7ae82801598314", "number": "+18306931938", "date": "2021-01-22 23:52:27", "subject": "3", "recorded-or-robo": "Y", "city": "", "state": "TX", "area-code": "214"}, {"id": "e81c9350d54f66c6d33b3747eec3ef72", "number": "+14192985782", "date": "2021-01-22 23:52:16", "subject": "3", "recorded-or-robo": "Y", "city": "", "state": "OH", "area-code": "419"}, {"id": "1d36742e3f24f50e4e7ae82801593f14", "number": "+14192985782", "date": "2021-01-22 23:52:16", "subject": "3", "recorded-or-robo": "Y", "city": "", "state": "OH", "area-code": "419"}, {"id": "e81c9350d54f66c6d33b3747ee99f9ff", "number": "4094406483", "date": "2021-01-22 04:41:00", "subject": "2", "recorded-or-robo": "N", "city": "Ormond Beach", "state": "FL", "area-code": "720"}, {"id": "1d36742e3f24f50e4e7ae828012f2781", "number": "4094406483", "date": "2021-01-22 04:41:00", "subject": "2", "recorded-or-robo": "N", "city": "Ormond Beach", "state": "FL", "area-code": "720"}, {"id": "e81c9350d54f66c6d33b3747ee99ef37", "number": "5134931616", "date": "2021-01-22 16:28:00", "subject": "3", "recorded-or-robo": "N", "city": "", "state": "OH", "area-code": "216"}, {"id": "1d36742e3f24f50e4e7ae828012f1f55", "number": "5134931616", "date": "2021-01-22 16:28:00", "subject": "3", "recorded-or-robo": "N", "city": "", "state": "OH", "area-code": "216"}, {"id": "e81c9350d54f66c6d33b3747ee99e1b5", "number": "6469706544", "date": "2021-01-20 16:29:00", "subject": "2", "recorded-or-robo": "N", "city": "", "state": "CA", "area-code": "323"}, {"id": "1d36742e3f24f50e4e7ae828012f1d21", "number": "6469706544", "date": "2021-01-20 16:29:00", "subject": "2", "recorded-or-robo": "N", "city": "", "state": "CA", "area-code": "323"}, {"id": "e81c9350d54f66c6d33b3747ee99d50a", "number": "8648416082", "date": "2021-01-22 00:00:00", "subject": "0", "recorded-or-robo": "Y", "city": "Moore", "state": "SC", "area-code": "864"}, {"id": "1d36742e3f24f50e4e7ae828012f0f75", "number": "8648416082", "date": "2021-01-22 00:00:00", "subject": "0", "recorded-or-robo": "Y", "city": "Moore", "state": "SC", "area-code": "864"}, {"id": "e81c9350d54f66c6d33b3747eec4196f", "number": "+17602844444", "date": "2021-01-22 23:50:38", "subject": "3", "recorded-or-robo": "Y", "city": "", "state": "CA", "area-code": "760"}, {"id": "1d36742e3f24f50e4e7ae828015963e6", "number": "+17602844444", "date": "2021-01-22 23:50:38", "subject": "3", "recorded-or-robo": "Y", "city": "", "state": "CA", "area-code": "760"}, {"id": "e81c9350d54f66c6d33b3747ee99c1dc", "number": "2674193636", "date": "2021-01-22 16:15:00", "subject": "3", "recorded-or-robo": "N", "city": "", "state": "OH", "area-code": "216"}, {"id": "1d36742e3f24f50e4e7ae828012f04d2", "number": "2674193636", "date": "2021-01-22 16:15:00", "subject": "3", "recorded-or-robo": "N", "city": "", "state": "OH", "area-code": "216"}, {"id": "e81c9350d54f66c6d33b3747eec3f311", "number": "+18305405279", "date": "2021-01-22 23:50:23", "subject": "3", "recorded-or-robo": "Y", "city": "", "state": "TX", "area-code": "915"}, {"id": "1d36742e3f24f50e4e7ae828015941c9", "number": "+18305405279", "date": "2021-01-22 23:50:23", "subject": "3", "recorded-or-robo": "Y", "city": "", "state": "TX", "area-code": "915"}, {"id": "e81c9350d54f66c6d33b3747eec43c7f", "number": "+16077858367", "date": "2021-01-22 23:50:22", "subject": "3", "recorded-or-robo": "Y", "city": "", "state": "TX", "area-code": "512"}, {"id": "1d36742e3f24f50e4e7ae82801598db0", "number": "+16077858367", "date": "2021-01-22 23:50:22", "subject": "3", "recorded-or-robo": "Y", "city": "", "state": "TX", "area-code": "512"}, {"id": "e81c9350d54f66c6d33b3747ee99cb28", "number": "2017449696", "date": "2021-01-16 00:00:00", "subject": "1", "recorded-or-robo": "Y", "city": "", "state": "NY", "area-code": "917"}, {"id": "1d36742e3f24f50e4e7ae828012f0bbf", "number": "2017449696", "date": "2021-01-16 00:00:00", "subject": "1", "recorded-or-robo": "Y", "city": "", "state": "NY", "area-code": "917"}, {"id": "e81c9350d54f66c6d33b3747eec4216f", "number": "7146948670", "date": "2021-01-22 23:50:12", "subject": "3", "recorded-or-robo": "N", "city": "", "state": "CA", "area-code": "949"}, {"id": "1d36742e3f24f50e4e7ae82801596ad9", "number": "7146948670", "date": "2021-01-22 23:50:12", "subject": "3", "recorded-or-robo": "N", "city": "", "state": "CA", "area-code": "949"}, {"id": "e81c9350d54f66c6d33b3747eec40dc8", "number": "+16514585451", "date": "2021-01-22 23:49:49", "subject": "3", "recorded-or-robo": "Y", "city": "", "state": "TX", "area-code": "512"}]}