{"data": [{"id": "1d36742e3f24f50e4e7ae82801e7265c", "number": "+12019072061", "date": "2021-01-23 02:26:29", "subject": "3", "recorded-or-robo": "Y", "city": "", "state": "NJ", "area-code": "201"}, {"id": "e81c9350d54f66c6d33b3747eec5da8d", "number": "8656960306", "date": "2019-07-09 12:00:00", "subject": "2", "recorded-or-robo": "N", "city": "Maynardville", "state": "TN", "area-code": "865"}, {"id": "1d36742e3f24f50e4e7ae828015b1100", "number": "8656960306", "date": "2019-07-09 12:00:00", "subject": "2", "recorded-or-robo": "N", "city": "Maynardville", "state": "TN", "area-code": "865"}, {"id": "3decc6bfadaa436a105714c6ba5144b2", "number": "8039218286", "date": "2021-01-23 02:22:00", "subject": "3", "recorded-or-robo": "Y", "city": "", "state": "UT", "area-code": "801"}, {"id": "1d36742e3f24f50e4e7ae82801e70d30", "number": "8039218286", "date": "2021-01-23 02:22:00", "subject": "3", "recorded-or-robo": "Y", "city": "", "state": "UT", "area-code": "801"}, {"id": "e81c9350d54f66c6d33b3747eec5cc45", "number": "", "date": "2021-01-12 12:34:00", "subject": "2", "recorded-or-robo": "Y", "city": "Shawnee", "state": "OK", "area-code": "405"}, {"id": "1d36742e3f24f50e4e7ae828015b097e", "number": "", "date": "2021-01-12 12:34:00", "subject": "2", "recorded-or-robo": "Y", "city": "Shawnee", "state": "OK", "area-code": "405"}, {"id": "3decc6bfadaa436a105714c6ba513f38", "number": "7035033257", "date": "2021-01-23 02:17:39", "subject": "3", "recorded-or-robo": "N", "city": "", "state": "VA", "area-code": "703"}, {"id": "1d36742e3f24f50e4e7ae82801e700f9", "number": "7035033257", "date": "2021-01-23 02:17:39", "subject": "3", "recorded-or-robo": "N", "city": "", "state": "VA", "area-code": "703"}, {"id": "3decc6bfadaa436a105714c6ba512cac", "number": "3017805718", "date": "2021-01-23 02:17:38", "subject": "3", "recorded-or-robo": "Y", "city": "", "state": "MD", "area-code": "240"}, {"id": "1d36742e3f24f50e4e7ae82801e6e63f", "number": "3017805718", "date": "2021-01-23 02:17:38", "subject": "3", "recorded-or-robo": "Y", "city": "", "state": "MD", "area-code": "240"}, {"id": "3decc6bfadaa436a105714c6ba5127e4", "number": "+12812986728", "date": "2021-01-23 02:16:01", "subject": "3", "recorded-or-robo": "Y", "city": "", "state": "TX", "area-code": "281"}, {"id": "1d36742e3f24f50e4e7ae82801e6dbad", "number": "+12812986728", "date": "2021-01-23 02:16:01", "subject": "3", "recorded-or-robo": "Y", "city": "", "state": "TX", "area-code": "281"}, {"id": "e81c9350d54f66c6d33b3747eec5cc08", "number": "1243840313279", "date": "2021-01-22 20:11:00", "subject": "0", "recorded-or-robo": "Y", "city": "Ankeny", "state": "IA", "area-code": "319"}, {"id": "1d36742e3f24f50e4e7ae828015afa53", "number": "1243840313279", "date": "2021-01-22 20:11:00", "subject": "0", "recorded-or-robo": "Y", "city": "Ankeny", "state": "IA", "area-code": "319"}, {"id": "3decc6bfadaa436a105714c6ba51301e", "number": "+19167773726", "date": "2021-01-23 02:14:47", "subject": "3", "recorded-or-robo": "Y", "city": "", "state": "CA", "area-code": "949"}, {"id": "1d36742e3f24f50e4e7ae82801e6f1f1", "number": "+19167773726", "date": "2021-01-23 02:14:47", "subject": "3", "recorded-or-robo": "Y", "city": "", "state": "CA", "area-code": "949"}, {"id": "e81c9350d54f66c6d33b3747eec5c0a9", "number": "7633893909", "date": "2021-01-22 16:06:00", "subject": "1", "recorded-or-robo": "Y", "city": "Centennial", "state": "CO", "area-code": "303"}, {"id": "1d36742e3f24f50e4e7ae828015af6fc", "number": "7633893909", "date": "2021-01-22 16:06:00", "subject": "1", "recorded-or-robo": "Y", "city": "Centennial", "state": "CO", "area-code": "303"}, {"id": "e81c9350d54f66c6d33b3747eec5b8bb", "number": "3022739384", "date": "2021-01-15 15:57:00", "subject": "15", "recorded-or-robo": "N", "city": "Strawberry Plains", "state": "TN", "area-code": "865"}, {"id": "1d36742e3f24f50e4e7ae828015af48f", "number": "3022739384", "date": "2021-01-15 15:57:00", "subject": "15", "recorded-or-robo": "N", "city": "Strawberry Plains", "state": "TN", "area-code": "865"}, {"id": "3decc6bfadaa436a105714c6ba511c77", "number": "6038370338", "date": "2021-01-23 02:11:42", "subject": "3", "recorded-or-robo": "Y", "city": "", "state": "MA", "area-code": "617"}, {"id": "1d36742e3f24f50e4e7ae82801e6bbed", "number": "6038370338", "date": "2021-01-23 02:11:42", "subject": "3", "recorded-or-robo": "Y", "city": "", "state": "MA", "area-code": "617"}, {"id": "3decc6bfadaa436a105714c6ba511f9f", "number": "+12143705209", "date": "2021-01-23 02:11:19", "subject": "3", "recorded-or-robo": "Y", "city": "", "state": "TX", "area-code": "817"}, {"id": "1d36742e3f24f50e4e7ae82801e6cb4b", "number": "+12143705209", "date": "2021-01-23 02:11:19", "subject": "3", "recorded-or-robo": "Y", "city": "", "state": "TX", "area-code": "817"}, {"id": "e81c9350d54f66c6d33b3747eec5af67", "number": "3145448649", "date": "2021-01-22 12:00:00", "subject": "2", "recorded-or-robo": "N", "city": "", "state": "CA", "area-code": "323"}, {"id": "1d36742e3f24f50e4e7ae828015aebc2", "number": "3145448649", "date": "2021-01-22 12:00:00", "subject": "2", "recorded-or-robo": "N", "city": "", "state": "CA", "area-code": "323"}, {"id": "3decc6bfadaa436a105714c6ba511183", "number": "+16822884374", "date": "2021-01-23 02:09:47", "subject": "3", "recorded-or-robo": "N", "city": "", "state": "TX", "area-code": "682"}, {"id": "1d36742e3f24f50e4e7ae82801e6ad2e", "number": "+16822884374", "date": "2021-01-23 02:09:47", "subject": "3", "recorded-or-robo": "N", "city": "", "state": "TX", "area-code": "682"}, {"id": "e81c9350d54f66c6d33b3747eec5aee5", "number": "3609403529", "date": "2021-01-21 12:28:00", "subject": "3", "recorded-or-robo": "Y", "city": "", "state": "OH", "area-code": "419"}, {"id": "1d36742e3f24f50e4e7ae828015ae794", "number": "3609403529", "date": "2021-01-21 12:28:00", "subject": "3", "recorded-or-robo": "Y", "city": "", "state": "OH", "area-code": "419"}, {"id": "3decc6bfadaa436a105714c6ba5122b3", "number": "5513070407", "date": "2021-01-23 02:07:22", "subject": "3", "recorded-or-robo": "Y", "city": "", "state": "NJ", "area-code": "201"}, {"id": "1d36742e3f24f50e4e7ae82801e6cc5a", "number": "5513070407", "date": "2021-01-23 02:07:22", "subject": "3", "recorded-or-robo": "Y", "city": "", "state": "NJ", "area-code": "201"}, {"id": "3decc6bfadaa436a105714c6ba50d98a", "number": "7076845522", "date": "2021-01-23 02:05:53", "subject": "3", "recorded-or-robo": "N", "city": "", "state": "CA", "area-code": "714"}, {"id": "1d36742e3f24f50e4e7ae82801e673cb", "number": "7076845522", "date": "2021-01-23 02:05:53", "subject": "3", "recorded-or-robo": "N", "city": "", "state": "CA", "area-code": "714"}, {"id": "3decc6bfadaa436a105714c6ba50ec9e", "number": "+14149115714", "date": "2021-01-23 02:05:38", "subject": "3", "recorded-or-robo": "Y", "city": "", "state": "WI", "area-code": "414"}, {"id": "1d36742e3f24f50e4e7ae82801e687c5", "number": "+14149115714", "date": "2021-01-23 02:05:38", "subject": "3", "recorded-or-robo": "Y", "city": "", "state": "WI", "area-code": "414"}, {"id": "3decc6bfadaa436a105714c6ba511030", "number": "+14146002650", "date": "2021-01-23 02:05:19", "subject": "3", "recorded-or-robo": "Y", "city": "", "state": "WI", "area-code": "414"}, {"id": "1d36742e3f24f50e4e7ae82801e69301", "number": "+14146002650", "date": "2021-01-23 02:05:19", "subject": "3", "recorded-or-robo": "Y", "city": "", "state": "WI", "area-code": "414"}, {"id": "3decc6bfadaa436a105714c6ba510200", "number": "0", "date": "2021-01-23 02:05:08", "subject": "3", "recorded-or-robo": "Y", "city": "", "state": "WI", "area-code": "414"}, {"id": "1d36742e3f24f50e4e7ae82801e68e91", "number": "0", "date": "2021-01-23 02:05:08", "subject": "3", "recorded-or-robo": "Y", "city": "", "state": "WI", "area-code": "414"}, {"id": "e81c9350d54f66c6d33b3747eec5ad81", "number": "4409762941", "date": "2021-01-22 10:41:00", "subject": "3", "recorded-or-robo": "Y", "city": "", "state": "OH", "area-code": "419"}, {"id": "1d36742e3f24f50e4e7ae828015adcb0", "number": "4409762941", "date": "2021-01-22 10:41:00", "subject": "3", "recorded-or-robo": "Y", "city": "", "state": "OH", "area-code": "419"}, {"id": "3decc6bfadaa436a105714c6ba50ce32", "number": "9094629892", "date": "2021-01-23 02:03:42", "subject": "3", "recorded-or-robo": "N", "city": "", "state": "CA", "area-code": "714"}, {"id": "1d36742e3f24f50e4e7ae82801e66b92", "number": "9094629892", "date": "2021-01-23 02:03:42", "subject": "3", "recorded-or-robo": "N", "city": "", "state": "CA", "area-code": "714"}, {"id": "3decc6bfadaa436a105714c6ba50e911", "number": "+12816733675", "date": "2021-01-23 02:03:17", "subject": "3", "recorded-or-robo": "Y", "city": "", "state": "TX", "area-code": "512"}, {"id": "1d36742e3f24f50e4e7ae82801e68063", "number": "+12816733675", "date": "2021-01-23 02:03:17", "subject": "3", "recorded-or-robo": "Y", "city": "", "state": "TX", "area-code": "512"}, {"id": "e81c9350d54f66c6d33b3747eec5a293", "number": "3234164221", "date": "2021-01-22 09:49:00", "subject": "2", "recorded-or-robo": "N", "city": "", "state": "CA", "area-code": "323"}, {"id": "1d36742e3f24f50e4e7ae828015ad67f", "number": "3234164221", "date": "2021-01-22 09:49:00", "subject": "2", "recorded-or-robo": "N", "city": "", "state": "CA", "area-code": "323"}, {"id": "e81c9350d54f66c6d33b3747eec59e9e", "number": "7752453657", "date": "2021-01-22 10:34:00", "subject": "3", "recorded-or-robo": "Y", "city": "", "state": "NV", "area-code": "775"}]}