{"data": [{"id": "1d36742e3f24f50e4e7ae82801544030", "number": "7138962781", "date": "2021-01-22 22:56:30", "subject": "3", "recorded-or-robo": "Y", "city": "", "state": "TX", "area-code": "713"}, {"id": "e81c9350d54f66c6d33b3747ee958760", "number": "3303569644", "date": "2021-01-21 12:29:00", "subject": "3", "recorded-or-robo": "", "city": "Massillon", "state": "OH", "area-code": "330"}, {"id": "e81c9350d54f66c6d33b3747ee957b75", "number": "3232467093", "date": "2020-09-23 18:57:00", "subject": "2", "recorded-or-robo": "Y", "city": "Rockville", "state": "MD", "area-code": "310"}, {"id": "1d36742e3f24f50e4e7ae828012afc1d", "number": "3303569644", "date": "2021-01-21 12:29:00", "subject": "3", "recorded-or-robo": "", "city": "Massillon", "state": "OH", "area-code": "330"}, {"id": "1d36742e3f24f50e4e7ae828012af127", "number": "3232467093", "date": "2020-09-23 18:57:00", "subject": "2", "recorded-or-robo": "Y", "city": "Rockville", "state": "MD", "area-code": "310"}, {"id": "e81c9350d54f66c6d33b3747eebf7e8a", "number": "3614135165", "date": "2021-01-22 22:56:09", "subject": "3", "recorded-or-robo": "Y", "city": "", "state": "TX", "area-code": "713"}, {"id": "1d36742e3f24f50e4e7ae8280154700a", "number": "3614135165", "date": "2021-01-22 22:56:09", "subject": "3", "recorded-or-robo": "Y", "city": "", "state": "TX", "area-code": "713"}, {"id": "e81c9350d54f66c6d33b3747eebf2dc9", "number": "3614135165", "date": "2021-01-22 22:56:08", "subject": "3", "recorded-or-robo": "Y", "city": "", "state": "TX", "area-code": "713"}, {"id": "1d36742e3f24f50e4e7ae8280154177b", "number": "3614135165", "date": "2021-01-22 22:56:08", "subject": "3", "recorded-or-robo": "Y", "city": "", "state": "TX", "area-code": "713"}, {"id": "e81c9350d54f66c6d33b3747ee956d6e", "number": "5208954016", "date": "2021-01-19 14:47:00", "subject": "2", "recorded-or-robo": "Y", "city": "Tucson", "state": "AZ", "area-code": "520"}, {"id": "1d36742e3f24f50e4e7ae828012aefb4", "number": "5208954016", "date": "2021-01-19 14:47:00", "subject": "2", "recorded-or-robo": "Y", "city": "Tucson", "state": "AZ", "area-code": "520"}, {"id": "e81c9350d54f66c6d33b3747eebf2929", "number": "+19365363898", "date": "2021-01-22 22:55:57", "subject": "3", "recorded-or-robo": "Y", "city": "", "state": "TX", "area-code": "281"}, {"id": "1d36742e3f24f50e4e7ae828015409d6", "number": "+19365363898", "date": "2021-01-22 22:55:57", "subject": "3", "recorded-or-robo": "Y", "city": "", "state": "TX", "area-code": "281"}, {"id": "e81c9350d54f66c6d33b3747eebec39d", "number": "2108048716", "date": "2021-01-22 22:55:40", "subject": "3", "recorded-or-robo": "Y", "city": "", "state": "TX", "area-code": "713"}, {"id": "1d36742e3f24f50e4e7ae8280153ac8b", "number": "2108048716", "date": "2021-01-22 22:55:40", "subject": "3", "recorded-or-robo": "Y", "city": "", "state": "TX", "area-code": "713"}, {"id": "e81c9350d54f66c6d33b3747eebf2f75", "number": "2108048716", "date": "2021-01-22 22:55:39", "subject": "3", "recorded-or-robo": "Y", "city": "", "state": "TX", "area-code": "713"}, {"id": "1d36742e3f24f50e4e7ae82801541c6c", "number": "2108048716", "date": "2021-01-22 22:55:39", "subject": "3", "recorded-or-robo": "Y", "city": "", "state": "TX", "area-code": "713"}, {"id": "e81c9350d54f66c6d33b3747ee9563c3", "number": "3233054813", "date": "2020-10-08 18:53:00", "subject": "2", "recorded-or-robo": "Y", "city": "Rockville", "state": "MD", "area-code": "310"}, {"id": "1d36742e3f24f50e4e7ae828012adfc1", "number": "3233054813", "date": "2020-10-08 18:53:00", "subject": "2", "recorded-or-robo": "Y", "city": "Rockville", "state": "MD", "area-code": "310"}, {"id": "e81c9350d54f66c6d33b3747eebf1b7d", "number": "9493259283", "date": "2021-01-22 22:55:30", "subject": "3", "recorded-or-robo": "Y", "city": "", "state": "CA", "area-code": "408"}, {"id": "e81c9350d54f66c6d33b3747ee955938", "number": "8886083484", "date": "2021-01-20 14:15:00", "subject": "5", "recorded-or-robo": "N", "city": "SYLMAR", "state": "CA", "area-code": "818"}, {"id": "1d36742e3f24f50e4e7ae82801540250", "number": "9493259283", "date": "2021-01-22 22:55:30", "subject": "3", "recorded-or-robo": "Y", "city": "", "state": "CA", "area-code": "408"}, {"id": "1d36742e3f24f50e4e7ae828012adbfe", "number": "8886083484", "date": "2021-01-20 14:15:00", "subject": "5", "recorded-or-robo": "N", "city": "SYLMAR", "state": "CA", "area-code": "818"}, {"id": "e81c9350d54f66c6d33b3747ee95538f", "number": "4402095268", "date": "2021-01-20 09:00:00", "subject": "3", "recorded-or-robo": "", "city": "Massillon", "state": "OH", "area-code": "330"}, {"id": "1d36742e3f24f50e4e7ae828012acc86", "number": "4402095268", "date": "2021-01-20 09:00:00", "subject": "3", "recorded-or-robo": "", "city": "Massillon", "state": "OH", "area-code": "330"}, {"id": "e81c9350d54f66c6d33b3747eebf69b4", "number": "+18509703147", "date": "2021-01-22 22:55:27", "subject": "3", "recorded-or-robo": "Y", "city": "", "state": "FL", "area-code": "941"}, {"id": "1d36742e3f24f50e4e7ae82801545889", "number": "+18509703147", "date": "2021-01-22 22:55:27", "subject": "3", "recorded-or-robo": "Y", "city": "", "state": "FL", "area-code": "941"}, {"id": "e81c9350d54f66c6d33b3747eebece5c", "number": "+17032212514", "date": "2021-01-22 22:55:25", "subject": "3", "recorded-or-robo": "N", "city": "", "state": "CA", "area-code": "562"}, {"id": "1d36742e3f24f50e4e7ae8280153acf7", "number": "+17032212514", "date": "2021-01-22 22:55:25", "subject": "3", "recorded-or-robo": "N", "city": "", "state": "CA", "area-code": "562"}, {"id": "e81c9350d54f66c6d33b3747eebef543", "number": "5853860689", "date": "2021-01-22 22:55:24", "subject": "3", "recorded-or-robo": "Y", "city": "", "state": "NY", "area-code": "646"}, {"id": "1d36742e3f24f50e4e7ae8280153d15e", "number": "5853860689", "date": "2021-01-22 22:55:24", "subject": "3", "recorded-or-robo": "Y", "city": "", "state": "NY", "area-code": "646"}, {"id": "e81c9350d54f66c6d33b3747eebeb2e3", "number": "3348111351", "date": "2021-01-22 22:55:22", "subject": "3", "recorded-or-robo": "Y", "city": "", "state": "AL", "area-code": "256"}, {"id": "1d36742e3f24f50e4e7ae8280153974a", "number": "3348111351", "date": "2021-01-22 22:55:22", "subject": "3", "recorded-or-robo": "Y", "city": "", "state": "AL", "area-code": "256"}, {"id": "e81c9350d54f66c6d33b3747eebf7d3c", "number": "3348111351", "date": "2021-01-22 22:55:21", "subject": "3", "recorded-or-robo": "Y", "city": "", "state": "AL", "area-code": "256"}, {"id": "1d36742e3f24f50e4e7ae828015467fb", "number": "3348111351", "date": "2021-01-22 22:55:21", "subject": "3", "recorded-or-robo": "Y", "city": "", "state": "AL", "area-code": "256"}, {"id": "e81c9350d54f66c6d33b3747ee95450a", "number": "5597773463", "date": "2021-01-22 14:17:00", "subject": "0", "recorded-or-robo": "N", "city": "Fresno", "state": "CA", "area-code": "559"}, {"id": "1d36742e3f24f50e4e7ae828012ac277", "number": "5597773463", "date": "2021-01-22 14:17:00", "subject": "0", "recorded-or-robo": "N", "city": "Fresno", "state": "CA", "area-code": "559"}, {"id": "e81c9350d54f66c6d33b3747ee953631", "number": "2139373115", "date": "2020-10-21 19:24:00", "subject": "2", "recorded-or-robo": "Y", "city": "Rockville", "state": "MD", "area-code": "310"}, {"id": "1d36742e3f24f50e4e7ae828012ab308", "number": "2139373115", "date": "2020-10-21 19:24:00", "subject": "2", "recorded-or-robo": "Y", "city": "Rockville", "state": "MD", "area-code": "310"}, {"id": "e81c9350d54f66c6d33b3747eebea542", "number": "+16468832008", "date": "2021-01-22 22:54:23", "subject": "3", "recorded-or-robo": "Y", "city": "", "state": "AZ", "area-code": "928"}, {"id": "1d36742e3f24f50e4e7ae82801538c0b", "number": "+16468832008", "date": "2021-01-22 22:54:23", "subject": "3", "recorded-or-robo": "Y", "city": "", "state": "AZ", "area-code": "928"}, {"id": "e81c9350d54f66c6d33b3747ee953575", "number": "4055443067", "date": "2021-01-19 19:10:00", "subject": "3", "recorded-or-robo": "", "city": "Massillon", "state": "OH", "area-code": "330"}, {"id": "1d36742e3f24f50e4e7ae828012ab1d1", "number": "4055443067", "date": "2021-01-19 19:10:00", "subject": "3", "recorded-or-robo": "", "city": "Massillon", "state": "OH", "area-code": "330"}, {"id": "e81c9350d54f66c6d33b3747eebf09e7", "number": "8552933726", "date": "2021-01-22 22:54:14", "subject": "3", "recorded-or-robo": "Y", "city": "", "state": "UT", "area-code": "801"}, {"id": "1d36742e3f24f50e4e7ae8280153f5f4", "number": "8552933726", "date": "2021-01-22 22:54:14", "subject": "3", "recorded-or-robo": "Y", "city": "", "state": "UT", "area-code": "801"}, {"id": "e81c9350d54f66c6d33b3747ee952eba", "number": "2139622213", "date": "2020-10-31 20:01:00", "subject": "2", "recorded-or-robo": "Y", "city": "Rockville", "state": "MD", "area-code": "310"}, {"id": "1d36742e3f24f50e4e7ae828012aabf1", "number": "2139622213", "date": "2020-10-31 20:01:00", "subject": "2", "recorded-or-robo": "Y", "city": "Rockville", "state": "MD", "area-code": "310"}, {"id": "e81c9350d54f66c6d33b3747eebf3b8d", "number": "8552933726", "date": "2021-01-22 22:54:03", "subject": "3", "recorded-or-robo": "Y", "city": "", "state": "UT", "area-code": "801"}, {"id": "1d36742e3f24f50e4e7ae82801543172", "number": "8552933726", "date": "2021-01-22 22:54:03", "subject": "3", "recorded-or-robo": "Y", "city": "", "state": "UT", "area-code": "801"}, {"id": "e81c9350d54f66c6d33b3747eebe64e3", "number": "8552933726", "date": "2021-01-22 22:53:53", "subject": "3", "recorded-or-robo": "Y", "city": "", "state": "UT", "area-code": "801"}]}