{"data": [{"id": "1d36742e3f24f50e4e7ae828015da5a8", "number": "4693446269", "date": "2021-01-14 15:58:00", "subject": "3", "recorded-or-robo": "N", "city": "", "state": "NJ", "area-code": "908"}, {"id": "e81c9350d54f66c6d33b3747eec88aec", "number": "7602920527", "date": "2021-01-22 13:24:00", "subject": "4", "recorded-or-robo": "Y", "city": "Escondido", "state": "CA", "area-code": "760"}, {"id": "1d36742e3f24f50e4e7ae828015d9665", "number": "7602920527", "date": "2021-01-22 13:24:00", "subject": "4", "recorded-or-robo": "Y", "city": "Escondido", "state": "CA", "area-code": "760"}, {"id": "e81c9350d54f66c6d33b3747eec87b25", "number": "8324315015", "date": "2021-01-20 12:23:00", "subject": "2", "recorded-or-robo": "Y", "city": "Houston", "state": "TX", "area-code": "979"}, {"id": "1d36742e3f24f50e4e7ae828015d8e9c", "number": "8324315015", "date": "2021-01-20 12:23:00", "subject": "2", "recorded-or-robo": "Y", "city": "Houston", "state": "TX", "area-code": "979"}, {"id": "e81c9350d54f66c6d33b3747eec8780e", "number": "7752871185", "date": "2021-01-23 00:00:00", "subject": "2", "recorded-or-robo": "N", "city": "", "state": "NV", "area-code": "775"}, {"id": "1d36742e3f24f50e4e7ae828015d8c21", "number": "7752871185", "date": "2021-01-23 00:00:00", "subject": "2", "recorded-or-robo": "N", "city": "", "state": "NV", "area-code": "775"}, {"id": "3decc6bfadaa436a105714c6ba538229", "number": "8174065414", "date": "2021-01-23 03:56:11", "subject": "3", "recorded-or-robo": "Y", "city": "", "state": "TX", "area-code": "210"}, {"id": "1d36742e3f24f50e4e7ae82801e96ce5", "number": "8174065414", "date": "2021-01-23 03:56:11", "subject": "3", "recorded-or-robo": "Y", "city": "", "state": "TX", "area-code": "210"}, {"id": "e81c9350d54f66c6d33b3747eec8708a", "number": "8324315015", "date": "2021-01-20 12:22:00", "subject": "2", "recorded-or-robo": "Y", "city": "Houston", "state": "TX", "area-code": "979"}, {"id": "1d36742e3f24f50e4e7ae828015d7c95", "number": "8324315015", "date": "2021-01-20 12:22:00", "subject": "2", "recorded-or-robo": "Y", "city": "Houston", "state": "TX", "area-code": "979"}, {"id": "3decc6bfadaa436a105714c6ba53791a", "number": "2129812223", "date": "2021-01-23 03:54:30", "subject": "3", "recorded-or-robo": "Y", "city": "", "state": "NY", "area-code": "212"}, {"id": "1d36742e3f24f50e4e7ae82801e96acb", "number": "2129812223", "date": "2021-01-23 03:54:30", "subject": "3", "recorded-or-robo": "Y", "city": "", "state": "NY", "area-code": "212"}, {"id": "e81c9350d54f66c6d33b3747eec8620e", "number": "3045785971", "date": "2021-01-21 14:38:00", "subject": "0", "recorded-or-robo": "N", "city": "Nitro,", "state": "WV", "area-code": "304"}, {"id": "1d36742e3f24f50e4e7ae828015d7689", "number": "3045785971", "date": "2021-01-21 14:38:00", "subject": "0", "recorded-or-robo": "N", "city": "Nitro,", "state": "WV", "area-code": "304"}, {"id": "3decc6bfadaa436a105714c6ba536d2e", "number": "9726635734", "date": "2021-01-23 03:53:47", "subject": "3", "recorded-or-robo": "N", "city": "", "state": "FL", "area-code": "954"}, {"id": "1d36742e3f24f50e4e7ae82801e95a4d", "number": "9726635734", "date": "2021-01-23 03:53:47", "subject": "3", "recorded-or-robo": "N", "city": "", "state": "FL", "area-code": "954"}, {"id": "e81c9350d54f66c6d33b3747eec85f0d", "number": "7135109744", "date": "2021-01-20 08:20:00", "subject": "2", "recorded-or-robo": "Y", "city": "Houston", "state": "TX", "area-code": "979"}, {"id": "1d36742e3f24f50e4e7ae828015d758e", "number": "7135109744", "date": "2021-01-20 08:20:00", "subject": "2", "recorded-or-robo": "Y", "city": "Houston", "state": "TX", "area-code": "979"}, {"id": "e81c9350d54f66c6d33b3747eec8563f", "number": "6892233941", "date": "2021-01-21 17:32:00", "subject": "0", "recorded-or-robo": "N", "city": "Nitro,", "state": "WV", "area-code": "304"}, {"id": "1d36742e3f24f50e4e7ae828015d743b", "number": "6892233941", "date": "2021-01-21 17:32:00", "subject": "0", "recorded-or-robo": "N", "city": "Nitro,", "state": "WV", "area-code": "304"}, {"id": "3decc6bfadaa436a105714c6ba534fab", "number": "6263326483", "date": "2021-01-23 03:49:38", "subject": "3", "recorded-or-robo": "Y", "city": "", "state": "CA", "area-code": "626"}, {"id": "1d36742e3f24f50e4e7ae82801e93c0c", "number": "6263326483", "date": "2021-01-23 03:49:38", "subject": "3", "recorded-or-robo": "Y", "city": "", "state": "CA", "area-code": "626"}, {"id": "3decc6bfadaa436a105714c6ba53623f", "number": "6263326483", "date": "2021-01-23 03:49:37", "subject": "3", "recorded-or-robo": "Y", "city": "", "state": "CA", "area-code": "626"}, {"id": "1d36742e3f24f50e4e7ae82801e95228", "number": "6263326483", "date": "2021-01-23 03:49:37", "subject": "3", "recorded-or-robo": "Y", "city": "", "state": "CA", "area-code": "626"}, {"id": "e81c9350d54f66c6d33b3747eec847ec", "number": "3047204207", "date": "2021-01-22 09:41:00", "subject": "0", "recorded-or-robo": "N", "city": "Nitro,", "state": "WV", "area-code": "304"}, {"id": "1d36742e3f24f50e4e7ae828015d6f55", "number": "3047204207", "date": "2021-01-22 09:41:00", "subject": "0", "recorded-or-robo": "N", "city": "Nitro,", "state": "WV", "area-code": "304"}, {"id": "3decc6bfadaa436a105714c6ba5377a2", "number": "6263316248", "date": "2021-01-23 03:49:28", "subject": "3", "recorded-or-robo": "Y", "city": "", "state": "CA", "area-code": "626"}, {"id": "1d36742e3f24f50e4e7ae82801e964f9", "number": "6263316248", "date": "2021-01-23 03:49:28", "subject": "3", "recorded-or-robo": "Y", "city": "", "state": "CA", "area-code": "626"}, {"id": "3decc6bfadaa436a105714c6ba5352c3", "number": "6269120171", "date": "2021-01-23 03:49:20", "subject": "3", "recorded-or-robo": "Y", "city": "", "state": "CA", "area-code": "626"}, {"id": "1d36742e3f24f50e4e7ae82801e94392", "number": "6269120171", "date": "2021-01-23 03:49:20", "subject": "3", "recorded-or-robo": "Y", "city": "", "state": "CA", "area-code": "626"}, {"id": "3decc6bfadaa436a105714c6ba5347d9", "number": "6263643095", "date": "2021-01-23 03:49:11", "subject": "3", "recorded-or-robo": "Y", "city": "", "state": "CA", "area-code": "626"}, {"id": "1d36742e3f24f50e4e7ae82801e934e7", "number": "6263643095", "date": "2021-01-23 03:49:11", "subject": "3", "recorded-or-robo": "Y", "city": "", "state": "CA", "area-code": "626"}, {"id": "3decc6bfadaa436a105714c6ba535706", "number": "6263643095", "date": "2021-01-23 03:49:10", "subject": "3", "recorded-or-robo": "Y", "city": "", "state": "CA", "area-code": "626"}, {"id": "1d36742e3f24f50e4e7ae82801e94e11", "number": "6263643095", "date": "2021-01-23 03:49:10", "subject": "3", "recorded-or-robo": "Y", "city": "", "state": "CA", "area-code": "626"}, {"id": "e81c9350d54f66c6d33b3747eec83dab", "number": "3043011021", "date": "2021-01-22 11:38:00", "subject": "0", "recorded-or-robo": "N", "city": "Nitro,", "state": "WV", "area-code": "304"}, {"id": "1d36742e3f24f50e4e7ae828015d6d87", "number": "3043011021", "date": "2021-01-22 11:38:00", "subject": "0", "recorded-or-robo": "N", "city": "Nitro,", "state": "WV", "area-code": "304"}, {"id": "3decc6bfadaa436a105714c6ba531e30", "number": "+16617710351", "date": "2021-01-23 03:47:18", "subject": "3", "recorded-or-robo": "N", "city": "", "state": "CA", "area-code": "661"}, {"id": "1d36742e3f24f50e4e7ae82801e8fb03", "number": "+16617710351", "date": "2021-01-23 03:47:18", "subject": "3", "recorded-or-robo": "N", "city": "", "state": "CA", "area-code": "661"}, {"id": "e81c9350d54f66c6d33b3747eec838d9", "number": "5592021870", "date": "2021-01-21 12:48:00", "subject": "5", "recorded-or-robo": "Y", "city": "San Jose", "state": "CA", "area-code": "408"}, {"id": "1d36742e3f24f50e4e7ae828015d5f92", "number": "5592021870", "date": "2021-01-21 12:48:00", "subject": "5", "recorded-or-robo": "Y", "city": "San Jose", "state": "CA", "area-code": "408"}, {"id": "e81c9350d54f66c6d33b3747eec83636", "number": "3043011025", "date": "2021-01-22 12:09:00", "subject": "0", "recorded-or-robo": "N", "city": "Nitro,", "state": "WV", "area-code": "304"}, {"id": "1d36742e3f24f50e4e7ae828015d5f85", "number": "3043011025", "date": "2021-01-22 12:09:00", "subject": "0", "recorded-or-robo": "N", "city": "Nitro,", "state": "WV", "area-code": "304"}, {"id": "e81c9350d54f66c6d33b3747eec83007", "number": "3149249598", "date": "2021-01-22 15:26:00", "subject": "2", "recorded-or-robo": "Y", "city": "", "state": "MO", "area-code": "314"}, {"id": "1d36742e3f24f50e4e7ae828015d5820", "number": "3149249598", "date": "2021-01-22 15:26:00", "subject": "2", "recorded-or-robo": "Y", "city": "", "state": "MO", "area-code": "314"}, {"id": "3decc6bfadaa436a105714c6ba5332c2", "number": "4694813287", "date": "2021-01-23 03:45:09", "subject": "3", "recorded-or-robo": "Y", "city": "", "state": "NY", "area-code": "845"}, {"id": "1d36742e3f24f50e4e7ae82801e90b98", "number": "4694813287", "date": "2021-01-23 03:45:09", "subject": "3", "recorded-or-robo": "Y", "city": "", "state": "NY", "area-code": "845"}, {"id": "3decc6bfadaa436a105714c6ba53410c", "number": "4694813287", "date": "2021-01-23 03:45:08", "subject": "3", "recorded-or-robo": "Y", "city": "", "state": "NY", "area-code": "845"}, {"id": "1d36742e3f24f50e4e7ae82801e92600", "number": "4694813287", "date": "2021-01-23 03:45:08", "subject": "3", "recorded-or-robo": "Y", "city": "", "state": "NY", "area-code": "845"}, {"id": "3decc6bfadaa436a105714c6ba5314ea", "number": "6262506734", "date": "2021-01-23 03:44:46", "subject": "3", "recorded-or-robo": "N", "city": "", "state": "CA", "area-code": "626"}]}