{"data": [{"id": "1d36742e3f24f50e4e7ae8280109304d", "number": "", "date": "2021-01-22 12:50:00", "subject": "3", "recorded-or-robo": "N", "city": "", "state": "TX", "area-code": "214"}, {"id": "e81c9350d54f66c6d33b3747ee740baf", "number": "8663580285", "date": "2021-01-17 16:41:00", "subject": "2", "recorded-or-robo": "Y", "city": "Medford", "state": "OR", "area-code": "541"}, {"id": "e81c9350d54f66c6d33b3747ee73e414", "number": "5133421622", "date": "2021-01-22 16:24:00", "subject": "3", "recorded-or-robo": "", "city": "", "state": "OH", "area-code": "513"}, {"id": "1d36742e3f24f50e4e7ae8280109435d", "number": "8663580285", "date": "2021-01-17 16:41:00", "subject": "2", "recorded-or-robo": "Y", "city": "Medford", "state": "OR", "area-code": "541"}, {"id": "1d36742e3f24f50e4e7ae828010917cb", "number": "5133421622", "date": "2021-01-22 16:24:00", "subject": "3", "recorded-or-robo": "", "city": "", "state": "OH", "area-code": "513"}, {"id": "e81c9350d54f66c6d33b3747ee74060c", "number": "6305010804", "date": "2021-01-20 16:39:00", "subject": "2", "recorded-or-robo": "Y", "city": "Hanover Park", "state": "IL", "area-code": "630"}, {"id": "1d36742e3f24f50e4e7ae82801093e0e", "number": "6305010804", "date": "2021-01-20 16:39:00", "subject": "2", "recorded-or-robo": "Y", "city": "Hanover Park", "state": "IL", "area-code": "630"}, {"id": "e81c9350d54f66c6d33b3747ee7404c2", "number": "6263090609", "date": "2021-01-22 18:38:00", "subject": "7", "recorded-or-robo": "Y", "city": "Glendale", "state": "CA", "area-code": "626"}, {"id": "1d36742e3f24f50e4e7ae82801093458", "number": "6263090609", "date": "2021-01-22 18:38:00", "subject": "7", "recorded-or-robo": "Y", "city": "Glendale", "state": "CA", "area-code": "626"}, {"id": "e81c9350d54f66c6d33b3747eea6e11d", "number": "3159481279", "date": "2021-01-22 19:42:14", "subject": "3", "recorded-or-robo": "N", "city": "", "state": "NY", "area-code": "315"}, {"id": "1d36742e3f24f50e4e7ae828013bb3d9", "number": "3159481279", "date": "2021-01-22 19:42:14", "subject": "3", "recorded-or-robo": "N", "city": "", "state": "NY", "area-code": "315"}, {"id": "e81c9350d54f66c6d33b3747ee73f87d", "number": "7082276073", "date": "2021-01-22 09:05:00", "subject": "0", "recorded-or-robo": "", "city": "Monee", "state": "IL", "area-code": "708"}, {"id": "1d36742e3f24f50e4e7ae82801092d9b", "number": "7082276073", "date": "2021-01-22 09:05:00", "subject": "0", "recorded-or-robo": "", "city": "Monee", "state": "IL", "area-code": "708"}, {"id": "e81c9350d54f66c6d33b3747eec6c396", "number": "3374123084", "date": "2021-01-22 11:34:00", "subject": "3", "recorded-or-robo": "N", "city": "", "state": "LA", "area-code": "337"}, {"id": "1d36742e3f24f50e4e7ae828015c12e2", "number": "3374123084", "date": "2021-01-22 11:34:00", "subject": "3", "recorded-or-robo": "N", "city": "", "state": "LA", "area-code": "337"}, {"id": "e81c9350d54f66c6d33b3747ee73f00a", "number": "4352556579", "date": "2021-01-21 14:34:00", "subject": "2", "recorded-or-robo": "N", "city": "Maumelle", "state": "AR", "area-code": "501"}, {"id": "1d36742e3f24f50e4e7ae82801092aca", "number": "4352556579", "date": "2021-01-21 14:34:00", "subject": "2", "recorded-or-robo": "N", "city": "Maumelle", "state": "AR", "area-code": "501"}, {"id": "e81c9350d54f66c6d33b3747ee73eb7e", "number": "5306537090", "date": "2021-01-22 13:08:00", "subject": "1", "recorded-or-robo": "N", "city": "", "state": "CA", "area-code": "530"}, {"id": "1d36742e3f24f50e4e7ae82801091c94", "number": "5306537090", "date": "2021-01-22 13:08:00", "subject": "1", "recorded-or-robo": "N", "city": "", "state": "CA", "area-code": "530"}, {"id": "e81c9350d54f66c6d33b3747eea5f2fb", "number": "8557778186", "date": "2021-01-22 19:41:47", "subject": "3", "recorded-or-robo": "Y", "city": "", "state": "CA", "area-code": "310"}, {"id": "1d36742e3f24f50e4e7ae828013acfad", "number": "8557778186", "date": "2021-01-22 19:41:47", "subject": "3", "recorded-or-robo": "Y", "city": "", "state": "CA", "area-code": "310"}, {"id": "e81c9350d54f66c6d33b3747ee73d6bb", "number": "7279987090", "date": "2021-01-21 18:18:00", "subject": "3", "recorded-or-robo": "N", "city": "APOLLO BEACH", "state": "FL", "area-code": "813"}, {"id": "1d36742e3f24f50e4e7ae8280109130c", "number": "7279987090", "date": "2021-01-21 18:18:00", "subject": "3", "recorded-or-robo": "N", "city": "APOLLO BEACH", "state": "FL", "area-code": "813"}, {"id": "e81c9350d54f66c6d33b3747eea64a84", "number": "6264133836", "date": "2021-01-22 19:41:42", "subject": "3", "recorded-or-robo": "N", "city": "", "state": "CA", "area-code": "760"}, {"id": "e81c9350d54f66c6d33b3747ee73d1a5", "number": "4793832425", "date": "2021-01-11 13:13:00", "subject": "3", "recorded-or-robo": "Y", "city": "", "state": "AR", "area-code": "479"}, {"id": "1d36742e3f24f50e4e7ae828013b26ca", "number": "6264133836", "date": "2021-01-22 19:41:42", "subject": "3", "recorded-or-robo": "N", "city": "", "state": "CA", "area-code": "760"}, {"id": "1d36742e3f24f50e4e7ae8280109035a", "number": "4793832425", "date": "2021-01-11 13:13:00", "subject": "3", "recorded-or-robo": "Y", "city": "", "state": "AR", "area-code": "479"}, {"id": "e81c9350d54f66c6d33b3747ee73cdb6", "number": "5074681321", "date": "2021-01-21 10:19:00", "subject": "0", "recorded-or-robo": "", "city": "Southampton", "state": "MA", "area-code": "413"}, {"id": "1d36742e3f24f50e4e7ae8280108f60d", "number": "5074681321", "date": "2021-01-21 10:19:00", "subject": "0", "recorded-or-robo": "", "city": "Southampton", "state": "MA", "area-code": "413"}, {"id": "e81c9350d54f66c6d33b3747ee73c783", "number": "", "date": "2021-01-22 13:05:00", "subject": "11", "recorded-or-robo": "Y", "city": "Long Beach", "state": "CA", "area-code": "562"}, {"id": "1d36742e3f24f50e4e7ae8280108f1c5", "number": "", "date": "2021-01-22 13:05:00", "subject": "11", "recorded-or-robo": "Y", "city": "Long Beach", "state": "CA", "area-code": "562"}, {"id": "e81c9350d54f66c6d33b3747eea5f6c2", "number": "+17278889980", "date": "2021-01-22 19:41:27", "subject": "3", "recorded-or-robo": "Y", "city": "", "state": "FL", "area-code": "727"}, {"id": "1d36742e3f24f50e4e7ae828013ada56", "number": "+17278889980", "date": "2021-01-22 19:41:27", "subject": "3", "recorded-or-robo": "Y", "city": "", "state": "FL", "area-code": "727"}, {"id": "e81c9350d54f66c6d33b3747ee73c595", "number": "2062790213", "date": "2021-01-22 16:35:00", "subject": "2", "recorded-or-robo": "N", "city": "Seattle", "state": "WA", "area-code": "206"}, {"id": "1d36742e3f24f50e4e7ae8280108edad", "number": "2062790213", "date": "2021-01-22 16:35:00", "subject": "2", "recorded-or-robo": "N", "city": "Seattle", "state": "WA", "area-code": "206"}, {"id": "e81c9350d54f66c6d33b3747ee73ba13", "number": "7344747840", "date": "2021-01-22 16:35:00", "subject": "4", "recorded-or-robo": "Y", "city": "Banks", "state": "OR", "area-code": "503"}, {"id": "1d36742e3f24f50e4e7ae8280108de8f", "number": "7344747840", "date": "2021-01-22 16:35:00", "subject": "4", "recorded-or-robo": "Y", "city": "Banks", "state": "OR", "area-code": "503"}, {"id": "e81c9350d54f66c6d33b3747ee73ab4c", "number": "3178637067", "date": "2021-01-22 18:46:00", "subject": "0", "recorded-or-robo": "Y", "city": "Fishers", "state": "IN", "area-code": "317"}, {"id": "1d36742e3f24f50e4e7ae8280108dbb6", "number": "3178637067", "date": "2021-01-22 18:46:00", "subject": "0", "recorded-or-robo": "Y", "city": "Fishers", "state": "IN", "area-code": "317"}, {"id": "e81c9350d54f66c6d33b3747eea687a3", "number": "3039228970", "date": "2021-01-22 19:41:19", "subject": "3", "recorded-or-robo": "Y", "city": "", "state": "CA", "area-code": "310"}, {"id": "1d36742e3f24f50e4e7ae828013b78d1", "number": "3039228970", "date": "2021-01-22 19:41:19", "subject": "3", "recorded-or-robo": "Y", "city": "", "state": "CA", "area-code": "310"}, {"id": "e81c9350d54f66c6d33b3747eea60f9a", "number": "+18473839454", "date": "2021-01-22 19:41:18", "subject": "3", "recorded-or-robo": "Y", "city": "", "state": "IL", "area-code": "847"}, {"id": "1d36742e3f24f50e4e7ae828013af137", "number": "+18473839454", "date": "2021-01-22 19:41:18", "subject": "3", "recorded-or-robo": "Y", "city": "", "state": "IL", "area-code": "847"}, {"id": "e81c9350d54f66c6d33b3747ee73aab2", "number": "3252685517", "date": "2021-01-20 11:40:00", "subject": "1", "recorded-or-robo": "Y", "city": "Seattle", "state": "WA", "area-code": "206"}, {"id": "e81c9350d54f66c6d33b3747ee73a946", "number": "2029074141", "date": "2020-05-11 12:02:00", "subject": "0", "recorded-or-robo": "Y", "city": "Manassas", "state": "VA", "area-code": "703"}, {"id": "1d36742e3f24f50e4e7ae8280108ccd1", "number": "3252685517", "date": "2021-01-20 11:40:00", "subject": "1", "recorded-or-robo": "Y", "city": "Seattle", "state": "WA", "area-code": "206"}, {"id": "1d36742e3f24f50e4e7ae8280108c501", "number": "2029074141", "date": "2020-05-11 12:02:00", "subject": "0", "recorded-or-robo": "Y", "city": "Manassas", "state": "VA", "area-code": "703"}, {"id": "e81c9350d54f66c6d33b3747ee73a412", "number": "8663588311", "date": "2021-01-17 16:56:00", "subject": "2", "recorded-or-robo": "Y", "city": "Medford", "state": "OR", "area-code": "541"}, {"id": "1d36742e3f24f50e4e7ae8280108b870", "number": "8663588311", "date": "2021-01-17 16:56:00", "subject": "2", "recorded-or-robo": "Y", "city": "Medford", "state": "OR", "area-code": "541"}, {"id": "e81c9350d54f66c6d33b3747ee73a115", "number": "9852891919", "date": "2021-01-21 15:15:00", "subject": "2", "recorded-or-robo": "N", "city": "Maumelle", "state": "AR", "area-code": "501"}]}