{"data": [{"id": "1d36742e3f24f50e4e7ae828016a6c25", "number": "7172296125", "date": "2021-01-23 08:01:00", "subject": "3", "recorded-or-robo": "Y", "city": "", "state": "TX", "area-code": "281"}, {"id": "e81c9350d54f66c6d33b3747eed56491", "number": "2188783828", "date": "2021-01-22 15:52:00", "subject": "1", "recorded-or-robo": "Y", "city": "Moore", "state": "SC", "area-code": "864"}, {"id": "1d36742e3f24f50e4e7ae828016a5f7d", "number": "2188783828", "date": "2021-01-22 15:52:00", "subject": "1", "recorded-or-robo": "Y", "city": "Moore", "state": "SC", "area-code": "864"}, {"id": "e81c9350d54f66c6d33b3747eed55fef", "number": "7089426732", "date": "2021-01-15 13:14:00", "subject": "0", "recorded-or-robo": "Y", "city": "Orland Park", "state": "IL", "area-code": "708"}, {"id": "1d36742e3f24f50e4e7ae828016a4fbe", "number": "7089426732", "date": "2021-01-15 13:14:00", "subject": "0", "recorded-or-robo": "Y", "city": "Orland Park", "state": "IL", "area-code": "708"}, {"id": "e81c9350d54f66c6d33b3747eed55ec0", "number": "5172100608", "date": "2021-01-18 19:17:00", "subject": "6", "recorded-or-robo": "N", "city": "Rochester Hills", "state": "MI", "area-code": "248"}, {"id": "1d36742e3f24f50e4e7ae828016a4c38", "number": "5172100608", "date": "2021-01-18 19:17:00", "subject": "6", "recorded-or-robo": "N", "city": "Rochester Hills", "state": "MI", "area-code": "248"}, {"id": "e81c9350d54f66c6d33b3747eed553d3", "number": "3478517539", "date": "2021-01-23 09:04:00", "subject": "2", "recorded-or-robo": "Y", "city": "BROOKLYN", "state": "NY", "area-code": "718"}, {"id": "1d36742e3f24f50e4e7ae828016a411f", "number": "3478517539", "date": "2021-01-23 09:04:00", "subject": "2", "recorded-or-robo": "Y", "city": "BROOKLYN", "state": "NY", "area-code": "718"}, {"id": "e81c9350d54f66c6d33b3747eed54cb7", "number": "9066753151", "date": "2021-01-23 09:28:00", "subject": "2", "recorded-or-robo": "Y", "city": "Calumet", "state": "MI", "area-code": "906"}, {"id": "1d36742e3f24f50e4e7ae828016a3ec4", "number": "9066753151", "date": "2021-01-23 09:28:00", "subject": "2", "recorded-or-robo": "Y", "city": "Calumet", "state": "MI", "area-code": "906"}, {"id": "e81c9350d54f66c6d33b3747eed53d2e", "number": "6319373085", "date": "2021-01-21 10:03:00", "subject": "2", "recorded-or-robo": "N", "city": "", "state": "NY", "area-code": "631"}, {"id": "1d36742e3f24f50e4e7ae828016a3c04", "number": "6319373085", "date": "2021-01-21 10:03:00", "subject": "2", "recorded-or-robo": "N", "city": "", "state": "NY", "area-code": "631"}, {"id": "e81c9350d54f66c6d33b3747eed5341b", "number": "", "date": "2021-01-19 11:28:00", "subject": "7", "recorded-or-robo": "Y", "city": "North Royalton", "state": "OH", "area-code": "440"}, {"id": "1d36742e3f24f50e4e7ae828016a3275", "number": "", "date": "2021-01-19 11:28:00", "subject": "7", "recorded-or-robo": "Y", "city": "North Royalton", "state": "OH", "area-code": "440"}, {"id": "e81c9350d54f66c6d33b3747eed52584", "number": "7187054839", "date": "2021-01-21 15:33:00", "subject": "2", "recorded-or-robo": "Y", "city": "BROOKLYN", "state": "NY", "area-code": "718"}, {"id": "1d36742e3f24f50e4e7ae828016a2bab", "number": "7187054839", "date": "2021-01-21 15:33:00", "subject": "2", "recorded-or-robo": "Y", "city": "BROOKLYN", "state": "NY", "area-code": "718"}, {"id": "e81c9350d54f66c6d33b3747eed51751", "number": "5623079685", "date": "2021-01-23 05:25:00", "subject": "6", "recorded-or-robo": "Y", "city": "", "state": "CA", "area-code": "949"}, {"id": "1d36742e3f24f50e4e7ae828016a1f69", "number": "5623079685", "date": "2021-01-23 05:25:00", "subject": "6", "recorded-or-robo": "Y", "city": "", "state": "CA", "area-code": "949"}, {"id": "e81c9350d54f66c6d33b3747eed50f6d", "number": "2029258704", "date": "2021-01-21 12:46:00", "subject": "2", "recorded-or-robo": "Y", "city": "Tinley park", "state": "IL", "area-code": "480"}, {"id": "1d36742e3f24f50e4e7ae828016a1433", "number": "2029258704", "date": "2021-01-21 12:46:00", "subject": "2", "recorded-or-robo": "Y", "city": "Tinley park", "state": "IL", "area-code": "480"}, {"id": "e81c9350d54f66c6d33b3747eed50323", "number": "12113162800430", "date": "2021-01-21 13:16:00", "subject": "2", "recorded-or-robo": "N", "city": "", "state": "NY", "area-code": "631"}, {"id": "1d36742e3f24f50e4e7ae828016a1379", "number": "12113162800430", "date": "2021-01-21 13:16:00", "subject": "2", "recorded-or-robo": "N", "city": "", "state": "NY", "area-code": "631"}, {"id": "e81c9350d54f66c6d33b3747eed4ffd0", "number": "7089426732", "date": "2021-01-16 19:27:00", "subject": "0", "recorded-or-robo": "Y", "city": "Orland Park", "state": "IL", "area-code": "708"}, {"id": "1d36742e3f24f50e4e7ae828016a0bda", "number": "7089426732", "date": "2021-01-16 19:27:00", "subject": "0", "recorded-or-robo": "Y", "city": "Orland Park", "state": "IL", "area-code": "708"}, {"id": "e81c9350d54f66c6d33b3747eed4febe", "number": "7183363050", "date": "2021-01-21 12:20:00", "subject": "2", "recorded-or-robo": "Y", "city": "BROOKLYN", "state": "NY", "area-code": "718"}, {"id": "1d36742e3f24f50e4e7ae828016a07c3", "number": "7183363050", "date": "2021-01-21 12:20:00", "subject": "2", "recorded-or-robo": "Y", "city": "BROOKLYN", "state": "NY", "area-code": "718"}, {"id": "e81c9350d54f66c6d33b3747eed4fe7c", "number": "8553308653", "date": "2021-01-23 03:26:00", "subject": "11", "recorded-or-robo": "Y", "city": "Shorewood", "state": "WI", "area-code": "414"}, {"id": "1d36742e3f24f50e4e7ae828016a06f9", "number": "8553308653", "date": "2021-01-23 03:26:00", "subject": "11", "recorded-or-robo": "Y", "city": "Shorewood", "state": "WI", "area-code": "414"}, {"id": "e81c9350d54f66c6d33b3747eed4f55e", "number": "3097771288", "date": "2021-01-21 01:17:00", "subject": "4", "recorded-or-robo": "Y", "city": "Chillicothe", "state": "IL", "area-code": "309"}, {"id": "1d36742e3f24f50e4e7ae8280169f7ff", "number": "3097771288", "date": "2021-01-21 01:17:00", "subject": "4", "recorded-or-robo": "Y", "city": "Chillicothe", "state": "IL", "area-code": "309"}, {"id": "e81c9350d54f66c6d33b3747eed4ec80", "number": "8645953023", "date": "2021-01-22 15:44:00", "subject": "5", "recorded-or-robo": "Y", "city": "Moore", "state": "SC", "area-code": "864"}, {"id": "1d36742e3f24f50e4e7ae8280169ef62", "number": "8645953023", "date": "2021-01-22 15:44:00", "subject": "5", "recorded-or-robo": "Y", "city": "Moore", "state": "SC", "area-code": "864"}, {"id": "e81c9350d54f66c6d33b3747eed4e9f0", "number": "8883545559", "date": "2021-01-23 09:25:00", "subject": "2", "recorded-or-robo": "N", "city": "SEABOARD", "state": "NC", "area-code": "252"}, {"id": "1d36742e3f24f50e4e7ae8280169e6a2", "number": "8883545559", "date": "2021-01-23 09:25:00", "subject": "2", "recorded-or-robo": "N", "city": "SEABOARD", "state": "NC", "area-code": "252"}, {"id": "e81c9350d54f66c6d33b3747eed4e454", "number": "6319373085", "date": "2021-01-21 16:28:00", "subject": "2", "recorded-or-robo": "N", "city": "", "state": "NY", "area-code": "631"}, {"id": "1d36742e3f24f50e4e7ae8280169dbfa", "number": "6319373085", "date": "2021-01-21 16:28:00", "subject": "2", "recorded-or-robo": "N", "city": "", "state": "NY", "area-code": "631"}, {"id": "e81c9350d54f66c6d33b3747eed4dcfb", "number": "8008922253", "date": "2021-01-20 18:37:00", "subject": "3", "recorded-or-robo": "Y", "city": "BROOKLYN", "state": "NY", "area-code": "718"}, {"id": "1d36742e3f24f50e4e7ae8280169d59e", "number": "8008922253", "date": "2021-01-20 18:37:00", "subject": "3", "recorded-or-robo": "Y", "city": "BROOKLYN", "state": "NY", "area-code": "718"}, {"id": "e81c9350d54f66c6d33b3747eed4d57d", "number": "", "date": "2021-01-23 08:25:00", "subject": "2", "recorded-or-robo": "", "city": "Austin", "state": "TX", "area-code": "512"}, {"id": "1d36742e3f24f50e4e7ae8280169c8d1", "number": "", "date": "2021-01-23 08:25:00", "subject": "2", "recorded-or-robo": "", "city": "Austin", "state": "TX", "area-code": "512"}, {"id": "e81c9350d54f66c6d33b3747eed4d50f", "number": "8008922253", "date": "2021-01-14 12:24:00", "subject": "2", "recorded-or-robo": "Y", "city": "BROOKLYN", "state": "NY", "area-code": "718"}, {"id": "e81c9350d54f66c6d33b3747eed4d0a0", "number": "6315472503", "date": "2021-01-22 16:01:00", "subject": "2", "recorded-or-robo": "N", "city": "", "state": "NY", "area-code": "631"}, {"id": "1d36742e3f24f50e4e7ae8280169bbc9", "number": "8008922253", "date": "2021-01-14 12:24:00", "subject": "2", "recorded-or-robo": "Y", "city": "BROOKLYN", "state": "NY", "area-code": "718"}, {"id": "1d36742e3f24f50e4e7ae8280169b502", "number": "6315472503", "date": "2021-01-22 16:01:00", "subject": "2", "recorded-or-robo": "N", "city": "", "state": "NY", "area-code": "631"}, {"id": "e81c9350d54f66c6d33b3747eed4c3be", "number": "7089426732", "date": "2021-01-17 14:20:00", "subject": "0", "recorded-or-robo": "Y", "city": "Orland Park", "state": "IL", "area-code": "708"}, {"id": "1d36742e3f24f50e4e7ae8280169b3d9", "number": "7089426732", "date": "2021-01-17 14:20:00", "subject": "0", "recorded-or-robo": "Y", "city": "Orland Park", "state": "IL", "area-code": "708"}, {"id": "e81c9350d54f66c6d33b3747eed4b9d9", "number": "5512141739", "date": "2021-01-23 09:29:00", "subject": "6", "recorded-or-robo": "N", "city": "Porter Corners", "state": "NY", "area-code": "518"}, {"id": "1d36742e3f24f50e4e7ae8280169b200", "number": "5512141739", "date": "2021-01-23 09:29:00", "subject": "6", "recorded-or-robo": "N", "city": "Porter Corners", "state": "NY", "area-code": "518"}, {"id": "e81c9350d54f66c6d33b3747eed4b1d1", "number": "7187054839", "date": "2021-01-20 14:12:00", "subject": "2", "recorded-or-robo": "Y", "city": "BROOKLYN", "state": "NY", "area-code": "718"}]}