{"data": [{"id": "deca54a6651fb9add5b4a9816ccdc634", "number": "6197394396", "date": "2021-01-11 13:00:00", "subject": "3", "recorded-or-robo": "Y", "city": "GILROY", "state": "CA", "area-code": "408"}, {"id": "e81c9350d54f66c6d33b3747ee38d314", "number": "3105047681", "date": "2021-01-20 15:14:00", "subject": "7", "recorded-or-robo": "Y", "city": "", "state": "CA", "area-code": "310"}, {"id": "deca54a6651fb9add5b4a9816ccdb62a", "number": "3105047681", "date": "2021-01-20 15:14:00", "subject": "7", "recorded-or-robo": "Y", "city": "", "state": "CA", "area-code": "310"}, {"id": "e81c9350d54f66c6d33b3747ee38cae2", "number": "5095389822", "date": "2021-01-22 16:23:00", "subject": "1", "recorded-or-robo": "Y", "city": "Willard", "state": "WA", "area-code": "509"}, {"id": "deca54a6651fb9add5b4a9816ccdb193", "number": "5095389822", "date": "2021-01-22 16:23:00", "subject": "1", "recorded-or-robo": "Y", "city": "Willard", "state": "WA", "area-code": "509"}, {"id": "e81c9350d54f66c6d33b3747ee38ca5f", "number": "4242944321", "date": "2021-01-07 00:00:00", "subject": "3", "recorded-or-robo": "", "city": "", "state": "CA", "area-code": "760"}, {"id": "deca54a6651fb9add5b4a9816ccdaf76", "number": "4242944321", "date": "2021-01-07 00:00:00", "subject": "3", "recorded-or-robo": "", "city": "", "state": "CA", "area-code": "760"}, {"id": "e81c9350d54f66c6d33b3747ee38c8ef", "number": "2547801863", "date": "2021-01-22 13:01:00", "subject": "2", "recorded-or-robo": "Y", "city": "Belton", "state": "TX", "area-code": "254"}, {"id": "deca54a6651fb9add5b4a9816ccdacd7", "number": "2547801863", "date": "2021-01-22 13:01:00", "subject": "2", "recorded-or-robo": "Y", "city": "Belton", "state": "TX", "area-code": "254"}, {"id": "e81c9350d54f66c6d33b3747ee38c0ec", "number": "7143421869", "date": "2021-01-22 15:32:00", "subject": "7", "recorded-or-robo": "Y", "city": "Fountain Valley", "state": "CA", "area-code": "714"}, {"id": "deca54a6651fb9add5b4a9816ccdab0b", "number": "7143421869", "date": "2021-01-22 15:32:00", "subject": "7", "recorded-or-robo": "Y", "city": "Fountain Valley", "state": "CA", "area-code": "714"}, {"id": "e81c9350d54f66c6d33b3747ee38bda1", "number": "6505383168", "date": "2021-01-22 02:49:00", "subject": "2", "recorded-or-robo": "N", "city": "", "state": "CA", "area-code": "408"}, {"id": "deca54a6651fb9add5b4a9816ccda973", "number": "6505383168", "date": "2021-01-22 02:49:00", "subject": "2", "recorded-or-robo": "N", "city": "", "state": "CA", "area-code": "408"}, {"id": "e81c9350d54f66c6d33b3747ee38b35f", "number": "", "date": "2021-01-21 17:27:00", "subject": "2", "recorded-or-robo": "Y", "city": "", "state": "TN", "area-code": "615"}, {"id": "deca54a6651fb9add5b4a9816ccda813", "number": "", "date": "2021-01-21 17:27:00", "subject": "2", "recorded-or-robo": "Y", "city": "", "state": "TN", "area-code": "615"}, {"id": "e81c9350d54f66c6d33b3747ee38b13a", "number": "4137304745", "date": "2021-01-22 17:52:00", "subject": "3", "recorded-or-robo": "N", "city": "Seminole", "state": "MA", "area-code": "978"}, {"id": "deca54a6651fb9add5b4a9816ccda335", "number": "4137304745", "date": "2021-01-22 17:52:00", "subject": "3", "recorded-or-robo": "N", "city": "Seminole", "state": "MA", "area-code": "978"}, {"id": "e81c9350d54f66c6d33b3747ee38a7cf", "number": "7205721717", "date": "2021-01-22 15:26:00", "subject": "2", "recorded-or-robo": "Y", "city": "Clovis", "state": "CA", "area-code": "559"}, {"id": "deca54a6651fb9add5b4a9816ccda096", "number": "7205721717", "date": "2021-01-22 15:26:00", "subject": "2", "recorded-or-robo": "Y", "city": "Clovis", "state": "CA", "area-code": "559"}, {"id": "e81c9350d54f66c6d33b3747ee389e83", "number": "2088575458", "date": "2021-01-22 15:13:00", "subject": "4", "recorded-or-robo": "Y", "city": "Nampa", "state": "ID", "area-code": "208"}, {"id": "deca54a6651fb9add5b4a9816ccd980d", "number": "2088575458", "date": "2021-01-22 15:13:00", "subject": "4", "recorded-or-robo": "Y", "city": "Nampa", "state": "ID", "area-code": "208"}, {"id": "e81c9350d54f66c6d33b3747eec6538e", "number": "3042211970", "date": "2021-01-22 18:30:00", "subject": "3", "recorded-or-robo": "Y", "city": "", "state": "WV", "area-code": "304"}, {"id": "1d36742e3f24f50e4e7ae828015bb008", "number": "3042211970", "date": "2021-01-22 18:30:00", "subject": "3", "recorded-or-robo": "Y", "city": "", "state": "WV", "area-code": "304"}, {"id": "e81c9350d54f66c6d33b3747ee389636", "number": "5613322058", "date": "2021-01-22 10:36:00", "subject": "2", "recorded-or-robo": "Y", "city": "Jupiter", "state": "FL", "area-code": "561"}, {"id": "e81c9350d54f66c6d33b3747ee388a07", "number": "5594621010", "date": "2021-01-08 00:00:00", "subject": "3", "recorded-or-robo": "", "city": "", "state": "CA", "area-code": "760"}, {"id": "deca54a6651fb9add5b4a9816ccd8b7f", "number": "5613322058", "date": "2021-01-22 10:36:00", "subject": "2", "recorded-or-robo": "Y", "city": "Jupiter", "state": "FL", "area-code": "561"}, {"id": "deca54a6651fb9add5b4a9816ccd7dc3", "number": "5594621010", "date": "2021-01-08 00:00:00", "subject": "3", "recorded-or-robo": "", "city": "", "state": "CA", "area-code": "760"}, {"id": "e81c9350d54f66c6d33b3747ee38863a", "number": "", "date": "2021-01-22 17:59:00", "subject": "0", "recorded-or-robo": "Y", "city": "Old Bridge", "state": "NJ", "area-code": "973"}, {"id": "deca54a6651fb9add5b4a9816ccd7ae8", "number": "", "date": "2021-01-22 17:59:00", "subject": "0", "recorded-or-robo": "Y", "city": "Old Bridge", "state": "NJ", "area-code": "973"}, {"id": "e81c9350d54f66c6d33b3747ee9df75f", "number": "+13525103412", "date": "2021-01-22 18:38:49", "subject": "3", "recorded-or-robo": "N", "city": "", "state": "FL", "area-code": "352"}, {"id": "e81c9350d54f66c6d33b3747ee38771b", "number": "5612077491", "date": "2021-01-22 14:00:00", "subject": "1", "recorded-or-robo": "Y", "city": "Los Angeles", "state": "CA", "area-code": "323"}, {"id": "deca54a6651fb9add5b4a9816ccd734d", "number": "5612077491", "date": "2021-01-22 14:00:00", "subject": "1", "recorded-or-robo": "Y", "city": "Los Angeles", "state": "CA", "area-code": "323"}, {"id": "1d36742e3f24f50e4e7ae82801330525", "number": "+13525103412", "date": "2021-01-22 18:38:49", "subject": "3", "recorded-or-robo": "N", "city": "", "state": "FL", "area-code": "352"}, {"id": "e81c9350d54f66c6d33b3747ee3874f0", "number": "3345022865", "date": "2021-01-13 14:00:00", "subject": "4", "recorded-or-robo": "Y", "city": "GILROY", "state": "CA", "area-code": "408"}, {"id": "deca54a6651fb9add5b4a9816ccd6ba8", "number": "3345022865", "date": "2021-01-13 14:00:00", "subject": "4", "recorded-or-robo": "Y", "city": "GILROY", "state": "CA", "area-code": "408"}, {"id": "e81c9350d54f66c6d33b3747ee9e1037", "number": "8324716482", "date": "2021-01-22 18:38:41", "subject": "3", "recorded-or-robo": "Y", "city": "", "state": "TX", "area-code": "832"}, {"id": "1d36742e3f24f50e4e7ae828013321b7", "number": "8324716482", "date": "2021-01-22 18:38:41", "subject": "3", "recorded-or-robo": "Y", "city": "", "state": "TX", "area-code": "832"}, {"id": "e81c9350d54f66c6d33b3747ee386f00", "number": "9402242447", "date": "2021-01-20 14:43:00", "subject": "5", "recorded-or-robo": "Y", "city": "San Marcos", "state": "NH", "area-code": "603"}, {"id": "deca54a6651fb9add5b4a9816ccd5bf1", "number": "9402242447", "date": "2021-01-20 14:43:00", "subject": "5", "recorded-or-robo": "Y", "city": "San Marcos", "state": "NH", "area-code": "603"}, {"id": "e81c9350d54f66c6d33b3747ee386c06", "number": "4156599170", "date": "2021-01-22 13:23:00", "subject": "0", "recorded-or-robo": "N", "city": "philadelphia", "state": "PA", "area-code": "215"}, {"id": "deca54a6651fb9add5b4a9816ccd5aa7", "number": "4156599170", "date": "2021-01-22 13:23:00", "subject": "0", "recorded-or-robo": "N", "city": "philadelphia", "state": "PA", "area-code": "215"}, {"id": "e81c9350d54f66c6d33b3747ee9d9991", "number": "+16198240630", "date": "2021-01-22 18:38:28", "subject": "3", "recorded-or-robo": "Y", "city": "", "state": "CA", "area-code": "619"}, {"id": "1d36742e3f24f50e4e7ae8280132a013", "number": "+16198240630", "date": "2021-01-22 18:38:28", "subject": "3", "recorded-or-robo": "Y", "city": "", "state": "CA", "area-code": "619"}, {"id": "e81c9350d54f66c6d33b3747ee385e78", "number": "7603540317", "date": "2021-01-08 00:00:00", "subject": "3", "recorded-or-robo": "", "city": "", "state": "CA", "area-code": "760"}, {"id": "e81c9350d54f66c6d33b3747ee385a7e", "number": "4086499138", "date": "2021-01-22 15:28:00", "subject": "2", "recorded-or-robo": "N", "city": "", "state": "CA", "area-code": "408"}, {"id": "e81c9350d54f66c6d33b3747ee38538f", "number": "8103882148", "date": "2021-01-22 16:48:00", "subject": "1", "recorded-or-robo": "Y", "city": "Jeddo", "state": "MI", "area-code": "810"}, {"id": "deca54a6651fb9add5b4a9816ccd5314", "number": "7603540317", "date": "2021-01-08 00:00:00", "subject": "3", "recorded-or-robo": "", "city": "", "state": "CA", "area-code": "760"}, {"id": "deca54a6651fb9add5b4a9816ccd45f2", "number": "4086499138", "date": "2021-01-22 15:28:00", "subject": "2", "recorded-or-robo": "N", "city": "", "state": "CA", "area-code": "408"}, {"id": "deca54a6651fb9add5b4a9816ccd4115", "number": "8103882148", "date": "2021-01-22 16:48:00", "subject": "1", "recorded-or-robo": "Y", "city": "Jeddo", "state": "MI", "area-code": "810"}, {"id": "e81c9350d54f66c6d33b3747ee38498f", "number": "7025634467", "date": "2021-01-22 14:08:00", "subject": "2", "recorded-or-robo": "Y", "city": "Santee", "state": "CA", "area-code": "702"}]}