{"data": [{"id": "1d36742e3f24f50e4e7ae82801021f9e", "number": "2017750430", "date": "2021-01-22 16:15:00", "subject": "4", "recorded-or-robo": "Y", "city": "Cliffside Park", "state": "NJ", "area-code": "201"}, {"id": "e81c9350d54f66c6d33b3747eea468b7", "number": "4128666140", "date": "2021-01-22 19:25:28", "subject": "3", "recorded-or-robo": "Y", "city": "", "state": "PA", "area-code": "412"}, {"id": "e81c9350d54f66c6d33b3747ee6d5230", "number": "7243139740", "date": "2021-01-22 16:11:00", "subject": "2", "recorded-or-robo": "Y", "city": "", "state": "PA", "area-code": "724"}, {"id": "1d36742e3f24f50e4e7ae82801395ac4", "number": "4128666140", "date": "2021-01-22 19:25:28", "subject": "3", "recorded-or-robo": "Y", "city": "", "state": "PA", "area-code": "412"}, {"id": "1d36742e3f24f50e4e7ae82801021202", "number": "7243139740", "date": "2021-01-22 16:11:00", "subject": "2", "recorded-or-robo": "Y", "city": "", "state": "PA", "area-code": "724"}, {"id": "e81c9350d54f66c6d33b3747ee6d4db4", "number": "5138102636", "date": "2021-01-22 19:23:00", "subject": "2", "recorded-or-robo": "Y", "city": "Cincinnati", "state": "OH", "area-code": "513"}, {"id": "e81c9350d54f66c6d33b3747ee6d3ca3", "number": "3044863001", "date": "2021-01-22 18:43:00", "subject": "3", "recorded-or-robo": "N", "city": "", "state": "WV", "area-code": "304"}, {"id": "1d36742e3f24f50e4e7ae82801020fed", "number": "5138102636", "date": "2021-01-22 19:23:00", "subject": "2", "recorded-or-robo": "Y", "city": "Cincinnati", "state": "OH", "area-code": "513"}, {"id": "1d36742e3f24f50e4e7ae8280101fb7b", "number": "3044863001", "date": "2021-01-22 18:43:00", "subject": "3", "recorded-or-robo": "N", "city": "", "state": "WV", "area-code": "304"}, {"id": "e81c9350d54f66c6d33b3747ee6d3f6a", "number": "6092913311", "date": "2021-01-22 17:28:00", "subject": "0", "recorded-or-robo": "Y", "city": "", "state": "NJ", "area-code": "201"}, {"id": "1d36742e3f24f50e4e7ae82801020cf5", "number": "6092913311", "date": "2021-01-22 17:28:00", "subject": "0", "recorded-or-robo": "Y", "city": "", "state": "NJ", "area-code": "201"}, {"id": "e81c9350d54f66c6d33b3747eea4a97f", "number": "+13203071905", "date": "2021-01-22 19:25:11", "subject": "3", "recorded-or-robo": "Y", "city": "", "state": "FL", "area-code": "561"}, {"id": "1d36742e3f24f50e4e7ae82801397fd5", "number": "+13203071905", "date": "2021-01-22 19:25:11", "subject": "3", "recorded-or-robo": "Y", "city": "", "state": "FL", "area-code": "561"}, {"id": "e81c9350d54f66c6d33b3747ee6d3c70", "number": "4192819692", "date": "2021-01-22 13:32:00", "subject": "2", "recorded-or-robo": "N", "city": "WOOSTER", "state": "OH", "area-code": "330"}, {"id": "1d36742e3f24f50e4e7ae8280101f854", "number": "4192819692", "date": "2021-01-22 13:32:00", "subject": "2", "recorded-or-robo": "N", "city": "WOOSTER", "state": "OH", "area-code": "330"}, {"id": "e81c9350d54f66c6d33b3747ee6d3b9a", "number": "3156958988", "date": "2021-01-20 14:30:00", "subject": "3", "recorded-or-robo": "Y", "city": "Philadelphia", "state": "NY", "area-code": "315"}, {"id": "1d36742e3f24f50e4e7ae8280101f0fe", "number": "3156958988", "date": "2021-01-20 14:30:00", "subject": "3", "recorded-or-robo": "Y", "city": "Philadelphia", "state": "NY", "area-code": "315"}, {"id": "e81c9350d54f66c6d33b3747ee6d372a", "number": "6623951541", "date": "2021-01-22 17:51:00", "subject": "2", "recorded-or-robo": "Y", "city": "Thompsontown", "state": "PA", "area-code": "717"}, {"id": "1d36742e3f24f50e4e7ae8280101edbf", "number": "6623951541", "date": "2021-01-22 17:51:00", "subject": "2", "recorded-or-robo": "Y", "city": "Thompsontown", "state": "PA", "area-code": "717"}, {"id": "e81c9350d54f66c6d33b3747ee6d29c8", "number": "2029140216", "date": "2021-01-22 09:27:00", "subject": "2", "recorded-or-robo": "Y", "city": "las vegas", "state": "NV", "area-code": "702"}, {"id": "1d36742e3f24f50e4e7ae8280101dffd", "number": "2029140216", "date": "2021-01-22 09:27:00", "subject": "2", "recorded-or-robo": "Y", "city": "las vegas", "state": "NV", "area-code": "702"}, {"id": "e81c9350d54f66c6d33b3747eea4396c", "number": "9547767027", "date": "2021-01-22 19:24:54", "subject": "3", "recorded-or-robo": "Y", "city": "", "state": "FL", "area-code": "954"}, {"id": "1d36742e3f24f50e4e7ae828013935d5", "number": "9547767027", "date": "2021-01-22 19:24:54", "subject": "3", "recorded-or-robo": "Y", "city": "", "state": "FL", "area-code": "954"}, {"id": "e81c9350d54f66c6d33b3747ee6d1b34", "number": "8143488080", "date": "2021-01-22 12:51:00", "subject": "4", "recorded-or-robo": "Y", "city": "", "state": "PA", "area-code": "814"}, {"id": "1d36742e3f24f50e4e7ae8280101dacd", "number": "8143488080", "date": "2021-01-22 12:51:00", "subject": "4", "recorded-or-robo": "Y", "city": "", "state": "PA", "area-code": "814"}, {"id": "e81c9350d54f66c6d33b3747ee6d0e81", "number": "3159512827", "date": "2021-01-18 15:06:00", "subject": "0", "recorded-or-robo": "", "city": "Camillus", "state": "NY", "area-code": "315"}, {"id": "1d36742e3f24f50e4e7ae8280101d5bf", "number": "3159512827", "date": "2021-01-18 15:06:00", "subject": "0", "recorded-or-robo": "", "city": "Camillus", "state": "NY", "area-code": "315"}, {"id": "e81c9350d54f66c6d33b3747ee6d083d", "number": "4145023446", "date": "2021-01-22 13:04:00", "subject": "2", "recorded-or-robo": "", "city": "Watertown", "state": "WI", "area-code": "920"}, {"id": "1d36742e3f24f50e4e7ae8280101d46b", "number": "4145023446", "date": "2021-01-22 13:04:00", "subject": "2", "recorded-or-robo": "", "city": "Watertown", "state": "WI", "area-code": "920"}, {"id": "e81c9350d54f66c6d33b3747eea48fb0", "number": "+19167369688", "date": "2021-01-22 19:24:44", "subject": "3", "recorded-or-robo": "Y", "city": "", "state": "CA", "area-code": "909"}, {"id": "1d36742e3f24f50e4e7ae82801397d5d", "number": "+19167369688", "date": "2021-01-22 19:24:44", "subject": "3", "recorded-or-robo": "Y", "city": "", "state": "CA", "area-code": "909"}, {"id": "e81c9350d54f66c6d33b3747ee6d01ec", "number": "4695290320", "date": "2021-01-22 18:19:00", "subject": "2", "recorded-or-robo": "Y", "city": "", "state": "", "area-code": "972"}, {"id": "1d36742e3f24f50e4e7ae8280101cefe", "number": "4695290320", "date": "2021-01-22 18:19:00", "subject": "2", "recorded-or-robo": "Y", "city": "", "state": "", "area-code": "972"}, {"id": "e81c9350d54f66c6d33b3747ee6cf215", "number": "4404358837", "date": "2021-01-22 19:12:00", "subject": "0", "recorded-or-robo": "N", "city": "Madison", "state": "OH", "area-code": "440"}, {"id": "1d36742e3f24f50e4e7ae8280101c563", "number": "4404358837", "date": "2021-01-22 19:12:00", "subject": "0", "recorded-or-robo": "N", "city": "Madison", "state": "OH", "area-code": "440"}, {"id": "e81c9350d54f66c6d33b3747eea47217", "number": "+17792531273", "date": "2021-01-22 19:24:31", "subject": "3", "recorded-or-robo": "Y", "city": "", "state": "AL", "area-code": "205"}, {"id": "1d36742e3f24f50e4e7ae8280139642c", "number": "+17792531273", "date": "2021-01-22 19:24:31", "subject": "3", "recorded-or-robo": "Y", "city": "", "state": "AL", "area-code": "205"}, {"id": "e81c9350d54f66c6d33b3747ee6ceb7c", "number": "8142056965", "date": "2021-01-22 18:04:00", "subject": "2", "recorded-or-robo": "Y", "city": "", "state": "NJ", "area-code": "201"}, {"id": "1d36742e3f24f50e4e7ae8280101b5c3", "number": "8142056965", "date": "2021-01-22 18:04:00", "subject": "2", "recorded-or-robo": "Y", "city": "", "state": "NJ", "area-code": "201"}, {"id": "e81c9350d54f66c6d33b3747ee6cde53", "number": "7032638022", "date": "2020-10-22 12:58:00", "subject": "0", "recorded-or-robo": "Y", "city": "Manassas", "state": "VA", "area-code": "703"}, {"id": "1d36742e3f24f50e4e7ae8280101afe1", "number": "7032638022", "date": "2020-10-22 12:58:00", "subject": "0", "recorded-or-robo": "Y", "city": "Manassas", "state": "VA", "area-code": "703"}, {"id": "e81c9350d54f66c6d33b3747ee6cd0f9", "number": "7277669973", "date": "2021-01-20 16:00:00", "subject": "5", "recorded-or-robo": "Y", "city": "Clearwater", "state": "FL", "area-code": "727"}, {"id": "e81c9350d54f66c6d33b3747ee6cccc3", "number": "9258235240", "date": "2021-01-22 11:07:00", "subject": "4", "recorded-or-robo": "Y", "city": "BURBANK", "state": "CA", "area-code": "818"}, {"id": "1d36742e3f24f50e4e7ae8280101a403", "number": "7277669973", "date": "2021-01-20 16:00:00", "subject": "5", "recorded-or-robo": "Y", "city": "Clearwater", "state": "FL", "area-code": "727"}, {"id": "1d36742e3f24f50e4e7ae8280101a287", "number": "9258235240", "date": "2021-01-22 11:07:00", "subject": "4", "recorded-or-robo": "Y", "city": "BURBANK", "state": "CA", "area-code": "818"}, {"id": "e81c9350d54f66c6d33b3747ee6cc814", "number": "7027033973", "date": "2021-01-22 15:29:00", "subject": "0", "recorded-or-robo": "", "city": "", "state": "CA", "area-code": "714"}, {"id": "1d36742e3f24f50e4e7ae82801019341", "number": "7027033973", "date": "2021-01-22 15:29:00", "subject": "0", "recorded-or-robo": "", "city": "", "state": "CA", "area-code": "714"}, {"id": "e81c9350d54f66c6d33b3747ee6cb9bc", "number": "3159360733", "date": "2021-01-20 16:01:00", "subject": "3", "recorded-or-robo": "Y", "city": "Philadelphia", "state": "NY", "area-code": "315"}, {"id": "e81c9350d54f66c6d33b3747ee6ca9f9", "number": "8142610735", "date": "2021-01-22 17:27:00", "subject": "2", "recorded-or-robo": "Y", "city": "", "state": "PA", "area-code": "724"}, {"id": "1d36742e3f24f50e4e7ae828010190a2", "number": "3159360733", "date": "2021-01-20 16:01:00", "subject": "3", "recorded-or-robo": "Y", "city": "Philadelphia", "state": "NY", "area-code": "315"}]}