{"data": [{"id": "1d36742e3f24f50e4e7ae828016bb58d", "number": "9123557039", "date": "2021-01-22 19:00:00", "subject": "4", "recorded-or-robo": "Y", "city": "SAVANNAH", "state": "GA", "area-code": "478"}, {"id": "e81c9350d54f66c6d33b3747eed6c402", "number": "5613185939", "date": "2021-01-23 09:39:00", "subject": "1", "recorded-or-robo": "Y", "city": "BOCA RATON", "state": "FL", "area-code": "561"}, {"id": "1d36742e3f24f50e4e7ae828016baa6f", "number": "5613185939", "date": "2021-01-23 09:39:00", "subject": "1", "recorded-or-robo": "Y", "city": "BOCA RATON", "state": "FL", "area-code": "561"}, {"id": "e81c9350d54f66c6d33b3747eed6c0e7", "number": "5023058748", "date": "2021-01-23 09:41:00", "subject": "2", "recorded-or-robo": "N", "city": "", "state": "KY", "area-code": "270"}, {"id": "1d36742e3f24f50e4e7ae828016b9a73", "number": "5023058748", "date": "2021-01-23 09:41:00", "subject": "2", "recorded-or-robo": "N", "city": "", "state": "KY", "area-code": "270"}, {"id": "e81c9350d54f66c6d33b3747eed6bc4d", "number": "7085239812", "date": "2021-01-12 15:31:00", "subject": "0", "recorded-or-robo": "N", "city": "Orland Park", "state": "IL", "area-code": "708"}, {"id": "1d36742e3f24f50e4e7ae828016b997c", "number": "7085239812", "date": "2021-01-12 15:31:00", "subject": "0", "recorded-or-robo": "N", "city": "Orland Park", "state": "IL", "area-code": "708"}, {"id": "e81c9350d54f66c6d33b3747eed6bb79", "number": "2146119629", "date": "2021-01-23 08:40:00", "subject": "7", "recorded-or-robo": "Y", "city": "Mesquite", "state": "TX", "area-code": "214"}, {"id": "1d36742e3f24f50e4e7ae828016b980b", "number": "2146119629", "date": "2021-01-23 08:40:00", "subject": "7", "recorded-or-robo": "Y", "city": "Mesquite", "state": "TX", "area-code": "214"}, {"id": "e81c9350d54f66c6d33b3747eed6b3ff", "number": "", "date": "2021-01-22 18:54:00", "subject": "7", "recorded-or-robo": "Y", "city": "North Royalton", "state": "OH", "area-code": "440"}, {"id": "1d36742e3f24f50e4e7ae828016b96df", "number": "", "date": "2021-01-22 18:54:00", "subject": "7", "recorded-or-robo": "Y", "city": "North Royalton", "state": "OH", "area-code": "440"}, {"id": "e81c9350d54f66c6d33b3747eed6b2c9", "number": "8132506450", "date": "2021-01-22 10:06:00", "subject": "0", "recorded-or-robo": "Y", "city": "Glassport", "state": "PA", "area-code": "412"}, {"id": "1d36742e3f24f50e4e7ae828016b92b8", "number": "8132506450", "date": "2021-01-22 10:06:00", "subject": "0", "recorded-or-robo": "Y", "city": "Glassport", "state": "PA", "area-code": "412"}, {"id": "e81c9350d54f66c6d33b3747eed6b1e7", "number": "9192145513", "date": "2021-01-22 17:58:00", "subject": "3", "recorded-or-robo": "Y", "city": "new bern", "state": "NC", "area-code": "919"}, {"id": "1d36742e3f24f50e4e7ae828016b8c7a", "number": "9192145513", "date": "2021-01-22 17:58:00", "subject": "3", "recorded-or-robo": "Y", "city": "new bern", "state": "NC", "area-code": "919"}, {"id": "e81c9350d54f66c6d33b3747eed6a400", "number": "", "date": "2021-01-22 18:30:00", "subject": "7", "recorded-or-robo": "Y", "city": "North Royalton", "state": "OH", "area-code": "440"}, {"id": "1d36742e3f24f50e4e7ae828016b8afc", "number": "", "date": "2021-01-22 18:30:00", "subject": "7", "recorded-or-robo": "Y", "city": "North Royalton", "state": "OH", "area-code": "440"}, {"id": "e81c9350d54f66c6d33b3747eed68629", "number": "5083064163", "date": "2021-01-21 00:00:00", "subject": "3", "recorded-or-robo": "", "city": "", "state": "MA", "area-code": "508"}, {"id": "1d36742e3f24f50e4e7ae828016b77c5", "number": "5083064163", "date": "2021-01-21 00:00:00", "subject": "3", "recorded-or-robo": "", "city": "", "state": "MA", "area-code": "508"}, {"id": "e81c9350d54f66c6d33b3747eed6a180", "number": "4045854972", "date": "2021-01-20 12:00:00", "subject": "0", "recorded-or-robo": "N", "city": "Orland Park", "state": "IL", "area-code": "708"}, {"id": "1d36742e3f24f50e4e7ae828016b8994", "number": "4045854972", "date": "2021-01-20 12:00:00", "subject": "0", "recorded-or-robo": "N", "city": "Orland Park", "state": "IL", "area-code": "708"}, {"id": "e81c9350d54f66c6d33b3747eed6952b", "number": "11815054420133", "date": "2021-01-18 15:06:00", "subject": "2", "recorded-or-robo": "Y", "city": "", "state": "NY", "area-code": "631"}, {"id": "1d36742e3f24f50e4e7ae828016b81db", "number": "11815054420133", "date": "2021-01-18 15:06:00", "subject": "2", "recorded-or-robo": "Y", "city": "", "state": "NY", "area-code": "631"}, {"id": "e81c9350d54f66c6d33b3747eed68cd1", "number": "6572615065", "date": "2021-01-22 08:50:00", "subject": "4", "recorded-or-robo": "Y", "city": "Tujunga", "state": "CA", "area-code": "818"}, {"id": "1d36742e3f24f50e4e7ae828016b7eed", "number": "6572615065", "date": "2021-01-22 08:50:00", "subject": "4", "recorded-or-robo": "Y", "city": "Tujunga", "state": "CA", "area-code": "818"}, {"id": "e81c9350d54f66c6d33b3747eed67bcd", "number": "3154304250", "date": "2021-01-22 09:23:00", "subject": "1", "recorded-or-robo": "Y", "city": "Skaneateles", "state": "NY", "area-code": "315"}, {"id": "1d36742e3f24f50e4e7ae828016b67ed", "number": "3154304250", "date": "2021-01-22 09:23:00", "subject": "1", "recorded-or-robo": "Y", "city": "Skaneateles", "state": "NY", "area-code": "315"}, {"id": "e81c9350d54f66c6d33b3747eed676df", "number": "7089285601", "date": "2021-01-18 18:22:00", "subject": "0", "recorded-or-robo": "N", "city": "Orland Park", "state": "IL", "area-code": "708"}, {"id": "1d36742e3f24f50e4e7ae828016b5ca7", "number": "7089285601", "date": "2021-01-18 18:22:00", "subject": "0", "recorded-or-robo": "N", "city": "Orland Park", "state": "IL", "area-code": "708"}, {"id": "e81c9350d54f66c6d33b3747eed666f9", "number": "2526375317", "date": "2021-01-22 18:53:00", "subject": "5", "recorded-or-robo": "Y", "city": "new bern", "state": "NC", "area-code": "252"}, {"id": "1d36742e3f24f50e4e7ae828016b524b", "number": "2526375317", "date": "2021-01-22 18:53:00", "subject": "5", "recorded-or-robo": "Y", "city": "new bern", "state": "NC", "area-code": "252"}, {"id": "e81c9350d54f66c6d33b3747eed65e56", "number": "", "date": "2021-01-21 17:13:00", "subject": "1", "recorded-or-robo": "Y", "city": "North Royalton", "state": "OH", "area-code": "440"}, {"id": "1d36742e3f24f50e4e7ae828016b4ba5", "number": "", "date": "2021-01-21 17:13:00", "subject": "1", "recorded-or-robo": "Y", "city": "North Royalton", "state": "OH", "area-code": "440"}, {"id": "e81c9350d54f66c6d33b3747eed653de", "number": "12013504400430", "date": "2021-01-20 13:50:00", "subject": "2", "recorded-or-robo": "N", "city": "", "state": "NY", "area-code": "631"}, {"id": "1d36742e3f24f50e4e7ae828016b3c7f", "number": "12013504400430", "date": "2021-01-20 13:50:00", "subject": "2", "recorded-or-robo": "N", "city": "", "state": "NY", "area-code": "631"}, {"id": "e81c9350d54f66c6d33b3747eed65326", "number": "6052257041", "date": "2021-01-19 11:45:00", "subject": "0", "recorded-or-robo": "N", "city": "Orland Park", "state": "IL", "area-code": "708"}, {"id": "1d36742e3f24f50e4e7ae828016b3b78", "number": "6052257041", "date": "2021-01-19 11:45:00", "subject": "0", "recorded-or-robo": "N", "city": "Orland Park", "state": "IL", "area-code": "708"}, {"id": "e81c9350d54f66c6d33b3747eed64938", "number": "8593910098", "date": "2021-01-23 07:36:00", "subject": "2", "recorded-or-robo": "Y", "city": "Westminster", "state": "CO", "area-code": "720"}, {"id": "1d36742e3f24f50e4e7ae828016b3970", "number": "8593910098", "date": "2021-01-23 07:36:00", "subject": "2", "recorded-or-robo": "Y", "city": "Westminster", "state": "CO", "area-code": "720"}, {"id": "e81c9350d54f66c6d33b3747eed6411c", "number": "12014073020133", "date": "2021-01-20 14:07:00", "subject": "2", "recorded-or-robo": "N", "city": "", "state": "NY", "area-code": "631"}, {"id": "1d36742e3f24f50e4e7ae828016b31ce", "number": "12014073020133", "date": "2021-01-20 14:07:00", "subject": "2", "recorded-or-robo": "N", "city": "", "state": "NY", "area-code": "631"}, {"id": "3decc6bfadaa436a105714c6ba553f55", "number": "+17084285606", "date": "2021-01-23 09:40:07", "subject": "3", "recorded-or-robo": "Y", "city": "", "state": "PA", "area-code": "215"}, {"id": "1d36742e3f24f50e4e7ae82801eb5545", "number": "+17084285606", "date": "2021-01-23 09:40:07", "subject": "3", "recorded-or-robo": "Y", "city": "", "state": "PA", "area-code": "215"}, {"id": "e81c9350d54f66c6d33b3747eed63181", "number": "5186159614", "date": "2021-01-23 12:00:00", "subject": "1", "recorded-or-robo": "N", "city": "", "state": "", "area-code": "855"}, {"id": "1d36742e3f24f50e4e7ae828016b2243", "number": "5186159614", "date": "2021-01-23 12:00:00", "subject": "1", "recorded-or-robo": "N", "city": "", "state": "", "area-code": "855"}, {"id": "e81c9350d54f66c6d33b3747eed62bb1", "number": "3144891222", "date": "2021-01-22 06:23:00", "subject": "1", "recorded-or-robo": "Y", "city": "Fenton", "state": "MO", "area-code": "314"}, {"id": "e81c9350d54f66c6d33b3747eed61e5c", "number": "", "date": "2021-01-21 11:58:00", "subject": "4", "recorded-or-robo": "Y", "city": "North Royalton", "state": "OH", "area-code": "440"}, {"id": "1d36742e3f24f50e4e7ae828016b1f77", "number": "3144891222", "date": "2021-01-22 06:23:00", "subject": "1", "recorded-or-robo": "Y", "city": "Fenton", "state": "MO", "area-code": "314"}, {"id": "1d36742e3f24f50e4e7ae828016b189b", "number": "", "date": "2021-01-21 11:58:00", "subject": "4", "recorded-or-robo": "Y", "city": "North Royalton", "state": "OH", "area-code": "440"}, {"id": "e81c9350d54f66c6d33b3747eed61a2c", "number": "3092749106", "date": "2021-01-21 12:44:00", "subject": "4", "recorded-or-robo": "Y", "city": "Chillicothe", "state": "IL", "area-code": "309"}]}