{"data": [{"id": "1d36742e3f24f50e4e7ae82801e2acab", "number": "5183230155", "date": "2021-01-23 00:20:09", "subject": "3", "recorded-or-robo": "Y", "city": "", "state": "NY", "area-code": "347"}, {"id": "e81c9350d54f66c6d33b3747ee9b1e45", "number": "1808560521", "date": "2021-01-22 19:04:00", "subject": "1", "recorded-or-robo": "Y", "city": "", "state": "HI", "area-code": "808"}, {"id": "1d36742e3f24f50e4e7ae8280130636a", "number": "1808560521", "date": "2021-01-22 19:04:00", "subject": "1", "recorded-or-robo": "Y", "city": "", "state": "HI", "area-code": "808"}, {"id": "e81c9350d54f66c6d33b3747ee9b1420", "number": "5628895567", "date": "2021-01-22 20:26:00", "subject": "0", "recorded-or-robo": "Y", "city": "", "state": "CA", "area-code": "916"}, {"id": "1d36742e3f24f50e4e7ae8280130562b", "number": "5628895567", "date": "2021-01-22 20:26:00", "subject": "0", "recorded-or-robo": "Y", "city": "", "state": "CA", "area-code": "916"}, {"id": "3decc6bfadaa436a105714c6ba4c6a96", "number": "243840313739", "date": "2021-01-23 00:19:24", "subject": "3", "recorded-or-robo": "Y", "city": "", "state": "TN", "area-code": "865"}, {"id": "1d36742e3f24f50e4e7ae82801e29544", "number": "243840313739", "date": "2021-01-23 00:19:24", "subject": "3", "recorded-or-robo": "Y", "city": "", "state": "TN", "area-code": "865"}, {"id": "e81c9350d54f66c6d33b3747eec74581", "number": "4696631134", "date": "2021-01-22 17:07:00", "subject": "3", "recorded-or-robo": "N", "city": "", "state": "TX", "area-code": "214"}, {"id": "1d36742e3f24f50e4e7ae828015c9291", "number": "4696631134", "date": "2021-01-22 17:07:00", "subject": "3", "recorded-or-robo": "N", "city": "", "state": "TX", "area-code": "214"}, {"id": "3decc6bfadaa436a105714c6ba4c4f19", "number": "6822254970", "date": "2021-01-23 00:18:33", "subject": "3", "recorded-or-robo": "Y", "city": "", "state": "TX", "area-code": "682"}, {"id": "1d36742e3f24f50e4e7ae82801e2876a", "number": "6822254970", "date": "2021-01-23 00:18:33", "subject": "3", "recorded-or-robo": "Y", "city": "", "state": "TX", "area-code": "682"}, {"id": "e81c9350d54f66c6d33b3747ee9b12b0", "number": "7073222395", "date": "2021-01-22 07:23:00", "subject": "1", "recorded-or-robo": "Y", "city": "Vacaville", "state": "CA", "area-code": "707"}, {"id": "1d36742e3f24f50e4e7ae828013050b4", "number": "7073222395", "date": "2021-01-22 07:23:00", "subject": "1", "recorded-or-robo": "Y", "city": "Vacaville", "state": "CA", "area-code": "707"}, {"id": "e81c9350d54f66c6d33b3747ee9b0d1a", "number": "9514070028", "date": "2021-01-22 10:28:00", "subject": "4", "recorded-or-robo": "Y", "city": "", "state": "CA", "area-code": "916"}, {"id": "1d36742e3f24f50e4e7ae82801304586", "number": "9514070028", "date": "2021-01-22 10:28:00", "subject": "4", "recorded-or-robo": "Y", "city": "", "state": "CA", "area-code": "916"}, {"id": "e81c9350d54f66c6d33b3747ee9b03ae", "number": "7025003520", "date": "2021-01-22 00:00:00", "subject": "3", "recorded-or-robo": "", "city": "", "state": "AZ", "area-code": "623"}, {"id": "1d36742e3f24f50e4e7ae82801303b7f", "number": "7025003520", "date": "2021-01-22 00:00:00", "subject": "3", "recorded-or-robo": "", "city": "", "state": "AZ", "area-code": "623"}, {"id": "3decc6bfadaa436a105714c6ba4bddb0", "number": "+12124393020", "date": "2021-01-23 00:17:48", "subject": "3", "recorded-or-robo": "Y", "city": "", "state": "NY", "area-code": "646"}, {"id": "1d36742e3f24f50e4e7ae82801e208cf", "number": "+12124393020", "date": "2021-01-23 00:17:48", "subject": "3", "recorded-or-robo": "Y", "city": "", "state": "NY", "area-code": "646"}, {"id": "3decc6bfadaa436a105714c6ba4c193a", "number": "5204020953", "date": "2021-01-23 00:17:04", "subject": "3", "recorded-or-robo": "N", "city": "", "state": "IL", "area-code": "217"}, {"id": "1d36742e3f24f50e4e7ae82801e249ff", "number": "5204020953", "date": "2021-01-23 00:17:04", "subject": "3", "recorded-or-robo": "N", "city": "", "state": "IL", "area-code": "217"}, {"id": "3decc6bfadaa436a105714c6ba4bd0fe", "number": "5043696971", "date": "2021-01-23 00:16:53", "subject": "3", "recorded-or-robo": "Y", "city": "", "state": "NC", "area-code": "919"}, {"id": "1d36742e3f24f50e4e7ae82801e1f573", "number": "5043696971", "date": "2021-01-23 00:16:53", "subject": "3", "recorded-or-robo": "Y", "city": "", "state": "NC", "area-code": "919"}, {"id": "3decc6bfadaa436a105714c6ba4c236f", "number": "+19703984838", "date": "2021-01-23 00:16:39", "subject": "3", "recorded-or-robo": "Y", "city": "", "state": "CO", "area-code": "719"}, {"id": "1d36742e3f24f50e4e7ae82801e25d9b", "number": "+19703984838", "date": "2021-01-23 00:16:39", "subject": "3", "recorded-or-robo": "Y", "city": "", "state": "CO", "area-code": "719"}, {"id": "3decc6bfadaa436a105714c6ba4c0bc0", "number": "+18136878391", "date": "2021-01-23 00:16:30", "subject": "3", "recorded-or-robo": "N", "city": "", "state": "FL", "area-code": "813"}, {"id": "1d36742e3f24f50e4e7ae82801e244da", "number": "+18136878391", "date": "2021-01-23 00:16:30", "subject": "3", "recorded-or-robo": "N", "city": "", "state": "FL", "area-code": "813"}, {"id": "3decc6bfadaa436a105714c6ba4c273d", "number": "6076933741", "date": "2021-01-23 00:15:47", "subject": "3", "recorded-or-robo": "Y", "city": "", "state": "PA", "area-code": "267"}, {"id": "1d36742e3f24f50e4e7ae82801e25e2b", "number": "6076933741", "date": "2021-01-23 00:15:47", "subject": "3", "recorded-or-robo": "Y", "city": "", "state": "PA", "area-code": "267"}, {"id": "e81c9350d54f66c6d33b3747eec737cb", "number": "4695290320", "date": "2021-01-22 15:50:00", "subject": "3", "recorded-or-robo": "N", "city": "", "state": "TX", "area-code": "214"}, {"id": "3decc6bfadaa436a105714c6ba4c031c", "number": "+16024617313", "date": "2021-01-23 00:15:32", "subject": "3", "recorded-or-robo": "Y", "city": "", "state": "UT", "area-code": "801"}, {"id": "1d36742e3f24f50e4e7ae82801e23aa6", "number": "+16024617313", "date": "2021-01-23 00:15:32", "subject": "3", "recorded-or-robo": "Y", "city": "", "state": "UT", "area-code": "801"}, {"id": "1d36742e3f24f50e4e7ae828015c8be1", "number": "4695290320", "date": "2021-01-22 15:50:00", "subject": "3", "recorded-or-robo": "N", "city": "", "state": "TX", "area-code": "214"}, {"id": "e81c9350d54f66c6d33b3747ee9af435", "number": "7073454124", "date": "2021-01-22 11:57:00", "subject": "1", "recorded-or-robo": "Y", "city": "Vacaville", "state": "CA", "area-code": "707"}, {"id": "1d36742e3f24f50e4e7ae828013031c0", "number": "7073454124", "date": "2021-01-22 11:57:00", "subject": "1", "recorded-or-robo": "Y", "city": "Vacaville", "state": "CA", "area-code": "707"}, {"id": "e81c9350d54f66c6d33b3747ee9ae4c2", "number": "7207346186", "date": "2021-01-22 19:33:00", "subject": "3", "recorded-or-robo": "N", "city": "", "state": "MD", "area-code": "240"}, {"id": "1d36742e3f24f50e4e7ae82801302255", "number": "7207346186", "date": "2021-01-22 19:33:00", "subject": "3", "recorded-or-robo": "N", "city": "", "state": "MD", "area-code": "240"}, {"id": "e81c9350d54f66c6d33b3747ee9af0d7", "number": "7195450300", "date": "2021-01-22 18:33:00", "subject": "0", "recorded-or-robo": "Y", "city": "LITTLETON", "state": "CO", "area-code": "303"}, {"id": "1d36742e3f24f50e4e7ae828013027cc", "number": "7195450300", "date": "2021-01-22 18:33:00", "subject": "0", "recorded-or-robo": "Y", "city": "LITTLETON", "state": "CO", "area-code": "303"}, {"id": "e81c9350d54f66c6d33b3747ee9ae27c", "number": "3479663057", "date": "2020-01-22 00:00:00", "subject": "3", "recorded-or-robo": "", "city": "", "state": "AZ", "area-code": "623"}, {"id": "1d36742e3f24f50e4e7ae828013020e6", "number": "3479663057", "date": "2020-01-22 00:00:00", "subject": "3", "recorded-or-robo": "", "city": "", "state": "AZ", "area-code": "623"}, {"id": "3decc6bfadaa436a105714c6ba4bed20", "number": "8339012055", "date": "2021-01-23 00:13:33", "subject": "3", "recorded-or-robo": "Y", "city": "", "state": "GA", "area-code": "678"}, {"id": "1d36742e3f24f50e4e7ae82801e215c2", "number": "8339012055", "date": "2021-01-23 00:13:33", "subject": "3", "recorded-or-robo": "Y", "city": "", "state": "GA", "area-code": "678"}, {"id": "3decc6bfadaa436a105714c6ba4beee4", "number": "4805814769", "date": "2021-01-23 00:13:25", "subject": "3", "recorded-or-robo": "Y", "city": "", "state": "MD", "area-code": "443"}, {"id": "1d36742e3f24f50e4e7ae82801e21f40", "number": "4805814769", "date": "2021-01-23 00:13:25", "subject": "3", "recorded-or-robo": "Y", "city": "", "state": "MD", "area-code": "443"}, {"id": "3decc6bfadaa436a105714c6ba4bfc9b", "number": "4805814769", "date": "2021-01-23 00:13:24", "subject": "3", "recorded-or-robo": "Y", "city": "", "state": "MD", "area-code": "443"}, {"id": "1d36742e3f24f50e4e7ae82801e23931", "number": "4805814769", "date": "2021-01-23 00:13:24", "subject": "3", "recorded-or-robo": "Y", "city": "", "state": "MD", "area-code": "443"}, {"id": "3decc6bfadaa436a105714c6ba4bd341", "number": "+14433470900", "date": "2021-01-23 00:12:31", "subject": "3", "recorded-or-robo": "Y", "city": "", "state": "MD", "area-code": "443"}, {"id": "1d36742e3f24f50e4e7ae82801e1ffc4", "number": "+14433470900", "date": "2021-01-23 00:12:31", "subject": "3", "recorded-or-robo": "Y", "city": "", "state": "MD", "area-code": "443"}, {"id": "3decc6bfadaa436a105714c6ba4c3316", "number": "+14084742713", "date": "2021-01-23 00:12:16", "subject": "3", "recorded-or-robo": "N", "city": "", "state": "CA", "area-code": "408"}]}