{"data": [{"id": "1d36742e3f24f50e4e7ae828014dd38f", "number": "6614034910", "date": "2021-01-22 22:01:59", "subject": "3", "recorded-or-robo": "N", "city": "", "state": "CA", "area-code": "661"}, {"id": "e81c9350d54f66c6d33b3747eeb82b87", "number": "+17609750724", "date": "2021-01-22 22:01:55", "subject": "3", "recorded-or-robo": "Y", "city": "", "state": "CA", "area-code": "415"}, {"id": "1d36742e3f24f50e4e7ae828014d244b", "number": "+17609750724", "date": "2021-01-22 22:01:55", "subject": "3", "recorded-or-robo": "Y", "city": "", "state": "CA", "area-code": "415"}, {"id": "e81c9350d54f66c6d33b3747eeb897a6", "number": "2543128232", "date": "2021-01-22 22:01:46", "subject": "3", "recorded-or-robo": "Y", "city": "", "state": "TX", "area-code": "713"}, {"id": "1d36742e3f24f50e4e7ae828014da0b8", "number": "2543128232", "date": "2021-01-22 22:01:46", "subject": "3", "recorded-or-robo": "Y", "city": "", "state": "TX", "area-code": "713"}, {"id": "e81c9350d54f66c6d33b3747eeb87c53", "number": "6612697797", "date": "2021-01-22 22:01:42", "subject": "3", "recorded-or-robo": "Y", "city": "", "state": "CA", "area-code": "661"}, {"id": "1d36742e3f24f50e4e7ae828014d8053", "number": "6612697797", "date": "2021-01-22 22:01:42", "subject": "3", "recorded-or-robo": "Y", "city": "", "state": "CA", "area-code": "661"}, {"id": "e81c9350d54f66c6d33b3747ee9102e3", "number": "7344084244", "date": "2021-01-22 18:49:00", "subject": "3", "recorded-or-robo": "Y", "city": "", "state": "MI", "area-code": "734"}, {"id": "1d36742e3f24f50e4e7ae82801266c02", "number": "7344084244", "date": "2021-01-22 18:49:00", "subject": "3", "recorded-or-robo": "Y", "city": "", "state": "MI", "area-code": "734"}, {"id": "e81c9350d54f66c6d33b3747eeb883db", "number": "+12512996142", "date": "2021-01-22 22:01:09", "subject": "3", "recorded-or-robo": "Y", "city": "", "state": "CA", "area-code": "619"}, {"id": "1d36742e3f24f50e4e7ae828014d8b2d", "number": "+12512996142", "date": "2021-01-22 22:01:09", "subject": "3", "recorded-or-robo": "Y", "city": "", "state": "CA", "area-code": "619"}, {"id": "e81c9350d54f66c6d33b3747ee90f8ec", "number": "4702061575", "date": "2021-01-22 00:00:00", "subject": "0", "recorded-or-robo": "N", "city": "Bellerose", "state": "NY", "area-code": "718"}, {"id": "1d36742e3f24f50e4e7ae828012666af", "number": "4702061575", "date": "2021-01-22 00:00:00", "subject": "0", "recorded-or-robo": "N", "city": "Bellerose", "state": "NY", "area-code": "718"}, {"id": "e81c9350d54f66c6d33b3747ee90f59f", "number": "9567904834", "date": "2021-01-22 12:20:00", "subject": "0", "recorded-or-robo": "N", "city": "Cypress", "state": "TX", "area-code": "281"}, {"id": "1d36742e3f24f50e4e7ae828012662fd", "number": "9567904834", "date": "2021-01-22 12:20:00", "subject": "0", "recorded-or-robo": "N", "city": "Cypress", "state": "TX", "area-code": "281"}, {"id": "e81c9350d54f66c6d33b3747eeb8386a", "number": "7608494216", "date": "2021-01-22 22:00:38", "subject": "3", "recorded-or-robo": "Y", "city": "", "state": "CA", "area-code": "619"}, {"id": "1d36742e3f24f50e4e7ae828014d30c4", "number": "7608494216", "date": "2021-01-22 22:00:38", "subject": "3", "recorded-or-robo": "Y", "city": "", "state": "CA", "area-code": "619"}, {"id": "e81c9350d54f66c6d33b3747ee90ee55", "number": "4083876264", "date": "2021-01-22 18:47:00", "subject": "2", "recorded-or-robo": "", "city": "Portland", "state": "OR", "area-code": "707"}, {"id": "1d36742e3f24f50e4e7ae82801265506", "number": "4083876264", "date": "2021-01-22 18:47:00", "subject": "2", "recorded-or-robo": "", "city": "Portland", "state": "OR", "area-code": "707"}, {"id": "e81c9350d54f66c6d33b3747eeb8a84c", "number": "3107931727", "date": "2021-01-22 22:00:06", "subject": "3", "recorded-or-robo": "Y", "city": "", "state": "CA", "area-code": "310"}, {"id": "1d36742e3f24f50e4e7ae828014dba05", "number": "3107931727", "date": "2021-01-22 22:00:06", "subject": "3", "recorded-or-robo": "Y", "city": "", "state": "CA", "area-code": "310"}, {"id": "e81c9350d54f66c6d33b3747eeb8d5ba", "number": "3107931727", "date": "2021-01-22 22:00:05", "subject": "3", "recorded-or-robo": "Y", "city": "", "state": "CA", "area-code": "310"}, {"id": "1d36742e3f24f50e4e7ae828014deaa5", "number": "3107931727", "date": "2021-01-22 22:00:05", "subject": "3", "recorded-or-robo": "Y", "city": "", "state": "CA", "area-code": "310"}, {"id": "e81c9350d54f66c6d33b3747eeb8a4b8", "number": "6312682414", "date": "2021-01-22 21:59:57", "subject": "3", "recorded-or-robo": "Y", "city": "", "state": "CT", "area-code": "860"}, {"id": "1d36742e3f24f50e4e7ae828014dabbb", "number": "6312682414", "date": "2021-01-22 21:59:57", "subject": "3", "recorded-or-robo": "Y", "city": "", "state": "CT", "area-code": "860"}, {"id": "e81c9350d54f66c6d33b3747ee90ec50", "number": "", "date": "2021-01-22 12:00:00", "subject": "2", "recorded-or-robo": "Y", "city": "St. Louis", "state": "MO", "area-code": "314"}, {"id": "1d36742e3f24f50e4e7ae82801265205", "number": "", "date": "2021-01-22 12:00:00", "subject": "2", "recorded-or-robo": "Y", "city": "St. Louis", "state": "MO", "area-code": "314"}, {"id": "e81c9350d54f66c6d33b3747ee90e74d", "number": "9184203580", "date": "2021-01-22 11:44:00", "subject": "2", "recorded-or-robo": "", "city": "", "state": "ME", "area-code": "207"}, {"id": "1d36742e3f24f50e4e7ae8280126513e", "number": "9184203580", "date": "2021-01-22 11:44:00", "subject": "2", "recorded-or-robo": "", "city": "", "state": "ME", "area-code": "207"}, {"id": "e81c9350d54f66c6d33b3747eeb7c76c", "number": "+14128997147", "date": "2021-01-22 21:59:35", "subject": "3", "recorded-or-robo": "Y", "city": "", "state": "NV", "area-code": "775"}, {"id": "1d36742e3f24f50e4e7ae828014cbe56", "number": "+14128997147", "date": "2021-01-22 21:59:35", "subject": "3", "recorded-or-robo": "Y", "city": "", "state": "NV", "area-code": "775"}, {"id": "e81c9350d54f66c6d33b3747eeb7d41e", "number": "+13476856946", "date": "2021-01-22 21:59:34", "subject": "3", "recorded-or-robo": "Y", "city": "", "state": "NY", "area-code": "347"}, {"id": "1d36742e3f24f50e4e7ae828014cc8be", "number": "+13476856946", "date": "2021-01-22 21:59:34", "subject": "3", "recorded-or-robo": "Y", "city": "", "state": "NY", "area-code": "347"}, {"id": "e81c9350d54f66c6d33b3747eeb7b8ad", "number": "+12032838361", "date": "2021-01-22 21:59:28", "subject": "3", "recorded-or-robo": "Y", "city": "", "state": "CT", "area-code": "203"}, {"id": "1d36742e3f24f50e4e7ae828014cab8b", "number": "+12032838361", "date": "2021-01-22 21:59:28", "subject": "3", "recorded-or-robo": "Y", "city": "", "state": "CT", "area-code": "203"}, {"id": "e81c9350d54f66c6d33b3747eeb810d0", "number": "+17203103057", "date": "2021-01-22 21:59:26", "subject": "3", "recorded-or-robo": "Y", "city": "", "state": "MD", "area-code": "443"}, {"id": "1d36742e3f24f50e4e7ae828014d0d55", "number": "+17203103057", "date": "2021-01-22 21:59:26", "subject": "3", "recorded-or-robo": "Y", "city": "", "state": "MD", "area-code": "443"}, {"id": "e81c9350d54f66c6d33b3747eeb81f57", "number": "+12132678648", "date": "2021-01-22 21:59:19", "subject": "3", "recorded-or-robo": "N", "city": "", "state": "CA", "area-code": "213"}, {"id": "e81c9350d54f66c6d33b3747ee90e0f7", "number": "2819848020", "date": "2021-01-22 10:02:00", "subject": "0", "recorded-or-robo": "N", "city": "Cypress", "state": "TX", "area-code": "281"}, {"id": "1d36742e3f24f50e4e7ae828014d117d", "number": "+12132678648", "date": "2021-01-22 21:59:19", "subject": "3", "recorded-or-robo": "N", "city": "", "state": "CA", "area-code": "213"}, {"id": "1d36742e3f24f50e4e7ae82801264545", "number": "2819848020", "date": "2021-01-22 10:02:00", "subject": "0", "recorded-or-robo": "N", "city": "Cypress", "state": "TX", "area-code": "281"}, {"id": "e81c9350d54f66c6d33b3747eeb79817", "number": "2132317520", "date": "2021-01-22 21:59:15", "subject": "3", "recorded-or-robo": "Y", "city": "", "state": "CA", "area-code": "562"}, {"id": "1d36742e3f24f50e4e7ae828014c903f", "number": "2132317520", "date": "2021-01-22 21:59:15", "subject": "3", "recorded-or-robo": "Y", "city": "", "state": "CA", "area-code": "562"}, {"id": "e81c9350d54f66c6d33b3747eeb7a534", "number": "+19497495308", "date": "2021-01-22 21:59:05", "subject": "3", "recorded-or-robo": "N", "city": "", "state": "OK", "area-code": "918"}, {"id": "1d36742e3f24f50e4e7ae828014c94f9", "number": "+19497495308", "date": "2021-01-22 21:59:05", "subject": "3", "recorded-or-robo": "N", "city": "", "state": "OK", "area-code": "918"}, {"id": "e81c9350d54f66c6d33b3747eeb7fd2a", "number": "+15163203108", "date": "2021-01-22 21:58:55", "subject": "3", "recorded-or-robo": "Y", "city": "", "state": "NY", "area-code": "347"}, {"id": "1d36742e3f24f50e4e7ae828014cf4c6", "number": "+15163203108", "date": "2021-01-22 21:58:55", "subject": "3", "recorded-or-robo": "Y", "city": "", "state": "NY", "area-code": "347"}, {"id": "e81c9350d54f66c6d33b3747eeb7f8e5", "number": "+18773328350", "date": "2021-01-22 21:58:30", "subject": "3", "recorded-or-robo": "Y", "city": "", "state": "MI", "area-code": "313"}, {"id": "1d36742e3f24f50e4e7ae828014cea00", "number": "+18773328350", "date": "2021-01-22 21:58:30", "subject": "3", "recorded-or-robo": "Y", "city": "", "state": "MI", "area-code": "313"}, {"id": "e81c9350d54f66c6d33b3747eeb78027", "number": "6786612201", "date": "2021-01-22 21:58:21", "subject": "3", "recorded-or-robo": "N", "city": "", "state": "TX", "area-code": "512"}]}