{"data": [{"id": "1d36742e3f24f50e4e7ae8280121b256", "number": "2019764578", "date": "2021-01-22 16:35:00", "subject": "0", "recorded-or-robo": "", "city": "", "state": "NJ", "area-code": "201"}, {"id": "e81c9350d54f66c6d33b3747eeb2d40f", "number": "+15136192368", "date": "2021-01-22 21:20:59", "subject": "3", "recorded-or-robo": "Y", "city": "", "state": "PA", "area-code": "267"}, {"id": "1d36742e3f24f50e4e7ae8280147b952", "number": "+15136192368", "date": "2021-01-22 21:20:59", "subject": "3", "recorded-or-robo": "Y", "city": "", "state": "PA", "area-code": "267"}, {"id": "e81c9350d54f66c6d33b3747ee8b9cdc", "number": "8666688047", "date": "2021-01-22 18:11:00", "subject": "2", "recorded-or-robo": "Y", "city": "Louisville", "state": "KY", "area-code": "502"}, {"id": "e81c9350d54f66c6d33b3747ee8b8da6", "number": "3143105139", "date": "2021-01-22 20:17:00", "subject": "3", "recorded-or-robo": "Y", "city": "", "state": "TX", "area-code": "903"}, {"id": "1d36742e3f24f50e4e7ae8280121ab6c", "number": "8666688047", "date": "2021-01-22 18:11:00", "subject": "2", "recorded-or-robo": "Y", "city": "Louisville", "state": "KY", "area-code": "502"}, {"id": "1d36742e3f24f50e4e7ae8280121a83e", "number": "3143105139", "date": "2021-01-22 20:17:00", "subject": "3", "recorded-or-robo": "Y", "city": "", "state": "TX", "area-code": "903"}, {"id": "e81c9350d54f66c6d33b3747ee8b8803", "number": "3853081601", "date": "2021-01-22 17:07:00", "subject": "3", "recorded-or-robo": "Y", "city": "", "state": "CA", "area-code": "916"}, {"id": "1d36742e3f24f50e4e7ae8280121a631", "number": "3853081601", "date": "2021-01-22 17:07:00", "subject": "3", "recorded-or-robo": "Y", "city": "", "state": "CA", "area-code": "916"}, {"id": "e81c9350d54f66c6d33b3747eeb39752", "number": "8052025249", "date": "2021-01-22 21:20:41", "subject": "3", "recorded-or-robo": "Y", "city": "", "state": "CA", "area-code": "415"}, {"id": "1d36742e3f24f50e4e7ae82801486bb1", "number": "8052025249", "date": "2021-01-22 21:20:41", "subject": "3", "recorded-or-robo": "Y", "city": "", "state": "CA", "area-code": "415"}, {"id": "e81c9350d54f66c6d33b3747ee8b81ff", "number": "6026092166", "date": "2021-01-22 09:05:00", "subject": "4", "recorded-or-robo": "Y", "city": "Sun City", "state": "AZ", "area-code": "602"}, {"id": "1d36742e3f24f50e4e7ae828012198bb", "number": "6026092166", "date": "2021-01-22 09:05:00", "subject": "4", "recorded-or-robo": "Y", "city": "Sun City", "state": "AZ", "area-code": "602"}, {"id": "e81c9350d54f66c6d33b3747ee8b753e", "number": "8002530877", "date": "2021-01-14 08:19:00", "subject": "0", "recorded-or-robo": "Y", "city": "Granbury", "state": "WI", "area-code": "414"}, {"id": "1d36742e3f24f50e4e7ae82801218fc6", "number": "8002530877", "date": "2021-01-14 08:19:00", "subject": "0", "recorded-or-robo": "Y", "city": "Granbury", "state": "WI", "area-code": "414"}, {"id": "e81c9350d54f66c6d33b3747ee8b6630", "number": "5466399", "date": "2021-01-21 15:39:00", "subject": "2", "recorded-or-robo": "Y", "city": "Jonestown", "state": "TX", "area-code": "512"}, {"id": "1d36742e3f24f50e4e7ae82801218b47", "number": "5466399", "date": "2021-01-21 15:39:00", "subject": "2", "recorded-or-robo": "Y", "city": "Jonestown", "state": "TX", "area-code": "512"}, {"id": "e81c9350d54f66c6d33b3747ee8b5edb", "number": "2019982527", "date": "2021-01-22 17:12:00", "subject": "0", "recorded-or-robo": "", "city": "", "state": "NJ", "area-code": "201"}, {"id": "e81c9350d54f66c6d33b3747ee8b5c35", "number": "3162224551", "date": "2021-01-20 16:16:00", "subject": "3", "recorded-or-robo": "N", "city": "", "state": "NJ", "area-code": "732"}, {"id": "1d36742e3f24f50e4e7ae82801217b5b", "number": "2019982527", "date": "2021-01-22 17:12:00", "subject": "0", "recorded-or-robo": "", "city": "", "state": "NJ", "area-code": "201"}, {"id": "1d36742e3f24f50e4e7ae82801217209", "number": "3162224551", "date": "2021-01-20 16:16:00", "subject": "3", "recorded-or-robo": "N", "city": "", "state": "NJ", "area-code": "732"}, {"id": "e81c9350d54f66c6d33b3747eeb37963", "number": "5628013140", "date": "2021-01-22 21:20:20", "subject": "3", "recorded-or-robo": "Y", "city": "", "state": "CA", "area-code": "415"}, {"id": "1d36742e3f24f50e4e7ae828014851ee", "number": "5628013140", "date": "2021-01-22 21:20:20", "subject": "3", "recorded-or-robo": "Y", "city": "", "state": "CA", "area-code": "415"}, {"id": "e81c9350d54f66c6d33b3747ee8b4d6f", "number": "37064035154", "date": "2021-01-19 03:37:00", "subject": "0", "recorded-or-robo": "N", "city": "Kennewick", "state": "WA", "area-code": "509"}, {"id": "1d36742e3f24f50e4e7ae8280121695f", "number": "37064035154", "date": "2021-01-19 03:37:00", "subject": "0", "recorded-or-robo": "N", "city": "Kennewick", "state": "WA", "area-code": "509"}, {"id": "e81c9350d54f66c6d33b3747ee8b4405", "number": "4142395612", "date": "2021-01-14 15:15:00", "subject": "0", "recorded-or-robo": "Y", "city": "Granbury", "state": "WI", "area-code": "414"}, {"id": "1d36742e3f24f50e4e7ae82801216479", "number": "4142395612", "date": "2021-01-14 15:15:00", "subject": "0", "recorded-or-robo": "Y", "city": "Granbury", "state": "WI", "area-code": "414"}, {"id": "e81c9350d54f66c6d33b3747ee8b4081", "number": "9285691975", "date": "2021-01-22 12:39:00", "subject": "3", "recorded-or-robo": "Y", "city": "", "state": "CA", "area-code": "916"}, {"id": "1d36742e3f24f50e4e7ae828012154f8", "number": "9285691975", "date": "2021-01-22 12:39:00", "subject": "3", "recorded-or-robo": "Y", "city": "", "state": "CA", "area-code": "916"}, {"id": "e81c9350d54f66c6d33b3747ee8b3512", "number": "8188012465", "date": "2021-01-22 18:10:00", "subject": "9", "recorded-or-robo": "Y", "city": "Atascadero", "state": "CA", "area-code": "805"}, {"id": "1d36742e3f24f50e4e7ae82801215402", "number": "8188012465", "date": "2021-01-22 18:10:00", "subject": "9", "recorded-or-robo": "Y", "city": "Atascadero", "state": "CA", "area-code": "805"}, {"id": "e81c9350d54f66c6d33b3747ee8b2992", "number": "2019324439", "date": "2021-01-22 18:40:00", "subject": "0", "recorded-or-robo": "", "city": "", "state": "NJ", "area-code": "201"}, {"id": "1d36742e3f24f50e4e7ae8280121447d", "number": "2019324439", "date": "2021-01-22 18:40:00", "subject": "0", "recorded-or-robo": "", "city": "", "state": "NJ", "area-code": "201"}, {"id": "e81c9350d54f66c6d33b3747eeb2c80b", "number": "+17133134598", "date": "2021-01-22 21:19:42", "subject": "3", "recorded-or-robo": "Y", "city": "", "state": "TX", "area-code": "817"}, {"id": "1d36742e3f24f50e4e7ae8280147b8b4", "number": "+17133134598", "date": "2021-01-22 21:19:42", "subject": "3", "recorded-or-robo": "Y", "city": "", "state": "TX", "area-code": "817"}, {"id": "e81c9350d54f66c6d33b3747eeb328a3", "number": "6362282076", "date": "2021-01-22 21:19:41", "subject": "3", "recorded-or-robo": "N", "city": "", "state": "CO", "area-code": "303"}, {"id": "1d36742e3f24f50e4e7ae8280147eba2", "number": "6362282076", "date": "2021-01-22 21:19:41", "subject": "3", "recorded-or-robo": "N", "city": "", "state": "CO", "area-code": "303"}, {"id": "e81c9350d54f66c6d33b3747eeb33651", "number": "6362282076", "date": "2021-01-22 21:19:40", "subject": "3", "recorded-or-robo": "N", "city": "", "state": "CO", "area-code": "303"}, {"id": "1d36742e3f24f50e4e7ae82801480003", "number": "6362282076", "date": "2021-01-22 21:19:40", "subject": "3", "recorded-or-robo": "N", "city": "", "state": "CO", "area-code": "303"}, {"id": "e81c9350d54f66c6d33b3747ee8b1a50", "number": "8042076354", "date": "2021-01-22 19:47:00", "subject": "2", "recorded-or-robo": "N", "city": "Granby", "state": "MA", "area-code": "413"}, {"id": "1d36742e3f24f50e4e7ae82801213a19", "number": "8042076354", "date": "2021-01-22 19:47:00", "subject": "2", "recorded-or-robo": "N", "city": "Granby", "state": "MA", "area-code": "413"}, {"id": "e81c9350d54f66c6d33b3747ee8b117b", "number": "9104794603", "date": "2021-01-14 16:42:00", "subject": "0", "recorded-or-robo": "Y", "city": "Granbury", "state": "WI", "area-code": "414"}, {"id": "1d36742e3f24f50e4e7ae82801212d17", "number": "9104794603", "date": "2021-01-14 16:42:00", "subject": "0", "recorded-or-robo": "Y", "city": "Granbury", "state": "WI", "area-code": "414"}, {"id": "e81c9350d54f66c6d33b3747eeb3126e", "number": "4077332415", "date": "2021-01-22 21:19:04", "subject": "3", "recorded-or-robo": "Y", "city": "", "state": "FL", "area-code": "407"}, {"id": "1d36742e3f24f50e4e7ae8280147e2c3", "number": "4077332415", "date": "2021-01-22 21:19:04", "subject": "3", "recorded-or-robo": "Y", "city": "", "state": "FL", "area-code": "407"}, {"id": "e81c9350d54f66c6d33b3747ee8b073d", "number": "7602820983", "date": "2021-01-22 11:48:00", "subject": "2", "recorded-or-robo": "Y", "city": "Redwood City", "state": "CA", "area-code": "650"}, {"id": "1d36742e3f24f50e4e7ae82801212447", "number": "7602820983", "date": "2021-01-22 11:48:00", "subject": "2", "recorded-or-robo": "Y", "city": "Redwood City", "state": "CA", "area-code": "650"}, {"id": "e81c9350d54f66c6d33b3747ee8b0671", "number": "5203377424", "date": "2021-01-22 00:00:00", "subject": "3", "recorded-or-robo": "Y", "city": "Yuma", "state": "AZ", "area-code": "928"}, {"id": "1d36742e3f24f50e4e7ae82801211ade", "number": "5203377424", "date": "2021-01-22 00:00:00", "subject": "3", "recorded-or-robo": "Y", "city": "Yuma", "state": "AZ", "area-code": "928"}, {"id": "e81c9350d54f66c6d33b3747eeb39666", "number": "8004118808", "date": "2021-01-22 21:18:55", "subject": "3", "recorded-or-robo": "Y", "city": "", "state": "FL", "area-code": "786"}]}