{"data": [{"id": "1d36742e3f24f50e4e7ae8280117dc4b", "number": "2062640588", "date": "2021-01-13 09:30:00", "subject": "0", "recorded-or-robo": "N", "city": "Frederick", "state": "MD", "area-code": "206"}, {"id": "e81c9350d54f66c6d33b3747eec6f7ad", "number": "8143770886", "date": "2021-01-21 10:21:00", "subject": "3", "recorded-or-robo": "Y", "city": "", "state": "PA", "area-code": "814"}, {"id": "1d36742e3f24f50e4e7ae828015c45bc", "number": "8143770886", "date": "2021-01-21 10:21:00", "subject": "3", "recorded-or-robo": "Y", "city": "", "state": "PA", "area-code": "814"}, {"id": "e81c9350d54f66c6d33b3747ee8287e7", "number": "9098254972", "date": "2021-01-22 17:23:00", "subject": "9", "recorded-or-robo": "Y", "city": "Landers", "state": "CA", "area-code": "760"}, {"id": "1d36742e3f24f50e4e7ae8280117d534", "number": "9098254972", "date": "2021-01-22 17:23:00", "subject": "9", "recorded-or-robo": "Y", "city": "Landers", "state": "CA", "area-code": "760"}, {"id": "e81c9350d54f66c6d33b3747ee82854f", "number": "6306689997", "date": "2021-01-22 13:03:00", "subject": "2", "recorded-or-robo": "Y", "city": "WHEATON", "state": "IL", "area-code": "630"}, {"id": "1d36742e3f24f50e4e7ae8280117d04c", "number": "6306689997", "date": "2021-01-22 13:03:00", "subject": "2", "recorded-or-robo": "Y", "city": "WHEATON", "state": "IL", "area-code": "630"}, {"id": "e81c9350d54f66c6d33b3747ee828143", "number": "8139503080", "date": "2021-01-22 16:37:00", "subject": "2", "recorded-or-robo": "Y", "city": "TAMPA", "state": "FL", "area-code": "813"}, {"id": "1d36742e3f24f50e4e7ae8280117cf71", "number": "8139503080", "date": "2021-01-22 16:37:00", "subject": "2", "recorded-or-robo": "Y", "city": "TAMPA", "state": "FL", "area-code": "813"}, {"id": "e81c9350d54f66c6d33b3747ee827d48", "number": "7183954954", "date": "2021-01-22 20:28:00", "subject": "4", "recorded-or-robo": "Y", "city": "Saratoga Springs", "state": "NY", "area-code": "518"}, {"id": "1d36742e3f24f50e4e7ae8280117ca1e", "number": "7183954954", "date": "2021-01-22 20:28:00", "subject": "4", "recorded-or-robo": "Y", "city": "Saratoga Springs", "state": "NY", "area-code": "518"}, {"id": "e81c9350d54f66c6d33b3747ee82796a", "number": "2108982781", "date": "2021-01-19 15:42:00", "subject": "3", "recorded-or-robo": "N", "city": "", "state": "TX", "area-code": "210"}, {"id": "1d36742e3f24f50e4e7ae8280117c098", "number": "2108982781", "date": "2021-01-19 15:42:00", "subject": "3", "recorded-or-robo": "N", "city": "", "state": "TX", "area-code": "210"}, {"id": "e81c9350d54f66c6d33b3747eeac5ee1", "number": "+19547585147", "date": "2021-01-22 20:32:09", "subject": "3", "recorded-or-robo": "Y", "city": "", "state": "FL", "area-code": "561"}, {"id": "1d36742e3f24f50e4e7ae82801412b74", "number": "+19547585147", "date": "2021-01-22 20:32:09", "subject": "3", "recorded-or-robo": "Y", "city": "", "state": "FL", "area-code": "561"}, {"id": "e81c9350d54f66c6d33b3747eeac1f26", "number": "4799991193", "date": "2021-01-22 20:32:07", "subject": "3", "recorded-or-robo": "Y", "city": "", "state": "AR", "area-code": "479"}, {"id": "1d36742e3f24f50e4e7ae8280140dae0", "number": "4799991193", "date": "2021-01-22 20:32:07", "subject": "3", "recorded-or-robo": "Y", "city": "", "state": "AR", "area-code": "479"}, {"id": "e81c9350d54f66c6d33b3747ee82723e", "number": "9724971400", "date": "2021-01-12 14:11:00", "subject": "0", "recorded-or-robo": "N", "city": "Frederick", "state": "MD", "area-code": "206"}, {"id": "1d36742e3f24f50e4e7ae8280117b167", "number": "9724971400", "date": "2021-01-12 14:11:00", "subject": "0", "recorded-or-robo": "N", "city": "Frederick", "state": "MD", "area-code": "206"}, {"id": "e81c9350d54f66c6d33b3747ee826b1d", "number": "3853988768", "date": "2021-01-22 14:15:00", "subject": "0", "recorded-or-robo": "Y", "city": "", "state": "CA", "area-code": "323"}, {"id": "1d36742e3f24f50e4e7ae8280117a370", "number": "3853988768", "date": "2021-01-22 14:15:00", "subject": "0", "recorded-or-robo": "Y", "city": "", "state": "CA", "area-code": "323"}, {"id": "e81c9350d54f66c6d33b3747eeac5508", "number": "+15616783881", "date": "2021-01-22 20:31:43", "subject": "3", "recorded-or-robo": "Y", "city": "", "state": "FL", "area-code": "561"}, {"id": "1d36742e3f24f50e4e7ae82801411a40", "number": "+15616783881", "date": "2021-01-22 20:31:43", "subject": "3", "recorded-or-robo": "Y", "city": "", "state": "FL", "area-code": "561"}, {"id": "e81c9350d54f66c6d33b3747ee8263e6", "number": "8707466700", "date": "2021-01-20 09:48:00", "subject": "2", "recorded-or-robo": "N", "city": "MTN VIEW", "state": "AR", "area-code": "870"}, {"id": "1d36742e3f24f50e4e7ae828011793f5", "number": "8707466700", "date": "2021-01-20 09:48:00", "subject": "2", "recorded-or-robo": "N", "city": "MTN VIEW", "state": "AR", "area-code": "870"}, {"id": "e81c9350d54f66c6d33b3747eeac258b", "number": "9172431289", "date": "2021-01-22 20:31:39", "subject": "3", "recorded-or-robo": "Y", "city": "", "state": "NY", "area-code": "917"}, {"id": "1d36742e3f24f50e4e7ae8280140e344", "number": "9172431289", "date": "2021-01-22 20:31:39", "subject": "3", "recorded-or-robo": "Y", "city": "", "state": "NY", "area-code": "917"}, {"id": "e81c9350d54f66c6d33b3747ee826192", "number": "2074073734", "date": "2021-01-21 13:16:00", "subject": "1", "recorded-or-robo": "Y", "city": "Belfast", "state": "ME", "area-code": "207"}, {"id": "1d36742e3f24f50e4e7ae828011793ba", "number": "2074073734", "date": "2021-01-21 13:16:00", "subject": "1", "recorded-or-robo": "Y", "city": "Belfast", "state": "ME", "area-code": "207"}, {"id": "e81c9350d54f66c6d33b3747ee825209", "number": "6023526167", "date": "2021-01-19 16:07:00", "subject": "3", "recorded-or-robo": "N", "city": "", "state": "TX", "area-code": "210"}, {"id": "e81c9350d54f66c6d33b3747ee825071", "number": "3528113651", "date": "2021-01-22 13:06:00", "subject": "0", "recorded-or-robo": "Y", "city": "Foley", "state": "AL", "area-code": "251"}, {"id": "1d36742e3f24f50e4e7ae82801178cb2", "number": "6023526167", "date": "2021-01-19 16:07:00", "subject": "3", "recorded-or-robo": "N", "city": "", "state": "TX", "area-code": "210"}, {"id": "1d36742e3f24f50e4e7ae82801177ebf", "number": "3528113651", "date": "2021-01-22 13:06:00", "subject": "0", "recorded-or-robo": "Y", "city": "Foley", "state": "AL", "area-code": "251"}, {"id": "e81c9350d54f66c6d33b3747ee824ec0", "number": "9208978914", "date": "2021-01-22 18:40:00", "subject": "2", "recorded-or-robo": "Y", "city": "", "state": "WI", "area-code": "920"}, {"id": "1d36742e3f24f50e4e7ae8280117730e", "number": "9208978914", "date": "2021-01-22 18:40:00", "subject": "2", "recorded-or-robo": "Y", "city": "", "state": "WI", "area-code": "920"}, {"id": "e81c9350d54f66c6d33b3747ee8246c2", "number": "7272500637", "date": "2021-01-14 13:14:00", "subject": "0", "recorded-or-robo": "", "city": "Ocala", "state": "FL", "area-code": "352"}, {"id": "1d36742e3f24f50e4e7ae82801176b96", "number": "7272500637", "date": "2021-01-14 13:14:00", "subject": "0", "recorded-or-robo": "", "city": "Ocala", "state": "FL", "area-code": "352"}, {"id": "e81c9350d54f66c6d33b3747ee8240b3", "number": "2022186244", "date": "2021-01-14 14:17:00", "subject": "0", "recorded-or-robo": "N", "city": "Frederick", "state": "MD", "area-code": "206"}, {"id": "1d36742e3f24f50e4e7ae82801176a6b", "number": "2022186244", "date": "2021-01-14 14:17:00", "subject": "0", "recorded-or-robo": "N", "city": "Frederick", "state": "MD", "area-code": "206"}, {"id": "e81c9350d54f66c6d33b3747eec6f663", "number": "3374123084", "date": "2021-01-22 23:00:00", "subject": "3", "recorded-or-robo": "Y", "city": "", "state": "LA", "area-code": "337"}, {"id": "1d36742e3f24f50e4e7ae828015c3ffe", "number": "3374123084", "date": "2021-01-22 23:00:00", "subject": "3", "recorded-or-robo": "Y", "city": "", "state": "LA", "area-code": "337"}, {"id": "e81c9350d54f66c6d33b3747ee8239a3", "number": "2109423412", "date": "2021-01-20 09:11:00", "subject": "3", "recorded-or-robo": "N", "city": "", "state": "TX", "area-code": "210"}, {"id": "1d36742e3f24f50e4e7ae828011765a9", "number": "2109423412", "date": "2021-01-20 09:11:00", "subject": "3", "recorded-or-robo": "N", "city": "", "state": "TX", "area-code": "210"}, {"id": "e81c9350d54f66c6d33b3747ee823531", "number": "3013207489", "date": "2021-01-22 17:29:00", "subject": "1", "recorded-or-robo": "Y", "city": "Bethesda", "state": "MD", "area-code": "301"}, {"id": "e81c9350d54f66c6d33b3747ee822091", "number": "7035707534", "date": "2021-01-22 17:31:00", "subject": "3", "recorded-or-robo": "N", "city": "", "state": "VA", "area-code": "703"}, {"id": "1d36742e3f24f50e4e7ae828011757be", "number": "3013207489", "date": "2021-01-22 17:29:00", "subject": "1", "recorded-or-robo": "Y", "city": "Bethesda", "state": "MD", "area-code": "301"}, {"id": "1d36742e3f24f50e4e7ae82801174dae", "number": "7035707534", "date": "2021-01-22 17:31:00", "subject": "3", "recorded-or-robo": "N", "city": "", "state": "VA", "area-code": "703"}, {"id": "e81c9350d54f66c6d33b3747eeac269b", "number": "+16302800686", "date": "2021-01-22 20:30:38", "subject": "3", "recorded-or-robo": "N", "city": "", "state": "IL", "area-code": "630"}, {"id": "1d36742e3f24f50e4e7ae8280140edf7", "number": "+16302800686", "date": "2021-01-22 20:30:38", "subject": "3", "recorded-or-robo": "N", "city": "", "state": "IL", "area-code": "630"}, {"id": "e81c9350d54f66c6d33b3747ee822d6d", "number": "4077574474", "date": "2021-01-21 14:29:00", "subject": "2", "recorded-or-robo": "Y", "city": "TAMPA", "state": "FL", "area-code": "813"}]}