{"data": [{"id": "deca54a6651fb9add5b4a9816cd2a8a0", "number": "3082093866", "date": "2021-01-22 16:26:00", "subject": "5", "recorded-or-robo": "", "city": "", "state": "NE", "area-code": "402"}, {"id": "e81c9350d54f66c6d33b3747ee3dee19", "number": "4402817305", "date": "2021-01-22 18:48:00", "subject": "3", "recorded-or-robo": "N", "city": "", "state": "OH", "area-code": "440"}, {"id": "deca54a6651fb9add5b4a9816cd269ce", "number": "4402817305", "date": "2021-01-22 18:48:00", "subject": "3", "recorded-or-robo": "N", "city": "", "state": "OH", "area-code": "440"}, {"id": "e81c9350d54f66c6d33b3747ee9f5d93", "number": "9045334266", "date": "2021-01-22 18:50:06", "subject": "3", "recorded-or-robo": "Y", "city": "", "state": "FL", "area-code": "904"}, {"id": "e81c9350d54f66c6d33b3747ee9f20bc", "number": "6264693826", "date": "2021-01-22 18:50:06", "subject": "3", "recorded-or-robo": "Y", "city": "", "state": "CA", "area-code": "714"}, {"id": "1d36742e3f24f50e4e7ae8280134733d", "number": "9045334266", "date": "2021-01-22 18:50:06", "subject": "3", "recorded-or-robo": "Y", "city": "", "state": "FL", "area-code": "904"}, {"id": "1d36742e3f24f50e4e7ae82801343d85", "number": "6264693826", "date": "2021-01-22 18:50:06", "subject": "3", "recorded-or-robo": "Y", "city": "", "state": "CA", "area-code": "714"}, {"id": "e81c9350d54f66c6d33b3747ee9f4775", "number": "3015525069", "date": "2021-01-22 18:50:04", "subject": "3", "recorded-or-robo": "Y", "city": "", "state": "MD", "area-code": "240"}, {"id": "1d36742e3f24f50e4e7ae82801345bc6", "number": "3015525069", "date": "2021-01-22 18:50:04", "subject": "3", "recorded-or-robo": "Y", "city": "", "state": "MD", "area-code": "240"}, {"id": "e81c9350d54f66c6d33b3747ee9f358d", "number": "4075644718", "date": "2021-01-22 18:50:03", "subject": "3", "recorded-or-robo": "Y", "city": "", "state": "FL", "area-code": "407"}, {"id": "e81c9350d54f66c6d33b3747ee9ef0cd", "number": "3015525069", "date": "2021-01-22 18:50:03", "subject": "3", "recorded-or-robo": "Y", "city": "", "state": "MD", "area-code": "240"}, {"id": "1d36742e3f24f50e4e7ae82801344b0d", "number": "4075644718", "date": "2021-01-22 18:50:03", "subject": "3", "recorded-or-robo": "Y", "city": "", "state": "FL", "area-code": "407"}, {"id": "1d36742e3f24f50e4e7ae828013426ea", "number": "3015525069", "date": "2021-01-22 18:50:03", "subject": "3", "recorded-or-robo": "Y", "city": "", "state": "MD", "area-code": "240"}, {"id": "e81c9350d54f66c6d33b3747ee3e39c4", "number": "9153203983", "date": "2021-01-22 13:09:00", "subject": "2", "recorded-or-robo": "Y", "city": "", "state": "TX", "area-code": "214"}, {"id": "deca54a6651fb9add5b4a9816cd29a71", "number": "9153203983", "date": "2021-01-22 13:09:00", "subject": "2", "recorded-or-robo": "Y", "city": "", "state": "TX", "area-code": "214"}, {"id": "e81c9350d54f66c6d33b3747ee3e2b6e", "number": "8014514488", "date": "2021-01-22 10:49:00", "subject": "2", "recorded-or-robo": "Y", "city": "Orinda", "state": "CA", "area-code": "925"}, {"id": "deca54a6651fb9add5b4a9816cd296ad", "number": "8014514488", "date": "2021-01-22 10:49:00", "subject": "2", "recorded-or-robo": "Y", "city": "Orinda", "state": "CA", "area-code": "925"}, {"id": "e81c9350d54f66c6d33b3747ee9f10da", "number": "9133487520", "date": "2021-01-22 18:49:47", "subject": "3", "recorded-or-robo": "N", "city": "", "state": "CO", "area-code": "720"}, {"id": "1d36742e3f24f50e4e7ae82801343b2b", "number": "9133487520", "date": "2021-01-22 18:49:47", "subject": "3", "recorded-or-robo": "N", "city": "", "state": "CO", "area-code": "720"}, {"id": "e81c9350d54f66c6d33b3747ee3e25a5", "number": "3013100131", "date": "2021-01-22 10:18:00", "subject": "0", "recorded-or-robo": "Y", "city": "Fort  Washington", "state": "MD", "area-code": "301"}, {"id": "deca54a6651fb9add5b4a9816cd2934b", "number": "3013100131", "date": "2021-01-22 10:18:00", "subject": "0", "recorded-or-robo": "Y", "city": "Fort  Washington", "state": "MD", "area-code": "301"}, {"id": "e81c9350d54f66c6d33b3747ee3e1a0b", "number": "9549322999", "date": "2021-01-22 10:38:00", "subject": "2", "recorded-or-robo": "N", "city": "Leeds", "state": "ME", "area-code": "207"}, {"id": "deca54a6651fb9add5b4a9816cd28895", "number": "9549322999", "date": "2021-01-22 10:38:00", "subject": "2", "recorded-or-robo": "N", "city": "Leeds", "state": "ME", "area-code": "207"}, {"id": "e81c9350d54f66c6d33b3747ee3e115e", "number": "", "date": "2021-01-22 14:00:00", "subject": "2", "recorded-or-robo": "Y", "city": "Sunnyvale", "state": "CA", "area-code": "408"}, {"id": "deca54a6651fb9add5b4a9816cd27df3", "number": "", "date": "2021-01-22 14:00:00", "subject": "2", "recorded-or-robo": "Y", "city": "Sunnyvale", "state": "CA", "area-code": "408"}, {"id": "e81c9350d54f66c6d33b3747ee3e09f6", "number": "2547808309", "date": "2021-01-22 17:46:00", "subject": "2", "recorded-or-robo": "Y", "city": "Belton", "state": "TX", "area-code": "254"}, {"id": "deca54a6651fb9add5b4a9816cd27c3a", "number": "2547808309", "date": "2021-01-22 17:46:00", "subject": "2", "recorded-or-robo": "Y", "city": "Belton", "state": "TX", "area-code": "254"}, {"id": "e81c9350d54f66c6d33b3747ee3e0082", "number": "8187571653", "date": "2021-01-22 13:34:00", "subject": "4", "recorded-or-robo": "Y", "city": "", "state": "CA", "area-code": "310"}, {"id": "e81c9350d54f66c6d33b3747ee3dfae3", "number": "8145543207", "date": "2021-01-21 14:29:00", "subject": "1", "recorded-or-robo": "Y", "city": "Blackwood", "state": "NJ", "area-code": "609"}, {"id": "deca54a6651fb9add5b4a9816cd27b70", "number": "8187571653", "date": "2021-01-22 13:34:00", "subject": "4", "recorded-or-robo": "Y", "city": "", "state": "CA", "area-code": "310"}, {"id": "deca54a6651fb9add5b4a9816cd27b5f", "number": "8145543207", "date": "2021-01-21 14:29:00", "subject": "1", "recorded-or-robo": "Y", "city": "Blackwood", "state": "NJ", "area-code": "609"}, {"id": "e81c9350d54f66c6d33b3747ee3df9e7", "number": "6516151912", "date": "2021-01-22 04:53:00", "subject": "2", "recorded-or-robo": "Y", "city": "Faribault", "state": "MN", "area-code": "651"}, {"id": "deca54a6651fb9add5b4a9816cd2793c", "number": "6516151912", "date": "2021-01-22 04:53:00", "subject": "2", "recorded-or-robo": "Y", "city": "Faribault", "state": "MN", "area-code": "651"}, {"id": "e81c9350d54f66c6d33b3747ee3de685", "number": "6109859062", "date": "2021-01-22 18:32:00", "subject": "7", "recorded-or-robo": "Y", "city": "Hubbard", "state": "OH", "area-code": "330"}, {"id": "deca54a6651fb9add5b4a9816cd25cac", "number": "6109859062", "date": "2021-01-22 18:32:00", "subject": "7", "recorded-or-robo": "Y", "city": "Hubbard", "state": "OH", "area-code": "330"}, {"id": "e81c9350d54f66c6d33b3747ee3de109", "number": "", "date": "2020-01-22 17:45:00", "subject": "3", "recorded-or-robo": "", "city": "", "state": "TX", "area-code": "830"}, {"id": "deca54a6651fb9add5b4a9816cd25078", "number": "", "date": "2020-01-22 17:45:00", "subject": "3", "recorded-or-robo": "", "city": "", "state": "TX", "area-code": "830"}, {"id": "e81c9350d54f66c6d33b3747ee3dd584", "number": "3128151171", "date": "2021-01-19 10:48:00", "subject": "0", "recorded-or-robo": "Y", "city": "Monee", "state": "IL", "area-code": "708"}, {"id": "deca54a6651fb9add5b4a9816cd248e8", "number": "3128151171", "date": "2021-01-19 10:48:00", "subject": "0", "recorded-or-robo": "Y", "city": "Monee", "state": "IL", "area-code": "708"}, {"id": "e81c9350d54f66c6d33b3747ee3dc6d6", "number": "7727322266", "date": "2021-01-22 17:25:00", "subject": "2", "recorded-or-robo": "", "city": "Jupiter", "state": "FL", "area-code": "561"}, {"id": "deca54a6651fb9add5b4a9816cd23c3b", "number": "7727322266", "date": "2021-01-22 17:25:00", "subject": "2", "recorded-or-robo": "", "city": "Jupiter", "state": "FL", "area-code": "561"}, {"id": "e81c9350d54f66c6d33b3747ee3dbe11", "number": "2817691503", "date": "2021-01-22 17:44:00", "subject": "7", "recorded-or-robo": "Y", "city": "", "state": "TX", "area-code": "281"}, {"id": "deca54a6651fb9add5b4a9816cd236a6", "number": "2817691503", "date": "2021-01-22 17:44:00", "subject": "7", "recorded-or-robo": "Y", "city": "", "state": "TX", "area-code": "281"}, {"id": "e81c9350d54f66c6d33b3747ee3db200", "number": "9253294206", "date": "2021-01-22 12:17:00", "subject": "2", "recorded-or-robo": "Y", "city": "Orinda", "state": "CA", "area-code": "925"}, {"id": "deca54a6651fb9add5b4a9816cd231ad", "number": "9253294206", "date": "2021-01-22 12:17:00", "subject": "2", "recorded-or-robo": "Y", "city": "Orinda", "state": "CA", "area-code": "925"}, {"id": "e81c9350d54f66c6d33b3747ee9ee319", "number": "9198228324", "date": "2021-01-22 18:48:48", "subject": "3", "recorded-or-robo": "Y", "city": "", "state": "NC", "area-code": "919"}, {"id": "1d36742e3f24f50e4e7ae82801341928", "number": "9198228324", "date": "2021-01-22 18:48:48", "subject": "3", "recorded-or-robo": "Y", "city": "", "state": "NC", "area-code": "919"}, {"id": "e81c9350d54f66c6d33b3747ee3da5fc", "number": "6469721740", "date": "2021-01-22 07:10:00", "subject": "1", "recorded-or-robo": "Y", "city": "", "state": "MI", "area-code": "248"}, {"id": "deca54a6651fb9add5b4a9816cd22b5c", "number": "6469721740", "date": "2021-01-22 07:10:00", "subject": "1", "recorded-or-robo": "Y", "city": "", "state": "MI", "area-code": "248"}, {"id": "e81c9350d54f66c6d33b3747ee9ed378", "number": "+16264693826", "date": "2021-01-22 18:48:46", "subject": "3", "recorded-or-robo": "Y", "city": "", "state": "CA", "area-code": "714"}]}