{"data": [{"id": "1d36742e3f24f50e4e7ae828015f0453", "number": "3306805054", "date": "2021-01-21 17:44:00", "subject": "2", "recorded-or-robo": "Y", "city": "", "state": "OH", "area-code": "614"}, {"id": "e81c9350d54f66c6d33b3747eec9cbe9", "number": "9312187846", "date": "2021-01-22 17:38:00", "subject": "6", "recorded-or-robo": "N", "city": "Sparta", "state": "TN", "area-code": "931"}, {"id": "1d36742e3f24f50e4e7ae828015ef769", "number": "9312187846", "date": "2021-01-22 17:38:00", "subject": "6", "recorded-or-robo": "N", "city": "Sparta", "state": "TN", "area-code": "931"}, {"id": "3decc6bfadaa436a105714c6ba542f4d", "number": "+12093094897", "date": "2021-01-23 05:57:49", "subject": "3", "recorded-or-robo": "N", "city": "", "state": "CA", "area-code": "209"}, {"id": "1d36742e3f24f50e4e7ae82801ea37fc", "number": "+12093094897", "date": "2021-01-23 05:57:49", "subject": "3", "recorded-or-robo": "N", "city": "", "state": "CA", "area-code": "209"}, {"id": "e81c9350d54f66c6d33b3747eec9ca86", "number": "9379716303", "date": "2021-01-21 12:47:00", "subject": "4", "recorded-or-robo": "Y", "city": "Germantown", "state": "OH", "area-code": "937"}, {"id": "1d36742e3f24f50e4e7ae828015ee7b1", "number": "9379716303", "date": "2021-01-21 12:47:00", "subject": "4", "recorded-or-robo": "Y", "city": "Germantown", "state": "OH", "area-code": "937"}, {"id": "3decc6bfadaa436a105714c6ba5435ef", "number": "+15134577557", "date": "2021-01-23 05:55:30", "subject": "3", "recorded-or-robo": "Y", "city": "", "state": "OH", "area-code": "513"}, {"id": "1d36742e3f24f50e4e7ae82801ea3b86", "number": "+15134577557", "date": "2021-01-23 05:55:30", "subject": "3", "recorded-or-robo": "Y", "city": "", "state": "OH", "area-code": "513"}, {"id": "e81c9350d54f66c6d33b3747eec9c152", "number": "7033603373", "date": "2021-01-23 12:00:00", "subject": "2", "recorded-or-robo": "Y", "city": "Alexandria", "state": "VA", "area-code": "703"}, {"id": "1d36742e3f24f50e4e7ae828015ee450", "number": "7033603373", "date": "2021-01-23 12:00:00", "subject": "2", "recorded-or-robo": "Y", "city": "Alexandria", "state": "VA", "area-code": "703"}, {"id": "3decc6bfadaa436a105714c6ba54218b", "number": "6194615460", "date": "2021-01-23 05:48:35", "subject": "3", "recorded-or-robo": "Y", "city": "", "state": "CA", "area-code": "805"}, {"id": "1d36742e3f24f50e4e7ae82801ea37b5", "number": "6194615460", "date": "2021-01-23 05:48:35", "subject": "3", "recorded-or-robo": "Y", "city": "", "state": "CA", "area-code": "805"}, {"id": "3decc6bfadaa436a105714c6ba542180", "number": "6149921354", "date": "2021-01-23 05:47:45", "subject": "3", "recorded-or-robo": "N", "city": "", "state": "OH", "area-code": "614"}, {"id": "1d36742e3f24f50e4e7ae82801ea315d", "number": "6149921354", "date": "2021-01-23 05:47:45", "subject": "3", "recorded-or-robo": "N", "city": "", "state": "OH", "area-code": "614"}, {"id": "e81c9350d54f66c6d33b3747eec9c100", "number": "7322268383", "date": "2021-01-22 14:49:00", "subject": "2", "recorded-or-robo": "N", "city": "Kissimmee", "state": "NJ", "area-code": "732"}, {"id": "1d36742e3f24f50e4e7ae828015edce0", "number": "7322268383", "date": "2021-01-22 14:49:00", "subject": "2", "recorded-or-robo": "N", "city": "Kissimmee", "state": "NJ", "area-code": "732"}, {"id": "3decc6bfadaa436a105714c6ba541ed1", "number": "+19089001980", "date": "2021-01-23 05:41:19", "subject": "3", "recorded-or-robo": "Y", "city": "", "state": "NJ", "area-code": "973"}, {"id": "1d36742e3f24f50e4e7ae82801ea2197", "number": "+19089001980", "date": "2021-01-23 05:41:19", "subject": "3", "recorded-or-robo": "Y", "city": "", "state": "NJ", "area-code": "973"}, {"id": "e81c9350d54f66c6d33b3747eec9b887", "number": "7326482922", "date": "2021-01-22 12:00:00", "subject": "2", "recorded-or-robo": "N", "city": "Kissimmee", "state": "NJ", "area-code": "732"}, {"id": "1d36742e3f24f50e4e7ae828015ed9c8", "number": "7326482922", "date": "2021-01-22 12:00:00", "subject": "2", "recorded-or-robo": "N", "city": "Kissimmee", "state": "NJ", "area-code": "732"}, {"id": "e81c9350d54f66c6d33b3747eec9b78a", "number": "8332298918", "date": "2021-01-22 17:52:00", "subject": "2", "recorded-or-robo": "", "city": "Dover", "state": "PA", "area-code": "717"}, {"id": "1d36742e3f24f50e4e7ae828015ed8d3", "number": "8332298918", "date": "2021-01-22 17:52:00", "subject": "2", "recorded-or-robo": "", "city": "Dover", "state": "PA", "area-code": "717"}, {"id": "e81c9350d54f66c6d33b3747eec9acde", "number": "4434922803", "date": "2021-01-22 09:57:00", "subject": "2", "recorded-or-robo": "N", "city": "Kissimmee", "state": "NJ", "area-code": "732"}, {"id": "1d36742e3f24f50e4e7ae828015ecec4", "number": "4434922803", "date": "2021-01-22 09:57:00", "subject": "2", "recorded-or-robo": "N", "city": "Kissimmee", "state": "NJ", "area-code": "732"}, {"id": "3decc6bfadaa436a105714c6ba54100d", "number": "9544208396", "date": "2021-01-23 05:37:09", "subject": "3", "recorded-or-robo": "N", "city": "", "state": "FL", "area-code": "786"}, {"id": "1d36742e3f24f50e4e7ae82801ea12b4", "number": "9544208396", "date": "2021-01-23 05:37:09", "subject": "3", "recorded-or-robo": "N", "city": "", "state": "FL", "area-code": "786"}, {"id": "e81c9350d54f66c6d33b3747eec9a3c8", "number": "7034757930", "date": "2021-01-22 10:14:00", "subject": "0", "recorded-or-robo": "Y", "city": "", "state": "VA", "area-code": "540"}, {"id": "1d36742e3f24f50e4e7ae828015ec0af", "number": "7034757930", "date": "2021-01-22 10:14:00", "subject": "0", "recorded-or-robo": "Y", "city": "", "state": "VA", "area-code": "540"}, {"id": "e81c9350d54f66c6d33b3747eec993fe", "number": "8569557493", "date": "2021-01-23 04:31:00", "subject": "3", "recorded-or-robo": "Y", "city": "", "state": "IL", "area-code": "773"}, {"id": "1d36742e3f24f50e4e7ae828015eb9c3", "number": "8569557493", "date": "2021-01-23 04:31:00", "subject": "3", "recorded-or-robo": "Y", "city": "", "state": "IL", "area-code": "773"}, {"id": "3decc6bfadaa436a105714c6ba5405fa", "number": "9255227210", "date": "2021-01-23 05:33:39", "subject": "3", "recorded-or-robo": "Y", "city": "", "state": "CA", "area-code": "310"}, {"id": "1d36742e3f24f50e4e7ae82801ea1115", "number": "9255227210", "date": "2021-01-23 05:33:39", "subject": "3", "recorded-or-robo": "Y", "city": "", "state": "CA", "area-code": "310"}, {"id": "e81c9350d54f66c6d33b3747eec98c3c", "number": "9292979373", "date": "2021-01-22 10:07:00", "subject": "2", "recorded-or-robo": "Y", "city": "", "state": "NY", "area-code": "718"}, {"id": "1d36742e3f24f50e4e7ae828015eb9bc", "number": "9292979373", "date": "2021-01-22 10:07:00", "subject": "2", "recorded-or-robo": "Y", "city": "", "state": "NY", "area-code": "718"}, {"id": "e81c9350d54f66c6d33b3747eec98889", "number": "7186462526", "date": "2021-01-22 11:39:00", "subject": "2", "recorded-or-robo": "Y", "city": "", "state": "NY", "area-code": "718"}, {"id": "1d36742e3f24f50e4e7ae828015eb35d", "number": "7186462526", "date": "2021-01-22 11:39:00", "subject": "2", "recorded-or-robo": "Y", "city": "", "state": "NY", "area-code": "718"}, {"id": "e81c9350d54f66c6d33b3747eec97fb0", "number": "7186471384", "date": "2021-01-22 12:46:00", "subject": "2", "recorded-or-robo": "Y", "city": "", "state": "NY", "area-code": "718"}, {"id": "1d36742e3f24f50e4e7ae828015ea9c6", "number": "7186471384", "date": "2021-01-22 12:46:00", "subject": "2", "recorded-or-robo": "Y", "city": "", "state": "NY", "area-code": "718"}, {"id": "e81c9350d54f66c6d33b3747eec971c4", "number": "7184704749", "date": "2021-01-22 13:09:00", "subject": "2", "recorded-or-robo": "Y", "city": "", "state": "NY", "area-code": "718"}, {"id": "1d36742e3f24f50e4e7ae828015ea3c0", "number": "7184704749", "date": "2021-01-22 13:09:00", "subject": "2", "recorded-or-robo": "Y", "city": "", "state": "NY", "area-code": "718"}, {"id": "3decc6bfadaa436a105714c6ba53fe2e", "number": "9185402048", "date": "2021-01-23 05:31:12", "subject": "3", "recorded-or-robo": "Y", "city": "", "state": "OK", "area-code": "918"}, {"id": "1d36742e3f24f50e4e7ae82801ea0c45", "number": "9185402048", "date": "2021-01-23 05:31:12", "subject": "3", "recorded-or-robo": "Y", "city": "", "state": "OK", "area-code": "918"}, {"id": "e81c9350d54f66c6d33b3747eec96b59", "number": "7186486994", "date": "2021-01-22 13:52:00", "subject": "2", "recorded-or-robo": "Y", "city": "", "state": "NY", "area-code": "718"}, {"id": "1d36742e3f24f50e4e7ae828015e9b89", "number": "7186486994", "date": "2021-01-22 13:52:00", "subject": "2", "recorded-or-robo": "Y", "city": "", "state": "NY", "area-code": "718"}, {"id": "e81c9350d54f66c6d33b3747eec960c9", "number": "7186451842", "date": "2021-01-22 15:50:00", "subject": "2", "recorded-or-robo": "Y", "city": "", "state": "NY", "area-code": "718"}, {"id": "1d36742e3f24f50e4e7ae828015e8f55", "number": "7186451842", "date": "2021-01-22 15:50:00", "subject": "2", "recorded-or-robo": "Y", "city": "", "state": "NY", "area-code": "718"}, {"id": "e81c9350d54f66c6d33b3747eec95506", "number": "7186438631", "date": "2021-01-22 17:51:00", "subject": "2", "recorded-or-robo": "Y", "city": "", "state": "NY", "area-code": "718"}, {"id": "1d36742e3f24f50e4e7ae828015e8f15", "number": "7186438631", "date": "2021-01-22 17:51:00", "subject": "2", "recorded-or-robo": "Y", "city": "", "state": "NY", "area-code": "718"}, {"id": "e81c9350d54f66c6d33b3747eec94e30", "number": "9292744780", "date": "2021-01-23 03:51:00", "subject": "0", "recorded-or-robo": "", "city": "South Elgin", "state": "IL", "area-code": "929"}]}