{"data": [{"id": "deca54a6651fb9add5b4a9816cafc04e", "number": "5016044362", "date": "2021-01-22 16:59:00", "subject": "2", "recorded-or-robo": "Y", "city": "Columbus", "state": "OH", "area-code": "614"}, {"id": "e81c9350d54f66c6d33b3747ee1a4582", "number": "2142999757", "date": "2021-01-22 12:00:00", "subject": "5", "recorded-or-robo": "Y", "city": "Dallas", "state": "TX", "area-code": "214"}, {"id": "deca54a6651fb9add5b4a9816cafbda6", "number": "2142999757", "date": "2021-01-22 12:00:00", "subject": "5", "recorded-or-robo": "Y", "city": "Dallas", "state": "TX", "area-code": "214"}, {"id": "e81c9350d54f66c6d33b3747ee535ffa", "number": "9416622501", "date": "2021-01-22 17:46:20", "subject": "3", "recorded-or-robo": "Y", "city": "", "state": "NY", "area-code": "347"}, {"id": "deca54a6651fb9add5b4a9816ce7aede", "number": "9416622501", "date": "2021-01-22 17:46:20", "subject": "3", "recorded-or-robo": "Y", "city": "", "state": "NY", "area-code": "347"}, {"id": "e81c9350d54f66c6d33b3747ee1a39d0", "number": "7609875817", "date": "2021-01-22 14:37:00", "subject": "2", "recorded-or-robo": "N", "city": "", "state": "CA", "area-code": "760"}, {"id": "deca54a6651fb9add5b4a9816cafb2b9", "number": "7609875817", "date": "2021-01-22 14:37:00", "subject": "2", "recorded-or-robo": "N", "city": "", "state": "CA", "area-code": "760"}, {"id": "e81c9350d54f66c6d33b3747ee1a30d9", "number": "7865748101", "date": "2021-01-22 15:18:00", "subject": "2", "recorded-or-robo": "Y", "city": "Glendale", "state": "AZ", "area-code": "602"}, {"id": "deca54a6651fb9add5b4a9816cafa349", "number": "7865748101", "date": "2021-01-22 15:18:00", "subject": "2", "recorded-or-robo": "Y", "city": "Glendale", "state": "AZ", "area-code": "602"}, {"id": "e81c9350d54f66c6d33b3747ee1a2fe9", "number": "3308757053", "date": "2021-01-22 15:23:00", "subject": "6", "recorded-or-robo": "N", "city": "Hubbard", "state": "OH", "area-code": "330"}, {"id": "e81c9350d54f66c6d33b3747ee1a2645", "number": "8074971317", "date": "2021-01-22 11:03:00", "subject": "4", "recorded-or-robo": "Y", "city": "Chenango Bridge", "state": "NY", "area-code": "607"}, {"id": "e81c9350d54f66c6d33b3747ee1a245e", "number": "8632389128", "date": "2021-01-22 15:40:00", "subject": "0", "recorded-or-robo": "Y", "city": "", "state": "AZ", "area-code": "480"}, {"id": "deca54a6651fb9add5b4a9816cafa2b5", "number": "3308757053", "date": "2021-01-22 15:23:00", "subject": "6", "recorded-or-robo": "N", "city": "Hubbard", "state": "OH", "area-code": "330"}, {"id": "deca54a6651fb9add5b4a9816caf9775", "number": "8074971317", "date": "2021-01-22 11:03:00", "subject": "4", "recorded-or-robo": "Y", "city": "Chenango Bridge", "state": "NY", "area-code": "607"}, {"id": "deca54a6651fb9add5b4a9816caf91d1", "number": "8632389128", "date": "2021-01-22 15:40:00", "subject": "0", "recorded-or-robo": "Y", "city": "", "state": "AZ", "area-code": "480"}, {"id": "e81c9350d54f66c6d33b3747ee1a174e", "number": "", "date": "2021-01-22 10:30:00", "subject": "2", "recorded-or-robo": "N", "city": "Bryan", "state": "TX", "area-code": "979"}, {"id": "e81c9350d54f66c6d33b3747ee1a1573", "number": "3186753839", "date": "2021-01-22 00:00:00", "subject": "2", "recorded-or-robo": "Y", "city": "", "state": "CT", "area-code": "860"}, {"id": "deca54a6651fb9add5b4a9816caf91bd", "number": "", "date": "2021-01-22 10:30:00", "subject": "2", "recorded-or-robo": "N", "city": "Bryan", "state": "TX", "area-code": "979"}, {"id": "deca54a6651fb9add5b4a9816caf8ff4", "number": "3186753839", "date": "2021-01-22 00:00:00", "subject": "2", "recorded-or-robo": "Y", "city": "", "state": "CT", "area-code": "860"}, {"id": "e81c9350d54f66c6d33b3747ee1a0fb1", "number": "4083545781", "date": "2021-01-14 09:02:00", "subject": "5", "recorded-or-robo": "Y", "city": "Saratoga", "state": "CA", "area-code": "408"}, {"id": "deca54a6651fb9add5b4a9816caf8f89", "number": "4083545781", "date": "2021-01-14 09:02:00", "subject": "5", "recorded-or-robo": "Y", "city": "Saratoga", "state": "CA", "area-code": "408"}, {"id": "e81c9350d54f66c6d33b3747ee1a0ebd", "number": "3028442601", "date": "2021-01-19 17:16:00", "subject": "0", "recorded-or-robo": "", "city": "Millsboro", "state": "DE", "area-code": "302"}, {"id": "deca54a6651fb9add5b4a9816caf88fc", "number": "3028442601", "date": "2021-01-19 17:16:00", "subject": "0", "recorded-or-robo": "", "city": "Millsboro", "state": "DE", "area-code": "302"}, {"id": "e81c9350d54f66c6d33b3747ee1a0946", "number": "8653764064", "date": "2021-01-22 17:38:00", "subject": "2", "recorded-or-robo": "Y", "city": "Kingston", "state": "TN", "area-code": "865"}, {"id": "deca54a6651fb9add5b4a9816caf7ac5", "number": "8653764064", "date": "2021-01-22 17:38:00", "subject": "2", "recorded-or-robo": "Y", "city": "Kingston", "state": "TN", "area-code": "865"}, {"id": "e81c9350d54f66c6d33b3747ee53d183", "number": "4046864548", "date": "2021-01-22 17:45:48", "subject": "3", "recorded-or-robo": "Y", "city": "", "state": "GA", "area-code": "404"}, {"id": "e81c9350d54f66c6d33b3747ee19fb19", "number": "7346999894", "date": "2021-01-19 11:48:00", "subject": "0", "recorded-or-robo": "Y", "city": "Mahtomedi", "state": "MN", "area-code": "651"}, {"id": "deca54a6651fb9add5b4a9816ce81ef5", "number": "4046864548", "date": "2021-01-22 17:45:48", "subject": "3", "recorded-or-robo": "Y", "city": "", "state": "GA", "area-code": "404"}, {"id": "deca54a6651fb9add5b4a9816caf6cb2", "number": "7346999894", "date": "2021-01-19 11:48:00", "subject": "0", "recorded-or-robo": "Y", "city": "Mahtomedi", "state": "MN", "area-code": "651"}, {"id": "e81c9350d54f66c6d33b3747ee19f555", "number": "", "date": "2021-01-22 17:32:00", "subject": "3", "recorded-or-robo": "Y", "city": "", "state": "FL", "area-code": "561"}, {"id": "deca54a6651fb9add5b4a9816caf6af7", "number": "", "date": "2021-01-22 17:32:00", "subject": "3", "recorded-or-robo": "Y", "city": "", "state": "FL", "area-code": "561"}, {"id": "e81c9350d54f66c6d33b3747ee19f0cf", "number": "6024046021", "date": "2021-01-22 15:45:00", "subject": "9", "recorded-or-robo": "Y", "city": "", "state": "AZ", "area-code": "520"}, {"id": "e81c9350d54f66c6d33b3747ee19e7e5", "number": "5087443103", "date": "2021-01-22 14:00:00", "subject": "0", "recorded-or-robo": "N", "city": "", "state": "MA", "area-code": "508"}, {"id": "deca54a6651fb9add5b4a9816caf6151", "number": "6024046021", "date": "2021-01-22 15:45:00", "subject": "9", "recorded-or-robo": "Y", "city": "", "state": "AZ", "area-code": "520"}, {"id": "deca54a6651fb9add5b4a9816caf5787", "number": "5087443103", "date": "2021-01-22 14:00:00", "subject": "0", "recorded-or-robo": "N", "city": "", "state": "MA", "area-code": "508"}, {"id": "e81c9350d54f66c6d33b3747ee19e0b6", "number": "2533772925", "date": "2021-01-22 14:37:00", "subject": "9", "recorded-or-robo": "Y", "city": "Mill Creek", "state": "WA", "area-code": "425"}, {"id": "deca54a6651fb9add5b4a9816caf530b", "number": "2533772925", "date": "2021-01-22 14:37:00", "subject": "9", "recorded-or-robo": "Y", "city": "Mill Creek", "state": "WA", "area-code": "425"}, {"id": "e81c9350d54f66c6d33b3747ee19dc72", "number": "8609010119", "date": "2021-01-22 12:17:00", "subject": "0", "recorded-or-robo": "N", "city": "", "state": "IL", "area-code": "630"}, {"id": "deca54a6651fb9add5b4a9816caf5087", "number": "8609010119", "date": "2021-01-22 12:17:00", "subject": "0", "recorded-or-robo": "N", "city": "", "state": "IL", "area-code": "630"}, {"id": "e81c9350d54f66c6d33b3747ee539877", "number": "2623510122", "date": "2021-01-22 17:45:40", "subject": "3", "recorded-or-robo": "Y", "city": "", "state": "WI", "area-code": "262"}, {"id": "deca54a6651fb9add5b4a9816ce7f3db", "number": "2623510122", "date": "2021-01-22 17:45:40", "subject": "3", "recorded-or-robo": "Y", "city": "", "state": "WI", "area-code": "262"}, {"id": "e81c9350d54f66c6d33b3747ee19d607", "number": "8008952188", "date": "2021-01-22 15:34:00", "subject": "2", "recorded-or-robo": "Y", "city": "", "state": "AZ", "area-code": "480"}, {"id": "deca54a6651fb9add5b4a9816caf49c3", "number": "8008952188", "date": "2021-01-22 15:34:00", "subject": "2", "recorded-or-robo": "Y", "city": "", "state": "AZ", "area-code": "480"}, {"id": "e81c9350d54f66c6d33b3747ee19d4ee", "number": "8605470571", "date": "2021-01-22 11:58:00", "subject": "3", "recorded-or-robo": "", "city": "", "state": "CT", "area-code": "860"}, {"id": "deca54a6651fb9add5b4a9816caf4746", "number": "8605470571", "date": "2021-01-22 11:58:00", "subject": "3", "recorded-or-robo": "", "city": "", "state": "CT", "area-code": "860"}, {"id": "e81c9350d54f66c6d33b3747ee5cc1c6", "number": "7315892257", "date": "2021-01-22 16:24:00", "subject": "3", "recorded-or-robo": "", "city": "", "state": "TN", "area-code": "731"}, {"id": "deca54a6651fb9add5b4a9816cf19350", "number": "7315892257", "date": "2021-01-22 16:24:00", "subject": "3", "recorded-or-robo": "", "city": "", "state": "TN", "area-code": "731"}, {"id": "e81c9350d54f66c6d33b3747ee19d178", "number": "3862138354", "date": "2021-01-22 01:33:00", "subject": "4", "recorded-or-robo": "Y", "city": "Deltona", "state": "FL", "area-code": "386"}, {"id": "deca54a6651fb9add5b4a9816caf4175", "number": "3862138354", "date": "2021-01-22 01:33:00", "subject": "4", "recorded-or-robo": "Y", "city": "Deltona", "state": "FL", "area-code": "386"}, {"id": "e81c9350d54f66c6d33b3747ee19c1ea", "number": "8186292076", "date": "2021-01-22 17:21:00", "subject": "1", "recorded-or-robo": "N", "city": "Port Saint Lucie", "state": "FL", "area-code": "772"}]}