{"data": [{"id": "1d36742e3f24f50e4e7ae82801e26bab", "number": "+14084742713", "date": "2021-01-23 00:12:16", "subject": "3", "recorded-or-robo": "N", "city": "", "state": "CA", "area-code": "408"}, {"id": "3decc6bfadaa436a105714c6ba4c232e", "number": "8137501755", "date": "2021-01-23 00:12:11", "subject": "3", "recorded-or-robo": "Y", "city": "", "state": "FL", "area-code": "813"}, {"id": "1d36742e3f24f50e4e7ae82801e2531f", "number": "8137501755", "date": "2021-01-23 00:12:11", "subject": "3", "recorded-or-robo": "Y", "city": "", "state": "FL", "area-code": "813"}, {"id": "3decc6bfadaa436a105714c6ba4bfbe3", "number": "8137501755", "date": "2021-01-23 00:12:10", "subject": "3", "recorded-or-robo": "Y", "city": "", "state": "FL", "area-code": "813"}, {"id": "1d36742e3f24f50e4e7ae82801e22d2f", "number": "8137501755", "date": "2021-01-23 00:12:10", "subject": "3", "recorded-or-robo": "Y", "city": "", "state": "FL", "area-code": "813"}, {"id": "e81c9350d54f66c6d33b3747eec737a8", "number": "7372281674", "date": "2021-01-22 15:40:00", "subject": "3", "recorded-or-robo": "N", "city": "", "state": "TX", "area-code": "214"}, {"id": "1d36742e3f24f50e4e7ae828015c846b", "number": "7372281674", "date": "2021-01-22 15:40:00", "subject": "3", "recorded-or-robo": "N", "city": "", "state": "TX", "area-code": "214"}, {"id": "3decc6bfadaa436a105714c6ba4bb151", "number": "2678416874", "date": "2021-01-23 00:11:42", "subject": "3", "recorded-or-robo": "Y", "city": "", "state": "PA", "area-code": "267"}, {"id": "1d36742e3f24f50e4e7ae82801e1e0c1", "number": "2678416874", "date": "2021-01-23 00:11:42", "subject": "3", "recorded-or-robo": "Y", "city": "", "state": "PA", "area-code": "267"}, {"id": "3decc6bfadaa436a105714c6ba4b84b7", "number": "4433283556", "date": "2021-01-23 00:11:23", "subject": "3", "recorded-or-robo": "Y", "city": "", "state": "MD", "area-code": "443"}, {"id": "1d36742e3f24f50e4e7ae82801e1c7c9", "number": "4433283556", "date": "2021-01-23 00:11:23", "subject": "3", "recorded-or-robo": "Y", "city": "", "state": "MD", "area-code": "443"}, {"id": "e81c9350d54f66c6d33b3747ee9ad78d", "number": "8885240691", "date": "2021-01-22 09:35:00", "subject": "8", "recorded-or-robo": "N", "city": "Norfolk", "state": "VA", "area-code": "757"}, {"id": "1d36742e3f24f50e4e7ae8280130154e", "number": "8885240691", "date": "2021-01-22 09:35:00", "subject": "8", "recorded-or-robo": "N", "city": "Norfolk", "state": "VA", "area-code": "757"}, {"id": "3decc6bfadaa436a105714c6ba4b7347", "number": "+13344306561", "date": "2021-01-23 00:09:41", "subject": "3", "recorded-or-robo": "Y", "city": "", "state": "TX", "area-code": "956"}, {"id": "1d36742e3f24f50e4e7ae82801e1be8c", "number": "+13344306561", "date": "2021-01-23 00:09:41", "subject": "3", "recorded-or-robo": "Y", "city": "", "state": "TX", "area-code": "956"}, {"id": "3decc6bfadaa436a105714c6ba4bc206", "number": "+17189191015", "date": "2021-01-23 00:09:11", "subject": "3", "recorded-or-robo": "Y", "city": "", "state": "UT", "area-code": "801"}, {"id": "1d36742e3f24f50e4e7ae82801e1e95c", "number": "+17189191015", "date": "2021-01-23 00:09:11", "subject": "3", "recorded-or-robo": "Y", "city": "", "state": "UT", "area-code": "801"}, {"id": "e81c9350d54f66c6d33b3747ee9ad6d9", "number": "2763021718", "date": "2021-01-22 09:41:00", "subject": "2", "recorded-or-robo": "Y", "city": "Sterling Heights,", "state": "MI", "area-code": "586"}, {"id": "1d36742e3f24f50e4e7ae82801300f4c", "number": "2763021718", "date": "2021-01-22 09:41:00", "subject": "2", "recorded-or-robo": "Y", "city": "Sterling Heights,", "state": "MI", "area-code": "586"}, {"id": "3decc6bfadaa436a105714c6ba4bb43b", "number": "+19402463176", "date": "2021-01-23 00:07:50", "subject": "3", "recorded-or-robo": "Y", "city": "", "state": "TX", "area-code": "214"}, {"id": "1d36742e3f24f50e4e7ae82801e1e237", "number": "+19402463176", "date": "2021-01-23 00:07:50", "subject": "3", "recorded-or-robo": "Y", "city": "", "state": "TX", "area-code": "214"}, {"id": "3decc6bfadaa436a105714c6ba4b85ae", "number": "+13093200876", "date": "2021-01-23 00:07:19", "subject": "3", "recorded-or-robo": "N", "city": "", "state": "IL", "area-code": "630"}, {"id": "1d36742e3f24f50e4e7ae82801e1d17f", "number": "+13093200876", "date": "2021-01-23 00:07:19", "subject": "3", "recorded-or-robo": "N", "city": "", "state": "IL", "area-code": "630"}, {"id": "3decc6bfadaa436a105714c6ba4b8061", "number": "5866005387", "date": "2021-01-23 00:07:16", "subject": "3", "recorded-or-robo": "N", "city": "", "state": "MI", "area-code": "248"}, {"id": "1d36742e3f24f50e4e7ae82801e1c696", "number": "5866005387", "date": "2021-01-23 00:07:16", "subject": "3", "recorded-or-robo": "N", "city": "", "state": "MI", "area-code": "248"}, {"id": "e81c9350d54f66c6d33b3747ee9ad587", "number": "", "date": "2021-01-15 12:00:00", "subject": "4", "recorded-or-robo": "Y", "city": "Sharon", "state": "WI", "area-code": "262"}, {"id": "1d36742e3f24f50e4e7ae82801300a7c", "number": "", "date": "2021-01-15 12:00:00", "subject": "4", "recorded-or-robo": "Y", "city": "Sharon", "state": "WI", "area-code": "262"}, {"id": "3decc6bfadaa436a105714c6ba4ba1c2", "number": "+13093200876", "date": "2021-01-23 00:07:07", "subject": "3", "recorded-or-robo": "N", "city": "", "state": "IL", "area-code": "630"}, {"id": "1d36742e3f24f50e4e7ae82801e1db85", "number": "+13093200876", "date": "2021-01-23 00:07:07", "subject": "3", "recorded-or-robo": "N", "city": "", "state": "IL", "area-code": "630"}, {"id": "e81c9350d54f66c6d33b3747ee9ad3cb", "number": "4432615610", "date": "2021-01-22 14:17:00", "subject": "2", "recorded-or-robo": "N", "city": "Sandy", "state": "UT", "area-code": "801"}, {"id": "1d36742e3f24f50e4e7ae828012ffaf9", "number": "4432615610", "date": "2021-01-22 14:17:00", "subject": "2", "recorded-or-robo": "N", "city": "Sandy", "state": "UT", "area-code": "801"}, {"id": "e81c9350d54f66c6d33b3747ee9acb16", "number": "6416383495", "date": "2021-01-22 14:23:00", "subject": "2", "recorded-or-robo": "Y", "city": "Sterling Heights,", "state": "MI", "area-code": "586"}, {"id": "1d36742e3f24f50e4e7ae828012ff1a1", "number": "6416383495", "date": "2021-01-22 14:23:00", "subject": "2", "recorded-or-robo": "Y", "city": "Sterling Heights,", "state": "MI", "area-code": "586"}, {"id": "3decc6bfadaa436a105714c6ba4b93c3", "number": "8583765391", "date": "2021-01-23 00:06:03", "subject": "3", "recorded-or-robo": "Y", "city": "", "state": "CA", "area-code": "858"}, {"id": "1d36742e3f24f50e4e7ae82801e1da86", "number": "8583765391", "date": "2021-01-23 00:06:03", "subject": "3", "recorded-or-robo": "Y", "city": "", "state": "CA", "area-code": "858"}, {"id": "3decc6bfadaa436a105714c6ba4b8054", "number": "8583765391", "date": "2021-01-23 00:06:02", "subject": "3", "recorded-or-robo": "Y", "city": "", "state": "CA", "area-code": "858"}, {"id": "1d36742e3f24f50e4e7ae82801e1c173", "number": "8583765391", "date": "2021-01-23 00:06:02", "subject": "3", "recorded-or-robo": "Y", "city": "", "state": "CA", "area-code": "858"}, {"id": "3decc6bfadaa436a105714c6ba4b347a", "number": "4077980296", "date": "2021-01-23 00:05:52", "subject": "3", "recorded-or-robo": "Y", "city": "", "state": "FL", "area-code": "407"}, {"id": "1d36742e3f24f50e4e7ae82801e17471", "number": "4077980296", "date": "2021-01-23 00:05:52", "subject": "3", "recorded-or-robo": "Y", "city": "", "state": "FL", "area-code": "407"}, {"id": "e81c9350d54f66c6d33b3747ee9ac4df", "number": "4432614678", "date": "2021-01-22 14:17:00", "subject": "2", "recorded-or-robo": "N", "city": "Sandy", "state": "UT", "area-code": "801"}, {"id": "1d36742e3f24f50e4e7ae828012fe9e6", "number": "4432614678", "date": "2021-01-22 14:17:00", "subject": "2", "recorded-or-robo": "N", "city": "Sandy", "state": "UT", "area-code": "801"}, {"id": "e81c9350d54f66c6d33b3747ee9ac037", "number": "7158041014", "date": "2021-01-22 17:00:00", "subject": "1", "recorded-or-robo": "Y", "city": "Atlanta", "state": "GA", "area-code": "404"}, {"id": "1d36742e3f24f50e4e7ae828012fdab4", "number": "7158041014", "date": "2021-01-22 17:00:00", "subject": "1", "recorded-or-robo": "Y", "city": "Atlanta", "state": "GA", "area-code": "404"}, {"id": "e81c9350d54f66c6d33b3747ee9abf63", "number": "5056086257", "date": "2021-01-22 18:42:00", "subject": "2", "recorded-or-robo": "Y", "city": "Sterling Heights,", "state": "MI", "area-code": "586"}, {"id": "1d36742e3f24f50e4e7ae828012fcf83", "number": "5056086257", "date": "2021-01-22 18:42:00", "subject": "2", "recorded-or-robo": "Y", "city": "Sterling Heights,", "state": "MI", "area-code": "586"}, {"id": "e81c9350d54f66c6d33b3747ee9abc19", "number": "4789517626", "date": "2021-01-22 12:00:00", "subject": "1", "recorded-or-robo": "Y", "city": "SANDERSVILLE", "state": "GA", "area-code": "478"}, {"id": "1d36742e3f24f50e4e7ae828012fc348", "number": "4789517626", "date": "2021-01-22 12:00:00", "subject": "1", "recorded-or-robo": "Y", "city": "SANDERSVILLE", "state": "GA", "area-code": "478"}, {"id": "e81c9350d54f66c6d33b3747ee9aaca7", "number": "9894556072", "date": "2021-01-21 17:07:00", "subject": "2", "recorded-or-robo": "Y", "city": "", "state": "AZ", "area-code": "928"}, {"id": "1d36742e3f24f50e4e7ae828012fbf27", "number": "9894556072", "date": "2021-01-21 17:07:00", "subject": "2", "recorded-or-robo": "Y", "city": "", "state": "AZ", "area-code": "928"}, {"id": "e81c9350d54f66c6d33b3747ee9aaae0", "number": "8039578440", "date": "2021-01-22 13:28:00", "subject": "1", "recorded-or-robo": "N", "city": "Lexington", "state": "SC", "area-code": "803"}]}