{"data": [{"id": "1d36742e3f24f50e4e7ae828012fb9a1", "number": "8039578440", "date": "2021-01-22 13:28:00", "subject": "1", "recorded-or-robo": "N", "city": "Lexington", "state": "SC", "area-code": "803"}, {"id": "3decc6bfadaa436a105714c6ba4b2732", "number": "5742633145", "date": "2021-01-23 00:04:14", "subject": "3", "recorded-or-robo": "Y", "city": "", "state": "NJ", "area-code": "732"}, {"id": "1d36742e3f24f50e4e7ae82801e15a94", "number": "5742633145", "date": "2021-01-23 00:04:14", "subject": "3", "recorded-or-robo": "Y", "city": "", "state": "NJ", "area-code": "732"}, {"id": "e81c9350d54f66c6d33b3747ee9aa14c", "number": "3125259969", "date": "2021-01-22 15:12:00", "subject": "4", "recorded-or-robo": "Y", "city": "", "state": "NY", "area-code": "347"}, {"id": "1d36742e3f24f50e4e7ae828012fb8c9", "number": "3125259969", "date": "2021-01-22 15:12:00", "subject": "4", "recorded-or-robo": "Y", "city": "", "state": "NY", "area-code": "347"}, {"id": "3decc6bfadaa436a105714c6ba4b2b9a", "number": "9722812365", "date": "2021-01-23 00:03:54", "subject": "3", "recorded-or-robo": "Y", "city": "", "state": "TX", "area-code": "214"}, {"id": "1d36742e3f24f50e4e7ae82801e16556", "number": "9722812365", "date": "2021-01-23 00:03:54", "subject": "3", "recorded-or-robo": "Y", "city": "", "state": "TX", "area-code": "214"}, {"id": "e81c9350d54f66c6d33b3747ee9a9169", "number": "9283510215", "date": "2021-01-22 09:35:00", "subject": "4", "recorded-or-robo": "Y", "city": "", "state": "AZ", "area-code": "928"}, {"id": "1d36742e3f24f50e4e7ae828012fb066", "number": "9283510215", "date": "2021-01-22 09:35:00", "subject": "4", "recorded-or-robo": "Y", "city": "", "state": "AZ", "area-code": "928"}, {"id": "e81c9350d54f66c6d33b3747ee9a78eb", "number": "8148080100", "date": "2021-01-19 10:20:00", "subject": "3", "recorded-or-robo": "N", "city": "", "state": "PA", "area-code": "814"}, {"id": "1d36742e3f24f50e4e7ae828012f9596", "number": "8148080100", "date": "2021-01-19 10:20:00", "subject": "3", "recorded-or-robo": "N", "city": "", "state": "PA", "area-code": "814"}, {"id": "3decc6bfadaa436a105714c6ba4b5cdd", "number": "+18562996984", "date": "2021-01-23 00:02:39", "subject": "3", "recorded-or-robo": "Y", "city": "", "state": "NJ", "area-code": "856"}, {"id": "1d36742e3f24f50e4e7ae82801e195bc", "number": "+18562996984", "date": "2021-01-23 00:02:39", "subject": "3", "recorded-or-robo": "Y", "city": "", "state": "NJ", "area-code": "856"}, {"id": "e81c9350d54f66c6d33b3747ee9a8789", "number": "8509040037", "date": "2021-01-11 16:13:00", "subject": "2", "recorded-or-robo": "N", "city": "Salem", "state": "AL", "area-code": "850"}, {"id": "1d36742e3f24f50e4e7ae828012fac1b", "number": "8509040037", "date": "2021-01-11 16:13:00", "subject": "2", "recorded-or-robo": "N", "city": "Salem", "state": "AL", "area-code": "850"}, {"id": "e81c9350d54f66c6d33b3747ee9a7b68", "number": "9283510215", "date": "2021-01-22 10:41:00", "subject": "4", "recorded-or-robo": "Y", "city": "", "state": "AZ", "area-code": "928"}, {"id": "1d36742e3f24f50e4e7ae828012fa135", "number": "9283510215", "date": "2021-01-22 10:41:00", "subject": "4", "recorded-or-robo": "Y", "city": "", "state": "AZ", "area-code": "928"}, {"id": "3decc6bfadaa436a105714c6ba4b43ff", "number": "2106462620", "date": "2021-01-23 00:02:12", "subject": "3", "recorded-or-robo": "Y", "city": "", "state": "TX", "area-code": "832"}, {"id": "1d36742e3f24f50e4e7ae82801e17e04", "number": "2106462620", "date": "2021-01-23 00:02:12", "subject": "3", "recorded-or-robo": "Y", "city": "", "state": "TX", "area-code": "832"}, {"id": "3decc6bfadaa436a105714c6ba4b5020", "number": "8322775406", "date": "2021-01-23 00:02:03", "subject": "3", "recorded-or-robo": "Y", "city": "", "state": "TX", "area-code": "832"}, {"id": "1d36742e3f24f50e4e7ae82801e19294", "number": "8322775406", "date": "2021-01-23 00:02:03", "subject": "3", "recorded-or-robo": "Y", "city": "", "state": "TX", "area-code": "832"}, {"id": "e81c9350d54f66c6d33b3747ee9a71d8", "number": "4698138301", "date": "2021-01-21 12:24:00", "subject": "1", "recorded-or-robo": "N", "city": "", "state": "CA", "area-code": "951"}, {"id": "1d36742e3f24f50e4e7ae828012f8a5e", "number": "4698138301", "date": "2021-01-21 12:24:00", "subject": "1", "recorded-or-robo": "N", "city": "", "state": "CA", "area-code": "951"}, {"id": "e81c9350d54f66c6d33b3747ee9a620b", "number": "8507543051", "date": "2021-01-18 10:24:00", "subject": "2", "recorded-or-robo": "N", "city": "Salem", "state": "AL", "area-code": "850"}, {"id": "3decc6bfadaa436a105714c6ba4b6f84", "number": "9288881105", "date": "2021-01-23 00:01:22", "subject": "3", "recorded-or-robo": "Y", "city": "", "state": "AZ", "area-code": "602"}, {"id": "1d36742e3f24f50e4e7ae82801e1b052", "number": "9288881105", "date": "2021-01-23 00:01:22", "subject": "3", "recorded-or-robo": "Y", "city": "", "state": "AZ", "area-code": "602"}, {"id": "1d36742e3f24f50e4e7ae828012f881d", "number": "8507543051", "date": "2021-01-18 10:24:00", "subject": "2", "recorded-or-robo": "N", "city": "Salem", "state": "AL", "area-code": "850"}, {"id": "3decc6bfadaa436a105714c6ba4b69b6", "number": "9546946465", "date": "2021-01-23 00:01:21", "subject": "3", "recorded-or-robo": "Y", "city": "", "state": "FL", "area-code": "305"}, {"id": "1d36742e3f24f50e4e7ae82801e1a56e", "number": "9546946465", "date": "2021-01-23 00:01:21", "subject": "3", "recorded-or-robo": "Y", "city": "", "state": "FL", "area-code": "305"}, {"id": "e81c9350d54f66c6d33b3747ee9a57c4", "number": "2818832937", "date": "2021-01-22 13:21:00", "subject": "0", "recorded-or-robo": "Y", "city": "Spring", "state": "TX", "area-code": "281"}, {"id": "e81c9350d54f66c6d33b3747ee9a55a1", "number": "3463811394", "date": "2021-01-22 15:44:00", "subject": "2", "recorded-or-robo": "Y", "city": "", "state": "AZ", "area-code": "928"}, {"id": "1d36742e3f24f50e4e7ae828012f7ce4", "number": "2818832937", "date": "2021-01-22 13:21:00", "subject": "0", "recorded-or-robo": "Y", "city": "Spring", "state": "TX", "area-code": "281"}, {"id": "1d36742e3f24f50e4e7ae828012f75c1", "number": "3463811394", "date": "2021-01-22 15:44:00", "subject": "2", "recorded-or-robo": "Y", "city": "", "state": "AZ", "area-code": "928"}, {"id": "3decc6bfadaa436a105714c6ba4b4cea", "number": "5082139070", "date": "2021-01-23 00:00:53", "subject": "3", "recorded-or-robo": "N", "city": "", "state": "NY", "area-code": "516"}, {"id": "1d36742e3f24f50e4e7ae82801e18cd4", "number": "5082139070", "date": "2021-01-23 00:00:53", "subject": "3", "recorded-or-robo": "N", "city": "", "state": "NY", "area-code": "516"}, {"id": "e81c9350d54f66c6d33b3747ee9a4c05", "number": "2892322525", "date": "2021-01-13 13:53:00", "subject": "3", "recorded-or-robo": "N", "city": "", "state": "PA", "area-code": "814"}, {"id": "1d36742e3f24f50e4e7ae828012f70a9", "number": "2892322525", "date": "2021-01-13 13:53:00", "subject": "3", "recorded-or-robo": "N", "city": "", "state": "PA", "area-code": "814"}, {"id": "e81c9350d54f66c6d33b3747ee9a403e", "number": "7269596985", "date": "2021-01-22 13:13:00", "subject": "0", "recorded-or-robo": "Y", "city": "Spring", "state": "TX", "area-code": "281"}, {"id": "1d36742e3f24f50e4e7ae828012f6b90", "number": "7269596985", "date": "2021-01-22 13:13:00", "subject": "0", "recorded-or-robo": "Y", "city": "Spring", "state": "TX", "area-code": "281"}, {"id": "e81c9350d54f66c6d33b3747eec491c2", "number": "9134269678", "date": "2021-01-22 23:59:56", "subject": "3", "recorded-or-robo": "N", "city": "", "state": "KS", "area-code": "913"}, {"id": "1d36742e3f24f50e4e7ae8280159e339", "number": "9134269678", "date": "2021-01-22 23:59:56", "subject": "3", "recorded-or-robo": "N", "city": "", "state": "KS", "area-code": "913"}, {"id": "e81c9350d54f66c6d33b3747ee9a3761", "number": "8507543051", "date": "2021-01-18 16:33:00", "subject": "2", "recorded-or-robo": "N", "city": "Salem", "state": "AL", "area-code": "850"}, {"id": "1d36742e3f24f50e4e7ae828012f5f99", "number": "8507543051", "date": "2021-01-18 16:33:00", "subject": "2", "recorded-or-robo": "N", "city": "Salem", "state": "AL", "area-code": "850"}, {"id": "e81c9350d54f66c6d33b3747ee9a3511", "number": "3107872746", "date": "2021-01-21 12:06:00", "subject": "0", "recorded-or-robo": "Y", "city": "Spring", "state": "TX", "area-code": "281"}, {"id": "1d36742e3f24f50e4e7ae828012f5a9a", "number": "3107872746", "date": "2021-01-21 12:06:00", "subject": "0", "recorded-or-robo": "Y", "city": "Spring", "state": "TX", "area-code": "281"}, {"id": "e81c9350d54f66c6d33b3747eec45455", "number": "4152323386", "date": "2021-01-22 23:58:53", "subject": "3", "recorded-or-robo": "Y", "city": "", "state": "CA", "area-code": "951"}, {"id": "1d36742e3f24f50e4e7ae8280159ac41", "number": "4152323386", "date": "2021-01-22 23:58:53", "subject": "3", "recorded-or-robo": "Y", "city": "", "state": "CA", "area-code": "951"}, {"id": "e81c9350d54f66c6d33b3747ee9a28ca", "number": "2515936542", "date": "2021-01-22 04:07:00", "subject": "2", "recorded-or-robo": "N", "city": "Salem", "state": "AL", "area-code": "850"}, {"id": "1d36742e3f24f50e4e7ae828012f5764", "number": "2515936542", "date": "2021-01-22 04:07:00", "subject": "2", "recorded-or-robo": "N", "city": "Salem", "state": "AL", "area-code": "850"}, {"id": "e81c9350d54f66c6d33b3747ee9a1bb8", "number": "2515936542", "date": "2021-01-22 04:06:00", "subject": "2", "recorded-or-robo": "N", "city": "Salem", "state": "AL", "area-code": "850"}]}