{"data": [{"id": "1d36742e3f24f50e4e7ae8280124004d", "number": "3606343621", "date": "2021-01-22 10:09:00", "subject": "2", "recorded-or-robo": "N", "city": "Vancouver", "state": "WA", "area-code": "360"}, {"id": "e81c9350d54f66c6d33b3747ee8e4005", "number": "4198383236", "date": "2021-01-20 09:00:00", "subject": "0", "recorded-or-robo": "Y", "city": "Woodville", "state": "OH", "area-code": "419"}, {"id": "1d36742e3f24f50e4e7ae8280123fe45", "number": "4198383236", "date": "2021-01-20 09:00:00", "subject": "0", "recorded-or-robo": "Y", "city": "Woodville", "state": "OH", "area-code": "419"}, {"id": "e81c9350d54f66c6d33b3747eeb550e6", "number": "6318283277", "date": "2021-01-22 21:35:32", "subject": "3", "recorded-or-robo": "Y", "city": "", "state": "NY", "area-code": "516"}, {"id": "1d36742e3f24f50e4e7ae828014a44ff", "number": "6318283277", "date": "2021-01-22 21:35:32", "subject": "3", "recorded-or-robo": "Y", "city": "", "state": "NY", "area-code": "516"}, {"id": "e81c9350d54f66c6d33b3747eeb55cc7", "number": "6318283277", "date": "2021-01-22 21:35:31", "subject": "3", "recorded-or-robo": "Y", "city": "", "state": "NY", "area-code": "516"}, {"id": "1d36742e3f24f50e4e7ae828014a5ca1", "number": "6318283277", "date": "2021-01-22 21:35:31", "subject": "3", "recorded-or-robo": "Y", "city": "", "state": "NY", "area-code": "516"}, {"id": "e81c9350d54f66c6d33b3747ee8e3cfc", "number": "9724542772", "date": "2021-01-21 11:01:00", "subject": "2", "recorded-or-robo": "Y", "city": "", "state": "CA", "area-code": "972"}, {"id": "1d36742e3f24f50e4e7ae8280123f4a7", "number": "9724542772", "date": "2021-01-21 11:01:00", "subject": "2", "recorded-or-robo": "Y", "city": "", "state": "CA", "area-code": "972"}, {"id": "e81c9350d54f66c6d33b3747ee8e2f84", "number": "8457194507", "date": "2021-01-21 13:03:00", "subject": "1", "recorded-or-robo": "N", "city": "Cranston", "state": "RI", "area-code": "203"}, {"id": "1d36742e3f24f50e4e7ae8280123ecee", "number": "8457194507", "date": "2021-01-21 13:03:00", "subject": "1", "recorded-or-robo": "N", "city": "Cranston", "state": "RI", "area-code": "203"}, {"id": "e81c9350d54f66c6d33b3747eeb5294a", "number": "9707017018", "date": "2021-01-22 21:35:18", "subject": "3", "recorded-or-robo": "Y", "city": "", "state": "NY", "area-code": "516"}, {"id": "1d36742e3f24f50e4e7ae828014a05c8", "number": "9707017018", "date": "2021-01-22 21:35:18", "subject": "3", "recorded-or-robo": "Y", "city": "", "state": "NY", "area-code": "516"}, {"id": "e81c9350d54f66c6d33b3747ee8e299e", "number": "5099407083", "date": "2021-01-05 13:13:00", "subject": "0", "recorded-or-robo": "N", "city": "Kennewick", "state": "WA", "area-code": "509"}, {"id": "1d36742e3f24f50e4e7ae8280123e327", "number": "5099407083", "date": "2021-01-05 13:13:00", "subject": "0", "recorded-or-robo": "N", "city": "Kennewick", "state": "WA", "area-code": "509"}, {"id": "e81c9350d54f66c6d33b3747ee8e225b", "number": "2019048229", "date": "2021-01-19 15:52:00", "subject": "0", "recorded-or-robo": "", "city": "", "state": "NJ", "area-code": "201"}, {"id": "1d36742e3f24f50e4e7ae8280123dc7e", "number": "2019048229", "date": "2021-01-19 15:52:00", "subject": "0", "recorded-or-robo": "", "city": "", "state": "NJ", "area-code": "201"}, {"id": "e81c9350d54f66c6d33b3747eeb515f9", "number": "5164696500", "date": "2021-01-22 21:35:02", "subject": "3", "recorded-or-robo": "Y", "city": "", "state": "NY", "area-code": "516"}, {"id": "1d36742e3f24f50e4e7ae828014a0454", "number": "5164696500", "date": "2021-01-22 21:35:02", "subject": "3", "recorded-or-robo": "Y", "city": "", "state": "NY", "area-code": "516"}, {"id": "e81c9350d54f66c6d33b3747eeb4f5cf", "number": "+17165368988", "date": "2021-01-22 21:34:43", "subject": "3", "recorded-or-robo": "Y", "city": "", "state": "NY", "area-code": "716"}, {"id": "1d36742e3f24f50e4e7ae8280149d472", "number": "+17165368988", "date": "2021-01-22 21:34:43", "subject": "3", "recorded-or-robo": "Y", "city": "", "state": "NY", "area-code": "716"}, {"id": "e81c9350d54f66c6d33b3747ee8e18d7", "number": "8326840021", "date": "2021-01-22 10:09:00", "subject": "2", "recorded-or-robo": "N", "city": "", "state": "TX", "area-code": "281"}, {"id": "1d36742e3f24f50e4e7ae8280123da73", "number": "8326840021", "date": "2021-01-22 10:09:00", "subject": "2", "recorded-or-robo": "N", "city": "", "state": "TX", "area-code": "281"}, {"id": "e81c9350d54f66c6d33b3747ee8e182a", "number": "8886268933", "date": "2021-01-20 08:45:00", "subject": "0", "recorded-or-robo": "", "city": "", "state": "NJ", "area-code": "201"}, {"id": "1d36742e3f24f50e4e7ae8280123cb8e", "number": "8886268933", "date": "2021-01-20 08:45:00", "subject": "0", "recorded-or-robo": "", "city": "", "state": "NJ", "area-code": "201"}, {"id": "e81c9350d54f66c6d33b3747eeb4e476", "number": "+13183073343", "date": "2021-01-22 21:34:20", "subject": "3", "recorded-or-robo": "Y", "city": "", "state": "TX", "area-code": "346"}, {"id": "1d36742e3f24f50e4e7ae8280149ae53", "number": "+13183073343", "date": "2021-01-22 21:34:20", "subject": "3", "recorded-or-robo": "Y", "city": "", "state": "TX", "area-code": "346"}, {"id": "e81c9350d54f66c6d33b3747ee8e10a7", "number": "9107233276", "date": "2021-01-22 12:00:00", "subject": "2", "recorded-or-robo": "N", "city": "Henderson", "state": "NC", "area-code": "252"}, {"id": "1d36742e3f24f50e4e7ae8280123c49d", "number": "9107233276", "date": "2021-01-22 12:00:00", "subject": "2", "recorded-or-robo": "N", "city": "Henderson", "state": "NC", "area-code": "252"}, {"id": "e81c9350d54f66c6d33b3747eeb53a75", "number": "+18176345203", "date": "2021-01-22 21:34:06", "subject": "3", "recorded-or-robo": "Y", "city": "", "state": "TX", "area-code": "817"}, {"id": "1d36742e3f24f50e4e7ae828014a3402", "number": "+18176345203", "date": "2021-01-22 21:34:06", "subject": "3", "recorded-or-robo": "Y", "city": "", "state": "TX", "area-code": "817"}, {"id": "e81c9350d54f66c6d33b3747eeb537c1", "number": "9892591685", "date": "2021-01-22 21:34:05", "subject": "3", "recorded-or-robo": "Y", "city": "", "state": "NY", "area-code": "347"}, {"id": "1d36742e3f24f50e4e7ae828014a1a84", "number": "9892591685", "date": "2021-01-22 21:34:05", "subject": "3", "recorded-or-robo": "Y", "city": "", "state": "NY", "area-code": "347"}, {"id": "e81c9350d54f66c6d33b3747eeb4ab65", "number": "9892591685", "date": "2021-01-22 21:34:04", "subject": "3", "recorded-or-robo": "Y", "city": "", "state": "NY", "area-code": "347"}, {"id": "1d36742e3f24f50e4e7ae82801496a9f", "number": "9892591685", "date": "2021-01-22 21:34:04", "subject": "3", "recorded-or-robo": "Y", "city": "", "state": "NY", "area-code": "347"}, {"id": "e81c9350d54f66c6d33b3747eeb4f264", "number": "+17542112207", "date": "2021-01-22 21:34:01", "subject": "3", "recorded-or-robo": "Y", "city": "", "state": "FL", "area-code": "239"}, {"id": "1d36742e3f24f50e4e7ae8280149c556", "number": "+17542112207", "date": "2021-01-22 21:34:01", "subject": "3", "recorded-or-robo": "Y", "city": "", "state": "FL", "area-code": "239"}, {"id": "e81c9350d54f66c6d33b3747ee8e02f9", "number": "212660880020", "date": "2021-01-05 13:26:00", "subject": "0", "recorded-or-robo": "N", "city": "Kennewick", "state": "WA", "area-code": "509"}, {"id": "1d36742e3f24f50e4e7ae8280123b9aa", "number": "212660880020", "date": "2021-01-05 13:26:00", "subject": "0", "recorded-or-robo": "N", "city": "Kennewick", "state": "WA", "area-code": "509"}, {"id": "e81c9350d54f66c6d33b3747ee8dfda3", "number": "2019614272", "date": "2021-01-20 09:23:00", "subject": "0", "recorded-or-robo": "", "city": "", "state": "NJ", "area-code": "201"}, {"id": "1d36742e3f24f50e4e7ae8280123b2f2", "number": "2019614272", "date": "2021-01-20 09:23:00", "subject": "0", "recorded-or-robo": "", "city": "", "state": "NJ", "area-code": "201"}, {"id": "e81c9350d54f66c6d33b3747ee8df327", "number": "", "date": "2021-01-22 12:00:00", "subject": "1", "recorded-or-robo": "Y", "city": "Nanuet", "state": "NY", "area-code": "845"}, {"id": "1d36742e3f24f50e4e7ae8280123af2e", "number": "", "date": "2021-01-22 12:00:00", "subject": "1", "recorded-or-robo": "Y", "city": "Nanuet", "state": "NY", "area-code": "845"}, {"id": "e81c9350d54f66c6d33b3747eeb569d0", "number": "8452034772", "date": "2021-01-22 21:33:22", "subject": "3", "recorded-or-robo": "Y", "city": "", "state": "NY", "area-code": "347"}, {"id": "1d36742e3f24f50e4e7ae828014a624f", "number": "8452034772", "date": "2021-01-22 21:33:22", "subject": "3", "recorded-or-robo": "Y", "city": "", "state": "NY", "area-code": "347"}, {"id": "e81c9350d54f66c6d33b3747eeb4dce2", "number": "8452034772", "date": "2021-01-22 21:33:21", "subject": "3", "recorded-or-robo": "Y", "city": "", "state": "NY", "area-code": "347"}, {"id": "1d36742e3f24f50e4e7ae8280149a432", "number": "8452034772", "date": "2021-01-22 21:33:21", "subject": "3", "recorded-or-robo": "Y", "city": "", "state": "NY", "area-code": "347"}, {"id": "e81c9350d54f66c6d33b3747eeb56e15", "number": "4252026365", "date": "2021-01-22 21:33:04", "subject": "3", "recorded-or-robo": "N", "city": "", "state": "WA", "area-code": "206"}, {"id": "1d36742e3f24f50e4e7ae828014a6c41", "number": "4252026365", "date": "2021-01-22 21:33:04", "subject": "3", "recorded-or-robo": "N", "city": "", "state": "WA", "area-code": "206"}, {"id": "e81c9350d54f66c6d33b3747eeb508d2", "number": "3056742121", "date": "2021-01-22 21:32:56", "subject": "3", "recorded-or-robo": "Y", "city": "", "state": "FL", "area-code": "305"}]}