{"data": [{"id": "e81c9350d54f66c6d33b3747ee8c13a7", "number": "6026092166", "date": "2021-01-22 14:19:00", "subject": "4", "recorded-or-robo": "Y", "city": "Sun City", "state": "AZ", "area-code": "602"}, {"id": "1d36742e3f24f50e4e7ae828012224b9", "number": "9492677076", "date": "2021-01-22 03:46:00", "subject": "4", "recorded-or-robo": "Y", "city": "Fremont", "state": "CA", "area-code": "408"}, {"id": "1d36742e3f24f50e4e7ae82801221886", "number": "6026092166", "date": "2021-01-22 14:19:00", "subject": "4", "recorded-or-robo": "Y", "city": "Sun City", "state": "AZ", "area-code": "602"}, {"id": "e81c9350d54f66c6d33b3747eeb383a2", "number": "7246504138", "date": "2021-01-22 21:22:30", "subject": "3", "recorded-or-robo": "Y", "city": "", "state": "PA", "area-code": "724"}, {"id": "e81c9350d54f66c6d33b3747eeb33321", "number": "+13105045819", "date": "2021-01-22 21:22:30", "subject": "3", "recorded-or-robo": "Y", "city": "", "state": "CA", "area-code": "310"}, {"id": "1d36742e3f24f50e4e7ae82801485634", "number": "7246504138", "date": "2021-01-22 21:22:30", "subject": "3", "recorded-or-robo": "Y", "city": "", "state": "PA", "area-code": "724"}, {"id": "1d36742e3f24f50e4e7ae8280147fa3b", "number": "+13105045819", "date": "2021-01-22 21:22:30", "subject": "3", "recorded-or-robo": "Y", "city": "", "state": "CA", "area-code": "310"}, {"id": "e81c9350d54f66c6d33b3747ee8c0781", "number": "9188411070", "date": "2021-01-22 20:20:00", "subject": "13", "recorded-or-robo": "Y", "city": "", "state": "OK", "area-code": "580"}, {"id": "1d36742e3f24f50e4e7ae82801220c6a", "number": "9188411070", "date": "2021-01-22 20:20:00", "subject": "13", "recorded-or-robo": "Y", "city": "", "state": "OK", "area-code": "580"}, {"id": "e81c9350d54f66c6d33b3747eeb3bc68", "number": "+19166557602", "date": "2021-01-22 21:22:26", "subject": "3", "recorded-or-robo": "Y", "city": "", "state": "CA", "area-code": "415"}, {"id": "1d36742e3f24f50e4e7ae82801487eae", "number": "+19166557602", "date": "2021-01-22 21:22:26", "subject": "3", "recorded-or-robo": "Y", "city": "", "state": "CA", "area-code": "415"}, {"id": "e81c9350d54f66c6d33b3747ee8bf7f5", "number": "9164266764", "date": "2021-01-22 17:10:00", "subject": "2", "recorded-or-robo": "Y", "city": "SACRAMENTO", "state": "CA", "area-code": "916"}, {"id": "1d36742e3f24f50e4e7ae828012205cf", "number": "9164266764", "date": "2021-01-22 17:10:00", "subject": "2", "recorded-or-robo": "Y", "city": "SACRAMENTO", "state": "CA", "area-code": "916"}, {"id": "e81c9350d54f66c6d33b3747eeb3ad00", "number": "6028707872", "date": "2021-01-22 21:22:24", "subject": "3", "recorded-or-robo": "Y", "city": "", "state": "AZ", "area-code": "602"}, {"id": "1d36742e3f24f50e4e7ae828014871c6", "number": "6028707872", "date": "2021-01-22 21:22:24", "subject": "3", "recorded-or-robo": "Y", "city": "", "state": "AZ", "area-code": "602"}, {"id": "e81c9350d54f66c6d33b3747eeb2f5d5", "number": "+15036789117", "date": "2021-01-22 21:22:21", "subject": "3", "recorded-or-robo": "Y", "city": "", "state": "OR", "area-code": "503"}, {"id": "1d36742e3f24f50e4e7ae8280147ceda", "number": "+15036789117", "date": "2021-01-22 21:22:21", "subject": "3", "recorded-or-robo": "Y", "city": "", "state": "OR", "area-code": "503"}, {"id": "e81c9350d54f66c6d33b3747ee8bf088", "number": "2019733418", "date": "2021-01-22 16:26:00", "subject": "0", "recorded-or-robo": "", "city": "", "state": "NJ", "area-code": "201"}, {"id": "1d36742e3f24f50e4e7ae8280121f747", "number": "2019733418", "date": "2021-01-22 16:26:00", "subject": "0", "recorded-or-robo": "", "city": "", "state": "NJ", "area-code": "201"}, {"id": "e81c9350d54f66c6d33b3747ee8becbd", "number": "", "date": "2021-01-21 00:00:00", "subject": "4", "recorded-or-robo": "Y", "city": "Clinton", "state": "IL", "area-code": "217"}, {"id": "1d36742e3f24f50e4e7ae8280121f5a5", "number": "", "date": "2021-01-21 00:00:00", "subject": "4", "recorded-or-robo": "Y", "city": "Clinton", "state": "IL", "area-code": "217"}, {"id": "e81c9350d54f66c6d33b3747ee8bdfbe", "number": "4086140670", "date": "2021-01-22 18:18:00", "subject": "0", "recorded-or-robo": "Y", "city": "Santa Clara", "state": "CA", "area-code": "408"}, {"id": "1d36742e3f24f50e4e7ae8280121e629", "number": "4086140670", "date": "2021-01-22 18:18:00", "subject": "0", "recorded-or-robo": "Y", "city": "Santa Clara", "state": "CA", "area-code": "408"}, {"id": "e81c9350d54f66c6d33b3747eeb303ad", "number": "6028412205", "date": "2021-01-22 21:22:06", "subject": "3", "recorded-or-robo": "Y", "city": "", "state": "AZ", "area-code": "602"}, {"id": "1d36742e3f24f50e4e7ae8280147d9da", "number": "6028412205", "date": "2021-01-22 21:22:06", "subject": "3", "recorded-or-robo": "Y", "city": "", "state": "AZ", "area-code": "602"}, {"id": "e81c9350d54f66c6d33b3747eeb346dc", "number": "6029602712", "date": "2021-01-22 21:21:54", "subject": "3", "recorded-or-robo": "Y", "city": "", "state": "AZ", "area-code": "602"}, {"id": "1d36742e3f24f50e4e7ae82801480632", "number": "6029602712", "date": "2021-01-22 21:21:54", "subject": "3", "recorded-or-robo": "Y", "city": "", "state": "AZ", "area-code": "602"}, {"id": "e81c9350d54f66c6d33b3747ee8bdae3", "number": "6026092166", "date": "2021-01-22 10:41:00", "subject": "4", "recorded-or-robo": "Y", "city": "Sun City", "state": "AZ", "area-code": "602"}, {"id": "1d36742e3f24f50e4e7ae8280121dda6", "number": "6026092166", "date": "2021-01-22 10:41:00", "subject": "4", "recorded-or-robo": "Y", "city": "Sun City", "state": "AZ", "area-code": "602"}, {"id": "e81c9350d54f66c6d33b3747ee8bd05d", "number": "7602845644", "date": "2021-01-22 17:19:00", "subject": "0", "recorded-or-robo": "Y", "city": "Redwood City", "state": "CA", "area-code": "650"}, {"id": "1d36742e3f24f50e4e7ae8280121ce9f", "number": "7602845644", "date": "2021-01-22 17:19:00", "subject": "0", "recorded-or-robo": "Y", "city": "Redwood City", "state": "CA", "area-code": "650"}, {"id": "e81c9350d54f66c6d33b3747eeb2e50d", "number": "9283638778", "date": "2021-01-22 21:21:41", "subject": "3", "recorded-or-robo": "Y", "city": "", "state": "AZ", "area-code": "602"}, {"id": "e81c9350d54f66c6d33b3747ee8bc629", "number": "6098037759", "date": "2021-01-22 21:15:00", "subject": "9", "recorded-or-robo": "Y", "city": "South River", "state": "NJ", "area-code": "732"}, {"id": "1d36742e3f24f50e4e7ae8280147c6b8", "number": "9283638778", "date": "2021-01-22 21:21:41", "subject": "3", "recorded-or-robo": "Y", "city": "", "state": "AZ", "area-code": "602"}, {"id": "1d36742e3f24f50e4e7ae8280121c19e", "number": "6098037759", "date": "2021-01-22 21:15:00", "subject": "9", "recorded-or-robo": "Y", "city": "South River", "state": "NJ", "area-code": "732"}, {"id": "e81c9350d54f66c6d33b3747eeb3787f", "number": "9283638778", "date": "2021-01-22 21:21:40", "subject": "3", "recorded-or-robo": "Y", "city": "", "state": "AZ", "area-code": "602"}, {"id": "1d36742e3f24f50e4e7ae828014844c3", "number": "9283638778", "date": "2021-01-22 21:21:40", "subject": "3", "recorded-or-robo": "Y", "city": "", "state": "AZ", "area-code": "602"}, {"id": "e81c9350d54f66c6d33b3747eeb328ca", "number": "+17027819034", "date": "2021-01-22 21:21:36", "subject": "3", "recorded-or-robo": "Y", "city": "", "state": "NV", "area-code": "702"}, {"id": "1d36742e3f24f50e4e7ae8280147ee46", "number": "+17027819034", "date": "2021-01-22 21:21:36", "subject": "3", "recorded-or-robo": "Y", "city": "", "state": "NV", "area-code": "702"}, {"id": "e81c9350d54f66c6d33b3747ee8bb8ba", "number": "9517858979", "date": "2021-01-22 13:51:00", "subject": "4", "recorded-or-robo": "Y", "city": "Fremont", "state": "CA", "area-code": "510"}, {"id": "1d36742e3f24f50e4e7ae8280121c0d5", "number": "9517858979", "date": "2021-01-22 13:51:00", "subject": "4", "recorded-or-robo": "Y", "city": "Fremont", "state": "CA", "area-code": "510"}, {"id": "e81c9350d54f66c6d33b3747eeb2dc13", "number": "6143331524", "date": "2021-01-22 21:21:29", "subject": "3", "recorded-or-robo": "N", "city": "", "state": "OH", "area-code": "614"}, {"id": "1d36742e3f24f50e4e7ae8280147c274", "number": "6143331524", "date": "2021-01-22 21:21:29", "subject": "3", "recorded-or-robo": "N", "city": "", "state": "OH", "area-code": "614"}, {"id": "e81c9350d54f66c6d33b3747eeb38f15", "number": "+18154434872", "date": "2021-01-22 21:21:27", "subject": "3", "recorded-or-robo": "Y", "city": "", "state": "IL", "area-code": "630"}, {"id": "1d36742e3f24f50e4e7ae82801486039", "number": "+18154434872", "date": "2021-01-22 21:21:27", "subject": "3", "recorded-or-robo": "Y", "city": "", "state": "IL", "area-code": "630"}, {"id": "e81c9350d54f66c6d33b3747ee8bad0e", "number": "37064035159", "date": "2021-01-19 03:35:00", "subject": "0", "recorded-or-robo": "N", "city": "Kennewick", "state": "WA", "area-code": "509"}, {"id": "1d36742e3f24f50e4e7ae8280121b3b1", "number": "37064035159", "date": "2021-01-19 03:35:00", "subject": "0", "recorded-or-robo": "N", "city": "Kennewick", "state": "WA", "area-code": "509"}, {"id": "e81c9350d54f66c6d33b3747eeb2e960", "number": "+15104769922", "date": "2021-01-22 21:21:24", "subject": "3", "recorded-or-robo": "N", "city": "", "state": "CA", "area-code": "510"}, {"id": "1d36742e3f24f50e4e7ae8280147cd39", "number": "+15104769922", "date": "2021-01-22 21:21:24", "subject": "3", "recorded-or-robo": "N", "city": "", "state": "CA", "area-code": "510"}, {"id": "e81c9350d54f66c6d33b3747ee8ba656", "number": "2019764578", "date": "2021-01-22 16:35:00", "subject": "0", "recorded-or-robo": "", "city": "", "state": "NJ", "area-code": "201"}]}