{"data": [{"id": "e81c9350d54f66c6d33b3747ee16a3a2", "number": "2547100061", "date": "2021-01-22 04:36:00", "subject": "4", "recorded-or-robo": "Y", "city": "San Antonio", "state": "TX", "area-code": "210"}, {"id": "deca54a6651fb9add5b4a9816cabc099", "number": "7249135092", "date": "2021-01-22 14:08:00", "subject": "4", "recorded-or-robo": "Y", "city": "Pearl", "state": "MS", "area-code": "601"}, {"id": "deca54a6651fb9add5b4a9816cabbbc6", "number": "2547100061", "date": "2021-01-22 04:36:00", "subject": "4", "recorded-or-robo": "Y", "city": "San Antonio", "state": "TX", "area-code": "210"}, {"id": "e81c9350d54f66c6d33b3747ee169cad", "number": "8283496915", "date": "2021-01-22 17:30:00", "subject": "6", "recorded-or-robo": "Y", "city": "", "state": "NC", "area-code": "704"}, {"id": "deca54a6651fb9add5b4a9816cabb881", "number": "8283496915", "date": "2021-01-22 17:30:00", "subject": "6", "recorded-or-robo": "Y", "city": "", "state": "NC", "area-code": "704"}, {"id": "e81c9350d54f66c6d33b3747ee533f1d", "number": "+12142257487", "date": "2021-01-22 17:39:48", "subject": "3", "recorded-or-robo": "Y", "city": "", "state": "MI", "area-code": "810"}, {"id": "e81c9350d54f66c6d33b3747ee169039", "number": "6192638061", "date": "2021-01-22 14:30:00", "subject": "5", "recorded-or-robo": "N", "city": "", "state": "CA", "area-code": "619"}, {"id": "deca54a6651fb9add5b4a9816ce79c27", "number": "+12142257487", "date": "2021-01-22 17:39:48", "subject": "3", "recorded-or-robo": "Y", "city": "", "state": "MI", "area-code": "810"}, {"id": "deca54a6651fb9add5b4a9816cabb867", "number": "6192638061", "date": "2021-01-22 14:30:00", "subject": "5", "recorded-or-robo": "N", "city": "", "state": "CA", "area-code": "619"}, {"id": "e81c9350d54f66c6d33b3747ee1687e6", "number": "8552050329", "date": "2021-01-22 14:30:00", "subject": "1", "recorded-or-robo": "Y", "city": "Sacramento", "state": "CA", "area-code": "530"}, {"id": "deca54a6651fb9add5b4a9816cabb4ed", "number": "8552050329", "date": "2021-01-22 14:30:00", "subject": "1", "recorded-or-robo": "Y", "city": "Sacramento", "state": "CA", "area-code": "530"}, {"id": "e81c9350d54f66c6d33b3747ee5c94a5", "number": "5126366219", "date": "2021-01-22 16:33:00", "subject": "3", "recorded-or-robo": "Y", "city": "", "state": "TX", "area-code": "214"}, {"id": "e81c9350d54f66c6d33b3747ee167967", "number": "6198803124", "date": "2021-01-21 09:36:00", "subject": "1", "recorded-or-robo": "Y", "city": "San Francisco", "state": "IL", "area-code": "630"}, {"id": "e81c9350d54f66c6d33b3747ee166ab4", "number": "7814396872", "date": "2021-01-22 17:31:00", "subject": "5", "recorded-or-robo": "N", "city": "Mansfield", "state": "MA", "area-code": "508"}, {"id": "deca54a6651fb9add5b4a9816cf177c9", "number": "5126366219", "date": "2021-01-22 16:33:00", "subject": "3", "recorded-or-robo": "Y", "city": "", "state": "TX", "area-code": "214"}, {"id": "deca54a6651fb9add5b4a9816cabb159", "number": "6198803124", "date": "2021-01-21 09:36:00", "subject": "1", "recorded-or-robo": "Y", "city": "San Francisco", "state": "IL", "area-code": "630"}, {"id": "deca54a6651fb9add5b4a9816cababbe", "number": "7814396872", "date": "2021-01-22 17:31:00", "subject": "5", "recorded-or-robo": "N", "city": "Mansfield", "state": "MA", "area-code": "508"}, {"id": "e81c9350d54f66c6d33b3747ee52b785", "number": "6263411701", "date": "2021-01-22 17:39:36", "subject": "3", "recorded-or-robo": "Y", "city": "", "state": "CA", "area-code": "714"}, {"id": "deca54a6651fb9add5b4a9816ce6fda8", "number": "6263411701", "date": "2021-01-22 17:39:36", "subject": "3", "recorded-or-robo": "Y", "city": "", "state": "CA", "area-code": "714"}, {"id": "e81c9350d54f66c6d33b3747ee535860", "number": "7279400885", "date": "2021-01-22 17:39:34", "subject": "3", "recorded-or-robo": "Y", "city": "", "state": "FL", "area-code": "727"}, {"id": "deca54a6651fb9add5b4a9816ce7a5b4", "number": "7279400885", "date": "2021-01-22 17:39:34", "subject": "3", "recorded-or-robo": "Y", "city": "", "state": "FL", "area-code": "727"}, {"id": "e81c9350d54f66c6d33b3747ee52c7e3", "number": "6614020212", "date": "2021-01-22 17:39:30", "subject": "3", "recorded-or-robo": "Y", "city": "", "state": "CA", "area-code": "661"}, {"id": "deca54a6651fb9add5b4a9816ce70dd8", "number": "6614020212", "date": "2021-01-22 17:39:30", "subject": "3", "recorded-or-robo": "Y", "city": "", "state": "CA", "area-code": "661"}, {"id": "e81c9350d54f66c6d33b3747ee165ce8", "number": "2436415", "date": "2021-01-22 14:14:00", "subject": "0", "recorded-or-robo": "Y", "city": "buchanan", "state": "VA", "area-code": "540"}, {"id": "e81c9350d54f66c6d33b3747ee165250", "number": "5614937303", "date": "2021-01-22 06:35:00", "subject": "4", "recorded-or-robo": "N", "city": "", "state": "FL", "area-code": "561"}, {"id": "deca54a6651fb9add5b4a9816caba5ce", "number": "2436415", "date": "2021-01-22 14:14:00", "subject": "0", "recorded-or-robo": "Y", "city": "buchanan", "state": "VA", "area-code": "540"}, {"id": "deca54a6651fb9add5b4a9816cab96ce", "number": "5614937303", "date": "2021-01-22 06:35:00", "subject": "4", "recorded-or-robo": "N", "city": "", "state": "FL", "area-code": "561"}, {"id": "e81c9350d54f66c6d33b3747ee1643c5", "number": "9543150770", "date": "2021-01-22 17:27:00", "subject": "1", "recorded-or-robo": "Y", "city": "Margate", "state": "FL", "area-code": "954"}, {"id": "deca54a6651fb9add5b4a9816cab86e4", "number": "9543150770", "date": "2021-01-22 17:27:00", "subject": "1", "recorded-or-robo": "Y", "city": "Margate", "state": "FL", "area-code": "954"}, {"id": "e81c9350d54f66c6d33b3747ee163964", "number": "5107926677", "date": "2021-01-22 14:38:00", "subject": "5", "recorded-or-robo": "Y", "city": "Fremont", "state": "CA", "area-code": "510"}, {"id": "deca54a6651fb9add5b4a9816cab7b2b", "number": "5107926677", "date": "2021-01-22 14:38:00", "subject": "5", "recorded-or-robo": "Y", "city": "Fremont", "state": "CA", "area-code": "510"}, {"id": "e81c9350d54f66c6d33b3747ee5c8709", "number": "", "date": "2021-01-22 15:32:00", "subject": "3", "recorded-or-robo": "N", "city": "", "state": "AZ", "area-code": "480"}, {"id": "deca54a6651fb9add5b4a9816cf15c82", "number": "", "date": "2021-01-22 15:32:00", "subject": "3", "recorded-or-robo": "N", "city": "", "state": "AZ", "area-code": "480"}, {"id": "e81c9350d54f66c6d33b3747ee1637c3", "number": "6157524796", "date": "2021-01-22 15:29:00", "subject": "3", "recorded-or-robo": "Y", "city": "", "state": "MO", "area-code": "314"}, {"id": "deca54a6651fb9add5b4a9816cab6e30", "number": "6157524796", "date": "2021-01-22 15:29:00", "subject": "3", "recorded-or-robo": "Y", "city": "", "state": "MO", "area-code": "314"}, {"id": "e81c9350d54f66c6d33b3747ee162c18", "number": "4348853584", "date": "2021-01-22 13:30:00", "subject": "2", "recorded-or-robo": "Y", "city": "", "state": "AL", "area-code": "334"}, {"id": "e81c9350d54f66c6d33b3747ee162b34", "number": "3033515629", "date": "2021-01-22 14:43:00", "subject": "2", "recorded-or-robo": "Y", "city": "Aurora", "state": "CO", "area-code": "303"}, {"id": "deca54a6651fb9add5b4a9816cab5ed4", "number": "4348853584", "date": "2021-01-22 13:30:00", "subject": "2", "recorded-or-robo": "Y", "city": "", "state": "AL", "area-code": "334"}, {"id": "deca54a6651fb9add5b4a9816cab5740", "number": "3033515629", "date": "2021-01-22 14:43:00", "subject": "2", "recorded-or-robo": "Y", "city": "Aurora", "state": "CO", "area-code": "303"}, {"id": "e81c9350d54f66c6d33b3747ee162831", "number": "8880300812", "date": "2021-01-22 14:19:00", "subject": "1", "recorded-or-robo": "Y", "city": "SAN LUIS OBISPO", "state": "CA", "area-code": "209"}, {"id": "e81c9350d54f66c6d33b3747ee1619a3", "number": "7815253158", "date": "2021-01-22 16:30:00", "subject": "4", "recorded-or-robo": "Y", "city": "", "state": "MA", "area-code": "781"}, {"id": "deca54a6651fb9add5b4a9816cab4d7f", "number": "8880300812", "date": "2021-01-22 14:19:00", "subject": "1", "recorded-or-robo": "Y", "city": "SAN LUIS OBISPO", "state": "CA", "area-code": "209"}, {"id": "deca54a6651fb9add5b4a9816cab3fbe", "number": "7815253158", "date": "2021-01-22 16:30:00", "subject": "4", "recorded-or-robo": "Y", "city": "", "state": "MA", "area-code": "781"}, {"id": "e81c9350d54f66c6d33b3747ee161974", "number": "", "date": "2021-01-22 17:23:00", "subject": "2", "recorded-or-robo": "Y", "city": "Columbus", "state": "GA", "area-code": "706"}, {"id": "deca54a6651fb9add5b4a9816cab321c", "number": "", "date": "2021-01-22 17:23:00", "subject": "2", "recorded-or-robo": "Y", "city": "Columbus", "state": "GA", "area-code": "706"}, {"id": "e81c9350d54f66c6d33b3747ee160c2a", "number": "", "date": "2021-01-22 17:16:00", "subject": "1", "recorded-or-robo": "Y", "city": "Inver Grove Heights", "state": "MN", "area-code": "651"}, {"id": "deca54a6651fb9add5b4a9816cab2ebc", "number": "", "date": "2021-01-22 17:16:00", "subject": "1", "recorded-or-robo": "Y", "city": "Inver Grove Heights", "state": "MN", "area-code": "651"}, {"id": "e81c9350d54f66c6d33b3747ee1607e2", "number": "5707438210", "date": "2021-01-22 09:15:00", "subject": "2", "recorded-or-robo": "Y", "city": "", "state": "PA", "area-code": "570"}, {"id": "e81c9350d54f66c6d33b3747ee16019d", "number": "3092501959", "date": "2021-01-22 12:20:00", "subject": "0", "recorded-or-robo": "Y", "city": "", "state": "IL", "area-code": "309"}, {"id": "deca54a6651fb9add5b4a9816cab20fc", "number": "5707438210", "date": "2021-01-22 09:15:00", "subject": "2", "recorded-or-robo": "Y", "city": "", "state": "PA", "area-code": "570"}]}