{"data": [{"id": "1d36742e3f24f50e4e7ae82801660294", "number": "6576570541", "date": "2021-01-20 11:18:00", "subject": "6", "recorded-or-robo": "Y", "city": "", "state": "AL", "area-code": "251"}, {"id": "e81c9350d54f66c6d33b3747eed108b9", "number": "7162723425", "date": "2021-01-20 12:55:00", "subject": "2", "recorded-or-robo": "Y", "city": "WILLIAMSVILLE", "state": "NY", "area-code": "716"}, {"id": "1d36742e3f24f50e4e7ae828016600e0", "number": "7162723425", "date": "2021-01-20 12:55:00", "subject": "2", "recorded-or-robo": "Y", "city": "WILLIAMSVILLE", "state": "NY", "area-code": "716"}, {"id": "e81c9350d54f66c6d33b3747eed104c5", "number": "7085548887", "date": "2021-01-21 11:52:00", "subject": "0", "recorded-or-robo": "Y", "city": "Orland Park", "state": "IL", "area-code": "708"}, {"id": "1d36742e3f24f50e4e7ae8280165fbf8", "number": "7085548887", "date": "2021-01-21 11:52:00", "subject": "0", "recorded-or-robo": "Y", "city": "Orland Park", "state": "IL", "area-code": "708"}, {"id": "e81c9350d54f66c6d33b3747eed0f621", "number": "9735489986", "date": "2021-01-18 16:05:00", "subject": "3", "recorded-or-robo": "", "city": "", "state": "NJ", "area-code": "973"}, {"id": "1d36742e3f24f50e4e7ae8280165f546", "number": "9735489986", "date": "2021-01-18 16:05:00", "subject": "3", "recorded-or-robo": "", "city": "", "state": "NJ", "area-code": "973"}, {"id": "e81c9350d54f66c6d33b3747eed0eedc", "number": "8003949881", "date": "2021-01-22 17:45:00", "subject": "1", "recorded-or-robo": "Y", "city": "North Las Vegas", "state": "NV", "area-code": "702"}, {"id": "1d36742e3f24f50e4e7ae8280165f365", "number": "8003949881", "date": "2021-01-22 17:45:00", "subject": "1", "recorded-or-robo": "Y", "city": "North Las Vegas", "state": "NV", "area-code": "702"}, {"id": "e81c9350d54f66c6d33b3747eed0e363", "number": "3072268942", "date": "2021-01-18 16:36:00", "subject": "3", "recorded-or-robo": "", "city": "", "state": "NJ", "area-code": "973"}, {"id": "1d36742e3f24f50e4e7ae8280165eabd", "number": "3072268942", "date": "2021-01-18 16:36:00", "subject": "3", "recorded-or-robo": "", "city": "", "state": "NJ", "area-code": "973"}, {"id": "e81c9350d54f66c6d33b3747eed0de3a", "number": "2709079141", "date": "2021-01-21 11:39:00", "subject": "0", "recorded-or-robo": "Y", "city": "Orland Park", "state": "IL", "area-code": "708"}, {"id": "1d36742e3f24f50e4e7ae8280165e249", "number": "2709079141", "date": "2021-01-21 11:39:00", "subject": "0", "recorded-or-robo": "Y", "city": "Orland Park", "state": "IL", "area-code": "708"}, {"id": "e81c9350d54f66c6d33b3747eed0dc00", "number": "7162723425", "date": "2021-01-20 09:42:00", "subject": "2", "recorded-or-robo": "Y", "city": "WILLIAMSVILLE", "state": "NY", "area-code": "716"}, {"id": "1d36742e3f24f50e4e7ae8280165e01c", "number": "7162723425", "date": "2021-01-20 09:42:00", "subject": "2", "recorded-or-robo": "Y", "city": "WILLIAMSVILLE", "state": "NY", "area-code": "716"}, {"id": "e81c9350d54f66c6d33b3747eed0d13a", "number": "9732409518", "date": "2021-01-18 17:56:00", "subject": "3", "recorded-or-robo": "", "city": "", "state": "NJ", "area-code": "973"}, {"id": "1d36742e3f24f50e4e7ae8280165db80", "number": "9732409518", "date": "2021-01-18 17:56:00", "subject": "3", "recorded-or-robo": "", "city": "", "state": "NJ", "area-code": "973"}, {"id": "e81c9350d54f66c6d33b3747eed0c6e8", "number": "5173122241", "date": "2021-01-22 13:20:00", "subject": "2", "recorded-or-robo": "Y", "city": "Hillman", "state": "MI", "area-code": "517"}, {"id": "1d36742e3f24f50e4e7ae8280165cd9d", "number": "5173122241", "date": "2021-01-22 13:20:00", "subject": "2", "recorded-or-robo": "Y", "city": "Hillman", "state": "MI", "area-code": "517"}, {"id": "e81c9350d54f66c6d33b3747eed0bbeb", "number": "2722031605", "date": "2021-01-21 09:33:00", "subject": "0", "recorded-or-robo": "Y", "city": "Orland Park", "state": "IL", "area-code": "708"}, {"id": "1d36742e3f24f50e4e7ae8280165ccca", "number": "2722031605", "date": "2021-01-21 09:33:00", "subject": "0", "recorded-or-robo": "Y", "city": "Orland Park", "state": "IL", "area-code": "708"}, {"id": "e81c9350d54f66c6d33b3747eed0ac8a", "number": "2405344847", "date": "2021-01-18 18:45:00", "subject": "3", "recorded-or-robo": "", "city": "", "state": "NJ", "area-code": "973"}, {"id": "1d36742e3f24f50e4e7ae8280165c0e9", "number": "2405344847", "date": "2021-01-18 18:45:00", "subject": "3", "recorded-or-robo": "", "city": "", "state": "NJ", "area-code": "973"}, {"id": "e81c9350d54f66c6d33b3747eed0a1b9", "number": "6162682727", "date": "2021-01-23 08:39:00", "subject": "1", "recorded-or-robo": "Y", "city": "Dunn Loring", "state": "VA", "area-code": "724"}, {"id": "1d36742e3f24f50e4e7ae8280165b6ca", "number": "6162682727", "date": "2021-01-23 08:39:00", "subject": "1", "recorded-or-robo": "Y", "city": "Dunn Loring", "state": "VA", "area-code": "724"}, {"id": "e81c9350d54f66c6d33b3747eed095dc", "number": "5172373242", "date": "2021-01-22 15:15:00", "subject": "2", "recorded-or-robo": "Y", "city": "Hillman", "state": "MI", "area-code": "517"}, {"id": "1d36742e3f24f50e4e7ae8280165b08e", "number": "5172373242", "date": "2021-01-22 15:15:00", "subject": "2", "recorded-or-robo": "Y", "city": "Hillman", "state": "MI", "area-code": "517"}, {"id": "e81c9350d54f66c6d33b3747eed08feb", "number": "6413443881", "date": "2021-01-16 10:07:00", "subject": "2", "recorded-or-robo": "", "city": "ROCK PORT", "state": "MO", "area-code": "660"}, {"id": "1d36742e3f24f50e4e7ae8280165a2a3", "number": "6413443881", "date": "2021-01-16 10:07:00", "subject": "2", "recorded-or-robo": "", "city": "ROCK PORT", "state": "MO", "area-code": "660"}, {"id": "e81c9350d54f66c6d33b3747eed081ce", "number": "6105464470", "date": "2021-01-23 08:46:00", "subject": "2", "recorded-or-robo": "Y", "city": "Cape May Court House", "state": "NJ", "area-code": "610"}, {"id": "e81c9350d54f66c6d33b3747eed07608", "number": "7142639201", "date": "2021-01-19 11:26:00", "subject": "2", "recorded-or-robo": "", "city": "", "state": "NJ", "area-code": "973"}, {"id": "1d36742e3f24f50e4e7ae82801659419", "number": "6105464470", "date": "2021-01-23 08:46:00", "subject": "2", "recorded-or-robo": "Y", "city": "Cape May Court House", "state": "NJ", "area-code": "610"}, {"id": "1d36742e3f24f50e4e7ae828016586f5", "number": "7142639201", "date": "2021-01-19 11:26:00", "subject": "2", "recorded-or-robo": "", "city": "", "state": "NJ", "area-code": "973"}, {"id": "e81c9350d54f66c6d33b3747eed06775", "number": "8643369641", "date": "2021-01-22 00:00:00", "subject": "2", "recorded-or-robo": "Y", "city": "", "state": "SC", "area-code": "864"}, {"id": "1d36742e3f24f50e4e7ae82801658023", "number": "8643369641", "date": "2021-01-22 00:00:00", "subject": "2", "recorded-or-robo": "Y", "city": "", "state": "SC", "area-code": "864"}, {"id": "e81c9350d54f66c6d33b3747eed0674f", "number": "5175894751", "date": "2021-01-22 15:42:00", "subject": "2", "recorded-or-robo": "Y", "city": "Hillman", "state": "MI", "area-code": "517"}, {"id": "1d36742e3f24f50e4e7ae82801657dea", "number": "5175894751", "date": "2021-01-22 15:42:00", "subject": "2", "recorded-or-robo": "Y", "city": "Hillman", "state": "MI", "area-code": "517"}, {"id": "e81c9350d54f66c6d33b3747eed05dae", "number": "4150984015", "date": "2021-01-19 11:45:00", "subject": "2", "recorded-or-robo": "", "city": "", "state": "NJ", "area-code": "973"}, {"id": "1d36742e3f24f50e4e7ae82801656f62", "number": "4150984015", "date": "2021-01-19 11:45:00", "subject": "2", "recorded-or-robo": "", "city": "", "state": "NJ", "area-code": "973"}, {"id": "e81c9350d54f66c6d33b3747eed05823", "number": "", "date": "2020-01-22 21:11:00", "subject": "3", "recorded-or-robo": "Y", "city": "", "state": "KY", "area-code": "859"}, {"id": "1d36742e3f24f50e4e7ae82801656a48", "number": "", "date": "2020-01-22 21:11:00", "subject": "3", "recorded-or-robo": "Y", "city": "", "state": "KY", "area-code": "859"}, {"id": "e81c9350d54f66c6d33b3747eed04e09", "number": "9987608300", "date": "2021-01-20 02:43:00", "subject": "3", "recorded-or-robo": "", "city": "", "state": "NJ", "area-code": "908"}, {"id": "1d36742e3f24f50e4e7ae828016569b7", "number": "9987608300", "date": "2021-01-20 02:43:00", "subject": "3", "recorded-or-robo": "", "city": "", "state": "NJ", "area-code": "908"}, {"id": "e81c9350d54f66c6d33b3747eed03e59", "number": "7035707502", "date": "2021-01-22 00:00:00", "subject": "2", "recorded-or-robo": "Y", "city": "Luray", "state": "VA", "area-code": "703"}, {"id": "1d36742e3f24f50e4e7ae82801655ebc", "number": "7035707502", "date": "2021-01-22 00:00:00", "subject": "2", "recorded-or-robo": "Y", "city": "Luray", "state": "VA", "area-code": "703"}, {"id": "e81c9350d54f66c6d33b3747eed03645", "number": "5180148231", "date": "2021-01-21 11:03:00", "subject": "2", "recorded-or-robo": "", "city": "", "state": "NJ", "area-code": "973"}, {"id": "1d36742e3f24f50e4e7ae82801655c5a", "number": "5180148231", "date": "2021-01-21 11:03:00", "subject": "2", "recorded-or-robo": "", "city": "", "state": "NJ", "area-code": "973"}, {"id": "e81c9350d54f66c6d33b3747eed02c60", "number": "8646300864", "date": "2021-01-23 00:00:00", "subject": "4", "recorded-or-robo": "N", "city": "", "state": "SC", "area-code": "864"}, {"id": "1d36742e3f24f50e4e7ae82801655b28", "number": "8646300864", "date": "2021-01-23 00:00:00", "subject": "4", "recorded-or-robo": "N", "city": "", "state": "SC", "area-code": "864"}, {"id": "e81c9350d54f66c6d33b3747eed027e4", "number": "7035707851", "date": "2021-01-22 00:00:00", "subject": "2", "recorded-or-robo": "Y", "city": "Luray", "state": "VA", "area-code": "703"}]}