{"data": [{"id": "deca54a6651fb9add5b4a9816cb984db", "number": "7082265489", "date": "2021-01-22 00:00:00", "subject": "5", "recorded-or-robo": "Y", "city": "Tinley Park", "state": "IL", "area-code": "708"}, {"id": "e81c9350d54f66c6d33b3747ee246ab9", "number": "", "date": "2021-01-22 18:00:00", "subject": "1", "recorded-or-robo": "Y", "city": "", "state": "CA", "area-code": "831"}, {"id": "deca54a6651fb9add5b4a9816cb97b39", "number": "", "date": "2021-01-22 18:00:00", "subject": "1", "recorded-or-robo": "Y", "city": "", "state": "CA", "area-code": "831"}, {"id": "e81c9350d54f66c6d33b3747ee245cad", "number": "3123481562", "date": "2021-01-22 13:13:00", "subject": "0", "recorded-or-robo": "Y", "city": "CHICAGO", "state": "IL", "area-code": "773"}, {"id": "deca54a6651fb9add5b4a9816cb9794b", "number": "3123481562", "date": "2021-01-22 13:13:00", "subject": "0", "recorded-or-robo": "Y", "city": "CHICAGO", "state": "IL", "area-code": "773"}, {"id": "e81c9350d54f66c6d33b3747ee564c0c", "number": "+14843853861", "date": "2021-01-22 18:02:26", "subject": "3", "recorded-or-robo": "N", "city": "", "state": "PA", "area-code": "484"}, {"id": "e81c9350d54f66c6d33b3747ee245065", "number": "8638551940", "date": "2020-12-28 08:11:00", "subject": "2", "recorded-or-robo": "Y", "city": "Colorado Springs", "state": "CO", "area-code": "912"}, {"id": "deca54a6651fb9add5b4a9816ceac85c", "number": "+14843853861", "date": "2021-01-22 18:02:26", "subject": "3", "recorded-or-robo": "N", "city": "", "state": "PA", "area-code": "484"}, {"id": "deca54a6651fb9add5b4a9816cb97435", "number": "8638551940", "date": "2020-12-28 08:11:00", "subject": "2", "recorded-or-robo": "Y", "city": "Colorado Springs", "state": "CO", "area-code": "912"}, {"id": "e81c9350d54f66c6d33b3747ee56a808", "number": "6155052309", "date": "2021-01-22 18:02:20", "subject": "3", "recorded-or-robo": "N", "city": "", "state": "CA", "area-code": "408"}, {"id": "e81c9350d54f66c6d33b3747ee244a0b", "number": "8332297971", "date": "2021-01-22 12:51:00", "subject": "3", "recorded-or-robo": "Y", "city": "", "state": "PA", "area-code": "610"}, {"id": "deca54a6651fb9add5b4a9816ceb0e82", "number": "6155052309", "date": "2021-01-22 18:02:20", "subject": "3", "recorded-or-robo": "N", "city": "", "state": "CA", "area-code": "408"}, {"id": "deca54a6651fb9add5b4a9816cb96dfe", "number": "8332297971", "date": "2021-01-22 12:51:00", "subject": "3", "recorded-or-robo": "Y", "city": "", "state": "PA", "area-code": "610"}, {"id": "e81c9350d54f66c6d33b3747ee2449e3", "number": "3148384642", "date": "2021-01-21 12:00:00", "subject": "2", "recorded-or-robo": "Y", "city": "Florissant", "state": "MO", "area-code": "314"}, {"id": "deca54a6651fb9add5b4a9816cb967d7", "number": "3148384642", "date": "2021-01-21 12:00:00", "subject": "2", "recorded-or-robo": "Y", "city": "Florissant", "state": "MO", "area-code": "314"}, {"id": "e81c9350d54f66c6d33b3747ee56896d", "number": "8043788637", "date": "2021-01-22 18:02:17", "subject": "3", "recorded-or-robo": "Y", "city": "", "state": "VA", "area-code": "757"}, {"id": "deca54a6651fb9add5b4a9816ceafe76", "number": "8043788637", "date": "2021-01-22 18:02:17", "subject": "3", "recorded-or-robo": "Y", "city": "", "state": "VA", "area-code": "757"}, {"id": "e81c9350d54f66c6d33b3747ee563e1b", "number": "8043788637", "date": "2021-01-22 18:02:16", "subject": "3", "recorded-or-robo": "Y", "city": "", "state": "VA", "area-code": "757"}, {"id": "deca54a6651fb9add5b4a9816ceab0d0", "number": "8043788637", "date": "2021-01-22 18:02:16", "subject": "3", "recorded-or-robo": "Y", "city": "", "state": "VA", "area-code": "757"}, {"id": "e81c9350d54f66c6d33b3747ee2444cc", "number": "4233700976", "date": "2021-01-22 17:29:00", "subject": "2", "recorded-or-robo": "Y", "city": "Kingsport", "state": "TN", "area-code": "423"}, {"id": "deca54a6651fb9add5b4a9816cb957eb", "number": "4233700976", "date": "2021-01-22 17:29:00", "subject": "2", "recorded-or-robo": "Y", "city": "Kingsport", "state": "TN", "area-code": "423"}, {"id": "e81c9350d54f66c6d33b3747ee2443ac", "number": "7204646382", "date": "2021-01-22 03:59:00", "subject": "9", "recorded-or-robo": "Y", "city": "Aurora", "state": "CO", "area-code": "720"}, {"id": "e81c9350d54f66c6d33b3747ee243a60", "number": "4699476403", "date": "2021-01-22 16:37:00", "subject": "5", "recorded-or-robo": "Y", "city": "", "state": "TX", "area-code": "512"}, {"id": "e81c9350d54f66c6d33b3747ee2430f1", "number": "8029229080", "date": "2021-01-22 17:08:00", "subject": "3", "recorded-or-robo": "Y", "city": "", "state": "NY", "area-code": "631"}, {"id": "deca54a6651fb9add5b4a9816cb94a5f", "number": "7204646382", "date": "2021-01-22 03:59:00", "subject": "9", "recorded-or-robo": "Y", "city": "Aurora", "state": "CO", "area-code": "720"}, {"id": "deca54a6651fb9add5b4a9816cb93ae5", "number": "4699476403", "date": "2021-01-22 16:37:00", "subject": "5", "recorded-or-robo": "Y", "city": "", "state": "TX", "area-code": "512"}, {"id": "deca54a6651fb9add5b4a9816cb937bd", "number": "8029229080", "date": "2021-01-22 17:08:00", "subject": "3", "recorded-or-robo": "Y", "city": "", "state": "NY", "area-code": "631"}, {"id": "e81c9350d54f66c6d33b3747ee2423ff", "number": "6109296519", "date": "2021-01-22 17:55:00", "subject": "5", "recorded-or-robo": "Y", "city": "", "state": "PA", "area-code": "610"}, {"id": "e81c9350d54f66c6d33b3747ee241cc9", "number": "9255351049", "date": "2021-01-22 00:46:00", "subject": "4", "recorded-or-robo": "Y", "city": "", "state": "CA", "area-code": "925"}, {"id": "deca54a6651fb9add5b4a9816cb92a18", "number": "6109296519", "date": "2021-01-22 17:55:00", "subject": "5", "recorded-or-robo": "Y", "city": "", "state": "PA", "area-code": "610"}, {"id": "deca54a6651fb9add5b4a9816cb925b0", "number": "9255351049", "date": "2021-01-22 00:46:00", "subject": "4", "recorded-or-robo": "Y", "city": "", "state": "CA", "area-code": "925"}, {"id": "e81c9350d54f66c6d33b3747ee241638", "number": "6018978130", "date": "2021-01-21 13:29:00", "subject": "2", "recorded-or-robo": "Y", "city": "", "state": "OR", "area-code": "541"}, {"id": "deca54a6651fb9add5b4a9816cb923f2", "number": "6018978130", "date": "2021-01-21 13:29:00", "subject": "2", "recorded-or-robo": "Y", "city": "", "state": "OR", "area-code": "541"}, {"id": "e81c9350d54f66c6d33b3747ee240d2f", "number": "8646376436", "date": "2021-01-22 08:54:00", "subject": "2", "recorded-or-robo": "Y", "city": "Fort Scott", "state": "SC", "area-code": "864"}, {"id": "deca54a6651fb9add5b4a9816cb91bf6", "number": "8646376436", "date": "2021-01-22 08:54:00", "subject": "2", "recorded-or-robo": "Y", "city": "Fort Scott", "state": "SC", "area-code": "864"}, {"id": "e81c9350d54f66c6d33b3747ee56b65b", "number": "+19546947266", "date": "2021-01-22 18:01:56", "subject": "3", "recorded-or-robo": "Y", "city": "", "state": "MI", "area-code": "810"}, {"id": "deca54a6651fb9add5b4a9816ceb2d99", "number": "+19546947266", "date": "2021-01-22 18:01:56", "subject": "3", "recorded-or-robo": "Y", "city": "", "state": "MI", "area-code": "810"}, {"id": "e81c9350d54f66c6d33b3747ee568f80", "number": "5102985881", "date": "2021-01-22 18:01:53", "subject": "3", "recorded-or-robo": "N", "city": "", "state": "CA", "area-code": "626"}, {"id": "deca54a6651fb9add5b4a9816ceb01ff", "number": "5102985881", "date": "2021-01-22 18:01:53", "subject": "3", "recorded-or-robo": "N", "city": "", "state": "CA", "area-code": "626"}, {"id": "e81c9350d54f66c6d33b3747ee24050d", "number": "4582003823", "date": "2021-01-22 12:00:00", "subject": "1", "recorded-or-robo": "Y", "city": "San Diego", "state": "CA", "area-code": "503"}, {"id": "deca54a6651fb9add5b4a9816cb91b05", "number": "4582003823", "date": "2021-01-22 12:00:00", "subject": "1", "recorded-or-robo": "Y", "city": "San Diego", "state": "CA", "area-code": "503"}, {"id": "e81c9350d54f66c6d33b3747ee567a1b", "number": "5033573445", "date": "2021-01-22 18:01:42", "subject": "3", "recorded-or-robo": "Y", "city": "", "state": "OR", "area-code": "541"}, {"id": "deca54a6651fb9add5b4a9816ceaf01f", "number": "5033573445", "date": "2021-01-22 18:01:42", "subject": "3", "recorded-or-robo": "Y", "city": "", "state": "OR", "area-code": "541"}, {"id": "e81c9350d54f66c6d33b3747ee2400b2", "number": "2082878792", "date": "2020-12-29 08:30:00", "subject": "1", "recorded-or-robo": "N", "city": "Nampa", "state": "ID", "area-code": "208"}, {"id": "deca54a6651fb9add5b4a9816cb90b38", "number": "2082878792", "date": "2020-12-29 08:30:00", "subject": "1", "recorded-or-robo": "N", "city": "Nampa", "state": "ID", "area-code": "208"}, {"id": "e81c9350d54f66c6d33b3747ee56ab0f", "number": "+19543883308", "date": "2021-01-22 18:01:35", "subject": "3", "recorded-or-robo": "Y", "city": "", "state": "MI", "area-code": "810"}, {"id": "e81c9350d54f66c6d33b3747ee23f431", "number": "7692400981", "date": "2021-01-21 15:06:00", "subject": "2", "recorded-or-robo": "N", "city": "Huntington Beach", "state": "CA", "area-code": "818"}, {"id": "deca54a6651fb9add5b4a9816ceb1c6e", "number": "+19543883308", "date": "2021-01-22 18:01:35", "subject": "3", "recorded-or-robo": "Y", "city": "", "state": "MI", "area-code": "810"}, {"id": "deca54a6651fb9add5b4a9816cb9070a", "number": "7692400981", "date": "2021-01-21 15:06:00", "subject": "2", "recorded-or-robo": "N", "city": "Huntington Beach", "state": "CA", "area-code": "818"}, {"id": "e81c9350d54f66c6d33b3747ee23f3b4", "number": "5136443543", "date": "2021-01-19 10:10:00", "subject": "4", "recorded-or-robo": "Y", "city": "Cleveland", "state": "OH", "area-code": "440"}]}