{"data": [{"id": "1d36742e3f24f50e4e7ae828015ad2cf", "number": "7752453657", "date": "2021-01-22 10:34:00", "subject": "3", "recorded-or-robo": "Y", "city": "", "state": "NV", "area-code": "775"}, {"id": "3decc6bfadaa436a105714c6ba50f5c0", "number": "+17866735218", "date": "2021-01-23 02:02:01", "subject": "3", "recorded-or-robo": "Y", "city": "", "state": "FL", "area-code": "786"}, {"id": "1d36742e3f24f50e4e7ae82801e68aca", "number": "+17866735218", "date": "2021-01-23 02:02:01", "subject": "3", "recorded-or-robo": "Y", "city": "", "state": "FL", "area-code": "786"}, {"id": "3decc6bfadaa436a105714c6ba511055", "number": "9086234236", "date": "2021-01-23 02:01:01", "subject": "3", "recorded-or-robo": "Y", "city": "", "state": "NJ", "area-code": "908"}, {"id": "1d36742e3f24f50e4e7ae82801e69f55", "number": "9086234236", "date": "2021-01-23 02:01:01", "subject": "3", "recorded-or-robo": "Y", "city": "", "state": "NJ", "area-code": "908"}, {"id": "3decc6bfadaa436a105714c6ba50c345", "number": "+17165597944", "date": "2021-01-23 02:00:59", "subject": "3", "recorded-or-robo": "Y", "city": "", "state": "NY", "area-code": "716"}, {"id": "1d36742e3f24f50e4e7ae82801e65fd5", "number": "+17165597944", "date": "2021-01-23 02:00:59", "subject": "3", "recorded-or-robo": "Y", "city": "", "state": "NY", "area-code": "716"}, {"id": "e81c9350d54f66c6d33b3747eec58fca", "number": "2602642265", "date": "2021-01-22 18:19:00", "subject": "3", "recorded-or-robo": "Y", "city": "", "state": "OH", "area-code": "419"}, {"id": "1d36742e3f24f50e4e7ae828015ad121", "number": "2602642265", "date": "2021-01-22 18:19:00", "subject": "3", "recorded-or-robo": "Y", "city": "", "state": "OH", "area-code": "419"}, {"id": "e81c9350d54f66c6d33b3747eec58e8f", "number": "2066724430", "date": "2021-01-22 12:58:00", "subject": "11", "recorded-or-robo": "Y", "city": "Yakima", "state": "WA", "area-code": "253"}, {"id": "1d36742e3f24f50e4e7ae828015aca0d", "number": "2066724430", "date": "2021-01-22 12:58:00", "subject": "11", "recorded-or-robo": "Y", "city": "Yakima", "state": "WA", "area-code": "253"}, {"id": "3decc6bfadaa436a105714c6ba50be60", "number": "3527071816", "date": "2021-01-23 01:58:40", "subject": "3", "recorded-or-robo": "Y", "city": "", "state": "FL", "area-code": "321"}, {"id": "1d36742e3f24f50e4e7ae82801e657a5", "number": "3527071816", "date": "2021-01-23 01:58:40", "subject": "3", "recorded-or-robo": "Y", "city": "", "state": "FL", "area-code": "321"}, {"id": "e81c9350d54f66c6d33b3747eec581d5", "number": "4195879606", "date": "2021-01-22 16:04:00", "subject": "3", "recorded-or-robo": "Y", "city": "", "state": "OH", "area-code": "419"}, {"id": "1d36742e3f24f50e4e7ae828015abdec", "number": "4195879606", "date": "2021-01-22 16:04:00", "subject": "3", "recorded-or-robo": "Y", "city": "", "state": "OH", "area-code": "419"}, {"id": "e81c9350d54f66c6d33b3747eec5767b", "number": "7858002021", "date": "2021-01-22 14:00:00", "subject": "4", "recorded-or-robo": "Y", "city": "", "state": "KS", "area-code": "785"}, {"id": "1d36742e3f24f50e4e7ae828015abdd0", "number": "7858002021", "date": "2021-01-22 14:00:00", "subject": "4", "recorded-or-robo": "Y", "city": "", "state": "KS", "area-code": "785"}, {"id": "e81c9350d54f66c6d33b3747eec748b2", "number": "4199762941", "date": "2021-01-22 10:41:00", "subject": "3", "recorded-or-robo": "Y", "city": "", "state": "OH", "area-code": "419"}, {"id": "1d36742e3f24f50e4e7ae828015c98b7", "number": "4199762941", "date": "2021-01-22 10:41:00", "subject": "3", "recorded-or-robo": "Y", "city": "", "state": "OH", "area-code": "419"}, {"id": "3decc6bfadaa436a105714c6ba50abf7", "number": "7702129411", "date": "2021-01-23 01:56:23", "subject": "3", "recorded-or-robo": "Y", "city": "", "state": "GA", "area-code": "678"}, {"id": "1d36742e3f24f50e4e7ae82801e64f2c", "number": "7702129411", "date": "2021-01-23 01:56:23", "subject": "3", "recorded-or-robo": "Y", "city": "", "state": "GA", "area-code": "678"}, {"id": "3decc6bfadaa436a105714c6ba50b928", "number": "2292102620", "date": "2021-01-23 01:56:03", "subject": "3", "recorded-or-robo": "N", "city": "", "state": "GA", "area-code": "678"}, {"id": "1d36742e3f24f50e4e7ae82801e656d0", "number": "2292102620", "date": "2021-01-23 01:56:03", "subject": "3", "recorded-or-robo": "N", "city": "", "state": "GA", "area-code": "678"}, {"id": "3decc6bfadaa436a105714c6ba50a903", "number": "2292102620", "date": "2021-01-23 01:55:44", "subject": "3", "recorded-or-robo": "Y", "city": "", "state": "GA", "area-code": "678"}, {"id": "1d36742e3f24f50e4e7ae82801e64ec9", "number": "2292102620", "date": "2021-01-23 01:55:44", "subject": "3", "recorded-or-robo": "Y", "city": "", "state": "GA", "area-code": "678"}, {"id": "e81c9350d54f66c6d33b3747eec5757d", "number": "7857272460", "date": "2021-01-22 13:00:00", "subject": "4", "recorded-or-robo": "Y", "city": "", "state": "KS", "area-code": "785"}, {"id": "1d36742e3f24f50e4e7ae828015ab2ed", "number": "7857272460", "date": "2021-01-22 13:00:00", "subject": "4", "recorded-or-robo": "Y", "city": "", "state": "KS", "area-code": "785"}, {"id": "3decc6bfadaa436a105714c6ba50a635", "number": "+17273530683", "date": "2021-01-23 01:53:58", "subject": "3", "recorded-or-robo": "Y", "city": "", "state": "FL", "area-code": "727"}, {"id": "1d36742e3f24f50e4e7ae82801e642d4", "number": "+17273530683", "date": "2021-01-23 01:53:58", "subject": "3", "recorded-or-robo": "Y", "city": "", "state": "FL", "area-code": "727"}, {"id": "e81c9350d54f66c6d33b3747eec570cf", "number": "7195350048", "date": "2021-01-22 16:30:00", "subject": "2", "recorded-or-robo": "Y", "city": "Highlands Ranch", "state": "CO", "area-code": "303"}, {"id": "1d36742e3f24f50e4e7ae828015aa49f", "number": "7195350048", "date": "2021-01-22 16:30:00", "subject": "2", "recorded-or-robo": "Y", "city": "Highlands Ranch", "state": "CO", "area-code": "303"}, {"id": "3decc6bfadaa436a105714c6ba509233", "number": "9728080139", "date": "2021-01-23 01:53:10", "subject": "3", "recorded-or-robo": "Y", "city": "", "state": "IN", "area-code": "317"}, {"id": "1d36742e3f24f50e4e7ae82801e63131", "number": "9728080139", "date": "2021-01-23 01:53:10", "subject": "3", "recorded-or-robo": "Y", "city": "", "state": "IN", "area-code": "317"}, {"id": "e81c9350d54f66c6d33b3747eec56c62", "number": "8034815766", "date": "2021-01-22 12:00:00", "subject": "2", "recorded-or-robo": "N", "city": "", "state": "CA", "area-code": "323"}, {"id": "1d36742e3f24f50e4e7ae828015a9b7a", "number": "8034815766", "date": "2021-01-22 12:00:00", "subject": "2", "recorded-or-robo": "N", "city": "", "state": "CA", "area-code": "323"}, {"id": "3decc6bfadaa436a105714c6ba508636", "number": "+16234006745", "date": "2021-01-23 01:50:09", "subject": "3", "recorded-or-robo": "Y", "city": "", "state": "AZ", "area-code": "602"}, {"id": "1d36742e3f24f50e4e7ae82801e6225a", "number": "+16234006745", "date": "2021-01-23 01:50:09", "subject": "3", "recorded-or-robo": "Y", "city": "", "state": "AZ", "area-code": "602"}, {"id": "3decc6bfadaa436a105714c6ba507701", "number": "+19402614396", "date": "2021-01-23 01:49:37", "subject": "3", "recorded-or-robo": "Y", "city": "", "state": "TX", "area-code": "817"}, {"id": "1d36742e3f24f50e4e7ae82801e6213b", "number": "+19402614396", "date": "2021-01-23 01:49:37", "subject": "3", "recorded-or-robo": "Y", "city": "", "state": "TX", "area-code": "817"}, {"id": "3decc6bfadaa436a105714c6ba509b31", "number": "3055140918", "date": "2021-01-23 01:49:18", "subject": "3", "recorded-or-robo": "Y", "city": "", "state": "FL", "area-code": "305"}, {"id": "1d36742e3f24f50e4e7ae82801e63bd9", "number": "3055140918", "date": "2021-01-23 01:49:18", "subject": "3", "recorded-or-robo": "Y", "city": "", "state": "FL", "area-code": "305"}, {"id": "e81c9350d54f66c6d33b3747eec55d0c", "number": "8082903465", "date": "2021-01-22 14:34:00", "subject": "1", "recorded-or-robo": "Y", "city": "Kihei", "state": "HI", "area-code": "808"}, {"id": "1d36742e3f24f50e4e7ae828015a988e", "number": "8082903465", "date": "2021-01-22 14:34:00", "subject": "1", "recorded-or-robo": "Y", "city": "Kihei", "state": "HI", "area-code": "808"}, {"id": "3decc6bfadaa436a105714c6ba5073c8", "number": "3056405836", "date": "2021-01-23 01:44:18", "subject": "3", "recorded-or-robo": "N", "city": "", "state": "FL", "area-code": "305"}, {"id": "1d36742e3f24f50e4e7ae82801e619ae", "number": "3056405836", "date": "2021-01-23 01:44:18", "subject": "3", "recorded-or-robo": "N", "city": "", "state": "FL", "area-code": "305"}, {"id": "e81c9350d54f66c6d33b3747eec55a76", "number": "6157488185", "date": "2021-01-22 00:00:00", "subject": "2", "recorded-or-robo": "N", "city": "Spokane", "state": "TN", "area-code": "615"}, {"id": "1d36742e3f24f50e4e7ae828015a8c65", "number": "6157488185", "date": "2021-01-22 00:00:00", "subject": "2", "recorded-or-robo": "N", "city": "Spokane", "state": "TN", "area-code": "615"}, {"id": "3decc6bfadaa436a105714c6ba507164", "number": "2693094443", "date": "2021-01-23 01:43:23", "subject": "3", "recorded-or-robo": "Y", "city": "", "state": "MI", "area-code": "313"}, {"id": "1d36742e3f24f50e4e7ae82801e60e8b", "number": "2693094443", "date": "2021-01-23 01:43:23", "subject": "3", "recorded-or-robo": "Y", "city": "", "state": "MI", "area-code": "313"}, {"id": "3decc6bfadaa436a105714c6ba506e1b", "number": "2693094443", "date": "2021-01-23 01:43:11", "subject": "3", "recorded-or-robo": "Y", "city": "", "state": "MI", "area-code": "313"}]}