{"data": [{"id": "1d36742e3f24f50e4e7ae828011f5868", "number": "3864737604", "date": "2021-01-22 11:31:00", "subject": "2", "recorded-or-robo": "Y", "city": "Lake Suzy", "state": "FL", "area-code": "941"}, {"id": "e81c9350d54f66c6d33b3747ee899e51", "number": "8665270367", "date": "2021-01-22 19:40:00", "subject": "11", "recorded-or-robo": "Y", "city": "", "state": "MO", "area-code": "314"}, {"id": "1d36742e3f24f50e4e7ae828011f5475", "number": "8665270367", "date": "2021-01-22 19:40:00", "subject": "11", "recorded-or-robo": "Y", "city": "", "state": "MO", "area-code": "314"}, {"id": "e81c9350d54f66c6d33b3747ee8991e7", "number": "8136862527", "date": "2021-01-11 11:52:00", "subject": "2", "recorded-or-robo": "Y", "city": "TAMPA", "state": "FL", "area-code": "813"}, {"id": "1d36742e3f24f50e4e7ae828011f4fab", "number": "8136862527", "date": "2021-01-11 11:52:00", "subject": "2", "recorded-or-robo": "Y", "city": "TAMPA", "state": "FL", "area-code": "813"}, {"id": "e81c9350d54f66c6d33b3747ee8987f8", "number": "243840313032", "date": "2021-01-22 17:14:00", "subject": "0", "recorded-or-robo": "N", "city": "Kennewick", "state": "WA", "area-code": "509"}, {"id": "e81c9350d54f66c6d33b3747ee8987d5", "number": "6183057554", "date": "2021-01-22 07:00:00", "subject": "3", "recorded-or-robo": "Y", "city": "", "state": "IL", "area-code": "618"}, {"id": "1d36742e3f24f50e4e7ae828011f4c66", "number": "243840313032", "date": "2021-01-22 17:14:00", "subject": "0", "recorded-or-robo": "N", "city": "Kennewick", "state": "WA", "area-code": "509"}, {"id": "1d36742e3f24f50e4e7ae828011f402c", "number": "6183057554", "date": "2021-01-22 07:00:00", "subject": "3", "recorded-or-robo": "Y", "city": "", "state": "IL", "area-code": "618"}, {"id": "e81c9350d54f66c6d33b3747ee8984dc", "number": "6614028521", "date": "2021-01-12 16:11:00", "subject": "2", "recorded-or-robo": "Y", "city": "Yucca Valley", "state": "CA", "area-code": "760"}, {"id": "1d36742e3f24f50e4e7ae828011f3737", "number": "6614028521", "date": "2021-01-12 16:11:00", "subject": "2", "recorded-or-robo": "Y", "city": "Yucca Valley", "state": "CA", "area-code": "760"}, {"id": "e81c9350d54f66c6d33b3747ee897c8a", "number": "6146652034", "date": "2021-01-22 13:01:00", "subject": "2", "recorded-or-robo": "Y", "city": "Nanuet", "state": "NY", "area-code": "917"}, {"id": "1d36742e3f24f50e4e7ae828011f3406", "number": "6146652034", "date": "2021-01-22 13:01:00", "subject": "2", "recorded-or-robo": "Y", "city": "Nanuet", "state": "NY", "area-code": "917"}, {"id": "e81c9350d54f66c6d33b3747eeb17c4b", "number": "2135145030", "date": "2021-01-22 21:10:47", "subject": "3", "recorded-or-robo": "Y", "city": "", "state": "MA", "area-code": "413"}, {"id": "1d36742e3f24f50e4e7ae82801466340", "number": "2135145030", "date": "2021-01-22 21:10:47", "subject": "3", "recorded-or-robo": "Y", "city": "", "state": "MA", "area-code": "413"}, {"id": "e81c9350d54f66c6d33b3747eeb22529", "number": "+18039061258", "date": "2021-01-22 21:10:46", "subject": "3", "recorded-or-robo": "N", "city": "", "state": "ID", "area-code": "208"}, {"id": "1d36742e3f24f50e4e7ae8280146f024", "number": "+18039061258", "date": "2021-01-22 21:10:46", "subject": "3", "recorded-or-robo": "N", "city": "", "state": "ID", "area-code": "208"}, {"id": "e81c9350d54f66c6d33b3747ee89789c", "number": "9413486258", "date": "2021-01-22 12:15:00", "subject": "2", "recorded-or-robo": "Y", "city": "Lake Suzy", "state": "FL", "area-code": "941"}, {"id": "1d36742e3f24f50e4e7ae828011f2961", "number": "9413486258", "date": "2021-01-22 12:15:00", "subject": "2", "recorded-or-robo": "Y", "city": "Lake Suzy", "state": "FL", "area-code": "941"}, {"id": "e81c9350d54f66c6d33b3747ee8974a3", "number": "9418003833", "date": "2021-01-22 13:25:00", "subject": "2", "recorded-or-robo": "Y", "city": "Lake Suzy", "state": "FL", "area-code": "941"}, {"id": "1d36742e3f24f50e4e7ae828011f20c0", "number": "9418003833", "date": "2021-01-22 13:25:00", "subject": "2", "recorded-or-robo": "Y", "city": "Lake Suzy", "state": "FL", "area-code": "941"}, {"id": "e81c9350d54f66c6d33b3747eeb2261a", "number": "+16292629798", "date": "2021-01-22 21:09:56", "subject": "3", "recorded-or-robo": "Y", "city": "", "state": "TN", "area-code": "615"}, {"id": "1d36742e3f24f50e4e7ae8280146f0bd", "number": "+16292629798", "date": "2021-01-22 21:09:56", "subject": "3", "recorded-or-robo": "Y", "city": "", "state": "TN", "area-code": "615"}, {"id": "e81c9350d54f66c6d33b3747eeb1dcd3", "number": "+12142104176", "date": "2021-01-22 21:09:54", "subject": "3", "recorded-or-robo": "Y", "city": "", "state": "TX", "area-code": "214"}, {"id": "1d36742e3f24f50e4e7ae8280146c3fa", "number": "+12142104176", "date": "2021-01-22 21:09:54", "subject": "3", "recorded-or-robo": "Y", "city": "", "state": "TX", "area-code": "214"}, {"id": "e81c9350d54f66c6d33b3747eeb20d39", "number": "8475970167", "date": "2021-01-22 21:09:51", "subject": "3", "recorded-or-robo": "Y", "city": "", "state": "IL", "area-code": "847"}, {"id": "1d36742e3f24f50e4e7ae8280146e2b0", "number": "8475970167", "date": "2021-01-22 21:09:51", "subject": "3", "recorded-or-robo": "Y", "city": "", "state": "IL", "area-code": "847"}, {"id": "e81c9350d54f66c6d33b3747ee896abb", "number": "7607776281", "date": "2021-01-20 12:32:00", "subject": "2", "recorded-or-robo": "Y", "city": "Yucca Valley", "state": "CA", "area-code": "760"}, {"id": "1d36742e3f24f50e4e7ae828011f17ce", "number": "7607776281", "date": "2021-01-20 12:32:00", "subject": "2", "recorded-or-robo": "Y", "city": "Yucca Valley", "state": "CA", "area-code": "760"}, {"id": "e81c9350d54f66c6d33b3747ee89601d", "number": "2032528462", "date": "2021-01-22 13:40:00", "subject": "2", "recorded-or-robo": "N", "city": "Aledo", "state": "IL", "area-code": "309"}, {"id": "1d36742e3f24f50e4e7ae828011f090e", "number": "2032528462", "date": "2021-01-22 13:40:00", "subject": "2", "recorded-or-robo": "N", "city": "Aledo", "state": "IL", "area-code": "309"}, {"id": "e81c9350d54f66c6d33b3747ee895f30", "number": "9095000843", "date": "2021-01-22 08:15:00", "subject": "4", "recorded-or-robo": "Y", "city": "", "state": "CA", "area-code": "760"}, {"id": "1d36742e3f24f50e4e7ae828011f05b8", "number": "9095000843", "date": "2021-01-22 08:15:00", "subject": "4", "recorded-or-robo": "Y", "city": "", "state": "CA", "area-code": "760"}, {"id": "e81c9350d54f66c6d33b3747ee89543a", "number": "9413486427", "date": "2021-01-22 17:12:00", "subject": "2", "recorded-or-robo": "Y", "city": "Lake Suzy", "state": "FL", "area-code": "941"}, {"id": "1d36742e3f24f50e4e7ae828011f03bc", "number": "9413486427", "date": "2021-01-22 17:12:00", "subject": "2", "recorded-or-robo": "Y", "city": "Lake Suzy", "state": "FL", "area-code": "941"}, {"id": "e81c9350d54f66c6d33b3747eeb201a7", "number": "6624595901", "date": "2021-01-22 21:09:13", "subject": "3", "recorded-or-robo": "Y", "city": "", "state": "NY", "area-code": "718"}, {"id": "1d36742e3f24f50e4e7ae8280146d968", "number": "6624595901", "date": "2021-01-22 21:09:13", "subject": "3", "recorded-or-robo": "Y", "city": "", "state": "NY", "area-code": "718"}, {"id": "e81c9350d54f66c6d33b3747eec719f3", "number": "2438403133", "date": "2020-01-22 00:00:00", "subject": "3", "recorded-or-robo": "Y", "city": "", "state": "TN", "area-code": "865"}, {"id": "1d36742e3f24f50e4e7ae828015c5ec5", "number": "2438403133", "date": "2020-01-22 00:00:00", "subject": "3", "recorded-or-robo": "Y", "city": "", "state": "TN", "area-code": "865"}, {"id": "e81c9350d54f66c6d33b3747ee894969", "number": "", "date": "2021-01-21 13:32:00", "subject": "3", "recorded-or-robo": "Y", "city": "", "state": "AL", "area-code": "334"}, {"id": "1d36742e3f24f50e4e7ae828011efd74", "number": "", "date": "2021-01-21 13:32:00", "subject": "3", "recorded-or-robo": "Y", "city": "", "state": "AL", "area-code": "334"}, {"id": "e81c9350d54f66c6d33b3747ee89494f", "number": "8139078363", "date": "2021-01-11 12:02:00", "subject": "2", "recorded-or-robo": "Y", "city": "TAMPA", "state": "FL", "area-code": "813"}, {"id": "1d36742e3f24f50e4e7ae828011ef2ce", "number": "8139078363", "date": "2021-01-11 12:02:00", "subject": "2", "recorded-or-robo": "Y", "city": "TAMPA", "state": "FL", "area-code": "813"}, {"id": "e81c9350d54f66c6d33b3747ee8940b2", "number": "8662075039", "date": "2021-01-22 02:30:00", "subject": "12", "recorded-or-robo": "Y", "city": "MEMPHIS", "state": "TN", "area-code": "901"}, {"id": "1d36742e3f24f50e4e7ae828011ee8b0", "number": "8662075039", "date": "2021-01-22 02:30:00", "subject": "12", "recorded-or-robo": "Y", "city": "MEMPHIS", "state": "TN", "area-code": "901"}, {"id": "e81c9350d54f66c6d33b3747eeb1b54d", "number": "8475510496", "date": "2021-01-22 21:08:56", "subject": "3", "recorded-or-robo": "Y", "city": "", "state": "IL", "area-code": "847"}, {"id": "1d36742e3f24f50e4e7ae8280146a80b", "number": "8475510496", "date": "2021-01-22 21:08:56", "subject": "3", "recorded-or-robo": "Y", "city": "", "state": "IL", "area-code": "847"}, {"id": "e81c9350d54f66c6d33b3747eeb1f88b", "number": "+12034578100", "date": "2021-01-22 21:08:55", "subject": "3", "recorded-or-robo": "Y", "city": "", "state": "CT", "area-code": "203"}, {"id": "1d36742e3f24f50e4e7ae8280146d489", "number": "+12034578100", "date": "2021-01-22 21:08:55", "subject": "3", "recorded-or-robo": "Y", "city": "", "state": "CT", "area-code": "203"}, {"id": "e81c9350d54f66c6d33b3747ee893850", "number": "2314564", "date": "2021-01-22 10:33:00", "subject": "2", "recorded-or-robo": "Y", "city": "Jonestown", "state": "TX", "area-code": "512"}]}