{"data": [{"id": "1d36742e3f24f50e4e7ae828015b4da0", "number": "4083320987", "date": "2021-01-22 13:57:00", "subject": "15", "recorded-or-robo": "Y", "city": "Saratoga", "state": "CA", "area-code": "408"}, {"id": "e81c9350d54f66c6d33b3747eec60133", "number": "", "date": "2021-01-23 02:34:00", "subject": "0", "recorded-or-robo": "Y", "city": "hanover", "state": "MD", "area-code": "443"}, {"id": "1d36742e3f24f50e4e7ae828015b46a3", "number": "", "date": "2021-01-23 02:34:00", "subject": "0", "recorded-or-robo": "Y", "city": "hanover", "state": "MD", "area-code": "443"}, {"id": "3decc6bfadaa436a105714c6ba51b45c", "number": "+13153001267", "date": "2021-01-23 02:46:51", "subject": "3", "recorded-or-robo": "N", "city": "", "state": "IL", "area-code": "331"}, {"id": "1d36742e3f24f50e4e7ae82801e7b0d1", "number": "+13153001267", "date": "2021-01-23 02:46:51", "subject": "3", "recorded-or-robo": "N", "city": "", "state": "IL", "area-code": "331"}, {"id": "3decc6bfadaa436a105714c6ba51b296", "number": "2055472371", "date": "2021-01-23 02:45:15", "subject": "3", "recorded-or-robo": "Y", "city": "", "state": "AL", "area-code": "256"}, {"id": "1d36742e3f24f50e4e7ae82801e7ae2a", "number": "2055472371", "date": "2021-01-23 02:45:15", "subject": "3", "recorded-or-robo": "Y", "city": "", "state": "AL", "area-code": "256"}, {"id": "3decc6bfadaa436a105714c6ba51beab", "number": "9102574362", "date": "2021-01-23 02:43:53", "subject": "3", "recorded-or-robo": "N", "city": "", "state": "FL", "area-code": "850"}, {"id": "1d36742e3f24f50e4e7ae82801e7c129", "number": "9102574362", "date": "2021-01-23 02:43:53", "subject": "3", "recorded-or-robo": "N", "city": "", "state": "FL", "area-code": "850"}, {"id": "3decc6bfadaa436a105714c6ba51a5e6", "number": "9102574362", "date": "2021-01-23 02:43:52", "subject": "3", "recorded-or-robo": "N", "city": "", "state": "FL", "area-code": "850"}, {"id": "1d36742e3f24f50e4e7ae82801e79ffe", "number": "9102574362", "date": "2021-01-23 02:43:52", "subject": "3", "recorded-or-robo": "N", "city": "", "state": "FL", "area-code": "850"}, {"id": "3decc6bfadaa436a105714c6ba51b61e", "number": "9842017188", "date": "2021-01-23 02:42:46", "subject": "3", "recorded-or-robo": "N", "city": "", "state": "AZ", "area-code": "480"}, {"id": "1d36742e3f24f50e4e7ae82801e7b22f", "number": "9842017188", "date": "2021-01-23 02:42:46", "subject": "3", "recorded-or-robo": "N", "city": "", "state": "AZ", "area-code": "480"}, {"id": "3decc6bfadaa436a105714c6ba51967d", "number": "+14022744596", "date": "2021-01-23 02:39:04", "subject": "3", "recorded-or-robo": "Y", "city": "", "state": "TX", "area-code": "469"}, {"id": "1d36742e3f24f50e4e7ae82801e790b9", "number": "+14022744596", "date": "2021-01-23 02:39:04", "subject": "3", "recorded-or-robo": "Y", "city": "", "state": "TX", "area-code": "469"}, {"id": "3decc6bfadaa436a105714c6ba51a52e", "number": "9042818959", "date": "2021-01-23 02:38:31", "subject": "3", "recorded-or-robo": "Y", "city": "", "state": "FL", "area-code": "954"}, {"id": "1d36742e3f24f50e4e7ae82801e79fc8", "number": "9042818959", "date": "2021-01-23 02:38:31", "subject": "3", "recorded-or-robo": "Y", "city": "", "state": "FL", "area-code": "954"}, {"id": "3decc6bfadaa436a105714c6ba5183d7", "number": "7652005668", "date": "2021-01-23 02:38:01", "subject": "3", "recorded-or-robo": "Y", "city": "", "state": "LA", "area-code": "318"}, {"id": "1d36742e3f24f50e4e7ae82801e7723c", "number": "7652005668", "date": "2021-01-23 02:38:01", "subject": "3", "recorded-or-robo": "Y", "city": "", "state": "LA", "area-code": "318"}, {"id": "3decc6bfadaa436a105714c6ba518c02", "number": "+15039144411", "date": "2021-01-23 02:37:33", "subject": "3", "recorded-or-robo": "N", "city": "", "state": "OR", "area-code": "503"}, {"id": "1d36742e3f24f50e4e7ae82801e78f67", "number": "+15039144411", "date": "2021-01-23 02:37:33", "subject": "3", "recorded-or-robo": "N", "city": "", "state": "OR", "area-code": "503"}, {"id": "3decc6bfadaa436a105714c6ba5188d0", "number": "3364778232", "date": "2021-01-23 02:36:44", "subject": "3", "recorded-or-robo": "N", "city": "", "state": "NC", "area-code": "336"}, {"id": "1d36742e3f24f50e4e7ae82801e780ac", "number": "3364778232", "date": "2021-01-23 02:36:44", "subject": "3", "recorded-or-robo": "N", "city": "", "state": "NC", "area-code": "336"}, {"id": "3decc6bfadaa436a105714c6ba51659f", "number": "8653283589", "date": "2021-01-23 02:35:32", "subject": "3", "recorded-or-robo": "Y", "city": "", "state": "TN", "area-code": "423"}, {"id": "1d36742e3f24f50e4e7ae82801e7407d", "number": "8653283589", "date": "2021-01-23 02:35:32", "subject": "3", "recorded-or-robo": "Y", "city": "", "state": "TN", "area-code": "423"}, {"id": "3decc6bfadaa436a105714c6ba516d7d", "number": "6156378365", "date": "2021-01-23 02:35:17", "subject": "3", "recorded-or-robo": "Y", "city": "", "state": "TN", "area-code": "423"}, {"id": "1d36742e3f24f50e4e7ae82801e74348", "number": "6156378365", "date": "2021-01-23 02:35:17", "subject": "3", "recorded-or-robo": "Y", "city": "", "state": "TN", "area-code": "423"}, {"id": "3decc6bfadaa436a105714c6ba517ba4", "number": "6154882211", "date": "2021-01-23 02:34:49", "subject": "3", "recorded-or-robo": "Y", "city": "", "state": "TN", "area-code": "423"}, {"id": "1d36742e3f24f50e4e7ae82801e763a5", "number": "6154882211", "date": "2021-01-23 02:34:49", "subject": "3", "recorded-or-robo": "Y", "city": "", "state": "TN", "area-code": "423"}, {"id": "3decc6bfadaa436a105714c6ba51747b", "number": "+17278582305", "date": "2021-01-23 02:32:40", "subject": "3", "recorded-or-robo": "Y", "city": "", "state": "FL", "area-code": "352"}, {"id": "1d36742e3f24f50e4e7ae82801e7567c", "number": "+17278582305", "date": "2021-01-23 02:32:40", "subject": "3", "recorded-or-robo": "Y", "city": "", "state": "FL", "area-code": "352"}, {"id": "e81c9350d54f66c6d33b3747eec5f85f", "number": "2434467904", "date": "2021-01-22 13:46:00", "subject": "1", "recorded-or-robo": "Y", "city": "New York", "state": "NY", "area-code": "212"}, {"id": "1d36742e3f24f50e4e7ae828015b3790", "number": "2434467904", "date": "2021-01-22 13:46:00", "subject": "1", "recorded-or-robo": "Y", "city": "New York", "state": "NY", "area-code": "212"}, {"id": "3decc6bfadaa436a105714c6ba517380", "number": "5413144482", "date": "2021-01-23 02:32:11", "subject": "3", "recorded-or-robo": "Y", "city": "", "state": "OR", "area-code": "503"}, {"id": "1d36742e3f24f50e4e7ae82801e74dd8", "number": "5413144482", "date": "2021-01-23 02:32:11", "subject": "3", "recorded-or-robo": "Y", "city": "", "state": "OR", "area-code": "503"}, {"id": "e81c9350d54f66c6d33b3747eec5f491", "number": "2028367696", "date": "2021-01-22 11:45:00", "subject": "4", "recorded-or-robo": "N", "city": "", "state": "Do", "area-code": "202"}, {"id": "1d36742e3f24f50e4e7ae828015b2af4", "number": "2028367696", "date": "2021-01-22 11:45:00", "subject": "4", "recorded-or-robo": "N", "city": "", "state": "Do", "area-code": "202"}, {"id": "3decc6bfadaa436a105714c6ba514a23", "number": "+15612375415", "date": "2021-01-23 02:29:52", "subject": "3", "recorded-or-robo": "N", "city": "", "state": "FL", "area-code": "352"}, {"id": "1d36742e3f24f50e4e7ae82801e71f34", "number": "+15612375415", "date": "2021-01-23 02:29:52", "subject": "3", "recorded-or-robo": "N", "city": "", "state": "FL", "area-code": "352"}, {"id": "3decc6bfadaa436a105714c6ba515d4e", "number": "9514625895", "date": "2021-01-23 02:29:11", "subject": "3", "recorded-or-robo": "N", "city": "", "state": "CA", "area-code": "951"}, {"id": "1d36742e3f24f50e4e7ae82801e73d9e", "number": "9514625895", "date": "2021-01-23 02:29:11", "subject": "3", "recorded-or-robo": "N", "city": "", "state": "CA", "area-code": "951"}, {"id": "3decc6bfadaa436a105714c6ba5164f7", "number": "+18328795536", "date": "2021-01-23 02:27:56", "subject": "3", "recorded-or-robo": "Y", "city": "", "state": "TX", "area-code": "682"}, {"id": "1d36742e3f24f50e4e7ae82801e73eca", "number": "+18328795536", "date": "2021-01-23 02:27:56", "subject": "3", "recorded-or-robo": "Y", "city": "", "state": "TX", "area-code": "682"}, {"id": "3decc6bfadaa436a105714c6ba5156ee", "number": "6187686855", "date": "2021-01-23 02:27:40", "subject": "3", "recorded-or-robo": "Y", "city": "", "state": "IL", "area-code": "847"}, {"id": "1d36742e3f24f50e4e7ae82801e72e8e", "number": "6187686855", "date": "2021-01-23 02:27:40", "subject": "3", "recorded-or-robo": "Y", "city": "", "state": "IL", "area-code": "847"}, {"id": "3decc6bfadaa436a105714c6ba514923", "number": "+12076192634", "date": "2021-01-23 02:27:39", "subject": "3", "recorded-or-robo": "Y", "city": "", "state": "TN", "area-code": "615"}, {"id": "1d36742e3f24f50e4e7ae82801e71ccd", "number": "+12076192634", "date": "2021-01-23 02:27:39", "subject": "3", "recorded-or-robo": "Y", "city": "", "state": "TN", "area-code": "615"}, {"id": "e81c9350d54f66c6d33b3747eec5e847", "number": "9292435536", "date": "2021-01-22 14:40:00", "subject": "1", "recorded-or-robo": "N", "city": "San jose", "state": "CA", "area-code": "408"}, {"id": "1d36742e3f24f50e4e7ae828015b1cbd", "number": "9292435536", "date": "2021-01-22 14:40:00", "subject": "1", "recorded-or-robo": "N", "city": "San jose", "state": "CA", "area-code": "408"}, {"id": "3decc6bfadaa436a105714c6ba515503", "number": "+12019072061", "date": "2021-01-23 02:26:29", "subject": "3", "recorded-or-robo": "Y", "city": "", "state": "NJ", "area-code": "201"}]}