{"data": [{"id": "1d36742e3f24f50e4e7ae8280169b139", "number": "7187054839", "date": "2021-01-20 14:12:00", "subject": "2", "recorded-or-robo": "Y", "city": "BROOKLYN", "state": "NY", "area-code": "718"}, {"id": "e81c9350d54f66c6d33b3747eed4a9a3", "number": "12219142600430", "date": "2021-01-22 19:14:00", "subject": "2", "recorded-or-robo": "Y", "city": "", "state": "NY", "area-code": "631"}, {"id": "1d36742e3f24f50e4e7ae8280169a615", "number": "12219142600430", "date": "2021-01-22 19:14:00", "subject": "2", "recorded-or-robo": "Y", "city": "", "state": "NY", "area-code": "631"}, {"id": "e81c9350d54f66c6d33b3747eed49af1", "number": "4806906539", "date": "2021-01-21 00:00:00", "subject": "2", "recorded-or-robo": "", "city": "", "state": "CA", "area-code": "951"}, {"id": "1d36742e3f24f50e4e7ae8280169a064", "number": "4806906539", "date": "2021-01-21 00:00:00", "subject": "2", "recorded-or-robo": "", "city": "", "state": "CA", "area-code": "951"}, {"id": "e81c9350d54f66c6d33b3747eed4993a", "number": "7144026196", "date": "2021-01-23 00:00:00", "subject": "6", "recorded-or-robo": "N", "city": "", "state": "CA", "area-code": "949"}, {"id": "1d36742e3f24f50e4e7ae82801699e31", "number": "7144026196", "date": "2021-01-23 00:00:00", "subject": "6", "recorded-or-robo": "N", "city": "", "state": "CA", "area-code": "949"}, {"id": "e81c9350d54f66c6d33b3747eed48dce", "number": "9735668899", "date": "2021-01-20 10:30:00", "subject": "2", "recorded-or-robo": "Y", "city": "BROOKLYN", "state": "NY", "area-code": "718"}, {"id": "1d36742e3f24f50e4e7ae82801699a26", "number": "9735668899", "date": "2021-01-20 10:30:00", "subject": "2", "recorded-or-robo": "Y", "city": "BROOKLYN", "state": "NY", "area-code": "718"}, {"id": "e81c9350d54f66c6d33b3747eed47e26", "number": "7188631089", "date": "2021-01-19 18:06:00", "subject": "2", "recorded-or-robo": "Y", "city": "BROOKLYN", "state": "NY", "area-code": "718"}, {"id": "1d36742e3f24f50e4e7ae82801698df5", "number": "7188631089", "date": "2021-01-19 18:06:00", "subject": "2", "recorded-or-robo": "Y", "city": "BROOKLYN", "state": "NY", "area-code": "718"}, {"id": "e81c9350d54f66c6d33b3747eed4799e", "number": "12309185220208", "date": "2021-01-23 09:19:00", "subject": "8", "recorded-or-robo": "Y", "city": "", "state": "NY", "area-code": "631"}, {"id": "1d36742e3f24f50e4e7ae82801698276", "number": "12309185220208", "date": "2021-01-23 09:19:00", "subject": "8", "recorded-or-robo": "Y", "city": "", "state": "NY", "area-code": "631"}, {"id": "e81c9350d54f66c6d33b3747eed474fe", "number": "7088757697", "date": "2021-01-18 10:26:00", "subject": "0", "recorded-or-robo": "N", "city": "Orland Park", "state": "IL", "area-code": "708"}, {"id": "1d36742e3f24f50e4e7ae8280169746d", "number": "7088757697", "date": "2021-01-18 10:26:00", "subject": "0", "recorded-or-robo": "N", "city": "Orland Park", "state": "IL", "area-code": "708"}, {"id": "e81c9350d54f66c6d33b3747eed46d3e", "number": "7183367717", "date": "2021-01-19 21:46:00", "subject": "2", "recorded-or-robo": "Y", "city": "BROOKLYN", "state": "NY", "area-code": "718"}, {"id": "1d36742e3f24f50e4e7ae8280169707a", "number": "7183367717", "date": "2021-01-19 21:46:00", "subject": "2", "recorded-or-robo": "Y", "city": "BROOKLYN", "state": "NY", "area-code": "718"}, {"id": "e81c9350d54f66c6d33b3747eed46990", "number": "7157359783", "date": "2021-01-23 07:40:00", "subject": "2", "recorded-or-robo": "N", "city": "Marinette", "state": "WI", "area-code": "715"}, {"id": "1d36742e3f24f50e4e7ae82801696ae5", "number": "7157359783", "date": "2021-01-23 07:40:00", "subject": "2", "recorded-or-robo": "N", "city": "Marinette", "state": "WI", "area-code": "715"}, {"id": "e81c9350d54f66c6d33b3747eed45fb9", "number": "3013487265", "date": "2021-01-23 08:06:00", "subject": "2", "recorded-or-robo": "Y", "city": "", "state": "MD", "area-code": "301"}, {"id": "1d36742e3f24f50e4e7ae828016967c4", "number": "3013487265", "date": "2021-01-23 08:06:00", "subject": "2", "recorded-or-robo": "Y", "city": "", "state": "MD", "area-code": "301"}, {"id": "e81c9350d54f66c6d33b3747eed45bda", "number": "5404617616", "date": "2021-01-23 09:23:00", "subject": "7", "recorded-or-robo": "N", "city": "The Plains", "state": "VA", "area-code": "540"}, {"id": "1d36742e3f24f50e4e7ae82801695cda", "number": "5404617616", "date": "2021-01-23 09:23:00", "subject": "7", "recorded-or-robo": "N", "city": "The Plains", "state": "VA", "area-code": "540"}, {"id": "e81c9350d54f66c6d33b3747eed45941", "number": "8134991378", "date": "2021-01-23 09:18:00", "subject": "2", "recorded-or-robo": "N", "city": "Summerfield", "state": "FL", "area-code": "352"}, {"id": "1d36742e3f24f50e4e7ae82801695c29", "number": "8134991378", "date": "2021-01-23 09:18:00", "subject": "2", "recorded-or-robo": "N", "city": "Summerfield", "state": "FL", "area-code": "352"}, {"id": "e81c9350d54f66c6d33b3747eed45782", "number": "7144026196", "date": "2021-01-23 05:17:00", "subject": "2", "recorded-or-robo": "N", "city": "", "state": "CA", "area-code": "949"}, {"id": "1d36742e3f24f50e4e7ae82801695711", "number": "7144026196", "date": "2021-01-23 05:17:00", "subject": "2", "recorded-or-robo": "N", "city": "", "state": "CA", "area-code": "949"}, {"id": "e81c9350d54f66c6d33b3747eed44c11", "number": "7166540146", "date": "2021-01-22 19:54:00", "subject": "5", "recorded-or-robo": "Y", "city": "Rochester", "state": "NY", "area-code": "585"}, {"id": "1d36742e3f24f50e4e7ae82801695511", "number": "7166540146", "date": "2021-01-22 19:54:00", "subject": "5", "recorded-or-robo": "Y", "city": "Rochester", "state": "NY", "area-code": "585"}, {"id": "e81c9350d54f66c6d33b3747eed4409c", "number": "3478517539", "date": "2021-01-18 15:04:00", "subject": "2", "recorded-or-robo": "Y", "city": "BROOKLYN", "state": "NY", "area-code": "718"}, {"id": "1d36742e3f24f50e4e7ae82801694eba", "number": "3478517539", "date": "2021-01-18 15:04:00", "subject": "2", "recorded-or-robo": "Y", "city": "BROOKLYN", "state": "NY", "area-code": "718"}, {"id": "e81c9350d54f66c6d33b3747eed43744", "number": "2123366527", "date": "2021-01-21 17:12:00", "subject": "5", "recorded-or-robo": "Y", "city": "Rochester", "state": "NY", "area-code": "585"}, {"id": "1d36742e3f24f50e4e7ae82801694985", "number": "2123366527", "date": "2021-01-21 17:12:00", "subject": "5", "recorded-or-robo": "Y", "city": "Rochester", "state": "NY", "area-code": "585"}, {"id": "e81c9350d54f66c6d33b3747eed42d7c", "number": "8633238044", "date": "2021-01-13 11:08:00", "subject": "4", "recorded-or-robo": "Y", "city": "Fort Pierce", "state": "FL", "area-code": "863"}, {"id": "1d36742e3f24f50e4e7ae8280169490b", "number": "8633238044", "date": "2021-01-13 11:08:00", "subject": "4", "recorded-or-robo": "Y", "city": "Fort Pierce", "state": "FL", "area-code": "863"}, {"id": "e81c9350d54f66c6d33b3747eed4230e", "number": "7184443850", "date": "2021-01-15 16:22:00", "subject": "2", "recorded-or-robo": "Y", "city": "BROOKLYN", "state": "NY", "area-code": "718"}, {"id": "1d36742e3f24f50e4e7ae8280169415a", "number": "7184443850", "date": "2021-01-15 16:22:00", "subject": "2", "recorded-or-robo": "Y", "city": "BROOKLYN", "state": "NY", "area-code": "718"}, {"id": "e81c9350d54f66c6d33b3747eed40bb5", "number": "8139124480", "date": "2021-01-22 19:48:00", "subject": "3", "recorded-or-robo": "N", "city": "", "state": "FL", "area-code": "813"}, {"id": "1d36742e3f24f50e4e7ae828016936fa", "number": "8139124480", "date": "2021-01-22 19:48:00", "subject": "3", "recorded-or-robo": "N", "city": "", "state": "FL", "area-code": "813"}, {"id": "e81c9350d54f66c6d33b3747eed413a2", "number": "7659949950", "date": "2021-01-21 18:41:00", "subject": "5", "recorded-or-robo": "Y", "city": "Rochester", "state": "NY", "area-code": "585"}, {"id": "1d36742e3f24f50e4e7ae82801693be6", "number": "7659949950", "date": "2021-01-21 18:41:00", "subject": "5", "recorded-or-robo": "Y", "city": "Rochester", "state": "NY", "area-code": "585"}, {"id": "e81c9350d54f66c6d33b3747eed409cf", "number": "7322345786", "date": "2021-01-21 19:32:00", "subject": "4", "recorded-or-robo": "Y", "city": "howell", "state": "NJ", "area-code": "732"}, {"id": "1d36742e3f24f50e4e7ae82801692bc8", "number": "7322345786", "date": "2021-01-21 19:32:00", "subject": "4", "recorded-or-robo": "Y", "city": "howell", "state": "NJ", "area-code": "732"}, {"id": "e81c9350d54f66c6d33b3747eed405fb", "number": "2488265916", "date": "2021-01-23 08:44:00", "subject": "0", "recorded-or-robo": "Y", "city": "Clarkston", "state": "MI", "area-code": "248"}, {"id": "1d36742e3f24f50e4e7ae828016925d1", "number": "2488265916", "date": "2021-01-23 08:44:00", "subject": "0", "recorded-or-robo": "Y", "city": "Clarkston", "state": "MI", "area-code": "248"}, {"id": "e81c9350d54f66c6d33b3747eed402fd", "number": "9179609356", "date": "2021-01-13 12:16:00", "subject": "2", "recorded-or-robo": "Y", "city": "BROOKLYN", "state": "NY", "area-code": "718"}, {"id": "1d36742e3f24f50e4e7ae828016916d9", "number": "9179609356", "date": "2021-01-13 12:16:00", "subject": "2", "recorded-or-robo": "Y", "city": "BROOKLYN", "state": "NY", "area-code": "718"}, {"id": "e81c9350d54f66c6d33b3747eed3f9b7", "number": "9093664126", "date": "2021-01-22 17:29:00", "subject": "3", "recorded-or-robo": "Y", "city": "", "state": "NC", "area-code": "252"}, {"id": "1d36742e3f24f50e4e7ae8280169075d", "number": "9093664126", "date": "2021-01-22 17:29:00", "subject": "3", "recorded-or-robo": "Y", "city": "", "state": "NC", "area-code": "252"}, {"id": "e81c9350d54f66c6d33b3747eed3ed1c", "number": "2137971606", "date": "2021-01-22 12:05:00", "subject": "2", "recorded-or-robo": "Y", "city": "Florence", "state": "AL", "area-code": "213"}]}