{"data": [{"id": "1d36742e3f24f50e4e7ae82801460529", "number": "2015958636", "date": "2021-01-22 21:04:16", "subject": "3", "recorded-or-robo": "Y", "city": "", "state": "NJ", "area-code": "201"}, {"id": "e81c9350d54f66c6d33b3747ee888c0d", "number": "8139628065", "date": "2021-01-18 14:06:00", "subject": "2", "recorded-or-robo": "Y", "city": "TAMPA", "state": "FL", "area-code": "813"}, {"id": "1d36742e3f24f50e4e7ae828011e4656", "number": "8139628065", "date": "2021-01-18 14:06:00", "subject": "2", "recorded-or-robo": "Y", "city": "TAMPA", "state": "FL", "area-code": "813"}, {"id": "e81c9350d54f66c6d33b3747ee88682b", "number": "8042076365", "date": "2021-01-22 19:55:00", "subject": "3", "recorded-or-robo": "N", "city": "", "state": "WI", "area-code": "715"}, {"id": "1d36742e3f24f50e4e7ae828011e2d7d", "number": "8042076365", "date": "2021-01-22 19:55:00", "subject": "3", "recorded-or-robo": "N", "city": "", "state": "WI", "area-code": "715"}, {"id": "e81c9350d54f66c6d33b3747ee888468", "number": "8302181994", "date": "2021-01-22 12:06:00", "subject": "2", "recorded-or-robo": "Y", "city": "Jonestown", "state": "TX", "area-code": "512"}, {"id": "1d36742e3f24f50e4e7ae828011e43bd", "number": "8302181994", "date": "2021-01-22 12:06:00", "subject": "2", "recorded-or-robo": "Y", "city": "Jonestown", "state": "TX", "area-code": "512"}, {"id": "e81c9350d54f66c6d33b3747ee88809d", "number": "109492006277", "date": "2021-01-21 08:50:00", "subject": "2", "recorded-or-robo": "Y", "city": "Yucca Valley", "state": "CA", "area-code": "760"}, {"id": "1d36742e3f24f50e4e7ae828011e36ee", "number": "109492006277", "date": "2021-01-21 08:50:00", "subject": "2", "recorded-or-robo": "Y", "city": "Yucca Valley", "state": "CA", "area-code": "760"}, {"id": "e81c9350d54f66c6d33b3747eeb07af4", "number": "+15756463038", "date": "2021-01-22 21:03:32", "subject": "3", "recorded-or-robo": "N", "city": "", "state": "NM", "area-code": "575"}, {"id": "1d36742e3f24f50e4e7ae82801457970", "number": "+15756463038", "date": "2021-01-22 21:03:32", "subject": "3", "recorded-or-robo": "N", "city": "", "state": "NM", "area-code": "575"}, {"id": "e81c9350d54f66c6d33b3747eeb144d2", "number": "2097574456", "date": "2021-01-22 21:03:23", "subject": "3", "recorded-or-robo": "Y", "city": "", "state": "CA", "area-code": "858"}, {"id": "1d36742e3f24f50e4e7ae828014619f7", "number": "2097574456", "date": "2021-01-22 21:03:23", "subject": "3", "recorded-or-robo": "Y", "city": "", "state": "CA", "area-code": "858"}, {"id": "e81c9350d54f66c6d33b3747eeb0c870", "number": "4245594592", "date": "2021-01-22 21:03:17", "subject": "3", "recorded-or-robo": "Y", "city": "", "state": "CA", "area-code": "714"}, {"id": "1d36742e3f24f50e4e7ae8280145bdfc", "number": "4245594592", "date": "2021-01-22 21:03:17", "subject": "3", "recorded-or-robo": "Y", "city": "", "state": "CA", "area-code": "714"}, {"id": "e81c9350d54f66c6d33b3747eeb09330", "number": "8175556802", "date": "2021-01-22 21:03:12", "subject": "3", "recorded-or-robo": "Y", "city": "", "state": "TX", "area-code": "817"}, {"id": "1d36742e3f24f50e4e7ae82801458a77", "number": "8175556802", "date": "2021-01-22 21:03:12", "subject": "3", "recorded-or-robo": "Y", "city": "", "state": "TX", "area-code": "817"}, {"id": "e81c9350d54f66c6d33b3747eeb124f6", "number": "7739165476", "date": "2021-01-22 21:03:11", "subject": "3", "recorded-or-robo": "N", "city": "", "state": "IL", "area-code": "773"}, {"id": "1d36742e3f24f50e4e7ae8280145e4f2", "number": "7739165476", "date": "2021-01-22 21:03:11", "subject": "3", "recorded-or-robo": "N", "city": "", "state": "IL", "area-code": "773"}, {"id": "e81c9350d54f66c6d33b3747eeb0a7d7", "number": "7739165476", "date": "2021-01-22 21:03:10", "subject": "3", "recorded-or-robo": "N", "city": "", "state": "IL", "area-code": "773"}, {"id": "1d36742e3f24f50e4e7ae8280145a02a", "number": "7739165476", "date": "2021-01-22 21:03:10", "subject": "3", "recorded-or-robo": "N", "city": "", "state": "IL", "area-code": "773"}, {"id": "e81c9350d54f66c6d33b3747ee885e6c", "number": "", "date": "2021-01-22 19:57:00", "subject": "9", "recorded-or-robo": "Y", "city": "Houston", "state": "TX", "area-code": "832"}, {"id": "1d36742e3f24f50e4e7ae828011e27d7", "number": "", "date": "2021-01-22 19:57:00", "subject": "9", "recorded-or-robo": "Y", "city": "Houston", "state": "TX", "area-code": "832"}, {"id": "e81c9350d54f66c6d33b3747eeb0cf8b", "number": "+18102098355", "date": "2021-01-22 21:02:52", "subject": "3", "recorded-or-robo": "Y", "city": "", "state": "MI", "area-code": "586"}, {"id": "1d36742e3f24f50e4e7ae8280145c153", "number": "+18102098355", "date": "2021-01-22 21:02:52", "subject": "3", "recorded-or-robo": "Y", "city": "", "state": "MI", "area-code": "586"}, {"id": "e81c9350d54f66c6d33b3747ee884e8e", "number": "4254391742", "date": "2021-01-06 07:49:00", "subject": "3", "recorded-or-robo": "Y", "city": "", "state": "WA", "area-code": "425"}, {"id": "1d36742e3f24f50e4e7ae828011e1c7f", "number": "4254391742", "date": "2021-01-06 07:49:00", "subject": "3", "recorded-or-robo": "Y", "city": "", "state": "WA", "area-code": "425"}, {"id": "e81c9350d54f66c6d33b3747eeb033ae", "number": "+16145853805", "date": "2021-01-22 21:02:36", "subject": "3", "recorded-or-robo": "Y", "city": "", "state": "OH", "area-code": "216"}, {"id": "1d36742e3f24f50e4e7ae82801453eb8", "number": "+16145853805", "date": "2021-01-22 21:02:36", "subject": "3", "recorded-or-robo": "Y", "city": "", "state": "OH", "area-code": "216"}, {"id": "e81c9350d54f66c6d33b3747ee88490d", "number": "7158797849", "date": "2021-01-22 12:19:00", "subject": "3", "recorded-or-robo": "Y", "city": "", "state": "WI", "area-code": "715"}, {"id": "1d36742e3f24f50e4e7ae828011e0eff", "number": "7158797849", "date": "2021-01-22 12:19:00", "subject": "3", "recorded-or-robo": "Y", "city": "", "state": "WI", "area-code": "715"}, {"id": "e81c9350d54f66c6d33b3747eeb07971", "number": "+15413209112", "date": "2021-01-22 21:02:16", "subject": "3", "recorded-or-robo": "Y", "city": "", "state": "TX", "area-code": "210"}, {"id": "1d36742e3f24f50e4e7ae82801456ff4", "number": "+15413209112", "date": "2021-01-22 21:02:16", "subject": "3", "recorded-or-robo": "Y", "city": "", "state": "TX", "area-code": "210"}, {"id": "e81c9350d54f66c6d33b3747eeb15e73", "number": "7028008397", "date": "2021-01-22 21:02:13", "subject": "3", "recorded-or-robo": "Y", "city": "", "state": "NV", "area-code": "702"}, {"id": "e81c9350d54f66c6d33b3747eeb12a42", "number": "8596948656", "date": "2021-01-22 21:02:13", "subject": "3", "recorded-or-robo": "Y", "city": "", "state": "KY", "area-code": "859"}, {"id": "1d36742e3f24f50e4e7ae8280146347e", "number": "7028008397", "date": "2021-01-22 21:02:13", "subject": "3", "recorded-or-robo": "Y", "city": "", "state": "NV", "area-code": "702"}, {"id": "1d36742e3f24f50e4e7ae8280145f072", "number": "8596948656", "date": "2021-01-22 21:02:13", "subject": "3", "recorded-or-robo": "Y", "city": "", "state": "KY", "area-code": "859"}, {"id": "e81c9350d54f66c6d33b3747eeb12b5d", "number": "9739639457", "date": "2021-01-22 21:02:10", "subject": "3", "recorded-or-robo": "Y", "city": "", "state": "FL", "area-code": "561"}, {"id": "1d36742e3f24f50e4e7ae8280145fa8f", "number": "9739639457", "date": "2021-01-22 21:02:10", "subject": "3", "recorded-or-robo": "Y", "city": "", "state": "FL", "area-code": "561"}, {"id": "e81c9350d54f66c6d33b3747ee884658", "number": "2134672081", "date": "2021-01-22 09:09:00", "subject": "9", "recorded-or-robo": "Y", "city": "Yucca Valley", "state": "CA", "area-code": "760"}, {"id": "1d36742e3f24f50e4e7ae828011e0803", "number": "2134672081", "date": "2021-01-22 09:09:00", "subject": "9", "recorded-or-robo": "Y", "city": "Yucca Valley", "state": "CA", "area-code": "760"}, {"id": "e81c9350d54f66c6d33b3747ee8840db", "number": "243840313772", "date": "2021-01-22 20:54:00", "subject": "0", "recorded-or-robo": "Y", "city": "Seymour", "state": "TN", "area-code": "865"}, {"id": "1d36742e3f24f50e4e7ae828011dfd95", "number": "243840313772", "date": "2021-01-22 20:54:00", "subject": "0", "recorded-or-robo": "Y", "city": "Seymour", "state": "TN", "area-code": "865"}, {"id": "e81c9350d54f66c6d33b3747eeb10516", "number": "8175103768", "date": "2021-01-22 21:01:57", "subject": "3", "recorded-or-robo": "Y", "city": "", "state": "TX", "area-code": "512"}, {"id": "1d36742e3f24f50e4e7ae8280145d309", "number": "8175103768", "date": "2021-01-22 21:01:57", "subject": "3", "recorded-or-robo": "Y", "city": "", "state": "TX", "area-code": "512"}, {"id": "e81c9350d54f66c6d33b3747ee8836f4", "number": "3323303402", "date": "2021-01-22 18:56:00", "subject": "2", "recorded-or-robo": "Y", "city": "NJ", "state": "NJ", "area-code": "917"}, {"id": "1d36742e3f24f50e4e7ae828011dfbc4", "number": "3323303402", "date": "2021-01-22 18:56:00", "subject": "2", "recorded-or-robo": "Y", "city": "NJ", "state": "NJ", "area-code": "917"}, {"id": "e81c9350d54f66c6d33b3747eeb1147d", "number": "9034142694", "date": "2021-01-22 21:01:55", "subject": "3", "recorded-or-robo": "Y", "city": "", "state": "TX", "area-code": "903"}, {"id": "1d36742e3f24f50e4e7ae8280145dcbc", "number": "9034142694", "date": "2021-01-22 21:01:55", "subject": "3", "recorded-or-robo": "Y", "city": "", "state": "TX", "area-code": "903"}, {"id": "e81c9350d54f66c6d33b3747eeb0b0b3", "number": "9034142694", "date": "2021-01-22 21:01:54", "subject": "3", "recorded-or-robo": "Y", "city": "", "state": "TX", "area-code": "903"}]}