{"data": [{"id": "1d36742e3f24f50e4e7ae82801486b9d", "number": "8004118808", "date": "2021-01-22 21:18:55", "subject": "3", "recorded-or-robo": "Y", "city": "", "state": "FL", "area-code": "786"}, {"id": "e81c9350d54f66c6d33b3747eeb3c722", "number": "8004118808", "date": "2021-01-22 21:18:54", "subject": "3", "recorded-or-robo": "Y", "city": "", "state": "FL", "area-code": "786"}, {"id": "e81c9350d54f66c6d33b3747ee8ae8a8", "number": "", "date": "2021-01-22 20:12:00", "subject": "3", "recorded-or-robo": "N", "city": "", "state": "MO", "area-code": "636"}, {"id": "1d36742e3f24f50e4e7ae82801488bb9", "number": "8004118808", "date": "2021-01-22 21:18:54", "subject": "3", "recorded-or-robo": "Y", "city": "", "state": "FL", "area-code": "786"}, {"id": "1d36742e3f24f50e4e7ae8280120f3f4", "number": "", "date": "2021-01-22 20:12:00", "subject": "3", "recorded-or-robo": "N", "city": "", "state": "MO", "area-code": "636"}, {"id": "e81c9350d54f66c6d33b3747ee8b01bf", "number": "5169162645", "date": "2021-01-22 09:24:00", "subject": "0", "recorded-or-robo": "Y", "city": "malverne", "state": "NY", "area-code": "516"}, {"id": "1d36742e3f24f50e4e7ae82801211a17", "number": "5169162645", "date": "2021-01-22 09:24:00", "subject": "0", "recorded-or-robo": "Y", "city": "malverne", "state": "NY", "area-code": "516"}, {"id": "e81c9350d54f66c6d33b3747eeb319c3", "number": "5312010234", "date": "2021-01-22 21:18:21", "subject": "3", "recorded-or-robo": "Y", "city": "", "state": "NY", "area-code": "516"}, {"id": "1d36742e3f24f50e4e7ae8280147e937", "number": "5312010234", "date": "2021-01-22 21:18:21", "subject": "3", "recorded-or-robo": "Y", "city": "", "state": "NY", "area-code": "516"}, {"id": "e81c9350d54f66c6d33b3747ee8af4ea", "number": "8302181994", "date": "2021-01-21 15:59:00", "subject": "2", "recorded-or-robo": "Y", "city": "Jonestown", "state": "TX", "area-code": "512"}, {"id": "1d36742e3f24f50e4e7ae82801210f6b", "number": "8302181994", "date": "2021-01-21 15:59:00", "subject": "2", "recorded-or-robo": "Y", "city": "Jonestown", "state": "TX", "area-code": "512"}, {"id": "e81c9350d54f66c6d33b3747ee8af475", "number": "9203777484", "date": "2021-01-15 14:19:00", "subject": "0", "recorded-or-robo": "Y", "city": "Granbury", "state": "WI", "area-code": "414"}, {"id": "1d36742e3f24f50e4e7ae82801210e09", "number": "9203777484", "date": "2021-01-15 14:19:00", "subject": "0", "recorded-or-robo": "Y", "city": "Granbury", "state": "WI", "area-code": "414"}, {"id": "e81c9350d54f66c6d33b3747ee8af036", "number": "6058468073", "date": "2021-01-21 16:45:00", "subject": "3", "recorded-or-robo": "Y", "city": "Yuma", "state": "AZ", "area-code": "928"}, {"id": "1d36742e3f24f50e4e7ae82801210635", "number": "6058468073", "date": "2021-01-21 16:45:00", "subject": "3", "recorded-or-robo": "Y", "city": "Yuma", "state": "AZ", "area-code": "928"}, {"id": "e81c9350d54f66c6d33b3747ee8aeb36", "number": "7025525124", "date": "2021-01-21 09:45:00", "subject": "2", "recorded-or-robo": "N", "city": "Wichita", "state": "KS", "area-code": "256"}, {"id": "1d36742e3f24f50e4e7ae8280120fea3", "number": "7025525124", "date": "2021-01-21 09:45:00", "subject": "2", "recorded-or-robo": "N", "city": "Wichita", "state": "KS", "area-code": "256"}, {"id": "e81c9350d54f66c6d33b3747eeb315e7", "number": "+14154487625", "date": "2021-01-22 21:18:12", "subject": "3", "recorded-or-robo": "Y", "city": "", "state": "NY", "area-code": "607"}, {"id": "1d36742e3f24f50e4e7ae8280147e6e6", "number": "+14154487625", "date": "2021-01-22 21:18:12", "subject": "3", "recorded-or-robo": "Y", "city": "", "state": "NY", "area-code": "607"}, {"id": "e81c9350d54f66c6d33b3747ee8adfb4", "number": "1212668056106", "date": "2021-01-19 11:39:00", "subject": "0", "recorded-or-robo": "N", "city": "Kennewick", "state": "WA", "area-code": "509"}, {"id": "1d36742e3f24f50e4e7ae8280120ed47", "number": "1212668056106", "date": "2021-01-19 11:39:00", "subject": "0", "recorded-or-robo": "N", "city": "Kennewick", "state": "WA", "area-code": "509"}, {"id": "e81c9350d54f66c6d33b3747ee8adc8b", "number": "5168966875", "date": "2021-01-22 17:02:00", "subject": "0", "recorded-or-robo": "Y", "city": "malverne", "state": "NY", "area-code": "516"}, {"id": "1d36742e3f24f50e4e7ae8280120ed17", "number": "5168966875", "date": "2021-01-22 17:02:00", "subject": "0", "recorded-or-robo": "Y", "city": "malverne", "state": "NY", "area-code": "516"}, {"id": "e81c9350d54f66c6d33b3747eeb29e55", "number": "7025529020", "date": "2021-01-22 21:17:43", "subject": "3", "recorded-or-robo": "Y", "city": "", "state": "NV", "area-code": "775"}, {"id": "1d36742e3f24f50e4e7ae82801478e27", "number": "7025529020", "date": "2021-01-22 21:17:43", "subject": "3", "recorded-or-robo": "Y", "city": "", "state": "NV", "area-code": "775"}, {"id": "e81c9350d54f66c6d33b3747ee8ad86f", "number": "9126178320", "date": "2021-01-15 15:19:00", "subject": "0", "recorded-or-robo": "Y", "city": "Granbury", "state": "WI", "area-code": "414"}, {"id": "1d36742e3f24f50e4e7ae8280120e760", "number": "9126178320", "date": "2021-01-15 15:19:00", "subject": "0", "recorded-or-robo": "Y", "city": "Granbury", "state": "WI", "area-code": "414"}, {"id": "e81c9350d54f66c6d33b3747ee8ad005", "number": "6282701889", "date": "2021-01-21 09:11:00", "subject": "2", "recorded-or-robo": "N", "city": "", "state": "CA", "area-code": "415"}, {"id": "1d36742e3f24f50e4e7ae8280120def4", "number": "6282701889", "date": "2021-01-21 09:11:00", "subject": "2", "recorded-or-robo": "N", "city": "", "state": "CA", "area-code": "415"}, {"id": "e81c9350d54f66c6d33b3747ee8ac0ef", "number": "5615627450", "date": "2021-01-22 17:21:00", "subject": "2", "recorded-or-robo": "Y", "city": "Sherwood", "state": "MI", "area-code": "517"}, {"id": "1d36742e3f24f50e4e7ae8280120cf36", "number": "5615627450", "date": "2021-01-22 17:21:00", "subject": "2", "recorded-or-robo": "Y", "city": "Sherwood", "state": "MI", "area-code": "517"}, {"id": "e81c9350d54f66c6d33b3747ee8a91a5", "number": "3609402538", "date": "2020-12-17 09:54:00", "subject": "3", "recorded-or-robo": "N", "city": "", "state": "OH", "area-code": "614"}, {"id": "1d36742e3f24f50e4e7ae82801208ce5", "number": "3609402538", "date": "2020-12-17 09:54:00", "subject": "3", "recorded-or-robo": "N", "city": "", "state": "OH", "area-code": "614"}, {"id": "e81c9350d54f66c6d33b3747ee8ab6a1", "number": "2161480621", "date": "2021-01-22 16:44:00", "subject": "0", "recorded-or-robo": "", "city": "Lyndhurst", "state": "OH", "area-code": "216"}, {"id": "1d36742e3f24f50e4e7ae8280120c7f6", "number": "2161480621", "date": "2021-01-22 16:44:00", "subject": "0", "recorded-or-robo": "", "city": "Lyndhurst", "state": "OH", "area-code": "216"}, {"id": "e81c9350d54f66c6d33b3747ee8ab603", "number": "9098872064", "date": "2021-01-11 16:49:00", "subject": "2", "recorded-or-robo": "Y", "city": "Yucca Valley", "state": "CA", "area-code": "760"}, {"id": "1d36742e3f24f50e4e7ae8280120bb02", "number": "9098872064", "date": "2021-01-11 16:49:00", "subject": "2", "recorded-or-robo": "Y", "city": "Yucca Valley", "state": "CA", "area-code": "760"}, {"id": "e81c9350d54f66c6d33b3747ee8aaa34", "number": "4146042075", "date": "2021-01-18 10:49:00", "subject": "0", "recorded-or-robo": "Y", "city": "Granbury", "state": "WI", "area-code": "414"}, {"id": "1d36742e3f24f50e4e7ae8280120b454", "number": "4146042075", "date": "2021-01-18 10:49:00", "subject": "0", "recorded-or-robo": "Y", "city": "Granbury", "state": "WI", "area-code": "414"}, {"id": "e81c9350d54f66c6d33b3747ee8aa19f", "number": "9283613865", "date": "2021-01-20 16:36:00", "subject": "3", "recorded-or-robo": "Y", "city": "Yuma", "state": "AZ", "area-code": "928"}, {"id": "1d36742e3f24f50e4e7ae8280120ad53", "number": "9283613865", "date": "2021-01-20 16:36:00", "subject": "3", "recorded-or-robo": "Y", "city": "Yuma", "state": "AZ", "area-code": "928"}, {"id": "e81c9350d54f66c6d33b3747ee8a9f81", "number": "212668468201", "date": "2021-01-19 13:21:00", "subject": "0", "recorded-or-robo": "N", "city": "Kennewick", "state": "WA", "area-code": "509"}, {"id": "1d36742e3f24f50e4e7ae8280120a19b", "number": "212668468201", "date": "2021-01-19 13:21:00", "subject": "0", "recorded-or-robo": "N", "city": "Kennewick", "state": "WA", "area-code": "509"}, {"id": "e81c9350d54f66c6d33b3747eeb2bd01", "number": "7038445885", "date": "2021-01-22 21:16:41", "subject": "3", "recorded-or-robo": "Y", "city": "", "state": "VA", "area-code": "703"}, {"id": "1d36742e3f24f50e4e7ae8280147b409", "number": "7038445885", "date": "2021-01-22 21:16:41", "subject": "3", "recorded-or-robo": "Y", "city": "", "state": "VA", "area-code": "703"}, {"id": "e81c9350d54f66c6d33b3747ee8a9633", "number": "6282701919", "date": "2021-01-13 12:31:00", "subject": "2", "recorded-or-robo": "N", "city": "", "state": "CA", "area-code": "415"}, {"id": "1d36742e3f24f50e4e7ae82801209bca", "number": "6282701919", "date": "2021-01-13 12:31:00", "subject": "2", "recorded-or-robo": "N", "city": "", "state": "CA", "area-code": "415"}, {"id": "e81c9350d54f66c6d33b3747ee8a8fef", "number": "5596488", "date": "2021-01-21 16:24:00", "subject": "2", "recorded-or-robo": "Y", "city": "Jonestown", "state": "TX", "area-code": "512"}, {"id": "1d36742e3f24f50e4e7ae82801208770", "number": "5596488", "date": "2021-01-21 16:24:00", "subject": "2", "recorded-or-robo": "Y", "city": "Jonestown", "state": "TX", "area-code": "512"}, {"id": "e81c9350d54f66c6d33b3747eeb2a85f", "number": "4439065447", "date": "2021-01-22 21:16:07", "subject": "3", "recorded-or-robo": "Y", "city": "", "state": "PA", "area-code": "267"}]}