{"data": [{"id": "deca54a6651fb9add5b4a9816cebe20a", "number": "8432429061", "date": "2021-01-22 18:09:01", "subject": "3", "recorded-or-robo": "Y", "city": "", "state": "MI", "area-code": "734"}, {"id": "e81c9350d54f66c6d33b3747ee2800c0", "number": "5134996466", "date": "2021-01-22 03:26:00", "subject": "2", "recorded-or-robo": "Y", "city": "Kellyville", "state": "ME", "area-code": "207"}, {"id": "deca54a6651fb9add5b4a9816cbd380d", "number": "5134996466", "date": "2021-01-22 03:26:00", "subject": "2", "recorded-or-robo": "Y", "city": "Kellyville", "state": "ME", "area-code": "207"}, {"id": "e81c9350d54f66c6d33b3747ee570af0", "number": "7703776699", "date": "2021-01-22 18:08:49", "subject": "3", "recorded-or-robo": "Y", "city": "", "state": "GA", "area-code": "770"}, {"id": "e81c9350d54f66c6d33b3747ee27f508", "number": "7574842538", "date": "2021-01-22 18:03:00", "subject": "5", "recorded-or-robo": "Y", "city": "Manassas", "state": "VA", "area-code": "703"}, {"id": "e81c9350d54f66c6d33b3747ee27e565", "number": "5137388683", "date": "2021-01-20 15:49:00", "subject": "7", "recorded-or-robo": "Y", "city": "Cincinnati", "state": "OH", "area-code": "513"}, {"id": "deca54a6651fb9add5b4a9816ceb81d1", "number": "7703776699", "date": "2021-01-22 18:08:49", "subject": "3", "recorded-or-robo": "Y", "city": "", "state": "GA", "area-code": "770"}, {"id": "deca54a6651fb9add5b4a9816cbd37d9", "number": "7574842538", "date": "2021-01-22 18:03:00", "subject": "5", "recorded-or-robo": "Y", "city": "Manassas", "state": "VA", "area-code": "703"}, {"id": "deca54a6651fb9add5b4a9816cbd2cac", "number": "5137388683", "date": "2021-01-20 15:49:00", "subject": "7", "recorded-or-robo": "Y", "city": "Cincinnati", "state": "OH", "area-code": "513"}, {"id": "e81c9350d54f66c6d33b3747ee27e2e0", "number": "6369229710", "date": "2021-01-22 16:31:00", "subject": "1", "recorded-or-robo": "Y", "city": "St Charles", "state": "MO", "area-code": "636"}, {"id": "deca54a6651fb9add5b4a9816cbd2aa4", "number": "6369229710", "date": "2021-01-22 16:31:00", "subject": "1", "recorded-or-robo": "Y", "city": "St Charles", "state": "MO", "area-code": "636"}, {"id": "e81c9350d54f66c6d33b3747ee27e184", "number": "4439185051", "date": "2021-01-14 00:00:00", "subject": "3", "recorded-or-robo": "Y", "city": "", "state": "AZ", "area-code": "520"}, {"id": "deca54a6651fb9add5b4a9816cbd2058", "number": "4439185051", "date": "2021-01-14 00:00:00", "subject": "3", "recorded-or-robo": "Y", "city": "", "state": "AZ", "area-code": "520"}, {"id": "e81c9350d54f66c6d33b3747ee27e0b4", "number": "8183307001", "date": "2021-01-21 12:23:00", "subject": "2", "recorded-or-robo": "N", "city": "Huntington Beach", "state": "CA", "area-code": "818"}, {"id": "deca54a6651fb9add5b4a9816cbd168f", "number": "8183307001", "date": "2021-01-21 12:23:00", "subject": "2", "recorded-or-robo": "N", "city": "Huntington Beach", "state": "CA", "area-code": "818"}, {"id": "e81c9350d54f66c6d33b3747ee27dcff", "number": "9785747066", "date": "2021-01-22 16:57:00", "subject": "2", "recorded-or-robo": "Y", "city": "dania", "state": "FL", "area-code": "954"}, {"id": "deca54a6651fb9add5b4a9816cbd0cea", "number": "9785747066", "date": "2021-01-22 16:57:00", "subject": "2", "recorded-or-robo": "Y", "city": "dania", "state": "FL", "area-code": "954"}, {"id": "e81c9350d54f66c6d33b3747ee27ca55", "number": "6198417349", "date": "2021-01-22 09:41:00", "subject": "0", "recorded-or-robo": "N", "city": "", "state": "PA", "area-code": "610"}, {"id": "deca54a6651fb9add5b4a9816cbcf908", "number": "6198417349", "date": "2021-01-22 09:41:00", "subject": "0", "recorded-or-robo": "N", "city": "", "state": "PA", "area-code": "610"}, {"id": "e81c9350d54f66c6d33b3747ee27c299", "number": "2103388952", "date": "2021-01-22 16:21:00", "subject": "3", "recorded-or-robo": "Y", "city": "", "state": "TX", "area-code": "210"}, {"id": "deca54a6651fb9add5b4a9816cbcf2f3", "number": "2103388952", "date": "2021-01-22 16:21:00", "subject": "3", "recorded-or-robo": "Y", "city": "", "state": "TX", "area-code": "210"}, {"id": "e81c9350d54f66c6d33b3747ee27be47", "number": "5204414104", "date": "2021-01-14 00:00:00", "subject": "3", "recorded-or-robo": "Y", "city": "", "state": "AZ", "area-code": "520"}, {"id": "deca54a6651fb9add5b4a9816cbced32", "number": "5204414104", "date": "2021-01-14 00:00:00", "subject": "3", "recorded-or-robo": "Y", "city": "", "state": "AZ", "area-code": "520"}, {"id": "e81c9350d54f66c6d33b3747ee26a008", "number": "6412067162", "date": "2021-01-22 17:05:00", "subject": "3", "recorded-or-robo": "N", "city": "", "state": "IA", "area-code": "563"}, {"id": "deca54a6651fb9add5b4a9816cbbdbe4", "number": "6412067162", "date": "2021-01-22 17:05:00", "subject": "3", "recorded-or-robo": "N", "city": "", "state": "IA", "area-code": "563"}, {"id": "e81c9350d54f66c6d33b3747ee5d3b4b", "number": "2148844357", "date": "2021-01-21 17:52:00", "subject": "3", "recorded-or-robo": "N", "city": "", "state": "TX", "area-code": "214"}, {"id": "deca54a6651fb9add5b4a9816cf20aac", "number": "2148844357", "date": "2021-01-21 17:52:00", "subject": "3", "recorded-or-robo": "N", "city": "", "state": "TX", "area-code": "214"}, {"id": "e81c9350d54f66c6d33b3747ee27af2b", "number": "918408060", "date": "2021-01-21 13:04:00", "subject": "2", "recorded-or-robo": "N", "city": "Huntington Beach", "state": "CA", "area-code": "818"}, {"id": "deca54a6651fb9add5b4a9816cbce6b9", "number": "918408060", "date": "2021-01-21 13:04:00", "subject": "2", "recorded-or-robo": "N", "city": "Huntington Beach", "state": "CA", "area-code": "818"}, {"id": "e81c9350d54f66c6d33b3747ee577aa2", "number": "+18312695831", "date": "2021-01-22 18:08:11", "subject": "3", "recorded-or-robo": "N", "city": "", "state": "CA", "area-code": "949"}, {"id": "e81c9350d54f66c6d33b3747ee27a78b", "number": "8646374751", "date": "2021-01-22 09:19:00", "subject": "2", "recorded-or-robo": "Y", "city": "Fort Scott", "state": "SC", "area-code": "864"}, {"id": "deca54a6651fb9add5b4a9816cebf0af", "number": "+18312695831", "date": "2021-01-22 18:08:11", "subject": "3", "recorded-or-robo": "N", "city": "", "state": "CA", "area-code": "949"}, {"id": "deca54a6651fb9add5b4a9816cbcded9", "number": "8646374751", "date": "2021-01-22 09:19:00", "subject": "2", "recorded-or-robo": "Y", "city": "Fort Scott", "state": "SC", "area-code": "864"}, {"id": "e81c9350d54f66c6d33b3747ee571788", "number": "3027211203", "date": "2021-01-22 18:08:10", "subject": "3", "recorded-or-robo": "N", "city": "", "state": "DE", "area-code": "302"}, {"id": "e81c9350d54f66c6d33b3747ee279f94", "number": "7193016772", "date": "2021-01-22 11:43:00", "subject": "4", "recorded-or-robo": "Y", "city": "CLINTON", "state": "UT", "area-code": "719"}, {"id": "deca54a6651fb9add5b4a9816ceb8a5d", "number": "3027211203", "date": "2021-01-22 18:08:10", "subject": "3", "recorded-or-robo": "N", "city": "", "state": "DE", "area-code": "302"}, {"id": "deca54a6651fb9add5b4a9816cbcde93", "number": "7193016772", "date": "2021-01-22 11:43:00", "subject": "4", "recorded-or-robo": "Y", "city": "CLINTON", "state": "UT", "area-code": "719"}, {"id": "e81c9350d54f66c6d33b3747ee2792dc", "number": "3153101841", "date": "2021-01-22 14:40:00", "subject": "1", "recorded-or-robo": "Y", "city": "Mesquite", "state": "NV", "area-code": "435"}, {"id": "deca54a6651fb9add5b4a9816cbcd404", "number": "3153101841", "date": "2021-01-22 14:40:00", "subject": "1", "recorded-or-robo": "Y", "city": "Mesquite", "state": "NV", "area-code": "435"}, {"id": "e81c9350d54f66c6d33b3747ee278b66", "number": "3309130759", "date": "2021-01-21 11:28:00", "subject": "5", "recorded-or-robo": "N", "city": "Uniontown", "state": "OH", "area-code": "330"}, {"id": "deca54a6651fb9add5b4a9816cbcd231", "number": "3309130759", "date": "2021-01-21 11:28:00", "subject": "5", "recorded-or-robo": "N", "city": "Uniontown", "state": "OH", "area-code": "330"}, {"id": "e81c9350d54f66c6d33b3747ee278317", "number": "6506128152", "date": "2021-01-21 11:42:00", "subject": "1", "recorded-or-robo": "Y", "city": "Valley Springs", "state": "CA", "area-code": "650"}, {"id": "e81c9350d54f66c6d33b3747ee2775ba", "number": "2175132724", "date": "2021-01-22 17:04:00", "subject": "4", "recorded-or-robo": "Y", "city": "St. Paul", "state": "MN", "area-code": "217"}, {"id": "deca54a6651fb9add5b4a9816cbccf9c", "number": "6506128152", "date": "2021-01-21 11:42:00", "subject": "1", "recorded-or-robo": "Y", "city": "Valley Springs", "state": "CA", "area-code": "650"}, {"id": "deca54a6651fb9add5b4a9816cbcc485", "number": "2175132724", "date": "2021-01-22 17:04:00", "subject": "4", "recorded-or-robo": "Y", "city": "St. Paul", "state": "MN", "area-code": "217"}, {"id": "e81c9350d54f66c6d33b3747ee575c7c", "number": "3027211203", "date": "2021-01-22 18:08:02", "subject": "3", "recorded-or-robo": "Y", "city": "", "state": "DE", "area-code": "302"}, {"id": "deca54a6651fb9add5b4a9816cebd7f2", "number": "3027211203", "date": "2021-01-22 18:08:02", "subject": "3", "recorded-or-robo": "Y", "city": "", "state": "DE", "area-code": "302"}, {"id": "e81c9350d54f66c6d33b3747ee2770ce", "number": "5048268308", "date": "2021-01-22 00:00:00", "subject": "3", "recorded-or-robo": "Y", "city": "", "state": "AZ", "area-code": "520"}, {"id": "deca54a6651fb9add5b4a9816cbcbec7", "number": "5048268308", "date": "2021-01-22 00:00:00", "subject": "3", "recorded-or-robo": "Y", "city": "", "state": "AZ", "area-code": "520"}, {"id": "e81c9350d54f66c6d33b3747ee27664a", "number": "9162315378", "date": "2021-01-22 14:52:00", "subject": "0", "recorded-or-robo": "Y", "city": "", "state": "CA", "area-code": "916"}]}