{"data": [{"id": "1d36742e3f24f50e4e7ae828016557ff", "number": "7035707851", "date": "2021-01-22 00:00:00", "subject": "2", "recorded-or-robo": "Y", "city": "Luray", "state": "VA", "area-code": "703"}, {"id": "e81c9350d54f66c6d33b3747eed01a19", "number": "5034621846", "date": "2021-01-22 13:28:00", "subject": "1", "recorded-or-robo": "Y", "city": "Cornelius", "state": "OR", "area-code": "503"}, {"id": "1d36742e3f24f50e4e7ae82801655398", "number": "5034621846", "date": "2021-01-22 13:28:00", "subject": "1", "recorded-or-robo": "Y", "city": "Cornelius", "state": "OR", "area-code": "503"}, {"id": "e81c9350d54f66c6d33b3747eed017a4", "number": "441864483821", "date": "2021-01-23 13:15:00", "subject": "2", "recorded-or-robo": "Y", "city": "Uckfield", "state": "", "area-code": ""}, {"id": "1d36742e3f24f50e4e7ae82801654d9f", "number": "441864483821", "date": "2021-01-23 13:15:00", "subject": "2", "recorded-or-robo": "Y", "city": "Uckfield", "state": "", "area-code": ""}, {"id": "e81c9350d54f66c6d33b3747eed00f3b", "number": "4342059630", "date": "2021-01-22 00:00:00", "subject": "2", "recorded-or-robo": "Y", "city": "Luray", "state": "VA", "area-code": "703"}, {"id": "1d36742e3f24f50e4e7ae82801654858", "number": "4342059630", "date": "2021-01-22 00:00:00", "subject": "2", "recorded-or-robo": "Y", "city": "Luray", "state": "VA", "area-code": "703"}, {"id": "e81c9350d54f66c6d33b3747eed00bb5", "number": "9737863547", "date": "2021-01-21 05:30:00", "subject": "3", "recorded-or-robo": "", "city": "", "state": "NJ", "area-code": "908"}, {"id": "1d36742e3f24f50e4e7ae828016544d5", "number": "9737863547", "date": "2021-01-21 05:30:00", "subject": "3", "recorded-or-robo": "", "city": "", "state": "NJ", "area-code": "908"}, {"id": "e81c9350d54f66c6d33b3747eed00b66", "number": "9735271561", "date": "2021-01-22 11:49:00", "subject": "2", "recorded-or-robo": "", "city": "", "state": "NJ", "area-code": "973"}, {"id": "1d36742e3f24f50e4e7ae82801653f5d", "number": "9735271561", "date": "2021-01-22 11:49:00", "subject": "2", "recorded-or-robo": "", "city": "", "state": "NJ", "area-code": "973"}, {"id": "e81c9350d54f66c6d33b3747eed009e2", "number": "5862965420", "date": "2021-01-23 08:40:00", "subject": "4", "recorded-or-robo": "N", "city": "Sterling Heights", "state": "MI", "area-code": "586"}, {"id": "1d36742e3f24f50e4e7ae82801653ddb", "number": "5862965420", "date": "2021-01-23 08:40:00", "subject": "4", "recorded-or-robo": "N", "city": "Sterling Heights", "state": "MI", "area-code": "586"}, {"id": "e81c9350d54f66c6d33b3747eecfeb97", "number": "8332340247", "date": "2021-01-22 12:28:00", "subject": "3", "recorded-or-robo": "N", "city": "", "state": "MI", "area-code": "313"}, {"id": "1d36742e3f24f50e4e7ae82801651f42", "number": "8332340247", "date": "2021-01-22 12:28:00", "subject": "3", "recorded-or-robo": "N", "city": "", "state": "MI", "area-code": "313"}, {"id": "e81c9350d54f66c6d33b3747eed00356", "number": "7543450112", "date": "2021-01-22 00:00:00", "subject": "2", "recorded-or-robo": "Y", "city": "Luray", "state": "VA", "area-code": "703"}, {"id": "1d36742e3f24f50e4e7ae828016532d5", "number": "7543450112", "date": "2021-01-22 00:00:00", "subject": "2", "recorded-or-robo": "Y", "city": "Luray", "state": "VA", "area-code": "703"}, {"id": "e81c9350d54f66c6d33b3747eecffb8b", "number": "7183263441", "date": "2021-01-23 08:40:00", "subject": "4", "recorded-or-robo": "Y", "city": "", "state": "NY", "area-code": "718"}, {"id": "1d36742e3f24f50e4e7ae828016526dc", "number": "7183263441", "date": "2021-01-23 08:40:00", "subject": "4", "recorded-or-robo": "Y", "city": "", "state": "NY", "area-code": "718"}, {"id": "e81c9350d54f66c6d33b3747eecfe211", "number": "7579449137", "date": "2021-01-22 00:00:00", "subject": "2", "recorded-or-robo": "Y", "city": "Luray", "state": "VA", "area-code": "703"}, {"id": "1d36742e3f24f50e4e7ae82801651307", "number": "7579449137", "date": "2021-01-22 00:00:00", "subject": "2", "recorded-or-robo": "Y", "city": "Luray", "state": "VA", "area-code": "703"}, {"id": "e81c9350d54f66c6d33b3747eecfd505", "number": "8033073742", "date": "2021-01-22 17:13:00", "subject": "2", "recorded-or-robo": "", "city": "Chico", "state": "CA", "area-code": "530"}, {"id": "1d36742e3f24f50e4e7ae828016508a4", "number": "8033073742", "date": "2021-01-22 17:13:00", "subject": "2", "recorded-or-robo": "", "city": "Chico", "state": "CA", "area-code": "530"}, {"id": "3decc6bfadaa436a105714c6ba550658", "number": "+18302686369", "date": "2021-01-23 08:46:57", "subject": "3", "recorded-or-robo": "Y", "city": "", "state": "TX", "area-code": "830"}, {"id": "1d36742e3f24f50e4e7ae82801eb2c7a", "number": "+18302686369", "date": "2021-01-23 08:46:57", "subject": "3", "recorded-or-robo": "Y", "city": "", "state": "TX", "area-code": "830"}, {"id": "e81c9350d54f66c6d33b3747eecfc619", "number": "9735274961", "date": "2021-01-22 12:59:00", "subject": "2", "recorded-or-robo": "", "city": "", "state": "NJ", "area-code": "973"}, {"id": "1d36742e3f24f50e4e7ae82801650671", "number": "9735274961", "date": "2021-01-22 12:59:00", "subject": "2", "recorded-or-robo": "", "city": "", "state": "NJ", "area-code": "973"}, {"id": "e81c9350d54f66c6d33b3747eecfbc8c", "number": "7244194100", "date": "2021-01-22 00:00:00", "subject": "2", "recorded-or-robo": "Y", "city": "Luray", "state": "VA", "area-code": "703"}, {"id": "1d36742e3f24f50e4e7ae8280164f785", "number": "7244194100", "date": "2021-01-22 00:00:00", "subject": "2", "recorded-or-robo": "Y", "city": "Luray", "state": "VA", "area-code": "703"}, {"id": "e81c9350d54f66c6d33b3747eecfa48e", "number": "8009490009", "date": "2021-01-22 15:11:00", "subject": "3", "recorded-or-robo": "N", "city": "", "state": "MI", "area-code": "313"}, {"id": "1d36742e3f24f50e4e7ae8280164db2a", "number": "8009490009", "date": "2021-01-22 15:11:00", "subject": "3", "recorded-or-robo": "N", "city": "", "state": "MI", "area-code": "313"}, {"id": "e81c9350d54f66c6d33b3747eecfae1a", "number": "8037150798", "date": "2021-01-22 16:07:00", "subject": "2", "recorded-or-robo": "", "city": "Chico", "state": "CA", "area-code": "530"}, {"id": "1d36742e3f24f50e4e7ae8280164eab9", "number": "8037150798", "date": "2021-01-22 16:07:00", "subject": "2", "recorded-or-robo": "", "city": "Chico", "state": "CA", "area-code": "530"}, {"id": "3decc6bfadaa436a105714c6ba5510ca", "number": "+18308799030", "date": "2021-01-23 08:45:55", "subject": "3", "recorded-or-robo": "Y", "city": "", "state": "TX", "area-code": "830"}, {"id": "1d36742e3f24f50e4e7ae82801eb32fe", "number": "+18308799030", "date": "2021-01-23 08:45:55", "subject": "3", "recorded-or-robo": "Y", "city": "", "state": "TX", "area-code": "830"}, {"id": "e81c9350d54f66c6d33b3747eecf9c7c", "number": "9167610719", "date": "2021-01-22 13:00:00", "subject": "2", "recorded-or-robo": "", "city": "", "state": "NJ", "area-code": "973"}, {"id": "1d36742e3f24f50e4e7ae8280164d069", "number": "9167610719", "date": "2021-01-22 13:00:00", "subject": "2", "recorded-or-robo": "", "city": "", "state": "NJ", "area-code": "973"}, {"id": "e81c9350d54f66c6d33b3747eecf8f5f", "number": "7039364816", "date": "2021-01-22 00:00:00", "subject": "2", "recorded-or-robo": "Y", "city": "Luray", "state": "VA", "area-code": "703"}, {"id": "1d36742e3f24f50e4e7ae8280164cad6", "number": "7039364816", "date": "2021-01-22 00:00:00", "subject": "2", "recorded-or-robo": "Y", "city": "Luray", "state": "VA", "area-code": "703"}, {"id": "e81c9350d54f66c6d33b3747eecf86e1", "number": "8035299651", "date": "2021-01-22 15:34:00", "subject": "2", "recorded-or-robo": "", "city": "Chico", "state": "CA", "area-code": "530"}, {"id": "1d36742e3f24f50e4e7ae8280164bcd2", "number": "8035299651", "date": "2021-01-22 15:34:00", "subject": "2", "recorded-or-robo": "", "city": "Chico", "state": "CA", "area-code": "530"}, {"id": "e81c9350d54f66c6d33b3747eecf7f5b", "number": "8563048493", "date": "2021-01-22 11:11:00", "subject": "2", "recorded-or-robo": "N", "city": "Medford Lakes", "state": "NJ", "area-code": "856"}, {"id": "1d36742e3f24f50e4e7ae8280164b4db", "number": "8563048493", "date": "2021-01-22 11:11:00", "subject": "2", "recorded-or-robo": "N", "city": "Medford Lakes", "state": "NJ", "area-code": "856"}, {"id": "e81c9350d54f66c6d33b3747eecf7ede", "number": "5807476991", "date": "2021-01-23 07:20:00", "subject": "1", "recorded-or-robo": "N", "city": "Ponca City", "state": "OK", "area-code": "580"}, {"id": "1d36742e3f24f50e4e7ae8280164a5bd", "number": "5807476991", "date": "2021-01-23 07:20:00", "subject": "1", "recorded-or-robo": "N", "city": "Ponca City", "state": "OK", "area-code": "580"}, {"id": "e81c9350d54f66c6d33b3747eecf7516", "number": "7036599218", "date": "2021-01-22 00:00:00", "subject": "2", "recorded-or-robo": "Y", "city": "Luray", "state": "VA", "area-code": "703"}, {"id": "1d36742e3f24f50e4e7ae82801649bb0", "number": "7036599218", "date": "2021-01-22 00:00:00", "subject": "2", "recorded-or-robo": "Y", "city": "Luray", "state": "VA", "area-code": "703"}, {"id": "e81c9350d54f66c6d33b3747eecf73f8", "number": "9735278249", "date": "2021-01-22 15:02:00", "subject": "2", "recorded-or-robo": "", "city": "", "state": "NJ", "area-code": "973"}, {"id": "1d36742e3f24f50e4e7ae8280164905d", "number": "9735278249", "date": "2021-01-22 15:02:00", "subject": "2", "recorded-or-robo": "", "city": "", "state": "NJ", "area-code": "973"}, {"id": "e81c9350d54f66c6d33b3747eecf6b54", "number": "9739638193", "date": "2021-01-22 05:30:00", "subject": "3", "recorded-or-robo": "", "city": "", "state": "NJ", "area-code": "908"}]}