{"data": [{"id": "deca54a6651fb9add5b4a9816cac88b0", "number": "6517621988", "date": "2021-01-22 16:23:00", "subject": "1", "recorded-or-robo": "Y", "city": "Centerville", "state": "MN", "area-code": "651"}, {"id": "e81c9350d54f66c6d33b3747ee1755a6", "number": "6055848678", "date": "2021-01-18 12:53:00", "subject": "2", "recorded-or-robo": "Y", "city": "Sioux Falls", "state": "SD", "area-code": "605"}, {"id": "deca54a6651fb9add5b4a9816cac80d0", "number": "6055848678", "date": "2021-01-18 12:53:00", "subject": "2", "recorded-or-robo": "Y", "city": "Sioux Falls", "state": "SD", "area-code": "605"}, {"id": "e81c9350d54f66c6d33b3747ee17553a", "number": "2013354869", "date": "2021-01-22 16:00:00", "subject": "6", "recorded-or-robo": "N", "city": "", "state": "NJ", "area-code": "201"}, {"id": "e81c9350d54f66c6d33b3747ee175032", "number": "2103479520", "date": "2021-01-22 16:30:00", "subject": "0", "recorded-or-robo": "Y", "city": "", "state": "TX", "area-code": "210"}, {"id": "deca54a6651fb9add5b4a9816cac7840", "number": "2013354869", "date": "2021-01-22 16:00:00", "subject": "6", "recorded-or-robo": "N", "city": "", "state": "NJ", "area-code": "201"}, {"id": "deca54a6651fb9add5b4a9816cac7205", "number": "2103479520", "date": "2021-01-22 16:30:00", "subject": "0", "recorded-or-robo": "Y", "city": "", "state": "TX", "area-code": "210"}, {"id": "e81c9350d54f66c6d33b3747ee174b97", "number": "8003471000", "date": "2021-01-13 07:44:00", "subject": "5", "recorded-or-robo": "Y", "city": "Saratoga", "state": "CA", "area-code": "408"}, {"id": "deca54a6651fb9add5b4a9816cac6362", "number": "8003471000", "date": "2021-01-13 07:44:00", "subject": "5", "recorded-or-robo": "Y", "city": "Saratoga", "state": "CA", "area-code": "408"}, {"id": "e81c9350d54f66c6d33b3747ee174685", "number": "6157525479", "date": "2021-01-22 16:00:00", "subject": "3", "recorded-or-robo": "Y", "city": "", "state": "MO", "area-code": "314"}, {"id": "e81c9350d54f66c6d33b3747ee174495", "number": "2512738003", "date": "2021-01-22 10:32:00", "subject": "2", "recorded-or-robo": "Y", "city": "Vinegar Bend", "state": "AL", "area-code": "251"}, {"id": "deca54a6651fb9add5b4a9816cac5f72", "number": "6157525479", "date": "2021-01-22 16:00:00", "subject": "3", "recorded-or-robo": "Y", "city": "", "state": "MO", "area-code": "314"}, {"id": "deca54a6651fb9add5b4a9816cac5ddb", "number": "2512738003", "date": "2021-01-22 10:32:00", "subject": "2", "recorded-or-robo": "Y", "city": "Vinegar Bend", "state": "AL", "area-code": "251"}, {"id": "e81c9350d54f66c6d33b3747ee173689", "number": "5676012005", "date": "2021-01-22 16:58:00", "subject": "2", "recorded-or-robo": "Y", "city": "Olive Hill", "state": "KY", "area-code": "606"}, {"id": "deca54a6651fb9add5b4a9816cac4df7", "number": "5676012005", "date": "2021-01-22 16:58:00", "subject": "2", "recorded-or-robo": "Y", "city": "Olive Hill", "state": "KY", "area-code": "606"}, {"id": "e81c9350d54f66c6d33b3747ee172b25", "number": "6307869337", "date": "2021-01-22 16:37:00", "subject": "7", "recorded-or-robo": "Y", "city": "Vernon Hills", "state": "IL", "area-code": "630"}, {"id": "deca54a6651fb9add5b4a9816cac4735", "number": "6307869337", "date": "2021-01-22 16:37:00", "subject": "7", "recorded-or-robo": "Y", "city": "Vernon Hills", "state": "IL", "area-code": "630"}, {"id": "e81c9350d54f66c6d33b3747ee171cfd", "number": "2096335207", "date": "2021-01-22 15:44:00", "subject": "1", "recorded-or-robo": "Y", "city": "Tulsa", "state": "OK", "area-code": "918"}, {"id": "e81c9350d54f66c6d33b3747ee170fac", "number": "9739686724", "date": "2021-01-22 00:00:00", "subject": "3", "recorded-or-robo": "N", "city": "", "state": "NJ", "area-code": "856"}, {"id": "deca54a6651fb9add5b4a9816cac3cd6", "number": "2096335207", "date": "2021-01-22 15:44:00", "subject": "1", "recorded-or-robo": "Y", "city": "Tulsa", "state": "OK", "area-code": "918"}, {"id": "deca54a6651fb9add5b4a9816cac3771", "number": "9739686724", "date": "2021-01-22 00:00:00", "subject": "3", "recorded-or-robo": "N", "city": "", "state": "NJ", "area-code": "856"}, {"id": "e81c9350d54f66c6d33b3747ee170f75", "number": "3092501959", "date": "2021-01-22 14:26:00", "subject": "2", "recorded-or-robo": "Y", "city": "", "state": "IL", "area-code": "309"}, {"id": "deca54a6651fb9add5b4a9816cac2a7d", "number": "3092501959", "date": "2021-01-22 14:26:00", "subject": "2", "recorded-or-robo": "Y", "city": "", "state": "IL", "area-code": "309"}, {"id": "e81c9350d54f66c6d33b3747ee170186", "number": "4696251875", "date": "2021-01-18 16:24:00", "subject": "2", "recorded-or-robo": "N", "city": "", "state": "TX", "area-code": "469"}, {"id": "deca54a6651fb9add5b4a9816cac1e0a", "number": "4696251875", "date": "2021-01-18 16:24:00", "subject": "2", "recorded-or-robo": "N", "city": "", "state": "TX", "area-code": "469"}, {"id": "e81c9350d54f66c6d33b3747ee533141", "number": "9786343650", "date": "2021-01-22 17:40:14", "subject": "3", "recorded-or-robo": "Y", "city": "", "state": "UT", "area-code": "801"}, {"id": "deca54a6651fb9add5b4a9816ce77d46", "number": "9786343650", "date": "2021-01-22 17:40:14", "subject": "3", "recorded-or-robo": "Y", "city": "", "state": "UT", "area-code": "801"}, {"id": "e81c9350d54f66c6d33b3747ee16fcb7", "number": "9564544436", "date": "2021-01-22 14:26:00", "subject": "2", "recorded-or-robo": "N", "city": "Tomball", "state": "TX", "area-code": "956"}, {"id": "e81c9350d54f66c6d33b3747ee16efad", "number": "4326938666", "date": "2021-01-22 14:15:00", "subject": "2", "recorded-or-robo": "Y", "city": "", "state": "AL", "area-code": "334"}, {"id": "deca54a6651fb9add5b4a9816cac1368", "number": "9564544436", "date": "2021-01-22 14:26:00", "subject": "2", "recorded-or-robo": "N", "city": "Tomball", "state": "TX", "area-code": "956"}, {"id": "deca54a6651fb9add5b4a9816cac08a3", "number": "4326938666", "date": "2021-01-22 14:15:00", "subject": "2", "recorded-or-robo": "Y", "city": "", "state": "AL", "area-code": "334"}, {"id": "e81c9350d54f66c6d33b3747ee16e960", "number": "8632157304", "date": "2021-01-22 17:35:00", "subject": "5", "recorded-or-robo": "Y", "city": "Winter Haven", "state": "FL", "area-code": "863"}, {"id": "deca54a6651fb9add5b4a9816cac015d", "number": "8632157304", "date": "2021-01-22 17:35:00", "subject": "5", "recorded-or-robo": "Y", "city": "Winter Haven", "state": "FL", "area-code": "863"}, {"id": "e81c9350d54f66c6d33b3747ee16de54", "number": "9045608612", "date": "2021-01-22 17:39:00", "subject": "0", "recorded-or-robo": "N", "city": "", "state": "FL", "area-code": "904"}, {"id": "deca54a6651fb9add5b4a9816cabf2c0", "number": "9045608612", "date": "2021-01-22 17:39:00", "subject": "0", "recorded-or-robo": "N", "city": "", "state": "FL", "area-code": "904"}, {"id": "e81c9350d54f66c6d33b3747ee5c8c5f", "number": "6103264834", "date": "2021-01-22 17:27:00", "subject": "3", "recorded-or-robo": "N", "city": "", "state": "PA", "area-code": "610"}, {"id": "e81c9350d54f66c6d33b3747ee16d895", "number": "4133512307", "date": "2021-01-22 17:26:00", "subject": "6", "recorded-or-robo": "N", "city": "Springfield", "state": "MA", "area-code": "413"}, {"id": "e81c9350d54f66c6d33b3747ee16c9c5", "number": "9496031150", "date": "2021-01-21 14:49:00", "subject": "2", "recorded-or-robo": "N", "city": "", "state": "CA", "area-code": "949"}, {"id": "deca54a6651fb9add5b4a9816cf16889", "number": "6103264834", "date": "2021-01-22 17:27:00", "subject": "3", "recorded-or-robo": "N", "city": "", "state": "PA", "area-code": "610"}, {"id": "deca54a6651fb9add5b4a9816cabe33f", "number": "4133512307", "date": "2021-01-22 17:26:00", "subject": "6", "recorded-or-robo": "N", "city": "Springfield", "state": "MA", "area-code": "413"}, {"id": "deca54a6651fb9add5b4a9816cabda6e", "number": "9496031150", "date": "2021-01-21 14:49:00", "subject": "2", "recorded-or-robo": "N", "city": "", "state": "CA", "area-code": "949"}, {"id": "e81c9350d54f66c6d33b3747ee5339b1", "number": "+17736728628", "date": "2021-01-22 17:39:56", "subject": "3", "recorded-or-robo": "Y", "city": "", "state": "IL", "area-code": "773"}, {"id": "deca54a6651fb9add5b4a9816ce79602", "number": "+17736728628", "date": "2021-01-22 17:39:56", "subject": "3", "recorded-or-robo": "Y", "city": "", "state": "IL", "area-code": "773"}, {"id": "e81c9350d54f66c6d33b3747ee16baf4", "number": "2027688615", "date": "2021-01-22 11:40:00", "subject": "4", "recorded-or-robo": "Y", "city": "", "state": "VA", "area-code": "757"}, {"id": "e81c9350d54f66c6d33b3747ee16b50e", "number": "2106721199", "date": "2021-01-22 16:35:00", "subject": "5", "recorded-or-robo": "Y", "city": "San Antonio", "state": "TX", "area-code": "210"}, {"id": "deca54a6651fb9add5b4a9816cabd5ef", "number": "2027688615", "date": "2021-01-22 11:40:00", "subject": "4", "recorded-or-robo": "Y", "city": "", "state": "VA", "area-code": "757"}, {"id": "deca54a6651fb9add5b4a9816cabcd21", "number": "2106721199", "date": "2021-01-22 16:35:00", "subject": "5", "recorded-or-robo": "Y", "city": "San Antonio", "state": "TX", "area-code": "210"}, {"id": "e81c9350d54f66c6d33b3747ee16b4df", "number": "2015235240", "date": "2021-01-22 16:00:00", "subject": "6", "recorded-or-robo": "N", "city": "", "state": "NJ", "area-code": "201"}, {"id": "deca54a6651fb9add5b4a9816cabc343", "number": "2015235240", "date": "2021-01-22 16:00:00", "subject": "6", "recorded-or-robo": "N", "city": "", "state": "NJ", "area-code": "201"}, {"id": "e81c9350d54f66c6d33b3747ee16af75", "number": "7249135092", "date": "2021-01-22 14:08:00", "subject": "4", "recorded-or-robo": "Y", "city": "Pearl", "state": "MS", "area-code": "601"}]}