{"data": [{"id": "1d36742e3f24f50e4e7ae82801274517", "number": "5863583620", "date": "2021-01-22 11:37:00", "subject": "2", "recorded-or-robo": "", "city": "", "state": "MI", "area-code": "586"}, {"id": "e81c9350d54f66c6d33b3747ee91a725", "number": "5204503781", "date": "2021-01-22 12:14:00", "subject": "2", "recorded-or-robo": "Y", "city": "San Francisco", "state": "CA", "area-code": "415"}, {"id": "1d36742e3f24f50e4e7ae8280127366a", "number": "5204503781", "date": "2021-01-22 12:14:00", "subject": "2", "recorded-or-robo": "Y", "city": "San Francisco", "state": "CA", "area-code": "415"}, {"id": "e81c9350d54f66c6d33b3747eeb90f23", "number": "+17603025813", "date": "2021-01-22 22:11:47", "subject": "3", "recorded-or-robo": "Y", "city": "", "state": "CA", "area-code": "760"}, {"id": "1d36742e3f24f50e4e7ae828014e1cd3", "number": "+17603025813", "date": "2021-01-22 22:11:47", "subject": "3", "recorded-or-robo": "Y", "city": "", "state": "CA", "area-code": "760"}, {"id": "e81c9350d54f66c6d33b3747eeb8e957", "number": "7152548003", "date": "2021-01-22 22:11:35", "subject": "3", "recorded-or-robo": "Y", "city": "", "state": "WI", "area-code": "715"}, {"id": "1d36742e3f24f50e4e7ae828014df635", "number": "7152548003", "date": "2021-01-22 22:11:35", "subject": "3", "recorded-or-robo": "Y", "city": "", "state": "WI", "area-code": "715"}, {"id": "e81c9350d54f66c6d33b3747ee91a2b9", "number": "9282641043", "date": "2021-01-22 16:17:00", "subject": "0", "recorded-or-robo": "N", "city": "", "state": "AZ", "area-code": "602"}, {"id": "1d36742e3f24f50e4e7ae82801272d13", "number": "9282641043", "date": "2021-01-22 16:17:00", "subject": "0", "recorded-or-robo": "N", "city": "", "state": "AZ", "area-code": "602"}, {"id": "e81c9350d54f66c6d33b3747eeb8db87", "number": "2022216433", "date": "2021-01-22 22:11:26", "subject": "3", "recorded-or-robo": "Y", "city": "", "state": "MD", "area-code": "240"}, {"id": "1d36742e3f24f50e4e7ae828014debc8", "number": "2022216433", "date": "2021-01-22 22:11:26", "subject": "3", "recorded-or-robo": "Y", "city": "", "state": "MD", "area-code": "240"}, {"id": "e81c9350d54f66c6d33b3747ee91a1b5", "number": "8663333474", "date": "2021-01-21 17:49:00", "subject": "2", "recorded-or-robo": "", "city": "", "state": "MI", "area-code": "586"}, {"id": "1d36742e3f24f50e4e7ae82801271db1", "number": "8663333474", "date": "2021-01-21 17:49:00", "subject": "2", "recorded-or-robo": "", "city": "", "state": "MI", "area-code": "586"}, {"id": "e81c9350d54f66c6d33b3747eeb91fc1", "number": "+19512277597", "date": "2021-01-22 22:11:09", "subject": "3", "recorded-or-robo": "N", "city": "", "state": "CA", "area-code": "951"}, {"id": "1d36742e3f24f50e4e7ae828014e2fa6", "number": "+19512277597", "date": "2021-01-22 22:11:09", "subject": "3", "recorded-or-robo": "N", "city": "", "state": "CA", "area-code": "951"}, {"id": "e81c9350d54f66c6d33b3747ee91892b", "number": "4434923519", "date": "2021-01-22 12:48:00", "subject": "3", "recorded-or-robo": "N", "city": "", "state": "CA", "area-code": "408"}, {"id": "1d36742e3f24f50e4e7ae828012715ce", "number": "4434923519", "date": "2021-01-22 12:48:00", "subject": "3", "recorded-or-robo": "N", "city": "", "state": "CA", "area-code": "408"}, {"id": "e81c9350d54f66c6d33b3747ee91970a", "number": "6463780795", "date": "2021-01-22 19:10:00", "subject": "0", "recorded-or-robo": "N", "city": "Gresham", "state": "OR", "area-code": "503"}, {"id": "1d36742e3f24f50e4e7ae82801271c2a", "number": "6463780795", "date": "2021-01-22 19:10:00", "subject": "0", "recorded-or-robo": "N", "city": "Gresham", "state": "OR", "area-code": "503"}, {"id": "e81c9350d54f66c6d33b3747ee9187f0", "number": "9282641043", "date": "2021-01-22 12:12:00", "subject": "0", "recorded-or-robo": "N", "city": "", "state": "AZ", "area-code": "602"}, {"id": "1d36742e3f24f50e4e7ae82801270a7d", "number": "9282641043", "date": "2021-01-22 12:12:00", "subject": "0", "recorded-or-robo": "N", "city": "", "state": "AZ", "area-code": "602"}, {"id": "e81c9350d54f66c6d33b3747eeb8f5d9", "number": "+13346414497", "date": "2021-01-22 22:09:42", "subject": "3", "recorded-or-robo": "Y", "city": "", "state": "TX", "area-code": "972"}, {"id": "1d36742e3f24f50e4e7ae828014dfb07", "number": "+13346414497", "date": "2021-01-22 22:09:42", "subject": "3", "recorded-or-robo": "Y", "city": "", "state": "TX", "area-code": "972"}, {"id": "e81c9350d54f66c6d33b3747ee917dea", "number": "9724763580", "date": "2021-01-20 09:22:00", "subject": "4", "recorded-or-robo": "Y", "city": "Forney", "state": "TX", "area-code": "972"}, {"id": "1d36742e3f24f50e4e7ae8280126fcb7", "number": "9724763580", "date": "2021-01-20 09:22:00", "subject": "4", "recorded-or-robo": "Y", "city": "Forney", "state": "TX", "area-code": "972"}, {"id": "e81c9350d54f66c6d33b3747ee9174a7", "number": "8057931477", "date": "2021-01-22 12:31:00", "subject": "2", "recorded-or-robo": "Y", "city": "San Francisco", "state": "CA", "area-code": "415"}, {"id": "1d36742e3f24f50e4e7ae8280126ee20", "number": "8057931477", "date": "2021-01-22 12:31:00", "subject": "2", "recorded-or-robo": "Y", "city": "San Francisco", "state": "CA", "area-code": "415"}, {"id": "e81c9350d54f66c6d33b3747ee917157", "number": "7182441860", "date": "2021-01-22 00:00:00", "subject": "3", "recorded-or-robo": "", "city": "flushing", "state": "NY", "area-code": "929"}, {"id": "1d36742e3f24f50e4e7ae8280126dfd0", "number": "7182441860", "date": "2021-01-22 00:00:00", "subject": "3", "recorded-or-robo": "", "city": "flushing", "state": "NY", "area-code": "929"}, {"id": "e81c9350d54f66c6d33b3747eeb91498", "number": "8658309701", "date": "2021-01-22 22:08:37", "subject": "3", "recorded-or-robo": "Y", "city": "", "state": "TN", "area-code": "865"}, {"id": "1d36742e3f24f50e4e7ae828014e2d1c", "number": "8658309701", "date": "2021-01-22 22:08:37", "subject": "3", "recorded-or-robo": "Y", "city": "", "state": "TN", "area-code": "865"}, {"id": "e81c9350d54f66c6d33b3747eeb8f4cc", "number": "6197131482", "date": "2021-01-22 22:08:33", "subject": "3", "recorded-or-robo": "Y", "city": "", "state": "CA", "area-code": "909"}, {"id": "1d36742e3f24f50e4e7ae828014dfaa4", "number": "6197131482", "date": "2021-01-22 22:08:33", "subject": "3", "recorded-or-robo": "Y", "city": "", "state": "CA", "area-code": "909"}, {"id": "e81c9350d54f66c6d33b3747ee9169fd", "number": "3046587946", "date": "2021-01-22 20:54:00", "subject": "0", "recorded-or-robo": "Y", "city": "Clarksburg", "state": "WV", "area-code": "304"}, {"id": "1d36742e3f24f50e4e7ae8280126d0c5", "number": "3046587946", "date": "2021-01-22 20:54:00", "subject": "0", "recorded-or-robo": "Y", "city": "Clarksburg", "state": "WV", "area-code": "304"}, {"id": "e81c9350d54f66c6d33b3747ee916861", "number": "9034144831", "date": "2021-01-22 17:29:00", "subject": "4", "recorded-or-robo": "Y", "city": "Flower Mound", "state": "TX", "area-code": "214"}, {"id": "1d36742e3f24f50e4e7ae8280126cc54", "number": "9034144831", "date": "2021-01-22 17:29:00", "subject": "4", "recorded-or-robo": "Y", "city": "Flower Mound", "state": "TX", "area-code": "214"}, {"id": "e81c9350d54f66c6d33b3747eeb8fa4d", "number": "+17146136300", "date": "2021-01-22 22:07:03", "subject": "3", "recorded-or-robo": "N", "city": "", "state": "CA", "area-code": "714"}, {"id": "1d36742e3f24f50e4e7ae828014e0052", "number": "+17146136300", "date": "2021-01-22 22:07:03", "subject": "3", "recorded-or-robo": "N", "city": "", "state": "CA", "area-code": "714"}, {"id": "e81c9350d54f66c6d33b3747eeb90bcd", "number": "+19725554745", "date": "2021-01-22 22:06:52", "subject": "3", "recorded-or-robo": "Y", "city": "", "state": "TX", "area-code": "972"}, {"id": "1d36742e3f24f50e4e7ae828014e0edd", "number": "+19725554745", "date": "2021-01-22 22:06:52", "subject": "3", "recorded-or-robo": "Y", "city": "", "state": "TX", "area-code": "972"}, {"id": "e81c9350d54f66c6d33b3747ee91590a", "number": "9099203720", "date": "2021-01-22 20:01:00", "subject": "2", "recorded-or-robo": "N", "city": "Boise", "state": "ID", "area-code": "951"}, {"id": "1d36742e3f24f50e4e7ae8280126c776", "number": "9099203720", "date": "2021-01-22 20:01:00", "subject": "2", "recorded-or-robo": "N", "city": "Boise", "state": "ID", "area-code": "951"}, {"id": "e81c9350d54f66c6d33b3747eeb909d6", "number": "+13237650306", "date": "2021-01-22 22:06:40", "subject": "3", "recorded-or-robo": "N", "city": "", "state": "CA", "area-code": "714"}, {"id": "1d36742e3f24f50e4e7ae828014e0acf", "number": "+13237650306", "date": "2021-01-22 22:06:40", "subject": "3", "recorded-or-robo": "N", "city": "", "state": "CA", "area-code": "714"}, {"id": "e81c9350d54f66c6d33b3747ee91585b", "number": "3046587946", "date": "2021-01-22 19:08:00", "subject": "0", "recorded-or-robo": "Y", "city": "Clarksburg", "state": "WV", "area-code": "304"}, {"id": "1d36742e3f24f50e4e7ae8280126bcf1", "number": "3046587946", "date": "2021-01-22 19:08:00", "subject": "0", "recorded-or-robo": "Y", "city": "Clarksburg", "state": "WV", "area-code": "304"}, {"id": "e81c9350d54f66c6d33b3747eeb913d5", "number": "7377024877", "date": "2021-01-22 22:06:28", "subject": "3", "recorded-or-robo": "Y", "city": "", "state": "TX", "area-code": "210"}, {"id": "1d36742e3f24f50e4e7ae828014e24fe", "number": "7377024877", "date": "2021-01-22 22:06:28", "subject": "3", "recorded-or-robo": "Y", "city": "", "state": "TX", "area-code": "210"}, {"id": "e81c9350d54f66c6d33b3747eeb8ffc9", "number": "+14246758016", "date": "2021-01-22 22:06:22", "subject": "3", "recorded-or-robo": "Y", "city": "", "state": "TX", "area-code": "915"}]}