{"data": [{"id": "1d36742e3f24f50e4e7ae82801e9c9d7", "number": "+17279441361", "date": "2021-01-23 04:46:38", "subject": "3", "recorded-or-robo": "Y", "city": "", "state": "FL", "area-code": "727"}, {"id": "3decc6bfadaa436a105714c6ba53c5f7", "number": "+15174012527", "date": "2021-01-23 04:45:07", "subject": "3", "recorded-or-robo": "Y", "city": "", "state": "CT", "area-code": "860"}, {"id": "1d36742e3f24f50e4e7ae82801e9d3f3", "number": "+15174012527", "date": "2021-01-23 04:45:07", "subject": "3", "recorded-or-robo": "Y", "city": "", "state": "CT", "area-code": "860"}, {"id": "e81c9350d54f66c6d33b3747eec8e152", "number": "6208948933", "date": "2021-01-22 12:06:00", "subject": "1", "recorded-or-robo": "Y", "city": "Larned", "state": "KS", "area-code": "620"}, {"id": "1d36742e3f24f50e4e7ae828015dfea7", "number": "6208948933", "date": "2021-01-22 12:06:00", "subject": "1", "recorded-or-robo": "Y", "city": "Larned", "state": "KS", "area-code": "620"}, {"id": "3decc6bfadaa436a105714c6ba53c12c", "number": "+17202618513", "date": "2021-01-23 04:38:48", "subject": "3", "recorded-or-robo": "Y", "city": "", "state": "CA", "area-code": "818"}, {"id": "1d36742e3f24f50e4e7ae82801e9baa8", "number": "+17202618513", "date": "2021-01-23 04:38:48", "subject": "3", "recorded-or-robo": "Y", "city": "", "state": "CA", "area-code": "818"}, {"id": "3decc6bfadaa436a105714c6ba53bbab", "number": "+12027870912", "date": "2021-01-23 04:35:48", "subject": "3", "recorded-or-robo": "Y", "city": "", "state": "WA", "area-code": "425"}, {"id": "1d36742e3f24f50e4e7ae82801e9b167", "number": "+12027870912", "date": "2021-01-23 04:35:48", "subject": "3", "recorded-or-robo": "Y", "city": "", "state": "WA", "area-code": "425"}, {"id": "3decc6bfadaa436a105714c6ba53aca7", "number": "+12892328451", "date": "2021-01-23 04:35:36", "subject": "3", "recorded-or-robo": "Y", "city": "", "state": "WA", "area-code": "425"}, {"id": "1d36742e3f24f50e4e7ae82801e999d0", "number": "+12892328451", "date": "2021-01-23 04:35:36", "subject": "3", "recorded-or-robo": "Y", "city": "", "state": "WA", "area-code": "425"}, {"id": "3decc6bfadaa436a105714c6ba53bd7b", "number": "+19125367788", "date": "2021-01-23 04:35:19", "subject": "3", "recorded-or-robo": "Y", "city": "", "state": "WA", "area-code": "425"}, {"id": "1d36742e3f24f50e4e7ae82801e9b261", "number": "+19125367788", "date": "2021-01-23 04:35:19", "subject": "3", "recorded-or-robo": "Y", "city": "", "state": "WA", "area-code": "425"}, {"id": "3decc6bfadaa436a105714c6ba53ba5c", "number": "+19125367788", "date": "2021-01-23 04:35:01", "subject": "3", "recorded-or-robo": "Y", "city": "", "state": "WA", "area-code": "425"}, {"id": "1d36742e3f24f50e4e7ae82801e9a3f1", "number": "+19125367788", "date": "2021-01-23 04:35:01", "subject": "3", "recorded-or-robo": "Y", "city": "", "state": "WA", "area-code": "425"}, {"id": "e81c9350d54f66c6d33b3747eec8dfab", "number": "3144415946", "date": "2021-01-22 19:04:00", "subject": "1", "recorded-or-robo": "Y", "city": "Saint Louis", "state": "MO", "area-code": "314"}, {"id": "1d36742e3f24f50e4e7ae828015dfce6", "number": "3144415946", "date": "2021-01-22 19:04:00", "subject": "1", "recorded-or-robo": "Y", "city": "Saint Louis", "state": "MO", "area-code": "314"}, {"id": "e81c9350d54f66c6d33b3747eec8dc2d", "number": "5015051805", "date": "2021-01-22 10:59:00", "subject": "2", "recorded-or-robo": "Y", "city": "", "state": "AR", "area-code": "501"}, {"id": "1d36742e3f24f50e4e7ae828015df221", "number": "5015051805", "date": "2021-01-22 10:59:00", "subject": "2", "recorded-or-robo": "Y", "city": "", "state": "AR", "area-code": "501"}, {"id": "e81c9350d54f66c6d33b3747eec8d9cd", "number": "", "date": "2021-01-23 04:23:00", "subject": "1", "recorded-or-robo": "Y", "city": "Chesapeake", "state": "VA", "area-code": "757"}, {"id": "1d36742e3f24f50e4e7ae828015debcf", "number": "", "date": "2021-01-23 04:23:00", "subject": "1", "recorded-or-robo": "Y", "city": "Chesapeake", "state": "VA", "area-code": "757"}, {"id": "e81c9350d54f66c6d33b3747eec8ccc1", "number": "9083683482", "date": "2021-01-22 12:22:00", "subject": "2", "recorded-or-robo": "Y", "city": "", "state": "AR", "area-code": "501"}, {"id": "1d36742e3f24f50e4e7ae828015ddff4", "number": "9083683482", "date": "2021-01-22 12:22:00", "subject": "2", "recorded-or-robo": "Y", "city": "", "state": "AR", "area-code": "501"}, {"id": "e81c9350d54f66c6d33b3747eec8c0eb", "number": "7819173603", "date": "2021-01-22 12:25:00", "subject": "2", "recorded-or-robo": "Y", "city": "", "state": "AR", "area-code": "501"}, {"id": "1d36742e3f24f50e4e7ae828015dde06", "number": "7819173603", "date": "2021-01-22 12:25:00", "subject": "2", "recorded-or-robo": "Y", "city": "", "state": "AR", "area-code": "501"}, {"id": "3decc6bfadaa436a105714c6ba5392cb", "number": "+17708846957", "date": "2021-01-23 04:29:38", "subject": "3", "recorded-or-robo": "Y", "city": "", "state": "GA", "area-code": "678"}, {"id": "1d36742e3f24f50e4e7ae82801e982af", "number": "+17708846957", "date": "2021-01-23 04:29:38", "subject": "3", "recorded-or-robo": "Y", "city": "", "state": "GA", "area-code": "678"}, {"id": "e81c9350d54f66c6d33b3747eec8bd9f", "number": "8449623842", "date": "2021-01-22 15:03:00", "subject": "1", "recorded-or-robo": "Y", "city": "China Spring", "state": "TX", "area-code": "877"}, {"id": "1d36742e3f24f50e4e7ae828015dd4d3", "number": "8449623842", "date": "2021-01-22 15:03:00", "subject": "1", "recorded-or-robo": "Y", "city": "China Spring", "state": "TX", "area-code": "877"}, {"id": "3decc6bfadaa436a105714c6ba53a0cb", "number": "+17752042742", "date": "2021-01-23 04:28:10", "subject": "3", "recorded-or-robo": "Y", "city": "", "state": "ID", "area-code": "208"}, {"id": "1d36742e3f24f50e4e7ae82801e993d3", "number": "+17752042742", "date": "2021-01-23 04:28:10", "subject": "3", "recorded-or-robo": "Y", "city": "", "state": "ID", "area-code": "208"}, {"id": "3decc6bfadaa436a105714c6ba539b78", "number": "7852691116", "date": "2021-01-23 04:24:52", "subject": "3", "recorded-or-robo": "Y", "city": "", "state": "KS", "area-code": "785"}, {"id": "1d36742e3f24f50e4e7ae82801e98a7f", "number": "7852691116", "date": "2021-01-23 04:24:52", "subject": "3", "recorded-or-robo": "Y", "city": "", "state": "KS", "area-code": "785"}, {"id": "e81c9350d54f66c6d33b3747eec8b85e", "number": "8475510388", "date": "2021-01-22 14:25:00", "subject": "4", "recorded-or-robo": "Y", "city": "", "state": "IL", "area-code": "847"}, {"id": "1d36742e3f24f50e4e7ae828015dc61b", "number": "8475510388", "date": "2021-01-22 14:25:00", "subject": "4", "recorded-or-robo": "Y", "city": "", "state": "IL", "area-code": "847"}, {"id": "3decc6bfadaa436a105714c6ba538a7f", "number": "+18034945867", "date": "2021-01-23 04:19:35", "subject": "3", "recorded-or-robo": "Y", "city": "", "state": "TX", "area-code": "915"}, {"id": "1d36742e3f24f50e4e7ae82801e97623", "number": "+18034945867", "date": "2021-01-23 04:19:35", "subject": "3", "recorded-or-robo": "Y", "city": "", "state": "TX", "area-code": "915"}, {"id": "e81c9350d54f66c6d33b3747eec8b7a2", "number": "8500800125", "date": "2021-01-15 21:49:00", "subject": "4", "recorded-or-robo": "Y", "city": "", "state": "FL", "area-code": "850"}, {"id": "1d36742e3f24f50e4e7ae828015db6ea", "number": "8500800125", "date": "2021-01-15 21:49:00", "subject": "4", "recorded-or-robo": "Y", "city": "", "state": "FL", "area-code": "850"}, {"id": "e81c9350d54f66c6d33b3747eec8adb9", "number": "8508080125", "date": "2021-01-16 00:11:00", "subject": "4", "recorded-or-robo": "Y", "city": "", "state": "FL", "area-code": "850"}, {"id": "1d36742e3f24f50e4e7ae828015db049", "number": "8508080125", "date": "2021-01-16 00:11:00", "subject": "4", "recorded-or-robo": "Y", "city": "", "state": "FL", "area-code": "850"}, {"id": "e81c9350d54f66c6d33b3747eec8a326", "number": "6208948933", "date": "2021-01-22 12:00:00", "subject": "1", "recorded-or-robo": "N", "city": "Larned", "state": "KS", "area-code": "620"}, {"id": "1d36742e3f24f50e4e7ae828015dafbb", "number": "6208948933", "date": "2021-01-22 12:00:00", "subject": "1", "recorded-or-robo": "N", "city": "Larned", "state": "KS", "area-code": "620"}, {"id": "e81c9350d54f66c6d33b3747eec89708", "number": "7374043790", "date": "2021-01-22 18:59:00", "subject": "2", "recorded-or-robo": "N", "city": "Creve Coeur", "state": "IL", "area-code": "309"}, {"id": "1d36742e3f24f50e4e7ae828015dae24", "number": "7374043790", "date": "2021-01-22 18:59:00", "subject": "2", "recorded-or-robo": "N", "city": "Creve Coeur", "state": "IL", "area-code": "309"}, {"id": "3decc6bfadaa436a105714c6ba53886a", "number": "8775815373", "date": "2021-01-23 04:15:22", "subject": "3", "recorded-or-robo": "N", "city": "", "state": "FL", "area-code": "813"}, {"id": "1d36742e3f24f50e4e7ae82801e975ca", "number": "8775815373", "date": "2021-01-23 04:15:22", "subject": "3", "recorded-or-robo": "N", "city": "", "state": "FL", "area-code": "813"}, {"id": "3decc6bfadaa436a105714c6ba538355", "number": "+18087972439", "date": "2021-01-23 04:12:05", "subject": "3", "recorded-or-robo": "Y", "city": "", "state": "HI", "area-code": "808"}, {"id": "1d36742e3f24f50e4e7ae82801e97416", "number": "+18087972439", "date": "2021-01-23 04:12:05", "subject": "3", "recorded-or-robo": "Y", "city": "", "state": "HI", "area-code": "808"}, {"id": "e81c9350d54f66c6d33b3747eec88c00", "number": "4693446269", "date": "2021-01-14 15:58:00", "subject": "3", "recorded-or-robo": "N", "city": "", "state": "NJ", "area-code": "908"}]}