{"data": [{"id": "1d36742e3f24f50e4e7ae828012d7972", "number": "7627285086", "date": "2021-01-22 15:22:00", "subject": "0", "recorded-or-robo": "", "city": "", "state": "GA", "area-code": "678"}, {"id": "e81c9350d54f66c6d33b3747eec260b6", "number": "9549052272", "date": "2021-01-22 23:33:02", "subject": "3", "recorded-or-robo": "Y", "city": "", "state": "CA", "area-code": "925"}, {"id": "1d36742e3f24f50e4e7ae82801577a5c", "number": "9549052272", "date": "2021-01-22 23:33:02", "subject": "3", "recorded-or-robo": "Y", "city": "", "state": "CA", "area-code": "925"}, {"id": "e81c9350d54f66c6d33b3747eec2791b", "number": "9549052272", "date": "2021-01-22 23:33:01", "subject": "3", "recorded-or-robo": "Y", "city": "", "state": "CA", "area-code": "925"}, {"id": "1d36742e3f24f50e4e7ae8280157a079", "number": "9549052272", "date": "2021-01-22 23:33:01", "subject": "3", "recorded-or-robo": "Y", "city": "", "state": "CA", "area-code": "925"}, {"id": "e81c9350d54f66c6d33b3747eec263d2", "number": "7276085779", "date": "2021-01-22 23:32:45", "subject": "3", "recorded-or-robo": "Y", "city": "", "state": "FL", "area-code": "813"}, {"id": "1d36742e3f24f50e4e7ae8280157830b", "number": "7276085779", "date": "2021-01-22 23:32:45", "subject": "3", "recorded-or-robo": "Y", "city": "", "state": "FL", "area-code": "813"}, {"id": "e81c9350d54f66c6d33b3747ee982244", "number": "8037183745", "date": "2021-01-20 15:26:00", "subject": "0", "recorded-or-robo": "Y", "city": "Moore", "state": "SC", "area-code": "864"}, {"id": "1d36742e3f24f50e4e7ae828012d7922", "number": "8037183745", "date": "2021-01-20 15:26:00", "subject": "0", "recorded-or-robo": "Y", "city": "Moore", "state": "SC", "area-code": "864"}, {"id": "e81c9350d54f66c6d33b3747ee98177c", "number": "3602688843", "date": "2021-01-22 11:18:00", "subject": "0", "recorded-or-robo": "Y", "city": "", "state": "WA", "area-code": "206"}, {"id": "1d36742e3f24f50e4e7ae828012d7443", "number": "3602688843", "date": "2021-01-22 11:18:00", "subject": "0", "recorded-or-robo": "Y", "city": "", "state": "WA", "area-code": "206"}, {"id": "e81c9350d54f66c6d33b3747eec26c72", "number": "9257321635", "date": "2021-01-22 23:31:51", "subject": "3", "recorded-or-robo": "Y", "city": "", "state": "CA", "area-code": "925"}, {"id": "1d36742e3f24f50e4e7ae82801579202", "number": "9257321635", "date": "2021-01-22 23:31:51", "subject": "3", "recorded-or-robo": "Y", "city": "", "state": "CA", "area-code": "925"}, {"id": "e81c9350d54f66c6d33b3747ee98140c", "number": "8471999612", "date": "2021-01-22 17:09:00", "subject": "1", "recorded-or-robo": "Y", "city": "Lake Zurich", "state": "IL", "area-code": "847"}, {"id": "1d36742e3f24f50e4e7ae828012d6cf2", "number": "8471999612", "date": "2021-01-22 17:09:00", "subject": "1", "recorded-or-robo": "Y", "city": "Lake Zurich", "state": "IL", "area-code": "847"}, {"id": "e81c9350d54f66c6d33b3747eec2b1df", "number": "6198813333", "date": "2021-01-22 23:31:38", "subject": "3", "recorded-or-robo": "Y", "city": "", "state": "CA", "area-code": "424"}, {"id": "1d36742e3f24f50e4e7ae8280157f033", "number": "6198813333", "date": "2021-01-22 23:31:38", "subject": "3", "recorded-or-robo": "Y", "city": "", "state": "CA", "area-code": "424"}, {"id": "e81c9350d54f66c6d33b3747eec27f29", "number": "+12145999346", "date": "2021-01-22 23:31:18", "subject": "3", "recorded-or-robo": "Y", "city": "", "state": "TX", "area-code": "214"}, {"id": "1d36742e3f24f50e4e7ae8280157a686", "number": "+12145999346", "date": "2021-01-22 23:31:18", "subject": "3", "recorded-or-robo": "Y", "city": "", "state": "TX", "area-code": "214"}, {"id": "e81c9350d54f66c6d33b3747ee981095", "number": "", "date": "2020-12-19 15:51:00", "subject": "2", "recorded-or-robo": "Y", "city": "Bronx", "state": "NY", "area-code": "917"}, {"id": "1d36742e3f24f50e4e7ae828012d6796", "number": "", "date": "2020-12-19 15:51:00", "subject": "2", "recorded-or-robo": "Y", "city": "Bronx", "state": "NY", "area-code": "917"}, {"id": "e81c9350d54f66c6d33b3747ee9804e9", "number": "8037183745", "date": "2021-01-20 15:26:00", "subject": "2", "recorded-or-robo": "Y", "city": "Moore", "state": "SC", "area-code": "864"}, {"id": "1d36742e3f24f50e4e7ae828012d64b3", "number": "8037183745", "date": "2021-01-20 15:26:00", "subject": "2", "recorded-or-robo": "Y", "city": "Moore", "state": "SC", "area-code": "864"}, {"id": "e81c9350d54f66c6d33b3747eec2b8c8", "number": "4156870535", "date": "2021-01-22 23:30:04", "subject": "3", "recorded-or-robo": "N", "city": "", "state": "CA", "area-code": "415"}, {"id": "1d36742e3f24f50e4e7ae8280158011b", "number": "4156870535", "date": "2021-01-22 23:30:04", "subject": "3", "recorded-or-robo": "N", "city": "", "state": "CA", "area-code": "415"}, {"id": "e81c9350d54f66c6d33b3747ee980253", "number": "9044957203", "date": "2021-01-22 16:07:00", "subject": "4", "recorded-or-robo": "Y", "city": "Orange Park", "state": "FL", "area-code": "904"}, {"id": "1d36742e3f24f50e4e7ae828012d63d4", "number": "9044957203", "date": "2021-01-22 16:07:00", "subject": "4", "recorded-or-robo": "Y", "city": "Orange Park", "state": "FL", "area-code": "904"}, {"id": "e81c9350d54f66c6d33b3747eec1dfa6", "number": "7206295794", "date": "2021-01-22 23:29:50", "subject": "3", "recorded-or-robo": "Y", "city": "", "state": "VA", "area-code": "571"}, {"id": "1d36742e3f24f50e4e7ae8280156f654", "number": "7206295794", "date": "2021-01-22 23:29:50", "subject": "3", "recorded-or-robo": "Y", "city": "", "state": "VA", "area-code": "571"}, {"id": "e81c9350d54f66c6d33b3747eec1fd16", "number": "8327454087", "date": "2021-01-22 23:29:47", "subject": "3", "recorded-or-robo": "Y", "city": "", "state": "TX", "area-code": "972"}, {"id": "1d36742e3f24f50e4e7ae828015703e2", "number": "8327454087", "date": "2021-01-22 23:29:47", "subject": "3", "recorded-or-robo": "Y", "city": "", "state": "TX", "area-code": "972"}, {"id": "e81c9350d54f66c6d33b3747eec1d9a4", "number": "7149644798", "date": "2021-01-22 23:29:40", "subject": "3", "recorded-or-robo": "Y", "city": "", "state": "CA", "area-code": "424"}, {"id": "1d36742e3f24f50e4e7ae8280156e8ce", "number": "7149644798", "date": "2021-01-22 23:29:40", "subject": "3", "recorded-or-robo": "Y", "city": "", "state": "CA", "area-code": "424"}, {"id": "e81c9350d54f66c6d33b3747eec24226", "number": "9853601070", "date": "2021-01-22 23:29:37", "subject": "3", "recorded-or-robo": "Y", "city": "", "state": "VA", "area-code": "571"}, {"id": "1d36742e3f24f50e4e7ae82801575c37", "number": "9853601070", "date": "2021-01-22 23:29:37", "subject": "3", "recorded-or-robo": "Y", "city": "", "state": "VA", "area-code": "571"}, {"id": "e81c9350d54f66c6d33b3747eec23f92", "number": "8507954695", "date": "2021-01-22 23:29:32", "subject": "3", "recorded-or-robo": "Y", "city": "", "state": "FL", "area-code": "305"}, {"id": "1d36742e3f24f50e4e7ae82801574d42", "number": "8507954695", "date": "2021-01-22 23:29:32", "subject": "3", "recorded-or-robo": "Y", "city": "", "state": "FL", "area-code": "305"}, {"id": "e81c9350d54f66c6d33b3747eec20773", "number": "5713029711", "date": "2021-01-22 23:29:25", "subject": "3", "recorded-or-robo": "Y", "city": "", "state": "VA", "area-code": "571"}, {"id": "1d36742e3f24f50e4e7ae828015705cd", "number": "5713029711", "date": "2021-01-22 23:29:25", "subject": "3", "recorded-or-robo": "Y", "city": "", "state": "VA", "area-code": "571"}, {"id": "e81c9350d54f66c6d33b3747eec25cdb", "number": "8507954695", "date": "2021-01-22 23:29:14", "subject": "3", "recorded-or-robo": "Y", "city": "", "state": "FL", "area-code": "305"}, {"id": "1d36742e3f24f50e4e7ae82801577842", "number": "8507954695", "date": "2021-01-22 23:29:14", "subject": "3", "recorded-or-robo": "Y", "city": "", "state": "FL", "area-code": "305"}, {"id": "e81c9350d54f66c6d33b3747ee97f372", "number": "8648548406", "date": "2021-01-21 21:47:00", "subject": "2", "recorded-or-robo": "Y", "city": "Moore", "state": "SC", "area-code": "864"}, {"id": "1d36742e3f24f50e4e7ae828012d5859", "number": "8648548406", "date": "2021-01-21 21:47:00", "subject": "2", "recorded-or-robo": "Y", "city": "Moore", "state": "SC", "area-code": "864"}, {"id": "e81c9350d54f66c6d33b3747eec241b3", "number": "6264259373", "date": "2021-01-22 23:28:17", "subject": "3", "recorded-or-robo": "Y", "city": "", "state": "CA", "area-code": "626"}, {"id": "1d36742e3f24f50e4e7ae82801575256", "number": "6264259373", "date": "2021-01-22 23:28:17", "subject": "3", "recorded-or-robo": "Y", "city": "", "state": "CA", "area-code": "626"}, {"id": "e81c9350d54f66c6d33b3747eec24c33", "number": "+15203275315", "date": "2021-01-22 23:28:12", "subject": "3", "recorded-or-robo": "Y", "city": "", "state": "AZ", "area-code": "520"}, {"id": "1d36742e3f24f50e4e7ae82801576945", "number": "+15203275315", "date": "2021-01-22 23:28:12", "subject": "3", "recorded-or-robo": "Y", "city": "", "state": "AZ", "area-code": "520"}, {"id": "e81c9350d54f66c6d33b3747eec1fde3", "number": "6615200193", "date": "2021-01-22 23:28:09", "subject": "3", "recorded-or-robo": "Y", "city": "", "state": "CA", "area-code": "661"}, {"id": "1d36742e3f24f50e4e7ae82801570476", "number": "6615200193", "date": "2021-01-22 23:28:09", "subject": "3", "recorded-or-robo": "Y", "city": "", "state": "CA", "area-code": "661"}, {"id": "e81c9350d54f66c6d33b3747eec1f0ce", "number": "2487443990", "date": "2021-01-22 23:27:56", "subject": "3", "recorded-or-robo": "Y", "city": "", "state": "MI", "area-code": "248"}]}