{"data": [{"id": "1d36742e3f24f50e4e7ae82801595665", "number": "+16514585451", "date": "2021-01-22 23:49:49", "subject": "3", "recorded-or-robo": "Y", "city": "", "state": "TX", "area-code": "512"}, {"id": "e81c9350d54f66c6d33b3747ee99bda5", "number": "8648416082", "date": "2021-01-18 16:56:00", "subject": "0", "recorded-or-robo": "Y", "city": "Moore", "state": "SC", "area-code": "864"}, {"id": "1d36742e3f24f50e4e7ae828012efe91", "number": "8648416082", "date": "2021-01-18 16:56:00", "subject": "0", "recorded-or-robo": "Y", "city": "Moore", "state": "SC", "area-code": "864"}, {"id": "e81c9350d54f66c6d33b3747eec424e8", "number": "4044161695", "date": "2021-01-22 23:49:28", "subject": "3", "recorded-or-robo": "Y", "city": "", "state": "CA", "area-code": "949"}, {"id": "e81c9350d54f66c6d33b3747ee99b85f", "number": "2705088338", "date": "2021-01-21 15:45:00", "subject": "2", "recorded-or-robo": "Y", "city": "", "state": "KY", "area-code": "270"}, {"id": "1d36742e3f24f50e4e7ae82801597344", "number": "4044161695", "date": "2021-01-22 23:49:28", "subject": "3", "recorded-or-robo": "Y", "city": "", "state": "CA", "area-code": "949"}, {"id": "1d36742e3f24f50e4e7ae828012ef0fd", "number": "2705088338", "date": "2021-01-21 15:45:00", "subject": "2", "recorded-or-robo": "Y", "city": "", "state": "KY", "area-code": "270"}, {"id": "e81c9350d54f66c6d33b3747eec3c5c6", "number": "6612470643", "date": "2021-01-22 23:49:21", "subject": "3", "recorded-or-robo": "Y", "city": "", "state": "CA", "area-code": "661"}, {"id": "1d36742e3f24f50e4e7ae82801591427", "number": "6612470643", "date": "2021-01-22 23:49:21", "subject": "3", "recorded-or-robo": "Y", "city": "", "state": "CA", "area-code": "661"}, {"id": "e81c9350d54f66c6d33b3747ee99b34d", "number": "3236602704", "date": "2021-01-21 09:48:00", "subject": "2", "recorded-or-robo": "N", "city": "", "state": "CA", "area-code": "323"}, {"id": "1d36742e3f24f50e4e7ae828012eeaf3", "number": "3236602704", "date": "2021-01-21 09:48:00", "subject": "2", "recorded-or-robo": "N", "city": "", "state": "CA", "area-code": "323"}, {"id": "e81c9350d54f66c6d33b3747ee99a929", "number": "8332297972", "date": "2021-01-22 15:46:00", "subject": "3", "recorded-or-robo": "N", "city": "", "state": "OH", "area-code": "216"}, {"id": "1d36742e3f24f50e4e7ae828012ee79f", "number": "8332297972", "date": "2021-01-22 15:46:00", "subject": "3", "recorded-or-robo": "N", "city": "", "state": "OH", "area-code": "216"}, {"id": "e81c9350d54f66c6d33b3747eec4023b", "number": "+18663691368", "date": "2021-01-22 23:48:49", "subject": "3", "recorded-or-robo": "Y", "city": "", "state": "MI", "area-code": "734"}, {"id": "1d36742e3f24f50e4e7ae8280159473b", "number": "+18663691368", "date": "2021-01-22 23:48:49", "subject": "3", "recorded-or-robo": "Y", "city": "", "state": "MI", "area-code": "734"}, {"id": "e81c9350d54f66c6d33b3747ee99a0d7", "number": "2702126570", "date": "2021-01-21 17:43:00", "subject": "2", "recorded-or-robo": "Y", "city": "", "state": "KY", "area-code": "270"}, {"id": "1d36742e3f24f50e4e7ae828012ee657", "number": "2702126570", "date": "2021-01-21 17:43:00", "subject": "2", "recorded-or-robo": "Y", "city": "", "state": "KY", "area-code": "270"}, {"id": "e81c9350d54f66c6d33b3747eec3ccd7", "number": "2088961510", "date": "2021-01-22 23:48:06", "subject": "3", "recorded-or-robo": "Y", "city": "", "state": "PA", "area-code": "717"}, {"id": "e81c9350d54f66c6d33b3747ee9993af", "number": "8148376540", "date": "2021-01-18 12:48:00", "subject": "3", "recorded-or-robo": "N", "city": "", "state": "PA", "area-code": "814"}, {"id": "1d36742e3f24f50e4e7ae82801592241", "number": "2088961510", "date": "2021-01-22 23:48:06", "subject": "3", "recorded-or-robo": "Y", "city": "", "state": "PA", "area-code": "717"}, {"id": "1d36742e3f24f50e4e7ae828012ed84d", "number": "8148376540", "date": "2021-01-18 12:48:00", "subject": "3", "recorded-or-robo": "N", "city": "", "state": "PA", "area-code": "814"}, {"id": "e81c9350d54f66c6d33b3747eec428f6", "number": "+19159008917", "date": "2021-01-22 23:47:57", "subject": "3", "recorded-or-robo": "Y", "city": "", "state": "TX", "area-code": "915"}, {"id": "1d36742e3f24f50e4e7ae82801597c08", "number": "+19159008917", "date": "2021-01-22 23:47:57", "subject": "3", "recorded-or-robo": "Y", "city": "", "state": "TX", "area-code": "915"}, {"id": "e81c9350d54f66c6d33b3747ee998ecf", "number": "3233490772", "date": "2021-01-19 12:44:00", "subject": "2", "recorded-or-robo": "N", "city": "", "state": "CA", "area-code": "323"}, {"id": "1d36742e3f24f50e4e7ae828012ed2ec", "number": "3233490772", "date": "2021-01-19 12:44:00", "subject": "2", "recorded-or-robo": "N", "city": "", "state": "CA", "area-code": "323"}, {"id": "e81c9350d54f66c6d33b3747eec734f8", "number": "9095050837", "date": "2021-01-22 19:06:00", "subject": "3", "recorded-or-robo": "N", "city": "", "state": "NC", "area-code": "336"}, {"id": "1d36742e3f24f50e4e7ae828015c7a9f", "number": "9095050837", "date": "2021-01-22 19:06:00", "subject": "3", "recorded-or-robo": "N", "city": "", "state": "NC", "area-code": "336"}, {"id": "e81c9350d54f66c6d33b3747ee9985c7", "number": "3317716128", "date": "2021-01-22 15:22:00", "subject": "3", "recorded-or-robo": "Y", "city": "", "state": "CA", "area-code": "714"}, {"id": "1d36742e3f24f50e4e7ae828012eca4e", "number": "3317716128", "date": "2021-01-22 15:22:00", "subject": "3", "recorded-or-robo": "Y", "city": "", "state": "CA", "area-code": "714"}, {"id": "e81c9350d54f66c6d33b3747ee997b28", "number": "8332297967", "date": "2021-01-22 09:45:00", "subject": "3", "recorded-or-robo": "N", "city": "", "state": "OH", "area-code": "216"}, {"id": "1d36742e3f24f50e4e7ae828012eaeda", "number": "8332297967", "date": "2021-01-22 09:45:00", "subject": "3", "recorded-or-robo": "N", "city": "", "state": "OH", "area-code": "216"}, {"id": "e81c9350d54f66c6d33b3747ee997f43", "number": "2708610005", "date": "2021-01-22 10:57:00", "subject": "2", "recorded-or-robo": "Y", "city": "", "state": "KY", "area-code": "270"}, {"id": "1d36742e3f24f50e4e7ae828012ebb88", "number": "2708610005", "date": "2021-01-22 10:57:00", "subject": "2", "recorded-or-robo": "Y", "city": "", "state": "KY", "area-code": "270"}, {"id": "e81c9350d54f66c6d33b3747ee997489", "number": "2029982869", "date": "2021-01-21 17:32:00", "subject": "2", "recorded-or-robo": "Y", "city": "Sterrett", "state": "AL", "area-code": "205"}, {"id": "1d36742e3f24f50e4e7ae828012eae83", "number": "2029982869", "date": "2021-01-21 17:32:00", "subject": "2", "recorded-or-robo": "Y", "city": "Sterrett", "state": "AL", "area-code": "205"}, {"id": "e81c9350d54f66c6d33b3747eec3b560", "number": "+15407785391", "date": "2021-01-22 23:46:09", "subject": "3", "recorded-or-robo": "Y", "city": "", "state": "TX", "area-code": "214"}, {"id": "1d36742e3f24f50e4e7ae82801591017", "number": "+15407785391", "date": "2021-01-22 23:46:09", "subject": "3", "recorded-or-robo": "Y", "city": "", "state": "TX", "area-code": "214"}, {"id": "e81c9350d54f66c6d33b3747ee9962ea", "number": "2162529835", "date": "2021-01-22 09:38:00", "subject": "3", "recorded-or-robo": "N", "city": "", "state": "OH", "area-code": "216"}, {"id": "1d36742e3f24f50e4e7ae828012ea039", "number": "2162529835", "date": "2021-01-22 09:38:00", "subject": "3", "recorded-or-robo": "N", "city": "", "state": "OH", "area-code": "216"}, {"id": "e81c9350d54f66c6d33b3747ee9972dd", "number": "3344748251", "date": "2021-01-21 12:35:00", "subject": "2", "recorded-or-robo": "Y", "city": "Sterrett", "state": "AL", "area-code": "205"}, {"id": "1d36742e3f24f50e4e7ae828012ead7b", "number": "3344748251", "date": "2021-01-21 12:35:00", "subject": "2", "recorded-or-robo": "Y", "city": "Sterrett", "state": "AL", "area-code": "205"}, {"id": "e81c9350d54f66c6d33b3747ee996861", "number": "2702142167", "date": "2021-01-22 15:44:00", "subject": "2", "recorded-or-robo": "Y", "city": "", "state": "KY", "area-code": "270"}, {"id": "1d36742e3f24f50e4e7ae828012ea9c6", "number": "2702142167", "date": "2021-01-22 15:44:00", "subject": "2", "recorded-or-robo": "Y", "city": "", "state": "KY", "area-code": "270"}, {"id": "e81c9350d54f66c6d33b3747eec39cdc", "number": "+19362095849", "date": "2021-01-22 23:45:21", "subject": "3", "recorded-or-robo": "Y", "city": "", "state": "TX", "area-code": "936"}, {"id": "1d36742e3f24f50e4e7ae8280158f247", "number": "+19362095849", "date": "2021-01-22 23:45:21", "subject": "3", "recorded-or-robo": "Y", "city": "", "state": "TX", "area-code": "936"}, {"id": "e81c9350d54f66c6d33b3747eec37a7e", "number": "+17542193404", "date": "2021-01-22 23:45:15", "subject": "3", "recorded-or-robo": "Y", "city": "", "state": "NV", "area-code": "702"}, {"id": "1d36742e3f24f50e4e7ae8280158d40d", "number": "+17542193404", "date": "2021-01-22 23:45:15", "subject": "3", "recorded-or-robo": "Y", "city": "", "state": "NV", "area-code": "702"}, {"id": "e81c9350d54f66c6d33b3747ee995a72", "number": "6098318387", "date": "2021-01-15 12:39:00", "subject": "0", "recorded-or-robo": "", "city": "", "state": "MD", "area-code": "443"}, {"id": "1d36742e3f24f50e4e7ae828012e97db", "number": "6098318387", "date": "2021-01-15 12:39:00", "subject": "0", "recorded-or-robo": "", "city": "", "state": "MD", "area-code": "443"}, {"id": "e81c9350d54f66c6d33b3747eec73364", "number": "9494096104", "date": "2021-01-22 18:34:00", "subject": "3", "recorded-or-robo": "N", "city": "", "state": "NC", "area-code": "336"}]}