{"data": [{"id": "1d36742e3f24f50e4e7ae8280129695c", "number": "2184361144", "date": "2021-01-21 17:46:00", "subject": "2", "recorded-or-robo": "Y", "city": "", "state": "OR", "area-code": "541"}, {"id": "e81c9350d54f66c6d33b3747ee93d4e2", "number": "6042440138", "date": "2021-01-22 14:00:00", "subject": "2", "recorded-or-robo": "Y", "city": "FREMONT", "state": "OH", "area-code": "419"}, {"id": "1d36742e3f24f50e4e7ae82801296781", "number": "6042440138", "date": "2021-01-22 14:00:00", "subject": "2", "recorded-or-robo": "Y", "city": "FREMONT", "state": "OH", "area-code": "419"}, {"id": "e81c9350d54f66c6d33b3747ee93c79e", "number": "4144607925", "date": "2021-01-22 13:40:00", "subject": "6", "recorded-or-robo": "Y", "city": "simi valley", "state": "CA", "area-code": "805"}, {"id": "1d36742e3f24f50e4e7ae82801295a5e", "number": "4144607925", "date": "2021-01-22 13:40:00", "subject": "6", "recorded-or-robo": "Y", "city": "simi valley", "state": "CA", "area-code": "805"}, {"id": "e81c9350d54f66c6d33b3747ee93c156", "number": "7022571007", "date": "2021-01-22 16:54:00", "subject": "2", "recorded-or-robo": "Y", "city": "Harvest", "state": "AL", "area-code": "256"}, {"id": "1d36742e3f24f50e4e7ae828012959f2", "number": "7022571007", "date": "2021-01-22 16:54:00", "subject": "2", "recorded-or-robo": "Y", "city": "Harvest", "state": "AL", "area-code": "256"}, {"id": "e81c9350d54f66c6d33b3747eebc8f67", "number": "9722080099", "date": "2021-01-22 22:41:09", "subject": "3", "recorded-or-robo": "N", "city": "", "state": "TX", "area-code": "214"}, {"id": "1d36742e3f24f50e4e7ae8280151c5c9", "number": "9722080099", "date": "2021-01-22 22:41:09", "subject": "3", "recorded-or-robo": "N", "city": "", "state": "TX", "area-code": "214"}, {"id": "e81c9350d54f66c6d33b3747eebd24cb", "number": "9722080099", "date": "2021-01-22 22:41:08", "subject": "3", "recorded-or-robo": "N", "city": "", "state": "TX", "area-code": "214"}, {"id": "1d36742e3f24f50e4e7ae82801527d75", "number": "9722080099", "date": "2021-01-22 22:41:08", "subject": "3", "recorded-or-robo": "N", "city": "", "state": "TX", "area-code": "214"}, {"id": "e81c9350d54f66c6d33b3747eebcd5bd", "number": "+16163278904", "date": "2021-01-22 22:40:53", "subject": "3", "recorded-or-robo": "Y", "city": "", "state": "MI", "area-code": "734"}, {"id": "e81c9350d54f66c6d33b3747ee93ab14", "number": "4057796024", "date": "2021-01-22 11:54:00", "subject": "2", "recorded-or-robo": "", "city": "Mililani", "state": "HI", "area-code": "808"}, {"id": "1d36742e3f24f50e4e7ae82801522eb8", "number": "+16163278904", "date": "2021-01-22 22:40:53", "subject": "3", "recorded-or-robo": "Y", "city": "", "state": "MI", "area-code": "734"}, {"id": "1d36742e3f24f50e4e7ae82801293b72", "number": "4057796024", "date": "2021-01-22 11:54:00", "subject": "2", "recorded-or-robo": "", "city": "Mililani", "state": "HI", "area-code": "808"}, {"id": "e81c9350d54f66c6d33b3747ee939d2e", "number": "6157523801", "date": "2021-01-22 13:25:00", "subject": "1", "recorded-or-robo": "Y", "city": "Saint Louis", "state": "MO", "area-code": "314"}, {"id": "1d36742e3f24f50e4e7ae82801293231", "number": "6157523801", "date": "2021-01-22 13:25:00", "subject": "1", "recorded-or-robo": "Y", "city": "Saint Louis", "state": "MO", "area-code": "314"}, {"id": "e81c9350d54f66c6d33b3747ee939011", "number": "9563382181", "date": "2021-01-22 16:37:00", "subject": "0", "recorded-or-robo": "Y", "city": "", "state": "CO", "area-code": "303"}, {"id": "1d36742e3f24f50e4e7ae8280129265d", "number": "9563382181", "date": "2021-01-22 16:37:00", "subject": "0", "recorded-or-robo": "Y", "city": "", "state": "CO", "area-code": "303"}, {"id": "e81c9350d54f66c6d33b3747ee9383e0", "number": "8016580623", "date": "2021-01-21 15:18:00", "subject": "2", "recorded-or-robo": "N", "city": "Ogden", "state": "UT", "area-code": "801"}, {"id": "1d36742e3f24f50e4e7ae82801291825", "number": "8016580623", "date": "2021-01-21 15:18:00", "subject": "2", "recorded-or-robo": "N", "city": "Ogden", "state": "UT", "area-code": "801"}, {"id": "e81c9350d54f66c6d33b3747ee9383cc", "number": "2134852649", "date": "2020-12-31 13:37:00", "subject": "2", "recorded-or-robo": "Y", "city": "Rockville", "state": "CA", "area-code": "310"}, {"id": "1d36742e3f24f50e4e7ae828012913c4", "number": "2134852649", "date": "2020-12-31 13:37:00", "subject": "2", "recorded-or-robo": "Y", "city": "Rockville", "state": "CA", "area-code": "310"}, {"id": "e81c9350d54f66c6d33b3747ee937791", "number": "7257805391", "date": "2021-01-22 10:46:00", "subject": "2", "recorded-or-robo": "", "city": "Mililani", "state": "HI", "area-code": "808"}, {"id": "1d36742e3f24f50e4e7ae82801290d7d", "number": "7257805391", "date": "2021-01-22 10:46:00", "subject": "2", "recorded-or-robo": "", "city": "Mililani", "state": "HI", "area-code": "808"}, {"id": "e81c9350d54f66c6d33b3747ee936f71", "number": "7184993089", "date": "2021-01-22 11:44:00", "subject": "5", "recorded-or-robo": "Y", "city": "", "state": "NY", "area-code": "718"}, {"id": "1d36742e3f24f50e4e7ae828012901da", "number": "7184993089", "date": "2021-01-22 11:44:00", "subject": "5", "recorded-or-robo": "Y", "city": "", "state": "NY", "area-code": "718"}, {"id": "e81c9350d54f66c6d33b3747eebd28cc", "number": "4157275177", "date": "2021-01-22 22:39:33", "subject": "3", "recorded-or-robo": "Y", "city": "", "state": "CA", "area-code": "415"}, {"id": "1d36742e3f24f50e4e7ae8280152816a", "number": "4157275177", "date": "2021-01-22 22:39:33", "subject": "3", "recorded-or-robo": "Y", "city": "", "state": "CA", "area-code": "415"}, {"id": "e81c9350d54f66c6d33b3747eebc8d9e", "number": "4157275177", "date": "2021-01-22 22:39:30", "subject": "3", "recorded-or-robo": "Y", "city": "", "state": "CA", "area-code": "415"}, {"id": "1d36742e3f24f50e4e7ae8280151b96c", "number": "4157275177", "date": "2021-01-22 22:39:30", "subject": "3", "recorded-or-robo": "Y", "city": "", "state": "CA", "area-code": "415"}, {"id": "e81c9350d54f66c6d33b3747eebc498a", "number": "4157275177", "date": "2021-01-22 22:39:29", "subject": "3", "recorded-or-robo": "Y", "city": "", "state": "CA", "area-code": "415"}, {"id": "1d36742e3f24f50e4e7ae82801517c69", "number": "4157275177", "date": "2021-01-22 22:39:29", "subject": "3", "recorded-or-robo": "Y", "city": "", "state": "CA", "area-code": "415"}, {"id": "e81c9350d54f66c6d33b3747ee936f24", "number": "", "date": "2021-01-22 08:23:00", "subject": "5", "recorded-or-robo": "", "city": "Mililani", "state": "HI", "area-code": "808"}, {"id": "1d36742e3f24f50e4e7ae8280128fc73", "number": "", "date": "2021-01-22 08:23:00", "subject": "5", "recorded-or-robo": "", "city": "Mililani", "state": "HI", "area-code": "808"}, {"id": "e81c9350d54f66c6d33b3747eebcb362", "number": "+12147144023", "date": "2021-01-22 22:38:47", "subject": "3", "recorded-or-robo": "Y", "city": "", "state": "TX", "area-code": "254"}, {"id": "1d36742e3f24f50e4e7ae82801520319", "number": "+12147144023", "date": "2021-01-22 22:38:47", "subject": "3", "recorded-or-robo": "Y", "city": "", "state": "TX", "area-code": "254"}, {"id": "e81c9350d54f66c6d33b3747eebce975", "number": "5709084849", "date": "2021-01-22 22:38:46", "subject": "3", "recorded-or-robo": "Y", "city": "", "state": "PA", "area-code": "570"}, {"id": "1d36742e3f24f50e4e7ae828015246ec", "number": "5709084849", "date": "2021-01-22 22:38:46", "subject": "3", "recorded-or-robo": "Y", "city": "", "state": "PA", "area-code": "570"}, {"id": "e81c9350d54f66c6d33b3747eebc7545", "number": "+17142371030", "date": "2021-01-22 22:38:40", "subject": "3", "recorded-or-robo": "Y", "city": "", "state": "CA", "area-code": "714"}, {"id": "1d36742e3f24f50e4e7ae828015197d8", "number": "+17142371030", "date": "2021-01-22 22:38:40", "subject": "3", "recorded-or-robo": "Y", "city": "", "state": "CA", "area-code": "714"}, {"id": "e81c9350d54f66c6d33b3747eebccc99", "number": "+18176345515", "date": "2021-01-22 22:38:38", "subject": "3", "recorded-or-robo": "Y", "city": "", "state": "TX", "area-code": "817"}, {"id": "1d36742e3f24f50e4e7ae82801522cd5", "number": "+18176345515", "date": "2021-01-22 22:38:38", "subject": "3", "recorded-or-robo": "Y", "city": "", "state": "TX", "area-code": "817"}, {"id": "e81c9350d54f66c6d33b3747eebc79cf", "number": "4159591662", "date": "2021-01-22 22:38:36", "subject": "3", "recorded-or-robo": "Y", "city": "", "state": "CA", "area-code": "415"}, {"id": "1d36742e3f24f50e4e7ae8280151a610", "number": "4159591662", "date": "2021-01-22 22:38:36", "subject": "3", "recorded-or-robo": "Y", "city": "", "state": "CA", "area-code": "415"}, {"id": "e81c9350d54f66c6d33b3747eebd01ab", "number": "4159591662", "date": "2021-01-22 22:38:33", "subject": "3", "recorded-or-robo": "Y", "city": "", "state": "CA", "area-code": "415"}, {"id": "e81c9350d54f66c6d33b3747ee936aca", "number": "6174021000", "date": "2021-01-19 10:30:00", "subject": "2", "recorded-or-robo": "Y", "city": "Rockville", "state": "MD", "area-code": "310"}, {"id": "1d36742e3f24f50e4e7ae82801525b01", "number": "4159591662", "date": "2021-01-22 22:38:33", "subject": "3", "recorded-or-robo": "Y", "city": "", "state": "CA", "area-code": "415"}, {"id": "1d36742e3f24f50e4e7ae8280128eea2", "number": "6174021000", "date": "2021-01-19 10:30:00", "subject": "2", "recorded-or-robo": "Y", "city": "Rockville", "state": "MD", "area-code": "310"}, {"id": "e81c9350d54f66c6d33b3747eebc9e44", "number": "+14233115595", "date": "2021-01-22 22:38:30", "subject": "3", "recorded-or-robo": "N", "city": "", "state": "TN", "area-code": "423"}]}