{"data": [{"id": "deca54a6651fb9add5b4a9816cc0758c", "number": "9122908638", "date": "2020-11-27 11:50:00", "subject": "2", "recorded-or-robo": "Y", "city": "Colorado Springs", "state": "CO", "area-code": "912"}, {"id": "e81c9350d54f66c6d33b3747ee2b629c", "number": "7604917492", "date": "2021-01-22 10:51:00", "subject": "4", "recorded-or-robo": "Y", "city": "Kernville", "state": "CA", "area-code": "760"}, {"id": "e81c9350d54f66c6d33b3747ee2b5d55", "number": "2029649536", "date": "2021-01-22 03:47:00", "subject": "5", "recorded-or-robo": "Y", "city": "Castle Rock", "state": "CO", "area-code": "720"}, {"id": "deca54a6651fb9add5b4a9816cc06fd3", "number": "7604917492", "date": "2021-01-22 10:51:00", "subject": "4", "recorded-or-robo": "Y", "city": "Kernville", "state": "CA", "area-code": "760"}, {"id": "deca54a6651fb9add5b4a9816cc0600a", "number": "2029649536", "date": "2021-01-22 03:47:00", "subject": "5", "recorded-or-robo": "Y", "city": "Castle Rock", "state": "CO", "area-code": "720"}, {"id": "e81c9350d54f66c6d33b3747ee2b5a41", "number": "4353349999", "date": "2021-01-22 08:37:00", "subject": "2", "recorded-or-robo": "", "city": "Sandy", "state": "UT", "area-code": "801"}, {"id": "deca54a6651fb9add5b4a9816cc0572d", "number": "4353349999", "date": "2021-01-22 08:37:00", "subject": "2", "recorded-or-robo": "", "city": "Sandy", "state": "UT", "area-code": "801"}, {"id": "e81c9350d54f66c6d33b3747ee2b4edb", "number": "9292841072", "date": "2021-01-13 15:00:00", "subject": "2", "recorded-or-robo": "Y", "city": "Lewiston", "state": "ME", "area-code": "207"}, {"id": "deca54a6651fb9add5b4a9816cc04c37", "number": "9292841072", "date": "2021-01-13 15:00:00", "subject": "2", "recorded-or-robo": "Y", "city": "Lewiston", "state": "ME", "area-code": "207"}, {"id": "e81c9350d54f66c6d33b3747ee2b4c82", "number": "8329370397", "date": "2021-01-20 09:59:00", "subject": "0", "recorded-or-robo": "Y", "city": "Spring", "state": "TX", "area-code": "281"}, {"id": "deca54a6651fb9add5b4a9816cc04948", "number": "8329370397", "date": "2021-01-20 09:59:00", "subject": "0", "recorded-or-robo": "Y", "city": "Spring", "state": "TX", "area-code": "281"}, {"id": "e81c9350d54f66c6d33b3747ee2b3ed4", "number": "8132917352", "date": "2021-01-22 12:08:00", "subject": "1", "recorded-or-robo": "Y", "city": "", "state": "MI", "area-code": "616"}, {"id": "deca54a6651fb9add5b4a9816cc041dd", "number": "8132917352", "date": "2021-01-22 12:08:00", "subject": "1", "recorded-or-robo": "Y", "city": "", "state": "MI", "area-code": "616"}, {"id": "e81c9350d54f66c6d33b3747ee58407c", "number": "+18303962207", "date": "2021-01-22 18:14:08", "subject": "3", "recorded-or-robo": "Y", "city": "", "state": "TX", "area-code": "469"}, {"id": "deca54a6651fb9add5b4a9816ceca720", "number": "+18303962207", "date": "2021-01-22 18:14:08", "subject": "3", "recorded-or-robo": "Y", "city": "", "state": "TX", "area-code": "469"}, {"id": "e81c9350d54f66c6d33b3747ee2b30e9", "number": "6676775093", "date": "2021-01-22 09:06:00", "subject": "2", "recorded-or-robo": "N", "city": "", "state": "VA", "area-code": "703"}, {"id": "deca54a6651fb9add5b4a9816cc0355b", "number": "6676775093", "date": "2021-01-22 09:06:00", "subject": "2", "recorded-or-robo": "N", "city": "", "state": "VA", "area-code": "703"}, {"id": "e81c9350d54f66c6d33b3747ee2b29fe", "number": "2092890644", "date": "2021-01-22 14:12:00", "subject": "1", "recorded-or-robo": "Y", "city": "GROVELAND", "state": "CA", "area-code": "209"}, {"id": "deca54a6651fb9add5b4a9816cc02fd4", "number": "2092890644", "date": "2021-01-22 14:12:00", "subject": "1", "recorded-or-robo": "Y", "city": "GROVELAND", "state": "CA", "area-code": "209"}, {"id": "e81c9350d54f66c6d33b3747ee583d1a", "number": "4102245838", "date": "2021-01-22 18:13:57", "subject": "3", "recorded-or-robo": "Y", "city": "", "state": "GA", "area-code": "404"}, {"id": "deca54a6651fb9add5b4a9816cec9b6f", "number": "4102245838", "date": "2021-01-22 18:13:57", "subject": "3", "recorded-or-robo": "Y", "city": "", "state": "GA", "area-code": "404"}, {"id": "e81c9350d54f66c6d33b3747ee2b1f1e", "number": "", "date": "2021-01-13 17:23:00", "subject": "0", "recorded-or-robo": "Y", "city": "Old Bridge", "state": "NJ", "area-code": "973"}, {"id": "deca54a6651fb9add5b4a9816cc0282c", "number": "", "date": "2021-01-13 17:23:00", "subject": "0", "recorded-or-robo": "Y", "city": "Old Bridge", "state": "NJ", "area-code": "973"}, {"id": "e81c9350d54f66c6d33b3747ee2b1edb", "number": "7273742532", "date": "2021-01-22 17:31:00", "subject": "1", "recorded-or-robo": "Y", "city": "Seminole", "state": "FL", "area-code": "727"}, {"id": "deca54a6651fb9add5b4a9816cc01a38", "number": "7273742532", "date": "2021-01-22 17:31:00", "subject": "1", "recorded-or-robo": "Y", "city": "Seminole", "state": "FL", "area-code": "727"}, {"id": "e81c9350d54f66c6d33b3747ee2b0fbf", "number": "3106611531", "date": "2021-01-22 00:00:00", "subject": "5", "recorded-or-robo": "Y", "city": "", "state": "NC", "area-code": "336"}, {"id": "deca54a6651fb9add5b4a9816cc015c7", "number": "3106611531", "date": "2021-01-22 00:00:00", "subject": "5", "recorded-or-robo": "Y", "city": "", "state": "NC", "area-code": "336"}, {"id": "e81c9350d54f66c6d33b3747ee2b0984", "number": "7036311076", "date": "2021-01-21 14:09:00", "subject": "5", "recorded-or-robo": "Y", "city": "Manassas", "state": "VA", "area-code": "703"}, {"id": "deca54a6651fb9add5b4a9816cc00bf3", "number": "7036311076", "date": "2021-01-21 14:09:00", "subject": "5", "recorded-or-robo": "Y", "city": "Manassas", "state": "VA", "area-code": "703"}, {"id": "e81c9350d54f66c6d33b3747ee2b0168", "number": "5131980142", "date": "2021-01-22 12:16:00", "subject": "2", "recorded-or-robo": "Y", "city": "Kellyville", "state": "OK", "area-code": "207"}, {"id": "deca54a6651fb9add5b4a9816cbfff57", "number": "5131980142", "date": "2021-01-22 12:16:00", "subject": "2", "recorded-or-robo": "Y", "city": "Kellyville", "state": "OK", "area-code": "207"}, {"id": "e81c9350d54f66c6d33b3747ee2af21e", "number": "2177809555", "date": "2021-01-21 17:56:00", "subject": "2", "recorded-or-robo": "", "city": "Sandy", "state": "UT", "area-code": "801"}, {"id": "e81c9350d54f66c6d33b3747ee2ae2c3", "number": "2818598310", "date": "2021-01-20 10:57:00", "subject": "0", "recorded-or-robo": "Y", "city": "Spring", "state": "TX", "area-code": "281"}, {"id": "deca54a6651fb9add5b4a9816cbff2c5", "number": "2177809555", "date": "2021-01-21 17:56:00", "subject": "2", "recorded-or-robo": "", "city": "Sandy", "state": "UT", "area-code": "801"}, {"id": "deca54a6651fb9add5b4a9816cbfe762", "number": "2818598310", "date": "2021-01-20 10:57:00", "subject": "0", "recorded-or-robo": "Y", "city": "Spring", "state": "TX", "area-code": "281"}, {"id": "e81c9350d54f66c6d33b3747ee2adb4a", "number": "2142311937", "date": "2021-01-22 11:37:00", "subject": "1", "recorded-or-robo": "Y", "city": "Carrollton", "state": "TX", "area-code": "214"}, {"id": "deca54a6651fb9add5b4a9816cbfd89b", "number": "2142311937", "date": "2021-01-22 11:37:00", "subject": "1", "recorded-or-robo": "Y", "city": "Carrollton", "state": "TX", "area-code": "214"}, {"id": "e81c9350d54f66c6d33b3747ee2acb68", "number": "5702697331", "date": "2021-01-22 12:32:00", "subject": "2", "recorded-or-robo": "Y", "city": "Wellsboro", "state": "PA", "area-code": "570"}, {"id": "deca54a6651fb9add5b4a9816cbfd3ba", "number": "5702697331", "date": "2021-01-22 12:32:00", "subject": "2", "recorded-or-robo": "Y", "city": "Wellsboro", "state": "PA", "area-code": "570"}, {"id": "e81c9350d54f66c6d33b3747ee2ac0c9", "number": "9123190761", "date": "2020-12-02 10:27:00", "subject": "2", "recorded-or-robo": "Y", "city": "Colorado Springs", "state": "CO", "area-code": "912"}, {"id": "deca54a6651fb9add5b4a9816cbfcf39", "number": "9123190761", "date": "2020-12-02 10:27:00", "subject": "2", "recorded-or-robo": "Y", "city": "Colorado Springs", "state": "CO", "area-code": "912"}, {"id": "e81c9350d54f66c6d33b3747ee58376a", "number": "8176003169", "date": "2021-01-22 18:13:13", "subject": "3", "recorded-or-robo": "Y", "city": "", "state": "TX", "area-code": "254"}, {"id": "deca54a6651fb9add5b4a9816cec9274", "number": "8176003169", "date": "2021-01-22 18:13:13", "subject": "3", "recorded-or-robo": "Y", "city": "", "state": "TX", "area-code": "254"}, {"id": "e81c9350d54f66c6d33b3747ee2ab91a", "number": "", "date": "2021-01-12 14:00:00", "subject": "0", "recorded-or-robo": "Y", "city": "Lewiston", "state": "ME", "area-code": "207"}, {"id": "deca54a6651fb9add5b4a9816cbfcf1f", "number": "", "date": "2021-01-12 14:00:00", "subject": "0", "recorded-or-robo": "Y", "city": "Lewiston", "state": "ME", "area-code": "207"}, {"id": "e81c9350d54f66c6d33b3747ee2ab456", "number": "5413732233", "date": "2021-01-22 13:46:00", "subject": "0", "recorded-or-robo": "N", "city": "", "state": "OR", "area-code": "503"}, {"id": "deca54a6651fb9add5b4a9816cbfcb60", "number": "5413732233", "date": "2021-01-22 13:46:00", "subject": "0", "recorded-or-robo": "N", "city": "", "state": "OR", "area-code": "503"}, {"id": "e81c9350d54f66c6d33b3747ee2aa80c", "number": "9375956934", "date": "2021-01-22 18:08:00", "subject": "0", "recorded-or-robo": "", "city": "Springboro", "state": "OH", "area-code": "937"}, {"id": "deca54a6651fb9add5b4a9816cbfc0ab", "number": "9375956934", "date": "2021-01-22 18:08:00", "subject": "0", "recorded-or-robo": "", "city": "Springboro", "state": "OH", "area-code": "937"}, {"id": "e81c9350d54f66c6d33b3747ee584245", "number": "2547310606", "date": "2021-01-22 18:12:51", "subject": "3", "recorded-or-robo": "Y", "city": "", "state": "TX", "area-code": "254"}]}