{"data": [{"id": "1d36742e3f24f50e4e7ae82801e424c7", "number": "+12147822308", "date": "2021-01-23 00:55:10", "subject": "3", "recorded-or-robo": "Y", "city": "", "state": "TX", "area-code": "210"}, {"id": "3decc6bfadaa436a105714c6ba4e6a25", "number": "+14256404178", "date": "2021-01-23 00:54:34", "subject": "3", "recorded-or-robo": "Y", "city": "", "state": "WA", "area-code": "360"}, {"id": "3decc6bfadaa436a105714c6ba4e490d", "number": "+18636959137", "date": "2021-01-23 00:54:34", "subject": "3", "recorded-or-robo": "Y", "city": "", "state": "TX", "area-code": "214"}, {"id": "1d36742e3f24f50e4e7ae82801e43803", "number": "+14256404178", "date": "2021-01-23 00:54:34", "subject": "3", "recorded-or-robo": "Y", "city": "", "state": "WA", "area-code": "360"}, {"id": "1d36742e3f24f50e4e7ae82801e42522", "number": "+18636959137", "date": "2021-01-23 00:54:34", "subject": "3", "recorded-or-robo": "Y", "city": "", "state": "TX", "area-code": "214"}, {"id": "e81c9350d54f66c6d33b3747ee9b8fcb", "number": "", "date": "2020-12-02 13:53:00", "subject": "2", "recorded-or-robo": "Y", "city": "Laguna Niguel", "state": "CA", "area-code": "949"}, {"id": "1d36742e3f24f50e4e7ae8280130e0b2", "number": "", "date": "2020-12-02 13:53:00", "subject": "2", "recorded-or-robo": "Y", "city": "Laguna Niguel", "state": "CA", "area-code": "949"}, {"id": "3decc6bfadaa436a105714c6ba4ddd90", "number": "9547275401", "date": "2021-01-23 00:53:30", "subject": "3", "recorded-or-robo": "Y", "city": "", "state": "OH", "area-code": "513"}, {"id": "1d36742e3f24f50e4e7ae82801e3ecf1", "number": "9547275401", "date": "2021-01-23 00:53:30", "subject": "3", "recorded-or-robo": "Y", "city": "", "state": "OH", "area-code": "513"}, {"id": "e81c9350d54f66c6d33b3747ee9b8dae", "number": "9159956630", "date": "2021-01-22 14:22:00", "subject": "1", "recorded-or-robo": "Y", "city": "Reseda", "state": "CA", "area-code": "818"}, {"id": "1d36742e3f24f50e4e7ae8280130d4fb", "number": "9159956630", "date": "2021-01-22 14:22:00", "subject": "1", "recorded-or-robo": "Y", "city": "Reseda", "state": "CA", "area-code": "818"}, {"id": "3decc6bfadaa436a105714c6ba4dd886", "number": "5625125789", "date": "2021-01-23 00:51:41", "subject": "3", "recorded-or-robo": "N", "city": "", "state": "CA", "area-code": "714"}, {"id": "1d36742e3f24f50e4e7ae82801e3e85c", "number": "5625125789", "date": "2021-01-23 00:51:41", "subject": "3", "recorded-or-robo": "N", "city": "", "state": "CA", "area-code": "714"}, {"id": "3decc6bfadaa436a105714c6ba4e0fe6", "number": "+18477188283", "date": "2021-01-23 00:51:16", "subject": "3", "recorded-or-robo": "Y", "city": "", "state": "IL", "area-code": "847"}, {"id": "1d36742e3f24f50e4e7ae82801e41b77", "number": "+18477188283", "date": "2021-01-23 00:51:16", "subject": "3", "recorded-or-robo": "Y", "city": "", "state": "IL", "area-code": "847"}, {"id": "3decc6bfadaa436a105714c6ba4de404", "number": "+14322737777", "date": "2021-01-23 00:50:50", "subject": "3", "recorded-or-robo": "Y", "city": "", "state": "MD", "area-code": "301"}, {"id": "1d36742e3f24f50e4e7ae82801e3fa56", "number": "+14322737777", "date": "2021-01-23 00:50:50", "subject": "3", "recorded-or-robo": "Y", "city": "", "state": "MD", "area-code": "301"}, {"id": "3decc6bfadaa436a105714c6ba4df3fa", "number": "9712603513", "date": "2021-01-23 00:49:57", "subject": "3", "recorded-or-robo": "Y", "city": "", "state": "OR", "area-code": "503"}, {"id": "1d36742e3f24f50e4e7ae82801e4038a", "number": "9712603513", "date": "2021-01-23 00:49:57", "subject": "3", "recorded-or-robo": "Y", "city": "", "state": "OR", "area-code": "503"}, {"id": "e81c9350d54f66c6d33b3747ee9b8ac1", "number": "4054759062", "date": "2021-01-22 16:14:00", "subject": "2", "recorded-or-robo": "Y", "city": "Oklahoma City", "state": "OK", "area-code": "405"}, {"id": "1d36742e3f24f50e4e7ae8280130d200", "number": "4054759062", "date": "2021-01-22 16:14:00", "subject": "2", "recorded-or-robo": "Y", "city": "Oklahoma City", "state": "OK", "area-code": "405"}, {"id": "3decc6bfadaa436a105714c6ba4e1cf8", "number": "9496256239", "date": "2021-01-23 00:49:34", "subject": "3", "recorded-or-robo": "N", "city": "", "state": "CA", "area-code": "510"}, {"id": "1d36742e3f24f50e4e7ae82801e41f7e", "number": "9496256239", "date": "2021-01-23 00:49:34", "subject": "3", "recorded-or-robo": "N", "city": "", "state": "CA", "area-code": "510"}, {"id": "3decc6bfadaa436a105714c6ba4e3252", "number": "9496256239", "date": "2021-01-23 00:49:20", "subject": "3", "recorded-or-robo": "N", "city": "", "state": "CA", "area-code": "510"}, {"id": "1d36742e3f24f50e4e7ae82801e424b3", "number": "9496256239", "date": "2021-01-23 00:49:20", "subject": "3", "recorded-or-robo": "N", "city": "", "state": "CA", "area-code": "510"}, {"id": "3decc6bfadaa436a105714c6ba4e2787", "number": "4805814769", "date": "2021-01-23 00:49:12", "subject": "3", "recorded-or-robo": "N", "city": "", "state": "AZ", "area-code": "480"}, {"id": "1d36742e3f24f50e4e7ae82801e4207e", "number": "4805814769", "date": "2021-01-23 00:49:12", "subject": "3", "recorded-or-robo": "N", "city": "", "state": "AZ", "area-code": "480"}, {"id": "e81c9350d54f66c6d33b3747ee9b8580", "number": "7812915642", "date": "2021-01-21 16:40:00", "subject": "2", "recorded-or-robo": "N", "city": "Lexington", "state": "SC", "area-code": "803"}, {"id": "1d36742e3f24f50e4e7ae8280130ca0b", "number": "7812915642", "date": "2021-01-21 16:40:00", "subject": "2", "recorded-or-robo": "N", "city": "Lexington", "state": "SC", "area-code": "803"}, {"id": "3decc6bfadaa436a105714c6ba4e02b5", "number": "+14097375355", "date": "2021-01-23 00:48:12", "subject": "3", "recorded-or-robo": "Y", "city": "", "state": "TX", "area-code": "956"}, {"id": "1d36742e3f24f50e4e7ae82801e411df", "number": "+14097375355", "date": "2021-01-23 00:48:12", "subject": "3", "recorded-or-robo": "Y", "city": "", "state": "TX", "area-code": "956"}, {"id": "e81c9350d54f66c6d33b3747ee9b7f39", "number": "4053417280", "date": "2021-01-22 14:24:00", "subject": "2", "recorded-or-robo": "Y", "city": "Oklahoma City", "state": "OK", "area-code": "405"}, {"id": "1d36742e3f24f50e4e7ae8280130bfb7", "number": "4053417280", "date": "2021-01-22 14:24:00", "subject": "2", "recorded-or-robo": "Y", "city": "Oklahoma City", "state": "OK", "area-code": "405"}, {"id": "3decc6bfadaa436a105714c6ba4dc1db", "number": "+14098386958", "date": "2021-01-23 00:47:31", "subject": "3", "recorded-or-robo": "Y", "city": "", "state": "TX", "area-code": "956"}, {"id": "1d36742e3f24f50e4e7ae82801e3d8f5", "number": "+14098386958", "date": "2021-01-23 00:47:31", "subject": "3", "recorded-or-robo": "Y", "city": "", "state": "TX", "area-code": "956"}, {"id": "e81c9350d54f66c6d33b3747ee9b7729", "number": "5803251053", "date": "2021-01-22 11:03:00", "subject": "2", "recorded-or-robo": "Y", "city": "Oklahoma City", "state": "OK", "area-code": "405"}, {"id": "1d36742e3f24f50e4e7ae8280130bb9d", "number": "5803251053", "date": "2021-01-22 11:03:00", "subject": "2", "recorded-or-robo": "Y", "city": "Oklahoma City", "state": "OK", "area-code": "405"}, {"id": "3decc6bfadaa436a105714c6ba4dcda8", "number": "6786218384", "date": "2021-01-23 00:46:16", "subject": "3", "recorded-or-robo": "N", "city": "", "state": "GA", "area-code": "678"}, {"id": "1d36742e3f24f50e4e7ae82801e3e3f6", "number": "6786218384", "date": "2021-01-23 00:46:16", "subject": "3", "recorded-or-robo": "N", "city": "", "state": "GA", "area-code": "678"}, {"id": "3decc6bfadaa436a105714c6ba4da615", "number": "2182084651", "date": "2021-01-23 00:46:00", "subject": "3", "recorded-or-robo": "N", "city": "", "state": "GA", "area-code": "678"}, {"id": "1d36742e3f24f50e4e7ae82801e3bb2f", "number": "2182084651", "date": "2021-01-23 00:46:00", "subject": "3", "recorded-or-robo": "N", "city": "", "state": "GA", "area-code": "678"}, {"id": "3decc6bfadaa436a105714c6ba4db91c", "number": "2182084651", "date": "2021-01-23 00:45:40", "subject": "3", "recorded-or-robo": "N", "city": "", "state": "GA", "area-code": "678"}, {"id": "1d36742e3f24f50e4e7ae82801e3cb50", "number": "2182084651", "date": "2021-01-23 00:45:40", "subject": "3", "recorded-or-robo": "N", "city": "", "state": "GA", "area-code": "678"}, {"id": "e81c9350d54f66c6d33b3747ee9b6e8f", "number": "8607640250", "date": "2021-01-16 00:00:00", "subject": "3", "recorded-or-robo": "Y", "city": "", "state": "CT", "area-code": "860"}, {"id": "1d36742e3f24f50e4e7ae8280130b8b2", "number": "8607640250", "date": "2021-01-16 00:00:00", "subject": "3", "recorded-or-robo": "Y", "city": "", "state": "CT", "area-code": "860"}, {"id": "3decc6bfadaa436a105714c6ba4dabf7", "number": "2817697523", "date": "2021-01-23 00:45:01", "subject": "3", "recorded-or-robo": "Y", "city": "", "state": "TX", "area-code": "281"}, {"id": "1d36742e3f24f50e4e7ae82801e3c73b", "number": "2817697523", "date": "2021-01-23 00:45:01", "subject": "3", "recorded-or-robo": "Y", "city": "", "state": "TX", "area-code": "281"}, {"id": "3decc6bfadaa436a105714c6ba4d92c5", "number": "7753007964", "date": "2021-01-23 00:44:49", "subject": "3", "recorded-or-robo": "N", "city": "", "state": "NV", "area-code": "702"}, {"id": "1d36742e3f24f50e4e7ae82801e3b9fb", "number": "7753007964", "date": "2021-01-23 00:44:49", "subject": "3", "recorded-or-robo": "N", "city": "", "state": "NV", "area-code": "702"}, {"id": "e81c9350d54f66c6d33b3747ee9b67bd", "number": "3479488616", "date": "2021-01-19 12:00:00", "subject": "1", "recorded-or-robo": "N", "city": "Dallas", "state": "TX", "area-code": "217"}]}