{"data": [{"id": "deca54a6651fb9add5b4a9816ceccf31", "number": "4238141142", "date": "2021-01-22 18:18:48", "subject": "3", "recorded-or-robo": "N", "city": "", "state": "TN", "area-code": "423"}, {"id": "e81c9350d54f66c6d33b3747ee589fd7", "number": "6177555835", "date": "2021-01-22 18:18:46", "subject": "3", "recorded-or-robo": "Y", "city": "", "state": "MA", "area-code": "617"}, {"id": "deca54a6651fb9add5b4a9816cecfb76", "number": "6177555835", "date": "2021-01-22 18:18:46", "subject": "3", "recorded-or-robo": "Y", "city": "", "state": "MA", "area-code": "617"}, {"id": "e81c9350d54f66c6d33b3747ee591bfa", "number": "3304981726", "date": "2021-01-22 18:18:38", "subject": "3", "recorded-or-robo": "Y", "city": "", "state": "OH", "area-code": "330"}, {"id": "e81c9350d54f66c6d33b3747ee2d639d", "number": "9282284627", "date": "2021-01-05 18:00:00", "subject": "0", "recorded-or-robo": "Y", "city": "Lewiston", "state": "ME", "area-code": "207"}, {"id": "deca54a6651fb9add5b4a9816ced96b5", "number": "3304981726", "date": "2021-01-22 18:18:38", "subject": "3", "recorded-or-robo": "Y", "city": "", "state": "OH", "area-code": "330"}, {"id": "deca54a6651fb9add5b4a9816cc2a9fd", "number": "9282284627", "date": "2021-01-05 18:00:00", "subject": "0", "recorded-or-robo": "Y", "city": "Lewiston", "state": "ME", "area-code": "207"}, {"id": "e81c9350d54f66c6d33b3747ee2d5f85", "number": "8014698527", "date": "2021-01-22 14:33:00", "subject": "1", "recorded-or-robo": "N", "city": "Kaysville", "state": "UT", "area-code": "801"}, {"id": "deca54a6651fb9add5b4a9816cc2a165", "number": "8014698527", "date": "2021-01-22 14:33:00", "subject": "1", "recorded-or-robo": "N", "city": "Kaysville", "state": "UT", "area-code": "801"}, {"id": "e81c9350d54f66c6d33b3747ee2d54bf", "number": "2165417273", "date": "2021-01-21 14:42:00", "subject": "3", "recorded-or-robo": "Y", "city": "", "state": "CA", "area-code": "310"}, {"id": "deca54a6651fb9add5b4a9816cc2943d", "number": "2165417273", "date": "2021-01-21 14:42:00", "subject": "3", "recorded-or-robo": "Y", "city": "", "state": "CA", "area-code": "310"}, {"id": "e81c9350d54f66c6d33b3747ee2d4d07", "number": "3233663536", "date": "2021-01-22 15:15:00", "subject": "2", "recorded-or-robo": "N", "city": "Los Angeles", "state": "CA", "area-code": "323"}, {"id": "deca54a6651fb9add5b4a9816cc28a5e", "number": "3233663536", "date": "2021-01-22 15:15:00", "subject": "2", "recorded-or-robo": "N", "city": "Los Angeles", "state": "CA", "area-code": "323"}, {"id": "e81c9350d54f66c6d33b3747ee5939ce", "number": "+13256575777", "date": "2021-01-22 18:18:29", "subject": "3", "recorded-or-robo": "Y", "city": "", "state": "TX", "area-code": "817"}, {"id": "e81c9350d54f66c6d33b3747ee58d83f", "number": "8062237021", "date": "2021-01-22 18:18:29", "subject": "3", "recorded-or-robo": "Y", "city": "", "state": "TX", "area-code": "281"}, {"id": "e81c9350d54f66c6d33b3747ee2d4ca0", "number": "9794871818", "date": "2021-01-22 10:47:00", "subject": "0", "recorded-or-robo": "Y", "city": "Spring", "state": "TX", "area-code": "281"}, {"id": "deca54a6651fb9add5b4a9816cedc822", "number": "+13256575777", "date": "2021-01-22 18:18:29", "subject": "3", "recorded-or-robo": "Y", "city": "", "state": "TX", "area-code": "817"}, {"id": "deca54a6651fb9add5b4a9816ced306c", "number": "8062237021", "date": "2021-01-22 18:18:29", "subject": "3", "recorded-or-robo": "Y", "city": "", "state": "TX", "area-code": "281"}, {"id": "deca54a6651fb9add5b4a9816cc286fa", "number": "9794871818", "date": "2021-01-22 10:47:00", "subject": "0", "recorded-or-robo": "Y", "city": "Spring", "state": "TX", "area-code": "281"}, {"id": "e81c9350d54f66c6d33b3747ee58f20f", "number": "3309354321", "date": "2021-01-22 18:18:28", "subject": "3", "recorded-or-robo": "Y", "city": "", "state": "OH", "area-code": "330"}, {"id": "deca54a6651fb9add5b4a9816ced65fe", "number": "3309354321", "date": "2021-01-22 18:18:28", "subject": "3", "recorded-or-robo": "Y", "city": "", "state": "OH", "area-code": "330"}, {"id": "e81c9350d54f66c6d33b3747ee58e1ad", "number": "6514102070", "date": "2021-01-22 18:18:21", "subject": "3", "recorded-or-robo": "Y", "city": "", "state": "MN", "area-code": "651"}, {"id": "deca54a6651fb9add5b4a9816ced425c", "number": "6514102070", "date": "2021-01-22 18:18:21", "subject": "3", "recorded-or-robo": "Y", "city": "", "state": "MN", "area-code": "651"}, {"id": "e81c9350d54f66c6d33b3747ee58d000", "number": "3305208143", "date": "2021-01-22 18:18:19", "subject": "3", "recorded-or-robo": "Y", "city": "", "state": "OH", "area-code": "330"}, {"id": "deca54a6651fb9add5b4a9816ced1967", "number": "3305208143", "date": "2021-01-22 18:18:19", "subject": "3", "recorded-or-robo": "Y", "city": "", "state": "OH", "area-code": "330"}, {"id": "e81c9350d54f66c6d33b3747ee2d42f4", "number": "2624974448", "date": "2021-01-22 17:12:00", "subject": "2", "recorded-or-robo": "Y", "city": "Wylie", "state": "TX", "area-code": "972"}, {"id": "deca54a6651fb9add5b4a9816cc27f12", "number": "2624974448", "date": "2021-01-22 17:12:00", "subject": "2", "recorded-or-robo": "Y", "city": "Wylie", "state": "TX", "area-code": "972"}, {"id": "e81c9350d54f66c6d33b3747ee2d3be5", "number": "3046993696", "date": "2021-01-22 17:15:00", "subject": "4", "recorded-or-robo": "Y", "city": "Port Allen", "state": "LA", "area-code": "304"}, {"id": "e81c9350d54f66c6d33b3747ee2d35f1", "number": "3606874575", "date": "2021-01-22 15:03:00", "subject": "2", "recorded-or-robo": "Y", "city": "Battle Ground", "state": "WA", "area-code": "360"}, {"id": "deca54a6651fb9add5b4a9816cc275ba", "number": "3046993696", "date": "2021-01-22 17:15:00", "subject": "4", "recorded-or-robo": "Y", "city": "Port Allen", "state": "LA", "area-code": "304"}, {"id": "deca54a6651fb9add5b4a9816cc26bfc", "number": "3606874575", "date": "2021-01-22 15:03:00", "subject": "2", "recorded-or-robo": "Y", "city": "Battle Ground", "state": "WA", "area-code": "360"}, {"id": "e81c9350d54f66c6d33b3747ee2d2c66", "number": "2513173207", "date": "2021-01-22 12:21:00", "subject": "2", "recorded-or-robo": "Y", "city": "Sandy", "state": "UT", "area-code": "801"}, {"id": "deca54a6651fb9add5b4a9816cc25e5d", "number": "2513173207", "date": "2021-01-22 12:21:00", "subject": "2", "recorded-or-robo": "Y", "city": "Sandy", "state": "UT", "area-code": "801"}, {"id": "e81c9350d54f66c6d33b3747ee2ce05c", "number": "6302997911", "date": "2021-01-22 18:15:00", "subject": "3", "recorded-or-robo": "N", "city": "", "state": "IL", "area-code": "630"}, {"id": "deca54a6651fb9add5b4a9816cc1e0d1", "number": "6302997911", "date": "2021-01-22 18:15:00", "subject": "3", "recorded-or-robo": "N", "city": "", "state": "IL", "area-code": "630"}, {"id": "e81c9350d54f66c6d33b3747ee2d2ba1", "number": "7034450284", "date": "2021-01-22 14:35:00", "subject": "0", "recorded-or-robo": "Y", "city": "Vienna", "state": "VA", "area-code": "703"}, {"id": "deca54a6651fb9add5b4a9816cc2510d", "number": "7034450284", "date": "2021-01-22 14:35:00", "subject": "0", "recorded-or-robo": "Y", "city": "Vienna", "state": "VA", "area-code": "703"}, {"id": "e81c9350d54f66c6d33b3747ee58f017", "number": "5627534319", "date": "2021-01-22 18:18:01", "subject": "3", "recorded-or-robo": "Y", "city": "", "state": "FL", "area-code": "305"}, {"id": "deca54a6651fb9add5b4a9816ced5a27", "number": "5627534319", "date": "2021-01-22 18:18:01", "subject": "3", "recorded-or-robo": "Y", "city": "", "state": "FL", "area-code": "305"}, {"id": "e81c9350d54f66c6d33b3747ee5890e0", "number": "5627534319", "date": "2021-01-22 18:18:00", "subject": "3", "recorded-or-robo": "Y", "city": "", "state": "FL", "area-code": "305"}, {"id": "e81c9350d54f66c6d33b3747ee2d27b0", "number": "", "date": "2021-01-18 12:10:00", "subject": "0", "recorded-or-robo": "Y", "city": "Old Bridge", "state": "NJ", "area-code": "973"}, {"id": "deca54a6651fb9add5b4a9816cece43a", "number": "5627534319", "date": "2021-01-22 18:18:00", "subject": "3", "recorded-or-robo": "Y", "city": "", "state": "FL", "area-code": "305"}, {"id": "deca54a6651fb9add5b4a9816cc24d42", "number": "", "date": "2021-01-18 12:10:00", "subject": "0", "recorded-or-robo": "Y", "city": "Old Bridge", "state": "NJ", "area-code": "973"}, {"id": "e81c9350d54f66c6d33b3747ee2d20fa", "number": "8646373946", "date": "2021-01-22 15:28:00", "subject": "2", "recorded-or-robo": "Y", "city": "Fort Scott", "state": "SC", "area-code": "864"}, {"id": "deca54a6651fb9add5b4a9816cc2426f", "number": "8646373946", "date": "2021-01-22 15:28:00", "subject": "2", "recorded-or-robo": "Y", "city": "Fort Scott", "state": "SC", "area-code": "864"}, {"id": "e81c9350d54f66c6d33b3747ee2d1654", "number": "3107981207", "date": "2021-01-21 17:00:00", "subject": "3", "recorded-or-robo": "Y", "city": "", "state": "CA", "area-code": "310"}, {"id": "e81c9350d54f66c6d33b3747ee2c939e", "number": "9132030642", "date": "2021-01-21 00:00:00", "subject": "3", "recorded-or-robo": "N", "city": "", "state": "IL", "area-code": "309"}, {"id": "deca54a6651fb9add5b4a9816cc23343", "number": "3107981207", "date": "2021-01-21 17:00:00", "subject": "3", "recorded-or-robo": "Y", "city": "", "state": "CA", "area-code": "310"}, {"id": "deca54a6651fb9add5b4a9816cc196f2", "number": "9132030642", "date": "2021-01-21 00:00:00", "subject": "3", "recorded-or-robo": "N", "city": "", "state": "IL", "area-code": "309"}, {"id": "e81c9350d54f66c6d33b3747ee2d1209", "number": "8332298429", "date": "2021-01-20 17:19:00", "subject": "2", "recorded-or-robo": "Y", "city": "austin", "state": "TX", "area-code": "512"}]}