{"data": [{"id": "1d36742e3f24f50e4e7ae828014ad2ea", "number": "+13108577249", "date": "2021-01-22 21:41:38", "subject": "3", "recorded-or-robo": "Y", "city": "", "state": "CA", "area-code": "310"}, {"id": "e81c9350d54f66c6d33b3747eeb5b2e7", "number": "+12034578100", "date": "2021-01-22 21:41:34", "subject": "3", "recorded-or-robo": "Y", "city": "", "state": "CT", "area-code": "203"}, {"id": "1d36742e3f24f50e4e7ae828014a9691", "number": "+12034578100", "date": "2021-01-22 21:41:34", "subject": "3", "recorded-or-robo": "Y", "city": "", "state": "CT", "area-code": "203"}, {"id": "e81c9350d54f66c6d33b3747ee8f4b7b", "number": "", "date": "2021-01-22 21:06:00", "subject": "0", "recorded-or-robo": "Y", "city": "SEYMOUR", "state": "TN", "area-code": "865"}, {"id": "1d36742e3f24f50e4e7ae8280124f76a", "number": "", "date": "2021-01-22 21:06:00", "subject": "0", "recorded-or-robo": "Y", "city": "SEYMOUR", "state": "TN", "area-code": "865"}, {"id": "e81c9350d54f66c6d33b3747ee8f45ee", "number": "9726797238", "date": "2021-01-19 13:24:00", "subject": "0", "recorded-or-robo": "Y", "city": "", "state": "CA", "area-code": "972"}, {"id": "1d36742e3f24f50e4e7ae8280124f299", "number": "9726797238", "date": "2021-01-19 13:24:00", "subject": "0", "recorded-or-robo": "Y", "city": "", "state": "CA", "area-code": "972"}, {"id": "e81c9350d54f66c6d33b3747ee8f4567", "number": "8663201474", "date": "2021-01-22 13:27:00", "subject": "2", "recorded-or-robo": "Y", "city": "MUSKEGON", "state": "MI", "area-code": "231"}, {"id": "e81c9350d54f66c6d33b3747ee8f3902", "number": "6675055", "date": "2021-01-21 11:17:00", "subject": "5", "recorded-or-robo": "Y", "city": "Jonestown", "state": "TX", "area-code": "512"}, {"id": "1d36742e3f24f50e4e7ae8280124f11c", "number": "8663201474", "date": "2021-01-22 13:27:00", "subject": "2", "recorded-or-robo": "Y", "city": "MUSKEGON", "state": "MI", "area-code": "231"}, {"id": "1d36742e3f24f50e4e7ae8280124e215", "number": "6675055", "date": "2021-01-21 11:17:00", "subject": "5", "recorded-or-robo": "Y", "city": "Jonestown", "state": "TX", "area-code": "512"}, {"id": "e81c9350d54f66c6d33b3747ee8f34e7", "number": "2816615982", "date": "2021-01-22 14:51:00", "subject": "2", "recorded-or-robo": "N", "city": "", "state": "TX", "area-code": "281"}, {"id": "1d36742e3f24f50e4e7ae8280124d2bc", "number": "2816615982", "date": "2021-01-22 14:51:00", "subject": "2", "recorded-or-robo": "N", "city": "", "state": "TX", "area-code": "281"}, {"id": "e81c9350d54f66c6d33b3747eeb5c562", "number": "9842061409", "date": "2021-01-22 21:40:42", "subject": "3", "recorded-or-robo": "Y", "city": "", "state": "FL", "area-code": "561"}, {"id": "1d36742e3f24f50e4e7ae828014aa7a6", "number": "9842061409", "date": "2021-01-22 21:40:42", "subject": "3", "recorded-or-robo": "Y", "city": "", "state": "FL", "area-code": "561"}, {"id": "e81c9350d54f66c6d33b3747eeb59814", "number": "5126904196", "date": "2021-01-22 21:40:38", "subject": "3", "recorded-or-robo": "N", "city": "", "state": "TX", "area-code": "512"}, {"id": "1d36742e3f24f50e4e7ae828014a7d79", "number": "5126904196", "date": "2021-01-22 21:40:38", "subject": "3", "recorded-or-robo": "N", "city": "", "state": "TX", "area-code": "512"}, {"id": "e81c9350d54f66c6d33b3747ee8f2c9b", "number": "9137284368", "date": "2021-01-22 13:28:00", "subject": "4", "recorded-or-robo": "Y", "city": "", "state": "KS", "area-code": "913"}, {"id": "1d36742e3f24f50e4e7ae8280124c8c2", "number": "9137284368", "date": "2021-01-22 13:28:00", "subject": "4", "recorded-or-robo": "Y", "city": "", "state": "KS", "area-code": "913"}, {"id": "e81c9350d54f66c6d33b3747eeb5e96f", "number": "5128666428", "date": "2021-01-22 21:40:24", "subject": "3", "recorded-or-robo": "N", "city": "", "state": "TX", "area-code": "512"}, {"id": "1d36742e3f24f50e4e7ae828014ac3bc", "number": "5128666428", "date": "2021-01-22 21:40:24", "subject": "3", "recorded-or-robo": "N", "city": "", "state": "TX", "area-code": "512"}, {"id": "e81c9350d54f66c6d33b3747ee8f2af8", "number": "8339781042", "date": "2021-01-22 10:13:00", "subject": "6", "recorded-or-robo": "N", "city": "Temple", "state": "TX", "area-code": "903"}, {"id": "1d36742e3f24f50e4e7ae8280124ba37", "number": "8339781042", "date": "2021-01-22 10:13:00", "subject": "6", "recorded-or-robo": "N", "city": "Temple", "state": "TX", "area-code": "903"}, {"id": "e81c9350d54f66c6d33b3747eeb5afa0", "number": "+14156599170", "date": "2021-01-22 21:40:04", "subject": "3", "recorded-or-robo": "Y", "city": "", "state": "NC", "area-code": "704"}, {"id": "1d36742e3f24f50e4e7ae828014a8d6f", "number": "+14156599170", "date": "2021-01-22 21:40:04", "subject": "3", "recorded-or-robo": "Y", "city": "", "state": "NC", "area-code": "704"}, {"id": "e81c9350d54f66c6d33b3747eeb5e050", "number": "4079591498", "date": "2021-01-22 21:39:55", "subject": "3", "recorded-or-robo": "N", "city": "", "state": "FL", "area-code": "407"}, {"id": "1d36742e3f24f50e4e7ae828014ab708", "number": "4079591498", "date": "2021-01-22 21:39:55", "subject": "3", "recorded-or-robo": "N", "city": "", "state": "FL", "area-code": "407"}, {"id": "e81c9350d54f66c6d33b3747ee8f248c", "number": "8016566112", "date": "2021-01-20 12:00:00", "subject": "2", "recorded-or-robo": "Y", "city": "Woodville", "state": "OH", "area-code": "419"}, {"id": "e81c9350d54f66c6d33b3747ee8efbab", "number": "7173884901", "date": "2021-01-21 15:58:00", "subject": "3", "recorded-or-robo": "", "city": "", "state": "PA", "area-code": "717"}, {"id": "1d36742e3f24f50e4e7ae8280124b960", "number": "8016566112", "date": "2021-01-20 12:00:00", "subject": "2", "recorded-or-robo": "Y", "city": "Woodville", "state": "OH", "area-code": "419"}, {"id": "1d36742e3f24f50e4e7ae82801248fee", "number": "7173884901", "date": "2021-01-21 15:58:00", "subject": "3", "recorded-or-robo": "", "city": "", "state": "PA", "area-code": "717"}, {"id": "e81c9350d54f66c6d33b3747ee8f1898", "number": "9724763379", "date": "2021-01-20 09:34:00", "subject": "2", "recorded-or-robo": "Y", "city": "", "state": "CA", "area-code": "972"}, {"id": "1d36742e3f24f50e4e7ae8280124aba1", "number": "9724763379", "date": "2021-01-20 09:34:00", "subject": "2", "recorded-or-robo": "Y", "city": "", "state": "CA", "area-code": "972"}, {"id": "e81c9350d54f66c6d33b3747ee8f0a4a", "number": "8302830937", "date": "2021-01-22 15:19:00", "subject": "2", "recorded-or-robo": "N", "city": "", "state": "TX", "area-code": "281"}, {"id": "1d36742e3f24f50e4e7ae8280124ab67", "number": "8302830937", "date": "2021-01-22 15:19:00", "subject": "2", "recorded-or-robo": "N", "city": "", "state": "TX", "area-code": "281"}, {"id": "e81c9350d54f66c6d33b3747ee8efc55", "number": "8182548968", "date": "2021-01-21 09:46:00", "subject": "6", "recorded-or-robo": "Y", "city": "Van Nuys", "state": "CA", "area-code": "818"}, {"id": "1d36742e3f24f50e4e7ae82801249b9e", "number": "8182548968", "date": "2021-01-21 09:46:00", "subject": "6", "recorded-or-robo": "Y", "city": "Van Nuys", "state": "CA", "area-code": "818"}, {"id": "e81c9350d54f66c6d33b3747ee8ef0ef", "number": "2019709896", "date": "2021-01-18 10:11:00", "subject": "0", "recorded-or-robo": "", "city": "", "state": "NJ", "area-code": "201"}, {"id": "1d36742e3f24f50e4e7ae8280124824c", "number": "2019709896", "date": "2021-01-18 10:11:00", "subject": "0", "recorded-or-robo": "", "city": "", "state": "NJ", "area-code": "201"}, {"id": "e81c9350d54f66c6d33b3747ee8ee898", "number": "5038486206", "date": "2021-01-22 14:51:00", "subject": "0", "recorded-or-robo": "Y", "city": "Wilsonville", "state": "OR", "area-code": "503"}, {"id": "1d36742e3f24f50e4e7ae82801247e55", "number": "5038486206", "date": "2021-01-22 14:51:00", "subject": "0", "recorded-or-robo": "Y", "city": "Wilsonville", "state": "OR", "area-code": "503"}, {"id": "e81c9350d54f66c6d33b3747eeb5761d", "number": "+18332129160", "date": "2021-01-22 21:38:49", "subject": "3", "recorded-or-robo": "Y", "city": "", "state": "CA", "area-code": "619"}, {"id": "1d36742e3f24f50e4e7ae828014a710b", "number": "+18332129160", "date": "2021-01-22 21:38:49", "subject": "3", "recorded-or-robo": "Y", "city": "", "state": "CA", "area-code": "619"}, {"id": "e81c9350d54f66c6d33b3747ee8ed924", "number": "9792698735", "date": "2021-01-21 12:08:00", "subject": "2", "recorded-or-robo": "Y", "city": "Jonestown", "state": "TX", "area-code": "512"}, {"id": "1d36742e3f24f50e4e7ae82801247c35", "number": "9792698735", "date": "2021-01-21 12:08:00", "subject": "2", "recorded-or-robo": "Y", "city": "Jonestown", "state": "TX", "area-code": "512"}, {"id": "e81c9350d54f66c6d33b3747ee8ecbaa", "number": "3233475901", "date": "2021-01-22 11:52:00", "subject": "0", "recorded-or-robo": "Y", "city": "Folsom", "state": "CA", "area-code": "916"}, {"id": "1d36742e3f24f50e4e7ae8280124742f", "number": "3233475901", "date": "2021-01-22 11:52:00", "subject": "0", "recorded-or-robo": "Y", "city": "Folsom", "state": "CA", "area-code": "916"}, {"id": "e81c9350d54f66c6d33b3747ee8ec7e2", "number": "9724763379", "date": "2021-01-20 09:57:00", "subject": "2", "recorded-or-robo": "Y", "city": "", "state": "CA", "area-code": "972"}, {"id": "1d36742e3f24f50e4e7ae828012467d0", "number": "9724763379", "date": "2021-01-20 09:57:00", "subject": "2", "recorded-or-robo": "Y", "city": "", "state": "CA", "area-code": "972"}, {"id": "e81c9350d54f66c6d33b3747ee8eb918", "number": "", "date": "2021-01-22 16:01:00", "subject": "5", "recorded-or-robo": "Y", "city": "Acton", "state": "MA", "area-code": "978"}]}