{"data": [{"id": "e81c9350d54f66c6d33b3747ee142fb9", "number": "4423474131", "date": "2021-01-22 16:30:00", "subject": "2", "recorded-or-robo": "Y", "city": "", "state": "AL", "area-code": "334"}, {"id": "e81c9350d54f66c6d33b3747ee1428cc", "number": "7147423952", "date": "2021-01-22 14:28:00", "subject": "1", "recorded-or-robo": "Y", "city": "", "state": "CA", "area-code": "714"}, {"id": "deca54a6651fb9add5b4a9816ca91cc4", "number": "6505386384", "date": "2021-01-22 14:26:00", "subject": "9", "recorded-or-robo": "Y", "city": "Glendale", "state": "CA", "area-code": "818"}, {"id": "deca54a6651fb9add5b4a9816ca913fc", "number": "4423474131", "date": "2021-01-22 16:30:00", "subject": "2", "recorded-or-robo": "Y", "city": "", "state": "AL", "area-code": "334"}, {"id": "deca54a6651fb9add5b4a9816ca90c2e", "number": "7147423952", "date": "2021-01-22 14:28:00", "subject": "1", "recorded-or-robo": "Y", "city": "", "state": "CA", "area-code": "714"}, {"id": "e81c9350d54f66c6d33b3747ee142244", "number": "4142644367", "date": "2021-01-22 16:28:00", "subject": "2", "recorded-or-robo": "Y", "city": "MILWAUKEE", "state": "WI", "area-code": "414"}, {"id": "deca54a6651fb9add5b4a9816ca909c0", "number": "4142644367", "date": "2021-01-22 16:28:00", "subject": "2", "recorded-or-robo": "Y", "city": "MILWAUKEE", "state": "WI", "area-code": "414"}, {"id": "e81c9350d54f66c6d33b3747ee1421a2", "number": "6602502544", "date": "2021-01-22 16:15:00", "subject": "2", "recorded-or-robo": "Y", "city": "Norborne", "state": "MO", "area-code": "660"}, {"id": "deca54a6651fb9add5b4a9816ca8fe7e", "number": "6602502544", "date": "2021-01-22 16:15:00", "subject": "2", "recorded-or-robo": "Y", "city": "Norborne", "state": "MO", "area-code": "660"}, {"id": "e81c9350d54f66c6d33b3747ee141466", "number": "4157753531", "date": "2021-01-22 14:04:00", "subject": "0", "recorded-or-robo": "Y", "city": "San Rafael", "state": "CA", "area-code": "415"}, {"id": "deca54a6651fb9add5b4a9816ca8face", "number": "4157753531", "date": "2021-01-22 14:04:00", "subject": "0", "recorded-or-robo": "Y", "city": "San Rafael", "state": "CA", "area-code": "415"}, {"id": "e81c9350d54f66c6d33b3747ee14085c", "number": "6199663197", "date": "2021-01-22 02:19:00", "subject": "0", "recorded-or-robo": "Y", "city": "", "state": "CA", "area-code": "619"}, {"id": "deca54a6651fb9add5b4a9816ca8f0e0", "number": "6199663197", "date": "2021-01-22 02:19:00", "subject": "0", "recorded-or-robo": "Y", "city": "", "state": "CA", "area-code": "619"}, {"id": "e81c9350d54f66c6d33b3747ee13f934", "number": "8888030812", "date": "2021-01-22 14:14:00", "subject": "1", "recorded-or-robo": "Y", "city": "South SAn Francisco", "state": "CA", "area-code": "650"}, {"id": "deca54a6651fb9add5b4a9816ca8e173", "number": "8888030812", "date": "2021-01-22 14:14:00", "subject": "1", "recorded-or-robo": "Y", "city": "South SAn Francisco", "state": "CA", "area-code": "650"}, {"id": "e81c9350d54f66c6d33b3747ee13ee9a", "number": "7159210962", "date": "2021-01-22 16:33:00", "subject": "0", "recorded-or-robo": "Y", "city": "", "state": "WI", "area-code": "715"}, {"id": "deca54a6651fb9add5b4a9816ca8dfdb", "number": "7159210962", "date": "2021-01-22 16:33:00", "subject": "0", "recorded-or-robo": "Y", "city": "", "state": "WI", "area-code": "715"}, {"id": "e81c9350d54f66c6d33b3747ee13e878", "number": "", "date": "2021-01-22 14:30:00", "subject": "1", "recorded-or-robo": "Y", "city": "", "state": "CA", "area-code": "760"}, {"id": "deca54a6651fb9add5b4a9816ca8d846", "number": "", "date": "2021-01-22 14:30:00", "subject": "1", "recorded-or-robo": "Y", "city": "", "state": "CA", "area-code": "760"}, {"id": "e81c9350d54f66c6d33b3747ee13e5b3", "number": "", "date": "2021-01-22 09:43:00", "subject": "2", "recorded-or-robo": "Y", "city": "Yakima", "state": "WA", "area-code": "509"}, {"id": "deca54a6651fb9add5b4a9816ca8cc52", "number": "", "date": "2021-01-22 09:43:00", "subject": "2", "recorded-or-robo": "Y", "city": "Yakima", "state": "WA", "area-code": "509"}, {"id": "e81c9350d54f66c6d33b3747ee13d723", "number": "2626964231", "date": "2021-01-22 14:43:00", "subject": "2", "recorded-or-robo": "Y", "city": "pewaukee", "state": "WI", "area-code": "262"}, {"id": "deca54a6651fb9add5b4a9816ca8ca8d", "number": "2626964231", "date": "2021-01-22 14:43:00", "subject": "2", "recorded-or-robo": "Y", "city": "pewaukee", "state": "WI", "area-code": "262"}, {"id": "e81c9350d54f66c6d33b3747ee13d04f", "number": "9706734577", "date": "2021-01-22 13:00:00", "subject": "2", "recorded-or-robo": "N", "city": "Fort Collians", "state": "CO", "area-code": "970"}, {"id": "deca54a6651fb9add5b4a9816ca8bae2", "number": "9706734577", "date": "2021-01-22 13:00:00", "subject": "2", "recorded-or-robo": "N", "city": "Fort Collians", "state": "CO", "area-code": "970"}, {"id": "e81c9350d54f66c6d33b3747ee13c38a", "number": "", "date": "2021-01-22 16:21:00", "subject": "3", "recorded-or-robo": "Y", "city": "", "state": "NC", "area-code": "828"}, {"id": "deca54a6651fb9add5b4a9816ca8b142", "number": "", "date": "2021-01-22 16:21:00", "subject": "3", "recorded-or-robo": "Y", "city": "", "state": "NC", "area-code": "828"}, {"id": "e81c9350d54f66c6d33b3747ee13b8b9", "number": "6550780", "date": "2021-01-22 11:17:00", "subject": "0", "recorded-or-robo": "Y", "city": "buchanan", "state": "VA", "area-code": "540"}, {"id": "deca54a6651fb9add5b4a9816ca8b0b2", "number": "6550780", "date": "2021-01-22 11:17:00", "subject": "0", "recorded-or-robo": "Y", "city": "buchanan", "state": "VA", "area-code": "540"}, {"id": "e81c9350d54f66c6d33b3747ee13ad97", "number": "3324567173", "date": "2021-01-22 14:32:00", "subject": "1", "recorded-or-robo": "Y", "city": "", "state": "CA", "area-code": "714"}, {"id": "deca54a6651fb9add5b4a9816ca8aecb", "number": "3324567173", "date": "2021-01-22 14:32:00", "subject": "1", "recorded-or-robo": "Y", "city": "", "state": "CA", "area-code": "714"}, {"id": "e81c9350d54f66c6d33b3747ee13a560", "number": "3153001388", "date": "2021-01-22 04:53:00", "subject": "4", "recorded-or-robo": "Y", "city": "New Smyrna Beach", "state": "FL", "area-code": "386"}, {"id": "deca54a6651fb9add5b4a9816ca8a8a1", "number": "3153001388", "date": "2021-01-22 04:53:00", "subject": "4", "recorded-or-robo": "Y", "city": "New Smyrna Beach", "state": "FL", "area-code": "386"}, {"id": "e81c9350d54f66c6d33b3747ee139ce5", "number": "5706727935", "date": "2021-01-22 14:32:00", "subject": "2", "recorded-or-robo": "Y", "city": "", "state": "PA", "area-code": "570"}, {"id": "deca54a6651fb9add5b4a9816ca8a748", "number": "5706727935", "date": "2021-01-22 14:32:00", "subject": "2", "recorded-or-robo": "Y", "city": "", "state": "PA", "area-code": "570"}, {"id": "e81c9350d54f66c6d33b3747ee13957e", "number": "", "date": "2020-12-01 12:00:00", "subject": "11", "recorded-or-robo": "Y", "city": "Landing", "state": "NJ", "area-code": "973"}, {"id": "deca54a6651fb9add5b4a9816ca89fbe", "number": "", "date": "2020-12-01 12:00:00", "subject": "11", "recorded-or-robo": "Y", "city": "Landing", "state": "NJ", "area-code": "973"}, {"id": "e81c9350d54f66c6d33b3747ee138e8d", "number": "8565288498", "date": "2021-01-22 11:35:00", "subject": "4", "recorded-or-robo": "Y", "city": "Sewell", "state": "NJ", "area-code": "856"}, {"id": "e81c9350d54f66c6d33b3747ee138d4b", "number": "8768023477", "date": "2021-01-16 12:44:00", "subject": "2", "recorded-or-robo": "", "city": "", "state": "IL", "area-code": "309"}, {"id": "deca54a6651fb9add5b4a9816ca89996", "number": "8565288498", "date": "2021-01-22 11:35:00", "subject": "4", "recorded-or-robo": "Y", "city": "Sewell", "state": "NJ", "area-code": "856"}, {"id": "deca54a6651fb9add5b4a9816ca88c1d", "number": "8768023477", "date": "2021-01-16 12:44:00", "subject": "2", "recorded-or-robo": "", "city": "", "state": "IL", "area-code": "309"}, {"id": "e81c9350d54f66c6d33b3747ee527649", "number": "+17868889411", "date": "2021-01-22 17:35:11", "subject": "3", "recorded-or-robo": "Y", "city": "", "state": "FL", "area-code": "407"}, {"id": "e81c9350d54f66c6d33b3747ee1386d3", "number": "6467425857", "date": "2021-01-22 10:59:00", "subject": "2", "recorded-or-robo": "Y", "city": "Waverly", "state": "OH", "area-code": "740"}, {"id": "deca54a6651fb9add5b4a9816ce6d350", "number": "+17868889411", "date": "2021-01-22 17:35:11", "subject": "3", "recorded-or-robo": "Y", "city": "", "state": "FL", "area-code": "407"}, {"id": "deca54a6651fb9add5b4a9816ca87e76", "number": "6467425857", "date": "2021-01-22 10:59:00", "subject": "2", "recorded-or-robo": "Y", "city": "Waverly", "state": "OH", "area-code": "740"}, {"id": "e81c9350d54f66c6d33b3747ee137c1f", "number": "9103995382", "date": "2021-01-22 16:25:00", "subject": "0", "recorded-or-robo": "Y", "city": "Wilmington", "state": "NC", "area-code": "910"}, {"id": "deca54a6651fb9add5b4a9816ca87cb7", "number": "9103995382", "date": "2021-01-22 16:25:00", "subject": "0", "recorded-or-robo": "Y", "city": "Wilmington", "state": "NC", "area-code": "910"}, {"id": "e81c9350d54f66c6d33b3747ee136f38", "number": "7133692265", "date": "2021-01-22 16:15:00", "subject": "2", "recorded-or-robo": "Y", "city": "Friendswood", "state": "TX", "area-code": "832"}, {"id": "deca54a6651fb9add5b4a9816ca87003", "number": "7133692265", "date": "2021-01-22 16:15:00", "subject": "2", "recorded-or-robo": "Y", "city": "Friendswood", "state": "TX", "area-code": "832"}, {"id": "e81c9350d54f66c6d33b3747ee136458", "number": "6602507002", "date": "2021-01-22 15:58:00", "subject": "2", "recorded-or-robo": "Y", "city": "Norborne", "state": "MO", "area-code": "660"}]}