{"data": [{"id": "1d36742e3f24f50e4e7ae828012dbb9e", "number": "8644326347", "date": "2021-01-20 10:39:00", "subject": "0", "recorded-or-robo": "Y", "city": "Moore", "state": "SC", "area-code": "864"}, {"id": "e81c9350d54f66c6d33b3747ee987b87", "number": "2053033954", "date": "2021-01-22 09:26:00", "subject": "2", "recorded-or-robo": "Y", "city": "Sterrett", "state": "AL", "area-code": "205"}, {"id": "1d36742e3f24f50e4e7ae828012db50d", "number": "2053033954", "date": "2021-01-22 09:26:00", "subject": "2", "recorded-or-robo": "Y", "city": "Sterrett", "state": "AL", "area-code": "205"}, {"id": "e81c9350d54f66c6d33b3747ee987491", "number": "6027056659", "date": "2021-01-22 10:15:00", "subject": "1", "recorded-or-robo": "Y", "city": "", "state": "WA", "area-code": "206"}, {"id": "1d36742e3f24f50e4e7ae828012da914", "number": "6027056659", "date": "2021-01-22 10:15:00", "subject": "1", "recorded-or-robo": "Y", "city": "", "state": "WA", "area-code": "206"}, {"id": "e81c9350d54f66c6d33b3747eec35678", "number": "+12139054735", "date": "2021-01-22 23:36:09", "subject": "3", "recorded-or-robo": "Y", "city": "", "state": "CA", "area-code": "213"}, {"id": "1d36742e3f24f50e4e7ae8280158b9fd", "number": "+12139054735", "date": "2021-01-22 23:36:09", "subject": "3", "recorded-or-robo": "Y", "city": "", "state": "CA", "area-code": "213"}, {"id": "e81c9350d54f66c6d33b3747eec2a5e0", "number": "2142096390", "date": "2021-01-22 23:35:47", "subject": "3", "recorded-or-robo": "N", "city": "", "state": "NC", "area-code": "704"}, {"id": "1d36742e3f24f50e4e7ae8280157e5da", "number": "2142096390", "date": "2021-01-22 23:35:47", "subject": "3", "recorded-or-robo": "N", "city": "", "state": "NC", "area-code": "704"}, {"id": "e81c9350d54f66c6d33b3747eec2e3d5", "number": "5612811574", "date": "2021-01-22 23:35:35", "subject": "3", "recorded-or-robo": "N", "city": "", "state": "AZ", "area-code": "520"}, {"id": "1d36742e3f24f50e4e7ae82801581cc3", "number": "5612811574", "date": "2021-01-22 23:35:35", "subject": "3", "recorded-or-robo": "N", "city": "", "state": "AZ", "area-code": "520"}, {"id": "e81c9350d54f66c6d33b3747eec2a20a", "number": "6105084455", "date": "2021-01-22 23:35:10", "subject": "3", "recorded-or-robo": "N", "city": "", "state": "NC", "area-code": "704"}, {"id": "1d36742e3f24f50e4e7ae8280157e2af", "number": "6105084455", "date": "2021-01-22 23:35:10", "subject": "3", "recorded-or-robo": "N", "city": "", "state": "NC", "area-code": "704"}, {"id": "e81c9350d54f66c6d33b3747ee98684e", "number": "8645767701", "date": "2021-01-20 11:13:00", "subject": "0", "recorded-or-robo": "", "city": "Moore", "state": "SC", "area-code": "864"}, {"id": "1d36742e3f24f50e4e7ae828012da5a0", "number": "8645767701", "date": "2021-01-20 11:13:00", "subject": "0", "recorded-or-robo": "", "city": "Moore", "state": "SC", "area-code": "864"}, {"id": "e81c9350d54f66c6d33b3747ee985895", "number": "2056448827", "date": "2021-01-22 11:21:00", "subject": "2", "recorded-or-robo": "Y", "city": "Sterrett", "state": "AL", "area-code": "205"}, {"id": "1d36742e3f24f50e4e7ae828012da2a6", "number": "2056448827", "date": "2021-01-22 11:21:00", "subject": "2", "recorded-or-robo": "Y", "city": "Sterrett", "state": "AL", "area-code": "205"}, {"id": "e81c9350d54f66c6d33b3747eec2ea5f", "number": "+14126619440", "date": "2021-01-22 23:34:39", "subject": "3", "recorded-or-robo": "Y", "city": "", "state": "Do", "area-code": "202"}, {"id": "e81c9350d54f66c6d33b3747eec25d53", "number": "+12146705117", "date": "2021-01-22 23:34:39", "subject": "3", "recorded-or-robo": "Y", "city": "", "state": "TX", "area-code": "214"}, {"id": "1d36742e3f24f50e4e7ae828015825cb", "number": "+14126619440", "date": "2021-01-22 23:34:39", "subject": "3", "recorded-or-robo": "Y", "city": "", "state": "Do", "area-code": "202"}, {"id": "1d36742e3f24f50e4e7ae828015779f7", "number": "+12146705117", "date": "2021-01-22 23:34:39", "subject": "3", "recorded-or-robo": "Y", "city": "", "state": "TX", "area-code": "214"}, {"id": "e81c9350d54f66c6d33b3747ee9849b3", "number": "4846864320", "date": "2021-01-22 18:10:00", "subject": "2", "recorded-or-robo": "Y", "city": "Scarborough", "state": "ME", "area-code": "610"}, {"id": "1d36742e3f24f50e4e7ae828012d9678", "number": "4846864320", "date": "2021-01-22 18:10:00", "subject": "2", "recorded-or-robo": "Y", "city": "Scarborough", "state": "ME", "area-code": "610"}, {"id": "e81c9350d54f66c6d33b3747eec286b6", "number": "6075588763", "date": "2021-01-22 23:34:27", "subject": "3", "recorded-or-robo": "Y", "city": "", "state": "NY", "area-code": "607"}, {"id": "1d36742e3f24f50e4e7ae8280157c072", "number": "6075588763", "date": "2021-01-22 23:34:27", "subject": "3", "recorded-or-robo": "Y", "city": "", "state": "NY", "area-code": "607"}, {"id": "e81c9350d54f66c6d33b3747ee9845a5", "number": "8082217304", "date": "2021-01-22 18:15:00", "subject": "1", "recorded-or-robo": "Y", "city": "", "state": "HI", "area-code": "808"}, {"id": "1d36742e3f24f50e4e7ae828012d94d5", "number": "8082217304", "date": "2021-01-22 18:15:00", "subject": "1", "recorded-or-robo": "Y", "city": "", "state": "HI", "area-code": "808"}, {"id": "e81c9350d54f66c6d33b3747ee9835bf", "number": "", "date": "2020-12-19 17:25:00", "subject": "2", "recorded-or-robo": "Y", "city": "Bronx", "state": "NY", "area-code": "917"}, {"id": "1d36742e3f24f50e4e7ae828012d8e78", "number": "", "date": "2020-12-19 17:25:00", "subject": "2", "recorded-or-robo": "Y", "city": "Bronx", "state": "NY", "area-code": "917"}, {"id": "e81c9350d54f66c6d33b3747eec2969c", "number": "8475557787", "date": "2021-01-22 23:34:04", "subject": "3", "recorded-or-robo": "Y", "city": "", "state": "IL", "area-code": "847"}, {"id": "1d36742e3f24f50e4e7ae8280157d6b5", "number": "8475557787", "date": "2021-01-22 23:34:04", "subject": "3", "recorded-or-robo": "Y", "city": "", "state": "IL", "area-code": "847"}, {"id": "e81c9350d54f66c6d33b3747eec2c813", "number": "4695770555", "date": "2021-01-22 23:33:59", "subject": "3", "recorded-or-robo": "Y", "city": "", "state": "TX", "area-code": "972"}, {"id": "1d36742e3f24f50e4e7ae8280158013d", "number": "4695770555", "date": "2021-01-22 23:33:59", "subject": "3", "recorded-or-robo": "Y", "city": "", "state": "TX", "area-code": "972"}, {"id": "e81c9350d54f66c6d33b3747eec2a1e3", "number": "+14409409832", "date": "2021-01-22 23:33:56", "subject": "3", "recorded-or-robo": "Y", "city": "", "state": "OH", "area-code": "513"}, {"id": "1d36742e3f24f50e4e7ae8280157d79c", "number": "+14409409832", "date": "2021-01-22 23:33:56", "subject": "3", "recorded-or-robo": "Y", "city": "", "state": "OH", "area-code": "513"}, {"id": "e81c9350d54f66c6d33b3747eec2b583", "number": "8433001219", "date": "2021-01-22 23:33:51", "subject": "3", "recorded-or-robo": "N", "city": "", "state": "TX", "area-code": "214"}, {"id": "1d36742e3f24f50e4e7ae8280157f1d0", "number": "8433001219", "date": "2021-01-22 23:33:51", "subject": "3", "recorded-or-robo": "N", "city": "", "state": "TX", "area-code": "214"}, {"id": "e81c9350d54f66c6d33b3747eec27f5d", "number": "5706851617", "date": "2021-01-22 23:33:47", "subject": "3", "recorded-or-robo": "Y", "city": "", "state": "PA", "area-code": "215"}, {"id": "1d36742e3f24f50e4e7ae8280157b2aa", "number": "5706851617", "date": "2021-01-22 23:33:47", "subject": "3", "recorded-or-robo": "Y", "city": "", "state": "PA", "area-code": "215"}, {"id": "e81c9350d54f66c6d33b3747eec28edb", "number": "9257321635", "date": "2021-01-22 23:33:38", "subject": "3", "recorded-or-robo": "Y", "city": "", "state": "CA", "area-code": "925"}, {"id": "1d36742e3f24f50e4e7ae8280157c561", "number": "9257321635", "date": "2021-01-22 23:33:38", "subject": "3", "recorded-or-robo": "Y", "city": "", "state": "CA", "area-code": "925"}, {"id": "e81c9350d54f66c6d33b3747ee9831dd", "number": "8775573357", "date": "2021-01-20 14:18:00", "subject": "0", "recorded-or-robo": "Y", "city": "Moore", "state": "SC", "area-code": "864"}, {"id": "1d36742e3f24f50e4e7ae828012d8946", "number": "8775573357", "date": "2021-01-20 14:18:00", "subject": "0", "recorded-or-robo": "Y", "city": "Moore", "state": "SC", "area-code": "864"}, {"id": "e81c9350d54f66c6d33b3747eec2d4db", "number": "+18327503876", "date": "2021-01-22 23:33:22", "subject": "3", "recorded-or-robo": "N", "city": "", "state": "TX", "area-code": "832"}, {"id": "1d36742e3f24f50e4e7ae82801581409", "number": "+18327503876", "date": "2021-01-22 23:33:22", "subject": "3", "recorded-or-robo": "N", "city": "", "state": "TX", "area-code": "832"}, {"id": "e81c9350d54f66c6d33b3747eec2c9b2", "number": "5706851617", "date": "2021-01-22 23:33:15", "subject": "3", "recorded-or-robo": "Y", "city": "", "state": "PA", "area-code": "215"}, {"id": "1d36742e3f24f50e4e7ae828015808ed", "number": "5706851617", "date": "2021-01-22 23:33:15", "subject": "3", "recorded-or-robo": "Y", "city": "", "state": "PA", "area-code": "215"}, {"id": "e81c9350d54f66c6d33b3747eec294cc", "number": "7078573300", "date": "2021-01-22 23:33:03", "subject": "3", "recorded-or-robo": "Y", "city": "", "state": "CA", "area-code": "310"}, {"id": "e81c9350d54f66c6d33b3747ee982fbd", "number": "7627285086", "date": "2021-01-22 15:22:00", "subject": "0", "recorded-or-robo": "", "city": "", "state": "GA", "area-code": "678"}, {"id": "1d36742e3f24f50e4e7ae8280157c83e", "number": "7078573300", "date": "2021-01-22 23:33:03", "subject": "3", "recorded-or-robo": "Y", "city": "", "state": "CA", "area-code": "310"}]}