{"data": [{"id": "1d36742e3f24f50e4e7ae8280130b709", "number": "3479488616", "date": "2021-01-19 12:00:00", "subject": "1", "recorded-or-robo": "N", "city": "Dallas", "state": "TX", "area-code": "217"}, {"id": "e81c9350d54f66c6d33b3747ee9b6237", "number": "5392321269", "date": "2021-01-22 08:10:00", "subject": "2", "recorded-or-robo": "Y", "city": "Oklahoma City", "state": "OK", "area-code": "405"}, {"id": "1d36742e3f24f50e4e7ae8280130b032", "number": "5392321269", "date": "2021-01-22 08:10:00", "subject": "2", "recorded-or-robo": "Y", "city": "Oklahoma City", "state": "OK", "area-code": "405"}, {"id": "3decc6bfadaa436a105714c6ba4dd149", "number": "+12892323818", "date": "2021-01-23 00:44:01", "subject": "3", "recorded-or-robo": "Y", "city": "", "state": "ID", "area-code": "208"}, {"id": "1d36742e3f24f50e4e7ae82801e3e6ca", "number": "+12892323818", "date": "2021-01-23 00:44:01", "subject": "3", "recorded-or-robo": "Y", "city": "", "state": "ID", "area-code": "208"}, {"id": "e81c9350d54f66c6d33b3747ee9b542f", "number": "8884210562", "date": "2021-01-22 12:00:00", "subject": "1", "recorded-or-robo": "Y", "city": "Los Angeles", "state": "CA", "area-code": "323"}, {"id": "1d36742e3f24f50e4e7ae8280130abab", "number": "8884210562", "date": "2021-01-22 12:00:00", "subject": "1", "recorded-or-robo": "Y", "city": "Los Angeles", "state": "CA", "area-code": "323"}, {"id": "3decc6bfadaa436a105714c6ba4d96b0", "number": "+17246473365", "date": "2021-01-23 00:42:06", "subject": "3", "recorded-or-robo": "Y", "city": "", "state": "PA", "area-code": "724"}, {"id": "1d36742e3f24f50e4e7ae82801e3ba18", "number": "+17246473365", "date": "2021-01-23 00:42:06", "subject": "3", "recorded-or-robo": "Y", "city": "", "state": "PA", "area-code": "724"}, {"id": "e81c9350d54f66c6d33b3747ee9b4ae4", "number": "8637011856", "date": "2021-01-22 15:21:00", "subject": "0", "recorded-or-robo": "", "city": "", "state": "CA", "area-code": "530"}, {"id": "1d36742e3f24f50e4e7ae8280130a95e", "number": "8637011856", "date": "2021-01-22 15:21:00", "subject": "0", "recorded-or-robo": "", "city": "", "state": "CA", "area-code": "530"}, {"id": "3decc6bfadaa436a105714c6ba4d5219", "number": "+14696635257", "date": "2021-01-23 00:41:43", "subject": "3", "recorded-or-robo": "N", "city": "", "state": "TX", "area-code": "469"}, {"id": "1d36742e3f24f50e4e7ae82801e36e39", "number": "+14696635257", "date": "2021-01-23 00:41:43", "subject": "3", "recorded-or-robo": "N", "city": "", "state": "TX", "area-code": "469"}, {"id": "e81c9350d54f66c6d33b3747ee9b4491", "number": "5809962003", "date": "2021-01-21 16:23:00", "subject": "2", "recorded-or-robo": "Y", "city": "Oklahoma City", "state": "OK", "area-code": "405"}, {"id": "1d36742e3f24f50e4e7ae828013099f5", "number": "5809962003", "date": "2021-01-21 16:23:00", "subject": "2", "recorded-or-robo": "Y", "city": "Oklahoma City", "state": "OK", "area-code": "405"}, {"id": "e81c9350d54f66c6d33b3747ee9b361a", "number": "", "date": "2021-01-22 07:20:00", "subject": "1", "recorded-or-robo": "Y", "city": "", "state": "HI", "area-code": "808"}, {"id": "1d36742e3f24f50e4e7ae82801309754", "number": "", "date": "2021-01-22 07:20:00", "subject": "1", "recorded-or-robo": "Y", "city": "", "state": "HI", "area-code": "808"}, {"id": "3decc6bfadaa436a105714c6ba4d7a8d", "number": "+17372127109", "date": "2021-01-23 00:41:14", "subject": "3", "recorded-or-robo": "Y", "city": "", "state": "TX", "area-code": "469"}, {"id": "1d36742e3f24f50e4e7ae82801e3a597", "number": "+17372127109", "date": "2021-01-23 00:41:14", "subject": "3", "recorded-or-robo": "Y", "city": "", "state": "TX", "area-code": "469"}, {"id": "3decc6bfadaa436a105714c6ba4d6e8b", "number": "+19152657856", "date": "2021-01-23 00:40:16", "subject": "3", "recorded-or-robo": "Y", "city": "", "state": "TX", "area-code": "469"}, {"id": "1d36742e3f24f50e4e7ae82801e39827", "number": "+19152657856", "date": "2021-01-23 00:40:16", "subject": "3", "recorded-or-robo": "Y", "city": "", "state": "TX", "area-code": "469"}, {"id": "3decc6bfadaa436a105714c6ba4d8bb1", "number": "8553319009", "date": "2021-01-23 00:39:49", "subject": "3", "recorded-or-robo": "Y", "city": "", "state": "TX", "area-code": "817"}, {"id": "1d36742e3f24f50e4e7ae82801e3ad14", "number": "8553319009", "date": "2021-01-23 00:39:49", "subject": "3", "recorded-or-robo": "Y", "city": "", "state": "TX", "area-code": "817"}, {"id": "e81c9350d54f66c6d33b3747ee9b306a", "number": "4053227572", "date": "2021-01-21 14:24:00", "subject": "2", "recorded-or-robo": "Y", "city": "Oklahoma City", "state": "OK", "area-code": "405"}, {"id": "1d36742e3f24f50e4e7ae82801308b1e", "number": "4053227572", "date": "2021-01-21 14:24:00", "subject": "2", "recorded-or-robo": "Y", "city": "Oklahoma City", "state": "OK", "area-code": "405"}, {"id": "3decc6bfadaa436a105714c6ba4d7a44", "number": "8173924887", "date": "2021-01-23 00:39:03", "subject": "3", "recorded-or-robo": "Y", "city": "", "state": "TX", "area-code": "214"}, {"id": "1d36742e3f24f50e4e7ae82801e39a96", "number": "8173924887", "date": "2021-01-23 00:39:03", "subject": "3", "recorded-or-robo": "Y", "city": "", "state": "TX", "area-code": "214"}, {"id": "3decc6bfadaa436a105714c6ba4d3902", "number": "5124746561", "date": "2021-01-23 00:38:48", "subject": "3", "recorded-or-robo": "Y", "city": "", "state": "TX", "area-code": "512"}, {"id": "1d36742e3f24f50e4e7ae82801e35934", "number": "5124746561", "date": "2021-01-23 00:38:48", "subject": "3", "recorded-or-robo": "Y", "city": "", "state": "TX", "area-code": "512"}, {"id": "3decc6bfadaa436a105714c6ba4d5c60", "number": "+18187074181", "date": "2021-01-23 00:38:31", "subject": "3", "recorded-or-robo": "Y", "city": "", "state": "CA", "area-code": "818"}, {"id": "1d36742e3f24f50e4e7ae82801e38520", "number": "+18187074181", "date": "2021-01-23 00:38:31", "subject": "3", "recorded-or-robo": "Y", "city": "", "state": "CA", "area-code": "818"}, {"id": "3decc6bfadaa436a105714c6ba4d625d", "number": "+13472425682", "date": "2021-01-23 00:38:26", "subject": "3", "recorded-or-robo": "Y", "city": "", "state": "NY", "area-code": "917"}, {"id": "1d36742e3f24f50e4e7ae82801e38acb", "number": "+13472425682", "date": "2021-01-23 00:38:26", "subject": "3", "recorded-or-robo": "Y", "city": "", "state": "NY", "area-code": "917"}, {"id": "3decc6bfadaa436a105714c6ba4d67e9", "number": "+15168823831", "date": "2021-01-23 00:37:55", "subject": "3", "recorded-or-robo": "Y", "city": "", "state": "NY", "area-code": "917"}, {"id": "1d36742e3f24f50e4e7ae82801e38b54", "number": "+15168823831", "date": "2021-01-23 00:37:55", "subject": "3", "recorded-or-robo": "Y", "city": "", "state": "NY", "area-code": "917"}, {"id": "3decc6bfadaa436a105714c6ba4d2e4e", "number": "+17542407557", "date": "2021-01-23 00:37:46", "subject": "3", "recorded-or-robo": "Y", "city": "", "state": "FL", "area-code": "954"}, {"id": "1d36742e3f24f50e4e7ae82801e351e6", "number": "+17542407557", "date": "2021-01-23 00:37:46", "subject": "3", "recorded-or-robo": "Y", "city": "", "state": "FL", "area-code": "954"}, {"id": "3decc6bfadaa436a105714c6ba4d55c3", "number": "+13526480439", "date": "2021-01-23 00:37:26", "subject": "3", "recorded-or-robo": "Y", "city": "", "state": "FL", "area-code": "954"}, {"id": "1d36742e3f24f50e4e7ae82801e37b44", "number": "+13526480439", "date": "2021-01-23 00:37:26", "subject": "3", "recorded-or-robo": "Y", "city": "", "state": "FL", "area-code": "954"}, {"id": "e81c9350d54f66c6d33b3747ee9b2f67", "number": "4053428008", "date": "2021-01-21 12:08:00", "subject": "2", "recorded-or-robo": "Y", "city": "Oklahoma City", "state": "OK", "area-code": "405"}, {"id": "1d36742e3f24f50e4e7ae82801307ec2", "number": "4053428008", "date": "2021-01-21 12:08:00", "subject": "2", "recorded-or-robo": "Y", "city": "Oklahoma City", "state": "OK", "area-code": "405"}, {"id": "3decc6bfadaa436a105714c6ba4d44e9", "number": "+17542407557", "date": "2021-01-23 00:36:57", "subject": "3", "recorded-or-robo": "Y", "city": "", "state": "FL", "area-code": "954"}, {"id": "1d36742e3f24f50e4e7ae82801e35fb5", "number": "+17542407557", "date": "2021-01-23 00:36:57", "subject": "3", "recorded-or-robo": "Y", "city": "", "state": "FL", "area-code": "954"}, {"id": "3decc6bfadaa436a105714c6ba4d83b8", "number": "+12175132683", "date": "2021-01-23 00:36:33", "subject": "3", "recorded-or-robo": "N", "city": "", "state": "IL", "area-code": "773"}, {"id": "1d36742e3f24f50e4e7ae82801e3a9de", "number": "+12175132683", "date": "2021-01-23 00:36:33", "subject": "3", "recorded-or-robo": "N", "city": "", "state": "IL", "area-code": "773"}, {"id": "e81c9350d54f66c6d33b3747ee9b2e15", "number": "2533873378", "date": "2021-01-22 08:35:00", "subject": "2", "recorded-or-robo": "Y", "city": "Deer Park", "state": "WA", "area-code": "509"}, {"id": "1d36742e3f24f50e4e7ae82801307878", "number": "2533873378", "date": "2021-01-22 08:35:00", "subject": "2", "recorded-or-robo": "Y", "city": "Deer Park", "state": "WA", "area-code": "509"}, {"id": "3decc6bfadaa436a105714c6ba4d2139", "number": "+8888890001", "date": "2021-01-23 00:35:35", "subject": "3", "recorded-or-robo": "N", "city": "", "state": "CA", "area-code": "858"}, {"id": "1d36742e3f24f50e4e7ae82801e337d2", "number": "+8888890001", "date": "2021-01-23 00:35:35", "subject": "3", "recorded-or-robo": "N", "city": "", "state": "CA", "area-code": "858"}, {"id": "3decc6bfadaa436a105714c6ba4ced5c", "number": "+16195625644", "date": "2021-01-23 00:34:58", "subject": "3", "recorded-or-robo": "N", "city": "", "state": "CA", "area-code": "619"}]}