{"data": [{"id": "1d36742e3f24f50e4e7ae828015a17c7", "number": "8603564055", "date": "2021-01-22 14:50:00", "subject": "2", "recorded-or-robo": "Y", "city": "Litchfield", "state": "CT", "area-code": "860"}, {"id": "e81c9350d54f66c6d33b3747eec4c1fc", "number": "4698404945", "date": "2021-01-18 15:48:00", "subject": "2", "recorded-or-robo": "Y", "city": "", "state": "TX", "area-code": "806"}, {"id": "1d36742e3f24f50e4e7ae828015a08c2", "number": "4698404945", "date": "2021-01-18 15:48:00", "subject": "2", "recorded-or-robo": "Y", "city": "", "state": "TX", "area-code": "806"}, {"id": "3decc6bfadaa436a105714c6ba501735", "number": "+16095989996", "date": "2021-01-23 01:32:10", "subject": "3", "recorded-or-robo": "Y", "city": "", "state": "NJ", "area-code": "609"}, {"id": "1d36742e3f24f50e4e7ae82801e5a5ab", "number": "+16095989996", "date": "2021-01-23 01:32:10", "subject": "3", "recorded-or-robo": "Y", "city": "", "state": "NJ", "area-code": "609"}, {"id": "3decc6bfadaa436a105714c6ba50281e", "number": "+13213606905", "date": "2021-01-23 01:32:08", "subject": "3", "recorded-or-robo": "N", "city": "", "state": "FL", "area-code": "239"}, {"id": "1d36742e3f24f50e4e7ae82801e5b6a2", "number": "+13213606905", "date": "2021-01-23 01:32:08", "subject": "3", "recorded-or-robo": "N", "city": "", "state": "FL", "area-code": "239"}, {"id": "3decc6bfadaa436a105714c6ba503163", "number": "+16096977066", "date": "2021-01-23 01:30:46", "subject": "3", "recorded-or-robo": "Y", "city": "", "state": "NJ", "area-code": "609"}, {"id": "1d36742e3f24f50e4e7ae82801e5c1b0", "number": "+16096977066", "date": "2021-01-23 01:30:46", "subject": "3", "recorded-or-robo": "Y", "city": "", "state": "NJ", "area-code": "609"}, {"id": "3decc6bfadaa436a105714c6ba500ea4", "number": "+19182359986", "date": "2021-01-23 01:30:07", "subject": "3", "recorded-or-robo": "Y", "city": "", "state": "OK", "area-code": "918"}, {"id": "1d36742e3f24f50e4e7ae82801e593ef", "number": "+19182359986", "date": "2021-01-23 01:30:07", "subject": "3", "recorded-or-robo": "Y", "city": "", "state": "OK", "area-code": "918"}, {"id": "3decc6bfadaa436a105714c6ba4ff839", "number": "+19182093824", "date": "2021-01-23 01:29:40", "subject": "3", "recorded-or-robo": "Y", "city": "", "state": "OK", "area-code": "918"}, {"id": "1d36742e3f24f50e4e7ae82801e57d9b", "number": "+19182093824", "date": "2021-01-23 01:29:40", "subject": "3", "recorded-or-robo": "Y", "city": "", "state": "OK", "area-code": "918"}, {"id": "e81c9350d54f66c6d33b3747eec4bb31", "number": "8587512875", "date": "2021-01-22 15:55:00", "subject": "4", "recorded-or-robo": "Y", "city": "Garden Grove", "state": "CA", "area-code": "858"}, {"id": "1d36742e3f24f50e4e7ae828015a0363", "number": "8587512875", "date": "2021-01-22 15:55:00", "subject": "4", "recorded-or-robo": "Y", "city": "Garden Grove", "state": "CA", "area-code": "858"}, {"id": "e81c9350d54f66c6d33b3747eec4b265", "number": "6466530367", "date": "2021-01-22 07:02:00", "subject": "4", "recorded-or-robo": "Y", "city": "Garden Grove", "state": "CA", "area-code": "858"}, {"id": "1d36742e3f24f50e4e7ae828015a02ef", "number": "6466530367", "date": "2021-01-22 07:02:00", "subject": "4", "recorded-or-robo": "Y", "city": "Garden Grove", "state": "CA", "area-code": "858"}, {"id": "3decc6bfadaa436a105714c6ba4ff698", "number": "8324018869", "date": "2021-01-23 01:27:01", "subject": "3", "recorded-or-robo": "N", "city": "", "state": "TX", "area-code": "832"}, {"id": "1d36742e3f24f50e4e7ae82801e57bfb", "number": "8324018869", "date": "2021-01-23 01:27:01", "subject": "3", "recorded-or-robo": "N", "city": "", "state": "TX", "area-code": "832"}, {"id": "e81c9350d54f66c6d33b3747eec4aaac", "number": "8882418401", "date": "2021-01-22 15:08:00", "subject": "2", "recorded-or-robo": "Y", "city": "Colorado Springs", "state": "CO", "area-code": "719"}, {"id": "1d36742e3f24f50e4e7ae8280159fed2", "number": "8882418401", "date": "2021-01-22 15:08:00", "subject": "2", "recorded-or-robo": "Y", "city": "Colorado Springs", "state": "CO", "area-code": "719"}, {"id": "3decc6bfadaa436a105714c6ba4ff2f6", "number": "6202332170", "date": "2021-01-23 01:25:36", "subject": "3", "recorded-or-robo": "N", "city": "", "state": "KS", "area-code": "316"}, {"id": "1d36742e3f24f50e4e7ae82801e57aed", "number": "6202332170", "date": "2021-01-23 01:25:36", "subject": "3", "recorded-or-robo": "N", "city": "", "state": "KS", "area-code": "316"}, {"id": "3decc6bfadaa436a105714c6ba4ff96e", "number": "7043594765", "date": "2021-01-23 01:24:37", "subject": "3", "recorded-or-robo": "Y", "city": "", "state": "KS", "area-code": "316"}, {"id": "1d36742e3f24f50e4e7ae82801e58cdc", "number": "7043594765", "date": "2021-01-23 01:24:37", "subject": "3", "recorded-or-robo": "Y", "city": "", "state": "KS", "area-code": "316"}, {"id": "e81c9350d54f66c6d33b3747eec49c05", "number": "6093987757", "date": "2021-01-22 00:00:00", "subject": "9", "recorded-or-robo": "Y", "city": "Kendall Park", "state": "NJ", "area-code": "732"}, {"id": "1d36742e3f24f50e4e7ae8280159ef11", "number": "6093987757", "date": "2021-01-22 00:00:00", "subject": "9", "recorded-or-robo": "Y", "city": "Kendall Park", "state": "NJ", "area-code": "732"}, {"id": "3decc6bfadaa436a105714c6ba4f837f", "number": "+19095004388", "date": "2021-01-23 01:22:55", "subject": "3", "recorded-or-robo": "Y", "city": "", "state": "CA", "area-code": "909"}, {"id": "1d36742e3f24f50e4e7ae82801e54037", "number": "+19095004388", "date": "2021-01-23 01:22:55", "subject": "3", "recorded-or-robo": "Y", "city": "", "state": "CA", "area-code": "909"}, {"id": "3decc6bfadaa436a105714c6ba4fab1c", "number": "+19543798861", "date": "2021-01-23 01:22:26", "subject": "3", "recorded-or-robo": "Y", "city": "", "state": "FL", "area-code": "863"}, {"id": "1d36742e3f24f50e4e7ae82801e55a7c", "number": "+19543798861", "date": "2021-01-23 01:22:26", "subject": "3", "recorded-or-robo": "Y", "city": "", "state": "FL", "area-code": "863"}, {"id": "3decc6bfadaa436a105714c6ba4f9e61", "number": "4012790494", "date": "2021-01-23 01:21:12", "subject": "3", "recorded-or-robo": "Y", "city": "", "state": "RI", "area-code": "401"}, {"id": "1d36742e3f24f50e4e7ae82801e55373", "number": "4012790494", "date": "2021-01-23 01:21:12", "subject": "3", "recorded-or-robo": "Y", "city": "", "state": "RI", "area-code": "401"}, {"id": "3decc6bfadaa436a105714c6ba4fd30a", "number": "4019224673", "date": "2021-01-23 01:21:00", "subject": "3", "recorded-or-robo": "Y", "city": "", "state": "RI", "area-code": "401"}, {"id": "1d36742e3f24f50e4e7ae82801e563b0", "number": "4019224673", "date": "2021-01-23 01:21:00", "subject": "3", "recorded-or-robo": "Y", "city": "", "state": "RI", "area-code": "401"}, {"id": "3decc6bfadaa436a105714c6ba4fc693", "number": "4019224673", "date": "2021-01-23 01:20:59", "subject": "3", "recorded-or-robo": "Y", "city": "", "state": "RI", "area-code": "401"}, {"id": "1d36742e3f24f50e4e7ae82801e55cdf", "number": "4019224673", "date": "2021-01-23 01:20:59", "subject": "3", "recorded-or-robo": "Y", "city": "", "state": "RI", "area-code": "401"}, {"id": "3decc6bfadaa436a105714c6ba4fe74e", "number": "4019224334", "date": "2021-01-23 01:20:50", "subject": "3", "recorded-or-robo": "Y", "city": "", "state": "RI", "area-code": "401"}, {"id": "1d36742e3f24f50e4e7ae82801e571f7", "number": "4019224334", "date": "2021-01-23 01:20:50", "subject": "3", "recorded-or-robo": "Y", "city": "", "state": "RI", "area-code": "401"}, {"id": "3decc6bfadaa436a105714c6ba4fb84b", "number": "4013436282", "date": "2021-01-23 01:20:32", "subject": "3", "recorded-or-robo": "Y", "city": "", "state": "RI", "area-code": "401"}, {"id": "1d36742e3f24f50e4e7ae82801e55c8e", "number": "4013436282", "date": "2021-01-23 01:20:32", "subject": "3", "recorded-or-robo": "Y", "city": "", "state": "RI", "area-code": "401"}, {"id": "3decc6bfadaa436a105714c6ba4fdc0e", "number": "4012768716", "date": "2021-01-23 01:20:21", "subject": "3", "recorded-or-robo": "Y", "city": "", "state": "RI", "area-code": "401"}, {"id": "1d36742e3f24f50e4e7ae82801e568be", "number": "4012768716", "date": "2021-01-23 01:20:21", "subject": "3", "recorded-or-robo": "Y", "city": "", "state": "RI", "area-code": "401"}, {"id": "3decc6bfadaa436a105714c6ba4f8c04", "number": "4156599170", "date": "2021-01-23 01:19:16", "subject": "3", "recorded-or-robo": "Y", "city": "", "state": "KY", "area-code": "502"}, {"id": "1d36742e3f24f50e4e7ae82801e546a6", "number": "4156599170", "date": "2021-01-23 01:19:16", "subject": "3", "recorded-or-robo": "Y", "city": "", "state": "KY", "area-code": "502"}, {"id": "3decc6bfadaa436a105714c6ba4f9c4a", "number": "5023244126", "date": "2021-01-23 01:19:02", "subject": "3", "recorded-or-robo": "Y", "city": "", "state": "KY", "area-code": "502"}, {"id": "1d36742e3f24f50e4e7ae82801e54aae", "number": "5023244126", "date": "2021-01-23 01:19:02", "subject": "3", "recorded-or-robo": "Y", "city": "", "state": "KY", "area-code": "502"}, {"id": "3decc6bfadaa436a105714c6ba4f9852", "number": "3056026646", "date": "2021-01-23 01:18:56", "subject": "3", "recorded-or-robo": "Y", "city": "", "state": "FL", "area-code": "305"}, {"id": "1d36742e3f24f50e4e7ae82801e54750", "number": "3056026646", "date": "2021-01-23 01:18:56", "subject": "3", "recorded-or-robo": "Y", "city": "", "state": "FL", "area-code": "305"}, {"id": "e81c9350d54f66c6d33b3747eeae2b0a", "number": "9548761788", "date": "2021-01-21 07:12:00", "subject": "3", "recorded-or-robo": "Y", "city": "", "state": "WA", "area-code": "206"}]}