{"data": [{"id": "deca54a6651fb9add5b4a9816cab12c5", "number": "3092501959", "date": "2021-01-22 12:20:00", "subject": "0", "recorded-or-robo": "Y", "city": "", "state": "IL", "area-code": "309"}, {"id": "e81c9350d54f66c6d33b3747ee15f733", "number": "6183295700", "date": "2021-01-22 16:37:00", "subject": "4", "recorded-or-robo": "Y", "city": "MOUNT VERNON", "state": "IL", "area-code": "618"}, {"id": "deca54a6651fb9add5b4a9816cab074f", "number": "6183295700", "date": "2021-01-22 16:37:00", "subject": "4", "recorded-or-robo": "Y", "city": "MOUNT VERNON", "state": "IL", "area-code": "618"}, {"id": "e81c9350d54f66c6d33b3747ee15f4ed", "number": "4049979410", "date": "2021-01-22 16:00:00", "subject": "11", "recorded-or-robo": "Y", "city": "", "state": "MO", "area-code": "636"}, {"id": "e81c9350d54f66c6d33b3747ee15e5e9", "number": "7146607971", "date": "2021-01-22 14:33:00", "subject": "8", "recorded-or-robo": "Y", "city": "Trabuco Canyon", "state": "CA", "area-code": "714"}, {"id": "e81c9350d54f66c6d33b3747ee155e95", "number": "3373853385", "date": "2021-01-22 17:03:00", "subject": "3", "recorded-or-robo": "", "city": "", "state": "OH", "area-code": "419"}, {"id": "deca54a6651fb9add5b4a9816cab0504", "number": "4049979410", "date": "2021-01-22 16:00:00", "subject": "11", "recorded-or-robo": "Y", "city": "", "state": "MO", "area-code": "636"}, {"id": "deca54a6651fb9add5b4a9816cab0207", "number": "7146607971", "date": "2021-01-22 14:33:00", "subject": "8", "recorded-or-robo": "Y", "city": "Trabuco Canyon", "state": "CA", "area-code": "714"}, {"id": "deca54a6651fb9add5b4a9816caa8053", "number": "3373853385", "date": "2021-01-22 17:03:00", "subject": "3", "recorded-or-robo": "", "city": "", "state": "OH", "area-code": "419"}, {"id": "e81c9350d54f66c6d33b3747ee52f1c9", "number": "+15137251810", "date": "2021-01-22 17:38:45", "subject": "3", "recorded-or-robo": "Y", "city": "", "state": "OH", "area-code": "513"}, {"id": "deca54a6651fb9add5b4a9816ce739fb", "number": "+15137251810", "date": "2021-01-22 17:38:45", "subject": "3", "recorded-or-robo": "Y", "city": "", "state": "OH", "area-code": "513"}, {"id": "e81c9350d54f66c6d33b3747ee15dcd0", "number": "8015796183", "date": "2021-01-22 15:34:00", "subject": "9", "recorded-or-robo": "Y", "city": "Bountiful", "state": "UT", "area-code": "801"}, {"id": "deca54a6651fb9add5b4a9816cab005a", "number": "8015796183", "date": "2021-01-22 15:34:00", "subject": "9", "recorded-or-robo": "Y", "city": "Bountiful", "state": "UT", "area-code": "801"}, {"id": "e81c9350d54f66c6d33b3747ee15cf8f", "number": "8663201474", "date": "2021-01-22 13:20:00", "subject": "0", "recorded-or-robo": "Y", "city": "", "state": "CA", "area-code": "916"}, {"id": "deca54a6651fb9add5b4a9816caafaf8", "number": "8663201474", "date": "2021-01-22 13:20:00", "subject": "0", "recorded-or-robo": "Y", "city": "", "state": "CA", "area-code": "916"}, {"id": "e81c9350d54f66c6d33b3747ee15c6ef", "number": "9099768238", "date": "2021-01-22 14:28:00", "subject": "1", "recorded-or-robo": "Y", "city": "Los Angeles", "state": "CA", "area-code": "510"}, {"id": "deca54a6651fb9add5b4a9816caaf98a", "number": "9099768238", "date": "2021-01-22 14:28:00", "subject": "1", "recorded-or-robo": "Y", "city": "Los Angeles", "state": "CA", "area-code": "510"}, {"id": "e81c9350d54f66c6d33b3747ee15c3e2", "number": "6062599002", "date": "2021-01-22 15:27:00", "subject": "12", "recorded-or-robo": "N", "city": "Bentonville", "state": "AR", "area-code": "479"}, {"id": "deca54a6651fb9add5b4a9816caaecc9", "number": "6062599002", "date": "2021-01-22 15:27:00", "subject": "12", "recorded-or-robo": "N", "city": "Bentonville", "state": "AR", "area-code": "479"}, {"id": "e81c9350d54f66c6d33b3747ee1531cc", "number": "5628030519", "date": "2021-01-22 17:37:00", "subject": "3", "recorded-or-robo": "N", "city": "", "state": "WA", "area-code": "509"}, {"id": "deca54a6651fb9add5b4a9816caa4178", "number": "5628030519", "date": "2021-01-22 17:37:00", "subject": "3", "recorded-or-robo": "N", "city": "", "state": "WA", "area-code": "509"}, {"id": "e81c9350d54f66c6d33b3747ee533848", "number": "+13379990208", "date": "2021-01-22 17:38:36", "subject": "3", "recorded-or-robo": "Y", "city": "", "state": "PA", "area-code": "215"}, {"id": "deca54a6651fb9add5b4a9816ce78dfb", "number": "+13379990208", "date": "2021-01-22 17:38:36", "subject": "3", "recorded-or-robo": "Y", "city": "", "state": "PA", "area-code": "215"}, {"id": "e81c9350d54f66c6d33b3747ee15ba8c", "number": "5594611097", "date": "2021-01-05 09:00:00", "subject": "6", "recorded-or-robo": "Y", "city": "Saratoga", "state": "CA", "area-code": "408"}, {"id": "deca54a6651fb9add5b4a9816caae432", "number": "5594611097", "date": "2021-01-05 09:00:00", "subject": "6", "recorded-or-robo": "Y", "city": "Saratoga", "state": "CA", "area-code": "408"}, {"id": "e81c9350d54f66c6d33b3747ee5c841d", "number": "", "date": "2021-01-22 16:06:00", "subject": "3", "recorded-or-robo": "N", "city": "", "state": "GA", "area-code": "706"}, {"id": "deca54a6651fb9add5b4a9816cf1571b", "number": "", "date": "2021-01-22 16:06:00", "subject": "3", "recorded-or-robo": "N", "city": "", "state": "GA", "area-code": "706"}, {"id": "e81c9350d54f66c6d33b3747ee15b31e", "number": "6157522234", "date": "2021-01-22 15:12:00", "subject": "1", "recorded-or-robo": "Y", "city": "Florissant", "state": "MO", "area-code": "314"}, {"id": "deca54a6651fb9add5b4a9816caae067", "number": "6157522234", "date": "2021-01-22 15:12:00", "subject": "1", "recorded-or-robo": "Y", "city": "Florissant", "state": "MO", "area-code": "314"}, {"id": "e81c9350d54f66c6d33b3747ee15acc4", "number": "8137334215", "date": "2021-01-22 16:56:00", "subject": "2", "recorded-or-robo": "Y", "city": "", "state": "FL", "area-code": "904"}, {"id": "deca54a6651fb9add5b4a9816caad63b", "number": "8137334215", "date": "2021-01-22 16:56:00", "subject": "2", "recorded-or-robo": "Y", "city": "", "state": "FL", "area-code": "904"}, {"id": "e81c9350d54f66c6d33b3747ee15a6b0", "number": "6052034118", "date": "2021-01-19 15:06:00", "subject": "2", "recorded-or-robo": "Y", "city": "Sioux Falls", "state": "SD", "area-code": "605"}, {"id": "deca54a6651fb9add5b4a9816caac939", "number": "6052034118", "date": "2021-01-19 15:06:00", "subject": "2", "recorded-or-robo": "Y", "city": "Sioux Falls", "state": "SD", "area-code": "605"}, {"id": "e81c9350d54f66c6d33b3747ee532d90", "number": "+14056483783", "date": "2021-01-22 17:38:22", "subject": "3", "recorded-or-robo": "Y", "city": "", "state": "OK", "area-code": "405"}, {"id": "e81c9350d54f66c6d33b3747ee52d7af", "number": "+16035231473", "date": "2021-01-22 17:38:22", "subject": "3", "recorded-or-robo": "Y", "city": "", "state": "NH", "area-code": "603"}, {"id": "deca54a6651fb9add5b4a9816ce77448", "number": "+14056483783", "date": "2021-01-22 17:38:22", "subject": "3", "recorded-or-robo": "Y", "city": "", "state": "OK", "area-code": "405"}, {"id": "deca54a6651fb9add5b4a9816ce72801", "number": "+16035231473", "date": "2021-01-22 17:38:22", "subject": "3", "recorded-or-robo": "Y", "city": "", "state": "NH", "area-code": "603"}, {"id": "e81c9350d54f66c6d33b3747ee15a166", "number": "4157413467", "date": "2021-01-22 14:34:00", "subject": "4", "recorded-or-robo": "Y", "city": "Los Altos", "state": "CA", "area-code": "415"}, {"id": "deca54a6651fb9add5b4a9816caabe62", "number": "4157413467", "date": "2021-01-22 14:34:00", "subject": "4", "recorded-or-robo": "Y", "city": "Los Altos", "state": "CA", "area-code": "415"}, {"id": "e81c9350d54f66c6d33b3747ee159fc7", "number": "3345815191", "date": "2021-01-22 14:30:00", "subject": "2", "recorded-or-robo": "Y", "city": "", "state": "AL", "area-code": "334"}, {"id": "deca54a6651fb9add5b4a9816caab982", "number": "3345815191", "date": "2021-01-22 14:30:00", "subject": "2", "recorded-or-robo": "Y", "city": "", "state": "AL", "area-code": "334"}, {"id": "e81c9350d54f66c6d33b3747ee15930e", "number": "5067634647", "date": "2021-01-22 17:10:00", "subject": "2", "recorded-or-robo": "N", "city": "Lake Panasoffkee", "state": "FL", "area-code": "352"}, {"id": "deca54a6651fb9add5b4a9816caaab50", "number": "5067634647", "date": "2021-01-22 17:10:00", "subject": "2", "recorded-or-robo": "N", "city": "Lake Panasoffkee", "state": "FL", "area-code": "352"}, {"id": "e81c9350d54f66c6d33b3747ee158bba", "number": "4696633416", "date": "2021-01-22 11:37:00", "subject": "6", "recorded-or-robo": "N", "city": "", "state": "TX", "area-code": "469"}, {"id": "deca54a6651fb9add5b4a9816caaa2e3", "number": "4696633416", "date": "2021-01-22 11:37:00", "subject": "6", "recorded-or-robo": "N", "city": "", "state": "TX", "area-code": "469"}, {"id": "e81c9350d54f66c6d33b3747ee15802e", "number": "6197911977", "date": "2021-01-22 09:47:00", "subject": "2", "recorded-or-robo": "N", "city": "", "state": "CA", "area-code": "619"}, {"id": "deca54a6651fb9add5b4a9816caaa1ed", "number": "6197911977", "date": "2021-01-22 09:47:00", "subject": "2", "recorded-or-robo": "N", "city": "", "state": "CA", "area-code": "619"}, {"id": "e81c9350d54f66c6d33b3747ee15724a", "number": "7633476471", "date": "2021-01-22 14:35:00", "subject": "6", "recorded-or-robo": "N", "city": "Golden Valley", "state": "MN", "area-code": "763"}, {"id": "deca54a6651fb9add5b4a9816caa9b77", "number": "7633476471", "date": "2021-01-22 14:35:00", "subject": "6", "recorded-or-robo": "N", "city": "Golden Valley", "state": "MN", "area-code": "763"}, {"id": "e81c9350d54f66c6d33b3747ee1570b5", "number": "2023017367", "date": "2021-01-22 16:40:00", "subject": "1", "recorded-or-robo": "Y", "city": "Sandy Springs", "state": "GA", "area-code": "401"}]}