{"data": [{"id": "1d36742e3f24f50e4e7ae82801e2f708", "number": "+16195625644", "date": "2021-01-23 00:34:58", "subject": "3", "recorded-or-robo": "N", "city": "", "state": "CA", "area-code": "619"}, {"id": "3decc6bfadaa436a105714c6ba4d0f23", "number": "8137395733", "date": "2021-01-23 00:34:29", "subject": "3", "recorded-or-robo": "Y", "city": "", "state": "FL", "area-code": "813"}, {"id": "1d36742e3f24f50e4e7ae82801e31639", "number": "8137395733", "date": "2021-01-23 00:34:29", "subject": "3", "recorded-or-robo": "Y", "city": "", "state": "FL", "area-code": "813"}, {"id": "3decc6bfadaa436a105714c6ba4d140a", "number": "+12482781633", "date": "2021-01-23 00:34:28", "subject": "3", "recorded-or-robo": "Y", "city": "", "state": "MI", "area-code": "313"}, {"id": "1d36742e3f24f50e4e7ae82801e32321", "number": "+12482781633", "date": "2021-01-23 00:34:28", "subject": "3", "recorded-or-robo": "Y", "city": "", "state": "MI", "area-code": "313"}, {"id": "3decc6bfadaa436a105714c6ba4d1e0e", "number": "8778078193", "date": "2021-01-23 00:34:10", "subject": "3", "recorded-or-robo": "N", "city": "", "state": "TX", "area-code": "254"}, {"id": "1d36742e3f24f50e4e7ae82801e332c1", "number": "8778078193", "date": "2021-01-23 00:34:10", "subject": "3", "recorded-or-robo": "N", "city": "", "state": "TX", "area-code": "254"}, {"id": "3decc6bfadaa436a105714c6ba4cefcd", "number": "+18123566096", "date": "2021-01-23 00:33:04", "subject": "3", "recorded-or-robo": "N", "city": "", "state": "IN", "area-code": "812"}, {"id": "1d36742e3f24f50e4e7ae82801e3022b", "number": "+18123566096", "date": "2021-01-23 00:33:04", "subject": "3", "recorded-or-robo": "N", "city": "", "state": "IN", "area-code": "812"}, {"id": "3decc6bfadaa436a105714c6ba4d13db", "number": "3144417056", "date": "2021-01-23 00:32:53", "subject": "3", "recorded-or-robo": "Y", "city": "", "state": "MO", "area-code": "314"}, {"id": "1d36742e3f24f50e4e7ae82801e31717", "number": "3144417056", "date": "2021-01-23 00:32:53", "subject": "3", "recorded-or-robo": "Y", "city": "", "state": "MO", "area-code": "314"}, {"id": "e81c9350d54f66c6d33b3747ee9b2015", "number": "", "date": "2021-01-22 09:33:00", "subject": "4", "recorded-or-robo": "Y", "city": "", "state": "TX", "area-code": "713"}, {"id": "1d36742e3f24f50e4e7ae82801306e7f", "number": "", "date": "2021-01-22 09:33:00", "subject": "4", "recorded-or-robo": "Y", "city": "", "state": "TX", "area-code": "713"}, {"id": "3decc6bfadaa436a105714c6ba4cfbe7", "number": "+14034208125", "date": "2021-01-23 00:31:51", "subject": "3", "recorded-or-robo": "Y", "city": "", "state": "OR", "area-code": "503"}, {"id": "1d36742e3f24f50e4e7ae82801e303db", "number": "+14034208125", "date": "2021-01-23 00:31:51", "subject": "3", "recorded-or-robo": "Y", "city": "", "state": "OR", "area-code": "503"}, {"id": "3decc6bfadaa436a105714c6ba4ce651", "number": "+18144897088", "date": "2021-01-23 00:31:31", "subject": "3", "recorded-or-robo": "Y", "city": "", "state": "OR", "area-code": "503"}, {"id": "1d36742e3f24f50e4e7ae82801e2e713", "number": "+18144897088", "date": "2021-01-23 00:31:31", "subject": "3", "recorded-or-robo": "Y", "city": "", "state": "OR", "area-code": "503"}, {"id": "3decc6bfadaa436a105714c6ba4d2de2", "number": "8009432189", "date": "2021-01-23 00:31:28", "subject": "3", "recorded-or-robo": "Y", "city": "", "state": "TX", "area-code": "512"}, {"id": "1d36742e3f24f50e4e7ae82801e345ea", "number": "8009432189", "date": "2021-01-23 00:31:28", "subject": "3", "recorded-or-robo": "Y", "city": "", "state": "TX", "area-code": "512"}, {"id": "3decc6bfadaa436a105714c6ba4d07d9", "number": "8009432189", "date": "2021-01-23 00:31:27", "subject": "3", "recorded-or-robo": "Y", "city": "", "state": "TX", "area-code": "512"}, {"id": "1d36742e3f24f50e4e7ae82801e30701", "number": "8009432189", "date": "2021-01-23 00:31:27", "subject": "3", "recorded-or-robo": "Y", "city": "", "state": "TX", "area-code": "512"}, {"id": "3decc6bfadaa436a105714c6ba4d2b6b", "number": "+15035056964", "date": "2021-01-23 00:31:18", "subject": "3", "recorded-or-robo": "Y", "city": "", "state": "OR", "area-code": "503"}, {"id": "1d36742e3f24f50e4e7ae82801e34318", "number": "+15035056964", "date": "2021-01-23 00:31:18", "subject": "3", "recorded-or-robo": "Y", "city": "", "state": "OR", "area-code": "503"}, {"id": "3decc6bfadaa436a105714c6ba4ca282", "number": "+19312431668", "date": "2021-01-23 00:29:47", "subject": "3", "recorded-or-robo": "Y", "city": "", "state": "TN", "area-code": "901"}, {"id": "1d36742e3f24f50e4e7ae82801e2c69c", "number": "+19312431668", "date": "2021-01-23 00:29:47", "subject": "3", "recorded-or-robo": "Y", "city": "", "state": "TN", "area-code": "901"}, {"id": "3decc6bfadaa436a105714c6ba4cb012", "number": "4325286399", "date": "2021-01-23 00:29:44", "subject": "3", "recorded-or-robo": "Y", "city": "", "state": "TX", "area-code": "832"}, {"id": "1d36742e3f24f50e4e7ae82801e2d4d3", "number": "4325286399", "date": "2021-01-23 00:29:44", "subject": "3", "recorded-or-robo": "Y", "city": "", "state": "TX", "area-code": "832"}, {"id": "3decc6bfadaa436a105714c6ba4c8ee2", "number": "+19569594862", "date": "2021-01-23 00:29:31", "subject": "3", "recorded-or-robo": "Y", "city": "", "state": "TX", "area-code": "682"}, {"id": "1d36742e3f24f50e4e7ae82801e2adb6", "number": "+19569594862", "date": "2021-01-23 00:29:31", "subject": "3", "recorded-or-robo": "Y", "city": "", "state": "TX", "area-code": "682"}, {"id": "3decc6bfadaa436a105714c6ba4cc5a1", "number": "6363290466", "date": "2021-01-23 00:28:59", "subject": "3", "recorded-or-robo": "Y", "city": "", "state": "MO", "area-code": "636"}, {"id": "1d36742e3f24f50e4e7ae82801e2db20", "number": "6363290466", "date": "2021-01-23 00:28:59", "subject": "3", "recorded-or-robo": "Y", "city": "", "state": "MO", "area-code": "636"}, {"id": "3decc6bfadaa436a105714c6ba4c9dbc", "number": "5733039081", "date": "2021-01-23 00:28:51", "subject": "3", "recorded-or-robo": "Y", "city": "", "state": "TX", "area-code": "210"}, {"id": "1d36742e3f24f50e4e7ae82801e2bc1c", "number": "5733039081", "date": "2021-01-23 00:28:51", "subject": "3", "recorded-or-robo": "Y", "city": "", "state": "TX", "area-code": "210"}, {"id": "3decc6bfadaa436a105714c6ba4cd05e", "number": "+14078156567", "date": "2021-01-23 00:26:53", "subject": "3", "recorded-or-robo": "Y", "city": "", "state": "FL", "area-code": "407"}, {"id": "1d36742e3f24f50e4e7ae82801e2de5a", "number": "+14078156567", "date": "2021-01-23 00:26:53", "subject": "3", "recorded-or-robo": "Y", "city": "", "state": "FL", "area-code": "407"}, {"id": "3decc6bfadaa436a105714c6ba4cd96e", "number": "7314005862", "date": "2021-01-23 00:25:56", "subject": "3", "recorded-or-robo": "N", "city": "", "state": "TN", "area-code": "901"}, {"id": "1d36742e3f24f50e4e7ae82801e2e0c7", "number": "7314005862", "date": "2021-01-23 00:25:56", "subject": "3", "recorded-or-robo": "N", "city": "", "state": "TN", "area-code": "901"}, {"id": "3decc6bfadaa436a105714c6ba4c8ef9", "number": "2132965797", "date": "2021-01-23 00:25:50", "subject": "3", "recorded-or-robo": "Y", "city": "", "state": "CA", "area-code": "909"}, {"id": "1d36742e3f24f50e4e7ae82801e2b1bf", "number": "2132965797", "date": "2021-01-23 00:25:50", "subject": "3", "recorded-or-robo": "Y", "city": "", "state": "CA", "area-code": "909"}, {"id": "3decc6bfadaa436a105714c6ba4cbf89", "number": "2132965797", "date": "2021-01-23 00:25:21", "subject": "3", "recorded-or-robo": "Y", "city": "", "state": "CA", "area-code": "909"}, {"id": "1d36742e3f24f50e4e7ae82801e2d62d", "number": "2132965797", "date": "2021-01-23 00:25:21", "subject": "3", "recorded-or-robo": "Y", "city": "", "state": "CA", "area-code": "909"}, {"id": "3decc6bfadaa436a105714c6ba4c5b95", "number": "2066962214", "date": "2021-01-23 00:23:48", "subject": "3", "recorded-or-robo": "N", "city": "", "state": "TX", "area-code": "361"}, {"id": "1d36742e3f24f50e4e7ae82801e288e9", "number": "2066962214", "date": "2021-01-23 00:23:48", "subject": "3", "recorded-or-robo": "N", "city": "", "state": "TX", "area-code": "361"}, {"id": "3decc6bfadaa436a105714c6ba4c3cba", "number": "3307896542", "date": "2021-01-23 00:23:15", "subject": "3", "recorded-or-robo": "N", "city": "", "state": "OH", "area-code": "330"}, {"id": "1d36742e3f24f50e4e7ae82801e279c1", "number": "3307896542", "date": "2021-01-23 00:23:15", "subject": "3", "recorded-or-robo": "N", "city": "", "state": "OH", "area-code": "330"}, {"id": "3decc6bfadaa436a105714c6ba4c795c", "number": "2106103440", "date": "2021-01-23 00:23:06", "subject": "3", "recorded-or-robo": "Y", "city": "", "state": "TX", "area-code": "972"}, {"id": "1d36742e3f24f50e4e7ae82801e2a0dd", "number": "2106103440", "date": "2021-01-23 00:23:06", "subject": "3", "recorded-or-robo": "Y", "city": "", "state": "TX", "area-code": "972"}, {"id": "3decc6bfadaa436a105714c6ba4c4937", "number": "5127222477", "date": "2021-01-23 00:20:22", "subject": "3", "recorded-or-robo": "Y", "city": "", "state": "TX", "area-code": "915"}, {"id": "1d36742e3f24f50e4e7ae82801e27c19", "number": "5127222477", "date": "2021-01-23 00:20:22", "subject": "3", "recorded-or-robo": "Y", "city": "", "state": "TX", "area-code": "915"}, {"id": "3decc6bfadaa436a105714c6ba4c818b", "number": "5183230155", "date": "2021-01-23 00:20:09", "subject": "3", "recorded-or-robo": "Y", "city": "", "state": "NY", "area-code": "347"}]}