{"data": [{"id": "1d36742e3f24f50e4e7ae8280153e781", "number": "9564014731", "date": "2021-01-22 22:59:36", "subject": "3", "recorded-or-robo": "Y", "city": "", "state": "TX", "area-code": "956"}, {"id": "e81c9350d54f66c6d33b3747eebee6cc", "number": "9564014731", "date": "2021-01-22 22:59:35", "subject": "3", "recorded-or-robo": "Y", "city": "", "state": "TX", "area-code": "956"}, {"id": "1d36742e3f24f50e4e7ae8280153d045", "number": "9564014731", "date": "2021-01-22 22:59:35", "subject": "3", "recorded-or-robo": "Y", "city": "", "state": "TX", "area-code": "956"}, {"id": "e81c9350d54f66c6d33b3747eebf317c", "number": "9567326560", "date": "2021-01-22 22:59:26", "subject": "3", "recorded-or-robo": "Y", "city": "", "state": "TX", "area-code": "956"}, {"id": "e81c9350d54f66c6d33b3747ee95d709", "number": "3304127301", "date": "2021-01-21 17:27:00", "subject": "3", "recorded-or-robo": "", "city": "Massillon", "state": "OH", "area-code": "330"}, {"id": "1d36742e3f24f50e4e7ae82801542a09", "number": "9567326560", "date": "2021-01-22 22:59:26", "subject": "3", "recorded-or-robo": "Y", "city": "", "state": "TX", "area-code": "956"}, {"id": "1d36742e3f24f50e4e7ae828012b5408", "number": "3304127301", "date": "2021-01-21 17:27:00", "subject": "3", "recorded-or-robo": "", "city": "Massillon", "state": "OH", "area-code": "330"}, {"id": "e81c9350d54f66c6d33b3747eebed6f9", "number": "9567326560", "date": "2021-01-22 22:59:25", "subject": "3", "recorded-or-robo": "Y", "city": "", "state": "TX", "area-code": "956"}, {"id": "1d36742e3f24f50e4e7ae8280153b697", "number": "9567326560", "date": "2021-01-22 22:59:25", "subject": "3", "recorded-or-robo": "Y", "city": "", "state": "TX", "area-code": "956"}, {"id": "e81c9350d54f66c6d33b3747eebec02e", "number": "+12513227001", "date": "2021-01-22 22:58:50", "subject": "3", "recorded-or-robo": "Y", "city": "", "state": "TX", "area-code": "713"}, {"id": "1d36742e3f24f50e4e7ae8280153a5a0", "number": "+12513227001", "date": "2021-01-22 22:58:50", "subject": "3", "recorded-or-robo": "Y", "city": "", "state": "TX", "area-code": "713"}, {"id": "e81c9350d54f66c6d33b3747eebf04d7", "number": "+14805015031", "date": "2021-01-22 22:58:42", "subject": "3", "recorded-or-robo": "Y", "city": "", "state": "AZ", "area-code": "480"}, {"id": "1d36742e3f24f50e4e7ae8280153dd06", "number": "+14805015031", "date": "2021-01-22 22:58:42", "subject": "3", "recorded-or-robo": "Y", "city": "", "state": "AZ", "area-code": "480"}, {"id": "e81c9350d54f66c6d33b3747eebf76e0", "number": "4076524005", "date": "2021-01-22 22:58:34", "subject": "3", "recorded-or-robo": "N", "city": "", "state": "PR", "area-code": "787"}, {"id": "e81c9350d54f66c6d33b3747eebee450", "number": "+15033155658", "date": "2021-01-22 22:58:34", "subject": "3", "recorded-or-robo": "Y", "city": "", "state": "OR", "area-code": "503"}, {"id": "1d36742e3f24f50e4e7ae828015466b1", "number": "4076524005", "date": "2021-01-22 22:58:34", "subject": "3", "recorded-or-robo": "N", "city": "", "state": "PR", "area-code": "787"}, {"id": "1d36742e3f24f50e4e7ae8280153c673", "number": "+15033155658", "date": "2021-01-22 22:58:34", "subject": "3", "recorded-or-robo": "Y", "city": "", "state": "OR", "area-code": "503"}, {"id": "e81c9350d54f66c6d33b3747ee95d5f3", "number": "7139701174", "date": "2021-01-21 13:34:00", "subject": "3", "recorded-or-robo": "Y", "city": "Massillon", "state": "OH", "area-code": "330"}, {"id": "1d36742e3f24f50e4e7ae828012b488e", "number": "7139701174", "date": "2021-01-21 13:34:00", "subject": "3", "recorded-or-robo": "Y", "city": "Massillon", "state": "OH", "area-code": "330"}, {"id": "e81c9350d54f66c6d33b3747eebebad9", "number": "5092455247", "date": "2021-01-22 22:58:24", "subject": "3", "recorded-or-robo": "Y", "city": "", "state": "NY", "area-code": "347"}, {"id": "1d36742e3f24f50e4e7ae8280153a02c", "number": "5092455247", "date": "2021-01-22 22:58:24", "subject": "3", "recorded-or-robo": "Y", "city": "", "state": "NY", "area-code": "347"}, {"id": "e81c9350d54f66c6d33b3747ee95ccdf", "number": "6282615396", "date": "2021-01-22 18:55:00", "subject": "2", "recorded-or-robo": "Y", "city": "", "state": "CA", "area-code": "510"}, {"id": "1d36742e3f24f50e4e7ae828012b3d5f", "number": "6282615396", "date": "2021-01-22 18:55:00", "subject": "2", "recorded-or-robo": "Y", "city": "", "state": "CA", "area-code": "510"}, {"id": "e81c9350d54f66c6d33b3747ee95c59a", "number": "5857742862", "date": "2021-01-20 12:03:00", "subject": "4", "recorded-or-robo": "Y", "city": "Rochester", "state": "NY", "area-code": "585"}, {"id": "1d36742e3f24f50e4e7ae828012b3973", "number": "5857742862", "date": "2021-01-20 12:03:00", "subject": "4", "recorded-or-robo": "Y", "city": "Rochester", "state": "NY", "area-code": "585"}, {"id": "e81c9350d54f66c6d33b3747ee95bfb7", "number": "5202441281", "date": "2021-01-19 16:48:00", "subject": "2", "recorded-or-robo": "Y", "city": "Tucson", "state": "AZ", "area-code": "520"}, {"id": "1d36742e3f24f50e4e7ae828012b299f", "number": "5202441281", "date": "2021-01-19 16:48:00", "subject": "2", "recorded-or-robo": "Y", "city": "Tucson", "state": "AZ", "area-code": "520"}, {"id": "e81c9350d54f66c6d33b3747eebf5b2d", "number": "+19252850589", "date": "2021-01-22 22:58:05", "subject": "3", "recorded-or-robo": "N", "city": "", "state": "CA", "area-code": "707"}, {"id": "1d36742e3f24f50e4e7ae8280154508f", "number": "+19252850589", "date": "2021-01-22 22:58:05", "subject": "3", "recorded-or-robo": "N", "city": "", "state": "CA", "area-code": "707"}, {"id": "e81c9350d54f66c6d33b3747ee95b91f", "number": "7192837417", "date": "2021-01-21 07:30:00", "subject": "1", "recorded-or-robo": "Y", "city": "San Diego", "state": "CA", "area-code": "858"}, {"id": "1d36742e3f24f50e4e7ae828012b23f8", "number": "7192837417", "date": "2021-01-21 07:30:00", "subject": "1", "recorded-or-robo": "Y", "city": "San Diego", "state": "CA", "area-code": "858"}, {"id": "e81c9350d54f66c6d33b3747eebe8fb7", "number": "+14327701354", "date": "2021-01-22 22:57:47", "subject": "3", "recorded-or-robo": "Y", "city": "", "state": "NV", "area-code": "702"}, {"id": "1d36742e3f24f50e4e7ae82801537d10", "number": "+14327701354", "date": "2021-01-22 22:57:47", "subject": "3", "recorded-or-robo": "Y", "city": "", "state": "NV", "area-code": "702"}, {"id": "e81c9350d54f66c6d33b3747ee95aa04", "number": "2139528461", "date": "2020-06-24 20:36:00", "subject": "2", "recorded-or-robo": "Y", "city": "Rockville", "state": "MD", "area-code": "310"}, {"id": "1d36742e3f24f50e4e7ae828012b14d7", "number": "2139528461", "date": "2020-06-24 20:36:00", "subject": "2", "recorded-or-robo": "Y", "city": "Rockville", "state": "MD", "area-code": "310"}, {"id": "e81c9350d54f66c6d33b3747ee959a4b", "number": "3303605543", "date": "2021-01-21 13:27:00", "subject": "3", "recorded-or-robo": "", "city": "Massillon", "state": "OH", "area-code": "330"}, {"id": "1d36742e3f24f50e4e7ae828012b056b", "number": "3303605543", "date": "2021-01-21 13:27:00", "subject": "3", "recorded-or-robo": "", "city": "Massillon", "state": "OH", "area-code": "330"}, {"id": "e81c9350d54f66c6d33b3747eebf39ad", "number": "7195579226", "date": "2021-01-22 22:57:17", "subject": "3", "recorded-or-robo": "Y", "city": "", "state": "TX", "area-code": "713"}, {"id": "1d36742e3f24f50e4e7ae82801542dab", "number": "7195579226", "date": "2021-01-22 22:57:17", "subject": "3", "recorded-or-robo": "Y", "city": "", "state": "TX", "area-code": "713"}, {"id": "e81c9350d54f66c6d33b3747ee959800", "number": "8044452019", "date": "2021-01-21 19:03:00", "subject": "3", "recorded-or-robo": "", "city": "Prattville", "state": "AL", "area-code": "805"}, {"id": "1d36742e3f24f50e4e7ae828012b0415", "number": "8044452019", "date": "2021-01-21 19:03:00", "subject": "3", "recorded-or-robo": "", "city": "Prattville", "state": "AL", "area-code": "805"}, {"id": "e81c9350d54f66c6d33b3747eebf4e1f", "number": "9143564607", "date": "2021-01-22 22:57:02", "subject": "3", "recorded-or-robo": "Y", "city": "", "state": "TX", "area-code": "713"}, {"id": "e81c9350d54f66c6d33b3747ee959152", "number": "2139180164", "date": "2020-08-24 20:32:00", "subject": "2", "recorded-or-robo": "Y", "city": "Rockville", "state": "MD", "area-code": "310"}, {"id": "1d36742e3f24f50e4e7ae82801544954", "number": "9143564607", "date": "2021-01-22 22:57:02", "subject": "3", "recorded-or-robo": "Y", "city": "", "state": "TX", "area-code": "713"}, {"id": "1d36742e3f24f50e4e7ae828012b015b", "number": "2139180164", "date": "2020-08-24 20:32:00", "subject": "2", "recorded-or-robo": "Y", "city": "Rockville", "state": "MD", "area-code": "310"}, {"id": "e81c9350d54f66c6d33b3747eebe9d9c", "number": "7138532280", "date": "2021-01-22 22:56:54", "subject": "3", "recorded-or-robo": "Y", "city": "", "state": "TX", "area-code": "713"}, {"id": "1d36742e3f24f50e4e7ae828015380c0", "number": "7138532280", "date": "2021-01-22 22:56:54", "subject": "3", "recorded-or-robo": "Y", "city": "", "state": "TX", "area-code": "713"}, {"id": "e81c9350d54f66c6d33b3747eebed614", "number": "7138532280", "date": "2021-01-22 22:56:53", "subject": "3", "recorded-or-robo": "Y", "city": "", "state": "TX", "area-code": "713"}, {"id": "1d36742e3f24f50e4e7ae8280153b45b", "number": "7138532280", "date": "2021-01-22 22:56:53", "subject": "3", "recorded-or-robo": "Y", "city": "", "state": "TX", "area-code": "713"}, {"id": "e81c9350d54f66c6d33b3747eebf4049", "number": "7138962781", "date": "2021-01-22 22:56:30", "subject": "3", "recorded-or-robo": "Y", "city": "", "state": "TX", "area-code": "713"}]}