{"data": [{"id": "1d36742e3f24f50e4e7ae82801677531", "number": "9622316", "date": "2021-01-22 16:20:00", "subject": "2", "recorded-or-robo": "N", "city": "Yorktown Hts", "state": "NY", "area-code": "914"}, {"id": "e81c9350d54f66c6d33b3747eed2a721", "number": "4143015700", "date": "2021-01-22 10:41:00", "subject": "2", "recorded-or-robo": "", "city": "", "state": "WI", "area-code": "414"}, {"id": "1d36742e3f24f50e4e7ae828016768a1", "number": "4143015700", "date": "2021-01-22 10:41:00", "subject": "2", "recorded-or-robo": "", "city": "", "state": "WI", "area-code": "414"}, {"id": "e81c9350d54f66c6d33b3747eed2a18e", "number": "7162723425", "date": "2021-01-15 14:32:00", "subject": "2", "recorded-or-robo": "Y", "city": "WILLIAMSVILLE", "state": "NY", "area-code": "716"}, {"id": "1d36742e3f24f50e4e7ae82801675e99", "number": "7162723425", "date": "2021-01-15 14:32:00", "subject": "2", "recorded-or-robo": "Y", "city": "WILLIAMSVILLE", "state": "NY", "area-code": "716"}, {"id": "e81c9350d54f66c6d33b3747eed292b0", "number": "4325594684", "date": "2021-01-22 09:37:00", "subject": "2", "recorded-or-robo": "", "city": "", "state": "WI", "area-code": "414"}, {"id": "1d36742e3f24f50e4e7ae828016757db", "number": "4325594684", "date": "2021-01-22 09:37:00", "subject": "2", "recorded-or-robo": "", "city": "", "state": "WI", "area-code": "414"}, {"id": "e81c9350d54f66c6d33b3747eed2857f", "number": "9624709", "date": "2021-01-22 12:42:00", "subject": "2", "recorded-or-robo": "N", "city": "Yorktown Hts", "state": "NY", "area-code": "914"}, {"id": "1d36742e3f24f50e4e7ae82801675689", "number": "9624709", "date": "2021-01-22 12:42:00", "subject": "2", "recorded-or-robo": "N", "city": "Yorktown Hts", "state": "NY", "area-code": "914"}, {"id": "e81c9350d54f66c6d33b3747eed28569", "number": "7547142172", "date": "2021-01-21 09:39:00", "subject": "0", "recorded-or-robo": "Y", "city": "Orland Park", "state": "IL", "area-code": "708"}, {"id": "1d36742e3f24f50e4e7ae82801675390", "number": "7547142172", "date": "2021-01-21 09:39:00", "subject": "0", "recorded-or-robo": "Y", "city": "Orland Park", "state": "IL", "area-code": "708"}, {"id": "e81c9350d54f66c6d33b3747eed27cf6", "number": "9514728324", "date": "2021-01-20 17:20:00", "subject": "2", "recorded-or-robo": "Y", "city": "Fernley", "state": "NV", "area-code": "562"}, {"id": "1d36742e3f24f50e4e7ae8280167494b", "number": "9514728324", "date": "2021-01-20 17:20:00", "subject": "2", "recorded-or-robo": "Y", "city": "Fernley", "state": "NV", "area-code": "562"}, {"id": "e81c9350d54f66c6d33b3747eed27008", "number": "2763021868", "date": "2021-01-15 13:19:00", "subject": "3", "recorded-or-robo": "", "city": "", "state": "NJ", "area-code": "973"}, {"id": "1d36742e3f24f50e4e7ae828016748f9", "number": "2763021868", "date": "2021-01-15 13:19:00", "subject": "3", "recorded-or-robo": "", "city": "", "state": "NJ", "area-code": "973"}, {"id": "e81c9350d54f66c6d33b3747eed26678", "number": "7162723297", "date": "2021-01-18 09:43:00", "subject": "2", "recorded-or-robo": "Y", "city": "WILLIAMSVILLE", "state": "NY", "area-code": "716"}, {"id": "1d36742e3f24f50e4e7ae82801673df9", "number": "7162723297", "date": "2021-01-18 09:43:00", "subject": "2", "recorded-or-robo": "Y", "city": "WILLIAMSVILLE", "state": "NY", "area-code": "716"}, {"id": "e81c9350d54f66c6d33b3747eed265c0", "number": "7084339317", "date": "2021-01-22 19:47:00", "subject": "0", "recorded-or-robo": "Y", "city": "Orland Park", "state": "IL", "area-code": "708"}, {"id": "1d36742e3f24f50e4e7ae828016738c2", "number": "7084339317", "date": "2021-01-22 19:47:00", "subject": "0", "recorded-or-robo": "Y", "city": "Orland Park", "state": "IL", "area-code": "708"}, {"id": "e81c9350d54f66c6d33b3747eed25af4", "number": "2058964640", "date": "2021-01-15 15:23:00", "subject": "3", "recorded-or-robo": "", "city": "", "state": "NJ", "area-code": "973"}, {"id": "1d36742e3f24f50e4e7ae8280167340e", "number": "2058964640", "date": "2021-01-15 15:23:00", "subject": "3", "recorded-or-robo": "", "city": "", "state": "NJ", "area-code": "973"}, {"id": "e81c9350d54f66c6d33b3747eed2590b", "number": "", "date": "2021-01-23 09:07:00", "subject": "6", "recorded-or-robo": "Y", "city": "", "state": "NJ", "area-code": "551"}, {"id": "1d36742e3f24f50e4e7ae82801672692", "number": "", "date": "2021-01-23 09:07:00", "subject": "6", "recorded-or-robo": "Y", "city": "", "state": "NJ", "area-code": "551"}, {"id": "e81c9350d54f66c6d33b3747eed25370", "number": "5865620420", "date": "2021-01-23 12:00:00", "subject": "2", "recorded-or-robo": "N", "city": "WARREN", "state": "MI", "area-code": "586"}, {"id": "1d36742e3f24f50e4e7ae8280167176a", "number": "5865620420", "date": "2021-01-23 12:00:00", "subject": "2", "recorded-or-robo": "N", "city": "WARREN", "state": "MI", "area-code": "586"}, {"id": "e81c9350d54f66c6d33b3747eed246b9", "number": "", "date": "2021-01-19 09:10:00", "subject": "2", "recorded-or-robo": "Y", "city": "WILLIAMSVILLE", "state": "NY", "area-code": "716"}, {"id": "1d36742e3f24f50e4e7ae82801671137", "number": "", "date": "2021-01-19 09:10:00", "subject": "2", "recorded-or-robo": "Y", "city": "WILLIAMSVILLE", "state": "NY", "area-code": "716"}, {"id": "e81c9350d54f66c6d33b3747eed2392e", "number": "", "date": "2021-01-22 17:43:00", "subject": "5", "recorded-or-robo": "Y", "city": "Okeechobee", "state": "FL", "area-code": "863"}, {"id": "1d36742e3f24f50e4e7ae82801670f29", "number": "", "date": "2021-01-22 17:43:00", "subject": "5", "recorded-or-robo": "Y", "city": "Okeechobee", "state": "FL", "area-code": "863"}, {"id": "e81c9350d54f66c6d33b3747eed23308", "number": "7162723425", "date": "2021-01-19 09:53:00", "subject": "2", "recorded-or-robo": "Y", "city": "WILLIAMSVILLE", "state": "NY", "area-code": "716"}, {"id": "1d36742e3f24f50e4e7ae82801670152", "number": "7162723425", "date": "2021-01-19 09:53:00", "subject": "2", "recorded-or-robo": "Y", "city": "WILLIAMSVILLE", "state": "NY", "area-code": "716"}, {"id": "e81c9350d54f66c6d33b3747eed22ee6", "number": "4092263272", "date": "2021-01-15 15:51:00", "subject": "3", "recorded-or-robo": "", "city": "", "state": "NJ", "area-code": "973"}, {"id": "e81c9350d54f66c6d33b3747eed227b8", "number": "7087462263", "date": "2021-01-22 19:03:00", "subject": "0", "recorded-or-robo": "Y", "city": "Orland Park", "state": "IL", "area-code": "708"}, {"id": "1d36742e3f24f50e4e7ae8280166f7ed", "number": "4092263272", "date": "2021-01-15 15:51:00", "subject": "3", "recorded-or-robo": "", "city": "", "state": "NJ", "area-code": "973"}, {"id": "1d36742e3f24f50e4e7ae8280166f7df", "number": "7087462263", "date": "2021-01-22 19:03:00", "subject": "0", "recorded-or-robo": "Y", "city": "Orland Park", "state": "IL", "area-code": "708"}, {"id": "e81c9350d54f66c6d33b3747eed21aac", "number": "3852904724", "date": "2021-01-15 17:29:00", "subject": "3", "recorded-or-robo": "", "city": "", "state": "NJ", "area-code": "973"}, {"id": "1d36742e3f24f50e4e7ae8280166f44e", "number": "3852904724", "date": "2021-01-15 17:29:00", "subject": "3", "recorded-or-robo": "", "city": "", "state": "NJ", "area-code": "973"}, {"id": "e81c9350d54f66c6d33b3747eed21668", "number": "7162723297", "date": "2021-01-19 15:16:00", "subject": "2", "recorded-or-robo": "Y", "city": "WILLIAMSVILLE", "state": "NY", "area-code": "716"}, {"id": "1d36742e3f24f50e4e7ae8280166e512", "number": "7162723297", "date": "2021-01-19 15:16:00", "subject": "2", "recorded-or-robo": "Y", "city": "WILLIAMSVILLE", "state": "NY", "area-code": "716"}, {"id": "e81c9350d54f66c6d33b3747eed20864", "number": "9739633183", "date": "2021-01-19 18:16:00", "subject": "3", "recorded-or-robo": "", "city": "", "state": "NJ", "area-code": "973"}, {"id": "1d36742e3f24f50e4e7ae8280166d542", "number": "9739633183", "date": "2021-01-19 18:16:00", "subject": "3", "recorded-or-robo": "", "city": "", "state": "NJ", "area-code": "973"}, {"id": "3decc6bfadaa436a105714c6ba574023", "number": "", "date": "2021-01-23 08:51:00", "subject": "3", "recorded-or-robo": "Y", "city": "", "state": "PA", "area-code": "267"}, {"id": "1d36742e3f24f50e4e7ae82801edb541", "number": "", "date": "2021-01-23 08:51:00", "subject": "3", "recorded-or-robo": "Y", "city": "", "state": "PA", "area-code": "267"}, {"id": "e81c9350d54f66c6d33b3747eed20097", "number": "69084354", "date": "2021-01-22 04:00:00", "subject": "2", "recorded-or-robo": "Y", "city": "Cheltenham", "state": "PA", "area-code": "215"}, {"id": "1d36742e3f24f50e4e7ae8280166c715", "number": "69084354", "date": "2021-01-22 04:00:00", "subject": "2", "recorded-or-robo": "Y", "city": "Cheltenham", "state": "PA", "area-code": "215"}, {"id": "e81c9350d54f66c6d33b3747eed1ff07", "number": "8449317893", "date": "2021-01-22 17:42:00", "subject": "0", "recorded-or-robo": "Y", "city": "Orland Park", "state": "IL", "area-code": "708"}, {"id": "1d36742e3f24f50e4e7ae8280166bde8", "number": "8449317893", "date": "2021-01-22 17:42:00", "subject": "0", "recorded-or-robo": "Y", "city": "Orland Park", "state": "IL", "area-code": "708"}, {"id": "e81c9350d54f66c6d33b3747eed1eff2", "number": "9739632846", "date": "2021-01-15 18:06:00", "subject": "3", "recorded-or-robo": "", "city": "", "state": "NJ", "area-code": "973"}, {"id": "1d36742e3f24f50e4e7ae8280166bc26", "number": "9739632846", "date": "2021-01-15 18:06:00", "subject": "3", "recorded-or-robo": "", "city": "", "state": "NJ", "area-code": "973"}, {"id": "e81c9350d54f66c6d33b3747eed1e5d4", "number": "8009336262", "date": "2021-01-22 17:47:00", "subject": "0", "recorded-or-robo": "Y", "city": "Rome", "state": "PA", "area-code": "570"}]}