{"data": [{"id": "deca54a6651fb9add5b4a9816cbb6875", "number": "6315381590", "date": "2021-01-22 18:02:00", "subject": "6", "recorded-or-robo": "Y", "city": "Sound Beach", "state": "NY", "area-code": "631"}, {"id": "e81c9350d54f66c6d33b3747ee26329e", "number": "", "date": "2021-01-22 14:43:00", "subject": "3", "recorded-or-robo": "Y", "city": "", "state": "MI", "area-code": "517"}, {"id": "deca54a6651fb9add5b4a9816cbb5f27", "number": "", "date": "2021-01-22 14:43:00", "subject": "3", "recorded-or-robo": "Y", "city": "", "state": "MI", "area-code": "517"}, {"id": "e81c9350d54f66c6d33b3747ee26250b", "number": "6315865182", "date": "2021-01-22 18:02:00", "subject": "7", "recorded-or-robo": "Y", "city": "Provo", "state": "UT", "area-code": "631"}, {"id": "deca54a6651fb9add5b4a9816cbb50b3", "number": "6315865182", "date": "2021-01-22 18:02:00", "subject": "7", "recorded-or-robo": "Y", "city": "Provo", "state": "UT", "area-code": "631"}, {"id": "e81c9350d54f66c6d33b3747ee261ba6", "number": "2487690493", "date": "2021-01-22 15:38:00", "subject": "0", "recorded-or-robo": "Y", "city": "Sylvan Lake", "state": "MI", "area-code": "248"}, {"id": "e81c9350d54f66c6d33b3747ee2615fb", "number": "5074664626", "date": "2021-01-22 12:39:00", "subject": "11", "recorded-or-robo": "Y", "city": "San Simeon", "state": "CA", "area-code": "805"}, {"id": "deca54a6651fb9add5b4a9816cbb4df0", "number": "2487690493", "date": "2021-01-22 15:38:00", "subject": "0", "recorded-or-robo": "Y", "city": "Sylvan Lake", "state": "MI", "area-code": "248"}, {"id": "deca54a6651fb9add5b4a9816cbb43d9", "number": "5074664626", "date": "2021-01-22 12:39:00", "subject": "11", "recorded-or-robo": "Y", "city": "San Simeon", "state": "CA", "area-code": "805"}, {"id": "e81c9350d54f66c6d33b3747ee26089a", "number": "9544978386", "date": "2021-01-22 10:24:00", "subject": "2", "recorded-or-robo": "N", "city": "Cypress", "state": "FL", "area-code": "904"}, {"id": "deca54a6651fb9add5b4a9816cbb3577", "number": "9544978386", "date": "2021-01-22 10:24:00", "subject": "2", "recorded-or-robo": "N", "city": "Cypress", "state": "FL", "area-code": "904"}, {"id": "e81c9350d54f66c6d33b3747ee25fc04", "number": "9014227997", "date": "2021-01-21 10:28:00", "subject": "4", "recorded-or-robo": "Y", "city": "Hernando", "state": "MS", "area-code": "901"}, {"id": "deca54a6651fb9add5b4a9816cbb2ebc", "number": "9014227997", "date": "2021-01-21 10:28:00", "subject": "4", "recorded-or-robo": "Y", "city": "Hernando", "state": "MS", "area-code": "901"}, {"id": "e81c9350d54f66c6d33b3747ee25f5a6", "number": "7627285088", "date": "2021-01-22 17:58:00", "subject": "0", "recorded-or-robo": "Y", "city": "Columbus", "state": "OH", "area-code": "614"}, {"id": "deca54a6651fb9add5b4a9816cbb2c4e", "number": "7627285088", "date": "2021-01-22 17:58:00", "subject": "0", "recorded-or-robo": "Y", "city": "Columbus", "state": "OH", "area-code": "614"}, {"id": "e81c9350d54f66c6d33b3747ee25ebb5", "number": "", "date": "2021-01-22 18:11:00", "subject": "3", "recorded-or-robo": "Y", "city": "", "state": "NY", "area-code": "585"}, {"id": "deca54a6651fb9add5b4a9816cbb217c", "number": "", "date": "2021-01-22 18:11:00", "subject": "3", "recorded-or-robo": "Y", "city": "", "state": "NY", "area-code": "585"}, {"id": "e81c9350d54f66c6d33b3747ee25e91a", "number": "8052442425", "date": "2021-01-22 13:05:00", "subject": "0", "recorded-or-robo": "N", "city": "CAMARILLO", "state": "CA", "area-code": "805"}, {"id": "deca54a6651fb9add5b4a9816cbb1efd", "number": "8052442425", "date": "2021-01-22 13:05:00", "subject": "0", "recorded-or-robo": "N", "city": "CAMARILLO", "state": "CA", "area-code": "805"}, {"id": "e81c9350d54f66c6d33b3747ee25e607", "number": "7752766316", "date": "2021-01-22 14:52:00", "subject": "7", "recorded-or-robo": "Y", "city": "HENDERSON", "state": "NV", "area-code": "775"}, {"id": "deca54a6651fb9add5b4a9816cbb1df6", "number": "7752766316", "date": "2021-01-22 14:52:00", "subject": "7", "recorded-or-robo": "Y", "city": "HENDERSON", "state": "NV", "area-code": "775"}, {"id": "e81c9350d54f66c6d33b3747ee561b71", "number": "9846000798", "date": "2021-01-22 18:05:24", "subject": "3", "recorded-or-robo": "Y", "city": "", "state": "FL", "area-code": "904"}, {"id": "e81c9350d54f66c6d33b3747ee25dc14", "number": "4012148349", "date": "2021-01-22 16:52:00", "subject": "2", "recorded-or-robo": "Y", "city": "Richmond", "state": "VA", "area-code": "804"}, {"id": "deca54a6651fb9add5b4a9816cea8824", "number": "9846000798", "date": "2021-01-22 18:05:24", "subject": "3", "recorded-or-robo": "Y", "city": "", "state": "FL", "area-code": "904"}, {"id": "deca54a6651fb9add5b4a9816cbb1cf8", "number": "4012148349", "date": "2021-01-22 16:52:00", "subject": "2", "recorded-or-robo": "Y", "city": "Richmond", "state": "VA", "area-code": "804"}, {"id": "e81c9350d54f66c6d33b3747ee25daea", "number": "7168222016", "date": "2021-01-22 17:27:00", "subject": "4", "recorded-or-robo": "N", "city": "Blasdell", "state": "NY", "area-code": "716"}, {"id": "deca54a6651fb9add5b4a9816cbb1794", "number": "7168222016", "date": "2021-01-22 17:27:00", "subject": "4", "recorded-or-robo": "N", "city": "Blasdell", "state": "NY", "area-code": "716"}, {"id": "e81c9350d54f66c6d33b3747ee25d0a4", "number": "9124548287", "date": "2020-12-15 08:22:00", "subject": "2", "recorded-or-robo": "Y", "city": "Colorado Springs", "state": "CO", "area-code": "912"}, {"id": "deca54a6651fb9add5b4a9816cbb0a69", "number": "9124548287", "date": "2020-12-15 08:22:00", "subject": "2", "recorded-or-robo": "Y", "city": "Colorado Springs", "state": "CO", "area-code": "912"}, {"id": "e81c9350d54f66c6d33b3747ee565519", "number": "2702251494", "date": "2021-01-22 18:05:12", "subject": "3", "recorded-or-robo": "Y", "city": "", "state": "KY", "area-code": "502"}, {"id": "e81c9350d54f66c6d33b3747ee25c194", "number": "2813702002", "date": "2021-01-21 15:51:00", "subject": "0", "recorded-or-robo": "Y", "city": "Spring", "state": "TX", "area-code": "281"}, {"id": "deca54a6651fb9add5b4a9816ceacce7", "number": "2702251494", "date": "2021-01-22 18:05:12", "subject": "3", "recorded-or-robo": "Y", "city": "", "state": "KY", "area-code": "502"}, {"id": "deca54a6651fb9add5b4a9816cbafcc2", "number": "2813702002", "date": "2021-01-21 15:51:00", "subject": "0", "recorded-or-robo": "Y", "city": "Spring", "state": "TX", "area-code": "281"}, {"id": "e81c9350d54f66c6d33b3747ee56355b", "number": "2702251494", "date": "2021-01-22 18:05:11", "subject": "3", "recorded-or-robo": "Y", "city": "", "state": "KY", "area-code": "502"}, {"id": "deca54a6651fb9add5b4a9816ceaa462", "number": "2702251494", "date": "2021-01-22 18:05:11", "subject": "3", "recorded-or-robo": "Y", "city": "", "state": "KY", "area-code": "502"}, {"id": "e81c9350d54f66c6d33b3747ee25b9eb", "number": "8652900455", "date": "2021-01-22 15:02:00", "subject": "0", "recorded-or-robo": "N", "city": "Huntington Beach", "state": "CA", "area-code": "818"}, {"id": "deca54a6651fb9add5b4a9816cbafa3b", "number": "8652900455", "date": "2021-01-22 15:02:00", "subject": "0", "recorded-or-robo": "N", "city": "Huntington Beach", "state": "CA", "area-code": "818"}, {"id": "e81c9350d54f66c6d33b3747ee25b0d4", "number": "2067841661", "date": "2021-01-22 17:53:00", "subject": "6", "recorded-or-robo": "Y", "city": "Marion", "state": "OH", "area-code": "740"}, {"id": "deca54a6651fb9add5b4a9816cbaf671", "number": "2067841661", "date": "2021-01-22 17:53:00", "subject": "6", "recorded-or-robo": "Y", "city": "Marion", "state": "OH", "area-code": "740"}, {"id": "e81c9350d54f66c6d33b3747ee25ac91", "number": "2052878972", "date": "2021-01-17 07:45:00", "subject": "3", "recorded-or-robo": "Y", "city": "", "state": "CA", "area-code": "209"}, {"id": "deca54a6651fb9add5b4a9816cbae7fd", "number": "2052878972", "date": "2021-01-17 07:45:00", "subject": "3", "recorded-or-robo": "Y", "city": "", "state": "CA", "area-code": "209"}, {"id": "e81c9350d54f66c6d33b3747ee259d7e", "number": "4432392030", "date": "2021-01-12 15:51:00", "subject": "0", "recorded-or-robo": "", "city": "", "state": "MD", "area-code": "443"}, {"id": "deca54a6651fb9add5b4a9816cbae78d", "number": "4432392030", "date": "2021-01-12 15:51:00", "subject": "0", "recorded-or-robo": "", "city": "", "state": "MD", "area-code": "443"}, {"id": "e81c9350d54f66c6d33b3747ee563e71", "number": "5027170548", "date": "2021-01-22 18:04:57", "subject": "3", "recorded-or-robo": "Y", "city": "", "state": "KY", "area-code": "502"}, {"id": "e81c9350d54f66c6d33b3747ee259b22", "number": "6319738676", "date": "2021-01-22 17:12:00", "subject": "3", "recorded-or-robo": "Y", "city": "", "state": "NY", "area-code": "631"}, {"id": "deca54a6651fb9add5b4a9816ceab182", "number": "5027170548", "date": "2021-01-22 18:04:57", "subject": "3", "recorded-or-robo": "Y", "city": "", "state": "KY", "area-code": "502"}, {"id": "deca54a6651fb9add5b4a9816cbadf42", "number": "6319738676", "date": "2021-01-22 17:12:00", "subject": "3", "recorded-or-robo": "Y", "city": "", "state": "NY", "area-code": "631"}, {"id": "e81c9350d54f66c6d33b3747ee258e83", "number": "5093588872", "date": "2021-01-22 16:39:00", "subject": "0", "recorded-or-robo": "", "city": "", "state": "NJ", "area-code": "973"}, {"id": "deca54a6651fb9add5b4a9816cbad8cd", "number": "5093588872", "date": "2021-01-22 16:39:00", "subject": "0", "recorded-or-robo": "", "city": "", "state": "NJ", "area-code": "973"}, {"id": "e81c9350d54f66c6d33b3747ee25862a", "number": "8303601698", "date": "2021-01-22 17:00:00", "subject": "1", "recorded-or-robo": "Y", "city": "mills river NC", "state": "NC", "area-code": "828"}]}