{"data": [{"id": "1d36742e3f24f50e4e7ae82801e89718", "number": "7162611257", "date": "2021-01-23 03:31:08", "subject": "3", "recorded-or-robo": "N", "city": "", "state": "NY", "area-code": "716"}, {"id": "3decc6bfadaa436a105714c6ba52e8e5", "number": "+15752052485", "date": "2021-01-23 03:30:56", "subject": "3", "recorded-or-robo": "N", "city": "", "state": "IN", "area-code": "219"}, {"id": "1d36742e3f24f50e4e7ae82801e8bb32", "number": "+15752052485", "date": "2021-01-23 03:30:56", "subject": "3", "recorded-or-robo": "N", "city": "", "state": "IN", "area-code": "219"}, {"id": "3decc6bfadaa436a105714c6ba52f839", "number": "5162249010", "date": "2021-01-23 03:30:52", "subject": "3", "recorded-or-robo": "Y", "city": "", "state": "NY", "area-code": "716"}, {"id": "1d36742e3f24f50e4e7ae82801e8cc9c", "number": "5162249010", "date": "2021-01-23 03:30:52", "subject": "3", "recorded-or-robo": "Y", "city": "", "state": "NY", "area-code": "716"}, {"id": "3decc6bfadaa436a105714c6ba52b27d", "number": "5627352930", "date": "2021-01-23 03:30:34", "subject": "3", "recorded-or-robo": "Y", "city": "", "state": "NY", "area-code": "716"}, {"id": "1d36742e3f24f50e4e7ae82801e89460", "number": "5627352930", "date": "2021-01-23 03:30:34", "subject": "3", "recorded-or-robo": "Y", "city": "", "state": "NY", "area-code": "716"}, {"id": "3decc6bfadaa436a105714c6ba52f4f1", "number": "7169931413", "date": "2021-01-23 03:30:20", "subject": "3", "recorded-or-robo": "Y", "city": "", "state": "NY", "area-code": "716"}, {"id": "1d36742e3f24f50e4e7ae82801e8c6a0", "number": "7169931413", "date": "2021-01-23 03:30:20", "subject": "3", "recorded-or-robo": "Y", "city": "", "state": "NY", "area-code": "716"}, {"id": "3decc6bfadaa436a105714c6ba52cc95", "number": "+14842095834", "date": "2021-01-23 03:30:11", "subject": "3", "recorded-or-robo": "Y", "city": "", "state": "NC", "area-code": "704"}, {"id": "1d36742e3f24f50e4e7ae82801e8a1d5", "number": "+14842095834", "date": "2021-01-23 03:30:11", "subject": "3", "recorded-or-robo": "Y", "city": "", "state": "NC", "area-code": "704"}, {"id": "e81c9350d54f66c6d33b3747eec788fe", "number": "3047267513", "date": "2021-01-22 19:35:00", "subject": "0", "recorded-or-robo": "N", "city": "Nitro,", "state": "WV", "area-code": "304"}, {"id": "1d36742e3f24f50e4e7ae828015cdebf", "number": "3047267513", "date": "2021-01-22 19:35:00", "subject": "0", "recorded-or-robo": "N", "city": "Nitro,", "state": "WV", "area-code": "304"}, {"id": "e81c9350d54f66c6d33b3747eec783d6", "number": "8623295599", "date": "2021-01-22 18:33:00", "subject": "2", "recorded-or-robo": "", "city": "Sussex", "state": "NJ", "area-code": "973"}, {"id": "1d36742e3f24f50e4e7ae828015cd4ed", "number": "8623295599", "date": "2021-01-22 18:33:00", "subject": "2", "recorded-or-robo": "", "city": "Sussex", "state": "NJ", "area-code": "973"}, {"id": "3decc6bfadaa436a105714c6ba52999c", "number": "+19548474000", "date": "2021-01-23 03:29:08", "subject": "3", "recorded-or-robo": "Y", "city": "", "state": "FL", "area-code": "786"}, {"id": "1d36742e3f24f50e4e7ae82801e879b8", "number": "+19548474000", "date": "2021-01-23 03:29:08", "subject": "3", "recorded-or-robo": "Y", "city": "", "state": "FL", "area-code": "786"}, {"id": "e81c9350d54f66c6d33b3747eec77cd8", "number": "9544336860", "date": "2021-01-22 20:38:00", "subject": "2", "recorded-or-robo": "", "city": "Sussex", "state": "NJ", "area-code": "973"}, {"id": "1d36742e3f24f50e4e7ae828015cc8c9", "number": "9544336860", "date": "2021-01-22 20:38:00", "subject": "2", "recorded-or-robo": "", "city": "Sussex", "state": "NJ", "area-code": "973"}, {"id": "3decc6bfadaa436a105714c6ba52a431", "number": "+16462292679", "date": "2021-01-23 03:27:15", "subject": "3", "recorded-or-robo": "N", "city": "", "state": "IN", "area-code": "219"}, {"id": "1d36742e3f24f50e4e7ae82801e8864d", "number": "+16462292679", "date": "2021-01-23 03:27:15", "subject": "3", "recorded-or-robo": "N", "city": "", "state": "IN", "area-code": "219"}, {"id": "3decc6bfadaa436a105714c6ba529559", "number": "+16263378758", "date": "2021-01-23 03:27:12", "subject": "3", "recorded-or-robo": "Y", "city": "", "state": "CA", "area-code": "626"}, {"id": "1d36742e3f24f50e4e7ae82801e8704b", "number": "+16263378758", "date": "2021-01-23 03:27:12", "subject": "3", "recorded-or-robo": "Y", "city": "", "state": "CA", "area-code": "626"}, {"id": "e81c9350d54f66c6d33b3747eec77b8c", "number": "3045785962", "date": "2021-01-22 19:37:00", "subject": "0", "recorded-or-robo": "N", "city": "Nitro,", "state": "WV", "area-code": "304"}, {"id": "1d36742e3f24f50e4e7ae828015cc5de", "number": "3045785962", "date": "2021-01-22 19:37:00", "subject": "0", "recorded-or-robo": "N", "city": "Nitro,", "state": "WV", "area-code": "304"}, {"id": "e81c9350d54f66c6d33b3747eec771c0", "number": "7022531183", "date": "2021-01-22 12:02:00", "subject": "1", "recorded-or-robo": "Y", "city": "Las Vegas", "state": "NV", "area-code": "702"}, {"id": "1d36742e3f24f50e4e7ae828015cc397", "number": "7022531183", "date": "2021-01-22 12:02:00", "subject": "1", "recorded-or-robo": "Y", "city": "Las Vegas", "state": "NV", "area-code": "702"}, {"id": "3decc6bfadaa436a105714c6ba5276ad", "number": "8173450891", "date": "2021-01-23 03:19:42", "subject": "3", "recorded-or-robo": "Y", "city": "", "state": "CT", "area-code": "860"}, {"id": "1d36742e3f24f50e4e7ae82801e8544c", "number": "8173450891", "date": "2021-01-23 03:19:42", "subject": "3", "recorded-or-robo": "Y", "city": "", "state": "CT", "area-code": "860"}, {"id": "3decc6bfadaa436a105714c6ba528e8e", "number": "8173450891", "date": "2021-01-23 03:19:23", "subject": "3", "recorded-or-robo": "Y", "city": "", "state": "CT", "area-code": "860"}, {"id": "1d36742e3f24f50e4e7ae82801e86867", "number": "8173450891", "date": "2021-01-23 03:19:23", "subject": "3", "recorded-or-robo": "Y", "city": "", "state": "CT", "area-code": "860"}, {"id": "3decc6bfadaa436a105714c6ba5284a1", "number": "+17207041104", "date": "2021-01-23 03:18:54", "subject": "3", "recorded-or-robo": "N", "city": "", "state": "CO", "area-code": "720"}, {"id": "1d36742e3f24f50e4e7ae82801e8594f", "number": "+17207041104", "date": "2021-01-23 03:18:54", "subject": "3", "recorded-or-robo": "N", "city": "", "state": "CO", "area-code": "720"}, {"id": "e81c9350d54f66c6d33b3747eec76e27", "number": "2816488462", "date": "2021-01-22 11:30:00", "subject": "2", "recorded-or-robo": "N", "city": "League City", "state": "TX", "area-code": "281"}, {"id": "1d36742e3f24f50e4e7ae828015cbe0a", "number": "2816488462", "date": "2021-01-22 11:30:00", "subject": "2", "recorded-or-robo": "N", "city": "League City", "state": "TX", "area-code": "281"}, {"id": "3decc6bfadaa436a105714c6ba52720a", "number": "3462263738", "date": "2021-01-23 03:16:36", "subject": "3", "recorded-or-robo": "N", "city": "", "state": "TX", "area-code": "832"}, {"id": "1d36742e3f24f50e4e7ae82801e84505", "number": "3462263738", "date": "2021-01-23 03:16:36", "subject": "3", "recorded-or-robo": "N", "city": "", "state": "TX", "area-code": "832"}, {"id": "e81c9350d54f66c6d33b3747eec76619", "number": "8588827465", "date": "2021-01-22 13:49:00", "subject": "0", "recorded-or-robo": "Y", "city": "League City", "state": "TX", "area-code": "281"}, {"id": "1d36742e3f24f50e4e7ae828015cbbad", "number": "8588827465", "date": "2021-01-22 13:49:00", "subject": "0", "recorded-or-robo": "Y", "city": "League City", "state": "TX", "area-code": "281"}, {"id": "e81c9350d54f66c6d33b3747eec76159", "number": "8434884449", "date": "2021-01-22 13:18:00", "subject": "0", "recorded-or-robo": "Y", "city": "League City", "state": "TX", "area-code": "281"}, {"id": "1d36742e3f24f50e4e7ae828015cb9e1", "number": "8434884449", "date": "2021-01-22 13:18:00", "subject": "0", "recorded-or-robo": "Y", "city": "League City", "state": "TX", "area-code": "281"}, {"id": "e81c9350d54f66c6d33b3747eec75fd9", "number": "2815567703", "date": "2021-01-22 08:32:00", "subject": "0", "recorded-or-robo": "Y", "city": "League City", "state": "TX", "area-code": "281"}, {"id": "1d36742e3f24f50e4e7ae828015caea8", "number": "2815567703", "date": "2021-01-22 08:32:00", "subject": "0", "recorded-or-robo": "Y", "city": "League City", "state": "TX", "area-code": "281"}, {"id": "e81c9350d54f66c6d33b3747eec7562c", "number": "4158317292", "date": "2021-01-22 09:16:00", "subject": "6", "recorded-or-robo": "Y", "city": "", "state": "CA", "area-code": "415"}, {"id": "1d36742e3f24f50e4e7ae828015ca5f7", "number": "4158317292", "date": "2021-01-22 09:16:00", "subject": "6", "recorded-or-robo": "Y", "city": "", "state": "CA", "area-code": "415"}, {"id": "3decc6bfadaa436a105714c6ba5270fd", "number": "+19728219617", "date": "2021-01-23 03:07:17", "subject": "3", "recorded-or-robo": "Y", "city": "", "state": "TX", "area-code": "682"}, {"id": "1d36742e3f24f50e4e7ae82801e83ce3", "number": "+19728219617", "date": "2021-01-23 03:07:17", "subject": "3", "recorded-or-robo": "Y", "city": "", "state": "TX", "area-code": "682"}, {"id": "3decc6bfadaa436a105714c6ba521f4c", "number": "2394883096", "date": "2021-01-23 03:05:03", "subject": "3", "recorded-or-robo": "Y", "city": "", "state": "FL", "area-code": "786"}, {"id": "1d36742e3f24f50e4e7ae82801e7fddb", "number": "2394883096", "date": "2021-01-23 03:05:03", "subject": "3", "recorded-or-robo": "Y", "city": "", "state": "FL", "area-code": "786"}, {"id": "3decc6bfadaa436a105714c6ba523955", "number": "7542562058", "date": "2021-01-23 03:04:43", "subject": "3", "recorded-or-robo": "Y", "city": "", "state": "FL", "area-code": "786"}]}