{"data": [{"id": "1d36742e3f24f50e4e7ae8280162f9d3", "number": "243840313919", "date": "2021-01-22 07:46:00", "subject": "1", "recorded-or-robo": "Y", "city": "Des Moines", "state": "IA", "area-code": "515"}, {"id": "e81c9350d54f66c6d33b3747eecdcdff", "number": "8569564384", "date": "2021-01-20 10:36:00", "subject": "4", "recorded-or-robo": "Y", "city": "", "state": "NJ", "area-code": "856"}, {"id": "1d36742e3f24f50e4e7ae8280162ec8b", "number": "8569564384", "date": "2021-01-20 10:36:00", "subject": "4", "recorded-or-robo": "Y", "city": "", "state": "NJ", "area-code": "856"}, {"id": "e81c9350d54f66c6d33b3747eecdcb99", "number": "5713748874", "date": "2021-01-18 11:14:00", "subject": "0", "recorded-or-robo": "Y", "city": "", "state": "VA", "area-code": "571"}, {"id": "1d36742e3f24f50e4e7ae8280162e18c", "number": "5713748874", "date": "2021-01-18 11:14:00", "subject": "0", "recorded-or-robo": "Y", "city": "", "state": "VA", "area-code": "571"}, {"id": "e81c9350d54f66c6d33b3747eecda7c9", "number": "2034463310", "date": "2021-01-22 19:49:00", "subject": "3", "recorded-or-robo": "N", "city": "", "state": "CT", "area-code": "203"}, {"id": "1d36742e3f24f50e4e7ae8280162c045", "number": "2034463310", "date": "2021-01-22 19:49:00", "subject": "3", "recorded-or-robo": "N", "city": "", "state": "CT", "area-code": "203"}, {"id": "e81c9350d54f66c6d33b3747eecdc1cf", "number": "8152872873", "date": "2021-01-19 09:56:00", "subject": "2", "recorded-or-robo": "", "city": "", "state": "IL", "area-code": "815"}, {"id": "1d36742e3f24f50e4e7ae8280162d61b", "number": "8152872873", "date": "2021-01-19 09:56:00", "subject": "2", "recorded-or-robo": "", "city": "", "state": "IL", "area-code": "815"}, {"id": "e81c9350d54f66c6d33b3747eecdb4ae", "number": "5123717143", "date": "2021-01-23 08:16:00", "subject": "1", "recorded-or-robo": "Y", "city": "", "state": "FL", "area-code": "386"}, {"id": "1d36742e3f24f50e4e7ae8280162ca6e", "number": "5123717143", "date": "2021-01-23 08:16:00", "subject": "1", "recorded-or-robo": "Y", "city": "", "state": "FL", "area-code": "386"}, {"id": "e81c9350d54f66c6d33b3747eecd9b03", "number": "8153242044", "date": "2021-01-13 14:44:00", "subject": "2", "recorded-or-robo": "", "city": "", "state": "IL", "area-code": "815"}, {"id": "1d36742e3f24f50e4e7ae8280162b78c", "number": "8153242044", "date": "2021-01-13 14:44:00", "subject": "2", "recorded-or-robo": "", "city": "", "state": "IL", "area-code": "815"}, {"id": "e81c9350d54f66c6d33b3747eecd8cbc", "number": "2027704768", "date": "2021-01-22 17:35:00", "subject": "2", "recorded-or-robo": "N", "city": "Fairhope", "state": "AL", "area-code": "251"}, {"id": "1d36742e3f24f50e4e7ae8280162ae88", "number": "2027704768", "date": "2021-01-22 17:35:00", "subject": "2", "recorded-or-robo": "N", "city": "Fairhope", "state": "AL", "area-code": "251"}, {"id": "e81c9350d54f66c6d33b3747eecd85e7", "number": "8596255618", "date": "2021-01-22 20:01:00", "subject": "2", "recorded-or-robo": "Y", "city": "Nicholasville", "state": "KY", "area-code": "859"}, {"id": "1d36742e3f24f50e4e7ae8280162a480", "number": "8596255618", "date": "2021-01-22 20:01:00", "subject": "2", "recorded-or-robo": "Y", "city": "Nicholasville", "state": "KY", "area-code": "859"}, {"id": "e81c9350d54f66c6d33b3747eecd7f77", "number": "5752131768", "date": "2021-01-22 02:09:00", "subject": "0", "recorded-or-robo": "Y", "city": "Abq", "state": "NM", "area-code": "505"}, {"id": "1d36742e3f24f50e4e7ae82801629a5f", "number": "5752131768", "date": "2021-01-22 02:09:00", "subject": "0", "recorded-or-robo": "Y", "city": "Abq", "state": "NM", "area-code": "505"}, {"id": "e81c9350d54f66c6d33b3747eecd77bb", "number": "8772254202", "date": "2021-01-21 00:00:00", "subject": "2", "recorded-or-robo": "", "city": "", "state": "VA", "area-code": "434"}, {"id": "1d36742e3f24f50e4e7ae828016298ae", "number": "8772254202", "date": "2021-01-21 00:00:00", "subject": "2", "recorded-or-robo": "", "city": "", "state": "VA", "area-code": "434"}, {"id": "e81c9350d54f66c6d33b3747eecd738c", "number": "8159883535", "date": "2021-01-12 13:43:00", "subject": "2", "recorded-or-robo": "", "city": "", "state": "IL", "area-code": "815"}, {"id": "1d36742e3f24f50e4e7ae82801628e8b", "number": "8159883535", "date": "2021-01-12 13:43:00", "subject": "2", "recorded-or-robo": "", "city": "", "state": "IL", "area-code": "815"}, {"id": "e81c9350d54f66c6d33b3747eecd6592", "number": "6305103811", "date": "2021-01-22 23:22:00", "subject": "16", "recorded-or-robo": "N", "city": "Lombard", "state": "IL", "area-code": "630"}, {"id": "1d36742e3f24f50e4e7ae8280162868f", "number": "6305103811", "date": "2021-01-22 23:22:00", "subject": "16", "recorded-or-robo": "N", "city": "Lombard", "state": "IL", "area-code": "630"}, {"id": "e81c9350d54f66c6d33b3747eecd62c1", "number": "5055551212", "date": "2021-01-22 05:01:00", "subject": "0", "recorded-or-robo": "Y", "city": "Abq", "state": "NM", "area-code": "505"}, {"id": "1d36742e3f24f50e4e7ae82801627d76", "number": "5055551212", "date": "2021-01-22 05:01:00", "subject": "0", "recorded-or-robo": "Y", "city": "Abq", "state": "NM", "area-code": "505"}, {"id": "e81c9350d54f66c6d33b3747eecd585a", "number": "8592666802", "date": "2021-01-22 18:39:00", "subject": "2", "recorded-or-robo": "Y", "city": "Nicholasville", "state": "KY", "area-code": "859"}, {"id": "1d36742e3f24f50e4e7ae828016277ec", "number": "8592666802", "date": "2021-01-22 18:39:00", "subject": "2", "recorded-or-robo": "Y", "city": "Nicholasville", "state": "KY", "area-code": "859"}, {"id": "e81c9350d54f66c6d33b3747eecd5359", "number": "5188932873", "date": "2021-01-11 07:13:00", "subject": "2", "recorded-or-robo": "", "city": "", "state": "IL", "area-code": "815"}, {"id": "1d36742e3f24f50e4e7ae82801626c00", "number": "5188932873", "date": "2021-01-11 07:13:00", "subject": "2", "recorded-or-robo": "", "city": "", "state": "IL", "area-code": "815"}, {"id": "e81c9350d54f66c6d33b3747eecd45be", "number": "8017742146", "date": "2021-01-22 18:39:00", "subject": "2", "recorded-or-robo": "Y", "city": "Nicholasville", "state": "KY", "area-code": "859"}, {"id": "1d36742e3f24f50e4e7ae82801626570", "number": "8017742146", "date": "2021-01-22 18:39:00", "subject": "2", "recorded-or-robo": "Y", "city": "Nicholasville", "state": "KY", "area-code": "859"}, {"id": "3decc6bfadaa436a105714c6ba54f638", "number": "+18559293785", "date": "2021-01-23 08:19:51", "subject": "3", "recorded-or-robo": "Y", "city": "", "state": "AR", "area-code": "479"}, {"id": "1d36742e3f24f50e4e7ae82801eb1619", "number": "+18559293785", "date": "2021-01-23 08:19:51", "subject": "3", "recorded-or-robo": "Y", "city": "", "state": "AR", "area-code": "479"}, {"id": "e81c9350d54f66c6d33b3747eecd383b", "number": "8592163974", "date": "2021-01-22 14:34:00", "subject": "2", "recorded-or-robo": "Y", "city": "Nicholasville", "state": "KY", "area-code": "859"}, {"id": "1d36742e3f24f50e4e7ae82801626476", "number": "8592163974", "date": "2021-01-22 14:34:00", "subject": "2", "recorded-or-robo": "Y", "city": "Nicholasville", "state": "KY", "area-code": "859"}, {"id": "3decc6bfadaa436a105714c6ba550360", "number": "+15045769252", "date": "2021-01-23 08:19:29", "subject": "3", "recorded-or-robo": "Y", "city": "", "state": "AR", "area-code": "479"}, {"id": "1d36742e3f24f50e4e7ae82801eb1e36", "number": "+15045769252", "date": "2021-01-23 08:19:29", "subject": "3", "recorded-or-robo": "Y", "city": "", "state": "AR", "area-code": "479"}, {"id": "3decc6bfadaa436a105714c6ba54f496", "number": "+15045769252", "date": "2021-01-23 08:18:16", "subject": "3", "recorded-or-robo": "Y", "city": "", "state": "AR", "area-code": "479"}, {"id": "1d36742e3f24f50e4e7ae82801eb084a", "number": "+15045769252", "date": "2021-01-23 08:18:16", "subject": "3", "recorded-or-robo": "Y", "city": "", "state": "AR", "area-code": "479"}, {"id": "e81c9350d54f66c6d33b3747eecd3499", "number": "9192613999", "date": "2021-01-22 13:33:00", "subject": "2", "recorded-or-robo": "Y", "city": "Nicholasville", "state": "KY", "area-code": "859"}, {"id": "1d36742e3f24f50e4e7ae828016259ab", "number": "9192613999", "date": "2021-01-22 13:33:00", "subject": "2", "recorded-or-robo": "Y", "city": "Nicholasville", "state": "KY", "area-code": "859"}, {"id": "e81c9350d54f66c6d33b3747eecd2dff", "number": "2568039506", "date": "2021-01-22 09:48:00", "subject": "2", "recorded-or-robo": "N", "city": "Anniston", "state": "AL", "area-code": "256"}, {"id": "1d36742e3f24f50e4e7ae82801624fbc", "number": "2568039506", "date": "2021-01-22 09:48:00", "subject": "2", "recorded-or-robo": "N", "city": "Anniston", "state": "AL", "area-code": "256"}, {"id": "e81c9350d54f66c6d33b3747eecd21c4", "number": "3854422136", "date": "2021-01-22 17:09:00", "subject": "2", "recorded-or-robo": "Y", "city": "cincinnati", "state": "OH", "area-code": "513"}, {"id": "1d36742e3f24f50e4e7ae828016247ad", "number": "3854422136", "date": "2021-01-22 17:09:00", "subject": "2", "recorded-or-robo": "Y", "city": "cincinnati", "state": "OH", "area-code": "513"}, {"id": "3decc6bfadaa436a105714c6ba54ee4d", "number": "+18634170731", "date": "2021-01-23 08:17:18", "subject": "3", "recorded-or-robo": "Y", "city": "", "state": "AR", "area-code": "479"}, {"id": "1d36742e3f24f50e4e7ae82801eafb32", "number": "+18634170731", "date": "2021-01-23 08:17:18", "subject": "3", "recorded-or-robo": "Y", "city": "", "state": "AR", "area-code": "479"}, {"id": "3decc6bfadaa436a105714c6ba54eb13", "number": "+14793374607", "date": "2021-01-23 08:16:55", "subject": "3", "recorded-or-robo": "Y", "city": "", "state": "AR", "area-code": "479"}]}