{"data": [{"id": "1d36742e3f24f50e4e7ae8280168fb93", "number": "2137971606", "date": "2021-01-22 12:05:00", "subject": "2", "recorded-or-robo": "Y", "city": "Florence", "state": "AL", "area-code": "213"}, {"id": "e81c9350d54f66c6d33b3747eed3e406", "number": "8134991877", "date": "2021-01-22 11:10:00", "subject": "3", "recorded-or-robo": "Y", "city": "Summerfield", "state": "FL", "area-code": "352"}, {"id": "1d36742e3f24f50e4e7ae8280168f3bb", "number": "8134991877", "date": "2021-01-22 11:10:00", "subject": "3", "recorded-or-robo": "Y", "city": "Summerfield", "state": "FL", "area-code": "352"}, {"id": "e81c9350d54f66c6d33b3747eed3e1ea", "number": "2025584964", "date": "2021-01-23 09:18:00", "subject": "3", "recorded-or-robo": "Y", "city": "", "state": "NC", "area-code": "252"}, {"id": "1d36742e3f24f50e4e7ae8280168e4df", "number": "2025584964", "date": "2021-01-23 09:18:00", "subject": "3", "recorded-or-robo": "Y", "city": "", "state": "NC", "area-code": "252"}, {"id": "e81c9350d54f66c6d33b3747eed3d1ed", "number": "7322884437", "date": "2021-01-23 09:00:00", "subject": "4", "recorded-or-robo": "Y", "city": "howell", "state": "NJ", "area-code": "732"}, {"id": "1d36742e3f24f50e4e7ae8280168de62", "number": "7322884437", "date": "2021-01-23 09:00:00", "subject": "4", "recorded-or-robo": "Y", "city": "howell", "state": "NJ", "area-code": "732"}, {"id": "e81c9350d54f66c6d33b3747eed3c6d8", "number": "5404560526", "date": "2021-01-14 15:47:00", "subject": "2", "recorded-or-robo": "Y", "city": "fredericksburg", "state": "VA", "area-code": "540"}, {"id": "1d36742e3f24f50e4e7ae8280168d6f8", "number": "5404560526", "date": "2021-01-14 15:47:00", "subject": "2", "recorded-or-robo": "Y", "city": "fredericksburg", "state": "VA", "area-code": "540"}, {"id": "e81c9350d54f66c6d33b3747eed3ba5e", "number": "7576936383", "date": "2021-01-23 00:00:00", "subject": "2", "recorded-or-robo": "", "city": "Dinwiddie", "state": "VA", "area-code": "804"}, {"id": "1d36742e3f24f50e4e7ae8280168d45f", "number": "7576936383", "date": "2021-01-23 00:00:00", "subject": "2", "recorded-or-robo": "", "city": "Dinwiddie", "state": "VA", "area-code": "804"}, {"id": "e81c9350d54f66c6d33b3747eed3aca9", "number": "8437773331", "date": "2021-01-22 16:30:00", "subject": "3", "recorded-or-robo": "N", "city": "", "state": "SC", "area-code": "843"}, {"id": "1d36742e3f24f50e4e7ae8280168c3e9", "number": "8437773331", "date": "2021-01-22 16:30:00", "subject": "3", "recorded-or-robo": "N", "city": "", "state": "SC", "area-code": "843"}, {"id": "e81c9350d54f66c6d33b3747eed3b9dd", "number": "5403882273", "date": "2021-01-22 14:46:00", "subject": "2", "recorded-or-robo": "Y", "city": "fredericksburg", "state": "VA", "area-code": "571"}, {"id": "1d36742e3f24f50e4e7ae8280168c680", "number": "5403882273", "date": "2021-01-22 14:46:00", "subject": "2", "recorded-or-robo": "Y", "city": "fredericksburg", "state": "VA", "area-code": "571"}, {"id": "e81c9350d54f66c6d33b3747eed3a6cd", "number": "37065003545", "date": "2021-01-22 21:47:00", "subject": "0", "recorded-or-robo": "Y", "city": "Valliant", "state": "OK", "area-code": "580"}, {"id": "1d36742e3f24f50e4e7ae8280168b694", "number": "37065003545", "date": "2021-01-22 21:47:00", "subject": "0", "recorded-or-robo": "Y", "city": "Valliant", "state": "OK", "area-code": "580"}, {"id": "e81c9350d54f66c6d33b3747eed3a4b7", "number": "", "date": "2021-01-23 04:10:00", "subject": "2", "recorded-or-robo": "Y", "city": "", "state": "PA", "area-code": "412"}, {"id": "1d36742e3f24f50e4e7ae8280168af5a", "number": "", "date": "2021-01-23 04:10:00", "subject": "2", "recorded-or-robo": "Y", "city": "", "state": "PA", "area-code": "412"}, {"id": "e81c9350d54f66c6d33b3747eed39e76", "number": "5712813127", "date": "2021-01-22 13:57:00", "subject": "2", "recorded-or-robo": "Y", "city": "fredericksburg", "state": "VA", "area-code": "571"}, {"id": "1d36742e3f24f50e4e7ae8280168a482", "number": "5712813127", "date": "2021-01-22 13:57:00", "subject": "2", "recorded-or-robo": "Y", "city": "fredericksburg", "state": "VA", "area-code": "571"}, {"id": "e81c9350d54f66c6d33b3747eed39cea", "number": "9372461270", "date": "2021-01-22 14:00:00", "subject": "0", "recorded-or-robo": "Y", "city": "enon", "state": "OH", "area-code": "937"}, {"id": "1d36742e3f24f50e4e7ae8280168a470", "number": "9372461270", "date": "2021-01-22 14:00:00", "subject": "0", "recorded-or-robo": "Y", "city": "enon", "state": "OH", "area-code": "937"}, {"id": "e81c9350d54f66c6d33b3747eed38179", "number": "6514336616", "date": "2021-01-22 11:57:00", "subject": "3", "recorded-or-robo": "N", "city": "", "state": "MN", "area-code": "218"}, {"id": "1d36742e3f24f50e4e7ae82801687872", "number": "6514336616", "date": "2021-01-22 11:57:00", "subject": "3", "recorded-or-robo": "N", "city": "", "state": "MN", "area-code": "218"}, {"id": "e81c9350d54f66c6d33b3747eed3995f", "number": "4056489741", "date": "2021-01-20 16:20:00", "subject": "2", "recorded-or-robo": "Y", "city": "fredericksburg", "state": "VA", "area-code": "571"}, {"id": "1d36742e3f24f50e4e7ae82801689ef7", "number": "4056489741", "date": "2021-01-20 16:20:00", "subject": "2", "recorded-or-robo": "Y", "city": "fredericksburg", "state": "VA", "area-code": "571"}, {"id": "e81c9350d54f66c6d33b3747eed39026", "number": "3375144775", "date": "2021-01-23 00:00:00", "subject": "4", "recorded-or-robo": "N", "city": "Vandalia", "state": "OH", "area-code": "937"}, {"id": "1d36742e3f24f50e4e7ae82801689339", "number": "3375144775", "date": "2021-01-23 00:00:00", "subject": "4", "recorded-or-robo": "N", "city": "Vandalia", "state": "OH", "area-code": "937"}, {"id": "e81c9350d54f66c6d33b3747eed38c9d", "number": "6012862983", "date": "2021-01-23 09:07:00", "subject": "1", "recorded-or-robo": "Y", "city": "Washington", "state": "PA", "area-code": "724"}, {"id": "1d36742e3f24f50e4e7ae828016887d0", "number": "6012862983", "date": "2021-01-23 09:07:00", "subject": "1", "recorded-or-robo": "Y", "city": "Washington", "state": "PA", "area-code": "724"}, {"id": "e81c9350d54f66c6d33b3747eed380ab", "number": "4056489741", "date": "2021-01-20 13:36:00", "subject": "2", "recorded-or-robo": "Y", "city": "fredericksburg", "state": "VA", "area-code": "571"}, {"id": "1d36742e3f24f50e4e7ae82801687036", "number": "4056489741", "date": "2021-01-20 13:36:00", "subject": "2", "recorded-or-robo": "Y", "city": "fredericksburg", "state": "VA", "area-code": "571"}, {"id": "e81c9350d54f66c6d33b3747eed37da6", "number": "5017258402", "date": "2021-01-19 15:27:00", "subject": "4", "recorded-or-robo": "Y", "city": "PARRISH", "state": "AR", "area-code": "501"}, {"id": "1d36742e3f24f50e4e7ae828016865e0", "number": "5017258402", "date": "2021-01-19 15:27:00", "subject": "4", "recorded-or-robo": "Y", "city": "PARRISH", "state": "AR", "area-code": "501"}, {"id": "e81c9350d54f66c6d33b3747eed37c86", "number": "7323789848", "date": "2021-01-22 17:04:00", "subject": "0", "recorded-or-robo": "", "city": "Toms River", "state": "NJ", "area-code": "732"}, {"id": "1d36742e3f24f50e4e7ae82801685d34", "number": "7323789848", "date": "2021-01-22 17:04:00", "subject": "0", "recorded-or-robo": "", "city": "Toms River", "state": "NJ", "area-code": "732"}, {"id": "e81c9350d54f66c6d33b3747eed375e4", "number": "4056489741", "date": "2021-01-20 11:13:00", "subject": "2", "recorded-or-robo": "Y", "city": "fredericksburg", "state": "VA", "area-code": "571"}, {"id": "1d36742e3f24f50e4e7ae828016855a6", "number": "4056489741", "date": "2021-01-20 11:13:00", "subject": "2", "recorded-or-robo": "Y", "city": "fredericksburg", "state": "VA", "area-code": "571"}, {"id": "3decc6bfadaa436a105714c6ba55261f", "number": "6196634645", "date": "2021-01-23 09:17:33", "subject": "3", "recorded-or-robo": "N", "city": "", "state": "CA", "area-code": "619"}, {"id": "1d36742e3f24f50e4e7ae82801eb473e", "number": "6196634645", "date": "2021-01-23 09:17:33", "subject": "3", "recorded-or-robo": "N", "city": "", "state": "CA", "area-code": "619"}, {"id": "3decc6bfadaa436a105714c6ba551a1b", "number": "2243283111", "date": "2021-01-23 09:17:22", "subject": "3", "recorded-or-robo": "Y", "city": "", "state": "IL", "area-code": "224"}, {"id": "1d36742e3f24f50e4e7ae82801eb34ec", "number": "2243283111", "date": "2021-01-23 09:17:22", "subject": "3", "recorded-or-robo": "Y", "city": "", "state": "IL", "area-code": "224"}, {"id": "e81c9350d54f66c6d33b3747eed36a89", "number": "5017258402", "date": "2021-01-20 11:51:00", "subject": "4", "recorded-or-robo": "Y", "city": "PARRISH", "state": "AR", "area-code": "501"}, {"id": "1d36742e3f24f50e4e7ae82801684d7a", "number": "5017258402", "date": "2021-01-20 11:51:00", "subject": "4", "recorded-or-robo": "Y", "city": "PARRISH", "state": "AR", "area-code": "501"}, {"id": "e81c9350d54f66c6d33b3747eed35c00", "number": "7323751501", "date": "2021-01-22 14:04:00", "subject": "0", "recorded-or-robo": "", "city": "Toms River", "state": "NJ", "area-code": "732"}, {"id": "3decc6bfadaa436a105714c6ba5524b8", "number": "6196634645", "date": "2021-01-23 09:17:16", "subject": "3", "recorded-or-robo": "Y", "city": "", "state": "CA", "area-code": "619"}, {"id": "1d36742e3f24f50e4e7ae82801eb4414", "number": "6196634645", "date": "2021-01-23 09:17:16", "subject": "3", "recorded-or-robo": "Y", "city": "", "state": "CA", "area-code": "619"}, {"id": "1d36742e3f24f50e4e7ae82801683f54", "number": "7323751501", "date": "2021-01-22 14:04:00", "subject": "0", "recorded-or-robo": "", "city": "Toms River", "state": "NJ", "area-code": "732"}, {"id": "e81c9350d54f66c6d33b3747eed34fe3", "number": "7164511012", "date": "2021-01-20 14:18:00", "subject": "4", "recorded-or-robo": "Y", "city": "", "state": "NY", "area-code": "716"}]}