{"data": [{"id": "1d36742e3f24f50e4e7ae82801eaa2f4", "number": "7124811270", "date": "2021-01-23 07:04:34", "subject": "3", "recorded-or-robo": "Y", "city": "", "state": "FL", "area-code": "305"}, {"id": "3decc6bfadaa436a105714c6ba54910b", "number": "7124811270", "date": "2021-01-23 07:04:20", "subject": "3", "recorded-or-robo": "Y", "city": "", "state": "FL", "area-code": "305"}, {"id": "1d36742e3f24f50e4e7ae82801eaafc7", "number": "7124811270", "date": "2021-01-23 07:04:20", "subject": "3", "recorded-or-robo": "Y", "city": "", "state": "FL", "area-code": "305"}, {"id": "e81c9350d54f66c6d33b3747eecaffde", "number": "4694893634", "date": "2021-01-22 00:00:00", "subject": "2", "recorded-or-robo": "Y", "city": "", "state": "TX", "area-code": "817"}, {"id": "1d36742e3f24f50e4e7ae82801602477", "number": "4694893634", "date": "2021-01-22 00:00:00", "subject": "2", "recorded-or-robo": "Y", "city": "", "state": "TX", "area-code": "817"}, {"id": "e81c9350d54f66c6d33b3747eecaf3c7", "number": "4104599673", "date": "2021-01-23 06:50:00", "subject": "2", "recorded-or-robo": "Y", "city": "Bel Air", "state": "MD", "area-code": "410"}, {"id": "1d36742e3f24f50e4e7ae82801601c8b", "number": "4104599673", "date": "2021-01-23 06:50:00", "subject": "2", "recorded-or-robo": "Y", "city": "Bel Air", "state": "MD", "area-code": "410"}, {"id": "e81c9350d54f66c6d33b3747eecaf307", "number": "2164067934", "date": "2021-01-23 19:54:00", "subject": "1", "recorded-or-robo": "Y", "city": "Cleveland", "state": "OH", "area-code": "216"}, {"id": "1d36742e3f24f50e4e7ae82801601a95", "number": "2164067934", "date": "2021-01-23 19:54:00", "subject": "1", "recorded-or-robo": "Y", "city": "Cleveland", "state": "OH", "area-code": "216"}, {"id": "e81c9350d54f66c6d33b3747eecaefad", "number": "2164067643", "date": "2021-01-22 19:47:00", "subject": "1", "recorded-or-robo": "Y", "city": "Cleveland", "state": "OH", "area-code": "216"}, {"id": "1d36742e3f24f50e4e7ae82801600de0", "number": "2164067643", "date": "2021-01-22 19:47:00", "subject": "1", "recorded-or-robo": "Y", "city": "Cleveland", "state": "OH", "area-code": "216"}, {"id": "e81c9350d54f66c6d33b3747eecaef88", "number": "8304579202", "date": "2021-01-22 09:29:00", "subject": "0", "recorded-or-robo": "Y", "city": "New Braunfels", "state": "TX", "area-code": "830"}, {"id": "1d36742e3f24f50e4e7ae82801600d50", "number": "8304579202", "date": "2021-01-22 09:29:00", "subject": "0", "recorded-or-robo": "Y", "city": "New Braunfels", "state": "TX", "area-code": "830"}, {"id": "e81c9350d54f66c6d33b3747eecae21b", "number": "2164065893", "date": "2021-01-22 19:40:00", "subject": "1", "recorded-or-robo": "Y", "city": "Cleveland", "state": "OH", "area-code": "216"}, {"id": "1d36742e3f24f50e4e7ae82801600343", "number": "2164065893", "date": "2021-01-22 19:40:00", "subject": "1", "recorded-or-robo": "Y", "city": "Cleveland", "state": "OH", "area-code": "216"}, {"id": "e81c9350d54f66c6d33b3747eecad69e", "number": "2164069787", "date": "2021-01-22 19:33:00", "subject": "1", "recorded-or-robo": "Y", "city": "Cleveland", "state": "OH", "area-code": "216"}, {"id": "1d36742e3f24f50e4e7ae828015ffdfd", "number": "2164069787", "date": "2021-01-22 19:33:00", "subject": "1", "recorded-or-robo": "Y", "city": "Cleveland", "state": "OH", "area-code": "216"}, {"id": "e81c9350d54f66c6d33b3747eecac9f8", "number": "8309649566", "date": "2021-01-22 00:00:00", "subject": "0", "recorded-or-robo": "Y", "city": "New Braunfels", "state": "TX", "area-code": "830"}, {"id": "1d36742e3f24f50e4e7ae828015ffce0", "number": "8309649566", "date": "2021-01-22 00:00:00", "subject": "0", "recorded-or-robo": "Y", "city": "New Braunfels", "state": "TX", "area-code": "830"}, {"id": "3decc6bfadaa436a105714c6ba548342", "number": "4156871745", "date": "2021-01-23 06:54:26", "subject": "3", "recorded-or-robo": "N", "city": "", "state": "CA", "area-code": "415"}, {"id": "1d36742e3f24f50e4e7ae82801ea9349", "number": "4156871745", "date": "2021-01-23 06:54:26", "subject": "3", "recorded-or-robo": "N", "city": "", "state": "CA", "area-code": "415"}, {"id": "e81c9350d54f66c6d33b3747eecac157", "number": "2164069450", "date": "2021-01-22 19:04:00", "subject": "1", "recorded-or-robo": "Y", "city": "Cleveland", "state": "OH", "area-code": "216"}, {"id": "1d36742e3f24f50e4e7ae828015ff6e6", "number": "2164069450", "date": "2021-01-22 19:04:00", "subject": "1", "recorded-or-robo": "Y", "city": "Cleveland", "state": "OH", "area-code": "216"}, {"id": "e81c9350d54f66c6d33b3747eecab182", "number": "2164061959", "date": "2021-01-22 18:52:00", "subject": "1", "recorded-or-robo": "Y", "city": "Cleveland", "state": "OH", "area-code": "216"}, {"id": "1d36742e3f24f50e4e7ae828015fe8e6", "number": "2164061959", "date": "2021-01-22 18:52:00", "subject": "1", "recorded-or-robo": "Y", "city": "Cleveland", "state": "OH", "area-code": "216"}, {"id": "e81c9350d54f66c6d33b3747eecaad69", "number": "2164063178", "date": "2021-01-22 18:45:00", "subject": "1", "recorded-or-robo": "N", "city": "Cleveland", "state": "OH", "area-code": "216"}, {"id": "1d36742e3f24f50e4e7ae828015fdcc1", "number": "2164063178", "date": "2021-01-22 18:45:00", "subject": "1", "recorded-or-robo": "N", "city": "Cleveland", "state": "OH", "area-code": "216"}, {"id": "e81c9350d54f66c6d33b3747eecaa89c", "number": "8304579202", "date": "2021-01-22 12:57:00", "subject": "0", "recorded-or-robo": "Y", "city": "New Braunfels", "state": "TX", "area-code": "830"}, {"id": "1d36742e3f24f50e4e7ae828015fd0cd", "number": "8304579202", "date": "2021-01-22 12:57:00", "subject": "0", "recorded-or-robo": "Y", "city": "New Braunfels", "state": "TX", "area-code": "830"}, {"id": "e81c9350d54f66c6d33b3747eeca9f34", "number": "2164068134", "date": "2021-01-22 18:37:00", "subject": "1", "recorded-or-robo": "Y", "city": "Cleveland", "state": "OH", "area-code": "216"}, {"id": "1d36742e3f24f50e4e7ae828015fc1fe", "number": "2164068134", "date": "2021-01-22 18:37:00", "subject": "1", "recorded-or-robo": "Y", "city": "Cleveland", "state": "OH", "area-code": "216"}, {"id": "e81c9350d54f66c6d33b3747eeca94c2", "number": "2164068742", "date": "2021-01-22 18:29:00", "subject": "1", "recorded-or-robo": "Y", "city": "Cleveland", "state": "OH", "area-code": "216"}, {"id": "1d36742e3f24f50e4e7ae828015fbcdb", "number": "2164068742", "date": "2021-01-22 18:29:00", "subject": "1", "recorded-or-robo": "Y", "city": "Cleveland", "state": "OH", "area-code": "216"}, {"id": "e81c9350d54f66c6d33b3747eeca8ad2", "number": "8304839514", "date": "2021-01-22 18:11:00", "subject": "0", "recorded-or-robo": "Y", "city": "New Braunfels", "state": "TX", "area-code": "830"}, {"id": "1d36742e3f24f50e4e7ae828015fb988", "number": "8304839514", "date": "2021-01-22 18:11:00", "subject": "0", "recorded-or-robo": "Y", "city": "New Braunfels", "state": "TX", "area-code": "830"}, {"id": "e81c9350d54f66c6d33b3747eeca80a8", "number": "8042076351", "date": "2021-01-20 20:51:00", "subject": "0", "recorded-or-robo": "", "city": "", "state": "NJ", "area-code": "201"}, {"id": "1d36742e3f24f50e4e7ae828015fb3d2", "number": "8042076351", "date": "2021-01-20 20:51:00", "subject": "0", "recorded-or-robo": "", "city": "", "state": "NJ", "area-code": "201"}, {"id": "e81c9350d54f66c6d33b3747eeca7c4e", "number": "6023636595", "date": "2021-01-22 15:15:00", "subject": "2", "recorded-or-robo": "", "city": "STAUNTON", "state": "VA", "area-code": "540"}, {"id": "1d36742e3f24f50e4e7ae828015fa618", "number": "6023636595", "date": "2021-01-22 15:15:00", "subject": "2", "recorded-or-robo": "", "city": "STAUNTON", "state": "VA", "area-code": "540"}, {"id": "e81c9350d54f66c6d33b3747eeca7336", "number": "8624149945", "date": "2021-01-21 11:19:00", "subject": "4", "recorded-or-robo": "Y", "city": "", "state": "NJ", "area-code": "201"}, {"id": "1d36742e3f24f50e4e7ae828015fa58e", "number": "8624149945", "date": "2021-01-21 11:19:00", "subject": "4", "recorded-or-robo": "Y", "city": "", "state": "NJ", "area-code": "201"}, {"id": "e81c9350d54f66c6d33b3747eeca648c", "number": "5403014513", "date": "2021-01-22 13:43:00", "subject": "2", "recorded-or-robo": "", "city": "STAUNTON", "state": "VA", "area-code": "540"}, {"id": "1d36742e3f24f50e4e7ae828015f9cde", "number": "5403014513", "date": "2021-01-22 13:43:00", "subject": "2", "recorded-or-robo": "", "city": "STAUNTON", "state": "VA", "area-code": "540"}, {"id": "e81c9350d54f66c6d33b3747eeca608d", "number": "6098481489", "date": "2021-01-22 16:18:00", "subject": "0", "recorded-or-robo": "", "city": "", "state": "NJ", "area-code": "201"}, {"id": "1d36742e3f24f50e4e7ae828015f8d30", "number": "6098481489", "date": "2021-01-22 16:18:00", "subject": "0", "recorded-or-robo": "", "city": "", "state": "NJ", "area-code": "201"}, {"id": "e81c9350d54f66c6d33b3747eeca592d", "number": "6058468073", "date": "2021-01-22 17:09:00", "subject": "3", "recorded-or-robo": "Y", "city": "", "state": "IL", "area-code": "773"}, {"id": "1d36742e3f24f50e4e7ae828015f8688", "number": "6058468073", "date": "2021-01-22 17:09:00", "subject": "3", "recorded-or-robo": "Y", "city": "", "state": "IL", "area-code": "773"}, {"id": "e81c9350d54f66c6d33b3747eeca4986", "number": "5594318690", "date": "2021-01-22 13:14:00", "subject": "2", "recorded-or-robo": "", "city": "STAUNTON", "state": "VA", "area-code": "540"}, {"id": "1d36742e3f24f50e4e7ae828015f84b0", "number": "5594318690", "date": "2021-01-22 13:14:00", "subject": "2", "recorded-or-robo": "", "city": "STAUNTON", "state": "VA", "area-code": "540"}, {"id": "e81c9350d54f66c6d33b3747eeca45a2", "number": "8028783462", "date": "2021-01-23 06:06:00", "subject": "3", "recorded-or-robo": "Y", "city": "", "state": "VT", "area-code": "802"}]}