{"data": [{"id": "1d36742e3f24f50e4e7ae8280156f9dd", "number": "2487443990", "date": "2021-01-22 23:27:56", "subject": "3", "recorded-or-robo": "Y", "city": "", "state": "MI", "area-code": "248"}, {"id": "e81c9350d54f66c6d33b3747eec21754", "number": "+18322912894", "date": "2021-01-22 23:27:16", "subject": "3", "recorded-or-robo": "N", "city": "", "state": "TX", "area-code": "832"}, {"id": "1d36742e3f24f50e4e7ae82801571fb5", "number": "+18322912894", "date": "2021-01-22 23:27:16", "subject": "3", "recorded-or-robo": "N", "city": "", "state": "TX", "area-code": "832"}, {"id": "e81c9350d54f66c6d33b3747ee97ee69", "number": "8153474750", "date": "2021-01-22 10:50:00", "subject": "1", "recorded-or-robo": "Y", "city": "MENDOTA", "state": "IL", "area-code": "815"}, {"id": "1d36742e3f24f50e4e7ae828012d56a0", "number": "8153474750", "date": "2021-01-22 10:50:00", "subject": "1", "recorded-or-robo": "Y", "city": "MENDOTA", "state": "IL", "area-code": "815"}, {"id": "e81c9350d54f66c6d33b3747ee97e914", "number": "242437804024243447", "date": "2021-01-22 11:23:00", "subject": "2", "recorded-or-robo": "Y", "city": "Knoxville", "state": "TN", "area-code": "865"}, {"id": "1d36742e3f24f50e4e7ae828012d4f24", "number": "242437804024243447", "date": "2021-01-22 11:23:00", "subject": "2", "recorded-or-robo": "Y", "city": "Knoxville", "state": "TN", "area-code": "865"}, {"id": "e81c9350d54f66c6d33b3747ee97da72", "number": "8642480253", "date": "2021-01-21 14:37:00", "subject": "0", "recorded-or-robo": "Y", "city": "Moore", "state": "SC", "area-code": "864"}, {"id": "1d36742e3f24f50e4e7ae828012d4b9e", "number": "8642480253", "date": "2021-01-21 14:37:00", "subject": "0", "recorded-or-robo": "Y", "city": "Moore", "state": "SC", "area-code": "864"}, {"id": "e81c9350d54f66c6d33b3747ee97d94c", "number": "8135598936", "date": "2021-01-22 13:01:00", "subject": "4", "recorded-or-robo": "Y", "city": "Orange Park", "state": "FL", "area-code": "904"}, {"id": "1d36742e3f24f50e4e7ae828012d3d1b", "number": "8135598936", "date": "2021-01-22 13:01:00", "subject": "4", "recorded-or-robo": "Y", "city": "Orange Park", "state": "FL", "area-code": "904"}, {"id": "e81c9350d54f66c6d33b3747eec23bcf", "number": "3104241958", "date": "2021-01-22 23:26:43", "subject": "3", "recorded-or-robo": "N", "city": "", "state": "CA", "area-code": "310"}, {"id": "1d36742e3f24f50e4e7ae82801573dec", "number": "3104241958", "date": "2021-01-22 23:26:43", "subject": "3", "recorded-or-robo": "N", "city": "", "state": "CA", "area-code": "310"}, {"id": "e81c9350d54f66c6d33b3747eec254e5", "number": "9493153792", "date": "2021-01-22 23:26:34", "subject": "3", "recorded-or-robo": "Y", "city": "", "state": "CA", "area-code": "510"}, {"id": "1d36742e3f24f50e4e7ae828015772ef", "number": "9493153792", "date": "2021-01-22 23:26:34", "subject": "3", "recorded-or-robo": "Y", "city": "", "state": "CA", "area-code": "510"}, {"id": "e81c9350d54f66c6d33b3747eec22c3e", "number": "8432857594", "date": "2021-01-22 23:26:25", "subject": "3", "recorded-or-robo": "N", "city": "", "state": "CA", "area-code": "310"}, {"id": "1d36742e3f24f50e4e7ae82801573628", "number": "8432857594", "date": "2021-01-22 23:26:25", "subject": "3", "recorded-or-robo": "N", "city": "", "state": "CA", "area-code": "310"}, {"id": "e81c9350d54f66c6d33b3747eec1d69a", "number": "3107980074", "date": "2021-01-22 23:26:07", "subject": "3", "recorded-or-robo": "N", "city": "", "state": "CA", "area-code": "310"}, {"id": "1d36742e3f24f50e4e7ae8280156e801", "number": "3107980074", "date": "2021-01-22 23:26:07", "subject": "3", "recorded-or-robo": "N", "city": "", "state": "CA", "area-code": "310"}, {"id": "e81c9350d54f66c6d33b3747ee97d502", "number": "7155012506", "date": "2021-01-22 13:43:00", "subject": "1", "recorded-or-robo": "Y", "city": "Centuria", "state": "WI", "area-code": "715"}, {"id": "1d36742e3f24f50e4e7ae828012d3921", "number": "7155012506", "date": "2021-01-22 13:43:00", "subject": "1", "recorded-or-robo": "Y", "city": "Centuria", "state": "WI", "area-code": "715"}, {"id": "e81c9350d54f66c6d33b3747ee97cd28", "number": "86462645", "date": "2021-01-21 14:40:00", "subject": "0", "recorded-or-robo": "Y", "city": "Moore", "state": "SC", "area-code": "864"}, {"id": "1d36742e3f24f50e4e7ae828012d3209", "number": "86462645", "date": "2021-01-21 14:40:00", "subject": "0", "recorded-or-robo": "Y", "city": "Moore", "state": "SC", "area-code": "864"}, {"id": "e81c9350d54f66c6d33b3747eec20ac3", "number": "5054054718", "date": "2021-01-22 23:25:13", "subject": "3", "recorded-or-robo": "N", "city": "", "state": "NM", "area-code": "505"}, {"id": "1d36742e3f24f50e4e7ae82801571293", "number": "5054054718", "date": "2021-01-22 23:25:13", "subject": "3", "recorded-or-robo": "N", "city": "", "state": "NM", "area-code": "505"}, {"id": "e81c9350d54f66c6d33b3747ee97c0a1", "number": "6178657078", "date": "2021-01-21 20:26:00", "subject": "1", "recorded-or-robo": "", "city": "", "state": "MA", "area-code": "617"}, {"id": "1d36742e3f24f50e4e7ae828012d243f", "number": "6178657078", "date": "2021-01-21 20:26:00", "subject": "1", "recorded-or-robo": "", "city": "", "state": "MA", "area-code": "617"}, {"id": "e81c9350d54f66c6d33b3747ee97bec4", "number": "9044258866", "date": "2021-01-22 19:07:00", "subject": "2", "recorded-or-robo": "Y", "city": "Orange Park", "state": "FL", "area-code": "904"}, {"id": "1d36742e3f24f50e4e7ae828012d1533", "number": "9044258866", "date": "2021-01-22 19:07:00", "subject": "2", "recorded-or-robo": "Y", "city": "Orange Park", "state": "FL", "area-code": "904"}, {"id": "e81c9350d54f66c6d33b3747eec224e5", "number": "+18436441473", "date": "2021-01-22 23:24:23", "subject": "3", "recorded-or-robo": "N", "city": "", "state": "SC", "area-code": "843"}, {"id": "1d36742e3f24f50e4e7ae8280157284d", "number": "+18436441473", "date": "2021-01-22 23:24:23", "subject": "3", "recorded-or-robo": "N", "city": "", "state": "SC", "area-code": "843"}, {"id": "e81c9350d54f66c6d33b3747eec1e0fd", "number": "+18177615062", "date": "2021-01-22 23:24:19", "subject": "3", "recorded-or-robo": "Y", "city": "", "state": "TX", "area-code": "817"}, {"id": "1d36742e3f24f50e4e7ae8280156f83f", "number": "+18177615062", "date": "2021-01-22 23:24:19", "subject": "3", "recorded-or-robo": "Y", "city": "", "state": "TX", "area-code": "817"}, {"id": "e81c9350d54f66c6d33b3747ee97b18c", "number": "6178657076", "date": "2021-01-21 19:17:00", "subject": "1", "recorded-or-robo": "", "city": "", "state": "MA", "area-code": "617"}, {"id": "1d36742e3f24f50e4e7ae828012d05df", "number": "6178657076", "date": "2021-01-21 19:17:00", "subject": "1", "recorded-or-robo": "", "city": "", "state": "MA", "area-code": "617"}, {"id": "e81c9350d54f66c6d33b3747eec22615", "number": "+15615717510", "date": "2021-01-22 23:24:03", "subject": "3", "recorded-or-robo": "Y", "city": "", "state": "TX", "area-code": "210"}, {"id": "1d36742e3f24f50e4e7ae82801572eea", "number": "+15615717510", "date": "2021-01-22 23:24:03", "subject": "3", "recorded-or-robo": "Y", "city": "", "state": "TX", "area-code": "210"}, {"id": "e81c9350d54f66c6d33b3747ee97a8f2", "number": "2424344479", "date": "2021-01-22 22:12:00", "subject": "2", "recorded-or-robo": "Y", "city": "Madison", "state": "WI", "area-code": "608"}, {"id": "1d36742e3f24f50e4e7ae828012d047e", "number": "2424344479", "date": "2021-01-22 22:12:00", "subject": "2", "recorded-or-robo": "Y", "city": "Madison", "state": "WI", "area-code": "608"}, {"id": "e81c9350d54f66c6d33b3747eec19f97", "number": "4014200917", "date": "2021-01-22 23:23:55", "subject": "3", "recorded-or-robo": "N", "city": "", "state": "RI", "area-code": "401"}, {"id": "1d36742e3f24f50e4e7ae8280156a0f1", "number": "4014200917", "date": "2021-01-22 23:23:55", "subject": "3", "recorded-or-robo": "N", "city": "", "state": "RI", "area-code": "401"}, {"id": "e81c9350d54f66c6d33b3747ee97a87b", "number": "8889199557", "date": "2021-01-22 06:06:00", "subject": "9", "recorded-or-robo": "N", "city": "El Cajon", "state": "CA", "area-code": "407"}, {"id": "1d36742e3f24f50e4e7ae828012cfa35", "number": "8889199557", "date": "2021-01-22 06:06:00", "subject": "9", "recorded-or-robo": "N", "city": "El Cajon", "state": "CA", "area-code": "407"}, {"id": "e81c9350d54f66c6d33b3747ee979e63", "number": "9292964423", "date": "2021-01-22 14:35:00", "subject": "1", "recorded-or-robo": "Y", "city": "Brooklyn", "state": "NY", "area-code": "646"}, {"id": "1d36742e3f24f50e4e7ae828012cee1f", "number": "9292964423", "date": "2021-01-22 14:35:00", "subject": "1", "recorded-or-robo": "Y", "city": "Brooklyn", "state": "NY", "area-code": "646"}, {"id": "e81c9350d54f66c6d33b3747eec19ffd", "number": "+16024338519", "date": "2021-01-22 23:23:29", "subject": "3", "recorded-or-robo": "Y", "city": "", "state": "AZ", "area-code": "602"}, {"id": "1d36742e3f24f50e4e7ae8280156a9d3", "number": "+16024338519", "date": "2021-01-22 23:23:29", "subject": "3", "recorded-or-robo": "Y", "city": "", "state": "AZ", "area-code": "602"}, {"id": "e81c9350d54f66c6d33b3747ee979104", "number": "7602237223", "date": "2021-01-21 14:50:00", "subject": "2", "recorded-or-robo": "Y", "city": "Moore", "state": "SC", "area-code": "864"}, {"id": "1d36742e3f24f50e4e7ae828012cdf06", "number": "7602237223", "date": "2021-01-21 14:50:00", "subject": "2", "recorded-or-robo": "Y", "city": "Moore", "state": "SC", "area-code": "864"}, {"id": "e81c9350d54f66c6d33b3747eec19a6d", "number": "+12199924707", "date": "2021-01-22 23:23:17", "subject": "3", "recorded-or-robo": "N", "city": "", "state": "IN", "area-code": "219"}]}