{"data": [{"id": "deca54a6651fb9add5b4a9816cf4f21e", "number": "3013100131", "date": "2021-01-22 14:47:00", "subject": "0", "recorded-or-robo": "Y", "city": "Fort  Washington", "state": "MD", "area-code": "301"}, {"id": "e81c9350d54f66c6d33b3747eea0232d", "number": "+18664276566", "date": "2021-01-22 18:57:08", "subject": "3", "recorded-or-robo": "Y", "city": "", "state": "CA", "area-code": "213"}, {"id": "1d36742e3f24f50e4e7ae82801352f9e", "number": "+18664276566", "date": "2021-01-22 18:57:08", "subject": "3", "recorded-or-robo": "Y", "city": "", "state": "CA", "area-code": "213"}, {"id": "e81c9350d54f66c6d33b3747ee5fee2e", "number": "6104977049", "date": "2021-01-22 18:52:00", "subject": "11", "recorded-or-robo": "Y", "city": "", "state": "PA", "area-code": "610"}, {"id": "e81c9350d54f66c6d33b3747ee5febf2", "number": "3025360403", "date": "2021-01-22 15:23:00", "subject": "0", "recorded-or-robo": "Y", "city": "Bend", "state": "OR", "area-code": "541"}, {"id": "deca54a6651fb9add5b4a9816cf4e2e9", "number": "6104977049", "date": "2021-01-22 18:52:00", "subject": "11", "recorded-or-robo": "Y", "city": "", "state": "PA", "area-code": "610"}, {"id": "deca54a6651fb9add5b4a9816cf4e2aa", "number": "3025360403", "date": "2021-01-22 15:23:00", "subject": "0", "recorded-or-robo": "Y", "city": "Bend", "state": "OR", "area-code": "541"}, {"id": "e81c9350d54f66c6d33b3747eec6ab0c", "number": "7326539592", "date": "2021-01-22 18:52:00", "subject": "3", "recorded-or-robo": "N", "city": "", "state": "NJ", "area-code": "732"}, {"id": "1d36742e3f24f50e4e7ae828015bf126", "number": "7326539592", "date": "2021-01-22 18:52:00", "subject": "3", "recorded-or-robo": "N", "city": "", "state": "NJ", "area-code": "732"}, {"id": "e81c9350d54f66c6d33b3747ee5fe0c0", "number": "3144522396", "date": "2021-01-22 17:44:00", "subject": "2", "recorded-or-robo": "Y", "city": "Creve Couer", "state": "MO", "area-code": "314"}, {"id": "deca54a6651fb9add5b4a9816cf4e29d", "number": "3144522396", "date": "2021-01-22 17:44:00", "subject": "2", "recorded-or-robo": "Y", "city": "Creve Couer", "state": "MO", "area-code": "314"}, {"id": "e81c9350d54f66c6d33b3747eea001b5", "number": "2492255251", "date": "2021-01-22 18:57:03", "subject": "3", "recorded-or-robo": "Y", "city": "", "state": "OH", "area-code": "614"}, {"id": "1d36742e3f24f50e4e7ae828013509f7", "number": "2492255251", "date": "2021-01-22 18:57:03", "subject": "3", "recorded-or-robo": "Y", "city": "", "state": "OH", "area-code": "614"}, {"id": "e81c9350d54f66c6d33b3747ee5fdd34", "number": "5206894190", "date": "2021-01-19 14:41:00", "subject": "2", "recorded-or-robo": "Y", "city": "Tucson", "state": "AZ", "area-code": "520"}, {"id": "deca54a6651fb9add5b4a9816cf4d625", "number": "5206894190", "date": "2021-01-19 14:41:00", "subject": "2", "recorded-or-robo": "Y", "city": "Tucson", "state": "AZ", "area-code": "520"}, {"id": "e81c9350d54f66c6d33b3747eea03491", "number": "+14087605383", "date": "2021-01-22 18:56:50", "subject": "3", "recorded-or-robo": "Y", "city": "", "state": "CA", "area-code": "916"}, {"id": "1d36742e3f24f50e4e7ae82801354d6e", "number": "+14087605383", "date": "2021-01-22 18:56:50", "subject": "3", "recorded-or-robo": "Y", "city": "", "state": "CA", "area-code": "916"}, {"id": "e81c9350d54f66c6d33b3747ee5fd622", "number": "80137238003", "date": "2021-01-22 16:55:00", "subject": "0", "recorded-or-robo": "N", "city": "", "state": "UT", "area-code": "801"}, {"id": "deca54a6651fb9add5b4a9816cf4d0e3", "number": "80137238003", "date": "2021-01-22 16:55:00", "subject": "0", "recorded-or-robo": "N", "city": "", "state": "UT", "area-code": "801"}, {"id": "e81c9350d54f66c6d33b3747ee9fcb17", "number": "3208863609", "date": "2021-01-22 18:56:43", "subject": "3", "recorded-or-robo": "Y", "city": "", "state": "TN", "area-code": "865"}, {"id": "e81c9350d54f66c6d33b3747ee5fc67b", "number": "8333420056", "date": "2021-01-19 13:32:00", "subject": "1", "recorded-or-robo": "Y", "city": "Pewaukee", "state": "WI", "area-code": "262"}, {"id": "deca54a6651fb9add5b4a9816cf4c219", "number": "8333420056", "date": "2021-01-19 13:32:00", "subject": "1", "recorded-or-robo": "Y", "city": "Pewaukee", "state": "WI", "area-code": "262"}, {"id": "1d36742e3f24f50e4e7ae8280134d035", "number": "3208863609", "date": "2021-01-22 18:56:43", "subject": "3", "recorded-or-robo": "Y", "city": "", "state": "TN", "area-code": "865"}, {"id": "e81c9350d54f66c6d33b3747ee5fc138", "number": "4695445024", "date": "2021-01-22 13:19:00", "subject": "3", "recorded-or-robo": "Y", "city": "Irving", "state": "TX", "area-code": "682"}, {"id": "deca54a6651fb9add5b4a9816cf4b6ae", "number": "4695445024", "date": "2021-01-22 13:19:00", "subject": "3", "recorded-or-robo": "Y", "city": "Irving", "state": "TX", "area-code": "682"}, {"id": "e81c9350d54f66c6d33b3747ee5f6ada", "number": "9415503651", "date": "2021-01-22 14:29:00", "subject": "3", "recorded-or-robo": "N", "city": "", "state": "FL", "area-code": "941"}, {"id": "deca54a6651fb9add5b4a9816cf43a95", "number": "9415503651", "date": "2021-01-22 14:29:00", "subject": "3", "recorded-or-robo": "N", "city": "", "state": "FL", "area-code": "941"}, {"id": "e81c9350d54f66c6d33b3747ee5fc083", "number": "6059243092", "date": "2021-01-22 13:25:00", "subject": "4", "recorded-or-robo": "N", "city": "houston", "state": "TX", "area-code": "415"}, {"id": "deca54a6651fb9add5b4a9816cf4b502", "number": "6059243092", "date": "2021-01-22 13:25:00", "subject": "4", "recorded-or-robo": "N", "city": "houston", "state": "TX", "area-code": "415"}, {"id": "e81c9350d54f66c6d33b3747ee5fbef5", "number": "8082073138", "date": "2021-01-22 13:51:00", "subject": "6", "recorded-or-robo": "Y", "city": "Hilo", "state": "HI", "area-code": "808"}, {"id": "deca54a6651fb9add5b4a9816cf4a678", "number": "8082073138", "date": "2021-01-22 13:51:00", "subject": "6", "recorded-or-robo": "Y", "city": "Hilo", "state": "HI", "area-code": "808"}, {"id": "e81c9350d54f66c6d33b3747ee9fe47d", "number": "2109722626", "date": "2021-01-22 18:56:34", "subject": "3", "recorded-or-robo": "Y", "city": "", "state": "TX", "area-code": "210"}, {"id": "1d36742e3f24f50e4e7ae8280134eace", "number": "2109722626", "date": "2021-01-22 18:56:34", "subject": "3", "recorded-or-robo": "Y", "city": "", "state": "TX", "area-code": "210"}, {"id": "e81c9350d54f66c6d33b3747eea02522", "number": "2109722626", "date": "2021-01-22 18:56:33", "subject": "3", "recorded-or-robo": "Y", "city": "", "state": "TX", "area-code": "210"}, {"id": "1d36742e3f24f50e4e7ae828013547b6", "number": "2109722626", "date": "2021-01-22 18:56:33", "subject": "3", "recorded-or-robo": "Y", "city": "", "state": "TX", "area-code": "210"}, {"id": "e81c9350d54f66c6d33b3747ee5fbd03", "number": "2343806952", "date": "2021-01-22 18:31:00", "subject": "1", "recorded-or-robo": "Y", "city": "Cuyahoga Falls", "state": "OH", "area-code": "234"}, {"id": "deca54a6651fb9add5b4a9816cf49954", "number": "2343806952", "date": "2021-01-22 18:31:00", "subject": "1", "recorded-or-robo": "Y", "city": "Cuyahoga Falls", "state": "OH", "area-code": "234"}, {"id": "e81c9350d54f66c6d33b3747eea04183", "number": "+18773148457", "date": "2021-01-22 18:56:27", "subject": "3", "recorded-or-robo": "Y", "city": "", "state": "TX", "area-code": "512"}, {"id": "e81c9350d54f66c6d33b3747ee5fb642", "number": "9737862428", "date": "2021-01-18 18:44:00", "subject": "3", "recorded-or-robo": "N", "city": "Waldorf", "state": "MD", "area-code": "301"}, {"id": "deca54a6651fb9add5b4a9816cf48db7", "number": "9737862428", "date": "2021-01-18 18:44:00", "subject": "3", "recorded-or-robo": "N", "city": "Waldorf", "state": "MD", "area-code": "301"}, {"id": "1d36742e3f24f50e4e7ae8280135591c", "number": "+18773148457", "date": "2021-01-22 18:56:27", "subject": "3", "recorded-or-robo": "Y", "city": "", "state": "TX", "area-code": "512"}, {"id": "e81c9350d54f66c6d33b3747ee5fb325", "number": "7146947603", "date": "2021-01-22 12:30:00", "subject": "2", "recorded-or-robo": "Y", "city": "San Bernardino", "state": "CA", "area-code": "323"}, {"id": "deca54a6651fb9add5b4a9816cf48854", "number": "7146947603", "date": "2021-01-22 12:30:00", "subject": "2", "recorded-or-robo": "Y", "city": "San Bernardino", "state": "CA", "area-code": "323"}, {"id": "e81c9350d54f66c6d33b3747ee9f9695", "number": "+17167801582", "date": "2021-01-22 18:56:22", "subject": "3", "recorded-or-robo": "Y", "city": "", "state": "NY", "area-code": "716"}, {"id": "1d36742e3f24f50e4e7ae8280134a6f2", "number": "+17167801582", "date": "2021-01-22 18:56:22", "subject": "3", "recorded-or-robo": "Y", "city": "", "state": "NY", "area-code": "716"}, {"id": "e81c9350d54f66c6d33b3747ee5faafc", "number": "3144526368", "date": "2021-01-22 17:28:00", "subject": "2", "recorded-or-robo": "Y", "city": "Creve Couer", "state": "MO", "area-code": "314"}, {"id": "deca54a6651fb9add5b4a9816cf485f2", "number": "3144526368", "date": "2021-01-22 17:28:00", "subject": "2", "recorded-or-robo": "Y", "city": "Creve Couer", "state": "MO", "area-code": "314"}, {"id": "e81c9350d54f66c6d33b3747ee5fa272", "number": "9105188160", "date": "2021-01-22 16:27:00", "subject": "2", "recorded-or-robo": "N", "city": "", "state": "WI", "area-code": "608"}, {"id": "deca54a6651fb9add5b4a9816cf47d39", "number": "9105188160", "date": "2021-01-22 16:27:00", "subject": "2", "recorded-or-robo": "N", "city": "", "state": "WI", "area-code": "608"}, {"id": "e81c9350d54f66c6d33b3747ee5f9d80", "number": "8649166979", "date": "2021-01-22 14:15:00", "subject": "11", "recorded-or-robo": "Y", "city": "Fort  Washington", "state": "MD", "area-code": "301"}]}