{"data": [{"id": "1d36742e3f24f50e4e7ae82801e8059d", "number": "7542562058", "date": "2021-01-23 03:04:43", "subject": "3", "recorded-or-robo": "Y", "city": "", "state": "FL", "area-code": "786"}, {"id": "3decc6bfadaa436a105714c6ba523fd7", "number": "3863484267", "date": "2021-01-23 03:04:28", "subject": "3", "recorded-or-robo": "Y", "city": "", "state": "FL", "area-code": "786"}, {"id": "1d36742e3f24f50e4e7ae82801e805bd", "number": "3863484267", "date": "2021-01-23 03:04:28", "subject": "3", "recorded-or-robo": "Y", "city": "", "state": "FL", "area-code": "786"}, {"id": "3decc6bfadaa436a105714c6ba5264d9", "number": "7542557298", "date": "2021-01-23 03:04:12", "subject": "3", "recorded-or-robo": "Y", "city": "", "state": "FL", "area-code": "786"}, {"id": "1d36742e3f24f50e4e7ae82801e8292b", "number": "7542557298", "date": "2021-01-23 03:04:12", "subject": "3", "recorded-or-robo": "Y", "city": "", "state": "FL", "area-code": "786"}, {"id": "3decc6bfadaa436a105714c6ba524c54", "number": "7865812855", "date": "2021-01-23 03:03:57", "subject": "3", "recorded-or-robo": "Y", "city": "", "state": "FL", "area-code": "786"}, {"id": "1d36742e3f24f50e4e7ae82801e80759", "number": "7865812855", "date": "2021-01-23 03:03:57", "subject": "3", "recorded-or-robo": "Y", "city": "", "state": "FL", "area-code": "786"}, {"id": "3decc6bfadaa436a105714c6ba522ba2", "number": "7547020618", "date": "2021-01-23 03:03:26", "subject": "3", "recorded-or-robo": "Y", "city": "", "state": "FL", "area-code": "786"}, {"id": "1d36742e3f24f50e4e7ae82801e7fec8", "number": "7547020618", "date": "2021-01-23 03:03:26", "subject": "3", "recorded-or-robo": "Y", "city": "", "state": "FL", "area-code": "786"}, {"id": "3decc6bfadaa436a105714c6ba526957", "number": "9138459215", "date": "2021-01-23 03:01:28", "subject": "3", "recorded-or-robo": "Y", "city": "", "state": "KS", "area-code": "913"}, {"id": "1d36742e3f24f50e4e7ae82801e8335a", "number": "9138459215", "date": "2021-01-23 03:01:28", "subject": "3", "recorded-or-robo": "Y", "city": "", "state": "KS", "area-code": "913"}, {"id": "3decc6bfadaa436a105714c6ba525ed8", "number": "7139477008", "date": "2021-01-23 03:00:29", "subject": "3", "recorded-or-robo": "Y", "city": "", "state": "TX", "area-code": "214"}, {"id": "1d36742e3f24f50e4e7ae82801e81d45", "number": "7139477008", "date": "2021-01-23 03:00:29", "subject": "3", "recorded-or-robo": "Y", "city": "", "state": "TX", "area-code": "214"}, {"id": "3decc6bfadaa436a105714c6ba5250b9", "number": "7139477008", "date": "2021-01-23 03:00:28", "subject": "3", "recorded-or-robo": "Y", "city": "", "state": "TX", "area-code": "214"}, {"id": "1d36742e3f24f50e4e7ae82801e80fdd", "number": "7139477008", "date": "2021-01-23 03:00:28", "subject": "3", "recorded-or-robo": "Y", "city": "", "state": "TX", "area-code": "214"}, {"id": "3decc6bfadaa436a105714c6ba51fdf7", "number": "+16263325964", "date": "2021-01-23 02:58:33", "subject": "3", "recorded-or-robo": "Y", "city": "", "state": "CA", "area-code": "626"}, {"id": "1d36742e3f24f50e4e7ae82801e7eb35", "number": "+16263325964", "date": "2021-01-23 02:58:33", "subject": "3", "recorded-or-robo": "Y", "city": "", "state": "CA", "area-code": "626"}, {"id": "3decc6bfadaa436a105714c6ba51daf1", "number": "+16263463749", "date": "2021-01-23 02:58:15", "subject": "3", "recorded-or-robo": "Y", "city": "", "state": "CA", "area-code": "626"}, {"id": "1d36742e3f24f50e4e7ae82801e7dc1f", "number": "+16263463749", "date": "2021-01-23 02:58:15", "subject": "3", "recorded-or-robo": "Y", "city": "", "state": "CA", "area-code": "626"}, {"id": "3decc6bfadaa436a105714c6ba51f51f", "number": "8083201765", "date": "2021-01-23 02:58:12", "subject": "3", "recorded-or-robo": "N", "city": "", "state": "HI", "area-code": "808"}, {"id": "1d36742e3f24f50e4e7ae82801e7ea87", "number": "8083201765", "date": "2021-01-23 02:58:12", "subject": "3", "recorded-or-robo": "N", "city": "", "state": "HI", "area-code": "808"}, {"id": "3decc6bfadaa436a105714c6ba521411", "number": "+16263647791", "date": "2021-01-23 02:58:06", "subject": "3", "recorded-or-robo": "Y", "city": "", "state": "CA", "area-code": "626"}, {"id": "1d36742e3f24f50e4e7ae82801e7f35b", "number": "+16263647791", "date": "2021-01-23 02:58:06", "subject": "3", "recorded-or-robo": "Y", "city": "", "state": "CA", "area-code": "626"}, {"id": "3decc6bfadaa436a105714c6ba521772", "number": "5122290698", "date": "2021-01-23 02:57:57", "subject": "3", "recorded-or-robo": "Y", "city": "", "state": "TX", "area-code": "512"}, {"id": "1d36742e3f24f50e4e7ae82801e7fa60", "number": "5122290698", "date": "2021-01-23 02:57:57", "subject": "3", "recorded-or-robo": "Y", "city": "", "state": "TX", "area-code": "512"}, {"id": "3decc6bfadaa436a105714c6ba5212b6", "number": "+16263647791", "date": "2021-01-23 02:57:54", "subject": "3", "recorded-or-robo": "Y", "city": "", "state": "CA", "area-code": "626"}, {"id": "1d36742e3f24f50e4e7ae82801e7f1e9", "number": "+16263647791", "date": "2021-01-23 02:57:54", "subject": "3", "recorded-or-robo": "Y", "city": "", "state": "CA", "area-code": "626"}, {"id": "3decc6bfadaa436a105714c6ba5205fe", "number": "5126283138", "date": "2021-01-23 02:57:49", "subject": "3", "recorded-or-robo": "Y", "city": "", "state": "TX", "area-code": "512"}, {"id": "1d36742e3f24f50e4e7ae82801e7efe2", "number": "5126283138", "date": "2021-01-23 02:57:49", "subject": "3", "recorded-or-robo": "Y", "city": "", "state": "TX", "area-code": "512"}, {"id": "3decc6bfadaa436a105714c6ba51ee41", "number": "5126283138", "date": "2021-01-23 02:57:48", "subject": "3", "recorded-or-robo": "Y", "city": "", "state": "TX", "area-code": "512"}, {"id": "1d36742e3f24f50e4e7ae82801e7e7b8", "number": "5126283138", "date": "2021-01-23 02:57:48", "subject": "3", "recorded-or-robo": "Y", "city": "", "state": "TX", "area-code": "512"}, {"id": "3decc6bfadaa436a105714c6ba51dee5", "number": "5124161180", "date": "2021-01-23 02:57:37", "subject": "3", "recorded-or-robo": "Y", "city": "", "state": "TX", "area-code": "512"}, {"id": "1d36742e3f24f50e4e7ae82801e7e245", "number": "5124161180", "date": "2021-01-23 02:57:37", "subject": "3", "recorded-or-robo": "Y", "city": "", "state": "TX", "area-code": "512"}, {"id": "3decc6bfadaa436a105714c6ba51d70a", "number": "6097704856", "date": "2021-01-23 02:52:18", "subject": "3", "recorded-or-robo": "N", "city": "", "state": "FL", "area-code": "727"}, {"id": "1d36742e3f24f50e4e7ae82801e7dbc5", "number": "6097704856", "date": "2021-01-23 02:52:18", "subject": "3", "recorded-or-robo": "N", "city": "", "state": "FL", "area-code": "727"}, {"id": "3decc6bfadaa436a105714c6ba51c068", "number": "6097704856", "date": "2021-01-23 02:52:17", "subject": "3", "recorded-or-robo": "N", "city": "", "state": "FL", "area-code": "727"}, {"id": "1d36742e3f24f50e4e7ae82801e7cabc", "number": "6097704856", "date": "2021-01-23 02:52:17", "subject": "3", "recorded-or-robo": "N", "city": "", "state": "FL", "area-code": "727"}, {"id": "3decc6bfadaa436a105714c6ba51cc75", "number": "4699081727", "date": "2021-01-23 02:51:48", "subject": "3", "recorded-or-robo": "Y", "city": "", "state": "TX", "area-code": "469"}, {"id": "1d36742e3f24f50e4e7ae82801e7d127", "number": "4699081727", "date": "2021-01-23 02:51:48", "subject": "3", "recorded-or-robo": "Y", "city": "", "state": "TX", "area-code": "469"}, {"id": "e81c9350d54f66c6d33b3747eec6394b", "number": "6308590848", "date": "2021-01-22 09:25:00", "subject": "1", "recorded-or-robo": "Y", "city": "", "state": "IL", "area-code": "630"}, {"id": "1d36742e3f24f50e4e7ae828015b8be5", "number": "6308590848", "date": "2021-01-22 09:25:00", "subject": "1", "recorded-or-robo": "Y", "city": "", "state": "IL", "area-code": "630"}, {"id": "e81c9350d54f66c6d33b3747eec6364e", "number": "4085855320", "date": "2021-01-22 14:37:00", "subject": "0", "recorded-or-robo": "N", "city": "San Jose", "state": "CA", "area-code": "408"}, {"id": "1d36742e3f24f50e4e7ae828015b7d94", "number": "4085855320", "date": "2021-01-22 14:37:00", "subject": "0", "recorded-or-robo": "N", "city": "San Jose", "state": "CA", "area-code": "408"}, {"id": "e81c9350d54f66c6d33b3747eec6291c", "number": "4087711408", "date": "2021-01-22 12:58:00", "subject": "0", "recorded-or-robo": "N", "city": "San Jose", "state": "CA", "area-code": "408"}, {"id": "1d36742e3f24f50e4e7ae828015b6f34", "number": "4087711408", "date": "2021-01-22 12:58:00", "subject": "0", "recorded-or-robo": "N", "city": "San Jose", "state": "CA", "area-code": "408"}, {"id": "e81c9350d54f66c6d33b3747eec61c3a", "number": "", "date": "2021-01-21 13:00:00", "subject": "2", "recorded-or-robo": "Y", "city": "Cypress", "state": "TX", "area-code": "346"}, {"id": "1d36742e3f24f50e4e7ae828015b609f", "number": "", "date": "2021-01-21 13:00:00", "subject": "2", "recorded-or-robo": "Y", "city": "Cypress", "state": "TX", "area-code": "346"}, {"id": "e81c9350d54f66c6d33b3747eec60ca9", "number": "6467429855", "date": "2021-01-22 11:40:00", "subject": "11", "recorded-or-robo": "Y", "city": "Fortuna", "state": "CA", "area-code": "707"}, {"id": "1d36742e3f24f50e4e7ae828015b56eb", "number": "6467429855", "date": "2021-01-22 11:40:00", "subject": "11", "recorded-or-robo": "Y", "city": "Fortuna", "state": "CA", "area-code": "707"}, {"id": "e81c9350d54f66c6d33b3747eec6043a", "number": "4083320987", "date": "2021-01-22 13:57:00", "subject": "15", "recorded-or-robo": "Y", "city": "Saratoga", "state": "CA", "area-code": "408"}]}