{"data": [{"id": "e81c9350d54f66c6d33b3747ee72016c", "number": "5704706248", "date": "2021-01-22 17:24:00", "subject": "2", "recorded-or-robo": "Y", "city": "", "state": "PA", "area-code": "570"}, {"id": "e81c9350d54f66c6d33b3747ee71f85d", "number": "7344750923", "date": "2021-01-22 17:25:00", "subject": "11", "recorded-or-robo": "Y", "city": "PEYTON", "state": "CO", "area-code": "734"}, {"id": "1d36742e3f24f50e4e7ae828013b11c0", "number": "+16264259424", "date": "2021-01-22 19:36:25", "subject": "3", "recorded-or-robo": "Y", "city": "", "state": "CA", "area-code": "626"}, {"id": "1d36742e3f24f50e4e7ae8280107425b", "number": "5704706248", "date": "2021-01-22 17:24:00", "subject": "2", "recorded-or-robo": "Y", "city": "", "state": "PA", "area-code": "570"}, {"id": "1d36742e3f24f50e4e7ae82801073f0e", "number": "7344750923", "date": "2021-01-22 17:25:00", "subject": "11", "recorded-or-robo": "Y", "city": "PEYTON", "state": "CO", "area-code": "734"}, {"id": "e81c9350d54f66c6d33b3747ee71efe8", "number": "5742167976", "date": "2021-01-21 16:11:00", "subject": "2", "recorded-or-robo": "N", "city": "Maumelle", "state": "AR", "area-code": "501"}, {"id": "1d36742e3f24f50e4e7ae82801073622", "number": "5742167976", "date": "2021-01-21 16:11:00", "subject": "2", "recorded-or-robo": "N", "city": "Maumelle", "state": "AR", "area-code": "501"}, {"id": "e81c9350d54f66c6d33b3747ee71ea2e", "number": "6787852537", "date": "2021-01-22 14:00:00", "subject": "2", "recorded-or-robo": "Y", "city": "Harrisburg", "state": "GA", "area-code": "678"}, {"id": "1d36742e3f24f50e4e7ae828010728f6", "number": "6787852537", "date": "2021-01-22 14:00:00", "subject": "2", "recorded-or-robo": "Y", "city": "Harrisburg", "state": "GA", "area-code": "678"}, {"id": "e81c9350d54f66c6d33b3747ee71e1d6", "number": "0000000000", "date": "2021-01-22 09:54:00", "subject": "1", "recorded-or-robo": "Y", "city": "san francisco", "state": "CA", "area-code": "415"}, {"id": "e81c9350d54f66c6d33b3747ee71dad4", "number": "3213223167", "date": "2021-01-22 14:30:00", "subject": "4", "recorded-or-robo": "Y", "city": "Lakewood", "state": "NJ", "area-code": "727"}, {"id": "1d36742e3f24f50e4e7ae82801071993", "number": "0000000000", "date": "2021-01-22 09:54:00", "subject": "1", "recorded-or-robo": "Y", "city": "san francisco", "state": "CA", "area-code": "415"}, {"id": "1d36742e3f24f50e4e7ae82801071928", "number": "3213223167", "date": "2021-01-22 14:30:00", "subject": "4", "recorded-or-robo": "Y", "city": "Lakewood", "state": "NJ", "area-code": "727"}, {"id": "e81c9350d54f66c6d33b3747ee71d7f8", "number": "5392036866", "date": "2021-01-22 10:35:00", "subject": "2", "recorded-or-robo": "N", "city": "Spokane", "state": "WA", "area-code": "509"}, {"id": "1d36742e3f24f50e4e7ae82801070bec", "number": "5392036866", "date": "2021-01-22 10:35:00", "subject": "2", "recorded-or-robo": "N", "city": "Spokane", "state": "WA", "area-code": "509"}, {"id": "e81c9350d54f66c6d33b3747eea60907", "number": "6313397268", "date": "2021-01-22 19:36:00", "subject": "3", "recorded-or-robo": "Y", "city": "", "state": "NY", "area-code": "516"}, {"id": "1d36742e3f24f50e4e7ae828013aec6e", "number": "6313397268", "date": "2021-01-22 19:36:00", "subject": "3", "recorded-or-robo": "Y", "city": "", "state": "NY", "area-code": "516"}, {"id": "e81c9350d54f66c6d33b3747eea5747b", "number": "5108999150", "date": "2021-01-22 19:35:48", "subject": "3", "recorded-or-robo": "Y", "city": "", "state": "CA", "area-code": "310"}, {"id": "e81c9350d54f66c6d33b3747eea5286e", "number": "+12135298191", "date": "2021-01-22 19:35:48", "subject": "3", "recorded-or-robo": "Y", "city": "", "state": "AZ", "area-code": "480"}, {"id": "1d36742e3f24f50e4e7ae828013a46b4", "number": "5108999150", "date": "2021-01-22 19:35:48", "subject": "3", "recorded-or-robo": "Y", "city": "", "state": "CA", "area-code": "310"}, {"id": "1d36742e3f24f50e4e7ae828013a0845", "number": "+12135298191", "date": "2021-01-22 19:35:48", "subject": "3", "recorded-or-robo": "Y", "city": "", "state": "AZ", "area-code": "480"}, {"id": "e81c9350d54f66c6d33b3747eea59cea", "number": "5108999150", "date": "2021-01-22 19:35:46", "subject": "3", "recorded-or-robo": "Y", "city": "", "state": "CA", "area-code": "310"}, {"id": "e81c9350d54f66c6d33b3747ee71c9ea", "number": "8146560831", "date": "2021-01-20 13:33:00", "subject": "2", "recorded-or-robo": "Y", "city": "", "state": "PA", "area-code": "814"}, {"id": "1d36742e3f24f50e4e7ae828013a7f15", "number": "5108999150", "date": "2021-01-22 19:35:46", "subject": "3", "recorded-or-robo": "Y", "city": "", "state": "CA", "area-code": "310"}, {"id": "1d36742e3f24f50e4e7ae8280107066f", "number": "8146560831", "date": "2021-01-20 13:33:00", "subject": "2", "recorded-or-robo": "Y", "city": "", "state": "PA", "area-code": "814"}, {"id": "e81c9350d54f66c6d33b3747eea57955", "number": "972772011195", "date": "2021-01-22 19:35:44", "subject": "3", "recorded-or-robo": "Y", "city": "", "state": "NY", "area-code": "516"}, {"id": "1d36742e3f24f50e4e7ae828013a5695", "number": "972772011195", "date": "2021-01-22 19:35:44", "subject": "3", "recorded-or-robo": "Y", "city": "", "state": "NY", "area-code": "516"}, {"id": "e81c9350d54f66c6d33b3747ee71bf0c", "number": "9787552748", "date": "2021-01-21 09:05:00", "subject": "0", "recorded-or-robo": "", "city": "Southampton", "state": "MA", "area-code": "413"}, {"id": "1d36742e3f24f50e4e7ae8280106fbe0", "number": "9787552748", "date": "2021-01-21 09:05:00", "subject": "0", "recorded-or-robo": "", "city": "Southampton", "state": "MA", "area-code": "413"}, {"id": "e81c9350d54f66c6d33b3747ee71badf", "number": "7038289501", "date": "2021-01-22 14:21:00", "subject": "2", "recorded-or-robo": "N", "city": "", "state": "VA", "area-code": "703"}, {"id": "1d36742e3f24f50e4e7ae8280106edda", "number": "7038289501", "date": "2021-01-22 14:21:00", "subject": "2", "recorded-or-robo": "N", "city": "", "state": "VA", "area-code": "703"}, {"id": "e81c9350d54f66c6d33b3747ee71aba1", "number": "4792444711", "date": "2021-01-07 11:27:00", "subject": "3", "recorded-or-robo": "Y", "city": "", "state": "AR", "area-code": "479"}, {"id": "1d36742e3f24f50e4e7ae8280106e137", "number": "4792444711", "date": "2021-01-07 11:27:00", "subject": "3", "recorded-or-robo": "Y", "city": "", "state": "AR", "area-code": "479"}, {"id": "e81c9350d54f66c6d33b3747eea526f6", "number": "+18135301310", "date": "2021-01-22 19:35:27", "subject": "3", "recorded-or-robo": "Y", "city": "", "state": "FL", "area-code": "813"}, {"id": "1d36742e3f24f50e4e7ae828013a05b5", "number": "+18135301310", "date": "2021-01-22 19:35:27", "subject": "3", "recorded-or-robo": "Y", "city": "", "state": "FL", "area-code": "813"}, {"id": "e81c9350d54f66c6d33b3747ee719be7", "number": "5704702267", "date": "2021-01-22 17:12:00", "subject": "2", "recorded-or-robo": "Y", "city": "", "state": "PA", "area-code": "570"}, {"id": "1d36742e3f24f50e4e7ae8280106d85e", "number": "5704702267", "date": "2021-01-22 17:12:00", "subject": "2", "recorded-or-robo": "Y", "city": "", "state": "PA", "area-code": "570"}, {"id": "e81c9350d54f66c6d33b3747ee719864", "number": "8323876279", "date": "2021-01-22 10:37:00", "subject": "1", "recorded-or-robo": "Y", "city": "san francisco", "state": "CA", "area-code": "415"}, {"id": "1d36742e3f24f50e4e7ae8280106d264", "number": "8323876279", "date": "2021-01-22 10:37:00", "subject": "1", "recorded-or-robo": "Y", "city": "san francisco", "state": "CA", "area-code": "415"}, {"id": "e81c9350d54f66c6d33b3747eea53b8d", "number": "+17043253107", "date": "2021-01-22 19:35:18", "subject": "3", "recorded-or-robo": "Y", "city": "", "state": "NC", "area-code": "704"}, {"id": "1d36742e3f24f50e4e7ae828013a1564", "number": "+17043253107", "date": "2021-01-22 19:35:18", "subject": "3", "recorded-or-robo": "Y", "city": "", "state": "NC", "area-code": "704"}, {"id": "e81c9350d54f66c6d33b3747ee7197ac", "number": "9178853528", "date": "2021-01-22 18:53:00", "subject": "1", "recorded-or-robo": "Y", "city": "Glendale", "state": "NY", "area-code": "917"}, {"id": "1d36742e3f24f50e4e7ae8280106c71a", "number": "9178853528", "date": "2021-01-22 18:53:00", "subject": "1", "recorded-or-robo": "Y", "city": "Glendale", "state": "NY", "area-code": "917"}, {"id": "e81c9350d54f66c6d33b3747ee718ebc", "number": "6784991701", "date": "2021-01-22 08:15:00", "subject": "2", "recorded-or-robo": "Y", "city": "Harrisburg", "state": "PA", "area-code": "678"}, {"id": "1d36742e3f24f50e4e7ae8280106c0b1", "number": "6784991701", "date": "2021-01-22 08:15:00", "subject": "2", "recorded-or-robo": "Y", "city": "Harrisburg", "state": "PA", "area-code": "678"}, {"id": "e81c9350d54f66c6d33b3747ee7186cf", "number": "6152035158", "date": "2020-10-12 13:38:00", "subject": "0", "recorded-or-robo": "Y", "city": "Manassas", "state": "VA", "area-code": "703"}, {"id": "1d36742e3f24f50e4e7ae8280106b546", "number": "6152035158", "date": "2020-10-12 13:38:00", "subject": "0", "recorded-or-robo": "Y", "city": "Manassas", "state": "VA", "area-code": "703"}, {"id": "e81c9350d54f66c6d33b3747eea52bce", "number": "+19402006508", "date": "2021-01-22 19:35:10", "subject": "3", "recorded-or-robo": "Y", "city": "", "state": "TX", "area-code": "817"}, {"id": "1d36742e3f24f50e4e7ae828013a0c36", "number": "+19402006508", "date": "2021-01-22 19:35:10", "subject": "3", "recorded-or-robo": "Y", "city": "", "state": "TX", "area-code": "817"}, {"id": "e81c9350d54f66c6d33b3747ee717df3", "number": "5204670869", "date": "2021-01-22 15:52:00", "subject": "2", "recorded-or-robo": "N", "city": "Lake Stevens", "state": "WA", "area-code": "602"}]}