{"data": [{"id": "1d36742e3f24f50e4e7ae82801417c5d", "number": "9198825611", "date": "2021-01-22 20:39:28", "subject": "3", "recorded-or-robo": "Y", "city": "", "state": "TX", "area-code": "972"}, {"id": "e81c9350d54f66c6d33b3747ee83d8c2", "number": "2819756297", "date": "2021-01-22 13:55:00", "subject": "3", "recorded-or-robo": "", "city": "", "state": "TX", "area-code": "281"}, {"id": "1d36742e3f24f50e4e7ae82801193ef1", "number": "2819756297", "date": "2021-01-22 13:55:00", "subject": "3", "recorded-or-robo": "", "city": "", "state": "TX", "area-code": "281"}, {"id": "e81c9350d54f66c6d33b3747eead203a", "number": "+14695617011", "date": "2021-01-22 20:39:22", "subject": "3", "recorded-or-robo": "Y", "city": "", "state": "TX", "area-code": "915"}, {"id": "1d36742e3f24f50e4e7ae8280141cce0", "number": "+14695617011", "date": "2021-01-22 20:39:22", "subject": "3", "recorded-or-robo": "Y", "city": "", "state": "TX", "area-code": "915"}, {"id": "e81c9350d54f66c6d33b3747ee83e56d", "number": "6600527", "date": "2021-01-22 12:01:00", "subject": "0", "recorded-or-robo": "Y", "city": "", "state": "CA", "area-code": "323"}, {"id": "1d36742e3f24f50e4e7ae82801195b63", "number": "6600527", "date": "2021-01-22 12:01:00", "subject": "0", "recorded-or-robo": "Y", "city": "", "state": "CA", "area-code": "323"}, {"id": "e81c9350d54f66c6d33b3747ee83e564", "number": "5093220040", "date": "2021-01-22 15:30:00", "subject": "13", "recorded-or-robo": "N", "city": "Okanogan", "state": "WA", "area-code": "509"}, {"id": "1d36742e3f24f50e4e7ae82801194d36", "number": "5093220040", "date": "2021-01-22 15:30:00", "subject": "13", "recorded-or-robo": "N", "city": "Okanogan", "state": "WA", "area-code": "509"}, {"id": "e81c9350d54f66c6d33b3747ee83c677", "number": "3073160178", "date": "2021-01-22 12:11:00", "subject": "0", "recorded-or-robo": "Y", "city": "Norwalk", "state": "CA", "area-code": "626"}, {"id": "1d36742e3f24f50e4e7ae8280119317a", "number": "3073160178", "date": "2021-01-22 12:11:00", "subject": "0", "recorded-or-robo": "Y", "city": "Norwalk", "state": "CA", "area-code": "626"}, {"id": "e81c9350d54f66c6d33b3747eead2707", "number": "+17727588108", "date": "2021-01-22 20:38:44", "subject": "3", "recorded-or-robo": "Y", "city": "", "state": "FL", "area-code": "772"}, {"id": "1d36742e3f24f50e4e7ae8280141cd6e", "number": "+17727588108", "date": "2021-01-22 20:38:44", "subject": "3", "recorded-or-robo": "Y", "city": "", "state": "FL", "area-code": "772"}, {"id": "e81c9350d54f66c6d33b3747ee83beeb", "number": "8137564329", "date": "2021-01-22 09:30:00", "subject": "2", "recorded-or-robo": "Y", "city": "TAMPA", "state": "FL", "area-code": "813"}, {"id": "1d36742e3f24f50e4e7ae828011921c3", "number": "8137564329", "date": "2021-01-22 09:30:00", "subject": "2", "recorded-or-robo": "Y", "city": "TAMPA", "state": "FL", "area-code": "813"}, {"id": "e81c9350d54f66c6d33b3747ee83b58c", "number": "3025033946", "date": "2021-01-22 18:50:00", "subject": "2", "recorded-or-robo": "N", "city": "Olney", "state": "MD", "area-code": "301"}, {"id": "1d36742e3f24f50e4e7ae82801191423", "number": "3025033946", "date": "2021-01-22 18:50:00", "subject": "2", "recorded-or-robo": "N", "city": "Olney", "state": "MD", "area-code": "301"}, {"id": "e81c9350d54f66c6d33b3747eeacfab8", "number": "9034655702", "date": "2021-01-22 20:38:13", "subject": "3", "recorded-or-robo": "Y", "city": "", "state": "TX", "area-code": "832"}, {"id": "e81c9350d54f66c6d33b3747ee839d56", "number": "2819511463", "date": "2021-01-21 14:19:00", "subject": "3", "recorded-or-robo": "", "city": "", "state": "TX", "area-code": "281"}, {"id": "1d36742e3f24f50e4e7ae8280141b160", "number": "9034655702", "date": "2021-01-22 20:38:13", "subject": "3", "recorded-or-robo": "Y", "city": "", "state": "TX", "area-code": "832"}, {"id": "1d36742e3f24f50e4e7ae8280118d6b3", "number": "2819511463", "date": "2021-01-21 14:19:00", "subject": "3", "recorded-or-robo": "", "city": "", "state": "TX", "area-code": "281"}, {"id": "e81c9350d54f66c6d33b3747eeaccdd8", "number": "+13032102036", "date": "2021-01-22 20:38:12", "subject": "3", "recorded-or-robo": "Y", "city": "", "state": "CO", "area-code": "303"}, {"id": "1d36742e3f24f50e4e7ae82801418b38", "number": "+13032102036", "date": "2021-01-22 20:38:12", "subject": "3", "recorded-or-robo": "Y", "city": "", "state": "CO", "area-code": "303"}, {"id": "e81c9350d54f66c6d33b3747ee83b540", "number": "2173686050", "date": "2021-01-22 11:25:00", "subject": "2", "recorded-or-robo": "N", "city": "WHEATON", "state": "IL", "area-code": "630"}, {"id": "1d36742e3f24f50e4e7ae82801190462", "number": "2173686050", "date": "2021-01-22 11:25:00", "subject": "2", "recorded-or-robo": "N", "city": "WHEATON", "state": "IL", "area-code": "630"}, {"id": "e81c9350d54f66c6d33b3747ee83ab1c", "number": "2072531483", "date": "2021-01-22 13:20:00", "subject": "6", "recorded-or-robo": "Y", "city": "Belfast", "state": "ME", "area-code": "207"}, {"id": "1d36742e3f24f50e4e7ae8280118f64f", "number": "2072531483", "date": "2021-01-22 13:20:00", "subject": "6", "recorded-or-robo": "Y", "city": "Belfast", "state": "ME", "area-code": "207"}, {"id": "e81c9350d54f66c6d33b3747ee839f19", "number": "7726783869", "date": "2021-01-19 17:55:00", "subject": "2", "recorded-or-robo": "", "city": "Ocala", "state": "FL", "area-code": "352"}, {"id": "1d36742e3f24f50e4e7ae8280118e660", "number": "7726783869", "date": "2021-01-19 17:55:00", "subject": "2", "recorded-or-robo": "", "city": "Ocala", "state": "FL", "area-code": "352"}, {"id": "e81c9350d54f66c6d33b3747eeacb912", "number": "2392244705", "date": "2021-01-22 20:37:48", "subject": "3", "recorded-or-robo": "N", "city": "", "state": "FL", "area-code": "239"}, {"id": "e81c9350d54f66c6d33b3747ee8392b0", "number": "", "date": "2021-01-22 11:36:00", "subject": "1", "recorded-or-robo": "Y", "city": "Kansas City", "state": "KS", "area-code": "913"}, {"id": "1d36742e3f24f50e4e7ae828014174c1", "number": "2392244705", "date": "2021-01-22 20:37:48", "subject": "3", "recorded-or-robo": "N", "city": "", "state": "FL", "area-code": "239"}, {"id": "1d36742e3f24f50e4e7ae8280118ce9a", "number": "", "date": "2021-01-22 11:36:00", "subject": "1", "recorded-or-robo": "Y", "city": "Kansas City", "state": "KS", "area-code": "913"}, {"id": "e81c9350d54f66c6d33b3747ee838be3", "number": "3463655153", "date": "2021-01-22 19:35:00", "subject": "9", "recorded-or-robo": "Y", "city": "Westchester", "state": "IL", "area-code": "512"}, {"id": "1d36742e3f24f50e4e7ae8280118cdcf", "number": "3463655153", "date": "2021-01-22 19:35:00", "subject": "9", "recorded-or-robo": "Y", "city": "Westchester", "state": "IL", "area-code": "512"}, {"id": "e81c9350d54f66c6d33b3747eead1290", "number": "7325383631", "date": "2021-01-22 20:37:17", "subject": "3", "recorded-or-robo": "Y", "city": "", "state": "NJ", "area-code": "732"}, {"id": "1d36742e3f24f50e4e7ae8280141c104", "number": "7325383631", "date": "2021-01-22 20:37:17", "subject": "3", "recorded-or-robo": "Y", "city": "", "state": "NJ", "area-code": "732"}, {"id": "e81c9350d54f66c6d33b3747eeacc02f", "number": "7325383631", "date": "2021-01-22 20:37:15", "subject": "3", "recorded-or-robo": "Y", "city": "", "state": "NJ", "area-code": "732"}, {"id": "1d36742e3f24f50e4e7ae82801417c51", "number": "7325383631", "date": "2021-01-22 20:37:15", "subject": "3", "recorded-or-robo": "Y", "city": "", "state": "NJ", "area-code": "732"}, {"id": "e81c9350d54f66c6d33b3747ee836b02", "number": "7542192025", "date": "2021-01-21 14:12:00", "subject": "3", "recorded-or-robo": "", "city": "", "state": "TX", "area-code": "281"}, {"id": "1d36742e3f24f50e4e7ae8280118a2be", "number": "7542192025", "date": "2021-01-21 14:12:00", "subject": "3", "recorded-or-robo": "", "city": "", "state": "TX", "area-code": "281"}, {"id": "e81c9350d54f66c6d33b3747ee8384ef", "number": "", "date": "2021-01-22 08:54:00", "subject": "2", "recorded-or-robo": "Y", "city": "Pendleton", "state": "OR", "area-code": "541"}, {"id": "1d36742e3f24f50e4e7ae8280118c927", "number": "", "date": "2021-01-22 08:54:00", "subject": "2", "recorded-or-robo": "Y", "city": "Pendleton", "state": "OR", "area-code": "541"}, {"id": "e81c9350d54f66c6d33b3747ee837549", "number": "7252026670", "date": "2021-01-22 10:39:00", "subject": "2", "recorded-or-robo": "Y", "city": "", "state": "CA", "area-code": "760"}, {"id": "1d36742e3f24f50e4e7ae8280118bb62", "number": "7252026670", "date": "2021-01-22 10:39:00", "subject": "2", "recorded-or-robo": "Y", "city": "", "state": "CA", "area-code": "760"}, {"id": "e81c9350d54f66c6d33b3747eead0906", "number": "7322328986", "date": "2021-01-22 20:36:48", "subject": "3", "recorded-or-robo": "Y", "city": "", "state": "NJ", "area-code": "732"}, {"id": "e81c9350d54f66c6d33b3747ee8373c5", "number": "5047773769", "date": "2021-01-22 16:27:00", "subject": "2", "recorded-or-robo": "Y", "city": "", "state": "TX", "area-code": "817"}, {"id": "1d36742e3f24f50e4e7ae8280141b8b0", "number": "7322328986", "date": "2021-01-22 20:36:48", "subject": "3", "recorded-or-robo": "Y", "city": "", "state": "NJ", "area-code": "732"}, {"id": "1d36742e3f24f50e4e7ae8280118b262", "number": "5047773769", "date": "2021-01-22 16:27:00", "subject": "2", "recorded-or-robo": "Y", "city": "", "state": "TX", "area-code": "817"}, {"id": "e81c9350d54f66c6d33b3747eeac9e0d", "number": "2564189313", "date": "2021-01-22 20:36:37", "subject": "3", "recorded-or-robo": "Y", "city": "", "state": "AL", "area-code": "256"}]}