{"data": [{"id": "1d36742e3f24f50e4e7ae8280116cb33", "number": "4077830857", "date": "2021-01-22 17:14:00", "subject": "0", "recorded-or-robo": "Y", "city": "", "state": "CA", "area-code": "323"}, {"id": "e81c9350d54f66c6d33b3747ee819a65", "number": "6265961990", "date": "2021-01-22 10:03:00", "subject": "2", "recorded-or-robo": "Y", "city": "Fortuna", "state": "CA", "area-code": "707"}, {"id": "1d36742e3f24f50e4e7ae8280116c8ca", "number": "6265961990", "date": "2021-01-22 10:03:00", "subject": "2", "recorded-or-robo": "Y", "city": "Fortuna", "state": "CA", "area-code": "707"}, {"id": "e81c9350d54f66c6d33b3747ee818fa0", "number": "7607508111", "date": "2021-01-22 12:04:00", "subject": "0", "recorded-or-robo": "N", "city": "Ramona", "state": "CA", "area-code": "760"}, {"id": "e81c9350d54f66c6d33b3747ee818814", "number": "2184296243", "date": "2021-01-22 12:33:00", "subject": "4", "recorded-or-robo": "Y", "city": "saginaw", "state": "MN", "area-code": "218"}, {"id": "1d36742e3f24f50e4e7ae8280116c04c", "number": "7607508111", "date": "2021-01-22 12:04:00", "subject": "0", "recorded-or-robo": "N", "city": "Ramona", "state": "CA", "area-code": "760"}, {"id": "1d36742e3f24f50e4e7ae8280116b75a", "number": "2184296243", "date": "2021-01-22 12:33:00", "subject": "4", "recorded-or-robo": "Y", "city": "saginaw", "state": "MN", "area-code": "218"}, {"id": "e81c9350d54f66c6d33b3747eeab9ceb", "number": "6505383170", "date": "2021-01-22 20:27:41", "subject": "3", "recorded-or-robo": "Y", "city": "", "state": "CA", "area-code": "650"}, {"id": "1d36742e3f24f50e4e7ae828014082fd", "number": "6505383170", "date": "2021-01-22 20:27:41", "subject": "3", "recorded-or-robo": "Y", "city": "", "state": "CA", "area-code": "650"}, {"id": "e81c9350d54f66c6d33b3747ee8186a8", "number": "8059202067", "date": "2021-01-22 09:42:00", "subject": "2", "recorded-or-robo": "Y", "city": "Atascadero", "state": "CA", "area-code": "805"}, {"id": "1d36742e3f24f50e4e7ae8280116b2ef", "number": "8059202067", "date": "2021-01-22 09:42:00", "subject": "2", "recorded-or-robo": "Y", "city": "Atascadero", "state": "CA", "area-code": "805"}, {"id": "e81c9350d54f66c6d33b3747eeabdfd1", "number": "2103909634", "date": "2021-01-22 20:27:38", "subject": "3", "recorded-or-robo": "Y", "city": "", "state": "TX", "area-code": "210"}, {"id": "1d36742e3f24f50e4e7ae8280140a8dd", "number": "2103909634", "date": "2021-01-22 20:27:38", "subject": "3", "recorded-or-robo": "Y", "city": "", "state": "TX", "area-code": "210"}, {"id": "e81c9350d54f66c6d33b3747ee818316", "number": "", "date": "2021-01-18 00:00:00", "subject": "2", "recorded-or-robo": "", "city": "", "state": "NJ", "area-code": "973"}, {"id": "1d36742e3f24f50e4e7ae8280116a4c7", "number": "", "date": "2021-01-18 00:00:00", "subject": "2", "recorded-or-robo": "", "city": "", "state": "NJ", "area-code": "973"}, {"id": "e81c9350d54f66c6d33b3747ee817d8c", "number": "6789614114", "date": "2021-01-22 17:08:00", "subject": "0", "recorded-or-robo": "N", "city": "longwood", "state": "FL", "area-code": "678"}, {"id": "1d36742e3f24f50e4e7ae828011699d5", "number": "6789614114", "date": "2021-01-22 17:08:00", "subject": "0", "recorded-or-robo": "N", "city": "longwood", "state": "FL", "area-code": "678"}, {"id": "e81c9350d54f66c6d33b3747ee816fde", "number": "9897197130", "date": "2021-01-22 13:53:00", "subject": "3", "recorded-or-robo": "Y", "city": "", "state": "MI", "area-code": "989"}, {"id": "1d36742e3f24f50e4e7ae82801169067", "number": "9897197130", "date": "2021-01-22 13:53:00", "subject": "3", "recorded-or-robo": "Y", "city": "", "state": "MI", "area-code": "989"}, {"id": "e81c9350d54f66c6d33b3747ee816044", "number": "9179746565", "date": "2020-12-28 14:43:00", "subject": "0", "recorded-or-robo": "N", "city": "Frederick", "state": "MD", "area-code": "206"}, {"id": "1d36742e3f24f50e4e7ae8280116866d", "number": "9179746565", "date": "2020-12-28 14:43:00", "subject": "0", "recorded-or-robo": "N", "city": "Frederick", "state": "MD", "area-code": "206"}, {"id": "e81c9350d54f66c6d33b3747ee815f42", "number": "6612245659", "date": "2021-01-22 00:00:00", "subject": "13", "recorded-or-robo": "Y", "city": "", "state": "CA", "area-code": "760"}, {"id": "1d36742e3f24f50e4e7ae82801168476", "number": "6612245659", "date": "2021-01-22 00:00:00", "subject": "13", "recorded-or-robo": "Y", "city": "", "state": "CA", "area-code": "760"}, {"id": "e81c9350d54f66c6d33b3747eeac18c5", "number": "+18133310590", "date": "2021-01-22 20:27:07", "subject": "3", "recorded-or-robo": "N", "city": "", "state": "FL", "area-code": "813"}, {"id": "e81c9350d54f66c6d33b3747ee813268", "number": "8663516483", "date": "2021-01-22 00:00:00", "subject": "3", "recorded-or-robo": "N", "city": "", "state": "MD", "area-code": "301"}, {"id": "1d36742e3f24f50e4e7ae8280140d4c1", "number": "+18133310590", "date": "2021-01-22 20:27:07", "subject": "3", "recorded-or-robo": "N", "city": "", "state": "FL", "area-code": "813"}, {"id": "1d36742e3f24f50e4e7ae82801164ff6", "number": "8663516483", "date": "2021-01-22 00:00:00", "subject": "3", "recorded-or-robo": "N", "city": "", "state": "MD", "area-code": "301"}, {"id": "e81c9350d54f66c6d33b3747ee814f97", "number": "3104046786", "date": "2021-01-22 10:00:00", "subject": "4", "recorded-or-robo": "Y", "city": "Los Angeles", "state": "CA", "area-code": "310"}, {"id": "1d36742e3f24f50e4e7ae828011676bf", "number": "3104046786", "date": "2021-01-22 10:00:00", "subject": "4", "recorded-or-robo": "Y", "city": "Los Angeles", "state": "CA", "area-code": "310"}, {"id": "e81c9350d54f66c6d33b3747ee814545", "number": "2184296243", "date": "2021-01-22 10:37:00", "subject": "4", "recorded-or-robo": "Y", "city": "saginaw", "state": "MN", "area-code": "218"}, {"id": "1d36742e3f24f50e4e7ae82801167041", "number": "2184296243", "date": "2021-01-22 10:37:00", "subject": "4", "recorded-or-robo": "Y", "city": "saginaw", "state": "MN", "area-code": "218"}, {"id": "e81c9350d54f66c6d33b3747ee81382e", "number": "5542482105", "date": "2021-01-20 11:40:00", "subject": "3", "recorded-or-robo": "N", "city": "", "state": "TX", "area-code": "210"}, {"id": "1d36742e3f24f50e4e7ae828011667ea", "number": "5542482105", "date": "2021-01-20 11:40:00", "subject": "3", "recorded-or-robo": "N", "city": "", "state": "TX", "area-code": "210"}, {"id": "e81c9350d54f66c6d33b3747ee8134c8", "number": "7603483157", "date": "2021-01-21 15:37:00", "subject": "0", "recorded-or-robo": "N", "city": "Ramona", "state": "CA", "area-code": "760"}, {"id": "1d36742e3f24f50e4e7ae82801165b49", "number": "7603483157", "date": "2021-01-21 15:37:00", "subject": "0", "recorded-or-robo": "N", "city": "Ramona", "state": "CA", "area-code": "760"}, {"id": "e81c9350d54f66c6d33b3747ee812f00", "number": "9058584366", "date": "2021-01-22 17:13:00", "subject": "0", "recorded-or-robo": "Y", "city": "Frederick", "state": "MD", "area-code": "206"}, {"id": "1d36742e3f24f50e4e7ae82801164dcd", "number": "9058584366", "date": "2021-01-22 17:13:00", "subject": "0", "recorded-or-robo": "Y", "city": "Frederick", "state": "MD", "area-code": "206"}, {"id": "e81c9350d54f66c6d33b3747ee8122c7", "number": "2184296243", "date": "2021-01-22 09:18:00", "subject": "4", "recorded-or-robo": "Y", "city": "saginaw", "state": "MN", "area-code": "218"}, {"id": "1d36742e3f24f50e4e7ae8280116496d", "number": "2184296243", "date": "2021-01-22 09:18:00", "subject": "4", "recorded-or-robo": "Y", "city": "saginaw", "state": "MN", "area-code": "218"}, {"id": "e81c9350d54f66c6d33b3747ee8117c1", "number": "", "date": "2021-01-22 08:42:00", "subject": "1", "recorded-or-robo": "Y", "city": "Los Angeles", "state": "CA", "area-code": "310"}, {"id": "1d36742e3f24f50e4e7ae828011648e9", "number": "", "date": "2021-01-22 08:42:00", "subject": "1", "recorded-or-robo": "Y", "city": "Los Angeles", "state": "CA", "area-code": "310"}, {"id": "e81c9350d54f66c6d33b3747ee8116b5", "number": "5746568639", "date": "2021-01-22 13:30:00", "subject": "2", "recorded-or-robo": "Y", "city": "North Liberty", "state": "IN", "area-code": "574"}, {"id": "1d36742e3f24f50e4e7ae828011647f4", "number": "5746568639", "date": "2021-01-22 13:30:00", "subject": "2", "recorded-or-robo": "Y", "city": "North Liberty", "state": "IN", "area-code": "574"}, {"id": "e81c9350d54f66c6d33b3747eeabeee1", "number": "+15708679451", "date": "2021-01-22 20:26:01", "subject": "3", "recorded-or-robo": "Y", "city": "", "state": "PA", "area-code": "570"}, {"id": "e81c9350d54f66c6d33b3747ee81126a", "number": "8058553556", "date": "2021-01-21 11:28:00", "subject": "2", "recorded-or-robo": "Y", "city": "Atascadero", "state": "CA", "area-code": "805"}, {"id": "1d36742e3f24f50e4e7ae8280140aa73", "number": "+15708679451", "date": "2021-01-22 20:26:01", "subject": "3", "recorded-or-robo": "Y", "city": "", "state": "PA", "area-code": "570"}, {"id": "1d36742e3f24f50e4e7ae82801163ce6", "number": "8058553556", "date": "2021-01-21 11:28:00", "subject": "2", "recorded-or-robo": "Y", "city": "Atascadero", "state": "CA", "area-code": "805"}, {"id": "e81c9350d54f66c6d33b3747ee810eba", "number": "2104344696", "date": "2021-01-12 09:05:00", "subject": "3", "recorded-or-robo": "N", "city": "", "state": "TX", "area-code": "210"}, {"id": "1d36742e3f24f50e4e7ae8280116338b", "number": "2104344696", "date": "2021-01-12 09:05:00", "subject": "3", "recorded-or-robo": "N", "city": "", "state": "TX", "area-code": "210"}, {"id": "e81c9350d54f66c6d33b3747eeac11e3", "number": "9134269873", "date": "2021-01-22 20:25:47", "subject": "3", "recorded-or-robo": "Y", "city": "", "state": "TX", "area-code": "956"}]}