{"data": [{"id": "1d36742e3f24f50e4e7ae8280166ac94", "number": "8009336262", "date": "2021-01-22 17:47:00", "subject": "0", "recorded-or-robo": "Y", "city": "Rome", "state": "PA", "area-code": "570"}, {"id": "e81c9350d54f66c6d33b3747eed1dbaf", "number": "7162723297", "date": "2021-01-22 15:19:00", "subject": "2", "recorded-or-robo": "Y", "city": "WILLIAMSVILLE", "state": "NY", "area-code": "716"}, {"id": "1d36742e3f24f50e4e7ae8280166aaa3", "number": "7162723297", "date": "2021-01-22 15:19:00", "subject": "2", "recorded-or-robo": "Y", "city": "WILLIAMSVILLE", "state": "NY", "area-code": "716"}, {"id": "e81c9350d54f66c6d33b3747eed1d325", "number": "7088751297", "date": "2021-01-22 17:38:00", "subject": "0", "recorded-or-robo": "Y", "city": "Orland Park", "state": "IL", "area-code": "708"}, {"id": "1d36742e3f24f50e4e7ae8280166a1b5", "number": "7088751297", "date": "2021-01-22 17:38:00", "subject": "0", "recorded-or-robo": "Y", "city": "Orland Park", "state": "IL", "area-code": "708"}, {"id": "e81c9350d54f66c6d33b3747eed1c4e5", "number": "8009336262", "date": "2021-01-22 17:37:00", "subject": "0", "recorded-or-robo": "Y", "city": "Rome", "state": "PA", "area-code": "570"}, {"id": "1d36742e3f24f50e4e7ae8280166993f", "number": "8009336262", "date": "2021-01-22 17:37:00", "subject": "0", "recorded-or-robo": "Y", "city": "Rome", "state": "PA", "area-code": "570"}, {"id": "e81c9350d54f66c6d33b3747eed1c3c9", "number": "8022300236", "date": "2021-01-16 11:19:00", "subject": "3", "recorded-or-robo": "", "city": "", "state": "NJ", "area-code": "973"}, {"id": "1d36742e3f24f50e4e7ae82801669392", "number": "8022300236", "date": "2021-01-16 11:19:00", "subject": "3", "recorded-or-robo": "", "city": "", "state": "NJ", "area-code": "973"}, {"id": "e81c9350d54f66c6d33b3747eed1bbd6", "number": "7162723425", "date": "2021-01-22 10:00:00", "subject": "2", "recorded-or-robo": "Y", "city": "WILLIAMSVILLE", "state": "NY", "area-code": "716"}, {"id": "1d36742e3f24f50e4e7ae8280166885b", "number": "7162723425", "date": "2021-01-22 10:00:00", "subject": "2", "recorded-or-robo": "Y", "city": "WILLIAMSVILLE", "state": "NY", "area-code": "716"}, {"id": "e81c9350d54f66c6d33b3747eed1ae61", "number": "3256722902", "date": "2021-01-22 15:10:00", "subject": "0", "recorded-or-robo": "Y", "city": "Orland Park", "state": "IL", "area-code": "708"}, {"id": "1d36742e3f24f50e4e7ae8280166872f", "number": "3256722902", "date": "2021-01-22 15:10:00", "subject": "0", "recorded-or-robo": "Y", "city": "Orland Park", "state": "IL", "area-code": "708"}, {"id": "e81c9350d54f66c6d33b3747eed19f93", "number": "3023493727", "date": "2021-01-16 13:46:00", "subject": "3", "recorded-or-robo": "", "city": "", "state": "NJ", "area-code": "973"}, {"id": "1d36742e3f24f50e4e7ae828016683ec", "number": "3023493727", "date": "2021-01-16 13:46:00", "subject": "3", "recorded-or-robo": "", "city": "", "state": "NJ", "area-code": "973"}, {"id": "e81c9350d54f66c6d33b3747eed19454", "number": "6627271977", "date": "2021-01-22 11:12:00", "subject": "6", "recorded-or-robo": "Y", "city": "", "state": "AL", "area-code": "251"}, {"id": "1d36742e3f24f50e4e7ae82801668183", "number": "6627271977", "date": "2021-01-22 11:12:00", "subject": "6", "recorded-or-robo": "Y", "city": "", "state": "AL", "area-code": "251"}, {"id": "e81c9350d54f66c6d33b3747eed18fa9", "number": "5137932460", "date": "2021-01-23 08:55:00", "subject": "0", "recorded-or-robo": "Y", "city": "Montgomery", "state": "OH", "area-code": "888"}, {"id": "1d36742e3f24f50e4e7ae82801668129", "number": "5137932460", "date": "2021-01-23 08:55:00", "subject": "0", "recorded-or-robo": "Y", "city": "Montgomery", "state": "OH", "area-code": "888"}, {"id": "e81c9350d54f66c6d33b3747eed18095", "number": "7162723425", "date": "2021-01-21 13:48:00", "subject": "2", "recorded-or-robo": "Y", "city": "WILLIAMSVILLE", "state": "NY", "area-code": "716"}, {"id": "1d36742e3f24f50e4e7ae82801667b11", "number": "7162723425", "date": "2021-01-21 13:48:00", "subject": "2", "recorded-or-robo": "Y", "city": "WILLIAMSVILLE", "state": "NY", "area-code": "716"}, {"id": "e81c9350d54f66c6d33b3747eed176f8", "number": "7728377083", "date": "2021-01-22 19:48:00", "subject": "0", "recorded-or-robo": "Y", "city": "Jensen Beach", "state": "FL", "area-code": "772"}, {"id": "1d36742e3f24f50e4e7ae82801667a5a", "number": "7728377083", "date": "2021-01-22 19:48:00", "subject": "0", "recorded-or-robo": "Y", "city": "Jensen Beach", "state": "FL", "area-code": "772"}, {"id": "e81c9350d54f66c6d33b3747eed16a6d", "number": "3078683482", "date": "2021-01-22 16:32:00", "subject": "4", "recorded-or-robo": "Y", "city": "Cheyenne", "state": "WY", "area-code": "307"}, {"id": "1d36742e3f24f50e4e7ae82801666e18", "number": "3078683482", "date": "2021-01-22 16:32:00", "subject": "4", "recorded-or-robo": "Y", "city": "Cheyenne", "state": "WY", "area-code": "307"}, {"id": "e81c9350d54f66c6d33b3747eed1681e", "number": "2763231398", "date": "2021-01-16 16:45:00", "subject": "3", "recorded-or-robo": "", "city": "", "state": "NJ", "area-code": "973"}, {"id": "e81c9350d54f66c6d33b3747eed15f45", "number": "2175048693", "date": "2021-01-22 14:52:00", "subject": "0", "recorded-or-robo": "Y", "city": "Orland Park", "state": "IL", "area-code": "708"}, {"id": "1d36742e3f24f50e4e7ae82801666385", "number": "2763231398", "date": "2021-01-16 16:45:00", "subject": "3", "recorded-or-robo": "", "city": "", "state": "NJ", "area-code": "973"}, {"id": "1d36742e3f24f50e4e7ae82801666071", "number": "2175048693", "date": "2021-01-22 14:52:00", "subject": "0", "recorded-or-robo": "Y", "city": "Orland Park", "state": "IL", "area-code": "708"}, {"id": "e81c9350d54f66c6d33b3747eed1593e", "number": "8064544809", "date": "2021-01-22 13:29:00", "subject": "3", "recorded-or-robo": "Y", "city": "", "state": "NY", "area-code": "718"}, {"id": "1d36742e3f24f50e4e7ae828016655a0", "number": "8064544809", "date": "2021-01-22 13:29:00", "subject": "3", "recorded-or-robo": "Y", "city": "", "state": "NY", "area-code": "718"}, {"id": "e81c9350d54f66c6d33b3747eed1520e", "number": "2513600998", "date": "2021-01-21 17:06:00", "subject": "5", "recorded-or-robo": "Y", "city": "", "state": "AL", "area-code": "251"}, {"id": "1d36742e3f24f50e4e7ae82801664b9b", "number": "2513600998", "date": "2021-01-21 17:06:00", "subject": "5", "recorded-or-robo": "Y", "city": "", "state": "AL", "area-code": "251"}, {"id": "e81c9350d54f66c6d33b3747eed147ce", "number": "", "date": "2021-01-21 12:30:00", "subject": "11", "recorded-or-robo": "Y", "city": "DeSoto", "state": "MO", "area-code": "636"}, {"id": "1d36742e3f24f50e4e7ae82801663f0b", "number": "", "date": "2021-01-21 12:30:00", "subject": "11", "recorded-or-robo": "Y", "city": "DeSoto", "state": "MO", "area-code": "636"}, {"id": "e81c9350d54f66c6d33b3747eed14316", "number": "7089314089", "date": "2021-01-22 13:57:00", "subject": "0", "recorded-or-robo": "Y", "city": "Orland Park", "state": "IL", "area-code": "708"}, {"id": "1d36742e3f24f50e4e7ae82801663c63", "number": "7089314089", "date": "2021-01-22 13:57:00", "subject": "0", "recorded-or-robo": "Y", "city": "Orland Park", "state": "IL", "area-code": "708"}, {"id": "e81c9350d54f66c6d33b3747eed141aa", "number": "7162723425", "date": "2021-01-21 09:58:00", "subject": "2", "recorded-or-robo": "Y", "city": "WILLIAMSVILLE", "state": "NY", "area-code": "716"}, {"id": "1d36742e3f24f50e4e7ae82801663095", "number": "7162723425", "date": "2021-01-21 09:58:00", "subject": "2", "recorded-or-robo": "Y", "city": "WILLIAMSVILLE", "state": "NY", "area-code": "716"}, {"id": "e81c9350d54f66c6d33b3747eed13c13", "number": "9733608626", "date": "2021-01-18 12:39:00", "subject": "3", "recorded-or-robo": "", "city": "", "state": "NJ", "area-code": "973"}, {"id": "1d36742e3f24f50e4e7ae82801662d3e", "number": "9733608626", "date": "2021-01-18 12:39:00", "subject": "3", "recorded-or-robo": "", "city": "", "state": "NJ", "area-code": "973"}, {"id": "e81c9350d54f66c6d33b3747eed135dc", "number": "7622075150", "date": "2021-01-22 15:19:00", "subject": "3", "recorded-or-robo": "Y", "city": "", "state": "NY", "area-code": "718"}, {"id": "1d36742e3f24f50e4e7ae82801661e62", "number": "7622075150", "date": "2021-01-22 15:19:00", "subject": "3", "recorded-or-robo": "Y", "city": "", "state": "NY", "area-code": "718"}, {"id": "e81c9350d54f66c6d33b3747eed133e5", "number": "2512779988", "date": "2021-01-21 16:12:00", "subject": "5", "recorded-or-robo": "Y", "city": "", "state": "AL", "area-code": "251"}, {"id": "1d36742e3f24f50e4e7ae828016616e8", "number": "2512779988", "date": "2021-01-21 16:12:00", "subject": "5", "recorded-or-robo": "Y", "city": "", "state": "AL", "area-code": "251"}, {"id": "e81c9350d54f66c6d33b3747eed1243a", "number": "7086079862", "date": "2021-01-22 09:45:00", "subject": "0", "recorded-or-robo": "Y", "city": "Orland Park", "state": "IL", "area-code": "708"}, {"id": "1d36742e3f24f50e4e7ae82801660b8c", "number": "7086079862", "date": "2021-01-22 09:45:00", "subject": "0", "recorded-or-robo": "Y", "city": "Orland Park", "state": "IL", "area-code": "708"}, {"id": "e81c9350d54f66c6d33b3747eed116ad", "number": "9735489986", "date": "2021-01-18 16:04:00", "subject": "3", "recorded-or-robo": "", "city": "", "state": "NJ", "area-code": "973"}, {"id": "1d36742e3f24f50e4e7ae8280166038a", "number": "9735489986", "date": "2021-01-18 16:04:00", "subject": "3", "recorded-or-robo": "", "city": "", "state": "NJ", "area-code": "973"}, {"id": "e81c9350d54f66c6d33b3747eed11264", "number": "6576570541", "date": "2021-01-20 11:18:00", "subject": "6", "recorded-or-robo": "Y", "city": "", "state": "AL", "area-code": "251"}]}