{"data": [{"id": "1d36742e3f24f50e4e7ae8280158c021", "number": "2819844424", "date": "2021-01-22 23:41:06", "subject": "3", "recorded-or-robo": "Y", "city": "", "state": "FL", "area-code": "727"}, {"id": "e81c9350d54f66c6d33b3747eec362aa", "number": "2819844424", "date": "2021-01-22 23:41:05", "subject": "3", "recorded-or-robo": "Y", "city": "", "state": "FL", "area-code": "727"}, {"id": "1d36742e3f24f50e4e7ae8280158c3c9", "number": "2819844424", "date": "2021-01-22 23:41:05", "subject": "3", "recorded-or-robo": "Y", "city": "", "state": "FL", "area-code": "727"}, {"id": "e81c9350d54f66c6d33b3747eec3139c", "number": "5029042415", "date": "2021-01-22 23:41:00", "subject": "3", "recorded-or-robo": "Y", "city": "", "state": "KY", "area-code": "502"}, {"id": "1d36742e3f24f50e4e7ae828015880f0", "number": "5029042415", "date": "2021-01-22 23:41:00", "subject": "3", "recorded-or-robo": "Y", "city": "", "state": "KY", "area-code": "502"}, {"id": "e81c9350d54f66c6d33b3747ee98d954", "number": "8645762443", "date": "2021-01-19 13:02:00", "subject": "0", "recorded-or-robo": "Y", "city": "Moore", "state": "SC", "area-code": "864"}, {"id": "1d36742e3f24f50e4e7ae828012e1728", "number": "8645762443", "date": "2021-01-19 13:02:00", "subject": "0", "recorded-or-robo": "Y", "city": "Moore", "state": "SC", "area-code": "864"}, {"id": "e81c9350d54f66c6d33b3747ee98d4cc", "number": "6816624012", "date": "2021-01-20 12:00:00", "subject": "2", "recorded-or-robo": "N", "city": "", "state": "CA", "area-code": "323"}, {"id": "1d36742e3f24f50e4e7ae828012e1511", "number": "6816624012", "date": "2021-01-20 12:00:00", "subject": "2", "recorded-or-robo": "N", "city": "", "state": "CA", "area-code": "323"}, {"id": "e81c9350d54f66c6d33b3747eec2f145", "number": "7579449614", "date": "2021-01-22 23:40:33", "subject": "3", "recorded-or-robo": "Y", "city": "", "state": "VA", "area-code": "757"}, {"id": "1d36742e3f24f50e4e7ae82801583d80", "number": "7579449614", "date": "2021-01-22 23:40:33", "subject": "3", "recorded-or-robo": "Y", "city": "", "state": "VA", "area-code": "757"}, {"id": "e81c9350d54f66c6d33b3747eec2eb32", "number": "4697783907", "date": "2021-01-22 23:40:05", "subject": "3", "recorded-or-robo": "Y", "city": "", "state": "VA", "area-code": "757"}, {"id": "1d36742e3f24f50e4e7ae82801582c97", "number": "4697783907", "date": "2021-01-22 23:40:05", "subject": "3", "recorded-or-robo": "Y", "city": "", "state": "VA", "area-code": "757"}, {"id": "e81c9350d54f66c6d33b3747ee98d0ed", "number": "2056095390", "date": "2021-01-21 14:58:00", "subject": "2", "recorded-or-robo": "Y", "city": "Sterrett", "state": "AL", "area-code": "205"}, {"id": "1d36742e3f24f50e4e7ae828012e0ad7", "number": "2056095390", "date": "2021-01-21 14:58:00", "subject": "2", "recorded-or-robo": "Y", "city": "Sterrett", "state": "AL", "area-code": "205"}, {"id": "e81c9350d54f66c6d33b3747eec34a0d", "number": "2394530847", "date": "2021-01-22 23:39:33", "subject": "3", "recorded-or-robo": "Y", "city": "", "state": "FL", "area-code": "239"}, {"id": "1d36742e3f24f50e4e7ae8280158b179", "number": "2394530847", "date": "2021-01-22 23:39:33", "subject": "3", "recorded-or-robo": "Y", "city": "", "state": "FL", "area-code": "239"}, {"id": "e81c9350d54f66c6d33b3747ee98c7bb", "number": "8645761128", "date": "2021-01-19 13:31:00", "subject": "0", "recorded-or-robo": "Y", "city": "Moore", "state": "SC", "area-code": "864"}, {"id": "1d36742e3f24f50e4e7ae828012dffce", "number": "8645761128", "date": "2021-01-19 13:31:00", "subject": "0", "recorded-or-robo": "Y", "city": "Moore", "state": "SC", "area-code": "864"}, {"id": "e81c9350d54f66c6d33b3747eec2ec99", "number": "9132709012", "date": "2021-01-22 23:39:10", "subject": "3", "recorded-or-robo": "Y", "city": "", "state": "FL", "area-code": "239"}, {"id": "1d36742e3f24f50e4e7ae82801582e33", "number": "9132709012", "date": "2021-01-22 23:39:10", "subject": "3", "recorded-or-robo": "Y", "city": "", "state": "FL", "area-code": "239"}, {"id": "e81c9350d54f66c6d33b3747ee98c027", "number": "8148598020", "date": "2021-01-21 16:47:00", "subject": "2", "recorded-or-robo": "Y", "city": "Philadelphia", "state": "PA", "area-code": "215"}, {"id": "1d36742e3f24f50e4e7ae828012df2ab", "number": "8148598020", "date": "2021-01-21 16:47:00", "subject": "2", "recorded-or-robo": "Y", "city": "Philadelphia", "state": "PA", "area-code": "215"}, {"id": "e81c9350d54f66c6d33b3747eec32f8b", "number": "2392636222", "date": "2021-01-22 23:38:57", "subject": "3", "recorded-or-robo": "Y", "city": "", "state": "FL", "area-code": "239"}, {"id": "1d36742e3f24f50e4e7ae828015895e9", "number": "2392636222", "date": "2021-01-22 23:38:57", "subject": "3", "recorded-or-robo": "Y", "city": "", "state": "FL", "area-code": "239"}, {"id": "e81c9350d54f66c6d33b3747eec3387d", "number": "2392636222", "date": "2021-01-22 23:38:56", "subject": "3", "recorded-or-robo": "Y", "city": "", "state": "FL", "area-code": "239"}, {"id": "1d36742e3f24f50e4e7ae8280158a394", "number": "2392636222", "date": "2021-01-22 23:38:56", "subject": "3", "recorded-or-robo": "Y", "city": "", "state": "FL", "area-code": "239"}, {"id": "e81c9350d54f66c6d33b3747ee98b285", "number": "2056095390", "date": "2021-01-21 09:14:00", "subject": "2", "recorded-or-robo": "Y", "city": "Sterrett", "state": "AL", "area-code": "205"}, {"id": "1d36742e3f24f50e4e7ae828012deafa", "number": "2056095390", "date": "2021-01-21 09:14:00", "subject": "2", "recorded-or-robo": "Y", "city": "Sterrett", "state": "AL", "area-code": "205"}, {"id": "e81c9350d54f66c6d33b3747eec30445", "number": "2392636222", "date": "2021-01-22 23:38:46", "subject": "3", "recorded-or-robo": "Y", "city": "", "state": "FL", "area-code": "239"}, {"id": "1d36742e3f24f50e4e7ae82801585dee", "number": "2392636222", "date": "2021-01-22 23:38:46", "subject": "3", "recorded-or-robo": "Y", "city": "", "state": "FL", "area-code": "239"}, {"id": "e81c9350d54f66c6d33b3747ee98b01d", "number": "6627487591", "date": "2021-01-22 09:12:00", "subject": "0", "recorded-or-robo": "Y", "city": "Louisville", "state": "MS", "area-code": "662"}, {"id": "1d36742e3f24f50e4e7ae828012dead6", "number": "6627487591", "date": "2021-01-22 09:12:00", "subject": "0", "recorded-or-robo": "Y", "city": "Louisville", "state": "MS", "area-code": "662"}, {"id": "e81c9350d54f66c6d33b3747eec31cbc", "number": "7868718910", "date": "2021-01-22 23:38:13", "subject": "3", "recorded-or-robo": "Y", "city": "", "state": "FL", "area-code": "954"}, {"id": "1d36742e3f24f50e4e7ae82801588827", "number": "7868718910", "date": "2021-01-22 23:38:13", "subject": "3", "recorded-or-robo": "Y", "city": "", "state": "FL", "area-code": "954"}, {"id": "e81c9350d54f66c6d33b3747ee98aaf9", "number": "7014603922", "date": "2021-01-22 09:42:00", "subject": "2", "recorded-or-robo": "Y", "city": "Garrison", "state": "ND", "area-code": "701"}, {"id": "1d36742e3f24f50e4e7ae828012dddb9", "number": "7014603922", "date": "2021-01-22 09:42:00", "subject": "2", "recorded-or-robo": "Y", "city": "Garrison", "state": "ND", "area-code": "701"}, {"id": "e81c9350d54f66c6d33b3747ee98a248", "number": "2158793200", "date": "2021-01-22 13:27:00", "subject": "2", "recorded-or-robo": "Y", "city": "Philadelphia", "state": "PA", "area-code": "215"}, {"id": "1d36742e3f24f50e4e7ae828012dd6e7", "number": "2158793200", "date": "2021-01-22 13:27:00", "subject": "2", "recorded-or-robo": "Y", "city": "Philadelphia", "state": "PA", "area-code": "215"}, {"id": "e81c9350d54f66c6d33b3747eec3056a", "number": "+18772680895", "date": "2021-01-22 23:37:40", "subject": "3", "recorded-or-robo": "N", "city": "", "state": "CA", "area-code": "310"}, {"id": "e81c9350d54f66c6d33b3747ee989f3d", "number": "8035009594", "date": "2021-01-20 09:46:00", "subject": "0", "recorded-or-robo": "Y", "city": "Moore", "state": "SC", "area-code": "864"}, {"id": "1d36742e3f24f50e4e7ae82801586af7", "number": "+18772680895", "date": "2021-01-22 23:37:40", "subject": "3", "recorded-or-robo": "N", "city": "", "state": "CA", "area-code": "310"}, {"id": "1d36742e3f24f50e4e7ae828012dcf32", "number": "8035009594", "date": "2021-01-20 09:46:00", "subject": "0", "recorded-or-robo": "Y", "city": "Moore", "state": "SC", "area-code": "864"}, {"id": "e81c9350d54f66c6d33b3747ee989722", "number": "6624595332", "date": "2021-01-22 11:29:00", "subject": "0", "recorded-or-robo": "Y", "city": "Louisville", "state": "MS", "area-code": "662"}, {"id": "1d36742e3f24f50e4e7ae828012dc90d", "number": "6624595332", "date": "2021-01-22 11:29:00", "subject": "0", "recorded-or-robo": "Y", "city": "Louisville", "state": "MS", "area-code": "662"}, {"id": "e81c9350d54f66c6d33b3747ee988779", "number": "2053033954", "date": "2021-01-22 09:29:00", "subject": "2", "recorded-or-robo": "Y", "city": "Sterrett", "state": "AL", "area-code": "205"}, {"id": "1d36742e3f24f50e4e7ae828012dc50c", "number": "2053033954", "date": "2021-01-22 09:29:00", "subject": "2", "recorded-or-robo": "Y", "city": "Sterrett", "state": "AL", "area-code": "205"}, {"id": "e81c9350d54f66c6d33b3747eec327a5", "number": "6612159446", "date": "2021-01-22 23:37:00", "subject": "3", "recorded-or-robo": "N", "city": "", "state": "CA", "area-code": "760"}, {"id": "1d36742e3f24f50e4e7ae82801588dc2", "number": "6612159446", "date": "2021-01-22 23:37:00", "subject": "3", "recorded-or-robo": "N", "city": "", "state": "CA", "area-code": "760"}, {"id": "e81c9350d54f66c6d33b3747ee9886b5", "number": "8644326347", "date": "2021-01-20 10:39:00", "subject": "0", "recorded-or-robo": "Y", "city": "Moore", "state": "SC", "area-code": "864"}]}