{"data": [{"id": "1d36742e3f24f50e4e7ae828015e888e", "number": "9292744780", "date": "2021-01-23 03:51:00", "subject": "0", "recorded-or-robo": "", "city": "South Elgin", "state": "IL", "area-code": "929"}, {"id": "3decc6bfadaa436a105714c6ba53f7de", "number": "+17249018602", "date": "2021-01-23 05:23:30", "subject": "3", "recorded-or-robo": "Y", "city": "", "state": "PA", "area-code": "724"}, {"id": "1d36742e3f24f50e4e7ae82801ea0594", "number": "+17249018602", "date": "2021-01-23 05:23:30", "subject": "3", "recorded-or-robo": "Y", "city": "", "state": "PA", "area-code": "724"}, {"id": "e81c9350d54f66c6d33b3747eec944ca", "number": "8663201474", "date": "2021-01-21 15:41:00", "subject": "3", "recorded-or-robo": "Y", "city": "", "state": "TX", "area-code": "281"}, {"id": "1d36742e3f24f50e4e7ae828015e816f", "number": "8663201474", "date": "2021-01-21 15:41:00", "subject": "3", "recorded-or-robo": "Y", "city": "", "state": "TX", "area-code": "281"}, {"id": "e81c9350d54f66c6d33b3747eec93f2f", "number": "8663201474", "date": "2021-01-21 09:00:00", "subject": "3", "recorded-or-robo": "Y", "city": "", "state": "TX", "area-code": "281"}, {"id": "1d36742e3f24f50e4e7ae828015e7738", "number": "8663201474", "date": "2021-01-21 09:00:00", "subject": "3", "recorded-or-robo": "Y", "city": "", "state": "TX", "area-code": "281"}, {"id": "e81c9350d54f66c6d33b3747eec9336d", "number": "9782513833", "date": "2021-01-23 03:51:00", "subject": "2", "recorded-or-robo": "Y", "city": "N.Chelmsford", "state": "MA", "area-code": "978"}, {"id": "1d36742e3f24f50e4e7ae828015e7295", "number": "9782513833", "date": "2021-01-23 03:51:00", "subject": "2", "recorded-or-robo": "Y", "city": "N.Chelmsford", "state": "MA", "area-code": "978"}, {"id": "e81c9350d54f66c6d33b3747eec92ee3", "number": "8663201474", "date": "2021-01-14 10:17:00", "subject": "3", "recorded-or-robo": "Y", "city": "", "state": "TX", "area-code": "281"}, {"id": "1d36742e3f24f50e4e7ae828015e728f", "number": "8663201474", "date": "2021-01-14 10:17:00", "subject": "3", "recorded-or-robo": "Y", "city": "", "state": "TX", "area-code": "281"}, {"id": "e81c9350d54f66c6d33b3747eec928ab", "number": "8663201474", "date": "2021-01-21 07:12:00", "subject": "3", "recorded-or-robo": "Y", "city": "", "state": "TX", "area-code": "281"}, {"id": "1d36742e3f24f50e4e7ae828015e65a4", "number": "8663201474", "date": "2021-01-21 07:12:00", "subject": "3", "recorded-or-robo": "Y", "city": "", "state": "TX", "area-code": "281"}, {"id": "e81c9350d54f66c6d33b3747eec92158", "number": "8663201474", "date": "2021-01-22 07:42:00", "subject": "3", "recorded-or-robo": "Y", "city": "", "state": "TX", "area-code": "281"}, {"id": "1d36742e3f24f50e4e7ae828015e5621", "number": "8663201474", "date": "2021-01-22 07:42:00", "subject": "3", "recorded-or-robo": "Y", "city": "", "state": "TX", "area-code": "281"}, {"id": "e81c9350d54f66c6d33b3747eec91f36", "number": "8663201474", "date": "2021-01-22 19:19:00", "subject": "3", "recorded-or-robo": "Y", "city": "", "state": "TX", "area-code": "281"}, {"id": "1d36742e3f24f50e4e7ae828015e4b47", "number": "8663201474", "date": "2021-01-22 19:19:00", "subject": "3", "recorded-or-robo": "Y", "city": "", "state": "TX", "area-code": "281"}, {"id": "e81c9350d54f66c6d33b3747eec91d6c", "number": "8605166742", "date": "2021-01-22 19:45:00", "subject": "0", "recorded-or-robo": "Y", "city": "west hartford", "state": "CT", "area-code": "860"}, {"id": "1d36742e3f24f50e4e7ae828015e4862", "number": "8605166742", "date": "2021-01-22 19:45:00", "subject": "0", "recorded-or-robo": "Y", "city": "west hartford", "state": "CT", "area-code": "860"}, {"id": "e81c9350d54f66c6d33b3747eec91c3b", "number": "8663201474", "date": "2021-01-22 08:12:00", "subject": "3", "recorded-or-robo": "Y", "city": "", "state": "TX", "area-code": "281"}, {"id": "1d36742e3f24f50e4e7ae828015e4227", "number": "8663201474", "date": "2021-01-22 08:12:00", "subject": "3", "recorded-or-robo": "Y", "city": "", "state": "TX", "area-code": "281"}, {"id": "e81c9350d54f66c6d33b3747eec912ef", "number": "8663201474", "date": "2021-01-22 08:04:00", "subject": "3", "recorded-or-robo": "Y", "city": "", "state": "TX", "area-code": "281"}, {"id": "1d36742e3f24f50e4e7ae828015e3b59", "number": "8663201474", "date": "2021-01-22 08:04:00", "subject": "3", "recorded-or-robo": "Y", "city": "", "state": "TX", "area-code": "281"}, {"id": "e81c9350d54f66c6d33b3747eec91232", "number": "8663201474", "date": "2021-01-22 06:35:00", "subject": "3", "recorded-or-robo": "Y", "city": "", "state": "TX", "area-code": "281"}, {"id": "1d36742e3f24f50e4e7ae828015e2ced", "number": "8663201474", "date": "2021-01-22 06:35:00", "subject": "3", "recorded-or-robo": "Y", "city": "", "state": "TX", "area-code": "281"}, {"id": "3decc6bfadaa436a105714c6ba53f31f", "number": "7542407557", "date": "2021-01-23 05:15:48", "subject": "3", "recorded-or-robo": "N", "city": "", "state": "FL", "area-code": "754"}, {"id": "1d36742e3f24f50e4e7ae82801e9fdd2", "number": "7542407557", "date": "2021-01-23 05:15:48", "subject": "3", "recorded-or-robo": "N", "city": "", "state": "FL", "area-code": "754"}, {"id": "e81c9350d54f66c6d33b3747eec9100d", "number": "4692700003", "date": "2021-01-22 09:52:00", "subject": "1", "recorded-or-robo": "Y", "city": "Cedar City", "state": "UT", "area-code": "435"}, {"id": "1d36742e3f24f50e4e7ae828015e2aba", "number": "4692700003", "date": "2021-01-22 09:52:00", "subject": "1", "recorded-or-robo": "Y", "city": "Cedar City", "state": "UT", "area-code": "435"}, {"id": "e81c9350d54f66c6d33b3747eec90bc0", "number": "9409990977", "date": "2021-01-13 16:40:00", "subject": "4", "recorded-or-robo": "Y", "city": "MECHANICSBURG", "state": "PA", "area-code": "940"}, {"id": "1d36742e3f24f50e4e7ae828015e25b9", "number": "9409990977", "date": "2021-01-13 16:40:00", "subject": "4", "recorded-or-robo": "Y", "city": "MECHANICSBURG", "state": "PA", "area-code": "940"}, {"id": "3decc6bfadaa436a105714c6ba53ed56", "number": "2563888467", "date": "2021-01-23 05:02:01", "subject": "3", "recorded-or-robo": "N", "city": "", "state": "GA", "area-code": "404"}, {"id": "1d36742e3f24f50e4e7ae82801e9f8e1", "number": "2563888467", "date": "2021-01-23 05:02:01", "subject": "3", "recorded-or-robo": "N", "city": "", "state": "GA", "area-code": "404"}, {"id": "e81c9350d54f66c6d33b3747eec90749", "number": "4025937107", "date": "2021-01-22 18:09:00", "subject": "2", "recorded-or-robo": "Y", "city": "Woodbridge", "state": "VA", "area-code": "703"}, {"id": "1d36742e3f24f50e4e7ae828015e1a2c", "number": "4025937107", "date": "2021-01-22 18:09:00", "subject": "2", "recorded-or-robo": "Y", "city": "Woodbridge", "state": "VA", "area-code": "703"}, {"id": "e81c9350d54f66c6d33b3747eec901a0", "number": "7403090033", "date": "2021-01-22 16:13:00", "subject": "2", "recorded-or-robo": "Y", "city": "Woodbridge", "state": "VA", "area-code": "703"}, {"id": "1d36742e3f24f50e4e7ae828015e1055", "number": "7403090033", "date": "2021-01-22 16:13:00", "subject": "2", "recorded-or-robo": "Y", "city": "Woodbridge", "state": "VA", "area-code": "703"}, {"id": "e81c9350d54f66c6d33b3747eec8f6e3", "number": "7578501714", "date": "2021-01-23 02:58:00", "subject": "3", "recorded-or-robo": "Y", "city": "", "state": "VA", "area-code": "757"}, {"id": "1d36742e3f24f50e4e7ae828015e0fa1", "number": "7578501714", "date": "2021-01-23 02:58:00", "subject": "3", "recorded-or-robo": "Y", "city": "", "state": "VA", "area-code": "757"}, {"id": "3decc6bfadaa436a105714c6ba53e0a2", "number": "+17872308689", "date": "2021-01-23 04:55:51", "subject": "3", "recorded-or-robo": "Y", "city": "", "state": "CA", "area-code": "916"}, {"id": "1d36742e3f24f50e4e7ae82801e9ed10", "number": "+17872308689", "date": "2021-01-23 04:55:51", "subject": "3", "recorded-or-robo": "Y", "city": "", "state": "CA", "area-code": "916"}, {"id": "3decc6bfadaa436a105714c6ba53de77", "number": "+17153333034", "date": "2021-01-23 04:54:34", "subject": "3", "recorded-or-robo": "Y", "city": "", "state": "MO", "area-code": "816"}, {"id": "1d36742e3f24f50e4e7ae82801e9eaa5", "number": "+17153333034", "date": "2021-01-23 04:54:34", "subject": "3", "recorded-or-robo": "Y", "city": "", "state": "MO", "area-code": "816"}, {"id": "e81c9350d54f66c6d33b3747eec8f017", "number": "2058751305", "date": "2021-01-23 00:00:00", "subject": "2", "recorded-or-robo": "N", "city": "Stevenson", "state": "WA", "area-code": "509"}, {"id": "1d36742e3f24f50e4e7ae828015e0a1c", "number": "2058751305", "date": "2021-01-23 00:00:00", "subject": "2", "recorded-or-robo": "N", "city": "Stevenson", "state": "WA", "area-code": "509"}, {"id": "3decc6bfadaa436a105714c6ba53d556", "number": "+18179343151", "date": "2021-01-23 04:54:11", "subject": "3", "recorded-or-robo": "Y", "city": "", "state": "TX", "area-code": "682"}, {"id": "1d36742e3f24f50e4e7ae82801e9e452", "number": "+18179343151", "date": "2021-01-23 04:54:11", "subject": "3", "recorded-or-robo": "Y", "city": "", "state": "TX", "area-code": "682"}, {"id": "3decc6bfadaa436a105714c6ba53c847", "number": "+16616096782", "date": "2021-01-23 04:53:51", "subject": "3", "recorded-or-robo": "N", "city": "", "state": "CA", "area-code": "661"}, {"id": "1d36742e3f24f50e4e7ae82801e9e153", "number": "+16616096782", "date": "2021-01-23 04:53:51", "subject": "3", "recorded-or-robo": "N", "city": "", "state": "CA", "area-code": "661"}, {"id": "3decc6bfadaa436a105714c6ba53c4a2", "number": "+17279441361", "date": "2021-01-23 04:46:38", "subject": "3", "recorded-or-robo": "Y", "city": "", "state": "FL", "area-code": "727"}]}