{"data": [{"id": "1d36742e3f24f50e4e7ae828015f78d4", "number": "8028783462", "date": "2021-01-23 06:06:00", "subject": "3", "recorded-or-robo": "Y", "city": "", "state": "VT", "area-code": "802"}, {"id": "e81c9350d54f66c6d33b3747eeca3f68", "number": "5594318690", "date": "2021-01-22 13:01:00", "subject": "2", "recorded-or-robo": "", "city": "STAUNTON", "state": "VA", "area-code": "540"}, {"id": "1d36742e3f24f50e4e7ae828015f6f06", "number": "5594318690", "date": "2021-01-22 13:01:00", "subject": "2", "recorded-or-robo": "", "city": "STAUNTON", "state": "VA", "area-code": "540"}, {"id": "e81c9350d54f66c6d33b3747eeca3d61", "number": "2074920066", "date": "2021-01-19 10:12:00", "subject": "4", "recorded-or-robo": "Y", "city": "Lincolnville", "state": "ME", "area-code": "207"}, {"id": "1d36742e3f24f50e4e7ae828015f60fc", "number": "2074920066", "date": "2021-01-19 10:12:00", "subject": "4", "recorded-or-robo": "Y", "city": "Lincolnville", "state": "ME", "area-code": "207"}, {"id": "e81c9350d54f66c6d33b3747eeca38a9", "number": "7818278154", "date": "2021-01-22 13:45:00", "subject": "4", "recorded-or-robo": "Y", "city": "", "state": "MA", "area-code": "781"}, {"id": "1d36742e3f24f50e4e7ae828015f5cf4", "number": "7818278154", "date": "2021-01-22 13:45:00", "subject": "4", "recorded-or-robo": "Y", "city": "", "state": "MA", "area-code": "781"}, {"id": "e81c9350d54f66c6d33b3747eeca2fdc", "number": "9547159938", "date": "2021-01-22 16:07:00", "subject": "0", "recorded-or-robo": "Y", "city": "CYPRESS", "state": "TX", "area-code": "281"}, {"id": "1d36742e3f24f50e4e7ae828015f55d6", "number": "9547159938", "date": "2021-01-22 16:07:00", "subject": "0", "recorded-or-robo": "Y", "city": "CYPRESS", "state": "TX", "area-code": "281"}, {"id": "3decc6bfadaa436a105714c6ba5462a5", "number": "+14154048430", "date": "2021-01-23 06:29:44", "subject": "3", "recorded-or-robo": "N", "city": "", "state": "CA", "area-code": "626"}, {"id": "1d36742e3f24f50e4e7ae82801ea723b", "number": "+14154048430", "date": "2021-01-23 06:29:44", "subject": "3", "recorded-or-robo": "N", "city": "", "state": "CA", "area-code": "626"}, {"id": "e81c9350d54f66c6d33b3747eeca2091", "number": "9795807220", "date": "2021-01-22 15:07:00", "subject": "0", "recorded-or-robo": "Y", "city": "CYPRESS", "state": "TX", "area-code": "281"}, {"id": "1d36742e3f24f50e4e7ae828015f4726", "number": "9795807220", "date": "2021-01-22 15:07:00", "subject": "0", "recorded-or-robo": "Y", "city": "CYPRESS", "state": "TX", "area-code": "281"}, {"id": "e81c9350d54f66c6d33b3747eeca17f6", "number": "6179585000", "date": "2021-01-20 11:00:00", "subject": "2", "recorded-or-robo": "N", "city": "", "state": "MA", "area-code": "781"}, {"id": "1d36742e3f24f50e4e7ae828015f3929", "number": "6179585000", "date": "2021-01-20 11:00:00", "subject": "2", "recorded-or-robo": "N", "city": "", "state": "MA", "area-code": "781"}, {"id": "3decc6bfadaa436a105714c6ba5466b4", "number": "+13102285145", "date": "2021-01-23 06:27:13", "subject": "3", "recorded-or-robo": "Y", "city": "", "state": "CA", "area-code": "310"}, {"id": "1d36742e3f24f50e4e7ae82801ea7f8a", "number": "+13102285145", "date": "2021-01-23 06:27:13", "subject": "3", "recorded-or-robo": "Y", "city": "", "state": "CA", "area-code": "310"}, {"id": "3decc6bfadaa436a105714c6ba54604b", "number": "+13106836053", "date": "2021-01-23 06:27:02", "subject": "3", "recorded-or-robo": "Y", "city": "", "state": "CA", "area-code": "310"}, {"id": "1d36742e3f24f50e4e7ae82801ea6931", "number": "+13106836053", "date": "2021-01-23 06:27:02", "subject": "3", "recorded-or-robo": "Y", "city": "", "state": "CA", "area-code": "310"}, {"id": "3decc6bfadaa436a105714c6ba54523a", "number": "+13102370400", "date": "2021-01-23 06:26:47", "subject": "3", "recorded-or-robo": "Y", "city": "", "state": "CA", "area-code": "310"}, {"id": "1d36742e3f24f50e4e7ae82801ea68b7", "number": "+13102370400", "date": "2021-01-23 06:26:47", "subject": "3", "recorded-or-robo": "Y", "city": "", "state": "CA", "area-code": "310"}, {"id": "3decc6bfadaa436a105714c6ba547585", "number": "+13102370003", "date": "2021-01-23 06:26:34", "subject": "3", "recorded-or-robo": "Y", "city": "", "state": "CA", "area-code": "310"}, {"id": "1d36742e3f24f50e4e7ae82801ea8cd6", "number": "+13102370003", "date": "2021-01-23 06:26:34", "subject": "3", "recorded-or-robo": "Y", "city": "", "state": "CA", "area-code": "310"}, {"id": "e81c9350d54f66c6d33b3747eeca15ec", "number": "9034026547", "date": "2021-01-23 04:07:00", "subject": "0", "recorded-or-robo": "N", "city": "Lakeland", "state": "TN", "area-code": "901"}, {"id": "1d36742e3f24f50e4e7ae828015f31c7", "number": "9034026547", "date": "2021-01-23 04:07:00", "subject": "0", "recorded-or-robo": "N", "city": "Lakeland", "state": "TN", "area-code": "901"}, {"id": "3decc6bfadaa436a105714c6ba5451bf", "number": "3524439526", "date": "2021-01-23 06:22:32", "subject": "3", "recorded-or-robo": "Y", "city": "", "state": "FL", "area-code": "352"}, {"id": "1d36742e3f24f50e4e7ae82801ea5de1", "number": "3524439526", "date": "2021-01-23 06:22:32", "subject": "3", "recorded-or-robo": "Y", "city": "", "state": "FL", "area-code": "352"}, {"id": "3decc6bfadaa436a105714c6ba544ac1", "number": "+12084437956", "date": "2021-01-23 06:19:20", "subject": "3", "recorded-or-robo": "Y", "city": "", "state": "ID", "area-code": "208"}, {"id": "1d36742e3f24f50e4e7ae82801ea52ce", "number": "+12084437956", "date": "2021-01-23 06:19:20", "subject": "3", "recorded-or-robo": "Y", "city": "", "state": "ID", "area-code": "208"}, {"id": "3decc6bfadaa436a105714c6ba543c69", "number": "+17032265661", "date": "2021-01-23 06:14:21", "subject": "3", "recorded-or-robo": "N", "city": "", "state": "VA", "area-code": "703"}, {"id": "1d36742e3f24f50e4e7ae82801ea4ebd", "number": "+17032265661", "date": "2021-01-23 06:14:21", "subject": "3", "recorded-or-robo": "N", "city": "", "state": "VA", "area-code": "703"}, {"id": "3decc6bfadaa436a105714c6ba5440f3", "number": "+17032267099", "date": "2021-01-23 06:13:51", "subject": "3", "recorded-or-robo": "Y", "city": "", "state": "VA", "area-code": "703"}, {"id": "1d36742e3f24f50e4e7ae82801ea4eef", "number": "+17032267099", "date": "2021-01-23 06:13:51", "subject": "3", "recorded-or-robo": "Y", "city": "", "state": "VA", "area-code": "703"}, {"id": "e81c9350d54f66c6d33b3747eeca1399", "number": "69084385", "date": "2021-01-23 05:03:00", "subject": "2", "recorded-or-robo": "Y", "city": "San antonio", "state": "TX", "area-code": "469"}, {"id": "1d36742e3f24f50e4e7ae828015f3126", "number": "69084385", "date": "2021-01-23 05:03:00", "subject": "2", "recorded-or-robo": "Y", "city": "San antonio", "state": "TX", "area-code": "469"}, {"id": "e81c9350d54f66c6d33b3747eeca126a", "number": "3058595386", "date": "2021-01-22 17:51:00", "subject": "3", "recorded-or-robo": "Y", "city": "", "state": "FL", "area-code": "305"}, {"id": "1d36742e3f24f50e4e7ae828015f2936", "number": "3058595386", "date": "2021-01-22 17:51:00", "subject": "3", "recorded-or-robo": "Y", "city": "", "state": "FL", "area-code": "305"}, {"id": "e81c9350d54f66c6d33b3747eeca045f", "number": "8603559556", "date": "2021-01-23 05:35:00", "subject": "1", "recorded-or-robo": "Y", "city": "Roxbury", "state": "CT", "area-code": "860"}, {"id": "1d36742e3f24f50e4e7ae828015f211f", "number": "8603559556", "date": "2021-01-23 05:35:00", "subject": "1", "recorded-or-robo": "Y", "city": "Roxbury", "state": "CT", "area-code": "860"}, {"id": "e81c9350d54f66c6d33b3747eeca0096", "number": "6032886092", "date": "2021-01-22 19:12:00", "subject": "4", "recorded-or-robo": "Y", "city": "Dover", "state": "NH", "area-code": "603"}, {"id": "1d36742e3f24f50e4e7ae828015f1bcd", "number": "6032886092", "date": "2021-01-22 19:12:00", "subject": "4", "recorded-or-robo": "Y", "city": "Dover", "state": "NH", "area-code": "603"}, {"id": "3decc6bfadaa436a105714c6ba543997", "number": "+19565863974", "date": "2021-01-23 06:00:45", "subject": "3", "recorded-or-robo": "N", "city": "", "state": "TX", "area-code": "956"}, {"id": "1d36742e3f24f50e4e7ae82801ea476e", "number": "+19565863974", "date": "2021-01-23 06:00:45", "subject": "3", "recorded-or-robo": "N", "city": "", "state": "TX", "area-code": "956"}, {"id": "e81c9350d54f66c6d33b3747eec9f2f2", "number": "3306805054", "date": "2021-01-22 12:14:00", "subject": "2", "recorded-or-robo": "Y", "city": "", "state": "OH", "area-code": "614"}, {"id": "1d36742e3f24f50e4e7ae828015f1a58", "number": "3306805054", "date": "2021-01-22 12:14:00", "subject": "2", "recorded-or-robo": "Y", "city": "", "state": "OH", "area-code": "614"}, {"id": "e81c9350d54f66c6d33b3747eec9f01b", "number": "6143632695", "date": "2021-01-22 10:33:00", "subject": "2", "recorded-or-robo": "Y", "city": "", "state": "OH", "area-code": "614"}, {"id": "1d36742e3f24f50e4e7ae828015f0f40", "number": "6143632695", "date": "2021-01-22 10:33:00", "subject": "2", "recorded-or-robo": "Y", "city": "", "state": "OH", "area-code": "614"}, {"id": "e81c9350d54f66c6d33b3747eec9e578", "number": "4195134484", "date": "2021-01-22 10:10:00", "subject": "2", "recorded-or-robo": "Y", "city": "", "state": "OH", "area-code": "614"}, {"id": "1d36742e3f24f50e4e7ae828015f0f37", "number": "4195134484", "date": "2021-01-22 10:10:00", "subject": "2", "recorded-or-robo": "Y", "city": "", "state": "OH", "area-code": "614"}, {"id": "e81c9350d54f66c6d33b3747eec9d768", "number": "3306805054", "date": "2021-01-21 17:44:00", "subject": "2", "recorded-or-robo": "Y", "city": "", "state": "OH", "area-code": "614"}]}