{"data": [{"id": "1d36742e3f24f50e4e7ae828013b39ba", "number": "8594793932", "date": "2021-01-22 19:37:57", "subject": "3", "recorded-or-robo": "Y", "city": "", "state": "KY", "area-code": "859"}, {"id": "e81c9350d54f66c6d33b3747ee72a0b2", "number": "7085430584", "date": "2021-01-21 17:34:00", "subject": "0", "recorded-or-robo": "", "city": "Monee", "state": "IL", "area-code": "708"}, {"id": "1d36742e3f24f50e4e7ae8280107b5ca", "number": "7085430584", "date": "2021-01-21 17:34:00", "subject": "0", "recorded-or-robo": "", "city": "Monee", "state": "IL", "area-code": "708"}, {"id": "e81c9350d54f66c6d33b3747eea6243d", "number": "+15053752446", "date": "2021-01-22 19:37:53", "subject": "3", "recorded-or-robo": "Y", "city": "", "state": "NM", "area-code": "505"}, {"id": "1d36742e3f24f50e4e7ae828013b0b0b", "number": "+15053752446", "date": "2021-01-22 19:37:53", "subject": "3", "recorded-or-robo": "Y", "city": "", "state": "NM", "area-code": "505"}, {"id": "e81c9350d54f66c6d33b3747ee72923e", "number": "5126016224", "date": "2021-01-22 17:49:00", "subject": "0", "recorded-or-robo": "N", "city": "Round Rock", "state": "TX", "area-code": "512"}, {"id": "1d36742e3f24f50e4e7ae8280107b430", "number": "5126016224", "date": "2021-01-22 17:49:00", "subject": "0", "recorded-or-robo": "N", "city": "Round Rock", "state": "TX", "area-code": "512"}, {"id": "e81c9350d54f66c6d33b3747eea62c48", "number": "+12703357105", "date": "2021-01-22 19:37:47", "subject": "3", "recorded-or-robo": "Y", "city": "", "state": "KY", "area-code": "270"}, {"id": "e81c9350d54f66c6d33b3747ee729069", "number": "6167104681", "date": "2021-01-18 10:03:00", "subject": "0", "recorded-or-robo": "N", "city": "", "state": "MI", "area-code": "616"}, {"id": "1d36742e3f24f50e4e7ae828013b0d29", "number": "+12703357105", "date": "2021-01-22 19:37:47", "subject": "3", "recorded-or-robo": "Y", "city": "", "state": "KY", "area-code": "270"}, {"id": "1d36742e3f24f50e4e7ae8280107a8c5", "number": "6167104681", "date": "2021-01-18 10:03:00", "subject": "0", "recorded-or-robo": "N", "city": "", "state": "MI", "area-code": "616"}, {"id": "e81c9350d54f66c6d33b3747eea65f80", "number": "2892323407", "date": "2021-01-22 19:37:42", "subject": "3", "recorded-or-robo": "Y", "city": "", "state": "KY", "area-code": "859"}, {"id": "1d36742e3f24f50e4e7ae828013b44b5", "number": "2892323407", "date": "2021-01-22 19:37:42", "subject": "3", "recorded-or-robo": "Y", "city": "", "state": "KY", "area-code": "859"}, {"id": "e81c9350d54f66c6d33b3747eea5eb02", "number": "+15104621031", "date": "2021-01-22 19:37:41", "subject": "3", "recorded-or-robo": "Y", "city": "", "state": "CA", "area-code": "559"}, {"id": "1d36742e3f24f50e4e7ae828013acf5a", "number": "+15104621031", "date": "2021-01-22 19:37:41", "subject": "3", "recorded-or-robo": "Y", "city": "", "state": "CA", "area-code": "559"}, {"id": "e81c9350d54f66c6d33b3747ee72827b", "number": "5867792112", "date": "2021-01-22 11:52:00", "subject": "3", "recorded-or-robo": "Y", "city": "", "state": "MI", "area-code": "586"}, {"id": "e81c9350d54f66c6d33b3747ee7273bb", "number": "8018915872", "date": "2021-01-22 15:17:00", "subject": "2", "recorded-or-robo": "Y", "city": "Grantsville", "state": "UT", "area-code": "801"}, {"id": "1d36742e3f24f50e4e7ae82801079bd5", "number": "5867792112", "date": "2021-01-22 11:52:00", "subject": "3", "recorded-or-robo": "Y", "city": "", "state": "MI", "area-code": "586"}, {"id": "1d36742e3f24f50e4e7ae828010798ff", "number": "8018915872", "date": "2021-01-22 15:17:00", "subject": "2", "recorded-or-robo": "Y", "city": "Grantsville", "state": "UT", "area-code": "801"}, {"id": "e81c9350d54f66c6d33b3747eea5d1b8", "number": "+15052071778", "date": "2021-01-22 19:37:39", "subject": "3", "recorded-or-robo": "Y", "city": "", "state": "NM", "area-code": "505"}, {"id": "e81c9350d54f66c6d33b3747ee726412", "number": "7038444990", "date": "2021-01-21 12:36:00", "subject": "2", "recorded-or-robo": "N", "city": "", "state": "VA", "area-code": "703"}, {"id": "1d36742e3f24f50e4e7ae828013ab50e", "number": "+15052071778", "date": "2021-01-22 19:37:39", "subject": "3", "recorded-or-robo": "Y", "city": "", "state": "NM", "area-code": "505"}, {"id": "1d36742e3f24f50e4e7ae828010798e6", "number": "7038444990", "date": "2021-01-21 12:36:00", "subject": "2", "recorded-or-robo": "N", "city": "", "state": "VA", "area-code": "703"}, {"id": "e81c9350d54f66c6d33b3747ee725dac", "number": "5712006930", "date": "2020-10-08 11:51:00", "subject": "0", "recorded-or-robo": "Y", "city": "Manassas", "state": "VA", "area-code": "703"}, {"id": "1d36742e3f24f50e4e7ae8280107952e", "number": "5712006930", "date": "2020-10-08 11:51:00", "subject": "0", "recorded-or-robo": "Y", "city": "Manassas", "state": "VA", "area-code": "703"}, {"id": "e81c9350d54f66c6d33b3747ee724e08", "number": "3373888047", "date": "2021-01-19 12:00:00", "subject": "1", "recorded-or-robo": "Y", "city": "Moreno Valley", "state": "CA", "area-code": "805"}, {"id": "1d36742e3f24f50e4e7ae82801078569", "number": "3373888047", "date": "2021-01-19 12:00:00", "subject": "1", "recorded-or-robo": "Y", "city": "Moreno Valley", "state": "CA", "area-code": "805"}, {"id": "e81c9350d54f66c6d33b3747eea66e41", "number": "+12709366172", "date": "2021-01-22 19:37:30", "subject": "3", "recorded-or-robo": "Y", "city": "", "state": "KY", "area-code": "270"}, {"id": "1d36742e3f24f50e4e7ae828013b59fc", "number": "+12709366172", "date": "2021-01-22 19:37:30", "subject": "3", "recorded-or-robo": "Y", "city": "", "state": "KY", "area-code": "270"}, {"id": "e81c9350d54f66c6d33b3747ee723f37", "number": "3039514231", "date": "2021-01-22 14:00:00", "subject": "1", "recorded-or-robo": "Y", "city": "Ann Arbor", "state": "MI", "area-code": "734"}, {"id": "1d36742e3f24f50e4e7ae82801077df3", "number": "3039514231", "date": "2021-01-22 14:00:00", "subject": "1", "recorded-or-robo": "Y", "city": "Ann Arbor", "state": "MI", "area-code": "734"}, {"id": "e81c9350d54f66c6d33b3747ee723b3c", "number": "8442212339", "date": "2021-01-18 15:18:00", "subject": "2", "recorded-or-robo": "Y", "city": "", "state": "PA", "area-code": "814"}, {"id": "1d36742e3f24f50e4e7ae828010775fc", "number": "8442212339", "date": "2021-01-18 15:18:00", "subject": "2", "recorded-or-robo": "Y", "city": "", "state": "PA", "area-code": "814"}, {"id": "e81c9350d54f66c6d33b3747ee723291", "number": "6783001381", "date": "2021-01-22 15:00:00", "subject": "2", "recorded-or-robo": "Y", "city": "Harrisburg", "state": "GA", "area-code": "678"}, {"id": "e81c9350d54f66c6d33b3747ee723228", "number": "7652334124", "date": "2021-01-21 09:21:00", "subject": "0", "recorded-or-robo": "", "city": "Southampton", "state": "MA", "area-code": "413"}, {"id": "1d36742e3f24f50e4e7ae828010768a1", "number": "6783001381", "date": "2021-01-22 15:00:00", "subject": "2", "recorded-or-robo": "Y", "city": "Harrisburg", "state": "GA", "area-code": "678"}, {"id": "1d36742e3f24f50e4e7ae8280107683e", "number": "7652334124", "date": "2021-01-21 09:21:00", "subject": "0", "recorded-or-robo": "", "city": "Southampton", "state": "MA", "area-code": "413"}, {"id": "e81c9350d54f66c6d33b3747eea5fbbb", "number": "4692046800", "date": "2021-01-22 19:36:50", "subject": "3", "recorded-or-robo": "Y", "city": "", "state": "GA", "area-code": "404"}, {"id": "e81c9350d54f66c6d33b3747ee72278a", "number": "", "date": "2021-01-21 12:04:00", "subject": "1", "recorded-or-robo": "Y", "city": "san francisco", "state": "CA", "area-code": "415"}, {"id": "1d36742e3f24f50e4e7ae828013adadd", "number": "4692046800", "date": "2021-01-22 19:36:50", "subject": "3", "recorded-or-robo": "Y", "city": "", "state": "GA", "area-code": "404"}, {"id": "1d36742e3f24f50e4e7ae82801076707", "number": "", "date": "2021-01-21 12:04:00", "subject": "1", "recorded-or-robo": "Y", "city": "san francisco", "state": "CA", "area-code": "415"}, {"id": "e81c9350d54f66c6d33b3747ee722582", "number": "3362305618", "date": "2021-01-22 19:34:00", "subject": "7", "recorded-or-robo": "Y", "city": "Jamestown", "state": "NC", "area-code": "336"}, {"id": "1d36742e3f24f50e4e7ae8280107629e", "number": "3362305618", "date": "2021-01-22 19:34:00", "subject": "7", "recorded-or-robo": "Y", "city": "Jamestown", "state": "NC", "area-code": "336"}, {"id": "e81c9350d54f66c6d33b3747ee721ef7", "number": "37162792275", "date": "2020-10-11 00:00:00", "subject": "0", "recorded-or-robo": "Y", "city": "Manassas", "state": "VA", "area-code": "703"}, {"id": "1d36742e3f24f50e4e7ae82801075812", "number": "37162792275", "date": "2020-10-11 00:00:00", "subject": "0", "recorded-or-robo": "Y", "city": "Manassas", "state": "VA", "area-code": "703"}, {"id": "e81c9350d54f66c6d33b3747ee721044", "number": "1434505495", "date": "2021-01-22 00:00:00", "subject": "3", "recorded-or-robo": "", "city": "La Crosse", "state": "VA", "area-code": "434"}, {"id": "e81c9350d54f66c6d33b3747ee720421", "number": "3233447579", "date": "2021-01-22 16:30:00", "subject": "2", "recorded-or-robo": "Y", "city": "", "state": "CA", "area-code": "626"}, {"id": "1d36742e3f24f50e4e7ae8280107548e", "number": "1434505495", "date": "2021-01-22 00:00:00", "subject": "3", "recorded-or-robo": "", "city": "La Crosse", "state": "VA", "area-code": "434"}, {"id": "1d36742e3f24f50e4e7ae82801075247", "number": "3233447579", "date": "2021-01-22 16:30:00", "subject": "2", "recorded-or-robo": "Y", "city": "", "state": "CA", "area-code": "626"}, {"id": "e81c9350d54f66c6d33b3747eea6397b", "number": "+16264259424", "date": "2021-01-22 19:36:25", "subject": "3", "recorded-or-robo": "Y", "city": "", "state": "CA", "area-code": "626"}]}