{"data": [{"id": "1d36742e3f24f50e4e7ae8280142c355", "number": "9548761788", "date": "2021-01-21 07:12:00", "subject": "3", "recorded-or-robo": "Y", "city": "", "state": "WA", "area-code": "206"}, {"id": "3decc6bfadaa436a105714c6ba4f65fa", "number": "7149630915", "date": "2021-01-23 01:16:21", "subject": "3", "recorded-or-robo": "Y", "city": "", "state": "CA", "area-code": "714"}, {"id": "1d36742e3f24f50e4e7ae82801e5283f", "number": "7149630915", "date": "2021-01-23 01:16:21", "subject": "3", "recorded-or-robo": "Y", "city": "", "state": "CA", "area-code": "714"}, {"id": "3decc6bfadaa436a105714c6ba4f53fc", "number": "+17329365870", "date": "2021-01-23 01:15:01", "subject": "3", "recorded-or-robo": "Y", "city": "", "state": "NJ", "area-code": "732"}, {"id": "1d36742e3f24f50e4e7ae82801e52055", "number": "+17329365870", "date": "2021-01-23 01:15:01", "subject": "3", "recorded-or-robo": "Y", "city": "", "state": "NJ", "area-code": "732"}, {"id": "3decc6bfadaa436a105714c6ba4f7265", "number": "8884893585", "date": "2021-01-23 01:14:53", "subject": "3", "recorded-or-robo": "Y", "city": "", "state": "TN", "area-code": "731"}, {"id": "1d36742e3f24f50e4e7ae82801e5288c", "number": "8884893585", "date": "2021-01-23 01:14:53", "subject": "3", "recorded-or-robo": "Y", "city": "", "state": "TN", "area-code": "731"}, {"id": "e81c9350d54f66c6d33b3747ee9c358c", "number": "2814427903", "date": "2021-01-22 18:14:00", "subject": "7", "recorded-or-robo": "Y", "city": "Houston", "state": "TX", "area-code": "281"}, {"id": "1d36742e3f24f50e4e7ae828013175c4", "number": "2814427903", "date": "2021-01-22 18:14:00", "subject": "7", "recorded-or-robo": "Y", "city": "Houston", "state": "TX", "area-code": "281"}, {"id": "3decc6bfadaa436a105714c6ba4f5a41", "number": "+18104557905", "date": "2021-01-23 01:12:13", "subject": "3", "recorded-or-robo": "Y", "city": "", "state": "MI", "area-code": "734"}, {"id": "1d36742e3f24f50e4e7ae82801e520c0", "number": "+18104557905", "date": "2021-01-23 01:12:13", "subject": "3", "recorded-or-robo": "Y", "city": "", "state": "MI", "area-code": "734"}, {"id": "3decc6bfadaa436a105714c6ba4f75e6", "number": "+18158871507", "date": "2021-01-23 01:12:03", "subject": "3", "recorded-or-robo": "Y", "city": "", "state": "TX", "area-code": "915"}, {"id": "1d36742e3f24f50e4e7ae82801e533f3", "number": "+18158871507", "date": "2021-01-23 01:12:03", "subject": "3", "recorded-or-robo": "Y", "city": "", "state": "TX", "area-code": "915"}, {"id": "e81c9350d54f66c6d33b3747ee9c2cd6", "number": "2814921854", "date": "2021-01-22 16:51:00", "subject": "2", "recorded-or-robo": "N", "city": "Houston", "state": "TX", "area-code": "281"}, {"id": "1d36742e3f24f50e4e7ae82801316f98", "number": "2814921854", "date": "2021-01-22 16:51:00", "subject": "2", "recorded-or-robo": "N", "city": "Houston", "state": "TX", "area-code": "281"}, {"id": "e81c9350d54f66c6d33b3747ee9c1e29", "number": "6092259243", "date": "2021-01-22 09:40:00", "subject": "3", "recorded-or-robo": "Y", "city": "", "state": "NJ", "area-code": "609"}, {"id": "1d36742e3f24f50e4e7ae82801316ad1", "number": "6092259243", "date": "2021-01-22 09:40:00", "subject": "3", "recorded-or-robo": "Y", "city": "", "state": "NJ", "area-code": "609"}, {"id": "3decc6bfadaa436a105714c6ba4f4a94", "number": "8064213173", "date": "2021-01-23 01:09:05", "subject": "3", "recorded-or-robo": "Y", "city": "", "state": "TX", "area-code": "281"}, {"id": "1d36742e3f24f50e4e7ae82801e51892", "number": "8064213173", "date": "2021-01-23 01:09:05", "subject": "3", "recorded-or-robo": "Y", "city": "", "state": "TX", "area-code": "281"}, {"id": "e81c9350d54f66c6d33b3747ee9c1860", "number": "7069286314", "date": "2021-01-22 15:44:00", "subject": "2", "recorded-or-robo": "Y", "city": "Houston", "state": "TX", "area-code": "281"}, {"id": "1d36742e3f24f50e4e7ae82801315f01", "number": "7069286314", "date": "2021-01-22 15:44:00", "subject": "2", "recorded-or-robo": "Y", "city": "Houston", "state": "TX", "area-code": "281"}, {"id": "e81c9350d54f66c6d33b3747ee9c0b57", "number": "9088379606", "date": "2021-01-21 13:10:00", "subject": "3", "recorded-or-robo": "Y", "city": "", "state": "NJ", "area-code": "609"}, {"id": "1d36742e3f24f50e4e7ae82801315527", "number": "9088379606", "date": "2021-01-21 13:10:00", "subject": "3", "recorded-or-robo": "Y", "city": "", "state": "NJ", "area-code": "609"}, {"id": "3decc6bfadaa436a105714c6ba4f3ad9", "number": "7072553688", "date": "2021-01-23 01:08:05", "subject": "3", "recorded-or-robo": "Y", "city": "", "state": "CA", "area-code": "408"}, {"id": "1d36742e3f24f50e4e7ae82801e51418", "number": "7072553688", "date": "2021-01-23 01:08:05", "subject": "3", "recorded-or-robo": "Y", "city": "", "state": "CA", "area-code": "408"}, {"id": "e81c9350d54f66c6d33b3747ee9bfecd", "number": "5592248266", "date": "2021-01-19 09:11:00", "subject": "1", "recorded-or-robo": "Y", "city": "Clovis", "state": "CA", "area-code": "559"}, {"id": "1d36742e3f24f50e4e7ae82801314f02", "number": "5592248266", "date": "2021-01-19 09:11:00", "subject": "1", "recorded-or-robo": "Y", "city": "Clovis", "state": "CA", "area-code": "559"}, {"id": "e81c9350d54f66c6d33b3747ee9bfc97", "number": "6092259243", "date": "2021-01-21 09:45:00", "subject": "3", "recorded-or-robo": "Y", "city": "", "state": "NJ", "area-code": "609"}, {"id": "1d36742e3f24f50e4e7ae82801313fde", "number": "6092259243", "date": "2021-01-21 09:45:00", "subject": "3", "recorded-or-robo": "Y", "city": "", "state": "NJ", "area-code": "609"}, {"id": "3decc6bfadaa436a105714c6ba4f2c8e", "number": "2016853720", "date": "2021-01-23 01:06:36", "subject": "3", "recorded-or-robo": "Y", "city": "", "state": "NY", "area-code": "347"}, {"id": "1d36742e3f24f50e4e7ae82801e512e6", "number": "2016853720", "date": "2021-01-23 01:06:36", "subject": "3", "recorded-or-robo": "Y", "city": "", "state": "NY", "area-code": "347"}, {"id": "3decc6bfadaa436a105714c6ba4f4f5e", "number": "+15402343627", "date": "2021-01-23 01:06:29", "subject": "3", "recorded-or-robo": "Y", "city": "", "state": "VA", "area-code": "804"}, {"id": "1d36742e3f24f50e4e7ae82801e51d80", "number": "+15402343627", "date": "2021-01-23 01:06:29", "subject": "3", "recorded-or-robo": "Y", "city": "", "state": "VA", "area-code": "804"}, {"id": "3decc6bfadaa436a105714c6ba4ee68c", "number": "5124320434", "date": "2021-01-23 01:05:52", "subject": "3", "recorded-or-robo": "N", "city": "", "state": "TX", "area-code": "512"}, {"id": "1d36742e3f24f50e4e7ae82801e4c76f", "number": "5124320434", "date": "2021-01-23 01:05:52", "subject": "3", "recorded-or-robo": "N", "city": "", "state": "TX", "area-code": "512"}, {"id": "e81c9350d54f66c6d33b3747ee9bf178", "number": "2814920910", "date": "2021-01-22 11:14:00", "subject": "2", "recorded-or-robo": "N", "city": "Houston", "state": "TX", "area-code": "281"}, {"id": "1d36742e3f24f50e4e7ae82801313e3c", "number": "2814920910", "date": "2021-01-22 11:14:00", "subject": "2", "recorded-or-robo": "N", "city": "Houston", "state": "TX", "area-code": "281"}, {"id": "3decc6bfadaa436a105714c6ba4eed58", "number": "+15122817086", "date": "2021-01-23 01:05:19", "subject": "3", "recorded-or-robo": "Y", "city": "", "state": "TX", "area-code": "936"}, {"id": "1d36742e3f24f50e4e7ae82801e4d947", "number": "+15122817086", "date": "2021-01-23 01:05:19", "subject": "3", "recorded-or-robo": "Y", "city": "", "state": "TX", "area-code": "936"}, {"id": "3decc6bfadaa436a105714c6ba4efa94", "number": "8665277427", "date": "2021-01-23 01:04:56", "subject": "3", "recorded-or-robo": "Y", "city": "", "state": "MO", "area-code": "314"}, {"id": "1d36742e3f24f50e4e7ae82801e4df59", "number": "8665277427", "date": "2021-01-23 01:04:56", "subject": "3", "recorded-or-robo": "Y", "city": "", "state": "MO", "area-code": "314"}, {"id": "3decc6bfadaa436a105714c6ba4ec04e", "number": "8665276097", "date": "2021-01-23 01:04:34", "subject": "3", "recorded-or-robo": "Y", "city": "", "state": "MO", "area-code": "314"}, {"id": "1d36742e3f24f50e4e7ae82801e4927a", "number": "8665276097", "date": "2021-01-23 01:04:34", "subject": "3", "recorded-or-robo": "Y", "city": "", "state": "MO", "area-code": "314"}, {"id": "e81c9350d54f66c6d33b3747ee9be54c", "number": "6027550146", "date": "2021-01-22 01:34:00", "subject": "2", "recorded-or-robo": "Y", "city": "", "state": "OR", "area-code": "503"}, {"id": "1d36742e3f24f50e4e7ae82801313651", "number": "6027550146", "date": "2021-01-22 01:34:00", "subject": "2", "recorded-or-robo": "Y", "city": "", "state": "OR", "area-code": "503"}, {"id": "e81c9350d54f66c6d33b3747ee9bdae8", "number": "7322905833", "date": "2021-01-22 15:19:00", "subject": "3", "recorded-or-robo": "Y", "city": "", "state": "NJ", "area-code": "973"}, {"id": "1d36742e3f24f50e4e7ae82801312c3f", "number": "7322905833", "date": "2021-01-22 15:19:00", "subject": "3", "recorded-or-robo": "Y", "city": "", "state": "NJ", "area-code": "973"}, {"id": "3decc6bfadaa436a105714c6ba4edbd1", "number": "+15613262879", "date": "2021-01-23 01:02:56", "subject": "3", "recorded-or-robo": "Y", "city": "", "state": "FL", "area-code": "305"}, {"id": "1d36742e3f24f50e4e7ae82801e4ba09", "number": "+15613262879", "date": "2021-01-23 01:02:56", "subject": "3", "recorded-or-robo": "Y", "city": "", "state": "FL", "area-code": "305"}, {"id": "e81c9350d54f66c6d33b3747ee9bd0f4", "number": "6027550146", "date": "2021-01-20 03:19:00", "subject": "2", "recorded-or-robo": "N", "city": "", "state": "OR", "area-code": "503"}]}