{"data": [{"id": "1d36742e3f24f50e4e7ae82801569ef5", "number": "+12199924707", "date": "2021-01-22 23:23:17", "subject": "3", "recorded-or-robo": "N", "city": "", "state": "IN", "area-code": "219"}, {"id": "e81c9350d54f66c6d33b3747eec16938", "number": "2109780059", "date": "2021-01-22 23:22:58", "subject": "3", "recorded-or-robo": "N", "city": "", "state": "TX", "area-code": "214"}, {"id": "1d36742e3f24f50e4e7ae82801566e87", "number": "2109780059", "date": "2021-01-22 23:22:58", "subject": "3", "recorded-or-robo": "N", "city": "", "state": "TX", "area-code": "214"}, {"id": "e81c9350d54f66c6d33b3747ee9789a4", "number": "", "date": "2021-01-22 23:51:00", "subject": "1", "recorded-or-robo": "", "city": "Prattville", "state": "", "area-code": "855"}, {"id": "1d36742e3f24f50e4e7ae828012cd66b", "number": "", "date": "2021-01-22 23:51:00", "subject": "1", "recorded-or-robo": "", "city": "Prattville", "state": "", "area-code": "855"}, {"id": "e81c9350d54f66c6d33b3747eec19023", "number": "2624743606", "date": "2021-01-22 23:22:45", "subject": "3", "recorded-or-robo": "Y", "city": "", "state": "WI", "area-code": "920"}, {"id": "1d36742e3f24f50e4e7ae828015691b4", "number": "2624743606", "date": "2021-01-22 23:22:45", "subject": "3", "recorded-or-robo": "Y", "city": "", "state": "WI", "area-code": "920"}, {"id": "e81c9350d54f66c6d33b3747eec188f8", "number": "8587545527", "date": "2021-01-22 23:22:42", "subject": "3", "recorded-or-robo": "Y", "city": "", "state": "CA", "area-code": "858"}, {"id": "1d36742e3f24f50e4e7ae82801568a2d", "number": "8587545527", "date": "2021-01-22 23:22:42", "subject": "3", "recorded-or-robo": "Y", "city": "", "state": "CA", "area-code": "858"}, {"id": "e81c9350d54f66c6d33b3747ee9782c6", "number": "8885684524", "date": "2021-01-21 16:49:00", "subject": "2", "recorded-or-robo": "Y", "city": "Moore", "state": "SC", "area-code": "864"}, {"id": "1d36742e3f24f50e4e7ae828012cc97b", "number": "8885684524", "date": "2021-01-21 16:49:00", "subject": "2", "recorded-or-robo": "Y", "city": "Moore", "state": "SC", "area-code": "864"}, {"id": "e81c9350d54f66c6d33b3747ee977fd3", "number": "6172779126", "date": "2021-01-21 17:38:00", "subject": "0", "recorded-or-robo": "", "city": "", "state": "MA", "area-code": "617"}, {"id": "1d36742e3f24f50e4e7ae828012cbc51", "number": "6172779126", "date": "2021-01-21 17:38:00", "subject": "0", "recorded-or-robo": "", "city": "", "state": "MA", "area-code": "617"}, {"id": "e81c9350d54f66c6d33b3747ee9772a5", "number": "7753007967", "date": "2021-01-22 17:56:00", "subject": "7", "recorded-or-robo": "Y", "city": "Henderson", "state": "NV", "area-code": "702"}, {"id": "1d36742e3f24f50e4e7ae828012cb9e7", "number": "7753007967", "date": "2021-01-22 17:56:00", "subject": "7", "recorded-or-robo": "Y", "city": "Henderson", "state": "NV", "area-code": "702"}, {"id": "e81c9350d54f66c6d33b3747ee976a3c", "number": "30203351858", "date": "2021-01-22 10:01:00", "subject": "2", "recorded-or-robo": "Y", "city": "BRIDGEVILLE", "state": "DE", "area-code": "302"}, {"id": "1d36742e3f24f50e4e7ae828012cb471", "number": "30203351858", "date": "2021-01-22 10:01:00", "subject": "2", "recorded-or-robo": "Y", "city": "BRIDGEVILLE", "state": "DE", "area-code": "302"}, {"id": "e81c9350d54f66c6d33b3747ee9765e0", "number": "7018821884", "date": "2021-01-21 17:09:00", "subject": "0", "recorded-or-robo": "", "city": "", "state": "MA", "area-code": "617"}, {"id": "1d36742e3f24f50e4e7ae828012caac6", "number": "7018821884", "date": "2021-01-21 17:09:00", "subject": "0", "recorded-or-robo": "", "city": "", "state": "MA", "area-code": "617"}, {"id": "e81c9350d54f66c6d33b3747eec15a58", "number": "4088415802", "date": "2021-01-22 23:20:42", "subject": "3", "recorded-or-robo": "Y", "city": "", "state": "CA", "area-code": "707"}, {"id": "1d36742e3f24f50e4e7ae82801565b02", "number": "4088415802", "date": "2021-01-22 23:20:42", "subject": "3", "recorded-or-robo": "Y", "city": "", "state": "CA", "area-code": "707"}, {"id": "e81c9350d54f66c6d33b3747eec161e5", "number": "+15616785896", "date": "2021-01-22 23:20:11", "subject": "3", "recorded-or-robo": "Y", "city": "", "state": "FL", "area-code": "954"}, {"id": "1d36742e3f24f50e4e7ae82801566701", "number": "+15616785896", "date": "2021-01-22 23:20:11", "subject": "3", "recorded-or-robo": "Y", "city": "", "state": "FL", "area-code": "954"}, {"id": "e81c9350d54f66c6d33b3747ee975c84", "number": "86448416082", "date": "2021-01-22 13:40:00", "subject": "2", "recorded-or-robo": "Y", "city": "Moore", "state": "SC", "area-code": "864"}, {"id": "1d36742e3f24f50e4e7ae828012ca69c", "number": "86448416082", "date": "2021-01-22 13:40:00", "subject": "2", "recorded-or-robo": "Y", "city": "Moore", "state": "SC", "area-code": "864"}, {"id": "e81c9350d54f66c6d33b3747eec1a542", "number": "+15702184166", "date": "2021-01-22 23:19:36", "subject": "3", "recorded-or-robo": "Y", "city": "", "state": "TX", "area-code": "512"}, {"id": "1d36742e3f24f50e4e7ae8280156b525", "number": "+15702184166", "date": "2021-01-22 23:19:36", "subject": "3", "recorded-or-robo": "Y", "city": "", "state": "TX", "area-code": "512"}, {"id": "e81c9350d54f66c6d33b3747eec19be5", "number": "+19154498099", "date": "2021-01-22 23:19:32", "subject": "3", "recorded-or-robo": "Y", "city": "", "state": "TX", "area-code": "915"}, {"id": "1d36742e3f24f50e4e7ae82801569f9b", "number": "+19154498099", "date": "2021-01-22 23:19:32", "subject": "3", "recorded-or-robo": "Y", "city": "", "state": "TX", "area-code": "915"}, {"id": "e81c9350d54f66c6d33b3747ee9759d3", "number": "6012647032", "date": "2021-01-22 12:36:00", "subject": "3", "recorded-or-robo": "Y", "city": "", "state": "MS", "area-code": "601"}, {"id": "e81c9350d54f66c6d33b3747ee974c70", "number": "6179346933", "date": "2021-01-20 19:03:00", "subject": "0", "recorded-or-robo": "", "city": "", "state": "MA", "area-code": "617"}, {"id": "1d36742e3f24f50e4e7ae828012ca095", "number": "6012647032", "date": "2021-01-22 12:36:00", "subject": "3", "recorded-or-robo": "Y", "city": "", "state": "MS", "area-code": "601"}, {"id": "1d36742e3f24f50e4e7ae828012c9977", "number": "6179346933", "date": "2021-01-20 19:03:00", "subject": "0", "recorded-or-robo": "", "city": "", "state": "MA", "area-code": "617"}, {"id": "e81c9350d54f66c6d33b3747eec1a83d", "number": "+12095292355", "date": "2021-01-22 23:19:05", "subject": "3", "recorded-or-robo": "Y", "city": "", "state": "TX", "area-code": "512"}, {"id": "1d36742e3f24f50e4e7ae8280156b97c", "number": "+12095292355", "date": "2021-01-22 23:19:05", "subject": "3", "recorded-or-robo": "Y", "city": "", "state": "TX", "area-code": "512"}, {"id": "e81c9350d54f66c6d33b3747eec1711b", "number": "5027170548", "date": "2021-01-22 23:18:54", "subject": "3", "recorded-or-robo": "Y", "city": "", "state": "KY", "area-code": "502"}, {"id": "1d36742e3f24f50e4e7ae8280156749b", "number": "5027170548", "date": "2021-01-22 23:18:54", "subject": "3", "recorded-or-robo": "Y", "city": "", "state": "KY", "area-code": "502"}, {"id": "e81c9350d54f66c6d33b3747eec183aa", "number": "5027170548", "date": "2021-01-22 23:18:53", "subject": "3", "recorded-or-robo": "Y", "city": "", "state": "KY", "area-code": "502"}, {"id": "1d36742e3f24f50e4e7ae82801567d9f", "number": "5027170548", "date": "2021-01-22 23:18:53", "subject": "3", "recorded-or-robo": "Y", "city": "", "state": "KY", "area-code": "502"}, {"id": "e81c9350d54f66c6d33b3747eec1bcd1", "number": "5025867082", "date": "2021-01-22 23:18:40", "subject": "3", "recorded-or-robo": "Y", "city": "", "state": "KY", "area-code": "502"}, {"id": "1d36742e3f24f50e4e7ae8280156d6bc", "number": "5025867082", "date": "2021-01-22 23:18:40", "subject": "3", "recorded-or-robo": "Y", "city": "", "state": "KY", "area-code": "502"}, {"id": "e81c9350d54f66c6d33b3747ee97419d", "number": "6016473511", "date": "2021-01-15 11:12:00", "subject": "2", "recorded-or-robo": "N", "city": "", "state": "MS", "area-code": "601"}, {"id": "1d36742e3f24f50e4e7ae828012c8d6d", "number": "6016473511", "date": "2021-01-15 11:12:00", "subject": "2", "recorded-or-robo": "N", "city": "", "state": "MS", "area-code": "601"}, {"id": "e81c9350d54f66c6d33b3747eec180a3", "number": "+15089370167", "date": "2021-01-22 23:18:24", "subject": "3", "recorded-or-robo": "Y", "city": "", "state": "TX", "area-code": "512"}, {"id": "1d36742e3f24f50e4e7ae82801567676", "number": "+15089370167", "date": "2021-01-22 23:18:24", "subject": "3", "recorded-or-robo": "Y", "city": "", "state": "TX", "area-code": "512"}, {"id": "e81c9350d54f66c6d33b3747eec1cbb7", "number": "5025867082", "date": "2021-01-22 23:18:22", "subject": "3", "recorded-or-robo": "Y", "city": "", "state": "KY", "area-code": "502"}, {"id": "1d36742e3f24f50e4e7ae8280156d8b8", "number": "5025867082", "date": "2021-01-22 23:18:22", "subject": "3", "recorded-or-robo": "Y", "city": "", "state": "KY", "area-code": "502"}, {"id": "e81c9350d54f66c6d33b3747ee973c3b", "number": "6172779806", "date": "2021-01-20 13:00:00", "subject": "0", "recorded-or-robo": "", "city": "", "state": "MA", "area-code": "617"}, {"id": "1d36742e3f24f50e4e7ae828012c8c34", "number": "6172779806", "date": "2021-01-20 13:00:00", "subject": "0", "recorded-or-robo": "", "city": "", "state": "MA", "area-code": "617"}, {"id": "e81c9350d54f66c6d33b3747eec1b212", "number": "5022379871", "date": "2021-01-22 23:17:59", "subject": "3", "recorded-or-robo": "Y", "city": "", "state": "KY", "area-code": "502"}]}