{"data": [{"id": "1d36742e3f24f50e4e7ae82801e60c3d", "number": "2693094443", "date": "2021-01-23 01:43:11", "subject": "3", "recorded-or-robo": "Y", "city": "", "state": "MI", "area-code": "313"}, {"id": "e81c9350d54f66c6d33b3747eec54d02", "number": "2026651315", "date": "2021-01-15 09:50:00", "subject": "2", "recorded-or-robo": "N", "city": "", "state": "CA", "area-code": "323"}, {"id": "1d36742e3f24f50e4e7ae828015a7cc6", "number": "2026651315", "date": "2021-01-15 09:50:00", "subject": "2", "recorded-or-robo": "N", "city": "", "state": "CA", "area-code": "323"}, {"id": "e81c9350d54f66c6d33b3747eec53eb1", "number": "4844506859", "date": "2021-01-22 06:07:00", "subject": "1", "recorded-or-robo": "N", "city": "Silver Spring", "state": "MD", "area-code": "202"}, {"id": "1d36742e3f24f50e4e7ae828015a7462", "number": "4844506859", "date": "2021-01-22 06:07:00", "subject": "1", "recorded-or-robo": "N", "city": "Silver Spring", "state": "MD", "area-code": "202"}, {"id": "e81c9350d54f66c6d33b3747eec534c7", "number": "6158574401", "date": "2021-01-22 13:27:00", "subject": "2", "recorded-or-robo": "N", "city": "Spokane", "state": "TN", "area-code": "615"}, {"id": "1d36742e3f24f50e4e7ae828015a6848", "number": "6158574401", "date": "2021-01-22 13:27:00", "subject": "2", "recorded-or-robo": "N", "city": "Spokane", "state": "TN", "area-code": "615"}, {"id": "e81c9350d54f66c6d33b3747eec5280c", "number": "", "date": "2021-01-22 00:00:00", "subject": "5", "recorded-or-robo": "Y", "city": "", "state": "MI", "area-code": "231"}, {"id": "1d36742e3f24f50e4e7ae828015a5972", "number": "", "date": "2021-01-22 00:00:00", "subject": "5", "recorded-or-robo": "Y", "city": "", "state": "MI", "area-code": "231"}, {"id": "e81c9350d54f66c6d33b3747eec52217", "number": "8135659613", "date": "2021-01-22 10:15:00", "subject": "4", "recorded-or-robo": "Y", "city": "Cape Coral", "state": "FL", "area-code": "239"}, {"id": "1d36742e3f24f50e4e7ae828015a4e7c", "number": "8135659613", "date": "2021-01-22 10:15:00", "subject": "4", "recorded-or-robo": "Y", "city": "Cape Coral", "state": "FL", "area-code": "239"}, {"id": "3decc6bfadaa436a105714c6ba5035af", "number": "5102856397", "date": "2021-01-23 01:41:12", "subject": "3", "recorded-or-robo": "Y", "city": "", "state": "CA", "area-code": "415"}, {"id": "1d36742e3f24f50e4e7ae82801e5c9c3", "number": "5102856397", "date": "2021-01-23 01:41:12", "subject": "3", "recorded-or-robo": "Y", "city": "", "state": "CA", "area-code": "415"}, {"id": "3decc6bfadaa436a105714c6ba504e9a", "number": "+17868295398", "date": "2021-01-23 01:40:55", "subject": "3", "recorded-or-robo": "Y", "city": "", "state": "FL", "area-code": "239"}, {"id": "1d36742e3f24f50e4e7ae82801e5ed48", "number": "+17868295398", "date": "2021-01-23 01:40:55", "subject": "3", "recorded-or-robo": "Y", "city": "", "state": "FL", "area-code": "239"}, {"id": "3decc6bfadaa436a105714c6ba5037f8", "number": "+14072353690", "date": "2021-01-23 01:40:42", "subject": "3", "recorded-or-robo": "Y", "city": "", "state": "FL", "area-code": "239"}, {"id": "1d36742e3f24f50e4e7ae82801e5cc9d", "number": "+14072353690", "date": "2021-01-23 01:40:42", "subject": "3", "recorded-or-robo": "Y", "city": "", "state": "FL", "area-code": "239"}, {"id": "3decc6bfadaa436a105714c6ba505536", "number": "+16039688439", "date": "2021-01-23 01:40:22", "subject": "3", "recorded-or-robo": "Y", "city": "", "state": "NH", "area-code": "603"}, {"id": "1d36742e3f24f50e4e7ae82801e5f32a", "number": "+16039688439", "date": "2021-01-23 01:40:22", "subject": "3", "recorded-or-robo": "Y", "city": "", "state": "NH", "area-code": "603"}, {"id": "3decc6bfadaa436a105714c6ba50481c", "number": "+17868295398", "date": "2021-01-23 01:40:12", "subject": "3", "recorded-or-robo": "Y", "city": "", "state": "FL", "area-code": "239"}, {"id": "1d36742e3f24f50e4e7ae82801e5ddcf", "number": "+17868295398", "date": "2021-01-23 01:40:12", "subject": "3", "recorded-or-robo": "Y", "city": "", "state": "FL", "area-code": "239"}, {"id": "e81c9350d54f66c6d33b3747eec513f1", "number": "8017357228", "date": "2021-01-22 17:41:00", "subject": "2", "recorded-or-robo": "Y", "city": "Cedar City", "state": "UT", "area-code": "435"}, {"id": "1d36742e3f24f50e4e7ae828015a45fa", "number": "8017357228", "date": "2021-01-22 17:41:00", "subject": "2", "recorded-or-robo": "Y", "city": "Cedar City", "state": "UT", "area-code": "435"}, {"id": "3decc6bfadaa436a105714c6ba505f51", "number": "+14049978079", "date": "2021-01-23 01:39:53", "subject": "3", "recorded-or-robo": "Y", "city": "", "state": "MO", "area-code": "636"}, {"id": "1d36742e3f24f50e4e7ae82801e5fccb", "number": "+14049978079", "date": "2021-01-23 01:39:53", "subject": "3", "recorded-or-robo": "Y", "city": "", "state": "MO", "area-code": "636"}, {"id": "e81c9350d54f66c6d33b3747eec507eb", "number": "3239182220", "date": "2021-01-22 13:29:00", "subject": "0", "recorded-or-robo": "N", "city": "Daly City", "state": "CA", "area-code": "650"}, {"id": "1d36742e3f24f50e4e7ae828015a4235", "number": "3239182220", "date": "2021-01-22 13:29:00", "subject": "0", "recorded-or-robo": "N", "city": "Daly City", "state": "CA", "area-code": "650"}, {"id": "3decc6bfadaa436a105714c6ba505e2f", "number": "2692342960", "date": "2021-01-23 01:39:18", "subject": "3", "recorded-or-robo": "Y", "city": "", "state": "WA", "area-code": "206"}, {"id": "1d36742e3f24f50e4e7ae82801e5facd", "number": "2692342960", "date": "2021-01-23 01:39:18", "subject": "3", "recorded-or-robo": "Y", "city": "", "state": "WA", "area-code": "206"}, {"id": "e81c9350d54f66c6d33b3747eec4fc63", "number": "5594051323", "date": "2021-01-22 12:59:00", "subject": "0", "recorded-or-robo": "N", "city": "Daly City", "state": "CA", "area-code": "650"}, {"id": "1d36742e3f24f50e4e7ae828015a3444", "number": "5594051323", "date": "2021-01-22 12:59:00", "subject": "0", "recorded-or-robo": "N", "city": "Daly City", "state": "CA", "area-code": "650"}, {"id": "e81c9350d54f66c6d33b3747eec4ee59", "number": "2399701603", "date": "2021-01-22 13:38:00", "subject": "4", "recorded-or-robo": "Y", "city": "Cape Coral", "state": "FL", "area-code": "239"}, {"id": "1d36742e3f24f50e4e7ae828015a30b9", "number": "2399701603", "date": "2021-01-22 13:38:00", "subject": "4", "recorded-or-robo": "Y", "city": "Cape Coral", "state": "FL", "area-code": "239"}, {"id": "3decc6bfadaa436a105714c6ba5047c5", "number": "2158031243", "date": "2021-01-23 01:38:45", "subject": "3", "recorded-or-robo": "Y", "city": "", "state": "PA", "area-code": "267"}, {"id": "1d36742e3f24f50e4e7ae82801e5d2e0", "number": "2158031243", "date": "2021-01-23 01:38:45", "subject": "3", "recorded-or-robo": "Y", "city": "", "state": "PA", "area-code": "267"}, {"id": "e81c9350d54f66c6d33b3747eec4ecc2", "number": "2072077", "date": "2021-01-22 09:00:00", "subject": "4", "recorded-or-robo": "Y", "city": "", "state": "TN", "area-code": "731"}, {"id": "1d36742e3f24f50e4e7ae828015a2f81", "number": "2072077", "date": "2021-01-22 09:00:00", "subject": "4", "recorded-or-robo": "Y", "city": "", "state": "TN", "area-code": "731"}, {"id": "e81c9350d54f66c6d33b3747eec4e1aa", "number": "5594051323", "date": "2021-01-21 08:40:00", "subject": "0", "recorded-or-robo": "N", "city": "Daly City", "state": "CA", "area-code": "650"}, {"id": "1d36742e3f24f50e4e7ae828015a2126", "number": "5594051323", "date": "2021-01-21 08:40:00", "subject": "0", "recorded-or-robo": "N", "city": "Daly City", "state": "CA", "area-code": "650"}, {"id": "e81c9350d54f66c6d33b3747eec4df41", "number": "3522886607", "date": "2021-01-22 16:10:00", "subject": "4", "recorded-or-robo": "Y", "city": "Cape Coral", "state": "FL", "area-code": "239"}, {"id": "1d36742e3f24f50e4e7ae828015a1c6f", "number": "3522886607", "date": "2021-01-22 16:10:00", "subject": "4", "recorded-or-robo": "Y", "city": "Cape Coral", "state": "FL", "area-code": "239"}, {"id": "3decc6bfadaa436a105714c6ba5005dc", "number": "+16052267662", "date": "2021-01-23 01:35:50", "subject": "3", "recorded-or-robo": "Y", "city": "", "state": "MO", "area-code": "314"}, {"id": "1d36742e3f24f50e4e7ae82801e591f5", "number": "+16052267662", "date": "2021-01-23 01:35:50", "subject": "3", "recorded-or-robo": "Y", "city": "", "state": "MO", "area-code": "314"}, {"id": "e81c9350d54f66c6d33b3747eec4d75c", "number": "3522886607", "date": "2021-01-22 15:03:00", "subject": "4", "recorded-or-robo": "Y", "city": "Cape Coral", "state": "FL", "area-code": "239"}, {"id": "1d36742e3f24f50e4e7ae828015a1bbd", "number": "3522886607", "date": "2021-01-22 15:03:00", "subject": "4", "recorded-or-robo": "Y", "city": "Cape Coral", "state": "FL", "area-code": "239"}, {"id": "3decc6bfadaa436a105714c6ba502031", "number": "3252015584", "date": "2021-01-23 01:35:18", "subject": "3", "recorded-or-robo": "Y", "city": "", "state": "TX", "area-code": "281"}, {"id": "1d36742e3f24f50e4e7ae82801e5ae88", "number": "3252015584", "date": "2021-01-23 01:35:18", "subject": "3", "recorded-or-robo": "Y", "city": "", "state": "TX", "area-code": "281"}, {"id": "3decc6bfadaa436a105714c6ba50113a", "number": "+13213034927", "date": "2021-01-23 01:34:02", "subject": "3", "recorded-or-robo": "Y", "city": "", "state": "FL", "area-code": "239"}, {"id": "1d36742e3f24f50e4e7ae82801e59e7d", "number": "+13213034927", "date": "2021-01-23 01:34:02", "subject": "3", "recorded-or-robo": "Y", "city": "", "state": "FL", "area-code": "239"}, {"id": "e81c9350d54f66c6d33b3747eec4ca96", "number": "8603564055", "date": "2021-01-22 14:50:00", "subject": "2", "recorded-or-robo": "Y", "city": "Litchfield", "state": "CT", "area-code": "860"}]}