{"data": [{"id": "03e293b3df9e35eadf15c561192481ee", "number": "6144465275", "date": "2021-01-22 13:28:00", "subject": "4", "recorded-or-robo": "Y", "city": "", "state": "OH", "area-code": "614"}, {"id": "3decc6bfadaa436a105714c6ba8e1e41", "number": "9139124356", "date": "2021-01-22 14:54:00", "subject": "4", "recorded-or-robo": "Y", "city": "Raleigh", "state": "NC", "area-code": "919"}, {"id": "03e293b3df9e35eadf15c56119247387", "number": "9139124356", "date": "2021-01-22 14:54:00", "subject": "4", "recorded-or-robo": "Y", "city": "Raleigh", "state": "NC", "area-code": "919"}, {"id": "3decc6bfadaa436a105714c6ba8e1146", "number": "8646408997", "date": "2021-01-22 19:13:00", "subject": "0", "recorded-or-robo": "Y", "city": "", "state": "GA", "area-code": "770"}, {"id": "03e293b3df9e35eadf15c56119246b28", "number": "8646408997", "date": "2021-01-22 19:13:00", "subject": "0", "recorded-or-robo": "Y", "city": "", "state": "GA", "area-code": "770"}, {"id": "3decc6bfadaa436a105714c6ba8e0ec5", "number": "3014404687", "date": "2021-01-23 10:49:00", "subject": "2", "recorded-or-robo": "Y", "city": "Pasadena", "state": "MD", "area-code": "410"}, {"id": "03e293b3df9e35eadf15c56119245c84", "number": "3014404687", "date": "2021-01-23 10:49:00", "subject": "2", "recorded-or-robo": "Y", "city": "Pasadena", "state": "MD", "area-code": "410"}, {"id": "3decc6bfadaa436a105714c6ba8e085f", "number": "3048090439", "date": "2021-01-23 20:32:00", "subject": "0", "recorded-or-robo": "Y", "city": "Clarksburg", "state": "WV", "area-code": "304"}, {"id": "03e293b3df9e35eadf15c56119245810", "number": "3048090439", "date": "2021-01-23 20:32:00", "subject": "0", "recorded-or-robo": "Y", "city": "Clarksburg", "state": "WV", "area-code": "304"}, {"id": "3decc6bfadaa436a105714c6ba8e0190", "number": "6469155319", "date": "2021-01-24 08:30:00", "subject": "2", "recorded-or-robo": "Y", "city": "", "state": "NY", "area-code": "917"}, {"id": "03e293b3df9e35eadf15c56119244f0e", "number": "6469155319", "date": "2021-01-24 08:30:00", "subject": "2", "recorded-or-robo": "Y", "city": "", "state": "NY", "area-code": "917"}, {"id": "3decc6bfadaa436a105714c6ba8dfee1", "number": "5715981285", "date": "2021-01-23 16:46:00", "subject": "0", "recorded-or-robo": "Y", "city": "Clarksburg", "state": "WV", "area-code": "304"}, {"id": "03e293b3df9e35eadf15c56119244bc6", "number": "5715981285", "date": "2021-01-23 16:46:00", "subject": "0", "recorded-or-robo": "Y", "city": "Clarksburg", "state": "WV", "area-code": "304"}, {"id": "3decc6bfadaa436a105714c6ba8dfa63", "number": "3046472888", "date": "2021-01-23 16:13:00", "subject": "0", "recorded-or-robo": "Y", "city": "Clarksburg", "state": "WV", "area-code": "304"}, {"id": "03e293b3df9e35eadf15c56119243f98", "number": "3046472888", "date": "2021-01-23 16:13:00", "subject": "0", "recorded-or-robo": "Y", "city": "Clarksburg", "state": "WV", "area-code": "304"}, {"id": "3decc6bfadaa436a105714c6ba8de571", "number": "", "date": "2021-01-22 00:00:00", "subject": "3", "recorded-or-robo": "N", "city": "", "state": "NY", "area-code": "718"}, {"id": "03e293b3df9e35eadf15c5611924262a", "number": "", "date": "2021-01-22 00:00:00", "subject": "3", "recorded-or-robo": "N", "city": "", "state": "NY", "area-code": "718"}, {"id": "3decc6bfadaa436a105714c6ba8dee24", "number": "3049811633", "date": "2021-01-23 15:25:00", "subject": "0", "recorded-or-robo": "Y", "city": "Clarksburg", "state": "WV", "area-code": "304"}, {"id": "03e293b3df9e35eadf15c5611924327c", "number": "3049811633", "date": "2021-01-23 15:25:00", "subject": "0", "recorded-or-robo": "Y", "city": "Clarksburg", "state": "WV", "area-code": "304"}, {"id": "3decc6bfadaa436a105714c6ba8dd8e0", "number": "3046587946", "date": "2021-01-23 12:18:00", "subject": "0", "recorded-or-robo": "Y", "city": "Clarksburg", "state": "WV", "area-code": "304"}, {"id": "03e293b3df9e35eadf15c561192421fb", "number": "3046587946", "date": "2021-01-23 12:18:00", "subject": "0", "recorded-or-robo": "Y", "city": "Clarksburg", "state": "WV", "area-code": "304"}, {"id": "3decc6bfadaa436a105714c6ba8dd0ba", "number": "2693299934", "date": "2021-01-22 12:02:00", "subject": "7", "recorded-or-robo": "Y", "city": "Kalamazoo", "state": "MI", "area-code": "269"}, {"id": "03e293b3df9e35eadf15c56119241657", "number": "2693299934", "date": "2021-01-22 12:02:00", "subject": "7", "recorded-or-robo": "Y", "city": "Kalamazoo", "state": "MI", "area-code": "269"}, {"id": "3decc6bfadaa436a105714c6ba8dcb66", "number": "9542788335", "date": "2021-01-23 13:28:00", "subject": "0", "recorded-or-robo": "Y", "city": "", "state": "GA", "area-code": "770"}, {"id": "03e293b3df9e35eadf15c56119241569", "number": "9542788335", "date": "2021-01-23 13:28:00", "subject": "0", "recorded-or-robo": "Y", "city": "", "state": "GA", "area-code": "770"}, {"id": "3decc6bfadaa436a105714c6ba8dbda8", "number": "8646408997", "date": "2021-01-22 19:13:00", "subject": "0", "recorded-or-robo": "Y", "city": "", "state": "GA", "area-code": "770"}, {"id": "03e293b3df9e35eadf15c5611924123f", "number": "8646408997", "date": "2021-01-22 19:13:00", "subject": "0", "recorded-or-robo": "Y", "city": "", "state": "GA", "area-code": "770"}, {"id": "3decc6bfadaa436a105714c6ba8dbb6e", "number": "8552050329", "date": "2021-01-22 13:22:00", "subject": "2", "recorded-or-robo": "Y", "city": "Brookfield", "state": "WI", "area-code": "262"}, {"id": "03e293b3df9e35eadf15c56119240cb5", "number": "8552050329", "date": "2021-01-22 13:22:00", "subject": "2", "recorded-or-robo": "Y", "city": "Brookfield", "state": "WI", "area-code": "262"}, {"id": "3decc6bfadaa436a105714c6ba8db95e", "number": "9139124356", "date": "2021-01-22 12:34:00", "subject": "4", "recorded-or-robo": "Y", "city": "Raleigh", "state": "NC", "area-code": "919"}, {"id": "03e293b3df9e35eadf15c56119240799", "number": "9139124356", "date": "2021-01-22 12:34:00", "subject": "4", "recorded-or-robo": "Y", "city": "Raleigh", "state": "NC", "area-code": "919"}, {"id": "3decc6bfadaa436a105714c6ba8db650", "number": "2188484138", "date": "2021-01-22 17:00:00", "subject": "0", "recorded-or-robo": "Y", "city": "", "state": "GA", "area-code": "770"}, {"id": "03e293b3df9e35eadf15c56119240267", "number": "2188484138", "date": "2021-01-22 17:00:00", "subject": "0", "recorded-or-robo": "Y", "city": "", "state": "GA", "area-code": "770"}, {"id": "3decc6bfadaa436a105714c6ba8dae44", "number": "7709632291", "date": "2021-01-22 16:16:00", "subject": "0", "recorded-or-robo": "Y", "city": "", "state": "GA", "area-code": "770"}, {"id": "03e293b3df9e35eadf15c5611923f6c6", "number": "7709632291", "date": "2021-01-22 16:16:00", "subject": "0", "recorded-or-robo": "Y", "city": "", "state": "GA", "area-code": "770"}, {"id": "3decc6bfadaa436a105714c6ba8da48d", "number": "6787852097", "date": "2021-01-22 16:04:00", "subject": "0", "recorded-or-robo": "Y", "city": "", "state": "GA", "area-code": "770"}, {"id": "03e293b3df9e35eadf15c5611923f489", "number": "6787852097", "date": "2021-01-22 16:04:00", "subject": "0", "recorded-or-robo": "Y", "city": "", "state": "GA", "area-code": "770"}, {"id": "3decc6bfadaa436a105714c6ba8d985a", "number": "7794849079", "date": "2021-01-22 12:34:00", "subject": "0", "recorded-or-robo": "Y", "city": "", "state": "GA", "area-code": "770"}, {"id": "03e293b3df9e35eadf15c5611923e799", "number": "7794849079", "date": "2021-01-22 12:34:00", "subject": "0", "recorded-or-robo": "Y", "city": "", "state": "GA", "area-code": "770"}, {"id": "3decc6bfadaa436a105714c6ba8d8f12", "number": "2182619036", "date": "2021-01-19 19:37:00", "subject": "0", "recorded-or-robo": "", "city": "", "state": "MN", "area-code": "612"}, {"id": "03e293b3df9e35eadf15c5611923e0bf", "number": "2182619036", "date": "2021-01-19 19:37:00", "subject": "0", "recorded-or-robo": "", "city": "", "state": "MN", "area-code": "612"}, {"id": "3decc6bfadaa436a105714c6ba8d8b30", "number": "2188858852", "date": "2021-01-20 15:42:00", "subject": "0", "recorded-or-robo": "", "city": "", "state": "MN", "area-code": "612"}, {"id": "03e293b3df9e35eadf15c5611923dcdb", "number": "2188858852", "date": "2021-01-20 15:42:00", "subject": "0", "recorded-or-robo": "", "city": "", "state": "MN", "area-code": "612"}, {"id": "3decc6bfadaa436a105714c6ba8d89f7", "number": "9418002379", "date": "2021-01-19 17:21:00", "subject": "4", "recorded-or-robo": "Y", "city": "", "state": "NY", "area-code": "315"}, {"id": "03e293b3df9e35eadf15c5611923dc4e", "number": "9418002379", "date": "2021-01-19 17:21:00", "subject": "4", "recorded-or-robo": "Y", "city": "", "state": "NY", "area-code": "315"}, {"id": "3decc6bfadaa436a105714c6ba8d7da6", "number": "6128664937", "date": "2021-01-22 11:34:00", "subject": "0", "recorded-or-robo": "", "city": "", "state": "MN", "area-code": "612"}, {"id": "03e293b3df9e35eadf15c5611923da1e", "number": "6128664937", "date": "2021-01-22 11:34:00", "subject": "0", "recorded-or-robo": "", "city": "", "state": "MN", "area-code": "612"}, {"id": "3decc6bfadaa436a105714c6ba8d7aca", "number": "2563054321", "date": "2021-01-23 11:47:00", "subject": "2", "recorded-or-robo": "Y", "city": "", "state": "NY", "area-code": "917"}, {"id": "03e293b3df9e35eadf15c5611923d472", "number": "2563054321", "date": "2021-01-23 11:47:00", "subject": "2", "recorded-or-robo": "Y", "city": "", "state": "NY", "area-code": "917"}, {"id": "3decc6bfadaa436a105714c6ba8d6eae", "number": "", "date": "2021-01-24 18:09:00", "subject": "5", "recorded-or-robo": "Y", "city": "Haryana", "state": "WA", "area-code": "970"}]}