{"data": [{"id": "3decc6bfadaa436a105714c6ba008823", "number": "8152429409", "date": "2021-01-23 11:47:00", "subject": "2", "recorded-or-robo": "", "city": "WAPPINGERS FALLS", "state": "NY", "area-code": "845"}, {"id": "1d36742e3f24f50e4e7ae82801980ffd", "number": "2679306654", "date": "2021-01-23 13:50:00", "subject": "2", "recorded-or-robo": "N", "city": "Philadelphia", "state": "PA", "area-code": "267"}, {"id": "1d36742e3f24f50e4e7ae82801980921", "number": "8152429409", "date": "2021-01-23 11:47:00", "subject": "2", "recorded-or-robo": "", "city": "WAPPINGERS FALLS", "state": "NY", "area-code": "845"}, {"id": "3decc6bfadaa436a105714c6ba0084cb", "number": "2084321752", "date": "2021-01-23 12:18:00", "subject": "4", "recorded-or-robo": "N", "city": "Louisville", "state": "KY", "area-code": "270"}, {"id": "1d36742e3f24f50e4e7ae8280197fa8e", "number": "2084321752", "date": "2021-01-23 12:18:00", "subject": "4", "recorded-or-robo": "N", "city": "Louisville", "state": "KY", "area-code": "270"}, {"id": "3decc6bfadaa436a105714c6ba007cb0", "number": "5742633144", "date": "2021-01-22 18:25:00", "subject": "5", "recorded-or-robo": "", "city": "", "state": "VA", "area-code": "757"}, {"id": "1d36742e3f24f50e4e7ae8280197edd7", "number": "5742633144", "date": "2021-01-22 18:25:00", "subject": "5", "recorded-or-robo": "", "city": "", "state": "VA", "area-code": "757"}, {"id": "3decc6bfadaa436a105714c6ba0079c6", "number": "8128903339", "date": "2021-01-22 14:18:00", "subject": "0", "recorded-or-robo": "N", "city": "Laurel", "state": "MD", "area-code": "301"}, {"id": "1d36742e3f24f50e4e7ae8280197e9a6", "number": "8128903339", "date": "2021-01-22 14:18:00", "subject": "0", "recorded-or-robo": "N", "city": "Laurel", "state": "MD", "area-code": "301"}, {"id": "3decc6bfadaa436a105714c6ba0074cd", "number": "46998999528", "date": "2021-01-23 08:06:00", "subject": "0", "recorded-or-robo": "Y", "city": "", "state": "CO", "area-code": "303"}, {"id": "1d36742e3f24f50e4e7ae8280197ddbd", "number": "46998999528", "date": "2021-01-23 08:06:00", "subject": "0", "recorded-or-robo": "Y", "city": "", "state": "CO", "area-code": "303"}, {"id": "3decc6bfadaa436a105714c6ba00731f", "number": "4704082847", "date": "2021-01-19 09:51:00", "subject": "2", "recorded-or-robo": "N", "city": "", "state": "CO", "area-code": "720"}, {"id": "1d36742e3f24f50e4e7ae8280197d619", "number": "4704082847", "date": "2021-01-19 09:51:00", "subject": "2", "recorded-or-robo": "N", "city": "", "state": "CO", "area-code": "720"}, {"id": "3decc6bfadaa436a105714c6ba006b07", "number": "4847914780", "date": "2021-01-23 12:52:00", "subject": "2", "recorded-or-robo": "Y", "city": "Hummelstown", "state": "PA", "area-code": "484"}, {"id": "1d36742e3f24f50e4e7ae8280197cc1b", "number": "4847914780", "date": "2021-01-23 12:52:00", "subject": "2", "recorded-or-robo": "Y", "city": "Hummelstown", "state": "PA", "area-code": "484"}, {"id": "3decc6bfadaa436a105714c6ba0039f3", "number": "4103175699", "date": "2021-01-23 11:03:00", "subject": "3", "recorded-or-robo": "N", "city": "", "state": "MD", "area-code": "301"}, {"id": "1d36742e3f24f50e4e7ae82801979cbe", "number": "4103175699", "date": "2021-01-23 11:03:00", "subject": "3", "recorded-or-robo": "N", "city": "", "state": "MD", "area-code": "301"}, {"id": "3decc6bfadaa436a105714c6ba006924", "number": "9176684801", "date": "2021-01-01 14:36:00", "subject": "2", "recorded-or-robo": "Y", "city": "", "state": "IL", "area-code": "847"}, {"id": "1d36742e3f24f50e4e7ae8280197c336", "number": "9176684801", "date": "2021-01-01 14:36:00", "subject": "2", "recorded-or-robo": "Y", "city": "", "state": "IL", "area-code": "847"}, {"id": "3decc6bfadaa436a105714c6ba002904", "number": "6098576789", "date": "2021-01-23 12:50:00", "subject": "3", "recorded-or-robo": "N", "city": "", "state": "NJ", "area-code": "609"}, {"id": "1d36742e3f24f50e4e7ae82801977731", "number": "6098576789", "date": "2021-01-23 12:50:00", "subject": "3", "recorded-or-robo": "N", "city": "", "state": "NJ", "area-code": "609"}, {"id": "3decc6bfadaa436a105714c6ba006186", "number": "8453078067", "date": "2021-01-22 14:13:00", "subject": "2", "recorded-or-robo": "", "city": "WAPPINGERS FALLS", "state": "NY", "area-code": "845"}, {"id": "1d36742e3f24f50e4e7ae8280197bc6e", "number": "8453078067", "date": "2021-01-22 14:13:00", "subject": "2", "recorded-or-robo": "", "city": "WAPPINGERS FALLS", "state": "NY", "area-code": "845"}, {"id": "3decc6bfadaa436a105714c6ba005943", "number": "", "date": "2021-01-23 09:11:00", "subject": "3", "recorded-or-robo": "Y", "city": "", "state": "CO", "area-code": "303"}, {"id": "1d36742e3f24f50e4e7ae8280197b65c", "number": "", "date": "2021-01-23 09:11:00", "subject": "3", "recorded-or-robo": "Y", "city": "", "state": "CO", "area-code": "303"}, {"id": "3decc6bfadaa436a105714c6ba0051d3", "number": "6573302186", "date": "2021-01-19 09:47:00", "subject": "4", "recorded-or-robo": "Y", "city": "Hayward", "state": "CA", "area-code": "510"}, {"id": "1d36742e3f24f50e4e7ae8280197b349", "number": "6573302186", "date": "2021-01-19 09:47:00", "subject": "4", "recorded-or-robo": "Y", "city": "Hayward", "state": "CA", "area-code": "510"}, {"id": "3decc6bfadaa436a105714c6ba005154", "number": "5402062742", "date": "2021-01-21 16:27:00", "subject": "5", "recorded-or-robo": "", "city": "", "state": "VA", "area-code": "757"}, {"id": "1d36742e3f24f50e4e7ae8280197ab0a", "number": "5402062742", "date": "2021-01-21 16:27:00", "subject": "5", "recorded-or-robo": "", "city": "", "state": "VA", "area-code": "757"}, {"id": "3decc6bfadaa436a105714c6ba004712", "number": "7026435000", "date": "2021-01-21 11:28:00", "subject": "0", "recorded-or-robo": "Y", "city": "North Las Vegas", "state": "NV", "area-code": "702"}, {"id": "1d36742e3f24f50e4e7ae8280197aafd", "number": "7026435000", "date": "2021-01-21 11:28:00", "subject": "0", "recorded-or-robo": "Y", "city": "North Las Vegas", "state": "NV", "area-code": "702"}, {"id": "3decc6bfadaa436a105714c6ba004589", "number": "9199819310", "date": "2021-01-23 12:46:00", "subject": "1", "recorded-or-robo": "N", "city": "Raleigh", "state": "NC", "area-code": "919"}, {"id": "1d36742e3f24f50e4e7ae82801979cfb", "number": "9199819310", "date": "2021-01-23 12:46:00", "subject": "1", "recorded-or-robo": "N", "city": "Raleigh", "state": "NC", "area-code": "919"}, {"id": "3decc6bfadaa436a105714c6ba55d404", "number": "+19294565871", "date": "2021-01-23 12:52:56", "subject": "3", "recorded-or-robo": "Y", "city": "", "state": "IL", "area-code": "773"}, {"id": "1d36742e3f24f50e4e7ae82801ec17ff", "number": "+19294565871", "date": "2021-01-23 12:52:56", "subject": "3", "recorded-or-robo": "Y", "city": "", "state": "IL", "area-code": "773"}, {"id": "3decc6bfadaa436a105714c6ba0031bd", "number": "9162695775", "date": "2021-01-23 00:00:00", "subject": "5", "recorded-or-robo": "N", "city": "", "state": "CA", "area-code": "916"}, {"id": "1d36742e3f24f50e4e7ae828019795d9", "number": "9162695775", "date": "2021-01-23 00:00:00", "subject": "5", "recorded-or-robo": "N", "city": "", "state": "CA", "area-code": "916"}, {"id": "3decc6bfadaa436a105714c6ba0030bf", "number": "8556787517", "date": "2021-01-23 11:48:00", "subject": "11", "recorded-or-robo": "Y", "city": "memphis", "state": "TN", "area-code": "901"}, {"id": "3decc6bfadaa436a105714c6ba00293d", "number": "8453078067", "date": "2021-01-22 12:21:00", "subject": "2", "recorded-or-robo": "", "city": "WAPPINGERS FALLS", "state": "NY", "area-code": "845"}, {"id": "1d36742e3f24f50e4e7ae82801978f90", "number": "8556787517", "date": "2021-01-23 11:48:00", "subject": "11", "recorded-or-robo": "Y", "city": "memphis", "state": "TN", "area-code": "901"}, {"id": "1d36742e3f24f50e4e7ae8280197862e", "number": "8453078067", "date": "2021-01-22 12:21:00", "subject": "2", "recorded-or-robo": "", "city": "WAPPINGERS FALLS", "state": "NY", "area-code": "845"}, {"id": "3decc6bfadaa436a105714c6ba0028f2", "number": "9144234358", "date": "2021-01-23 11:04:00", "subject": "1", "recorded-or-robo": "Y", "city": "Yonkers", "state": "NY", "area-code": "914"}, {"id": "1d36742e3f24f50e4e7ae82801976da1", "number": "9144234358", "date": "2021-01-23 11:04:00", "subject": "1", "recorded-or-robo": "Y", "city": "Yonkers", "state": "NY", "area-code": "914"}, {"id": "3decc6bfadaa436a105714c6ba0026f3", "number": "4088223479", "date": "2021-01-02 13:10:00", "subject": "2", "recorded-or-robo": "Y", "city": "", "state": "IL", "area-code": "847"}, {"id": "1d36742e3f24f50e4e7ae828019764f0", "number": "4088223479", "date": "2021-01-02 13:10:00", "subject": "2", "recorded-or-robo": "Y", "city": "", "state": "IL", "area-code": "847"}, {"id": "3decc6bfadaa436a105714c6ba002019", "number": "6602007620", "date": "2021-01-23 10:19:00", "subject": "2", "recorded-or-robo": "Y", "city": "Butler", "state": "MO", "area-code": "660"}, {"id": "3decc6bfadaa436a105714c6ba00113d", "number": "7578234063", "date": "2021-01-20 14:01:00", "subject": "5", "recorded-or-robo": "", "city": "", "state": "VA", "area-code": "757"}, {"id": "1d36742e3f24f50e4e7ae82801975ed4", "number": "6602007620", "date": "2021-01-23 10:19:00", "subject": "2", "recorded-or-robo": "Y", "city": "Butler", "state": "MO", "area-code": "660"}, {"id": "1d36742e3f24f50e4e7ae82801975a6e", "number": "7578234063", "date": "2021-01-20 14:01:00", "subject": "5", "recorded-or-robo": "", "city": "", "state": "VA", "area-code": "757"}, {"id": "3decc6bfadaa436a105714c6ba00014d", "number": "5072002929", "date": "2021-01-23 11:39:00", "subject": "2", "recorded-or-robo": "N", "city": "FREDERIC", "state": "WI", "area-code": "507"}]}