{"data": [{"id": "03e293b3df9e35eadf15c561195acf4a", "number": "4417902", "date": "2021-01-13 11:04:00", "subject": "2", "recorded-or-robo": "Y", "city": "Winchester", "state": "KY", "area-code": "859"}, {"id": "3decc6bfadaa436a105714c6bac49d59", "number": "3143636933", "date": "2021-01-24 17:20:00", "subject": "1", "recorded-or-robo": "Y", "city": "St Louis", "state": "MO", "area-code": "314"}, {"id": "03e293b3df9e35eadf15c561195ac5df", "number": "3143636933", "date": "2021-01-24 17:20:00", "subject": "1", "recorded-or-robo": "Y", "city": "St Louis", "state": "MO", "area-code": "314"}, {"id": "3decc6bfadaa436a105714c6bac48e1c", "number": "2053581", "date": "2021-01-13 13:17:00", "subject": "2", "recorded-or-robo": "Y", "city": "Winchester", "state": "KY", "area-code": "859"}, {"id": "03e293b3df9e35eadf15c561195abaaf", "number": "2053581", "date": "2021-01-13 13:17:00", "subject": "2", "recorded-or-robo": "Y", "city": "Winchester", "state": "KY", "area-code": "859"}, {"id": "3decc6bfadaa436a105714c6bac48ad6", "number": "7203173563", "date": "2021-01-18 13:56:00", "subject": "2", "recorded-or-robo": "Y", "city": "Irving", "state": "TX", "area-code": "972"}, {"id": "03e293b3df9e35eadf15c561195ab201", "number": "7203173563", "date": "2021-01-18 13:56:00", "subject": "2", "recorded-or-robo": "Y", "city": "Irving", "state": "TX", "area-code": "972"}, {"id": "3decc6bfadaa436a105714c6bac48592", "number": "3758176", "date": "2021-01-13 18:18:00", "subject": "2", "recorded-or-robo": "Y", "city": "Winchester", "state": "KY", "area-code": "859"}, {"id": "03e293b3df9e35eadf15c561195aab90", "number": "3758176", "date": "2021-01-13 18:18:00", "subject": "2", "recorded-or-robo": "Y", "city": "Winchester", "state": "KY", "area-code": "859"}, {"id": "3decc6bfadaa436a105714c6bac4813d", "number": "8089835832", "date": "2021-01-22 11:30:00", "subject": "2", "recorded-or-robo": "N", "city": "Kailua", "state": "HI", "area-code": "808"}, {"id": "03e293b3df9e35eadf15c561195aa7eb", "number": "8089835832", "date": "2021-01-22 11:30:00", "subject": "2", "recorded-or-robo": "N", "city": "Kailua", "state": "HI", "area-code": "808"}, {"id": "3decc6bfadaa436a105714c6bac47e41", "number": "0153771", "date": "2021-01-14 10:19:00", "subject": "2", "recorded-or-robo": "Y", "city": "Winchester", "state": "KY", "area-code": "859"}, {"id": "03e293b3df9e35eadf15c561195a9d31", "number": "0153771", "date": "2021-01-14 10:19:00", "subject": "2", "recorded-or-robo": "Y", "city": "Winchester", "state": "KY", "area-code": "859"}, {"id": "3decc6bfadaa436a105714c6bac47208", "number": "2017750780", "date": "2021-01-20 11:10:00", "subject": "2", "recorded-or-robo": "", "city": "Hasbrouck Heights", "state": "NJ", "area-code": "201"}, {"id": "03e293b3df9e35eadf15c561195a95eb", "number": "2017750780", "date": "2021-01-20 11:10:00", "subject": "2", "recorded-or-robo": "", "city": "Hasbrouck Heights", "state": "NJ", "area-code": "201"}, {"id": "3decc6bfadaa436a105714c6bac46b3a", "number": "2012897882", "date": "2021-01-20 11:54:00", "subject": "2", "recorded-or-robo": "", "city": "Hasbrouck Heights", "state": "NJ", "area-code": "201"}, {"id": "03e293b3df9e35eadf15c561195a9458", "number": "2012897882", "date": "2021-01-20 11:54:00", "subject": "2", "recorded-or-robo": "", "city": "Hasbrouck Heights", "state": "NJ", "area-code": "201"}, {"id": "3decc6bfadaa436a105714c6bac45da2", "number": "9101917", "date": "2021-01-16 11:04:00", "subject": "2", "recorded-or-robo": "Y", "city": "Winchester", "state": "KY", "area-code": "859"}, {"id": "03e293b3df9e35eadf15c561195a846a", "number": "9101917", "date": "2021-01-16 11:04:00", "subject": "2", "recorded-or-robo": "Y", "city": "Winchester", "state": "KY", "area-code": "859"}, {"id": "3decc6bfadaa436a105714c6bac458f1", "number": "6074341762", "date": "2021-01-24 18:07:00", "subject": "2", "recorded-or-robo": "Y", "city": "Clinton", "state": "NY", "area-code": "607"}, {"id": "03e293b3df9e35eadf15c561195a76e7", "number": "6074341762", "date": "2021-01-24 18:07:00", "subject": "2", "recorded-or-robo": "Y", "city": "Clinton", "state": "NY", "area-code": "607"}, {"id": "3decc6bfadaa436a105714c6bac4529e", "number": "8084707186", "date": "2021-01-22 11:54:00", "subject": "0", "recorded-or-robo": "N", "city": "", "state": "HI", "area-code": "808"}, {"id": "03e293b3df9e35eadf15c561195a73db", "number": "8084707186", "date": "2021-01-22 11:54:00", "subject": "0", "recorded-or-robo": "N", "city": "", "state": "HI", "area-code": "808"}, {"id": "3decc6bfadaa436a105714c6bac450c4", "number": "2012884704", "date": "2021-01-20 13:06:00", "subject": "2", "recorded-or-robo": "", "city": "Hasbrouck Heights", "state": "NJ", "area-code": "201"}, {"id": "03e293b3df9e35eadf15c561195a6894", "number": "2012884704", "date": "2021-01-20 13:06:00", "subject": "2", "recorded-or-robo": "", "city": "Hasbrouck Heights", "state": "NJ", "area-code": "201"}, {"id": "3decc6bfadaa436a105714c6bac440e4", "number": "7327769777", "date": "2021-01-17 20:05:00", "subject": "2", "recorded-or-robo": "Y", "city": "Winchester", "state": "KY", "area-code": "859"}, {"id": "03e293b3df9e35eadf15c561195a64b3", "number": "7327769777", "date": "2021-01-17 20:05:00", "subject": "2", "recorded-or-robo": "Y", "city": "Winchester", "state": "KY", "area-code": "859"}, {"id": "3decc6bfadaa436a105714c6bac433b1", "number": "2017750780", "date": "2021-01-20 13:17:00", "subject": "2", "recorded-or-robo": "", "city": "Hasbrouck Heights", "state": "NJ", "area-code": "201"}, {"id": "03e293b3df9e35eadf15c561195a5dc2", "number": "2017750780", "date": "2021-01-20 13:17:00", "subject": "2", "recorded-or-robo": "", "city": "Hasbrouck Heights", "state": "NJ", "area-code": "201"}, {"id": "3decc6bfadaa436a105714c6bac4271d", "number": "2012409772", "date": "2021-01-20 13:50:00", "subject": "2", "recorded-or-robo": "", "city": "Hasbrouck Heights", "state": "NJ", "area-code": "201"}, {"id": "03e293b3df9e35eadf15c561195a5c8e", "number": "2012409772", "date": "2021-01-20 13:50:00", "subject": "2", "recorded-or-robo": "", "city": "Hasbrouck Heights", "state": "NJ", "area-code": "201"}, {"id": "3decc6bfadaa436a105714c6bac418fd", "number": "", "date": "2021-01-24 12:00:00", "subject": "11", "recorded-or-robo": "Y", "city": "Plant City", "state": "FL", "area-code": "813"}, {"id": "03e293b3df9e35eadf15c561195a5bde", "number": "", "date": "2021-01-24 12:00:00", "subject": "11", "recorded-or-robo": "Y", "city": "Plant City", "state": "FL", "area-code": "813"}, {"id": "3decc6bfadaa436a105714c6bac40fad", "number": "4496535", "date": "2021-01-19 09:20:00", "subject": "2", "recorded-or-robo": "Y", "city": "Winchester", "state": "KY", "area-code": "859"}, {"id": "03e293b3df9e35eadf15c561195a517e", "number": "4496535", "date": "2021-01-19 09:20:00", "subject": "2", "recorded-or-robo": "Y", "city": "Winchester", "state": "KY", "area-code": "859"}, {"id": "3decc6bfadaa436a105714c6bac40c54", "number": "20121087793", "date": "2021-01-20 16:56:00", "subject": "2", "recorded-or-robo": "", "city": "Hasbrouck Heights", "state": "NJ", "area-code": "201"}, {"id": "03e293b3df9e35eadf15c561195a41cc", "number": "20121087793", "date": "2021-01-20 16:56:00", "subject": "2", "recorded-or-robo": "", "city": "Hasbrouck Heights", "state": "NJ", "area-code": "201"}, {"id": "3decc6bfadaa436a105714c6bac3fdef", "number": "7272511311", "date": "2021-01-24 14:48:00", "subject": "1", "recorded-or-robo": "Y", "city": "Panama City Beach", "state": "FL", "area-code": "727"}, {"id": "03e293b3df9e35eadf15c561195a3e33", "number": "7272511311", "date": "2021-01-24 14:48:00", "subject": "1", "recorded-or-robo": "Y", "city": "Panama City Beach", "state": "FL", "area-code": "727"}, {"id": "3decc6bfadaa436a105714c6bac3fbf2", "number": "5029928275", "date": "2021-01-19 11:56:00", "subject": "2", "recorded-or-robo": "Y", "city": "Winchester", "state": "KY", "area-code": "859"}, {"id": "03e293b3df9e35eadf15c561195a3df8", "number": "5029928275", "date": "2021-01-19 11:56:00", "subject": "2", "recorded-or-robo": "Y", "city": "Winchester", "state": "KY", "area-code": "859"}, {"id": "3decc6bfadaa436a105714c6bac3f632", "number": "7147555888", "date": "2021-01-22 10:12:00", "subject": "4", "recorded-or-robo": "Y", "city": "SYLMAR,", "state": "CA", "area-code": "818"}, {"id": "03e293b3df9e35eadf15c561195a3a6b", "number": "7147555888", "date": "2021-01-22 10:12:00", "subject": "4", "recorded-or-robo": "Y", "city": "SYLMAR,", "state": "CA", "area-code": "818"}, {"id": "3decc6bfadaa436a105714c6bac3ef79", "number": "2012970851", "date": "2021-01-20 18:09:00", "subject": "2", "recorded-or-robo": "", "city": "Hasbrouck Heights", "state": "NJ", "area-code": "201"}, {"id": "03e293b3df9e35eadf15c561195a392d", "number": "2012970851", "date": "2021-01-20 18:09:00", "subject": "2", "recorded-or-robo": "", "city": "Hasbrouck Heights", "state": "NJ", "area-code": "201"}, {"id": "3decc6bfadaa436a105714c6bac3ea1c", "number": "2012882099", "date": "2021-01-21 09:14:00", "subject": "2", "recorded-or-robo": "", "city": "Hasbrouck Heights", "state": "NJ", "area-code": "201"}, {"id": "03e293b3df9e35eadf15c561195a3574", "number": "2012882099", "date": "2021-01-21 09:14:00", "subject": "2", "recorded-or-robo": "", "city": "Hasbrouck Heights", "state": "NJ", "area-code": "201"}, {"id": "3decc6bfadaa436a105714c6bac3db55", "number": "9095512341", "date": "2021-01-22 11:19:00", "subject": "0", "recorded-or-robo": "Y", "city": "SYLMAR,", "state": "CA", "area-code": "818"}, {"id": "03e293b3df9e35eadf15c561195a2701", "number": "9095512341", "date": "2021-01-22 11:19:00", "subject": "0", "recorded-or-robo": "Y", "city": "SYLMAR,", "state": "CA", "area-code": "818"}, {"id": "3decc6bfadaa436a105714c6bac3d317", "number": "6627541186", "date": "2021-01-23 10:18:00", "subject": "3", "recorded-or-robo": "Y", "city": "Camarillo", "state": "CA", "area-code": "805"}]}