{"data": [{"id": "03e293b3df9e35eadf15c561196967b7", "number": "7193319467", "date": "2021-01-21 11:42:00", "subject": "3", "recorded-or-robo": "", "city": "", "state": "CO", "area-code": "719"}, {"id": "3decc6bfadaa436a105714c6bad3417c", "number": "3013688980", "date": "2021-01-23 15:26:00", "subject": "3", "recorded-or-robo": "Y", "city": "", "state": "AZ", "area-code": "623"}, {"id": "03e293b3df9e35eadf15c56119696129", "number": "3013688980", "date": "2021-01-23 15:26:00", "subject": "3", "recorded-or-robo": "Y", "city": "", "state": "AZ", "area-code": "623"}, {"id": "3decc6bfadaa436a105714c6bad33368", "number": "9704231601", "date": "2021-01-21 12:16:00", "subject": "3", "recorded-or-robo": "", "city": "", "state": "CO", "area-code": "719"}, {"id": "03e293b3df9e35eadf15c56119695185", "number": "9704231601", "date": "2021-01-21 12:16:00", "subject": "3", "recorded-or-robo": "", "city": "", "state": "CO", "area-code": "719"}, {"id": "3decc6bfadaa436a105714c6bad32b15", "number": "6468672624", "date": "2021-01-24 15:00:00", "subject": "2", "recorded-or-robo": "", "city": "", "state": "NY", "area-code": "917"}, {"id": "03e293b3df9e35eadf15c56119694cb4", "number": "6468672624", "date": "2021-01-24 15:00:00", "subject": "2", "recorded-or-robo": "", "city": "", "state": "NY", "area-code": "917"}, {"id": "3decc6bfadaa436a105714c6bad31e98", "number": "7195423105", "date": "2021-01-21 13:23:00", "subject": "3", "recorded-or-robo": "", "city": "", "state": "CO", "area-code": "719"}, {"id": "03e293b3df9e35eadf15c5611969486f", "number": "7195423105", "date": "2021-01-21 13:23:00", "subject": "3", "recorded-or-robo": "", "city": "", "state": "CO", "area-code": "719"}, {"id": "3decc6bfadaa436a105714c6bad31e11", "number": "8058550403", "date": "2021-01-21 13:16:00", "subject": "4", "recorded-or-robo": "Y", "city": "santa Barbara", "state": "CA", "area-code": "805"}, {"id": "03e293b3df9e35eadf15c56119694109", "number": "8058550403", "date": "2021-01-21 13:16:00", "subject": "4", "recorded-or-robo": "Y", "city": "santa Barbara", "state": "CA", "area-code": "805"}, {"id": "3decc6bfadaa436a105714c6bad3160b", "number": "7207434697", "date": "2021-01-21 19:33:00", "subject": "3", "recorded-or-robo": "Y", "city": "", "state": "CO", "area-code": "719"}, {"id": "03e293b3df9e35eadf15c5611969351b", "number": "7207434697", "date": "2021-01-21 19:33:00", "subject": "3", "recorded-or-robo": "Y", "city": "", "state": "CO", "area-code": "719"}, {"id": "3decc6bfadaa436a105714c6bad30e8b", "number": "4692701319", "date": "2021-01-22 19:46:00", "subject": "2", "recorded-or-robo": "N", "city": "Irving", "state": "TX", "area-code": "972"}, {"id": "03e293b3df9e35eadf15c56119692837", "number": "4692701319", "date": "2021-01-22 19:46:00", "subject": "2", "recorded-or-robo": "N", "city": "Irving", "state": "TX", "area-code": "972"}, {"id": "3decc6bfadaa436a105714c6bad3029d", "number": "7193319855", "date": "2021-01-22 09:56:00", "subject": "3", "recorded-or-robo": "", "city": "", "state": "CO", "area-code": "719"}, {"id": "03e293b3df9e35eadf15c5611969194f", "number": "7193319855", "date": "2021-01-22 09:56:00", "subject": "3", "recorded-or-robo": "", "city": "", "state": "CO", "area-code": "719"}, {"id": "3decc6bfadaa436a105714c6bad2f53b", "number": "7273816132", "date": "2021-01-16 18:49:00", "subject": "0", "recorded-or-robo": "N", "city": "Trinity", "state": "FL", "area-code": "727"}, {"id": "03e293b3df9e35eadf15c56119690d00", "number": "7273816132", "date": "2021-01-16 18:49:00", "subject": "0", "recorded-or-robo": "N", "city": "Trinity", "state": "FL", "area-code": "727"}, {"id": "3decc6bfadaa436a105714c6bad2f430", "number": "3033510098", "date": "2021-01-22 20:25:00", "subject": "3", "recorded-or-robo": "Y", "city": "", "state": "CO", "area-code": "719"}, {"id": "03e293b3df9e35eadf15c56119690b19", "number": "3033510098", "date": "2021-01-22 20:25:00", "subject": "3", "recorded-or-robo": "Y", "city": "", "state": "CO", "area-code": "719"}, {"id": "3decc6bfadaa436a105714c6bad2e4c0", "number": "7228460", "date": "2021-01-24 12:23:00", "subject": "0", "recorded-or-robo": "Y", "city": "", "state": "CA", "area-code": "323"}, {"id": "03e293b3df9e35eadf15c56119690ad8", "number": "7228460", "date": "2021-01-24 12:23:00", "subject": "0", "recorded-or-robo": "Y", "city": "", "state": "CA", "area-code": "323"}, {"id": "3decc6bfadaa436a105714c6bad2d75b", "number": "3035697746", "date": "2021-01-23 14:18:00", "subject": "3", "recorded-or-robo": "", "city": "", "state": "CO", "area-code": "719"}, {"id": "03e293b3df9e35eadf15c561196906c1", "number": "3035697746", "date": "2021-01-23 14:18:00", "subject": "3", "recorded-or-robo": "", "city": "", "state": "CO", "area-code": "719"}, {"id": "3decc6bfadaa436a105714c6bad2b105", "number": "3176509547", "date": "2021-01-24 00:00:00", "subject": "3", "recorded-or-robo": "N", "city": "", "state": "CA", "area-code": "916"}, {"id": "03e293b3df9e35eadf15c5611968dd90", "number": "3176509547", "date": "2021-01-24 00:00:00", "subject": "3", "recorded-or-robo": "N", "city": "", "state": "CA", "area-code": "916"}, {"id": "3decc6bfadaa436a105714c6bad2cdd2", "number": "6197549498", "date": "2021-01-22 14:57:00", "subject": "2", "recorded-or-robo": "Y", "city": "Long Beach", "state": "CA", "area-code": "562"}, {"id": "03e293b3df9e35eadf15c5611968fc16", "number": "6197549498", "date": "2021-01-22 14:57:00", "subject": "2", "recorded-or-robo": "Y", "city": "Long Beach", "state": "CA", "area-code": "562"}, {"id": "3decc6bfadaa436a105714c6bad2c493", "number": "7272152285", "date": "2021-01-24 20:32:00", "subject": "1", "recorded-or-robo": "Y", "city": "", "state": "FL", "area-code": "727"}, {"id": "03e293b3df9e35eadf15c5611968f351", "number": "7272152285", "date": "2021-01-24 20:32:00", "subject": "1", "recorded-or-robo": "Y", "city": "", "state": "FL", "area-code": "727"}, {"id": "3decc6bfadaa436a105714c6bad2be4b", "number": "", "date": "2021-01-24 17:23:00", "subject": "2", "recorded-or-robo": "Y", "city": "Mission Viejo", "state": "CA", "area-code": "949"}, {"id": "03e293b3df9e35eadf15c5611968ecb3", "number": "", "date": "2021-01-24 17:23:00", "subject": "2", "recorded-or-robo": "Y", "city": "Mission Viejo", "state": "CA", "area-code": "949"}, {"id": "3decc6bfadaa436a105714c6bad2a461", "number": "7194175873", "date": "2021-01-22 11:14:00", "subject": "1", "recorded-or-robo": "", "city": "", "state": "CO", "area-code": "719"}, {"id": "03e293b3df9e35eadf15c5611968cdbf", "number": "7194175873", "date": "2021-01-22 11:14:00", "subject": "1", "recorded-or-robo": "", "city": "", "state": "CO", "area-code": "719"}, {"id": "3decc6bfadaa436a105714c6bad2a2e3", "number": "7273702244", "date": "2021-01-15 18:08:00", "subject": "0", "recorded-or-robo": "N", "city": "Trinity", "state": "FL", "area-code": "727"}, {"id": "03e293b3df9e35eadf15c5611968c8e7", "number": "7273702244", "date": "2021-01-15 18:08:00", "subject": "0", "recorded-or-robo": "N", "city": "Trinity", "state": "FL", "area-code": "727"}, {"id": "3decc6bfadaa436a105714c6bad29702", "number": "6769163", "date": "2021-01-23 16:40:00", "subject": "0", "recorded-or-robo": "Y", "city": "", "state": "CA", "area-code": "323"}, {"id": "03e293b3df9e35eadf15c5611968be34", "number": "6769163", "date": "2021-01-23 16:40:00", "subject": "0", "recorded-or-robo": "Y", "city": "", "state": "CA", "area-code": "323"}, {"id": "3decc6bfadaa436a105714c6bad28d26", "number": "7194175468", "date": "2021-01-22 10:28:00", "subject": "1", "recorded-or-robo": "", "city": "", "state": "CO", "area-code": "719"}, {"id": "03e293b3df9e35eadf15c5611968af8e", "number": "7194175468", "date": "2021-01-22 10:28:00", "subject": "1", "recorded-or-robo": "", "city": "", "state": "CO", "area-code": "719"}, {"id": "3decc6bfadaa436a105714c6bad28b9f", "number": "3103199574", "date": "2021-01-15 14:18:00", "subject": "0", "recorded-or-robo": "N", "city": "Trinity", "state": "FL", "area-code": "727"}, {"id": "03e293b3df9e35eadf15c5611968a3da", "number": "3103199574", "date": "2021-01-15 14:18:00", "subject": "0", "recorded-or-robo": "N", "city": "Trinity", "state": "FL", "area-code": "727"}, {"id": "3decc6bfadaa436a105714c6bad28396", "number": "", "date": "2021-01-24 17:59:00", "subject": "2", "recorded-or-robo": "Y", "city": "Menomonee Falls", "state": "WI", "area-code": "414"}, {"id": "03e293b3df9e35eadf15c56119689741", "number": "", "date": "2021-01-24 17:59:00", "subject": "2", "recorded-or-robo": "Y", "city": "Menomonee Falls", "state": "WI", "area-code": "414"}, {"id": "3decc6bfadaa436a105714c6bad2795a", "number": "7202597487", "date": "2021-01-19 15:28:00", "subject": "3", "recorded-or-robo": "", "city": "", "state": "CO", "area-code": "719"}, {"id": "03e293b3df9e35eadf15c56119688955", "number": "7202597487", "date": "2021-01-19 15:28:00", "subject": "3", "recorded-or-robo": "", "city": "", "state": "CO", "area-code": "719"}, {"id": "3decc6bfadaa436a105714c6bad270a9", "number": "7193700360", "date": "2021-01-21 19:27:00", "subject": "3", "recorded-or-robo": "", "city": "", "state": "CO", "area-code": "719"}, {"id": "03e293b3df9e35eadf15c561196881f2", "number": "7193700360", "date": "2021-01-21 19:27:00", "subject": "3", "recorded-or-robo": "", "city": "", "state": "CO", "area-code": "719"}, {"id": "3decc6bfadaa436a105714c6bad26d8e", "number": "3216229225", "date": "2021-01-15 13:33:00", "subject": "0", "recorded-or-robo": "N", "city": "Trinity", "state": "FL", "area-code": "727"}]}