{"data": [{"id": "1d36742e3f24f50e4e7ae82801c1e3e4", "number": "7069717489", "date": "2021-01-19 00:48:00", "subject": "4", "recorded-or-robo": "Y", "city": "Evans", "state": "GA", "area-code": "706"}, {"id": "3decc6bfadaa436a105714c6ba2a801b", "number": "8124380300", "date": "2021-01-23 15:32:00", "subject": "2", "recorded-or-robo": "Y", "city": "Flushing", "state": "NY", "area-code": "516"}, {"id": "1d36742e3f24f50e4e7ae82801c1df07", "number": "8124380300", "date": "2021-01-23 15:32:00", "subject": "2", "recorded-or-robo": "Y", "city": "Flushing", "state": "NY", "area-code": "516"}, {"id": "3decc6bfadaa436a105714c6ba76e255", "number": "8653838083", "date": "2021-01-23 15:39:51", "subject": "3", "recorded-or-robo": "Y", "city": "", "state": "TN", "area-code": "865"}, {"id": "03e293b3df9e35eadf15c561190d5063", "number": "8653838083", "date": "2021-01-23 15:39:51", "subject": "3", "recorded-or-robo": "Y", "city": "", "state": "TN", "area-code": "865"}, {"id": "3decc6bfadaa436a105714c6ba2a77dd", "number": "2035013030", "date": "2021-01-22 12:22:00", "subject": "2", "recorded-or-robo": "N", "city": "", "state": "FL", "area-code": "727"}, {"id": "1d36742e3f24f50e4e7ae82801c1dc0a", "number": "2035013030", "date": "2021-01-22 12:22:00", "subject": "2", "recorded-or-robo": "N", "city": "", "state": "FL", "area-code": "727"}, {"id": "3decc6bfadaa436a105714c6ba2a7212", "number": "7609025305", "date": "2021-01-23 02:30:00", "subject": "1", "recorded-or-robo": "Y", "city": "Ardmore", "state": "OK", "area-code": "760"}, {"id": "1d36742e3f24f50e4e7ae82801c1d061", "number": "7609025305", "date": "2021-01-23 02:30:00", "subject": "1", "recorded-or-robo": "Y", "city": "Ardmore", "state": "OK", "area-code": "760"}, {"id": "3decc6bfadaa436a105714c6ba875c2a", "number": "", "date": "2021-01-22 09:05:00", "subject": "3", "recorded-or-robo": "N", "city": "", "state": "IL", "area-code": "847"}, {"id": "03e293b3df9e35eadf15c561191df44a", "number": "", "date": "2021-01-22 09:05:00", "subject": "3", "recorded-or-robo": "N", "city": "", "state": "IL", "area-code": "847"}, {"id": "3decc6bfadaa436a105714c6ba2a66b5", "number": "5414035428", "date": "2021-01-22 12:25:00", "subject": "2", "recorded-or-robo": "Y", "city": "Reedsport", "state": "OR", "area-code": "541"}, {"id": "1d36742e3f24f50e4e7ae82801c1c2cc", "number": "5414035428", "date": "2021-01-22 12:25:00", "subject": "2", "recorded-or-robo": "Y", "city": "Reedsport", "state": "OR", "area-code": "541"}, {"id": "3decc6bfadaa436a105714c6ba2a583b", "number": "9374264841", "date": "2021-01-23 15:38:00", "subject": "2", "recorded-or-robo": "Y", "city": "Kettering", "state": "OH", "area-code": "937"}, {"id": "1d36742e3f24f50e4e7ae82801c1b844", "number": "9374264841", "date": "2021-01-23 15:38:00", "subject": "2", "recorded-or-robo": "Y", "city": "Kettering", "state": "OH", "area-code": "937"}, {"id": "3decc6bfadaa436a105714c6ba76bf19", "number": "8013412820", "date": "2021-01-23 15:39:14", "subject": "3", "recorded-or-robo": "Y", "city": "", "state": "UT", "area-code": "801"}, {"id": "03e293b3df9e35eadf15c561190d1e63", "number": "8013412820", "date": "2021-01-23 15:39:14", "subject": "3", "recorded-or-robo": "Y", "city": "", "state": "UT", "area-code": "801"}, {"id": "3decc6bfadaa436a105714c6ba2a2c3e", "number": "2042236293", "date": "2021-01-23 12:30:00", "subject": "3", "recorded-or-robo": "N", "city": "", "state": "OR", "area-code": "541"}, {"id": "1d36742e3f24f50e4e7ae82801c18da4", "number": "2042236293", "date": "2021-01-23 12:30:00", "subject": "3", "recorded-or-robo": "N", "city": "", "state": "OR", "area-code": "541"}, {"id": "3decc6bfadaa436a105714c6ba2a4bb6", "number": "9089224413", "date": "2021-01-23 13:35:00", "subject": "1", "recorded-or-robo": "Y", "city": "Summit", "state": "NJ", "area-code": "908"}, {"id": "1d36742e3f24f50e4e7ae82801c1abf2", "number": "9089224413", "date": "2021-01-23 13:35:00", "subject": "1", "recorded-or-robo": "Y", "city": "Summit", "state": "NJ", "area-code": "908"}, {"id": "3decc6bfadaa436a105714c6ba76b8e1", "number": "8652692711", "date": "2021-01-23 15:38:54", "subject": "3", "recorded-or-robo": "Y", "city": "", "state": "TN", "area-code": "865"}, {"id": "03e293b3df9e35eadf15c561190d1aa5", "number": "8652692711", "date": "2021-01-23 15:38:54", "subject": "3", "recorded-or-robo": "Y", "city": "", "state": "TN", "area-code": "865"}, {"id": "3decc6bfadaa436a105714c6ba2a3e47", "number": "9259648191", "date": "2021-01-23 00:36:00", "subject": "2", "recorded-or-robo": "Y", "city": "", "state": "CA", "area-code": "925"}, {"id": "1d36742e3f24f50e4e7ae82801c1aacb", "number": "9259648191", "date": "2021-01-23 00:36:00", "subject": "2", "recorded-or-robo": "Y", "city": "", "state": "CA", "area-code": "925"}, {"id": "3decc6bfadaa436a105714c6ba2a3a79", "number": "2064798186", "date": "2021-01-23 00:00:00", "subject": "3", "recorded-or-robo": "Y", "city": "", "state": "ID", "area-code": "208"}, {"id": "1d36742e3f24f50e4e7ae82801c1a222", "number": "2064798186", "date": "2021-01-23 00:00:00", "subject": "3", "recorded-or-robo": "Y", "city": "", "state": "ID", "area-code": "208"}, {"id": "3decc6bfadaa436a105714c6ba2a2da7", "number": "9712997549", "date": "2021-01-20 14:31:00", "subject": "2", "recorded-or-robo": "Y", "city": "Albany", "state": "OR", "area-code": "541"}, {"id": "1d36742e3f24f50e4e7ae82801c1948a", "number": "9712997549", "date": "2021-01-20 14:31:00", "subject": "2", "recorded-or-robo": "Y", "city": "Albany", "state": "OR", "area-code": "541"}, {"id": "3decc6bfadaa436a105714c6ba2a1f26", "number": "7273422609", "date": "2021-01-22 12:34:00", "subject": "2", "recorded-or-robo": "N", "city": "", "state": "FL", "area-code": "727"}, {"id": "1d36742e3f24f50e4e7ae82801c187ee", "number": "7273422609", "date": "2021-01-22 12:34:00", "subject": "2", "recorded-or-robo": "N", "city": "", "state": "FL", "area-code": "727"}, {"id": "3decc6bfadaa436a105714c6ba2a14d1", "number": "", "date": "2021-01-23 12:30:00", "subject": "1", "recorded-or-robo": "Y", "city": "Graham", "state": "WA", "area-code": "253"}, {"id": "1d36742e3f24f50e4e7ae82801c17c0d", "number": "", "date": "2021-01-23 12:30:00", "subject": "1", "recorded-or-robo": "Y", "city": "Graham", "state": "WA", "area-code": "253"}, {"id": "3decc6bfadaa436a105714c6ba2a1316", "number": "5164439931", "date": "2021-01-23 15:25:00", "subject": "7", "recorded-or-robo": "N", "city": "Shirley", "state": "NY", "area-code": "631"}, {"id": "1d36742e3f24f50e4e7ae82801c171ae", "number": "5164439931", "date": "2021-01-23 15:25:00", "subject": "7", "recorded-or-robo": "N", "city": "Shirley", "state": "NY", "area-code": "631"}, {"id": "3decc6bfadaa436a105714c6ba76cd55", "number": "4232142820", "date": "2021-01-23 15:38:10", "subject": "3", "recorded-or-robo": "Y", "city": "", "state": "TN", "area-code": "865"}, {"id": "3decc6bfadaa436a105714c6ba2a0f11", "number": "7183324343", "date": "2021-01-22 09:14:00", "subject": "7", "recorded-or-robo": "Y", "city": "Brooklyn", "state": "NY", "area-code": "718"}, {"id": "1d36742e3f24f50e4e7ae82801c1713b", "number": "7183324343", "date": "2021-01-22 09:14:00", "subject": "7", "recorded-or-robo": "Y", "city": "Brooklyn", "state": "NY", "area-code": "718"}, {"id": "03e293b3df9e35eadf15c561190d267d", "number": "4232142820", "date": "2021-01-23 15:38:10", "subject": "3", "recorded-or-robo": "Y", "city": "", "state": "TN", "area-code": "865"}, {"id": "3decc6bfadaa436a105714c6ba2a0533", "number": "9133487526", "date": "2021-01-19 14:21:00", "subject": "2", "recorded-or-robo": "Y", "city": "Waterloo", "state": "IA", "area-code": "319"}, {"id": "1d36742e3f24f50e4e7ae82801c16917", "number": "9133487526", "date": "2021-01-19 14:21:00", "subject": "2", "recorded-or-robo": "Y", "city": "Waterloo", "state": "IA", "area-code": "319"}, {"id": "3decc6bfadaa436a105714c6ba2a040c", "number": "8103661006", "date": "2021-01-22 14:04:00", "subject": "2", "recorded-or-robo": "Y", "city": "", "state": "TX", "area-code": "281"}, {"id": "1d36742e3f24f50e4e7ae82801c16352", "number": "8103661006", "date": "2021-01-22 14:04:00", "subject": "2", "recorded-or-robo": "Y", "city": "", "state": "TX", "area-code": "281"}, {"id": "3decc6bfadaa436a105714c6ba2a0079", "number": "3125001140", "date": "2021-01-22 01:31:00", "subject": "2", "recorded-or-robo": "N", "city": "Sugar grove", "state": "IL", "area-code": "630"}, {"id": "1d36742e3f24f50e4e7ae82801c158be", "number": "3125001140", "date": "2021-01-22 01:31:00", "subject": "2", "recorded-or-robo": "N", "city": "Sugar grove", "state": "IL", "area-code": "630"}, {"id": "3decc6bfadaa436a105714c6ba76db42", "number": "+13147873587", "date": "2021-01-23 15:37:40", "subject": "3", "recorded-or-robo": "N", "city": "", "state": "MO", "area-code": "314"}, {"id": "03e293b3df9e35eadf15c561190d32ea", "number": "+13147873587", "date": "2021-01-23 15:37:40", "subject": "3", "recorded-or-robo": "N", "city": "", "state": "MO", "area-code": "314"}, {"id": "3decc6bfadaa436a105714c6ba29f8d7", "number": "6267224764", "date": "2021-01-22 12:40:00", "subject": "2", "recorded-or-robo": "N", "city": "", "state": "FL", "area-code": "727"}, {"id": "1d36742e3f24f50e4e7ae82801c1527a", "number": "6267224764", "date": "2021-01-22 12:40:00", "subject": "2", "recorded-or-robo": "N", "city": "", "state": "FL", "area-code": "727"}, {"id": "3decc6bfadaa436a105714c6ba29edd6", "number": "6206645115", "date": "2021-01-23 14:32:00", "subject": "1", "recorded-or-robo": "Y", "city": "", "state": "KS", "area-code": "620"}]}