{"data": [{"id": "1d36742e3f24f50e4e7ae82801a32b09", "number": "8004300848", "date": "2020-12-31 08:35:00", "subject": "2", "recorded-or-robo": "Y", "city": "Cutler Bay", "state": "FL", "area-code": "305"}, {"id": "3decc6bfadaa436a105714c6ba0bd087", "number": "3016914559", "date": "2021-01-22 17:49:00", "subject": "2", "recorded-or-robo": "Y", "city": "Frederick", "state": "MD", "area-code": "301"}, {"id": "1d36742e3f24f50e4e7ae82801a31edf", "number": "3016914559", "date": "2021-01-22 17:49:00", "subject": "2", "recorded-or-robo": "Y", "city": "Frederick", "state": "MD", "area-code": "301"}, {"id": "3decc6bfadaa436a105714c6ba0bc914", "number": "7206131765", "date": "2021-01-21 13:03:00", "subject": "2", "recorded-or-robo": "N", "city": "", "state": "CO", "area-code": "720"}, {"id": "1d36742e3f24f50e4e7ae82801a31b98", "number": "7206131765", "date": "2021-01-21 13:03:00", "subject": "2", "recorded-or-robo": "N", "city": "", "state": "CO", "area-code": "720"}, {"id": "3decc6bfadaa436a105714c6ba0bb21c", "number": "4075503053", "date": "2021-01-23 11:23:00", "subject": "4", "recorded-or-robo": "Y", "city": "Seffner", "state": "FL", "area-code": "813"}, {"id": "1d36742e3f24f50e4e7ae82801a307c1", "number": "4075503053", "date": "2021-01-23 11:23:00", "subject": "4", "recorded-or-robo": "Y", "city": "Seffner", "state": "FL", "area-code": "813"}, {"id": "3decc6bfadaa436a105714c6ba0baeba", "number": "7207410974", "date": "2021-01-21 12:34:00", "subject": "2", "recorded-or-robo": "N", "city": "", "state": "CO", "area-code": "720"}, {"id": "1d36742e3f24f50e4e7ae82801a2fb86", "number": "7207410974", "date": "2021-01-21 12:34:00", "subject": "2", "recorded-or-robo": "N", "city": "", "state": "CO", "area-code": "720"}, {"id": "3decc6bfadaa436a105714c6ba561983", "number": "+18555452577", "date": "2021-01-23 13:35:40", "subject": "3", "recorded-or-robo": "Y", "city": "", "state": "PA", "area-code": "267"}, {"id": "3decc6bfadaa436a105714c6ba0ba664", "number": "5032136359", "date": "2021-01-23 10:20:00", "subject": "2", "recorded-or-robo": "Y", "city": "", "state": "OR", "area-code": "503"}, {"id": "1d36742e3f24f50e4e7ae82801ec5db9", "number": "+18555452577", "date": "2021-01-23 13:35:40", "subject": "3", "recorded-or-robo": "Y", "city": "", "state": "PA", "area-code": "267"}, {"id": "1d36742e3f24f50e4e7ae82801a2f4bc", "number": "5032136359", "date": "2021-01-23 10:20:00", "subject": "2", "recorded-or-robo": "Y", "city": "", "state": "OR", "area-code": "503"}, {"id": "3decc6bfadaa436a105714c6ba0ba1d2", "number": "4805814769", "date": "2021-01-23 11:30:00", "subject": "2", "recorded-or-robo": "N", "city": "Gilbert", "state": "AZ", "area-code": "602"}, {"id": "1d36742e3f24f50e4e7ae82801a2f17e", "number": "4805814769", "date": "2021-01-23 11:30:00", "subject": "2", "recorded-or-robo": "N", "city": "Gilbert", "state": "AZ", "area-code": "602"}, {"id": "3decc6bfadaa436a105714c6ba0b9b8a", "number": "8004300848", "date": "2020-12-17 12:36:00", "subject": "2", "recorded-or-robo": "Y", "city": "Cutler Bay", "state": "FL", "area-code": "305"}, {"id": "1d36742e3f24f50e4e7ae82801a2ea61", "number": "8004300848", "date": "2020-12-17 12:36:00", "subject": "2", "recorded-or-robo": "Y", "city": "Cutler Bay", "state": "FL", "area-code": "305"}, {"id": "3decc6bfadaa436a105714c6ba0b8c9f", "number": "", "date": "2021-01-23 12:19:00", "subject": "1", "recorded-or-robo": "Y", "city": "Riverview", "state": "FL", "area-code": "813"}, {"id": "1d36742e3f24f50e4e7ae82801a2e144", "number": "", "date": "2021-01-23 12:19:00", "subject": "1", "recorded-or-robo": "Y", "city": "Riverview", "state": "FL", "area-code": "813"}, {"id": "3decc6bfadaa436a105714c6ba0b8599", "number": "3522685155", "date": "2021-01-23 11:30:00", "subject": "0", "recorded-or-robo": "N", "city": "", "state": "FL", "area-code": "352"}, {"id": "1d36742e3f24f50e4e7ae82801a2de8d", "number": "3522685155", "date": "2021-01-23 11:30:00", "subject": "0", "recorded-or-robo": "N", "city": "", "state": "FL", "area-code": "352"}, {"id": "3decc6bfadaa436a105714c6ba0b77cb", "number": "7206474568", "date": "2021-01-21 12:08:00", "subject": "2", "recorded-or-robo": "N", "city": "", "state": "CO", "area-code": "720"}, {"id": "1d36742e3f24f50e4e7ae82801a2d722", "number": "7206474568", "date": "2021-01-21 12:08:00", "subject": "2", "recorded-or-robo": "N", "city": "", "state": "CO", "area-code": "720"}, {"id": "3decc6bfadaa436a105714c6ba0b6e71", "number": "2393298459", "date": "2021-01-23 07:30:00", "subject": "6", "recorded-or-robo": "N", "city": "", "state": "FL", "area-code": "239"}, {"id": "1d36742e3f24f50e4e7ae82801a2c9cb", "number": "2393298459", "date": "2021-01-23 07:30:00", "subject": "6", "recorded-or-robo": "N", "city": "", "state": "FL", "area-code": "239"}, {"id": "3decc6bfadaa436a105714c6ba0b6734", "number": "7742290137", "date": "2021-01-23 12:29:00", "subject": "2", "recorded-or-robo": "Y", "city": "Frederick", "state": "MD", "area-code": "301"}, {"id": "1d36742e3f24f50e4e7ae82801a2c5d6", "number": "7742290137", "date": "2021-01-23 12:29:00", "subject": "2", "recorded-or-robo": "Y", "city": "Frederick", "state": "MD", "area-code": "301"}, {"id": "3decc6bfadaa436a105714c6ba0b4a07", "number": "6195029045", "date": "2021-01-23 10:06:00", "subject": "3", "recorded-or-robo": "", "city": "", "state": "CA", "area-code": "858"}, {"id": "1d36742e3f24f50e4e7ae82801a2932a", "number": "6195029045", "date": "2021-01-23 10:06:00", "subject": "3", "recorded-or-robo": "", "city": "", "state": "CA", "area-code": "858"}, {"id": "3decc6bfadaa436a105714c6ba0b5901", "number": "7705654390", "date": "2021-01-23 11:25:00", "subject": "1", "recorded-or-robo": "N", "city": "gilbert", "state": "AZ", "area-code": "770"}, {"id": "1d36742e3f24f50e4e7ae82801a2b9a7", "number": "7705654390", "date": "2021-01-23 11:25:00", "subject": "1", "recorded-or-robo": "N", "city": "gilbert", "state": "AZ", "area-code": "770"}, {"id": "3decc6bfadaa436a105714c6ba0b55f7", "number": "", "date": "2021-01-23 13:27:00", "subject": "2", "recorded-or-robo": "Y", "city": "Boca Raton", "state": "FL", "area-code": "954"}, {"id": "1d36742e3f24f50e4e7ae82801a2adb3", "number": "", "date": "2021-01-23 13:27:00", "subject": "2", "recorded-or-robo": "Y", "city": "Boca Raton", "state": "FL", "area-code": "954"}, {"id": "3decc6bfadaa436a105714c6ba0b534c", "number": "7205526215", "date": "2021-01-21 11:22:00", "subject": "2", "recorded-or-robo": "N", "city": "", "state": "CO", "area-code": "720"}, {"id": "3decc6bfadaa436a105714c6ba0b4d15", "number": "", "date": "2021-01-23 12:00:00", "subject": "3", "recorded-or-robo": "Y", "city": "", "state": "WV", "area-code": "304"}, {"id": "1d36742e3f24f50e4e7ae82801a2a31d", "number": "7205526215", "date": "2021-01-21 11:22:00", "subject": "2", "recorded-or-robo": "N", "city": "", "state": "CO", "area-code": "720"}, {"id": "1d36742e3f24f50e4e7ae82801a2a114", "number": "", "date": "2021-01-23 12:00:00", "subject": "3", "recorded-or-robo": "Y", "city": "", "state": "WV", "area-code": "304"}, {"id": "3decc6bfadaa436a105714c6ba0b3a96", "number": "3372833034", "date": "2021-01-23 09:38:00", "subject": "2", "recorded-or-robo": "Y", "city": "St. Albans", "state": "VT", "area-code": "802"}, {"id": "1d36742e3f24f50e4e7ae82801a286e5", "number": "3372833034", "date": "2021-01-23 09:38:00", "subject": "2", "recorded-or-robo": "Y", "city": "St. Albans", "state": "VT", "area-code": "802"}, {"id": "3decc6bfadaa436a105714c6ba0b3a14", "number": "6313666438", "date": "2021-01-23 13:09:00", "subject": "0", "recorded-or-robo": "", "city": "", "state": "NY", "area-code": "631"}, {"id": "1d36742e3f24f50e4e7ae82801a27db6", "number": "6313666438", "date": "2021-01-23 13:09:00", "subject": "0", "recorded-or-robo": "", "city": "", "state": "NY", "area-code": "631"}, {"id": "3decc6bfadaa436a105714c6ba0b3953", "number": "9567278263", "date": "2021-01-23 11:24:00", "subject": "7", "recorded-or-robo": "Y", "city": "Abilene", "state": "TX", "area-code": "325"}, {"id": "1d36742e3f24f50e4e7ae82801a275a3", "number": "9567278263", "date": "2021-01-23 11:24:00", "subject": "7", "recorded-or-robo": "Y", "city": "Abilene", "state": "TX", "area-code": "325"}, {"id": "3decc6bfadaa436a105714c6ba0b3813", "number": "7138392025", "date": "2021-01-22 12:00:00", "subject": "1", "recorded-or-robo": "Y", "city": "", "state": "TX", "area-code": "713"}, {"id": "1d36742e3f24f50e4e7ae82801a27308", "number": "7138392025", "date": "2021-01-22 12:00:00", "subject": "1", "recorded-or-robo": "Y", "city": "", "state": "TX", "area-code": "713"}, {"id": "3decc6bfadaa436a105714c6ba0b3489", "number": "7208920512", "date": "2021-01-21 11:02:00", "subject": "2", "recorded-or-robo": "Y", "city": "", "state": "CO", "area-code": "720"}, {"id": "1d36742e3f24f50e4e7ae82801a267f9", "number": "7208920512", "date": "2021-01-21 11:02:00", "subject": "2", "recorded-or-robo": "Y", "city": "", "state": "CO", "area-code": "720"}, {"id": "3decc6bfadaa436a105714c6ba0b3128", "number": "7733621702", "date": "2021-01-23 12:31:00", "subject": "2", "recorded-or-robo": "N", "city": "", "state": "IL", "area-code": "773"}, {"id": "1d36742e3f24f50e4e7ae82801a264eb", "number": "7733621702", "date": "2021-01-23 12:31:00", "subject": "2", "recorded-or-robo": "N", "city": "", "state": "IL", "area-code": "773"}, {"id": "3decc6bfadaa436a105714c6ba0b311b", "number": "8004300848", "date": "2020-12-04 00:00:00", "subject": "2", "recorded-or-robo": "Y", "city": "Cutler Bay", "state": "FL", "area-code": "305"}]}