{"data": [{"id": "1d36742e3f24f50e4e7ae82801b542d8", "number": "9157025501", "date": "2021-01-23 12:00:00", "subject": "2", "recorded-or-robo": "N", "city": "Campbell", "state": "TX", "area-code": "903"}, {"id": "3decc6bfadaa436a105714c6ba1de092", "number": "", "date": "2021-01-23 12:15:00", "subject": "2", "recorded-or-robo": "Y", "city": "Hudson", "state": "FL", "area-code": "727"}, {"id": "1d36742e3f24f50e4e7ae82801b53fc2", "number": "", "date": "2021-01-23 12:15:00", "subject": "2", "recorded-or-robo": "Y", "city": "Hudson", "state": "FL", "area-code": "727"}, {"id": "3decc6bfadaa436a105714c6ba1dde81", "number": "6157525775", "date": "2021-01-23 12:55:00", "subject": "11", "recorded-or-robo": "Y", "city": "galveston", "state": "TX", "area-code": "409"}, {"id": "1d36742e3f24f50e4e7ae82801b532b6", "number": "6157525775", "date": "2021-01-23 12:55:00", "subject": "11", "recorded-or-robo": "Y", "city": "galveston", "state": "TX", "area-code": "409"}, {"id": "3decc6bfadaa436a105714c6ba1dd0c8", "number": "6692223740", "date": "2020-12-04 15:18:00", "subject": "2", "recorded-or-robo": "N", "city": "St. Charles", "state": "MO", "area-code": "314"}, {"id": "1d36742e3f24f50e4e7ae82801b523b4", "number": "6692223740", "date": "2020-12-04 15:18:00", "subject": "2", "recorded-or-robo": "N", "city": "St. Charles", "state": "MO", "area-code": "314"}, {"id": "3decc6bfadaa436a105714c6ba1dcf41", "number": "9712677940", "date": "2020-11-16 09:53:00", "subject": "3", "recorded-or-robo": "", "city": "BISHOP", "state": "CA", "area-code": "971"}, {"id": "3decc6bfadaa436a105714c6ba1dc0da", "number": "7035732555", "date": "2021-01-20 00:00:00", "subject": "3", "recorded-or-robo": "Y", "city": "Dumfries", "state": "VA", "area-code": "703"}, {"id": "1d36742e3f24f50e4e7ae82801b515c1", "number": "9712677940", "date": "2020-11-16 09:53:00", "subject": "3", "recorded-or-robo": "", "city": "BISHOP", "state": "CA", "area-code": "971"}, {"id": "1d36742e3f24f50e4e7ae82801b50c5c", "number": "7035732555", "date": "2021-01-20 00:00:00", "subject": "3", "recorded-or-robo": "Y", "city": "Dumfries", "state": "VA", "area-code": "703"}, {"id": "3decc6bfadaa436a105714c6ba1dbe1a", "number": "3865231644", "date": "2021-01-23 10:58:00", "subject": "1", "recorded-or-robo": "Y", "city": "Pacific", "state": "MO", "area-code": "386"}, {"id": "1d36742e3f24f50e4e7ae82801b50321", "number": "3865231644", "date": "2021-01-23 10:58:00", "subject": "1", "recorded-or-robo": "Y", "city": "Pacific", "state": "MO", "area-code": "386"}, {"id": "3decc6bfadaa436a105714c6ba1da97a", "number": "9493124770", "date": "2021-01-20 15:35:00", "subject": "3", "recorded-or-robo": "N", "city": "", "state": "NY", "area-code": "845"}, {"id": "1d36742e3f24f50e4e7ae82801b4f65d", "number": "9493124770", "date": "2021-01-20 15:35:00", "subject": "3", "recorded-or-robo": "N", "city": "", "state": "NY", "area-code": "845"}, {"id": "3decc6bfadaa436a105714c6ba1db593", "number": "3097771527", "date": "2020-11-18 08:33:00", "subject": "3", "recorded-or-robo": "Y", "city": "BISHOP", "state": "CA", "area-code": "971"}, {"id": "1d36742e3f24f50e4e7ae82801b4fc8b", "number": "3097771527", "date": "2020-11-18 08:33:00", "subject": "3", "recorded-or-robo": "Y", "city": "BISHOP", "state": "CA", "area-code": "971"}, {"id": "3decc6bfadaa436a105714c6ba1da3d8", "number": "7037635226", "date": "2021-01-21 00:00:00", "subject": "3", "recorded-or-robo": "Y", "city": "Dumfries", "state": "VA", "area-code": "703"}, {"id": "1d36742e3f24f50e4e7ae82801b4f52b", "number": "7037635226", "date": "2021-01-21 00:00:00", "subject": "3", "recorded-or-robo": "Y", "city": "Dumfries", "state": "VA", "area-code": "703"}, {"id": "3decc6bfadaa436a105714c6ba1d9ad8", "number": "2515170465", "date": "2021-01-22 13:31:00", "subject": "0", "recorded-or-robo": "Y", "city": "", "state": "FL", "area-code": "941"}, {"id": "1d36742e3f24f50e4e7ae82801b4f500", "number": "2515170465", "date": "2021-01-22 13:31:00", "subject": "0", "recorded-or-robo": "Y", "city": "", "state": "FL", "area-code": "941"}, {"id": "3decc6bfadaa436a105714c6ba1d910f", "number": "", "date": "2021-01-22 13:16:00", "subject": "2", "recorded-or-robo": "Y", "city": "Oceanside", "state": "CA", "area-code": "760"}, {"id": "1d36742e3f24f50e4e7ae82801b4e9bb", "number": "", "date": "2021-01-22 13:16:00", "subject": "2", "recorded-or-robo": "Y", "city": "Oceanside", "state": "CA", "area-code": "760"}, {"id": "3decc6bfadaa436a105714c6ba1d841b", "number": "", "date": "2021-01-23 12:45:00", "subject": "2", "recorded-or-robo": "Y", "city": "Addison", "state": "NY", "area-code": "607"}, {"id": "1d36742e3f24f50e4e7ae82801b4e482", "number": "", "date": "2021-01-23 12:45:00", "subject": "2", "recorded-or-robo": "Y", "city": "Addison", "state": "NY", "area-code": "607"}, {"id": "3decc6bfadaa436a105714c6ba57100e", "number": "+14122932557", "date": "2021-01-23 14:39:43", "subject": "3", "recorded-or-robo": "Y", "city": "", "state": "PA", "area-code": "412"}, {"id": "1d36742e3f24f50e4e7ae82801ed886f", "number": "+14122932557", "date": "2021-01-23 14:39:43", "subject": "3", "recorded-or-robo": "Y", "city": "", "state": "PA", "area-code": "412"}, {"id": "3decc6bfadaa436a105714c6ba1d7961", "number": "9712675169", "date": "2020-11-19 13:02:00", "subject": "3", "recorded-or-robo": "Y", "city": "BISHOP", "state": "CA", "area-code": "971"}, {"id": "1d36742e3f24f50e4e7ae82801b4dc9b", "number": "9712675169", "date": "2020-11-19 13:02:00", "subject": "3", "recorded-or-robo": "Y", "city": "BISHOP", "state": "CA", "area-code": "971"}, {"id": "3decc6bfadaa436a105714c6ba1d741c", "number": "6077253769", "date": "2021-01-23 12:37:00", "subject": "3", "recorded-or-robo": "Y", "city": "binghamton", "state": "NY", "area-code": "607"}, {"id": "1d36742e3f24f50e4e7ae82801b4d67f", "number": "6077253769", "date": "2021-01-23 12:37:00", "subject": "3", "recorded-or-robo": "Y", "city": "binghamton", "state": "NY", "area-code": "607"}, {"id": "3decc6bfadaa436a105714c6ba1d47b4", "number": "7199465771", "date": "2021-01-21 12:46:00", "subject": "3", "recorded-or-robo": "N", "city": "", "state": "NY", "area-code": "845"}, {"id": "1d36742e3f24f50e4e7ae82801b4a569", "number": "7199465771", "date": "2021-01-21 12:46:00", "subject": "3", "recorded-or-robo": "N", "city": "", "state": "NY", "area-code": "845"}, {"id": "3decc6bfadaa436a105714c6ba1d6d99", "number": "2562896218", "date": "2021-01-15 14:07:00", "subject": "4", "recorded-or-robo": "Y", "city": "", "state": "AL", "area-code": "256"}, {"id": "1d36742e3f24f50e4e7ae82801b4d4ec", "number": "2562896218", "date": "2021-01-15 14:07:00", "subject": "4", "recorded-or-robo": "Y", "city": "", "state": "AL", "area-code": "256"}, {"id": "3decc6bfadaa436a105714c6ba1d6682", "number": "7037638772", "date": "2021-01-22 00:00:00", "subject": "3", "recorded-or-robo": "Y", "city": "Dumfries", "state": "VA", "area-code": "703"}, {"id": "1d36742e3f24f50e4e7ae82801b4c7df", "number": "7037638772", "date": "2021-01-22 00:00:00", "subject": "3", "recorded-or-robo": "Y", "city": "Dumfries", "state": "VA", "area-code": "703"}, {"id": "3decc6bfadaa436a105714c6ba1d6099", "number": "7276937699", "date": "2021-01-22 07:07:00", "subject": "2", "recorded-or-robo": "Y", "city": "safety harbor", "state": "FL", "area-code": "727"}, {"id": "1d36742e3f24f50e4e7ae82801b4c6b2", "number": "7276937699", "date": "2021-01-22 07:07:00", "subject": "2", "recorded-or-robo": "Y", "city": "safety harbor", "state": "FL", "area-code": "727"}, {"id": "3decc6bfadaa436a105714c6ba1d3cdb", "number": "", "date": "2021-01-23 09:50:00", "subject": "3", "recorded-or-robo": "N", "city": "", "state": "WA", "area-code": "360"}, {"id": "1d36742e3f24f50e4e7ae82801b49c5b", "number": "", "date": "2021-01-23 09:50:00", "subject": "3", "recorded-or-robo": "N", "city": "", "state": "WA", "area-code": "360"}, {"id": "3decc6bfadaa436a105714c6ba1d574d", "number": "", "date": "2021-01-23 01:28:00", "subject": "2", "recorded-or-robo": "Y", "city": "", "state": "TX", "area-code": "409"}, {"id": "3decc6bfadaa436a105714c6ba1d53f2", "number": "2925200921", "date": "2021-01-23 10:59:00", "subject": "1", "recorded-or-robo": "Y", "city": "", "state": "FL", "area-code": "941"}, {"id": "1d36742e3f24f50e4e7ae82801b4c207", "number": "", "date": "2021-01-23 01:28:00", "subject": "2", "recorded-or-robo": "Y", "city": "", "state": "TX", "area-code": "409"}, {"id": "1d36742e3f24f50e4e7ae82801b4b5bb", "number": "2925200921", "date": "2021-01-23 10:59:00", "subject": "1", "recorded-or-robo": "Y", "city": "", "state": "FL", "area-code": "941"}, {"id": "3decc6bfadaa436a105714c6ba1d5015", "number": "9712596845", "date": "2020-11-23 12:49:00", "subject": "3", "recorded-or-robo": "Y", "city": "BISHOP", "state": "CA", "area-code": "971"}, {"id": "1d36742e3f24f50e4e7ae82801b4b3da", "number": "9712596845", "date": "2020-11-23 12:49:00", "subject": "3", "recorded-or-robo": "Y", "city": "BISHOP", "state": "CA", "area-code": "971"}, {"id": "3decc6bfadaa436a105714c6ba1d3758", "number": "6077254023", "date": "2021-01-23 12:37:00", "subject": "3", "recorded-or-robo": "Y", "city": "binghamton", "state": "NY", "area-code": "607"}, {"id": "1d36742e3f24f50e4e7ae82801b498cd", "number": "6077254023", "date": "2021-01-23 12:37:00", "subject": "3", "recorded-or-robo": "Y", "city": "binghamton", "state": "NY", "area-code": "607"}, {"id": "3decc6bfadaa436a105714c6ba1d2fbf", "number": "8435105167", "date": "2021-01-23 14:15:00", "subject": "2", "recorded-or-robo": "Y", "city": "", "state": "VA", "area-code": "954"}]}