{"data": [{"id": "03e293b3df9e35eadf15c5611926c6a0", "number": "5139169290", "date": "2021-01-23 10:07:00", "subject": "4", "recorded-or-robo": "Y", "city": "Champaign", "state": "IL", "area-code": "513"}, {"id": "3decc6bfadaa436a105714c6ba90788d", "number": "6461518635", "date": "2021-01-24 10:06:00", "subject": "2", "recorded-or-robo": "Y", "city": "", "state": "MA", "area-code": "781"}, {"id": "03e293b3df9e35eadf15c5611926c19b", "number": "6461518635", "date": "2021-01-24 10:06:00", "subject": "2", "recorded-or-robo": "Y", "city": "", "state": "MA", "area-code": "781"}, {"id": "3decc6bfadaa436a105714c6ba907112", "number": "5088413978", "date": "2021-01-22 11:47:00", "subject": "2", "recorded-or-robo": "N", "city": "HYDE PARK", "state": "MA", "area-code": "617"}, {"id": "03e293b3df9e35eadf15c5611926b9af", "number": "5088413978", "date": "2021-01-22 11:47:00", "subject": "2", "recorded-or-robo": "N", "city": "HYDE PARK", "state": "MA", "area-code": "617"}, {"id": "3decc6bfadaa436a105714c6ba90667f", "number": "6172371697", "date": "2021-01-22 16:00:00", "subject": "2", "recorded-or-robo": "", "city": "Saratoga Spring", "state": "NY", "area-code": "518"}, {"id": "03e293b3df9e35eadf15c5611926b65c", "number": "6172371697", "date": "2021-01-22 16:00:00", "subject": "2", "recorded-or-robo": "", "city": "Saratoga Spring", "state": "NY", "area-code": "518"}, {"id": "3decc6bfadaa436a105714c6ba90570a", "number": "", "date": "2021-01-24 09:52:00", "subject": "2", "recorded-or-robo": "Y", "city": "Fair Lawn", "state": "NJ", "area-code": "609"}, {"id": "03e293b3df9e35eadf15c5611926ae1f", "number": "", "date": "2021-01-24 09:52:00", "subject": "2", "recorded-or-robo": "Y", "city": "Fair Lawn", "state": "NJ", "area-code": "609"}, {"id": "3decc6bfadaa436a105714c6ba904e7a", "number": "8009918708", "date": "2021-01-21 10:49:00", "subject": "2", "recorded-or-robo": "Y", "city": "", "state": "IL", "area-code": "815"}, {"id": "03e293b3df9e35eadf15c5611926acf1", "number": "8009918708", "date": "2021-01-21 10:49:00", "subject": "2", "recorded-or-robo": "Y", "city": "", "state": "IL", "area-code": "815"}, {"id": "3decc6bfadaa436a105714c6ba9048f8", "number": "3802050998", "date": "2021-01-23 09:25:00", "subject": "2", "recorded-or-robo": "N", "city": "HYDE PARK", "state": "MA", "area-code": "617"}, {"id": "03e293b3df9e35eadf15c5611926a86a", "number": "3802050998", "date": "2021-01-23 09:25:00", "subject": "2", "recorded-or-robo": "N", "city": "HYDE PARK", "state": "MA", "area-code": "617"}, {"id": "3decc6bfadaa436a105714c6ba903b4d", "number": "3133816856", "date": "2021-01-24 10:02:00", "subject": "2", "recorded-or-robo": "Y", "city": "Detroit", "state": "MI", "area-code": "313"}, {"id": "03e293b3df9e35eadf15c5611926a0ca", "number": "3133816856", "date": "2021-01-24 10:02:00", "subject": "2", "recorded-or-robo": "Y", "city": "Detroit", "state": "MI", "area-code": "313"}, {"id": "3decc6bfadaa436a105714c6ba9033d6", "number": "8767887803", "date": "2021-01-23 13:08:00", "subject": "1", "recorded-or-robo": "N", "city": "Huntsville", "state": "AL", "area-code": "256"}, {"id": "03e293b3df9e35eadf15c5611926977f", "number": "8767887803", "date": "2021-01-23 13:08:00", "subject": "1", "recorded-or-robo": "N", "city": "Huntsville", "state": "AL", "area-code": "256"}, {"id": "3decc6bfadaa436a105714c6ba902e79", "number": "8155249094", "date": "2021-01-21 14:00:00", "subject": "2", "recorded-or-robo": "Y", "city": "", "state": "IL", "area-code": "815"}, {"id": "03e293b3df9e35eadf15c56119269178", "number": "8155249094", "date": "2021-01-21 14:00:00", "subject": "2", "recorded-or-robo": "Y", "city": "", "state": "IL", "area-code": "815"}, {"id": "3decc6bfadaa436a105714c6ba901f9b", "number": "2149150554", "date": "2021-01-21 00:00:00", "subject": "1", "recorded-or-robo": "Y", "city": "", "state": "TX", "area-code": "214"}, {"id": "03e293b3df9e35eadf15c561192685f9", "number": "2149150554", "date": "2021-01-21 00:00:00", "subject": "1", "recorded-or-robo": "Y", "city": "", "state": "TX", "area-code": "214"}, {"id": "3decc6bfadaa436a105714c6ba901789", "number": "6173645706", "date": "2021-01-21 11:42:00", "subject": "2", "recorded-or-robo": "N", "city": "HYDE PARK", "state": "MA", "area-code": "617"}, {"id": "03e293b3df9e35eadf15c56119268395", "number": "6173645706", "date": "2021-01-21 11:42:00", "subject": "2", "recorded-or-robo": "N", "city": "HYDE PARK", "state": "MA", "area-code": "617"}, {"id": "3decc6bfadaa436a105714c6ba900908", "number": "8003471000", "date": "2021-01-21 15:21:00", "subject": "2", "recorded-or-robo": "Y", "city": "", "state": "IL", "area-code": "815"}, {"id": "03e293b3df9e35eadf15c5611926776d", "number": "8003471000", "date": "2021-01-21 15:21:00", "subject": "2", "recorded-or-robo": "Y", "city": "", "state": "IL", "area-code": "815"}, {"id": "3decc6bfadaa436a105714c6ba900541", "number": "44822835833", "date": "2021-01-23 10:04:00", "subject": "2", "recorded-or-robo": "", "city": "Saratoga Spring", "state": "NY", "area-code": "518"}, {"id": "03e293b3df9e35eadf15c561192675f8", "number": "44822835833", "date": "2021-01-23 10:04:00", "subject": "2", "recorded-or-robo": "", "city": "Saratoga Spring", "state": "NY", "area-code": "518"}, {"id": "3decc6bfadaa436a105714c6ba8ffab7", "number": "8563353322", "date": "2021-01-13 15:00:00", "subject": "0", "recorded-or-robo": "N", "city": "", "state": "NJ", "area-code": "856"}, {"id": "03e293b3df9e35eadf15c56119266fd2", "number": "8563353322", "date": "2021-01-13 15:00:00", "subject": "0", "recorded-or-robo": "N", "city": "", "state": "NJ", "area-code": "856"}, {"id": "3decc6bfadaa436a105714c6ba8ff804", "number": "8009918708", "date": "2021-01-22 14:53:00", "subject": "2", "recorded-or-robo": "Y", "city": "", "state": "IL", "area-code": "815"}, {"id": "03e293b3df9e35eadf15c56119266edd", "number": "8009918708", "date": "2021-01-22 14:53:00", "subject": "2", "recorded-or-robo": "Y", "city": "", "state": "IL", "area-code": "815"}, {"id": "3decc6bfadaa436a105714c6ba8ff077", "number": "6176169931", "date": "2021-01-20 16:58:00", "subject": "2", "recorded-or-robo": "N", "city": "HYDE PARK", "state": "MA", "area-code": "617"}, {"id": "03e293b3df9e35eadf15c56119266304", "number": "6176169931", "date": "2021-01-20 16:58:00", "subject": "2", "recorded-or-robo": "N", "city": "HYDE PARK", "state": "MA", "area-code": "617"}, {"id": "3decc6bfadaa436a105714c6ba8fe862", "number": "8158870318", "date": "2021-01-23 11:01:00", "subject": "2", "recorded-or-robo": "Y", "city": "", "state": "IL", "area-code": "815"}, {"id": "03e293b3df9e35eadf15c5611926610f", "number": "8158870318", "date": "2021-01-23 11:01:00", "subject": "2", "recorded-or-robo": "Y", "city": "", "state": "IL", "area-code": "815"}, {"id": "3decc6bfadaa436a105714c6ba8fdc96", "number": "8562840505", "date": "2021-01-13 14:22:00", "subject": "0", "recorded-or-robo": "N", "city": "", "state": "NJ", "area-code": "856"}, {"id": "03e293b3df9e35eadf15c56119265963", "number": "8562840505", "date": "2021-01-13 14:22:00", "subject": "0", "recorded-or-robo": "N", "city": "", "state": "NJ", "area-code": "856"}, {"id": "3decc6bfadaa436a105714c6ba8fd1cf", "number": "6173888906", "date": "2021-01-20 17:43:00", "subject": "2", "recorded-or-robo": "N", "city": "HYDE PARK", "state": "MA", "area-code": "617"}, {"id": "03e293b3df9e35eadf15c56119265142", "number": "6173888906", "date": "2021-01-20 17:43:00", "subject": "2", "recorded-or-robo": "N", "city": "HYDE PARK", "state": "MA", "area-code": "617"}, {"id": "3decc6bfadaa436a105714c6ba8fce0f", "number": "2155101656", "date": "2021-01-19 16:20:00", "subject": "2", "recorded-or-robo": "Y", "city": "", "state": "IL", "area-code": "815"}, {"id": "03e293b3df9e35eadf15c56119264ddd", "number": "2155101656", "date": "2021-01-19 16:20:00", "subject": "2", "recorded-or-robo": "Y", "city": "", "state": "IL", "area-code": "815"}, {"id": "3decc6bfadaa436a105714c6ba8fcc91", "number": "7815280217", "date": "2021-01-20 18:16:00", "subject": "2", "recorded-or-robo": "N", "city": "HYDE PARK", "state": "MA", "area-code": "617"}, {"id": "03e293b3df9e35eadf15c5611926465d", "number": "7815280217", "date": "2021-01-20 18:16:00", "subject": "2", "recorded-or-robo": "N", "city": "HYDE PARK", "state": "MA", "area-code": "617"}, {"id": "3decc6bfadaa436a105714c6ba8fc19f", "number": "7082524966", "date": "2021-01-14 17:31:00", "subject": "4", "recorded-or-robo": "N", "city": "", "state": "IL", "area-code": "708"}, {"id": "03e293b3df9e35eadf15c56119263eaf", "number": "7082524966", "date": "2021-01-14 17:31:00", "subject": "4", "recorded-or-robo": "N", "city": "", "state": "IL", "area-code": "708"}, {"id": "3decc6bfadaa436a105714c6ba8fb2bc", "number": "815620336", "date": "2021-01-20 09:49:00", "subject": "2", "recorded-or-robo": "Y", "city": "", "state": "IL", "area-code": "815"}, {"id": "03e293b3df9e35eadf15c56119263db0", "number": "815620336", "date": "2021-01-20 09:49:00", "subject": "2", "recorded-or-robo": "Y", "city": "", "state": "IL", "area-code": "815"}, {"id": "3decc6bfadaa436a105714c6ba8fad80", "number": "6176169934", "date": "2021-01-19 18:20:00", "subject": "2", "recorded-or-robo": "N", "city": "HYDE PARK", "state": "MA", "area-code": "617"}, {"id": "03e293b3df9e35eadf15c561192631e4", "number": "6176169934", "date": "2021-01-19 18:20:00", "subject": "2", "recorded-or-robo": "N", "city": "HYDE PARK", "state": "MA", "area-code": "617"}, {"id": "3decc6bfadaa436a105714c6ba8fa2ac", "number": "8563353322", "date": "2021-01-13 11:59:00", "subject": "0", "recorded-or-robo": "N", "city": "", "state": "NJ", "area-code": "856"}]}