{"data": [{"id": "490dde24b259add1335244cd1b1176de", "number": "3862733511", "date": "2021-01-26 09:48:00", "subject": "0", "recorded-or-robo": "N", "city": "DEBARY", "state": "FL", "area-code": "386"}, {"id": "490dde24b259add1335244cd1b1170a4", "number": "7814880825", "date": "2021-01-26 09:45:00", "subject": "6", "recorded-or-robo": "N", "city": "AUBURNDALE", "state": "WI", "area-code": "715"}, {"id": "490dde24b259add1335244cd1b116ac0", "number": "8558079606", "date": "2021-01-19 10:31:00", "subject": "2", "recorded-or-robo": "N", "city": "Norton", "state": "MA", "area-code": "508"}, {"id": "490dde24b259add1335244cd1b116152", "number": "9016176429", "date": "2021-01-26 09:47:00", "subject": "4", "recorded-or-robo": "Y", "city": "", "state": "TN", "area-code": "901"}, {"id": "490dde24b259add1335244cd1b115276", "number": "6788718138", "date": "2021-01-26 10:45:00", "subject": "5", "recorded-or-robo": "Y", "city": "Acworth", "state": "GA", "area-code": "678"}, {"id": "490dde24b259add1335244cd1b1144b0", "number": "7622639856", "date": "2021-01-26 10:44:00", "subject": "4", "recorded-or-robo": "Y", "city": "", "state": "GA", "area-code": "678"}, {"id": "490dde24b259add1335244cd1b114070", "number": "9368724272", "date": "2021-01-25 16:07:00", "subject": "0", "recorded-or-robo": "N", "city": "Broaddus", "state": "TX", "area-code": "936"}, {"id": "490dde24b259add1335244cd1b113c5b", "number": "3472009116", "date": "2021-01-26 10:46:00", "subject": "1", "recorded-or-robo": "Y", "city": "Broad Channel", "state": "NY", "area-code": "347"}, {"id": "490dde24b259add1335244cd1b113881", "number": "3054039817", "date": "2021-01-26 10:44:00", "subject": "15", "recorded-or-robo": "Y", "city": "", "state": "FL", "area-code": "305"}, {"id": "490dde24b259add1335244cd1b11324f", "number": "9492093410", "date": "2021-01-26 07:42:00", "subject": "4", "recorded-or-robo": "Y", "city": "Pasadena", "state": "CA", "area-code": "626"}, {"id": "490dde24b259add1335244cd1b1128f1", "number": "9726666146", "date": "2021-01-26 09:40:00", "subject": "2", "recorded-or-robo": "N", "city": "princeton", "state": "TX", "area-code": "972"}, {"id": "490dde24b259add1335244cd1b111c2a", "number": "2408475984", "date": "2021-01-26 10:40:00", "subject": "4", "recorded-or-robo": "Y", "city": "ODUM", "state": "GA", "area-code": "912"}, {"id": "490dde24b259add1335244cd1b111bdc", "number": "5072177507", "date": "2021-01-26 09:30:00", "subject": "1", "recorded-or-robo": "N", "city": "North Mankato", "state": "MN", "area-code": "507"}, {"id": "490dde24b259add1335244cd1b110f6d", "number": "5028081559", "date": "2021-01-25 10:08:00", "subject": "3", "recorded-or-robo": "Y", "city": "", "state": "KY", "area-code": "859"}, {"id": "490dde24b259add1335244cd1b110d21", "number": "9418881288", "date": "2021-01-26 10:45:00", "subject": "4", "recorded-or-robo": "Y", "city": "Cape Coral", "state": "FL", "area-code": "239"}, {"id": "490dde24b259add1335244cd1b10febd", "number": "5619624872", "date": "2021-01-26 10:41:00", "subject": "0", "recorded-or-robo": "N", "city": "Newington", "state": "CT", "area-code": "860"}, {"id": "490dde24b259add1335244cd1b10fcc1", "number": "3075688772", "date": "2021-01-25 16:16:00", "subject": "4", "recorded-or-robo": "Y", "city": "Cheyenne", "state": "WY", "area-code": "307"}, {"id": "490dde24b259add1335244cd1b10f261", "number": "5162188771", "date": "2021-01-25 19:13:00", "subject": "2", "recorded-or-robo": "", "city": "Floral Park", "state": "NY", "area-code": "516"}, {"id": "490dde24b259add1335244cd1b10e39b", "number": "8055083522", "date": "2021-01-26 10:45:00", "subject": "11", "recorded-or-robo": "Y", "city": "", "state": "", "area-code": "855"}, {"id": "490dde24b259add1335244cd1b10df21", "number": "574855203", "date": "2021-01-15 11:06:00", "subject": "2", "recorded-or-robo": "Y", "city": "Duluth", "state": "GA", "area-code": "214"}, {"id": "490dde24b259add1335244cd1b10d5e9", "number": "8324823901", "date": "2021-01-26 09:40:00", "subject": "1", "recorded-or-robo": "Y", "city": "Hemphill", "state": "TX", "area-code": "832"}, {"id": "490dde24b259add1335244cd1b10ca05", "number": "5124171513", "date": "2021-01-26 08:45:00", "subject": "2", "recorded-or-robo": "Y", "city": "", "state": "TX", "area-code": "512"}, {"id": "490dde24b259add1335244cd1b10c50e", "number": "6513463567", "date": "2021-01-26 09:26:00", "subject": "4", "recorded-or-robo": "Y", "city": "West Fargo", "state": "ND", "area-code": "218"}, {"id": "490dde24b259add1335244cd1b10b713", "number": "2674869372", "date": "2021-01-26 08:32:00", "subject": "4", "recorded-or-robo": "Y", "city": "New Hampton", "state": "IA", "area-code": "952"}, {"id": "490dde24b259add1335244cd1b10aa8a", "number": "6623017477", "date": "2021-01-26 10:41:00", "subject": "3", "recorded-or-robo": "N", "city": "Ocracoke", "state": "NC", "area-code": "919"}, {"id": "490dde24b259add1335244cd1b109f26", "number": "3137639310", "date": "2021-01-26 10:43:00", "subject": "2", "recorded-or-robo": "Y", "city": "Berwick", "state": "PA", "area-code": "313"}, {"id": "490dde24b259add1335244cd1b108fce", "number": "9144651367", "date": "2021-01-26 10:45:00", "subject": "2", "recorded-or-robo": "Y", "city": "", "state": "NY", "area-code": "914"}, {"id": "490dde24b259add1335244cd1b108149", "number": "32020764789033", "date": "2021-01-22 12:00:00", "subject": "2", "recorded-or-robo": "N", "city": "Aurora", "state": "OH", "area-code": "330"}, {"id": "490dde24b259add1335244cd1b107c00", "number": "7174361320", "date": "2021-01-26 10:18:00", "subject": "5", "recorded-or-robo": "Y", "city": "MIFFLINTOWN", "state": "PA", "area-code": "717"}, {"id": "490dde24b259add1335244cd1b106ff8", "number": "2017018105", "date": "2021-01-26 10:07:00", "subject": "4", "recorded-or-robo": "Y", "city": "Charlottesville", "state": "VA", "area-code": "434"}, {"id": "490dde24b259add1335244cd1b106f1f", "number": "7206230251", "date": "2021-01-26 08:45:00", "subject": "4", "recorded-or-robo": "Y", "city": "Golden", "state": "CO", "area-code": "303"}, {"id": "490dde24b259add1335244cd1b1065bf", "number": "9141171447", "date": "2021-01-25 13:49:00", "subject": "0", "recorded-or-robo": "Y", "city": "Wilsonville", "state": "OR", "area-code": "503"}, {"id": "490dde24b259add1335244cd1b105e48", "number": "2622226750", "date": "2021-01-14 07:35:00", "subject": "2", "recorded-or-robo": "N", "city": "", "state": "WI", "area-code": "920"}, {"id": "490dde24b259add1335244cd1b104e84", "number": "4809552912", "date": "2020-12-17 00:00:00", "subject": "7", "recorded-or-robo": "Y", "city": "Scottsdale", "state": "AZ", "area-code": "480"}, {"id": "490dde24b259add1335244cd1b104746", "number": "", "date": "2021-01-26 09:15:00", "subject": "0", "recorded-or-robo": "Y", "city": "Fort Worth", "state": "TX", "area-code": "817"}, {"id": "490dde24b259add1335244cd1b103f84", "number": "", "date": "2021-01-26 12:00:00", "subject": "13", "recorded-or-robo": "N", "city": "Sacramento", "state": "CA", "area-code": "916"}, {"id": "490dde24b259add1335244cd1b10399d", "number": "2129608189", "date": "2021-01-26 00:00:00", "subject": "1", "recorded-or-robo": "Y", "city": "", "state": "NY", "area-code": "212"}, {"id": "490dde24b259add1335244cd1b103953", "number": "574855572", "date": "2021-01-15 05:58:00", "subject": "2", "recorded-or-robo": "Y", "city": "Duluth", "state": "GA", "area-code": "214"}, {"id": "490dde24b259add1335244cd1b10305d", "number": "6109003981", "date": "2021-01-26 10:44:00", "subject": "2", "recorded-or-robo": "Y", "city": "Aston", "state": "PA", "area-code": "610"}, {"id": "490dde24b259add1335244cd1b102aa7", "number": "9732412316", "date": "2021-01-26 10:44:00", "subject": "4", "recorded-or-robo": "Y", "city": "Mohegan Lake", "state": "NY", "area-code": "914"}, {"id": "490dde24b259add1335244cd1b102060", "number": "9733414301", "date": "2021-01-26 10:28:00", "subject": "1", "recorded-or-robo": "Y", "city": "Wayne", "state": "NJ", "area-code": "973"}, {"id": "490dde24b259add1335244cd1b1019e7", "number": "8137932725", "date": "2021-01-26 10:26:00", "subject": "4", "recorded-or-robo": "Y", "city": "", "state": "FL", "area-code": "407"}, {"id": "490dde24b259add1335244cd1b100a42", "number": "3869001265", "date": "2021-01-26 08:44:00", "subject": "3", "recorded-or-robo": "", "city": "", "state": "AZ", "area-code": "602"}, {"id": "490dde24b259add1335244cd1b0fc51d", "number": "3179329904", "date": "2021-01-25 10:45:00", "subject": "3", "recorded-or-robo": "N", "city": "", "state": "IN", "area-code": "765"}, {"id": "490dde24b259add1335244cd1b100152", "number": "4097811499", "date": "2021-01-25 17:12:00", "subject": "0", "recorded-or-robo": "N", "city": "Broaddus", "state": "TX", "area-code": "936"}, {"id": "490dde24b259add1335244cd1b0ffeab", "number": "6822559741", "date": "2021-01-25 07:01:00", "subject": "7", "recorded-or-robo": "Y", "city": "Texas", "state": "TX", "area-code": "903"}, {"id": "490dde24b259add1335244cd1b0ff102", "number": "5164078572", "date": "2021-01-26 09:53:00", "subject": "2", "recorded-or-robo": "", "city": "Floral Park", "state": "NY", "area-code": "516"}, {"id": "490dde24b259add1335244cd1b0fe690", "number": "4342349489", "date": "2021-01-26 10:38:00", "subject": "4", "recorded-or-robo": "Y", "city": "Charlottesville", "state": "VA", "area-code": "434"}, {"id": "490dde24b259add1335244cd1b0fdb3d", "number": "9167055032", "date": "2021-01-22 12:21:00", "subject": "2", "recorded-or-robo": "Y", "city": "Rocklin", "state": "CA", "area-code": "916"}, {"id": "490dde24b259add1335244cd1b0fd500", "number": "7864104947", "date": "2021-01-26 10:35:00", "subject": "2", "recorded-or-robo": "Y", "city": "Gardner", "state": "MA", "area-code": "978"}]}