{"data": [{"id": "03e293b3df9e35eadf15c561193e63e4", "number": "6603514155", "date": "2021-01-24 12:48:00", "subject": "2", "recorded-or-robo": "Y", "city": "", "state": "MO", "area-code": "660"}, {"id": "3decc6bfadaa436a105714c6baa856ea", "number": "3345881341", "date": "2021-01-22 12:08:00", "subject": "2", "recorded-or-robo": "", "city": "Eclectic", "state": "AL", "area-code": "334"}, {"id": "03e293b3df9e35eadf15c561193e5eaf", "number": "3345881341", "date": "2021-01-22 12:08:00", "subject": "2", "recorded-or-robo": "", "city": "Eclectic", "state": "AL", "area-code": "334"}, {"id": "3decc6bfadaa436a105714c6baa8558d", "number": "", "date": "2021-01-22 12:00:00", "subject": "1", "recorded-or-robo": "Y", "city": "New Carlisle", "state": "IN", "area-code": "574"}, {"id": "03e293b3df9e35eadf15c561193e4f14", "number": "", "date": "2021-01-22 12:00:00", "subject": "1", "recorded-or-robo": "Y", "city": "New Carlisle", "state": "IN", "area-code": "574"}, {"id": "3decc6bfadaa436a105714c6baa846cd", "number": "3362760755", "date": "2021-01-20 19:24:00", "subject": "0", "recorded-or-robo": "N", "city": "N. Babylon", "state": "NY", "area-code": "631"}, {"id": "03e293b3df9e35eadf15c561193e407c", "number": "3362760755", "date": "2021-01-20 19:24:00", "subject": "0", "recorded-or-robo": "N", "city": "N. Babylon", "state": "NY", "area-code": "631"}, {"id": "3decc6bfadaa436a105714c6baa841db", "number": "6363236702", "date": "2021-01-15 15:22:00", "subject": "0", "recorded-or-robo": "Y", "city": "", "state": "MO", "area-code": "636"}, {"id": "03e293b3df9e35eadf15c561193e3839", "number": "6363236702", "date": "2021-01-15 15:22:00", "subject": "0", "recorded-or-robo": "Y", "city": "", "state": "MO", "area-code": "636"}, {"id": "3decc6bfadaa436a105714c6baa83f78", "number": "", "date": "2021-01-24 09:34:00", "subject": "11", "recorded-or-robo": "Y", "city": "Roseburg", "state": "OR", "area-code": "509"}, {"id": "03e293b3df9e35eadf15c561193e28f8", "number": "", "date": "2021-01-24 09:34:00", "subject": "11", "recorded-or-robo": "Y", "city": "Roseburg", "state": "OR", "area-code": "509"}, {"id": "3decc6bfadaa436a105714c6baa839ca", "number": "3156260510", "date": "2021-01-22 13:26:00", "subject": "4", "recorded-or-robo": "Y", "city": "New York", "state": "NY", "area-code": "212"}, {"id": "03e293b3df9e35eadf15c561193e2087", "number": "3156260510", "date": "2021-01-22 13:26:00", "subject": "4", "recorded-or-robo": "Y", "city": "New York", "state": "NY", "area-code": "212"}, {"id": "3decc6bfadaa436a105714c6baa82f43", "number": "4155023199", "date": "2021-01-21 08:08:00", "subject": "2", "recorded-or-robo": "Y", "city": "LOS ALTOS", "state": "CA", "area-code": "650"}, {"id": "03e293b3df9e35eadf15c561193e12aa", "number": "4155023199", "date": "2021-01-21 08:08:00", "subject": "2", "recorded-or-robo": "Y", "city": "LOS ALTOS", "state": "CA", "area-code": "650"}, {"id": "3decc6bfadaa436a105714c6baa8221f", "number": "3345131285", "date": "2021-01-22 12:32:00", "subject": "2", "recorded-or-robo": "", "city": "Eclectic", "state": "AL", "area-code": "334"}, {"id": "03e293b3df9e35eadf15c561193e06cc", "number": "3345131285", "date": "2021-01-22 12:32:00", "subject": "2", "recorded-or-robo": "", "city": "Eclectic", "state": "AL", "area-code": "334"}, {"id": "3decc6bfadaa436a105714c6baa81304", "number": "6312033821", "date": "2021-01-21 13:48:00", "subject": "0", "recorded-or-robo": "N", "city": "N. Babylon", "state": "NY", "area-code": "631"}, {"id": "03e293b3df9e35eadf15c561193df96b", "number": "6312033821", "date": "2021-01-21 13:48:00", "subject": "0", "recorded-or-robo": "N", "city": "N. Babylon", "state": "NY", "area-code": "631"}, {"id": "3decc6bfadaa436a105714c6baa80902", "number": "5204152595", "date": "2021-01-23 10:31:00", "subject": "2", "recorded-or-robo": "Y", "city": "", "state": "AZ", "area-code": "520"}, {"id": "03e293b3df9e35eadf15c561193defd3", "number": "5204152595", "date": "2021-01-23 10:31:00", "subject": "2", "recorded-or-robo": "Y", "city": "", "state": "AZ", "area-code": "520"}, {"id": "3decc6bfadaa436a105714c6baa8030b", "number": "537578200", "date": "2021-01-22 07:57:00", "subject": "2", "recorded-or-robo": "Y", "city": "Portland", "state": "OR", "area-code": "503"}, {"id": "03e293b3df9e35eadf15c561193dee68", "number": "537578200", "date": "2021-01-22 07:57:00", "subject": "2", "recorded-or-robo": "Y", "city": "Portland", "state": "OR", "area-code": "503"}, {"id": "3decc6bfadaa436a105714c6baa7fc48", "number": "6072640305", "date": "2021-01-22 15:04:00", "subject": "4", "recorded-or-robo": "Y", "city": "New York", "state": "NY", "area-code": "212"}, {"id": "03e293b3df9e35eadf15c561193de977", "number": "6072640305", "date": "2021-01-22 15:04:00", "subject": "4", "recorded-or-robo": "Y", "city": "New York", "state": "NY", "area-code": "212"}, {"id": "3decc6bfadaa436a105714c6baa7ecad", "number": "6362495797", "date": "2021-01-18 11:38:00", "subject": "0", "recorded-or-robo": "Y", "city": "", "state": "MO", "area-code": "636"}, {"id": "03e293b3df9e35eadf15c561193de7e5", "number": "6362495797", "date": "2021-01-18 11:38:00", "subject": "0", "recorded-or-robo": "Y", "city": "", "state": "MO", "area-code": "636"}, {"id": "3decc6bfadaa436a105714c6baa7e0e2", "number": "2018908611", "date": "2021-01-22 13:37:00", "subject": "0", "recorded-or-robo": "Y", "city": "", "state": "NJ", "area-code": "201"}, {"id": "03e293b3df9e35eadf15c561193de425", "number": "2018908611", "date": "2021-01-22 13:37:00", "subject": "0", "recorded-or-robo": "Y", "city": "", "state": "NJ", "area-code": "201"}, {"id": "3decc6bfadaa436a105714c6baa7dc2e", "number": "5203867306", "date": "2021-01-23 18:49:00", "subject": "2", "recorded-or-robo": "Y", "city": "", "state": "AZ", "area-code": "520"}, {"id": "03e293b3df9e35eadf15c561193ddf59", "number": "5203867306", "date": "2021-01-23 18:49:00", "subject": "2", "recorded-or-robo": "Y", "city": "", "state": "AZ", "area-code": "520"}, {"id": "3decc6bfadaa436a105714c6baa7d4b5", "number": "3367348009", "date": "2021-01-23 12:21:00", "subject": "0", "recorded-or-robo": "N", "city": "N. Babylon", "state": "NY", "area-code": "631"}, {"id": "03e293b3df9e35eadf15c561193ddc94", "number": "3367348009", "date": "2021-01-23 12:21:00", "subject": "0", "recorded-or-robo": "N", "city": "N. Babylon", "state": "NY", "area-code": "631"}, {"id": "3decc6bfadaa436a105714c6baa7d0ba", "number": "3345140257", "date": "2021-01-22 12:47:00", "subject": "2", "recorded-or-robo": "", "city": "Eclectic", "state": "AL", "area-code": "334"}, {"id": "03e293b3df9e35eadf15c561193dd358", "number": "3345140257", "date": "2021-01-22 12:47:00", "subject": "2", "recorded-or-robo": "", "city": "Eclectic", "state": "AL", "area-code": "334"}, {"id": "3decc6bfadaa436a105714c6baa7c43b", "number": "6364525135", "date": "2021-01-19 11:22:00", "subject": "0", "recorded-or-robo": "Y", "city": "", "state": "", "area-code": "636"}, {"id": "03e293b3df9e35eadf15c561193dc877", "number": "6364525135", "date": "2021-01-19 11:22:00", "subject": "0", "recorded-or-robo": "Y", "city": "", "state": "", "area-code": "636"}, {"id": "3decc6bfadaa436a105714c6baa7bd64", "number": "2312511273", "date": "2021-01-18 08:18:00", "subject": "2", "recorded-or-robo": "Y", "city": "LOS ALTOS", "state": "CA", "area-code": "650"}, {"id": "03e293b3df9e35eadf15c561193dc3fa", "number": "2312511273", "date": "2021-01-18 08:18:00", "subject": "2", "recorded-or-robo": "Y", "city": "LOS ALTOS", "state": "CA", "area-code": "650"}, {"id": "3decc6bfadaa436a105714c6baa7af23", "number": "2016273846", "date": "2021-01-22 16:20:00", "subject": "0", "recorded-or-robo": "Y", "city": "", "state": "NJ", "area-code": "201"}, {"id": "03e293b3df9e35eadf15c561193db690", "number": "2016273846", "date": "2021-01-22 16:20:00", "subject": "0", "recorded-or-robo": "Y", "city": "", "state": "NJ", "area-code": "201"}, {"id": "3decc6bfadaa436a105714c6baa7a56f", "number": "4109099762", "date": "2021-01-22 03:25:00", "subject": "2", "recorded-or-robo": "", "city": "Eclectic", "state": "AL", "area-code": "334"}, {"id": "03e293b3df9e35eadf15c561193da847", "number": "4109099762", "date": "2021-01-22 03:25:00", "subject": "2", "recorded-or-robo": "", "city": "Eclectic", "state": "AL", "area-code": "334"}, {"id": "3decc6bfadaa436a105714c6baa79ac6", "number": "5203867306", "date": "2021-01-24 11:15:00", "subject": "2", "recorded-or-robo": "Y", "city": "", "state": "AZ", "area-code": "520"}, {"id": "03e293b3df9e35eadf15c561193d9910", "number": "5203867306", "date": "2021-01-24 11:15:00", "subject": "2", "recorded-or-robo": "Y", "city": "", "state": "AZ", "area-code": "520"}, {"id": "3decc6bfadaa436a105714c6baa7915f", "number": "6506733231", "date": "2021-01-18 09:28:00", "subject": "2", "recorded-or-robo": "Y", "city": "LOS ALTOS", "state": "CA", "area-code": "650"}, {"id": "03e293b3df9e35eadf15c561193d9445", "number": "6506733231", "date": "2021-01-18 09:28:00", "subject": "2", "recorded-or-robo": "Y", "city": "LOS ALTOS", "state": "CA", "area-code": "650"}, {"id": "3decc6bfadaa436a105714c6baa78a01", "number": "3023875653", "date": "2021-01-24 12:48:00", "subject": "0", "recorded-or-robo": "Y", "city": "", "state": "TN", "area-code": "615"}, {"id": "03e293b3df9e35eadf15c561193d9129", "number": "3023875653", "date": "2021-01-24 12:48:00", "subject": "0", "recorded-or-robo": "Y", "city": "", "state": "TN", "area-code": "615"}, {"id": "3decc6bfadaa436a105714c6baa77da4", "number": "", "date": "2021-01-24 10:27:00", "subject": "13", "recorded-or-robo": "N", "city": "Anderson Island", "state": "WA", "area-code": "253"}]}