{"data": [{"id": "1d36742e3f24f50e4e7ae82801bf7c76", "number": "6614020215", "date": "2021-01-22 08:47:00", "subject": "2", "recorded-or-robo": "N", "city": "", "state": "CA", "area-code": "661"}, {"id": "3decc6bfadaa436a105714c6ba28199a", "number": "6264693798", "date": "2021-01-22 02:14:00", "subject": "12", "recorded-or-robo": "Y", "city": "", "state": "CA", "area-code": "949"}, {"id": "1d36742e3f24f50e4e7ae82801bf706a", "number": "6264693798", "date": "2021-01-22 02:14:00", "subject": "12", "recorded-or-robo": "Y", "city": "", "state": "CA", "area-code": "949"}, {"id": "3decc6bfadaa436a105714c6ba280a5b", "number": "", "date": "2021-01-12 16:02:00", "subject": "4", "recorded-or-robo": "Y", "city": "", "state": "NH", "area-code": "603"}, {"id": "1d36742e3f24f50e4e7ae82801bf6e60", "number": "", "date": "2021-01-12 16:02:00", "subject": "4", "recorded-or-robo": "Y", "city": "", "state": "NH", "area-code": "603"}, {"id": "3decc6bfadaa436a105714c6ba2800b4", "number": "5067600947", "date": "2021-01-23 13:00:00", "subject": "2", "recorded-or-robo": "N", "city": "mantua", "state": "OH", "area-code": "330"}, {"id": "1d36742e3f24f50e4e7ae82801bf6bce", "number": "5067600947", "date": "2021-01-23 13:00:00", "subject": "2", "recorded-or-robo": "N", "city": "mantua", "state": "OH", "area-code": "330"}, {"id": "3decc6bfadaa436a105714c6ba27f7c7", "number": "9852822084", "date": "2021-01-23 12:47:00", "subject": "2", "recorded-or-robo": "Y", "city": "PORT JEFFERSON STATION", "state": "NY", "area-code": "631"}, {"id": "1d36742e3f24f50e4e7ae82801bf66c6", "number": "9852822084", "date": "2021-01-23 12:47:00", "subject": "2", "recorded-or-robo": "Y", "city": "PORT JEFFERSON STATION", "state": "NY", "area-code": "631"}, {"id": "3decc6bfadaa436a105714c6ba27f5be", "number": "6614154921", "date": "2021-01-22 12:24:00", "subject": "2", "recorded-or-robo": "N", "city": "", "state": "CA", "area-code": "661"}, {"id": "1d36742e3f24f50e4e7ae82801bf5de8", "number": "6614154921", "date": "2021-01-22 12:24:00", "subject": "2", "recorded-or-robo": "N", "city": "", "state": "CA", "area-code": "661"}, {"id": "3decc6bfadaa436a105714c6ba27f4f9", "number": "37064546345", "date": "2021-01-23 14:07:00", "subject": "2", "recorded-or-robo": "Y", "city": "Nevada", "state": "IA", "area-code": "515"}, {"id": "1d36742e3f24f50e4e7ae82801bf4f81", "number": "37064546345", "date": "2021-01-23 14:07:00", "subject": "2", "recorded-or-robo": "Y", "city": "Nevada", "state": "IA", "area-code": "515"}, {"id": "3decc6bfadaa436a105714c6ba766c5e", "number": "2012351729", "date": "2021-01-23 15:26:11", "subject": "3", "recorded-or-robo": "N", "city": "", "state": "NJ", "area-code": "201"}, {"id": "3decc6bfadaa436a105714c6ba27ecd9", "number": "6154062023", "date": "2021-01-23 14:00:00", "subject": "2", "recorded-or-robo": "Y", "city": "Port arthur", "state": "TX", "area-code": "409"}, {"id": "1d36742e3f24f50e4e7ae82801bf438f", "number": "6154062023", "date": "2021-01-23 14:00:00", "subject": "2", "recorded-or-robo": "Y", "city": "Port arthur", "state": "TX", "area-code": "409"}, {"id": "03e293b3df9e35eadf15c561190cbd2a", "number": "2012351729", "date": "2021-01-23 15:26:11", "subject": "3", "recorded-or-robo": "N", "city": "", "state": "NJ", "area-code": "201"}, {"id": "3decc6bfadaa436a105714c6ba27e135", "number": "6612343457", "date": "2021-01-22 15:39:00", "subject": "2", "recorded-or-robo": "N", "city": "", "state": "CA", "area-code": "661"}, {"id": "1d36742e3f24f50e4e7ae82801bf3413", "number": "6612343457", "date": "2021-01-22 15:39:00", "subject": "2", "recorded-or-robo": "N", "city": "", "state": "CA", "area-code": "661"}, {"id": "3decc6bfadaa436a105714c6ba27d1b2", "number": "", "date": "2021-01-23 12:00:00", "subject": "2", "recorded-or-robo": "Y", "city": "", "state": "GA", "area-code": "678"}, {"id": "1d36742e3f24f50e4e7ae82801bf2f09", "number": "", "date": "2021-01-23 12:00:00", "subject": "2", "recorded-or-robo": "Y", "city": "", "state": "GA", "area-code": "678"}, {"id": "3decc6bfadaa436a105714c6ba27cce9", "number": "5089118133", "date": "2021-01-23 14:02:00", "subject": "1", "recorded-or-robo": "Y", "city": "Mansfield", "state": "MA", "area-code": "508"}, {"id": "1d36742e3f24f50e4e7ae82801bf27f4", "number": "5089118133", "date": "2021-01-23 14:02:00", "subject": "1", "recorded-or-robo": "Y", "city": "Mansfield", "state": "MA", "area-code": "508"}, {"id": "3decc6bfadaa436a105714c6ba765209", "number": "9733800448", "date": "2021-01-23 15:25:42", "subject": "3", "recorded-or-robo": "Y", "city": "", "state": "NJ", "area-code": "973"}, {"id": "03e293b3df9e35eadf15c561190ca3ba", "number": "9733800448", "date": "2021-01-23 15:25:42", "subject": "3", "recorded-or-robo": "Y", "city": "", "state": "NJ", "area-code": "973"}, {"id": "3decc6bfadaa436a105714c6ba27c9a2", "number": "224620772121", "date": "2021-01-23 14:14:00", "subject": "2", "recorded-or-robo": "Y", "city": "Nevada", "state": "IA", "area-code": "515"}, {"id": "1d36742e3f24f50e4e7ae82801bf1a7d", "number": "224620772121", "date": "2021-01-23 14:14:00", "subject": "2", "recorded-or-robo": "Y", "city": "Nevada", "state": "IA", "area-code": "515"}, {"id": "3decc6bfadaa436a105714c6ba27bc5b", "number": "6154062885", "date": "2021-01-21 17:07:00", "subject": "11", "recorded-or-robo": "Y", "city": "Purcellville", "state": "VA", "area-code": "540"}, {"id": "1d36742e3f24f50e4e7ae82801bf1118", "number": "6154062885", "date": "2021-01-21 17:07:00", "subject": "11", "recorded-or-robo": "Y", "city": "Purcellville", "state": "VA", "area-code": "540"}, {"id": "3decc6bfadaa436a105714c6ba764df5", "number": "9736854138", "date": "2021-01-23 15:25:26", "subject": "3", "recorded-or-robo": "Y", "city": "", "state": "NJ", "area-code": "973"}, {"id": "03e293b3df9e35eadf15c561190c97ee", "number": "9736854138", "date": "2021-01-23 15:25:26", "subject": "3", "recorded-or-robo": "Y", "city": "", "state": "NJ", "area-code": "973"}, {"id": "3decc6bfadaa436a105714c6ba27b65a", "number": "3154173883", "date": "2021-01-22 13:37:00", "subject": "3", "recorded-or-robo": "Y", "city": "", "state": "NY", "area-code": "585"}, {"id": "1d36742e3f24f50e4e7ae82801bf0b78", "number": "3154173883", "date": "2021-01-22 13:37:00", "subject": "3", "recorded-or-robo": "Y", "city": "", "state": "NY", "area-code": "585"}, {"id": "3decc6bfadaa436a105714c6ba7659b5", "number": "9736854138", "date": "2021-01-23 15:25:13", "subject": "3", "recorded-or-robo": "Y", "city": "", "state": "NJ", "area-code": "973"}, {"id": "03e293b3df9e35eadf15c561190cb06f", "number": "9736854138", "date": "2021-01-23 15:25:13", "subject": "3", "recorded-or-robo": "Y", "city": "", "state": "NJ", "area-code": "973"}, {"id": "3decc6bfadaa436a105714c6ba27b407", "number": "8137801567", "date": "2021-01-23 15:25:00", "subject": "11", "recorded-or-robo": "Y", "city": "Zephyrhills", "state": "FL", "area-code": "813"}, {"id": "1d36742e3f24f50e4e7ae82801bf0b73", "number": "8137801567", "date": "2021-01-23 15:25:00", "subject": "11", "recorded-or-robo": "Y", "city": "Zephyrhills", "state": "FL", "area-code": "813"}, {"id": "3decc6bfadaa436a105714c6ba7668e9", "number": "9736854138", "date": "2021-01-23 15:24:58", "subject": "3", "recorded-or-robo": "Y", "city": "", "state": "NJ", "area-code": "973"}, {"id": "03e293b3df9e35eadf15c561190cbb16", "number": "9736854138", "date": "2021-01-23 15:24:58", "subject": "3", "recorded-or-robo": "Y", "city": "", "state": "NJ", "area-code": "973"}, {"id": "3decc6bfadaa436a105714c6ba27a98c", "number": "244935857579", "date": "2021-01-15 09:12:00", "subject": "2", "recorded-or-robo": "Y", "city": "Waterloo", "state": "IA", "area-code": "319"}, {"id": "1d36742e3f24f50e4e7ae82801bf0a60", "number": "244935857579", "date": "2021-01-15 09:12:00", "subject": "2", "recorded-or-robo": "Y", "city": "Waterloo", "state": "IA", "area-code": "319"}, {"id": "3decc6bfadaa436a105714c6ba8743bd", "number": "6302424981", "date": "2021-01-23 14:11:00", "subject": "3", "recorded-or-robo": "Y", "city": "", "state": "IL", "area-code": "630"}, {"id": "03e293b3df9e35eadf15c561191dce9c", "number": "6302424981", "date": "2021-01-23 14:11:00", "subject": "3", "recorded-or-robo": "Y", "city": "", "state": "IL", "area-code": "630"}, {"id": "3decc6bfadaa436a105714c6ba763e7c", "number": "9737241733", "date": "2021-01-23 15:24:31", "subject": "3", "recorded-or-robo": "Y", "city": "", "state": "NJ", "area-code": "973"}, {"id": "03e293b3df9e35eadf15c561190c8f80", "number": "9737241733", "date": "2021-01-23 15:24:31", "subject": "3", "recorded-or-robo": "Y", "city": "", "state": "NJ", "area-code": "973"}, {"id": "3decc6bfadaa436a105714c6ba27a528", "number": "6154064067", "date": "2021-01-21 16:21:00", "subject": "11", "recorded-or-robo": "Y", "city": "Purcellville", "state": "VA", "area-code": "540"}, {"id": "3decc6bfadaa436a105714c6ba279f68", "number": "4016487874", "date": "2021-01-19 12:00:00", "subject": "1", "recorded-or-robo": "Y", "city": "Bridgewater", "state": "MA", "area-code": "508"}, {"id": "1d36742e3f24f50e4e7ae82801befdbb", "number": "6154064067", "date": "2021-01-21 16:21:00", "subject": "11", "recorded-or-robo": "Y", "city": "Purcellville", "state": "VA", "area-code": "540"}, {"id": "1d36742e3f24f50e4e7ae82801bef5ac", "number": "4016487874", "date": "2021-01-19 12:00:00", "subject": "1", "recorded-or-robo": "Y", "city": "Bridgewater", "state": "MA", "area-code": "508"}, {"id": "3decc6bfadaa436a105714c6ba27961a", "number": "24384031383", "date": "2021-01-23 13:49:00", "subject": "0", "recorded-or-robo": "Y", "city": "Valliant", "state": "OK", "area-code": "580"}]}