{"data": [{"id": "03e293b3df9e35eadf15c5611958973e", "number": "3152328257", "date": "2021-01-24 17:53:00", "subject": "11", "recorded-or-robo": "Y", "city": "Trinity", "state": "FL", "area-code": "727"}, {"id": "3decc6bfadaa436a105714c6bac21790", "number": "7272518844", "date": "2021-01-24 10:16:00", "subject": "1", "recorded-or-robo": "Y", "city": "Panama City Beach", "state": "FL", "area-code": "727"}, {"id": "03e293b3df9e35eadf15c56119589287", "number": "7272518844", "date": "2021-01-24 10:16:00", "subject": "1", "recorded-or-robo": "Y", "city": "Panama City Beach", "state": "FL", "area-code": "727"}, {"id": "3decc6bfadaa436a105714c6bac20f47", "number": "7409194128", "date": "2021-01-24 18:03:00", "subject": "3", "recorded-or-robo": "", "city": "", "state": "OH", "area-code": "614"}, {"id": "3decc6bfadaa436a105714c6bac2034f", "number": "3343129938", "date": "2021-01-24 17:51:00", "subject": "1", "recorded-or-robo": "Y", "city": "Saint Petersburg", "state": "AL", "area-code": "334"}, {"id": "03e293b3df9e35eadf15c5611958851a", "number": "7409194128", "date": "2021-01-24 18:03:00", "subject": "3", "recorded-or-robo": "", "city": "", "state": "OH", "area-code": "614"}, {"id": "03e293b3df9e35eadf15c56119588518", "number": "3343129938", "date": "2021-01-24 17:51:00", "subject": "1", "recorded-or-robo": "Y", "city": "Saint Petersburg", "state": "AL", "area-code": "334"}, {"id": "3decc6bfadaa436a105714c6bac20240", "number": "2012169821", "date": "2021-01-22 11:53:00", "subject": "2", "recorded-or-robo": "", "city": "Hasbrouck Heights", "state": "NJ", "area-code": "201"}, {"id": "3decc6bfadaa436a105714c6bac1fde3", "number": "4149433242", "date": "2021-01-24 16:22:00", "subject": "2", "recorded-or-robo": "Y", "city": "", "state": "WI", "area-code": "414"}, {"id": "03e293b3df9e35eadf15c56119587ea9", "number": "2012169821", "date": "2021-01-22 11:53:00", "subject": "2", "recorded-or-robo": "", "city": "Hasbrouck Heights", "state": "NJ", "area-code": "201"}, {"id": "03e293b3df9e35eadf15c56119587df3", "number": "4149433242", "date": "2021-01-24 16:22:00", "subject": "2", "recorded-or-robo": "Y", "city": "", "state": "WI", "area-code": "414"}, {"id": "3decc6bfadaa436a105714c6bac1f874", "number": "9046296468", "date": "2021-01-24 17:50:00", "subject": "2", "recorded-or-robo": "Y", "city": "Jacksonville", "state": "FL", "area-code": "904"}, {"id": "03e293b3df9e35eadf15c561195877ee", "number": "9046296468", "date": "2021-01-24 17:50:00", "subject": "2", "recorded-or-robo": "Y", "city": "Jacksonville", "state": "FL", "area-code": "904"}, {"id": "3decc6bfadaa436a105714c6bac1f5bb", "number": "5013126789", "date": "2021-01-22 11:55:00", "subject": "2", "recorded-or-robo": "", "city": "Hasbrouck Heights", "state": "NJ", "area-code": "201"}, {"id": "03e293b3df9e35eadf15c56119587042", "number": "5013126789", "date": "2021-01-22 11:55:00", "subject": "2", "recorded-or-robo": "", "city": "Hasbrouck Heights", "state": "NJ", "area-code": "201"}, {"id": "3decc6bfadaa436a105714c6bac1eac8", "number": "", "date": "2021-01-24 16:30:00", "subject": "11", "recorded-or-robo": "Y", "city": "shelby", "state": "MI", "area-code": "586"}, {"id": "03e293b3df9e35eadf15c561195868c6", "number": "", "date": "2021-01-24 16:30:00", "subject": "11", "recorded-or-robo": "Y", "city": "shelby", "state": "MI", "area-code": "586"}, {"id": "3decc6bfadaa436a105714c6bac1e045", "number": "8801701287362", "date": "2021-01-24 14:00:00", "subject": "11", "recorded-or-robo": "N", "city": "Holiday", "state": "FL", "area-code": "727"}, {"id": "03e293b3df9e35eadf15c561195861e2", "number": "8801701287362", "date": "2021-01-24 14:00:00", "subject": "11", "recorded-or-robo": "N", "city": "Holiday", "state": "FL", "area-code": "727"}, {"id": "3decc6bfadaa436a105714c6bac1df84", "number": "3343122460", "date": "2021-01-24 05:33:00", "subject": "1", "recorded-or-robo": "Y", "city": "Saint Petersburg", "state": "AL", "area-code": "334"}, {"id": "03e293b3df9e35eadf15c56119585525", "number": "3343122460", "date": "2021-01-24 05:33:00", "subject": "1", "recorded-or-robo": "Y", "city": "Saint Petersburg", "state": "AL", "area-code": "334"}, {"id": "3decc6bfadaa436a105714c6bac1d24a", "number": "2011613834", "date": "2021-01-22 12:41:00", "subject": "2", "recorded-or-robo": "", "city": "Hasbrouck Heights", "state": "NJ", "area-code": "201"}, {"id": "03e293b3df9e35eadf15c561195851c4", "number": "2011613834", "date": "2021-01-22 12:41:00", "subject": "2", "recorded-or-robo": "", "city": "Hasbrouck Heights", "state": "NJ", "area-code": "201"}, {"id": "3decc6bfadaa436a105714c6bac1cfb0", "number": "9724763880", "date": "2021-01-18 10:31:00", "subject": "4", "recorded-or-robo": "Y", "city": "Irving", "state": "TX", "area-code": "972"}, {"id": "03e293b3df9e35eadf15c561195850dc", "number": "9724763880", "date": "2021-01-18 10:31:00", "subject": "4", "recorded-or-robo": "Y", "city": "Irving", "state": "TX", "area-code": "972"}, {"id": "3decc6bfadaa436a105714c6bac1c458", "number": "6098481489", "date": "2021-01-22 12:42:00", "subject": "2", "recorded-or-robo": "", "city": "Hasbrouck Heights", "state": "NJ", "area-code": "201"}, {"id": "03e293b3df9e35eadf15c561195847f3", "number": "6098481489", "date": "2021-01-22 12:42:00", "subject": "2", "recorded-or-robo": "", "city": "Hasbrouck Heights", "state": "NJ", "area-code": "201"}, {"id": "3decc6bfadaa436a105714c6bac1bc1d", "number": "9298006046", "date": "2021-01-24 17:51:00", "subject": "2", "recorded-or-robo": "", "city": "Jamaica", "state": "NY", "area-code": "718"}, {"id": "03e293b3df9e35eadf15c5611958428b", "number": "9298006046", "date": "2021-01-24 17:51:00", "subject": "2", "recorded-or-robo": "", "city": "Jamaica", "state": "NY", "area-code": "718"}, {"id": "3decc6bfadaa436a105714c6bac1b43a", "number": "3343126503", "date": "2021-01-24 17:04:00", "subject": "1", "recorded-or-robo": "Y", "city": "Saint Petersburg", "state": "AL", "area-code": "334"}, {"id": "03e293b3df9e35eadf15c56119583825", "number": "3343126503", "date": "2021-01-24 17:04:00", "subject": "1", "recorded-or-robo": "Y", "city": "Saint Petersburg", "state": "AL", "area-code": "334"}, {"id": "3decc6bfadaa436a105714c6bac1a595", "number": "2012545996", "date": "2021-01-22 13:08:00", "subject": "2", "recorded-or-robo": "", "city": "Hasbrouck Heights", "state": "NJ", "area-code": "201"}, {"id": "03e293b3df9e35eadf15c56119582c1e", "number": "2012545996", "date": "2021-01-22 13:08:00", "subject": "2", "recorded-or-robo": "", "city": "Hasbrouck Heights", "state": "NJ", "area-code": "201"}, {"id": "3decc6bfadaa436a105714c6bac1a3fe", "number": "8174564392", "date": "2021-01-23 09:08:00", "subject": "2", "recorded-or-robo": "Y", "city": "", "state": "CA", "area-code": "562"}, {"id": "03e293b3df9e35eadf15c56119582a47", "number": "8174564392", "date": "2021-01-23 09:08:00", "subject": "2", "recorded-or-robo": "Y", "city": "", "state": "CA", "area-code": "562"}, {"id": "3decc6bfadaa436a105714c6bac19dd5", "number": "2012885349", "date": "2021-01-22 13:33:00", "subject": "2", "recorded-or-robo": "", "city": "Hasbrouck Heights", "state": "NJ", "area-code": "201"}, {"id": "03e293b3df9e35eadf15c5611958292b", "number": "2012885349", "date": "2021-01-22 13:33:00", "subject": "2", "recorded-or-robo": "", "city": "Hasbrouck Heights", "state": "NJ", "area-code": "201"}, {"id": "3decc6bfadaa436a105714c6bac19ccf", "number": "", "date": "2021-01-24 16:55:00", "subject": "2", "recorded-or-robo": "Y", "city": "Eagle", "state": "WA", "area-code": "414"}, {"id": "03e293b3df9e35eadf15c5611958193e", "number": "", "date": "2021-01-24 16:55:00", "subject": "2", "recorded-or-robo": "Y", "city": "Eagle", "state": "WA", "area-code": "414"}, {"id": "3decc6bfadaa436a105714c6bac19c24", "number": "6026871507", "date": "2021-01-24 16:53:00", "subject": "0", "recorded-or-robo": "N", "city": "", "state": "NC", "area-code": "919"}, {"id": "03e293b3df9e35eadf15c56119581379", "number": "6026871507", "date": "2021-01-24 16:53:00", "subject": "0", "recorded-or-robo": "N", "city": "", "state": "NC", "area-code": "919"}, {"id": "3decc6bfadaa436a105714c6bac1926f", "number": "2012752449", "date": "2021-01-22 13:56:00", "subject": "2", "recorded-or-robo": "", "city": "Hasbrouck Heights", "state": "NJ", "area-code": "201"}, {"id": "03e293b3df9e35eadf15c5611958074c", "number": "2012752449", "date": "2021-01-22 13:56:00", "subject": "2", "recorded-or-robo": "", "city": "Hasbrouck Heights", "state": "NJ", "area-code": "201"}, {"id": "3decc6bfadaa436a105714c6bac1896b", "number": "3343124470", "date": "2021-01-24 16:56:00", "subject": "1", "recorded-or-robo": "Y", "city": "Saint Petersburg", "state": "AL", "area-code": "334"}, {"id": "03e293b3df9e35eadf15c561195803ab", "number": "3343124470", "date": "2021-01-24 16:56:00", "subject": "1", "recorded-or-robo": "Y", "city": "Saint Petersburg", "state": "AL", "area-code": "334"}, {"id": "3decc6bfadaa436a105714c6bac17efc", "number": "2052656705", "date": "2021-01-21 15:45:00", "subject": "2", "recorded-or-robo": "Y", "city": "Jasper", "state": "AL", "area-code": "205"}, {"id": "03e293b3df9e35eadf15c5611957f72c", "number": "2052656705", "date": "2021-01-21 15:45:00", "subject": "2", "recorded-or-robo": "Y", "city": "Jasper", "state": "AL", "area-code": "205"}, {"id": "3decc6bfadaa436a105714c6bac17a2f", "number": "7273753998", "date": "2021-01-24 17:00:00", "subject": "11", "recorded-or-robo": "Y", "city": "Trinity", "state": "FL", "area-code": "727"}, {"id": "03e293b3df9e35eadf15c5611957ead8", "number": "7273753998", "date": "2021-01-24 17:00:00", "subject": "11", "recorded-or-robo": "Y", "city": "Trinity", "state": "FL", "area-code": "727"}, {"id": "3decc6bfadaa436a105714c6bac17254", "number": "5803244386", "date": "2021-01-22 15:04:00", "subject": "2", "recorded-or-robo": "", "city": "Hasbrouck Heights", "state": "NJ", "area-code": "201"}]}