{"data": [{"id": "1d36742e3f24f50e4e7ae828018d318f", "number": "7168693980", "date": "2021-01-21 11:06:00", "subject": "2", "recorded-or-robo": "Y", "city": "Williamsville", "state": "NY", "area-code": "716"}, {"id": "e81c9350d54f66c6d33b3747eef6f3c5", "number": "7083393725", "date": "2021-01-01 09:01:00", "subject": "1", "recorded-or-robo": "Y", "city": "South Holland", "state": "IL", "area-code": "708"}, {"id": "1d36742e3f24f50e4e7ae828018d2e89", "number": "7083393725", "date": "2021-01-01 09:01:00", "subject": "1", "recorded-or-robo": "Y", "city": "South Holland", "state": "IL", "area-code": "708"}, {"id": "e81c9350d54f66c6d33b3747eef6ef8a", "number": "8135455737", "date": "2021-01-23 00:10:00", "subject": "1", "recorded-or-robo": "Y", "city": "Plant City", "state": "FL", "area-code": "813"}, {"id": "1d36742e3f24f50e4e7ae828018d22ab", "number": "8135455737", "date": "2021-01-23 00:10:00", "subject": "1", "recorded-or-robo": "Y", "city": "Plant City", "state": "FL", "area-code": "813"}, {"id": "e81c9350d54f66c6d33b3747eef6e47d", "number": "9407044736", "date": "2021-01-23 11:52:00", "subject": "1", "recorded-or-robo": "Y", "city": "Columbus", "state": "GA", "area-code": "940"}, {"id": "1d36742e3f24f50e4e7ae828018d2223", "number": "9407044736", "date": "2021-01-23 11:52:00", "subject": "1", "recorded-or-robo": "Y", "city": "Columbus", "state": "GA", "area-code": "940"}, {"id": "e81c9350d54f66c6d33b3747eef6e2f0", "number": "5413038751", "date": "2021-01-23 11:04:00", "subject": "2", "recorded-or-robo": "Y", "city": "CHATFIELD", "state": "MN", "area-code": "507"}, {"id": "1d36742e3f24f50e4e7ae828018d2142", "number": "5413038751", "date": "2021-01-23 11:04:00", "subject": "2", "recorded-or-robo": "Y", "city": "CHATFIELD", "state": "MN", "area-code": "507"}, {"id": "e81c9350d54f66c6d33b3747eef6d9e3", "number": "8059832204", "date": "2021-01-23 08:08:00", "subject": "2", "recorded-or-robo": "Y", "city": "", "state": "CA", "area-code": "805"}, {"id": "1d36742e3f24f50e4e7ae828018d14ad", "number": "8059832204", "date": "2021-01-23 08:08:00", "subject": "2", "recorded-or-robo": "Y", "city": "", "state": "CA", "area-code": "805"}, {"id": "e81c9350d54f66c6d33b3747eef6d9c4", "number": "3023099596", "date": "2021-01-23 10:54:00", "subject": "2", "recorded-or-robo": "N", "city": "MIDDLETOWN", "state": "DE", "area-code": "302"}, {"id": "1d36742e3f24f50e4e7ae828018d0cc0", "number": "3023099596", "date": "2021-01-23 10:54:00", "subject": "2", "recorded-or-robo": "N", "city": "MIDDLETOWN", "state": "DE", "area-code": "302"}, {"id": "e81c9350d54f66c6d33b3747eef6d1bd", "number": "4076337512", "date": "2021-01-22 07:18:00", "subject": "3", "recorded-or-robo": "N", "city": "", "state": "FL", "area-code": "407"}, {"id": "1d36742e3f24f50e4e7ae828018d0644", "number": "4076337512", "date": "2021-01-22 07:18:00", "subject": "3", "recorded-or-robo": "N", "city": "", "state": "FL", "area-code": "407"}, {"id": "e81c9350d54f66c6d33b3747eef6c5a8", "number": "9033673657", "date": "2021-01-13 15:43:00", "subject": "2", "recorded-or-robo": "Y", "city": "Flint", "state": "TX", "area-code": "903"}, {"id": "1d36742e3f24f50e4e7ae828018cfca9", "number": "9033673657", "date": "2021-01-13 15:43:00", "subject": "2", "recorded-or-robo": "Y", "city": "Flint", "state": "TX", "area-code": "903"}, {"id": "e81c9350d54f66c6d33b3747eef6b7d4", "number": "8059833479", "date": "2021-01-23 07:45:00", "subject": "2", "recorded-or-robo": "Y", "city": "", "state": "CA", "area-code": "805"}, {"id": "1d36742e3f24f50e4e7ae828018cf431", "number": "8059833479", "date": "2021-01-23 07:45:00", "subject": "2", "recorded-or-robo": "Y", "city": "", "state": "CA", "area-code": "805"}, {"id": "e81c9350d54f66c6d33b3747eef6ae84", "number": "8134977335", "date": "2021-01-23 08:38:00", "subject": "3", "recorded-or-robo": "N", "city": "", "state": "FL", "area-code": "407"}, {"id": "1d36742e3f24f50e4e7ae828018cece7", "number": "8134977335", "date": "2021-01-23 08:38:00", "subject": "3", "recorded-or-robo": "N", "city": "", "state": "FL", "area-code": "407"}, {"id": "e81c9350d54f66c6d33b3747eef6a7c4", "number": "3523538161", "date": "2021-01-22 19:51:00", "subject": "0", "recorded-or-robo": "N", "city": "", "state": "FL", "area-code": "407"}, {"id": "1d36742e3f24f50e4e7ae828018ce5d0", "number": "3523538161", "date": "2021-01-22 19:51:00", "subject": "0", "recorded-or-robo": "N", "city": "", "state": "FL", "area-code": "407"}, {"id": "e81c9350d54f66c6d33b3747eef65c2d", "number": "3526462611", "date": "2021-01-23 11:16:00", "subject": "3", "recorded-or-robo": "N", "city": "", "state": "FL", "area-code": "352"}, {"id": "1d36742e3f24f50e4e7ae828018c9587", "number": "3526462611", "date": "2021-01-23 11:16:00", "subject": "3", "recorded-or-robo": "N", "city": "", "state": "FL", "area-code": "352"}, {"id": "e81c9350d54f66c6d33b3747eef6a479", "number": "3024450909", "date": "2021-01-23 12:15:00", "subject": "11", "recorded-or-robo": "N", "city": "MIDDLETOWN", "state": "DE", "area-code": "302"}, {"id": "e81c9350d54f66c6d33b3747eef6a19a", "number": "2159994556", "date": "2021-01-12 11:00:00", "subject": "2", "recorded-or-robo": "Y", "city": "Ivyland", "state": "PA", "area-code": "215"}, {"id": "1d36742e3f24f50e4e7ae828018cdb67", "number": "3024450909", "date": "2021-01-23 12:15:00", "subject": "11", "recorded-or-robo": "N", "city": "MIDDLETOWN", "state": "DE", "area-code": "302"}, {"id": "1d36742e3f24f50e4e7ae828018cd09e", "number": "2159994556", "date": "2021-01-12 11:00:00", "subject": "2", "recorded-or-robo": "Y", "city": "Ivyland", "state": "PA", "area-code": "215"}, {"id": "e81c9350d54f66c6d33b3747eef6a182", "number": "4076162913", "date": "2021-01-23 10:09:00", "subject": "3", "recorded-or-robo": "N", "city": "", "state": "FL", "area-code": "407"}, {"id": "1d36742e3f24f50e4e7ae828018cc60a", "number": "4076162913", "date": "2021-01-23 10:09:00", "subject": "3", "recorded-or-robo": "N", "city": "", "state": "FL", "area-code": "407"}, {"id": "e81c9350d54f66c6d33b3747eef69679", "number": "8059835544", "date": "2021-01-23 06:58:00", "subject": "2", "recorded-or-robo": "Y", "city": "", "state": "CA", "area-code": "805"}, {"id": "1d36742e3f24f50e4e7ae828018cbcb1", "number": "8059835544", "date": "2021-01-23 06:58:00", "subject": "2", "recorded-or-robo": "Y", "city": "", "state": "CA", "area-code": "805"}, {"id": "e81c9350d54f66c6d33b3747eef68f1d", "number": "3092795315", "date": "2021-01-23 09:45:00", "subject": "2", "recorded-or-robo": "Y", "city": "Springfield", "state": "IL", "area-code": "217"}, {"id": "1d36742e3f24f50e4e7ae828018cb03e", "number": "3092795315", "date": "2021-01-23 09:45:00", "subject": "2", "recorded-or-robo": "Y", "city": "Springfield", "state": "IL", "area-code": "217"}, {"id": "e81c9350d54f66c6d33b3747eef6868a", "number": "6157528771", "date": "2021-01-23 10:55:00", "subject": "11", "recorded-or-robo": "Y", "city": "University City", "state": "MO", "area-code": "314"}, {"id": "1d36742e3f24f50e4e7ae828018caad8", "number": "6157528771", "date": "2021-01-23 10:55:00", "subject": "11", "recorded-or-robo": "Y", "city": "University City", "state": "MO", "area-code": "314"}, {"id": "e81c9350d54f66c6d33b3747eef67934", "number": "4143166539", "date": "2021-01-21 09:30:00", "subject": "4", "recorded-or-robo": "Y", "city": "TRownsend", "state": "WI", "area-code": "715"}, {"id": "e81c9350d54f66c6d33b3747eef66a63", "number": "2018799272", "date": "2021-01-23 11:30:00", "subject": "4", "recorded-or-robo": "Y", "city": "Saddle River", "state": "NJ", "area-code": "201"}, {"id": "1d36742e3f24f50e4e7ae828018ca597", "number": "4143166539", "date": "2021-01-21 09:30:00", "subject": "4", "recorded-or-robo": "Y", "city": "TRownsend", "state": "WI", "area-code": "715"}, {"id": "1d36742e3f24f50e4e7ae828018ca3ee", "number": "2018799272", "date": "2021-01-23 11:30:00", "subject": "4", "recorded-or-robo": "Y", "city": "Saddle River", "state": "NJ", "area-code": "201"}, {"id": "e81c9350d54f66c6d33b3747eef65e49", "number": "2818535060", "date": "2021-01-23 11:09:00", "subject": "1", "recorded-or-robo": "Y", "city": "Tomball", "state": "TX", "area-code": "281"}, {"id": "1d36742e3f24f50e4e7ae828018c9ff5", "number": "2818535060", "date": "2021-01-23 11:09:00", "subject": "1", "recorded-or-robo": "Y", "city": "Tomball", "state": "TX", "area-code": "281"}, {"id": "e81c9350d54f66c6d33b3747eef65825", "number": "3184914582", "date": "2021-01-20 10:00:00", "subject": "2", "recorded-or-robo": "Y", "city": "Ivyland", "state": "PA", "area-code": "215"}, {"id": "1d36742e3f24f50e4e7ae828018c8da6", "number": "3184914582", "date": "2021-01-20 10:00:00", "subject": "2", "recorded-or-robo": "Y", "city": "Ivyland", "state": "PA", "area-code": "215"}, {"id": "e81c9350d54f66c6d33b3747eef65456", "number": "8054836063", "date": "2021-01-21 16:46:00", "subject": "2", "recorded-or-robo": "Y", "city": "", "state": "CA", "area-code": "805"}, {"id": "1d36742e3f24f50e4e7ae828018c86f7", "number": "8054836063", "date": "2021-01-21 16:46:00", "subject": "2", "recorded-or-robo": "Y", "city": "", "state": "CA", "area-code": "805"}, {"id": "e81c9350d54f66c6d33b3747eef64789", "number": "3863092012", "date": "2021-01-18 14:05:00", "subject": "4", "recorded-or-robo": "Y", "city": "", "state": "AZ", "area-code": "480"}, {"id": "1d36742e3f24f50e4e7ae828018c86a6", "number": "3863092012", "date": "2021-01-18 14:05:00", "subject": "4", "recorded-or-robo": "Y", "city": "", "state": "AZ", "area-code": "480"}, {"id": "e81c9350d54f66c6d33b3747eef64725", "number": "6157527474", "date": "2021-01-22 19:09:00", "subject": "11", "recorded-or-robo": "Y", "city": "University City", "state": "MO", "area-code": "314"}]}