{"data": [{"id": "490dde24b259add1335244cd1b0218d6", "number": "8453661209", "date": "2021-01-26 10:18:00", "subject": "4", "recorded-or-robo": "Y", "city": "Pine Bush", "state": "NY", "area-code": "845"}, {"id": "490dde24b259add1335244cd1b02144d", "number": "", "date": "2021-01-26 10:13:00", "subject": "2", "recorded-or-robo": "Y", "city": "Falls Church", "state": "VA", "area-code": "815"}, {"id": "490dde24b259add1335244cd1b0207a5", "number": "", "date": "2021-01-26 10:18:00", "subject": "4", "recorded-or-robo": "Y", "city": "Lapeer", "state": "MI", "area-code": "989"}, {"id": "490dde24b259add1335244cd1b01fc27", "number": "5715709027", "date": "2021-01-26 08:02:00", "subject": "1", "recorded-or-robo": "N", "city": "Dunn Loring", "state": "VA", "area-code": "703"}, {"id": "490dde24b259add1335244cd1b01eefd", "number": "5023736673", "date": "2021-01-05 08:13:00", "subject": "2", "recorded-or-robo": "N", "city": "Hopkinsville", "state": "KY", "area-code": "270"}, {"id": "490dde24b259add1335244cd1b01eb00", "number": "6185484116", "date": "2021-01-26 09:14:00", "subject": "6", "recorded-or-robo": "N", "city": "BOWLING GREEN", "state": "KY", "area-code": "270"}, {"id": "490dde24b259add1335244cd1b01df4f", "number": "3127283120", "date": "2021-01-26 10:18:00", "subject": "6", "recorded-or-robo": "N", "city": "", "state": "IL", "area-code": "312"}, {"id": "490dde24b259add1335244cd1b01dc00", "number": "8767774573", "date": "2021-01-26 06:00:00", "subject": "13", "recorded-or-robo": "Y", "city": "San Francisco", "state": "CA", "area-code": "415"}, {"id": "490dde24b259add1335244cd1b01d365", "number": "5406614826", "date": "2021-01-26 10:10:00", "subject": "2", "recorded-or-robo": "Y", "city": "Orange", "state": "VA", "area-code": "540"}, {"id": "490dde24b259add1335244cd1b01c3ba", "number": "3142733827", "date": "2021-01-26 09:15:00", "subject": "6", "recorded-or-robo": "N", "city": "Jackson", "state": "MO", "area-code": "314"}, {"id": "490dde24b259add1335244cd1b01b814", "number": "7063872719", "date": "2021-01-26 10:15:00", "subject": "6", "recorded-or-robo": "Y", "city": "", "state": "GA", "area-code": "706"}, {"id": "490dde24b259add1335244cd1b01ae79", "number": "2144341887", "date": "2021-01-26 09:14:00", "subject": "6", "recorded-or-robo": "N", "city": "Duncanville", "state": "TX", "area-code": "214"}, {"id": "490dde24b259add1335244cd1b01a027", "number": "8722041907", "date": "2021-01-22 12:18:00", "subject": "1", "recorded-or-robo": "Y", "city": "OREGON, IL", "state": "IL", "area-code": "815"}, {"id": "490dde24b259add1335244cd1b0196d7", "number": "", "date": "2021-01-26 21:59:00", "subject": "2", "recorded-or-robo": "N", "city": "Etowah", "state": "NC", "area-code": "262"}, {"id": "490dde24b259add1335244cd1b018be7", "number": "8473635919", "date": "2021-01-18 16:26:00", "subject": "2", "recorded-or-robo": "", "city": "Geneva", "state": "IL", "area-code": "847"}, {"id": "490dde24b259add1335244cd1b0186a8", "number": "", "date": "2020-01-25 14:25:00", "subject": "3", "recorded-or-robo": "Y", "city": "", "state": "KY", "area-code": "502"}, {"id": "490dde24b259add1335244cd1b018613", "number": "3609223578", "date": "2021-01-20 11:24:00", "subject": "1", "recorded-or-robo": "N", "city": "jackson", "state": "MI", "area-code": "517"}, {"id": "490dde24b259add1335244cd1b0181bc", "number": "4016618206", "date": "2021-01-26 10:14:00", "subject": "4", "recorded-or-robo": "Y", "city": "North Kingstown", "state": "RI", "area-code": "401"}, {"id": "490dde24b259add1335244cd1b017cd5", "number": "8332297992", "date": "2021-01-26 00:00:00", "subject": "3", "recorded-or-robo": "", "city": "", "state": "IN", "area-code": "219"}, {"id": "490dde24b259add1335244cd1b017580", "number": "7019626453", "date": "2021-01-22 16:13:00", "subject": "2", "recorded-or-robo": "Y", "city": "CHRITIANA", "state": "TN", "area-code": "615"}, {"id": "490dde24b259add1335244cd1b017194", "number": "8778365643", "date": "2021-01-07 09:03:00", "subject": "5", "recorded-or-robo": "Y", "city": "Beavercreek", "state": "OH", "area-code": "937"}, {"id": "490dde24b259add1335244cd1b016691", "number": "3034250230", "date": "2021-01-26 08:15:00", "subject": "2", "recorded-or-robo": "Y", "city": "Wheat Ridge", "state": "CO", "area-code": "719"}, {"id": "490dde24b259add1335244cd1b016358", "number": "7703047403", "date": "2021-01-26 09:17:00", "subject": "4", "recorded-or-robo": "Y", "city": "", "state": "GA", "area-code": "770"}, {"id": "490dde24b259add1335244cd1b0159fa", "number": "8325017324", "date": "2021-01-26 09:17:00", "subject": "2", "recorded-or-robo": "Y", "city": "Austin", "state": "TX", "area-code": "512"}, {"id": "490dde24b259add1335244cd1b00ab19", "number": "5634497152", "date": "2021-01-26 09:10:00", "subject": "3", "recorded-or-robo": "", "city": "", "state": "IA", "area-code": "563"}, {"id": "490dde24b259add1335244cd1b014dfc", "number": "8642038762", "date": "2021-01-26 10:16:00", "subject": "6", "recorded-or-robo": "Y", "city": "Washington", "state": "Do", "area-code": "202"}, {"id": "490dde24b259add1335244cd1b0141fd", "number": "", "date": "2021-01-26 12:00:00", "subject": "1", "recorded-or-robo": "Y", "city": "", "state": "AZ", "area-code": "602"}, {"id": "490dde24b259add1335244cd1b013a8c", "number": "2705947353", "date": "2020-12-30 11:19:00", "subject": "2", "recorded-or-robo": "N", "city": "Hopkinsville", "state": "KY", "area-code": "270"}, {"id": "490dde24b259add1335244cd1b0131ab", "number": "4122932325", "date": "2021-01-26 10:04:00", "subject": "0", "recorded-or-robo": "N", "city": "Fredericktown", "state": "PA", "area-code": "412"}, {"id": "490dde24b259add1335244cd1b012cf3", "number": "5123160268", "date": "2021-01-26 08:17:00", "subject": "6", "recorded-or-robo": "Y", "city": "Austin", "state": "TX", "area-code": "512"}, {"id": "490dde24b259add1335244cd1b012a8c", "number": "8884900098", "date": "2021-01-25 15:18:00", "subject": "2", "recorded-or-robo": "N", "city": "Corvallis", "state": "MT", "area-code": "406"}, {"id": "490dde24b259add1335244cd1b01200d", "number": "6156758472", "date": "2021-01-26 09:15:00", "subject": "2", "recorded-or-robo": "N", "city": "Brentwood", "state": "TN", "area-code": "615"}, {"id": "490dde24b259add1335244cd1b0110c2", "number": "3195693934", "date": "2021-01-26 09:15:00", "subject": "4", "recorded-or-robo": "Y", "city": "", "state": "IA", "area-code": "319"}, {"id": "490dde24b259add1335244cd1b010927", "number": "2174877886", "date": "2021-01-26 09:10:00", "subject": "5", "recorded-or-robo": "Y", "city": "Springfield", "state": "IL", "area-code": "217"}, {"id": "490dde24b259add1335244cd1b00f9c9", "number": "", "date": "2021-01-26 09:08:00", "subject": "2", "recorded-or-robo": "Y", "city": "Lakeville", "state": "MN", "area-code": "952"}, {"id": "490dde24b259add1335244cd1b00ea9d", "number": "5134763472", "date": "2021-01-26 10:15:00", "subject": "1", "recorded-or-robo": "Y", "city": "Cincinnati", "state": "OH", "area-code": "513"}, {"id": "490dde24b259add1335244cd1b00dd9a", "number": "6156807459", "date": "2021-01-26 09:14:00", "subject": "4", "recorded-or-robo": "Y", "city": "CHRITIANA", "state": "TN", "area-code": "615"}, {"id": "490dde24b259add1335244cd1b00d487", "number": "7574271842", "date": "2021-01-26 22:09:00", "subject": "2", "recorded-or-robo": "N", "city": "", "state": "VA", "area-code": "757"}, {"id": "490dde24b259add1335244cd1b00cfa0", "number": "7022227949", "date": "2021-01-25 15:52:00", "subject": "3", "recorded-or-robo": "Y", "city": "", "state": "NJ", "area-code": "973"}, {"id": "490dde24b259add1335244cd1b00c0cf", "number": "3103158880", "date": "2021-01-22 00:00:00", "subject": "2", "recorded-or-robo": "Y", "city": "Sarasota", "state": "FL", "area-code": "207"}, {"id": "490dde24b259add1335244cd1b00b6e3", "number": "4343354142", "date": "2020-12-29 16:53:00", "subject": "2", "recorded-or-robo": "N", "city": "Hopkinsville", "state": "KY", "area-code": "270"}, {"id": "490dde24b259add1335244cd1b00b13e", "number": "", "date": "2021-01-26 09:55:00", "subject": "1", "recorded-or-robo": "Y", "city": "Vienna", "state": "VA", "area-code": "703"}, {"id": "490dde24b259add1335244cd1b009c6c", "number": "", "date": "2021-01-26 10:07:00", "subject": "1", "recorded-or-robo": "Y", "city": "Westerville", "state": "OH", "area-code": "614"}, {"id": "490dde24b259add1335244cd1b00991a", "number": "7758244757", "date": "2021-01-26 06:15:00", "subject": "1", "recorded-or-robo": "N", "city": "Nv", "state": "NV", "area-code": "775"}, {"id": "490dde24b259add1335244cd1b00930d", "number": "8325166931", "date": "2021-01-26 09:08:00", "subject": "2", "recorded-or-robo": "Y", "city": "WEATHERFORD", "state": "TX", "area-code": "817"}, {"id": "490dde24b259add1335244cd1b0088d0", "number": "2015595175", "date": "2021-01-26 10:09:00", "subject": "0", "recorded-or-robo": "Y", "city": "", "state": "NJ", "area-code": "201"}, {"id": "490dde24b259add1335244cd1b00794e", "number": "9727824463", "date": "2021-01-26 08:59:00", "subject": "2", "recorded-or-robo": "N", "city": "princeton", "state": "TX", "area-code": "972"}, {"id": "490dde24b259add1335244cd1b0075e1", "number": "", "date": "2021-01-26 09:15:00", "subject": "3", "recorded-or-robo": "Y", "city": "", "state": "IA", "area-code": "641"}, {"id": "490dde24b259add1335244cd1b00705e", "number": "9412221369", "date": "2021-01-26 10:09:00", "subject": "4", "recorded-or-robo": "N", "city": "TAMARAC", "state": "FL", "area-code": "305"}, {"id": "490dde24b259add1335244cd1b00623d", "number": "8776898704", "date": "2021-01-21 09:25:00", "subject": "4", "recorded-or-robo": "Y", "city": "Beavercreek", "state": "OH", "area-code": "937"}]}