{"data": [{"id": "1d36742e3f24f50e4e7ae828018ba543", "number": "9729612923", "date": "2021-01-20 10:31:00", "subject": "0", "recorded-or-robo": "N", "city": "Bishop", "state": "CA", "area-code": "760"}, {"id": "e81c9350d54f66c6d33b3747eef57d1e", "number": "2017750761", "date": "2021-01-20 11:19:00", "subject": "0", "recorded-or-robo": "Y", "city": "", "state": "NJ", "area-code": "201"}, {"id": "1d36742e3f24f50e4e7ae828018b9e32", "number": "2017750761", "date": "2021-01-20 11:19:00", "subject": "0", "recorded-or-robo": "Y", "city": "", "state": "NJ", "area-code": "201"}, {"id": "e81c9350d54f66c6d33b3747eef57bd4", "number": "1904340298", "date": "2021-01-23 11:57:00", "subject": "2", "recorded-or-robo": "Y", "city": "Jacksonville", "state": "FL", "area-code": "904"}, {"id": "1d36742e3f24f50e4e7ae828018b90e4", "number": "1904340298", "date": "2021-01-23 11:57:00", "subject": "2", "recorded-or-robo": "Y", "city": "Jacksonville", "state": "FL", "area-code": "904"}, {"id": "e81c9350d54f66c6d33b3747eef57b05", "number": "8332298911", "date": "2021-01-18 09:00:00", "subject": "2", "recorded-or-robo": "Y", "city": "Ivyland", "state": "PA", "area-code": "215"}, {"id": "1d36742e3f24f50e4e7ae828018b864d", "number": "8332298911", "date": "2021-01-18 09:00:00", "subject": "2", "recorded-or-robo": "Y", "city": "Ivyland", "state": "PA", "area-code": "215"}, {"id": "e81c9350d54f66c6d33b3747eef56c72", "number": "3128203186", "date": "2021-01-23 08:42:00", "subject": "2", "recorded-or-robo": "Y", "city": "", "state": "IL", "area-code": "773"}, {"id": "1d36742e3f24f50e4e7ae828018b822f", "number": "3128203186", "date": "2021-01-23 08:42:00", "subject": "2", "recorded-or-robo": "Y", "city": "", "state": "IL", "area-code": "773"}, {"id": "e81c9350d54f66c6d33b3747eef55e3e", "number": "9093664126", "date": "2021-01-22 19:26:00", "subject": "0", "recorded-or-robo": "Y", "city": "Hendersonville", "state": "NC", "area-code": "828"}, {"id": "1d36742e3f24f50e4e7ae828018b7f68", "number": "9093664126", "date": "2021-01-22 19:26:00", "subject": "0", "recorded-or-robo": "Y", "city": "Hendersonville", "state": "NC", "area-code": "828"}, {"id": "e81c9350d54f66c6d33b3747eef4d09e", "number": "6319246169", "date": "2021-01-23 11:17:00", "subject": "3", "recorded-or-robo": "N", "city": "", "state": "NY", "area-code": "631"}, {"id": "1d36742e3f24f50e4e7ae828018afbb0", "number": "6319246169", "date": "2021-01-23 11:17:00", "subject": "3", "recorded-or-robo": "N", "city": "", "state": "NY", "area-code": "631"}, {"id": "e81c9350d54f66c6d33b3747eef55a71", "number": "2017750761", "date": "2021-01-20 13:30:00", "subject": "0", "recorded-or-robo": "Y", "city": "", "state": "NJ", "area-code": "201"}, {"id": "1d36742e3f24f50e4e7ae828018b7432", "number": "2017750761", "date": "2021-01-20 13:30:00", "subject": "0", "recorded-or-robo": "Y", "city": "", "state": "NJ", "area-code": "201"}, {"id": "e81c9350d54f66c6d33b3747eef5500a", "number": "9292426001", "date": "2021-01-23 12:06:00", "subject": "1", "recorded-or-robo": "Y", "city": "", "state": "NY", "area-code": "929"}, {"id": "1d36742e3f24f50e4e7ae828018b7346", "number": "9292426001", "date": "2021-01-23 12:06:00", "subject": "1", "recorded-or-robo": "Y", "city": "", "state": "NY", "area-code": "929"}, {"id": "e81c9350d54f66c6d33b3747eef542d0", "number": "8609811154", "date": "2021-01-22 11:53:00", "subject": "2", "recorded-or-robo": "Y", "city": "bolton", "state": "CT", "area-code": "860"}, {"id": "1d36742e3f24f50e4e7ae828018b6d54", "number": "8609811154", "date": "2021-01-22 11:53:00", "subject": "2", "recorded-or-robo": "Y", "city": "bolton", "state": "CT", "area-code": "860"}, {"id": "e81c9350d54f66c6d33b3747eef53e2f", "number": "2028586511", "date": "2021-01-22 08:27:00", "subject": "11", "recorded-or-robo": "Y", "city": "Denver", "state": "CO", "area-code": "303"}, {"id": "1d36742e3f24f50e4e7ae828018b601d", "number": "2028586511", "date": "2021-01-22 08:27:00", "subject": "11", "recorded-or-robo": "Y", "city": "Denver", "state": "CO", "area-code": "303"}, {"id": "e81c9350d54f66c6d33b3747eef53092", "number": "3612529063", "date": "2021-01-23 12:00:00", "subject": "1", "recorded-or-robo": "Y", "city": "Oakley", "state": "CA", "area-code": "925"}, {"id": "e81c9350d54f66c6d33b3747eef52540", "number": "", "date": "2021-01-23 08:10:00", "subject": "3", "recorded-or-robo": "Y", "city": "stone mountain", "state": "GA", "area-code": "404"}, {"id": "1d36742e3f24f50e4e7ae828018b5259", "number": "3612529063", "date": "2021-01-23 12:00:00", "subject": "1", "recorded-or-robo": "Y", "city": "Oakley", "state": "CA", "area-code": "925"}, {"id": "1d36742e3f24f50e4e7ae828018b4c26", "number": "", "date": "2021-01-23 08:10:00", "subject": "3", "recorded-or-robo": "Y", "city": "stone mountain", "state": "GA", "area-code": "404"}, {"id": "e81c9350d54f66c6d33b3747eef524ff", "number": "9362475168", "date": "2021-01-21 09:25:00", "subject": "0", "recorded-or-robo": "N", "city": "Bishop", "state": "CA", "area-code": "760"}, {"id": "1d36742e3f24f50e4e7ae828018b4ba7", "number": "9362475168", "date": "2021-01-21 09:25:00", "subject": "0", "recorded-or-robo": "N", "city": "Bishop", "state": "CA", "area-code": "760"}, {"id": "e81c9350d54f66c6d33b3747eef51b11", "number": "5124915513", "date": "2021-01-23 11:40:00", "subject": "2", "recorded-or-robo": "Y", "city": "Madison", "state": "GA", "area-code": "706"}, {"id": "1d36742e3f24f50e4e7ae828018b4801", "number": "5124915513", "date": "2021-01-23 11:40:00", "subject": "2", "recorded-or-robo": "Y", "city": "Madison", "state": "GA", "area-code": "706"}, {"id": "e81c9350d54f66c6d33b3747eef512de", "number": "4434923467", "date": "2021-01-22 12:35:00", "subject": "2", "recorded-or-robo": "N", "city": "", "state": "VA", "area-code": "804"}, {"id": "1d36742e3f24f50e4e7ae828018b4059", "number": "4434923467", "date": "2021-01-22 12:35:00", "subject": "2", "recorded-or-robo": "N", "city": "", "state": "VA", "area-code": "804"}, {"id": "e81c9350d54f66c6d33b3747eef50953", "number": "3144952873", "date": "2021-01-22 18:39:00", "subject": "2", "recorded-or-robo": "Y", "city": "University City", "state": "MO", "area-code": "314"}, {"id": "1d36742e3f24f50e4e7ae828018b37aa", "number": "3144952873", "date": "2021-01-22 18:39:00", "subject": "2", "recorded-or-robo": "Y", "city": "University City", "state": "MO", "area-code": "314"}, {"id": "e81c9350d54f66c6d33b3747eef501af", "number": "6602976668", "date": "2021-01-23 11:08:00", "subject": "1", "recorded-or-robo": "Y", "city": "Trenton", "state": "MO", "area-code": "660"}, {"id": "1d36742e3f24f50e4e7ae828018b2a0d", "number": "6602976668", "date": "2021-01-23 11:08:00", "subject": "1", "recorded-or-robo": "Y", "city": "Trenton", "state": "MO", "area-code": "660"}, {"id": "e81c9350d54f66c6d33b3747eef4fab7", "number": "2017750761", "date": "2021-01-20 13:54:00", "subject": "0", "recorded-or-robo": "Y", "city": "", "state": "NJ", "area-code": "201"}, {"id": "1d36742e3f24f50e4e7ae828018b24f5", "number": "2017750761", "date": "2021-01-20 13:54:00", "subject": "0", "recorded-or-robo": "Y", "city": "", "state": "NJ", "area-code": "201"}, {"id": "e81c9350d54f66c6d33b3747eef4f7de", "number": "7163251119", "date": "2021-01-23 12:08:00", "subject": "4", "recorded-or-robo": "Y", "city": "Nanuet", "state": "NY", "area-code": "914"}, {"id": "1d36742e3f24f50e4e7ae828018b2390", "number": "7163251119", "date": "2021-01-23 12:08:00", "subject": "4", "recorded-or-robo": "Y", "city": "Nanuet", "state": "NY", "area-code": "914"}, {"id": "e81c9350d54f66c6d33b3747eef4ea9d", "number": "6514584007", "date": "2021-01-23 11:05:00", "subject": "1", "recorded-or-robo": "Y", "city": "", "state": "MN", "area-code": "651"}, {"id": "1d36742e3f24f50e4e7ae828018b236c", "number": "6514584007", "date": "2021-01-23 11:05:00", "subject": "1", "recorded-or-robo": "Y", "city": "", "state": "MN", "area-code": "651"}, {"id": "e81c9350d54f66c6d33b3747eef4dd40", "number": "", "date": "2021-01-23 10:57:00", "subject": "0", "recorded-or-robo": "Y", "city": "", "state": "IL", "area-code": "217"}, {"id": "1d36742e3f24f50e4e7ae828018b18fe", "number": "", "date": "2021-01-23 10:57:00", "subject": "0", "recorded-or-robo": "Y", "city": "", "state": "IL", "area-code": "217"}, {"id": "e81c9350d54f66c6d33b3747eef4db97", "number": "2165399047", "date": "2021-01-23 12:08:00", "subject": "2", "recorded-or-robo": "Y", "city": "olmsted falls", "state": "OH", "area-code": "440"}, {"id": "1d36742e3f24f50e4e7ae828018b154b", "number": "2165399047", "date": "2021-01-23 12:08:00", "subject": "2", "recorded-or-robo": "Y", "city": "olmsted falls", "state": "OH", "area-code": "440"}, {"id": "e81c9350d54f66c6d33b3747eef4d0ab", "number": "7603723157", "date": "2021-01-21 12:54:00", "subject": "0", "recorded-or-robo": "N", "city": "Bishop", "state": "CA", "area-code": "760"}, {"id": "1d36742e3f24f50e4e7ae828018b0664", "number": "7603723157", "date": "2021-01-21 12:54:00", "subject": "0", "recorded-or-robo": "N", "city": "Bishop", "state": "CA", "area-code": "760"}, {"id": "e81c9350d54f66c6d33b3747eef4c856", "number": "7028765656", "date": "2021-01-23 00:00:00", "subject": "7", "recorded-or-robo": "Y", "city": "", "state": "NV", "area-code": "702"}, {"id": "1d36742e3f24f50e4e7ae828018af1b2", "number": "7028765656", "date": "2021-01-23 00:00:00", "subject": "7", "recorded-or-robo": "Y", "city": "", "state": "NV", "area-code": "702"}, {"id": "e81c9350d54f66c6d33b3747eef4bf5b", "number": "9133555553", "date": "2021-01-23 12:00:00", "subject": "4", "recorded-or-robo": "Y", "city": "East Elmhurst", "state": "NY", "area-code": "347"}]}