{"data": [{"id": "03e293b3df9e35eadf15c561195192b8", "number": "", "date": "2021-01-24 00:00:00", "subject": "3", "recorded-or-robo": "N", "city": "", "state": "AR", "area-code": "501"}, {"id": "3decc6bfadaa436a105714c6babb21e7", "number": "5154198245", "date": "2021-01-24 16:40:00", "subject": "2", "recorded-or-robo": "Y", "city": "Jefferson IA", "state": "IA", "area-code": "515"}, {"id": "03e293b3df9e35eadf15c561195184e6", "number": "5154198245", "date": "2021-01-24 16:40:00", "subject": "2", "recorded-or-robo": "Y", "city": "Jefferson IA", "state": "IA", "area-code": "515"}, {"id": "3decc6bfadaa436a105714c6babb1daf", "number": "7753007967", "date": "2021-01-22 17:59:00", "subject": "3", "recorded-or-robo": "Y", "city": "", "state": "NV", "area-code": "702"}, {"id": "03e293b3df9e35eadf15c561195184cb", "number": "7753007967", "date": "2021-01-22 17:59:00", "subject": "3", "recorded-or-robo": "Y", "city": "", "state": "NV", "area-code": "702"}, {"id": "3decc6bfadaa436a105714c6babb1981", "number": "9362270630", "date": "2021-01-24 10:12:00", "subject": "2", "recorded-or-robo": "Y", "city": "", "state": "TX", "area-code": "936"}, {"id": "03e293b3df9e35eadf15c56119517548", "number": "9362270630", "date": "2021-01-24 10:12:00", "subject": "2", "recorded-or-robo": "Y", "city": "", "state": "TX", "area-code": "936"}, {"id": "3decc6bfadaa436a105714c6babb16e2", "number": "5152193739", "date": "2021-01-21 09:15:00", "subject": "2", "recorded-or-robo": "Y", "city": "Chesapeake", "state": "VA", "area-code": "757"}, {"id": "03e293b3df9e35eadf15c561195174d5", "number": "5152193739", "date": "2021-01-21 09:15:00", "subject": "2", "recorded-or-robo": "Y", "city": "Chesapeake", "state": "VA", "area-code": "757"}, {"id": "3decc6bfadaa436a105714c6babb12b3", "number": "9362270630", "date": "2021-01-24 09:12:00", "subject": "2", "recorded-or-robo": "Y", "city": "", "state": "TX", "area-code": "936"}, {"id": "03e293b3df9e35eadf15c56119516bec", "number": "9362270630", "date": "2021-01-24 09:12:00", "subject": "2", "recorded-or-robo": "Y", "city": "", "state": "TX", "area-code": "936"}, {"id": "3decc6bfadaa436a105714c6babb0630", "number": "6603492318", "date": "2021-01-24 15:35:00", "subject": "1", "recorded-or-robo": "Y", "city": "Panama City Beach", "state": "FL", "area-code": "660"}, {"id": "03e293b3df9e35eadf15c561195161cb", "number": "6603492318", "date": "2021-01-24 15:35:00", "subject": "1", "recorded-or-robo": "Y", "city": "Panama City Beach", "state": "FL", "area-code": "660"}, {"id": "3decc6bfadaa436a105714c6babaffc3", "number": "3147892368", "date": "2021-01-24 15:43:00", "subject": "2", "recorded-or-robo": "", "city": "", "state": "WI", "area-code": "920"}, {"id": "3decc6bfadaa436a105714c6babafb95", "number": "8556783268", "date": "2021-01-24 16:20:00", "subject": "2", "recorded-or-robo": "Y", "city": "", "state": "PA", "area-code": "412"}, {"id": "03e293b3df9e35eadf15c56119515fa5", "number": "3147892368", "date": "2021-01-24 15:43:00", "subject": "2", "recorded-or-robo": "", "city": "", "state": "WI", "area-code": "920"}, {"id": "03e293b3df9e35eadf15c561195158d3", "number": "8556783268", "date": "2021-01-24 16:20:00", "subject": "2", "recorded-or-robo": "Y", "city": "", "state": "PA", "area-code": "412"}, {"id": "3decc6bfadaa436a105714c6babaeeb5", "number": "6164252307", "date": "2021-01-20 17:06:00", "subject": "2", "recorded-or-robo": "Y", "city": "Chesapeake", "state": "VA", "area-code": "757"}, {"id": "03e293b3df9e35eadf15c56119515146", "number": "6164252307", "date": "2021-01-20 17:06:00", "subject": "2", "recorded-or-robo": "Y", "city": "Chesapeake", "state": "VA", "area-code": "757"}, {"id": "3decc6bfadaa436a105714c6babaee87", "number": "", "date": "2021-01-22 00:00:00", "subject": "2", "recorded-or-robo": "Y", "city": "Ft. Worth", "state": "TX", "area-code": "817"}, {"id": "03e293b3df9e35eadf15c56119514475", "number": "", "date": "2021-01-22 00:00:00", "subject": "2", "recorded-or-robo": "Y", "city": "Ft. Worth", "state": "TX", "area-code": "817"}, {"id": "3decc6bfadaa436a105714c6babae710", "number": "2169064710", "date": "2021-01-24 14:41:00", "subject": "0", "recorded-or-robo": "Y", "city": "Ohio", "state": "OH", "area-code": "216"}, {"id": "03e293b3df9e35eadf15c5611951391f", "number": "2169064710", "date": "2021-01-24 14:41:00", "subject": "0", "recorded-or-robo": "Y", "city": "Ohio", "state": "OH", "area-code": "216"}, {"id": "3decc6bfadaa436a105714c6babadfa3", "number": "3252679282", "date": "2021-01-20 18:44:00", "subject": "2", "recorded-or-robo": "Y", "city": "Chesapeake", "state": "VA", "area-code": "757"}, {"id": "03e293b3df9e35eadf15c561195133b5", "number": "3252679282", "date": "2021-01-20 18:44:00", "subject": "2", "recorded-or-robo": "Y", "city": "Chesapeake", "state": "VA", "area-code": "757"}, {"id": "3decc6bfadaa436a105714c6babadbaf", "number": "9362770629", "date": "2021-01-24 13:33:00", "subject": "2", "recorded-or-robo": "Y", "city": "", "state": "TX", "area-code": "936"}, {"id": "03e293b3df9e35eadf15c561195126d6", "number": "9362770629", "date": "2021-01-24 13:33:00", "subject": "2", "recorded-or-robo": "Y", "city": "", "state": "TX", "area-code": "936"}, {"id": "3decc6bfadaa436a105714c6babad8a0", "number": "3152328257", "date": "2021-01-24 11:42:00", "subject": "2", "recorded-or-robo": "Y", "city": "Zephyrhills", "state": "FL", "area-code": "813"}, {"id": "03e293b3df9e35eadf15c56119511767", "number": "3152328257", "date": "2021-01-24 11:42:00", "subject": "2", "recorded-or-robo": "Y", "city": "Zephyrhills", "state": "FL", "area-code": "813"}, {"id": "3decc6bfadaa436a105714c6babacc48", "number": "5402163610", "date": "2021-01-24 00:00:00", "subject": "2", "recorded-or-robo": "Y", "city": "Culpeper", "state": "VA", "area-code": "540"}, {"id": "03e293b3df9e35eadf15c56119510bf0", "number": "5402163610", "date": "2021-01-24 00:00:00", "subject": "2", "recorded-or-robo": "Y", "city": "Culpeper", "state": "VA", "area-code": "540"}, {"id": "3decc6bfadaa436a105714c6babac256", "number": "7024253619", "date": "2021-01-23 11:51:00", "subject": "3", "recorded-or-robo": "Y", "city": "", "state": "NV", "area-code": "702"}, {"id": "03e293b3df9e35eadf15c56119510488", "number": "7024253619", "date": "2021-01-23 11:51:00", "subject": "3", "recorded-or-robo": "Y", "city": "", "state": "NV", "area-code": "702"}, {"id": "3decc6bfadaa436a105714c6babab283", "number": "1314740754", "date": "2021-01-24 15:40:00", "subject": "1", "recorded-or-robo": "Y", "city": "Chicago", "state": "IL", "area-code": "314"}, {"id": "03e293b3df9e35eadf15c5611950fb9b", "number": "1314740754", "date": "2021-01-24 15:40:00", "subject": "1", "recorded-or-robo": "Y", "city": "Chicago", "state": "IL", "area-code": "314"}, {"id": "3decc6bfadaa436a105714c6babaa2a2", "number": "9362270625", "date": "2021-01-24 00:00:00", "subject": "2", "recorded-or-robo": "Y", "city": "", "state": "TX", "area-code": "936"}, {"id": "03e293b3df9e35eadf15c5611950eee5", "number": "9362270625", "date": "2021-01-24 00:00:00", "subject": "2", "recorded-or-robo": "Y", "city": "", "state": "TX", "area-code": "936"}, {"id": "3decc6bfadaa436a105714c6babaa145", "number": "6184333734", "date": "2021-01-21 09:08:00", "subject": "2", "recorded-or-robo": "Y", "city": "Chesapeake", "state": "VA", "area-code": "757"}, {"id": "03e293b3df9e35eadf15c5611950e67a", "number": "6184333734", "date": "2021-01-21 09:08:00", "subject": "2", "recorded-or-robo": "Y", "city": "Chesapeake", "state": "VA", "area-code": "757"}, {"id": "3decc6bfadaa436a105714c6baba97ed", "number": "7324019918", "date": "2021-01-24 16:03:00", "subject": "0", "recorded-or-robo": "Y", "city": "", "state": "NJ", "area-code": "732"}, {"id": "03e293b3df9e35eadf15c5611950db61", "number": "7324019918", "date": "2021-01-24 16:03:00", "subject": "0", "recorded-or-robo": "Y", "city": "", "state": "NJ", "area-code": "732"}, {"id": "3decc6bfadaa436a105714c6baba8cb2", "number": "8885454199", "date": "2021-01-21 03:59:00", "subject": "2", "recorded-or-robo": "Y", "city": "Apollo Beach", "state": "FL", "area-code": "443"}, {"id": "03e293b3df9e35eadf15c5611950d9ff", "number": "8885454199", "date": "2021-01-21 03:59:00", "subject": "2", "recorded-or-robo": "Y", "city": "Apollo Beach", "state": "FL", "area-code": "443"}, {"id": "3decc6bfadaa436a105714c6baba827f", "number": "6058243323", "date": "2021-01-21 10:29:00", "subject": "2", "recorded-or-robo": "Y", "city": "Chesapeake", "state": "VA", "area-code": "757"}, {"id": "03e293b3df9e35eadf15c5611950cb37", "number": "6058243323", "date": "2021-01-21 10:29:00", "subject": "2", "recorded-or-robo": "Y", "city": "Chesapeake", "state": "VA", "area-code": "757"}, {"id": "3decc6bfadaa436a105714c6baba7f69", "number": "8042076361", "date": "2021-01-21 19:55:00", "subject": "2", "recorded-or-robo": "", "city": "Fort Lupton", "state": "CO", "area-code": "303"}, {"id": "03e293b3df9e35eadf15c5611950c6de", "number": "8042076361", "date": "2021-01-21 19:55:00", "subject": "2", "recorded-or-robo": "", "city": "Fort Lupton", "state": "CO", "area-code": "303"}, {"id": "3decc6bfadaa436a105714c6baba7d83", "number": "7252397745", "date": "2021-01-23 13:01:00", "subject": "3", "recorded-or-robo": "Y", "city": "", "state": "NV", "area-code": "702"}, {"id": "03e293b3df9e35eadf15c5611950b9e7", "number": "7252397745", "date": "2021-01-23 13:01:00", "subject": "3", "recorded-or-robo": "Y", "city": "", "state": "NV", "area-code": "702"}, {"id": "3decc6bfadaa436a105714c6baba7ab2", "number": "2169061138", "date": "2021-01-24 14:02:00", "subject": "0", "recorded-or-robo": "Y", "city": "Ohio", "state": "OH", "area-code": "216"}]}