{"data": [{"id": "1d36742e3f24f50e4e7ae82801a631a0", "number": "9145951647", "date": "2021-01-22 14:49:00", "subject": "4", "recorded-or-robo": "Y", "city": "Katonah", "state": "NY", "area-code": "914"}, {"id": "3decc6bfadaa436a105714c6ba0f175b", "number": "3023870251", "date": "2021-01-21 11:44:00", "subject": "4", "recorded-or-robo": "Y", "city": "Lewes", "state": "DE", "area-code": "302"}, {"id": "1d36742e3f24f50e4e7ae82801a62ba3", "number": "3023870251", "date": "2021-01-21 11:44:00", "subject": "4", "recorded-or-robo": "Y", "city": "Lewes", "state": "DE", "area-code": "302"}, {"id": "3decc6bfadaa436a105714c6ba0f070e", "number": "6154063433", "date": "2021-01-23 11:10:00", "subject": "1", "recorded-or-robo": "Y", "city": "Noel", "state": "NE", "area-code": "308"}, {"id": "1d36742e3f24f50e4e7ae82801a61833", "number": "6154063433", "date": "2021-01-23 11:10:00", "subject": "1", "recorded-or-robo": "Y", "city": "Noel", "state": "NE", "area-code": "308"}, {"id": "3decc6bfadaa436a105714c6ba0ef716", "number": "6282451744", "date": "2021-01-22 15:30:00", "subject": "5", "recorded-or-robo": "Y", "city": "Yorba Linda", "state": "CA", "area-code": "714"}, {"id": "3decc6bfadaa436a105714c6ba0ee987", "number": "8559791098", "date": "2021-01-23 13:15:00", "subject": "0", "recorded-or-robo": "", "city": "New York", "state": "NY", "area-code": "212"}, {"id": "1d36742e3f24f50e4e7ae82801a615ce", "number": "6282451744", "date": "2021-01-22 15:30:00", "subject": "5", "recorded-or-robo": "Y", "city": "Yorba Linda", "state": "CA", "area-code": "714"}, {"id": "1d36742e3f24f50e4e7ae82801a6123e", "number": "8559791098", "date": "2021-01-23 13:15:00", "subject": "0", "recorded-or-robo": "", "city": "New York", "state": "NY", "area-code": "212"}, {"id": "3decc6bfadaa436a105714c6ba0ee558", "number": "8882843593", "date": "2021-01-23 10:38:00", "subject": "1", "recorded-or-robo": "Y", "city": "Beverly Hills", "state": "CA", "area-code": "414"}, {"id": "1d36742e3f24f50e4e7ae82801a60bb2", "number": "8882843593", "date": "2021-01-23 10:38:00", "subject": "1", "recorded-or-robo": "Y", "city": "Beverly Hills", "state": "CA", "area-code": "414"}, {"id": "3decc6bfadaa436a105714c6ba0edda2", "number": "", "date": "2021-01-23 12:41:00", "subject": "3", "recorded-or-robo": "Y", "city": "", "state": "FL", "area-code": "754"}, {"id": "1d36742e3f24f50e4e7ae82801a60514", "number": "", "date": "2021-01-23 12:41:00", "subject": "3", "recorded-or-robo": "Y", "city": "", "state": "FL", "area-code": "754"}, {"id": "3decc6bfadaa436a105714c6ba0ed635", "number": "4437132963", "date": "2020-12-29 10:54:00", "subject": "0", "recorded-or-robo": "", "city": "", "state": "MD", "area-code": "443"}, {"id": "1d36742e3f24f50e4e7ae82801a5fb68", "number": "4437132963", "date": "2020-12-29 10:54:00", "subject": "0", "recorded-or-robo": "", "city": "", "state": "MD", "area-code": "443"}, {"id": "3decc6bfadaa436a105714c6ba0ec745", "number": "9563641899", "date": "2021-01-23 13:25:00", "subject": "3", "recorded-or-robo": "Y", "city": "", "state": "VA", "area-code": "804"}, {"id": "1d36742e3f24f50e4e7ae82801a5f834", "number": "9563641899", "date": "2021-01-23 13:25:00", "subject": "3", "recorded-or-robo": "Y", "city": "", "state": "VA", "area-code": "804"}, {"id": "3decc6bfadaa436a105714c6ba0ebaca", "number": "3219999096", "date": "2021-01-23 13:27:00", "subject": "2", "recorded-or-robo": "Y", "city": "", "state": "FL", "area-code": "321"}, {"id": "1d36742e3f24f50e4e7ae82801a5edd6", "number": "3219999096", "date": "2021-01-23 13:27:00", "subject": "2", "recorded-or-robo": "Y", "city": "", "state": "FL", "area-code": "321"}, {"id": "3decc6bfadaa436a105714c6ba0eb360", "number": "2094089229", "date": "2021-01-23 12:08:00", "subject": "2", "recorded-or-robo": "Y", "city": "Butler", "state": "OH", "area-code": "419"}, {"id": "3decc6bfadaa436a105714c6ba0ea5a5", "number": "3152328257", "date": "2021-01-23 12:45:00", "subject": "1", "recorded-or-robo": "Y", "city": "Saint Peters", "state": "MO", "area-code": "636"}, {"id": "1d36742e3f24f50e4e7ae82801a5e794", "number": "2094089229", "date": "2021-01-23 12:08:00", "subject": "2", "recorded-or-robo": "Y", "city": "Butler", "state": "OH", "area-code": "419"}, {"id": "1d36742e3f24f50e4e7ae82801a5e5f3", "number": "3152328257", "date": "2021-01-23 12:45:00", "subject": "1", "recorded-or-robo": "Y", "city": "Saint Peters", "state": "MO", "area-code": "636"}, {"id": "3decc6bfadaa436a105714c6ba0e999e", "number": "7325745402", "date": "2021-01-23 13:29:00", "subject": "2", "recorded-or-robo": "Y", "city": "Egg harbor township", "state": "NJ", "area-code": "609"}, {"id": "1d36742e3f24f50e4e7ae82801a5d609", "number": "7325745402", "date": "2021-01-23 13:29:00", "subject": "2", "recorded-or-robo": "Y", "city": "Egg harbor township", "state": "NJ", "area-code": "609"}, {"id": "3decc6bfadaa436a105714c6ba0e63a2", "number": "9045918704", "date": "2021-01-23 12:12:00", "subject": "3", "recorded-or-robo": "N", "city": "", "state": "FL", "area-code": "904"}, {"id": "1d36742e3f24f50e4e7ae82801a58547", "number": "9045918704", "date": "2021-01-23 12:12:00", "subject": "3", "recorded-or-robo": "N", "city": "", "state": "FL", "area-code": "904"}, {"id": "3decc6bfadaa436a105714c6ba0e8d27", "number": "6185218102", "date": "2021-01-23 00:38:00", "subject": "2", "recorded-or-robo": "Y", "city": "THEBES", "state": "IL", "area-code": "618"}, {"id": "1d36742e3f24f50e4e7ae82801a5c7d8", "number": "6185218102", "date": "2021-01-23 00:38:00", "subject": "2", "recorded-or-robo": "Y", "city": "THEBES", "state": "IL", "area-code": "618"}, {"id": "3decc6bfadaa436a105714c6ba0e8b8d", "number": "", "date": "2021-01-23 01:41:00", "subject": "2", "recorded-or-robo": "Y", "city": "", "state": "NY", "area-code": "917"}, {"id": "1d36742e3f24f50e4e7ae82801a5bc6d", "number": "", "date": "2021-01-23 01:41:00", "subject": "2", "recorded-or-robo": "Y", "city": "", "state": "NY", "area-code": "917"}, {"id": "3decc6bfadaa436a105714c6ba0e85c7", "number": "6263318102", "date": "2021-01-23 10:42:00", "subject": "3", "recorded-or-robo": "Y", "city": "", "state": "CA", "area-code": "626"}, {"id": "1d36742e3f24f50e4e7ae82801a5b7b5", "number": "6263318102", "date": "2021-01-23 10:42:00", "subject": "3", "recorded-or-robo": "Y", "city": "", "state": "CA", "area-code": "626"}, {"id": "3decc6bfadaa436a105714c6ba0e71f8", "number": "7346808076", "date": "2021-01-23 13:43:00", "subject": "3", "recorded-or-robo": "", "city": "", "state": "MI", "area-code": "734"}, {"id": "1d36742e3f24f50e4e7ae82801a5a16a", "number": "7346808076", "date": "2021-01-23 13:43:00", "subject": "3", "recorded-or-robo": "", "city": "", "state": "MI", "area-code": "734"}, {"id": "3decc6bfadaa436a105714c6ba0e7fa8", "number": "6154061876", "date": "2021-01-23 12:31:00", "subject": "1", "recorded-or-robo": "Y", "city": "Noel", "state": "MO", "area-code": "308"}, {"id": "1d36742e3f24f50e4e7ae82801a5b761", "number": "6154061876", "date": "2021-01-23 12:31:00", "subject": "1", "recorded-or-robo": "Y", "city": "Noel", "state": "MO", "area-code": "308"}, {"id": "3decc6bfadaa436a105714c6ba0e7ec6", "number": "8448909217", "date": "2021-01-23 13:45:00", "subject": "0", "recorded-or-robo": "Y", "city": "", "state": "GA", "area-code": "678"}, {"id": "1d36742e3f24f50e4e7ae82801a5aafe", "number": "8448909217", "date": "2021-01-23 13:45:00", "subject": "0", "recorded-or-robo": "Y", "city": "", "state": "GA", "area-code": "678"}, {"id": "3decc6bfadaa436a105714c6ba0e5627", "number": "4019653315", "date": "2021-01-23 11:48:00", "subject": "3", "recorded-or-robo": "N", "city": "", "state": "RI", "area-code": "401"}, {"id": "1d36742e3f24f50e4e7ae82801a574da", "number": "4019653315", "date": "2021-01-23 11:48:00", "subject": "3", "recorded-or-robo": "N", "city": "", "state": "RI", "area-code": "401"}, {"id": "3decc6bfadaa436a105714c6ba0e7239", "number": "6284321027", "date": "2021-01-22 14:19:00", "subject": "2", "recorded-or-robo": "Y", "city": "Milton", "state": "NH", "area-code": "603"}, {"id": "1d36742e3f24f50e4e7ae82801a5a4db", "number": "6284321027", "date": "2021-01-22 14:19:00", "subject": "2", "recorded-or-robo": "Y", "city": "Milton", "state": "NH", "area-code": "603"}, {"id": "3decc6bfadaa436a105714c6ba0e324f", "number": "4043554889", "date": "2021-01-23 11:28:00", "subject": "3", "recorded-or-robo": "N", "city": "", "state": "GA", "area-code": "404"}, {"id": "1d36742e3f24f50e4e7ae82801a55319", "number": "4043554889", "date": "2021-01-23 11:28:00", "subject": "3", "recorded-or-robo": "N", "city": "", "state": "GA", "area-code": "404"}, {"id": "3decc6bfadaa436a105714c6ba0e6da7", "number": "2082685199", "date": "2021-01-23 12:41:00", "subject": "4", "recorded-or-robo": "Y", "city": "Greenville", "state": "TX", "area-code": "972"}, {"id": "1d36742e3f24f50e4e7ae82801a59395", "number": "2082685199", "date": "2021-01-23 12:41:00", "subject": "4", "recorded-or-robo": "Y", "city": "Greenville", "state": "TX", "area-code": "972"}, {"id": "3decc6bfadaa436a105714c6ba0e636c", "number": "8649161191", "date": "2021-01-07 11:11:00", "subject": "2", "recorded-or-robo": "Y", "city": "Rochester", "state": "MN", "area-code": "507"}, {"id": "1d36742e3f24f50e4e7ae82801a57e39", "number": "8649161191", "date": "2021-01-07 11:11:00", "subject": "2", "recorded-or-robo": "Y", "city": "Rochester", "state": "MN", "area-code": "507"}, {"id": "3decc6bfadaa436a105714c6ba0e5268", "number": "2102539177", "date": "2021-01-23 11:22:00", "subject": "3", "recorded-or-robo": "Y", "city": "", "state": "VA", "area-code": "804"}]}