{"data": [{"id": "490dde24b259add1335244cd1b0b61ee", "number": "7278889253", "date": "2021-01-26 09:15:00", "subject": "12", "recorded-or-robo": "Y", "city": "Largo", "state": "FL", "area-code": "727"}, {"id": "490dde24b259add1335244cd1b0b5a39", "number": "6314003381", "date": "2021-01-26 10:00:00", "subject": "2", "recorded-or-robo": "Y", "city": "Center Moriches", "state": "NY", "area-code": "631"}, {"id": "490dde24b259add1335244cd1b0b49d5", "number": "8053798533", "date": "2021-01-25 11:48:00", "subject": "3", "recorded-or-robo": "Y", "city": "Camarillo", "state": "CA", "area-code": "805"}, {"id": "490dde24b259add1335244cd1b0b43b3", "number": "7273803314", "date": "2021-01-26 10:31:00", "subject": "15", "recorded-or-robo": "Y", "city": "ASHEVILLE", "state": "NC", "area-code": "828"}, {"id": "490dde24b259add1335244cd1b0b39ec", "number": "", "date": "2021-01-26 10:23:00", "subject": "4", "recorded-or-robo": "Y", "city": "Mechanicsville", "state": "VA", "area-code": "804"}, {"id": "490dde24b259add1335244cd1b0b36a2", "number": "5072485268", "date": "2021-01-26 09:08:00", "subject": "3", "recorded-or-robo": "N", "city": "", "state": "MN", "area-code": "218"}, {"id": "490dde24b259add1335244cd1b0b2704", "number": "3312599624", "date": "2021-01-25 10:33:00", "subject": "4", "recorded-or-robo": "Y", "city": "Las Vegas", "state": "IL", "area-code": "630"}, {"id": "490dde24b259add1335244cd1b0b25fe", "number": "8052591277", "date": "2021-01-25 10:37:00", "subject": "2", "recorded-or-robo": "Y", "city": "North Haven", "state": "CT", "area-code": "203"}, {"id": "490dde24b259add1335244cd1b0b1779", "number": "8003216064", "date": "2021-01-25 14:57:00", "subject": "0", "recorded-or-robo": "Y", "city": "", "state": "MD", "area-code": "410"}, {"id": "490dde24b259add1335244cd1b0b1275", "number": "8123656073", "date": "2021-01-22 18:38:00", "subject": "2", "recorded-or-robo": "N", "city": "Norman", "state": "IN", "area-code": "812"}, {"id": "490dde24b259add1335244cd1b0b10eb", "number": "6314078613", "date": "2021-01-26 10:05:00", "subject": "6", "recorded-or-robo": "Y", "city": "Bronx", "state": "NY", "area-code": "718"}, {"id": "490dde24b259add1335244cd1b0b0d0c", "number": "2126960190", "date": "2021-01-26 10:30:00", "subject": "1", "recorded-or-robo": "Y", "city": "New York", "state": "NY", "area-code": "212"}, {"id": "490dde24b259add1335244cd1b0b07e5", "number": "6109514914", "date": "2021-01-26 09:02:00", "subject": "2", "recorded-or-robo": "Y", "city": "Lansdowne", "state": "PA", "area-code": "484"}, {"id": "490dde24b259add1335244cd1b0afc21", "number": "5125885994", "date": "2021-01-26 09:31:00", "subject": "6", "recorded-or-robo": "N", "city": "", "state": "TX", "area-code": "210"}, {"id": "490dde24b259add1335244cd1b0aec53", "number": "2677150167", "date": "2021-01-26 00:00:00", "subject": "4", "recorded-or-robo": "Y", "city": "", "state": "PA", "area-code": "267"}, {"id": "490dde24b259add1335244cd1b0ae4ee", "number": "7739226219", "date": "2021-01-26 09:30:00", "subject": "3", "recorded-or-robo": "Y", "city": "", "state": "IL", "area-code": "773"}, {"id": "490dde24b259add1335244cd1b0add2b", "number": "9703689172", "date": "2021-01-26 08:28:00", "subject": "4", "recorded-or-robo": "Y", "city": "", "state": "CO", "area-code": "303"}, {"id": "490dde24b259add1335244cd1b0acf31", "number": "8332298980", "date": "2021-01-25 15:08:00", "subject": "0", "recorded-or-robo": "Y", "city": "Coatesville", "state": "PA", "area-code": "610"}, {"id": "490dde24b259add1335244cd1b0acc22", "number": "7017361515", "date": "2021-01-26 10:20:00", "subject": "5", "recorded-or-robo": "Y", "city": "hillsdale", "state": "MI", "area-code": "517"}, {"id": "490dde24b259add1335244cd1b0ac0fa", "number": "3049133065", "date": "2021-01-26 06:43:00", "subject": "2", "recorded-or-robo": "Y", "city": "Santa Maria", "state": "CA", "area-code": "805"}, {"id": "490dde24b259add1335244cd1b0ab20f", "number": "8138584347", "date": "2021-01-22 17:14:00", "subject": "7", "recorded-or-robo": "N", "city": "TAMPA", "state": "FL", "area-code": "813"}, {"id": "490dde24b259add1335244cd1b0aaab4", "number": "5732298741", "date": "2021-01-22 14:37:00", "subject": "2", "recorded-or-robo": "Y", "city": "", "state": "TX", "area-code": "417"}, {"id": "490dde24b259add1335244cd1b0a9afb", "number": "8504099865", "date": "2021-01-26 10:30:00", "subject": "4", "recorded-or-robo": "Y", "city": "cape coral", "state": "FL", "area-code": "239"}, {"id": "490dde24b259add1335244cd1b0a8b24", "number": "7014941152", "date": "2021-01-25 13:46:00", "subject": "2", "recorded-or-robo": "Y", "city": "Crossville", "state": "TN", "area-code": "931"}, {"id": "490dde24b259add1335244cd1b0a867d", "number": "8609712179", "date": "2021-01-26 10:31:00", "subject": "4", "recorded-or-robo": "Y", "city": "Glastonbury", "state": "CT", "area-code": "860"}, {"id": "490dde24b259add1335244cd1b0a76d2", "number": "6102588465", "date": "2021-01-25 10:23:00", "subject": "6", "recorded-or-robo": "Y", "city": "San Dimas", "state": "CA", "area-code": "323"}, {"id": "490dde24b259add1335244cd1b0a74e3", "number": "3474676191", "date": "2021-01-26 00:45:00", "subject": "13", "recorded-or-robo": "Y", "city": "MILBANK", "state": "SD", "area-code": "605"}, {"id": "490dde24b259add1335244cd1b0a657f", "number": "9176753477", "date": "2021-01-26 09:10:00", "subject": "0", "recorded-or-robo": "N", "city": "Auburn", "state": "MA", "area-code": "508"}, {"id": "490dde24b259add1335244cd1b0a63db", "number": "8159740088", "date": "2021-01-26 10:31:00", "subject": "4", "recorded-or-robo": "Y", "city": "Newport News", "state": "VA", "area-code": "757"}, {"id": "490dde24b259add1335244cd1b0a63a6", "number": "9139124389", "date": "2021-01-26 10:29:00", "subject": "4", "recorded-or-robo": "Y", "city": "Marietta", "state": "GA", "area-code": "404"}, {"id": "490dde24b259add1335244cd1b0a5a61", "number": "", "date": "2021-01-26 09:28:00", "subject": "1", "recorded-or-robo": "Y", "city": "Dallas", "state": "TX", "area-code": "972"}, {"id": "490dde24b259add1335244cd1b0a5004", "number": "4106304529", "date": "2021-01-18 00:00:00", "subject": "3", "recorded-or-robo": "N", "city": "", "state": "MD", "area-code": "443"}, {"id": "490dde24b259add1335244cd1b0a4510", "number": "8137508264", "date": "2021-01-26 10:31:00", "subject": "4", "recorded-or-robo": "Y", "city": "Pinellas Park", "state": "FL", "area-code": "813"}, {"id": "490dde24b259add1335244cd1b0a3659", "number": "4345490636", "date": "2021-01-26 10:29:00", "subject": "4", "recorded-or-robo": "Y", "city": "", "state": "VA", "area-code": "757"}, {"id": "490dde24b259add1335244cd1b0a3449", "number": "4842129311", "date": "2021-01-26 10:29:00", "subject": "4", "recorded-or-robo": "N", "city": "Ocala", "state": "FL", "area-code": "352"}, {"id": "490dde24b259add1335244cd1b0a2931", "number": "4703186359", "date": "2021-01-26 10:31:00", "subject": "15", "recorded-or-robo": "Y", "city": "Jefferson", "state": "GA", "area-code": "770"}, {"id": "490dde24b259add1335244cd1b09bbf9", "number": "9083088016", "date": "2021-01-25 10:17:00", "subject": "3", "recorded-or-robo": "", "city": "", "state": "NJ", "area-code": "908"}, {"id": "490dde24b259add1335244cd1b0a1afc", "number": "4107956546", "date": "2021-01-25 15:50:00", "subject": "0", "recorded-or-robo": "Y", "city": "", "state": "MD", "area-code": "410"}, {"id": "490dde24b259add1335244cd1b0a1510", "number": "3043987569", "date": "2021-01-26 10:30:00", "subject": "8", "recorded-or-robo": "N", "city": "Avon Lake", "state": "OH", "area-code": "440"}, {"id": "490dde24b259add1335244cd1b0a0c2d", "number": "7183623158", "date": "2021-01-26 10:33:00", "subject": "4", "recorded-or-robo": "Y", "city": "", "state": "NY", "area-code": "718"}, {"id": "490dde24b259add1335244cd1b09fee2", "number": "7035343320", "date": "2021-01-26 10:22:00", "subject": "6", "recorded-or-robo": "N", "city": "Falls Church", "state": "VA", "area-code": "703"}, {"id": "490dde24b259add1335244cd1b09f6c1", "number": "3127668434", "date": "2021-01-26 09:30:00", "subject": "4", "recorded-or-robo": "Y", "city": "Chicago", "state": "IL", "area-code": "312"}, {"id": "490dde24b259add1335244cd1b09f629", "number": "7652468212", "date": "2021-01-26 10:14:00", "subject": "6", "recorded-or-robo": "N", "city": "Kokomo", "state": "IN", "area-code": "765"}, {"id": "490dde24b259add1335244cd1b09e8e3", "number": "8332297984", "date": "2021-01-25 15:21:00", "subject": "0", "recorded-or-robo": "Y", "city": "Coatesville", "state": "PA", "area-code": "610"}, {"id": "490dde24b259add1335244cd1b09e2ff", "number": "6622456536", "date": "2021-01-26 09:02:00", "subject": "4", "recorded-or-robo": "Y", "city": "tutwiler", "state": "MS", "area-code": "662"}, {"id": "490dde24b259add1335244cd1b09dece", "number": "", "date": "2021-01-25 17:30:00", "subject": "11", "recorded-or-robo": "Y", "city": "Chesterfield", "state": "VA", "area-code": "804"}, {"id": "490dde24b259add1335244cd1b09dbbb", "number": "8332298984", "date": "2021-01-26 00:00:00", "subject": "3", "recorded-or-robo": "Y", "city": "", "state": "IL", "area-code": "630"}, {"id": "490dde24b259add1335244cd1b09db5c", "number": "4103787421", "date": "2021-01-25 09:15:00", "subject": "2", "recorded-or-robo": "Y", "city": "", "state": "TX", "area-code": "417"}, {"id": "490dde24b259add1335244cd1b09ce43", "number": "2032686403", "date": "2021-01-26 10:19:00", "subject": "5", "recorded-or-robo": "Y", "city": "Easton", "state": "CT", "area-code": "203"}, {"id": "490dde24b259add1335244cd1b09c001", "number": "", "date": "2021-01-26 10:25:00", "subject": "7", "recorded-or-robo": "Y", "city": "Upper Darby", "state": "PA", "area-code": "610"}]}