{"data": [{"id": "03e293b3df9e35eadf15c561194159b2", "number": "4065647601", "date": "2021-01-14 12:12:00", "subject": "2", "recorded-or-robo": "Y", "city": "", "state": "AZ", "area-code": "520"}, {"id": "3decc6bfadaa436a105714c6baab16e2", "number": "8137932208", "date": "2021-01-16 12:43:00", "subject": "4", "recorded-or-robo": "Y", "city": "", "state": "FL", "area-code": "813"}, {"id": "3decc6bfadaa436a105714c6baab10d9", "number": "", "date": "2021-01-24 16:35:00", "subject": "2", "recorded-or-robo": "Y", "city": "Saint Louis", "state": "MO", "area-code": "314"}, {"id": "03e293b3df9e35eadf15c561194156ca", "number": "8137932208", "date": "2021-01-16 12:43:00", "subject": "4", "recorded-or-robo": "Y", "city": "", "state": "FL", "area-code": "813"}, {"id": "03e293b3df9e35eadf15c56119414997", "number": "", "date": "2021-01-24 16:35:00", "subject": "2", "recorded-or-robo": "Y", "city": "Saint Louis", "state": "MO", "area-code": "314"}, {"id": "3decc6bfadaa436a105714c6baab0143", "number": "6464921644", "date": "2021-01-24 10:34:00", "subject": "2", "recorded-or-robo": "Y", "city": "new york", "state": "NY", "area-code": "917"}, {"id": "03e293b3df9e35eadf15c561194146f1", "number": "6464921644", "date": "2021-01-24 10:34:00", "subject": "2", "recorded-or-robo": "Y", "city": "new york", "state": "NY", "area-code": "917"}, {"id": "3decc6bfadaa436a105714c6baaaf75e", "number": "8556780924", "date": "2021-01-23 14:59:00", "subject": "2", "recorded-or-robo": "Y", "city": "Beaumont", "state": "TX", "area-code": "409"}, {"id": "03e293b3df9e35eadf15c56119414291", "number": "8556780924", "date": "2021-01-23 14:59:00", "subject": "2", "recorded-or-robo": "Y", "city": "Beaumont", "state": "TX", "area-code": "409"}, {"id": "3decc6bfadaa436a105714c6baaaf077", "number": "8022662748", "date": "2021-01-22 01:08:00", "subject": "4", "recorded-or-robo": "Y", "city": "st george", "state": "VT", "area-code": "802"}, {"id": "03e293b3df9e35eadf15c561194136d1", "number": "8022662748", "date": "2021-01-22 01:08:00", "subject": "4", "recorded-or-robo": "Y", "city": "st george", "state": "VT", "area-code": "802"}, {"id": "3decc6bfadaa436a105714c6baaaeb9e", "number": "", "date": "2021-01-24 13:36:00", "subject": "2", "recorded-or-robo": "Y", "city": "Saint Petersburg", "state": "FL", "area-code": "727"}, {"id": "03e293b3df9e35eadf15c561194134c3", "number": "", "date": "2021-01-24 13:36:00", "subject": "2", "recorded-or-robo": "Y", "city": "Saint Petersburg", "state": "FL", "area-code": "727"}, {"id": "3decc6bfadaa436a105714c6baaae770", "number": "8003839484", "date": "2021-01-14 15:26:00", "subject": "2", "recorded-or-robo": "Y", "city": "", "state": "AZ", "area-code": "520"}, {"id": "03e293b3df9e35eadf15c5611941302d", "number": "8003839484", "date": "2021-01-14 15:26:00", "subject": "2", "recorded-or-robo": "Y", "city": "", "state": "AZ", "area-code": "520"}, {"id": "3decc6bfadaa436a105714c6baaadb86", "number": "", "date": "2021-01-22 16:46:00", "subject": "3", "recorded-or-robo": "N", "city": "", "state": "TX", "area-code": "214"}, {"id": "03e293b3df9e35eadf15c56119412ac7", "number": "", "date": "2021-01-22 16:46:00", "subject": "3", "recorded-or-robo": "N", "city": "", "state": "TX", "area-code": "214"}, {"id": "3decc6bfadaa436a105714c6baaad2d3", "number": "", "date": "2021-01-04 11:30:00", "subject": "2", "recorded-or-robo": "Y", "city": "Huntington Beach", "state": "CA", "area-code": "714"}, {"id": "03e293b3df9e35eadf15c561194124c3", "number": "", "date": "2021-01-04 11:30:00", "subject": "2", "recorded-or-robo": "Y", "city": "Huntington Beach", "state": "CA", "area-code": "714"}, {"id": "3decc6bfadaa436a105714c6baaac6f3", "number": "8556786787", "date": "2021-01-23 15:15:00", "subject": "2", "recorded-or-robo": "Y", "city": "Beaumont", "state": "TX", "area-code": "409"}, {"id": "3decc6bfadaa436a105714c6baaac007", "number": "2099844956", "date": "2021-01-22 13:24:00", "subject": "1", "recorded-or-robo": "Y", "city": "", "state": "CA", "area-code": "209"}, {"id": "03e293b3df9e35eadf15c56119411dcb", "number": "8556786787", "date": "2021-01-23 15:15:00", "subject": "2", "recorded-or-robo": "Y", "city": "Beaumont", "state": "TX", "area-code": "409"}, {"id": "03e293b3df9e35eadf15c56119411097", "number": "2099844956", "date": "2021-01-22 13:24:00", "subject": "1", "recorded-or-robo": "Y", "city": "", "state": "CA", "area-code": "209"}, {"id": "3decc6bfadaa436a105714c6baaab83d", "number": "2073895189", "date": "2021-01-23 12:20:00", "subject": "2", "recorded-or-robo": "N", "city": "Bedford", "state": "VA", "area-code": "540"}, {"id": "03e293b3df9e35eadf15c5611941087a", "number": "2073895189", "date": "2021-01-23 12:20:00", "subject": "2", "recorded-or-robo": "N", "city": "Bedford", "state": "VA", "area-code": "540"}, {"id": "3decc6bfadaa436a105714c6baaab635", "number": "8763798148", "date": "2021-01-22 18:45:00", "subject": "13", "recorded-or-robo": "N", "city": "Roosevelt", "state": "NJ", "area-code": "609"}, {"id": "03e293b3df9e35eadf15c561194102b4", "number": "8763798148", "date": "2021-01-22 18:45:00", "subject": "13", "recorded-or-robo": "N", "city": "Roosevelt", "state": "NJ", "area-code": "609"}, {"id": "3decc6bfadaa436a105714c6baaab15b", "number": "5202774245", "date": "2021-01-16 10:55:00", "subject": "2", "recorded-or-robo": "Y", "city": "", "state": "AZ", "area-code": "520"}, {"id": "03e293b3df9e35eadf15c5611940f790", "number": "5202774245", "date": "2021-01-16 10:55:00", "subject": "2", "recorded-or-robo": "Y", "city": "", "state": "AZ", "area-code": "520"}, {"id": "3decc6bfadaa436a105714c6baaaa510", "number": "8027689036", "date": "2021-01-18 13:52:00", "subject": "1", "recorded-or-robo": "N", "city": "", "state": "FL", "area-code": "813"}, {"id": "03e293b3df9e35eadf15c5611940f1c5", "number": "8027689036", "date": "2021-01-18 13:52:00", "subject": "1", "recorded-or-robo": "N", "city": "", "state": "FL", "area-code": "813"}, {"id": "3decc6bfadaa436a105714c6baaa9747", "number": "", "date": "2021-01-22 16:02:00", "subject": "3", "recorded-or-robo": "N", "city": "", "state": "TX", "area-code": "214"}, {"id": "03e293b3df9e35eadf15c5611940dd5d", "number": "", "date": "2021-01-22 16:02:00", "subject": "3", "recorded-or-robo": "N", "city": "", "state": "TX", "area-code": "214"}, {"id": "3decc6bfadaa436a105714c6baaaa243", "number": "2315577615", "date": "2021-01-24 14:08:00", "subject": "1", "recorded-or-robo": "Y", "city": "Muskegon", "state": "MI", "area-code": "231"}, {"id": "03e293b3df9e35eadf15c5611940ea8c", "number": "2315577615", "date": "2021-01-24 14:08:00", "subject": "1", "recorded-or-robo": "Y", "city": "Muskegon", "state": "MI", "area-code": "231"}, {"id": "3decc6bfadaa436a105714c6baaa8fe7", "number": "6269002435", "date": "2021-01-23 17:53:00", "subject": "1", "recorded-or-robo": "Y", "city": "", "state": "SC", "area-code": "843"}, {"id": "3decc6bfadaa436a105714c6baaa88f3", "number": "5203146205", "date": "2021-01-17 14:20:00", "subject": "2", "recorded-or-robo": "Y", "city": "", "state": "AZ", "area-code": "520"}, {"id": "03e293b3df9e35eadf15c5611940d427", "number": "6269002435", "date": "2021-01-23 17:53:00", "subject": "1", "recorded-or-robo": "Y", "city": "", "state": "SC", "area-code": "843"}, {"id": "03e293b3df9e35eadf15c5611940cbe7", "number": "5203146205", "date": "2021-01-17 14:20:00", "subject": "2", "recorded-or-robo": "Y", "city": "", "state": "AZ", "area-code": "520"}, {"id": "3decc6bfadaa436a105714c6baaa841a", "number": "8882804331", "date": "2021-01-23 11:44:00", "subject": "2", "recorded-or-robo": "Y", "city": "Staten Island", "state": "NY", "area-code": "718"}, {"id": "03e293b3df9e35eadf15c5611940cbaa", "number": "8882804331", "date": "2021-01-23 11:44:00", "subject": "2", "recorded-or-robo": "Y", "city": "Staten Island", "state": "NY", "area-code": "718"}, {"id": "3decc6bfadaa436a105714c6baaa55f1", "number": "", "date": "2021-01-22 14:59:00", "subject": "3", "recorded-or-robo": "N", "city": "", "state": "TX", "area-code": "214"}, {"id": "03e293b3df9e35eadf15c5611940997c", "number": "", "date": "2021-01-22 14:59:00", "subject": "3", "recorded-or-robo": "N", "city": "", "state": "TX", "area-code": "214"}, {"id": "3decc6bfadaa436a105714c6baaa7ccd", "number": "8556785096", "date": "2021-01-23 16:31:00", "subject": "2", "recorded-or-robo": "Y", "city": "Beaumont", "state": "TX", "area-code": "409"}, {"id": "03e293b3df9e35eadf15c5611940c32d", "number": "8556785096", "date": "2021-01-23 16:31:00", "subject": "2", "recorded-or-robo": "Y", "city": "Beaumont", "state": "TX", "area-code": "409"}, {"id": "3decc6bfadaa436a105714c6baaa7119", "number": "6613282545", "date": "2021-01-22 12:45:00", "subject": "5", "recorded-or-robo": "Y", "city": "", "state": "CA", "area-code": "209"}, {"id": "03e293b3df9e35eadf15c5611940b7dc", "number": "6613282545", "date": "2021-01-22 12:45:00", "subject": "5", "recorded-or-robo": "Y", "city": "", "state": "CA", "area-code": "209"}, {"id": "3decc6bfadaa436a105714c6baaa6136", "number": "7622007350", "date": "2021-01-24 13:56:00", "subject": "1", "recorded-or-robo": "N", "city": "Bedford", "state": "VA", "area-code": "540"}, {"id": "03e293b3df9e35eadf15c5611940aaba", "number": "7622007350", "date": "2021-01-24 13:56:00", "subject": "1", "recorded-or-robo": "N", "city": "Bedford", "state": "VA", "area-code": "540"}, {"id": "3decc6bfadaa436a105714c6baaa563f", "number": "5672028737", "date": "2021-01-18 16:14:00", "subject": "2", "recorded-or-robo": "N", "city": "", "state": "FL", "area-code": "813"}]}