{"data": [{"id": "1d36742e3f24f50e4e7ae828018ebe88", "number": "7145199039", "date": "2021-01-23 10:51:00", "subject": "3", "recorded-or-robo": "N", "city": "", "state": "PA", "area-code": "570"}, {"id": "e81c9350d54f66c6d33b3747eef8545a", "number": "8134446782", "date": "2021-01-21 13:55:00", "subject": "9", "recorded-or-robo": "Y", "city": "Middle Village", "state": "NY", "area-code": "718"}, {"id": "1d36742e3f24f50e4e7ae828018ee16d", "number": "8134446782", "date": "2021-01-21 13:55:00", "subject": "9", "recorded-or-robo": "Y", "city": "Middle Village", "state": "NY", "area-code": "718"}, {"id": "e81c9350d54f66c6d33b3747eef84854", "number": "6788682125", "date": "2021-01-22 15:42:00", "subject": "5", "recorded-or-robo": "N", "city": "Columbia", "state": "TN", "area-code": "931"}, {"id": "1d36742e3f24f50e4e7ae828018ed5c6", "number": "6788682125", "date": "2021-01-22 15:42:00", "subject": "5", "recorded-or-robo": "N", "city": "Columbia", "state": "TN", "area-code": "931"}, {"id": "e81c9350d54f66c6d33b3747eef83f3d", "number": "9082129308", "date": "2021-01-19 16:40:00", "subject": "16", "recorded-or-robo": "Y", "city": "Roselle Park", "state": "NJ", "area-code": "908"}, {"id": "1d36742e3f24f50e4e7ae828018ecaf7", "number": "9082129308", "date": "2021-01-19 16:40:00", "subject": "16", "recorded-or-robo": "Y", "city": "Roselle Park", "state": "NJ", "area-code": "908"}, {"id": "e81c9350d54f66c6d33b3747eef839d5", "number": "2106505780", "date": "2021-01-23 10:17:00", "subject": "1", "recorded-or-robo": "Y", "city": "SAN ANTONIO", "state": "TX", "area-code": "210"}, {"id": "1d36742e3f24f50e4e7ae828018ec446", "number": "2106505780", "date": "2021-01-23 10:17:00", "subject": "1", "recorded-or-robo": "Y", "city": "SAN ANTONIO", "state": "TX", "area-code": "210"}, {"id": "e81c9350d54f66c6d33b3747eef83480", "number": "1855678540", "date": "2021-01-23 12:00:00", "subject": "1", "recorded-or-robo": "Y", "city": "Grove City", "state": "OH", "area-code": "865"}, {"id": "1d36742e3f24f50e4e7ae828018ec0b0", "number": "1855678540", "date": "2021-01-23 12:00:00", "subject": "1", "recorded-or-robo": "Y", "city": "Grove City", "state": "OH", "area-code": "865"}, {"id": "e81c9350d54f66c6d33b3747eef82694", "number": "8135455980", "date": "2021-01-23 00:21:00", "subject": "1", "recorded-or-robo": "Y", "city": "Plant City", "state": "FL", "area-code": "813"}, {"id": "1d36742e3f24f50e4e7ae828018eb46c", "number": "8135455980", "date": "2021-01-23 00:21:00", "subject": "1", "recorded-or-robo": "Y", "city": "Plant City", "state": "FL", "area-code": "813"}, {"id": "e81c9350d54f66c6d33b3747eef820ee", "number": "7134841025", "date": "2021-01-23 11:13:00", "subject": "2", "recorded-or-robo": "Y", "city": "pearland", "state": "TX", "area-code": "713"}, {"id": "1d36742e3f24f50e4e7ae828018eacd2", "number": "7134841025", "date": "2021-01-23 11:13:00", "subject": "2", "recorded-or-robo": "Y", "city": "pearland", "state": "TX", "area-code": "713"}, {"id": "e81c9350d54f66c6d33b3747eef81684", "number": "5862469536", "date": "2021-01-23 11:22:00", "subject": "2", "recorded-or-robo": "", "city": "Ames", "state": "IA", "area-code": "515"}, {"id": "1d36742e3f24f50e4e7ae828018ea618", "number": "5862469536", "date": "2021-01-23 11:22:00", "subject": "2", "recorded-or-robo": "", "city": "Ames", "state": "IA", "area-code": "515"}, {"id": "e81c9350d54f66c6d33b3747eef80d25", "number": "9034762352", "date": "2021-01-19 11:34:00", "subject": "2", "recorded-or-robo": "Y", "city": "Flint", "state": "TX", "area-code": "903"}, {"id": "1d36742e3f24f50e4e7ae828018e9cd2", "number": "9034762352", "date": "2021-01-19 11:34:00", "subject": "2", "recorded-or-robo": "Y", "city": "Flint", "state": "TX", "area-code": "903"}, {"id": "e81c9350d54f66c6d33b3747eef804e2", "number": "9455716971", "date": "2021-01-23 12:21:00", "subject": "1", "recorded-or-robo": "N", "city": "brooklyn", "state": "NY", "area-code": "718"}, {"id": "1d36742e3f24f50e4e7ae828018e90d5", "number": "9455716971", "date": "2021-01-23 12:21:00", "subject": "1", "recorded-or-robo": "N", "city": "brooklyn", "state": "NY", "area-code": "718"}, {"id": "e81c9350d54f66c6d33b3747eef8046a", "number": "8179687846", "date": "2021-01-22 16:54:00", "subject": "2", "recorded-or-robo": "N", "city": "", "state": "TX", "area-code": "817"}, {"id": "1d36742e3f24f50e4e7ae828018e8d15", "number": "8179687846", "date": "2021-01-22 16:54:00", "subject": "2", "recorded-or-robo": "N", "city": "", "state": "TX", "area-code": "817"}, {"id": "e81c9350d54f66c6d33b3747eef801dc", "number": "2065771304", "date": "2021-01-23 05:00:00", "subject": "0", "recorded-or-robo": "Y", "city": "Carmel", "state": "CA", "area-code": "831"}, {"id": "1d36742e3f24f50e4e7ae828018e7f48", "number": "2065771304", "date": "2021-01-23 05:00:00", "subject": "0", "recorded-or-robo": "Y", "city": "Carmel", "state": "CA", "area-code": "831"}, {"id": "e81c9350d54f66c6d33b3747eef7f805", "number": "9723829019", "date": "2021-01-22 17:02:00", "subject": "8", "recorded-or-robo": "N", "city": "Austin", "state": "TX", "area-code": "512"}, {"id": "1d36742e3f24f50e4e7ae828018e72b9", "number": "9723829019", "date": "2021-01-22 17:02:00", "subject": "8", "recorded-or-robo": "N", "city": "Austin", "state": "TX", "area-code": "512"}, {"id": "e81c9350d54f66c6d33b3747eef7e86f", "number": "5039534979", "date": "2021-01-23 00:00:00", "subject": "1", "recorded-or-robo": "Y", "city": "Portland", "state": "OR", "area-code": "503"}, {"id": "1d36742e3f24f50e4e7ae828018e71be", "number": "5039534979", "date": "2021-01-23 00:00:00", "subject": "1", "recorded-or-robo": "Y", "city": "Portland", "state": "OR", "area-code": "503"}, {"id": "e81c9350d54f66c6d33b3747eef7e75e", "number": "8086628446", "date": "2021-01-23 12:14:00", "subject": "2", "recorded-or-robo": "Y", "city": "", "state": "MI", "area-code": "313"}, {"id": "1d36742e3f24f50e4e7ae828018e688d", "number": "8086628446", "date": "2021-01-23 12:14:00", "subject": "2", "recorded-or-robo": "Y", "city": "", "state": "MI", "area-code": "313"}, {"id": "e81c9350d54f66c6d33b3747eef7e57c", "number": "8134446782", "date": "2021-01-21 16:09:00", "subject": "1", "recorded-or-robo": "N", "city": "Middle Village", "state": "NY", "area-code": "718"}, {"id": "1d36742e3f24f50e4e7ae828018e591e", "number": "8134446782", "date": "2021-01-21 16:09:00", "subject": "1", "recorded-or-robo": "N", "city": "Middle Village", "state": "NY", "area-code": "718"}, {"id": "e81c9350d54f66c6d33b3747eef7dcb5", "number": "8772012292", "date": "2021-01-23 12:00:00", "subject": "6", "recorded-or-robo": "Y", "city": "SC", "state": "SC", "area-code": "877"}, {"id": "e81c9350d54f66c6d33b3747eef7ce41", "number": "3307656021", "date": "2021-01-23 12:13:00", "subject": "2", "recorded-or-robo": "Y", "city": "Medina", "state": "OH", "area-code": "330"}, {"id": "1d36742e3f24f50e4e7ae828018e4b6a", "number": "8772012292", "date": "2021-01-23 12:00:00", "subject": "6", "recorded-or-robo": "Y", "city": "SC", "state": "SC", "area-code": "877"}, {"id": "1d36742e3f24f50e4e7ae828018e3d3f", "number": "3307656021", "date": "2021-01-23 12:13:00", "subject": "2", "recorded-or-robo": "Y", "city": "Medina", "state": "OH", "area-code": "330"}, {"id": "e81c9350d54f66c6d33b3747eef7cde5", "number": "", "date": "2021-01-22 00:00:00", "subject": "5", "recorded-or-robo": "N", "city": "Chicago", "state": "IL", "area-code": "816"}, {"id": "1d36742e3f24f50e4e7ae828018e3a98", "number": "", "date": "2021-01-22 00:00:00", "subject": "5", "recorded-or-robo": "N", "city": "Chicago", "state": "IL", "area-code": "816"}, {"id": "3decc6bfadaa436a105714c6ba57caf2", "number": "9402139770", "date": "2021-01-23 11:17:00", "subject": "3", "recorded-or-robo": "Y", "city": "", "state": "TX", "area-code": "940"}, {"id": "1d36742e3f24f50e4e7ae82801ee2905", "number": "9402139770", "date": "2021-01-23 11:17:00", "subject": "3", "recorded-or-robo": "Y", "city": "", "state": "TX", "area-code": "940"}, {"id": "e81c9350d54f66c6d33b3747eef7cd46", "number": "9035056152", "date": "2021-01-18 09:42:00", "subject": "4", "recorded-or-robo": "Y", "city": "Flint", "state": "TX", "area-code": "903"}, {"id": "1d36742e3f24f50e4e7ae828018e2bfa", "number": "9035056152", "date": "2021-01-18 09:42:00", "subject": "4", "recorded-or-robo": "Y", "city": "Flint", "state": "TX", "area-code": "903"}, {"id": "e81c9350d54f66c6d33b3747eef7c54e", "number": "8556782972", "date": "2021-01-23 12:17:00", "subject": "11", "recorded-or-robo": "Y", "city": "", "state": "TN", "area-code": "865"}, {"id": "1d36742e3f24f50e4e7ae828018e2361", "number": "8556782972", "date": "2021-01-23 12:17:00", "subject": "11", "recorded-or-robo": "Y", "city": "", "state": "TN", "area-code": "865"}, {"id": "e81c9350d54f66c6d33b3747eef7bdc6", "number": "4079049240", "date": "2021-01-22 10:08:00", "subject": "3", "recorded-or-robo": "N", "city": "", "state": "FL", "area-code": "407"}, {"id": "1d36742e3f24f50e4e7ae828018e185a", "number": "4079049240", "date": "2021-01-22 10:08:00", "subject": "3", "recorded-or-robo": "N", "city": "", "state": "FL", "area-code": "407"}, {"id": "e81c9350d54f66c6d33b3747eef7adcb", "number": "8322617039", "date": "2021-01-22 13:08:00", "subject": "8", "recorded-or-robo": "N", "city": "Austin", "state": "TX", "area-code": "512"}, {"id": "1d36742e3f24f50e4e7ae828018e0da0", "number": "8322617039", "date": "2021-01-22 13:08:00", "subject": "8", "recorded-or-robo": "N", "city": "Austin", "state": "TX", "area-code": "512"}, {"id": "e81c9350d54f66c6d33b3747eef7ab33", "number": "3308802000", "date": "2021-01-22 19:29:00", "subject": "0", "recorded-or-robo": "N", "city": "Alliance", "state": "OH", "area-code": "330"}]}