{"data": [{"id": "3decc6bfadaa436a105714c6bae46440", "number": "5097906142", "date": "2021-01-25 14:56:00", "subject": "0", "recorded-or-robo": "", "city": "Southampton", "state": "MA", "area-code": "413"}, {"id": "3decc6bfadaa436a105714c6bae4520a", "number": "6193759750", "date": "2021-01-23 18:00:00", "subject": "2", "recorded-or-robo": "N", "city": "Camby", "state": "IN", "area-code": "317"}, {"id": "3decc6bfadaa436a105714c6bae447bd", "number": "3397935057", "date": "2021-01-25 14:33:00", "subject": "0", "recorded-or-robo": "", "city": "Southampton", "state": "MA", "area-code": "413"}, {"id": "3decc6bfadaa436a105714c6bae4411c", "number": "7244564587", "date": "2021-01-25 18:03:00", "subject": "2", "recorded-or-robo": "Y", "city": "", "state": "PA", "area-code": "724"}, {"id": "3decc6bfadaa436a105714c6bae437b7", "number": "6622435629", "date": "2021-01-25 15:30:00", "subject": "13", "recorded-or-robo": "N", "city": "Pittsburg", "state": "NH", "area-code": "603"}, {"id": "3decc6bfadaa436a105714c6bae433ee", "number": "4135098715", "date": "2021-01-25 12:06:00", "subject": "0", "recorded-or-robo": "", "city": "Southampton", "state": "MA", "area-code": "413"}, {"id": "3decc6bfadaa436a105714c6bae42b7d", "number": "7243950047", "date": "2021-01-25 15:40:00", "subject": "2", "recorded-or-robo": "Y", "city": "", "state": "PA", "area-code": "724"}, {"id": "3decc6bfadaa436a105714c6bae423f0", "number": "7858619164", "date": "2021-01-25 11:30:00", "subject": "0", "recorded-or-robo": "", "city": "Southampton", "state": "MA", "area-code": "413"}, {"id": "3decc6bfadaa436a105714c6bae41ce7", "number": "7245164468", "date": "2021-01-25 15:33:00", "subject": "2", "recorded-or-robo": "Y", "city": "", "state": "PA", "area-code": "724"}, {"id": "3decc6bfadaa436a105714c6bae411a6", "number": "4134241848", "date": "2021-01-25 11:27:00", "subject": "0", "recorded-or-robo": "", "city": "Southampton", "state": "MA", "area-code": "413"}, {"id": "3decc6bfadaa436a105714c6bae41184", "number": "4132134772", "date": "2021-01-25 11:18:00", "subject": "0", "recorded-or-robo": "", "city": "Southampton", "state": "MA", "area-code": "413"}, {"id": "3decc6bfadaa436a105714c6bae405d1", "number": "7244563773", "date": "2021-01-25 14:47:00", "subject": "2", "recorded-or-robo": "Y", "city": "", "state": "PA", "area-code": "724"}, {"id": "3decc6bfadaa436a105714c6bae3f8aa", "number": "3058469638", "date": "2021-01-25 17:04:00", "subject": "4", "recorded-or-robo": "Y", "city": "East Lansing, MI", "state": "MI", "area-code": "813"}, {"id": "3decc6bfadaa436a105714c6bae3e960", "number": "5074656571", "date": "2021-01-25 10:48:00", "subject": "0", "recorded-or-robo": "", "city": "Southampton", "state": "MA", "area-code": "413"}, {"id": "3decc6bfadaa436a105714c6bae3dba7", "number": "7244566984", "date": "2021-01-25 11:30:00", "subject": "2", "recorded-or-robo": "Y", "city": "", "state": "PA", "area-code": "724"}, {"id": "3decc6bfadaa436a105714c6bae3d3f1", "number": "4133862624", "date": "2021-01-25 10:42:00", "subject": "0", "recorded-or-robo": "", "city": "Southampton", "state": "MA", "area-code": "413"}, {"id": "3decc6bfadaa436a105714c6bae3d3a1", "number": "7179377202", "date": "2021-01-25 16:00:00", "subject": "2", "recorded-or-robo": "Y", "city": "", "state": "PA", "area-code": "717"}, {"id": "3decc6bfadaa436a105714c6bae3d039", "number": "7243950047", "date": "2021-01-25 10:11:00", "subject": "2", "recorded-or-robo": "Y", "city": "", "state": "PA", "area-code": "724"}, {"id": "3decc6bfadaa436a105714c6bae3c603", "number": "5137128239", "date": "2021-01-25 14:52:00", "subject": "3", "recorded-or-robo": "Y", "city": "", "state": "OH", "area-code": "614"}, {"id": "3decc6bfadaa436a105714c6bae3c331", "number": "7153114935", "date": "2021-01-25 12:53:00", "subject": "4", "recorded-or-robo": "Y", "city": "", "state": "WI", "area-code": "262"}, {"id": "3decc6bfadaa436a105714c6bae3c00f", "number": "7158041011", "date": "2021-01-25 09:57:00", "subject": "2", "recorded-or-robo": "Y", "city": "Luray", "state": "VA", "area-code": "540"}, {"id": "3decc6bfadaa436a105714c6bae3b643", "number": "6103739239", "date": "2021-01-25 16:22:00", "subject": "2", "recorded-or-robo": "Y", "city": "DREXEL HILL", "state": "PA", "area-code": "610"}, {"id": "3decc6bfadaa436a105714c6bae3afd0", "number": "2624171029", "date": "2021-01-26 05:30:00", "subject": "2", "recorded-or-robo": "Y", "city": "", "state": "NY", "area-code": "631"}, {"id": "3decc6bfadaa436a105714c6bae3a1a3", "number": "3126709003", "date": "2021-01-25 15:05:00", "subject": "4", "recorded-or-robo": "Y", "city": "", "state": "IL", "area-code": "217"}, {"id": "3decc6bfadaa436a105714c6bae39a40", "number": "7738015676", "date": "2021-01-25 14:09:00", "subject": "0", "recorded-or-robo": "N", "city": "CHICAGO", "state": "IL", "area-code": "312"}, {"id": "3decc6bfadaa436a105714c6bae39654", "number": "5596530829", "date": "2021-01-25 16:31:00", "subject": "0", "recorded-or-robo": "Y", "city": "Milford", "state": "CT", "area-code": "203"}, {"id": "3decc6bfadaa436a105714c6bae389a3", "number": "", "date": "2021-01-26 04:45:00", "subject": "2", "recorded-or-robo": "Y", "city": "Tuscola", "state": "TX", "area-code": "832"}, {"id": "3decc6bfadaa436a105714c6bae38203", "number": "3122120262", "date": "2021-01-25 11:39:00", "subject": "0", "recorded-or-robo": "N", "city": "CHICAGO", "state": "IL", "area-code": "312"}, {"id": "3decc6bfadaa436a105714c6bae37f0b", "number": "6627168499", "date": "2021-01-25 15:57:00", "subject": "0", "recorded-or-robo": "Y", "city": "Milford", "state": "CT", "area-code": "203"}, {"id": "3decc6bfadaa436a105714c6bae377fd", "number": "4080145213", "date": "2021-01-25 14:49:00", "subject": "3", "recorded-or-robo": "Y", "city": "", "state": "VA", "area-code": "703"}, {"id": "3decc6bfadaa436a105714c6bae37544", "number": "7036696998", "date": "2021-01-25 15:43:00", "subject": "3", "recorded-or-robo": "Y", "city": "", "state": "VA", "area-code": "703"}, {"id": "3decc6bfadaa436a105714c6bae36f7a", "number": "6627168499", "date": "2021-01-25 10:00:00", "subject": "0", "recorded-or-robo": "Y", "city": "Milford", "state": "CT", "area-code": "203"}, {"id": "3decc6bfadaa436a105714c6bae362cf", "number": "7242124538", "date": "2021-01-25 13:23:00", "subject": "0", "recorded-or-robo": "Y", "city": "Carrollton", "state": "GA", "area-code": "740"}, {"id": "3decc6bfadaa436a105714c6bae35bec", "number": "4697975231", "date": "2021-01-26 05:32:00", "subject": "1", "recorded-or-robo": "Y", "city": "Pigeon", "state": "MI", "area-code": "989"}, {"id": "3decc6bfadaa436a105714c6bae34f7f", "number": "5186206993", "date": "2021-01-13 16:16:00", "subject": "2", "recorded-or-robo": "Y", "city": "vero beach", "state": "FL", "area-code": "772"}, {"id": "3decc6bfadaa436a105714c6bae34347", "number": "9703408823", "date": "2021-01-13 16:36:00", "subject": "2", "recorded-or-robo": "Y", "city": "vero beach", "state": "FL", "area-code": "772"}, {"id": "3decc6bfadaa436a105714c6bae336b4", "number": "4256589404", "date": "2021-01-14 16:09:00", "subject": "2", "recorded-or-robo": "Y", "city": "vero beach", "state": "FL", "area-code": "772"}, {"id": "3decc6bfadaa436a105714c6bae3335a", "number": "2816720355", "date": "2021-01-25 18:00:00", "subject": "3", "recorded-or-robo": "Y", "city": "", "state": "TX", "area-code": "281"}, {"id": "3decc6bfadaa436a105714c6bae32e35", "number": "2816720355", "date": "2021-01-25 10:42:00", "subject": "3", "recorded-or-robo": "Y", "city": "", "state": "TX", "area-code": "281"}, {"id": "3decc6bfadaa436a105714c6bae31e9f", "number": "2816720355", "date": "2021-01-25 10:41:00", "subject": "3", "recorded-or-robo": "Y", "city": "", "state": "TX", "area-code": "281"}, {"id": "3decc6bfadaa436a105714c6bae31655", "number": "7324033860", "date": "2021-01-25 15:57:00", "subject": "4", "recorded-or-robo": "Y", "city": "", "state": "NJ", "area-code": "732"}, {"id": "3decc6bfadaa436a105714c6bae30917", "number": "3616031656", "date": "2021-01-25 10:56:00", "subject": "2", "recorded-or-robo": "Y", "city": "vero beach", "state": "FL", "area-code": "772"}, {"id": "3decc6bfadaa436a105714c6bae305a0", "number": "9412295302", "date": "2021-01-25 13:57:00", "subject": "2", "recorded-or-robo": "", "city": "", "state": "FL", "area-code": "941"}, {"id": "3decc6bfadaa436a105714c6bae30548", "number": "8663201474", "date": "2021-01-25 18:47:00", "subject": "3", "recorded-or-robo": "Y", "city": "", "state": "TX", "area-code": "281"}, {"id": "3decc6bfadaa436a105714c6bae2fc29", "number": "8663201474", "date": "2021-01-25 20:04:00", "subject": "3", "recorded-or-robo": "Y", "city": "", "state": "TX", "area-code": "281"}, {"id": "3decc6bfadaa436a105714c6bae2f43d", "number": "8663201474", "date": "2021-01-25 16:20:00", "subject": "3", "recorded-or-robo": "Y", "city": "", "state": "TX", "area-code": "281"}, {"id": "3decc6bfadaa436a105714c6bae2f00b", "number": "8663201474", "date": "2021-01-25 16:20:00", "subject": "3", "recorded-or-robo": "Y", "city": "", "state": "TX", "area-code": "281"}, {"id": "3decc6bfadaa436a105714c6bae2e56b", "number": "8663201474", "date": "2021-01-25 13:08:00", "subject": "3", "recorded-or-robo": "Y", "city": "", "state": "TX", "area-code": "281"}, {"id": "3decc6bfadaa436a105714c6bae2dd71", "number": "8448590010", "date": "2021-01-26 02:45:00", "subject": "1", "recorded-or-robo": "Y", "city": "LOS ANGELES", "state": "CA", "area-code": "424"}, {"id": "3decc6bfadaa436a105714c6bae2d32f", "number": "8663201474", "date": "2021-01-25 08:50:00", "subject": "3", "recorded-or-robo": "Y", "city": "", "state": "TX", "area-code": "281"}]}