{"data": [{"id": "03e293b3df9e35eadf15c5611971effe", "number": "3108416335", "date": "2020-12-30 09:10:00", "subject": "2", "recorded-or-robo": "Y", "city": "", "state": "CA", "area-code": "213"}, {"id": "3decc6bfadaa436a105714c6badc1714", "number": "3103745346", "date": "2020-12-29 10:09:00", "subject": "2", "recorded-or-robo": "Y", "city": "", "state": "CA", "area-code": "213"}, {"id": "03e293b3df9e35eadf15c5611971e51e", "number": "3103745346", "date": "2020-12-29 10:09:00", "subject": "2", "recorded-or-robo": "Y", "city": "", "state": "CA", "area-code": "213"}, {"id": "3decc6bfadaa436a105714c6badc08fe", "number": "3105908403", "date": "2020-12-28 14:03:00", "subject": "2", "recorded-or-robo": "Y", "city": "", "state": "CA", "area-code": "213"}, {"id": "03e293b3df9e35eadf15c5611971d672", "number": "3105908403", "date": "2020-12-28 14:03:00", "subject": "2", "recorded-or-robo": "Y", "city": "", "state": "CA", "area-code": "213"}, {"id": "3decc6bfadaa436a105714c6badbf926", "number": "8003052252", "date": "2020-12-28 13:38:00", "subject": "2", "recorded-or-robo": "Y", "city": "", "state": "CA", "area-code": "213"}, {"id": "03e293b3df9e35eadf15c5611971cfc9", "number": "8003052252", "date": "2020-12-28 13:38:00", "subject": "2", "recorded-or-robo": "Y", "city": "", "state": "CA", "area-code": "213"}, {"id": "3decc6bfadaa436a105714c6badbf307", "number": "3145916753", "date": "2021-01-24 11:14:00", "subject": "1", "recorded-or-robo": "Y", "city": "Rocheport", "state": "MO", "area-code": "314"}, {"id": "03e293b3df9e35eadf15c5611971c842", "number": "3145916753", "date": "2021-01-24 11:14:00", "subject": "1", "recorded-or-robo": "Y", "city": "Rocheport", "state": "MO", "area-code": "314"}, {"id": "3decc6bfadaa436a105714c6badbe4d8", "number": "3106368331", "date": "2020-12-28 11:52:00", "subject": "2", "recorded-or-robo": "Y", "city": "", "state": "CA", "area-code": "213"}, {"id": "03e293b3df9e35eadf15c5611971c7c1", "number": "3106368331", "date": "2020-12-28 11:52:00", "subject": "2", "recorded-or-robo": "Y", "city": "", "state": "CA", "area-code": "213"}, {"id": "3decc6bfadaa436a105714c6badbd543", "number": "", "date": "2021-01-24 15:10:00", "subject": "1", "recorded-or-robo": "Y", "city": "Gainesville", "state": "MO", "area-code": "417"}, {"id": "03e293b3df9e35eadf15c5611971c0e4", "number": "", "date": "2021-01-24 15:10:00", "subject": "1", "recorded-or-robo": "Y", "city": "Gainesville", "state": "MO", "area-code": "417"}, {"id": "3decc6bfadaa436a105714c6badbd396", "number": "7027071882", "date": "2020-12-28 09:01:00", "subject": "2", "recorded-or-robo": "Y", "city": "", "state": "CA", "area-code": "213"}, {"id": "03e293b3df9e35eadf15c5611971b20e", "number": "7027071882", "date": "2020-12-28 09:01:00", "subject": "2", "recorded-or-robo": "Y", "city": "", "state": "CA", "area-code": "213"}, {"id": "3decc6bfadaa436a105714c6badbd096", "number": "3367384083", "date": "2021-01-24 12:00:00", "subject": "1", "recorded-or-robo": "Y", "city": "Moorpark", "state": "CA", "area-code": "805"}, {"id": "03e293b3df9e35eadf15c5611971a360", "number": "3367384083", "date": "2021-01-24 12:00:00", "subject": "1", "recorded-or-robo": "Y", "city": "Moorpark", "state": "CA", "area-code": "805"}, {"id": "3decc6bfadaa436a105714c6badbd04f", "number": "7038289501", "date": "2021-01-23 15:37:00", "subject": "2", "recorded-or-robo": "N", "city": "", "state": "VA", "area-code": "703"}, {"id": "03e293b3df9e35eadf15c5611971a26c", "number": "7038289501", "date": "2021-01-23 15:37:00", "subject": "2", "recorded-or-robo": "N", "city": "", "state": "VA", "area-code": "703"}, {"id": "3decc6bfadaa436a105714c6badbc29e", "number": "3105134012", "date": "2020-12-28 08:14:00", "subject": "2", "recorded-or-robo": "Y", "city": "", "state": "CA", "area-code": "213"}, {"id": "03e293b3df9e35eadf15c56119719620", "number": "3105134012", "date": "2020-12-28 08:14:00", "subject": "2", "recorded-or-robo": "Y", "city": "", "state": "CA", "area-code": "213"}, {"id": "3decc6bfadaa436a105714c6badbb458", "number": "3105134012", "date": "2021-01-05 09:07:00", "subject": "2", "recorded-or-robo": "Y", "city": "", "state": "CA", "area-code": "213"}, {"id": "03e293b3df9e35eadf15c56119719330", "number": "3105134012", "date": "2021-01-05 09:07:00", "subject": "2", "recorded-or-robo": "Y", "city": "", "state": "CA", "area-code": "213"}, {"id": "3decc6bfadaa436a105714c6badbada2", "number": "7038289501", "date": "2021-01-23 10:39:00", "subject": "2", "recorded-or-robo": "N", "city": "", "state": "VA", "area-code": "703"}, {"id": "03e293b3df9e35eadf15c5611971871a", "number": "7038289501", "date": "2021-01-23 10:39:00", "subject": "2", "recorded-or-robo": "N", "city": "", "state": "VA", "area-code": "703"}, {"id": "3decc6bfadaa436a105714c6badba9ae", "number": "7149416038", "date": "2021-01-24 14:34:00", "subject": "2", "recorded-or-robo": "Y", "city": "Huntington Beach", "state": "CA", "area-code": "714"}, {"id": "03e293b3df9e35eadf15c5611971781c", "number": "7149416038", "date": "2021-01-24 14:34:00", "subject": "2", "recorded-or-robo": "Y", "city": "Huntington Beach", "state": "CA", "area-code": "714"}, {"id": "3decc6bfadaa436a105714c6badba289", "number": "5159937203", "date": "2021-01-23 10:20:00", "subject": "2", "recorded-or-robo": "Y", "city": "Huntington Beach", "state": "CA", "area-code": "714"}, {"id": "03e293b3df9e35eadf15c56119716b2b", "number": "5159937203", "date": "2021-01-23 10:20:00", "subject": "2", "recorded-or-robo": "Y", "city": "Huntington Beach", "state": "CA", "area-code": "714"}, {"id": "3decc6bfadaa436a105714c6badb97fe", "number": "7143403376", "date": "2021-01-22 14:34:00", "subject": "2", "recorded-or-robo": "Y", "city": "Huntington Beach", "state": "CA", "area-code": "714"}, {"id": "03e293b3df9e35eadf15c561197161cb", "number": "7143403376", "date": "2021-01-22 14:34:00", "subject": "2", "recorded-or-robo": "Y", "city": "Huntington Beach", "state": "CA", "area-code": "714"}, {"id": "3decc6bfadaa436a105714c6badb967f", "number": "7133767810", "date": "2021-01-14 16:32:00", "subject": "0", "recorded-or-robo": "Y", "city": "BAYOU VISTA", "state": "TX", "area-code": "713"}, {"id": "03e293b3df9e35eadf15c56119715d57", "number": "7133767810", "date": "2021-01-14 16:32:00", "subject": "0", "recorded-or-robo": "Y", "city": "BAYOU VISTA", "state": "TX", "area-code": "713"}, {"id": "3decc6bfadaa436a105714c6badb9111", "number": "9096523436", "date": "2021-01-22 12:45:00", "subject": "2", "recorded-or-robo": "Y", "city": "Huntington Beach", "state": "CA", "area-code": "714"}, {"id": "03e293b3df9e35eadf15c56119714fb6", "number": "9096523436", "date": "2021-01-22 12:45:00", "subject": "2", "recorded-or-robo": "Y", "city": "Huntington Beach", "state": "CA", "area-code": "714"}, {"id": "3decc6bfadaa436a105714c6badb8ebc", "number": "2028971710", "date": "2021-01-19 14:33:00", "subject": "11", "recorded-or-robo": "N", "city": "Lyons", "state": "CO", "area-code": "303"}, {"id": "03e293b3df9e35eadf15c5611971465e", "number": "2028971710", "date": "2021-01-19 14:33:00", "subject": "11", "recorded-or-robo": "N", "city": "Lyons", "state": "CO", "area-code": "303"}, {"id": "3decc6bfadaa436a105714c6badb8729", "number": "2135241067", "date": "2021-01-22 13:47:00", "subject": "1", "recorded-or-robo": "Y", "city": "Campbell", "state": "CA", "area-code": "408"}, {"id": "03e293b3df9e35eadf15c5611971448e", "number": "2135241067", "date": "2021-01-22 13:47:00", "subject": "1", "recorded-or-robo": "Y", "city": "Campbell", "state": "CA", "area-code": "408"}, {"id": "3decc6bfadaa436a105714c6badb782a", "number": "6616744627", "date": "2021-01-22 11:35:00", "subject": "2", "recorded-or-robo": "Y", "city": "Huntington Beach", "state": "CA", "area-code": "714"}, {"id": "03e293b3df9e35eadf15c56119713caa", "number": "6616744627", "date": "2021-01-22 11:35:00", "subject": "2", "recorded-or-robo": "Y", "city": "Huntington Beach", "state": "CA", "area-code": "714"}, {"id": "3decc6bfadaa436a105714c6badb73cd", "number": "7146671117", "date": "2021-01-22 08:53:00", "subject": "12", "recorded-or-robo": "Y", "city": "Huntington Beach", "state": "CA", "area-code": "714"}, {"id": "03e293b3df9e35eadf15c56119712d2e", "number": "7146671117", "date": "2021-01-22 08:53:00", "subject": "12", "recorded-or-robo": "Y", "city": "Huntington Beach", "state": "CA", "area-code": "714"}, {"id": "3decc6bfadaa436a105714c6badb6961", "number": "", "date": "2021-01-20 12:42:00", "subject": "2", "recorded-or-robo": "Y", "city": "Brookhaven", "state": "GA", "area-code": "404"}, {"id": "03e293b3df9e35eadf15c56119712357", "number": "", "date": "2021-01-20 12:42:00", "subject": "2", "recorded-or-robo": "Y", "city": "Brookhaven", "state": "GA", "area-code": "404"}, {"id": "3decc6bfadaa436a105714c6badb6014", "number": "7142516609", "date": "2021-01-21 18:59:00", "subject": "2", "recorded-or-robo": "Y", "city": "Huntington Beach", "state": "CA", "area-code": "714"}, {"id": "03e293b3df9e35eadf15c56119711511", "number": "7142516609", "date": "2021-01-21 18:59:00", "subject": "2", "recorded-or-robo": "Y", "city": "Huntington Beach", "state": "CA", "area-code": "714"}, {"id": "3decc6bfadaa436a105714c6badb543a", "number": "", "date": "2021-01-23 14:36:00", "subject": "3", "recorded-or-robo": "Y", "city": "Jupiter", "state": "FL", "area-code": "314"}, {"id": "03e293b3df9e35eadf15c561197114db", "number": "", "date": "2021-01-23 14:36:00", "subject": "3", "recorded-or-robo": "Y", "city": "Jupiter", "state": "FL", "area-code": "314"}, {"id": "3decc6bfadaa436a105714c6badb535f", "number": "2027541428", "date": "2021-01-23 14:25:00", "subject": "1", "recorded-or-robo": "N", "city": "", "state": "CA", "area-code": "619"}]}