{"data": [{"id": "03e293b3df9e35eadf15c56119642aa5", "number": "", "date": "2021-01-24 16:53:00", "subject": "1", "recorded-or-robo": "Y", "city": "Spokane", "state": "WA", "area-code": "509"}, {"id": "3decc6bfadaa436a105714c6bacde5bd", "number": "2486531093", "date": "2021-01-22 17:12:00", "subject": "2", "recorded-or-robo": "Y", "city": "Alexandria", "state": "VA", "area-code": "703"}, {"id": "3decc6bfadaa436a105714c6bacdd675", "number": "", "date": "2021-01-21 17:22:00", "subject": "11", "recorded-or-robo": "Y", "city": "Woodcliff Lake", "state": "NJ", "area-code": "201"}, {"id": "03e293b3df9e35eadf15c56119641f9a", "number": "2486531093", "date": "2021-01-22 17:12:00", "subject": "2", "recorded-or-robo": "Y", "city": "Alexandria", "state": "VA", "area-code": "703"}, {"id": "03e293b3df9e35eadf15c561196415a1", "number": "", "date": "2021-01-21 17:22:00", "subject": "11", "recorded-or-robo": "Y", "city": "Woodcliff Lake", "state": "NJ", "area-code": "201"}, {"id": "3decc6bfadaa436a105714c6bacdd071", "number": "6076259077", "date": "2021-01-24 20:00:00", "subject": "2", "recorded-or-robo": "Y", "city": "Apalachin", "state": "NY", "area-code": "607"}, {"id": "03e293b3df9e35eadf15c56119640b2a", "number": "6076259077", "date": "2021-01-24 20:00:00", "subject": "2", "recorded-or-robo": "Y", "city": "Apalachin", "state": "NY", "area-code": "607"}, {"id": "3decc6bfadaa436a105714c6bacdcaaf", "number": "3123802943", "date": "2021-01-23 17:41:00", "subject": "2", "recorded-or-robo": "N", "city": "", "state": "IL", "area-code": "815"}, {"id": "03e293b3df9e35eadf15c56119640282", "number": "3123802943", "date": "2021-01-23 17:41:00", "subject": "2", "recorded-or-robo": "N", "city": "", "state": "IL", "area-code": "815"}, {"id": "3decc6bfadaa436a105714c6bacdc61b", "number": "8556786169", "date": "2021-01-17 18:30:00", "subject": "11", "recorded-or-robo": "Y", "city": "David City", "state": "NE", "area-code": "402"}, {"id": "03e293b3df9e35eadf15c5611963f3b5", "number": "8556786169", "date": "2021-01-17 18:30:00", "subject": "11", "recorded-or-robo": "Y", "city": "David City", "state": "NE", "area-code": "402"}, {"id": "3decc6bfadaa436a105714c6bacdb880", "number": "8664691354", "date": "2021-01-24 11:39:00", "subject": "3", "recorded-or-robo": "Y", "city": "Honolulu", "state": "HI", "area-code": "808"}, {"id": "03e293b3df9e35eadf15c5611963f294", "number": "8664691354", "date": "2021-01-24 11:39:00", "subject": "3", "recorded-or-robo": "Y", "city": "Honolulu", "state": "HI", "area-code": "808"}, {"id": "3decc6bfadaa436a105714c6bacdb6e0", "number": "3152328257", "date": "2021-01-24 18:50:00", "subject": "2", "recorded-or-robo": "Y", "city": "Hazelwood", "state": "MO", "area-code": "855"}, {"id": "03e293b3df9e35eadf15c5611963ede8", "number": "3152328257", "date": "2021-01-24 18:50:00", "subject": "2", "recorded-or-robo": "Y", "city": "Hazelwood", "state": "MO", "area-code": "855"}, {"id": "3decc6bfadaa436a105714c6bacdb3d9", "number": "6304715556", "date": "2021-01-22 12:48:00", "subject": "0", "recorded-or-robo": "N", "city": "Sioux Falls", "state": "SD", "area-code": "605"}, {"id": "03e293b3df9e35eadf15c5611963de25", "number": "6304715556", "date": "2021-01-22 12:48:00", "subject": "0", "recorded-or-robo": "N", "city": "Sioux Falls", "state": "SD", "area-code": "605"}, {"id": "3decc6bfadaa436a105714c6bacdae5f", "number": "", "date": "2021-01-18 10:15:00", "subject": "5", "recorded-or-robo": "Y", "city": "Woodcliff Lake", "state": "NJ", "area-code": "201"}, {"id": "03e293b3df9e35eadf15c5611963d365", "number": "", "date": "2021-01-18 10:15:00", "subject": "5", "recorded-or-robo": "Y", "city": "Woodcliff Lake", "state": "NJ", "area-code": "201"}, {"id": "3decc6bfadaa436a105714c6bacda0e6", "number": "5092557144", "date": "2021-01-24 16:02:00", "subject": "2", "recorded-or-robo": "Y", "city": "Liberty Lake", "state": "WA", "area-code": "509"}, {"id": "03e293b3df9e35eadf15c5611963d119", "number": "5092557144", "date": "2021-01-24 16:02:00", "subject": "2", "recorded-or-robo": "Y", "city": "Liberty Lake", "state": "WA", "area-code": "509"}, {"id": "3decc6bfadaa436a105714c6bacd9823", "number": "9152003835", "date": "2021-01-15 16:08:00", "subject": "1", "recorded-or-robo": "Y", "city": "MAUMEE", "state": "OH", "area-code": "419"}, {"id": "03e293b3df9e35eadf15c5611963c743", "number": "9152003835", "date": "2021-01-15 16:08:00", "subject": "1", "recorded-or-robo": "Y", "city": "MAUMEE", "state": "OH", "area-code": "419"}, {"id": "3decc6bfadaa436a105714c6bacd9799", "number": "", "date": "2021-01-18 12:06:00", "subject": "6", "recorded-or-robo": "Y", "city": "Woodcliff Lake", "state": "NJ", "area-code": "201"}, {"id": "3decc6bfadaa436a105714c6bacd9213", "number": "5092556422", "date": "2021-01-24 16:34:00", "subject": "2", "recorded-or-robo": "Y", "city": "Liberty Lake", "state": "WA", "area-code": "509"}, {"id": "03e293b3df9e35eadf15c5611963c643", "number": "", "date": "2021-01-18 12:06:00", "subject": "6", "recorded-or-robo": "Y", "city": "Woodcliff Lake", "state": "NJ", "area-code": "201"}, {"id": "03e293b3df9e35eadf15c5611963c336", "number": "5092556422", "date": "2021-01-24 16:34:00", "subject": "2", "recorded-or-robo": "Y", "city": "Liberty Lake", "state": "WA", "area-code": "509"}, {"id": "3decc6bfadaa436a105714c6bacd6cc0", "number": "6604778224", "date": "2021-01-24 00:00:00", "subject": "3", "recorded-or-robo": "", "city": "", "state": "MO", "area-code": "660"}, {"id": "03e293b3df9e35eadf15c5611963b297", "number": "6604778224", "date": "2021-01-24 00:00:00", "subject": "3", "recorded-or-robo": "", "city": "", "state": "MO", "area-code": "660"}, {"id": "3decc6bfadaa436a105714c6bacd8938", "number": "", "date": "2021-01-15 12:00:00", "subject": "6", "recorded-or-robo": "Y", "city": "Woodcliff Lake", "state": "NJ", "area-code": "201"}, {"id": "03e293b3df9e35eadf15c5611963c16e", "number": "", "date": "2021-01-15 12:00:00", "subject": "6", "recorded-or-robo": "Y", "city": "Woodcliff Lake", "state": "NJ", "area-code": "201"}, {"id": "3decc6bfadaa436a105714c6bacd7c47", "number": "9362324763", "date": "2021-01-24 16:46:00", "subject": "0", "recorded-or-robo": "N", "city": "", "state": "WA", "area-code": "509"}, {"id": "03e293b3df9e35eadf15c5611963b5df", "number": "9362324763", "date": "2021-01-24 16:46:00", "subject": "0", "recorded-or-robo": "N", "city": "", "state": "WA", "area-code": "509"}, {"id": "3decc6bfadaa436a105714c6bacd6248", "number": "8556782992", "date": "2021-01-24 19:45:00", "subject": "1", "recorded-or-robo": "N", "city": "Manassas", "state": "VA", "area-code": "703"}, {"id": "03e293b3df9e35eadf15c5611963af3a", "number": "8556782992", "date": "2021-01-24 19:45:00", "subject": "1", "recorded-or-robo": "N", "city": "Manassas", "state": "VA", "area-code": "703"}, {"id": "3decc6bfadaa436a105714c6bacd5e85", "number": "5092557704", "date": "2021-01-24 04:21:00", "subject": "2", "recorded-or-robo": "Y", "city": "Liberty Lake", "state": "WA", "area-code": "509"}, {"id": "03e293b3df9e35eadf15c5611963a5c8", "number": "5092557704", "date": "2021-01-24 04:21:00", "subject": "2", "recorded-or-robo": "Y", "city": "Liberty Lake", "state": "WA", "area-code": "509"}, {"id": "3decc6bfadaa436a105714c6bacd4fc1", "number": "8668721743", "date": "2021-01-24 13:36:00", "subject": "2", "recorded-or-robo": "", "city": "", "state": "KS", "area-code": "316"}, {"id": "03e293b3df9e35eadf15c56119639f18", "number": "8668721743", "date": "2021-01-24 13:36:00", "subject": "2", "recorded-or-robo": "", "city": "", "state": "KS", "area-code": "316"}, {"id": "3decc6bfadaa436a105714c6bacd4b18", "number": "5712600865", "date": "2021-01-21 12:33:00", "subject": "4", "recorded-or-robo": "Y", "city": "Alexandria", "state": "VA", "area-code": "703"}, {"id": "03e293b3df9e35eadf15c561196397bb", "number": "5712600865", "date": "2021-01-21 12:33:00", "subject": "4", "recorded-or-robo": "Y", "city": "Alexandria", "state": "VA", "area-code": "703"}, {"id": "3decc6bfadaa436a105714c6bacd45dd", "number": "5092559842", "date": "2021-01-24 16:15:00", "subject": "2", "recorded-or-robo": "Y", "city": "Liberty Lake", "state": "WA", "area-code": "509"}, {"id": "03e293b3df9e35eadf15c56119638fc7", "number": "5092559842", "date": "2021-01-24 16:15:00", "subject": "2", "recorded-or-robo": "Y", "city": "Liberty Lake", "state": "WA", "area-code": "509"}, {"id": "3decc6bfadaa436a105714c6bacd3cc4", "number": "2154350835", "date": "2021-01-24 06:50:00", "subject": "0", "recorded-or-robo": "Y", "city": "", "state": "AR", "area-code": "479"}, {"id": "03e293b3df9e35eadf15c561196389fa", "number": "2154350835", "date": "2021-01-24 06:50:00", "subject": "0", "recorded-or-robo": "Y", "city": "", "state": "AR", "area-code": "479"}, {"id": "3decc6bfadaa436a105714c6bacd2dc6", "number": "8668721743", "date": "2021-01-24 13:36:00", "subject": "2", "recorded-or-robo": "", "city": "", "state": "KS", "area-code": "316"}, {"id": "03e293b3df9e35eadf15c5611963879c", "number": "8668721743", "date": "2021-01-24 13:36:00", "subject": "2", "recorded-or-robo": "", "city": "", "state": "KS", "area-code": "316"}, {"id": "3decc6bfadaa436a105714c6bacd26b2", "number": "2096536483", "date": "2021-01-24 16:38:00", "subject": "2", "recorded-or-robo": "Y", "city": "", "state": "CA", "area-code": "209"}, {"id": "03e293b3df9e35eadf15c561196380ba", "number": "2096536483", "date": "2021-01-24 16:38:00", "subject": "2", "recorded-or-robo": "Y", "city": "", "state": "CA", "area-code": "209"}, {"id": "3decc6bfadaa436a105714c6bacd1c24", "number": "3233098828", "date": "2021-01-24 16:00:00", "subject": "2", "recorded-or-robo": "Y", "city": "", "state": "CA", "area-code": "323"}]}