{"data": [{"id": "03e293b3df9e35eadf15c561192b6583", "number": "2184207005", "date": "2021-01-20 19:44:00", "subject": "2", "recorded-or-robo": "Y", "city": "San Antonio", "state": "TX", "area-code": "210"}, {"id": "3decc6bfadaa436a105714c6ba95515b", "number": "8665276657", "date": "2021-01-23 12:02:00", "subject": "2", "recorded-or-robo": "", "city": "Maryland Heights", "state": "MO", "area-code": "314"}, {"id": "03e293b3df9e35eadf15c561192b6567", "number": "8665276657", "date": "2021-01-23 12:02:00", "subject": "2", "recorded-or-robo": "", "city": "Maryland Heights", "state": "MO", "area-code": "314"}, {"id": "3decc6bfadaa436a105714c6ba954dd5", "number": "3123802943", "date": "2021-01-23 15:45:00", "subject": "2", "recorded-or-robo": "Y", "city": "CHICAGO", "state": "IL", "area-code": "773"}, {"id": "03e293b3df9e35eadf15c561192b5924", "number": "3123802943", "date": "2021-01-23 15:45:00", "subject": "2", "recorded-or-robo": "Y", "city": "CHICAGO", "state": "IL", "area-code": "773"}, {"id": "3decc6bfadaa436a105714c6ba953e90", "number": "6108105798", "date": "2021-01-13 11:15:00", "subject": "4", "recorded-or-robo": "Y", "city": "Bethlehem", "state": "PA", "area-code": "610"}, {"id": "03e293b3df9e35eadf15c561192b5779", "number": "6108105798", "date": "2021-01-13 11:15:00", "subject": "4", "recorded-or-robo": "Y", "city": "Bethlehem", "state": "PA", "area-code": "610"}, {"id": "3decc6bfadaa436a105714c6ba952f9f", "number": "8037887100", "date": "2021-01-20 18:49:00", "subject": "2", "recorded-or-robo": "Y", "city": "San Antonio", "state": "TX", "area-code": "210"}, {"id": "03e293b3df9e35eadf15c561192b5023", "number": "8037887100", "date": "2021-01-20 18:49:00", "subject": "2", "recorded-or-robo": "Y", "city": "San Antonio", "state": "TX", "area-code": "210"}, {"id": "3decc6bfadaa436a105714c6ba9523e5", "number": "7147675799", "date": "2021-01-24 05:27:00", "subject": "3", "recorded-or-robo": "Y", "city": "", "state": "PA", "area-code": "570"}, {"id": "03e293b3df9e35eadf15c561192b4871", "number": "7147675799", "date": "2021-01-24 05:27:00", "subject": "3", "recorded-or-robo": "Y", "city": "", "state": "PA", "area-code": "570"}, {"id": "3decc6bfadaa436a105714c6ba95188e", "number": "8665271057", "date": "2021-01-23 11:49:00", "subject": "1", "recorded-or-robo": "Y", "city": "Maryland Heights", "state": "MO", "area-code": "314"}, {"id": "03e293b3df9e35eadf15c561192b3ed0", "number": "8665271057", "date": "2021-01-23 11:49:00", "subject": "1", "recorded-or-robo": "Y", "city": "Maryland Heights", "state": "MO", "area-code": "314"}, {"id": "3decc6bfadaa436a105714c6ba950e0b", "number": "6107078072", "date": "2021-01-20 10:19:00", "subject": "4", "recorded-or-robo": "Y", "city": "Bethlehem", "state": "PA", "area-code": "610"}, {"id": "03e293b3df9e35eadf15c561192b349e", "number": "6107078072", "date": "2021-01-20 10:19:00", "subject": "4", "recorded-or-robo": "Y", "city": "Bethlehem", "state": "PA", "area-code": "610"}, {"id": "3decc6bfadaa436a105714c6ba950455", "number": "7117664468", "date": "2021-01-20 17:02:00", "subject": "2", "recorded-or-robo": "Y", "city": "San Antonio", "state": "TX", "area-code": "210"}, {"id": "03e293b3df9e35eadf15c561192b2e59", "number": "7117664468", "date": "2021-01-20 17:02:00", "subject": "2", "recorded-or-robo": "Y", "city": "San Antonio", "state": "TX", "area-code": "210"}, {"id": "3decc6bfadaa436a105714c6ba94dfec", "number": "", "date": "2021-01-20 14:09:00", "subject": "3", "recorded-or-robo": "", "city": "", "state": "NJ", "area-code": "201"}, {"id": "03e293b3df9e35eadf15c561192affd6", "number": "", "date": "2021-01-20 14:09:00", "subject": "3", "recorded-or-robo": "", "city": "", "state": "NJ", "area-code": "201"}, {"id": "3decc6bfadaa436a105714c6ba94f571", "number": "2196822759", "date": "2021-01-22 11:58:00", "subject": "0", "recorded-or-robo": "Y", "city": "Peoria", "state": "AZ", "area-code": "623"}, {"id": "03e293b3df9e35eadf15c561192b278a", "number": "2196822759", "date": "2021-01-22 11:58:00", "subject": "0", "recorded-or-robo": "Y", "city": "Peoria", "state": "AZ", "area-code": "623"}, {"id": "3decc6bfadaa436a105714c6ba94ef97", "number": "9492538829", "date": "2021-01-19 13:23:00", "subject": "9", "recorded-or-robo": "Y", "city": "", "state": "CA", "area-code": "559"}, {"id": "03e293b3df9e35eadf15c561192b1908", "number": "9492538829", "date": "2021-01-19 13:23:00", "subject": "9", "recorded-or-robo": "Y", "city": "", "state": "CA", "area-code": "559"}, {"id": "3decc6bfadaa436a105714c6ba94ec25", "number": "6108105655", "date": "2021-01-21 10:23:00", "subject": "4", "recorded-or-robo": "Y", "city": "Bethlehem", "state": "PA", "area-code": "610"}, {"id": "03e293b3df9e35eadf15c561192b0add", "number": "6108105655", "date": "2021-01-21 10:23:00", "subject": "4", "recorded-or-robo": "Y", "city": "Bethlehem", "state": "PA", "area-code": "610"}, {"id": "3decc6bfadaa436a105714c6ba94d4e9", "number": "8034812753", "date": "2021-01-20 12:55:00", "subject": "2", "recorded-or-robo": "Y", "city": "San Antonio", "state": "TX", "area-code": "210"}, {"id": "03e293b3df9e35eadf15c561192af718", "number": "8034812753", "date": "2021-01-20 12:55:00", "subject": "2", "recorded-or-robo": "Y", "city": "San Antonio", "state": "TX", "area-code": "210"}, {"id": "3decc6bfadaa436a105714c6ba94c744", "number": "", "date": "2021-01-24 11:08:00", "subject": "11", "recorded-or-robo": "Y", "city": "", "state": "IN", "area-code": "574"}, {"id": "03e293b3df9e35eadf15c561192aef38", "number": "", "date": "2021-01-24 11:08:00", "subject": "11", "recorded-or-robo": "Y", "city": "", "state": "IN", "area-code": "574"}, {"id": "3decc6bfadaa436a105714c6ba94bca0", "number": "7318458548", "date": "2021-01-24 09:56:00", "subject": "1", "recorded-or-robo": "Y", "city": "Lexington", "state": "TN", "area-code": "731"}, {"id": "03e293b3df9e35eadf15c561192aecb8", "number": "7318458548", "date": "2021-01-24 09:56:00", "subject": "1", "recorded-or-robo": "Y", "city": "Lexington", "state": "TN", "area-code": "731"}, {"id": "3decc6bfadaa436a105714c6ba94b02c", "number": "5092209194", "date": "2021-01-24 08:14:00", "subject": "2", "recorded-or-robo": "N", "city": "", "state": "WA", "area-code": "509"}, {"id": "03e293b3df9e35eadf15c561192aecab", "number": "5092209194", "date": "2021-01-24 08:14:00", "subject": "2", "recorded-or-robo": "N", "city": "", "state": "WA", "area-code": "509"}, {"id": "3decc6bfadaa436a105714c6ba94af3a", "number": "5099817318", "date": "2021-01-24 07:51:00", "subject": "3", "recorded-or-robo": "Y", "city": "", "state": "WA", "area-code": "509"}, {"id": "03e293b3df9e35eadf15c561192ae116", "number": "5099817318", "date": "2021-01-24 07:51:00", "subject": "3", "recorded-or-robo": "Y", "city": "", "state": "WA", "area-code": "509"}, {"id": "3decc6bfadaa436a105714c6ba94a864", "number": "2104480154", "date": "2021-01-20 12:35:00", "subject": "2", "recorded-or-robo": "Y", "city": "San Antonio", "state": "TX", "area-code": "210"}, {"id": "03e293b3df9e35eadf15c561192ad3b5", "number": "2104480154", "date": "2021-01-20 12:35:00", "subject": "2", "recorded-or-robo": "Y", "city": "San Antonio", "state": "TX", "area-code": "210"}, {"id": "3decc6bfadaa436a105714c6ba949dcd", "number": "6159227507", "date": "2021-01-24 09:00:00", "subject": "2", "recorded-or-robo": "Y", "city": "Hendersonville", "state": "TN", "area-code": "615"}, {"id": "03e293b3df9e35eadf15c561192acb32", "number": "6159227507", "date": "2021-01-24 09:00:00", "subject": "2", "recorded-or-robo": "Y", "city": "Hendersonville", "state": "TN", "area-code": "615"}, {"id": "3decc6bfadaa436a105714c6ba949a64", "number": "3463821554", "date": "2021-01-24 11:18:00", "subject": "3", "recorded-or-robo": "N", "city": "", "state": "CT", "area-code": "860"}, {"id": "03e293b3df9e35eadf15c561192abe8e", "number": "3463821554", "date": "2021-01-24 11:18:00", "subject": "3", "recorded-or-robo": "N", "city": "", "state": "CT", "area-code": "860"}, {"id": "3decc6bfadaa436a105714c6ba949ce0", "number": "5099811388", "date": "2021-01-24 07:38:00", "subject": "3", "recorded-or-robo": "Y", "city": "", "state": "WA", "area-code": "509"}, {"id": "03e293b3df9e35eadf15c561192ac4fa", "number": "5099811388", "date": "2021-01-24 07:38:00", "subject": "3", "recorded-or-robo": "Y", "city": "", "state": "WA", "area-code": "509"}, {"id": "3decc6bfadaa436a105714c6ba945322", "number": "2019686245", "date": "2020-12-09 11:45:00", "subject": "3", "recorded-or-robo": "", "city": "", "state": "NJ", "area-code": "201"}, {"id": "03e293b3df9e35eadf15c561192a619a", "number": "2019686245", "date": "2020-12-09 11:45:00", "subject": "3", "recorded-or-robo": "", "city": "", "state": "NJ", "area-code": "201"}, {"id": "3decc6bfadaa436a105714c6ba94989c", "number": "6304548345", "date": "2021-01-24 00:00:00", "subject": "4", "recorded-or-robo": "N", "city": "Streamwood", "state": "IL", "area-code": "630"}, {"id": "03e293b3df9e35eadf15c561192ab380", "number": "6304548345", "date": "2021-01-24 00:00:00", "subject": "4", "recorded-or-robo": "N", "city": "Streamwood", "state": "IL", "area-code": "630"}, {"id": "3decc6bfadaa436a105714c6ba948b17", "number": "8106678110", "date": "2021-01-23 10:23:00", "subject": "2", "recorded-or-robo": "Y", "city": "Flint", "state": "MI", "area-code": "810"}, {"id": "03e293b3df9e35eadf15c561192aa6cf", "number": "8106678110", "date": "2021-01-23 10:23:00", "subject": "2", "recorded-or-robo": "Y", "city": "Flint", "state": "MI", "area-code": "810"}, {"id": "3decc6bfadaa436a105714c6ba94814c", "number": "press1", "date": "2021-01-02 12:00:00", "subject": "2", "recorded-or-robo": "Y", "city": "Spokane Valley", "state": "WA", "area-code": "209"}]}