{"data": [{"id": "03e293b3df9e35eadf15c561194f7998", "number": "", "date": "2021-01-22 17:10:00", "subject": "4", "recorded-or-robo": "Y", "city": "", "state": "FL", "area-code": "813"}, {"id": "3decc6bfadaa436a105714c6bab8e5cc", "number": "4245316178", "date": "2021-01-22 15:23:00", "subject": "3", "recorded-or-robo": "Y", "city": "", "state": "CA", "area-code": "310"}, {"id": "03e293b3df9e35eadf15c561194f781e", "number": "4245316178", "date": "2021-01-22 15:23:00", "subject": "3", "recorded-or-robo": "Y", "city": "", "state": "CA", "area-code": "310"}, {"id": "3decc6bfadaa436a105714c6bab8dcb7", "number": "5403998636", "date": "2021-01-24 16:19:00", "subject": "1", "recorded-or-robo": "Y", "city": "", "state": "VA", "area-code": "540"}, {"id": "03e293b3df9e35eadf15c561194f7771", "number": "5403998636", "date": "2021-01-24 16:19:00", "subject": "1", "recorded-or-robo": "Y", "city": "", "state": "VA", "area-code": "540"}, {"id": "3decc6bfadaa436a105714c6bab8db01", "number": "2169061947", "date": "2021-01-24 12:54:00", "subject": "0", "recorded-or-robo": "Y", "city": "Ohio", "state": "OH", "area-code": "216"}, {"id": "03e293b3df9e35eadf15c561194f6cd3", "number": "2169061947", "date": "2021-01-24 12:54:00", "subject": "0", "recorded-or-robo": "Y", "city": "Ohio", "state": "OH", "area-code": "216"}, {"id": "3decc6bfadaa436a105714c6bab8cef9", "number": "", "date": "2021-01-23 13:32:00", "subject": "2", "recorded-or-robo": "Y", "city": "Greenfield", "state": "IN", "area-code": "317"}, {"id": "03e293b3df9e35eadf15c561194f5eb1", "number": "", "date": "2021-01-23 13:32:00", "subject": "2", "recorded-or-robo": "Y", "city": "Greenfield", "state": "IN", "area-code": "317"}, {"id": "3decc6bfadaa436a105714c6bab8cbf2", "number": "3152328257", "date": "2021-01-24 12:00:00", "subject": "1", "recorded-or-robo": "Y", "city": "Pittsburgh", "state": "PA", "area-code": "412"}, {"id": "03e293b3df9e35eadf15c561194f5212", "number": "3152328257", "date": "2021-01-24 12:00:00", "subject": "1", "recorded-or-robo": "Y", "city": "Pittsburgh", "state": "PA", "area-code": "412"}, {"id": "3decc6bfadaa436a105714c6bab8c7b2", "number": "6183717414", "date": "2021-01-15 15:07:00", "subject": "0", "recorded-or-robo": "Y", "city": "", "state": "IL", "area-code": "630"}, {"id": "03e293b3df9e35eadf15c561194f4cf5", "number": "6183717414", "date": "2021-01-15 15:07:00", "subject": "0", "recorded-or-robo": "Y", "city": "", "state": "IL", "area-code": "630"}, {"id": "3decc6bfadaa436a105714c6bab8b8fa", "number": "6463780795", "date": "2021-01-24 16:10:00", "subject": "2", "recorded-or-robo": "Y", "city": "Winder", "state": "GA", "area-code": "678"}, {"id": "03e293b3df9e35eadf15c561194f451d", "number": "6463780795", "date": "2021-01-24 16:10:00", "subject": "2", "recorded-or-robo": "Y", "city": "Winder", "state": "GA", "area-code": "678"}, {"id": "3decc6bfadaa436a105714c6bab8b618", "number": "3143087458", "date": "2021-01-24 15:12:00", "subject": "3", "recorded-or-robo": "Y", "city": "", "state": "MO", "area-code": "314"}, {"id": "03e293b3df9e35eadf15c561194f4271", "number": "3143087458", "date": "2021-01-24 15:12:00", "subject": "3", "recorded-or-robo": "Y", "city": "", "state": "MO", "area-code": "314"}, {"id": "3decc6bfadaa436a105714c6bab8a7b6", "number": "9294291115", "date": "2021-01-23 09:30:00", "subject": "2", "recorded-or-robo": "Y", "city": "Bristol", "state": "RI", "area-code": "401"}, {"id": "03e293b3df9e35eadf15c561194f39bc", "number": "9294291115", "date": "2021-01-23 09:30:00", "subject": "2", "recorded-or-robo": "Y", "city": "Bristol", "state": "RI", "area-code": "401"}, {"id": "3decc6bfadaa436a105714c6bab89f6c", "number": "3108952268", "date": "2021-01-24 13:24:00", "subject": "3", "recorded-or-robo": "Y", "city": "", "state": "CA", "area-code": "310"}, {"id": "03e293b3df9e35eadf15c561194f364a", "number": "3108952268", "date": "2021-01-24 13:24:00", "subject": "3", "recorded-or-robo": "Y", "city": "", "state": "CA", "area-code": "310"}, {"id": "3decc6bfadaa436a105714c6bab89b95", "number": "3128373260", "date": "2021-01-15 15:53:00", "subject": "0", "recorded-or-robo": "Y", "city": "", "state": "IL", "area-code": "630"}, {"id": "03e293b3df9e35eadf15c561194f3326", "number": "3128373260", "date": "2021-01-15 15:53:00", "subject": "0", "recorded-or-robo": "Y", "city": "", "state": "IL", "area-code": "630"}, {"id": "3decc6bfadaa436a105714c6bab89a22", "number": "8709059012", "date": "2021-01-22 00:00:00", "subject": "4", "recorded-or-robo": "Y", "city": "Paragould", "state": "AR", "area-code": "870"}, {"id": "03e293b3df9e35eadf15c561194f2f53", "number": "8709059012", "date": "2021-01-22 00:00:00", "subject": "4", "recorded-or-robo": "Y", "city": "Paragould", "state": "AR", "area-code": "870"}, {"id": "3decc6bfadaa436a105714c6bab88a29", "number": "3152328257", "date": "2021-01-23 17:00:00", "subject": "2", "recorded-or-robo": "Y", "city": "Richland", "state": "WA", "area-code": "509"}, {"id": "03e293b3df9e35eadf15c561194f2b56", "number": "3152328257", "date": "2021-01-23 17:00:00", "subject": "2", "recorded-or-robo": "Y", "city": "Richland", "state": "WA", "area-code": "509"}, {"id": "3decc6bfadaa436a105714c6bab87aa3", "number": "4252438617", "date": "2021-01-20 14:04:00", "subject": "1", "recorded-or-robo": "Y", "city": "Saint Louis", "state": "MO", "area-code": "314"}, {"id": "03e293b3df9e35eadf15c561194f29da", "number": "4252438617", "date": "2021-01-20 14:04:00", "subject": "1", "recorded-or-robo": "Y", "city": "Saint Louis", "state": "MO", "area-code": "314"}, {"id": "3decc6bfadaa436a105714c6bab87239", "number": "9294291115", "date": "2021-01-24 10:33:00", "subject": "2", "recorded-or-robo": "Y", "city": "Bristol", "state": "RI", "area-code": "401"}, {"id": "03e293b3df9e35eadf15c561194f1ff7", "number": "9294291115", "date": "2021-01-24 10:33:00", "subject": "2", "recorded-or-robo": "Y", "city": "Bristol", "state": "RI", "area-code": "401"}, {"id": "3decc6bfadaa436a105714c6bab8655d", "number": "9737899237", "date": "2021-01-22 00:00:00", "subject": "1", "recorded-or-robo": "Y", "city": "Wharton", "state": "NJ", "area-code": "973"}, {"id": "03e293b3df9e35eadf15c561194f1a60", "number": "9737899237", "date": "2021-01-22 00:00:00", "subject": "1", "recorded-or-robo": "Y", "city": "Wharton", "state": "NJ", "area-code": "973"}, {"id": "3decc6bfadaa436a105714c6bab8646a", "number": "2169066575", "date": "2021-01-24 14:49:00", "subject": "0", "recorded-or-robo": "Y", "city": "Ohio", "state": "OH", "area-code": "216"}, {"id": "03e293b3df9e35eadf15c561194f15c5", "number": "2169066575", "date": "2021-01-24 14:49:00", "subject": "0", "recorded-or-robo": "Y", "city": "Ohio", "state": "OH", "area-code": "216"}, {"id": "3decc6bfadaa436a105714c6bab85a62", "number": "3149733358", "date": "2021-01-24 13:00:00", "subject": "2", "recorded-or-robo": "Y", "city": "hillsboro", "state": "MO", "area-code": "314"}, {"id": "03e293b3df9e35eadf15c561194f128e", "number": "3149733358", "date": "2021-01-24 13:00:00", "subject": "2", "recorded-or-robo": "Y", "city": "hillsboro", "state": "MO", "area-code": "314"}, {"id": "3decc6bfadaa436a105714c6bab856d4", "number": "3126472819", "date": "2021-01-21 17:36:00", "subject": "0", "recorded-or-robo": "Y", "city": "", "state": "IL", "area-code": "630"}, {"id": "03e293b3df9e35eadf15c561194f10de", "number": "3126472819", "date": "2021-01-21 17:36:00", "subject": "0", "recorded-or-robo": "Y", "city": "", "state": "IL", "area-code": "630"}, {"id": "3decc6bfadaa436a105714c6bab84ab8", "number": "3152328257", "date": "2021-01-24 10:10:00", "subject": "2", "recorded-or-robo": "Y", "city": "CHAMPAIGN", "state": "IL", "area-code": "217"}, {"id": "03e293b3df9e35eadf15c561194f0bf8", "number": "3152328257", "date": "2021-01-24 10:10:00", "subject": "2", "recorded-or-robo": "Y", "city": "CHAMPAIGN", "state": "IL", "area-code": "217"}, {"id": "3decc6bfadaa436a105714c6bab848ce", "number": "8009332566", "date": "2021-01-24 16:22:00", "subject": "0", "recorded-or-robo": "Y", "city": "Wharton", "state": "NJ", "area-code": "973"}, {"id": "03e293b3df9e35eadf15c561194f0921", "number": "8009332566", "date": "2021-01-24 16:22:00", "subject": "0", "recorded-or-robo": "Y", "city": "Wharton", "state": "NJ", "area-code": "973"}, {"id": "3decc6bfadaa436a105714c6bab842ee", "number": "8006935433", "date": "2020-08-10 12:00:00", "subject": "2", "recorded-or-robo": "N", "city": "Madera", "state": "CA", "area-code": "800"}, {"id": "03e293b3df9e35eadf15c561194efe76", "number": "8006935433", "date": "2020-08-10 12:00:00", "subject": "2", "recorded-or-robo": "N", "city": "Madera", "state": "CA", "area-code": "800"}, {"id": "3decc6bfadaa436a105714c6bab83518", "number": "3153091928", "date": "2021-01-23 13:52:00", "subject": "3", "recorded-or-robo": "N", "city": "", "state": "WI", "area-code": "414"}, {"id": "03e293b3df9e35eadf15c561194ef9d2", "number": "3153091928", "date": "2021-01-23 13:52:00", "subject": "3", "recorded-or-robo": "N", "city": "", "state": "WI", "area-code": "414"}, {"id": "3decc6bfadaa436a105714c6bab831db", "number": "6305758554", "date": "2021-01-22 18:10:00", "subject": "2", "recorded-or-robo": "Y", "city": "Worcester", "state": "MA", "area-code": "312"}, {"id": "03e293b3df9e35eadf15c561194ef6a5", "number": "6305758554", "date": "2021-01-22 18:10:00", "subject": "2", "recorded-or-robo": "Y", "city": "Worcester", "state": "MA", "area-code": "312"}, {"id": "3decc6bfadaa436a105714c6bab829da", "number": "3149411192", "date": "2021-01-24 15:20:00", "subject": "2", "recorded-or-robo": "Y", "city": "", "state": "MO", "area-code": "314"}]}