{"data": [{"id": "03e293b3df9e35eadf15c5611929df17", "number": "2106506957", "date": "2021-01-18 09:39:00", "subject": "2", "recorded-or-robo": "N", "city": "San Antonio", "state": "TX", "area-code": "210"}, {"id": "3decc6bfadaa436a105714c6ba93c129", "number": "7182443534", "date": "2021-01-24 11:07:00", "subject": "2", "recorded-or-robo": "Y", "city": "Dale City", "state": "VA", "area-code": "571"}, {"id": "03e293b3df9e35eadf15c5611929d7db", "number": "7182443534", "date": "2021-01-24 11:07:00", "subject": "2", "recorded-or-robo": "Y", "city": "Dale City", "state": "VA", "area-code": "571"}, {"id": "3decc6bfadaa436a105714c6ba93c085", "number": "6029227072", "date": "2021-01-22 14:57:00", "subject": "2", "recorded-or-robo": "", "city": "Phoenix", "state": "AZ", "area-code": "815"}, {"id": "03e293b3df9e35eadf15c5611929cf92", "number": "6029227072", "date": "2021-01-22 14:57:00", "subject": "2", "recorded-or-robo": "", "city": "Phoenix", "state": "AZ", "area-code": "815"}, {"id": "3decc6bfadaa436a105714c6ba93c01e", "number": "5856768021", "date": "2021-01-24 10:00:00", "subject": "2", "recorded-or-robo": "Y", "city": "Darien", "state": "IL", "area-code": "630"}, {"id": "03e293b3df9e35eadf15c5611929c4ae", "number": "5856768021", "date": "2021-01-24 10:00:00", "subject": "2", "recorded-or-robo": "Y", "city": "Darien", "state": "IL", "area-code": "630"}, {"id": "3decc6bfadaa436a105714c6ba93b277", "number": "8444914763", "date": "2021-01-23 14:02:00", "subject": "2", "recorded-or-robo": "Y", "city": "", "state": "WI", "area-code": "715"}, {"id": "03e293b3df9e35eadf15c5611929b97d", "number": "8444914763", "date": "2021-01-23 14:02:00", "subject": "2", "recorded-or-robo": "Y", "city": "", "state": "WI", "area-code": "715"}, {"id": "3decc6bfadaa436a105714c6ba93a289", "number": "6469810154", "date": "2021-01-24 11:07:00", "subject": "2", "recorded-or-robo": "Y", "city": "", "state": "NY", "area-code": "646"}, {"id": "03e293b3df9e35eadf15c5611929ab72", "number": "6469810154", "date": "2021-01-24 11:07:00", "subject": "2", "recorded-or-robo": "Y", "city": "", "state": "NY", "area-code": "646"}, {"id": "3decc6bfadaa436a105714c6ba9393b3", "number": "8158578187", "date": "2021-01-20 15:01:00", "subject": "2", "recorded-or-robo": "", "city": "Phoenix", "state": "AZ", "area-code": "815"}, {"id": "03e293b3df9e35eadf15c5611929a728", "number": "8158578187", "date": "2021-01-20 15:01:00", "subject": "2", "recorded-or-robo": "", "city": "Phoenix", "state": "AZ", "area-code": "815"}, {"id": "3decc6bfadaa436a105714c6ba9386ac", "number": "7202178080", "date": "2021-01-24 08:47:00", "subject": "1", "recorded-or-robo": "N", "city": "Fort Collins", "state": "CO", "area-code": "720"}, {"id": "03e293b3df9e35eadf15c56119299df3", "number": "7202178080", "date": "2021-01-24 08:47:00", "subject": "1", "recorded-or-robo": "N", "city": "Fort Collins", "state": "CO", "area-code": "720"}, {"id": "3decc6bfadaa436a105714c6ba937c2f", "number": "3152328257", "date": "2021-01-24 08:01:00", "subject": "11", "recorded-or-robo": "Y", "city": "", "state": "WA", "area-code": "509"}, {"id": "03e293b3df9e35eadf15c561192991ca", "number": "3152328257", "date": "2021-01-24 08:01:00", "subject": "11", "recorded-or-robo": "Y", "city": "", "state": "WA", "area-code": "509"}, {"id": "3decc6bfadaa436a105714c6ba93776d", "number": "4079822045", "date": "2021-01-20 12:00:00", "subject": "1", "recorded-or-robo": "Y", "city": "", "state": "CA", "area-code": "949"}, {"id": "03e293b3df9e35eadf15c56119298c5b", "number": "4079822045", "date": "2021-01-20 12:00:00", "subject": "1", "recorded-or-robo": "Y", "city": "", "state": "CA", "area-code": "949"}, {"id": "3decc6bfadaa436a105714c6ba936e56", "number": "352328257", "date": "2021-01-24 09:43:00", "subject": "11", "recorded-or-robo": "Y", "city": "Lake Saint Louis", "state": "MO", "area-code": "314"}, {"id": "03e293b3df9e35eadf15c56119297f98", "number": "352328257", "date": "2021-01-24 09:43:00", "subject": "11", "recorded-or-robo": "Y", "city": "Lake Saint Louis", "state": "MO", "area-code": "314"}, {"id": "3decc6bfadaa436a105714c6ba936943", "number": "", "date": "2021-01-24 09:48:00", "subject": "1", "recorded-or-robo": "Y", "city": "Ozark", "state": "MO", "area-code": "417"}, {"id": "03e293b3df9e35eadf15c56119297b2e", "number": "", "date": "2021-01-24 09:48:00", "subject": "1", "recorded-or-robo": "Y", "city": "Ozark", "state": "MO", "area-code": "417"}, {"id": "3decc6bfadaa436a105714c6ba935953", "number": "8556783073", "date": "2021-01-24 09:00:00", "subject": "2", "recorded-or-robo": "Y", "city": "MADISONVILLE", "state": "TX", "area-code": "855"}, {"id": "03e293b3df9e35eadf15c56119296d2f", "number": "8556783073", "date": "2021-01-24 09:00:00", "subject": "2", "recorded-or-robo": "Y", "city": "MADISONVILLE", "state": "TX", "area-code": "855"}, {"id": "3decc6bfadaa436a105714c6ba934a69", "number": "3145034571", "date": "2021-01-24 09:55:00", "subject": "1", "recorded-or-robo": "Y", "city": "Saint Charles", "state": "MO", "area-code": "314"}, {"id": "03e293b3df9e35eadf15c56119296d2b", "number": "3145034571", "date": "2021-01-24 09:55:00", "subject": "1", "recorded-or-robo": "Y", "city": "Saint Charles", "state": "MO", "area-code": "314"}, {"id": "3decc6bfadaa436a105714c6ba933dc1", "number": "8882804331", "date": "2021-01-24 09:45:00", "subject": "2", "recorded-or-robo": "Y", "city": "New York", "state": "NY", "area-code": "347"}, {"id": "03e293b3df9e35eadf15c56119296584", "number": "8882804331", "date": "2021-01-24 09:45:00", "subject": "2", "recorded-or-robo": "Y", "city": "New York", "state": "NY", "area-code": "347"}, {"id": "3decc6bfadaa436a105714c6ba933049", "number": "4697976400", "date": "2021-01-24 00:00:00", "subject": "6", "recorded-or-robo": "Y", "city": "", "state": "NY", "area-code": "917"}, {"id": "03e293b3df9e35eadf15c56119295f66", "number": "4697976400", "date": "2021-01-24 00:00:00", "subject": "6", "recorded-or-robo": "Y", "city": "", "state": "NY", "area-code": "917"}, {"id": "3decc6bfadaa436a105714c6ba932ee4", "number": "3178059137", "date": "2021-01-22 15:00:00", "subject": "2", "recorded-or-robo": "", "city": "underwood", "state": "WA", "area-code": "509"}, {"id": "03e293b3df9e35eadf15c56119294fd6", "number": "3178059137", "date": "2021-01-22 15:00:00", "subject": "2", "recorded-or-robo": "", "city": "underwood", "state": "WA", "area-code": "509"}, {"id": "3decc6bfadaa436a105714c6ba932945", "number": "8778365629", "date": "2021-01-24 08:00:00", "subject": "4", "recorded-or-robo": "Y", "city": "playa del rey", "state": "CA", "area-code": "310"}, {"id": "03e293b3df9e35eadf15c561192943be", "number": "8778365629", "date": "2021-01-24 08:00:00", "subject": "4", "recorded-or-robo": "Y", "city": "playa del rey", "state": "CA", "area-code": "310"}, {"id": "3decc6bfadaa436a105714c6ba93219e", "number": "6602815666", "date": "2021-01-24 09:50:00", "subject": "2", "recorded-or-robo": "Y", "city": "Springfield", "state": "MO", "area-code": "660"}, {"id": "03e293b3df9e35eadf15c56119293f76", "number": "6602815666", "date": "2021-01-24 09:50:00", "subject": "2", "recorded-or-robo": "Y", "city": "Springfield", "state": "MO", "area-code": "660"}, {"id": "3decc6bfadaa436a105714c6ba931244", "number": "3145046949", "date": "2021-01-24 09:59:00", "subject": "1", "recorded-or-robo": "Y", "city": "Florissant", "state": "MO", "area-code": "314"}, {"id": "03e293b3df9e35eadf15c56119293825", "number": "3145046949", "date": "2021-01-24 09:59:00", "subject": "1", "recorded-or-robo": "Y", "city": "Florissant", "state": "MO", "area-code": "314"}, {"id": "3decc6bfadaa436a105714c6ba92ffbb", "number": "8454078212", "date": "2021-01-23 12:13:00", "subject": "3", "recorded-or-robo": "N", "city": "", "state": "AZ", "area-code": "602"}, {"id": "03e293b3df9e35eadf15c56119292494", "number": "8454078212", "date": "2021-01-23 12:13:00", "subject": "3", "recorded-or-robo": "N", "city": "", "state": "AZ", "area-code": "602"}, {"id": "3decc6bfadaa436a105714c6ba9305cc", "number": "", "date": "2021-01-24 12:00:00", "subject": "2", "recorded-or-robo": "Y", "city": "Paris", "state": "MO", "area-code": "660"}, {"id": "03e293b3df9e35eadf15c56119292ffc", "number": "", "date": "2021-01-24 12:00:00", "subject": "2", "recorded-or-robo": "Y", "city": "Paris", "state": "MO", "area-code": "660"}, {"id": "3decc6bfadaa436a105714c6ba9303d1", "number": "6602811692", "date": "2021-01-24 09:25:00", "subject": "2", "recorded-or-robo": "Y", "city": "Springfield", "state": "MO", "area-code": "660"}, {"id": "03e293b3df9e35eadf15c56119292ab4", "number": "6602811692", "date": "2021-01-24 09:25:00", "subject": "2", "recorded-or-robo": "Y", "city": "Springfield", "state": "MO", "area-code": "660"}, {"id": "3decc6bfadaa436a105714c6ba92f552", "number": "6602815749", "date": "2021-01-24 09:22:00", "subject": "2", "recorded-or-robo": "Y", "city": "Springfield", "state": "MO", "area-code": "660"}, {"id": "03e293b3df9e35eadf15c561192919d4", "number": "6602815749", "date": "2021-01-24 09:22:00", "subject": "2", "recorded-or-robo": "Y", "city": "Springfield", "state": "MO", "area-code": "660"}, {"id": "3decc6bfadaa436a105714c6ba92f546", "number": "6602816159", "date": "2021-01-24 09:06:00", "subject": "2", "recorded-or-robo": "Y", "city": "Springfield", "state": "MO", "area-code": "660"}, {"id": "03e293b3df9e35eadf15c56119290e95", "number": "6602816159", "date": "2021-01-24 09:06:00", "subject": "2", "recorded-or-robo": "Y", "city": "Springfield", "state": "MO", "area-code": "660"}, {"id": "3decc6bfadaa436a105714c6ba92ed22", "number": "7034038620", "date": "2021-01-22 00:00:00", "subject": "12", "recorded-or-robo": "N", "city": "Gain", "state": "VA", "area-code": "703"}]}