{"data": [{"id": "1d36742e3f24f50e4e7ae82801906018", "number": "3037899101", "date": "2021-01-23 10:25:00", "subject": "1", "recorded-or-robo": "Y", "city": "LITTLETON", "state": "CO", "area-code": "303"}, {"id": "e81c9350d54f66c6d33b3747eef9686e", "number": "3105449725", "date": "2021-01-22 09:51:00", "subject": "0", "recorded-or-robo": "N", "city": "Torrance", "state": "CA", "area-code": "310"}, {"id": "1d36742e3f24f50e4e7ae82801905cac", "number": "3105449725", "date": "2021-01-22 09:51:00", "subject": "0", "recorded-or-robo": "N", "city": "Torrance", "state": "CA", "area-code": "310"}, {"id": "e81c9350d54f66c6d33b3747eef95fcd", "number": "4047775185", "date": "2021-01-07 12:40:00", "subject": "15", "recorded-or-robo": "N", "city": "", "state": "GA", "area-code": "404"}, {"id": "1d36742e3f24f50e4e7ae82801905c49", "number": "4047775185", "date": "2021-01-07 12:40:00", "subject": "15", "recorded-or-robo": "N", "city": "", "state": "GA", "area-code": "404"}, {"id": "e81c9350d54f66c6d33b3747eef9507e", "number": "", "date": "2021-01-23 00:00:00", "subject": "3", "recorded-or-robo": "Y", "city": "", "state": "NY", "area-code": "845"}, {"id": "1d36742e3f24f50e4e7ae82801905352", "number": "", "date": "2021-01-23 00:00:00", "subject": "3", "recorded-or-robo": "Y", "city": "", "state": "NY", "area-code": "845"}, {"id": "e81c9350d54f66c6d33b3747eef94ce6", "number": "1844383753", "date": "2021-01-22 12:24:00", "subject": "1", "recorded-or-robo": "Y", "city": "Matthews", "state": "NC", "area-code": "516"}, {"id": "1d36742e3f24f50e4e7ae82801905136", "number": "1844383753", "date": "2021-01-22 12:24:00", "subject": "1", "recorded-or-robo": "Y", "city": "Matthews", "state": "NC", "area-code": "516"}, {"id": "e81c9350d54f66c6d33b3747eef94c39", "number": "2564834779", "date": "2021-01-22 10:24:00", "subject": "8", "recorded-or-robo": "Y", "city": "Roselle Park", "state": "NJ", "area-code": "908"}, {"id": "1d36742e3f24f50e4e7ae828019047f6", "number": "2564834779", "date": "2021-01-22 10:24:00", "subject": "8", "recorded-or-robo": "Y", "city": "Roselle Park", "state": "NJ", "area-code": "908"}, {"id": "e81c9350d54f66c6d33b3747eef947b2", "number": "6038734320", "date": "2021-01-23 12:32:00", "subject": "7", "recorded-or-robo": "Y", "city": "nelson", "state": "NH", "area-code": "603"}, {"id": "1d36742e3f24f50e4e7ae82801903939", "number": "6038734320", "date": "2021-01-23 12:32:00", "subject": "7", "recorded-or-robo": "Y", "city": "nelson", "state": "NH", "area-code": "603"}, {"id": "e81c9350d54f66c6d33b3747eef93db8", "number": "9724339912", "date": "2021-01-22 11:13:00", "subject": "15", "recorded-or-robo": "Y", "city": "Flint", "state": "TX", "area-code": "903"}, {"id": "1d36742e3f24f50e4e7ae8280190349e", "number": "9724339912", "date": "2021-01-22 11:13:00", "subject": "15", "recorded-or-robo": "Y", "city": "Flint", "state": "TX", "area-code": "903"}, {"id": "e81c9350d54f66c6d33b3747eef93681", "number": "3152328257", "date": "2021-01-23 12:22:00", "subject": "1", "recorded-or-robo": "Y", "city": "", "state": "NY", "area-code": "607"}, {"id": "e81c9350d54f66c6d33b3747eef934b3", "number": "5758350420", "date": "2021-01-22 14:13:00", "subject": "2", "recorded-or-robo": "", "city": "", "state": "NM", "area-code": "505"}, {"id": "1d36742e3f24f50e4e7ae82801902c78", "number": "3152328257", "date": "2021-01-23 12:22:00", "subject": "1", "recorded-or-robo": "Y", "city": "", "state": "NY", "area-code": "607"}, {"id": "1d36742e3f24f50e4e7ae82801901fd5", "number": "5758350420", "date": "2021-01-22 14:13:00", "subject": "2", "recorded-or-robo": "", "city": "", "state": "NM", "area-code": "505"}, {"id": "e81c9350d54f66c6d33b3747eef932a5", "number": "4049974809", "date": "2021-01-22 08:46:00", "subject": "1", "recorded-or-robo": "Y", "city": "Carlsbad", "state": "CA", "area-code": "760"}, {"id": "1d36742e3f24f50e4e7ae82801901589", "number": "4049974809", "date": "2021-01-22 08:46:00", "subject": "1", "recorded-or-robo": "Y", "city": "Carlsbad", "state": "CA", "area-code": "760"}, {"id": "e81c9350d54f66c6d33b3747eef92fa2", "number": "8556786461", "date": "2021-01-23 12:09:00", "subject": "11", "recorded-or-robo": "Y", "city": "", "state": "TN", "area-code": "865"}, {"id": "1d36742e3f24f50e4e7ae82801901484", "number": "8556786461", "date": "2021-01-23 12:09:00", "subject": "11", "recorded-or-robo": "Y", "city": "", "state": "TN", "area-code": "865"}, {"id": "e81c9350d54f66c6d33b3747eef92c14", "number": "8178325171", "date": "2021-01-23 10:06:00", "subject": "13", "recorded-or-robo": "N", "city": "Benson", "state": "AZ", "area-code": "510"}, {"id": "1d36742e3f24f50e4e7ae828019004a5", "number": "8178325171", "date": "2021-01-23 10:06:00", "subject": "13", "recorded-or-robo": "N", "city": "Benson", "state": "AZ", "area-code": "510"}, {"id": "e81c9350d54f66c6d33b3747eef925de", "number": "2512108018", "date": "2021-01-23 11:10:00", "subject": "1", "recorded-or-robo": "Y", "city": "Tuscumbia", "state": "AL", "area-code": "256"}, {"id": "e81c9350d54f66c6d33b3747eef92586", "number": "3108499163", "date": "2021-01-23 09:03:00", "subject": "1", "recorded-or-robo": "Y", "city": "", "state": "CA", "area-code": "310"}, {"id": "1d36742e3f24f50e4e7ae828018ffb01", "number": "2512108018", "date": "2021-01-23 11:10:00", "subject": "1", "recorded-or-robo": "Y", "city": "Tuscumbia", "state": "AL", "area-code": "256"}, {"id": "1d36742e3f24f50e4e7ae828018fee15", "number": "3108499163", "date": "2021-01-23 09:03:00", "subject": "1", "recorded-or-robo": "Y", "city": "", "state": "CA", "area-code": "310"}, {"id": "e81c9350d54f66c6d33b3747eef9203f", "number": "2029982909", "date": "2021-01-23 10:27:00", "subject": "2", "recorded-or-robo": "N", "city": "Park City", "state": "UT", "area-code": "435"}, {"id": "e81c9350d54f66c6d33b3747eef91ebb", "number": "5852579112", "date": "2021-01-23 12:12:00", "subject": "2", "recorded-or-robo": "Y", "city": "", "state": "NY", "area-code": "585"}, {"id": "1d36742e3f24f50e4e7ae828018fed47", "number": "2029982909", "date": "2021-01-23 10:27:00", "subject": "2", "recorded-or-robo": "N", "city": "Park City", "state": "UT", "area-code": "435"}, {"id": "1d36742e3f24f50e4e7ae828018fe686", "number": "5852579112", "date": "2021-01-23 12:12:00", "subject": "2", "recorded-or-robo": "Y", "city": "", "state": "NY", "area-code": "585"}, {"id": "e81c9350d54f66c6d33b3747eef8e322", "number": "3144973321", "date": "2021-01-23 11:25:00", "subject": "3", "recorded-or-robo": "N", "city": "", "state": "MO", "area-code": "314"}, {"id": "1d36742e3f24f50e4e7ae828018f7a5a", "number": "3144973321", "date": "2021-01-23 11:25:00", "subject": "3", "recorded-or-robo": "N", "city": "", "state": "MO", "area-code": "314"}, {"id": "e81c9350d54f66c6d33b3747eef91a6d", "number": "3105396959", "date": "2021-01-22 07:52:00", "subject": "0", "recorded-or-robo": "N", "city": "Torrance", "state": "CA", "area-code": "310"}, {"id": "1d36742e3f24f50e4e7ae828018fe613", "number": "3105396959", "date": "2021-01-22 07:52:00", "subject": "0", "recorded-or-robo": "N", "city": "Torrance", "state": "CA", "area-code": "310"}, {"id": "e81c9350d54f66c6d33b3747eef91471", "number": "3015717610", "date": "2021-01-18 11:59:00", "subject": "1", "recorded-or-robo": "Y", "city": "ODENTON", "state": "MD", "area-code": "301"}, {"id": "e81c9350d54f66c6d33b3747eef9137a", "number": "3306248152", "date": "2021-01-23 11:06:00", "subject": "4", "recorded-or-robo": "Y", "city": "", "state": "OH", "area-code": "330"}, {"id": "1d36742e3f24f50e4e7ae828018fd71b", "number": "3015717610", "date": "2021-01-18 11:59:00", "subject": "1", "recorded-or-robo": "Y", "city": "ODENTON", "state": "MD", "area-code": "301"}, {"id": "1d36742e3f24f50e4e7ae828018fcc78", "number": "3306248152", "date": "2021-01-23 11:06:00", "subject": "4", "recorded-or-robo": "Y", "city": "", "state": "OH", "area-code": "330"}, {"id": "e81c9350d54f66c6d33b3747eef90d14", "number": "", "date": "2021-01-23 12:00:00", "subject": "2", "recorded-or-robo": "Y", "city": "CLAYTON", "state": "MO", "area-code": "314"}, {"id": "1d36742e3f24f50e4e7ae828018fcbb1", "number": "", "date": "2021-01-23 12:00:00", "subject": "2", "recorded-or-robo": "Y", "city": "CLAYTON", "state": "MO", "area-code": "314"}, {"id": "e81c9350d54f66c6d33b3747eef90b9a", "number": "7543450112", "date": "2021-01-23 07:21:00", "subject": "2", "recorded-or-robo": "Y", "city": "Golden", "state": "MO", "area-code": "417"}, {"id": "1d36742e3f24f50e4e7ae828018fc0d6", "number": "7543450112", "date": "2021-01-23 07:21:00", "subject": "2", "recorded-or-robo": "Y", "city": "Golden", "state": "MO", "area-code": "417"}, {"id": "e81c9350d54f66c6d33b3747eef90a16", "number": "4049975532", "date": "2021-01-22 07:57:00", "subject": "1", "recorded-or-robo": "Y", "city": "Carlsbad", "state": "CA", "area-code": "760"}, {"id": "1d36742e3f24f50e4e7ae828018fb31b", "number": "4049975532", "date": "2021-01-22 07:57:00", "subject": "1", "recorded-or-robo": "Y", "city": "Carlsbad", "state": "CA", "area-code": "760"}, {"id": "e81c9350d54f66c6d33b3747eef9079e", "number": "", "date": "2021-01-23 12:50:00", "subject": "1", "recorded-or-robo": "Y", "city": "Rock Stream", "state": "NY", "area-code": "607"}, {"id": "1d36742e3f24f50e4e7ae828018faf44", "number": "", "date": "2021-01-23 12:50:00", "subject": "1", "recorded-or-robo": "Y", "city": "Rock Stream", "state": "NY", "area-code": "607"}, {"id": "e81c9350d54f66c6d33b3747eef8fd5d", "number": "8556780007", "date": "2021-01-23 12:27:00", "subject": "11", "recorded-or-robo": "Y", "city": "", "state": "TN", "area-code": "865"}]}