{"data": [{"id": "03e293b3df9e35eadf15c5611954d6e8", "number": "7204563686", "date": "2020-09-18 12:56:00", "subject": "5", "recorded-or-robo": "Y", "city": "Dallas", "state": "CA", "area-code": "415"}, {"id": "3decc6bfadaa436a105714c6babe466a", "number": "6469761438", "date": "2021-01-24 14:02:00", "subject": "2", "recorded-or-robo": "Y", "city": "santa cruz", "state": "CA", "area-code": "408"}, {"id": "03e293b3df9e35eadf15c5611954d0f9", "number": "6469761438", "date": "2021-01-24 14:02:00", "subject": "2", "recorded-or-robo": "Y", "city": "santa cruz", "state": "CA", "area-code": "408"}, {"id": "3decc6bfadaa436a105714c6babe3f41", "number": "", "date": "2021-01-24 08:09:00", "subject": "11", "recorded-or-robo": "Y", "city": "Richland", "state": "WA", "area-code": "509"}, {"id": "03e293b3df9e35eadf15c5611954ced4", "number": "", "date": "2021-01-24 08:09:00", "subject": "11", "recorded-or-robo": "Y", "city": "Richland", "state": "WA", "area-code": "509"}, {"id": "3decc6bfadaa436a105714c6babe36cf", "number": "4155982399", "date": "2020-09-23 16:52:00", "subject": "4", "recorded-or-robo": "Y", "city": "Dallas", "state": "CA", "area-code": "415"}, {"id": "03e293b3df9e35eadf15c5611954c38a", "number": "4155982399", "date": "2020-09-23 16:52:00", "subject": "4", "recorded-or-robo": "Y", "city": "Dallas", "state": "CA", "area-code": "415"}, {"id": "3decc6bfadaa436a105714c6babe28f0", "number": "37064517445", "date": "2021-01-22 04:58:00", "subject": "2", "recorded-or-robo": "Y", "city": "Waterloo", "state": "IA", "area-code": "319"}, {"id": "03e293b3df9e35eadf15c5611954b3e5", "number": "37064517445", "date": "2021-01-22 04:58:00", "subject": "2", "recorded-or-robo": "Y", "city": "Waterloo", "state": "IA", "area-code": "319"}, {"id": "3decc6bfadaa436a105714c6babe2714", "number": "", "date": "2021-01-24 00:00:00", "subject": "11", "recorded-or-robo": "Y", "city": "Creve Coeur", "state": "MO", "area-code": "314"}, {"id": "03e293b3df9e35eadf15c5611954ad64", "number": "", "date": "2021-01-24 00:00:00", "subject": "11", "recorded-or-robo": "Y", "city": "Creve Coeur", "state": "MO", "area-code": "314"}, {"id": "3decc6bfadaa436a105714c6babe25ef", "number": "", "date": "2021-01-13 09:15:00", "subject": "11", "recorded-or-robo": "Y", "city": "Gretna", "state": "LA", "area-code": "504"}, {"id": "03e293b3df9e35eadf15c56119549f42", "number": "", "date": "2021-01-13 09:15:00", "subject": "11", "recorded-or-robo": "Y", "city": "Gretna", "state": "LA", "area-code": "504"}, {"id": "3decc6bfadaa436a105714c6babe218a", "number": "37066816147", "date": "2021-01-22 05:05:00", "subject": "2", "recorded-or-robo": "Y", "city": "Waterloo", "state": "IA", "area-code": "319"}, {"id": "03e293b3df9e35eadf15c5611954941c", "number": "37066816147", "date": "2021-01-22 05:05:00", "subject": "2", "recorded-or-robo": "Y", "city": "Waterloo", "state": "IA", "area-code": "319"}, {"id": "3decc6bfadaa436a105714c6babe1737", "number": "995577881595", "date": "2021-01-22 09:00:00", "subject": "2", "recorded-or-robo": "Y", "city": "Waterloo", "state": "IA", "area-code": "319"}, {"id": "03e293b3df9e35eadf15c561195487ca", "number": "995577881595", "date": "2021-01-22 09:00:00", "subject": "2", "recorded-or-robo": "Y", "city": "Waterloo", "state": "IA", "area-code": "319"}, {"id": "3decc6bfadaa436a105714c6babe0a25", "number": "9133123280", "date": "2020-10-02 11:56:00", "subject": "5", "recorded-or-robo": "Y", "city": "Dallas", "state": "CA", "area-code": "415"}, {"id": "03e293b3df9e35eadf15c561195482ae", "number": "9133123280", "date": "2020-10-02 11:56:00", "subject": "5", "recorded-or-robo": "Y", "city": "Dallas", "state": "CA", "area-code": "415"}, {"id": "3decc6bfadaa436a105714c6babdfbb7", "number": "8556789439", "date": "2021-01-24 15:42:00", "subject": "1", "recorded-or-robo": "Y", "city": "St. Louis", "state": "MO", "area-code": "314"}, {"id": "03e293b3df9e35eadf15c56119547f54", "number": "8556789439", "date": "2021-01-24 15:42:00", "subject": "1", "recorded-or-robo": "Y", "city": "St. Louis", "state": "MO", "area-code": "314"}, {"id": "3decc6bfadaa436a105714c6babdf2d6", "number": "243909761462", "date": "2021-01-22 12:17:00", "subject": "2", "recorded-or-robo": "Y", "city": "Waterloo", "state": "IA", "area-code": "319"}, {"id": "03e293b3df9e35eadf15c5611954755b", "number": "243909761462", "date": "2021-01-22 12:17:00", "subject": "2", "recorded-or-robo": "Y", "city": "Waterloo", "state": "IA", "area-code": "319"}, {"id": "3decc6bfadaa436a105714c6babdf29a", "number": "", "date": "2021-01-24 15:00:00", "subject": "1", "recorded-or-robo": "Y", "city": "", "state": "", "area-code": "888"}, {"id": "03e293b3df9e35eadf15c561195474e4", "number": "", "date": "2021-01-24 15:00:00", "subject": "1", "recorded-or-robo": "Y", "city": "", "state": "", "area-code": "888"}, {"id": "3decc6bfadaa436a105714c6babdef45", "number": "243909761955", "date": "2021-01-22 12:19:00", "subject": "2", "recorded-or-robo": "Y", "city": "Waterloo", "state": "IA", "area-code": "319"}, {"id": "03e293b3df9e35eadf15c561195473cb", "number": "243909761955", "date": "2021-01-22 12:19:00", "subject": "2", "recorded-or-robo": "Y", "city": "Waterloo", "state": "IA", "area-code": "319"}, {"id": "3decc6bfadaa436a105714c6babdd33e", "number": "9295476002", "date": "2021-01-23 20:36:00", "subject": "3", "recorded-or-robo": "", "city": "", "state": "NY", "area-code": "212"}, {"id": "03e293b3df9e35eadf15c5611954535e", "number": "9295476002", "date": "2021-01-23 20:36:00", "subject": "3", "recorded-or-robo": "", "city": "", "state": "NY", "area-code": "212"}, {"id": "3decc6bfadaa436a105714c6babde3aa", "number": "0123456789", "date": "2021-01-24 01:00:00", "subject": "0", "recorded-or-robo": "N", "city": "", "state": "CA", "area-code": "510"}, {"id": "03e293b3df9e35eadf15c56119546549", "number": "0123456789", "date": "2021-01-24 01:00:00", "subject": "0", "recorded-or-robo": "N", "city": "", "state": "CA", "area-code": "510"}, {"id": "3decc6bfadaa436a105714c6babdd735", "number": "3174964628", "date": "2021-01-24 17:06:00", "subject": "2", "recorded-or-robo": "Y", "city": "Fishers", "state": "IN", "area-code": "317"}, {"id": "03e293b3df9e35eadf15c561195458df", "number": "3174964628", "date": "2021-01-24 17:06:00", "subject": "2", "recorded-or-robo": "Y", "city": "Fishers", "state": "IN", "area-code": "317"}, {"id": "3decc6bfadaa436a105714c6babdd2ac", "number": "3909761957", "date": "2021-01-22 12:04:00", "subject": "2", "recorded-or-robo": "Y", "city": "Waterloo", "state": "IA", "area-code": "319"}, {"id": "03e293b3df9e35eadf15c56119545006", "number": "3909761957", "date": "2021-01-22 12:04:00", "subject": "2", "recorded-or-robo": "Y", "city": "Waterloo", "state": "IA", "area-code": "319"}, {"id": "3decc6bfadaa436a105714c6babdcb13", "number": "4148036543", "date": "2021-01-24 00:00:00", "subject": "11", "recorded-or-robo": "Y", "city": "Brown Deer", "state": "WI", "area-code": "414"}, {"id": "03e293b3df9e35eadf15c56119544930", "number": "4148036543", "date": "2021-01-24 00:00:00", "subject": "11", "recorded-or-robo": "Y", "city": "Brown Deer", "state": "WI", "area-code": "414"}, {"id": "3decc6bfadaa436a105714c6babdbd1e", "number": "8801700931555", "date": "2021-01-24 15:43:00", "subject": "11", "recorded-or-robo": "Y", "city": "Brandon", "state": "FL", "area-code": "727"}, {"id": "03e293b3df9e35eadf15c56119544854", "number": "8801700931555", "date": "2021-01-24 15:43:00", "subject": "11", "recorded-or-robo": "Y", "city": "Brandon", "state": "FL", "area-code": "727"}, {"id": "3decc6bfadaa436a105714c6babdae67", "number": "4155982110", "date": "2020-10-08 17:26:00", "subject": "4", "recorded-or-robo": "Y", "city": "Dallas", "state": "CA", "area-code": "415"}, {"id": "03e293b3df9e35eadf15c5611954398f", "number": "4155982110", "date": "2020-10-08 17:26:00", "subject": "4", "recorded-or-robo": "Y", "city": "Dallas", "state": "CA", "area-code": "415"}, {"id": "3decc6bfadaa436a105714c6babda8d2", "number": "", "date": "2021-01-24 17:07:00", "subject": "2", "recorded-or-robo": "Y", "city": "", "state": "OH", "area-code": "740"}, {"id": "03e293b3df9e35eadf15c56119542adb", "number": "", "date": "2021-01-24 17:07:00", "subject": "2", "recorded-or-robo": "Y", "city": "", "state": "OH", "area-code": "740"}, {"id": "3decc6bfadaa436a105714c6babd9c06", "number": "1727641667", "date": "2021-01-24 14:16:00", "subject": "1", "recorded-or-robo": "Y", "city": "Saint Petersburg", "state": "FL", "area-code": "727"}, {"id": "03e293b3df9e35eadf15c56119541ecc", "number": "1727641667", "date": "2021-01-24 14:16:00", "subject": "1", "recorded-or-robo": "Y", "city": "Saint Petersburg", "state": "FL", "area-code": "727"}, {"id": "3decc6bfadaa436a105714c6babd96ed", "number": "672391410", "date": "2021-01-22 15:29:00", "subject": "2", "recorded-or-robo": "Y", "city": "Waterloo", "state": "IA", "area-code": "319"}, {"id": "03e293b3df9e35eadf15c5611954144f", "number": "672391410", "date": "2021-01-22 15:29:00", "subject": "2", "recorded-or-robo": "Y", "city": "Waterloo", "state": "IA", "area-code": "319"}, {"id": "3decc6bfadaa436a105714c6babd92a1", "number": "3256176202", "date": "2021-01-24 15:47:00", "subject": "2", "recorded-or-robo": "Y", "city": "San Angelo", "state": "TX", "area-code": "325"}, {"id": "03e293b3df9e35eadf15c56119540864", "number": "3256176202", "date": "2021-01-24 15:47:00", "subject": "2", "recorded-or-robo": "Y", "city": "San Angelo", "state": "TX", "area-code": "325"}, {"id": "3decc6bfadaa436a105714c6babd8cf9", "number": "3021023875", "date": "2021-01-24 10:52:00", "subject": "3", "recorded-or-robo": "", "city": "", "state": "NY", "area-code": "212"}]}