{"data": [{"id": "3decc6bfadaa436a105714c6bad197d8", "number": "8183568791", "date": "2021-01-18 11:34:00", "subject": "2", "recorded-or-robo": "Y", "city": "Calabasas", "state": "CA", "area-code": "818"}, {"id": "03e293b3df9e35eadf15c5611967c68f", "number": "", "date": "2021-01-24 19:07:00", "subject": "1", "recorded-or-robo": "Y", "city": "clinton", "state": "MO", "area-code": "660"}, {"id": "03e293b3df9e35eadf15c5611967bd10", "number": "8183568791", "date": "2021-01-18 11:34:00", "subject": "2", "recorded-or-robo": "Y", "city": "Calabasas", "state": "CA", "area-code": "818"}, {"id": "3decc6bfadaa436a105714c6bad1968c", "number": "4057796011", "date": "2021-01-24 05:57:00", "subject": "3", "recorded-or-robo": "Y", "city": "", "state": "MO", "area-code": "417"}, {"id": "03e293b3df9e35eadf15c5611967ad9f", "number": "4057796011", "date": "2021-01-24 05:57:00", "subject": "3", "recorded-or-robo": "Y", "city": "", "state": "MO", "area-code": "417"}, {"id": "3decc6bfadaa436a105714c6bad18f26", "number": "5016289449", "date": "2021-01-09 15:29:00", "subject": "0", "recorded-or-robo": "N", "city": "Trinity", "state": "FL", "area-code": "727"}, {"id": "03e293b3df9e35eadf15c56119679e76", "number": "5016289449", "date": "2021-01-09 15:29:00", "subject": "0", "recorded-or-robo": "N", "city": "Trinity", "state": "FL", "area-code": "727"}, {"id": "3decc6bfadaa436a105714c6bad1852f", "number": "3152328257", "date": "2021-01-24 08:08:00", "subject": "11", "recorded-or-robo": "Y", "city": "Blue Ash", "state": "OH", "area-code": "314"}, {"id": "03e293b3df9e35eadf15c56119679881", "number": "3152328257", "date": "2021-01-24 08:08:00", "subject": "11", "recorded-or-robo": "Y", "city": "Blue Ash", "state": "OH", "area-code": "314"}, {"id": "3decc6bfadaa436a105714c6bad17f4a", "number": "529621240670", "date": "2021-01-24 17:44:00", "subject": "0", "recorded-or-robo": "Y", "city": "", "state": "IL", "area-code": "773"}, {"id": "03e293b3df9e35eadf15c56119678a4d", "number": "529621240670", "date": "2021-01-24 17:44:00", "subject": "0", "recorded-or-robo": "Y", "city": "", "state": "IL", "area-code": "773"}, {"id": "3decc6bfadaa436a105714c6bad1716c", "number": "3143078291", "date": "2021-01-24 14:53:00", "subject": "2", "recorded-or-robo": "Y", "city": "Edwardsville", "state": "IL", "area-code": "314"}, {"id": "03e293b3df9e35eadf15c561196788d0", "number": "3143078291", "date": "2021-01-24 14:53:00", "subject": "2", "recorded-or-robo": "Y", "city": "Edwardsville", "state": "IL", "area-code": "314"}, {"id": "3decc6bfadaa436a105714c6bad16363", "number": "8189784897", "date": "2021-01-18 08:15:00", "subject": "2", "recorded-or-robo": "Y", "city": "Calabasas", "state": "CA", "area-code": "818"}, {"id": "03e293b3df9e35eadf15c56119677a0e", "number": "8189784897", "date": "2021-01-18 08:15:00", "subject": "2", "recorded-or-robo": "Y", "city": "Calabasas", "state": "CA", "area-code": "818"}, {"id": "3decc6bfadaa436a105714c6bad15e50", "number": "8174715289", "date": "2021-01-21 22:06:00", "subject": "3", "recorded-or-robo": "Y", "city": "", "state": "MO", "area-code": "417"}, {"id": "03e293b3df9e35eadf15c561196774e2", "number": "8174715289", "date": "2021-01-21 22:06:00", "subject": "3", "recorded-or-robo": "Y", "city": "", "state": "MO", "area-code": "417"}, {"id": "3decc6bfadaa436a105714c6bad15349", "number": "4352504272", "date": "2021-01-09 15:15:00", "subject": "0", "recorded-or-robo": "N", "city": "Trinity", "state": "FL", "area-code": "727"}, {"id": "03e293b3df9e35eadf15c561196774ad", "number": "4352504272", "date": "2021-01-09 15:15:00", "subject": "0", "recorded-or-robo": "N", "city": "Trinity", "state": "FL", "area-code": "727"}, {"id": "3decc6bfadaa436a105714c6bad14657", "number": "8186398555", "date": "2021-01-15 13:44:00", "subject": "2", "recorded-or-robo": "Y", "city": "Calabasas", "state": "CA", "area-code": "818"}, {"id": "03e293b3df9e35eadf15c56119676a4a", "number": "8186398555", "date": "2021-01-15 13:44:00", "subject": "2", "recorded-or-robo": "Y", "city": "Calabasas", "state": "CA", "area-code": "818"}, {"id": "3decc6bfadaa436a105714c6bad13c4e", "number": "8186292076", "date": "2021-01-23 17:22:00", "subject": "3", "recorded-or-robo": "", "city": "Wyoming", "state": "DE", "area-code": "302"}, {"id": "03e293b3df9e35eadf15c561196763db", "number": "8186292076", "date": "2021-01-23 17:22:00", "subject": "3", "recorded-or-robo": "", "city": "Wyoming", "state": "DE", "area-code": "302"}, {"id": "3decc6bfadaa436a105714c6bad132ec", "number": "3143074056", "date": "2021-01-24 15:12:00", "subject": "2", "recorded-or-robo": "Y", "city": "Edwardsville", "state": "IL", "area-code": "314"}, {"id": "03e293b3df9e35eadf15c5611967621e", "number": "3143074056", "date": "2021-01-24 15:12:00", "subject": "2", "recorded-or-robo": "Y", "city": "Edwardsville", "state": "IL", "area-code": "314"}, {"id": "3decc6bfadaa436a105714c6bad12a4b", "number": "8188627635", "date": "2021-01-14 10:45:00", "subject": "2", "recorded-or-robo": "Y", "city": "Calabasas", "state": "CA", "area-code": "818"}, {"id": "03e293b3df9e35eadf15c56119675c54", "number": "8188627635", "date": "2021-01-14 10:45:00", "subject": "2", "recorded-or-robo": "Y", "city": "Calabasas", "state": "CA", "area-code": "818"}, {"id": "3decc6bfadaa436a105714c6bad1218e", "number": "9167267361", "date": "2021-01-24 17:21:00", "subject": "1", "recorded-or-robo": "Y", "city": "citrus heights.", "state": "CA", "area-code": "916"}, {"id": "03e293b3df9e35eadf15c56119675c27", "number": "9167267361", "date": "2021-01-24 17:21:00", "subject": "1", "recorded-or-robo": "Y", "city": "citrus heights.", "state": "CA", "area-code": "916"}, {"id": "3decc6bfadaa436a105714c6bad112c3", "number": "6027550146", "date": "2021-01-22 13:32:00", "subject": "0", "recorded-or-robo": "Y", "city": "", "state": "AZ", "area-code": "602"}, {"id": "03e293b3df9e35eadf15c561196752c0", "number": "6027550146", "date": "2021-01-22 13:32:00", "subject": "0", "recorded-or-robo": "Y", "city": "", "state": "AZ", "area-code": "602"}, {"id": "3decc6bfadaa436a105714c6bad0cfc8", "number": "4172002692", "date": "2021-01-21 12:25:00", "subject": "3", "recorded-or-robo": "", "city": "", "state": "MO", "area-code": "417"}, {"id": "03e293b3df9e35eadf15c5611967240b", "number": "4172002692", "date": "2021-01-21 12:25:00", "subject": "3", "recorded-or-robo": "", "city": "", "state": "MO", "area-code": "417"}, {"id": "3decc6bfadaa436a105714c6bad107e2", "number": "8556788388", "date": "2021-01-24 20:19:00", "subject": "11", "recorded-or-robo": "Y", "city": "Gainesville", "state": "FL", "area-code": "352"}, {"id": "03e293b3df9e35eadf15c5611967470b", "number": "8556788388", "date": "2021-01-24 20:19:00", "subject": "11", "recorded-or-robo": "Y", "city": "Gainesville", "state": "FL", "area-code": "352"}, {"id": "3decc6bfadaa436a105714c6bad0fd99", "number": "9043056882", "date": "2021-01-03 00:00:00", "subject": "11", "recorded-or-robo": "Y", "city": "Lagos", "state": "VT", "area-code": "904"}, {"id": "3decc6bfadaa436a105714c6bad0f06d", "number": "9782343919", "date": "2021-01-22 12:41:00", "subject": "0", "recorded-or-robo": "Y", "city": "", "state": "AZ", "area-code": "602"}, {"id": "03e293b3df9e35eadf15c56119673e11", "number": "9043056882", "date": "2021-01-03 00:00:00", "subject": "11", "recorded-or-robo": "Y", "city": "Lagos", "state": "VT", "area-code": "904"}, {"id": "03e293b3df9e35eadf15c561196735e4", "number": "9782343919", "date": "2021-01-22 12:41:00", "subject": "0", "recorded-or-robo": "Y", "city": "", "state": "AZ", "area-code": "602"}, {"id": "3decc6bfadaa436a105714c6bad0e248", "number": "2487443391", "date": "2021-01-24 10:53:00", "subject": "2", "recorded-or-robo": "Y", "city": "Rochester Hills", "state": "MI", "area-code": "248"}, {"id": "3decc6bfadaa436a105714c6bad0d6b3", "number": "6613061849", "date": "2021-01-14 07:29:00", "subject": "2", "recorded-or-robo": "Y", "city": "Calabasas", "state": "CA", "area-code": "818"}, {"id": "03e293b3df9e35eadf15c56119673245", "number": "2487443391", "date": "2021-01-24 10:53:00", "subject": "2", "recorded-or-robo": "Y", "city": "Rochester Hills", "state": "MI", "area-code": "248"}, {"id": "03e293b3df9e35eadf15c561196725d6", "number": "6613061849", "date": "2021-01-14 07:29:00", "subject": "2", "recorded-or-robo": "Y", "city": "Calabasas", "state": "CA", "area-code": "818"}, {"id": "3decc6bfadaa436a105714c6bad0c9f7", "number": "5092339803", "date": "2021-01-24 16:10:00", "subject": "2", "recorded-or-robo": "Y", "city": "LOON LAKE", "state": "WA", "area-code": "509"}, {"id": "03e293b3df9e35eadf15c56119671513", "number": "5092339803", "date": "2021-01-24 16:10:00", "subject": "2", "recorded-or-robo": "Y", "city": "LOON LAKE", "state": "WA", "area-code": "509"}, {"id": "3decc6bfadaa436a105714c6bad0c792", "number": "9782343919", "date": "2021-01-22 11:37:00", "subject": "0", "recorded-or-robo": "Y", "city": "", "state": "AZ", "area-code": "602"}, {"id": "03e293b3df9e35eadf15c561196713f4", "number": "9782343919", "date": "2021-01-22 11:37:00", "subject": "0", "recorded-or-robo": "Y", "city": "", "state": "AZ", "area-code": "602"}, {"id": "3decc6bfadaa436a105714c6bad0bce2", "number": "3234869440", "date": "2021-01-13 10:31:00", "subject": "2", "recorded-or-robo": "Y", "city": "Calabasas", "state": "CA", "area-code": "818"}, {"id": "03e293b3df9e35eadf15c56119671095", "number": "3234869440", "date": "2021-01-13 10:31:00", "subject": "2", "recorded-or-robo": "Y", "city": "Calabasas", "state": "CA", "area-code": "818"}, {"id": "3decc6bfadaa436a105714c6bad0b8b1", "number": "6154863620", "date": "2021-01-12 00:00:00", "subject": "3", "recorded-or-robo": "Y", "city": "", "state": "CA", "area-code": "669"}]}