{"data": [{"id": "1d36742e3f24f50e4e7ae82801a79024", "number": "6154067732", "date": "2021-01-23 08:00:00", "subject": "11", "recorded-or-robo": "Y", "city": "Oro Valley", "state": "AZ", "area-code": "615"}, {"id": "3decc6bfadaa436a105714c6ba10881c", "number": "4433470898", "date": "2021-01-14 12:37:00", "subject": "0", "recorded-or-robo": "", "city": "", "state": "MD", "area-code": "443"}, {"id": "1d36742e3f24f50e4e7ae82801a78a28", "number": "4433470898", "date": "2021-01-14 12:37:00", "subject": "0", "recorded-or-robo": "", "city": "", "state": "MD", "area-code": "443"}, {"id": "3decc6bfadaa436a105714c6ba10798c", "number": "6154069793", "date": "2021-01-23 12:05:00", "subject": "1", "recorded-or-robo": "Y", "city": "Noel", "state": "NE", "area-code": "308"}, {"id": "1d36742e3f24f50e4e7ae82801a78529", "number": "6154069793", "date": "2021-01-23 12:05:00", "subject": "1", "recorded-or-robo": "Y", "city": "Noel", "state": "NE", "area-code": "308"}, {"id": "3decc6bfadaa436a105714c6ba562bdd", "number": "+15676010538", "date": "2021-01-23 13:51:47", "subject": "3", "recorded-or-robo": "N", "city": "", "state": "MD", "area-code": "301"}, {"id": "3decc6bfadaa436a105714c6ba10742a", "number": "5132505861", "date": "2021-01-23 20:36:00", "subject": "2", "recorded-or-robo": "Y", "city": "Butler", "state": "OH", "area-code": "419"}, {"id": "1d36742e3f24f50e4e7ae82801ec85d0", "number": "+15676010538", "date": "2021-01-23 13:51:47", "subject": "3", "recorded-or-robo": "N", "city": "", "state": "MD", "area-code": "301"}, {"id": "1d36742e3f24f50e4e7ae82801a77ec9", "number": "5132505861", "date": "2021-01-23 20:36:00", "subject": "2", "recorded-or-robo": "Y", "city": "Butler", "state": "OH", "area-code": "419"}, {"id": "3decc6bfadaa436a105714c6ba1067bc", "number": "7207410225", "date": "2021-01-22 08:09:00", "subject": "2", "recorded-or-robo": "N", "city": "", "state": "CO", "area-code": "720"}, {"id": "1d36742e3f24f50e4e7ae82801a77a90", "number": "7207410225", "date": "2021-01-22 08:09:00", "subject": "2", "recorded-or-robo": "N", "city": "", "state": "CO", "area-code": "720"}, {"id": "3decc6bfadaa436a105714c6ba562637", "number": "+15676010538", "date": "2021-01-23 13:51:27", "subject": "3", "recorded-or-robo": "N", "city": "", "state": "MD", "area-code": "301"}, {"id": "3decc6bfadaa436a105714c6ba105f78", "number": "8052094938", "date": "2020-09-28 10:27:00", "subject": "1", "recorded-or-robo": "Y", "city": "Waimanalo", "state": "HI", "area-code": "808"}, {"id": "1d36742e3f24f50e4e7ae82801ec6bbf", "number": "+15676010538", "date": "2021-01-23 13:51:27", "subject": "3", "recorded-or-robo": "N", "city": "", "state": "MD", "area-code": "301"}, {"id": "1d36742e3f24f50e4e7ae82801a76bc9", "number": "8052094938", "date": "2020-09-28 10:27:00", "subject": "1", "recorded-or-robo": "Y", "city": "Waimanalo", "state": "HI", "area-code": "808"}, {"id": "3decc6bfadaa436a105714c6ba105239", "number": "", "date": "2021-01-23 11:30:00", "subject": "1", "recorded-or-robo": "Y", "city": "Tijeras", "state": "NM", "area-code": "505"}, {"id": "1d36742e3f24f50e4e7ae82801a7638f", "number": "", "date": "2021-01-23 11:30:00", "subject": "1", "recorded-or-robo": "Y", "city": "Tijeras", "state": "NM", "area-code": "505"}, {"id": "3decc6bfadaa436a105714c6ba562bb5", "number": "+15676010538", "date": "2021-01-23 13:51:10", "subject": "3", "recorded-or-robo": "Y", "city": "", "state": "MD", "area-code": "301"}, {"id": "1d36742e3f24f50e4e7ae82801ec76be", "number": "+15676010538", "date": "2021-01-23 13:51:10", "subject": "3", "recorded-or-robo": "Y", "city": "", "state": "MD", "area-code": "301"}, {"id": "3decc6bfadaa436a105714c6ba10467f", "number": "2109251610", "date": "2021-01-23 00:45:00", "subject": "2", "recorded-or-robo": "N", "city": "San Antonio", "state": "TX", "area-code": "210"}, {"id": "3decc6bfadaa436a105714c6ba1043bf", "number": "5076453334", "date": "2021-01-20 14:06:00", "subject": "2", "recorded-or-robo": "Y", "city": "Rochester", "state": "MN", "area-code": "507"}, {"id": "1d36742e3f24f50e4e7ae82801a75a7d", "number": "2109251610", "date": "2021-01-23 00:45:00", "subject": "2", "recorded-or-robo": "N", "city": "San Antonio", "state": "TX", "area-code": "210"}, {"id": "1d36742e3f24f50e4e7ae82801a75662", "number": "5076453334", "date": "2021-01-20 14:06:00", "subject": "2", "recorded-or-robo": "Y", "city": "Rochester", "state": "MN", "area-code": "507"}, {"id": "3decc6bfadaa436a105714c6ba103bf3", "number": "6154064448", "date": "2021-01-23 12:20:00", "subject": "1", "recorded-or-robo": "Y", "city": "Noel", "state": "NE", "area-code": "308"}, {"id": "1d36742e3f24f50e4e7ae82801a74c24", "number": "6154064448", "date": "2021-01-23 12:20:00", "subject": "1", "recorded-or-robo": "Y", "city": "Noel", "state": "NE", "area-code": "308"}, {"id": "3decc6bfadaa436a105714c6ba1039a4", "number": "7344596808", "date": "2021-01-22 17:26:00", "subject": "4", "recorded-or-robo": "Y", "city": "Arroyo Grande", "state": "CA", "area-code": "805"}, {"id": "1d36742e3f24f50e4e7ae82801a741b2", "number": "7344596808", "date": "2021-01-22 17:26:00", "subject": "4", "recorded-or-robo": "Y", "city": "Arroyo Grande", "state": "CA", "area-code": "805"}, {"id": "3decc6bfadaa436a105714c6ba103838", "number": "4432679927", "date": "2021-01-07 13:19:00", "subject": "0", "recorded-or-robo": "", "city": "", "state": "MD", "area-code": "443"}, {"id": "1d36742e3f24f50e4e7ae82801a73b46", "number": "4432679927", "date": "2021-01-07 13:19:00", "subject": "0", "recorded-or-robo": "", "city": "", "state": "MD", "area-code": "443"}, {"id": "3decc6bfadaa436a105714c6ba102da0", "number": "3526935707", "date": "2021-01-23 12:54:00", "subject": "0", "recorded-or-robo": "Y", "city": "Loxahatchee", "state": "FL", "area-code": "561"}, {"id": "1d36742e3f24f50e4e7ae82801a73b29", "number": "3526935707", "date": "2021-01-23 12:54:00", "subject": "0", "recorded-or-robo": "Y", "city": "Loxahatchee", "state": "FL", "area-code": "561"}, {"id": "3decc6bfadaa436a105714c6ba102bd1", "number": "9379161107", "date": "2021-01-23 01:30:00", "subject": "2", "recorded-or-robo": "Y", "city": "Dayton", "state": "OH", "area-code": "937"}, {"id": "3decc6bfadaa436a105714c6ba102617", "number": "8433597999", "date": "2021-01-23 13:46:00", "subject": "1", "recorded-or-robo": "Y", "city": "", "state": "SC", "area-code": "843"}, {"id": "1d36742e3f24f50e4e7ae82801a73776", "number": "9379161107", "date": "2021-01-23 01:30:00", "subject": "2", "recorded-or-robo": "Y", "city": "Dayton", "state": "OH", "area-code": "937"}, {"id": "1d36742e3f24f50e4e7ae82801a72e2c", "number": "8433597999", "date": "2021-01-23 13:46:00", "subject": "1", "recorded-or-robo": "Y", "city": "", "state": "SC", "area-code": "843"}, {"id": "3decc6bfadaa436a105714c6ba102136", "number": "3045078231", "date": "2021-01-23 12:48:00", "subject": "2", "recorded-or-robo": "Y", "city": "Bowie", "state": "TX", "area-code": "940"}, {"id": "1d36742e3f24f50e4e7ae82801a72182", "number": "3045078231", "date": "2021-01-23 12:48:00", "subject": "2", "recorded-or-robo": "Y", "city": "Bowie", "state": "TX", "area-code": "940"}, {"id": "3decc6bfadaa436a105714c6ba101b3d", "number": "3108783212", "date": "2021-01-23 01:40:00", "subject": "1", "recorded-or-robo": "Y", "city": "Nashville", "state": "MI", "area-code": "616"}, {"id": "1d36742e3f24f50e4e7ae82801a719fd", "number": "3108783212", "date": "2021-01-23 01:40:00", "subject": "1", "recorded-or-robo": "Y", "city": "Nashville", "state": "MI", "area-code": "616"}, {"id": "3decc6bfadaa436a105714c6ba100b79", "number": "5194323577", "date": "2021-01-23 13:48:00", "subject": "5", "recorded-or-robo": "Y", "city": "Berlin", "state": "NJ", "area-code": "702"}, {"id": "1d36742e3f24f50e4e7ae82801a713b2", "number": "5194323577", "date": "2021-01-23 13:48:00", "subject": "5", "recorded-or-robo": "Y", "city": "Berlin", "state": "NJ", "area-code": "702"}, {"id": "3decc6bfadaa436a105714c6ba0ffdd2", "number": "6154060076", "date": "2021-01-23 12:41:00", "subject": "1", "recorded-or-robo": "Y", "city": "Noel", "state": "NE", "area-code": "308"}, {"id": "1d36742e3f24f50e4e7ae82801a7089a", "number": "6154060076", "date": "2021-01-23 12:41:00", "subject": "1", "recorded-or-robo": "Y", "city": "Noel", "state": "NE", "area-code": "308"}, {"id": "3decc6bfadaa436a105714c6ba0ff778", "number": "4432679927", "date": "2021-01-07 14:42:00", "subject": "0", "recorded-or-robo": "", "city": "", "state": "MD", "area-code": "443"}, {"id": "1d36742e3f24f50e4e7ae82801a6facf", "number": "4432679927", "date": "2021-01-07 14:42:00", "subject": "0", "recorded-or-robo": "", "city": "", "state": "MD", "area-code": "443"}, {"id": "3decc6bfadaa436a105714c6ba0ff104", "number": "2015047280", "date": "2021-01-23 00:00:00", "subject": "2", "recorded-or-robo": "N", "city": "tylrt", "state": "TX", "area-code": "903"}, {"id": "1d36742e3f24f50e4e7ae82801a6f4d6", "number": "2015047280", "date": "2021-01-23 00:00:00", "subject": "2", "recorded-or-robo": "N", "city": "tylrt", "state": "TX", "area-code": "903"}, {"id": "3decc6bfadaa436a105714c6ba0fefbb", "number": "7073534745", "date": "2021-01-22 11:32:00", "subject": "2", "recorded-or-robo": "Y", "city": "Vacaville", "state": "CA", "area-code": "707"}, {"id": "1d36742e3f24f50e4e7ae82801a6f055", "number": "7073534745", "date": "2021-01-22 11:32:00", "subject": "2", "recorded-or-robo": "Y", "city": "Vacaville", "state": "CA", "area-code": "707"}, {"id": "3decc6bfadaa436a105714c6ba0f5080", "number": "4144452934", "date": "2021-01-22 00:00:00", "subject": "3", "recorded-or-robo": "N", "city": "", "state": "WI", "area-code": "414"}]}