{"data": [{"id": "1d36742e3f24f50e4e7ae82801b831a4", "number": "4232051587", "date": "2021-01-23 09:54:00", "subject": "1", "recorded-or-robo": "Y", "city": "Crossville", "state": "TN", "area-code": "931"}, {"id": "3decc6bfadaa436a105714c6ba20cd2e", "number": "4253997990", "date": "2021-01-22 12:00:00", "subject": "1", "recorded-or-robo": "N", "city": "Lakewood", "state": "NJ", "area-code": "661"}, {"id": "1d36742e3f24f50e4e7ae82801b82508", "number": "4253997990", "date": "2021-01-22 12:00:00", "subject": "1", "recorded-or-robo": "N", "city": "Lakewood", "state": "NJ", "area-code": "661"}, {"id": "3decc6bfadaa436a105714c6ba20b68c", "number": "", "date": "2021-01-20 13:07:00", "subject": "4", "recorded-or-robo": "Y", "city": "Fort Thomas", "state": "OH", "area-code": "513"}, {"id": "1d36742e3f24f50e4e7ae82801b810b6", "number": "", "date": "2021-01-20 13:07:00", "subject": "4", "recorded-or-robo": "Y", "city": "Fort Thomas", "state": "OH", "area-code": "513"}, {"id": "3decc6bfadaa436a105714c6ba20b1d9", "number": "3054515194", "date": "2021-01-23 14:50:00", "subject": "2", "recorded-or-robo": "Y", "city": "Miami Gardens", "state": "FL", "area-code": "305"}, {"id": "1d36742e3f24f50e4e7ae82801b81069", "number": "3054515194", "date": "2021-01-23 14:50:00", "subject": "2", "recorded-or-robo": "Y", "city": "Miami Gardens", "state": "FL", "area-code": "305"}, {"id": "3decc6bfadaa436a105714c6ba20a8b9", "number": "4079022881", "date": "2021-01-23 12:01:00", "subject": "2", "recorded-or-robo": "Y", "city": "Channing", "state": "TX", "area-code": "806"}, {"id": "1d36742e3f24f50e4e7ae82801b80958", "number": "4079022881", "date": "2021-01-23 12:01:00", "subject": "2", "recorded-or-robo": "Y", "city": "Channing", "state": "TX", "area-code": "806"}, {"id": "3decc6bfadaa436a105714c6ba209924", "number": "3174497514", "date": "2021-01-20 11:50:00", "subject": "2", "recorded-or-robo": "Y", "city": "", "state": "IN", "area-code": "317"}, {"id": "1d36742e3f24f50e4e7ae82801b7f9a0", "number": "3174497514", "date": "2021-01-20 11:50:00", "subject": "2", "recorded-or-robo": "Y", "city": "", "state": "IN", "area-code": "317"}, {"id": "3decc6bfadaa436a105714c6ba208ab8", "number": "5138580759", "date": "2021-01-05 10:41:00", "subject": "1", "recorded-or-robo": "Y", "city": "harrisburg", "state": "PA", "area-code": "717"}, {"id": "1d36742e3f24f50e4e7ae82801b7e9b4", "number": "5138580759", "date": "2021-01-05 10:41:00", "subject": "1", "recorded-or-robo": "Y", "city": "harrisburg", "state": "PA", "area-code": "717"}, {"id": "3decc6bfadaa436a105714c6ba207f44", "number": "3215443654", "date": "2021-01-23 02:34:00", "subject": "1", "recorded-or-robo": "Y", "city": "Palm Bay", "state": "FL", "area-code": "321"}, {"id": "1d36742e3f24f50e4e7ae82801b7e054", "number": "3215443654", "date": "2021-01-23 02:34:00", "subject": "1", "recorded-or-robo": "Y", "city": "Palm Bay", "state": "FL", "area-code": "321"}, {"id": "3decc6bfadaa436a105714c6ba202f7a", "number": "9167896449", "date": "2020-01-23 11:37:00", "subject": "3", "recorded-or-robo": "N", "city": "", "state": "ID", "area-code": "208"}, {"id": "1d36742e3f24f50e4e7ae82801b792dc", "number": "9167896449", "date": "2020-01-23 11:37:00", "subject": "3", "recorded-or-robo": "N", "city": "", "state": "ID", "area-code": "208"}, {"id": "3decc6bfadaa436a105714c6ba207ae5", "number": "3234160775", "date": "2021-01-22 11:09:00", "subject": "0", "recorded-or-robo": "Y", "city": "", "state": "CA", "area-code": "323"}, {"id": "1d36742e3f24f50e4e7ae82801b7da0f", "number": "3234160775", "date": "2021-01-22 11:09:00", "subject": "0", "recorded-or-robo": "Y", "city": "", "state": "CA", "area-code": "323"}, {"id": "3decc6bfadaa436a105714c6ba207093", "number": "4079822624", "date": "2021-01-23 14:40:00", "subject": "1", "recorded-or-robo": "N", "city": "Hendersonville", "state": "NC", "area-code": "919"}, {"id": "3decc6bfadaa436a105714c6ba2067ba", "number": "1314989509", "date": "2021-01-23 01:42:00", "subject": "2", "recorded-or-robo": "Y", "city": "", "state": "MO", "area-code": "314"}, {"id": "1d36742e3f24f50e4e7ae82801b7d223", "number": "4079822624", "date": "2021-01-23 14:40:00", "subject": "1", "recorded-or-robo": "N", "city": "Hendersonville", "state": "NC", "area-code": "919"}, {"id": "1d36742e3f24f50e4e7ae82801b7c74e", "number": "1314989509", "date": "2021-01-23 01:42:00", "subject": "2", "recorded-or-robo": "Y", "city": "", "state": "MO", "area-code": "314"}, {"id": "3decc6bfadaa436a105714c6ba206742", "number": "5133586288", "date": "2021-01-20 17:56:00", "subject": "4", "recorded-or-robo": "Y", "city": "Fort Thomas", "state": "OH", "area-code": "513"}, {"id": "1d36742e3f24f50e4e7ae82801b7c2d1", "number": "5133586288", "date": "2021-01-20 17:56:00", "subject": "4", "recorded-or-robo": "Y", "city": "Fort Thomas", "state": "OH", "area-code": "513"}, {"id": "3decc6bfadaa436a105714c6ba20645d", "number": "", "date": "2021-01-23 12:17:00", "subject": "2", "recorded-or-robo": "Y", "city": "Hudson", "state": "FL", "area-code": "727"}, {"id": "1d36742e3f24f50e4e7ae82801b7b6b0", "number": "", "date": "2021-01-23 12:17:00", "subject": "2", "recorded-or-robo": "Y", "city": "Hudson", "state": "FL", "area-code": "727"}, {"id": "3decc6bfadaa436a105714c6ba20547b", "number": "6077256016", "date": "2021-01-23 13:15:00", "subject": "3", "recorded-or-robo": "Y", "city": "binghamton", "state": "NY", "area-code": "607"}, {"id": "1d36742e3f24f50e4e7ae82801b7af59", "number": "6077256016", "date": "2021-01-23 13:15:00", "subject": "3", "recorded-or-robo": "Y", "city": "binghamton", "state": "NY", "area-code": "607"}, {"id": "3decc6bfadaa436a105714c6ba2045f4", "number": "7182443852", "date": "2021-01-22 13:00:00", "subject": "1", "recorded-or-robo": "Y", "city": "Melbourne", "state": "CA", "area-code": "626"}, {"id": "1d36742e3f24f50e4e7ae82801b7a2bd", "number": "7182443852", "date": "2021-01-22 13:00:00", "subject": "1", "recorded-or-robo": "Y", "city": "Melbourne", "state": "CA", "area-code": "626"}, {"id": "3decc6bfadaa436a105714c6ba2036a1", "number": "3174497514", "date": "2021-01-19 10:30:00", "subject": "2", "recorded-or-robo": "Y", "city": "", "state": "IN", "area-code": "317"}, {"id": "1d36742e3f24f50e4e7ae82801b798f2", "number": "3174497514", "date": "2021-01-19 10:30:00", "subject": "2", "recorded-or-robo": "Y", "city": "", "state": "IN", "area-code": "317"}, {"id": "3decc6bfadaa436a105714c6ba202e3a", "number": "2069296600", "date": "2021-01-23 14:32:00", "subject": "1", "recorded-or-robo": "N", "city": "Edison", "state": "NJ", "area-code": "201"}, {"id": "1d36742e3f24f50e4e7ae82801b7843b", "number": "2069296600", "date": "2021-01-23 14:32:00", "subject": "1", "recorded-or-robo": "N", "city": "Edison", "state": "NJ", "area-code": "201"}, {"id": "3decc6bfadaa436a105714c6ba201ff2", "number": "7032667611", "date": "2021-01-23 06:11:00", "subject": "1", "recorded-or-robo": "Y", "city": "Clifton", "state": "VA", "area-code": "703"}, {"id": "3decc6bfadaa436a105714c6ba201d79", "number": "8768665313", "date": "2021-01-22 11:00:00", "subject": "13", "recorded-or-robo": "N", "city": "Newport", "state": "TN", "area-code": "423"}, {"id": "3decc6bfadaa436a105714c6ba2014bd", "number": "9016176374", "date": "2021-01-22 10:30:00", "subject": "1", "recorded-or-robo": "Y", "city": "Old Saybrook", "state": "CT", "area-code": "860"}, {"id": "1d36742e3f24f50e4e7ae82801b77afc", "number": "7032667611", "date": "2021-01-23 06:11:00", "subject": "1", "recorded-or-robo": "Y", "city": "Clifton", "state": "VA", "area-code": "703"}, {"id": "1d36742e3f24f50e4e7ae82801b7753a", "number": "8768665313", "date": "2021-01-22 11:00:00", "subject": "13", "recorded-or-robo": "N", "city": "Newport", "state": "TN", "area-code": "423"}, {"id": "1d36742e3f24f50e4e7ae82801b76ceb", "number": "9016176374", "date": "2021-01-22 10:30:00", "subject": "1", "recorded-or-robo": "Y", "city": "Old Saybrook", "state": "CT", "area-code": "860"}, {"id": "3decc6bfadaa436a105714c6ba200f4e", "number": "9194241121", "date": "2021-01-21 10:45:00", "subject": "1", "recorded-or-robo": "Y", "city": "NYC", "state": "NY", "area-code": "212"}, {"id": "1d36742e3f24f50e4e7ae82801b7692f", "number": "9194241121", "date": "2021-01-21 10:45:00", "subject": "1", "recorded-or-robo": "Y", "city": "NYC", "state": "NY", "area-code": "212"}, {"id": "3decc6bfadaa436a105714c6ba200974", "number": "2530617019", "date": "2021-01-23 13:13:00", "subject": "3", "recorded-or-robo": "Y", "city": "", "state": "TX", "area-code": "281"}, {"id": "1d36742e3f24f50e4e7ae82801b76027", "number": "2530617019", "date": "2021-01-23 13:13:00", "subject": "3", "recorded-or-robo": "Y", "city": "", "state": "TX", "area-code": "281"}, {"id": "3decc6bfadaa436a105714c6ba74fee1", "number": "3612212128", "date": "2021-01-23 14:51:01", "subject": "3", "recorded-or-robo": "Y", "city": "", "state": "TX", "area-code": "361"}, {"id": "03e293b3df9e35eadf15c561190b666d", "number": "3612212128", "date": "2021-01-23 14:51:01", "subject": "3", "recorded-or-robo": "Y", "city": "", "state": "TX", "area-code": "361"}, {"id": "3decc6bfadaa436a105714c6ba200850", "number": "2542138347", "date": "2021-01-23 13:01:00", "subject": "6", "recorded-or-robo": "Y", "city": "KILLEEN", "state": "TX", "area-code": "254"}, {"id": "1d36742e3f24f50e4e7ae82801b75b26", "number": "2542138347", "date": "2021-01-23 13:01:00", "subject": "6", "recorded-or-robo": "Y", "city": "KILLEEN", "state": "TX", "area-code": "254"}, {"id": "3decc6bfadaa436a105714c6ba200729", "number": "6077253619", "date": "2021-01-23 13:11:00", "subject": "3", "recorded-or-robo": "Y", "city": "binghamton", "state": "NY", "area-code": "607"}]}