{"data": [{"id": "1d36742e3f24f50e4e7ae82801c3db5f", "number": "37064517811", "date": "2021-01-23 14:33:00", "subject": "2", "recorded-or-robo": "Y", "city": "Janesville", "state": "WI", "area-code": "608"}, {"id": "3decc6bfadaa436a105714c6ba2c9ad4", "number": "4024475813", "date": "2021-01-09 11:59:00", "subject": "3", "recorded-or-robo": "", "city": "dewitt", "state": "NY", "area-code": "315"}, {"id": "1d36742e3f24f50e4e7ae82801c3cbba", "number": "4024475813", "date": "2021-01-09 11:59:00", "subject": "3", "recorded-or-robo": "", "city": "dewitt", "state": "NY", "area-code": "315"}, {"id": "3decc6bfadaa436a105714c6ba2c914d", "number": "7278024471", "date": "2021-01-08 15:21:00", "subject": "2", "recorded-or-robo": "N", "city": "", "state": "FL", "area-code": "727"}, {"id": "1d36742e3f24f50e4e7ae82801c3c903", "number": "7278024471", "date": "2021-01-08 15:21:00", "subject": "2", "recorded-or-robo": "N", "city": "", "state": "FL", "area-code": "727"}, {"id": "3decc6bfadaa436a105714c6ba2c8965", "number": "9142964702", "date": "2021-01-12 00:00:00", "subject": "4", "recorded-or-robo": "Y", "city": "Wappingers Falls", "state": "NY", "area-code": "914"}, {"id": "1d36742e3f24f50e4e7ae82801c3c1bb", "number": "9142964702", "date": "2021-01-12 00:00:00", "subject": "4", "recorded-or-robo": "Y", "city": "Wappingers Falls", "state": "NY", "area-code": "914"}, {"id": "3decc6bfadaa436a105714c6ba2c80bd", "number": "9165716016", "date": "2021-01-12 17:39:00", "subject": "0", "recorded-or-robo": "Y", "city": "", "state": "CA", "area-code": "657"}, {"id": "1d36742e3f24f50e4e7ae82801c3b597", "number": "9165716016", "date": "2021-01-12 17:39:00", "subject": "0", "recorded-or-robo": "Y", "city": "", "state": "CA", "area-code": "657"}, {"id": "3decc6bfadaa436a105714c6ba2c75fa", "number": "", "date": "2021-01-21 13:30:00", "subject": "1", "recorded-or-robo": "Y", "city": "Everett", "state": "WA", "area-code": "425"}, {"id": "1d36742e3f24f50e4e7ae82801c3b3f2", "number": "", "date": "2021-01-21 13:30:00", "subject": "1", "recorded-or-robo": "Y", "city": "Everett", "state": "WA", "area-code": "425"}, {"id": "3decc6bfadaa436a105714c6ba2c6a39", "number": "5867373265", "date": "2021-01-23 15:35:00", "subject": "0", "recorded-or-robo": "N", "city": "", "state": "MI", "area-code": "586"}, {"id": "1d36742e3f24f50e4e7ae82801c3a4a6", "number": "5867373265", "date": "2021-01-23 15:35:00", "subject": "0", "recorded-or-robo": "N", "city": "", "state": "MI", "area-code": "586"}, {"id": "3decc6bfadaa436a105714c6ba2c5ded", "number": "8557912471", "date": "2021-01-23 15:27:00", "subject": "2", "recorded-or-robo": "Y", "city": "Monroe", "state": "OH", "area-code": "513"}, {"id": "1d36742e3f24f50e4e7ae82801c39cef", "number": "8557912471", "date": "2021-01-23 15:27:00", "subject": "2", "recorded-or-robo": "Y", "city": "Monroe", "state": "OH", "area-code": "513"}, {"id": "3decc6bfadaa436a105714c6ba2c5971", "number": "8102044469", "date": "2021-01-19 14:55:00", "subject": "1", "recorded-or-robo": "Y", "city": "Virginia Bch", "state": "VA", "area-code": "757"}, {"id": "1d36742e3f24f50e4e7ae82801c39c9e", "number": "8102044469", "date": "2021-01-19 14:55:00", "subject": "1", "recorded-or-robo": "Y", "city": "Virginia Bch", "state": "VA", "area-code": "757"}, {"id": "3decc6bfadaa436a105714c6ba2c50e3", "number": "", "date": "2021-01-23 15:32:00", "subject": "11", "recorded-or-robo": "Y", "city": "Binghamton", "state": "NY", "area-code": "607"}, {"id": "3decc6bfadaa436a105714c6ba2c4101", "number": "7278365775", "date": "2021-01-14 13:38:00", "subject": "2", "recorded-or-robo": "N", "city": "", "state": "FL", "area-code": "727"}, {"id": "1d36742e3f24f50e4e7ae82801c39913", "number": "", "date": "2021-01-23 15:32:00", "subject": "11", "recorded-or-robo": "Y", "city": "Binghamton", "state": "NY", "area-code": "607"}, {"id": "1d36742e3f24f50e4e7ae82801c39510", "number": "7278365775", "date": "2021-01-14 13:38:00", "subject": "2", "recorded-or-robo": "N", "city": "", "state": "FL", "area-code": "727"}, {"id": "3decc6bfadaa436a105714c6ba2c3ccc", "number": "3152842339", "date": "2021-01-08 13:32:00", "subject": "3", "recorded-or-robo": "", "city": "dewitt", "state": "NY", "area-code": "315"}, {"id": "1d36742e3f24f50e4e7ae82801c38fc0", "number": "3152842339", "date": "2021-01-08 13:32:00", "subject": "3", "recorded-or-robo": "", "city": "dewitt", "state": "NY", "area-code": "315"}, {"id": "3decc6bfadaa436a105714c6ba76ebee", "number": "+17036935008", "date": "2021-01-23 15:46:33", "subject": "3", "recorded-or-robo": "N", "city": "", "state": "VA", "area-code": "703"}, {"id": "03e293b3df9e35eadf15c561190d5683", "number": "+17036935008", "date": "2021-01-23 15:46:33", "subject": "3", "recorded-or-robo": "N", "city": "", "state": "VA", "area-code": "703"}, {"id": "3decc6bfadaa436a105714c6ba2c390a", "number": "7066036019", "date": "2021-01-20 12:02:00", "subject": "4", "recorded-or-robo": "Y", "city": "Evans", "state": "GA", "area-code": "706"}, {"id": "1d36742e3f24f50e4e7ae82801c384fc", "number": "7066036019", "date": "2021-01-20 12:02:00", "subject": "4", "recorded-or-robo": "Y", "city": "Evans", "state": "GA", "area-code": "706"}, {"id": "3decc6bfadaa436a105714c6ba772431", "number": "+17813077125", "date": "2021-01-23 15:46:19", "subject": "3", "recorded-or-robo": "Y", "city": "", "state": "MA", "area-code": "781"}, {"id": "03e293b3df9e35eadf15c561190d8d7d", "number": "+17813077125", "date": "2021-01-23 15:46:19", "subject": "3", "recorded-or-robo": "Y", "city": "", "state": "MA", "area-code": "781"}, {"id": "3decc6bfadaa436a105714c6ba2c37bb", "number": "9148324262", "date": "2021-01-19 13:43:00", "subject": "4", "recorded-or-robo": "Y", "city": "Wappingers Falls", "state": "NY", "area-code": "914"}, {"id": "1d36742e3f24f50e4e7ae82801c38339", "number": "9148324262", "date": "2021-01-19 13:43:00", "subject": "4", "recorded-or-robo": "Y", "city": "Wappingers Falls", "state": "NY", "area-code": "914"}, {"id": "3decc6bfadaa436a105714c6ba2c37ab", "number": "3022625395", "date": "2021-01-20 12:13:00", "subject": "0", "recorded-or-robo": "", "city": "new castle", "state": "DE", "area-code": "302"}, {"id": "1d36742e3f24f50e4e7ae82801c379bf", "number": "3022625395", "date": "2021-01-20 12:13:00", "subject": "0", "recorded-or-robo": "", "city": "new castle", "state": "DE", "area-code": "302"}, {"id": "3decc6bfadaa436a105714c6ba2c2d9a", "number": "3854422175", "date": "2021-01-16 18:56:00", "subject": "2", "recorded-or-robo": "N", "city": "", "state": "FL", "area-code": "727"}, {"id": "1d36742e3f24f50e4e7ae82801c370f5", "number": "3854422175", "date": "2021-01-16 18:56:00", "subject": "2", "recorded-or-robo": "N", "city": "", "state": "FL", "area-code": "727"}, {"id": "3decc6bfadaa436a105714c6ba2c2636", "number": "37065003990", "date": "2021-01-23 14:42:00", "subject": "4", "recorded-or-robo": "Y", "city": "Janesville", "state": "WI", "area-code": "608"}, {"id": "1d36742e3f24f50e4e7ae82801c36e6e", "number": "37065003990", "date": "2021-01-23 14:42:00", "subject": "4", "recorded-or-robo": "Y", "city": "Janesville", "state": "WI", "area-code": "608"}, {"id": "3decc6bfadaa436a105714c6ba2c244b", "number": "7608180743", "date": "2021-01-11 18:07:00", "subject": "0", "recorded-or-robo": "Y", "city": "", "state": "CA", "area-code": "657"}, {"id": "1d36742e3f24f50e4e7ae82801c36638", "number": "7608180743", "date": "2021-01-11 18:07:00", "subject": "0", "recorded-or-robo": "Y", "city": "", "state": "CA", "area-code": "657"}, {"id": "3decc6bfadaa436a105714c6ba2c192b", "number": "4232051104", "date": "2021-01-19 14:44:00", "subject": "2", "recorded-or-robo": "Y", "city": "Waterloo", "state": "IA", "area-code": "319"}, {"id": "1d36742e3f24f50e4e7ae82801c36525", "number": "4232051104", "date": "2021-01-19 14:44:00", "subject": "2", "recorded-or-robo": "Y", "city": "Waterloo", "state": "IA", "area-code": "319"}, {"id": "3decc6bfadaa436a105714c6ba2c15e5", "number": "3148492259", "date": "2021-01-23 14:25:00", "subject": "2", "recorded-or-robo": "N", "city": "", "state": "MO", "area-code": "314"}, {"id": "1d36742e3f24f50e4e7ae82801c35fe4", "number": "3148492259", "date": "2021-01-23 14:25:00", "subject": "2", "recorded-or-robo": "N", "city": "", "state": "MO", "area-code": "314"}, {"id": "3decc6bfadaa436a105714c6ba2c13d3", "number": "5036763685", "date": "2021-01-23 10:26:00", "subject": "2", "recorded-or-robo": "N", "city": "", "state": "OR", "area-code": "503"}, {"id": "1d36742e3f24f50e4e7ae82801c35f77", "number": "5036763685", "date": "2021-01-23 10:26:00", "subject": "2", "recorded-or-robo": "N", "city": "", "state": "OR", "area-code": "503"}, {"id": "3decc6bfadaa436a105714c6ba770cd7", "number": "+17083673565", "date": "2021-01-23 15:45:27", "subject": "3", "recorded-or-robo": "Y", "city": "", "state": "IL", "area-code": "708"}, {"id": "3decc6bfadaa436a105714c6ba2c0ba1", "number": "3155097561", "date": "2021-01-08 12:32:00", "subject": "3", "recorded-or-robo": "", "city": "dewitt", "state": "NY", "area-code": "315"}, {"id": "1d36742e3f24f50e4e7ae82801c35d8f", "number": "3155097561", "date": "2021-01-08 12:32:00", "subject": "3", "recorded-or-robo": "", "city": "dewitt", "state": "NY", "area-code": "315"}, {"id": "03e293b3df9e35eadf15c561190d8014", "number": "+17083673565", "date": "2021-01-23 15:45:27", "subject": "3", "recorded-or-robo": "Y", "city": "", "state": "IL", "area-code": "708"}, {"id": "3decc6bfadaa436a105714c6ba770017", "number": "+17133320013", "date": "2021-01-23 15:45:25", "subject": "3", "recorded-or-robo": "N", "city": "", "state": "TX", "area-code": "832"}]}