{"data": [{"id": "1d36742e3f24f50e4e7ae82801a84af2", "number": "7153264968", "date": "2021-01-22 13:01:00", "subject": "2", "recorded-or-robo": "Y", "city": "Rochester", "state": "MN", "area-code": "507"}, {"id": "1d36742e3f24f50e4e7ae82801a8430d", "number": "5418464157", "date": "2021-01-23 09:57:00", "subject": "2", "recorded-or-robo": "Y", "city": "Vacaville", "state": "CA", "area-code": "707"}, {"id": "1d36742e3f24f50e4e7ae82801a840f8", "number": "2811712399", "date": "2021-01-23 12:49:00", "subject": "2", "recorded-or-robo": "N", "city": "Houston", "state": "TX", "area-code": "281"}, {"id": "3decc6bfadaa436a105714c6ba114cfb", "number": "6232253816", "date": "2021-01-13 00:00:00", "subject": "0", "recorded-or-robo": "Y", "city": "", "state": "MT", "area-code": "406"}, {"id": "1d36742e3f24f50e4e7ae82801a83296", "number": "6232253816", "date": "2021-01-13 00:00:00", "subject": "0", "recorded-or-robo": "Y", "city": "", "state": "MT", "area-code": "406"}, {"id": "3decc6bfadaa436a105714c6ba114081", "number": "8449791290", "date": "2021-01-23 12:00:00", "subject": "1", "recorded-or-robo": "Y", "city": "Los Angeles", "state": "CA", "area-code": "424"}, {"id": "1d36742e3f24f50e4e7ae82801a83173", "number": "8449791290", "date": "2021-01-23 12:00:00", "subject": "1", "recorded-or-robo": "Y", "city": "Los Angeles", "state": "CA", "area-code": "424"}, {"id": "3decc6bfadaa436a105714c6ba10f294", "number": "9549510131", "date": "2021-01-23 13:29:00", "subject": "3", "recorded-or-robo": "N", "city": "", "state": "FL", "area-code": "561"}, {"id": "1d36742e3f24f50e4e7ae82801a7c64e", "number": "9549510131", "date": "2021-01-23 13:29:00", "subject": "3", "recorded-or-robo": "N", "city": "", "state": "FL", "area-code": "561"}, {"id": "3decc6bfadaa436a105714c6ba1137ed", "number": "5127274517", "date": "2021-01-23 13:50:00", "subject": "1", "recorded-or-robo": "N", "city": "", "state": "TX", "area-code": "512"}, {"id": "1d36742e3f24f50e4e7ae82801a83021", "number": "5127274517", "date": "2021-01-23 13:50:00", "subject": "1", "recorded-or-robo": "N", "city": "", "state": "TX", "area-code": "512"}, {"id": "3decc6bfadaa436a105714c6ba113065", "number": "6154060809", "date": "2021-01-23 10:45:00", "subject": "11", "recorded-or-robo": "Y", "city": "", "state": "CA", "area-code": "402"}, {"id": "1d36742e3f24f50e4e7ae82801a82a24", "number": "6154060809", "date": "2021-01-23 10:45:00", "subject": "11", "recorded-or-robo": "Y", "city": "", "state": "CA", "area-code": "402"}, {"id": "3decc6bfadaa436a105714c6ba111571", "number": "5716852727", "date": "2021-01-23 10:11:00", "subject": "3", "recorded-or-robo": "", "city": "", "state": "IL", "area-code": "630"}, {"id": "1d36742e3f24f50e4e7ae82801a7f223", "number": "5716852727", "date": "2021-01-23 10:11:00", "subject": "3", "recorded-or-robo": "", "city": "", "state": "IL", "area-code": "630"}, {"id": "3decc6bfadaa436a105714c6ba112f0d", "number": "9798859986", "date": "2021-01-23 12:42:00", "subject": "1", "recorded-or-robo": "N", "city": "Sealy", "state": "TX", "area-code": "979"}, {"id": "1d36742e3f24f50e4e7ae82801a8227a", "number": "9798859986", "date": "2021-01-23 12:42:00", "subject": "1", "recorded-or-robo": "N", "city": "Sealy", "state": "TX", "area-code": "979"}, {"id": "3decc6bfadaa436a105714c6ba112aa8", "number": "6367345060", "date": "2021-01-23 12:46:00", "subject": "11", "recorded-or-robo": "Y", "city": "", "state": "MO", "area-code": "636"}, {"id": "1d36742e3f24f50e4e7ae82801a813f8", "number": "6367345060", "date": "2021-01-23 12:46:00", "subject": "11", "recorded-or-robo": "Y", "city": "", "state": "MO", "area-code": "636"}, {"id": "3decc6bfadaa436a105714c6ba112a48", "number": "", "date": "2021-01-22 00:00:00", "subject": "0", "recorded-or-robo": "Y", "city": "", "state": "AZ", "area-code": "623"}, {"id": "1d36742e3f24f50e4e7ae82801a80d6b", "number": "", "date": "2021-01-22 00:00:00", "subject": "0", "recorded-or-robo": "Y", "city": "", "state": "AZ", "area-code": "623"}, {"id": "3decc6bfadaa436a105714c6ba112770", "number": "9543542080", "date": "2021-01-23 09:37:00", "subject": "2", "recorded-or-robo": "", "city": "Bremen", "state": "AL", "area-code": "256"}, {"id": "1d36742e3f24f50e4e7ae82801a80080", "number": "9543542080", "date": "2021-01-23 09:37:00", "subject": "2", "recorded-or-robo": "", "city": "Bremen", "state": "AL", "area-code": "256"}, {"id": "3decc6bfadaa436a105714c6ba1124cf", "number": "5418462913", "date": "2021-01-23 10:34:00", "subject": "0", "recorded-or-robo": "Y", "city": "Vacaville", "state": "CA", "area-code": "707"}, {"id": "1d36742e3f24f50e4e7ae82801a7f8b3", "number": "5418462913", "date": "2021-01-23 10:34:00", "subject": "0", "recorded-or-robo": "Y", "city": "Vacaville", "state": "CA", "area-code": "707"}, {"id": "3decc6bfadaa436a105714c6ba110b20", "number": "", "date": "2021-01-23 13:44:00", "subject": "2", "recorded-or-robo": "Y", "city": "PORT JERVIS", "state": "NY", "area-code": "845"}, {"id": "1d36742e3f24f50e4e7ae82801a7e50a", "number": "", "date": "2021-01-23 13:44:00", "subject": "2", "recorded-or-robo": "Y", "city": "PORT JERVIS", "state": "NY", "area-code": "845"}, {"id": "3decc6bfadaa436a105714c6ba10fc90", "number": "4235561557", "date": "2021-01-11 11:27:00", "subject": "0", "recorded-or-robo": "Y", "city": "", "state": "MT", "area-code": "406"}, {"id": "1d36742e3f24f50e4e7ae82801a7db66", "number": "4235561557", "date": "2021-01-11 11:27:00", "subject": "0", "recorded-or-robo": "Y", "city": "", "state": "MT", "area-code": "406"}, {"id": "3decc6bfadaa436a105714c6ba10fab9", "number": "2622444877", "date": "2021-01-23 12:47:00", "subject": "3", "recorded-or-robo": "Y", "city": "", "state": "WI", "area-code": "262"}, {"id": "1d36742e3f24f50e4e7ae82801a7d0e6", "number": "2622444877", "date": "2021-01-23 12:47:00", "subject": "3", "recorded-or-robo": "Y", "city": "", "state": "WI", "area-code": "262"}, {"id": "3decc6bfadaa436a105714c6ba10eded", "number": "6154064565", "date": "2021-01-23 11:57:00", "subject": "1", "recorded-or-robo": "Y", "city": "Noel", "state": "NE", "area-code": "308"}, {"id": "1d36742e3f24f50e4e7ae82801a7c10a", "number": "6154064565", "date": "2021-01-23 11:57:00", "subject": "1", "recorded-or-robo": "Y", "city": "Noel", "state": "NE", "area-code": "308"}, {"id": "3decc6bfadaa436a105714c6ba10e841", "number": "4435300851", "date": "2021-01-15 12:23:00", "subject": "0", "recorded-or-robo": "", "city": "", "state": "MD", "area-code": "443"}, {"id": "3decc6bfadaa436a105714c6ba10e250", "number": "2538578222", "date": "2021-01-22 14:24:00", "subject": "2", "recorded-or-robo": "Y", "city": "Gig Harbor", "state": "WA", "area-code": "253"}, {"id": "1d36742e3f24f50e4e7ae82801a7beb3", "number": "4435300851", "date": "2021-01-15 12:23:00", "subject": "0", "recorded-or-robo": "", "city": "", "state": "MD", "area-code": "443"}, {"id": "1d36742e3f24f50e4e7ae82801a7bba3", "number": "2538578222", "date": "2021-01-22 14:24:00", "subject": "2", "recorded-or-robo": "Y", "city": "Gig Harbor", "state": "WA", "area-code": "253"}, {"id": "3decc6bfadaa436a105714c6ba10d539", "number": "2026778541", "date": "2021-01-18 14:30:00", "subject": "2", "recorded-or-robo": "Y", "city": "Brookline", "state": "MA", "area-code": "617"}, {"id": "1d36742e3f24f50e4e7ae82801a7b8f7", "number": "2026778541", "date": "2021-01-18 14:30:00", "subject": "2", "recorded-or-robo": "Y", "city": "Brookline", "state": "MA", "area-code": "617"}, {"id": "3decc6bfadaa436a105714c6ba10c9a9", "number": "7344872894", "date": "2021-01-22 16:25:00", "subject": "4", "recorded-or-robo": "Y", "city": "Arroyo Grande", "state": "CA", "area-code": "805"}, {"id": "1d36742e3f24f50e4e7ae82801a7ae90", "number": "7344872894", "date": "2021-01-22 16:25:00", "subject": "4", "recorded-or-robo": "Y", "city": "Arroyo Grande", "state": "CA", "area-code": "805"}, {"id": "3decc6bfadaa436a105714c6ba10c46b", "number": "4099822624", "date": "2021-01-23 11:20:00", "subject": "1", "recorded-or-robo": "Y", "city": "tylrt", "state": "TX", "area-code": "903"}, {"id": "1d36742e3f24f50e4e7ae82801a7a20b", "number": "4099822624", "date": "2021-01-23 11:20:00", "subject": "1", "recorded-or-robo": "Y", "city": "tylrt", "state": "TX", "area-code": "903"}, {"id": "3decc6bfadaa436a105714c6ba10b4e8", "number": "8582843719", "date": "2021-01-23 10:41:00", "subject": "7", "recorded-or-robo": "N", "city": "San Diego", "state": "CA", "area-code": "858"}, {"id": "1d36742e3f24f50e4e7ae82801a79a5b", "number": "8582843719", "date": "2021-01-23 10:41:00", "subject": "7", "recorded-or-robo": "N", "city": "San Diego", "state": "CA", "area-code": "858"}, {"id": "3decc6bfadaa436a105714c6ba10a561", "number": "5076092636", "date": "2021-01-22 09:50:00", "subject": "2", "recorded-or-robo": "Y", "city": "Rochester", "state": "MN", "area-code": "507"}, {"id": "1d36742e3f24f50e4e7ae82801a798a9", "number": "5076092636", "date": "2021-01-22 09:50:00", "subject": "2", "recorded-or-robo": "Y", "city": "Rochester", "state": "MN", "area-code": "507"}, {"id": "3decc6bfadaa436a105714c6ba10988e", "number": "4067162671", "date": "2021-01-04 11:24:00", "subject": "0", "recorded-or-robo": "Y", "city": "", "state": "MT", "area-code": "406"}, {"id": "1d36742e3f24f50e4e7ae82801a79098", "number": "4067162671", "date": "2021-01-04 11:24:00", "subject": "0", "recorded-or-robo": "Y", "city": "", "state": "MT", "area-code": "406"}, {"id": "3decc6bfadaa436a105714c6ba108900", "number": "6154067732", "date": "2021-01-23 08:00:00", "subject": "11", "recorded-or-robo": "Y", "city": "Oro Valley", "state": "AZ", "area-code": "615"}]}