{"data": [{"id": "1d36742e3f24f50e4e7ae828019af33a", "number": "8595167053", "date": "2021-01-22 16:33:00", "subject": "2", "recorded-or-robo": "Y", "city": "", "state": "KY", "area-code": "859"}, {"id": "3decc6bfadaa436a105714c6ba0362fd", "number": "3056427423", "date": "2021-01-07 11:09:00", "subject": "4", "recorded-or-robo": "Y", "city": "Chicago", "state": "FL", "area-code": "305"}, {"id": "1d36742e3f24f50e4e7ae828019aeebf", "number": "3056427423", "date": "2021-01-07 11:09:00", "subject": "4", "recorded-or-robo": "Y", "city": "Chicago", "state": "FL", "area-code": "305"}, {"id": "3decc6bfadaa436a105714c6ba035baa", "number": "8882804331", "date": "2021-01-18 10:34:00", "subject": "1", "recorded-or-robo": "Y", "city": "Buffalo", "state": "NY", "area-code": "716"}, {"id": "1d36742e3f24f50e4e7ae828019ae97b", "number": "8882804331", "date": "2021-01-18 10:34:00", "subject": "1", "recorded-or-robo": "Y", "city": "Buffalo", "state": "NY", "area-code": "716"}, {"id": "3decc6bfadaa436a105714c6ba034c6f", "number": "4694900507", "date": "2021-01-22 17:31:00", "subject": "2", "recorded-or-robo": "Y", "city": "", "state": "TX", "area-code": "325"}, {"id": "1d36742e3f24f50e4e7ae828019ae530", "number": "4694900507", "date": "2021-01-22 17:31:00", "subject": "2", "recorded-or-robo": "Y", "city": "", "state": "TX", "area-code": "325"}, {"id": "3decc6bfadaa436a105714c6ba034ae8", "number": "8306259702", "date": "2021-01-11 08:00:00", "subject": "2", "recorded-or-robo": "Y", "city": "New Braunfels", "state": "TX", "area-code": "830"}, {"id": "1d36742e3f24f50e4e7ae828019adcc9", "number": "8306259702", "date": "2021-01-11 08:00:00", "subject": "2", "recorded-or-robo": "Y", "city": "New Braunfels", "state": "TX", "area-code": "830"}, {"id": "3decc6bfadaa436a105714c6ba034238", "number": "8595472342", "date": "2021-01-21 11:58:00", "subject": "2", "recorded-or-robo": "Y", "city": "", "state": "KY", "area-code": "859"}, {"id": "1d36742e3f24f50e4e7ae828019ad381", "number": "8595472342", "date": "2021-01-21 11:58:00", "subject": "2", "recorded-or-robo": "Y", "city": "", "state": "KY", "area-code": "859"}, {"id": "3decc6bfadaa436a105714c6ba033d74", "number": "8152591393", "date": "2021-01-21 15:51:00", "subject": "0", "recorded-or-robo": "Y", "city": "Joliet", "state": "IL", "area-code": "815"}, {"id": "1d36742e3f24f50e4e7ae828019aca25", "number": "8152591393", "date": "2021-01-21 15:51:00", "subject": "0", "recorded-or-robo": "Y", "city": "Joliet", "state": "IL", "area-code": "815"}, {"id": "3decc6bfadaa436a105714c6ba033138", "number": "", "date": "2021-01-23 12:52:00", "subject": "1", "recorded-or-robo": "Y", "city": "Akron", "state": "OH", "area-code": "330"}, {"id": "1d36742e3f24f50e4e7ae828019ac2bd", "number": "", "date": "2021-01-23 12:52:00", "subject": "1", "recorded-or-robo": "Y", "city": "Akron", "state": "OH", "area-code": "330"}, {"id": "3decc6bfadaa436a105714c6ba032d42", "number": "", "date": "2021-01-23 09:12:00", "subject": "1", "recorded-or-robo": "Y", "city": "Pacifica", "state": "CA", "area-code": "650"}, {"id": "1d36742e3f24f50e4e7ae828019ab50d", "number": "", "date": "2021-01-23 09:12:00", "subject": "1", "recorded-or-robo": "Y", "city": "Pacifica", "state": "CA", "area-code": "650"}, {"id": "3decc6bfadaa436a105714c6ba0328eb", "number": "2293618424", "date": "2021-01-13 13:01:00", "subject": "4", "recorded-or-robo": "Y", "city": "Chicago", "state": "FL", "area-code": "305"}, {"id": "1d36742e3f24f50e4e7ae828019ab2dc", "number": "2293618424", "date": "2021-01-13 13:01:00", "subject": "4", "recorded-or-robo": "Y", "city": "Chicago", "state": "FL", "area-code": "305"}, {"id": "3decc6bfadaa436a105714c6ba031de8", "number": "", "date": "2021-01-22 16:20:00", "subject": "9", "recorded-or-robo": "Y", "city": "Selah", "state": "WA", "area-code": "509"}, {"id": "1d36742e3f24f50e4e7ae828019aadd6", "number": "", "date": "2021-01-22 16:20:00", "subject": "9", "recorded-or-robo": "Y", "city": "Selah", "state": "WA", "area-code": "509"}, {"id": "3decc6bfadaa436a105714c6ba03195f", "number": "4708750671", "date": "2021-01-14 17:30:00", "subject": "2", "recorded-or-robo": "Y", "city": "Woodstock", "state": "GA", "area-code": "404"}, {"id": "1d36742e3f24f50e4e7ae828019aa524", "number": "4708750671", "date": "2021-01-14 17:30:00", "subject": "2", "recorded-or-robo": "Y", "city": "Woodstock", "state": "GA", "area-code": "404"}, {"id": "3decc6bfadaa436a105714c6ba0310ba", "number": "3104703595", "date": "2021-01-23 09:06:00", "subject": "1", "recorded-or-robo": "Y", "city": "Roseville", "state": "CA", "area-code": "310"}, {"id": "3decc6bfadaa436a105714c6ba02eb53", "number": "3162212703", "date": "2021-01-23 09:30:00", "subject": "3", "recorded-or-robo": "N", "city": "", "state": "KS", "area-code": "316"}, {"id": "1d36742e3f24f50e4e7ae828019aa487", "number": "3104703595", "date": "2021-01-23 09:06:00", "subject": "1", "recorded-or-robo": "Y", "city": "Roseville", "state": "CA", "area-code": "310"}, {"id": "1d36742e3f24f50e4e7ae828019a8066", "number": "3162212703", "date": "2021-01-23 09:30:00", "subject": "3", "recorded-or-robo": "N", "city": "", "state": "KS", "area-code": "316"}, {"id": "3decc6bfadaa436a105714c6ba0308d7", "number": "7206060155", "date": "2021-01-19 13:08:00", "subject": "2", "recorded-or-robo": "N", "city": "", "state": "CO", "area-code": "720"}, {"id": "1d36742e3f24f50e4e7ae828019a9fc2", "number": "7206060155", "date": "2021-01-19 13:08:00", "subject": "2", "recorded-or-robo": "N", "city": "", "state": "CO", "area-code": "720"}, {"id": "3decc6bfadaa436a105714c6ba030700", "number": "180423381", "date": "2021-01-23 12:51:00", "subject": "1", "recorded-or-robo": "Y", "city": "North Chesterfield", "state": "VA", "area-code": "804"}, {"id": "1d36742e3f24f50e4e7ae828019a9b33", "number": "180423381", "date": "2021-01-23 12:51:00", "subject": "1", "recorded-or-robo": "Y", "city": "North Chesterfield", "state": "VA", "area-code": "804"}, {"id": "3decc6bfadaa436a105714c6ba02fc32", "number": "4239104401", "date": "2021-01-23 11:53:00", "subject": "4", "recorded-or-robo": "Y", "city": "Chicago", "state": "FL", "area-code": "305"}, {"id": "1d36742e3f24f50e4e7ae828019a974c", "number": "4239104401", "date": "2021-01-23 11:53:00", "subject": "4", "recorded-or-robo": "Y", "city": "Chicago", "state": "FL", "area-code": "305"}, {"id": "3decc6bfadaa436a105714c6ba02faf4", "number": "8152546207", "date": "2021-01-22 08:13:00", "subject": "0", "recorded-or-robo": "Y", "city": "Joliet", "state": "IL", "area-code": "815"}, {"id": "1d36742e3f24f50e4e7ae828019a8ce5", "number": "8152546207", "date": "2021-01-22 08:13:00", "subject": "0", "recorded-or-robo": "Y", "city": "Joliet", "state": "IL", "area-code": "815"}, {"id": "3decc6bfadaa436a105714c6ba02f9e2", "number": "5095933825", "date": "2021-01-23 10:00:00", "subject": "2", "recorded-or-robo": "Y", "city": "Pasco", "state": "WA", "area-code": "509"}, {"id": "1d36742e3f24f50e4e7ae828019a8743", "number": "5095933825", "date": "2021-01-23 10:00:00", "subject": "2", "recorded-or-robo": "Y", "city": "Pasco", "state": "WA", "area-code": "509"}, {"id": "3decc6bfadaa436a105714c6ba02e60e", "number": "2058554791", "date": "2021-01-23 11:55:00", "subject": "2", "recorded-or-robo": "Y", "city": "Pinson", "state": "AL", "area-code": "205"}, {"id": "1d36742e3f24f50e4e7ae828019a8003", "number": "2058554791", "date": "2021-01-23 11:55:00", "subject": "2", "recorded-or-robo": "Y", "city": "Pinson", "state": "AL", "area-code": "205"}, {"id": "3decc6bfadaa436a105714c6ba02c91c", "number": "6032886702", "date": "2021-01-22 14:22:00", "subject": "3", "recorded-or-robo": "N", "city": "", "state": "NH", "area-code": "603"}, {"id": "1d36742e3f24f50e4e7ae828019a4bf0", "number": "6032886702", "date": "2021-01-22 14:22:00", "subject": "3", "recorded-or-robo": "N", "city": "", "state": "NH", "area-code": "603"}, {"id": "3decc6bfadaa436a105714c6ba02e277", "number": "3032483553", "date": "2021-01-21 08:43:00", "subject": "1", "recorded-or-robo": "N", "city": "", "state": "CO", "area-code": "303"}, {"id": "1d36742e3f24f50e4e7ae828019a7110", "number": "3032483553", "date": "2021-01-21 08:43:00", "subject": "1", "recorded-or-robo": "N", "city": "", "state": "CO", "area-code": "303"}, {"id": "3decc6bfadaa436a105714c6ba02da16", "number": "7209000357", "date": "2021-01-19 13:54:00", "subject": "2", "recorded-or-robo": "N", "city": "", "state": "CO", "area-code": "720"}, {"id": "1d36742e3f24f50e4e7ae828019a6be1", "number": "7209000357", "date": "2021-01-19 13:54:00", "subject": "2", "recorded-or-robo": "N", "city": "", "state": "CO", "area-code": "720"}, {"id": "3decc6bfadaa436a105714c6ba02d69f", "number": "3202285160", "date": "2021-01-23 11:10:00", "subject": "2", "recorded-or-robo": "", "city": "Hutchinson", "state": "MN", "area-code": "320"}, {"id": "1d36742e3f24f50e4e7ae828019a5bf7", "number": "3202285160", "date": "2021-01-23 11:10:00", "subject": "2", "recorded-or-robo": "", "city": "Hutchinson", "state": "MN", "area-code": "320"}, {"id": "3decc6bfadaa436a105714c6ba02d256", "number": "8152513016", "date": "2021-01-22 09:03:00", "subject": "0", "recorded-or-robo": "Y", "city": "Joliet", "state": "IL", "area-code": "815"}, {"id": "1d36742e3f24f50e4e7ae828019a4f0d", "number": "8152513016", "date": "2021-01-22 09:03:00", "subject": "0", "recorded-or-robo": "Y", "city": "Joliet", "state": "IL", "area-code": "815"}, {"id": "3decc6bfadaa436a105714c6ba02bb96", "number": "6028066518", "date": "2021-01-23 12:00:00", "subject": "2", "recorded-or-robo": "N", "city": "Elk Grove", "state": "CA", "area-code": "916"}]}