{"data": [{"id": "1d36742e3f24f50e4e7ae82801b31352", "number": "9493124770", "date": "2021-01-22 17:38:00", "subject": "3", "recorded-or-robo": "N", "city": "", "state": "NY", "area-code": "845"}, {"id": "3decc6bfadaa436a105714c6ba1bcf82", "number": "6077259681", "date": "2021-01-23 12:24:00", "subject": "2", "recorded-or-robo": "Y", "city": "binghamton", "state": "NY", "area-code": "607"}, {"id": "1d36742e3f24f50e4e7ae82801b33397", "number": "6077259681", "date": "2021-01-23 12:24:00", "subject": "2", "recorded-or-robo": "Y", "city": "binghamton", "state": "NY", "area-code": "607"}, {"id": "3decc6bfadaa436a105714c6ba1bc002", "number": "7576562855", "date": "2021-01-23 14:15:00", "subject": "3", "recorded-or-robo": "Y", "city": "", "state": "VA", "area-code": "757"}, {"id": "1d36742e3f24f50e4e7ae82801b326cc", "number": "7576562855", "date": "2021-01-23 14:15:00", "subject": "3", "recorded-or-robo": "Y", "city": "", "state": "VA", "area-code": "757"}, {"id": "3decc6bfadaa436a105714c6ba1bba8d", "number": "9713098175", "date": "2020-12-08 13:53:00", "subject": "3", "recorded-or-robo": "Y", "city": "BISHOP", "state": "CA", "area-code": "971"}, {"id": "1d36742e3f24f50e4e7ae82801b32594", "number": "9713098175", "date": "2020-12-08 13:53:00", "subject": "3", "recorded-or-robo": "Y", "city": "BISHOP", "state": "CA", "area-code": "971"}, {"id": "3decc6bfadaa436a105714c6ba56e454", "number": "9416268804", "date": "2021-01-23 14:32:21", "subject": "3", "recorded-or-robo": "Y", "city": "", "state": "FL", "area-code": "941"}, {"id": "1d36742e3f24f50e4e7ae82801ed6a02", "number": "9416268804", "date": "2021-01-23 14:32:21", "subject": "3", "recorded-or-robo": "Y", "city": "", "state": "FL", "area-code": "941"}, {"id": "3decc6bfadaa436a105714c6ba56ccf1", "number": "6092700636", "date": "2021-01-23 14:32:19", "subject": "3", "recorded-or-robo": "N", "city": "", "state": "CA", "area-code": "951"}, {"id": "1d36742e3f24f50e4e7ae82801ed5f0f", "number": "6092700636", "date": "2021-01-23 14:32:19", "subject": "3", "recorded-or-robo": "N", "city": "", "state": "CA", "area-code": "951"}, {"id": "3decc6bfadaa436a105714c6ba1bac24", "number": "8043485172", "date": "2021-01-21 11:01:00", "subject": "3", "recorded-or-robo": "", "city": "", "state": "VA", "area-code": "804"}, {"id": "1d36742e3f24f50e4e7ae82801b3213e", "number": "8043485172", "date": "2021-01-21 11:01:00", "subject": "3", "recorded-or-robo": "", "city": "", "state": "VA", "area-code": "804"}, {"id": "3decc6bfadaa436a105714c6ba1ba1f3", "number": "7064055203", "date": "2021-01-23 14:05:00", "subject": "2", "recorded-or-robo": "Y", "city": "Fortson", "state": "GA", "area-code": "706"}, {"id": "1d36742e3f24f50e4e7ae82801b31a79", "number": "7064055203", "date": "2021-01-23 14:05:00", "subject": "2", "recorded-or-robo": "Y", "city": "Fortson", "state": "GA", "area-code": "706"}, {"id": "3decc6bfadaa436a105714c6ba56ee84", "number": "6092700636", "date": "2021-01-23 14:32:10", "subject": "3", "recorded-or-robo": "N", "city": "", "state": "CA", "area-code": "951"}, {"id": "1d36742e3f24f50e4e7ae82801ed71db", "number": "6092700636", "date": "2021-01-23 14:32:10", "subject": "3", "recorded-or-robo": "N", "city": "", "state": "CA", "area-code": "951"}, {"id": "3decc6bfadaa436a105714c6ba1b9326", "number": "9713079192", "date": "2020-12-11 08:20:00", "subject": "3", "recorded-or-robo": "", "city": "BISHOP", "state": "CA", "area-code": "971"}, {"id": "1d36742e3f24f50e4e7ae82801b30bbd", "number": "9713079192", "date": "2020-12-11 08:20:00", "subject": "3", "recorded-or-robo": "", "city": "BISHOP", "state": "CA", "area-code": "971"}, {"id": "3decc6bfadaa436a105714c6ba1b9255", "number": "3056671382", "date": "2021-01-22 17:30:00", "subject": "2", "recorded-or-robo": "N", "city": "", "state": "FL", "area-code": "305"}, {"id": "1d36742e3f24f50e4e7ae82801b2ffbd", "number": "3056671382", "date": "2021-01-22 17:30:00", "subject": "2", "recorded-or-robo": "N", "city": "", "state": "FL", "area-code": "305"}, {"id": "3decc6bfadaa436a105714c6ba56f3b9", "number": "+12159994065", "date": "2021-01-23 14:31:13", "subject": "3", "recorded-or-robo": "Y", "city": "", "state": "PA", "area-code": "215"}, {"id": "1d36742e3f24f50e4e7ae82801ed7a1e", "number": "+12159994065", "date": "2021-01-23 14:31:13", "subject": "3", "recorded-or-robo": "Y", "city": "", "state": "PA", "area-code": "215"}, {"id": "3decc6bfadaa436a105714c6ba1b8733", "number": "7259300", "date": "2021-01-23 12:24:00", "subject": "2", "recorded-or-robo": "Y", "city": "binghamton", "state": "NY", "area-code": "607"}, {"id": "1d36742e3f24f50e4e7ae82801b2f0bf", "number": "7259300", "date": "2021-01-23 12:24:00", "subject": "2", "recorded-or-robo": "Y", "city": "binghamton", "state": "NY", "area-code": "607"}, {"id": "3decc6bfadaa436a105714c6ba1b7f85", "number": "2249359054", "date": "2021-01-21 12:08:00", "subject": "3", "recorded-or-robo": "", "city": "", "state": "VA", "area-code": "804"}, {"id": "1d36742e3f24f50e4e7ae82801b2e307", "number": "2249359054", "date": "2021-01-21 12:08:00", "subject": "3", "recorded-or-robo": "", "city": "", "state": "VA", "area-code": "804"}, {"id": "3decc6bfadaa436a105714c6ba1b7b00", "number": "3472528060", "date": "2021-01-23 13:39:00", "subject": "2", "recorded-or-robo": "N", "city": "East northport", "state": "NY", "area-code": "631"}, {"id": "1d36742e3f24f50e4e7ae82801b2e079", "number": "3472528060", "date": "2021-01-23 13:39:00", "subject": "2", "recorded-or-robo": "N", "city": "East northport", "state": "NY", "area-code": "631"}, {"id": "3decc6bfadaa436a105714c6ba1b7a3b", "number": "9712477071", "date": "2020-12-16 11:55:00", "subject": "3", "recorded-or-robo": "", "city": "BISHOP", "state": "CA", "area-code": "971"}, {"id": "1d36742e3f24f50e4e7ae82801b2db59", "number": "9712477071", "date": "2020-12-16 11:55:00", "subject": "3", "recorded-or-robo": "", "city": "BISHOP", "state": "CA", "area-code": "971"}, {"id": "3decc6bfadaa436a105714c6ba1b7a19", "number": "5416123713", "date": "2021-01-22 12:12:00", "subject": "3", "recorded-or-robo": "", "city": "", "state": "VA", "area-code": "804"}, {"id": "1d36742e3f24f50e4e7ae82801b2d115", "number": "5416123713", "date": "2021-01-22 12:12:00", "subject": "3", "recorded-or-robo": "", "city": "", "state": "VA", "area-code": "804"}, {"id": "3decc6bfadaa436a105714c6ba1b6c7d", "number": "6077251412", "date": "2021-01-23 12:17:00", "subject": "2", "recorded-or-robo": "Y", "city": "binghamton", "state": "NY", "area-code": "607"}, {"id": "1d36742e3f24f50e4e7ae82801b2c5fb", "number": "6077251412", "date": "2021-01-23 12:17:00", "subject": "2", "recorded-or-robo": "Y", "city": "binghamton", "state": "NY", "area-code": "607"}, {"id": "3decc6bfadaa436a105714c6ba1b63d2", "number": "9442049279", "date": "2021-01-23 10:59:00", "subject": "1", "recorded-or-robo": "Y", "city": "Sarasota", "state": "FL", "area-code": "941"}, {"id": "1d36742e3f24f50e4e7ae82801b2b6e4", "number": "9442049279", "date": "2021-01-23 10:59:00", "subject": "1", "recorded-or-robo": "Y", "city": "Sarasota", "state": "FL", "area-code": "941"}, {"id": "3decc6bfadaa436a105714c6ba1b5562", "number": "3108723978", "date": "2021-01-23 00:00:00", "subject": "3", "recorded-or-robo": "", "city": "", "state": "CA", "area-code": "310"}, {"id": "1d36742e3f24f50e4e7ae82801b2b3ae", "number": "3108723978", "date": "2021-01-23 00:00:00", "subject": "3", "recorded-or-robo": "", "city": "", "state": "CA", "area-code": "310"}, {"id": "3decc6bfadaa436a105714c6ba1b48cc", "number": "5413485885", "date": "2020-12-17 12:00:00", "subject": "3", "recorded-or-robo": "", "city": "BISHOP", "state": "CA", "area-code": "971"}, {"id": "1d36742e3f24f50e4e7ae82801b2a81e", "number": "5413485885", "date": "2020-12-17 12:00:00", "subject": "3", "recorded-or-robo": "", "city": "BISHOP", "state": "CA", "area-code": "971"}, {"id": "3decc6bfadaa436a105714c6ba1b38d8", "number": "", "date": "2021-01-22 13:15:00", "subject": "2", "recorded-or-robo": "Y", "city": "MEADVILLE", "state": "MS", "area-code": "601"}, {"id": "1d36742e3f24f50e4e7ae82801b29883", "number": "", "date": "2021-01-22 13:15:00", "subject": "2", "recorded-or-robo": "Y", "city": "MEADVILLE", "state": "MS", "area-code": "601"}, {"id": "3decc6bfadaa436a105714c6ba1b298c", "number": "8126313897", "date": "2021-01-23 12:00:00", "subject": "2", "recorded-or-robo": "N", "city": " Waynetown", "state": "IN", "area-code": "765"}, {"id": "1d36742e3f24f50e4e7ae82801b2913f", "number": "8126313897", "date": "2021-01-23 12:00:00", "subject": "2", "recorded-or-robo": "N", "city": " Waynetown", "state": "IN", "area-code": "765"}, {"id": "3decc6bfadaa436a105714c6ba1b2891", "number": "8235378665", "date": "2021-01-23 02:25:00", "subject": "6", "recorded-or-robo": "Y", "city": "Tampa", "state": "FL", "area-code": "813"}, {"id": "1d36742e3f24f50e4e7ae82801b2816b", "number": "8235378665", "date": "2021-01-23 02:25:00", "subject": "6", "recorded-or-robo": "Y", "city": "Tampa", "state": "FL", "area-code": "813"}, {"id": "3decc6bfadaa436a105714c6ba1b1d30", "number": "6077253632", "date": "2021-01-23 12:17:00", "subject": "2", "recorded-or-robo": "Y", "city": "binghamton", "state": "NY", "area-code": "607"}, {"id": "1d36742e3f24f50e4e7ae82801b27a2e", "number": "6077253632", "date": "2021-01-23 12:17:00", "subject": "2", "recorded-or-robo": "Y", "city": "binghamton", "state": "NY", "area-code": "607"}, {"id": "3decc6bfadaa436a105714c6ba1b105e", "number": "9712672133", "date": "2021-01-18 12:52:00", "subject": "3", "recorded-or-robo": "", "city": "BISHOP", "state": "CA", "area-code": "971"}]}