{"data": [{"id": "03e293b3df9e35eadf15c561191fdc9f", "number": "7324019893", "date": "2021-01-23 13:42:00", "subject": "0", "recorded-or-robo": "N", "city": "", "state": "NJ", "area-code": "732"}, {"id": "3decc6bfadaa436a105714c6ba894ed8", "number": "8457130145", "date": "2021-01-15 00:00:00", "subject": "4", "recorded-or-robo": "Y", "city": "Pine Bush", "state": "NY", "area-code": "845"}, {"id": "03e293b3df9e35eadf15c561191fce1d", "number": "8457130145", "date": "2021-01-15 00:00:00", "subject": "4", "recorded-or-robo": "Y", "city": "Pine Bush", "state": "NY", "area-code": "845"}, {"id": "3decc6bfadaa436a105714c6ba89424c", "number": "8454152027", "date": "2021-01-21 09:00:00", "subject": "5", "recorded-or-robo": "Y", "city": "Pine Bush", "state": "NY", "area-code": "845"}, {"id": "03e293b3df9e35eadf15c561191fc485", "number": "8454152027", "date": "2021-01-21 09:00:00", "subject": "5", "recorded-or-robo": "Y", "city": "Pine Bush", "state": "NY", "area-code": "845"}, {"id": "3decc6bfadaa436a105714c6ba893f52", "number": "8454748802", "date": "2021-01-22 14:00:00", "subject": "9", "recorded-or-robo": "Y", "city": "Pine Bush", "state": "NY", "area-code": "845"}, {"id": "03e293b3df9e35eadf15c561191fc236", "number": "8454748802", "date": "2021-01-22 14:00:00", "subject": "9", "recorded-or-robo": "Y", "city": "Pine Bush", "state": "NY", "area-code": "845"}, {"id": "3decc6bfadaa436a105714c6ba893d34", "number": "7604497705", "date": "2021-01-23 15:25:00", "subject": "0", "recorded-or-robo": "N", "city": "", "state": "OH", "area-code": "419"}, {"id": "03e293b3df9e35eadf15c561191fbd63", "number": "7604497705", "date": "2021-01-23 15:25:00", "subject": "0", "recorded-or-robo": "N", "city": "", "state": "OH", "area-code": "419"}, {"id": "3decc6bfadaa436a105714c6ba892db8", "number": "7329133022", "date": "2021-01-22 19:58:00", "subject": "0", "recorded-or-robo": "N", "city": "", "state": "NJ", "area-code": "732"}, {"id": "03e293b3df9e35eadf15c561191fb1e3", "number": "7329133022", "date": "2021-01-22 19:58:00", "subject": "0", "recorded-or-robo": "N", "city": "", "state": "NJ", "area-code": "732"}, {"id": "3decc6bfadaa436a105714c6ba891e88", "number": "8453798103", "date": "2021-01-19 10:00:00", "subject": "7", "recorded-or-robo": "Y", "city": "Pine Bush", "state": "NY", "area-code": "845"}, {"id": "03e293b3df9e35eadf15c561191fa42e", "number": "8453798103", "date": "2021-01-19 10:00:00", "subject": "7", "recorded-or-robo": "Y", "city": "Pine Bush", "state": "NY", "area-code": "845"}, {"id": "3decc6bfadaa436a105714c6ba891a66", "number": "8453634207", "date": "2021-01-20 16:00:00", "subject": "15", "recorded-or-robo": "Y", "city": "Pine Bush", "state": "NY", "area-code": "845"}, {"id": "03e293b3df9e35eadf15c561191f9a04", "number": "8453634207", "date": "2021-01-20 16:00:00", "subject": "15", "recorded-or-robo": "Y", "city": "Pine Bush", "state": "NY", "area-code": "845"}, {"id": "3decc6bfadaa436a105714c6ba890eab", "number": "8457570031", "date": "2021-01-16 00:00:00", "subject": "13", "recorded-or-robo": "Y", "city": "Pine Bush", "state": "NY", "area-code": "845"}, {"id": "03e293b3df9e35eadf15c561191f9249", "number": "8457570031", "date": "2021-01-16 00:00:00", "subject": "13", "recorded-or-robo": "Y", "city": "Pine Bush", "state": "NY", "area-code": "845"}, {"id": "3decc6bfadaa436a105714c6ba89060c", "number": "8452261415", "date": "2021-01-15 15:00:00", "subject": "8", "recorded-or-robo": "Y", "city": "Pine Bush", "state": "NY", "area-code": "845"}, {"id": "03e293b3df9e35eadf15c561191f8682", "number": "8452261415", "date": "2021-01-15 15:00:00", "subject": "8", "recorded-or-robo": "Y", "city": "Pine Bush", "state": "NY", "area-code": "845"}, {"id": "3decc6bfadaa436a105714c6ba88fc00", "number": "8458180285", "date": "2021-01-18 13:00:00", "subject": "6", "recorded-or-robo": "Y", "city": "Pine Bush", "state": "NY", "area-code": "845"}, {"id": "03e293b3df9e35eadf15c561191f810b", "number": "8458180285", "date": "2021-01-18 13:00:00", "subject": "6", "recorded-or-robo": "Y", "city": "Pine Bush", "state": "NY", "area-code": "845"}, {"id": "3decc6bfadaa436a105714c6ba88f75b", "number": "7324403399", "date": "2021-01-22 12:05:00", "subject": "0", "recorded-or-robo": "N", "city": "", "state": "NJ", "area-code": "732"}, {"id": "03e293b3df9e35eadf15c561191f746a", "number": "7324403399", "date": "2021-01-22 12:05:00", "subject": "0", "recorded-or-robo": "N", "city": "", "state": "NJ", "area-code": "732"}, {"id": "3decc6bfadaa436a105714c6ba88e92c", "number": "8454662462", "date": "2021-01-12 11:00:00", "subject": "9", "recorded-or-robo": "Y", "city": "Pine Bush", "state": "NY", "area-code": "845"}, {"id": "03e293b3df9e35eadf15c561191f6c6c", "number": "8454662462", "date": "2021-01-12 11:00:00", "subject": "9", "recorded-or-robo": "Y", "city": "Pine Bush", "state": "NY", "area-code": "845"}, {"id": "3decc6bfadaa436a105714c6ba88e83d", "number": "5593514632", "date": "2021-01-24 03:30:00", "subject": "2", "recorded-or-robo": "N", "city": "", "state": "CA", "area-code": "707"}, {"id": "03e293b3df9e35eadf15c561191f6667", "number": "5593514632", "date": "2021-01-24 03:30:00", "subject": "2", "recorded-or-robo": "N", "city": "", "state": "CA", "area-code": "707"}, {"id": "3decc6bfadaa436a105714c6ba88df33", "number": "8453634599", "date": "2021-01-08 13:07:00", "subject": "11", "recorded-or-robo": "Y", "city": "Pine Bush", "state": "NY", "area-code": "845"}, {"id": "03e293b3df9e35eadf15c561191f5a26", "number": "8453634599", "date": "2021-01-08 13:07:00", "subject": "11", "recorded-or-robo": "Y", "city": "Pine Bush", "state": "NY", "area-code": "845"}, {"id": "3decc6bfadaa436a105714c6ba88d2a2", "number": "6092259243", "date": "2021-01-22 09:39:00", "subject": "0", "recorded-or-robo": "N", "city": "", "state": "NJ", "area-code": "732"}, {"id": "03e293b3df9e35eadf15c561191f4a66", "number": "6092259243", "date": "2021-01-22 09:39:00", "subject": "0", "recorded-or-robo": "N", "city": "", "state": "NJ", "area-code": "732"}, {"id": "3decc6bfadaa436a105714c6ba88c682", "number": "8622579239", "date": "2021-01-22 09:19:00", "subject": "12", "recorded-or-robo": "Y", "city": "", "state": "NJ", "area-code": "732"}, {"id": "03e293b3df9e35eadf15c561191f40a1", "number": "8622579239", "date": "2021-01-22 09:19:00", "subject": "12", "recorded-or-robo": "Y", "city": "", "state": "NJ", "area-code": "732"}, {"id": "3decc6bfadaa436a105714c6ba88c3ad", "number": "6085144335", "date": "2021-01-23 08:14:00", "subject": "2", "recorded-or-robo": "Y", "city": "", "state": "WI", "area-code": "715"}, {"id": "03e293b3df9e35eadf15c561191f32d9", "number": "6085144335", "date": "2021-01-23 08:14:00", "subject": "2", "recorded-or-robo": "Y", "city": "", "state": "WI", "area-code": "715"}, {"id": "3decc6bfadaa436a105714c6ba88bd4e", "number": "7322932857", "date": "2021-01-22 09:07:00", "subject": "0", "recorded-or-robo": "N", "city": "", "state": "NJ", "area-code": "732"}, {"id": "03e293b3df9e35eadf15c561191f28ca", "number": "7322932857", "date": "2021-01-22 09:07:00", "subject": "0", "recorded-or-robo": "N", "city": "", "state": "NJ", "area-code": "732"}, {"id": "3decc6bfadaa436a105714c6ba88b230", "number": "7852647490", "date": "2020-01-20 09:04:00", "subject": "3", "recorded-or-robo": "N", "city": "", "state": "WI", "area-code": "414"}, {"id": "03e293b3df9e35eadf15c561191f2777", "number": "7852647490", "date": "2020-01-20 09:04:00", "subject": "3", "recorded-or-robo": "N", "city": "", "state": "WI", "area-code": "414"}, {"id": "3decc6bfadaa436a105714c6ba88a42d", "number": "4143866960", "date": "2020-01-23 11:44:00", "subject": "3", "recorded-or-robo": "Y", "city": "", "state": "WI", "area-code": "414"}, {"id": "03e293b3df9e35eadf15c561191f2448", "number": "4143866960", "date": "2020-01-23 11:44:00", "subject": "3", "recorded-or-robo": "Y", "city": "", "state": "WI", "area-code": "414"}, {"id": "3decc6bfadaa436a105714c6ba889b72", "number": "8005818600", "date": "2021-01-21 11:43:00", "subject": "4", "recorded-or-robo": "Y", "city": "Kansas CIty", "state": "KS", "area-code": "913"}, {"id": "03e293b3df9e35eadf15c561191f1c8d", "number": "8005818600", "date": "2021-01-21 11:43:00", "subject": "4", "recorded-or-robo": "Y", "city": "Kansas CIty", "state": "KS", "area-code": "913"}, {"id": "3decc6bfadaa436a105714c6ba8897da", "number": "2028880277", "date": "2021-01-24 03:24:00", "subject": "8", "recorded-or-robo": "N", "city": "American Fork", "state": "UT", "area-code": "951"}, {"id": "03e293b3df9e35eadf15c561191f0e6a", "number": "2028880277", "date": "2021-01-24 03:24:00", "subject": "8", "recorded-or-robo": "N", "city": "American Fork", "state": "UT", "area-code": "951"}, {"id": "3decc6bfadaa436a105714c6ba888b2e", "number": "4073384302", "date": "2021-01-23 11:11:00", "subject": "2", "recorded-or-robo": "Y", "city": "Kissimmee", "state": "FL", "area-code": "863"}, {"id": "03e293b3df9e35eadf15c561191f052e", "number": "4073384302", "date": "2021-01-23 11:11:00", "subject": "2", "recorded-or-robo": "Y", "city": "Kissimmee", "state": "FL", "area-code": "863"}, {"id": "3decc6bfadaa436a105714c6ba887d86", "number": "", "date": "2021-01-24 00:08:00", "subject": "11", "recorded-or-robo": "N", "city": "Orwell", "state": "OH", "area-code": "440"}, {"id": "03e293b3df9e35eadf15c561191f0147", "number": "", "date": "2021-01-24 00:08:00", "subject": "11", "recorded-or-robo": "N", "city": "Orwell", "state": "OH", "area-code": "440"}, {"id": "3decc6bfadaa436a105714c6ba88752f", "number": "7072162378", "date": "2021-01-23 13:00:00", "subject": "2", "recorded-or-robo": "Y", "city": "", "state": "AR", "area-code": "501"}]}