{"data": [{"id": "03e293b3df9e35eadf15c56119704696", "number": "7865049911", "date": "2021-01-23 17:36:00", "subject": "2", "recorded-or-robo": "Y", "city": "Columbia", "state": "SC", "area-code": "803"}, {"id": "3decc6bfadaa436a105714c6bada8238", "number": "7472815458", "date": "2021-01-18 11:21:00", "subject": "2", "recorded-or-robo": "Y", "city": "Huntington Beach", "state": "CA", "area-code": "714"}, {"id": "03e293b3df9e35eadf15c56119703d12", "number": "7472815458", "date": "2021-01-18 11:21:00", "subject": "2", "recorded-or-robo": "Y", "city": "Huntington Beach", "state": "CA", "area-code": "714"}, {"id": "3decc6bfadaa436a105714c6bada7b3b", "number": "7327769777", "date": "2021-01-24 18:16:00", "subject": "2", "recorded-or-robo": "", "city": "", "state": "MI", "area-code": "586"}, {"id": "03e293b3df9e35eadf15c561197036b3", "number": "7327769777", "date": "2021-01-24 18:16:00", "subject": "2", "recorded-or-robo": "", "city": "", "state": "MI", "area-code": "586"}, {"id": "3decc6bfadaa436a105714c6bada6f35", "number": "9495743533", "date": "2021-01-18 10:18:00", "subject": "2", "recorded-or-robo": "Y", "city": "Huntington Beach", "state": "CA", "area-code": "714"}, {"id": "03e293b3df9e35eadf15c56119702d3c", "number": "9495743533", "date": "2021-01-18 10:18:00", "subject": "2", "recorded-or-robo": "Y", "city": "Huntington Beach", "state": "CA", "area-code": "714"}, {"id": "3decc6bfadaa436a105714c6bada64b8", "number": "7146920594", "date": "2021-01-17 13:08:00", "subject": "2", "recorded-or-robo": "Y", "city": "Huntington Beach", "state": "CA", "area-code": "714"}, {"id": "03e293b3df9e35eadf15c561197020df", "number": "7146920594", "date": "2021-01-17 13:08:00", "subject": "2", "recorded-or-robo": "Y", "city": "Huntington Beach", "state": "CA", "area-code": "714"}, {"id": "3decc6bfadaa436a105714c6bada5cb8", "number": "2489258270", "date": "2021-01-24 20:02:00", "subject": "2", "recorded-or-robo": "N", "city": "", "state": "MI", "area-code": "586"}, {"id": "03e293b3df9e35eadf15c56119701870", "number": "2489258270", "date": "2021-01-24 20:02:00", "subject": "2", "recorded-or-robo": "N", "city": "", "state": "MI", "area-code": "586"}, {"id": "3decc6bfadaa436a105714c6bada5a54", "number": "", "date": "2021-01-21 12:00:00", "subject": "1", "recorded-or-robo": "N", "city": "Rosemead", "state": "CA", "area-code": "770"}, {"id": "03e293b3df9e35eadf15c56119700e38", "number": "", "date": "2021-01-21 12:00:00", "subject": "1", "recorded-or-robo": "N", "city": "Rosemead", "state": "CA", "area-code": "770"}, {"id": "3decc6bfadaa436a105714c6bada59ef", "number": "5185951519", "date": "2021-01-22 16:27:00", "subject": "4", "recorded-or-robo": "Y", "city": "", "state": "NY", "area-code": "585"}, {"id": "03e293b3df9e35eadf15c56119700ddb", "number": "5185951519", "date": "2021-01-22 16:27:00", "subject": "4", "recorded-or-robo": "Y", "city": "", "state": "NY", "area-code": "585"}, {"id": "3decc6bfadaa436a105714c6bada518b", "number": "8556786716", "date": "2021-01-24 17:52:00", "subject": "11", "recorded-or-robo": "Y", "city": "", "state": "FL", "area-code": "813"}, {"id": "03e293b3df9e35eadf15c56119700a8f", "number": "8556786716", "date": "2021-01-24 17:52:00", "subject": "11", "recorded-or-robo": "Y", "city": "", "state": "FL", "area-code": "813"}, {"id": "3decc6bfadaa436a105714c6bada4bc8", "number": "9495815894", "date": "2021-01-23 16:02:00", "subject": "3", "recorded-or-robo": "", "city": "", "state": "CA", "area-code": "949"}, {"id": "03e293b3df9e35eadf15c56119700157", "number": "9495815894", "date": "2021-01-23 16:02:00", "subject": "3", "recorded-or-robo": "", "city": "", "state": "CA", "area-code": "949"}, {"id": "3decc6bfadaa436a105714c6bada3dac", "number": "8556786790", "date": "2021-01-24 17:27:00", "subject": "11", "recorded-or-robo": "Y", "city": "", "state": "FL", "area-code": "813"}, {"id": "03e293b3df9e35eadf15c561196ff337", "number": "8556786790", "date": "2021-01-24 17:27:00", "subject": "11", "recorded-or-robo": "Y", "city": "", "state": "FL", "area-code": "813"}, {"id": "3decc6bfadaa436a105714c6bada3ad2", "number": "9493745879", "date": "2021-01-18 09:26:00", "subject": "3", "recorded-or-robo": "", "city": "", "state": "CA", "area-code": "949"}, {"id": "03e293b3df9e35eadf15c561196ff0ee", "number": "9493745879", "date": "2021-01-18 09:26:00", "subject": "3", "recorded-or-robo": "", "city": "", "state": "CA", "area-code": "949"}, {"id": "3decc6bfadaa436a105714c6bada30b4", "number": "8556785403", "date": "2021-01-24 16:37:00", "subject": "11", "recorded-or-robo": "Y", "city": "", "state": "FL", "area-code": "813"}, {"id": "03e293b3df9e35eadf15c561196fe7ae", "number": "8556785403", "date": "2021-01-24 16:37:00", "subject": "11", "recorded-or-robo": "Y", "city": "", "state": "FL", "area-code": "813"}, {"id": "3decc6bfadaa436a105714c6bada22b1", "number": "9099308591", "date": "2021-01-19 11:50:00", "subject": "3", "recorded-or-robo": "", "city": "", "state": "CA", "area-code": "949"}, {"id": "03e293b3df9e35eadf15c561196fd8e5", "number": "9099308591", "date": "2021-01-19 11:50:00", "subject": "3", "recorded-or-robo": "", "city": "", "state": "CA", "area-code": "949"}, {"id": "3decc6bfadaa436a105714c6bada1845", "number": "8556784381", "date": "2021-01-24 16:11:00", "subject": "11", "recorded-or-robo": "Y", "city": "", "state": "FL", "area-code": "813"}, {"id": "03e293b3df9e35eadf15c561196fd2a7", "number": "8556784381", "date": "2021-01-24 16:11:00", "subject": "11", "recorded-or-robo": "Y", "city": "", "state": "FL", "area-code": "813"}, {"id": "3decc6bfadaa436a105714c6bada0a3e", "number": "9496430730", "date": "2021-01-19 15:17:00", "subject": "3", "recorded-or-robo": "", "city": "", "state": "CA", "area-code": "949"}, {"id": "03e293b3df9e35eadf15c561196fce9d", "number": "9496430730", "date": "2021-01-19 15:17:00", "subject": "3", "recorded-or-robo": "", "city": "", "state": "CA", "area-code": "949"}, {"id": "3decc6bfadaa436a105714c6bada0775", "number": "7139996031", "date": "2021-01-23 20:51:00", "subject": "1", "recorded-or-robo": "N", "city": "harwood", "state": "MD", "area-code": "240"}, {"id": "03e293b3df9e35eadf15c561196fc6cc", "number": "7139996031", "date": "2021-01-23 20:51:00", "subject": "1", "recorded-or-robo": "N", "city": "harwood", "state": "MD", "area-code": "240"}, {"id": "3decc6bfadaa436a105714c6bad9fd9e", "number": "8182304292", "date": "2021-01-20 17:31:00", "subject": "3", "recorded-or-robo": "", "city": "", "state": "CA", "area-code": "949"}, {"id": "3decc6bfadaa436a105714c6bad9f05b", "number": "8556781331", "date": "2021-01-24 15:15:00", "subject": "11", "recorded-or-robo": "Y", "city": "", "state": "FL", "area-code": "813"}, {"id": "03e293b3df9e35eadf15c561196fb7cb", "number": "8182304292", "date": "2021-01-20 17:31:00", "subject": "3", "recorded-or-robo": "", "city": "", "state": "CA", "area-code": "949"}, {"id": "03e293b3df9e35eadf15c561196fb000", "number": "8556781331", "date": "2021-01-24 15:15:00", "subject": "11", "recorded-or-robo": "Y", "city": "", "state": "FL", "area-code": "813"}, {"id": "3decc6bfadaa436a105714c6bad9e5b2", "number": "8182908362", "date": "2021-01-21 10:37:00", "subject": "3", "recorded-or-robo": "", "city": "", "state": "CA", "area-code": "949"}, {"id": "03e293b3df9e35eadf15c561196fac51", "number": "8182908362", "date": "2021-01-21 10:37:00", "subject": "3", "recorded-or-robo": "", "city": "", "state": "CA", "area-code": "949"}, {"id": "3decc6bfadaa436a105714c6bad9d8f7", "number": "8556782316", "date": "2021-01-24 14:51:00", "subject": "11", "recorded-or-robo": "Y", "city": "", "state": "FL", "area-code": "813"}, {"id": "03e293b3df9e35eadf15c561196fa367", "number": "8556782316", "date": "2021-01-24 14:51:00", "subject": "11", "recorded-or-robo": "Y", "city": "", "state": "FL", "area-code": "813"}, {"id": "3decc6bfadaa436a105714c6bad9d751", "number": "9494595814", "date": "2021-01-21 17:47:00", "subject": "3", "recorded-or-robo": "", "city": "", "state": "CA", "area-code": "949"}, {"id": "03e293b3df9e35eadf15c561196f999f", "number": "9494595814", "date": "2021-01-21 17:47:00", "subject": "3", "recorded-or-robo": "", "city": "", "state": "CA", "area-code": "949"}, {"id": "3decc6bfadaa436a105714c6bad9d26c", "number": "9493745412", "date": "2021-01-22 08:52:00", "subject": "3", "recorded-or-robo": "", "city": "", "state": "CA", "area-code": "949"}, {"id": "03e293b3df9e35eadf15c561196f8ed6", "number": "9493745412", "date": "2021-01-22 08:52:00", "subject": "3", "recorded-or-robo": "", "city": "", "state": "CA", "area-code": "949"}, {"id": "3decc6bfadaa436a105714c6bad9c2a1", "number": "8182304292", "date": "2021-01-22 13:36:00", "subject": "3", "recorded-or-robo": "", "city": "", "state": "CA", "area-code": "949"}, {"id": "03e293b3df9e35eadf15c561196f8356", "number": "8182304292", "date": "2021-01-22 13:36:00", "subject": "3", "recorded-or-robo": "", "city": "", "state": "CA", "area-code": "949"}, {"id": "3decc6bfadaa436a105714c6bad9bf42", "number": "4057666149", "date": "2021-01-23 20:20:00", "subject": "2", "recorded-or-robo": "N", "city": "Piscataway", "state": "NJ", "area-code": "732"}, {"id": "03e293b3df9e35eadf15c561196f7aed", "number": "4057666149", "date": "2021-01-23 20:20:00", "subject": "2", "recorded-or-robo": "N", "city": "Piscataway", "state": "NJ", "area-code": "732"}, {"id": "3decc6bfadaa436a105714c6bad9b1c8", "number": "", "date": "2021-01-22 13:00:00", "subject": "15", "recorded-or-robo": "Y", "city": "", "state": "CA", "area-code": "209"}]}