{"data": [{"id": "1d36742e3f24f50e4e7ae82801b3f195", "number": "7188562934", "date": "2021-01-23 14:25:00", "subject": "2", "recorded-or-robo": "N", "city": "", "state": "NY", "area-code": "718"}, {"id": "3decc6bfadaa436a105714c6ba1c7b2c", "number": "6178289287", "date": "2021-01-23 00:00:00", "subject": "7", "recorded-or-robo": "N", "city": "Arlington", "state": "MA", "area-code": "617"}, {"id": "1d36742e3f24f50e4e7ae82801b3e0cd", "number": "6178289287", "date": "2021-01-23 00:00:00", "subject": "7", "recorded-or-robo": "N", "city": "Arlington", "state": "MA", "area-code": "617"}, {"id": "3decc6bfadaa436a105714c6ba1c7214", "number": "6027326314", "date": "2021-01-23 13:39:00", "subject": "2", "recorded-or-robo": "Y", "city": "wilmington", "state": "IL", "area-code": "815"}, {"id": "1d36742e3f24f50e4e7ae82801b3d59b", "number": "6027326314", "date": "2021-01-23 13:39:00", "subject": "2", "recorded-or-robo": "Y", "city": "wilmington", "state": "IL", "area-code": "815"}, {"id": "3decc6bfadaa436a105714c6ba1c69f5", "number": "6077653939", "date": "2021-01-23 14:03:00", "subject": "11", "recorded-or-robo": "Y", "city": "", "state": "NY", "area-code": "607"}, {"id": "1d36742e3f24f50e4e7ae82801b3caf6", "number": "6077653939", "date": "2021-01-23 14:03:00", "subject": "11", "recorded-or-robo": "Y", "city": "", "state": "NY", "area-code": "607"}, {"id": "3decc6bfadaa436a105714c6ba56ca15", "number": "2693094407", "date": "2021-01-23 14:35:14", "subject": "3", "recorded-or-robo": "Y", "city": "", "state": "MI", "area-code": "248"}, {"id": "1d36742e3f24f50e4e7ae82801ed5061", "number": "2693094407", "date": "2021-01-23 14:35:14", "subject": "3", "recorded-or-robo": "Y", "city": "", "state": "MI", "area-code": "248"}, {"id": "3decc6bfadaa436a105714c6ba1c6794", "number": "7193700683", "date": "2021-01-23 12:29:00", "subject": "2", "recorded-or-robo": "Y", "city": "Denver", "state": "CO", "area-code": "303"}, {"id": "3decc6bfadaa436a105714c6ba1c5b32", "number": "6077252169", "date": "2021-01-23 12:26:00", "subject": "2", "recorded-or-robo": "Y", "city": "binghamton", "state": "NY", "area-code": "607"}, {"id": "1d36742e3f24f50e4e7ae82801b3c5a2", "number": "7193700683", "date": "2021-01-23 12:29:00", "subject": "2", "recorded-or-robo": "Y", "city": "Denver", "state": "CO", "area-code": "303"}, {"id": "1d36742e3f24f50e4e7ae82801b3bb50", "number": "6077252169", "date": "2021-01-23 12:26:00", "subject": "2", "recorded-or-robo": "Y", "city": "binghamton", "state": "NY", "area-code": "607"}, {"id": "3decc6bfadaa436a105714c6ba1c4fb6", "number": "9142666370", "date": "2021-01-21 14:15:00", "subject": "1", "recorded-or-robo": "Y", "city": "", "state": "NY", "area-code": "914"}, {"id": "1d36742e3f24f50e4e7ae82801b3ab75", "number": "9142666370", "date": "2021-01-21 14:15:00", "subject": "1", "recorded-or-robo": "Y", "city": "", "state": "NY", "area-code": "914"}, {"id": "3decc6bfadaa436a105714c6ba1c43e5", "number": "4079822624", "date": "2021-01-23 11:30:00", "subject": "1", "recorded-or-robo": "N", "city": "Hillsboro", "state": "OR", "area-code": "503"}, {"id": "1d36742e3f24f50e4e7ae82801b3a3e7", "number": "4079822624", "date": "2021-01-23 11:30:00", "subject": "1", "recorded-or-robo": "N", "city": "Hillsboro", "state": "OR", "area-code": "503"}, {"id": "3decc6bfadaa436a105714c6ba1c3860", "number": "9713502517", "date": "2021-01-02 08:33:00", "subject": "3", "recorded-or-robo": "", "city": "BISHOP", "state": "CA", "area-code": "971"}, {"id": "3decc6bfadaa436a105714c6ba1c2bb9", "number": "6147631955", "date": "2021-01-23 14:30:00", "subject": "2", "recorded-or-robo": "N", "city": "bexley", "state": "OH", "area-code": "614"}, {"id": "1d36742e3f24f50e4e7ae82801b39993", "number": "9713502517", "date": "2021-01-02 08:33:00", "subject": "3", "recorded-or-robo": "", "city": "BISHOP", "state": "CA", "area-code": "971"}, {"id": "1d36742e3f24f50e4e7ae82801b39206", "number": "6147631955", "date": "2021-01-23 14:30:00", "subject": "2", "recorded-or-robo": "N", "city": "bexley", "state": "OH", "area-code": "614"}, {"id": "3decc6bfadaa436a105714c6ba1c295a", "number": "", "date": "2021-01-23 11:29:00", "subject": "2", "recorded-or-robo": "Y", "city": "Clearlake", "state": "CA", "area-code": "707"}, {"id": "1d36742e3f24f50e4e7ae82801b38f0f", "number": "", "date": "2021-01-23 11:29:00", "subject": "2", "recorded-or-robo": "Y", "city": "Clearlake", "state": "CA", "area-code": "707"}, {"id": "3decc6bfadaa436a105714c6ba586ba0", "number": "3022283075", "date": "2021-01-23 06:29:00", "subject": "3", "recorded-or-robo": "Y", "city": "", "state": "NC", "area-code": "704"}, {"id": "1d36742e3f24f50e4e7ae82801eec165", "number": "3022283075", "date": "2021-01-23 06:29:00", "subject": "3", "recorded-or-robo": "Y", "city": "", "state": "NC", "area-code": "704"}, {"id": "3decc6bfadaa436a105714c6ba1c0b0a", "number": "9493124770", "date": "2021-01-22 12:02:00", "subject": "3", "recorded-or-robo": "N", "city": "", "state": "NY", "area-code": "845"}, {"id": "1d36742e3f24f50e4e7ae82801b36599", "number": "9493124770", "date": "2021-01-22 12:02:00", "subject": "3", "recorded-or-robo": "N", "city": "", "state": "NY", "area-code": "845"}, {"id": "3decc6bfadaa436a105714c6ba1c263a", "number": "6469884981", "date": "2021-01-23 06:27:00", "subject": "1", "recorded-or-robo": "Y", "city": "Milpitas", "state": "CA", "area-code": "408"}, {"id": "1d36742e3f24f50e4e7ae82801b37f2d", "number": "6469884981", "date": "2021-01-23 06:27:00", "subject": "1", "recorded-or-robo": "Y", "city": "Milpitas", "state": "CA", "area-code": "408"}, {"id": "3decc6bfadaa436a105714c6ba1c1ec3", "number": "9259645049", "date": "2021-01-23 11:26:00", "subject": "2", "recorded-or-robo": "Y", "city": "", "state": "CA", "area-code": "925"}, {"id": "1d36742e3f24f50e4e7ae82801b375e5", "number": "9259645049", "date": "2021-01-23 11:26:00", "subject": "2", "recorded-or-robo": "Y", "city": "", "state": "CA", "area-code": "925"}, {"id": "3decc6bfadaa436a105714c6ba1c1d31", "number": "9713502517", "date": "2020-12-02 12:55:00", "subject": "3", "recorded-or-robo": "", "city": "BISHOP", "state": "CA", "area-code": "971"}, {"id": "3decc6bfadaa436a105714c6ba1c1065", "number": "6463780795", "date": "2021-01-23 13:22:00", "subject": "2", "recorded-or-robo": "N", "city": "Manhattan", "state": "IL", "area-code": "815"}, {"id": "1d36742e3f24f50e4e7ae82801b36eb7", "number": "9713502517", "date": "2020-12-02 12:55:00", "subject": "3", "recorded-or-robo": "", "city": "BISHOP", "state": "CA", "area-code": "971"}, {"id": "1d36742e3f24f50e4e7ae82801b36b18", "number": "6463780795", "date": "2021-01-23 13:22:00", "subject": "2", "recorded-or-robo": "N", "city": "Manhattan", "state": "IL", "area-code": "815"}, {"id": "3decc6bfadaa436a105714c6ba1bfbea", "number": "6077254142", "date": "2021-01-23 12:26:00", "subject": "2", "recorded-or-robo": "Y", "city": "binghamton", "state": "NY", "area-code": "607"}, {"id": "1d36742e3f24f50e4e7ae82801b35788", "number": "6077254142", "date": "2021-01-23 12:26:00", "subject": "2", "recorded-or-robo": "Y", "city": "binghamton", "state": "NY", "area-code": "607"}, {"id": "3decc6bfadaa436a105714c6ba1bec60", "number": "2252234464", "date": "2021-01-22 09:15:00", "subject": "2", "recorded-or-robo": "Y", "city": "Baker", "state": "LA", "area-code": "225"}, {"id": "1d36742e3f24f50e4e7ae82801b356bf", "number": "2252234464", "date": "2021-01-22 09:15:00", "subject": "2", "recorded-or-robo": "Y", "city": "Baker", "state": "LA", "area-code": "225"}, {"id": "3decc6bfadaa436a105714c6ba1be30f", "number": "9713332079", "date": "2021-01-04 09:16:00", "subject": "3", "recorded-or-robo": "", "city": "BISHOP", "state": "CA", "area-code": "971"}, {"id": "1d36742e3f24f50e4e7ae82801b353a9", "number": "9713332079", "date": "2021-01-04 09:16:00", "subject": "3", "recorded-or-robo": "", "city": "BISHOP", "state": "CA", "area-code": "971"}, {"id": "3decc6bfadaa436a105714c6ba1bdd46", "number": "8882804331", "date": "2021-01-23 14:28:00", "subject": "3", "recorded-or-robo": "Y", "city": "", "state": "NY", "area-code": "718"}, {"id": "1d36742e3f24f50e4e7ae82801b350f4", "number": "8882804331", "date": "2021-01-23 14:28:00", "subject": "3", "recorded-or-robo": "Y", "city": "", "state": "NY", "area-code": "718"}, {"id": "3decc6bfadaa436a105714c6ba1bdb3e", "number": "8132343128", "date": "2021-01-23 14:18:00", "subject": "11", "recorded-or-robo": "Y", "city": "Gibsonton", "state": "FL", "area-code": "813"}, {"id": "1d36742e3f24f50e4e7ae82801b345ca", "number": "8132343128", "date": "2021-01-23 14:18:00", "subject": "11", "recorded-or-robo": "Y", "city": "Gibsonton", "state": "FL", "area-code": "813"}, {"id": "3decc6bfadaa436a105714c6ba56da6e", "number": "9417392093", "date": "2021-01-23 14:32:58", "subject": "3", "recorded-or-robo": "Y", "city": "", "state": "FL", "area-code": "941"}, {"id": "1d36742e3f24f50e4e7ae82801ed6843", "number": "9417392093", "date": "2021-01-23 14:32:58", "subject": "3", "recorded-or-robo": "Y", "city": "", "state": "FL", "area-code": "941"}, {"id": "3decc6bfadaa436a105714c6ba1bd4a8", "number": "8144224559", "date": "2021-01-23 14:31:00", "subject": "3", "recorded-or-robo": "Y", "city": "", "state": "PA", "area-code": "814"}, {"id": "1d36742e3f24f50e4e7ae82801b33e40", "number": "8144224559", "date": "2021-01-23 14:31:00", "subject": "3", "recorded-or-robo": "Y", "city": "", "state": "PA", "area-code": "814"}, {"id": "3decc6bfadaa436a105714c6ba1b9a75", "number": "9493124770", "date": "2021-01-22 17:38:00", "subject": "3", "recorded-or-robo": "N", "city": "", "state": "NY", "area-code": "845"}]}