{"data": [{"id": "03e293b3df9e35eadf15c5611953f802", "number": "3021023875", "date": "2021-01-24 10:52:00", "subject": "3", "recorded-or-robo": "", "city": "", "state": "NY", "area-code": "212"}, {"id": "3decc6bfadaa436a105714c6babd915a", "number": "9707245334", "date": "2021-01-24 15:00:00", "subject": "1", "recorded-or-robo": "Y", "city": "Kremmling", "state": "CO", "area-code": "970"}, {"id": "03e293b3df9e35eadf15c56119540252", "number": "9707245334", "date": "2021-01-24 15:00:00", "subject": "1", "recorded-or-robo": "Y", "city": "Kremmling", "state": "CO", "area-code": "970"}, {"id": "3decc6bfadaa436a105714c6babd840b", "number": "4012393964", "date": "2021-01-22 12:00:00", "subject": "13", "recorded-or-robo": "N", "city": "", "state": "SC", "area-code": "803"}, {"id": "03e293b3df9e35eadf15c5611953ef5f", "number": "4012393964", "date": "2021-01-22 12:00:00", "subject": "13", "recorded-or-robo": "N", "city": "", "state": "SC", "area-code": "803"}, {"id": "3decc6bfadaa436a105714c6babd83bc", "number": "8556986913", "date": "2021-01-24 16:23:00", "subject": "11", "recorded-or-robo": "Y", "city": "HARPER WOODS", "state": "MI", "area-code": "313"}, {"id": "03e293b3df9e35eadf15c5611953e6fc", "number": "8556986913", "date": "2021-01-24 16:23:00", "subject": "11", "recorded-or-robo": "Y", "city": "HARPER WOODS", "state": "MI", "area-code": "313"}, {"id": "3decc6bfadaa436a105714c6babd784b", "number": "5926527843", "date": "2021-01-22 18:23:00", "subject": "2", "recorded-or-robo": "Y", "city": "Waterloo", "state": "IA", "area-code": "319"}, {"id": "03e293b3df9e35eadf15c5611953e16e", "number": "5926527843", "date": "2021-01-22 18:23:00", "subject": "2", "recorded-or-robo": "Y", "city": "Waterloo", "state": "IA", "area-code": "319"}, {"id": "3decc6bfadaa436a105714c6babd70eb", "number": "37065003419", "date": "2021-01-22 20:58:00", "subject": "2", "recorded-or-robo": "Y", "city": "Waterloo", "state": "IA", "area-code": "319"}, {"id": "03e293b3df9e35eadf15c5611953d424", "number": "37065003419", "date": "2021-01-22 20:58:00", "subject": "2", "recorded-or-robo": "Y", "city": "Waterloo", "state": "IA", "area-code": "319"}, {"id": "3decc6bfadaa436a105714c6babd6b25", "number": "9543884461", "date": "2021-01-22 11:30:00", "subject": "6", "recorded-or-robo": "Y", "city": "Tyler", "state": "TX", "area-code": "866"}, {"id": "03e293b3df9e35eadf15c5611953c771", "number": "9543884461", "date": "2021-01-22 11:30:00", "subject": "6", "recorded-or-robo": "Y", "city": "Tyler", "state": "TX", "area-code": "866"}, {"id": "3decc6bfadaa436a105714c6babd5de5", "number": "4023050375", "date": "2021-01-20 00:00:00", "subject": "2", "recorded-or-robo": "", "city": "Fort Lupton", "state": "CO", "area-code": "303"}, {"id": "03e293b3df9e35eadf15c5611953b828", "number": "4023050375", "date": "2021-01-20 00:00:00", "subject": "2", "recorded-or-robo": "", "city": "Fort Lupton", "state": "CO", "area-code": "303"}, {"id": "3decc6bfadaa436a105714c6babd59f3", "number": "4152234687", "date": "2020-10-23 12:41:00", "subject": "4", "recorded-or-robo": "Y", "city": "Dallas", "state": "CA", "area-code": "415"}, {"id": "03e293b3df9e35eadf15c5611953adf0", "number": "4152234687", "date": "2020-10-23 12:41:00", "subject": "4", "recorded-or-robo": "Y", "city": "Dallas", "state": "CA", "area-code": "415"}, {"id": "3decc6bfadaa436a105714c6babd4dad", "number": "", "date": "2021-01-24 14:51:00", "subject": "1", "recorded-or-robo": "Y", "city": "Trinity", "state": "FL", "area-code": "727"}, {"id": "03e293b3df9e35eadf15c5611953aae6", "number": "", "date": "2021-01-24 14:51:00", "subject": "1", "recorded-or-robo": "Y", "city": "Trinity", "state": "FL", "area-code": "727"}, {"id": "3decc6bfadaa436a105714c6babd3dc2", "number": "37065003365", "date": "2021-01-22 21:15:00", "subject": "2", "recorded-or-robo": "Y", "city": "Waterloo", "state": "IA", "area-code": "319"}, {"id": "03e293b3df9e35eadf15c5611953a20d", "number": "37065003365", "date": "2021-01-22 21:15:00", "subject": "2", "recorded-or-robo": "Y", "city": "Waterloo", "state": "IA", "area-code": "319"}, {"id": "3decc6bfadaa436a105714c6babd3300", "number": "7274308772", "date": "2021-01-24 16:20:00", "subject": "2", "recorded-or-robo": "Y", "city": "Brandon", "state": "FL", "area-code": "727"}, {"id": "03e293b3df9e35eadf15c56119539a0a", "number": "7274308772", "date": "2021-01-24 16:20:00", "subject": "2", "recorded-or-robo": "Y", "city": "Brandon", "state": "FL", "area-code": "727"}, {"id": "3decc6bfadaa436a105714c6babd0ed8", "number": "3021023875", "date": "2021-01-24 10:52:00", "subject": "3", "recorded-or-robo": "", "city": "", "state": "NY", "area-code": "212"}, {"id": "03e293b3df9e35eadf15c561195373e4", "number": "3021023875", "date": "2021-01-24 10:52:00", "subject": "3", "recorded-or-robo": "", "city": "", "state": "NY", "area-code": "212"}, {"id": "3decc6bfadaa436a105714c6babd28bf", "number": "6073393157", "date": "2021-01-24 00:00:00", "subject": "11", "recorded-or-robo": "Y", "city": "", "state": "WI", "area-code": "608"}, {"id": "03e293b3df9e35eadf15c561195392c6", "number": "6073393157", "date": "2021-01-24 00:00:00", "subject": "11", "recorded-or-robo": "Y", "city": "", "state": "WI", "area-code": "608"}, {"id": "3decc6bfadaa436a105714c6babd1b41", "number": "0123456789", "date": "2021-01-24 01:00:00", "subject": "0", "recorded-or-robo": "N", "city": "", "state": "CA", "area-code": "510"}, {"id": "03e293b3df9e35eadf15c56119538675", "number": "0123456789", "date": "2021-01-24 01:00:00", "subject": "0", "recorded-or-robo": "N", "city": "", "state": "CA", "area-code": "510"}, {"id": "3decc6bfadaa436a105714c6babd1326", "number": "37065003129", "date": "2021-01-22 22:54:00", "subject": "2", "recorded-or-robo": "Y", "city": "Waterloo", "state": "IA", "area-code": "319"}, {"id": "03e293b3df9e35eadf15c56119537c40", "number": "37065003129", "date": "2021-01-22 22:54:00", "subject": "2", "recorded-or-robo": "Y", "city": "Waterloo", "state": "IA", "area-code": "319"}, {"id": "3decc6bfadaa436a105714c6babd0668", "number": "9712178428", "date": "2021-01-22 18:04:00", "subject": "9", "recorded-or-robo": "Y", "city": "", "state": "OR", "area-code": "503"}, {"id": "3decc6bfadaa436a105714c6babcfb30", "number": "2424378067", "date": "2021-01-23 18:18:00", "subject": "2", "recorded-or-robo": "Y", "city": "Waterloo", "state": "IA", "area-code": "319"}, {"id": "03e293b3df9e35eadf15c56119536914", "number": "9712178428", "date": "2021-01-22 18:04:00", "subject": "9", "recorded-or-robo": "Y", "city": "", "state": "OR", "area-code": "503"}, {"id": "03e293b3df9e35eadf15c56119535b95", "number": "2424378067", "date": "2021-01-23 18:18:00", "subject": "2", "recorded-or-robo": "Y", "city": "Waterloo", "state": "IA", "area-code": "319"}, {"id": "3decc6bfadaa436a105714c6babcec25", "number": "3023875653", "date": "2021-01-24 15:57:00", "subject": "3", "recorded-or-robo": "", "city": "", "state": "NY", "area-code": "212"}, {"id": "03e293b3df9e35eadf15c56119534b7b", "number": "3023875653", "date": "2021-01-24 15:57:00", "subject": "3", "recorded-or-robo": "", "city": "", "state": "NY", "area-code": "212"}, {"id": "3decc6bfadaa436a105714c6babcef05", "number": "4154964527", "date": "2020-11-20 11:06:00", "subject": "4", "recorded-or-robo": "Y", "city": "Dallas", "state": "CA", "area-code": "415"}, {"id": "03e293b3df9e35eadf15c561195354aa", "number": "4154964527", "date": "2020-11-20 11:06:00", "subject": "4", "recorded-or-robo": "Y", "city": "Dallas", "state": "CA", "area-code": "415"}, {"id": "3decc6bfadaa436a105714c6babcec17", "number": "7675018474", "date": "2021-01-23 08:41:00", "subject": "2", "recorded-or-robo": "Y", "city": "Waterloo", "state": "IA", "area-code": "319"}, {"id": "03e293b3df9e35eadf15c56119534a84", "number": "7675018474", "date": "2021-01-23 08:41:00", "subject": "2", "recorded-or-robo": "Y", "city": "Waterloo", "state": "IA", "area-code": "319"}, {"id": "3decc6bfadaa436a105714c6babce63a", "number": "7149742618", "date": "2021-01-24 13:14:00", "subject": "2", "recorded-or-robo": "N", "city": "Fullerton", "state": "CA", "area-code": "714"}, {"id": "03e293b3df9e35eadf15c56119533aa1", "number": "7149742618", "date": "2021-01-24 13:14:00", "subject": "2", "recorded-or-robo": "N", "city": "Fullerton", "state": "CA", "area-code": "714"}, {"id": "3decc6bfadaa436a105714c6babcdace", "number": "7675018194", "date": "2021-01-23 09:20:00", "subject": "2", "recorded-or-robo": "Y", "city": "Waterloo", "state": "IA", "area-code": "319"}, {"id": "03e293b3df9e35eadf15c561195333b7", "number": "7675018194", "date": "2021-01-23 09:20:00", "subject": "2", "recorded-or-robo": "Y", "city": "Waterloo", "state": "IA", "area-code": "319"}, {"id": "3decc6bfadaa436a105714c6babcc801", "number": "3023875653", "date": "2021-01-24 14:22:00", "subject": "3", "recorded-or-robo": "", "city": "", "state": "NY", "area-code": "212"}, {"id": "03e293b3df9e35eadf15c56119532bab", "number": "3023875653", "date": "2021-01-24 14:22:00", "subject": "3", "recorded-or-robo": "", "city": "", "state": "NY", "area-code": "212"}, {"id": "3decc6bfadaa436a105714c6babcd3a4", "number": "4232051015651429773", "date": "2021-01-21 07:30:00", "subject": "11", "recorded-or-robo": "Y", "city": "Vadnais Heights", "state": "MN", "area-code": "651"}, {"id": "03e293b3df9e35eadf15c561195330cd", "number": "4232051015651429773", "date": "2021-01-21 07:30:00", "subject": "11", "recorded-or-robo": "Y", "city": "Vadnais Heights", "state": "MN", "area-code": "651"}, {"id": "3decc6bfadaa436a105714c6babcbf99", "number": "7675018628", "date": "2021-01-23 10:20:00", "subject": "0", "recorded-or-robo": "Y", "city": "Waterloo", "state": "IA", "area-code": "319"}]}