{"data": [{"id": "03e293b3df9e35eadf15c561190a1e93", "number": "5046187300", "date": "2021-01-22 15:44:00", "subject": "2", "recorded-or-robo": "Y", "city": "", "state": "CA", "area-code": "714"}, {"id": "3decc6bfadaa436a105714c6ba741596", "number": "8103661006", "date": "2021-01-22 15:15:00", "subject": "6", "recorded-or-robo": "N", "city": "Gary", "state": "IN", "area-code": "219"}, {"id": "03e293b3df9e35eadf15c561190a1be9", "number": "8103661006", "date": "2021-01-22 15:15:00", "subject": "6", "recorded-or-robo": "N", "city": "Gary", "state": "IN", "area-code": "219"}, {"id": "3decc6bfadaa436a105714c6ba74078b", "number": "8289008010", "date": "2021-01-22 08:48:00", "subject": "4", "recorded-or-robo": "Y", "city": "", "state": "CO", "area-code": "303"}, {"id": "03e293b3df9e35eadf15c561190a1a39", "number": "8289008010", "date": "2021-01-22 08:48:00", "subject": "4", "recorded-or-robo": "Y", "city": "", "state": "CO", "area-code": "303"}, {"id": "3decc6bfadaa436a105714c6ba73f872", "number": "9707183809", "date": "2021-01-22 09:08:00", "subject": "6", "recorded-or-robo": "Y", "city": "", "state": "CO", "area-code": "303"}, {"id": "03e293b3df9e35eadf15c561190a1499", "number": "9707183809", "date": "2021-01-22 09:08:00", "subject": "6", "recorded-or-robo": "Y", "city": "", "state": "CO", "area-code": "303"}, {"id": "3decc6bfadaa436a105714c6ba73ea91", "number": "7193700496", "date": "2021-01-22 14:48:00", "subject": "1", "recorded-or-robo": "Y", "city": "", "state": "CO", "area-code": "303"}, {"id": "03e293b3df9e35eadf15c561190a11d5", "number": "7193700496", "date": "2021-01-22 14:48:00", "subject": "1", "recorded-or-robo": "Y", "city": "", "state": "CO", "area-code": "303"}, {"id": "3decc6bfadaa436a105714c6ba73d0ca", "number": "8772524334", "date": "2021-01-21 10:48:00", "subject": "3", "recorded-or-robo": "", "city": "", "state": "TX", "area-code": "281"}, {"id": "03e293b3df9e35eadf15c5611909f8d2", "number": "8772524334", "date": "2021-01-21 10:48:00", "subject": "3", "recorded-or-robo": "", "city": "", "state": "TX", "area-code": "281"}, {"id": "3decc6bfadaa436a105714c6ba73ddf7", "number": "5416231799", "date": "2021-01-23 09:52:00", "subject": "0", "recorded-or-robo": "Y", "city": "", "state": "CO", "area-code": "303"}, {"id": "03e293b3df9e35eadf15c561190a0517", "number": "5416231799", "date": "2021-01-23 09:52:00", "subject": "0", "recorded-or-robo": "Y", "city": "", "state": "CO", "area-code": "303"}, {"id": "3decc6bfadaa436a105714c6ba73ced4", "number": "9153160865", "date": "2021-01-23 00:43:00", "subject": "2", "recorded-or-robo": "Y", "city": "", "state": "TX", "area-code": "915"}, {"id": "03e293b3df9e35eadf15c5611909ed69", "number": "9153160865", "date": "2021-01-23 00:43:00", "subject": "2", "recorded-or-robo": "Y", "city": "", "state": "TX", "area-code": "915"}, {"id": "3decc6bfadaa436a105714c6ba73cc07", "number": "7522192025", "date": "2021-01-21 15:13:00", "subject": "3", "recorded-or-robo": "", "city": "", "state": "TX", "area-code": "281"}, {"id": "03e293b3df9e35eadf15c5611909e955", "number": "7522192025", "date": "2021-01-21 15:13:00", "subject": "3", "recorded-or-robo": "", "city": "", "state": "TX", "area-code": "281"}, {"id": "3decc6bfadaa436a105714c6ba73c85d", "number": "2819511463", "date": "2021-01-21 15:19:00", "subject": "3", "recorded-or-robo": "", "city": "", "state": "TX", "area-code": "281"}, {"id": "03e293b3df9e35eadf15c5611909e2a9", "number": "2819511463", "date": "2021-01-21 15:19:00", "subject": "3", "recorded-or-robo": "", "city": "", "state": "TX", "area-code": "281"}, {"id": "3decc6bfadaa436a105714c6ba73b91d", "number": "8557876725", "date": "2021-01-23 11:40:00", "subject": "2", "recorded-or-robo": "Y", "city": "Glendale", "state": "AZ", "area-code": "602"}, {"id": "03e293b3df9e35eadf15c5611909dbfa", "number": "8557876725", "date": "2021-01-23 11:40:00", "subject": "2", "recorded-or-robo": "Y", "city": "Glendale", "state": "AZ", "area-code": "602"}, {"id": "3decc6bfadaa436a105714c6ba73b1b1", "number": "2819756297", "date": "2021-01-22 14:55:00", "subject": "3", "recorded-or-robo": "", "city": "", "state": "TX", "area-code": "281"}, {"id": "03e293b3df9e35eadf15c5611909d0d6", "number": "2819756297", "date": "2021-01-22 14:55:00", "subject": "3", "recorded-or-robo": "", "city": "", "state": "TX", "area-code": "281"}, {"id": "3decc6bfadaa436a105714c6ba85820d", "number": "2568492031", "date": "2021-01-23 23:59:31", "subject": "3", "recorded-or-robo": "N", "city": "", "state": "AL", "area-code": "256"}, {"id": "03e293b3df9e35eadf15c561191c116d", "number": "2568492031", "date": "2021-01-23 23:59:31", "subject": "3", "recorded-or-robo": "N", "city": "", "state": "AL", "area-code": "256"}, {"id": "3decc6bfadaa436a105714c6ba73aeea", "number": "8339542465", "date": "2021-01-23 10:45:00", "subject": "2", "recorded-or-robo": "Y", "city": "Moneta", "state": "VA", "area-code": "540"}, {"id": "03e293b3df9e35eadf15c5611909d03d", "number": "8339542465", "date": "2021-01-23 10:45:00", "subject": "2", "recorded-or-robo": "Y", "city": "Moneta", "state": "VA", "area-code": "540"}, {"id": "3decc6bfadaa436a105714c6ba73ac49", "number": "2819343104", "date": "2021-01-22 15:24:00", "subject": "3", "recorded-or-robo": "", "city": "", "state": "TX", "area-code": "281"}, {"id": "03e293b3df9e35eadf15c5611909cda3", "number": "2819343104", "date": "2021-01-22 15:24:00", "subject": "3", "recorded-or-robo": "", "city": "", "state": "TX", "area-code": "281"}, {"id": "3decc6bfadaa436a105714c6ba73a04c", "number": "6516399813", "date": "2021-01-12 10:11:00", "subject": "0", "recorded-or-robo": "Y", "city": "Saint Paul", "state": "MN", "area-code": "651"}, {"id": "03e293b3df9e35eadf15c5611909c323", "number": "6516399813", "date": "2021-01-12 10:11:00", "subject": "0", "recorded-or-robo": "Y", "city": "Saint Paul", "state": "MN", "area-code": "651"}, {"id": "3decc6bfadaa436a105714c6ba73912e", "number": "9376575883", "date": "2021-01-22 20:45:00", "subject": "1", "recorded-or-robo": "N", "city": "Bellevue", "state": "OH", "area-code": "567"}, {"id": "03e293b3df9e35eadf15c5611909c06e", "number": "9376575883", "date": "2021-01-22 20:45:00", "subject": "1", "recorded-or-robo": "N", "city": "Bellevue", "state": "OH", "area-code": "567"}, {"id": "3decc6bfadaa436a105714c6ba736ffd", "number": "9546946298", "date": "2021-01-23 11:47:00", "subject": "3", "recorded-or-robo": "", "city": "", "state": "TX", "area-code": "281"}, {"id": "03e293b3df9e35eadf15c56119099d83", "number": "9546946298", "date": "2021-01-23 11:47:00", "subject": "3", "recorded-or-robo": "", "city": "", "state": "TX", "area-code": "281"}, {"id": "3decc6bfadaa436a105714c6ba7388ae", "number": "3126860680", "date": "2021-01-23 22:46:00", "subject": "3", "recorded-or-robo": "Y", "city": "", "state": "IL", "area-code": "708"}, {"id": "03e293b3df9e35eadf15c5611909b2e3", "number": "3126860680", "date": "2021-01-23 22:46:00", "subject": "3", "recorded-or-robo": "Y", "city": "", "state": "IL", "area-code": "708"}, {"id": "3decc6bfadaa436a105714c6ba858a51", "number": "7146432819", "date": "2021-01-23 23:56:55", "subject": "3", "recorded-or-robo": "Y", "city": "", "state": "CA", "area-code": "949"}, {"id": "03e293b3df9e35eadf15c561191c1274", "number": "7146432819", "date": "2021-01-23 23:56:55", "subject": "3", "recorded-or-robo": "Y", "city": "", "state": "CA", "area-code": "949"}, {"id": "3decc6bfadaa436a105714c6ba737c3a", "number": "7259773396", "date": "2021-01-23 12:14:00", "subject": "0", "recorded-or-robo": "Y", "city": "Las Vegas", "state": "NV", "area-code": "702"}, {"id": "03e293b3df9e35eadf15c5611909a652", "number": "7259773396", "date": "2021-01-23 12:14:00", "subject": "0", "recorded-or-robo": "Y", "city": "Las Vegas", "state": "NV", "area-code": "702"}, {"id": "3decc6bfadaa436a105714c6ba736aad", "number": "12212352702425", "date": "2021-01-22 12:35:00", "subject": "1", "recorded-or-robo": "N", "city": "Bellevue", "state": "OH", "area-code": "567"}, {"id": "03e293b3df9e35eadf15c56119099a8f", "number": "12212352702425", "date": "2021-01-22 12:35:00", "subject": "1", "recorded-or-robo": "N", "city": "Bellevue", "state": "OH", "area-code": "567"}, {"id": "3decc6bfadaa436a105714c6ba735bff", "number": "8763238575", "date": "2021-01-13 12:29:00", "subject": "0", "recorded-or-robo": "Y", "city": "Saint Paul", "state": "MN", "area-code": "651"}, {"id": "03e293b3df9e35eadf15c561190994b1", "number": "8763238575", "date": "2021-01-13 12:29:00", "subject": "0", "recorded-or-robo": "Y", "city": "Saint Paul", "state": "MN", "area-code": "651"}, {"id": "3decc6bfadaa436a105714c6ba735435", "number": "2066272513", "date": "2021-01-23 14:05:00", "subject": "2", "recorded-or-robo": "Y", "city": "Manchester", "state": "MO", "area-code": "314"}, {"id": "03e293b3df9e35eadf15c56119099192", "number": "2066272513", "date": "2021-01-23 14:05:00", "subject": "2", "recorded-or-robo": "Y", "city": "Manchester", "state": "MO", "area-code": "314"}, {"id": "3decc6bfadaa436a105714c6ba7348df", "number": "9166559208", "date": "2021-01-23 10:12:00", "subject": "2", "recorded-or-robo": "N", "city": "", "state": "CA", "area-code": "916"}, {"id": "03e293b3df9e35eadf15c56119098eef", "number": "9166559208", "date": "2021-01-23 10:12:00", "subject": "2", "recorded-or-robo": "N", "city": "", "state": "CA", "area-code": "916"}, {"id": "3decc6bfadaa436a105714c6ba7329ef", "number": "2819883202", "date": "2021-01-23 11:39:00", "subject": "3", "recorded-or-robo": "", "city": "", "state": "TX", "area-code": "281"}]}