{"data": [{"id": "03e293b3df9e35eadf15c5611934baae", "number": "5099799321", "date": "2021-01-24 09:37:00", "subject": "11", "recorded-or-robo": "Y", "city": "", "state": "", "area-code": "855"}, {"id": "3decc6bfadaa436a105714c6ba9e682b", "number": "8556785685", "date": "2021-01-24 12:30:00", "subject": "2", "recorded-or-robo": "Y", "city": "Pickerington", "state": "OH", "area-code": "740"}, {"id": "03e293b3df9e35eadf15c5611934b85f", "number": "8556785685", "date": "2021-01-24 12:30:00", "subject": "2", "recorded-or-robo": "Y", "city": "Pickerington", "state": "OH", "area-code": "740"}, {"id": "3decc6bfadaa436a105714c6ba9e627b", "number": "7866232787", "date": "2021-01-23 12:55:00", "subject": "2", "recorded-or-robo": "Y", "city": "", "state": "NH", "area-code": "603"}, {"id": "03e293b3df9e35eadf15c5611934b3d6", "number": "7866232787", "date": "2021-01-23 12:55:00", "subject": "2", "recorded-or-robo": "Y", "city": "", "state": "NH", "area-code": "603"}, {"id": "3decc6bfadaa436a105714c6ba9e5a73", "number": "5092019318", "date": "2021-01-24 08:05:00", "subject": "1", "recorded-or-robo": "Y", "city": "Ellensburg", "state": "WA", "area-code": "509"}, {"id": "03e293b3df9e35eadf15c5611934b07e", "number": "5092019318", "date": "2021-01-24 08:05:00", "subject": "1", "recorded-or-robo": "Y", "city": "Ellensburg", "state": "WA", "area-code": "509"}, {"id": "3decc6bfadaa436a105714c6ba9e5420", "number": "", "date": "2021-01-23 12:00:00", "subject": "2", "recorded-or-robo": "Y", "city": "West Richland", "state": "WA", "area-code": "509"}, {"id": "03e293b3df9e35eadf15c5611934b03c", "number": "", "date": "2021-01-23 12:00:00", "subject": "2", "recorded-or-robo": "Y", "city": "West Richland", "state": "WA", "area-code": "509"}, {"id": "3decc6bfadaa436a105714c6ba9e48ac", "number": "3602081082", "date": "2021-01-24 09:40:00", "subject": "2", "recorded-or-robo": "N", "city": "Ferndale", "state": "WA", "area-code": "360"}, {"id": "03e293b3df9e35eadf15c5611934ae6b", "number": "3602081082", "date": "2021-01-24 09:40:00", "subject": "2", "recorded-or-robo": "N", "city": "Ferndale", "state": "WA", "area-code": "360"}, {"id": "3decc6bfadaa436a105714c6ba9e4649", "number": "3526222501", "date": "2021-01-23 13:21:00", "subject": "2", "recorded-or-robo": "Y", "city": "Ocala", "state": "FL", "area-code": "352"}, {"id": "03e293b3df9e35eadf15c5611934a5fe", "number": "3526222501", "date": "2021-01-23 13:21:00", "subject": "2", "recorded-or-robo": "Y", "city": "Ocala", "state": "FL", "area-code": "352"}, {"id": "3decc6bfadaa436a105714c6ba9e393f", "number": "3865232612", "date": "2021-01-24 11:07:00", "subject": "1", "recorded-or-robo": "Y", "city": "Pacific", "state": "MO", "area-code": "386"}, {"id": "03e293b3df9e35eadf15c5611934991a", "number": "3865232612", "date": "2021-01-24 11:07:00", "subject": "1", "recorded-or-robo": "Y", "city": "Pacific", "state": "MO", "area-code": "386"}, {"id": "3decc6bfadaa436a105714c6ba9e31ea", "number": "3145707522", "date": "2021-01-23 16:40:00", "subject": "2", "recorded-or-robo": "Y", "city": "New Haven", "state": "MO", "area-code": "314"}, {"id": "03e293b3df9e35eadf15c56119348d61", "number": "3145707522", "date": "2021-01-23 16:40:00", "subject": "2", "recorded-or-robo": "Y", "city": "New Haven", "state": "MO", "area-code": "314"}, {"id": "3decc6bfadaa436a105714c6ba9e22eb", "number": "4158874232", "date": "2021-01-22 00:00:00", "subject": "0", "recorded-or-robo": "N", "city": "Carmel", "state": "CA", "area-code": "415"}, {"id": "03e293b3df9e35eadf15c561193488c4", "number": "4158874232", "date": "2021-01-22 00:00:00", "subject": "0", "recorded-or-robo": "N", "city": "Carmel", "state": "CA", "area-code": "415"}, {"id": "3decc6bfadaa436a105714c6ba9e195e", "number": "4406693500", "date": "2021-01-24 12:19:00", "subject": "2", "recorded-or-robo": "Y", "city": "Bay village", "state": "OH", "area-code": "440"}, {"id": "03e293b3df9e35eadf15c561193486e9", "number": "4406693500", "date": "2021-01-24 12:19:00", "subject": "2", "recorded-or-robo": "Y", "city": "Bay village", "state": "OH", "area-code": "440"}, {"id": "3decc6bfadaa436a105714c6ba9e1460", "number": "8442049279", "date": "2021-01-24 11:17:00", "subject": "1", "recorded-or-robo": "Y", "city": "Houston", "state": "TX", "area-code": "713"}, {"id": "03e293b3df9e35eadf15c56119347c23", "number": "8442049279", "date": "2021-01-24 11:17:00", "subject": "1", "recorded-or-robo": "Y", "city": "Houston", "state": "TX", "area-code": "713"}, {"id": "3decc6bfadaa436a105714c6ba9e053c", "number": "8609369747", "date": "2021-01-24 12:39:00", "subject": "2", "recorded-or-robo": "N", "city": "Torrington", "state": "CT", "area-code": "860"}, {"id": "03e293b3df9e35eadf15c561193472a3", "number": "8609369747", "date": "2021-01-24 12:39:00", "subject": "2", "recorded-or-robo": "N", "city": "Torrington", "state": "CT", "area-code": "860"}, {"id": "3decc6bfadaa436a105714c6ba9e00a4", "number": "4707650093", "date": "2021-01-23 12:30:00", "subject": "9", "recorded-or-robo": "Y", "city": "", "state": "GA", "area-code": "770"}, {"id": "03e293b3df9e35eadf15c561193471b7", "number": "4707650093", "date": "2021-01-23 12:30:00", "subject": "9", "recorded-or-robo": "Y", "city": "", "state": "GA", "area-code": "770"}, {"id": "3decc6bfadaa436a105714c6ba9df3f3", "number": "3144351434", "date": "2021-01-24 10:30:00", "subject": "1", "recorded-or-robo": "Y", "city": "", "state": "NY", "area-code": "315"}, {"id": "03e293b3df9e35eadf15c56119346b48", "number": "3144351434", "date": "2021-01-24 10:30:00", "subject": "1", "recorded-or-robo": "Y", "city": "", "state": "NY", "area-code": "315"}, {"id": "3decc6bfadaa436a105714c6ba9deffb", "number": "2314994424", "date": "2021-01-24 12:37:00", "subject": "2", "recorded-or-robo": "Y", "city": "Kaleva", "state": "MI", "area-code": "231"}, {"id": "03e293b3df9e35eadf15c5611934609d", "number": "2314994424", "date": "2021-01-24 12:37:00", "subject": "2", "recorded-or-robo": "Y", "city": "Kaleva", "state": "MI", "area-code": "231"}, {"id": "3decc6bfadaa436a105714c6ba9de030", "number": "3152328257", "date": "2021-01-24 09:13:00", "subject": "2", "recorded-or-robo": "Y", "city": "Logansport", "state": "IN", "area-code": "574"}, {"id": "03e293b3df9e35eadf15c56119345db1", "number": "3152328257", "date": "2021-01-24 09:13:00", "subject": "2", "recorded-or-robo": "Y", "city": "Logansport", "state": "IN", "area-code": "574"}, {"id": "3decc6bfadaa436a105714c6ba9dde93", "number": "8329988083", "date": "2021-01-24 11:34:00", "subject": "8", "recorded-or-robo": "Y", "city": "Southlake", "state": "TX", "area-code": "817"}, {"id": "03e293b3df9e35eadf15c56119344e89", "number": "8329988083", "date": "2021-01-24 11:34:00", "subject": "8", "recorded-or-robo": "Y", "city": "Southlake", "state": "TX", "area-code": "817"}, {"id": "3decc6bfadaa436a105714c6ba9dd576", "number": "7062523194", "date": "2021-01-24 12:16:00", "subject": "9", "recorded-or-robo": "Y", "city": "", "state": "GA", "area-code": "770"}, {"id": "03e293b3df9e35eadf15c56119343eb0", "number": "7062523194", "date": "2021-01-24 12:16:00", "subject": "9", "recorded-or-robo": "Y", "city": "", "state": "GA", "area-code": "770"}, {"id": "3decc6bfadaa436a105714c6ba9dcebd", "number": "8137561262", "date": "2021-01-24 12:34:00", "subject": "0", "recorded-or-robo": "Y", "city": "Winter Haven", "state": "FL", "area-code": "863"}, {"id": "03e293b3df9e35eadf15c56119343e4c", "number": "8137561262", "date": "2021-01-24 12:34:00", "subject": "0", "recorded-or-robo": "Y", "city": "Winter Haven", "state": "FL", "area-code": "863"}, {"id": "3decc6bfadaa436a105714c6ba9dccfc", "number": "2019198304", "date": "2021-01-24 11:52:00", "subject": "11", "recorded-or-robo": "Y", "city": "", "state": "MD", "area-code": "201"}, {"id": "03e293b3df9e35eadf15c56119343266", "number": "2019198304", "date": "2021-01-24 11:52:00", "subject": "11", "recorded-or-robo": "Y", "city": "", "state": "MD", "area-code": "201"}, {"id": "3decc6bfadaa436a105714c6ba9dc3a6", "number": "", "date": "2020-01-20 11:08:00", "subject": "3", "recorded-or-robo": "Y", "city": "", "state": "FL", "area-code": "305"}, {"id": "03e293b3df9e35eadf15c56119342749", "number": "", "date": "2020-01-20 11:08:00", "subject": "3", "recorded-or-robo": "Y", "city": "", "state": "FL", "area-code": "305"}, {"id": "3decc6bfadaa436a105714c6ba9dbae3", "number": "2019232939", "date": "2021-01-23 16:31:00", "subject": "2", "recorded-or-robo": "", "city": "Pompton Plains", "state": "NJ", "area-code": "201"}, {"id": "03e293b3df9e35eadf15c561193418fe", "number": "2019232939", "date": "2021-01-23 16:31:00", "subject": "2", "recorded-or-robo": "", "city": "Pompton Plains", "state": "NJ", "area-code": "201"}, {"id": "3decc6bfadaa436a105714c6ba9db2f8", "number": "3012358054", "date": "2021-01-19 00:00:00", "subject": "2", "recorded-or-robo": "N", "city": "", "state": "MD", "area-code": "301"}, {"id": "03e293b3df9e35eadf15c56119340e5e", "number": "3012358054", "date": "2021-01-19 00:00:00", "subject": "2", "recorded-or-robo": "N", "city": "", "state": "MD", "area-code": "301"}, {"id": "3decc6bfadaa436a105714c6ba9dacf8", "number": "", "date": "2021-01-24 12:00:00", "subject": "1", "recorded-or-robo": "Y", "city": "Olathe", "state": "KS", "area-code": "913"}, {"id": "03e293b3df9e35eadf15c56119340cc2", "number": "", "date": "2021-01-24 12:00:00", "subject": "1", "recorded-or-robo": "Y", "city": "Olathe", "state": "KS", "area-code": "913"}, {"id": "3decc6bfadaa436a105714c6ba9da3ee", "number": "8135037931", "date": "2021-01-24 12:35:00", "subject": "11", "recorded-or-robo": "N", "city": "", "state": "FL", "area-code": "813"}]}