{"data": [{"id": "3decc6bfadaa436a105714c6baf882a0", "number": "9738657537", "date": "2021-01-26 09:52:00", "subject": "2", "recorded-or-robo": "Y", "city": "Towaco", "state": "NJ", "area-code": "973"}, {"id": "3decc6bfadaa436a105714c6baf874c3", "number": "9173732241", "date": "2021-01-25 00:00:00", "subject": "2", "recorded-or-robo": "Y", "city": "", "state": "NY", "area-code": "917"}, {"id": "3decc6bfadaa436a105714c6baf86e97", "number": "8335540129", "date": "2021-01-25 17:07:00", "subject": "13", "recorded-or-robo": "Y", "city": "Wake Forest", "state": "NC", "area-code": "919"}, {"id": "3decc6bfadaa436a105714c6baf86a2f", "number": "4694217781", "date": "2021-01-26 08:50:00", "subject": "2", "recorded-or-robo": "Y", "city": "Rockwall", "state": "TX", "area-code": "972"}, {"id": "3decc6bfadaa436a105714c6baf85c77", "number": "2704607833", "date": "2021-01-20 10:38:00", "subject": "2", "recorded-or-robo": "N", "city": "Hopkinsville", "state": "KY", "area-code": "270"}, {"id": "3decc6bfadaa436a105714c6baf850c8", "number": "6193759750", "date": "2021-01-25 13:58:00", "subject": "3", "recorded-or-robo": "Y", "city": "Dowagiac", "state": "MI", "area-code": "269"}, {"id": "3decc6bfadaa436a105714c6baf84711", "number": "4235503877", "date": "2021-01-26 00:00:00", "subject": "3", "recorded-or-robo": "", "city": "", "state": "TN", "area-code": "423"}, {"id": "3decc6bfadaa436a105714c6baf83c16", "number": "8145543207", "date": "2021-01-21 07:56:00", "subject": "1", "recorded-or-robo": "Y", "city": "", "state": "PA", "area-code": "814"}, {"id": "3decc6bfadaa436a105714c6baf83b01", "number": "6175497455", "date": "2021-01-26 08:25:00", "subject": "1", "recorded-or-robo": "N", "city": "Leander", "state": "TX", "area-code": "617"}, {"id": "3decc6bfadaa436a105714c6baf82f4a", "number": "5163344766", "date": "2021-01-26 01:33:00", "subject": "2", "recorded-or-robo": "Y", "city": "Westbury", "state": "NY", "area-code": "516"}, {"id": "3decc6bfadaa436a105714c6baf82d9f", "number": "3802350360", "date": "2021-01-26 09:34:00", "subject": "2", "recorded-or-robo": "N", "city": "Carlisle", "state": "OH", "area-code": "937"}, {"id": "3decc6bfadaa436a105714c6baf7d7ac", "number": "", "date": "2021-01-26 09:54:00", "subject": "3", "recorded-or-robo": "N", "city": "", "state": "NC", "area-code": "252"}, {"id": "3decc6bfadaa436a105714c6baf82419", "number": "9178971717", "date": "2021-01-25 00:00:00", "subject": "2", "recorded-or-robo": "Y", "city": "", "state": "NY", "area-code": "917"}, {"id": "3decc6bfadaa436a105714c6baf81881", "number": "7579414532", "date": "2021-01-26 00:00:00", "subject": "2", "recorded-or-robo": "N", "city": "", "state": "VA", "area-code": "757"}, {"id": "3decc6bfadaa436a105714c6baf80d17", "number": "2705112526", "date": "2021-01-20 13:33:00", "subject": "2", "recorded-or-robo": "N", "city": "Hopkinsville", "state": "KY", "area-code": "270"}, {"id": "3decc6bfadaa436a105714c6baf80249", "number": "9206902010", "date": "2021-01-19 13:34:00", "subject": "2", "recorded-or-robo": "", "city": "Baltimore", "state": "MD", "area-code": "410"}, {"id": "3decc6bfadaa436a105714c6baf796b3", "number": "2034507750", "date": "2021-01-26 09:31:00", "subject": "3", "recorded-or-robo": "N", "city": "", "state": "FL", "area-code": "305"}, {"id": "3decc6bfadaa436a105714c6baf7f45b", "number": "2108544506", "date": "2021-01-25 10:51:00", "subject": "1", "recorded-or-robo": "Y", "city": "Colorado Springs", "state": "CO", "area-code": "210"}, {"id": "3decc6bfadaa436a105714c6baf7eadf", "number": "2029604491", "date": "2021-01-26 09:10:00", "subject": "2", "recorded-or-robo": "Y", "city": "Silver Spring", "state": "MD", "area-code": "301"}, {"id": "3decc6bfadaa436a105714c6baf7e64e", "number": "9147659346", "date": "2021-01-26 09:54:00", "subject": "2", "recorded-or-robo": "Y", "city": "PORT JEFFERSON STATION", "state": "NY", "area-code": "631"}, {"id": "3decc6bfadaa436a105714c6baf7c908", "number": "2242313186", "date": "2021-01-21 16:59:00", "subject": "0", "recorded-or-robo": "", "city": "Geneva", "state": "IL", "area-code": "847"}, {"id": "3decc6bfadaa436a105714c6baf7c703", "number": "7182447331", "date": "2021-01-24 15:09:00", "subject": "0", "recorded-or-robo": "Y", "city": "Corona", "state": "NY", "area-code": "917"}, {"id": "3decc6bfadaa436a105714c6baf7b9f8", "number": "8599081854", "date": "2021-01-25 00:00:00", "subject": "2", "recorded-or-robo": "Y", "city": "", "state": "NY", "area-code": "917"}, {"id": "3decc6bfadaa436a105714c6baf7b707", "number": "8037561154", "date": "2021-01-26 09:30:00", "subject": "6", "recorded-or-robo": "Y", "city": "Lexington", "state": "SC", "area-code": "803"}, {"id": "3decc6bfadaa436a105714c6baf7acb3", "number": "3307781052", "date": "2021-01-26 09:42:00", "subject": "4", "recorded-or-robo": "Y", "city": "", "state": "IL", "area-code": "847"}, {"id": "3decc6bfadaa436a105714c6baf79e66", "number": "6175995275", "date": "2021-01-26 08:30:00", "subject": "1", "recorded-or-robo": "N", "city": "Leander", "state": "TX", "area-code": "617"}, {"id": "3decc6bfadaa436a105714c6baf79d07", "number": "8582851501", "date": "2021-01-20 16:43:00", "subject": "2", "recorded-or-robo": "N", "city": "Hopkinsville", "state": "KY", "area-code": "270"}, {"id": "3decc6bfadaa436a105714c6baf793f5", "number": "", "date": "2021-01-26 09:46:00", "subject": "1", "recorded-or-robo": "Y", "city": "Grand Rapids", "state": "MI", "area-code": "616"}, {"id": "3decc6bfadaa436a105714c6baf791ed", "number": "", "date": "2021-01-26 09:52:00", "subject": "6", "recorded-or-robo": "Y", "city": "", "state": "TN", "area-code": "865"}, {"id": "3decc6bfadaa436a105714c6baf791dc", "number": "4787631402", "date": "2021-01-26 09:55:00", "subject": "6", "recorded-or-robo": "Y", "city": "", "state": "GA", "area-code": "478"}, {"id": "3decc6bfadaa436a105714c6baf78640", "number": "8024092753", "date": "2021-01-26 09:54:00", "subject": "1", "recorded-or-robo": "Y", "city": "South Burlington", "state": "VT", "area-code": "802"}, {"id": "3decc6bfadaa436a105714c6baf77fb4", "number": "8632591001", "date": "2021-01-26 09:56:00", "subject": "1", "recorded-or-robo": "Y", "city": "", "state": "FL", "area-code": "863"}, {"id": "3decc6bfadaa436a105714c6baf77df4", "number": "4056957929", "date": "2021-01-26 09:45:00", "subject": "2", "recorded-or-robo": "N", "city": "Carlisle", "state": "OH", "area-code": "937"}, {"id": "3decc6bfadaa436a105714c6baf77381", "number": "7572392035", "date": "2021-01-26 09:49:00", "subject": "2", "recorded-or-robo": "N", "city": "", "state": "VA", "area-code": "757"}, {"id": "3decc6bfadaa436a105714c6baf76fa0", "number": "2245400012", "date": "2021-01-21 12:09:00", "subject": "2", "recorded-or-robo": "N", "city": "Hopkinsville", "state": "KY", "area-code": "270"}, {"id": "3decc6bfadaa436a105714c6baf76388", "number": "4842634356", "date": "2021-01-26 08:52:00", "subject": "2", "recorded-or-robo": "N", "city": "", "state": "MS", "area-code": "228"}, {"id": "3decc6bfadaa436a105714c6baf75984", "number": "8083672549", "date": "2021-01-26 08:39:00", "subject": "2", "recorded-or-robo": "N", "city": "Rochester", "state": "MN", "area-code": "608"}, {"id": "3decc6bfadaa436a105714c6baf6eb68", "number": "8885240691", "date": "2021-01-26 08:48:00", "subject": "3", "recorded-or-robo": "", "city": "", "state": "SC", "area-code": "843"}, {"id": "3decc6bfadaa436a105714c6baf75640", "number": "5167753177", "date": "2021-01-26 12:00:00", "subject": "2", "recorded-or-robo": "Y", "city": "OMAHA", "state": "NE", "area-code": "402"}, {"id": "3decc6bfadaa436a105714c6baf747a8", "number": "2037999031", "date": "2021-01-26 06:42:00", "subject": "1", "recorded-or-robo": "Y", "city": "Lake Oswego", "state": "OR", "area-code": "971"}, {"id": "3decc6bfadaa436a105714c6baf73afe", "number": "2704562640", "date": "2021-01-21 15:02:00", "subject": "2", "recorded-or-robo": "N", "city": "Hopkinsville", "state": "KY", "area-code": "270"}, {"id": "3decc6bfadaa436a105714c6baf72b7b", "number": "9173853047", "date": "2021-01-25 00:00:00", "subject": "2", "recorded-or-robo": "Y", "city": "", "state": "NY", "area-code": "917"}, {"id": "3decc6bfadaa436a105714c6baf7242a", "number": "6175870135", "date": "2021-01-26 08:37:00", "subject": "6", "recorded-or-robo": "N", "city": "Leander", "state": "TX", "area-code": "617"}, {"id": "3decc6bfadaa436a105714c6baf71882", "number": "", "date": "2021-01-25 15:10:00", "subject": "1", "recorded-or-robo": "N", "city": "Gardnerville", "state": "NV", "area-code": "775"}, {"id": "3decc6bfadaa436a105714c6baf7155d", "number": "5392222425", "date": "2021-01-26 08:21:00", "subject": "6", "recorded-or-robo": "N", "city": "Ponca City", "state": "OK", "area-code": "580"}, {"id": "3decc6bfadaa436a105714c6baf7056a", "number": "9418674640", "date": "2021-01-26 08:54:00", "subject": "0", "recorded-or-robo": "Y", "city": "Fort Walton Beach", "state": "FL", "area-code": "850"}, {"id": "3decc6bfadaa436a105714c6baf6fd8c", "number": "4084546655", "date": "2021-01-26 09:48:00", "subject": "5", "recorded-or-robo": "N", "city": "Carlisle", "state": "OH", "area-code": "937"}, {"id": "3decc6bfadaa436a105714c6baf6f5ec", "number": "3462445974", "date": "2021-01-26 09:37:00", "subject": "1", "recorded-or-robo": "Y", "city": "Summit", "state": "NJ", "area-code": "908"}, {"id": "3decc6bfadaa436a105714c6baf6e753", "number": "2242257292", "date": "2021-01-26 09:50:00", "subject": "2", "recorded-or-robo": "N", "city": "", "state": "NC", "area-code": "252"}, {"id": "3decc6bfadaa436a105714c6baf6e0bc", "number": "7579758945", "date": "2021-01-25 11:49:00", "subject": "2", "recorded-or-robo": "Y", "city": "Chesapeake", "state": "VA", "area-code": "757"}]}