{"data": [{"id": "3decc6bfadaa436a105714c6badfaaef", "number": "7856956534", "date": "2021-01-25 08:50:00", "subject": "2", "recorded-or-robo": "Y", "city": "Orinda", "state": "CA", "area-code": "925"}, {"id": "3decc6bfadaa436a105714c6badfa72f", "number": "2086846496", "date": "2021-01-25 10:39:00", "subject": "2", "recorded-or-robo": "Y", "city": "", "state": "KS", "area-code": "785"}, {"id": "3decc6bfadaa436a105714c6badfa5e4", "number": "2187597722", "date": "2021-01-22 10:21:00", "subject": "1", "recorded-or-robo": "Y", "city": "", "state": "MN", "area-code": "651"}, {"id": "3decc6bfadaa436a105714c6badfa51b", "number": "9736945127", "date": "2021-01-25 11:15:00", "subject": "3", "recorded-or-robo": "Y", "city": "", "state": "CA", "area-code": "650"}, {"id": "3decc6bfadaa436a105714c6badfa0e0", "number": "8665281219", "date": "2021-01-25 12:00:00", "subject": "1", "recorded-or-robo": "Y", "city": "Weed", "state": "CA", "area-code": "530"}, {"id": "3decc6bfadaa436a105714c6badf9801", "number": "6504510926", "date": "2021-01-25 13:56:00", "subject": "3", "recorded-or-robo": "N", "city": "", "state": "CA", "area-code": "650"}, {"id": "3decc6bfadaa436a105714c6badf9430", "number": "9282820977", "date": "2021-01-25 20:10:00", "subject": "2", "recorded-or-robo": "N", "city": "Cottonwood", "state": "AZ", "area-code": "928"}, {"id": "3decc6bfadaa436a105714c6badf8bcc", "number": "3235824457", "date": "2020-12-10 11:12:00", "subject": "4", "recorded-or-robo": "Y", "city": "SANTA CLARA", "state": "CA", "area-code": "408"}, {"id": "3decc6bfadaa436a105714c6badf7c50", "number": "7206941182", "date": "2021-01-25 13:29:00", "subject": "3", "recorded-or-robo": "N", "city": "", "state": "CA", "area-code": "650"}, {"id": "3decc6bfadaa436a105714c6badf87e2", "number": "5134931616", "date": "2021-01-25 16:12:00", "subject": "0", "recorded-or-robo": "Y", "city": "WENATCHEE", "state": "WA", "area-code": "509"}, {"id": "3decc6bfadaa436a105714c6badf7590", "number": "8033012592", "date": "2021-01-25 13:09:00", "subject": "3", "recorded-or-robo": "Y", "city": "", "state": "CA", "area-code": "650"}, {"id": "3decc6bfadaa436a105714c6badf6618", "number": "8589599304", "date": "2021-01-13 10:38:00", "subject": "4", "recorded-or-robo": "Y", "city": "SANTA CLARA", "state": "CA", "area-code": "408"}, {"id": "3decc6bfadaa436a105714c6badf605e", "number": "2029006901", "date": "2021-01-25 12:00:00", "subject": "2", "recorded-or-robo": "N", "city": "Spokane Valley", "state": "WA", "area-code": "509"}, {"id": "3decc6bfadaa436a105714c6badf5f3a", "number": "9253504994", "date": "2021-01-25 12:36:00", "subject": "0", "recorded-or-robo": "Y", "city": "", "state": "CA", "area-code": "925"}, {"id": "3decc6bfadaa436a105714c6badf593b", "number": "7374146237", "date": "2021-01-25 14:01:00", "subject": "2", "recorded-or-robo": "N", "city": "Rockford", "state": "IL", "area-code": "779"}, {"id": "3decc6bfadaa436a105714c6badf52ec", "number": "7603396515", "date": "2021-01-25 07:52:00", "subject": "4", "recorded-or-robo": "Y", "city": "", "state": "CA", "area-code": "925"}, {"id": "3decc6bfadaa436a105714c6badf5238", "number": "7602920611", "date": "2021-01-25 10:00:00", "subject": "2", "recorded-or-robo": "Y", "city": "San Marcos", "state": "CA", "area-code": "760"}, {"id": "3decc6bfadaa436a105714c6badf510d", "number": "7622521163", "date": "2021-01-25 11:26:00", "subject": "2", "recorded-or-robo": "N", "city": "", "state": "FL", "area-code": "239"}, {"id": "3decc6bfadaa436a105714c6badf48d3", "number": "8012432624", "date": "2021-01-25 22:53:00", "subject": "2", "recorded-or-robo": "", "city": "", "state": "UT", "area-code": "801"}, {"id": "3decc6bfadaa436a105714c6badf43f4", "number": "4842129311", "date": "2021-01-25 12:25:00", "subject": "4", "recorded-or-robo": "N", "city": "Mililani", "state": "HI", "area-code": "808"}, {"id": "3decc6bfadaa436a105714c6badf3996", "number": "523330276788", "date": "2021-01-26 12:00:00", "subject": "2", "recorded-or-robo": "N", "city": "Lincoln", "state": "NE", "area-code": "402"}, {"id": "3decc6bfadaa436a105714c6badf3573", "number": "4087852745", "date": "2021-01-25 14:43:00", "subject": "0", "recorded-or-robo": "N", "city": "San Jose", "state": "CA", "area-code": "408"}, {"id": "3decc6bfadaa436a105714c6badf2da8", "number": "4087878041", "date": "2021-01-25 08:09:00", "subject": "0", "recorded-or-robo": "N", "city": "San Jose", "state": "CA", "area-code": "408"}, {"id": "3decc6bfadaa436a105714c6badf20da", "number": "?2602966633?", "date": "2021-01-25 13:17:00", "subject": "1", "recorded-or-robo": "Y", "city": "Medford", "state": "NJ", "area-code": "267"}, {"id": "3decc6bfadaa436a105714c6badf16e7", "number": "3131473313385931", "date": "2021-01-25 00:00:00", "subject": "6", "recorded-or-robo": "Y", "city": "Baroda", "state": "MI", "area-code": "269"}, {"id": "3decc6bfadaa436a105714c6badf0da2", "number": "2062316564", "date": "2021-01-26 00:37:00", "subject": "3", "recorded-or-robo": "Y", "city": "", "state": "FL", "area-code": "352"}, {"id": "3decc6bfadaa436a105714c6badefecf", "number": "", "date": "2021-01-25 12:48:00", "subject": "1", "recorded-or-robo": "Y", "city": "West Linn", "state": "OR", "area-code": "503"}, {"id": "3decc6bfadaa436a105714c6badef6ff", "number": "3608880352", "date": "2021-01-22 13:56:00", "subject": "0", "recorded-or-robo": "Y", "city": "", "state": "CA", "area-code": "415"}, {"id": "3decc6bfadaa436a105714c6badef51d", "number": "8083738675", "date": "2021-01-20 05:09:00", "subject": "0", "recorded-or-robo": "N", "city": "Honolulu", "state": "HI", "area-code": "808"}, {"id": "3decc6bfadaa436a105714c6badef213", "number": "7758634981", "date": "2021-01-25 12:00:00", "subject": "1", "recorded-or-robo": "Y", "city": "Weyauwega", "state": "WI", "area-code": "920"}, {"id": "3decc6bfadaa436a105714c6badeeb3b", "number": "5714640188", "date": "2021-01-23 14:28:00", "subject": "0", "recorded-or-robo": "Y", "city": "Tualatin", "state": "OR", "area-code": "503"}, {"id": "3decc6bfadaa436a105714c6badedbb5", "number": "9288322165", "date": "2021-01-22 10:26:00", "subject": "0", "recorded-or-robo": "Y", "city": "Tualatin", "state": "OR", "area-code": "503"}, {"id": "3decc6bfadaa436a105714c6baded053", "number": "2678175395", "date": "2021-01-25 12:09:00", "subject": "2", "recorded-or-robo": "Y", "city": "Honolulu", "state": "HI", "area-code": "808"}, {"id": "3decc6bfadaa436a105714c6badececd", "number": "3012230030", "date": "2021-01-25 15:08:00", "subject": "1", "recorded-or-robo": "Y", "city": "Bethesda", "state": "MD", "area-code": "301"}, {"id": "3decc6bfadaa436a105714c6badec9c6", "number": "5615940586", "date": "2021-01-25 07:08:00", "subject": "6", "recorded-or-robo": "N", "city": "Vero Beach", "state": "FL", "area-code": "561"}, {"id": "3decc6bfadaa436a105714c6badec76b", "number": "5413956213", "date": "2021-01-22 08:32:00", "subject": "0", "recorded-or-robo": "Y", "city": "Tualatin", "state": "OR", "area-code": "503"}, {"id": "3decc6bfadaa436a105714c6badec724", "number": "", "date": "2021-01-25 13:01:00", "subject": "2", "recorded-or-robo": "Y", "city": "Sequim", "state": "WA", "area-code": "360"}, {"id": "3decc6bfadaa436a105714c6badebcb0", "number": "5039056911", "date": "2021-01-22 08:21:00", "subject": "4", "recorded-or-robo": "Y", "city": "Tualatin", "state": "OR", "area-code": "503"}, {"id": "3decc6bfadaa436a105714c6badead4b", "number": "7159970145", "date": "2021-01-25 12:00:00", "subject": "13", "recorded-or-robo": "N", "city": "", "state": "MN", "area-code": "218"}, {"id": "3decc6bfadaa436a105714c6badeacbd", "number": "2175295312", "date": "2021-01-25 12:14:00", "subject": "3", "recorded-or-robo": "", "city": "Springfield", "state": "IL", "area-code": "217"}, {"id": "3decc6bfadaa436a105714c6badeaa5e", "number": "5039056911", "date": "2021-01-22 13:11:00", "subject": "4", "recorded-or-robo": "Y", "city": "Tualatin", "state": "OR", "area-code": "503"}, {"id": "3decc6bfadaa436a105714c6bade9b4e", "number": "3036750179", "date": "2021-01-25 12:49:00", "subject": "2", "recorded-or-robo": "Y", "city": "Playa del Rey", "state": "CA", "area-code": "310"}, {"id": "3decc6bfadaa436a105714c6bade9448", "number": "2176364467", "date": "2021-01-22 15:02:00", "subject": "3", "recorded-or-robo": "", "city": "Springfield", "state": "IL", "area-code": "217"}, {"id": "3decc6bfadaa436a105714c6bade8c75", "number": "2175291936", "date": "2021-01-21 13:58:00", "subject": "3", "recorded-or-robo": "", "city": "Springfield", "state": "IL", "area-code": "217"}, {"id": "3decc6bfadaa436a105714c6bade8345", "number": "6185796753", "date": "2021-01-25 21:04:00", "subject": "2", "recorded-or-robo": "N", "city": "Hanford", "state": "CA", "area-code": "559"}, {"id": "3decc6bfadaa436a105714c6bade80bd", "number": "3212487002", "date": "2021-01-25 09:23:00", "subject": "0", "recorded-or-robo": "Y", "city": "", "state": "CA", "area-code": "415"}, {"id": "3decc6bfadaa436a105714c6bade76c4", "number": "2174818015", "date": "2021-01-21 13:48:00", "subject": "3", "recorded-or-robo": "", "city": "Springfield", "state": "IL", "area-code": "217"}, {"id": "3decc6bfadaa436a105714c6bade6ba8", "number": "5039056911", "date": "2021-01-22 10:49:00", "subject": "4", "recorded-or-robo": "Y", "city": "Tualatin", "state": "OR", "area-code": "503"}, {"id": "3decc6bfadaa436a105714c6bade607a", "number": "2174818015", "date": "2021-01-21 09:42:00", "subject": "3", "recorded-or-robo": "", "city": "Springfield", "state": "IL", "area-code": "217"}, {"id": "3decc6bfadaa436a105714c6bade559b", "number": "5039056911", "date": "2021-01-22 08:21:00", "subject": "4", "recorded-or-robo": "Y", "city": "Tualatin", "state": "OR", "area-code": "503"}]}