{"data": [{"id": "1d36742e3f24f50e4e7ae82801b756d3", "number": "6077253619", "date": "2021-01-23 13:11:00", "subject": "3", "recorded-or-robo": "Y", "city": "binghamton", "state": "NY", "area-code": "607"}, {"id": "3decc6bfadaa436a105714c6ba1fff65", "number": "", "date": "2021-01-23 12:00:00", "subject": "11", "recorded-or-robo": "Y", "city": "", "state": "NY", "area-code": "607"}, {"id": "1d36742e3f24f50e4e7ae82801b74f9c", "number": "", "date": "2021-01-23 12:00:00", "subject": "11", "recorded-or-robo": "Y", "city": "", "state": "NY", "area-code": "607"}, {"id": "3decc6bfadaa436a105714c6ba1ff0b6", "number": "8473102573", "date": "2021-01-22 13:25:00", "subject": "2", "recorded-or-robo": "Y", "city": "HOFFMAN ESTATES", "state": "IL", "area-code": "847"}, {"id": "1d36742e3f24f50e4e7ae82801b74608", "number": "8473102573", "date": "2021-01-22 13:25:00", "subject": "2", "recorded-or-robo": "Y", "city": "HOFFMAN ESTATES", "state": "IL", "area-code": "847"}, {"id": "3decc6bfadaa436a105714c6ba1fe781", "number": "7073618279", "date": "2021-01-22 14:12:00", "subject": "0", "recorded-or-robo": "Y", "city": "", "state": "CA", "area-code": "323"}, {"id": "1d36742e3f24f50e4e7ae82801b73e99", "number": "7073618279", "date": "2021-01-22 14:12:00", "subject": "0", "recorded-or-robo": "Y", "city": "", "state": "CA", "area-code": "323"}, {"id": "3decc6bfadaa436a105714c6ba1fd1ee", "number": "8452869859", "date": "2021-01-14 17:33:00", "subject": "3", "recorded-or-robo": "N", "city": "", "state": "NY", "area-code": "845"}, {"id": "1d36742e3f24f50e4e7ae82801b7301d", "number": "8452869859", "date": "2021-01-14 17:33:00", "subject": "3", "recorded-or-robo": "N", "city": "", "state": "NY", "area-code": "845"}, {"id": "3decc6bfadaa436a105714c6ba1fdacf", "number": "8179109115", "date": "2021-01-23 12:47:00", "subject": "4", "recorded-or-robo": "Y", "city": "", "state": "TX", "area-code": "817"}, {"id": "1d36742e3f24f50e4e7ae82801b739ab", "number": "8179109115", "date": "2021-01-23 12:47:00", "subject": "4", "recorded-or-robo": "Y", "city": "", "state": "TX", "area-code": "817"}, {"id": "3decc6bfadaa436a105714c6ba1fcf78", "number": "6077254962", "date": "2021-01-23 01:11:00", "subject": "3", "recorded-or-robo": "Y", "city": "binghamton", "state": "NY", "area-code": "607"}, {"id": "1d36742e3f24f50e4e7ae82801b72813", "number": "6077254962", "date": "2021-01-23 01:11:00", "subject": "3", "recorded-or-robo": "Y", "city": "binghamton", "state": "NY", "area-code": "607"}, {"id": "3decc6bfadaa436a105714c6ba1fcd5f", "number": "3176765130", "date": "2021-01-13 09:43:00", "subject": "2", "recorded-or-robo": "Y", "city": "", "state": "IN", "area-code": "317"}, {"id": "1d36742e3f24f50e4e7ae82801b720e2", "number": "3176765130", "date": "2021-01-13 09:43:00", "subject": "2", "recorded-or-robo": "Y", "city": "", "state": "IN", "area-code": "317"}, {"id": "3decc6bfadaa436a105714c6ba1fbea6", "number": "3462457907", "date": "2021-01-23 14:40:00", "subject": "6", "recorded-or-robo": "N", "city": "Zephyrhills", "state": "FL", "area-code": "404"}, {"id": "1d36742e3f24f50e4e7ae82801b71723", "number": "3462457907", "date": "2021-01-23 14:40:00", "subject": "6", "recorded-or-robo": "N", "city": "Zephyrhills", "state": "FL", "area-code": "404"}, {"id": "3decc6bfadaa436a105714c6ba1fb6dc", "number": "6077257036", "date": "2021-01-23 13:04:00", "subject": "3", "recorded-or-robo": "Y", "city": "binghamton", "state": "NY", "area-code": "607"}, {"id": "1d36742e3f24f50e4e7ae82801b716ad", "number": "6077257036", "date": "2021-01-23 13:04:00", "subject": "3", "recorded-or-robo": "Y", "city": "binghamton", "state": "NY", "area-code": "607"}, {"id": "3decc6bfadaa436a105714c6ba1fa896", "number": "8007411773", "date": "2021-01-22 12:00:00", "subject": "2", "recorded-or-robo": "Y", "city": "Melbourne", "state": "FL", "area-code": "626"}, {"id": "1d36742e3f24f50e4e7ae82801b711e7", "number": "8007411773", "date": "2021-01-22 12:00:00", "subject": "2", "recorded-or-robo": "Y", "city": "Melbourne", "state": "FL", "area-code": "626"}, {"id": "3decc6bfadaa436a105714c6ba74ff8c", "number": "2158745518", "date": "2021-01-23 14:49:16", "subject": "3", "recorded-or-robo": "Y", "city": "", "state": "PA", "area-code": "610"}, {"id": "03e293b3df9e35eadf15c561190b70cc", "number": "2158745518", "date": "2021-01-23 14:49:16", "subject": "3", "recorded-or-robo": "Y", "city": "", "state": "PA", "area-code": "610"}, {"id": "3decc6bfadaa436a105714c6ba1fa36b", "number": "5025129496", "date": "2021-01-23 14:46:00", "subject": "4", "recorded-or-robo": "Y", "city": "Greensboro", "state": "NC", "area-code": "502"}, {"id": "1d36742e3f24f50e4e7ae82801b70d9b", "number": "5025129496", "date": "2021-01-23 14:46:00", "subject": "4", "recorded-or-robo": "Y", "city": "Greensboro", "state": "NC", "area-code": "502"}, {"id": "3decc6bfadaa436a105714c6ba1f9594", "number": "7073093983", "date": "2021-01-22 10:36:00", "subject": "11", "recorded-or-robo": "Y", "city": "Windsor", "state": "CA", "area-code": "707"}, {"id": "1d36742e3f24f50e4e7ae82801b701e9", "number": "7073093983", "date": "2021-01-22 10:36:00", "subject": "11", "recorded-or-robo": "Y", "city": "Windsor", "state": "CA", "area-code": "707"}, {"id": "3decc6bfadaa436a105714c6ba1f953c", "number": "5135316000", "date": "2021-01-22 16:45:00", "subject": "4", "recorded-or-robo": "Y", "city": "Fort Thomas", "state": "KY", "area-code": "513"}, {"id": "1d36742e3f24f50e4e7ae82801b6fa9a", "number": "5135316000", "date": "2021-01-22 16:45:00", "subject": "4", "recorded-or-robo": "Y", "city": "Fort Thomas", "state": "KY", "area-code": "513"}, {"id": "3decc6bfadaa436a105714c6ba1f7cdd", "number": "8453160044", "date": "2021-01-15 11:44:00", "subject": "3", "recorded-or-robo": "N", "city": "", "state": "NY", "area-code": "845"}, {"id": "1d36742e3f24f50e4e7ae82801b6df77", "number": "8453160044", "date": "2021-01-15 11:44:00", "subject": "3", "recorded-or-robo": "N", "city": "", "state": "NY", "area-code": "845"}, {"id": "3decc6bfadaa436a105714c6ba1f93a5", "number": "4156599170", "date": "2021-01-18 16:00:00", "subject": "0", "recorded-or-robo": "Y", "city": "", "state": "AZ", "area-code": "928"}, {"id": "1d36742e3f24f50e4e7ae82801b6f781", "number": "4156599170", "date": "2021-01-18 16:00:00", "subject": "0", "recorded-or-robo": "Y", "city": "", "state": "AZ", "area-code": "928"}, {"id": "3decc6bfadaa436a105714c6ba1f8be7", "number": "3152328257", "date": "2021-01-23 14:40:00", "subject": "11", "recorded-or-robo": "Y", "city": "Binghamton", "state": "NY", "area-code": "607"}, {"id": "1d36742e3f24f50e4e7ae82801b6ed05", "number": "3152328257", "date": "2021-01-23 14:40:00", "subject": "11", "recorded-or-robo": "Y", "city": "Binghamton", "state": "NY", "area-code": "607"}, {"id": "3decc6bfadaa436a105714c6ba1f8325", "number": "2488265916", "date": "2021-01-23 12:24:00", "subject": "0", "recorded-or-robo": "Y", "city": "Clarkston", "state": "MI", "area-code": "248"}, {"id": "1d36742e3f24f50e4e7ae82801b6e252", "number": "2488265916", "date": "2021-01-23 12:24:00", "subject": "0", "recorded-or-robo": "Y", "city": "Clarkston", "state": "MI", "area-code": "248"}, {"id": "3decc6bfadaa436a105714c6ba1f7be0", "number": "3104982722", "date": "2021-01-23 09:11:00", "subject": "0", "recorded-or-robo": "Y", "city": "", "state": "CA", "area-code": "323"}, {"id": "1d36742e3f24f50e4e7ae82801b6d775", "number": "3104982722", "date": "2021-01-23 09:11:00", "subject": "0", "recorded-or-robo": "Y", "city": "", "state": "CA", "area-code": "323"}, {"id": "3decc6bfadaa436a105714c6ba1f747c", "number": "2624969244", "date": "2021-01-22 13:36:00", "subject": "6", "recorded-or-robo": "Y", "city": "", "state": "CA", "area-code": "805"}, {"id": "1d36742e3f24f50e4e7ae82801b6cdac", "number": "2624969244", "date": "2021-01-22 13:36:00", "subject": "6", "recorded-or-robo": "Y", "city": "", "state": "CA", "area-code": "805"}, {"id": "3decc6bfadaa436a105714c6ba1f52f7", "number": "8453160039", "date": "2021-01-18 19:42:00", "subject": "3", "recorded-or-robo": "N", "city": "", "state": "NY", "area-code": "845"}, {"id": "1d36742e3f24f50e4e7ae82801b69bf7", "number": "8453160039", "date": "2021-01-18 19:42:00", "subject": "3", "recorded-or-robo": "N", "city": "", "state": "NY", "area-code": "845"}, {"id": "3decc6bfadaa436a105714c6ba1f6539", "number": "4432335779", "date": "2021-01-23 13:31:00", "subject": "4", "recorded-or-robo": "Y", "city": "Brookhaven", "state": "GA", "area-code": "410"}, {"id": "1d36742e3f24f50e4e7ae82801b6c92c", "number": "4432335779", "date": "2021-01-23 13:31:00", "subject": "4", "recorded-or-robo": "Y", "city": "Brookhaven", "state": "GA", "area-code": "410"}, {"id": "3decc6bfadaa436a105714c6ba1f5fa9", "number": "8027649796", "date": "2021-01-23 00:00:00", "subject": "4", "recorded-or-robo": "Y", "city": "", "state": "VT", "area-code": "802"}, {"id": "1d36742e3f24f50e4e7ae82801b6b9db", "number": "8027649796", "date": "2021-01-23 00:00:00", "subject": "4", "recorded-or-robo": "Y", "city": "", "state": "VT", "area-code": "802"}, {"id": "3decc6bfadaa436a105714c6ba1f5d12", "number": "9286716474", "date": "2021-01-22 10:03:00", "subject": "0", "recorded-or-robo": "Y", "city": "", "state": "AZ", "area-code": "928"}, {"id": "1d36742e3f24f50e4e7ae82801b6b0e8", "number": "9286716474", "date": "2021-01-22 10:03:00", "subject": "0", "recorded-or-robo": "Y", "city": "", "state": "AZ", "area-code": "928"}, {"id": "3decc6bfadaa436a105714c6ba74eeea", "number": "+12676591399", "date": "2021-01-23 14:47:10", "subject": "3", "recorded-or-robo": "Y", "city": "", "state": "PA", "area-code": "267"}]}