{"data": [{"id": "1d36742e3f24f50e4e7ae82801ecbbd9", "number": "6292057580", "date": "2021-01-23 14:08:54", "subject": "3", "recorded-or-robo": "Y", "city": "", "state": "GA", "area-code": "678"}, {"id": "1d36742e3f24f50e4e7ae82801acf60a", "number": "4405778813", "date": "2021-01-23 13:18:00", "subject": "3", "recorded-or-robo": "Y", "city": "", "state": "OH", "area-code": "440"}, {"id": "1d36742e3f24f50e4e7ae82801ace75f", "number": "2154285036", "date": "2021-01-23 13:03:00", "subject": "2", "recorded-or-robo": "Y", "city": "Philadelphia", "state": "PA", "area-code": "215"}, {"id": "3decc6bfadaa436a105714c6ba56510b", "number": "8475970343", "date": "2021-01-23 14:08:50", "subject": "3", "recorded-or-robo": "Y", "city": "", "state": "IL", "area-code": "847"}, {"id": "1d36742e3f24f50e4e7ae82801eca6ff", "number": "8475970343", "date": "2021-01-23 14:08:50", "subject": "3", "recorded-or-robo": "Y", "city": "", "state": "IL", "area-code": "847"}, {"id": "3decc6bfadaa436a105714c6ba159018", "number": "9712678608", "date": "2021-01-18 12:28:00", "subject": "3", "recorded-or-robo": "", "city": "BISHOP", "state": "CA", "area-code": "971"}, {"id": "1d36742e3f24f50e4e7ae82801acdc21", "number": "9712678608", "date": "2021-01-18 12:28:00", "subject": "3", "recorded-or-robo": "", "city": "BISHOP", "state": "CA", "area-code": "971"}, {"id": "3decc6bfadaa436a105714c6ba158772", "number": "2184999647", "date": "2021-01-23 14:04:00", "subject": "2", "recorded-or-robo": "N", "city": "Independence", "state": "OH", "area-code": "440"}, {"id": "3decc6bfadaa436a105714c6ba158157", "number": "7197856715", "date": "2021-01-22 14:29:00", "subject": "5", "recorded-or-robo": "N", "city": "Westcliffe", "state": "CO", "area-code": "719"}, {"id": "1d36742e3f24f50e4e7ae82801acd11f", "number": "2184999647", "date": "2021-01-23 14:04:00", "subject": "2", "recorded-or-robo": "N", "city": "Independence", "state": "OH", "area-code": "440"}, {"id": "1d36742e3f24f50e4e7ae82801acca9d", "number": "7197856715", "date": "2021-01-22 14:29:00", "subject": "5", "recorded-or-robo": "N", "city": "Westcliffe", "state": "CO", "area-code": "719"}, {"id": "3decc6bfadaa436a105714c6ba157e74", "number": "7204149520", "date": "2021-01-22 12:49:00", "subject": "4", "recorded-or-robo": "Y", "city": "", "state": "CO", "area-code": "720"}, {"id": "1d36742e3f24f50e4e7ae82801acc522", "number": "7204149520", "date": "2021-01-22 12:49:00", "subject": "4", "recorded-or-robo": "Y", "city": "", "state": "CO", "area-code": "720"}, {"id": "3decc6bfadaa436a105714c6ba157264", "number": "8006423780", "date": "2021-01-22 10:50:00", "subject": "0", "recorded-or-robo": "Y", "city": "Bridgeton", "state": "NJ", "area-code": "856"}, {"id": "1d36742e3f24f50e4e7ae82801acc31d", "number": "8006423780", "date": "2021-01-22 10:50:00", "subject": "0", "recorded-or-robo": "Y", "city": "Bridgeton", "state": "NJ", "area-code": "856"}, {"id": "3decc6bfadaa436a105714c6ba156d6c", "number": "5418012372", "date": "2021-01-22 16:46:00", "subject": "2", "recorded-or-robo": "", "city": "PHOENIXVILLE", "state": "PA", "area-code": "610"}, {"id": "1d36742e3f24f50e4e7ae82801acb7ab", "number": "5418012372", "date": "2021-01-22 16:46:00", "subject": "2", "recorded-or-robo": "", "city": "PHOENIXVILLE", "state": "PA", "area-code": "610"}, {"id": "3decc6bfadaa436a105714c6ba1568d9", "number": "3152328257", "date": "2021-01-23 12:00:00", "subject": "11", "recorded-or-robo": "Y", "city": "Binghamton", "state": "NY", "area-code": "607"}, {"id": "1d36742e3f24f50e4e7ae82801acab4e", "number": "3152328257", "date": "2021-01-23 12:00:00", "subject": "11", "recorded-or-robo": "Y", "city": "Binghamton", "state": "NY", "area-code": "607"}, {"id": "3decc6bfadaa436a105714c6ba155db9", "number": "3145445095", "date": "2021-01-23 12:18:00", "subject": "2", "recorded-or-robo": "Y", "city": "Saint Louis", "state": "MO", "area-code": "314"}, {"id": "1d36742e3f24f50e4e7ae82801ac9e8c", "number": "3145445095", "date": "2021-01-23 12:18:00", "subject": "2", "recorded-or-robo": "Y", "city": "Saint Louis", "state": "MO", "area-code": "314"}, {"id": "3decc6bfadaa436a105714c6ba155a27", "number": "8136075277", "date": "2021-01-23 14:03:00", "subject": "0", "recorded-or-robo": "Y", "city": "Land O Lakes", "state": "FL", "area-code": "813"}, {"id": "1d36742e3f24f50e4e7ae82801ac9c9e", "number": "8136075277", "date": "2021-01-23 14:03:00", "subject": "0", "recorded-or-robo": "Y", "city": "Land O Lakes", "state": "FL", "area-code": "813"}, {"id": "3decc6bfadaa436a105714c6ba155589", "number": "5016017014", "date": "2021-01-23 08:30:00", "subject": "3", "recorded-or-robo": "", "city": "BISHOP", "state": "CA", "area-code": "971"}, {"id": "1d36742e3f24f50e4e7ae82801ac93dd", "number": "5016017014", "date": "2021-01-23 08:30:00", "subject": "3", "recorded-or-robo": "", "city": "BISHOP", "state": "CA", "area-code": "971"}, {"id": "3decc6bfadaa436a105714c6ba1551fc", "number": "7546667529", "date": "2021-01-19 14:10:00", "subject": "2", "recorded-or-robo": "", "city": "Bremen", "state": "AL", "area-code": "256"}, {"id": "1d36742e3f24f50e4e7ae82801ac8f7b", "number": "7546667529", "date": "2021-01-19 14:10:00", "subject": "2", "recorded-or-robo": "", "city": "Bremen", "state": "AL", "area-code": "256"}, {"id": "3decc6bfadaa436a105714c6ba1542af", "number": "3523294147", "date": "2021-01-23 14:04:00", "subject": "4", "recorded-or-robo": "Y", "city": "", "state": "VA", "area-code": "571"}, {"id": "1d36742e3f24f50e4e7ae82801ac894f", "number": "3523294147", "date": "2021-01-23 14:04:00", "subject": "4", "recorded-or-robo": "Y", "city": "", "state": "VA", "area-code": "571"}, {"id": "3decc6bfadaa436a105714c6ba153b2e", "number": "5044313680#c", "date": "2021-01-23 12:00:00", "subject": "2", "recorded-or-robo": "N", "city": "Westwego", "state": "LA", "area-code": "504"}, {"id": "3decc6bfadaa436a105714c6ba15381b", "number": "7204639314", "date": "2021-01-22 11:26:00", "subject": "2", "recorded-or-robo": "N", "city": "", "state": "CO", "area-code": "720"}, {"id": "1d36742e3f24f50e4e7ae82801ac86df", "number": "5044313680#c", "date": "2021-01-23 12:00:00", "subject": "2", "recorded-or-robo": "N", "city": "Westwego", "state": "LA", "area-code": "504"}, {"id": "1d36742e3f24f50e4e7ae82801ac8011", "number": "7204639314", "date": "2021-01-22 11:26:00", "subject": "2", "recorded-or-robo": "N", "city": "", "state": "CO", "area-code": "720"}, {"id": "3decc6bfadaa436a105714c6ba152e73", "number": "8565748031", "date": "2021-01-21 10:36:00", "subject": "0", "recorded-or-robo": "Y", "city": "Bridgeton", "state": "NJ", "area-code": "856"}, {"id": "1d36742e3f24f50e4e7ae82801ac74e3", "number": "8565748031", "date": "2021-01-21 10:36:00", "subject": "0", "recorded-or-robo": "Y", "city": "Bridgeton", "state": "NJ", "area-code": "856"}, {"id": "3decc6bfadaa436a105714c6ba152c24", "number": "9713079921", "date": "2021-01-23 00:00:00", "subject": "3", "recorded-or-robo": "", "city": "BISHOP", "state": "CA", "area-code": "971"}, {"id": "1d36742e3f24f50e4e7ae82801ac6560", "number": "9713079921", "date": "2021-01-23 00:00:00", "subject": "3", "recorded-or-robo": "", "city": "BISHOP", "state": "CA", "area-code": "971"}, {"id": "3decc6bfadaa436a105714c6ba152b83", "number": "", "date": "2021-01-23 07:00:00", "subject": "2", "recorded-or-robo": "N", "city": "Zephyrhills", "state": "FL", "area-code": "813"}, {"id": "1d36742e3f24f50e4e7ae82801ac6408", "number": "", "date": "2021-01-23 07:00:00", "subject": "2", "recorded-or-robo": "N", "city": "Zephyrhills", "state": "FL", "area-code": "813"}, {"id": "3decc6bfadaa436a105714c6ba15220b", "number": "9493855475", "date": "2021-01-11 09:33:00", "subject": "3", "recorded-or-robo": "", "city": "", "state": "CA", "area-code": "949"}, {"id": "1d36742e3f24f50e4e7ae82801ac5c40", "number": "9493855475", "date": "2021-01-11 09:33:00", "subject": "3", "recorded-or-robo": "", "city": "", "state": "CA", "area-code": "949"}, {"id": "3decc6bfadaa436a105714c6ba151ec2", "number": "4023805510", "date": "2021-01-20 18:00:00", "subject": "2", "recorded-or-robo": "Y", "city": "", "state": "NE", "area-code": "402"}, {"id": "1d36742e3f24f50e4e7ae82801ac4fc1", "number": "4023805510", "date": "2021-01-20 18:00:00", "subject": "2", "recorded-or-robo": "Y", "city": "", "state": "NE", "area-code": "402"}, {"id": "3decc6bfadaa436a105714c6ba151b60", "number": "2567879139", "date": "2021-01-20 17:09:00", "subject": "2", "recorded-or-robo": "", "city": "Bremen", "state": "AL", "area-code": "256"}, {"id": "1d36742e3f24f50e4e7ae82801ac4a97", "number": "2567879139", "date": "2021-01-20 17:09:00", "subject": "2", "recorded-or-robo": "", "city": "Bremen", "state": "AL", "area-code": "256"}, {"id": "3decc6bfadaa436a105714c6ba151060", "number": "", "date": "2021-01-23 11:58:00", "subject": "2", "recorded-or-robo": "Y", "city": "Saint Louis", "state": "MO", "area-code": "314"}, {"id": "1d36742e3f24f50e4e7ae82801ac4322", "number": "", "date": "2021-01-23 11:58:00", "subject": "2", "recorded-or-robo": "Y", "city": "Saint Louis", "state": "MO", "area-code": "314"}, {"id": "3decc6bfadaa436a105714c6ba151047", "number": "", "date": "2021-01-22 12:00:00", "subject": "2", "recorded-or-robo": "Y", "city": "St. Louis", "state": "MO", "area-code": "314"}, {"id": "1d36742e3f24f50e4e7ae82801ac3d2f", "number": "", "date": "2021-01-22 12:00:00", "subject": "2", "recorded-or-robo": "Y", "city": "St. Louis", "state": "MO", "area-code": "314"}, {"id": "3decc6bfadaa436a105714c6ba1506d7", "number": "7204639488", "date": "2021-01-22 11:06:00", "subject": "2", "recorded-or-robo": "N", "city": "", "state": "CO", "area-code": "720"}]}