{"data": [{"id": "1d36742e3f24f50e4e7ae82801b10c01", "number": "2699416318", "date": "2021-01-22 14:34:00", "subject": "0", "recorded-or-robo": "Y", "city": "", "state": "NY", "area-code": "716"}, {"id": "3decc6bfadaa436a105714c6ba19b806", "number": "", "date": "2021-01-23 13:10:00", "subject": "2", "recorded-or-robo": "N", "city": "Lakota", "state": "IA", "area-code": "515"}, {"id": "1d36742e3f24f50e4e7ae82801b0fc24", "number": "", "date": "2021-01-23 13:10:00", "subject": "2", "recorded-or-robo": "N", "city": "Lakota", "state": "IA", "area-code": "515"}, {"id": "3decc6bfadaa436a105714c6ba19b7fb", "number": "2567952079", "date": "2021-01-21 15:52:00", "subject": "4", "recorded-or-robo": "Y", "city": "Ozone Park", "state": "NY", "area-code": "718"}, {"id": "1d36742e3f24f50e4e7ae82801b0eecd", "number": "2567952079", "date": "2021-01-21 15:52:00", "subject": "4", "recorded-or-robo": "Y", "city": "Ozone Park", "state": "NY", "area-code": "718"}, {"id": "3decc6bfadaa436a105714c6ba568fe1", "number": "8454415451", "date": "2021-01-23 14:21:04", "subject": "3", "recorded-or-robo": "Y", "city": "", "state": "NY", "area-code": "917"}, {"id": "1d36742e3f24f50e4e7ae82801ecf6eb", "number": "8454415451", "date": "2021-01-23 14:21:04", "subject": "3", "recorded-or-robo": "Y", "city": "", "state": "NY", "area-code": "917"}, {"id": "3decc6bfadaa436a105714c6ba569b0a", "number": "8454415451", "date": "2021-01-23 14:21:03", "subject": "3", "recorded-or-robo": "Y", "city": "", "state": "NY", "area-code": "917"}, {"id": "1d36742e3f24f50e4e7ae82801ed025b", "number": "8454415451", "date": "2021-01-23 14:21:03", "subject": "3", "recorded-or-robo": "Y", "city": "", "state": "NY", "area-code": "917"}, {"id": "3decc6bfadaa436a105714c6ba19b7ea", "number": "2108991764", "date": "2021-01-17 00:00:00", "subject": "3", "recorded-or-robo": "Y", "city": "", "state": "TX", "area-code": "210"}, {"id": "1d36742e3f24f50e4e7ae82801b0e23f", "number": "2108991764", "date": "2021-01-17 00:00:00", "subject": "3", "recorded-or-robo": "Y", "city": "", "state": "TX", "area-code": "210"}, {"id": "3decc6bfadaa436a105714c6ba19b172", "number": "3046118716", "date": "2021-01-23 11:13:00", "subject": "3", "recorded-or-robo": "", "city": "", "state": "OH", "area-code": "614"}, {"id": "1d36742e3f24f50e4e7ae82801b0d745", "number": "3046118716", "date": "2021-01-23 11:13:00", "subject": "3", "recorded-or-robo": "", "city": "", "state": "OH", "area-code": "614"}, {"id": "3decc6bfadaa436a105714c6ba19a805", "number": "8801700704340", "date": "2021-01-23 11:48:00", "subject": "2", "recorded-or-robo": "Y", "city": "WARRENTON", "state": "MO", "area-code": "636"}, {"id": "1d36742e3f24f50e4e7ae82801b0d133", "number": "8801700704340", "date": "2021-01-23 11:48:00", "subject": "2", "recorded-or-robo": "Y", "city": "WARRENTON", "state": "MO", "area-code": "636"}, {"id": "3decc6bfadaa436a105714c6ba19a259", "number": "8556784706", "date": "2021-01-23 12:56:00", "subject": "2", "recorded-or-robo": "Y", "city": "Knoxville", "state": "TN", "area-code": "865"}, {"id": "1d36742e3f24f50e4e7ae82801b0cd4f", "number": "8556784706", "date": "2021-01-23 12:56:00", "subject": "2", "recorded-or-robo": "Y", "city": "Knoxville", "state": "TN", "area-code": "865"}, {"id": "3decc6bfadaa436a105714c6ba199c1c", "number": "2067178663", "date": "2021-01-23 12:20:00", "subject": "8", "recorded-or-robo": "N", "city": "Renton", "state": "WA", "area-code": "425"}, {"id": "1d36742e3f24f50e4e7ae82801b0ccad", "number": "2067178663", "date": "2021-01-23 12:20:00", "subject": "8", "recorded-or-robo": "N", "city": "Renton", "state": "WA", "area-code": "425"}, {"id": "3decc6bfadaa436a105714c6ba56a4f3", "number": "+13614254785", "date": "2021-01-23 14:20:32", "subject": "3", "recorded-or-robo": "Y", "city": "", "state": "TX", "area-code": "361"}, {"id": "1d36742e3f24f50e4e7ae82801ed1eae", "number": "+13614254785", "date": "2021-01-23 14:20:32", "subject": "3", "recorded-or-robo": "Y", "city": "", "state": "TX", "area-code": "361"}, {"id": "3decc6bfadaa436a105714c6ba199b35", "number": "8006596378", "date": "2021-01-23 13:57:00", "subject": "1", "recorded-or-robo": "N", "city": "Hutchinson", "state": "MN", "area-code": "320"}, {"id": "1d36742e3f24f50e4e7ae82801b0c2c8", "number": "8006596378", "date": "2021-01-23 13:57:00", "subject": "1", "recorded-or-robo": "N", "city": "Hutchinson", "state": "MN", "area-code": "320"}, {"id": "3decc6bfadaa436a105714c6ba199610", "number": "7168127640", "date": "2021-01-22 15:25:00", "subject": "0", "recorded-or-robo": "Y", "city": "", "state": "NY", "area-code": "716"}, {"id": "1d36742e3f24f50e4e7ae82801b0bf4b", "number": "7168127640", "date": "2021-01-22 15:25:00", "subject": "0", "recorded-or-robo": "Y", "city": "", "state": "NY", "area-code": "716"}, {"id": "3decc6bfadaa436a105714c6ba1995e9", "number": "3046167994", "date": "2021-01-23 12:25:00", "subject": "3", "recorded-or-robo": "", "city": "", "state": "OH", "area-code": "614"}, {"id": "1d36742e3f24f50e4e7ae82801b0b63c", "number": "3046167994", "date": "2021-01-23 12:25:00", "subject": "3", "recorded-or-robo": "", "city": "", "state": "OH", "area-code": "614"}, {"id": "3decc6bfadaa436a105714c6ba19871c", "number": "2678551705", "date": "2021-01-23 12:06:00", "subject": "4", "recorded-or-robo": "Y", "city": "Denver", "state": "CO", "area-code": "719"}, {"id": "1d36742e3f24f50e4e7ae82801b0acec", "number": "2678551705", "date": "2021-01-23 12:06:00", "subject": "4", "recorded-or-robo": "Y", "city": "Denver", "state": "CO", "area-code": "719"}, {"id": "3decc6bfadaa436a105714c6ba1985c9", "number": "6367342206", "date": "2021-01-23 11:39:00", "subject": "2", "recorded-or-robo": "Y", "city": "WARRENTON", "state": "MO", "area-code": "636"}, {"id": "1d36742e3f24f50e4e7ae82801b0a4e9", "number": "6367342206", "date": "2021-01-23 11:39:00", "subject": "2", "recorded-or-robo": "Y", "city": "WARRENTON", "state": "MO", "area-code": "636"}, {"id": "3decc6bfadaa436a105714c6ba197e51", "number": "3046125817", "date": "2021-01-23 12:41:00", "subject": "3", "recorded-or-robo": "", "city": "", "state": "OH", "area-code": "614"}, {"id": "1d36742e3f24f50e4e7ae82801b09803", "number": "3046125817", "date": "2021-01-23 12:41:00", "subject": "3", "recorded-or-robo": "", "city": "", "state": "OH", "area-code": "614"}, {"id": "3decc6bfadaa436a105714c6ba197a1d", "number": "5067484078", "date": "2021-01-23 11:05:00", "subject": "2", "recorded-or-robo": "Y", "city": "Colorado Springs", "state": "CO", "area-code": "719"}, {"id": "1d36742e3f24f50e4e7ae82801b096dd", "number": "5067484078", "date": "2021-01-23 11:05:00", "subject": "2", "recorded-or-robo": "Y", "city": "Colorado Springs", "state": "CO", "area-code": "719"}, {"id": "3decc6bfadaa436a105714c6ba196be1", "number": "8605095783", "date": "2021-01-18 08:41:00", "subject": "0", "recorded-or-robo": "Y", "city": "", "state": "CT", "area-code": "860"}, {"id": "1d36742e3f24f50e4e7ae82801b08b3a", "number": "8605095783", "date": "2021-01-18 08:41:00", "subject": "0", "recorded-or-robo": "Y", "city": "", "state": "CT", "area-code": "860"}, {"id": "3decc6bfadaa436a105714c6ba19616a", "number": "8663488544", "date": "2021-01-22 09:51:00", "subject": "3", "recorded-or-robo": "", "city": "", "state": "CA", "area-code": "650"}, {"id": "1d36742e3f24f50e4e7ae82801b083f1", "number": "8663488544", "date": "2021-01-22 09:51:00", "subject": "3", "recorded-or-robo": "", "city": "", "state": "CA", "area-code": "650"}, {"id": "3decc6bfadaa436a105714c6ba19537a", "number": "4255987710", "date": "2021-01-21 15:02:00", "subject": "6", "recorded-or-robo": "Y", "city": "Bellevue", "state": "WA", "area-code": "425"}, {"id": "1d36742e3f24f50e4e7ae82801b07de9", "number": "4255987710", "date": "2021-01-21 15:02:00", "subject": "6", "recorded-or-robo": "Y", "city": "Bellevue", "state": "WA", "area-code": "425"}, {"id": "3decc6bfadaa436a105714c6ba1951f1", "number": "6077256778", "date": "2021-01-23 11:47:00", "subject": "2", "recorded-or-robo": "Y", "city": "binghamton", "state": "NY", "area-code": "607"}, {"id": "1d36742e3f24f50e4e7ae82801b06fa2", "number": "6077256778", "date": "2021-01-23 11:47:00", "subject": "2", "recorded-or-robo": "Y", "city": "binghamton", "state": "NY", "area-code": "607"}, {"id": "3decc6bfadaa436a105714c6ba194247", "number": "8556785734", "date": "2021-01-23 12:43:00", "subject": "2", "recorded-or-robo": "Y", "city": "Knoxville", "state": "TN", "area-code": "865"}, {"id": "3decc6bfadaa436a105714c6ba1937de", "number": "3046170847", "date": "2021-01-23 12:49:00", "subject": "3", "recorded-or-robo": "", "city": "", "state": "OH", "area-code": "614"}, {"id": "1d36742e3f24f50e4e7ae82801b064bc", "number": "8556785734", "date": "2021-01-23 12:43:00", "subject": "2", "recorded-or-robo": "Y", "city": "Knoxville", "state": "TN", "area-code": "865"}, {"id": "1d36742e3f24f50e4e7ae82801b061df", "number": "3046170847", "date": "2021-01-23 12:49:00", "subject": "3", "recorded-or-robo": "", "city": "", "state": "OH", "area-code": "614"}, {"id": "3decc6bfadaa436a105714c6ba193737", "number": "2109297735", "date": "2021-01-20 00:00:00", "subject": "3", "recorded-or-robo": "Y", "city": "", "state": "TX", "area-code": "210"}, {"id": "1d36742e3f24f50e4e7ae82801b05fff", "number": "2109297735", "date": "2021-01-20 00:00:00", "subject": "3", "recorded-or-robo": "Y", "city": "", "state": "TX", "area-code": "210"}, {"id": "3decc6bfadaa436a105714c6ba1930b1", "number": "", "date": "2021-01-23 13:19:00", "subject": "11", "recorded-or-robo": "Y", "city": "Saint Cloud", "state": "FL", "area-code": "407"}]}