{"data": [{"id": "490dde24b259add1335244cd1b04fbc7", "number": "3048143206", "date": "2021-01-26 09:05:00", "subject": "5", "recorded-or-robo": "Y", "city": "Rainelle", "state": "WV", "area-code": "304"}, {"id": "490dde24b259add1335244cd1b04f551", "number": "7705076546", "date": "2021-01-26 10:21:00", "subject": "2", "recorded-or-robo": "Y", "city": "Lilburn", "state": "GA", "area-code": "770"}, {"id": "490dde24b259add1335244cd1b04f0f8", "number": "2405091810", "date": "2021-01-26 10:20:00", "subject": "4", "recorded-or-robo": "Y", "city": "Rockville", "state": "MD", "area-code": "240"}, {"id": "490dde24b259add1335244cd1b04ed7b", "number": "9038465233", "date": "2021-01-26 09:24:00", "subject": "2", "recorded-or-robo": "", "city": "", "state": "TX", "area-code": "903"}, {"id": "490dde24b259add1335244cd1b04ea81", "number": "", "date": "2021-01-26 10:08:00", "subject": "3", "recorded-or-robo": "Y", "city": "", "state": "OH", "area-code": "614"}, {"id": "490dde24b259add1335244cd1b04e00b", "number": "2018799338", "date": "2021-01-25 12:00:00", "subject": "4", "recorded-or-robo": "Y", "city": "", "state": "NJ", "area-code": "201"}, {"id": "490dde24b259add1335244cd1b04dca6", "number": "5139392829", "date": "2021-01-26 10:23:00", "subject": "1", "recorded-or-robo": "Y", "city": "West Chester", "state": "OH", "area-code": "513"}, {"id": "490dde24b259add1335244cd1b04d3e6", "number": "6467660134", "date": "2021-01-26 10:00:00", "subject": "3", "recorded-or-robo": "N", "city": "", "state": "NC", "area-code": "704"}, {"id": "490dde24b259add1335244cd1b04c9b7", "number": "7278889622", "date": "2021-01-26 10:24:00", "subject": "4", "recorded-or-robo": "Y", "city": "St Petersburg", "state": "FL", "area-code": "727"}, {"id": "490dde24b259add1335244cd1b043659", "number": "6082081941", "date": "2021-01-26 09:20:00", "subject": "3", "recorded-or-robo": "N", "city": "", "state": "WI", "area-code": "920"}, {"id": "490dde24b259add1335244cd1b04be22", "number": "4255599868", "date": "2021-01-26 10:22:00", "subject": "0", "recorded-or-robo": "Y", "city": "", "state": "SC", "area-code": "864"}, {"id": "490dde24b259add1335244cd1b04b50e", "number": "3126532877", "date": "2021-01-23 10:44:00", "subject": "4", "recorded-or-robo": "Y", "city": "Chicago", "state": "IL", "area-code": "847"}, {"id": "490dde24b259add1335244cd1b04abc9", "number": "4237945048", "date": "2021-01-26 10:10:00", "subject": "4", "recorded-or-robo": "Y", "city": "Church Hill", "state": "TN", "area-code": "423"}, {"id": "490dde24b259add1335244cd1b049db9", "number": "8136862839", "date": "2021-01-26 10:10:00", "subject": "4", "recorded-or-robo": "Y", "city": "", "state": "FL", "area-code": "727"}, {"id": "490dde24b259add1335244cd1b049baa", "number": "4156871530", "date": "2021-01-26 10:14:00", "subject": "2", "recorded-or-robo": "N", "city": "NORFOLK", "state": "VA", "area-code": "757"}, {"id": "490dde24b259add1335244cd1b049114", "number": "7017215908", "date": "2021-01-26 09:22:00", "subject": "2", "recorded-or-robo": "Y", "city": "Minot", "state": "ND", "area-code": "701"}, {"id": "490dde24b259add1335244cd1b048c71", "number": "5624110737", "date": "2021-01-26 00:00:00", "subject": "2", "recorded-or-robo": "N", "city": "Santa Clarita", "state": "CA", "area-code": "661"}, {"id": "490dde24b259add1335244cd1b048c1f", "number": "2147665363", "date": "2021-01-14 09:19:00", "subject": "4", "recorded-or-robo": "Y", "city": "Duluth", "state": "GA", "area-code": "214"}, {"id": "490dde24b259add1335244cd1b04811d", "number": "5015092400", "date": "2021-01-22 14:41:00", "subject": "3", "recorded-or-robo": "Y", "city": "Milwaukee", "state": "WI", "area-code": "414"}, {"id": "490dde24b259add1335244cd1b047679", "number": "4108854410", "date": "2021-01-26 22:18:00", "subject": "0", "recorded-or-robo": "Y", "city": "Fallston", "state": "MD", "area-code": "410"}, {"id": "490dde24b259add1335244cd1b047259", "number": "3526045315", "date": "2021-01-26 10:00:00", "subject": "4", "recorded-or-robo": "Y", "city": "", "state": "FL", "area-code": "561"}, {"id": "490dde24b259add1335244cd1b047068", "number": "8647129214", "date": "2021-01-26 09:41:00", "subject": "1", "recorded-or-robo": "N", "city": "Simpsonville", "state": "SC", "area-code": "864"}, {"id": "490dde24b259add1335244cd1b046e95", "number": "5859373583", "date": "2021-01-26 10:20:00", "subject": "4", "recorded-or-robo": "Y", "city": "", "state": "NY", "area-code": "585"}, {"id": "490dde24b259add1335244cd1b046169", "number": "8882032421", "date": "2021-01-26 08:35:00", "subject": "2", "recorded-or-robo": "Y", "city": "Hickory", "state": "NC", "area-code": "828"}, {"id": "490dde24b259add1335244cd1b045d5d", "number": "6172859961", "date": "2021-01-12 18:18:00", "subject": "2", "recorded-or-robo": "N", "city": "Hopkinsville", "state": "KY", "area-code": "270"}, {"id": "490dde24b259add1335244cd1b045176", "number": "9289772112", "date": "2021-01-25 10:49:00", "subject": "1", "recorded-or-robo": "Y", "city": "Peoria", "state": "AZ", "area-code": "888"}, {"id": "490dde24b259add1335244cd1b044c5c", "number": "8477018467", "date": "2021-01-13 15:25:00", "subject": "2", "recorded-or-robo": "Y", "city": "Geneva", "state": "IL", "area-code": "847"}, {"id": "490dde24b259add1335244cd1b044a58", "number": "9413007056", "date": "2021-01-25 10:16:00", "subject": "6", "recorded-or-robo": "Y", "city": "Venice", "state": "FL", "area-code": "941"}, {"id": "490dde24b259add1335244cd1b038c36", "number": "8003456699", "date": "2020-01-26 08:40:00", "subject": "3", "recorded-or-robo": "N", "city": "", "state": "LA", "area-code": "985"}, {"id": "490dde24b259add1335244cd1b043e25", "number": "6144219562", "date": "2021-01-26 10:12:00", "subject": "1", "recorded-or-robo": "Y", "city": "Worthington", "state": "OH", "area-code": "614"}, {"id": "490dde24b259add1335244cd1b04360d", "number": "4237343107", "date": "2021-01-26 10:10:00", "subject": "6", "recorded-or-robo": "Y", "city": "Church Hill", "state": "TN", "area-code": "423"}, {"id": "490dde24b259add1335244cd1b042cb8", "number": "3162091510", "date": "2021-01-25 19:44:00", "subject": "0", "recorded-or-robo": "N", "city": "Sun City Center", "state": "FL", "area-code": "813"}, {"id": "490dde24b259add1335244cd1b041e37", "number": "8007421087", "date": "2021-01-26 09:20:00", "subject": "2", "recorded-or-robo": "N", "city": "", "state": "NE", "area-code": "402"}, {"id": "490dde24b259add1335244cd1b0413d6", "number": "", "date": "2021-01-23 00:00:00", "subject": "2", "recorded-or-robo": "Y", "city": "", "state": "NY", "area-code": "585"}, {"id": "490dde24b259add1335244cd1b040d26", "number": "8599101810", "date": "2021-01-16 10:13:00", "subject": "2", "recorded-or-robo": "N", "city": "Hopkinsville", "state": "KY", "area-code": "270"}, {"id": "490dde24b259add1335244cd1b040bf9", "number": "180048498171", "date": "2021-01-26 12:00:00", "subject": "1", "recorded-or-robo": "N", "city": "", "state": "TX", "area-code": "713"}, {"id": "490dde24b259add1335244cd1b03fce4", "number": "5859373583", "date": "2021-01-26 10:01:00", "subject": "4", "recorded-or-robo": "Y", "city": "", "state": "NY", "area-code": "585"}, {"id": "490dde24b259add1335244cd1b03fbf5", "number": "9412581652", "date": "2021-01-26 10:16:00", "subject": "1", "recorded-or-robo": "Y", "city": "port charlotte", "state": "FL", "area-code": "941"}, {"id": "490dde24b259add1335244cd1b03ef4a", "number": "3186670009", "date": "2021-01-25 13:47:00", "subject": "4", "recorded-or-robo": "Y", "city": "", "state": "AZ", "area-code": "480"}, {"id": "490dde24b259add1335244cd1b03e51f", "number": "3185952316", "date": "2021-01-26 10:14:00", "subject": "4", "recorded-or-robo": "Y", "city": "", "state": "PA", "area-code": "610"}, {"id": "490dde24b259add1335244cd1b03d6de", "number": "9294497686", "date": "2021-01-25 11:26:00", "subject": "2", "recorded-or-robo": "Y", "city": "Brentwood", "state": "NY", "area-code": "631"}, {"id": "490dde24b259add1335244cd1b03d675", "number": "574855534", "date": "2021-01-14 07:04:00", "subject": "2", "recorded-or-robo": "Y", "city": "Duluth", "state": "GA", "area-code": "214"}, {"id": "490dde24b259add1335244cd1b03c6c1", "number": "3512069059", "date": "2021-01-26 09:08:00", "subject": "4", "recorded-or-robo": "N", "city": "Minnetrista", "state": "MN", "area-code": "612"}, {"id": "490dde24b259add1335244cd1b03c2d2", "number": "8652298622", "date": "2021-01-22 00:00:00", "subject": "4", "recorded-or-robo": "Y", "city": "Loudon", "state": "TN", "area-code": "865"}, {"id": "490dde24b259add1335244cd1b03b974", "number": "4256589306", "date": "2021-01-26 20:46:00", "subject": "1", "recorded-or-robo": "Y", "city": "Blue Springs", "state": "MO", "area-code": "816"}, {"id": "490dde24b259add1335244cd1b03ab9b", "number": "3022080043", "date": "2021-01-26 08:18:00", "subject": "2", "recorded-or-robo": "Y", "city": "Mesa", "state": "AZ", "area-code": "480"}, {"id": "490dde24b259add1335244cd1b03a6f4", "number": "2703487677", "date": "2021-01-13 00:00:00", "subject": "2", "recorded-or-robo": "N", "city": "Hopkinsville", "state": "KY", "area-code": "270"}, {"id": "490dde24b259add1335244cd1b039c25", "number": "6803332630", "date": "2021-01-25 16:47:00", "subject": "1", "recorded-or-robo": "Y", "city": "Hooper", "state": "NE", "area-code": "402"}, {"id": "490dde24b259add1335244cd1b0396e6", "number": "4143766009", "date": "2021-01-25 15:40:00", "subject": "3", "recorded-or-robo": "Y", "city": "Milwaukee", "state": "WI", "area-code": "414"}, {"id": "490dde24b259add1335244cd1b03832c", "number": "2108791791", "date": "2021-01-26 10:20:00", "subject": "1", "recorded-or-robo": "Y", "city": "Bath", "state": "ME", "area-code": "210"}]}