{"data": [{"id": "03e293b3df9e35eadf15c56119595d6b", "number": "7272513600", "date": "2021-01-24 11:55:00", "subject": "1", "recorded-or-robo": "Y", "city": "Panama City Beach", "state": "FL", "area-code": "727"}, {"id": "3decc6bfadaa436a105714c6bac2cd07", "number": "2012124012", "date": "2021-01-21 16:40:00", "subject": "2", "recorded-or-robo": "", "city": "Hasbrouck Heights", "state": "NJ", "area-code": "201"}, {"id": "3decc6bfadaa436a105714c6bac2beb1", "number": "7324019934", "date": "2021-01-24 16:24:00", "subject": "0", "recorded-or-robo": "N", "city": "", "state": "NJ", "area-code": "732"}, {"id": "03e293b3df9e35eadf15c56119595939", "number": "2012124012", "date": "2021-01-21 16:40:00", "subject": "2", "recorded-or-robo": "", "city": "Hasbrouck Heights", "state": "NJ", "area-code": "201"}, {"id": "03e293b3df9e35eadf15c561195957f8", "number": "7324019934", "date": "2021-01-24 16:24:00", "subject": "0", "recorded-or-robo": "N", "city": "", "state": "NJ", "area-code": "732"}, {"id": "3decc6bfadaa436a105714c6bac2bc49", "number": "8183309262", "date": "2021-01-24 13:08:00", "subject": "12", "recorded-or-robo": "Y", "city": "SYLMAR,", "state": "CA", "area-code": "818"}, {"id": "03e293b3df9e35eadf15c56119594e7b", "number": "8183309262", "date": "2021-01-24 13:08:00", "subject": "12", "recorded-or-robo": "Y", "city": "SYLMAR,", "state": "CA", "area-code": "818"}, {"id": "3decc6bfadaa436a105714c6bac2ae76", "number": "2012312819", "date": "2021-01-21 17:09:00", "subject": "2", "recorded-or-robo": "", "city": "Hasbrouck Heights", "state": "NJ", "area-code": "201"}, {"id": "03e293b3df9e35eadf15c5611959427d", "number": "2012312819", "date": "2021-01-21 17:09:00", "subject": "2", "recorded-or-robo": "", "city": "Hasbrouck Heights", "state": "NJ", "area-code": "201"}, {"id": "3decc6bfadaa436a105714c6bac2ae1b", "number": "3145173849", "date": "2021-01-24 17:05:00", "subject": "2", "recorded-or-robo": "Y", "city": "SAINT LOUIS", "state": "MO", "area-code": "314"}, {"id": "03e293b3df9e35eadf15c56119593983", "number": "3145173849", "date": "2021-01-24 17:05:00", "subject": "2", "recorded-or-robo": "Y", "city": "SAINT LOUIS", "state": "MO", "area-code": "314"}, {"id": "3decc6bfadaa436a105714c6bac2acca", "number": "5415460058", "date": "2021-01-20 14:10:00", "subject": "0", "recorded-or-robo": "", "city": "Manchester", "state": "NH", "area-code": "603"}, {"id": "03e293b3df9e35eadf15c56119592e07", "number": "5415460058", "date": "2021-01-20 14:10:00", "subject": "0", "recorded-or-robo": "", "city": "Manchester", "state": "NH", "area-code": "603"}, {"id": "3decc6bfadaa436a105714c6bac2a99c", "number": "7272514252", "date": "2021-01-24 11:47:00", "subject": "1", "recorded-or-robo": "Y", "city": "Panama City Beach", "state": "FL", "area-code": "727"}, {"id": "03e293b3df9e35eadf15c56119592884", "number": "7272514252", "date": "2021-01-24 11:47:00", "subject": "1", "recorded-or-robo": "Y", "city": "Panama City Beach", "state": "FL", "area-code": "727"}, {"id": "3decc6bfadaa436a105714c6bac2a208", "number": "4173346428", "date": "2021-01-24 16:45:00", "subject": "1", "recorded-or-robo": "Y", "city": "", "state": "MO", "area-code": "417"}, {"id": "3decc6bfadaa436a105714c6bac294e6", "number": "2012234516", "date": "2021-01-21 19:17:00", "subject": "2", "recorded-or-robo": "", "city": "Hasbrouck Heights", "state": "NJ", "area-code": "201"}, {"id": "03e293b3df9e35eadf15c56119592700", "number": "4173346428", "date": "2021-01-24 16:45:00", "subject": "1", "recorded-or-robo": "Y", "city": "", "state": "MO", "area-code": "417"}, {"id": "03e293b3df9e35eadf15c56119591bbe", "number": "2012234516", "date": "2021-01-21 19:17:00", "subject": "2", "recorded-or-robo": "", "city": "Hasbrouck Heights", "state": "NJ", "area-code": "201"}, {"id": "3decc6bfadaa436a105714c6bac28f15", "number": "8333041447", "date": "2021-01-18 10:31:00", "subject": "2", "recorded-or-robo": "Y", "city": "Irving", "state": "TX", "area-code": "972"}, {"id": "03e293b3df9e35eadf15c5611959108d", "number": "8333041447", "date": "2021-01-18 10:31:00", "subject": "2", "recorded-or-robo": "Y", "city": "Irving", "state": "TX", "area-code": "972"}, {"id": "3decc6bfadaa436a105714c6bac28ee9", "number": "5415460058", "date": "2021-01-22 14:01:00", "subject": "0", "recorded-or-robo": "", "city": "Manchester", "state": "NH", "area-code": "603"}, {"id": "03e293b3df9e35eadf15c56119590918", "number": "5415460058", "date": "2021-01-22 14:01:00", "subject": "0", "recorded-or-robo": "", "city": "Manchester", "state": "NH", "area-code": "603"}, {"id": "3decc6bfadaa436a105714c6bac28562", "number": "5419451244", "date": "2021-01-24 14:22:00", "subject": "2", "recorded-or-robo": "Y", "city": "Grants Pass", "state": "OR", "area-code": "541"}, {"id": "3decc6bfadaa436a105714c6bac27947", "number": "7272515964", "date": "2021-01-24 11:08:00", "subject": "1", "recorded-or-robo": "Y", "city": "Panama City Beach", "state": "FL", "area-code": "727"}, {"id": "03e293b3df9e35eadf15c5611958fc75", "number": "5419451244", "date": "2021-01-24 14:22:00", "subject": "2", "recorded-or-robo": "Y", "city": "Grants Pass", "state": "OR", "area-code": "541"}, {"id": "03e293b3df9e35eadf15c5611958fb11", "number": "7272515964", "date": "2021-01-24 11:08:00", "subject": "1", "recorded-or-robo": "Y", "city": "Panama City Beach", "state": "FL", "area-code": "727"}, {"id": "3decc6bfadaa436a105714c6bac26ba8", "number": "3152328257", "date": "2021-01-23 12:00:00", "subject": "1", "recorded-or-robo": "Y", "city": "Hazelwood", "state": "MO", "area-code": "314"}, {"id": "03e293b3df9e35eadf15c5611958f489", "number": "3152328257", "date": "2021-01-23 12:00:00", "subject": "1", "recorded-or-robo": "Y", "city": "Hazelwood", "state": "MO", "area-code": "314"}, {"id": "3decc6bfadaa436a105714c6bac269ec", "number": "8556784848", "date": "2021-01-24 17:38:00", "subject": "11", "recorded-or-robo": "Y", "city": "Wesley Chapel", "state": "FL", "area-code": "813"}, {"id": "03e293b3df9e35eadf15c5611958ec4f", "number": "8556784848", "date": "2021-01-24 17:38:00", "subject": "11", "recorded-or-robo": "Y", "city": "Wesley Chapel", "state": "FL", "area-code": "813"}, {"id": "3decc6bfadaa436a105714c6bac25a77", "number": "", "date": "2021-01-24 12:10:00", "subject": "1", "recorded-or-robo": "Y", "city": "Pine Bluff", "state": "AR", "area-code": "870"}, {"id": "03e293b3df9e35eadf15c5611958e678", "number": "", "date": "2021-01-24 12:10:00", "subject": "1", "recorded-or-robo": "Y", "city": "Pine Bluff", "state": "AR", "area-code": "870"}, {"id": "3decc6bfadaa436a105714c6bac24ab6", "number": "3343122647", "date": "2021-01-24 18:07:00", "subject": "1", "recorded-or-robo": "Y", "city": "Saint Petersburg", "state": "AL", "area-code": "334"}, {"id": "03e293b3df9e35eadf15c5611958da59", "number": "3343122647", "date": "2021-01-24 18:07:00", "subject": "1", "recorded-or-robo": "Y", "city": "Saint Petersburg", "state": "AL", "area-code": "334"}, {"id": "3decc6bfadaa436a105714c6bac23c46", "number": "7272513386", "date": "2021-01-24 10:58:00", "subject": "1", "recorded-or-robo": "Y", "city": "Panama City Beach", "state": "FL", "area-code": "727"}, {"id": "03e293b3df9e35eadf15c5611958d1c6", "number": "7272513386", "date": "2021-01-24 10:58:00", "subject": "1", "recorded-or-robo": "Y", "city": "Panama City Beach", "state": "FL", "area-code": "727"}, {"id": "3decc6bfadaa436a105714c6bac23ada", "number": "6062357511", "date": "2021-01-19 09:41:00", "subject": "5", "recorded-or-robo": "Y", "city": "Sweetwater", "state": "TX", "area-code": "325"}, {"id": "03e293b3df9e35eadf15c5611958c398", "number": "6062357511", "date": "2021-01-19 09:41:00", "subject": "5", "recorded-or-robo": "Y", "city": "Sweetwater", "state": "TX", "area-code": "325"}, {"id": "3decc6bfadaa436a105714c6bac23a48", "number": "3343121614", "date": "2021-01-24 17:58:00", "subject": "1", "recorded-or-robo": "Y", "city": "Saint Petersburg", "state": "AL", "area-code": "334"}, {"id": "3decc6bfadaa436a105714c6bac2385b", "number": "7272515379", "date": "2021-01-24 10:26:00", "subject": "1", "recorded-or-robo": "Y", "city": "Panama City Beach", "state": "FL", "area-code": "727"}, {"id": "03e293b3df9e35eadf15c5611958b721", "number": "3343121614", "date": "2021-01-24 17:58:00", "subject": "1", "recorded-or-robo": "Y", "city": "Saint Petersburg", "state": "AL", "area-code": "334"}, {"id": "03e293b3df9e35eadf15c5611958b1fe", "number": "7272515379", "date": "2021-01-24 10:26:00", "subject": "1", "recorded-or-robo": "Y", "city": "Panama City Beach", "state": "FL", "area-code": "727"}, {"id": "3decc6bfadaa436a105714c6bac23454", "number": "3145832549", "date": "2021-01-24 18:00:00", "subject": "3", "recorded-or-robo": "Y", "city": "", "state": "MO", "area-code": "314"}, {"id": "03e293b3df9e35eadf15c5611958ab37", "number": "3145832549", "date": "2021-01-24 18:00:00", "subject": "3", "recorded-or-robo": "Y", "city": "", "state": "MO", "area-code": "314"}, {"id": "3decc6bfadaa436a105714c6bac22cf3", "number": "5623846076", "date": "2021-01-21 15:21:00", "subject": "2", "recorded-or-robo": "Y", "city": "", "state": "CA", "area-code": "562"}, {"id": "03e293b3df9e35eadf15c5611958a8f8", "number": "5623846076", "date": "2021-01-21 15:21:00", "subject": "2", "recorded-or-robo": "Y", "city": "", "state": "CA", "area-code": "562"}, {"id": "3decc6bfadaa436a105714c6bac21fbb", "number": "2012633249", "date": "2021-01-22 11:14:00", "subject": "2", "recorded-or-robo": "", "city": "Hasbrouck Heights", "state": "NJ", "area-code": "201"}, {"id": "03e293b3df9e35eadf15c56119589fbb", "number": "2012633249", "date": "2021-01-22 11:14:00", "subject": "2", "recorded-or-robo": "", "city": "Hasbrouck Heights", "state": "NJ", "area-code": "201"}, {"id": "3decc6bfadaa436a105714c6bac217ae", "number": "3152328257", "date": "2021-01-24 17:53:00", "subject": "11", "recorded-or-robo": "Y", "city": "Trinity", "state": "FL", "area-code": "727"}]}