{"data": [{"id": "03e293b3df9e35eadf15c5611930ecf2", "number": "8556780229", "date": "2021-01-24 11:00:00", "subject": "2", "recorded-or-robo": "Y", "city": "Pickerington", "state": "OH", "area-code": "740"}, {"id": "3decc6bfadaa436a105714c6ba9ac21f", "number": "5099466961", "date": "2021-01-24 08:09:00", "subject": "2", "recorded-or-robo": "Y", "city": "Richland", "state": "WA", "area-code": "509"}, {"id": "03e293b3df9e35eadf15c5611930dfb8", "number": "5099466961", "date": "2021-01-24 08:09:00", "subject": "2", "recorded-or-robo": "Y", "city": "Richland", "state": "WA", "area-code": "509"}, {"id": "3decc6bfadaa436a105714c6ba9ab2d4", "number": "9476667220", "date": "2020-12-28 15:07:00", "subject": "1", "recorded-or-robo": "Y", "city": "Fort Gratiot", "state": "MI", "area-code": "810"}, {"id": "03e293b3df9e35eadf15c5611930d4a3", "number": "9476667220", "date": "2020-12-28 15:07:00", "subject": "1", "recorded-or-robo": "Y", "city": "Fort Gratiot", "state": "MI", "area-code": "810"}, {"id": "3decc6bfadaa436a105714c6ba9aa9d1", "number": "3145032256", "date": "2021-01-24 09:28:00", "subject": "2", "recorded-or-robo": "Y", "city": "St. Louis", "state": "MO", "area-code": "314"}, {"id": "03e293b3df9e35eadf15c5611930c701", "number": "3145032256", "date": "2021-01-24 09:28:00", "subject": "2", "recorded-or-robo": "Y", "city": "St. Louis", "state": "MO", "area-code": "314"}, {"id": "3decc6bfadaa436a105714c6ba9a9eb0", "number": "4079822624", "date": "2021-01-23 17:24:00", "subject": "1", "recorded-or-robo": "Y", "city": "Falls Church", "state": "VA", "area-code": "703"}, {"id": "03e293b3df9e35eadf15c5611930b888", "number": "4079822624", "date": "2021-01-23 17:24:00", "subject": "1", "recorded-or-robo": "Y", "city": "Falls Church", "state": "VA", "area-code": "703"}, {"id": "3decc6bfadaa436a105714c6ba9a9a7a", "number": "3152328257", "date": "2021-01-24 11:30:00", "subject": "11", "recorded-or-robo": "Y", "city": "New Carlisle", "state": "IN", "area-code": "574"}, {"id": "3decc6bfadaa436a105714c6ba9a9a75", "number": "2625468912", "date": "2021-01-24 11:00:00", "subject": "3", "recorded-or-robo": "", "city": "", "state": "WI", "area-code": "920"}, {"id": "03e293b3df9e35eadf15c5611930b019", "number": "3152328257", "date": "2021-01-24 11:30:00", "subject": "11", "recorded-or-robo": "Y", "city": "New Carlisle", "state": "IN", "area-code": "574"}, {"id": "03e293b3df9e35eadf15c5611930ab57", "number": "2625468912", "date": "2021-01-24 11:00:00", "subject": "3", "recorded-or-robo": "", "city": "", "state": "WI", "area-code": "920"}, {"id": "3decc6bfadaa436a105714c6ba9a984a", "number": "1243909761521", "date": "2021-01-24 09:45:00", "subject": "2", "recorded-or-robo": "Y", "city": "", "state": "IA", "area-code": "515"}, {"id": "03e293b3df9e35eadf15c5611930ab14", "number": "1243909761521", "date": "2021-01-24 09:45:00", "subject": "2", "recorded-or-robo": "Y", "city": "", "state": "IA", "area-code": "515"}, {"id": "3decc6bfadaa436a105714c6ba9a88c7", "number": "8775898809", "date": "2021-01-23 14:11:00", "subject": "0", "recorded-or-robo": "", "city": "Monee", "state": "IL", "area-code": "708"}, {"id": "03e293b3df9e35eadf15c56119309d75", "number": "8775898809", "date": "2021-01-23 14:11:00", "subject": "0", "recorded-or-robo": "", "city": "Monee", "state": "IL", "area-code": "708"}, {"id": "3decc6bfadaa436a105714c6ba9a8430", "number": "5099463266", "date": "2021-01-24 08:01:00", "subject": "2", "recorded-or-robo": "Y", "city": "Richland", "state": "WA", "area-code": "509"}, {"id": "03e293b3df9e35eadf15c56119309050", "number": "5099463266", "date": "2021-01-24 08:01:00", "subject": "2", "recorded-or-robo": "Y", "city": "Richland", "state": "WA", "area-code": "509"}, {"id": "3decc6bfadaa436a105714c6ba9a79ab", "number": "8103571601", "date": "2020-12-23 14:43:00", "subject": "1", "recorded-or-robo": "Y", "city": "Fort Gratiot", "state": "MI", "area-code": "947"}, {"id": "03e293b3df9e35eadf15c56119308c7f", "number": "8103571601", "date": "2020-12-23 14:43:00", "subject": "1", "recorded-or-robo": "Y", "city": "Fort Gratiot", "state": "MI", "area-code": "947"}, {"id": "3decc6bfadaa436a105714c6ba9a77e6", "number": "4016380474", "date": "2021-01-15 10:43:00", "subject": "4", "recorded-or-robo": "Y", "city": "", "state": "RI", "area-code": "401"}, {"id": "03e293b3df9e35eadf15c561193087ca", "number": "4016380474", "date": "2021-01-15 10:43:00", "subject": "4", "recorded-or-robo": "Y", "city": "", "state": "RI", "area-code": "401"}, {"id": "3decc6bfadaa436a105714c6ba9a7257", "number": "8556780507", "date": "2021-01-24 12:00:00", "subject": "11", "recorded-or-robo": "Y", "city": "Ashville", "state": "OH", "area-code": "855"}, {"id": "03e293b3df9e35eadf15c56119307f15", "number": "8556780507", "date": "2021-01-24 12:00:00", "subject": "11", "recorded-or-robo": "Y", "city": "Ashville", "state": "OH", "area-code": "855"}, {"id": "3decc6bfadaa436a105714c6ba9a6ee2", "number": "", "date": "2021-01-24 00:00:00", "subject": "3", "recorded-or-robo": "Y", "city": "castle rock", "state": "FL", "area-code": "813"}, {"id": "03e293b3df9e35eadf15c56119307bf1", "number": "", "date": "2021-01-24 00:00:00", "subject": "3", "recorded-or-robo": "Y", "city": "castle rock", "state": "FL", "area-code": "813"}, {"id": "3decc6bfadaa436a105714c6ba9a69fa", "number": "", "date": "2021-01-24 00:00:00", "subject": "3", "recorded-or-robo": "Y", "city": "castle rock", "state": "FL", "area-code": "813"}, {"id": "03e293b3df9e35eadf15c561193070f1", "number": "", "date": "2021-01-24 00:00:00", "subject": "3", "recorded-or-robo": "Y", "city": "castle rock", "state": "FL", "area-code": "813"}, {"id": "3decc6bfadaa436a105714c6ba9a6726", "number": "", "date": "2021-01-24 00:00:00", "subject": "3", "recorded-or-robo": "Y", "city": "castle rock", "state": "FL", "area-code": "813"}, {"id": "03e293b3df9e35eadf15c561193066d2", "number": "", "date": "2021-01-24 00:00:00", "subject": "3", "recorded-or-robo": "Y", "city": "castle rock", "state": "FL", "area-code": "813"}, {"id": "3decc6bfadaa436a105714c6ba9a616a", "number": "8132953068", "date": "2021-01-24 00:00:00", "subject": "3", "recorded-or-robo": "Y", "city": "castle rock", "state": "CO", "area-code": "813"}, {"id": "03e293b3df9e35eadf15c56119305d63", "number": "8132953068", "date": "2021-01-24 00:00:00", "subject": "3", "recorded-or-robo": "Y", "city": "castle rock", "state": "CO", "area-code": "813"}, {"id": "3decc6bfadaa436a105714c6ba9a52df", "number": "3108783212", "date": "2021-01-23 12:00:00", "subject": "2", "recorded-or-robo": "Y", "city": "Baltimore", "state": "MD", "area-code": "410"}, {"id": "03e293b3df9e35eadf15c5611930561f", "number": "3108783212", "date": "2021-01-23 12:00:00", "subject": "2", "recorded-or-robo": "Y", "city": "Baltimore", "state": "MD", "area-code": "410"}, {"id": "3decc6bfadaa436a105714c6ba9a4b76", "number": "5099467702", "date": "2021-01-24 07:54:00", "subject": "2", "recorded-or-robo": "Y", "city": "Richland", "state": "WA", "area-code": "509"}, {"id": "03e293b3df9e35eadf15c56119304f33", "number": "5099467702", "date": "2021-01-24 07:54:00", "subject": "2", "recorded-or-robo": "Y", "city": "Richland", "state": "WA", "area-code": "509"}, {"id": "3decc6bfadaa436a105714c6ba9a4106", "number": "9738692842", "date": "2021-01-24 11:52:00", "subject": "2", "recorded-or-robo": "Y", "city": "North Caldwell", "state": "NJ", "area-code": "973"}, {"id": "03e293b3df9e35eadf15c56119304cbd", "number": "9738692842", "date": "2021-01-24 11:52:00", "subject": "2", "recorded-or-robo": "Y", "city": "North Caldwell", "state": "NJ", "area-code": "973"}, {"id": "3decc6bfadaa436a105714c6ba9a3f8f", "number": "3152328257", "date": "2021-01-24 10:37:00", "subject": "1", "recorded-or-robo": "N", "city": "Jeffersonville", "state": "IN", "area-code": "574"}, {"id": "03e293b3df9e35eadf15c561193048f6", "number": "3152328257", "date": "2021-01-24 10:37:00", "subject": "1", "recorded-or-robo": "N", "city": "Jeffersonville", "state": "IN", "area-code": "574"}, {"id": "3decc6bfadaa436a105714c6ba9a3338", "number": "3152328257", "date": "2021-01-24 11:21:00", "subject": "11", "recorded-or-robo": "Y", "city": "New Carlisle", "state": "IN", "area-code": "574"}, {"id": "03e293b3df9e35eadf15c56119304460", "number": "3152328257", "date": "2021-01-24 11:21:00", "subject": "11", "recorded-or-robo": "Y", "city": "New Carlisle", "state": "IN", "area-code": "574"}, {"id": "3decc6bfadaa436a105714c6ba9a2f5c", "number": "9564179260", "date": "2021-01-22 09:37:00", "subject": "2", "recorded-or-robo": "Y", "city": "Longview", "state": "TX", "area-code": "903"}, {"id": "3decc6bfadaa436a105714c6ba9a25ce", "number": "", "date": "2021-01-24 10:02:00", "subject": "11", "recorded-or-robo": "Y", "city": "New Carlisle", "state": "IN", "area-code": "574"}, {"id": "03e293b3df9e35eadf15c56119303563", "number": "9564179260", "date": "2021-01-22 09:37:00", "subject": "2", "recorded-or-robo": "Y", "city": "Longview", "state": "TX", "area-code": "903"}, {"id": "03e293b3df9e35eadf15c56119302a73", "number": "", "date": "2021-01-24 10:02:00", "subject": "11", "recorded-or-robo": "Y", "city": "New Carlisle", "state": "IN", "area-code": "574"}, {"id": "3decc6bfadaa436a105714c6ba9a1b62", "number": "8556781516", "date": "2021-01-24 11:42:00", "subject": "11", "recorded-or-robo": "Y", "city": "Granger", "state": "IN", "area-code": "574"}, {"id": "03e293b3df9e35eadf15c5611930273a", "number": "8556781516", "date": "2021-01-24 11:42:00", "subject": "11", "recorded-or-robo": "Y", "city": "Granger", "state": "IN", "area-code": "574"}, {"id": "3decc6bfadaa436a105714c6ba9a19ae", "number": "", "date": "2021-01-24 09:30:00", "subject": "2", "recorded-or-robo": "Y", "city": "New Carlisle", "state": "IN", "area-code": "574"}]}