{"data": [{"id": "03e293b3df9e35eadf15c5611931d62b", "number": "4792693152", "date": "2021-01-24 12:17:00", "subject": "7", "recorded-or-robo": "Y", "city": "Clover", "state": "SC", "area-code": "724"}, {"id": "3decc6bfadaa436a105714c6ba9b5647", "number": "8556550811", "date": "2021-01-17 00:07:00", "subject": "11", "recorded-or-robo": "N", "city": "Ashville", "state": "OH", "area-code": "855"}, {"id": "03e293b3df9e35eadf15c5611931c88a", "number": "8556550811", "date": "2021-01-17 00:07:00", "subject": "11", "recorded-or-robo": "N", "city": "Ashville", "state": "OH", "area-code": "855"}, {"id": "3decc6bfadaa436a105714c6ba9b4fdc", "number": "5866005340", "date": "2021-01-22 00:00:00", "subject": "2", "recorded-or-robo": "Y", "city": "Muskegon", "state": "MI", "area-code": "231"}, {"id": "03e293b3df9e35eadf15c5611931bdf0", "number": "5866005340", "date": "2021-01-22 00:00:00", "subject": "2", "recorded-or-robo": "Y", "city": "Muskegon", "state": "MI", "area-code": "231"}, {"id": "3decc6bfadaa436a105714c6ba9b43b6", "number": "5099463504", "date": "2021-01-24 08:40:00", "subject": "2", "recorded-or-robo": "Y", "city": "Richland", "state": "WA", "area-code": "509"}, {"id": "03e293b3df9e35eadf15c5611931b029", "number": "5099463504", "date": "2021-01-24 08:40:00", "subject": "2", "recorded-or-robo": "Y", "city": "Richland", "state": "WA", "area-code": "509"}, {"id": "3decc6bfadaa436a105714c6ba9b3dc5", "number": "8556785711", "date": "2021-01-23 19:56:00", "subject": "2", "recorded-or-robo": "Y", "city": "Pickerington", "state": "OH", "area-code": "740"}, {"id": "03e293b3df9e35eadf15c5611931a0ac", "number": "8556785711", "date": "2021-01-23 19:56:00", "subject": "2", "recorded-or-robo": "Y", "city": "Pickerington", "state": "OH", "area-code": "740"}, {"id": "3decc6bfadaa436a105714c6ba9b3c6f", "number": "8665320423", "date": "2021-01-24 08:16:00", "subject": "4", "recorded-or-robo": "Y", "city": "Chula Vista", "state": "CA", "area-code": "619"}, {"id": "03e293b3df9e35eadf15c561193197c4", "number": "8665320423", "date": "2021-01-24 08:16:00", "subject": "4", "recorded-or-robo": "Y", "city": "Chula Vista", "state": "CA", "area-code": "619"}, {"id": "3decc6bfadaa436a105714c6ba9b34bc", "number": "2562421179", "date": "2021-01-24 11:00:00", "subject": "8", "recorded-or-robo": "N", "city": "BIRMINGHAM", "state": "AL", "area-code": "205"}, {"id": "03e293b3df9e35eadf15c56119318fff", "number": "2562421179", "date": "2021-01-24 11:00:00", "subject": "8", "recorded-or-robo": "N", "city": "BIRMINGHAM", "state": "AL", "area-code": "205"}, {"id": "3decc6bfadaa436a105714c6ba9b2f0a", "number": "8556787416", "date": "2021-01-24 00:05:00", "subject": "11", "recorded-or-robo": "N", "city": "Ashville", "state": "OH", "area-code": "855"}, {"id": "03e293b3df9e35eadf15c56119318542", "number": "8556787416", "date": "2021-01-24 00:05:00", "subject": "11", "recorded-or-robo": "N", "city": "Ashville", "state": "OH", "area-code": "855"}, {"id": "3decc6bfadaa436a105714c6ba9b2aff", "number": "8556786953", "date": "2021-01-24 07:14:00", "subject": "2", "recorded-or-robo": "Y", "city": "West Richland", "state": "WA", "area-code": "509"}, {"id": "03e293b3df9e35eadf15c56119317fec", "number": "8556786953", "date": "2021-01-24 07:14:00", "subject": "2", "recorded-or-robo": "Y", "city": "West Richland", "state": "WA", "area-code": "509"}, {"id": "3decc6bfadaa436a105714c6ba9b2581", "number": "3152328257", "date": "2021-01-23 13:47:00", "subject": "2", "recorded-or-robo": "Y", "city": "Selah", "state": "WA", "area-code": "509"}, {"id": "03e293b3df9e35eadf15c561193175c3", "number": "3152328257", "date": "2021-01-23 13:47:00", "subject": "2", "recorded-or-robo": "Y", "city": "Selah", "state": "WA", "area-code": "509"}, {"id": "3decc6bfadaa436a105714c6ba9b2181", "number": "8556787793", "date": "2021-01-24 11:07:00", "subject": "2", "recorded-or-robo": "Y", "city": "Pickerington", "state": "OH", "area-code": "740"}, {"id": "03e293b3df9e35eadf15c56119316dea", "number": "8556787793", "date": "2021-01-24 11:07:00", "subject": "2", "recorded-or-robo": "Y", "city": "Pickerington", "state": "OH", "area-code": "740"}, {"id": "3decc6bfadaa436a105714c6ba9b1ea2", "number": "6195030594", "date": "2021-01-24 11:42:00", "subject": "3", "recorded-or-robo": "Y", "city": "", "state": "NJ", "area-code": "201"}, {"id": "03e293b3df9e35eadf15c561193166fe", "number": "6195030594", "date": "2021-01-24 11:42:00", "subject": "3", "recorded-or-robo": "Y", "city": "", "state": "NJ", "area-code": "201"}, {"id": "3decc6bfadaa436a105714c6ba9b1a7a", "number": "9892797815", "date": "2021-01-22 00:00:00", "subject": "2", "recorded-or-robo": "Y", "city": "Muskegon", "state": "MI", "area-code": "231"}, {"id": "03e293b3df9e35eadf15c56119315e05", "number": "9892797815", "date": "2021-01-22 00:00:00", "subject": "2", "recorded-or-robo": "Y", "city": "Muskegon", "state": "MI", "area-code": "231"}, {"id": "3decc6bfadaa436a105714c6ba9b0ea3", "number": "8556784570", "date": "2021-01-24 11:34:00", "subject": "2", "recorded-or-robo": "Y", "city": "Pickerington", "state": "OH", "area-code": "740"}, {"id": "03e293b3df9e35eadf15c561193150bc", "number": "8556784570", "date": "2021-01-24 11:34:00", "subject": "2", "recorded-or-robo": "Y", "city": "Pickerington", "state": "OH", "area-code": "740"}, {"id": "3decc6bfadaa436a105714c6ba9b0a80", "number": "4085085500", "date": "2021-01-24 09:55:00", "subject": "1", "recorded-or-robo": "N", "city": "", "state": "FL", "area-code": "727"}, {"id": "03e293b3df9e35eadf15c56119314402", "number": "4085085500", "date": "2021-01-24 09:55:00", "subject": "1", "recorded-or-robo": "N", "city": "", "state": "FL", "area-code": "727"}, {"id": "3decc6bfadaa436a105714c6ba9b07a8", "number": "5099462795", "date": "2021-01-24 08:34:00", "subject": "2", "recorded-or-robo": "Y", "city": "Richland", "state": "WA", "area-code": "509"}, {"id": "03e293b3df9e35eadf15c56119314002", "number": "5099462795", "date": "2021-01-24 08:34:00", "subject": "2", "recorded-or-robo": "Y", "city": "Richland", "state": "WA", "area-code": "509"}, {"id": "3decc6bfadaa436a105714c6ba9b00ad", "number": "8556788252", "date": "2021-01-24 12:03:00", "subject": "11", "recorded-or-robo": "Y", "city": "Sunbury", "state": "OH", "area-code": "740"}, {"id": "03e293b3df9e35eadf15c5611931345d", "number": "8556788252", "date": "2021-01-24 12:03:00", "subject": "11", "recorded-or-robo": "Y", "city": "Sunbury", "state": "OH", "area-code": "740"}, {"id": "3decc6bfadaa436a105714c6ba9afc60", "number": "8556785395", "date": "2021-01-24 11:42:00", "subject": "2", "recorded-or-robo": "Y", "city": "Pickerington", "state": "OH", "area-code": "740"}, {"id": "03e293b3df9e35eadf15c56119312f6a", "number": "8556785395", "date": "2021-01-24 11:42:00", "subject": "2", "recorded-or-robo": "Y", "city": "Pickerington", "state": "OH", "area-code": "740"}, {"id": "3decc6bfadaa436a105714c6ba9afa57", "number": "3152328257", "date": "2021-01-24 09:03:00", "subject": "1", "recorded-or-robo": "Y", "city": "West Richland", "state": "WA", "area-code": "509"}, {"id": "03e293b3df9e35eadf15c56119312e26", "number": "3152328257", "date": "2021-01-24 09:03:00", "subject": "1", "recorded-or-robo": "Y", "city": "West Richland", "state": "WA", "area-code": "509"}, {"id": "3decc6bfadaa436a105714c6ba9af3eb", "number": "4807162146", "date": "2021-01-24 10:14:00", "subject": "2", "recorded-or-robo": "N", "city": "PHOENIX", "state": "AZ", "area-code": "602"}, {"id": "03e293b3df9e35eadf15c561193125cb", "number": "4807162146", "date": "2021-01-24 10:14:00", "subject": "2", "recorded-or-robo": "N", "city": "PHOENIX", "state": "AZ", "area-code": "602"}, {"id": "3decc6bfadaa436a105714c6ba9ae645", "number": "2693094312", "date": "2021-01-24 10:20:00", "subject": "0", "recorded-or-robo": "Y", "city": "Muskegon", "state": "MI", "area-code": "231"}, {"id": "03e293b3df9e35eadf15c561193115e7", "number": "2693094312", "date": "2021-01-24 10:20:00", "subject": "0", "recorded-or-robo": "Y", "city": "Muskegon", "state": "MI", "area-code": "231"}, {"id": "3decc6bfadaa436a105714c6ba9ade88", "number": "2693094446", "date": "2021-01-22 16:53:00", "subject": "2", "recorded-or-robo": "Y", "city": "Fort Gratiot", "state": "MI", "area-code": "810"}, {"id": "03e293b3df9e35eadf15c5611931154d", "number": "2693094446", "date": "2021-01-22 16:53:00", "subject": "2", "recorded-or-robo": "Y", "city": "Fort Gratiot", "state": "MI", "area-code": "810"}, {"id": "3decc6bfadaa436a105714c6ba9ad6ec", "number": "8556785355", "date": "2021-01-24 11:48:00", "subject": "2", "recorded-or-robo": "Y", "city": "Pickerington", "state": "OH", "area-code": "740"}, {"id": "03e293b3df9e35eadf15c56119310f3e", "number": "8556785355", "date": "2021-01-24 11:48:00", "subject": "2", "recorded-or-robo": "Y", "city": "Pickerington", "state": "OH", "area-code": "740"}, {"id": "3decc6bfadaa436a105714c6ba9ad418", "number": "9034142116", "date": "2021-01-22 09:45:00", "subject": "2", "recorded-or-robo": "Y", "city": "Longview", "state": "TX", "area-code": "903"}, {"id": "03e293b3df9e35eadf15c56119310a98", "number": "9034142116", "date": "2021-01-22 09:45:00", "subject": "2", "recorded-or-robo": "Y", "city": "Longview", "state": "TX", "area-code": "903"}, {"id": "3decc6bfadaa436a105714c6ba9acd2b", "number": "9476667247", "date": "2020-12-23 14:43:00", "subject": "1", "recorded-or-robo": "Y", "city": "Fort Gratiot", "state": "MI", "area-code": "810"}, {"id": "03e293b3df9e35eadf15c5611930fb9c", "number": "9476667247", "date": "2020-12-23 14:43:00", "subject": "1", "recorded-or-robo": "Y", "city": "Fort Gratiot", "state": "MI", "area-code": "810"}, {"id": "3decc6bfadaa436a105714c6ba9ac3a1", "number": "8556780229", "date": "2021-01-24 11:00:00", "subject": "2", "recorded-or-robo": "Y", "city": "Pickerington", "state": "OH", "area-code": "740"}]}