{"data": [{"id": "03e293b3df9e35eadf15c561190c3e73", "number": "+13217325706", "date": "2021-01-23 15:11:06", "subject": "3", "recorded-or-robo": "Y", "city": "", "state": "TX", "area-code": "915"}, {"id": "3decc6bfadaa436a105714c6ba24d6f7", "number": "9805955918", "date": "2021-01-22 12:54:00", "subject": "3", "recorded-or-robo": "Y", "city": "", "state": "NC", "area-code": "980"}, {"id": "1d36742e3f24f50e4e7ae82801bc0140", "number": "9805955918", "date": "2021-01-22 12:54:00", "subject": "3", "recorded-or-robo": "Y", "city": "", "state": "NC", "area-code": "980"}, {"id": "3decc6bfadaa436a105714c6ba24d631", "number": "5095816451", "date": "2021-01-23 11:55:00", "subject": "6", "recorded-or-robo": "Y", "city": "Moses Lake", "state": "WA", "area-code": "509"}, {"id": "1d36742e3f24f50e4e7ae82801bbf481", "number": "5095816451", "date": "2021-01-23 11:55:00", "subject": "6", "recorded-or-robo": "Y", "city": "Moses Lake", "state": "WA", "area-code": "509"}, {"id": "3decc6bfadaa436a105714c6ba24c83e", "number": "8134999010", "date": "2021-01-23 11:34:00", "subject": "2", "recorded-or-robo": "Y", "city": "Ocala", "state": "FL", "area-code": "352"}, {"id": "1d36742e3f24f50e4e7ae82801bbe510", "number": "8134999010", "date": "2021-01-23 11:34:00", "subject": "2", "recorded-or-robo": "Y", "city": "Ocala", "state": "FL", "area-code": "352"}, {"id": "3decc6bfadaa436a105714c6ba24c2f2", "number": "2629474001", "date": "2021-01-23 09:14:00", "subject": "0", "recorded-or-robo": "", "city": "Germantown", "state": "WI", "area-code": "262"}, {"id": "1d36742e3f24f50e4e7ae82801bbda78", "number": "2629474001", "date": "2021-01-23 09:14:00", "subject": "0", "recorded-or-robo": "", "city": "Germantown", "state": "WI", "area-code": "262"}, {"id": "3decc6bfadaa436a105714c6ba24bd63", "number": "5854981634", "date": "2021-01-11 16:41:00", "subject": "4", "recorded-or-robo": "Y", "city": "", "state": "NY", "area-code": "585"}, {"id": "1d36742e3f24f50e4e7ae82801bbd8a2", "number": "5854981634", "date": "2021-01-11 16:41:00", "subject": "4", "recorded-or-robo": "Y", "city": "", "state": "NY", "area-code": "585"}, {"id": "3decc6bfadaa436a105714c6ba75903b", "number": "+16017461756", "date": "2021-01-23 15:10:32", "subject": "3", "recorded-or-robo": "Y", "city": "", "state": "TX", "area-code": "915"}, {"id": "03e293b3df9e35eadf15c561190bf7f6", "number": "+16017461756", "date": "2021-01-23 15:10:32", "subject": "3", "recorded-or-robo": "Y", "city": "", "state": "TX", "area-code": "915"}, {"id": "3decc6bfadaa436a105714c6ba24af1a", "number": "8554167569", "date": "2021-01-23 11:00:00", "subject": "2", "recorded-or-robo": "N", "city": "Willits", "state": "CA", "area-code": "707"}, {"id": "1d36742e3f24f50e4e7ae82801bbcb3f", "number": "8554167569", "date": "2021-01-23 11:00:00", "subject": "2", "recorded-or-robo": "N", "city": "Willits", "state": "CA", "area-code": "707"}, {"id": "3decc6bfadaa436a105714c6ba24a372", "number": "3035577235", "date": "2021-01-23 02:05:00", "subject": "0", "recorded-or-robo": "N", "city": "", "state": "WI", "area-code": "262"}, {"id": "1d36742e3f24f50e4e7ae82801bbc0b0", "number": "3035577235", "date": "2021-01-23 02:05:00", "subject": "0", "recorded-or-robo": "N", "city": "", "state": "WI", "area-code": "262"}, {"id": "3decc6bfadaa436a105714c6ba249e2d", "number": "5095249670", "date": "2020-12-03 07:30:00", "subject": "1", "recorded-or-robo": "N", "city": "", "state": "IL", "area-code": "630"}, {"id": "1d36742e3f24f50e4e7ae82801bbbbff", "number": "5095249670", "date": "2020-12-03 07:30:00", "subject": "1", "recorded-or-robo": "N", "city": "", "state": "IL", "area-code": "630"}, {"id": "3decc6bfadaa436a105714c6ba24991e", "number": "2292103320", "date": "2021-01-23 13:10:00", "subject": "2", "recorded-or-robo": "Y", "city": "New Orleans", "state": "LA", "area-code": "504"}, {"id": "1d36742e3f24f50e4e7ae82801bbb2c3", "number": "2292103320", "date": "2021-01-23 13:10:00", "subject": "2", "recorded-or-robo": "Y", "city": "New Orleans", "state": "LA", "area-code": "504"}, {"id": "3decc6bfadaa436a105714c6ba75cfb2", "number": "+14146625438", "date": "2021-01-23 15:10:13", "subject": "3", "recorded-or-robo": "Y", "city": "", "state": "TX", "area-code": "915"}, {"id": "03e293b3df9e35eadf15c561190c3926", "number": "+14146625438", "date": "2021-01-23 15:10:13", "subject": "3", "recorded-or-robo": "Y", "city": "", "state": "TX", "area-code": "915"}, {"id": "3decc6bfadaa436a105714c6ba248a90", "number": "3108783212", "date": "2021-01-23 11:41:00", "subject": "1", "recorded-or-robo": "Y", "city": "Concord", "state": "CA", "area-code": "925"}, {"id": "1d36742e3f24f50e4e7ae82801bba4a1", "number": "3108783212", "date": "2021-01-23 11:41:00", "subject": "1", "recorded-or-robo": "Y", "city": "Concord", "state": "CA", "area-code": "925"}, {"id": "3decc6bfadaa436a105714c6ba248483", "number": "9808756586", "date": "2021-01-23 15:10:00", "subject": "2", "recorded-or-robo": "Y", "city": "", "state": "NC", "area-code": "980"}, {"id": "1d36742e3f24f50e4e7ae82801bb962a", "number": "9808756586", "date": "2021-01-23 15:10:00", "subject": "2", "recorded-or-robo": "Y", "city": "", "state": "NC", "area-code": "980"}, {"id": "3decc6bfadaa436a105714c6ba2476a5", "number": "2814179872", "date": "2021-01-23 13:09:00", "subject": "2", "recorded-or-robo": "Y", "city": "", "state": "", "area-code": "972"}, {"id": "1d36742e3f24f50e4e7ae82801bb8aff", "number": "2814179872", "date": "2021-01-23 13:09:00", "subject": "2", "recorded-or-robo": "Y", "city": "", "state": "", "area-code": "972"}, {"id": "3decc6bfadaa436a105714c6ba2466af", "number": "3145406476", "date": "2021-01-23 13:57:00", "subject": "11", "recorded-or-robo": "Y", "city": "St Louis", "state": "MO", "area-code": "314"}, {"id": "1d36742e3f24f50e4e7ae82801bb8689", "number": "3145406476", "date": "2021-01-23 13:57:00", "subject": "11", "recorded-or-robo": "Y", "city": "St Louis", "state": "MO", "area-code": "314"}, {"id": "3decc6bfadaa436a105714c6ba75c1ba", "number": "+14356256115", "date": "2021-01-23 15:09:55", "subject": "3", "recorded-or-robo": "Y", "city": "", "state": "TX", "area-code": "915"}, {"id": "03e293b3df9e35eadf15c561190c1c61", "number": "+14356256115", "date": "2021-01-23 15:09:55", "subject": "3", "recorded-or-robo": "Y", "city": "", "state": "TX", "area-code": "915"}, {"id": "3decc6bfadaa436a105714c6ba245ee2", "number": "8009476229", "date": "2021-01-23 15:06:00", "subject": "2", "recorded-or-robo": "Y", "city": "Murrysville", "state": "PA", "area-code": "724"}, {"id": "3decc6bfadaa436a105714c6ba24585f", "number": "8167711278", "date": "2021-01-23 12:00:00", "subject": "2", "recorded-or-robo": "Y", "city": "Collierville", "state": "TN", "area-code": "901"}, {"id": "1d36742e3f24f50e4e7ae82801bb7e08", "number": "8009476229", "date": "2021-01-23 15:06:00", "subject": "2", "recorded-or-robo": "Y", "city": "Murrysville", "state": "PA", "area-code": "724"}, {"id": "1d36742e3f24f50e4e7ae82801bb7030", "number": "8167711278", "date": "2021-01-23 12:00:00", "subject": "2", "recorded-or-robo": "Y", "city": "Collierville", "state": "TN", "area-code": "901"}, {"id": "3decc6bfadaa436a105714c6ba244d73", "number": "2622536190", "date": "2021-01-22 10:52:00", "subject": "1", "recorded-or-robo": "Y", "city": "Germantown", "state": "WI", "area-code": "262"}, {"id": "1d36742e3f24f50e4e7ae82801bb6ea9", "number": "2622536190", "date": "2021-01-22 10:52:00", "subject": "1", "recorded-or-robo": "Y", "city": "Germantown", "state": "WI", "area-code": "262"}, {"id": "3decc6bfadaa436a105714c6ba75a5d5", "number": "+18327401200", "date": "2021-01-23 15:09:39", "subject": "3", "recorded-or-robo": "Y", "city": "", "state": "TX", "area-code": "915"}, {"id": "03e293b3df9e35eadf15c561190c092a", "number": "+18327401200", "date": "2021-01-23 15:09:39", "subject": "3", "recorded-or-robo": "Y", "city": "", "state": "TX", "area-code": "915"}, {"id": "3decc6bfadaa436a105714c6ba243fc0", "number": "7607207537", "date": "2021-01-23 11:59:00", "subject": "1", "recorded-or-robo": "Y", "city": "Carlsbad", "state": "CA", "area-code": "760"}, {"id": "1d36742e3f24f50e4e7ae82801bb6cdc", "number": "7607207537", "date": "2021-01-23 11:59:00", "subject": "1", "recorded-or-robo": "Y", "city": "Carlsbad", "state": "CA", "area-code": "760"}, {"id": "3decc6bfadaa436a105714c6ba243499", "number": "6307088910", "date": "2021-01-21 14:08:00", "subject": "4", "recorded-or-robo": "Y", "city": "", "state": "IL", "area-code": "630"}, {"id": "1d36742e3f24f50e4e7ae82801bb68cd", "number": "6307088910", "date": "2021-01-21 14:08:00", "subject": "4", "recorded-or-robo": "Y", "city": "", "state": "IL", "area-code": "630"}, {"id": "3decc6bfadaa436a105714c6ba242fde", "number": "8887873989", "date": "2021-01-22 16:05:00", "subject": "4", "recorded-or-robo": "Y", "city": "LEVITTOWN", "state": "PA", "area-code": "267"}, {"id": "1d36742e3f24f50e4e7ae82801bb65f1", "number": "8887873989", "date": "2021-01-22 16:05:00", "subject": "4", "recorded-or-robo": "Y", "city": "LEVITTOWN", "state": "PA", "area-code": "267"}, {"id": "3decc6bfadaa436a105714c6ba75e933", "number": "8033539866", "date": "2021-01-23 15:09:04", "subject": "3", "recorded-or-robo": "Y", "city": "", "state": "SC", "area-code": "803"}, {"id": "03e293b3df9e35eadf15c561190c49ca", "number": "8033539866", "date": "2021-01-23 15:09:04", "subject": "3", "recorded-or-robo": "Y", "city": "", "state": "SC", "area-code": "803"}, {"id": "3decc6bfadaa436a105714c6ba759a54", "number": "8009396740", "date": "2021-01-23 15:09:03", "subject": "3", "recorded-or-robo": "N", "city": "", "state": "NY", "area-code": "917"}]}