{"data": [{"id": "03e293b3df9e35eadf15c5611963792f", "number": "3233098828", "date": "2021-01-24 16:00:00", "subject": "2", "recorded-or-robo": "Y", "city": "", "state": "CA", "area-code": "323"}, {"id": "3decc6bfadaa436a105714c6bacd116d", "number": "5092552112", "date": "2021-01-24 15:46:00", "subject": "2", "recorded-or-robo": "Y", "city": "Liberty Lake", "state": "WA", "area-code": "509"}, {"id": "03e293b3df9e35eadf15c56119636e79", "number": "5092552112", "date": "2021-01-24 15:46:00", "subject": "2", "recorded-or-robo": "Y", "city": "Liberty Lake", "state": "WA", "area-code": "509"}, {"id": "3decc6bfadaa436a105714c6bacd0436", "number": "3144351463", "date": "2021-01-24 00:00:00", "subject": "2", "recorded-or-robo": "Y", "city": "", "state": "MO", "area-code": "314"}, {"id": "03e293b3df9e35eadf15c56119636783", "number": "3144351463", "date": "2021-01-24 00:00:00", "subject": "2", "recorded-or-robo": "Y", "city": "", "state": "MO", "area-code": "314"}, {"id": "3decc6bfadaa436a105714c6baccf938", "number": "", "date": "2021-01-24 16:30:00", "subject": "2", "recorded-or-robo": "Y", "city": "Loon Lake", "state": "WA", "area-code": "509"}, {"id": "03e293b3df9e35eadf15c56119635bb9", "number": "", "date": "2021-01-24 16:30:00", "subject": "2", "recorded-or-robo": "Y", "city": "Loon Lake", "state": "WA", "area-code": "509"}, {"id": "3decc6bfadaa436a105714c6baccef63", "number": "", "date": "2021-01-24 19:43:00", "subject": "2", "recorded-or-robo": "Y", "city": "Aldie", "state": "VA", "area-code": "301"}, {"id": "03e293b3df9e35eadf15c56119635688", "number": "", "date": "2021-01-24 19:43:00", "subject": "2", "recorded-or-robo": "Y", "city": "Aldie", "state": "VA", "area-code": "301"}, {"id": "3decc6bfadaa436a105714c6baccec33", "number": "3169742979", "date": "2021-01-23 11:58:00", "subject": "2", "recorded-or-robo": "", "city": "", "state": "KS", "area-code": "316"}, {"id": "03e293b3df9e35eadf15c56119635273", "number": "3169742979", "date": "2021-01-23 11:58:00", "subject": "2", "recorded-or-robo": "", "city": "", "state": "KS", "area-code": "316"}, {"id": "3decc6bfadaa436a105714c6baccdfdf", "number": "5092554426", "date": "2021-01-24 15:31:00", "subject": "2", "recorded-or-robo": "Y", "city": "Liberty Lake", "state": "WA", "area-code": "509"}, {"id": "03e293b3df9e35eadf15c5611963490e", "number": "5092554426", "date": "2021-01-24 15:31:00", "subject": "2", "recorded-or-robo": "Y", "city": "Liberty Lake", "state": "WA", "area-code": "509"}, {"id": "3decc6bfadaa436a105714c6baccd949", "number": "8556783680", "date": "2021-01-24 18:50:00", "subject": "2", "recorded-or-robo": "Y", "city": "Carol Stream", "state": "IL", "area-code": "630"}, {"id": "03e293b3df9e35eadf15c561196342ac", "number": "8556783680", "date": "2021-01-24 18:50:00", "subject": "2", "recorded-or-robo": "Y", "city": "Carol Stream", "state": "IL", "area-code": "630"}, {"id": "3decc6bfadaa436a105714c6bacccbb3", "number": "6207723347", "date": "2021-01-22 11:09:00", "subject": "2", "recorded-or-robo": "", "city": "", "state": "KS", "area-code": "316"}, {"id": "03e293b3df9e35eadf15c561196339a3", "number": "6207723347", "date": "2021-01-22 11:09:00", "subject": "2", "recorded-or-robo": "", "city": "", "state": "KS", "area-code": "316"}, {"id": "3decc6bfadaa436a105714c6baccc556", "number": "6054728723", "date": "2021-01-21 17:42:00", "subject": "2", "recorded-or-robo": "", "city": "", "state": "KS", "area-code": "316"}, {"id": "3decc6bfadaa436a105714c6baccb982", "number": "5092555897", "date": "2021-01-24 15:54:00", "subject": "2", "recorded-or-robo": "Y", "city": "Liberty Lake", "state": "WA", "area-code": "509"}, {"id": "03e293b3df9e35eadf15c56119632d77", "number": "6054728723", "date": "2021-01-21 17:42:00", "subject": "2", "recorded-or-robo": "", "city": "", "state": "KS", "area-code": "316"}, {"id": "03e293b3df9e35eadf15c5611963240d", "number": "5092555897", "date": "2021-01-24 15:54:00", "subject": "2", "recorded-or-robo": "Y", "city": "Liberty Lake", "state": "WA", "area-code": "509"}, {"id": "3decc6bfadaa436a105714c6baccb2a6", "number": "8553308653", "date": "2021-01-21 18:01:00", "subject": "2", "recorded-or-robo": "Y", "city": "Altoona", "state": "PA", "area-code": "814"}, {"id": "03e293b3df9e35eadf15c5611963190d", "number": "8553308653", "date": "2021-01-21 18:01:00", "subject": "2", "recorded-or-robo": "Y", "city": "Altoona", "state": "PA", "area-code": "814"}, {"id": "3decc6bfadaa436a105714c6bacca38e", "number": "4057706649", "date": "2021-01-24 19:47:00", "subject": "4", "recorded-or-robo": "Y", "city": "Midland", "state": "MI", "area-code": "248"}, {"id": "03e293b3df9e35eadf15c56119630acd", "number": "4057706649", "date": "2021-01-24 19:47:00", "subject": "4", "recorded-or-robo": "Y", "city": "Midland", "state": "MI", "area-code": "248"}, {"id": "3decc6bfadaa436a105714c6bacca2a9", "number": "8143634504", "date": "2021-01-21 15:43:00", "subject": "2", "recorded-or-robo": "Y", "city": "Altoona", "state": "PA", "area-code": "814"}, {"id": "03e293b3df9e35eadf15c561196301a0", "number": "8143634504", "date": "2021-01-21 15:43:00", "subject": "2", "recorded-or-robo": "Y", "city": "Altoona", "state": "PA", "area-code": "814"}, {"id": "3decc6bfadaa436a105714c6bacca2a8", "number": "9137214723", "date": "2021-01-21 15:10:00", "subject": "2", "recorded-or-robo": "", "city": "", "state": "KS", "area-code": "316"}, {"id": "03e293b3df9e35eadf15c5611962f6ca", "number": "9137214723", "date": "2021-01-21 15:10:00", "subject": "2", "recorded-or-robo": "", "city": "", "state": "KS", "area-code": "316"}, {"id": "3decc6bfadaa436a105714c6bacca06c", "number": "8562121143", "date": "2021-01-23 19:19:00", "subject": "0", "recorded-or-robo": "Y", "city": "Vineland", "state": "NJ", "area-code": "856"}, {"id": "03e293b3df9e35eadf15c5611962f4ef", "number": "8562121143", "date": "2021-01-23 19:19:00", "subject": "0", "recorded-or-robo": "Y", "city": "Vineland", "state": "NJ", "area-code": "856"}, {"id": "3decc6bfadaa436a105714c6bacc9c36", "number": "", "date": "2021-01-14 00:00:00", "subject": "0", "recorded-or-robo": "Y", "city": "", "state": "CA", "area-code": "559"}, {"id": "03e293b3df9e35eadf15c5611962ed72", "number": "", "date": "2021-01-14 00:00:00", "subject": "0", "recorded-or-robo": "Y", "city": "", "state": "CA", "area-code": "559"}, {"id": "3decc6bfadaa436a105714c6bacc996c", "number": "8148803556", "date": "2021-01-19 14:46:00", "subject": "2", "recorded-or-robo": "Y", "city": "Altoona", "state": "PA", "area-code": "814"}, {"id": "03e293b3df9e35eadf15c5611962ec4e", "number": "8148803556", "date": "2021-01-19 14:46:00", "subject": "2", "recorded-or-robo": "Y", "city": "Altoona", "state": "PA", "area-code": "814"}, {"id": "3decc6bfadaa436a105714c6bacc96c0", "number": "7542261287", "date": "2021-01-21 14:00:00", "subject": "2", "recorded-or-robo": "", "city": "", "state": "KS", "area-code": "316"}, {"id": "03e293b3df9e35eadf15c5611962e6af", "number": "7542261287", "date": "2021-01-21 14:00:00", "subject": "2", "recorded-or-robo": "", "city": "", "state": "KS", "area-code": "316"}, {"id": "3decc6bfadaa436a105714c6bacc9494", "number": "5092552325", "date": "2021-01-24 16:08:00", "subject": "2", "recorded-or-robo": "Y", "city": "Liberty Lake", "state": "WA", "area-code": "509"}, {"id": "03e293b3df9e35eadf15c5611962df48", "number": "5092552325", "date": "2021-01-24 16:08:00", "subject": "2", "recorded-or-robo": "Y", "city": "Liberty Lake", "state": "WA", "area-code": "509"}, {"id": "3decc6bfadaa436a105714c6bacc899e", "number": "8556782449", "date": "2021-01-24 19:45:00", "subject": "11", "recorded-or-robo": "Y", "city": "homosassa", "state": "FL", "area-code": "352"}, {"id": "03e293b3df9e35eadf15c5611962d2ae", "number": "8556782449", "date": "2021-01-24 19:45:00", "subject": "11", "recorded-or-robo": "Y", "city": "homosassa", "state": "FL", "area-code": "352"}, {"id": "3decc6bfadaa436a105714c6bacc79ec", "number": "8149615170", "date": "2021-01-19 09:59:00", "subject": "2", "recorded-or-robo": "Y", "city": "Altoona", "state": "PA", "area-code": "814"}, {"id": "03e293b3df9e35eadf15c5611962d182", "number": "8149615170", "date": "2021-01-19 09:59:00", "subject": "2", "recorded-or-robo": "Y", "city": "Altoona", "state": "PA", "area-code": "814"}, {"id": "3decc6bfadaa436a105714c6bacc6fac", "number": "4149438503", "date": "2021-01-24 18:46:00", "subject": "11", "recorded-or-robo": "Y", "city": "West Allis", "state": "WI", "area-code": "414"}, {"id": "03e293b3df9e35eadf15c5611962ce3d", "number": "4149438503", "date": "2021-01-24 18:46:00", "subject": "11", "recorded-or-robo": "Y", "city": "West Allis", "state": "WI", "area-code": "414"}, {"id": "3decc6bfadaa436a105714c6bacc6681", "number": "7275255381", "date": "2021-01-24 19:42:00", "subject": "1", "recorded-or-robo": "Y", "city": "St. Petersburg", "state": "FL", "area-code": "727"}, {"id": "03e293b3df9e35eadf15c5611962ce19", "number": "7275255381", "date": "2021-01-24 19:42:00", "subject": "1", "recorded-or-robo": "Y", "city": "St. Petersburg", "state": "FL", "area-code": "727"}, {"id": "3decc6bfadaa436a105714c6bacc5b60", "number": "7035895525", "date": "2021-01-21 11:14:00", "subject": "2", "recorded-or-robo": "Y", "city": "Alexandria", "state": "VA", "area-code": "703"}, {"id": "03e293b3df9e35eadf15c5611962c755", "number": "7035895525", "date": "2021-01-21 11:14:00", "subject": "2", "recorded-or-robo": "Y", "city": "Alexandria", "state": "VA", "area-code": "703"}, {"id": "3decc6bfadaa436a105714c6bacc595d", "number": "7852434723", "date": "2021-01-21 13:41:00", "subject": "2", "recorded-or-robo": "", "city": "", "state": "KS", "area-code": "316"}]}