{"data": [{"id": "1d36742e3f24f50e4e7ae82801ec4ce4", "number": "3094666112", "date": "2021-01-23 13:17:36", "subject": "3", "recorded-or-robo": "Y", "city": "", "state": "IL", "area-code": "309"}, {"id": "3decc6bfadaa436a105714c6ba081d1e", "number": "7204639505", "date": "2021-01-20 13:50:00", "subject": "2", "recorded-or-robo": "N", "city": "", "state": "CO", "area-code": "720"}, {"id": "1d36742e3f24f50e4e7ae828019f6e11", "number": "7204639505", "date": "2021-01-20 13:50:00", "subject": "2", "recorded-or-robo": "N", "city": "", "state": "CO", "area-code": "720"}, {"id": "3decc6bfadaa436a105714c6ba081614", "number": "3147364804", "date": "2021-01-22 00:00:00", "subject": "3", "recorded-or-robo": "", "city": "", "state": "TX", "area-code": "512"}, {"id": "1d36742e3f24f50e4e7ae828019f6e0c", "number": "3147364804", "date": "2021-01-22 00:00:00", "subject": "3", "recorded-or-robo": "", "city": "", "state": "TX", "area-code": "512"}, {"id": "3decc6bfadaa436a105714c6ba0807f4", "number": "2564834661", "date": "2021-01-21 15:34:00", "subject": "5", "recorded-or-robo": "Y", "city": "Sebastian", "state": "FL", "area-code": "678"}, {"id": "1d36742e3f24f50e4e7ae828019f649c", "number": "2564834661", "date": "2021-01-21 15:34:00", "subject": "5", "recorded-or-robo": "Y", "city": "Sebastian", "state": "FL", "area-code": "678"}, {"id": "3decc6bfadaa436a105714c6ba07f8d7", "number": "3153043187", "date": "2021-01-23 10:44:00", "subject": "4", "recorded-or-robo": "Y", "city": "Grayslake", "state": "IL", "area-code": "315"}, {"id": "1d36742e3f24f50e4e7ae828019f5e75", "number": "3153043187", "date": "2021-01-23 10:44:00", "subject": "4", "recorded-or-robo": "Y", "city": "Grayslake", "state": "IL", "area-code": "315"}, {"id": "3decc6bfadaa436a105714c6ba07f487", "number": "5126283144", "date": "2021-01-22 00:00:00", "subject": "3", "recorded-or-robo": "", "city": "", "state": "TX", "area-code": "512"}, {"id": "1d36742e3f24f50e4e7ae828019f4f55", "number": "5126283144", "date": "2021-01-22 00:00:00", "subject": "3", "recorded-or-robo": "", "city": "", "state": "TX", "area-code": "512"}, {"id": "3decc6bfadaa436a105714c6ba07f0fc", "number": "8477761411", "date": "2021-01-23 12:07:00", "subject": "0", "recorded-or-robo": "Y", "city": "", "state": "IL", "area-code": "847"}, {"id": "1d36742e3f24f50e4e7ae828019f4797", "number": "8477761411", "date": "2021-01-23 12:07:00", "subject": "0", "recorded-or-robo": "Y", "city": "", "state": "IL", "area-code": "847"}, {"id": "3decc6bfadaa436a105714c6ba07e95d", "number": "2029083097", "date": "2021-01-22 00:00:00", "subject": "3", "recorded-or-robo": "", "city": "", "state": "TX", "area-code": "512"}, {"id": "1d36742e3f24f50e4e7ae828019f3c92", "number": "2029083097", "date": "2021-01-22 00:00:00", "subject": "3", "recorded-or-robo": "", "city": "", "state": "TX", "area-code": "512"}, {"id": "3decc6bfadaa436a105714c6ba07e950", "number": "3152328257", "date": "2021-01-23 12:30:00", "subject": "2", "recorded-or-robo": "Y", "city": "Hudson", "state": "FL", "area-code": "727"}, {"id": "1d36742e3f24f50e4e7ae828019f3886", "number": "3152328257", "date": "2021-01-23 12:30:00", "subject": "2", "recorded-or-robo": "Y", "city": "Hudson", "state": "FL", "area-code": "727"}, {"id": "3decc6bfadaa436a105714c6ba07db22", "number": "8664547823", "date": "2021-01-23 10:09:00", "subject": "5", "recorded-or-robo": "N", "city": "Sanger", "state": "CA", "area-code": "559"}, {"id": "3decc6bfadaa436a105714c6ba07d2c9", "number": "5092154074", "date": "2021-01-22 07:42:00", "subject": "0", "recorded-or-robo": "Y", "city": "", "state": "WA", "area-code": "509"}, {"id": "1d36742e3f24f50e4e7ae828019f31dd", "number": "8664547823", "date": "2021-01-23 10:09:00", "subject": "5", "recorded-or-robo": "N", "city": "Sanger", "state": "CA", "area-code": "559"}, {"id": "1d36742e3f24f50e4e7ae828019f2964", "number": "5092154074", "date": "2021-01-22 07:42:00", "subject": "0", "recorded-or-robo": "Y", "city": "", "state": "WA", "area-code": "509"}, {"id": "3decc6bfadaa436a105714c6ba07ca03", "number": "7034639404", "date": "2021-01-21 00:00:00", "subject": "3", "recorded-or-robo": "", "city": "", "state": "TX", "area-code": "512"}, {"id": "1d36742e3f24f50e4e7ae828019f270d", "number": "7034639404", "date": "2021-01-21 00:00:00", "subject": "3", "recorded-or-robo": "", "city": "", "state": "TX", "area-code": "512"}, {"id": "3decc6bfadaa436a105714c6ba07c57b", "number": "8569604256", "date": "2021-01-23 13:15:00", "subject": "1", "recorded-or-robo": "Y", "city": "", "state": "NJ", "area-code": "856"}, {"id": "1d36742e3f24f50e4e7ae828019f1d28", "number": "8569604256", "date": "2021-01-23 13:15:00", "subject": "1", "recorded-or-robo": "Y", "city": "", "state": "NJ", "area-code": "856"}, {"id": "3decc6bfadaa436a105714c6ba07b667", "number": "7204149520", "date": "2021-01-20 11:08:00", "subject": "2", "recorded-or-robo": "N", "city": "", "state": "CO", "area-code": "720"}, {"id": "1d36742e3f24f50e4e7ae828019f1650", "number": "7204149520", "date": "2021-01-20 11:08:00", "subject": "2", "recorded-or-robo": "N", "city": "", "state": "CO", "area-code": "720"}, {"id": "3decc6bfadaa436a105714c6ba07a79c", "number": "5613498515", "date": "2021-01-23 12:47:00", "subject": "2", "recorded-or-robo": "Y", "city": "Boca Raton", "state": "FL", "area-code": "561"}, {"id": "1d36742e3f24f50e4e7ae828019f0b88", "number": "5613498515", "date": "2021-01-23 12:47:00", "subject": "2", "recorded-or-robo": "Y", "city": "Boca Raton", "state": "FL", "area-code": "561"}, {"id": "3decc6bfadaa436a105714c6ba07a4c0", "number": "8059643388", "date": "2021-01-23 10:03:00", "subject": "2", "recorded-or-robo": "N", "city": "Santa Barbara", "state": "CA", "area-code": "805"}, {"id": "1d36742e3f24f50e4e7ae828019f01c3", "number": "8059643388", "date": "2021-01-23 10:03:00", "subject": "2", "recorded-or-robo": "N", "city": "Santa Barbara", "state": "CA", "area-code": "805"}, {"id": "3decc6bfadaa436a105714c6ba079a68", "number": "", "date": "2021-01-23 13:10:00", "subject": "1", "recorded-or-robo": "Y", "city": "Vineland", "state": "NJ", "area-code": "856"}, {"id": "1d36742e3f24f50e4e7ae828019ef3cb", "number": "", "date": "2021-01-23 13:10:00", "subject": "1", "recorded-or-robo": "Y", "city": "Vineland", "state": "NJ", "area-code": "856"}, {"id": "3decc6bfadaa436a105714c6ba079988", "number": "5125912971", "date": "2021-01-21 00:00:00", "subject": "3", "recorded-or-robo": "", "city": "", "state": "TX", "area-code": "512"}, {"id": "1d36742e3f24f50e4e7ae828019eeee5", "number": "5125912971", "date": "2021-01-21 00:00:00", "subject": "3", "recorded-or-robo": "", "city": "", "state": "TX", "area-code": "512"}, {"id": "3decc6bfadaa436a105714c6ba0789ad", "number": "2294669091", "date": "2021-01-21 17:29:00", "subject": "2", "recorded-or-robo": "Y", "city": "Sebastian", "state": "FL", "area-code": "678"}, {"id": "1d36742e3f24f50e4e7ae828019eed01", "number": "2294669091", "date": "2021-01-21 17:29:00", "subject": "2", "recorded-or-robo": "Y", "city": "Sebastian", "state": "FL", "area-code": "678"}, {"id": "3decc6bfadaa436a105714c6ba0787dd", "number": "4055613489", "date": "2021-01-22 13:15:00", "subject": "0", "recorded-or-robo": "Y", "city": "", "state": "TX", "area-code": "325"}, {"id": "1d36742e3f24f50e4e7ae828019ee6f7", "number": "4055613489", "date": "2021-01-22 13:15:00", "subject": "0", "recorded-or-robo": "Y", "city": "", "state": "TX", "area-code": "325"}, {"id": "3decc6bfadaa436a105714c6ba0787da", "number": "2542123377", "date": "2021-01-21 00:00:00", "subject": "3", "recorded-or-robo": "", "city": "", "state": "TX", "area-code": "512"}, {"id": "1d36742e3f24f50e4e7ae828019ed72f", "number": "2542123377", "date": "2021-01-21 00:00:00", "subject": "3", "recorded-or-robo": "", "city": "", "state": "TX", "area-code": "512"}, {"id": "3decc6bfadaa436a105714c6ba55f401", "number": "+17799390427", "date": "2021-01-23 13:16:14", "subject": "3", "recorded-or-robo": "Y", "city": "", "state": "GA", "area-code": "678"}, {"id": "1d36742e3f24f50e4e7ae82801ec3f74", "number": "+17799390427", "date": "2021-01-23 13:16:14", "subject": "3", "recorded-or-robo": "Y", "city": "", "state": "GA", "area-code": "678"}, {"id": "3decc6bfadaa436a105714c6ba07797e", "number": "33071106669", "date": "2021-01-23 13:08:00", "subject": "2", "recorded-or-robo": "Y", "city": "Medina", "state": "OH", "area-code": "330"}, {"id": "1d36742e3f24f50e4e7ae828019ed339", "number": "33071106669", "date": "2021-01-23 13:08:00", "subject": "2", "recorded-or-robo": "Y", "city": "Medina", "state": "OH", "area-code": "330"}, {"id": "3decc6bfadaa436a105714c6ba076ef0", "number": "3344817237", "date": "2021-01-23 12:00:00", "subject": "1", "recorded-or-robo": "Y", "city": "Ozark", "state": "AL", "area-code": "334"}, {"id": "1d36742e3f24f50e4e7ae828019eccf3", "number": "3344817237", "date": "2021-01-23 12:00:00", "subject": "1", "recorded-or-robo": "Y", "city": "Ozark", "state": "AL", "area-code": "334"}, {"id": "3decc6bfadaa436a105714c6ba076c69", "number": "5125466558", "date": "2021-01-21 00:00:00", "subject": "3", "recorded-or-robo": "", "city": "", "state": "TX", "area-code": "512"}, {"id": "1d36742e3f24f50e4e7ae828019ecc84", "number": "5125466558", "date": "2021-01-21 00:00:00", "subject": "3", "recorded-or-robo": "", "city": "", "state": "TX", "area-code": "512"}, {"id": "3decc6bfadaa436a105714c6ba07672f", "number": "2159621586", "date": "2021-01-23 13:10:00", "subject": "11", "recorded-or-robo": "Y", "city": "", "state": "PA", "area-code": "215"}]}