{"data": [{"id": "03e293b3df9e35eadf15c561191da985", "number": "5208390094", "date": "2021-01-22 17:07:00", "subject": "2", "recorded-or-robo": "Y", "city": "green valley", "state": "AZ", "area-code": "520"}, {"id": "3decc6bfadaa436a105714c6ba870243", "number": "7315745964", "date": "2021-01-23 09:00:00", "subject": "1", "recorded-or-robo": "N", "city": "Jackson", "state": "TN", "area-code": "731"}, {"id": "03e293b3df9e35eadf15c561191da897", "number": "7315745964", "date": "2021-01-23 09:00:00", "subject": "1", "recorded-or-robo": "N", "city": "Jackson", "state": "TN", "area-code": "731"}, {"id": "3decc6bfadaa436a105714c6ba86fa51", "number": "5104553080", "date": "2021-01-23 11:16:00", "subject": "3", "recorded-or-robo": "N", "city": "", "state": "CA", "area-code": "510"}, {"id": "03e293b3df9e35eadf15c561191d891d", "number": "5104553080", "date": "2021-01-23 11:16:00", "subject": "3", "recorded-or-robo": "N", "city": "", "state": "CA", "area-code": "510"}, {"id": "3decc6bfadaa436a105714c6ba8701c7", "number": "5208390094", "date": "2021-01-22 15:16:00", "subject": "2", "recorded-or-robo": "Y", "city": "green valley", "state": "AZ", "area-code": "520"}, {"id": "03e293b3df9e35eadf15c561191d98fd", "number": "5208390094", "date": "2021-01-22 15:16:00", "subject": "2", "recorded-or-robo": "Y", "city": "green valley", "state": "AZ", "area-code": "520"}, {"id": "3decc6bfadaa436a105714c6ba86f208", "number": "5208390094", "date": "2021-01-22 11:36:00", "subject": "2", "recorded-or-robo": "Y", "city": "green valley", "state": "AZ", "area-code": "520"}, {"id": "03e293b3df9e35eadf15c561191d839b", "number": "5208390094", "date": "2021-01-22 11:36:00", "subject": "2", "recorded-or-robo": "Y", "city": "green valley", "state": "AZ", "area-code": "520"}, {"id": "3decc6bfadaa436a105714c6ba86e92c", "number": "5208390094", "date": "2021-01-21 15:13:00", "subject": "3", "recorded-or-robo": "Y", "city": "green valley", "state": "AZ", "area-code": "520"}, {"id": "03e293b3df9e35eadf15c561191d7bfa", "number": "5208390094", "date": "2021-01-21 15:13:00", "subject": "3", "recorded-or-robo": "Y", "city": "green valley", "state": "AZ", "area-code": "520"}, {"id": "3decc6bfadaa436a105714c6ba86db15", "number": "9544336860", "date": "2021-01-23 12:48:00", "subject": "0", "recorded-or-robo": "Y", "city": "South Windsor", "state": "CT", "area-code": "860"}, {"id": "03e293b3df9e35eadf15c561191d6fb3", "number": "9544336860", "date": "2021-01-23 12:48:00", "subject": "0", "recorded-or-robo": "Y", "city": "South Windsor", "state": "CT", "area-code": "860"}, {"id": "3decc6bfadaa436a105714c6ba86d1f5", "number": "4013791954", "date": "2021-01-23 12:12:00", "subject": "0", "recorded-or-robo": "Y", "city": "South Windsor", "state": "CT", "area-code": "860"}, {"id": "03e293b3df9e35eadf15c561191d6a31", "number": "4013791954", "date": "2021-01-23 12:12:00", "subject": "0", "recorded-or-robo": "Y", "city": "South Windsor", "state": "CT", "area-code": "860"}, {"id": "3decc6bfadaa436a105714c6ba86c940", "number": "6126624813", "date": "2021-01-22 19:39:00", "subject": "0", "recorded-or-robo": "Y", "city": "South Windsor", "state": "CT", "area-code": "860"}, {"id": "03e293b3df9e35eadf15c561191d5b1b", "number": "6126624813", "date": "2021-01-22 19:39:00", "subject": "0", "recorded-or-robo": "Y", "city": "South Windsor", "state": "CT", "area-code": "860"}, {"id": "3decc6bfadaa436a105714c6ba86c1e9", "number": "8609943038", "date": "2021-01-22 10:44:00", "subject": "0", "recorded-or-robo": "Y", "city": "South Windsor", "state": "CT", "area-code": "860"}, {"id": "03e293b3df9e35eadf15c561191d55b6", "number": "8609943038", "date": "2021-01-22 10:44:00", "subject": "0", "recorded-or-robo": "Y", "city": "South Windsor", "state": "CT", "area-code": "860"}, {"id": "3decc6bfadaa436a105714c6ba86bc5e", "number": "8606339506", "date": "2021-01-22 12:28:00", "subject": "0", "recorded-or-robo": "Y", "city": "South Windsor", "state": "CT", "area-code": "860"}, {"id": "03e293b3df9e35eadf15c561191d51e5", "number": "8606339506", "date": "2021-01-22 12:28:00", "subject": "0", "recorded-or-robo": "Y", "city": "South Windsor", "state": "CT", "area-code": "860"}, {"id": "3decc6bfadaa436a105714c6ba86acab", "number": "9413791954", "date": "2021-01-21 08:19:00", "subject": "0", "recorded-or-robo": "Y", "city": "South Windsor", "state": "CT", "area-code": "860"}, {"id": "03e293b3df9e35eadf15c561191d504e", "number": "9413791954", "date": "2021-01-21 08:19:00", "subject": "0", "recorded-or-robo": "Y", "city": "South Windsor", "state": "CT", "area-code": "860"}, {"id": "3decc6bfadaa436a105714c6ba869ce5", "number": "6044852284", "date": "2021-01-21 15:26:00", "subject": "0", "recorded-or-robo": "Y", "city": "South Windsor", "state": "CT", "area-code": "860"}, {"id": "03e293b3df9e35eadf15c561191d46fb", "number": "6044852284", "date": "2021-01-21 15:26:00", "subject": "0", "recorded-or-robo": "Y", "city": "South Windsor", "state": "CT", "area-code": "860"}, {"id": "3decc6bfadaa436a105714c6ba869b09", "number": "2107251209", "date": "2021-01-20 11:12:00", "subject": "0", "recorded-or-robo": "Y", "city": "South Windsor", "state": "CT", "area-code": "860"}, {"id": "03e293b3df9e35eadf15c561191d4580", "number": "2107251209", "date": "2021-01-20 11:12:00", "subject": "0", "recorded-or-robo": "Y", "city": "South Windsor", "state": "CT", "area-code": "860"}, {"id": "3decc6bfadaa436a105714c6ba86907d", "number": "2674580412", "date": "2021-01-23 19:40:00", "subject": "4", "recorded-or-robo": "Y", "city": "Philadelphia", "state": "PA", "area-code": "267"}, {"id": "03e293b3df9e35eadf15c561191d4385", "number": "2674580412", "date": "2021-01-23 19:40:00", "subject": "4", "recorded-or-robo": "Y", "city": "Philadelphia", "state": "PA", "area-code": "267"}, {"id": "3decc6bfadaa436a105714c6ba868b3a", "number": "2126352834", "date": "2021-01-20 09:56:00", "subject": "0", "recorded-or-robo": "Y", "city": "South Windsor", "state": "CT", "area-code": "860"}, {"id": "03e293b3df9e35eadf15c561191d35fc", "number": "2126352834", "date": "2021-01-20 09:56:00", "subject": "0", "recorded-or-robo": "Y", "city": "South Windsor", "state": "CT", "area-code": "860"}, {"id": "3decc6bfadaa436a105714c6ba8680d3", "number": "8609274858", "date": "2021-01-20 10:38:00", "subject": "0", "recorded-or-robo": "Y", "city": "South Windsor", "state": "CT", "area-code": "860"}, {"id": "03e293b3df9e35eadf15c561191d2741", "number": "8609274858", "date": "2021-01-20 10:38:00", "subject": "0", "recorded-or-robo": "Y", "city": "South Windsor", "state": "CT", "area-code": "860"}, {"id": "3decc6bfadaa436a105714c6ba8672fb", "number": "4013791954", "date": "2021-01-19 20:21:00", "subject": "0", "recorded-or-robo": "Y", "city": "South Windsor", "state": "CT", "area-code": "860"}, {"id": "03e293b3df9e35eadf15c561191d243b", "number": "4013791954", "date": "2021-01-19 20:21:00", "subject": "0", "recorded-or-robo": "Y", "city": "South Windsor", "state": "CT", "area-code": "860"}, {"id": "3decc6bfadaa436a105714c6ba86724c", "number": "2135452546", "date": "2021-01-19 13:21:00", "subject": "0", "recorded-or-robo": "Y", "city": "South Windsor", "state": "CT", "area-code": "860"}, {"id": "03e293b3df9e35eadf15c561191d1ebc", "number": "2135452546", "date": "2021-01-19 13:21:00", "subject": "0", "recorded-or-robo": "Y", "city": "South Windsor", "state": "CT", "area-code": "860"}, {"id": "3decc6bfadaa436a105714c6ba86711f", "number": "2145022637", "date": "2021-01-19 15:24:00", "subject": "0", "recorded-or-robo": "Y", "city": "South Windsor", "state": "CT", "area-code": "860"}, {"id": "03e293b3df9e35eadf15c561191d19b1", "number": "2145022637", "date": "2021-01-19 15:24:00", "subject": "0", "recorded-or-robo": "Y", "city": "South Windsor", "state": "CT", "area-code": "860"}, {"id": "3decc6bfadaa436a105714c6ba86639d", "number": "8609081815", "date": "2021-01-19 16:17:00", "subject": "0", "recorded-or-robo": "Y", "city": "South Windsor", "state": "CT", "area-code": "860"}, {"id": "03e293b3df9e35eadf15c561191d0d75", "number": "8609081815", "date": "2021-01-19 16:17:00", "subject": "0", "recorded-or-robo": "Y", "city": "South Windsor", "state": "CT", "area-code": "860"}, {"id": "3decc6bfadaa436a105714c6ba865e41", "number": "6126624803", "date": "2021-01-18 09:43:00", "subject": "0", "recorded-or-robo": "Y", "city": "South Windsor", "state": "CT", "area-code": "860"}, {"id": "03e293b3df9e35eadf15c561191d09aa", "number": "6126624803", "date": "2021-01-18 09:43:00", "subject": "0", "recorded-or-robo": "Y", "city": "South Windsor", "state": "CT", "area-code": "860"}, {"id": "3decc6bfadaa436a105714c6ba8657d0", "number": "9252485520", "date": "2021-01-23 10:03:00", "subject": "2", "recorded-or-robo": "Y", "city": "Orinda", "state": "CA", "area-code": "925"}, {"id": "03e293b3df9e35eadf15c561191cfc73", "number": "9252485520", "date": "2021-01-23 10:03:00", "subject": "2", "recorded-or-robo": "Y", "city": "Orinda", "state": "CA", "area-code": "925"}, {"id": "3decc6bfadaa436a105714c6ba86568f", "number": "7202756783", "date": "2021-01-23 22:26:00", "subject": "1", "recorded-or-robo": "Y", "city": "Eastvale", "state": "CA", "area-code": "561"}, {"id": "03e293b3df9e35eadf15c561191cf85d", "number": "7202756783", "date": "2021-01-23 22:26:00", "subject": "1", "recorded-or-robo": "Y", "city": "Eastvale", "state": "CA", "area-code": "561"}, {"id": "3decc6bfadaa436a105714c6ba864873", "number": "5203814521", "date": "2020-12-20 09:47:00", "subject": "4", "recorded-or-robo": "Y", "city": "Las Vegas", "state": "NV", "area-code": "775"}, {"id": "03e293b3df9e35eadf15c561191ce9a1", "number": "5203814521", "date": "2020-12-20 09:47:00", "subject": "4", "recorded-or-robo": "Y", "city": "Las Vegas", "state": "NV", "area-code": "775"}, {"id": "3decc6bfadaa436a105714c6ba864440", "number": "7754191241", "date": "2021-01-11 13:29:00", "subject": "4", "recorded-or-robo": "Y", "city": "Las Vegas", "state": "NV", "area-code": "775"}]}