{"data": [{"id": "03e293b3df9e35eadf15c561192aa300", "number": "press1", "date": "2021-01-02 12:00:00", "subject": "2", "recorded-or-robo": "Y", "city": "Spokane Valley", "state": "WA", "area-code": "209"}, {"id": "3decc6bfadaa436a105714c6ba94811f", "number": "6892021526", "date": "2021-01-24 11:15:00", "subject": "2", "recorded-or-robo": "N", "city": "Fl", "state": "FL", "area-code": "407"}, {"id": "03e293b3df9e35eadf15c561192a99f6", "number": "6892021526", "date": "2021-01-24 11:15:00", "subject": "2", "recorded-or-robo": "N", "city": "Fl", "state": "FL", "area-code": "407"}, {"id": "3decc6bfadaa436a105714c6ba9476b4", "number": "8665275878", "date": "2021-01-23 11:35:00", "subject": "2", "recorded-or-robo": "", "city": "Maryland Heights", "state": "MO", "area-code": "314"}, {"id": "03e293b3df9e35eadf15c561192a8ef9", "number": "8665275878", "date": "2021-01-23 11:35:00", "subject": "2", "recorded-or-robo": "", "city": "Maryland Heights", "state": "MO", "area-code": "314"}, {"id": "3decc6bfadaa436a105714c6ba94769d", "number": "2109816230", "date": "2021-01-19 13:56:00", "subject": "2", "recorded-or-robo": "Y", "city": "San Antonio", "state": "TX", "area-code": "210"}, {"id": "03e293b3df9e35eadf15c561192a86ee", "number": "2109816230", "date": "2021-01-19 13:56:00", "subject": "2", "recorded-or-robo": "Y", "city": "San Antonio", "state": "TX", "area-code": "210"}, {"id": "3decc6bfadaa436a105714c6ba9466f8", "number": "3152328257", "date": "2021-01-22 14:30:00", "subject": "1", "recorded-or-robo": "Y", "city": "New Carlisle", "state": "IN", "area-code": "574"}, {"id": "03e293b3df9e35eadf15c561192a80de", "number": "3152328257", "date": "2021-01-22 14:30:00", "subject": "1", "recorded-or-robo": "Y", "city": "New Carlisle", "state": "IN", "area-code": "574"}, {"id": "3decc6bfadaa436a105714c6ba94611c", "number": "5099816210", "date": "2021-01-24 07:29:00", "subject": "3", "recorded-or-robo": "Y", "city": "", "state": "WA", "area-code": "509"}, {"id": "03e293b3df9e35eadf15c561192a7d54", "number": "5099816210", "date": "2021-01-24 07:29:00", "subject": "3", "recorded-or-robo": "Y", "city": "", "state": "WA", "area-code": "509"}, {"id": "3decc6bfadaa436a105714c6ba94367d", "number": "7145199021", "date": "2021-01-23 15:48:00", "subject": "3", "recorded-or-robo": "N", "city": "", "state": "PA", "area-code": "570"}, {"id": "03e293b3df9e35eadf15c561192a4c07", "number": "7145199021", "date": "2021-01-23 15:48:00", "subject": "3", "recorded-or-robo": "N", "city": "", "state": "PA", "area-code": "570"}, {"id": "3decc6bfadaa436a105714c6ba94601e", "number": "4073921962", "date": "2021-01-21 16:27:00", "subject": "4", "recorded-or-robo": "Y", "city": "NEWARK", "state": "DE", "area-code": "302"}, {"id": "03e293b3df9e35eadf15c561192a70de", "number": "4073921962", "date": "2021-01-21 16:27:00", "subject": "4", "recorded-or-robo": "Y", "city": "NEWARK", "state": "DE", "area-code": "302"}, {"id": "3decc6bfadaa436a105714c6ba94552c", "number": "8665279106", "date": "2021-01-23 11:27:00", "subject": "2", "recorded-or-robo": "", "city": "Maryland Heights", "state": "MO", "area-code": "314"}, {"id": "03e293b3df9e35eadf15c561192a6fc4", "number": "8665279106", "date": "2021-01-23 11:27:00", "subject": "2", "recorded-or-robo": "", "city": "Maryland Heights", "state": "MO", "area-code": "314"}, {"id": "3decc6bfadaa436a105714c6ba9449d1", "number": "6154064159", "date": "2021-01-24 08:00:00", "subject": "2", "recorded-or-robo": "Y", "city": "Cheney", "state": "WA", "area-code": "509"}, {"id": "03e293b3df9e35eadf15c561192a608f", "number": "6154064159", "date": "2021-01-24 08:00:00", "subject": "2", "recorded-or-robo": "Y", "city": "Cheney", "state": "WA", "area-code": "509"}, {"id": "3decc6bfadaa436a105714c6ba94422f", "number": "3108783212", "date": "2021-01-23 14:15:00", "subject": "2", "recorded-or-robo": "Y", "city": "Newton", "state": "MA", "area-code": "617"}, {"id": "03e293b3df9e35eadf15c561192a5d46", "number": "3108783212", "date": "2021-01-23 14:15:00", "subject": "2", "recorded-or-robo": "Y", "city": "Newton", "state": "MA", "area-code": "617"}, {"id": "3decc6bfadaa436a105714c6ba943a06", "number": "2393234515", "date": "2021-01-18 04:20:00", "subject": "2", "recorded-or-robo": "N", "city": "San Antonio", "state": "TX", "area-code": "210"}, {"id": "03e293b3df9e35eadf15c561192a58a1", "number": "2393234515", "date": "2021-01-18 04:20:00", "subject": "2", "recorded-or-robo": "N", "city": "San Antonio", "state": "TX", "area-code": "210"}, {"id": "3decc6bfadaa436a105714c6ba943911", "number": "5099429799", "date": "2021-01-24 07:57:00", "subject": "2", "recorded-or-robo": "Y", "city": "BENTON CITY", "state": "WA", "area-code": "509"}, {"id": "03e293b3df9e35eadf15c561192a5833", "number": "5099429799", "date": "2021-01-24 07:57:00", "subject": "2", "recorded-or-robo": "Y", "city": "BENTON CITY", "state": "WA", "area-code": "509"}, {"id": "3decc6bfadaa436a105714c6ba942cdc", "number": "5099819911", "date": "2021-01-24 07:08:00", "subject": "3", "recorded-or-robo": "Y", "city": "", "state": "WA", "area-code": "509"}, {"id": "03e293b3df9e35eadf15c561192a3caf", "number": "5099819911", "date": "2021-01-24 07:08:00", "subject": "3", "recorded-or-robo": "Y", "city": "", "state": "WA", "area-code": "509"}, {"id": "3decc6bfadaa436a105714c6ba94261c", "number": "8665278597", "date": "2021-01-23 11:13:00", "subject": "2", "recorded-or-robo": "", "city": "Maryland Heights", "state": "MO", "area-code": "314"}, {"id": "03e293b3df9e35eadf15c561192a2f1b", "number": "8665278597", "date": "2021-01-23 11:13:00", "subject": "2", "recorded-or-robo": "", "city": "Maryland Heights", "state": "MO", "area-code": "314"}, {"id": "3decc6bfadaa436a105714c6ba941e60", "number": "5044366131", "date": "2021-01-22 08:22:00", "subject": "0", "recorded-or-robo": "Y", "city": "Peoria", "state": "AZ", "area-code": "623"}, {"id": "03e293b3df9e35eadf15c561192a2da8", "number": "5044366131", "date": "2021-01-22 08:22:00", "subject": "0", "recorded-or-robo": "Y", "city": "Peoria", "state": "AZ", "area-code": "623"}, {"id": "3decc6bfadaa436a105714c6ba941cfb", "number": "8034993414", "date": "2021-01-18 17:04:00", "subject": "2", "recorded-or-robo": "Y", "city": "San Antonio", "state": "TX", "area-code": "210"}, {"id": "03e293b3df9e35eadf15c561192a218e", "number": "8034993414", "date": "2021-01-18 17:04:00", "subject": "2", "recorded-or-robo": "Y", "city": "San Antonio", "state": "TX", "area-code": "210"}, {"id": "3decc6bfadaa436a105714c6ba94114f", "number": "8665271801", "date": "2021-01-23 11:00:00", "subject": "2", "recorded-or-robo": "", "city": "Maryland Heights", "state": "MO", "area-code": "314"}, {"id": "03e293b3df9e35eadf15c561192a1c2f", "number": "8665271801", "date": "2021-01-23 11:00:00", "subject": "2", "recorded-or-robo": "", "city": "Maryland Heights", "state": "MO", "area-code": "314"}, {"id": "3decc6bfadaa436a105714c6ba9404e4", "number": "7145832670", "date": "2021-01-24 10:04:00", "subject": "1", "recorded-or-robo": "Y", "city": "Saukville", "state": "WI", "area-code": "262"}, {"id": "03e293b3df9e35eadf15c561192a0de6", "number": "7145832670", "date": "2021-01-24 10:04:00", "subject": "1", "recorded-or-robo": "Y", "city": "Saukville", "state": "WI", "area-code": "262"}, {"id": "3decc6bfadaa436a105714c6ba93f56d", "number": "2018237663", "date": "2020-12-20 10:35:00", "subject": "3", "recorded-or-robo": "", "city": "", "state": "NJ", "area-code": "201"}, {"id": "03e293b3df9e35eadf15c5611929f874", "number": "2018237663", "date": "2020-12-20 10:35:00", "subject": "3", "recorded-or-robo": "", "city": "", "state": "NJ", "area-code": "201"}, {"id": "3decc6bfadaa436a105714c6ba93fe17", "number": "6103953200", "date": "2021-01-22 13:23:00", "subject": "2", "recorded-or-robo": "N", "city": "Whitehall", "state": "PA", "area-code": "484"}, {"id": "03e293b3df9e35eadf15c5611929fe7c", "number": "6103953200", "date": "2021-01-22 13:23:00", "subject": "2", "recorded-or-robo": "N", "city": "Whitehall", "state": "PA", "area-code": "484"}, {"id": "3decc6bfadaa436a105714c6ba93f95d", "number": "8889509737", "date": "2021-01-24 11:09:00", "subject": "1", "recorded-or-robo": "Y", "city": "", "state": "FL", "area-code": "941"}, {"id": "03e293b3df9e35eadf15c5611929f9c6", "number": "8889509737", "date": "2021-01-24 11:09:00", "subject": "1", "recorded-or-robo": "Y", "city": "", "state": "FL", "area-code": "941"}, {"id": "3decc6bfadaa436a105714c6ba93e705", "number": "9133487769", "date": "2021-01-18 12:56:00", "subject": "2", "recorded-or-robo": "Y", "city": "San Antonio", "state": "TX", "area-code": "210"}, {"id": "03e293b3df9e35eadf15c5611929eda2", "number": "9133487769", "date": "2021-01-18 12:56:00", "subject": "2", "recorded-or-robo": "Y", "city": "San Antonio", "state": "TX", "area-code": "210"}, {"id": "3decc6bfadaa436a105714c6ba93e518", "number": "", "date": "2021-01-21 00:00:00", "subject": "11", "recorded-or-robo": "Y", "city": "", "state": "WA", "area-code": "509"}, {"id": "03e293b3df9e35eadf15c5611929ec76", "number": "", "date": "2021-01-21 00:00:00", "subject": "11", "recorded-or-robo": "Y", "city": "", "state": "WA", "area-code": "509"}, {"id": "3decc6bfadaa436a105714c6ba93dc9e", "number": "9736521144", "date": "2021-01-18 12:23:00", "subject": "2", "recorded-or-robo": "N", "city": "San Antonio", "state": "TX", "area-code": "210"}, {"id": "03e293b3df9e35eadf15c5611929e645", "number": "9736521144", "date": "2021-01-18 12:23:00", "subject": "2", "recorded-or-robo": "N", "city": "San Antonio", "state": "TX", "area-code": "210"}, {"id": "3decc6bfadaa436a105714c6ba93ce3d", "number": "2106506957", "date": "2021-01-18 09:39:00", "subject": "2", "recorded-or-robo": "N", "city": "San Antonio", "state": "TX", "area-code": "210"}]}