{"data": [{"id": "3decc6bfadaa436a105714c6bafcfd31", "number": "7655096008", "date": "2021-01-25 10:59:00", "subject": "2", "recorded-or-robo": "", "city": "", "state": "IN", "area-code": "765"}, {"id": "3decc6bfadaa436a105714c6bafcfc9a", "number": "3083797223", "date": "2021-01-26 09:08:00", "subject": "11", "recorded-or-robo": "Y", "city": "Grand Island", "state": "NE", "area-code": "308"}, {"id": "3decc6bfadaa436a105714c6bafcf3ab", "number": "8722041907", "date": "2021-01-22 14:23:00", "subject": "1", "recorded-or-robo": "Y", "city": "OREGON, IL", "state": "IL", "area-code": "815"}, {"id": "3decc6bfadaa436a105714c6bafce1af", "number": "5139868741", "date": "2021-01-26 10:00:00", "subject": "0", "recorded-or-robo": "Y", "city": "Reading", "state": "OH", "area-code": "513"}, {"id": "3decc6bfadaa436a105714c6bafcddd9", "number": "6147655183", "date": "2021-01-26 10:06:00", "subject": "5", "recorded-or-robo": "Y", "city": "Hilliard", "state": "OH", "area-code": "614"}, {"id": "3decc6bfadaa436a105714c6bafcdbf6", "number": "1", "date": "2021-01-26 08:36:00", "subject": "1", "recorded-or-robo": "Y", "city": "Germantown", "state": "WI", "area-code": "262"}, {"id": "3decc6bfadaa436a105714c6bafcd5d8", "number": "6099818546", "date": "2021-01-26 10:04:00", "subject": "4", "recorded-or-robo": "Y", "city": "Egg Harbor City", "state": "NJ", "area-code": "609"}, {"id": "3decc6bfadaa436a105714c6bafcc6a2", "number": "9702894785", "date": "2021-01-26 10:04:00", "subject": "0", "recorded-or-robo": "Y", "city": "EAST MEADOW", "state": "NY", "area-code": "516"}, {"id": "3decc6bfadaa436a105714c6bafcb8a3", "number": "574855937", "date": "2021-01-12 06:38:00", "subject": "2", "recorded-or-robo": "Y", "city": "Duluth", "state": "GA", "area-code": "214"}, {"id": "3decc6bfadaa436a105714c6bafca9d6", "number": "2628008492", "date": "2021-01-26 08:44:00", "subject": "0", "recorded-or-robo": "N", "city": "", "state": "WI", "area-code": "715"}, {"id": "3decc6bfadaa436a105714c6bafc9a93", "number": "7133247220", "date": "2021-01-26 09:08:00", "subject": "2", "recorded-or-robo": "Y", "city": "Houston", "state": "TX", "area-code": "713"}, {"id": "3decc6bfadaa436a105714c6bafc9412", "number": "8645135918", "date": "2021-01-23 12:42:00", "subject": "0", "recorded-or-robo": "N", "city": "Mauldin", "state": "SC", "area-code": "864"}, {"id": "3decc6bfadaa436a105714c6bafc8666", "number": "2067575192", "date": "2021-01-25 12:58:00", "subject": "2", "recorded-or-robo": "N", "city": "Celebration", "state": "FL", "area-code": "407"}, {"id": "3decc6bfadaa436a105714c6bafc81c2", "number": "2522672898", "date": "2021-01-26 10:03:00", "subject": "2", "recorded-or-robo": "N", "city": "Powder Springs", "state": "GA", "area-code": "770"}, {"id": "3decc6bfadaa436a105714c6bafc8114", "number": "6234739046", "date": "2021-01-21 07:55:00", "subject": "4", "recorded-or-robo": "Y", "city": "GOODYEAR", "state": "AZ", "area-code": "623"}, {"id": "3decc6bfadaa436a105714c6bafc714c", "number": "2032623530", "date": "2021-01-26 10:07:00", "subject": "5", "recorded-or-robo": "Y", "city": "WEST HAVEN", "state": "CT", "area-code": "203"}, {"id": "3decc6bfadaa436a105714c6bafc6803", "number": "8153627637", "date": "2021-01-25 14:41:00", "subject": "2", "recorded-or-robo": "Y", "city": "MOUNT PLEASANT", "state": "SC", "area-code": "815"}, {"id": "3decc6bfadaa436a105714c6bafc5f38", "number": "2407631097", "date": "2021-01-26 10:05:00", "subject": "4", "recorded-or-robo": "Y", "city": "", "state": "MD", "area-code": "240"}, {"id": "3decc6bfadaa436a105714c6bafc5d88", "number": "", "date": "2021-01-26 09:05:00", "subject": "4", "recorded-or-robo": "Y", "city": "", "state": "IA", "area-code": "319"}, {"id": "3decc6bfadaa436a105714c6bafc5406", "number": "4847767158", "date": "2021-01-26 10:08:00", "subject": "4", "recorded-or-robo": "Y", "city": "", "state": "PA", "area-code": "814"}, {"id": "3decc6bfadaa436a105714c6bafc505f", "number": "2108764164", "date": "2021-01-25 14:59:00", "subject": "1", "recorded-or-robo": "Y", "city": "Colorado Springs", "state": "TX", "area-code": "210"}, {"id": "3decc6bfadaa436a105714c6bafc4690", "number": "8474911848", "date": "2021-01-21 11:46:00", "subject": "0", "recorded-or-robo": "", "city": "Geneva", "state": "IL", "area-code": "847"}, {"id": "3decc6bfadaa436a105714c6bafc3df0", "number": "4058892838", "date": "2021-01-26 09:01:00", "subject": "1", "recorded-or-robo": "Y", "city": "OKLAHOMA CITY", "state": "OK", "area-code": "405"}, {"id": "3decc6bfadaa436a105714c6bafc3903", "number": "9106632177", "date": "2021-01-26 10:03:00", "subject": "4", "recorded-or-robo": "Y", "city": "", "state": "NC", "area-code": "910"}, {"id": "3decc6bfadaa436a105714c6bafc2cfb", "number": "6154883129", "date": "2021-01-26 09:06:00", "subject": "4", "recorded-or-robo": "Y", "city": "Nashville", "state": "TN", "area-code": "615"}, {"id": "3decc6bfadaa436a105714c6bafc2175", "number": "9175047105", "date": "2021-01-26 09:52:00", "subject": "1", "recorded-or-robo": "N", "city": "New York", "state": "NY", "area-code": "917"}, {"id": "3decc6bfadaa436a105714c6bafc179c", "number": "3175933634", "date": "2021-01-26 07:05:00", "subject": "2", "recorded-or-robo": "N", "city": "Lubbock", "state": "TX", "area-code": "806"}, {"id": "3decc6bfadaa436a105714c6bafc0a78", "number": "3184264560", "date": "2021-01-25 17:17:00", "subject": "2", "recorded-or-robo": "Y", "city": "Ringgold", "state": "LA", "area-code": "318"}, {"id": "3decc6bfadaa436a105714c6bafc0035", "number": "2673045714", "date": "2021-01-26 09:20:00", "subject": "2", "recorded-or-robo": "N", "city": "paoli", "state": "PA", "area-code": "610"}, {"id": "3decc6bfadaa436a105714c6bafbf7bf", "number": "3187038248", "date": "2021-01-26 00:00:00", "subject": "3", "recorded-or-robo": "", "city": "", "state": "LA", "area-code": "318"}, {"id": "3decc6bfadaa436a105714c6bafbeb45", "number": "2107204568", "date": "2021-01-26 09:05:00", "subject": "7", "recorded-or-robo": "Y", "city": "Bandera", "state": "TX", "area-code": "210"}, {"id": "3decc6bfadaa436a105714c6bafbdbf1", "number": "4433964655", "date": "2021-01-18 15:49:00", "subject": "2", "recorded-or-robo": "", "city": "Baltimore", "state": "MD", "area-code": "410"}, {"id": "3decc6bfadaa436a105714c6bafbd918", "number": "?12076900936", "date": "2021-01-26 12:00:00", "subject": "1", "recorded-or-robo": "Y", "city": "", "state": "MN", "area-code": "218"}, {"id": "3decc6bfadaa436a105714c6bafbcb4e", "number": "", "date": "2021-01-26 08:15:00", "subject": "2", "recorded-or-robo": "Y", "city": "Fort Worth", "state": "TX", "area-code": "817"}, {"id": "3decc6bfadaa436a105714c6bafbc756", "number": "2175489993", "date": "2021-01-25 15:57:00", "subject": "2", "recorded-or-robo": "Y", "city": "MOUNT PLEASANT", "state": "IL", "area-code": "815"}, {"id": "3decc6bfadaa436a105714c6bafbc0f0", "number": "5028077178", "date": "2021-01-26 00:00:00", "subject": "5", "recorded-or-robo": "Y", "city": "Louisville", "state": "KY", "area-code": "270"}, {"id": "3decc6bfadaa436a105714c6bafbb4f5", "number": "4102193636", "date": "2021-01-26 12:00:00", "subject": "1", "recorded-or-robo": "N", "city": "Cottonwood", "state": "CA", "area-code": "530"}, {"id": "3decc6bfadaa436a105714c6bafbb07d", "number": "8553105799", "date": "2021-01-12 04:39:00", "subject": "4", "recorded-or-robo": "Y", "city": "Duluth", "state": "GA", "area-code": "214"}, {"id": "3decc6bfadaa436a105714c6bafba862", "number": "2182158921", "date": "2021-01-26 08:00:00", "subject": "2", "recorded-or-robo": "Y", "city": "Mn.", "state": "MN", "area-code": "952"}, {"id": "3decc6bfadaa436a105714c6bafba004", "number": "2707167625", "date": "2020-12-29 09:37:00", "subject": "2", "recorded-or-robo": "N", "city": "Hopkinsville", "state": "KY", "area-code": "270"}, {"id": "3decc6bfadaa436a105714c6bafb9cfa", "number": "5072672728", "date": "2021-01-26 21:03:00", "subject": "11", "recorded-or-robo": "Y", "city": "", "state": "MN", "area-code": "507"}, {"id": "3decc6bfadaa436a105714c6bafb9ca7", "number": "", "date": "2021-01-26 12:00:00", "subject": "2", "recorded-or-robo": "Y", "city": "Titusville", "state": "FL", "area-code": "321"}, {"id": "3decc6bfadaa436a105714c6bafb8fa6", "number": "2108827981", "date": "2021-01-25 01:59:00", "subject": "1", "recorded-or-robo": "Y", "city": "Colorado Springs", "state": "TX", "area-code": "210"}, {"id": "3decc6bfadaa436a105714c6bafb8aac", "number": "8773824357", "date": "2021-01-26 08:00:00", "subject": "1", "recorded-or-robo": "Y", "city": "Englewood", "state": "NC", "area-code": "919"}, {"id": "3decc6bfadaa436a105714c6bafb81f7", "number": "8289290040", "date": "2021-01-26 09:34:00", "subject": "0", "recorded-or-robo": "Y", "city": "Raleigh", "state": "NC", "area-code": "919"}, {"id": "3decc6bfadaa436a105714c6bafb7844", "number": "9102946510", "date": "2021-01-26 10:06:00", "subject": "1", "recorded-or-robo": "Y", "city": "Lillington", "state": "NC", "area-code": "910"}, {"id": "3decc6bfadaa436a105714c6bafb71b8", "number": "3184265150", "date": "2021-01-26 09:37:00", "subject": "2", "recorded-or-robo": "Y", "city": "Ringgold", "state": "LA", "area-code": "318"}, {"id": "3decc6bfadaa436a105714c6bafb70ec", "number": "7274932203", "date": "2021-01-26 10:04:00", "subject": "9", "recorded-or-robo": "N", "city": "", "state": "FL", "area-code": "727"}, {"id": "3decc6bfadaa436a105714c6bafb64c3", "number": "4108266445", "date": "2021-01-25 14:20:00", "subject": "2", "recorded-or-robo": "Y", "city": "DeBary", "state": "FL", "area-code": "301"}, {"id": "3decc6bfadaa436a105714c6bafb63f2", "number": "3868884922", "date": "2021-01-26 10:03:00", "subject": "5", "recorded-or-robo": "Y", "city": "", "state": "FL", "area-code": "386"}]}