{"data": [{"id": "490dde24b259add1335244cd1b132681", "number": "6468124536", "date": "2021-01-25 11:32:00", "subject": "2", "recorded-or-robo": "N", "city": "Orlando", "state": "FL", "area-code": "646"}, {"id": "490dde24b259add1335244cd1b132163", "number": "4708750825", "date": "2021-01-26 09:22:00", "subject": "1", "recorded-or-robo": "N", "city": "Peachtree City", "state": "GA", "area-code": "770"}, {"id": "490dde24b259add1335244cd1b1317c4", "number": "5702623301", "date": "2021-01-26 10:32:00", "subject": "2", "recorded-or-robo": "Y", "city": "Berwick", "state": "PA", "area-code": "570"}, {"id": "490dde24b259add1335244cd1b130ac1", "number": "7193001390", "date": "2021-01-25 15:59:00", "subject": "1", "recorded-or-robo": "Y", "city": "West New York", "state": "NJ", "area-code": "201"}, {"id": "490dde24b259add1335244cd1b12fe9a", "number": "7408341496", "date": "2021-01-25 17:15:00", "subject": "2", "recorded-or-robo": "Y", "city": "", "state": "CA", "area-code": "760"}, {"id": "490dde24b259add1335244cd1b12f466", "number": "8148244166", "date": "2021-01-26 10:53:00", "subject": "4", "recorded-or-robo": "Y", "city": "Lansdowne", "state": "PA", "area-code": "267"}, {"id": "490dde24b259add1335244cd1b12e527", "number": "7246174239", "date": "2021-01-26 10:40:00", "subject": "2", "recorded-or-robo": "N", "city": "Gibsonia", "state": "PA", "area-code": "724"}, {"id": "490dde24b259add1335244cd1b12e04e", "number": "2817122431", "date": "2021-01-14 11:48:00", "subject": "2", "recorded-or-robo": "Y", "city": "ennis", "state": "TX", "area-code": "469"}, {"id": "490dde24b259add1335244cd1b12d17b", "number": "3525588917", "date": "2020-10-23 09:56:00", "subject": "4", "recorded-or-robo": "Y", "city": "Scottsdale", "state": "AZ", "area-code": "480"}, {"id": "490dde24b259add1335244cd1b12c8b5", "number": "7014924015", "date": "2021-01-26 09:22:00", "subject": "2", "recorded-or-robo": "Y", "city": "Fargo", "state": "ND", "area-code": "701"}, {"id": "490dde24b259add1335244cd1b12c163", "number": "9312366221", "date": "2021-01-26 09:37:00", "subject": "6", "recorded-or-robo": "", "city": "culeoka", "state": "TN", "area-code": "931"}, {"id": "490dde24b259add1335244cd1b12b436", "number": "7244565436", "date": "2021-01-26 10:35:00", "subject": "1", "recorded-or-robo": "Y", "city": "TRANSFER", "state": "PA", "area-code": "724"}, {"id": "490dde24b259add1335244cd1b12a762", "number": "5168656537", "date": "2021-01-22 14:13:00", "subject": "2", "recorded-or-robo": "", "city": "Floral Park", "state": "NY", "area-code": "516"}, {"id": "490dde24b259add1335244cd1b129c03", "number": "3366523826", "date": "2021-01-26 10:42:00", "subject": "4", "recorded-or-robo": "Y", "city": "Lake City", "state": "FL", "area-code": "336"}, {"id": "490dde24b259add1335244cd1b1290b2", "number": "2143069474", "date": "2021-01-26 10:44:00", "subject": "2", "recorded-or-robo": "Y", "city": "", "state": "MI", "area-code": "989"}, {"id": "490dde24b259add1335244cd1b129076", "number": "6158486909", "date": "2021-01-26 09:44:00", "subject": "6", "recorded-or-robo": "Y", "city": "Kingston Springs", "state": "TN", "area-code": "615"}, {"id": "490dde24b259add1335244cd1b128b80", "number": "5756164272", "date": "2021-01-26 09:46:00", "subject": "2", "recorded-or-robo": "N", "city": "Owasso", "state": "OK", "area-code": "918"}, {"id": "490dde24b259add1335244cd1b128474", "number": "8589881408", "date": "2021-01-26 10:46:00", "subject": "8", "recorded-or-robo": "Y", "city": "Chocowinity", "state": "NC", "area-code": "252"}, {"id": "490dde24b259add1335244cd1b12792c", "number": "8339681734", "date": "2021-01-25 09:32:00", "subject": "0", "recorded-or-robo": "N", "city": "Broaddus", "state": "TX", "area-code": "936"}, {"id": "490dde24b259add1335244cd1b126c9f", "number": "2086846496", "date": "2021-01-26 10:39:00", "subject": "1", "recorded-or-robo": "Y", "city": "", "state": "VA", "area-code": "703"}, {"id": "490dde24b259add1335244cd1b12626e", "number": "", "date": "2020-12-14 00:00:00", "subject": "9", "recorded-or-robo": "N", "city": "Provo", "state": "UT", "area-code": "801"}, {"id": "490dde24b259add1335244cd1b125eaa", "number": "8603182774", "date": "2021-01-25 17:01:00", "subject": "2", "recorded-or-robo": "Y", "city": "McCormick", "state": "SC", "area-code": "860"}, {"id": "490dde24b259add1335244cd1b125119", "number": "6108105864", "date": "2021-01-26 10:47:00", "subject": "4", "recorded-or-robo": "Y", "city": "", "state": "PA", "area-code": "610"}, {"id": "490dde24b259add1335244cd1b124310", "number": "8068673138", "date": "2021-01-18 11:00:00", "subject": "4", "recorded-or-robo": "Y", "city": "Duluth", "state": "GA", "area-code": "214"}, {"id": "490dde24b259add1335244cd1b1237b9", "number": "2624653852", "date": "2021-01-25 13:38:00", "subject": "0", "recorded-or-robo": "Y", "city": "", "state": "WI", "area-code": "262"}, {"id": "490dde24b259add1335244cd1b123043", "number": "6516151912", "date": "2021-01-25 00:00:00", "subject": "2", "recorded-or-robo": "Y", "city": "", "state": "MN", "area-code": "612"}, {"id": "490dde24b259add1335244cd1b122b97", "number": "3612035778", "date": "2021-01-25 14:54:00", "subject": "6", "recorded-or-robo": "N", "city": "", "state": "TX", "area-code": "832"}, {"id": "490dde24b259add1335244cd1b121e5f", "number": "4692966812", "date": "2021-01-26 10:38:00", "subject": "0", "recorded-or-robo": "Y", "city": "Manassas Park", "state": "VA", "area-code": "703"}, {"id": "490dde24b259add1335244cd1b12168e", "number": "2814671342", "date": "2021-01-25 10:00:00", "subject": "4", "recorded-or-robo": "Y", "city": "Baytown", "state": "TX", "area-code": "281"}, {"id": "490dde24b259add1335244cd1b1208a1", "number": "2108177654", "date": "2021-01-26 10:45:00", "subject": "1", "recorded-or-robo": "Y", "city": "San Antonio", "state": "TX", "area-code": "210"}, {"id": "490dde24b259add1335244cd1b11fee1", "number": "3054778968", "date": "2021-01-26 10:30:00", "subject": "0", "recorded-or-robo": "N", "city": "", "state": "NY", "area-code": "718"}, {"id": "490dde24b259add1335244cd1b11fdab", "number": "3862733511", "date": "2021-01-26 10:44:00", "subject": "0", "recorded-or-robo": "N", "city": "DEBARY", "state": "FL", "area-code": "386"}, {"id": "490dde24b259add1335244cd1b11efb4", "number": "2088232565", "date": "2021-01-25 17:22:00", "subject": "2", "recorded-or-robo": "Y", "city": "", "state": "NH", "area-code": "603"}, {"id": "490dde24b259add1335244cd1b11e928", "number": "8598323619", "date": "2021-01-26 10:44:00", "subject": "4", "recorded-or-robo": "Y", "city": "Bedford", "state": "NY", "area-code": "917"}, {"id": "490dde24b259add1335244cd1b11e5ce", "number": "7022082060", "date": "2021-01-22 04:36:00", "subject": "2", "recorded-or-robo": "", "city": "Floral Park", "state": "NY", "area-code": "516"}, {"id": "490dde24b259add1335244cd1b11ddf7", "number": "", "date": "2021-01-26 09:46:00", "subject": "3", "recorded-or-robo": "Y", "city": "", "state": "TX", "area-code": "936"}, {"id": "490dde24b259add1335244cd1b11dc97", "number": "9784546972", "date": "2021-01-26 12:00:00", "subject": "1", "recorded-or-robo": "N", "city": "Cohasset", "state": "MA", "area-code": "617"}, {"id": "490dde24b259add1335244cd1b11ccd8", "number": "5306964339", "date": "2021-01-26 10:45:00", "subject": "3", "recorded-or-robo": "Y", "city": "", "state": "CT", "area-code": "203"}, {"id": "490dde24b259add1335244cd1b11cb8f", "number": "8609207768", "date": "2021-01-26 10:46:00", "subject": "3", "recorded-or-robo": "", "city": "", "state": "CT", "area-code": "860"}, {"id": "490dde24b259add1335244cd1b11c903", "number": "2107122121", "date": "2021-01-15 14:58:00", "subject": "4", "recorded-or-robo": "Y", "city": "Duluth", "state": "GA", "area-code": "214"}, {"id": "490dde24b259add1335244cd1b11c1c4", "number": "5758855535", "date": "2021-01-26 10:37:00", "subject": "2", "recorded-or-robo": "N", "city": "Ferrun", "state": "VA", "area-code": "276"}, {"id": "490dde24b259add1335244cd1b11be59", "number": "2622050569", "date": "2021-01-26 10:38:00", "subject": "6", "recorded-or-robo": "Y", "city": "", "state": "WI", "area-code": "262"}, {"id": "490dde24b259add1335244cd1b11af56", "number": "9419331347", "date": "2021-01-14 13:14:00", "subject": "2", "recorded-or-robo": "Y", "city": "", "state": "WI", "area-code": "920"}, {"id": "490dde24b259add1335244cd1b11a748", "number": "2172151813", "date": "2021-01-26 10:47:00", "subject": "4", "recorded-or-robo": "Y", "city": "Princeton Jct", "state": "NJ", "area-code": "646"}, {"id": "490dde24b259add1335244cd1b11a5e7", "number": "2818687609", "date": "2021-01-26 09:45:00", "subject": "6", "recorded-or-robo": "Y", "city": "Cypress", "state": "TX", "area-code": "281"}, {"id": "490dde24b259add1335244cd1b11a007", "number": "7273005915", "date": "2021-01-26 10:42:00", "subject": "1", "recorded-or-robo": "Y", "city": "Apollo Beach", "state": "FL", "area-code": "813"}, {"id": "490dde24b259add1335244cd1b11978c", "number": "9196815052", "date": "2021-01-26 10:34:00", "subject": "1", "recorded-or-robo": "Y", "city": "Raleigh", "state": "NC", "area-code": "919"}, {"id": "490dde24b259add1335244cd1b118dba", "number": "8883821222", "date": "2021-01-25 06:00:00", "subject": "4", "recorded-or-robo": "Y", "city": "Amherst (DDM #2) - 300 Leavitt", "state": "OH", "area-code": "440"}, {"id": "490dde24b259add1335244cd1b118d10", "number": "6672396215", "date": "2021-01-26 10:45:00", "subject": "0", "recorded-or-robo": "N", "city": "Silver Spring", "state": "MD", "area-code": "301"}, {"id": "490dde24b259add1335244cd1b11837d", "number": "5034334151", "date": "2021-01-25 13:53:00", "subject": "0", "recorded-or-robo": "Y", "city": "Wilsonville", "state": "OR", "area-code": "503"}]}