{"data": [{"id": "1d36742e3f24f50e4e7ae8280188967a", "number": "2018908333", "date": "2021-01-14 11:41:00", "subject": "0", "recorded-or-robo": "Y", "city": "", "state": "NJ", "area-code": "201"}, {"id": "e81c9350d54f66c6d33b3747eef27d9a", "number": "3144953052", "date": "2021-01-22 15:25:00", "subject": "2", "recorded-or-robo": "Y", "city": "University City", "state": "MO", "area-code": "314"}, {"id": "1d36742e3f24f50e4e7ae82801888d02", "number": "3144953052", "date": "2021-01-22 15:25:00", "subject": "2", "recorded-or-robo": "Y", "city": "University City", "state": "MO", "area-code": "314"}, {"id": "e81c9350d54f66c6d33b3747eef26f21", "number": "5486890586", "date": "2021-01-23 05:59:00", "subject": "3", "recorded-or-robo": "Y", "city": "", "state": "VA", "area-code": "757"}, {"id": "1d36742e3f24f50e4e7ae82801888c78", "number": "5486890586", "date": "2021-01-23 05:59:00", "subject": "3", "recorded-or-robo": "Y", "city": "", "state": "VA", "area-code": "757"}, {"id": "e81c9350d54f66c6d33b3747eef2646a", "number": "9147324052", "date": "2021-01-23 08:00:00", "subject": "2", "recorded-or-robo": "N", "city": "Foster City", "state": "CA", "area-code": "650"}, {"id": "1d36742e3f24f50e4e7ae82801888c56", "number": "9147324052", "date": "2021-01-23 08:00:00", "subject": "2", "recorded-or-robo": "N", "city": "Foster City", "state": "CA", "area-code": "650"}, {"id": "e81c9350d54f66c6d33b3747eef2608a", "number": "3609402979", "date": "2021-01-22 13:19:00", "subject": "0", "recorded-or-robo": "Y", "city": "", "state": "VA", "area-code": "703"}, {"id": "1d36742e3f24f50e4e7ae82801888321", "number": "3609402979", "date": "2021-01-22 13:19:00", "subject": "0", "recorded-or-robo": "Y", "city": "", "state": "VA", "area-code": "703"}, {"id": "e81c9350d54f66c6d33b3747eef2606b", "number": "5092155390", "date": "2021-01-22 16:06:00", "subject": "2", "recorded-or-robo": "Y", "city": "Spokane", "state": "WA", "area-code": "509"}, {"id": "1d36742e3f24f50e4e7ae82801887bf0", "number": "5092155390", "date": "2021-01-22 16:06:00", "subject": "2", "recorded-or-robo": "Y", "city": "Spokane", "state": "WA", "area-code": "509"}, {"id": "e81c9350d54f66c6d33b3747eef251f7", "number": "5626454131", "date": "2021-01-23 11:52:00", "subject": "6", "recorded-or-robo": "N", "city": "Tallahassee", "state": "FL", "area-code": "850"}, {"id": "1d36742e3f24f50e4e7ae8280188744d", "number": "5626454131", "date": "2021-01-23 11:52:00", "subject": "6", "recorded-or-robo": "N", "city": "Tallahassee", "state": "FL", "area-code": "850"}, {"id": "e81c9350d54f66c6d33b3747eef2449f", "number": "4402093791", "date": "2021-01-23 11:57:00", "subject": "4", "recorded-or-robo": "Y", "city": "Willoughby", "state": "OH", "area-code": "440"}, {"id": "1d36742e3f24f50e4e7ae82801886876", "number": "4402093791", "date": "2021-01-23 11:57:00", "subject": "4", "recorded-or-robo": "Y", "city": "Willoughby", "state": "OH", "area-code": "440"}, {"id": "e81c9350d54f66c6d33b3747eef23f59", "number": "2018908333", "date": "2021-01-14 13:53:00", "subject": "0", "recorded-or-robo": "Y", "city": "", "state": "NJ", "area-code": "201"}, {"id": "1d36742e3f24f50e4e7ae828018860d1", "number": "2018908333", "date": "2021-01-14 13:53:00", "subject": "0", "recorded-or-robo": "Y", "city": "", "state": "NJ", "area-code": "201"}, {"id": "e81c9350d54f66c6d33b3747eef23bb0", "number": "4696244623", "date": "2021-01-22 03:04:00", "subject": "2", "recorded-or-robo": "Y", "city": "", "state": "TX", "area-code": "713"}, {"id": "1d36742e3f24f50e4e7ae82801885f35", "number": "4696244623", "date": "2021-01-22 03:04:00", "subject": "2", "recorded-or-robo": "Y", "city": "", "state": "TX", "area-code": "713"}, {"id": "e81c9350d54f66c6d33b3747eef23a42", "number": "9014227214", "date": "2021-01-23 10:57:00", "subject": "1", "recorded-or-robo": "Y", "city": "Memphis", "state": "TN", "area-code": "901"}, {"id": "1d36742e3f24f50e4e7ae82801885007", "number": "9014227214", "date": "2021-01-23 10:57:00", "subject": "1", "recorded-or-robo": "Y", "city": "Memphis", "state": "TN", "area-code": "901"}, {"id": "e81c9350d54f66c6d33b3747eef22c52", "number": "8332298911", "date": "2021-01-22 12:53:00", "subject": "0", "recorded-or-robo": "Y", "city": "", "state": "VA", "area-code": "703"}, {"id": "1d36742e3f24f50e4e7ae828018844e6", "number": "8332298911", "date": "2021-01-22 12:53:00", "subject": "0", "recorded-or-robo": "Y", "city": "", "state": "VA", "area-code": "703"}, {"id": "e81c9350d54f66c6d33b3747eef21eec", "number": "2814179872", "date": "2021-01-23 10:49:00", "subject": "7", "recorded-or-robo": "Y", "city": "garland", "state": "TX", "area-code": "972"}, {"id": "1d36742e3f24f50e4e7ae82801883860", "number": "2814179872", "date": "2021-01-23 10:49:00", "subject": "7", "recorded-or-robo": "Y", "city": "garland", "state": "TX", "area-code": "972"}, {"id": "e81c9350d54f66c6d33b3747eef2131b", "number": "2018908333", "date": "2021-01-14 15:30:00", "subject": "0", "recorded-or-robo": "Y", "city": "", "state": "NJ", "area-code": "201"}, {"id": "1d36742e3f24f50e4e7ae8280188315e", "number": "2018908333", "date": "2021-01-14 15:30:00", "subject": "0", "recorded-or-robo": "Y", "city": "", "state": "NJ", "area-code": "201"}, {"id": "e81c9350d54f66c6d33b3747eef20e41", "number": "2022713504", "date": "2021-01-22 18:01:00", "subject": "2", "recorded-or-robo": "Y", "city": "", "state": "TX", "area-code": "972"}, {"id": "1d36742e3f24f50e4e7ae828018825f3", "number": "2022713504", "date": "2021-01-22 18:01:00", "subject": "2", "recorded-or-robo": "Y", "city": "", "state": "TX", "area-code": "972"}, {"id": "e81c9350d54f66c6d33b3747eef201f0", "number": "7736469410", "date": "2021-01-22 17:13:00", "subject": "5", "recorded-or-robo": "Y", "city": "CHICAGO", "state": "IL", "area-code": "773"}, {"id": "1d36742e3f24f50e4e7ae82801882560", "number": "7736469410", "date": "2021-01-22 17:13:00", "subject": "5", "recorded-or-robo": "Y", "city": "CHICAGO", "state": "IL", "area-code": "773"}, {"id": "e81c9350d54f66c6d33b3747eef201c1", "number": "7039796387", "date": "2021-01-22 12:44:00", "subject": "0", "recorded-or-robo": "Y", "city": "", "state": "VA", "area-code": "703"}, {"id": "1d36742e3f24f50e4e7ae82801881a24", "number": "7039796387", "date": "2021-01-22 12:44:00", "subject": "0", "recorded-or-robo": "Y", "city": "", "state": "VA", "area-code": "703"}, {"id": "e81c9350d54f66c6d33b3747eef1fe6c", "number": "37068565383", "date": "2021-01-21 11:45:00", "subject": "0", "recorded-or-robo": "", "city": "", "state": "NC", "area-code": "910"}, {"id": "1d36742e3f24f50e4e7ae82801880a36", "number": "37068565383", "date": "2021-01-21 11:45:00", "subject": "0", "recorded-or-robo": "", "city": "", "state": "NC", "area-code": "910"}, {"id": "e81c9350d54f66c6d33b3747eef1f102", "number": "8043363063", "date": "2021-01-22 12:18:00", "subject": "2", "recorded-or-robo": "Y", "city": "", "state": "VA", "area-code": "703"}, {"id": "1d36742e3f24f50e4e7ae82801880232", "number": "8043363063", "date": "2021-01-22 12:18:00", "subject": "2", "recorded-or-robo": "Y", "city": "", "state": "VA", "area-code": "703"}, {"id": "e81c9350d54f66c6d33b3747eef1f0f8", "number": "5702763989", "date": "2021-01-20 20:03:00", "subject": "2", "recorded-or-robo": "Y", "city": "", "state": "PA", "area-code": "570"}, {"id": "1d36742e3f24f50e4e7ae8280187fe40", "number": "5702763989", "date": "2021-01-20 20:03:00", "subject": "2", "recorded-or-robo": "Y", "city": "", "state": "PA", "area-code": "570"}, {"id": "e81c9350d54f66c6d33b3747eef1e657", "number": "8008246191", "date": "2021-01-14 16:38:00", "subject": "0", "recorded-or-robo": "Y", "city": "", "state": "NJ", "area-code": "201"}, {"id": "1d36742e3f24f50e4e7ae8280187f9e7", "number": "8008246191", "date": "2021-01-14 16:38:00", "subject": "0", "recorded-or-robo": "Y", "city": "", "state": "NJ", "area-code": "201"}, {"id": "e81c9350d54f66c6d33b3747eef1e2ff", "number": "5126913489", "date": "2021-01-22 15:04:00", "subject": "2", "recorded-or-robo": "Y", "city": "", "state": "TX", "area-code": "713"}, {"id": "1d36742e3f24f50e4e7ae8280187f536", "number": "5126913489", "date": "2021-01-22 15:04:00", "subject": "2", "recorded-or-robo": "Y", "city": "", "state": "TX", "area-code": "713"}, {"id": "e81c9350d54f66c6d33b3747eef1dad9", "number": "243896840346", "date": "2021-01-21 21:44:00", "subject": "0", "recorded-or-robo": "", "city": "", "state": "NC", "area-code": "910"}, {"id": "1d36742e3f24f50e4e7ae8280187e701", "number": "243896840346", "date": "2021-01-21 21:44:00", "subject": "0", "recorded-or-robo": "", "city": "", "state": "NC", "area-code": "910"}, {"id": "e81c9350d54f66c6d33b3747eef1d850", "number": "9048424948", "date": "2021-01-23 00:00:00", "subject": "4", "recorded-or-robo": "Y", "city": "", "state": "GA", "area-code": "904"}, {"id": "1d36742e3f24f50e4e7ae8280187e21a", "number": "9048424948", "date": "2021-01-23 00:00:00", "subject": "4", "recorded-or-robo": "Y", "city": "", "state": "GA", "area-code": "904"}, {"id": "e81c9350d54f66c6d33b3747eef1d1cc", "number": "", "date": "2021-01-22 12:00:00", "subject": "2", "recorded-or-robo": "Y", "city": "Eastport", "state": "MA", "area-code": "631"}, {"id": "1d36742e3f24f50e4e7ae8280187d419", "number": "", "date": "2021-01-22 12:00:00", "subject": "2", "recorded-or-robo": "Y", "city": "Eastport", "state": "MA", "area-code": "631"}, {"id": "e81c9350d54f66c6d33b3747eef1c3d1", "number": "6028066518", "date": "2021-01-23 11:41:00", "subject": "1", "recorded-or-robo": "Y", "city": "Salisbury", "state": "MD", "area-code": "410"}]}