{"data": [{"id": "1d36742e3f24f50e4e7ae828019bc529", "number": "4144967905", "date": "2021-01-23 12:00:00", "subject": "2", "recorded-or-robo": "Y", "city": "Greendale", "state": "WI", "area-code": "414"}, {"id": "3decc6bfadaa436a105714c6ba04402d", "number": "7733429195", "date": "2021-01-23 11:53:00", "subject": "7", "recorded-or-robo": "Y", "city": "Chicago", "state": "IL", "area-code": "773"}, {"id": "1d36742e3f24f50e4e7ae828019bb89b", "number": "7733429195", "date": "2021-01-23 11:53:00", "subject": "7", "recorded-or-robo": "Y", "city": "Chicago", "state": "IL", "area-code": "773"}, {"id": "3decc6bfadaa436a105714c6ba043081", "number": "6014537800", "date": "2021-01-20 12:22:00", "subject": "4", "recorded-or-robo": "Y", "city": "", "state": "TX", "area-code": "325"}, {"id": "3decc6bfadaa436a105714c6ba042301", "number": "6788718070", "date": "2021-01-11 09:04:00", "subject": "2", "recorded-or-robo": "Y", "city": "Sebastian", "state": "FL", "area-code": "678"}, {"id": "1d36742e3f24f50e4e7ae828019bab16", "number": "6014537800", "date": "2021-01-20 12:22:00", "subject": "4", "recorded-or-robo": "Y", "city": "", "state": "TX", "area-code": "325"}, {"id": "1d36742e3f24f50e4e7ae828019ba078", "number": "6788718070", "date": "2021-01-11 09:04:00", "subject": "2", "recorded-or-robo": "Y", "city": "Sebastian", "state": "FL", "area-code": "678"}, {"id": "3decc6bfadaa436a105714c6ba040cb0", "number": "3014640182", "date": "2021-01-23 12:53:00", "subject": "0", "recorded-or-robo": "", "city": "Annapolis", "state": "MD", "area-code": "410"}, {"id": "3decc6bfadaa436a105714c6ba040be8", "number": "3144693825", "date": "2021-01-23 09:38:00", "subject": "1", "recorded-or-robo": "Y", "city": "Maryland Heights", "state": "MO", "area-code": "314"}, {"id": "1d36742e3f24f50e4e7ae828019b941d", "number": "3014640182", "date": "2021-01-23 12:53:00", "subject": "0", "recorded-or-robo": "", "city": "Annapolis", "state": "MD", "area-code": "410"}, {"id": "1d36742e3f24f50e4e7ae828019b8f13", "number": "3144693825", "date": "2021-01-23 09:38:00", "subject": "1", "recorded-or-robo": "Y", "city": "Maryland Heights", "state": "MO", "area-code": "314"}, {"id": "3decc6bfadaa436a105714c6ba03fee7", "number": "6785902064", "date": "2021-01-11 11:52:00", "subject": "2", "recorded-or-robo": "Y", "city": "Sebastian", "state": "FL", "area-code": "678"}, {"id": "1d36742e3f24f50e4e7ae828019b8b82", "number": "6785902064", "date": "2021-01-11 11:52:00", "subject": "2", "recorded-or-robo": "Y", "city": "Sebastian", "state": "FL", "area-code": "678"}, {"id": "3decc6bfadaa436a105714c6ba03f613", "number": "9497351534", "date": "2021-01-23 09:35:00", "subject": "1", "recorded-or-robo": "Y", "city": "Aliso Viejo", "state": "CA", "area-code": "949"}, {"id": "1d36742e3f24f50e4e7ae828019b831b", "number": "9497351534", "date": "2021-01-23 09:35:00", "subject": "1", "recorded-or-robo": "Y", "city": "Aliso Viejo", "state": "CA", "area-code": "949"}, {"id": "3decc6bfadaa436a105714c6ba03ebb7", "number": "4018458224", "date": "2021-01-23 12:49:00", "subject": "1", "recorded-or-robo": "N", "city": "East Greenwich", "state": "RI", "area-code": "401"}, {"id": "1d36742e3f24f50e4e7ae828019b7cd4", "number": "4018458224", "date": "2021-01-23 12:49:00", "subject": "1", "recorded-or-robo": "N", "city": "East Greenwich", "state": "RI", "area-code": "401"}, {"id": "3decc6bfadaa436a105714c6ba03ea9f", "number": "7706910317", "date": "2021-01-20 13:32:00", "subject": "2", "recorded-or-robo": "N", "city": "Woodstock", "state": "GA", "area-code": "404"}, {"id": "1d36742e3f24f50e4e7ae828019b6e25", "number": "7706910317", "date": "2021-01-20 13:32:00", "subject": "2", "recorded-or-robo": "N", "city": "Woodstock", "state": "GA", "area-code": "404"}, {"id": "3decc6bfadaa436a105714c6ba03e59e", "number": "4845588625", "date": "2021-01-23 11:14:00", "subject": "2", "recorded-or-robo": "N", "city": "Easton", "state": "PA", "area-code": "484"}, {"id": "1d36742e3f24f50e4e7ae828019b6967", "number": "4845588625", "date": "2021-01-23 11:14:00", "subject": "2", "recorded-or-robo": "N", "city": "Easton", "state": "PA", "area-code": "484"}, {"id": "3decc6bfadaa436a105714c6ba03d868", "number": "8306259702", "date": "2021-01-12 09:00:00", "subject": "2", "recorded-or-robo": "Y", "city": "New Braunfels", "state": "TX", "area-code": "210"}, {"id": "1d36742e3f24f50e4e7ae828019b63b2", "number": "8306259702", "date": "2021-01-12 09:00:00", "subject": "2", "recorded-or-robo": "Y", "city": "New Braunfels", "state": "TX", "area-code": "210"}, {"id": "3decc6bfadaa436a105714c6ba03ce22", "number": "", "date": "2021-01-23 10:10:00", "subject": "1", "recorded-or-robo": "Y", "city": "Sugar Land", "state": "TX", "area-code": "281"}, {"id": "1d36742e3f24f50e4e7ae828019b5fc3", "number": "", "date": "2021-01-23 10:10:00", "subject": "1", "recorded-or-robo": "Y", "city": "Sugar Land", "state": "TX", "area-code": "281"}, {"id": "3decc6bfadaa436a105714c6ba03c8e2", "number": "8133644992", "date": "2021-01-12 13:40:00", "subject": "2", "recorded-or-robo": "Y", "city": "Sebastian", "state": "FL", "area-code": "678"}, {"id": "1d36742e3f24f50e4e7ae828019b529f", "number": "8133644992", "date": "2021-01-12 13:40:00", "subject": "2", "recorded-or-robo": "Y", "city": "Sebastian", "state": "FL", "area-code": "678"}, {"id": "3decc6bfadaa436a105714c6ba03be2d", "number": "4076442295", "date": "2021-01-23 12:27:00", "subject": "2", "recorded-or-robo": "Y", "city": "", "state": "FL", "area-code": "407"}, {"id": "1d36742e3f24f50e4e7ae828019b4fda", "number": "4076442295", "date": "2021-01-23 12:27:00", "subject": "2", "recorded-or-robo": "Y", "city": "", "state": "FL", "area-code": "407"}, {"id": "3decc6bfadaa436a105714c6ba03b5f6", "number": "6602007990", "date": "2021-01-23 11:30:00", "subject": "2", "recorded-or-robo": "Y", "city": "Butler", "state": "MO", "area-code": "660"}, {"id": "1d36742e3f24f50e4e7ae828019b466d", "number": "6602007990", "date": "2021-01-23 11:30:00", "subject": "2", "recorded-or-robo": "Y", "city": "Butler", "state": "MO", "area-code": "660"}, {"id": "3decc6bfadaa436a105714c6ba03b1f9", "number": "6196210477", "date": "2021-01-23 09:57:00", "subject": "2", "recorded-or-robo": "Y", "city": "San Diego", "state": "CA", "area-code": "619"}, {"id": "1d36742e3f24f50e4e7ae828019b3cca", "number": "6196210477", "date": "2021-01-23 09:57:00", "subject": "2", "recorded-or-robo": "Y", "city": "San Diego", "state": "CA", "area-code": "619"}, {"id": "3decc6bfadaa436a105714c6ba03a581", "number": "5095871063", "date": "2021-01-23 10:00:00", "subject": "0", "recorded-or-robo": "N", "city": "VALLEYFORD", "state": "WA", "area-code": "509"}, {"id": "1d36742e3f24f50e4e7ae828019b38b3", "number": "5095871063", "date": "2021-01-23 10:00:00", "subject": "0", "recorded-or-robo": "N", "city": "VALLEYFORD", "state": "WA", "area-code": "509"}, {"id": "3decc6bfadaa436a105714c6ba039693", "number": "6154514162", "date": "2021-01-21 18:39:00", "subject": "2", "recorded-or-robo": "Y", "city": "Pleasant View", "state": "TN", "area-code": "615"}, {"id": "1d36742e3f24f50e4e7ae828019b2b45", "number": "6154514162", "date": "2021-01-21 18:39:00", "subject": "2", "recorded-or-robo": "Y", "city": "Pleasant View", "state": "TN", "area-code": "615"}, {"id": "3decc6bfadaa436a105714c6ba038938", "number": "3853251601", "date": "2021-01-13 17:00:00", "subject": "8", "recorded-or-robo": "Y", "city": "Sebastian", "state": "FL", "area-code": "678"}, {"id": "1d36742e3f24f50e4e7ae828019b24b3", "number": "3853251601", "date": "2021-01-13 17:00:00", "subject": "8", "recorded-or-robo": "Y", "city": "Sebastian", "state": "FL", "area-code": "678"}, {"id": "3decc6bfadaa436a105714c6ba038873", "number": "9145664347", "date": "2021-01-23 13:02:00", "subject": "1", "recorded-or-robo": "Y", "city": "Mohegan Lake", "state": "NY", "area-code": "914"}, {"id": "1d36742e3f24f50e4e7ae828019b183a", "number": "9145664347", "date": "2021-01-23 13:02:00", "subject": "1", "recorded-or-robo": "Y", "city": "Mohegan Lake", "state": "NY", "area-code": "914"}, {"id": "3decc6bfadaa436a105714c6ba038165", "number": "6077714200", "date": "2021-01-22 17:35:00", "subject": "3", "recorded-or-robo": "Y", "city": "", "state": "NY", "area-code": "607"}, {"id": "1d36742e3f24f50e4e7ae828019b1593", "number": "6077714200", "date": "2021-01-22 17:35:00", "subject": "3", "recorded-or-robo": "Y", "city": "", "state": "NY", "area-code": "607"}, {"id": "3decc6bfadaa436a105714c6ba037d13", "number": "2025446743", "date": "2021-01-23 13:02:00", "subject": "2", "recorded-or-robo": "Y", "city": "Washington", "state": "Do", "area-code": "202"}, {"id": "1d36742e3f24f50e4e7ae828019b08a5", "number": "2025446743", "date": "2021-01-23 13:02:00", "subject": "2", "recorded-or-robo": "Y", "city": "Washington", "state": "Do", "area-code": "202"}, {"id": "3decc6bfadaa436a105714c6ba037b76", "number": "4049478413", "date": "2021-01-11 12:30:00", "subject": "2", "recorded-or-robo": "N", "city": "Woodstock", "state": "GA", "area-code": "404"}, {"id": "1d36742e3f24f50e4e7ae828019b0276", "number": "4049478413", "date": "2021-01-11 12:30:00", "subject": "2", "recorded-or-robo": "N", "city": "Woodstock", "state": "GA", "area-code": "404"}, {"id": "3decc6bfadaa436a105714c6ba036ea2", "number": "7208934754", "date": "2021-01-19 15:49:00", "subject": "4", "recorded-or-robo": "N", "city": "", "state": "CO", "area-code": "720"}, {"id": "1d36742e3f24f50e4e7ae828019af7bb", "number": "7208934754", "date": "2021-01-19 15:49:00", "subject": "4", "recorded-or-robo": "N", "city": "", "state": "CO", "area-code": "720"}, {"id": "3decc6bfadaa436a105714c6ba0363dd", "number": "8595167053", "date": "2021-01-22 16:33:00", "subject": "2", "recorded-or-robo": "Y", "city": "", "state": "KY", "area-code": "859"}]}