{"data": [{"id": "1d36742e3f24f50e4e7ae82801a26475", "number": "8004300848", "date": "2020-12-04 00:00:00", "subject": "2", "recorded-or-robo": "Y", "city": "Cutler Bay", "state": "FL", "area-code": "305"}, {"id": "3decc6bfadaa436a105714c6ba0b21ea", "number": "", "date": "2021-01-23 01:28:00", "subject": "2", "recorded-or-robo": "Y", "city": "Lebanon", "state": "PA", "area-code": "610"}, {"id": "1d36742e3f24f50e4e7ae82801a258bb", "number": "", "date": "2021-01-23 01:28:00", "subject": "2", "recorded-or-robo": "Y", "city": "Lebanon", "state": "PA", "area-code": "610"}, {"id": "3decc6bfadaa436a105714c6ba0b1842", "number": "9122869799", "date": "2021-01-23 13:25:00", "subject": "1", "recorded-or-robo": "Y", "city": "Nahunta", "state": "GA", "area-code": "912"}, {"id": "1d36742e3f24f50e4e7ae82801a25671", "number": "9122869799", "date": "2021-01-23 13:25:00", "subject": "1", "recorded-or-robo": "Y", "city": "Nahunta", "state": "GA", "area-code": "912"}, {"id": "3decc6bfadaa436a105714c6ba0b0b42", "number": "9089224413", "date": "2021-01-23 12:41:00", "subject": "2", "recorded-or-robo": "Y", "city": "Sayreville", "state": "NJ", "area-code": "908"}, {"id": "1d36742e3f24f50e4e7ae82801a25396", "number": "9089224413", "date": "2021-01-23 12:41:00", "subject": "2", "recorded-or-robo": "Y", "city": "Sayreville", "state": "NJ", "area-code": "908"}, {"id": "3decc6bfadaa436a105714c6ba0b0583", "number": "6083502549", "date": "2021-01-23 11:40:00", "subject": "0", "recorded-or-robo": "Y", "city": "", "state": "WI", "area-code": "608"}, {"id": "1d36742e3f24f50e4e7ae82801a2460c", "number": "6083502549", "date": "2021-01-23 11:40:00", "subject": "0", "recorded-or-robo": "Y", "city": "", "state": "WI", "area-code": "608"}, {"id": "3decc6bfadaa436a105714c6ba0aff8e", "number": "7206199599", "date": "2021-01-21 10:49:00", "subject": "2", "recorded-or-robo": "N", "city": "", "state": "CO", "area-code": "720"}, {"id": "1d36742e3f24f50e4e7ae82801a2415e", "number": "7206199599", "date": "2021-01-21 10:49:00", "subject": "2", "recorded-or-robo": "N", "city": "", "state": "CO", "area-code": "720"}, {"id": "3decc6bfadaa436a105714c6ba0af4a8", "number": "6512601509", "date": "2021-01-23 12:17:00", "subject": "2", "recorded-or-robo": "Y", "city": "", "state": "MN", "area-code": "651"}, {"id": "1d36742e3f24f50e4e7ae82801a23a44", "number": "6512601509", "date": "2021-01-23 12:17:00", "subject": "2", "recorded-or-robo": "Y", "city": "", "state": "MN", "area-code": "651"}, {"id": "3decc6bfadaa436a105714c6ba0aecff", "number": "2316008712", "date": "2021-01-23 12:58:00", "subject": "6", "recorded-or-robo": "Y", "city": "Kalkaska", "state": "MI", "area-code": "231"}, {"id": "1d36742e3f24f50e4e7ae82801a238d7", "number": "2316008712", "date": "2021-01-23 12:58:00", "subject": "6", "recorded-or-robo": "Y", "city": "Kalkaska", "state": "MI", "area-code": "231"}, {"id": "3decc6bfadaa436a105714c6ba0aebf4", "number": "6164533307", "date": "2021-01-22 06:59:00", "subject": "1", "recorded-or-robo": "Y", "city": "Grand Rapids", "state": "MI", "area-code": "616"}, {"id": "1d36742e3f24f50e4e7ae82801a22909", "number": "6164533307", "date": "2021-01-22 06:59:00", "subject": "1", "recorded-or-robo": "Y", "city": "Grand Rapids", "state": "MI", "area-code": "616"}, {"id": "3decc6bfadaa436a105714c6ba0adcaf", "number": "6787852133", "date": "2021-01-23 12:45:00", "subject": "0", "recorded-or-robo": "", "city": "Decatur", "state": "GA", "area-code": "404"}, {"id": "1d36742e3f24f50e4e7ae82801a21dbc", "number": "6787852133", "date": "2021-01-23 12:45:00", "subject": "0", "recorded-or-robo": "", "city": "Decatur", "state": "GA", "area-code": "404"}, {"id": "3decc6bfadaa436a105714c6ba0ad151", "number": "7207900726", "date": "2021-01-21 10:37:00", "subject": "2", "recorded-or-robo": "N", "city": "", "state": "CO", "area-code": "720"}, {"id": "1d36742e3f24f50e4e7ae82801a20dde", "number": "7207900726", "date": "2021-01-21 10:37:00", "subject": "2", "recorded-or-robo": "N", "city": "", "state": "CO", "area-code": "720"}, {"id": "3decc6bfadaa436a105714c6ba0ac871", "number": "4407795835", "date": "2021-01-23 13:23:00", "subject": "7", "recorded-or-robo": "Y", "city": "euclid", "state": "OH", "area-code": "216"}, {"id": "1d36742e3f24f50e4e7ae82801a20930", "number": "4407795835", "date": "2021-01-23 13:23:00", "subject": "7", "recorded-or-robo": "Y", "city": "euclid", "state": "OH", "area-code": "216"}, {"id": "3decc6bfadaa436a105714c6ba0abdbd", "number": "8182759970", "date": "2021-01-23 10:18:00", "subject": "7", "recorded-or-robo": "N", "city": "", "state": "CA", "area-code": "818"}, {"id": "1d36742e3f24f50e4e7ae82801a1ff27", "number": "8182759970", "date": "2021-01-23 10:18:00", "subject": "7", "recorded-or-robo": "N", "city": "", "state": "CA", "area-code": "818"}, {"id": "3decc6bfadaa436a105714c6ba0abc5e", "number": "7196521078", "date": "2021-01-23 11:24:00", "subject": "4", "recorded-or-robo": "Y", "city": "", "state": "CO", "area-code": "719"}, {"id": "1d36742e3f24f50e4e7ae82801a1f8e8", "number": "7196521078", "date": "2021-01-23 11:24:00", "subject": "4", "recorded-or-robo": "Y", "city": "", "state": "CO", "area-code": "719"}, {"id": "3decc6bfadaa436a105714c6ba0ab641", "number": "7204639213", "date": "2021-01-21 10:24:00", "subject": "2", "recorded-or-robo": "N", "city": "", "state": "CO", "area-code": "720"}, {"id": "1d36742e3f24f50e4e7ae82801a1f7e8", "number": "7204639213", "date": "2021-01-21 10:24:00", "subject": "2", "recorded-or-robo": "N", "city": "", "state": "CO", "area-code": "720"}, {"id": "3decc6bfadaa436a105714c6ba0a66d1", "number": "4057395476", "date": "2021-01-23 12:25:00", "subject": "3", "recorded-or-robo": "N", "city": "", "state": "OK", "area-code": "405"}, {"id": "1d36742e3f24f50e4e7ae82801a1a6cb", "number": "4057395476", "date": "2021-01-23 12:25:00", "subject": "3", "recorded-or-robo": "N", "city": "", "state": "OK", "area-code": "405"}, {"id": "3decc6bfadaa436a105714c6ba0aacbd", "number": "7043263500", "date": "2021-01-23 13:26:00", "subject": "2", "recorded-or-robo": "Y", "city": "Statesville", "state": "NC", "area-code": "704"}, {"id": "1d36742e3f24f50e4e7ae82801a1f7ab", "number": "7043263500", "date": "2021-01-23 13:26:00", "subject": "2", "recorded-or-robo": "Y", "city": "Statesville", "state": "NC", "area-code": "704"}, {"id": "3decc6bfadaa436a105714c6ba0aa6db", "number": "5615937812", "date": "2021-01-06 11:00:00", "subject": "3", "recorded-or-robo": "Y", "city": "", "state": "FL", "area-code": "561"}, {"id": "1d36742e3f24f50e4e7ae82801a1ea63", "number": "5615937812", "date": "2021-01-06 11:00:00", "subject": "3", "recorded-or-robo": "Y", "city": "", "state": "FL", "area-code": "561"}, {"id": "3decc6bfadaa436a105714c6ba0a98f7", "number": "2402611712", "date": "2021-01-22 17:54:00", "subject": "6", "recorded-or-robo": "Y", "city": "MAUGANSVILLE", "state": "MD", "area-code": "240"}, {"id": "3decc6bfadaa436a105714c6ba0a9398", "number": "7123046816", "date": "2021-01-23 13:27:00", "subject": "1", "recorded-or-robo": "Y", "city": "", "state": "MA", "area-code": "617"}, {"id": "1d36742e3f24f50e4e7ae82801a1e7d9", "number": "2402611712", "date": "2021-01-22 17:54:00", "subject": "6", "recorded-or-robo": "Y", "city": "MAUGANSVILLE", "state": "MD", "area-code": "240"}, {"id": "1d36742e3f24f50e4e7ae82801a1e148", "number": "7123046816", "date": "2021-01-23 13:27:00", "subject": "1", "recorded-or-robo": "Y", "city": "", "state": "MA", "area-code": "617"}, {"id": "3decc6bfadaa436a105714c6ba0a8454", "number": "9012900098", "date": "2021-01-23 12:25:00", "subject": "15", "recorded-or-robo": "N", "city": "", "state": "TN", "area-code": "901"}, {"id": "1d36742e3f24f50e4e7ae82801a1d8b5", "number": "9012900098", "date": "2021-01-23 12:25:00", "subject": "15", "recorded-or-robo": "N", "city": "", "state": "TN", "area-code": "901"}, {"id": "3decc6bfadaa436a105714c6ba0a78ae", "number": "8668643926", "date": "2021-01-23 13:05:00", "subject": "0", "recorded-or-robo": "Y", "city": "", "state": "FL", "area-code": "352"}, {"id": "1d36742e3f24f50e4e7ae82801a1cb54", "number": "8668643926", "date": "2021-01-23 13:05:00", "subject": "0", "recorded-or-robo": "Y", "city": "", "state": "FL", "area-code": "352"}, {"id": "3decc6bfadaa436a105714c6ba0a6f1c", "number": "", "date": "2021-01-23 11:15:00", "subject": "11", "recorded-or-robo": "Y", "city": "Mesa", "state": "AZ", "area-code": "480"}, {"id": "1d36742e3f24f50e4e7ae82801a1c568", "number": "", "date": "2021-01-23 11:15:00", "subject": "11", "recorded-or-robo": "Y", "city": "Mesa", "state": "AZ", "area-code": "480"}, {"id": "3decc6bfadaa436a105714c6ba0a6a33", "number": "7205526215", "date": "2021-01-21 12:05:00", "subject": "2", "recorded-or-robo": "N", "city": "", "state": "CO", "area-code": "720"}, {"id": "1d36742e3f24f50e4e7ae82801a1b63f", "number": "7205526215", "date": "2021-01-21 12:05:00", "subject": "2", "recorded-or-robo": "N", "city": "", "state": "CO", "area-code": "720"}, {"id": "3decc6bfadaa436a105714c6ba56052c", "number": "8558440114", "date": "2021-01-23 13:28:43", "subject": "3", "recorded-or-robo": "Y", "city": "", "state": "GA", "area-code": "678"}, {"id": "1d36742e3f24f50e4e7ae82801ec5036", "number": "8558440114", "date": "2021-01-23 13:28:43", "subject": "3", "recorded-or-robo": "Y", "city": "", "state": "GA", "area-code": "678"}, {"id": "3decc6bfadaa436a105714c6ba560eba", "number": "8558440114", "date": "2021-01-23 13:28:42", "subject": "3", "recorded-or-robo": "Y", "city": "", "state": "GA", "area-code": "678"}]}