{"data": [{"id": "1d36742e3f24f50e4e7ae82801c0b6af", "number": "9522368245", "date": "2021-01-21 13:50:00", "subject": "9", "recorded-or-robo": "Y", "city": "", "state": "MN", "area-code": "952"}, {"id": "3decc6bfadaa436a105714c6ba294470", "number": "4199287696", "date": "2021-01-23 13:58:00", "subject": "1", "recorded-or-robo": "Y", "city": "Saint Marys", "state": "OH", "area-code": "419"}, {"id": "1d36742e3f24f50e4e7ae82801c0b35e", "number": "4199287696", "date": "2021-01-23 13:58:00", "subject": "1", "recorded-or-robo": "Y", "city": "Saint Marys", "state": "OH", "area-code": "419"}, {"id": "3decc6bfadaa436a105714c6ba76a755", "number": "9564639206", "date": "2021-01-23 15:33:19", "subject": "3", "recorded-or-robo": "Y", "city": "", "state": "TX", "area-code": "956"}, {"id": "3decc6bfadaa436a105714c6ba293b1b", "number": "3152328257", "date": "2021-01-23 14:42:00", "subject": "1", "recorded-or-robo": "Y", "city": "Hudson", "state": "FL", "area-code": "727"}, {"id": "1d36742e3f24f50e4e7ae82801c0b1f2", "number": "3152328257", "date": "2021-01-23 14:42:00", "subject": "1", "recorded-or-robo": "Y", "city": "Hudson", "state": "FL", "area-code": "727"}, {"id": "03e293b3df9e35eadf15c561190cfc3d", "number": "9564639206", "date": "2021-01-23 15:33:19", "subject": "3", "recorded-or-robo": "Y", "city": "", "state": "TX", "area-code": "956"}, {"id": "3decc6bfadaa436a105714c6ba293a79", "number": "7603723288", "date": "2021-01-23 12:29:00", "subject": "12", "recorded-or-robo": "Y", "city": "Inglewood", "state": "CA", "area-code": "310"}, {"id": "1d36742e3f24f50e4e7ae82801c0b0da", "number": "7603723288", "date": "2021-01-23 12:29:00", "subject": "12", "recorded-or-robo": "Y", "city": "Inglewood", "state": "CA", "area-code": "310"}, {"id": "3decc6bfadaa436a105714c6ba768e2e", "number": "+14322120246", "date": "2021-01-23 15:33:09", "subject": "3", "recorded-or-robo": "Y", "city": "", "state": "WA", "area-code": "509"}, {"id": "03e293b3df9e35eadf15c561190ce523", "number": "+14322120246", "date": "2021-01-23 15:33:09", "subject": "3", "recorded-or-robo": "Y", "city": "", "state": "WA", "area-code": "509"}, {"id": "3decc6bfadaa436a105714c6ba767a31", "number": "+18006848282", "date": "2021-01-23 15:33:08", "subject": "3", "recorded-or-robo": "N", "city": "", "state": "TX", "area-code": "469"}, {"id": "03e293b3df9e35eadf15c561190cbe07", "number": "+18006848282", "date": "2021-01-23 15:33:08", "subject": "3", "recorded-or-robo": "N", "city": "", "state": "TX", "area-code": "469"}, {"id": "3decc6bfadaa436a105714c6ba293700", "number": "8086688105", "date": "2021-01-23 03:31:00", "subject": "2", "recorded-or-robo": "Y", "city": "Jersey City", "state": "NJ", "area-code": "607"}, {"id": "1d36742e3f24f50e4e7ae82801c0a497", "number": "8086688105", "date": "2021-01-23 03:31:00", "subject": "2", "recorded-or-robo": "Y", "city": "Jersey City", "state": "NJ", "area-code": "607"}, {"id": "3decc6bfadaa436a105714c6ba768086", "number": "+15302688023", "date": "2021-01-23 15:32:56", "subject": "3", "recorded-or-robo": "Y", "city": "", "state": "UT", "area-code": "801"}, {"id": "03e293b3df9e35eadf15c561190cc5d2", "number": "+15302688023", "date": "2021-01-23 15:32:56", "subject": "3", "recorded-or-robo": "Y", "city": "", "state": "UT", "area-code": "801"}, {"id": "3decc6bfadaa436a105714c6ba2931f0", "number": "224620330214", "date": "2021-01-23 14:31:00", "subject": "0", "recorded-or-robo": "N", "city": "Nevada", "state": "IA", "area-code": "515"}, {"id": "1d36742e3f24f50e4e7ae82801c09ca3", "number": "224620330214", "date": "2021-01-23 14:31:00", "subject": "0", "recorded-or-robo": "N", "city": "Nevada", "state": "IA", "area-code": "515"}, {"id": "3decc6bfadaa436a105714c6ba292c4b", "number": "5167242111", "date": "2021-01-23 10:59:00", "subject": "7", "recorded-or-robo": "N", "city": "East Meadow", "state": "NY", "area-code": "516"}, {"id": "1d36742e3f24f50e4e7ae82801c09b33", "number": "5167242111", "date": "2021-01-23 10:59:00", "subject": "7", "recorded-or-robo": "N", "city": "East Meadow", "state": "NY", "area-code": "516"}, {"id": "3decc6bfadaa436a105714c6ba292612", "number": "5803135910", "date": "2021-01-23 14:37:00", "subject": "2", "recorded-or-robo": "Y", "city": "Valliant", "state": "OK", "area-code": "580"}, {"id": "1d36742e3f24f50e4e7ae82801c09ab3", "number": "5803135910", "date": "2021-01-23 14:37:00", "subject": "2", "recorded-or-robo": "Y", "city": "Valliant", "state": "OK", "area-code": "580"}, {"id": "3decc6bfadaa436a105714c6ba2923ca", "number": "4805203980", "date": "2021-01-23 11:18:00", "subject": "1", "recorded-or-robo": "Y", "city": "Lincoln", "state": "AR", "area-code": "281"}, {"id": "1d36742e3f24f50e4e7ae82801c08b54", "number": "4805203980", "date": "2021-01-23 11:18:00", "subject": "1", "recorded-or-robo": "Y", "city": "Lincoln", "state": "AR", "area-code": "281"}, {"id": "3decc6bfadaa436a105714c6ba292119", "number": "8649222346", "date": "2021-01-23 15:02:00", "subject": "0", "recorded-or-robo": "Y", "city": "", "state": "PA", "area-code": "610"}, {"id": "1d36742e3f24f50e4e7ae82801c07d1f", "number": "8649222346", "date": "2021-01-23 15:02:00", "subject": "0", "recorded-or-robo": "Y", "city": "", "state": "PA", "area-code": "610"}, {"id": "3decc6bfadaa436a105714c6ba291383", "number": "4432979169", "date": "2021-01-22 13:16:00", "subject": "1", "recorded-or-robo": "Y", "city": "Chugiak", "state": "AK", "area-code": "907"}, {"id": "1d36742e3f24f50e4e7ae82801c0724e", "number": "4432979169", "date": "2021-01-22 13:16:00", "subject": "1", "recorded-or-robo": "Y", "city": "Chugiak", "state": "AK", "area-code": "907"}, {"id": "3decc6bfadaa436a105714c6ba29048e", "number": "4153543048", "date": "2021-01-21 00:00:00", "subject": "1", "recorded-or-robo": "Y", "city": "", "state": "CA", "area-code": "415"}, {"id": "1d36742e3f24f50e4e7ae82801c06952", "number": "4153543048", "date": "2021-01-21 00:00:00", "subject": "1", "recorded-or-robo": "Y", "city": "", "state": "CA", "area-code": "415"}, {"id": "3decc6bfadaa436a105714c6ba29036d", "number": "37065183013", "date": "2021-01-19 13:16:00", "subject": "2", "recorded-or-robo": "Y", "city": "Waterloo", "state": "IA", "area-code": "319"}, {"id": "3decc6bfadaa436a105714c6ba28f391", "number": "3016103070", "date": "2021-01-22 14:11:00", "subject": "0", "recorded-or-robo": "Y", "city": "", "state": "CA", "area-code": "650"}, {"id": "1d36742e3f24f50e4e7ae82801c0657f", "number": "37065183013", "date": "2021-01-19 13:16:00", "subject": "2", "recorded-or-robo": "Y", "city": "Waterloo", "state": "IA", "area-code": "319"}, {"id": "1d36742e3f24f50e4e7ae82801c055fd", "number": "3016103070", "date": "2021-01-22 14:11:00", "subject": "0", "recorded-or-robo": "Y", "city": "", "state": "CA", "area-code": "650"}, {"id": "3decc6bfadaa436a105714c6ba28d421", "number": "4124318816", "date": "2021-01-21 12:04:00", "subject": "3", "recorded-or-robo": "N", "city": "", "state": "PA", "area-code": "267"}, {"id": "1d36742e3f24f50e4e7ae82801c04423", "number": "4124318816", "date": "2021-01-21 12:04:00", "subject": "3", "recorded-or-robo": "N", "city": "", "state": "PA", "area-code": "267"}, {"id": "3decc6bfadaa436a105714c6ba28e942", "number": "8888030812", "date": "2021-01-23 11:48:00", "subject": "2", "recorded-or-robo": "Y", "city": "Millbrae", "state": "CA", "area-code": "650"}, {"id": "1d36742e3f24f50e4e7ae82801c04fcd", "number": "8888030812", "date": "2021-01-23 11:48:00", "subject": "2", "recorded-or-robo": "Y", "city": "Millbrae", "state": "CA", "area-code": "650"}, {"id": "3decc6bfadaa436a105714c6ba28c1da", "number": "6149448963", "date": "2021-01-04 19:32:00", "subject": "3", "recorded-or-robo": "N", "city": "", "state": "OH", "area-code": "614"}, {"id": "1d36742e3f24f50e4e7ae82801c028b7", "number": "6149448963", "date": "2021-01-04 19:32:00", "subject": "3", "recorded-or-robo": "N", "city": "", "state": "OH", "area-code": "614"}, {"id": "3decc6bfadaa436a105714c6ba28d979", "number": "224622469622", "date": "2021-01-23 14:29:00", "subject": "2", "recorded-or-robo": "N", "city": "Nevada", "state": "IA", "area-code": "515"}, {"id": "1d36742e3f24f50e4e7ae82801c04fb2", "number": "224622469622", "date": "2021-01-23 14:29:00", "subject": "2", "recorded-or-robo": "N", "city": "Nevada", "state": "IA", "area-code": "515"}, {"id": "3decc6bfadaa436a105714c6ba874fdf", "number": "6302423254", "date": "2021-01-23 14:29:00", "subject": "3", "recorded-or-robo": "Y", "city": "", "state": "IL", "area-code": "630"}, {"id": "03e293b3df9e35eadf15c561191de82d", "number": "6302423254", "date": "2021-01-23 14:29:00", "subject": "3", "recorded-or-robo": "Y", "city": "", "state": "IL", "area-code": "630"}, {"id": "3decc6bfadaa436a105714c6ba28d190", "number": "8047552038", "date": "2021-01-23 15:20:00", "subject": "1", "recorded-or-robo": "Y", "city": "Glen Allen", "state": "VA", "area-code": "804"}, {"id": "1d36742e3f24f50e4e7ae82801c03535", "number": "8047552038", "date": "2021-01-23 15:20:00", "subject": "1", "recorded-or-robo": "Y", "city": "Glen Allen", "state": "VA", "area-code": "804"}, {"id": "3decc6bfadaa436a105714c6ba28b2f4", "number": "3147892347", "date": "2021-01-23 12:13:00", "subject": "3", "recorded-or-robo": "Y", "city": "", "state": "UT", "area-code": "801"}, {"id": "1d36742e3f24f50e4e7ae82801c023be", "number": "3147892347", "date": "2021-01-23 12:13:00", "subject": "3", "recorded-or-robo": "Y", "city": "", "state": "UT", "area-code": "801"}, {"id": "3decc6bfadaa436a105714c6ba769358", "number": "8179784248", "date": "2021-01-23 15:30:11", "subject": "3", "recorded-or-robo": "Y", "city": "", "state": "TX", "area-code": "817"}]}