{"data": [{"id": "03e293b3df9e35eadf15c5611952500e", "number": "7164950014", "date": "2021-01-24 16:49:00", "subject": "11", "recorded-or-robo": "N", "city": "Jacksonville", "state": "FL", "area-code": "904"}, {"id": "3decc6bfadaa436a105714c6babbe8ff", "number": "8884521605", "date": "2021-01-24 13:55:00", "subject": "2", "recorded-or-robo": "Y", "city": "Redmond", "state": "WA", "area-code": "425"}, {"id": "03e293b3df9e35eadf15c5611952498f", "number": "8884521605", "date": "2021-01-24 13:55:00", "subject": "2", "recorded-or-robo": "Y", "city": "Redmond", "state": "WA", "area-code": "425"}, {"id": "3decc6bfadaa436a105714c6babbda69", "number": "4693421995", "date": "2021-01-23 08:18:00", "subject": "0", "recorded-or-robo": "N", "city": "Jasper", "state": "AL", "area-code": "205"}, {"id": "03e293b3df9e35eadf15c56119524521", "number": "4693421995", "date": "2021-01-23 08:18:00", "subject": "0", "recorded-or-robo": "N", "city": "Jasper", "state": "AL", "area-code": "205"}, {"id": "3decc6bfadaa436a105714c6babbcdbe", "number": "2307724", "date": "2021-01-21 09:30:00", "subject": "4", "recorded-or-robo": "Y", "city": "GARDEN CITY", "state": "KS", "area-code": "620"}, {"id": "03e293b3df9e35eadf15c5611952361b", "number": "2307724", "date": "2021-01-21 09:30:00", "subject": "4", "recorded-or-robo": "Y", "city": "GARDEN CITY", "state": "KS", "area-code": "620"}, {"id": "3decc6bfadaa436a105714c6babbcd79", "number": "9362233278", "date": "2021-01-23 15:28:00", "subject": "0", "recorded-or-robo": "Y", "city": "", "state": "TX", "area-code": "936"}, {"id": "03e293b3df9e35eadf15c561195230ef", "number": "9362233278", "date": "2021-01-23 15:28:00", "subject": "0", "recorded-or-robo": "Y", "city": "", "state": "TX", "area-code": "936"}, {"id": "3decc6bfadaa436a105714c6babbbfb2", "number": "5303629543", "date": "2021-01-21 12:00:00", "subject": "15", "recorded-or-robo": "N", "city": "Henderson", "state": "NV", "area-code": "702"}, {"id": "3decc6bfadaa436a105714c6babbba0c", "number": "7182446820", "date": "2021-01-24 13:23:00", "subject": "1", "recorded-or-robo": "Y", "city": "Savoy", "state": "IL", "area-code": "217"}, {"id": "03e293b3df9e35eadf15c5611952244d", "number": "5303629543", "date": "2021-01-21 12:00:00", "subject": "15", "recorded-or-robo": "N", "city": "Henderson", "state": "NV", "area-code": "702"}, {"id": "03e293b3df9e35eadf15c56119521fbc", "number": "7182446820", "date": "2021-01-24 13:23:00", "subject": "1", "recorded-or-robo": "Y", "city": "Savoy", "state": "IL", "area-code": "217"}, {"id": "3decc6bfadaa436a105714c6babbae6c", "number": "9362067638", "date": "2021-01-23 15:26:00", "subject": "0", "recorded-or-robo": "Y", "city": "", "state": "TX", "area-code": "936"}, {"id": "03e293b3df9e35eadf15c56119521221", "number": "9362067638", "date": "2021-01-23 15:26:00", "subject": "0", "recorded-or-robo": "Y", "city": "", "state": "TX", "area-code": "936"}, {"id": "3decc6bfadaa436a105714c6babba9bc", "number": "2169062714", "date": "2021-01-24 15:39:00", "subject": "0", "recorded-or-robo": "Y", "city": "Ohio", "state": "OH", "area-code": "216"}, {"id": "03e293b3df9e35eadf15c56119520437", "number": "2169062714", "date": "2021-01-24 15:39:00", "subject": "0", "recorded-or-robo": "Y", "city": "Ohio", "state": "OH", "area-code": "216"}, {"id": "3decc6bfadaa436a105714c6babba1f7", "number": "6467803465", "date": "2021-01-24 12:34:00", "subject": "2", "recorded-or-robo": "Y", "city": "NEW YORK", "state": "NY", "area-code": "646"}, {"id": "03e293b3df9e35eadf15c5611951fdf1", "number": "6467803465", "date": "2021-01-24 12:34:00", "subject": "2", "recorded-or-robo": "Y", "city": "NEW YORK", "state": "NY", "area-code": "646"}, {"id": "3decc6bfadaa436a105714c6babb99a4", "number": "9362067638", "date": "2021-01-23 15:29:00", "subject": "0", "recorded-or-robo": "Y", "city": "", "state": "TX", "area-code": "936"}, {"id": "03e293b3df9e35eadf15c5611951f700", "number": "9362067638", "date": "2021-01-23 15:29:00", "subject": "0", "recorded-or-robo": "Y", "city": "", "state": "TX", "area-code": "936"}, {"id": "3decc6bfadaa436a105714c6babb877c", "number": "5162422461", "date": "2021-01-22 13:16:00", "subject": "3", "recorded-or-robo": "", "city": "", "state": "NY", "area-code": "516"}, {"id": "03e293b3df9e35eadf15c5611951e648", "number": "5162422461", "date": "2021-01-22 13:16:00", "subject": "3", "recorded-or-robo": "", "city": "", "state": "NY", "area-code": "516"}, {"id": "3decc6bfadaa436a105714c6babb912f", "number": "9362139048", "date": "2021-01-23 15:35:00", "subject": "2", "recorded-or-robo": "Y", "city": "", "state": "TX", "area-code": "936"}, {"id": "03e293b3df9e35eadf15c5611951f08d", "number": "9362139048", "date": "2021-01-23 15:35:00", "subject": "2", "recorded-or-robo": "Y", "city": "", "state": "TX", "area-code": "936"}, {"id": "3decc6bfadaa436a105714c6babb77f4", "number": "8705710745", "date": "2021-01-24 15:13:00", "subject": "2", "recorded-or-robo": "Y", "city": "Texarkana", "state": "AR", "area-code": "870"}, {"id": "03e293b3df9e35eadf15c5611951d864", "number": "8705710745", "date": "2021-01-24 15:13:00", "subject": "2", "recorded-or-robo": "Y", "city": "Texarkana", "state": "AR", "area-code": "870"}, {"id": "3decc6bfadaa436a105714c6babb6c77", "number": "", "date": "2021-01-24 00:00:00", "subject": "3", "recorded-or-robo": "Y", "city": "", "state": "NY", "area-code": "845"}, {"id": "03e293b3df9e35eadf15c5611951d5a5", "number": "", "date": "2021-01-24 00:00:00", "subject": "3", "recorded-or-robo": "Y", "city": "", "state": "NY", "area-code": "845"}, {"id": "3decc6bfadaa436a105714c6babb5c87", "number": "6075631414", "date": "2021-01-22 12:40:00", "subject": "1", "recorded-or-robo": "Y", "city": "GARDEN CITY", "state": "KS", "area-code": "620"}, {"id": "03e293b3df9e35eadf15c5611951d27b", "number": "6075631414", "date": "2021-01-22 12:40:00", "subject": "1", "recorded-or-robo": "Y", "city": "GARDEN CITY", "state": "KS", "area-code": "620"}, {"id": "3decc6bfadaa436a105714c6babb5a4e", "number": "", "date": "2020-12-22 16:20:00", "subject": "3", "recorded-or-robo": "Y", "city": "", "state": "MD", "area-code": "410"}, {"id": "03e293b3df9e35eadf15c5611951ca1b", "number": "", "date": "2020-12-22 16:20:00", "subject": "3", "recorded-or-robo": "Y", "city": "", "state": "MD", "area-code": "410"}, {"id": "3decc6bfadaa436a105714c6babb4de1", "number": "9362270629", "date": "2021-01-23 19:35:00", "subject": "2", "recorded-or-robo": "Y", "city": "", "state": "TX", "area-code": "936"}, {"id": "03e293b3df9e35eadf15c5611951c35d", "number": "9362270629", "date": "2021-01-23 19:35:00", "subject": "2", "recorded-or-robo": "Y", "city": "", "state": "TX", "area-code": "936"}, {"id": "3decc6bfadaa436a105714c6babb4d33", "number": "", "date": "2021-01-24 00:00:00", "subject": "3", "recorded-or-robo": "Y", "city": "", "state": "NY", "area-code": "845"}, {"id": "03e293b3df9e35eadf15c5611951ba41", "number": "", "date": "2021-01-24 00:00:00", "subject": "3", "recorded-or-robo": "Y", "city": "", "state": "NY", "area-code": "845"}, {"id": "3decc6bfadaa436a105714c6babb4364", "number": "2169064710", "date": "2021-01-24 14:52:00", "subject": "0", "recorded-or-robo": "Y", "city": "Ohio", "state": "OH", "area-code": "216"}, {"id": "03e293b3df9e35eadf15c5611951adee", "number": "2169064710", "date": "2021-01-24 14:52:00", "subject": "0", "recorded-or-robo": "Y", "city": "Ohio", "state": "OH", "area-code": "216"}, {"id": "3decc6bfadaa436a105714c6babb360f", "number": "9362270629", "date": "2021-01-23 18:24:00", "subject": "2", "recorded-or-robo": "Y", "city": "", "state": "TX", "area-code": "936"}, {"id": "03e293b3df9e35eadf15c5611951aae7", "number": "9362270629", "date": "2021-01-23 18:24:00", "subject": "2", "recorded-or-robo": "Y", "city": "", "state": "TX", "area-code": "936"}, {"id": "3decc6bfadaa436a105714c6babb2c36", "number": "5166422461", "date": "2021-01-22 13:16:00", "subject": "3", "recorded-or-robo": "", "city": "", "state": "NY", "area-code": "516"}, {"id": "03e293b3df9e35eadf15c56119519f00", "number": "5166422461", "date": "2021-01-22 13:16:00", "subject": "3", "recorded-or-robo": "", "city": "", "state": "NY", "area-code": "516"}, {"id": "3decc6bfadaa436a105714c6babb32b2", "number": "9362270629", "date": "2021-01-23 17:33:00", "subject": "2", "recorded-or-robo": "Y", "city": "", "state": "TX", "area-code": "936"}, {"id": "03e293b3df9e35eadf15c5611951a9b2", "number": "9362270629", "date": "2021-01-23 17:33:00", "subject": "2", "recorded-or-robo": "Y", "city": "", "state": "TX", "area-code": "936"}, {"id": "3decc6bfadaa436a105714c6babb31d8", "number": "8556783144", "date": "2021-01-24 11:50:00", "subject": "1", "recorded-or-robo": "Y", "city": "", "state": "FL", "area-code": "813"}, {"id": "03e293b3df9e35eadf15c5611951a71d", "number": "8556783144", "date": "2021-01-24 11:50:00", "subject": "1", "recorded-or-robo": "Y", "city": "", "state": "FL", "area-code": "813"}, {"id": "3decc6bfadaa436a105714c6babb2e42", "number": "", "date": "2020-12-22 15:44:00", "subject": "3", "recorded-or-robo": "Y", "city": "", "state": "MD", "area-code": "410"}, {"id": "03e293b3df9e35eadf15c56119519f24", "number": "", "date": "2020-12-22 15:44:00", "subject": "3", "recorded-or-robo": "Y", "city": "", "state": "MD", "area-code": "410"}, {"id": "3decc6bfadaa436a105714c6babb27e5", "number": "", "date": "2021-01-24 00:00:00", "subject": "3", "recorded-or-robo": "N", "city": "", "state": "AR", "area-code": "501"}]}