{"data": [{"id": "03e293b3df9e35eadf15c561195b6b12", "number": "6672267437", "date": "2021-01-19 10:36:00", "subject": "3", "recorded-or-robo": "", "city": "", "state": "OR", "area-code": "503"}, {"id": "3decc6bfadaa436a105714c6bac5715f", "number": "6604413066", "date": "2021-01-24 17:19:00", "subject": "2", "recorded-or-robo": "Y", "city": "Warrensburg", "state": "MO", "area-code": "660"}, {"id": "03e293b3df9e35eadf15c561195b79d7", "number": "6604413066", "date": "2021-01-24 17:19:00", "subject": "2", "recorded-or-robo": "Y", "city": "Warrensburg", "state": "MO", "area-code": "660"}, {"id": "3decc6bfadaa436a105714c6bac564b2", "number": "8556783003", "date": "2021-01-24 17:09:00", "subject": "11", "recorded-or-robo": "Y", "city": "Bentonville", "state": "AR", "area-code": "503"}, {"id": "03e293b3df9e35eadf15c561195b6986", "number": "8556783003", "date": "2021-01-24 17:09:00", "subject": "11", "recorded-or-robo": "Y", "city": "Bentonville", "state": "AR", "area-code": "503"}, {"id": "3decc6bfadaa436a105714c6bac559d2", "number": "3143634923", "date": "2021-01-24 13:30:00", "subject": "1", "recorded-or-robo": "Y", "city": "St Louis", "state": "MO", "area-code": "314"}, {"id": "03e293b3df9e35eadf15c561195b66d4", "number": "3143634923", "date": "2021-01-24 13:30:00", "subject": "1", "recorded-or-robo": "Y", "city": "St Louis", "state": "MO", "area-code": "314"}, {"id": "3decc6bfadaa436a105714c6bac54bff", "number": "5202779226", "date": "2021-01-20 13:30:00", "subject": "2", "recorded-or-robo": "Y", "city": "", "state": "DE", "area-code": "302"}, {"id": "03e293b3df9e35eadf15c561195b5f75", "number": "5202779226", "date": "2021-01-20 13:30:00", "subject": "2", "recorded-or-robo": "Y", "city": "", "state": "DE", "area-code": "302"}, {"id": "3decc6bfadaa436a105714c6bac548b7", "number": "8056377243", "date": "2021-01-24 17:37:00", "subject": "4", "recorded-or-robo": "Y", "city": "LINCOLN", "state": "NE", "area-code": "805"}, {"id": "03e293b3df9e35eadf15c561195b5ce3", "number": "8056377243", "date": "2021-01-24 17:37:00", "subject": "4", "recorded-or-robo": "Y", "city": "LINCOLN", "state": "NE", "area-code": "805"}, {"id": "3decc6bfadaa436a105714c6bac531e2", "number": "5033952178", "date": "2021-01-19 11:42:00", "subject": "3", "recorded-or-robo": "", "city": "", "state": "OR", "area-code": "503"}, {"id": "03e293b3df9e35eadf15c561195b4498", "number": "5033952178", "date": "2021-01-19 11:42:00", "subject": "3", "recorded-or-robo": "", "city": "", "state": "OR", "area-code": "503"}, {"id": "3decc6bfadaa436a105714c6bac5398d", "number": "3143638673", "date": "2021-01-24 13:53:00", "subject": "1", "recorded-or-robo": "Y", "city": "St Louis", "state": "MO", "area-code": "314"}, {"id": "03e293b3df9e35eadf15c561195b547e", "number": "3143638673", "date": "2021-01-24 13:53:00", "subject": "1", "recorded-or-robo": "Y", "city": "St Louis", "state": "MO", "area-code": "314"}, {"id": "3decc6bfadaa436a105714c6bac5340f", "number": "4697976676", "date": "2021-01-24 11:50:00", "subject": "2", "recorded-or-robo": "N", "city": "Chickasha", "state": "OK", "area-code": "360"}, {"id": "03e293b3df9e35eadf15c561195b50e0", "number": "4697976676", "date": "2021-01-24 11:50:00", "subject": "2", "recorded-or-robo": "N", "city": "Chickasha", "state": "OK", "area-code": "360"}, {"id": "3decc6bfadaa436a105714c6bac52e90", "number": "5512711399", "date": "2021-01-24 18:28:00", "subject": "0", "recorded-or-robo": "", "city": "", "state": "NJ", "area-code": "201"}, {"id": "03e293b3df9e35eadf15c561195b4329", "number": "5512711399", "date": "2021-01-24 18:28:00", "subject": "0", "recorded-or-robo": "", "city": "", "state": "NJ", "area-code": "201"}, {"id": "3decc6bfadaa436a105714c6bac52afb", "number": "3143634959", "date": "2021-01-24 14:00:00", "subject": "1", "recorded-or-robo": "Y", "city": "St Louis", "state": "MO", "area-code": "314"}, {"id": "03e293b3df9e35eadf15c561195b406e", "number": "3143634959", "date": "2021-01-24 14:00:00", "subject": "1", "recorded-or-robo": "Y", "city": "St Louis", "state": "MO", "area-code": "314"}, {"id": "3decc6bfadaa436a105714c6bac52498", "number": "7724475702", "date": "2021-01-22 15:59:00", "subject": "3", "recorded-or-robo": "Y", "city": "", "state": "FL", "area-code": "772"}, {"id": "03e293b3df9e35eadf15c561195b3092", "number": "7724475702", "date": "2021-01-22 15:59:00", "subject": "3", "recorded-or-robo": "Y", "city": "", "state": "FL", "area-code": "772"}, {"id": "3decc6bfadaa436a105714c6bac51519", "number": "6162078888", "date": "2021-01-24 17:56:00", "subject": "2", "recorded-or-robo": "", "city": "", "state": "MI", "area-code": "616"}, {"id": "03e293b3df9e35eadf15c561195b2a32", "number": "6162078888", "date": "2021-01-24 17:56:00", "subject": "2", "recorded-or-robo": "", "city": "", "state": "MI", "area-code": "616"}, {"id": "3decc6bfadaa436a105714c6bac505a7", "number": "3143635332", "date": "2021-01-24 14:15:00", "subject": "1", "recorded-or-robo": "Y", "city": "St Louis", "state": "MO", "area-code": "314"}, {"id": "03e293b3df9e35eadf15c561195b2622", "number": "3143635332", "date": "2021-01-24 14:15:00", "subject": "1", "recorded-or-robo": "Y", "city": "St Louis", "state": "MO", "area-code": "314"}, {"id": "3decc6bfadaa436a105714c6bac4f80c", "number": "2396881036", "date": "2021-01-23 13:25:00", "subject": "3", "recorded-or-robo": "Y", "city": "", "state": "FL", "area-code": "772"}, {"id": "03e293b3df9e35eadf15c561195b1cf4", "number": "2396881036", "date": "2021-01-23 13:25:00", "subject": "3", "recorded-or-robo": "Y", "city": "", "state": "FL", "area-code": "772"}, {"id": "3decc6bfadaa436a105714c6bac4ea12", "number": "3143637547", "date": "2021-01-24 14:37:00", "subject": "1", "recorded-or-robo": "Y", "city": "St Louis", "state": "MO", "area-code": "314"}, {"id": "03e293b3df9e35eadf15c561195b12d0", "number": "3143637547", "date": "2021-01-24 14:37:00", "subject": "1", "recorded-or-robo": "Y", "city": "St Louis", "state": "MO", "area-code": "314"}, {"id": "3decc6bfadaa436a105714c6bac4e86d", "number": "4405423014", "date": "2021-01-24 18:24:00", "subject": "1", "recorded-or-robo": "Y", "city": "", "state": "OH", "area-code": "440"}, {"id": "03e293b3df9e35eadf15c561195b0b59", "number": "4405423014", "date": "2021-01-24 18:24:00", "subject": "1", "recorded-or-robo": "Y", "city": "", "state": "OH", "area-code": "440"}, {"id": "3decc6bfadaa436a105714c6bac4e345", "number": "6079672284", "date": "2021-01-24 18:23:00", "subject": "1", "recorded-or-robo": "Y", "city": "", "state": "NY", "area-code": "607"}, {"id": "03e293b3df9e35eadf15c561195b09c5", "number": "6079672284", "date": "2021-01-24 18:23:00", "subject": "1", "recorded-or-robo": "Y", "city": "", "state": "NY", "area-code": "607"}, {"id": "3decc6bfadaa436a105714c6bac4da02", "number": "2396881594", "date": "2021-01-23 13:31:00", "subject": "3", "recorded-or-robo": "Y", "city": "", "state": "FL", "area-code": "772"}, {"id": "03e293b3df9e35eadf15c561195afc92", "number": "2396881594", "date": "2021-01-23 13:31:00", "subject": "3", "recorded-or-robo": "Y", "city": "", "state": "FL", "area-code": "772"}, {"id": "3decc6bfadaa436a105714c6bac4d757", "number": "2063337641", "date": "2021-01-24 03:00:00", "subject": "2", "recorded-or-robo": "N", "city": "Trinity", "state": "FL", "area-code": "727"}, {"id": "03e293b3df9e35eadf15c561195af6f8", "number": "2063337641", "date": "2021-01-24 03:00:00", "subject": "2", "recorded-or-robo": "N", "city": "Trinity", "state": "FL", "area-code": "727"}, {"id": "3decc6bfadaa436a105714c6bac4d094", "number": "8556783003", "date": "2021-01-24 17:09:00", "subject": "1", "recorded-or-robo": "Y", "city": "Bentonville", "state": "AR", "area-code": "503"}, {"id": "03e293b3df9e35eadf15c561195aeb2e", "number": "8556783003", "date": "2021-01-24 17:09:00", "subject": "1", "recorded-or-robo": "Y", "city": "Bentonville", "state": "AR", "area-code": "503"}, {"id": "3decc6bfadaa436a105714c6bac4ca3b", "number": "", "date": "2021-01-24 16:41:00", "subject": "1", "recorded-or-robo": "Y", "city": "Warrensburg", "state": "MO", "area-code": "660"}, {"id": "03e293b3df9e35eadf15c561195aea71", "number": "", "date": "2021-01-24 16:41:00", "subject": "1", "recorded-or-robo": "Y", "city": "Warrensburg", "state": "MO", "area-code": "660"}, {"id": "3decc6bfadaa436a105714c6bac4bbec", "number": "4417902", "date": "2021-01-13 11:04:00", "subject": "2", "recorded-or-robo": "Y", "city": "Winchester", "state": "KY", "area-code": "859"}, {"id": "03e293b3df9e35eadf15c561195aea50", "number": "4417902", "date": "2021-01-13 11:04:00", "subject": "2", "recorded-or-robo": "Y", "city": "Winchester", "state": "KY", "area-code": "859"}, {"id": "3decc6bfadaa436a105714c6bac4b425", "number": "2316802492", "date": "2021-01-24 18:06:00", "subject": "0", "recorded-or-robo": "Y", "city": "", "state": "", "area-code": "866"}, {"id": "3decc6bfadaa436a105714c6bac4aa6f", "number": "", "date": "2021-01-24 15:26:00", "subject": "1", "recorded-or-robo": "Y", "city": "Ballwin", "state": "MO", "area-code": "314"}, {"id": "03e293b3df9e35eadf15c561195ae133", "number": "2316802492", "date": "2021-01-24 18:06:00", "subject": "0", "recorded-or-robo": "Y", "city": "", "state": "", "area-code": "866"}, {"id": "03e293b3df9e35eadf15c561195ad96b", "number": "", "date": "2021-01-24 15:26:00", "subject": "1", "recorded-or-robo": "Y", "city": "Ballwin", "state": "MO", "area-code": "314"}, {"id": "3decc6bfadaa436a105714c6bac4a117", "number": "4417902", "date": "2021-01-13 11:04:00", "subject": "2", "recorded-or-robo": "Y", "city": "Winchester", "state": "KY", "area-code": "859"}]}