{"data": [{"id": "3decc6bfadaa436a105714c6bac97793", "number": "3143087385", "date": "2021-01-21 07:19:00", "subject": "1", "recorded-or-robo": "Y", "city": "", "state": "MO", "area-code": "314"}, {"id": "03e293b3df9e35eadf15c561195f8d87", "number": "6085647782", "date": "2021-01-24 21:15:00", "subject": "2", "recorded-or-robo": "Y", "city": "Arkdale", "state": "WI", "area-code": "608"}, {"id": "03e293b3df9e35eadf15c561195f86fa", "number": "3143087385", "date": "2021-01-21 07:19:00", "subject": "1", "recorded-or-robo": "Y", "city": "", "state": "MO", "area-code": "314"}, {"id": "3decc6bfadaa436a105714c6bac96c6c", "number": "4422375653", "date": "2021-01-21 10:26:00", "subject": "2", "recorded-or-robo": "Y", "city": "Granada Hills", "state": "CA", "area-code": "818"}, {"id": "03e293b3df9e35eadf15c561195f7987", "number": "4422375653", "date": "2021-01-21 10:26:00", "subject": "2", "recorded-or-robo": "Y", "city": "Granada Hills", "state": "CA", "area-code": "818"}, {"id": "3decc6bfadaa436a105714c6bac952c8", "number": "", "date": "2021-01-24 12:00:00", "subject": "3", "recorded-or-robo": "Y", "city": "Eudora", "state": "KS", "area-code": "855"}, {"id": "03e293b3df9e35eadf15c561195f5c3c", "number": "", "date": "2021-01-24 12:00:00", "subject": "3", "recorded-or-robo": "Y", "city": "Eudora", "state": "KS", "area-code": "855"}, {"id": "3decc6bfadaa436a105714c6bac944bd", "number": "4149433351", "date": "2021-01-24 17:56:00", "subject": "11", "recorded-or-robo": "Y", "city": "West Allis", "state": "WI", "area-code": "414"}, {"id": "03e293b3df9e35eadf15c561195f4f69", "number": "4149433351", "date": "2021-01-24 17:56:00", "subject": "11", "recorded-or-robo": "Y", "city": "West Allis", "state": "WI", "area-code": "414"}, {"id": "3decc6bfadaa436a105714c6bac94425", "number": "8183534649", "date": "2021-01-21 11:07:00", "subject": "2", "recorded-or-robo": "Y", "city": "Granada Hills", "state": "CA", "area-code": "818"}, {"id": "03e293b3df9e35eadf15c561195f4f1c", "number": "8183534649", "date": "2021-01-21 11:07:00", "subject": "2", "recorded-or-robo": "Y", "city": "Granada Hills", "state": "CA", "area-code": "818"}, {"id": "3decc6bfadaa436a105714c6bac943e8", "number": "4149432705", "date": "2021-01-24 18:13:00", "subject": "11", "recorded-or-robo": "Y", "city": "West Allis", "state": "WI", "area-code": "414"}, {"id": "03e293b3df9e35eadf15c561195f4c41", "number": "4149432705", "date": "2021-01-24 18:13:00", "subject": "11", "recorded-or-robo": "Y", "city": "West Allis", "state": "WI", "area-code": "414"}, {"id": "3decc6bfadaa436a105714c6bac93a9c", "number": "24314355892", "date": "2021-01-21 16:51:00", "subject": "1", "recorded-or-robo": "Y", "city": "", "state": "NC", "area-code": "931"}, {"id": "03e293b3df9e35eadf15c561195f4332", "number": "24314355892", "date": "2021-01-21 16:51:00", "subject": "1", "recorded-or-robo": "Y", "city": "", "state": "NC", "area-code": "931"}, {"id": "3decc6bfadaa436a105714c6bac9363a", "number": "3477721388", "date": "2021-01-20 00:00:00", "subject": "3", "recorded-or-robo": "Y", "city": "", "state": "NY", "area-code": "845"}, {"id": "03e293b3df9e35eadf15c561195f4249", "number": "3477721388", "date": "2021-01-20 00:00:00", "subject": "3", "recorded-or-robo": "Y", "city": "", "state": "NY", "area-code": "845"}, {"id": "3decc6bfadaa436a105714c6bac92c03", "number": "8188436815", "date": "2021-01-21 12:06:00", "subject": "2", "recorded-or-robo": "Y", "city": "Granada Hills", "state": "CA", "area-code": "818"}, {"id": "03e293b3df9e35eadf15c561195f3ddb", "number": "8188436815", "date": "2021-01-21 12:06:00", "subject": "2", "recorded-or-robo": "Y", "city": "Granada Hills", "state": "CA", "area-code": "818"}, {"id": "3decc6bfadaa436a105714c6bac91e40", "number": "8036305586", "date": "2021-01-23 11:02:00", "subject": "2", "recorded-or-robo": "Y", "city": "Lonaconing", "state": "MD", "area-code": "240"}, {"id": "03e293b3df9e35eadf15c561195f3889", "number": "8036305586", "date": "2021-01-23 11:02:00", "subject": "2", "recorded-or-robo": "Y", "city": "Lonaconing", "state": "MD", "area-code": "240"}, {"id": "3decc6bfadaa436a105714c6bac90f85", "number": "5628630949", "date": "2021-01-21 10:21:00", "subject": "2", "recorded-or-robo": "Y", "city": "", "state": "CA", "area-code": "562"}, {"id": "03e293b3df9e35eadf15c561195f37ee", "number": "5628630949", "date": "2021-01-21 10:21:00", "subject": "2", "recorded-or-robo": "Y", "city": "", "state": "CA", "area-code": "562"}, {"id": "3decc6bfadaa436a105714c6bac9071e", "number": "78791979534", "date": "2021-01-22 13:26:00", "subject": "1", "recorded-or-robo": "Y", "city": "", "state": "NC", "area-code": "931"}, {"id": "03e293b3df9e35eadf15c561195f2b6e", "number": "78791979534", "date": "2021-01-22 13:26:00", "subject": "1", "recorded-or-robo": "Y", "city": "", "state": "NC", "area-code": "931"}, {"id": "3decc6bfadaa436a105714c6bac8fa88", "number": "8313353767", "date": "2021-01-24 14:53:00", "subject": "2", "recorded-or-robo": "N", "city": "Felton", "state": "CA", "area-code": "831"}, {"id": "03e293b3df9e35eadf15c561195f1f67", "number": "8313353767", "date": "2021-01-24 14:53:00", "subject": "2", "recorded-or-robo": "N", "city": "Felton", "state": "CA", "area-code": "831"}, {"id": "3decc6bfadaa436a105714c6bac8f302", "number": "3144975255", "date": "2021-01-24 18:01:00", "subject": "11", "recorded-or-robo": "Y", "city": "St louis", "state": "MO", "area-code": "314"}, {"id": "03e293b3df9e35eadf15c561195f1c58", "number": "3144975255", "date": "2021-01-24 18:01:00", "subject": "11", "recorded-or-robo": "Y", "city": "St louis", "state": "MO", "area-code": "314"}, {"id": "3decc6bfadaa436a105714c6bac8e3e7", "number": "9417265209", "date": "2021-01-24 00:00:00", "subject": "2", "recorded-or-robo": "Y", "city": "", "state": "FL", "area-code": "941"}, {"id": "03e293b3df9e35eadf15c561195f0cf6", "number": "9417265209", "date": "2021-01-24 00:00:00", "subject": "2", "recorded-or-robo": "Y", "city": "", "state": "FL", "area-code": "941"}, {"id": "3decc6bfadaa436a105714c6bac8da4d", "number": "9140802424", "date": "2021-01-22 15:47:00", "subject": "1", "recorded-or-robo": "Y", "city": "", "state": "NC", "area-code": "931"}, {"id": "03e293b3df9e35eadf15c561195f03f4", "number": "9140802424", "date": "2021-01-22 15:47:00", "subject": "1", "recorded-or-robo": "Y", "city": "", "state": "NC", "area-code": "931"}, {"id": "3decc6bfadaa436a105714c6bac8cdd7", "number": "", "date": "2021-01-24 15:39:00", "subject": "1", "recorded-or-robo": "N", "city": "Racine", "state": "WI", "area-code": "262"}, {"id": "03e293b3df9e35eadf15c561195ef5f3", "number": "", "date": "2021-01-24 15:39:00", "subject": "1", "recorded-or-robo": "N", "city": "Racine", "state": "WI", "area-code": "262"}, {"id": "3decc6bfadaa436a105714c6bac8c1eb", "number": "6099012382", "date": "2021-01-19 15:22:00", "subject": "2", "recorded-or-robo": "Y", "city": "", "state": "CO", "area-code": "303"}, {"id": "03e293b3df9e35eadf15c561195ee8ad", "number": "6099012382", "date": "2021-01-19 15:22:00", "subject": "2", "recorded-or-robo": "Y", "city": "", "state": "CO", "area-code": "303"}, {"id": "3decc6bfadaa436a105714c6bac8befd", "number": "9802067031", "date": "2021-01-21 10:11:00", "subject": "2", "recorded-or-robo": "Y", "city": "", "state": "CA", "area-code": "562"}, {"id": "03e293b3df9e35eadf15c561195ee2b7", "number": "9802067031", "date": "2021-01-21 10:11:00", "subject": "2", "recorded-or-robo": "Y", "city": "", "state": "CA", "area-code": "562"}, {"id": "3decc6bfadaa436a105714c6bac8b1fb", "number": "3239864934", "date": "2021-01-24 14:31:00", "subject": "2", "recorded-or-robo": "N", "city": "", "state": "CA", "area-code": "323"}, {"id": "3decc6bfadaa436a105714c6bac8aeb6", "number": "6232573662", "date": "2021-01-24 19:05:00", "subject": "2", "recorded-or-robo": "Y", "city": "", "state": "NC", "area-code": "704"}, {"id": "03e293b3df9e35eadf15c561195ed728", "number": "3239864934", "date": "2021-01-24 14:31:00", "subject": "2", "recorded-or-robo": "N", "city": "", "state": "CA", "area-code": "323"}, {"id": "03e293b3df9e35eadf15c561195ec821", "number": "6232573662", "date": "2021-01-24 19:05:00", "subject": "2", "recorded-or-robo": "Y", "city": "", "state": "NC", "area-code": "704"}, {"id": "3decc6bfadaa436a105714c6bac8a43b", "number": "1810476", "date": "2021-01-22 16:19:00", "subject": "1", "recorded-or-robo": "Y", "city": "", "state": "NC", "area-code": "931"}, {"id": "03e293b3df9e35eadf15c561195ec667", "number": "1810476", "date": "2021-01-22 16:19:00", "subject": "1", "recorded-or-robo": "Y", "city": "", "state": "NC", "area-code": "931"}, {"id": "3decc6bfadaa436a105714c6bac8a3e8", "number": "5092649426", "date": "2021-01-24 12:00:00", "subject": "1", "recorded-or-robo": "Y", "city": "", "state": "WA", "area-code": "509"}, {"id": "03e293b3df9e35eadf15c561195ebf68", "number": "5092649426", "date": "2021-01-24 12:00:00", "subject": "1", "recorded-or-robo": "Y", "city": "", "state": "WA", "area-code": "509"}, {"id": "3decc6bfadaa436a105714c6bac89e9d", "number": "7088751308", "date": "2021-01-24 17:34:00", "subject": "0", "recorded-or-robo": "N", "city": "Orland Park", "state": "IL", "area-code": "708"}, {"id": "03e293b3df9e35eadf15c561195ebbc9", "number": "7088751308", "date": "2021-01-24 17:34:00", "subject": "0", "recorded-or-robo": "N", "city": "Orland Park", "state": "IL", "area-code": "708"}, {"id": "3decc6bfadaa436a105714c6bac8945b", "number": "3167346393", "date": "2021-01-24 16:47:00", "subject": "11", "recorded-or-robo": "Y", "city": "Evans", "state": "GA", "area-code": "316"}]}