{"data": [{"id": "3decc6bfadaa436a105714c6baebf3c0", "number": "8622855726", "date": "2021-01-23 17:53:00", "subject": "2", "recorded-or-robo": "", "city": "Sussex", "state": "NJ", "area-code": "973"}, {"id": "3decc6bfadaa436a105714c6baebf16c", "number": "3152358257", "date": "2021-01-25 10:00:00", "subject": "11", "recorded-or-robo": "N", "city": "Hudson", "state": "FL", "area-code": "727"}, {"id": "3decc6bfadaa436a105714c6baebe79e", "number": "8137490411", "date": "2021-01-22 00:00:00", "subject": "2", "recorded-or-robo": "N", "city": "Riverview", "state": "FL", "area-code": "813"}, {"id": "3decc6bfadaa436a105714c6baebdcaa", "number": "2403035374", "date": "2020-12-18 13:32:00", "subject": "2", "recorded-or-robo": "Y", "city": "Central Bridge", "state": "NY", "area-code": "518"}, {"id": "3decc6bfadaa436a105714c6baebcce7", "number": "9192768586", "date": "2021-01-07 15:08:00", "subject": "3", "recorded-or-robo": "Y", "city": "", "state": "AZ", "area-code": "480"}, {"id": "3decc6bfadaa436a105714c6baebc4a6", "number": "4259529361", "date": "2021-01-26 09:01:00", "subject": "1", "recorded-or-robo": "Y", "city": "Boynton Beach", "state": "FL", "area-code": "561"}, {"id": "3decc6bfadaa436a105714c6baebc230", "number": "2029982880", "date": "2021-01-23 18:43:00", "subject": "2", "recorded-or-robo": "", "city": "Sussex", "state": "NJ", "area-code": "973"}, {"id": "3decc6bfadaa436a105714c6baebbab4", "number": "9015869054", "date": "2021-01-25 15:51:00", "subject": "2", "recorded-or-robo": "Y", "city": "Sterling Heights,", "state": "MI", "area-code": "586"}, {"id": "3decc6bfadaa436a105714c6baebb16f", "number": "2393419220", "date": "2020-12-19 11:57:00", "subject": "2", "recorded-or-robo": "Y", "city": "Central Bridge", "state": "NY", "area-code": "518"}, {"id": "3decc6bfadaa436a105714c6baebabe5", "number": "7087192688", "date": "2021-01-22 13:51:00", "subject": "2", "recorded-or-robo": "N", "city": "Riverview", "state": "FL", "area-code": "813"}, {"id": "3decc6bfadaa436a105714c6baeba00b", "number": "2252545642", "date": "2020-12-20 11:32:00", "subject": "2", "recorded-or-robo": "Y", "city": "Central Bridge", "state": "NY", "area-code": "518"}, {"id": "3decc6bfadaa436a105714c6baeb91df", "number": "8555032995", "date": "2021-01-26 09:00:00", "subject": "13", "recorded-or-robo": "Y", "city": "DeLancey", "state": "NY", "area-code": "607"}, {"id": "3decc6bfadaa436a105714c6baeb9010", "number": "5406619665", "date": "2021-01-26 08:45:00", "subject": "2", "recorded-or-robo": "Y", "city": "CULPEPER", "state": "VA", "area-code": "540"}, {"id": "3decc6bfadaa436a105714c6baeb823c", "number": "9544336864", "date": "2021-01-25 14:58:00", "subject": "2", "recorded-or-robo": "", "city": "Sussex", "state": "NJ", "area-code": "973"}, {"id": "3decc6bfadaa436a105714c6baeb78b4", "number": "", "date": "2021-01-26 07:40:00", "subject": "2", "recorded-or-robo": "Y", "city": "Florissant", "state": "MO", "area-code": "888"}, {"id": "3decc6bfadaa436a105714c6baeb7615", "number": "5137066785", "date": "2021-01-26 09:03:00", "subject": "1", "recorded-or-robo": "Y", "city": "", "state": "OH", "area-code": "513"}, {"id": "3decc6bfadaa436a105714c6baeb6637", "number": "9179972706", "date": "2021-01-26 09:06:00", "subject": "9", "recorded-or-robo": "Y", "city": "", "state": "NY", "area-code": "917"}, {"id": "3decc6bfadaa436a105714c6baeb5700", "number": "2762099056", "date": "2020-12-21 14:44:00", "subject": "2", "recorded-or-robo": "Y", "city": "Central Bridge", "state": "NY", "area-code": "518"}, {"id": "3decc6bfadaa436a105714c6baeb4bfb", "number": "2602005382", "date": "2021-01-26 09:06:00", "subject": "5", "recorded-or-robo": "N", "city": "", "state": "NC", "area-code": "704"}, {"id": "3decc6bfadaa436a105714c6baeb45ae", "number": "2245151443", "date": "2021-01-26 09:07:00", "subject": "2", "recorded-or-robo": "Y", "city": "THORNTOWN", "state": "IN", "area-code": "765"}, {"id": "3decc6bfadaa436a105714c6baeb2c10", "number": "8609096123", "date": "2021-01-23 10:05:00", "subject": "3", "recorded-or-robo": "N", "city": "", "state": "CT", "area-code": "203"}, {"id": "3decc6bfadaa436a105714c6baeb3c86", "number": "2065351142", "date": "2021-01-26 08:01:00", "subject": "0", "recorded-or-robo": "N", "city": "", "state": "NC", "area-code": "704"}, {"id": "3decc6bfadaa436a105714c6baeb302c", "number": "2037796327", "date": "2021-01-25 17:28:00", "subject": "2", "recorded-or-robo": "Y", "city": "WEST HAVEN", "state": "CT", "area-code": "203"}, {"id": "3decc6bfadaa436a105714c6baeb2d80", "number": "6202637676", "date": "2020-12-24 14:22:00", "subject": "2", "recorded-or-robo": "Y", "city": "Central Bridge", "state": "NY", "area-code": "518"}, {"id": "3decc6bfadaa436a105714c6baeb25eb", "number": "5028341958", "date": "2021-01-25 18:56:00", "subject": "2", "recorded-or-robo": "N", "city": "fairdale", "state": "KY", "area-code": "502"}, {"id": "3decc6bfadaa436a105714c6baeb21e5", "number": "9084706545", "date": "2021-01-25 12:42:00", "subject": "3", "recorded-or-robo": "Y", "city": "", "state": "NJ", "area-code": "201"}, {"id": "3decc6bfadaa436a105714c6baeb1940", "number": "9738347531", "date": "2021-01-25 15:38:00", "subject": "2", "recorded-or-robo": "", "city": "Sussex", "state": "NJ", "area-code": "973"}, {"id": "3decc6bfadaa436a105714c6baeb0d12", "number": "6039685782", "date": "2021-01-25 13:40:00", "subject": "2", "recorded-or-robo": "", "city": "Riverview", "state": "FL", "area-code": "813"}, {"id": "3decc6bfadaa436a105714c6baeaff08", "number": "8447050025", "date": "2021-01-26 09:02:00", "subject": "2", "recorded-or-robo": "Y", "city": "WEST HAVEN", "state": "CT", "area-code": "203"}, {"id": "3decc6bfadaa436a105714c6baeafdac", "number": "6812022033", "date": "2021-01-24 10:40:00", "subject": "6", "recorded-or-robo": "Y", "city": "Central Bridge", "state": "NY", "area-code": "518"}, {"id": "3decc6bfadaa436a105714c6baeafc7e", "number": "7742285476", "date": "2021-01-25 00:00:00", "subject": "0", "recorded-or-robo": "", "city": "lynn", "state": "MA", "area-code": "781"}, {"id": "3decc6bfadaa436a105714c6baeaf421", "number": "9083692973", "date": "2021-01-25 15:18:00", "subject": "1", "recorded-or-robo": "Y", "city": "", "state": "NJ", "area-code": "908"}, {"id": "3decc6bfadaa436a105714c6baeae517", "number": "3147987634", "date": "2021-01-21 08:08:00", "subject": "0", "recorded-or-robo": "Y", "city": "Saint Louis", "state": "MO", "area-code": "314"}, {"id": "3decc6bfadaa436a105714c6baeadb6b", "number": "5072005875", "date": "2021-01-25 18:43:00", "subject": "2", "recorded-or-robo": "N", "city": "Farmington", "state": "MN", "area-code": "651"}, {"id": "3decc6bfadaa436a105714c6baead2d0", "number": "4048910136", "date": "2021-01-26 08:07:00", "subject": "2", "recorded-or-robo": "Y", "city": "Duluth", "state": "GA", "area-code": "678"}, {"id": "3decc6bfadaa436a105714c6baeaceb4", "number": "6608796257", "date": "2021-01-22 11:04:00", "subject": "0", "recorded-or-robo": "Y", "city": "Saint Louis", "state": "MO", "area-code": "314"}, {"id": "3decc6bfadaa436a105714c6baeacc08", "number": "2608908425", "date": "2021-01-26 03:34:00", "subject": "0", "recorded-or-robo": "N", "city": "Pequot Lakes", "state": "MN", "area-code": "218"}, {"id": "3decc6bfadaa436a105714c6baeabd4b", "number": "7632442236", "date": "2021-01-25 11:48:00", "subject": "2", "recorded-or-robo": "N", "city": "Farmington", "state": "MN", "area-code": "651"}, {"id": "3decc6bfadaa436a105714c6baeaba19", "number": "2037331720", "date": "2021-01-26 09:00:00", "subject": "3", "recorded-or-robo": "Y", "city": "", "state": "CT", "area-code": "203"}, {"id": "3decc6bfadaa436a105714c6baeaaf61", "number": "8134225101", "date": "2021-01-25 13:40:00", "subject": "2", "recorded-or-robo": "N", "city": "Riverview", "state": "FL", "area-code": "813"}, {"id": "3decc6bfadaa436a105714c6baeaab83", "number": "3393386328", "date": "2021-01-25 15:00:00", "subject": "0", "recorded-or-robo": "", "city": "lynn", "state": "MA", "area-code": "781"}, {"id": "3decc6bfadaa436a105714c6baeaa016", "number": "3145178679", "date": "2021-01-25 10:01:00", "subject": "0", "recorded-or-robo": "Y", "city": "", "state": "MO", "area-code": "314"}, {"id": "3decc6bfadaa436a105714c6baea91f1", "number": "8503329254", "date": "2021-01-26 08:55:00", "subject": "1", "recorded-or-robo": "Y", "city": "", "state": "MD", "area-code": "630"}, {"id": "3decc6bfadaa436a105714c6baea855f", "number": "5597723042", "date": "2021-01-26 07:42:00", "subject": "4", "recorded-or-robo": "Y", "city": "Salina", "state": "CA", "area-code": "559"}, {"id": "3decc6bfadaa436a105714c6baea7ae9", "number": "7193001460", "date": "2021-01-26 07:38:00", "subject": "3", "recorded-or-robo": "", "city": "", "state": "PA", "area-code": "610"}, {"id": "3decc6bfadaa436a105714c6baea6cf5", "number": "5072034141", "date": "2021-01-25 09:22:00", "subject": "2", "recorded-or-robo": "N", "city": "Farmington", "state": "MN", "area-code": "651"}, {"id": "3decc6bfadaa436a105714c6baea64f4", "number": "8609096124", "date": "2021-01-25 10:47:00", "subject": "3", "recorded-or-robo": "N", "city": "", "state": "CT", "area-code": "203"}, {"id": "3decc6bfadaa436a105714c6baea5574", "number": "5072034141", "date": "2021-01-25 14:33:00", "subject": "2", "recorded-or-robo": "N", "city": "Farmington", "state": "MN", "area-code": "651"}, {"id": "3decc6bfadaa436a105714c6baea4c10", "number": "5154015112", "date": "2021-01-24 11:39:00", "subject": "1", "recorded-or-robo": "N", "city": "Altoona", "state": "IA", "area-code": "515"}, {"id": "3decc6bfadaa436a105714c6baea426e", "number": "9737278392", "date": "2021-01-26 08:56:00", "subject": "1", "recorded-or-robo": "N", "city": "Paterson", "state": "NJ", "area-code": "973"}]}