{"data": [{"id": "1d36742e3f24f50e4e7ae8280199b015", "number": "4076304500", "date": "2021-01-23 12:48:00", "subject": "1", "recorded-or-robo": "Y", "city": "", "state": "FL", "area-code": "407"}, {"id": "3decc6bfadaa436a105714c6ba01fa47", "number": "7202710795", "date": "2021-01-19 10:54:00", "subject": "2", "recorded-or-robo": "N", "city": "", "state": "CO", "area-code": "720"}, {"id": "3decc6bfadaa436a105714c6ba01f482", "number": "3474676191", "date": "2021-01-21 07:22:00", "subject": "13", "recorded-or-robo": "Y", "city": "Murray", "state": "UT", "area-code": "801"}, {"id": "1d36742e3f24f50e4e7ae8280199ac28", "number": "7202710795", "date": "2021-01-19 10:54:00", "subject": "2", "recorded-or-robo": "N", "city": "", "state": "CO", "area-code": "720"}, {"id": "1d36742e3f24f50e4e7ae8280199a46f", "number": "3474676191", "date": "2021-01-21 07:22:00", "subject": "13", "recorded-or-robo": "Y", "city": "Murray", "state": "UT", "area-code": "801"}, {"id": "3decc6bfadaa436a105714c6ba01e4ac", "number": "5862418190", "date": "2021-01-23 12:44:00", "subject": "0", "recorded-or-robo": "N", "city": "", "state": "MI", "area-code": "586"}, {"id": "3decc6bfadaa436a105714c6ba01e43b", "number": "7753007965", "date": "2021-01-22 11:00:00", "subject": "0", "recorded-or-robo": "Y", "city": "North Las Vegas", "state": "NV", "area-code": "702"}, {"id": "1d36742e3f24f50e4e7ae82801999b61", "number": "5862418190", "date": "2021-01-23 12:44:00", "subject": "0", "recorded-or-robo": "N", "city": "", "state": "MI", "area-code": "586"}, {"id": "1d36742e3f24f50e4e7ae828019998d7", "number": "7753007965", "date": "2021-01-22 11:00:00", "subject": "0", "recorded-or-robo": "Y", "city": "North Las Vegas", "state": "NV", "area-code": "702"}, {"id": "3decc6bfadaa436a105714c6ba01db7d", "number": "8152337007", "date": "2021-01-22 14:34:00", "subject": "0", "recorded-or-robo": "Y", "city": "Joliet", "state": "IL", "area-code": "815"}, {"id": "1d36742e3f24f50e4e7ae82801998fb8", "number": "8152337007", "date": "2021-01-22 14:34:00", "subject": "0", "recorded-or-robo": "Y", "city": "Joliet", "state": "IL", "area-code": "815"}, {"id": "3decc6bfadaa436a105714c6ba01d8dc", "number": "6157471414", "date": "2021-01-22 14:34:00", "subject": "2", "recorded-or-robo": "Y", "city": "Pleasant View", "state": "TN", "area-code": "615"}, {"id": "1d36742e3f24f50e4e7ae8280199834f", "number": "6157471414", "date": "2021-01-22 14:34:00", "subject": "2", "recorded-or-robo": "Y", "city": "Pleasant View", "state": "TN", "area-code": "615"}, {"id": "3decc6bfadaa436a105714c6ba01d835", "number": "9566163176", "date": "2021-01-23 09:48:00", "subject": "6", "recorded-or-robo": "Y", "city": "Hayward", "state": "CA", "area-code": "510"}, {"id": "1d36742e3f24f50e4e7ae82801997e5d", "number": "9566163176", "date": "2021-01-23 09:48:00", "subject": "6", "recorded-or-robo": "Y", "city": "Hayward", "state": "CA", "area-code": "510"}, {"id": "3decc6bfadaa436a105714c6ba01d672", "number": "8009057769", "date": "2021-01-22 15:27:00", "subject": "3", "recorded-or-robo": "", "city": "Enola", "state": "PA", "area-code": "717"}, {"id": "1d36742e3f24f50e4e7ae82801997df1", "number": "8009057769", "date": "2021-01-22 15:27:00", "subject": "3", "recorded-or-robo": "", "city": "Enola", "state": "PA", "area-code": "717"}, {"id": "3decc6bfadaa436a105714c6ba01c9d6", "number": "3145354671", "date": "2021-01-23 11:29:00", "subject": "11", "recorded-or-robo": "Y", "city": "", "state": "MO", "area-code": "314"}, {"id": "1d36742e3f24f50e4e7ae8280199702b", "number": "3145354671", "date": "2021-01-23 11:29:00", "subject": "11", "recorded-or-robo": "Y", "city": "", "state": "MO", "area-code": "314"}, {"id": "3decc6bfadaa436a105714c6ba01bf99", "number": "7018796723", "date": "2021-01-22 17:15:00", "subject": "0", "recorded-or-robo": "Y", "city": "North Las Vegas", "state": "NV", "area-code": "702"}, {"id": "1d36742e3f24f50e4e7ae8280199667a", "number": "7018796723", "date": "2021-01-22 17:15:00", "subject": "0", "recorded-or-robo": "Y", "city": "North Las Vegas", "state": "NV", "area-code": "702"}, {"id": "3decc6bfadaa436a105714c6ba01b897", "number": "6602009444", "date": "2021-01-23 10:58:00", "subject": "2", "recorded-or-robo": "Y", "city": "Butler", "state": "MO", "area-code": "660"}, {"id": "1d36742e3f24f50e4e7ae82801995751", "number": "6602009444", "date": "2021-01-23 10:58:00", "subject": "2", "recorded-or-robo": "Y", "city": "Butler", "state": "MO", "area-code": "660"}, {"id": "3decc6bfadaa436a105714c6ba01b10d", "number": "7203926702", "date": "2021-01-19 10:37:00", "subject": "2", "recorded-or-robo": "N", "city": "", "state": "CO", "area-code": "720"}, {"id": "1d36742e3f24f50e4e7ae828019954b8", "number": "7203926702", "date": "2021-01-19 10:37:00", "subject": "2", "recorded-or-robo": "N", "city": "", "state": "CO", "area-code": "720"}, {"id": "3decc6bfadaa436a105714c6ba01a255", "number": "8476871682", "date": "2021-01-23 11:53:00", "subject": "3", "recorded-or-robo": "Y", "city": "", "state": "IL", "area-code": "847"}, {"id": "1d36742e3f24f50e4e7ae82801994a37", "number": "8476871682", "date": "2021-01-23 11:53:00", "subject": "3", "recorded-or-robo": "Y", "city": "", "state": "IL", "area-code": "847"}, {"id": "3decc6bfadaa436a105714c6ba019647", "number": "4154048430", "date": "2021-01-23 11:53:00", "subject": "15", "recorded-or-robo": "Y", "city": "", "state": "TN", "area-code": "901"}, {"id": "1d36742e3f24f50e4e7ae82801993f20", "number": "4154048430", "date": "2021-01-23 11:53:00", "subject": "15", "recorded-or-robo": "Y", "city": "", "state": "TN", "area-code": "901"}, {"id": "3decc6bfadaa436a105714c6ba0191d9", "number": "8472589877", "date": "2021-01-23 11:55:00", "subject": "4", "recorded-or-robo": "Y", "city": "Chicago", "state": "IL", "area-code": "847"}, {"id": "1d36742e3f24f50e4e7ae8280199311c", "number": "8472589877", "date": "2021-01-23 11:55:00", "subject": "4", "recorded-or-robo": "Y", "city": "Chicago", "state": "IL", "area-code": "847"}, {"id": "3decc6bfadaa436a105714c6ba018d6e", "number": "7067195117", "date": "2021-01-23 11:02:00", "subject": "4", "recorded-or-robo": "N", "city": "Mount Laurel", "state": "NJ", "area-code": "609"}, {"id": "1d36742e3f24f50e4e7ae82801992cfe", "number": "7067195117", "date": "2021-01-23 11:02:00", "subject": "4", "recorded-or-robo": "N", "city": "Mount Laurel", "state": "NJ", "area-code": "609"}, {"id": "3decc6bfadaa436a105714c6ba0188d3", "number": "5862418190", "date": "2021-01-23 12:44:00", "subject": "0", "recorded-or-robo": "N", "city": "", "state": "MI", "area-code": "586"}, {"id": "1d36742e3f24f50e4e7ae82801992bed", "number": "5862418190", "date": "2021-01-23 12:44:00", "subject": "0", "recorded-or-robo": "N", "city": "", "state": "MI", "area-code": "586"}, {"id": "3decc6bfadaa436a105714c6ba0184d6", "number": "5862418190", "date": "2021-01-23 12:44:00", "subject": "0", "recorded-or-robo": "N", "city": "", "state": "MI", "area-code": "586"}, {"id": "1d36742e3f24f50e4e7ae82801992102", "number": "5862418190", "date": "2021-01-23 12:44:00", "subject": "0", "recorded-or-robo": "N", "city": "", "state": "MI", "area-code": "586"}, {"id": "3decc6bfadaa436a105714c6ba017e81", "number": "5862418190", "date": "2021-01-23 12:44:00", "subject": "0", "recorded-or-robo": "N", "city": "", "state": "MI", "area-code": "586"}, {"id": "1d36742e3f24f50e4e7ae8280199174e", "number": "5862418190", "date": "2021-01-23 12:44:00", "subject": "0", "recorded-or-robo": "N", "city": "", "state": "MI", "area-code": "586"}, {"id": "3decc6bfadaa436a105714c6ba017c2c", "number": "2818485425", "date": "2021-01-22 15:27:00", "subject": "2", "recorded-or-robo": "Y", "city": "", "state": "TX", "area-code": "281"}, {"id": "1d36742e3f24f50e4e7ae8280199156b", "number": "2818485425", "date": "2021-01-22 15:27:00", "subject": "2", "recorded-or-robo": "Y", "city": "", "state": "TX", "area-code": "281"}, {"id": "3decc6bfadaa436a105714c6ba0175ef", "number": "2147135070", "date": "2021-01-22 08:57:00", "subject": "1", "recorded-or-robo": "Y", "city": "Hayward", "state": "CA", "area-code": "510"}, {"id": "1d36742e3f24f50e4e7ae8280199103f", "number": "2147135070", "date": "2021-01-22 08:57:00", "subject": "1", "recorded-or-robo": "Y", "city": "Hayward", "state": "CA", "area-code": "510"}, {"id": "3decc6bfadaa436a105714c6ba010b3f", "number": "6032886702", "date": "2021-01-22 13:06:00", "subject": "3", "recorded-or-robo": "N", "city": "", "state": "NH", "area-code": "603"}, {"id": "1d36742e3f24f50e4e7ae82801989874", "number": "6032886702", "date": "2021-01-22 13:06:00", "subject": "3", "recorded-or-robo": "N", "city": "", "state": "NH", "area-code": "603"}, {"id": "3decc6bfadaa436a105714c6ba017508", "number": "5862418190", "date": "2021-01-23 12:44:00", "subject": "0", "recorded-or-robo": "N", "city": "", "state": "MI", "area-code": "586"}, {"id": "1d36742e3f24f50e4e7ae828019903e2", "number": "5862418190", "date": "2021-01-23 12:44:00", "subject": "0", "recorded-or-robo": "N", "city": "", "state": "MI", "area-code": "586"}, {"id": "3decc6bfadaa436a105714c6ba017209", "number": "2569001782", "date": "2021-01-23 12:49:00", "subject": "2", "recorded-or-robo": "Y", "city": "ny", "state": "NY", "area-code": "917"}, {"id": "1d36742e3f24f50e4e7ae8280198fc48", "number": "2569001782", "date": "2021-01-23 12:49:00", "subject": "2", "recorded-or-robo": "Y", "city": "ny", "state": "NY", "area-code": "917"}, {"id": "3decc6bfadaa436a105714c6ba01654a", "number": "5862418190", "date": "2021-01-23 12:44:00", "subject": "0", "recorded-or-robo": "N", "city": "", "state": "MI", "area-code": "586"}]}