{"data": [{"id": "03e293b3df9e35eadf15c561196ed6ba", "number": "7279143913", "date": "2021-01-24 20:23:00", "subject": "1", "recorded-or-robo": "Y", "city": "St Petersburg", "state": "FL", "area-code": "727"}, {"id": "3decc6bfadaa436a105714c6bad90dae", "number": "6193051819", "date": "2021-01-23 16:52:00", "subject": "2", "recorded-or-robo": "Y", "city": "", "state": "CA", "area-code": "408"}, {"id": "03e293b3df9e35eadf15c561196ed159", "number": "6193051819", "date": "2021-01-23 16:52:00", "subject": "2", "recorded-or-robo": "Y", "city": "", "state": "CA", "area-code": "408"}, {"id": "3decc6bfadaa436a105714c6bad90b95", "number": "7273727151", "date": "2021-01-24 18:49:00", "subject": "11", "recorded-or-robo": "Y", "city": "Trinity", "state": "FL", "area-code": "727"}, {"id": "03e293b3df9e35eadf15c561196ec70e", "number": "7273727151", "date": "2021-01-24 18:49:00", "subject": "11", "recorded-or-robo": "Y", "city": "Trinity", "state": "FL", "area-code": "727"}, {"id": "3decc6bfadaa436a105714c6bad907bc", "number": "4155099191", "date": "2021-01-24 11:15:00", "subject": "2", "recorded-or-robo": "N", "city": "San Francisco", "state": "CA", "area-code": "415"}, {"id": "03e293b3df9e35eadf15c561196eb735", "number": "4155099191", "date": "2021-01-24 11:15:00", "subject": "2", "recorded-or-robo": "N", "city": "San Francisco", "state": "CA", "area-code": "415"}, {"id": "3decc6bfadaa436a105714c6bad9077d", "number": "9544296687", "date": "2021-01-24 20:03:00", "subject": "0", "recorded-or-robo": "Y", "city": "St Petersburg", "state": "FL", "area-code": "727"}, {"id": "03e293b3df9e35eadf15c561196eb1a7", "number": "9544296687", "date": "2021-01-24 20:03:00", "subject": "0", "recorded-or-robo": "Y", "city": "St Petersburg", "state": "FL", "area-code": "727"}, {"id": "3decc6bfadaa436a105714c6bad8fe7b", "number": "7273729705", "date": "2021-01-24 18:11:00", "subject": "0", "recorded-or-robo": "Y", "city": "Trinity", "state": "FL", "area-code": "727"}, {"id": "03e293b3df9e35eadf15c561196ea2c9", "number": "7273729705", "date": "2021-01-24 18:11:00", "subject": "0", "recorded-or-robo": "Y", "city": "Trinity", "state": "FL", "area-code": "727"}, {"id": "3decc6bfadaa436a105714c6bad8f079", "number": "7279141417", "date": "2021-01-24 19:37:00", "subject": "1", "recorded-or-robo": "Y", "city": "St Petersburg", "state": "FL", "area-code": "727"}, {"id": "03e293b3df9e35eadf15c561196e96f2", "number": "7279141417", "date": "2021-01-24 19:37:00", "subject": "1", "recorded-or-robo": "Y", "city": "St Petersburg", "state": "FL", "area-code": "727"}, {"id": "3decc6bfadaa436a105714c6bad8eb86", "number": "7814392513", "date": "2021-01-23 00:00:00", "subject": "15", "recorded-or-robo": "Y", "city": "aspen", "state": "CO", "area-code": "303"}, {"id": "03e293b3df9e35eadf15c561196e8a29", "number": "7814392513", "date": "2021-01-23 00:00:00", "subject": "15", "recorded-or-robo": "Y", "city": "aspen", "state": "CO", "area-code": "303"}, {"id": "3decc6bfadaa436a105714c6bad8dc2b", "number": "3142620932", "date": "2021-01-23 14:02:00", "subject": "2", "recorded-or-robo": "N", "city": "University City", "state": "MO", "area-code": "314"}, {"id": "03e293b3df9e35eadf15c561196e8486", "number": "3142620932", "date": "2021-01-23 14:02:00", "subject": "2", "recorded-or-robo": "N", "city": "University City", "state": "MO", "area-code": "314"}, {"id": "3decc6bfadaa436a105714c6bad8d442", "number": "2403454114", "date": "2021-01-24 21:15:00", "subject": "16", "recorded-or-robo": "Y", "city": "", "state": "Do", "area-code": "202"}, {"id": "03e293b3df9e35eadf15c561196e7d62", "number": "2403454114", "date": "2021-01-24 21:15:00", "subject": "16", "recorded-or-robo": "Y", "city": "", "state": "Do", "area-code": "202"}, {"id": "3decc6bfadaa436a105714c6bad8cb83", "number": "7279147107", "date": "2021-01-24 19:02:00", "subject": "1", "recorded-or-robo": "Y", "city": "St Petersburg", "state": "FL", "area-code": "727"}, {"id": "3decc6bfadaa436a105714c6bad8c276", "number": "8584075437", "date": "2021-01-22 10:54:00", "subject": "3", "recorded-or-robo": "Y", "city": "", "state": "CA", "area-code": "858"}, {"id": "03e293b3df9e35eadf15c561196e6ecb", "number": "7279147107", "date": "2021-01-24 19:02:00", "subject": "1", "recorded-or-robo": "Y", "city": "St Petersburg", "state": "FL", "area-code": "727"}, {"id": "03e293b3df9e35eadf15c561196e6621", "number": "8584075437", "date": "2021-01-22 10:54:00", "subject": "3", "recorded-or-robo": "Y", "city": "", "state": "CA", "area-code": "858"}, {"id": "3decc6bfadaa436a105714c6bad8bb09", "number": "3143876294", "date": "2021-01-23 11:28:00", "subject": "2", "recorded-or-robo": "N", "city": "University City", "state": "MO", "area-code": "314"}, {"id": "03e293b3df9e35eadf15c561196e5d4a", "number": "3143876294", "date": "2021-01-23 11:28:00", "subject": "2", "recorded-or-robo": "N", "city": "University City", "state": "MO", "area-code": "314"}, {"id": "3decc6bfadaa436a105714c6bad8ac7a", "number": "7273722620", "date": "2021-01-24 17:46:00", "subject": "11", "recorded-or-robo": "Y", "city": "Trinity", "state": "FL", "area-code": "727"}, {"id": "03e293b3df9e35eadf15c561196e571f", "number": "7273722620", "date": "2021-01-24 17:46:00", "subject": "11", "recorded-or-robo": "Y", "city": "Trinity", "state": "FL", "area-code": "727"}, {"id": "3decc6bfadaa436a105714c6bad89da5", "number": "3146688085", "date": "2021-01-23 11:26:00", "subject": "2", "recorded-or-robo": "N", "city": "University City", "state": "MO", "area-code": "314"}, {"id": "03e293b3df9e35eadf15c561196e5557", "number": "3146688085", "date": "2021-01-23 11:26:00", "subject": "2", "recorded-or-robo": "N", "city": "University City", "state": "MO", "area-code": "314"}, {"id": "3decc6bfadaa436a105714c6bad89444", "number": "3324567921", "date": "2021-01-22 15:34:00", "subject": "1", "recorded-or-robo": "Y", "city": "Prairie Grove", "state": "AR", "area-code": "479"}, {"id": "03e293b3df9e35eadf15c561196e511d", "number": "3324567921", "date": "2021-01-22 15:34:00", "subject": "1", "recorded-or-robo": "Y", "city": "Prairie Grove", "state": "AR", "area-code": "479"}, {"id": "3decc6bfadaa436a105714c6bad88f12", "number": "7279149478", "date": "2021-01-24 16:10:00", "subject": "1", "recorded-or-robo": "Y", "city": "St Petersburg", "state": "FL", "area-code": "727"}, {"id": "03e293b3df9e35eadf15c561196e4410", "number": "7279149478", "date": "2021-01-24 16:10:00", "subject": "1", "recorded-or-robo": "Y", "city": "St Petersburg", "state": "FL", "area-code": "727"}, {"id": "3decc6bfadaa436a105714c6bad884c8", "number": "7273726379", "date": "2021-01-24 17:25:00", "subject": "11", "recorded-or-robo": "Y", "city": "Trinity", "state": "FL", "area-code": "727"}, {"id": "03e293b3df9e35eadf15c561196e3627", "number": "7273726379", "date": "2021-01-24 17:25:00", "subject": "11", "recorded-or-robo": "Y", "city": "Trinity", "state": "FL", "area-code": "727"}, {"id": "3decc6bfadaa436a105714c6bad87a06", "number": "7198822153", "date": "2021-01-21 01:12:00", "subject": "2", "recorded-or-robo": "N", "city": "Colorado Springs", "state": "CO", "area-code": "719"}, {"id": "03e293b3df9e35eadf15c561196e284d", "number": "7198822153", "date": "2021-01-21 01:12:00", "subject": "2", "recorded-or-robo": "N", "city": "Colorado Springs", "state": "CO", "area-code": "719"}, {"id": "3decc6bfadaa436a105714c6bad871b8", "number": "9017899998", "date": "2021-01-23 11:09:00", "subject": "1", "recorded-or-robo": "Y", "city": "University City", "state": "MO", "area-code": "314"}, {"id": "03e293b3df9e35eadf15c561196e1fe9", "number": "9017899998", "date": "2021-01-23 11:09:00", "subject": "1", "recorded-or-robo": "Y", "city": "University City", "state": "MO", "area-code": "314"}, {"id": "3decc6bfadaa436a105714c6bad856b0", "number": "3143086640", "date": "2021-01-24 16:05:00", "subject": "3", "recorded-or-robo": "", "city": "", "state": "MO", "area-code": "314"}, {"id": "03e293b3df9e35eadf15c561196e10e6", "number": "3143086640", "date": "2021-01-24 16:05:00", "subject": "3", "recorded-or-robo": "", "city": "", "state": "MO", "area-code": "314"}, {"id": "3decc6bfadaa436a105714c6bad8648d", "number": "7273721764", "date": "2021-01-24 17:13:00", "subject": "11", "recorded-or-robo": "Y", "city": "Trinity", "state": "FL", "area-code": "727"}, {"id": "03e293b3df9e35eadf15c561196e1dc1", "number": "7273721764", "date": "2021-01-24 17:13:00", "subject": "11", "recorded-or-robo": "Y", "city": "Trinity", "state": "FL", "area-code": "727"}, {"id": "3decc6bfadaa436a105714c6bad846ec", "number": "7279148191", "date": "2021-01-24 14:37:00", "subject": "1", "recorded-or-robo": "", "city": "St Petersburg", "state": "FL", "area-code": "727"}, {"id": "03e293b3df9e35eadf15c561196e03b4", "number": "7279148191", "date": "2021-01-24 14:37:00", "subject": "1", "recorded-or-robo": "", "city": "St Petersburg", "state": "FL", "area-code": "727"}, {"id": "3decc6bfadaa436a105714c6bad83be3", "number": "9168553489", "date": "2021-01-21 12:00:00", "subject": "1", "recorded-or-robo": "Y", "city": "San Diego", "state": "CA", "area-code": "619"}, {"id": "03e293b3df9e35eadf15c561196e008c", "number": "9168553489", "date": "2021-01-21 12:00:00", "subject": "1", "recorded-or-robo": "Y", "city": "San Diego", "state": "CA", "area-code": "619"}, {"id": "3decc6bfadaa436a105714c6bad833b4", "number": "3149166883", "date": "2021-01-23 10:37:00", "subject": "2", "recorded-or-robo": "N", "city": "University City", "state": "MO", "area-code": "314"}, {"id": "03e293b3df9e35eadf15c561196df543", "number": "3149166883", "date": "2021-01-23 10:37:00", "subject": "2", "recorded-or-robo": "N", "city": "University City", "state": "MO", "area-code": "314"}, {"id": "3decc6bfadaa436a105714c6bad82ad5", "number": "7273728022", "date": "2021-01-24 16:58:00", "subject": "11", "recorded-or-robo": "Y", "city": "Trinity", "state": "FL", "area-code": "727"}]}