{"data": [{"id": "1d36742e3f24f50e4e7ae828019d412a", "number": "2292017537", "date": "2021-01-18 14:59:00", "subject": "3", "recorded-or-robo": "Y", "city": "Sebastian", "state": "FL", "area-code": "678"}, {"id": "3decc6bfadaa436a105714c6ba05a997", "number": "5067648808", "date": "2021-01-23 08:06:00", "subject": "0", "recorded-or-robo": "Y", "city": "", "state": "WA", "area-code": "509"}, {"id": "1d36742e3f24f50e4e7ae828019d3fbe", "number": "5067648808", "date": "2021-01-23 08:06:00", "subject": "0", "recorded-or-robo": "Y", "city": "", "state": "WA", "area-code": "509"}, {"id": "3decc6bfadaa436a105714c6ba05a5a5", "number": "7207763839", "date": "2021-01-20 08:53:00", "subject": "1", "recorded-or-robo": "Y", "city": "", "state": "CO", "area-code": "303"}, {"id": "1d36742e3f24f50e4e7ae828019d34f3", "number": "7207763839", "date": "2021-01-20 08:53:00", "subject": "1", "recorded-or-robo": "Y", "city": "", "state": "CO", "area-code": "303"}, {"id": "3decc6bfadaa436a105714c6ba0597cf", "number": "8003970091", "date": "2021-01-23 13:07:00", "subject": "2", "recorded-or-robo": "Y", "city": "Amherst", "state": "MA", "area-code": "413"}, {"id": "1d36742e3f24f50e4e7ae828019d26e5", "number": "8003970091", "date": "2021-01-23 13:07:00", "subject": "2", "recorded-or-robo": "Y", "city": "Amherst", "state": "MA", "area-code": "413"}, {"id": "3decc6bfadaa436a105714c6ba059671", "number": "4783370153", "date": "2021-01-23 11:43:00", "subject": "2", "recorded-or-robo": "N", "city": "Spring", "state": "TX", "area-code": "719"}, {"id": "1d36742e3f24f50e4e7ae828019d1bab", "number": "4783370153", "date": "2021-01-23 11:43:00", "subject": "2", "recorded-or-robo": "N", "city": "Spring", "state": "TX", "area-code": "719"}, {"id": "3decc6bfadaa436a105714c6ba059445", "number": "8306259702", "date": "2021-01-16 10:00:00", "subject": "2", "recorded-or-robo": "Y", "city": "New Braunfels", "state": "TX", "area-code": "210"}, {"id": "1d36742e3f24f50e4e7ae828019d0ef0", "number": "8306259702", "date": "2021-01-16 10:00:00", "subject": "2", "recorded-or-robo": "Y", "city": "New Braunfels", "state": "TX", "area-code": "210"}, {"id": "3decc6bfadaa436a105714c6ba058b9a", "number": "8162818391", "date": "2021-01-19 18:20:00", "subject": "2", "recorded-or-robo": "Y", "city": "Sebastian", "state": "FL", "area-code": "678"}, {"id": "3decc6bfadaa436a105714c6ba0582e1", "number": "6077293665", "date": "2021-01-23 11:44:00", "subject": "1", "recorded-or-robo": "Y", "city": "", "state": "NY", "area-code": "607"}, {"id": "1d36742e3f24f50e4e7ae828019d0615", "number": "8162818391", "date": "2021-01-19 18:20:00", "subject": "2", "recorded-or-robo": "Y", "city": "Sebastian", "state": "FL", "area-code": "678"}, {"id": "1d36742e3f24f50e4e7ae828019d02a9", "number": "6077293665", "date": "2021-01-23 11:44:00", "subject": "1", "recorded-or-robo": "Y", "city": "", "state": "NY", "area-code": "607"}, {"id": "3decc6bfadaa436a105714c6ba057d5f", "number": "4043480494", "date": "2021-01-23 13:05:00", "subject": "2", "recorded-or-robo": "Y", "city": "North Augusta", "state": "SC", "area-code": "404"}, {"id": "1d36742e3f24f50e4e7ae828019d0174", "number": "4043480494", "date": "2021-01-23 13:05:00", "subject": "2", "recorded-or-robo": "Y", "city": "North Augusta", "state": "SC", "area-code": "404"}, {"id": "3decc6bfadaa436a105714c6ba057609", "number": "", "date": "2021-01-23 10:36:00", "subject": "1", "recorded-or-robo": "Y", "city": "Coronado", "state": "CA", "area-code": "619"}, {"id": "1d36742e3f24f50e4e7ae828019cfcd2", "number": "", "date": "2021-01-23 10:36:00", "subject": "1", "recorded-or-robo": "Y", "city": "Coronado", "state": "CA", "area-code": "619"}, {"id": "3decc6bfadaa436a105714c6ba0569eb", "number": "2677263832", "date": "2021-01-23 12:51:00", "subject": "0", "recorded-or-robo": "Y", "city": "Annapolis", "state": "MD", "area-code": "267"}, {"id": "1d36742e3f24f50e4e7ae828019cf3ec", "number": "2677263832", "date": "2021-01-23 12:51:00", "subject": "0", "recorded-or-robo": "Y", "city": "Annapolis", "state": "MD", "area-code": "267"}, {"id": "3decc6bfadaa436a105714c6ba05697b", "number": "4697333180", "date": "2021-01-23 12:06:00", "subject": "7", "recorded-or-robo": "Y", "city": "Lewisville", "state": "TX", "area-code": "469"}, {"id": "1d36742e3f24f50e4e7ae828019cec70", "number": "4697333180", "date": "2021-01-23 12:06:00", "subject": "7", "recorded-or-robo": "Y", "city": "Lewisville", "state": "TX", "area-code": "469"}, {"id": "3decc6bfadaa436a105714c6ba05661d", "number": "6468233428", "date": "2021-01-23 11:39:00", "subject": "2", "recorded-or-robo": "Y", "city": "CARY", "state": "NC", "area-code": "919"}, {"id": "1d36742e3f24f50e4e7ae828019ce439", "number": "6468233428", "date": "2021-01-23 11:39:00", "subject": "2", "recorded-or-robo": "Y", "city": "CARY", "state": "NC", "area-code": "919"}, {"id": "3decc6bfadaa436a105714c6ba05638d", "number": "8005503611", "date": "2021-01-21 13:25:00", "subject": "1", "recorded-or-robo": "Y", "city": "", "state": "OR", "area-code": "404"}, {"id": "3decc6bfadaa436a105714c6ba055615", "number": "8589551758", "date": "2021-01-22 10:22:00", "subject": "3", "recorded-or-robo": "Y", "city": "", "state": "NV", "area-code": "702"}, {"id": "1d36742e3f24f50e4e7ae828019cd5d8", "number": "8005503611", "date": "2021-01-21 13:25:00", "subject": "1", "recorded-or-robo": "Y", "city": "", "state": "OR", "area-code": "404"}, {"id": "1d36742e3f24f50e4e7ae828019ccc1f", "number": "8589551758", "date": "2021-01-22 10:22:00", "subject": "3", "recorded-or-robo": "Y", "city": "", "state": "NV", "area-code": "702"}, {"id": "3decc6bfadaa436a105714c6ba0551d2", "number": "2155423009", "date": "2021-01-23 12:58:00", "subject": "2", "recorded-or-robo": "N", "city": "Lake Mary", "state": "FL", "area-code": "407"}, {"id": "1d36742e3f24f50e4e7ae828019cc1af", "number": "2155423009", "date": "2021-01-23 12:58:00", "subject": "2", "recorded-or-robo": "N", "city": "Lake Mary", "state": "FL", "area-code": "407"}, {"id": "3decc6bfadaa436a105714c6ba054e9b", "number": "4047378375", "date": "2021-01-08 17:28:00", "subject": "2", "recorded-or-robo": "N", "city": "Woodstock", "state": "GA", "area-code": "404"}, {"id": "1d36742e3f24f50e4e7ae828019cb7c0", "number": "4047378375", "date": "2021-01-08 17:28:00", "subject": "2", "recorded-or-robo": "N", "city": "Woodstock", "state": "GA", "area-code": "404"}, {"id": "3decc6bfadaa436a105714c6ba053ede", "number": "6789005517", "date": "2021-01-19 09:45:00", "subject": "2", "recorded-or-robo": "Y", "city": "Sebastian", "state": "FL", "area-code": "678"}, {"id": "1d36742e3f24f50e4e7ae828019caa7e", "number": "6789005517", "date": "2021-01-19 09:45:00", "subject": "2", "recorded-or-robo": "Y", "city": "Sebastian", "state": "FL", "area-code": "678"}, {"id": "3decc6bfadaa436a105714c6ba052ef0", "number": "5092154067", "date": "2021-01-19 11:31:00", "subject": "0", "recorded-or-robo": "Y", "city": "", "state": "WA", "area-code": "509"}, {"id": "1d36742e3f24f50e4e7ae828019ca902", "number": "5092154067", "date": "2021-01-19 11:31:00", "subject": "0", "recorded-or-robo": "Y", "city": "", "state": "WA", "area-code": "509"}, {"id": "3decc6bfadaa436a105714c6ba052cca", "number": "3322559050", "date": "2021-01-23 13:02:00", "subject": "4", "recorded-or-robo": "Y", "city": "New York", "state": "NY", "area-code": "212"}, {"id": "1d36742e3f24f50e4e7ae828019c9a48", "number": "3322559050", "date": "2021-01-23 13:02:00", "subject": "4", "recorded-or-robo": "Y", "city": "New York", "state": "NY", "area-code": "212"}, {"id": "3decc6bfadaa436a105714c6ba0522e7", "number": "3144959527", "date": "2021-01-23 12:08:00", "subject": "2", "recorded-or-robo": "Y", "city": "Manchester", "state": "MO", "area-code": "314"}, {"id": "3decc6bfadaa436a105714c6ba05190f", "number": "8062916816", "date": "2021-01-23 12:05:00", "subject": "6", "recorded-or-robo": "Y", "city": "Lineville", "state": "AL", "area-code": "251"}, {"id": "1d36742e3f24f50e4e7ae828019c8d6f", "number": "3144959527", "date": "2021-01-23 12:08:00", "subject": "2", "recorded-or-robo": "Y", "city": "Manchester", "state": "MO", "area-code": "314"}, {"id": "1d36742e3f24f50e4e7ae828019c8b70", "number": "8062916816", "date": "2021-01-23 12:05:00", "subject": "6", "recorded-or-robo": "Y", "city": "Lineville", "state": "AL", "area-code": "251"}, {"id": "3decc6bfadaa436a105714c6ba050afc", "number": "7754371669", "date": "2021-01-21 09:19:00", "subject": "4", "recorded-or-robo": "Y", "city": "", "state": "NV", "area-code": "775"}, {"id": "1d36742e3f24f50e4e7ae828019c7cdc", "number": "7754371669", "date": "2021-01-21 09:19:00", "subject": "4", "recorded-or-robo": "Y", "city": "", "state": "NV", "area-code": "775"}, {"id": "3decc6bfadaa436a105714c6ba04fb9b", "number": "", "date": "2021-01-22 16:16:00", "subject": "2", "recorded-or-robo": "Y", "city": "Lexington", "state": "KY", "area-code": "630"}, {"id": "1d36742e3f24f50e4e7ae828019c7933", "number": "", "date": "2021-01-22 16:16:00", "subject": "2", "recorded-or-robo": "Y", "city": "Lexington", "state": "KY", "area-code": "630"}, {"id": "3decc6bfadaa436a105714c6ba04f97f", "number": "4155494013", "date": "2021-01-22 15:05:00", "subject": "2", "recorded-or-robo": "Y", "city": "", "state": "IN", "area-code": "574"}, {"id": "1d36742e3f24f50e4e7ae828019c78a5", "number": "4155494013", "date": "2021-01-22 15:05:00", "subject": "2", "recorded-or-robo": "Y", "city": "", "state": "IN", "area-code": "574"}, {"id": "3decc6bfadaa436a105714c6ba04f55b", "number": "7702873031", "date": "2021-01-19 18:54:00", "subject": "2", "recorded-or-robo": "Y", "city": "Sebastian", "state": "FL", "area-code": "678"}]}