{"data": [{"id": "1d36742e3f24f50e4e7ae828019699bc", "number": "7197514088", "date": "2021-01-20 11:31:00", "subject": "4", "recorded-or-robo": "Y", "city": "Greeley", "state": "CO", "area-code": "970"}, {"id": "e81c9350d54f66c6d33b3747eeff1440", "number": "6152377263", "date": "2021-01-22 16:26:00", "subject": "2", "recorded-or-robo": "Y", "city": "Pleasant View", "state": "TN", "area-code": "615"}, {"id": "1d36742e3f24f50e4e7ae82801968a44", "number": "6152377263", "date": "2021-01-22 16:26:00", "subject": "2", "recorded-or-robo": "Y", "city": "Pleasant View", "state": "TN", "area-code": "615"}, {"id": "e81c9350d54f66c6d33b3747eeff083f", "number": "9292425763", "date": "2021-01-23 11:47:00", "subject": "4", "recorded-or-robo": "Y", "city": "College Station", "state": "TX", "area-code": "717"}, {"id": "1d36742e3f24f50e4e7ae82801967bf2", "number": "9292425763", "date": "2021-01-23 11:47:00", "subject": "4", "recorded-or-robo": "Y", "city": "College Station", "state": "TX", "area-code": "717"}, {"id": "e81c9350d54f66c6d33b3747eeff020e", "number": "8475825934", "date": "2021-01-20 17:40:00", "subject": "2", "recorded-or-robo": "Y", "city": "", "state": "IL", "area-code": "847"}, {"id": "1d36742e3f24f50e4e7ae82801967a76", "number": "8475825934", "date": "2021-01-20 17:40:00", "subject": "2", "recorded-or-robo": "Y", "city": "", "state": "IL", "area-code": "847"}, {"id": "e81c9350d54f66c6d33b3747eefef3bc", "number": "6514183962", "date": "2021-01-23 12:43:00", "subject": "0", "recorded-or-robo": "Y", "city": "", "state": "FL", "area-code": "561"}, {"id": "1d36742e3f24f50e4e7ae8280196773b", "number": "6514183962", "date": "2021-01-23 12:43:00", "subject": "0", "recorded-or-robo": "Y", "city": "", "state": "FL", "area-code": "561"}, {"id": "e81c9350d54f66c6d33b3747eefee681", "number": "7409019347", "date": "2021-01-22 10:00:00", "subject": "2", "recorded-or-robo": "Y", "city": "San Jose", "state": "CA", "area-code": "408"}, {"id": "1d36742e3f24f50e4e7ae828019669c7", "number": "7409019347", "date": "2021-01-22 10:00:00", "subject": "2", "recorded-or-robo": "Y", "city": "San Jose", "state": "CA", "area-code": "408"}, {"id": "e81c9350d54f66c6d33b3747eefee38b", "number": "2068666518", "date": "2021-01-22 09:49:00", "subject": "0", "recorded-or-robo": "Y", "city": "", "state": "WA", "area-code": "253"}, {"id": "1d36742e3f24f50e4e7ae8280196629b", "number": "2068666518", "date": "2021-01-22 09:49:00", "subject": "0", "recorded-or-robo": "Y", "city": "", "state": "WA", "area-code": "253"}, {"id": "e81c9350d54f66c6d33b3747eefedd7e", "number": "3188433216", "date": "2021-01-22 12:12:00", "subject": "2", "recorded-or-robo": "Y", "city": "Atlanta", "state": "GA", "area-code": "404"}, {"id": "1d36742e3f24f50e4e7ae8280196608c", "number": "3188433216", "date": "2021-01-22 12:12:00", "subject": "2", "recorded-or-robo": "Y", "city": "Atlanta", "state": "GA", "area-code": "404"}, {"id": "e81c9350d54f66c6d33b3747eefed5d6", "number": "2018245840", "date": "2021-01-23 12:21:00", "subject": "2", "recorded-or-robo": "Y", "city": "NJ", "state": "NJ", "area-code": "201"}, {"id": "1d36742e3f24f50e4e7ae82801965aed", "number": "2018245840", "date": "2021-01-23 12:21:00", "subject": "2", "recorded-or-robo": "Y", "city": "NJ", "state": "NJ", "area-code": "201"}, {"id": "e81c9350d54f66c6d33b3747eefecb23", "number": "5203530251", "date": "2021-01-23 10:43:00", "subject": "4", "recorded-or-robo": "Y", "city": "", "state": "MN", "area-code": "763"}, {"id": "1d36742e3f24f50e4e7ae828019651ce", "number": "5203530251", "date": "2021-01-23 10:43:00", "subject": "4", "recorded-or-robo": "Y", "city": "", "state": "MN", "area-code": "763"}, {"id": "e81c9350d54f66c6d33b3747eefec256", "number": "7704572961", "date": "2021-01-23 11:13:00", "subject": "1", "recorded-or-robo": "Y", "city": "Atlanta", "state": "GA", "area-code": "770"}, {"id": "1d36742e3f24f50e4e7ae828019647ae", "number": "7704572961", "date": "2021-01-23 11:13:00", "subject": "1", "recorded-or-robo": "Y", "city": "Atlanta", "state": "GA", "area-code": "770"}, {"id": "e81c9350d54f66c6d33b3747eefeb6d7", "number": "2016495988", "date": "2021-01-23 12:43:00", "subject": "1", "recorded-or-robo": "Y", "city": "", "state": "NJ", "area-code": "201"}, {"id": "1d36742e3f24f50e4e7ae82801964001", "number": "2016495988", "date": "2021-01-23 12:43:00", "subject": "1", "recorded-or-robo": "Y", "city": "", "state": "NJ", "area-code": "201"}, {"id": "e81c9350d54f66c6d33b3747eefeb4ff", "number": "8475106501", "date": "2021-01-20 15:29:00", "subject": "2", "recorded-or-robo": "Y", "city": "", "state": "IL", "area-code": "847"}, {"id": "1d36742e3f24f50e4e7ae8280196328b", "number": "8475106501", "date": "2021-01-20 15:29:00", "subject": "2", "recorded-or-robo": "Y", "city": "", "state": "IL", "area-code": "847"}, {"id": "e81c9350d54f66c6d33b3747eefeb478", "number": "2533876023", "date": "2021-01-22 10:04:00", "subject": "0", "recorded-or-robo": "Y", "city": "", "state": "WA", "area-code": "253"}, {"id": "e81c9350d54f66c6d33b3747eefead92", "number": "6367347231", "date": "2021-01-23 11:41:00", "subject": "11", "recorded-or-robo": "Y", "city": "St. Peter's", "state": "MO", "area-code": "636"}, {"id": "1d36742e3f24f50e4e7ae82801962455", "number": "2533876023", "date": "2021-01-22 10:04:00", "subject": "0", "recorded-or-robo": "Y", "city": "", "state": "WA", "area-code": "253"}, {"id": "1d36742e3f24f50e4e7ae828019614f3", "number": "6367347231", "date": "2021-01-23 11:41:00", "subject": "11", "recorded-or-robo": "Y", "city": "St. Peter's", "state": "MO", "area-code": "636"}, {"id": "3decc6bfadaa436a105714c6ba55e03d", "number": "5854178174", "date": "2021-01-23 12:48:03", "subject": "3", "recorded-or-robo": "Y", "city": "", "state": "NY", "area-code": "347"}, {"id": "1d36742e3f24f50e4e7ae82801ec18a2", "number": "5854178174", "date": "2021-01-23 12:48:03", "subject": "3", "recorded-or-robo": "Y", "city": "", "state": "NY", "area-code": "347"}, {"id": "3decc6bfadaa436a105714c6ba55e1d7", "number": "5854178174", "date": "2021-01-23 12:48:02", "subject": "3", "recorded-or-robo": "Y", "city": "", "state": "NY", "area-code": "347"}, {"id": "1d36742e3f24f50e4e7ae82801ec1f57", "number": "5854178174", "date": "2021-01-23 12:48:02", "subject": "3", "recorded-or-robo": "Y", "city": "", "state": "NY", "area-code": "347"}, {"id": "e81c9350d54f66c6d33b3747eefeaa31", "number": "8137803759", "date": "2021-01-23 12:26:00", "subject": "1", "recorded-or-robo": "Y", "city": "Zephyrhills", "state": "FL", "area-code": "813"}, {"id": "1d36742e3f24f50e4e7ae82801960c1b", "number": "8137803759", "date": "2021-01-23 12:26:00", "subject": "1", "recorded-or-robo": "Y", "city": "Zephyrhills", "state": "FL", "area-code": "813"}, {"id": "e81c9350d54f66c6d33b3747eefe9f82", "number": "7188527848", "date": "2021-01-19 14:19:00", "subject": "1", "recorded-or-robo": "Y", "city": "queens", "state": "NY", "area-code": "718"}, {"id": "1d36742e3f24f50e4e7ae8280195ff5c", "number": "7188527848", "date": "2021-01-19 14:19:00", "subject": "1", "recorded-or-robo": "Y", "city": "queens", "state": "NY", "area-code": "718"}, {"id": "e81c9350d54f66c6d33b3747eefe9cd2", "number": "8023107038", "date": "2021-01-23 10:41:00", "subject": "2", "recorded-or-robo": "N", "city": "Richmont", "state": "VT", "area-code": "802"}, {"id": "1d36742e3f24f50e4e7ae8280195fe76", "number": "8023107038", "date": "2021-01-23 10:41:00", "subject": "2", "recorded-or-robo": "N", "city": "Richmont", "state": "VT", "area-code": "802"}, {"id": "e81c9350d54f66c6d33b3747eefe4fc1", "number": "7579307469", "date": "2021-01-23 12:30:00", "subject": "3", "recorded-or-robo": "N", "city": "", "state": "VA", "area-code": "804"}, {"id": "1d36742e3f24f50e4e7ae8280195b9c7", "number": "7579307469", "date": "2021-01-23 12:30:00", "subject": "3", "recorded-or-robo": "N", "city": "", "state": "VA", "area-code": "804"}, {"id": "e81c9350d54f66c6d33b3747eefe943a", "number": "6365329577", "date": "2021-01-23 11:05:00", "subject": "2", "recorded-or-robo": "Y", "city": "Chesterfield", "state": "MO", "area-code": "636"}, {"id": "1d36742e3f24f50e4e7ae8280195f6b8", "number": "6365329577", "date": "2021-01-23 11:05:00", "subject": "2", "recorded-or-robo": "Y", "city": "Chesterfield", "state": "MO", "area-code": "636"}, {"id": "e81c9350d54f66c6d33b3747eefe9082", "number": "3188433216", "date": "2021-01-22 15:34:00", "subject": "2", "recorded-or-robo": "Y", "city": "Atlanta", "state": "GA", "area-code": "404"}, {"id": "1d36742e3f24f50e4e7ae8280195f23b", "number": "3188433216", "date": "2021-01-22 15:34:00", "subject": "2", "recorded-or-robo": "Y", "city": "Atlanta", "state": "GA", "area-code": "404"}, {"id": "e81c9350d54f66c6d33b3747eefe8b04", "number": "4102998488", "date": "2021-01-23 12:37:00", "subject": "2", "recorded-or-robo": "Y", "city": "Minneola", "state": "FL", "area-code": "352"}, {"id": "1d36742e3f24f50e4e7ae8280195f066", "number": "4102998488", "date": "2021-01-23 12:37:00", "subject": "2", "recorded-or-robo": "Y", "city": "Minneola", "state": "FL", "area-code": "352"}, {"id": "e81c9350d54f66c6d33b3747eefe8775", "number": "7178635235", "date": "2021-01-23 12:41:00", "subject": "7", "recorded-or-robo": "N", "city": "Kearny", "state": "NJ", "area-code": "717"}, {"id": "1d36742e3f24f50e4e7ae8280195e4d0", "number": "7178635235", "date": "2021-01-23 12:41:00", "subject": "7", "recorded-or-robo": "N", "city": "Kearny", "state": "NJ", "area-code": "717"}, {"id": "e81c9350d54f66c6d33b3747eefe7999", "number": "7188527736", "date": "2021-01-20 10:22:00", "subject": "5", "recorded-or-robo": "Y", "city": "queens", "state": "NY", "area-code": "718"}]}