{"data": [{"id": "3decc6bfadaa436a105714c6bafea448", "number": "3013291774", "date": "2021-01-21 15:56:00", "subject": "2", "recorded-or-robo": "Y", "city": "DeBary", "state": "FL", "area-code": "301"}, {"id": "3decc6bfadaa436a105714c6bafea183", "number": "4086682673", "date": "2021-01-26 10:01:00", "subject": "6", "recorded-or-robo": "N", "city": "Manchester", "state": "NH", "area-code": "603"}, {"id": "3decc6bfadaa436a105714c6bafe93a7", "number": "8325168355", "date": "2021-01-26 09:11:00", "subject": "5", "recorded-or-robo": "Y", "city": "Houston", "state": "TX", "area-code": "832"}, {"id": "3decc6bfadaa436a105714c6bafe8cf2", "number": "4086682673", "date": "2021-01-26 10:01:00", "subject": "6", "recorded-or-robo": "N", "city": "Manchester", "state": "NH", "area-code": "603"}, {"id": "3decc6bfadaa436a105714c6bafe8698", "number": "4239730688", "date": "2021-01-25 14:25:00", "subject": "2", "recorded-or-robo": "N", "city": "Morristown", "state": "TN", "area-code": "423"}, {"id": "3decc6bfadaa436a105714c6bafe7c99", "number": "2536208877", "date": "2021-01-13 09:49:00", "subject": "4", "recorded-or-robo": "Y", "city": "Duluth", "state": "GA", "area-code": "214"}, {"id": "3decc6bfadaa436a105714c6bafdf49b", "number": "5163350107", "date": "2021-01-26 10:09:00", "subject": "3", "recorded-or-robo": "", "city": "", "state": "NY", "area-code": "516"}, {"id": "3decc6bfadaa436a105714c6bafe7b91", "number": "5707319746", "date": "2021-01-26 10:07:00", "subject": "4", "recorded-or-robo": "Y", "city": "Hazleton", "state": "PA", "area-code": "570"}, {"id": "3decc6bfadaa436a105714c6bafe7301", "number": "8475510482", "date": "2021-01-20 09:16:00", "subject": "0", "recorded-or-robo": "", "city": "Geneva", "state": "IL", "area-code": "847"}, {"id": "3decc6bfadaa436a105714c6bafe6f0a", "number": "8475737040", "date": "2021-01-26 09:09:00", "subject": "3", "recorded-or-robo": "Y", "city": "", "state": "IL", "area-code": "847"}, {"id": "3decc6bfadaa436a105714c6bafe648a", "number": "8444930834", "date": "2021-01-26 09:57:00", "subject": "3", "recorded-or-robo": "Y", "city": "", "state": "FL", "area-code": "954"}, {"id": "3decc6bfadaa436a105714c6bafe5c0f", "number": "8033964643", "date": "2021-01-26 09:52:00", "subject": "2", "recorded-or-robo": "N", "city": "", "state": "SC", "area-code": "803"}, {"id": "3decc6bfadaa436a105714c6bafe55a8", "number": "3203171429", "date": "2021-01-26 00:00:00", "subject": "4", "recorded-or-robo": "Y", "city": "Lawrenceville", "state": "GA", "area-code": "404"}, {"id": "3decc6bfadaa436a105714c6bafe478c", "number": "2563491665", "date": "2021-01-26 09:10:00", "subject": "4", "recorded-or-robo": "N", "city": "Talladega", "state": "AL", "area-code": "256"}, {"id": "3decc6bfadaa436a105714c6bafe3a95", "number": "8648548159", "date": "2021-01-25 09:52:00", "subject": "0", "recorded-or-robo": "N", "city": "Mauldin", "state": "SC", "area-code": "864"}, {"id": "3decc6bfadaa436a105714c6bafe2c9c", "number": "6234739046", "date": "2021-01-21 13:20:00", "subject": "4", "recorded-or-robo": "Y", "city": "GOODYEAR", "state": "AZ", "area-code": "623"}, {"id": "3decc6bfadaa436a105714c6bafe250d", "number": "3013291774", "date": "2021-01-21 13:16:00", "subject": "2", "recorded-or-robo": "Y", "city": "DeBary", "state": "FL", "area-code": "301"}, {"id": "3decc6bfadaa436a105714c6bafe1b48", "number": "5137578230", "date": "2021-01-25 16:34:00", "subject": "0", "recorded-or-robo": "Y", "city": "Reading", "state": "OH", "area-code": "513"}, {"id": "3decc6bfadaa436a105714c6bafe162e", "number": "5418385137", "date": "2021-01-26 10:11:00", "subject": "4", "recorded-or-robo": "Y", "city": "Williamston", "state": "MI", "area-code": "248"}, {"id": "3decc6bfadaa436a105714c6bafe0cfe", "number": "", "date": "2021-01-26 10:01:00", "subject": "1", "recorded-or-robo": "Y", "city": "Huntly", "state": "VA", "area-code": "540"}, {"id": "3decc6bfadaa436a105714c6bafe0636", "number": "9123887884", "date": "2021-01-26 10:07:00", "subject": "4", "recorded-or-robo": "Y", "city": "New York", "state": "NY", "area-code": "646"}, {"id": "3decc6bfadaa436a105714c6bafe00af", "number": "5139040796", "date": "2021-01-26 00:00:00", "subject": "0", "recorded-or-robo": "N", "city": "Dayton", "state": "OH", "area-code": "513"}, {"id": "3decc6bfadaa436a105714c6bafde709", "number": "", "date": "2021-01-26 08:40:00", "subject": "1", "recorded-or-robo": "Y", "city": "Newbern", "state": "TN", "area-code": "731"}, {"id": "3decc6bfadaa436a105714c6bafde11b", "number": "5724855845", "date": "2021-01-13 06:27:00", "subject": "4", "recorded-or-robo": "Y", "city": "Duluth", "state": "GA", "area-code": "214"}, {"id": "3decc6bfadaa436a105714c6bafddfdb", "number": "3393384663", "date": "2021-01-26 10:09:00", "subject": "7", "recorded-or-robo": "Y", "city": "", "state": "MA", "area-code": "978"}, {"id": "3decc6bfadaa436a105714c6bafdddc3", "number": "2108571284", "date": "2021-01-25 12:18:00", "subject": "1", "recorded-or-robo": "Y", "city": "Colorado Springs", "state": "TX", "area-code": "210"}, {"id": "3decc6bfadaa436a105714c6bafddd36", "number": "6167946033", "date": "2021-01-26 09:47:00", "subject": "2", "recorded-or-robo": "", "city": "Grand Rapids", "state": "MI", "area-code": "616"}, {"id": "3decc6bfadaa436a105714c6bafdd558", "number": "2186568205", "date": "2021-01-26 10:11:00", "subject": "2", "recorded-or-robo": "Y", "city": "Flemingsburg", "state": "KY", "area-code": "606"}, {"id": "3decc6bfadaa436a105714c6bafdc840", "number": "8008922253", "date": "2021-01-25 18:42:00", "subject": "0", "recorded-or-robo": "Y", "city": "Reading", "state": "OH", "area-code": "513"}, {"id": "3decc6bfadaa436a105714c6bafdc006", "number": "9864008977", "date": "2021-01-26 06:50:00", "subject": "5", "recorded-or-robo": "Y", "city": "Anaheim", "state": "CA", "area-code": "714"}, {"id": "3decc6bfadaa436a105714c6bafd20ad", "number": "", "date": "2021-01-26 10:05:00", "subject": "3", "recorded-or-robo": "N", "city": "", "state": "NJ", "area-code": "973"}, {"id": "3decc6bfadaa436a105714c6bafdbce4", "number": "6234739046", "date": "2021-01-21 11:07:00", "subject": "4", "recorded-or-robo": "Y", "city": "GOODYEAR", "state": "AZ", "area-code": "623"}, {"id": "3decc6bfadaa436a105714c6bafdb189", "number": "8153882269", "date": "2021-01-25 11:54:00", "subject": "2", "recorded-or-robo": "Y", "city": "MOUNT PLEASANT", "state": "SC", "area-code": "815"}, {"id": "3decc6bfadaa436a105714c6bafcf0c2", "number": "2405580685", "date": "2021-01-26 10:00:00", "subject": "3", "recorded-or-robo": "", "city": "", "state": "MD", "area-code": "240"}, {"id": "3decc6bfadaa436a105714c6bafdab48", "number": "2628246314", "date": "2021-01-26 10:09:00", "subject": "4", "recorded-or-robo": "Y", "city": "Rapid City", "state": "MI", "area-code": "734"}, {"id": "3decc6bfadaa436a105714c6bafd9d86", "number": "6419463167", "date": "2021-01-26 09:05:00", "subject": "4", "recorded-or-robo": "Y", "city": "Bettendorf", "state": "IA", "area-code": "563"}, {"id": "3decc6bfadaa436a105714c6bafd9544", "number": "3013291774", "date": "2021-01-21 10:09:00", "subject": "2", "recorded-or-robo": "Y", "city": "DeBary", "state": "FL", "area-code": "301"}, {"id": "3decc6bfadaa436a105714c6bafd8f72", "number": "3216216150", "date": "2021-01-25 17:49:00", "subject": "0", "recorded-or-robo": "N", "city": "", "state": "FL", "area-code": "321"}, {"id": "3decc6bfadaa436a105714c6bafd8d18", "number": "7156766778", "date": "2021-01-26 09:08:00", "subject": "0", "recorded-or-robo": "N", "city": "", "state": "WI", "area-code": "715"}, {"id": "3decc6bfadaa436a105714c6bafd84b6", "number": "8316452454", "date": "2021-01-25 12:52:00", "subject": "1", "recorded-or-robo": "Y", "city": "lees summit", "state": "MO", "area-code": "816"}, {"id": "3decc6bfadaa436a105714c6bafd77d3", "number": "8649003572", "date": "2021-01-23 16:11:00", "subject": "0", "recorded-or-robo": "N", "city": "Mauldin", "state": "SC", "area-code": "864"}, {"id": "3decc6bfadaa436a105714c6bafd731f", "number": "9289705228", "date": "2021-01-26 10:08:00", "subject": "2", "recorded-or-robo": "Y", "city": "Woodbridge", "state": "CT", "area-code": "203"}, {"id": "3decc6bfadaa436a105714c6bafd6422", "number": "2074368125", "date": "2021-01-26 10:06:00", "subject": "4", "recorded-or-robo": "Y", "city": "", "state": "ME", "area-code": "207"}, {"id": "3decc6bfadaa436a105714c6bafd57bc", "number": "2086723970", "date": "2021-01-26 08:09:00", "subject": "4", "recorded-or-robo": "Y", "city": "", "state": "ID", "area-code": "208"}, {"id": "3decc6bfadaa436a105714c6bafd4981", "number": "8632234273", "date": "2021-01-26 10:04:00", "subject": "4", "recorded-or-robo": "Y", "city": "", "state": "NY", "area-code": "646"}, {"id": "3decc6bfadaa436a105714c6bafd3f1d", "number": "3184264634", "date": "2021-01-25 16:22:00", "subject": "2", "recorded-or-robo": "Y", "city": "Ringgold", "state": "LA", "area-code": "318"}, {"id": "3decc6bfadaa436a105714c6bafd3018", "number": "5184696337", "date": "2021-01-26 10:07:00", "subject": "1", "recorded-or-robo": "", "city": "Malta", "state": "NY", "area-code": "518"}, {"id": "3decc6bfadaa436a105714c6bafd196c", "number": "2108792741", "date": "2021-01-26 07:50:00", "subject": "1", "recorded-or-robo": "Y", "city": "Colorado Springs", "state": "TX", "area-code": "210"}, {"id": "3decc6bfadaa436a105714c6bafd1080", "number": "3202808173", "date": "2021-01-26 10:08:00", "subject": "4", "recorded-or-robo": "Y", "city": "", "state": "NY", "area-code": "716"}, {"id": "3decc6bfadaa436a105714c6bafd0a11", "number": "6192155849", "date": "2021-01-26 06:08:00", "subject": "2", "recorded-or-robo": "N", "city": "SAN DIEGO", "state": "CA", "area-code": "619"}]}