{"data": [{"id": "03e293b3df9e35eadf15c561196d13e7", "number": "4133453183", "date": "2021-01-09 13:00:00", "subject": "2", "recorded-or-robo": "Y", "city": "", "state": "RI", "area-code": "401"}, {"id": "3decc6bfadaa436a105714c6bad769c1", "number": "4092421858", "date": "2021-01-23 10:32:00", "subject": "2", "recorded-or-robo": "N", "city": "El cajon", "state": "CA", "area-code": "619"}, {"id": "03e293b3df9e35eadf15c561196d0fff", "number": "4092421858", "date": "2021-01-23 10:32:00", "subject": "2", "recorded-or-robo": "N", "city": "El cajon", "state": "CA", "area-code": "619"}, {"id": "3decc6bfadaa436a105714c6bad76731", "number": "5714984982", "date": "2021-01-09 13:00:00", "subject": "2", "recorded-or-robo": "Y", "city": "", "state": "RI", "area-code": "401"}, {"id": "03e293b3df9e35eadf15c561196d0479", "number": "5714984982", "date": "2021-01-09 13:00:00", "subject": "2", "recorded-or-robo": "Y", "city": "", "state": "RI", "area-code": "401"}, {"id": "3decc6bfadaa436a105714c6bad7582f", "number": "7273727829", "date": "2021-01-24 14:07:00", "subject": "11", "recorded-or-robo": "Y", "city": "Trinity", "state": "FL", "area-code": "727"}, {"id": "03e293b3df9e35eadf15c561196d0402", "number": "7273727829", "date": "2021-01-24 14:07:00", "subject": "11", "recorded-or-robo": "Y", "city": "Trinity", "state": "FL", "area-code": "727"}, {"id": "3decc6bfadaa436a105714c6bad753b4", "number": "6193500998", "date": "2021-01-23 09:16:00", "subject": "2", "recorded-or-robo": "Y", "city": "El cajon", "state": "CA", "area-code": "619"}, {"id": "03e293b3df9e35eadf15c561196d01d9", "number": "6193500998", "date": "2021-01-23 09:16:00", "subject": "2", "recorded-or-robo": "Y", "city": "El cajon", "state": "CA", "area-code": "619"}, {"id": "3decc6bfadaa436a105714c6bad74404", "number": "3143170189", "date": "2021-01-22 20:47:00", "subject": "1", "recorded-or-robo": "Y", "city": "Edmond", "state": "OK", "area-code": "405"}, {"id": "03e293b3df9e35eadf15c561196cf6d5", "number": "3143170189", "date": "2021-01-22 20:47:00", "subject": "1", "recorded-or-robo": "Y", "city": "Edmond", "state": "OK", "area-code": "405"}, {"id": "3decc6bfadaa436a105714c6bad740a9", "number": "302661904", "date": "2021-01-14 11:12:00", "subject": "1", "recorded-or-robo": "Y", "city": "Spartanburg", "state": "SC", "area-code": "864"}, {"id": "03e293b3df9e35eadf15c561196ce982", "number": "302661904", "date": "2021-01-14 11:12:00", "subject": "1", "recorded-or-robo": "Y", "city": "Spartanburg", "state": "SC", "area-code": "864"}, {"id": "3decc6bfadaa436a105714c6bad73cac", "number": "8135032260", "date": "2021-01-24 15:41:00", "subject": "1", "recorded-or-robo": "Y", "city": "Land O Lakes", "state": "FL", "area-code": "813"}, {"id": "03e293b3df9e35eadf15c561196cdf39", "number": "8135032260", "date": "2021-01-24 15:41:00", "subject": "1", "recorded-or-robo": "Y", "city": "Land O Lakes", "state": "FL", "area-code": "813"}, {"id": "3decc6bfadaa436a105714c6bad72e1f", "number": "4053854197", "date": "2021-01-23 09:19:00", "subject": "2", "recorded-or-robo": "N", "city": "Edmond", "state": "OK", "area-code": "405"}, {"id": "3decc6bfadaa436a105714c6bad72a7d", "number": "4793390716", "date": "2021-01-24 17:01:00", "subject": "8", "recorded-or-robo": "Y", "city": "", "state": "AR", "area-code": "479"}, {"id": "03e293b3df9e35eadf15c561196cd393", "number": "4053854197", "date": "2021-01-23 09:19:00", "subject": "2", "recorded-or-robo": "N", "city": "Edmond", "state": "OK", "area-code": "405"}, {"id": "03e293b3df9e35eadf15c561196cd2f8", "number": "4793390716", "date": "2021-01-24 17:01:00", "subject": "8", "recorded-or-robo": "Y", "city": "", "state": "AR", "area-code": "479"}, {"id": "3decc6bfadaa436a105714c6bad71d99", "number": "3214458872", "date": "2021-01-23 15:29:00", "subject": "1", "recorded-or-robo": "Y", "city": "Edmond", "state": "OK", "area-code": "405"}, {"id": "03e293b3df9e35eadf15c561196cc506", "number": "3214458872", "date": "2021-01-23 15:29:00", "subject": "1", "recorded-or-robo": "Y", "city": "Edmond", "state": "OK", "area-code": "405"}, {"id": "3decc6bfadaa436a105714c6bad71545", "number": "3152328257", "date": "2021-01-22 12:00:00", "subject": "11", "recorded-or-robo": "Y", "city": "O Fallon", "state": "MO", "area-code": "636"}, {"id": "03e293b3df9e35eadf15c561196cc4d2", "number": "3152328257", "date": "2021-01-22 12:00:00", "subject": "11", "recorded-or-robo": "Y", "city": "O Fallon", "state": "MO", "area-code": "636"}, {"id": "3decc6bfadaa436a105714c6bad71336", "number": "7273448013", "date": "2021-01-22 17:57:00", "subject": "0", "recorded-or-robo": "N", "city": "Trinity", "state": "FL", "area-code": "727"}, {"id": "03e293b3df9e35eadf15c561196cc154", "number": "7273448013", "date": "2021-01-22 17:57:00", "subject": "0", "recorded-or-robo": "N", "city": "Trinity", "state": "FL", "area-code": "727"}, {"id": "3decc6bfadaa436a105714c6bad70ebe", "number": "9167267361", "date": "2021-01-24 18:21:00", "subject": "1", "recorded-or-robo": "Y", "city": "citrus heights.", "state": "CA", "area-code": "916"}, {"id": "03e293b3df9e35eadf15c561196cbeeb", "number": "9167267361", "date": "2021-01-24 18:21:00", "subject": "1", "recorded-or-robo": "Y", "city": "citrus heights.", "state": "CA", "area-code": "916"}, {"id": "3decc6bfadaa436a105714c6bad705c7", "number": "8189572786", "date": "2021-01-24 17:49:00", "subject": "3", "recorded-or-robo": "N", "city": "", "state": "CA", "area-code": "818"}, {"id": "03e293b3df9e35eadf15c561196cbe98", "number": "8189572786", "date": "2021-01-24 17:49:00", "subject": "3", "recorded-or-robo": "N", "city": "", "state": "CA", "area-code": "818"}, {"id": "3decc6bfadaa436a105714c6bad702c6", "number": "4056999921", "date": "2021-01-23 16:38:00", "subject": "2", "recorded-or-robo": "N", "city": "Edmond", "state": "OK", "area-code": "405"}, {"id": "03e293b3df9e35eadf15c561196cb496", "number": "4056999921", "date": "2021-01-23 16:38:00", "subject": "2", "recorded-or-robo": "N", "city": "Edmond", "state": "OK", "area-code": "405"}, {"id": "3decc6bfadaa436a105714c6bad6fe70", "number": "4147319717", "date": "2021-01-21 08:22:00", "subject": "0", "recorded-or-robo": "N", "city": "Minneapolis", "state": "MN", "area-code": "414"}, {"id": "03e293b3df9e35eadf15c561196cacb3", "number": "4147319717", "date": "2021-01-21 08:22:00", "subject": "0", "recorded-or-robo": "N", "city": "Minneapolis", "state": "MN", "area-code": "414"}, {"id": "3decc6bfadaa436a105714c6bad6ef3a", "number": "7274341208", "date": "2021-01-22 14:05:00", "subject": "0", "recorded-or-robo": "N", "city": "Trinity", "state": "FL", "area-code": "727"}, {"id": "03e293b3df9e35eadf15c561196cacb2", "number": "7274341208", "date": "2021-01-22 14:05:00", "subject": "0", "recorded-or-robo": "N", "city": "Trinity", "state": "FL", "area-code": "727"}, {"id": "3decc6bfadaa436a105714c6bad6e62e", "number": "", "date": "2021-01-24 00:00:00", "subject": "3", "recorded-or-robo": "Y", "city": "", "state": "NY", "area-code": "845"}, {"id": "03e293b3df9e35eadf15c561196ca24a", "number": "", "date": "2021-01-24 00:00:00", "subject": "3", "recorded-or-robo": "Y", "city": "", "state": "NY", "area-code": "845"}, {"id": "3decc6bfadaa436a105714c6bad6e51a", "number": "4142899154", "date": "2021-01-21 09:40:00", "subject": "0", "recorded-or-robo": "N", "city": "Minneapolis", "state": "WI", "area-code": "414"}, {"id": "03e293b3df9e35eadf15c561196c9d12", "number": "4142899154", "date": "2021-01-21 09:40:00", "subject": "0", "recorded-or-robo": "N", "city": "Minneapolis", "state": "WI", "area-code": "414"}, {"id": "3decc6bfadaa436a105714c6bad6e484", "number": "3146045302", "date": "2021-01-23 11:26:00", "subject": "11", "recorded-or-robo": "Y", "city": "", "state": "MO", "area-code": "314"}, {"id": "03e293b3df9e35eadf15c561196c993a", "number": "3146045302", "date": "2021-01-23 11:26:00", "subject": "11", "recorded-or-robo": "Y", "city": "", "state": "MO", "area-code": "314"}, {"id": "3decc6bfadaa436a105714c6bad6da5d", "number": "3146045302", "date": "2021-01-24 18:12:00", "subject": "11", "recorded-or-robo": "Y", "city": "", "state": "TN", "area-code": "615"}, {"id": "03e293b3df9e35eadf15c561196c9790", "number": "3146045302", "date": "2021-01-24 18:12:00", "subject": "11", "recorded-or-robo": "Y", "city": "", "state": "TN", "area-code": "615"}, {"id": "3decc6bfadaa436a105714c6bad6d1fb", "number": "4147312137", "date": "2021-01-21 10:25:00", "subject": "0", "recorded-or-robo": "N", "city": "Minneapolis", "state": "MN", "area-code": "414"}, {"id": "03e293b3df9e35eadf15c561196c8ed3", "number": "4147312137", "date": "2021-01-21 10:25:00", "subject": "0", "recorded-or-robo": "N", "city": "Minneapolis", "state": "MN", "area-code": "414"}, {"id": "3decc6bfadaa436a105714c6bad6c2cd", "number": "9722437193", "date": "2021-01-24 00:00:00", "subject": "2", "recorded-or-robo": "Y", "city": "FARMERS BRANCH", "state": "TX", "area-code": "972"}, {"id": "03e293b3df9e35eadf15c561196c8d34", "number": "9722437193", "date": "2021-01-24 00:00:00", "subject": "2", "recorded-or-robo": "Y", "city": "FARMERS BRANCH", "state": "TX", "area-code": "972"}, {"id": "3decc6bfadaa436a105714c6bad6bb31", "number": "", "date": "2021-01-24 00:00:00", "subject": "3", "recorded-or-robo": "Y", "city": "", "state": "NY", "area-code": "845"}, {"id": "03e293b3df9e35eadf15c561196c7df7", "number": "", "date": "2021-01-24 00:00:00", "subject": "3", "recorded-or-robo": "Y", "city": "", "state": "NY", "area-code": "845"}, {"id": "3decc6bfadaa436a105714c6bad6adac", "number": "8885826870", "date": "2021-01-24 11:13:00", "subject": "4", "recorded-or-robo": "Y", "city": "FORT WORTH", "state": "TX", "area-code": "817"}]}