{"data": [{"id": "3decc6bfadaa436a105714c6bae73446", "number": "2675708321", "date": "2021-01-02 09:00:00", "subject": "0", "recorded-or-robo": "", "city": "", "state": "NY", "area-code": "631"}, {"id": "3decc6bfadaa436a105714c6bae727ca", "number": "9105059038", "date": "2021-01-26 08:15:00", "subject": "2", "recorded-or-robo": "N", "city": "", "state": "NC", "area-code": "910"}, {"id": "3decc6bfadaa436a105714c6bae71cd7", "number": "6033665692", "date": "2021-01-26 08:20:00", "subject": "16", "recorded-or-robo": "N", "city": "", "state": "NH", "area-code": "603"}, {"id": "3decc6bfadaa436a105714c6bae71880", "number": "", "date": "2021-01-25 15:27:00", "subject": "1", "recorded-or-robo": "Y", "city": "Plainwell", "state": "MI", "area-code": "269"}, {"id": "3decc6bfadaa436a105714c6bae70e70", "number": "4028354974", "date": "2021-01-25 13:31:00", "subject": "2", "recorded-or-robo": "", "city": "", "state": "NE", "area-code": "402"}, {"id": "3decc6bfadaa436a105714c6bae70186", "number": "7708973994", "date": "2021-01-26 08:00:00", "subject": "1", "recorded-or-robo": "Y", "city": "senoia", "state": "GA", "area-code": "770"}, {"id": "3decc6bfadaa436a105714c6bae6fbeb", "number": "9105059038", "date": "2021-01-26 08:15:00", "subject": "2", "recorded-or-robo": "N", "city": "", "state": "NC", "area-code": "910"}, {"id": "3decc6bfadaa436a105714c6bae6f9b5", "number": "2082022421", "date": "2021-01-25 13:02:00", "subject": "2", "recorded-or-robo": "", "city": "BAXLEY", "state": "GA", "area-code": "912"}, {"id": "3decc6bfadaa436a105714c6bae6f3eb", "number": "3373673077", "date": "2021-01-25 16:27:00", "subject": "2", "recorded-or-robo": "", "city": "", "state": "NE", "area-code": "402"}, {"id": "3decc6bfadaa436a105714c6bae6f0d8", "number": "2546808436", "date": "2021-01-25 16:25:00", "subject": "3", "recorded-or-robo": "Y", "city": "", "state": "TX", "area-code": "254"}, {"id": "3decc6bfadaa436a105714c6bae6e47b", "number": "7274932203", "date": "2021-01-26 08:11:00", "subject": "13", "recorded-or-robo": "N", "city": "Hudson", "state": "FL", "area-code": "727"}, {"id": "3decc6bfadaa436a105714c6bae6de8c", "number": "3528332738", "date": "2021-01-25 17:01:00", "subject": "1", "recorded-or-robo": "N", "city": "Rochester", "state": "NY", "area-code": "585"}, {"id": "3decc6bfadaa436a105714c6bae6d273", "number": "7184324000", "date": "2021-01-26 08:13:00", "subject": "2", "recorded-or-robo": "Y", "city": "Yorktown Heights", "state": "NY", "area-code": "914"}, {"id": "3decc6bfadaa436a105714c6bae6c974", "number": "4014066301", "date": "2021-01-25 16:41:00", "subject": "5", "recorded-or-robo": "Y", "city": "", "state": "RI", "area-code": "401"}, {"id": "3decc6bfadaa436a105714c6bae6bc84", "number": "8474268085", "date": "2021-01-26 08:01:00", "subject": "0", "recorded-or-robo": "Y", "city": "", "state": "NY", "area-code": "516"}, {"id": "3decc6bfadaa436a105714c6bae6af76", "number": "4017382976", "date": "2021-01-25 20:00:00", "subject": "2", "recorded-or-robo": "N", "city": "", "state": "RI", "area-code": "401"}, {"id": "3decc6bfadaa436a105714c6bae6ada1", "number": "4108264768", "date": "2021-01-26 08:09:00", "subject": "2", "recorded-or-robo": "Y", "city": "Timonium", "state": "MD", "area-code": "443"}, {"id": "3decc6bfadaa436a105714c6bae6a2e5", "number": "2314628112", "date": "2021-01-23 14:41:00", "subject": "4", "recorded-or-robo": "Y", "city": "Rapid City", "state": "MI", "area-code": "734"}, {"id": "3decc6bfadaa436a105714c6bae69d94", "number": "7184299279", "date": "2021-01-25 13:41:00", "subject": "3", "recorded-or-robo": "Y", "city": "", "state": "NY", "area-code": "718"}, {"id": "3decc6bfadaa436a105714c6bae690e0", "number": "5706346130", "date": "2021-01-26 08:05:00", "subject": "2", "recorded-or-robo": "Y", "city": "Berwick", "state": "PA", "area-code": "570"}, {"id": "3decc6bfadaa436a105714c6bae68aaa", "number": "7185108476", "date": "2021-01-25 14:59:00", "subject": "3", "recorded-or-robo": "Y", "city": "", "state": "NY", "area-code": "718"}, {"id": "3decc6bfadaa436a105714c6bae68210", "number": "8592236665", "date": "2021-01-25 19:00:00", "subject": "2", "recorded-or-robo": "Y", "city": "Nicholasville", "state": "KY", "area-code": "859"}, {"id": "3decc6bfadaa436a105714c6bae677b2", "number": "", "date": "2021-01-25 17:43:00", "subject": "2", "recorded-or-robo": "Y", "city": "Nicholasville", "state": "KY", "area-code": "859"}, {"id": "3decc6bfadaa436a105714c6bae6683d", "number": "2137860662", "date": "2021-01-26 07:54:00", "subject": "0", "recorded-or-robo": "N", "city": "", "state": "NY", "area-code": "631"}, {"id": "3decc6bfadaa436a105714c6bae66712", "number": "7577655189", "date": "2021-01-25 17:40:00", "subject": "0", "recorded-or-robo": "Y", "city": "", "state": "VA", "area-code": "703"}, {"id": "3decc6bfadaa436a105714c6bae661de", "number": "9097641324", "date": "2021-01-25 17:34:00", "subject": "2", "recorded-or-robo": "Y", "city": "Nicholasville", "state": "KY", "area-code": "859"}, {"id": "3decc6bfadaa436a105714c6bae65be5", "number": "8599270208", "date": "2021-01-25 17:33:00", "subject": "2", "recorded-or-robo": "Y", "city": "Nicholasville", "state": "KY", "area-code": "859"}, {"id": "3decc6bfadaa436a105714c6bae654df", "number": "5853966770", "date": "2021-01-25 12:00:00", "subject": "2", "recorded-or-robo": "N", "city": "CANANDAIGUA", "state": "NY", "area-code": "585"}, {"id": "3decc6bfadaa436a105714c6bae65116", "number": "", "date": "2021-01-25 17:28:00", "subject": "2", "recorded-or-robo": "Y", "city": "Nicholasville", "state": "KY", "area-code": "859"}, {"id": "3decc6bfadaa436a105714c6bae648b6", "number": "6314754884", "date": "2021-01-25 18:02:00", "subject": "7", "recorded-or-robo": "Y", "city": "MEDFORD", "state": "NY", "area-code": "631"}, {"id": "3decc6bfadaa436a105714c6bae63d9e", "number": "9149992293", "date": "2021-01-25 16:06:00", "subject": "2", "recorded-or-robo": "Y", "city": "Groveport", "state": "OH", "area-code": "614"}, {"id": "3decc6bfadaa436a105714c6bae6352e", "number": "8335361100", "date": "2021-01-25 17:17:00", "subject": "2", "recorded-or-robo": "Y", "city": "Nicholasville", "state": "KY", "area-code": "859"}, {"id": "3decc6bfadaa436a105714c6bae62cbe", "number": "", "date": "2021-01-25 15:53:00", "subject": "2", "recorded-or-robo": "Y", "city": "Nicholasville", "state": "KY", "area-code": "859"}, {"id": "3decc6bfadaa436a105714c6bae62a2e", "number": "", "date": "2021-01-25 22:02:00", "subject": "11", "recorded-or-robo": "Y", "city": "", "state": "GA", "area-code": "404"}, {"id": "3decc6bfadaa436a105714c6bae6288c", "number": "2694291040", "date": "2021-01-20 11:00:00", "subject": "2", "recorded-or-robo": "Y", "city": "Mi", "state": "MI", "area-code": "616"}, {"id": "3decc6bfadaa436a105714c6bae6104c", "number": "9120486854", "date": "2021-01-25 15:16:00", "subject": "3", "recorded-or-robo": "", "city": "", "state": "SC", "area-code": "843"}, {"id": "3decc6bfadaa436a105714c6bae6196e", "number": "2033900849", "date": "2021-01-25 19:00:00", "subject": "2", "recorded-or-robo": "", "city": "", "state": "CT", "area-code": "203"}, {"id": "3decc6bfadaa436a105714c6bae60301", "number": "5136423337", "date": "2021-01-25 18:21:00", "subject": "4", "recorded-or-robo": "Y", "city": "Parma", "state": "OH", "area-code": "216"}, {"id": "3decc6bfadaa436a105714c6bae5edfc", "number": "8433484107", "date": "2021-01-25 17:41:00", "subject": "3", "recorded-or-robo": "", "city": "", "state": "SC", "area-code": "843"}, {"id": "3decc6bfadaa436a105714c6bae5f591", "number": "8505221857", "date": "2021-01-25 13:00:00", "subject": "7", "recorded-or-robo": "Y", "city": "Pensacola", "state": "FL", "area-code": "850"}, {"id": "3decc6bfadaa436a105714c6bae5e107", "number": "2168033115", "date": "2021-01-25 17:55:00", "subject": "4", "recorded-or-robo": "Y", "city": "Parma", "state": "OH", "area-code": "216"}, {"id": "3decc6bfadaa436a105714c6bae5d1c4", "number": "7167402459", "date": "2021-01-14 16:39:00", "subject": "2", "recorded-or-robo": "Y", "city": "Niagara Falls", "state": "NY", "area-code": "716"}, {"id": "3decc6bfadaa436a105714c6bae5d1ab", "number": "7166466504", "date": "2021-01-13 16:54:00", "subject": "2", "recorded-or-robo": "Y", "city": "Niagara Falls", "state": "NY", "area-code": "716"}, {"id": "3decc6bfadaa436a105714c6bae5cec9", "number": "8508059696", "date": "2021-01-25 15:45:00", "subject": "7", "recorded-or-robo": "Y", "city": "Pensacola", "state": "FL", "area-code": "850"}, {"id": "3decc6bfadaa436a105714c6bae5c480", "number": "5855100691", "date": "2021-01-13 16:11:00", "subject": "2", "recorded-or-robo": "Y", "city": "Niagara Falls", "state": "NY", "area-code": "716"}, {"id": "3decc6bfadaa436a105714c6bae5bfb7", "number": "112154417001412", "date": "2021-01-13 15:43:00", "subject": "2", "recorded-or-robo": "Y", "city": "Niagara Falls", "state": "NY", "area-code": "716"}, {"id": "3decc6bfadaa436a105714c6bae5b643", "number": "7163310133", "date": "2021-01-25 11:00:00", "subject": "2", "recorded-or-robo": "Y", "city": "Niagara Falls", "state": "NY", "area-code": "716"}, {"id": "3decc6bfadaa436a105714c6bae5adbf", "number": "8472589940", "date": "2021-01-25 16:39:00", "subject": "4", "recorded-or-robo": "Y", "city": "Long Grove", "state": "IL", "area-code": "847"}, {"id": "3decc6bfadaa436a105714c6bae5a9e5", "number": "4582289947", "date": "2021-01-26 12:00:00", "subject": "6", "recorded-or-robo": "N", "city": "Fort Myers", "state": "FL", "area-code": "239"}, {"id": "3decc6bfadaa436a105714c6bae5a90f", "number": "3018683550", "date": "2021-01-25 00:00:00", "subject": "1", "recorded-or-robo": "N", "city": "", "state": "MD", "area-code": "301"}]}