{"data": [{"id": "03e293b3df9e35eadf15c56119461eec", "number": "6052296217", "date": "2021-01-22 13:25:00", "subject": "0", "recorded-or-robo": "N", "city": "Pittsburgh", "state": "PA", "area-code": "412"}, {"id": "3decc6bfadaa436a105714c6baafe046", "number": "8185627872", "date": "2021-01-24 11:54:00", "subject": "3", "recorded-or-robo": "N", "city": "", "state": "CA", "area-code": "818"}, {"id": "03e293b3df9e35eadf15c561194614e5", "number": "8185627872", "date": "2021-01-24 11:54:00", "subject": "3", "recorded-or-robo": "N", "city": "", "state": "CA", "area-code": "818"}, {"id": "3decc6bfadaa436a105714c6baafe9d8", "number": "7205104852", "date": "2021-01-21 16:51:00", "subject": "3", "recorded-or-robo": "Y", "city": "", "state": "CO", "area-code": "303"}, {"id": "03e293b3df9e35eadf15c561194616cd", "number": "7205104852", "date": "2021-01-21 16:51:00", "subject": "3", "recorded-or-robo": "Y", "city": "", "state": "CO", "area-code": "303"}, {"id": "3decc6bfadaa436a105714c6baafd604", "number": "6368757651", "date": "2021-01-24 12:32:00", "subject": "2", "recorded-or-robo": "Y", "city": "St. Peters", "state": "MO", "area-code": "636"}, {"id": "03e293b3df9e35eadf15c561194612dc", "number": "6368757651", "date": "2021-01-24 12:32:00", "subject": "2", "recorded-or-robo": "Y", "city": "St. Peters", "state": "MO", "area-code": "636"}, {"id": "3decc6bfadaa436a105714c6baafcc60", "number": "6603322069", "date": "2021-01-24 11:36:00", "subject": "2", "recorded-or-robo": "Y", "city": "laplata", "state": "MO", "area-code": "660"}, {"id": "03e293b3df9e35eadf15c5611946074c", "number": "6603322069", "date": "2021-01-24 11:36:00", "subject": "2", "recorded-or-robo": "Y", "city": "laplata", "state": "MO", "area-code": "660"}, {"id": "3decc6bfadaa436a105714c6baafc45b", "number": "4128767188", "date": "2021-01-21 11:55:00", "subject": "0", "recorded-or-robo": "N", "city": "Pittsburgh", "state": "PA", "area-code": "412"}, {"id": "03e293b3df9e35eadf15c5611945f8c9", "number": "4128767188", "date": "2021-01-21 11:55:00", "subject": "0", "recorded-or-robo": "N", "city": "Pittsburgh", "state": "PA", "area-code": "412"}, {"id": "3decc6bfadaa436a105714c6baafb660", "number": "4014143744", "date": "2021-01-24 14:43:00", "subject": "2", "recorded-or-robo": "Y", "city": "North Kingstown", "state": "RI", "area-code": "401"}, {"id": "3decc6bfadaa436a105714c6baafaa15", "number": "7208189846", "date": "2021-01-18 17:24:00", "subject": "4", "recorded-or-robo": "Y", "city": "", "state": "CO", "area-code": "303"}, {"id": "03e293b3df9e35eadf15c5611945ed58", "number": "4014143744", "date": "2021-01-24 14:43:00", "subject": "2", "recorded-or-robo": "Y", "city": "North Kingstown", "state": "RI", "area-code": "401"}, {"id": "03e293b3df9e35eadf15c5611945e4ec", "number": "7208189846", "date": "2021-01-18 17:24:00", "subject": "4", "recorded-or-robo": "Y", "city": "", "state": "CO", "area-code": "303"}, {"id": "3decc6bfadaa436a105714c6baaf9e3d", "number": "6154060068", "date": "2021-01-24 11:52:00", "subject": "2", "recorded-or-robo": "Y", "city": "GIBSONTON", "state": "FL", "area-code": "813"}, {"id": "03e293b3df9e35eadf15c5611945d6de", "number": "6154060068", "date": "2021-01-24 11:52:00", "subject": "2", "recorded-or-robo": "Y", "city": "GIBSONTON", "state": "FL", "area-code": "813"}, {"id": "3decc6bfadaa436a105714c6baaf9431", "number": "3144879567", "date": "2021-01-15 00:00:00", "subject": "2", "recorded-or-robo": "Y", "city": "ST. LOUIS", "state": "MO", "area-code": "314"}, {"id": "03e293b3df9e35eadf15c5611945cec1", "number": "3144879567", "date": "2021-01-15 00:00:00", "subject": "2", "recorded-or-robo": "Y", "city": "ST. LOUIS", "state": "MO", "area-code": "314"}, {"id": "3decc6bfadaa436a105714c6baaf9156", "number": "6109982923", "date": "2021-01-21 15:29:00", "subject": "0", "recorded-or-robo": "N", "city": "Pittsburgh", "state": "PA", "area-code": "412"}, {"id": "03e293b3df9e35eadf15c5611945ca23", "number": "6109982923", "date": "2021-01-21 15:29:00", "subject": "0", "recorded-or-robo": "N", "city": "Pittsburgh", "state": "PA", "area-code": "412"}, {"id": "3decc6bfadaa436a105714c6baaf8bd1", "number": "3144234957", "date": "2021-01-24 13:12:00", "subject": "2", "recorded-or-robo": "Y", "city": "Saint Louis", "state": "MO", "area-code": "314"}, {"id": "03e293b3df9e35eadf15c5611945be79", "number": "3144234957", "date": "2021-01-24 13:12:00", "subject": "2", "recorded-or-robo": "Y", "city": "Saint Louis", "state": "MO", "area-code": "314"}, {"id": "3decc6bfadaa436a105714c6baaf836c", "number": "4125788789", "date": "2021-01-22 19:43:00", "subject": "0", "recorded-or-robo": "N", "city": "Pittsburgh", "state": "PA", "area-code": "412"}, {"id": "03e293b3df9e35eadf15c5611945be38", "number": "4125788789", "date": "2021-01-22 19:43:00", "subject": "0", "recorded-or-robo": "N", "city": "Pittsburgh", "state": "PA", "area-code": "412"}, {"id": "3decc6bfadaa436a105714c6baaf78bb", "number": "7182440723", "date": "2021-01-24 11:48:00", "subject": "2", "recorded-or-robo": "Y", "city": "", "state": "CA", "area-code": "310"}, {"id": "03e293b3df9e35eadf15c5611945b17f", "number": "7182440723", "date": "2021-01-24 11:48:00", "subject": "2", "recorded-or-robo": "Y", "city": "", "state": "CA", "area-code": "310"}, {"id": "3decc6bfadaa436a105714c6baaf7093", "number": "8882804331", "date": "2021-01-24 14:09:00", "subject": "1", "recorded-or-robo": "N", "city": "Wheatley Heights", "state": "NY", "area-code": "718"}, {"id": "03e293b3df9e35eadf15c5611945a828", "number": "8882804331", "date": "2021-01-24 14:09:00", "subject": "1", "recorded-or-robo": "N", "city": "Wheatley Heights", "state": "NY", "area-code": "718"}, {"id": "3decc6bfadaa436a105714c6baaf6bcb", "number": "9196799455", "date": "2021-01-22 11:22:00", "subject": "0", "recorded-or-robo": "N", "city": "", "state": "NC", "area-code": "919"}, {"id": "3decc6bfadaa436a105714c6baaf5766", "number": "8453160093", "date": "2021-01-23 15:44:00", "subject": "3", "recorded-or-robo": "N", "city": "", "state": "NY", "area-code": "845"}, {"id": "03e293b3df9e35eadf15c5611945991f", "number": "9196799455", "date": "2021-01-22 11:22:00", "subject": "0", "recorded-or-robo": "N", "city": "", "state": "NC", "area-code": "919"}, {"id": "03e293b3df9e35eadf15c56119458bc7", "number": "8453160093", "date": "2021-01-23 15:44:00", "subject": "3", "recorded-or-robo": "N", "city": "", "state": "NY", "area-code": "845"}, {"id": "3decc6bfadaa436a105714c6baaf6329", "number": "7274796044", "date": "2021-01-24 13:00:00", "subject": "1", "recorded-or-robo": "Y", "city": "", "state": "FL", "area-code": "727"}, {"id": "03e293b3df9e35eadf15c56119459510", "number": "7274796044", "date": "2021-01-24 13:00:00", "subject": "1", "recorded-or-robo": "Y", "city": "", "state": "FL", "area-code": "727"}, {"id": "3decc6bfadaa436a105714c6baaf4fc4", "number": "8556980025", "date": "2021-01-24 13:22:00", "subject": "11", "recorded-or-robo": "Y", "city": "St. Louis", "state": "MO", "area-code": "314"}, {"id": "03e293b3df9e35eadf15c56119457f4d", "number": "8556980025", "date": "2021-01-24 13:22:00", "subject": "11", "recorded-or-robo": "Y", "city": "St. Louis", "state": "MO", "area-code": "314"}, {"id": "3decc6bfadaa436a105714c6baaf40a7", "number": "9196799455", "date": "2021-01-22 12:57:00", "subject": "0", "recorded-or-robo": "", "city": "", "state": "NC", "area-code": "919"}, {"id": "03e293b3df9e35eadf15c56119456fb5", "number": "9196799455", "date": "2021-01-22 12:57:00", "subject": "0", "recorded-or-robo": "", "city": "", "state": "NC", "area-code": "919"}, {"id": "3decc6bfadaa436a105714c6baaf3775", "number": "8022662773", "date": "2021-01-21 13:27:00", "subject": "4", "recorded-or-robo": "Y", "city": "Jericho", "state": "VT", "area-code": "802"}, {"id": "03e293b3df9e35eadf15c56119456ad4", "number": "8022662773", "date": "2021-01-21 13:27:00", "subject": "4", "recorded-or-robo": "Y", "city": "Jericho", "state": "VT", "area-code": "802"}, {"id": "3decc6bfadaa436a105714c6baaf2946", "number": "9196799455", "date": "2021-01-22 14:46:00", "subject": "0", "recorded-or-robo": "N", "city": "", "state": "NC", "area-code": "919"}, {"id": "03e293b3df9e35eadf15c56119456649", "number": "9196799455", "date": "2021-01-22 14:46:00", "subject": "0", "recorded-or-robo": "N", "city": "", "state": "NC", "area-code": "919"}, {"id": "3decc6bfadaa436a105714c6baaf2253", "number": "", "date": "2020-01-23 13:25:00", "subject": "3", "recorded-or-robo": "Y", "city": "", "state": "MO", "area-code": "314"}, {"id": "03e293b3df9e35eadf15c56119455afb", "number": "", "date": "2020-01-23 13:25:00", "subject": "3", "recorded-or-robo": "Y", "city": "", "state": "MO", "area-code": "314"}, {"id": "3decc6bfadaa436a105714c6baaf1f1a", "number": "7147469051", "date": "2021-01-24 11:15:00", "subject": "3", "recorded-or-robo": "Y", "city": "", "state": "WA", "area-code": "206"}, {"id": "03e293b3df9e35eadf15c56119455719", "number": "7147469051", "date": "2021-01-24 11:15:00", "subject": "3", "recorded-or-robo": "Y", "city": "", "state": "WA", "area-code": "206"}, {"id": "3decc6bfadaa436a105714c6baaf0f63", "number": "8183507067", "date": "2021-01-24 11:46:00", "subject": "12", "recorded-or-robo": "N", "city": "Altadena", "state": "CA", "area-code": "626"}, {"id": "03e293b3df9e35eadf15c56119454edc", "number": "8183507067", "date": "2021-01-24 11:46:00", "subject": "12", "recorded-or-robo": "N", "city": "Altadena", "state": "CA", "area-code": "626"}, {"id": "3decc6bfadaa436a105714c6baaf04ab", "number": "8666682551", "date": "2021-01-24 12:01:00", "subject": "11", "recorded-or-robo": "Y", "city": "Fenton", "state": "MO", "area-code": "314"}]}