{"data": [{"id": "03e293b3df9e35eadf15c561194aeae1", "number": "5098847148", "date": "2021-01-24 09:29:00", "subject": "2", "recorded-or-robo": "Y", "city": "East Wenatchee", "state": "WA", "area-code": "509"}, {"id": "3decc6bfadaa436a105714c6bab470aa", "number": "7023407747", "date": "2020-12-27 11:30:00", "subject": "11", "recorded-or-robo": "Y", "city": "", "state": "NV", "area-code": "702"}, {"id": "03e293b3df9e35eadf15c561194ae446", "number": "7023407747", "date": "2020-12-27 11:30:00", "subject": "11", "recorded-or-robo": "Y", "city": "", "state": "NV", "area-code": "702"}, {"id": "3decc6bfadaa436a105714c6bab463bd", "number": "8143770068", "date": "2021-01-22 13:59:00", "subject": "2", "recorded-or-robo": "N", "city": "", "state": "PA", "area-code": "814"}, {"id": "03e293b3df9e35eadf15c561194ad7e1", "number": "8143770068", "date": "2021-01-22 13:59:00", "subject": "2", "recorded-or-robo": "N", "city": "", "state": "PA", "area-code": "814"}, {"id": "3decc6bfadaa436a105714c6bab45887", "number": "6107238105", "date": "2021-01-23 14:22:00", "subject": "0", "recorded-or-robo": "Y", "city": "", "state": "", "area-code": "610"}, {"id": "03e293b3df9e35eadf15c561194ad73a", "number": "6107238105", "date": "2021-01-23 14:22:00", "subject": "0", "recorded-or-robo": "Y", "city": "", "state": "", "area-code": "610"}, {"id": "3decc6bfadaa436a105714c6bab4526f", "number": "3152328257", "date": "2021-01-24 14:25:00", "subject": "1", "recorded-or-robo": "Y", "city": "Nashville", "state": "TN", "area-code": "217"}, {"id": "03e293b3df9e35eadf15c561194acbc0", "number": "3152328257", "date": "2021-01-24 14:25:00", "subject": "1", "recorded-or-robo": "Y", "city": "Nashville", "state": "TN", "area-code": "217"}, {"id": "3decc6bfadaa436a105714c6bab44bb4", "number": "8143770068", "date": "2021-01-22 13:59:00", "subject": "2", "recorded-or-robo": "N", "city": "", "state": "PA", "area-code": "814"}, {"id": "03e293b3df9e35eadf15c561194ac9c8", "number": "8143770068", "date": "2021-01-22 13:59:00", "subject": "2", "recorded-or-robo": "N", "city": "", "state": "PA", "area-code": "814"}, {"id": "3decc6bfadaa436a105714c6bab44b4c", "number": "3152328257", "date": "2021-01-24 08:57:00", "subject": "1", "recorded-or-robo": "Y", "city": "Bellevue", "state": "WA", "area-code": "425"}, {"id": "03e293b3df9e35eadf15c561194abc49", "number": "3152328257", "date": "2021-01-24 08:57:00", "subject": "1", "recorded-or-robo": "Y", "city": "Bellevue", "state": "WA", "area-code": "425"}, {"id": "3decc6bfadaa436a105714c6bab44014", "number": "3152328257", "date": "2021-01-24 14:00:00", "subject": "1", "recorded-or-robo": "Y", "city": "Cudahy", "state": "WI", "area-code": "414"}, {"id": "03e293b3df9e35eadf15c561194ab0a8", "number": "3152328257", "date": "2021-01-24 14:00:00", "subject": "1", "recorded-or-robo": "Y", "city": "Cudahy", "state": "WI", "area-code": "414"}, {"id": "3decc6bfadaa436a105714c6bab438c4", "number": "3023875653", "date": "2021-01-24 15:20:00", "subject": "11", "recorded-or-robo": "N", "city": "Fort Mlll", "state": "SC", "area-code": "803"}, {"id": "03e293b3df9e35eadf15c561194aa5c8", "number": "3023875653", "date": "2021-01-24 15:20:00", "subject": "11", "recorded-or-robo": "N", "city": "Fort Mlll", "state": "SC", "area-code": "803"}, {"id": "3decc6bfadaa436a105714c6bab43429", "number": "4848915781", "date": "2021-01-10 19:09:00", "subject": "2", "recorded-or-robo": "N", "city": "", "state": "PA", "area-code": "814"}, {"id": "03e293b3df9e35eadf15c561194a990f", "number": "4848915781", "date": "2021-01-10 19:09:00", "subject": "2", "recorded-or-robo": "N", "city": "", "state": "PA", "area-code": "814"}, {"id": "3decc6bfadaa436a105714c6bab42523", "number": "7199411431", "date": "2021-01-24 13:07:00", "subject": "2", "recorded-or-robo": "N", "city": "Colorado Spgs", "state": "CO", "area-code": "719"}, {"id": "03e293b3df9e35eadf15c561194a949e", "number": "7199411431", "date": "2021-01-24 13:07:00", "subject": "2", "recorded-or-robo": "N", "city": "Colorado Spgs", "state": "CO", "area-code": "719"}, {"id": "3decc6bfadaa436a105714c6bab41d42", "number": "8887463423", "date": "2021-01-23 14:11:00", "subject": "2", "recorded-or-robo": "Y", "city": "Jefferson", "state": "GA", "area-code": "706"}, {"id": "03e293b3df9e35eadf15c561194a86f4", "number": "8887463423", "date": "2021-01-23 14:11:00", "subject": "2", "recorded-or-robo": "Y", "city": "Jefferson", "state": "GA", "area-code": "706"}, {"id": "3decc6bfadaa436a105714c6bab4130c", "number": "9154715054", "date": "2021-01-24 13:19:00", "subject": "11", "recorded-or-robo": "Y", "city": "El Paso", "state": "TX", "area-code": "915"}, {"id": "03e293b3df9e35eadf15c561194a84c4", "number": "9154715054", "date": "2021-01-24 13:19:00", "subject": "11", "recorded-or-robo": "Y", "city": "El Paso", "state": "TX", "area-code": "915"}, {"id": "3decc6bfadaa436a105714c6bab41283", "number": "", "date": "2021-01-24 14:59:00", "subject": "2", "recorded-or-robo": "N", "city": "Coral Springs", "state": "FL", "area-code": "954"}, {"id": "03e293b3df9e35eadf15c561194a7dc3", "number": "", "date": "2021-01-24 14:59:00", "subject": "2", "recorded-or-robo": "N", "city": "Coral Springs", "state": "FL", "area-code": "954"}, {"id": "3decc6bfadaa436a105714c6bab40dd9", "number": "5052057558", "date": "2021-01-24 13:20:00", "subject": "11", "recorded-or-robo": "Y", "city": "Albuquerque", "state": "NM", "area-code": "505"}, {"id": "03e293b3df9e35eadf15c561194a7143", "number": "5052057558", "date": "2021-01-24 13:20:00", "subject": "11", "recorded-or-robo": "Y", "city": "Albuquerque", "state": "NM", "area-code": "505"}, {"id": "3decc6bfadaa436a105714c6bab3fecb", "number": "3145705311", "date": "2021-01-23 12:00:00", "subject": "2", "recorded-or-robo": "Y", "city": "Grover", "state": "MO", "area-code": "314"}, {"id": "03e293b3df9e35eadf15c561194a676f", "number": "3145705311", "date": "2021-01-23 12:00:00", "subject": "2", "recorded-or-robo": "Y", "city": "Grover", "state": "MO", "area-code": "314"}, {"id": "3decc6bfadaa436a105714c6bab3f32f", "number": "2724228009", "date": "2021-01-24 15:20:00", "subject": "2", "recorded-or-robo": "Y", "city": "hillsborough", "state": "NJ", "area-code": "908"}, {"id": "03e293b3df9e35eadf15c561194a6482", "number": "2724228009", "date": "2021-01-24 15:20:00", "subject": "2", "recorded-or-robo": "Y", "city": "hillsborough", "state": "NJ", "area-code": "908"}, {"id": "3decc6bfadaa436a105714c6bab3ee0c", "number": "8587351477", "date": "2021-01-24 12:00:00", "subject": "2", "recorded-or-robo": "Y", "city": "C", "state": "CA", "area-code": "858"}, {"id": "03e293b3df9e35eadf15c561194a5828", "number": "8587351477", "date": "2021-01-24 12:00:00", "subject": "2", "recorded-or-robo": "Y", "city": "C", "state": "CA", "area-code": "858"}, {"id": "3decc6bfadaa436a105714c6bab3ea20", "number": "6154062094", "date": "2021-01-24 14:40:00", "subject": "11", "recorded-or-robo": "Y", "city": "New Port Richey", "state": "FL", "area-code": "727"}, {"id": "03e293b3df9e35eadf15c561194a4c61", "number": "6154062094", "date": "2021-01-24 14:40:00", "subject": "11", "recorded-or-robo": "Y", "city": "New Port Richey", "state": "FL", "area-code": "727"}, {"id": "3decc6bfadaa436a105714c6bab3dde1", "number": "9515319257", "date": "2020-12-14 12:00:00", "subject": "2", "recorded-or-robo": "N", "city": "Fresno", "state": "CA", "area-code": "831"}, {"id": "03e293b3df9e35eadf15c561194a45dc", "number": "9515319257", "date": "2020-12-14 12:00:00", "subject": "2", "recorded-or-robo": "N", "city": "Fresno", "state": "CA", "area-code": "831"}, {"id": "3decc6bfadaa436a105714c6bab3d126", "number": "6154066228", "date": "2021-01-24 14:47:00", "subject": "11", "recorded-or-robo": "Y", "city": "New Port Richey", "state": "FL", "area-code": "727"}, {"id": "03e293b3df9e35eadf15c561194a43d9", "number": "6154066228", "date": "2021-01-24 14:47:00", "subject": "11", "recorded-or-robo": "Y", "city": "New Port Richey", "state": "FL", "area-code": "727"}, {"id": "3decc6bfadaa436a105714c6bab3cca6", "number": "7242537973", "date": "2021-01-24 15:27:00", "subject": "1", "recorded-or-robo": "Y", "city": "", "state": "PA", "area-code": "724"}, {"id": "03e293b3df9e35eadf15c561194a3708", "number": "7242537973", "date": "2021-01-24 15:27:00", "subject": "1", "recorded-or-robo": "Y", "city": "", "state": "PA", "area-code": "724"}, {"id": "3decc6bfadaa436a105714c6bab3c4ab", "number": "5172088057", "date": "2021-01-18 11:34:00", "subject": "0", "recorded-or-robo": "Y", "city": "Leslie", "state": "MI", "area-code": "517"}, {"id": "03e293b3df9e35eadf15c561194a2942", "number": "5172088057", "date": "2021-01-18 11:34:00", "subject": "0", "recorded-or-robo": "Y", "city": "Leslie", "state": "MI", "area-code": "517"}, {"id": "3decc6bfadaa436a105714c6bab3bfdc", "number": "", "date": "2021-01-23 12:00:00", "subject": "2", "recorded-or-robo": "N", "city": "Crown Point", "state": "IN", "area-code": "219"}, {"id": "03e293b3df9e35eadf15c561194a1ffc", "number": "", "date": "2021-01-23 12:00:00", "subject": "2", "recorded-or-robo": "N", "city": "Crown Point", "state": "IN", "area-code": "219"}, {"id": "3decc6bfadaa436a105714c6bab3b8c1", "number": "6154069742", "date": "2021-01-24 14:54:00", "subject": "11", "recorded-or-robo": "Y", "city": "New Port Richey", "state": "FL", "area-code": "727"}, {"id": "03e293b3df9e35eadf15c561194a10cf", "number": "6154069742", "date": "2021-01-24 14:54:00", "subject": "11", "recorded-or-robo": "Y", "city": "New Port Richey", "state": "FL", "area-code": "727"}, {"id": "3decc6bfadaa436a105714c6bab3ada6", "number": "4842790237", "date": "2021-01-18 15:07:00", "subject": "0", "recorded-or-robo": "Y", "city": "Leslie", "state": "MI", "area-code": "517"}]}