{"data": [{"id": "03e293b3df9e35eadf15c56119448b5c", "number": "8853066998", "date": "2021-01-24 14:00:00", "subject": "0", "recorded-or-robo": "N", "city": "cheektowaga", "state": "NY", "area-code": "716"}, {"id": "3decc6bfadaa436a105714c6baae2991", "number": "5418092710", "date": "2021-01-21 19:01:00", "subject": "0", "recorded-or-robo": "Y", "city": "ELKTON", "state": "MD", "area-code": "410"}, {"id": "03e293b3df9e35eadf15c5611944851a", "number": "5418092710", "date": "2021-01-21 19:01:00", "subject": "0", "recorded-or-robo": "Y", "city": "ELKTON", "state": "MD", "area-code": "410"}, {"id": "3decc6bfadaa436a105714c6baae27c5", "number": "6149289020", "date": "2021-01-19 14:17:00", "subject": "2", "recorded-or-robo": "Y", "city": "Reynoldsburg", "state": "OH", "area-code": "614"}, {"id": "03e293b3df9e35eadf15c56119447996", "number": "6149289020", "date": "2021-01-19 14:17:00", "subject": "2", "recorded-or-robo": "Y", "city": "Reynoldsburg", "state": "OH", "area-code": "614"}, {"id": "3decc6bfadaa436a105714c6baae17e3", "number": "9108359734", "date": "2021-01-21 18:20:00", "subject": "0", "recorded-or-robo": "Y", "city": "", "state": "SC", "area-code": "843"}, {"id": "03e293b3df9e35eadf15c56119446fa3", "number": "9108359734", "date": "2021-01-21 18:20:00", "subject": "0", "recorded-or-robo": "Y", "city": "", "state": "SC", "area-code": "843"}, {"id": "3decc6bfadaa436a105714c6baae0f26", "number": "9374103650", "date": "2021-01-23 18:30:00", "subject": "4", "recorded-or-robo": "N", "city": "Cincinnati", "state": "OH", "area-code": "513"}, {"id": "03e293b3df9e35eadf15c561194462a5", "number": "9374103650", "date": "2021-01-23 18:30:00", "subject": "4", "recorded-or-robo": "N", "city": "Cincinnati", "state": "OH", "area-code": "513"}, {"id": "3decc6bfadaa436a105714c6baadff97", "number": "3145678110", "date": "2021-01-24 13:34:00", "subject": "2", "recorded-or-robo": "Y", "city": "Frontenac", "state": "MO", "area-code": "314"}, {"id": "03e293b3df9e35eadf15c5611944581a", "number": "3145678110", "date": "2021-01-24 13:34:00", "subject": "2", "recorded-or-robo": "Y", "city": "Frontenac", "state": "MO", "area-code": "314"}, {"id": "3decc6bfadaa436a105714c6baadf986", "number": "", "date": "2021-01-20 09:17:00", "subject": "7", "recorded-or-robo": "N", "city": "Laguna woods", "state": "CA", "area-code": "949"}, {"id": "03e293b3df9e35eadf15c56119444fec", "number": "", "date": "2021-01-20 09:17:00", "subject": "7", "recorded-or-robo": "N", "city": "Laguna woods", "state": "CA", "area-code": "949"}, {"id": "3decc6bfadaa436a105714c6baadeeb5", "number": "7044701473", "date": "2021-01-22 21:05:00", "subject": "3", "recorded-or-robo": "Y", "city": "Shelby", "state": "NC", "area-code": "704"}, {"id": "03e293b3df9e35eadf15c56119444edf", "number": "7044701473", "date": "2021-01-22 21:05:00", "subject": "3", "recorded-or-robo": "Y", "city": "Shelby", "state": "NC", "area-code": "704"}, {"id": "3decc6bfadaa436a105714c6baade271", "number": "7048008394", "date": "2021-01-22 14:30:00", "subject": "2", "recorded-or-robo": "Y", "city": "Shelby", "state": "NC", "area-code": "704"}, {"id": "03e293b3df9e35eadf15c5611944410b", "number": "7048008394", "date": "2021-01-22 14:30:00", "subject": "2", "recorded-or-robo": "Y", "city": "Shelby", "state": "NC", "area-code": "704"}, {"id": "3decc6bfadaa436a105714c6baaddee9", "number": "9108432533", "date": "2021-01-21 18:18:00", "subject": "0", "recorded-or-robo": "Y", "city": "", "state": "SC", "area-code": "843"}, {"id": "03e293b3df9e35eadf15c56119443476", "number": "9108432533", "date": "2021-01-21 18:18:00", "subject": "0", "recorded-or-robo": "Y", "city": "", "state": "SC", "area-code": "843"}, {"id": "3decc6bfadaa436a105714c6baadcef0", "number": "4232532275", "date": "2021-01-21 14:18:00", "subject": "2", "recorded-or-robo": "Y", "city": "baltimore", "state": "MD", "area-code": "410"}, {"id": "03e293b3df9e35eadf15c56119443227", "number": "4232532275", "date": "2021-01-21 14:18:00", "subject": "2", "recorded-or-robo": "Y", "city": "baltimore", "state": "MD", "area-code": "410"}, {"id": "3decc6bfadaa436a105714c6baadc411", "number": "3088307442", "date": "2021-01-21 10:41:00", "subject": "2", "recorded-or-robo": "Y", "city": "ASH LAND CITY", "state": "TN", "area-code": "615"}, {"id": "03e293b3df9e35eadf15c56119442537", "number": "3088307442", "date": "2021-01-21 10:41:00", "subject": "2", "recorded-or-robo": "Y", "city": "ASH LAND CITY", "state": "TN", "area-code": "615"}, {"id": "3decc6bfadaa436a105714c6baadbdfa", "number": "", "date": "2021-01-24 12:00:00", "subject": "1", "recorded-or-robo": "Y", "city": "St Louis", "state": "MO", "area-code": "314"}, {"id": "03e293b3df9e35eadf15c56119441fdb", "number": "", "date": "2021-01-24 12:00:00", "subject": "1", "recorded-or-robo": "Y", "city": "St Louis", "state": "MO", "area-code": "314"}, {"id": "3decc6bfadaa436a105714c6baadb746", "number": "7048127638", "date": "2021-01-23 11:18:00", "subject": "2", "recorded-or-robo": "Y", "city": "Shelby", "state": "NC", "area-code": "704"}, {"id": "03e293b3df9e35eadf15c56119441db0", "number": "7048127638", "date": "2021-01-23 11:18:00", "subject": "2", "recorded-or-robo": "Y", "city": "Shelby", "state": "NC", "area-code": "704"}, {"id": "3decc6bfadaa436a105714c6baadb61a", "number": "7272375447", "date": "2021-01-24 14:30:00", "subject": "1", "recorded-or-robo": "Y", "city": "New Port Richey", "state": "FL", "area-code": "727"}, {"id": "03e293b3df9e35eadf15c56119440f82", "number": "7272375447", "date": "2021-01-24 14:30:00", "subject": "1", "recorded-or-robo": "Y", "city": "New Port Richey", "state": "FL", "area-code": "727"}, {"id": "3decc6bfadaa436a105714c6baadb1cc", "number": "6196378291", "date": "2021-01-09 09:21:00", "subject": "4", "recorded-or-robo": "Y", "city": "San Marcos", "state": "CA", "area-code": "619"}, {"id": "03e293b3df9e35eadf15c561194402e7", "number": "6196378291", "date": "2021-01-09 09:21:00", "subject": "4", "recorded-or-robo": "Y", "city": "San Marcos", "state": "CA", "area-code": "619"}, {"id": "3decc6bfadaa436a105714c6baada934", "number": "3022898566", "date": "2021-01-24 14:32:00", "subject": "0", "recorded-or-robo": "Y", "city": "", "state": "DE", "area-code": "302"}, {"id": "03e293b3df9e35eadf15c5611943fd45", "number": "3022898566", "date": "2021-01-24 14:32:00", "subject": "0", "recorded-or-robo": "Y", "city": "", "state": "DE", "area-code": "302"}, {"id": "3decc6bfadaa436a105714c6baada173", "number": "7044435960", "date": "2021-01-23 16:29:00", "subject": "2", "recorded-or-robo": "Y", "city": "Shelby", "state": "NC", "area-code": "704"}, {"id": "03e293b3df9e35eadf15c5611943f02a", "number": "7044435960", "date": "2021-01-23 16:29:00", "subject": "2", "recorded-or-robo": "Y", "city": "Shelby", "state": "NC", "area-code": "704"}, {"id": "3decc6bfadaa436a105714c6baad9b55", "number": "2067363543", "date": "2021-01-24 11:29:00", "subject": "3", "recorded-or-robo": "Y", "city": "Seattle", "state": "WA", "area-code": "206"}, {"id": "03e293b3df9e35eadf15c5611943eb65", "number": "2067363543", "date": "2021-01-24 11:29:00", "subject": "3", "recorded-or-robo": "Y", "city": "Seattle", "state": "WA", "area-code": "206"}, {"id": "3decc6bfadaa436a105714c6baad95f6", "number": "3022625753", "date": "2021-01-23 17:34:00", "subject": "2", "recorded-or-robo": "Y", "city": "Newark", "state": "DE", "area-code": "302"}, {"id": "03e293b3df9e35eadf15c5611943df59", "number": "3022625753", "date": "2021-01-23 17:34:00", "subject": "2", "recorded-or-robo": "Y", "city": "Newark", "state": "DE", "area-code": "302"}, {"id": "3decc6bfadaa436a105714c6baad9559", "number": "7149855575", "date": "2021-01-07 10:42:00", "subject": "4", "recorded-or-robo": "Y", "city": "San Marcos", "state": "CA", "area-code": "619"}, {"id": "03e293b3df9e35eadf15c5611943d70e", "number": "7149855575", "date": "2021-01-07 10:42:00", "subject": "4", "recorded-or-robo": "Y", "city": "San Marcos", "state": "CA", "area-code": "619"}, {"id": "3decc6bfadaa436a105714c6baad89ae", "number": "8556784267", "date": "2021-01-24 10:54:00", "subject": "2", "recorded-or-robo": "Y", "city": "Osceola", "state": "IN", "area-code": "574"}, {"id": "03e293b3df9e35eadf15c5611943ca0f", "number": "8556784267", "date": "2021-01-24 10:54:00", "subject": "2", "recorded-or-robo": "Y", "city": "Osceola", "state": "IN", "area-code": "574"}, {"id": "3decc6bfadaa436a105714c6baad8548", "number": "5099286193", "date": "2021-01-24 08:01:00", "subject": "1", "recorded-or-robo": "Y", "city": "Spokane Valley", "state": "WA", "area-code": "509"}, {"id": "03e293b3df9e35eadf15c5611943bb8a", "number": "5099286193", "date": "2021-01-24 08:01:00", "subject": "1", "recorded-or-robo": "Y", "city": "Spokane Valley", "state": "WA", "area-code": "509"}, {"id": "3decc6bfadaa436a105714c6baad7bfc", "number": "3145885491", "date": "2021-01-24 12:00:00", "subject": "2", "recorded-or-robo": "Y", "city": "", "state": "", "area-code": "314"}, {"id": "03e293b3df9e35eadf15c5611943b7a5", "number": "3145885491", "date": "2021-01-24 12:00:00", "subject": "2", "recorded-or-robo": "Y", "city": "", "state": "", "area-code": "314"}, {"id": "3decc6bfadaa436a105714c6baad7af0", "number": "3152328257", "date": "2021-01-22 12:00:00", "subject": "1", "recorded-or-robo": "Y", "city": "Kent", "state": "WA", "area-code": "253"}, {"id": "03e293b3df9e35eadf15c5611943ace8", "number": "3152328257", "date": "2021-01-22 12:00:00", "subject": "1", "recorded-or-robo": "Y", "city": "Kent", "state": "WA", "area-code": "253"}, {"id": "3decc6bfadaa436a105714c6baad7179", "number": "8327401143", "date": "2021-01-21 15:34:00", "subject": "0", "recorded-or-robo": "Y", "city": "ASH LAND CITY", "state": "TN", "area-code": "615"}]}