{"data": [{"id": "1d36742e3f24f50e4e7ae82801b49820", "number": "8435105167", "date": "2021-01-23 14:15:00", "subject": "2", "recorded-or-robo": "Y", "city": "", "state": "VA", "area-code": "954"}, {"id": "3decc6bfadaa436a105714c6ba1d2a70", "number": "2543214075", "date": "2021-01-23 11:57:00", "subject": "0", "recorded-or-robo": "Y", "city": "Bedford", "state": "TX", "area-code": "817"}, {"id": "1d36742e3f24f50e4e7ae82801b48e2e", "number": "2543214075", "date": "2021-01-23 11:57:00", "subject": "0", "recorded-or-robo": "Y", "city": "Bedford", "state": "TX", "area-code": "817"}, {"id": "3decc6bfadaa436a105714c6ba1d28c6", "number": "8887778111", "date": "2021-01-22 11:37:00", "subject": "11", "recorded-or-robo": "N", "city": "Ingleside", "state": "IL", "area-code": "847"}, {"id": "1d36742e3f24f50e4e7ae82801b484d3", "number": "8887778111", "date": "2021-01-22 11:37:00", "subject": "11", "recorded-or-robo": "N", "city": "Ingleside", "state": "IL", "area-code": "847"}, {"id": "3decc6bfadaa436a105714c6ba1d2886", "number": "5613429619", "date": "2021-01-23 14:35:00", "subject": "0", "recorded-or-robo": "Y", "city": "Atlanta", "state": "GA", "area-code": "561"}, {"id": "1d36742e3f24f50e4e7ae82801b4794b", "number": "5613429619", "date": "2021-01-23 14:35:00", "subject": "0", "recorded-or-robo": "Y", "city": "Atlanta", "state": "GA", "area-code": "561"}, {"id": "3decc6bfadaa436a105714c6ba1d274d", "number": "7032417865", "date": "2021-01-22 00:00:00", "subject": "4", "recorded-or-robo": "Y", "city": "Dumfries", "state": "VA", "area-code": "703"}, {"id": "1d36742e3f24f50e4e7ae82801b471c4", "number": "7032417865", "date": "2021-01-22 00:00:00", "subject": "4", "recorded-or-robo": "Y", "city": "Dumfries", "state": "VA", "area-code": "703"}, {"id": "3decc6bfadaa436a105714c6ba1d22b5", "number": "6105568171", "date": "2021-01-23 14:33:00", "subject": "1", "recorded-or-robo": "Y", "city": "Philadelphia", "state": "PA", "area-code": "610"}, {"id": "1d36742e3f24f50e4e7ae82801b4672f", "number": "6105568171", "date": "2021-01-23 14:33:00", "subject": "1", "recorded-or-robo": "Y", "city": "Philadelphia", "state": "PA", "area-code": "610"}, {"id": "3decc6bfadaa436a105714c6ba1d1b72", "number": "9713084932", "date": "2020-11-30 13:38:00", "subject": "3", "recorded-or-robo": "Y", "city": "BISHOP", "state": "CA", "area-code": "971"}, {"id": "1d36742e3f24f50e4e7ae82801b4652e", "number": "9713084932", "date": "2020-11-30 13:38:00", "subject": "3", "recorded-or-robo": "Y", "city": "BISHOP", "state": "CA", "area-code": "971"}, {"id": "3decc6bfadaa436a105714c6ba1cfa27", "number": "8453160039", "date": "2021-01-21 12:40:00", "subject": "3", "recorded-or-robo": "N", "city": "", "state": "NY", "area-code": "845"}, {"id": "1d36742e3f24f50e4e7ae82801b44611", "number": "8453160039", "date": "2021-01-21 12:40:00", "subject": "3", "recorded-or-robo": "N", "city": "", "state": "NY", "area-code": "845"}, {"id": "3decc6bfadaa436a105714c6ba1d18d8", "number": "5165708326", "date": "2021-01-23 00:00:00", "subject": "3", "recorded-or-robo": "Y", "city": "", "state": "NY", "area-code": "212"}, {"id": "1d36742e3f24f50e4e7ae82801b4597c", "number": "5165708326", "date": "2021-01-23 00:00:00", "subject": "3", "recorded-or-robo": "Y", "city": "", "state": "NY", "area-code": "212"}, {"id": "3decc6bfadaa436a105714c6ba1d0fd2", "number": "9713084932", "date": "2020-11-30 09:00:00", "subject": "3", "recorded-or-robo": "", "city": "BISHOP", "state": "CA", "area-code": "971"}, {"id": "1d36742e3f24f50e4e7ae82801b44f6e", "number": "9713084932", "date": "2020-11-30 09:00:00", "subject": "3", "recorded-or-robo": "", "city": "BISHOP", "state": "CA", "area-code": "971"}, {"id": "3decc6bfadaa436a105714c6ba1d03ef", "number": "9419461236", "date": "2021-01-23 11:22:00", "subject": "0", "recorded-or-robo": "Y", "city": "", "state": "FL", "area-code": "941"}, {"id": "1d36742e3f24f50e4e7ae82801b44c00", "number": "9419461236", "date": "2021-01-23 11:22:00", "subject": "0", "recorded-or-robo": "Y", "city": "", "state": "FL", "area-code": "941"}, {"id": "3decc6bfadaa436a105714c6ba5720ce", "number": "+16822431931", "date": "2021-01-23 14:37:09", "subject": "3", "recorded-or-robo": "Y", "city": "", "state": "TX", "area-code": "682"}, {"id": "1d36742e3f24f50e4e7ae82801ed8fb1", "number": "+16822431931", "date": "2021-01-23 14:37:09", "subject": "3", "recorded-or-robo": "Y", "city": "", "state": "TX", "area-code": "682"}, {"id": "3decc6bfadaa436a105714c6ba1ceca8", "number": "3853202867", "date": "2021-01-23 12:20:00", "subject": "1", "recorded-or-robo": "Y", "city": "College Station", "state": "TX", "area-code": "979"}, {"id": "1d36742e3f24f50e4e7ae82801b441db", "number": "3853202867", "date": "2021-01-23 12:20:00", "subject": "1", "recorded-or-robo": "Y", "city": "College Station", "state": "TX", "area-code": "979"}, {"id": "3decc6bfadaa436a105714c6ba1cdd33", "number": "2052896218", "date": "2021-01-23 13:09:00", "subject": "2", "recorded-or-robo": "N", "city": "", "state": "AL", "area-code": "256"}, {"id": "1d36742e3f24f50e4e7ae82801b440e6", "number": "2052896218", "date": "2021-01-23 13:09:00", "subject": "2", "recorded-or-robo": "N", "city": "", "state": "AL", "area-code": "256"}, {"id": "3decc6bfadaa436a105714c6ba1cd7b5", "number": "8665276805", "date": "2021-01-23 13:32:00", "subject": "2", "recorded-or-robo": "Y", "city": "Austin", "state": "TX", "area-code": "561"}, {"id": "1d36742e3f24f50e4e7ae82801b436be", "number": "8665276805", "date": "2021-01-23 13:32:00", "subject": "2", "recorded-or-robo": "Y", "city": "Austin", "state": "TX", "area-code": "561"}, {"id": "3decc6bfadaa436a105714c6ba1cd447", "number": "6077253827", "date": "2021-01-23 12:32:00", "subject": "2", "recorded-or-robo": "Y", "city": "binghamton", "state": "NY", "area-code": "607"}, {"id": "1d36742e3f24f50e4e7ae82801b42fda", "number": "6077253827", "date": "2021-01-23 12:32:00", "subject": "2", "recorded-or-robo": "Y", "city": "binghamton", "state": "NY", "area-code": "607"}, {"id": "3decc6bfadaa436a105714c6ba571d2e", "number": "+16822434643", "date": "2021-01-23 14:36:43", "subject": "3", "recorded-or-robo": "Y", "city": "", "state": "TX", "area-code": "682"}, {"id": "1d36742e3f24f50e4e7ae82801ed8ec6", "number": "+16822434643", "date": "2021-01-23 14:36:43", "subject": "3", "recorded-or-robo": "Y", "city": "", "state": "TX", "area-code": "682"}, {"id": "3decc6bfadaa436a105714c6ba1cd1fa", "number": "", "date": "2021-01-23 11:26:00", "subject": "2", "recorded-or-robo": "Y", "city": "Saraland", "state": "AL", "area-code": "251"}, {"id": "1d36742e3f24f50e4e7ae82801b42092", "number": "", "date": "2021-01-23 11:26:00", "subject": "2", "recorded-or-robo": "Y", "city": "Saraland", "state": "AL", "area-code": "251"}, {"id": "3decc6bfadaa436a105714c6ba1c88fd", "number": "9493124770", "date": "2021-01-21 14:17:00", "subject": "3", "recorded-or-robo": "N", "city": "", "state": "NY", "area-code": "845"}, {"id": "1d36742e3f24f50e4e7ae82801b3e4a9", "number": "9493124770", "date": "2021-01-21 14:17:00", "subject": "3", "recorded-or-robo": "N", "city": "", "state": "NY", "area-code": "845"}, {"id": "3decc6bfadaa436a105714c6ba1cd197", "number": "2892326952", "date": "2020-11-30 13:52:00", "subject": "3", "recorded-or-robo": "", "city": "BISHOP", "state": "CA", "area-code": "971"}, {"id": "1d36742e3f24f50e4e7ae82801b41da6", "number": "2892326952", "date": "2020-11-30 13:52:00", "subject": "3", "recorded-or-robo": "", "city": "BISHOP", "state": "CA", "area-code": "971"}, {"id": "3decc6bfadaa436a105714c6ba1cc76b", "number": "6786377093", "date": "2021-01-22 09:32:00", "subject": "4", "recorded-or-robo": "Y", "city": "St Petersburg", "state": "FL", "area-code": "678"}, {"id": "1d36742e3f24f50e4e7ae82801b40f8b", "number": "6786377093", "date": "2021-01-22 09:32:00", "subject": "4", "recorded-or-robo": "Y", "city": "St Petersburg", "state": "FL", "area-code": "678"}, {"id": "3decc6bfadaa436a105714c6ba1cbde3", "number": "9543660375", "date": "2021-01-22 12:52:00", "subject": "2", "recorded-or-robo": "N", "city": "pompano Beach", "state": "FL", "area-code": "813"}, {"id": "1d36742e3f24f50e4e7ae82801b409e5", "number": "9543660375", "date": "2021-01-22 12:52:00", "subject": "2", "recorded-or-robo": "N", "city": "pompano Beach", "state": "FL", "area-code": "813"}, {"id": "3decc6bfadaa436a105714c6ba1cb001", "number": "8434569789", "date": "2021-01-23 14:28:00", "subject": "2", "recorded-or-robo": "Y", "city": "NORTH MYRTLE BEACH", "state": "SC", "area-code": "843"}, {"id": "1d36742e3f24f50e4e7ae82801b3ff8e", "number": "8434569789", "date": "2021-01-23 14:28:00", "subject": "2", "recorded-or-robo": "Y", "city": "NORTH MYRTLE BEACH", "state": "SC", "area-code": "843"}, {"id": "3decc6bfadaa436a105714c6ba570328", "number": "+13306843599", "date": "2021-01-23 14:35:51", "subject": "3", "recorded-or-robo": "Y", "city": "", "state": "OH", "area-code": "216"}, {"id": "1d36742e3f24f50e4e7ae82801ed8105", "number": "+13306843599", "date": "2021-01-23 14:35:51", "subject": "3", "recorded-or-robo": "Y", "city": "", "state": "OH", "area-code": "216"}, {"id": "3decc6bfadaa436a105714c6ba1ca612", "number": "8888605402", "date": "2021-01-23 12:46:00", "subject": "1", "recorded-or-robo": "Y", "city": "", "state": "FL", "area-code": "941"}, {"id": "1d36742e3f24f50e4e7ae82801b3f3a3", "number": "8888605402", "date": "2021-01-23 12:46:00", "subject": "1", "recorded-or-robo": "Y", "city": "", "state": "FL", "area-code": "941"}, {"id": "3decc6bfadaa436a105714c6ba1c9715", "number": "7188562934", "date": "2021-01-23 14:25:00", "subject": "2", "recorded-or-robo": "N", "city": "", "state": "NY", "area-code": "718"}]}