{"data": [{"id": "03e293b3df9e35eadf15c561194a06c7", "number": "4842790237", "date": "2021-01-18 15:07:00", "subject": "0", "recorded-or-robo": "Y", "city": "Leslie", "state": "MI", "area-code": "517"}, {"id": "3decc6bfadaa436a105714c6bab3aaf0", "number": "", "date": "2021-01-22 18:01:00", "subject": "4", "recorded-or-robo": "Y", "city": "Ballwin", "state": "MO", "area-code": "314"}, {"id": "03e293b3df9e35eadf15c5611949fcb5", "number": "", "date": "2021-01-22 18:01:00", "subject": "4", "recorded-or-robo": "Y", "city": "Ballwin", "state": "MO", "area-code": "314"}, {"id": "3decc6bfadaa436a105714c6bab39fe4", "number": "5178513547", "date": "2021-01-19 17:55:00", "subject": "4", "recorded-or-robo": "Y", "city": "Leslie", "state": "MI", "area-code": "517"}, {"id": "03e293b3df9e35eadf15c5611949eea1", "number": "5178513547", "date": "2021-01-19 17:55:00", "subject": "4", "recorded-or-robo": "Y", "city": "Leslie", "state": "MI", "area-code": "517"}, {"id": "3decc6bfadaa436a105714c6bab392d0", "number": "6154062557", "date": "2021-01-24 15:06:00", "subject": "11", "recorded-or-robo": "Y", "city": "New Port Richey", "state": "FL", "area-code": "727"}, {"id": "03e293b3df9e35eadf15c5611949eab1", "number": "6154062557", "date": "2021-01-24 15:06:00", "subject": "11", "recorded-or-robo": "Y", "city": "New Port Richey", "state": "FL", "area-code": "727"}, {"id": "3decc6bfadaa436a105714c6bab383d9", "number": "", "date": "2021-01-24 15:12:00", "subject": "2", "recorded-or-robo": "Y", "city": "New Port Richey", "state": "FL", "area-code": "727"}, {"id": "03e293b3df9e35eadf15c5611949dacd", "number": "", "date": "2021-01-24 15:12:00", "subject": "2", "recorded-or-robo": "Y", "city": "New Port Richey", "state": "FL", "area-code": "727"}, {"id": "3decc6bfadaa436a105714c6bab38248", "number": "3046848916", "date": "2021-01-20 12:20:00", "subject": "0", "recorded-or-robo": "Y", "city": "Leslie", "state": "MI", "area-code": "517"}, {"id": "03e293b3df9e35eadf15c5611949d402", "number": "3046848916", "date": "2021-01-20 12:20:00", "subject": "0", "recorded-or-robo": "Y", "city": "Leslie", "state": "MI", "area-code": "517"}, {"id": "3decc6bfadaa436a105714c6bab375fd", "number": "9404545067", "date": "2021-01-14 17:07:00", "subject": "4", "recorded-or-robo": "Y", "city": "Cedar Park", "state": "TX", "area-code": "512"}, {"id": "03e293b3df9e35eadf15c5611949c958", "number": "9404545067", "date": "2021-01-14 17:07:00", "subject": "4", "recorded-or-robo": "Y", "city": "Cedar Park", "state": "TX", "area-code": "512"}, {"id": "3decc6bfadaa436a105714c6bab369c4", "number": "8772270844", "date": "2021-01-21 20:44:00", "subject": "2", "recorded-or-robo": "N", "city": "Miami", "state": "FL", "area-code": "305"}, {"id": "03e293b3df9e35eadf15c5611949c62d", "number": "8772270844", "date": "2021-01-21 20:44:00", "subject": "2", "recorded-or-robo": "N", "city": "Miami", "state": "FL", "area-code": "305"}, {"id": "3decc6bfadaa436a105714c6bab361d7", "number": "", "date": "2021-01-23 12:00:00", "subject": "2", "recorded-or-robo": "Y", "city": "Woodbury", "state": "MN", "area-code": "651"}, {"id": "03e293b3df9e35eadf15c5611949b6d0", "number": "", "date": "2021-01-23 12:00:00", "subject": "2", "recorded-or-robo": "Y", "city": "Woodbury", "state": "MN", "area-code": "651"}, {"id": "3decc6bfadaa436a105714c6bab354e4", "number": "5178580411", "date": "2021-01-20 12:40:00", "subject": "0", "recorded-or-robo": "Y", "city": "Leslie", "state": "MI", "area-code": "517"}, {"id": "03e293b3df9e35eadf15c5611949aa9e", "number": "5178580411", "date": "2021-01-20 12:40:00", "subject": "0", "recorded-or-robo": "Y", "city": "Leslie", "state": "MI", "area-code": "517"}, {"id": "3decc6bfadaa436a105714c6bab349fb", "number": "3144351621", "date": "2021-01-24 12:14:00", "subject": "2", "recorded-or-robo": "Y", "city": "Saint clair", "state": "MO", "area-code": "314"}, {"id": "03e293b3df9e35eadf15c5611949a0f5", "number": "3144351621", "date": "2021-01-24 12:14:00", "subject": "2", "recorded-or-robo": "Y", "city": "Saint clair", "state": "MO", "area-code": "314"}, {"id": "3decc6bfadaa436a105714c6bab33ff2", "number": "7275223927", "date": "2021-01-24 12:00:00", "subject": "1", "recorded-or-robo": "N", "city": "St Petersburg", "state": "FL", "area-code": "727"}, {"id": "03e293b3df9e35eadf15c561194996f9", "number": "7275223927", "date": "2021-01-24 12:00:00", "subject": "1", "recorded-or-robo": "N", "city": "St Petersburg", "state": "FL", "area-code": "727"}, {"id": "3decc6bfadaa436a105714c6bab33c32", "number": "7274328922", "date": "2021-01-24 15:20:00", "subject": "1", "recorded-or-robo": "Y", "city": "St. Petersburg", "state": "FL", "area-code": "727"}, {"id": "3decc6bfadaa436a105714c6bab3343b", "number": "5173065351", "date": "2021-01-20 13:59:00", "subject": "4", "recorded-or-robo": "Y", "city": "Leslie", "state": "MI", "area-code": "517"}, {"id": "03e293b3df9e35eadf15c56119499662", "number": "7274328922", "date": "2021-01-24 15:20:00", "subject": "1", "recorded-or-robo": "Y", "city": "St. Petersburg", "state": "FL", "area-code": "727"}, {"id": "03e293b3df9e35eadf15c561194988a3", "number": "5173065351", "date": "2021-01-20 13:59:00", "subject": "4", "recorded-or-robo": "Y", "city": "Leslie", "state": "MI", "area-code": "517"}, {"id": "3decc6bfadaa436a105714c6bab32be0", "number": "6154068688", "date": "2021-01-24 14:35:00", "subject": "11", "recorded-or-robo": "Y", "city": "New Port Richey", "state": "FL", "area-code": "727"}, {"id": "03e293b3df9e35eadf15c56119497baa", "number": "6154068688", "date": "2021-01-24 14:35:00", "subject": "11", "recorded-or-robo": "Y", "city": "New Port Richey", "state": "FL", "area-code": "727"}, {"id": "3decc6bfadaa436a105714c6bab31d95", "number": "3152328257", "date": "2021-01-24 15:07:00", "subject": "2", "recorded-or-robo": "Y", "city": "Newark", "state": "OH", "area-code": "740"}, {"id": "03e293b3df9e35eadf15c561194970c3", "number": "3152328257", "date": "2021-01-24 15:07:00", "subject": "2", "recorded-or-robo": "Y", "city": "Newark", "state": "OH", "area-code": "740"}, {"id": "3decc6bfadaa436a105714c6bab31245", "number": "85567852518556786", "date": "2021-01-24 07:00:00", "subject": "2", "recorded-or-robo": "Y", "city": "West Richland", "state": "WA", "area-code": "509"}, {"id": "03e293b3df9e35eadf15c56119497023", "number": "85567852518556786", "date": "2021-01-24 07:00:00", "subject": "2", "recorded-or-robo": "Y", "city": "West Richland", "state": "WA", "area-code": "509"}, {"id": "3decc6bfadaa436a105714c6bab3070f", "number": "5175811703", "date": "2021-01-21 10:03:00", "subject": "0", "recorded-or-robo": "Y", "city": "Leslie", "state": "MI", "area-code": "517"}, {"id": "03e293b3df9e35eadf15c561194967fe", "number": "5175811703", "date": "2021-01-21 10:03:00", "subject": "0", "recorded-or-robo": "Y", "city": "Leslie", "state": "MI", "area-code": "517"}, {"id": "3decc6bfadaa436a105714c6bab30245", "number": "3152328257", "date": "2021-01-24 14:04:00", "subject": "11", "recorded-or-robo": "Y", "city": "Town and Country", "state": "MO", "area-code": "314"}, {"id": "03e293b3df9e35eadf15c5611949650b", "number": "3152328257", "date": "2021-01-24 14:04:00", "subject": "11", "recorded-or-robo": "Y", "city": "Town and Country", "state": "MO", "area-code": "314"}, {"id": "3decc6bfadaa436a105714c6bab2fa88", "number": "8019302370", "date": "2021-01-21 19:16:00", "subject": "13", "recorded-or-robo": "Y", "city": "MOAB", "state": "UT", "area-code": "801"}, {"id": "03e293b3df9e35eadf15c561194959ee", "number": "8019302370", "date": "2021-01-21 19:16:00", "subject": "13", "recorded-or-robo": "Y", "city": "MOAB", "state": "UT", "area-code": "801"}, {"id": "3decc6bfadaa436a105714c6bab2f6d5", "number": "6058469869", "date": "2021-01-21 12:20:00", "subject": "0", "recorded-or-robo": "Y", "city": "Leslie", "state": "MI", "area-code": "517"}, {"id": "03e293b3df9e35eadf15c56119495135", "number": "6058469869", "date": "2021-01-21 12:20:00", "subject": "0", "recorded-or-robo": "Y", "city": "Leslie", "state": "MI", "area-code": "517"}, {"id": "3decc6bfadaa436a105714c6bab2e6ff", "number": "3028280057", "date": "2021-01-22 12:17:00", "subject": "2", "recorded-or-robo": "Y", "city": "Leslie", "state": "MI", "area-code": "517"}, {"id": "03e293b3df9e35eadf15c5611949458a", "number": "3028280057", "date": "2021-01-22 12:17:00", "subject": "2", "recorded-or-robo": "Y", "city": "Leslie", "state": "MI", "area-code": "517"}, {"id": "3decc6bfadaa436a105714c6bab2e239", "number": "7274328922", "date": "2021-01-24 15:20:00", "subject": "1", "recorded-or-robo": "Y", "city": "Saint Petersburg", "state": "FL", "area-code": "727"}, {"id": "03e293b3df9e35eadf15c56119493d00", "number": "7274328922", "date": "2021-01-24 15:20:00", "subject": "1", "recorded-or-robo": "Y", "city": "Saint Petersburg", "state": "FL", "area-code": "727"}, {"id": "3decc6bfadaa436a105714c6bab2df8f", "number": "5173122993", "date": "2021-01-22 00:00:00", "subject": "0", "recorded-or-robo": "N", "city": "Leslie", "state": "MI", "area-code": "517"}, {"id": "03e293b3df9e35eadf15c56119493b1f", "number": "5173122993", "date": "2021-01-22 00:00:00", "subject": "0", "recorded-or-robo": "N", "city": "Leslie", "state": "MI", "area-code": "517"}, {"id": "3decc6bfadaa436a105714c6bab2d53f", "number": "6154062557", "date": "2021-01-24 03:13:00", "subject": "11", "recorded-or-robo": "Y", "city": "New Port Richey", "state": "FL", "area-code": "727"}, {"id": "03e293b3df9e35eadf15c56119493a09", "number": "6154062557", "date": "2021-01-24 03:13:00", "subject": "11", "recorded-or-robo": "Y", "city": "New Port Richey", "state": "FL", "area-code": "727"}, {"id": "3decc6bfadaa436a105714c6bab2c734", "number": "4052814440", "date": "2021-01-23 10:11:00", "subject": "4", "recorded-or-robo": "Y", "city": "Edmond", "state": "OK", "area-code": "405"}]}