{"data": [{"id": "1d36742e3f24f50e4e7ae82801db7e7e", "number": "6173891992", "date": "2021-01-23 17:53:00", "subject": "7", "recorded-or-robo": "Y", "city": "", "state": "MA", "area-code": "617"}, {"id": "3decc6bfadaa436a105714c6ba7c2dae", "number": "+14193268427", "date": "2021-01-23 17:57:47", "subject": "3", "recorded-or-robo": "Y", "city": "", "state": "OH", "area-code": "419"}, {"id": "03e293b3df9e35eadf15c5611912a850", "number": "+14193268427", "date": "2021-01-23 17:57:47", "subject": "3", "recorded-or-robo": "Y", "city": "", "state": "OH", "area-code": "419"}, {"id": "3decc6bfadaa436a105714c6ba45eca2", "number": "5203379785", "date": "2021-01-23 10:52:00", "subject": "2", "recorded-or-robo": "Y", "city": "Phoenix", "state": "AZ", "area-code": "520"}, {"id": "1d36742e3f24f50e4e7ae82801db7a3b", "number": "5203379785", "date": "2021-01-23 10:52:00", "subject": "2", "recorded-or-robo": "Y", "city": "Phoenix", "state": "AZ", "area-code": "520"}, {"id": "3decc6bfadaa436a105714c6ba45de91", "number": "3032476814", "date": "2021-01-22 13:33:00", "subject": "2", "recorded-or-robo": "Y", "city": "", "state": "CO", "area-code": "303"}, {"id": "1d36742e3f24f50e4e7ae82801db6bec", "number": "3032476814", "date": "2021-01-22 13:33:00", "subject": "2", "recorded-or-robo": "Y", "city": "", "state": "CO", "area-code": "303"}, {"id": "3decc6bfadaa436a105714c6ba45d135", "number": "224620330341", "date": "2021-01-23 05:00:00", "subject": "2", "recorded-or-robo": "Y", "city": "Monona", "state": "IA", "area-code": "319"}, {"id": "1d36742e3f24f50e4e7ae82801db6aef", "number": "224620330341", "date": "2021-01-23 05:00:00", "subject": "2", "recorded-or-robo": "Y", "city": "Monona", "state": "IA", "area-code": "319"}, {"id": "3decc6bfadaa436a105714c6ba45c15b", "number": "5099823131", "date": "2021-01-23 13:00:00", "subject": "2", "recorded-or-robo": "Y", "city": "odessa", "state": "WA", "area-code": "509"}, {"id": "1d36742e3f24f50e4e7ae82801db651a", "number": "5099823131", "date": "2021-01-23 13:00:00", "subject": "2", "recorded-or-robo": "Y", "city": "odessa", "state": "WA", "area-code": "509"}, {"id": "3decc6bfadaa436a105714c6ba7c3222", "number": "+17248928558", "date": "2021-01-23 17:56:55", "subject": "3", "recorded-or-robo": "Y", "city": "", "state": "TX", "area-code": "214"}, {"id": "03e293b3df9e35eadf15c5611912afc6", "number": "+17248928558", "date": "2021-01-23 17:56:55", "subject": "3", "recorded-or-robo": "Y", "city": "", "state": "TX", "area-code": "214"}, {"id": "3decc6bfadaa436a105714c6ba45bbff", "number": "8444667889", "date": "2021-01-21 16:00:00", "subject": "2", "recorded-or-robo": "Y", "city": "SPOTSYLVANIA", "state": "VA", "area-code": "540"}, {"id": "1d36742e3f24f50e4e7ae82801db5fc6", "number": "8444667889", "date": "2021-01-21 16:00:00", "subject": "2", "recorded-or-robo": "Y", "city": "SPOTSYLVANIA", "state": "VA", "area-code": "540"}, {"id": "3decc6bfadaa436a105714c6ba879f7e", "number": "", "date": "2021-01-23 14:43:00", "subject": "3", "recorded-or-robo": "Y", "city": "", "state": "WA", "area-code": "509"}, {"id": "03e293b3df9e35eadf15c561191e30ac", "number": "", "date": "2021-01-23 14:43:00", "subject": "3", "recorded-or-robo": "Y", "city": "", "state": "WA", "area-code": "509"}, {"id": "3decc6bfadaa436a105714c6ba45bba5", "number": "2314628112", "date": "2021-01-23 17:48:00", "subject": "2", "recorded-or-robo": "", "city": "Cadillac", "state": "MI", "area-code": "231"}, {"id": "1d36742e3f24f50e4e7ae82801db5c5c", "number": "2314628112", "date": "2021-01-23 17:48:00", "subject": "2", "recorded-or-robo": "", "city": "Cadillac", "state": "MI", "area-code": "231"}, {"id": "3decc6bfadaa436a105714c6ba45b618", "number": "8443468656", "date": "2021-01-23 11:48:00", "subject": "2", "recorded-or-robo": "Y", "city": "", "state": "CA", "area-code": "916"}, {"id": "1d36742e3f24f50e4e7ae82801db50cd", "number": "8443468656", "date": "2021-01-23 11:48:00", "subject": "2", "recorded-or-robo": "Y", "city": "", "state": "CA", "area-code": "916"}, {"id": "3decc6bfadaa436a105714c6ba45b316", "number": "6313785073", "date": "2021-01-22 12:33:00", "subject": "2", "recorded-or-robo": "Y", "city": "East Moriches", "state": "NY", "area-code": "631"}, {"id": "1d36742e3f24f50e4e7ae82801db4147", "number": "6313785073", "date": "2021-01-22 12:33:00", "subject": "2", "recorded-or-robo": "Y", "city": "East Moriches", "state": "NY", "area-code": "631"}, {"id": "3decc6bfadaa436a105714c6ba45b17a", "number": "7243024990", "date": "2021-01-18 16:09:00", "subject": "1", "recorded-or-robo": "Y", "city": "", "state": "CA", "area-code": "310"}, {"id": "1d36742e3f24f50e4e7ae82801db3983", "number": "7243024990", "date": "2021-01-18 16:09:00", "subject": "1", "recorded-or-robo": "Y", "city": "", "state": "CA", "area-code": "310"}, {"id": "3decc6bfadaa436a105714c6ba7c1e74", "number": "8598387494", "date": "2021-01-23 17:55:13", "subject": "3", "recorded-or-robo": "Y", "city": "", "state": "KY", "area-code": "859"}, {"id": "03e293b3df9e35eadf15c5611912a4fc", "number": "8598387494", "date": "2021-01-23 17:55:13", "subject": "3", "recorded-or-robo": "Y", "city": "", "state": "KY", "area-code": "859"}, {"id": "3decc6bfadaa436a105714c6ba45a9c5", "number": "2064267507", "date": "2021-01-22 12:00:00", "subject": "2", "recorded-or-robo": "N", "city": "MORRIS NY", "state": "NY", "area-code": "607"}, {"id": "1d36742e3f24f50e4e7ae82801db2e51", "number": "2064267507", "date": "2021-01-22 12:00:00", "subject": "2", "recorded-or-robo": "N", "city": "MORRIS NY", "state": "NY", "area-code": "607"}, {"id": "3decc6bfadaa436a105714c6ba459a59", "number": "", "date": "2021-01-22 18:08:00", "subject": "7", "recorded-or-robo": "Y", "city": "Middleburg Hts.", "state": "OH", "area-code": "216"}, {"id": "1d36742e3f24f50e4e7ae82801db2b4a", "number": "", "date": "2021-01-22 18:08:00", "subject": "7", "recorded-or-robo": "Y", "city": "Middleburg Hts.", "state": "OH", "area-code": "216"}, {"id": "3decc6bfadaa436a105714c6ba4599cb", "number": "3189878594", "date": "2021-01-23 02:52:00", "subject": "0", "recorded-or-robo": "N", "city": "", "state": "OR", "area-code": "503"}, {"id": "1d36742e3f24f50e4e7ae82801db1ceb", "number": "3189878594", "date": "2021-01-23 02:52:00", "subject": "0", "recorded-or-robo": "N", "city": "", "state": "OR", "area-code": "503"}, {"id": "3decc6bfadaa436a105714c6ba459160", "number": "3152328257", "date": "2021-01-23 14:45:00", "subject": "2", "recorded-or-robo": "Y", "city": "Galveston", "state": "TX", "area-code": "409"}, {"id": "1d36742e3f24f50e4e7ae82801db0fbe", "number": "3152328257", "date": "2021-01-23 14:45:00", "subject": "2", "recorded-or-robo": "Y", "city": "Galveston", "state": "TX", "area-code": "409"}, {"id": "3decc6bfadaa436a105714c6ba456c8f", "number": "6099529856", "date": "2021-01-23 17:50:00", "subject": "3", "recorded-or-robo": "N", "city": "", "state": "NJ", "area-code": "609"}, {"id": "1d36742e3f24f50e4e7ae82801daee82", "number": "6099529856", "date": "2021-01-23 17:50:00", "subject": "3", "recorded-or-robo": "N", "city": "", "state": "NJ", "area-code": "609"}, {"id": "3decc6bfadaa436a105714c6ba458a43", "number": "6158566103", "date": "2021-01-19 06:35:00", "subject": "1", "recorded-or-robo": "Y", "city": "", "state": "CA", "area-code": "310"}, {"id": "1d36742e3f24f50e4e7ae82801db0e2f", "number": "6158566103", "date": "2021-01-19 06:35:00", "subject": "1", "recorded-or-robo": "Y", "city": "", "state": "CA", "area-code": "310"}, {"id": "3decc6bfadaa436a105714c6ba457eb8", "number": "6027133476", "date": "2021-01-21 15:19:00", "subject": "5", "recorded-or-robo": "Y", "city": "SURPRISE", "state": "AZ", "area-code": "602"}, {"id": "1d36742e3f24f50e4e7ae82801db0e0a", "number": "6027133476", "date": "2021-01-21 15:19:00", "subject": "5", "recorded-or-robo": "Y", "city": "SURPRISE", "state": "AZ", "area-code": "602"}, {"id": "3decc6bfadaa436a105714c6ba457967", "number": "6072133619", "date": "2021-01-19 11:16:00", "subject": "2", "recorded-or-robo": "Y", "city": "East Moriches", "state": "NY", "area-code": "631"}, {"id": "1d36742e3f24f50e4e7ae82801db0591", "number": "6072133619", "date": "2021-01-19 11:16:00", "subject": "2", "recorded-or-robo": "Y", "city": "East Moriches", "state": "NY", "area-code": "631"}, {"id": "3decc6bfadaa436a105714c6ba4574f1", "number": "8135568283", "date": "2021-01-23 17:50:00", "subject": "2", "recorded-or-robo": "Y", "city": "sun city center", "state": "FL", "area-code": "813"}, {"id": "1d36742e3f24f50e4e7ae82801daff9e", "number": "8135568283", "date": "2021-01-23 17:50:00", "subject": "2", "recorded-or-robo": "Y", "city": "sun city center", "state": "FL", "area-code": "813"}, {"id": "3decc6bfadaa436a105714c6ba45723d", "number": "7076061006", "date": "2021-01-22 09:00:00", "subject": "2", "recorded-or-robo": "Y", "city": "", "state": "CA", "area-code": "707"}, {"id": "1d36742e3f24f50e4e7ae82801daf1fe", "number": "7076061006", "date": "2021-01-22 09:00:00", "subject": "2", "recorded-or-robo": "Y", "city": "", "state": "CA", "area-code": "707"}, {"id": "3decc6bfadaa436a105714c6ba4504a7", "number": "7027572219", "date": "2021-01-22 08:11:00", "subject": "3", "recorded-or-robo": "N", "city": "", "state": "NV", "area-code": "702"}, {"id": "1d36742e3f24f50e4e7ae82801da778f", "number": "7027572219", "date": "2021-01-22 08:11:00", "subject": "3", "recorded-or-robo": "N", "city": "", "state": "NV", "area-code": "702"}, {"id": "3decc6bfadaa436a105714c6ba456142", "number": "7421794234", "date": "2021-01-23 02:49:00", "subject": "2", "recorded-or-robo": "Y", "city": "San Diego", "state": "CA", "area-code": "619"}]}