{"data": [{"id": "03e293b3df9e35eadf15c5611972d60e", "number": "", "date": "2021-01-23 13:10:00", "subject": "2", "recorded-or-robo": "Y", "city": "Saint Louis", "state": "MO", "area-code": "314"}, {"id": "3decc6bfadaa436a105714c6badcfc70", "number": "8474649875", "date": "2021-01-21 15:32:00", "subject": "3", "recorded-or-robo": "Y", "city": "CHICAGO", "state": "IL", "area-code": "312"}, {"id": "03e293b3df9e35eadf15c5611972d4f4", "number": "8474649875", "date": "2021-01-21 15:32:00", "subject": "3", "recorded-or-robo": "Y", "city": "CHICAGO", "state": "IL", "area-code": "312"}, {"id": "3decc6bfadaa436a105714c6badcfc0d", "number": "2136408828", "date": "2021-01-05 12:22:00", "subject": "2", "recorded-or-robo": "Y", "city": "", "state": "CA", "area-code": "213"}, {"id": "03e293b3df9e35eadf15c5611972cc89", "number": "2136408828", "date": "2021-01-05 12:22:00", "subject": "2", "recorded-or-robo": "Y", "city": "", "state": "CA", "area-code": "213"}, {"id": "3decc6bfadaa436a105714c6badcf761", "number": "3125022642", "date": "2021-01-22 10:47:00", "subject": "3", "recorded-or-robo": "Y", "city": "CHICAGO", "state": "IL", "area-code": "312"}, {"id": "03e293b3df9e35eadf15c5611972c4e0", "number": "3125022642", "date": "2021-01-22 10:47:00", "subject": "3", "recorded-or-robo": "Y", "city": "CHICAGO", "state": "IL", "area-code": "312"}, {"id": "3decc6bfadaa436a105714c6badcea1f", "number": "8166006420", "date": "2021-01-18 13:44:00", "subject": "1", "recorded-or-robo": "Y", "city": "Loveland", "state": "CO", "area-code": "970"}, {"id": "03e293b3df9e35eadf15c5611972b9c8", "number": "8166006420", "date": "2021-01-18 13:44:00", "subject": "1", "recorded-or-robo": "Y", "city": "Loveland", "state": "CO", "area-code": "970"}, {"id": "3decc6bfadaa436a105714c6badce616", "number": "8183691114", "date": "2021-01-05 12:50:00", "subject": "2", "recorded-or-robo": "Y", "city": "", "state": "CA", "area-code": "213"}, {"id": "3decc6bfadaa436a105714c6badcda62", "number": "7736925074", "date": "2021-01-22 12:45:00", "subject": "3", "recorded-or-robo": "Y", "city": "CHICAGO", "state": "IL", "area-code": "312"}, {"id": "03e293b3df9e35eadf15c5611972ab10", "number": "8183691114", "date": "2021-01-05 12:50:00", "subject": "2", "recorded-or-robo": "Y", "city": "", "state": "CA", "area-code": "213"}, {"id": "03e293b3df9e35eadf15c5611972a98f", "number": "7736925074", "date": "2021-01-22 12:45:00", "subject": "3", "recorded-or-robo": "Y", "city": "CHICAGO", "state": "IL", "area-code": "312"}, {"id": "3decc6bfadaa436a105714c6badccfbf", "number": "6197051081", "date": "2021-01-24 21:01:00", "subject": "0", "recorded-or-robo": "Y", "city": "", "state": "CA", "area-code": "805"}, {"id": "03e293b3df9e35eadf15c56119729ce1", "number": "6197051081", "date": "2021-01-24 21:01:00", "subject": "0", "recorded-or-robo": "Y", "city": "", "state": "CA", "area-code": "805"}, {"id": "3decc6bfadaa436a105714c6badcc068", "number": "8474649875", "date": "2021-01-22 10:26:00", "subject": "3", "recorded-or-robo": "Y", "city": "CHICAGO", "state": "IL", "area-code": "312"}, {"id": "03e293b3df9e35eadf15c561197292e4", "number": "8474649875", "date": "2021-01-22 10:26:00", "subject": "3", "recorded-or-robo": "Y", "city": "CHICAGO", "state": "IL", "area-code": "312"}, {"id": "3decc6bfadaa436a105714c6badcba30", "number": "4108810674", "date": "2021-01-05 12:00:00", "subject": "2", "recorded-or-robo": "Y", "city": "", "state": "CA", "area-code": "213"}, {"id": "03e293b3df9e35eadf15c56119728417", "number": "4108810674", "date": "2021-01-05 12:00:00", "subject": "2", "recorded-or-robo": "Y", "city": "", "state": "CA", "area-code": "213"}, {"id": "3decc6bfadaa436a105714c6badcb365", "number": "8313092301", "date": "2021-01-05 11:44:00", "subject": "2", "recorded-or-robo": "Y", "city": "", "state": "CA", "area-code": "213"}, {"id": "03e293b3df9e35eadf15c56119727e73", "number": "8313092301", "date": "2021-01-05 11:44:00", "subject": "2", "recorded-or-robo": "Y", "city": "", "state": "CA", "area-code": "213"}, {"id": "3decc6bfadaa436a105714c6badcac52", "number": "8474649875", "date": "2021-01-23 09:32:00", "subject": "3", "recorded-or-robo": "Y", "city": "CHICAGO", "state": "IL", "area-code": "312"}, {"id": "03e293b3df9e35eadf15c56119727b7c", "number": "8474649875", "date": "2021-01-23 09:32:00", "subject": "3", "recorded-or-robo": "Y", "city": "CHICAGO", "state": "IL", "area-code": "312"}, {"id": "3decc6bfadaa436a105714c6badca91b", "number": "3106727750", "date": "2021-01-04 14:30:00", "subject": "2", "recorded-or-robo": "Y", "city": "", "state": "CA", "area-code": "213"}, {"id": "03e293b3df9e35eadf15c5611972709a", "number": "3106727750", "date": "2021-01-04 14:30:00", "subject": "2", "recorded-or-robo": "Y", "city": "", "state": "CA", "area-code": "213"}, {"id": "3decc6bfadaa436a105714c6badca248", "number": "3103755683", "date": "2021-01-03 10:48:00", "subject": "2", "recorded-or-robo": "Y", "city": "", "state": "CA", "area-code": "213"}, {"id": "03e293b3df9e35eadf15c56119726903", "number": "3103755683", "date": "2021-01-03 10:48:00", "subject": "2", "recorded-or-robo": "Y", "city": "", "state": "CA", "area-code": "213"}, {"id": "3decc6bfadaa436a105714c6badc963a", "number": "3103755683", "date": "2021-01-05 16:15:00", "subject": "2", "recorded-or-robo": "Y", "city": "", "state": "CA", "area-code": "213"}, {"id": "03e293b3df9e35eadf15c56119725acb", "number": "3103755683", "date": "2021-01-05 16:15:00", "subject": "2", "recorded-or-robo": "Y", "city": "", "state": "CA", "area-code": "213"}, {"id": "3decc6bfadaa436a105714c6badc8ecb", "number": "7862570686", "date": "2021-01-02 14:54:00", "subject": "2", "recorded-or-robo": "Y", "city": "", "state": "CA", "area-code": "213"}, {"id": "03e293b3df9e35eadf15c561197251ed", "number": "7862570686", "date": "2021-01-02 14:54:00", "subject": "2", "recorded-or-robo": "Y", "city": "", "state": "CA", "area-code": "213"}, {"id": "3decc6bfadaa436a105714c6badc886d", "number": "", "date": "2021-01-22 07:54:00", "subject": "4", "recorded-or-robo": "Y", "city": "Solana Beach", "state": "CA", "area-code": "760"}, {"id": "03e293b3df9e35eadf15c56119724640", "number": "", "date": "2021-01-22 07:54:00", "subject": "4", "recorded-or-robo": "Y", "city": "Solana Beach", "state": "CA", "area-code": "760"}, {"id": "3decc6bfadaa436a105714c6badc7b34", "number": "8027317297", "date": "2021-01-02 14:42:00", "subject": "2", "recorded-or-robo": "Y", "city": "", "state": "CA", "area-code": "213"}, {"id": "03e293b3df9e35eadf15c561197237bd", "number": "8027317297", "date": "2021-01-02 14:42:00", "subject": "2", "recorded-or-robo": "Y", "city": "", "state": "CA", "area-code": "213"}, {"id": "3decc6bfadaa436a105714c6badc6dc6", "number": "4101000003", "date": "2020-12-28 14:55:00", "subject": "0", "recorded-or-robo": "N", "city": "Calverton", "state": "MD", "area-code": "301"}, {"id": "03e293b3df9e35eadf15c56119722d38", "number": "4101000003", "date": "2020-12-28 14:55:00", "subject": "0", "recorded-or-robo": "N", "city": "Calverton", "state": "MD", "area-code": "301"}, {"id": "3decc6bfadaa436a105714c6badc60fc", "number": "3104790062", "date": "2021-01-02 13:53:00", "subject": "2", "recorded-or-robo": "Y", "city": "", "state": "CA", "area-code": "213"}, {"id": "03e293b3df9e35eadf15c561197224f5", "number": "3104790062", "date": "2021-01-02 13:53:00", "subject": "2", "recorded-or-robo": "Y", "city": "", "state": "CA", "area-code": "213"}, {"id": "3decc6bfadaa436a105714c6badc53a9", "number": "3024464416", "date": "2020-12-30 15:40:00", "subject": "2", "recorded-or-robo": "Y", "city": "", "state": "CA", "area-code": "213"}, {"id": "03e293b3df9e35eadf15c5611972178f", "number": "3024464416", "date": "2020-12-30 15:40:00", "subject": "2", "recorded-or-robo": "Y", "city": "", "state": "CA", "area-code": "213"}, {"id": "3decc6bfadaa436a105714c6badc4ab1", "number": "6156820109", "date": "2021-01-23 00:00:00", "subject": "2", "recorded-or-robo": "Y", "city": "Knoxville", "state": "TN", "area-code": "865"}, {"id": "03e293b3df9e35eadf15c56119720f92", "number": "6156820109", "date": "2021-01-23 00:00:00", "subject": "2", "recorded-or-robo": "Y", "city": "Knoxville", "state": "TN", "area-code": "865"}, {"id": "3decc6bfadaa436a105714c6badc426e", "number": "4697975287", "date": "2020-12-28 11:44:00", "subject": "0", "recorded-or-robo": "N", "city": "Calverton", "state": "MD", "area-code": "301"}, {"id": "03e293b3df9e35eadf15c56119720a45", "number": "4697975287", "date": "2020-12-28 11:44:00", "subject": "0", "recorded-or-robo": "N", "city": "Calverton", "state": "MD", "area-code": "301"}, {"id": "3decc6bfadaa436a105714c6badc33c7", "number": "3105458201", "date": "2020-12-30 15:08:00", "subject": "2", "recorded-or-robo": "Y", "city": "", "state": "CA", "area-code": "213"}, {"id": "03e293b3df9e35eadf15c5611971fef9", "number": "3105458201", "date": "2020-12-30 15:08:00", "subject": "2", "recorded-or-robo": "Y", "city": "", "state": "CA", "area-code": "213"}, {"id": "3decc6bfadaa436a105714c6badc29cd", "number": "3103900969", "date": "2020-12-30 10:14:00", "subject": "2", "recorded-or-robo": "Y", "city": "", "state": "CA", "area-code": "213"}, {"id": "03e293b3df9e35eadf15c5611971f24c", "number": "3103900969", "date": "2020-12-30 10:14:00", "subject": "2", "recorded-or-robo": "Y", "city": "", "state": "CA", "area-code": "213"}, {"id": "3decc6bfadaa436a105714c6badc2542", "number": "3108416335", "date": "2020-12-30 09:10:00", "subject": "2", "recorded-or-robo": "Y", "city": "", "state": "CA", "area-code": "213"}]}