{"data": [{"id": "1d36742e3f24f50e4e7ae8280195e225", "number": "7188527736", "date": "2021-01-20 10:22:00", "subject": "5", "recorded-or-robo": "Y", "city": "queens", "state": "NY", "area-code": "718"}, {"id": "e81c9350d54f66c6d33b3747eefe723d", "number": "8882030397", "date": "2021-01-23 12:41:00", "subject": "7", "recorded-or-robo": "Y", "city": "Middletown", "state": "CT", "area-code": "860"}, {"id": "1d36742e3f24f50e4e7ae8280195e0bf", "number": "8882030397", "date": "2021-01-23 12:41:00", "subject": "7", "recorded-or-robo": "Y", "city": "Middletown", "state": "CT", "area-code": "860"}, {"id": "e81c9350d54f66c6d33b3747eefe717c", "number": "2016346555", "date": "2021-01-23 12:07:00", "subject": "1", "recorded-or-robo": "Y", "city": "", "state": "NJ", "area-code": "201"}, {"id": "1d36742e3f24f50e4e7ae8280195d214", "number": "2016346555", "date": "2021-01-23 12:07:00", "subject": "1", "recorded-or-robo": "Y", "city": "", "state": "NJ", "area-code": "201"}, {"id": "e81c9350d54f66c6d33b3747eefe6fe5", "number": "2569357860", "date": "2021-01-23 11:42:00", "subject": "0", "recorded-or-robo": "Y", "city": "Madison", "state": "AL", "area-code": "256"}, {"id": "1d36742e3f24f50e4e7ae8280195cf6a", "number": "2569357860", "date": "2021-01-23 11:42:00", "subject": "0", "recorded-or-robo": "Y", "city": "Madison", "state": "AL", "area-code": "256"}, {"id": "e81c9350d54f66c6d33b3747eefe64ce", "number": "9089224413", "date": "2021-01-23 10:36:00", "subject": "7", "recorded-or-robo": "Y", "city": "Fords", "state": "NJ", "area-code": "908"}, {"id": "1d36742e3f24f50e4e7ae8280195c1c7", "number": "9089224413", "date": "2021-01-23 10:36:00", "subject": "7", "recorded-or-robo": "Y", "city": "Fords", "state": "NJ", "area-code": "908"}, {"id": "e81c9350d54f66c6d33b3747eefe5811", "number": "2105269581", "date": "2021-01-22 09:02:00", "subject": "3", "recorded-or-robo": "Y", "city": "Dayton", "state": "WY", "area-code": "307"}, {"id": "1d36742e3f24f50e4e7ae8280195c07b", "number": "2105269581", "date": "2021-01-22 09:02:00", "subject": "3", "recorded-or-robo": "Y", "city": "Dayton", "state": "WY", "area-code": "307"}, {"id": "e81c9350d54f66c6d33b3747eefe47b0", "number": "9107084455", "date": "2021-01-23 12:43:00", "subject": "6", "recorded-or-robo": "N", "city": "", "state": "NC", "area-code": "910"}, {"id": "1d36742e3f24f50e4e7ae8280195b84d", "number": "9107084455", "date": "2021-01-23 12:43:00", "subject": "6", "recorded-or-robo": "N", "city": "", "state": "NC", "area-code": "910"}, {"id": "e81c9350d54f66c6d33b3747eefe42a3", "number": "5162107736", "date": "2021-01-20 13:58:00", "subject": "7", "recorded-or-robo": "Y", "city": "queens", "state": "NY", "area-code": "718"}, {"id": "1d36742e3f24f50e4e7ae8280195af7e", "number": "5162107736", "date": "2021-01-20 13:58:00", "subject": "7", "recorded-or-robo": "Y", "city": "queens", "state": "NY", "area-code": "718"}, {"id": "e81c9350d54f66c6d33b3747eefe3679", "number": "", "date": "2021-01-23 11:12:00", "subject": "1", "recorded-or-robo": "Y", "city": "Mauston", "state": "WI", "area-code": "608"}, {"id": "1d36742e3f24f50e4e7ae8280195a8a5", "number": "", "date": "2021-01-23 11:12:00", "subject": "1", "recorded-or-robo": "Y", "city": "Mauston", "state": "WI", "area-code": "608"}, {"id": "e81c9350d54f66c6d33b3747eefe2e42", "number": "8706007077", "date": "2021-01-22 14:45:00", "subject": "4", "recorded-or-robo": "Y", "city": "Canton", "state": "IL", "area-code": "309"}, {"id": "1d36742e3f24f50e4e7ae82801959fb7", "number": "8706007077", "date": "2021-01-22 14:45:00", "subject": "4", "recorded-or-robo": "Y", "city": "Canton", "state": "IL", "area-code": "309"}, {"id": "e81c9350d54f66c6d33b3747eefe1f59", "number": "3188433216", "date": "2021-01-22 10:07:00", "subject": "2", "recorded-or-robo": "Y", "city": "Atlanta", "state": "GA", "area-code": "404"}, {"id": "1d36742e3f24f50e4e7ae82801959d18", "number": "3188433216", "date": "2021-01-22 10:07:00", "subject": "2", "recorded-or-robo": "Y", "city": "Atlanta", "state": "GA", "area-code": "404"}, {"id": "e81c9350d54f66c6d33b3747eefe1579", "number": "3105870135", "date": "2021-01-18 19:16:00", "subject": "0", "recorded-or-robo": "N", "city": "Torrance", "state": "CA", "area-code": "310"}, {"id": "e81c9350d54f66c6d33b3747eefe1537", "number": "4078915380", "date": "2021-01-23 12:43:00", "subject": "0", "recorded-or-robo": "Y", "city": "", "state": "FL", "area-code": "407"}, {"id": "1d36742e3f24f50e4e7ae82801958e98", "number": "3105870135", "date": "2021-01-18 19:16:00", "subject": "0", "recorded-or-robo": "N", "city": "Torrance", "state": "CA", "area-code": "310"}, {"id": "1d36742e3f24f50e4e7ae828019589a7", "number": "4078915380", "date": "2021-01-23 12:43:00", "subject": "0", "recorded-or-robo": "Y", "city": "", "state": "FL", "area-code": "407"}, {"id": "e81c9350d54f66c6d33b3747eefe136e", "number": "9198972962", "date": "2021-01-13 16:58:00", "subject": "4", "recorded-or-robo": "Y", "city": "", "state": "NC", "area-code": "919"}, {"id": "1d36742e3f24f50e4e7ae82801957d15", "number": "9198972962", "date": "2021-01-13 16:58:00", "subject": "4", "recorded-or-robo": "Y", "city": "", "state": "NC", "area-code": "919"}, {"id": "e81c9350d54f66c6d33b3747eefe105b", "number": "", "date": "2021-01-22 11:25:00", "subject": "1", "recorded-or-robo": "Y", "city": "Lake Stevens", "state": "WA", "area-code": "425"}, {"id": "1d36742e3f24f50e4e7ae82801957ceb", "number": "", "date": "2021-01-22 11:25:00", "subject": "1", "recorded-or-robo": "Y", "city": "Lake Stevens", "state": "WA", "area-code": "425"}, {"id": "e81c9350d54f66c6d33b3747eefe0a1a", "number": "5748356055", "date": "2021-01-23 12:42:00", "subject": "11", "recorded-or-robo": "Y", "city": "Rochester", "state": "IN", "area-code": "574"}, {"id": "1d36742e3f24f50e4e7ae82801957578", "number": "5748356055", "date": "2021-01-23 12:42:00", "subject": "11", "recorded-or-robo": "Y", "city": "Rochester", "state": "IN", "area-code": "574"}, {"id": "e81c9350d54f66c6d33b3747eefe06f7", "number": "7028509281", "date": "2021-01-23 09:00:00", "subject": "13", "recorded-or-robo": "N", "city": "Wildomar", "state": "CA", "area-code": "760"}, {"id": "1d36742e3f24f50e4e7ae82801956f50", "number": "7028509281", "date": "2021-01-23 09:00:00", "subject": "13", "recorded-or-robo": "N", "city": "Wildomar", "state": "CA", "area-code": "760"}, {"id": "e81c9350d54f66c6d33b3747eefdfb3d", "number": "7186434050", "date": "2021-01-20 15:33:00", "subject": "5", "recorded-or-robo": "Y", "city": "queens", "state": "NY", "area-code": "718"}, {"id": "1d36742e3f24f50e4e7ae828019566d8", "number": "7186434050", "date": "2021-01-20 15:33:00", "subject": "5", "recorded-or-robo": "Y", "city": "queens", "state": "NY", "area-code": "718"}, {"id": "e81c9350d54f66c6d33b3747eefdf810", "number": "3077627410", "date": "2021-01-23 10:43:00", "subject": "1", "recorded-or-robo": "Y", "city": "Dayton", "state": "WY", "area-code": "307"}, {"id": "1d36742e3f24f50e4e7ae828019556f9", "number": "3077627410", "date": "2021-01-23 10:43:00", "subject": "1", "recorded-or-robo": "Y", "city": "Dayton", "state": "WY", "area-code": "307"}, {"id": "e81c9350d54f66c6d33b3747eefdefff", "number": "2118078303", "date": "2021-01-23 01:32:00", "subject": "6", "recorded-or-robo": "N", "city": "Clio", "state": "MI", "area-code": "810"}, {"id": "1d36742e3f24f50e4e7ae828019548f9", "number": "2118078303", "date": "2021-01-23 01:32:00", "subject": "6", "recorded-or-robo": "N", "city": "Clio", "state": "MI", "area-code": "810"}, {"id": "e81c9350d54f66c6d33b3747eefdef00", "number": "8607205587", "date": "2021-01-22 21:00:00", "subject": "9", "recorded-or-robo": "Y", "city": "Oakdale", "state": "CT", "area-code": "860"}, {"id": "1d36742e3f24f50e4e7ae82801953d1f", "number": "8607205587", "date": "2021-01-22 21:00:00", "subject": "9", "recorded-or-robo": "Y", "city": "Oakdale", "state": "CT", "area-code": "860"}, {"id": "e81c9350d54f66c6d33b3747eefded5b", "number": "9196469795", "date": "2021-01-20 13:39:00", "subject": "4", "recorded-or-robo": "Y", "city": "", "state": "NC", "area-code": "919"}, {"id": "1d36742e3f24f50e4e7ae82801953256", "number": "9196469795", "date": "2021-01-20 13:39:00", "subject": "4", "recorded-or-robo": "Y", "city": "", "state": "NC", "area-code": "919"}, {"id": "e81c9350d54f66c6d33b3747eefde371", "number": "7862596486", "date": "2021-01-19 14:05:00", "subject": "2", "recorded-or-robo": "Y", "city": "Burbank", "state": "IL", "area-code": "708"}, {"id": "1d36742e3f24f50e4e7ae82801952c46", "number": "7862596486", "date": "2021-01-19 14:05:00", "subject": "2", "recorded-or-robo": "Y", "city": "Burbank", "state": "IL", "area-code": "708"}, {"id": "e81c9350d54f66c6d33b3747eefdd3b5", "number": "3145354465", "date": "2021-01-23 11:13:00", "subject": "11", "recorded-or-robo": "", "city": "", "state": "MO", "area-code": "314"}, {"id": "1d36742e3f24f50e4e7ae828019529fc", "number": "3145354465", "date": "2021-01-23 11:13:00", "subject": "11", "recorded-or-robo": "", "city": "", "state": "MO", "area-code": "314"}, {"id": "e81c9350d54f66c6d33b3747eefdcc45", "number": "3054229577", "date": "2021-01-22 15:07:00", "subject": "2", "recorded-or-robo": "Y", "city": "", "state": "TX", "area-code": "832"}, {"id": "1d36742e3f24f50e4e7ae828019525dc", "number": "3054229577", "date": "2021-01-22 15:07:00", "subject": "2", "recorded-or-robo": "Y", "city": "", "state": "TX", "area-code": "832"}, {"id": "e81c9350d54f66c6d33b3747eefdc102", "number": "9176084380", "date": "2021-01-20 18:01:00", "subject": "7", "recorded-or-robo": "Y", "city": "queens", "state": "NY", "area-code": "718"}]}