{"data": [{"id": "1d36742e3f24f50e4e7ae82801ab783e", "number": "5012616060", "date": "2021-01-23 09:51:00", "subject": "1", "recorded-or-robo": "Y", "city": "North Las Vegas", "state": "NV", "area-code": "407"}, {"id": "3decc6bfadaa436a105714c6ba143b03", "number": "", "date": "2021-01-21 10:30:00", "subject": "3", "recorded-or-robo": "Y", "city": "", "state": "NY", "area-code": "607"}, {"id": "1d36742e3f24f50e4e7ae82801ab6caa", "number": "", "date": "2021-01-21 10:30:00", "subject": "3", "recorded-or-robo": "Y", "city": "", "state": "NY", "area-code": "607"}, {"id": "3decc6bfadaa436a105714c6ba56448d", "number": "+14012444790", "date": "2021-01-23 14:04:09", "subject": "3", "recorded-or-robo": "Y", "city": "", "state": "TX", "area-code": "817"}, {"id": "1d36742e3f24f50e4e7ae82801ec9e99", "number": "+14012444790", "date": "2021-01-23 14:04:09", "subject": "3", "recorded-or-robo": "Y", "city": "", "state": "TX", "area-code": "817"}, {"id": "3decc6bfadaa436a105714c6ba143162", "number": "7204639488", "date": "2021-01-22 10:12:00", "subject": "4", "recorded-or-robo": "Y", "city": "", "state": "CO", "area-code": "720"}, {"id": "1d36742e3f24f50e4e7ae82801ab5da2", "number": "7204639488", "date": "2021-01-22 10:12:00", "subject": "4", "recorded-or-robo": "Y", "city": "", "state": "CO", "area-code": "720"}, {"id": "3decc6bfadaa436a105714c6ba14224c", "number": "", "date": "2021-01-23 12:45:00", "subject": "1", "recorded-or-robo": "Y", "city": "LONG BEACH", "state": "MS", "area-code": "228"}, {"id": "1d36742e3f24f50e4e7ae82801ab545f", "number": "", "date": "2021-01-23 12:45:00", "subject": "1", "recorded-or-robo": "Y", "city": "LONG BEACH", "state": "MS", "area-code": "228"}, {"id": "3decc6bfadaa436a105714c6ba14159a", "number": "6148380106", "date": "2021-01-23 13:35:00", "subject": "2", "recorded-or-robo": "N", "city": "Columbus", "state": "OH", "area-code": "614"}, {"id": "1d36742e3f24f50e4e7ae82801ab4c2a", "number": "6148380106", "date": "2021-01-23 13:35:00", "subject": "2", "recorded-or-robo": "N", "city": "Columbus", "state": "OH", "area-code": "614"}, {"id": "3decc6bfadaa436a105714c6ba1407c9", "number": "9739632267", "date": "2021-01-23 13:45:00", "subject": "0", "recorded-or-robo": "", "city": "", "state": "NJ", "area-code": "973"}, {"id": "1d36742e3f24f50e4e7ae82801ab478a", "number": "9739632267", "date": "2021-01-23 13:45:00", "subject": "0", "recorded-or-robo": "", "city": "", "state": "NJ", "area-code": "973"}, {"id": "3decc6bfadaa436a105714c6ba14034b", "number": "6106695811", "date": "2021-01-22 12:44:00", "subject": "2", "recorded-or-robo": "Y", "city": "Sinking Spring", "state": "PA", "area-code": "610"}, {"id": "1d36742e3f24f50e4e7ae82801ab4299", "number": "6106695811", "date": "2021-01-22 12:44:00", "subject": "2", "recorded-or-robo": "Y", "city": "Sinking Spring", "state": "PA", "area-code": "610"}, {"id": "3decc6bfadaa436a105714c6ba13f62e", "number": "2674352604", "date": "2021-01-23 13:56:00", "subject": "0", "recorded-or-robo": "Y", "city": "fort myers", "state": "FL", "area-code": "612"}, {"id": "1d36742e3f24f50e4e7ae82801ab32f4", "number": "2674352604", "date": "2021-01-23 13:56:00", "subject": "0", "recorded-or-robo": "Y", "city": "fort myers", "state": "FL", "area-code": "612"}, {"id": "3decc6bfadaa436a105714c6ba13e86b", "number": "9542396610", "date": "2021-01-21 14:24:00", "subject": "2", "recorded-or-robo": "", "city": "Bremen", "state": "AL", "area-code": "256"}, {"id": "1d36742e3f24f50e4e7ae82801ab3053", "number": "9542396610", "date": "2021-01-21 14:24:00", "subject": "2", "recorded-or-robo": "", "city": "Bremen", "state": "AL", "area-code": "256"}, {"id": "3decc6bfadaa436a105714c6ba13e5a8", "number": "5124417630", "date": "2021-01-21 13:10:00", "subject": "3", "recorded-or-robo": "N", "city": "Austin", "state": "TX", "area-code": "512"}, {"id": "1d36742e3f24f50e4e7ae82801ab241d", "number": "5124417630", "date": "2021-01-21 13:10:00", "subject": "3", "recorded-or-robo": "N", "city": "Austin", "state": "TX", "area-code": "512"}, {"id": "3decc6bfadaa436a105714c6ba13e05d", "number": "8507835118", "date": "2021-01-23 00:00:00", "subject": "2", "recorded-or-robo": "Y", "city": "DeFuniak Springs", "state": "FL", "area-code": "850"}, {"id": "1d36742e3f24f50e4e7ae82801ab2063", "number": "8507835118", "date": "2021-01-23 00:00:00", "subject": "2", "recorded-or-robo": "Y", "city": "DeFuniak Springs", "state": "FL", "area-code": "850"}, {"id": "3decc6bfadaa436a105714c6ba13a246", "number": "2173686111", "date": "2021-01-23 13:00:00", "subject": "3", "recorded-or-robo": "N", "city": "", "state": "IL", "area-code": "618"}, {"id": "1d36742e3f24f50e4e7ae82801aad2a3", "number": "2173686111", "date": "2021-01-23 13:00:00", "subject": "3", "recorded-or-robo": "N", "city": "", "state": "IL", "area-code": "618"}, {"id": "3decc6bfadaa436a105714c6ba13dd7f", "number": "6097335112", "date": "2021-01-20 13:08:00", "subject": "0", "recorded-or-robo": "Y", "city": "Bridgeton", "state": "NJ", "area-code": "856"}, {"id": "1d36742e3f24f50e4e7ae82801ab13e2", "number": "6097335112", "date": "2021-01-20 13:08:00", "subject": "0", "recorded-or-robo": "Y", "city": "Bridgeton", "state": "NJ", "area-code": "856"}, {"id": "3decc6bfadaa436a105714c6ba13d8eb", "number": "6077654523", "date": "2021-01-23 13:23:00", "subject": "11", "recorded-or-robo": "Y", "city": "", "state": "NY", "area-code": "607"}, {"id": "1d36742e3f24f50e4e7ae82801ab050e", "number": "6077654523", "date": "2021-01-23 13:23:00", "subject": "11", "recorded-or-robo": "Y", "city": "", "state": "NY", "area-code": "607"}, {"id": "3decc6bfadaa436a105714c6ba13d79f", "number": "3153337693", "date": "2021-01-23 13:56:00", "subject": "4", "recorded-or-robo": "Y", "city": "New York", "state": "NY", "area-code": "212"}, {"id": "3decc6bfadaa436a105714c6ba13cab3", "number": "8316821183", "date": "2021-01-22 09:39:00", "subject": "0", "recorded-or-robo": "Y", "city": "Carmel", "state": "CA", "area-code": "831"}, {"id": "1d36742e3f24f50e4e7ae82801aaf9d3", "number": "3153337693", "date": "2021-01-23 13:56:00", "subject": "4", "recorded-or-robo": "Y", "city": "New York", "state": "NY", "area-code": "212"}, {"id": "1d36742e3f24f50e4e7ae82801aaf481", "number": "8316821183", "date": "2021-01-22 09:39:00", "subject": "0", "recorded-or-robo": "Y", "city": "Carmel", "state": "CA", "area-code": "831"}, {"id": "3decc6bfadaa436a105714c6ba13c985", "number": "4024888618", "date": "2021-01-22 20:26:00", "subject": "2", "recorded-or-robo": "Y", "city": "", "state": "NE", "area-code": "402"}, {"id": "1d36742e3f24f50e4e7ae82801aaf43f", "number": "4024888618", "date": "2021-01-22 20:26:00", "subject": "2", "recorded-or-robo": "Y", "city": "", "state": "NE", "area-code": "402"}, {"id": "3decc6bfadaa436a105714c6ba13c53b", "number": "5714640225", "date": "2021-01-23 13:00:00", "subject": "3", "recorded-or-robo": "Y", "city": "", "state": "AR", "area-code": "870"}, {"id": "1d36742e3f24f50e4e7ae82801aaf10c", "number": "5714640225", "date": "2021-01-23 13:00:00", "subject": "3", "recorded-or-robo": "Y", "city": "", "state": "AR", "area-code": "870"}, {"id": "3decc6bfadaa436a105714c6ba13bd6e", "number": "3056079792", "date": "2021-01-21 12:14:00", "subject": "2", "recorded-or-robo": "", "city": "Orlando", "state": "FL", "area-code": "305"}, {"id": "1d36742e3f24f50e4e7ae82801aae90d", "number": "3056079792", "date": "2021-01-21 12:14:00", "subject": "2", "recorded-or-robo": "", "city": "Orlando", "state": "FL", "area-code": "305"}, {"id": "3decc6bfadaa436a105714c6ba13ae72", "number": "7866232787", "date": "2021-01-23 13:00:00", "subject": "2", "recorded-or-robo": "Y", "city": "Grand Ledge", "state": "MI", "area-code": "517"}, {"id": "1d36742e3f24f50e4e7ae82801aada41", "number": "7866232787", "date": "2021-01-23 13:00:00", "subject": "2", "recorded-or-robo": "Y", "city": "Grand Ledge", "state": "MI", "area-code": "517"}, {"id": "3decc6bfadaa436a105714c6ba13ab7e", "number": "", "date": "2021-01-23 12:00:00", "subject": "2", "recorded-or-robo": "N", "city": "Mc Kees Rocks", "state": "PA", "area-code": "412"}, {"id": "1d36742e3f24f50e4e7ae82801aad837", "number": "", "date": "2021-01-23 12:00:00", "subject": "2", "recorded-or-robo": "N", "city": "Mc Kees Rocks", "state": "PA", "area-code": "412"}, {"id": "3decc6bfadaa436a105714c6ba1361e1", "number": "6087921660", "date": "2021-01-22 17:47:00", "subject": "3", "recorded-or-robo": "N", "city": "", "state": "WI", "area-code": "608"}, {"id": "1d36742e3f24f50e4e7ae82801aa9dd2", "number": "6087921660", "date": "2021-01-22 17:47:00", "subject": "3", "recorded-or-robo": "N", "city": "", "state": "WI", "area-code": "608"}, {"id": "3decc6bfadaa436a105714c6ba13988d", "number": "5124417487", "date": "2021-01-21 17:53:00", "subject": "3", "recorded-or-robo": "N", "city": "Austin", "state": "TX", "area-code": "512"}, {"id": "1d36742e3f24f50e4e7ae82801aac96f", "number": "5124417487", "date": "2021-01-21 17:53:00", "subject": "3", "recorded-or-robo": "N", "city": "Austin", "state": "TX", "area-code": "512"}, {"id": "3decc6bfadaa436a105714c6ba138ba5", "number": "", "date": "2021-01-23 13:57:00", "subject": "2", "recorded-or-robo": "Y", "city": "Rocky River", "state": "OH", "area-code": "216"}, {"id": "1d36742e3f24f50e4e7ae82801aac3ac", "number": "", "date": "2021-01-23 13:57:00", "subject": "2", "recorded-or-robo": "Y", "city": "Rocky River", "state": "OH", "area-code": "216"}, {"id": "3decc6bfadaa436a105714c6ba138007", "number": "2566965275", "date": "2021-01-21 17:50:00", "subject": "2", "recorded-or-robo": "", "city": "Bremen", "state": "AL", "area-code": "256"}]}