{"data": [{"id": "03e293b3df9e35eadf15c56119710a97", "number": "2027541428", "date": "2021-01-23 14:25:00", "subject": "1", "recorded-or-robo": "N", "city": "", "state": "CA", "area-code": "619"}, {"id": "3decc6bfadaa436a105714c6badb4ff6", "number": "7142827208", "date": "2021-01-21 12:51:00", "subject": "2", "recorded-or-robo": "Y", "city": "Huntington Beach", "state": "CA", "area-code": "714"}, {"id": "03e293b3df9e35eadf15c561197109f7", "number": "7142827208", "date": "2021-01-21 12:51:00", "subject": "2", "recorded-or-robo": "Y", "city": "Huntington Beach", "state": "CA", "area-code": "714"}, {"id": "3decc6bfadaa436a105714c6badb4826", "number": "7143861079", "date": "2021-01-21 12:39:00", "subject": "2", "recorded-or-robo": "Y", "city": "Huntington Beach", "state": "CA", "area-code": "714"}, {"id": "03e293b3df9e35eadf15c56119710233", "number": "7143861079", "date": "2021-01-21 12:39:00", "subject": "2", "recorded-or-robo": "Y", "city": "Huntington Beach", "state": "CA", "area-code": "714"}, {"id": "3decc6bfadaa436a105714c6badb409f", "number": "", "date": "2021-01-20 09:27:00", "subject": "2", "recorded-or-robo": "Y", "city": "Brookhaven", "state": "GA", "area-code": "404"}, {"id": "03e293b3df9e35eadf15c5611970fb11", "number": "", "date": "2021-01-20 09:27:00", "subject": "2", "recorded-or-robo": "Y", "city": "Brookhaven", "state": "GA", "area-code": "404"}, {"id": "3decc6bfadaa436a105714c6badb3900", "number": "7145288555", "date": "2021-01-21 11:28:00", "subject": "2", "recorded-or-robo": "Y", "city": "Huntington Beach", "state": "CA", "area-code": "714"}, {"id": "03e293b3df9e35eadf15c5611970ef26", "number": "7145288555", "date": "2021-01-21 11:28:00", "subject": "2", "recorded-or-robo": "Y", "city": "Huntington Beach", "state": "CA", "area-code": "714"}, {"id": "3decc6bfadaa436a105714c6badb31fb", "number": "5302302161", "date": "2021-01-21 07:18:00", "subject": "2", "recorded-or-robo": "Y", "city": "Huntington Beach", "state": "CA", "area-code": "714"}, {"id": "03e293b3df9e35eadf15c5611970e8e3", "number": "5302302161", "date": "2021-01-21 07:18:00", "subject": "2", "recorded-or-robo": "Y", "city": "Huntington Beach", "state": "CA", "area-code": "714"}, {"id": "3decc6bfadaa436a105714c6badb2b6e", "number": "3474676191", "date": "2021-01-24 15:38:00", "subject": "13", "recorded-or-robo": "N", "city": "RAPID CITY", "state": "SD", "area-code": "605"}, {"id": "03e293b3df9e35eadf15c5611970db5d", "number": "3474676191", "date": "2021-01-24 15:38:00", "subject": "13", "recorded-or-robo": "N", "city": "RAPID CITY", "state": "SD", "area-code": "605"}, {"id": "3decc6bfadaa436a105714c6badb26a0", "number": "", "date": "2021-01-21 16:18:00", "subject": "12", "recorded-or-robo": "N", "city": "Brookhaven", "state": "GA", "area-code": "404"}, {"id": "03e293b3df9e35eadf15c5611970d0cb", "number": "", "date": "2021-01-21 16:18:00", "subject": "12", "recorded-or-robo": "N", "city": "Brookhaven", "state": "GA", "area-code": "404"}, {"id": "3decc6bfadaa436a105714c6badb1800", "number": "1928542697", "date": "2021-01-24 12:00:00", "subject": "2", "recorded-or-robo": "Y", "city": "", "state": "WI", "area-code": "262"}, {"id": "03e293b3df9e35eadf15c5611970cfd9", "number": "1928542697", "date": "2021-01-24 12:00:00", "subject": "2", "recorded-or-robo": "Y", "city": "", "state": "WI", "area-code": "262"}, {"id": "3decc6bfadaa436a105714c6badb17cb", "number": "8762798869", "date": "2021-01-22 09:35:00", "subject": "0", "recorded-or-robo": "Y", "city": "LINCOLN CITY", "state": "OR", "area-code": "541"}, {"id": "03e293b3df9e35eadf15c5611970cf62", "number": "8762798869", "date": "2021-01-22 09:35:00", "subject": "0", "recorded-or-robo": "Y", "city": "LINCOLN CITY", "state": "OR", "area-code": "541"}, {"id": "3decc6bfadaa436a105714c6badb1017", "number": "8185842597", "date": "2021-01-15 14:34:00", "subject": "2", "recorded-or-robo": "Y", "city": "North Hollywood", "state": "CA", "area-code": "818"}, {"id": "03e293b3df9e35eadf15c5611970cef2", "number": "8185842597", "date": "2021-01-15 14:34:00", "subject": "2", "recorded-or-robo": "Y", "city": "North Hollywood", "state": "CA", "area-code": "818"}, {"id": "3decc6bfadaa436a105714c6badb0449", "number": "7142516609", "date": "2021-01-20 18:05:00", "subject": "2", "recorded-or-robo": "Y", "city": "Huntington Beach", "state": "CA", "area-code": "714"}, {"id": "03e293b3df9e35eadf15c5611970c596", "number": "7142516609", "date": "2021-01-20 18:05:00", "subject": "2", "recorded-or-robo": "Y", "city": "Huntington Beach", "state": "CA", "area-code": "714"}, {"id": "3decc6bfadaa436a105714c6badafd59", "number": "4584001665", "date": "2021-01-21 09:50:00", "subject": "0", "recorded-or-robo": "Y", "city": "LINCOLN CITY", "state": "OR", "area-code": "541"}, {"id": "03e293b3df9e35eadf15c5611970bf6b", "number": "4584001665", "date": "2021-01-21 09:50:00", "subject": "0", "recorded-or-robo": "Y", "city": "LINCOLN CITY", "state": "OR", "area-code": "541"}, {"id": "3decc6bfadaa436a105714c6badaf1d6", "number": "5034036053", "date": "2021-01-16 12:16:00", "subject": "2", "recorded-or-robo": "Y", "city": "Richmond", "state": "TX", "area-code": "409"}, {"id": "03e293b3df9e35eadf15c5611970b5ae", "number": "5034036053", "date": "2021-01-16 12:16:00", "subject": "2", "recorded-or-robo": "Y", "city": "Richmond", "state": "TX", "area-code": "409"}, {"id": "3decc6bfadaa436a105714c6badae77b", "number": "7146859810", "date": "2021-01-20 11:19:00", "subject": "2", "recorded-or-robo": "Y", "city": "Huntington Beach", "state": "CA", "area-code": "714"}, {"id": "03e293b3df9e35eadf15c5611970acaa", "number": "7146859810", "date": "2021-01-20 11:19:00", "subject": "2", "recorded-or-robo": "Y", "city": "Huntington Beach", "state": "CA", "area-code": "714"}, {"id": "3decc6bfadaa436a105714c6badadf9f", "number": "4355033503", "date": "2021-01-12 16:14:00", "subject": "2", "recorded-or-robo": "Y", "city": "North Hollywood", "state": "CA", "area-code": "818"}, {"id": "03e293b3df9e35eadf15c56119709dd2", "number": "4355033503", "date": "2021-01-12 16:14:00", "subject": "2", "recorded-or-robo": "Y", "city": "North Hollywood", "state": "CA", "area-code": "818"}, {"id": "3decc6bfadaa436a105714c6badadf5d", "number": "9802173150", "date": "2021-01-16 17:39:00", "subject": "2", "recorded-or-robo": "Y", "city": "Richmond", "state": "TX", "area-code": "409"}, {"id": "03e293b3df9e35eadf15c561197098b5", "number": "9802173150", "date": "2021-01-16 17:39:00", "subject": "2", "recorded-or-robo": "Y", "city": "Richmond", "state": "TX", "area-code": "409"}, {"id": "3decc6bfadaa436a105714c6badad21f", "number": "7653990068", "date": "2021-01-12 19:52:00", "subject": "2", "recorded-or-robo": "Y", "city": "North Hollywood", "state": "CA", "area-code": "818"}, {"id": "03e293b3df9e35eadf15c56119708f89", "number": "7653990068", "date": "2021-01-12 19:52:00", "subject": "2", "recorded-or-robo": "Y", "city": "North Hollywood", "state": "CA", "area-code": "818"}, {"id": "3decc6bfadaa436a105714c6badac2ab", "number": "7192193872", "date": "2021-01-18 12:46:00", "subject": "6", "recorded-or-robo": "Y", "city": "Richmond", "state": "TX", "area-code": "409"}, {"id": "03e293b3df9e35eadf15c56119708130", "number": "7192193872", "date": "2021-01-18 12:46:00", "subject": "6", "recorded-or-robo": "Y", "city": "Richmond", "state": "TX", "area-code": "409"}, {"id": "3decc6bfadaa436a105714c6badac1df", "number": "8337600450", "date": "2021-01-22 11:28:00", "subject": "2", "recorded-or-robo": "Y", "city": "Monrovia", "state": "CA", "area-code": "626"}, {"id": "03e293b3df9e35eadf15c561197075bf", "number": "8337600450", "date": "2021-01-22 11:28:00", "subject": "2", "recorded-or-robo": "Y", "city": "Monrovia", "state": "CA", "area-code": "626"}, {"id": "3decc6bfadaa436a105714c6badabb66", "number": "7145246652", "date": "2021-01-20 10:03:00", "subject": "2", "recorded-or-robo": "Y", "city": "Huntington Beach", "state": "CA", "area-code": "714"}, {"id": "03e293b3df9e35eadf15c56119707085", "number": "7145246652", "date": "2021-01-20 10:03:00", "subject": "2", "recorded-or-robo": "Y", "city": "Huntington Beach", "state": "CA", "area-code": "714"}, {"id": "3decc6bfadaa436a105714c6badaade5", "number": "4423098360", "date": "2021-01-20 09:51:00", "subject": "2", "recorded-or-robo": "Y", "city": "Huntington Beach", "state": "CA", "area-code": "714"}, {"id": "03e293b3df9e35eadf15c56119706da1", "number": "4423098360", "date": "2021-01-20 09:51:00", "subject": "2", "recorded-or-robo": "Y", "city": "Huntington Beach", "state": "CA", "area-code": "714"}, {"id": "3decc6bfadaa436a105714c6badaa46f", "number": "", "date": "2021-01-22 14:11:00", "subject": "2", "recorded-or-robo": "N", "city": "Brookhaven", "state": "GA", "area-code": "404"}, {"id": "03e293b3df9e35eadf15c56119705f84", "number": "", "date": "2021-01-22 14:11:00", "subject": "2", "recorded-or-robo": "N", "city": "Brookhaven", "state": "GA", "area-code": "404"}, {"id": "3decc6bfadaa436a105714c6bada9e03", "number": "7142311118", "date": "2021-01-19 14:07:00", "subject": "2", "recorded-or-robo": "Y", "city": "Huntington Beach", "state": "CA", "area-code": "714"}, {"id": "03e293b3df9e35eadf15c56119705c8b", "number": "7142311118", "date": "2021-01-19 14:07:00", "subject": "2", "recorded-or-robo": "Y", "city": "Huntington Beach", "state": "CA", "area-code": "714"}, {"id": "3decc6bfadaa436a105714c6bada92b6", "number": "5306456678", "date": "2021-01-23 18:33:00", "subject": "1", "recorded-or-robo": "Y", "city": "RED BLUFF", "state": "CA", "area-code": "530"}, {"id": "03e293b3df9e35eadf15c56119704d47", "number": "5306456678", "date": "2021-01-23 18:33:00", "subject": "1", "recorded-or-robo": "Y", "city": "RED BLUFF", "state": "CA", "area-code": "530"}, {"id": "3decc6bfadaa436a105714c6bada8371", "number": "7865049911", "date": "2021-01-23 17:36:00", "subject": "2", "recorded-or-robo": "Y", "city": "Columbia", "state": "SC", "area-code": "803"}]}