{"data": [{"id": "1d36742e3f24f50e4e7ae82801b26c08", "number": "9712672133", "date": "2021-01-18 12:52:00", "subject": "3", "recorded-or-robo": "", "city": "BISHOP", "state": "CA", "area-code": "971"}, {"id": "3decc6bfadaa436a105714c6ba1b0673", "number": "3135037283314", "date": "2021-01-23 10:06:00", "subject": "2", "recorded-or-robo": "N", "city": "St Louis mo", "state": "MO", "area-code": "314"}, {"id": "1d36742e3f24f50e4e7ae82801b26129", "number": "3135037283314", "date": "2021-01-23 10:06:00", "subject": "2", "recorded-or-robo": "N", "city": "St Louis mo", "state": "MO", "area-code": "314"}, {"id": "3decc6bfadaa436a105714c6ba56ba5b", "number": "+12672910690", "date": "2021-01-23 14:28:20", "subject": "3", "recorded-or-robo": "Y", "city": "", "state": "DE", "area-code": "302"}, {"id": "1d36742e3f24f50e4e7ae82801ed4491", "number": "+12672910690", "date": "2021-01-23 14:28:20", "subject": "3", "recorded-or-robo": "Y", "city": "", "state": "DE", "area-code": "302"}, {"id": "3decc6bfadaa436a105714c6ba1afc84", "number": "9413791954", "date": "2021-01-13 15:12:00", "subject": "0", "recorded-or-robo": "Y", "city": "Lakeside", "state": "AZ", "area-code": "928"}, {"id": "1d36742e3f24f50e4e7ae82801b254d5", "number": "9413791954", "date": "2021-01-13 15:12:00", "subject": "0", "recorded-or-robo": "Y", "city": "Lakeside", "state": "AZ", "area-code": "928"}, {"id": "3decc6bfadaa436a105714c6ba1afabd", "number": "6367346567", "date": "2021-01-23 13:22:00", "subject": "2", "recorded-or-robo": "Y", "city": "WARRENTON", "state": "MO", "area-code": "636"}, {"id": "1d36742e3f24f50e4e7ae82801b24f01", "number": "6367346567", "date": "2021-01-23 13:22:00", "subject": "2", "recorded-or-robo": "Y", "city": "WARRENTON", "state": "MO", "area-code": "636"}, {"id": "3decc6bfadaa436a105714c6ba1af116", "number": "9713201395", "date": "2020-12-21 08:13:00", "subject": "3", "recorded-or-robo": "", "city": "BISHOP", "state": "CA", "area-code": "971"}, {"id": "1d36742e3f24f50e4e7ae82801b24a6c", "number": "9713201395", "date": "2020-12-21 08:13:00", "subject": "3", "recorded-or-robo": "", "city": "BISHOP", "state": "CA", "area-code": "971"}, {"id": "3decc6bfadaa436a105714c6ba56b69b", "number": "+12532626569", "date": "2021-01-23 14:27:40", "subject": "3", "recorded-or-robo": "Y", "city": "", "state": "DE", "area-code": "302"}, {"id": "1d36742e3f24f50e4e7ae82801ed42b2", "number": "+12532626569", "date": "2021-01-23 14:27:40", "subject": "3", "recorded-or-robo": "Y", "city": "", "state": "DE", "area-code": "302"}, {"id": "3decc6bfadaa436a105714c6ba1ae566", "number": "6077252418", "date": "2021-01-23 12:10:00", "subject": "2", "recorded-or-robo": "Y", "city": "binghamton", "state": "NY", "area-code": "607"}, {"id": "1d36742e3f24f50e4e7ae82801b23bb6", "number": "6077252418", "date": "2021-01-23 12:10:00", "subject": "2", "recorded-or-robo": "Y", "city": "binghamton", "state": "NY", "area-code": "607"}, {"id": "3decc6bfadaa436a105714c6ba1ada9f", "number": "7634865045", "date": "2021-01-23 13:22:00", "subject": "1", "recorded-or-robo": "Y", "city": "", "state": "MN", "area-code": "952"}, {"id": "1d36742e3f24f50e4e7ae82801b232bc", "number": "7634865045", "date": "2021-01-23 13:22:00", "subject": "1", "recorded-or-robo": "Y", "city": "", "state": "MN", "area-code": "952"}, {"id": "3decc6bfadaa436a105714c6ba1ad0ff", "number": "7162955097", "date": "2021-01-19 11:36:00", "subject": "0", "recorded-or-robo": "Y", "city": "", "state": "NY", "area-code": "716"}, {"id": "1d36742e3f24f50e4e7ae82801b229f7", "number": "7162955097", "date": "2021-01-19 11:36:00", "subject": "0", "recorded-or-robo": "Y", "city": "", "state": "NY", "area-code": "716"}, {"id": "3decc6bfadaa436a105714c6ba1ac773", "number": "6367349381", "date": "2021-01-23 13:03:00", "subject": "2", "recorded-or-robo": "Y", "city": "WARRENTON", "state": "MO", "area-code": "636"}, {"id": "3decc6bfadaa436a105714c6ba1ac71e", "number": "9062271445", "date": "2021-01-23 14:13:00", "subject": "1", "recorded-or-robo": "Y", "city": "sault ste marie", "state": "MI", "area-code": "906"}, {"id": "1d36742e3f24f50e4e7ae82801b2219a", "number": "6367349381", "date": "2021-01-23 13:03:00", "subject": "2", "recorded-or-robo": "Y", "city": "WARRENTON", "state": "MO", "area-code": "636"}, {"id": "1d36742e3f24f50e4e7ae82801b21aa6", "number": "9062271445", "date": "2021-01-23 14:13:00", "subject": "1", "recorded-or-robo": "Y", "city": "sault ste marie", "state": "MI", "area-code": "906"}, {"id": "3decc6bfadaa436a105714c6ba1ac529", "number": "9712674193", "date": "2020-12-23 09:06:00", "subject": "3", "recorded-or-robo": "", "city": "BISHOP", "state": "CA", "area-code": "971"}, {"id": "1d36742e3f24f50e4e7ae82801b2147c", "number": "9712674193", "date": "2020-12-23 09:06:00", "subject": "3", "recorded-or-robo": "", "city": "BISHOP", "state": "CA", "area-code": "971"}, {"id": "3decc6bfadaa436a105714c6ba1aba1e", "number": "9413791954", "date": "2021-01-14 21:05:00", "subject": "0", "recorded-or-robo": "Y", "city": "Lakeside", "state": "AZ", "area-code": "928"}, {"id": "3decc6bfadaa436a105714c6ba1aaa9f", "number": "4698999588", "date": "2021-01-23 13:20:00", "subject": "2", "recorded-or-robo": "Y", "city": "", "state": "AL", "area-code": "334"}, {"id": "1d36742e3f24f50e4e7ae82801b20626", "number": "9413791954", "date": "2021-01-14 21:05:00", "subject": "0", "recorded-or-robo": "Y", "city": "Lakeside", "state": "AZ", "area-code": "928"}, {"id": "1d36742e3f24f50e4e7ae82801b1f826", "number": "4698999588", "date": "2021-01-23 13:20:00", "subject": "2", "recorded-or-robo": "Y", "city": "", "state": "AL", "area-code": "334"}, {"id": "3decc6bfadaa436a105714c6ba56b16b", "number": "+13027348152", "date": "2021-01-23 14:26:40", "subject": "3", "recorded-or-robo": "Y", "city": "", "state": "DE", "area-code": "302"}, {"id": "1d36742e3f24f50e4e7ae82801ed3693", "number": "+13027348152", "date": "2021-01-23 14:26:40", "subject": "3", "recorded-or-robo": "Y", "city": "", "state": "DE", "area-code": "302"}, {"id": "3decc6bfadaa436a105714c6ba1a9d62", "number": "3023079604", "date": "2021-01-23 13:52:00", "subject": "2", "recorded-or-robo": "Y", "city": "", "state": "DE", "area-code": "302"}, {"id": "1d36742e3f24f50e4e7ae82801b1f750", "number": "3023079604", "date": "2021-01-23 13:52:00", "subject": "2", "recorded-or-robo": "Y", "city": "", "state": "DE", "area-code": "302"}, {"id": "3decc6bfadaa436a105714c6ba1a95c6", "number": "3145402798", "date": "2021-01-23 11:47:00", "subject": "11", "recorded-or-robo": "Y", "city": "", "state": "MO", "area-code": "314"}, {"id": "1d36742e3f24f50e4e7ae82801b1f4cc", "number": "3145402798", "date": "2021-01-23 11:47:00", "subject": "11", "recorded-or-robo": "Y", "city": "", "state": "MO", "area-code": "314"}, {"id": "3decc6bfadaa436a105714c6ba1a924d", "number": "4093447457", "date": "2021-01-23 11:32:00", "subject": "2", "recorded-or-robo": "Y", "city": "Middletown", "state": "DE", "area-code": "302"}, {"id": "1d36742e3f24f50e4e7ae82801b1ed96", "number": "4093447457", "date": "2021-01-23 11:32:00", "subject": "2", "recorded-or-robo": "Y", "city": "Middletown", "state": "DE", "area-code": "302"}, {"id": "3decc6bfadaa436a105714c6ba1a82f9", "number": "6367343142", "date": "2021-01-23 12:53:00", "subject": "2", "recorded-or-robo": "Y", "city": "WARRENTON", "state": "MO", "area-code": "636"}, {"id": "1d36742e3f24f50e4e7ae82801b1ead6", "number": "6367343142", "date": "2021-01-23 12:53:00", "subject": "2", "recorded-or-robo": "Y", "city": "WARRENTON", "state": "MO", "area-code": "636"}, {"id": "3decc6bfadaa436a105714c6ba1a7c36", "number": "7165056963", "date": "2021-01-19 17:53:00", "subject": "0", "recorded-or-robo": "Y", "city": "", "state": "NY", "area-code": "716"}, {"id": "1d36742e3f24f50e4e7ae82801b1e84f", "number": "7165056963", "date": "2021-01-19 17:53:00", "subject": "0", "recorded-or-robo": "Y", "city": "", "state": "NY", "area-code": "716"}, {"id": "3decc6bfadaa436a105714c6ba56af71", "number": "+15203569131", "date": "2021-01-23 14:25:52", "subject": "3", "recorded-or-robo": "Y", "city": "", "state": "AZ", "area-code": "520"}, {"id": "1d36742e3f24f50e4e7ae82801ed2d75", "number": "+15203569131", "date": "2021-01-23 14:25:52", "subject": "3", "recorded-or-robo": "Y", "city": "", "state": "AZ", "area-code": "520"}, {"id": "3decc6bfadaa436a105714c6ba1a7bfb", "number": "7033382400", "date": "2021-01-23 14:21:00", "subject": "6", "recorded-or-robo": "N", "city": "Alexandria", "state": "VA", "area-code": "703"}, {"id": "1d36742e3f24f50e4e7ae82801b1d948", "number": "7033382400", "date": "2021-01-23 14:21:00", "subject": "6", "recorded-or-robo": "N", "city": "Alexandria", "state": "VA", "area-code": "703"}, {"id": "3decc6bfadaa436a105714c6ba1a79b2", "number": "4806135882", "date": "2021-01-21 09:43:00", "subject": "0", "recorded-or-robo": "Y", "city": "Lakeside", "state": "AZ", "area-code": "928"}, {"id": "1d36742e3f24f50e4e7ae82801b1ce18", "number": "4806135882", "date": "2021-01-21 09:43:00", "subject": "0", "recorded-or-robo": "Y", "city": "Lakeside", "state": "AZ", "area-code": "928"}, {"id": "3decc6bfadaa436a105714c6ba1a72b4", "number": "6367342019", "date": "2021-01-23 12:44:00", "subject": "2", "recorded-or-robo": "Y", "city": "WARRENTON", "state": "MO", "area-code": "636"}, {"id": "1d36742e3f24f50e4e7ae82801b1cd36", "number": "6367342019", "date": "2021-01-23 12:44:00", "subject": "2", "recorded-or-robo": "Y", "city": "WARRENTON", "state": "MO", "area-code": "636"}, {"id": "3decc6bfadaa436a105714c6ba1a6334", "number": "18801700589627", "date": "2021-01-23 00:00:00", "subject": "11", "recorded-or-robo": "Y", "city": "Indianapolis", "state": "IN", "area-code": "412"}]}