{"data": [{"id": "1d36742e3f24f50e4e7ae82801c1508d", "number": "6206645115", "date": "2021-01-23 14:32:00", "subject": "1", "recorded-or-robo": "Y", "city": "", "state": "KS", "area-code": "620"}, {"id": "3decc6bfadaa436a105714c6ba29e02c", "number": "5412667477", "date": "2021-01-20 14:51:00", "subject": "2", "recorded-or-robo": "Y", "city": "Albany", "state": "OR", "area-code": "541"}, {"id": "1d36742e3f24f50e4e7ae82801c1495f", "number": "5412667477", "date": "2021-01-20 14:51:00", "subject": "2", "recorded-or-robo": "Y", "city": "Albany", "state": "OR", "area-code": "541"}, {"id": "3decc6bfadaa436a105714c6ba29df3e", "number": "5416437866", "date": "2021-01-22 15:58:00", "subject": "2", "recorded-or-robo": "Y", "city": "Reedsport", "state": "OR", "area-code": "541"}, {"id": "1d36742e3f24f50e4e7ae82801c14410", "number": "5416437866", "date": "2021-01-22 15:58:00", "subject": "2", "recorded-or-robo": "Y", "city": "Reedsport", "state": "OR", "area-code": "541"}, {"id": "3decc6bfadaa436a105714c6ba29d1b2", "number": "9417778518", "date": "2021-01-22 15:05:00", "subject": "2", "recorded-or-robo": "N", "city": "", "state": "FL", "area-code": "727"}, {"id": "1d36742e3f24f50e4e7ae82801c134bc", "number": "9417778518", "date": "2021-01-22 15:05:00", "subject": "2", "recorded-or-robo": "N", "city": "", "state": "FL", "area-code": "727"}, {"id": "3decc6bfadaa436a105714c6ba29c856", "number": "4233761546", "date": "2021-01-23 15:30:00", "subject": "2", "recorded-or-robo": "N", "city": "Hixson", "state": "TN", "area-code": "423"}, {"id": "1d36742e3f24f50e4e7ae82801c12667", "number": "4233761546", "date": "2021-01-23 15:30:00", "subject": "2", "recorded-or-robo": "N", "city": "Hixson", "state": "TN", "area-code": "423"}, {"id": "3decc6bfadaa436a105714c6ba87502a", "number": "9344510565", "date": "2021-01-23 10:49:00", "subject": "3", "recorded-or-robo": "N", "city": "", "state": "IL", "area-code": "815"}, {"id": "3decc6bfadaa436a105714c6ba76e1d2", "number": "+13147141514", "date": "2021-01-23 15:36:35", "subject": "3", "recorded-or-robo": "N", "city": "", "state": "MO", "area-code": "314"}, {"id": "03e293b3df9e35eadf15c561191df083", "number": "9344510565", "date": "2021-01-23 10:49:00", "subject": "3", "recorded-or-robo": "N", "city": "", "state": "IL", "area-code": "815"}, {"id": "03e293b3df9e35eadf15c561190d41ef", "number": "+13147141514", "date": "2021-01-23 15:36:35", "subject": "3", "recorded-or-robo": "N", "city": "", "state": "MO", "area-code": "314"}, {"id": "3decc6bfadaa436a105714c6ba29c0dc", "number": "243906967874", "date": "2021-01-19 14:10:00", "subject": "2", "recorded-or-robo": "Y", "city": "Waterloo", "state": "IA", "area-code": "319"}, {"id": "1d36742e3f24f50e4e7ae82801c11bbc", "number": "243906967874", "date": "2021-01-19 14:10:00", "subject": "2", "recorded-or-robo": "Y", "city": "Waterloo", "state": "IA", "area-code": "319"}, {"id": "3decc6bfadaa436a105714c6ba29bd34", "number": "7277348804", "date": "2021-01-22 16:17:00", "subject": "2", "recorded-or-robo": "N", "city": "", "state": "FL", "area-code": "727"}, {"id": "1d36742e3f24f50e4e7ae82801c118f8", "number": "7277348804", "date": "2021-01-22 16:17:00", "subject": "2", "recorded-or-robo": "N", "city": "", "state": "FL", "area-code": "727"}, {"id": "3decc6bfadaa436a105714c6ba29b0cc", "number": "4076068690", "date": "2021-01-23 10:00:00", "subject": "2", "recorded-or-robo": "Y", "city": "Albany", "state": "OR", "area-code": "541"}, {"id": "1d36742e3f24f50e4e7ae82801c110cf", "number": "4076068690", "date": "2021-01-23 10:00:00", "subject": "2", "recorded-or-robo": "Y", "city": "Albany", "state": "OR", "area-code": "541"}, {"id": "3decc6bfadaa436a105714c6ba29a535", "number": "", "date": "2021-01-23 11:27:00", "subject": "2", "recorded-or-robo": "Y", "city": "East Meadow", "state": "NY", "area-code": "516"}, {"id": "1d36742e3f24f50e4e7ae82801c10136", "number": "", "date": "2021-01-23 11:27:00", "subject": "2", "recorded-or-robo": "Y", "city": "East Meadow", "state": "NY", "area-code": "516"}, {"id": "3decc6bfadaa436a105714c6ba299e12", "number": "6317500791", "date": "2021-01-23 13:10:00", "subject": "4", "recorded-or-robo": "Y", "city": "SELDEN", "state": "NY", "area-code": "631"}, {"id": "1d36742e3f24f50e4e7ae82801c0fa6f", "number": "6317500791", "date": "2021-01-23 13:10:00", "subject": "4", "recorded-or-robo": "Y", "city": "SELDEN", "state": "NY", "area-code": "631"}, {"id": "3decc6bfadaa436a105714c6ba299042", "number": "8942076366", "date": "2021-01-23 11:34:00", "subject": "2", "recorded-or-robo": "Y", "city": "", "state": "MN", "area-code": "952"}, {"id": "1d36742e3f24f50e4e7ae82801c0f70d", "number": "8942076366", "date": "2021-01-23 11:34:00", "subject": "2", "recorded-or-robo": "Y", "city": "", "state": "MN", "area-code": "952"}, {"id": "3decc6bfadaa436a105714c6ba296dfd", "number": "3144587125", "date": "2021-01-23 14:31:00", "subject": "3", "recorded-or-robo": "N", "city": "", "state": "MO", "area-code": "314"}, {"id": "1d36742e3f24f50e4e7ae82801c0df6a", "number": "3144587125", "date": "2021-01-23 14:31:00", "subject": "3", "recorded-or-robo": "N", "city": "", "state": "MO", "area-code": "314"}, {"id": "3decc6bfadaa436a105714c6ba2989f9", "number": "4406500871", "date": "2021-01-22 14:18:00", "subject": "11", "recorded-or-robo": "Y", "city": "Parma", "state": "OH", "area-code": "440"}, {"id": "3decc6bfadaa436a105714c6ba2984ac", "number": "3123348286", "date": "2021-01-23 13:30:00", "subject": "1", "recorded-or-robo": "Y", "city": "Chicago", "state": "IL", "area-code": "312"}, {"id": "1d36742e3f24f50e4e7ae82801c0f4a7", "number": "4406500871", "date": "2021-01-22 14:18:00", "subject": "11", "recorded-or-robo": "Y", "city": "Parma", "state": "OH", "area-code": "440"}, {"id": "1d36742e3f24f50e4e7ae82801c0f16d", "number": "3123348286", "date": "2021-01-23 13:30:00", "subject": "1", "recorded-or-robo": "Y", "city": "Chicago", "state": "IL", "area-code": "312"}, {"id": "3decc6bfadaa436a105714c6ba297aab", "number": "9735786652", "date": "2021-01-23 12:00:00", "subject": "1", "recorded-or-robo": "Y", "city": "", "state": "NJ", "area-code": "973"}, {"id": "1d36742e3f24f50e4e7ae82801c0e778", "number": "9735786652", "date": "2021-01-23 12:00:00", "subject": "1", "recorded-or-robo": "Y", "city": "", "state": "NJ", "area-code": "973"}, {"id": "3decc6bfadaa436a105714c6ba296b20", "number": "2164247738", "date": "2021-01-23 10:23:00", "subject": "0", "recorded-or-robo": "Y", "city": "Euclid", "state": "OH", "area-code": "216"}, {"id": "1d36742e3f24f50e4e7ae82801c0d7ab", "number": "2164247738", "date": "2021-01-23 10:23:00", "subject": "0", "recorded-or-robo": "Y", "city": "Euclid", "state": "OH", "area-code": "216"}, {"id": "3decc6bfadaa436a105714c6ba76a474", "number": "8644325477", "date": "2021-01-23 15:34:17", "subject": "3", "recorded-or-robo": "Y", "city": "", "state": "SC", "area-code": "843"}, {"id": "03e293b3df9e35eadf15c561190cf1b6", "number": "8644325477", "date": "2021-01-23 15:34:17", "subject": "3", "recorded-or-robo": "Y", "city": "", "state": "SC", "area-code": "843"}, {"id": "3decc6bfadaa436a105714c6ba76849c", "number": "+18004464251", "date": "2021-01-23 15:34:10", "subject": "3", "recorded-or-robo": "Y", "city": "", "state": "TX", "area-code": "806"}, {"id": "03e293b3df9e35eadf15c561190cd5a6", "number": "+18004464251", "date": "2021-01-23 15:34:10", "subject": "3", "recorded-or-robo": "Y", "city": "", "state": "TX", "area-code": "806"}, {"id": "3decc6bfadaa436a105714c6ba76ae18", "number": "+12424378267", "date": "2021-01-23 15:34:07", "subject": "3", "recorded-or-robo": "Y", "city": "", "state": "WA", "area-code": "509"}, {"id": "03e293b3df9e35eadf15c561190d0bee", "number": "+12424378267", "date": "2021-01-23 15:34:07", "subject": "3", "recorded-or-robo": "Y", "city": "", "state": "WA", "area-code": "509"}, {"id": "3decc6bfadaa436a105714c6ba295cf2", "number": "6302459081", "date": "2021-01-23 02:25:00", "subject": "2", "recorded-or-robo": "Y", "city": "Sugar grove", "state": "IL", "area-code": "630"}, {"id": "1d36742e3f24f50e4e7ae82801c0d0f0", "number": "6302459081", "date": "2021-01-23 02:25:00", "subject": "2", "recorded-or-robo": "Y", "city": "Sugar grove", "state": "IL", "area-code": "630"}, {"id": "3decc6bfadaa436a105714c6ba295cb3", "number": "243906470482", "date": "2021-01-19 14:02:00", "subject": "2", "recorded-or-robo": "Y", "city": "Waterloo", "state": "IA", "area-code": "319"}, {"id": "1d36742e3f24f50e4e7ae82801c0c70c", "number": "243906470482", "date": "2021-01-19 14:02:00", "subject": "2", "recorded-or-robo": "Y", "city": "Waterloo", "state": "IA", "area-code": "319"}, {"id": "3decc6bfadaa436a105714c6ba769ba4", "number": "+12424365569", "date": "2021-01-23 15:33:43", "subject": "3", "recorded-or-robo": "Y", "city": "", "state": "WA", "area-code": "509"}, {"id": "03e293b3df9e35eadf15c561190ced86", "number": "+12424365569", "date": "2021-01-23 15:33:43", "subject": "3", "recorded-or-robo": "Y", "city": "", "state": "WA", "area-code": "509"}, {"id": "3decc6bfadaa436a105714c6ba295076", "number": "na", "date": "2021-01-22 18:31:00", "subject": "1", "recorded-or-robo": "Y", "city": "", "state": "MO", "area-code": "314"}, {"id": "3decc6bfadaa436a105714c6ba2947d0", "number": "9522368245", "date": "2021-01-21 13:50:00", "subject": "9", "recorded-or-robo": "Y", "city": "", "state": "MN", "area-code": "952"}, {"id": "1d36742e3f24f50e4e7ae82801c0c46b", "number": "na", "date": "2021-01-22 18:31:00", "subject": "1", "recorded-or-robo": "Y", "city": "", "state": "MO", "area-code": "314"}]}