{"data": [{"id": "03e293b3df9e35eadf15c5611953237f", "number": "7675018628", "date": "2021-01-23 10:20:00", "subject": "0", "recorded-or-robo": "Y", "city": "Waterloo", "state": "IA", "area-code": "319"}, {"id": "3decc6bfadaa436a105714c6babcb8f0", "number": "4154964527", "date": "2020-11-23 17:01:00", "subject": "4", "recorded-or-robo": "Y", "city": "Dallas", "state": "CA", "area-code": "415"}, {"id": "03e293b3df9e35eadf15c56119531be4", "number": "4154964527", "date": "2020-11-23 17:01:00", "subject": "4", "recorded-or-robo": "Y", "city": "Dallas", "state": "CA", "area-code": "415"}, {"id": "3decc6bfadaa436a105714c6babcb131", "number": "2703187130", "date": "2021-01-24 11:57:00", "subject": "2", "recorded-or-robo": "Y", "city": "", "state": "KY", "area-code": "270"}, {"id": "03e293b3df9e35eadf15c561195311ec", "number": "2703187130", "date": "2021-01-24 11:57:00", "subject": "2", "recorded-or-robo": "Y", "city": "", "state": "KY", "area-code": "270"}, {"id": "3decc6bfadaa436a105714c6babca4d6", "number": "3569799070", "date": "2021-01-23 14:44:00", "subject": "2", "recorded-or-robo": "Y", "city": "Waterloo", "state": "IA", "area-code": "319"}, {"id": "03e293b3df9e35eadf15c56119530593", "number": "3569799070", "date": "2021-01-23 14:44:00", "subject": "2", "recorded-or-robo": "Y", "city": "Waterloo", "state": "IA", "area-code": "319"}, {"id": "3decc6bfadaa436a105714c6babc9b60", "number": "7207727550", "date": "2021-01-24 11:45:00", "subject": "3", "recorded-or-robo": "Y", "city": "Eastvale", "state": "CA", "area-code": "561"}, {"id": "03e293b3df9e35eadf15c5611952f93c", "number": "7207727550", "date": "2021-01-24 11:45:00", "subject": "3", "recorded-or-robo": "Y", "city": "Eastvale", "state": "CA", "area-code": "561"}, {"id": "3decc6bfadaa436a105714c6babc8053", "number": "3023875653", "date": "2021-01-24 12:38:00", "subject": "3", "recorded-or-robo": "", "city": "", "state": "NY", "area-code": "212"}, {"id": "03e293b3df9e35eadf15c5611952e9d8", "number": "3023875653", "date": "2021-01-24 12:38:00", "subject": "3", "recorded-or-robo": "", "city": "", "state": "NY", "area-code": "212"}, {"id": "3decc6bfadaa436a105714c6babc8c9a", "number": "2722059669", "date": "2021-01-24 15:32:00", "subject": "11", "recorded-or-robo": "Y", "city": "saint louis", "state": "MO", "area-code": "314"}, {"id": "03e293b3df9e35eadf15c5611952ea5e", "number": "2722059669", "date": "2021-01-24 15:32:00", "subject": "11", "recorded-or-robo": "Y", "city": "saint louis", "state": "MO", "area-code": "314"}, {"id": "3decc6bfadaa436a105714c6babc7724", "number": "2169068163", "date": "2021-01-24 16:03:00", "subject": "0", "recorded-or-robo": "Y", "city": "Ohio", "state": "OH", "area-code": "216"}, {"id": "03e293b3df9e35eadf15c5611952daac", "number": "2169068163", "date": "2021-01-24 16:03:00", "subject": "0", "recorded-or-robo": "Y", "city": "Ohio", "state": "OH", "area-code": "216"}, {"id": "3decc6bfadaa436a105714c6babc6c1b", "number": "6492311135", "date": "2021-01-23 16:04:00", "subject": "0", "recorded-or-robo": "Y", "city": "Waterloo", "state": "IA", "area-code": "319"}, {"id": "03e293b3df9e35eadf15c5611952cc54", "number": "6492311135", "date": "2021-01-23 16:04:00", "subject": "0", "recorded-or-robo": "Y", "city": "Waterloo", "state": "IA", "area-code": "319"}, {"id": "3decc6bfadaa436a105714c6babc654f", "number": "4154885518", "date": "2020-12-02 16:57:00", "subject": "1", "recorded-or-robo": "Y", "city": "Dallas", "state": "TX", "area-code": "415"}, {"id": "03e293b3df9e35eadf15c5611952bddf", "number": "4154885518", "date": "2020-12-02 16:57:00", "subject": "1", "recorded-or-robo": "Y", "city": "Dallas", "state": "TX", "area-code": "415"}, {"id": "3decc6bfadaa436a105714c6babc5614", "number": "6492311736", "date": "2021-01-24 15:59:00", "subject": "2", "recorded-or-robo": "Y", "city": "Janesville", "state": "WI", "area-code": "608"}, {"id": "03e293b3df9e35eadf15c5611952bb71", "number": "6492311736", "date": "2021-01-24 15:59:00", "subject": "2", "recorded-or-robo": "Y", "city": "Janesville", "state": "WI", "area-code": "608"}, {"id": "3decc6bfadaa436a105714c6babc5570", "number": "7251835624", "date": "2021-01-24 00:00:00", "subject": "6", "recorded-or-robo": "N", "city": "HAYSVILLE", "state": "KS", "area-code": "316"}, {"id": "03e293b3df9e35eadf15c5611952b080", "number": "7251835624", "date": "2021-01-24 00:00:00", "subject": "6", "recorded-or-robo": "N", "city": "HAYSVILLE", "state": "KS", "area-code": "316"}, {"id": "3decc6bfadaa436a105714c6babc5542", "number": "", "date": "2021-01-24 15:40:00", "subject": "2", "recorded-or-robo": "Y", "city": "Mesquite", "state": "TX", "area-code": "228"}, {"id": "03e293b3df9e35eadf15c5611952aa6d", "number": "", "date": "2021-01-24 15:40:00", "subject": "2", "recorded-or-robo": "Y", "city": "Mesquite", "state": "TX", "area-code": "228"}, {"id": "3decc6bfadaa436a105714c6babc4eef", "number": "243909761588", "date": "2021-01-24 09:37:00", "subject": "2", "recorded-or-robo": "Y", "city": "Waterloo", "state": "IA", "area-code": "319"}, {"id": "03e293b3df9e35eadf15c56119529ae9", "number": "243909761588", "date": "2021-01-24 09:37:00", "subject": "2", "recorded-or-robo": "Y", "city": "Waterloo", "state": "IA", "area-code": "319"}, {"id": "3decc6bfadaa436a105714c6babc4ea4", "number": "7206604079", "date": "2021-01-24 11:46:00", "subject": "2", "recorded-or-robo": "Y", "city": "Eastvale", "state": "CA", "area-code": "561"}, {"id": "03e293b3df9e35eadf15c56119529895", "number": "7206604079", "date": "2021-01-24 11:46:00", "subject": "2", "recorded-or-robo": "Y", "city": "Eastvale", "state": "CA", "area-code": "561"}, {"id": "3decc6bfadaa436a105714c6babc4df2", "number": "6202637882", "date": "2021-01-21 10:03:00", "subject": "6", "recorded-or-robo": "N", "city": "HAYSVILLE", "state": "KS", "area-code": "316"}, {"id": "03e293b3df9e35eadf15c56119528f11", "number": "6202637882", "date": "2021-01-21 10:03:00", "subject": "6", "recorded-or-robo": "N", "city": "HAYSVILLE", "state": "KS", "area-code": "316"}, {"id": "3decc6bfadaa436a105714c6babc46b0", "number": "2169066767", "date": "2021-01-24 15:50:00", "subject": "0", "recorded-or-robo": "Y", "city": "Ohio", "state": "OH", "area-code": "216"}, {"id": "03e293b3df9e35eadf15c56119528570", "number": "2169066767", "date": "2021-01-24 15:50:00", "subject": "0", "recorded-or-robo": "Y", "city": "Ohio", "state": "OH", "area-code": "216"}, {"id": "3decc6bfadaa436a105714c6babc4176", "number": "6492318287", "date": "2021-01-24 15:43:00", "subject": "0", "recorded-or-robo": "Y", "city": "Waterloo", "state": "IA", "area-code": "319"}, {"id": "03e293b3df9e35eadf15c56119528560", "number": "6492318287", "date": "2021-01-24 15:43:00", "subject": "0", "recorded-or-robo": "Y", "city": "Waterloo", "state": "IA", "area-code": "319"}, {"id": "3decc6bfadaa436a105714c6babc2d79", "number": "5163198265", "date": "2021-01-22 12:00:00", "subject": "3", "recorded-or-robo": "", "city": "", "state": "NY", "area-code": "516"}, {"id": "03e293b3df9e35eadf15c561195272a4", "number": "5163198265", "date": "2021-01-22 12:00:00", "subject": "3", "recorded-or-robo": "", "city": "", "state": "NY", "area-code": "516"}, {"id": "3decc6bfadaa436a105714c6babc31e6", "number": "4693421995", "date": "2021-01-23 14:36:00", "subject": "0", "recorded-or-robo": "N", "city": "Jasper", "state": "AL", "area-code": "205"}, {"id": "03e293b3df9e35eadf15c56119527d6e", "number": "4693421995", "date": "2021-01-23 14:36:00", "subject": "0", "recorded-or-robo": "N", "city": "Jasper", "state": "AL", "area-code": "205"}, {"id": "3decc6bfadaa436a105714c6babc282b", "number": "3606319594", "date": "2021-01-21 14:24:00", "subject": "6", "recorded-or-robo": "Y", "city": "Olympia", "state": "WA", "area-code": "360"}, {"id": "03e293b3df9e35eadf15c5611952674f", "number": "3606319594", "date": "2021-01-21 14:24:00", "subject": "6", "recorded-or-robo": "Y", "city": "Olympia", "state": "WA", "area-code": "360"}, {"id": "3decc6bfadaa436a105714c6babc1e7e", "number": "8556787186", "date": "2021-01-24 04:39:00", "subject": "11", "recorded-or-robo": "Y", "city": "", "state": "FL", "area-code": "813"}, {"id": "03e293b3df9e35eadf15c56119525c91", "number": "8556787186", "date": "2021-01-24 04:39:00", "subject": "11", "recorded-or-robo": "Y", "city": "", "state": "FL", "area-code": "813"}, {"id": "3decc6bfadaa436a105714c6babc1478", "number": "3168359215", "date": "2021-01-21 12:31:00", "subject": "6", "recorded-or-robo": "N", "city": "HAYSVILLE", "state": "KS", "area-code": "316"}, {"id": "03e293b3df9e35eadf15c56119525a60", "number": "3168359215", "date": "2021-01-21 12:31:00", "subject": "6", "recorded-or-robo": "N", "city": "HAYSVILLE", "state": "KS", "area-code": "316"}, {"id": "3decc6bfadaa436a105714c6babc04ac", "number": "4693421995", "date": "2021-01-23 10:28:00", "subject": "0", "recorded-or-robo": "N", "city": "Jasper", "state": "AL", "area-code": "205"}, {"id": "03e293b3df9e35eadf15c56119525571", "number": "4693421995", "date": "2021-01-23 10:28:00", "subject": "0", "recorded-or-robo": "N", "city": "Jasper", "state": "AL", "area-code": "205"}, {"id": "3decc6bfadaa436a105714c6babbfc13", "number": "6029222551", "date": "2021-01-22 11:42:00", "subject": "2", "recorded-or-robo": "Y", "city": "Garden City", "state": "KS", "area-code": "620"}, {"id": "03e293b3df9e35eadf15c56119525420", "number": "6029222551", "date": "2021-01-22 11:42:00", "subject": "2", "recorded-or-robo": "Y", "city": "Garden City", "state": "KS", "area-code": "620"}, {"id": "3decc6bfadaa436a105714c6babbf48b", "number": "7164950014", "date": "2021-01-24 16:49:00", "subject": "11", "recorded-or-robo": "N", "city": "Jacksonville", "state": "FL", "area-code": "904"}]}