{"data": [{"id": "03e293b3df9e35eadf15c56119335cce", "number": "3016792476", "date": "2021-01-22 00:00:00", "subject": "2", "recorded-or-robo": "N", "city": "", "state": "MD", "area-code": "301"}, {"id": "3decc6bfadaa436a105714c6ba9cd9ff", "number": "5099469938", "date": "2021-01-24 09:15:00", "subject": "2", "recorded-or-robo": "Y", "city": "Richland", "state": "WA", "area-code": "509"}, {"id": "03e293b3df9e35eadf15c56119335c38", "number": "5099469938", "date": "2021-01-24 09:15:00", "subject": "2", "recorded-or-robo": "Y", "city": "Richland", "state": "WA", "area-code": "509"}, {"id": "3decc6bfadaa436a105714c6ba9cd2a1", "number": "9869464332", "date": "2021-01-20 20:00:00", "subject": "3", "recorded-or-robo": "", "city": "Fairfax Station", "state": "VA", "area-code": "703"}, {"id": "03e293b3df9e35eadf15c56119334e3d", "number": "9869464332", "date": "2021-01-20 20:00:00", "subject": "3", "recorded-or-robo": "", "city": "Fairfax Station", "state": "VA", "area-code": "703"}, {"id": "3decc6bfadaa436a105714c6ba9cc64f", "number": "5624043881", "date": "2021-01-24 00:00:00", "subject": "0", "recorded-or-robo": "Y", "city": "Cerritos", "state": "CA", "area-code": "562"}, {"id": "03e293b3df9e35eadf15c561193341fc", "number": "5624043881", "date": "2021-01-24 00:00:00", "subject": "0", "recorded-or-robo": "Y", "city": "Cerritos", "state": "CA", "area-code": "562"}, {"id": "3decc6bfadaa436a105714c6ba9cb9e3", "number": "", "date": "2020-01-24 12:26:00", "subject": "3", "recorded-or-robo": "Y", "city": "", "state": "OH", "area-code": "740"}, {"id": "3decc6bfadaa436a105714c6ba9cb771", "number": "3152328257", "date": "2021-01-24 11:30:00", "subject": "1", "recorded-or-robo": "Y", "city": "", "state": "MO", "area-code": "314"}, {"id": "03e293b3df9e35eadf15c561193333db", "number": "", "date": "2020-01-24 12:26:00", "subject": "3", "recorded-or-robo": "Y", "city": "", "state": "OH", "area-code": "740"}, {"id": "03e293b3df9e35eadf15c56119333316", "number": "3152328257", "date": "2021-01-24 11:30:00", "subject": "1", "recorded-or-robo": "Y", "city": "", "state": "MO", "area-code": "314"}, {"id": "3decc6bfadaa436a105714c6ba9cb6e0", "number": "5099435794", "date": "2021-01-24 09:15:00", "subject": "11", "recorded-or-robo": "Y", "city": "Richland", "state": "WA", "area-code": "509"}, {"id": "03e293b3df9e35eadf15c561193330da", "number": "5099435794", "date": "2021-01-24 09:15:00", "subject": "11", "recorded-or-robo": "Y", "city": "Richland", "state": "WA", "area-code": "509"}, {"id": "3decc6bfadaa436a105714c6ba9cb267", "number": "9738692849", "date": "2021-01-24 12:33:00", "subject": "0", "recorded-or-robo": "N", "city": "Clifton", "state": "NJ", "area-code": "973"}, {"id": "03e293b3df9e35eadf15c56119332707", "number": "9738692849", "date": "2021-01-24 12:33:00", "subject": "0", "recorded-or-robo": "N", "city": "Clifton", "state": "NJ", "area-code": "973"}, {"id": "3decc6bfadaa436a105714c6ba9cac70", "number": "8043777464", "date": "2021-01-20 18:39:00", "subject": "3", "recorded-or-robo": "", "city": "Fairfax Station", "state": "VA", "area-code": "703"}, {"id": "03e293b3df9e35eadf15c56119332349", "number": "8043777464", "date": "2021-01-20 18:39:00", "subject": "3", "recorded-or-robo": "", "city": "Fairfax Station", "state": "VA", "area-code": "703"}, {"id": "3decc6bfadaa436a105714c6ba9c9df7", "number": "5624047027", "date": "2021-01-24 00:00:00", "subject": "0", "recorded-or-robo": "Y", "city": "Cerritos", "state": "CA", "area-code": "562"}, {"id": "03e293b3df9e35eadf15c561193315fa", "number": "5624047027", "date": "2021-01-24 00:00:00", "subject": "0", "recorded-or-robo": "Y", "city": "Cerritos", "state": "CA", "area-code": "562"}, {"id": "3decc6bfadaa436a105714c6ba9c92eb", "number": "8132308513", "date": "2021-01-24 12:15:00", "subject": "2", "recorded-or-robo": "Y", "city": "Brandon", "state": "FL", "area-code": "813"}, {"id": "03e293b3df9e35eadf15c561193315d1", "number": "8132308513", "date": "2021-01-24 12:15:00", "subject": "2", "recorded-or-robo": "Y", "city": "Brandon", "state": "FL", "area-code": "813"}, {"id": "3decc6bfadaa436a105714c6ba9c8a6e", "number": "3017013548", "date": "2021-01-15 00:00:00", "subject": "2", "recorded-or-robo": "N", "city": "", "state": "MD", "area-code": "301"}, {"id": "3decc6bfadaa436a105714c6ba9c7acc", "number": "8009272291", "date": "2021-01-24 12:26:00", "subject": "2", "recorded-or-robo": "", "city": "", "state": "NY", "area-code": "518"}, {"id": "03e293b3df9e35eadf15c56119330ed8", "number": "3017013548", "date": "2021-01-15 00:00:00", "subject": "2", "recorded-or-robo": "N", "city": "", "state": "MD", "area-code": "301"}, {"id": "03e293b3df9e35eadf15c56119330241", "number": "8009272291", "date": "2021-01-24 12:26:00", "subject": "2", "recorded-or-robo": "", "city": "", "state": "NY", "area-code": "518"}, {"id": "3decc6bfadaa436a105714c6ba9c7441", "number": "5624049786", "date": "2021-01-24 00:00:00", "subject": "0", "recorded-or-robo": "Y", "city": "Cerritos", "state": "CA", "area-code": "562"}, {"id": "03e293b3df9e35eadf15c5611932fd31", "number": "5624049786", "date": "2021-01-24 00:00:00", "subject": "0", "recorded-or-robo": "Y", "city": "Cerritos", "state": "CA", "area-code": "562"}, {"id": "3decc6bfadaa436a105714c6ba9c7040", "number": "5099464978", "date": "2021-01-24 09:07:00", "subject": "2", "recorded-or-robo": "Y", "city": "Richland", "state": "WA", "area-code": "509"}, {"id": "03e293b3df9e35eadf15c5611932fccd", "number": "5099464978", "date": "2021-01-24 09:07:00", "subject": "2", "recorded-or-robo": "Y", "city": "Richland", "state": "WA", "area-code": "509"}, {"id": "3decc6bfadaa436a105714c6ba9c6c8c", "number": "2408087620", "date": "2021-01-21 18:15:00", "subject": "3", "recorded-or-robo": "", "city": "Fairfax Station", "state": "VA", "area-code": "703"}, {"id": "03e293b3df9e35eadf15c5611932f6d3", "number": "2408087620", "date": "2021-01-21 18:15:00", "subject": "3", "recorded-or-robo": "", "city": "Fairfax Station", "state": "VA", "area-code": "703"}, {"id": "3decc6bfadaa436a105714c6ba9c6bfe", "number": "2314991681", "date": "2021-01-24 12:16:00", "subject": "2", "recorded-or-robo": "Y", "city": "Kaleva", "state": "MI", "area-code": "231"}, {"id": "03e293b3df9e35eadf15c5611932f3f9", "number": "2314991681", "date": "2021-01-24 12:16:00", "subject": "2", "recorded-or-robo": "Y", "city": "Kaleva", "state": "MI", "area-code": "231"}, {"id": "3decc6bfadaa436a105714c6ba9c6251", "number": "2086863195", "date": "2021-01-22 11:07:00", "subject": "3", "recorded-or-robo": "", "city": "Fairfax Station", "state": "VA", "area-code": "703"}, {"id": "03e293b3df9e35eadf15c5611932e4d5", "number": "2086863195", "date": "2021-01-22 11:07:00", "subject": "3", "recorded-or-robo": "", "city": "Fairfax Station", "state": "VA", "area-code": "703"}, {"id": "3decc6bfadaa436a105714c6ba9c56bc", "number": "5747357261", "date": "2021-01-24 10:30:00", "subject": "2", "recorded-or-robo": "Y", "city": "Logansport", "state": "IN", "area-code": "574"}, {"id": "03e293b3df9e35eadf15c5611932e391", "number": "5747357261", "date": "2021-01-24 10:30:00", "subject": "2", "recorded-or-robo": "Y", "city": "Logansport", "state": "IN", "area-code": "574"}, {"id": "3decc6bfadaa436a105714c6ba9c4a9c", "number": "3019004551", "date": "2021-01-15 00:00:00", "subject": "2", "recorded-or-robo": "N", "city": "", "state": "MD", "area-code": "301"}, {"id": "03e293b3df9e35eadf15c5611932dc8f", "number": "3019004551", "date": "2021-01-15 00:00:00", "subject": "2", "recorded-or-robo": "N", "city": "", "state": "MD", "area-code": "301"}, {"id": "3decc6bfadaa436a105714c6ba9c3f50", "number": "2029304281", "date": "2021-01-22 13:10:00", "subject": "3", "recorded-or-robo": "", "city": "Fairfax Station", "state": "VA", "area-code": "703"}, {"id": "03e293b3df9e35eadf15c5611932d0bd", "number": "2029304281", "date": "2021-01-22 13:10:00", "subject": "3", "recorded-or-robo": "", "city": "Fairfax Station", "state": "VA", "area-code": "703"}, {"id": "3decc6bfadaa436a105714c6ba9c3a61", "number": "6062120352", "date": "2021-01-21 09:44:00", "subject": "15", "recorded-or-robo": "N", "city": "LOUISVILLE", "state": "KY", "area-code": "502"}, {"id": "03e293b3df9e35eadf15c5611932c6a7", "number": "6062120352", "date": "2021-01-21 09:44:00", "subject": "15", "recorded-or-robo": "N", "city": "LOUISVILLE", "state": "KY", "area-code": "502"}, {"id": "3decc6bfadaa436a105714c6ba9c3865", "number": "5099467376", "date": "2021-01-24 09:01:00", "subject": "2", "recorded-or-robo": "Y", "city": "Richland", "state": "WA", "area-code": "509"}, {"id": "03e293b3df9e35eadf15c5611932c12e", "number": "5099467376", "date": "2021-01-24 09:01:00", "subject": "2", "recorded-or-robo": "Y", "city": "Richland", "state": "WA", "area-code": "509"}, {"id": "3decc6bfadaa436a105714c6ba9c28ff", "number": "3019059177", "date": "2021-01-15 00:00:00", "subject": "2", "recorded-or-robo": "N", "city": "", "state": "MD", "area-code": "301"}, {"id": "03e293b3df9e35eadf15c5611932b7dd", "number": "3019059177", "date": "2021-01-15 00:00:00", "subject": "2", "recorded-or-robo": "N", "city": "", "state": "MD", "area-code": "301"}, {"id": "3decc6bfadaa436a105714c6ba9c1b5f", "number": "", "date": "2021-01-24 12:20:00", "subject": "3", "recorded-or-robo": "Y", "city": "", "state": "NC", "area-code": "704"}, {"id": "03e293b3df9e35eadf15c5611932b647", "number": "", "date": "2021-01-24 12:20:00", "subject": "3", "recorded-or-robo": "Y", "city": "", "state": "NC", "area-code": "704"}, {"id": "3decc6bfadaa436a105714c6ba9c1887", "number": "5715202589", "date": "2021-01-23 23:24:00", "subject": "3", "recorded-or-robo": "", "city": "Fairfax Station", "state": "VA", "area-code": "703"}]}