{"data": [{"id": "490dde24b259add1335244cd1b0684df", "number": "6672396280", "date": "2021-01-26 08:00:00", "subject": "0", "recorded-or-robo": "Y", "city": "Lake Frederick", "state": "VA", "area-code": "410"}, {"id": "490dde24b259add1335244cd1b0676b9", "number": "8302755633", "date": "2021-01-26 09:21:00", "subject": "2", "recorded-or-robo": "Y", "city": "Edinburg", "state": "TX", "area-code": "956"}, {"id": "490dde24b259add1335244cd1b0675e3", "number": "3138803395", "date": "2021-01-26 10:25:00", "subject": "0", "recorded-or-robo": "N", "city": "Troy", "state": "MI", "area-code": "248"}, {"id": "490dde24b259add1335244cd1b066d61", "number": "7036905053", "date": "2021-01-25 10:30:00", "subject": "2", "recorded-or-robo": "Y", "city": "Fairfax Sta", "state": "VA", "area-code": "703"}, {"id": "490dde24b259add1335244cd1b066766", "number": "9809999580", "date": "2021-01-25 16:26:00", "subject": "9", "recorded-or-robo": "Y", "city": "Wilmington", "state": "NC", "area-code": "910"}, {"id": "490dde24b259add1335244cd1b066642", "number": "5162064075", "date": "2021-01-26 07:05:00", "subject": "13", "recorded-or-robo": "Y", "city": "Seattle", "state": "WA", "area-code": "206"}, {"id": "490dde24b259add1335244cd1b065e4c", "number": "8332297992", "date": "2021-01-26 10:11:00", "subject": "0", "recorded-or-robo": "Y", "city": "Coatesville", "state": "PA", "area-code": "610"}, {"id": "490dde24b259add1335244cd1b064f93", "number": "2602165128", "date": "2021-01-26 09:55:00", "subject": "5", "recorded-or-robo": "N", "city": "", "state": "NC", "area-code": "704"}, {"id": "490dde24b259add1335244cd1b06423e", "number": "6313826603", "date": "2021-01-26 10:25:00", "subject": "0", "recorded-or-robo": "Y", "city": "", "state": "NY", "area-code": "631"}, {"id": "490dde24b259add1335244cd1b063d24", "number": "4254166417", "date": "2021-01-26 07:20:00", "subject": "1", "recorded-or-robo": "Y", "city": "", "state": "WA", "area-code": "425"}, {"id": "490dde24b259add1335244cd1b0637a1", "number": "", "date": "2021-01-26 10:23:00", "subject": "2", "recorded-or-robo": "Y", "city": "Endicott", "state": "NY", "area-code": "607"}, {"id": "490dde24b259add1335244cd1b062c93", "number": "7066085418", "date": "2021-01-26 10:27:00", "subject": "2", "recorded-or-robo": "Y", "city": "Meansville", "state": "GA", "area-code": "706"}, {"id": "490dde24b259add1335244cd1b061d78", "number": "8139737948", "date": "2021-01-22 17:10:00", "subject": "7", "recorded-or-robo": "N", "city": "TAMPA", "state": "FL", "area-code": "813"}, {"id": "490dde24b259add1335244cd1b060ea6", "number": "7372775364", "date": "2021-01-26 10:08:00", "subject": "5", "recorded-or-robo": "Y", "city": "Delaware", "state": "OH", "area-code": "614"}, {"id": "490dde24b259add1335244cd1b060129", "number": "4234989834", "date": "2021-01-26 10:25:00", "subject": "2", "recorded-or-robo": "Y", "city": "Portsmouth", "state": "NH", "area-code": "603"}, {"id": "490dde24b259add1335244cd1b05fba2", "number": "5802581353", "date": "2021-01-26 08:16:00", "subject": "1", "recorded-or-robo": "Y", "city": "", "state": "OK", "area-code": "580"}, {"id": "490dde24b259add1335244cd1b05ef2a", "number": "4013698402", "date": "2021-01-26 09:21:00", "subject": "6", "recorded-or-robo": "N", "city": "Birmingham", "state": "AL", "area-code": "205"}, {"id": "490dde24b259add1335244cd1b05ec61", "number": "8478642912", "date": "2021-01-11 15:34:00", "subject": "0", "recorded-or-robo": "", "city": "Geneva", "state": "IL", "area-code": "847"}, {"id": "490dde24b259add1335244cd1b05e30e", "number": "2604120932", "date": "2021-01-26 09:43:00", "subject": "5", "recorded-or-robo": "N", "city": "", "state": "NC", "area-code": "704"}, {"id": "490dde24b259add1335244cd1b05e203", "number": "5087614106", "date": "2021-01-25 11:00:00", "subject": "2", "recorded-or-robo": "N", "city": "Attleboro", "state": "MA", "area-code": "508"}, {"id": "490dde24b259add1335244cd1b05e201", "number": "7705268551", "date": "2021-01-26 10:23:00", "subject": "2", "recorded-or-robo": "Y", "city": "Kennesaw", "state": "GA", "area-code": "770"}, {"id": "490dde24b259add1335244cd1b05d2b3", "number": "8155628288", "date": "2021-01-26 09:24:00", "subject": "6", "recorded-or-robo": "N", "city": "Rochelle", "state": "IL", "area-code": "815"}, {"id": "490dde24b259add1335244cd1b05ced1", "number": "2126312215", "date": "2021-01-26 10:00:00", "subject": "1", "recorded-or-robo": "N", "city": "New York City", "state": "NY", "area-code": "212"}, {"id": "490dde24b259add1335244cd1b05cda1", "number": "3098860626", "date": "2021-01-26 10:00:00", "subject": "4", "recorded-or-robo": "Y", "city": "Durham", "state": "NC", "area-code": "919"}, {"id": "490dde24b259add1335244cd1b05c036", "number": "8646064835", "date": "2021-01-26 09:29:00", "subject": "2", "recorded-or-robo": "N", "city": "BARNWELL", "state": "SC", "area-code": "803"}, {"id": "490dde24b259add1335244cd1b05579f", "number": "6302995362", "date": "2021-01-26 10:20:00", "subject": "3", "recorded-or-robo": "N", "city": "", "state": "IL", "area-code": "630"}, {"id": "490dde24b259add1335244cd1b05b040", "number": "8002324636", "date": "2021-01-26 00:00:00", "subject": "2", "recorded-or-robo": "Y", "city": "Milford", "state": "NH", "area-code": "603"}, {"id": "490dde24b259add1335244cd1b05ad22", "number": "8607945040", "date": "2021-01-26 10:14:00", "subject": "2", "recorded-or-robo": "Y", "city": "Plainville", "state": "CT", "area-code": "860"}, {"id": "490dde24b259add1335244cd1b05a4a0", "number": "2053045317", "date": "2021-01-26 09:30:00", "subject": "0", "recorded-or-robo": "N", "city": "", "state": "NC", "area-code": "704"}, {"id": "490dde24b259add1335244cd1b059cba", "number": "7039278935", "date": "2021-01-26 10:22:00", "subject": "1", "recorded-or-robo": "Y", "city": "Fairfax", "state": "VA", "area-code": "703"}, {"id": "490dde24b259add1335244cd1b05990f", "number": "7146022665", "date": "2021-01-26 07:15:00", "subject": "4", "recorded-or-robo": "Y", "city": "", "state": "CA", "area-code": "714"}, {"id": "490dde24b259add1335244cd1b058d4e", "number": "8762156567", "date": "2021-01-26 09:14:00", "subject": "13", "recorded-or-robo": "N", "city": "Nashville", "state": "TN", "area-code": "615"}, {"id": "490dde24b259add1335244cd1b058cc8", "number": "6123240991", "date": "2021-01-25 10:06:00", "subject": "0", "recorded-or-robo": "Y", "city": "", "state": "MN", "area-code": "612"}, {"id": "490dde24b259add1335244cd1b058784", "number": "6144493200", "date": "2021-01-26 10:20:00", "subject": "2", "recorded-or-robo": "N", "city": "Columbus", "state": "OH", "area-code": "614"}, {"id": "490dde24b259add1335244cd1b058640", "number": "6508178753", "date": "2021-01-26 07:20:00", "subject": "4", "recorded-or-robo": "Y", "city": "Sherman Oaks", "state": "CA", "area-code": "310"}, {"id": "490dde24b259add1335244cd1b0578d1", "number": "", "date": "2021-01-26 10:25:00", "subject": "6", "recorded-or-robo": "N", "city": "Woodcliff Lake", "state": "NJ", "area-code": "201"}, {"id": "490dde24b259add1335244cd1b056d3f", "number": "5134370082", "date": "2021-01-26 08:45:00", "subject": "7", "recorded-or-robo": "N", "city": "New York", "state": "NY", "area-code": "212"}, {"id": "490dde24b259add1335244cd1b0563c3", "number": "8002324636", "date": "2021-01-26 00:00:00", "subject": "2", "recorded-or-robo": "Y", "city": "Milford", "state": "NH", "area-code": "603"}, {"id": "490dde24b259add1335244cd1b0548e9", "number": "2147665351", "date": "2021-01-15 05:00:00", "subject": "4", "recorded-or-robo": "Y", "city": "Duluth", "state": "GA", "area-code": "214"}, {"id": "490dde24b259add1335244cd1b054829", "number": "6108698123", "date": "2021-01-26 07:20:00", "subject": "4", "recorded-or-robo": "Y", "city": "Las Vegas", "state": "NV", "area-code": "215"}, {"id": "490dde24b259add1335244cd1b053d8b", "number": "4078915531", "date": "2021-01-26 10:23:00", "subject": "4", "recorded-or-robo": "Y", "city": "", "state": "FL", "area-code": "407"}, {"id": "490dde24b259add1335244cd1b053646", "number": "6142146257", "date": "2021-01-26 10:16:00", "subject": "1", "recorded-or-robo": "Y", "city": "", "state": "OH", "area-code": "614"}, {"id": "490dde24b259add1335244cd1b052c3f", "number": "8507835090", "date": "2021-01-26 08:23:00", "subject": "4", "recorded-or-robo": "Y", "city": "", "state": "CO", "area-code": "719"}, {"id": "490dde24b259add1335244cd1b052bc6", "number": "6317633878", "date": "2021-01-25 12:25:00", "subject": "0", "recorded-or-robo": "N", "city": "Sun City Center", "state": "FL", "area-code": "631"}, {"id": "490dde24b259add1335244cd1b052094", "number": "8653831827", "date": "2021-01-26 12:00:00", "subject": "2", "recorded-or-robo": "Y", "city": "Anthem", "state": "AZ", "area-code": "623"}, {"id": "490dde24b259add1335244cd1b051a90", "number": "2678175168", "date": "2021-01-26 10:21:00", "subject": "1", "recorded-or-robo": "Y", "city": "Dunwoody", "state": "GA", "area-code": "404"}, {"id": "490dde24b259add1335244cd1b051021", "number": "7038845341", "date": "2021-01-26 10:15:00", "subject": "4", "recorded-or-robo": "Y", "city": "Woodbridge", "state": "VA", "area-code": "703"}, {"id": "490dde24b259add1335244cd1b050d8d", "number": "", "date": "2021-01-26 09:24:00", "subject": "1", "recorded-or-robo": "Y", "city": "Kansas City", "state": "KS", "area-code": "913"}, {"id": "490dde24b259add1335244cd1b0506f0", "number": "4706341772", "date": "2021-01-26 10:18:00", "subject": "6", "recorded-or-robo": "N", "city": "", "state": "GA", "area-code": "706"}, {"id": "490dde24b259add1335244cd1b04ffc0", "number": "3148664453", "date": "2021-01-26 09:12:00", "subject": "2", "recorded-or-robo": "Y", "city": "St. Louis", "state": "MO", "area-code": "314"}]}