{"data": [{"id": "03e293b3df9e35eadf15c561194ef219", "number": "3149411192", "date": "2021-01-24 15:20:00", "subject": "2", "recorded-or-robo": "Y", "city": "", "state": "MO", "area-code": "314"}, {"id": "3decc6bfadaa436a105714c6bab822a1", "number": "6096075180", "date": "2021-01-22 14:03:00", "subject": "2", "recorded-or-robo": "N", "city": "Keyport", "state": "NJ", "area-code": "908"}, {"id": "03e293b3df9e35eadf15c561194ee316", "number": "6096075180", "date": "2021-01-22 14:03:00", "subject": "2", "recorded-or-robo": "N", "city": "Keyport", "state": "NJ", "area-code": "908"}, {"id": "3decc6bfadaa436a105714c6bab82249", "number": "3148788192", "date": "2021-01-24 15:18:00", "subject": "11", "recorded-or-robo": "Y", "city": "St Louis", "state": "MO", "area-code": "314"}, {"id": "03e293b3df9e35eadf15c561194ed844", "number": "3148788192", "date": "2021-01-24 15:18:00", "subject": "11", "recorded-or-robo": "Y", "city": "St Louis", "state": "MO", "area-code": "314"}, {"id": "3decc6bfadaa436a105714c6bab80600", "number": "4148522792", "date": "2021-01-24 14:19:00", "subject": "3", "recorded-or-robo": "N", "city": "", "state": "WI", "area-code": "414"}, {"id": "03e293b3df9e35eadf15c561194ec553", "number": "4148522792", "date": "2021-01-24 14:19:00", "subject": "3", "recorded-or-robo": "N", "city": "", "state": "WI", "area-code": "414"}, {"id": "3decc6bfadaa436a105714c6bab813ad", "number": "9294291115", "date": "2021-01-24 16:06:00", "subject": "2", "recorded-or-robo": "Y", "city": "Bristol", "state": "RI", "area-code": "401"}, {"id": "03e293b3df9e35eadf15c561194ece28", "number": "9294291115", "date": "2021-01-24 16:06:00", "subject": "2", "recorded-or-robo": "Y", "city": "Bristol", "state": "RI", "area-code": "401"}, {"id": "3decc6bfadaa436a105714c6bab80240", "number": "", "date": "2021-01-24 12:39:00", "subject": "2", "recorded-or-robo": "Y", "city": "Ohio", "state": "OH", "area-code": "216"}, {"id": "03e293b3df9e35eadf15c561194eb6de", "number": "", "date": "2021-01-24 12:39:00", "subject": "2", "recorded-or-robo": "Y", "city": "Ohio", "state": "OH", "area-code": "216"}, {"id": "3decc6bfadaa436a105714c6bab7fd2d", "number": "5414264865", "date": "2021-01-21 05:11:00", "subject": "9", "recorded-or-robo": "Y", "city": "Salem", "state": "OR", "area-code": "503"}, {"id": "03e293b3df9e35eadf15c561194eab53", "number": "5414264865", "date": "2021-01-21 05:11:00", "subject": "9", "recorded-or-robo": "Y", "city": "Salem", "state": "OR", "area-code": "503"}, {"id": "3decc6bfadaa436a105714c6bab7f5f5", "number": "5623713491", "date": "2021-01-06 09:12:00", "subject": "0", "recorded-or-robo": "", "city": "Buffalo", "state": "NY", "area-code": "716"}, {"id": "03e293b3df9e35eadf15c561194ea6b2", "number": "5623713491", "date": "2021-01-06 09:12:00", "subject": "0", "recorded-or-robo": "", "city": "Buffalo", "state": "NY", "area-code": "716"}, {"id": "3decc6bfadaa436a105714c6bab7ef8e", "number": "254713296935", "date": "2021-01-24 00:00:00", "subject": "3", "recorded-or-robo": "", "city": "", "state": "MO", "area-code": "816"}, {"id": "03e293b3df9e35eadf15c561194e9e1d", "number": "254713296935", "date": "2021-01-24 00:00:00", "subject": "3", "recorded-or-robo": "", "city": "", "state": "MO", "area-code": "816"}, {"id": "3decc6bfadaa436a105714c6bab7e643", "number": "7163251301", "date": "2021-01-19 13:48:00", "subject": "0", "recorded-or-robo": "", "city": "Buffalo", "state": "NY", "area-code": "716"}, {"id": "03e293b3df9e35eadf15c561194e9d60", "number": "7163251301", "date": "2021-01-19 13:48:00", "subject": "0", "recorded-or-robo": "", "city": "Buffalo", "state": "NY", "area-code": "716"}, {"id": "3decc6bfadaa436a105714c6bab7de91", "number": "4693691491", "date": "2021-01-24 15:17:00", "subject": "12", "recorded-or-robo": "Y", "city": "Plano", "state": "TX", "area-code": "972"}, {"id": "03e293b3df9e35eadf15c561194e9966", "number": "4693691491", "date": "2021-01-24 15:17:00", "subject": "12", "recorded-or-robo": "Y", "city": "Plano", "state": "TX", "area-code": "972"}, {"id": "3decc6bfadaa436a105714c6bab7d038", "number": "8174974315", "date": "2021-01-23 09:58:00", "subject": "2", "recorded-or-robo": "N", "city": "Dallas", "state": "TX", "area-code": "817"}, {"id": "03e293b3df9e35eadf15c561194e8f14", "number": "8174974315", "date": "2021-01-23 09:58:00", "subject": "2", "recorded-or-robo": "N", "city": "Dallas", "state": "TX", "area-code": "817"}, {"id": "3decc6bfadaa436a105714c6bab7ccd4", "number": "2169069033", "date": "2021-01-24 11:55:00", "subject": "2", "recorded-or-robo": "Y", "city": "Ohio", "state": "OH", "area-code": "216"}, {"id": "03e293b3df9e35eadf15c561194e8e74", "number": "2169069033", "date": "2021-01-24 11:55:00", "subject": "2", "recorded-or-robo": "Y", "city": "Ohio", "state": "OH", "area-code": "216"}, {"id": "3decc6bfadaa436a105714c6bab7c9b4", "number": "7163251301", "date": "2021-01-19 16:13:00", "subject": "0", "recorded-or-robo": "", "city": "Buffalo", "state": "NY", "area-code": "716"}, {"id": "03e293b3df9e35eadf15c561194e812b", "number": "7163251301", "date": "2021-01-19 16:13:00", "subject": "0", "recorded-or-robo": "", "city": "Buffalo", "state": "NY", "area-code": "716"}, {"id": "3decc6bfadaa436a105714c6bab7c91b", "number": "4696527721", "date": "2021-01-19 00:00:00", "subject": "2", "recorded-or-robo": "Y", "city": "Athens", "state": "AL", "area-code": "817"}, {"id": "03e293b3df9e35eadf15c561194e781c", "number": "4696527721", "date": "2021-01-19 00:00:00", "subject": "2", "recorded-or-robo": "Y", "city": "Athens", "state": "AL", "area-code": "817"}, {"id": "3decc6bfadaa436a105714c6bab7c290", "number": "", "date": "2021-01-12 12:00:00", "subject": "1", "recorded-or-robo": "Y", "city": "BROKEN ARROW", "state": "OH", "area-code": "918"}, {"id": "03e293b3df9e35eadf15c561194e69bd", "number": "", "date": "2021-01-12 12:00:00", "subject": "1", "recorded-or-robo": "Y", "city": "BROKEN ARROW", "state": "OH", "area-code": "918"}, {"id": "3decc6bfadaa436a105714c6bab7b85d", "number": "4803972161", "date": "2021-01-15 09:14:00", "subject": "0", "recorded-or-robo": "", "city": "Mesa", "state": "AZ", "area-code": "480"}, {"id": "03e293b3df9e35eadf15c561194e5fdd", "number": "4803972161", "date": "2021-01-15 09:14:00", "subject": "0", "recorded-or-robo": "", "city": "Mesa", "state": "AZ", "area-code": "480"}, {"id": "3decc6bfadaa436a105714c6bab7b70f", "number": "5055334270", "date": "2021-01-05 17:44:00", "subject": "0", "recorded-or-robo": "", "city": "Buffalo", "state": "NY", "area-code": "716"}, {"id": "03e293b3df9e35eadf15c561194e59c7", "number": "5055334270", "date": "2021-01-05 17:44:00", "subject": "0", "recorded-or-robo": "", "city": "Buffalo", "state": "NY", "area-code": "716"}, {"id": "3decc6bfadaa436a105714c6bab7ad74", "number": "9177682248", "date": "2021-01-20 19:20:00", "subject": "13", "recorded-or-robo": "N", "city": "", "state": "OH", "area-code": "330"}, {"id": "03e293b3df9e35eadf15c561194e5567", "number": "9177682248", "date": "2021-01-20 19:20:00", "subject": "13", "recorded-or-robo": "N", "city": "", "state": "OH", "area-code": "330"}, {"id": "3decc6bfadaa436a105714c6bab7a2dc", "number": "2169065702", "date": "2021-01-23 07:08:00", "subject": "2", "recorded-or-robo": "Y", "city": "Ohio", "state": "OH", "area-code": "216"}, {"id": "03e293b3df9e35eadf15c561194e4858", "number": "2169065702", "date": "2021-01-23 07:08:00", "subject": "2", "recorded-or-robo": "Y", "city": "Ohio", "state": "OH", "area-code": "216"}, {"id": "3decc6bfadaa436a105714c6bab79ea1", "number": "9202217732", "date": "2021-01-21 05:11:00", "subject": "4", "recorded-or-robo": "Y", "city": "", "state": "WI", "area-code": "920"}, {"id": "03e293b3df9e35eadf15c561194e3996", "number": "9202217732", "date": "2021-01-21 05:11:00", "subject": "4", "recorded-or-robo": "Y", "city": "", "state": "WI", "area-code": "920"}, {"id": "3decc6bfadaa436a105714c6bab797ac", "number": "7168690442", "date": "2021-01-07 10:20:00", "subject": "0", "recorded-or-robo": "", "city": "Buffalo", "state": "NY", "area-code": "716"}, {"id": "03e293b3df9e35eadf15c561194e398c", "number": "7168690442", "date": "2021-01-07 10:20:00", "subject": "0", "recorded-or-robo": "", "city": "Buffalo", "state": "NY", "area-code": "716"}, {"id": "3decc6bfadaa436a105714c6bab7910e", "number": "", "date": "2021-01-24 14:00:00", "subject": "1", "recorded-or-robo": "Y", "city": "Mesa", "state": "AZ", "area-code": "480"}, {"id": "03e293b3df9e35eadf15c561194e31b4", "number": "", "date": "2021-01-24 14:00:00", "subject": "1", "recorded-or-robo": "Y", "city": "Mesa", "state": "AZ", "area-code": "480"}, {"id": "3decc6bfadaa436a105714c6bab78556", "number": "4253157307", "date": "2021-01-24 01:08:00", "subject": "2", "recorded-or-robo": "Y", "city": "Arlington", "state": "WA", "area-code": "425"}, {"id": "03e293b3df9e35eadf15c561194e2335", "number": "4253157307", "date": "2021-01-24 01:08:00", "subject": "2", "recorded-or-robo": "Y", "city": "Arlington", "state": "WA", "area-code": "425"}, {"id": "3decc6bfadaa436a105714c6bab77f22", "number": "", "date": "2021-01-24 16:10:00", "subject": "1", "recorded-or-robo": "Y", "city": "Indianapolis", "state": "IN", "area-code": "317"}, {"id": "03e293b3df9e35eadf15c561194e1930", "number": "", "date": "2021-01-24 16:10:00", "subject": "1", "recorded-or-robo": "Y", "city": "Indianapolis", "state": "IN", "area-code": "317"}, {"id": "3decc6bfadaa436a105714c6bab77743", "number": "4803051111", "date": "2021-01-19 16:40:00", "subject": "0", "recorded-or-robo": "", "city": "Mesa", "state": "AZ", "area-code": "480"}]}