{"data": [{"id": "03e293b3df9e35eadf15c56119262f64", "number": "8563353322", "date": "2021-01-13 11:59:00", "subject": "0", "recorded-or-robo": "N", "city": "", "state": "NJ", "area-code": "856"}, {"id": "3decc6bfadaa436a105714c6ba8fa235", "number": "4432539300", "date": "2021-01-24 09:01:00", "subject": "2", "recorded-or-robo": "Y", "city": "Annapolis", "state": "MD", "area-code": "410"}, {"id": "03e293b3df9e35eadf15c5611926228f", "number": "4432539300", "date": "2021-01-24 09:01:00", "subject": "2", "recorded-or-robo": "Y", "city": "Annapolis", "state": "MD", "area-code": "410"}, {"id": "3decc6bfadaa436a105714c6ba8f9cb7", "number": "8159104822", "date": "2021-01-20 13:26:00", "subject": "2", "recorded-or-robo": "Y", "city": "", "state": "IL", "area-code": "815"}, {"id": "03e293b3df9e35eadf15c56119261864", "number": "8159104822", "date": "2021-01-20 13:26:00", "subject": "2", "recorded-or-robo": "Y", "city": "", "state": "IL", "area-code": "815"}, {"id": "3decc6bfadaa436a105714c6ba8f8eb4", "number": "5025579590", "date": "2021-01-23 15:07:00", "subject": "6", "recorded-or-robo": "N", "city": "Petersburg", "state": "FL", "area-code": "502"}, {"id": "03e293b3df9e35eadf15c56119260f55", "number": "5025579590", "date": "2021-01-23 15:07:00", "subject": "6", "recorded-or-robo": "N", "city": "Petersburg", "state": "FL", "area-code": "502"}, {"id": "3decc6bfadaa436a105714c6ba8f8ce7", "number": "9034508317", "date": "2021-01-23 10:30:00", "subject": "6", "recorded-or-robo": "N", "city": "Petersburg", "state": "FL", "area-code": "502"}, {"id": "03e293b3df9e35eadf15c561192607ab", "number": "9034508317", "date": "2021-01-23 10:30:00", "subject": "6", "recorded-or-robo": "N", "city": "Petersburg", "state": "FL", "area-code": "502"}, {"id": "3decc6bfadaa436a105714c6ba8f82c7", "number": "7542284278", "date": "2021-01-23 13:39:00", "subject": "3", "recorded-or-robo": "Y", "city": "FORT LEE", "state": "NJ", "area-code": "201"}, {"id": "03e293b3df9e35eadf15c5611926071f", "number": "7542284278", "date": "2021-01-23 13:39:00", "subject": "3", "recorded-or-robo": "Y", "city": "FORT LEE", "state": "NJ", "area-code": "201"}, {"id": "3decc6bfadaa436a105714c6ba8f7981", "number": "5025537564", "date": "2021-01-23 01:47:00", "subject": "6", "recorded-or-robo": "N", "city": "Petersburg", "state": "FL", "area-code": "502"}, {"id": "03e293b3df9e35eadf15c5611925fce1", "number": "5025537564", "date": "2021-01-23 01:47:00", "subject": "6", "recorded-or-robo": "N", "city": "Petersburg", "state": "FL", "area-code": "502"}, {"id": "3decc6bfadaa436a105714c6ba8f76af", "number": "9783074930", "date": "2021-01-20 13:55:00", "subject": "2", "recorded-or-robo": "N", "city": "HYDE PARK", "state": "MA", "area-code": "617"}, {"id": "03e293b3df9e35eadf15c5611925f9b3", "number": "9783074930", "date": "2021-01-20 13:55:00", "subject": "2", "recorded-or-robo": "N", "city": "HYDE PARK", "state": "MA", "area-code": "617"}, {"id": "3decc6bfadaa436a105714c6ba8f7676", "number": "4229304", "date": "2021-01-19 10:34:00", "subject": "2", "recorded-or-robo": "", "city": "ANDOVER", "state": "MN", "area-code": "763"}, {"id": "03e293b3df9e35eadf15c5611925eb49", "number": "4229304", "date": "2021-01-19 10:34:00", "subject": "2", "recorded-or-robo": "", "city": "ANDOVER", "state": "MN", "area-code": "763"}, {"id": "3decc6bfadaa436a105714c6ba8f5cf8", "number": "6093439485", "date": "2021-01-21 11:21:00", "subject": "3", "recorded-or-robo": "N", "city": "", "state": "NJ", "area-code": "609"}, {"id": "03e293b3df9e35eadf15c5611925dbbb", "number": "6093439485", "date": "2021-01-21 11:21:00", "subject": "3", "recorded-or-robo": "N", "city": "", "state": "NJ", "area-code": "609"}, {"id": "3decc6bfadaa436a105714c6ba8f6c1c", "number": "4229863", "date": "2021-01-19 14:49:00", "subject": "2", "recorded-or-robo": "", "city": "ANDOVER", "state": "MN", "area-code": "763"}, {"id": "03e293b3df9e35eadf15c5611925e84c", "number": "4229863", "date": "2021-01-19 14:49:00", "subject": "2", "recorded-or-robo": "", "city": "ANDOVER", "state": "MN", "area-code": "763"}, {"id": "3decc6bfadaa436a105714c6ba8f3204", "number": "6092691244", "date": "2021-01-20 16:27:00", "subject": "3", "recorded-or-robo": "N", "city": "", "state": "NJ", "area-code": "609"}, {"id": "03e293b3df9e35eadf15c5611925c1c9", "number": "6092691244", "date": "2021-01-20 16:27:00", "subject": "3", "recorded-or-robo": "N", "city": "", "state": "NJ", "area-code": "609"}, {"id": "3decc6bfadaa436a105714c6ba8f4d88", "number": "3322328025", "date": "2021-01-23 11:07:00", "subject": "0", "recorded-or-robo": "Y", "city": "Brick", "state": "NJ", "area-code": "732"}, {"id": "03e293b3df9e35eadf15c5611925d259", "number": "3322328025", "date": "2021-01-23 11:07:00", "subject": "0", "recorded-or-robo": "Y", "city": "Brick", "state": "NJ", "area-code": "732"}, {"id": "3decc6bfadaa436a105714c6ba8f3f47", "number": "3075449", "date": "2021-01-20 11:36:00", "subject": "2", "recorded-or-robo": "Y", "city": "ANDOVER", "state": "MN", "area-code": "763"}, {"id": "03e293b3df9e35eadf15c5611925c742", "number": "3075449", "date": "2021-01-20 11:36:00", "subject": "2", "recorded-or-robo": "Y", "city": "ANDOVER", "state": "MN", "area-code": "763"}, {"id": "3decc6bfadaa436a105714c6ba8f2de9", "number": "3075449", "date": "2021-01-20 09:20:00", "subject": "2", "recorded-or-robo": "", "city": "ANDOVER", "state": "MN", "area-code": "763"}, {"id": "03e293b3df9e35eadf15c5611925c0d3", "number": "3075449", "date": "2021-01-20 09:20:00", "subject": "2", "recorded-or-robo": "", "city": "ANDOVER", "state": "MN", "area-code": "763"}, {"id": "3decc6bfadaa436a105714c6ba8f2b4a", "number": "", "date": "2021-01-23 20:00:00", "subject": "2", "recorded-or-robo": "Y", "city": "", "state": "NJ", "area-code": "908"}, {"id": "03e293b3df9e35eadf15c5611925b8a3", "number": "", "date": "2021-01-23 20:00:00", "subject": "2", "recorded-or-robo": "Y", "city": "", "state": "NJ", "area-code": "908"}, {"id": "3decc6bfadaa436a105714c6ba8f29a4", "number": "8768267865", "date": "2021-01-23 16:35:00", "subject": "13", "recorded-or-robo": "N", "city": "", "state": "PA", "area-code": "724"}, {"id": "03e293b3df9e35eadf15c5611925ae73", "number": "8768267865", "date": "2021-01-23 16:35:00", "subject": "13", "recorded-or-robo": "N", "city": "", "state": "PA", "area-code": "724"}, {"id": "3decc6bfadaa436a105714c6ba8f24ee", "number": "7813221622", "date": "2021-01-21 16:54:00", "subject": "2", "recorded-or-robo": "Y", "city": "", "state": "MA", "area-code": "781"}, {"id": "03e293b3df9e35eadf15c5611925a2b2", "number": "7813221622", "date": "2021-01-21 16:54:00", "subject": "2", "recorded-or-robo": "Y", "city": "", "state": "MA", "area-code": "781"}, {"id": "3decc6bfadaa436a105714c6ba8f1e7b", "number": "3025360403", "date": "2021-01-22 11:55:00", "subject": "2", "recorded-or-robo": "Y", "city": "", "state": "MA", "area-code": "781"}, {"id": "03e293b3df9e35eadf15c56119259392", "number": "3025360403", "date": "2021-01-22 11:55:00", "subject": "2", "recorded-or-robo": "Y", "city": "", "state": "MA", "area-code": "781"}, {"id": "3decc6bfadaa436a105714c6ba8f1bf7", "number": "8004549078", "date": "2021-01-22 15:16:00", "subject": "1", "recorded-or-robo": "N", "city": "Charlotte", "state": "KY", "area-code": "859"}, {"id": "03e293b3df9e35eadf15c56119258f45", "number": "8004549078", "date": "2021-01-22 15:16:00", "subject": "1", "recorded-or-robo": "N", "city": "Charlotte", "state": "KY", "area-code": "859"}, {"id": "3decc6bfadaa436a105714c6ba8f10a2", "number": "", "date": "2021-01-23 21:00:00", "subject": "4", "recorded-or-robo": "Y", "city": "Albany", "state": "NY", "area-code": "518"}, {"id": "03e293b3df9e35eadf15c56119258205", "number": "", "date": "2021-01-23 21:00:00", "subject": "4", "recorded-or-robo": "Y", "city": "Albany", "state": "NY", "area-code": "518"}, {"id": "3decc6bfadaa436a105714c6ba8f070a", "number": "5714916109", "date": "2021-01-20 17:49:00", "subject": "2", "recorded-or-robo": "", "city": "ANDOVER", "state": "MN", "area-code": "763"}, {"id": "03e293b3df9e35eadf15c561192578d7", "number": "5714916109", "date": "2021-01-20 17:49:00", "subject": "2", "recorded-or-robo": "", "city": "ANDOVER", "state": "MN", "area-code": "763"}, {"id": "3decc6bfadaa436a105714c6ba8f03f7", "number": "9315347596", "date": "2021-01-22 12:39:00", "subject": "2", "recorded-or-robo": "Y", "city": "", "state": "MA", "area-code": "781"}, {"id": "03e293b3df9e35eadf15c56119257333", "number": "9315347596", "date": "2021-01-22 12:39:00", "subject": "2", "recorded-or-robo": "Y", "city": "", "state": "MA", "area-code": "781"}, {"id": "3decc6bfadaa436a105714c6ba8efc78", "number": "8776983261", "date": "2021-01-24 09:21:00", "subject": "2", "recorded-or-robo": "Y", "city": "Franklin Square", "state": "NY", "area-code": "516"}, {"id": "03e293b3df9e35eadf15c56119256473", "number": "8776983261", "date": "2021-01-24 09:21:00", "subject": "2", "recorded-or-robo": "Y", "city": "Franklin Square", "state": "NY", "area-code": "516"}, {"id": "3decc6bfadaa436a105714c6ba8ef3d6", "number": "2565000810", "date": "2021-01-22 13:22:00", "subject": "2", "recorded-or-robo": "Y", "city": "", "state": "MA", "area-code": "781"}, {"id": "03e293b3df9e35eadf15c561192559db", "number": "2565000810", "date": "2021-01-22 13:22:00", "subject": "2", "recorded-or-robo": "Y", "city": "", "state": "MA", "area-code": "781"}, {"id": "3decc6bfadaa436a105714c6ba8ee909", "number": "6122357198", "date": "2021-01-22 11:57:00", "subject": "2", "recorded-or-robo": "", "city": "ANDOVER", "state": "MN", "area-code": "763"}]}