{"data": [{"id": "03e293b3df9e35eadf15c561193f0798", "number": "8603744571", "date": "2021-01-20 15:34:00", "subject": "0", "recorded-or-robo": "", "city": "weatogue", "state": "CT", "area-code": "860"}, {"id": "3decc6bfadaa436a105714c6baa90417", "number": "5204150957", "date": "2021-01-22 11:33:00", "subject": "2", "recorded-or-robo": "Y", "city": "", "state": "AZ", "area-code": "520"}, {"id": "03e293b3df9e35eadf15c561193f04d3", "number": "5204150957", "date": "2021-01-22 11:33:00", "subject": "2", "recorded-or-robo": "Y", "city": "", "state": "AZ", "area-code": "520"}, {"id": "3decc6bfadaa436a105714c6baa8f4a5", "number": "8608698570", "date": "2021-01-19 11:03:00", "subject": "0", "recorded-or-robo": "", "city": "weatogue", "state": "CT", "area-code": "860"}, {"id": "03e293b3df9e35eadf15c561193f022e", "number": "8608698570", "date": "2021-01-19 11:03:00", "subject": "0", "recorded-or-robo": "", "city": "weatogue", "state": "CT", "area-code": "860"}, {"id": "3decc6bfadaa436a105714c6baa8f273", "number": "2148460005", "date": "2021-01-24 11:58:00", "subject": "2", "recorded-or-robo": "Y", "city": "Mesquite", "state": "TX", "area-code": "214"}, {"id": "03e293b3df9e35eadf15c561193efddc", "number": "2148460005", "date": "2021-01-24 11:58:00", "subject": "2", "recorded-or-robo": "Y", "city": "Mesquite", "state": "TX", "area-code": "214"}, {"id": "3decc6bfadaa436a105714c6baa8e4f4", "number": "5512535914", "date": "2021-01-23 10:07:00", "subject": "0", "recorded-or-robo": "Y", "city": "", "state": "NJ", "area-code": "201"}, {"id": "03e293b3df9e35eadf15c561193ef7d8", "number": "5512535914", "date": "2021-01-23 10:07:00", "subject": "0", "recorded-or-robo": "Y", "city": "", "state": "NJ", "area-code": "201"}, {"id": "3decc6bfadaa436a105714c6baa8deac", "number": "8603590151", "date": "2021-01-15 15:30:00", "subject": "0", "recorded-or-robo": "", "city": "weatogue", "state": "CT", "area-code": "860"}, {"id": "03e293b3df9e35eadf15c561193eee31", "number": "8603590151", "date": "2021-01-15 15:30:00", "subject": "0", "recorded-or-robo": "", "city": "weatogue", "state": "CT", "area-code": "860"}, {"id": "3decc6bfadaa436a105714c6baa8d4f3", "number": "3152328275", "date": "2021-01-24 07:03:00", "subject": "11", "recorded-or-robo": "Y", "city": "Yakima", "state": "WA", "area-code": "509"}, {"id": "03e293b3df9e35eadf15c561193edff5", "number": "3152328275", "date": "2021-01-24 07:03:00", "subject": "11", "recorded-or-robo": "Y", "city": "Yakima", "state": "WA", "area-code": "509"}, {"id": "3decc6bfadaa436a105714c6baa8d251", "number": "8317581540", "date": "2021-01-18 07:23:00", "subject": "2", "recorded-or-robo": "Y", "city": "LOS ALTOS", "state": "CA", "area-code": "650"}, {"id": "03e293b3df9e35eadf15c561193edc33", "number": "8317581540", "date": "2021-01-18 07:23:00", "subject": "2", "recorded-or-robo": "Y", "city": "LOS ALTOS", "state": "CA", "area-code": "650"}, {"id": "3decc6bfadaa436a105714c6baa8cfce", "number": "6264693844", "date": "2021-01-23 12:09:00", "subject": "7", "recorded-or-robo": "Y", "city": "Redondo Beach", "state": "CA", "area-code": "310"}, {"id": "03e293b3df9e35eadf15c561193ecf01", "number": "6264693844", "date": "2021-01-23 12:09:00", "subject": "7", "recorded-or-robo": "Y", "city": "Redondo Beach", "state": "CA", "area-code": "310"}, {"id": "3decc6bfadaa436a105714c6baa8ca9e", "number": "5203867306", "date": "2021-01-23 08:37:00", "subject": "2", "recorded-or-robo": "Y", "city": "", "state": "AZ", "area-code": "520"}, {"id": "03e293b3df9e35eadf15c561193ece13", "number": "5203867306", "date": "2021-01-23 08:37:00", "subject": "2", "recorded-or-robo": "Y", "city": "", "state": "AZ", "area-code": "520"}, {"id": "3decc6bfadaa436a105714c6baa8c46a", "number": "7182449109", "date": "2021-01-24 00:00:00", "subject": "2", "recorded-or-robo": "Y", "city": "", "state": "WA", "area-code": "425"}, {"id": "03e293b3df9e35eadf15c561193ec8e6", "number": "7182449109", "date": "2021-01-24 00:00:00", "subject": "2", "recorded-or-robo": "Y", "city": "", "state": "WA", "area-code": "425"}, {"id": "3decc6bfadaa436a105714c6baa8c38f", "number": "4155023199", "date": "2021-01-21 08:06:00", "subject": "2", "recorded-or-robo": "Y", "city": "LOS ALTOS", "state": "CA", "area-code": "650"}, {"id": "03e293b3df9e35eadf15c561193ebeaa", "number": "4155023199", "date": "2021-01-21 08:06:00", "subject": "2", "recorded-or-robo": "Y", "city": "LOS ALTOS", "state": "CA", "area-code": "650"}, {"id": "3decc6bfadaa436a105714c6baa8c1ca", "number": "2018908611", "date": "2021-01-22 09:53:00", "subject": "0", "recorded-or-robo": "Y", "city": "", "state": "NJ", "area-code": "201"}, {"id": "03e293b3df9e35eadf15c561193eb396", "number": "2018908611", "date": "2021-01-22 09:53:00", "subject": "0", "recorded-or-robo": "Y", "city": "", "state": "NJ", "area-code": "201"}, {"id": "3decc6bfadaa436a105714c6baa8b456", "number": "3347391387", "date": "2021-01-22 10:14:00", "subject": "2", "recorded-or-robo": "", "city": "Eclectic", "state": "AL", "area-code": "334"}, {"id": "03e293b3df9e35eadf15c561193eb124", "number": "3347391387", "date": "2021-01-22 10:14:00", "subject": "2", "recorded-or-robo": "", "city": "Eclectic", "state": "AL", "area-code": "334"}, {"id": "3decc6bfadaa436a105714c6baa8aac7", "number": "5176889494", "date": "2021-01-24 13:50:00", "subject": "1", "recorded-or-robo": "N", "city": "Fremont", "state": "IN", "area-code": "260"}, {"id": "03e293b3df9e35eadf15c561193eac1d", "number": "5176889494", "date": "2021-01-24 13:50:00", "subject": "1", "recorded-or-robo": "N", "city": "Fremont", "state": "IN", "area-code": "260"}, {"id": "3decc6bfadaa436a105714c6baa8a553", "number": "9258913327", "date": "2021-01-21 10:17:00", "subject": "2", "recorded-or-robo": "Y", "city": "LOS ALTOS", "state": "CA", "area-code": "650"}, {"id": "03e293b3df9e35eadf15c561193eab85", "number": "9258913327", "date": "2021-01-21 10:17:00", "subject": "2", "recorded-or-robo": "Y", "city": "LOS ALTOS", "state": "CA", "area-code": "650"}, {"id": "3decc6bfadaa436a105714c6baa8a0a6", "number": "989059697440", "date": "2020-05-10 12:00:00", "subject": "15", "recorded-or-robo": "Y", "city": "semnan", "state": "", "area-code": ""}, {"id": "03e293b3df9e35eadf15c561193e9c6f", "number": "989059697440", "date": "2020-05-10 12:00:00", "subject": "15", "recorded-or-robo": "Y", "city": "semnan", "state": "", "area-code": ""}, {"id": "3decc6bfadaa436a105714c6baa89508", "number": "8002103534", "date": "2021-01-23 09:06:00", "subject": "2", "recorded-or-robo": "Y", "city": "", "state": "AZ", "area-code": "520"}, {"id": "03e293b3df9e35eadf15c561193e941b", "number": "8002103534", "date": "2021-01-23 09:06:00", "subject": "2", "recorded-or-robo": "Y", "city": "", "state": "AZ", "area-code": "520"}, {"id": "3decc6bfadaa436a105714c6baa89340", "number": "9416270555", "date": "2021-01-23 17:14:00", "subject": "2", "recorded-or-robo": "Y", "city": "", "state": "FL", "area-code": "941"}, {"id": "03e293b3df9e35eadf15c561193e8764", "number": "9416270555", "date": "2021-01-23 17:14:00", "subject": "2", "recorded-or-robo": "Y", "city": "", "state": "FL", "area-code": "941"}, {"id": "3decc6bfadaa436a105714c6baa8919f", "number": "6505676224", "date": "2021-01-22 11:21:00", "subject": "2", "recorded-or-robo": "Y", "city": "LOS ALTOS", "state": "CA", "area-code": "650"}, {"id": "03e293b3df9e35eadf15c561193e81cc", "number": "6505676224", "date": "2021-01-22 11:21:00", "subject": "2", "recorded-or-robo": "Y", "city": "LOS ALTOS", "state": "CA", "area-code": "650"}, {"id": "3decc6bfadaa436a105714c6baa883a4", "number": "3152328257", "date": "2021-01-23 12:00:00", "subject": "11", "recorded-or-robo": "Y", "city": "Yakima", "state": "WA", "area-code": "509"}, {"id": "3decc6bfadaa436a105714c6baa87e52", "number": "3347391387", "date": "2021-01-22 11:50:00", "subject": "2", "recorded-or-robo": "", "city": "Eclectic", "state": "AL", "area-code": "334"}, {"id": "03e293b3df9e35eadf15c561193e7dee", "number": "3152328257", "date": "2021-01-23 12:00:00", "subject": "11", "recorded-or-robo": "Y", "city": "Yakima", "state": "WA", "area-code": "509"}, {"id": "03e293b3df9e35eadf15c561193e7dd5", "number": "3347391387", "date": "2021-01-22 11:50:00", "subject": "2", "recorded-or-robo": "", "city": "Eclectic", "state": "AL", "area-code": "334"}, {"id": "3decc6bfadaa436a105714c6baa87871", "number": "2018908611", "date": "2021-01-22 16:12:00", "subject": "0", "recorded-or-robo": "Y", "city": "", "state": "NJ", "area-code": "201"}, {"id": "03e293b3df9e35eadf15c561193e7820", "number": "2018908611", "date": "2021-01-22 16:12:00", "subject": "0", "recorded-or-robo": "Y", "city": "", "state": "NJ", "area-code": "201"}, {"id": "3decc6bfadaa436a105714c6baa86f3a", "number": "6312033821", "date": "2021-01-20 16:54:00", "subject": "0", "recorded-or-robo": "N", "city": "N. Babylon", "state": "NY", "area-code": "631"}, {"id": "03e293b3df9e35eadf15c561193e755b", "number": "6312033821", "date": "2021-01-20 16:54:00", "subject": "0", "recorded-or-robo": "N", "city": "N. Babylon", "state": "NY", "area-code": "631"}, {"id": "3decc6bfadaa436a105714c6baa8679b", "number": "4089905840", "date": "2021-01-23 10:39:00", "subject": "2", "recorded-or-robo": "Y", "city": "LOS ALTOS", "state": "CA", "area-code": "650"}, {"id": "03e293b3df9e35eadf15c561193e657a", "number": "4089905840", "date": "2021-01-23 10:39:00", "subject": "2", "recorded-or-robo": "Y", "city": "LOS ALTOS", "state": "CA", "area-code": "650"}, {"id": "3decc6bfadaa436a105714c6baa85d0f", "number": "6603514155", "date": "2021-01-24 12:48:00", "subject": "2", "recorded-or-robo": "Y", "city": "", "state": "MO", "area-code": "660"}]}