{"data": [{"id": "1d36742e3f24f50e4e7ae8280191293f", "number": "", "date": "2021-01-16 09:09:00", "subject": "9", "recorded-or-robo": "Y", "city": "las vegas", "state": "NV", "area-code": "702"}, {"id": "e81c9350d54f66c6d33b3747eefa32e4", "number": "3108308864", "date": "2021-01-23 09:32:00", "subject": "1", "recorded-or-robo": "Y", "city": "", "state": "CA", "area-code": "310"}, {"id": "1d36742e3f24f50e4e7ae8280191224f", "number": "3108308864", "date": "2021-01-23 09:32:00", "subject": "1", "recorded-or-robo": "Y", "city": "", "state": "CA", "area-code": "310"}, {"id": "e81c9350d54f66c6d33b3747eefa2438", "number": "4085748488", "date": "2021-01-23 10:58:00", "subject": "11", "recorded-or-robo": "Y", "city": "", "state": "TN", "area-code": "865"}, {"id": "1d36742e3f24f50e4e7ae82801911d34", "number": "4085748488", "date": "2021-01-23 10:58:00", "subject": "11", "recorded-or-robo": "Y", "city": "", "state": "TN", "area-code": "865"}, {"id": "e81c9350d54f66c6d33b3747eefa152c", "number": "5074647594", "date": "2021-01-23 12:32:00", "subject": "3", "recorded-or-robo": "Y", "city": "", "state": "NC", "area-code": "980"}, {"id": "1d36742e3f24f50e4e7ae828019113f9", "number": "5074647594", "date": "2021-01-23 12:32:00", "subject": "3", "recorded-or-robo": "Y", "city": "", "state": "NC", "area-code": "980"}, {"id": "e81c9350d54f66c6d33b3747eefa0f0b", "number": "4049971957", "date": "2021-01-22 10:11:00", "subject": "1", "recorded-or-robo": "Y", "city": "Carlsbad", "state": "CA", "area-code": "760"}, {"id": "1d36742e3f24f50e4e7ae82801910c48", "number": "4049971957", "date": "2021-01-22 10:11:00", "subject": "1", "recorded-or-robo": "Y", "city": "Carlsbad", "state": "CA", "area-code": "760"}, {"id": "e81c9350d54f66c6d33b3747eefa0196", "number": "5802004432", "date": "2021-01-20 12:17:00", "subject": "0", "recorded-or-robo": "N", "city": "OK", "state": "OK", "area-code": "580"}, {"id": "1d36742e3f24f50e4e7ae82801910406", "number": "5802004432", "date": "2021-01-20 12:17:00", "subject": "0", "recorded-or-robo": "N", "city": "OK", "state": "OK", "area-code": "580"}, {"id": "e81c9350d54f66c6d33b3747eef9f908", "number": "9542396938", "date": "2021-01-23 11:27:00", "subject": "6", "recorded-or-robo": "Y", "city": "GENOA CITY", "state": "WI", "area-code": "262"}, {"id": "e81c9350d54f66c6d33b3747eef9f898", "number": "4693388524", "date": "2021-01-23 11:30:00", "subject": "2", "recorded-or-robo": "Y", "city": "Chicago", "state": "IL", "area-code": "469"}, {"id": "1d36742e3f24f50e4e7ae828019102a1", "number": "9542396938", "date": "2021-01-23 11:27:00", "subject": "6", "recorded-or-robo": "Y", "city": "GENOA CITY", "state": "WI", "area-code": "262"}, {"id": "1d36742e3f24f50e4e7ae8280190f3fe", "number": "4693388524", "date": "2021-01-23 11:30:00", "subject": "2", "recorded-or-robo": "Y", "city": "Chicago", "state": "IL", "area-code": "469"}, {"id": "e81c9350d54f66c6d33b3747eef9f4b2", "number": "8622488137", "date": "2021-01-21 12:46:00", "subject": "4", "recorded-or-robo": "Y", "city": "Roselle Park", "state": "NJ", "area-code": "908"}, {"id": "1d36742e3f24f50e4e7ae8280190f07e", "number": "8622488137", "date": "2021-01-21 12:46:00", "subject": "4", "recorded-or-robo": "Y", "city": "Roselle Park", "state": "NJ", "area-code": "908"}, {"id": "e81c9350d54f66c6d33b3747eef9f12e", "number": "3015349218", "date": "2021-01-20 16:54:00", "subject": "1", "recorded-or-robo": "Y", "city": "ODENTON", "state": "MD", "area-code": "301"}, {"id": "1d36742e3f24f50e4e7ae8280190ee28", "number": "3015349218", "date": "2021-01-20 16:54:00", "subject": "1", "recorded-or-robo": "Y", "city": "ODENTON", "state": "MD", "area-code": "301"}, {"id": "e81c9350d54f66c6d33b3747eef9e75e", "number": "4049976331", "date": "2021-01-22 09:30:00", "subject": "1", "recorded-or-robo": "Y", "city": "Carlsbad", "state": "CA", "area-code": "760"}, {"id": "1d36742e3f24f50e4e7ae8280190ea39", "number": "4049976331", "date": "2021-01-22 09:30:00", "subject": "1", "recorded-or-robo": "Y", "city": "Carlsbad", "state": "CA", "area-code": "760"}, {"id": "e81c9350d54f66c6d33b3747eef9e285", "number": "4085745985", "date": "2021-01-23 11:13:00", "subject": "11", "recorded-or-robo": "Y", "city": "", "state": "TN", "area-code": "865"}, {"id": "1d36742e3f24f50e4e7ae8280190e6ba", "number": "4085745985", "date": "2021-01-23 11:13:00", "subject": "11", "recorded-or-robo": "Y", "city": "", "state": "TN", "area-code": "865"}, {"id": "e81c9350d54f66c6d33b3747eef9dccf", "number": "3108528566", "date": "2021-01-23 09:15:00", "subject": "1", "recorded-or-robo": "Y", "city": "", "state": "CA", "area-code": "310"}, {"id": "1d36742e3f24f50e4e7ae8280190d6db", "number": "3108528566", "date": "2021-01-23 09:15:00", "subject": "1", "recorded-or-robo": "Y", "city": "", "state": "CA", "area-code": "310"}, {"id": "e81c9350d54f66c6d33b3747eef9cd3f", "number": "", "date": "2021-01-22 12:00:00", "subject": "1", "recorded-or-robo": "Y", "city": "Atlanta", "state": "GA", "area-code": "770"}, {"id": "1d36742e3f24f50e4e7ae8280190d69d", "number": "", "date": "2021-01-22 12:00:00", "subject": "1", "recorded-or-robo": "Y", "city": "Atlanta", "state": "GA", "area-code": "770"}, {"id": "e81c9350d54f66c6d33b3747eef9cc91", "number": "", "date": "2021-01-23 00:00:00", "subject": "3", "recorded-or-robo": "Y", "city": "", "state": "NY", "area-code": "845"}, {"id": "1d36742e3f24f50e4e7ae8280190d2d2", "number": "", "date": "2021-01-23 00:00:00", "subject": "3", "recorded-or-robo": "Y", "city": "", "state": "NY", "area-code": "845"}, {"id": "e81c9350d54f66c6d33b3747eef9c5d4", "number": "3144527475", "date": "2021-01-23 10:13:00", "subject": "2", "recorded-or-robo": "Y", "city": "Barnhart", "state": "MO", "area-code": "314"}, {"id": "1d36742e3f24f50e4e7ae8280190cf10", "number": "3144527475", "date": "2021-01-23 10:13:00", "subject": "2", "recorded-or-robo": "Y", "city": "Barnhart", "state": "MO", "area-code": "314"}, {"id": "e81c9350d54f66c6d33b3747eef9b80a", "number": "5058715190", "date": "2021-01-22 09:49:00", "subject": "2", "recorded-or-robo": "", "city": "", "state": "NM", "area-code": "505"}, {"id": "1d36742e3f24f50e4e7ae8280190cc6f", "number": "5058715190", "date": "2021-01-22 09:49:00", "subject": "2", "recorded-or-robo": "", "city": "", "state": "NM", "area-code": "505"}, {"id": "e81c9350d54f66c6d33b3747eef9b132", "number": "4049975300", "date": "2021-01-22 08:56:00", "subject": "1", "recorded-or-robo": "Y", "city": "Carlsbad", "state": "CA", "area-code": "760"}, {"id": "1d36742e3f24f50e4e7ae8280190c10a", "number": "4049975300", "date": "2021-01-22 08:56:00", "subject": "1", "recorded-or-robo": "Y", "city": "Carlsbad", "state": "CA", "area-code": "760"}, {"id": "e81c9350d54f66c6d33b3747eef9a2bf", "number": "6233234754", "date": "2021-01-22 16:23:00", "subject": "2", "recorded-or-robo": "N", "city": "", "state": "AZ", "area-code": "602"}, {"id": "e81c9350d54f66c6d33b3747eef9a288", "number": "7146467459", "date": "2021-01-22 13:34:00", "subject": "3", "recorded-or-robo": "Y", "city": "", "state": "CA", "area-code": "714"}, {"id": "1d36742e3f24f50e4e7ae8280190b31c", "number": "6233234754", "date": "2021-01-22 16:23:00", "subject": "2", "recorded-or-robo": "N", "city": "", "state": "AZ", "area-code": "602"}, {"id": "1d36742e3f24f50e4e7ae8280190a36b", "number": "7146467459", "date": "2021-01-22 13:34:00", "subject": "3", "recorded-or-robo": "Y", "city": "", "state": "CA", "area-code": "714"}, {"id": "e81c9350d54f66c6d33b3747eef992d2", "number": "7542195372", "date": "2021-01-23 11:24:00", "subject": "2", "recorded-or-robo": "Y", "city": "Golden", "state": "MO", "area-code": "417"}, {"id": "1d36742e3f24f50e4e7ae8280190964f", "number": "7542195372", "date": "2021-01-23 11:24:00", "subject": "2", "recorded-or-robo": "Y", "city": "Golden", "state": "MO", "area-code": "417"}, {"id": "e81c9350d54f66c6d33b3747eef986cc", "number": "8556786712", "date": "2021-01-23 12:00:00", "subject": "11", "recorded-or-robo": "Y", "city": "", "state": "TN", "area-code": "865"}, {"id": "1d36742e3f24f50e4e7ae828019090c5", "number": "8556786712", "date": "2021-01-23 12:00:00", "subject": "11", "recorded-or-robo": "Y", "city": "", "state": "TN", "area-code": "865"}, {"id": "e81c9350d54f66c6d33b3747eef97d90", "number": "5804082210", "date": "2021-01-18 09:48:00", "subject": "0", "recorded-or-robo": "N", "city": "OK", "state": "OK", "area-code": "580"}, {"id": "1d36742e3f24f50e4e7ae828019080dc", "number": "5804082210", "date": "2021-01-18 09:48:00", "subject": "0", "recorded-or-robo": "N", "city": "OK", "state": "OK", "area-code": "580"}, {"id": "e81c9350d54f66c6d33b3747eef978af", "number": "7326759313", "date": "2021-01-23 11:24:00", "subject": "15", "recorded-or-robo": "Y", "city": "Somerville", "state": "NJ", "area-code": "972"}, {"id": "1d36742e3f24f50e4e7ae828019071de", "number": "7326759313", "date": "2021-01-23 11:24:00", "subject": "15", "recorded-or-robo": "Y", "city": "Somerville", "state": "NJ", "area-code": "972"}, {"id": "e81c9350d54f66c6d33b3747eef97729", "number": "3015578493", "date": "2021-01-18 14:05:00", "subject": "1", "recorded-or-robo": "Y", "city": "ODENTON", "state": "MD", "area-code": "301"}, {"id": "1d36742e3f24f50e4e7ae82801906c20", "number": "3015578493", "date": "2021-01-18 14:05:00", "subject": "1", "recorded-or-robo": "Y", "city": "ODENTON", "state": "MD", "area-code": "301"}, {"id": "e81c9350d54f66c6d33b3747eef96bcd", "number": "3037899101", "date": "2021-01-23 10:25:00", "subject": "1", "recorded-or-robo": "Y", "city": "LITTLETON", "state": "CO", "area-code": "303"}]}