{"data": [{"id": "1d36742e3f24f50e4e7ae82801aef126", "number": "9542396707", "date": "2021-01-23 14:00:00", "subject": "3", "recorded-or-robo": "N", "city": "", "state": "WV", "area-code": "304"}, {"id": "3decc6bfadaa436a105714c6ba17a87d", "number": "8138629595", "date": "2021-01-23 14:04:00", "subject": "2", "recorded-or-robo": "Y", "city": "Zephyrhills", "state": "FL", "area-code": "813"}, {"id": "1d36742e3f24f50e4e7ae82801af1431", "number": "8138629595", "date": "2021-01-23 14:04:00", "subject": "2", "recorded-or-robo": "Y", "city": "Zephyrhills", "state": "FL", "area-code": "813"}, {"id": "3decc6bfadaa436a105714c6ba1745f1", "number": "2142471405", "date": "2021-01-23 00:00:00", "subject": "3", "recorded-or-robo": "N", "city": "", "state": "MS", "area-code": "601"}, {"id": "1d36742e3f24f50e4e7ae82801ae96e3", "number": "2142471405", "date": "2021-01-23 00:00:00", "subject": "3", "recorded-or-robo": "N", "city": "", "state": "MS", "area-code": "601"}, {"id": "3decc6bfadaa436a105714c6ba17a1ca", "number": "9492528092", "date": "2021-01-22 12:23:00", "subject": "4", "recorded-or-robo": "Y", "city": "VALLEY CENTER", "state": "CA", "area-code": "760"}, {"id": "1d36742e3f24f50e4e7ae82801af0cae", "number": "9492528092", "date": "2021-01-22 12:23:00", "subject": "4", "recorded-or-robo": "Y", "city": "VALLEY CENTER", "state": "CA", "area-code": "760"}, {"id": "3decc6bfadaa436a105714c6ba1795cc", "number": "7862818453", "date": "2021-01-23 14:00:00", "subject": "0", "recorded-or-robo": "Y", "city": "", "state": "GA", "area-code": "786"}, {"id": "1d36742e3f24f50e4e7ae82801af0c0c", "number": "7862818453", "date": "2021-01-23 14:00:00", "subject": "0", "recorded-or-robo": "Y", "city": "", "state": "GA", "area-code": "786"}, {"id": "3decc6bfadaa436a105714c6ba178f4b", "number": "5713201182", "date": "2021-01-23 14:10:00", "subject": "2", "recorded-or-robo": "Y", "city": "", "state": "VA", "area-code": "703"}, {"id": "1d36742e3f24f50e4e7ae82801af099d", "number": "5713201182", "date": "2021-01-23 14:10:00", "subject": "2", "recorded-or-robo": "Y", "city": "", "state": "VA", "area-code": "703"}, {"id": "3decc6bfadaa436a105714c6ba1789f4", "number": "5415863272", "date": "2021-01-23 11:22:00", "subject": "4", "recorded-or-robo": "Y", "city": "Grants Pass", "state": "OR", "area-code": "541"}, {"id": "1d36742e3f24f50e4e7ae82801af0116", "number": "5415863272", "date": "2021-01-23 11:22:00", "subject": "4", "recorded-or-robo": "Y", "city": "Grants Pass", "state": "OR", "area-code": "541"}, {"id": "3decc6bfadaa436a105714c6ba17780b", "number": "3144526610", "date": "2021-01-23 10:00:00", "subject": "2", "recorded-or-robo": "", "city": "", "state": "MO", "area-code": "314"}, {"id": "1d36742e3f24f50e4e7ae82801aee3fe", "number": "3144526610", "date": "2021-01-23 10:00:00", "subject": "2", "recorded-or-robo": "", "city": "", "state": "MO", "area-code": "314"}, {"id": "3decc6bfadaa436a105714c6ba17721a", "number": "2184568267", "date": "2021-01-22 00:00:00", "subject": "2", "recorded-or-robo": "N", "city": "Independence", "state": "OH", "area-code": "440"}, {"id": "1d36742e3f24f50e4e7ae82801aed923", "number": "2184568267", "date": "2021-01-22 00:00:00", "subject": "2", "recorded-or-robo": "N", "city": "Independence", "state": "OH", "area-code": "440"}, {"id": "3decc6bfadaa436a105714c6ba176fb1", "number": "2104313727", "date": "2021-01-12 09:00:00", "subject": "2", "recorded-or-robo": "Y", "city": "NEW BRAUNFELS", "state": "TX", "area-code": "830"}, {"id": "1d36742e3f24f50e4e7ae82801aec92a", "number": "2104313727", "date": "2021-01-12 09:00:00", "subject": "2", "recorded-or-robo": "Y", "city": "NEW BRAUNFELS", "state": "TX", "area-code": "830"}, {"id": "3decc6bfadaa436a105714c6ba176f12", "number": "7634936287", "date": "2021-01-22 13:15:00", "subject": "1", "recorded-or-robo": "Y", "city": "Bellevue", "state": "WA", "area-code": "425"}, {"id": "3decc6bfadaa436a105714c6ba17644e", "number": "5089065298", "date": "2021-01-23 13:55:00", "subject": "1", "recorded-or-robo": "Y", "city": "NEWTON CENTER", "state": "MA", "area-code": "508"}, {"id": "1d36742e3f24f50e4e7ae82801aec1ac", "number": "7634936287", "date": "2021-01-22 13:15:00", "subject": "1", "recorded-or-robo": "Y", "city": "Bellevue", "state": "WA", "area-code": "425"}, {"id": "1d36742e3f24f50e4e7ae82801aeb9b7", "number": "5089065298", "date": "2021-01-23 13:55:00", "subject": "1", "recorded-or-robo": "Y", "city": "NEWTON CENTER", "state": "MA", "area-code": "508"}, {"id": "3decc6bfadaa436a105714c6ba56671d", "number": "+18304205264", "date": "2021-01-23 14:13:57", "subject": "3", "recorded-or-robo": "Y", "city": "", "state": "TX", "area-code": "832"}, {"id": "1d36742e3f24f50e4e7ae82801ecc78b", "number": "+18304205264", "date": "2021-01-23 14:13:57", "subject": "3", "recorded-or-robo": "Y", "city": "", "state": "TX", "area-code": "832"}, {"id": "3decc6bfadaa436a105714c6ba17619c", "number": "4237426252", "date": "2021-01-23 00:00:00", "subject": "3", "recorded-or-robo": "Y", "city": "", "state": "MN", "area-code": "507"}, {"id": "1d36742e3f24f50e4e7ae82801aeb23d", "number": "4237426252", "date": "2021-01-23 00:00:00", "subject": "3", "recorded-or-robo": "Y", "city": "", "state": "MN", "area-code": "507"}, {"id": "3decc6bfadaa436a105714c6ba175a22", "number": "4085749246", "date": "2021-01-23 12:07:00", "subject": "2", "recorded-or-robo": "Y", "city": "Knoxville", "state": "TN", "area-code": "865"}, {"id": "1d36742e3f24f50e4e7ae82801aea2d0", "number": "4085749246", "date": "2021-01-23 12:07:00", "subject": "2", "recorded-or-robo": "Y", "city": "Knoxville", "state": "TN", "area-code": "865"}, {"id": "3decc6bfadaa436a105714c6ba174d49", "number": "3144527629", "date": "2021-01-23 13:10:00", "subject": "2", "recorded-or-robo": "", "city": "", "state": "MO", "area-code": "314"}, {"id": "1d36742e3f24f50e4e7ae82801ae98af", "number": "3144527629", "date": "2021-01-23 13:10:00", "subject": "2", "recorded-or-robo": "", "city": "", "state": "MO", "area-code": "314"}, {"id": "3decc6bfadaa436a105714c6ba17441f", "number": "8778907750", "date": "2021-01-23 14:00:00", "subject": "0", "recorded-or-robo": "Y", "city": "", "state": "GA", "area-code": "877"}, {"id": "1d36742e3f24f50e4e7ae82801ae8f6d", "number": "8778907750", "date": "2021-01-23 14:00:00", "subject": "0", "recorded-or-robo": "Y", "city": "", "state": "GA", "area-code": "877"}, {"id": "3decc6bfadaa436a105714c6ba58521e", "number": "6367452121", "date": "2020-01-23 12:59:00", "subject": "3", "recorded-or-robo": "Y", "city": "", "state": "MO", "area-code": "636"}, {"id": "1d36742e3f24f50e4e7ae82801eea040", "number": "6367452121", "date": "2020-01-23 12:59:00", "subject": "3", "recorded-or-robo": "Y", "city": "", "state": "MO", "area-code": "636"}, {"id": "3decc6bfadaa436a105714c6ba173b67", "number": "7042421426", "date": "2021-01-23 12:00:00", "subject": "2", "recorded-or-robo": "Y", "city": "Pageland", "state": "SC", "area-code": "704"}, {"id": "1d36742e3f24f50e4e7ae82801ae8b19", "number": "7042421426", "date": "2021-01-23 12:00:00", "subject": "2", "recorded-or-robo": "Y", "city": "Pageland", "state": "SC", "area-code": "704"}, {"id": "3decc6bfadaa436a105714c6ba172f68", "number": "2184568267", "date": "2021-01-22 00:00:00", "subject": "2", "recorded-or-robo": "N", "city": "Independence", "state": "OH", "area-code": "440"}, {"id": "1d36742e3f24f50e4e7ae82801ae7eb0", "number": "2184568267", "date": "2021-01-22 00:00:00", "subject": "2", "recorded-or-robo": "N", "city": "Independence", "state": "OH", "area-code": "440"}, {"id": "3decc6bfadaa436a105714c6ba584562", "number": "5155197100", "date": "2021-01-23 13:08:00", "subject": "3", "recorded-or-robo": "Y", "city": "", "state": "IA", "area-code": "515"}, {"id": "1d36742e3f24f50e4e7ae82801ee92c1", "number": "5155197100", "date": "2021-01-23 13:08:00", "subject": "3", "recorded-or-robo": "Y", "city": "", "state": "IA", "area-code": "515"}, {"id": "3decc6bfadaa436a105714c6ba583adf", "number": "3303562423", "date": "2020-01-23 13:42:00", "subject": "3", "recorded-or-robo": "Y", "city": "", "state": "OH", "area-code": "216"}, {"id": "1d36742e3f24f50e4e7ae82801ee8817", "number": "3303562423", "date": "2020-01-23 13:42:00", "subject": "3", "recorded-or-robo": "Y", "city": "", "state": "OH", "area-code": "216"}, {"id": "3decc6bfadaa436a105714c6ba172441", "number": "8302000746", "date": "2021-01-11 08:00:00", "subject": "2", "recorded-or-robo": "Y", "city": "NEW BRAUNFELS", "state": "TX", "area-code": "830"}, {"id": "1d36742e3f24f50e4e7ae82801ae7063", "number": "8302000746", "date": "2021-01-11 08:00:00", "subject": "2", "recorded-or-robo": "Y", "city": "NEW BRAUNFELS", "state": "TX", "area-code": "830"}, {"id": "3decc6bfadaa436a105714c6ba171562", "number": "8448943951", "date": "2021-01-23 00:00:00", "subject": "3", "recorded-or-robo": "Y", "city": "", "state": "CO", "area-code": "303"}, {"id": "1d36742e3f24f50e4e7ae82801ae6a7d", "number": "8448943951", "date": "2021-01-23 00:00:00", "subject": "3", "recorded-or-robo": "Y", "city": "", "state": "CO", "area-code": "303"}, {"id": "3decc6bfadaa436a105714c6ba17037c", "number": "8166780778", "date": "2021-01-23 11:18:00", "subject": "3", "recorded-or-robo": "N", "city": "", "state": "WV", "area-code": "304"}, {"id": "1d36742e3f24f50e4e7ae82801ae2f63", "number": "8166780778", "date": "2021-01-23 11:18:00", "subject": "3", "recorded-or-robo": "N", "city": "", "state": "WV", "area-code": "304"}, {"id": "3decc6bfadaa436a105714c6ba17136a", "number": "", "date": "2021-01-23 10:20:00", "subject": "3", "recorded-or-robo": "Y", "city": "", "state": "OK", "area-code": "405"}]}