{"data": [{"id": "1d36742e3f24f50e4e7ae82801a03a52", "number": "4409738520", "date": "2021-01-23 13:16:00", "subject": "6", "recorded-or-robo": "Y", "city": "Parma", "state": "OH", "area-code": "440"}, {"id": "3decc6bfadaa436a105714c6ba08efba", "number": "4153670839", "date": "2021-01-23 09:44:00", "subject": "0", "recorded-or-robo": "N", "city": "San Franciso", "state": "CA", "area-code": "415"}, {"id": "1d36742e3f24f50e4e7ae82801a03640", "number": "4153670839", "date": "2021-01-23 09:44:00", "subject": "0", "recorded-or-robo": "N", "city": "San Franciso", "state": "CA", "area-code": "415"}, {"id": "3decc6bfadaa436a105714c6ba08ec08", "number": "7209000841", "date": "2021-01-21 08:05:00", "subject": "2", "recorded-or-robo": "N", "city": "", "state": "CO", "area-code": "720"}, {"id": "1d36742e3f24f50e4e7ae82801a0330e", "number": "7209000841", "date": "2021-01-21 08:05:00", "subject": "2", "recorded-or-robo": "N", "city": "", "state": "CO", "area-code": "720"}, {"id": "3decc6bfadaa436a105714c6ba08dd6b", "number": "4352363372", "date": "2021-01-20 13:52:00", "subject": "4", "recorded-or-robo": "Y", "city": "Provo", "state": "UT", "area-code": "801"}, {"id": "1d36742e3f24f50e4e7ae82801a02abc", "number": "4352363372", "date": "2021-01-20 13:52:00", "subject": "4", "recorded-or-robo": "Y", "city": "Provo", "state": "UT", "area-code": "801"}, {"id": "3decc6bfadaa436a105714c6ba08d0d6", "number": "", "date": "2021-01-23 10:23:00", "subject": "11", "recorded-or-robo": "Y", "city": "Lynbrook", "state": "NY", "area-code": "516"}, {"id": "1d36742e3f24f50e4e7ae82801a0235d", "number": "", "date": "2021-01-23 10:23:00", "subject": "11", "recorded-or-robo": "Y", "city": "Lynbrook", "state": "NY", "area-code": "516"}, {"id": "3decc6bfadaa436a105714c6ba08cc47", "number": "3145009157", "date": "2021-01-23 12:00:00", "subject": "6", "recorded-or-robo": "N", "city": "St Louis", "state": "MO", "area-code": "314"}, {"id": "1d36742e3f24f50e4e7ae82801a01385", "number": "3145009157", "date": "2021-01-23 12:00:00", "subject": "6", "recorded-or-robo": "N", "city": "St Louis", "state": "MO", "area-code": "314"}, {"id": "3decc6bfadaa436a105714c6ba08c26f", "number": "7709886154", "date": "2021-01-20 13:32:00", "subject": "2", "recorded-or-robo": "N", "city": "Woodstock", "state": "GA", "area-code": "404"}, {"id": "1d36742e3f24f50e4e7ae82801a00491", "number": "7709886154", "date": "2021-01-20 13:32:00", "subject": "2", "recorded-or-robo": "N", "city": "Woodstock", "state": "GA", "area-code": "404"}, {"id": "3decc6bfadaa436a105714c6ba08b748", "number": "7204639217", "date": "2021-01-20 17:05:00", "subject": "2", "recorded-or-robo": "N", "city": "", "state": "CO", "area-code": "720"}, {"id": "1d36742e3f24f50e4e7ae828019ffa16", "number": "7204639217", "date": "2021-01-20 17:05:00", "subject": "2", "recorded-or-robo": "N", "city": "", "state": "CO", "area-code": "720"}, {"id": "3decc6bfadaa436a105714c6ba08add9", "number": "8557912471", "date": "2021-01-23 12:48:00", "subject": "2", "recorded-or-robo": "Y", "city": "Nashua", "state": "NH", "area-code": "603"}, {"id": "1d36742e3f24f50e4e7ae828019ff67c", "number": "8557912471", "date": "2021-01-23 12:48:00", "subject": "2", "recorded-or-robo": "Y", "city": "Nashua", "state": "NH", "area-code": "603"}, {"id": "3decc6bfadaa436a105714c6ba089f20", "number": "4352363372", "date": "2021-01-20 10:49:00", "subject": "4", "recorded-or-robo": "Y", "city": "Provo", "state": "UT", "area-code": "801"}, {"id": "1d36742e3f24f50e4e7ae828019fe846", "number": "4352363372", "date": "2021-01-20 10:49:00", "subject": "4", "recorded-or-robo": "Y", "city": "Provo", "state": "UT", "area-code": "801"}, {"id": "3decc6bfadaa436a105714c6ba0896e6", "number": "2243488366", "date": "2021-01-23 09:53:00", "subject": "3", "recorded-or-robo": "", "city": "San Jose", "state": "CA", "area-code": "408"}, {"id": "1d36742e3f24f50e4e7ae828019fdafd", "number": "2243488366", "date": "2021-01-23 09:53:00", "subject": "3", "recorded-or-robo": "", "city": "San Jose", "state": "CA", "area-code": "408"}, {"id": "3decc6bfadaa436a105714c6ba08909b", "number": "2125450496", "date": "2021-01-23 13:17:00", "subject": "1", "recorded-or-robo": "Y", "city": "Putnam Valley", "state": "NY", "area-code": "212"}, {"id": "1d36742e3f24f50e4e7ae828019fd7b3", "number": "2125450496", "date": "2021-01-23 13:17:00", "subject": "1", "recorded-or-robo": "Y", "city": "Putnam Valley", "state": "NY", "area-code": "212"}, {"id": "3decc6bfadaa436a105714c6ba088cc6", "number": "8556780375", "date": "2021-01-23 13:16:00", "subject": "11", "recorded-or-robo": "Y", "city": "", "state": "TN", "area-code": "865"}, {"id": "1d36742e3f24f50e4e7ae828019fc831", "number": "8556780375", "date": "2021-01-23 13:16:00", "subject": "11", "recorded-or-robo": "Y", "city": "", "state": "TN", "area-code": "865"}, {"id": "3decc6bfadaa436a105714c6ba088a1a", "number": "5857703987", "date": "2021-01-23 13:10:00", "subject": "1", "recorded-or-robo": "Y", "city": "", "state": "NY", "area-code": "585"}, {"id": "1d36742e3f24f50e4e7ae828019fc02c", "number": "5857703987", "date": "2021-01-23 13:10:00", "subject": "1", "recorded-or-robo": "Y", "city": "", "state": "NY", "area-code": "585"}, {"id": "3decc6bfadaa436a105714c6ba08814c", "number": "7207900043", "date": "2021-01-20 16:52:00", "subject": "2", "recorded-or-robo": "N", "city": "", "state": "CO", "area-code": "720"}, {"id": "1d36742e3f24f50e4e7ae828019fbf95", "number": "7207900043", "date": "2021-01-20 16:52:00", "subject": "2", "recorded-or-robo": "N", "city": "", "state": "CO", "area-code": "720"}, {"id": "3decc6bfadaa436a105714c6ba087c97", "number": "2253994395", "date": "2021-01-23 00:00:00", "subject": "3", "recorded-or-robo": "Y", "city": "", "state": "FL", "area-code": "305"}, {"id": "1d36742e3f24f50e4e7ae828019fbb04", "number": "2253994395", "date": "2021-01-23 00:00:00", "subject": "3", "recorded-or-robo": "Y", "city": "", "state": "FL", "area-code": "305"}, {"id": "3decc6bfadaa436a105714c6ba086d8e", "number": "5418461861", "date": "2021-01-23 10:06:00", "subject": "11", "recorded-or-robo": "Y", "city": "San Franciso", "state": "CA", "area-code": "415"}, {"id": "1d36742e3f24f50e4e7ae828019fb1e8", "number": "5418461861", "date": "2021-01-23 10:06:00", "subject": "11", "recorded-or-robo": "Y", "city": "San Franciso", "state": "CA", "area-code": "415"}, {"id": "3decc6bfadaa436a105714c6ba08644e", "number": "6789002573", "date": "2021-01-21 10:33:00", "subject": "2", "recorded-or-robo": "Y", "city": "Sebastian", "state": "FL", "area-code": "678"}, {"id": "1d36742e3f24f50e4e7ae828019fae42", "number": "6789002573", "date": "2021-01-21 10:33:00", "subject": "2", "recorded-or-robo": "Y", "city": "Sebastian", "state": "FL", "area-code": "678"}, {"id": "3decc6bfadaa436a105714c6ba08562f", "number": "8332298918", "date": "2021-01-22 16:49:00", "subject": "0", "recorded-or-robo": "Y", "city": "", "state": "IL", "area-code": "847"}, {"id": "3decc6bfadaa436a105714c6ba084f83", "number": "9286768274", "date": "2021-01-22 15:56:00", "subject": "0", "recorded-or-robo": "Y", "city": "", "state": "AZ", "area-code": "928"}, {"id": "1d36742e3f24f50e4e7ae828019f9e74", "number": "8332298918", "date": "2021-01-22 16:49:00", "subject": "0", "recorded-or-robo": "Y", "city": "", "state": "IL", "area-code": "847"}, {"id": "1d36742e3f24f50e4e7ae828019f906f", "number": "9286768274", "date": "2021-01-22 15:56:00", "subject": "0", "recorded-or-robo": "Y", "city": "", "state": "AZ", "area-code": "928"}, {"id": "3decc6bfadaa436a105714c6ba084c73", "number": "3609403464", "date": "2021-01-20 14:26:00", "subject": "0", "recorded-or-robo": "Y", "city": "", "state": "WA", "area-code": "509"}, {"id": "1d36742e3f24f50e4e7ae828019f8d92", "number": "3609403464", "date": "2021-01-20 14:26:00", "subject": "0", "recorded-or-robo": "Y", "city": "", "state": "WA", "area-code": "509"}, {"id": "3decc6bfadaa436a105714c6ba08433b", "number": "4352363372", "date": "2021-01-20 09:34:00", "subject": "4", "recorded-or-robo": "Y", "city": "Provo", "state": "UT", "area-code": "801"}, {"id": "1d36742e3f24f50e4e7ae828019f87ec", "number": "4352363372", "date": "2021-01-20 09:34:00", "subject": "4", "recorded-or-robo": "Y", "city": "Provo", "state": "UT", "area-code": "801"}, {"id": "3decc6bfadaa436a105714c6ba083b6b", "number": "8132609190", "date": "2021-01-23 01:15:00", "subject": "11", "recorded-or-robo": "Y", "city": "", "state": "FL", "area-code": "813"}, {"id": "1d36742e3f24f50e4e7ae828019f7c7e", "number": "8132609190", "date": "2021-01-23 01:15:00", "subject": "11", "recorded-or-robo": "Y", "city": "", "state": "FL", "area-code": "813"}, {"id": "3decc6bfadaa436a105714c6ba082b8f", "number": "2602332785", "date": "2021-01-21 11:04:00", "subject": "2", "recorded-or-robo": "Y", "city": "Sebastian", "state": "FL", "area-code": "678"}, {"id": "1d36742e3f24f50e4e7ae828019f7339", "number": "2602332785", "date": "2021-01-21 11:04:00", "subject": "2", "recorded-or-robo": "Y", "city": "Sebastian", "state": "FL", "area-code": "678"}, {"id": "3decc6bfadaa436a105714c6ba0822c3", "number": "3093398416", "date": "2021-01-22 19:10:00", "subject": "3", "recorded-or-robo": "Y", "city": "", "state": "IL", "area-code": "309"}, {"id": "1d36742e3f24f50e4e7ae828019f7114", "number": "3093398416", "date": "2021-01-22 19:10:00", "subject": "3", "recorded-or-robo": "Y", "city": "", "state": "IL", "area-code": "309"}, {"id": "3decc6bfadaa436a105714c6ba55fc25", "number": "3094666112", "date": "2021-01-23 13:17:36", "subject": "3", "recorded-or-robo": "Y", "city": "", "state": "IL", "area-code": "309"}]}