{"data": [{"id": "03e293b3df9e35eadf15c561193a976f", "number": "", "date": "2021-01-24 12:00:00", "subject": "2", "recorded-or-robo": "Y", "city": "Pattonsburg", "state": "MO", "area-code": "660"}, {"id": "3decc6bfadaa436a105714c6baa4bbca", "number": "2029982908", "date": "2021-01-22 16:45:00", "subject": "2", "recorded-or-robo": "Y", "city": "LOS ALTOS", "state": "CA", "area-code": "650"}, {"id": "03e293b3df9e35eadf15c561193a8c5c", "number": "2029982908", "date": "2021-01-22 16:45:00", "subject": "2", "recorded-or-robo": "Y", "city": "LOS ALTOS", "state": "CA", "area-code": "650"}, {"id": "3decc6bfadaa436a105714c6baa4ae59", "number": "8763973878", "date": "2021-01-23 11:35:00", "subject": "13", "recorded-or-robo": "N", "city": "Northport", "state": "AL", "area-code": "205"}, {"id": "03e293b3df9e35eadf15c561193a87b4", "number": "8763973878", "date": "2021-01-23 11:35:00", "subject": "13", "recorded-or-robo": "N", "city": "Northport", "state": "AL", "area-code": "205"}, {"id": "3decc6bfadaa436a105714c6baa49fe0", "number": "8667274868", "date": "2021-01-23 09:34:00", "subject": "2", "recorded-or-robo": "N", "city": "tampa", "state": "FL", "area-code": "813"}, {"id": "3decc6bfadaa436a105714c6baa49061", "number": "", "date": "2021-01-24 12:00:00", "subject": "4", "recorded-or-robo": "Y", "city": "Brandon", "state": "FL", "area-code": "813"}, {"id": "03e293b3df9e35eadf15c561193a81aa", "number": "8667274868", "date": "2021-01-23 09:34:00", "subject": "2", "recorded-or-robo": "N", "city": "tampa", "state": "FL", "area-code": "813"}, {"id": "03e293b3df9e35eadf15c561193a78b3", "number": "", "date": "2021-01-24 12:00:00", "subject": "4", "recorded-or-robo": "Y", "city": "Brandon", "state": "FL", "area-code": "813"}, {"id": "3decc6bfadaa436a105714c6baa4810b", "number": "2064141040", "date": "2021-01-23 19:12:00", "subject": "13", "recorded-or-robo": "N", "city": "Lubbock", "state": "TX", "area-code": "806"}, {"id": "03e293b3df9e35eadf15c561193a71f1", "number": "2064141040", "date": "2021-01-23 19:12:00", "subject": "13", "recorded-or-robo": "N", "city": "Lubbock", "state": "TX", "area-code": "806"}, {"id": "3decc6bfadaa436a105714c6baa475a8", "number": "3145759413", "date": "2021-01-24 12:11:00", "subject": "2", "recorded-or-robo": "Y", "city": "", "state": "MO", "area-code": "314"}, {"id": "03e293b3df9e35eadf15c561193a6d4a", "number": "3145759413", "date": "2021-01-24 12:11:00", "subject": "2", "recorded-or-robo": "Y", "city": "", "state": "MO", "area-code": "314"}, {"id": "3decc6bfadaa436a105714c6baa47309", "number": "8443256278", "date": "2021-01-22 14:47:00", "subject": "0", "recorded-or-robo": "Y", "city": "", "state": "IL", "area-code": "847"}, {"id": "03e293b3df9e35eadf15c561193a6a16", "number": "8443256278", "date": "2021-01-22 14:47:00", "subject": "0", "recorded-or-robo": "Y", "city": "", "state": "IL", "area-code": "847"}, {"id": "3decc6bfadaa436a105714c6baa47252", "number": "6505675264", "date": "2021-01-22 18:52:00", "subject": "2", "recorded-or-robo": "Y", "city": "LOS ALTOS", "state": "CA", "area-code": "650"}, {"id": "03e293b3df9e35eadf15c561193a6227", "number": "6505675264", "date": "2021-01-22 18:52:00", "subject": "2", "recorded-or-robo": "Y", "city": "LOS ALTOS", "state": "CA", "area-code": "650"}, {"id": "3decc6bfadaa436a105714c6baa47150", "number": "2145486793", "date": "2021-01-23 10:12:00", "subject": "6", "recorded-or-robo": "Y", "city": "", "state": "NV", "area-code": "702"}, {"id": "03e293b3df9e35eadf15c561193a5a0e", "number": "2145486793", "date": "2021-01-23 10:12:00", "subject": "6", "recorded-or-robo": "Y", "city": "", "state": "NV", "area-code": "702"}, {"id": "3decc6bfadaa436a105714c6baa46e76", "number": "8134778590", "date": "2021-01-24 12:38:00", "subject": "1", "recorded-or-robo": "Y", "city": "Mint Hill", "state": "FL", "area-code": "813"}, {"id": "03e293b3df9e35eadf15c561193a4fcf", "number": "8134778590", "date": "2021-01-24 12:38:00", "subject": "1", "recorded-or-robo": "Y", "city": "Mint Hill", "state": "FL", "area-code": "813"}, {"id": "3decc6bfadaa436a105714c6baa46347", "number": "6097101398", "date": "2021-01-12 19:13:00", "subject": "0", "recorded-or-robo": "Y", "city": "", "state": "NJ", "area-code": "201"}, {"id": "03e293b3df9e35eadf15c561193a4a31", "number": "6097101398", "date": "2021-01-12 19:13:00", "subject": "0", "recorded-or-robo": "Y", "city": "", "state": "NJ", "area-code": "201"}, {"id": "3decc6bfadaa436a105714c6baa45f60", "number": "7042669720", "date": "2021-01-07 15:52:00", "subject": "4", "recorded-or-robo": "N", "city": "", "state": "NC", "area-code": "704"}, {"id": "03e293b3df9e35eadf15c561193a461e", "number": "7042669720", "date": "2021-01-07 15:52:00", "subject": "4", "recorded-or-robo": "N", "city": "", "state": "NC", "area-code": "704"}, {"id": "3decc6bfadaa436a105714c6baa45c6a", "number": "6505675264", "date": "2021-01-22 18:55:00", "subject": "2", "recorded-or-robo": "Y", "city": "LOS ALTOS", "state": "CA", "area-code": "650"}, {"id": "03e293b3df9e35eadf15c561193a4100", "number": "6505675264", "date": "2021-01-22 18:55:00", "subject": "2", "recorded-or-robo": "Y", "city": "LOS ALTOS", "state": "CA", "area-code": "650"}, {"id": "3decc6bfadaa436a105714c6baa458be", "number": "3074334588", "date": "2021-01-23 11:11:00", "subject": "2", "recorded-or-robo": "N", "city": "tampa", "state": "FL", "area-code": "813"}, {"id": "03e293b3df9e35eadf15c561193a3d9e", "number": "3074334588", "date": "2021-01-23 11:11:00", "subject": "2", "recorded-or-robo": "N", "city": "tampa", "state": "FL", "area-code": "813"}, {"id": "3decc6bfadaa436a105714c6baa44ead", "number": "", "date": "2021-01-23 12:00:00", "subject": "1", "recorded-or-robo": "Y", "city": "Genoa City", "state": "WI", "area-code": "262"}, {"id": "03e293b3df9e35eadf15c561193a32e1", "number": "", "date": "2021-01-23 12:00:00", "subject": "1", "recorded-or-robo": "Y", "city": "Genoa City", "state": "WI", "area-code": "262"}, {"id": "3decc6bfadaa436a105714c6baa446ce", "number": "5056478022", "date": "2021-01-24 12:06:00", "subject": "2", "recorded-or-robo": "Y", "city": "Hopewell Junction", "state": "NY", "area-code": "914"}, {"id": "03e293b3df9e35eadf15c561193a2b6c", "number": "5056478022", "date": "2021-01-24 12:06:00", "subject": "2", "recorded-or-robo": "Y", "city": "Hopewell Junction", "state": "NY", "area-code": "914"}, {"id": "3decc6bfadaa436a105714c6baa43d1c", "number": "6106382882", "date": "2021-01-23 19:29:00", "subject": "6", "recorded-or-robo": "N", "city": "Macungie", "state": "PA", "area-code": "610"}, {"id": "03e293b3df9e35eadf15c561193a29cd", "number": "6106382882", "date": "2021-01-23 19:29:00", "subject": "6", "recorded-or-robo": "N", "city": "Macungie", "state": "PA", "area-code": "610"}, {"id": "3decc6bfadaa436a105714c6baa42fd9", "number": "8134774909", "date": "2021-01-24 12:30:00", "subject": "1", "recorded-or-robo": "Y", "city": "Mint Hill", "state": "FL", "area-code": "813"}, {"id": "03e293b3df9e35eadf15c561193a1f1b", "number": "8134774909", "date": "2021-01-24 12:30:00", "subject": "1", "recorded-or-robo": "Y", "city": "Mint Hill", "state": "FL", "area-code": "813"}, {"id": "3decc6bfadaa436a105714c6baa425fd", "number": "2014206351", "date": "2021-01-12 11:46:00", "subject": "0", "recorded-or-robo": "Y", "city": "", "state": "NJ", "area-code": "201"}, {"id": "03e293b3df9e35eadf15c561193a12f5", "number": "2014206351", "date": "2021-01-12 11:46:00", "subject": "0", "recorded-or-robo": "Y", "city": "", "state": "NJ", "area-code": "201"}, {"id": "3decc6bfadaa436a105714c6baa416e1", "number": "813809818711", "date": "2021-01-23 04:48:00", "subject": "0", "recorded-or-robo": "Y", "city": "", "state": "IL", "area-code": "847"}, {"id": "03e293b3df9e35eadf15c561193a0fd9", "number": "813809818711", "date": "2021-01-23 04:48:00", "subject": "0", "recorded-or-robo": "Y", "city": "", "state": "IL", "area-code": "847"}, {"id": "3decc6bfadaa436a105714c6baa41678", "number": "3134668475", "date": "2021-01-24 12:56:00", "subject": "1", "recorded-or-robo": "Y", "city": "Henrico", "state": "VA", "area-code": "804"}, {"id": "03e293b3df9e35eadf15c561193a0dd8", "number": "3134668475", "date": "2021-01-24 12:56:00", "subject": "1", "recorded-or-robo": "Y", "city": "Henrico", "state": "VA", "area-code": "804"}, {"id": "3decc6bfadaa436a105714c6baa41147", "number": "81337106057", "date": "2021-01-23 11:15:00", "subject": "2", "recorded-or-robo": "N", "city": "tampa", "state": "FL", "area-code": "813"}, {"id": "03e293b3df9e35eadf15c561193a020e", "number": "81337106057", "date": "2021-01-23 11:15:00", "subject": "2", "recorded-or-robo": "N", "city": "tampa", "state": "FL", "area-code": "813"}, {"id": "3decc6bfadaa436a105714c6baa40eb9", "number": "2018775671", "date": "2021-01-07 11:31:00", "subject": "0", "recorded-or-robo": "Y", "city": "", "state": "NJ", "area-code": "201"}, {"id": "03e293b3df9e35eadf15c5611939f823", "number": "2018775671", "date": "2021-01-07 11:31:00", "subject": "0", "recorded-or-robo": "Y", "city": "", "state": "NJ", "area-code": "201"}, {"id": "3decc6bfadaa436a105714c6baa40ea5", "number": "8589265928", "date": "2021-01-22 12:47:00", "subject": "1", "recorded-or-robo": "Y", "city": "Henrico", "state": "VA", "area-code": "804"}, {"id": "03e293b3df9e35eadf15c5611939ef2b", "number": "8589265928", "date": "2021-01-22 12:47:00", "subject": "1", "recorded-or-robo": "Y", "city": "Henrico", "state": "VA", "area-code": "804"}, {"id": "3decc6bfadaa436a105714c6baa40652", "number": "8134772180", "date": "2021-01-24 12:08:00", "subject": "1", "recorded-or-robo": "Y", "city": "Mint Hill", "state": "FL", "area-code": "813"}]}