{"data": [{"id": "1d36742e3f24f50e4e7ae82801a0f669", "number": "7204149258", "date": "2021-01-21 09:52:00", "subject": "2", "recorded-or-robo": "N", "city": "", "state": "CO", "area-code": "720"}, {"id": "3decc6bfadaa436a105714c6ba09a46a", "number": "6157526579", "date": "2021-01-23 13:05:00", "subject": "11", "recorded-or-robo": "Y", "city": "Fl", "state": "FL", "area-code": "727"}, {"id": "1d36742e3f24f50e4e7ae82801a0f64f", "number": "6157526579", "date": "2021-01-23 13:05:00", "subject": "11", "recorded-or-robo": "Y", "city": "Fl", "state": "FL", "area-code": "727"}, {"id": "3decc6bfadaa436a105714c6ba09a102", "number": "6077296897", "date": "2021-01-23 13:00:00", "subject": "11", "recorded-or-robo": "Y", "city": "Bingahmton", "state": "NY", "area-code": "607"}, {"id": "1d36742e3f24f50e4e7ae82801a0eb26", "number": "6077296897", "date": "2021-01-23 13:00:00", "subject": "11", "recorded-or-robo": "Y", "city": "Bingahmton", "state": "NY", "area-code": "607"}, {"id": "3decc6bfadaa436a105714c6ba099393", "number": "6165129506", "date": "2021-01-23 11:41:00", "subject": "1", "recorded-or-robo": "Y", "city": "", "state": "MI", "area-code": "616"}, {"id": "1d36742e3f24f50e4e7ae82801a0e767", "number": "6165129506", "date": "2021-01-23 11:41:00", "subject": "1", "recorded-or-robo": "Y", "city": "", "state": "MI", "area-code": "616"}, {"id": "3decc6bfadaa436a105714c6ba098cb8", "number": "5038547183", "date": "2021-01-23 10:22:00", "subject": "4", "recorded-or-robo": "Y", "city": "", "state": "WA", "area-code": "503"}, {"id": "1d36742e3f24f50e4e7ae82801a0e5d8", "number": "5038547183", "date": "2021-01-23 10:22:00", "subject": "4", "recorded-or-robo": "Y", "city": "", "state": "WA", "area-code": "503"}, {"id": "3decc6bfadaa436a105714c6ba098731", "number": "7206060725", "date": "2021-01-21 09:33:00", "subject": "2", "recorded-or-robo": "N", "city": "", "state": "CO", "area-code": "720"}, {"id": "1d36742e3f24f50e4e7ae82801a0d8e3", "number": "7206060725", "date": "2021-01-21 09:33:00", "subject": "2", "recorded-or-robo": "N", "city": "", "state": "CO", "area-code": "720"}, {"id": "3decc6bfadaa436a105714c6ba0967e6", "number": "5309343210", "date": "2021-01-23 10:17:00", "subject": "3", "recorded-or-robo": "N", "city": "", "state": "CA", "area-code": "530"}, {"id": "1d36742e3f24f50e4e7ae82801a0b44f", "number": "5309343210", "date": "2021-01-23 10:17:00", "subject": "3", "recorded-or-robo": "N", "city": "", "state": "CA", "area-code": "530"}, {"id": "3decc6bfadaa436a105714c6ba098030", "number": "6073172104", "date": "2021-01-23 13:18:00", "subject": "2", "recorded-or-robo": "N", "city": "Jefferson", "state": "NY", "area-code": "607"}, {"id": "1d36742e3f24f50e4e7ae82801a0d0d2", "number": "6073172104", "date": "2021-01-23 13:18:00", "subject": "2", "recorded-or-robo": "N", "city": "Jefferson", "state": "NY", "area-code": "607"}, {"id": "3decc6bfadaa436a105714c6ba0979fb", "number": "2702090032", "date": "2021-01-23 09:00:00", "subject": "2", "recorded-or-robo": "Y", "city": "Gresham", "state": "OR", "area-code": "503"}, {"id": "1d36742e3f24f50e4e7ae82801a0c3ea", "number": "2702090032", "date": "2021-01-23 09:00:00", "subject": "2", "recorded-or-robo": "Y", "city": "Gresham", "state": "OR", "area-code": "503"}, {"id": "3decc6bfadaa436a105714c6ba57f3ec", "number": "8596462125", "date": "2021-01-15 16:35:00", "subject": "3", "recorded-or-robo": "N", "city": "", "state": "KY", "area-code": "859"}, {"id": "1d36742e3f24f50e4e7ae82801ee4c79", "number": "8596462125", "date": "2021-01-15 16:35:00", "subject": "3", "recorded-or-robo": "N", "city": "", "state": "KY", "area-code": "859"}, {"id": "3decc6bfadaa436a105714c6ba09725e", "number": "8436112204", "date": "2021-01-19 15:46:00", "subject": "4", "recorded-or-robo": "Y", "city": "Summerville", "state": "SC", "area-code": "843"}, {"id": "1d36742e3f24f50e4e7ae82801a0bf81", "number": "8436112204", "date": "2021-01-19 15:46:00", "subject": "4", "recorded-or-robo": "Y", "city": "Summerville", "state": "SC", "area-code": "843"}, {"id": "3decc6bfadaa436a105714c6ba0966c4", "number": "7038765386", "date": "2021-01-23 11:52:00", "subject": "2", "recorded-or-robo": "N", "city": "Woodbridge", "state": "VA", "area-code": "703"}, {"id": "1d36742e3f24f50e4e7ae82801a0a6a4", "number": "7038765386", "date": "2021-01-23 11:52:00", "subject": "2", "recorded-or-robo": "N", "city": "Woodbridge", "state": "VA", "area-code": "703"}, {"id": "3decc6bfadaa436a105714c6ba095bf9", "number": "5204381152", "date": "2021-01-22 00:00:00", "subject": "3", "recorded-or-robo": "", "city": "golden canyon,", "state": "AZ", "area-code": "559"}, {"id": "1d36742e3f24f50e4e7ae82801a0a382", "number": "5204381152", "date": "2021-01-22 00:00:00", "subject": "3", "recorded-or-robo": "", "city": "golden canyon,", "state": "AZ", "area-code": "559"}, {"id": "3decc6bfadaa436a105714c6ba095b3d", "number": "3152328257", "date": "2021-01-23 09:01:00", "subject": "2", "recorded-or-robo": "Y", "city": "Apache Junction", "state": "AZ", "area-code": "480"}, {"id": "3decc6bfadaa436a105714c6ba095a9a", "number": "9187745529", "date": "2021-01-23 11:43:00", "subject": "1", "recorded-or-robo": "Y", "city": "Sallisaw", "state": "OK", "area-code": "918"}, {"id": "1d36742e3f24f50e4e7ae82801a09c38", "number": "3152328257", "date": "2021-01-23 09:01:00", "subject": "2", "recorded-or-robo": "Y", "city": "Apache Junction", "state": "AZ", "area-code": "480"}, {"id": "1d36742e3f24f50e4e7ae82801a0945f", "number": "9187745529", "date": "2021-01-23 11:43:00", "subject": "1", "recorded-or-robo": "Y", "city": "Sallisaw", "state": "OK", "area-code": "918"}, {"id": "3decc6bfadaa436a105714c6ba095667", "number": "7207900699", "date": "2021-01-21 09:10:00", "subject": "2", "recorded-or-robo": "N", "city": "", "state": "CO", "area-code": "720"}, {"id": "1d36742e3f24f50e4e7ae82801a08607", "number": "7207900699", "date": "2021-01-21 09:10:00", "subject": "2", "recorded-or-robo": "N", "city": "", "state": "CO", "area-code": "720"}, {"id": "3decc6bfadaa436a105714c6ba095310", "number": "6602008802", "date": "2021-01-23 12:17:00", "subject": "2", "recorded-or-robo": "Y", "city": "Butler", "state": "MO", "area-code": "660"}, {"id": "1d36742e3f24f50e4e7ae82801a081fc", "number": "6602008802", "date": "2021-01-23 12:17:00", "subject": "2", "recorded-or-robo": "Y", "city": "Butler", "state": "MO", "area-code": "660"}, {"id": "3decc6bfadaa436a105714c6ba09504e", "number": "4053381289", "date": "2021-01-23 12:18:00", "subject": "4", "recorded-or-robo": "Y", "city": "Yukon", "state": "OK", "area-code": "405"}, {"id": "1d36742e3f24f50e4e7ae82801a07e57", "number": "4053381289", "date": "2021-01-23 12:18:00", "subject": "4", "recorded-or-robo": "Y", "city": "Yukon", "state": "OK", "area-code": "405"}, {"id": "3decc6bfadaa436a105714c6ba094384", "number": "9722237624", "date": "2021-01-23 12:05:00", "subject": "1", "recorded-or-robo": "Y", "city": "Red Oak", "state": "TX", "area-code": "972"}, {"id": "1d36742e3f24f50e4e7ae82801a074e5", "number": "9722237624", "date": "2021-01-23 12:05:00", "subject": "1", "recorded-or-robo": "Y", "city": "Red Oak", "state": "TX", "area-code": "972"}, {"id": "3decc6bfadaa436a105714c6ba09426f", "number": "2058500263", "date": "2021-01-23 12:00:00", "subject": "1", "recorded-or-robo": "Y", "city": "Thunderbolt", "state": "GA", "area-code": "912"}, {"id": "1d36742e3f24f50e4e7ae82801a06c93", "number": "2058500263", "date": "2021-01-23 12:00:00", "subject": "1", "recorded-or-robo": "Y", "city": "Thunderbolt", "state": "GA", "area-code": "912"}, {"id": "3decc6bfadaa436a105714c6ba0932dd", "number": "", "date": "2021-01-23 10:18:00", "subject": "2", "recorded-or-robo": "Y", "city": "santa cruz", "state": "CA", "area-code": "408"}, {"id": "1d36742e3f24f50e4e7ae82801a069c4", "number": "", "date": "2021-01-23 10:18:00", "subject": "2", "recorded-or-robo": "Y", "city": "santa cruz", "state": "CA", "area-code": "408"}, {"id": "3decc6bfadaa436a105714c6ba092d7a", "number": "8605835276", "date": "2021-01-23 11:30:00", "subject": "2", "recorded-or-robo": "Y", "city": "EAST HAMPTON", "state": "CT", "area-code": "860"}, {"id": "1d36742e3f24f50e4e7ae82801a05aa2", "number": "8605835276", "date": "2021-01-23 11:30:00", "subject": "2", "recorded-or-robo": "Y", "city": "EAST HAMPTON", "state": "CT", "area-code": "860"}, {"id": "3decc6bfadaa436a105714c6ba091e50", "number": "7207355223", "date": "2021-01-21 08:49:00", "subject": "2", "recorded-or-robo": "N", "city": "", "state": "CO", "area-code": "720"}, {"id": "1d36742e3f24f50e4e7ae82801a053c4", "number": "7207355223", "date": "2021-01-21 08:49:00", "subject": "2", "recorded-or-robo": "N", "city": "", "state": "CO", "area-code": "720"}, {"id": "3decc6bfadaa436a105714c6ba09165b", "number": "6157522422", "date": "2021-01-23 13:00:00", "subject": "11", "recorded-or-robo": "Y", "city": "Fl", "state": "FL", "area-code": "727"}, {"id": "1d36742e3f24f50e4e7ae82801a04c00", "number": "6157522422", "date": "2021-01-23 13:00:00", "subject": "11", "recorded-or-robo": "Y", "city": "Fl", "state": "FL", "area-code": "727"}, {"id": "3decc6bfadaa436a105714c6ba0906df", "number": "2405580886", "date": "2021-01-23 01:15:00", "subject": "4", "recorded-or-robo": "Y", "city": "Bethesda", "state": "MD", "area-code": "240"}, {"id": "1d36742e3f24f50e4e7ae82801a03cc4", "number": "2405580886", "date": "2021-01-23 01:15:00", "subject": "4", "recorded-or-robo": "Y", "city": "Bethesda", "state": "MD", "area-code": "240"}, {"id": "3decc6bfadaa436a105714c6ba08fb38", "number": "4409738520", "date": "2021-01-23 13:16:00", "subject": "6", "recorded-or-robo": "Y", "city": "Parma", "state": "OH", "area-code": "440"}]}