{"data": [{"id": "03e293b3df9e35eadf15c5611905d9c0", "number": "2038596258", "date": "2021-01-23 21:18:00", "subject": "2", "recorded-or-robo": "Y", "city": "", "state": "CT", "area-code": "203"}, {"id": "3decc6bfadaa436a105714c6ba6fa54e", "number": "2069155197", "date": "2021-01-07 07:07:00", "subject": "2", "recorded-or-robo": "Y", "city": "Sammamish", "state": "WA", "area-code": "206"}, {"id": "03e293b3df9e35eadf15c5611905d3f3", "number": "2069155197", "date": "2021-01-07 07:07:00", "subject": "2", "recorded-or-robo": "Y", "city": "Sammamish", "state": "WA", "area-code": "206"}, {"id": "3decc6bfadaa436a105714c6ba83cd46", "number": "6264141505", "date": "2021-01-23 22:14:14", "subject": "3", "recorded-or-robo": "N", "city": "", "state": "CA", "area-code": "626"}, {"id": "03e293b3df9e35eadf15c561191a2013", "number": "6264141505", "date": "2021-01-23 22:14:14", "subject": "3", "recorded-or-robo": "N", "city": "", "state": "CA", "area-code": "626"}, {"id": "3decc6bfadaa436a105714c6ba6f9b2b", "number": "8456885769", "date": "2021-01-07 08:31:00", "subject": "2", "recorded-or-robo": "Y", "city": "Sammamish", "state": "NY", "area-code": "845"}, {"id": "03e293b3df9e35eadf15c5611905d093", "number": "8456885769", "date": "2021-01-07 08:31:00", "subject": "2", "recorded-or-robo": "Y", "city": "Sammamish", "state": "NY", "area-code": "845"}, {"id": "3decc6bfadaa436a105714c6ba6f8ffb", "number": "9282775775", "date": "2021-01-07 10:59:00", "subject": "2", "recorded-or-robo": "Y", "city": "Sammamish", "state": "AZ", "area-code": "928"}, {"id": "03e293b3df9e35eadf15c5611905c8f6", "number": "9282775775", "date": "2021-01-07 10:59:00", "subject": "2", "recorded-or-robo": "Y", "city": "Sammamish", "state": "AZ", "area-code": "928"}, {"id": "3decc6bfadaa436a105714c6ba6f8ba1", "number": "8155451776", "date": "2021-01-07 12:05:00", "subject": "2", "recorded-or-robo": "Y", "city": "Sammamish", "state": "IL", "area-code": "815"}, {"id": "03e293b3df9e35eadf15c5611905c84a", "number": "8155451776", "date": "2021-01-07 12:05:00", "subject": "2", "recorded-or-robo": "Y", "city": "Sammamish", "state": "IL", "area-code": "815"}, {"id": "3decc6bfadaa436a105714c6ba83d15b", "number": "5022369997", "date": "2021-01-23 22:12:04", "subject": "3", "recorded-or-robo": "Y", "city": "", "state": "KY", "area-code": "502"}, {"id": "03e293b3df9e35eadf15c561191a3555", "number": "5022369997", "date": "2021-01-23 22:12:04", "subject": "3", "recorded-or-robo": "Y", "city": "", "state": "KY", "area-code": "502"}, {"id": "3decc6bfadaa436a105714c6ba6f883a", "number": "4254819727", "date": "2021-01-07 13:01:00", "subject": "2", "recorded-or-robo": "Y", "city": "Sammamish", "state": "WA", "area-code": "425"}, {"id": "03e293b3df9e35eadf15c5611905c1ec", "number": "4254819727", "date": "2021-01-07 13:01:00", "subject": "2", "recorded-or-robo": "Y", "city": "Sammamish", "state": "WA", "area-code": "425"}, {"id": "3decc6bfadaa436a105714c6ba6f8241", "number": "8556781562", "date": "2021-01-23 17:26:00", "subject": "11", "recorded-or-robo": "Y", "city": "", "state": "WA", "area-code": "509"}, {"id": "03e293b3df9e35eadf15c5611905b504", "number": "8556781562", "date": "2021-01-23 17:26:00", "subject": "11", "recorded-or-robo": "Y", "city": "", "state": "WA", "area-code": "509"}, {"id": "3decc6bfadaa436a105714c6ba6f7b8e", "number": "4256261465", "date": "2021-01-08 12:24:00", "subject": "2", "recorded-or-robo": "Y", "city": "Sammamish", "state": "WA", "area-code": "425"}, {"id": "03e293b3df9e35eadf15c5611905a896", "number": "4256261465", "date": "2021-01-08 12:24:00", "subject": "2", "recorded-or-robo": "Y", "city": "Sammamish", "state": "WA", "area-code": "425"}, {"id": "3decc6bfadaa436a105714c6ba6f702f", "number": "2069158674", "date": "2021-01-08 15:40:00", "subject": "2", "recorded-or-robo": "Y", "city": "Sammamish", "state": "WA", "area-code": "206"}, {"id": "03e293b3df9e35eadf15c5611905a522", "number": "2069158674", "date": "2021-01-08 15:40:00", "subject": "2", "recorded-or-robo": "Y", "city": "Sammamish", "state": "WA", "area-code": "206"}, {"id": "3decc6bfadaa436a105714c6ba6f6aee", "number": "", "date": "2021-01-23 20:09:00", "subject": "3", "recorded-or-robo": "Y", "city": "", "state": "NY", "area-code": "917"}, {"id": "03e293b3df9e35eadf15c56119059691", "number": "", "date": "2021-01-23 20:09:00", "subject": "3", "recorded-or-robo": "Y", "city": "", "state": "NY", "area-code": "917"}, {"id": "3decc6bfadaa436a105714c6ba6f693b", "number": "4131508299", "date": "2021-01-11 11:25:00", "subject": "2", "recorded-or-robo": "Y", "city": "Sammamish", "state": "MA", "area-code": "413"}, {"id": "03e293b3df9e35eadf15c56119058739", "number": "4131508299", "date": "2021-01-11 11:25:00", "subject": "2", "recorded-or-robo": "Y", "city": "Sammamish", "state": "MA", "area-code": "413"}, {"id": "3decc6bfadaa436a105714c6ba83bc65", "number": "+14432673055", "date": "2021-01-23 22:09:22", "subject": "3", "recorded-or-robo": "N", "city": "", "state": "MD", "area-code": "443"}, {"id": "03e293b3df9e35eadf15c561191a0955", "number": "+14432673055", "date": "2021-01-23 22:09:22", "subject": "3", "recorded-or-robo": "N", "city": "", "state": "MD", "area-code": "443"}, {"id": "3decc6bfadaa436a105714c6ba6f64da", "number": "4138254198", "date": "2021-01-11 13:33:00", "subject": "0", "recorded-or-robo": "Y", "city": "Sammamish", "state": "MA", "area-code": "413"}, {"id": "03e293b3df9e35eadf15c56119057ccd", "number": "4138254198", "date": "2021-01-11 13:33:00", "subject": "0", "recorded-or-robo": "Y", "city": "Sammamish", "state": "MA", "area-code": "413"}, {"id": "3decc6bfadaa436a105714c6ba83b40c", "number": "+16184271056", "date": "2021-01-23 22:08:54", "subject": "3", "recorded-or-robo": "Y", "city": "", "state": "WA", "area-code": "206"}, {"id": "03e293b3df9e35eadf15c561191a068f", "number": "+16184271056", "date": "2021-01-23 22:08:54", "subject": "3", "recorded-or-robo": "Y", "city": "", "state": "WA", "area-code": "206"}, {"id": "3decc6bfadaa436a105714c6ba6f5b26", "number": "", "date": "2021-01-23 19:06:00", "subject": "3", "recorded-or-robo": "N", "city": "", "state": "CA", "area-code": "619"}, {"id": "03e293b3df9e35eadf15c56119056966", "number": "", "date": "2021-01-23 19:06:00", "subject": "3", "recorded-or-robo": "N", "city": "", "state": "CA", "area-code": "619"}, {"id": "3decc6bfadaa436a105714c6ba83c418", "number": "+16164462686", "date": "2021-01-23 22:08:28", "subject": "3", "recorded-or-robo": "Y", "city": "", "state": "MI", "area-code": "616"}, {"id": "03e293b3df9e35eadf15c561191a1741", "number": "+16164462686", "date": "2021-01-23 22:08:28", "subject": "3", "recorded-or-robo": "Y", "city": "", "state": "MI", "area-code": "616"}, {"id": "3decc6bfadaa436a105714c6ba6f5c3b", "number": "781814916", "date": "2021-01-11 14:11:00", "subject": "0", "recorded-or-robo": "Y", "city": "Sammamish", "state": "MA", "area-code": "781"}, {"id": "03e293b3df9e35eadf15c56119056ff1", "number": "781814916", "date": "2021-01-11 14:11:00", "subject": "0", "recorded-or-robo": "Y", "city": "Sammamish", "state": "MA", "area-code": "781"}, {"id": "3decc6bfadaa436a105714c6ba6f55a1", "number": "4138764715", "date": "2021-01-11 15:39:00", "subject": "0", "recorded-or-robo": "Y", "city": "Sammamish", "state": "MA", "area-code": "413"}, {"id": "03e293b3df9e35eadf15c56119055d77", "number": "4138764715", "date": "2021-01-11 15:39:00", "subject": "0", "recorded-or-robo": "Y", "city": "Sammamish", "state": "MA", "area-code": "413"}, {"id": "3decc6bfadaa436a105714c6ba6f4765", "number": "2069158984", "date": "2021-01-12 07:19:00", "subject": "0", "recorded-or-robo": "Y", "city": "Sammamish", "state": "WA", "area-code": "206"}, {"id": "03e293b3df9e35eadf15c5611905584c", "number": "2069158984", "date": "2021-01-12 07:19:00", "subject": "0", "recorded-or-robo": "Y", "city": "Sammamish", "state": "WA", "area-code": "206"}, {"id": "3decc6bfadaa436a105714c6ba6f3a24", "number": "6122305236", "date": "2021-01-22 16:13:00", "subject": "2", "recorded-or-robo": "Y", "city": "roseville", "state": "MN", "area-code": "612"}, {"id": "03e293b3df9e35eadf15c561190554d2", "number": "6122305236", "date": "2021-01-22 16:13:00", "subject": "2", "recorded-or-robo": "Y", "city": "roseville", "state": "MN", "area-code": "612"}, {"id": "3decc6bfadaa436a105714c6ba6f32f6", "number": "4134539568", "date": "2021-01-12 08:19:00", "subject": "0", "recorded-or-robo": "Y", "city": "Sammamish", "state": "MA", "area-code": "413"}, {"id": "03e293b3df9e35eadf15c56119055284", "number": "4134539568", "date": "2021-01-12 08:19:00", "subject": "0", "recorded-or-robo": "Y", "city": "Sammamish", "state": "MA", "area-code": "413"}, {"id": "3decc6bfadaa436a105714c6ba6f2bd6", "number": "2165609023", "date": "2021-01-23 14:19:00", "subject": "0", "recorded-or-robo": "", "city": "Lyndhurst", "state": "OH", "area-code": "216"}, {"id": "03e293b3df9e35eadf15c56119054c20", "number": "2165609023", "date": "2021-01-23 14:19:00", "subject": "0", "recorded-or-robo": "", "city": "Lyndhurst", "state": "OH", "area-code": "216"}, {"id": "3decc6bfadaa436a105714c6ba83a273", "number": "3474460945", "date": "2021-01-23 22:05:46", "subject": "3", "recorded-or-robo": "Y", "city": "", "state": "TX", "area-code": "214"}, {"id": "03e293b3df9e35eadf15c5611919ea03", "number": "3474460945", "date": "2021-01-23 22:05:46", "subject": "3", "recorded-or-robo": "Y", "city": "", "state": "TX", "area-code": "214"}, {"id": "3decc6bfadaa436a105714c6ba839be9", "number": "2033095319", "date": "2021-01-23 22:05:23", "subject": "3", "recorded-or-robo": "Y", "city": "", "state": "TX", "area-code": "214"}]}