{"data": [{"id": "03e293b3df9e35eadf15c56119501c17", "number": "9162521805", "date": "2021-01-21 16:30:00", "subject": "2", "recorded-or-robo": "N", "city": "", "state": "CA", "area-code": "530"}, {"id": "3decc6bfadaa436a105714c6bab9a2d8", "number": "7705370567", "date": "2021-01-23 09:07:00", "subject": "1", "recorded-or-robo": "N", "city": "Gilbert", "state": "AZ", "area-code": "770"}, {"id": "03e293b3df9e35eadf15c56119501b59", "number": "7705370567", "date": "2021-01-23 09:07:00", "subject": "1", "recorded-or-robo": "N", "city": "Gilbert", "state": "AZ", "area-code": "770"}, {"id": "3decc6bfadaa436a105714c6bab99f57", "number": "8556781989", "date": "2021-01-24 03:12:00", "subject": "11", "recorded-or-robo": "Y", "city": "Wesley Chapel", "state": "FL", "area-code": "813"}, {"id": "03e293b3df9e35eadf15c56119501927", "number": "8556781989", "date": "2021-01-24 03:12:00", "subject": "11", "recorded-or-robo": "Y", "city": "Wesley Chapel", "state": "FL", "area-code": "813"}, {"id": "3decc6bfadaa436a105714c6bab99e1d", "number": "6072266207", "date": "2021-01-24 16:10:00", "subject": "11", "recorded-or-robo": "Y", "city": "", "state": "NY", "area-code": "607"}, {"id": "03e293b3df9e35eadf15c5611950188d", "number": "6072266207", "date": "2021-01-24 16:10:00", "subject": "11", "recorded-or-robo": "Y", "city": "", "state": "NY", "area-code": "607"}, {"id": "3decc6bfadaa436a105714c6bab9948e", "number": "9402606607", "date": "2021-01-24 14:19:00", "subject": "12", "recorded-or-robo": "Y", "city": "Flower Mound", "state": "TX", "area-code": "972"}, {"id": "03e293b3df9e35eadf15c561195011dc", "number": "9402606607", "date": "2021-01-24 14:19:00", "subject": "12", "recorded-or-robo": "Y", "city": "Flower Mound", "state": "TX", "area-code": "972"}, {"id": "3decc6bfadaa436a105714c6bab989fc", "number": "NA", "date": "2021-01-24 12:30:00", "subject": "1", "recorded-or-robo": "Y", "city": "", "state": "MO", "area-code": "314"}, {"id": "03e293b3df9e35eadf15c56119500d0b", "number": "NA", "date": "2021-01-24 12:30:00", "subject": "1", "recorded-or-robo": "Y", "city": "", "state": "MO", "area-code": "314"}, {"id": "3decc6bfadaa436a105714c6bab98567", "number": "7705654390", "date": "2021-01-23 11:25:00", "subject": "1", "recorded-or-robo": "N", "city": "Gilbert", "state": "AZ", "area-code": "770"}, {"id": "03e293b3df9e35eadf15c561195009c7", "number": "7705654390", "date": "2021-01-23 11:25:00", "subject": "1", "recorded-or-robo": "N", "city": "Gilbert", "state": "AZ", "area-code": "770"}, {"id": "3decc6bfadaa436a105714c6bab98002", "number": "2169062053", "date": "2021-01-24 18:17:00", "subject": "0", "recorded-or-robo": "Y", "city": "Ohio", "state": "OH", "area-code": "216"}, {"id": "03e293b3df9e35eadf15c56119500286", "number": "2169062053", "date": "2021-01-24 18:17:00", "subject": "0", "recorded-or-robo": "Y", "city": "Ohio", "state": "OH", "area-code": "216"}, {"id": "3decc6bfadaa436a105714c6bab97c31", "number": "8556783129", "date": "2021-01-24 02:59:00", "subject": "11", "recorded-or-robo": "Y", "city": "Wesley Chapel", "state": "FL", "area-code": "813"}, {"id": "03e293b3df9e35eadf15c561194ffbf4", "number": "8556783129", "date": "2021-01-24 02:59:00", "subject": "11", "recorded-or-robo": "Y", "city": "Wesley Chapel", "state": "FL", "area-code": "813"}, {"id": "3decc6bfadaa436a105714c6bab97235", "number": "9706696076", "date": "2021-01-23 10:39:00", "subject": "1", "recorded-or-robo": "Y", "city": "Loveland", "state": "CO", "area-code": "970"}, {"id": "03e293b3df9e35eadf15c561194ffb80", "number": "9706696076", "date": "2021-01-23 10:39:00", "subject": "1", "recorded-or-robo": "Y", "city": "Loveland", "state": "CO", "area-code": "970"}, {"id": "3decc6bfadaa436a105714c6bab96724", "number": "7268002535", "date": "2021-01-22 10:02:00", "subject": "2", "recorded-or-robo": "Y", "city": "", "state": "OH", "area-code": "330"}, {"id": "03e293b3df9e35eadf15c561194ff7b0", "number": "7268002535", "date": "2021-01-22 10:02:00", "subject": "2", "recorded-or-robo": "Y", "city": "", "state": "OH", "area-code": "330"}, {"id": "3decc6bfadaa436a105714c6bab962be", "number": "2163745067", "date": "2021-01-24 16:30:00", "subject": "11", "recorded-or-robo": "Y", "city": "Bay Village", "state": "OH", "area-code": "440"}, {"id": "03e293b3df9e35eadf15c561194fe9d0", "number": "2163745067", "date": "2021-01-24 16:30:00", "subject": "11", "recorded-or-robo": "Y", "city": "Bay Village", "state": "OH", "area-code": "440"}, {"id": "3decc6bfadaa436a105714c6bab95fb4", "number": "", "date": "2021-01-24 16:22:00", "subject": "3", "recorded-or-robo": "Y", "city": "", "state": "NY", "area-code": "917"}, {"id": "03e293b3df9e35eadf15c561194fdb68", "number": "", "date": "2021-01-24 16:22:00", "subject": "3", "recorded-or-robo": "Y", "city": "", "state": "NY", "area-code": "917"}, {"id": "3decc6bfadaa436a105714c6bab95076", "number": "4436763030", "date": "2021-01-24 04:16:00", "subject": "2", "recorded-or-robo": "N", "city": "Apollo Beach", "state": "FL", "area-code": "443"}, {"id": "03e293b3df9e35eadf15c561194fcfe8", "number": "4436763030", "date": "2021-01-24 04:16:00", "subject": "2", "recorded-or-robo": "N", "city": "Apollo Beach", "state": "FL", "area-code": "443"}, {"id": "3decc6bfadaa436a105714c6bab94875", "number": "5037208836", "date": "2021-01-24 13:24:00", "subject": "2", "recorded-or-robo": "Y", "city": "", "state": "OR", "area-code": "503"}, {"id": "03e293b3df9e35eadf15c561194fc758", "number": "5037208836", "date": "2021-01-24 13:24:00", "subject": "2", "recorded-or-robo": "Y", "city": "", "state": "OR", "area-code": "503"}, {"id": "3decc6bfadaa436a105714c6bab93971", "number": "4704286808", "date": "2021-01-24 13:38:00", "subject": "1", "recorded-or-robo": "N", "city": "Gilbert", "state": "AZ", "area-code": "770"}, {"id": "03e293b3df9e35eadf15c561194fb7f0", "number": "4704286808", "date": "2021-01-24 13:38:00", "subject": "1", "recorded-or-robo": "N", "city": "Gilbert", "state": "AZ", "area-code": "770"}, {"id": "3decc6bfadaa436a105714c6bab937a4", "number": "8556789524", "date": "2021-01-24 14:48:00", "subject": "11", "recorded-or-robo": "Y", "city": "Wesley Chapel", "state": "FL", "area-code": "813"}, {"id": "03e293b3df9e35eadf15c561194fa9f8", "number": "8556789524", "date": "2021-01-24 14:48:00", "subject": "11", "recorded-or-robo": "Y", "city": "Wesley Chapel", "state": "FL", "area-code": "813"}, {"id": "3decc6bfadaa436a105714c6bab92ed9", "number": "", "date": "2021-01-24 16:26:00", "subject": "3", "recorded-or-robo": "Y", "city": "", "state": "NY", "area-code": "917"}, {"id": "03e293b3df9e35eadf15c561194fa6f5", "number": "", "date": "2021-01-24 16:26:00", "subject": "3", "recorded-or-robo": "Y", "city": "", "state": "NY", "area-code": "917"}, {"id": "3decc6bfadaa436a105714c6bab9230f", "number": "4704286808", "date": "2021-01-24 13:08:00", "subject": "1", "recorded-or-robo": "N", "city": "Gilbert", "state": "AZ", "area-code": "770"}, {"id": "03e293b3df9e35eadf15c561194f9905", "number": "4704286808", "date": "2021-01-24 13:08:00", "subject": "1", "recorded-or-robo": "N", "city": "Gilbert", "state": "AZ", "area-code": "770"}, {"id": "3decc6bfadaa436a105714c6bab9181f", "number": "3169064387", "date": "2021-01-24 13:11:00", "subject": "0", "recorded-or-robo": "Y", "city": "Ohio", "state": "OH", "area-code": "216"}, {"id": "03e293b3df9e35eadf15c561194f9671", "number": "3169064387", "date": "2021-01-24 13:11:00", "subject": "0", "recorded-or-robo": "Y", "city": "Ohio", "state": "OH", "area-code": "216"}, {"id": "3decc6bfadaa436a105714c6bab91640", "number": "", "date": "2021-01-24 16:13:00", "subject": "1", "recorded-or-robo": "Y", "city": "Lakewood", "state": "NJ", "area-code": "347"}, {"id": "03e293b3df9e35eadf15c561194f9447", "number": "", "date": "2021-01-24 16:13:00", "subject": "1", "recorded-or-robo": "Y", "city": "Lakewood", "state": "NJ", "area-code": "347"}, {"id": "3decc6bfadaa436a105714c6bab9075d", "number": "6303693120", "date": "2021-01-16 14:20:00", "subject": "0", "recorded-or-robo": "Y", "city": "", "state": "IL", "area-code": "630"}, {"id": "03e293b3df9e35eadf15c561194f90cb", "number": "6303693120", "date": "2021-01-16 14:20:00", "subject": "0", "recorded-or-robo": "Y", "city": "", "state": "IL", "area-code": "630"}, {"id": "3decc6bfadaa436a105714c6bab8ff6a", "number": "6028061274", "date": "2021-01-23 17:18:00", "subject": "0", "recorded-or-robo": "Y", "city": "cave creek", "state": "AZ", "area-code": "602"}, {"id": "03e293b3df9e35eadf15c561194f8711", "number": "6028061274", "date": "2021-01-23 17:18:00", "subject": "0", "recorded-or-robo": "Y", "city": "cave creek", "state": "AZ", "area-code": "602"}, {"id": "3decc6bfadaa436a105714c6bab8f804", "number": "4436766630", "date": "2021-01-24 10:15:00", "subject": "0", "recorded-or-robo": "Y", "city": "Apollo Beach", "state": "FL", "area-code": "443"}, {"id": "03e293b3df9e35eadf15c561194f7d27", "number": "4436766630", "date": "2021-01-24 10:15:00", "subject": "0", "recorded-or-robo": "Y", "city": "Apollo Beach", "state": "FL", "area-code": "443"}, {"id": "3decc6bfadaa436a105714c6bab8ef10", "number": "7086833658", "date": "2021-01-15 15:33:00", "subject": "0", "recorded-or-robo": "Y", "city": "", "state": "IL", "area-code": "630"}, {"id": "03e293b3df9e35eadf15c561194f7cee", "number": "7086833658", "date": "2021-01-15 15:33:00", "subject": "0", "recorded-or-robo": "Y", "city": "", "state": "IL", "area-code": "630"}, {"id": "3decc6bfadaa436a105714c6bab8e8fe", "number": "", "date": "2021-01-22 17:10:00", "subject": "4", "recorded-or-robo": "Y", "city": "", "state": "FL", "area-code": "813"}]}