{"data": [{"id": "1d36742e3f24f50e4e7ae82801bdfd95", "number": "355696875712", "date": "2021-01-15 08:11:00", "subject": "2", "recorded-or-robo": "Y", "city": "Waterloo", "state": "IA", "area-code": "319"}, {"id": "3decc6bfadaa436a105714c6ba26ca85", "number": "6154064379", "date": "2021-01-21 15:29:00", "subject": "11", "recorded-or-robo": "Y", "city": "Purcellville", "state": "VA", "area-code": "540"}, {"id": "1d36742e3f24f50e4e7ae82801bdf96d", "number": "6154064379", "date": "2021-01-21 15:29:00", "subject": "11", "recorded-or-robo": "Y", "city": "Purcellville", "state": "VA", "area-code": "540"}, {"id": "3decc6bfadaa436a105714c6ba26bce6", "number": "2563547566", "date": "2021-01-23 14:18:00", "subject": "0", "recorded-or-robo": "Y", "city": "", "state": "AL", "area-code": "256"}, {"id": "1d36742e3f24f50e4e7ae82801bdf0b7", "number": "2563547566", "date": "2021-01-23 14:18:00", "subject": "0", "recorded-or-robo": "Y", "city": "", "state": "AL", "area-code": "256"}, {"id": "3decc6bfadaa436a105714c6ba26b27c", "number": "7182447809", "date": "2021-01-23 12:41:00", "subject": "2", "recorded-or-robo": "Y", "city": "", "state": "NJ", "area-code": "973"}, {"id": "1d36742e3f24f50e4e7ae82801bde6dc", "number": "7182447809", "date": "2021-01-23 12:41:00", "subject": "2", "recorded-or-robo": "Y", "city": "", "state": "NJ", "area-code": "973"}, {"id": "3decc6bfadaa436a105714c6ba26ad3f", "number": "3145463109", "date": "2021-01-23 14:16:00", "subject": "0", "recorded-or-robo": "Y", "city": "", "state": "MO", "area-code": "314"}, {"id": "1d36742e3f24f50e4e7ae82801bddf80", "number": "3145463109", "date": "2021-01-23 14:16:00", "subject": "0", "recorded-or-robo": "Y", "city": "", "state": "MO", "area-code": "314"}, {"id": "3decc6bfadaa436a105714c6ba26a092", "number": "5859730580", "date": "2021-01-18 13:51:00", "subject": "3", "recorded-or-robo": "Y", "city": "", "state": "NY", "area-code": "585"}, {"id": "1d36742e3f24f50e4e7ae82801bddcfa", "number": "5859730580", "date": "2021-01-18 13:51:00", "subject": "3", "recorded-or-robo": "Y", "city": "", "state": "NY", "area-code": "585"}, {"id": "3decc6bfadaa436a105714c6ba269e61", "number": "6063470207", "date": "2021-01-23 15:02:00", "subject": "2", "recorded-or-robo": "N", "city": "Ashland", "state": "KY", "area-code": "606"}, {"id": "1d36742e3f24f50e4e7ae82801bdcefc", "number": "6063470207", "date": "2021-01-23 15:02:00", "subject": "2", "recorded-or-robo": "N", "city": "Ashland", "state": "KY", "area-code": "606"}, {"id": "3decc6bfadaa436a105714c6ba269920", "number": "224628293670", "date": "2021-01-23 00:00:00", "subject": "2", "recorded-or-robo": "N", "city": "Nevada", "state": "IA", "area-code": "515"}, {"id": "1d36742e3f24f50e4e7ae82801bdc274", "number": "224628293670", "date": "2021-01-23 00:00:00", "subject": "2", "recorded-or-robo": "N", "city": "Nevada", "state": "IA", "area-code": "515"}, {"id": "3decc6bfadaa436a105714c6ba26935d", "number": "8016960714", "date": "2021-01-23 12:45:00", "subject": "1", "recorded-or-robo": "Y", "city": "", "state": "UT", "area-code": "801"}, {"id": "1d36742e3f24f50e4e7ae82801bdc1b4", "number": "8016960714", "date": "2021-01-23 12:45:00", "subject": "1", "recorded-or-robo": "Y", "city": "", "state": "UT", "area-code": "801"}, {"id": "3decc6bfadaa436a105714c6ba26878e", "number": "7182442624", "date": "2021-01-21 18:27:00", "subject": "1", "recorded-or-robo": "Y", "city": "Irvine", "state": "CA", "area-code": "949"}, {"id": "1d36742e3f24f50e4e7ae82801bdb925", "number": "7182442624", "date": "2021-01-21 18:27:00", "subject": "1", "recorded-or-robo": "Y", "city": "Irvine", "state": "CA", "area-code": "949"}, {"id": "3decc6bfadaa436a105714c6ba267ec1", "number": "9376642576", "date": "2021-01-23 11:39:00", "subject": "2", "recorded-or-robo": "", "city": "", "state": "OH", "area-code": "937"}, {"id": "1d36742e3f24f50e4e7ae82801bdaca3", "number": "9376642576", "date": "2021-01-23 11:39:00", "subject": "2", "recorded-or-robo": "", "city": "", "state": "OH", "area-code": "937"}, {"id": "3decc6bfadaa436a105714c6ba267ebc", "number": "3392005241", "date": "2021-01-21 03:17:00", "subject": "11", "recorded-or-robo": "Y", "city": "Purcellville", "state": "VA", "area-code": "540"}, {"id": "1d36742e3f24f50e4e7ae82801bda2f5", "number": "3392005241", "date": "2021-01-21 03:17:00", "subject": "11", "recorded-or-robo": "Y", "city": "Purcellville", "state": "VA", "area-code": "540"}, {"id": "3decc6bfadaa436a105714c6ba2672a2", "number": "5859730580", "date": "2021-01-18 10:51:00", "subject": "3", "recorded-or-robo": "Y", "city": "", "state": "NY", "area-code": "585"}, {"id": "1d36742e3f24f50e4e7ae82801bd986d", "number": "5859730580", "date": "2021-01-18 10:51:00", "subject": "3", "recorded-or-robo": "Y", "city": "", "state": "NY", "area-code": "585"}, {"id": "3decc6bfadaa436a105714c6ba266de5", "number": "7089784203", "date": "2021-01-20 09:20:00", "subject": "4", "recorded-or-robo": "Y", "city": "", "state": "IL", "area-code": "708"}, {"id": "1d36742e3f24f50e4e7ae82801bd91c5", "number": "7089784203", "date": "2021-01-20 09:20:00", "subject": "4", "recorded-or-robo": "Y", "city": "", "state": "IL", "area-code": "708"}, {"id": "3decc6bfadaa436a105714c6ba266936", "number": "7164759548", "date": "2021-01-23 15:04:00", "subject": "1", "recorded-or-robo": "Y", "city": "", "state": "NC", "area-code": "704"}, {"id": "1d36742e3f24f50e4e7ae82801bd8be6", "number": "7164759548", "date": "2021-01-23 15:04:00", "subject": "1", "recorded-or-robo": "Y", "city": "", "state": "NC", "area-code": "704"}, {"id": "3decc6bfadaa436a105714c6ba265994", "number": "7182442169", "date": "2021-01-23 11:08:00", "subject": "1", "recorded-or-robo": "Y", "city": "Irvine", "state": "CA", "area-code": "949"}, {"id": "1d36742e3f24f50e4e7ae82801bd88be", "number": "7182442169", "date": "2021-01-23 11:08:00", "subject": "1", "recorded-or-robo": "Y", "city": "Irvine", "state": "CA", "area-code": "949"}, {"id": "3decc6bfadaa436a105714c6ba265689", "number": "9412086946", "date": "2021-01-22 17:56:00", "subject": "0", "recorded-or-robo": "Y", "city": "ASHLAND", "state": "KY", "area-code": "606"}, {"id": "3decc6bfadaa436a105714c6ba264f10", "number": "50941700288", "date": "2021-01-15 07:34:00", "subject": "2", "recorded-or-robo": "Y", "city": "Waterloo", "state": "IA", "area-code": "319"}, {"id": "1d36742e3f24f50e4e7ae82801bd82b0", "number": "9412086946", "date": "2021-01-22 17:56:00", "subject": "0", "recorded-or-robo": "Y", "city": "ASHLAND", "state": "KY", "area-code": "606"}, {"id": "1d36742e3f24f50e4e7ae82801bd7e8c", "number": "50941700288", "date": "2021-01-15 07:34:00", "subject": "2", "recorded-or-robo": "Y", "city": "Waterloo", "state": "IA", "area-code": "319"}, {"id": "3decc6bfadaa436a105714c6ba264e61", "number": "8889820154", "date": "2021-01-23 00:00:00", "subject": "3", "recorded-or-robo": "Y", "city": "", "state": "CT", "area-code": "203"}, {"id": "1d36742e3f24f50e4e7ae82801bd7834", "number": "8889820154", "date": "2021-01-23 00:00:00", "subject": "3", "recorded-or-robo": "Y", "city": "", "state": "CT", "area-code": "203"}, {"id": "3decc6bfadaa436a105714c6ba264700", "number": "2102481205", "date": "2021-01-23 00:00:00", "subject": "2", "recorded-or-robo": "Y", "city": "", "state": "FL", "area-code": "727"}, {"id": "1d36742e3f24f50e4e7ae82801bd77b1", "number": "2102481205", "date": "2021-01-23 00:00:00", "subject": "2", "recorded-or-robo": "Y", "city": "", "state": "FL", "area-code": "727"}, {"id": "3decc6bfadaa436a105714c6ba263892", "number": "9707720420", "date": "2021-01-16 12:15:00", "subject": "3", "recorded-or-robo": "Y", "city": "", "state": "NY", "area-code": "585"}, {"id": "1d36742e3f24f50e4e7ae82801bd6e4d", "number": "9707720420", "date": "2021-01-16 12:15:00", "subject": "3", "recorded-or-robo": "Y", "city": "", "state": "NY", "area-code": "585"}, {"id": "3decc6bfadaa436a105714c6ba26358b", "number": "6154064379", "date": "2021-01-21 16:21:00", "subject": "11", "recorded-or-robo": "Y", "city": "Purcellville", "state": "VA", "area-code": "540"}, {"id": "1d36742e3f24f50e4e7ae82801bd6bfe", "number": "6154064379", "date": "2021-01-21 16:21:00", "subject": "11", "recorded-or-robo": "Y", "city": "Purcellville", "state": "VA", "area-code": "540"}, {"id": "3decc6bfadaa436a105714c6ba26318d", "number": "7182446699", "date": "2021-01-23 13:31:00", "subject": "1", "recorded-or-robo": "Y", "city": "Irvine", "state": "CA", "area-code": "949"}, {"id": "1d36742e3f24f50e4e7ae82801bd64ab", "number": "7182446699", "date": "2021-01-23 13:31:00", "subject": "1", "recorded-or-robo": "Y", "city": "Irvine", "state": "CA", "area-code": "949"}, {"id": "3decc6bfadaa436a105714c6ba26261e", "number": "8763897807", "date": "2021-01-23 13:01:00", "subject": "13", "recorded-or-robo": "N", "city": "Sun City", "state": "AZ", "area-code": "623"}, {"id": "1d36742e3f24f50e4e7ae82801bd56b3", "number": "8763897807", "date": "2021-01-23 13:01:00", "subject": "13", "recorded-or-robo": "N", "city": "Sun City", "state": "AZ", "area-code": "623"}, {"id": "3decc6bfadaa436a105714c6ba261dbb", "number": "4696631809", "date": "2021-01-23 14:13:00", "subject": "2", "recorded-or-robo": "N", "city": "SPRING", "state": "TX", "area-code": "713"}, {"id": "1d36742e3f24f50e4e7ae82801bd4e70", "number": "4696631809", "date": "2021-01-23 14:13:00", "subject": "2", "recorded-or-robo": "N", "city": "SPRING", "state": "TX", "area-code": "713"}, {"id": "3decc6bfadaa436a105714c6ba2618a1", "number": "8767968484", "date": "2021-01-23 13:22:00", "subject": "2", "recorded-or-robo": "Y", "city": "", "state": "IA", "area-code": "515"}]}