{"data": [{"id": "03e293b3df9e35eadf15c561194d274f", "number": "7312480053", "date": "2021-01-22 14:06:00", "subject": "4", "recorded-or-robo": "Y", "city": "", "state": "NY", "area-code": "347"}, {"id": "3decc6bfadaa436a105714c6bab69b0a", "number": "8882804331", "date": "2021-01-24 02:02:00", "subject": "2", "recorded-or-robo": "Y", "city": "Middle Village", "state": "NY", "area-code": "718"}, {"id": "03e293b3df9e35eadf15c561194d2123", "number": "8882804331", "date": "2021-01-24 02:02:00", "subject": "2", "recorded-or-robo": "Y", "city": "Middle Village", "state": "NY", "area-code": "718"}, {"id": "3decc6bfadaa436a105714c6bab69372", "number": "7275766095", "date": "2021-01-24 12:00:00", "subject": "2", "recorded-or-robo": "Y", "city": "Saint Petersburg", "state": "FL", "area-code": "727"}, {"id": "03e293b3df9e35eadf15c561194d1dc8", "number": "7275766095", "date": "2021-01-24 12:00:00", "subject": "2", "recorded-or-robo": "Y", "city": "Saint Petersburg", "state": "FL", "area-code": "727"}, {"id": "3decc6bfadaa436a105714c6bab6920c", "number": "315232857", "date": "2021-01-23 11:15:00", "subject": "4", "recorded-or-robo": "Y", "city": "Camarillo", "state": "CA", "area-code": "315"}, {"id": "03e293b3df9e35eadf15c561194d1b5b", "number": "315232857", "date": "2021-01-23 11:15:00", "subject": "4", "recorded-or-robo": "Y", "city": "Camarillo", "state": "CA", "area-code": "315"}, {"id": "3decc6bfadaa436a105714c6bab68d79", "number": "6463974311", "date": "2021-01-24 12:57:00", "subject": "2", "recorded-or-robo": "Y", "city": "Arroyo Grande", "state": "CA", "area-code": "805"}, {"id": "03e293b3df9e35eadf15c561194d0e98", "number": "6463974311", "date": "2021-01-24 12:57:00", "subject": "2", "recorded-or-robo": "Y", "city": "Arroyo Grande", "state": "CA", "area-code": "805"}, {"id": "3decc6bfadaa436a105714c6bab68a73", "number": "6064034992", "date": "2021-01-15 22:00:00", "subject": "4", "recorded-or-robo": "N", "city": "Melrose", "state": "WI", "area-code": "608"}, {"id": "03e293b3df9e35eadf15c561194d0d54", "number": "6064034992", "date": "2021-01-15 22:00:00", "subject": "4", "recorded-or-robo": "N", "city": "Melrose", "state": "WI", "area-code": "608"}, {"id": "3decc6bfadaa436a105714c6bab6836f", "number": "8882804331", "date": "2021-01-23 20:42:00", "subject": "2", "recorded-or-robo": "Y", "city": "Manteno", "state": "IL", "area-code": "815"}, {"id": "03e293b3df9e35eadf15c561194cfe40", "number": "8882804331", "date": "2021-01-23 20:42:00", "subject": "2", "recorded-or-robo": "Y", "city": "Manteno", "state": "IL", "area-code": "815"}, {"id": "3decc6bfadaa436a105714c6bab67bc9", "number": "3152328257", "date": "2021-01-24 15:00:00", "subject": "1", "recorded-or-robo": "Y", "city": "Zephyrhills", "state": "FL", "area-code": "813"}, {"id": "03e293b3df9e35eadf15c561194cf6d6", "number": "3152328257", "date": "2021-01-24 15:00:00", "subject": "1", "recorded-or-robo": "Y", "city": "Zephyrhills", "state": "FL", "area-code": "813"}, {"id": "3decc6bfadaa436a105714c6bab6783c", "number": "5593827333", "date": "2021-01-24 12:42:00", "subject": "6", "recorded-or-robo": "N", "city": "Chicago", "state": "IL", "area-code": "773"}, {"id": "03e293b3df9e35eadf15c561194cf110", "number": "5593827333", "date": "2021-01-24 12:42:00", "subject": "6", "recorded-or-robo": "N", "city": "Chicago", "state": "IL", "area-code": "773"}, {"id": "3decc6bfadaa436a105714c6bab6770b", "number": "8772810416", "date": "2021-01-24 12:40:00", "subject": "2", "recorded-or-robo": "Y", "city": "LA", "state": "CA", "area-code": "917"}, {"id": "03e293b3df9e35eadf15c561194cef1e", "number": "8772810416", "date": "2021-01-24 12:40:00", "subject": "2", "recorded-or-robo": "Y", "city": "LA", "state": "CA", "area-code": "917"}, {"id": "3decc6bfadaa436a105714c6bab66d16", "number": "7869751928", "date": "2021-01-24 14:55:00", "subject": "0", "recorded-or-robo": "Y", "city": "Saint Paul", "state": "MN", "area-code": "651"}, {"id": "03e293b3df9e35eadf15c561194cea2a", "number": "7869751928", "date": "2021-01-24 14:55:00", "subject": "0", "recorded-or-robo": "Y", "city": "Saint Paul", "state": "MN", "area-code": "651"}, {"id": "3decc6bfadaa436a105714c6bab65dfb", "number": "pressoneonph", "date": "2021-01-24 12:00:00", "subject": "2", "recorded-or-robo": "Y", "city": "", "state": "GA", "area-code": "678"}, {"id": "03e293b3df9e35eadf15c561194ce79d", "number": "pressoneonph", "date": "2021-01-24 12:00:00", "subject": "2", "recorded-or-robo": "Y", "city": "", "state": "GA", "area-code": "678"}, {"id": "3decc6bfadaa436a105714c6bab65c10", "number": "7146923420", "date": "2021-01-24 13:00:00", "subject": "7", "recorded-or-robo": "Y", "city": "", "state": "CA", "area-code": "714"}, {"id": "03e293b3df9e35eadf15c561194cdc6f", "number": "7146923420", "date": "2021-01-24 13:00:00", "subject": "7", "recorded-or-robo": "Y", "city": "", "state": "CA", "area-code": "714"}, {"id": "3decc6bfadaa436a105714c6bab65a70", "number": "2043062890", "date": "2021-01-23 12:23:00", "subject": "0", "recorded-or-robo": "Y", "city": "CATHEDRAL CITY", "state": "CA", "area-code": "760"}, {"id": "03e293b3df9e35eadf15c561194cd360", "number": "2043062890", "date": "2021-01-23 12:23:00", "subject": "0", "recorded-or-robo": "Y", "city": "CATHEDRAL CITY", "state": "CA", "area-code": "760"}, {"id": "3decc6bfadaa436a105714c6bab656ef", "number": "8137882639", "date": "2021-01-24 13:00:00", "subject": "11", "recorded-or-robo": "Y", "city": "", "state": "FL", "area-code": "813"}, {"id": "03e293b3df9e35eadf15c561194cc864", "number": "8137882639", "date": "2021-01-24 13:00:00", "subject": "11", "recorded-or-robo": "Y", "city": "", "state": "FL", "area-code": "813"}, {"id": "3decc6bfadaa436a105714c6bab655fd", "number": "", "date": "2021-01-24 14:00:00", "subject": "11", "recorded-or-robo": "Y", "city": "Lake Saint Louis", "state": "MO", "area-code": "314"}, {"id": "03e293b3df9e35eadf15c561194cbcf6", "number": "", "date": "2021-01-24 14:00:00", "subject": "11", "recorded-or-robo": "Y", "city": "Lake Saint Louis", "state": "MO", "area-code": "314"}, {"id": "3decc6bfadaa436a105714c6bab65273", "number": "5303091633", "date": "2021-01-21 13:15:00", "subject": "2", "recorded-or-robo": "N", "city": "", "state": "CA", "area-code": "530"}, {"id": "03e293b3df9e35eadf15c561194cb924", "number": "5303091633", "date": "2021-01-21 13:15:00", "subject": "2", "recorded-or-robo": "N", "city": "", "state": "CA", "area-code": "530"}, {"id": "3decc6bfadaa436a105714c6bab64878", "number": "4158940988", "date": "2021-01-12 11:30:00", "subject": "2", "recorded-or-robo": "Y", "city": "Pacheco", "state": "CA", "area-code": "925"}, {"id": "03e293b3df9e35eadf15c561194cb0dc", "number": "4158940988", "date": "2021-01-12 11:30:00", "subject": "2", "recorded-or-robo": "Y", "city": "Pacheco", "state": "CA", "area-code": "925"}, {"id": "3decc6bfadaa436a105714c6bab63cd3", "number": "", "date": "2021-01-24 12:54:00", "subject": "2", "recorded-or-robo": "Y", "city": "", "state": "CA", "area-code": "408"}, {"id": "03e293b3df9e35eadf15c561194ca690", "number": "", "date": "2021-01-24 12:54:00", "subject": "2", "recorded-or-robo": "Y", "city": "", "state": "CA", "area-code": "408"}, {"id": "3decc6bfadaa436a105714c6bab63037", "number": "3605487715", "date": "2021-01-22 09:15:00", "subject": "6", "recorded-or-robo": "Y", "city": "Bremerton", "state": "WA", "area-code": "360"}, {"id": "03e293b3df9e35eadf15c561194c9f55", "number": "3605487715", "date": "2021-01-22 09:15:00", "subject": "6", "recorded-or-robo": "Y", "city": "Bremerton", "state": "WA", "area-code": "360"}, {"id": "3decc6bfadaa436a105714c6bab62267", "number": "8632501010", "date": "2020-12-22 10:02:00", "subject": "6", "recorded-or-robo": "Y", "city": "Lincolndale, n.y.", "state": "NY", "area-code": "912"}, {"id": "03e293b3df9e35eadf15c561194c9517", "number": "8632501010", "date": "2020-12-22 10:02:00", "subject": "6", "recorded-or-robo": "Y", "city": "Lincolndale, n.y.", "state": "NY", "area-code": "912"}, {"id": "3decc6bfadaa436a105714c6bab615c6", "number": "7273645509", "date": "2021-01-24 15:32:00", "subject": "1", "recorded-or-robo": "Y", "city": "New port richey", "state": "FL", "area-code": "727"}, {"id": "03e293b3df9e35eadf15c561194c9505", "number": "7273645509", "date": "2021-01-24 15:32:00", "subject": "1", "recorded-or-robo": "Y", "city": "New port richey", "state": "FL", "area-code": "727"}, {"id": "3decc6bfadaa436a105714c6bab61450", "number": "5304470732", "date": "2021-01-19 20:21:00", "subject": "2", "recorded-or-robo": "N", "city": "", "state": "CA", "area-code": "530"}, {"id": "03e293b3df9e35eadf15c561194c905a", "number": "5304470732", "date": "2021-01-19 20:21:00", "subject": "2", "recorded-or-robo": "N", "city": "", "state": "CA", "area-code": "530"}, {"id": "3decc6bfadaa436a105714c6bab60eda", "number": "", "date": "2021-01-20 12:00:00", "subject": "3", "recorded-or-robo": "Y", "city": "Cal", "state": "MO", "area-code": "619"}, {"id": "03e293b3df9e35eadf15c561194c8bcd", "number": "", "date": "2021-01-20 12:00:00", "subject": "3", "recorded-or-robo": "Y", "city": "Cal", "state": "MO", "area-code": "619"}, {"id": "3decc6bfadaa436a105714c6bab6000e", "number": "", "date": "2021-01-23 12:35:00", "subject": "2", "recorded-or-robo": "Y", "city": "", "state": "CA", "area-code": "408"}, {"id": "03e293b3df9e35eadf15c561194c820b", "number": "", "date": "2021-01-23 12:35:00", "subject": "2", "recorded-or-robo": "Y", "city": "", "state": "CA", "area-code": "408"}, {"id": "3decc6bfadaa436a105714c6bab5fd91", "number": "8154768715", "date": "2021-01-23 15:44:00", "subject": "1", "recorded-or-robo": "N", "city": "Glendale", "state": "AZ", "area-code": "602"}]}