{"data": [{"id": "03e293b3df9e35eadf15c5611932a9c6", "number": "5715202589", "date": "2021-01-23 23:24:00", "subject": "3", "recorded-or-robo": "", "city": "Fairfax Station", "state": "VA", "area-code": "703"}, {"id": "3decc6bfadaa436a105714c6ba9c0b48", "number": "3478449338", "date": "2021-01-21 16:56:00", "subject": "1", "recorded-or-robo": "Y", "city": "Fremont", "state": "NE", "area-code": "347"}, {"id": "03e293b3df9e35eadf15c5611932a378", "number": "3478449338", "date": "2021-01-21 16:56:00", "subject": "1", "recorded-or-robo": "Y", "city": "Fremont", "state": "NE", "area-code": "347"}, {"id": "3decc6bfadaa436a105714c6ba9bfdf0", "number": "", "date": "2021-01-24 00:00:00", "subject": "15", "recorded-or-robo": "N", "city": "Beaumont", "state": "TX", "area-code": "409"}, {"id": "03e293b3df9e35eadf15c561193296a0", "number": "", "date": "2021-01-24 00:00:00", "subject": "15", "recorded-or-robo": "N", "city": "Beaumont", "state": "TX", "area-code": "409"}, {"id": "3decc6bfadaa436a105714c6ba9bfb32", "number": "", "date": "2021-01-24 11:33:00", "subject": "2", "recorded-or-robo": "Y", "city": "Au Gres", "state": "MI", "area-code": "630"}, {"id": "03e293b3df9e35eadf15c5611932890c", "number": "", "date": "2021-01-24 11:33:00", "subject": "2", "recorded-or-robo": "Y", "city": "Au Gres", "state": "MI", "area-code": "630"}, {"id": "3decc6bfadaa436a105714c6ba9bf0b2", "number": "5016044362", "date": "2021-01-22 15:49:00", "subject": "3", "recorded-or-robo": "", "city": "Fairfax Station", "state": "VA", "area-code": "703"}, {"id": "3decc6bfadaa436a105714c6ba9be2c2", "number": "3019607077", "date": "2021-01-15 00:00:00", "subject": "2", "recorded-or-robo": "N", "city": "", "state": "MD", "area-code": "301"}, {"id": "03e293b3df9e35eadf15c5611932807b", "number": "5016044362", "date": "2021-01-22 15:49:00", "subject": "3", "recorded-or-robo": "", "city": "Fairfax Station", "state": "VA", "area-code": "703"}, {"id": "03e293b3df9e35eadf15c56119327e9c", "number": "3019607077", "date": "2021-01-15 00:00:00", "subject": "2", "recorded-or-robo": "N", "city": "", "state": "MD", "area-code": "301"}, {"id": "3decc6bfadaa436a105714c6ba9bd990", "number": "3034314516", "date": "2021-01-22 09:40:00", "subject": "4", "recorded-or-robo": "Y", "city": "", "state": "CO", "area-code": "303"}, {"id": "03e293b3df9e35eadf15c56119327e97", "number": "3034314516", "date": "2021-01-22 09:40:00", "subject": "4", "recorded-or-robo": "Y", "city": "", "state": "CO", "area-code": "303"}, {"id": "3decc6bfadaa436a105714c6ba9bcebf", "number": "50999461831", "date": "2021-01-24 08:54:00", "subject": "2", "recorded-or-robo": "Y", "city": "Richland", "state": "WA", "area-code": "509"}, {"id": "03e293b3df9e35eadf15c56119327a1e", "number": "50999461831", "date": "2021-01-24 08:54:00", "subject": "2", "recorded-or-robo": "Y", "city": "Richland", "state": "WA", "area-code": "509"}, {"id": "3decc6bfadaa436a105714c6ba9bbee5", "number": "5856393092", "date": "2021-01-23 10:51:00", "subject": "0", "recorded-or-robo": "N", "city": "", "state": "NY", "area-code": "212"}, {"id": "03e293b3df9e35eadf15c56119327270", "number": "5856393092", "date": "2021-01-23 10:51:00", "subject": "0", "recorded-or-robo": "N", "city": "", "state": "NY", "area-code": "212"}, {"id": "3decc6bfadaa436a105714c6ba9bbe3d", "number": "4027274792", "date": "2021-01-22 12:46:00", "subject": "1", "recorded-or-robo": "Y", "city": "Fremont", "state": "NE", "area-code": "402"}, {"id": "03e293b3df9e35eadf15c56119326957", "number": "4027274792", "date": "2021-01-22 12:46:00", "subject": "1", "recorded-or-robo": "Y", "city": "Fremont", "state": "NE", "area-code": "402"}, {"id": "3decc6bfadaa436a105714c6ba9bb856", "number": "5136961920", "date": "2021-01-23 11:46:00", "subject": "3", "recorded-or-robo": "", "city": "Fairfax Station", "state": "VA", "area-code": "703"}, {"id": "03e293b3df9e35eadf15c56119325e54", "number": "5136961920", "date": "2021-01-23 11:46:00", "subject": "3", "recorded-or-robo": "", "city": "Fairfax Station", "state": "VA", "area-code": "703"}, {"id": "3decc6bfadaa436a105714c6ba9bb1df", "number": "3012358178", "date": "2021-01-15 00:00:00", "subject": "2", "recorded-or-robo": "N", "city": "", "state": "MD", "area-code": "301"}, {"id": "03e293b3df9e35eadf15c561193250fb", "number": "3012358178", "date": "2021-01-15 00:00:00", "subject": "2", "recorded-or-robo": "N", "city": "", "state": "MD", "area-code": "301"}, {"id": "3decc6bfadaa436a105714c6ba9baf07", "number": "7320317840", "date": "2021-01-22 09:06:00", "subject": "2", "recorded-or-robo": "", "city": "", "state": "NJ", "area-code": "732"}, {"id": "03e293b3df9e35eadf15c56119324875", "number": "7320317840", "date": "2021-01-22 09:06:00", "subject": "2", "recorded-or-robo": "", "city": "", "state": "NJ", "area-code": "732"}, {"id": "3decc6bfadaa436a105714c6ba9ba920", "number": "5099462095", "date": "2021-01-24 08:47:00", "subject": "2", "recorded-or-robo": "Y", "city": "Richland", "state": "WA", "area-code": "509"}, {"id": "03e293b3df9e35eadf15c561193241ea", "number": "5099462095", "date": "2021-01-24 08:47:00", "subject": "2", "recorded-or-robo": "Y", "city": "Richland", "state": "WA", "area-code": "509"}, {"id": "3decc6bfadaa436a105714c6ba9ba784", "number": "2094210263", "date": "2021-01-22 00:00:00", "subject": "3", "recorded-or-robo": "Y", "city": "", "state": "CA", "area-code": "209"}, {"id": "03e293b3df9e35eadf15c56119324041", "number": "2094210263", "date": "2021-01-22 00:00:00", "subject": "3", "recorded-or-robo": "Y", "city": "", "state": "CA", "area-code": "209"}, {"id": "3decc6bfadaa436a105714c6ba9ba43c", "number": "2019197781", "date": "2021-01-24 12:00:00", "subject": "11", "recorded-or-robo": "Y", "city": "Upper Saddle River", "state": "NJ", "area-code": "201"}, {"id": "03e293b3df9e35eadf15c561193230b7", "number": "2019197781", "date": "2021-01-24 12:00:00", "subject": "11", "recorded-or-robo": "Y", "city": "Upper Saddle River", "state": "NJ", "area-code": "201"}, {"id": "3decc6bfadaa436a105714c6ba9b9994", "number": "3152328257", "date": "2021-01-24 11:09:00", "subject": "11", "recorded-or-robo": "Y", "city": "", "state": "MO", "area-code": "314"}, {"id": "03e293b3df9e35eadf15c5611932244e", "number": "3152328257", "date": "2021-01-24 11:09:00", "subject": "11", "recorded-or-robo": "Y", "city": "", "state": "MO", "area-code": "314"}, {"id": "3decc6bfadaa436a105714c6ba9b7cb2", "number": "", "date": "2021-01-24 12:10:00", "subject": "3", "recorded-or-robo": "N", "city": "", "state": "NJ", "area-code": "732"}, {"id": "03e293b3df9e35eadf15c561193207da", "number": "", "date": "2021-01-24 12:10:00", "subject": "3", "recorded-or-robo": "N", "city": "", "state": "NJ", "area-code": "732"}, {"id": "3decc6bfadaa436a105714c6ba9b9618", "number": "", "date": "2021-01-24 08:33:00", "subject": "1", "recorded-or-robo": "Y", "city": "UNION GAP", "state": "WA", "area-code": "509"}, {"id": "03e293b3df9e35eadf15c5611932177d", "number": "", "date": "2021-01-24 08:33:00", "subject": "1", "recorded-or-robo": "Y", "city": "UNION GAP", "state": "WA", "area-code": "509"}, {"id": "3decc6bfadaa436a105714c6ba9b8914", "number": "5594959363", "date": "2021-01-20 00:00:00", "subject": "3", "recorded-or-robo": "Y", "city": "", "state": "CA", "area-code": "209"}, {"id": "03e293b3df9e35eadf15c5611932140b", "number": "5594959363", "date": "2021-01-20 00:00:00", "subject": "3", "recorded-or-robo": "Y", "city": "", "state": "CA", "area-code": "209"}, {"id": "3decc6bfadaa436a105714c6ba9b84c3", "number": "2098387974", "date": "2021-01-18 00:00:00", "subject": "3", "recorded-or-robo": "Y", "city": "", "state": "CA", "area-code": "209"}, {"id": "03e293b3df9e35eadf15c5611932120e", "number": "2098387974", "date": "2021-01-18 00:00:00", "subject": "3", "recorded-or-robo": "Y", "city": "", "state": "CA", "area-code": "209"}, {"id": "3decc6bfadaa436a105714c6ba9b7649", "number": "8556780916", "date": "2021-01-23 13:26:00", "subject": "2", "recorded-or-robo": "Y", "city": "Pickerington", "state": "OH", "area-code": "740"}, {"id": "03e293b3df9e35eadf15c5611931fcf9", "number": "8556780916", "date": "2021-01-23 13:26:00", "subject": "2", "recorded-or-robo": "Y", "city": "Pickerington", "state": "OH", "area-code": "740"}, {"id": "3decc6bfadaa436a105714c6ba9b75e7", "number": "2035990011", "date": "2021-01-22 15:00:00", "subject": "5", "recorded-or-robo": "N", "city": "WEST HAVEN", "state": "CT", "area-code": "203"}, {"id": "03e293b3df9e35eadf15c5611931f45f", "number": "2035990011", "date": "2021-01-22 15:00:00", "subject": "5", "recorded-or-robo": "N", "city": "WEST HAVEN", "state": "CT", "area-code": "203"}, {"id": "3decc6bfadaa436a105714c6ba9b71cb", "number": "7577603431", "date": "2021-01-22 17:03:00", "subject": "3", "recorded-or-robo": "", "city": "Fairfax Station", "state": "VA", "area-code": "703"}, {"id": "03e293b3df9e35eadf15c5611931f2a6", "number": "7577603431", "date": "2021-01-22 17:03:00", "subject": "3", "recorded-or-robo": "", "city": "Fairfax Station", "state": "VA", "area-code": "703"}, {"id": "3decc6bfadaa436a105714c6ba9b633f", "number": "6368874611", "date": "2021-01-24 11:12:00", "subject": "1", "recorded-or-robo": "Y", "city": "Wentzville", "state": "MO", "area-code": "636"}, {"id": "03e293b3df9e35eadf15c5611931e5c5", "number": "6368874611", "date": "2021-01-24 11:12:00", "subject": "1", "recorded-or-robo": "Y", "city": "Wentzville", "state": "MO", "area-code": "636"}, {"id": "3decc6bfadaa436a105714c6ba9b6188", "number": "4792693152", "date": "2021-01-24 12:17:00", "subject": "7", "recorded-or-robo": "Y", "city": "Clover", "state": "SC", "area-code": "724"}]}