{"data": [{"id": "490dde24b259add1335244cd1b005825", "number": "2608440073", "date": "2021-01-26 10:09:00", "subject": "6", "recorded-or-robo": "", "city": "", "state": "IN", "area-code": "765"}, {"id": "490dde24b259add1335244cd1b0052ee", "number": "4012728319", "date": "2021-01-26 09:28:00", "subject": "0", "recorded-or-robo": "", "city": "Providence", "state": "RI", "area-code": "401"}, {"id": "490dde24b259add1335244cd1b004e94", "number": "9402544972", "date": "2020-11-17 09:16:00", "subject": "4", "recorded-or-robo": "Y", "city": "Bellaire", "state": "TX", "area-code": "832"}, {"id": "490dde24b259add1335244cd1b004105", "number": "8039482401", "date": "2021-01-26 10:08:00", "subject": "2", "recorded-or-robo": "Y", "city": "", "state": "SC", "area-code": "803"}, {"id": "490dde24b259add1335244cd1b003df2", "number": "3123348900", "date": "2021-01-26 09:13:00", "subject": "4", "recorded-or-robo": "", "city": "Little Rock", "state": "AR", "area-code": "312"}, {"id": "490dde24b259add1335244cd1b00332b", "number": "5123589769", "date": "2021-01-25 12:08:00", "subject": "5", "recorded-or-robo": "Y", "city": "Austin", "state": "TX", "area-code": "512"}, {"id": "490dde24b259add1335244cd1b0029b4", "number": "8882032421", "date": "2021-01-26 08:35:00", "subject": "3", "recorded-or-robo": "Y", "city": "Hickory", "state": "NC", "area-code": "828"}, {"id": "490dde24b259add1335244cd1b001a41", "number": "9737228183", "date": "2021-01-25 15:27:00", "subject": "3", "recorded-or-robo": "Y", "city": "", "state": "NJ", "area-code": "973"}, {"id": "490dde24b259add1335244cd1b0011ad", "number": "4138003547", "date": "2021-01-25 18:21:00", "subject": "5", "recorded-or-robo": "Y", "city": "Lowell", "state": "MA", "area-code": "978"}, {"id": "490dde24b259add1335244cd1b000a90", "number": "4782498097", "date": "2021-01-26 10:12:00", "subject": "4", "recorded-or-robo": "Y", "city": "Toccoa", "state": "GA", "area-code": "404"}, {"id": "3decc6bfadaa436a105714c6bafff7e2", "number": "7347627927", "date": "2021-01-19 09:20:00", "subject": "6", "recorded-or-robo": "Y", "city": "Livonia", "state": "MI", "area-code": "833"}, {"id": "3decc6bfadaa436a105714c6baffeb03", "number": "", "date": "2021-01-26 10:10:00", "subject": "2", "recorded-or-robo": "Y", "city": "gallitzin", "state": "PA", "area-code": "814"}, {"id": "3decc6bfadaa436a105714c6baffe9e1", "number": "033959624", "date": "2021-01-26 10:15:00", "subject": "16", "recorded-or-robo": "Y", "city": "", "state": "VA", "area-code": "703"}, {"id": "3decc6bfadaa436a105714c6baffe705", "number": "8029920652", "date": "2021-01-26 10:14:00", "subject": "4", "recorded-or-robo": "Y", "city": "Woodstock", "state": "VT", "area-code": "802"}, {"id": "3decc6bfadaa436a105714c6baffdf23", "number": "3308765555", "date": "2021-01-26 10:10:00", "subject": "2", "recorded-or-robo": "Y", "city": "", "state": "PA", "area-code": "724"}, {"id": "3decc6bfadaa436a105714c6baffdbc7", "number": "8002408151", "date": "2021-01-24 10:52:00", "subject": "4", "recorded-or-robo": "Y", "city": "Beavercreek", "state": "OH", "area-code": "937"}, {"id": "3decc6bfadaa436a105714c6baffd757", "number": "6235822292", "date": "2021-01-26 08:12:00", "subject": "1", "recorded-or-robo": "Y", "city": "Tolleson", "state": "AZ", "area-code": "623"}, {"id": "3decc6bfadaa436a105714c6baffc923", "number": "6626548561", "date": "2021-01-26 09:13:00", "subject": "3", "recorded-or-robo": "Y", "city": "Memphis", "state": "TN", "area-code": "662"}, {"id": "3decc6bfadaa436a105714c6baffbd92", "number": "6153499172", "date": "2021-01-26 09:14:00", "subject": "5", "recorded-or-robo": "Y", "city": "", "state": "TN", "area-code": "615"}, {"id": "3decc6bfadaa436a105714c6baffb382", "number": "4058395223", "date": "2021-01-25 15:00:00", "subject": "3", "recorded-or-robo": "Y", "city": "", "state": "CO", "area-code": "720"}, {"id": "3decc6bfadaa436a105714c6baffb025", "number": "4108266218", "date": "2021-01-20 15:57:00", "subject": "2", "recorded-or-robo": "Y", "city": "DeBary", "state": "FL", "area-code": "301"}, {"id": "3decc6bfadaa436a105714c6baffa532", "number": "5165582885", "date": "2021-01-26 10:11:00", "subject": "4", "recorded-or-robo": "Y", "city": "", "state": "NY", "area-code": "516"}, {"id": "3decc6bfadaa436a105714c6baff9c64", "number": "7279400636", "date": "2021-01-26 10:12:00", "subject": "4", "recorded-or-robo": "Y", "city": "safety harbor", "state": "FL", "area-code": "727"}, {"id": "3decc6bfadaa436a105714c6baff9358", "number": "5138292800", "date": "2021-01-26 10:12:00", "subject": "0", "recorded-or-robo": "Y", "city": "Xenia", "state": "OH", "area-code": "937"}, {"id": "3decc6bfadaa436a105714c6baff8f24", "number": "9493533227", "date": "2021-01-26 07:10:00", "subject": "2", "recorded-or-robo": "Y", "city": "Fullerton", "state": "CA", "area-code": "949"}, {"id": "3decc6bfadaa436a105714c6baff8610", "number": "8722041907", "date": "2021-01-22 13:16:00", "subject": "1", "recorded-or-robo": "Y", "city": "OREGON, IL", "state": "IL", "area-code": "815"}, {"id": "3decc6bfadaa436a105714c6baff820c", "number": "9737227664", "date": "2021-01-25 14:03:00", "subject": "3", "recorded-or-robo": "Y", "city": "", "state": "NJ", "area-code": "973"}, {"id": "3decc6bfadaa436a105714c6baff7ba4", "number": "8475510482", "date": "2021-01-20 15:51:00", "subject": "0", "recorded-or-robo": "", "city": "Geneva", "state": "IL", "area-code": "847"}, {"id": "3decc6bfadaa436a105714c6baff74d2", "number": "6305341476", "date": "2021-01-26 09:13:00", "subject": "0", "recorded-or-robo": "Y", "city": "", "state": "IL", "area-code": "630"}, {"id": "3decc6bfadaa436a105714c6baff6629", "number": "3308765555", "date": "2021-01-26 09:59:00", "subject": "2", "recorded-or-robo": "Y", "city": "", "state": "PA", "area-code": "724"}, {"id": "3decc6bfadaa436a105714c6baff5a44", "number": "9084548047", "date": "2021-01-25 17:34:00", "subject": "7", "recorded-or-robo": "Y", "city": "Little Falls", "state": "NJ", "area-code": "201"}, {"id": "3decc6bfadaa436a105714c6baff4d7d", "number": "312251092318", "date": "2021-01-26 07:56:00", "subject": "1", "recorded-or-robo": "Y", "city": "Chicago", "state": "IL", "area-code": "312"}, {"id": "3decc6bfadaa436a105714c6baff4367", "number": "4048732407", "date": "2021-01-25 17:18:00", "subject": "4", "recorded-or-robo": "Y", "city": "Fleming Island", "state": "FL", "area-code": "404"}, {"id": "3decc6bfadaa436a105714c6baff388f", "number": "9047474139", "date": "2021-01-26 10:09:00", "subject": "4", "recorded-or-robo": "Y", "city": "Orlando", "state": "FL", "area-code": "813"}, {"id": "3decc6bfadaa436a105714c6baff3637", "number": "9369781748", "date": "2021-01-26 09:13:00", "subject": "6", "recorded-or-robo": "Y", "city": "MONTGOMERY", "state": "TX", "area-code": "936"}, {"id": "3decc6bfadaa436a105714c6baff2d42", "number": "2334620", "date": "2021-01-26 09:11:00", "subject": "1", "recorded-or-robo": "Y", "city": "Memphis", "state": "TN", "area-code": "901"}, {"id": "3decc6bfadaa436a105714c6baff2360", "number": "2014645855", "date": "2021-01-25 14:12:00", "subject": "1", "recorded-or-robo": "Y", "city": "Raymore", "state": "MO", "area-code": "201"}, {"id": "3decc6bfadaa436a105714c6baff1e1d", "number": "5123589769", "date": "2021-01-25 09:42:00", "subject": "5", "recorded-or-robo": "Y", "city": "Austin", "state": "TX", "area-code": "512"}, {"id": "3decc6bfadaa436a105714c6baff1762", "number": "9203017386", "date": "2021-01-26 09:08:00", "subject": "2", "recorded-or-robo": "Y", "city": "", "state": "TN", "area-code": "423"}, {"id": "3decc6bfadaa436a105714c6baff1632", "number": "9042182595", "date": "2021-01-26 10:00:00", "subject": "7", "recorded-or-robo": "N", "city": "Ponte Vedra Beach", "state": "FL", "area-code": "904"}, {"id": "3decc6bfadaa436a105714c6baff09e9", "number": "126093847001142", "date": "2021-01-26 09:38:00", "subject": "2", "recorded-or-robo": "N", "city": "Inman", "state": "SC", "area-code": "864"}, {"id": "3decc6bfadaa436a105714c6bafefd63", "number": "4083359779", "date": "2021-01-26 07:00:00", "subject": "2", "recorded-or-robo": "Y", "city": "", "state": "CA", "area-code": "714"}, {"id": "3decc6bfadaa436a105714c6bafeee12", "number": "8475510482", "date": "2021-01-20 12:22:00", "subject": "0", "recorded-or-robo": "", "city": "Geneva", "state": "IL", "area-code": "847"}, {"id": "3decc6bfadaa436a105714c6bafee3fb", "number": "7244566489", "date": "2021-01-26 09:53:00", "subject": "2", "recorded-or-robo": "Y", "city": "", "state": "PA", "area-code": "724"}, {"id": "3decc6bfadaa436a105714c6bafedde2", "number": "3049133065", "date": "2021-01-26 09:47:00", "subject": "2", "recorded-or-robo": "Y", "city": "Grand Rapids", "state": "MI", "area-code": "616"}, {"id": "3decc6bfadaa436a105714c6bafece78", "number": "6467677581", "date": "2021-01-26 10:11:00", "subject": "3", "recorded-or-robo": "Y", "city": "", "state": "NY", "area-code": "212"}, {"id": "3decc6bfadaa436a105714c6bafec53d", "number": "7242427762", "date": "2021-01-26 10:10:00", "subject": "4", "recorded-or-robo": "Y", "city": "Little Falls", "state": "NJ", "area-code": "201"}, {"id": "3decc6bfadaa436a105714c6bafebe7e", "number": "2106034301", "date": "2021-01-25 11:43:00", "subject": "1", "recorded-or-robo": "Y", "city": "Colorado Springs", "state": "TX", "area-code": "210"}, {"id": "3decc6bfadaa436a105714c6bafeaf3a", "number": "4086682673", "date": "2021-01-26 10:01:00", "subject": "6", "recorded-or-robo": "N", "city": "Manchester", "state": "NH", "area-code": "603"}, {"id": "3decc6bfadaa436a105714c6bafea5d5", "number": "3202875953", "date": "2021-01-26 09:06:00", "subject": "6", "recorded-or-robo": "N", "city": "Brainerd", "state": "MN", "area-code": "218"}]}