{"data": [{"id": "03e293b3df9e35eadf15c5611942d418", "number": "5037739415", "date": "2021-01-23 18:31:00", "subject": "0", "recorded-or-robo": "Y", "city": "Salem", "state": "OR", "area-code": "503"}, {"id": "3decc6bfadaa436a105714c6baac8fdf", "number": "9738692833", "date": "2021-01-24 10:56:00", "subject": "0", "recorded-or-robo": "Y", "city": "KENDALL PARK", "state": "NJ", "area-code": "973"}, {"id": "03e293b3df9e35eadf15c5611942d0a5", "number": "9738692833", "date": "2021-01-24 10:56:00", "subject": "0", "recorded-or-robo": "Y", "city": "KENDALL PARK", "state": "NJ", "area-code": "973"}, {"id": "3decc6bfadaa436a105714c6baac81aa", "number": "9842336212", "date": "2021-01-20 16:45:00", "subject": "6", "recorded-or-robo": "Y", "city": "", "state": "TX", "area-code": "806"}, {"id": "03e293b3df9e35eadf15c5611942cd85", "number": "9842336212", "date": "2021-01-20 16:45:00", "subject": "6", "recorded-or-robo": "Y", "city": "", "state": "TX", "area-code": "806"}, {"id": "3decc6bfadaa436a105714c6baac7a97", "number": "8132451642", "date": "2021-01-24 11:30:00", "subject": "11", "recorded-or-robo": "Y", "city": "TAMPA", "state": "FL", "area-code": "813"}, {"id": "03e293b3df9e35eadf15c5611942bef4", "number": "8132451642", "date": "2021-01-24 11:30:00", "subject": "11", "recorded-or-robo": "Y", "city": "TAMPA", "state": "FL", "area-code": "813"}, {"id": "3decc6bfadaa436a105714c6baac7a23", "number": "4094033502", "date": "2021-01-21 15:08:00", "subject": "2", "recorded-or-robo": "Y", "city": "Beaumont", "state": "TX", "area-code": "409"}, {"id": "03e293b3df9e35eadf15c5611942b49f", "number": "4094033502", "date": "2021-01-21 15:08:00", "subject": "2", "recorded-or-robo": "Y", "city": "Beaumont", "state": "TX", "area-code": "409"}, {"id": "3decc6bfadaa436a105714c6baac6a4f", "number": "6015506402", "date": "2021-01-24 13:16:00", "subject": "2", "recorded-or-robo": "Y", "city": "Flowood", "state": "MS", "area-code": "601"}, {"id": "03e293b3df9e35eadf15c5611942a85e", "number": "6015506402", "date": "2021-01-24 13:16:00", "subject": "2", "recorded-or-robo": "Y", "city": "Flowood", "state": "MS", "area-code": "601"}, {"id": "3decc6bfadaa436a105714c6baac612f", "number": "2625362678", "date": "2021-01-24 12:01:00", "subject": "1", "recorded-or-robo": "Y", "city": "el pso", "state": "TX", "area-code": "915"}, {"id": "03e293b3df9e35eadf15c5611942a67d", "number": "2625362678", "date": "2021-01-24 12:01:00", "subject": "1", "recorded-or-robo": "Y", "city": "el pso", "state": "TX", "area-code": "915"}, {"id": "3decc6bfadaa436a105714c6baac2556", "number": "2017543148", "date": "2020-09-29 10:37:00", "subject": "3", "recorded-or-robo": "", "city": "", "state": "NJ", "area-code": "201"}, {"id": "03e293b3df9e35eadf15c56119425d0b", "number": "2017543148", "date": "2020-09-29 10:37:00", "subject": "3", "recorded-or-robo": "", "city": "", "state": "NJ", "area-code": "201"}, {"id": "3decc6bfadaa436a105714c6baac53a6", "number": "3373888047", "date": "2021-01-04 16:57:00", "subject": "2", "recorded-or-robo": "Y", "city": "", "state": "FL", "area-code": "813"}, {"id": "03e293b3df9e35eadf15c5611942a3f5", "number": "3373888047", "date": "2021-01-04 16:57:00", "subject": "2", "recorded-or-robo": "Y", "city": "", "state": "FL", "area-code": "813"}, {"id": "3decc6bfadaa436a105714c6baac5345", "number": "3152328257", "date": "2021-01-24 11:47:00", "subject": "3", "recorded-or-robo": "Y", "city": "", "state": "FL", "area-code": "813"}, {"id": "03e293b3df9e35eadf15c56119429f22", "number": "3152328257", "date": "2021-01-24 11:47:00", "subject": "3", "recorded-or-robo": "Y", "city": "", "state": "FL", "area-code": "813"}, {"id": "3decc6bfadaa436a105714c6baac4b07", "number": "", "date": "2021-01-20 10:48:00", "subject": "4", "recorded-or-robo": "Y", "city": "Camp Hill", "state": "PA", "area-code": "717"}, {"id": "03e293b3df9e35eadf15c56119429cbd", "number": "", "date": "2021-01-20 10:48:00", "subject": "4", "recorded-or-robo": "Y", "city": "Camp Hill", "state": "PA", "area-code": "717"}, {"id": "3decc6bfadaa436a105714c6baac4455", "number": "9402946535", "date": "2021-01-21 14:44:00", "subject": "2", "recorded-or-robo": "Y", "city": "", "state": "MN", "area-code": "507"}, {"id": "03e293b3df9e35eadf15c561194292e2", "number": "9402946535", "date": "2021-01-21 14:44:00", "subject": "2", "recorded-or-robo": "Y", "city": "", "state": "MN", "area-code": "507"}, {"id": "3decc6bfadaa436a105714c6baac3a20", "number": "2402934829", "date": "2021-01-22 14:49:00", "subject": "2", "recorded-or-robo": "Y", "city": "", "state": "MD", "area-code": "240"}, {"id": "03e293b3df9e35eadf15c56119428864", "number": "2402934829", "date": "2021-01-22 14:49:00", "subject": "2", "recorded-or-robo": "Y", "city": "", "state": "MD", "area-code": "240"}, {"id": "3decc6bfadaa436a105714c6baac34d5", "number": "4094295504", "date": "2020-12-17 00:00:00", "subject": "2", "recorded-or-robo": "N", "city": "", "state": "CA", "area-code": "530"}, {"id": "03e293b3df9e35eadf15c56119428000", "number": "4094295504", "date": "2020-12-17 00:00:00", "subject": "2", "recorded-or-robo": "N", "city": "", "state": "CA", "area-code": "530"}, {"id": "3decc6bfadaa436a105714c6baac332d", "number": "6095987185", "date": "2021-01-21 11:01:00", "subject": "2", "recorded-or-robo": "Y", "city": "santa rosa", "state": "CA", "area-code": "707"}, {"id": "03e293b3df9e35eadf15c56119427375", "number": "6095987185", "date": "2021-01-21 11:01:00", "subject": "2", "recorded-or-robo": "Y", "city": "santa rosa", "state": "CA", "area-code": "707"}, {"id": "3decc6bfadaa436a105714c6baac30ae", "number": "2819731834", "date": "2021-01-22 11:19:00", "subject": "2", "recorded-or-robo": "Y", "city": "Beaumont", "state": "TX", "area-code": "409"}, {"id": "03e293b3df9e35eadf15c56119426a5a", "number": "2819731834", "date": "2021-01-22 11:19:00", "subject": "2", "recorded-or-robo": "Y", "city": "Beaumont", "state": "TX", "area-code": "409"}, {"id": "3decc6bfadaa436a105714c6baac2bae", "number": "", "date": "2021-01-14 10:01:00", "subject": "4", "recorded-or-robo": "Y", "city": "", "state": "CA", "area-code": "562"}, {"id": "03e293b3df9e35eadf15c56119425e34", "number": "", "date": "2021-01-14 10:01:00", "subject": "4", "recorded-or-robo": "Y", "city": "", "state": "CA", "area-code": "562"}, {"id": "3decc6bfadaa436a105714c6baac1b51", "number": "7865049911", "date": "2021-01-23 17:00:00", "subject": "2", "recorded-or-robo": "Y", "city": "Bear Creek Township", "state": "PA", "area-code": "570"}, {"id": "03e293b3df9e35eadf15c56119425afc", "number": "7865049911", "date": "2021-01-23 17:00:00", "subject": "2", "recorded-or-robo": "Y", "city": "Bear Creek Township", "state": "PA", "area-code": "570"}, {"id": "3decc6bfadaa436a105714c6baac1020", "number": "7275272513", "date": "2021-01-24 01:57:00", "subject": "2", "recorded-or-robo": "N", "city": "Saint Petersburg", "state": "FL", "area-code": "727"}, {"id": "03e293b3df9e35eadf15c56119425882", "number": "7275272513", "date": "2021-01-24 01:57:00", "subject": "2", "recorded-or-robo": "N", "city": "Saint Petersburg", "state": "FL", "area-code": "727"}, {"id": "3decc6bfadaa436a105714c6baac0f27", "number": "5594713416", "date": "2021-01-22 15:09:00", "subject": "3", "recorded-or-robo": "Y", "city": "FREMONT", "state": "CA", "area-code": "510"}, {"id": "03e293b3df9e35eadf15c56119424f09", "number": "5594713416", "date": "2021-01-22 15:09:00", "subject": "3", "recorded-or-robo": "Y", "city": "FREMONT", "state": "CA", "area-code": "510"}, {"id": "3decc6bfadaa436a105714c6baabeaf0", "number": "8557191599", "date": "2021-01-24 12:10:00", "subject": "3", "recorded-or-robo": "N", "city": "", "state": "IL", "area-code": "217"}, {"id": "03e293b3df9e35eadf15c561194225c7", "number": "8557191599", "date": "2021-01-24 12:10:00", "subject": "3", "recorded-or-robo": "N", "city": "", "state": "IL", "area-code": "217"}, {"id": "3decc6bfadaa436a105714c6baac05da", "number": "3735853", "date": "2021-01-20 10:36:00", "subject": "2", "recorded-or-robo": "Y", "city": "Reedsport", "state": "OR", "area-code": "541"}, {"id": "3decc6bfadaa436a105714c6baabfd5c", "number": "6612993914", "date": "2020-12-17 09:00:00", "subject": "2", "recorded-or-robo": "N", "city": "", "state": "CA", "area-code": "530"}, {"id": "03e293b3df9e35eadf15c56119424471", "number": "3735853", "date": "2021-01-20 10:36:00", "subject": "2", "recorded-or-robo": "Y", "city": "Reedsport", "state": "OR", "area-code": "541"}, {"id": "03e293b3df9e35eadf15c561194240d9", "number": "6612993914", "date": "2020-12-17 09:00:00", "subject": "2", "recorded-or-robo": "N", "city": "", "state": "CA", "area-code": "530"}, {"id": "3decc6bfadaa436a105714c6baabf37d", "number": "9203016313", "date": "2021-01-13 15:07:00", "subject": "2", "recorded-or-robo": "Y", "city": "", "state": "FL", "area-code": "813"}, {"id": "03e293b3df9e35eadf15c5611942350d", "number": "9203016313", "date": "2021-01-13 15:07:00", "subject": "2", "recorded-or-robo": "Y", "city": "", "state": "FL", "area-code": "813"}, {"id": "3decc6bfadaa436a105714c6baabeba7", "number": "4092198120", "date": "2021-01-22 17:49:00", "subject": "2", "recorded-or-robo": "Y", "city": "Beaumont", "state": "TX", "area-code": "409"}, {"id": "03e293b3df9e35eadf15c56119422d11", "number": "4092198120", "date": "2021-01-22 17:49:00", "subject": "2", "recorded-or-robo": "Y", "city": "Beaumont", "state": "TX", "area-code": "409"}, {"id": "3decc6bfadaa436a105714c6baabe87b", "number": "4754554052", "date": "2021-01-08 14:13:00", "subject": "2", "recorded-or-robo": "N", "city": "", "state": "FL", "area-code": "813"}]}