{"data": [{"id": "03e293b3df9e35eadf15c561196afdf7", "number": "6152015463", "date": "2021-01-22 13:19:00", "subject": "6", "recorded-or-robo": "N", "city": "Oliver Springs", "state": "TN", "area-code": "865"}, {"id": "3decc6bfadaa436a105714c6bad49fe0", "number": "3023817079", "date": "2021-01-24 00:00:00", "subject": "3", "recorded-or-robo": "N", "city": "", "state": "CA", "area-code": "916"}, {"id": "03e293b3df9e35eadf15c561196ab0aa", "number": "3023817079", "date": "2021-01-24 00:00:00", "subject": "3", "recorded-or-robo": "N", "city": "", "state": "CA", "area-code": "916"}, {"id": "3decc6bfadaa436a105714c6bad4b8a3", "number": "3019607038", "date": "2021-01-19 11:03:00", "subject": "3", "recorded-or-robo": "", "city": "", "state": "MD", "area-code": "301"}, {"id": "03e293b3df9e35eadf15c561196acf8d", "number": "3019607038", "date": "2021-01-19 11:03:00", "subject": "3", "recorded-or-robo": "", "city": "", "state": "MD", "area-code": "301"}, {"id": "3decc6bfadaa436a105714c6bad4cee2", "number": "1419299157", "date": "2021-01-20 11:50:00", "subject": "4", "recorded-or-robo": "Y", "city": "Oregon", "state": "OH", "area-code": "419"}, {"id": "03e293b3df9e35eadf15c561196af38e", "number": "1419299157", "date": "2021-01-20 11:50:00", "subject": "4", "recorded-or-robo": "Y", "city": "Oregon", "state": "OH", "area-code": "419"}, {"id": "3decc6bfadaa436a105714c6bad4c51d", "number": "5204670603", "date": "2021-01-23 14:55:00", "subject": "0", "recorded-or-robo": "Y", "city": "Tucson", "state": "AZ", "area-code": "520"}, {"id": "03e293b3df9e35eadf15c561196aebe7", "number": "5204670603", "date": "2021-01-23 14:55:00", "subject": "0", "recorded-or-robo": "Y", "city": "Tucson", "state": "AZ", "area-code": "520"}, {"id": "3decc6bfadaa436a105714c6bad4c387", "number": "5092333975", "date": "2021-01-20 13:56:00", "subject": "3", "recorded-or-robo": "N", "city": "", "state": "WA", "area-code": "509"}, {"id": "03e293b3df9e35eadf15c561196adc8b", "number": "5092333975", "date": "2021-01-20 13:56:00", "subject": "3", "recorded-or-robo": "N", "city": "", "state": "WA", "area-code": "509"}, {"id": "3decc6bfadaa436a105714c6bad4c335", "number": "8652475748", "date": "2021-01-21 16:44:00", "subject": "4", "recorded-or-robo": "Y", "city": "Oliver Springs", "state": "TN", "area-code": "865"}, {"id": "03e293b3df9e35eadf15c561196ada4f", "number": "8652475748", "date": "2021-01-21 16:44:00", "subject": "4", "recorded-or-robo": "Y", "city": "Oliver Springs", "state": "TN", "area-code": "865"}, {"id": "3decc6bfadaa436a105714c6bad4b14b", "number": "9042997124", "date": "2021-01-19 14:42:00", "subject": "0", "recorded-or-robo": "N", "city": "Trinity", "state": "FL", "area-code": "727"}, {"id": "3decc6bfadaa436a105714c6bad4a459", "number": "5092339033", "date": "2021-01-24 15:57:00", "subject": "2", "recorded-or-robo": "Y", "city": "", "state": "WA", "area-code": "509"}, {"id": "03e293b3df9e35eadf15c561196ac8f3", "number": "9042997124", "date": "2021-01-19 14:42:00", "subject": "0", "recorded-or-robo": "N", "city": "Trinity", "state": "FL", "area-code": "727"}, {"id": "03e293b3df9e35eadf15c561196abd76", "number": "5092339033", "date": "2021-01-24 15:57:00", "subject": "2", "recorded-or-robo": "Y", "city": "", "state": "WA", "area-code": "509"}, {"id": "3decc6bfadaa436a105714c6bad4972b", "number": "5092335971", "date": "2021-01-24 16:03:00", "subject": "2", "recorded-or-robo": "Y", "city": "", "state": "WA", "area-code": "509"}, {"id": "03e293b3df9e35eadf15c561196aa260", "number": "5092335971", "date": "2021-01-24 16:03:00", "subject": "2", "recorded-or-robo": "Y", "city": "", "state": "WA", "area-code": "509"}, {"id": "3decc6bfadaa436a105714c6bad48f9a", "number": "", "date": "2021-01-24 12:00:00", "subject": "2", "recorded-or-robo": "Y", "city": "Memphis", "state": "MO", "area-code": "660"}, {"id": "03e293b3df9e35eadf15c561196a92f2", "number": "", "date": "2021-01-24 12:00:00", "subject": "2", "recorded-or-robo": "Y", "city": "Memphis", "state": "MO", "area-code": "660"}, {"id": "3decc6bfadaa436a105714c6bad48936", "number": "5092332807", "date": "2021-01-24 16:10:00", "subject": "2", "recorded-or-robo": "Y", "city": "", "state": "WA", "area-code": "509"}, {"id": "03e293b3df9e35eadf15c561196a8911", "number": "5092332807", "date": "2021-01-24 16:10:00", "subject": "2", "recorded-or-robo": "Y", "city": "", "state": "WA", "area-code": "509"}, {"id": "3decc6bfadaa436a105714c6bad47fa2", "number": "7179541579", "date": "2021-01-19 16:00:00", "subject": "3", "recorded-or-robo": "", "city": "", "state": "MD", "area-code": "301"}, {"id": "03e293b3df9e35eadf15c561196a7ff3", "number": "7179541579", "date": "2021-01-19 16:00:00", "subject": "3", "recorded-or-robo": "", "city": "", "state": "MD", "area-code": "301"}, {"id": "3decc6bfadaa436a105714c6bad476e2", "number": "5092336929", "date": "2021-01-24 16:22:00", "subject": "2", "recorded-or-robo": "Y", "city": "", "state": "WA", "area-code": "509"}, {"id": "03e293b3df9e35eadf15c561196a7b62", "number": "5092336929", "date": "2021-01-24 16:22:00", "subject": "2", "recorded-or-robo": "Y", "city": "", "state": "WA", "area-code": "509"}, {"id": "3decc6bfadaa436a105714c6bad46caf", "number": "7274537890", "date": "2021-01-19 14:07:00", "subject": "0", "recorded-or-robo": "N", "city": "Trinity", "state": "FL", "area-code": "727"}, {"id": "03e293b3df9e35eadf15c561196a6cda", "number": "7274537890", "date": "2021-01-19 14:07:00", "subject": "0", "recorded-or-robo": "N", "city": "Trinity", "state": "FL", "area-code": "727"}, {"id": "3decc6bfadaa436a105714c6bad463a8", "number": "7273184167", "date": "2021-01-19 13:17:00", "subject": "0", "recorded-or-robo": "N", "city": "Trinity", "state": "FL", "area-code": "727"}, {"id": "03e293b3df9e35eadf15c561196a625c", "number": "7273184167", "date": "2021-01-19 13:17:00", "subject": "0", "recorded-or-robo": "N", "city": "Trinity", "state": "FL", "area-code": "727"}, {"id": "3decc6bfadaa436a105714c6bad4638a", "number": "5099326190", "date": "2021-01-04 08:20:00", "subject": "11", "recorded-or-robo": "N", "city": "St. John", "state": "WA", "area-code": "509"}, {"id": "03e293b3df9e35eadf15c561196a5f74", "number": "5099326190", "date": "2021-01-04 08:20:00", "subject": "11", "recorded-or-robo": "N", "city": "St. John", "state": "WA", "area-code": "509"}, {"id": "3decc6bfadaa436a105714c6bad45b70", "number": "5092332411", "date": "2021-01-24 16:29:00", "subject": "2", "recorded-or-robo": "Y", "city": "", "state": "WA", "area-code": "509"}, {"id": "03e293b3df9e35eadf15c561196a510d", "number": "5092332411", "date": "2021-01-24 16:29:00", "subject": "2", "recorded-or-robo": "Y", "city": "", "state": "WA", "area-code": "509"}, {"id": "3decc6bfadaa436a105714c6bad423ae", "number": "", "date": "2021-01-24 00:00:00", "subject": "3", "recorded-or-robo": "N", "city": "", "state": "CA", "area-code": "916"}, {"id": "03e293b3df9e35eadf15c561196a309d", "number": "", "date": "2021-01-24 00:00:00", "subject": "3", "recorded-or-robo": "N", "city": "", "state": "CA", "area-code": "916"}, {"id": "3decc6bfadaa436a105714c6bad45448", "number": "5092336929", "date": "2021-01-24 16:22:00", "subject": "2", "recorded-or-robo": "Y", "city": "", "state": "WA", "area-code": "509"}, {"id": "03e293b3df9e35eadf15c561196a4bac", "number": "5092336929", "date": "2021-01-24 16:22:00", "subject": "2", "recorded-or-robo": "Y", "city": "", "state": "WA", "area-code": "509"}, {"id": "3decc6bfadaa436a105714c6bad44606", "number": "7194164640", "date": "2021-01-21 10:09:00", "subject": "1", "recorded-or-robo": "Y", "city": "", "state": "CO", "area-code": "719"}, {"id": "03e293b3df9e35eadf15c561196a487e", "number": "7194164640", "date": "2021-01-21 10:09:00", "subject": "1", "recorded-or-robo": "Y", "city": "", "state": "CO", "area-code": "719"}, {"id": "3decc6bfadaa436a105714c6bad40d82", "number": "3015477822", "date": "2021-01-20 17:22:00", "subject": "3", "recorded-or-robo": "", "city": "", "state": "MD", "area-code": "301"}, {"id": "03e293b3df9e35eadf15c561196a2471", "number": "3015477822", "date": "2021-01-20 17:22:00", "subject": "3", "recorded-or-robo": "", "city": "", "state": "MD", "area-code": "301"}, {"id": "3decc6bfadaa436a105714c6bad436ef", "number": "7272808121", "date": "2021-01-18 13:59:00", "subject": "0", "recorded-or-robo": "N", "city": "Trinity", "state": "FL", "area-code": "727"}, {"id": "03e293b3df9e35eadf15c561196a3bb5", "number": "7272808121", "date": "2021-01-18 13:59:00", "subject": "0", "recorded-or-robo": "N", "city": "Trinity", "state": "FL", "area-code": "727"}, {"id": "3decc6bfadaa436a105714c6bad427fe", "number": "7604834668", "date": "2021-01-24 00:00:00", "subject": "3", "recorded-or-robo": "Y", "city": "", "state": "NY", "area-code": "917"}, {"id": "03e293b3df9e35eadf15c561196a317e", "number": "7604834668", "date": "2021-01-24 00:00:00", "subject": "3", "recorded-or-robo": "Y", "city": "", "state": "NY", "area-code": "917"}, {"id": "3decc6bfadaa436a105714c6bad41b06", "number": "5092332411", "date": "2021-01-24 16:29:00", "subject": "2", "recorded-or-robo": "Y", "city": "", "state": "WA", "area-code": "509"}, {"id": "03e293b3df9e35eadf15c561196a2d3f", "number": "5092332411", "date": "2021-01-24 16:29:00", "subject": "2", "recorded-or-robo": "Y", "city": "", "state": "WA", "area-code": "509"}, {"id": "3decc6bfadaa436a105714c6bad41214", "number": "8882804331", "date": "2021-01-23 13:31:00", "subject": "1", "recorded-or-robo": "Y", "city": "", "state": "NY", "area-code": "718"}]}