{"data": [{"id": "1d36742e3f24f50e4e7ae82801c6b4d9", "number": "3158801231", "date": "2021-01-12 12:52:00", "subject": "3", "recorded-or-robo": "", "city": "dewitt", "state": "NY", "area-code": "315"}, {"id": "3decc6bfadaa436a105714c6ba2faf2f", "number": "5612705672", "date": "2021-01-22 18:54:00", "subject": "2", "recorded-or-robo": "Y", "city": "Virginia Bch", "state": "VA", "area-code": "757"}, {"id": "1d36742e3f24f50e4e7ae82801c6aa12", "number": "5612705672", "date": "2021-01-22 18:54:00", "subject": "2", "recorded-or-robo": "Y", "city": "Virginia Bch", "state": "VA", "area-code": "757"}, {"id": "3decc6bfadaa436a105714c6ba2fad75", "number": "5869386549", "date": "2021-01-23 13:49:00", "subject": "2", "recorded-or-robo": "N", "city": "Sterling Heights,", "state": "MI", "area-code": "586"}, {"id": "1d36742e3f24f50e4e7ae82801c69de7", "number": "5869386549", "date": "2021-01-23 13:49:00", "subject": "2", "recorded-or-robo": "N", "city": "Sterling Heights,", "state": "MI", "area-code": "586"}, {"id": "3decc6bfadaa436a105714c6ba2fa3a8", "number": "8003826903", "date": "2021-01-23 14:47:00", "subject": "0", "recorded-or-robo": "Y", "city": "Saint Paul", "state": "MN", "area-code": "651"}, {"id": "1d36742e3f24f50e4e7ae82801c69759", "number": "8003826903", "date": "2021-01-23 14:47:00", "subject": "0", "recorded-or-robo": "Y", "city": "Saint Paul", "state": "MN", "area-code": "651"}, {"id": "3decc6bfadaa436a105714c6ba2f948b", "number": "7192248524", "date": "2021-01-23 00:09:00", "subject": "6", "recorded-or-robo": "Y", "city": "rancho cuamonga", "state": "CA", "area-code": "719"}, {"id": "1d36742e3f24f50e4e7ae82801c68ae8", "number": "7192248524", "date": "2021-01-23 00:09:00", "subject": "6", "recorded-or-robo": "Y", "city": "rancho cuamonga", "state": "CA", "area-code": "719"}, {"id": "3decc6bfadaa436a105714c6ba2f8cd3", "number": "5182274260", "date": "2021-01-22 14:38:00", "subject": "2", "recorded-or-robo": "N", "city": "Rensselaer", "state": "NY", "area-code": "518"}, {"id": "1d36742e3f24f50e4e7ae82801c67bab", "number": "5182274260", "date": "2021-01-22 14:38:00", "subject": "2", "recorded-or-robo": "N", "city": "Rensselaer", "state": "NY", "area-code": "518"}, {"id": "3decc6bfadaa436a105714c6ba2f7f1a", "number": "3706500384", "date": "2021-01-22 21:14:00", "subject": "2", "recorded-or-robo": "Y", "city": "Janesville", "state": "WI", "area-code": "608"}, {"id": "1d36742e3f24f50e4e7ae82801c6717d", "number": "3706500384", "date": "2021-01-22 21:14:00", "subject": "2", "recorded-or-robo": "Y", "city": "Janesville", "state": "WI", "area-code": "608"}, {"id": "3decc6bfadaa436a105714c6ba7746fd", "number": "+12086863755", "date": "2021-01-23 15:57:40", "subject": "3", "recorded-or-robo": "Y", "city": "", "state": "NY", "area-code": "716"}, {"id": "03e293b3df9e35eadf15c561190dbee6", "number": "+12086863755", "date": "2021-01-23 15:57:40", "subject": "3", "recorded-or-robo": "Y", "city": "", "state": "NY", "area-code": "716"}, {"id": "3decc6bfadaa436a105714c6ba2f7169", "number": "8684677449", "date": "2021-01-22 05:22:00", "subject": "2", "recorded-or-robo": "Y", "city": "Waterloo", "state": "IA", "area-code": "319"}, {"id": "1d36742e3f24f50e4e7ae82801c66eca", "number": "8684677449", "date": "2021-01-22 05:22:00", "subject": "2", "recorded-or-robo": "Y", "city": "Waterloo", "state": "IA", "area-code": "319"}, {"id": "3decc6bfadaa436a105714c6ba2f6fd1", "number": "8559082525", "date": "2021-01-23 15:14:00", "subject": "2", "recorded-or-robo": "Y", "city": "Marion", "state": "NC", "area-code": "828"}, {"id": "1d36742e3f24f50e4e7ae82801c662ff", "number": "8559082525", "date": "2021-01-23 15:14:00", "subject": "2", "recorded-or-robo": "Y", "city": "Marion", "state": "NC", "area-code": "828"}, {"id": "3decc6bfadaa436a105714c6ba2f60b8", "number": "3157677686", "date": "2021-01-12 11:34:00", "subject": "3", "recorded-or-robo": "", "city": "dewitt", "state": "NY", "area-code": "315"}, {"id": "1d36742e3f24f50e4e7ae82801c66297", "number": "3157677686", "date": "2021-01-12 11:34:00", "subject": "3", "recorded-or-robo": "", "city": "dewitt", "state": "NY", "area-code": "315"}, {"id": "3decc6bfadaa436a105714c6ba2f5188", "number": "5869795392", "date": "2021-01-21 00:00:00", "subject": "11", "recorded-or-robo": "N", "city": "Madison Heights, Michigan 4807", "state": "MI", "area-code": "586"}, {"id": "1d36742e3f24f50e4e7ae82801c652ac", "number": "5869795392", "date": "2021-01-21 00:00:00", "subject": "11", "recorded-or-robo": "N", "city": "Madison Heights, Michigan 4807", "state": "MI", "area-code": "586"}, {"id": "3decc6bfadaa436a105714c6ba2f4ad5", "number": "8005861718", "date": "2021-01-23 12:00:00", "subject": "1", "recorded-or-robo": "Y", "city": "Brooklyn", "state": "NY", "area-code": "718"}, {"id": "1d36742e3f24f50e4e7ae82801c64691", "number": "8005861718", "date": "2021-01-23 12:00:00", "subject": "1", "recorded-or-robo": "Y", "city": "Brooklyn", "state": "NY", "area-code": "718"}, {"id": "3decc6bfadaa436a105714c6ba2f3b6c", "number": "7578900579", "date": "2021-01-22 09:18:00", "subject": "1", "recorded-or-robo": "Y", "city": "Virginia Bch", "state": "VA", "area-code": "757"}, {"id": "1d36742e3f24f50e4e7ae82801c63c6b", "number": "7578900579", "date": "2021-01-22 09:18:00", "subject": "1", "recorded-or-robo": "Y", "city": "Virginia Bch", "state": "VA", "area-code": "757"}, {"id": "3decc6bfadaa436a105714c6ba2f309b", "number": "5866159942", "date": "2021-01-23 15:21:00", "subject": "2", "recorded-or-robo": "Y", "city": "Sterling Heights,", "state": "MI", "area-code": "586"}, {"id": "1d36742e3f24f50e4e7ae82801c63413", "number": "5866159942", "date": "2021-01-23 15:21:00", "subject": "2", "recorded-or-robo": "Y", "city": "Sterling Heights,", "state": "MI", "area-code": "586"}, {"id": "3decc6bfadaa436a105714c6ba2f21c3", "number": "", "date": "2021-01-23 14:53:00", "subject": "2", "recorded-or-robo": "Y", "city": "", "state": "MN", "area-code": "612"}, {"id": "1d36742e3f24f50e4e7ae82801c632b2", "number": "", "date": "2021-01-23 14:53:00", "subject": "2", "recorded-or-robo": "Y", "city": "", "state": "MN", "area-code": "612"}, {"id": "3decc6bfadaa436a105714c6ba2f1fa9", "number": "3152328257", "date": "2021-01-23 10:00:00", "subject": "11", "recorded-or-robo": "Y", "city": "Zephyrhills", "state": "FL", "area-code": "813"}, {"id": "1d36742e3f24f50e4e7ae82801c6315e", "number": "3152328257", "date": "2021-01-23 10:00:00", "subject": "11", "recorded-or-robo": "Y", "city": "Zephyrhills", "state": "FL", "area-code": "813"}, {"id": "3decc6bfadaa436a105714c6ba2f1a2b", "number": "37065003840", "date": "2021-01-22 23:31:00", "subject": "2", "recorded-or-robo": "Y", "city": "Janesville", "state": "WI", "area-code": "608"}, {"id": "1d36742e3f24f50e4e7ae82801c62b5f", "number": "37065003840", "date": "2021-01-22 23:31:00", "subject": "2", "recorded-or-robo": "Y", "city": "Janesville", "state": "WI", "area-code": "608"}, {"id": "3decc6bfadaa436a105714c6ba2f0c8a", "number": "5402743935", "date": "2021-01-23 00:00:00", "subject": "4", "recorded-or-robo": "Y", "city": "", "state": "VA", "area-code": "540"}, {"id": "1d36742e3f24f50e4e7ae82801c61ea1", "number": "5402743935", "date": "2021-01-23 00:00:00", "subject": "4", "recorded-or-robo": "Y", "city": "", "state": "VA", "area-code": "540"}, {"id": "3decc6bfadaa436a105714c6ba2f0b85", "number": "9807371759", "date": "2021-01-23 12:52:00", "subject": "0", "recorded-or-robo": "N", "city": "seaside", "state": "OR", "area-code": "503"}, {"id": "1d36742e3f24f50e4e7ae82801c61b75", "number": "9807371759", "date": "2021-01-23 12:52:00", "subject": "0", "recorded-or-robo": "N", "city": "seaside", "state": "OR", "area-code": "503"}, {"id": "3decc6bfadaa436a105714c6ba2f02fd", "number": "2502441349", "date": "2021-01-21 16:01:00", "subject": "2", "recorded-or-robo": "Y", "city": "", "state": "AZ", "area-code": "520"}, {"id": "1d36742e3f24f50e4e7ae82801c60f2b", "number": "2502441349", "date": "2021-01-21 16:01:00", "subject": "2", "recorded-or-robo": "Y", "city": "", "state": "AZ", "area-code": "520"}, {"id": "3decc6bfadaa436a105714c6ba2ef445", "number": "4098994716", "date": "2021-01-23 14:30:00", "subject": "2", "recorded-or-robo": "Y", "city": "Beaumont", "state": "TX", "area-code": "409"}, {"id": "1d36742e3f24f50e4e7ae82801c60430", "number": "4098994716", "date": "2021-01-23 14:30:00", "subject": "2", "recorded-or-robo": "Y", "city": "Beaumont", "state": "TX", "area-code": "409"}, {"id": "3decc6bfadaa436a105714c6ba2eeb03", "number": "4097192052", "date": "2021-01-23 14:54:00", "subject": "1", "recorded-or-robo": "Y", "city": "Port Arthur", "state": "TX", "area-code": "409"}, {"id": "1d36742e3f24f50e4e7ae82801c5f45f", "number": "4097192052", "date": "2021-01-23 14:54:00", "subject": "1", "recorded-or-robo": "Y", "city": "Port Arthur", "state": "TX", "area-code": "409"}, {"id": "3decc6bfadaa436a105714c6ba774084", "number": "3039579292", "date": "2021-01-23 15:55:33", "subject": "3", "recorded-or-robo": "Y", "city": "", "state": "FL", "area-code": "941"}, {"id": "03e293b3df9e35eadf15c561190dafbb", "number": "3039579292", "date": "2021-01-23 15:55:33", "subject": "3", "recorded-or-robo": "Y", "city": "", "state": "FL", "area-code": "941"}, {"id": "3decc6bfadaa436a105714c6ba773917", "number": "3039579292", "date": "2021-01-23 15:55:32", "subject": "3", "recorded-or-robo": "Y", "city": "", "state": "FL", "area-code": "941"}, {"id": "03e293b3df9e35eadf15c561190da793", "number": "3039579292", "date": "2021-01-23 15:55:32", "subject": "3", "recorded-or-robo": "Y", "city": "", "state": "FL", "area-code": "941"}, {"id": "3decc6bfadaa436a105714c6ba2ee047", "number": "3852477752", "date": "2021-01-23 12:54:00", "subject": "2", "recorded-or-robo": "Y", "city": "", "state": "WA", "area-code": "425"}]}