{"data": [{"id": "03e293b3df9e35eadf15c561194b8e67", "number": "8763776138", "date": "2021-01-24 14:37:00", "subject": "13", "recorded-or-robo": "Y", "city": "Grant", "state": "AL", "area-code": "256"}, {"id": "3decc6bfadaa436a105714c6bab5369c", "number": "2566497320", "date": "2021-01-24 13:45:00", "subject": "3", "recorded-or-robo": "Y", "city": "", "state": "UT", "area-code": "801"}, {"id": "03e293b3df9e35eadf15c561194b8b47", "number": "2566497320", "date": "2021-01-24 13:45:00", "subject": "3", "recorded-or-robo": "Y", "city": "", "state": "UT", "area-code": "801"}, {"id": "3decc6bfadaa436a105714c6bab529f9", "number": "6073548070", "date": "2021-01-04 16:21:00", "subject": "5", "recorded-or-robo": "Y", "city": "Herndon", "state": "NY", "area-code": "607"}, {"id": "03e293b3df9e35eadf15c561194b86a5", "number": "6073548070", "date": "2021-01-04 16:21:00", "subject": "5", "recorded-or-robo": "Y", "city": "Herndon", "state": "NY", "area-code": "607"}, {"id": "3decc6bfadaa436a105714c6bab52543", "number": "5306629259", "date": "2021-01-19 13:55:00", "subject": "2", "recorded-or-robo": "N", "city": "", "state": "CA", "area-code": "530"}, {"id": "03e293b3df9e35eadf15c561194b8247", "number": "5306629259", "date": "2021-01-19 13:55:00", "subject": "2", "recorded-or-robo": "N", "city": "", "state": "CA", "area-code": "530"}, {"id": "3decc6bfadaa436a105714c6bab52159", "number": "3152328527", "date": "2021-01-03 08:01:00", "subject": "11", "recorded-or-robo": "Y", "city": "", "state": "MO", "area-code": "314"}, {"id": "03e293b3df9e35eadf15c561194b77fd", "number": "3152328527", "date": "2021-01-03 08:01:00", "subject": "11", "recorded-or-robo": "Y", "city": "", "state": "MO", "area-code": "314"}, {"id": "3decc6bfadaa436a105714c6bab516f6", "number": "6079485843", "date": "2021-01-06 17:24:00", "subject": "5", "recorded-or-robo": "Y", "city": "Herndon", "state": "NY", "area-code": "607"}, {"id": "03e293b3df9e35eadf15c561194b72e6", "number": "6079485843", "date": "2021-01-06 17:24:00", "subject": "5", "recorded-or-robo": "Y", "city": "Herndon", "state": "NY", "area-code": "607"}, {"id": "3decc6bfadaa436a105714c6bab51475", "number": "6072109373", "date": "2021-01-20 12:00:00", "subject": "5", "recorded-or-robo": "Y", "city": "Herndon", "state": "VA", "area-code": "607"}, {"id": "03e293b3df9e35eadf15c561194b6f2e", "number": "6072109373", "date": "2021-01-20 12:00:00", "subject": "5", "recorded-or-robo": "Y", "city": "Herndon", "state": "VA", "area-code": "607"}, {"id": "3decc6bfadaa436a105714c6bab507cf", "number": "3154129554", "date": "2021-01-22 15:15:00", "subject": "4", "recorded-or-robo": "Y", "city": "willseyville", "state": "NY", "area-code": "315"}, {"id": "03e293b3df9e35eadf15c561194b6e89", "number": "3154129554", "date": "2021-01-22 15:15:00", "subject": "4", "recorded-or-robo": "Y", "city": "willseyville", "state": "NY", "area-code": "315"}, {"id": "3decc6bfadaa436a105714c6bab4ff61", "number": "", "date": "2021-01-22 10:15:00", "subject": "1", "recorded-or-robo": "Y", "city": "", "state": "IL", "area-code": "217"}, {"id": "03e293b3df9e35eadf15c561194b696e", "number": "", "date": "2021-01-22 10:15:00", "subject": "1", "recorded-or-robo": "Y", "city": "", "state": "IL", "area-code": "217"}, {"id": "3decc6bfadaa436a105714c6bab4f522", "number": "8509604801", "date": "2021-01-24 15:00:00", "subject": "11", "recorded-or-robo": "Y", "city": "ODESSA", "state": "FL", "area-code": "850"}, {"id": "03e293b3df9e35eadf15c561194b5fac", "number": "8509604801", "date": "2021-01-24 15:00:00", "subject": "11", "recorded-or-robo": "Y", "city": "ODESSA", "state": "FL", "area-code": "850"}, {"id": "3decc6bfadaa436a105714c6bab4ed04", "number": "6812015484", "date": "2021-01-22 16:19:00", "subject": "5", "recorded-or-robo": "Y", "city": "Colorado Springs", "state": "CO", "area-code": "719"}, {"id": "03e293b3df9e35eadf15c561194b5745", "number": "6812015484", "date": "2021-01-22 16:19:00", "subject": "5", "recorded-or-robo": "Y", "city": "Colorado Springs", "state": "CO", "area-code": "719"}, {"id": "3decc6bfadaa436a105714c6bab4eac8", "number": "5561202198", "date": "2021-01-24 03:45:00", "subject": "2", "recorded-or-robo": "", "city": "", "state": "SD", "area-code": "605"}, {"id": "03e293b3df9e35eadf15c561194b542f", "number": "5561202198", "date": "2021-01-24 03:45:00", "subject": "2", "recorded-or-robo": "", "city": "", "state": "SD", "area-code": "605"}, {"id": "3decc6bfadaa436a105714c6bab4de82", "number": "3177484787", "date": "2021-01-16 17:24:00", "subject": "1", "recorded-or-robo": "Y", "city": "Indianapolis", "state": "IN", "area-code": "317"}, {"id": "03e293b3df9e35eadf15c561194b5405", "number": "3177484787", "date": "2021-01-16 17:24:00", "subject": "1", "recorded-or-robo": "Y", "city": "Indianapolis", "state": "IN", "area-code": "317"}, {"id": "3decc6bfadaa436a105714c6bab4d4eb", "number": "8801700741870", "date": "2021-01-23 13:06:00", "subject": "1", "recorded-or-robo": "Y", "city": "FERGUSON", "state": "MO", "area-code": "314"}, {"id": "03e293b3df9e35eadf15c561194b497e", "number": "8801700741870", "date": "2021-01-23 13:06:00", "subject": "1", "recorded-or-robo": "Y", "city": "FERGUSON", "state": "MO", "area-code": "314"}, {"id": "3decc6bfadaa436a105714c6bab4ca12", "number": "01242021", "date": "2021-01-24 14:30:00", "subject": "1", "recorded-or-robo": "Y", "city": "Fayette", "state": "MO", "area-code": "660"}, {"id": "03e293b3df9e35eadf15c561194b3a87", "number": "01242021", "date": "2021-01-24 14:30:00", "subject": "1", "recorded-or-robo": "Y", "city": "Fayette", "state": "MO", "area-code": "660"}, {"id": "3decc6bfadaa436a105714c6bab4c2d2", "number": "7275777815", "date": "2021-01-24 12:00:00", "subject": "1", "recorded-or-robo": "Y", "city": "Saint Petersburg", "state": "FL", "area-code": "727"}, {"id": "03e293b3df9e35eadf15c561194b3a45", "number": "7275777815", "date": "2021-01-24 12:00:00", "subject": "1", "recorded-or-robo": "Y", "city": "Saint Petersburg", "state": "FL", "area-code": "727"}, {"id": "3decc6bfadaa436a105714c6bab4bbb2", "number": "3177483924", "date": "2021-01-16 17:16:00", "subject": "1", "recorded-or-robo": "Y", "city": "Indianapolis", "state": "IN", "area-code": "317"}, {"id": "03e293b3df9e35eadf15c561194b38ca", "number": "3177483924", "date": "2021-01-16 17:16:00", "subject": "1", "recorded-or-robo": "Y", "city": "Indianapolis", "state": "IN", "area-code": "317"}, {"id": "3decc6bfadaa436a105714c6bab4b34b", "number": "3022625820", "date": "2021-01-24 15:34:00", "subject": "2", "recorded-or-robo": "N", "city": "Newark", "state": "DE", "area-code": "302"}, {"id": "03e293b3df9e35eadf15c561194b3289", "number": "3022625820", "date": "2021-01-24 15:34:00", "subject": "2", "recorded-or-robo": "N", "city": "Newark", "state": "DE", "area-code": "302"}, {"id": "3decc6bfadaa436a105714c6bab4aaa9", "number": "6269002435", "date": "2021-01-23 17:53:00", "subject": "1", "recorded-or-robo": "Y", "city": "Conway", "state": "SC", "area-code": "843"}, {"id": "03e293b3df9e35eadf15c561194b3070", "number": "6269002435", "date": "2021-01-23 17:53:00", "subject": "1", "recorded-or-robo": "Y", "city": "Conway", "state": "SC", "area-code": "843"}, {"id": "3decc6bfadaa436a105714c6bab4a236", "number": "", "date": "2021-01-23 13:45:00", "subject": "2", "recorded-or-robo": "N", "city": "", "state": "FL", "area-code": "813"}, {"id": "03e293b3df9e35eadf15c561194b2251", "number": "", "date": "2021-01-23 13:45:00", "subject": "2", "recorded-or-robo": "N", "city": "", "state": "FL", "area-code": "813"}, {"id": "3decc6bfadaa436a105714c6bab4978f", "number": "2232015264", "date": "2021-01-23 20:27:00", "subject": "2", "recorded-or-robo": "N", "city": "", "state": "PA", "area-code": "814"}, {"id": "03e293b3df9e35eadf15c561194b1962", "number": "2232015264", "date": "2021-01-23 20:27:00", "subject": "2", "recorded-or-robo": "N", "city": "", "state": "PA", "area-code": "814"}, {"id": "3decc6bfadaa436a105714c6bab4709b", "number": "6892233943", "date": "2021-01-24 15:36:00", "subject": "3", "recorded-or-robo": "", "city": "", "state": "WV", "area-code": "304"}, {"id": "03e293b3df9e35eadf15c561194ae0b6", "number": "6892233943", "date": "2021-01-24 15:36:00", "subject": "3", "recorded-or-robo": "", "city": "", "state": "WV", "area-code": "304"}, {"id": "3decc6bfadaa436a105714c6bab48e65", "number": "3013290464", "date": "2021-01-20 11:20:00", "subject": "2", "recorded-or-robo": "Y", "city": "", "state": "MD", "area-code": "301"}, {"id": "03e293b3df9e35eadf15c561194b096a", "number": "3013290464", "date": "2021-01-20 11:20:00", "subject": "2", "recorded-or-robo": "Y", "city": "", "state": "MD", "area-code": "301"}, {"id": "3decc6bfadaa436a105714c6bab486b0", "number": "5402990365", "date": "2021-01-24 03:35:00", "subject": "2", "recorded-or-robo": "Y", "city": "", "state": "VA", "area-code": "703"}, {"id": "03e293b3df9e35eadf15c561194b033b", "number": "5402990365", "date": "2021-01-24 03:35:00", "subject": "2", "recorded-or-robo": "Y", "city": "", "state": "VA", "area-code": "703"}, {"id": "3decc6bfadaa436a105714c6bab47d2a", "number": "2567728860", "date": "2021-01-24 14:33:00", "subject": "2", "recorded-or-robo": "N", "city": "", "state": "IA", "area-code": "515"}, {"id": "03e293b3df9e35eadf15c561194af9f9", "number": "2567728860", "date": "2021-01-24 14:33:00", "subject": "2", "recorded-or-robo": "N", "city": "", "state": "IA", "area-code": "515"}, {"id": "3decc6bfadaa436a105714c6bab47940", "number": "5098847148", "date": "2021-01-24 09:29:00", "subject": "2", "recorded-or-robo": "Y", "city": "East Wenatchee", "state": "WA", "area-code": "509"}]}