{"data": [{"id": "03e293b3df9e35eadf15c561190cec70", "number": "8179784248", "date": "2021-01-23 15:30:11", "subject": "3", "recorded-or-robo": "Y", "city": "", "state": "TX", "area-code": "817"}, {"id": "3decc6bfadaa436a105714c6ba28b04a", "number": "6463264439", "date": "2021-01-23 13:39:00", "subject": "2", "recorded-or-robo": "Y", "city": "Topeka", "state": "KS", "area-code": "785"}, {"id": "1d36742e3f24f50e4e7ae82801c02011", "number": "6463264439", "date": "2021-01-23 13:39:00", "subject": "2", "recorded-or-robo": "Y", "city": "Topeka", "state": "KS", "area-code": "785"}, {"id": "3decc6bfadaa436a105714c6ba28a8d4", "number": "8137823738", "date": "2021-01-23 12:01:00", "subject": "11", "recorded-or-robo": "Y", "city": "Dade City", "state": "FL", "area-code": "813"}, {"id": "1d36742e3f24f50e4e7ae82801c01f68", "number": "8137823738", "date": "2021-01-23 12:01:00", "subject": "11", "recorded-or-robo": "Y", "city": "Dade City", "state": "FL", "area-code": "813"}, {"id": "3decc6bfadaa436a105714c6ba289a90", "number": "2064798186", "date": "2021-01-23 12:23:00", "subject": "2", "recorded-or-robo": "N", "city": "lynnwood", "state": "WA", "area-code": "425"}, {"id": "1d36742e3f24f50e4e7ae82801c01204", "number": "2064798186", "date": "2021-01-23 12:23:00", "subject": "2", "recorded-or-robo": "N", "city": "lynnwood", "state": "WA", "area-code": "425"}, {"id": "3decc6bfadaa436a105714c6ba288f67", "number": "37064517870", "date": "2021-01-23 13:55:00", "subject": "2", "recorded-or-robo": "N", "city": "Nevada", "state": "IA", "area-code": "515"}, {"id": "1d36742e3f24f50e4e7ae82801c00f3c", "number": "37064517870", "date": "2021-01-23 13:55:00", "subject": "2", "recorded-or-robo": "N", "city": "Nevada", "state": "IA", "area-code": "515"}, {"id": "3decc6bfadaa436a105714c6ba288cbf", "number": "243891170382", "date": "2021-01-19 06:19:00", "subject": "2", "recorded-or-robo": "Y", "city": "Waterloo", "state": "IA", "area-code": "319"}, {"id": "1d36742e3f24f50e4e7ae82801c00522", "number": "243891170382", "date": "2021-01-19 06:19:00", "subject": "2", "recorded-or-robo": "Y", "city": "Waterloo", "state": "IA", "area-code": "319"}, {"id": "3decc6bfadaa436a105714c6ba288756", "number": "8137808775", "date": "2021-01-23 15:18:00", "subject": "11", "recorded-or-robo": "Y", "city": "Zephyrhills", "state": "FL", "area-code": "813"}, {"id": "1d36742e3f24f50e4e7ae82801c00115", "number": "8137808775", "date": "2021-01-23 15:18:00", "subject": "11", "recorded-or-robo": "Y", "city": "Zephyrhills", "state": "FL", "area-code": "813"}, {"id": "3decc6bfadaa436a105714c6ba2886e4", "number": "", "date": "2021-01-23 13:58:00", "subject": "1", "recorded-or-robo": "Y", "city": "Saint Marys", "state": "OH", "area-code": "419"}, {"id": "1d36742e3f24f50e4e7ae82801bff174", "number": "", "date": "2021-01-23 13:58:00", "subject": "1", "recorded-or-robo": "Y", "city": "Saint Marys", "state": "OH", "area-code": "419"}, {"id": "3decc6bfadaa436a105714c6ba2882bc", "number": "6077251603", "date": "2021-01-23 13:51:00", "subject": "3", "recorded-or-robo": "Y", "city": "binghamton", "state": "NY", "area-code": "607"}, {"id": "3decc6bfadaa436a105714c6ba287a80", "number": "", "date": "2021-01-13 10:30:00", "subject": "2", "recorded-or-robo": "Y", "city": "Channing", "state": "TX", "area-code": "806"}, {"id": "3decc6bfadaa436a105714c6ba286df9", "number": "7146026383", "date": "2021-01-22 15:20:00", "subject": "7", "recorded-or-robo": "Y", "city": "Henderson", "state": "NV", "area-code": "714"}, {"id": "1d36742e3f24f50e4e7ae82801bfe6bf", "number": "6077251603", "date": "2021-01-23 13:51:00", "subject": "3", "recorded-or-robo": "Y", "city": "binghamton", "state": "NY", "area-code": "607"}, {"id": "1d36742e3f24f50e4e7ae82801bfe084", "number": "", "date": "2021-01-13 10:30:00", "subject": "2", "recorded-or-robo": "Y", "city": "Channing", "state": "TX", "area-code": "806"}, {"id": "1d36742e3f24f50e4e7ae82801bfd284", "number": "7146026383", "date": "2021-01-22 15:20:00", "subject": "7", "recorded-or-robo": "Y", "city": "Henderson", "state": "NV", "area-code": "714"}, {"id": "3decc6bfadaa436a105714c6ba286c9f", "number": "224628293270", "date": "2021-01-23 13:57:00", "subject": "2", "recorded-or-robo": "N", "city": "Nevada", "state": "IA", "area-code": "515"}, {"id": "1d36742e3f24f50e4e7ae82801bfcc29", "number": "224628293270", "date": "2021-01-23 13:57:00", "subject": "2", "recorded-or-robo": "N", "city": "Nevada", "state": "IA", "area-code": "515"}, {"id": "3decc6bfadaa436a105714c6ba286c9c", "number": "6617123946", "date": "2021-01-21 11:56:00", "subject": "2", "recorded-or-robo": "N", "city": "", "state": "CA", "area-code": "661"}, {"id": "1d36742e3f24f50e4e7ae82801bfbf63", "number": "6617123946", "date": "2021-01-21 11:56:00", "subject": "2", "recorded-or-robo": "N", "city": "", "state": "CA", "area-code": "661"}, {"id": "3decc6bfadaa436a105714c6ba2860be", "number": "6505927876", "date": "2021-01-22 14:49:00", "subject": "1", "recorded-or-robo": "Y", "city": "", "state": "CA", "area-code": "650"}, {"id": "1d36742e3f24f50e4e7ae82801bfbdbb", "number": "6505927876", "date": "2021-01-22 14:49:00", "subject": "1", "recorded-or-robo": "Y", "city": "", "state": "CA", "area-code": "650"}, {"id": "3decc6bfadaa436a105714c6ba285291", "number": "6503627927", "date": "2021-01-21 13:41:00", "subject": "2", "recorded-or-robo": "N", "city": "", "state": "CA", "area-code": "661"}, {"id": "1d36742e3f24f50e4e7ae82801bfb784", "number": "6503627927", "date": "2021-01-21 13:41:00", "subject": "2", "recorded-or-robo": "N", "city": "", "state": "CA", "area-code": "661"}, {"id": "3decc6bfadaa436a105714c6ba874e75", "number": "", "date": "2021-01-23 00:00:00", "subject": "3", "recorded-or-robo": "", "city": "", "state": "MI", "area-code": "989"}, {"id": "03e293b3df9e35eadf15c561191ddbb0", "number": "", "date": "2021-01-23 00:00:00", "subject": "3", "recorded-or-robo": "", "city": "", "state": "MI", "area-code": "989"}, {"id": "3decc6bfadaa436a105714c6ba284e4f", "number": "7752512880", "date": "2021-01-23 11:39:00", "subject": "2", "recorded-or-robo": "", "city": "", "state": "CA", "area-code": "714"}, {"id": "1d36742e3f24f50e4e7ae82801bfb552", "number": "7752512880", "date": "2021-01-23 11:39:00", "subject": "2", "recorded-or-robo": "", "city": "", "state": "CA", "area-code": "714"}, {"id": "3decc6bfadaa436a105714c6ba283ede", "number": "", "date": "2021-01-22 18:32:00", "subject": "1", "recorded-or-robo": "Y", "city": "Imperial", "state": "MO", "area-code": "314"}, {"id": "1d36742e3f24f50e4e7ae82801bfb24f", "number": "", "date": "2021-01-22 18:32:00", "subject": "1", "recorded-or-robo": "Y", "city": "Imperial", "state": "MO", "area-code": "314"}, {"id": "3decc6bfadaa436a105714c6ba7652a2", "number": "8662507212", "date": "2021-01-23 15:27:39", "subject": "3", "recorded-or-robo": "Y", "city": "", "state": "VA", "area-code": "804"}, {"id": "03e293b3df9e35eadf15c561190cb065", "number": "8662507212", "date": "2021-01-23 15:27:39", "subject": "3", "recorded-or-robo": "Y", "city": "", "state": "VA", "area-code": "804"}, {"id": "3decc6bfadaa436a105714c6ba283c0d", "number": "", "date": "2021-01-23 14:29:00", "subject": "3", "recorded-or-robo": "Y", "city": "", "state": "IL", "area-code": "630"}, {"id": "1d36742e3f24f50e4e7ae82801bfaa3c", "number": "", "date": "2021-01-23 14:29:00", "subject": "3", "recorded-or-robo": "Y", "city": "", "state": "IL", "area-code": "630"}, {"id": "3decc6bfadaa436a105714c6ba28394a", "number": "224628293475", "date": "2021-01-23 14:00:00", "subject": "2", "recorded-or-robo": "Y", "city": "Nevada", "state": "IA", "area-code": "515"}, {"id": "1d36742e3f24f50e4e7ae82801bfa0f9", "number": "224628293475", "date": "2021-01-23 14:00:00", "subject": "2", "recorded-or-robo": "Y", "city": "Nevada", "state": "IA", "area-code": "515"}, {"id": "3decc6bfadaa436a105714c6ba2833a4", "number": "6614526538", "date": "2021-01-21 13:57:00", "subject": "2", "recorded-or-robo": "N", "city": "", "state": "CA", "area-code": "661"}, {"id": "1d36742e3f24f50e4e7ae82801bf9ad6", "number": "6614526538", "date": "2021-01-21 13:57:00", "subject": "2", "recorded-or-robo": "N", "city": "", "state": "CA", "area-code": "661"}, {"id": "3decc6bfadaa436a105714c6ba282d69", "number": "5183624871", "date": "2021-01-23 15:23:00", "subject": "3", "recorded-or-robo": "Y", "city": "", "state": "NY", "area-code": "718"}, {"id": "1d36742e3f24f50e4e7ae82801bf9247", "number": "5183624871", "date": "2021-01-23 15:23:00", "subject": "3", "recorded-or-robo": "Y", "city": "", "state": "NY", "area-code": "718"}, {"id": "3decc6bfadaa436a105714c6ba282d3e", "number": "4232051010", "date": "2021-01-18 12:16:00", "subject": "2", "recorded-or-robo": "Y", "city": "Waterloo", "state": "IA", "area-code": "319"}, {"id": "1d36742e3f24f50e4e7ae82801bf8c04", "number": "4232051010", "date": "2021-01-18 12:16:00", "subject": "2", "recorded-or-robo": "Y", "city": "Waterloo", "state": "IA", "area-code": "319"}, {"id": "3decc6bfadaa436a105714c6ba2829a9", "number": "6363096080", "date": "2021-01-22 01:00:00", "subject": "6", "recorded-or-robo": "Y", "city": "De Soto", "state": "MO", "area-code": "636"}, {"id": "1d36742e3f24f50e4e7ae82801bf7d5c", "number": "6363096080", "date": "2021-01-22 01:00:00", "subject": "6", "recorded-or-robo": "Y", "city": "De Soto", "state": "MO", "area-code": "636"}, {"id": "3decc6bfadaa436a105714c6ba281e35", "number": "6614020215", "date": "2021-01-22 08:47:00", "subject": "2", "recorded-or-robo": "N", "city": "", "state": "CA", "area-code": "661"}]}