{"data": [{"id": "1d36742e3f24f50e4e7ae828019deb6e", "number": "3608456824", "date": "2021-01-23 09:52:00", "subject": "15", "recorded-or-robo": "Y", "city": "Greenbank", "state": "WA", "area-code": "360"}, {"id": "3decc6bfadaa436a105714c6ba068c5f", "number": "8007992722", "date": "2021-01-23 11:34:00", "subject": "2", "recorded-or-robo": "N", "city": "", "state": "NE", "area-code": "402"}, {"id": "1d36742e3f24f50e4e7ae828019de343", "number": "8007992722", "date": "2021-01-23 11:34:00", "subject": "2", "recorded-or-robo": "N", "city": "", "state": "NE", "area-code": "402"}, {"id": "3decc6bfadaa436a105714c6ba068906", "number": "8059643388", "date": "2021-01-23 10:01:00", "subject": "2", "recorded-or-robo": "N", "city": "Santa Barbara", "state": "CA", "area-code": "805"}, {"id": "1d36742e3f24f50e4e7ae828019dd6c9", "number": "8059643388", "date": "2021-01-23 10:01:00", "subject": "2", "recorded-or-robo": "N", "city": "Santa Barbara", "state": "CA", "area-code": "805"}, {"id": "3decc6bfadaa436a105714c6ba068770", "number": "6787580305", "date": "2021-01-23 13:05:00", "subject": "1", "recorded-or-robo": "Y", "city": "Norcross", "state": "GA", "area-code": "678"}, {"id": "1d36742e3f24f50e4e7ae828019dd218", "number": "6787580305", "date": "2021-01-23 13:05:00", "subject": "1", "recorded-or-robo": "Y", "city": "Norcross", "state": "GA", "area-code": "678"}, {"id": "3decc6bfadaa436a105714c6ba068295", "number": "3865061723", "date": "2021-01-14 12:39:00", "subject": "2", "recorded-or-robo": "Y", "city": "Sebastian", "state": "FL", "area-code": "678"}, {"id": "1d36742e3f24f50e4e7ae828019dd15a", "number": "3865061723", "date": "2021-01-14 12:39:00", "subject": "2", "recorded-or-robo": "Y", "city": "Sebastian", "state": "FL", "area-code": "678"}, {"id": "3decc6bfadaa436a105714c6ba062b45", "number": "", "date": "2020-01-01 08:09:00", "subject": "3", "recorded-or-robo": "", "city": "", "state": "AL", "area-code": "205"}, {"id": "1d36742e3f24f50e4e7ae828019da4c9", "number": "", "date": "2020-01-01 08:09:00", "subject": "3", "recorded-or-robo": "", "city": "", "state": "AL", "area-code": "205"}, {"id": "3decc6bfadaa436a105714c6ba067832", "number": "7207900697", "date": "2021-01-20 10:13:00", "subject": "2", "recorded-or-robo": "N", "city": "", "state": "CO", "area-code": "720"}, {"id": "1d36742e3f24f50e4e7ae828019dc234", "number": "7207900697", "date": "2021-01-20 10:13:00", "subject": "2", "recorded-or-robo": "N", "city": "", "state": "CO", "area-code": "720"}, {"id": "3decc6bfadaa436a105714c6ba0674a2", "number": "2036360881", "date": "2021-01-23 10:51:00", "subject": "2", "recorded-or-robo": "", "city": "", "state": "CT", "area-code": "203"}, {"id": "1d36742e3f24f50e4e7ae828019dc18b", "number": "2036360881", "date": "2021-01-23 10:51:00", "subject": "2", "recorded-or-robo": "", "city": "", "state": "CT", "area-code": "203"}, {"id": "3decc6bfadaa436a105714c6ba0670ed", "number": "4055613489", "date": "2021-01-22 12:40:00", "subject": "4", "recorded-or-robo": "Y", "city": "", "state": "TX", "area-code": "325"}, {"id": "1d36742e3f24f50e4e7ae828019db9a6", "number": "4055613489", "date": "2021-01-22 12:40:00", "subject": "4", "recorded-or-robo": "Y", "city": "", "state": "TX", "area-code": "325"}, {"id": "3decc6bfadaa436a105714c6ba0668fe", "number": "8637328604", "date": "2021-01-22 14:14:00", "subject": "0", "recorded-or-robo": "Y", "city": "", "state": "WA", "area-code": "509"}, {"id": "1d36742e3f24f50e4e7ae828019daf06", "number": "8637328604", "date": "2021-01-22 14:14:00", "subject": "0", "recorded-or-robo": "Y", "city": "", "state": "WA", "area-code": "509"}, {"id": "3decc6bfadaa436a105714c6ba065b77", "number": "6787851347", "date": "2021-01-15 13:35:00", "subject": "2", "recorded-or-robo": "Y", "city": "Sebastian", "state": "FL", "area-code": "678"}, {"id": "1d36742e3f24f50e4e7ae828019dab18", "number": "6787851347", "date": "2021-01-15 13:35:00", "subject": "2", "recorded-or-robo": "Y", "city": "Sebastian", "state": "FL", "area-code": "678"}, {"id": "3decc6bfadaa436a105714c6ba064ed6", "number": "4025516557", "date": "2021-01-22 12:34:00", "subject": "2", "recorded-or-robo": "N", "city": "", "state": "NE", "area-code": "402"}, {"id": "1d36742e3f24f50e4e7ae828019da8f7", "number": "4025516557", "date": "2021-01-22 12:34:00", "subject": "2", "recorded-or-robo": "N", "city": "", "state": "NE", "area-code": "402"}, {"id": "3decc6bfadaa436a105714c6ba064b48", "number": "8598323523", "date": "2021-01-23 13:00:00", "subject": "4", "recorded-or-robo": "N", "city": "Cary", "state": "NC", "area-code": "919"}, {"id": "1d36742e3f24f50e4e7ae828019da857", "number": "8598323523", "date": "2021-01-23 13:00:00", "subject": "4", "recorded-or-robo": "N", "city": "Cary", "state": "NC", "area-code": "919"}, {"id": "3decc6bfadaa436a105714c6ba063e90", "number": "9706884902", "date": "2021-01-19 17:57:00", "subject": "1", "recorded-or-robo": "Y", "city": "", "state": "CO", "area-code": "303"}, {"id": "1d36742e3f24f50e4e7ae828019da82d", "number": "9706884902", "date": "2021-01-19 17:57:00", "subject": "1", "recorded-or-robo": "Y", "city": "", "state": "CO", "area-code": "303"}, {"id": "3decc6bfadaa436a105714c6ba57eaa2", "number": "", "date": "2021-01-23 13:13:00", "subject": "3", "recorded-or-robo": "Y", "city": "", "state": "NY", "area-code": "716"}, {"id": "1d36742e3f24f50e4e7ae82801ee428a", "number": "", "date": "2021-01-23 13:13:00", "subject": "3", "recorded-or-robo": "Y", "city": "", "state": "NY", "area-code": "716"}, {"id": "3decc6bfadaa436a105714c6ba06372a", "number": "9546767827", "date": "2021-01-23 12:01:00", "subject": "0", "recorded-or-robo": "Y", "city": "Saint Paul", "state": "MN", "area-code": "651"}, {"id": "1d36742e3f24f50e4e7ae828019da7ea", "number": "9546767827", "date": "2021-01-23 12:01:00", "subject": "0", "recorded-or-robo": "Y", "city": "Saint Paul", "state": "MN", "area-code": "651"}, {"id": "3decc6bfadaa436a105714c6ba061e59", "number": "3018827890", "date": "2021-01-23 13:08:00", "subject": "1", "recorded-or-robo": "Y", "city": "Laytonsville", "state": "MD", "area-code": "301"}, {"id": "1d36742e3f24f50e4e7ae828019d9cd4", "number": "3018827890", "date": "2021-01-23 13:08:00", "subject": "1", "recorded-or-robo": "Y", "city": "Laytonsville", "state": "MD", "area-code": "301"}, {"id": "3decc6bfadaa436a105714c6ba06116e", "number": "8599101733", "date": "2021-01-23 12:08:00", "subject": "4", "recorded-or-robo": "Y", "city": "Austin", "state": "TX", "area-code": "859"}, {"id": "3decc6bfadaa436a105714c6ba0608ad", "number": "6784230265", "date": "2021-01-18 11:37:00", "subject": "2", "recorded-or-robo": "Y", "city": "Sebastian", "state": "FL", "area-code": "678"}, {"id": "1d36742e3f24f50e4e7ae828019d9623", "number": "8599101733", "date": "2021-01-23 12:08:00", "subject": "4", "recorded-or-robo": "Y", "city": "Austin", "state": "TX", "area-code": "859"}, {"id": "1d36742e3f24f50e4e7ae828019d8cb3", "number": "6784230265", "date": "2021-01-18 11:37:00", "subject": "2", "recorded-or-robo": "Y", "city": "Sebastian", "state": "FL", "area-code": "678"}, {"id": "3decc6bfadaa436a105714c6ba05fd0e", "number": "8126870021", "date": "2021-01-23 12:05:00", "subject": "1", "recorded-or-robo": "Y", "city": "Gainesville", "state": "TX", "area-code": "940"}, {"id": "1d36742e3f24f50e4e7ae828019d8bce", "number": "8126870021", "date": "2021-01-23 12:05:00", "subject": "1", "recorded-or-robo": "Y", "city": "Gainesville", "state": "TX", "area-code": "940"}, {"id": "3decc6bfadaa436a105714c6ba05f1e4", "number": "6602004719", "date": "2021-01-23 12:05:00", "subject": "2", "recorded-or-robo": "Y", "city": "Butler", "state": "MO", "area-code": "660"}, {"id": "1d36742e3f24f50e4e7ae828019d7bf8", "number": "6602004719", "date": "2021-01-23 12:05:00", "subject": "2", "recorded-or-robo": "Y", "city": "Butler", "state": "MO", "area-code": "660"}, {"id": "3decc6bfadaa436a105714c6ba05e299", "number": "7329177068", "date": "2021-01-23 13:05:00", "subject": "4", "recorded-or-robo": "Y", "city": "", "state": "NJ", "area-code": "732"}, {"id": "3decc6bfadaa436a105714c6ba05d5cd", "number": "1", "date": "2021-01-23 12:33:00", "subject": "1", "recorded-or-robo": "Y", "city": "NEW PORT RICHEY", "state": "FL", "area-code": "727"}, {"id": "1d36742e3f24f50e4e7ae828019d7574", "number": "7329177068", "date": "2021-01-23 13:05:00", "subject": "4", "recorded-or-robo": "Y", "city": "", "state": "NJ", "area-code": "732"}, {"id": "1d36742e3f24f50e4e7ae828019d658a", "number": "1", "date": "2021-01-23 12:33:00", "subject": "1", "recorded-or-robo": "Y", "city": "NEW PORT RICHEY", "state": "FL", "area-code": "727"}, {"id": "3decc6bfadaa436a105714c6ba05cccc", "number": "", "date": "2021-01-23 12:56:00", "subject": "2", "recorded-or-robo": "Y", "city": "Rincon", "state": "GA", "area-code": "912"}, {"id": "1d36742e3f24f50e4e7ae828019d5673", "number": "", "date": "2021-01-23 12:56:00", "subject": "2", "recorded-or-robo": "Y", "city": "Rincon", "state": "GA", "area-code": "912"}, {"id": "3decc6bfadaa436a105714c6ba05c22d", "number": "7209000841", "date": "2021-01-20 09:39:00", "subject": "2", "recorded-or-robo": "N", "city": "", "state": "CO", "area-code": "720"}, {"id": "1d36742e3f24f50e4e7ae828019d4f0f", "number": "7209000841", "date": "2021-01-20 09:39:00", "subject": "2", "recorded-or-robo": "N", "city": "", "state": "CO", "area-code": "720"}, {"id": "3decc6bfadaa436a105714c6ba05b2f7", "number": "2292017537", "date": "2021-01-18 14:59:00", "subject": "3", "recorded-or-robo": "Y", "city": "Sebastian", "state": "FL", "area-code": "678"}]}