{"data": [{"id": "03e293b3df9e35eadf15c5611957dc7a", "number": "5803244386", "date": "2021-01-22 15:04:00", "subject": "2", "recorded-or-robo": "", "city": "Hasbrouck Heights", "state": "NJ", "area-code": "201"}, {"id": "3decc6bfadaa436a105714c6bac1704e", "number": "4149405649", "date": "2021-01-24 15:29:00", "subject": "1", "recorded-or-robo": "Y", "city": "Menomonee Falls", "state": "WI", "area-code": "414"}, {"id": "03e293b3df9e35eadf15c5611957cd51", "number": "4149405649", "date": "2021-01-24 15:29:00", "subject": "1", "recorded-or-robo": "Y", "city": "Menomonee Falls", "state": "WI", "area-code": "414"}, {"id": "3decc6bfadaa436a105714c6bac1686c", "number": "6233031635", "date": "2021-01-24 17:30:00", "subject": "12", "recorded-or-robo": "Y", "city": "Franklin", "state": "MA", "area-code": "623"}, {"id": "03e293b3df9e35eadf15c5611957c297", "number": "6233031635", "date": "2021-01-24 17:30:00", "subject": "12", "recorded-or-robo": "Y", "city": "Franklin", "state": "MA", "area-code": "623"}, {"id": "3decc6bfadaa436a105714c6bac1629a", "number": "2012429477", "date": "2021-01-22 15:34:00", "subject": "2", "recorded-or-robo": "", "city": "Hasbrouck Heights", "state": "NJ", "area-code": "201"}, {"id": "03e293b3df9e35eadf15c5611957bba4", "number": "2012429477", "date": "2021-01-22 15:34:00", "subject": "2", "recorded-or-robo": "", "city": "Hasbrouck Heights", "state": "NJ", "area-code": "201"}, {"id": "3decc6bfadaa436a105714c6bac1593f", "number": "3343123285", "date": "2021-01-24 16:43:00", "subject": "1", "recorded-or-robo": "Y", "city": "Saint Petersburg", "state": "AL", "area-code": "334"}, {"id": "03e293b3df9e35eadf15c5611957b700", "number": "3343123285", "date": "2021-01-24 16:43:00", "subject": "1", "recorded-or-robo": "Y", "city": "Saint Petersburg", "state": "AL", "area-code": "334"}, {"id": "3decc6bfadaa436a105714c6bac14c64", "number": "3108307280", "date": "2021-01-24 00:00:00", "subject": "3", "recorded-or-robo": "", "city": "", "state": "CA", "area-code": "310"}, {"id": "03e293b3df9e35eadf15c5611957ab53", "number": "3108307280", "date": "2021-01-24 00:00:00", "subject": "3", "recorded-or-robo": "", "city": "", "state": "CA", "area-code": "310"}, {"id": "3decc6bfadaa436a105714c6bac14532", "number": "2019982527", "date": "2021-01-22 17:32:00", "subject": "2", "recorded-or-robo": "", "city": "Hasbrouck Heights", "state": "NJ", "area-code": "201"}, {"id": "03e293b3df9e35eadf15c5611957a8ae", "number": "2019982527", "date": "2021-01-22 17:32:00", "subject": "2", "recorded-or-robo": "", "city": "Hasbrouck Heights", "state": "NJ", "area-code": "201"}, {"id": "3decc6bfadaa436a105714c6bac143ad", "number": "3152328257", "date": "2021-01-24 00:00:00", "subject": "11", "recorded-or-robo": "Y", "city": "St Petersburg", "state": "FL", "area-code": "304"}, {"id": "03e293b3df9e35eadf15c56119579b16", "number": "3152328257", "date": "2021-01-24 00:00:00", "subject": "11", "recorded-or-robo": "Y", "city": "St Petersburg", "state": "FL", "area-code": "304"}, {"id": "3decc6bfadaa436a105714c6bac13e29", "number": "", "date": "2021-01-24 12:00:00", "subject": "1", "recorded-or-robo": "Y", "city": "", "state": "MO", "area-code": "314"}, {"id": "03e293b3df9e35eadf15c561195798f2", "number": "", "date": "2021-01-24 12:00:00", "subject": "1", "recorded-or-robo": "Y", "city": "", "state": "MO", "area-code": "314"}, {"id": "3decc6bfadaa436a105714c6bac13272", "number": "6197911547", "date": "2021-01-24 00:00:00", "subject": "3", "recorded-or-robo": "", "city": "", "state": "CA", "area-code": "619"}, {"id": "03e293b3df9e35eadf15c56119578d44", "number": "6197911547", "date": "2021-01-24 00:00:00", "subject": "3", "recorded-or-robo": "", "city": "", "state": "CA", "area-code": "619"}, {"id": "3decc6bfadaa436a105714c6bac13081", "number": "", "date": "2021-01-22 11:20:00", "subject": "1", "recorded-or-robo": "Y", "city": "White Plains", "state": "NY", "area-code": "914"}, {"id": "03e293b3df9e35eadf15c56119578923", "number": "", "date": "2021-01-22 11:20:00", "subject": "1", "recorded-or-robo": "Y", "city": "White Plains", "state": "NY", "area-code": "914"}, {"id": "3decc6bfadaa436a105714c6bac128ef", "number": "2012442642", "date": "2021-01-22 18:36:00", "subject": "2", "recorded-or-robo": "", "city": "Hasbrouck Heights", "state": "NJ", "area-code": "201"}, {"id": "03e293b3df9e35eadf15c561195787b5", "number": "2012442642", "date": "2021-01-22 18:36:00", "subject": "2", "recorded-or-robo": "", "city": "Hasbrouck Heights", "state": "NJ", "area-code": "201"}, {"id": "3decc6bfadaa436a105714c6bac123d3", "number": "3343121144", "date": "2021-01-24 15:51:00", "subject": "1", "recorded-or-robo": "Y", "city": "Saint Petersburg", "state": "AL", "area-code": "334"}, {"id": "03e293b3df9e35eadf15c56119578774", "number": "3343121144", "date": "2021-01-24 15:51:00", "subject": "1", "recorded-or-robo": "Y", "city": "Saint Petersburg", "state": "AL", "area-code": "334"}, {"id": "3decc6bfadaa436a105714c6bac11952", "number": "8562271400", "date": "2021-01-24 17:48:00", "subject": "2", "recorded-or-robo": "Y", "city": "", "state": "NJ", "area-code": "856"}, {"id": "03e293b3df9e35eadf15c56119577870", "number": "8562271400", "date": "2021-01-24 17:48:00", "subject": "2", "recorded-or-robo": "Y", "city": "", "state": "NJ", "area-code": "856"}, {"id": "3decc6bfadaa436a105714c6bac10bfa", "number": "2019559317", "date": "2021-01-23 10:59:00", "subject": "2", "recorded-or-robo": "", "city": "Hasbrouck Heights", "state": "NJ", "area-code": "201"}, {"id": "03e293b3df9e35eadf15c56119576e34", "number": "2019559317", "date": "2021-01-23 10:59:00", "subject": "2", "recorded-or-robo": "", "city": "Hasbrouck Heights", "state": "NJ", "area-code": "201"}, {"id": "3decc6bfadaa436a105714c6bac0fd8a", "number": "8446304779", "date": "2021-01-24 17:54:00", "subject": "1", "recorded-or-robo": "Y", "city": "CLAY", "state": "WV", "area-code": "304"}, {"id": "03e293b3df9e35eadf15c56119575ee0", "number": "8446304779", "date": "2021-01-24 17:54:00", "subject": "1", "recorded-or-robo": "Y", "city": "CLAY", "state": "WV", "area-code": "304"}, {"id": "3decc6bfadaa436a105714c6bac0fa4c", "number": "", "date": "2021-01-24 17:34:00", "subject": "1", "recorded-or-robo": "Y", "city": "", "state": "PA", "area-code": "412"}, {"id": "03e293b3df9e35eadf15c561195758f6", "number": "", "date": "2021-01-24 17:34:00", "subject": "1", "recorded-or-robo": "Y", "city": "", "state": "PA", "area-code": "412"}, {"id": "3decc6bfadaa436a105714c6bac0f5d3", "number": "", "date": "2021-01-24 15:59:00", "subject": "1", "recorded-or-robo": "Y", "city": "Florissant", "state": "MO", "area-code": "314"}, {"id": "03e293b3df9e35eadf15c56119574ea9", "number": "", "date": "2021-01-24 15:59:00", "subject": "1", "recorded-or-robo": "Y", "city": "Florissant", "state": "MO", "area-code": "314"}, {"id": "3decc6bfadaa436a105714c6bac0f50c", "number": "5629029502", "date": "2021-01-21 15:03:00", "subject": "2", "recorded-or-robo": "Y", "city": "", "state": "CA", "area-code": "562"}, {"id": "03e293b3df9e35eadf15c5611957421a", "number": "5629029502", "date": "2021-01-21 15:03:00", "subject": "2", "recorded-or-robo": "Y", "city": "", "state": "CA", "area-code": "562"}, {"id": "3decc6bfadaa436a105714c6bac0e698", "number": "3107644318", "date": "2021-01-24 12:49:00", "subject": "2", "recorded-or-robo": "Y", "city": "PVE", "state": "CA", "area-code": "310"}, {"id": "03e293b3df9e35eadf15c56119573c9b", "number": "3107644318", "date": "2021-01-24 12:49:00", "subject": "2", "recorded-or-robo": "Y", "city": "PVE", "state": "CA", "area-code": "310"}, {"id": "3decc6bfadaa436a105714c6bac0df58", "number": "", "date": "2021-01-23 16:23:00", "subject": "2", "recorded-or-robo": "Y", "city": "St. Louis", "state": "MO", "area-code": "314"}, {"id": "03e293b3df9e35eadf15c5611957362e", "number": "", "date": "2021-01-23 16:23:00", "subject": "2", "recorded-or-robo": "Y", "city": "St. Louis", "state": "MO", "area-code": "314"}, {"id": "3decc6bfadaa436a105714c6bac0cfbe", "number": "3343128907", "date": "2021-01-24 15:20:00", "subject": "1", "recorded-or-robo": "Y", "city": "Saint Petersburg", "state": "AL", "area-code": "334"}, {"id": "03e293b3df9e35eadf15c56119573500", "number": "3343128907", "date": "2021-01-24 15:20:00", "subject": "1", "recorded-or-robo": "Y", "city": "Saint Petersburg", "state": "AL", "area-code": "334"}, {"id": "3decc6bfadaa436a105714c6bac0ca2a", "number": "3107920011", "date": "2021-01-24 13:59:00", "subject": "2", "recorded-or-robo": "Y", "city": "", "state": "CA", "area-code": "310"}, {"id": "03e293b3df9e35eadf15c56119572984", "number": "3107920011", "date": "2021-01-24 13:59:00", "subject": "2", "recorded-or-robo": "Y", "city": "", "state": "CA", "area-code": "310"}, {"id": "3decc6bfadaa436a105714c6bac0c1a7", "number": "7272672162", "date": "2021-01-24 17:30:00", "subject": "2", "recorded-or-robo": "Y", "city": "", "state": "FL", "area-code": "727"}, {"id": "03e293b3df9e35eadf15c56119571cf4", "number": "7272672162", "date": "2021-01-24 17:30:00", "subject": "2", "recorded-or-robo": "Y", "city": "", "state": "FL", "area-code": "727"}, {"id": "3decc6bfadaa436a105714c6bac0b77e", "number": "3343123327", "date": "2021-01-24 15:15:00", "subject": "1", "recorded-or-robo": "Y", "city": "Saint Petersburg", "state": "AL", "area-code": "334"}, {"id": "03e293b3df9e35eadf15c56119570ea9", "number": "3343123327", "date": "2021-01-24 15:15:00", "subject": "1", "recorded-or-robo": "Y", "city": "Saint Petersburg", "state": "AL", "area-code": "334"}, {"id": "3decc6bfadaa436a105714c6bac0b361", "number": "3343126019", "date": "2021-01-24 15:02:00", "subject": "1", "recorded-or-robo": "Y", "city": "Saint Petersburg", "state": "AL", "area-code": "334"}]}