{"data": [{"id": "03e293b3df9e35eadf15c56119379dad", "number": "3865238166", "date": "2021-01-24 12:05:00", "subject": "1", "recorded-or-robo": "Y", "city": "Pacific", "state": "MO", "area-code": "386"}, {"id": "3decc6bfadaa436a105714c6baa1a395", "number": "", "date": "2021-01-01 12:00:00", "subject": "13", "recorded-or-robo": "Y", "city": "costa mesa", "state": "CA", "area-code": "714"}, {"id": "03e293b3df9e35eadf15c56119379caa", "number": "", "date": "2021-01-01 12:00:00", "subject": "13", "recorded-or-robo": "Y", "city": "costa mesa", "state": "CA", "area-code": "714"}, {"id": "3decc6bfadaa436a105714c6baa19b04", "number": "8440499279", "date": "2021-01-24 12:16:00", "subject": "1", "recorded-or-robo": "Y", "city": "", "state": "FL", "area-code": "941"}, {"id": "03e293b3df9e35eadf15c561193799b8", "number": "8440499279", "date": "2021-01-24 12:16:00", "subject": "1", "recorded-or-robo": "Y", "city": "", "state": "FL", "area-code": "941"}, {"id": "3decc6bfadaa436a105714c6baa183ab", "number": "9254316647", "date": "2021-01-23 12:57:00", "subject": "3", "recorded-or-robo": "N", "city": "", "state": "CA", "area-code": "925"}, {"id": "03e293b3df9e35eadf15c561193773f0", "number": "9254316647", "date": "2021-01-23 12:57:00", "subject": "3", "recorded-or-robo": "N", "city": "", "state": "CA", "area-code": "925"}, {"id": "3decc6bfadaa436a105714c6baa19a30", "number": "9298224002", "date": "2021-01-20 19:07:00", "subject": "2", "recorded-or-robo": "Y", "city": "", "state": "NY", "area-code": "718"}, {"id": "03e293b3df9e35eadf15c56119379632", "number": "9298224002", "date": "2021-01-20 19:07:00", "subject": "2", "recorded-or-robo": "Y", "city": "", "state": "NY", "area-code": "718"}, {"id": "3decc6bfadaa436a105714c6baa18f25", "number": "3306378420", "date": "2021-01-20 12:06:00", "subject": "7", "recorded-or-robo": "Y", "city": "Akron", "state": "OH", "area-code": "330"}, {"id": "3decc6bfadaa436a105714c6baa18937", "number": "7182209559", "date": "2021-01-21 16:31:00", "subject": "4", "recorded-or-robo": "Y", "city": "", "state": "NY", "area-code": "718"}, {"id": "03e293b3df9e35eadf15c56119378f46", "number": "3306378420", "date": "2021-01-20 12:06:00", "subject": "7", "recorded-or-robo": "Y", "city": "Akron", "state": "OH", "area-code": "330"}, {"id": "03e293b3df9e35eadf15c5611937822f", "number": "7182209559", "date": "2021-01-21 16:31:00", "subject": "4", "recorded-or-robo": "Y", "city": "", "state": "NY", "area-code": "718"}, {"id": "3decc6bfadaa436a105714c6baa1853a", "number": "2324368245", "date": "2021-01-24 12:18:00", "subject": "1", "recorded-or-robo": "Y", "city": "", "state": "FL", "area-code": "941"}, {"id": "03e293b3df9e35eadf15c56119377be6", "number": "2324368245", "date": "2021-01-24 12:18:00", "subject": "1", "recorded-or-robo": "Y", "city": "", "state": "FL", "area-code": "941"}, {"id": "3decc6bfadaa436a105714c6baa17524", "number": "4254178835", "date": "2021-01-24 10:05:00", "subject": "1", "recorded-or-robo": "Y", "city": "Bellevue", "state": "WA", "area-code": "425"}, {"id": "03e293b3df9e35eadf15c56119376530", "number": "4254178835", "date": "2021-01-24 10:05:00", "subject": "1", "recorded-or-robo": "Y", "city": "Bellevue", "state": "WA", "area-code": "425"}, {"id": "3decc6bfadaa436a105714c6baa17487", "number": "6012288962", "date": "2021-01-23 10:39:00", "subject": "6", "recorded-or-robo": "Y", "city": "Madison", "state": "CT", "area-code": "203"}, {"id": "3decc6bfadaa436a105714c6baa16bc5", "number": "9294160089", "date": "2021-01-21 11:10:00", "subject": "3", "recorded-or-robo": "N", "city": "", "state": "NJ", "area-code": "201"}, {"id": "03e293b3df9e35eadf15c56119375b47", "number": "6012288962", "date": "2021-01-23 10:39:00", "subject": "6", "recorded-or-robo": "Y", "city": "Madison", "state": "CT", "area-code": "203"}, {"id": "03e293b3df9e35eadf15c5611937548a", "number": "9294160089", "date": "2021-01-21 11:10:00", "subject": "3", "recorded-or-robo": "N", "city": "", "state": "NJ", "area-code": "201"}, {"id": "3decc6bfadaa436a105714c6baa16289", "number": "7184953132", "date": "2021-01-22 16:00:00", "subject": "4", "recorded-or-robo": "Y", "city": "", "state": "NY", "area-code": "718"}, {"id": "03e293b3df9e35eadf15c561193748da", "number": "7184953132", "date": "2021-01-22 16:00:00", "subject": "4", "recorded-or-robo": "Y", "city": "", "state": "NY", "area-code": "718"}, {"id": "3decc6bfadaa436a105714c6baa15d9f", "number": "5165708326", "date": "2021-01-23 13:55:00", "subject": "2", "recorded-or-robo": "Y", "city": "", "state": "NY", "area-code": "718"}, {"id": "03e293b3df9e35eadf15c5611937480e", "number": "5165708326", "date": "2021-01-23 13:55:00", "subject": "2", "recorded-or-robo": "Y", "city": "", "state": "NY", "area-code": "718"}, {"id": "3decc6bfadaa436a105714c6baa151f7", "number": "3307241151", "date": "2021-01-21 12:01:00", "subject": "7", "recorded-or-robo": "Y", "city": "Akron", "state": "OH", "area-code": "330"}, {"id": "03e293b3df9e35eadf15c561193744fe", "number": "3307241151", "date": "2021-01-21 12:01:00", "subject": "7", "recorded-or-robo": "Y", "city": "Akron", "state": "OH", "area-code": "330"}, {"id": "3decc6bfadaa436a105714c6baa14286", "number": "8556781325", "date": "2021-01-24 00:55:00", "subject": "2", "recorded-or-robo": "Y", "city": "Zephyrhills", "state": "FL", "area-code": "813"}, {"id": "03e293b3df9e35eadf15c561193741c9", "number": "8556781325", "date": "2021-01-24 00:55:00", "subject": "2", "recorded-or-robo": "Y", "city": "Zephyrhills", "state": "FL", "area-code": "813"}, {"id": "3decc6bfadaa436a105714c6baa13322", "number": "3194503229", "date": "2021-01-21 11:35:00", "subject": "3", "recorded-or-robo": "N", "city": "", "state": "NJ", "area-code": "201"}, {"id": "03e293b3df9e35eadf15c56119373e1f", "number": "3194503229", "date": "2021-01-21 11:35:00", "subject": "3", "recorded-or-robo": "N", "city": "", "state": "NJ", "area-code": "201"}, {"id": "3decc6bfadaa436a105714c6baa12b9c", "number": "", "date": "2021-01-24 11:34:00", "subject": "2", "recorded-or-robo": "Y", "city": "Twin Lakes", "state": "WI", "area-code": "262"}, {"id": "03e293b3df9e35eadf15c56119373959", "number": "", "date": "2021-01-24 11:34:00", "subject": "2", "recorded-or-robo": "Y", "city": "Twin Lakes", "state": "WI", "area-code": "262"}, {"id": "3decc6bfadaa436a105714c6baa12a5a", "number": "7876733009", "date": "2021-01-21 12:00:00", "subject": "1", "recorded-or-robo": "N", "city": "Mayaguez", "state": "PR", "area-code": "939"}, {"id": "03e293b3df9e35eadf15c5611937360e", "number": "7876733009", "date": "2021-01-21 12:00:00", "subject": "1", "recorded-or-robo": "N", "city": "Mayaguez", "state": "PR", "area-code": "939"}, {"id": "3decc6bfadaa436a105714c6baa12552", "number": "3157281368", "date": "2021-01-22 14:49:00", "subject": "6", "recorded-or-robo": "Y", "city": "Madison", "state": "CT", "area-code": "203"}, {"id": "03e293b3df9e35eadf15c56119373588", "number": "3157281368", "date": "2021-01-22 14:49:00", "subject": "6", "recorded-or-robo": "Y", "city": "Madison", "state": "CT", "area-code": "203"}, {"id": "3decc6bfadaa436a105714c6baa11d9f", "number": "8773715378", "date": "2021-01-24 23:43:00", "subject": "2", "recorded-or-robo": "Y", "city": "palatine", "state": "IL", "area-code": "847"}, {"id": "03e293b3df9e35eadf15c56119373317", "number": "8773715378", "date": "2021-01-24 23:43:00", "subject": "2", "recorded-or-robo": "Y", "city": "palatine", "state": "IL", "area-code": "847"}, {"id": "3decc6bfadaa436a105714c6baa1180b", "number": "", "date": "2021-01-22 08:00:00", "subject": "2", "recorded-or-robo": "Y", "city": "North Liberty", "state": "IN", "area-code": "574"}, {"id": "03e293b3df9e35eadf15c5611937259a", "number": "", "date": "2021-01-22 08:00:00", "subject": "2", "recorded-or-robo": "Y", "city": "North Liberty", "state": "IN", "area-code": "574"}, {"id": "3decc6bfadaa436a105714c6baa10e9b", "number": "8008489136", "date": "2021-01-21 12:46:00", "subject": "3", "recorded-or-robo": "N", "city": "", "state": "NJ", "area-code": "201"}, {"id": "03e293b3df9e35eadf15c56119371e0d", "number": "8008489136", "date": "2021-01-21 12:46:00", "subject": "3", "recorded-or-robo": "N", "city": "", "state": "NJ", "area-code": "201"}, {"id": "3decc6bfadaa436a105714c6baa10a5d", "number": "3308691115", "date": "2021-01-22 17:04:00", "subject": "7", "recorded-or-robo": "Y", "city": "Akron", "state": "OH", "area-code": "330"}, {"id": "03e293b3df9e35eadf15c5611937179a", "number": "3308691115", "date": "2021-01-22 17:04:00", "subject": "7", "recorded-or-robo": "Y", "city": "Akron", "state": "OH", "area-code": "330"}, {"id": "3decc6bfadaa436a105714c6baa10a21", "number": "7658404057", "date": "2021-01-24 10:37:00", "subject": "2", "recorded-or-robo": "Y", "city": "Vaiden", "state": "MS", "area-code": "601"}, {"id": "03e293b3df9e35eadf15c5611937133e", "number": "7658404057", "date": "2021-01-24 10:37:00", "subject": "2", "recorded-or-robo": "Y", "city": "Vaiden", "state": "MS", "area-code": "601"}, {"id": "3decc6bfadaa436a105714c6baa1014a", "number": "2095541509", "date": "2021-01-23 10:20:00", "subject": "2", "recorded-or-robo": "Y", "city": "", "state": "CA", "area-code": "209"}, {"id": "03e293b3df9e35eadf15c5611937085d", "number": "2095541509", "date": "2021-01-23 10:20:00", "subject": "2", "recorded-or-robo": "Y", "city": "", "state": "CA", "area-code": "209"}, {"id": "3decc6bfadaa436a105714c6baa0f247", "number": "8801701447087", "date": "2021-01-23 16:20:00", "subject": "1", "recorded-or-robo": "Y", "city": "Bellevue", "state": "WA", "area-code": "425"}]}