{"data": [{"id": "3decc6bfadaa436a105714c6baef3e3e", "number": "3072749518", "date": "2021-01-25 10:41:00", "subject": "2", "recorded-or-robo": "Y", "city": "savannah", "state": "GA", "area-code": "912"}, {"id": "3decc6bfadaa436a105714c6baef3c48", "number": "", "date": "2021-01-26 00:00:00", "subject": "3", "recorded-or-robo": "Y", "city": "", "state": "NY", "area-code": "845"}, {"id": "3decc6bfadaa436a105714c6baef3116", "number": "4403366062", "date": "2021-01-26 09:21:00", "subject": "1", "recorded-or-robo": "Y", "city": "", "state": "OH", "area-code": "440"}, {"id": "3decc6bfadaa436a105714c6baef2c5c", "number": "4052611711", "date": "2021-01-26 08:16:00", "subject": "6", "recorded-or-robo": "Y", "city": "Marion", "state": "IA", "area-code": "319"}, {"id": "3decc6bfadaa436a105714c6baef2926", "number": "8136144962", "date": "2021-01-18 13:29:00", "subject": "2", "recorded-or-robo": "N", "city": "Riverview", "state": "FL", "area-code": "813"}, {"id": "3decc6bfadaa436a105714c6baef1ec8", "number": "", "date": "2021-01-25 16:52:00", "subject": "4", "recorded-or-robo": "Y", "city": "Durham", "state": "NC", "area-code": "919"}, {"id": "3decc6bfadaa436a105714c6baef1365", "number": "4432057979", "date": "2021-01-26 09:23:00", "subject": "2", "recorded-or-robo": "Y", "city": "Kennett square", "state": "PA", "area-code": "443"}, {"id": "3decc6bfadaa436a105714c6baeed359", "number": "2157709001", "date": "2021-01-25 16:25:00", "subject": "3", "recorded-or-robo": "N", "city": "", "state": "MA", "area-code": "617"}, {"id": "3decc6bfadaa436a105714c6baef06d1", "number": "3309933080", "date": "2021-01-25 16:25:00", "subject": "4", "recorded-or-robo": "Y", "city": "ALLIANCE", "state": "OH", "area-code": "330"}, {"id": "3decc6bfadaa436a105714c6baeefb67", "number": "8448590010", "date": "2021-01-26 08:13:00", "subject": "1", "recorded-or-robo": "Y", "city": "Lynn Haven", "state": "FL", "area-code": "850"}, {"id": "3decc6bfadaa436a105714c6baeeef4a", "number": "8008670904", "date": "2021-01-25 06:46:00", "subject": "5", "recorded-or-robo": "N", "city": "Baltimore", "state": "MD", "area-code": "410"}, {"id": "3decc6bfadaa436a105714c6baeee6bf", "number": "2078018913", "date": "2021-01-25 12:19:00", "subject": "9", "recorded-or-robo": "Y", "city": "", "state": "NY", "area-code": "518"}, {"id": "3decc6bfadaa436a105714c6baeed991", "number": "6315813708", "date": "2021-01-25 00:00:00", "subject": "11", "recorded-or-robo": "Y", "city": "", "state": "NY", "area-code": "631"}, {"id": "3decc6bfadaa436a105714c6baeec461", "number": "5155176690", "date": "2021-01-26 19:19:00", "subject": "2", "recorded-or-robo": "N", "city": "Lakewood", "state": "CO", "area-code": "609"}, {"id": "3decc6bfadaa436a105714c6baeeb90d", "number": "4806048127", "date": "2021-01-26 08:21:00", "subject": "1", "recorded-or-robo": "Y", "city": "Farmington", "state": "MN", "area-code": "612"}, {"id": "3decc6bfadaa436a105714c6baeeafeb", "number": "2946101", "date": "2021-01-26 09:00:00", "subject": "1", "recorded-or-robo": "N", "city": "", "state": "NC", "area-code": "252"}, {"id": "3decc6bfadaa436a105714c6baeea711", "number": "8662161072", "date": "2021-01-25 16:42:00", "subject": "1", "recorded-or-robo": "Y", "city": "", "state": "FL", "area-code": "850"}, {"id": "3decc6bfadaa436a105714c6baee9d8e", "number": "", "date": "2021-01-26 00:00:00", "subject": "3", "recorded-or-robo": "Y", "city": "", "state": "NY", "area-code": "845"}, {"id": "3decc6bfadaa436a105714c6baee9001", "number": "6574003768", "date": "2021-01-25 11:34:00", "subject": "9", "recorded-or-robo": "Y", "city": "", "state": "CA", "area-code": "619"}, {"id": "3decc6bfadaa436a105714c6baee8dc2", "number": "7742386470", "date": "2021-01-26 09:00:00", "subject": "0", "recorded-or-robo": "N", "city": "", "state": "MA", "area-code": "508"}, {"id": "3decc6bfadaa436a105714c6baee72a9", "number": "8135888735", "date": "2021-01-26 09:06:00", "subject": "3", "recorded-or-robo": "N", "city": "", "state": "FL", "area-code": "863"}, {"id": "3decc6bfadaa436a105714c6baee8644", "number": "9127295282", "date": "2021-01-25 15:31:00", "subject": "2", "recorded-or-robo": "Y", "city": "Columbus", "state": "GA", "area-code": "706"}, {"id": "3decc6bfadaa436a105714c6baee7baa", "number": "3313307397", "date": "2021-01-26 08:08:00", "subject": "2", "recorded-or-robo": "Y", "city": "St Charles", "state": "IL", "area-code": "630"}, {"id": "3decc6bfadaa436a105714c6baee6944", "number": "3869511468", "date": "2021-01-25 10:16:00", "subject": "2", "recorded-or-robo": "Y", "city": "South Daytona", "state": "FL", "area-code": "386"}, {"id": "3decc6bfadaa436a105714c6baee6147", "number": "8136706143", "date": "2021-01-20 10:13:00", "subject": "2", "recorded-or-robo": "", "city": "Riverview", "state": "FL", "area-code": "813"}, {"id": "3decc6bfadaa436a105714c6baee55a5", "number": "", "date": "2021-01-26 00:00:00", "subject": "3", "recorded-or-robo": "Y", "city": "", "state": "NY", "area-code": "845"}, {"id": "3decc6bfadaa436a105714c6baee505e", "number": "4697976402", "date": "2021-01-26 06:54:00", "subject": "5", "recorded-or-robo": "Y", "city": "", "state": "FL", "area-code": "352"}, {"id": "3decc6bfadaa436a105714c6baee44d2", "number": "8649774900", "date": "2021-01-26 09:01:00", "subject": "1", "recorded-or-robo": "Y", "city": "Townville", "state": "SC", "area-code": "864"}, {"id": "3decc6bfadaa436a105714c6baee3fbe", "number": "8337700524", "date": "2021-01-26 09:03:00", "subject": "1", "recorded-or-robo": "Y", "city": "Simsbury", "state": "CT", "area-code": "833"}, {"id": "3decc6bfadaa436a105714c6baee3e7c", "number": "4695125082", "date": "2021-01-26 05:38:00", "subject": "5", "recorded-or-robo": "Y", "city": "", "state": "FL", "area-code": "352"}, {"id": "3decc6bfadaa436a105714c6baee3842", "number": "7243050681", "date": "2021-01-26 09:17:00", "subject": "2", "recorded-or-robo": "Y", "city": "Mercer", "state": "PA", "area-code": "724"}, {"id": "3decc6bfadaa436a105714c6baee2912", "number": "3527206087", "date": "2021-01-23 01:48:00", "subject": "4", "recorded-or-robo": "Y", "city": "", "state": "WI", "area-code": "608"}, {"id": "3decc6bfadaa436a105714c6baee2478", "number": "2393291356", "date": "2021-01-26 09:02:00", "subject": "4", "recorded-or-robo": "N", "city": "", "state": "FL", "area-code": "239"}, {"id": "3decc6bfadaa436a105714c6baee1db5", "number": "8136706143", "date": "2021-01-20 14:29:00", "subject": "3", "recorded-or-robo": "", "city": "Riverview", "state": "FL", "area-code": "813"}, {"id": "3decc6bfadaa436a105714c6baee0fa8", "number": "9542832636", "date": "2021-01-25 19:34:00", "subject": "12", "recorded-or-robo": "Y", "city": "Reston", "state": "VA", "area-code": "301"}, {"id": "3decc6bfadaa436a105714c6baedcab3", "number": "", "date": "2021-01-26 09:06:00", "subject": "3", "recorded-or-robo": "N", "city": "", "state": "FL", "area-code": "863"}, {"id": "3decc6bfadaa436a105714c6baee0623", "number": "2399942158", "date": "2021-01-26 09:12:00", "subject": "6", "recorded-or-robo": "N", "city": "Orlando", "state": "FL", "area-code": "239"}, {"id": "3decc6bfadaa436a105714c6baedf896", "number": "4402242263", "date": "2021-01-25 09:38:00", "subject": "1", "recorded-or-robo": "Y", "city": "Columbia", "state": "OH", "area-code": "440"}, {"id": "3decc6bfadaa436a105714c6baedf42f", "number": "8639002165", "date": "2021-01-23 13:34:00", "subject": "2", "recorded-or-robo": "", "city": "Sussex", "state": "NJ", "area-code": "973"}, {"id": "3decc6bfadaa436a105714c6baedeff7", "number": "4407912528", "date": "2021-01-25 11:58:00", "subject": "1", "recorded-or-robo": "Y", "city": "Columbia", "state": "OH", "area-code": "440"}, {"id": "3decc6bfadaa436a105714c6baede2f1", "number": "5022334853", "date": "2021-01-26 09:17:00", "subject": "2", "recorded-or-robo": "Y", "city": "Louisville", "state": "KY", "area-code": "502"}, {"id": "3decc6bfadaa436a105714c6baeddeb6", "number": "2149247984", "date": "2021-01-26 08:15:00", "subject": "1", "recorded-or-robo": "Y", "city": "", "state": "TX", "area-code": "214"}, {"id": "3decc6bfadaa436a105714c6baedcf54", "number": "8632138027", "date": "2021-01-25 16:58:00", "subject": "1", "recorded-or-robo": "Y", "city": "", "state": "VA", "area-code": "703"}, {"id": "3decc6bfadaa436a105714c6baedce9e", "number": "5703937665", "date": "2021-01-26 09:14:00", "subject": "0", "recorded-or-robo": "Y", "city": "Plains", "state": "PA", "area-code": "570"}, {"id": "3decc6bfadaa436a105714c6baedc625", "number": "6177489152", "date": "2021-01-21 14:21:00", "subject": "2", "recorded-or-robo": "N", "city": "Riverview", "state": "FL", "area-code": "813"}, {"id": "3decc6bfadaa436a105714c6baedb780", "number": "2622225721", "date": "2021-01-20 08:13:00", "subject": "2", "recorded-or-robo": "Y", "city": "New Berlin", "state": "WI", "area-code": "262"}, {"id": "3decc6bfadaa436a105714c6baedb111", "number": "3306907963", "date": "2021-01-25 13:27:00", "subject": "1", "recorded-or-robo": "Y", "city": "Columbia", "state": "OH", "area-code": "440"}, {"id": "3decc6bfadaa436a105714c6baeda923", "number": "9734630295", "date": "2021-01-23 17:32:00", "subject": "2", "recorded-or-robo": "", "city": "Sussex", "state": "NJ", "area-code": "973"}, {"id": "3decc6bfadaa436a105714c6baeda795", "number": "", "date": "2021-01-25 13:07:00", "subject": "5", "recorded-or-robo": "Y", "city": "", "state": "MA", "area-code": "413"}, {"id": "3decc6bfadaa436a105714c6baeda33e", "number": "7158143013", "date": "2021-01-25 13:52:00", "subject": "1", "recorded-or-robo": "Y", "city": "Columbia", "state": "OH", "area-code": "440"}]}