{"data": [{"id": "03e293b3df9e35eadf15c56119214cc6", "number": "9093664126", "date": "2021-01-22 19:39:00", "subject": "2", "recorded-or-robo": "Y", "city": "Metamora", "state": "IL", "area-code": "309"}, {"id": "3decc6bfadaa436a105714c6ba8b0730", "number": "8882071231", "date": "2021-01-21 19:01:00", "subject": "2", "recorded-or-robo": "Y", "city": "Metamora", "state": "IL", "area-code": "309"}, {"id": "03e293b3df9e35eadf15c56119214c28", "number": "8882071231", "date": "2021-01-21 19:01:00", "subject": "2", "recorded-or-robo": "Y", "city": "Metamora", "state": "IL", "area-code": "309"}, {"id": "3decc6bfadaa436a105714c6ba8affbe", "number": "7143888134", "date": "2021-01-24 07:30:00", "subject": "1", "recorded-or-robo": "Y", "city": "Pigeon", "state": "MI", "area-code": "989"}, {"id": "03e293b3df9e35eadf15c56119213ce7", "number": "7143888134", "date": "2021-01-24 07:30:00", "subject": "1", "recorded-or-robo": "Y", "city": "Pigeon", "state": "MI", "area-code": "989"}, {"id": "3decc6bfadaa436a105714c6ba8af5c0", "number": "7142703531", "date": "2021-01-24 07:30:00", "subject": "1", "recorded-or-robo": "Y", "city": "Pigeon", "state": "MI", "area-code": "989"}, {"id": "03e293b3df9e35eadf15c56119213503", "number": "7142703531", "date": "2021-01-24 07:30:00", "subject": "1", "recorded-or-robo": "Y", "city": "Pigeon", "state": "MI", "area-code": "989"}, {"id": "3decc6bfadaa436a105714c6ba8aeec8", "number": "7268002535", "date": "2021-01-20 17:56:00", "subject": "5", "recorded-or-robo": "Y", "city": "cincinnati", "state": "OH", "area-code": "513"}, {"id": "03e293b3df9e35eadf15c56119212add", "number": "7268002535", "date": "2021-01-20 17:56:00", "subject": "5", "recorded-or-robo": "Y", "city": "cincinnati", "state": "OH", "area-code": "513"}, {"id": "3decc6bfadaa436a105714c6ba8ae034", "number": "7268002535", "date": "2021-01-19 17:14:00", "subject": "5", "recorded-or-robo": "Y", "city": "cincinnati", "state": "OH", "area-code": "513"}, {"id": "03e293b3df9e35eadf15c56119212514", "number": "7268002535", "date": "2021-01-19 17:14:00", "subject": "5", "recorded-or-robo": "Y", "city": "cincinnati", "state": "OH", "area-code": "513"}, {"id": "3decc6bfadaa436a105714c6ba8ad424", "number": "4697976451", "date": "2021-01-24 07:30:00", "subject": "1", "recorded-or-robo": "Y", "city": "Pigeon", "state": "MI", "area-code": "989"}, {"id": "03e293b3df9e35eadf15c561192121d0", "number": "4697976451", "date": "2021-01-24 07:30:00", "subject": "1", "recorded-or-robo": "Y", "city": "Pigeon", "state": "MI", "area-code": "989"}, {"id": "3decc6bfadaa436a105714c6ba8aca30", "number": "8102044469", "date": "2021-01-19 11:18:00", "subject": "5", "recorded-or-robo": "Y", "city": "cincinnati", "state": "OH", "area-code": "513"}, {"id": "03e293b3df9e35eadf15c56119211283", "number": "8102044469", "date": "2021-01-19 11:18:00", "subject": "5", "recorded-or-robo": "Y", "city": "cincinnati", "state": "OH", "area-code": "513"}, {"id": "3decc6bfadaa436a105714c6ba8ac3a0", "number": "1701228447", "date": "2021-01-16 13:54:00", "subject": "1", "recorded-or-robo": "Y", "city": "cincinnati", "state": "OH", "area-code": "513"}, {"id": "03e293b3df9e35eadf15c56119211242", "number": "1701228447", "date": "2021-01-16 13:54:00", "subject": "1", "recorded-or-robo": "Y", "city": "cincinnati", "state": "OH", "area-code": "513"}, {"id": "3decc6bfadaa436a105714c6ba8abe85", "number": "2029982870", "date": "2021-01-23 16:33:00", "subject": "2", "recorded-or-robo": "Y", "city": "Edmond", "state": "OK", "area-code": "405"}, {"id": "03e293b3df9e35eadf15c56119210502", "number": "2029982870", "date": "2021-01-23 16:33:00", "subject": "2", "recorded-or-robo": "Y", "city": "Edmond", "state": "OK", "area-code": "405"}, {"id": "3decc6bfadaa436a105714c6ba8ab3bb", "number": "8326467049", "date": "2021-01-23 11:47:00", "subject": "2", "recorded-or-robo": "Y", "city": "cincinnati", "state": "OH", "area-code": "513"}, {"id": "03e293b3df9e35eadf15c56119210333", "number": "8326467049", "date": "2021-01-23 11:47:00", "subject": "2", "recorded-or-robo": "Y", "city": "cincinnati", "state": "OH", "area-code": "513"}, {"id": "3decc6bfadaa436a105714c6ba8aa785", "number": "4055482251", "date": "2021-01-23 12:05:00", "subject": "2", "recorded-or-robo": "Y", "city": "Edmond", "state": "OK", "area-code": "405"}, {"id": "03e293b3df9e35eadf15c5611920fc2a", "number": "4055482251", "date": "2021-01-23 12:05:00", "subject": "2", "recorded-or-robo": "Y", "city": "Edmond", "state": "OK", "area-code": "405"}, {"id": "3decc6bfadaa436a105714c6ba8aa486", "number": "5133230029", "date": "2021-01-23 11:03:00", "subject": "2", "recorded-or-robo": "Y", "city": "cincinnati", "state": "OH", "area-code": "513"}, {"id": "03e293b3df9e35eadf15c5611920f58a", "number": "5133230029", "date": "2021-01-23 11:03:00", "subject": "2", "recorded-or-robo": "Y", "city": "cincinnati", "state": "OH", "area-code": "513"}, {"id": "3decc6bfadaa436a105714c6ba8aa2a5", "number": "2404032044", "date": "2021-01-24 07:20:00", "subject": "1", "recorded-or-robo": "Y", "city": "Ellwood City", "state": "PA", "area-code": "724"}, {"id": "03e293b3df9e35eadf15c5611920ee4a", "number": "2404032044", "date": "2021-01-24 07:20:00", "subject": "1", "recorded-or-robo": "Y", "city": "Ellwood City", "state": "PA", "area-code": "724"}, {"id": "3decc6bfadaa436a105714c6ba8a9352", "number": "", "date": "2021-01-23 00:00:00", "subject": "4", "recorded-or-robo": "Y", "city": "", "state": "IA", "area-code": "515"}, {"id": "03e293b3df9e35eadf15c5611920df6c", "number": "", "date": "2021-01-23 00:00:00", "subject": "4", "recorded-or-robo": "Y", "city": "", "state": "IA", "area-code": "515"}, {"id": "3decc6bfadaa436a105714c6ba8a9129", "number": "6913971580", "date": "2021-01-20 13:45:00", "subject": "11", "recorded-or-robo": "N", "city": "Pittsburgh", "state": "PA", "area-code": "412"}, {"id": "03e293b3df9e35eadf15c5611920db26", "number": "6913971580", "date": "2021-01-20 13:45:00", "subject": "11", "recorded-or-robo": "N", "city": "Pittsburgh", "state": "PA", "area-code": "412"}, {"id": "3decc6bfadaa436a105714c6ba8a889a", "number": "0", "date": "2021-01-22 12:00:00", "subject": "6", "recorded-or-robo": "N", "city": "Danville", "state": "PA", "area-code": "570"}, {"id": "03e293b3df9e35eadf15c5611920d909", "number": "0", "date": "2021-01-22 12:00:00", "subject": "6", "recorded-or-robo": "N", "city": "Danville", "state": "PA", "area-code": "570"}, {"id": "3decc6bfadaa436a105714c6ba8a7ce9", "number": "7342520380", "date": "2021-01-18 09:17:00", "subject": "2", "recorded-or-robo": "N", "city": "HERINGTON", "state": "KS", "area-code": "785"}, {"id": "03e293b3df9e35eadf15c5611920d1c9", "number": "7342520380", "date": "2021-01-18 09:17:00", "subject": "2", "recorded-or-robo": "N", "city": "HERINGTON", "state": "KS", "area-code": "785"}, {"id": "3decc6bfadaa436a105714c6ba8a7439", "number": "7852584048", "date": "2021-01-18 11:56:00", "subject": "2", "recorded-or-robo": "N", "city": "HERINGTON", "state": "KS", "area-code": "785"}, {"id": "03e293b3df9e35eadf15c5611920c7fd", "number": "7852584048", "date": "2021-01-18 11:56:00", "subject": "2", "recorded-or-robo": "N", "city": "HERINGTON", "state": "KS", "area-code": "785"}, {"id": "3decc6bfadaa436a105714c6ba8a7024", "number": "6207502786", "date": "2021-01-19 09:29:00", "subject": "2", "recorded-or-robo": "N", "city": "HERINGTON", "state": "KS", "area-code": "785"}, {"id": "03e293b3df9e35eadf15c5611920c78b", "number": "6207502786", "date": "2021-01-19 09:29:00", "subject": "2", "recorded-or-robo": "N", "city": "HERINGTON", "state": "KS", "area-code": "785"}, {"id": "3decc6bfadaa436a105714c6ba8a65a7", "number": "9133641827", "date": "2021-01-19 09:43:00", "subject": "1", "recorded-or-robo": "Y", "city": "HERINGTON", "state": "KS", "area-code": "785"}, {"id": "03e293b3df9e35eadf15c5611920b7ce", "number": "9133641827", "date": "2021-01-19 09:43:00", "subject": "1", "recorded-or-robo": "Y", "city": "HERINGTON", "state": "KS", "area-code": "785"}, {"id": "3decc6bfadaa436a105714c6ba8a6460", "number": "6207502786", "date": "2021-01-19 13:36:00", "subject": "2", "recorded-or-robo": "N", "city": "HERINGTON", "state": "KS", "area-code": "785"}, {"id": "03e293b3df9e35eadf15c5611920b144", "number": "6207502786", "date": "2021-01-19 13:36:00", "subject": "2", "recorded-or-robo": "N", "city": "HERINGTON", "state": "KS", "area-code": "785"}, {"id": "3decc6bfadaa436a105714c6ba8a5918", "number": "8882474080", "date": "2021-01-19 16:22:00", "subject": "0", "recorded-or-robo": "N", "city": "HERINGTON", "state": "KS", "area-code": "785"}, {"id": "03e293b3df9e35eadf15c5611920adb3", "number": "8882474080", "date": "2021-01-19 16:22:00", "subject": "0", "recorded-or-robo": "N", "city": "HERINGTON", "state": "KS", "area-code": "785"}, {"id": "3decc6bfadaa436a105714c6ba8a4f92", "number": "7852648679", "date": "2021-01-20 10:02:00", "subject": "2", "recorded-or-robo": "N", "city": "HERINGTON", "state": "KS", "area-code": "785"}, {"id": "03e293b3df9e35eadf15c5611920a53c", "number": "7852648679", "date": "2021-01-20 10:02:00", "subject": "2", "recorded-or-robo": "N", "city": "HERINGTON", "state": "KS", "area-code": "785"}, {"id": "3decc6bfadaa436a105714c6ba8a465c", "number": "4232051174", "date": "2021-01-20 11:39:00", "subject": "2", "recorded-or-robo": "N", "city": "HERINGTON", "state": "KS", "area-code": "785"}, {"id": "03e293b3df9e35eadf15c5611920a2d9", "number": "4232051174", "date": "2021-01-20 11:39:00", "subject": "2", "recorded-or-robo": "N", "city": "HERINGTON", "state": "KS", "area-code": "785"}, {"id": "3decc6bfadaa436a105714c6ba8a3d6b", "number": "", "date": "2021-01-20 12:00:00", "subject": "2", "recorded-or-robo": "Y", "city": "Pensacola", "state": "FL", "area-code": "850"}]}