{"data": [{"id": "03e293b3df9e35eadf15c5611939e36d", "number": "8134772180", "date": "2021-01-24 12:08:00", "subject": "1", "recorded-or-robo": "Y", "city": "Mint Hill", "state": "FL", "area-code": "813"}, {"id": "3decc6bfadaa436a105714c6baa3f75d", "number": "8137802762", "date": "2021-01-24 13:14:00", "subject": "2", "recorded-or-robo": "Y", "city": "Zephyrhills", "state": "FL", "area-code": "813"}, {"id": "3decc6bfadaa436a105714c6baa3f623", "number": "5718331318", "date": "2021-01-24 13:20:00", "subject": "2", "recorded-or-robo": "Y", "city": "", "state": "NC", "area-code": "910"}, {"id": "03e293b3df9e35eadf15c5611939ded7", "number": "8137802762", "date": "2021-01-24 13:14:00", "subject": "2", "recorded-or-robo": "Y", "city": "Zephyrhills", "state": "FL", "area-code": "813"}, {"id": "03e293b3df9e35eadf15c5611939ddbf", "number": "5718331318", "date": "2021-01-24 13:20:00", "subject": "2", "recorded-or-robo": "Y", "city": "", "state": "NC", "area-code": "910"}, {"id": "3decc6bfadaa436a105714c6baa3f234", "number": "4254175822", "date": "2021-01-24 10:17:00", "subject": "1", "recorded-or-robo": "Y", "city": "Bellevue", "state": "WA", "area-code": "425"}, {"id": "03e293b3df9e35eadf15c5611939d8f6", "number": "4254175822", "date": "2021-01-24 10:17:00", "subject": "1", "recorded-or-robo": "Y", "city": "Bellevue", "state": "WA", "area-code": "425"}, {"id": "3decc6bfadaa436a105714c6baa3efa9", "number": "3152328257", "date": "2021-01-24 12:00:00", "subject": "11", "recorded-or-robo": "Y", "city": "", "state": "FL", "area-code": "813"}, {"id": "03e293b3df9e35eadf15c5611939d2e6", "number": "3152328257", "date": "2021-01-24 12:00:00", "subject": "11", "recorded-or-robo": "Y", "city": "", "state": "FL", "area-code": "813"}, {"id": "3decc6bfadaa436a105714c6baa3e1cb", "number": "2015541064", "date": "2021-01-06 12:08:00", "subject": "0", "recorded-or-robo": "Y", "city": "", "state": "NJ", "area-code": "201"}, {"id": "03e293b3df9e35eadf15c5611939c629", "number": "2015541064", "date": "2021-01-06 12:08:00", "subject": "0", "recorded-or-robo": "Y", "city": "", "state": "NJ", "area-code": "201"}, {"id": "3decc6bfadaa436a105714c6baa3e146", "number": "4358683565", "date": "2021-01-23 11:45:00", "subject": "2", "recorded-or-robo": "N", "city": "tampa", "state": "FL", "area-code": "813"}, {"id": "03e293b3df9e35eadf15c5611939c416", "number": "4358683565", "date": "2021-01-23 11:45:00", "subject": "2", "recorded-or-robo": "N", "city": "tampa", "state": "FL", "area-code": "813"}, {"id": "3decc6bfadaa436a105714c6baa3d561", "number": "6154064313", "date": "2021-01-24 12:50:00", "subject": "1", "recorded-or-robo": "Y", "city": "Gibsonton", "state": "FL", "area-code": "813"}, {"id": "03e293b3df9e35eadf15c5611939c01b", "number": "6154064313", "date": "2021-01-24 12:50:00", "subject": "1", "recorded-or-robo": "Y", "city": "Gibsonton", "state": "FL", "area-code": "813"}, {"id": "3decc6bfadaa436a105714c6baa3c8ea", "number": "4075533077", "date": "2021-01-23 13:17:00", "subject": "2", "recorded-or-robo": "N", "city": "tampa", "state": "FL", "area-code": "813"}, {"id": "03e293b3df9e35eadf15c5611939b367", "number": "4075533077", "date": "2021-01-23 13:17:00", "subject": "2", "recorded-or-robo": "N", "city": "tampa", "state": "FL", "area-code": "813"}, {"id": "3decc6bfadaa436a105714c6baa3c8dd", "number": "8556981470", "date": "2021-01-24 13:07:00", "subject": "11", "recorded-or-robo": "Y", "city": "", "state": "MI", "area-code": "313"}, {"id": "03e293b3df9e35eadf15c5611939b300", "number": "8556981470", "date": "2021-01-24 13:07:00", "subject": "11", "recorded-or-robo": "Y", "city": "", "state": "MI", "area-code": "313"}, {"id": "3decc6bfadaa436a105714c6baa3bc78", "number": "8066026518", "date": "2021-01-22 12:30:00", "subject": "2", "recorded-or-robo": "N", "city": "Columbia", "state": "MD", "area-code": "410"}, {"id": "03e293b3df9e35eadf15c5611939a6b5", "number": "8066026518", "date": "2021-01-22 12:30:00", "subject": "2", "recorded-or-robo": "N", "city": "Columbia", "state": "MD", "area-code": "410"}, {"id": "3decc6bfadaa436a105714c6baa3b221", "number": "8177304039", "date": "2021-01-24 11:01:00", "subject": "2", "recorded-or-robo": "Y", "city": "Bedford", "state": "TX", "area-code": "817"}, {"id": "03e293b3df9e35eadf15c5611939a471", "number": "8177304039", "date": "2021-01-24 11:01:00", "subject": "2", "recorded-or-robo": "Y", "city": "Bedford", "state": "TX", "area-code": "817"}, {"id": "3decc6bfadaa436a105714c6baa3a7bd", "number": "8134777581", "date": "2021-01-24 11:40:00", "subject": "1", "recorded-or-robo": "Y", "city": "Mint Hill", "state": "FL", "area-code": "813"}, {"id": "03e293b3df9e35eadf15c5611939a2e7", "number": "8134777581", "date": "2021-01-24 11:40:00", "subject": "1", "recorded-or-robo": "Y", "city": "Mint Hill", "state": "FL", "area-code": "813"}, {"id": "3decc6bfadaa436a105714c6baa39d6a", "number": "4016492746", "date": "2021-01-24 13:18:00", "subject": "1", "recorded-or-robo": "Y", "city": "cumberland", "state": "RI", "area-code": "312"}, {"id": "03e293b3df9e35eadf15c561193997a3", "number": "4016492746", "date": "2021-01-24 13:18:00", "subject": "1", "recorded-or-robo": "Y", "city": "cumberland", "state": "RI", "area-code": "312"}, {"id": "3decc6bfadaa436a105714c6baa394f5", "number": "8556787635", "date": "2021-01-24 13:15:00", "subject": "11", "recorded-or-robo": "Y", "city": "thonotosassa", "state": "FL", "area-code": "813"}, {"id": "03e293b3df9e35eadf15c561193995e9", "number": "8556787635", "date": "2021-01-24 13:15:00", "subject": "11", "recorded-or-robo": "Y", "city": "thonotosassa", "state": "FL", "area-code": "813"}, {"id": "3decc6bfadaa436a105714c6baa3919b", "number": "3022898561", "date": "2021-01-24 13:15:00", "subject": "3", "recorded-or-robo": "", "city": "", "state": "DE", "area-code": "302"}, {"id": "03e293b3df9e35eadf15c56119398b70", "number": "3022898561", "date": "2021-01-24 13:15:00", "subject": "3", "recorded-or-robo": "", "city": "", "state": "DE", "area-code": "302"}, {"id": "3decc6bfadaa436a105714c6baa39029", "number": "3152328257", "date": "2021-01-24 01:16:00", "subject": "1", "recorded-or-robo": "Y", "city": "Dover", "state": "FL", "area-code": "813"}, {"id": "03e293b3df9e35eadf15c5611939828a", "number": "3152328257", "date": "2021-01-24 01:16:00", "subject": "1", "recorded-or-robo": "Y", "city": "Dover", "state": "FL", "area-code": "813"}, {"id": "3decc6bfadaa436a105714c6baa384c1", "number": "3093245237", "date": "2021-01-24 12:03:00", "subject": "8", "recorded-or-robo": "Y", "city": "Peoria", "state": "IL", "area-code": "309"}, {"id": "03e293b3df9e35eadf15c56119397b7f", "number": "3093245237", "date": "2021-01-24 12:03:00", "subject": "8", "recorded-or-robo": "Y", "city": "Peoria", "state": "IL", "area-code": "309"}, {"id": "3decc6bfadaa436a105714c6baa37b36", "number": "5152066560", "date": "2021-01-20 13:56:00", "subject": "0", "recorded-or-robo": "N", "city": "Des Moines", "state": "IA", "area-code": "515"}, {"id": "03e293b3df9e35eadf15c56119396c9d", "number": "5152066560", "date": "2021-01-20 13:56:00", "subject": "0", "recorded-or-robo": "N", "city": "Des Moines", "state": "IA", "area-code": "515"}, {"id": "3decc6bfadaa436a105714c6baa37521", "number": "20640154404", "date": "2021-01-16 15:53:00", "subject": "2", "recorded-or-robo": "N", "city": "tampa", "state": "FL", "area-code": "813"}, {"id": "03e293b3df9e35eadf15c56119396442", "number": "20640154404", "date": "2021-01-16 15:53:00", "subject": "2", "recorded-or-robo": "N", "city": "tampa", "state": "FL", "area-code": "813"}, {"id": "3decc6bfadaa436a105714c6baa366a1", "number": "4848003063", "date": "2021-01-24 12:52:00", "subject": "1", "recorded-or-robo": "N", "city": "Irwin", "state": "PA", "area-code": "724"}, {"id": "3decc6bfadaa436a105714c6baa33e79", "number": "9802923904", "date": "2021-01-24 13:07:00", "subject": "3", "recorded-or-robo": "N", "city": "", "state": "SC", "area-code": "864"}, {"id": "03e293b3df9e35eadf15c56119395687", "number": "4848003063", "date": "2021-01-24 12:52:00", "subject": "1", "recorded-or-robo": "N", "city": "Irwin", "state": "PA", "area-code": "724"}, {"id": "03e293b3df9e35eadf15c561193930ac", "number": "9802923904", "date": "2021-01-24 13:07:00", "subject": "3", "recorded-or-robo": "N", "city": "", "state": "SC", "area-code": "864"}, {"id": "3decc6bfadaa436a105714c6baa3641e", "number": "5152066560", "date": "2021-01-20 13:57:00", "subject": "0", "recorded-or-robo": "N", "city": "Des Moines", "state": "IA", "area-code": "515"}, {"id": "03e293b3df9e35eadf15c5611939530e", "number": "5152066560", "date": "2021-01-20 13:57:00", "subject": "0", "recorded-or-robo": "N", "city": "Des Moines", "state": "IA", "area-code": "515"}, {"id": "3decc6bfadaa436a105714c6baa35a98", "number": "8134779797", "date": "2021-01-24 11:27:00", "subject": "1", "recorded-or-robo": "Y", "city": "Mint Hill", "state": "NC", "area-code": "813"}, {"id": "03e293b3df9e35eadf15c561193943bd", "number": "8134779797", "date": "2021-01-24 11:27:00", "subject": "1", "recorded-or-robo": "Y", "city": "Mint Hill", "state": "NC", "area-code": "813"}, {"id": "3decc6bfadaa436a105714c6baa34b0c", "number": "", "date": "2021-01-24 13:10:00", "subject": "2", "recorded-or-robo": "Y", "city": "CLINTON", "state": "PA", "area-code": "724"}, {"id": "03e293b3df9e35eadf15c56119393c5f", "number": "", "date": "2021-01-24 13:10:00", "subject": "2", "recorded-or-robo": "Y", "city": "CLINTON", "state": "PA", "area-code": "724"}, {"id": "3decc6bfadaa436a105714c6baa33e60", "number": "5154988655", "date": "2021-01-20 17:16:00", "subject": "0", "recorded-or-robo": "N", "city": "Des Moines", "state": "IA", "area-code": "515"}]}