{"data": [{"id": "03e293b3df9e35eadf15c56119565d57", "number": "5512436330", "date": "2021-01-23 12:42:00", "subject": "2", "recorded-or-robo": "Y", "city": "", "state": "TX", "area-code": "210"}, {"id": "3decc6bfadaa436a105714c6babfd793", "number": "3152328257", "date": "2021-01-24 16:28:00", "subject": "1", "recorded-or-robo": "Y", "city": "Vienna", "state": "VA", "area-code": "703"}, {"id": "03e293b3df9e35eadf15c561195658f8", "number": "3152328257", "date": "2021-01-24 16:28:00", "subject": "1", "recorded-or-robo": "Y", "city": "Vienna", "state": "VA", "area-code": "703"}, {"id": "3decc6bfadaa436a105714c6babfd494", "number": "2133180346", "date": "2021-01-24 13:30:00", "subject": "2", "recorded-or-robo": "Y", "city": "LONG BEACH", "state": "CA", "area-code": "213"}, {"id": "03e293b3df9e35eadf15c561195649db", "number": "2133180346", "date": "2021-01-24 13:30:00", "subject": "2", "recorded-or-robo": "Y", "city": "LONG BEACH", "state": "CA", "area-code": "213"}, {"id": "3decc6bfadaa436a105714c6babfd467", "number": "2143242223", "date": "2021-01-24 16:35:00", "subject": "2", "recorded-or-robo": "N", "city": "Richardson", "state": "TX", "area-code": "214"}, {"id": "03e293b3df9e35eadf15c561195641a7", "number": "2143242223", "date": "2021-01-24 16:35:00", "subject": "2", "recorded-or-robo": "N", "city": "Richardson", "state": "TX", "area-code": "214"}, {"id": "3decc6bfadaa436a105714c6babfc5d9", "number": "3152328257", "date": "2021-01-24 14:45:00", "subject": "1", "recorded-or-robo": "Y", "city": "", "state": "PA", "area-code": "412"}, {"id": "03e293b3df9e35eadf15c561195640c8", "number": "3152328257", "date": "2021-01-24 14:45:00", "subject": "1", "recorded-or-robo": "Y", "city": "", "state": "PA", "area-code": "412"}, {"id": "3decc6bfadaa436a105714c6babfc2cb", "number": "3343128505", "date": "2021-01-24 14:11:00", "subject": "1", "recorded-or-robo": "Y", "city": "Saint Petersburg", "state": "AL", "area-code": "334"}, {"id": "03e293b3df9e35eadf15c56119563e6e", "number": "3343128505", "date": "2021-01-24 14:11:00", "subject": "1", "recorded-or-robo": "Y", "city": "Saint Petersburg", "state": "AL", "area-code": "334"}, {"id": "3decc6bfadaa436a105714c6babfc2a8", "number": "", "date": "2021-01-23 18:30:00", "subject": "2", "recorded-or-robo": "Y", "city": "Fontana", "state": "WI", "area-code": "262"}, {"id": "03e293b3df9e35eadf15c56119562e9d", "number": "", "date": "2021-01-23 18:30:00", "subject": "2", "recorded-or-robo": "Y", "city": "Fontana", "state": "WI", "area-code": "262"}, {"id": "3decc6bfadaa436a105714c6babfb481", "number": "8552248928", "date": "2021-01-24 17:28:00", "subject": "0", "recorded-or-robo": "Y", "city": "", "state": "FL", "area-code": "386"}, {"id": "03e293b3df9e35eadf15c56119561f7e", "number": "8552248928", "date": "2021-01-24 17:28:00", "subject": "0", "recorded-or-robo": "Y", "city": "", "state": "FL", "area-code": "386"}, {"id": "3decc6bfadaa436a105714c6babfa7a0", "number": "", "date": "2021-01-23 11:19:00", "subject": "3", "recorded-or-robo": "N", "city": "", "state": "CA", "area-code": "323"}, {"id": "03e293b3df9e35eadf15c5611956104b", "number": "", "date": "2021-01-23 11:19:00", "subject": "3", "recorded-or-robo": "N", "city": "", "state": "CA", "area-code": "323"}, {"id": "3decc6bfadaa436a105714c6babf9c3e", "number": "8086985953", "date": "2021-01-24 12:35:00", "subject": "6", "recorded-or-robo": "Y", "city": "", "state": "HI", "area-code": "808"}, {"id": "03e293b3df9e35eadf15c56119560bc0", "number": "8086985953", "date": "2021-01-24 12:35:00", "subject": "6", "recorded-or-robo": "Y", "city": "", "state": "HI", "area-code": "808"}, {"id": "3decc6bfadaa436a105714c6babf9b67", "number": "2892069767", "date": "2021-01-24 17:31:00", "subject": "3", "recorded-or-robo": "Y", "city": "", "state": "FL", "area-code": "305"}, {"id": "03e293b3df9e35eadf15c56119560171", "number": "2892069767", "date": "2021-01-24 17:31:00", "subject": "3", "recorded-or-robo": "Y", "city": "", "state": "FL", "area-code": "305"}, {"id": "3decc6bfadaa436a105714c6babf92c3", "number": "3343123972", "date": "2021-01-24 13:47:00", "subject": "1", "recorded-or-robo": "Y", "city": "Saint Petersburg", "state": "AL", "area-code": "334"}, {"id": "03e293b3df9e35eadf15c5611955f8bc", "number": "3343123972", "date": "2021-01-24 13:47:00", "subject": "1", "recorded-or-robo": "Y", "city": "Saint Petersburg", "state": "AL", "area-code": "334"}, {"id": "3decc6bfadaa436a105714c6babf8626", "number": "", "date": "2021-01-24 12:00:00", "subject": "1", "recorded-or-robo": "Y", "city": "Ashland", "state": "KY", "area-code": "606"}, {"id": "03e293b3df9e35eadf15c5611955f5d2", "number": "", "date": "2021-01-24 12:00:00", "subject": "1", "recorded-or-robo": "Y", "city": "Ashland", "state": "KY", "area-code": "606"}, {"id": "3decc6bfadaa436a105714c6babf768a", "number": "8554189359", "date": "2021-01-24 14:30:00", "subject": "1", "recorded-or-robo": "Y", "city": "Plano", "state": "TX", "area-code": "972"}, {"id": "03e293b3df9e35eadf15c5611955edf0", "number": "8554189359", "date": "2021-01-24 14:30:00", "subject": "1", "recorded-or-robo": "Y", "city": "Plano", "state": "TX", "area-code": "972"}, {"id": "3decc6bfadaa436a105714c6babf762d", "number": "4256442225", "date": "2021-01-24 14:20:00", "subject": "1", "recorded-or-robo": "Y", "city": "BELLEVUE", "state": "WA", "area-code": "425"}, {"id": "03e293b3df9e35eadf15c5611955e9d3", "number": "4256442225", "date": "2021-01-24 14:20:00", "subject": "1", "recorded-or-robo": "Y", "city": "BELLEVUE", "state": "WA", "area-code": "425"}, {"id": "3decc6bfadaa436a105714c6babf6bf0", "number": "2108982790", "date": "2021-01-24 15:51:00", "subject": "2", "recorded-or-robo": "N", "city": "Houston", "state": "TX", "area-code": "281"}, {"id": "03e293b3df9e35eadf15c5611955dcd1", "number": "2108982790", "date": "2021-01-24 15:51:00", "subject": "2", "recorded-or-robo": "N", "city": "Houston", "state": "TX", "area-code": "281"}, {"id": "3decc6bfadaa436a105714c6babf65ac", "number": "3343126503", "date": "2021-01-24 13:45:00", "subject": "1", "recorded-or-robo": "Y", "city": "Saint Petersburg", "state": "AL", "area-code": "334"}, {"id": "03e293b3df9e35eadf15c5611955d3f4", "number": "3343126503", "date": "2021-01-24 13:45:00", "subject": "1", "recorded-or-robo": "Y", "city": "Saint Petersburg", "state": "AL", "area-code": "334"}, {"id": "3decc6bfadaa436a105714c6babf5b89", "number": "9096647159", "date": "2021-01-24 14:35:00", "subject": "3", "recorded-or-robo": "Y", "city": "", "state": "CA", "area-code": "909"}, {"id": "03e293b3df9e35eadf15c5611955d268", "number": "9096647159", "date": "2021-01-24 14:35:00", "subject": "3", "recorded-or-robo": "Y", "city": "", "state": "CA", "area-code": "909"}, {"id": "3decc6bfadaa436a105714c6babf56e4", "number": "3152328257", "date": "2021-01-24 12:53:00", "subject": "11", "recorded-or-robo": "Y", "city": "Saint Louis", "state": "MO", "area-code": "314"}, {"id": "03e293b3df9e35eadf15c5611955c3fb", "number": "3152328257", "date": "2021-01-24 12:53:00", "subject": "11", "recorded-or-robo": "Y", "city": "Saint Louis", "state": "MO", "area-code": "314"}, {"id": "3decc6bfadaa436a105714c6babf49f1", "number": "3343126503", "date": "2021-01-24 13:44:00", "subject": "1", "recorded-or-robo": "Y", "city": "Saint Petersburg", "state": "AL", "area-code": "334"}, {"id": "03e293b3df9e35eadf15c5611955c15e", "number": "3343126503", "date": "2021-01-24 13:44:00", "subject": "1", "recorded-or-robo": "Y", "city": "Saint Petersburg", "state": "AL", "area-code": "334"}, {"id": "3decc6bfadaa436a105714c6babf4026", "number": "8086985953", "date": "2021-01-24 12:34:00", "subject": "6", "recorded-or-robo": "Y", "city": "Hilo", "state": "HI", "area-code": "808"}, {"id": "03e293b3df9e35eadf15c5611955bf3d", "number": "8086985953", "date": "2021-01-24 12:34:00", "subject": "6", "recorded-or-robo": "Y", "city": "Hilo", "state": "HI", "area-code": "808"}, {"id": "3decc6bfadaa436a105714c6babf3d90", "number": "7572481212", "date": "2021-01-23 14:59:00", "subject": "1", "recorded-or-robo": "Y", "city": "", "state": "VA", "area-code": "757"}, {"id": "03e293b3df9e35eadf15c5611955b241", "number": "7572481212", "date": "2021-01-23 14:59:00", "subject": "1", "recorded-or-robo": "Y", "city": "", "state": "VA", "area-code": "757"}, {"id": "3decc6bfadaa436a105714c6babf3893", "number": "6015334215", "date": "2021-01-24 16:27:00", "subject": "4", "recorded-or-robo": "Y", "city": "Meridian", "state": "MS", "area-code": "601"}, {"id": "03e293b3df9e35eadf15c5611955afb5", "number": "6015334215", "date": "2021-01-24 16:27:00", "subject": "4", "recorded-or-robo": "Y", "city": "Meridian", "state": "MS", "area-code": "601"}, {"id": "3decc6bfadaa436a105714c6babf3271", "number": "4437826917", "date": "2021-01-24 17:07:00", "subject": "2", "recorded-or-robo": "N", "city": "", "state": "MD", "area-code": "410"}, {"id": "03e293b3df9e35eadf15c5611955a427", "number": "4437826917", "date": "2021-01-24 17:07:00", "subject": "2", "recorded-or-robo": "N", "city": "", "state": "MD", "area-code": "410"}, {"id": "3decc6bfadaa436a105714c6babf23dc", "number": "3343121870", "date": "2021-01-24 13:14:00", "subject": "1", "recorded-or-robo": "Y", "city": "Saint Petersburg", "state": "FL", "area-code": "334"}, {"id": "03e293b3df9e35eadf15c56119559f40", "number": "3343121870", "date": "2021-01-24 13:14:00", "subject": "1", "recorded-or-robo": "Y", "city": "Saint Petersburg", "state": "FL", "area-code": "334"}, {"id": "3decc6bfadaa436a105714c6babf1790", "number": "7019370019", "date": "2021-01-24 16:10:00", "subject": "2", "recorded-or-robo": "Y", "city": "", "state": "ND", "area-code": "701"}]}