{"data": [{"id": "03e293b3df9e35eadf15c561191efad4", "number": "7072162378", "date": "2021-01-23 13:00:00", "subject": "2", "recorded-or-robo": "Y", "city": "", "state": "AR", "area-code": "501"}, {"id": "3decc6bfadaa436a105714c6ba886704", "number": "2314034981", "date": "2021-01-22 00:00:00", "subject": "2", "recorded-or-robo": "N", "city": "ARGYLE", "state": "TX", "area-code": "940"}, {"id": "03e293b3df9e35eadf15c561191ef5e3", "number": "2314034981", "date": "2021-01-22 00:00:00", "subject": "2", "recorded-or-robo": "N", "city": "ARGYLE", "state": "TX", "area-code": "940"}, {"id": "3decc6bfadaa436a105714c6ba88668c", "number": "2144840613", "date": "2021-01-22 09:05:00", "subject": "2", "recorded-or-robo": "N", "city": "ARGYLE", "state": "TX", "area-code": "940"}, {"id": "03e293b3df9e35eadf15c561191eeb24", "number": "2144840613", "date": "2021-01-22 09:05:00", "subject": "2", "recorded-or-robo": "N", "city": "ARGYLE", "state": "TX", "area-code": "940"}, {"id": "3decc6bfadaa436a105714c6ba885d10", "number": "2144840613", "date": "2021-01-21 14:35:00", "subject": "2", "recorded-or-robo": "N", "city": "ARGYLE", "state": "TX", "area-code": "940"}, {"id": "03e293b3df9e35eadf15c561191ee499", "number": "2144840613", "date": "2021-01-21 14:35:00", "subject": "2", "recorded-or-robo": "N", "city": "ARGYLE", "state": "TX", "area-code": "940"}, {"id": "3decc6bfadaa436a105714c6ba885ac4", "number": "", "date": "2021-01-22 09:57:00", "subject": "2", "recorded-or-robo": "Y", "city": "Flushing", "state": "NY", "area-code": "516"}, {"id": "03e293b3df9e35eadf15c561191ee389", "number": "", "date": "2021-01-22 09:57:00", "subject": "2", "recorded-or-robo": "Y", "city": "Flushing", "state": "NY", "area-code": "516"}, {"id": "3decc6bfadaa436a105714c6ba884e87", "number": "3606344361", "date": "2021-01-22 10:26:00", "subject": "2", "recorded-or-robo": "Y", "city": "Flushing", "state": "NY", "area-code": "516"}, {"id": "03e293b3df9e35eadf15c561191edda0", "number": "3606344361", "date": "2021-01-22 10:26:00", "subject": "2", "recorded-or-robo": "Y", "city": "Flushing", "state": "NY", "area-code": "516"}, {"id": "3decc6bfadaa436a105714c6ba88458b", "number": "6319373695", "date": "2021-01-22 10:58:00", "subject": "2", "recorded-or-robo": "Y", "city": "Flushing", "state": "NY", "area-code": "516"}, {"id": "03e293b3df9e35eadf15c561191ed300", "number": "6319373695", "date": "2021-01-22 10:58:00", "subject": "2", "recorded-or-robo": "Y", "city": "Flushing", "state": "NY", "area-code": "516"}, {"id": "3decc6bfadaa436a105714c6ba884589", "number": "5164177703", "date": "2021-01-22 18:21:00", "subject": "2", "recorded-or-robo": "Y", "city": "Flushing", "state": "NY", "area-code": "516"}, {"id": "03e293b3df9e35eadf15c561191ecadf", "number": "5164177703", "date": "2021-01-22 18:21:00", "subject": "2", "recorded-or-robo": "Y", "city": "Flushing", "state": "NY", "area-code": "516"}, {"id": "3decc6bfadaa436a105714c6ba884265", "number": "2563694811", "date": "2021-01-23 17:33:00", "subject": "0", "recorded-or-robo": "N", "city": "", "state": "AL", "area-code": "256"}, {"id": "03e293b3df9e35eadf15c561191ec293", "number": "2563694811", "date": "2021-01-23 17:33:00", "subject": "0", "recorded-or-robo": "N", "city": "", "state": "AL", "area-code": "256"}, {"id": "3decc6bfadaa436a105714c6ba883de3", "number": "2067396784", "date": "2021-01-24 23:32:00", "subject": "2", "recorded-or-robo": "N", "city": "Burien", "state": "WA", "area-code": "206"}, {"id": "03e293b3df9e35eadf15c561191ebd02", "number": "2067396784", "date": "2021-01-24 23:32:00", "subject": "2", "recorded-or-robo": "N", "city": "Burien", "state": "WA", "area-code": "206"}, {"id": "3decc6bfadaa436a105714c6ba883c7f", "number": "5412217855", "date": "2021-01-18 09:06:00", "subject": "9", "recorded-or-robo": "Y", "city": "Newberg", "state": "OR", "area-code": "503"}, {"id": "03e293b3df9e35eadf15c561191eb8c5", "number": "5412217855", "date": "2021-01-18 09:06:00", "subject": "9", "recorded-or-robo": "Y", "city": "Newberg", "state": "OR", "area-code": "503"}, {"id": "3decc6bfadaa436a105714c6ba883281", "number": "5416746405", "date": "2021-01-22 09:40:00", "subject": "9", "recorded-or-robo": "Y", "city": "Newberg", "state": "OR", "area-code": "503"}, {"id": "03e293b3df9e35eadf15c561191eb297", "number": "5416746405", "date": "2021-01-22 09:40:00", "subject": "9", "recorded-or-robo": "Y", "city": "Newberg", "state": "OR", "area-code": "503"}, {"id": "3decc6bfadaa436a105714c6ba8828ba", "number": "8883410971", "date": "2021-01-22 11:05:00", "subject": "1", "recorded-or-robo": "Y", "city": "Newberg", "state": "OR", "area-code": "503"}, {"id": "03e293b3df9e35eadf15c561191ea31d", "number": "8883410971", "date": "2021-01-22 11:05:00", "subject": "1", "recorded-or-robo": "Y", "city": "Newberg", "state": "OR", "area-code": "503"}, {"id": "3decc6bfadaa436a105714c6ba88251d", "number": "8302184301", "date": "2021-01-22 19:36:00", "subject": "2", "recorded-or-robo": "N", "city": "ROCKVILLE", "state": "MD", "area-code": "210"}, {"id": "03e293b3df9e35eadf15c561191e940d", "number": "8302184301", "date": "2021-01-22 19:36:00", "subject": "2", "recorded-or-robo": "N", "city": "ROCKVILLE", "state": "MD", "area-code": "210"}, {"id": "3decc6bfadaa436a105714c6ba881559", "number": "9294985730", "date": "2021-01-23 13:40:00", "subject": "2", "recorded-or-robo": "Y", "city": "", "state": "NY", "area-code": "718"}, {"id": "03e293b3df9e35eadf15c561191e8f42", "number": "9294985730", "date": "2021-01-23 13:40:00", "subject": "2", "recorded-or-robo": "Y", "city": "", "state": "NY", "area-code": "718"}, {"id": "3decc6bfadaa436a105714c6ba880a09", "number": "9292979373", "date": "2021-01-22 10:07:00", "subject": "2", "recorded-or-robo": "Y", "city": "", "state": "NY", "area-code": "718"}, {"id": "03e293b3df9e35eadf15c561191e80bd", "number": "9292979373", "date": "2021-01-22 10:07:00", "subject": "2", "recorded-or-robo": "Y", "city": "", "state": "NY", "area-code": "718"}, {"id": "3decc6bfadaa436a105714c6ba8800d1", "number": "6028770454", "date": "2021-01-24 23:00:00", "subject": "16", "recorded-or-robo": "Y", "city": "", "state": "CA", "area-code": "626"}, {"id": "03e293b3df9e35eadf15c561191e7a5a", "number": "6028770454", "date": "2021-01-24 23:00:00", "subject": "16", "recorded-or-robo": "Y", "city": "", "state": "CA", "area-code": "626"}, {"id": "3decc6bfadaa436a105714c6ba87f8cf", "number": "9293381692", "date": "2021-01-23 09:23:00", "subject": "2", "recorded-or-robo": "Y", "city": "", "state": "NY", "area-code": "718"}, {"id": "03e293b3df9e35eadf15c561191e7358", "number": "9293381692", "date": "2021-01-23 09:23:00", "subject": "2", "recorded-or-robo": "Y", "city": "", "state": "NY", "area-code": "718"}, {"id": "3decc6bfadaa436a105714c6ba87f390", "number": "7186923557", "date": "2021-01-23 13:07:00", "subject": "2", "recorded-or-robo": "Y", "city": "", "state": "NY", "area-code": "718"}, {"id": "03e293b3df9e35eadf15c561191e6f83", "number": "7186923557", "date": "2021-01-23 13:07:00", "subject": "2", "recorded-or-robo": "Y", "city": "", "state": "NY", "area-code": "718"}, {"id": "3decc6bfadaa436a105714c6ba87ee8e", "number": "9294985730", "date": "2021-01-23 13:40:00", "subject": "2", "recorded-or-robo": "Y", "city": "", "state": "NY", "area-code": "718"}, {"id": "03e293b3df9e35eadf15c561191e6a4e", "number": "9294985730", "date": "2021-01-23 13:40:00", "subject": "2", "recorded-or-robo": "Y", "city": "", "state": "NY", "area-code": "718"}, {"id": "3decc6bfadaa436a105714c6ba873cfc", "number": "8086694562", "date": "2021-01-23 10:25:00", "subject": "4", "recorded-or-robo": "Y", "city": "Fremont", "state": "CA", "area-code": "810"}, {"id": "03e293b3df9e35eadf15c561191dcd6f", "number": "8086694562", "date": "2021-01-23 10:25:00", "subject": "4", "recorded-or-robo": "Y", "city": "Fremont", "state": "CA", "area-code": "810"}, {"id": "3decc6bfadaa436a105714c6ba873023", "number": "2064798186", "date": "2021-01-22 15:40:00", "subject": "1", "recorded-or-robo": "N", "city": "Vancouver", "state": "WA", "area-code": "360"}, {"id": "03e293b3df9e35eadf15c561191dc5a2", "number": "2064798186", "date": "2021-01-22 15:40:00", "subject": "1", "recorded-or-robo": "N", "city": "Vancouver", "state": "WA", "area-code": "360"}, {"id": "3decc6bfadaa436a105714c6ba8724a0", "number": "4083167758", "date": "2021-01-23 11:14:00", "subject": "8", "recorded-or-robo": "Y", "city": "", "state": "CA", "area-code": "408"}, {"id": "03e293b3df9e35eadf15c561191dba1c", "number": "4083167758", "date": "2021-01-23 11:14:00", "subject": "8", "recorded-or-robo": "Y", "city": "", "state": "CA", "area-code": "408"}, {"id": "3decc6bfadaa436a105714c6ba871721", "number": "8508884998", "date": "2021-01-23 19:39:00", "subject": "2", "recorded-or-robo": "Y", "city": "", "state": "FL", "area-code": "850"}, {"id": "03e293b3df9e35eadf15c561191db845", "number": "8508884998", "date": "2021-01-23 19:39:00", "subject": "2", "recorded-or-robo": "Y", "city": "", "state": "FL", "area-code": "850"}, {"id": "3decc6bfadaa436a105714c6ba87120d", "number": "6603006930", "date": "2021-01-21 10:34:00", "subject": "2", "recorded-or-robo": "", "city": "green valley", "state": "AZ", "area-code": "520"}, {"id": "03e293b3df9e35eadf15c561191db6e3", "number": "6603006930", "date": "2021-01-21 10:34:00", "subject": "2", "recorded-or-robo": "", "city": "green valley", "state": "AZ", "area-code": "520"}, {"id": "3decc6bfadaa436a105714c6ba870a80", "number": "5208390094", "date": "2021-01-22 17:07:00", "subject": "2", "recorded-or-robo": "Y", "city": "green valley", "state": "AZ", "area-code": "520"}]}