{"data": [{"id": "1d36742e3f24f50e4e7ae8280198f57a", "number": "5862418190", "date": "2021-01-23 12:44:00", "subject": "0", "recorded-or-robo": "N", "city": "", "state": "MI", "area-code": "586"}, {"id": "3decc6bfadaa436a105714c6ba012492", "number": "9378880003", "date": "2021-01-23 12:49:00", "subject": "3", "recorded-or-robo": "N", "city": "", "state": "MD", "area-code": "301"}, {"id": "1d36742e3f24f50e4e7ae82801989fe0", "number": "9378880003", "date": "2021-01-23 12:49:00", "subject": "3", "recorded-or-robo": "N", "city": "", "state": "MD", "area-code": "301"}, {"id": "3decc6bfadaa436a105714c6ba0159eb", "number": "7193700447", "date": "2021-01-22 10:41:00", "subject": "1", "recorded-or-robo": "N", "city": "", "state": "CO", "area-code": "303"}, {"id": "1d36742e3f24f50e4e7ae8280198ed64", "number": "7193700447", "date": "2021-01-22 10:41:00", "subject": "1", "recorded-or-robo": "N", "city": "", "state": "CO", "area-code": "303"}, {"id": "3decc6bfadaa436a105714c6ba015826", "number": "7164759548", "date": "2021-01-23 12:43:00", "subject": "7", "recorded-or-robo": "Y", "city": "Laurel", "state": "MD", "area-code": "301"}, {"id": "1d36742e3f24f50e4e7ae8280198e6d0", "number": "7164759548", "date": "2021-01-23 12:43:00", "subject": "7", "recorded-or-robo": "Y", "city": "Laurel", "state": "MD", "area-code": "301"}, {"id": "3decc6bfadaa436a105714c6ba011b01", "number": "4439185051", "date": "2021-01-22 16:55:00", "subject": "3", "recorded-or-robo": "", "city": "", "state": "IL", "area-code": "773"}, {"id": "1d36742e3f24f50e4e7ae82801989f29", "number": "4439185051", "date": "2021-01-22 16:55:00", "subject": "3", "recorded-or-robo": "", "city": "", "state": "IL", "area-code": "773"}, {"id": "3decc6bfadaa436a105714c6ba015648", "number": "7026437575", "date": "2021-01-22 11:41:00", "subject": "0", "recorded-or-robo": "Y", "city": "North Las Vegas", "state": "NV", "area-code": "702"}, {"id": "1d36742e3f24f50e4e7ae8280198db48", "number": "7026437575", "date": "2021-01-22 11:41:00", "subject": "0", "recorded-or-robo": "Y", "city": "North Las Vegas", "state": "NV", "area-code": "702"}, {"id": "3decc6bfadaa436a105714c6ba014ccf", "number": "9732412772", "date": "2021-01-23 12:51:00", "subject": "4", "recorded-or-robo": "Y", "city": "Denville", "state": "NJ", "area-code": "973"}, {"id": "1d36742e3f24f50e4e7ae8280198d60c", "number": "9732412772", "date": "2021-01-23 12:51:00", "subject": "4", "recorded-or-robo": "Y", "city": "Denville", "state": "NJ", "area-code": "973"}, {"id": "3decc6bfadaa436a105714c6ba0144ff", "number": "3233132569", "date": "2021-01-02 15:26:00", "subject": "2", "recorded-or-robo": "Y", "city": "", "state": "IL", "area-code": "847"}, {"id": "1d36742e3f24f50e4e7ae8280198cae9", "number": "3233132569", "date": "2021-01-02 15:26:00", "subject": "2", "recorded-or-robo": "Y", "city": "", "state": "IL", "area-code": "847"}, {"id": "3decc6bfadaa436a105714c6ba0139db", "number": "6269860470", "date": "2021-01-23 07:01:00", "subject": "0", "recorded-or-robo": "Y", "city": "Hacienda Hgts.", "state": "CA", "area-code": "626"}, {"id": "1d36742e3f24f50e4e7ae8280198bb00", "number": "6269860470", "date": "2021-01-23 07:01:00", "subject": "0", "recorded-or-robo": "Y", "city": "Hacienda Hgts.", "state": "CA", "area-code": "626"}, {"id": "3decc6bfadaa436a105714c6ba0136e8", "number": "3527535929", "date": "2021-01-23 12:00:00", "subject": "1", "recorded-or-robo": "Y", "city": "The Villages", "state": "FL", "area-code": "352"}, {"id": "1d36742e3f24f50e4e7ae8280198ab9b", "number": "3527535929", "date": "2021-01-23 12:00:00", "subject": "1", "recorded-or-robo": "Y", "city": "The Villages", "state": "FL", "area-code": "352"}, {"id": "3decc6bfadaa436a105714c6ba01296c", "number": "4342349038", "date": "2021-01-20 16:09:00", "subject": "4", "recorded-or-robo": "Y", "city": "Lynchburg", "state": "VA", "area-code": "434"}, {"id": "1d36742e3f24f50e4e7ae8280198a64e", "number": "4342349038", "date": "2021-01-20 16:09:00", "subject": "4", "recorded-or-robo": "Y", "city": "Lynchburg", "state": "VA", "area-code": "434"}, {"id": "3decc6bfadaa436a105714c6ba01009e", "number": "4046302641", "date": "2021-01-23 10:44:00", "subject": "2", "recorded-or-robo": "Y", "city": "Atlanta", "state": "GA", "area-code": "404"}, {"id": "1d36742e3f24f50e4e7ae82801988a36", "number": "4046302641", "date": "2021-01-23 10:44:00", "subject": "2", "recorded-or-robo": "Y", "city": "Atlanta", "state": "GA", "area-code": "404"}, {"id": "3decc6bfadaa436a105714c6ba55e751", "number": "+17738633715", "date": "2021-01-23 12:54:51", "subject": "3", "recorded-or-robo": "Y", "city": "", "state": "IL", "area-code": "773"}, {"id": "1d36742e3f24f50e4e7ae82801ec3291", "number": "+17738633715", "date": "2021-01-23 12:54:51", "subject": "3", "recorded-or-robo": "Y", "city": "", "state": "IL", "area-code": "773"}, {"id": "3decc6bfadaa436a105714c6ba00f102", "number": "2818292137", "date": "2021-01-23 11:42:00", "subject": "7", "recorded-or-robo": "Y", "city": "", "state": "TX", "area-code": "281"}, {"id": "3decc6bfadaa436a105714c6ba00e36d", "number": "6159032687", "date": "2021-01-22 14:35:00", "subject": "2", "recorded-or-robo": "Y", "city": "Pleasant View", "state": "TN", "area-code": "615"}, {"id": "1d36742e3f24f50e4e7ae828019884b0", "number": "2818292137", "date": "2021-01-23 11:42:00", "subject": "7", "recorded-or-robo": "Y", "city": "", "state": "TX", "area-code": "281"}, {"id": "1d36742e3f24f50e4e7ae82801987ce9", "number": "6159032687", "date": "2021-01-22 14:35:00", "subject": "2", "recorded-or-robo": "Y", "city": "Pleasant View", "state": "TN", "area-code": "615"}, {"id": "3decc6bfadaa436a105714c6ba00dcd2", "number": "8474743236", "date": "2021-01-01 15:03:00", "subject": "0", "recorded-or-robo": "Y", "city": "", "state": "IL", "area-code": "847"}, {"id": "1d36742e3f24f50e4e7ae82801986de0", "number": "8474743236", "date": "2021-01-01 15:03:00", "subject": "0", "recorded-or-robo": "Y", "city": "", "state": "IL", "area-code": "847"}, {"id": "3decc6bfadaa436a105714c6ba00d6a2", "number": "2407202839", "date": "2021-01-23 12:41:00", "subject": "2", "recorded-or-robo": "N", "city": "Fort Washington", "state": "MD", "area-code": "301"}, {"id": "1d36742e3f24f50e4e7ae82801985e8b", "number": "2407202839", "date": "2021-01-23 12:41:00", "subject": "2", "recorded-or-robo": "N", "city": "Fort Washington", "state": "MD", "area-code": "301"}, {"id": "3decc6bfadaa436a105714c6ba00cd1b", "number": "4108728456", "date": "2021-01-22 17:13:00", "subject": "7", "recorded-or-robo": "Y", "city": "Laurel", "state": "MD", "area-code": "301"}, {"id": "1d36742e3f24f50e4e7ae828019853ea", "number": "4108728456", "date": "2021-01-22 17:13:00", "subject": "7", "recorded-or-robo": "Y", "city": "Laurel", "state": "MD", "area-code": "301"}, {"id": "3decc6bfadaa436a105714c6ba00ca35", "number": "5109657976", "date": "2021-01-18 15:26:00", "subject": "1", "recorded-or-robo": "Y", "city": "Hayward", "state": "CA", "area-code": "510"}, {"id": "1d36742e3f24f50e4e7ae82801984c25", "number": "5109657976", "date": "2021-01-18 15:26:00", "subject": "1", "recorded-or-robo": "Y", "city": "Hayward", "state": "CA", "area-code": "510"}, {"id": "3decc6bfadaa436a105714c6ba00bc32", "number": "7206408758", "date": "2021-01-19 10:15:00", "subject": "2", "recorded-or-robo": "N", "city": "", "state": "CO", "area-code": "720"}, {"id": "1d36742e3f24f50e4e7ae82801983f91", "number": "7206408758", "date": "2021-01-19 10:15:00", "subject": "2", "recorded-or-robo": "N", "city": "", "state": "CO", "area-code": "720"}, {"id": "3decc6bfadaa436a105714c6ba00ba04", "number": "", "date": "2021-01-23 12:45:00", "subject": "2", "recorded-or-robo": "Y", "city": "Twin City", "state": "GA", "area-code": "478"}, {"id": "3decc6bfadaa436a105714c6ba00aa5b", "number": "9805335262", "date": "2021-01-23 12:48:00", "subject": "3", "recorded-or-robo": "", "city": "", "state": "VA", "area-code": "757"}, {"id": "1d36742e3f24f50e4e7ae828019838d2", "number": "", "date": "2021-01-23 12:45:00", "subject": "2", "recorded-or-robo": "Y", "city": "Twin City", "state": "GA", "area-code": "478"}, {"id": "1d36742e3f24f50e4e7ae82801983048", "number": "9805335262", "date": "2021-01-23 12:48:00", "subject": "3", "recorded-or-robo": "", "city": "", "state": "VA", "area-code": "757"}, {"id": "3decc6bfadaa436a105714c6ba00a374", "number": "6198391045", "date": "2021-01-21 10:46:00", "subject": "0", "recorded-or-robo": "Y", "city": "North Las Vegas", "state": "NV", "area-code": "702"}, {"id": "3decc6bfadaa436a105714c6ba00a087", "number": "7182443822", "date": "2021-01-23 12:50:00", "subject": "2", "recorded-or-robo": "Y", "city": "", "state": "OH", "area-code": "513"}, {"id": "1d36742e3f24f50e4e7ae8280198221c", "number": "6198391045", "date": "2021-01-21 10:46:00", "subject": "0", "recorded-or-robo": "Y", "city": "North Las Vegas", "state": "NV", "area-code": "702"}, {"id": "1d36742e3f24f50e4e7ae82801981706", "number": "7182443822", "date": "2021-01-23 12:50:00", "subject": "2", "recorded-or-robo": "Y", "city": "", "state": "OH", "area-code": "513"}, {"id": "3decc6bfadaa436a105714c6ba009ea4", "number": "8477860415", "date": "2021-01-01 08:12:00", "subject": "0", "recorded-or-robo": "Y", "city": "", "state": "IL", "area-code": "847"}, {"id": "1d36742e3f24f50e4e7ae82801981529", "number": "8477860415", "date": "2021-01-01 08:12:00", "subject": "0", "recorded-or-robo": "Y", "city": "", "state": "IL", "area-code": "847"}, {"id": "3decc6bfadaa436a105714c6ba00907c", "number": "2679306654", "date": "2021-01-23 13:50:00", "subject": "2", "recorded-or-robo": "N", "city": "Philadelphia", "state": "PA", "area-code": "267"}]}