{"data": [{"id": "1d36742e3f24f50e4e7ae828019a3e83", "number": "6028066518", "date": "2021-01-23 12:00:00", "subject": "2", "recorded-or-robo": "N", "city": "Elk Grove", "state": "CA", "area-code": "916"}, {"id": "3decc6bfadaa436a105714c6ba026516", "number": "3092473031", "date": "2021-01-23 11:56:00", "subject": "3", "recorded-or-robo": "", "city": "", "state": "IL", "area-code": "309"}, {"id": "1d36742e3f24f50e4e7ae828019a0a9b", "number": "3092473031", "date": "2021-01-23 11:56:00", "subject": "3", "recorded-or-robo": "", "city": "", "state": "IL", "area-code": "309"}, {"id": "3decc6bfadaa436a105714c6ba02b1d4", "number": "6028066518", "date": "2021-01-23 12:34:00", "subject": "2", "recorded-or-robo": "Y", "city": "WESTON", "state": "CT", "area-code": "203"}, {"id": "1d36742e3f24f50e4e7ae828019a38d0", "number": "6028066518", "date": "2021-01-23 12:34:00", "subject": "2", "recorded-or-robo": "Y", "city": "WESTON", "state": "CT", "area-code": "203"}, {"id": "3decc6bfadaa436a105714c6ba02b099", "number": "7082903766", "date": "2021-01-23 00:00:00", "subject": "1", "recorded-or-robo": "Y", "city": "", "state": "IL", "area-code": "708"}, {"id": "1d36742e3f24f50e4e7ae828019a3213", "number": "7082903766", "date": "2021-01-23 00:00:00", "subject": "1", "recorded-or-robo": "Y", "city": "", "state": "IL", "area-code": "708"}, {"id": "3decc6bfadaa436a105714c6ba57dc85", "number": "2402024859", "date": "2021-01-23 12:45:00", "subject": "3", "recorded-or-robo": "N", "city": "", "state": "MD", "area-code": "410"}, {"id": "1d36742e3f24f50e4e7ae82801ee417e", "number": "2402024859", "date": "2021-01-23 12:45:00", "subject": "3", "recorded-or-robo": "N", "city": "", "state": "MD", "area-code": "410"}, {"id": "3decc6bfadaa436a105714c6ba02a144", "number": "4076161483", "date": "2021-01-23 12:30:00", "subject": "2", "recorded-or-robo": "Y", "city": "", "state": "FL", "area-code": "407"}, {"id": "1d36742e3f24f50e4e7ae828019a2dcb", "number": "4076161483", "date": "2021-01-23 12:30:00", "subject": "2", "recorded-or-robo": "Y", "city": "", "state": "FL", "area-code": "407"}, {"id": "3decc6bfadaa436a105714c6ba029ecb", "number": "4793395232", "date": "2021-01-23 11:29:00", "subject": "2", "recorded-or-robo": "N", "city": "Searcy", "state": "AR", "area-code": "501"}, {"id": "1d36742e3f24f50e4e7ae828019a2b09", "number": "4793395232", "date": "2021-01-23 11:29:00", "subject": "2", "recorded-or-robo": "N", "city": "Searcy", "state": "AR", "area-code": "501"}, {"id": "3decc6bfadaa436a105714c6ba0291cc", "number": "3055960474", "date": "2021-01-21 09:30:00", "subject": "4", "recorded-or-robo": "Y", "city": "Chicago", "state": "IL", "area-code": "305"}, {"id": "1d36742e3f24f50e4e7ae828019a2218", "number": "3055960474", "date": "2021-01-21 09:30:00", "subject": "4", "recorded-or-robo": "Y", "city": "Chicago", "state": "IL", "area-code": "305"}, {"id": "3decc6bfadaa436a105714c6ba55e6cb", "number": "+14073596676", "date": "2021-01-23 12:59:41", "subject": "3", "recorded-or-robo": "Y", "city": "", "state": "IL", "area-code": "708"}, {"id": "1d36742e3f24f50e4e7ae82801ec2bf5", "number": "+14073596676", "date": "2021-01-23 12:59:41", "subject": "3", "recorded-or-robo": "Y", "city": "", "state": "IL", "area-code": "708"}, {"id": "3decc6bfadaa436a105714c6ba0290c7", "number": "", "date": "2021-01-22 12:00:00", "subject": "2", "recorded-or-robo": "Y", "city": "Fulton", "state": "MD", "area-code": "202"}, {"id": "1d36742e3f24f50e4e7ae828019a1b71", "number": "", "date": "2021-01-22 12:00:00", "subject": "2", "recorded-or-robo": "Y", "city": "Fulton", "state": "MD", "area-code": "202"}, {"id": "3decc6bfadaa436a105714c6ba0285b7", "number": "7207410609", "date": "2021-01-19 12:14:00", "subject": "2", "recorded-or-robo": "N", "city": "", "state": "CO", "area-code": "720"}, {"id": "1d36742e3f24f50e4e7ae828019a14a3", "number": "7207410609", "date": "2021-01-19 12:14:00", "subject": "2", "recorded-or-robo": "N", "city": "", "state": "CO", "area-code": "720"}, {"id": "3decc6bfadaa436a105714c6ba0275c7", "number": "6602008531", "date": "2021-01-23 11:11:00", "subject": "2", "recorded-or-robo": "Y", "city": "Butler", "state": "MO", "area-code": "660"}, {"id": "1d36742e3f24f50e4e7ae828019a1396", "number": "6602008531", "date": "2021-01-23 11:11:00", "subject": "2", "recorded-or-robo": "Y", "city": "Butler", "state": "MO", "area-code": "660"}, {"id": "3decc6bfadaa436a105714c6ba0274ee", "number": "2816361560", "date": "2021-01-23 11:52:00", "subject": "1", "recorded-or-robo": "Y", "city": "Kingwood", "state": "TX", "area-code": "281"}, {"id": "1d36742e3f24f50e4e7ae828019a1088", "number": "2816361560", "date": "2021-01-23 11:52:00", "subject": "1", "recorded-or-robo": "Y", "city": "Kingwood", "state": "TX", "area-code": "281"}, {"id": "3decc6bfadaa436a105714c6ba025ce6", "number": "8059839961", "date": "2021-01-23 09:55:00", "subject": "2", "recorded-or-robo": "Y", "city": "", "state": "CA", "area-code": "805"}, {"id": "1d36742e3f24f50e4e7ae828019a02c4", "number": "8059839961", "date": "2021-01-23 09:55:00", "subject": "2", "recorded-or-robo": "Y", "city": "", "state": "CA", "area-code": "805"}, {"id": "3decc6bfadaa436a105714c6ba025c69", "number": "5862418190", "date": "2021-01-23 12:44:00", "subject": "0", "recorded-or-robo": "N", "city": "", "state": "MI", "area-code": "313"}, {"id": "1d36742e3f24f50e4e7ae8280199fba3", "number": "5862418190", "date": "2021-01-23 12:44:00", "subject": "0", "recorded-or-robo": "N", "city": "", "state": "MI", "area-code": "313"}, {"id": "3decc6bfadaa436a105714c6ba0254a2", "number": "8157560699", "date": "2021-01-22 09:25:00", "subject": "0", "recorded-or-robo": "Y", "city": "Joliet", "state": "IL", "area-code": "815"}, {"id": "1d36742e3f24f50e4e7ae8280199faff", "number": "8157560699", "date": "2021-01-22 09:25:00", "subject": "0", "recorded-or-robo": "Y", "city": "Joliet", "state": "IL", "area-code": "815"}, {"id": "3decc6bfadaa436a105714c6ba025401", "number": "2013035172", "date": "2021-01-23 12:45:00", "subject": "2", "recorded-or-robo": "Y", "city": "Belleville", "state": "NJ", "area-code": "201"}, {"id": "1d36742e3f24f50e4e7ae8280199f775", "number": "2013035172", "date": "2021-01-23 12:45:00", "subject": "2", "recorded-or-robo": "Y", "city": "Belleville", "state": "NJ", "area-code": "201"}, {"id": "3decc6bfadaa436a105714c6ba024a56", "number": "2132385539", "date": "2021-01-22 16:52:00", "subject": "1", "recorded-or-robo": "Y", "city": "Fort Myers", "state": "FL", "area-code": "630"}, {"id": "1d36742e3f24f50e4e7ae8280199e85a", "number": "2132385539", "date": "2021-01-22 16:52:00", "subject": "1", "recorded-or-robo": "Y", "city": "Fort Myers", "state": "FL", "area-code": "630"}, {"id": "3decc6bfadaa436a105714c6ba023a5b", "number": "9736953932", "date": "2021-01-22 16:29:00", "subject": "1", "recorded-or-robo": "Y", "city": "Newark", "state": "NJ", "area-code": "862"}, {"id": "1d36742e3f24f50e4e7ae8280199d9a5", "number": "9736953932", "date": "2021-01-22 16:29:00", "subject": "1", "recorded-or-robo": "Y", "city": "Newark", "state": "NJ", "area-code": "862"}, {"id": "3decc6bfadaa436a105714c6ba023416", "number": "8886511458", "date": "2021-01-19 11:10:00", "subject": "2", "recorded-or-robo": "N", "city": "", "state": "CO", "area-code": "720"}, {"id": "1d36742e3f24f50e4e7ae8280199d439", "number": "8886511458", "date": "2021-01-19 11:10:00", "subject": "2", "recorded-or-robo": "N", "city": "", "state": "CO", "area-code": "720"}, {"id": "3decc6bfadaa436a105714c6ba022570", "number": "8476871682", "date": "2021-01-23 11:53:00", "subject": "3", "recorded-or-robo": "Y", "city": "", "state": "IL", "area-code": "847"}, {"id": "3decc6bfadaa436a105714c6ba021db4", "number": "", "date": "2021-01-23 09:45:00", "subject": "1", "recorded-or-robo": "Y", "city": "Clinton", "state": "WA", "area-code": "425"}, {"id": "1d36742e3f24f50e4e7ae8280199c5b6", "number": "8476871682", "date": "2021-01-23 11:53:00", "subject": "3", "recorded-or-robo": "Y", "city": "", "state": "IL", "area-code": "847"}, {"id": "1d36742e3f24f50e4e7ae8280199bed2", "number": "", "date": "2021-01-23 09:45:00", "subject": "1", "recorded-or-robo": "Y", "city": "Clinton", "state": "WA", "area-code": "425"}, {"id": "3decc6bfadaa436a105714c6ba02105a", "number": "8665278126", "date": "2021-01-23 12:00:00", "subject": "11", "recorded-or-robo": "Y", "city": "", "state": "MO", "area-code": "314"}, {"id": "3decc6bfadaa436a105714c6ba0208c5", "number": "8042076365", "date": "2021-01-23 10:25:00", "subject": "2", "recorded-or-robo": "N", "city": "Draper", "state": "UT", "area-code": "801"}, {"id": "1d36742e3f24f50e4e7ae8280199bc4a", "number": "8665278126", "date": "2021-01-23 12:00:00", "subject": "11", "recorded-or-robo": "Y", "city": "", "state": "MO", "area-code": "314"}, {"id": "1d36742e3f24f50e4e7ae8280199b01d", "number": "8042076365", "date": "2021-01-23 10:25:00", "subject": "2", "recorded-or-robo": "N", "city": "Draper", "state": "UT", "area-code": "801"}, {"id": "3decc6bfadaa436a105714c6ba55ed15", "number": "+17738633715", "date": "2021-01-23 12:57:59", "subject": "3", "recorded-or-robo": "Y", "city": "", "state": "IL", "area-code": "773"}, {"id": "1d36742e3f24f50e4e7ae82801ec35f8", "number": "+17738633715", "date": "2021-01-23 12:57:59", "subject": "3", "recorded-or-robo": "Y", "city": "", "state": "IL", "area-code": "773"}, {"id": "3decc6bfadaa436a105714c6ba01fc29", "number": "4076304500", "date": "2021-01-23 12:48:00", "subject": "1", "recorded-or-robo": "Y", "city": "", "state": "FL", "area-code": "407"}]}