{"data": [{"id": "490dde24b259add1335244cd1b14b36f", "number": "5015093752", "date": "2021-01-25 14:37:00", "subject": "0", "recorded-or-robo": "Y", "city": "Manassas Park", "state": "VA", "area-code": "703"}, {"id": "490dde24b259add1335244cd1b14abb3", "number": "6236667185", "date": "2021-01-25 13:04:00", "subject": "5", "recorded-or-robo": "Y", "city": "Buckeye", "state": "AZ", "area-code": "623"}, {"id": "490dde24b259add1335244cd1b149feb", "number": "8663218203", "date": "2021-01-11 17:18:00", "subject": "2", "recorded-or-robo": "", "city": "Floral Park", "state": "NY", "area-code": "516"}, {"id": "490dde24b259add1335244cd1b1492ac", "number": "6088791508", "date": "2020-12-29 13:34:00", "subject": "2", "recorded-or-robo": "Y", "city": "", "state": "WI", "area-code": "920"}, {"id": "490dde24b259add1335244cd1b1491c0", "number": "8657494741", "date": "2021-01-26 09:46:00", "subject": "4", "recorded-or-robo": "Y", "city": "loudon", "state": "TN", "area-code": "865"}, {"id": "490dde24b259add1335244cd1b148a9a", "number": "2622281661", "date": "2021-01-26 08:46:00", "subject": "1", "recorded-or-robo": "N", "city": "Phoenix", "state": "AZ", "area-code": "262"}, {"id": "490dde24b259add1335244cd1b147cab", "number": "7403090024", "date": "2021-01-26 10:45:00", "subject": "2", "recorded-or-robo": "Y", "city": "Suffolk", "state": "VA", "area-code": "757"}, {"id": "490dde24b259add1335244cd1b1470b1", "number": "4259443670", "date": "2021-01-26 07:13:00", "subject": "5", "recorded-or-robo": "Y", "city": "", "state": "WA", "area-code": "425"}, {"id": "490dde24b259add1335244cd1b1466f1", "number": "9473339046", "date": "2021-01-25 15:30:00", "subject": "0", "recorded-or-robo": "N", "city": "", "state": "PA", "area-code": "610"}, {"id": "490dde24b259add1335244cd1b145aff", "number": "6619956197", "date": "2021-01-26 00:00:00", "subject": "3", "recorded-or-robo": "Y", "city": "", "state": "CA", "area-code": "661"}, {"id": "490dde24b259add1335244cd1b145a50", "number": "2623517836", "date": "2021-01-22 18:37:00", "subject": "2", "recorded-or-robo": "Y", "city": "", "state": "WI", "area-code": "262"}, {"id": "490dde24b259add1335244cd1b145029", "number": "4174851140", "date": "2021-01-25 07:51:00", "subject": "2", "recorded-or-robo": "N", "city": "", "state": "MO", "area-code": "417"}, {"id": "490dde24b259add1335244cd1b144919", "number": "6784975217", "date": "2021-01-26 10:49:00", "subject": "2", "recorded-or-robo": "N", "city": "dallas", "state": "GA", "area-code": "404"}, {"id": "490dde24b259add1335244cd1b143df0", "number": "6158917402", "date": "2021-01-26 09:45:00", "subject": "6", "recorded-or-robo": "N", "city": "Murfreesboro", "state": "TN", "area-code": "615"}, {"id": "490dde24b259add1335244cd1b143932", "number": "2488714292", "date": "2021-01-25 10:00:00", "subject": "2", "recorded-or-robo": "Y", "city": "", "state": "MI", "area-code": "989"}, {"id": "490dde24b259add1335244cd1b1430ce", "number": "8103661006", "date": "2021-01-26 09:43:00", "subject": "0", "recorded-or-robo": "", "city": "", "state": "TX", "area-code": "936"}, {"id": "490dde24b259add1335244cd1b142afe", "number": "3073403346", "date": "2021-01-26 09:30:00", "subject": "1", "recorded-or-robo": "Y", "city": "Overland Park", "state": "KS", "area-code": "443"}, {"id": "490dde24b259add1335244cd1b142a76", "number": "6468124480", "date": "2021-01-25 12:42:00", "subject": "2", "recorded-or-robo": "N", "city": "Orlando", "state": "NY", "area-code": "646"}, {"id": "490dde24b259add1335244cd1b142802", "number": "9316504625", "date": "2021-01-26 09:49:00", "subject": "4", "recorded-or-robo": "Y", "city": "", "state": "TN", "area-code": "931"}, {"id": "490dde24b259add1335244cd1b141d34", "number": "9083940162", "date": "2021-01-26 10:48:00", "subject": "2", "recorded-or-robo": "Y", "city": "APEX", "state": "NC", "area-code": "919"}, {"id": "490dde24b259add1335244cd1b14149e", "number": "7036594232", "date": "2021-01-26 10:38:00", "subject": "1", "recorded-or-robo": "Y", "city": "", "state": "VA", "area-code": "703"}, {"id": "490dde24b259add1335244cd1b140a60", "number": "7403671057", "date": "2021-01-26 10:06:00", "subject": "2", "recorded-or-robo": "N", "city": "Gibsonia", "state": "PA", "area-code": "724"}, {"id": "490dde24b259add1335244cd1b1401bd", "number": "2083287219", "date": "2021-01-26 00:00:00", "subject": "3", "recorded-or-robo": "", "city": "", "state": "NJ", "area-code": "609"}, {"id": "490dde24b259add1335244cd1b14008c", "number": "9197888097", "date": "2021-01-26 10:17:00", "subject": "4", "recorded-or-robo": "Y", "city": "loudon", "state": "TN", "area-code": "865"}, {"id": "490dde24b259add1335244cd1b13faa0", "number": "5162188653", "date": "2021-01-21 20:06:00", "subject": "2", "recorded-or-robo": "", "city": "Floral Park", "state": "NY", "area-code": "516"}, {"id": "490dde24b259add1335244cd1b13f751", "number": "5408821936", "date": "2021-01-26 09:16:00", "subject": "2", "recorded-or-robo": "Y", "city": "", "state": "VA", "area-code": "540"}, {"id": "490dde24b259add1335244cd1b13efef", "number": "2625731012", "date": "2021-01-23 09:34:00", "subject": "2", "recorded-or-robo": "N", "city": "", "state": "WI", "area-code": "262"}, {"id": "490dde24b259add1335244cd1b13e1f2", "number": "8255551471", "date": "2021-01-26 10:25:00", "subject": "2", "recorded-or-robo": "Y", "city": "", "state": "MI", "area-code": "248"}, {"id": "490dde24b259add1335244cd1b13dc97", "number": "7197453077", "date": "2021-01-26 09:41:00", "subject": "4", "recorded-or-robo": "Y", "city": "Cary", "state": "IL", "area-code": "305"}, {"id": "490dde24b259add1335244cd1b13d482", "number": "6599998131", "date": "2021-01-25 10:14:00", "subject": "2", "recorded-or-robo": "Y", "city": "", "state": "MI", "area-code": "989"}, {"id": "490dde24b259add1335244cd1b13caec", "number": "2483521616", "date": "2021-01-25 11:52:00", "subject": "0", "recorded-or-robo": "N", "city": "", "state": "PA", "area-code": "610"}, {"id": "490dde24b259add1335244cd1b13c6fd", "number": "3252383917", "date": "2021-01-26 09:12:00", "subject": "4", "recorded-or-robo": "Y", "city": "Baytown", "state": "TX", "area-code": "281"}, {"id": "490dde24b259add1335244cd1b13c5c6", "number": "3644444264", "date": "2021-01-25 10:31:00", "subject": "3", "recorded-or-robo": "Y", "city": "", "state": "KY", "area-code": "859"}, {"id": "490dde24b259add1335244cd1b13bc33", "number": "9186021024", "date": "2021-01-15 13:25:00", "subject": "5", "recorded-or-robo": "Y", "city": "Owasso", "state": "OK", "area-code": "918"}, {"id": "490dde24b259add1335244cd1b13b38f", "number": "4172077534", "date": "2021-01-26 09:49:00", "subject": "2", "recorded-or-robo": "N", "city": "", "state": "MO", "area-code": "417"}, {"id": "490dde24b259add1335244cd1b13ad0b", "number": "", "date": "2021-01-26 22:20:00", "subject": "3", "recorded-or-robo": "N", "city": "West Palm Beach", "state": "FL", "area-code": "561"}, {"id": "490dde24b259add1335244cd1b13a247", "number": "7193533334", "date": "2021-01-26 08:47:00", "subject": "5", "recorded-or-robo": "Y", "city": "Loveland", "state": "CO", "area-code": "970"}, {"id": "490dde24b259add1335244cd1b13a125", "number": "3168161764", "date": "2021-01-26 10:40:00", "subject": "2", "recorded-or-robo": "Y", "city": "", "state": "GA", "area-code": "404"}, {"id": "490dde24b259add1335244cd1b139841", "number": "5123807832", "date": "2021-01-19 07:30:00", "subject": "4", "recorded-or-robo": "Y", "city": "Duluth", "state": "GA", "area-code": "214"}, {"id": "490dde24b259add1335244cd1b138bae", "number": "4408485229", "date": "2021-01-26 10:47:00", "subject": "4", "recorded-or-robo": "Y", "city": "Parma", "state": "OH", "area-code": "440"}, {"id": "490dde24b259add1335244cd1b1385a5", "number": "9094538834", "date": "2021-01-26 12:00:00", "subject": "2", "recorded-or-robo": "N", "city": "San Bernardino", "state": "CA", "area-code": "909"}, {"id": "490dde24b259add1335244cd1b137d0e", "number": "4143866224", "date": "2021-01-26 09:45:00", "subject": "4", "recorded-or-robo": "Y", "city": "", "state": "WI", "area-code": "414"}, {"id": "490dde24b259add1335244cd1b13759e", "number": "2029293751", "date": "2021-01-26 10:09:00", "subject": "0", "recorded-or-robo": "Y", "city": "Manassas Park", "state": "VA", "area-code": "703"}, {"id": "490dde24b259add1335244cd1b136628", "number": "9788980137", "date": "2021-01-26 10:36:00", "subject": "4", "recorded-or-robo": "Y", "city": "Rumford", "state": "RI", "area-code": "401"}, {"id": "490dde24b259add1335244cd1b1356eb", "number": "4693362499", "date": "2021-01-26 06:46:00", "subject": "0", "recorded-or-robo": "Y", "city": "", "state": "CO", "area-code": "719"}, {"id": "490dde24b259add1335244cd1b13562d", "number": "9896848599", "date": "2021-01-25 15:59:00", "subject": "2", "recorded-or-robo": "Y", "city": "", "state": "MI", "area-code": "989"}, {"id": "490dde24b259add1335244cd1b134d52", "number": "2623050512", "date": "2021-01-25 10:57:00", "subject": "1", "recorded-or-robo": "Y", "city": "", "state": "WI", "area-code": "262"}, {"id": "490dde24b259add1335244cd1b134aaa", "number": "8043754184", "date": "2021-01-26 10:45:00", "subject": "4", "recorded-or-robo": "Y", "city": "", "state": "VA", "area-code": "804"}, {"id": "490dde24b259add1335244cd1b134136", "number": "9208801553", "date": "2021-01-11 14:30:00", "subject": "2", "recorded-or-robo": "Y", "city": "", "state": "WI", "area-code": "920"}, {"id": "490dde24b259add1335244cd1b1331d9", "number": "6083304570", "date": "2021-01-26 09:12:00", "subject": "5", "recorded-or-robo": "Y", "city": "Fennimore", "state": "WI", "area-code": "608"}]}