{"data": [{"id": "03e293b3df9e35eadf15c561191b7b88", "number": "6125641209", "date": "2021-01-23 23:27:21", "subject": "3", "recorded-or-robo": "Y", "city": "", "state": "MN", "area-code": "612"}, {"id": "3decc6bfadaa436a105714c6ba72244a", "number": "2156607990", "date": "2021-01-21 13:37:00", "subject": "0", "recorded-or-robo": "Y", "city": "TUCSON", "state": "AZ", "area-code": "215"}, {"id": "03e293b3df9e35eadf15c56119085e31", "number": "2156607990", "date": "2021-01-21 13:37:00", "subject": "0", "recorded-or-robo": "Y", "city": "TUCSON", "state": "AZ", "area-code": "215"}, {"id": "3decc6bfadaa436a105714c6ba7222cd", "number": "9853043261", "date": "2021-01-22 09:37:00", "subject": "0", "recorded-or-robo": "Y", "city": "TUCSON", "state": "AZ", "area-code": "215"}, {"id": "03e293b3df9e35eadf15c56119084f79", "number": "9853043261", "date": "2021-01-22 09:37:00", "subject": "0", "recorded-or-robo": "Y", "city": "TUCSON", "state": "AZ", "area-code": "215"}, {"id": "3decc6bfadaa436a105714c6ba721522", "number": "9853043261", "date": "2021-01-22 10:55:00", "subject": "0", "recorded-or-robo": "Y", "city": "TUCSON", "state": "AZ", "area-code": "215"}, {"id": "03e293b3df9e35eadf15c5611908499d", "number": "9853043261", "date": "2021-01-22 10:55:00", "subject": "0", "recorded-or-robo": "Y", "city": "TUCSON", "state": "AZ", "area-code": "215"}, {"id": "3decc6bfadaa436a105714c6ba72097a", "number": "9853043261", "date": "2021-01-22 12:17:00", "subject": "0", "recorded-or-robo": "Y", "city": "TUCSON", "state": "AZ", "area-code": "215"}, {"id": "03e293b3df9e35eadf15c56119084658", "number": "9853043261", "date": "2021-01-22 12:17:00", "subject": "0", "recorded-or-robo": "Y", "city": "TUCSON", "state": "AZ", "area-code": "215"}, {"id": "3decc6bfadaa436a105714c6ba85066a", "number": "9852419477", "date": "2021-01-23 23:21:01", "subject": "3", "recorded-or-robo": "N", "city": "", "state": "TX", "area-code": "979"}, {"id": "03e293b3df9e35eadf15c561191b7162", "number": "9852419477", "date": "2021-01-23 23:21:01", "subject": "3", "recorded-or-robo": "N", "city": "", "state": "TX", "area-code": "979"}, {"id": "3decc6bfadaa436a105714c6ba7206da", "number": "?18443502", "date": "2021-01-23 15:45:00", "subject": "2", "recorded-or-robo": "N", "city": "Cotati", "state": "CA", "area-code": "707"}, {"id": "03e293b3df9e35eadf15c56119083b82", "number": "?18443502", "date": "2021-01-23 15:45:00", "subject": "2", "recorded-or-robo": "N", "city": "Cotati", "state": "CA", "area-code": "707"}, {"id": "3decc6bfadaa436a105714c6ba850c58", "number": "9086514994", "date": "2021-01-23 23:20:17", "subject": "3", "recorded-or-robo": "Y", "city": "", "state": "NJ", "area-code": "732"}, {"id": "03e293b3df9e35eadf15c561191b75d3", "number": "9086514994", "date": "2021-01-23 23:20:17", "subject": "3", "recorded-or-robo": "Y", "city": "", "state": "NJ", "area-code": "732"}, {"id": "3decc6bfadaa436a105714c6ba71fbee", "number": "8556984599", "date": "2021-01-23 18:47:00", "subject": "11", "recorded-or-robo": "Y", "city": "St. Louis", "state": "MO", "area-code": "314"}, {"id": "03e293b3df9e35eadf15c56119082f81", "number": "8556984599", "date": "2021-01-23 18:47:00", "subject": "11", "recorded-or-robo": "Y", "city": "St. Louis", "state": "MO", "area-code": "314"}, {"id": "3decc6bfadaa436a105714c6ba71f755", "number": "5127853205", "date": "2021-01-23 21:41:00", "subject": "2", "recorded-or-robo": "N", "city": "", "state": "", "area-code": "216"}, {"id": "03e293b3df9e35eadf15c56119082e2d", "number": "5127853205", "date": "2021-01-23 21:41:00", "subject": "2", "recorded-or-robo": "N", "city": "", "state": "", "area-code": "216"}, {"id": "3decc6bfadaa436a105714c6ba71ec4e", "number": "2089510355", "date": "2021-01-23 14:05:00", "subject": "2", "recorded-or-robo": "Y", "city": "birmingham", "state": "AL", "area-code": "205"}, {"id": "03e293b3df9e35eadf15c56119082ccf", "number": "2089510355", "date": "2021-01-23 14:05:00", "subject": "2", "recorded-or-robo": "Y", "city": "birmingham", "state": "AL", "area-code": "205"}, {"id": "3decc6bfadaa436a105714c6ba71e0e4", "number": "9095051698", "date": "2021-01-23 17:22:00", "subject": "0", "recorded-or-robo": "Y", "city": "Camarillo", "state": "CA", "area-code": "805"}, {"id": "03e293b3df9e35eadf15c56119082396", "number": "9095051698", "date": "2021-01-23 17:22:00", "subject": "0", "recorded-or-robo": "Y", "city": "Camarillo", "state": "CA", "area-code": "805"}, {"id": "3decc6bfadaa436a105714c6ba71d4ef", "number": "8182766184", "date": "2021-01-23 18:50:00", "subject": "0", "recorded-or-robo": "Y", "city": "Camarillo", "state": "CA", "area-code": "805"}, {"id": "03e293b3df9e35eadf15c56119081782", "number": "8182766184", "date": "2021-01-23 18:50:00", "subject": "0", "recorded-or-robo": "Y", "city": "Camarillo", "state": "CA", "area-code": "805"}, {"id": "3decc6bfadaa436a105714c6ba84fd6f", "number": "8773782318", "date": "2021-01-23 23:13:16", "subject": "3", "recorded-or-robo": "Y", "city": "", "state": "TX", "area-code": "214"}, {"id": "03e293b3df9e35eadf15c561191b66b8", "number": "8773782318", "date": "2021-01-23 23:13:16", "subject": "3", "recorded-or-robo": "Y", "city": "", "state": "TX", "area-code": "214"}, {"id": "3decc6bfadaa436a105714c6ba84f3d4", "number": "+15756426867", "date": "2021-01-23 23:12:46", "subject": "3", "recorded-or-robo": "Y", "city": "", "state": "NM", "area-code": "575"}, {"id": "03e293b3df9e35eadf15c561191b5ba0", "number": "+15756426867", "date": "2021-01-23 23:12:46", "subject": "3", "recorded-or-robo": "Y", "city": "", "state": "NM", "area-code": "575"}, {"id": "3decc6bfadaa436a105714c6ba71cf74", "number": "7242018879", "date": "2021-01-22 10:41:00", "subject": "4", "recorded-or-robo": "Y", "city": "", "state": "PA", "area-code": "724"}, {"id": "03e293b3df9e35eadf15c56119080b8a", "number": "7242018879", "date": "2021-01-22 10:41:00", "subject": "4", "recorded-or-robo": "Y", "city": "", "state": "PA", "area-code": "724"}, {"id": "3decc6bfadaa436a105714c6ba84ef27", "number": "+12154045950", "date": "2021-01-23 23:11:11", "subject": "3", "recorded-or-robo": "N", "city": "", "state": "PA", "area-code": "484"}, {"id": "03e293b3df9e35eadf15c561191b55e4", "number": "+12154045950", "date": "2021-01-23 23:11:11", "subject": "3", "recorded-or-robo": "N", "city": "", "state": "PA", "area-code": "484"}, {"id": "3decc6bfadaa436a105714c6ba71ca3c", "number": "4058650631", "date": "2021-01-23 11:56:00", "subject": "4", "recorded-or-robo": "Y", "city": "", "state": "OK", "area-code": "405"}, {"id": "03e293b3df9e35eadf15c5611907fe60", "number": "4058650631", "date": "2021-01-23 11:56:00", "subject": "4", "recorded-or-robo": "Y", "city": "", "state": "OK", "area-code": "405"}, {"id": "3decc6bfadaa436a105714c6ba71c481", "number": "4809239744", "date": "2021-01-23 09:46:00", "subject": "4", "recorded-or-robo": "Y", "city": "", "state": "AZ", "area-code": "480"}, {"id": "03e293b3df9e35eadf15c5611907f670", "number": "4809239744", "date": "2021-01-23 09:46:00", "subject": "4", "recorded-or-robo": "Y", "city": "", "state": "AZ", "area-code": "480"}, {"id": "3decc6bfadaa436a105714c6ba71b577", "number": "6206602334", "date": "2021-01-23 22:00:00", "subject": "1", "recorded-or-robo": "N", "city": "VALLEY CENTER", "state": "KS", "area-code": "316"}, {"id": "03e293b3df9e35eadf15c5611907f49e", "number": "6206602334", "date": "2021-01-23 22:00:00", "subject": "1", "recorded-or-robo": "N", "city": "VALLEY CENTER", "state": "KS", "area-code": "316"}, {"id": "3decc6bfadaa436a105714c6ba71b1f6", "number": "5208390094", "date": "2021-01-22 10:55:00", "subject": "2", "recorded-or-robo": "Y", "city": "green valley", "state": "AZ", "area-code": "520"}, {"id": "03e293b3df9e35eadf15c5611907e699", "number": "5208390094", "date": "2021-01-22 10:55:00", "subject": "2", "recorded-or-robo": "Y", "city": "green valley", "state": "AZ", "area-code": "520"}, {"id": "3decc6bfadaa436a105714c6ba84d49c", "number": "+15619683636", "date": "2021-01-23 23:02:30", "subject": "3", "recorded-or-robo": "Y", "city": "", "state": "NJ", "area-code": "551"}, {"id": "03e293b3df9e35eadf15c561191b31ff", "number": "+15619683636", "date": "2021-01-23 23:02:30", "subject": "3", "recorded-or-robo": "Y", "city": "", "state": "NJ", "area-code": "551"}, {"id": "3decc6bfadaa436a105714c6ba84d6b4", "number": "+18133591122", "date": "2021-01-23 23:02:13", "subject": "3", "recorded-or-robo": "Y", "city": "", "state": "FL", "area-code": "813"}, {"id": "03e293b3df9e35eadf15c561191b3898", "number": "+18133591122", "date": "2021-01-23 23:02:13", "subject": "3", "recorded-or-robo": "Y", "city": "", "state": "FL", "area-code": "813"}, {"id": "3decc6bfadaa436a105714c6ba84c8e7", "number": "+17279479428", "date": "2021-01-23 23:01:45", "subject": "3", "recorded-or-robo": "Y", "city": "", "state": "FL", "area-code": "813"}, {"id": "03e293b3df9e35eadf15c561191b2ba7", "number": "+17279479428", "date": "2021-01-23 23:01:45", "subject": "3", "recorded-or-robo": "Y", "city": "", "state": "FL", "area-code": "813"}, {"id": "3decc6bfadaa436a105714c6ba71ab23", "number": "4086751646", "date": "2021-01-22 21:02:00", "subject": "1", "recorded-or-robo": "Y", "city": "San Jose", "state": "CA", "area-code": "408"}, {"id": "03e293b3df9e35eadf15c5611907db73", "number": "4086751646", "date": "2021-01-22 21:02:00", "subject": "1", "recorded-or-robo": "Y", "city": "San Jose", "state": "CA", "area-code": "408"}, {"id": "3decc6bfadaa436a105714c6ba71a330", "number": "8884938140xt", "date": "2021-01-23 12:00:00", "subject": "2", "recorded-or-robo": "Y", "city": "Wills Point", "state": "TX", "area-code": "903"}]}