{"data": [{"id": "03e293b3df9e35eadf15c5611923d223", "number": "", "date": "2021-01-24 18:09:00", "subject": "5", "recorded-or-robo": "Y", "city": "Haryana", "state": "WA", "area-code": "970"}, {"id": "3decc6bfadaa436a105714c6ba8d6c90", "number": "5067394668", "date": "2021-01-24 00:00:00", "subject": "2", "recorded-or-robo": "Y", "city": "McCormick", "state": "SC", "area-code": "860"}, {"id": "03e293b3df9e35eadf15c5611923c8e5", "number": "5067394668", "date": "2021-01-24 00:00:00", "subject": "2", "recorded-or-robo": "Y", "city": "McCormick", "state": "SC", "area-code": "860"}, {"id": "3decc6bfadaa436a105714c6ba8d67dd", "number": "2029293751", "date": "2021-01-24 09:00:00", "subject": "2", "recorded-or-robo": "Y", "city": "", "state": "VA", "area-code": "703"}, {"id": "03e293b3df9e35eadf15c5611923c313", "number": "2029293751", "date": "2021-01-24 09:00:00", "subject": "2", "recorded-or-robo": "Y", "city": "", "state": "VA", "area-code": "703"}, {"id": "3decc6bfadaa436a105714c6ba8d66d8", "number": "3079863676", "date": "2020-12-30 08:23:00", "subject": "4", "recorded-or-robo": "Y", "city": "Riverton", "state": "WY", "area-code": "307"}, {"id": "03e293b3df9e35eadf15c5611923b6ed", "number": "3079863676", "date": "2020-12-30 08:23:00", "subject": "4", "recorded-or-robo": "Y", "city": "Riverton", "state": "WY", "area-code": "307"}, {"id": "3decc6bfadaa436a105714c6ba8d5e9b", "number": "3528281511", "date": "2021-01-22 16:04:00", "subject": "2", "recorded-or-robo": "Y", "city": "McCormick", "state": "SC", "area-code": "860"}, {"id": "03e293b3df9e35eadf15c5611923a94d", "number": "3528281511", "date": "2021-01-22 16:04:00", "subject": "2", "recorded-or-robo": "Y", "city": "McCormick", "state": "SC", "area-code": "860"}, {"id": "3decc6bfadaa436a105714c6ba8d5569", "number": "8062055006", "date": "2021-01-24 08:08:00", "subject": "2", "recorded-or-robo": "Y", "city": "tx", "state": "TX", "area-code": "806"}, {"id": "03e293b3df9e35eadf15c56119239b93", "number": "8062055006", "date": "2021-01-24 08:08:00", "subject": "2", "recorded-or-robo": "Y", "city": "tx", "state": "TX", "area-code": "806"}, {"id": "3decc6bfadaa436a105714c6ba8d48c5", "number": "8627010866", "date": "2021-01-24 18:15:00", "subject": "2", "recorded-or-robo": "N", "city": "", "state": "", "area-code": "787"}, {"id": "03e293b3df9e35eadf15c56119239681", "number": "8627010866", "date": "2021-01-24 18:15:00", "subject": "2", "recorded-or-robo": "N", "city": "", "state": "", "area-code": "787"}, {"id": "3decc6bfadaa436a105714c6ba8d394d", "number": "8559558484", "date": "2021-01-24 04:13:00", "subject": "7", "recorded-or-robo": "Y", "city": "tampa", "state": "FL", "area-code": "813"}, {"id": "03e293b3df9e35eadf15c5611923935c", "number": "8559558484", "date": "2021-01-24 04:13:00", "subject": "7", "recorded-or-robo": "Y", "city": "tampa", "state": "FL", "area-code": "813"}, {"id": "3decc6bfadaa436a105714c6ba8d2d2c", "number": "", "date": "2021-01-13 09:37:00", "subject": "0", "recorded-or-robo": "Y", "city": "Destin", "state": "FL", "area-code": "850"}, {"id": "03e293b3df9e35eadf15c56119238af7", "number": "", "date": "2021-01-13 09:37:00", "subject": "0", "recorded-or-robo": "Y", "city": "Destin", "state": "FL", "area-code": "850"}, {"id": "3decc6bfadaa436a105714c6ba8d1f1d", "number": "3157351980", "date": "2021-01-15 12:00:00", "subject": "2", "recorded-or-robo": "N", "city": "MOHAWK", "state": "NY", "area-code": "315"}, {"id": "03e293b3df9e35eadf15c56119238419", "number": "3157351980", "date": "2021-01-15 12:00:00", "subject": "2", "recorded-or-robo": "N", "city": "MOHAWK", "state": "NY", "area-code": "315"}, {"id": "3decc6bfadaa436a105714c6ba8d0f3e", "number": "3152591519", "date": "2021-01-19 21:16:00", "subject": "2", "recorded-or-robo": "N", "city": "MOHAWK", "state": "NY", "area-code": "315"}, {"id": "03e293b3df9e35eadf15c5611923831b", "number": "3152591519", "date": "2021-01-19 21:16:00", "subject": "2", "recorded-or-robo": "N", "city": "MOHAWK", "state": "NY", "area-code": "315"}, {"id": "3decc6bfadaa436a105714c6ba8cffef", "number": "7089383191", "date": "2021-01-23 18:14:00", "subject": "0", "recorded-or-robo": "Y", "city": "Orland Park", "state": "IL", "area-code": "708"}, {"id": "03e293b3df9e35eadf15c561192375c7", "number": "7089383191", "date": "2021-01-23 18:14:00", "subject": "0", "recorded-or-robo": "Y", "city": "Orland Park", "state": "IL", "area-code": "708"}, {"id": "3decc6bfadaa436a105714c6ba8cf1c2", "number": "3158147674", "date": "2021-01-20 12:24:00", "subject": "2", "recorded-or-robo": "N", "city": "MOHAWK", "state": "NY", "area-code": "315"}, {"id": "03e293b3df9e35eadf15c561192375bf", "number": "3158147674", "date": "2021-01-20 12:24:00", "subject": "2", "recorded-or-robo": "N", "city": "MOHAWK", "state": "NY", "area-code": "315"}, {"id": "3decc6bfadaa436a105714c6ba8ce296", "number": "3158215990", "date": "2021-01-20 16:17:00", "subject": "2", "recorded-or-robo": "N", "city": "MOHAWK", "state": "NY", "area-code": "315"}, {"id": "03e293b3df9e35eadf15c56119236f4d", "number": "3158215990", "date": "2021-01-20 16:17:00", "subject": "2", "recorded-or-robo": "N", "city": "MOHAWK", "state": "NY", "area-code": "315"}, {"id": "3decc6bfadaa436a105714c6ba8cd8a2", "number": "3304276372", "date": "2021-01-23 00:00:00", "subject": "2", "recorded-or-robo": "Y", "city": "Dover", "state": "OH", "area-code": "330"}, {"id": "03e293b3df9e35eadf15c56119236dc3", "number": "3304276372", "date": "2021-01-23 00:00:00", "subject": "2", "recorded-or-robo": "Y", "city": "Dover", "state": "OH", "area-code": "330"}, {"id": "3decc6bfadaa436a105714c6ba8cce2f", "number": "3152763042", "date": "2021-01-21 22:16:00", "subject": "2", "recorded-or-robo": "N", "city": "MOHAWK", "state": "NY", "area-code": "315"}, {"id": "03e293b3df9e35eadf15c56119236a2f", "number": "3152763042", "date": "2021-01-21 22:16:00", "subject": "2", "recorded-or-robo": "N", "city": "MOHAWK", "state": "NY", "area-code": "315"}, {"id": "3decc6bfadaa436a105714c6ba8cbf15", "number": "4237246689", "date": "2021-01-23 13:56:00", "subject": "0", "recorded-or-robo": "Y", "city": "Orland Park", "state": "IL", "area-code": "708"}, {"id": "03e293b3df9e35eadf15c561192363ba", "number": "4237246689", "date": "2021-01-23 13:56:00", "subject": "0", "recorded-or-robo": "Y", "city": "Orland Park", "state": "IL", "area-code": "708"}, {"id": "3decc6bfadaa436a105714c6ba8cbadd", "number": "3474676191", "date": "2021-01-23 22:48:00", "subject": "2", "recorded-or-robo": "Y", "city": "Richmond", "state": "UT", "area-code": "435"}, {"id": "03e293b3df9e35eadf15c561192355ff", "number": "3474676191", "date": "2021-01-23 22:48:00", "subject": "2", "recorded-or-robo": "Y", "city": "Richmond", "state": "UT", "area-code": "435"}, {"id": "3decc6bfadaa436a105714c6ba8cb48d", "number": "2342356093", "date": "2021-01-11 00:00:00", "subject": "4", "recorded-or-robo": "Y", "city": "Dover", "state": "OH", "area-code": "330"}, {"id": "03e293b3df9e35eadf15c56119234be6", "number": "2342356093", "date": "2021-01-11 00:00:00", "subject": "4", "recorded-or-robo": "Y", "city": "Dover", "state": "OH", "area-code": "330"}, {"id": "3decc6bfadaa436a105714c6ba8cacf7", "number": "7087462269", "date": "2021-01-23 19:15:00", "subject": "0", "recorded-or-robo": "Y", "city": "Orland Park", "state": "IL", "area-code": "708"}, {"id": "03e293b3df9e35eadf15c56119233e5c", "number": "7087462269", "date": "2021-01-23 19:15:00", "subject": "0", "recorded-or-robo": "Y", "city": "Orland Park", "state": "IL", "area-code": "708"}, {"id": "3decc6bfadaa436a105714c6ba8ca38c", "number": "7088751293", "date": "2021-01-23 17:30:00", "subject": "0", "recorded-or-robo": "Y", "city": "Orland Park", "state": "IL", "area-code": "708"}, {"id": "03e293b3df9e35eadf15c56119233d00", "number": "7088751293", "date": "2021-01-23 17:30:00", "subject": "0", "recorded-or-robo": "Y", "city": "Orland Park", "state": "IL", "area-code": "708"}, {"id": "3decc6bfadaa436a105714c6ba8ca0d0", "number": "", "date": "2021-01-22 10:25:00", "subject": "2", "recorded-or-robo": "Y", "city": "", "state": "CA", "area-code": "408"}, {"id": "03e293b3df9e35eadf15c56119233117", "number": "", "date": "2021-01-22 10:25:00", "subject": "2", "recorded-or-robo": "Y", "city": "", "state": "CA", "area-code": "408"}, {"id": "3decc6bfadaa436a105714c6ba8c9611", "number": "", "date": "2021-01-21 14:15:00", "subject": "2", "recorded-or-robo": "Y", "city": "", "state": "CA", "area-code": "408"}, {"id": "03e293b3df9e35eadf15c56119232d6b", "number": "", "date": "2021-01-21 14:15:00", "subject": "2", "recorded-or-robo": "Y", "city": "", "state": "CA", "area-code": "408"}, {"id": "3decc6bfadaa436a105714c6ba8c9095", "number": "", "date": "2021-01-20 16:03:00", "subject": "2", "recorded-or-robo": "Y", "city": "", "state": "CA", "area-code": "408"}, {"id": "03e293b3df9e35eadf15c56119232226", "number": "", "date": "2021-01-20 16:03:00", "subject": "2", "recorded-or-robo": "Y", "city": "", "state": "CA", "area-code": "408"}, {"id": "3decc6bfadaa436a105714c6ba8c906f", "number": "", "date": "2021-01-20 11:31:00", "subject": "2", "recorded-or-robo": "Y", "city": "", "state": "CA", "area-code": "408"}, {"id": "03e293b3df9e35eadf15c561192312bb", "number": "", "date": "2021-01-20 11:31:00", "subject": "2", "recorded-or-robo": "Y", "city": "", "state": "CA", "area-code": "408"}, {"id": "3decc6bfadaa436a105714c6ba8c8624", "number": "6826475279", "date": "2021-01-23 20:14:00", "subject": "1", "recorded-or-robo": "N", "city": "", "state": "CA", "area-code": "559"}]}