{"data": [{"id": "3decc6bfadaa436a105714c6bae5a70f", "number": "3018488066", "date": "2021-01-25 17:00:00", "subject": "1", "recorded-or-robo": "N", "city": "", "state": "MD", "area-code": "301"}, {"id": "3decc6bfadaa436a105714c6bae5a167", "number": "5133160242", "date": "2021-01-26 07:26:00", "subject": "0", "recorded-or-robo": "N", "city": "", "state": "NC", "area-code": "704"}, {"id": "3decc6bfadaa436a105714c6bae59448", "number": "3364668378", "date": "2021-01-25 20:26:00", "subject": "0", "recorded-or-robo": "N", "city": "", "state": "NC", "area-code": "704"}, {"id": "3decc6bfadaa436a105714c6bae593cd", "number": "3051462298", "date": "2021-01-25 18:31:00", "subject": "0", "recorded-or-robo": "N", "city": "", "state": "NC", "area-code": "704"}, {"id": "3decc6bfadaa436a105714c6bae584dd", "number": "2517284194", "date": "2021-01-25 14:37:00", "subject": "1", "recorded-or-robo": "Y", "city": "", "state": "MS", "area-code": "251"}, {"id": "3decc6bfadaa436a105714c6bae57f02", "number": "2086846505", "date": "2021-01-25 16:07:00", "subject": "2", "recorded-or-robo": "Y", "city": "", "state": "VA", "area-code": "703"}, {"id": "3decc6bfadaa436a105714c6bae57daf", "number": "6469126156", "date": "2021-01-25 16:13:00", "subject": "2", "recorded-or-robo": "Y", "city": "", "state": "NY", "area-code": "646"}, {"id": "3decc6bfadaa436a105714c6bae57073", "number": "4255355396", "date": "2021-01-13 10:38:00", "subject": "5", "recorded-or-robo": "Y", "city": "Chapin", "state": "IL", "area-code": "309"}, {"id": "3decc6bfadaa436a105714c6bae56f83", "number": "4062958694", "date": "2021-01-14 10:38:00", "subject": "1", "recorded-or-robo": "Y", "city": "Chapin", "state": "IL", "area-code": "309"}, {"id": "3decc6bfadaa436a105714c6bae5612e", "number": "8885905962", "date": "2021-01-26 18:00:00", "subject": "1", "recorded-or-robo": "Y", "city": "", "state": "VA", "area-code": "757"}, {"id": "3decc6bfadaa436a105714c6bae55f32", "number": "2166665547", "date": "2021-01-25 16:17:00", "subject": "2", "recorded-or-robo": "N", "city": "NORTHFIELD", "state": "OH", "area-code": "330"}, {"id": "3decc6bfadaa436a105714c6bae55a4c", "number": "9548079616", "date": "2021-01-18 13:52:00", "subject": "5", "recorded-or-robo": "Y", "city": "Chapin", "state": "IL", "area-code": "309"}, {"id": "3decc6bfadaa436a105714c6bae5509e", "number": "2136004064", "date": "2021-01-25 17:36:00", "subject": "2", "recorded-or-robo": "Y", "city": "Palm Springs", "state": "CA", "area-code": "310"}, {"id": "3decc6bfadaa436a105714c6bae54f9d", "number": "4805186743", "date": "2021-01-20 00:00:00", "subject": "5", "recorded-or-robo": "Y", "city": "Chapin", "state": "IL", "area-code": "309"}, {"id": "3decc6bfadaa436a105714c6bae54b18", "number": "7035665411", "date": "2021-01-25 16:00:00", "subject": "12", "recorded-or-robo": "Y", "city": "alexandria", "state": "VA", "area-code": "703"}, {"id": "3decc6bfadaa436a105714c6bae53df2", "number": "4075440717", "date": "2021-01-25 13:11:00", "subject": "5", "recorded-or-robo": "Y", "city": "Chapin", "state": "IL", "area-code": "309"}, {"id": "3decc6bfadaa436a105714c6bae53d01", "number": "3134291014", "date": "2021-01-25 17:04:00", "subject": "2", "recorded-or-robo": "N", "city": "", "state": "MI", "area-code": "517"}, {"id": "3decc6bfadaa436a105714c6bae53669", "number": "5137805261", "date": "2021-01-23 12:14:00", "subject": "2", "recorded-or-robo": "N", "city": "NORTHFIELD", "state": "OH", "area-code": "330"}, {"id": "3decc6bfadaa436a105714c6bae5285c", "number": "7086841136", "date": "2021-01-25 18:31:00", "subject": "4", "recorded-or-robo": "Y", "city": "Chapin", "state": "SC", "area-code": "309"}, {"id": "3decc6bfadaa436a105714c6bae51bed", "number": "4143951605", "date": "2021-01-25 16:57:00", "subject": "5", "recorded-or-robo": "Y", "city": "Van Dyne", "state": "WI", "area-code": "414"}, {"id": "3decc6bfadaa436a105714c6bae5170a", "number": "3134291014", "date": "2021-01-23 16:24:00", "subject": "2", "recorded-or-robo": "N", "city": "", "state": "MI", "area-code": "517"}, {"id": "3decc6bfadaa436a105714c6bae51347", "number": "4349852240", "date": "2021-01-25 15:52:00", "subject": "2", "recorded-or-robo": "Y", "city": "Stanardsville", "state": "VA", "area-code": "434"}, {"id": "3decc6bfadaa436a105714c6bae511b8", "number": "2169303170", "date": "2021-01-23 12:00:00", "subject": "2", "recorded-or-robo": "N", "city": "NORTHFIELD", "state": "OH", "area-code": "330"}, {"id": "3decc6bfadaa436a105714c6bae505b6", "number": "2169302284", "date": "2021-01-22 15:46:00", "subject": "2", "recorded-or-robo": "N", "city": "NORTHFIELD", "state": "OH", "area-code": "330"}, {"id": "3decc6bfadaa436a105714c6bae50427", "number": "2137690589", "date": "2021-01-26 04:30:00", "subject": "11", "recorded-or-robo": "Y", "city": "Westland", "state": "MI", "area-code": "734"}, {"id": "3decc6bfadaa436a105714c6bae4fdc3", "number": "6142459166", "date": "2021-01-25 16:26:00", "subject": "2", "recorded-or-robo": "N", "city": "West Des Moines", "state": "IA", "area-code": "614"}, {"id": "3decc6bfadaa436a105714c6bae4f24a", "number": "", "date": "2021-01-26 12:00:00", "subject": "2", "recorded-or-robo": "Y", "city": "Nazareth", "state": "PA", "area-code": "610"}, {"id": "3decc6bfadaa436a105714c6bae4e573", "number": "6787852097", "date": "2021-01-25 13:53:00", "subject": "0", "recorded-or-robo": "Y", "city": "", "state": "GA", "area-code": "770"}, {"id": "3decc6bfadaa436a105714c6bae4dd14", "number": "7709670390", "date": "2021-01-25 11:24:00", "subject": "2", "recorded-or-robo": "Y", "city": "", "state": "GA", "area-code": "770"}, {"id": "3decc6bfadaa436a105714c6bae4dbcb", "number": "8334054260", "date": "2021-01-26 07:00:00", "subject": "5", "recorded-or-robo": "Y", "city": "Lexington Park", "state": "MD", "area-code": "240"}, {"id": "3decc6bfadaa436a105714c6bae4d013", "number": "", "date": "2021-01-25 18:02:00", "subject": "2", "recorded-or-robo": "Y", "city": "District Heights", "state": "MD", "area-code": "833"}, {"id": "3decc6bfadaa436a105714c6bae4c1bd", "number": "5134400615", "date": "2021-01-25 12:12:00", "subject": "2", "recorded-or-robo": "Y", "city": "cincinnati", "state": "OH", "area-code": "513"}, {"id": "3decc6bfadaa436a105714c6bae4bf7a", "number": "6782249754", "date": "2021-01-24 14:12:00", "subject": "0", "recorded-or-robo": "Y", "city": "", "state": "GA", "area-code": "770"}, {"id": "3decc6bfadaa436a105714c6bae4bcbb", "number": "8475901412", "date": "2021-01-25 09:59:00", "subject": "2", "recorded-or-robo": "Y", "city": "cincinnati", "state": "OH", "area-code": "513"}, {"id": "3decc6bfadaa436a105714c6bae4b89f", "number": "7136449063", "date": "2021-01-26 11:44:00", "subject": "3", "recorded-or-robo": "Y", "city": "", "state": "TX", "area-code": "281"}, {"id": "3decc6bfadaa436a105714c6bae4b405", "number": "2568039525", "date": "2021-01-25 19:00:00", "subject": "0", "recorded-or-robo": "Y", "city": "", "state": "AL", "area-code": "256"}, {"id": "3decc6bfadaa436a105714c6bae4b147", "number": "7862570831", "date": "2021-01-25 00:00:00", "subject": "3", "recorded-or-robo": "", "city": "Citra", "state": "FL", "area-code": "386"}, {"id": "3decc6bfadaa436a105714c6bae4aab1", "number": "9546948841", "date": "2021-01-25 15:29:00", "subject": "3", "recorded-or-robo": "N", "city": "", "state": "WV", "area-code": "304"}, {"id": "3decc6bfadaa436a105714c6bae4adb2", "number": "7542193010", "date": "2021-01-25 00:00:00", "subject": "3", "recorded-or-robo": "", "city": "Citra", "state": "FL", "area-code": "386"}, {"id": "3decc6bfadaa436a105714c6bae49ceb", "number": "3045360679", "date": "2021-01-25 13:55:00", "subject": "3", "recorded-or-robo": "N", "city": "", "state": "WV", "area-code": "304"}, {"id": "3decc6bfadaa436a105714c6bae499ca", "number": "8778586092", "date": "2021-01-25 13:46:00", "subject": "3", "recorded-or-robo": "N", "city": "", "state": "WV", "area-code": "304"}, {"id": "3decc6bfadaa436a105714c6bae4962e", "number": "7575510550", "date": "2021-01-26 20:02:00", "subject": "2", "recorded-or-robo": "N", "city": "NORFOLK", "state": "VA", "area-code": "757"}, {"id": "3decc6bfadaa436a105714c6bae48990", "number": "8882804331", "date": "2021-01-26 17:19:00", "subject": "1", "recorded-or-robo": "Y", "city": "Fredericksburg", "state": "VA", "area-code": "540"}, {"id": "3decc6bfadaa436a105714c6bae48735", "number": "7573211761", "date": "2021-01-25 15:32:00", "subject": "2", "recorded-or-robo": "N", "city": "NORFOLK", "state": "VA", "area-code": "757"}, {"id": "3decc6bfadaa436a105714c6bae47fc3", "number": "6144868663", "date": "2021-01-25 08:00:00", "subject": "5", "recorded-or-robo": "Y", "city": "Columbus", "state": "OH", "area-code": "614"}, {"id": "3decc6bfadaa436a105714c6bae473b5", "number": "3108783213", "date": "2021-01-25 01:33:00", "subject": "1", "recorded-or-robo": "Y", "city": "Stafford", "state": "VA", "area-code": "540"}, {"id": "3decc6bfadaa436a105714c6bae46f28", "number": "2157894087", "date": "2021-01-25 15:42:00", "subject": "2", "recorded-or-robo": "Y", "city": "", "state": "PA", "area-code": "484"}, {"id": "3decc6bfadaa436a105714c6bae46e8d", "number": "4135474036", "date": "2021-01-25 17:43:00", "subject": "0", "recorded-or-robo": "", "city": "Southampton", "state": "MA", "area-code": "413"}, {"id": "3decc6bfadaa436a105714c6bae45ff8", "number": "5012465462", "date": "2021-01-25 17:00:00", "subject": "3", "recorded-or-robo": "N", "city": "", "state": "AR", "area-code": "501"}, {"id": "3decc6bfadaa436a105714c6bae46749", "number": "2172108882", "date": "2021-01-25 09:00:00", "subject": "4", "recorded-or-robo": "Y", "city": "Philo", "state": "IL", "area-code": "217"}]}