{"data": [{"id": "03e293b3df9e35eadf15c561190b14b4", "number": "6469300474", "date": "2021-01-23 13:52:00", "subject": "3", "recorded-or-robo": "Y", "city": "", "state": "NY", "area-code": "212"}, {"id": "3decc6bfadaa436a105714c6ba74bfd0", "number": "5804533350", "date": "2021-01-23 21:00:00", "subject": "2", "recorded-or-robo": "Y", "city": "Staten Island", "state": "NY", "area-code": "718"}, {"id": "03e293b3df9e35eadf15c561190b09ae", "number": "5804533350", "date": "2021-01-23 21:00:00", "subject": "2", "recorded-or-robo": "Y", "city": "Staten Island", "state": "NY", "area-code": "718"}, {"id": "3decc6bfadaa436a105714c6ba74ba9a", "number": "2035138993", "date": "2021-01-22 11:07:00", "subject": "3", "recorded-or-robo": "", "city": "", "state": "OH", "area-code": "614"}, {"id": "03e293b3df9e35eadf15c561190afded", "number": "2035138993", "date": "2021-01-22 11:07:00", "subject": "3", "recorded-or-robo": "", "city": "", "state": "OH", "area-code": "614"}, {"id": "3decc6bfadaa436a105714c6ba74b448", "number": "2026438798", "date": "2021-01-18 14:19:00", "subject": "0", "recorded-or-robo": "Y", "city": "", "state": "Do", "area-code": "202"}, {"id": "03e293b3df9e35eadf15c561190af27f", "number": "2026438798", "date": "2021-01-18 14:19:00", "subject": "0", "recorded-or-robo": "Y", "city": "", "state": "Do", "area-code": "202"}, {"id": "3decc6bfadaa436a105714c6ba74a496", "number": "6149292363", "date": "2021-01-21 18:58:00", "subject": "3", "recorded-or-robo": "", "city": "", "state": "OH", "area-code": "614"}, {"id": "03e293b3df9e35eadf15c561190ae0a5", "number": "6149292363", "date": "2021-01-21 18:58:00", "subject": "3", "recorded-or-robo": "", "city": "", "state": "OH", "area-code": "614"}, {"id": "3decc6bfadaa436a105714c6ba74a6f8", "number": "2022520587", "date": "2021-01-21 00:00:00", "subject": "0", "recorded-or-robo": "Y", "city": "", "state": "Do", "area-code": "202"}, {"id": "03e293b3df9e35eadf15c561190ae53b", "number": "2022520587", "date": "2021-01-21 00:00:00", "subject": "0", "recorded-or-robo": "Y", "city": "", "state": "Do", "area-code": "202"}, {"id": "3decc6bfadaa436a105714c6ba749a26", "number": "4343278177", "date": "2021-01-24 00:13:00", "subject": "1", "recorded-or-robo": "N", "city": "Charlottesville", "state": "VA", "area-code": "434"}, {"id": "03e293b3df9e35eadf15c561190ad217", "number": "4343278177", "date": "2021-01-24 00:13:00", "subject": "1", "recorded-or-robo": "N", "city": "Charlottesville", "state": "VA", "area-code": "434"}, {"id": "3decc6bfadaa436a105714c6ba748cb7", "number": "3038951854", "date": "2021-01-15 09:02:00", "subject": "0", "recorded-or-robo": "Y", "city": "", "state": "CO", "area-code": "303"}, {"id": "03e293b3df9e35eadf15c561190ac371", "number": "3038951854", "date": "2021-01-15 09:02:00", "subject": "0", "recorded-or-robo": "Y", "city": "", "state": "CO", "area-code": "303"}, {"id": "3decc6bfadaa436a105714c6ba74850e", "number": "3322558866", "date": "2021-01-15 09:22:00", "subject": "0", "recorded-or-robo": "Y", "city": "", "state": "CO", "area-code": "303"}, {"id": "03e293b3df9e35eadf15c561190ac139", "number": "3322558866", "date": "2021-01-15 09:22:00", "subject": "0", "recorded-or-robo": "Y", "city": "", "state": "CO", "area-code": "303"}, {"id": "3decc6bfadaa436a105714c6ba747e93", "number": "8137561262", "date": "2021-01-23 17:55:00", "subject": "2", "recorded-or-robo": "Y", "city": "Orange Park", "state": "FL", "area-code": "904"}, {"id": "03e293b3df9e35eadf15c561190ab473", "number": "8137561262", "date": "2021-01-23 17:55:00", "subject": "2", "recorded-or-robo": "Y", "city": "Orange Park", "state": "FL", "area-code": "904"}, {"id": "3decc6bfadaa436a105714c6ba747a1d", "number": "7202512912", "date": "2021-01-15 16:24:00", "subject": "7", "recorded-or-robo": "Y", "city": "", "state": "CO", "area-code": "303"}, {"id": "03e293b3df9e35eadf15c561190aa6c2", "number": "7202512912", "date": "2021-01-15 16:24:00", "subject": "7", "recorded-or-robo": "Y", "city": "", "state": "CO", "area-code": "303"}, {"id": "3decc6bfadaa436a105714c6ba746f9e", "number": "3039310456", "date": "2021-01-16 16:07:00", "subject": "0", "recorded-or-robo": "Y", "city": "", "state": "CO", "area-code": "303"}, {"id": "03e293b3df9e35eadf15c561190a97b4", "number": "3039310456", "date": "2021-01-16 16:07:00", "subject": "0", "recorded-or-robo": "Y", "city": "", "state": "CO", "area-code": "303"}, {"id": "3decc6bfadaa436a105714c6ba74692c", "number": "2534091733", "date": "2021-01-23 13:04:00", "subject": "2", "recorded-or-robo": "", "city": "Yosemite", "state": "CA", "area-code": "253"}, {"id": "03e293b3df9e35eadf15c561190a8af1", "number": "2534091733", "date": "2021-01-23 13:04:00", "subject": "2", "recorded-or-robo": "", "city": "Yosemite", "state": "CA", "area-code": "253"}, {"id": "3decc6bfadaa436a105714c6ba7467d3", "number": "3038951875", "date": "2021-01-19 10:11:00", "subject": "0", "recorded-or-robo": "Y", "city": "", "state": "CO", "area-code": "303"}, {"id": "03e293b3df9e35eadf15c561190a7afd", "number": "3038951875", "date": "2021-01-19 10:11:00", "subject": "0", "recorded-or-robo": "Y", "city": "", "state": "CO", "area-code": "303"}, {"id": "3decc6bfadaa436a105714c6ba745fc3", "number": "7734654247", "date": "2021-01-23 23:28:00", "subject": "2", "recorded-or-robo": "N", "city": "Mustang", "state": "OK", "area-code": "773"}, {"id": "03e293b3df9e35eadf15c561190a70b7", "number": "7734654247", "date": "2021-01-23 23:28:00", "subject": "2", "recorded-or-robo": "N", "city": "Mustang", "state": "OK", "area-code": "773"}, {"id": "3decc6bfadaa436a105714c6ba745a46", "number": "9704231395", "date": "2021-01-20 10:19:00", "subject": "0", "recorded-or-robo": "Y", "city": "", "state": "CO", "area-code": "303"}, {"id": "03e293b3df9e35eadf15c561190a6e7c", "number": "9704231395", "date": "2021-01-20 10:19:00", "subject": "0", "recorded-or-robo": "Y", "city": "", "state": "CO", "area-code": "303"}, {"id": "3decc6bfadaa436a105714c6ba745583", "number": "4063121017", "date": "2021-01-23 15:49:00", "subject": "2", "recorded-or-robo": "Y", "city": "PORT JEFFERSON STATION", "state": "NY", "area-code": "631"}, {"id": "03e293b3df9e35eadf15c561190a5f3d", "number": "4063121017", "date": "2021-01-23 15:49:00", "subject": "2", "recorded-or-robo": "Y", "city": "PORT JEFFERSON STATION", "state": "NY", "area-code": "631"}, {"id": "3decc6bfadaa436a105714c6ba744771", "number": "4343278177", "date": "2021-01-24 00:13:00", "subject": "1", "recorded-or-robo": "N", "city": "Charlottesville", "state": "VA", "area-code": "434"}, {"id": "03e293b3df9e35eadf15c561190a5500", "number": "4343278177", "date": "2021-01-24 00:13:00", "subject": "1", "recorded-or-robo": "N", "city": "Charlottesville", "state": "VA", "area-code": "434"}, {"id": "3decc6bfadaa436a105714c6ba7446d0", "number": "8595777372", "date": "2020-01-02 00:00:00", "subject": "3", "recorded-or-robo": "Y", "city": "", "state": "KY", "area-code": "859"}, {"id": "03e293b3df9e35eadf15c561190a5144", "number": "8595777372", "date": "2020-01-02 00:00:00", "subject": "3", "recorded-or-robo": "Y", "city": "", "state": "KY", "area-code": "859"}, {"id": "3decc6bfadaa436a105714c6ba7446b8", "number": "8596361391", "date": "2020-01-01 00:00:00", "subject": "3", "recorded-or-robo": "N", "city": "", "state": "KY", "area-code": "859"}, {"id": "03e293b3df9e35eadf15c561190a4ccf", "number": "8596361391", "date": "2020-01-01 00:00:00", "subject": "3", "recorded-or-robo": "N", "city": "", "state": "KY", "area-code": "859"}, {"id": "3decc6bfadaa436a105714c6ba743f42", "number": "6532185", "date": "2021-01-23 15:21:00", "subject": "0", "recorded-or-robo": "Y", "city": "Chocowinity", "state": "NC", "area-code": "252"}, {"id": "03e293b3df9e35eadf15c561190a4806", "number": "6532185", "date": "2021-01-23 15:21:00", "subject": "0", "recorded-or-robo": "Y", "city": "Chocowinity", "state": "NC", "area-code": "252"}, {"id": "3decc6bfadaa436a105714c6ba743cf1", "number": "7207801849", "date": "2021-01-20 13:48:00", "subject": "0", "recorded-or-robo": "Y", "city": "", "state": "CO", "area-code": "303"}, {"id": "03e293b3df9e35eadf15c561190a3929", "number": "7207801849", "date": "2021-01-20 13:48:00", "subject": "0", "recorded-or-robo": "Y", "city": "", "state": "CO", "area-code": "303"}, {"id": "3decc6bfadaa436a105714c6ba743131", "number": "8507171948", "date": "2021-01-21 12:10:00", "subject": "1", "recorded-or-robo": "Y", "city": "", "state": "CO", "area-code": "303"}, {"id": "03e293b3df9e35eadf15c561190a2bf2", "number": "8507171948", "date": "2021-01-21 12:10:00", "subject": "1", "recorded-or-robo": "Y", "city": "", "state": "CO", "area-code": "303"}, {"id": "3decc6bfadaa436a105714c6ba742559", "number": "7207705019", "date": "2021-01-21 13:51:00", "subject": "1", "recorded-or-robo": "Y", "city": "", "state": "CO", "area-code": "303"}, {"id": "03e293b3df9e35eadf15c561190a255d", "number": "7207705019", "date": "2021-01-21 13:51:00", "subject": "1", "recorded-or-robo": "Y", "city": "", "state": "CO", "area-code": "303"}, {"id": "3decc6bfadaa436a105714c6ba741e60", "number": "7402048098", "date": "2021-01-22 18:18:00", "subject": "2", "recorded-or-robo": "", "city": "", "state": "NY", "area-code": "607"}, {"id": "03e293b3df9e35eadf15c561190a236e", "number": "7402048098", "date": "2021-01-22 18:18:00", "subject": "2", "recorded-or-robo": "", "city": "", "state": "NY", "area-code": "607"}, {"id": "3decc6bfadaa436a105714c6ba74196c", "number": "5046187300", "date": "2021-01-22 15:44:00", "subject": "2", "recorded-or-robo": "Y", "city": "", "state": "CA", "area-code": "714"}]}