{"data": [{"id": "1d36742e3f24f50e4e7ae828018fa39e", "number": "8556780007", "date": "2021-01-23 12:27:00", "subject": "11", "recorded-or-robo": "Y", "city": "", "state": "TN", "area-code": "865"}, {"id": "e81c9350d54f66c6d33b3747eef8f7a3", "number": "5802895651", "date": "2021-01-18 09:48:00", "subject": "0", "recorded-or-robo": "N", "city": "OK", "state": "OK", "area-code": "580"}, {"id": "1d36742e3f24f50e4e7ae828018fa39d", "number": "5802895651", "date": "2021-01-18 09:48:00", "subject": "0", "recorded-or-robo": "N", "city": "OK", "state": "OK", "area-code": "580"}, {"id": "e81c9350d54f66c6d33b3747eef8f2dc", "number": "8172273484", "date": "2021-01-23 10:30:00", "subject": "3", "recorded-or-robo": "Y", "city": "", "state": "TX", "area-code": "817"}, {"id": "1d36742e3f24f50e4e7ae828018f9725", "number": "8172273484", "date": "2021-01-23 10:30:00", "subject": "3", "recorded-or-robo": "Y", "city": "", "state": "TX", "area-code": "817"}, {"id": "3decc6bfadaa436a105714c6ba55d3ef", "number": "9568483788", "date": "2021-01-23 12:28:33", "subject": "3", "recorded-or-robo": "Y", "city": "", "state": "TX", "area-code": "832"}, {"id": "1d36742e3f24f50e4e7ae82801ec0c93", "number": "9568483788", "date": "2021-01-23 12:28:33", "subject": "3", "recorded-or-robo": "Y", "city": "", "state": "TX", "area-code": "832"}, {"id": "e81c9350d54f66c6d33b3747eef8eb7e", "number": "9893192944", "date": "2021-01-23 12:24:00", "subject": "7", "recorded-or-robo": "Y", "city": "Mayville", "state": "MI", "area-code": "989"}, {"id": "1d36742e3f24f50e4e7ae828018f8aa5", "number": "9893192944", "date": "2021-01-23 12:24:00", "subject": "7", "recorded-or-robo": "Y", "city": "Mayville", "state": "MI", "area-code": "989"}, {"id": "e81c9350d54f66c6d33b3747eef8e5f8", "number": "5053720586", "date": "2021-01-15 16:22:00", "subject": "2", "recorded-or-robo": "N", "city": "", "state": "MN", "area-code": "651"}, {"id": "1d36742e3f24f50e4e7ae828018f8152", "number": "5053720586", "date": "2021-01-15 16:22:00", "subject": "2", "recorded-or-robo": "N", "city": "", "state": "MN", "area-code": "651"}, {"id": "e81c9350d54f66c6d33b3747eef8d594", "number": "7705370567", "date": "2021-01-23 09:07:00", "subject": "1", "recorded-or-robo": "N", "city": "Gilbert", "state": "AZ", "area-code": "770"}, {"id": "1d36742e3f24f50e4e7ae828018f72bf", "number": "7705370567", "date": "2021-01-23 09:07:00", "subject": "1", "recorded-or-robo": "N", "city": "Gilbert", "state": "AZ", "area-code": "770"}, {"id": "e81c9350d54f66c6d33b3747eef8d529", "number": "6053626818", "date": "2021-01-23 11:15:00", "subject": "1", "recorded-or-robo": "Y", "city": "Sioux Falls", "state": "SD", "area-code": "605"}, {"id": "1d36742e3f24f50e4e7ae828018f65dc", "number": "6053626818", "date": "2021-01-23 11:15:00", "subject": "1", "recorded-or-robo": "Y", "city": "Sioux Falls", "state": "SD", "area-code": "605"}, {"id": "e81c9350d54f66c6d33b3747eef8cbff", "number": "6618882850", "date": "2021-01-23 11:22:00", "subject": "3", "recorded-or-robo": "Y", "city": "", "state": "TN", "area-code": "901"}, {"id": "1d36742e3f24f50e4e7ae828018f5dd8", "number": "6618882850", "date": "2021-01-23 11:22:00", "subject": "3", "recorded-or-robo": "Y", "city": "", "state": "TN", "area-code": "901"}, {"id": "e81c9350d54f66c6d33b3747eef8c617", "number": "2892324916", "date": "2021-01-19 08:06:00", "subject": "5", "recorded-or-robo": "Y", "city": "Sonoma", "state": "CA", "area-code": "707"}, {"id": "1d36742e3f24f50e4e7ae828018f5bc3", "number": "2892324916", "date": "2021-01-19 08:06:00", "subject": "5", "recorded-or-robo": "Y", "city": "Sonoma", "state": "CA", "area-code": "707"}, {"id": "e81c9350d54f66c6d33b3747eef8bd80", "number": "", "date": "2021-01-22 12:00:00", "subject": "0", "recorded-or-robo": "Y", "city": "Knoxville", "state": "TN", "area-code": "865"}, {"id": "1d36742e3f24f50e4e7ae828018f5689", "number": "", "date": "2021-01-22 12:00:00", "subject": "0", "recorded-or-robo": "Y", "city": "Knoxville", "state": "TN", "area-code": "865"}, {"id": "e81c9350d54f66c6d33b3747eef8b913", "number": "8886651228", "date": "2021-01-23 11:45:00", "subject": "1", "recorded-or-robo": "Y", "city": "Chester VA", "state": "VA", "area-code": "804"}, {"id": "1d36742e3f24f50e4e7ae828018f51a8", "number": "8886651228", "date": "2021-01-23 11:45:00", "subject": "1", "recorded-or-robo": "Y", "city": "Chester VA", "state": "VA", "area-code": "804"}, {"id": "e81c9350d54f66c6d33b3747eef8b7e7", "number": "9158330806", "date": "2021-01-23 11:22:00", "subject": "2", "recorded-or-robo": "Y", "city": "Kingston Springs", "state": "TN", "area-code": "615"}, {"id": "1d36742e3f24f50e4e7ae828018f48a0", "number": "9158330806", "date": "2021-01-23 11:22:00", "subject": "2", "recorded-or-robo": "Y", "city": "Kingston Springs", "state": "TN", "area-code": "615"}, {"id": "e81c9350d54f66c6d33b3747eef8afd0", "number": "6012862280", "date": "2021-01-22 11:26:00", "subject": "1", "recorded-or-robo": "Y", "city": "Dorchester", "state": "MA", "area-code": "857"}, {"id": "1d36742e3f24f50e4e7ae828018f3e0a", "number": "6012862280", "date": "2021-01-22 11:26:00", "subject": "1", "recorded-or-robo": "Y", "city": "Dorchester", "state": "MA", "area-code": "857"}, {"id": "e81c9350d54f66c6d33b3747eef8ab9b", "number": "9034142873", "date": "2021-01-20 09:51:00", "subject": "4", "recorded-or-robo": "Y", "city": "Flint", "state": "TX", "area-code": "903"}, {"id": "1d36742e3f24f50e4e7ae828018f3dbf", "number": "9034142873", "date": "2021-01-20 09:51:00", "subject": "4", "recorded-or-robo": "Y", "city": "Flint", "state": "TX", "area-code": "903"}, {"id": "e81c9350d54f66c6d33b3747eef8a2f0", "number": "3863274223", "date": "2021-01-20 10:13:00", "subject": "6", "recorded-or-robo": "Y", "city": "Roselle Park", "state": "NJ", "area-code": "908"}, {"id": "1d36742e3f24f50e4e7ae828018f3521", "number": "3863274223", "date": "2021-01-20 10:13:00", "subject": "6", "recorded-or-robo": "Y", "city": "Roselle Park", "state": "NJ", "area-code": "908"}, {"id": "e81c9350d54f66c6d33b3747eef89bce", "number": "9089312766", "date": "2021-01-23 11:23:00", "subject": "2", "recorded-or-robo": "N", "city": "", "state": "WI", "area-code": "920"}, {"id": "1d36742e3f24f50e4e7ae828018f32d9", "number": "9089312766", "date": "2021-01-23 11:23:00", "subject": "2", "recorded-or-robo": "N", "city": "", "state": "WI", "area-code": "920"}, {"id": "e81c9350d54f66c6d33b3747eef898f6", "number": "2067363543", "date": "2021-01-23 09:23:00", "subject": "2", "recorded-or-robo": "Y", "city": "Seattle", "state": "WA", "area-code": "206"}, {"id": "1d36742e3f24f50e4e7ae828018f304f", "number": "2067363543", "date": "2021-01-23 09:23:00", "subject": "2", "recorded-or-robo": "Y", "city": "Seattle", "state": "WA", "area-code": "206"}, {"id": "e81c9350d54f66c6d33b3747eef89178", "number": "5127102394", "date": "2021-01-22 09:04:00", "subject": "8", "recorded-or-robo": "N", "city": "Austin", "state": "TX", "area-code": "512"}, {"id": "1d36742e3f24f50e4e7ae828018f272b", "number": "5127102394", "date": "2021-01-22 09:04:00", "subject": "8", "recorded-or-robo": "N", "city": "Austin", "state": "TX", "area-code": "512"}, {"id": "e81c9350d54f66c6d33b3747eef88a86", "number": "9143445315", "date": "2021-01-22 17:11:00", "subject": "1", "recorded-or-robo": "Y", "city": "Middle Village", "state": "NY", "area-code": "718"}, {"id": "1d36742e3f24f50e4e7ae828018f177d", "number": "9143445315", "date": "2021-01-22 17:11:00", "subject": "1", "recorded-or-robo": "Y", "city": "Middle Village", "state": "NY", "area-code": "718"}, {"id": "e81c9350d54f66c6d33b3747eef87b88", "number": "3145031002", "date": "2021-01-23 12:00:00", "subject": "2", "recorded-or-robo": "Y", "city": "Wentzville", "state": "MO", "area-code": "314"}, {"id": "1d36742e3f24f50e4e7ae828018f1296", "number": "3145031002", "date": "2021-01-23 12:00:00", "subject": "2", "recorded-or-robo": "Y", "city": "Wentzville", "state": "MO", "area-code": "314"}, {"id": "e81c9350d54f66c6d33b3747eef8774c", "number": "9034142873", "date": "2021-01-20 09:48:00", "subject": "4", "recorded-or-robo": "Y", "city": "Flint", "state": "TX", "area-code": "903"}, {"id": "e81c9350d54f66c6d33b3747eef86e3b", "number": "2142471405", "date": "2021-01-23 09:10:00", "subject": "2", "recorded-or-robo": "N", "city": "KOOSKIA", "state": "ID", "area-code": "208"}, {"id": "1d36742e3f24f50e4e7ae828018f099f", "number": "9034142873", "date": "2021-01-20 09:48:00", "subject": "4", "recorded-or-robo": "Y", "city": "Flint", "state": "TX", "area-code": "903"}, {"id": "1d36742e3f24f50e4e7ae828018efbaa", "number": "2142471405", "date": "2021-01-23 09:10:00", "subject": "2", "recorded-or-robo": "N", "city": "KOOSKIA", "state": "ID", "area-code": "208"}, {"id": "e81c9350d54f66c6d33b3747eef86886", "number": "2148455020", "date": "2021-01-22 17:05:00", "subject": "8", "recorded-or-robo": "N", "city": "Austin", "state": "TX", "area-code": "512"}, {"id": "1d36742e3f24f50e4e7ae828018ef25c", "number": "2148455020", "date": "2021-01-22 17:05:00", "subject": "8", "recorded-or-robo": "N", "city": "Austin", "state": "TX", "area-code": "512"}, {"id": "e81c9350d54f66c6d33b3747eef8636f", "number": "6505034700", "date": "2021-01-23 11:16:00", "subject": "1", "recorded-or-robo": "Y", "city": "Centerview", "state": "MO", "area-code": "660"}, {"id": "e81c9350d54f66c6d33b3747eef82ce0", "number": "7145199039", "date": "2021-01-23 10:51:00", "subject": "3", "recorded-or-robo": "N", "city": "", "state": "PA", "area-code": "570"}, {"id": "1d36742e3f24f50e4e7ae828018ee67e", "number": "6505034700", "date": "2021-01-23 11:16:00", "subject": "1", "recorded-or-robo": "Y", "city": "Centerview", "state": "MO", "area-code": "660"}]}