{"data": [{"id": "1d36742e3f24f50e4e7ae82801b2a81e", "number": "5413485885", "date": "2020-12-17 12:00:00", "subject": "3", "recorded-or-robo": "", "city": "BISHOP", "state": "CA", "area-code": "971"}, {"id": "3decc6bfadaa436a105714c6ba1b38d8", "number": "", "date": "2021-01-22 13:15:00", "subject": "2", "recorded-or-robo": "Y", "city": "MEADVILLE", "state": "MS", "area-code": "601"}, {"id": "1d36742e3f24f50e4e7ae82801b29883", "number": "", "date": "2021-01-22 13:15:00", "subject": "2", "recorded-or-robo": "Y", "city": "MEADVILLE", "state": "MS", "area-code": "601"}, {"id": "3decc6bfadaa436a105714c6ba1b298c", "number": "8126313897", "date": "2021-01-23 12:00:00", "subject": "2", "recorded-or-robo": "N", "city": " Waynetown", "state": "IN", "area-code": "765"}, {"id": "1d36742e3f24f50e4e7ae82801b2913f", "number": "8126313897", "date": "2021-01-23 12:00:00", "subject": "2", "recorded-or-robo": "N", "city": " Waynetown", "state": "IN", "area-code": "765"}, {"id": "3decc6bfadaa436a105714c6ba1b2891", "number": "8235378665", "date": "2021-01-23 02:25:00", "subject": "6", "recorded-or-robo": "Y", "city": "Tampa", "state": "FL", "area-code": "813"}, {"id": "1d36742e3f24f50e4e7ae82801b2816b", "number": "8235378665", "date": "2021-01-23 02:25:00", "subject": "6", "recorded-or-robo": "Y", "city": "Tampa", "state": "FL", "area-code": "813"}, {"id": "3decc6bfadaa436a105714c6ba1b1d30", "number": "6077253632", "date": "2021-01-23 12:17:00", "subject": "2", "recorded-or-robo": "Y", "city": "binghamton", "state": "NY", "area-code": "607"}, {"id": "1d36742e3f24f50e4e7ae82801b27a2e", "number": "6077253632", "date": "2021-01-23 12:17:00", "subject": "2", "recorded-or-robo": "Y", "city": "binghamton", "state": "NY", "area-code": "607"}, {"id": "3decc6bfadaa436a105714c6ba1b105e", "number": "9712672133", "date": "2021-01-18 12:52:00", "subject": "3", "recorded-or-robo": "", "city": "BISHOP", "state": "CA", "area-code": "971"}, {"id": "1d36742e3f24f50e4e7ae82801b26c08", "number": "9712672133", "date": "2021-01-18 12:52:00", "subject": "3", "recorded-or-robo": "", "city": "BISHOP", "state": "CA", "area-code": "971"}, {"id": "3decc6bfadaa436a105714c6ba1b0673", "number": "3135037283314", "date": "2021-01-23 10:06:00", "subject": "2", "recorded-or-robo": "N", "city": "St Louis mo", "state": "MO", "area-code": "314"}, {"id": "1d36742e3f24f50e4e7ae82801b26129", "number": "3135037283314", "date": "2021-01-23 10:06:00", "subject": "2", "recorded-or-robo": "N", "city": "St Louis mo", "state": "MO", "area-code": "314"}, {"id": "3decc6bfadaa436a105714c6ba56ba5b", "number": "+12672910690", "date": "2021-01-23 14:28:20", "subject": "3", "recorded-or-robo": "Y", "city": "", "state": "DE", "area-code": "302"}, {"id": "1d36742e3f24f50e4e7ae82801ed4491", "number": "+12672910690", "date": "2021-01-23 14:28:20", "subject": "3", "recorded-or-robo": "Y", "city": "", "state": "DE", "area-code": "302"}, {"id": "3decc6bfadaa436a105714c6ba1afc84", "number": "9413791954", "date": "2021-01-13 15:12:00", "subject": "0", "recorded-or-robo": "Y", "city": "Lakeside", "state": "AZ", "area-code": "928"}, {"id": "1d36742e3f24f50e4e7ae82801b254d5", "number": "9413791954", "date": "2021-01-13 15:12:00", "subject": "0", "recorded-or-robo": "Y", "city": "Lakeside", "state": "AZ", "area-code": "928"}, {"id": "3decc6bfadaa436a105714c6ba1afabd", "number": "6367346567", "date": "2021-01-23 13:22:00", "subject": "2", "recorded-or-robo": "Y", "city": "WARRENTON", "state": "MO", "area-code": "636"}, {"id": "1d36742e3f24f50e4e7ae82801b24f01", "number": "6367346567", "date": "2021-01-23 13:22:00", "subject": "2", "recorded-or-robo": "Y", "city": "WARRENTON", "state": "MO", "area-code": "636"}, {"id": "3decc6bfadaa436a105714c6ba1af116", "number": "9713201395", "date": "2020-12-21 08:13:00", "subject": "3", "recorded-or-robo": "", "city": "BISHOP", "state": "CA", "area-code": "971"}, {"id": "1d36742e3f24f50e4e7ae82801b24a6c", "number": "9713201395", "date": "2020-12-21 08:13:00", "subject": "3", "recorded-or-robo": "", "city": "BISHOP", "state": "CA", "area-code": "971"}, {"id": "3decc6bfadaa436a105714c6ba56b69b", "number": "+12532626569", "date": "2021-01-23 14:27:40", "subject": "3", "recorded-or-robo": "Y", "city": "", "state": "DE", "area-code": "302"}, {"id": "1d36742e3f24f50e4e7ae82801ed42b2", "number": "+12532626569", "date": "2021-01-23 14:27:40", "subject": "3", "recorded-or-robo": "Y", "city": "", "state": "DE", "area-code": "302"}, {"id": "3decc6bfadaa436a105714c6ba1ae566", "number": "6077252418", "date": "2021-01-23 12:10:00", "subject": "2", "recorded-or-robo": "Y", "city": "binghamton", "state": "NY", "area-code": "607"}, {"id": "1d36742e3f24f50e4e7ae82801b23bb6", "number": "6077252418", "date": "2021-01-23 12:10:00", "subject": "2", "recorded-or-robo": "Y", "city": "binghamton", "state": "NY", "area-code": "607"}, {"id": "3decc6bfadaa436a105714c6ba1ada9f", "number": "7634865045", "date": "2021-01-23 13:22:00", "subject": "1", "recorded-or-robo": "Y", "city": "", "state": "MN", "area-code": "952"}, {"id": "1d36742e3f24f50e4e7ae82801b232bc", "number": "7634865045", "date": "2021-01-23 13:22:00", "subject": "1", "recorded-or-robo": "Y", "city": "", "state": "MN", "area-code": "952"}, {"id": "3decc6bfadaa436a105714c6ba1ad0ff", "number": "7162955097", "date": "2021-01-19 11:36:00", "subject": "0", "recorded-or-robo": "Y", "city": "", "state": "NY", "area-code": "716"}, {"id": "1d36742e3f24f50e4e7ae82801b229f7", "number": "7162955097", "date": "2021-01-19 11:36:00", "subject": "0", "recorded-or-robo": "Y", "city": "", "state": "NY", "area-code": "716"}, {"id": "3decc6bfadaa436a105714c6ba1ac773", "number": "6367349381", "date": "2021-01-23 13:03:00", "subject": "2", "recorded-or-robo": "Y", "city": "WARRENTON", "state": "MO", "area-code": "636"}, {"id": "3decc6bfadaa436a105714c6ba1ac71e", "number": "9062271445", "date": "2021-01-23 14:13:00", "subject": "1", "recorded-or-robo": "Y", "city": "sault ste marie", "state": "MI", "area-code": "906"}, {"id": "1d36742e3f24f50e4e7ae82801b2219a", "number": "6367349381", "date": "2021-01-23 13:03:00", "subject": "2", "recorded-or-robo": "Y", "city": "WARRENTON", "state": "MO", "area-code": "636"}, {"id": "1d36742e3f24f50e4e7ae82801b21aa6", "number": "9062271445", "date": "2021-01-23 14:13:00", "subject": "1", "recorded-or-robo": "Y", "city": "sault ste marie", "state": "MI", "area-code": "906"}, {"id": "3decc6bfadaa436a105714c6ba1ac529", "number": "9712674193", "date": "2020-12-23 09:06:00", "subject": "3", "recorded-or-robo": "", "city": "BISHOP", "state": "CA", "area-code": "971"}, {"id": "1d36742e3f24f50e4e7ae82801b2147c", "number": "9712674193", "date": "2020-12-23 09:06:00", "subject": "3", "recorded-or-robo": "", "city": "BISHOP", "state": "CA", "area-code": "971"}, {"id": "3decc6bfadaa436a105714c6ba1aba1e", "number": "9413791954", "date": "2021-01-14 21:05:00", "subject": "0", "recorded-or-robo": "Y", "city": "Lakeside", "state": "AZ", "area-code": "928"}, {"id": "3decc6bfadaa436a105714c6ba1aaa9f", "number": "4698999588", "date": "2021-01-23 13:20:00", "subject": "2", "recorded-or-robo": "Y", "city": "", "state": "AL", "area-code": "334"}, {"id": "1d36742e3f24f50e4e7ae82801b20626", "number": "9413791954", "date": "2021-01-14 21:05:00", "subject": "0", "recorded-or-robo": "Y", "city": "Lakeside", "state": "AZ", "area-code": "928"}, {"id": "1d36742e3f24f50e4e7ae82801b1f826", "number": "4698999588", "date": "2021-01-23 13:20:00", "subject": "2", "recorded-or-robo": "Y", "city": "", "state": "AL", "area-code": "334"}, {"id": "3decc6bfadaa436a105714c6ba56b16b", "number": "+13027348152", "date": "2021-01-23 14:26:40", "subject": "3", "recorded-or-robo": "Y", "city": "", "state": "DE", "area-code": "302"}, {"id": "1d36742e3f24f50e4e7ae82801ed3693", "number": "+13027348152", "date": "2021-01-23 14:26:40", "subject": "3", "recorded-or-robo": "Y", "city": "", "state": "DE", "area-code": "302"}, {"id": "3decc6bfadaa436a105714c6ba1a9d62", "number": "3023079604", "date": "2021-01-23 13:52:00", "subject": "2", "recorded-or-robo": "Y", "city": "", "state": "DE", "area-code": "302"}, {"id": "1d36742e3f24f50e4e7ae82801b1f750", "number": "3023079604", "date": "2021-01-23 13:52:00", "subject": "2", "recorded-or-robo": "Y", "city": "", "state": "DE", "area-code": "302"}, {"id": "3decc6bfadaa436a105714c6ba1a95c6", "number": "3145402798", "date": "2021-01-23 11:47:00", "subject": "11", "recorded-or-robo": "Y", "city": "", "state": "MO", "area-code": "314"}, {"id": "1d36742e3f24f50e4e7ae82801b1f4cc", "number": "3145402798", "date": "2021-01-23 11:47:00", "subject": "11", "recorded-or-robo": "Y", "city": "", "state": "MO", "area-code": "314"}, {"id": "3decc6bfadaa436a105714c6ba1a924d", "number": "4093447457", "date": "2021-01-23 11:32:00", "subject": "2", "recorded-or-robo": "Y", "city": "Middletown", "state": "DE", "area-code": "302"}, {"id": "1d36742e3f24f50e4e7ae82801b1ed96", "number": "4093447457", "date": "2021-01-23 11:32:00", "subject": "2", "recorded-or-robo": "Y", "city": "Middletown", "state": "DE", "area-code": "302"}, {"id": "3decc6bfadaa436a105714c6ba1a82f9", "number": "6367343142", "date": "2021-01-23 12:53:00", "subject": "2", "recorded-or-robo": "Y", "city": "WARRENTON", "state": "MO", "area-code": "636"}, {"id": "1d36742e3f24f50e4e7ae82801b1ead6", "number": "6367343142", "date": "2021-01-23 12:53:00", "subject": "2", "recorded-or-robo": "Y", "city": "WARRENTON", "state": "MO", "area-code": "636"}, {"id": "3decc6bfadaa436a105714c6ba1a7c36", "number": "7165056963", "date": "2021-01-19 17:53:00", "subject": "0", "recorded-or-robo": "Y", "city": "", "state": "NY", "area-code": "716"}]}