{"data": [{"id": "1d36742e3f24f50e4e7ae82801f92b96", "number": "7205559434", "date": "2021-01-23 10:12:00", "subject": "0", "recorded-or-robo": "Y", "city": "malverne", "state": "NY", "area-code": "516"}, {"id": "3decc6bfadaa436a105714c6ba630870", "number": "7753195122", "date": "2020-12-28 00:00:00", "subject": "1", "recorded-or-robo": "Y", "city": "Houston", "state": "TX", "area-code": "832"}, {"id": "1d36742e3f24f50e4e7ae82801f92b14", "number": "7753195122", "date": "2020-12-28 00:00:00", "subject": "1", "recorded-or-robo": "Y", "city": "Houston", "state": "TX", "area-code": "832"}, {"id": "3decc6bfadaa436a105714c6ba63086a", "number": "", "date": "2021-01-23 14:17:00", "subject": "1", "recorded-or-robo": "N", "city": "East Wenatchee", "state": "WA", "area-code": "509"}, {"id": "1d36742e3f24f50e4e7ae82801f92477", "number": "", "date": "2021-01-23 14:17:00", "subject": "1", "recorded-or-robo": "N", "city": "East Wenatchee", "state": "WA", "area-code": "509"}, {"id": "3decc6bfadaa436a105714c6ba803134", "number": "2292137018", "date": "2021-01-23 19:39:22", "subject": "3", "recorded-or-robo": "Y", "city": "", "state": "GA", "area-code": "678"}, {"id": "03e293b3df9e35eadf15c56119169088", "number": "2292137018", "date": "2021-01-23 19:39:22", "subject": "3", "recorded-or-robo": "Y", "city": "", "state": "GA", "area-code": "678"}, {"id": "3decc6bfadaa436a105714c6ba6300b8", "number": "3187674031", "date": "2021-01-22 09:55:00", "subject": "3", "recorded-or-robo": "", "city": "", "state": "NC", "area-code": "252"}, {"id": "1d36742e3f24f50e4e7ae82801f914b7", "number": "3187674031", "date": "2021-01-22 09:55:00", "subject": "3", "recorded-or-robo": "", "city": "", "state": "NC", "area-code": "252"}, {"id": "3decc6bfadaa436a105714c6ba62ff5c", "number": "4107296108", "date": "2021-01-22 16:25:00", "subject": "0", "recorded-or-robo": "", "city": "", "state": "MD", "area-code": "410"}, {"id": "1d36742e3f24f50e4e7ae82801f90cb9", "number": "4107296108", "date": "2021-01-22 16:25:00", "subject": "0", "recorded-or-robo": "", "city": "", "state": "MD", "area-code": "410"}, {"id": "3decc6bfadaa436a105714c6ba62efe3", "number": "6014079975", "date": "2021-01-22 10:30:00", "subject": "0", "recorded-or-robo": "Y", "city": "", "state": "MD", "area-code": "410"}, {"id": "1d36742e3f24f50e4e7ae82801f908c4", "number": "6014079975", "date": "2021-01-22 10:30:00", "subject": "0", "recorded-or-robo": "Y", "city": "", "state": "MD", "area-code": "410"}, {"id": "3decc6bfadaa436a105714c6ba62e4ab", "number": "8585553465", "date": "2021-01-23 13:18:00", "subject": "0", "recorded-or-robo": "Y", "city": "malverne", "state": "NY", "area-code": "516"}, {"id": "1d36742e3f24f50e4e7ae82801f90489", "number": "8585553465", "date": "2021-01-23 13:18:00", "subject": "0", "recorded-or-robo": "Y", "city": "malverne", "state": "NY", "area-code": "516"}, {"id": "3decc6bfadaa436a105714c6ba8029c2", "number": "+19166297001", "date": "2021-01-23 19:38:43", "subject": "3", "recorded-or-robo": "Y", "city": "", "state": "CA", "area-code": "916"}, {"id": "03e293b3df9e35eadf15c56119168d20", "number": "+19166297001", "date": "2021-01-23 19:38:43", "subject": "3", "recorded-or-robo": "Y", "city": "", "state": "CA", "area-code": "916"}, {"id": "3decc6bfadaa436a105714c6ba62d956", "number": "5172102822", "date": "2021-01-06 00:00:00", "subject": "1", "recorded-or-robo": "Y", "city": "Houston", "state": "TX", "area-code": "832"}, {"id": "1d36742e3f24f50e4e7ae82801f8fb34", "number": "5172102822", "date": "2021-01-06 00:00:00", "subject": "1", "recorded-or-robo": "Y", "city": "Houston", "state": "TX", "area-code": "832"}, {"id": "3decc6bfadaa436a105714c6ba62d74a", "number": "2528228045", "date": "2021-01-22 10:40:00", "subject": "3", "recorded-or-robo": "", "city": "", "state": "NC", "area-code": "252"}, {"id": "1d36742e3f24f50e4e7ae82801f8f750", "number": "2528228045", "date": "2021-01-22 10:40:00", "subject": "3", "recorded-or-robo": "", "city": "", "state": "NC", "area-code": "252"}, {"id": "3decc6bfadaa436a105714c6ba62d0ae", "number": "5615559434", "date": "2021-01-23 14:51:00", "subject": "0", "recorded-or-robo": "Y", "city": "malverne", "state": "NY", "area-code": "516"}, {"id": "1d36742e3f24f50e4e7ae82801f8ed72", "number": "5615559434", "date": "2021-01-23 14:51:00", "subject": "0", "recorded-or-robo": "Y", "city": "malverne", "state": "NY", "area-code": "516"}, {"id": "3decc6bfadaa436a105714c6ba62cf19", "number": "7018854524", "date": "2020-12-28 16:25:00", "subject": "2", "recorded-or-robo": "", "city": "Stanwood", "state": "WA", "area-code": "360"}, {"id": "1d36742e3f24f50e4e7ae82801f8e667", "number": "7018854524", "date": "2020-12-28 16:25:00", "subject": "2", "recorded-or-robo": "", "city": "Stanwood", "state": "WA", "area-code": "360"}, {"id": "3decc6bfadaa436a105714c6ba62c8eb", "number": "4109381971", "date": "2021-01-22 10:15:00", "subject": "0", "recorded-or-robo": "Y", "city": "", "state": "MD", "area-code": "410"}, {"id": "1d36742e3f24f50e4e7ae82801f8da60", "number": "4109381971", "date": "2021-01-22 10:15:00", "subject": "0", "recorded-or-robo": "Y", "city": "", "state": "MD", "area-code": "410"}, {"id": "3decc6bfadaa436a105714c6ba62c7ce", "number": "7128773719", "date": "2021-01-23 08:25:00", "subject": "2", "recorded-or-robo": "Y", "city": "", "state": "WA", "area-code": "509"}, {"id": "1d36742e3f24f50e4e7ae82801f8d494", "number": "7128773719", "date": "2021-01-23 08:25:00", "subject": "2", "recorded-or-robo": "Y", "city": "", "state": "WA", "area-code": "509"}, {"id": "3decc6bfadaa436a105714c6ba62b8da", "number": "", "date": "2021-01-18 12:39:00", "subject": "12", "recorded-or-robo": "Y", "city": "Oceanside", "state": "CA", "area-code": "760"}, {"id": "1d36742e3f24f50e4e7ae82801f8c5be", "number": "", "date": "2021-01-18 12:39:00", "subject": "12", "recorded-or-robo": "Y", "city": "Oceanside", "state": "CA", "area-code": "760"}, {"id": "3decc6bfadaa436a105714c6ba62ab98", "number": "8775730222", "date": "2021-01-22 10:52:00", "subject": "3", "recorded-or-robo": "", "city": "", "state": "NC", "area-code": "252"}, {"id": "1d36742e3f24f50e4e7ae82801f8b6bb", "number": "8775730222", "date": "2021-01-22 10:52:00", "subject": "3", "recorded-or-robo": "", "city": "", "state": "NC", "area-code": "252"}, {"id": "3decc6bfadaa436a105714c6ba62ab0c", "number": "8325222130", "date": "2021-01-07 00:00:00", "subject": "1", "recorded-or-robo": "Y", "city": "Houston", "state": "TX", "area-code": "832"}, {"id": "1d36742e3f24f50e4e7ae82801f8aff9", "number": "8325222130", "date": "2021-01-07 00:00:00", "subject": "1", "recorded-or-robo": "Y", "city": "Houston", "state": "TX", "area-code": "832"}, {"id": "3decc6bfadaa436a105714c6ba62a5a8", "number": "3216765090", "date": "2021-01-23 19:34:00", "subject": "7", "recorded-or-robo": "Y", "city": "MELBOURNE", "state": "FL", "area-code": "321"}, {"id": "1d36742e3f24f50e4e7ae82801f8ab84", "number": "3216765090", "date": "2021-01-23 19:34:00", "subject": "7", "recorded-or-robo": "Y", "city": "MELBOURNE", "state": "FL", "area-code": "321"}, {"id": "3decc6bfadaa436a105714c6ba62a368", "number": "2159967425", "date": "2021-01-23 16:50:00", "subject": "0", "recorded-or-robo": "Y", "city": "Hendersonville", "state": "NC", "area-code": "828"}, {"id": "1d36742e3f24f50e4e7ae82801f8a4fc", "number": "2159967425", "date": "2021-01-23 16:50:00", "subject": "0", "recorded-or-robo": "Y", "city": "Hendersonville", "state": "NC", "area-code": "828"}, {"id": "3decc6bfadaa436a105714c6ba624439", "number": "", "date": "2021-01-23 00:00:00", "subject": "3", "recorded-or-robo": "N", "city": "", "state": "CA", "area-code": "415"}, {"id": "1d36742e3f24f50e4e7ae82801f84438", "number": "", "date": "2021-01-23 00:00:00", "subject": "3", "recorded-or-robo": "N", "city": "", "state": "CA", "area-code": "415"}, {"id": "3decc6bfadaa436a105714c6ba629ab0", "number": "2402387467", "date": "2021-01-22 10:53:00", "subject": "1", "recorded-or-robo": "Y", "city": "", "state": "MD", "area-code": "410"}, {"id": "1d36742e3f24f50e4e7ae82801f8a269", "number": "2402387467", "date": "2021-01-22 10:53:00", "subject": "1", "recorded-or-robo": "Y", "city": "", "state": "MD", "area-code": "410"}, {"id": "3decc6bfadaa436a105714c6ba62966a", "number": "8889820154", "date": "2021-01-23 00:00:00", "subject": "7", "recorded-or-robo": "N", "city": "DESERT HOT SPRINGS", "state": "CA", "area-code": "760"}, {"id": "1d36742e3f24f50e4e7ae82801f89cc8", "number": "8889820154", "date": "2021-01-23 00:00:00", "subject": "7", "recorded-or-robo": "N", "city": "DESERT HOT SPRINGS", "state": "CA", "area-code": "760"}, {"id": "3decc6bfadaa436a105714c6ba6293a5", "number": "4752522020", "date": "2021-01-15 13:44:00", "subject": "0", "recorded-or-robo": "N", "city": "Bethel", "state": "CT", "area-code": "203"}, {"id": "1d36742e3f24f50e4e7ae82801f89133", "number": "4752522020", "date": "2021-01-15 13:44:00", "subject": "0", "recorded-or-robo": "N", "city": "Bethel", "state": "CT", "area-code": "203"}, {"id": "3decc6bfadaa436a105714c6ba80402a", "number": "+14308031185", "date": "2021-01-23 19:37:27", "subject": "3", "recorded-or-robo": "Y", "city": "", "state": "TX", "area-code": "903"}, {"id": "03e293b3df9e35eadf15c56119169c79", "number": "+14308031185", "date": "2021-01-23 19:37:27", "subject": "3", "recorded-or-robo": "Y", "city": "", "state": "TX", "area-code": "903"}, {"id": "3decc6bfadaa436a105714c6ba6290fc", "number": "6015018583", "date": "2021-01-22 11:27:00", "subject": "3", "recorded-or-robo": "Y", "city": "", "state": "NC", "area-code": "252"}]}