{"data": [{"id": "1d36742e3f24f50e4e7ae828016ed728", "number": "7073965062", "date": "2020-08-21 13:50:00", "subject": "4", "recorded-or-robo": "Y", "city": "Tujunga", "state": "CA", "area-code": "818"}, {"id": "e81c9350d54f66c6d33b3747eed9d4e8", "number": "4807191422", "date": "2021-01-23 07:00:00", "subject": "2", "recorded-or-robo": "N", "city": "Cave Creek", "state": "AZ", "area-code": "602"}, {"id": "1d36742e3f24f50e4e7ae828016ed4d6", "number": "4807191422", "date": "2021-01-23 07:00:00", "subject": "2", "recorded-or-robo": "N", "city": "Cave Creek", "state": "AZ", "area-code": "602"}, {"id": "e81c9350d54f66c6d33b3747eed9cf01", "number": "", "date": "2021-01-23 09:40:00", "subject": "13", "recorded-or-robo": "N", "city": "Salem", "state": "VA", "area-code": "540"}, {"id": "1d36742e3f24f50e4e7ae828016ed0da", "number": "", "date": "2021-01-23 09:40:00", "subject": "13", "recorded-or-robo": "N", "city": "Salem", "state": "VA", "area-code": "540"}, {"id": "e81c9350d54f66c6d33b3747eed9ccd4", "number": "5089667222", "date": "2021-01-23 10:00:00", "subject": "0", "recorded-or-robo": "N", "city": "", "state": "MA", "area-code": "508"}, {"id": "1d36742e3f24f50e4e7ae828016ec5b9", "number": "5089667222", "date": "2021-01-23 10:00:00", "subject": "0", "recorded-or-robo": "N", "city": "", "state": "MA", "area-code": "508"}, {"id": "e81c9350d54f66c6d33b3747eed9cb45", "number": "", "date": "2020-12-31 06:30:00", "subject": "2", "recorded-or-robo": "Y", "city": "Los Angeles", "state": "CA", "area-code": "310"}, {"id": "e81c9350d54f66c6d33b3747eed9bd75", "number": "3322663830", "date": "2021-01-22 12:00:00", "subject": "2", "recorded-or-robo": "Y", "city": "Naples", "state": "TX", "area-code": "903"}, {"id": "1d36742e3f24f50e4e7ae828016ec3ac", "number": "", "date": "2020-12-31 06:30:00", "subject": "2", "recorded-or-robo": "Y", "city": "Los Angeles", "state": "CA", "area-code": "310"}, {"id": "1d36742e3f24f50e4e7ae828016eb7db", "number": "3322663830", "date": "2021-01-22 12:00:00", "subject": "2", "recorded-or-robo": "Y", "city": "Naples", "state": "TX", "area-code": "903"}, {"id": "e81c9350d54f66c6d33b3747eed9ac57", "number": "2394882041", "date": "2021-01-23 09:47:00", "subject": "3", "recorded-or-robo": "", "city": "", "state": "FL", "area-code": "561"}, {"id": "1d36742e3f24f50e4e7ae828016ea238", "number": "2394882041", "date": "2021-01-23 09:47:00", "subject": "3", "recorded-or-robo": "", "city": "", "state": "FL", "area-code": "561"}, {"id": "e81c9350d54f66c6d33b3747eed9b105", "number": "2029140205", "date": "2021-01-22 00:00:00", "subject": "3", "recorded-or-robo": "N", "city": "Lowell", "state": "MA", "area-code": "978"}, {"id": "1d36742e3f24f50e4e7ae828016eaa1b", "number": "2029140205", "date": "2021-01-22 00:00:00", "subject": "3", "recorded-or-robo": "N", "city": "Lowell", "state": "MA", "area-code": "978"}, {"id": "e81c9350d54f66c6d33b3747eed9a01c", "number": "", "date": "2021-01-23 09:25:00", "subject": "1", "recorded-or-robo": "N", "city": "Hope Mills", "state": "NC", "area-code": "910"}, {"id": "1d36742e3f24f50e4e7ae828016ea079", "number": "", "date": "2021-01-23 09:25:00", "subject": "1", "recorded-or-robo": "N", "city": "Hope Mills", "state": "NC", "area-code": "910"}, {"id": "e81c9350d54f66c6d33b3747eed99776", "number": "5103986081", "date": "2020-09-10 09:33:00", "subject": "4", "recorded-or-robo": "Y", "city": "Tujunga", "state": "CA", "area-code": "818"}, {"id": "1d36742e3f24f50e4e7ae828016e93ca", "number": "5103986081", "date": "2020-09-10 09:33:00", "subject": "4", "recorded-or-robo": "Y", "city": "Tujunga", "state": "CA", "area-code": "818"}, {"id": "e81c9350d54f66c6d33b3747eed98cfc", "number": "8063290224", "date": "2021-01-22 21:56:00", "subject": "1", "recorded-or-robo": "Y", "city": "Pickerington", "state": "OH", "area-code": "614"}, {"id": "1d36742e3f24f50e4e7ae828016e8474", "number": "8063290224", "date": "2021-01-22 21:56:00", "subject": "1", "recorded-or-robo": "Y", "city": "Pickerington", "state": "OH", "area-code": "614"}, {"id": "e81c9350d54f66c6d33b3747eed98224", "number": "2173686023", "date": "2021-01-22 11:45:00", "subject": "2", "recorded-or-robo": "Y", "city": "West Chicago", "state": "IL", "area-code": "630"}, {"id": "1d36742e3f24f50e4e7ae828016e79ac", "number": "2173686023", "date": "2021-01-22 11:45:00", "subject": "2", "recorded-or-robo": "Y", "city": "West Chicago", "state": "IL", "area-code": "630"}, {"id": "e81c9350d54f66c6d33b3747eed9739f", "number": "7622243277", "date": "2021-01-23 09:26:00", "subject": "3", "recorded-or-robo": "N", "city": "", "state": "GA", "area-code": "404"}, {"id": "1d36742e3f24f50e4e7ae828016e68b0", "number": "7622243277", "date": "2021-01-23 09:26:00", "subject": "3", "recorded-or-robo": "N", "city": "", "state": "GA", "area-code": "404"}, {"id": "e81c9350d54f66c6d33b3747eed9745e", "number": "8443302020", "date": "2020-09-16 11:35:00", "subject": "5", "recorded-or-robo": "Y", "city": "Tujunga", "state": "CA", "area-code": "818"}, {"id": "1d36742e3f24f50e4e7ae828016e72cb", "number": "8443302020", "date": "2020-09-16 11:35:00", "subject": "5", "recorded-or-robo": "Y", "city": "Tujunga", "state": "CA", "area-code": "818"}, {"id": "e81c9350d54f66c6d33b3747eed970d9", "number": "3108905799", "date": "2021-01-21 15:09:00", "subject": "2", "recorded-or-robo": "N", "city": "HERMOSA BCH", "state": "CA", "area-code": "310"}, {"id": "1d36742e3f24f50e4e7ae828016e66b9", "number": "3108905799", "date": "2021-01-21 15:09:00", "subject": "2", "recorded-or-robo": "N", "city": "HERMOSA BCH", "state": "CA", "area-code": "310"}, {"id": "e81c9350d54f66c6d33b3747eed96623", "number": "", "date": "2021-01-23 09:54:00", "subject": "2", "recorded-or-robo": "Y", "city": "North Stonington", "state": "CT", "area-code": "401"}, {"id": "1d36742e3f24f50e4e7ae828016e56fa", "number": "", "date": "2021-01-23 09:54:00", "subject": "2", "recorded-or-robo": "Y", "city": "North Stonington", "state": "CT", "area-code": "401"}, {"id": "e81c9350d54f66c6d33b3747eed96208", "number": "9492021143", "date": "2020-09-17 07:56:00", "subject": "4", "recorded-or-robo": "Y", "city": "Tujunga", "state": "CA", "area-code": "818"}, {"id": "1d36742e3f24f50e4e7ae828016e54f0", "number": "9492021143", "date": "2020-09-17 07:56:00", "subject": "4", "recorded-or-robo": "Y", "city": "Tujunga", "state": "CA", "area-code": "818"}, {"id": "e81c9350d54f66c6d33b3747eed9544a", "number": "8553066939", "date": "2021-01-23 09:51:00", "subject": "2", "recorded-or-robo": "N", "city": "", "state": "PA", "area-code": "215"}, {"id": "1d36742e3f24f50e4e7ae828016e4c88", "number": "8553066939", "date": "2021-01-23 09:51:00", "subject": "2", "recorded-or-robo": "N", "city": "", "state": "PA", "area-code": "215"}, {"id": "e81c9350d54f66c6d33b3747eed9535f", "number": "4702054170", "date": "2021-01-23 09:50:00", "subject": "3", "recorded-or-robo": "", "city": "Augusta", "state": "GA", "area-code": "706"}, {"id": "1d36742e3f24f50e4e7ae828016e4269", "number": "4702054170", "date": "2021-01-23 09:50:00", "subject": "3", "recorded-or-robo": "", "city": "Augusta", "state": "GA", "area-code": "706"}, {"id": "e81c9350d54f66c6d33b3747eed94ec2", "number": "2168596720", "date": "2021-01-23 09:40:00", "subject": "6", "recorded-or-robo": "N", "city": "Cleveland", "state": "OH", "area-code": "216"}, {"id": "1d36742e3f24f50e4e7ae828016e40fd", "number": "2168596720", "date": "2021-01-23 09:40:00", "subject": "6", "recorded-or-robo": "N", "city": "Cleveland", "state": "OH", "area-code": "216"}, {"id": "e81c9350d54f66c6d33b3747eed94704", "number": "5305448293", "date": "2020-10-12 11:39:00", "subject": "4", "recorded-or-robo": "Y", "city": "Tujunga", "state": "CA", "area-code": "818"}, {"id": "1d36742e3f24f50e4e7ae828016e384f", "number": "5305448293", "date": "2020-10-12 11:39:00", "subject": "4", "recorded-or-robo": "Y", "city": "Tujunga", "state": "CA", "area-code": "818"}, {"id": "e81c9350d54f66c6d33b3747eed93efa", "number": "9012929979", "date": "2021-01-22 18:57:00", "subject": "0", "recorded-or-robo": "N", "city": "Cordova", "state": "TN", "area-code": "901"}, {"id": "1d36742e3f24f50e4e7ae828016e2ba0", "number": "9012929979", "date": "2021-01-22 18:57:00", "subject": "0", "recorded-or-robo": "N", "city": "Cordova", "state": "TN", "area-code": "901"}, {"id": "e81c9350d54f66c6d33b3747eed93bdb", "number": "8507652323", "date": "2021-01-23 08:50:00", "subject": "6", "recorded-or-robo": "N", "city": "Cantonment", "state": "FL", "area-code": "850"}, {"id": "1d36742e3f24f50e4e7ae828016e2ac6", "number": "8507652323", "date": "2021-01-23 08:50:00", "subject": "6", "recorded-or-robo": "N", "city": "Cantonment", "state": "FL", "area-code": "850"}, {"id": "e81c9350d54f66c6d33b3747eed93229", "number": "2187918877", "date": "2021-01-23 12:00:00", "subject": "1", "recorded-or-robo": "N", "city": "Grand Forks", "state": "ND", "area-code": "218"}, {"id": "1d36742e3f24f50e4e7ae828016e1cc2", "number": "2187918877", "date": "2021-01-23 12:00:00", "subject": "1", "recorded-or-robo": "N", "city": "Grand Forks", "state": "ND", "area-code": "218"}, {"id": "e81c9350d54f66c6d33b3747eed8f00a", "number": "9787561940", "date": "2021-01-21 00:00:00", "subject": "3", "recorded-or-robo": "", "city": "", "state": "MA", "area-code": "508"}, {"id": "1d36742e3f24f50e4e7ae828016defe5", "number": "9787561940", "date": "2021-01-21 00:00:00", "subject": "3", "recorded-or-robo": "", "city": "", "state": "MA", "area-code": "508"}, {"id": "e81c9350d54f66c6d33b3747eed92a66", "number": "8174128472", "date": "2021-01-23 09:00:00", "subject": "12", "recorded-or-robo": "N", "city": "fort worth", "state": "TX", "area-code": "817"}]}