{"data": [{"id": "1d36742e3f24f50e4e7ae82801c36525", "number": "4232051104", "date": "2021-01-19 14:44:00", "subject": "2", "recorded-or-robo": "Y", "city": "Waterloo", "state": "IA", "area-code": "319"}, {"id": "3decc6bfadaa436a105714c6ba2c15e5", "number": "3148492259", "date": "2021-01-23 14:25:00", "subject": "2", "recorded-or-robo": "N", "city": "", "state": "MO", "area-code": "314"}, {"id": "1d36742e3f24f50e4e7ae82801c35fe4", "number": "3148492259", "date": "2021-01-23 14:25:00", "subject": "2", "recorded-or-robo": "N", "city": "", "state": "MO", "area-code": "314"}, {"id": "3decc6bfadaa436a105714c6ba2c13d3", "number": "5036763685", "date": "2021-01-23 10:26:00", "subject": "2", "recorded-or-robo": "N", "city": "", "state": "OR", "area-code": "503"}, {"id": "1d36742e3f24f50e4e7ae82801c35f77", "number": "5036763685", "date": "2021-01-23 10:26:00", "subject": "2", "recorded-or-robo": "N", "city": "", "state": "OR", "area-code": "503"}, {"id": "3decc6bfadaa436a105714c6ba770cd7", "number": "+17083673565", "date": "2021-01-23 15:45:27", "subject": "3", "recorded-or-robo": "Y", "city": "", "state": "IL", "area-code": "708"}, {"id": "3decc6bfadaa436a105714c6ba2c0ba1", "number": "3155097561", "date": "2021-01-08 12:32:00", "subject": "3", "recorded-or-robo": "", "city": "dewitt", "state": "NY", "area-code": "315"}, {"id": "1d36742e3f24f50e4e7ae82801c35d8f", "number": "3155097561", "date": "2021-01-08 12:32:00", "subject": "3", "recorded-or-robo": "", "city": "dewitt", "state": "NY", "area-code": "315"}, {"id": "03e293b3df9e35eadf15c561190d8014", "number": "+17083673565", "date": "2021-01-23 15:45:27", "subject": "3", "recorded-or-robo": "Y", "city": "", "state": "IL", "area-code": "708"}, {"id": "3decc6bfadaa436a105714c6ba770017", "number": "+17133320013", "date": "2021-01-23 15:45:25", "subject": "3", "recorded-or-robo": "N", "city": "", "state": "TX", "area-code": "832"}, {"id": "03e293b3df9e35eadf15c561190d7222", "number": "+17133320013", "date": "2021-01-23 15:45:25", "subject": "3", "recorded-or-robo": "N", "city": "", "state": "TX", "area-code": "832"}, {"id": "3decc6bfadaa436a105714c6ba2c0a3d", "number": "7182445787", "date": "2021-01-23 15:43:00", "subject": "2", "recorded-or-robo": "Y", "city": "", "state": "OH", "area-code": "513"}, {"id": "1d36742e3f24f50e4e7ae82801c3583a", "number": "7182445787", "date": "2021-01-23 15:43:00", "subject": "2", "recorded-or-robo": "Y", "city": "", "state": "OH", "area-code": "513"}, {"id": "3decc6bfadaa436a105714c6ba2c0003", "number": "2088774234", "date": "2021-01-19 14:05:00", "subject": "2", "recorded-or-robo": "N", "city": "", "state": "FL", "area-code": "727"}, {"id": "1d36742e3f24f50e4e7ae82801c3494e", "number": "2088774234", "date": "2021-01-19 14:05:00", "subject": "2", "recorded-or-robo": "N", "city": "", "state": "FL", "area-code": "727"}, {"id": "3decc6bfadaa436a105714c6ba2bfa89", "number": "3142328257", "date": "2021-01-23 14:19:00", "subject": "1", "recorded-or-robo": "Y", "city": "Omaha", "state": "NE", "area-code": "314"}, {"id": "3decc6bfadaa436a105714c6ba2bebd6", "number": "9198324262", "date": "2021-01-21 10:43:00", "subject": "4", "recorded-or-robo": "Y", "city": "Wappingers Falls", "state": "NY", "area-code": "914"}, {"id": "1d36742e3f24f50e4e7ae82801c33aa7", "number": "3142328257", "date": "2021-01-23 14:19:00", "subject": "1", "recorded-or-robo": "Y", "city": "Omaha", "state": "NE", "area-code": "314"}, {"id": "1d36742e3f24f50e4e7ae82801c3315d", "number": "9198324262", "date": "2021-01-21 10:43:00", "subject": "4", "recorded-or-robo": "Y", "city": "Wappingers Falls", "state": "NY", "area-code": "914"}, {"id": "3decc6bfadaa436a105714c6ba2bead6", "number": "2168778686", "date": "2021-01-23 15:43:00", "subject": "2", "recorded-or-robo": "N", "city": "Twinsburg", "state": "OH", "area-code": "216"}, {"id": "1d36742e3f24f50e4e7ae82801c32d72", "number": "2168778686", "date": "2021-01-23 15:43:00", "subject": "2", "recorded-or-robo": "N", "city": "Twinsburg", "state": "OH", "area-code": "216"}, {"id": "3decc6bfadaa436a105714c6ba2be3f8", "number": "9099413419", "date": "2021-01-11 16:53:00", "subject": "0", "recorded-or-robo": "Y", "city": "", "state": "CA", "area-code": "657"}, {"id": "1d36742e3f24f50e4e7ae82801c32cf0", "number": "9099413419", "date": "2021-01-11 16:53:00", "subject": "0", "recorded-or-robo": "Y", "city": "", "state": "CA", "area-code": "657"}, {"id": "3decc6bfadaa436a105714c6ba771719", "number": "2818990887", "date": "2021-01-23 15:44:43", "subject": "3", "recorded-or-robo": "Y", "city": "", "state": "TX", "area-code": "281"}, {"id": "03e293b3df9e35eadf15c561190d8d67", "number": "2818990887", "date": "2021-01-23 15:44:43", "subject": "3", "recorded-or-robo": "Y", "city": "", "state": "TX", "area-code": "281"}, {"id": "3decc6bfadaa436a105714c6ba2be3c9", "number": "", "date": "2021-01-22 12:00:00", "subject": "2", "recorded-or-robo": "Y", "city": "Saint Louis", "state": "MO", "area-code": "314"}, {"id": "1d36742e3f24f50e4e7ae82801c322b8", "number": "", "date": "2021-01-22 12:00:00", "subject": "2", "recorded-or-robo": "Y", "city": "Saint Louis", "state": "MO", "area-code": "314"}, {"id": "3decc6bfadaa436a105714c6ba2bd771", "number": "9202078066", "date": "2021-01-23 13:13:00", "subject": "1", "recorded-or-robo": "Y", "city": "Sheboygan", "state": "WI", "area-code": "920"}, {"id": "1d36742e3f24f50e4e7ae82801c31571", "number": "9202078066", "date": "2021-01-23 13:13:00", "subject": "1", "recorded-or-robo": "Y", "city": "Sheboygan", "state": "WI", "area-code": "920"}, {"id": "3decc6bfadaa436a105714c6ba2bcbfe", "number": "7572075951", "date": "2021-01-19 10:06:00", "subject": "2", "recorded-or-robo": "Y", "city": "Virginia Bch", "state": "VA", "area-code": "757"}, {"id": "1d36742e3f24f50e4e7ae82801c30a04", "number": "7572075951", "date": "2021-01-19 10:06:00", "subject": "2", "recorded-or-robo": "Y", "city": "Virginia Bch", "state": "VA", "area-code": "757"}, {"id": "3decc6bfadaa436a105714c6ba2bc168", "number": "7074596028", "date": "2021-01-23 12:16:00", "subject": "11", "recorded-or-robo": "Y", "city": "Willits", "state": "CA", "area-code": "707"}, {"id": "1d36742e3f24f50e4e7ae82801c30734", "number": "7074596028", "date": "2021-01-23 12:16:00", "subject": "11", "recorded-or-robo": "Y", "city": "Willits", "state": "CA", "area-code": "707"}, {"id": "3decc6bfadaa436a105714c6ba2bb771", "number": "5034102666", "date": "2021-01-20 16:09:00", "subject": "2", "recorded-or-robo": "Y", "city": "Albany", "state": "OR", "area-code": "541"}, {"id": "1d36742e3f24f50e4e7ae82801c2ff18", "number": "5034102666", "date": "2021-01-20 16:09:00", "subject": "2", "recorded-or-robo": "Y", "city": "Albany", "state": "OR", "area-code": "541"}, {"id": "3decc6bfadaa436a105714c6ba2bad1d", "number": "3145527250", "date": "2021-01-23 14:39:00", "subject": "1", "recorded-or-robo": "Y", "city": "Omaha", "state": "NE", "area-code": "314"}, {"id": "1d36742e3f24f50e4e7ae82801c2f952", "number": "3145527250", "date": "2021-01-23 14:39:00", "subject": "1", "recorded-or-robo": "Y", "city": "Omaha", "state": "NE", "area-code": "314"}, {"id": "3decc6bfadaa436a105714c6ba2ba970", "number": "7279427248", "date": "2021-01-19 18:14:00", "subject": "2", "recorded-or-robo": "N", "city": "", "state": "FL", "area-code": "727"}, {"id": "1d36742e3f24f50e4e7ae82801c2eff8", "number": "7279427248", "date": "2021-01-19 18:14:00", "subject": "2", "recorded-or-robo": "N", "city": "", "state": "FL", "area-code": "727"}, {"id": "3decc6bfadaa436a105714c6ba2ba952", "number": "2022176099", "date": "2021-01-22 12:00:00", "subject": "11", "recorded-or-robo": "Y", "city": "Centennial", "state": "CO", "area-code": "303"}, {"id": "1d36742e3f24f50e4e7ae82801c2e847", "number": "2022176099", "date": "2021-01-22 12:00:00", "subject": "11", "recorded-or-robo": "Y", "city": "Centennial", "state": "CO", "area-code": "303"}, {"id": "3decc6bfadaa436a105714c6ba2ba2c2", "number": "3145033331", "date": "2021-01-23 00:00:00", "subject": "3", "recorded-or-robo": "Y", "city": "", "state": "MO", "area-code": "314"}, {"id": "1d36742e3f24f50e4e7ae82801c2e42d", "number": "3145033331", "date": "2021-01-23 00:00:00", "subject": "3", "recorded-or-robo": "Y", "city": "", "state": "MO", "area-code": "314"}, {"id": "3decc6bfadaa436a105714c6ba2b9339", "number": "6572485397", "date": "2021-01-02 13:36:00", "subject": "3", "recorded-or-robo": "Y", "city": "", "state": "CA", "area-code": "657"}, {"id": "1d36742e3f24f50e4e7ae82801c2d7ea", "number": "6572485397", "date": "2021-01-02 13:36:00", "subject": "3", "recorded-or-robo": "Y", "city": "", "state": "CA", "area-code": "657"}, {"id": "3decc6bfadaa436a105714c6ba76f9be", "number": "3526326261", "date": "2021-01-23 15:43:37", "subject": "3", "recorded-or-robo": "N", "city": "", "state": "FL", "area-code": "352"}, {"id": "3decc6bfadaa436a105714c6ba2b8ab6", "number": "3203078044", "date": "2021-01-07 10:16:00", "subject": "3", "recorded-or-robo": "", "city": "dewitt", "state": "NY", "area-code": "315"}, {"id": "1d36742e3f24f50e4e7ae82801c2d18c", "number": "3203078044", "date": "2021-01-07 10:16:00", "subject": "3", "recorded-or-robo": "", "city": "dewitt", "state": "NY", "area-code": "315"}, {"id": "03e293b3df9e35eadf15c561190d6941", "number": "3526326261", "date": "2021-01-23 15:43:37", "subject": "3", "recorded-or-robo": "N", "city": "", "state": "FL", "area-code": "352"}, {"id": "3decc6bfadaa436a105714c6ba2b8651", "number": "6077651111", "date": "2021-01-23 12:27:00", "subject": "2", "recorded-or-robo": "Y", "city": "Binghamton", "state": "NY", "area-code": "607"}]}