{"data": [{"id": "1d36742e3f24f50e4e7ae82801a1d8b5", "number": "9012900098", "date": "2021-01-23 12:25:00", "subject": "15", "recorded-or-robo": "N", "city": "", "state": "TN", "area-code": "901"}, {"id": "3decc6bfadaa436a105714c6ba0a78ae", "number": "8668643926", "date": "2021-01-23 13:05:00", "subject": "0", "recorded-or-robo": "Y", "city": "", "state": "FL", "area-code": "352"}, {"id": "1d36742e3f24f50e4e7ae82801a1cb54", "number": "8668643926", "date": "2021-01-23 13:05:00", "subject": "0", "recorded-or-robo": "Y", "city": "", "state": "FL", "area-code": "352"}, {"id": "3decc6bfadaa436a105714c6ba0a6f1c", "number": "", "date": "2021-01-23 11:15:00", "subject": "11", "recorded-or-robo": "Y", "city": "Mesa", "state": "AZ", "area-code": "480"}, {"id": "1d36742e3f24f50e4e7ae82801a1c568", "number": "", "date": "2021-01-23 11:15:00", "subject": "11", "recorded-or-robo": "Y", "city": "Mesa", "state": "AZ", "area-code": "480"}, {"id": "3decc6bfadaa436a105714c6ba0a6a33", "number": "7205526215", "date": "2021-01-21 12:05:00", "subject": "2", "recorded-or-robo": "N", "city": "", "state": "CO", "area-code": "720"}, {"id": "1d36742e3f24f50e4e7ae82801a1b63f", "number": "7205526215", "date": "2021-01-21 12:05:00", "subject": "2", "recorded-or-robo": "N", "city": "", "state": "CO", "area-code": "720"}, {"id": "3decc6bfadaa436a105714c6ba56052c", "number": "8558440114", "date": "2021-01-23 13:28:43", "subject": "3", "recorded-or-robo": "Y", "city": "", "state": "GA", "area-code": "678"}, {"id": "1d36742e3f24f50e4e7ae82801ec5036", "number": "8558440114", "date": "2021-01-23 13:28:43", "subject": "3", "recorded-or-robo": "Y", "city": "", "state": "GA", "area-code": "678"}, {"id": "3decc6bfadaa436a105714c6ba560eba", "number": "8558440114", "date": "2021-01-23 13:28:42", "subject": "3", "recorded-or-robo": "Y", "city": "", "state": "GA", "area-code": "678"}, {"id": "1d36742e3f24f50e4e7ae82801ec5b90", "number": "8558440114", "date": "2021-01-23 13:28:42", "subject": "3", "recorded-or-robo": "Y", "city": "", "state": "GA", "area-code": "678"}, {"id": "3decc6bfadaa436a105714c6ba0a584d", "number": "5408058609", "date": "2021-01-23 13:24:00", "subject": "6", "recorded-or-robo": "Y", "city": "Warrenton", "state": "VA", "area-code": "540"}, {"id": "1d36742e3f24f50e4e7ae82801a19e26", "number": "5408058609", "date": "2021-01-23 13:24:00", "subject": "6", "recorded-or-robo": "Y", "city": "Warrenton", "state": "VA", "area-code": "540"}, {"id": "3decc6bfadaa436a105714c6ba0a50e2", "number": "5615937812", "date": "2021-01-16 11:00:00", "subject": "3", "recorded-or-robo": "Y", "city": "", "state": "FL", "area-code": "561"}, {"id": "1d36742e3f24f50e4e7ae82801a19ce9", "number": "5615937812", "date": "2021-01-16 11:00:00", "subject": "3", "recorded-or-robo": "Y", "city": "", "state": "FL", "area-code": "561"}, {"id": "3decc6bfadaa436a105714c6ba0a42b3", "number": "7083427479", "date": "2021-01-23 12:18:00", "subject": "5", "recorded-or-robo": "Y", "city": "Westchester", "state": "IL", "area-code": "708"}, {"id": "1d36742e3f24f50e4e7ae82801a18cff", "number": "7083427479", "date": "2021-01-23 12:18:00", "subject": "5", "recorded-or-robo": "Y", "city": "Westchester", "state": "IL", "area-code": "708"}, {"id": "3decc6bfadaa436a105714c6ba0a3437", "number": "3152328257", "date": "2021-01-23 13:10:00", "subject": "1", "recorded-or-robo": "Y", "city": "Spring Hill", "state": "FL", "area-code": "727"}, {"id": "1d36742e3f24f50e4e7ae82801a18492", "number": "3152328257", "date": "2021-01-23 13:10:00", "subject": "1", "recorded-or-robo": "Y", "city": "Spring Hill", "state": "FL", "area-code": "727"}, {"id": "3decc6bfadaa436a105714c6ba0a2ab6", "number": "", "date": "2021-01-23 12:30:00", "subject": "11", "recorded-or-robo": "Y", "city": "Binghamton", "state": "NY", "area-code": "607"}, {"id": "1d36742e3f24f50e4e7ae82801a17f62", "number": "", "date": "2021-01-23 12:30:00", "subject": "11", "recorded-or-robo": "Y", "city": "Binghamton", "state": "NY", "area-code": "607"}, {"id": "3decc6bfadaa436a105714c6ba5808a7", "number": "8135888528", "date": "2021-01-21 12:12:00", "subject": "3", "recorded-or-robo": "Y", "city": "", "state": "FL", "area-code": "863"}, {"id": "1d36742e3f24f50e4e7ae82801ee58f4", "number": "8135888528", "date": "2021-01-21 12:12:00", "subject": "3", "recorded-or-robo": "Y", "city": "", "state": "FL", "area-code": "863"}, {"id": "3decc6bfadaa436a105714c6ba0a2892", "number": "5615937812", "date": "2021-01-23 13:00:00", "subject": "2", "recorded-or-robo": "Y", "city": "", "state": "FL", "area-code": "561"}, {"id": "1d36742e3f24f50e4e7ae82801a17a35", "number": "5615937812", "date": "2021-01-23 13:00:00", "subject": "2", "recorded-or-robo": "Y", "city": "", "state": "FL", "area-code": "561"}, {"id": "3decc6bfadaa436a105714c6ba0a1abe", "number": "7209289205", "date": "2021-01-21 10:36:00", "subject": "2", "recorded-or-robo": "N", "city": "", "state": "CO", "area-code": "720"}, {"id": "1d36742e3f24f50e4e7ae82801a175ae", "number": "7209289205", "date": "2021-01-21 10:36:00", "subject": "2", "recorded-or-robo": "N", "city": "", "state": "CO", "area-code": "720"}, {"id": "3decc6bfadaa436a105714c6ba0a141b", "number": "8509009466", "date": "2021-01-23 12:02:00", "subject": "0", "recorded-or-robo": "Y", "city": "", "state": "", "area-code": "971"}, {"id": "1d36742e3f24f50e4e7ae82801a166ab", "number": "8509009466", "date": "2021-01-23 12:02:00", "subject": "0", "recorded-or-robo": "Y", "city": "", "state": "", "area-code": "971"}, {"id": "3decc6bfadaa436a105714c6ba0a07c9", "number": "", "date": "2021-01-23 10:20:00", "subject": "1", "recorded-or-robo": "Y", "city": "", "state": "CA", "area-code": "760"}, {"id": "1d36742e3f24f50e4e7ae82801a1669b", "number": "", "date": "2021-01-23 10:20:00", "subject": "1", "recorded-or-robo": "Y", "city": "", "state": "CA", "area-code": "760"}, {"id": "3decc6bfadaa436a105714c6ba0a028f", "number": "2189933469", "date": "2021-01-23 00:00:00", "subject": "4", "recorded-or-robo": "Y", "city": "Green Valley", "state": "AZ", "area-code": "218"}, {"id": "1d36742e3f24f50e4e7ae82801a15a58", "number": "2189933469", "date": "2021-01-23 00:00:00", "subject": "4", "recorded-or-robo": "Y", "city": "Green Valley", "state": "AZ", "area-code": "218"}, {"id": "3decc6bfadaa436a105714c6ba09fb79", "number": "6172037654", "date": "2021-01-23 12:09:00", "subject": "2", "recorded-or-robo": "", "city": "", "state": "FL", "area-code": "850"}, {"id": "1d36742e3f24f50e4e7ae82801a152ab", "number": "6172037654", "date": "2021-01-23 12:09:00", "subject": "2", "recorded-or-robo": "", "city": "", "state": "FL", "area-code": "850"}, {"id": "3decc6bfadaa436a105714c6ba09fa30", "number": "7173444734", "date": "2021-01-23 01:16:00", "subject": "3", "recorded-or-robo": "", "city": "", "state": "PA", "area-code": "717"}, {"id": "1d36742e3f24f50e4e7ae82801a14415", "number": "7173444734", "date": "2021-01-23 01:16:00", "subject": "3", "recorded-or-robo": "", "city": "", "state": "PA", "area-code": "717"}, {"id": "3decc6bfadaa436a105714c6ba09f413", "number": "7752340637", "date": "2020-12-15 12:00:00", "subject": "2", "recorded-or-robo": "Y", "city": "Andover", "state": "MA", "area-code": "978"}, {"id": "1d36742e3f24f50e4e7ae82801a14210", "number": "7752340637", "date": "2020-12-15 12:00:00", "subject": "2", "recorded-or-robo": "Y", "city": "Andover", "state": "MA", "area-code": "978"}, {"id": "3decc6bfadaa436a105714c6ba09e428", "number": "7206408840", "date": "2021-01-21 10:02:00", "subject": "2", "recorded-or-robo": "N", "city": "", "state": "CO", "area-code": "720"}, {"id": "1d36742e3f24f50e4e7ae82801a13bb0", "number": "7206408840", "date": "2021-01-21 10:02:00", "subject": "2", "recorded-or-robo": "N", "city": "", "state": "CO", "area-code": "720"}, {"id": "3decc6bfadaa436a105714c6ba09e129", "number": "5806897563", "date": "2021-01-23 00:10:00", "subject": "8", "recorded-or-robo": "N", "city": "Collinsville", "state": "OK", "area-code": "918"}, {"id": "1d36742e3f24f50e4e7ae82801a13b66", "number": "5806897563", "date": "2021-01-23 00:10:00", "subject": "8", "recorded-or-robo": "N", "city": "Collinsville", "state": "OK", "area-code": "918"}, {"id": "3decc6bfadaa436a105714c6ba09d430", "number": "3162232424", "date": "2021-01-23 11:53:00", "subject": "0", "recorded-or-robo": "Y", "city": "", "state": "KS", "area-code": "316"}, {"id": "1d36742e3f24f50e4e7ae82801a1394a", "number": "3162232424", "date": "2021-01-23 11:53:00", "subject": "0", "recorded-or-robo": "Y", "city": "", "state": "KS", "area-code": "316"}, {"id": "3decc6bfadaa436a105714c6ba09cbef", "number": "8476494560", "date": "2021-01-23 10:19:00", "subject": "1", "recorded-or-robo": "Y", "city": "Skokie", "state": "IL", "area-code": "847"}, {"id": "1d36742e3f24f50e4e7ae82801a13076", "number": "8476494560", "date": "2021-01-23 10:19:00", "subject": "1", "recorded-or-robo": "Y", "city": "Skokie", "state": "IL", "area-code": "847"}, {"id": "3decc6bfadaa436a105714c6ba09cb0f", "number": "8042076361", "date": "2021-01-23 11:17:00", "subject": "1", "recorded-or-robo": "Y", "city": "Colorado Springs", "state": "CO", "area-code": "719"}, {"id": "1d36742e3f24f50e4e7ae82801a127dc", "number": "8042076361", "date": "2021-01-23 11:17:00", "subject": "1", "recorded-or-robo": "Y", "city": "Colorado Springs", "state": "CO", "area-code": "719"}, {"id": "3decc6bfadaa436a105714c6ba09c320", "number": "8133552914", "date": "2021-01-23 13:08:00", "subject": "2", "recorded-or-robo": "Y", "city": "", "state": "FL", "area-code": "813"}]}