{"data": [{"id": "1d36742e3f24f50e4e7ae82801ff4d26", "number": "", "date": "2021-01-22 17:03:00", "subject": "3", "recorded-or-robo": "N", "city": "", "state": "NJ", "area-code": "732"}, {"id": "3decc6bfadaa436a105714c6ba697144", "number": "1", "date": "2021-01-23 12:00:00", "subject": "2", "recorded-or-robo": "Y", "city": "Suffolk", "state": "VA", "area-code": "757"}, {"id": "1d36742e3f24f50e4e7ae82801ff6696", "number": "1", "date": "2021-01-23 12:00:00", "subject": "2", "recorded-or-robo": "Y", "city": "Suffolk", "state": "VA", "area-code": "757"}, {"id": "3decc6bfadaa436a105714c6ba696b50", "number": "5092154067", "date": "2021-01-22 08:00:00", "subject": "2", "recorded-or-robo": "", "city": "Spokane Valley", "state": "WA", "area-code": "509"}, {"id": "1d36742e3f24f50e4e7ae82801ff5933", "number": "5092154067", "date": "2021-01-22 08:00:00", "subject": "2", "recorded-or-robo": "", "city": "Spokane Valley", "state": "WA", "area-code": "509"}, {"id": "3decc6bfadaa436a105714c6ba696277", "number": "3107657946", "date": "2021-01-21 13:30:00", "subject": "2", "recorded-or-robo": "", "city": "Spokane Valley", "state": "WA", "area-code": "509"}, {"id": "1d36742e3f24f50e4e7ae82801ff424b", "number": "3107657946", "date": "2021-01-21 13:30:00", "subject": "2", "recorded-or-robo": "", "city": "Spokane Valley", "state": "WA", "area-code": "509"}, {"id": "3decc6bfadaa436a105714c6ba81d9c5", "number": "+18884230900", "date": "2021-01-23 20:37:46", "subject": "3", "recorded-or-robo": "Y", "city": "", "state": "MD", "area-code": "443"}, {"id": "03e293b3df9e35eadf15c561191845e4", "number": "+18884230900", "date": "2021-01-23 20:37:46", "subject": "3", "recorded-or-robo": "Y", "city": "", "state": "MD", "area-code": "443"}, {"id": "3decc6bfadaa436a105714c6ba695c61", "number": "8556780239", "date": "2021-01-23 17:21:00", "subject": "11", "recorded-or-robo": "Y", "city": "Spokane", "state": "WA", "area-code": "509"}, {"id": "1d36742e3f24f50e4e7ae82801ff4101", "number": "8556780239", "date": "2021-01-23 17:21:00", "subject": "11", "recorded-or-robo": "Y", "city": "Spokane", "state": "WA", "area-code": "509"}, {"id": "3decc6bfadaa436a105714c6ba691b8f", "number": "4237277508", "date": "2021-01-23 15:18:00", "subject": "3", "recorded-or-robo": "N", "city": "", "state": "TN", "area-code": "423"}, {"id": "1d36742e3f24f50e4e7ae82801ff03e5", "number": "4237277508", "date": "2021-01-23 15:18:00", "subject": "3", "recorded-or-robo": "N", "city": "", "state": "TN", "area-code": "423"}, {"id": "3decc6bfadaa436a105714c6ba695211", "number": "5092037387", "date": "2021-01-21 08:41:00", "subject": "2", "recorded-or-robo": "", "city": "Spokane Valley", "state": "WA", "area-code": "509"}, {"id": "1d36742e3f24f50e4e7ae82801ff4019", "number": "5092037387", "date": "2021-01-21 08:41:00", "subject": "2", "recorded-or-robo": "", "city": "Spokane Valley", "state": "WA", "area-code": "509"}, {"id": "3decc6bfadaa436a105714c6ba6949f2", "number": "2699416076", "date": "2021-01-13 12:36:00", "subject": "2", "recorded-or-robo": "Y", "city": "Lawrenceville", "state": "PA", "area-code": "570"}, {"id": "1d36742e3f24f50e4e7ae82801ff3dc2", "number": "2699416076", "date": "2021-01-13 12:36:00", "subject": "2", "recorded-or-robo": "Y", "city": "Lawrenceville", "state": "PA", "area-code": "570"}, {"id": "3decc6bfadaa436a105714c6ba81bd29", "number": "2055777256", "date": "2021-01-23 20:36:25", "subject": "3", "recorded-or-robo": "Y", "city": "", "state": "TX", "area-code": "832"}, {"id": "03e293b3df9e35eadf15c561191829b5", "number": "2055777256", "date": "2021-01-23 20:36:25", "subject": "3", "recorded-or-robo": "Y", "city": "", "state": "TX", "area-code": "832"}, {"id": "3decc6bfadaa436a105714c6ba694631", "number": "3152328257", "date": "2021-01-23 19:29:00", "subject": "11", "recorded-or-robo": "Y", "city": "MARYLAND HEIGHTS", "state": "MO", "area-code": "314"}, {"id": "1d36742e3f24f50e4e7ae82801ff2ee1", "number": "3152328257", "date": "2021-01-23 19:29:00", "subject": "11", "recorded-or-robo": "Y", "city": "MARYLAND HEIGHTS", "state": "MO", "area-code": "314"}, {"id": "3decc6bfadaa436a105714c6ba694491", "number": "9166478423", "date": "2021-01-23 17:26:00", "subject": "2", "recorded-or-robo": "N", "city": "North Highlands", "state": "CA", "area-code": "916"}, {"id": "1d36742e3f24f50e4e7ae82801ff28b1", "number": "9166478423", "date": "2021-01-23 17:26:00", "subject": "2", "recorded-or-robo": "N", "city": "North Highlands", "state": "CA", "area-code": "916"}, {"id": "3decc6bfadaa436a105714c6ba694481", "number": "", "date": "2021-01-23 17:00:00", "subject": "2", "recorded-or-robo": "Y", "city": "", "state": "WA", "area-code": "425"}, {"id": "1d36742e3f24f50e4e7ae82801ff2042", "number": "", "date": "2021-01-23 17:00:00", "subject": "2", "recorded-or-robo": "Y", "city": "", "state": "WA", "area-code": "425"}, {"id": "3decc6bfadaa436a105714c6ba693965", "number": "7754311075", "date": "2021-01-23 09:59:00", "subject": "4", "recorded-or-robo": "Y", "city": "PAHRUMP", "state": "NV", "area-code": "775"}, {"id": "1d36742e3f24f50e4e7ae82801ff1c69", "number": "7754311075", "date": "2021-01-23 09:59:00", "subject": "4", "recorded-or-robo": "Y", "city": "PAHRUMP", "state": "NV", "area-code": "775"}, {"id": "3decc6bfadaa436a105714c6ba693892", "number": "3029225586", "date": "2021-01-21 11:55:00", "subject": "2", "recorded-or-robo": "", "city": "Spokane Valley", "state": "WA", "area-code": "509"}, {"id": "3decc6bfadaa436a105714c6ba692ad6", "number": "3609306472", "date": "2021-01-23 11:09:00", "subject": "2", "recorded-or-robo": "N", "city": "Olympia", "state": "WA", "area-code": "360"}, {"id": "3decc6bfadaa436a105714c6ba69230d", "number": "5707950285", "date": "2021-01-13 15:44:00", "subject": "2", "recorded-or-robo": "Y", "city": "Lawrenceville", "state": "PA", "area-code": "570"}, {"id": "1d36742e3f24f50e4e7ae82801ff15af", "number": "3029225586", "date": "2021-01-21 11:55:00", "subject": "2", "recorded-or-robo": "", "city": "Spokane Valley", "state": "WA", "area-code": "509"}, {"id": "1d36742e3f24f50e4e7ae82801ff07b1", "number": "3609306472", "date": "2021-01-23 11:09:00", "subject": "2", "recorded-or-robo": "N", "city": "Olympia", "state": "WA", "area-code": "360"}, {"id": "1d36742e3f24f50e4e7ae82801ff064d", "number": "5707950285", "date": "2021-01-13 15:44:00", "subject": "2", "recorded-or-robo": "Y", "city": "Lawrenceville", "state": "PA", "area-code": "570"}, {"id": "3decc6bfadaa436a105714c6ba691055", "number": "3322086658", "date": "2021-01-21 13:55:00", "subject": "3", "recorded-or-robo": "N", "city": "", "state": "NY", "area-code": "631"}, {"id": "1d36742e3f24f50e4e7ae82801fef5c7", "number": "3322086658", "date": "2021-01-21 13:55:00", "subject": "3", "recorded-or-robo": "N", "city": "", "state": "NY", "area-code": "631"}, {"id": "3decc6bfadaa436a105714c6ba690b1b", "number": "6625471177", "date": "2021-01-20 14:55:00", "subject": "8", "recorded-or-robo": "", "city": "Spokane Valley", "state": "WA", "area-code": "509"}, {"id": "1d36742e3f24f50e4e7ae82801fef178", "number": "6625471177", "date": "2021-01-20 14:55:00", "subject": "8", "recorded-or-robo": "", "city": "Spokane Valley", "state": "WA", "area-code": "509"}, {"id": "3decc6bfadaa436a105714c6ba819ef8", "number": "7034969716", "date": "2021-01-23 20:34:31", "subject": "3", "recorded-or-robo": "Y", "city": "", "state": "VA", "area-code": "703"}, {"id": "03e293b3df9e35eadf15c56119180e6c", "number": "7034969716", "date": "2021-01-23 20:34:31", "subject": "3", "recorded-or-robo": "Y", "city": "", "state": "VA", "area-code": "703"}, {"id": "3decc6bfadaa436a105714c6ba6904ab", "number": "8039563096", "date": "2021-01-13 17:57:00", "subject": "2", "recorded-or-robo": "Y", "city": "Lawrenceville", "state": "PA", "area-code": "570"}, {"id": "1d36742e3f24f50e4e7ae82801fee7e1", "number": "8039563096", "date": "2021-01-13 17:57:00", "subject": "2", "recorded-or-robo": "Y", "city": "Lawrenceville", "state": "PA", "area-code": "570"}, {"id": "3decc6bfadaa436a105714c6ba87cd37", "number": "6154067579", "date": "2021-01-23 15:55:00", "subject": "3", "recorded-or-robo": "Y", "city": "", "state": "WA", "area-code": "509"}, {"id": "03e293b3df9e35eadf15c561191e555e", "number": "6154067579", "date": "2021-01-23 15:55:00", "subject": "3", "recorded-or-robo": "Y", "city": "", "state": "WA", "area-code": "509"}, {"id": "3decc6bfadaa436a105714c6ba690159", "number": "3145507571", "date": "2021-01-23 19:08:00", "subject": "3", "recorded-or-robo": "Y", "city": "Wentzville", "state": "MO", "area-code": "314"}, {"id": "1d36742e3f24f50e4e7ae82801fee050", "number": "3145507571", "date": "2021-01-23 19:08:00", "subject": "3", "recorded-or-robo": "Y", "city": "Wentzville", "state": "MO", "area-code": "314"}, {"id": "3decc6bfadaa436a105714c6ba68f1e6", "number": "3019699204", "date": "2021-01-23 20:10:00", "subject": "0", "recorded-or-robo": "Y", "city": "", "state": "MD", "area-code": "301"}, {"id": "1d36742e3f24f50e4e7ae82801fed445", "number": "3019699204", "date": "2021-01-23 20:10:00", "subject": "0", "recorded-or-robo": "Y", "city": "", "state": "MD", "area-code": "301"}, {"id": "3decc6bfadaa436a105714c6ba68e23e", "number": "5092154064", "date": "2021-01-20 12:18:00", "subject": "2", "recorded-or-robo": "", "city": "Spokane Valley", "state": "WA", "area-code": "509"}, {"id": "1d36742e3f24f50e4e7ae82801fecb4f", "number": "5092154064", "date": "2021-01-20 12:18:00", "subject": "2", "recorded-or-robo": "", "city": "Spokane Valley", "state": "WA", "area-code": "509"}, {"id": "3decc6bfadaa436a105714c6ba68d4de", "number": "7164066291", "date": "2021-01-14 09:36:00", "subject": "2", "recorded-or-robo": "Y", "city": "Lawrenceville", "state": "PA", "area-code": "570"}]}