{"data": [{"id": "1d36742e3f24f50e4e7ae82801efe18d", "number": "7149957415", "date": "2021-01-16 14:03:00", "subject": "2", "recorded-or-robo": "Y", "city": "Huntington Beach", "state": "CA", "area-code": "714"}, {"id": "3decc6bfadaa436a105714c6ba59d50f", "number": "1908935472", "date": "2021-01-23 17:02:00", "subject": "1", "recorded-or-robo": "Y", "city": "Red Bank", "state": "NJ", "area-code": "908"}, {"id": "1d36742e3f24f50e4e7ae82801efd4e2", "number": "1908935472", "date": "2021-01-23 17:02:00", "subject": "1", "recorded-or-robo": "Y", "city": "Red Bank", "state": "NJ", "area-code": "908"}, {"id": "3decc6bfadaa436a105714c6ba59cdf8", "number": "7146446480", "date": "2021-01-18 16:20:00", "subject": "2", "recorded-or-robo": "Y", "city": "Huntington Beach", "state": "CA", "area-code": "714"}, {"id": "1d36742e3f24f50e4e7ae82801efce23", "number": "7146446480", "date": "2021-01-18 16:20:00", "subject": "2", "recorded-or-robo": "Y", "city": "Huntington Beach", "state": "CA", "area-code": "714"}, {"id": "3decc6bfadaa436a105714c6ba7dca1b", "number": "9726179233", "date": "2021-01-23 18:44:29", "subject": "3", "recorded-or-robo": "Y", "city": "", "state": "TX", "area-code": "512"}, {"id": "3decc6bfadaa436a105714c6ba59cd16", "number": "3523763015", "date": "2021-01-23 14:55:00", "subject": "3", "recorded-or-robo": "Y", "city": "Gainesville", "state": "FL", "area-code": "352"}, {"id": "1d36742e3f24f50e4e7ae82801efc79b", "number": "3523763015", "date": "2021-01-23 14:55:00", "subject": "3", "recorded-or-robo": "Y", "city": "Gainesville", "state": "FL", "area-code": "352"}, {"id": "03e293b3df9e35eadf15c5611914901b", "number": "9726179233", "date": "2021-01-23 18:44:29", "subject": "3", "recorded-or-robo": "Y", "city": "", "state": "TX", "area-code": "512"}, {"id": "3decc6bfadaa436a105714c6ba59c28d", "number": "8667568233", "date": "2021-01-20 03:24:00", "subject": "11", "recorded-or-robo": "Y", "city": "Ocala", "state": "FL", "area-code": "352"}, {"id": "1d36742e3f24f50e4e7ae82801efb904", "number": "8667568233", "date": "2021-01-20 03:24:00", "subject": "11", "recorded-or-robo": "Y", "city": "Ocala", "state": "FL", "area-code": "352"}, {"id": "3decc6bfadaa436a105714c6ba59b638", "number": "9032944146", "date": "2021-01-12 00:00:00", "subject": "4", "recorded-or-robo": "N", "city": "Brooklyn", "state": "NY", "area-code": "917"}, {"id": "3decc6bfadaa436a105714c6ba59a9d7", "number": "5263099837", "date": "2021-01-22 13:07:00", "subject": "2", "recorded-or-robo": "N", "city": "Covina", "state": "CA", "area-code": "626"}, {"id": "1d36742e3f24f50e4e7ae82801efb232", "number": "9032944146", "date": "2021-01-12 00:00:00", "subject": "4", "recorded-or-robo": "N", "city": "Brooklyn", "state": "NY", "area-code": "917"}, {"id": "1d36742e3f24f50e4e7ae82801efae30", "number": "5263099837", "date": "2021-01-22 13:07:00", "subject": "2", "recorded-or-robo": "N", "city": "Covina", "state": "CA", "area-code": "626"}, {"id": "3decc6bfadaa436a105714c6ba599ddb", "number": "5713657934", "date": "2021-01-23 10:24:00", "subject": "1", "recorded-or-robo": "Y", "city": "Nellysford", "state": "VA", "area-code": "434"}, {"id": "1d36742e3f24f50e4e7ae82801efa0f0", "number": "5713657934", "date": "2021-01-23 10:24:00", "subject": "1", "recorded-or-robo": "Y", "city": "Nellysford", "state": "VA", "area-code": "434"}, {"id": "3decc6bfadaa436a105714c6ba599aaf", "number": "8888030912", "date": "2021-01-23 15:26:00", "subject": "1", "recorded-or-robo": "Y", "city": "", "state": "CA", "area-code": "805"}, {"id": "1d36742e3f24f50e4e7ae82801ef98f1", "number": "8888030912", "date": "2021-01-23 15:26:00", "subject": "1", "recorded-or-robo": "Y", "city": "", "state": "CA", "area-code": "805"}, {"id": "3decc6bfadaa436a105714c6ba5997bb", "number": "", "date": "2021-01-23 12:33:00", "subject": "11", "recorded-or-robo": "Y", "city": "Equality", "state": "IL", "area-code": "618"}, {"id": "1d36742e3f24f50e4e7ae82801ef97ea", "number": "", "date": "2021-01-23 12:33:00", "subject": "11", "recorded-or-robo": "Y", "city": "Equality", "state": "IL", "area-code": "618"}, {"id": "3decc6bfadaa436a105714c6ba598857", "number": "6023526167", "date": "2021-01-19 13:28:00", "subject": "2", "recorded-or-robo": "Y", "city": "Huntington Beach", "state": "CA", "area-code": "714"}, {"id": "1d36742e3f24f50e4e7ae82801ef8be6", "number": "6023526167", "date": "2021-01-19 13:28:00", "subject": "2", "recorded-or-robo": "Y", "city": "Huntington Beach", "state": "CA", "area-code": "714"}, {"id": "3decc6bfadaa436a105714c6ba597fe6", "number": "4142532908", "date": "2021-01-22 12:44:00", "subject": "1", "recorded-or-robo": "Y", "city": "Milwaukee", "state": "WI", "area-code": "414"}, {"id": "1d36742e3f24f50e4e7ae82801ef875a", "number": "4142532908", "date": "2021-01-22 12:44:00", "subject": "1", "recorded-or-robo": "Y", "city": "Milwaukee", "state": "WI", "area-code": "414"}, {"id": "3decc6bfadaa436a105714c6ba597fa6", "number": "3145508674", "date": "2021-01-23 17:40:00", "subject": "3", "recorded-or-robo": "Y", "city": "Eureka", "state": "MO", "area-code": "314"}, {"id": "1d36742e3f24f50e4e7ae82801ef7e44", "number": "3145508674", "date": "2021-01-23 17:40:00", "subject": "3", "recorded-or-robo": "Y", "city": "Eureka", "state": "MO", "area-code": "314"}, {"id": "3decc6bfadaa436a105714c6ba5975b4", "number": "7145144332", "date": "2021-01-20 11:57:00", "subject": "2", "recorded-or-robo": "Y", "city": "Huntington Beach", "state": "CA", "area-code": "714"}, {"id": "1d36742e3f24f50e4e7ae82801ef7cef", "number": "7145144332", "date": "2021-01-20 11:57:00", "subject": "2", "recorded-or-robo": "Y", "city": "Huntington Beach", "state": "CA", "area-code": "714"}, {"id": "3decc6bfadaa436a105714c6ba7de059", "number": "9732412243", "date": "2021-01-23 18:43:16", "subject": "3", "recorded-or-robo": "Y", "city": "", "state": "NJ", "area-code": "973"}, {"id": "03e293b3df9e35eadf15c5611914a87f", "number": "9732412243", "date": "2021-01-23 18:43:16", "subject": "3", "recorded-or-robo": "Y", "city": "", "state": "NJ", "area-code": "973"}, {"id": "3decc6bfadaa436a105714c6ba7dc26a", "number": "9732412243", "date": "2021-01-23 18:43:14", "subject": "3", "recorded-or-robo": "Y", "city": "", "state": "NJ", "area-code": "973"}, {"id": "3decc6bfadaa436a105714c6ba596aeb", "number": "3214458872", "date": "2021-01-23 12:32:00", "subject": "2", "recorded-or-robo": "Y", "city": "East Falmouth", "state": "MA", "area-code": "508"}, {"id": "1d36742e3f24f50e4e7ae82801ef7b78", "number": "3214458872", "date": "2021-01-23 12:32:00", "subject": "2", "recorded-or-robo": "Y", "city": "East Falmouth", "state": "MA", "area-code": "508"}, {"id": "03e293b3df9e35eadf15c56119146735", "number": "9732412243", "date": "2021-01-23 18:43:14", "subject": "3", "recorded-or-robo": "Y", "city": "", "state": "NJ", "area-code": "973"}, {"id": "3decc6bfadaa436a105714c6ba596386", "number": "7145852289", "date": "2021-01-21 09:47:00", "subject": "2", "recorded-or-robo": "Y", "city": "Huntington Beach", "state": "CA", "area-code": "714"}, {"id": "1d36742e3f24f50e4e7ae82801ef79fd", "number": "7145852289", "date": "2021-01-21 09:47:00", "subject": "2", "recorded-or-robo": "Y", "city": "Huntington Beach", "state": "CA", "area-code": "714"}, {"id": "3decc6bfadaa436a105714c6ba7dc3d3", "number": "8882804331", "date": "2021-01-23 18:42:38", "subject": "3", "recorded-or-robo": "Y", "city": "", "state": "NY", "area-code": "718"}, {"id": "03e293b3df9e35eadf15c56119146a8e", "number": "8882804331", "date": "2021-01-23 18:42:38", "subject": "3", "recorded-or-robo": "Y", "city": "", "state": "NY", "area-code": "718"}, {"id": "3decc6bfadaa436a105714c6ba595db0", "number": "8042939598", "date": "2021-01-23 16:29:00", "subject": "5", "recorded-or-robo": "", "city": "Nellysford", "state": "VA", "area-code": "434"}, {"id": "1d36742e3f24f50e4e7ae82801ef74d3", "number": "8042939598", "date": "2021-01-23 16:29:00", "subject": "5", "recorded-or-robo": "", "city": "Nellysford", "state": "VA", "area-code": "434"}, {"id": "3decc6bfadaa436a105714c6ba7dcc0a", "number": "9739632750", "date": "2021-01-23 18:42:14", "subject": "3", "recorded-or-robo": "Y", "city": "", "state": "NJ", "area-code": "973"}, {"id": "03e293b3df9e35eadf15c561191491ca", "number": "9739632750", "date": "2021-01-23 18:42:14", "subject": "3", "recorded-or-robo": "Y", "city": "", "state": "NJ", "area-code": "973"}, {"id": "3decc6bfadaa436a105714c6ba5956b8", "number": "6263397926", "date": "2021-01-22 22:22:00", "subject": "2", "recorded-or-robo": "N", "city": "Covina", "state": "CA", "area-code": "626"}, {"id": "1d36742e3f24f50e4e7ae82801ef6bb6", "number": "6263397926", "date": "2021-01-22 22:22:00", "subject": "2", "recorded-or-robo": "N", "city": "Covina", "state": "CA", "area-code": "626"}, {"id": "3decc6bfadaa436a105714c6ba594938", "number": "5099791363", "date": "2021-01-23 13:31:00", "subject": "2", "recorded-or-robo": "Y", "city": "", "state": "WA", "area-code": "509"}, {"id": "1d36742e3f24f50e4e7ae82801ef681c", "number": "5099791363", "date": "2021-01-23 13:31:00", "subject": "2", "recorded-or-robo": "Y", "city": "", "state": "WA", "area-code": "509"}, {"id": "3decc6bfadaa436a105714c6ba593bac", "number": "8008722657", "date": "2021-01-21 13:58:00", "subject": "2", "recorded-or-robo": "Y", "city": "Huntington Beach", "state": "CA", "area-code": "714"}, {"id": "1d36742e3f24f50e4e7ae82801ef5fef", "number": "8008722657", "date": "2021-01-21 13:58:00", "subject": "2", "recorded-or-robo": "Y", "city": "Huntington Beach", "state": "CA", "area-code": "714"}, {"id": "3decc6bfadaa436a105714c6ba592d06", "number": "8082760661", "date": "2021-01-23 13:31:00", "subject": "2", "recorded-or-robo": "Y", "city": "Honolulu", "state": "HI", "area-code": "808"}]}