{"data": [{"id": "1d36742e3f24f50e4e7ae82801cf9417", "number": "3199061193", "date": "2021-01-22 11:39:00", "subject": "0", "recorded-or-robo": "N", "city": "Iowa City", "state": "IA", "area-code": "319"}, {"id": "3decc6bfadaa436a105714c6ba397364", "number": "2052896218", "date": "2021-01-23 00:00:00", "subject": "2", "recorded-or-robo": "N", "city": "Huntsville", "state": "AL", "area-code": "256"}, {"id": "1d36742e3f24f50e4e7ae82801cf85b2", "number": "2052896218", "date": "2021-01-23 00:00:00", "subject": "2", "recorded-or-robo": "N", "city": "Huntsville", "state": "AL", "area-code": "256"}, {"id": "3decc6bfadaa436a105714c6ba796180", "number": "3802354775", "date": "2021-01-23 16:43:50", "subject": "3", "recorded-or-robo": "Y", "city": "", "state": "CO", "area-code": "720"}, {"id": "03e293b3df9e35eadf15c561190fff5e", "number": "3802354775", "date": "2021-01-23 16:43:50", "subject": "3", "recorded-or-robo": "Y", "city": "", "state": "CO", "area-code": "720"}, {"id": "3decc6bfadaa436a105714c6ba397219", "number": "8035672341", "date": "2021-01-23 16:20:00", "subject": "2", "recorded-or-robo": "N", "city": "", "state": "SC", "area-code": "803"}, {"id": "1d36742e3f24f50e4e7ae82801cf7bf3", "number": "8035672341", "date": "2021-01-23 16:20:00", "subject": "2", "recorded-or-robo": "N", "city": "", "state": "SC", "area-code": "803"}, {"id": "3decc6bfadaa436a105714c6ba396653", "number": "5099439085", "date": "2021-01-23 12:00:00", "subject": "1", "recorded-or-robo": "N", "city": "Richland", "state": "WA", "area-code": "509"}, {"id": "1d36742e3f24f50e4e7ae82801cf6f1f", "number": "5099439085", "date": "2021-01-23 12:00:00", "subject": "1", "recorded-or-robo": "N", "city": "Richland", "state": "WA", "area-code": "509"}, {"id": "3decc6bfadaa436a105714c6ba797c56", "number": "+14696093160", "date": "2021-01-23 16:43:32", "subject": "3", "recorded-or-robo": "Y", "city": "", "state": "FL", "area-code": "239"}, {"id": "03e293b3df9e35eadf15c561191015bd", "number": "+14696093160", "date": "2021-01-23 16:43:32", "subject": "3", "recorded-or-robo": "Y", "city": "", "state": "FL", "area-code": "239"}, {"id": "3decc6bfadaa436a105714c6ba3959b3", "number": "5615323969", "date": "2021-01-23 16:38:00", "subject": "0", "recorded-or-robo": "", "city": "Palm Beach Gardens", "state": "FL", "area-code": "561"}, {"id": "1d36742e3f24f50e4e7ae82801cf625d", "number": "5615323969", "date": "2021-01-23 16:38:00", "subject": "0", "recorded-or-robo": "", "city": "Palm Beach Gardens", "state": "FL", "area-code": "561"}, {"id": "3decc6bfadaa436a105714c6ba3950c9", "number": "3192146368", "date": "2021-01-22 11:53:00", "subject": "0", "recorded-or-robo": "N", "city": "Iowa City", "state": "IA", "area-code": "319"}, {"id": "1d36742e3f24f50e4e7ae82801cf6009", "number": "3192146368", "date": "2021-01-22 11:53:00", "subject": "0", "recorded-or-robo": "N", "city": "Iowa City", "state": "IA", "area-code": "319"}, {"id": "3decc6bfadaa436a105714c6ba394d78", "number": "7027147002", "date": "2021-01-23 13:38:00", "subject": "2", "recorded-or-robo": "", "city": "Las Vegas", "state": "NV", "area-code": "702"}, {"id": "1d36742e3f24f50e4e7ae82801cf5069", "number": "7027147002", "date": "2021-01-23 13:38:00", "subject": "2", "recorded-or-robo": "", "city": "Las Vegas", "state": "NV", "area-code": "702"}, {"id": "3decc6bfadaa436a105714c6ba393f3f", "number": "4188670003", "date": "2021-01-22 13:47:00", "subject": "3", "recorded-or-robo": "", "city": "", "state": "SC", "area-code": "843"}, {"id": "1d36742e3f24f50e4e7ae82801cf4cd4", "number": "4188670003", "date": "2021-01-22 13:47:00", "subject": "3", "recorded-or-robo": "", "city": "", "state": "SC", "area-code": "843"}, {"id": "3decc6bfadaa436a105714c6ba392fb4", "number": "4067093261", "date": "2021-01-23 13:04:00", "subject": "3", "recorded-or-robo": "", "city": "", "state": "MT", "area-code": "406"}, {"id": "1d36742e3f24f50e4e7ae82801cf357b", "number": "4067093261", "date": "2021-01-23 13:04:00", "subject": "3", "recorded-or-robo": "", "city": "", "state": "MT", "area-code": "406"}, {"id": "3decc6bfadaa436a105714c6ba796198", "number": "7792043773", "date": "2021-01-23 16:42:29", "subject": "3", "recorded-or-robo": "Y", "city": "", "state": "IL", "area-code": "779"}, {"id": "03e293b3df9e35eadf15c5611910003c", "number": "7792043773", "date": "2021-01-23 16:42:29", "subject": "3", "recorded-or-robo": "Y", "city": "", "state": "IL", "area-code": "779"}, {"id": "3decc6bfadaa436a105714c6ba393a46", "number": "2533168744", "date": "2021-01-23 12:34:00", "subject": "9", "recorded-or-robo": "N", "city": "Kent", "state": "WA", "area-code": "253"}, {"id": "1d36742e3f24f50e4e7ae82801cf42a7", "number": "2533168744", "date": "2021-01-23 12:34:00", "subject": "9", "recorded-or-robo": "N", "city": "Kent", "state": "WA", "area-code": "253"}, {"id": "3decc6bfadaa436a105714c6ba3924c8", "number": "3192794229", "date": "2021-01-22 00:00:00", "subject": "0", "recorded-or-robo": "N", "city": "Iowa City", "state": "IA", "area-code": "319"}, {"id": "1d36742e3f24f50e4e7ae82801cf2c33", "number": "3192794229", "date": "2021-01-22 00:00:00", "subject": "0", "recorded-or-robo": "N", "city": "Iowa City", "state": "IA", "area-code": "319"}, {"id": "3decc6bfadaa436a105714c6ba39154a", "number": "8004858255", "date": "2021-01-23 13:40:00", "subject": "1", "recorded-or-robo": "Y", "city": "Detroit", "state": "MI", "area-code": "313"}, {"id": "1d36742e3f24f50e4e7ae82801cf21d7", "number": "8004858255", "date": "2021-01-23 13:40:00", "subject": "1", "recorded-or-robo": "Y", "city": "Detroit", "state": "MI", "area-code": "313"}, {"id": "3decc6bfadaa436a105714c6ba3907ad", "number": "6178659339", "date": "2021-01-21 12:00:00", "subject": "1", "recorded-or-robo": "Y", "city": "randolph", "state": "MA", "area-code": "781"}, {"id": "1d36742e3f24f50e4e7ae82801cf1d65", "number": "6178659339", "date": "2021-01-21 12:00:00", "subject": "1", "recorded-or-robo": "Y", "city": "randolph", "state": "MA", "area-code": "781"}, {"id": "3decc6bfadaa436a105714c6ba38f928", "number": "", "date": "2021-01-23 16:23:00", "subject": "2", "recorded-or-robo": "Y", "city": "New York", "state": "NY", "area-code": "504"}, {"id": "1d36742e3f24f50e4e7ae82801cf1692", "number": "", "date": "2021-01-23 16:23:00", "subject": "2", "recorded-or-robo": "Y", "city": "New York", "state": "NY", "area-code": "504"}, {"id": "3decc6bfadaa436a105714c6ba38ea5e", "number": "8436762507", "date": "2021-01-22 16:39:00", "subject": "3", "recorded-or-robo": "", "city": "", "state": "SC", "area-code": "843"}, {"id": "1d36742e3f24f50e4e7ae82801cf1155", "number": "8436762507", "date": "2021-01-22 16:39:00", "subject": "3", "recorded-or-robo": "", "city": "", "state": "SC", "area-code": "843"}, {"id": "3decc6bfadaa436a105714c6ba38de8f", "number": "4408430728", "date": "2021-01-22 11:07:00", "subject": "2", "recorded-or-robo": "N", "city": "", "state": "OH", "area-code": "440"}, {"id": "1d36742e3f24f50e4e7ae82801cf0c7d", "number": "4408430728", "date": "2021-01-22 11:07:00", "subject": "2", "recorded-or-robo": "N", "city": "", "state": "OH", "area-code": "440"}, {"id": "3decc6bfadaa436a105714c6ba38cf87", "number": "8004355319", "date": "2021-01-23 15:28:00", "subject": "1", "recorded-or-robo": "Y", "city": "Creston", "state": "IA", "area-code": "641"}, {"id": "1d36742e3f24f50e4e7ae82801cf0493", "number": "8004355319", "date": "2021-01-23 15:28:00", "subject": "1", "recorded-or-robo": "Y", "city": "Creston", "state": "IA", "area-code": "641"}, {"id": "3decc6bfadaa436a105714c6ba38c1a1", "number": "3194594483", "date": "2021-01-22 00:00:00", "subject": "0", "recorded-or-robo": "N", "city": "Iowa City", "state": "IA", "area-code": "319"}, {"id": "1d36742e3f24f50e4e7ae82801cef8e2", "number": "3194594483", "date": "2021-01-22 00:00:00", "subject": "0", "recorded-or-robo": "N", "city": "Iowa City", "state": "IA", "area-code": "319"}, {"id": "3decc6bfadaa436a105714c6ba38b3ae", "number": "9542789814", "date": "2021-01-21 11:53:00", "subject": "2", "recorded-or-robo": "Y", "city": "Sunrise", "state": "FL", "area-code": "954"}, {"id": "1d36742e3f24f50e4e7ae82801ceef73", "number": "9542789814", "date": "2021-01-21 11:53:00", "subject": "2", "recorded-or-robo": "Y", "city": "Sunrise", "state": "FL", "area-code": "954"}, {"id": "3decc6bfadaa436a105714c6ba38a52a", "number": "2817707857", "date": "2021-01-23 14:44:00", "subject": "2", "recorded-or-robo": "N", "city": "Huntsville", "state": "AL", "area-code": "256"}, {"id": "1d36742e3f24f50e4e7ae82801cee78f", "number": "2817707857", "date": "2021-01-23 14:44:00", "subject": "2", "recorded-or-robo": "N", "city": "Huntsville", "state": "AL", "area-code": "256"}, {"id": "3decc6bfadaa436a105714c6ba793668", "number": "+14402529276", "date": "2021-01-23 16:41:11", "subject": "3", "recorded-or-robo": "Y", "city": "", "state": "OH", "area-code": "440"}, {"id": "03e293b3df9e35eadf15c561190f9caf", "number": "+14402529276", "date": "2021-01-23 16:41:11", "subject": "3", "recorded-or-robo": "Y", "city": "", "state": "OH", "area-code": "440"}, {"id": "3decc6bfadaa436a105714c6ba3899c3", "number": "8436654047", "date": "2021-01-22 16:53:00", "subject": "3", "recorded-or-robo": "", "city": "", "state": "SC", "area-code": "843"}, {"id": "1d36742e3f24f50e4e7ae82801cedfec", "number": "8436654047", "date": "2021-01-22 16:53:00", "subject": "3", "recorded-or-robo": "", "city": "", "state": "SC", "area-code": "843"}, {"id": "3decc6bfadaa436a105714c6ba388fe8", "number": "", "date": "2021-01-23 15:13:00", "subject": "1", "recorded-or-robo": "Y", "city": "Jasper", "state": "TX", "area-code": "409"}]}