{"data": [{"id": "1d36742e3f24f50e4e7ae82801dccfe0", "number": "7256771058", "date": "2021-01-22 14:17:00", "subject": "2", "recorded-or-robo": "N", "city": "Henderson, NV", "state": "NV", "area-code": "702"}, {"id": "3decc6bfadaa436a105714c6ba46e51a", "number": "3202281646", "date": "2021-01-23 13:40:00", "subject": "2", "recorded-or-robo": "N", "city": "Farmington", "state": "MN", "area-code": "651"}, {"id": "1d36742e3f24f50e4e7ae82801dcc5c5", "number": "3202281646", "date": "2021-01-23 13:40:00", "subject": "2", "recorded-or-robo": "N", "city": "Farmington", "state": "MN", "area-code": "651"}, {"id": "3decc6bfadaa436a105714c6ba46d966", "number": "", "date": "2021-01-23 17:16:00", "subject": "2", "recorded-or-robo": "Y", "city": "Fern Park", "state": "FL", "area-code": "407"}, {"id": "1d36742e3f24f50e4e7ae82801dcc510", "number": "", "date": "2021-01-23 17:16:00", "subject": "2", "recorded-or-robo": "Y", "city": "Fern Park", "state": "FL", "area-code": "407"}, {"id": "3decc6bfadaa436a105714c6ba46d628", "number": "3854494350", "date": "2021-01-23 16:18:00", "subject": "2", "recorded-or-robo": "N", "city": "", "state": "IA", "area-code": "563"}, {"id": "3decc6bfadaa436a105714c6ba46d018", "number": "", "date": "2021-01-23 03:01:00", "subject": "2", "recorded-or-robo": "Y", "city": "Yakima", "state": "WA", "area-code": "509"}, {"id": "1d36742e3f24f50e4e7ae82801dcbce2", "number": "3854494350", "date": "2021-01-23 16:18:00", "subject": "2", "recorded-or-robo": "N", "city": "", "state": "IA", "area-code": "563"}, {"id": "1d36742e3f24f50e4e7ae82801dcbcc3", "number": "", "date": "2021-01-23 03:01:00", "subject": "2", "recorded-or-robo": "Y", "city": "Yakima", "state": "WA", "area-code": "509"}, {"id": "3decc6bfadaa436a105714c6ba7c729e", "number": "7132157440", "date": "2021-01-23 18:06:38", "subject": "3", "recorded-or-robo": "Y", "city": "", "state": "TX", "area-code": "281"}, {"id": "03e293b3df9e35eadf15c56119130acd", "number": "7132157440", "date": "2021-01-23 18:06:38", "subject": "3", "recorded-or-robo": "Y", "city": "", "state": "TX", "area-code": "281"}, {"id": "3decc6bfadaa436a105714c6ba7c817d", "number": "+16292220870", "date": "2021-01-23 18:06:34", "subject": "3", "recorded-or-robo": "Y", "city": "", "state": "TX", "area-code": "254"}, {"id": "03e293b3df9e35eadf15c561191311f9", "number": "+16292220870", "date": "2021-01-23 18:06:34", "subject": "3", "recorded-or-robo": "Y", "city": "", "state": "TX", "area-code": "254"}, {"id": "3decc6bfadaa436a105714c6ba46c84c", "number": "6169522518", "date": "2021-01-23 00:00:00", "subject": "0", "recorded-or-robo": "Y", "city": "", "state": "MI", "area-code": "586"}, {"id": "1d36742e3f24f50e4e7ae82801dcb8d9", "number": "6169522518", "date": "2021-01-23 00:00:00", "subject": "0", "recorded-or-robo": "Y", "city": "", "state": "MI", "area-code": "586"}, {"id": "3decc6bfadaa436a105714c6ba7c6f1a", "number": "+12543271202", "date": "2021-01-23 18:06:05", "subject": "3", "recorded-or-robo": "Y", "city": "", "state": "TX", "area-code": "254"}, {"id": "03e293b3df9e35eadf15c5611912fbd7", "number": "+12543271202", "date": "2021-01-23 18:06:05", "subject": "3", "recorded-or-robo": "Y", "city": "", "state": "TX", "area-code": "254"}, {"id": "3decc6bfadaa436a105714c6ba46c3f4", "number": "3152328257", "date": "2021-01-23 15:01:00", "subject": "1", "recorded-or-robo": "Y", "city": "Spokane", "state": "WA", "area-code": "509"}, {"id": "3decc6bfadaa436a105714c6ba46bc53", "number": "9546767630", "date": "2021-01-22 16:53:00", "subject": "9", "recorded-or-robo": "N", "city": "", "state": "MN", "area-code": "651"}, {"id": "1d36742e3f24f50e4e7ae82801dcac49", "number": "3152328257", "date": "2021-01-23 15:01:00", "subject": "1", "recorded-or-robo": "Y", "city": "Spokane", "state": "WA", "area-code": "509"}, {"id": "1d36742e3f24f50e4e7ae82801dc9dc0", "number": "9546767630", "date": "2021-01-22 16:53:00", "subject": "9", "recorded-or-robo": "N", "city": "", "state": "MN", "area-code": "651"}, {"id": "3decc6bfadaa436a105714c6ba46b90e", "number": "3152328257", "date": "2021-01-22 13:45:00", "subject": "11", "recorded-or-robo": "Y", "city": "Orange", "state": "TX", "area-code": "409"}, {"id": "1d36742e3f24f50e4e7ae82801dc90d0", "number": "3152328257", "date": "2021-01-22 13:45:00", "subject": "11", "recorded-or-robo": "Y", "city": "Orange", "state": "TX", "area-code": "409"}, {"id": "3decc6bfadaa436a105714c6ba46b3d9", "number": "7753744859", "date": "2021-01-23 11:37:00", "subject": "2", "recorded-or-robo": "N", "city": "Henderson, NV", "state": "NV", "area-code": "702"}, {"id": "1d36742e3f24f50e4e7ae82801dc82cd", "number": "7753744859", "date": "2021-01-23 11:37:00", "subject": "2", "recorded-or-robo": "N", "city": "Henderson, NV", "state": "NV", "area-code": "702"}, {"id": "3decc6bfadaa436a105714c6ba46b1c8", "number": "2403563564", "date": "2021-01-22 00:00:00", "subject": "2", "recorded-or-robo": "N", "city": "Brook Park", "state": "OH", "area-code": "216"}, {"id": "1d36742e3f24f50e4e7ae82801dc7af1", "number": "2403563564", "date": "2021-01-22 00:00:00", "subject": "2", "recorded-or-robo": "N", "city": "Brook Park", "state": "OH", "area-code": "216"}, {"id": "3decc6bfadaa436a105714c6ba46a645", "number": "6169522518", "date": "2021-01-23 18:00:00", "subject": "0", "recorded-or-robo": "Y", "city": "", "state": "MI", "area-code": "313"}, {"id": "1d36742e3f24f50e4e7ae82801dc7a53", "number": "6169522518", "date": "2021-01-23 18:00:00", "subject": "0", "recorded-or-robo": "Y", "city": "", "state": "MI", "area-code": "313"}, {"id": "3decc6bfadaa436a105714c6ba469c62", "number": "8888030812", "date": "2021-01-23 14:28:00", "subject": "2", "recorded-or-robo": "Y", "city": "Marysville", "state": "WA", "area-code": "360"}, {"id": "1d36742e3f24f50e4e7ae82801dc74dd", "number": "8888030812", "date": "2021-01-23 14:28:00", "subject": "2", "recorded-or-robo": "Y", "city": "Marysville", "state": "WA", "area-code": "360"}, {"id": "3decc6bfadaa436a105714c6ba7c6d69", "number": "+14808652424", "date": "2021-01-23 18:04:37", "subject": "3", "recorded-or-robo": "Y", "city": "", "state": "AZ", "area-code": "480"}, {"id": "03e293b3df9e35eadf15c5611912f0c7", "number": "+14808652424", "date": "2021-01-23 18:04:37", "subject": "3", "recorded-or-robo": "Y", "city": "", "state": "AZ", "area-code": "480"}, {"id": "3decc6bfadaa436a105714c6ba46979c", "number": "9156718030", "date": "2021-01-22 08:24:00", "subject": "1", "recorded-or-robo": "Y", "city": "", "state": "CA", "area-code": "530"}, {"id": "1d36742e3f24f50e4e7ae82801dc6c2c", "number": "9156718030", "date": "2021-01-22 08:24:00", "subject": "1", "recorded-or-robo": "Y", "city": "", "state": "CA", "area-code": "530"}, {"id": "3decc6bfadaa436a105714c6ba468caa", "number": "6263393757", "date": "2021-01-23 14:55:00", "subject": "2", "recorded-or-robo": "Y", "city": "Rowland Heights", "state": "CA", "area-code": "626"}, {"id": "1d36742e3f24f50e4e7ae82801dc63d7", "number": "6263393757", "date": "2021-01-23 14:55:00", "subject": "2", "recorded-or-robo": "Y", "city": "Rowland Heights", "state": "CA", "area-code": "626"}, {"id": "3decc6bfadaa436a105714c6ba4688c3", "number": "", "date": "2021-01-22 12:34:00", "subject": "2", "recorded-or-robo": "N", "city": "", "state": "MT", "area-code": "406"}, {"id": "1d36742e3f24f50e4e7ae82801dc58e7", "number": "", "date": "2021-01-22 12:34:00", "subject": "2", "recorded-or-robo": "N", "city": "", "state": "MT", "area-code": "406"}, {"id": "3decc6bfadaa436a105714c6ba7c4380", "number": "7169473351", "date": "2021-01-23 18:03:44", "subject": "3", "recorded-or-robo": "Y", "city": "", "state": "NY", "area-code": "716"}, {"id": "3decc6bfadaa436a105714c6ba7c3b00", "number": "+19099034358", "date": "2021-01-23 18:03:44", "subject": "3", "recorded-or-robo": "Y", "city": "", "state": "CA", "area-code": "909"}, {"id": "03e293b3df9e35eadf15c5611912bf6c", "number": "7169473351", "date": "2021-01-23 18:03:44", "subject": "3", "recorded-or-robo": "Y", "city": "", "state": "NY", "area-code": "716"}, {"id": "03e293b3df9e35eadf15c5611912b138", "number": "+19099034358", "date": "2021-01-23 18:03:44", "subject": "3", "recorded-or-robo": "Y", "city": "", "state": "CA", "area-code": "909"}, {"id": "3decc6bfadaa436a105714c6ba467912", "number": "6122357198", "date": "2021-01-22 10:27:00", "subject": "9", "recorded-or-robo": "N", "city": "", "state": "MN", "area-code": "651"}, {"id": "1d36742e3f24f50e4e7ae82801dc4e1d", "number": "6122357198", "date": "2021-01-22 10:27:00", "subject": "9", "recorded-or-robo": "N", "city": "", "state": "MN", "area-code": "651"}, {"id": "3decc6bfadaa436a105714c6ba4677cf", "number": "", "date": "2021-01-23 02:53:00", "subject": "7", "recorded-or-robo": "Y", "city": "Las Vegas", "state": "NV", "area-code": "702"}, {"id": "1d36742e3f24f50e4e7ae82801dc4860", "number": "", "date": "2021-01-23 02:53:00", "subject": "7", "recorded-or-robo": "Y", "city": "Las Vegas", "state": "NV", "area-code": "702"}, {"id": "3decc6bfadaa436a105714c6ba46708a", "number": "5305684410", "date": "2021-01-23 09:00:00", "subject": "2", "recorded-or-robo": "Y", "city": "Garden Valley", "state": "CA", "area-code": "530"}, {"id": "1d36742e3f24f50e4e7ae82801dc431d", "number": "5305684410", "date": "2021-01-23 09:00:00", "subject": "2", "recorded-or-robo": "Y", "city": "Garden Valley", "state": "CA", "area-code": "530"}, {"id": "3decc6bfadaa436a105714c6ba466d2f", "number": "4156836792", "date": "2021-01-20 11:11:00", "subject": "1", "recorded-or-robo": "Y", "city": "", "state": "CA", "area-code": "626"}]}