{"data": [{"id": "1d36742e3f24f50e4e7ae82801d88bce", "number": "3177514027", "date": "2021-01-16 09:40:00", "subject": "3", "recorded-or-robo": "", "city": "", "state": "UT", "area-code": "801"}, {"id": "3decc6bfadaa436a105714c6ba431767", "number": "5629219213", "date": "2021-01-22 11:59:00", "subject": "4", "recorded-or-robo": "Y", "city": "Orlando", "state": "FL", "area-code": "909"}, {"id": "1d36742e3f24f50e4e7ae82801d8bc94", "number": "5629219213", "date": "2021-01-22 11:59:00", "subject": "4", "recorded-or-robo": "Y", "city": "Orlando", "state": "FL", "area-code": "909"}, {"id": "3decc6bfadaa436a105714c6ba4310d9", "number": "7273377594", "date": "2021-01-16 10:34:00", "subject": "2", "recorded-or-robo": "N", "city": "", "state": "FL", "area-code": "727"}, {"id": "1d36742e3f24f50e4e7ae82801d8bc2d", "number": "7273377594", "date": "2021-01-16 10:34:00", "subject": "2", "recorded-or-robo": "N", "city": "", "state": "FL", "area-code": "727"}, {"id": "3decc6bfadaa436a105714c6ba4304c7", "number": "5862766760", "date": "2021-01-23 17:33:00", "subject": "0", "recorded-or-robo": "N", "city": "", "state": "MI", "area-code": "313"}, {"id": "1d36742e3f24f50e4e7ae82801d8b1ad", "number": "5862766760", "date": "2021-01-23 17:33:00", "subject": "0", "recorded-or-robo": "N", "city": "", "state": "MI", "area-code": "313"}, {"id": "3decc6bfadaa436a105714c6ba42ff07", "number": "4063162433", "date": "2021-01-22 19:28:00", "subject": "0", "recorded-or-robo": "Y", "city": "mandan", "state": "ND", "area-code": "406"}, {"id": "1d36742e3f24f50e4e7ae82801d8a584", "number": "4063162433", "date": "2021-01-22 19:28:00", "subject": "0", "recorded-or-robo": "Y", "city": "mandan", "state": "ND", "area-code": "406"}, {"id": "3decc6bfadaa436a105714c6ba42f6d5", "number": "5108716476", "date": "2021-01-12 11:21:00", "subject": "2", "recorded-or-robo": "", "city": "", "state": "AK", "area-code": "907"}, {"id": "1d36742e3f24f50e4e7ae82801d89ede", "number": "5108716476", "date": "2021-01-12 11:21:00", "subject": "2", "recorded-or-robo": "", "city": "", "state": "AK", "area-code": "907"}, {"id": "3decc6bfadaa436a105714c6ba42ecb1", "number": "7721353856", "date": "2021-01-15 16:16:00", "subject": "3", "recorded-or-robo": "", "city": "PALM CITY", "state": "FL", "area-code": "772"}, {"id": "1d36742e3f24f50e4e7ae82801d89d2e", "number": "7721353856", "date": "2021-01-15 16:16:00", "subject": "3", "recorded-or-robo": "", "city": "PALM CITY", "state": "FL", "area-code": "772"}, {"id": "3decc6bfadaa436a105714c6ba42bd99", "number": "", "date": "2021-01-23 16:55:00", "subject": "3", "recorded-or-robo": "", "city": "", "state": "NY", "area-code": "212"}, {"id": "1d36742e3f24f50e4e7ae82801d86e3d", "number": "", "date": "2021-01-23 16:55:00", "subject": "3", "recorded-or-robo": "", "city": "", "state": "NY", "area-code": "212"}, {"id": "3decc6bfadaa436a105714c6ba7bbf05", "number": "4806638563", "date": "2021-01-23 17:44:12", "subject": "3", "recorded-or-robo": "Y", "city": "", "state": "AZ", "area-code": "480"}, {"id": "03e293b3df9e35eadf15c561191252e7", "number": "4806638563", "date": "2021-01-23 17:44:12", "subject": "3", "recorded-or-robo": "Y", "city": "", "state": "AZ", "area-code": "480"}, {"id": "3decc6bfadaa436a105714c6ba7bd9e4", "number": "3098859247", "date": "2021-01-23 17:44:04", "subject": "3", "recorded-or-robo": "N", "city": "", "state": "CA", "area-code": "626"}, {"id": "03e293b3df9e35eadf15c56119126408", "number": "3098859247", "date": "2021-01-23 17:44:04", "subject": "3", "recorded-or-robo": "N", "city": "", "state": "CA", "area-code": "626"}, {"id": "3decc6bfadaa436a105714c6ba42e3a2", "number": "7278430222", "date": "2021-01-18 13:23:00", "subject": "2", "recorded-or-robo": "N", "city": "", "state": "FL", "area-code": "727"}, {"id": "1d36742e3f24f50e4e7ae82801d89992", "number": "7278430222", "date": "2021-01-18 13:23:00", "subject": "2", "recorded-or-robo": "N", "city": "", "state": "FL", "area-code": "727"}, {"id": "3decc6bfadaa436a105714c6ba7bc439", "number": "+14698121818", "date": "2021-01-23 17:44:01", "subject": "3", "recorded-or-robo": "Y", "city": "", "state": "PA", "area-code": "215"}, {"id": "03e293b3df9e35eadf15c5611912582f", "number": "+14698121818", "date": "2021-01-23 17:44:01", "subject": "3", "recorded-or-robo": "Y", "city": "", "state": "PA", "area-code": "215"}, {"id": "3decc6bfadaa436a105714c6ba42d4f9", "number": "5162669034", "date": "2021-01-18 08:45:00", "subject": "13", "recorded-or-robo": "Y", "city": "University Place", "state": "WA", "area-code": "253"}, {"id": "1d36742e3f24f50e4e7ae82801d88498", "number": "5162669034", "date": "2021-01-18 08:45:00", "subject": "13", "recorded-or-robo": "Y", "city": "University Place", "state": "WA", "area-code": "253"}, {"id": "3decc6bfadaa436a105714c6ba42cf19", "number": "6613277324", "date": "2021-01-23 14:38:00", "subject": "3", "recorded-or-robo": "Y", "city": "", "state": "CA", "area-code": "661"}, {"id": "3decc6bfadaa436a105714c6ba42c9e1", "number": "8038452858", "date": "2021-01-22 15:33:00", "subject": "1", "recorded-or-robo": "Y", "city": "", "state": "CA", "area-code": "310"}, {"id": "1d36742e3f24f50e4e7ae82801d8784a", "number": "6613277324", "date": "2021-01-23 14:38:00", "subject": "3", "recorded-or-robo": "Y", "city": "", "state": "CA", "area-code": "661"}, {"id": "1d36742e3f24f50e4e7ae82801d87031", "number": "8038452858", "date": "2021-01-22 15:33:00", "subject": "1", "recorded-or-robo": "Y", "city": "", "state": "CA", "area-code": "310"}, {"id": "3decc6bfadaa436a105714c6ba7bcc85", "number": "9543994606", "date": "2021-01-23 17:43:32", "subject": "3", "recorded-or-robo": "Y", "city": "", "state": "GA", "area-code": "706"}, {"id": "03e293b3df9e35eadf15c561191262dd", "number": "9543994606", "date": "2021-01-23 17:43:32", "subject": "3", "recorded-or-robo": "Y", "city": "", "state": "GA", "area-code": "706"}, {"id": "3decc6bfadaa436a105714c6ba7bc748", "number": "+14707482294", "date": "2021-01-23 17:43:27", "subject": "3", "recorded-or-robo": "Y", "city": "", "state": "GA", "area-code": "404"}, {"id": "03e293b3df9e35eadf15c5611912588f", "number": "+14707482294", "date": "2021-01-23 17:43:27", "subject": "3", "recorded-or-robo": "Y", "city": "", "state": "GA", "area-code": "404"}, {"id": "3decc6bfadaa436a105714c6ba42b68b", "number": "7275318507", "date": "2021-01-18 16:21:00", "subject": "2", "recorded-or-robo": "N", "city": "", "state": "FL", "area-code": "727"}, {"id": "3decc6bfadaa436a105714c6ba42b1f9", "number": "7727328285", "date": "2021-01-23 12:39:00", "subject": "3", "recorded-or-robo": "", "city": "PALM CITY", "state": "FL", "area-code": "772"}, {"id": "1d36742e3f24f50e4e7ae82801d86961", "number": "7275318507", "date": "2021-01-18 16:21:00", "subject": "2", "recorded-or-robo": "N", "city": "", "state": "FL", "area-code": "727"}, {"id": "1d36742e3f24f50e4e7ae82801d86495", "number": "7727328285", "date": "2021-01-23 12:39:00", "subject": "3", "recorded-or-robo": "", "city": "PALM CITY", "state": "FL", "area-code": "772"}, {"id": "3decc6bfadaa436a105714c6ba42acdf", "number": "2284727057", "date": "2021-01-23 13:02:00", "subject": "2", "recorded-or-robo": "N", "city": "Biloxi", "state": "MS", "area-code": "228"}, {"id": "1d36742e3f24f50e4e7ae82801d85e94", "number": "2284727057", "date": "2021-01-23 13:02:00", "subject": "2", "recorded-or-robo": "N", "city": "Biloxi", "state": "MS", "area-code": "228"}, {"id": "3decc6bfadaa436a105714c6ba42a942", "number": "5862766760", "date": "2021-01-23 17:33:00", "subject": "0", "recorded-or-robo": "N", "city": "", "state": "MI", "area-code": "586"}, {"id": "1d36742e3f24f50e4e7ae82801d85984", "number": "5862766760", "date": "2021-01-23 17:33:00", "subject": "0", "recorded-or-robo": "N", "city": "", "state": "MI", "area-code": "586"}, {"id": "3decc6bfadaa436a105714c6ba7bbc88", "number": "2155176719", "date": "2021-01-23 17:42:49", "subject": "3", "recorded-or-robo": "N", "city": "", "state": "NJ", "area-code": "609"}, {"id": "03e293b3df9e35eadf15c56119124aaf", "number": "2155176719", "date": "2021-01-23 17:42:49", "subject": "3", "recorded-or-robo": "N", "city": "", "state": "NJ", "area-code": "609"}, {"id": "3decc6bfadaa436a105714c6ba429d2b", "number": "5099429974", "date": "2021-01-23 00:00:00", "subject": "2", "recorded-or-robo": "Y", "city": "West richland", "state": "WA", "area-code": "509"}, {"id": "1d36742e3f24f50e4e7ae82801d85579", "number": "5099429974", "date": "2021-01-23 00:00:00", "subject": "2", "recorded-or-robo": "Y", "city": "West richland", "state": "WA", "area-code": "509"}, {"id": "3decc6bfadaa436a105714c6ba429498", "number": "8888030812", "date": "2021-01-23 13:57:00", "subject": "3", "recorded-or-robo": "Y", "city": "Bellingham", "state": "WA", "area-code": "206"}, {"id": "1d36742e3f24f50e4e7ae82801d84791", "number": "8888030812", "date": "2021-01-23 13:57:00", "subject": "3", "recorded-or-robo": "Y", "city": "Bellingham", "state": "WA", "area-code": "206"}, {"id": "3decc6bfadaa436a105714c6ba428c47", "number": "7277674256", "date": "2021-01-19 11:08:00", "subject": "2", "recorded-or-robo": "N", "city": "", "state": "FL", "area-code": "727"}, {"id": "1d36742e3f24f50e4e7ae82801d83cba", "number": "7277674256", "date": "2021-01-19 11:08:00", "subject": "2", "recorded-or-robo": "N", "city": "", "state": "FL", "area-code": "727"}, {"id": "3decc6bfadaa436a105714c6ba4280e7", "number": "2563694811", "date": "2021-01-23 15:25:00", "subject": "0", "recorded-or-robo": "N", "city": "", "state": "AL", "area-code": "256"}]}