{"data": [{"id": "1d36742e3f24f50e4e7ae82801ebcfb3", "number": "+16027551357", "date": "2021-01-23 11:45:15", "subject": "3", "recorded-or-robo": "Y", "city": "", "state": "AZ", "area-code": "602"}, {"id": "e81c9350d54f66c6d33b3747eeed89b3", "number": "8127760785", "date": "2021-01-23 10:25:00", "subject": "11", "recorded-or-robo": "Y", "city": "Eureka", "state": "MO", "area-code": "636"}, {"id": "1d36742e3f24f50e4e7ae828018334a4", "number": "8127760785", "date": "2021-01-23 10:25:00", "subject": "11", "recorded-or-robo": "Y", "city": "Eureka", "state": "MO", "area-code": "636"}, {"id": "e81c9350d54f66c6d33b3747eeed839e", "number": "2242529942", "date": "2021-01-23 10:41:00", "subject": "4", "recorded-or-robo": "Y", "city": "Buffalo Grove", "state": "IL", "area-code": "224"}, {"id": "1d36742e3f24f50e4e7ae828018331e2", "number": "2242529942", "date": "2021-01-23 10:41:00", "subject": "4", "recorded-or-robo": "Y", "city": "Buffalo Grove", "state": "IL", "area-code": "224"}, {"id": "e81c9350d54f66c6d33b3747eeed7c7d", "number": "7249293672", "date": "2021-01-18 10:05:00", "subject": "2", "recorded-or-robo": "N", "city": "Wexford", "state": "PA", "area-code": "724"}, {"id": "1d36742e3f24f50e4e7ae82801832b78", "number": "7249293672", "date": "2021-01-18 10:05:00", "subject": "2", "recorded-or-robo": "N", "city": "Wexford", "state": "PA", "area-code": "724"}, {"id": "e81c9350d54f66c6d33b3747eeed7318", "number": "2134411099", "date": "2021-01-18 00:00:00", "subject": "3", "recorded-or-robo": "Y", "city": "", "state": "CA", "area-code": "805"}, {"id": "1d36742e3f24f50e4e7ae828018323e4", "number": "2134411099", "date": "2021-01-18 00:00:00", "subject": "3", "recorded-or-robo": "Y", "city": "", "state": "CA", "area-code": "805"}, {"id": "e81c9350d54f66c6d33b3747eeed6438", "number": "5638008491", "date": "2021-01-06 17:46:00", "subject": "2", "recorded-or-robo": "Y", "city": "", "state": "IA", "area-code": "563"}, {"id": "1d36742e3f24f50e4e7ae828018316b9", "number": "5638008491", "date": "2021-01-06 17:46:00", "subject": "2", "recorded-or-robo": "Y", "city": "", "state": "IA", "area-code": "563"}, {"id": "e81c9350d54f66c6d33b3747eeed6317", "number": "3526045301", "date": "2021-01-21 18:21:00", "subject": "2", "recorded-or-robo": "N", "city": "West Palm Beach", "state": "FL", "area-code": "561"}, {"id": "1d36742e3f24f50e4e7ae82801830ae1", "number": "3526045301", "date": "2021-01-21 18:21:00", "subject": "2", "recorded-or-robo": "N", "city": "West Palm Beach", "state": "FL", "area-code": "561"}, {"id": "e81c9350d54f66c6d33b3747eeed6072", "number": "3167152119", "date": "2021-01-23 10:38:00", "subject": "2", "recorded-or-robo": "Y", "city": "", "state": "NC", "area-code": "336"}, {"id": "1d36742e3f24f50e4e7ae8280183079b", "number": "3167152119", "date": "2021-01-23 10:38:00", "subject": "2", "recorded-or-robo": "Y", "city": "", "state": "NC", "area-code": "336"}, {"id": "e81c9350d54f66c6d33b3747eeed590d", "number": "7865408113", "date": "2021-01-23 12:00:00", "subject": "2", "recorded-or-robo": "N", "city": "", "state": "FL", "area-code": "786"}, {"id": "1d36742e3f24f50e4e7ae8280182fc70", "number": "7865408113", "date": "2021-01-23 12:00:00", "subject": "2", "recorded-or-robo": "N", "city": "", "state": "FL", "area-code": "786"}, {"id": "3decc6bfadaa436a105714c6ba55a079", "number": "+19166033135", "date": "2021-01-23 11:44:43", "subject": "3", "recorded-or-robo": "Y", "city": "", "state": "CA", "area-code": "916"}, {"id": "1d36742e3f24f50e4e7ae82801ebc795", "number": "+19166033135", "date": "2021-01-23 11:44:43", "subject": "3", "recorded-or-robo": "Y", "city": "", "state": "CA", "area-code": "916"}, {"id": "e81c9350d54f66c6d33b3747eeed4d5e", "number": "8134526394", "date": "2021-01-21 18:15:00", "subject": "16", "recorded-or-robo": "Y", "city": "", "state": "GA", "area-code": "478"}, {"id": "1d36742e3f24f50e4e7ae8280182f37e", "number": "8134526394", "date": "2021-01-21 18:15:00", "subject": "16", "recorded-or-robo": "Y", "city": "", "state": "GA", "area-code": "478"}, {"id": "e81c9350d54f66c6d33b3747eeed4538", "number": "7543450112", "date": "2021-01-23 11:33:00", "subject": "2", "recorded-or-robo": "", "city": "King of Prussia", "state": "PA", "area-code": "484"}, {"id": "1d36742e3f24f50e4e7ae8280182f1ae", "number": "7543450112", "date": "2021-01-23 11:33:00", "subject": "2", "recorded-or-robo": "", "city": "King of Prussia", "state": "PA", "area-code": "484"}, {"id": "e81c9350d54f66c6d33b3747eeed3782", "number": "2424378063", "date": "2021-01-22 21:49:00", "subject": "0", "recorded-or-robo": "", "city": "", "state": "NC", "area-code": "910"}, {"id": "1d36742e3f24f50e4e7ae8280182ed1f", "number": "2424378063", "date": "2021-01-22 21:49:00", "subject": "0", "recorded-or-robo": "", "city": "", "state": "NC", "area-code": "910"}, {"id": "e81c9350d54f66c6d33b3747eeed34b7", "number": "5165708326", "date": "2021-01-23 11:41:00", "subject": "0", "recorded-or-robo": "Y", "city": "Astoria", "state": "NY", "area-code": "718"}, {"id": "1d36742e3f24f50e4e7ae8280182dd84", "number": "5165708326", "date": "2021-01-23 11:41:00", "subject": "0", "recorded-or-robo": "Y", "city": "Astoria", "state": "NY", "area-code": "718"}, {"id": "e81c9350d54f66c6d33b3747eeed2649", "number": "6369383072", "date": "2021-01-23 09:52:00", "subject": "2", "recorded-or-robo": "Y", "city": "Eureka", "state": "MO", "area-code": "636"}, {"id": "1d36742e3f24f50e4e7ae8280182d7b7", "number": "6369383072", "date": "2021-01-23 09:52:00", "subject": "2", "recorded-or-robo": "Y", "city": "Eureka", "state": "MO", "area-code": "636"}, {"id": "e81c9350d54f66c6d33b3747eeed1a78", "number": "3304299297", "date": "2021-01-19 14:07:00", "subject": "2", "recorded-or-robo": "N", "city": "Wexford", "state": "PA", "area-code": "724"}, {"id": "1d36742e3f24f50e4e7ae8280182cae4", "number": "3304299297", "date": "2021-01-19 14:07:00", "subject": "2", "recorded-or-robo": "N", "city": "Wexford", "state": "PA", "area-code": "724"}, {"id": "e81c9350d54f66c6d33b3747eeed120f", "number": "4782198934", "date": "2021-01-20 17:06:00", "subject": "1", "recorded-or-robo": "Y", "city": "", "state": "GA", "area-code": "478"}, {"id": "1d36742e3f24f50e4e7ae8280182c911", "number": "4782198934", "date": "2021-01-20 17:06:00", "subject": "1", "recorded-or-robo": "Y", "city": "", "state": "GA", "area-code": "478"}, {"id": "e81c9350d54f66c6d33b3747eeed0488", "number": "8885240691", "date": "2021-01-22 18:50:00", "subject": "8", "recorded-or-robo": "N", "city": "", "state": "AL", "area-code": "256"}, {"id": "1d36742e3f24f50e4e7ae8280182c602", "number": "8885240691", "date": "2021-01-22 18:50:00", "subject": "8", "recorded-or-robo": "N", "city": "", "state": "AL", "area-code": "256"}, {"id": "e81c9350d54f66c6d33b3747eeecffe5", "number": "4085749613", "date": "2021-01-23 11:30:00", "subject": "1", "recorded-or-robo": "Y", "city": "", "state": "PA", "area-code": "717"}, {"id": "1d36742e3f24f50e4e7ae8280182b791", "number": "4085749613", "date": "2021-01-23 11:30:00", "subject": "1", "recorded-or-robo": "Y", "city": "", "state": "PA", "area-code": "717"}, {"id": "e81c9350d54f66c6d33b3747eeecfa12", "number": "8883883224", "date": "2021-01-21 14:19:00", "subject": "2", "recorded-or-robo": "N", "city": "West Palm Beach", "state": "FL", "area-code": "561"}, {"id": "1d36742e3f24f50e4e7ae8280182b295", "number": "8883883224", "date": "2021-01-21 14:19:00", "subject": "2", "recorded-or-robo": "N", "city": "West Palm Beach", "state": "FL", "area-code": "561"}, {"id": "e81c9350d54f66c6d33b3747eeecf62a", "number": "2424365540", "date": "2021-01-22 22:28:00", "subject": "0", "recorded-or-robo": "", "city": "", "state": "NC", "area-code": "910"}, {"id": "1d36742e3f24f50e4e7ae8280182ad64", "number": "2424365540", "date": "2021-01-22 22:28:00", "subject": "0", "recorded-or-robo": "", "city": "", "state": "NC", "area-code": "910"}, {"id": "e81c9350d54f66c6d33b3747eeecefb5", "number": "9735548958", "date": "2021-01-18 16:57:00", "subject": "0", "recorded-or-robo": "Y", "city": "", "state": "NJ", "area-code": "201"}, {"id": "1d36742e3f24f50e4e7ae8280182a3e7", "number": "9735548958", "date": "2021-01-18 16:57:00", "subject": "0", "recorded-or-robo": "Y", "city": "", "state": "NJ", "area-code": "201"}, {"id": "e81c9350d54f66c6d33b3747eeece42a", "number": "4402760605", "date": "2021-01-21 00:00:00", "subject": "3", "recorded-or-robo": "", "city": "North Royalton", "state": "OH", "area-code": "440"}, {"id": "1d36742e3f24f50e4e7ae8280182a054", "number": "4402760605", "date": "2021-01-21 00:00:00", "subject": "3", "recorded-or-robo": "", "city": "North Royalton", "state": "OH", "area-code": "440"}, {"id": "e81c9350d54f66c6d33b3747eeecd6c5", "number": "3044155373", "date": "2021-01-23 11:21:00", "subject": "4", "recorded-or-robo": "Y", "city": "Charleston", "state": "WV", "area-code": "828"}, {"id": "1d36742e3f24f50e4e7ae82801829ccb", "number": "3044155373", "date": "2021-01-23 11:21:00", "subject": "4", "recorded-or-robo": "Y", "city": "Charleston", "state": "WV", "area-code": "828"}, {"id": "e81c9350d54f66c6d33b3747eeecd05c", "number": "5636616546", "date": "2021-01-08 11:17:00", "subject": "2", "recorded-or-robo": "Y", "city": "", "state": "IA", "area-code": "563"}, {"id": "1d36742e3f24f50e4e7ae8280182973f", "number": "5636616546", "date": "2021-01-08 11:17:00", "subject": "2", "recorded-or-robo": "Y", "city": "", "state": "IA", "area-code": "563"}, {"id": "e81c9350d54f66c6d33b3747eeecccca", "number": "8598165024", "date": "2021-01-23 11:09:00", "subject": "1", "recorded-or-robo": "Y", "city": "Florence", "state": "KY", "area-code": "859"}]}