{"data": [{"id": "1d36742e3f24f50e4e7ae8280177dce8", "number": "2317682832", "date": "2021-01-23 08:18:00", "subject": "3", "recorded-or-robo": "N", "city": "", "state": "MI", "area-code": "248"}, {"id": "e81c9350d54f66c6d33b3747eee26315", "number": "3524503250", "date": "2021-01-21 13:26:00", "subject": "5", "recorded-or-robo": "Y", "city": "vero beach", "state": "FL", "area-code": "772"}, {"id": "1d36742e3f24f50e4e7ae8280177cf4c", "number": "3524503250", "date": "2021-01-21 13:26:00", "subject": "5", "recorded-or-robo": "Y", "city": "vero beach", "state": "FL", "area-code": "772"}, {"id": "e81c9350d54f66c6d33b3747eee2568e", "number": "9127120514", "date": "2021-01-20 16:10:00", "subject": "4", "recorded-or-robo": "Y", "city": "", "state": "GA", "area-code": "912"}, {"id": "1d36742e3f24f50e4e7ae8280177c279", "number": "9127120514", "date": "2021-01-20 16:10:00", "subject": "4", "recorded-or-robo": "Y", "city": "", "state": "GA", "area-code": "912"}, {"id": "e81c9350d54f66c6d33b3747eee25677", "number": "8002103534", "date": "2021-01-23 10:55:00", "subject": "2", "recorded-or-robo": "Y", "city": "Monroe", "state": "MI", "area-code": "734"}, {"id": "1d36742e3f24f50e4e7ae8280177ba93", "number": "8002103534", "date": "2021-01-23 10:55:00", "subject": "2", "recorded-or-robo": "Y", "city": "Monroe", "state": "MI", "area-code": "734"}, {"id": "e81c9350d54f66c6d33b3747eee253c0", "number": "2486342442", "date": "2021-01-19 10:45:00", "subject": "3", "recorded-or-robo": "Y", "city": "", "state": "MI", "area-code": "248"}, {"id": "1d36742e3f24f50e4e7ae8280177b220", "number": "2486342442", "date": "2021-01-19 10:45:00", "subject": "3", "recorded-or-robo": "Y", "city": "", "state": "MI", "area-code": "248"}, {"id": "e81c9350d54f66c6d33b3747eee24ccf", "number": "8042076363", "date": "2021-01-21 16:54:00", "subject": "0", "recorded-or-robo": "N", "city": "Salisbury", "state": "MD", "area-code": "410"}, {"id": "1d36742e3f24f50e4e7ae8280177b193", "number": "8042076363", "date": "2021-01-21 16:54:00", "subject": "0", "recorded-or-robo": "N", "city": "Salisbury", "state": "MD", "area-code": "410"}, {"id": "e81c9350d54f66c6d33b3747eee248ca", "number": "7199411431", "date": "2021-01-23 20:56:00", "subject": "2", "recorded-or-robo": "N", "city": "Colorado Spgs", "state": "CO", "area-code": "719"}, {"id": "1d36742e3f24f50e4e7ae8280177a3cf", "number": "7199411431", "date": "2021-01-23 20:56:00", "subject": "2", "recorded-or-robo": "N", "city": "Colorado Spgs", "state": "CO", "area-code": "719"}, {"id": "e81c9350d54f66c6d33b3747eee245b7", "number": "3032979282", "date": "2021-01-22 14:12:00", "subject": "5", "recorded-or-robo": "Y", "city": "Broomfield", "state": "CO", "area-code": "303"}, {"id": "1d36742e3f24f50e4e7ae8280177a33a", "number": "3032979282", "date": "2021-01-22 14:12:00", "subject": "5", "recorded-or-robo": "Y", "city": "Broomfield", "state": "CO", "area-code": "303"}, {"id": "3decc6bfadaa436a105714c6ba557db7", "number": "5593404776", "date": "2021-01-23 11:01:04", "subject": "3", "recorded-or-robo": "Y", "city": "", "state": "MI", "area-code": "313"}, {"id": "1d36742e3f24f50e4e7ae82801eb9d73", "number": "5593404776", "date": "2021-01-23 11:01:04", "subject": "3", "recorded-or-robo": "Y", "city": "", "state": "MI", "area-code": "313"}, {"id": "e81c9350d54f66c6d33b3747eee241c1", "number": "7342943404", "date": "2021-01-23 10:14:00", "subject": "2", "recorded-or-robo": "N", "city": "", "state": "MI", "area-code": "248"}, {"id": "1d36742e3f24f50e4e7ae82801779e81", "number": "7342943404", "date": "2021-01-23 10:14:00", "subject": "2", "recorded-or-robo": "N", "city": "", "state": "MI", "area-code": "248"}, {"id": "3decc6bfadaa436a105714c6ba558b88", "number": "6198800873", "date": "2021-01-23 11:00:09", "subject": "3", "recorded-or-robo": "Y", "city": "", "state": "MI", "area-code": "313"}, {"id": "1d36742e3f24f50e4e7ae82801eb9fec", "number": "6198800873", "date": "2021-01-23 11:00:09", "subject": "3", "recorded-or-robo": "Y", "city": "", "state": "MI", "area-code": "313"}, {"id": "e81c9350d54f66c6d33b3747eee23f63", "number": "9204813573", "date": "2021-01-21 20:32:00", "subject": "3", "recorded-or-robo": "Y", "city": "", "state": "MI", "area-code": "248"}, {"id": "1d36742e3f24f50e4e7ae82801779945", "number": "9204813573", "date": "2021-01-21 20:32:00", "subject": "3", "recorded-or-robo": "Y", "city": "", "state": "MI", "area-code": "248"}, {"id": "e81c9350d54f66c6d33b3747eee23e5c", "number": "7405787342", "date": "2021-01-23 08:56:00", "subject": "1", "recorded-or-robo": "N", "city": "Jackson", "state": "OH", "area-code": "740"}, {"id": "1d36742e3f24f50e4e7ae82801778aa8", "number": "7405787342", "date": "2021-01-23 08:56:00", "subject": "1", "recorded-or-robo": "N", "city": "Jackson", "state": "OH", "area-code": "740"}, {"id": "e81c9350d54f66c6d33b3747eee23397", "number": "8042076358", "date": "2021-01-19 12:10:00", "subject": "0", "recorded-or-robo": "N", "city": "Salisbury", "state": "MD", "area-code": "410"}, {"id": "1d36742e3f24f50e4e7ae828017784b4", "number": "8042076358", "date": "2021-01-19 12:10:00", "subject": "0", "recorded-or-robo": "N", "city": "Salisbury", "state": "MD", "area-code": "410"}, {"id": "3decc6bfadaa436a105714c6ba5579e3", "number": "5593404776", "date": "2021-01-23 10:59:21", "subject": "3", "recorded-or-robo": "Y", "city": "", "state": "MI", "area-code": "313"}, {"id": "1d36742e3f24f50e4e7ae82801eb94a7", "number": "5593404776", "date": "2021-01-23 10:59:21", "subject": "3", "recorded-or-robo": "Y", "city": "", "state": "MI", "area-code": "313"}, {"id": "e81c9350d54f66c6d33b3747eee2336d", "number": "3146075588", "date": "2021-01-23 09:45:00", "subject": "2", "recorded-or-robo": "", "city": "Saint Louis", "state": "MO", "area-code": "314"}, {"id": "1d36742e3f24f50e4e7ae82801777fbf", "number": "3146075588", "date": "2021-01-23 09:45:00", "subject": "2", "recorded-or-robo": "", "city": "Saint Louis", "state": "MO", "area-code": "314"}, {"id": "e81c9350d54f66c6d33b3747eee22fc5", "number": "2488142559", "date": "2021-01-23 10:31:00", "subject": "3", "recorded-or-robo": "N", "city": "", "state": "MI", "area-code": "248"}, {"id": "1d36742e3f24f50e4e7ae828017776ad", "number": "2488142559", "date": "2021-01-23 10:31:00", "subject": "3", "recorded-or-robo": "N", "city": "", "state": "MI", "area-code": "248"}, {"id": "e81c9350d54f66c6d33b3747eee222bf", "number": "3012118534", "date": "2021-01-15 12:52:00", "subject": "2", "recorded-or-robo": "Y", "city": "Bethesda", "state": "MD", "area-code": "301"}, {"id": "1d36742e3f24f50e4e7ae82801776ddb", "number": "3012118534", "date": "2021-01-15 12:52:00", "subject": "2", "recorded-or-robo": "Y", "city": "Bethesda", "state": "MD", "area-code": "301"}, {"id": "e81c9350d54f66c6d33b3747eee21ab0", "number": "9286667351", "date": "2021-01-22 11:53:00", "subject": "0", "recorded-or-robo": "N", "city": "ELKTON", "state": "MD", "area-code": "410"}, {"id": "1d36742e3f24f50e4e7ae82801776524", "number": "9286667351", "date": "2021-01-22 11:53:00", "subject": "0", "recorded-or-robo": "N", "city": "ELKTON", "state": "MD", "area-code": "410"}, {"id": "e81c9350d54f66c6d33b3747eee217e7", "number": "8604114084", "date": "2021-01-23 10:50:00", "subject": "7", "recorded-or-robo": "Y", "city": "Somers", "state": "CT", "area-code": "860"}, {"id": "1d36742e3f24f50e4e7ae828017764ef", "number": "8604114084", "date": "2021-01-23 10:50:00", "subject": "7", "recorded-or-robo": "Y", "city": "Somers", "state": "CT", "area-code": "860"}, {"id": "e81c9350d54f66c6d33b3747eee208ec", "number": "7543450112", "date": "2021-01-23 10:27:00", "subject": "2", "recorded-or-robo": "", "city": "King of Prussia", "state": "PA", "area-code": "484"}, {"id": "1d36742e3f24f50e4e7ae82801775bb4", "number": "7543450112", "date": "2021-01-23 10:27:00", "subject": "2", "recorded-or-robo": "", "city": "King of Prussia", "state": "PA", "area-code": "484"}, {"id": "e81c9350d54f66c6d33b3747eee1fbcc", "number": "3022326669", "date": "2021-01-23 10:54:00", "subject": "2", "recorded-or-robo": "Y", "city": "WILMINGTON", "state": "DE", "area-code": "302"}, {"id": "1d36742e3f24f50e4e7ae828017751e3", "number": "3022326669", "date": "2021-01-23 10:54:00", "subject": "2", "recorded-or-robo": "Y", "city": "WILMINGTON", "state": "DE", "area-code": "302"}, {"id": "e81c9350d54f66c6d33b3747eee1f6e4", "number": "7866779695", "date": "2021-01-22 11:30:00", "subject": "1", "recorded-or-robo": "Y", "city": "Cumberland", "state": "WI", "area-code": "715"}, {"id": "1d36742e3f24f50e4e7ae8280177454b", "number": "7866779695", "date": "2021-01-22 11:30:00", "subject": "1", "recorded-or-robo": "Y", "city": "Cumberland", "state": "WI", "area-code": "715"}, {"id": "e81c9350d54f66c6d33b3747eee1ecb3", "number": "2485834261", "date": "2021-01-22 16:04:00", "subject": "3", "recorded-or-robo": "Y", "city": "", "state": "MI", "area-code": "248"}, {"id": "1d36742e3f24f50e4e7ae82801773f32", "number": "2485834261", "date": "2021-01-22 16:04:00", "subject": "3", "recorded-or-robo": "Y", "city": "", "state": "MI", "area-code": "248"}, {"id": "e81c9350d54f66c6d33b3747eee1eae1", "number": "", "date": "2021-01-21 00:00:00", "subject": "3", "recorded-or-robo": "Y", "city": "", "state": "AZ", "area-code": "602"}, {"id": "1d36742e3f24f50e4e7ae82801773c50", "number": "", "date": "2021-01-21 00:00:00", "subject": "3", "recorded-or-robo": "Y", "city": "", "state": "AZ", "area-code": "602"}, {"id": "e81c9350d54f66c6d33b3747eee1ea5e", "number": "7633093044", "date": "2021-01-20 13:15:00", "subject": "4", "recorded-or-robo": "Y", "city": "Maple Grove", "state": "MN", "area-code": "763"}]}