{"data": [{"id": "1d36742e3f24f50e4e7ae82801afe7a0", "number": "4256500121", "date": "2021-01-19 12:18:00", "subject": "5", "recorded-or-robo": "Y", "city": "Bellevue", "state": "WA", "area-code": "425"}, {"id": "3decc6bfadaa436a105714c6ba18864b", "number": "9546946549", "date": "2021-01-23 14:00:00", "subject": "0", "recorded-or-robo": "Y", "city": "", "state": "GA", "area-code": "954"}, {"id": "1d36742e3f24f50e4e7ae82801afda39", "number": "9546946549", "date": "2021-01-23 14:00:00", "subject": "0", "recorded-or-robo": "Y", "city": "", "state": "GA", "area-code": "954"}, {"id": "3decc6bfadaa436a105714c6ba568bbc", "number": "+14077838937", "date": "2021-01-23 14:16:55", "subject": "3", "recorded-or-robo": "Y", "city": "", "state": "FL", "area-code": "407"}, {"id": "1d36742e3f24f50e4e7ae82801ecea99", "number": "+14077838937", "date": "2021-01-23 14:16:55", "subject": "3", "recorded-or-robo": "Y", "city": "", "state": "FL", "area-code": "407"}, {"id": "3decc6bfadaa436a105714c6ba188523", "number": "6787852118", "date": "2021-01-23 13:34:00", "subject": "2", "recorded-or-robo": "Y", "city": "Marietta", "state": "GA", "area-code": "770"}, {"id": "1d36742e3f24f50e4e7ae82801afd342", "number": "6787852118", "date": "2021-01-23 13:34:00", "subject": "2", "recorded-or-robo": "Y", "city": "Marietta", "state": "GA", "area-code": "770"}, {"id": "3decc6bfadaa436a105714c6ba188482", "number": "", "date": "2021-01-23 14:01:00", "subject": "11", "recorded-or-robo": "Y", "city": "", "state": "NY", "area-code": "607"}, {"id": "1d36742e3f24f50e4e7ae82801afc5a1", "number": "", "date": "2021-01-23 14:01:00", "subject": "11", "recorded-or-robo": "Y", "city": "", "state": "NY", "area-code": "607"}, {"id": "3decc6bfadaa436a105714c6ba1878b5", "number": "2108641526", "date": "2021-01-22 10:00:00", "subject": "2", "recorded-or-robo": "Y", "city": "NEW BRAUNFELS", "state": "TX", "area-code": "830"}, {"id": "1d36742e3f24f50e4e7ae82801afbee3", "number": "2108641526", "date": "2021-01-22 10:00:00", "subject": "2", "recorded-or-robo": "Y", "city": "NEW BRAUNFELS", "state": "TX", "area-code": "830"}, {"id": "3decc6bfadaa436a105714c6ba186ce0", "number": "1888943483", "date": "2021-01-22 16:19:00", "subject": "2", "recorded-or-robo": "Y", "city": "WARRENTON", "state": "MO", "area-code": "636"}, {"id": "1d36742e3f24f50e4e7ae82801afb0ef", "number": "1888943483", "date": "2021-01-22 16:19:00", "subject": "2", "recorded-or-robo": "Y", "city": "WARRENTON", "state": "MO", "area-code": "636"}, {"id": "3decc6bfadaa436a105714c6ba185e3a", "number": "2397588591", "date": "2021-01-22 00:00:00", "subject": "2", "recorded-or-robo": "Y", "city": "Cape Coral", "state": "FL", "area-code": "239"}, {"id": "1d36742e3f24f50e4e7ae82801afa9af", "number": "2397588591", "date": "2021-01-22 00:00:00", "subject": "2", "recorded-or-robo": "Y", "city": "Cape Coral", "state": "FL", "area-code": "239"}, {"id": "3decc6bfadaa436a105714c6ba18540a", "number": "3046027187", "date": "2021-01-23 14:07:00", "subject": "3", "recorded-or-robo": "", "city": "", "state": "OH", "area-code": "614"}, {"id": "1d36742e3f24f50e4e7ae82801afa8b5", "number": "3046027187", "date": "2021-01-23 14:07:00", "subject": "3", "recorded-or-robo": "", "city": "", "state": "OH", "area-code": "614"}, {"id": "3decc6bfadaa436a105714c6ba18496f", "number": "8556781911", "date": "2021-01-23 12:15:00", "subject": "2", "recorded-or-robo": "Y", "city": "Knoxville", "state": "TN", "area-code": "865"}, {"id": "1d36742e3f24f50e4e7ae82801afa3bd", "number": "8556781911", "date": "2021-01-23 12:15:00", "subject": "2", "recorded-or-robo": "Y", "city": "Knoxville", "state": "TN", "area-code": "865"}, {"id": "3decc6bfadaa436a105714c6ba183c4a", "number": "2108663999", "date": "2021-01-18 00:00:00", "subject": "3", "recorded-or-robo": "Y", "city": "", "state": "TX", "area-code": "210"}, {"id": "1d36742e3f24f50e4e7ae82801af9ad8", "number": "2108663999", "date": "2021-01-18 00:00:00", "subject": "3", "recorded-or-robo": "Y", "city": "", "state": "TX", "area-code": "210"}, {"id": "3decc6bfadaa436a105714c6ba182dd8", "number": "8605356783", "date": "2021-01-23 11:13:00", "subject": "4", "recorded-or-robo": "Y", "city": "Henderson", "state": "CT", "area-code": "860"}, {"id": "3decc6bfadaa436a105714c6ba182260", "number": "2075791136", "date": "2021-01-15 04:55:00", "subject": "1", "recorded-or-robo": "Y", "city": "", "state": "ME", "area-code": "207"}, {"id": "1d36742e3f24f50e4e7ae82801af9073", "number": "8605356783", "date": "2021-01-23 11:13:00", "subject": "4", "recorded-or-robo": "Y", "city": "Henderson", "state": "CT", "area-code": "860"}, {"id": "1d36742e3f24f50e4e7ae82801af8a55", "number": "2075791136", "date": "2021-01-15 04:55:00", "subject": "1", "recorded-or-robo": "Y", "city": "", "state": "ME", "area-code": "207"}, {"id": "3decc6bfadaa436a105714c6ba1812cc", "number": "6033362022", "date": "2021-01-23 14:00:00", "subject": "0", "recorded-or-robo": "Y", "city": "", "state": "GA", "area-code": "603"}, {"id": "3decc6bfadaa436a105714c6ba1803e8", "number": "2282950709", "date": "2021-01-23 13:11:00", "subject": "1", "recorded-or-robo": "N", "city": "", "state": "MS", "area-code": "228"}, {"id": "1d36742e3f24f50e4e7ae82801af87d0", "number": "6033362022", "date": "2021-01-23 14:00:00", "subject": "0", "recorded-or-robo": "Y", "city": "", "state": "GA", "area-code": "603"}, {"id": "1d36742e3f24f50e4e7ae82801af7ebf", "number": "2282950709", "date": "2021-01-23 13:11:00", "subject": "1", "recorded-or-robo": "N", "city": "", "state": "MS", "area-code": "228"}, {"id": "3decc6bfadaa436a105714c6ba17f8f1", "number": "7738689650", "date": "2021-01-23 11:45:00", "subject": "2", "recorded-or-robo": "Y", "city": "Chicago", "state": "IL", "area-code": "773"}, {"id": "1d36742e3f24f50e4e7ae82801af7b97", "number": "7738689650", "date": "2021-01-23 11:45:00", "subject": "2", "recorded-or-robo": "Y", "city": "Chicago", "state": "IL", "area-code": "773"}, {"id": "3decc6bfadaa436a105714c6ba17f201", "number": "7032148322", "date": "2021-01-23 14:12:00", "subject": "1", "recorded-or-robo": "Y", "city": "", "state": "VA", "area-code": "703"}, {"id": "1d36742e3f24f50e4e7ae82801af6c03", "number": "7032148322", "date": "2021-01-23 14:12:00", "subject": "1", "recorded-or-robo": "Y", "city": "", "state": "VA", "area-code": "703"}, {"id": "3decc6bfadaa436a105714c6ba585e81", "number": "4059384027", "date": "2021-01-23 10:22:00", "subject": "3", "recorded-or-robo": "Y", "city": "", "state": "TX", "area-code": "903"}, {"id": "1d36742e3f24f50e4e7ae82801eeb8c2", "number": "4059384027", "date": "2021-01-23 10:22:00", "subject": "3", "recorded-or-robo": "Y", "city": "", "state": "TX", "area-code": "903"}, {"id": "3decc6bfadaa436a105714c6ba17e3d3", "number": "6033362022", "date": "2021-01-23 14:00:00", "subject": "0", "recorded-or-robo": "Y", "city": "", "state": "GA", "area-code": "603"}, {"id": "3decc6bfadaa436a105714c6ba17da47", "number": "4257478904", "date": "2021-01-21 20:30:00", "subject": "1", "recorded-or-robo": "Y", "city": "Bellevue", "state": "WA", "area-code": "425"}, {"id": "1d36742e3f24f50e4e7ae82801af5fee", "number": "6033362022", "date": "2021-01-23 14:00:00", "subject": "0", "recorded-or-robo": "Y", "city": "", "state": "GA", "area-code": "603"}, {"id": "1d36742e3f24f50e4e7ae82801af5406", "number": "4257478904", "date": "2021-01-21 20:30:00", "subject": "1", "recorded-or-robo": "Y", "city": "Bellevue", "state": "WA", "area-code": "425"}, {"id": "3decc6bfadaa436a105714c6ba17d774", "number": "9493628927", "date": "2021-01-23 10:25:00", "subject": "1", "recorded-or-robo": "Y", "city": "", "state": "CA", "area-code": "949"}, {"id": "1d36742e3f24f50e4e7ae82801af4e52", "number": "9493628927", "date": "2021-01-23 10:25:00", "subject": "1", "recorded-or-robo": "Y", "city": "", "state": "CA", "area-code": "949"}, {"id": "3decc6bfadaa436a105714c6ba17d2a3", "number": "8035406644", "date": "2021-01-22 14:12:00", "subject": "2", "recorded-or-robo": "Y", "city": "WARRENTON", "state": "MO", "area-code": "636"}, {"id": "1d36742e3f24f50e4e7ae82801af44f4", "number": "8035406644", "date": "2021-01-22 14:12:00", "subject": "2", "recorded-or-robo": "Y", "city": "WARRENTON", "state": "MO", "area-code": "636"}, {"id": "3decc6bfadaa436a105714c6ba566b11", "number": "+17578916613", "date": "2021-01-23 14:15:29", "subject": "3", "recorded-or-robo": "Y", "city": "", "state": "VA", "area-code": "757"}, {"id": "1d36742e3f24f50e4e7ae82801ecd6f3", "number": "+17578916613", "date": "2021-01-23 14:15:29", "subject": "3", "recorded-or-robo": "Y", "city": "", "state": "VA", "area-code": "757"}, {"id": "3decc6bfadaa436a105714c6ba567293", "number": "3304273362", "date": "2021-01-23 14:15:27", "subject": "3", "recorded-or-robo": "Y", "city": "", "state": "FL", "area-code": "561"}, {"id": "1d36742e3f24f50e4e7ae82801ecd853", "number": "3304273362", "date": "2021-01-23 14:15:27", "subject": "3", "recorded-or-robo": "Y", "city": "", "state": "FL", "area-code": "561"}, {"id": "3decc6bfadaa436a105714c6ba17c689", "number": "6367342009", "date": "2021-01-23 13:05:00", "subject": "2", "recorded-or-robo": "Y", "city": "O Fallon", "state": "MO", "area-code": "636"}, {"id": "1d36742e3f24f50e4e7ae82801af3f11", "number": "6367342009", "date": "2021-01-23 13:05:00", "subject": "2", "recorded-or-robo": "Y", "city": "O Fallon", "state": "MO", "area-code": "636"}, {"id": "3decc6bfadaa436a105714c6ba17c0d2", "number": "2029140216", "date": "2021-01-22 09:00:00", "subject": "2", "recorded-or-robo": "Y", "city": "NEW BRAUNFELS", "state": "TX", "area-code": "830"}]}