{"data": [{"id": "1d36742e3f24f50e4e7ae82801d24d49", "number": "8808992421", "date": "2021-01-09 12:20:00", "subject": "1", "recorded-or-robo": "Y", "city": "Lakewood", "state": "CO", "area-code": "720"}, {"id": "3decc6bfadaa436a105714c6ba3c9cdb", "number": "2058444799", "date": "2021-01-08 13:00:00", "subject": "3", "recorded-or-robo": "N", "city": "", "state": "AL", "area-code": "251"}, {"id": "1d36742e3f24f50e4e7ae82801d241ad", "number": "2058444799", "date": "2021-01-08 13:00:00", "subject": "3", "recorded-or-robo": "N", "city": "", "state": "AL", "area-code": "251"}, {"id": "3decc6bfadaa436a105714c6ba7a6843", "number": "7255277577", "date": "2021-01-23 17:08:23", "subject": "3", "recorded-or-robo": "Y", "city": "", "state": "NV", "area-code": "702"}, {"id": "03e293b3df9e35eadf15c5611910e646", "number": "7255277577", "date": "2021-01-23 17:08:23", "subject": "3", "recorded-or-robo": "Y", "city": "", "state": "NV", "area-code": "702"}, {"id": "3decc6bfadaa436a105714c6ba7a777d", "number": "7707414068", "date": "2021-01-23 17:08:09", "subject": "3", "recorded-or-robo": "Y", "city": "", "state": "GA", "area-code": "770"}, {"id": "03e293b3df9e35eadf15c5611910f82c", "number": "7707414068", "date": "2021-01-23 17:08:09", "subject": "3", "recorded-or-robo": "Y", "city": "", "state": "GA", "area-code": "770"}, {"id": "3decc6bfadaa436a105714c6ba3c97e9", "number": "2513178385", "date": "2021-01-08 14:40:00", "subject": "3", "recorded-or-robo": "N", "city": "", "state": "AL", "area-code": "251"}, {"id": "1d36742e3f24f50e4e7ae82801d23936", "number": "2513178385", "date": "2021-01-08 14:40:00", "subject": "3", "recorded-or-robo": "N", "city": "", "state": "AL", "area-code": "251"}, {"id": "3decc6bfadaa436a105714c6ba3c9612", "number": "4012914769", "date": "2021-01-20 15:51:00", "subject": "3", "recorded-or-robo": "Y", "city": "", "state": "RI", "area-code": "401"}, {"id": "1d36742e3f24f50e4e7ae82801d2378e", "number": "4012914769", "date": "2021-01-20 15:51:00", "subject": "3", "recorded-or-robo": "Y", "city": "", "state": "RI", "area-code": "401"}, {"id": "3decc6bfadaa436a105714c6ba878ff9", "number": "9544542394", "date": "2021-01-23 16:38:00", "subject": "3", "recorded-or-robo": "N", "city": "", "state": "FL", "area-code": "954"}, {"id": "03e293b3df9e35eadf15c561191e2992", "number": "9544542394", "date": "2021-01-23 16:38:00", "subject": "3", "recorded-or-robo": "N", "city": "", "state": "FL", "area-code": "954"}, {"id": "3decc6bfadaa436a105714c6ba3c8f54", "number": "2315574628", "date": "2021-01-16 16:38:00", "subject": "1", "recorded-or-robo": "Y", "city": "Muskegon", "state": "MI", "area-code": "231"}, {"id": "1d36742e3f24f50e4e7ae82801d23666", "number": "2315574628", "date": "2021-01-16 16:38:00", "subject": "1", "recorded-or-robo": "Y", "city": "Muskegon", "state": "MI", "area-code": "231"}, {"id": "3decc6bfadaa436a105714c6ba7a8ae6", "number": "+14696486539", "date": "2021-01-23 17:07:12", "subject": "3", "recorded-or-robo": "Y", "city": "", "state": "TX", "area-code": "469"}, {"id": "03e293b3df9e35eadf15c5611911143c", "number": "+14696486539", "date": "2021-01-23 17:07:12", "subject": "3", "recorded-or-robo": "Y", "city": "", "state": "TX", "area-code": "469"}, {"id": "3decc6bfadaa436a105714c6ba7a9c70", "number": "+13138793384", "date": "2021-01-23 17:07:07", "subject": "3", "recorded-or-robo": "Y", "city": "", "state": "MI", "area-code": "313"}, {"id": "03e293b3df9e35eadf15c56119112333", "number": "+13138793384", "date": "2021-01-23 17:07:07", "subject": "3", "recorded-or-robo": "Y", "city": "", "state": "MI", "area-code": "313"}, {"id": "3decc6bfadaa436a105714c6ba7a6b63", "number": "7182442015", "date": "2021-01-23 17:07:01", "subject": "3", "recorded-or-robo": "Y", "city": "", "state": "NY", "area-code": "917"}, {"id": "03e293b3df9e35eadf15c5611910f217", "number": "7182442015", "date": "2021-01-23 17:07:01", "subject": "3", "recorded-or-robo": "Y", "city": "", "state": "NY", "area-code": "917"}, {"id": "3decc6bfadaa436a105714c6ba3c84a5", "number": "2134100255", "date": "2021-01-23 09:32:00", "subject": "2", "recorded-or-robo": "N", "city": "", "state": "CA", "area-code": "213"}, {"id": "1d36742e3f24f50e4e7ae82801d22fde", "number": "2134100255", "date": "2021-01-23 09:32:00", "subject": "2", "recorded-or-robo": "N", "city": "", "state": "CA", "area-code": "213"}, {"id": "3decc6bfadaa436a105714c6ba3c8125", "number": "5402320624", "date": "2021-01-22 11:00:00", "subject": "1", "recorded-or-robo": "Y", "city": "Staunton", "state": "VA", "area-code": "540"}, {"id": "1d36742e3f24f50e4e7ae82801d22f63", "number": "5402320624", "date": "2021-01-22 11:00:00", "subject": "1", "recorded-or-robo": "Y", "city": "Staunton", "state": "VA", "area-code": "540"}, {"id": "3decc6bfadaa436a105714c6ba7a5b76", "number": "+19093460798", "date": "2021-01-23 17:06:36", "subject": "3", "recorded-or-robo": "Y", "city": "", "state": "MI", "area-code": "313"}, {"id": "3decc6bfadaa436a105714c6ba3c7b31", "number": "2522444029", "date": "2021-01-08 15:00:00", "subject": "3", "recorded-or-robo": "N", "city": "", "state": "AL", "area-code": "251"}, {"id": "1d36742e3f24f50e4e7ae82801d22ed3", "number": "2522444029", "date": "2021-01-08 15:00:00", "subject": "3", "recorded-or-robo": "N", "city": "", "state": "AL", "area-code": "251"}, {"id": "03e293b3df9e35eadf15c5611910d07b", "number": "+19093460798", "date": "2021-01-23 17:06:36", "subject": "3", "recorded-or-robo": "Y", "city": "", "state": "MI", "area-code": "313"}, {"id": "3decc6bfadaa436a105714c6ba3c7247", "number": "", "date": "2021-01-23 13:10:00", "subject": "1", "recorded-or-robo": "Y", "city": "Spokane", "state": "WA", "area-code": "509"}, {"id": "1d36742e3f24f50e4e7ae82801d21fa1", "number": "", "date": "2021-01-23 13:10:00", "subject": "1", "recorded-or-robo": "Y", "city": "Spokane", "state": "WA", "area-code": "509"}, {"id": "3decc6bfadaa436a105714c6ba3c4ab6", "number": "9863008274", "date": "2021-01-23 14:38:00", "subject": "3", "recorded-or-robo": "N", "city": "", "state": "UT", "area-code": "801"}, {"id": "1d36742e3f24f50e4e7ae82801d1f5ec", "number": "9863008274", "date": "2021-01-23 14:38:00", "subject": "3", "recorded-or-robo": "N", "city": "", "state": "UT", "area-code": "801"}, {"id": "3decc6bfadaa436a105714c6ba3c64b6", "number": "4018509657", "date": "2021-01-20 14:34:00", "subject": "0", "recorded-or-robo": "Y", "city": "", "state": "RI", "area-code": "401"}, {"id": "1d36742e3f24f50e4e7ae82801d210bc", "number": "4018509657", "date": "2021-01-20 14:34:00", "subject": "0", "recorded-or-robo": "Y", "city": "", "state": "RI", "area-code": "401"}, {"id": "3decc6bfadaa436a105714c6ba3c5a3a", "number": "2512835670", "date": "2021-01-08 16:15:00", "subject": "3", "recorded-or-robo": "N", "city": "", "state": "AL", "area-code": "251"}, {"id": "1d36742e3f24f50e4e7ae82801d20202", "number": "2512835670", "date": "2021-01-08 16:15:00", "subject": "3", "recorded-or-robo": "N", "city": "", "state": "AL", "area-code": "251"}, {"id": "3decc6bfadaa436a105714c6ba7a118e", "number": "+19316031029", "date": "2021-01-23 17:05:27", "subject": "3", "recorded-or-robo": "Y", "city": "", "state": "VA", "area-code": "804"}, {"id": "03e293b3df9e35eadf15c56119108906", "number": "+19316031029", "date": "2021-01-23 17:05:27", "subject": "3", "recorded-or-robo": "Y", "city": "", "state": "VA", "area-code": "804"}, {"id": "3decc6bfadaa436a105714c6ba3c3e4c", "number": "8763608407", "date": "2021-01-23 14:47:00", "subject": "2", "recorded-or-robo": "Y", "city": "Thornton", "state": "CO", "area-code": "720"}, {"id": "1d36742e3f24f50e4e7ae82801d1f0d5", "number": "8763608407", "date": "2021-01-23 14:47:00", "subject": "2", "recorded-or-robo": "Y", "city": "Thornton", "state": "CO", "area-code": "720"}, {"id": "3decc6bfadaa436a105714c6ba7a4307", "number": "+13173158580", "date": "2021-01-23 17:04:56", "subject": "3", "recorded-or-robo": "Y", "city": "", "state": "IN", "area-code": "317"}, {"id": "03e293b3df9e35eadf15c5611910b34a", "number": "+13173158580", "date": "2021-01-23 17:04:56", "subject": "3", "recorded-or-robo": "Y", "city": "", "state": "IN", "area-code": "317"}, {"id": "3decc6bfadaa436a105714c6ba3c3b87", "number": "4693002761", "date": "2021-01-23 10:12:00", "subject": "4", "recorded-or-robo": "Y", "city": "Eugene", "state": "OR", "area-code": "541"}, {"id": "1d36742e3f24f50e4e7ae82801d1eb5e", "number": "4693002761", "date": "2021-01-23 10:12:00", "subject": "4", "recorded-or-robo": "Y", "city": "Eugene", "state": "OR", "area-code": "541"}, {"id": "3decc6bfadaa436a105714c6ba7a3cf5", "number": "7182443017", "date": "2021-01-23 17:04:37", "subject": "3", "recorded-or-robo": "Y", "city": "", "state": "VA", "area-code": "571"}, {"id": "03e293b3df9e35eadf15c5611910a7a5", "number": "7182443017", "date": "2021-01-23 17:04:37", "subject": "3", "recorded-or-robo": "Y", "city": "", "state": "VA", "area-code": "571"}, {"id": "3decc6bfadaa436a105714c6ba7a3117", "number": "7182443017", "date": "2021-01-23 17:04:36", "subject": "3", "recorded-or-robo": "Y", "city": "", "state": "VA", "area-code": "571"}, {"id": "03e293b3df9e35eadf15c56119109a04", "number": "7182443017", "date": "2021-01-23 17:04:36", "subject": "3", "recorded-or-robo": "Y", "city": "", "state": "VA", "area-code": "571"}, {"id": "3decc6bfadaa436a105714c6ba3c3af0", "number": "3342492834", "date": "2021-01-08 16:45:00", "subject": "3", "recorded-or-robo": "N", "city": "", "state": "AL", "area-code": "251"}]}