{"data": [{"id": "1d36742e3f24f50e4e7ae8280183f6d8", "number": "7165000784", "date": "2021-01-23 11:31:00", "subject": "7", "recorded-or-robo": "Y", "city": "Kenmore", "state": "NY", "area-code": "716"}, {"id": "e81c9350d54f66c6d33b3747eeee1ef9", "number": "8773782159", "date": "2021-01-22 10:50:00", "subject": "3", "recorded-or-robo": "", "city": "", "state": "TX", "area-code": "254"}, {"id": "1d36742e3f24f50e4e7ae8280183d3e4", "number": "8773782159", "date": "2021-01-22 10:50:00", "subject": "3", "recorded-or-robo": "", "city": "", "state": "TX", "area-code": "254"}, {"id": "e81c9350d54f66c6d33b3747eeee1ff2", "number": "2093486106", "date": "2021-01-19 00:00:00", "subject": "3", "recorded-or-robo": "Y", "city": "", "state": "CA", "area-code": "805"}, {"id": "1d36742e3f24f50e4e7ae8280183e951", "number": "2093486106", "date": "2021-01-19 00:00:00", "subject": "3", "recorded-or-robo": "Y", "city": "", "state": "CA", "area-code": "805"}, {"id": "e81c9350d54f66c6d33b3747eeee1fdb", "number": "3303878346", "date": "2021-01-21 00:00:00", "subject": "3", "recorded-or-robo": "", "city": "North Royalton", "state": "OH", "area-code": "440"}, {"id": "1d36742e3f24f50e4e7ae8280183dafd", "number": "3303878346", "date": "2021-01-21 00:00:00", "subject": "3", "recorded-or-robo": "", "city": "North Royalton", "state": "OH", "area-code": "440"}, {"id": "e81c9350d54f66c6d33b3747eeee1ddc", "number": "37068565396", "date": "2021-01-21 11:56:00", "subject": "0", "recorded-or-robo": "", "city": "", "state": "NC", "area-code": "910"}, {"id": "1d36742e3f24f50e4e7ae8280183d1ba", "number": "37068565396", "date": "2021-01-21 11:56:00", "subject": "0", "recorded-or-robo": "", "city": "", "state": "NC", "area-code": "910"}, {"id": "e81c9350d54f66c6d33b3747eeee1cd6", "number": "9374046702", "date": "2021-01-22 10:00:00", "subject": "0", "recorded-or-robo": "Y", "city": "Yakima", "state": "WA", "area-code": "509"}, {"id": "1d36742e3f24f50e4e7ae8280183d084", "number": "9374046702", "date": "2021-01-22 10:00:00", "subject": "0", "recorded-or-robo": "Y", "city": "Yakima", "state": "WA", "area-code": "509"}, {"id": "e81c9350d54f66c6d33b3747eeee0d3c", "number": "2694260615", "date": "2021-01-18 09:45:00", "subject": "0", "recorded-or-robo": "Y", "city": "", "state": "NJ", "area-code": "201"}, {"id": "e81c9350d54f66c6d33b3747eeee0379", "number": "8645621042", "date": "2021-01-23 10:12:00", "subject": "2", "recorded-or-robo": "Y", "city": "HODGES", "state": "SC", "area-code": "864"}, {"id": "1d36742e3f24f50e4e7ae8280183ca05", "number": "2694260615", "date": "2021-01-18 09:45:00", "subject": "0", "recorded-or-robo": "Y", "city": "", "state": "NJ", "area-code": "201"}, {"id": "1d36742e3f24f50e4e7ae8280183bc1f", "number": "8645621042", "date": "2021-01-23 10:12:00", "subject": "2", "recorded-or-robo": "Y", "city": "HODGES", "state": "SC", "area-code": "864"}, {"id": "e81c9350d54f66c6d33b3747eeedf8e8", "number": "8882804331", "date": "2021-01-23 10:59:00", "subject": "2", "recorded-or-robo": "Y", "city": "Astoria", "state": "NY", "area-code": "718"}, {"id": "1d36742e3f24f50e4e7ae8280183aeb9", "number": "8882804331", "date": "2021-01-23 10:59:00", "subject": "2", "recorded-or-robo": "Y", "city": "Astoria", "state": "NY", "area-code": "718"}, {"id": "e81c9350d54f66c6d33b3747eeedef37", "number": "8055524331", "date": "2021-01-19 00:00:00", "subject": "3", "recorded-or-robo": "Y", "city": "", "state": "CA", "area-code": "805"}, {"id": "1d36742e3f24f50e4e7ae8280183a8d0", "number": "8055524331", "date": "2021-01-19 00:00:00", "subject": "3", "recorded-or-robo": "Y", "city": "", "state": "CA", "area-code": "805"}, {"id": "e81c9350d54f66c6d33b3747eeed8cd8", "number": "6097399268", "date": "2021-01-23 11:27:00", "subject": "3", "recorded-or-robo": "N", "city": "", "state": "NJ", "area-code": "609"}, {"id": "1d36742e3f24f50e4e7ae82801834776", "number": "6097399268", "date": "2021-01-23 11:27:00", "subject": "3", "recorded-or-robo": "N", "city": "", "state": "NJ", "area-code": "609"}, {"id": "e81c9350d54f66c6d33b3747eeede8fa", "number": "2092573525", "date": "2021-01-23 08:29:00", "subject": "0", "recorded-or-robo": "Y", "city": "Jackson", "state": "CA", "area-code": "618"}, {"id": "1d36742e3f24f50e4e7ae82801839c2c", "number": "2092573525", "date": "2021-01-23 08:29:00", "subject": "0", "recorded-or-robo": "Y", "city": "Jackson", "state": "CA", "area-code": "618"}, {"id": "e81c9350d54f66c6d33b3747eeede1ca", "number": "4254812535", "date": "2021-01-23 08:12:00", "subject": "2", "recorded-or-robo": "Y", "city": "Kenmore", "state": "WA", "area-code": "425"}, {"id": "1d36742e3f24f50e4e7ae8280183957a", "number": "4254812535", "date": "2021-01-23 08:12:00", "subject": "2", "recorded-or-robo": "Y", "city": "Kenmore", "state": "WA", "area-code": "425"}, {"id": "e81c9350d54f66c6d33b3747eeedd833", "number": "2283646012", "date": "2021-01-23 10:42:00", "subject": "2", "recorded-or-robo": "Y", "city": "", "state": "MS", "area-code": "228"}, {"id": "1d36742e3f24f50e4e7ae82801838bbf", "number": "2283646012", "date": "2021-01-23 10:42:00", "subject": "2", "recorded-or-robo": "Y", "city": "", "state": "MS", "area-code": "228"}, {"id": "e81c9350d54f66c6d33b3747eeedcc3b", "number": "5067356554", "date": "2021-01-23 09:24:00", "subject": "11", "recorded-or-robo": "Y", "city": "Eureka", "state": "MO", "area-code": "636"}, {"id": "1d36742e3f24f50e4e7ae82801838970", "number": "5067356554", "date": "2021-01-23 09:24:00", "subject": "11", "recorded-or-robo": "Y", "city": "Eureka", "state": "MO", "area-code": "636"}, {"id": "e81c9350d54f66c6d33b3747eeedc62a", "number": "", "date": "2021-01-23 10:20:00", "subject": "1", "recorded-or-robo": "Y", "city": "Chesterfield", "state": "MO", "area-code": "314"}, {"id": "1d36742e3f24f50e4e7ae828018388e8", "number": "", "date": "2021-01-23 10:20:00", "subject": "1", "recorded-or-robo": "Y", "city": "Chesterfield", "state": "MO", "area-code": "314"}, {"id": "e81c9350d54f66c6d33b3747eeedb7ac", "number": "8036471359", "date": "2021-01-23 11:40:00", "subject": "6", "recorded-or-robo": "N", "city": "mcconnells", "state": "SC", "area-code": "803"}, {"id": "1d36742e3f24f50e4e7ae82801837f8d", "number": "8036471359", "date": "2021-01-23 11:40:00", "subject": "6", "recorded-or-robo": "N", "city": "mcconnells", "state": "SC", "area-code": "803"}, {"id": "e81c9350d54f66c6d33b3747eeed89b9", "number": "2144311977", "date": "2021-01-23 09:43:00", "subject": "3", "recorded-or-robo": "", "city": "", "state": "TX", "area-code": "254"}, {"id": "1d36742e3f24f50e4e7ae82801833996", "number": "2144311977", "date": "2021-01-23 09:43:00", "subject": "3", "recorded-or-robo": "", "city": "", "state": "TX", "area-code": "254"}, {"id": "e81c9350d54f66c6d33b3747eeeda9ab", "number": "8188917711", "date": "2021-01-19 00:00:00", "subject": "3", "recorded-or-robo": "Y", "city": "", "state": "CA", "area-code": "805"}, {"id": "e81c9350d54f66c6d33b3747eeeda9a2", "number": "2155853700", "date": "2021-01-23 10:59:00", "subject": "2", "recorded-or-robo": "Y", "city": "Langhorne Manor", "state": "PA", "area-code": "215"}, {"id": "1d36742e3f24f50e4e7ae8280183736d", "number": "8188917711", "date": "2021-01-19 00:00:00", "subject": "3", "recorded-or-robo": "Y", "city": "", "state": "CA", "area-code": "805"}, {"id": "1d36742e3f24f50e4e7ae82801836ccb", "number": "2155853700", "date": "2021-01-23 10:59:00", "subject": "2", "recorded-or-robo": "Y", "city": "Langhorne Manor", "state": "PA", "area-code": "215"}, {"id": "e81c9350d54f66c6d33b3747eeed9a67", "number": "4783052", "date": "2021-01-22 13:00:00", "subject": "2", "recorded-or-robo": "Y", "city": "", "state": "GA", "area-code": "478"}, {"id": "1d36742e3f24f50e4e7ae82801836914", "number": "4783052", "date": "2021-01-22 13:00:00", "subject": "2", "recorded-or-robo": "Y", "city": "", "state": "GA", "area-code": "478"}, {"id": "e81c9350d54f66c6d33b3747eeed935b", "number": "", "date": "2021-01-23 10:33:00", "subject": "2", "recorded-or-robo": "Y", "city": "Centerview", "state": "MO", "area-code": "660"}, {"id": "1d36742e3f24f50e4e7ae82801836634", "number": "", "date": "2021-01-23 10:33:00", "subject": "2", "recorded-or-robo": "Y", "city": "Centerview", "state": "MO", "area-code": "660"}, {"id": "e81c9350d54f66c6d33b3747eeed8ed0", "number": "9198839517", "date": "2021-01-18 10:10:00", "subject": "0", "recorded-or-robo": "Y", "city": "", "state": "NJ", "area-code": "201"}, {"id": "1d36742e3f24f50e4e7ae82801836247", "number": "9198839517", "date": "2021-01-18 10:10:00", "subject": "0", "recorded-or-robo": "Y", "city": "", "state": "NJ", "area-code": "201"}, {"id": "e81c9350d54f66c6d33b3747eeed8e73", "number": "243899040725", "date": "2021-01-21 21:20:00", "subject": "0", "recorded-or-robo": "", "city": "", "state": "NC", "area-code": "910"}, {"id": "1d36742e3f24f50e4e7ae82801835644", "number": "243899040725", "date": "2021-01-21 21:20:00", "subject": "0", "recorded-or-robo": "", "city": "", "state": "NC", "area-code": "910"}, {"id": "3decc6bfadaa436a105714c6ba579ece", "number": "9703418239", "date": "2021-01-23 09:38:00", "subject": "3", "recorded-or-robo": "Y", "city": "", "state": "AZ", "area-code": "480"}, {"id": "1d36742e3f24f50e4e7ae82801edf4ca", "number": "9703418239", "date": "2021-01-23 09:38:00", "subject": "3", "recorded-or-robo": "Y", "city": "", "state": "AZ", "area-code": "480"}, {"id": "3decc6bfadaa436a105714c6ba55a695", "number": "+16027551357", "date": "2021-01-23 11:45:15", "subject": "3", "recorded-or-robo": "Y", "city": "", "state": "AZ", "area-code": "602"}]}