{"data": [{"id": "1d36742e3f24f50e4e7ae828017c446d", "number": "3144961518", "date": "2021-01-22 18:48:00", "subject": "1", "recorded-or-robo": "Y", "city": "Manchester", "state": "MO", "area-code": "314"}, {"id": "e81c9350d54f66c6d33b3747eee6de24", "number": "6679118484", "date": "2021-01-22 21:23:00", "subject": "9", "recorded-or-robo": "Y", "city": "Oviedo", "state": "FL", "area-code": "240"}, {"id": "1d36742e3f24f50e4e7ae828017c3b51", "number": "6679118484", "date": "2021-01-22 21:23:00", "subject": "9", "recorded-or-robo": "Y", "city": "Oviedo", "state": "FL", "area-code": "240"}, {"id": "e81c9350d54f66c6d33b3747eee6d7a0", "number": "8556303453", "date": "2021-01-19 00:00:00", "subject": "2", "recorded-or-robo": "N", "city": "El Prado", "state": "NM", "area-code": "410"}, {"id": "1d36742e3f24f50e4e7ae828017c384d", "number": "8556303453", "date": "2021-01-19 00:00:00", "subject": "2", "recorded-or-robo": "N", "city": "El Prado", "state": "NM", "area-code": "410"}, {"id": "e81c9350d54f66c6d33b3747eee6cfa6", "number": "8666772706", "date": "2021-01-22 15:13:00", "subject": "2", "recorded-or-robo": "N", "city": "Broomfield", "state": "CO", "area-code": "303"}, {"id": "1d36742e3f24f50e4e7ae828017c3244", "number": "8666772706", "date": "2021-01-22 15:13:00", "subject": "2", "recorded-or-robo": "N", "city": "Broomfield", "state": "CO", "area-code": "303"}, {"id": "e81c9350d54f66c6d33b3747eee6c78a", "number": "3145036452", "date": "2021-01-23 02:04:00", "subject": "2", "recorded-or-robo": "Y", "city": "Saint Louis", "state": "MO", "area-code": "314"}, {"id": "1d36742e3f24f50e4e7ae828017c2427", "number": "3145036452", "date": "2021-01-23 02:04:00", "subject": "2", "recorded-or-robo": "Y", "city": "Saint Louis", "state": "MO", "area-code": "314"}, {"id": "e81c9350d54f66c6d33b3747eee6b8e9", "number": "2232046171", "date": "2021-01-23 11:00:00", "subject": "4", "recorded-or-robo": "Y", "city": "West Chester", "state": "PA", "area-code": "267"}, {"id": "1d36742e3f24f50e4e7ae828017c2408", "number": "2232046171", "date": "2021-01-23 11:00:00", "subject": "4", "recorded-or-robo": "Y", "city": "West Chester", "state": "PA", "area-code": "267"}, {"id": "e81c9350d54f66c6d33b3747eee6b890", "number": "", "date": "2021-01-22 13:20:00", "subject": "2", "recorded-or-robo": "Y", "city": "Jonesborough", "state": "TN", "area-code": "423"}, {"id": "1d36742e3f24f50e4e7ae828017c2164", "number": "", "date": "2021-01-22 13:20:00", "subject": "2", "recorded-or-robo": "Y", "city": "Jonesborough", "state": "TN", "area-code": "423"}, {"id": "e81c9350d54f66c6d33b3747eee6b845", "number": "8722679912", "date": "2021-01-23 09:20:00", "subject": "2", "recorded-or-robo": "Y", "city": "", "state": "IL", "area-code": "773"}, {"id": "1d36742e3f24f50e4e7ae828017c179a", "number": "8722679912", "date": "2021-01-23 09:20:00", "subject": "2", "recorded-or-robo": "Y", "city": "", "state": "IL", "area-code": "773"}, {"id": "e81c9350d54f66c6d33b3747eee684c5", "number": "5702986337", "date": "2021-01-23 11:11:00", "subject": "3", "recorded-or-robo": "N", "city": "", "state": "PA", "area-code": "570"}, {"id": "1d36742e3f24f50e4e7ae828017bcbfc", "number": "5702986337", "date": "2021-01-23 11:11:00", "subject": "3", "recorded-or-robo": "N", "city": "", "state": "PA", "area-code": "570"}, {"id": "e81c9350d54f66c6d33b3747eee6b37d", "number": "3144975106", "date": "2021-01-23 10:03:00", "subject": "2", "recorded-or-robo": "Y", "city": "Saint Louis", "state": "MO", "area-code": "314"}, {"id": "1d36742e3f24f50e4e7ae828017c1279", "number": "3144975106", "date": "2021-01-23 10:03:00", "subject": "2", "recorded-or-robo": "Y", "city": "Saint Louis", "state": "MO", "area-code": "314"}, {"id": "e81c9350d54f66c6d33b3747eee6b368", "number": "3145034359", "date": "2021-01-23 01:02:00", "subject": "2", "recorded-or-robo": "N", "city": "Saint Louis", "state": "MO", "area-code": "314"}, {"id": "1d36742e3f24f50e4e7ae828017c05fb", "number": "3145034359", "date": "2021-01-23 01:02:00", "subject": "2", "recorded-or-robo": "N", "city": "Saint Louis", "state": "MO", "area-code": "314"}, {"id": "e81c9350d54f66c6d33b3747eee6a6bd", "number": "3144956856", "date": "2021-01-22 14:49:00", "subject": "2", "recorded-or-robo": "Y", "city": "University City", "state": "MO", "area-code": "314"}, {"id": "1d36742e3f24f50e4e7ae828017bfdc6", "number": "3144956856", "date": "2021-01-22 14:49:00", "subject": "2", "recorded-or-robo": "Y", "city": "University City", "state": "MO", "area-code": "314"}, {"id": "e81c9350d54f66c6d33b3747eee6a2e1", "number": "7162029944", "date": "2021-01-23 09:25:00", "subject": "2", "recorded-or-robo": "Y", "city": "Valliant", "state": "OK", "area-code": "580"}, {"id": "1d36742e3f24f50e4e7ae828017bfb86", "number": "7162029944", "date": "2021-01-23 09:25:00", "subject": "2", "recorded-or-robo": "Y", "city": "Valliant", "state": "OK", "area-code": "580"}, {"id": "e81c9350d54f66c6d33b3747eee6987d", "number": "4434464583", "date": "2021-01-18 00:00:00", "subject": "2", "recorded-or-robo": "N", "city": "El Prado", "state": "NM", "area-code": "410"}, {"id": "1d36742e3f24f50e4e7ae828017bf2e6", "number": "4434464583", "date": "2021-01-18 00:00:00", "subject": "2", "recorded-or-robo": "N", "city": "El Prado", "state": "NM", "area-code": "410"}, {"id": "e81c9350d54f66c6d33b3747eee6580d", "number": "4025074639", "date": "2021-01-18 15:38:00", "subject": "3", "recorded-or-robo": "", "city": "", "state": "NE", "area-code": "402"}, {"id": "1d36742e3f24f50e4e7ae828017b95af", "number": "4025074639", "date": "2021-01-18 15:38:00", "subject": "3", "recorded-or-robo": "", "city": "", "state": "NE", "area-code": "402"}, {"id": "e81c9350d54f66c6d33b3747eee68e51", "number": "8552050329", "date": "2021-01-23 12:00:00", "subject": "1", "recorded-or-robo": "Y", "city": "", "state": "FL", "area-code": "727"}, {"id": "1d36742e3f24f50e4e7ae828017be6f3", "number": "8552050329", "date": "2021-01-23 12:00:00", "subject": "1", "recorded-or-robo": "Y", "city": "", "state": "FL", "area-code": "727"}, {"id": "e81c9350d54f66c6d33b3747eee68933", "number": "3144887971", "date": "2021-01-23 10:01:00", "subject": "1", "recorded-or-robo": "Y", "city": "Saint Louis", "state": "MO", "area-code": "314"}, {"id": "1d36742e3f24f50e4e7ae828017bdbd8", "number": "3144887971", "date": "2021-01-23 10:01:00", "subject": "1", "recorded-or-robo": "Y", "city": "Saint Louis", "state": "MO", "area-code": "314"}, {"id": "e81c9350d54f66c6d33b3747eee6758e", "number": "1407992653", "date": "2021-01-20 14:07:00", "subject": "2", "recorded-or-robo": "Y", "city": "ANN ARBOR", "state": "MI", "area-code": "734"}, {"id": "1d36742e3f24f50e4e7ae828017bc9a3", "number": "1407992653", "date": "2021-01-20 14:07:00", "subject": "2", "recorded-or-robo": "Y", "city": "ANN ARBOR", "state": "MI", "area-code": "734"}, {"id": "e81c9350d54f66c6d33b3747eee6735a", "number": "3145036040", "date": "2021-01-23 00:00:00", "subject": "2", "recorded-or-robo": "N", "city": "Saint Louis", "state": "MO", "area-code": "314"}, {"id": "1d36742e3f24f50e4e7ae828017bbe65", "number": "3145036040", "date": "2021-01-23 00:00:00", "subject": "2", "recorded-or-robo": "N", "city": "Saint Louis", "state": "MO", "area-code": "314"}, {"id": "e81c9350d54f66c6d33b3747eee66450", "number": "4055713008", "date": "2021-01-19 11:59:00", "subject": "6", "recorded-or-robo": "N", "city": "Minneapolis", "state": "MN", "area-code": "612"}, {"id": "1d36742e3f24f50e4e7ae828017bb0bd", "number": "4055713008", "date": "2021-01-19 11:59:00", "subject": "6", "recorded-or-robo": "N", "city": "Minneapolis", "state": "MN", "area-code": "612"}, {"id": "e81c9350d54f66c6d33b3747eee63df6", "number": "2096533356", "date": "2021-01-22 19:43:00", "subject": "3", "recorded-or-robo": "N", "city": "", "state": "CA", "area-code": "530"}, {"id": "1d36742e3f24f50e4e7ae828017b82de", "number": "2096533356", "date": "2021-01-22 19:43:00", "subject": "3", "recorded-or-robo": "N", "city": "", "state": "CA", "area-code": "530"}, {"id": "e81c9350d54f66c6d33b3747eee65d34", "number": "8007782255", "date": "2021-01-18 00:00:00", "subject": "2", "recorded-or-robo": "N", "city": "El Prado", "state": "NM", "area-code": "410"}, {"id": "1d36742e3f24f50e4e7ae828017ba21c", "number": "8007782255", "date": "2021-01-18 00:00:00", "subject": "2", "recorded-or-robo": "N", "city": "El Prado", "state": "NM", "area-code": "410"}, {"id": "e81c9350d54f66c6d33b3747eee64de7", "number": "", "date": "2020-04-01 14:08:00", "subject": "2", "recorded-or-robo": "Y", "city": "Wheeling", "state": "WV", "area-code": "304"}, {"id": "1d36742e3f24f50e4e7ae828017b9096", "number": "", "date": "2020-04-01 14:08:00", "subject": "2", "recorded-or-robo": "Y", "city": "Wheeling", "state": "WV", "area-code": "304"}, {"id": "e81c9350d54f66c6d33b3747eee63f49", "number": "2037600956", "date": "2021-01-23 11:10:00", "subject": "4", "recorded-or-robo": "Y", "city": "Monroe", "state": "CT", "area-code": "203"}, {"id": "1d36742e3f24f50e4e7ae828017b8bbd", "number": "2037600956", "date": "2021-01-23 11:10:00", "subject": "4", "recorded-or-robo": "Y", "city": "Monroe", "state": "CT", "area-code": "203"}, {"id": "e81c9350d54f66c6d33b3747eee630ab", "number": "3017538594", "date": "2021-01-02 17:42:00", "subject": "2", "recorded-or-robo": "Y", "city": "Bethesda", "state": "MD", "area-code": "301"}, {"id": "1d36742e3f24f50e4e7ae828017b7f40", "number": "3017538594", "date": "2021-01-02 17:42:00", "subject": "2", "recorded-or-robo": "Y", "city": "Bethesda", "state": "MD", "area-code": "301"}, {"id": "e81c9350d54f66c6d33b3747eee62dc3", "number": "6672449456", "date": "2021-01-15 00:00:00", "subject": "2", "recorded-or-robo": "N", "city": "El Prado", "state": "NM", "area-code": "410"}]}