{"data": [{"id": "1d36742e3f24f50e4e7ae8280179cb3b", "number": "4025792237", "date": "2021-01-22 10:09:00", "subject": "2", "recorded-or-robo": "", "city": "", "state": "NE", "area-code": "402"}, {"id": "e81c9350d54f66c6d33b3747eee4af68", "number": "3525466349", "date": "2021-01-23 09:04:00", "subject": "0", "recorded-or-robo": "Y", "city": "", "state": "FL", "area-code": "352"}, {"id": "1d36742e3f24f50e4e7ae8280179bffb", "number": "3525466349", "date": "2021-01-23 09:04:00", "subject": "0", "recorded-or-robo": "Y", "city": "", "state": "FL", "area-code": "352"}, {"id": "e81c9350d54f66c6d33b3747eee4abca", "number": "3042443636", "date": "2021-01-22 13:38:00", "subject": "6", "recorded-or-robo": "N", "city": "Minneapolis", "state": "MN", "area-code": "612"}, {"id": "1d36742e3f24f50e4e7ae8280179b3bb", "number": "3042443636", "date": "2021-01-22 13:38:00", "subject": "6", "recorded-or-robo": "N", "city": "Minneapolis", "state": "MN", "area-code": "612"}, {"id": "e81c9350d54f66c6d33b3747eee4ab53", "number": "8152979239", "date": "2021-01-22 12:00:00", "subject": "1", "recorded-or-robo": "N", "city": "Stockton", "state": "IL", "area-code": "815"}, {"id": "1d36742e3f24f50e4e7ae8280179ab70", "number": "8152979239", "date": "2021-01-22 12:00:00", "subject": "1", "recorded-or-robo": "N", "city": "Stockton", "state": "IL", "area-code": "815"}, {"id": "e81c9350d54f66c6d33b3747eee4a5d0", "number": "3144953302", "date": "2021-01-22 17:27:00", "subject": "2", "recorded-or-robo": "", "city": "Wildwood", "state": "MO", "area-code": "314"}, {"id": "1d36742e3f24f50e4e7ae82801799fbc", "number": "3144953302", "date": "2021-01-22 17:27:00", "subject": "2", "recorded-or-robo": "", "city": "Wildwood", "state": "MO", "area-code": "314"}, {"id": "e81c9350d54f66c6d33b3747eee4a109", "number": "4022955660", "date": "2021-01-22 08:20:00", "subject": "3", "recorded-or-robo": "", "city": "", "state": "NE", "area-code": "402"}, {"id": "e81c9350d54f66c6d33b3747eee4953e", "number": "3044006408", "date": "2021-01-23 10:33:00", "subject": "2", "recorded-or-robo": "Y", "city": "Mount Hope", "state": "WV", "area-code": "304"}, {"id": "1d36742e3f24f50e4e7ae8280179997e", "number": "4022955660", "date": "2021-01-22 08:20:00", "subject": "3", "recorded-or-robo": "", "city": "", "state": "NE", "area-code": "402"}, {"id": "1d36742e3f24f50e4e7ae82801798d7f", "number": "3044006408", "date": "2021-01-23 10:33:00", "subject": "2", "recorded-or-robo": "Y", "city": "Mount Hope", "state": "WV", "area-code": "304"}, {"id": "e81c9350d54f66c6d33b3747eee4898b", "number": "", "date": "2021-01-23 10:45:00", "subject": "2", "recorded-or-robo": "Y", "city": "Morganza", "state": "MD", "area-code": "301"}, {"id": "1d36742e3f24f50e4e7ae82801798d09", "number": "", "date": "2021-01-23 10:45:00", "subject": "2", "recorded-or-robo": "Y", "city": "Morganza", "state": "MD", "area-code": "301"}, {"id": "e81c9350d54f66c6d33b3747eee48874", "number": "5014348096", "date": "2021-01-16 11:50:00", "subject": "2", "recorded-or-robo": "Y", "city": "", "state": "IL", "area-code": "630"}, {"id": "1d36742e3f24f50e4e7ae82801797d11", "number": "5014348096", "date": "2021-01-16 11:50:00", "subject": "2", "recorded-or-robo": "Y", "city": "", "state": "IL", "area-code": "630"}, {"id": "e81c9350d54f66c6d33b3747eee47bda", "number": "6095989050", "date": "2021-01-23 09:39:00", "subject": "4", "recorded-or-robo": "Y", "city": "", "state": "NJ", "area-code": "609"}, {"id": "1d36742e3f24f50e4e7ae828017978a0", "number": "6095989050", "date": "2021-01-23 09:39:00", "subject": "4", "recorded-or-robo": "Y", "city": "", "state": "NJ", "area-code": "609"}, {"id": "e81c9350d54f66c6d33b3747eee473e6", "number": "6466772632", "date": "2021-01-23 08:05:00", "subject": "1", "recorded-or-robo": "Y", "city": "san pedro", "state": "CA", "area-code": "740"}, {"id": "1d36742e3f24f50e4e7ae82801796e11", "number": "6466772632", "date": "2021-01-23 08:05:00", "subject": "1", "recorded-or-robo": "Y", "city": "san pedro", "state": "CA", "area-code": "740"}, {"id": "e81c9350d54f66c6d33b3747eee4722b", "number": "2017801862", "date": "2021-01-23 10:30:00", "subject": "11", "recorded-or-robo": "Y", "city": "Bradenton", "state": "FL", "area-code": "941"}, {"id": "1d36742e3f24f50e4e7ae82801796b90", "number": "2017801862", "date": "2021-01-23 10:30:00", "subject": "11", "recorded-or-robo": "Y", "city": "Bradenton", "state": "FL", "area-code": "941"}, {"id": "e81c9350d54f66c6d33b3747eee46a9c", "number": "7575027136", "date": "2021-01-22 14:58:00", "subject": "2", "recorded-or-robo": "N", "city": "NORFOLK", "state": "VA", "area-code": "757"}, {"id": "1d36742e3f24f50e4e7ae82801795dae", "number": "7575027136", "date": "2021-01-22 14:58:00", "subject": "2", "recorded-or-robo": "N", "city": "NORFOLK", "state": "VA", "area-code": "757"}, {"id": "e81c9350d54f66c6d33b3747eee4667c", "number": "9145002566", "date": "2021-01-23 11:56:00", "subject": "6", "recorded-or-robo": "N", "city": "Eastchester", "state": "NY", "area-code": "914"}, {"id": "1d36742e3f24f50e4e7ae828017958ec", "number": "9145002566", "date": "2021-01-23 11:56:00", "subject": "6", "recorded-or-robo": "N", "city": "Eastchester", "state": "NY", "area-code": "914"}, {"id": "e81c9350d54f66c6d33b3747eee45bb5", "number": "3144951876", "date": "2021-01-22 17:36:00", "subject": "2", "recorded-or-robo": "", "city": "Wildwood", "state": "MO", "area-code": "314"}, {"id": "1d36742e3f24f50e4e7ae82801794d60", "number": "3144951876", "date": "2021-01-22 17:36:00", "subject": "2", "recorded-or-robo": "", "city": "Wildwood", "state": "MO", "area-code": "314"}, {"id": "e81c9350d54f66c6d33b3747eee451b1", "number": "7277587251", "date": "2021-01-21 12:52:00", "subject": "4", "recorded-or-robo": "Y", "city": "Pasadena", "state": "FL", "area-code": "727"}, {"id": "1d36742e3f24f50e4e7ae82801794aea", "number": "7277587251", "date": "2021-01-21 12:52:00", "subject": "4", "recorded-or-robo": "Y", "city": "Pasadena", "state": "FL", "area-code": "727"}, {"id": "e81c9350d54f66c6d33b3747eee4468a", "number": "4023325852", "date": "2021-01-21 09:41:00", "subject": "2", "recorded-or-robo": "", "city": "", "state": "NE", "area-code": "402"}, {"id": "1d36742e3f24f50e4e7ae82801793c59", "number": "4023325852", "date": "2021-01-21 09:41:00", "subject": "2", "recorded-or-robo": "", "city": "", "state": "NE", "area-code": "402"}, {"id": "e81c9350d54f66c6d33b3747eee44292", "number": "", "date": "2021-01-23 12:00:00", "subject": "1", "recorded-or-robo": "Y", "city": "Falls Church", "state": "VA", "area-code": "703"}, {"id": "1d36742e3f24f50e4e7ae82801793bcd", "number": "", "date": "2021-01-23 12:00:00", "subject": "1", "recorded-or-robo": "Y", "city": "Falls Church", "state": "VA", "area-code": "703"}, {"id": "e81c9350d54f66c6d33b3747eee43b44", "number": "7342458626", "date": "2021-01-22 09:44:00", "subject": "2", "recorded-or-robo": "Y", "city": "Monroe", "state": "MI", "area-code": "734"}, {"id": "e81c9350d54f66c6d33b3747eee42f45", "number": "5303493904", "date": "2021-01-22 16:39:00", "subject": "6", "recorded-or-robo": "N", "city": "Minneapolis", "state": "MN", "area-code": "612"}, {"id": "1d36742e3f24f50e4e7ae82801793041", "number": "7342458626", "date": "2021-01-22 09:44:00", "subject": "2", "recorded-or-robo": "Y", "city": "Monroe", "state": "MI", "area-code": "734"}, {"id": "1d36742e3f24f50e4e7ae82801792a37", "number": "5303493904", "date": "2021-01-22 16:39:00", "subject": "6", "recorded-or-robo": "N", "city": "Minneapolis", "state": "MN", "area-code": "612"}, {"id": "e81c9350d54f66c6d33b3747eee4254e", "number": "7348224798", "date": "2021-01-23 09:57:00", "subject": "2", "recorded-or-robo": "Y", "city": "", "state": "MI", "area-code": "734"}, {"id": "1d36742e3f24f50e4e7ae828017928ea", "number": "7348224798", "date": "2021-01-23 09:57:00", "subject": "2", "recorded-or-robo": "Y", "city": "", "state": "MI", "area-code": "734"}, {"id": "3decc6bfadaa436a105714c6ba5782a3", "number": "3018559149", "date": "2021-01-23 11:02:00", "subject": "3", "recorded-or-robo": "Y", "city": "", "state": "MD", "area-code": "410"}, {"id": "1d36742e3f24f50e4e7ae82801ede5ef", "number": "3018559149", "date": "2021-01-23 11:02:00", "subject": "3", "recorded-or-robo": "Y", "city": "", "state": "MD", "area-code": "410"}, {"id": "e81c9350d54f66c6d33b3747eee41948", "number": "7572969337", "date": "2021-01-19 12:30:00", "subject": "4", "recorded-or-robo": "Y", "city": "Portsmouth", "state": "VA", "area-code": "757"}, {"id": "1d36742e3f24f50e4e7ae82801792494", "number": "7572969337", "date": "2021-01-19 12:30:00", "subject": "4", "recorded-or-robo": "Y", "city": "Portsmouth", "state": "VA", "area-code": "757"}, {"id": "e81c9350d54f66c6d33b3747eee4141b", "number": "4126034550", "date": "2021-01-22 12:45:00", "subject": "2", "recorded-or-robo": "Y", "city": "", "state": "MN", "area-code": "218"}, {"id": "e81c9350d54f66c6d33b3747eee40e0b", "number": "8557912471", "date": "2021-01-23 09:49:00", "subject": "7", "recorded-or-robo": "Y", "city": "", "state": "IL", "area-code": "773"}, {"id": "1d36742e3f24f50e4e7ae82801792294", "number": "4126034550", "date": "2021-01-22 12:45:00", "subject": "2", "recorded-or-robo": "Y", "city": "", "state": "MN", "area-code": "218"}, {"id": "1d36742e3f24f50e4e7ae82801792005", "number": "8557912471", "date": "2021-01-23 09:49:00", "subject": "7", "recorded-or-robo": "Y", "city": "", "state": "IL", "area-code": "773"}, {"id": "e81c9350d54f66c6d33b3747eee40d22", "number": "2048095722", "date": "2021-01-15 18:10:00", "subject": "2", "recorded-or-robo": "", "city": "", "state": "NE", "area-code": "402"}]}