{"data": [{"id": "1d36742e3f24f50e4e7ae82801bf0a60", "number": "244935857579", "date": "2021-01-15 09:12:00", "subject": "2", "recorded-or-robo": "Y", "city": "Waterloo", "state": "IA", "area-code": "319"}, {"id": "3decc6bfadaa436a105714c6ba8743bd", "number": "6302424981", "date": "2021-01-23 14:11:00", "subject": "3", "recorded-or-robo": "Y", "city": "", "state": "IL", "area-code": "630"}, {"id": "03e293b3df9e35eadf15c561191dce9c", "number": "6302424981", "date": "2021-01-23 14:11:00", "subject": "3", "recorded-or-robo": "Y", "city": "", "state": "IL", "area-code": "630"}, {"id": "3decc6bfadaa436a105714c6ba763e7c", "number": "9737241733", "date": "2021-01-23 15:24:31", "subject": "3", "recorded-or-robo": "Y", "city": "", "state": "NJ", "area-code": "973"}, {"id": "03e293b3df9e35eadf15c561190c8f80", "number": "9737241733", "date": "2021-01-23 15:24:31", "subject": "3", "recorded-or-robo": "Y", "city": "", "state": "NJ", "area-code": "973"}, {"id": "3decc6bfadaa436a105714c6ba27a528", "number": "6154064067", "date": "2021-01-21 16:21:00", "subject": "11", "recorded-or-robo": "Y", "city": "Purcellville", "state": "VA", "area-code": "540"}, {"id": "3decc6bfadaa436a105714c6ba279f68", "number": "4016487874", "date": "2021-01-19 12:00:00", "subject": "1", "recorded-or-robo": "Y", "city": "Bridgewater", "state": "MA", "area-code": "508"}, {"id": "1d36742e3f24f50e4e7ae82801befdbb", "number": "6154064067", "date": "2021-01-21 16:21:00", "subject": "11", "recorded-or-robo": "Y", "city": "Purcellville", "state": "VA", "area-code": "540"}, {"id": "1d36742e3f24f50e4e7ae82801bef5ac", "number": "4016487874", "date": "2021-01-19 12:00:00", "subject": "1", "recorded-or-robo": "Y", "city": "Bridgewater", "state": "MA", "area-code": "508"}, {"id": "3decc6bfadaa436a105714c6ba27961a", "number": "24384031383", "date": "2021-01-23 13:49:00", "subject": "0", "recorded-or-robo": "Y", "city": "Valliant", "state": "OK", "area-code": "580"}, {"id": "1d36742e3f24f50e4e7ae82801beed53", "number": "24384031383", "date": "2021-01-23 13:49:00", "subject": "0", "recorded-or-robo": "Y", "city": "Valliant", "state": "OK", "area-code": "580"}, {"id": "3decc6bfadaa436a105714c6ba278c0c", "number": "6177830112", "date": "2021-01-23 14:45:00", "subject": "3", "recorded-or-robo": "Y", "city": "", "state": "MA", "area-code": "781"}, {"id": "1d36742e3f24f50e4e7ae82801bee1cf", "number": "6177830112", "date": "2021-01-23 14:45:00", "subject": "3", "recorded-or-robo": "Y", "city": "", "state": "MA", "area-code": "781"}, {"id": "3decc6bfadaa436a105714c6ba278b2b", "number": "224628293140", "date": "2021-01-23 14:21:00", "subject": "2", "recorded-or-robo": "Y", "city": "Nevada", "state": "IA", "area-code": "515"}, {"id": "3decc6bfadaa436a105714c6ba277f41", "number": "6024057197", "date": "2021-01-23 15:20:00", "subject": "13", "recorded-or-robo": "Y", "city": "Midland", "state": "MI", "area-code": "248"}, {"id": "1d36742e3f24f50e4e7ae82801bed356", "number": "224628293140", "date": "2021-01-23 14:21:00", "subject": "2", "recorded-or-robo": "Y", "city": "Nevada", "state": "IA", "area-code": "515"}, {"id": "1d36742e3f24f50e4e7ae82801bece3f", "number": "6024057197", "date": "2021-01-23 15:20:00", "subject": "13", "recorded-or-robo": "Y", "city": "Midland", "state": "MI", "area-code": "248"}, {"id": "3decc6bfadaa436a105714c6ba2773ee", "number": "9282641043", "date": "2021-01-21 15:57:00", "subject": "2", "recorded-or-robo": "N", "city": "Surprise", "state": "AZ", "area-code": "206"}, {"id": "1d36742e3f24f50e4e7ae82801bec056", "number": "9282641043", "date": "2021-01-21 15:57:00", "subject": "2", "recorded-or-robo": "N", "city": "Surprise", "state": "AZ", "area-code": "206"}, {"id": "3decc6bfadaa436a105714c6ba276ee0", "number": "3152328257", "date": "2021-01-23 11:46:00", "subject": "11", "recorded-or-robo": "Y", "city": "Binghamton", "state": "NY", "area-code": "607"}, {"id": "1d36742e3f24f50e4e7ae82801beb67b", "number": "3152328257", "date": "2021-01-23 11:46:00", "subject": "11", "recorded-or-robo": "Y", "city": "Binghamton", "state": "NY", "area-code": "607"}, {"id": "3decc6bfadaa436a105714c6ba276ded", "number": "7865049911", "date": "2021-01-23 12:00:00", "subject": "1", "recorded-or-robo": "Y", "city": "Oklahoma City", "state": "OK", "area-code": "405"}, {"id": "3decc6bfadaa436a105714c6ba2768b4", "number": "5857742545", "date": "2021-01-20 16:40:00", "subject": "3", "recorded-or-robo": "Y", "city": "", "state": "NY", "area-code": "585"}, {"id": "1d36742e3f24f50e4e7ae82801beab2f", "number": "7865049911", "date": "2021-01-23 12:00:00", "subject": "1", "recorded-or-robo": "Y", "city": "Oklahoma City", "state": "OK", "area-code": "405"}, {"id": "1d36742e3f24f50e4e7ae82801be9bcc", "number": "5857742545", "date": "2021-01-20 16:40:00", "subject": "3", "recorded-or-robo": "Y", "city": "", "state": "NY", "area-code": "585"}, {"id": "3decc6bfadaa436a105714c6ba7639d2", "number": "9734350399", "date": "2021-01-23 15:23:22", "subject": "3", "recorded-or-robo": "N", "city": "", "state": "NJ", "area-code": "973"}, {"id": "03e293b3df9e35eadf15c561190c890a", "number": "9734350399", "date": "2021-01-23 15:23:22", "subject": "3", "recorded-or-robo": "N", "city": "", "state": "NJ", "area-code": "973"}, {"id": "3decc6bfadaa436a105714c6ba275c5a", "number": "8007121213", "date": "2021-01-22 12:00:00", "subject": "1", "recorded-or-robo": "N", "city": "Thomasville", "state": "NC", "area-code": "347"}, {"id": "1d36742e3f24f50e4e7ae82801be94f5", "number": "8007121213", "date": "2021-01-22 12:00:00", "subject": "1", "recorded-or-robo": "N", "city": "Thomasville", "state": "NC", "area-code": "347"}, {"id": "3decc6bfadaa436a105714c6ba27555c", "number": "187738243571", "date": "2021-01-23 15:15:00", "subject": "1", "recorded-or-robo": "N", "city": "", "state": "CT", "area-code": "203"}, {"id": "1d36742e3f24f50e4e7ae82801be900b", "number": "187738243571", "date": "2021-01-23 15:15:00", "subject": "1", "recorded-or-robo": "N", "city": "", "state": "CT", "area-code": "203"}, {"id": "3decc6bfadaa436a105714c6ba2746df", "number": "2677159143", "date": "2021-01-23 15:14:00", "subject": "2", "recorded-or-robo": "N", "city": "boothwyn", "state": "PA", "area-code": "610"}, {"id": "1d36742e3f24f50e4e7ae82801be8b48", "number": "2677159143", "date": "2021-01-23 15:14:00", "subject": "2", "recorded-or-robo": "N", "city": "boothwyn", "state": "PA", "area-code": "610"}, {"id": "3decc6bfadaa436a105714c6ba274292", "number": "224620330214", "date": "2021-01-23 14:21:00", "subject": "2", "recorded-or-robo": "Y", "city": "Nevada", "state": "IA", "area-code": "515"}, {"id": "1d36742e3f24f50e4e7ae82801be7fc2", "number": "224620330214", "date": "2021-01-23 14:21:00", "subject": "2", "recorded-or-robo": "Y", "city": "Nevada", "state": "IA", "area-code": "515"}, {"id": "3decc6bfadaa436a105714c6ba27374e", "number": "6154061900", "date": "2021-01-21 16:10:00", "subject": "11", "recorded-or-robo": "Y", "city": "Purcellville", "state": "VA", "area-code": "540"}, {"id": "3decc6bfadaa436a105714c6ba273292", "number": "5857742545", "date": "2021-01-20 10:58:00", "subject": "3", "recorded-or-robo": "Y", "city": "", "state": "NY", "area-code": "585"}, {"id": "1d36742e3f24f50e4e7ae82801be717e", "number": "6154061900", "date": "2021-01-21 16:10:00", "subject": "11", "recorded-or-robo": "Y", "city": "Purcellville", "state": "VA", "area-code": "540"}, {"id": "1d36742e3f24f50e4e7ae82801be6aab", "number": "5857742545", "date": "2021-01-20 10:58:00", "subject": "3", "recorded-or-robo": "Y", "city": "", "state": "NY", "area-code": "585"}, {"id": "3decc6bfadaa436a105714c6ba272617", "number": "40744795050", "date": "2021-01-15 08:29:00", "subject": "2", "recorded-or-robo": "Y", "city": "Waterloo", "state": "IA", "area-code": "319"}, {"id": "1d36742e3f24f50e4e7ae82801be5f10", "number": "40744795050", "date": "2021-01-15 08:29:00", "subject": "2", "recorded-or-robo": "Y", "city": "Waterloo", "state": "IA", "area-code": "319"}, {"id": "3decc6bfadaa436a105714c6ba2717f8", "number": "2176503690", "date": "2021-01-23 14:18:00", "subject": "1", "recorded-or-robo": "Y", "city": "Quincy", "state": "IL", "area-code": "217"}, {"id": "1d36742e3f24f50e4e7ae82801be5cd1", "number": "2176503690", "date": "2021-01-23 14:18:00", "subject": "1", "recorded-or-robo": "Y", "city": "Quincy", "state": "IL", "area-code": "217"}, {"id": "3decc6bfadaa436a105714c6ba2713b9", "number": "4173442216", "date": "2021-01-23 13:43:00", "subject": "3", "recorded-or-robo": "Y", "city": "", "state": "MO", "area-code": "314"}, {"id": "1d36742e3f24f50e4e7ae82801be4ed3", "number": "4173442216", "date": "2021-01-23 13:43:00", "subject": "3", "recorded-or-robo": "Y", "city": "", "state": "MO", "area-code": "314"}, {"id": "3decc6bfadaa436a105714c6ba270d12", "number": "", "date": "2021-01-23 14:26:00", "subject": "1", "recorded-or-robo": "Y", "city": "Covington", "state": "GA", "area-code": "678"}, {"id": "1d36742e3f24f50e4e7ae82801be3f75", "number": "", "date": "2021-01-23 14:26:00", "subject": "1", "recorded-or-robo": "Y", "city": "Covington", "state": "GA", "area-code": "678"}, {"id": "3decc6bfadaa436a105714c6ba270696", "number": "224620330556", "date": "2021-01-23 14:17:00", "subject": "2", "recorded-or-robo": "Y", "city": "Nevada", "state": "IA", "area-code": "515"}, {"id": "1d36742e3f24f50e4e7ae82801be352c", "number": "224620330556", "date": "2021-01-23 14:17:00", "subject": "2", "recorded-or-robo": "Y", "city": "Nevada", "state": "IA", "area-code": "515"}, {"id": "3decc6bfadaa436a105714c6ba26fd17", "number": "3345218791", "date": "2021-01-22 02:08:00", "subject": "3", "recorded-or-robo": "Y", "city": "", "state": "AL", "area-code": "256"}]}