{"data": [{"id": "1d36742e3f24f50e4e7ae82801bd6e4d", "number": "9707720420", "date": "2021-01-16 12:15:00", "subject": "3", "recorded-or-robo": "Y", "city": "", "state": "NY", "area-code": "585"}, {"id": "3decc6bfadaa436a105714c6ba26358b", "number": "6154064379", "date": "2021-01-21 16:21:00", "subject": "11", "recorded-or-robo": "Y", "city": "Purcellville", "state": "VA", "area-code": "540"}, {"id": "1d36742e3f24f50e4e7ae82801bd6bfe", "number": "6154064379", "date": "2021-01-21 16:21:00", "subject": "11", "recorded-or-robo": "Y", "city": "Purcellville", "state": "VA", "area-code": "540"}, {"id": "3decc6bfadaa436a105714c6ba26318d", "number": "7182446699", "date": "2021-01-23 13:31:00", "subject": "1", "recorded-or-robo": "Y", "city": "Irvine", "state": "CA", "area-code": "949"}, {"id": "1d36742e3f24f50e4e7ae82801bd64ab", "number": "7182446699", "date": "2021-01-23 13:31:00", "subject": "1", "recorded-or-robo": "Y", "city": "Irvine", "state": "CA", "area-code": "949"}, {"id": "3decc6bfadaa436a105714c6ba26261e", "number": "8763897807", "date": "2021-01-23 13:01:00", "subject": "13", "recorded-or-robo": "N", "city": "Sun City", "state": "AZ", "area-code": "623"}, {"id": "1d36742e3f24f50e4e7ae82801bd56b3", "number": "8763897807", "date": "2021-01-23 13:01:00", "subject": "13", "recorded-or-robo": "N", "city": "Sun City", "state": "AZ", "area-code": "623"}, {"id": "3decc6bfadaa436a105714c6ba261dbb", "number": "4696631809", "date": "2021-01-23 14:13:00", "subject": "2", "recorded-or-robo": "N", "city": "SPRING", "state": "TX", "area-code": "713"}, {"id": "1d36742e3f24f50e4e7ae82801bd4e70", "number": "4696631809", "date": "2021-01-23 14:13:00", "subject": "2", "recorded-or-robo": "N", "city": "SPRING", "state": "TX", "area-code": "713"}, {"id": "3decc6bfadaa436a105714c6ba2618a1", "number": "8767968484", "date": "2021-01-23 13:22:00", "subject": "2", "recorded-or-robo": "Y", "city": "", "state": "IA", "area-code": "515"}, {"id": "1d36742e3f24f50e4e7ae82801bd4ca2", "number": "8767968484", "date": "2021-01-23 13:22:00", "subject": "2", "recorded-or-robo": "Y", "city": "", "state": "IA", "area-code": "515"}, {"id": "3decc6bfadaa436a105714c6ba261597", "number": "9088736308", "date": "2021-01-23 14:05:00", "subject": "2", "recorded-or-robo": "N", "city": "Roselle Park", "state": "NJ", "area-code": "908"}, {"id": "1d36742e3f24f50e4e7ae82801bd456e", "number": "9088736308", "date": "2021-01-23 14:05:00", "subject": "2", "recorded-or-robo": "N", "city": "Roselle Park", "state": "NJ", "area-code": "908"}, {"id": "3decc6bfadaa436a105714c6ba260c57", "number": "", "date": "2021-01-23 11:07:00", "subject": "2", "recorded-or-robo": "Y", "city": "Washington", "state": "Do", "area-code": "202"}, {"id": "1d36742e3f24f50e4e7ae82801bd3bf2", "number": "", "date": "2021-01-23 11:07:00", "subject": "2", "recorded-or-robo": "Y", "city": "Washington", "state": "Do", "area-code": "202"}, {"id": "3decc6bfadaa436a105714c6ba260111", "number": "3098267135", "date": "2021-01-23 13:00:00", "subject": "2", "recorded-or-robo": "Y", "city": "Surprise", "state": "AZ", "area-code": "309"}, {"id": "1d36742e3f24f50e4e7ae82801bd3536", "number": "3098267135", "date": "2021-01-23 13:00:00", "subject": "2", "recorded-or-robo": "Y", "city": "Surprise", "state": "AZ", "area-code": "309"}, {"id": "3decc6bfadaa436a105714c6ba25f759", "number": "8006596378", "date": "2021-01-23 12:36:00", "subject": "1", "recorded-or-robo": "Y", "city": "Mount Vernon", "state": "TX", "area-code": "801"}, {"id": "1d36742e3f24f50e4e7ae82801bd348b", "number": "8006596378", "date": "2021-01-23 12:36:00", "subject": "1", "recorded-or-robo": "Y", "city": "Mount Vernon", "state": "TX", "area-code": "801"}, {"id": "3decc6bfadaa436a105714c6ba25eac4", "number": "8886177885", "date": "2021-01-22 16:19:00", "subject": "0", "recorded-or-robo": "Y", "city": "ASHLAND", "state": "KY", "area-code": "606"}, {"id": "1d36742e3f24f50e4e7ae82801bd2ddc", "number": "8886177885", "date": "2021-01-22 16:19:00", "subject": "0", "recorded-or-robo": "Y", "city": "ASHLAND", "state": "KY", "area-code": "606"}, {"id": "3decc6bfadaa436a105714c6ba25dbe7", "number": "2102581532", "date": "2021-01-23 12:12:00", "subject": "2", "recorded-or-robo": "Y", "city": "Chula Vista", "state": "CA", "area-code": "210"}, {"id": "1d36742e3f24f50e4e7ae82801bd24d9", "number": "2102581532", "date": "2021-01-23 12:12:00", "subject": "2", "recorded-or-robo": "Y", "city": "Chula Vista", "state": "CA", "area-code": "210"}, {"id": "3decc6bfadaa436a105714c6ba25ce8a", "number": "2187809994", "date": "2021-01-23 13:00:00", "subject": "1", "recorded-or-robo": "N", "city": "Omaha", "state": "NE", "area-code": "402"}, {"id": "1d36742e3f24f50e4e7ae82801bd1b5c", "number": "2187809994", "date": "2021-01-23 13:00:00", "subject": "1", "recorded-or-robo": "N", "city": "Omaha", "state": "NE", "area-code": "402"}, {"id": "3decc6bfadaa436a105714c6ba25c3d0", "number": "3144969616", "date": "2021-01-22 19:06:00", "subject": "1", "recorded-or-robo": "Y", "city": "", "state": "MO", "area-code": "314"}, {"id": "1d36742e3f24f50e4e7ae82801bd1b4d", "number": "3144969616", "date": "2021-01-22 19:06:00", "subject": "1", "recorded-or-robo": "Y", "city": "", "state": "MO", "area-code": "314"}, {"id": "3decc6bfadaa436a105714c6ba25bbce", "number": "6063278844", "date": "2021-01-22 14:03:00", "subject": "0", "recorded-or-robo": "Y", "city": "ASHLAND", "state": "KY", "area-code": "606"}, {"id": "1d36742e3f24f50e4e7ae82801bd18ac", "number": "6063278844", "date": "2021-01-22 14:03:00", "subject": "0", "recorded-or-robo": "Y", "city": "ASHLAND", "state": "KY", "area-code": "606"}, {"id": "3decc6bfadaa436a105714c6ba25b9ad", "number": "137065003411", "date": "2021-01-23 13:59:00", "subject": "2", "recorded-or-robo": "Y", "city": "", "state": "IA", "area-code": "515"}, {"id": "1d36742e3f24f50e4e7ae82801bd0e70", "number": "137065003411", "date": "2021-01-23 13:59:00", "subject": "2", "recorded-or-robo": "Y", "city": "", "state": "IA", "area-code": "515"}, {"id": "3decc6bfadaa436a105714c6ba25b720", "number": "5405950342", "date": "2021-01-21 12:02:00", "subject": "11", "recorded-or-robo": "Y", "city": "Purcellville", "state": "VA", "area-code": "540"}, {"id": "1d36742e3f24f50e4e7ae82801bd038d", "number": "5405950342", "date": "2021-01-21 12:02:00", "subject": "11", "recorded-or-robo": "Y", "city": "Purcellville", "state": "VA", "area-code": "540"}, {"id": "3decc6bfadaa436a105714c6ba25a73c", "number": "", "date": "2021-01-23 14:08:00", "subject": "2", "recorded-or-robo": "Y", "city": "DeSoto", "state": "TX", "area-code": "972"}, {"id": "1d36742e3f24f50e4e7ae82801bcf4aa", "number": "", "date": "2021-01-23 14:08:00", "subject": "2", "recorded-or-robo": "Y", "city": "DeSoto", "state": "TX", "area-code": "972"}, {"id": "3decc6bfadaa436a105714c6ba25a528", "number": "447571801556", "date": "2021-01-15 03:38:00", "subject": "2", "recorded-or-robo": "Y", "city": "Waterloo", "state": "IA", "area-code": "319"}, {"id": "1d36742e3f24f50e4e7ae82801bcee11", "number": "447571801556", "date": "2021-01-15 03:38:00", "subject": "2", "recorded-or-robo": "Y", "city": "Waterloo", "state": "IA", "area-code": "319"}, {"id": "3decc6bfadaa436a105714c6ba259f37", "number": "9804584011", "date": "2021-01-14 10:11:00", "subject": "3", "recorded-or-robo": "Y", "city": "", "state": "NC", "area-code": "980"}, {"id": "1d36742e3f24f50e4e7ae82801bceca9", "number": "9804584011", "date": "2021-01-14 10:11:00", "subject": "3", "recorded-or-robo": "Y", "city": "", "state": "NC", "area-code": "980"}, {"id": "3decc6bfadaa436a105714c6ba762cb4", "number": "3219000929", "date": "2021-01-23 15:14:17", "subject": "3", "recorded-or-robo": "Y", "city": "", "state": "FL", "area-code": "407"}, {"id": "03e293b3df9e35eadf15c561190c7a21", "number": "3219000929", "date": "2021-01-23 15:14:17", "subject": "3", "recorded-or-robo": "Y", "city": "", "state": "FL", "area-code": "407"}, {"id": "3decc6bfadaa436a105714c6ba259335", "number": "3152328257", "date": "2021-01-23 12:00:00", "subject": "11", "recorded-or-robo": "Y", "city": "", "state": "MO", "area-code": "314"}, {"id": "1d36742e3f24f50e4e7ae82801bcddea", "number": "3152328257", "date": "2021-01-23 12:00:00", "subject": "11", "recorded-or-robo": "Y", "city": "", "state": "MO", "area-code": "314"}, {"id": "3decc6bfadaa436a105714c6ba258ed3", "number": "5859373555", "date": "2021-01-13 17:09:00", "subject": "3", "recorded-or-robo": "Y", "city": "", "state": "NY", "area-code": "585"}, {"id": "1d36742e3f24f50e4e7ae82801bcd39e", "number": "5859373555", "date": "2021-01-13 17:09:00", "subject": "3", "recorded-or-robo": "Y", "city": "", "state": "NY", "area-code": "585"}, {"id": "3decc6bfadaa436a105714c6ba258bdd", "number": "7602237223", "date": "2021-01-22 10:30:00", "subject": "2", "recorded-or-robo": "N", "city": "Rochelle", "state": "IL", "area-code": "815"}, {"id": "1d36742e3f24f50e4e7ae82801bccc06", "number": "7602237223", "date": "2021-01-22 10:30:00", "subject": "2", "recorded-or-robo": "N", "city": "Rochelle", "state": "IL", "area-code": "815"}, {"id": "3decc6bfadaa436a105714c6ba258882", "number": "3373508794", "date": "2021-01-22 11:53:00", "subject": "0", "recorded-or-robo": "Y", "city": "ASHLAND", "state": "KY", "area-code": "606"}, {"id": "1d36742e3f24f50e4e7ae82801bcc3b8", "number": "3373508794", "date": "2021-01-22 11:53:00", "subject": "0", "recorded-or-robo": "Y", "city": "ASHLAND", "state": "KY", "area-code": "606"}, {"id": "3decc6bfadaa436a105714c6ba258635", "number": "3132635260", "date": "2021-01-23 07:34:00", "subject": "3", "recorded-or-robo": "Y", "city": "", "state": "NE", "area-code": "308"}]}