{"data": [{"id": "1d36742e3f24f50e4e7ae82801dd6a3b", "number": "2206118959", "date": "2021-01-22 11:50:00", "subject": "2", "recorded-or-robo": "N", "city": "", "state": "FL", "area-code": "239"}, {"id": "3decc6bfadaa436a105714c6ba7ca1df", "number": "7038445862", "date": "2021-01-23 18:12:16", "subject": "3", "recorded-or-robo": "Y", "city": "", "state": "VA", "area-code": "703"}, {"id": "03e293b3df9e35eadf15c5611913337b", "number": "7038445862", "date": "2021-01-23 18:12:16", "subject": "3", "recorded-or-robo": "Y", "city": "", "state": "VA", "area-code": "703"}, {"id": "3decc6bfadaa436a105714c6ba7cacb7", "number": "8179014770", "date": "2021-01-23 18:12:03", "subject": "3", "recorded-or-robo": "Y", "city": "", "state": "TX", "area-code": "817"}, {"id": "03e293b3df9e35eadf15c56119133ada", "number": "8179014770", "date": "2021-01-23 18:12:03", "subject": "3", "recorded-or-robo": "Y", "city": "", "state": "TX", "area-code": "817"}, {"id": "3decc6bfadaa436a105714c6ba4780a0", "number": "6516616613", "date": "2021-01-23 17:00:00", "subject": "2", "recorded-or-robo": "N", "city": "Farmington", "state": "MN", "area-code": "651"}, {"id": "1d36742e3f24f50e4e7ae82801dd5dbb", "number": "6516616613", "date": "2021-01-23 17:00:00", "subject": "2", "recorded-or-robo": "N", "city": "Farmington", "state": "MN", "area-code": "651"}, {"id": "3decc6bfadaa436a105714c6ba47715f", "number": "4093849580", "date": "2021-01-23 17:04:00", "subject": "2", "recorded-or-robo": "Y", "city": "", "state": "TX", "area-code": "409"}, {"id": "1d36742e3f24f50e4e7ae82801dd4e88", "number": "4093849580", "date": "2021-01-23 17:04:00", "subject": "2", "recorded-or-robo": "Y", "city": "", "state": "TX", "area-code": "409"}, {"id": "3decc6bfadaa436a105714c6ba4770a9", "number": "8667563416", "date": "2021-01-20 03:08:00", "subject": "11", "recorded-or-robo": "Y", "city": "Ocala", "state": "FL", "area-code": "352"}, {"id": "1d36742e3f24f50e4e7ae82801dd3f04", "number": "8667563416", "date": "2021-01-20 03:08:00", "subject": "11", "recorded-or-robo": "Y", "city": "Ocala", "state": "FL", "area-code": "352"}, {"id": "3decc6bfadaa436a105714c6ba87adae", "number": "4154964366", "date": "2021-01-22 13:30:00", "subject": "3", "recorded-or-robo": "Y", "city": "", "state": "CA", "area-code": "415"}, {"id": "03e293b3df9e35eadf15c561191e43f4", "number": "4154964366", "date": "2021-01-22 13:30:00", "subject": "3", "recorded-or-robo": "Y", "city": "", "state": "CA", "area-code": "415"}, {"id": "3decc6bfadaa436a105714c6ba476806", "number": "6516616613", "date": "2021-01-23 18:27:00", "subject": "2", "recorded-or-robo": "N", "city": "Farmington", "state": "MN", "area-code": "651"}, {"id": "1d36742e3f24f50e4e7ae82801dd3c94", "number": "6516616613", "date": "2021-01-23 18:27:00", "subject": "2", "recorded-or-robo": "N", "city": "Farmington", "state": "MN", "area-code": "651"}, {"id": "3decc6bfadaa436a105714c6ba476276", "number": "2703187130", "date": "2021-01-23 09:13:00", "subject": "2", "recorded-or-robo": "Y", "city": "", "state": "KY", "area-code": "270"}, {"id": "1d36742e3f24f50e4e7ae82801dd37a6", "number": "2703187130", "date": "2021-01-23 09:13:00", "subject": "2", "recorded-or-robo": "Y", "city": "", "state": "KY", "area-code": "270"}, {"id": "3decc6bfadaa436a105714c6ba475adf", "number": "5099286644", "date": "2021-01-23 22:00:00", "subject": "2", "recorded-or-robo": "N", "city": "Greenacres", "state": "WA", "area-code": "509"}, {"id": "1d36742e3f24f50e4e7ae82801dd3356", "number": "5099286644", "date": "2021-01-23 22:00:00", "subject": "2", "recorded-or-robo": "N", "city": "Greenacres", "state": "WA", "area-code": "509"}, {"id": "3decc6bfadaa436a105714c6ba47547c", "number": "6516616613", "date": "2021-01-23 20:37:00", "subject": "2", "recorded-or-robo": "N", "city": "Farmington", "state": "MN", "area-code": "651"}, {"id": "1d36742e3f24f50e4e7ae82801dd318d", "number": "6516616613", "date": "2021-01-23 20:37:00", "subject": "2", "recorded-or-robo": "N", "city": "Farmington", "state": "MN", "area-code": "651"}, {"id": "3decc6bfadaa436a105714c6ba4751a3", "number": "9522088402", "date": "2021-01-22 08:20:00", "subject": "2", "recorded-or-robo": "Y", "city": "River Falls", "state": "WI", "area-code": "715"}, {"id": "1d36742e3f24f50e4e7ae82801dd2767", "number": "9522088402", "date": "2021-01-22 08:20:00", "subject": "2", "recorded-or-robo": "Y", "city": "River Falls", "state": "WI", "area-code": "715"}, {"id": "3decc6bfadaa436a105714c6ba475168", "number": "8563658944", "date": "2021-01-23 16:07:00", "subject": "1", "recorded-or-robo": "Y", "city": "Claymont", "state": "DE", "area-code": "856"}, {"id": "1d36742e3f24f50e4e7ae82801dd252b", "number": "8563658944", "date": "2021-01-23 16:07:00", "subject": "1", "recorded-or-robo": "Y", "city": "Claymont", "state": "DE", "area-code": "856"}, {"id": "3decc6bfadaa436a105714c6ba475067", "number": "3202013755", "date": "2021-01-23 09:33:00", "subject": "2", "recorded-or-robo": "N", "city": "Farmington", "state": "MN", "area-code": "651"}, {"id": "1d36742e3f24f50e4e7ae82801dd1b5d", "number": "3202013755", "date": "2021-01-23 09:33:00", "subject": "2", "recorded-or-robo": "N", "city": "Farmington", "state": "MN", "area-code": "651"}, {"id": "3decc6bfadaa436a105714c6ba474777", "number": "4805993658", "date": "2021-01-23 06:04:00", "subject": "2", "recorded-or-robo": "Y", "city": "", "state": "CA", "area-code": "480"}, {"id": "1d36742e3f24f50e4e7ae82801dd168e", "number": "4805993658", "date": "2021-01-23 06:04:00", "subject": "2", "recorded-or-robo": "Y", "city": "", "state": "CA", "area-code": "480"}, {"id": "3decc6bfadaa436a105714c6ba47419b", "number": "6013851975", "date": "2021-01-23 16:00:00", "subject": "2", "recorded-or-robo": "Y", "city": "Aurora", "state": "CO", "area-code": "303"}, {"id": "1d36742e3f24f50e4e7ae82801dd0bf3", "number": "6013851975", "date": "2021-01-23 16:00:00", "subject": "2", "recorded-or-robo": "Y", "city": "Aurora", "state": "CO", "area-code": "303"}, {"id": "3decc6bfadaa436a105714c6ba473e7e", "number": "8443247840", "date": "2021-01-23 14:48:00", "subject": "11", "recorded-or-robo": "Y", "city": "Sacramento", "state": "CA", "area-code": "916"}, {"id": "1d36742e3f24f50e4e7ae82801dd0643", "number": "8443247840", "date": "2021-01-23 14:48:00", "subject": "11", "recorded-or-robo": "Y", "city": "Sacramento", "state": "CA", "area-code": "916"}, {"id": "3decc6bfadaa436a105714c6ba472ec2", "number": "4803111710", "date": "2021-01-23 15:52:00", "subject": "7", "recorded-or-robo": "N", "city": "Phoeix", "state": "AZ", "area-code": "480"}, {"id": "1d36742e3f24f50e4e7ae82801dd01c0", "number": "4803111710", "date": "2021-01-23 15:52:00", "subject": "7", "recorded-or-robo": "N", "city": "Phoeix", "state": "AZ", "area-code": "480"}, {"id": "3decc6bfadaa436a105714c6ba472c85", "number": "7027819099", "date": "2021-01-20 08:41:00", "subject": "2", "recorded-or-robo": "N", "city": "Henderson, NV", "state": "NV", "area-code": "702"}, {"id": "1d36742e3f24f50e4e7ae82801dcf565", "number": "7027819099", "date": "2021-01-20 08:41:00", "subject": "2", "recorded-or-robo": "N", "city": "Henderson, NV", "state": "NV", "area-code": "702"}, {"id": "3decc6bfadaa436a105714c6ba471f1f", "number": "5099284689", "date": "2021-01-02 00:00:00", "subject": "1", "recorded-or-robo": "Y", "city": "Greenacres", "state": "WA", "area-code": "509"}, {"id": "1d36742e3f24f50e4e7ae82801dceb93", "number": "5099284689", "date": "2021-01-02 00:00:00", "subject": "1", "recorded-or-robo": "Y", "city": "Greenacres", "state": "WA", "area-code": "509"}, {"id": "3decc6bfadaa436a105714c6ba4718c2", "number": "3852084432", "date": "2021-01-23 16:01:00", "subject": "8", "recorded-or-robo": "Y", "city": "Salt Lake City", "state": "UT", "area-code": "801"}, {"id": "1d36742e3f24f50e4e7ae82801dceb2e", "number": "3852084432", "date": "2021-01-23 16:01:00", "subject": "8", "recorded-or-robo": "Y", "city": "Salt Lake City", "state": "UT", "area-code": "801"}, {"id": "3decc6bfadaa436a105714c6ba47129f", "number": "6516616613", "date": "2021-01-23 11:53:00", "subject": "2", "recorded-or-robo": "N", "city": "Farmington", "state": "MN", "area-code": "651"}, {"id": "1d36742e3f24f50e4e7ae82801dce493", "number": "6516616613", "date": "2021-01-23 11:53:00", "subject": "2", "recorded-or-robo": "N", "city": "Farmington", "state": "MN", "area-code": "651"}, {"id": "3decc6bfadaa436a105714c6ba471017", "number": "4806723084", "date": "2021-01-23 04:01:00", "subject": "2", "recorded-or-robo": "Y", "city": "", "state": "CA", "area-code": "480"}, {"id": "1d36742e3f24f50e4e7ae82801dcdc34", "number": "4806723084", "date": "2021-01-23 04:01:00", "subject": "2", "recorded-or-robo": "Y", "city": "", "state": "CA", "area-code": "480"}, {"id": "3decc6bfadaa436a105714c6ba4702fc", "number": "5632873353", "date": "2021-01-23 16:35:00", "subject": "2", "recorded-or-robo": "", "city": "", "state": "IA", "area-code": "563"}, {"id": "1d36742e3f24f50e4e7ae82801dcd494", "number": "5632873353", "date": "2021-01-23 16:35:00", "subject": "2", "recorded-or-robo": "", "city": "", "state": "IA", "area-code": "563"}, {"id": "3decc6bfadaa436a105714c6ba46f422", "number": "9374103650", "date": "2021-01-23 17:57:00", "subject": "8", "recorded-or-robo": "Y", "city": "Fairborn", "state": "OH", "area-code": "937"}, {"id": "1d36742e3f24f50e4e7ae82801dcd3d7", "number": "9374103650", "date": "2021-01-23 17:57:00", "subject": "8", "recorded-or-robo": "Y", "city": "Fairborn", "state": "OH", "area-code": "937"}, {"id": "3decc6bfadaa436a105714c6ba46f1fc", "number": "7256771058", "date": "2021-01-22 14:17:00", "subject": "2", "recorded-or-robo": "N", "city": "Henderson, NV", "state": "NV", "area-code": "702"}]}