{"data": [{"id": "1d36742e3f24f50e4e7ae82801df9f5f", "number": "", "date": "2021-01-23 16:58:00", "subject": "1", "recorded-or-robo": "Y", "city": "Silsbee", "state": "TX", "area-code": "409"}, {"id": "3decc6bfadaa436a105714c6ba497927", "number": "5099284462", "date": "2021-01-23 14:53:00", "subject": "1", "recorded-or-robo": "Y", "city": "Spokane Valley", "state": "WA", "area-code": "509"}, {"id": "3decc6bfadaa436a105714c6ba497169", "number": "2043286040", "date": "2021-01-23 12:59:00", "subject": "0", "recorded-or-robo": "N", "city": "", "state": "CA", "area-code": "530"}, {"id": "1d36742e3f24f50e4e7ae82801df9340", "number": "5099284462", "date": "2021-01-23 14:53:00", "subject": "1", "recorded-or-robo": "Y", "city": "Spokane Valley", "state": "WA", "area-code": "509"}, {"id": "1d36742e3f24f50e4e7ae82801df88a8", "number": "2043286040", "date": "2021-01-23 12:59:00", "subject": "0", "recorded-or-robo": "N", "city": "", "state": "CA", "area-code": "530"}, {"id": "3decc6bfadaa436a105714c6ba496442", "number": "", "date": "2021-01-22 12:00:00", "subject": "2", "recorded-or-robo": "Y", "city": "Washington", "state": "MO", "area-code": "314"}, {"id": "1d36742e3f24f50e4e7ae82801df7afc", "number": "", "date": "2021-01-22 12:00:00", "subject": "2", "recorded-or-robo": "Y", "city": "Washington", "state": "MO", "area-code": "314"}, {"id": "3decc6bfadaa436a105714c6ba4958ec", "number": "8558855834", "date": "2021-01-23 15:03:00", "subject": "0", "recorded-or-robo": "Y", "city": "Santa Rosa", "state": "CA", "area-code": "707"}, {"id": "1d36742e3f24f50e4e7ae82801df791a", "number": "8558855834", "date": "2021-01-23 15:03:00", "subject": "0", "recorded-or-robo": "Y", "city": "Santa Rosa", "state": "CA", "area-code": "707"}, {"id": "3decc6bfadaa436a105714c6ba4954bc", "number": "5136961920", "date": "2021-01-23 18:01:00", "subject": "0", "recorded-or-robo": "N", "city": "", "state": "CT", "area-code": "203"}, {"id": "1d36742e3f24f50e4e7ae82801df6ccc", "number": "5136961920", "date": "2021-01-23 18:01:00", "subject": "0", "recorded-or-robo": "N", "city": "", "state": "CT", "area-code": "203"}, {"id": "3decc6bfadaa436a105714c6ba494f18", "number": "5136961920", "date": "2021-01-23 18:01:00", "subject": "0", "recorded-or-robo": "N", "city": "", "state": "CT", "area-code": "203"}, {"id": "1d36742e3f24f50e4e7ae82801df672c", "number": "5136961920", "date": "2021-01-23 18:01:00", "subject": "0", "recorded-or-robo": "N", "city": "", "state": "CT", "area-code": "203"}, {"id": "3decc6bfadaa436a105714c6ba7cd560", "number": "+14347354404", "date": "2021-01-23 18:22:08", "subject": "3", "recorded-or-robo": "Y", "city": "", "state": "VA", "area-code": "434"}, {"id": "03e293b3df9e35eadf15c56119135d42", "number": "+14347354404", "date": "2021-01-23 18:22:08", "subject": "3", "recorded-or-robo": "Y", "city": "", "state": "VA", "area-code": "434"}, {"id": "3decc6bfadaa436a105714c6ba494c38", "number": "5098885809", "date": "2021-01-23 12:58:00", "subject": "1", "recorded-or-robo": "Y", "city": "", "state": "WA", "area-code": "509"}, {"id": "1d36742e3f24f50e4e7ae82801df6134", "number": "5098885809", "date": "2021-01-23 12:58:00", "subject": "1", "recorded-or-robo": "Y", "city": "", "state": "WA", "area-code": "509"}, {"id": "3decc6bfadaa436a105714c6ba494bff", "number": "5058769047", "date": "2021-01-23 15:17:00", "subject": "0", "recorded-or-robo": "Y", "city": "Bend", "state": "OR", "area-code": "541"}, {"id": "1d36742e3f24f50e4e7ae82801df52fb", "number": "5058769047", "date": "2021-01-23 15:17:00", "subject": "0", "recorded-or-robo": "Y", "city": "Bend", "state": "OR", "area-code": "541"}, {"id": "3decc6bfadaa436a105714c6ba4947b9", "number": "", "date": "2021-01-23 15:08:00", "subject": "2", "recorded-or-robo": "N", "city": "", "state": "OH", "area-code": "614"}, {"id": "1d36742e3f24f50e4e7ae82801df5269", "number": "", "date": "2021-01-23 15:08:00", "subject": "2", "recorded-or-robo": "N", "city": "", "state": "OH", "area-code": "614"}, {"id": "3decc6bfadaa436a105714c6ba493b65", "number": "5716852003", "date": "2021-01-22 17:18:00", "subject": "0", "recorded-or-robo": "Y", "city": "Reading", "state": "OH", "area-code": "513"}, {"id": "3decc6bfadaa436a105714c6ba493464", "number": "8775667226", "date": "2021-01-21 13:45:00", "subject": "3", "recorded-or-robo": "Y", "city": "", "state": "NC", "area-code": "336"}, {"id": "1d36742e3f24f50e4e7ae82801df4aa5", "number": "5716852003", "date": "2021-01-22 17:18:00", "subject": "0", "recorded-or-robo": "Y", "city": "Reading", "state": "OH", "area-code": "513"}, {"id": "1d36742e3f24f50e4e7ae82801df45ea", "number": "8775667226", "date": "2021-01-21 13:45:00", "subject": "3", "recorded-or-robo": "Y", "city": "", "state": "NC", "area-code": "336"}, {"id": "3decc6bfadaa436a105714c6ba492a99", "number": "5099937474", "date": "2021-01-23 15:03:00", "subject": "2", "recorded-or-robo": "Y", "city": "", "state": "WA", "area-code": "509"}, {"id": "1d36742e3f24f50e4e7ae82801df3f54", "number": "5099937474", "date": "2021-01-23 15:03:00", "subject": "2", "recorded-or-robo": "Y", "city": "", "state": "WA", "area-code": "509"}, {"id": "3decc6bfadaa436a105714c6ba492177", "number": "2547156905", "date": "2021-01-23 17:00:00", "subject": "1", "recorded-or-robo": "Y", "city": "Dallas", "state": "TX", "area-code": "214"}, {"id": "1d36742e3f24f50e4e7ae82801df300d", "number": "2547156905", "date": "2021-01-23 17:00:00", "subject": "1", "recorded-or-robo": "Y", "city": "Dallas", "state": "TX", "area-code": "214"}, {"id": "3decc6bfadaa436a105714c6ba4918dd", "number": "2163655066", "date": "2021-01-23 12:35:00", "subject": "0", "recorded-or-robo": "Y", "city": "Reading", "state": "OH", "area-code": "513"}, {"id": "1d36742e3f24f50e4e7ae82801df24d6", "number": "2163655066", "date": "2021-01-23 12:35:00", "subject": "0", "recorded-or-robo": "Y", "city": "Reading", "state": "OH", "area-code": "513"}, {"id": "3decc6bfadaa436a105714c6ba4918b3", "number": "5858830128", "date": "2021-01-23 15:02:00", "subject": "2", "recorded-or-robo": "Y", "city": "", "state": "CA", "area-code": "925"}, {"id": "1d36742e3f24f50e4e7ae82801df1989", "number": "5858830128", "date": "2021-01-23 15:02:00", "subject": "2", "recorded-or-robo": "Y", "city": "", "state": "CA", "area-code": "925"}, {"id": "3decc6bfadaa436a105714c6ba4916ba", "number": "3152328257", "date": "2021-01-23 15:09:00", "subject": "1", "recorded-or-robo": "Y", "city": "", "state": "WA", "area-code": "509"}, {"id": "1d36742e3f24f50e4e7ae82801df0a29", "number": "3152328257", "date": "2021-01-23 15:09:00", "subject": "1", "recorded-or-robo": "Y", "city": "", "state": "WA", "area-code": "509"}, {"id": "3decc6bfadaa436a105714c6ba4911cb", "number": "7326956820", "date": "2021-01-23 18:18:00", "subject": "0", "recorded-or-robo": "Y", "city": "", "state": "NJ", "area-code": "732"}, {"id": "1d36742e3f24f50e4e7ae82801defb45", "number": "7326956820", "date": "2021-01-23 18:18:00", "subject": "0", "recorded-or-robo": "Y", "city": "", "state": "NJ", "area-code": "732"}, {"id": "3decc6bfadaa436a105714c6ba490915", "number": "5706047371", "date": "2021-01-23 10:19:00", "subject": "2", "recorded-or-robo": "Y", "city": "Scranton", "state": "PA", "area-code": "570"}, {"id": "1d36742e3f24f50e4e7ae82801def49b", "number": "5706047371", "date": "2021-01-23 10:19:00", "subject": "2", "recorded-or-robo": "Y", "city": "Scranton", "state": "PA", "area-code": "570"}, {"id": "3decc6bfadaa436a105714c6ba49014e", "number": "509988743", "date": "2021-01-23 14:35:00", "subject": "1", "recorded-or-robo": "Y", "city": "Spokane Valley", "state": "WA", "area-code": "509"}, {"id": "1d36742e3f24f50e4e7ae82801deeee5", "number": "509988743", "date": "2021-01-23 14:35:00", "subject": "1", "recorded-or-robo": "Y", "city": "Spokane Valley", "state": "WA", "area-code": "509"}, {"id": "3decc6bfadaa436a105714c6ba7cd903", "number": "5412371814", "date": "2021-01-23 18:19:12", "subject": "3", "recorded-or-robo": "Y", "city": "", "state": "OR", "area-code": "541"}, {"id": "03e293b3df9e35eadf15c561191369d3", "number": "5412371814", "date": "2021-01-23 18:19:12", "subject": "3", "recorded-or-robo": "Y", "city": "", "state": "OR", "area-code": "541"}, {"id": "3decc6bfadaa436a105714c6ba7cce3d", "number": "5412371814", "date": "2021-01-23 18:19:11", "subject": "3", "recorded-or-robo": "Y", "city": "", "state": "OR", "area-code": "541"}, {"id": "03e293b3df9e35eadf15c5611913536c", "number": "5412371814", "date": "2021-01-23 18:19:11", "subject": "3", "recorded-or-robo": "Y", "city": "", "state": "OR", "area-code": "541"}, {"id": "3decc6bfadaa436a105714c6ba48fa1d", "number": "5076651735", "date": "2021-01-23 18:00:00", "subject": "11", "recorded-or-robo": "Y", "city": "", "state": "IN", "area-code": "812"}, {"id": "1d36742e3f24f50e4e7ae82801deeecc", "number": "5076651735", "date": "2021-01-23 18:00:00", "subject": "11", "recorded-or-robo": "Y", "city": "", "state": "IN", "area-code": "812"}, {"id": "3decc6bfadaa436a105714c6ba48f14e", "number": "3152328257", "date": "2021-01-23 15:27:00", "subject": "1", "recorded-or-robo": "Y", "city": "Beaumont", "state": "TX", "area-code": "409"}, {"id": "1d36742e3f24f50e4e7ae82801dee6ee", "number": "3152328257", "date": "2021-01-23 15:27:00", "subject": "1", "recorded-or-robo": "Y", "city": "Beaumont", "state": "TX", "area-code": "409"}, {"id": "3decc6bfadaa436a105714c6ba48e9a2", "number": "", "date": "2021-01-23 17:00:00", "subject": "1", "recorded-or-robo": "Y", "city": "Mustang", "state": "OK", "area-code": "405"}]}