{"data": [{"id": "1d36742e3f24f50e4e7ae82801de36e2", "number": "3152328257", "date": "2021-01-23 13:31:00", "subject": "2", "recorded-or-robo": "Y", "city": "", "state": "WA", "area-code": "509"}, {"id": "3decc6bfadaa436a105714c6ba48287c", "number": "5512535914", "date": "2021-01-23 10:08:00", "subject": "0", "recorded-or-robo": "", "city": "", "state": "NJ", "area-code": "201"}, {"id": "1d36742e3f24f50e4e7ae82801de2ade", "number": "5512535914", "date": "2021-01-23 10:08:00", "subject": "0", "recorded-or-robo": "", "city": "", "state": "NJ", "area-code": "201"}, {"id": "3decc6bfadaa436a105714c6ba48206e", "number": "", "date": "2021-01-16 09:12:00", "subject": "0", "recorded-or-robo": "Y", "city": "Spring", "state": "TX", "area-code": "936"}, {"id": "1d36742e3f24f50e4e7ae82801de291b", "number": "", "date": "2021-01-16 09:12:00", "subject": "0", "recorded-or-robo": "Y", "city": "Spring", "state": "TX", "area-code": "936"}, {"id": "3decc6bfadaa436a105714c6ba481574", "number": "7163280631", "date": "2021-01-15 08:09:00", "subject": "3", "recorded-or-robo": "Y", "city": "", "state": "NY", "area-code": "716"}, {"id": "1d36742e3f24f50e4e7ae82801de21c3", "number": "7163280631", "date": "2021-01-15 08:09:00", "subject": "3", "recorded-or-robo": "Y", "city": "", "state": "NY", "area-code": "716"}, {"id": "3decc6bfadaa436a105714c6ba480ee7", "number": "9252844687", "date": "2021-01-23 14:57:00", "subject": "2", "recorded-or-robo": "Y", "city": "Concord", "state": "CA", "area-code": "925"}, {"id": "1d36742e3f24f50e4e7ae82801de1daa", "number": "9252844687", "date": "2021-01-23 14:57:00", "subject": "2", "recorded-or-robo": "Y", "city": "Concord", "state": "CA", "area-code": "925"}, {"id": "3decc6bfadaa436a105714c6ba480cc9", "number": "", "date": "2021-01-23 14:34:00", "subject": "1", "recorded-or-robo": "Y", "city": "Spokane", "state": "WA", "area-code": "509"}, {"id": "1d36742e3f24f50e4e7ae82801de1521", "number": "", "date": "2021-01-23 14:34:00", "subject": "1", "recorded-or-robo": "Y", "city": "Spokane", "state": "WA", "area-code": "509"}, {"id": "3decc6bfadaa436a105714c6ba480ca7", "number": "9544336860", "date": "2021-01-23 10:56:00", "subject": "0", "recorded-or-robo": "", "city": "", "state": "NJ", "area-code": "201"}, {"id": "1d36742e3f24f50e4e7ae82801de0b5f", "number": "9544336860", "date": "2021-01-23 10:56:00", "subject": "0", "recorded-or-robo": "", "city": "", "state": "NJ", "area-code": "201"}, {"id": "3decc6bfadaa436a105714c6ba480a40", "number": "5099284240", "date": "2021-01-23 13:50:00", "subject": "1", "recorded-or-robo": "Y", "city": "Spokane Valley", "state": "WA", "area-code": "509"}, {"id": "1d36742e3f24f50e4e7ae82801de06d5", "number": "5099284240", "date": "2021-01-23 13:50:00", "subject": "1", "recorded-or-robo": "Y", "city": "Spokane Valley", "state": "WA", "area-code": "509"}, {"id": "3decc6bfadaa436a105714c6ba47fe5f", "number": "5085715554", "date": "2021-01-16 10:03:00", "subject": "1", "recorded-or-robo": "Y", "city": "Barrington", "state": "RI", "area-code": "979"}, {"id": "1d36742e3f24f50e4e7ae82801ddf8f9", "number": "5085715554", "date": "2021-01-16 10:03:00", "subject": "1", "recorded-or-robo": "Y", "city": "Barrington", "state": "RI", "area-code": "979"}, {"id": "3decc6bfadaa436a105714c6ba47f40c", "number": "7164315795", "date": "2021-01-18 10:21:00", "subject": "3", "recorded-or-robo": "Y", "city": "", "state": "NY", "area-code": "716"}, {"id": "1d36742e3f24f50e4e7ae82801ddf6b5", "number": "7164315795", "date": "2021-01-18 10:21:00", "subject": "3", "recorded-or-robo": "Y", "city": "", "state": "NY", "area-code": "716"}, {"id": "3decc6bfadaa436a105714c6ba47eb82", "number": "2064798186", "date": "2021-01-23 12:00:00", "subject": "2", "recorded-or-robo": "N", "city": "Greenacres", "state": "WA", "area-code": "509"}, {"id": "1d36742e3f24f50e4e7ae82801ddf335", "number": "2064798186", "date": "2021-01-23 12:00:00", "subject": "2", "recorded-or-robo": "N", "city": "Greenacres", "state": "WA", "area-code": "509"}, {"id": "3decc6bfadaa436a105714c6ba47e6fe", "number": "6464804898", "date": "2021-01-23 00:00:00", "subject": "0", "recorded-or-robo": "", "city": "Annapolis", "state": "MD", "area-code": "410"}, {"id": "1d36742e3f24f50e4e7ae82801dde8d9", "number": "6464804898", "date": "2021-01-23 00:00:00", "subject": "0", "recorded-or-robo": "", "city": "Annapolis", "state": "MD", "area-code": "410"}, {"id": "3decc6bfadaa436a105714c6ba47e5ad", "number": "3152328257", "date": "2021-01-23 14:20:00", "subject": "11", "recorded-or-robo": "Y", "city": "Ellensburg", "state": "WA", "area-code": "509"}, {"id": "1d36742e3f24f50e4e7ae82801ddda0b", "number": "3152328257", "date": "2021-01-23 14:20:00", "subject": "11", "recorded-or-robo": "Y", "city": "Ellensburg", "state": "WA", "area-code": "509"}, {"id": "3decc6bfadaa436a105714c6ba47e421", "number": "7167801387", "date": "2021-01-19 12:40:00", "subject": "3", "recorded-or-robo": "Y", "city": "", "state": "NY", "area-code": "716"}, {"id": "1d36742e3f24f50e4e7ae82801ddcab1", "number": "7167801387", "date": "2021-01-19 12:40:00", "subject": "3", "recorded-or-robo": "Y", "city": "", "state": "NY", "area-code": "716"}, {"id": "3decc6bfadaa436a105714c6ba47d8ee", "number": "4093843138", "date": "2021-01-23 15:46:00", "subject": "2", "recorded-or-robo": "Y", "city": "", "state": "TX", "area-code": "409"}, {"id": "1d36742e3f24f50e4e7ae82801ddbe89", "number": "4093843138", "date": "2021-01-23 15:46:00", "subject": "2", "recorded-or-robo": "Y", "city": "", "state": "TX", "area-code": "409"}, {"id": "3decc6bfadaa436a105714c6ba47d009", "number": "2019559317", "date": "2021-01-23 10:59:00", "subject": "0", "recorded-or-robo": "", "city": "", "state": "NJ", "area-code": "201"}, {"id": "1d36742e3f24f50e4e7ae82801ddbe75", "number": "2019559317", "date": "2021-01-23 10:59:00", "subject": "0", "recorded-or-robo": "", "city": "", "state": "NJ", "area-code": "201"}, {"id": "3decc6bfadaa436a105714c6ba47cbfb", "number": "4076285866", "date": "2021-01-23 18:10:00", "subject": "7", "recorded-or-robo": "Y", "city": "Altamonte Springs", "state": "FL", "area-code": "407"}, {"id": "1d36742e3f24f50e4e7ae82801ddb4a8", "number": "4076285866", "date": "2021-01-23 18:10:00", "subject": "7", "recorded-or-robo": "Y", "city": "Altamonte Springs", "state": "FL", "area-code": "407"}, {"id": "3decc6bfadaa436a105714c6ba47cb9e", "number": "4103768128", "date": "2021-01-23 18:11:00", "subject": "0", "recorded-or-robo": "", "city": "Annapolis", "state": "MD", "area-code": "410"}, {"id": "1d36742e3f24f50e4e7ae82801ddafae", "number": "4103768128", "date": "2021-01-23 18:11:00", "subject": "0", "recorded-or-robo": "", "city": "Annapolis", "state": "MD", "area-code": "410"}, {"id": "3decc6bfadaa436a105714c6ba47ca88", "number": "6028066519", "date": "2021-01-23 16:40:00", "subject": "1", "recorded-or-robo": "Y", "city": "Tupelo", "state": "MS", "area-code": "662"}, {"id": "1d36742e3f24f50e4e7ae82801dda455", "number": "6028066519", "date": "2021-01-23 16:40:00", "subject": "1", "recorded-or-robo": "Y", "city": "Tupelo", "state": "MS", "area-code": "662"}, {"id": "3decc6bfadaa436a105714c6ba47c31e", "number": "7312020007", "date": "2021-01-23 17:03:00", "subject": "2", "recorded-or-robo": "N", "city": "Jackson", "state": "TN", "area-code": "731"}, {"id": "1d36742e3f24f50e4e7ae82801dd9b07", "number": "7312020007", "date": "2021-01-23 17:03:00", "subject": "2", "recorded-or-robo": "N", "city": "Jackson", "state": "TN", "area-code": "731"}, {"id": "3decc6bfadaa436a105714c6ba47b596", "number": "2014038064", "date": "2021-01-23 11:00:00", "subject": "0", "recorded-or-robo": "", "city": "", "state": "NJ", "area-code": "201"}, {"id": "1d36742e3f24f50e4e7ae82801dd935d", "number": "2014038064", "date": "2021-01-23 11:00:00", "subject": "0", "recorded-or-robo": "", "city": "", "state": "NJ", "area-code": "201"}, {"id": "3decc6bfadaa436a105714c6ba7c9463", "number": "5413209986", "date": "2021-01-23 18:12:57", "subject": "3", "recorded-or-robo": "Y", "city": "", "state": "OR", "area-code": "541"}, {"id": "03e293b3df9e35eadf15c561191328b6", "number": "5413209986", "date": "2021-01-23 18:12:57", "subject": "3", "recorded-or-robo": "Y", "city": "", "state": "OR", "area-code": "541"}, {"id": "3decc6bfadaa436a105714c6ba47b4ab", "number": "9734314666", "date": "2021-01-23 05:22:00", "subject": "1", "recorded-or-robo": "Y", "city": "Morris Plains", "state": "NJ", "area-code": "973"}, {"id": "3decc6bfadaa436a105714c6ba47a671", "number": "6318618964", "date": "2021-01-23 18:12:00", "subject": "7", "recorded-or-robo": "Y", "city": "", "state": "NY", "area-code": "631"}, {"id": "1d36742e3f24f50e4e7ae82801dd857e", "number": "9734314666", "date": "2021-01-23 05:22:00", "subject": "1", "recorded-or-robo": "Y", "city": "Morris Plains", "state": "NJ", "area-code": "973"}, {"id": "1d36742e3f24f50e4e7ae82801dd7ac7", "number": "6318618964", "date": "2021-01-23 18:12:00", "subject": "7", "recorded-or-robo": "Y", "city": "", "state": "NY", "area-code": "631"}, {"id": "3decc6bfadaa436a105714c6ba479a0c", "number": "8801701328852", "date": "2021-01-23 00:00:00", "subject": "2", "recorded-or-robo": "Y", "city": "Ellensburg", "state": "WA", "area-code": "509"}, {"id": "1d36742e3f24f50e4e7ae82801dd6e0e", "number": "8801701328852", "date": "2021-01-23 00:00:00", "subject": "2", "recorded-or-robo": "Y", "city": "Ellensburg", "state": "WA", "area-code": "509"}, {"id": "3decc6bfadaa436a105714c6ba478eec", "number": "2206118959", "date": "2021-01-22 11:50:00", "subject": "2", "recorded-or-robo": "N", "city": "", "state": "FL", "area-code": "239"}]}