{"data": [{"id": "1d36742e3f24f50e4e7ae82801a713b2", "number": "5194323577", "date": "2021-01-23 13:48:00", "subject": "5", "recorded-or-robo": "Y", "city": "Berlin", "state": "NJ", "area-code": "702"}, {"id": "3decc6bfadaa436a105714c6ba0ffdd2", "number": "6154060076", "date": "2021-01-23 12:41:00", "subject": "1", "recorded-or-robo": "Y", "city": "Noel", "state": "NE", "area-code": "308"}, {"id": "1d36742e3f24f50e4e7ae82801a7089a", "number": "6154060076", "date": "2021-01-23 12:41:00", "subject": "1", "recorded-or-robo": "Y", "city": "Noel", "state": "NE", "area-code": "308"}, {"id": "3decc6bfadaa436a105714c6ba0ff778", "number": "4432679927", "date": "2021-01-07 14:42:00", "subject": "0", "recorded-or-robo": "", "city": "", "state": "MD", "area-code": "443"}, {"id": "1d36742e3f24f50e4e7ae82801a6facf", "number": "4432679927", "date": "2021-01-07 14:42:00", "subject": "0", "recorded-or-robo": "", "city": "", "state": "MD", "area-code": "443"}, {"id": "3decc6bfadaa436a105714c6ba0ff104", "number": "2015047280", "date": "2021-01-23 00:00:00", "subject": "2", "recorded-or-robo": "N", "city": "tylrt", "state": "TX", "area-code": "903"}, {"id": "1d36742e3f24f50e4e7ae82801a6f4d6", "number": "2015047280", "date": "2021-01-23 00:00:00", "subject": "2", "recorded-or-robo": "N", "city": "tylrt", "state": "TX", "area-code": "903"}, {"id": "3decc6bfadaa436a105714c6ba0fefbb", "number": "7073534745", "date": "2021-01-22 11:32:00", "subject": "2", "recorded-or-robo": "Y", "city": "Vacaville", "state": "CA", "area-code": "707"}, {"id": "1d36742e3f24f50e4e7ae82801a6f055", "number": "7073534745", "date": "2021-01-22 11:32:00", "subject": "2", "recorded-or-robo": "Y", "city": "Vacaville", "state": "CA", "area-code": "707"}, {"id": "3decc6bfadaa436a105714c6ba0f5080", "number": "4144452934", "date": "2021-01-22 00:00:00", "subject": "3", "recorded-or-robo": "N", "city": "", "state": "WI", "area-code": "414"}, {"id": "1d36742e3f24f50e4e7ae82801a668d4", "number": "4144452934", "date": "2021-01-22 00:00:00", "subject": "3", "recorded-or-robo": "N", "city": "", "state": "WI", "area-code": "414"}, {"id": "3decc6bfadaa436a105714c6ba0fe296", "number": "5592429443", "date": "2021-01-23 10:18:00", "subject": "2", "recorded-or-robo": "Y", "city": "Fresnos", "state": "CA", "area-code": "559"}, {"id": "1d36742e3f24f50e4e7ae82801a6ecb5", "number": "5592429443", "date": "2021-01-23 10:18:00", "subject": "2", "recorded-or-robo": "Y", "city": "Fresnos", "state": "CA", "area-code": "559"}, {"id": "3decc6bfadaa436a105714c6ba0fe1e2", "number": "8776549186", "date": "2020-12-04 11:01:00", "subject": "3", "recorded-or-robo": "Y", "city": "", "state": "NJ", "area-code": "732"}, {"id": "1d36742e3f24f50e4e7ae82801a6e555", "number": "8776549186", "date": "2020-12-04 11:01:00", "subject": "3", "recorded-or-robo": "Y", "city": "", "state": "NJ", "area-code": "732"}, {"id": "3decc6bfadaa436a105714c6ba0fd45f", "number": "5184258682", "date": "2021-01-23 13:47:00", "subject": "4", "recorded-or-robo": "Y", "city": "South Glens Falls", "state": "NY", "area-code": "518"}, {"id": "3decc6bfadaa436a105714c6ba0fca80", "number": "3152328257", "date": "2021-01-23 12:46:00", "subject": "1", "recorded-or-robo": "Y", "city": "", "state": "MO", "area-code": "636"}, {"id": "1d36742e3f24f50e4e7ae82801a6e25b", "number": "5184258682", "date": "2021-01-23 13:47:00", "subject": "4", "recorded-or-robo": "Y", "city": "South Glens Falls", "state": "NY", "area-code": "518"}, {"id": "1d36742e3f24f50e4e7ae82801a6d271", "number": "3152328257", "date": "2021-01-23 12:46:00", "subject": "1", "recorded-or-robo": "Y", "city": "", "state": "MO", "area-code": "636"}, {"id": "3decc6bfadaa436a105714c6ba0fc7c0", "number": "5076469389", "date": "2021-01-15 11:54:00", "subject": "2", "recorded-or-robo": "Y", "city": "Rochester", "state": "MN", "area-code": "507"}, {"id": "3decc6bfadaa436a105714c6ba0fc341", "number": "8006596378", "date": "2021-01-22 12:00:00", "subject": "1", "recorded-or-robo": "Y", "city": "Queen Creek", "state": "AZ", "area-code": "480"}, {"id": "1d36742e3f24f50e4e7ae82801a6c947", "number": "5076469389", "date": "2021-01-15 11:54:00", "subject": "2", "recorded-or-robo": "Y", "city": "Rochester", "state": "MN", "area-code": "507"}, {"id": "1d36742e3f24f50e4e7ae82801a6c76b", "number": "8006596378", "date": "2021-01-22 12:00:00", "subject": "1", "recorded-or-robo": "Y", "city": "Queen Creek", "state": "AZ", "area-code": "480"}, {"id": "3decc6bfadaa436a105714c6ba0fc20b", "number": "7204639505", "date": "2021-01-21 15:35:00", "subject": "2", "recorded-or-robo": "N", "city": "", "state": "CO", "area-code": "720"}, {"id": "1d36742e3f24f50e4e7ae82801a6b774", "number": "7204639505", "date": "2021-01-21 15:35:00", "subject": "2", "recorded-or-robo": "N", "city": "", "state": "CO", "area-code": "720"}, {"id": "3decc6bfadaa436a105714c6ba0fbf48", "number": "4438901329", "date": "2021-01-22 18:50:00", "subject": "2", "recorded-or-robo": "", "city": "middle river", "state": "MD", "area-code": "410"}, {"id": "1d36742e3f24f50e4e7ae82801a6b21a", "number": "4438901329", "date": "2021-01-22 18:50:00", "subject": "2", "recorded-or-robo": "", "city": "middle river", "state": "MD", "area-code": "410"}, {"id": "3decc6bfadaa436a105714c6ba0fb081", "number": "5418461141", "date": "2021-01-23 10:07:00", "subject": "4", "recorded-or-robo": "Y", "city": "Arroyo Grande", "state": "CA", "area-code": "805"}, {"id": "1d36742e3f24f50e4e7ae82801a6aac7", "number": "5418461141", "date": "2021-01-23 10:07:00", "subject": "4", "recorded-or-robo": "Y", "city": "Arroyo Grande", "state": "CA", "area-code": "805"}, {"id": "3decc6bfadaa436a105714c6ba0fa360", "number": "4437132963", "date": "2020-12-29 10:54:00", "subject": "2", "recorded-or-robo": "", "city": "", "state": "MD", "area-code": "443"}, {"id": "1d36742e3f24f50e4e7ae82801a6a2e9", "number": "4437132963", "date": "2020-12-29 10:54:00", "subject": "2", "recorded-or-robo": "", "city": "", "state": "MD", "area-code": "443"}, {"id": "3decc6bfadaa436a105714c6ba0f9565", "number": "6154062966", "date": "2021-01-23 11:03:00", "subject": "1", "recorded-or-robo": "Y", "city": "Noel", "state": "NE", "area-code": "308"}, {"id": "1d36742e3f24f50e4e7ae82801a69b75", "number": "6154062966", "date": "2021-01-23 11:03:00", "subject": "1", "recorded-or-robo": "Y", "city": "Noel", "state": "NE", "area-code": "308"}, {"id": "3decc6bfadaa436a105714c6ba0f8d73", "number": "4843154754", "date": "2021-01-23 13:11:00", "subject": "1", "recorded-or-robo": "Y", "city": "Franklin", "state": "MA", "area-code": "484"}, {"id": "1d36742e3f24f50e4e7ae82801a698d2", "number": "4843154754", "date": "2021-01-23 13:11:00", "subject": "1", "recorded-or-robo": "Y", "city": "Franklin", "state": "MA", "area-code": "484"}, {"id": "3decc6bfadaa436a105714c6ba0f8435", "number": "6317290589", "date": "2021-01-23 13:46:00", "subject": "0", "recorded-or-robo": "Y", "city": "", "state": "NY", "area-code": "631"}, {"id": "1d36742e3f24f50e4e7ae82801a69525", "number": "6317290589", "date": "2021-01-23 13:46:00", "subject": "0", "recorded-or-robo": "Y", "city": "", "state": "NY", "area-code": "631"}, {"id": "3decc6bfadaa436a105714c6ba0f75bc", "number": "", "date": "2021-01-23 12:17:00", "subject": "2", "recorded-or-robo": "Y", "city": "", "state": "TN", "area-code": "731"}, {"id": "1d36742e3f24f50e4e7ae82801a689dc", "number": "", "date": "2021-01-23 12:17:00", "subject": "2", "recorded-or-robo": "Y", "city": "", "state": "TN", "area-code": "731"}, {"id": "3decc6bfadaa436a105714c6ba0f73ac", "number": "", "date": "2021-01-22 01:29:00", "subject": "1", "recorded-or-robo": "Y", "city": "Gainesville", "state": "FL", "area-code": "352"}, {"id": "1d36742e3f24f50e4e7ae82801a6803b", "number": "", "date": "2021-01-22 01:29:00", "subject": "1", "recorded-or-robo": "Y", "city": "Gainesville", "state": "FL", "area-code": "352"}, {"id": "3decc6bfadaa436a105714c6ba0f6ca7", "number": "3463811508", "date": "2021-01-23 11:45:00", "subject": "0", "recorded-or-robo": "Y", "city": "", "state": "CO", "area-code": "303"}, {"id": "1d36742e3f24f50e4e7ae82801a67fec", "number": "3463811508", "date": "2021-01-23 11:45:00", "subject": "0", "recorded-or-robo": "Y", "city": "", "state": "CO", "area-code": "303"}, {"id": "3decc6bfadaa436a105714c6ba0f5eed", "number": "2408503721", "date": "2021-01-23 00:00:00", "subject": "2", "recorded-or-robo": "N", "city": "Staunton", "state": "VA", "area-code": "240"}, {"id": "1d36742e3f24f50e4e7ae82801a67479", "number": "2408503721", "date": "2021-01-23 00:00:00", "subject": "2", "recorded-or-robo": "N", "city": "Staunton", "state": "VA", "area-code": "240"}, {"id": "3decc6bfadaa436a105714c6ba0f4f80", "number": "5619005168", "date": "2021-01-22 15:00:00", "subject": "0", "recorded-or-robo": "Y", "city": "DEERFIELD BEACH", "state": "FL", "area-code": "609"}, {"id": "1d36742e3f24f50e4e7ae82801a664eb", "number": "5619005168", "date": "2021-01-22 15:00:00", "subject": "0", "recorded-or-robo": "Y", "city": "DEERFIELD BEACH", "state": "FL", "area-code": "609"}, {"id": "3decc6bfadaa436a105714c6ba0f4384", "number": "8665274459", "date": "2020-12-01 07:30:00", "subject": "11", "recorded-or-robo": "Y", "city": "", "state": "MO", "area-code": "314"}, {"id": "1d36742e3f24f50e4e7ae82801a65b94", "number": "8665274459", "date": "2020-12-01 07:30:00", "subject": "11", "recorded-or-robo": "Y", "city": "", "state": "MO", "area-code": "314"}, {"id": "3decc6bfadaa436a105714c6ba0f1315", "number": "7067075794", "date": "2021-01-23 13:43:00", "subject": "3", "recorded-or-robo": "N", "city": "", "state": "GA", "area-code": "706"}]}