{"data": [{"id": "e81c9350d54f66c6d33b3747eef5a070", "number": "7152247692", "date": "2021-01-22 09:25:00", "subject": "4", "recorded-or-robo": "Y", "city": "Peshtigo", "state": "WI", "area-code": "715"}, {"id": "1d36742e3f24f50e4e7ae828018beaa6", "number": "3097607506", "date": "2021-01-23 11:00:00", "subject": "1", "recorded-or-robo": "Y", "city": "Kewanee", "state": "IL", "area-code": "309"}, {"id": "1d36742e3f24f50e4e7ae828018bdbe3", "number": "7152247692", "date": "2021-01-22 09:25:00", "subject": "4", "recorded-or-robo": "Y", "city": "Peshtigo", "state": "WI", "area-code": "715"}, {"id": "e81c9350d54f66c6d33b3747eef59f3f", "number": "5203811813", "date": "2021-01-23 12:08:00", "subject": "0", "recorded-or-robo": "Y", "city": "Mount Vernon", "state": "NY", "area-code": "404"}, {"id": "1d36742e3f24f50e4e7ae828018bcda3", "number": "5203811813", "date": "2021-01-23 12:08:00", "subject": "0", "recorded-or-robo": "Y", "city": "Mount Vernon", "state": "NY", "area-code": "404"}, {"id": "e81c9350d54f66c6d33b3747eef597c8", "number": "8044248740", "date": "2021-01-21 17:00:00", "subject": "2", "recorded-or-robo": "N", "city": "", "state": "VA", "area-code": "804"}, {"id": "1d36742e3f24f50e4e7ae828018bc149", "number": "8044248740", "date": "2021-01-21 17:00:00", "subject": "2", "recorded-or-robo": "N", "city": "", "state": "VA", "area-code": "804"}, {"id": "e81c9350d54f66c6d33b3747eef5974b", "number": "6182662174", "date": "2021-01-23 11:07:00", "subject": "5", "recorded-or-robo": "N", "city": "", "state": "IL", "area-code": "618"}, {"id": "1d36742e3f24f50e4e7ae828018bb293", "number": "6182662174", "date": "2021-01-23 11:07:00", "subject": "5", "recorded-or-robo": "N", "city": "", "state": "IL", "area-code": "618"}, {"id": "e81c9350d54f66c6d33b3747eef58a45", "number": "9729612923", "date": "2021-01-20 10:31:00", "subject": "0", "recorded-or-robo": "N", "city": "Bishop", "state": "CA", "area-code": "760"}, {"id": "1d36742e3f24f50e4e7ae828018ba543", "number": "9729612923", "date": "2021-01-20 10:31:00", "subject": "0", "recorded-or-robo": "N", "city": "Bishop", "state": "CA", "area-code": "760"}, {"id": "e81c9350d54f66c6d33b3747eef57d1e", "number": "2017750761", "date": "2021-01-20 11:19:00", "subject": "0", "recorded-or-robo": "Y", "city": "", "state": "NJ", "area-code": "201"}, {"id": "1d36742e3f24f50e4e7ae828018b9e32", "number": "2017750761", "date": "2021-01-20 11:19:00", "subject": "0", "recorded-or-robo": "Y", "city": "", "state": "NJ", "area-code": "201"}, {"id": "e81c9350d54f66c6d33b3747eef57bd4", "number": "1904340298", "date": "2021-01-23 11:57:00", "subject": "2", "recorded-or-robo": "Y", "city": "Jacksonville", "state": "FL", "area-code": "904"}, {"id": "1d36742e3f24f50e4e7ae828018b90e4", "number": "1904340298", "date": "2021-01-23 11:57:00", "subject": "2", "recorded-or-robo": "Y", "city": "Jacksonville", "state": "FL", "area-code": "904"}, {"id": "e81c9350d54f66c6d33b3747eef57b05", "number": "8332298911", "date": "2021-01-18 09:00:00", "subject": "2", "recorded-or-robo": "Y", "city": "Ivyland", "state": "PA", "area-code": "215"}, {"id": "1d36742e3f24f50e4e7ae828018b864d", "number": "8332298911", "date": "2021-01-18 09:00:00", "subject": "2", "recorded-or-robo": "Y", "city": "Ivyland", "state": "PA", "area-code": "215"}, {"id": "e81c9350d54f66c6d33b3747eef56c72", "number": "3128203186", "date": "2021-01-23 08:42:00", "subject": "2", "recorded-or-robo": "Y", "city": "", "state": "IL", "area-code": "773"}, {"id": "1d36742e3f24f50e4e7ae828018b822f", "number": "3128203186", "date": "2021-01-23 08:42:00", "subject": "2", "recorded-or-robo": "Y", "city": "", "state": "IL", "area-code": "773"}, {"id": "e81c9350d54f66c6d33b3747eef55e3e", "number": "9093664126", "date": "2021-01-22 19:26:00", "subject": "0", "recorded-or-robo": "Y", "city": "Hendersonville", "state": "NC", "area-code": "828"}, {"id": "1d36742e3f24f50e4e7ae828018b7f68", "number": "9093664126", "date": "2021-01-22 19:26:00", "subject": "0", "recorded-or-robo": "Y", "city": "Hendersonville", "state": "NC", "area-code": "828"}, {"id": "e81c9350d54f66c6d33b3747eef4d09e", "number": "6319246169", "date": "2021-01-23 11:17:00", "subject": "3", "recorded-or-robo": "N", "city": "", "state": "NY", "area-code": "631"}, {"id": "1d36742e3f24f50e4e7ae828018afbb0", "number": "6319246169", "date": "2021-01-23 11:17:00", "subject": "3", "recorded-or-robo": "N", "city": "", "state": "NY", "area-code": "631"}, {"id": "e81c9350d54f66c6d33b3747eef55a71", "number": "2017750761", "date": "2021-01-20 13:30:00", "subject": "0", "recorded-or-robo": "Y", "city": "", "state": "NJ", "area-code": "201"}, {"id": "1d36742e3f24f50e4e7ae828018b7432", "number": "2017750761", "date": "2021-01-20 13:30:00", "subject": "0", "recorded-or-robo": "Y", "city": "", "state": "NJ", "area-code": "201"}, {"id": "e81c9350d54f66c6d33b3747eef5500a", "number": "9292426001", "date": "2021-01-23 12:06:00", "subject": "1", "recorded-or-robo": "Y", "city": "", "state": "NY", "area-code": "929"}, {"id": "1d36742e3f24f50e4e7ae828018b7346", "number": "9292426001", "date": "2021-01-23 12:06:00", "subject": "1", "recorded-or-robo": "Y", "city": "", "state": "NY", "area-code": "929"}, {"id": "e81c9350d54f66c6d33b3747eef542d0", "number": "8609811154", "date": "2021-01-22 11:53:00", "subject": "2", "recorded-or-robo": "Y", "city": "bolton", "state": "CT", "area-code": "860"}, {"id": "1d36742e3f24f50e4e7ae828018b6d54", "number": "8609811154", "date": "2021-01-22 11:53:00", "subject": "2", "recorded-or-robo": "Y", "city": "bolton", "state": "CT", "area-code": "860"}, {"id": "e81c9350d54f66c6d33b3747eef53e2f", "number": "2028586511", "date": "2021-01-22 08:27:00", "subject": "11", "recorded-or-robo": "Y", "city": "Denver", "state": "CO", "area-code": "303"}, {"id": "1d36742e3f24f50e4e7ae828018b601d", "number": "2028586511", "date": "2021-01-22 08:27:00", "subject": "11", "recorded-or-robo": "Y", "city": "Denver", "state": "CO", "area-code": "303"}, {"id": "e81c9350d54f66c6d33b3747eef53092", "number": "3612529063", "date": "2021-01-23 12:00:00", "subject": "1", "recorded-or-robo": "Y", "city": "Oakley", "state": "CA", "area-code": "925"}, {"id": "e81c9350d54f66c6d33b3747eef52540", "number": "", "date": "2021-01-23 08:10:00", "subject": "3", "recorded-or-robo": "Y", "city": "stone mountain", "state": "GA", "area-code": "404"}, {"id": "1d36742e3f24f50e4e7ae828018b5259", "number": "3612529063", "date": "2021-01-23 12:00:00", "subject": "1", "recorded-or-robo": "Y", "city": "Oakley", "state": "CA", "area-code": "925"}, {"id": "1d36742e3f24f50e4e7ae828018b4c26", "number": "", "date": "2021-01-23 08:10:00", "subject": "3", "recorded-or-robo": "Y", "city": "stone mountain", "state": "GA", "area-code": "404"}, {"id": "e81c9350d54f66c6d33b3747eef524ff", "number": "9362475168", "date": "2021-01-21 09:25:00", "subject": "0", "recorded-or-robo": "N", "city": "Bishop", "state": "CA", "area-code": "760"}, {"id": "1d36742e3f24f50e4e7ae828018b4ba7", "number": "9362475168", "date": "2021-01-21 09:25:00", "subject": "0", "recorded-or-robo": "N", "city": "Bishop", "state": "CA", "area-code": "760"}, {"id": "e81c9350d54f66c6d33b3747eef51b11", "number": "5124915513", "date": "2021-01-23 11:40:00", "subject": "2", "recorded-or-robo": "Y", "city": "Madison", "state": "GA", "area-code": "706"}, {"id": "1d36742e3f24f50e4e7ae828018b4801", "number": "5124915513", "date": "2021-01-23 11:40:00", "subject": "2", "recorded-or-robo": "Y", "city": "Madison", "state": "GA", "area-code": "706"}, {"id": "e81c9350d54f66c6d33b3747eef512de", "number": "4434923467", "date": "2021-01-22 12:35:00", "subject": "2", "recorded-or-robo": "N", "city": "", "state": "VA", "area-code": "804"}, {"id": "1d36742e3f24f50e4e7ae828018b4059", "number": "4434923467", "date": "2021-01-22 12:35:00", "subject": "2", "recorded-or-robo": "N", "city": "", "state": "VA", "area-code": "804"}, {"id": "e81c9350d54f66c6d33b3747eef50953", "number": "3144952873", "date": "2021-01-22 18:39:00", "subject": "2", "recorded-or-robo": "Y", "city": "University City", "state": "MO", "area-code": "314"}, {"id": "1d36742e3f24f50e4e7ae828018b37aa", "number": "3144952873", "date": "2021-01-22 18:39:00", "subject": "2", "recorded-or-robo": "Y", "city": "University City", "state": "MO", "area-code": "314"}, {"id": "e81c9350d54f66c6d33b3747eef501af", "number": "6602976668", "date": "2021-01-23 11:08:00", "subject": "1", "recorded-or-robo": "Y", "city": "Trenton", "state": "MO", "area-code": "660"}, {"id": "1d36742e3f24f50e4e7ae828018b2a0d", "number": "6602976668", "date": "2021-01-23 11:08:00", "subject": "1", "recorded-or-robo": "Y", "city": "Trenton", "state": "MO", "area-code": "660"}, {"id": "e81c9350d54f66c6d33b3747eef4fab7", "number": "2017750761", "date": "2021-01-20 13:54:00", "subject": "0", "recorded-or-robo": "Y", "city": "", "state": "NJ", "area-code": "201"}, {"id": "1d36742e3f24f50e4e7ae828018b24f5", "number": "2017750761", "date": "2021-01-20 13:54:00", "subject": "0", "recorded-or-robo": "Y", "city": "", "state": "NJ", "area-code": "201"}, {"id": "e81c9350d54f66c6d33b3747eef4f7de", "number": "7163251119", "date": "2021-01-23 12:08:00", "subject": "4", "recorded-or-robo": "Y", "city": "Nanuet", "state": "NY", "area-code": "914"}, {"id": "1d36742e3f24f50e4e7ae828018b2390", "number": "7163251119", "date": "2021-01-23 12:08:00", "subject": "4", "recorded-or-robo": "Y", "city": "Nanuet", "state": "NY", "area-code": "914"}, {"id": "e81c9350d54f66c6d33b3747eef4ea9d", "number": "6514584007", "date": "2021-01-23 11:05:00", "subject": "1", "recorded-or-robo": "Y", "city": "", "state": "MN", "area-code": "651"}]}