{"data": [{"id": "1d36742e3f24f50e4e7ae82801b6cdac", "number": "2624969244", "date": "2021-01-22 13:36:00", "subject": "6", "recorded-or-robo": "Y", "city": "", "state": "CA", "area-code": "805"}, {"id": "3decc6bfadaa436a105714c6ba1f52f7", "number": "8453160039", "date": "2021-01-18 19:42:00", "subject": "3", "recorded-or-robo": "N", "city": "", "state": "NY", "area-code": "845"}, {"id": "1d36742e3f24f50e4e7ae82801b69bf7", "number": "8453160039", "date": "2021-01-18 19:42:00", "subject": "3", "recorded-or-robo": "N", "city": "", "state": "NY", "area-code": "845"}, {"id": "3decc6bfadaa436a105714c6ba1f6539", "number": "4432335779", "date": "2021-01-23 13:31:00", "subject": "4", "recorded-or-robo": "Y", "city": "Brookhaven", "state": "GA", "area-code": "410"}, {"id": "1d36742e3f24f50e4e7ae82801b6c92c", "number": "4432335779", "date": "2021-01-23 13:31:00", "subject": "4", "recorded-or-robo": "Y", "city": "Brookhaven", "state": "GA", "area-code": "410"}, {"id": "3decc6bfadaa436a105714c6ba1f5fa9", "number": "8027649796", "date": "2021-01-23 00:00:00", "subject": "4", "recorded-or-robo": "Y", "city": "", "state": "VT", "area-code": "802"}, {"id": "1d36742e3f24f50e4e7ae82801b6b9db", "number": "8027649796", "date": "2021-01-23 00:00:00", "subject": "4", "recorded-or-robo": "Y", "city": "", "state": "VT", "area-code": "802"}, {"id": "3decc6bfadaa436a105714c6ba1f5d12", "number": "9286716474", "date": "2021-01-22 10:03:00", "subject": "0", "recorded-or-robo": "Y", "city": "", "state": "AZ", "area-code": "928"}, {"id": "1d36742e3f24f50e4e7ae82801b6b0e8", "number": "9286716474", "date": "2021-01-22 10:03:00", "subject": "0", "recorded-or-robo": "Y", "city": "", "state": "AZ", "area-code": "928"}, {"id": "3decc6bfadaa436a105714c6ba74eeea", "number": "+12676591399", "date": "2021-01-23 14:47:10", "subject": "3", "recorded-or-robo": "Y", "city": "", "state": "PA", "area-code": "267"}, {"id": "03e293b3df9e35eadf15c561190b642b", "number": "+12676591399", "date": "2021-01-23 14:47:10", "subject": "3", "recorded-or-robo": "Y", "city": "", "state": "PA", "area-code": "267"}, {"id": "3decc6bfadaa436a105714c6ba1f5cba", "number": "", "date": "2021-01-23 02:43:00", "subject": "1", "recorded-or-robo": "Y", "city": "Dade City", "state": "FL", "area-code": "813"}, {"id": "1d36742e3f24f50e4e7ae82801b6adb8", "number": "", "date": "2021-01-23 02:43:00", "subject": "1", "recorded-or-robo": "Y", "city": "Dade City", "state": "FL", "area-code": "813"}, {"id": "3decc6bfadaa436a105714c6ba74e968", "number": "+12676591404", "date": "2021-01-23 14:46:57", "subject": "3", "recorded-or-robo": "Y", "city": "", "state": "PA", "area-code": "267"}, {"id": "03e293b3df9e35eadf15c561190b5b7c", "number": "+12676591404", "date": "2021-01-23 14:46:57", "subject": "3", "recorded-or-robo": "Y", "city": "", "state": "PA", "area-code": "267"}, {"id": "3decc6bfadaa436a105714c6ba1f572c", "number": "8283958244", "date": "2021-01-23 14:44:00", "subject": "2", "recorded-or-robo": "Y", "city": "miami", "state": "FL", "area-code": "786"}, {"id": "1d36742e3f24f50e4e7ae82801b6a6ad", "number": "8283958244", "date": "2021-01-23 14:44:00", "subject": "2", "recorded-or-robo": "Y", "city": "miami", "state": "FL", "area-code": "786"}, {"id": "3decc6bfadaa436a105714c6ba1f471b", "number": "8884705720", "date": "2021-01-22 11:42:00", "subject": "0", "recorded-or-robo": "Y", "city": "", "state": "AZ", "area-code": "928"}, {"id": "1d36742e3f24f50e4e7ae82801b68ccf", "number": "8884705720", "date": "2021-01-22 11:42:00", "subject": "0", "recorded-or-robo": "Y", "city": "", "state": "AZ", "area-code": "928"}, {"id": "3decc6bfadaa436a105714c6ba1f3722", "number": "4322587975", "date": "2021-01-23 09:06:00", "subject": "3", "recorded-or-robo": "N", "city": "Austin", "state": "TX", "area-code": "512"}, {"id": "1d36742e3f24f50e4e7ae82801b68089", "number": "4322587975", "date": "2021-01-23 09:06:00", "subject": "3", "recorded-or-robo": "N", "city": "Austin", "state": "TX", "area-code": "512"}, {"id": "3decc6bfadaa436a105714c6ba74d8a0", "number": "6012066039", "date": "2021-01-23 14:46:33", "subject": "3", "recorded-or-robo": "Y", "city": "", "state": "MS", "area-code": "601"}, {"id": "03e293b3df9e35eadf15c561190b4097", "number": "6012066039", "date": "2021-01-23 14:46:33", "subject": "3", "recorded-or-robo": "Y", "city": "", "state": "MS", "area-code": "601"}, {"id": "3decc6bfadaa436a105714c6ba74e195", "number": "6012066039", "date": "2021-01-23 14:46:32", "subject": "3", "recorded-or-robo": "Y", "city": "", "state": "MS", "area-code": "601"}, {"id": "03e293b3df9e35eadf15c561190b53aa", "number": "6012066039", "date": "2021-01-23 14:46:32", "subject": "3", "recorded-or-robo": "Y", "city": "", "state": "MS", "area-code": "601"}, {"id": "3decc6bfadaa436a105714c6ba1f34e4", "number": "9493637875", "date": "2021-01-23 11:29:00", "subject": "2", "recorded-or-robo": "Y", "city": "Laguna Niguel", "state": "CA", "area-code": "949"}, {"id": "1d36742e3f24f50e4e7ae82801b672f3", "number": "9493637875", "date": "2021-01-23 11:29:00", "subject": "2", "recorded-or-robo": "Y", "city": "Laguna Niguel", "state": "CA", "area-code": "949"}, {"id": "3decc6bfadaa436a105714c6ba1f2551", "number": "4093926636", "date": "2021-01-23 00:00:00", "subject": "11", "recorded-or-robo": "Y", "city": "galveston", "state": "TX", "area-code": "409"}, {"id": "1d36742e3f24f50e4e7ae82801b666bd", "number": "4093926636", "date": "2021-01-23 00:00:00", "subject": "11", "recorded-or-robo": "Y", "city": "galveston", "state": "TX", "area-code": "409"}, {"id": "3decc6bfadaa436a105714c6ba1f1b93", "number": "7342281547", "date": "2021-01-10 11:44:00", "subject": "2", "recorded-or-robo": "N", "city": "", "state": "MI", "area-code": "734"}, {"id": "1d36742e3f24f50e4e7ae82801b65a71", "number": "7342281547", "date": "2021-01-10 11:44:00", "subject": "2", "recorded-or-robo": "N", "city": "", "state": "MI", "area-code": "734"}, {"id": "3decc6bfadaa436a105714c6ba1f0d38", "number": "8137759882", "date": "2021-01-23 14:43:00", "subject": "7", "recorded-or-robo": "Y", "city": "Tampa", "state": "FL", "area-code": "813"}, {"id": "1d36742e3f24f50e4e7ae82801b65463", "number": "8137759882", "date": "2021-01-23 14:43:00", "subject": "7", "recorded-or-robo": "Y", "city": "Tampa", "state": "FL", "area-code": "813"}, {"id": "3decc6bfadaa436a105714c6ba1f041c", "number": "6029625080", "date": "2021-01-22 13:49:00", "subject": "0", "recorded-or-robo": "Y", "city": "", "state": "AZ", "area-code": "928"}, {"id": "1d36742e3f24f50e4e7ae82801b65312", "number": "6029625080", "date": "2021-01-22 13:49:00", "subject": "0", "recorded-or-robo": "Y", "city": "", "state": "AZ", "area-code": "928"}, {"id": "3decc6bfadaa436a105714c6ba1ef520", "number": "5139734065", "date": "2021-01-23 14:40:00", "subject": "0", "recorded-or-robo": "Y", "city": "", "state": "OH", "area-code": "513"}, {"id": "1d36742e3f24f50e4e7ae82801b6528e", "number": "5139734065", "date": "2021-01-23 14:40:00", "subject": "0", "recorded-or-robo": "Y", "city": "", "state": "OH", "area-code": "513"}, {"id": "3decc6bfadaa436a105714c6ba1ef42a", "number": "4106201664", "date": "2021-01-23 13:30:00", "subject": "1", "recorded-or-robo": "Y", "city": "Canyon Lake", "state": "TX", "area-code": "830"}, {"id": "1d36742e3f24f50e4e7ae82801b64f92", "number": "4106201664", "date": "2021-01-23 13:30:00", "subject": "1", "recorded-or-robo": "Y", "city": "Canyon Lake", "state": "TX", "area-code": "830"}, {"id": "3decc6bfadaa436a105714c6ba1ee89c", "number": "2145057319", "date": "2021-01-23 12:24:00", "subject": "2", "recorded-or-robo": "N", "city": "Oklahoma City", "state": "OK", "area-code": "405"}, {"id": "1d36742e3f24f50e4e7ae82801b64cb1", "number": "2145057319", "date": "2021-01-23 12:24:00", "subject": "2", "recorded-or-robo": "N", "city": "Oklahoma City", "state": "OK", "area-code": "405"}, {"id": "3decc6bfadaa436a105714c6ba1ee52b", "number": "7179903892", "date": "2021-01-23 14:34:00", "subject": "2", "recorded-or-robo": "Y", "city": "", "state": "PA", "area-code": "717"}, {"id": "1d36742e3f24f50e4e7ae82801b63cc4", "number": "7179903892", "date": "2021-01-23 14:34:00", "subject": "2", "recorded-or-robo": "Y", "city": "", "state": "PA", "area-code": "717"}, {"id": "3decc6bfadaa436a105714c6ba74dd88", "number": "8722762016", "date": "2021-01-23 14:45:42", "subject": "3", "recorded-or-robo": "N", "city": "", "state": "TX", "area-code": "210"}, {"id": "3decc6bfadaa436a105714c6ba1ed77d", "number": "6077256044", "date": "2021-01-23 13:01:00", "subject": "3", "recorded-or-robo": "Y", "city": "binghamton", "state": "NY", "area-code": "607"}, {"id": "1d36742e3f24f50e4e7ae82801b6311a", "number": "6077256044", "date": "2021-01-23 13:01:00", "subject": "3", "recorded-or-robo": "Y", "city": "binghamton", "state": "NY", "area-code": "607"}, {"id": "03e293b3df9e35eadf15c561190b445b", "number": "8722762016", "date": "2021-01-23 14:45:42", "subject": "3", "recorded-or-robo": "N", "city": "", "state": "TX", "area-code": "210"}, {"id": "3decc6bfadaa436a105714c6ba1ec21d", "number": "8135635071", "date": "2021-01-19 13:08:00", "subject": "3", "recorded-or-robo": "N", "city": "", "state": "NY", "area-code": "845"}, {"id": "1d36742e3f24f50e4e7ae82801b60d8c", "number": "8135635071", "date": "2021-01-19 13:08:00", "subject": "3", "recorded-or-robo": "N", "city": "", "state": "NY", "area-code": "845"}, {"id": "3decc6bfadaa436a105714c6ba1ed5f7", "number": "2132621323", "date": "2021-01-23 09:05:00", "subject": "1", "recorded-or-robo": "N", "city": "Fullerton", "state": "CA", "area-code": "714"}]}