{"data": [{"id": "1d36742e3f24f50e4e7ae82801772f9e", "number": "7633093044", "date": "2021-01-20 13:15:00", "subject": "4", "recorded-or-robo": "Y", "city": "Maple Grove", "state": "MN", "area-code": "763"}, {"id": "e81c9350d54f66c6d33b3747eee1dfd7", "number": "", "date": "2021-01-23 12:00:00", "subject": "1", "recorded-or-robo": "Y", "city": "West Newton", "state": "PA", "area-code": "724"}, {"id": "1d36742e3f24f50e4e7ae82801772728", "number": "", "date": "2021-01-23 12:00:00", "subject": "1", "recorded-or-robo": "Y", "city": "West Newton", "state": "PA", "area-code": "724"}, {"id": "e81c9350d54f66c6d33b3747eee1d9f0", "number": "2133388109", "date": "2021-01-23 10:52:00", "subject": "2", "recorded-or-robo": "Y", "city": "Dublin", "state": "OH", "area-code": "614"}, {"id": "1d36742e3f24f50e4e7ae82801771a24", "number": "2133388109", "date": "2021-01-23 10:52:00", "subject": "2", "recorded-or-robo": "Y", "city": "Dublin", "state": "OH", "area-code": "614"}, {"id": "e81c9350d54f66c6d33b3747eee1cd0e", "number": "", "date": "2021-01-23 09:25:00", "subject": "1", "recorded-or-robo": "Y", "city": "Frisco", "state": "TX", "area-code": "484"}, {"id": "e81c9350d54f66c6d33b3747eee1cb5a", "number": "", "date": "2021-01-23 10:53:00", "subject": "2", "recorded-or-robo": "Y", "city": "Dallas", "state": "GA", "area-code": "770"}, {"id": "1d36742e3f24f50e4e7ae82801771280", "number": "", "date": "2021-01-23 09:25:00", "subject": "1", "recorded-or-robo": "Y", "city": "Frisco", "state": "TX", "area-code": "484"}, {"id": "1d36742e3f24f50e4e7ae8280177105c", "number": "", "date": "2021-01-23 10:53:00", "subject": "2", "recorded-or-robo": "Y", "city": "Dallas", "state": "GA", "area-code": "770"}, {"id": "e81c9350d54f66c6d33b3747eee1c88c", "number": "5024635566", "date": "2021-01-23 10:34:00", "subject": "2", "recorded-or-robo": "Y", "city": "Louisville", "state": "KY", "area-code": "502"}, {"id": "1d36742e3f24f50e4e7ae8280177094b", "number": "5024635566", "date": "2021-01-23 10:34:00", "subject": "2", "recorded-or-robo": "Y", "city": "Louisville", "state": "KY", "area-code": "502"}, {"id": "e81c9350d54f66c6d33b3747eee1be25", "number": "3019361248", "date": "2021-01-17 20:26:00", "subject": "2", "recorded-or-robo": "Y", "city": "Bethesda", "state": "MD", "area-code": "301"}, {"id": "1d36742e3f24f50e4e7ae8280176f98e", "number": "3019361248", "date": "2021-01-17 20:26:00", "subject": "2", "recorded-or-robo": "Y", "city": "Bethesda", "state": "MD", "area-code": "301"}, {"id": "e81c9350d54f66c6d33b3747eee1aed5", "number": "6145643565", "date": "2021-01-23 07:52:00", "subject": "3", "recorded-or-robo": "Y", "city": "", "state": "MT", "area-code": "406"}, {"id": "1d36742e3f24f50e4e7ae8280176ea4e", "number": "6145643565", "date": "2021-01-23 07:52:00", "subject": "3", "recorded-or-robo": "Y", "city": "", "state": "MT", "area-code": "406"}, {"id": "e81c9350d54f66c6d33b3747eee1a8c5", "number": "4107296809", "date": "2021-01-20 16:00:00", "subject": "0", "recorded-or-robo": "N", "city": "Salisbury", "state": "MD", "area-code": "410"}, {"id": "1d36742e3f24f50e4e7ae8280176da6a", "number": "4107296809", "date": "2021-01-20 16:00:00", "subject": "0", "recorded-or-robo": "N", "city": "Salisbury", "state": "MD", "area-code": "410"}, {"id": "e81c9350d54f66c6d33b3747eee1a06c", "number": "6825976431", "date": "2021-01-23 09:55:00", "subject": "6", "recorded-or-robo": "Y", "city": "", "state": "TX", "area-code": "512"}, {"id": "1d36742e3f24f50e4e7ae8280176d186", "number": "6825976431", "date": "2021-01-23 09:55:00", "subject": "6", "recorded-or-robo": "Y", "city": "", "state": "TX", "area-code": "512"}, {"id": "e81c9350d54f66c6d33b3747eee19465", "number": "8557077328", "date": "2021-01-22 10:43:00", "subject": "7", "recorded-or-robo": "N", "city": "Cary", "state": "NC", "area-code": "919"}, {"id": "1d36742e3f24f50e4e7ae8280176c2db", "number": "8557077328", "date": "2021-01-22 10:43:00", "subject": "7", "recorded-or-robo": "N", "city": "Cary", "state": "NC", "area-code": "919"}, {"id": "e81c9350d54f66c6d33b3747eee18cc1", "number": "6516661214", "date": "2021-01-20 19:43:00", "subject": "2", "recorded-or-robo": "Y", "city": "Maple Grove", "state": "MN", "area-code": "763"}, {"id": "1d36742e3f24f50e4e7ae8280176bedf", "number": "6516661214", "date": "2021-01-20 19:43:00", "subject": "2", "recorded-or-robo": "Y", "city": "Maple Grove", "state": "MN", "area-code": "763"}, {"id": "e81c9350d54f66c6d33b3747eee18869", "number": "7342281557", "date": "2021-01-23 10:55:00", "subject": "3", "recorded-or-robo": "Y", "city": "", "state": "MI", "area-code": "248"}, {"id": "1d36742e3f24f50e4e7ae8280176b3f2", "number": "7342281557", "date": "2021-01-23 10:55:00", "subject": "3", "recorded-or-robo": "Y", "city": "", "state": "MI", "area-code": "248"}, {"id": "e81c9350d54f66c6d33b3747eee17a54", "number": "7578677464", "date": "2021-01-23 10:19:00", "subject": "1", "recorded-or-robo": "Y", "city": "Newport News", "state": "VA", "area-code": "757"}, {"id": "1d36742e3f24f50e4e7ae8280176a719", "number": "7578677464", "date": "2021-01-23 10:19:00", "subject": "1", "recorded-or-robo": "Y", "city": "Newport News", "state": "VA", "area-code": "757"}, {"id": "e81c9350d54f66c6d33b3747eee16ad2", "number": "7086296516", "date": "2021-01-23 09:01:00", "subject": "6", "recorded-or-robo": "N", "city": "Schaumburg", "state": "IL", "area-code": "630"}, {"id": "1d36742e3f24f50e4e7ae82801769cf3", "number": "7086296516", "date": "2021-01-23 09:01:00", "subject": "6", "recorded-or-robo": "N", "city": "Schaumburg", "state": "IL", "area-code": "630"}, {"id": "e81c9350d54f66c6d33b3747eee1660f", "number": "8503601043", "date": "2021-01-23 10:50:00", "subject": "4", "recorded-or-robo": "Y", "city": "Hampton", "state": "VA", "area-code": "850"}, {"id": "1d36742e3f24f50e4e7ae8280176925f", "number": "8503601043", "date": "2021-01-23 10:50:00", "subject": "4", "recorded-or-robo": "Y", "city": "Hampton", "state": "VA", "area-code": "850"}, {"id": "e81c9350d54f66c6d33b3747eee160c6", "number": "3034691708", "date": "2021-01-22 13:33:00", "subject": "5", "recorded-or-robo": "Y", "city": "Broomfield", "state": "CO", "area-code": "303"}, {"id": "1d36742e3f24f50e4e7ae82801768a2a", "number": "3034691708", "date": "2021-01-22 13:33:00", "subject": "5", "recorded-or-robo": "Y", "city": "Broomfield", "state": "CO", "area-code": "303"}, {"id": "e81c9350d54f66c6d33b3747eee15527", "number": "8882474080", "date": "2021-01-22 17:04:00", "subject": "3", "recorded-or-robo": "Y", "city": "", "state": "MI", "area-code": "248"}, {"id": "1d36742e3f24f50e4e7ae82801767e9a", "number": "8882474080", "date": "2021-01-22 17:04:00", "subject": "3", "recorded-or-robo": "Y", "city": "", "state": "MI", "area-code": "248"}, {"id": "e81c9350d54f66c6d33b3747eee14fca", "number": "5808950917", "date": "2021-01-22 09:05:00", "subject": "4", "recorded-or-robo": "Y", "city": "Clinton", "state": "OK", "area-code": "580"}, {"id": "1d36742e3f24f50e4e7ae828017676e2", "number": "5808950917", "date": "2021-01-22 09:05:00", "subject": "4", "recorded-or-robo": "Y", "city": "Clinton", "state": "OK", "area-code": "580"}, {"id": "e81c9350d54f66c6d33b3747eee149d9", "number": "3132848073", "date": "2021-01-23 09:45:00", "subject": "2", "recorded-or-robo": "N", "city": "Rhinelander", "state": "WI", "area-code": "906"}, {"id": "1d36742e3f24f50e4e7ae82801766b32", "number": "3132848073", "date": "2021-01-23 09:45:00", "subject": "2", "recorded-or-robo": "N", "city": "Rhinelander", "state": "WI", "area-code": "906"}, {"id": "e81c9350d54f66c6d33b3747eee13bfd", "number": "4012143844", "date": "2021-01-23 10:35:00", "subject": "1", "recorded-or-robo": "N", "city": "Waterbury", "state": "CT", "area-code": "203"}, {"id": "e81c9350d54f66c6d33b3747eee1362c", "number": "6077622390", "date": "2021-01-23 00:41:00", "subject": "3", "recorded-or-robo": "", "city": "", "state": "NY", "area-code": "607"}, {"id": "1d36742e3f24f50e4e7ae82801766645", "number": "4012143844", "date": "2021-01-23 10:35:00", "subject": "1", "recorded-or-robo": "N", "city": "Waterbury", "state": "CT", "area-code": "203"}, {"id": "1d36742e3f24f50e4e7ae8280176613b", "number": "6077622390", "date": "2021-01-23 00:41:00", "subject": "3", "recorded-or-robo": "", "city": "", "state": "NY", "area-code": "607"}, {"id": "e81c9350d54f66c6d33b3747eee135b4", "number": "4806807198", "date": "2021-01-23 08:51:00", "subject": "12", "recorded-or-robo": "Y", "city": "phoenix", "state": "AZ", "area-code": "602"}, {"id": "1d36742e3f24f50e4e7ae8280176611f", "number": "4806807198", "date": "2021-01-23 08:51:00", "subject": "12", "recorded-or-robo": "Y", "city": "phoenix", "state": "AZ", "area-code": "602"}, {"id": "e81c9350d54f66c6d33b3747eee1326b", "number": "4842146343", "date": "2021-01-23 10:20:00", "subject": "2", "recorded-or-robo": "Y", "city": "King of Prussia", "state": "PA", "area-code": "484"}, {"id": "1d36742e3f24f50e4e7ae82801765966", "number": "4842146343", "date": "2021-01-23 10:20:00", "subject": "2", "recorded-or-robo": "Y", "city": "King of Prussia", "state": "PA", "area-code": "484"}, {"id": "e81c9350d54f66c6d33b3747eee122fe", "number": "2029604491", "date": "2021-01-23 09:33:00", "subject": "2", "recorded-or-robo": "Y", "city": "Silver Spring", "state": "MD", "area-code": "301"}, {"id": "1d36742e3f24f50e4e7ae828017657f4", "number": "2029604491", "date": "2021-01-23 09:33:00", "subject": "2", "recorded-or-robo": "Y", "city": "Silver Spring", "state": "MD", "area-code": "301"}, {"id": "e81c9350d54f66c6d33b3747eee11cd3", "number": "3013079986", "date": "2021-01-18 11:13:00", "subject": "2", "recorded-or-robo": "Y", "city": "Bethesda", "state": "MD", "area-code": "301"}]}