{"data": [{"id": "1d36742e3f24f50e4e7ae82801938a89", "number": "8102120638", "date": "2021-01-23 08:24:00", "subject": "2", "recorded-or-robo": "Y", "city": "Sonoma", "state": "CA", "area-code": "707"}, {"id": "e81c9350d54f66c6d33b3747eefc7beb", "number": "7133459737", "date": "2021-01-22 11:45:00", "subject": "2", "recorded-or-robo": "Y", "city": "", "state": "TX", "area-code": "832"}, {"id": "e81c9350d54f66c6d33b3747eefc7739", "number": "7278693452", "date": "2021-01-23 12:03:00", "subject": "11", "recorded-or-robo": "Y", "city": "Hudson", "state": "FL", "area-code": "727"}, {"id": "1d36742e3f24f50e4e7ae82801937e52", "number": "7133459737", "date": "2021-01-22 11:45:00", "subject": "2", "recorded-or-robo": "Y", "city": "", "state": "TX", "area-code": "832"}, {"id": "1d36742e3f24f50e4e7ae8280193789c", "number": "7278693452", "date": "2021-01-23 12:03:00", "subject": "11", "recorded-or-robo": "Y", "city": "Hudson", "state": "FL", "area-code": "727"}, {"id": "e81c9350d54f66c6d33b3747eefc6d56", "number": "7184939889", "date": "2021-01-22 18:55:00", "subject": "1", "recorded-or-robo": "Y", "city": "queens", "state": "NY", "area-code": "718"}, {"id": "1d36742e3f24f50e4e7ae82801936a45", "number": "7184939889", "date": "2021-01-22 18:55:00", "subject": "1", "recorded-or-robo": "Y", "city": "queens", "state": "NY", "area-code": "718"}, {"id": "e81c9350d54f66c6d33b3747eefc6477", "number": "3192899283", "date": "2021-01-23 11:15:00", "subject": "15", "recorded-or-robo": "Y", "city": "Cedar Rapids", "state": "IA", "area-code": "972"}, {"id": "1d36742e3f24f50e4e7ae82801936732", "number": "3192899283", "date": "2021-01-23 11:15:00", "subject": "15", "recorded-or-robo": "Y", "city": "Cedar Rapids", "state": "IA", "area-code": "972"}, {"id": "e81c9350d54f66c6d33b3747eefc5bf0", "number": "3144239906", "date": "2021-01-23 09:46:00", "subject": "0", "recorded-or-robo": "Y", "city": "", "state": "MO", "area-code": "314"}, {"id": "1d36742e3f24f50e4e7ae8280193611f", "number": "3144239906", "date": "2021-01-23 09:46:00", "subject": "0", "recorded-or-robo": "Y", "city": "", "state": "MO", "area-code": "314"}, {"id": "e81c9350d54f66c6d33b3747eefc4cf0", "number": "5748351740", "date": "2021-01-23 10:32:00", "subject": "11", "recorded-or-robo": "Y", "city": "Rochester", "state": "IN", "area-code": "574"}, {"id": "1d36742e3f24f50e4e7ae828019360f2", "number": "5748351740", "date": "2021-01-23 10:32:00", "subject": "11", "recorded-or-robo": "Y", "city": "Rochester", "state": "IN", "area-code": "574"}, {"id": "e81c9350d54f66c6d33b3747eefc4b9f", "number": "5802467412", "date": "2021-01-19 09:10:00", "subject": "2", "recorded-or-robo": "N", "city": "OK", "state": "OK", "area-code": "580"}, {"id": "1d36742e3f24f50e4e7ae8280193570a", "number": "5802467412", "date": "2021-01-19 09:10:00", "subject": "2", "recorded-or-robo": "N", "city": "OK", "state": "OK", "area-code": "580"}, {"id": "e81c9350d54f66c6d33b3747eefc3fbe", "number": "3128297676", "date": "2021-01-20 14:17:00", "subject": "0", "recorded-or-robo": "Y", "city": "", "state": "IL", "area-code": "847"}, {"id": "1d36742e3f24f50e4e7ae82801934e07", "number": "3128297676", "date": "2021-01-20 14:17:00", "subject": "0", "recorded-or-robo": "Y", "city": "", "state": "IL", "area-code": "847"}, {"id": "e81c9350d54f66c6d33b3747eefc39e0", "number": "8706007077", "date": "2021-01-22 10:58:00", "subject": "4", "recorded-or-robo": "Y", "city": "Canton", "state": "IL", "area-code": "309"}, {"id": "1d36742e3f24f50e4e7ae82801933e4d", "number": "8706007077", "date": "2021-01-22 10:58:00", "subject": "4", "recorded-or-robo": "Y", "city": "Canton", "state": "IL", "area-code": "309"}, {"id": "e81c9350d54f66c6d33b3747eefc3353", "number": "6304367620", "date": "2021-01-20 13:36:00", "subject": "2", "recorded-or-robo": "Y", "city": "Santa Cruz", "state": "CA", "area-code": "208"}, {"id": "1d36742e3f24f50e4e7ae82801933046", "number": "6304367620", "date": "2021-01-20 13:36:00", "subject": "2", "recorded-or-robo": "Y", "city": "Santa Cruz", "state": "CA", "area-code": "208"}, {"id": "e81c9350d54f66c6d33b3747eefc32c3", "number": "7184939889", "date": "2021-01-22 19:08:00", "subject": "5", "recorded-or-robo": "Y", "city": "queens", "state": "NY", "area-code": "718"}, {"id": "1d36742e3f24f50e4e7ae82801932b0a", "number": "7184939889", "date": "2021-01-22 19:08:00", "subject": "5", "recorded-or-robo": "Y", "city": "queens", "state": "NY", "area-code": "718"}, {"id": "e81c9350d54f66c6d33b3747eefc3245", "number": "7702495976", "date": "2021-01-22 13:20:00", "subject": "2", "recorded-or-robo": "Y", "city": "CHESTERFIELD", "state": "VA", "area-code": "804"}, {"id": "1d36742e3f24f50e4e7ae82801932a0c", "number": "7702495976", "date": "2021-01-22 13:20:00", "subject": "2", "recorded-or-robo": "Y", "city": "CHESTERFIELD", "state": "VA", "area-code": "804"}, {"id": "e81c9350d54f66c6d33b3747eefc2b3e", "number": "7278695226", "date": "2021-01-23 12:03:00", "subject": "11", "recorded-or-robo": "Y", "city": "Hudson", "state": "FL", "area-code": "727"}, {"id": "1d36742e3f24f50e4e7ae82801931ea9", "number": "7278695226", "date": "2021-01-23 12:03:00", "subject": "11", "recorded-or-robo": "Y", "city": "Hudson", "state": "FL", "area-code": "727"}, {"id": "e81c9350d54f66c6d33b3747eefc25e5", "number": "5866005038", "date": "2021-01-22 15:39:00", "subject": "6", "recorded-or-robo": "N", "city": "Allenton", "state": "MI", "area-code": "810"}, {"id": "e81c9350d54f66c6d33b3747eefc1cc7", "number": "", "date": "2021-01-23 00:38:00", "subject": "5", "recorded-or-robo": "N", "city": "Miami", "state": "FL", "area-code": "305"}, {"id": "1d36742e3f24f50e4e7ae82801931716", "number": "5866005038", "date": "2021-01-22 15:39:00", "subject": "6", "recorded-or-robo": "N", "city": "Allenton", "state": "MI", "area-code": "810"}, {"id": "1d36742e3f24f50e4e7ae82801930c68", "number": "", "date": "2021-01-23 00:38:00", "subject": "5", "recorded-or-robo": "N", "city": "Miami", "state": "FL", "area-code": "305"}, {"id": "e81c9350d54f66c6d33b3747eefc12c3", "number": "6628426461", "date": "2021-01-23 10:44:00", "subject": "1", "recorded-or-robo": "N", "city": "PARKLAND", "state": "FL", "area-code": "662"}, {"id": "1d36742e3f24f50e4e7ae828019300e0", "number": "6628426461", "date": "2021-01-23 10:44:00", "subject": "1", "recorded-or-robo": "N", "city": "PARKLAND", "state": "FL", "area-code": "662"}, {"id": "e81c9350d54f66c6d33b3747eefc0fcc", "number": "8603931466", "date": "2021-01-19 13:51:00", "subject": "2", "recorded-or-robo": "Y", "city": "Venice.", "state": "CT", "area-code": "860"}, {"id": "1d36742e3f24f50e4e7ae8280192f8b1", "number": "8603931466", "date": "2021-01-19 13:51:00", "subject": "2", "recorded-or-robo": "Y", "city": "Venice.", "state": "CT", "area-code": "860"}, {"id": "e81c9350d54f66c6d33b3747eefc0b82", "number": "8475771863", "date": "2021-01-21 12:02:00", "subject": "2", "recorded-or-robo": "Y", "city": "", "state": "IL", "area-code": "847"}, {"id": "1d36742e3f24f50e4e7ae8280192ee2a", "number": "8475771863", "date": "2021-01-21 12:02:00", "subject": "2", "recorded-or-robo": "Y", "city": "", "state": "IL", "area-code": "847"}, {"id": "e81c9350d54f66c6d33b3747eefc08ff", "number": "6812334088", "date": "2021-01-23 12:25:00", "subject": "2", "recorded-or-robo": "Y", "city": "", "state": "NY", "area-code": "914"}, {"id": "1d36742e3f24f50e4e7ae8280192e57b", "number": "6812334088", "date": "2021-01-23 12:25:00", "subject": "2", "recorded-or-robo": "Y", "city": "", "state": "NY", "area-code": "914"}, {"id": "e81c9350d54f66c6d33b3747eefc03a8", "number": "3056026247", "date": "2021-01-23 09:37:00", "subject": "2", "recorded-or-robo": "Y", "city": "", "state": "CA", "area-code": "786"}, {"id": "1d36742e3f24f50e4e7ae8280192e27a", "number": "3056026247", "date": "2021-01-23 09:37:00", "subject": "2", "recorded-or-robo": "Y", "city": "", "state": "CA", "area-code": "786"}, {"id": "e81c9350d54f66c6d33b3747eefbfb58", "number": "2088177854", "date": "2021-01-20 08:02:00", "subject": "2", "recorded-or-robo": "Y", "city": "Santa Cruz", "state": "CA", "area-code": "208"}, {"id": "1d36742e3f24f50e4e7ae8280192da52", "number": "2088177854", "date": "2021-01-20 08:02:00", "subject": "2", "recorded-or-robo": "Y", "city": "Santa Cruz", "state": "CA", "area-code": "208"}, {"id": "e81c9350d54f66c6d33b3747eefbf100", "number": "2242591803", "date": "2021-01-23 11:00:00", "subject": "2", "recorded-or-robo": "N", "city": "Dekalb", "state": "IL", "area-code": "224"}, {"id": "1d36742e3f24f50e4e7ae8280192d234", "number": "2242591803", "date": "2021-01-23 11:00:00", "subject": "2", "recorded-or-robo": "N", "city": "Dekalb", "state": "IL", "area-code": "224"}, {"id": "e81c9350d54f66c6d33b3747eefbe890", "number": "7187811336", "date": "2021-01-22 19:08:00", "subject": "3", "recorded-or-robo": "Y", "city": "queens", "state": "NY", "area-code": "718"}, {"id": "e81c9350d54f66c6d33b3747eefbe381", "number": "8382013093", "date": "2021-01-18 11:36:00", "subject": "3", "recorded-or-robo": "Y", "city": "", "state": "NV", "area-code": "702"}, {"id": "1d36742e3f24f50e4e7ae8280192ccaa", "number": "7187811336", "date": "2021-01-22 19:08:00", "subject": "3", "recorded-or-robo": "Y", "city": "queens", "state": "NY", "area-code": "718"}, {"id": "1d36742e3f24f50e4e7ae8280192c57a", "number": "8382013093", "date": "2021-01-18 11:36:00", "subject": "3", "recorded-or-robo": "Y", "city": "", "state": "NV", "area-code": "702"}, {"id": "e81c9350d54f66c6d33b3747eefb64c7", "number": "7341809743", "date": "2021-01-23 12:32:00", "subject": "3", "recorded-or-robo": "N", "city": "", "state": "MI", "area-code": "734"}]}