{"data": [{"id": "e81c9350d54f66c6d33b3747eee62a8c", "number": "3159234076", "date": "2021-01-20 08:51:00", "subject": "6", "recorded-or-robo": "N", "city": "Minneapolis", "state": "MN", "area-code": "612"}, {"id": "1d36742e3f24f50e4e7ae828017b7e01", "number": "6672449456", "date": "2021-01-15 00:00:00", "subject": "2", "recorded-or-robo": "N", "city": "El Prado", "state": "NM", "area-code": "410"}, {"id": "1d36742e3f24f50e4e7ae828017b7312", "number": "3159234076", "date": "2021-01-20 08:51:00", "subject": "6", "recorded-or-robo": "N", "city": "Minneapolis", "state": "MN", "area-code": "612"}, {"id": "e81c9350d54f66c6d33b3747eee626cc", "number": "3144958702", "date": "2021-01-22 14:29:00", "subject": "2", "recorded-or-robo": "", "city": "Wildwood", "state": "MO", "area-code": "314"}, {"id": "1d36742e3f24f50e4e7ae828017b6cb5", "number": "3144958702", "date": "2021-01-22 14:29:00", "subject": "2", "recorded-or-robo": "", "city": "Wildwood", "state": "MO", "area-code": "314"}, {"id": "e81c9350d54f66c6d33b3747eee61f80", "number": "8125086791", "date": "2021-01-23 07:11:00", "subject": "2", "recorded-or-robo": "Y", "city": "Menifee", "state": "CA", "area-code": "951"}, {"id": "1d36742e3f24f50e4e7ae828017b6821", "number": "8125086791", "date": "2021-01-23 07:11:00", "subject": "2", "recorded-or-robo": "Y", "city": "Menifee", "state": "CA", "area-code": "951"}, {"id": "e81c9350d54f66c6d33b3747eee61423", "number": "3144951851", "date": "2021-01-22 14:48:00", "subject": "2", "recorded-or-robo": "", "city": "Wildwood", "state": "MO", "area-code": "314"}, {"id": "1d36742e3f24f50e4e7ae828017b642e", "number": "3144951851", "date": "2021-01-22 14:48:00", "subject": "2", "recorded-or-robo": "", "city": "Wildwood", "state": "MO", "area-code": "314"}, {"id": "e81c9350d54f66c6d33b3747eee611ec", "number": "3153641583", "date": "2021-01-22 12:00:00", "subject": "1", "recorded-or-robo": "Y", "city": "Toledo", "state": "OH", "area-code": "567"}, {"id": "1d36742e3f24f50e4e7ae828017b551f", "number": "3153641583", "date": "2021-01-22 12:00:00", "subject": "1", "recorded-or-robo": "Y", "city": "Toledo", "state": "OH", "area-code": "567"}, {"id": "e81c9350d54f66c6d33b3747eee60295", "number": "4123798129", "date": "2021-01-23 11:11:00", "subject": "2", "recorded-or-robo": "", "city": "King of Prussia", "state": "PA", "area-code": "484"}, {"id": "1d36742e3f24f50e4e7ae828017b4bac", "number": "4123798129", "date": "2021-01-23 11:11:00", "subject": "2", "recorded-or-robo": "", "city": "King of Prussia", "state": "PA", "area-code": "484"}, {"id": "e81c9350d54f66c6d33b3747eee5f727", "number": "3152328257", "date": "2021-01-23 12:00:00", "subject": "11", "recorded-or-robo": "Y", "city": "Bristol", "state": "IN", "area-code": "574"}, {"id": "1d36742e3f24f50e4e7ae828017b4a80", "number": "3152328257", "date": "2021-01-23 12:00:00", "subject": "11", "recorded-or-robo": "Y", "city": "Bristol", "state": "IN", "area-code": "574"}, {"id": "e81c9350d54f66c6d33b3747eee5ef06", "number": "3144826697", "date": "2021-01-23 10:12:00", "subject": "1", "recorded-or-robo": "Y", "city": "Saint Louis", "state": "MO", "area-code": "314"}, {"id": "1d36742e3f24f50e4e7ae828017b4563", "number": "3144826697", "date": "2021-01-23 10:12:00", "subject": "1", "recorded-or-robo": "Y", "city": "Saint Louis", "state": "MO", "area-code": "314"}, {"id": "e81c9350d54f66c6d33b3747eee5e24a", "number": "8132109159", "date": "2021-01-20 15:13:00", "subject": "6", "recorded-or-robo": "N", "city": "Minneapolis", "state": "MN", "area-code": "612"}, {"id": "1d36742e3f24f50e4e7ae828017b43ed", "number": "8132109159", "date": "2021-01-20 15:13:00", "subject": "6", "recorded-or-robo": "N", "city": "Minneapolis", "state": "MN", "area-code": "612"}, {"id": "e81c9350d54f66c6d33b3747eee5e095", "number": "3144959666", "date": "2021-01-22 14:53:00", "subject": "2", "recorded-or-robo": "", "city": "Wildwood", "state": "MO", "area-code": "314"}, {"id": "1d36742e3f24f50e4e7ae828017b34b5", "number": "3144959666", "date": "2021-01-22 14:53:00", "subject": "2", "recorded-or-robo": "", "city": "Wildwood", "state": "MO", "area-code": "314"}, {"id": "e81c9350d54f66c6d33b3747eee5d367", "number": "", "date": "2021-01-23 12:00:00", "subject": "1", "recorded-or-robo": "Y", "city": "Canonsburg", "state": "PA", "area-code": "724"}, {"id": "1d36742e3f24f50e4e7ae828017b2749", "number": "", "date": "2021-01-23 12:00:00", "subject": "1", "recorded-or-robo": "Y", "city": "Canonsburg", "state": "PA", "area-code": "724"}, {"id": "e81c9350d54f66c6d33b3747eee5cfbc", "number": "4435658018", "date": "2021-01-14 00:00:00", "subject": "2", "recorded-or-robo": "N", "city": "El Prado", "state": "NM", "area-code": "410"}, {"id": "1d36742e3f24f50e4e7ae828017b19b9", "number": "4435658018", "date": "2021-01-14 00:00:00", "subject": "2", "recorded-or-robo": "N", "city": "El Prado", "state": "NM", "area-code": "410"}, {"id": "e81c9350d54f66c6d33b3747eee5c426", "number": "5512535914", "date": "2021-01-23 09:53:00", "subject": "0", "recorded-or-robo": "", "city": "", "state": "NJ", "area-code": "201"}, {"id": "1d36742e3f24f50e4e7ae828017b1568", "number": "5512535914", "date": "2021-01-23 09:53:00", "subject": "0", "recorded-or-robo": "", "city": "", "state": "NJ", "area-code": "201"}, {"id": "e81c9350d54f66c6d33b3747eee5b8d3", "number": "3144959700", "date": "2021-01-22 14:57:00", "subject": "2", "recorded-or-robo": "", "city": "Wildwood", "state": "MO", "area-code": "314"}, {"id": "1d36742e3f24f50e4e7ae828017b079f", "number": "3144959700", "date": "2021-01-22 14:57:00", "subject": "2", "recorded-or-robo": "", "city": "Wildwood", "state": "MO", "area-code": "314"}, {"id": "e81c9350d54f66c6d33b3747eee5ad41", "number": "3016554987", "date": "2021-01-05 14:55:00", "subject": "2", "recorded-or-robo": "Y", "city": "Bethesda", "state": "MD", "area-code": "301"}, {"id": "1d36742e3f24f50e4e7ae828017afd60", "number": "3016554987", "date": "2021-01-05 14:55:00", "subject": "2", "recorded-or-robo": "Y", "city": "Bethesda", "state": "MD", "area-code": "301"}, {"id": "e81c9350d54f66c6d33b3747eee5a98c", "number": "7279400419", "date": "2021-01-13 00:00:00", "subject": "4", "recorded-or-robo": "Y", "city": "Pasadena", "state": "FL", "area-code": "727"}, {"id": "1d36742e3f24f50e4e7ae828017af3c3", "number": "7279400419", "date": "2021-01-13 00:00:00", "subject": "4", "recorded-or-robo": "Y", "city": "Pasadena", "state": "FL", "area-code": "727"}, {"id": "e81c9350d54f66c6d33b3747eee5a6e9", "number": "2031143204", "date": "2021-01-23 00:00:00", "subject": "7", "recorded-or-robo": "Y", "city": "", "state": "CT", "area-code": "203"}, {"id": "1d36742e3f24f50e4e7ae828017af354", "number": "2031143204", "date": "2021-01-23 00:00:00", "subject": "7", "recorded-or-robo": "Y", "city": "", "state": "CT", "area-code": "203"}, {"id": "e81c9350d54f66c6d33b3747eee5a0ea", "number": "3144951717", "date": "2021-01-22 03:22:00", "subject": "2", "recorded-or-robo": "", "city": "Wildwood", "state": "MO", "area-code": "314"}, {"id": "1d36742e3f24f50e4e7ae828017ae3d9", "number": "3144951717", "date": "2021-01-22 03:22:00", "subject": "2", "recorded-or-robo": "", "city": "Wildwood", "state": "MO", "area-code": "314"}, {"id": "e81c9350d54f66c6d33b3747eee59f87", "number": "3022810366", "date": "2021-01-21 09:00:00", "subject": "6", "recorded-or-robo": "N", "city": "Minneapolis", "state": "MN", "area-code": "612"}, {"id": "1d36742e3f24f50e4e7ae828017adb16", "number": "3022810366", "date": "2021-01-21 09:00:00", "subject": "6", "recorded-or-robo": "N", "city": "Minneapolis", "state": "MN", "area-code": "612"}, {"id": "e81c9350d54f66c6d33b3747eee59bd9", "number": "5134931616", "date": "2021-01-22 15:11:00", "subject": "2", "recorded-or-robo": "Y", "city": "Saint Louis", "state": "MO", "area-code": "314"}, {"id": "1d36742e3f24f50e4e7ae828017ad501", "number": "5134931616", "date": "2021-01-22 15:11:00", "subject": "2", "recorded-or-robo": "Y", "city": "Saint Louis", "state": "MO", "area-code": "314"}, {"id": "e81c9350d54f66c6d33b3747eee59b2b", "number": "6035539375", "date": "2021-01-23 11:04:00", "subject": "2", "recorded-or-robo": "N", "city": "Brunswick", "state": "ME", "area-code": "603"}, {"id": "1d36742e3f24f50e4e7ae828017ac50f", "number": "6035539375", "date": "2021-01-23 11:04:00", "subject": "2", "recorded-or-robo": "N", "city": "Brunswick", "state": "ME", "area-code": "603"}, {"id": "e81c9350d54f66c6d33b3747eee58ff5", "number": "3148681674", "date": "2021-01-23 09:54:00", "subject": "1", "recorded-or-robo": "Y", "city": "St. Louis", "state": "MO", "area-code": "314"}, {"id": "1d36742e3f24f50e4e7ae828017abdb5", "number": "3148681674", "date": "2021-01-23 09:54:00", "subject": "1", "recorded-or-robo": "Y", "city": "St. Louis", "state": "MO", "area-code": "314"}, {"id": "e81c9350d54f66c6d33b3747eee58377", "number": "385449350", "date": "2021-01-22 15:06:00", "subject": "2", "recorded-or-robo": "Y", "city": "", "state": "IA", "area-code": "563"}, {"id": "e81c9350d54f66c6d33b3747eee573b7", "number": "3157376189", "date": "2021-01-23 11:10:00", "subject": "4", "recorded-or-robo": "Y", "city": "Phelps", "state": "NY", "area-code": "315"}, {"id": "1d36742e3f24f50e4e7ae828017ab05f", "number": "385449350", "date": "2021-01-22 15:06:00", "subject": "2", "recorded-or-robo": "Y", "city": "", "state": "IA", "area-code": "563"}, {"id": "1d36742e3f24f50e4e7ae828017aa3e0", "number": "3157376189", "date": "2021-01-23 11:10:00", "subject": "4", "recorded-or-robo": "Y", "city": "Phelps", "state": "NY", "area-code": "315"}, {"id": "e81c9350d54f66c6d33b3747eee5528a", "number": "3304228637", "date": "2021-01-22 18:46:00", "subject": "3", "recorded-or-robo": "N", "city": "", "state": "OH", "area-code": "330"}]}