{"data": [{"id": "1d36742e3f24f50e4e7ae82801a574da", "number": "4019653315", "date": "2021-01-23 11:48:00", "subject": "3", "recorded-or-robo": "N", "city": "", "state": "RI", "area-code": "401"}, {"id": "3decc6bfadaa436a105714c6ba0e7239", "number": "6284321027", "date": "2021-01-22 14:19:00", "subject": "2", "recorded-or-robo": "Y", "city": "Milton", "state": "NH", "area-code": "603"}, {"id": "1d36742e3f24f50e4e7ae82801a5a4db", "number": "6284321027", "date": "2021-01-22 14:19:00", "subject": "2", "recorded-or-robo": "Y", "city": "Milton", "state": "NH", "area-code": "603"}, {"id": "3decc6bfadaa436a105714c6ba0e324f", "number": "4043554889", "date": "2021-01-23 11:28:00", "subject": "3", "recorded-or-robo": "N", "city": "", "state": "GA", "area-code": "404"}, {"id": "1d36742e3f24f50e4e7ae82801a55319", "number": "4043554889", "date": "2021-01-23 11:28:00", "subject": "3", "recorded-or-robo": "N", "city": "", "state": "GA", "area-code": "404"}, {"id": "3decc6bfadaa436a105714c6ba0e6da7", "number": "2082685199", "date": "2021-01-23 12:41:00", "subject": "4", "recorded-or-robo": "Y", "city": "Greenville", "state": "TX", "area-code": "972"}, {"id": "1d36742e3f24f50e4e7ae82801a59395", "number": "2082685199", "date": "2021-01-23 12:41:00", "subject": "4", "recorded-or-robo": "Y", "city": "Greenville", "state": "TX", "area-code": "972"}, {"id": "3decc6bfadaa436a105714c6ba0e636c", "number": "8649161191", "date": "2021-01-07 11:11:00", "subject": "2", "recorded-or-robo": "Y", "city": "Rochester", "state": "MN", "area-code": "507"}, {"id": "1d36742e3f24f50e4e7ae82801a57e39", "number": "8649161191", "date": "2021-01-07 11:11:00", "subject": "2", "recorded-or-robo": "Y", "city": "Rochester", "state": "MN", "area-code": "507"}, {"id": "3decc6bfadaa436a105714c6ba0e5268", "number": "2102539177", "date": "2021-01-23 11:22:00", "subject": "3", "recorded-or-robo": "Y", "city": "", "state": "VA", "area-code": "804"}, {"id": "1d36742e3f24f50e4e7ae82801a5739e", "number": "2102539177", "date": "2021-01-23 11:22:00", "subject": "3", "recorded-or-robo": "Y", "city": "", "state": "VA", "area-code": "804"}, {"id": "3decc6bfadaa436a105714c6ba0e47cb", "number": "4438191939", "date": "2020-12-22 15:45:00", "subject": "0", "recorded-or-robo": "", "city": "", "state": "MD", "area-code": "443"}, {"id": "1d36742e3f24f50e4e7ae82801a56a33", "number": "4438191939", "date": "2020-12-22 15:45:00", "subject": "0", "recorded-or-robo": "", "city": "", "state": "MD", "area-code": "443"}, {"id": "3decc6bfadaa436a105714c6ba0e4436", "number": "4407145751", "date": "2021-01-23 13:29:00", "subject": "2", "recorded-or-robo": "N", "city": "fairview park", "state": "OH", "area-code": "440"}, {"id": "3decc6bfadaa436a105714c6ba0e3d0a", "number": "8018936736", "date": "2020-09-20 12:00:00", "subject": "5", "recorded-or-robo": "N", "city": "Jamaica", "state": "NY", "area-code": "347"}, {"id": "1d36742e3f24f50e4e7ae82801a5600d", "number": "4407145751", "date": "2021-01-23 13:29:00", "subject": "2", "recorded-or-robo": "N", "city": "fairview park", "state": "OH", "area-code": "440"}, {"id": "1d36742e3f24f50e4e7ae82801a55951", "number": "8018936736", "date": "2020-09-20 12:00:00", "subject": "5", "recorded-or-robo": "N", "city": "Jamaica", "state": "NY", "area-code": "347"}, {"id": "3decc6bfadaa436a105714c6ba0e24d5", "number": "", "date": "2021-01-23 10:30:00", "subject": "1", "recorded-or-robo": "Y", "city": "Puyallup", "state": "WA", "area-code": "253"}, {"id": "1d36742e3f24f50e4e7ae82801a54525", "number": "", "date": "2021-01-23 10:30:00", "subject": "1", "recorded-or-robo": "Y", "city": "Puyallup", "state": "WA", "area-code": "253"}, {"id": "3decc6bfadaa436a105714c6ba0e1a4d", "number": "7278698478", "date": "2021-01-23 13:15:00", "subject": "2", "recorded-or-robo": "Y", "city": "Hudson", "state": "FL", "area-code": "727"}, {"id": "1d36742e3f24f50e4e7ae82801a53c6c", "number": "7278698478", "date": "2021-01-23 13:15:00", "subject": "2", "recorded-or-robo": "Y", "city": "Hudson", "state": "FL", "area-code": "727"}, {"id": "3decc6bfadaa436a105714c6ba0e0c94", "number": "", "date": "2021-01-23 13:34:00", "subject": "1", "recorded-or-robo": "Y", "city": "Ridgeway", "state": "VA", "area-code": "571"}, {"id": "1d36742e3f24f50e4e7ae82801a52df5", "number": "", "date": "2021-01-23 13:34:00", "subject": "1", "recorded-or-robo": "Y", "city": "Ridgeway", "state": "VA", "area-code": "571"}, {"id": "3decc6bfadaa436a105714c6ba0e08e4", "number": "2814158299", "date": "2021-01-23 12:40:00", "subject": "1", "recorded-or-robo": "Y", "city": "La Porte", "state": "TX", "area-code": "281"}, {"id": "3decc6bfadaa436a105714c6ba0e0750", "number": "3145183015", "date": "2021-01-12 12:33:00", "subject": "2", "recorded-or-robo": "Y", "city": "St. Louis", "state": "MO", "area-code": "314"}, {"id": "1d36742e3f24f50e4e7ae82801a52373", "number": "2814158299", "date": "2021-01-23 12:40:00", "subject": "1", "recorded-or-robo": "Y", "city": "La Porte", "state": "TX", "area-code": "281"}, {"id": "1d36742e3f24f50e4e7ae82801a51b1b", "number": "3145183015", "date": "2021-01-12 12:33:00", "subject": "2", "recorded-or-robo": "Y", "city": "St. Louis", "state": "MO", "area-code": "314"}, {"id": "3decc6bfadaa436a105714c6ba0df9d3", "number": "4019877492", "date": "2021-01-23 12:17:00", "subject": "3", "recorded-or-robo": "N", "city": "", "state": "RI", "area-code": "401"}, {"id": "1d36742e3f24f50e4e7ae82801a4ef0e", "number": "4019877492", "date": "2021-01-23 12:17:00", "subject": "3", "recorded-or-robo": "N", "city": "", "state": "RI", "area-code": "401"}, {"id": "3decc6bfadaa436a105714c6ba0e04d2", "number": "4437753548", "date": "2020-12-17 12:10:00", "subject": "0", "recorded-or-robo": "", "city": "", "state": "MD", "area-code": "443"}, {"id": "1d36742e3f24f50e4e7ae82801a50c9e", "number": "4437753548", "date": "2020-12-17 12:10:00", "subject": "0", "recorded-or-robo": "", "city": "", "state": "MD", "area-code": "443"}, {"id": "3decc6bfadaa436a105714c6ba0dfc6a", "number": "", "date": "2021-01-21 11:39:00", "subject": "1", "recorded-or-robo": "Y", "city": "St Louis", "state": "MO", "area-code": "314"}, {"id": "1d36742e3f24f50e4e7ae82801a506d1", "number": "", "date": "2021-01-21 11:39:00", "subject": "1", "recorded-or-robo": "Y", "city": "St Louis", "state": "MO", "area-code": "314"}, {"id": "3decc6bfadaa436a105714c6ba0dfc62", "number": "4043554889", "date": "2021-01-23 11:28:00", "subject": "3", "recorded-or-robo": "Y", "city": "", "state": "GA", "area-code": "404"}, {"id": "1d36742e3f24f50e4e7ae82801a4f852", "number": "4043554889", "date": "2021-01-23 11:28:00", "subject": "3", "recorded-or-robo": "Y", "city": "", "state": "GA", "area-code": "404"}, {"id": "3decc6bfadaa436a105714c6ba0def27", "number": "3152328257", "date": "2021-01-23 11:30:00", "subject": "4", "recorded-or-robo": "Y", "city": "Binghamton", "state": "NY", "area-code": "607"}, {"id": "1d36742e3f24f50e4e7ae82801a4e4f6", "number": "3152328257", "date": "2021-01-23 11:30:00", "subject": "4", "recorded-or-robo": "Y", "city": "Binghamton", "state": "NY", "area-code": "607"}, {"id": "3decc6bfadaa436a105714c6ba0de619", "number": "3307346115", "date": "2021-01-23 12:57:00", "subject": "2", "recorded-or-robo": "Y", "city": "Milton", "state": "NH", "area-code": "603"}, {"id": "1d36742e3f24f50e4e7ae82801a4de15", "number": "3307346115", "date": "2021-01-23 12:57:00", "subject": "2", "recorded-or-robo": "Y", "city": "Milton", "state": "NH", "area-code": "603"}, {"id": "3decc6bfadaa436a105714c6ba0ddfcd", "number": "3126947138", "date": "2021-01-23 13:37:00", "subject": "3", "recorded-or-robo": "Y", "city": "", "state": "MA", "area-code": "413"}, {"id": "1d36742e3f24f50e4e7ae82801a4da57", "number": "3126947138", "date": "2021-01-23 13:37:00", "subject": "3", "recorded-or-robo": "Y", "city": "", "state": "MA", "area-code": "413"}, {"id": "3decc6bfadaa436a105714c6ba0dd519", "number": "", "date": "2021-01-23 12:50:00", "subject": "2", "recorded-or-robo": "Y", "city": "TAMPA", "state": "FL", "area-code": "813"}, {"id": "1d36742e3f24f50e4e7ae82801a4d011", "number": "", "date": "2021-01-23 12:50:00", "subject": "2", "recorded-or-robo": "Y", "city": "TAMPA", "state": "FL", "area-code": "813"}, {"id": "3decc6bfadaa436a105714c6ba0dc843", "number": "7207828101", "date": "2021-01-23 10:30:00", "subject": "2", "recorded-or-robo": "N", "city": "Rolling Hills Estates", "state": "CA", "area-code": "213"}, {"id": "1d36742e3f24f50e4e7ae82801a4cb6f", "number": "7207828101", "date": "2021-01-23 10:30:00", "subject": "2", "recorded-or-robo": "N", "city": "Rolling Hills Estates", "state": "CA", "area-code": "213"}, {"id": "3decc6bfadaa436a105714c6ba0dc15b", "number": "4026095706", "date": "2021-01-22 17:27:00", "subject": "2", "recorded-or-robo": "Y", "city": "Waimanalo", "state": "HI", "area-code": "808"}, {"id": "1d36742e3f24f50e4e7ae82801a4c151", "number": "4026095706", "date": "2021-01-22 17:27:00", "subject": "2", "recorded-or-robo": "Y", "city": "Waimanalo", "state": "HI", "area-code": "808"}, {"id": "3decc6bfadaa436a105714c6ba0da504", "number": "4019826541", "date": "2021-01-23 12:22:00", "subject": "3", "recorded-or-robo": "N", "city": "", "state": "RI", "area-code": "401"}, {"id": "1d36742e3f24f50e4e7ae82801a4a8a5", "number": "4019826541", "date": "2021-01-23 12:22:00", "subject": "3", "recorded-or-robo": "N", "city": "", "state": "RI", "area-code": "401"}, {"id": "3decc6bfadaa436a105714c6ba0dbcda", "number": "8665277156", "date": "2021-01-23 12:26:00", "subject": "2", "recorded-or-robo": "Y", "city": "Austin", "state": "TX", "area-code": "561"}]}