{"data": [{"id": "1d36742e3f24f50e4e7ae8280191ef1f", "number": "3144959976", "date": "2021-01-23 11:34:00", "subject": "2", "recorded-or-robo": "Y", "city": "Manchester", "state": "MO", "area-code": "314"}, {"id": "e81c9350d54f66c6d33b3747eefb10d1", "number": "2164960887", "date": "2021-01-23 12:33:00", "subject": "0", "recorded-or-robo": "", "city": "Shaker Heights", "state": "OH", "area-code": "216"}, {"id": "1d36742e3f24f50e4e7ae8280191e450", "number": "2164960887", "date": "2021-01-23 12:33:00", "subject": "0", "recorded-or-robo": "", "city": "Shaker Heights", "state": "OH", "area-code": "216"}, {"id": "e81c9350d54f66c6d33b3747eefb06ac", "number": "8608510507", "date": "2021-01-20 14:24:00", "subject": "2", "recorded-or-robo": "Y", "city": "Venice.", "state": "CT", "area-code": "860"}, {"id": "1d36742e3f24f50e4e7ae8280191d5fd", "number": "8608510507", "date": "2021-01-20 14:24:00", "subject": "2", "recorded-or-robo": "Y", "city": "Venice.", "state": "CT", "area-code": "860"}, {"id": "e81c9350d54f66c6d33b3747eefb02eb", "number": "6674005199", "date": "2021-01-23 00:21:00", "subject": "2", "recorded-or-robo": "Y", "city": "Takoma Park", "state": "MD", "area-code": "301"}, {"id": "1d36742e3f24f50e4e7ae8280191d3d6", "number": "6674005199", "date": "2021-01-23 00:21:00", "subject": "2", "recorded-or-robo": "Y", "city": "Takoma Park", "state": "MD", "area-code": "301"}, {"id": "e81c9350d54f66c6d33b3747eefb026d", "number": "3152328257", "date": "2021-01-23 12:00:00", "subject": "1", "recorded-or-robo": "Y", "city": "", "state": "NY", "area-code": "607"}, {"id": "e81c9350d54f66c6d33b3747eefaf653", "number": "6152668274", "date": "2021-01-23 11:33:00", "subject": "0", "recorded-or-robo": "Y", "city": "Nashville", "state": "TN", "area-code": "615"}, {"id": "1d36742e3f24f50e4e7ae8280191c74a", "number": "3152328257", "date": "2021-01-23 12:00:00", "subject": "1", "recorded-or-robo": "Y", "city": "", "state": "NY", "area-code": "607"}, {"id": "1d36742e3f24f50e4e7ae8280191c351", "number": "6152668274", "date": "2021-01-23 11:33:00", "subject": "0", "recorded-or-robo": "Y", "city": "Nashville", "state": "TN", "area-code": "615"}, {"id": "e81c9350d54f66c6d33b3747eefaf08d", "number": "2083143532", "date": "2021-01-19 08:33:00", "subject": "2", "recorded-or-robo": "Y", "city": "Santa Cruz", "state": "CA", "area-code": "208"}, {"id": "1d36742e3f24f50e4e7ae8280191c1db", "number": "2083143532", "date": "2021-01-19 08:33:00", "subject": "2", "recorded-or-robo": "Y", "city": "Santa Cruz", "state": "CA", "area-code": "208"}, {"id": "e81c9350d54f66c6d33b3747eefae3fd", "number": "", "date": "2021-01-23 09:20:00", "subject": "2", "recorded-or-robo": "Y", "city": "", "state": "WA", "area-code": "206"}, {"id": "1d36742e3f24f50e4e7ae8280191bb23", "number": "", "date": "2021-01-23 09:20:00", "subject": "2", "recorded-or-robo": "Y", "city": "", "state": "WA", "area-code": "206"}, {"id": "e81c9350d54f66c6d33b3747eefa4e6f", "number": "8339542518", "date": "2021-01-22 13:57:00", "subject": "3", "recorded-or-robo": "N", "city": "", "state": "VT", "area-code": "802"}, {"id": "1d36742e3f24f50e4e7ae828019139b2", "number": "8339542518", "date": "2021-01-22 13:57:00", "subject": "3", "recorded-or-robo": "N", "city": "", "state": "VT", "area-code": "802"}, {"id": "e81c9350d54f66c6d33b3747eefae0ad", "number": "5419523125", "date": "2021-01-23 09:31:00", "subject": "0", "recorded-or-robo": "", "city": "Albany", "state": "OR", "area-code": "541"}, {"id": "1d36742e3f24f50e4e7ae8280191b459", "number": "5419523125", "date": "2021-01-23 09:31:00", "subject": "0", "recorded-or-robo": "", "city": "Albany", "state": "OR", "area-code": "541"}, {"id": "e81c9350d54f66c6d33b3747eefad9c2", "number": "5804092938", "date": "2021-01-22 10:11:00", "subject": "2", "recorded-or-robo": "N", "city": "OK", "state": "OK", "area-code": "580"}, {"id": "1d36742e3f24f50e4e7ae8280191af68", "number": "5804092938", "date": "2021-01-22 10:11:00", "subject": "2", "recorded-or-robo": "N", "city": "OK", "state": "OK", "area-code": "580"}, {"id": "e81c9350d54f66c6d33b3747eefad457", "number": "3144863093", "date": "2021-01-23 11:16:00", "subject": "1", "recorded-or-robo": "Y", "city": "Saint Louis", "state": "MO", "area-code": "314"}, {"id": "1d36742e3f24f50e4e7ae8280191aef2", "number": "3144863093", "date": "2021-01-23 11:16:00", "subject": "1", "recorded-or-robo": "Y", "city": "Saint Louis", "state": "MO", "area-code": "314"}, {"id": "e81c9350d54f66c6d33b3747eefac803", "number": "6154062310", "date": "2021-01-22 17:22:00", "subject": "11", "recorded-or-robo": "Y", "city": "", "state": "TN", "area-code": "865"}, {"id": "1d36742e3f24f50e4e7ae8280191ab3e", "number": "6154062310", "date": "2021-01-22 17:22:00", "subject": "11", "recorded-or-robo": "Y", "city": "", "state": "TN", "area-code": "865"}, {"id": "e81c9350d54f66c6d33b3747eefac283", "number": "6503427898", "date": "2021-01-23 09:12:00", "subject": "1", "recorded-or-robo": "Y", "city": "", "state": "CA", "area-code": "650"}, {"id": "e81c9350d54f66c6d33b3747eefac0f6", "number": "5408832482", "date": "2021-01-23 12:29:00", "subject": "0", "recorded-or-robo": "Y", "city": "Blue Ridge", "state": "VA", "area-code": "540"}, {"id": "e81c9350d54f66c6d33b3747eefabc9f", "number": "3109562242", "date": "2021-01-23 10:20:00", "subject": "9", "recorded-or-robo": "Y", "city": "Springfield", "state": "MO", "area-code": "417"}, {"id": "1d36742e3f24f50e4e7ae82801919df0", "number": "6503427898", "date": "2021-01-23 09:12:00", "subject": "1", "recorded-or-robo": "Y", "city": "", "state": "CA", "area-code": "650"}, {"id": "1d36742e3f24f50e4e7ae82801919bd4", "number": "5408832482", "date": "2021-01-23 12:29:00", "subject": "0", "recorded-or-robo": "Y", "city": "Blue Ridge", "state": "VA", "area-code": "540"}, {"id": "1d36742e3f24f50e4e7ae828019193fa", "number": "3109562242", "date": "2021-01-23 10:20:00", "subject": "9", "recorded-or-robo": "Y", "city": "Springfield", "state": "MO", "area-code": "417"}, {"id": "e81c9350d54f66c6d33b3747eefaadc9", "number": "8608496364", "date": "2021-01-20 15:01:00", "subject": "2", "recorded-or-robo": "Y", "city": "Venice.", "state": "CT", "area-code": "860"}, {"id": "1d36742e3f24f50e4e7ae82801919152", "number": "8608496364", "date": "2021-01-20 15:01:00", "subject": "2", "recorded-or-robo": "Y", "city": "Venice.", "state": "CT", "area-code": "860"}, {"id": "e81c9350d54f66c6d33b3747eefaa33d", "number": "3108217736", "date": "2021-01-23 08:55:00", "subject": "1", "recorded-or-robo": "Y", "city": "", "state": "CA", "area-code": "310"}, {"id": "1d36742e3f24f50e4e7ae82801918b86", "number": "3108217736", "date": "2021-01-23 08:55:00", "subject": "1", "recorded-or-robo": "Y", "city": "", "state": "CA", "area-code": "310"}, {"id": "e81c9350d54f66c6d33b3747eefa9af7", "number": "6077976696", "date": "2021-01-23 12:23:00", "subject": "2", "recorded-or-robo": "Y", "city": "Binghamton", "state": "NY", "area-code": "607"}, {"id": "e81c9350d54f66c6d33b3747eefa8fd8", "number": "7278699218", "date": "2021-01-23 12:03:00", "subject": "11", "recorded-or-robo": "Y", "city": "Hudson", "state": "FL", "area-code": "727"}, {"id": "1d36742e3f24f50e4e7ae828019180ed", "number": "6077976696", "date": "2021-01-23 12:23:00", "subject": "2", "recorded-or-robo": "Y", "city": "Binghamton", "state": "NY", "area-code": "607"}, {"id": "1d36742e3f24f50e4e7ae828019173e3", "number": "7278699218", "date": "2021-01-23 12:03:00", "subject": "11", "recorded-or-robo": "Y", "city": "Hudson", "state": "FL", "area-code": "727"}, {"id": "e81c9350d54f66c6d33b3747eefa8836", "number": "9083256137", "date": "2021-01-22 17:52:00", "subject": "4", "recorded-or-robo": "Y", "city": "Roselle Park", "state": "NJ", "area-code": "908"}, {"id": "1d36742e3f24f50e4e7ae82801916ab3", "number": "9083256137", "date": "2021-01-22 17:52:00", "subject": "4", "recorded-or-robo": "Y", "city": "Roselle Park", "state": "NJ", "area-code": "908"}, {"id": "e81c9350d54f66c6d33b3747eefa85d1", "number": "4136748961", "date": "2021-01-21 17:41:00", "subject": "4", "recorded-or-robo": "Y", "city": "", "state": "MA", "area-code": "978"}, {"id": "e81c9350d54f66c6d33b3747eefa83ad", "number": "3152328257", "date": "2021-01-22 10:00:00", "subject": "1", "recorded-or-robo": "Y", "city": "", "state": "MO", "area-code": "314"}, {"id": "1d36742e3f24f50e4e7ae82801916a4a", "number": "4136748961", "date": "2021-01-21 17:41:00", "subject": "4", "recorded-or-robo": "Y", "city": "", "state": "MA", "area-code": "978"}, {"id": "1d36742e3f24f50e4e7ae82801916873", "number": "3152328257", "date": "2021-01-22 10:00:00", "subject": "1", "recorded-or-robo": "Y", "city": "", "state": "MO", "area-code": "314"}, {"id": "e81c9350d54f66c6d33b3747eefa8190", "number": "9162444457", "date": "2021-01-22 15:26:00", "subject": "0", "recorded-or-robo": "N", "city": "Torrance", "state": "CA", "area-code": "310"}, {"id": "e81c9350d54f66c6d33b3747eefa79af", "number": "7075983813", "date": "2021-01-22 14:52:00", "subject": "3", "recorded-or-robo": "Y", "city": "", "state": "NV", "area-code": "702"}, {"id": "1d36742e3f24f50e4e7ae828019163de", "number": "9162444457", "date": "2021-01-22 15:26:00", "subject": "0", "recorded-or-robo": "N", "city": "Torrance", "state": "CA", "area-code": "310"}, {"id": "1d36742e3f24f50e4e7ae828019158f4", "number": "7075983813", "date": "2021-01-22 14:52:00", "subject": "3", "recorded-or-robo": "Y", "city": "", "state": "NV", "area-code": "702"}, {"id": "e81c9350d54f66c6d33b3747eefa7654", "number": "8706007077", "date": "2021-01-22 10:29:00", "subject": "4", "recorded-or-robo": "Y", "city": "Canton", "state": "IL", "area-code": "309"}]}