{"data": [{"id": "1d36742e3f24f50e4e7ae828019ed72f", "number": "2542123377", "date": "2021-01-21 00:00:00", "subject": "3", "recorded-or-robo": "", "city": "", "state": "TX", "area-code": "512"}, {"id": "3decc6bfadaa436a105714c6ba55f401", "number": "+17799390427", "date": "2021-01-23 13:16:14", "subject": "3", "recorded-or-robo": "Y", "city": "", "state": "GA", "area-code": "678"}, {"id": "1d36742e3f24f50e4e7ae82801ec3f74", "number": "+17799390427", "date": "2021-01-23 13:16:14", "subject": "3", "recorded-or-robo": "Y", "city": "", "state": "GA", "area-code": "678"}, {"id": "3decc6bfadaa436a105714c6ba07797e", "number": "33071106669", "date": "2021-01-23 13:08:00", "subject": "2", "recorded-or-robo": "Y", "city": "Medina", "state": "OH", "area-code": "330"}, {"id": "1d36742e3f24f50e4e7ae828019ed339", "number": "33071106669", "date": "2021-01-23 13:08:00", "subject": "2", "recorded-or-robo": "Y", "city": "Medina", "state": "OH", "area-code": "330"}, {"id": "3decc6bfadaa436a105714c6ba076ef0", "number": "3344817237", "date": "2021-01-23 12:00:00", "subject": "1", "recorded-or-robo": "Y", "city": "Ozark", "state": "AL", "area-code": "334"}, {"id": "1d36742e3f24f50e4e7ae828019eccf3", "number": "3344817237", "date": "2021-01-23 12:00:00", "subject": "1", "recorded-or-robo": "Y", "city": "Ozark", "state": "AL", "area-code": "334"}, {"id": "3decc6bfadaa436a105714c6ba076c69", "number": "5125466558", "date": "2021-01-21 00:00:00", "subject": "3", "recorded-or-robo": "", "city": "", "state": "TX", "area-code": "512"}, {"id": "1d36742e3f24f50e4e7ae828019ecc84", "number": "5125466558", "date": "2021-01-21 00:00:00", "subject": "3", "recorded-or-robo": "", "city": "", "state": "TX", "area-code": "512"}, {"id": "3decc6bfadaa436a105714c6ba07672f", "number": "2159621586", "date": "2021-01-23 13:10:00", "subject": "11", "recorded-or-robo": "Y", "city": "", "state": "PA", "area-code": "215"}, {"id": "3decc6bfadaa436a105714c6ba0734b8", "number": "7579307629", "date": "2021-01-23 11:14:00", "subject": "3", "recorded-or-robo": "N", "city": "", "state": "VA", "area-code": "703"}, {"id": "1d36742e3f24f50e4e7ae828019ecabc", "number": "2159621586", "date": "2021-01-23 13:10:00", "subject": "11", "recorded-or-robo": "Y", "city": "", "state": "PA", "area-code": "215"}, {"id": "1d36742e3f24f50e4e7ae828019e8d56", "number": "7579307629", "date": "2021-01-23 11:14:00", "subject": "3", "recorded-or-robo": "N", "city": "", "state": "VA", "area-code": "703"}, {"id": "3decc6bfadaa436a105714c6ba076134", "number": "4353836522", "date": "2021-01-19 11:04:00", "subject": "4", "recorded-or-robo": "Y", "city": "Provo", "state": "UT", "area-code": "801"}, {"id": "1d36742e3f24f50e4e7ae828019ec775", "number": "4353836522", "date": "2021-01-19 11:04:00", "subject": "4", "recorded-or-robo": "Y", "city": "Provo", "state": "UT", "area-code": "801"}, {"id": "3decc6bfadaa436a105714c6ba075a78", "number": "6789009929", "date": "2021-01-22 11:57:00", "subject": "2", "recorded-or-robo": "Y", "city": "Sebastian", "state": "FL", "area-code": "678"}, {"id": "1d36742e3f24f50e4e7ae828019eb870", "number": "6789009929", "date": "2021-01-22 11:57:00", "subject": "2", "recorded-or-robo": "Y", "city": "Sebastian", "state": "FL", "area-code": "678"}, {"id": "3decc6bfadaa436a105714c6ba075432", "number": "5126286069", "date": "2021-01-22 00:00:00", "subject": "3", "recorded-or-robo": "", "city": "", "state": "TX", "area-code": "512"}, {"id": "1d36742e3f24f50e4e7ae828019eb57f", "number": "5126286069", "date": "2021-01-22 00:00:00", "subject": "3", "recorded-or-robo": "", "city": "", "state": "TX", "area-code": "512"}, {"id": "3decc6bfadaa436a105714c6ba075285", "number": "1041239651", "date": "2021-01-23 12:49:00", "subject": "1", "recorded-or-robo": "Y", "city": "Jackson", "state": "NJ", "area-code": "732"}, {"id": "1d36742e3f24f50e4e7ae828019ea894", "number": "1041239651", "date": "2021-01-23 12:49:00", "subject": "1", "recorded-or-robo": "Y", "city": "Jackson", "state": "NJ", "area-code": "732"}, {"id": "3decc6bfadaa436a105714c6ba074957", "number": "3367384083", "date": "2021-01-23 10:08:00", "subject": "2", "recorded-or-robo": "Y", "city": "", "state": "CA", "area-code": "925"}, {"id": "1d36742e3f24f50e4e7ae828019ea674", "number": "3367384083", "date": "2021-01-23 10:08:00", "subject": "2", "recorded-or-robo": "Y", "city": "", "state": "CA", "area-code": "925"}, {"id": "3decc6bfadaa436a105714c6ba0745f7", "number": "7204149372", "date": "2021-01-20 10:54:00", "subject": "2", "recorded-or-robo": "N", "city": "", "state": "CO", "area-code": "720"}, {"id": "1d36742e3f24f50e4e7ae828019e9969", "number": "7204149372", "date": "2021-01-20 10:54:00", "subject": "2", "recorded-or-robo": "N", "city": "", "state": "CO", "area-code": "720"}, {"id": "3decc6bfadaa436a105714c6ba0740fa", "number": "5122909965", "date": "2021-01-20 00:00:00", "subject": "3", "recorded-or-robo": "", "city": "", "state": "TX", "area-code": "512"}, {"id": "1d36742e3f24f50e4e7ae828019e9457", "number": "5122909965", "date": "2021-01-20 00:00:00", "subject": "3", "recorded-or-robo": "", "city": "", "state": "TX", "area-code": "512"}, {"id": "3decc6bfadaa436a105714c6ba072611", "number": "6266097870", "date": "2021-01-22 16:58:00", "subject": "2", "recorded-or-robo": "Y", "city": "Skokie", "state": "IL", "area-code": "847"}, {"id": "3decc6bfadaa436a105714c6ba071f99", "number": "3159514300", "date": "2021-01-23 12:08:00", "subject": "3", "recorded-or-robo": "Y", "city": "", "state": "NY", "area-code": "315"}, {"id": "1d36742e3f24f50e4e7ae828019e81d9", "number": "6266097870", "date": "2021-01-22 16:58:00", "subject": "2", "recorded-or-robo": "Y", "city": "Skokie", "state": "IL", "area-code": "847"}, {"id": "1d36742e3f24f50e4e7ae828019e76de", "number": "3159514300", "date": "2021-01-23 12:08:00", "subject": "3", "recorded-or-robo": "Y", "city": "", "state": "NY", "area-code": "315"}, {"id": "3decc6bfadaa436a105714c6ba0718c3", "number": "9133487695", "date": "2021-01-22 10:42:00", "subject": "0", "recorded-or-robo": "Y", "city": "", "state": "WA", "area-code": "509"}, {"id": "1d36742e3f24f50e4e7ae828019e6e8d", "number": "9133487695", "date": "2021-01-22 10:42:00", "subject": "0", "recorded-or-robo": "Y", "city": "", "state": "WA", "area-code": "509"}, {"id": "3decc6bfadaa436a105714c6ba0716f5", "number": "7066558747", "date": "2021-01-22 13:36:00", "subject": "2", "recorded-or-robo": "Y", "city": "Sebastian", "state": "FL", "area-code": "678"}, {"id": "1d36742e3f24f50e4e7ae828019e68cd", "number": "7066558747", "date": "2021-01-22 13:36:00", "subject": "2", "recorded-or-robo": "Y", "city": "Sebastian", "state": "FL", "area-code": "678"}, {"id": "3decc6bfadaa436a105714c6ba070f11", "number": "8768854040", "date": "2021-01-23 00:00:00", "subject": "13", "recorded-or-robo": "N", "city": "", "state": "FL", "area-code": "305"}, {"id": "1d36742e3f24f50e4e7ae828019e6083", "number": "8768854040", "date": "2021-01-23 00:00:00", "subject": "13", "recorded-or-robo": "N", "city": "", "state": "FL", "area-code": "305"}, {"id": "3decc6bfadaa436a105714c6ba06ffb6", "number": "8059643388", "date": "2021-01-02 10:02:00", "subject": "2", "recorded-or-robo": "N", "city": "Santa Barbara", "state": "CA", "area-code": "805"}, {"id": "1d36742e3f24f50e4e7ae828019e5294", "number": "8059643388", "date": "2021-01-02 10:02:00", "subject": "2", "recorded-or-robo": "N", "city": "Santa Barbara", "state": "CA", "area-code": "805"}, {"id": "3decc6bfadaa436a105714c6ba06feb1", "number": "3342492165", "date": "2021-01-22 05:21:00", "subject": "2", "recorded-or-robo": "N", "city": "", "state": "AL", "area-code": "205"}, {"id": "1d36742e3f24f50e4e7ae828019e4570", "number": "3342492165", "date": "2021-01-22 05:21:00", "subject": "2", "recorded-or-robo": "N", "city": "", "state": "AL", "area-code": "205"}, {"id": "3decc6bfadaa436a105714c6ba06fa8f", "number": "2392801936", "date": "2021-01-23 12:45:00", "subject": "2", "recorded-or-robo": "Y", "city": "", "state": "FL", "area-code": "239"}, {"id": "1d36742e3f24f50e4e7ae828019e3a0d", "number": "2392801936", "date": "2021-01-23 12:45:00", "subject": "2", "recorded-or-robo": "Y", "city": "", "state": "FL", "area-code": "239"}, {"id": "3decc6bfadaa436a105714c6ba06ef63", "number": "4707225357", "date": "2021-01-20 09:54:00", "subject": "2", "recorded-or-robo": "Y", "city": "Sebastian", "state": "FL", "area-code": "678"}, {"id": "1d36742e3f24f50e4e7ae828019e2cf5", "number": "4707225357", "date": "2021-01-20 09:54:00", "subject": "2", "recorded-or-robo": "Y", "city": "Sebastian", "state": "FL", "area-code": "678"}, {"id": "3decc6bfadaa436a105714c6ba06e2e5", "number": "6152377263", "date": "2021-01-21 16:27:00", "subject": "2", "recorded-or-robo": "Y", "city": "Pleasant View", "state": "TN", "area-code": "615"}, {"id": "1d36742e3f24f50e4e7ae828019e25bc", "number": "6152377263", "date": "2021-01-21 16:27:00", "subject": "2", "recorded-or-robo": "Y", "city": "Pleasant View", "state": "TN", "area-code": "615"}, {"id": "3decc6bfadaa436a105714c6ba06d801", "number": "3145182358", "date": "2021-01-23 12:00:00", "subject": "1", "recorded-or-robo": "Y", "city": "St. Louis", "state": "MO", "area-code": "314"}, {"id": "1d36742e3f24f50e4e7ae828019e23f1", "number": "3145182358", "date": "2021-01-23 12:00:00", "subject": "1", "recorded-or-robo": "Y", "city": "St. Louis", "state": "MO", "area-code": "314"}, {"id": "3decc6bfadaa436a105714c6ba06c9b1", "number": "4804096071", "date": "2021-01-21 03:23:00", "subject": "2", "recorded-or-robo": "Y", "city": "CORVALLIS", "state": "OR", "area-code": "206"}]}