{"data": [{"id": "03e293b3df9e35eadf15c56119177cc7", "number": "2168395598", "date": "2021-01-23 20:08:10", "subject": "3", "recorded-or-robo": "Y", "city": "", "state": "OH", "area-code": "216"}, {"id": "3decc6bfadaa436a105714c6ba81031f", "number": "2168395598", "date": "2021-01-23 20:08:09", "subject": "3", "recorded-or-robo": "Y", "city": "", "state": "OH", "area-code": "216"}, {"id": "03e293b3df9e35eadf15c56119178a9a", "number": "2168395598", "date": "2021-01-23 20:08:09", "subject": "3", "recorded-or-robo": "Y", "city": "", "state": "OH", "area-code": "216"}, {"id": "3decc6bfadaa436a105714c6ba664751", "number": "8763028272", "date": "2021-01-23 17:06:00", "subject": "2", "recorded-or-robo": "Y", "city": "Eugene", "state": "OR", "area-code": "541"}, {"id": "1d36742e3f24f50e4e7ae82801fc7014", "number": "8763028272", "date": "2021-01-23 17:06:00", "subject": "2", "recorded-or-robo": "Y", "city": "Eugene", "state": "OR", "area-code": "541"}, {"id": "3decc6bfadaa436a105714c6ba810b13", "number": "+18333880571", "date": "2021-01-23 20:07:59", "subject": "3", "recorded-or-robo": "N", "city": "", "state": "OH", "area-code": "216"}, {"id": "03e293b3df9e35eadf15c5611917937e", "number": "+18333880571", "date": "2021-01-23 20:07:59", "subject": "3", "recorded-or-robo": "N", "city": "", "state": "OH", "area-code": "216"}, {"id": "3decc6bfadaa436a105714c6ba6646a5", "number": "6602873039", "date": "2021-01-23 18:57:00", "subject": "1", "recorded-or-robo": "Y", "city": "Sedalia", "state": "MO", "area-code": "660"}, {"id": "1d36742e3f24f50e4e7ae82801fc656e", "number": "6602873039", "date": "2021-01-23 18:57:00", "subject": "1", "recorded-or-robo": "Y", "city": "Sedalia", "state": "MO", "area-code": "660"}, {"id": "3decc6bfadaa436a105714c6ba663a9a", "number": "4099493798", "date": "2021-01-23 15:25:00", "subject": "2", "recorded-or-robo": "Y", "city": "", "state": "TX", "area-code": "409"}, {"id": "1d36742e3f24f50e4e7ae82801fc5a7c", "number": "4099493798", "date": "2021-01-23 15:25:00", "subject": "2", "recorded-or-robo": "Y", "city": "", "state": "TX", "area-code": "409"}, {"id": "3decc6bfadaa436a105714c6ba6637a3", "number": "8665270579", "date": "2021-01-23 11:14:00", "subject": "11", "recorded-or-robo": "Y", "city": "St louis", "state": "MO", "area-code": "314"}, {"id": "1d36742e3f24f50e4e7ae82801fc577b", "number": "8665270579", "date": "2021-01-23 11:14:00", "subject": "11", "recorded-or-robo": "Y", "city": "St louis", "state": "MO", "area-code": "314"}, {"id": "3decc6bfadaa436a105714c6ba662f23", "number": "7189568477", "date": "2021-01-21 15:17:00", "subject": "2", "recorded-or-robo": "Y", "city": "Brooklyn", "state": "NY", "area-code": "718"}, {"id": "1d36742e3f24f50e4e7ae82801fc4992", "number": "7189568477", "date": "2021-01-21 15:17:00", "subject": "2", "recorded-or-robo": "Y", "city": "Brooklyn", "state": "NY", "area-code": "718"}, {"id": "3decc6bfadaa436a105714c6ba6624b9", "number": "7185129536", "date": "2021-01-21 18:55:00", "subject": "2", "recorded-or-robo": "Y", "city": "Brooklyn", "state": "NY", "area-code": "718"}, {"id": "1d36742e3f24f50e4e7ae82801fc4199", "number": "7185129536", "date": "2021-01-21 18:55:00", "subject": "2", "recorded-or-robo": "Y", "city": "Brooklyn", "state": "NY", "area-code": "718"}, {"id": "3decc6bfadaa436a105714c6ba662442", "number": "8882804331", "date": "2021-01-23 18:32:00", "subject": "2", "recorded-or-robo": "Y", "city": "Saint Paul", "state": "MN", "area-code": "651"}, {"id": "1d36742e3f24f50e4e7ae82801fc3a67", "number": "8882804331", "date": "2021-01-23 18:32:00", "subject": "2", "recorded-or-robo": "Y", "city": "Saint Paul", "state": "MN", "area-code": "651"}, {"id": "3decc6bfadaa436a105714c6ba661891", "number": "7246563782", "date": "2021-01-22 12:12:00", "subject": "2", "recorded-or-robo": "Y", "city": "Brooklyn", "state": "NY", "area-code": "718"}, {"id": "1d36742e3f24f50e4e7ae82801fc39ec", "number": "7246563782", "date": "2021-01-22 12:12:00", "subject": "2", "recorded-or-robo": "Y", "city": "Brooklyn", "state": "NY", "area-code": "718"}, {"id": "3decc6bfadaa436a105714c6ba660afb", "number": "3036744545", "date": "2021-01-22 11:49:00", "subject": "0", "recorded-or-robo": "N", "city": "Evergreen", "state": "CO", "area-code": "303"}, {"id": "1d36742e3f24f50e4e7ae82801fc3730", "number": "3036744545", "date": "2021-01-22 11:49:00", "subject": "0", "recorded-or-robo": "N", "city": "Evergreen", "state": "CO", "area-code": "303"}, {"id": "3decc6bfadaa436a105714c6ba65fed7", "number": "", "date": "2021-01-21 13:00:00", "subject": "2", "recorded-or-robo": "Y", "city": "Nashville", "state": "TN", "area-code": "901"}, {"id": "1d36742e3f24f50e4e7ae82801fc305a", "number": "", "date": "2021-01-21 13:00:00", "subject": "2", "recorded-or-robo": "Y", "city": "Nashville", "state": "TN", "area-code": "901"}, {"id": "3decc6bfadaa436a105714c6ba65eee9", "number": "3152328257", "date": "2021-01-23 12:41:00", "subject": "1", "recorded-or-robo": "Y", "city": "West Richland", "state": "WA", "area-code": "509"}, {"id": "1d36742e3f24f50e4e7ae82801fc2595", "number": "3152328257", "date": "2021-01-23 12:41:00", "subject": "1", "recorded-or-robo": "Y", "city": "West Richland", "state": "WA", "area-code": "509"}, {"id": "3decc6bfadaa436a105714c6ba65e8df", "number": "2142908284", "date": "2021-01-22 17:24:00", "subject": "1", "recorded-or-robo": "Y", "city": "", "state": "TX", "area-code": "214"}, {"id": "1d36742e3f24f50e4e7ae82801fc15be", "number": "2142908284", "date": "2021-01-22 17:24:00", "subject": "1", "recorded-or-robo": "Y", "city": "", "state": "TX", "area-code": "214"}, {"id": "3decc6bfadaa436a105714c6ba65dc48", "number": "7675018428", "date": "2021-01-23 10:59:00", "subject": "0", "recorded-or-robo": "Y", "city": "Leland", "state": "NC", "area-code": "910"}, {"id": "1d36742e3f24f50e4e7ae82801fc09a0", "number": "7675018428", "date": "2021-01-23 10:59:00", "subject": "0", "recorded-or-robo": "Y", "city": "Leland", "state": "NC", "area-code": "910"}, {"id": "3decc6bfadaa436a105714c6ba65ce58", "number": "3142837059", "date": "2021-01-23 19:27:00", "subject": "2", "recorded-or-robo": "Y", "city": "", "state": "MO", "area-code": "314"}, {"id": "1d36742e3f24f50e4e7ae82801fbfe91", "number": "3142837059", "date": "2021-01-23 19:27:00", "subject": "2", "recorded-or-robo": "Y", "city": "", "state": "MO", "area-code": "314"}, {"id": "3decc6bfadaa436a105714c6ba65beec", "number": "3036746109", "date": "2021-01-22 09:23:00", "subject": "0", "recorded-or-robo": "N", "city": "Evergreen", "state": "CO", "area-code": "303"}, {"id": "1d36742e3f24f50e4e7ae82801fbf7cf", "number": "3036746109", "date": "2021-01-22 09:23:00", "subject": "0", "recorded-or-robo": "N", "city": "Evergreen", "state": "CO", "area-code": "303"}, {"id": "3decc6bfadaa436a105714c6ba65af67", "number": "3152322857", "date": "2021-01-23 18:07:00", "subject": "2", "recorded-or-robo": "Y", "city": "Beaumont", "state": "TX", "area-code": "409"}, {"id": "1d36742e3f24f50e4e7ae82801fbe8d4", "number": "3152322857", "date": "2021-01-23 18:07:00", "subject": "2", "recorded-or-robo": "Y", "city": "Beaumont", "state": "TX", "area-code": "409"}, {"id": "3decc6bfadaa436a105714c6ba65a84c", "number": "", "date": "2021-01-23 19:55:00", "subject": "3", "recorded-or-robo": "N", "city": "", "state": "FL", "area-code": "813"}, {"id": "1d36742e3f24f50e4e7ae82801fbe792", "number": "", "date": "2021-01-23 19:55:00", "subject": "3", "recorded-or-robo": "N", "city": "", "state": "FL", "area-code": "813"}, {"id": "3decc6bfadaa436a105714c6ba659a3e", "number": "2053783931", "date": "2021-01-21 19:02:00", "subject": "5", "recorded-or-robo": "Y", "city": "BIRMINGHAM", "state": "AL", "area-code": "205"}, {"id": "1d36742e3f24f50e4e7ae82801fbdded", "number": "2053783931", "date": "2021-01-21 19:02:00", "subject": "5", "recorded-or-robo": "Y", "city": "BIRMINGHAM", "state": "AL", "area-code": "205"}, {"id": "3decc6bfadaa436a105714c6ba65971c", "number": "8556786739", "date": "2021-01-23 14:37:00", "subject": "11", "recorded-or-robo": "Y", "city": "Spokane", "state": "WA", "area-code": "509"}, {"id": "1d36742e3f24f50e4e7ae82801fbd103", "number": "8556786739", "date": "2021-01-23 14:37:00", "subject": "11", "recorded-or-robo": "Y", "city": "Spokane", "state": "WA", "area-code": "509"}, {"id": "3decc6bfadaa436a105714c6ba658af2", "number": "", "date": "2021-01-23 12:00:00", "subject": "11", "recorded-or-robo": "Y", "city": "Orange", "state": "TX", "area-code": "409"}, {"id": "1d36742e3f24f50e4e7ae82801fbcd1c", "number": "", "date": "2021-01-23 12:00:00", "subject": "11", "recorded-or-robo": "Y", "city": "Orange", "state": "TX", "area-code": "409"}, {"id": "3decc6bfadaa436a105714c6ba658074", "number": "4097896117", "date": "2021-01-23 18:00:00", "subject": "11", "recorded-or-robo": "Y", "city": "Galveston", "state": "TX", "area-code": "409"}, {"id": "1d36742e3f24f50e4e7ae82801fbc73d", "number": "4097896117", "date": "2021-01-23 18:00:00", "subject": "11", "recorded-or-robo": "Y", "city": "Galveston", "state": "TX", "area-code": "409"}, {"id": "3decc6bfadaa436a105714c6ba657aa1", "number": "2029671795", "date": "2021-01-23 13:45:00", "subject": "2", "recorded-or-robo": "Y", "city": "Desert Hot Springs", "state": "CA", "area-code": "760"}, {"id": "1d36742e3f24f50e4e7ae82801fbc22f", "number": "2029671795", "date": "2021-01-23 13:45:00", "subject": "2", "recorded-or-robo": "Y", "city": "Desert Hot Springs", "state": "CA", "area-code": "760"}, {"id": "3decc6bfadaa436a105714c6ba80d3c5", "number": "+14156628458", "date": "2021-01-23 19:59:37", "subject": "3", "recorded-or-robo": "Y", "city": "", "state": "CA", "area-code": "415"}]}