{"data": [{"id": "1d36742e3f24f50e4e7ae828018ca3ee", "number": "2018799272", "date": "2021-01-23 11:30:00", "subject": "4", "recorded-or-robo": "Y", "city": "Saddle River", "state": "NJ", "area-code": "201"}, {"id": "e81c9350d54f66c6d33b3747eef65e49", "number": "2818535060", "date": "2021-01-23 11:09:00", "subject": "1", "recorded-or-robo": "Y", "city": "Tomball", "state": "TX", "area-code": "281"}, {"id": "1d36742e3f24f50e4e7ae828018c9ff5", "number": "2818535060", "date": "2021-01-23 11:09:00", "subject": "1", "recorded-or-robo": "Y", "city": "Tomball", "state": "TX", "area-code": "281"}, {"id": "e81c9350d54f66c6d33b3747eef65825", "number": "3184914582", "date": "2021-01-20 10:00:00", "subject": "2", "recorded-or-robo": "Y", "city": "Ivyland", "state": "PA", "area-code": "215"}, {"id": "1d36742e3f24f50e4e7ae828018c8da6", "number": "3184914582", "date": "2021-01-20 10:00:00", "subject": "2", "recorded-or-robo": "Y", "city": "Ivyland", "state": "PA", "area-code": "215"}, {"id": "e81c9350d54f66c6d33b3747eef65456", "number": "8054836063", "date": "2021-01-21 16:46:00", "subject": "2", "recorded-or-robo": "Y", "city": "", "state": "CA", "area-code": "805"}, {"id": "1d36742e3f24f50e4e7ae828018c86f7", "number": "8054836063", "date": "2021-01-21 16:46:00", "subject": "2", "recorded-or-robo": "Y", "city": "", "state": "CA", "area-code": "805"}, {"id": "e81c9350d54f66c6d33b3747eef64789", "number": "3863092012", "date": "2021-01-18 14:05:00", "subject": "4", "recorded-or-robo": "Y", "city": "", "state": "AZ", "area-code": "480"}, {"id": "1d36742e3f24f50e4e7ae828018c86a6", "number": "3863092012", "date": "2021-01-18 14:05:00", "subject": "4", "recorded-or-robo": "Y", "city": "", "state": "AZ", "area-code": "480"}, {"id": "e81c9350d54f66c6d33b3747eef64725", "number": "6157527474", "date": "2021-01-22 19:09:00", "subject": "11", "recorded-or-robo": "Y", "city": "University City", "state": "MO", "area-code": "314"}, {"id": "1d36742e3f24f50e4e7ae828018c84dd", "number": "6157527474", "date": "2021-01-22 19:09:00", "subject": "11", "recorded-or-robo": "Y", "city": "University City", "state": "MO", "area-code": "314"}, {"id": "e81c9350d54f66c6d33b3747eef6406c", "number": "7344928904", "date": "2021-01-23 10:00:00", "subject": "11", "recorded-or-robo": "Y", "city": "Tucson", "state": "AZ", "area-code": "520"}, {"id": "1d36742e3f24f50e4e7ae828018c7d13", "number": "7344928904", "date": "2021-01-23 10:00:00", "subject": "11", "recorded-or-robo": "Y", "city": "Tucson", "state": "AZ", "area-code": "520"}, {"id": "e81c9350d54f66c6d33b3747eef63890", "number": "4047688708", "date": "2021-01-22 20:51:00", "subject": "2", "recorded-or-robo": "Y", "city": "Mount Vernon", "state": "NY", "area-code": "404"}, {"id": "1d36742e3f24f50e4e7ae828018c7781", "number": "4047688708", "date": "2021-01-22 20:51:00", "subject": "2", "recorded-or-robo": "Y", "city": "Mount Vernon", "state": "NY", "area-code": "404"}, {"id": "e81c9350d54f66c6d33b3747eef6372a", "number": "4402596209", "date": "2021-01-22 17:14:00", "subject": "2", "recorded-or-robo": "Y", "city": "Lorain", "state": "OH", "area-code": "440"}, {"id": "1d36742e3f24f50e4e7ae828018c6be3", "number": "4402596209", "date": "2021-01-22 17:14:00", "subject": "2", "recorded-or-robo": "Y", "city": "Lorain", "state": "OH", "area-code": "440"}, {"id": "e81c9350d54f66c6d33b3747eef628db", "number": "6022202240", "date": "2021-01-21 13:50:00", "subject": "2", "recorded-or-robo": "Y", "city": "", "state": "CA", "area-code": "805"}, {"id": "1d36742e3f24f50e4e7ae828018c6632", "number": "6022202240", "date": "2021-01-21 13:50:00", "subject": "2", "recorded-or-robo": "Y", "city": "", "state": "CA", "area-code": "805"}, {"id": "e81c9350d54f66c6d33b3747eef61a06", "number": "7152805029", "date": "2021-01-19 12:23:00", "subject": "4", "recorded-or-robo": "Y", "city": "Peshtigo", "state": "WI", "area-code": "715"}, {"id": "1d36742e3f24f50e4e7ae828018c5b0b", "number": "7152805029", "date": "2021-01-19 12:23:00", "subject": "4", "recorded-or-robo": "Y", "city": "Peshtigo", "state": "WI", "area-code": "715"}, {"id": "3decc6bfadaa436a105714c6ba55cf78", "number": "6186634212", "date": "2021-01-23 12:15:17", "subject": "3", "recorded-or-robo": "N", "city": "", "state": "IL", "area-code": "618"}, {"id": "1d36742e3f24f50e4e7ae82801ec006c", "number": "6186634212", "date": "2021-01-23 12:15:17", "subject": "3", "recorded-or-robo": "N", "city": "", "state": "IL", "area-code": "618"}, {"id": "e81c9350d54f66c6d33b3747eef616cd", "number": "6196587912", "date": "2021-01-23 09:15:00", "subject": "1", "recorded-or-robo": "Y", "city": "Lakeside", "state": "CA", "area-code": "619"}, {"id": "1d36742e3f24f50e4e7ae828018c4fc6", "number": "6196587912", "date": "2021-01-23 09:15:00", "subject": "1", "recorded-or-robo": "Y", "city": "Lakeside", "state": "CA", "area-code": "619"}, {"id": "e81c9350d54f66c6d33b3747eef613cf", "number": "8663581861", "date": "2021-01-23 10:56:00", "subject": "11", "recorded-or-robo": "Y", "city": "cedar hill", "state": "MO", "area-code": "314"}, {"id": "1d36742e3f24f50e4e7ae828018c4126", "number": "8663581861", "date": "2021-01-23 10:56:00", "subject": "11", "recorded-or-robo": "Y", "city": "cedar hill", "state": "MO", "area-code": "314"}, {"id": "e81c9350d54f66c6d33b3747eef60db9", "number": "5303625438", "date": "2021-01-23 12:08:00", "subject": "13", "recorded-or-robo": "Y", "city": "WASHINGTON", "state": "Do", "area-code": "202"}, {"id": "1d36742e3f24f50e4e7ae828018c35ac", "number": "5303625438", "date": "2021-01-23 12:08:00", "subject": "13", "recorded-or-robo": "Y", "city": "WASHINGTON", "state": "Do", "area-code": "202"}, {"id": "e81c9350d54f66c6d33b3747eef60491", "number": "7154968100", "date": "2021-01-20 13:16:00", "subject": "4", "recorded-or-robo": "Y", "city": "Peshtigo", "state": "WI", "area-code": "715"}, {"id": "1d36742e3f24f50e4e7ae828018c3158", "number": "7154968100", "date": "2021-01-20 13:16:00", "subject": "4", "recorded-or-robo": "Y", "city": "Peshtigo", "state": "WI", "area-code": "715"}, {"id": "e81c9350d54f66c6d33b3747eef5f675", "number": "31449617189", "date": "2021-01-21 10:01:00", "subject": "2", "recorded-or-robo": "N", "city": "St  Charles", "state": "MO", "area-code": "314"}, {"id": "1d36742e3f24f50e4e7ae828018c2d2b", "number": "31449617189", "date": "2021-01-21 10:01:00", "subject": "2", "recorded-or-robo": "N", "city": "St  Charles", "state": "MO", "area-code": "314"}, {"id": "e81c9350d54f66c6d33b3747eef5f531", "number": "8054200213", "date": "2021-01-20 17:03:00", "subject": "2", "recorded-or-robo": "Y", "city": "", "state": "CA", "area-code": "805"}, {"id": "1d36742e3f24f50e4e7ae828018c25dd", "number": "8054200213", "date": "2021-01-20 17:03:00", "subject": "2", "recorded-or-robo": "Y", "city": "", "state": "CA", "area-code": "805"}, {"id": "e81c9350d54f66c6d33b3747eef5ec5d", "number": "3128203191", "date": "2021-01-23 11:12:00", "subject": "2", "recorded-or-robo": "Y", "city": "", "state": "IL", "area-code": "773"}, {"id": "1d36742e3f24f50e4e7ae828018c2589", "number": "3128203191", "date": "2021-01-23 11:12:00", "subject": "2", "recorded-or-robo": "Y", "city": "", "state": "IL", "area-code": "773"}, {"id": "e81c9350d54f66c6d33b3747eef5e0fe", "number": "7603723147", "date": "2021-01-21 17:39:00", "subject": "0", "recorded-or-robo": "N", "city": "Bishop", "state": "CA", "area-code": "760"}, {"id": "1d36742e3f24f50e4e7ae828018c1cb4", "number": "7603723147", "date": "2021-01-21 17:39:00", "subject": "0", "recorded-or-robo": "N", "city": "Bishop", "state": "CA", "area-code": "760"}, {"id": "e81c9350d54f66c6d33b3747eef5d9f5", "number": "9857221329", "date": "2021-01-23 11:25:00", "subject": "11", "recorded-or-robo": "Y", "city": "Marietta", "state": "GA", "area-code": "404"}, {"id": "1d36742e3f24f50e4e7ae828018c16c7", "number": "9857221329", "date": "2021-01-23 11:25:00", "subject": "11", "recorded-or-robo": "Y", "city": "Marietta", "state": "GA", "area-code": "404"}, {"id": "e81c9350d54f66c6d33b3747eef5cfc4", "number": "3144954522", "date": "2021-01-23 09:17:00", "subject": "2", "recorded-or-robo": "Y", "city": "University City", "state": "MO", "area-code": "314"}, {"id": "1d36742e3f24f50e4e7ae828018c07cc", "number": "3144954522", "date": "2021-01-23 09:17:00", "subject": "2", "recorded-or-robo": "Y", "city": "University City", "state": "MO", "area-code": "314"}, {"id": "e81c9350d54f66c6d33b3747eef5c5b9", "number": "5132303109", "date": "2021-01-20 09:18:00", "subject": "2", "recorded-or-robo": "Y", "city": "", "state": "CA", "area-code": "805"}, {"id": "1d36742e3f24f50e4e7ae828018bfe95", "number": "5132303109", "date": "2021-01-20 09:18:00", "subject": "2", "recorded-or-robo": "Y", "city": "", "state": "CA", "area-code": "805"}, {"id": "e81c9350d54f66c6d33b3747eef5b9d2", "number": "2017750761", "date": "2021-01-20 10:13:00", "subject": "0", "recorded-or-robo": "Y", "city": "", "state": "NJ", "area-code": "201"}, {"id": "1d36742e3f24f50e4e7ae828018bf87b", "number": "2017750761", "date": "2021-01-20 10:13:00", "subject": "0", "recorded-or-robo": "Y", "city": "", "state": "NJ", "area-code": "201"}, {"id": "e81c9350d54f66c6d33b3747eef5b637", "number": "8605468035", "date": "2021-01-21 17:27:00", "subject": "2", "recorded-or-robo": "Y", "city": "bolton", "state": "CT", "area-code": "860"}, {"id": "1d36742e3f24f50e4e7ae828018bee89", "number": "8605468035", "date": "2021-01-21 17:27:00", "subject": "2", "recorded-or-robo": "Y", "city": "bolton", "state": "CT", "area-code": "860"}, {"id": "e81c9350d54f66c6d33b3747eef5aa71", "number": "3097607506", "date": "2021-01-23 11:00:00", "subject": "1", "recorded-or-robo": "Y", "city": "Kewanee", "state": "IL", "area-code": "309"}]}