{"data": [{"id": "1d36742e3f24f50e4e7ae82801d83107", "number": "2563694811", "date": "2021-01-23 15:25:00", "subject": "0", "recorded-or-robo": "N", "city": "", "state": "AL", "area-code": "256"}, {"id": "3decc6bfadaa436a105714c6ba427d3e", "number": "3214458872", "date": "2021-01-23 12:00:00", "subject": "2", "recorded-or-robo": "Y", "city": "Glenside", "state": "PA", "area-code": "215"}, {"id": "1d36742e3f24f50e4e7ae82801d82b0e", "number": "3214458872", "date": "2021-01-23 12:00:00", "subject": "2", "recorded-or-robo": "Y", "city": "Glenside", "state": "PA", "area-code": "215"}, {"id": "3decc6bfadaa436a105714c6ba8795de", "number": "9146392733", "date": "2021-01-23 14:23:00", "subject": "3", "recorded-or-robo": "N", "city": "", "state": "NY", "area-code": "914"}, {"id": "03e293b3df9e35eadf15c561191e2e5a", "number": "9146392733", "date": "2021-01-23 14:23:00", "subject": "3", "recorded-or-robo": "N", "city": "", "state": "NY", "area-code": "914"}, {"id": "3decc6bfadaa436a105714c6ba427d10", "number": "8653669022", "date": "2021-01-23 17:28:00", "subject": "2", "recorded-or-robo": "N", "city": "Lawrenceville", "state": "GA", "area-code": "404"}, {"id": "1d36742e3f24f50e4e7ae82801d81e68", "number": "8653669022", "date": "2021-01-23 17:28:00", "subject": "2", "recorded-or-robo": "N", "city": "Lawrenceville", "state": "GA", "area-code": "404"}, {"id": "3decc6bfadaa436a105714c6ba4270de", "number": "8556785838", "date": "2021-01-23 15:45:00", "subject": "2", "recorded-or-robo": "Y", "city": "", "state": "TX", "area-code": "409"}, {"id": "1d36742e3f24f50e4e7ae82801d80fbe", "number": "8556785838", "date": "2021-01-23 15:45:00", "subject": "2", "recorded-or-robo": "Y", "city": "", "state": "TX", "area-code": "409"}, {"id": "3decc6bfadaa436a105714c6ba426447", "number": "3212335010", "date": "2021-01-19 14:38:00", "subject": "2", "recorded-or-robo": "N", "city": "", "state": "FL", "area-code": "727"}, {"id": "1d36742e3f24f50e4e7ae82801d804bb", "number": "3212335010", "date": "2021-01-19 14:38:00", "subject": "2", "recorded-or-robo": "N", "city": "", "state": "FL", "area-code": "727"}, {"id": "3decc6bfadaa436a105714c6ba42544c", "number": "2284764000", "date": "2021-01-23 13:05:00", "subject": "2", "recorded-or-robo": "N", "city": "Biloxi", "state": "MS", "area-code": "228"}, {"id": "1d36742e3f24f50e4e7ae82801d8000e", "number": "2284764000", "date": "2021-01-23 13:05:00", "subject": "2", "recorded-or-robo": "N", "city": "Biloxi", "state": "MS", "area-code": "228"}, {"id": "3decc6bfadaa436a105714c6ba7bba35", "number": "5125729518", "date": "2021-01-23 17:41:15", "subject": "3", "recorded-or-robo": "N", "city": "", "state": "TX", "area-code": "512"}, {"id": "03e293b3df9e35eadf15c56119123436", "number": "5125729518", "date": "2021-01-23 17:41:15", "subject": "3", "recorded-or-robo": "N", "city": "", "state": "TX", "area-code": "512"}, {"id": "3decc6bfadaa436a105714c6ba4251bf", "number": "7037751773", "date": "2021-01-23 16:47:00", "subject": "0", "recorded-or-robo": "N", "city": "Alexandria", "state": "VA", "area-code": "703"}, {"id": "1d36742e3f24f50e4e7ae82801d7ffcb", "number": "7037751773", "date": "2021-01-23 16:47:00", "subject": "0", "recorded-or-robo": "N", "city": "Alexandria", "state": "VA", "area-code": "703"}, {"id": "3decc6bfadaa436a105714c6ba42498b", "number": "7275628446", "date": "2021-01-19 16:25:00", "subject": "2", "recorded-or-robo": "N", "city": "", "state": "FL", "area-code": "727"}, {"id": "1d36742e3f24f50e4e7ae82801d7f2b0", "number": "7275628446", "date": "2021-01-19 16:25:00", "subject": "2", "recorded-or-robo": "N", "city": "", "state": "FL", "area-code": "727"}, {"id": "3decc6bfadaa436a105714c6ba423f99", "number": "812900877", "date": "2021-01-23 09:16:00", "subject": "1", "recorded-or-robo": "Y", "city": "CASTLE ROCK", "state": "CO", "area-code": "303"}, {"id": "1d36742e3f24f50e4e7ae82801d7e2f5", "number": "812900877", "date": "2021-01-23 09:16:00", "subject": "1", "recorded-or-robo": "Y", "city": "CASTLE ROCK", "state": "CO", "area-code": "303"}, {"id": "3decc6bfadaa436a105714c6ba4237c3", "number": "4255494717", "date": "2021-01-22 18:08:00", "subject": "2", "recorded-or-robo": "N", "city": "", "state": "WA", "area-code": "206"}, {"id": "1d36742e3f24f50e4e7ae82801d7d7de", "number": "4255494717", "date": "2021-01-22 18:08:00", "subject": "2", "recorded-or-robo": "N", "city": "", "state": "WA", "area-code": "206"}, {"id": "3decc6bfadaa436a105714c6ba423192", "number": "7273377589", "date": "2021-01-20 11:50:00", "subject": "2", "recorded-or-robo": "N", "city": "", "state": "FL", "area-code": "727"}, {"id": "1d36742e3f24f50e4e7ae82801d7d679", "number": "7273377589", "date": "2021-01-20 11:50:00", "subject": "2", "recorded-or-robo": "N", "city": "", "state": "FL", "area-code": "727"}, {"id": "3decc6bfadaa436a105714c6ba422d4c", "number": "3152328257", "date": "2021-01-23 10:42:00", "subject": "11", "recorded-or-robo": "Y", "city": "Middlebury", "state": "IN", "area-code": "574"}, {"id": "1d36742e3f24f50e4e7ae82801d7c7ab", "number": "3152328257", "date": "2021-01-23 10:42:00", "subject": "11", "recorded-or-robo": "Y", "city": "Middlebury", "state": "IN", "area-code": "574"}, {"id": "3decc6bfadaa436a105714c6ba41ef24", "number": "6076002233", "date": "2021-01-11 13:12:00", "subject": "3", "recorded-or-robo": "", "city": "", "state": "UT", "area-code": "801"}, {"id": "1d36742e3f24f50e4e7ae82801d78a94", "number": "6076002233", "date": "2021-01-11 13:12:00", "subject": "3", "recorded-or-robo": "", "city": "", "state": "UT", "area-code": "801"}, {"id": "3decc6bfadaa436a105714c6ba422196", "number": "6154863500", "date": "2021-01-23 00:27:00", "subject": "0", "recorded-or-robo": "", "city": "SEATTLE", "state": "WA", "area-code": "206"}, {"id": "1d36742e3f24f50e4e7ae82801d7c195", "number": "6154863500", "date": "2021-01-23 00:27:00", "subject": "0", "recorded-or-robo": "", "city": "SEATTLE", "state": "WA", "area-code": "206"}, {"id": "3decc6bfadaa436a105714c6ba421e31", "number": "4705702233", "date": "2021-01-23 13:21:00", "subject": "3", "recorded-or-robo": "Y", "city": "", "state": "TX", "area-code": "512"}, {"id": "1d36742e3f24f50e4e7ae82801d7b203", "number": "4705702233", "date": "2021-01-23 13:21:00", "subject": "3", "recorded-or-robo": "Y", "city": "", "state": "TX", "area-code": "512"}, {"id": "3decc6bfadaa436a105714c6ba420fc9", "number": "7275922313", "date": "2021-01-20 15:05:00", "subject": "2", "recorded-or-robo": "N", "city": "", "state": "FL", "area-code": "727"}, {"id": "1d36742e3f24f50e4e7ae82801d7ad87", "number": "7275922313", "date": "2021-01-20 15:05:00", "subject": "2", "recorded-or-robo": "N", "city": "", "state": "FL", "area-code": "727"}, {"id": "3decc6bfadaa436a105714c6ba4200b6", "number": "2563694811", "date": "2021-01-23 13:05:00", "subject": "0", "recorded-or-robo": "N", "city": "", "state": "AL", "area-code": "256"}, {"id": "1d36742e3f24f50e4e7ae82801d7ad5f", "number": "2563694811", "date": "2021-01-23 13:05:00", "subject": "0", "recorded-or-robo": "N", "city": "", "state": "AL", "area-code": "256"}, {"id": "3decc6bfadaa436a105714c6ba41f340", "number": "2149835185", "date": "2021-01-08 11:13:00", "subject": "4", "recorded-or-robo": "Y", "city": "Dallas", "state": "TX", "area-code": "214"}, {"id": "1d36742e3f24f50e4e7ae82801d7a386", "number": "2149835185", "date": "2021-01-08 11:13:00", "subject": "4", "recorded-or-robo": "Y", "city": "Dallas", "state": "TX", "area-code": "214"}, {"id": "3decc6bfadaa436a105714c6ba41f1c3", "number": "7038447001", "date": "2021-01-23 14:36:00", "subject": "0", "recorded-or-robo": "Y", "city": "Vienna", "state": "VA", "area-code": "703"}, {"id": "1d36742e3f24f50e4e7ae82801d79781", "number": "7038447001", "date": "2021-01-23 14:36:00", "subject": "0", "recorded-or-robo": "Y", "city": "Vienna", "state": "VA", "area-code": "703"}, {"id": "3decc6bfadaa436a105714c6ba7bace1", "number": "4403162452", "date": "2021-01-23 17:38:20", "subject": "3", "recorded-or-robo": "Y", "city": "", "state": "OH", "area-code": "440"}, {"id": "03e293b3df9e35eadf15c561191233d9", "number": "4403162452", "date": "2021-01-23 17:38:20", "subject": "3", "recorded-or-robo": "Y", "city": "", "state": "OH", "area-code": "440"}, {"id": "3decc6bfadaa436a105714c6ba41e2db", "number": "7273355150", "date": "2021-01-20 18:58:00", "subject": "2", "recorded-or-robo": "N", "city": "", "state": "FL", "area-code": "727"}, {"id": "1d36742e3f24f50e4e7ae82801d77ff4", "number": "7273355150", "date": "2021-01-20 18:58:00", "subject": "2", "recorded-or-robo": "N", "city": "", "state": "FL", "area-code": "727"}, {"id": "3decc6bfadaa436a105714c6ba41e092", "number": "7279779674", "date": "2021-01-21 10:33:00", "subject": "2", "recorded-or-robo": "N", "city": "", "state": "FL", "area-code": "727"}, {"id": "1d36742e3f24f50e4e7ae82801d77b51", "number": "7279779674", "date": "2021-01-21 10:33:00", "subject": "2", "recorded-or-robo": "N", "city": "", "state": "FL", "area-code": "727"}, {"id": "3decc6bfadaa436a105714c6ba41d746", "number": "7034482236", "date": "2021-01-23 11:31:00", "subject": "0", "recorded-or-robo": "Y", "city": "Vienna", "state": "VA", "area-code": "703"}, {"id": "1d36742e3f24f50e4e7ae82801d7706a", "number": "7034482236", "date": "2021-01-23 11:31:00", "subject": "0", "recorded-or-robo": "Y", "city": "Vienna", "state": "VA", "area-code": "703"}, {"id": "3decc6bfadaa436a105714c6ba7ba619", "number": "4079034845", "date": "2021-01-23 17:36:56", "subject": "3", "recorded-or-robo": "Y", "city": "", "state": "TX", "area-code": "214"}]}