{"data": [{"id": "1d36742e3f24f50e4e7ae82801a3ff27", "number": "2405573218", "date": "2021-01-22 11:04:00", "subject": "2", "recorded-or-robo": "Y", "city": "Frederick", "state": "MD", "area-code": "301"}, {"id": "3decc6bfadaa436a105714c6ba0cde9d", "number": "3152328257", "date": "2021-01-23 11:30:00", "subject": "1", "recorded-or-robo": "Y", "city": "Maryland Hts", "state": "MO", "area-code": "314"}, {"id": "1d36742e3f24f50e4e7ae82801a3f305", "number": "3152328257", "date": "2021-01-23 11:30:00", "subject": "1", "recorded-or-robo": "Y", "city": "Maryland Hts", "state": "MO", "area-code": "314"}, {"id": "3decc6bfadaa436a105714c6ba0cd97b", "number": "8167506197", "date": "2021-01-23 10:30:00", "subject": "3", "recorded-or-robo": "", "city": "", "state": "WA", "area-code": "816"}, {"id": "1d36742e3f24f50e4e7ae82801a3ece8", "number": "8167506197", "date": "2021-01-23 10:30:00", "subject": "3", "recorded-or-robo": "", "city": "", "state": "WA", "area-code": "816"}, {"id": "3decc6bfadaa436a105714c6ba0ccb98", "number": "4708673260", "date": "2021-01-23 12:46:00", "subject": "3", "recorded-or-robo": "Y", "city": "", "state": "GA", "area-code": "404"}, {"id": "1d36742e3f24f50e4e7ae82801a3eb5a", "number": "4708673260", "date": "2021-01-23 12:46:00", "subject": "3", "recorded-or-robo": "Y", "city": "", "state": "GA", "area-code": "404"}, {"id": "3decc6bfadaa436a105714c6ba0cc38b", "number": "8637987770", "date": "2021-01-23 12:00:00", "subject": "1", "recorded-or-robo": "Y", "city": "Florissant", "state": "CO", "area-code": "863"}, {"id": "1d36742e3f24f50e4e7ae82801a3e120", "number": "8637987770", "date": "2021-01-23 12:00:00", "subject": "1", "recorded-or-robo": "Y", "city": "Florissant", "state": "CO", "area-code": "863"}, {"id": "3decc6bfadaa436a105714c6ba0cb069", "number": "8173126269", "date": "2021-01-23 11:53:00", "subject": "2", "recorded-or-robo": "Y", "city": "", "state": "TX", "area-code": "817"}, {"id": "1d36742e3f24f50e4e7ae82801a3dacc", "number": "8173126269", "date": "2021-01-23 11:53:00", "subject": "2", "recorded-or-robo": "Y", "city": "", "state": "TX", "area-code": "817"}, {"id": "3decc6bfadaa436a105714c6ba0ca791", "number": "4437671284", "date": "2020-12-04 11:29:00", "subject": "0", "recorded-or-robo": "", "city": "", "state": "MD", "area-code": "443"}, {"id": "1d36742e3f24f50e4e7ae82801a3d281", "number": "4437671284", "date": "2020-12-04 11:29:00", "subject": "0", "recorded-or-robo": "", "city": "", "state": "MD", "area-code": "443"}, {"id": "3decc6bfadaa436a105714c6ba0ca241", "number": "8639002049", "date": "2021-01-22 13:07:00", "subject": "0", "recorded-or-robo": "N", "city": "Austin", "state": "TX", "area-code": "210"}, {"id": "1d36742e3f24f50e4e7ae82801a3c920", "number": "8639002049", "date": "2021-01-22 13:07:00", "subject": "0", "recorded-or-robo": "N", "city": "Austin", "state": "TX", "area-code": "210"}, {"id": "3decc6bfadaa436a105714c6ba0c9669", "number": "315", "date": "2021-01-23 12:00:00", "subject": "11", "recorded-or-robo": "Y", "city": "Binghamton", "state": "NY", "area-code": "607"}, {"id": "1d36742e3f24f50e4e7ae82801a3c09d", "number": "315", "date": "2021-01-23 12:00:00", "subject": "11", "recorded-or-robo": "Y", "city": "Binghamton", "state": "NY", "area-code": "607"}, {"id": "3decc6bfadaa436a105714c6ba0c8a73", "number": "2018908199", "date": "2021-01-23 13:16:00", "subject": "3", "recorded-or-robo": "", "city": "", "state": "AR", "area-code": "479"}, {"id": "3decc6bfadaa436a105714c6ba0c810b", "number": "7248974538", "date": "2021-01-23 13:37:00", "subject": "4", "recorded-or-robo": "Y", "city": "", "state": "NC", "area-code": "704"}, {"id": "1d36742e3f24f50e4e7ae82801a3b2c4", "number": "2018908199", "date": "2021-01-23 13:16:00", "subject": "3", "recorded-or-robo": "", "city": "", "state": "AR", "area-code": "479"}, {"id": "1d36742e3f24f50e4e7ae82801a3aacf", "number": "7248974538", "date": "2021-01-23 13:37:00", "subject": "4", "recorded-or-robo": "Y", "city": "", "state": "NC", "area-code": "704"}, {"id": "3decc6bfadaa436a105714c6ba0c7f9c", "number": "3152328257", "date": "2021-01-23 13:25:00", "subject": "2", "recorded-or-robo": "Y", "city": "Binghamton", "state": "NY", "area-code": "607"}, {"id": "3decc6bfadaa436a105714c6ba0c71dc", "number": "8004300848", "date": "2021-01-12 09:52:00", "subject": "2", "recorded-or-robo": "Y", "city": "Cutler Bay", "state": "FL", "area-code": "305"}, {"id": "1d36742e3f24f50e4e7ae82801a3a8e7", "number": "3152328257", "date": "2021-01-23 13:25:00", "subject": "2", "recorded-or-robo": "Y", "city": "Binghamton", "state": "NY", "area-code": "607"}, {"id": "1d36742e3f24f50e4e7ae82801a3a64f", "number": "8004300848", "date": "2021-01-12 09:52:00", "subject": "2", "recorded-or-robo": "Y", "city": "Cutler Bay", "state": "FL", "area-code": "305"}, {"id": "3decc6bfadaa436a105714c6ba0c70d7", "number": "3018103316", "date": "2021-01-22 11:12:00", "subject": "2", "recorded-or-robo": "Y", "city": "Frederick", "state": "MD", "area-code": "301"}, {"id": "1d36742e3f24f50e4e7ae82801a3a383", "number": "3018103316", "date": "2021-01-22 11:12:00", "subject": "2", "recorded-or-robo": "Y", "city": "Frederick", "state": "MD", "area-code": "301"}, {"id": "3decc6bfadaa436a105714c6ba0c6f98", "number": "8176778796", "date": "2020-12-03 11:14:00", "subject": "0", "recorded-or-robo": "", "city": "", "state": "MD", "area-code": "443"}, {"id": "1d36742e3f24f50e4e7ae82801a39bd6", "number": "8176778796", "date": "2020-12-03 11:14:00", "subject": "0", "recorded-or-robo": "", "city": "", "state": "MD", "area-code": "443"}, {"id": "3decc6bfadaa436a105714c6ba0c6647", "number": "9165957567", "date": "2021-01-23 21:45:00", "subject": "5", "recorded-or-robo": "N", "city": "", "state": "CA", "area-code": "916"}, {"id": "1d36742e3f24f50e4e7ae82801a399cf", "number": "9165957567", "date": "2021-01-23 21:45:00", "subject": "5", "recorded-or-robo": "N", "city": "", "state": "CA", "area-code": "916"}, {"id": "3decc6bfadaa436a105714c6ba0bbe1c", "number": "9733332576", "date": "2021-01-23 13:23:00", "subject": "3", "recorded-or-robo": "", "city": "", "state": "NJ", "area-code": "973"}, {"id": "1d36742e3f24f50e4e7ae82801a313d4", "number": "9733332576", "date": "2021-01-23 13:23:00", "subject": "3", "recorded-or-robo": "", "city": "", "state": "NJ", "area-code": "973"}, {"id": "3decc6bfadaa436a105714c6ba0c640a", "number": "8004300848", "date": "2021-01-11 08:50:00", "subject": "2", "recorded-or-robo": "Y", "city": "Cutler Bay", "state": "FL", "area-code": "305"}, {"id": "1d36742e3f24f50e4e7ae82801a394cd", "number": "8004300848", "date": "2021-01-11 08:50:00", "subject": "2", "recorded-or-robo": "Y", "city": "Cutler Bay", "state": "FL", "area-code": "305"}, {"id": "3decc6bfadaa436a105714c6ba0c619a", "number": "9089224413", "date": "2021-01-23 12:12:00", "subject": "1", "recorded-or-robo": "Y", "city": "Hopewell", "state": "NJ", "area-code": "908"}, {"id": "1d36742e3f24f50e4e7ae82801a3891d", "number": "9089224413", "date": "2021-01-23 12:12:00", "subject": "1", "recorded-or-robo": "Y", "city": "Hopewell", "state": "NJ", "area-code": "908"}, {"id": "3decc6bfadaa436a105714c6ba0c54a1", "number": "4795754950", "date": "2021-01-22 10:56:00", "subject": "0", "recorded-or-robo": "N", "city": "Pottsville", "state": "AR", "area-code": "479"}, {"id": "1d36742e3f24f50e4e7ae82801a388c5", "number": "4795754950", "date": "2021-01-22 10:56:00", "subject": "0", "recorded-or-robo": "N", "city": "Pottsville", "state": "AR", "area-code": "479"}, {"id": "3decc6bfadaa436a105714c6ba0c4874", "number": "7326879158", "date": "2021-01-21 11:36:00", "subject": "13", "recorded-or-robo": "N", "city": "Junction City", "state": "CA", "area-code": "530"}, {"id": "1d36742e3f24f50e4e7ae82801a3825c", "number": "7326879158", "date": "2021-01-21 11:36:00", "subject": "13", "recorded-or-robo": "N", "city": "Junction City", "state": "CA", "area-code": "530"}, {"id": "3decc6bfadaa436a105714c6ba0c38da", "number": "4708673460", "date": "2021-01-23 12:46:00", "subject": "3", "recorded-or-robo": "Y", "city": "", "state": "GA", "area-code": "404"}, {"id": "1d36742e3f24f50e4e7ae82801a37f7c", "number": "4708673460", "date": "2021-01-23 12:46:00", "subject": "3", "recorded-or-robo": "Y", "city": "", "state": "GA", "area-code": "404"}, {"id": "3decc6bfadaa436a105714c6ba0c2b16", "number": "8884527455", "date": "2021-01-23 13:32:00", "subject": "2", "recorded-or-robo": "Y", "city": "FRANKLIN SQUARE", "state": "NY", "area-code": "516"}, {"id": "1d36742e3f24f50e4e7ae82801a36f8c", "number": "8884527455", "date": "2021-01-23 13:32:00", "subject": "2", "recorded-or-robo": "Y", "city": "FRANKLIN SQUARE", "state": "NY", "area-code": "516"}, {"id": "3decc6bfadaa436a105714c6ba0c222b", "number": "7207900443", "date": "2021-01-21 12:55:00", "subject": "2", "recorded-or-robo": "N", "city": "", "state": "CO", "area-code": "720"}, {"id": "1d36742e3f24f50e4e7ae82801a36b41", "number": "7207900443", "date": "2021-01-21 12:55:00", "subject": "2", "recorded-or-robo": "N", "city": "", "state": "CO", "area-code": "720"}, {"id": "3decc6bfadaa436a105714c6ba0c1616", "number": "8665279338", "date": "2021-01-23 12:20:00", "subject": "11", "recorded-or-robo": "Y", "city": "Maryland Heights", "state": "MO", "area-code": "314"}, {"id": "1d36742e3f24f50e4e7ae82801a3681b", "number": "8665279338", "date": "2021-01-23 12:20:00", "subject": "11", "recorded-or-robo": "Y", "city": "Maryland Heights", "state": "MO", "area-code": "314"}, {"id": "3decc6bfadaa436a105714c6ba0c11cd", "number": "3108300307", "date": "2021-01-23 10:21:00", "subject": "7", "recorded-or-robo": "Y", "city": "Los Angeles", "state": "CA", "area-code": "310"}]}