{"data": [{"id": "1d36742e3f24f50e4e7ae82801fb3354", "number": "", "date": "2021-01-20 08:08:00", "subject": "3", "recorded-or-robo": "Y", "city": "", "state": "WA", "area-code": "509"}, {"id": "3decc6bfadaa436a105714c6ba65194d", "number": "3032730421", "date": "2021-01-19 09:42:00", "subject": "0", "recorded-or-robo": "N", "city": "Evergreen", "state": "CO", "area-code": "303"}, {"id": "1d36742e3f24f50e4e7ae82801fb29ed", "number": "3032730421", "date": "2021-01-19 09:42:00", "subject": "0", "recorded-or-robo": "N", "city": "Evergreen", "state": "CO", "area-code": "303"}, {"id": "3decc6bfadaa436a105714c6ba650f31", "number": "5099281706", "date": "2021-01-23 15:42:00", "subject": "1", "recorded-or-robo": "Y", "city": "SPOKANE VALLEY", "state": "WA", "area-code": "509"}, {"id": "1d36742e3f24f50e4e7ae82801fb27a4", "number": "5099281706", "date": "2021-01-23 15:42:00", "subject": "1", "recorded-or-robo": "Y", "city": "SPOKANE VALLEY", "state": "WA", "area-code": "509"}, {"id": "3decc6bfadaa436a105714c6ba650196", "number": "3145606963", "date": "2021-01-23 16:25:00", "subject": "2", "recorded-or-robo": "Y", "city": "Greenfield", "state": "IN", "area-code": "314"}, {"id": "1d36742e3f24f50e4e7ae82801fb2277", "number": "3145606963", "date": "2021-01-23 16:25:00", "subject": "2", "recorded-or-robo": "Y", "city": "Greenfield", "state": "IN", "area-code": "314"}, {"id": "3decc6bfadaa436a105714c6ba64f629", "number": "9732481871", "date": "2021-01-22 14:39:00", "subject": "2", "recorded-or-robo": "N", "city": "Pompton Lakes", "state": "NJ", "area-code": "973"}, {"id": "1d36742e3f24f50e4e7ae82801fb14fd", "number": "9732481871", "date": "2021-01-22 14:39:00", "subject": "2", "recorded-or-robo": "N", "city": "Pompton Lakes", "state": "NJ", "area-code": "973"}, {"id": "3decc6bfadaa436a105714c6ba64eada", "number": "2693094442", "date": "2021-01-22 06:51:00", "subject": "2", "recorded-or-robo": "", "city": "", "state": "MI", "area-code": "248"}, {"id": "1d36742e3f24f50e4e7ae82801fb10a7", "number": "2693094442", "date": "2021-01-22 06:51:00", "subject": "2", "recorded-or-robo": "", "city": "", "state": "MI", "area-code": "248"}, {"id": "3decc6bfadaa436a105714c6ba64e7fc", "number": "9415290738", "date": "2020-12-28 21:05:00", "subject": "2", "recorded-or-robo": "", "city": "Stanwood", "state": "WA", "area-code": "360"}, {"id": "1d36742e3f24f50e4e7ae82801fb0dac", "number": "9415290738", "date": "2020-12-28 21:05:00", "subject": "2", "recorded-or-robo": "", "city": "Stanwood", "state": "WA", "area-code": "360"}, {"id": "3decc6bfadaa436a105714c6ba64e6fe", "number": "3853262873", "date": "2021-01-23 13:29:00", "subject": "2", "recorded-or-robo": "N", "city": "Waxhaw", "state": "NC", "area-code": "615"}, {"id": "1d36742e3f24f50e4e7ae82801fb0915", "number": "3853262873", "date": "2021-01-23 13:29:00", "subject": "2", "recorded-or-robo": "N", "city": "Waxhaw", "state": "NC", "area-code": "615"}, {"id": "3decc6bfadaa436a105714c6ba64e0bc", "number": "4805814769", "date": "2021-01-23 17:35:00", "subject": "2", "recorded-or-robo": "N", "city": "Tempe", "state": "AZ", "area-code": "480"}, {"id": "1d36742e3f24f50e4e7ae82801fafc48", "number": "4805814769", "date": "2021-01-23 17:35:00", "subject": "2", "recorded-or-robo": "N", "city": "Tempe", "state": "AZ", "area-code": "480"}, {"id": "3decc6bfadaa436a105714c6ba64e0aa", "number": "3032730421", "date": "2021-01-19 09:28:00", "subject": "0", "recorded-or-robo": "N", "city": "Evergreen", "state": "CO", "area-code": "303"}, {"id": "1d36742e3f24f50e4e7ae82801faf30e", "number": "3032730421", "date": "2021-01-19 09:28:00", "subject": "0", "recorded-or-robo": "N", "city": "Evergreen", "state": "CO", "area-code": "303"}, {"id": "3decc6bfadaa436a105714c6ba64d70e", "number": "8556782702", "date": "2021-01-23 00:00:00", "subject": "11", "recorded-or-robo": "Y", "city": "Spokane", "state": "WA", "area-code": "509"}, {"id": "1d36742e3f24f50e4e7ae82801fae881", "number": "8556782702", "date": "2021-01-23 00:00:00", "subject": "11", "recorded-or-robo": "Y", "city": "Spokane", "state": "WA", "area-code": "509"}, {"id": "3decc6bfadaa436a105714c6ba8089e7", "number": "+15106116854", "date": "2021-01-23 19:50:14", "subject": "3", "recorded-or-robo": "Y", "city": "", "state": "CA", "area-code": "510"}, {"id": "03e293b3df9e35eadf15c56119170351", "number": "+15106116854", "date": "2021-01-23 19:50:14", "subject": "3", "recorded-or-robo": "Y", "city": "", "state": "CA", "area-code": "510"}, {"id": "3decc6bfadaa436a105714c6ba64c85a", "number": "5099289361", "date": "2021-01-23 15:56:00", "subject": "1", "recorded-or-robo": "Y", "city": "SPOKANE VALLEY", "state": "WA", "area-code": "509"}, {"id": "1d36742e3f24f50e4e7ae82801fad8ef", "number": "5099289361", "date": "2021-01-23 15:56:00", "subject": "1", "recorded-or-robo": "Y", "city": "SPOKANE VALLEY", "state": "WA", "area-code": "509"}, {"id": "3decc6bfadaa436a105714c6ba64bf5c", "number": "9723992312", "date": "2021-01-21 11:24:00", "subject": "1", "recorded-or-robo": "Y", "city": "", "state": "TX", "area-code": "214"}, {"id": "1d36742e3f24f50e4e7ae82801facfc8", "number": "9723992312", "date": "2021-01-21 11:24:00", "subject": "1", "recorded-or-robo": "Y", "city": "", "state": "TX", "area-code": "214"}, {"id": "3decc6bfadaa436a105714c6ba64b353", "number": "", "date": "2021-01-23 16:42:00", "subject": "2", "recorded-or-robo": "Y", "city": "San Jose", "state": "CA", "area-code": "408"}, {"id": "1d36742e3f24f50e4e7ae82801fac772", "number": "", "date": "2021-01-23 16:42:00", "subject": "2", "recorded-or-robo": "Y", "city": "San Jose", "state": "CA", "area-code": "408"}, {"id": "3decc6bfadaa436a105714c6ba64a683", "number": "8556781090", "date": "2021-01-23 00:00:00", "subject": "11", "recorded-or-robo": "Y", "city": "Spokane", "state": "WA", "area-code": "509"}, {"id": "1d36742e3f24f50e4e7ae82801fabdc2", "number": "8556781090", "date": "2021-01-23 00:00:00", "subject": "11", "recorded-or-robo": "Y", "city": "Spokane", "state": "WA", "area-code": "509"}, {"id": "3decc6bfadaa436a105714c6ba80997b", "number": "+15106556653", "date": "2021-01-23 19:48:58", "subject": "3", "recorded-or-robo": "Y", "city": "", "state": "CA", "area-code": "510"}, {"id": "03e293b3df9e35eadf15c56119170b44", "number": "+15106556653", "date": "2021-01-23 19:48:58", "subject": "3", "recorded-or-robo": "Y", "city": "", "state": "CA", "area-code": "510"}, {"id": "3decc6bfadaa436a105714c6ba649739", "number": "314486970", "date": "2021-01-23 12:00:00", "subject": "2", "recorded-or-robo": "Y", "city": "Ballwin", "state": "MO", "area-code": "314"}, {"id": "1d36742e3f24f50e4e7ae82801fab4f0", "number": "314486970", "date": "2021-01-23 12:00:00", "subject": "2", "recorded-or-robo": "Y", "city": "Ballwin", "state": "MO", "area-code": "314"}, {"id": "3decc6bfadaa436a105714c6ba649521", "number": "9739217997", "date": "2021-01-23 12:09:00", "subject": "0", "recorded-or-robo": "N", "city": "Pompton Lakes", "state": "NJ", "area-code": "973"}, {"id": "1d36742e3f24f50e4e7ae82801faac7c", "number": "9739217997", "date": "2021-01-23 12:09:00", "subject": "0", "recorded-or-robo": "N", "city": "Pompton Lakes", "state": "NJ", "area-code": "973"}, {"id": "3decc6bfadaa436a105714c6ba648e91", "number": "9133016353", "date": "2021-01-22 16:00:00", "subject": "0", "recorded-or-robo": "Y", "city": "", "state": "MD", "area-code": "410"}, {"id": "1d36742e3f24f50e4e7ae82801faa14a", "number": "9133016353", "date": "2021-01-22 16:00:00", "subject": "0", "recorded-or-robo": "Y", "city": "", "state": "MD", "area-code": "410"}, {"id": "3decc6bfadaa436a105714c6ba647f48", "number": "", "date": "2021-01-14 01:18:00", "subject": "2", "recorded-or-robo": "Y", "city": "", "state": "AL", "area-code": "256"}, {"id": "1d36742e3f24f50e4e7ae82801fa9b4f", "number": "", "date": "2021-01-14 01:18:00", "subject": "2", "recorded-or-robo": "Y", "city": "", "state": "AL", "area-code": "256"}, {"id": "3decc6bfadaa436a105714c6ba6474bf", "number": "8556785612", "date": "2021-01-23 00:00:00", "subject": "11", "recorded-or-robo": "Y", "city": "Spokane", "state": "WA", "area-code": "509"}, {"id": "1d36742e3f24f50e4e7ae82801fa9202", "number": "8556785612", "date": "2021-01-23 00:00:00", "subject": "11", "recorded-or-robo": "Y", "city": "Spokane", "state": "WA", "area-code": "509"}, {"id": "3decc6bfadaa436a105714c6ba646d02", "number": "9733158111", "date": "2021-01-22 10:46:00", "subject": "0", "recorded-or-robo": "N", "city": "Pompton Lakes", "state": "NJ", "area-code": "973"}, {"id": "1d36742e3f24f50e4e7ae82801fa89fb", "number": "9733158111", "date": "2021-01-22 10:46:00", "subject": "0", "recorded-or-robo": "N", "city": "Pompton Lakes", "state": "NJ", "area-code": "973"}, {"id": "3decc6bfadaa436a105714c6ba646b67", "number": "8003471000", "date": "2021-01-22 15:00:00", "subject": "0", "recorded-or-robo": "Y", "city": "", "state": "MD", "area-code": "410"}, {"id": "1d36742e3f24f50e4e7ae82801fa7cb5", "number": "8003471000", "date": "2021-01-22 15:00:00", "subject": "0", "recorded-or-robo": "Y", "city": "", "state": "MD", "area-code": "410"}, {"id": "3decc6bfadaa436a105714c6ba807542", "number": "2816634794", "date": "2021-01-23 19:47:04", "subject": "3", "recorded-or-robo": "Y", "city": "", "state": "TX", "area-code": "281"}, {"id": "03e293b3df9e35eadf15c5611916f2fa", "number": "2816634794", "date": "2021-01-23 19:47:04", "subject": "3", "recorded-or-robo": "Y", "city": "", "state": "TX", "area-code": "281"}, {"id": "3decc6bfadaa436a105714c6ba6463d5", "number": "12321", "date": "2021-01-23 11:15:00", "subject": "6", "recorded-or-robo": "Y", "city": "Cassville", "state": "NY", "area-code": "315"}]}