{"data": [{"id": "1d36742e3f24f50e4e7ae828017e12e6", "number": "3525476607", "date": "2021-01-23 11:20:00", "subject": "8", "recorded-or-robo": "Y", "city": "Ocala", "state": "FL", "area-code": "352"}, {"id": "e81c9350d54f66c6d33b3747eee86436", "number": "8776389710", "date": "2021-01-22 17:27:00", "subject": "0", "recorded-or-robo": "Y", "city": "", "state": "NJ", "area-code": "201"}, {"id": "1d36742e3f24f50e4e7ae828017e0378", "number": "8776389710", "date": "2021-01-22 17:27:00", "subject": "0", "recorded-or-robo": "Y", "city": "", "state": "NJ", "area-code": "201"}, {"id": "e81c9350d54f66c6d33b3747eee8589a", "number": "8788797123", "date": "2021-01-22 13:15:00", "subject": "2", "recorded-or-robo": "Y", "city": "", "state": "IA", "area-code": "563"}, {"id": "1d36742e3f24f50e4e7ae828017dfd36", "number": "8788797123", "date": "2021-01-22 13:15:00", "subject": "2", "recorded-or-robo": "Y", "city": "", "state": "IA", "area-code": "563"}, {"id": "e81c9350d54f66c6d33b3747eee847a5", "number": "2622226624", "date": "2021-01-23 09:05:00", "subject": "3", "recorded-or-robo": "Y", "city": "", "state": "WY", "area-code": "307"}, {"id": "1d36742e3f24f50e4e7ae828017dea47", "number": "2622226624", "date": "2021-01-23 09:05:00", "subject": "3", "recorded-or-robo": "Y", "city": "", "state": "WY", "area-code": "307"}, {"id": "e81c9350d54f66c6d33b3747eee8450a", "number": "3144844974", "date": "2021-01-22 14:00:00", "subject": "2", "recorded-or-robo": "", "city": "Maryland Heights", "state": "MO", "area-code": "314"}, {"id": "1d36742e3f24f50e4e7ae828017dddf4", "number": "3144844974", "date": "2021-01-22 14:00:00", "subject": "2", "recorded-or-robo": "", "city": "Maryland Heights", "state": "MO", "area-code": "314"}, {"id": "e81c9350d54f66c6d33b3747eee840f1", "number": "4058170393", "date": "2021-01-23 13:23:00", "subject": "4", "recorded-or-robo": "Y", "city": "NORMAN", "state": "OK", "area-code": "405"}, {"id": "1d36742e3f24f50e4e7ae828017ddda9", "number": "4058170393", "date": "2021-01-23 13:23:00", "subject": "4", "recorded-or-robo": "Y", "city": "NORMAN", "state": "OK", "area-code": "405"}, {"id": "e81c9350d54f66c6d33b3747eee7e409", "number": "9544978386", "date": "2021-01-20 09:32:00", "subject": "3", "recorded-or-robo": "", "city": "", "state": "NE", "area-code": "402"}, {"id": "1d36742e3f24f50e4e7ae828017d8e58", "number": "9544978386", "date": "2021-01-20 09:32:00", "subject": "3", "recorded-or-robo": "", "city": "", "state": "NE", "area-code": "402"}, {"id": "e81c9350d54f66c6d33b3747eee83c02", "number": "6127990072", "date": "2021-01-23 10:09:00", "subject": "4", "recorded-or-robo": "Y", "city": "Minneapolis", "state": "MN", "area-code": "980"}, {"id": "1d36742e3f24f50e4e7ae828017ddb69", "number": "6127990072", "date": "2021-01-23 10:09:00", "subject": "4", "recorded-or-robo": "Y", "city": "Minneapolis", "state": "MN", "area-code": "980"}, {"id": "e81c9350d54f66c6d33b3747eee8365b", "number": "7164759548", "date": "2021-01-23 11:04:00", "subject": "1", "recorded-or-robo": "Y", "city": "Wilmington", "state": "NC", "area-code": "910"}, {"id": "1d36742e3f24f50e4e7ae828017dce1a", "number": "7164759548", "date": "2021-01-23 11:04:00", "subject": "1", "recorded-or-robo": "Y", "city": "Wilmington", "state": "NC", "area-code": "910"}, {"id": "e81c9350d54f66c6d33b3747eee82814", "number": "3144842544", "date": "2021-01-22 12:55:00", "subject": "2", "recorded-or-robo": "", "city": "Maryland Heights", "state": "MO", "area-code": "314"}, {"id": "1d36742e3f24f50e4e7ae828017dc66a", "number": "3144842544", "date": "2021-01-22 12:55:00", "subject": "2", "recorded-or-robo": "", "city": "Maryland Heights", "state": "MO", "area-code": "314"}, {"id": "e81c9350d54f66c6d33b3747eee820bc", "number": "3193135926", "date": "2021-01-22 09:55:00", "subject": "2", "recorded-or-robo": "Y", "city": "", "state": "IA", "area-code": "563"}, {"id": "1d36742e3f24f50e4e7ae828017dc257", "number": "3193135926", "date": "2021-01-22 09:55:00", "subject": "2", "recorded-or-robo": "Y", "city": "", "state": "IA", "area-code": "563"}, {"id": "e81c9350d54f66c6d33b3747eee7f17c", "number": "7139701160", "date": "2021-01-22 17:56:00", "subject": "3", "recorded-or-robo": "N", "city": "", "state": "OH", "area-code": "440"}, {"id": "1d36742e3f24f50e4e7ae828017d9e14", "number": "7139701160", "date": "2021-01-22 17:56:00", "subject": "3", "recorded-or-robo": "N", "city": "", "state": "OH", "area-code": "440"}, {"id": "e81c9350d54f66c6d33b3747eee816a8", "number": "6315427416", "date": "2021-01-23 11:19:00", "subject": "6", "recorded-or-robo": "Y", "city": "Sound Beach", "state": "NY", "area-code": "631"}, {"id": "1d36742e3f24f50e4e7ae828017db914", "number": "6315427416", "date": "2021-01-23 11:19:00", "subject": "6", "recorded-or-robo": "Y", "city": "Sound Beach", "state": "NY", "area-code": "631"}, {"id": "e81c9350d54f66c6d33b3747eee80a08", "number": "3144847468", "date": "2021-01-22 12:21:00", "subject": "2", "recorded-or-robo": "", "city": "Maryland Heights", "state": "MO", "area-code": "314"}, {"id": "1d36742e3f24f50e4e7ae828017db4be", "number": "3144847468", "date": "2021-01-22 12:21:00", "subject": "2", "recorded-or-robo": "", "city": "Maryland Heights", "state": "MO", "area-code": "314"}, {"id": "e81c9350d54f66c6d33b3747eee7fcf7", "number": "3144975106", "date": "2021-01-23 10:03:00", "subject": "2", "recorded-or-robo": "Y", "city": "SAINT LOUIS", "state": "MO", "area-code": "314"}, {"id": "1d36742e3f24f50e4e7ae828017da4cf", "number": "3144975106", "date": "2021-01-23 10:03:00", "subject": "2", "recorded-or-robo": "Y", "city": "SAINT LOUIS", "state": "MO", "area-code": "314"}, {"id": "e81c9350d54f66c6d33b3747eee7e565", "number": "7042669700", "date": "2021-01-23 11:06:00", "subject": "4", "recorded-or-robo": "Y", "city": "Winnabow", "state": "NC", "area-code": "704"}, {"id": "1d36742e3f24f50e4e7ae828017d98c2", "number": "7042669700", "date": "2021-01-23 11:06:00", "subject": "4", "recorded-or-robo": "Y", "city": "Winnabow", "state": "NC", "area-code": "704"}, {"id": "e81c9350d54f66c6d33b3747eee7db63", "number": "3144846248", "date": "2021-01-22 12:12:00", "subject": "2", "recorded-or-robo": "", "city": "Maryland Heights", "state": "MO", "area-code": "314"}, {"id": "1d36742e3f24f50e4e7ae828017d8052", "number": "3144846248", "date": "2021-01-22 12:12:00", "subject": "2", "recorded-or-robo": "", "city": "Maryland Heights", "state": "MO", "area-code": "314"}, {"id": "e81c9350d54f66c6d33b3747eee7d256", "number": "4176417523", "date": "2021-01-22 00:00:00", "subject": "2", "recorded-or-robo": "N", "city": "El Prado", "state": "NM", "area-code": "410"}, {"id": "1d36742e3f24f50e4e7ae828017d7c3f", "number": "4176417523", "date": "2021-01-22 00:00:00", "subject": "2", "recorded-or-robo": "N", "city": "El Prado", "state": "NM", "area-code": "410"}, {"id": "e81c9350d54f66c6d33b3747eee7cbf8", "number": "3144845022", "date": "2021-01-22 11:02:00", "subject": "2", "recorded-or-robo": "", "city": "Maryland Heights", "state": "MO", "area-code": "314"}, {"id": "1d36742e3f24f50e4e7ae828017d716b", "number": "3144845022", "date": "2021-01-22 11:02:00", "subject": "2", "recorded-or-robo": "", "city": "Maryland Heights", "state": "MO", "area-code": "314"}, {"id": "e81c9350d54f66c6d33b3747eee7c968", "number": "3034693285", "date": "2021-01-22 15:17:00", "subject": "0", "recorded-or-robo": "", "city": "Broomfield", "state": "CO", "area-code": "303"}, {"id": "1d36742e3f24f50e4e7ae828017d6588", "number": "3034693285", "date": "2021-01-22 15:17:00", "subject": "0", "recorded-or-robo": "", "city": "Broomfield", "state": "CO", "area-code": "303"}, {"id": "e81c9350d54f66c6d33b3747eee7c147", "number": "", "date": "2021-01-23 10:05:00", "subject": "1", "recorded-or-robo": "Y", "city": "Kouts", "state": "IN", "area-code": "219"}, {"id": "1d36742e3f24f50e4e7ae828017d64bf", "number": "", "date": "2021-01-23 10:05:00", "subject": "1", "recorded-or-robo": "Y", "city": "Kouts", "state": "IN", "area-code": "219"}, {"id": "e81c9350d54f66c6d33b3747eee7bed5", "number": "9354749503", "date": "2020-11-18 11:09:00", "subject": "15", "recorded-or-robo": "Y", "city": "Delhi", "state": "SC", "area-code": "843"}, {"id": "1d36742e3f24f50e4e7ae828017d551a", "number": "9354749503", "date": "2020-11-18 11:09:00", "subject": "15", "recorded-or-robo": "Y", "city": "Delhi", "state": "SC", "area-code": "843"}, {"id": "e81c9350d54f66c6d33b3747eee7b5e5", "number": "7476001738", "date": "2021-01-23 11:14:00", "subject": "13", "recorded-or-robo": "N", "city": "sun city center", "state": "FL", "area-code": "813"}, {"id": "1d36742e3f24f50e4e7ae828017d4bb8", "number": "7476001738", "date": "2021-01-23 11:14:00", "subject": "13", "recorded-or-robo": "N", "city": "sun city center", "state": "FL", "area-code": "813"}, {"id": "e81c9350d54f66c6d33b3747eee7b44c", "number": "8025313573", "date": "2021-01-23 11:20:00", "subject": "0", "recorded-or-robo": "N", "city": "Burlington", "state": "VT", "area-code": "802"}, {"id": "1d36742e3f24f50e4e7ae828017d4176", "number": "8025313573", "date": "2021-01-23 11:20:00", "subject": "0", "recorded-or-robo": "N", "city": "Burlington", "state": "VT", "area-code": "802"}, {"id": "e81c9350d54f66c6d33b3747eee79a82", "number": "3345395287", "date": "2021-01-23 10:06:00", "subject": "3", "recorded-or-robo": "N", "city": "", "state": "AL", "area-code": "334"}, {"id": "1d36742e3f24f50e4e7ae828017d1756", "number": "3345395287", "date": "2021-01-23 10:06:00", "subject": "3", "recorded-or-robo": "N", "city": "", "state": "AL", "area-code": "334"}, {"id": "e81c9350d54f66c6d33b3747eee7ab6d", "number": "2602170383", "date": "2021-01-23 11:14:00", "subject": "1", "recorded-or-robo": "Y", "city": "", "state": "IN", "area-code": "260"}]}