{"data": [{"id": "1d36742e3f24f50e4e7ae82801ac5c40", "number": "9493855475", "date": "2021-01-11 09:33:00", "subject": "3", "recorded-or-robo": "", "city": "", "state": "CA", "area-code": "949"}, {"id": "3decc6bfadaa436a105714c6ba151ec2", "number": "4023805510", "date": "2021-01-20 18:00:00", "subject": "2", "recorded-or-robo": "Y", "city": "", "state": "NE", "area-code": "402"}, {"id": "1d36742e3f24f50e4e7ae82801ac4fc1", "number": "4023805510", "date": "2021-01-20 18:00:00", "subject": "2", "recorded-or-robo": "Y", "city": "", "state": "NE", "area-code": "402"}, {"id": "3decc6bfadaa436a105714c6ba151b60", "number": "2567879139", "date": "2021-01-20 17:09:00", "subject": "2", "recorded-or-robo": "", "city": "Bremen", "state": "AL", "area-code": "256"}, {"id": "1d36742e3f24f50e4e7ae82801ac4a97", "number": "2567879139", "date": "2021-01-20 17:09:00", "subject": "2", "recorded-or-robo": "", "city": "Bremen", "state": "AL", "area-code": "256"}, {"id": "3decc6bfadaa436a105714c6ba151060", "number": "", "date": "2021-01-23 11:58:00", "subject": "2", "recorded-or-robo": "Y", "city": "Saint Louis", "state": "MO", "area-code": "314"}, {"id": "1d36742e3f24f50e4e7ae82801ac4322", "number": "", "date": "2021-01-23 11:58:00", "subject": "2", "recorded-or-robo": "Y", "city": "Saint Louis", "state": "MO", "area-code": "314"}, {"id": "3decc6bfadaa436a105714c6ba151047", "number": "", "date": "2021-01-22 12:00:00", "subject": "2", "recorded-or-robo": "Y", "city": "St. Louis", "state": "MO", "area-code": "314"}, {"id": "1d36742e3f24f50e4e7ae82801ac3d2f", "number": "", "date": "2021-01-22 12:00:00", "subject": "2", "recorded-or-robo": "Y", "city": "St. Louis", "state": "MO", "area-code": "314"}, {"id": "3decc6bfadaa436a105714c6ba1506d7", "number": "7204639488", "date": "2021-01-22 11:06:00", "subject": "2", "recorded-or-robo": "N", "city": "", "state": "CO", "area-code": "720"}, {"id": "3decc6bfadaa436a105714c6ba14fa3b", "number": "2815509200", "date": "2021-01-23 13:27:00", "subject": "2", "recorded-or-robo": "N", "city": "PHOENIXVILLE", "state": "PA", "area-code": "610"}, {"id": "1d36742e3f24f50e4e7ae82801ac341c", "number": "7204639488", "date": "2021-01-22 11:06:00", "subject": "2", "recorded-or-robo": "N", "city": "", "state": "CO", "area-code": "720"}, {"id": "1d36742e3f24f50e4e7ae82801ac2ae9", "number": "2815509200", "date": "2021-01-23 13:27:00", "subject": "2", "recorded-or-robo": "N", "city": "PHOENIXVILLE", "state": "PA", "area-code": "610"}, {"id": "3decc6bfadaa436a105714c6ba14f597", "number": "9494076604", "date": "2021-01-09 08:46:00", "subject": "3", "recorded-or-robo": "", "city": "", "state": "CA", "area-code": "949"}, {"id": "1d36742e3f24f50e4e7ae82801ac1bf4", "number": "9494076604", "date": "2021-01-09 08:46:00", "subject": "3", "recorded-or-robo": "", "city": "", "state": "CA", "area-code": "949"}, {"id": "3decc6bfadaa436a105714c6ba14f07d", "number": "8668418831", "date": "2021-01-23 11:52:00", "subject": "1", "recorded-or-robo": "Y", "city": "Philadelphia", "state": "PA", "area-code": "401"}, {"id": "3decc6bfadaa436a105714c6ba14ea40", "number": "8562086208", "date": "2021-01-20 19:42:00", "subject": "0", "recorded-or-robo": "Y", "city": "Bridgeton", "state": "NJ", "area-code": "856"}, {"id": "1d36742e3f24f50e4e7ae82801ac1460", "number": "8668418831", "date": "2021-01-23 11:52:00", "subject": "1", "recorded-or-robo": "Y", "city": "Philadelphia", "state": "PA", "area-code": "401"}, {"id": "1d36742e3f24f50e4e7ae82801ac08db", "number": "8562086208", "date": "2021-01-20 19:42:00", "subject": "0", "recorded-or-robo": "Y", "city": "Bridgeton", "state": "NJ", "area-code": "856"}, {"id": "3decc6bfadaa436a105714c6ba14e5a6", "number": "9712678608", "date": "2021-01-23 10:55:00", "subject": "3", "recorded-or-robo": "Y", "city": "BISHOP", "state": "CA", "area-code": "971"}, {"id": "1d36742e3f24f50e4e7ae82801ac0748", "number": "9712678608", "date": "2021-01-23 10:55:00", "subject": "3", "recorded-or-robo": "Y", "city": "BISHOP", "state": "CA", "area-code": "971"}, {"id": "3decc6bfadaa436a105714c6ba14d788", "number": "5103064001", "date": "2021-01-23 10:39:00", "subject": "0", "recorded-or-robo": "Y", "city": "Bishop", "state": "CA", "area-code": "760"}, {"id": "1d36742e3f24f50e4e7ae82801ac05fa", "number": "5103064001", "date": "2021-01-23 10:39:00", "subject": "0", "recorded-or-robo": "Y", "city": "Bishop", "state": "CA", "area-code": "760"}, {"id": "3decc6bfadaa436a105714c6ba14d4a3", "number": "7744701800", "date": "2021-01-22 12:31:00", "subject": "2", "recorded-or-robo": "Y", "city": "Westcliffe", "state": "CO", "area-code": "719"}, {"id": "3decc6bfadaa436a105714c6ba14a476", "number": "2292071441", "date": "2021-01-23 11:53:00", "subject": "3", "recorded-or-robo": "N", "city": "", "state": "GA", "area-code": "678"}, {"id": "1d36742e3f24f50e4e7ae82801ac0100", "number": "7744701800", "date": "2021-01-22 12:31:00", "subject": "2", "recorded-or-robo": "Y", "city": "Westcliffe", "state": "CO", "area-code": "719"}, {"id": "1d36742e3f24f50e4e7ae82801abd2cc", "number": "2292071441", "date": "2021-01-23 11:53:00", "subject": "3", "recorded-or-robo": "N", "city": "", "state": "GA", "area-code": "678"}, {"id": "3decc6bfadaa436a105714c6ba14c7e6", "number": "6148380106", "date": "2021-01-23 11:11:00", "subject": "2", "recorded-or-robo": "N", "city": "Columbus", "state": "OH", "area-code": "614"}, {"id": "1d36742e3f24f50e4e7ae82801abfa22", "number": "6148380106", "date": "2021-01-23 11:11:00", "subject": "2", "recorded-or-robo": "N", "city": "Columbus", "state": "OH", "area-code": "614"}, {"id": "3decc6bfadaa436a105714c6ba14c32c", "number": "8008721213", "date": "2021-01-22 12:00:00", "subject": "1", "recorded-or-robo": "N", "city": "Salt Lake City", "state": "UT", "area-code": "801"}, {"id": "1d36742e3f24f50e4e7ae82801abf04d", "number": "8008721213", "date": "2021-01-22 12:00:00", "subject": "1", "recorded-or-robo": "N", "city": "Salt Lake City", "state": "UT", "area-code": "801"}, {"id": "3decc6bfadaa436a105714c6ba14b8d8", "number": "", "date": "2021-01-23 14:00:00", "subject": "11", "recorded-or-robo": "Y", "city": "", "state": "NY", "area-code": "607"}, {"id": "1d36742e3f24f50e4e7ae82801abe1d1", "number": "", "date": "2021-01-23 14:00:00", "subject": "11", "recorded-or-robo": "Y", "city": "", "state": "NY", "area-code": "607"}, {"id": "3decc6bfadaa436a105714c6ba14b35b", "number": "8086619986", "date": "2021-01-23 12:51:00", "subject": "2", "recorded-or-robo": "Y", "city": "Friendswood", "state": "TX", "area-code": "313"}, {"id": "1d36742e3f24f50e4e7ae82801abdf8d", "number": "8086619986", "date": "2021-01-23 12:51:00", "subject": "2", "recorded-or-robo": "Y", "city": "Friendswood", "state": "TX", "area-code": "313"}, {"id": "3decc6bfadaa436a105714c6ba149c7a", "number": "8563292420", "date": "2021-01-20 15:12:00", "subject": "0", "recorded-or-robo": "Y", "city": "Bridgeton", "state": "NJ", "area-code": "856"}, {"id": "1d36742e3f24f50e4e7ae82801abd256", "number": "8563292420", "date": "2021-01-20 15:12:00", "subject": "0", "recorded-or-robo": "Y", "city": "Bridgeton", "state": "NJ", "area-code": "856"}, {"id": "3decc6bfadaa436a105714c6ba14987c", "number": "8086638475", "date": "2021-01-23 00:00:00", "subject": "2", "recorded-or-robo": "Y", "city": "", "state": "MI", "area-code": "313"}, {"id": "1d36742e3f24f50e4e7ae82801abc8f2", "number": "8086638475", "date": "2021-01-23 00:00:00", "subject": "2", "recorded-or-robo": "Y", "city": "", "state": "MI", "area-code": "313"}, {"id": "3decc6bfadaa436a105714c6ba1491e5", "number": "9494076604", "date": "2021-01-12 08:47:00", "subject": "3", "recorded-or-robo": "", "city": "", "state": "CA", "area-code": "949"}, {"id": "1d36742e3f24f50e4e7ae82801abc4fa", "number": "9494076604", "date": "2021-01-12 08:47:00", "subject": "3", "recorded-or-robo": "", "city": "", "state": "CA", "area-code": "949"}, {"id": "3decc6bfadaa436a105714c6ba148704", "number": "7207410225", "date": "2021-01-22 10:44:00", "subject": "2", "recorded-or-robo": "N", "city": "", "state": "CO", "area-code": "720"}, {"id": "1d36742e3f24f50e4e7ae82801abc068", "number": "7207410225", "date": "2021-01-22 10:44:00", "subject": "2", "recorded-or-robo": "N", "city": "", "state": "CO", "area-code": "720"}, {"id": "3decc6bfadaa436a105714c6ba1479d0", "number": "", "date": "2021-01-23 13:50:00", "subject": "1", "recorded-or-robo": "Y", "city": "Greer", "state": "SC", "area-code": "484"}, {"id": "1d36742e3f24f50e4e7ae82801abb939", "number": "", "date": "2021-01-23 13:50:00", "subject": "1", "recorded-or-robo": "Y", "city": "Greer", "state": "SC", "area-code": "484"}, {"id": "3decc6bfadaa436a105714c6ba147257", "number": "4105700381", "date": "2021-01-23 13:54:00", "subject": "1", "recorded-or-robo": "Y", "city": "Baldwin", "state": "MD", "area-code": "410"}, {"id": "1d36742e3f24f50e4e7ae82801abb68a", "number": "4105700381", "date": "2021-01-23 13:54:00", "subject": "1", "recorded-or-robo": "Y", "city": "Baldwin", "state": "MD", "area-code": "410"}, {"id": "3decc6bfadaa436a105714c6ba14655b", "number": "2566965751", "date": "2021-01-21 10:05:00", "subject": "2", "recorded-or-robo": "", "city": "Bremen", "state": "AL", "area-code": "256"}, {"id": "1d36742e3f24f50e4e7ae82801abb517", "number": "2566965751", "date": "2021-01-21 10:05:00", "subject": "2", "recorded-or-robo": "", "city": "Bremen", "state": "AL", "area-code": "256"}, {"id": "3decc6bfadaa436a105714c6ba1460df", "number": "9494076604", "date": "2021-01-12 08:48:00", "subject": "3", "recorded-or-robo": "", "city": "", "state": "CA", "area-code": "949"}]}