{"data": [{"id": "1d36742e3f24f50e4e7ae82801bb0143", "number": "9259641486", "date": "2021-01-23 00:00:00", "subject": "2", "recorded-or-robo": "", "city": "", "state": "CA", "area-code": "925"}, {"id": "3decc6bfadaa436a105714c6ba23a052", "number": "2023017276", "date": "2021-01-22 17:01:00", "subject": "1", "recorded-or-robo": "Y", "city": "", "state": "MN", "area-code": "763"}, {"id": "1d36742e3f24f50e4e7ae82801baf479", "number": "2023017276", "date": "2021-01-22 17:01:00", "subject": "1", "recorded-or-robo": "Y", "city": "", "state": "MN", "area-code": "763"}, {"id": "3decc6bfadaa436a105714c6ba239ae8", "number": "5055334063", "date": "2021-01-23 10:27:00", "subject": "9", "recorded-or-robo": "N", "city": "Corrales", "state": "NM", "area-code": "505"}, {"id": "1d36742e3f24f50e4e7ae82801bae637", "number": "5055334063", "date": "2021-01-23 10:27:00", "subject": "9", "recorded-or-robo": "N", "city": "Corrales", "state": "NM", "area-code": "505"}, {"id": "3decc6bfadaa436a105714c6ba239535", "number": "2623324069", "date": "2021-01-22 10:30:00", "subject": "0", "recorded-or-robo": "", "city": "Germantown", "state": "WI", "area-code": "262"}, {"id": "1d36742e3f24f50e4e7ae82801bad682", "number": "2623324069", "date": "2021-01-22 10:30:00", "subject": "0", "recorded-or-robo": "", "city": "Germantown", "state": "WI", "area-code": "262"}, {"id": "3decc6bfadaa436a105714c6ba23829d", "number": "5859738339", "date": "2021-01-07 10:53:00", "subject": "3", "recorded-or-robo": "Y", "city": "", "state": "NY", "area-code": "585"}, {"id": "1d36742e3f24f50e4e7ae82801bac1ac", "number": "5859738339", "date": "2021-01-07 10:53:00", "subject": "3", "recorded-or-robo": "Y", "city": "", "state": "NY", "area-code": "585"}, {"id": "3decc6bfadaa436a105714c6ba237947", "number": "2023017276", "date": "2021-01-22 17:00:00", "subject": "1", "recorded-or-robo": "Y", "city": "", "state": "MN", "area-code": "763"}, {"id": "1d36742e3f24f50e4e7ae82801baba24", "number": "2023017276", "date": "2021-01-22 17:00:00", "subject": "1", "recorded-or-robo": "Y", "city": "", "state": "MN", "area-code": "763"}, {"id": "3decc6bfadaa436a105714c6ba236f04", "number": "3152328257", "date": "2021-01-23 10:32:00", "subject": "1", "recorded-or-robo": "Y", "city": "Kewanna", "state": "IN", "area-code": "574"}, {"id": "1d36742e3f24f50e4e7ae82801bab319", "number": "3152328257", "date": "2021-01-23 10:32:00", "subject": "1", "recorded-or-robo": "Y", "city": "Kewanna", "state": "IN", "area-code": "574"}, {"id": "3decc6bfadaa436a105714c6ba236dc1", "number": "", "date": "2021-01-23 13:50:00", "subject": "4", "recorded-or-robo": "Y", "city": "Woodbine", "state": "MD", "area-code": "301"}, {"id": "1d36742e3f24f50e4e7ae82801baabca", "number": "", "date": "2021-01-23 13:50:00", "subject": "4", "recorded-or-robo": "Y", "city": "Woodbine", "state": "MD", "area-code": "301"}, {"id": "3decc6bfadaa436a105714c6ba236b91", "number": "4153532808", "date": "2021-01-21 11:47:00", "subject": "2", "recorded-or-robo": "Y", "city": "Mill Valley", "state": "CA", "area-code": "415"}, {"id": "1d36742e3f24f50e4e7ae82801baa7f1", "number": "4153532808", "date": "2021-01-21 11:47:00", "subject": "2", "recorded-or-robo": "Y", "city": "Mill Valley", "state": "CA", "area-code": "415"}, {"id": "3decc6bfadaa436a105714c6ba234d17", "number": "9145553452", "date": "2021-01-23 12:45:00", "subject": "3", "recorded-or-robo": "N", "city": "", "state": "NY", "area-code": "716"}, {"id": "1d36742e3f24f50e4e7ae82801ba7aaa", "number": "9145553452", "date": "2021-01-23 12:45:00", "subject": "3", "recorded-or-robo": "N", "city": "", "state": "NY", "area-code": "716"}, {"id": "3decc6bfadaa436a105714c6ba2362d1", "number": "5012845029", "date": "2021-01-22 09:02:00", "subject": "6", "recorded-or-robo": "Y", "city": "Rochelle", "state": "IL", "area-code": "815"}, {"id": "1d36742e3f24f50e4e7ae82801ba9f4a", "number": "5012845029", "date": "2021-01-22 09:02:00", "subject": "6", "recorded-or-robo": "Y", "city": "Rochelle", "state": "IL", "area-code": "815"}, {"id": "3decc6bfadaa436a105714c6ba23537f", "number": "8002254483", "date": "2021-01-22 16:28:00", "subject": "1", "recorded-or-robo": "Y", "city": "Irvine", "state": "CA", "area-code": "949"}, {"id": "1d36742e3f24f50e4e7ae82801ba957e", "number": "8002254483", "date": "2021-01-22 16:28:00", "subject": "1", "recorded-or-robo": "Y", "city": "Irvine", "state": "CA", "area-code": "949"}, {"id": "3decc6bfadaa436a105714c6ba234f0c", "number": "3214458872", "date": "2021-01-23 13:43:00", "subject": "2", "recorded-or-robo": "Y", "city": "", "state": "TX", "area-code": "214"}, {"id": "1d36742e3f24f50e4e7ae82801ba8a2e", "number": "3214458872", "date": "2021-01-23 13:43:00", "subject": "2", "recorded-or-robo": "Y", "city": "", "state": "TX", "area-code": "214"}, {"id": "3decc6bfadaa436a105714c6ba23430c", "number": "37064620203", "date": "2021-01-15 14:53:00", "subject": "2", "recorded-or-robo": "Y", "city": "Waterloo", "state": "IA", "area-code": "319"}, {"id": "1d36742e3f24f50e4e7ae82801ba7553", "number": "37064620203", "date": "2021-01-15 14:53:00", "subject": "2", "recorded-or-robo": "Y", "city": "Waterloo", "state": "IA", "area-code": "319"}, {"id": "3decc6bfadaa436a105714c6ba23391e", "number": "5853848065", "date": "2021-01-06 10:49:00", "subject": "4", "recorded-or-robo": "Y", "city": "", "state": "NY", "area-code": "585"}, {"id": "1d36742e3f24f50e4e7ae82801ba6de8", "number": "5853848065", "date": "2021-01-06 10:49:00", "subject": "4", "recorded-or-robo": "Y", "city": "", "state": "NY", "area-code": "585"}, {"id": "3decc6bfadaa436a105714c6ba232a90", "number": "6038273641", "date": "2021-01-23 15:00:00", "subject": "2", "recorded-or-robo": "Y", "city": "Harrisville", "state": "NH", "area-code": "603"}, {"id": "1d36742e3f24f50e4e7ae82801ba6be1", "number": "6038273641", "date": "2021-01-23 15:00:00", "subject": "2", "recorded-or-robo": "Y", "city": "Harrisville", "state": "NH", "area-code": "603"}, {"id": "3decc6bfadaa436a105714c6ba232999", "number": "4696631546", "date": "2021-01-23 09:32:00", "subject": "2", "recorded-or-robo": "N", "city": "Kailua", "state": "HI", "area-code": "808"}, {"id": "1d36742e3f24f50e4e7ae82801ba62ee", "number": "4696631546", "date": "2021-01-23 09:32:00", "subject": "2", "recorded-or-robo": "N", "city": "Kailua", "state": "HI", "area-code": "808"}, {"id": "3decc6bfadaa436a105714c6ba2325e4", "number": "2135135011", "date": "2021-01-23 11:07:00", "subject": "2", "recorded-or-robo": "Y", "city": "Mill Valley", "state": "CA", "area-code": "415"}, {"id": "3decc6bfadaa436a105714c6ba22fd98", "number": "5615559434", "date": "2021-01-23 11:52:00", "subject": "3", "recorded-or-robo": "N", "city": "", "state": "NY", "area-code": "716"}, {"id": "1d36742e3f24f50e4e7ae82801ba56dd", "number": "2135135011", "date": "2021-01-23 11:07:00", "subject": "2", "recorded-or-robo": "Y", "city": "Mill Valley", "state": "CA", "area-code": "415"}, {"id": "1d36742e3f24f50e4e7ae82801ba3191", "number": "5615559434", "date": "2021-01-23 11:52:00", "subject": "3", "recorded-or-robo": "N", "city": "", "state": "NY", "area-code": "716"}, {"id": "3decc6bfadaa436a105714c6ba757870", "number": "+19542832636", "date": "2021-01-23 15:04:29", "subject": "3", "recorded-or-robo": "Y", "city": "", "state": "FL", "area-code": "561"}, {"id": "03e293b3df9e35eadf15c561190beedd", "number": "+19542832636", "date": "2021-01-23 15:04:29", "subject": "3", "recorded-or-robo": "Y", "city": "", "state": "FL", "area-code": "561"}, {"id": "3decc6bfadaa436a105714c6ba231a14", "number": "3035577235", "date": "2021-01-23 13:58:00", "subject": "2", "recorded-or-robo": "Y", "city": "Waukesha", "state": "WI", "area-code": "262"}, {"id": "1d36742e3f24f50e4e7ae82801ba4745", "number": "3035577235", "date": "2021-01-23 13:58:00", "subject": "2", "recorded-or-robo": "Y", "city": "Waukesha", "state": "WI", "area-code": "262"}, {"id": "3decc6bfadaa436a105714c6ba230c74", "number": "6158775539", "date": "2021-01-23 13:37:00", "subject": "0", "recorded-or-robo": "Y", "city": "Clearwater", "state": "FL", "area-code": "615"}, {"id": "1d36742e3f24f50e4e7ae82801ba3f0a", "number": "6158775539", "date": "2021-01-23 13:37:00", "subject": "0", "recorded-or-robo": "Y", "city": "Clearwater", "state": "FL", "area-code": "615"}, {"id": "3decc6bfadaa436a105714c6ba230604", "number": "5748357684", "date": "2021-01-23 14:55:00", "subject": "11", "recorded-or-robo": "Y", "city": "Rochester", "state": "IN", "area-code": "574"}, {"id": "1d36742e3f24f50e4e7ae82801ba3ba0", "number": "5748357684", "date": "2021-01-23 14:55:00", "subject": "11", "recorded-or-robo": "Y", "city": "Rochester", "state": "IN", "area-code": "574"}, {"id": "3decc6bfadaa436a105714c6ba22ff8f", "number": "", "date": "2021-01-22 10:23:00", "subject": "1", "recorded-or-robo": "N", "city": "garfield", "state": "AR", "area-code": "479"}, {"id": "1d36742e3f24f50e4e7ae82801ba35e0", "number": "", "date": "2021-01-22 10:23:00", "subject": "1", "recorded-or-robo": "N", "city": "garfield", "state": "AR", "area-code": "479"}, {"id": "3decc6bfadaa436a105714c6ba758221", "number": "2159967139", "date": "2021-01-23 15:03:47", "subject": "3", "recorded-or-robo": "Y", "city": "", "state": "PA", "area-code": "215"}, {"id": "03e293b3df9e35eadf15c561190bf3b9", "number": "2159967139", "date": "2021-01-23 15:03:47", "subject": "3", "recorded-or-robo": "Y", "city": "", "state": "PA", "area-code": "215"}, {"id": "3decc6bfadaa436a105714c6ba22f92b", "number": "3863274223", "date": "2021-01-22 07:54:00", "subject": "6", "recorded-or-robo": "N", "city": "Rochelle", "state": "IL", "area-code": "815"}]}