{"data": [{"id": "1d36742e3f24f50e4e7ae82801bcbaed", "number": "3132635260", "date": "2021-01-23 07:34:00", "subject": "3", "recorded-or-robo": "Y", "city": "", "state": "NE", "area-code": "308"}, {"id": "3decc6bfadaa436a105714c6ba257fba", "number": "137065003415", "date": "2021-01-23 14:11:00", "subject": "2", "recorded-or-robo": "Y", "city": "", "state": "IA", "area-code": "515"}, {"id": "1d36742e3f24f50e4e7ae82801bcb406", "number": "137065003415", "date": "2021-01-23 14:11:00", "subject": "2", "recorded-or-robo": "Y", "city": "", "state": "IA", "area-code": "515"}, {"id": "3decc6bfadaa436a105714c6ba257903", "number": "8155249319", "date": "2021-01-23 14:10:00", "subject": "1", "recorded-or-robo": "Y", "city": "", "state": "IL", "area-code": "815"}, {"id": "1d36742e3f24f50e4e7ae82801bcafc5", "number": "8155249319", "date": "2021-01-23 14:10:00", "subject": "1", "recorded-or-robo": "Y", "city": "", "state": "IL", "area-code": "815"}, {"id": "3decc6bfadaa436a105714c6ba7609b3", "number": "+12086897768", "date": "2021-01-23 15:13:28", "subject": "3", "recorded-or-robo": "Y", "city": "", "state": "TX", "area-code": "915"}, {"id": "3decc6bfadaa436a105714c6ba25748a", "number": "8007417553", "date": "2021-01-22 13:14:00", "subject": "1", "recorded-or-robo": "Y", "city": "Irvine", "state": "CA", "area-code": "949"}, {"id": "1d36742e3f24f50e4e7ae82801bca6e7", "number": "8007417553", "date": "2021-01-22 13:14:00", "subject": "1", "recorded-or-robo": "Y", "city": "Irvine", "state": "CA", "area-code": "949"}, {"id": "03e293b3df9e35eadf15c561190c61b1", "number": "+12086897768", "date": "2021-01-23 15:13:28", "subject": "3", "recorded-or-robo": "Y", "city": "", "state": "TX", "area-code": "915"}, {"id": "3decc6bfadaa436a105714c6ba7623c7", "number": "6195218099", "date": "2021-01-23 15:13:22", "subject": "3", "recorded-or-robo": "Y", "city": "", "state": "CA", "area-code": "858"}, {"id": "03e293b3df9e35eadf15c561190c77fb", "number": "6195218099", "date": "2021-01-23 15:13:22", "subject": "3", "recorded-or-robo": "Y", "city": "", "state": "CA", "area-code": "858"}, {"id": "3decc6bfadaa436a105714c6ba25709c", "number": "224620330892", "date": "2021-01-23 13:52:00", "subject": "2", "recorded-or-robo": "Y", "city": "Nevada", "state": "IA", "area-code": "515"}, {"id": "1d36742e3f24f50e4e7ae82801bc9a06", "number": "224620330892", "date": "2021-01-23 13:52:00", "subject": "2", "recorded-or-robo": "Y", "city": "Nevada", "state": "IA", "area-code": "515"}, {"id": "3decc6bfadaa436a105714c6ba256ba2", "number": "9808146347", "date": "2021-01-22 23:06:00", "subject": "3", "recorded-or-robo": "Y", "city": "", "state": "NC", "area-code": "980"}, {"id": "1d36742e3f24f50e4e7ae82801bc9736", "number": "9808146347", "date": "2021-01-22 23:06:00", "subject": "3", "recorded-or-robo": "Y", "city": "", "state": "NC", "area-code": "980"}, {"id": "3decc6bfadaa436a105714c6ba7613cb", "number": "+13213486674", "date": "2021-01-23 15:13:07", "subject": "3", "recorded-or-robo": "Y", "city": "", "state": "TX", "area-code": "915"}, {"id": "03e293b3df9e35eadf15c561190c6f34", "number": "+13213486674", "date": "2021-01-23 15:13:07", "subject": "3", "recorded-or-robo": "Y", "city": "", "state": "TX", "area-code": "915"}, {"id": "3decc6bfadaa436a105714c6ba75fdcd", "number": "+13462061603", "date": "2021-01-23 15:12:52", "subject": "3", "recorded-or-robo": "Y", "city": "", "state": "TX", "area-code": "915"}, {"id": "3decc6bfadaa436a105714c6ba25634c", "number": "6309124770", "date": "2021-01-22 17:54:00", "subject": "4", "recorded-or-robo": "Y", "city": "", "state": "IL", "area-code": "630"}, {"id": "1d36742e3f24f50e4e7ae82801bc917d", "number": "6309124770", "date": "2021-01-22 17:54:00", "subject": "4", "recorded-or-robo": "Y", "city": "", "state": "IL", "area-code": "630"}, {"id": "03e293b3df9e35eadf15c561190c5b5c", "number": "+13462061603", "date": "2021-01-23 15:12:52", "subject": "3", "recorded-or-robo": "Y", "city": "", "state": "TX", "area-code": "915"}, {"id": "3decc6bfadaa436a105714c6ba255fe3", "number": "4802103802", "date": "2021-01-23 12:07:00", "subject": "2", "recorded-or-robo": "N", "city": "", "state": "NV", "area-code": "702"}, {"id": "1d36742e3f24f50e4e7ae82801bc8336", "number": "4802103802", "date": "2021-01-23 12:07:00", "subject": "2", "recorded-or-robo": "N", "city": "", "state": "NV", "area-code": "702"}, {"id": "3decc6bfadaa436a105714c6ba25597d", "number": "41444633344", "date": "2021-01-22 17:20:00", "subject": "0", "recorded-or-robo": "N", "city": "", "state": "WI", "area-code": "262"}, {"id": "1d36742e3f24f50e4e7ae82801bc79ab", "number": "41444633344", "date": "2021-01-22 17:20:00", "subject": "0", "recorded-or-robo": "N", "city": "", "state": "WI", "area-code": "262"}, {"id": "3decc6bfadaa436a105714c6ba2552ae", "number": "6163276656", "date": "2021-01-23 15:09:00", "subject": "3", "recorded-or-robo": "N", "city": "", "state": "MI", "area-code": "616"}, {"id": "1d36742e3f24f50e4e7ae82801bc7716", "number": "6163276656", "date": "2021-01-23 15:09:00", "subject": "3", "recorded-or-robo": "N", "city": "", "state": "MI", "area-code": "616"}, {"id": "3decc6bfadaa436a105714c6ba75efb5", "number": "+13462411763", "date": "2021-01-23 15:12:29", "subject": "3", "recorded-or-robo": "Y", "city": "", "state": "TX", "area-code": "915"}, {"id": "03e293b3df9e35eadf15c561190c51c9", "number": "+13462411763", "date": "2021-01-23 15:12:29", "subject": "3", "recorded-or-robo": "Y", "city": "", "state": "TX", "area-code": "915"}, {"id": "3decc6bfadaa436a105714c6ba254840", "number": "9805955918", "date": "2021-01-22 10:31:00", "subject": "3", "recorded-or-robo": "Y", "city": "", "state": "NC", "area-code": "980"}, {"id": "1d36742e3f24f50e4e7ae82801bc74ba", "number": "9805955918", "date": "2021-01-22 10:31:00", "subject": "3", "recorded-or-robo": "Y", "city": "", "state": "NC", "area-code": "980"}, {"id": "3decc6bfadaa436a105714c6ba761214", "number": "+14696970230", "date": "2021-01-23 15:12:14", "subject": "3", "recorded-or-robo": "Y", "city": "", "state": "TX", "area-code": "915"}, {"id": "3decc6bfadaa436a105714c6ba253bb5", "number": "3147985690", "date": "2021-01-21 11:08:00", "subject": "2", "recorded-or-robo": "N", "city": "", "state": "MO", "area-code": "314"}, {"id": "1d36742e3f24f50e4e7ae82801bc7208", "number": "3147985690", "date": "2021-01-21 11:08:00", "subject": "2", "recorded-or-robo": "N", "city": "", "state": "MO", "area-code": "314"}, {"id": "03e293b3df9e35eadf15c561190c66e8", "number": "+14696970230", "date": "2021-01-23 15:12:14", "subject": "3", "recorded-or-robo": "Y", "city": "", "state": "TX", "area-code": "915"}, {"id": "3decc6bfadaa436a105714c6ba253977", "number": "3152328257", "date": "2021-01-22 19:06:00", "subject": "2", "recorded-or-robo": "Y", "city": "", "state": "MO", "area-code": "314"}, {"id": "3decc6bfadaa436a105714c6ba252c97", "number": "2175518028", "date": "2021-01-22 09:48:00", "subject": "4", "recorded-or-robo": "N", "city": "Rochelle", "state": "IL", "area-code": "815"}, {"id": "1d36742e3f24f50e4e7ae82801bc63d3", "number": "3152328257", "date": "2021-01-22 19:06:00", "subject": "2", "recorded-or-robo": "Y", "city": "", "state": "MO", "area-code": "314"}, {"id": "1d36742e3f24f50e4e7ae82801bc5830", "number": "2175518028", "date": "2021-01-22 09:48:00", "subject": "4", "recorded-or-robo": "N", "city": "Rochelle", "state": "IL", "area-code": "815"}, {"id": "3decc6bfadaa436a105714c6ba251da9", "number": "3146269225", "date": "2021-01-21 16:49:00", "subject": "2", "recorded-or-robo": "N", "city": "", "state": "MO", "area-code": "314"}, {"id": "1d36742e3f24f50e4e7ae82801bc569e", "number": "3146269225", "date": "2021-01-21 16:49:00", "subject": "2", "recorded-or-robo": "N", "city": "", "state": "MO", "area-code": "314"}, {"id": "3decc6bfadaa436a105714c6ba250f85", "number": "6013008452", "date": "2021-01-23 13:34:00", "subject": "3", "recorded-or-robo": "", "city": "KOSCIUSKO", "state": "MS", "area-code": "601"}, {"id": "1d36742e3f24f50e4e7ae82801bc4c6e", "number": "6013008452", "date": "2021-01-23 13:34:00", "subject": "3", "recorded-or-robo": "", "city": "KOSCIUSKO", "state": "MS", "area-code": "601"}, {"id": "3decc6bfadaa436a105714c6ba2509cf", "number": "8886340012", "date": "2021-01-23 13:46:00", "subject": "2", "recorded-or-robo": "Y", "city": "Murrysville", "state": "PA", "area-code": "724"}, {"id": "1d36742e3f24f50e4e7ae82801bc3ffa", "number": "8886340012", "date": "2021-01-23 13:46:00", "subject": "2", "recorded-or-robo": "Y", "city": "Murrysville", "state": "PA", "area-code": "724"}, {"id": "3decc6bfadaa436a105714c6ba24fd8c", "number": "9805955918", "date": "2021-01-22 11:00:00", "subject": "3", "recorded-or-robo": "Y", "city": "", "state": "NC", "area-code": "980"}, {"id": "1d36742e3f24f50e4e7ae82801bc3ce4", "number": "9805955918", "date": "2021-01-22 11:00:00", "subject": "3", "recorded-or-robo": "Y", "city": "", "state": "NC", "area-code": "980"}, {"id": "3decc6bfadaa436a105714c6ba24f41b", "number": "9168579681", "date": "2021-01-22 17:03:00", "subject": "0", "recorded-or-robo": "", "city": "Germantown", "state": "WI", "area-code": "262"}, {"id": "1d36742e3f24f50e4e7ae82801bc2e44", "number": "9168579681", "date": "2021-01-22 17:03:00", "subject": "0", "recorded-or-robo": "", "city": "Germantown", "state": "WI", "area-code": "262"}, {"id": "3decc6bfadaa436a105714c6ba75c850", "number": "+15512358057", "date": "2021-01-23 15:11:35", "subject": "3", "recorded-or-robo": "Y", "city": "", "state": "TX", "area-code": "915"}]}