{"data": [{"id": "03e293b3df9e35eadf15c561190df1ca", "number": "6027148870", "date": "2021-01-23 16:07:37", "subject": "3", "recorded-or-robo": "N", "city": "", "state": "AZ", "area-code": "480"}, {"id": "3decc6bfadaa436a105714c6ba77ea8e", "number": "+12487813524", "date": "2021-01-23 16:07:35", "subject": "3", "recorded-or-robo": "N", "city": "", "state": "MI", "area-code": "248"}, {"id": "03e293b3df9e35eadf15c561190e5bb9", "number": "+12487813524", "date": "2021-01-23 16:07:35", "subject": "3", "recorded-or-robo": "N", "city": "", "state": "MI", "area-code": "248"}, {"id": "3decc6bfadaa436a105714c6ba31a199", "number": "7792045393", "date": "2021-01-23 14:04:00", "subject": "2", "recorded-or-robo": "Y", "city": "Winslow", "state": "AZ", "area-code": "928"}, {"id": "1d36742e3f24f50e4e7ae82801c86e9e", "number": "7792045393", "date": "2021-01-23 14:04:00", "subject": "2", "recorded-or-robo": "Y", "city": "Winslow", "state": "AZ", "area-code": "928"}, {"id": "3decc6bfadaa436a105714c6ba3197ec", "number": "8608911032", "date": "2021-01-23 14:29:00", "subject": "4", "recorded-or-robo": "Y", "city": "Jacksonville", "state": "FL", "area-code": "860"}, {"id": "1d36742e3f24f50e4e7ae82801c865ba", "number": "8608911032", "date": "2021-01-23 14:29:00", "subject": "4", "recorded-or-robo": "Y", "city": "Jacksonville", "state": "FL", "area-code": "860"}, {"id": "3decc6bfadaa436a105714c6ba77fa04", "number": "6206340796", "date": "2021-01-23 16:07:25", "subject": "3", "recorded-or-robo": "N", "city": "", "state": "NY", "area-code": "914"}, {"id": "3decc6bfadaa436a105714c6ba77cb0d", "number": "7194540355", "date": "2021-01-23 16:07:25", "subject": "3", "recorded-or-robo": "Y", "city": "", "state": "AZ", "area-code": "480"}, {"id": "03e293b3df9e35eadf15c561190e67d4", "number": "6206340796", "date": "2021-01-23 16:07:25", "subject": "3", "recorded-or-robo": "N", "city": "", "state": "NY", "area-code": "914"}, {"id": "03e293b3df9e35eadf15c561190e4a61", "number": "7194540355", "date": "2021-01-23 16:07:25", "subject": "3", "recorded-or-robo": "Y", "city": "", "state": "AZ", "area-code": "480"}, {"id": "3decc6bfadaa436a105714c6ba31904f", "number": "3016216187", "date": "2021-01-22 15:24:00", "subject": "1", "recorded-or-robo": "N", "city": "Temple Hills", "state": "MD", "area-code": "301"}, {"id": "1d36742e3f24f50e4e7ae82801c862f1", "number": "3016216187", "date": "2021-01-22 15:24:00", "subject": "1", "recorded-or-robo": "N", "city": "Temple Hills", "state": "MD", "area-code": "301"}, {"id": "3decc6bfadaa436a105714c6ba77daea", "number": "+15058715184", "date": "2021-01-23 16:07:16", "subject": "3", "recorded-or-robo": "Y", "city": "", "state": "NM", "area-code": "505"}, {"id": "03e293b3df9e35eadf15c561190e52b2", "number": "+15058715184", "date": "2021-01-23 16:07:16", "subject": "3", "recorded-or-robo": "Y", "city": "", "state": "NM", "area-code": "505"}, {"id": "3decc6bfadaa436a105714c6ba318e82", "number": "6067271054", "date": "2021-01-23 13:48:00", "subject": "2", "recorded-or-robo": "Y", "city": "binghamton", "state": "NY", "area-code": "607"}, {"id": "1d36742e3f24f50e4e7ae82801c85598", "number": "6067271054", "date": "2021-01-23 13:48:00", "subject": "2", "recorded-or-robo": "Y", "city": "binghamton", "state": "NY", "area-code": "607"}, {"id": "3decc6bfadaa436a105714c6ba77bd65", "number": "8665761751", "date": "2021-01-23 16:07:09", "subject": "3", "recorded-or-robo": "N", "city": "", "state": "WA", "area-code": "253"}, {"id": "03e293b3df9e35eadf15c561190e3e73", "number": "8665761751", "date": "2021-01-23 16:07:09", "subject": "3", "recorded-or-robo": "N", "city": "", "state": "WA", "area-code": "253"}, {"id": "3decc6bfadaa436a105714c6ba318931", "number": "4074828487", "date": "2021-01-23 16:00:00", "subject": "7", "recorded-or-robo": "Y", "city": "Apopka", "state": "FL", "area-code": "407"}, {"id": "1d36742e3f24f50e4e7ae82801c85520", "number": "4074828487", "date": "2021-01-23 16:00:00", "subject": "7", "recorded-or-robo": "Y", "city": "Apopka", "state": "FL", "area-code": "407"}, {"id": "3decc6bfadaa436a105714c6ba31842d", "number": "7739068699", "date": "2021-01-22 14:45:00", "subject": "0", "recorded-or-robo": "", "city": "", "state": "IL", "area-code": "773"}, {"id": "1d36742e3f24f50e4e7ae82801c84f08", "number": "7739068699", "date": "2021-01-22 14:45:00", "subject": "0", "recorded-or-robo": "", "city": "", "state": "IL", "area-code": "773"}, {"id": "3decc6bfadaa436a105714c6ba318051", "number": "3153811769", "date": "2021-01-13 09:04:00", "subject": "3", "recorded-or-robo": "", "city": "dewitt", "state": "NY", "area-code": "315"}, {"id": "1d36742e3f24f50e4e7ae82801c8402a", "number": "3153811769", "date": "2021-01-13 09:04:00", "subject": "3", "recorded-or-robo": "", "city": "dewitt", "state": "NY", "area-code": "315"}, {"id": "3decc6bfadaa436a105714c6ba317cc2", "number": "224625096224", "date": "2021-01-19 13:40:00", "subject": "2", "recorded-or-robo": "Y", "city": "Janesville", "state": "WI", "area-code": "608"}, {"id": "1d36742e3f24f50e4e7ae82801c83a25", "number": "224625096224", "date": "2021-01-19 13:40:00", "subject": "2", "recorded-or-robo": "Y", "city": "Janesville", "state": "WI", "area-code": "608"}, {"id": "3decc6bfadaa436a105714c6ba317530", "number": "7739068699", "date": "2021-01-22 12:30:00", "subject": "0", "recorded-or-robo": "", "city": "", "state": "IL", "area-code": "773"}, {"id": "1d36742e3f24f50e4e7ae82801c833f1", "number": "7739068699", "date": "2021-01-22 12:30:00", "subject": "0", "recorded-or-robo": "", "city": "", "state": "IL", "area-code": "773"}, {"id": "3decc6bfadaa436a105714c6ba31749e", "number": "6302365712", "date": "2021-01-23 14:57:00", "subject": "2", "recorded-or-robo": "Y", "city": "Aurora", "state": "IL", "area-code": "630"}, {"id": "1d36742e3f24f50e4e7ae82801c825e5", "number": "6302365712", "date": "2021-01-23 14:57:00", "subject": "2", "recorded-or-robo": "Y", "city": "Aurora", "state": "IL", "area-code": "630"}, {"id": "3decc6bfadaa436a105714c6ba317264", "number": "", "date": "2021-01-23 12:10:00", "subject": "1", "recorded-or-robo": "N", "city": "BELLEVUE", "state": "WA", "area-code": "425"}, {"id": "1d36742e3f24f50e4e7ae82801c8257b", "number": "", "date": "2021-01-23 12:10:00", "subject": "1", "recorded-or-robo": "N", "city": "BELLEVUE", "state": "WA", "area-code": "425"}, {"id": "3decc6bfadaa436a105714c6ba316582", "number": "8472772475", "date": "2021-01-23 10:43:00", "subject": "7", "recorded-or-robo": "Y", "city": "SUN CITY WEST", "state": "AZ", "area-code": "847"}, {"id": "1d36742e3f24f50e4e7ae82801c81a30", "number": "8472772475", "date": "2021-01-23 10:43:00", "subject": "7", "recorded-or-robo": "Y", "city": "SUN CITY WEST", "state": "AZ", "area-code": "847"}, {"id": "3decc6bfadaa436a105714c6ba315802", "number": "7068688357", "date": "2021-01-20 14:02:00", "subject": "4", "recorded-or-robo": "Y", "city": "Evans", "state": "GA", "area-code": "706"}, {"id": "1d36742e3f24f50e4e7ae82801c81775", "number": "7068688357", "date": "2021-01-20 14:02:00", "subject": "4", "recorded-or-robo": "Y", "city": "Evans", "state": "GA", "area-code": "706"}, {"id": "3decc6bfadaa436a105714c6ba315167", "number": "7018006690", "date": "2020-12-17 00:00:00", "subject": "2", "recorded-or-robo": "N", "city": "Jamestown", "state": "ND", "area-code": "701"}, {"id": "1d36742e3f24f50e4e7ae82801c814b9", "number": "7018006690", "date": "2020-12-17 00:00:00", "subject": "2", "recorded-or-robo": "N", "city": "Jamestown", "state": "ND", "area-code": "701"}, {"id": "3decc6bfadaa436a105714c6ba314d59", "number": "1243901440592", "date": "2021-01-22 14:48:00", "subject": "2", "recorded-or-robo": "Y", "city": "Waterloo", "state": "IA", "area-code": "319"}, {"id": "1d36742e3f24f50e4e7ae82801c812bb", "number": "1243901440592", "date": "2021-01-22 14:48:00", "subject": "2", "recorded-or-robo": "Y", "city": "Waterloo", "state": "IA", "area-code": "319"}, {"id": "3decc6bfadaa436a105714c6ba314449", "number": "2036252846", "date": "2021-01-22 17:44:00", "subject": "11", "recorded-or-robo": "N", "city": "SELDEN", "state": "NY", "area-code": "631"}, {"id": "1d36742e3f24f50e4e7ae82801c81121", "number": "2036252846", "date": "2021-01-22 17:44:00", "subject": "11", "recorded-or-robo": "N", "city": "SELDEN", "state": "NY", "area-code": "631"}, {"id": "3decc6bfadaa436a105714c6ba8767c0", "number": "3108464265", "date": "2021-01-23 06:40:00", "subject": "3", "recorded-or-robo": "Y", "city": "", "state": "CA", "area-code": "310"}, {"id": "03e293b3df9e35eadf15c561191e0384", "number": "3108464265", "date": "2021-01-23 06:40:00", "subject": "3", "recorded-or-robo": "Y", "city": "", "state": "CA", "area-code": "310"}, {"id": "3decc6bfadaa436a105714c6ba313902", "number": "7739068699", "date": "2021-01-22 10:30:00", "subject": "0", "recorded-or-robo": "", "city": "", "state": "IL", "area-code": "773"}, {"id": "1d36742e3f24f50e4e7ae82801c80f55", "number": "7739068699", "date": "2021-01-22 10:30:00", "subject": "0", "recorded-or-robo": "", "city": "", "state": "IL", "area-code": "773"}, {"id": "3decc6bfadaa436a105714c6ba3129f2", "number": "2135875352", "date": "2021-01-19 10:00:00", "subject": "1", "recorded-or-robo": "N", "city": "Metairie", "state": "LA", "area-code": "504"}, {"id": "1d36742e3f24f50e4e7ae82801c8091b", "number": "2135875352", "date": "2021-01-19 10:00:00", "subject": "1", "recorded-or-robo": "N", "city": "Metairie", "state": "LA", "area-code": "504"}, {"id": "3decc6bfadaa436a105714c6ba312740", "number": "8003313263", "date": "2021-01-23 11:15:00", "subject": "1", "recorded-or-robo": "N", "city": "", "state": "WA", "area-code": "360"}]}