{"data": [{"id": "1d36742e3f24f50e4e7ae82801b1e84f", "number": "7165056963", "date": "2021-01-19 17:53:00", "subject": "0", "recorded-or-robo": "Y", "city": "", "state": "NY", "area-code": "716"}, {"id": "3decc6bfadaa436a105714c6ba56af71", "number": "+15203569131", "date": "2021-01-23 14:25:52", "subject": "3", "recorded-or-robo": "Y", "city": "", "state": "AZ", "area-code": "520"}, {"id": "1d36742e3f24f50e4e7ae82801ed2d75", "number": "+15203569131", "date": "2021-01-23 14:25:52", "subject": "3", "recorded-or-robo": "Y", "city": "", "state": "AZ", "area-code": "520"}, {"id": "3decc6bfadaa436a105714c6ba1a7bfb", "number": "7033382400", "date": "2021-01-23 14:21:00", "subject": "6", "recorded-or-robo": "N", "city": "Alexandria", "state": "VA", "area-code": "703"}, {"id": "1d36742e3f24f50e4e7ae82801b1d948", "number": "7033382400", "date": "2021-01-23 14:21:00", "subject": "6", "recorded-or-robo": "N", "city": "Alexandria", "state": "VA", "area-code": "703"}, {"id": "3decc6bfadaa436a105714c6ba1a79b2", "number": "4806135882", "date": "2021-01-21 09:43:00", "subject": "0", "recorded-or-robo": "Y", "city": "Lakeside", "state": "AZ", "area-code": "928"}, {"id": "1d36742e3f24f50e4e7ae82801b1ce18", "number": "4806135882", "date": "2021-01-21 09:43:00", "subject": "0", "recorded-or-robo": "Y", "city": "Lakeside", "state": "AZ", "area-code": "928"}, {"id": "3decc6bfadaa436a105714c6ba1a72b4", "number": "6367342019", "date": "2021-01-23 12:44:00", "subject": "2", "recorded-or-robo": "Y", "city": "WARRENTON", "state": "MO", "area-code": "636"}, {"id": "1d36742e3f24f50e4e7ae82801b1cd36", "number": "6367342019", "date": "2021-01-23 12:44:00", "subject": "2", "recorded-or-robo": "Y", "city": "WARRENTON", "state": "MO", "area-code": "636"}, {"id": "3decc6bfadaa436a105714c6ba1a6334", "number": "18801700589627", "date": "2021-01-23 00:00:00", "subject": "11", "recorded-or-robo": "Y", "city": "Indianapolis", "state": "IN", "area-code": "412"}, {"id": "1d36742e3f24f50e4e7ae82801b1c03b", "number": "18801700589627", "date": "2021-01-23 00:00:00", "subject": "11", "recorded-or-robo": "Y", "city": "Indianapolis", "state": "IN", "area-code": "412"}, {"id": "3decc6bfadaa436a105714c6ba1a5d73", "number": "8155102520", "date": "2021-01-23 12:56:00", "subject": "1", "recorded-or-robo": "", "city": "", "state": "IL", "area-code": "815"}, {"id": "1d36742e3f24f50e4e7ae82801b1b3f3", "number": "8155102520", "date": "2021-01-23 12:56:00", "subject": "1", "recorded-or-robo": "", "city": "", "state": "IL", "area-code": "815"}, {"id": "3decc6bfadaa436a105714c6ba1a55ab", "number": "7163708192", "date": "2021-01-20 10:12:00", "subject": "0", "recorded-or-robo": "Y", "city": "", "state": "NY", "area-code": "716"}, {"id": "1d36742e3f24f50e4e7ae82801b1b1a6", "number": "7163708192", "date": "2021-01-20 10:12:00", "subject": "0", "recorded-or-robo": "Y", "city": "", "state": "NY", "area-code": "716"}, {"id": "3decc6bfadaa436a105714c6ba1a4dd0", "number": "6105589522", "date": "2021-01-23 12:21:00", "subject": "1", "recorded-or-robo": "Y", "city": "Sun City", "state": "AZ", "area-code": "610"}, {"id": "1d36742e3f24f50e4e7ae82801b1a90a", "number": "6105589522", "date": "2021-01-23 12:21:00", "subject": "1", "recorded-or-robo": "Y", "city": "Sun City", "state": "AZ", "area-code": "610"}, {"id": "3decc6bfadaa436a105714c6ba1a422f", "number": "6077254494", "date": "2021-01-23 12:10:00", "subject": "2", "recorded-or-robo": "N", "city": "binghamton", "state": "NY", "area-code": "607"}, {"id": "1d36742e3f24f50e4e7ae82801b1a370", "number": "6077254494", "date": "2021-01-23 12:10:00", "subject": "2", "recorded-or-robo": "N", "city": "binghamton", "state": "NY", "area-code": "607"}, {"id": "3decc6bfadaa436a105714c6ba1a3fbb", "number": "8174007639", "date": "2021-01-22 16:31:00", "subject": "2", "recorded-or-robo": "N", "city": "Bedford", "state": "TX", "area-code": "817"}, {"id": "1d36742e3f24f50e4e7ae82801b197bc", "number": "8174007639", "date": "2021-01-22 16:31:00", "subject": "2", "recorded-or-robo": "N", "city": "Bedford", "state": "TX", "area-code": "817"}, {"id": "3decc6bfadaa436a105714c6ba1a3cb8", "number": "6367344817", "date": "2021-01-23 12:28:00", "subject": "2", "recorded-or-robo": "Y", "city": "WARRENTON", "state": "MO", "area-code": "636"}, {"id": "1d36742e3f24f50e4e7ae82801b19150", "number": "6367344817", "date": "2021-01-23 12:28:00", "subject": "2", "recorded-or-robo": "Y", "city": "WARRENTON", "state": "MO", "area-code": "636"}, {"id": "3decc6bfadaa436a105714c6ba1a2e9f", "number": "9146197641", "date": "2021-01-21 12:09:00", "subject": "0", "recorded-or-robo": "Y", "city": "", "state": "NY", "area-code": "716"}, {"id": "1d36742e3f24f50e4e7ae82801b18f64", "number": "9146197641", "date": "2021-01-21 12:09:00", "subject": "0", "recorded-or-robo": "Y", "city": "", "state": "NY", "area-code": "716"}, {"id": "3decc6bfadaa436a105714c6ba569c34", "number": "4077830994", "date": "2021-01-23 14:23:52", "subject": "3", "recorded-or-robo": "Y", "city": "", "state": "TX", "area-code": "469"}, {"id": "1d36742e3f24f50e4e7ae82801ed0edf", "number": "4077830994", "date": "2021-01-23 14:23:52", "subject": "3", "recorded-or-robo": "Y", "city": "", "state": "TX", "area-code": "469"}, {"id": "3decc6bfadaa436a105714c6ba569a9b", "number": "4077830994", "date": "2021-01-23 14:23:51", "subject": "3", "recorded-or-robo": "Y", "city": "", "state": "TX", "area-code": "469"}, {"id": "1d36742e3f24f50e4e7ae82801ed0093", "number": "4077830994", "date": "2021-01-23 14:23:51", "subject": "3", "recorded-or-robo": "Y", "city": "", "state": "TX", "area-code": "469"}, {"id": "3decc6bfadaa436a105714c6ba1a2478", "number": "8665270894", "date": "2021-01-23 13:09:00", "subject": "2", "recorded-or-robo": "Y", "city": "Austin", "state": "TX", "area-code": "561"}, {"id": "1d36742e3f24f50e4e7ae82801b1801d", "number": "8665270894", "date": "2021-01-23 13:09:00", "subject": "2", "recorded-or-robo": "Y", "city": "Austin", "state": "TX", "area-code": "561"}, {"id": "3decc6bfadaa436a105714c6ba1a1ca6", "number": "9413791954", "date": "2021-01-22 19:18:00", "subject": "0", "recorded-or-robo": "Y", "city": "Lakeside", "state": "AZ", "area-code": "928"}, {"id": "1d36742e3f24f50e4e7ae82801b176e0", "number": "9413791954", "date": "2021-01-22 19:18:00", "subject": "0", "recorded-or-robo": "Y", "city": "Lakeside", "state": "AZ", "area-code": "928"}, {"id": "3decc6bfadaa436a105714c6ba1a0cab", "number": "2083284492", "date": "2021-01-23 13:20:00", "subject": "2", "recorded-or-robo": "Y", "city": "Wauconda", "state": "IL", "area-code": "224"}, {"id": "1d36742e3f24f50e4e7ae82801b17332", "number": "2083284492", "date": "2021-01-23 13:20:00", "subject": "2", "recorded-or-robo": "Y", "city": "Wauconda", "state": "IL", "area-code": "224"}, {"id": "3decc6bfadaa436a105714c6ba1a0aeb", "number": "7866275778", "date": "2021-01-23 12:25:00", "subject": "2", "recorded-or-robo": "Y", "city": "", "state": "FL", "area-code": "352"}, {"id": "1d36742e3f24f50e4e7ae82801b16ae7", "number": "7866275778", "date": "2021-01-23 12:25:00", "subject": "2", "recorded-or-robo": "Y", "city": "", "state": "FL", "area-code": "352"}, {"id": "3decc6bfadaa436a105714c6ba1a07d1", "number": "3612539541", "date": "2021-01-22 11:24:00", "subject": "2", "recorded-or-robo": "Y", "city": "Lake Shore", "state": "MN", "area-code": "218"}, {"id": "1d36742e3f24f50e4e7ae82801b169c5", "number": "3612539541", "date": "2021-01-22 11:24:00", "subject": "2", "recorded-or-robo": "Y", "city": "Lake Shore", "state": "MN", "area-code": "218"}, {"id": "3decc6bfadaa436a105714c6ba19fe2e", "number": "3148532280", "date": "2021-01-20 21:59:00", "subject": "11", "recorded-or-robo": "Y", "city": "Maryland Heights", "state": "MO", "area-code": "314"}, {"id": "1d36742e3f24f50e4e7ae82801b1645e", "number": "3148532280", "date": "2021-01-20 21:59:00", "subject": "11", "recorded-or-robo": "Y", "city": "Maryland Heights", "state": "MO", "area-code": "314"}, {"id": "3decc6bfadaa436a105714c6ba5867a8", "number": "3152328257", "date": "2021-01-23 14:15:00", "subject": "3", "recorded-or-robo": "Y", "city": "", "state": "NY", "area-code": "607"}, {"id": "1d36742e3f24f50e4e7ae82801eeb8f0", "number": "3152328257", "date": "2021-01-23 14:15:00", "subject": "3", "recorded-or-robo": "Y", "city": "", "state": "NY", "area-code": "607"}, {"id": "3decc6bfadaa436a105714c6ba19f82d", "number": "7167152652", "date": "2021-01-21 16:37:00", "subject": "0", "recorded-or-robo": "Y", "city": "", "state": "NY", "area-code": "716"}, {"id": "1d36742e3f24f50e4e7ae82801b156b4", "number": "7167152652", "date": "2021-01-21 16:37:00", "subject": "0", "recorded-or-robo": "Y", "city": "", "state": "NY", "area-code": "716"}, {"id": "3decc6bfadaa436a105714c6ba19f17b", "number": "2105319669", "date": "2021-01-21 00:00:00", "subject": "3", "recorded-or-robo": "Y", "city": "", "state": "TX", "area-code": "210"}, {"id": "1d36742e3f24f50e4e7ae82801b1533c", "number": "2105319669", "date": "2021-01-21 00:00:00", "subject": "3", "recorded-or-robo": "Y", "city": "", "state": "TX", "area-code": "210"}, {"id": "3decc6bfadaa436a105714c6ba19e902", "number": "3046393430", "date": "2021-01-23 14:21:00", "subject": "3", "recorded-or-robo": "", "city": "", "state": "OH", "area-code": "614"}, {"id": "1d36742e3f24f50e4e7ae82801b14b6c", "number": "3046393430", "date": "2021-01-23 14:21:00", "subject": "3", "recorded-or-robo": "", "city": "", "state": "OH", "area-code": "614"}, {"id": "3decc6bfadaa436a105714c6ba19dd89", "number": "9413791954", "date": "2021-01-23 12:06:00", "subject": "0", "recorded-or-robo": "Y", "city": "Lakeside", "state": "AZ", "area-code": "928"}]}