{"data": [{"id": "1d36742e3f24f50e4e7ae82801b99177", "number": "8086685243", "date": "2021-01-23 11:14:00", "subject": "2", "recorded-or-robo": "Y", "city": "", "state": "MI", "area-code": "313"}, {"id": "3decc6bfadaa436a105714c6ba225671", "number": "4058974800", "date": "2021-01-23 11:26:00", "subject": "0", "recorded-or-robo": "Y", "city": "Porum", "state": "OK", "area-code": "405"}, {"id": "1d36742e3f24f50e4e7ae82801b984fc", "number": "4058974800", "date": "2021-01-23 11:26:00", "subject": "0", "recorded-or-robo": "Y", "city": "Porum", "state": "OK", "area-code": "405"}, {"id": "3decc6bfadaa436a105714c6ba224758", "number": "8125182494", "date": "2021-01-23 09:34:00", "subject": "2", "recorded-or-robo": "Y", "city": "", "state": "TX", "area-code": "214"}, {"id": "1d36742e3f24f50e4e7ae82801b97ce7", "number": "8125182494", "date": "2021-01-23 09:34:00", "subject": "2", "recorded-or-robo": "Y", "city": "", "state": "TX", "area-code": "214"}, {"id": "3decc6bfadaa436a105714c6ba223e81", "number": "", "date": "2021-01-23 14:14:00", "subject": "2", "recorded-or-robo": "Y", "city": "Hudson", "state": "FL", "area-code": "727"}, {"id": "1d36742e3f24f50e4e7ae82801b979ae", "number": "", "date": "2021-01-23 14:14:00", "subject": "2", "recorded-or-robo": "Y", "city": "Hudson", "state": "FL", "area-code": "727"}, {"id": "3decc6bfadaa436a105714c6ba2237e5", "number": "2402131360", "date": "2021-01-22 18:37:00", "subject": "2", "recorded-or-robo": "Y", "city": "Humble", "state": "TX", "area-code": "832"}, {"id": "1d36742e3f24f50e4e7ae82801b9782e", "number": "2402131360", "date": "2021-01-22 18:37:00", "subject": "2", "recorded-or-robo": "Y", "city": "Humble", "state": "TX", "area-code": "832"}, {"id": "3decc6bfadaa436a105714c6ba754699", "number": "+18178157043", "date": "2021-01-23 14:59:33", "subject": "3", "recorded-or-robo": "Y", "city": "", "state": "TX", "area-code": "512"}, {"id": "03e293b3df9e35eadf15c561190bcb61", "number": "+18178157043", "date": "2021-01-23 14:59:33", "subject": "3", "recorded-or-robo": "Y", "city": "", "state": "TX", "area-code": "512"}, {"id": "3decc6bfadaa436a105714c6ba2236f1", "number": "5859373386", "date": "2020-12-30 10:11:00", "subject": "4", "recorded-or-robo": "Y", "city": "", "state": "NY", "area-code": "585"}, {"id": "1d36742e3f24f50e4e7ae82801b9737b", "number": "5859373386", "date": "2020-12-30 10:11:00", "subject": "4", "recorded-or-robo": "Y", "city": "", "state": "NY", "area-code": "585"}, {"id": "3decc6bfadaa436a105714c6ba2231d8", "number": "5044019011", "date": "2021-01-23 12:57:00", "subject": "4", "recorded-or-robo": "Y", "city": "Brookhaven", "state": "GA", "area-code": "410"}, {"id": "1d36742e3f24f50e4e7ae82801b97190", "number": "5044019011", "date": "2021-01-23 12:57:00", "subject": "4", "recorded-or-robo": "Y", "city": "Brookhaven", "state": "GA", "area-code": "410"}, {"id": "3decc6bfadaa436a105714c6ba2223dd", "number": "5122992436", "date": "2021-01-23 14:56:00", "subject": "5", "recorded-or-robo": "Y", "city": "Liberty Township", "state": "OH", "area-code": "513"}, {"id": "1d36742e3f24f50e4e7ae82801b964c3", "number": "5122992436", "date": "2021-01-23 14:56:00", "subject": "5", "recorded-or-robo": "Y", "city": "Liberty Township", "state": "OH", "area-code": "513"}, {"id": "3decc6bfadaa436a105714c6ba21f006", "number": "9546948273", "date": "2021-01-23 13:32:00", "subject": "3", "recorded-or-robo": "", "city": "", "state": "MI", "area-code": "517"}, {"id": "1d36742e3f24f50e4e7ae82801b94097", "number": "9546948273", "date": "2021-01-23 13:32:00", "subject": "3", "recorded-or-robo": "", "city": "", "state": "MI", "area-code": "517"}, {"id": "3decc6bfadaa436a105714c6ba22143b", "number": "6267983800", "date": "2021-01-18 17:15:00", "subject": "4", "recorded-or-robo": "Y", "city": "Fort Thomas", "state": "OH", "area-code": "513"}, {"id": "1d36742e3f24f50e4e7ae82801b957e1", "number": "6267983800", "date": "2021-01-18 17:15:00", "subject": "4", "recorded-or-robo": "Y", "city": "Fort Thomas", "state": "OH", "area-code": "513"}, {"id": "3decc6bfadaa436a105714c6ba220e5e", "number": "8562725869", "date": "2021-01-23 13:53:00", "subject": "4", "recorded-or-robo": "Y", "city": "Janesville", "state": "WI", "area-code": "815"}, {"id": "1d36742e3f24f50e4e7ae82801b94f6d", "number": "8562725869", "date": "2021-01-23 13:53:00", "subject": "4", "recorded-or-robo": "Y", "city": "Janesville", "state": "WI", "area-code": "815"}, {"id": "3decc6bfadaa436a105714c6ba2203d6", "number": "7278622200", "date": "2021-01-23 13:16:00", "subject": "2", "recorded-or-robo": "Y", "city": "Hudson", "state": "FL", "area-code": "727"}, {"id": "3decc6bfadaa436a105714c6ba21fa89", "number": "6077253568", "date": "2021-01-23 13:41:00", "subject": "3", "recorded-or-robo": "Y", "city": "binghamton", "state": "NY", "area-code": "607"}, {"id": "1d36742e3f24f50e4e7ae82801b9483f", "number": "7278622200", "date": "2021-01-23 13:16:00", "subject": "2", "recorded-or-robo": "Y", "city": "Hudson", "state": "FL", "area-code": "727"}, {"id": "1d36742e3f24f50e4e7ae82801b9477b", "number": "6077253568", "date": "2021-01-23 13:41:00", "subject": "3", "recorded-or-robo": "Y", "city": "binghamton", "state": "NY", "area-code": "607"}, {"id": "3decc6bfadaa436a105714c6ba75294e", "number": "+14092676458", "date": "2021-01-23 14:58:39", "subject": "3", "recorded-or-robo": "N", "city": "", "state": "TX", "area-code": "512"}, {"id": "03e293b3df9e35eadf15c561190ba3c9", "number": "+14092676458", "date": "2021-01-23 14:58:39", "subject": "3", "recorded-or-robo": "N", "city": "", "state": "TX", "area-code": "512"}, {"id": "3decc6bfadaa436a105714c6ba21e775", "number": "2292071441", "date": "2021-01-23 14:29:00", "subject": "1", "recorded-or-robo": "Y", "city": "", "state": "GA", "area-code": "478"}, {"id": "1d36742e3f24f50e4e7ae82801b93ccb", "number": "2292071441", "date": "2021-01-23 14:29:00", "subject": "1", "recorded-or-robo": "Y", "city": "", "state": "GA", "area-code": "478"}, {"id": "3decc6bfadaa436a105714c6ba21e07f", "number": "6077253632", "date": "2021-01-23 13:40:00", "subject": "3", "recorded-or-robo": "Y", "city": "binghamton", "state": "NY", "area-code": "607"}, {"id": "1d36742e3f24f50e4e7ae82801b9300a", "number": "6077253632", "date": "2021-01-23 13:40:00", "subject": "3", "recorded-or-robo": "Y", "city": "binghamton", "state": "NY", "area-code": "607"}, {"id": "3decc6bfadaa436a105714c6ba21d15e", "number": "5022422296", "date": "2021-01-23 11:53:00", "subject": "2", "recorded-or-robo": "N", "city": "Bellevue", "state": "WA", "area-code": "502"}, {"id": "1d36742e3f24f50e4e7ae82801b92ac9", "number": "5022422296", "date": "2021-01-23 11:53:00", "subject": "2", "recorded-or-robo": "N", "city": "Bellevue", "state": "WA", "area-code": "502"}, {"id": "3decc6bfadaa436a105714c6ba21c70a", "number": "9496497618", "date": "2021-01-23 11:53:00", "subject": "6", "recorded-or-robo": "N", "city": "Huntington Beach", "state": "CA", "area-code": "949"}, {"id": "3decc6bfadaa436a105714c6ba21b795", "number": "8007490342", "date": "2021-01-22 13:14:00", "subject": "1", "recorded-or-robo": "Y", "city": "Melbourne", "state": "CA", "area-code": "626"}, {"id": "1d36742e3f24f50e4e7ae82801b922ab", "number": "9496497618", "date": "2021-01-23 11:53:00", "subject": "6", "recorded-or-robo": "N", "city": "Huntington Beach", "state": "CA", "area-code": "949"}, {"id": "1d36742e3f24f50e4e7ae82801b920fd", "number": "8007490342", "date": "2021-01-22 13:14:00", "subject": "1", "recorded-or-robo": "Y", "city": "Melbourne", "state": "CA", "area-code": "626"}, {"id": "3decc6bfadaa436a105714c6ba7550bf", "number": "+19792585587", "date": "2021-01-23 14:57:46", "subject": "3", "recorded-or-robo": "Y", "city": "", "state": "TX", "area-code": "979"}, {"id": "03e293b3df9e35eadf15c561190bd03b", "number": "+19792585587", "date": "2021-01-23 14:57:46", "subject": "3", "recorded-or-robo": "Y", "city": "", "state": "TX", "area-code": "979"}, {"id": "3decc6bfadaa436a105714c6ba21af2b", "number": "4505878773", "date": "2021-01-22 17:54:00", "subject": "9", "recorded-or-robo": "Y", "city": "Fountain Hills", "state": "AZ", "area-code": "520"}, {"id": "1d36742e3f24f50e4e7ae82801b91bef", "number": "4505878773", "date": "2021-01-22 17:54:00", "subject": "9", "recorded-or-robo": "Y", "city": "Fountain Hills", "state": "AZ", "area-code": "520"}, {"id": "3decc6bfadaa436a105714c6ba218fbf", "number": "", "date": "2020-01-23 00:00:00", "subject": "3", "recorded-or-robo": "", "city": "", "state": "FL", "area-code": "813"}, {"id": "1d36742e3f24f50e4e7ae82801b911ec", "number": "", "date": "2020-01-23 00:00:00", "subject": "3", "recorded-or-robo": "", "city": "", "state": "FL", "area-code": "813"}, {"id": "3decc6bfadaa436a105714c6ba21a15f", "number": "6077259258", "date": "2021-01-23 13:32:00", "subject": "3", "recorded-or-robo": "Y", "city": "binghamton", "state": "NY", "area-code": "607"}, {"id": "1d36742e3f24f50e4e7ae82801b9178f", "number": "6077259258", "date": "2021-01-23 13:32:00", "subject": "3", "recorded-or-robo": "Y", "city": "binghamton", "state": "NY", "area-code": "607"}, {"id": "3decc6bfadaa436a105714c6ba219cd3", "number": "4407120507", "date": "2021-01-23 11:56:00", "subject": "2", "recorded-or-robo": "N", "city": "Concord Township", "state": "OH", "area-code": "440"}, {"id": "1d36742e3f24f50e4e7ae82801b91313", "number": "4407120507", "date": "2021-01-23 11:56:00", "subject": "2", "recorded-or-robo": "N", "city": "Concord Township", "state": "OH", "area-code": "440"}, {"id": "3decc6bfadaa436a105714c6ba75168a", "number": "4074406127", "date": "2021-01-23 14:56:41", "subject": "3", "recorded-or-robo": "N", "city": "", "state": "FL", "area-code": "407"}]}