{"data": [{"id": "1d36742e3f24f50e4e7ae8280187f9e7", "number": "8008246191", "date": "2021-01-14 16:38:00", "subject": "0", "recorded-or-robo": "Y", "city": "", "state": "NJ", "area-code": "201"}, {"id": "e81c9350d54f66c6d33b3747eef1e2ff", "number": "5126913489", "date": "2021-01-22 15:04:00", "subject": "2", "recorded-or-robo": "Y", "city": "", "state": "TX", "area-code": "713"}, {"id": "1d36742e3f24f50e4e7ae8280187f536", "number": "5126913489", "date": "2021-01-22 15:04:00", "subject": "2", "recorded-or-robo": "Y", "city": "", "state": "TX", "area-code": "713"}, {"id": "e81c9350d54f66c6d33b3747eef1dad9", "number": "243896840346", "date": "2021-01-21 21:44:00", "subject": "0", "recorded-or-robo": "", "city": "", "state": "NC", "area-code": "910"}, {"id": "1d36742e3f24f50e4e7ae8280187e701", "number": "243896840346", "date": "2021-01-21 21:44:00", "subject": "0", "recorded-or-robo": "", "city": "", "state": "NC", "area-code": "910"}, {"id": "e81c9350d54f66c6d33b3747eef1d850", "number": "9048424948", "date": "2021-01-23 00:00:00", "subject": "4", "recorded-or-robo": "Y", "city": "", "state": "GA", "area-code": "904"}, {"id": "1d36742e3f24f50e4e7ae8280187e21a", "number": "9048424948", "date": "2021-01-23 00:00:00", "subject": "4", "recorded-or-robo": "Y", "city": "", "state": "GA", "area-code": "904"}, {"id": "e81c9350d54f66c6d33b3747eef1d1cc", "number": "", "date": "2021-01-22 12:00:00", "subject": "2", "recorded-or-robo": "Y", "city": "Eastport", "state": "MA", "area-code": "631"}, {"id": "1d36742e3f24f50e4e7ae8280187d419", "number": "", "date": "2021-01-22 12:00:00", "subject": "2", "recorded-or-robo": "Y", "city": "Eastport", "state": "MA", "area-code": "631"}, {"id": "e81c9350d54f66c6d33b3747eef1c3d1", "number": "6028066518", "date": "2021-01-23 11:41:00", "subject": "1", "recorded-or-robo": "Y", "city": "Salisbury", "state": "MD", "area-code": "410"}, {"id": "e81c9350d54f66c6d33b3747eef1bff0", "number": "5055334109", "date": "2021-01-23 09:48:00", "subject": "2", "recorded-or-robo": "Y", "city": "", "state": "NM", "area-code": "505"}, {"id": "1d36742e3f24f50e4e7ae8280187cb6a", "number": "6028066518", "date": "2021-01-23 11:41:00", "subject": "1", "recorded-or-robo": "Y", "city": "Salisbury", "state": "MD", "area-code": "410"}, {"id": "1d36742e3f24f50e4e7ae8280187bc79", "number": "5055334109", "date": "2021-01-23 09:48:00", "subject": "2", "recorded-or-robo": "Y", "city": "", "state": "NM", "area-code": "505"}, {"id": "e81c9350d54f66c6d33b3747eef1b22c", "number": "8556789616", "date": "2021-01-23 11:38:00", "subject": "1", "recorded-or-robo": "Y", "city": "Bristol", "state": "IN", "area-code": "574"}, {"id": "1d36742e3f24f50e4e7ae8280187b99c", "number": "8556789616", "date": "2021-01-23 11:38:00", "subject": "1", "recorded-or-robo": "Y", "city": "Bristol", "state": "IN", "area-code": "574"}, {"id": "e81c9350d54f66c6d33b3747eef1a611", "number": "2012872294", "date": "2021-01-20 09:08:00", "subject": "4", "recorded-or-robo": "Y", "city": "", "state": "NJ", "area-code": "201"}, {"id": "1d36742e3f24f50e4e7ae8280187a9c0", "number": "2012872294", "date": "2021-01-20 09:08:00", "subject": "4", "recorded-or-robo": "Y", "city": "", "state": "NJ", "area-code": "201"}, {"id": "e81c9350d54f66c6d33b3747eef1996c", "number": "4402140933", "date": "2021-01-22 00:00:00", "subject": "3", "recorded-or-robo": "", "city": "North Royalton", "state": "OH", "area-code": "440"}, {"id": "e81c9350d54f66c6d33b3747eef18e49", "number": "6156868174", "date": "2021-01-07 19:15:00", "subject": "2", "recorded-or-robo": "N", "city": "", "state": "TN", "area-code": "615"}, {"id": "1d36742e3f24f50e4e7ae828018799d8", "number": "4402140933", "date": "2021-01-22 00:00:00", "subject": "3", "recorded-or-robo": "", "city": "North Royalton", "state": "OH", "area-code": "440"}, {"id": "1d36742e3f24f50e4e7ae82801879090", "number": "6156868174", "date": "2021-01-07 19:15:00", "subject": "2", "recorded-or-robo": "N", "city": "", "state": "TN", "area-code": "615"}, {"id": "e81c9350d54f66c6d33b3747eef18d39", "number": "3149682302", "date": "2021-01-22 11:24:00", "subject": "0", "recorded-or-robo": "Y", "city": "Saint Louis", "state": "MO", "area-code": "314"}, {"id": "1d36742e3f24f50e4e7ae8280187822e", "number": "3149682302", "date": "2021-01-22 11:24:00", "subject": "0", "recorded-or-robo": "Y", "city": "Saint Louis", "state": "MO", "area-code": "314"}, {"id": "e81c9350d54f66c6d33b3747eef180b3", "number": "3524523943", "date": "2021-01-23 11:48:00", "subject": "2", "recorded-or-robo": "", "city": "newport", "state": "ME", "area-code": "352"}, {"id": "e81c9350d54f66c6d33b3747eef17777", "number": "7275402665", "date": "2021-01-22 16:42:00", "subject": "0", "recorded-or-robo": "Y", "city": "Warren", "state": "MI", "area-code": "586"}, {"id": "1d36742e3f24f50e4e7ae828018777e5", "number": "3524523943", "date": "2021-01-23 11:48:00", "subject": "2", "recorded-or-robo": "", "city": "newport", "state": "ME", "area-code": "352"}, {"id": "1d36742e3f24f50e4e7ae828018770ea", "number": "7275402665", "date": "2021-01-22 16:42:00", "subject": "0", "recorded-or-robo": "Y", "city": "Warren", "state": "MI", "area-code": "586"}, {"id": "e81c9350d54f66c6d33b3747eef1759b", "number": "12552557866164265", "date": "2021-01-22 05:35:00", "subject": "0", "recorded-or-robo": "", "city": "", "state": "NC", "area-code": "910"}, {"id": "1d36742e3f24f50e4e7ae828018768c9", "number": "12552557866164265", "date": "2021-01-22 05:35:00", "subject": "0", "recorded-or-robo": "", "city": "", "state": "NC", "area-code": "910"}, {"id": "e81c9350d54f66c6d33b3747eef1740c", "number": "2032466607", "date": "2021-01-23 11:19:00", "subject": "7", "recorded-or-robo": "N", "city": "fairfield", "state": "CT", "area-code": "203"}, {"id": "1d36742e3f24f50e4e7ae8280187629e", "number": "2032466607", "date": "2021-01-23 11:19:00", "subject": "7", "recorded-or-robo": "N", "city": "fairfield", "state": "CT", "area-code": "203"}, {"id": "e81c9350d54f66c6d33b3747eef16f39", "number": "8887934514", "date": "2021-01-23 08:40:00", "subject": "11", "recorded-or-robo": "Y", "city": "", "state": "VA", "area-code": "540"}, {"id": "1d36742e3f24f50e4e7ae82801875b11", "number": "8887934514", "date": "2021-01-23 08:40:00", "subject": "11", "recorded-or-robo": "Y", "city": "", "state": "VA", "area-code": "540"}, {"id": "e81c9350d54f66c6d33b3747eef16492", "number": "8665270534", "date": "2021-01-23 10:30:00", "subject": "2", "recorded-or-robo": "Y", "city": "LAKE SAINT LOUIS", "state": "MO", "area-code": "636"}, {"id": "1d36742e3f24f50e4e7ae82801874f9e", "number": "8665270534", "date": "2021-01-23 10:30:00", "subject": "2", "recorded-or-robo": "Y", "city": "LAKE SAINT LOUIS", "state": "MO", "area-code": "636"}, {"id": "e81c9350d54f66c6d33b3747eef15d5d", "number": "3367380830", "date": "2021-01-11 14:32:00", "subject": "0", "recorded-or-robo": "Y", "city": "", "state": "NJ", "area-code": "201"}, {"id": "1d36742e3f24f50e4e7ae828018743cf", "number": "3367380830", "date": "2021-01-11 14:32:00", "subject": "0", "recorded-or-robo": "Y", "city": "", "state": "NJ", "area-code": "201"}, {"id": "e81c9350d54f66c6d33b3747eef15ae4", "number": "3149684865", "date": "2021-01-22 10:55:00", "subject": "0", "recorded-or-robo": "Y", "city": "Saint Louis", "state": "MO", "area-code": "314"}, {"id": "1d36742e3f24f50e4e7ae82801873a5a", "number": "3149684865", "date": "2021-01-22 10:55:00", "subject": "0", "recorded-or-robo": "Y", "city": "Saint Louis", "state": "MO", "area-code": "314"}, {"id": "e81c9350d54f66c6d33b3747eef15672", "number": "2107140891", "date": "2021-01-23 10:51:00", "subject": "2", "recorded-or-robo": "Y", "city": "", "state": "TX", "area-code": "713"}, {"id": "1d36742e3f24f50e4e7ae8280187380b", "number": "2107140891", "date": "2021-01-23 10:51:00", "subject": "2", "recorded-or-robo": "Y", "city": "", "state": "TX", "area-code": "713"}, {"id": "3decc6bfadaa436a105714c6ba57b4ca", "number": "5714640152", "date": "2020-01-22 10:05:00", "subject": "3", "recorded-or-robo": "N", "city": "", "state": "VA", "area-code": "757"}, {"id": "1d36742e3f24f50e4e7ae82801ee096f", "number": "5714640152", "date": "2020-01-22 10:05:00", "subject": "3", "recorded-or-robo": "N", "city": "", "state": "VA", "area-code": "757"}, {"id": "e81c9350d54f66c6d33b3747eef1564a", "number": "5067063439", "date": "2021-01-23 11:50:00", "subject": "2", "recorded-or-robo": "Y", "city": "Flushing", "state": "NY", "area-code": "516"}, {"id": "1d36742e3f24f50e4e7ae8280187350e", "number": "5067063439", "date": "2021-01-23 11:50:00", "subject": "2", "recorded-or-robo": "Y", "city": "Flushing", "state": "NY", "area-code": "516"}, {"id": "e81c9350d54f66c6d33b3747eef15465", "number": "1212766307344", "date": "2021-01-13 06:03:00", "subject": "0", "recorded-or-robo": "", "city": "", "state": "NC", "area-code": "910"}, {"id": "1d36742e3f24f50e4e7ae8280187315c", "number": "1212766307344", "date": "2021-01-13 06:03:00", "subject": "0", "recorded-or-robo": "", "city": "", "state": "NC", "area-code": "910"}, {"id": "e81c9350d54f66c6d33b3747eef1489c", "number": "6092359492", "date": "2021-01-19 15:37:00", "subject": "4", "recorded-or-robo": "N", "city": "", "state": "NJ", "area-code": "201"}, {"id": "1d36742e3f24f50e4e7ae82801872d83", "number": "6092359492", "date": "2021-01-19 15:37:00", "subject": "4", "recorded-or-robo": "N", "city": "", "state": "NJ", "area-code": "201"}, {"id": "e81c9350d54f66c6d33b3747eef1405c", "number": "5136133218", "date": "2021-01-23 10:25:00", "subject": "2", "recorded-or-robo": "Y", "city": "Cincinnati", "state": "OH", "area-code": "513"}]}