{"data": [{"id": "03e293b3df9e35eadf15c5611900b941", "number": "5099282726", "date": "2021-01-23 15:29:00", "subject": "1", "recorded-or-robo": "Y", "city": "Spokane Valley", "state": "WA", "area-code": "509"}, {"id": "3decc6bfadaa436a105714c6ba6aa28d", "number": "5099288532", "date": "2021-01-23 14:58:00", "subject": "1", "recorded-or-robo": "Y", "city": "Spokane Valley", "state": "WA", "area-code": "509"}, {"id": "03e293b3df9e35eadf15c5611900b006", "number": "5099288532", "date": "2021-01-23 14:58:00", "subject": "1", "recorded-or-robo": "Y", "city": "Spokane Valley", "state": "WA", "area-code": "509"}, {"id": "3decc6bfadaa436a105714c6ba6a99ac", "number": "5099287939", "date": "2021-01-23 16:08:00", "subject": "1", "recorded-or-robo": "Y", "city": "Spokane Valley", "state": "WA", "area-code": "509"}, {"id": "03e293b3df9e35eadf15c5611900a3bf", "number": "5099287939", "date": "2021-01-23 16:08:00", "subject": "1", "recorded-or-robo": "Y", "city": "Spokane Valley", "state": "WA", "area-code": "509"}, {"id": "3decc6bfadaa436a105714c6ba6a8e8d", "number": "5099286762", "date": "2021-01-23 15:58:00", "subject": "1", "recorded-or-robo": "Y", "city": "Spokane Valley", "state": "WA", "area-code": "509"}, {"id": "03e293b3df9e35eadf15c56119009ed2", "number": "5099286762", "date": "2021-01-23 15:58:00", "subject": "1", "recorded-or-robo": "Y", "city": "Spokane Valley", "state": "WA", "area-code": "509"}, {"id": "3decc6bfadaa436a105714c6ba6a7efc", "number": "5099281204", "date": "2021-01-23 15:43:00", "subject": "1", "recorded-or-robo": "Y", "city": "Spokane Valley", "state": "WA", "area-code": "509"}, {"id": "03e293b3df9e35eadf15c56119009d5b", "number": "5099281204", "date": "2021-01-23 15:43:00", "subject": "1", "recorded-or-robo": "Y", "city": "Spokane Valley", "state": "WA", "area-code": "509"}, {"id": "3decc6bfadaa436a105714c6ba6a758d", "number": "2563954937", "date": "2021-01-23 16:57:00", "subject": "2", "recorded-or-robo": "N", "city": "Russellville", "state": "AL", "area-code": "256"}, {"id": "03e293b3df9e35eadf15c5611900994b", "number": "2563954937", "date": "2021-01-23 16:57:00", "subject": "2", "recorded-or-robo": "N", "city": "Russellville", "state": "AL", "area-code": "256"}, {"id": "3decc6bfadaa436a105714c6ba6a7259", "number": "6197246045", "date": "2021-01-04 08:33:00", "subject": "2", "recorded-or-robo": "N", "city": "", "state": "CA", "area-code": "858"}, {"id": "03e293b3df9e35eadf15c561190090c4", "number": "6197246045", "date": "2021-01-04 08:33:00", "subject": "2", "recorded-or-robo": "N", "city": "", "state": "CA", "area-code": "858"}, {"id": "3decc6bfadaa436a105714c6ba6a706f", "number": "5099466279", "date": "2021-01-23 05:21:00", "subject": "11", "recorded-or-robo": "Y", "city": "Richland", "state": "WA", "area-code": "509"}, {"id": "3decc6bfadaa436a105714c6ba6a6f27", "number": "5099282726", "date": "2021-01-23 15:30:00", "subject": "1", "recorded-or-robo": "Y", "city": "Spokane Valley", "state": "WA", "area-code": "509"}, {"id": "03e293b3df9e35eadf15c56119008930", "number": "5099466279", "date": "2021-01-23 05:21:00", "subject": "11", "recorded-or-robo": "Y", "city": "Richland", "state": "WA", "area-code": "509"}, {"id": "03e293b3df9e35eadf15c56119007e3b", "number": "5099282726", "date": "2021-01-23 15:30:00", "subject": "1", "recorded-or-robo": "Y", "city": "Spokane Valley", "state": "WA", "area-code": "509"}, {"id": "3decc6bfadaa436a105714c6ba6a6e26", "number": "7174475162", "date": "2021-01-21 10:17:00", "subject": "4", "recorded-or-robo": "Y", "city": "Duncannon", "state": "PA", "area-code": "717"}, {"id": "03e293b3df9e35eadf15c56119007118", "number": "7174475162", "date": "2021-01-21 10:17:00", "subject": "4", "recorded-or-robo": "Y", "city": "Duncannon", "state": "PA", "area-code": "717"}, {"id": "3decc6bfadaa436a105714c6ba6a6593", "number": "5099287145", "date": "2021-01-23 14:07:00", "subject": "1", "recorded-or-robo": "Y", "city": "Spokane Valley", "state": "WA", "area-code": "509"}, {"id": "03e293b3df9e35eadf15c561190065aa", "number": "5099287145", "date": "2021-01-23 14:07:00", "subject": "1", "recorded-or-robo": "Y", "city": "Spokane Valley", "state": "WA", "area-code": "509"}, {"id": "3decc6bfadaa436a105714c6ba6a570e", "number": "5099287461", "date": "2021-01-23 13:54:00", "subject": "1", "recorded-or-robo": "Y", "city": "Spokane Valley", "state": "WA", "area-code": "509"}, {"id": "03e293b3df9e35eadf15c56119005c8c", "number": "5099287461", "date": "2021-01-23 13:54:00", "subject": "1", "recorded-or-robo": "Y", "city": "Spokane Valley", "state": "WA", "area-code": "509"}, {"id": "3decc6bfadaa436a105714c6ba6a55a6", "number": "9546948562", "date": "2021-01-23 13:49:00", "subject": "6", "recorded-or-robo": "N", "city": "Los Angeles", "state": "CA", "area-code": "323"}, {"id": "03e293b3df9e35eadf15c56119005268", "number": "9546948562", "date": "2021-01-23 13:49:00", "subject": "6", "recorded-or-robo": "N", "city": "Los Angeles", "state": "CA", "area-code": "323"}, {"id": "3decc6bfadaa436a105714c6ba6a4db6", "number": "9259641626", "date": "2021-01-23 16:53:00", "subject": "2", "recorded-or-robo": "Y", "city": "", "state": "CA", "area-code": "925"}, {"id": "03e293b3df9e35eadf15c56119004378", "number": "9259641626", "date": "2021-01-23 16:53:00", "subject": "2", "recorded-or-robo": "Y", "city": "", "state": "CA", "area-code": "925"}, {"id": "3decc6bfadaa436a105714c6ba6a428d", "number": "5099289701", "date": "2021-01-23 13:38:00", "subject": "1", "recorded-or-robo": "Y", "city": "Spokane Valley", "state": "WA", "area-code": "509"}, {"id": "03e293b3df9e35eadf15c561190041b6", "number": "5099289701", "date": "2021-01-23 13:38:00", "subject": "1", "recorded-or-robo": "Y", "city": "Spokane Valley", "state": "WA", "area-code": "509"}, {"id": "3decc6bfadaa436a105714c6ba6a3904", "number": "5099289084", "date": "2021-01-23 13:21:00", "subject": "1", "recorded-or-robo": "Y", "city": "Spokane Valley", "state": "WA", "area-code": "509"}, {"id": "03e293b3df9e35eadf15c56119003eb8", "number": "5099289084", "date": "2021-01-23 13:21:00", "subject": "1", "recorded-or-robo": "Y", "city": "Spokane Valley", "state": "WA", "area-code": "509"}, {"id": "3decc6bfadaa436a105714c6ba6a354d", "number": "4805029785", "date": "2021-01-22 14:10:00", "subject": "1", "recorded-or-robo": "Y", "city": "Scottsdale", "state": "AZ", "area-code": "480"}, {"id": "03e293b3df9e35eadf15c56119003313", "number": "4805029785", "date": "2021-01-22 14:10:00", "subject": "1", "recorded-or-robo": "Y", "city": "Scottsdale", "state": "AZ", "area-code": "480"}, {"id": "3decc6bfadaa436a105714c6ba6a2915", "number": "5099284695", "date": "2021-01-23 12:47:00", "subject": "1", "recorded-or-robo": "Y", "city": "Spokane Valley", "state": "WA", "area-code": "509"}, {"id": "03e293b3df9e35eadf15c56119002953", "number": "5099284695", "date": "2021-01-23 12:47:00", "subject": "1", "recorded-or-robo": "Y", "city": "Spokane Valley", "state": "WA", "area-code": "509"}, {"id": "3decc6bfadaa436a105714c6ba81dd59", "number": "+18443859130", "date": "2021-01-23 20:47:44", "subject": "3", "recorded-or-robo": "Y", "city": "", "state": "CA", "area-code": "707"}, {"id": "03e293b3df9e35eadf15c561191852ac", "number": "+18443859130", "date": "2021-01-23 20:47:44", "subject": "3", "recorded-or-robo": "Y", "city": "", "state": "CA", "area-code": "707"}, {"id": "3decc6bfadaa436a105714c6ba6a2032", "number": "", "date": "2021-01-19 12:00:00", "subject": "2", "recorded-or-robo": "Y", "city": "Rocklin", "state": "CA", "area-code": "916"}, {"id": "03e293b3df9e35eadf15c56119002884", "number": "", "date": "2021-01-19 12:00:00", "subject": "2", "recorded-or-robo": "Y", "city": "Rocklin", "state": "CA", "area-code": "916"}, {"id": "3decc6bfadaa436a105714c6ba6a1d1b", "number": "5419709645", "date": "2021-01-20 00:00:00", "subject": "3", "recorded-or-robo": "", "city": "Portland", "state": "OR", "area-code": "503"}, {"id": "03e293b3df9e35eadf15c56119001b6b", "number": "5419709645", "date": "2021-01-20 00:00:00", "subject": "3", "recorded-or-robo": "", "city": "Portland", "state": "OR", "area-code": "503"}, {"id": "3decc6bfadaa436a105714c6ba6a1357", "number": "8649926336", "date": "2021-01-20 00:00:00", "subject": "3", "recorded-or-robo": "", "city": "Portland", "state": "OR", "area-code": "503"}, {"id": "03e293b3df9e35eadf15c561190017ac", "number": "8649926336", "date": "2021-01-20 00:00:00", "subject": "3", "recorded-or-robo": "", "city": "Portland", "state": "OR", "area-code": "503"}, {"id": "3decc6bfadaa436a105714c6ba6a0ad4", "number": "4805023167", "date": "2021-01-22 16:29:00", "subject": "1", "recorded-or-robo": "Y", "city": "Scottsdale", "state": "AZ", "area-code": "480"}, {"id": "03e293b3df9e35eadf15c561190014ba", "number": "4805023167", "date": "2021-01-22 16:29:00", "subject": "1", "recorded-or-robo": "Y", "city": "Scottsdale", "state": "AZ", "area-code": "480"}, {"id": "3decc6bfadaa436a105714c6ba6a0120", "number": "", "date": "2021-01-21 12:00:00", "subject": "2", "recorded-or-robo": "Y", "city": "Bellport", "state": "NY", "area-code": "631"}, {"id": "03e293b3df9e35eadf15c561190012e4", "number": "", "date": "2021-01-21 12:00:00", "subject": "2", "recorded-or-robo": "Y", "city": "Bellport", "state": "NY", "area-code": "631"}, {"id": "3decc6bfadaa436a105714c6ba81dd9f", "number": "+17137465612", "date": "2021-01-23 20:45:43", "subject": "3", "recorded-or-robo": "Y", "city": "", "state": "TX", "area-code": "713"}, {"id": "03e293b3df9e35eadf15c5611918530f", "number": "+17137465612", "date": "2021-01-23 20:45:43", "subject": "3", "recorded-or-robo": "Y", "city": "", "state": "TX", "area-code": "713"}, {"id": "3decc6bfadaa436a105714c6ba69fda1", "number": "2149834090", "date": "2021-01-14 00:00:00", "subject": "4", "recorded-or-robo": "Y", "city": "Garland", "state": "TX", "area-code": "214"}]}