{"data": [{"id": "03e293b3df9e35eadf15c5611919b5a8", "number": "5802655499", "date": "2021-01-23 21:57:23", "subject": "3", "recorded-or-robo": "N", "city": "", "state": "OK", "area-code": "580"}, {"id": "3decc6bfadaa436a105714c6ba838b14", "number": "8086629144", "date": "2021-01-23 21:57:03", "subject": "3", "recorded-or-robo": "Y", "city": "", "state": "MI", "area-code": "313"}, {"id": "03e293b3df9e35eadf15c5611919c706", "number": "8086629144", "date": "2021-01-23 21:57:03", "subject": "3", "recorded-or-robo": "Y", "city": "", "state": "MI", "area-code": "313"}, {"id": "3decc6bfadaa436a105714c6ba6e9296", "number": "3216777454", "date": "2021-01-23 12:14:00", "subject": "3", "recorded-or-robo": "Y", "city": "", "state": "FL", "area-code": "321"}, {"id": "03e293b3df9e35eadf15c56119047e21", "number": "3216777454", "date": "2021-01-23 12:14:00", "subject": "3", "recorded-or-robo": "Y", "city": "", "state": "FL", "area-code": "321"}, {"id": "3decc6bfadaa436a105714c6ba838e14", "number": "+16783365337", "date": "2021-01-23 21:55:55", "subject": "3", "recorded-or-robo": "Y", "city": "", "state": "NH", "area-code": "603"}, {"id": "3decc6bfadaa436a105714c6ba836a4a", "number": "5802076969", "date": "2021-01-23 21:55:55", "subject": "3", "recorded-or-robo": "N", "city": "", "state": "OK", "area-code": "580"}, {"id": "03e293b3df9e35eadf15c5611919d2bc", "number": "+16783365337", "date": "2021-01-23 21:55:55", "subject": "3", "recorded-or-robo": "Y", "city": "", "state": "NH", "area-code": "603"}, {"id": "03e293b3df9e35eadf15c5611919a644", "number": "5802076969", "date": "2021-01-23 21:55:55", "subject": "3", "recorded-or-robo": "N", "city": "", "state": "OK", "area-code": "580"}, {"id": "3decc6bfadaa436a105714c6ba6e90ee", "number": "", "date": "2021-01-23 12:14:00", "subject": "3", "recorded-or-robo": "Y", "city": "", "state": "FL", "area-code": "321"}, {"id": "03e293b3df9e35eadf15c5611904720d", "number": "", "date": "2021-01-23 12:14:00", "subject": "3", "recorded-or-robo": "Y", "city": "", "state": "FL", "area-code": "321"}, {"id": "3decc6bfadaa436a105714c6ba6e8f31", "number": "4808029857", "date": "2021-01-23 17:56:00", "subject": "1", "recorded-or-robo": "Y", "city": "Sun Lakes", "state": "AZ", "area-code": "480"}, {"id": "03e293b3df9e35eadf15c56119046716", "number": "4808029857", "date": "2021-01-23 17:56:00", "subject": "1", "recorded-or-robo": "Y", "city": "Sun Lakes", "state": "AZ", "area-code": "480"}, {"id": "3decc6bfadaa436a105714c6ba8360d5", "number": "+16106455000", "date": "2021-01-23 21:52:40", "subject": "3", "recorded-or-robo": "N", "city": "", "state": "NJ", "area-code": "856"}, {"id": "03e293b3df9e35eadf15c56119199f05", "number": "+16106455000", "date": "2021-01-23 21:52:40", "subject": "3", "recorded-or-robo": "N", "city": "", "state": "NJ", "area-code": "856"}, {"id": "3decc6bfadaa436a105714c6ba834463", "number": "+18328394520", "date": "2021-01-23 21:52:10", "subject": "3", "recorded-or-robo": "Y", "city": "", "state": "TX", "area-code": "832"}, {"id": "03e293b3df9e35eadf15c56119197ded", "number": "+18328394520", "date": "2021-01-23 21:52:10", "subject": "3", "recorded-or-robo": "Y", "city": "", "state": "TX", "area-code": "832"}, {"id": "3decc6bfadaa436a105714c6ba6e82a7", "number": "8031863486", "date": "2021-01-23 12:40:00", "subject": "0", "recorded-or-robo": "Y", "city": "", "state": "NV", "area-code": "702"}, {"id": "03e293b3df9e35eadf15c56119045758", "number": "8031863486", "date": "2021-01-23 12:40:00", "subject": "0", "recorded-or-robo": "Y", "city": "", "state": "NV", "area-code": "702"}, {"id": "3decc6bfadaa436a105714c6ba6e74a1", "number": "4808021999", "date": "2021-01-23 17:48:00", "subject": "1", "recorded-or-robo": "Y", "city": "Sun Lakes", "state": "AZ", "area-code": "480"}, {"id": "03e293b3df9e35eadf15c56119044e47", "number": "4808021999", "date": "2021-01-23 17:48:00", "subject": "1", "recorded-or-robo": "Y", "city": "Sun Lakes", "state": "AZ", "area-code": "480"}, {"id": "3decc6bfadaa436a105714c6ba6e69ec", "number": "7028321674", "date": "2021-01-23 12:12:00", "subject": "1", "recorded-or-robo": "Y", "city": "", "state": "NV", "area-code": "702"}, {"id": "03e293b3df9e35eadf15c561190442e9", "number": "7028321674", "date": "2021-01-23 12:12:00", "subject": "1", "recorded-or-robo": "Y", "city": "", "state": "NV", "area-code": "702"}, {"id": "3decc6bfadaa436a105714c6ba834ac3", "number": "+18008755120", "date": "2021-01-23 21:51:08", "subject": "3", "recorded-or-robo": "Y", "city": "", "state": "CA", "area-code": "310"}, {"id": "03e293b3df9e35eadf15c561191987b1", "number": "+18008755120", "date": "2021-01-23 21:51:08", "subject": "3", "recorded-or-robo": "Y", "city": "", "state": "CA", "area-code": "310"}, {"id": "3decc6bfadaa436a105714c6ba835457", "number": "+18328397304", "date": "2021-01-23 21:51:00", "subject": "3", "recorded-or-robo": "N", "city": "", "state": "TX", "area-code": "832"}, {"id": "03e293b3df9e35eadf15c561191991d8", "number": "+18328397304", "date": "2021-01-23 21:51:00", "subject": "3", "recorded-or-robo": "N", "city": "", "state": "TX", "area-code": "832"}, {"id": "3decc6bfadaa436a105714c6ba6e668b", "number": "3235791958", "date": "2021-01-23 11:38:00", "subject": "0", "recorded-or-robo": "Y", "city": "", "state": "MD", "area-code": "410"}, {"id": "03e293b3df9e35eadf15c5611904396f", "number": "3235791958", "date": "2021-01-23 11:38:00", "subject": "0", "recorded-or-robo": "Y", "city": "", "state": "MD", "area-code": "410"}, {"id": "3decc6bfadaa436a105714c6ba6e65d9", "number": "4808025256", "date": "2021-01-23 17:43:00", "subject": "1", "recorded-or-robo": "Y", "city": "Sun Lakes", "state": "AZ", "area-code": "480"}, {"id": "03e293b3df9e35eadf15c561190432e5", "number": "4808025256", "date": "2021-01-23 17:43:00", "subject": "1", "recorded-or-robo": "Y", "city": "Sun Lakes", "state": "AZ", "area-code": "480"}, {"id": "3decc6bfadaa436a105714c6ba6e5f8e", "number": "7243141909", "date": "2021-01-22 18:50:00", "subject": "0", "recorded-or-robo": "Y", "city": "", "state": "MD", "area-code": "410"}, {"id": "03e293b3df9e35eadf15c561190422ea", "number": "7243141909", "date": "2021-01-22 18:50:00", "subject": "0", "recorded-or-robo": "Y", "city": "", "state": "MD", "area-code": "410"}, {"id": "3decc6bfadaa436a105714c6ba6e5eb2", "number": "2492218852", "date": "2021-01-22 17:56:00", "subject": "0", "recorded-or-robo": "Y", "city": "", "state": "MD", "area-code": "410"}, {"id": "03e293b3df9e35eadf15c56119041a00", "number": "2492218852", "date": "2021-01-22 17:56:00", "subject": "0", "recorded-or-robo": "Y", "city": "", "state": "MD", "area-code": "410"}, {"id": "3decc6bfadaa436a105714c6ba6e5896", "number": "5205880", "date": "2020-12-22 09:43:00", "subject": "0", "recorded-or-robo": "Y", "city": "Duluth", "state": "MN", "area-code": "218"}, {"id": "03e293b3df9e35eadf15c56119041585", "number": "5205880", "date": "2020-12-22 09:43:00", "subject": "0", "recorded-or-robo": "Y", "city": "Duluth", "state": "MN", "area-code": "218"}, {"id": "3decc6bfadaa436a105714c6ba6e5852", "number": "5092467691", "date": "2021-01-22 16:28:00", "subject": "0", "recorded-or-robo": "Y", "city": "", "state": "MD", "area-code": "410"}, {"id": "03e293b3df9e35eadf15c561190405d5", "number": "5092467691", "date": "2021-01-22 16:28:00", "subject": "0", "recorded-or-robo": "Y", "city": "", "state": "MD", "area-code": "410"}, {"id": "3decc6bfadaa436a105714c6ba6e4ddb", "number": "4808026425", "date": "2021-01-23 17:30:00", "subject": "1", "recorded-or-robo": "Y", "city": "Sun Lakes", "state": "AZ", "area-code": "480"}, {"id": "03e293b3df9e35eadf15c561190402e9", "number": "4808026425", "date": "2021-01-23 17:30:00", "subject": "1", "recorded-or-robo": "Y", "city": "Sun Lakes", "state": "AZ", "area-code": "480"}, {"id": "3decc6bfadaa436a105714c6ba6e497a", "number": "8763756723", "date": "2020-12-24 15:39:00", "subject": "0", "recorded-or-robo": "Y", "city": "Duluth", "state": "MN", "area-code": "218"}, {"id": "03e293b3df9e35eadf15c5611903f721", "number": "8763756723", "date": "2020-12-24 15:39:00", "subject": "0", "recorded-or-robo": "Y", "city": "Duluth", "state": "MN", "area-code": "218"}, {"id": "3decc6bfadaa436a105714c6ba6e465d", "number": "2406520581", "date": "2021-01-22 13:47:00", "subject": "0", "recorded-or-robo": "Y", "city": "", "state": "MD", "area-code": "410"}, {"id": "03e293b3df9e35eadf15c5611903ee43", "number": "2406520581", "date": "2021-01-22 13:47:00", "subject": "0", "recorded-or-robo": "Y", "city": "", "state": "MD", "area-code": "410"}, {"id": "3decc6bfadaa436a105714c6ba6e3ec1", "number": "6513147100", "date": "2020-12-29 14:10:00", "subject": "0", "recorded-or-robo": "Y", "city": "Duluth", "state": "MN", "area-code": "218"}, {"id": "03e293b3df9e35eadf15c5611903e800", "number": "6513147100", "date": "2020-12-29 14:10:00", "subject": "0", "recorded-or-robo": "Y", "city": "Duluth", "state": "MN", "area-code": "218"}, {"id": "3decc6bfadaa436a105714c6ba6e3620", "number": "4108365575", "date": "2021-01-21 16:30:00", "subject": "0", "recorded-or-robo": "Y", "city": "", "state": "MD", "area-code": "410"}, {"id": "03e293b3df9e35eadf15c5611903d923", "number": "4108365575", "date": "2021-01-21 16:30:00", "subject": "0", "recorded-or-robo": "Y", "city": "", "state": "MD", "area-code": "410"}, {"id": "3decc6bfadaa436a105714c6ba833816", "number": "+14698121818", "date": "2021-01-23 21:46:35", "subject": "3", "recorded-or-robo": "Y", "city": "", "state": "PA", "area-code": "215"}]}