{"data": [{"id": "1d36742e3f24f50e4e7ae828018a4466", "number": "7028994905", "date": "2021-01-23 08:57:00", "subject": "7", "recorded-or-robo": "Y", "city": "", "state": "NV", "area-code": "702"}, {"id": "e81c9350d54f66c6d33b3747eef42c7f", "number": "9197017698", "date": "2021-01-12 10:41:00", "subject": "0", "recorded-or-robo": "Y", "city": "", "state": "NJ", "area-code": "201"}, {"id": "1d36742e3f24f50e4e7ae828018a3fd1", "number": "9197017698", "date": "2021-01-12 10:41:00", "subject": "0", "recorded-or-robo": "Y", "city": "", "state": "NJ", "area-code": "201"}, {"id": "e81c9350d54f66c6d33b3747eef41d7b", "number": "", "date": "2021-01-23 00:00:00", "subject": "3", "recorded-or-robo": "Y", "city": "", "state": "CO", "area-code": "303"}, {"id": "1d36742e3f24f50e4e7ae828018a385f", "number": "", "date": "2021-01-23 00:00:00", "subject": "3", "recorded-or-robo": "Y", "city": "", "state": "CO", "area-code": "303"}, {"id": "e81c9350d54f66c6d33b3747eef415e0", "number": "7604215293", "date": "2021-01-22 16:23:00", "subject": "0", "recorded-or-robo": "N", "city": "Bishop", "state": "CA", "area-code": "760"}, {"id": "1d36742e3f24f50e4e7ae828018a3418", "number": "7604215293", "date": "2021-01-22 16:23:00", "subject": "0", "recorded-or-robo": "N", "city": "Bishop", "state": "CA", "area-code": "760"}, {"id": "e81c9350d54f66c6d33b3747eef40772", "number": "4134236546", "date": "2021-01-22 17:21:00", "subject": "0", "recorded-or-robo": "N", "city": "", "state": "MA", "area-code": "978"}, {"id": "1d36742e3f24f50e4e7ae828018a2f76", "number": "4134236546", "date": "2021-01-22 17:21:00", "subject": "0", "recorded-or-robo": "N", "city": "", "state": "MA", "area-code": "978"}, {"id": "e81c9350d54f66c6d33b3747eef3f7a3", "number": "3144952873", "date": "2021-01-22 18:39:00", "subject": "2", "recorded-or-robo": "Y", "city": "University City", "state": "MO", "area-code": "314"}, {"id": "1d36742e3f24f50e4e7ae828018a1f89", "number": "3144952873", "date": "2021-01-22 18:39:00", "subject": "2", "recorded-or-robo": "Y", "city": "University City", "state": "MO", "area-code": "314"}, {"id": "e81c9350d54f66c6d33b3747eef3f6e2", "number": "7139430732", "date": "2021-01-23 11:34:00", "subject": "1", "recorded-or-robo": "N", "city": "", "state": "ID", "area-code": "208"}, {"id": "1d36742e3f24f50e4e7ae828018a1931", "number": "7139430732", "date": "2021-01-23 11:34:00", "subject": "1", "recorded-or-robo": "N", "city": "", "state": "ID", "area-code": "208"}, {"id": "e81c9350d54f66c6d33b3747eef3f505", "number": "4125385954", "date": "2021-01-23 12:05:00", "subject": "2", "recorded-or-robo": "", "city": "Pittsburgh", "state": "PA", "area-code": "412"}, {"id": "1d36742e3f24f50e4e7ae828018a0d61", "number": "4125385954", "date": "2021-01-23 12:05:00", "subject": "2", "recorded-or-robo": "", "city": "Pittsburgh", "state": "PA", "area-code": "412"}, {"id": "e81c9350d54f66c6d33b3747eef3e8cd", "number": "7028242608", "date": "2021-01-23 08:59:00", "subject": "7", "recorded-or-robo": "Y", "city": "", "state": "NV", "area-code": "702"}, {"id": "1d36742e3f24f50e4e7ae828018a06ec", "number": "7028242608", "date": "2021-01-23 08:59:00", "subject": "7", "recorded-or-robo": "Y", "city": "", "state": "NV", "area-code": "702"}, {"id": "e81c9350d54f66c6d33b3747eef3d928", "number": "6077974960", "date": "2021-01-23 12:01:00", "subject": "2", "recorded-or-robo": "Y", "city": "", "state": "NY", "area-code": "607"}, {"id": "1d36742e3f24f50e4e7ae8280189ffb4", "number": "6077974960", "date": "2021-01-23 12:01:00", "subject": "2", "recorded-or-robo": "Y", "city": "", "state": "NY", "area-code": "607"}, {"id": "e81c9350d54f66c6d33b3747eef3cc45", "number": "6193051819", "date": "2021-01-23 09:03:00", "subject": "7", "recorded-or-robo": "N", "city": "", "state": "CA", "area-code": "951"}, {"id": "1d36742e3f24f50e4e7ae8280189fc09", "number": "6193051819", "date": "2021-01-23 09:03:00", "subject": "7", "recorded-or-robo": "N", "city": "", "state": "CA", "area-code": "951"}, {"id": "e81c9350d54f66c6d33b3747eef3c647", "number": "", "date": "2021-01-22 21:27:00", "subject": "3", "recorded-or-robo": "Y", "city": "", "state": "MN", "area-code": "651"}, {"id": "1d36742e3f24f50e4e7ae8280189f26a", "number": "", "date": "2021-01-22 21:27:00", "subject": "3", "recorded-or-robo": "Y", "city": "", "state": "MN", "area-code": "651"}, {"id": "e81c9350d54f66c6d33b3747eef3c0ab", "number": "9373266621", "date": "2021-01-23 12:05:00", "subject": "2", "recorded-or-robo": "N", "city": "Kettering", "state": "OH", "area-code": "937"}, {"id": "1d36742e3f24f50e4e7ae8280189e724", "number": "9373266621", "date": "2021-01-23 12:05:00", "subject": "2", "recorded-or-robo": "N", "city": "Kettering", "state": "OH", "area-code": "937"}, {"id": "e81c9350d54f66c6d33b3747eef3bee7", "number": "9197017698", "date": "2021-01-12 10:41:00", "subject": "0", "recorded-or-robo": "Y", "city": "", "state": "NJ", "area-code": "201"}, {"id": "1d36742e3f24f50e4e7ae8280189e0c6", "number": "9197017698", "date": "2021-01-12 10:41:00", "subject": "0", "recorded-or-robo": "Y", "city": "", "state": "NJ", "area-code": "201"}, {"id": "e81c9350d54f66c6d33b3747eef3b037", "number": "3396662729", "date": "2021-01-23 09:00:00", "subject": "0", "recorded-or-robo": "N", "city": "", "state": "MA", "area-code": "781"}, {"id": "1d36742e3f24f50e4e7ae8280189decd", "number": "3396662729", "date": "2021-01-23 09:00:00", "subject": "0", "recorded-or-robo": "N", "city": "", "state": "MA", "area-code": "781"}, {"id": "e81c9350d54f66c6d33b3747eef3ae0f", "number": "2088985717", "date": "2021-01-23 11:34:00", "subject": "6", "recorded-or-robo": "N", "city": "", "state": "ID", "area-code": "208"}, {"id": "1d36742e3f24f50e4e7ae8280189dcf2", "number": "2088985717", "date": "2021-01-23 11:34:00", "subject": "6", "recorded-or-robo": "N", "city": "", "state": "ID", "area-code": "208"}, {"id": "e81c9350d54f66c6d33b3747eef39f04", "number": "3167998156", "date": "2021-01-13 12:04:00", "subject": "2", "recorded-or-robo": "N", "city": "Moore", "state": "KS", "area-code": "316"}, {"id": "1d36742e3f24f50e4e7ae8280189d7c4", "number": "3167998156", "date": "2021-01-13 12:04:00", "subject": "2", "recorded-or-robo": "N", "city": "Moore", "state": "KS", "area-code": "316"}, {"id": "e81c9350d54f66c6d33b3747eef399b4", "number": "2408185757", "date": "2021-01-22 11:42:00", "subject": "4", "recorded-or-robo": "N", "city": "Madison", "state": "GA", "area-code": "706"}, {"id": "1d36742e3f24f50e4e7ae8280189c958", "number": "2408185757", "date": "2021-01-22 11:42:00", "subject": "4", "recorded-or-robo": "N", "city": "Madison", "state": "GA", "area-code": "706"}, {"id": "e81c9350d54f66c6d33b3747eef39568", "number": "1202843901", "date": "2021-01-23 11:01:00", "subject": "3", "recorded-or-robo": "Y", "city": "Circle  Pines", "state": "MN", "area-code": "651"}, {"id": "1d36742e3f24f50e4e7ae8280189be72", "number": "1202843901", "date": "2021-01-23 11:01:00", "subject": "3", "recorded-or-robo": "Y", "city": "Circle  Pines", "state": "MN", "area-code": "651"}, {"id": "e81c9350d54f66c6d33b3747eef387ca", "number": "7182445670", "date": "2021-01-23 11:59:00", "subject": "1", "recorded-or-robo": "Y", "city": "", "state": "NC", "area-code": "980"}, {"id": "1d36742e3f24f50e4e7ae8280189b073", "number": "7182445670", "date": "2021-01-23 11:59:00", "subject": "1", "recorded-or-robo": "Y", "city": "", "state": "NC", "area-code": "980"}, {"id": "e81c9350d54f66c6d33b3747eef383dd", "number": "4085745985", "date": "2021-01-23 11:13:00", "subject": "11", "recorded-or-robo": "Y", "city": "", "state": "TN", "area-code": "865"}, {"id": "1d36742e3f24f50e4e7ae8280189a6ba", "number": "4085745985", "date": "2021-01-23 11:13:00", "subject": "11", "recorded-or-robo": "Y", "city": "", "state": "TN", "area-code": "865"}, {"id": "e81c9350d54f66c6d33b3747eef38048", "number": "6157524808", "date": "2021-01-22 18:34:00", "subject": "11", "recorded-or-robo": "Y", "city": "University City", "state": "MO", "area-code": "314"}, {"id": "1d36742e3f24f50e4e7ae828018999ac", "number": "6157524808", "date": "2021-01-22 18:34:00", "subject": "11", "recorded-or-robo": "Y", "city": "University City", "state": "MO", "area-code": "314"}, {"id": "e81c9350d54f66c6d33b3747eef37147", "number": "2088540100", "date": "2021-01-23 11:33:00", "subject": "1", "recorded-or-robo": "N", "city": "", "state": "ID", "area-code": "208"}, {"id": "1d36742e3f24f50e4e7ae82801898e7c", "number": "2088540100", "date": "2021-01-23 11:33:00", "subject": "1", "recorded-or-robo": "N", "city": "", "state": "ID", "area-code": "208"}, {"id": "e81c9350d54f66c6d33b3747eef36e11", "number": "7049800660", "date": "2021-01-12 11:25:00", "subject": "0", "recorded-or-robo": "Y", "city": "", "state": "NJ", "area-code": "201"}, {"id": "1d36742e3f24f50e4e7ae8280189886d", "number": "7049800660", "date": "2021-01-12 11:25:00", "subject": "0", "recorded-or-robo": "Y", "city": "", "state": "NJ", "area-code": "201"}, {"id": "e81c9350d54f66c6d33b3747eef36681", "number": "5056086257", "date": "2021-01-22 10:30:00", "subject": "6", "recorded-or-robo": "N", "city": "Moore", "state": "OK", "area-code": "316"}, {"id": "1d36742e3f24f50e4e7ae82801898314", "number": "5056086257", "date": "2021-01-22 10:30:00", "subject": "6", "recorded-or-robo": "N", "city": "Moore", "state": "OK", "area-code": "316"}, {"id": "e81c9350d54f66c6d33b3747eef35737", "number": "2092193175", "date": "2021-01-23 09:03:00", "subject": "1", "recorded-or-robo": "Y", "city": "Los Alamitos", "state": "CA", "area-code": "562"}]}