{"data": [{"id": "1d36742e3f24f50e4e7ae82801f66c36", "number": "3018428969", "date": "2021-01-22 08:00:00", "subject": "0", "recorded-or-robo": "Y", "city": "", "state": "MD", "area-code": "410"}, {"id": "3decc6bfadaa436a105714c6ba604e00", "number": "6602215569", "date": "2021-01-23 17:15:00", "subject": "1", "recorded-or-robo": "Y", "city": "Windsor", "state": "MO", "area-code": "660"}, {"id": "1d36742e3f24f50e4e7ae82801f66a89", "number": "6602215569", "date": "2021-01-23 17:15:00", "subject": "1", "recorded-or-robo": "Y", "city": "Windsor", "state": "MO", "area-code": "660"}, {"id": "3decc6bfadaa436a105714c6ba60415e", "number": "", "date": "2021-01-14 10:53:00", "subject": "12", "recorded-or-robo": "Y", "city": "Oceanside", "state": "CA", "area-code": "760"}, {"id": "1d36742e3f24f50e4e7ae82801f66570", "number": "", "date": "2021-01-14 10:53:00", "subject": "12", "recorded-or-robo": "Y", "city": "Oceanside", "state": "CA", "area-code": "760"}, {"id": "3decc6bfadaa436a105714c6ba800a67", "number": "+18043549033", "date": "2021-01-23 19:28:11", "subject": "3", "recorded-or-robo": "N", "city": "", "state": "VA", "area-code": "804"}, {"id": "03e293b3df9e35eadf15c56119166576", "number": "+18043549033", "date": "2021-01-23 19:28:11", "subject": "3", "recorded-or-robo": "N", "city": "", "state": "VA", "area-code": "804"}, {"id": "3decc6bfadaa436a105714c6ba603adf", "number": "6232656577", "date": "2021-01-18 00:00:00", "subject": "3", "recorded-or-robo": "Y", "city": "", "state": "AZ", "area-code": "520"}, {"id": "1d36742e3f24f50e4e7ae82801f658e2", "number": "6232656577", "date": "2021-01-18 00:00:00", "subject": "3", "recorded-or-robo": "Y", "city": "", "state": "AZ", "area-code": "520"}, {"id": "3decc6bfadaa436a105714c6ba602cf5", "number": "5309411093", "date": "2021-01-23 17:04:00", "subject": "6", "recorded-or-robo": "N", "city": "Parrish", "state": "CA", "area-code": "530"}, {"id": "1d36742e3f24f50e4e7ae82801f658da", "number": "5309411093", "date": "2021-01-23 17:04:00", "subject": "6", "recorded-or-robo": "N", "city": "Parrish", "state": "CA", "area-code": "530"}, {"id": "3decc6bfadaa436a105714c6ba6029dd", "number": "4109736276", "date": "2021-01-21 09:05:00", "subject": "0", "recorded-or-robo": "", "city": "", "state": "MD", "area-code": "410"}, {"id": "1d36742e3f24f50e4e7ae82801f658ba", "number": "4109736276", "date": "2021-01-21 09:05:00", "subject": "0", "recorded-or-robo": "", "city": "", "state": "MD", "area-code": "410"}, {"id": "3decc6bfadaa436a105714c6ba602833", "number": "7812229328", "date": "2021-01-22 14:37:00", "subject": "3", "recorded-or-robo": "Y", "city": "", "state": "MO", "area-code": "636"}, {"id": "1d36742e3f24f50e4e7ae82801f650ad", "number": "7812229328", "date": "2021-01-22 14:37:00", "subject": "3", "recorded-or-robo": "Y", "city": "", "state": "MO", "area-code": "636"}, {"id": "3decc6bfadaa436a105714c6ba601ec3", "number": "4806721025", "date": "2021-01-23 13:41:00", "subject": "3", "recorded-or-robo": "", "city": "", "state": "NC", "area-code": "252"}, {"id": "1d36742e3f24f50e4e7ae82801f64c6a", "number": "4806721025", "date": "2021-01-23 13:41:00", "subject": "3", "recorded-or-robo": "", "city": "", "state": "NC", "area-code": "252"}, {"id": "3decc6bfadaa436a105714c6ba601804", "number": "", "date": "2021-01-23 16:14:00", "subject": "2", "recorded-or-robo": "Y", "city": "Portland", "state": "OR", "area-code": "804"}, {"id": "1d36742e3f24f50e4e7ae82801f63c71", "number": "", "date": "2021-01-23 16:14:00", "subject": "2", "recorded-or-robo": "Y", "city": "Portland", "state": "OR", "area-code": "804"}, {"id": "3decc6bfadaa436a105714c6ba60161b", "number": "6029041535", "date": "2021-01-23 08:08:00", "subject": "2", "recorded-or-robo": "Y", "city": "Charleston", "state": "WV", "area-code": "304"}, {"id": "1d36742e3f24f50e4e7ae82801f63a51", "number": "6029041535", "date": "2021-01-23 08:08:00", "subject": "2", "recorded-or-robo": "Y", "city": "Charleston", "state": "WV", "area-code": "304"}, {"id": "3decc6bfadaa436a105714c6ba7fe61c", "number": "2543954334", "date": "2021-01-23 19:27:28", "subject": "3", "recorded-or-robo": "Y", "city": "", "state": "TX", "area-code": "210"}, {"id": "03e293b3df9e35eadf15c56119164c33", "number": "2543954334", "date": "2021-01-23 19:27:28", "subject": "3", "recorded-or-robo": "Y", "city": "", "state": "TX", "area-code": "210"}, {"id": "3decc6bfadaa436a105714c6ba6015a2", "number": "8123045177", "date": "2021-01-23 13:53:00", "subject": "2", "recorded-or-robo": "Y", "city": "", "state": "CA", "area-code": "310"}, {"id": "1d36742e3f24f50e4e7ae82801f62dc1", "number": "8123045177", "date": "2021-01-23 13:53:00", "subject": "2", "recorded-or-robo": "Y", "city": "", "state": "CA", "area-code": "310"}, {"id": "3decc6bfadaa436a105714c6ba600b85", "number": "2405036437", "date": "2021-01-21 09:23:00", "subject": "0", "recorded-or-robo": "", "city": "", "state": "MD", "area-code": "410"}, {"id": "1d36742e3f24f50e4e7ae82801f61f05", "number": "2405036437", "date": "2021-01-21 09:23:00", "subject": "0", "recorded-or-robo": "", "city": "", "state": "MD", "area-code": "410"}, {"id": "3decc6bfadaa436a105714c6ba5ffee5", "number": "6027313085", "date": "2021-01-21 00:00:00", "subject": "3", "recorded-or-robo": "Y", "city": "", "state": "AZ", "area-code": "520"}, {"id": "1d36742e3f24f50e4e7ae82801f61062", "number": "6027313085", "date": "2021-01-21 00:00:00", "subject": "3", "recorded-or-robo": "Y", "city": "", "state": "AZ", "area-code": "520"}, {"id": "3decc6bfadaa436a105714c6ba5ff9ef", "number": "3614153101", "date": "2021-01-23 16:50:00", "subject": "2", "recorded-or-robo": "", "city": "", "state": "NC", "area-code": "252"}, {"id": "1d36742e3f24f50e4e7ae82801f60ce0", "number": "3614153101", "date": "2021-01-23 16:50:00", "subject": "2", "recorded-or-robo": "", "city": "", "state": "NC", "area-code": "252"}, {"id": "3decc6bfadaa436a105714c6ba5ff4c0", "number": "6602219446", "date": "2021-01-23 18:03:00", "subject": "1", "recorded-or-robo": "Y", "city": "Windsor", "state": "MO", "area-code": "660"}, {"id": "1d36742e3f24f50e4e7ae82801f603bd", "number": "6602219446", "date": "2021-01-23 18:03:00", "subject": "1", "recorded-or-robo": "Y", "city": "Windsor", "state": "MO", "area-code": "660"}, {"id": "3decc6bfadaa436a105714c6ba5ff173", "number": "2404004282", "date": "2021-01-22 16:37:00", "subject": "1", "recorded-or-robo": "Y", "city": "Olney", "state": "MD", "area-code": "301"}, {"id": "1d36742e3f24f50e4e7ae82801f5f7e5", "number": "2404004282", "date": "2021-01-22 16:37:00", "subject": "1", "recorded-or-robo": "Y", "city": "Olney", "state": "MD", "area-code": "301"}, {"id": "3decc6bfadaa436a105714c6ba5fea81", "number": "5099284241", "date": "2021-01-23 00:00:00", "subject": "3", "recorded-or-robo": "Y", "city": "", "state": "WA", "area-code": "509"}, {"id": "1d36742e3f24f50e4e7ae82801f5eecc", "number": "5099284241", "date": "2021-01-23 00:00:00", "subject": "3", "recorded-or-robo": "Y", "city": "", "state": "WA", "area-code": "509"}, {"id": "3decc6bfadaa436a105714c6ba5fe93c", "number": "3522805080", "date": "2021-01-23 19:19:00", "subject": "7", "recorded-or-robo": "Y", "city": "Clermont", "state": "FL", "area-code": "352"}, {"id": "1d36742e3f24f50e4e7ae82801f5ea93", "number": "3522805080", "date": "2021-01-23 19:19:00", "subject": "7", "recorded-or-robo": "Y", "city": "Clermont", "state": "FL", "area-code": "352"}, {"id": "3decc6bfadaa436a105714c6ba5fdc61", "number": "4106704477", "date": "2021-01-20 11:47:00", "subject": "0", "recorded-or-robo": "", "city": "", "state": "MD", "area-code": "410"}, {"id": "1d36742e3f24f50e4e7ae82801f5dba9", "number": "4106704477", "date": "2021-01-20 11:47:00", "subject": "0", "recorded-or-robo": "", "city": "", "state": "MD", "area-code": "410"}, {"id": "3decc6bfadaa436a105714c6ba5fd894", "number": "3145405396", "date": "2021-01-23 13:02:00", "subject": "11", "recorded-or-robo": "Y", "city": "", "state": "MO", "area-code": "314"}, {"id": "1d36742e3f24f50e4e7ae82801f5d842", "number": "3145405396", "date": "2021-01-23 13:02:00", "subject": "11", "recorded-or-robo": "Y", "city": "", "state": "MO", "area-code": "314"}, {"id": "3decc6bfadaa436a105714c6ba5fd61b", "number": "", "date": "2021-01-12 10:08:00", "subject": "12", "recorded-or-robo": "Y", "city": "Oceanside", "state": "CA", "area-code": "760"}, {"id": "1d36742e3f24f50e4e7ae82801f5cf33", "number": "", "date": "2021-01-12 10:08:00", "subject": "12", "recorded-or-robo": "Y", "city": "Oceanside", "state": "CA", "area-code": "760"}, {"id": "3decc6bfadaa436a105714c6ba5fcc85", "number": "2133180346", "date": "2021-01-23 14:50:00", "subject": "12", "recorded-or-robo": "Y", "city": "LONG BEACH", "state": "CA", "area-code": "213"}, {"id": "1d36742e3f24f50e4e7ae82801f5c594", "number": "2133180346", "date": "2021-01-23 14:50:00", "subject": "12", "recorded-or-robo": "Y", "city": "LONG BEACH", "state": "CA", "area-code": "213"}, {"id": "3decc6bfadaa436a105714c6ba7fe6ce", "number": "2674860784", "date": "2021-01-23 19:25:27", "subject": "3", "recorded-or-robo": "Y", "city": "", "state": "IL", "area-code": "773"}, {"id": "03e293b3df9e35eadf15c56119165613", "number": "2674860784", "date": "2021-01-23 19:25:27", "subject": "3", "recorded-or-robo": "Y", "city": "", "state": "IL", "area-code": "773"}, {"id": "3decc6bfadaa436a105714c6ba7ffc75", "number": "+13055734895", "date": "2021-01-23 19:25:04", "subject": "3", "recorded-or-robo": "Y", "city": "", "state": "FL", "area-code": "954"}]}