{"data": [{"id": "1d36742e3f24f50e4e7ae82801953d1f", "number": "8607205587", "date": "2021-01-22 21:00:00", "subject": "9", "recorded-or-robo": "Y", "city": "Oakdale", "state": "CT", "area-code": "860"}, {"id": "e81c9350d54f66c6d33b3747eefded5b", "number": "9196469795", "date": "2021-01-20 13:39:00", "subject": "4", "recorded-or-robo": "Y", "city": "", "state": "NC", "area-code": "919"}, {"id": "1d36742e3f24f50e4e7ae82801953256", "number": "9196469795", "date": "2021-01-20 13:39:00", "subject": "4", "recorded-or-robo": "Y", "city": "", "state": "NC", "area-code": "919"}, {"id": "e81c9350d54f66c6d33b3747eefde371", "number": "7862596486", "date": "2021-01-19 14:05:00", "subject": "2", "recorded-or-robo": "Y", "city": "Burbank", "state": "IL", "area-code": "708"}, {"id": "1d36742e3f24f50e4e7ae82801952c46", "number": "7862596486", "date": "2021-01-19 14:05:00", "subject": "2", "recorded-or-robo": "Y", "city": "Burbank", "state": "IL", "area-code": "708"}, {"id": "e81c9350d54f66c6d33b3747eefdd3b5", "number": "3145354465", "date": "2021-01-23 11:13:00", "subject": "11", "recorded-or-robo": "", "city": "", "state": "MO", "area-code": "314"}, {"id": "1d36742e3f24f50e4e7ae828019529fc", "number": "3145354465", "date": "2021-01-23 11:13:00", "subject": "11", "recorded-or-robo": "", "city": "", "state": "MO", "area-code": "314"}, {"id": "e81c9350d54f66c6d33b3747eefdcc45", "number": "3054229577", "date": "2021-01-22 15:07:00", "subject": "2", "recorded-or-robo": "Y", "city": "", "state": "TX", "area-code": "832"}, {"id": "1d36742e3f24f50e4e7ae828019525dc", "number": "3054229577", "date": "2021-01-22 15:07:00", "subject": "2", "recorded-or-robo": "Y", "city": "", "state": "TX", "area-code": "832"}, {"id": "e81c9350d54f66c6d33b3747eefdc102", "number": "9176084380", "date": "2021-01-20 18:01:00", "subject": "7", "recorded-or-robo": "Y", "city": "queens", "state": "NY", "area-code": "718"}, {"id": "1d36742e3f24f50e4e7ae82801951e7f", "number": "9176084380", "date": "2021-01-20 18:01:00", "subject": "7", "recorded-or-robo": "Y", "city": "queens", "state": "NY", "area-code": "718"}, {"id": "e81c9350d54f66c6d33b3747eefdbdf5", "number": "2563858950", "date": "2021-01-23 00:00:00", "subject": "2", "recorded-or-robo": "Y", "city": "Red Bay", "state": "AL", "area-code": "256"}, {"id": "1d36742e3f24f50e4e7ae828019511c0", "number": "2563858950", "date": "2021-01-23 00:00:00", "subject": "2", "recorded-or-robo": "Y", "city": "Red Bay", "state": "AL", "area-code": "256"}, {"id": "e81c9350d54f66c6d33b3747eefdb70b", "number": "8038851287", "date": "2021-01-23 09:33:00", "subject": "11", "recorded-or-robo": "Y", "city": "Greeley", "state": "CO", "area-code": "970"}, {"id": "1d36742e3f24f50e4e7ae82801950419", "number": "8038851287", "date": "2021-01-23 09:33:00", "subject": "11", "recorded-or-robo": "Y", "city": "Greeley", "state": "CO", "area-code": "970"}, {"id": "e81c9350d54f66c6d33b3747eefdb523", "number": "5067178564", "date": "2021-01-23 11:25:00", "subject": "2", "recorded-or-robo": "Y", "city": "La Porte", "state": "TX", "area-code": "281"}, {"id": "1d36742e3f24f50e4e7ae8280194fef3", "number": "5067178564", "date": "2021-01-23 11:25:00", "subject": "2", "recorded-or-robo": "Y", "city": "La Porte", "state": "TX", "area-code": "281"}, {"id": "e81c9350d54f66c6d33b3747eefdab24", "number": "6263074389", "date": "2021-01-23 09:36:00", "subject": "3", "recorded-or-robo": "Y", "city": "", "state": "CA", "area-code": "626"}, {"id": "e81c9350d54f66c6d33b3747eefd9e96", "number": "5748357219", "date": "2021-01-23 12:25:00", "subject": "11", "recorded-or-robo": "Y", "city": "Rochester", "state": "IN", "area-code": "574"}, {"id": "1d36742e3f24f50e4e7ae8280194f113", "number": "6263074389", "date": "2021-01-23 09:36:00", "subject": "3", "recorded-or-robo": "Y", "city": "", "state": "CA", "area-code": "626"}, {"id": "1d36742e3f24f50e4e7ae8280194e818", "number": "5748357219", "date": "2021-01-23 12:25:00", "subject": "11", "recorded-or-robo": "Y", "city": "Rochester", "state": "IN", "area-code": "574"}, {"id": "e81c9350d54f66c6d33b3747eefd9bff", "number": "3105396782", "date": "2021-01-18 13:57:00", "subject": "0", "recorded-or-robo": "N", "city": "Torrance", "state": "CA", "area-code": "310"}, {"id": "1d36742e3f24f50e4e7ae8280194e6d2", "number": "3105396782", "date": "2021-01-18 13:57:00", "subject": "0", "recorded-or-robo": "N", "city": "Torrance", "state": "CA", "area-code": "310"}, {"id": "e81c9350d54f66c6d33b3747eefd9343", "number": "6093244276", "date": "2021-01-20 11:18:00", "subject": "3", "recorded-or-robo": "Y", "city": "", "state": "NJ", "area-code": "609"}, {"id": "1d36742e3f24f50e4e7ae8280194e29e", "number": "6093244276", "date": "2021-01-20 11:18:00", "subject": "3", "recorded-or-robo": "Y", "city": "", "state": "NJ", "area-code": "609"}, {"id": "e81c9350d54f66c6d33b3747eefd881c", "number": "6319547462", "date": "2021-01-21 14:27:00", "subject": "7", "recorded-or-robo": "Y", "city": "queens", "state": "NY", "area-code": "718"}, {"id": "1d36742e3f24f50e4e7ae8280194e1cd", "number": "6319547462", "date": "2021-01-21 14:27:00", "subject": "7", "recorded-or-robo": "Y", "city": "queens", "state": "NY", "area-code": "718"}, {"id": "e81c9350d54f66c6d33b3747eefd8255", "number": "7313120357", "date": "2021-01-22 14:23:00", "subject": "4", "recorded-or-robo": "Y", "city": "", "state": "NC", "area-code": "919"}, {"id": "1d36742e3f24f50e4e7ae8280194dfc0", "number": "7313120357", "date": "2021-01-22 14:23:00", "subject": "4", "recorded-or-robo": "Y", "city": "", "state": "NC", "area-code": "919"}, {"id": "e81c9350d54f66c6d33b3747eefd79e0", "number": "7194304740", "date": "2021-01-22 11:55:00", "subject": "9", "recorded-or-robo": "Y", "city": "Aurora", "state": "CO", "area-code": "303"}, {"id": "1d36742e3f24f50e4e7ae8280194def6", "number": "7194304740", "date": "2021-01-22 11:55:00", "subject": "9", "recorded-or-robo": "Y", "city": "Aurora", "state": "CO", "area-code": "303"}, {"id": "e81c9350d54f66c6d33b3747eefd6c83", "number": "8706007077", "date": "2021-01-22 11:17:00", "subject": "4", "recorded-or-robo": "Y", "city": "Canton", "state": "IL", "area-code": "309"}, {"id": "1d36742e3f24f50e4e7ae8280194d897", "number": "8706007077", "date": "2021-01-22 11:17:00", "subject": "4", "recorded-or-robo": "Y", "city": "Canton", "state": "IL", "area-code": "309"}, {"id": "e81c9350d54f66c6d33b3747eefd6496", "number": "3099212075", "date": "2021-01-23 12:30:00", "subject": "2", "recorded-or-robo": "Y", "city": "", "state": "NH", "area-code": "603"}, {"id": "1d36742e3f24f50e4e7ae8280194cddc", "number": "3099212075", "date": "2021-01-23 12:30:00", "subject": "2", "recorded-or-robo": "Y", "city": "", "state": "NH", "area-code": "603"}, {"id": "e81c9350d54f66c6d33b3747eefd594c", "number": "8664905501", "date": "2021-01-23 12:28:00", "subject": "3", "recorded-or-robo": "Y", "city": "SHIPSHEWANA", "state": "IN", "area-code": "574"}, {"id": "1d36742e3f24f50e4e7ae8280194c256", "number": "8664905501", "date": "2021-01-23 12:28:00", "subject": "3", "recorded-or-robo": "Y", "city": "SHIPSHEWANA", "state": "IN", "area-code": "574"}, {"id": "e81c9350d54f66c6d33b3747eefd52e9", "number": "5715367939", "date": "2021-01-22 17:41:00", "subject": "12", "recorded-or-robo": "N", "city": "", "state": "VA", "area-code": "703"}, {"id": "1d36742e3f24f50e4e7ae8280194b90a", "number": "5715367939", "date": "2021-01-22 17:41:00", "subject": "12", "recorded-or-robo": "N", "city": "", "state": "VA", "area-code": "703"}, {"id": "e81c9350d54f66c6d33b3747eefd4771", "number": "7182753239", "date": "2021-01-22 12:32:00", "subject": "5", "recorded-or-robo": "Y", "city": "queens", "state": "NY", "area-code": "718"}, {"id": "1d36742e3f24f50e4e7ae8280194ae02", "number": "7182753239", "date": "2021-01-22 12:32:00", "subject": "5", "recorded-or-robo": "Y", "city": "queens", "state": "NY", "area-code": "718"}, {"id": "e81c9350d54f66c6d33b3747eefd3b8c", "number": "7409357421", "date": "2021-01-20 11:05:00", "subject": "3", "recorded-or-robo": "Y", "city": "", "state": "NJ", "area-code": "609"}, {"id": "1d36742e3f24f50e4e7ae8280194a2f9", "number": "7409357421", "date": "2021-01-20 11:05:00", "subject": "3", "recorded-or-robo": "Y", "city": "", "state": "NJ", "area-code": "609"}, {"id": "e81c9350d54f66c6d33b3747eefd3573", "number": "8668123874", "date": "2021-01-09 09:00:00", "subject": "0", "recorded-or-robo": "Y", "city": "Potosi", "state": "MO", "area-code": "573"}, {"id": "1d36742e3f24f50e4e7ae8280194a1d1", "number": "8668123874", "date": "2021-01-09 09:00:00", "subject": "0", "recorded-or-robo": "Y", "city": "Potosi", "state": "MO", "area-code": "573"}, {"id": "e81c9350d54f66c6d33b3747eefd2e1f", "number": "4849394333", "date": "2021-01-18 12:37:00", "subject": "0", "recorded-or-robo": "N", "city": "Torrance", "state": "CA", "area-code": "310"}, {"id": "1d36742e3f24f50e4e7ae82801949842", "number": "4849394333", "date": "2021-01-18 12:37:00", "subject": "0", "recorded-or-robo": "N", "city": "Torrance", "state": "CA", "area-code": "310"}, {"id": "e81c9350d54f66c6d33b3747eefd28b4", "number": "5748356634", "date": "2021-01-23 10:53:00", "subject": "11", "recorded-or-robo": "Y", "city": "Rochester", "state": "IN", "area-code": "574"}, {"id": "e81c9350d54f66c6d33b3747eefd22a9", "number": "6892028201", "date": "2021-01-22 09:04:00", "subject": "2", "recorded-or-robo": "Y", "city": "", "state": "NH", "area-code": "603"}, {"id": "1d36742e3f24f50e4e7ae82801948db8", "number": "5748356634", "date": "2021-01-23 10:53:00", "subject": "11", "recorded-or-robo": "Y", "city": "Rochester", "state": "IN", "area-code": "574"}]}