{"data": [{"id": "1d36742e3f24f50e4e7ae8280181c773", "number": "9544041169", "date": "2021-01-10 11:02:00", "subject": "1", "recorded-or-robo": "Y", "city": "", "state": "GA", "area-code": "478"}, {"id": "e81c9350d54f66c6d33b3747eeebe250", "number": "8509302996", "date": "2021-01-23 09:39:00", "subject": "5", "recorded-or-robo": "Y", "city": "", "state": "FL", "area-code": "850"}, {"id": "1d36742e3f24f50e4e7ae8280181bc73", "number": "8509302996", "date": "2021-01-23 09:39:00", "subject": "5", "recorded-or-robo": "Y", "city": "", "state": "FL", "area-code": "850"}, {"id": "e81c9350d54f66c6d33b3747eeebd9e0", "number": "8023275606", "date": "2021-01-22 17:29:00", "subject": "2", "recorded-or-robo": "Y", "city": "", "state": "IA", "area-code": "563"}, {"id": "1d36742e3f24f50e4e7ae8280181ba47", "number": "8023275606", "date": "2021-01-22 17:29:00", "subject": "2", "recorded-or-robo": "Y", "city": "", "state": "IA", "area-code": "563"}, {"id": "e81c9350d54f66c6d33b3747eeebd1d1", "number": "3036831803", "date": "2021-01-04 15:48:00", "subject": "0", "recorded-or-robo": "Y", "city": "Loveland", "state": "CO", "area-code": "970"}, {"id": "1d36742e3f24f50e4e7ae8280181adc5", "number": "3036831803", "date": "2021-01-04 15:48:00", "subject": "0", "recorded-or-robo": "Y", "city": "Loveland", "state": "CO", "area-code": "970"}, {"id": "e81c9350d54f66c6d33b3747eeebc85f", "number": "2484295891", "date": "2021-01-22 13:55:00", "subject": "0", "recorded-or-robo": "N", "city": "Farmington Hills", "state": "MI", "area-code": "248"}, {"id": "e81c9350d54f66c6d33b3747eeebbdda", "number": "8006507800", "date": "2021-01-21 15:09:00", "subject": "2", "recorded-or-robo": "N", "city": "Wexford", "state": "PA", "area-code": "724"}, {"id": "1d36742e3f24f50e4e7ae8280181a21b", "number": "2484295891", "date": "2021-01-22 13:55:00", "subject": "0", "recorded-or-robo": "N", "city": "Farmington Hills", "state": "MI", "area-code": "248"}, {"id": "1d36742e3f24f50e4e7ae82801819e5c", "number": "8006507800", "date": "2021-01-21 15:09:00", "subject": "2", "recorded-or-robo": "N", "city": "Wexford", "state": "PA", "area-code": "724"}, {"id": "e81c9350d54f66c6d33b3747eeebb475", "number": "3054236268", "date": "2021-01-22 17:08:00", "subject": "3", "recorded-or-robo": "Y", "city": "Palm Harbor", "state": "FL", "area-code": "727"}, {"id": "1d36742e3f24f50e4e7ae82801819df0", "number": "3054236268", "date": "2021-01-22 17:08:00", "subject": "3", "recorded-or-robo": "Y", "city": "Palm Harbor", "state": "FL", "area-code": "727"}, {"id": "e81c9350d54f66c6d33b3747eeeba8b2", "number": "", "date": "2021-01-23 10:26:00", "subject": "2", "recorded-or-robo": "N", "city": "Mountain Home", "state": "AR", "area-code": "870"}, {"id": "1d36742e3f24f50e4e7ae828018190dd", "number": "", "date": "2021-01-23 10:26:00", "subject": "2", "recorded-or-robo": "N", "city": "Mountain Home", "state": "AR", "area-code": "870"}, {"id": "e81c9350d54f66c6d33b3747eeeb9ab9", "number": "2029982892", "date": "2021-01-20 09:38:00", "subject": "1", "recorded-or-robo": "Y", "city": "Wilmington", "state": "NC", "area-code": "910"}, {"id": "1d36742e3f24f50e4e7ae82801818a86", "number": "2029982892", "date": "2021-01-20 09:38:00", "subject": "1", "recorded-or-robo": "Y", "city": "Wilmington", "state": "NC", "area-code": "910"}, {"id": "e81c9350d54f66c6d33b3747eeeb977b", "number": "3025329089", "date": "2021-01-23 11:07:00", "subject": "2", "recorded-or-robo": "N", "city": "Holly Springs", "state": "NC", "area-code": "919"}, {"id": "1d36742e3f24f50e4e7ae8280181852a", "number": "3025329089", "date": "2021-01-23 11:07:00", "subject": "2", "recorded-or-robo": "N", "city": "Holly Springs", "state": "NC", "area-code": "919"}, {"id": "e81c9350d54f66c6d33b3747eeeb961a", "number": "6318251186", "date": "2021-01-23 12:22:00", "subject": "2", "recorded-or-robo": "Y", "city": "Port Jefferson", "state": "NY", "area-code": "631"}, {"id": "1d36742e3f24f50e4e7ae8280181795f", "number": "6318251186", "date": "2021-01-23 12:22:00", "subject": "2", "recorded-or-robo": "Y", "city": "Port Jefferson", "state": "NY", "area-code": "631"}, {"id": "e81c9350d54f66c6d33b3747eeeb955c", "number": "4178478147", "date": "2021-01-05 10:37:00", "subject": "0", "recorded-or-robo": "Y", "city": "Loveland", "state": "CO", "area-code": "970"}, {"id": "1d36742e3f24f50e4e7ae8280181745c", "number": "4178478147", "date": "2021-01-05 10:37:00", "subject": "0", "recorded-or-robo": "Y", "city": "Loveland", "state": "CO", "area-code": "970"}, {"id": "e81c9350d54f66c6d33b3747eeeb861d", "number": "5138558749", "date": "2021-01-23 11:36:00", "subject": "4", "recorded-or-robo": "Y", "city": "Amelia", "state": "OH", "area-code": "513"}, {"id": "1d36742e3f24f50e4e7ae82801817108", "number": "5138558749", "date": "2021-01-23 11:36:00", "subject": "4", "recorded-or-robo": "Y", "city": "Amelia", "state": "OH", "area-code": "513"}, {"id": "e81c9350d54f66c6d33b3747eeeb7ad0", "number": "4192588608", "date": "2021-01-22 17:05:00", "subject": "3", "recorded-or-robo": "Y", "city": "Akron", "state": "OH", "area-code": "330"}, {"id": "1d36742e3f24f50e4e7ae828018162c5", "number": "4192588608", "date": "2021-01-22 17:05:00", "subject": "3", "recorded-or-robo": "Y", "city": "Akron", "state": "OH", "area-code": "330"}, {"id": "e81c9350d54f66c6d33b3747eeeb73a7", "number": "3343261407", "date": "2021-01-23 10:38:00", "subject": "2", "recorded-or-robo": "Y", "city": "", "state": "AL", "area-code": "334"}, {"id": "1d36742e3f24f50e4e7ae82801815cf2", "number": "3343261407", "date": "2021-01-23 10:38:00", "subject": "2", "recorded-or-robo": "Y", "city": "", "state": "AL", "area-code": "334"}, {"id": "e81c9350d54f66c6d33b3747eeeb6c4c", "number": "7249680208", "date": "2021-01-22 15:16:00", "subject": "2", "recorded-or-robo": "N", "city": "Wexford", "state": "PA", "area-code": "724"}, {"id": "1d36742e3f24f50e4e7ae82801815947", "number": "7249680208", "date": "2021-01-22 15:16:00", "subject": "2", "recorded-or-robo": "N", "city": "Wexford", "state": "PA", "area-code": "724"}, {"id": "e81c9350d54f66c6d33b3747eeeb6389", "number": "2143581025", "date": "2021-01-23 09:21:00", "subject": "2", "recorded-or-robo": "Y", "city": "Dallas", "state": "TX", "area-code": "214"}, {"id": "1d36742e3f24f50e4e7ae82801814c58", "number": "2143581025", "date": "2021-01-23 09:21:00", "subject": "2", "recorded-or-robo": "Y", "city": "Dallas", "state": "TX", "area-code": "214"}, {"id": "e81c9350d54f66c6d33b3747eeeb5fee", "number": "2039029164", "date": "2021-01-22 16:40:00", "subject": "2", "recorded-or-robo": "Y", "city": "Enfield", "state": "CT", "area-code": "860"}, {"id": "1d36742e3f24f50e4e7ae82801814939", "number": "2039029164", "date": "2021-01-22 16:40:00", "subject": "2", "recorded-or-robo": "Y", "city": "Enfield", "state": "CT", "area-code": "860"}, {"id": "e81c9350d54f66c6d33b3747eeeb5e97", "number": "8609139435", "date": "2021-01-22 16:15:00", "subject": "4", "recorded-or-robo": "", "city": "Westbrook", "state": "CT", "area-code": "860"}, {"id": "1d36742e3f24f50e4e7ae82801814161", "number": "8609139435", "date": "2021-01-22 16:15:00", "subject": "4", "recorded-or-robo": "", "city": "Westbrook", "state": "CT", "area-code": "860"}, {"id": "e81c9350d54f66c6d33b3747eeeb5439", "number": "4254819860", "date": "2021-01-23 08:27:00", "subject": "2", "recorded-or-robo": "Y", "city": "Kenmore", "state": "WA", "area-code": "425"}, {"id": "1d36742e3f24f50e4e7ae82801813321", "number": "4254819860", "date": "2021-01-23 08:27:00", "subject": "2", "recorded-or-robo": "Y", "city": "Kenmore", "state": "WA", "area-code": "425"}, {"id": "e81c9350d54f66c6d33b3747eeeb4a38", "number": "2157213479", "date": "2021-01-21 02:38:00", "subject": "4", "recorded-or-robo": "Y", "city": "Hatfield", "state": "PA", "area-code": "215"}, {"id": "1d36742e3f24f50e4e7ae82801812964", "number": "2157213479", "date": "2021-01-21 02:38:00", "subject": "4", "recorded-or-robo": "Y", "city": "Hatfield", "state": "PA", "area-code": "215"}, {"id": "e81c9350d54f66c6d33b3747eeeb435e", "number": "9705353671", "date": "2021-01-06 10:51:00", "subject": "0", "recorded-or-robo": "Y", "city": "Loveland", "state": "CO", "area-code": "970"}, {"id": "1d36742e3f24f50e4e7ae82801811cdd", "number": "9705353671", "date": "2021-01-06 10:51:00", "subject": "0", "recorded-or-robo": "Y", "city": "Loveland", "state": "CO", "area-code": "970"}, {"id": "e81c9350d54f66c6d33b3747eeeb3e62", "number": "3302360137", "date": "2021-01-22 16:38:00", "subject": "3", "recorded-or-robo": "Y", "city": "Akron", "state": "OH", "area-code": "330"}, {"id": "1d36742e3f24f50e4e7ae82801811bc8", "number": "3302360137", "date": "2021-01-22 16:38:00", "subject": "3", "recorded-or-robo": "Y", "city": "Akron", "state": "OH", "area-code": "330"}, {"id": "e81c9350d54f66c6d33b3747eeeb3532", "number": "", "date": "2021-01-18 12:00:00", "subject": "2", "recorded-or-robo": "Y", "city": "Fenton", "state": "MO", "area-code": "314"}, {"id": "1d36742e3f24f50e4e7ae82801811ace", "number": "", "date": "2021-01-18 12:00:00", "subject": "2", "recorded-or-robo": "Y", "city": "Fenton", "state": "MO", "area-code": "314"}, {"id": "e81c9350d54f66c6d33b3747eeead3e8", "number": "4028258640", "date": "2021-01-21 14:29:00", "subject": "3", "recorded-or-robo": "", "city": "", "state": "NE", "area-code": "402"}, {"id": "1d36742e3f24f50e4e7ae8280180bdd3", "number": "4028258640", "date": "2021-01-21 14:29:00", "subject": "3", "recorded-or-robo": "", "city": "", "state": "NE", "area-code": "402"}, {"id": "e81c9350d54f66c6d33b3747eeeb26f8", "number": "4017150276", "date": "2021-01-23 11:38:00", "subject": "3", "recorded-or-robo": "Y", "city": "", "state": "NY", "area-code": "718"}]}