{"data": [{"id": "1d36742e3f24f50e4e7ae82801dedf02", "number": "", "date": "2021-01-23 17:00:00", "subject": "1", "recorded-or-robo": "Y", "city": "Mustang", "state": "OK", "area-code": "405"}, {"id": "3decc6bfadaa436a105714c6ba48da31", "number": "9145553452", "date": "2021-01-23 13:50:00", "subject": "0", "recorded-or-robo": "N", "city": "Loveland", "state": "CO", "area-code": "970"}, {"id": "1d36742e3f24f50e4e7ae82801dedba7", "number": "9145553452", "date": "2021-01-23 13:50:00", "subject": "0", "recorded-or-robo": "N", "city": "Loveland", "state": "CO", "area-code": "970"}, {"id": "3decc6bfadaa436a105714c6ba7cdf44", "number": "5412371814", "date": "2021-01-23 18:18:16", "subject": "3", "recorded-or-robo": "Y", "city": "", "state": "OR", "area-code": "541"}, {"id": "03e293b3df9e35eadf15c5611913776f", "number": "5412371814", "date": "2021-01-23 18:18:16", "subject": "3", "recorded-or-robo": "Y", "city": "", "state": "OR", "area-code": "541"}, {"id": "3decc6bfadaa436a105714c6ba48cfe8", "number": "", "date": "2021-01-16 10:00:00", "subject": "11", "recorded-or-robo": "Y", "city": "Columbus", "state": "OH", "area-code": "614"}, {"id": "1d36742e3f24f50e4e7ae82801decf78", "number": "", "date": "2021-01-16 10:00:00", "subject": "11", "recorded-or-robo": "Y", "city": "Columbus", "state": "OH", "area-code": "614"}, {"id": "3decc6bfadaa436a105714c6ba48c810", "number": "6145778979", "date": "2021-01-23 12:19:00", "subject": "0", "recorded-or-robo": "Y", "city": "Columbus", "state": "OH", "area-code": "614"}, {"id": "1d36742e3f24f50e4e7ae82801dec8ab", "number": "6145778979", "date": "2021-01-23 12:19:00", "subject": "0", "recorded-or-robo": "Y", "city": "Columbus", "state": "OH", "area-code": "614"}, {"id": "3decc6bfadaa436a105714c6ba48c57a", "number": "5099284609", "date": "2021-01-23 12:00:00", "subject": "1", "recorded-or-robo": "N", "city": "Greenacres", "state": "WA", "area-code": "509"}, {"id": "1d36742e3f24f50e4e7ae82801dec4ee", "number": "5099284609", "date": "2021-01-23 12:00:00", "subject": "1", "recorded-or-robo": "N", "city": "Greenacres", "state": "WA", "area-code": "509"}, {"id": "3decc6bfadaa436a105714c6ba7c8c59", "number": "+17087891151", "date": "2021-01-23 18:17:50", "subject": "3", "recorded-or-robo": "Y", "city": "", "state": "IL", "area-code": "708"}, {"id": "03e293b3df9e35eadf15c56119131cfc", "number": "+17087891151", "date": "2021-01-23 18:17:50", "subject": "3", "recorded-or-robo": "Y", "city": "", "state": "IL", "area-code": "708"}, {"id": "3decc6bfadaa436a105714c6ba48b75c", "number": "2029982870", "date": "2021-01-23 16:51:00", "subject": "3", "recorded-or-robo": "Y", "city": "STILLWATER", "state": "OK", "area-code": "405"}, {"id": "1d36742e3f24f50e4e7ae82801dec029", "number": "2029982870", "date": "2021-01-23 16:51:00", "subject": "3", "recorded-or-robo": "Y", "city": "STILLWATER", "state": "OK", "area-code": "405"}, {"id": "3decc6bfadaa436a105714c6ba48b1a9", "number": "6506209088", "date": "2021-01-22 11:17:00", "subject": "1", "recorded-or-robo": "Y", "city": "San Carlos", "state": "CA", "area-code": "650"}, {"id": "1d36742e3f24f50e4e7ae82801deb9b2", "number": "6506209088", "date": "2021-01-22 11:17:00", "subject": "1", "recorded-or-robo": "Y", "city": "San Carlos", "state": "CA", "area-code": "650"}, {"id": "3decc6bfadaa436a105714c6ba48a68d", "number": "3214458872", "date": "2021-01-23 17:30:00", "subject": "1", "recorded-or-robo": "Y", "city": "Silver Spring", "state": "MD", "area-code": "301"}, {"id": "3decc6bfadaa436a105714c6ba48a640", "number": "8136925257", "date": "2021-01-23 14:26:00", "subject": "0", "recorded-or-robo": "Y", "city": "Columbus", "state": "OH", "area-code": "614"}, {"id": "1d36742e3f24f50e4e7ae82801deaa83", "number": "3214458872", "date": "2021-01-23 17:30:00", "subject": "1", "recorded-or-robo": "Y", "city": "Silver Spring", "state": "MD", "area-code": "301"}, {"id": "1d36742e3f24f50e4e7ae82801dea4e6", "number": "8136925257", "date": "2021-01-23 14:26:00", "subject": "0", "recorded-or-robo": "Y", "city": "Columbus", "state": "OH", "area-code": "614"}, {"id": "3decc6bfadaa436a105714c6ba489797", "number": "6203926874", "date": "2021-01-23 14:43:00", "subject": "3", "recorded-or-robo": "Y", "city": "", "state": "CA", "area-code": "714"}, {"id": "3decc6bfadaa436a105714c6ba488e24", "number": "5099283307", "date": "2021-01-23 14:03:00", "subject": "1", "recorded-or-robo": "Y", "city": "Spokane Valley", "state": "WA", "area-code": "509"}, {"id": "1d36742e3f24f50e4e7ae82801de952a", "number": "6203926874", "date": "2021-01-23 14:43:00", "subject": "3", "recorded-or-robo": "Y", "city": "", "state": "CA", "area-code": "714"}, {"id": "1d36742e3f24f50e4e7ae82801de9340", "number": "5099283307", "date": "2021-01-23 14:03:00", "subject": "1", "recorded-or-robo": "Y", "city": "Spokane Valley", "state": "WA", "area-code": "509"}, {"id": "3decc6bfadaa436a105714c6ba488dbc", "number": "2243195584", "date": "2021-01-23 18:05:00", "subject": "9", "recorded-or-robo": "Y", "city": "Brooklyn,", "state": "NY", "area-code": "917"}, {"id": "1d36742e3f24f50e4e7ae82801de89d4", "number": "2243195584", "date": "2021-01-23 18:05:00", "subject": "9", "recorded-or-robo": "Y", "city": "Brooklyn,", "state": "NY", "area-code": "917"}, {"id": "3decc6bfadaa436a105714c6ba4888ec", "number": "", "date": "2021-01-22 17:04:00", "subject": "11", "recorded-or-robo": "Y", "city": "Inverness", "state": "FL", "area-code": "352"}, {"id": "1d36742e3f24f50e4e7ae82801de8242", "number": "", "date": "2021-01-22 17:04:00", "subject": "11", "recorded-or-robo": "Y", "city": "Inverness", "state": "FL", "area-code": "352"}, {"id": "3decc6bfadaa436a105714c6ba487e37", "number": "5099286851", "date": "2021-01-23 15:11:00", "subject": "1", "recorded-or-robo": "Y", "city": "SPOKANE VALLEY", "state": "WA", "area-code": "509"}, {"id": "1d36742e3f24f50e4e7ae82801de7de3", "number": "5099286851", "date": "2021-01-23 15:11:00", "subject": "1", "recorded-or-robo": "Y", "city": "SPOKANE VALLEY", "state": "WA", "area-code": "509"}, {"id": "3decc6bfadaa436a105714c6ba7cc02b", "number": "5412371814", "date": "2021-01-23 18:16:37", "subject": "3", "recorded-or-robo": "Y", "city": "", "state": "OR", "area-code": "541"}, {"id": "03e293b3df9e35eadf15c56119134a28", "number": "5412371814", "date": "2021-01-23 18:16:37", "subject": "3", "recorded-or-robo": "Y", "city": "", "state": "OR", "area-code": "541"}, {"id": "3decc6bfadaa436a105714c6ba486e88", "number": "", "date": "2021-01-23 13:41:00", "subject": "1", "recorded-or-robo": "Y", "city": "Spokane", "state": "WA", "area-code": "509"}, {"id": "1d36742e3f24f50e4e7ae82801de6fa9", "number": "", "date": "2021-01-23 13:41:00", "subject": "1", "recorded-or-robo": "Y", "city": "Spokane", "state": "WA", "area-code": "509"}, {"id": "3decc6bfadaa436a105714c6ba486104", "number": "", "date": "2021-01-23 10:45:00", "subject": "2", "recorded-or-robo": "N", "city": "", "state": "MO", "area-code": "314"}, {"id": "1d36742e3f24f50e4e7ae82801de6dc7", "number": "", "date": "2021-01-23 10:45:00", "subject": "2", "recorded-or-robo": "N", "city": "", "state": "MO", "area-code": "314"}, {"id": "3decc6bfadaa436a105714c6ba485cee", "number": "7167801909", "date": "2021-01-13 10:17:00", "subject": "3", "recorded-or-robo": "Y", "city": "", "state": "NY", "area-code": "716"}, {"id": "1d36742e3f24f50e4e7ae82801de670b", "number": "7167801909", "date": "2021-01-13 10:17:00", "subject": "3", "recorded-or-robo": "Y", "city": "", "state": "NY", "area-code": "716"}, {"id": "3decc6bfadaa436a105714c6ba485897", "number": "3324567235", "date": "2021-01-23 16:03:00", "subject": "11", "recorded-or-robo": "Y", "city": "Texas", "state": "TX", "area-code": "409"}, {"id": "1d36742e3f24f50e4e7ae82801de5f27", "number": "3324567235", "date": "2021-01-23 16:03:00", "subject": "11", "recorded-or-robo": "Y", "city": "Texas", "state": "TX", "area-code": "409"}, {"id": "3decc6bfadaa436a105714c6ba7cb412", "number": "5413209986", "date": "2021-01-23 18:15:54", "subject": "3", "recorded-or-robo": "Y", "city": "", "state": "OR", "area-code": "541"}, {"id": "03e293b3df9e35eadf15c56119134532", "number": "5413209986", "date": "2021-01-23 18:15:54", "subject": "3", "recorded-or-robo": "Y", "city": "", "state": "OR", "area-code": "541"}, {"id": "3decc6bfadaa436a105714c6ba484a2f", "number": "9378339250", "date": "2021-01-22 18:58:00", "subject": "0", "recorded-or-robo": "Y", "city": "Dayton", "state": "OH", "area-code": "937"}, {"id": "1d36742e3f24f50e4e7ae82801de5593", "number": "9378339250", "date": "2021-01-22 18:58:00", "subject": "0", "recorded-or-robo": "Y", "city": "Dayton", "state": "OH", "area-code": "937"}, {"id": "3decc6bfadaa436a105714c6ba483a8d", "number": "4093846796", "date": "2021-01-23 15:13:00", "subject": "5", "recorded-or-robo": "Y", "city": "", "state": "TX", "area-code": "409"}, {"id": "1d36742e3f24f50e4e7ae82801de4779", "number": "4093846796", "date": "2021-01-23 15:13:00", "subject": "5", "recorded-or-robo": "Y", "city": "", "state": "TX", "area-code": "409"}, {"id": "3decc6bfadaa436a105714c6ba483556", "number": "7163035377", "date": "2021-01-14 08:51:00", "subject": "3", "recorded-or-robo": "Y", "city": "", "state": "NY", "area-code": "716"}, {"id": "1d36742e3f24f50e4e7ae82801de3f51", "number": "7163035377", "date": "2021-01-14 08:51:00", "subject": "3", "recorded-or-robo": "Y", "city": "", "state": "NY", "area-code": "716"}, {"id": "3decc6bfadaa436a105714c6ba483188", "number": "3152328257", "date": "2021-01-23 13:31:00", "subject": "2", "recorded-or-robo": "Y", "city": "", "state": "WA", "area-code": "509"}]}