{"data": [{"id": "03e293b3df9e35eadf15c56119000e89", "number": "2149834090", "date": "2021-01-14 00:00:00", "subject": "4", "recorded-or-robo": "Y", "city": "Garland", "state": "TX", "area-code": "214"}, {"id": "3decc6bfadaa436a105714c6ba69fd35", "number": "9717032284", "date": "2021-01-19 00:00:00", "subject": "2", "recorded-or-robo": "", "city": "Portland", "state": "OR", "area-code": "503"}, {"id": "1d36742e3f24f50e4e7ae82801fff3ac", "number": "9717032284", "date": "2021-01-19 00:00:00", "subject": "2", "recorded-or-robo": "", "city": "Portland", "state": "OR", "area-code": "503"}, {"id": "3decc6bfadaa436a105714c6ba69f9af", "number": "9259641812", "date": "2021-01-23 04:21:00", "subject": "2", "recorded-or-robo": "Y", "city": "", "state": "CA", "area-code": "925"}, {"id": "1d36742e3f24f50e4e7ae82801ffed16", "number": "9259641812", "date": "2021-01-23 04:21:00", "subject": "2", "recorded-or-robo": "Y", "city": "", "state": "CA", "area-code": "925"}, {"id": "3decc6bfadaa436a105714c6ba69f5a4", "number": "9138843640", "date": "2021-01-23 13:47:00", "subject": "2", "recorded-or-robo": "N", "city": "Kansas City", "state": "MO", "area-code": "816"}, {"id": "1d36742e3f24f50e4e7ae82801ffe7b8", "number": "9138843640", "date": "2021-01-23 13:47:00", "subject": "2", "recorded-or-robo": "N", "city": "Kansas City", "state": "MO", "area-code": "816"}, {"id": "3decc6bfadaa436a105714c6ba69e6e1", "number": "5176065473", "date": "2021-01-22 13:46:00", "subject": "2", "recorded-or-robo": "Y", "city": "Moraga", "state": "CA", "area-code": "925"}, {"id": "1d36742e3f24f50e4e7ae82801ffddaa", "number": "5176065473", "date": "2021-01-22 13:46:00", "subject": "2", "recorded-or-robo": "Y", "city": "Moraga", "state": "CA", "area-code": "925"}, {"id": "3decc6bfadaa436a105714c6ba69ded7", "number": "2149837347", "date": "2021-01-16 00:00:00", "subject": "4", "recorded-or-robo": "N", "city": "Garland", "state": "TX", "area-code": "214"}, {"id": "1d36742e3f24f50e4e7ae82801ffd291", "number": "2149837347", "date": "2021-01-16 00:00:00", "subject": "4", "recorded-or-robo": "N", "city": "Garland", "state": "TX", "area-code": "214"}, {"id": "3decc6bfadaa436a105714c6ba69d148", "number": "5036604058", "date": "2021-01-19 00:00:00", "subject": "2", "recorded-or-robo": "", "city": "Portland", "state": "OR", "area-code": "503"}, {"id": "1d36742e3f24f50e4e7ae82801ffccbe", "number": "5036604058", "date": "2021-01-19 00:00:00", "subject": "2", "recorded-or-robo": "", "city": "Portland", "state": "OR", "area-code": "503"}, {"id": "3decc6bfadaa436a105714c6ba69ceef", "number": "4805028954", "date": "2021-01-23 14:45:00", "subject": "1", "recorded-or-robo": "Y", "city": "Scottsdale", "state": "AZ", "area-code": "480"}, {"id": "1d36742e3f24f50e4e7ae82801ffc4b5", "number": "4805028954", "date": "2021-01-23 14:45:00", "subject": "1", "recorded-or-robo": "Y", "city": "Scottsdale", "state": "AZ", "area-code": "480"}, {"id": "3decc6bfadaa436a105714c6ba87dc6d", "number": "5714425955", "date": "2021-01-20 00:00:00", "subject": "3", "recorded-or-robo": "Y", "city": "", "state": "VA", "area-code": "571"}, {"id": "03e293b3df9e35eadf15c561191e5f34", "number": "5714425955", "date": "2021-01-20 00:00:00", "subject": "3", "recorded-or-robo": "Y", "city": "", "state": "VA", "area-code": "571"}, {"id": "3decc6bfadaa436a105714c6ba69c30f", "number": "5095871063", "date": "2021-01-22 15:43:00", "subject": "2", "recorded-or-robo": "", "city": "Spokane Valley", "state": "WA", "area-code": "509"}, {"id": "1d36742e3f24f50e4e7ae82801ffb4d1", "number": "5095871063", "date": "2021-01-22 15:43:00", "subject": "2", "recorded-or-robo": "", "city": "Spokane Valley", "state": "WA", "area-code": "509"}, {"id": "3decc6bfadaa436a105714c6ba69c014", "number": "2677948898", "date": "2021-01-19 00:00:00", "subject": "4", "recorded-or-robo": "Y", "city": "Garland", "state": "TX", "area-code": "214"}, {"id": "1d36742e3f24f50e4e7ae82801ffb1cb", "number": "2677948898", "date": "2021-01-19 00:00:00", "subject": "4", "recorded-or-robo": "Y", "city": "Garland", "state": "TX", "area-code": "214"}, {"id": "3decc6bfadaa436a105714c6ba69bb94", "number": "9259644055", "date": "2021-01-23 02:29:00", "subject": "2", "recorded-or-robo": "Y", "city": "", "state": "CA", "area-code": "925"}, {"id": "1d36742e3f24f50e4e7ae82801ffa271", "number": "9259644055", "date": "2021-01-23 02:29:00", "subject": "2", "recorded-or-robo": "Y", "city": "", "state": "CA", "area-code": "925"}, {"id": "3decc6bfadaa436a105714c6ba81e0cc", "number": "2037601474", "date": "2021-01-23 20:42:30", "subject": "3", "recorded-or-robo": "Y", "city": "", "state": "CT", "area-code": "203"}, {"id": "03e293b3df9e35eadf15c56119185dd3", "number": "2037601474", "date": "2021-01-23 20:42:30", "subject": "3", "recorded-or-robo": "Y", "city": "", "state": "CT", "area-code": "203"}, {"id": "3decc6bfadaa436a105714c6ba69b12d", "number": "5092037387", "date": "2021-01-22 12:26:00", "subject": "2", "recorded-or-robo": "", "city": "Spokane Valley", "state": "WA", "area-code": "509"}, {"id": "1d36742e3f24f50e4e7ae82801ff9f78", "number": "5092037387", "date": "2021-01-22 12:26:00", "subject": "2", "recorded-or-robo": "", "city": "Spokane Valley", "state": "WA", "area-code": "509"}, {"id": "3decc6bfadaa436a105714c6ba81d537", "number": "+13108175469", "date": "2021-01-23 20:41:37", "subject": "3", "recorded-or-robo": "Y", "city": "", "state": "CA", "area-code": "310"}, {"id": "03e293b3df9e35eadf15c56119183e57", "number": "+13108175469", "date": "2021-01-23 20:41:37", "subject": "3", "recorded-or-robo": "Y", "city": "", "state": "CA", "area-code": "310"}, {"id": "3decc6bfadaa436a105714c6ba81a620", "number": "+18434481434", "date": "2021-01-23 20:41:36", "subject": "3", "recorded-or-robo": "N", "city": "", "state": "SC", "area-code": "843"}, {"id": "03e293b3df9e35eadf15c56119181b4d", "number": "+18434481434", "date": "2021-01-23 20:41:36", "subject": "3", "recorded-or-robo": "N", "city": "", "state": "SC", "area-code": "843"}, {"id": "3decc6bfadaa436a105714c6ba69adcb", "number": "7573897810", "date": "2021-01-22 12:14:00", "subject": "2", "recorded-or-robo": "", "city": "Spokane Valley", "state": "WA", "area-code": "509"}, {"id": "1d36742e3f24f50e4e7ae82801ff953a", "number": "7573897810", "date": "2021-01-22 12:14:00", "subject": "2", "recorded-or-robo": "", "city": "Spokane Valley", "state": "WA", "area-code": "509"}, {"id": "3decc6bfadaa436a105714c6ba69a0c4", "number": "2149837412", "date": "2021-01-20 10:58:00", "subject": "4", "recorded-or-robo": "Y", "city": "Garland", "state": "TX", "area-code": "214"}, {"id": "1d36742e3f24f50e4e7ae82801ff8b2d", "number": "2149837412", "date": "2021-01-20 10:58:00", "subject": "4", "recorded-or-robo": "Y", "city": "Garland", "state": "TX", "area-code": "214"}, {"id": "3decc6bfadaa436a105714c6ba81b52d", "number": "+13108194485", "date": "2021-01-23 20:41:14", "subject": "3", "recorded-or-robo": "Y", "city": "", "state": "CA", "area-code": "310"}, {"id": "03e293b3df9e35eadf15c56119182398", "number": "+13108194485", "date": "2021-01-23 20:41:14", "subject": "3", "recorded-or-robo": "Y", "city": "", "state": "CA", "area-code": "310"}, {"id": "3decc6bfadaa436a105714c6ba699529", "number": "6602817979", "date": "2021-01-23 00:00:00", "subject": "2", "recorded-or-robo": "Y", "city": "Cole  camp", "state": "MO", "area-code": "660"}, {"id": "1d36742e3f24f50e4e7ae82801ff7cf4", "number": "6602817979", "date": "2021-01-23 00:00:00", "subject": "2", "recorded-or-robo": "Y", "city": "Cole  camp", "state": "MO", "area-code": "660"}, {"id": "3decc6bfadaa436a105714c6ba6993b3", "number": "5099287831", "date": "2021-01-22 10:49:00", "subject": "2", "recorded-or-robo": "", "city": "Spokane Valley", "state": "WA", "area-code": "509"}, {"id": "1d36742e3f24f50e4e7ae82801ff6fed", "number": "5099287831", "date": "2021-01-22 10:49:00", "subject": "2", "recorded-or-robo": "", "city": "Spokane Valley", "state": "WA", "area-code": "509"}, {"id": "3decc6bfadaa436a105714c6ba698e59", "number": "9722913869", "date": "2021-01-23 11:10:00", "subject": "2", "recorded-or-robo": "N", "city": "Cedar Hill", "state": "TX", "area-code": "972"}, {"id": "1d36742e3f24f50e4e7ae82801ff6fc6", "number": "9722913869", "date": "2021-01-23 11:10:00", "subject": "2", "recorded-or-robo": "N", "city": "Cedar Hill", "state": "TX", "area-code": "972"}, {"id": "3decc6bfadaa436a105714c6ba698054", "number": "9723672083", "date": "2021-01-22 08:27:00", "subject": "2", "recorded-or-robo": "", "city": "Spokane Valley", "state": "WA", "area-code": "509"}, {"id": "1d36742e3f24f50e4e7ae82801ff6a32", "number": "9723672083", "date": "2021-01-22 08:27:00", "subject": "2", "recorded-or-robo": "", "city": "Spokane Valley", "state": "WA", "area-code": "509"}, {"id": "3decc6bfadaa436a105714c6ba81cae4", "number": "+19563000127", "date": "2021-01-23 20:39:17", "subject": "3", "recorded-or-robo": "Y", "city": "", "state": "TX", "area-code": "832"}, {"id": "03e293b3df9e35eadf15c561191830fe", "number": "+19563000127", "date": "2021-01-23 20:39:17", "subject": "3", "recorded-or-robo": "Y", "city": "", "state": "TX", "area-code": "832"}, {"id": "3decc6bfadaa436a105714c6ba6975fc", "number": "", "date": "2021-01-23 12:00:00", "subject": "2", "recorded-or-robo": "Y", "city": "Bogalusa", "state": "LA", "area-code": "985"}, {"id": "1d36742e3f24f50e4e7ae82801ff683e", "number": "", "date": "2021-01-23 12:00:00", "subject": "2", "recorded-or-robo": "Y", "city": "Bogalusa", "state": "LA", "area-code": "985"}, {"id": "3decc6bfadaa436a105714c6ba69637a", "number": "", "date": "2021-01-22 17:03:00", "subject": "3", "recorded-or-robo": "N", "city": "", "state": "NJ", "area-code": "732"}]}