{"data": [{"id": "1d36742e3f24f50e4e7ae82801713879", "number": "5133844575", "date": "2021-01-23 10:20:00", "subject": "2", "recorded-or-robo": "Y", "city": "CINCINNATI", "state": "OH", "area-code": "513"}, {"id": "e81c9350d54f66c6d33b3747eedbd8ad", "number": "8028480623", "date": "2021-01-13 18:26:00", "subject": "2", "recorded-or-robo": "Y", "city": "", "state": "VT", "area-code": "802"}, {"id": "1d36742e3f24f50e4e7ae828017130d3", "number": "8028480623", "date": "2021-01-13 18:26:00", "subject": "2", "recorded-or-robo": "Y", "city": "", "state": "VT", "area-code": "802"}, {"id": "e81c9350d54f66c6d33b3747eedbce56", "number": "8768754101", "date": "2021-01-23 08:02:00", "subject": "13", "recorded-or-robo": "N", "city": "Chisago City", "state": "MN", "area-code": "515"}, {"id": "1d36742e3f24f50e4e7ae828017125be", "number": "8768754101", "date": "2021-01-23 08:02:00", "subject": "13", "recorded-or-robo": "N", "city": "Chisago City", "state": "MN", "area-code": "515"}, {"id": "e81c9350d54f66c6d33b3747eedbc445", "number": "7192235537", "date": "2021-01-19 12:53:00", "subject": "4", "recorded-or-robo": "Y", "city": "Raleigh", "state": "NC", "area-code": "919"}, {"id": "1d36742e3f24f50e4e7ae82801712531", "number": "7192235537", "date": "2021-01-19 12:53:00", "subject": "4", "recorded-or-robo": "Y", "city": "Raleigh", "state": "NC", "area-code": "919"}, {"id": "e81c9350d54f66c6d33b3747eedbb924", "number": "7322477892", "date": "2021-01-23 09:58:00", "subject": "2", "recorded-or-robo": "N", "city": "", "state": "NJ", "area-code": "732"}, {"id": "1d36742e3f24f50e4e7ae82801711d16", "number": "7322477892", "date": "2021-01-23 09:58:00", "subject": "2", "recorded-or-robo": "N", "city": "", "state": "NJ", "area-code": "732"}, {"id": "e81c9350d54f66c6d33b3747eedbacf9", "number": "3015314609", "date": "2021-01-22 11:22:00", "subject": "4", "recorded-or-robo": "Y", "city": "MECHANICSBURG", "state": "PA", "area-code": "717"}, {"id": "1d36742e3f24f50e4e7ae82801711a4a", "number": "3015314609", "date": "2021-01-22 11:22:00", "subject": "4", "recorded-or-robo": "Y", "city": "MECHANICSBURG", "state": "PA", "area-code": "717"}, {"id": "e81c9350d54f66c6d33b3747eedbabd0", "number": "", "date": "2021-01-04 00:00:00", "subject": "5", "recorded-or-robo": "Y", "city": "Chicago", "state": "IL", "area-code": "773"}, {"id": "1d36742e3f24f50e4e7ae82801710f80", "number": "", "date": "2021-01-04 00:00:00", "subject": "5", "recorded-or-robo": "Y", "city": "Chicago", "state": "IL", "area-code": "773"}, {"id": "e81c9350d54f66c6d33b3747eedba90a", "number": "6038407035", "date": "2020-01-21 13:07:00", "subject": "3", "recorded-or-robo": "Y", "city": "", "state": "NH", "area-code": "603"}, {"id": "1d36742e3f24f50e4e7ae82801710a9a", "number": "6038407035", "date": "2020-01-21 13:07:00", "subject": "3", "recorded-or-robo": "Y", "city": "", "state": "NH", "area-code": "603"}, {"id": "e81c9350d54f66c6d33b3747eedb9d2d", "number": "8022477366", "date": "2021-01-15 09:40:00", "subject": "1", "recorded-or-robo": "Y", "city": "", "state": "VT", "area-code": "802"}, {"id": "1d36742e3f24f50e4e7ae8280170fb64", "number": "8022477366", "date": "2021-01-15 09:40:00", "subject": "1", "recorded-or-robo": "Y", "city": "", "state": "VT", "area-code": "802"}, {"id": "e81c9350d54f66c6d33b3747eedb966c", "number": "2424363623", "date": "2021-01-22 11:10:00", "subject": "0", "recorded-or-robo": "Y", "city": "Leland", "state": "NC", "area-code": "910"}, {"id": "1d36742e3f24f50e4e7ae8280170f733", "number": "2424363623", "date": "2021-01-22 11:10:00", "subject": "0", "recorded-or-robo": "Y", "city": "Leland", "state": "NC", "area-code": "910"}, {"id": "e81c9350d54f66c6d33b3747eedb903d", "number": "2155986088", "date": "2021-01-21 11:00:00", "subject": "2", "recorded-or-robo": "Y", "city": "MECHANICSBURG", "state": "PA", "area-code": "717"}, {"id": "1d36742e3f24f50e4e7ae8280170ec17", "number": "2155986088", "date": "2021-01-21 11:00:00", "subject": "2", "recorded-or-robo": "Y", "city": "MECHANICSBURG", "state": "PA", "area-code": "717"}, {"id": "e81c9350d54f66c6d33b3747eedb8b73", "number": "6038370329", "date": "2020-01-13 17:55:00", "subject": "3", "recorded-or-robo": "Y", "city": "", "state": "NH", "area-code": "603"}, {"id": "1d36742e3f24f50e4e7ae8280170e5be", "number": "6038370329", "date": "2020-01-13 17:55:00", "subject": "3", "recorded-or-robo": "Y", "city": "", "state": "NH", "area-code": "603"}, {"id": "e81c9350d54f66c6d33b3747eedb8040", "number": "8028493536", "date": "2021-01-13 12:57:00", "subject": "2", "recorded-or-robo": "Y", "city": "", "state": "VT", "area-code": "802"}, {"id": "1d36742e3f24f50e4e7ae8280170e18b", "number": "8028493536", "date": "2021-01-13 12:57:00", "subject": "2", "recorded-or-robo": "Y", "city": "", "state": "VT", "area-code": "802"}, {"id": "3decc6bfadaa436a105714c6ba57468c", "number": "2029982909", "date": "2021-01-23 00:00:00", "subject": "3", "recorded-or-robo": "N", "city": "", "state": "WV", "area-code": "304"}, {"id": "1d36742e3f24f50e4e7ae82801edc197", "number": "2029982909", "date": "2021-01-23 00:00:00", "subject": "3", "recorded-or-robo": "N", "city": "", "state": "WV", "area-code": "304"}, {"id": "e81c9350d54f66c6d33b3747eedb7d97", "number": "2076238223", "date": "2020-01-12 09:29:00", "subject": "3", "recorded-or-robo": "Y", "city": "", "state": "NH", "area-code": "603"}, {"id": "1d36742e3f24f50e4e7ae8280170d549", "number": "2076238223", "date": "2020-01-12 09:29:00", "subject": "3", "recorded-or-robo": "Y", "city": "", "state": "NH", "area-code": "603"}, {"id": "e81c9350d54f66c6d33b3747eedb74d3", "number": "7675018472", "date": "2021-01-23 09:46:00", "subject": "0", "recorded-or-robo": "Y", "city": "Leland", "state": "NC", "area-code": "910"}, {"id": "1d36742e3f24f50e4e7ae8280170c96f", "number": "7675018472", "date": "2021-01-23 09:46:00", "subject": "0", "recorded-or-robo": "Y", "city": "Leland", "state": "NC", "area-code": "910"}, {"id": "e81c9350d54f66c6d33b3747eedb6c9f", "number": "8028784514", "date": "2021-01-13 14:47:00", "subject": "2", "recorded-or-robo": "Y", "city": "", "state": "VT", "area-code": "802"}, {"id": "e81c9350d54f66c6d33b3747eedb4de1", "number": "2814174381", "date": "2021-01-23 08:17:00", "subject": "3", "recorded-or-robo": "", "city": "", "state": "TX", "area-code": "281"}, {"id": "1d36742e3f24f50e4e7ae8280170c331", "number": "8028784514", "date": "2021-01-13 14:47:00", "subject": "2", "recorded-or-robo": "Y", "city": "", "state": "VT", "area-code": "802"}, {"id": "1d36742e3f24f50e4e7ae82801709d6a", "number": "2814174381", "date": "2021-01-23 08:17:00", "subject": "3", "recorded-or-robo": "", "city": "", "state": "TX", "area-code": "281"}, {"id": "e81c9350d54f66c6d33b3747eedb5fed", "number": "2144684587", "date": "2021-01-23 09:10:00", "subject": "7", "recorded-or-robo": "Y", "city": "Richardson", "state": "TX", "area-code": "214"}, {"id": "1d36742e3f24f50e4e7ae8280170b625", "number": "2144684587", "date": "2021-01-23 09:10:00", "subject": "7", "recorded-or-robo": "Y", "city": "Richardson", "state": "TX", "area-code": "214"}, {"id": "e81c9350d54f66c6d33b3747eedb5708", "number": "6512835220", "date": "2021-01-23 09:14:00", "subject": "6", "recorded-or-robo": "N", "city": "Saint Paul", "state": "MN", "area-code": "651"}, {"id": "1d36742e3f24f50e4e7ae8280170ad27", "number": "6512835220", "date": "2021-01-23 09:14:00", "subject": "6", "recorded-or-robo": "N", "city": "Saint Paul", "state": "MN", "area-code": "651"}, {"id": "e81c9350d54f66c6d33b3747eedb54db", "number": "", "date": "2021-01-23 10:05:00", "subject": "1", "recorded-or-robo": "Y", "city": "Knoxville", "state": "TN", "area-code": "865"}, {"id": "1d36742e3f24f50e4e7ae8280170a7e1", "number": "", "date": "2021-01-23 10:05:00", "subject": "1", "recorded-or-robo": "Y", "city": "Knoxville", "state": "TN", "area-code": "865"}, {"id": "e81c9350d54f66c6d33b3747eedb4884", "number": "8028784931", "date": "2021-01-13 15:52:00", "subject": "6", "recorded-or-robo": "Y", "city": "", "state": "VT", "area-code": "802"}, {"id": "1d36742e3f24f50e4e7ae82801709032", "number": "8028784931", "date": "2021-01-13 15:52:00", "subject": "6", "recorded-or-robo": "Y", "city": "", "state": "VT", "area-code": "802"}, {"id": "e81c9350d54f66c6d33b3747eedb3c13", "number": "6036425108", "date": "2020-01-15 15:46:00", "subject": "3", "recorded-or-robo": "Y", "city": "", "state": "NH", "area-code": "603"}, {"id": "1d36742e3f24f50e4e7ae82801708b5a", "number": "6036425108", "date": "2020-01-15 15:46:00", "subject": "3", "recorded-or-robo": "Y", "city": "", "state": "NH", "area-code": "603"}, {"id": "e81c9350d54f66c6d33b3747eedb3ae7", "number": "6736230", "date": "2021-01-23 08:57:00", "subject": "2", "recorded-or-robo": "Y", "city": "Milton Fl.", "state": "FL", "area-code": "850"}, {"id": "1d36742e3f24f50e4e7ae82801708ad9", "number": "6736230", "date": "2021-01-23 08:57:00", "subject": "2", "recorded-or-robo": "Y", "city": "Milton Fl.", "state": "FL", "area-code": "850"}, {"id": "e81c9350d54f66c6d33b3747eedb33c4", "number": "2396881036", "date": "2021-01-23 10:08:00", "subject": "12", "recorded-or-robo": "N", "city": "Orange city", "state": "FL", "area-code": "386"}, {"id": "1d36742e3f24f50e4e7ae82801707ce9", "number": "2396881036", "date": "2021-01-23 10:08:00", "subject": "12", "recorded-or-robo": "N", "city": "Orange city", "state": "FL", "area-code": "386"}, {"id": "e81c9350d54f66c6d33b3747eedb32ed", "number": "9172822149", "date": "2021-01-15 08:16:00", "subject": "3", "recorded-or-robo": "N", "city": "", "state": "FL", "area-code": "561"}]}