{"data": [{"id": "1d36742e3f24f50e4e7ae82801759f82", "number": "7195450300", "date": "2021-01-22 15:33:00", "subject": "5", "recorded-or-robo": "Y", "city": "", "state": "CO", "area-code": "303"}, {"id": "e81c9350d54f66c6d33b3747eee04b0c", "number": "7867430657", "date": "2021-01-22 15:42:00", "subject": "2", "recorded-or-robo": "Y", "city": "Maple Grove", "state": "MN", "area-code": "763"}, {"id": "1d36742e3f24f50e4e7ae82801759db0", "number": "7867430657", "date": "2021-01-22 15:42:00", "subject": "2", "recorded-or-robo": "Y", "city": "Maple Grove", "state": "MN", "area-code": "763"}, {"id": "e81c9350d54f66c6d33b3747eee03e93", "number": "3028280563", "date": "2021-01-22 15:32:00", "subject": "0", "recorded-or-robo": "Y", "city": "", "state": "CO", "area-code": "303"}, {"id": "1d36742e3f24f50e4e7ae828017592e4", "number": "3028280563", "date": "2021-01-22 15:32:00", "subject": "0", "recorded-or-robo": "Y", "city": "", "state": "CO", "area-code": "303"}, {"id": "e81c9350d54f66c6d33b3747eee03a82", "number": "4043091895", "date": "2021-01-22 12:33:00", "subject": "5", "recorded-or-robo": "Y", "city": "Macon", "state": "GA", "area-code": "404"}, {"id": "1d36742e3f24f50e4e7ae82801758779", "number": "4043091895", "date": "2021-01-22 12:33:00", "subject": "5", "recorded-or-robo": "Y", "city": "Macon", "state": "GA", "area-code": "404"}, {"id": "e81c9350d54f66c6d33b3747eee02ac7", "number": "8009918708", "date": "2021-01-22 12:52:00", "subject": "5", "recorded-or-robo": "Y", "city": "Broomfield", "state": "CO", "area-code": "303"}, {"id": "1d36742e3f24f50e4e7ae82801757d5a", "number": "8009918708", "date": "2021-01-22 12:52:00", "subject": "5", "recorded-or-robo": "Y", "city": "Broomfield", "state": "CO", "area-code": "303"}, {"id": "3decc6bfadaa436a105714c6ba5772f0", "number": "9102946702", "date": "2021-01-22 12:14:00", "subject": "3", "recorded-or-robo": "N", "city": "", "state": "FL", "area-code": "352"}, {"id": "1d36742e3f24f50e4e7ae82801ede0ac", "number": "9102946702", "date": "2021-01-22 12:14:00", "subject": "3", "recorded-or-robo": "N", "city": "", "state": "FL", "area-code": "352"}, {"id": "e81c9350d54f66c6d33b3747eee02716", "number": "6052645213", "date": "2021-01-20 13:27:00", "subject": "2", "recorded-or-robo": "Y", "city": "Bethesda", "state": "MD", "area-code": "301"}, {"id": "1d36742e3f24f50e4e7ae8280175733f", "number": "6052645213", "date": "2021-01-20 13:27:00", "subject": "2", "recorded-or-robo": "Y", "city": "Bethesda", "state": "MD", "area-code": "301"}, {"id": "e81c9350d54f66c6d33b3747eee01d0e", "number": "4128592450", "date": "2021-01-23 10:26:00", "subject": "1", "recorded-or-robo": "Y", "city": "South Yarmouth", "state": "MA", "area-code": "774"}, {"id": "1d36742e3f24f50e4e7ae82801756b48", "number": "4128592450", "date": "2021-01-23 10:26:00", "subject": "1", "recorded-or-robo": "Y", "city": "South Yarmouth", "state": "MA", "area-code": "774"}, {"id": "e81c9350d54f66c6d33b3747eee01995", "number": "9546767827", "date": "2021-01-23 09:37:00", "subject": "9", "recorded-or-robo": "N", "city": "Maple Grove", "state": "MN", "area-code": "763"}, {"id": "1d36742e3f24f50e4e7ae828017565d8", "number": "9546767827", "date": "2021-01-23 09:37:00", "subject": "9", "recorded-or-robo": "N", "city": "Maple Grove", "state": "MN", "area-code": "763"}, {"id": "e81c9350d54f66c6d33b3747eee0105b", "number": "4049009464", "date": "2021-01-22 10:05:00", "subject": "5", "recorded-or-robo": "Y", "city": "Macon", "state": "GA", "area-code": "404"}, {"id": "1d36742e3f24f50e4e7ae82801755f5b", "number": "4049009464", "date": "2021-01-22 10:05:00", "subject": "5", "recorded-or-robo": "Y", "city": "Macon", "state": "GA", "area-code": "404"}, {"id": "e81c9350d54f66c6d33b3747eee00433", "number": "8015835906", "date": "2021-01-13 12:57:00", "subject": "13", "recorded-or-robo": "Y", "city": "Portland", "state": "OR", "area-code": "503"}, {"id": "1d36742e3f24f50e4e7ae82801755828", "number": "8015835906", "date": "2021-01-13 12:57:00", "subject": "13", "recorded-or-robo": "Y", "city": "Portland", "state": "OR", "area-code": "503"}, {"id": "e81c9350d54f66c6d33b3747eedffda3", "number": "5104623361", "date": "2021-01-23 09:28:00", "subject": "16", "recorded-or-robo": "Y", "city": "Clinton", "state": "OK", "area-code": "580"}, {"id": "1d36742e3f24f50e4e7ae82801754a65", "number": "5104623361", "date": "2021-01-23 09:28:00", "subject": "16", "recorded-or-robo": "Y", "city": "Clinton", "state": "OK", "area-code": "580"}, {"id": "e81c9350d54f66c6d33b3747eedff9df", "number": "", "date": "2021-01-21 18:24:00", "subject": "0", "recorded-or-robo": "Y", "city": "Grand Rapids", "state": "MI", "area-code": "616"}, {"id": "1d36742e3f24f50e4e7ae82801753ec2", "number": "", "date": "2021-01-21 18:24:00", "subject": "0", "recorded-or-robo": "Y", "city": "Grand Rapids", "state": "MI", "area-code": "616"}, {"id": "e81c9350d54f66c6d33b3747eedfece7", "number": "7634028774", "date": "2021-01-23 08:23:00", "subject": "8", "recorded-or-robo": "N", "city": "", "state": "MN", "area-code": "763"}, {"id": "1d36742e3f24f50e4e7ae82801753e7f", "number": "7634028774", "date": "2021-01-23 08:23:00", "subject": "8", "recorded-or-robo": "N", "city": "", "state": "MN", "area-code": "763"}, {"id": "e81c9350d54f66c6d33b3747eedfe8e9", "number": "", "date": "2021-01-20 14:30:00", "subject": "4", "recorded-or-robo": "N", "city": "Corpus Christi", "state": "TX", "area-code": "361"}, {"id": "1d36742e3f24f50e4e7ae82801753b06", "number": "", "date": "2021-01-20 14:30:00", "subject": "4", "recorded-or-robo": "N", "city": "Corpus Christi", "state": "TX", "area-code": "361"}, {"id": "3decc6bfadaa436a105714c6ba556c5b", "number": "+19149332099", "date": "2021-01-23 10:46:35", "subject": "3", "recorded-or-robo": "Y", "city": "", "state": "NY", "area-code": "516"}, {"id": "1d36742e3f24f50e4e7ae82801eb9112", "number": "+19149332099", "date": "2021-01-23 10:46:35", "subject": "3", "recorded-or-robo": "Y", "city": "", "state": "NY", "area-code": "516"}, {"id": "e81c9350d54f66c6d33b3747eedfd996", "number": "8567180378", "date": "2021-01-20 11:14:00", "subject": "2", "recorded-or-robo": "Y", "city": "Magnolia", "state": "NJ", "area-code": "201"}, {"id": "1d36742e3f24f50e4e7ae828017539a7", "number": "8567180378", "date": "2021-01-20 11:14:00", "subject": "2", "recorded-or-robo": "Y", "city": "Magnolia", "state": "NJ", "area-code": "201"}, {"id": "e81c9350d54f66c6d33b3747eedfd021", "number": "4106705917", "date": "2021-01-20 18:36:00", "subject": "2", "recorded-or-robo": "Y", "city": "Bethesda", "state": "MD", "area-code": "301"}, {"id": "1d36742e3f24f50e4e7ae828017531dd", "number": "4106705917", "date": "2021-01-20 18:36:00", "subject": "2", "recorded-or-robo": "Y", "city": "Bethesda", "state": "MD", "area-code": "301"}, {"id": "e81c9350d54f66c6d33b3747eedfce63", "number": "111111111", "date": "2021-01-23 06:36:00", "subject": "6", "recorded-or-robo": "N", "city": "Aberdeen", "state": "WA", "area-code": "360"}, {"id": "1d36742e3f24f50e4e7ae828017523f5", "number": "111111111", "date": "2021-01-23 06:36:00", "subject": "6", "recorded-or-robo": "N", "city": "Aberdeen", "state": "WA", "area-code": "360"}, {"id": "e81c9350d54f66c6d33b3747eedfc6bf", "number": "8139695470", "date": "2021-01-23 10:33:00", "subject": "7", "recorded-or-robo": "Y", "city": "Land O Lakes", "state": "FL", "area-code": "813"}, {"id": "1d36742e3f24f50e4e7ae82801751dc4", "number": "8139695470", "date": "2021-01-23 10:33:00", "subject": "7", "recorded-or-robo": "Y", "city": "Land O Lakes", "state": "FL", "area-code": "813"}, {"id": "e81c9350d54f66c6d33b3747eedfb964", "number": "9852485106", "date": "2021-01-22 00:00:00", "subject": "3", "recorded-or-robo": "", "city": "Oak Grove", "state": "LA", "area-code": "318"}, {"id": "1d36742e3f24f50e4e7ae828017518b1", "number": "9852485106", "date": "2021-01-22 00:00:00", "subject": "3", "recorded-or-robo": "", "city": "Oak Grove", "state": "LA", "area-code": "318"}, {"id": "e81c9350d54f66c6d33b3747eedfb3eb", "number": "4178600769", "date": "2021-01-23 09:30:00", "subject": "6", "recorded-or-robo": "N", "city": "Springfield", "state": "MO", "area-code": "417"}, {"id": "1d36742e3f24f50e4e7ae82801751343", "number": "4178600769", "date": "2021-01-23 09:30:00", "subject": "6", "recorded-or-robo": "N", "city": "Springfield", "state": "MO", "area-code": "417"}, {"id": "e81c9350d54f66c6d33b3747eedfa60e", "number": "6053166121", "date": "2021-01-14 09:48:00", "subject": "2", "recorded-or-robo": "", "city": "Rapid City", "state": "SD", "area-code": "605"}, {"id": "1d36742e3f24f50e4e7ae82801750399", "number": "6053166121", "date": "2021-01-14 09:48:00", "subject": "2", "recorded-or-robo": "", "city": "Rapid City", "state": "SD", "area-code": "605"}, {"id": "e81c9350d54f66c6d33b3747eedf8239", "number": "3522921279", "date": "2021-01-23 10:13:00", "subject": "3", "recorded-or-robo": "N", "city": "", "state": "FL", "area-code": "352"}, {"id": "1d36742e3f24f50e4e7ae8280174df35", "number": "3522921279", "date": "2021-01-23 10:13:00", "subject": "3", "recorded-or-robo": "N", "city": "", "state": "FL", "area-code": "352"}, {"id": "e81c9350d54f66c6d33b3747eedfa5df", "number": "8665270807", "date": "2021-01-22 19:09:00", "subject": "2", "recorded-or-robo": "", "city": "Maryland Heights", "state": "MO", "area-code": "314"}, {"id": "1d36742e3f24f50e4e7ae8280174f434", "number": "8665270807", "date": "2021-01-22 19:09:00", "subject": "2", "recorded-or-robo": "", "city": "Maryland Heights", "state": "MO", "area-code": "314"}, {"id": "e81c9350d54f66c6d33b3747eedfa013", "number": "2086846501", "date": "2021-01-22 12:00:00", "subject": "2", "recorded-or-robo": "Y", "city": "Johnson City", "state": "TN", "area-code": "423"}]}