{"data": [{"id": "3decc6bfadaa436a105714c6ba2d9e2a", "number": "7039120243", "date": "2021-01-20 15:26:00", "subject": "11", "recorded-or-robo": "Y", "city": "Virginia Bch", "state": "VA", "area-code": "757"}, {"id": "1d36742e3f24f50e4e7ae82801c4cbe8", "number": "4809236894", "date": "2021-01-23 10:03:00", "subject": "2", "recorded-or-robo": "", "city": "", "state": "IN", "area-code": "812"}, {"id": "1d36742e3f24f50e4e7ae82801c4cabe", "number": "7039120243", "date": "2021-01-20 15:26:00", "subject": "11", "recorded-or-robo": "Y", "city": "Virginia Bch", "state": "VA", "area-code": "757"}, {"id": "3decc6bfadaa436a105714c6ba2d99af", "number": "8556787033", "date": "2021-01-23 12:49:00", "subject": "2", "recorded-or-robo": "Y", "city": "", "state": "TX", "area-code": "409"}, {"id": "1d36742e3f24f50e4e7ae82801c4c764", "number": "8556787033", "date": "2021-01-23 12:49:00", "subject": "2", "recorded-or-robo": "Y", "city": "", "state": "TX", "area-code": "409"}, {"id": "3decc6bfadaa436a105714c6ba2d8acf", "number": "3023531925", "date": "2021-01-21 16:56:00", "subject": "0", "recorded-or-robo": "", "city": "new castle", "state": "DE", "area-code": "302"}, {"id": "1d36742e3f24f50e4e7ae82801c4c454", "number": "3023531925", "date": "2021-01-21 16:56:00", "subject": "0", "recorded-or-robo": "", "city": "new castle", "state": "DE", "area-code": "302"}, {"id": "3decc6bfadaa436a105714c6ba2d8a62", "number": "3144877264", "date": "2021-01-22 13:00:00", "subject": "1", "recorded-or-robo": "Y", "city": "", "state": "MO", "area-code": "314"}, {"id": "1d36742e3f24f50e4e7ae82801c4b836", "number": "3144877264", "date": "2021-01-22 13:00:00", "subject": "1", "recorded-or-robo": "Y", "city": "", "state": "MO", "area-code": "314"}, {"id": "3decc6bfadaa436a105714c6ba2d843b", "number": "8653552251", "date": "2021-01-06 12:06:00", "subject": "2", "recorded-or-robo": "N", "city": "", "state": "FL", "area-code": "727"}, {"id": "1d36742e3f24f50e4e7ae82801c4ac9a", "number": "8653552251", "date": "2021-01-06 12:06:00", "subject": "2", "recorded-or-robo": "N", "city": "", "state": "FL", "area-code": "727"}, {"id": "3decc6bfadaa436a105714c6ba2d7e8e", "number": "8478381144", "date": "2021-01-23 14:36:00", "subject": "1", "recorded-or-robo": "Y", "city": "", "state": "IL", "area-code": "847"}, {"id": "1d36742e3f24f50e4e7ae82801c4a021", "number": "8478381144", "date": "2021-01-23 14:36:00", "subject": "1", "recorded-or-robo": "Y", "city": "", "state": "IL", "area-code": "847"}, {"id": "3decc6bfadaa436a105714c6ba2d6ec9", "number": "8642285931", "date": "2021-01-22 16:24:00", "subject": "2", "recorded-or-robo": "Y", "city": "Simpsonville", "state": "SC", "area-code": "864"}, {"id": "1d36742e3f24f50e4e7ae82801c494c9", "number": "8642285931", "date": "2021-01-22 16:24:00", "subject": "2", "recorded-or-robo": "Y", "city": "Simpsonville", "state": "SC", "area-code": "864"}, {"id": "3decc6bfadaa436a105714c6ba2d6451", "number": "4708673490", "date": "2021-01-23 14:37:00", "subject": "2", "recorded-or-robo": "N", "city": "Gallatin", "state": "TN", "area-code": "317"}, {"id": "1d36742e3f24f50e4e7ae82801c48832", "number": "4708673490", "date": "2021-01-23 14:37:00", "subject": "2", "recorded-or-robo": "N", "city": "Gallatin", "state": "TN", "area-code": "317"}, {"id": "3decc6bfadaa436a105714c6ba2d5e19", "number": "8285973614", "date": "2021-01-09 12:49:00", "subject": "3", "recorded-or-robo": "", "city": "dewitt", "state": "NY", "area-code": "315"}, {"id": "3decc6bfadaa436a105714c6ba2d5232", "number": "", "date": "2021-01-23 14:15:00", "subject": "4", "recorded-or-robo": "Y", "city": "Tavares", "state": "FL", "area-code": "407"}, {"id": "1d36742e3f24f50e4e7ae82801c48570", "number": "8285973614", "date": "2021-01-09 12:49:00", "subject": "3", "recorded-or-robo": "", "city": "dewitt", "state": "NY", "area-code": "315"}, {"id": "1d36742e3f24f50e4e7ae82801c48013", "number": "", "date": "2021-01-23 14:15:00", "subject": "4", "recorded-or-robo": "Y", "city": "Tavares", "state": "FL", "area-code": "407"}, {"id": "3decc6bfadaa436a105714c6ba2d44bb", "number": "6146622238", "date": "2021-01-22 15:51:00", "subject": "5", "recorded-or-robo": "Y", "city": "chicago", "state": "IL", "area-code": "773"}, {"id": "1d36742e3f24f50e4e7ae82801c471a8", "number": "6146622238", "date": "2021-01-22 15:51:00", "subject": "5", "recorded-or-robo": "Y", "city": "chicago", "state": "IL", "area-code": "773"}, {"id": "3decc6bfadaa436a105714c6ba2d379a", "number": "5182274260", "date": "2021-01-21 13:53:00", "subject": "2", "recorded-or-robo": "N", "city": "Rensselaer", "state": "NY", "area-code": "518"}, {"id": "1d36742e3f24f50e4e7ae82801c4689a", "number": "5182274260", "date": "2021-01-21 13:53:00", "subject": "2", "recorded-or-robo": "N", "city": "Rensselaer", "state": "NY", "area-code": "518"}, {"id": "3decc6bfadaa436a105714c6ba2d32c5", "number": "9096181742", "date": "2021-01-23 12:36:00", "subject": "6", "recorded-or-robo": "Y", "city": "Pomona", "state": "CA", "area-code": "909"}, {"id": "1d36742e3f24f50e4e7ae82801c45af1", "number": "9096181742", "date": "2021-01-23 12:36:00", "subject": "6", "recorded-or-robo": "Y", "city": "Pomona", "state": "CA", "area-code": "909"}, {"id": "3decc6bfadaa436a105714c6ba2d293f", "number": "37064517314", "date": "2021-01-23 14:12:00", "subject": "2", "recorded-or-robo": "Y", "city": "Janesville", "state": "WI", "area-code": "608"}, {"id": "1d36742e3f24f50e4e7ae82801c44d5e", "number": "37064517314", "date": "2021-01-23 14:12:00", "subject": "2", "recorded-or-robo": "Y", "city": "Janesville", "state": "WI", "area-code": "608"}, {"id": "3decc6bfadaa436a105714c6ba2d263b", "number": "3022625488", "date": "2021-01-21 15:11:00", "subject": "0", "recorded-or-robo": "", "city": "new castle", "state": "DE", "area-code": "302"}, {"id": "1d36742e3f24f50e4e7ae82801c4436d", "number": "3022625488", "date": "2021-01-21 15:11:00", "subject": "0", "recorded-or-robo": "", "city": "new castle", "state": "DE", "area-code": "302"}, {"id": "3decc6bfadaa436a105714c6ba2d2283", "number": "243900836799", "date": "2021-01-19 14:48:00", "subject": "2", "recorded-or-robo": "Y", "city": "Waterloo", "state": "IA", "area-code": "319"}, {"id": "1d36742e3f24f50e4e7ae82801c438c8", "number": "243900836799", "date": "2021-01-19 14:48:00", "subject": "2", "recorded-or-robo": "Y", "city": "Waterloo", "state": "IA", "area-code": "319"}, {"id": "3decc6bfadaa436a105714c6ba2d16ed", "number": "6572099302", "date": "2021-01-13 11:39:00", "subject": "11", "recorded-or-robo": "Y", "city": "", "state": "CA", "area-code": "657"}, {"id": "1d36742e3f24f50e4e7ae82801c43488", "number": "6572099302", "date": "2021-01-13 11:39:00", "subject": "11", "recorded-or-robo": "Y", "city": "", "state": "CA", "area-code": "657"}, {"id": "3decc6bfadaa436a105714c6ba2d1568", "number": "8644745687", "date": "2021-01-22 18:23:00", "subject": "2", "recorded-or-robo": "Y", "city": "Simpsonville", "state": "SC", "area-code": "864"}, {"id": "1d36742e3f24f50e4e7ae82801c42b0b", "number": "8644745687", "date": "2021-01-22 18:23:00", "subject": "2", "recorded-or-robo": "Y", "city": "Simpsonville", "state": "SC", "area-code": "864"}, {"id": "3decc6bfadaa436a105714c6ba2d0ec3", "number": "8884653860", "date": "2021-01-19 09:46:00", "subject": "4", "recorded-or-robo": "Y", "city": "Evans", "state": "GA", "area-code": "706"}, {"id": "3decc6bfadaa436a105714c6ba2d056d", "number": "4434412070", "date": "2021-01-07 13:44:00", "subject": "2", "recorded-or-robo": "N", "city": "", "state": "FL", "area-code": "727"}, {"id": "1d36742e3f24f50e4e7ae82801c41b6f", "number": "8884653860", "date": "2021-01-19 09:46:00", "subject": "4", "recorded-or-robo": "Y", "city": "Evans", "state": "GA", "area-code": "706"}, {"id": "1d36742e3f24f50e4e7ae82801c4156d", "number": "4434412070", "date": "2021-01-07 13:44:00", "subject": "2", "recorded-or-robo": "N", "city": "", "state": "FL", "area-code": "727"}, {"id": "3decc6bfadaa436a105714c6ba2d0178", "number": "3144879726", "date": "2021-01-23 10:00:00", "subject": "1", "recorded-or-robo": "Y", "city": "", "state": "MO", "area-code": "314"}, {"id": "3decc6bfadaa436a105714c6ba2cf7f0", "number": "3152143091", "date": "2021-01-09 12:25:00", "subject": "3", "recorded-or-robo": "", "city": "dewitt", "state": "NY", "area-code": "315"}, {"id": "1d36742e3f24f50e4e7ae82801c41553", "number": "3144879726", "date": "2021-01-23 10:00:00", "subject": "1", "recorded-or-robo": "Y", "city": "", "state": "MO", "area-code": "314"}, {"id": "1d36742e3f24f50e4e7ae82801c41505", "number": "3152143091", "date": "2021-01-09 12:25:00", "subject": "3", "recorded-or-robo": "", "city": "dewitt", "state": "NY", "area-code": "315"}, {"id": "3decc6bfadaa436a105714c6ba2cef44", "number": "7268002535", "date": "2021-01-19 17:18:00", "subject": "1", "recorded-or-robo": "Y", "city": "Virginia Bch", "state": "VA", "area-code": "757"}, {"id": "1d36742e3f24f50e4e7ae82801c410d3", "number": "7268002535", "date": "2021-01-19 17:18:00", "subject": "1", "recorded-or-robo": "Y", "city": "Virginia Bch", "state": "VA", "area-code": "757"}, {"id": "3decc6bfadaa436a105714c6ba2cebfe", "number": "4025937107", "date": "2021-01-23 12:00:00", "subject": "2", "recorded-or-robo": "Y", "city": "Gig Harbor", "state": "WA", "area-code": "253"}, {"id": "1d36742e3f24f50e4e7ae82801c40bb5", "number": "4025937107", "date": "2021-01-23 12:00:00", "subject": "2", "recorded-or-robo": "Y", "city": "Gig Harbor", "state": "WA", "area-code": "253"}, {"id": "3decc6bfadaa436a105714c6ba2ce21d", "number": "6028066519", "date": "2021-01-23 14:34:00", "subject": "1", "recorded-or-robo": "Y", "city": "Huntsville", "state": "AL", "area-code": "256"}]}