{"data": [{"id": "1d36742e3f24f50e4e7ae8280179112d", "number": "2048095722", "date": "2021-01-15 18:10:00", "subject": "2", "recorded-or-robo": "", "city": "", "state": "NE", "area-code": "402"}, {"id": "e81c9350d54f66c6d33b3747eee405b6", "number": "7576661048", "date": "2021-01-22 13:39:00", "subject": "2", "recorded-or-robo": "N", "city": "NORFOLK", "state": "VA", "area-code": "757"}, {"id": "1d36742e3f24f50e4e7ae82801790a90", "number": "7576661048", "date": "2021-01-22 13:39:00", "subject": "2", "recorded-or-robo": "N", "city": "NORFOLK", "state": "VA", "area-code": "757"}, {"id": "e81c9350d54f66c6d33b3747eee3f9a5", "number": "4843547405", "date": "2021-01-23 10:45:00", "subject": "2", "recorded-or-robo": "", "city": "", "state": "CT", "area-code": "203"}, {"id": "1d36742e3f24f50e4e7ae828017908c4", "number": "4843547405", "date": "2021-01-23 10:45:00", "subject": "2", "recorded-or-robo": "", "city": "", "state": "CT", "area-code": "203"}, {"id": "e81c9350d54f66c6d33b3747eee3ee5c", "number": "3144955251", "date": "2021-01-22 17:49:00", "subject": "2", "recorded-or-robo": "", "city": "Wildwood", "state": "MO", "area-code": "314"}, {"id": "e81c9350d54f66c6d33b3747eee3ee57", "number": "", "date": "2020-01-23 00:00:00", "subject": "3", "recorded-or-robo": "Y", "city": "", "state": "TX", "area-code": "254"}, {"id": "1d36742e3f24f50e4e7ae8280178fc78", "number": "3144955251", "date": "2021-01-22 17:49:00", "subject": "2", "recorded-or-robo": "", "city": "Wildwood", "state": "MO", "area-code": "314"}, {"id": "1d36742e3f24f50e4e7ae8280178f864", "number": "", "date": "2020-01-23 00:00:00", "subject": "3", "recorded-or-robo": "Y", "city": "", "state": "TX", "area-code": "254"}, {"id": "e81c9350d54f66c6d33b3747eee3e395", "number": "3015793790", "date": "2021-01-08 11:12:00", "subject": "2", "recorded-or-robo": "Y", "city": "Bethesda", "state": "MD", "area-code": "301"}, {"id": "1d36742e3f24f50e4e7ae8280178f375", "number": "3015793790", "date": "2021-01-08 11:12:00", "subject": "2", "recorded-or-robo": "Y", "city": "Bethesda", "state": "MD", "area-code": "301"}, {"id": "e81c9350d54f66c6d33b3747eee3db04", "number": "4022469389", "date": "2021-01-15 10:56:00", "subject": "3", "recorded-or-robo": "", "city": "", "state": "NE", "area-code": "402"}, {"id": "1d36742e3f24f50e4e7ae8280178e474", "number": "4022469389", "date": "2021-01-15 10:56:00", "subject": "3", "recorded-or-robo": "", "city": "", "state": "NE", "area-code": "402"}, {"id": "e81c9350d54f66c6d33b3747eee3cd8d", "number": "3145442156", "date": "2021-01-23 08:47:00", "subject": "2", "recorded-or-robo": "", "city": "Saint Louis", "state": "MO", "area-code": "314"}, {"id": "1d36742e3f24f50e4e7ae8280178e0a2", "number": "3145442156", "date": "2021-01-23 08:47:00", "subject": "2", "recorded-or-robo": "", "city": "Saint Louis", "state": "MO", "area-code": "314"}, {"id": "e81c9350d54f66c6d33b3747eee3ccc5", "number": "3144829277", "date": "2021-01-23 09:50:00", "subject": "1", "recorded-or-robo": "Y", "city": "Saint Louis", "state": "MO", "area-code": "314"}, {"id": "1d36742e3f24f50e4e7ae8280178d561", "number": "3144829277", "date": "2021-01-23 09:50:00", "subject": "1", "recorded-or-robo": "Y", "city": "Saint Louis", "state": "MO", "area-code": "314"}, {"id": "e81c9350d54f66c6d33b3747eee3c705", "number": "7272782821", "date": "2021-01-21 13:45:00", "subject": "4", "recorded-or-robo": "Y", "city": "Pasadena", "state": "MD", "area-code": "727"}, {"id": "1d36742e3f24f50e4e7ae8280178cfa0", "number": "7272782821", "date": "2021-01-21 13:45:00", "subject": "4", "recorded-or-robo": "Y", "city": "Pasadena", "state": "MD", "area-code": "727"}, {"id": "e81c9350d54f66c6d33b3747eee3be06", "number": "3022036931", "date": "2021-01-23 10:01:00", "subject": "6", "recorded-or-robo": "N", "city": "Minneapolis", "state": "MN", "area-code": "612"}, {"id": "1d36742e3f24f50e4e7ae8280178c249", "number": "3022036931", "date": "2021-01-23 10:01:00", "subject": "6", "recorded-or-robo": "N", "city": "Minneapolis", "state": "MN", "area-code": "612"}, {"id": "e81c9350d54f66c6d33b3747eee3b3d0", "number": "3144952928", "date": "2021-01-22 18:37:00", "subject": "2", "recorded-or-robo": "", "city": "Wildwood", "state": "MO", "area-code": "314"}, {"id": "1d36742e3f24f50e4e7ae8280178c0c8", "number": "3144952928", "date": "2021-01-22 18:37:00", "subject": "2", "recorded-or-robo": "", "city": "Wildwood", "state": "MO", "area-code": "314"}, {"id": "e81c9350d54f66c6d33b3747eee3a6e2", "number": "3252685517", "date": "2021-01-20 09:55:00", "subject": "4", "recorded-or-robo": "Y", "city": "San Antonio", "state": "TX", "area-code": "210"}, {"id": "1d36742e3f24f50e4e7ae8280178c01c", "number": "3252685517", "date": "2021-01-20 09:55:00", "subject": "4", "recorded-or-robo": "Y", "city": "San Antonio", "state": "TX", "area-code": "210"}, {"id": "e81c9350d54f66c6d33b3747eee3a1ce", "number": "8002744240", "date": "2021-01-22 08:01:00", "subject": "2", "recorded-or-robo": "Y", "city": "", "state": "IL", "area-code": "630"}, {"id": "e81c9350d54f66c6d33b3747eee3a022", "number": "4022958122", "date": "2021-01-15 10:51:00", "subject": "3", "recorded-or-robo": "", "city": "", "state": "NE", "area-code": "402"}, {"id": "1d36742e3f24f50e4e7ae8280178b74e", "number": "8002744240", "date": "2021-01-22 08:01:00", "subject": "2", "recorded-or-robo": "Y", "city": "", "state": "IL", "area-code": "630"}, {"id": "1d36742e3f24f50e4e7ae8280178b598", "number": "4022958122", "date": "2021-01-15 10:51:00", "subject": "3", "recorded-or-robo": "", "city": "", "state": "NE", "area-code": "402"}, {"id": "e81c9350d54f66c6d33b3747eee39119", "number": "7577028523", "date": "2021-01-22 12:27:00", "subject": "2", "recorded-or-robo": "N", "city": "NORFOLK", "state": "VA", "area-code": "757"}, {"id": "1d36742e3f24f50e4e7ae8280178b53d", "number": "7577028523", "date": "2021-01-22 12:27:00", "subject": "2", "recorded-or-robo": "N", "city": "NORFOLK", "state": "VA", "area-code": "757"}, {"id": "e81c9350d54f66c6d33b3747eee38674", "number": "7342386456", "date": "2021-01-22 15:31:00", "subject": "2", "recorded-or-robo": "Y", "city": "Monroe", "state": "MI", "area-code": "734"}, {"id": "1d36742e3f24f50e4e7ae8280178b38a", "number": "7342386456", "date": "2021-01-22 15:31:00", "subject": "2", "recorded-or-robo": "Y", "city": "Monroe", "state": "MI", "area-code": "734"}, {"id": "e81c9350d54f66c6d33b3747eee37822", "number": "9472038376", "date": "2021-01-22 17:25:00", "subject": "3", "recorded-or-robo": "N", "city": "", "state": "MI", "area-code": "248"}, {"id": "1d36742e3f24f50e4e7ae8280178ae50", "number": "9472038376", "date": "2021-01-22 17:25:00", "subject": "3", "recorded-or-robo": "N", "city": "", "state": "MI", "area-code": "248"}, {"id": "e81c9350d54f66c6d33b3747eee3764a", "number": "3144953147", "date": "2021-01-23 09:16:00", "subject": "2", "recorded-or-robo": "N", "city": "Wildwood", "state": "MO", "area-code": "314"}, {"id": "1d36742e3f24f50e4e7ae8280178aa59", "number": "3144953147", "date": "2021-01-23 09:16:00", "subject": "2", "recorded-or-robo": "N", "city": "Wildwood", "state": "MO", "area-code": "314"}, {"id": "e81c9350d54f66c6d33b3747eee367d6", "number": "8772072936", "date": "2021-01-14 14:54:00", "subject": "2", "recorded-or-robo": "", "city": "", "state": "NE", "area-code": "402"}, {"id": "1d36742e3f24f50e4e7ae8280178aa3e", "number": "8772072936", "date": "2021-01-14 14:54:00", "subject": "2", "recorded-or-robo": "", "city": "", "state": "NE", "area-code": "402"}, {"id": "e81c9350d54f66c6d33b3747eee360ff", "number": "7735151123", "date": "2021-01-23 09:14:00", "subject": "7", "recorded-or-robo": "Y", "city": "", "state": "IL", "area-code": "773"}, {"id": "1d36742e3f24f50e4e7ae8280178a87b", "number": "7735151123", "date": "2021-01-23 09:14:00", "subject": "7", "recorded-or-robo": "Y", "city": "", "state": "IL", "area-code": "773"}, {"id": "e81c9350d54f66c6d33b3747eee35ad2", "number": "", "date": "2021-01-23 09:55:00", "subject": "1", "recorded-or-robo": "Y", "city": "Saint Louis", "state": "MO", "area-code": "314"}, {"id": "1d36742e3f24f50e4e7ae82801789c56", "number": "", "date": "2021-01-23 09:55:00", "subject": "1", "recorded-or-robo": "Y", "city": "Saint Louis", "state": "MO", "area-code": "314"}, {"id": "e81c9350d54f66c6d33b3747eee34c2e", "number": "", "date": "2021-01-22 00:00:00", "subject": "1", "recorded-or-robo": "Y", "city": "", "state": "FL", "area-code": "561"}, {"id": "1d36742e3f24f50e4e7ae8280178923e", "number": "", "date": "2021-01-22 00:00:00", "subject": "1", "recorded-or-robo": "Y", "city": "", "state": "FL", "area-code": "561"}, {"id": "e81c9350d54f66c6d33b3747eee34335", "number": "2486905530", "date": "2021-01-23 09:48:00", "subject": "1", "recorded-or-robo": "N", "city": "Hudson", "state": "IA", "area-code": "319"}, {"id": "e81c9350d54f66c6d33b3747eee334ce", "number": "8136997169", "date": "2021-01-23 10:07:00", "subject": "2", "recorded-or-robo": "Y", "city": "NEW SMYRNA BEACH", "state": "FL", "area-code": "209"}, {"id": "1d36742e3f24f50e4e7ae82801788a6b", "number": "2486905530", "date": "2021-01-23 09:48:00", "subject": "1", "recorded-or-robo": "N", "city": "Hudson", "state": "IA", "area-code": "319"}, {"id": "1d36742e3f24f50e4e7ae82801788899", "number": "8136997169", "date": "2021-01-23 10:07:00", "subject": "2", "recorded-or-robo": "Y", "city": "NEW SMYRNA BEACH", "state": "FL", "area-code": "209"}, {"id": "e81c9350d54f66c6d33b3747eee324da", "number": "4152879755", "date": "2021-01-23 11:00:00", "subject": "2", "recorded-or-robo": "Y", "city": "SAINT CLOUD", "state": "FL", "area-code": "407"}]}