{"data": [{"id": "1d36742e3f24f50e4e7ae8280184dc42", "number": "4793874517", "date": "2021-01-20 09:49:00", "subject": "6", "recorded-or-robo": "Y", "city": "Hindsville", "state": "AR", "area-code": "479"}, {"id": "e81c9350d54f66c6d33b3747eeeef12c", "number": "5097351339", "date": "2021-01-23 09:46:00", "subject": "2", "recorded-or-robo": "N", "city": "Three Forks", "state": "WA", "area-code": "509"}, {"id": "1d36742e3f24f50e4e7ae8280184dbb3", "number": "5097351339", "date": "2021-01-23 09:46:00", "subject": "2", "recorded-or-robo": "N", "city": "Three Forks", "state": "WA", "area-code": "509"}, {"id": "e81c9350d54f66c6d33b3747eeeeef29", "number": "6058001241", "date": "2021-01-21 13:30:00", "subject": "1", "recorded-or-robo": "Y", "city": "Yakima", "state": "WA", "area-code": "509"}, {"id": "1d36742e3f24f50e4e7ae8280184cc5a", "number": "6058001241", "date": "2021-01-21 13:30:00", "subject": "1", "recorded-or-robo": "Y", "city": "Yakima", "state": "WA", "area-code": "509"}, {"id": "e81c9350d54f66c6d33b3747eeeeea44", "number": "5632007913", "date": "2021-01-05 12:33:00", "subject": "2", "recorded-or-robo": "Y", "city": "", "state": "IA", "area-code": "563"}, {"id": "1d36742e3f24f50e4e7ae8280184be47", "number": "5632007913", "date": "2021-01-05 12:33:00", "subject": "2", "recorded-or-robo": "Y", "city": "", "state": "IA", "area-code": "563"}, {"id": "e81c9350d54f66c6d33b3747eeeee805", "number": "4403497124", "date": "2021-01-22 00:00:00", "subject": "3", "recorded-or-robo": "", "city": "North Royalton", "state": "OH", "area-code": "440"}, {"id": "1d36742e3f24f50e4e7ae8280184b630", "number": "4403497124", "date": "2021-01-22 00:00:00", "subject": "3", "recorded-or-robo": "", "city": "North Royalton", "state": "OH", "area-code": "440"}, {"id": "e81c9350d54f66c6d33b3747eeeedd16", "number": "7165010030", "date": "2021-01-23 11:42:00", "subject": "7", "recorded-or-robo": "Y", "city": "Kenmore", "state": "NY", "area-code": "716"}, {"id": "1d36742e3f24f50e4e7ae8280184ac08", "number": "7165010030", "date": "2021-01-23 11:42:00", "subject": "7", "recorded-or-robo": "Y", "city": "Kenmore", "state": "NY", "area-code": "716"}, {"id": "e81c9350d54f66c6d33b3747eeeecd3b", "number": "7088590170", "date": "2021-01-23 08:38:00", "subject": "4", "recorded-or-robo": "Y", "city": "Las Vegas", "state": "NV", "area-code": "412"}, {"id": "1d36742e3f24f50e4e7ae82801849d4b", "number": "7088590170", "date": "2021-01-23 08:38:00", "subject": "4", "recorded-or-robo": "Y", "city": "Las Vegas", "state": "NV", "area-code": "412"}, {"id": "e81c9350d54f66c6d33b3747eeeec413", "number": "8906111911", "date": "2021-01-20 00:00:00", "subject": "3", "recorded-or-robo": "Y", "city": "", "state": "CA", "area-code": "805"}, {"id": "3decc6bfadaa436a105714c6ba55a82f", "number": "9783451038", "date": "2021-01-23 11:48:17", "subject": "3", "recorded-or-robo": "Y", "city": "", "state": "MA", "area-code": "978"}, {"id": "1d36742e3f24f50e4e7ae82801ebde18", "number": "9783451038", "date": "2021-01-23 11:48:17", "subject": "3", "recorded-or-robo": "Y", "city": "", "state": "MA", "area-code": "978"}, {"id": "1d36742e3f24f50e4e7ae828018490b3", "number": "8906111911", "date": "2021-01-20 00:00:00", "subject": "3", "recorded-or-robo": "Y", "city": "", "state": "CA", "area-code": "805"}, {"id": "e81c9350d54f66c6d33b3747eeeeb872", "number": "8686834979", "date": "2021-01-13 23:26:00", "subject": "0", "recorded-or-robo": "", "city": "", "state": "NC", "area-code": "910"}, {"id": "1d36742e3f24f50e4e7ae8280184834e", "number": "8686834979", "date": "2021-01-13 23:26:00", "subject": "0", "recorded-or-robo": "", "city": "", "state": "NC", "area-code": "910"}, {"id": "e81c9350d54f66c6d33b3747eeeead67", "number": "5868326218", "date": "2021-01-23 11:44:00", "subject": "0", "recorded-or-robo": "Y", "city": "Warren", "state": "MI", "area-code": "586"}, {"id": "1d36742e3f24f50e4e7ae82801847733", "number": "5868326218", "date": "2021-01-23 11:44:00", "subject": "0", "recorded-or-robo": "Y", "city": "Warren", "state": "MI", "area-code": "586"}, {"id": "e81c9350d54f66c6d33b3747eeeea230", "number": "7207900875", "date": "2021-01-19 08:11:00", "subject": "2", "recorded-or-robo": "N", "city": "", "state": "CO", "area-code": "720"}, {"id": "1d36742e3f24f50e4e7ae82801846a67", "number": "7207900875", "date": "2021-01-19 08:11:00", "subject": "2", "recorded-or-robo": "N", "city": "", "state": "CO", "area-code": "720"}, {"id": "e81c9350d54f66c6d33b3747eeee9d83", "number": "5098735903", "date": "2021-01-23 09:13:00", "subject": "2", "recorded-or-robo": "N", "city": "Three Forks", "state": "MT", "area-code": "509"}, {"id": "1d36742e3f24f50e4e7ae828018466b1", "number": "5098735903", "date": "2021-01-23 09:13:00", "subject": "2", "recorded-or-robo": "N", "city": "Three Forks", "state": "MT", "area-code": "509"}, {"id": "e81c9350d54f66c6d33b3747eeee8f54", "number": "8663653792", "date": "2021-01-19 00:00:00", "subject": "3", "recorded-or-robo": "Y", "city": "", "state": "CA", "area-code": "805"}, {"id": "1d36742e3f24f50e4e7ae82801845ef3", "number": "8663653792", "date": "2021-01-19 00:00:00", "subject": "3", "recorded-or-robo": "Y", "city": "", "state": "CA", "area-code": "805"}, {"id": "e81c9350d54f66c6d33b3747eeee8632", "number": "3195261728", "date": "2021-01-06 12:40:00", "subject": "2", "recorded-or-robo": "Y", "city": "", "state": "IA", "area-code": "563"}, {"id": "1d36742e3f24f50e4e7ae82801845014", "number": "3195261728", "date": "2021-01-06 12:40:00", "subject": "2", "recorded-or-robo": "Y", "city": "", "state": "IA", "area-code": "563"}, {"id": "e81c9350d54f66c6d33b3747eeee7903", "number": "4127803365", "date": "2021-01-23 10:17:00", "subject": "4", "recorded-or-robo": "Y", "city": "Schererville", "state": "IN", "area-code": "412"}, {"id": "e81c9350d54f66c6d33b3747eeee6aa3", "number": "7184997247", "date": "2021-01-23 11:42:00", "subject": "11", "recorded-or-robo": "N", "city": "", "state": "NY", "area-code": "718"}, {"id": "1d36742e3f24f50e4e7ae828018448fa", "number": "4127803365", "date": "2021-01-23 10:17:00", "subject": "4", "recorded-or-robo": "Y", "city": "Schererville", "state": "IN", "area-code": "412"}, {"id": "1d36742e3f24f50e4e7ae828018447d3", "number": "7184997247", "date": "2021-01-23 11:42:00", "subject": "11", "recorded-or-robo": "N", "city": "", "state": "NY", "area-code": "718"}, {"id": "e81c9350d54f66c6d33b3747eeee5df1", "number": "2108988440", "date": "2021-01-23 10:44:00", "subject": "3", "recorded-or-robo": "Y", "city": "San Antonio", "state": "TX", "area-code": "210"}, {"id": "1d36742e3f24f50e4e7ae828018440f9", "number": "2108988440", "date": "2021-01-23 10:44:00", "subject": "3", "recorded-or-robo": "Y", "city": "San Antonio", "state": "TX", "area-code": "210"}, {"id": "e81c9350d54f66c6d33b3747eeee54a1", "number": "2014533394", "date": "2021-01-16 10:56:00", "subject": "0", "recorded-or-robo": "Y", "city": "", "state": "NJ", "area-code": "201"}, {"id": "1d36742e3f24f50e4e7ae8280184347c", "number": "2014533394", "date": "2021-01-16 10:56:00", "subject": "0", "recorded-or-robo": "Y", "city": "", "state": "NJ", "area-code": "201"}, {"id": "e81c9350d54f66c6d33b3747eeee4691", "number": "2292352444", "date": "2021-01-23 11:47:00", "subject": "1", "recorded-or-robo": "Y", "city": "Dacula", "state": "GA", "area-code": "770"}, {"id": "1d36742e3f24f50e4e7ae82801842dd3", "number": "2292352444", "date": "2021-01-23 11:47:00", "subject": "1", "recorded-or-robo": "Y", "city": "Dacula", "state": "GA", "area-code": "770"}, {"id": "e81c9350d54f66c6d33b3747eeee401e", "number": "2108988451", "date": "2021-01-23 10:37:00", "subject": "2", "recorded-or-robo": "Y", "city": "San Antonio", "state": "TX", "area-code": "210"}, {"id": "e81c9350d54f66c6d33b3747eeee385a", "number": "3396662646", "date": "2021-01-23 00:00:00", "subject": "2", "recorded-or-robo": "Y", "city": "", "state": "MA", "area-code": "978"}, {"id": "e81c9350d54f66c6d33b3747eeee36c1", "number": "7815087470", "date": "2021-01-23 11:43:00", "subject": "3", "recorded-or-robo": "Y", "city": "", "state": "MA", "area-code": "781"}, {"id": "e81c9350d54f66c6d33b3747eeee3620", "number": "4794591814", "date": "2021-01-23 10:41:00", "subject": "6", "recorded-or-robo": "Y", "city": "Hindsville", "state": "AR", "area-code": "479"}, {"id": "1d36742e3f24f50e4e7ae8280184214d", "number": "2108988451", "date": "2021-01-23 10:37:00", "subject": "2", "recorded-or-robo": "Y", "city": "San Antonio", "state": "TX", "area-code": "210"}, {"id": "1d36742e3f24f50e4e7ae828018420bb", "number": "3396662646", "date": "2021-01-23 00:00:00", "subject": "2", "recorded-or-robo": "Y", "city": "", "state": "MA", "area-code": "978"}, {"id": "1d36742e3f24f50e4e7ae828018411b2", "number": "7815087470", "date": "2021-01-23 11:43:00", "subject": "3", "recorded-or-robo": "Y", "city": "", "state": "MA", "area-code": "781"}, {"id": "1d36742e3f24f50e4e7ae828018405f9", "number": "4794591814", "date": "2021-01-23 10:41:00", "subject": "6", "recorded-or-robo": "Y", "city": "Hindsville", "state": "AR", "area-code": "479"}, {"id": "3decc6bfadaa436a105714c6ba57ab64", "number": "4026740314", "date": "2021-01-22 17:22:00", "subject": "3", "recorded-or-robo": "", "city": "", "state": "NE", "area-code": "402"}, {"id": "1d36742e3f24f50e4e7ae82801edfef4", "number": "4026740314", "date": "2021-01-22 17:22:00", "subject": "3", "recorded-or-robo": "", "city": "", "state": "NE", "area-code": "402"}, {"id": "e81c9350d54f66c6d33b3747eeee273e", "number": "7165000784", "date": "2021-01-23 11:31:00", "subject": "7", "recorded-or-robo": "Y", "city": "Kenmore", "state": "NY", "area-code": "716"}]}