{"data": [{"id": "1d36742e3f24f50e4e7ae828017f9193", "number": "9706676548", "date": "2021-01-22 11:13:00", "subject": "0", "recorded-or-robo": "Y", "city": "Loveland", "state": "CO", "area-code": "970"}, {"id": "1d36742e3f24f50e4e7ae828017f8965", "number": "4199499310", "date": "2021-01-23 11:21:00", "subject": "4", "recorded-or-robo": "Y", "city": "Napoleon", "state": "OH", "area-code": "419"}, {"id": "1d36742e3f24f50e4e7ae828017f308d", "number": "8027985734", "date": "2021-01-22 11:48:00", "subject": "3", "recorded-or-robo": "N", "city": "", "state": "LA", "area-code": "337"}, {"id": "e81c9350d54f66c6d33b3747eee9c8f0", "number": "2702096054", "date": "2021-01-23 10:28:00", "subject": "6", "recorded-or-robo": "Y", "city": "Owensboro", "state": "KY", "area-code": "270"}, {"id": "1d36742e3f24f50e4e7ae828017f7dfd", "number": "2702096054", "date": "2021-01-23 10:28:00", "subject": "6", "recorded-or-robo": "Y", "city": "Owensboro", "state": "KY", "area-code": "270"}, {"id": "e81c9350d54f66c6d33b3747eee9bc92", "number": "3852178783", "date": "2021-01-22 13:03:00", "subject": "2", "recorded-or-robo": "Y", "city": "", "state": "IA", "area-code": "563"}, {"id": "1d36742e3f24f50e4e7ae828017f7680", "number": "3852178783", "date": "2021-01-22 13:03:00", "subject": "2", "recorded-or-robo": "Y", "city": "", "state": "IA", "area-code": "563"}, {"id": "e81c9350d54f66c6d33b3747eee9b265", "number": "", "date": "2021-01-23 10:30:00", "subject": "1", "recorded-or-robo": "Y", "city": "Harrisonville", "state": "MO", "area-code": "660"}, {"id": "e81c9350d54f66c6d33b3747eee9b10c", "number": "2085807335", "date": "2021-01-23 08:06:00", "subject": "4", "recorded-or-robo": "Y", "city": "Spokane", "state": "WA", "area-code": "208"}, {"id": "1d36742e3f24f50e4e7ae828017f70b9", "number": "", "date": "2021-01-23 10:30:00", "subject": "1", "recorded-or-robo": "Y", "city": "Harrisonville", "state": "MO", "area-code": "660"}, {"id": "1d36742e3f24f50e4e7ae828017f63b2", "number": "2085807335", "date": "2021-01-23 08:06:00", "subject": "4", "recorded-or-robo": "Y", "city": "Spokane", "state": "WA", "area-code": "208"}, {"id": "e81c9350d54f66c6d33b3747eee9a0b1", "number": "8623466480", "date": "2021-01-20 12:37:00", "subject": "0", "recorded-or-robo": "Y", "city": "", "state": "NJ", "area-code": "201"}, {"id": "1d36742e3f24f50e4e7ae828017f52b1", "number": "8623466480", "date": "2021-01-20 12:37:00", "subject": "0", "recorded-or-robo": "Y", "city": "", "state": "NJ", "area-code": "201"}, {"id": "e81c9350d54f66c6d33b3747eee9975c", "number": "3152328257", "date": "2021-01-22 19:04:00", "subject": "1", "recorded-or-robo": "Y", "city": "Florissant", "state": "MO", "area-code": "314"}, {"id": "1d36742e3f24f50e4e7ae828017f4ad4", "number": "3152328257", "date": "2021-01-22 19:04:00", "subject": "1", "recorded-or-robo": "Y", "city": "Florissant", "state": "MO", "area-code": "314"}, {"id": "e81c9350d54f66c6d33b3747eee9910c", "number": "9704094343", "date": "2021-01-22 14:25:00", "subject": "0", "recorded-or-robo": "Y", "city": "Loveland", "state": "CO", "area-code": "970"}, {"id": "1d36742e3f24f50e4e7ae828017f3c44", "number": "9704094343", "date": "2021-01-22 14:25:00", "subject": "0", "recorded-or-robo": "Y", "city": "Loveland", "state": "CO", "area-code": "970"}, {"id": "e81c9350d54f66c6d33b3747eee985fc", "number": "7879578025", "date": "2021-01-23 12:29:00", "subject": "6", "recorded-or-robo": "Y", "city": "", "state": "PR", "area-code": "787"}, {"id": "1d36742e3f24f50e4e7ae828017f32c4", "number": "7879578025", "date": "2021-01-23 12:29:00", "subject": "6", "recorded-or-robo": "Y", "city": "", "state": "PR", "area-code": "787"}, {"id": "e81c9350d54f66c6d33b3747eee9780a", "number": "4085749215", "date": "2021-01-23 11:19:00", "subject": "2", "recorded-or-robo": "Y", "city": "Knoxville", "state": "TN", "area-code": "865"}, {"id": "1d36742e3f24f50e4e7ae828017f2417", "number": "4085749215", "date": "2021-01-23 11:19:00", "subject": "2", "recorded-or-robo": "Y", "city": "Knoxville", "state": "TN", "area-code": "865"}, {"id": "e81c9350d54f66c6d33b3747eee96f3e", "number": "5637947284", "date": "2021-01-22 10:04:00", "subject": "2", "recorded-or-robo": "Y", "city": "", "state": "IA", "area-code": "563"}, {"id": "1d36742e3f24f50e4e7ae828017f16ec", "number": "5637947284", "date": "2021-01-22 10:04:00", "subject": "2", "recorded-or-robo": "Y", "city": "", "state": "IA", "area-code": "563"}, {"id": "e81c9350d54f66c6d33b3747eee969c4", "number": "2405034735", "date": "2021-01-23 11:25:00", "subject": "4", "recorded-or-robo": "Y", "city": "clinton", "state": "MD", "area-code": "240"}, {"id": "1d36742e3f24f50e4e7ae828017f0eaa", "number": "2405034735", "date": "2021-01-23 11:25:00", "subject": "4", "recorded-or-robo": "Y", "city": "clinton", "state": "MD", "area-code": "240"}, {"id": "e81c9350d54f66c6d33b3747eee95b97", "number": "9806897659", "date": "2021-01-21 09:54:00", "subject": "0", "recorded-or-robo": "Y", "city": "", "state": "NJ", "area-code": "201"}, {"id": "1d36742e3f24f50e4e7ae828017f04e1", "number": "9806897659", "date": "2021-01-21 09:54:00", "subject": "0", "recorded-or-robo": "Y", "city": "", "state": "NJ", "area-code": "201"}, {"id": "e81c9350d54f66c6d33b3747eee94fcd", "number": "2482899545", "date": "2021-01-23 10:44:00", "subject": "4", "recorded-or-robo": "Y", "city": "Kiawah Island", "state": "MI", "area-code": "248"}, {"id": "1d36742e3f24f50e4e7ae828017efc11", "number": "2482899545", "date": "2021-01-23 10:44:00", "subject": "4", "recorded-or-robo": "Y", "city": "Kiawah Island", "state": "MI", "area-code": "248"}, {"id": "e81c9350d54f66c6d33b3747eee91e1e", "number": "5614892007", "date": "2021-01-23 10:28:00", "subject": "3", "recorded-or-robo": "N", "city": "", "state": "FL", "area-code": "561"}, {"id": "1d36742e3f24f50e4e7ae828017eb207", "number": "5614892007", "date": "2021-01-23 10:28:00", "subject": "3", "recorded-or-robo": "N", "city": "", "state": "FL", "area-code": "561"}, {"id": "e81c9350d54f66c6d33b3747eee94dce", "number": "9497361617", "date": "2021-01-23 10:21:00", "subject": "13", "recorded-or-robo": "N", "city": "", "state": "IL", "area-code": "847"}, {"id": "1d36742e3f24f50e4e7ae828017ef945", "number": "9497361617", "date": "2021-01-23 10:21:00", "subject": "13", "recorded-or-robo": "N", "city": "", "state": "IL", "area-code": "847"}, {"id": "e81c9350d54f66c6d33b3747eee948d3", "number": "5135726683", "date": "2021-01-22 15:46:00", "subject": "2", "recorded-or-robo": "Y", "city": "Tamarac", "state": "FL", "area-code": "305"}, {"id": "1d36742e3f24f50e4e7ae828017ef18f", "number": "5135726683", "date": "2021-01-22 15:46:00", "subject": "2", "recorded-or-robo": "Y", "city": "Tamarac", "state": "FL", "area-code": "305"}, {"id": "e81c9350d54f66c6d33b3747eee94748", "number": "6302367910", "date": "2021-01-23 10:20:00", "subject": "2", "recorded-or-robo": "Y", "city": "Aurora", "state": "IL", "area-code": "630"}, {"id": "1d36742e3f24f50e4e7ae828017ee425", "number": "6302367910", "date": "2021-01-23 10:20:00", "subject": "2", "recorded-or-robo": "Y", "city": "Aurora", "state": "IL", "area-code": "630"}, {"id": "e81c9350d54f66c6d33b3747eee94584", "number": "5077161141", "date": "2021-01-23 10:21:00", "subject": "2", "recorded-or-robo": "Y", "city": "Rochester", "state": "MN", "area-code": "507"}, {"id": "1d36742e3f24f50e4e7ae828017ed913", "number": "5077161141", "date": "2021-01-23 10:21:00", "subject": "2", "recorded-or-robo": "Y", "city": "Rochester", "state": "MN", "area-code": "507"}, {"id": "e81c9350d54f66c6d33b3747eee936d5", "number": "8882713922", "date": "2021-01-22 12:00:00", "subject": "1", "recorded-or-robo": "Y", "city": "Vista", "state": "CA", "area-code": "619"}, {"id": "1d36742e3f24f50e4e7ae828017ed10f", "number": "8882713922", "date": "2021-01-22 12:00:00", "subject": "1", "recorded-or-robo": "Y", "city": "Vista", "state": "CA", "area-code": "619"}, {"id": "e81c9350d54f66c6d33b3747eee93573", "number": "5043086133", "date": "2021-01-21 14:45:00", "subject": "5", "recorded-or-robo": "Y", "city": "", "state": "FL", "area-code": "941"}, {"id": "1d36742e3f24f50e4e7ae828017ed060", "number": "5043086133", "date": "2021-01-21 14:45:00", "subject": "5", "recorded-or-robo": "Y", "city": "", "state": "FL", "area-code": "941"}, {"id": "e81c9350d54f66c6d33b3747eee9290d", "number": "7342281557", "date": "2021-01-23 11:04:00", "subject": "4", "recorded-or-robo": "Y", "city": "Kiawah Island", "state": "MI", "area-code": "248"}, {"id": "1d36742e3f24f50e4e7ae828017ec62b", "number": "7342281557", "date": "2021-01-23 11:04:00", "subject": "4", "recorded-or-robo": "Y", "city": "Kiawah Island", "state": "MI", "area-code": "248"}, {"id": "e81c9350d54f66c6d33b3747eee92660", "number": "", "date": "2021-01-23 11:20:00", "subject": "3", "recorded-or-robo": "Y", "city": "", "state": "NY", "area-code": "718"}, {"id": "1d36742e3f24f50e4e7ae828017ebdad", "number": "", "date": "2021-01-23 11:20:00", "subject": "3", "recorded-or-robo": "Y", "city": "", "state": "NY", "area-code": "718"}, {"id": "e81c9350d54f66c6d33b3747eee92174", "number": "", "date": "2021-01-23 11:24:00", "subject": "2", "recorded-or-robo": "Y", "city": "", "state": "MT", "area-code": "406"}, {"id": "1d36742e3f24f50e4e7ae828017ebada", "number": "", "date": "2021-01-23 11:24:00", "subject": "2", "recorded-or-robo": "Y", "city": "", "state": "MT", "area-code": "406"}, {"id": "e81c9350d54f66c6d33b3747eee8c4aa", "number": "4028650174", "date": "2021-01-20 17:27:00", "subject": "3", "recorded-or-robo": "", "city": "", "state": "NE", "area-code": "402"}]}