{"data": [{"id": "1d36742e3f24f50e4e7ae8280174efaa", "number": "2086846501", "date": "2021-01-22 12:00:00", "subject": "2", "recorded-or-robo": "Y", "city": "Johnson City", "state": "TN", "area-code": "423"}, {"id": "e81c9350d54f66c6d33b3747eedf91ad", "number": "8626212031", "date": "2021-01-22 20:00:00", "subject": "2", "recorded-or-robo": "N", "city": "FAIRVIEW", "state": "NJ", "area-code": "201"}, {"id": "1d36742e3f24f50e4e7ae8280174e4dc", "number": "8626212031", "date": "2021-01-22 20:00:00", "subject": "2", "recorded-or-robo": "N", "city": "FAIRVIEW", "state": "NJ", "area-code": "201"}, {"id": "e81c9350d54f66c6d33b3747eedf811c", "number": "", "date": "2021-01-23 10:34:00", "subject": "0", "recorded-or-robo": "Y", "city": "Grand Rapids", "state": "MI", "area-code": "616"}, {"id": "1d36742e3f24f50e4e7ae8280174dd6b", "number": "", "date": "2021-01-23 10:34:00", "subject": "0", "recorded-or-robo": "Y", "city": "Grand Rapids", "state": "MI", "area-code": "616"}, {"id": "e81c9350d54f66c6d33b3747eedf7935", "number": "2513130285", "date": "2021-01-23 00:00:00", "subject": "2", "recorded-or-robo": "Y", "city": "Fairhope", "state": "AL", "area-code": "251"}, {"id": "1d36742e3f24f50e4e7ae8280174dae7", "number": "2513130285", "date": "2021-01-23 00:00:00", "subject": "2", "recorded-or-robo": "Y", "city": "Fairhope", "state": "AL", "area-code": "251"}, {"id": "e81c9350d54f66c6d33b3747eedf74a5", "number": "3013074361", "date": "2021-01-21 00:00:00", "subject": "2", "recorded-or-robo": "Y", "city": "Bethesda", "state": "MD", "area-code": "301"}, {"id": "1d36742e3f24f50e4e7ae8280174d90a", "number": "3013074361", "date": "2021-01-21 00:00:00", "subject": "2", "recorded-or-robo": "Y", "city": "Bethesda", "state": "MD", "area-code": "301"}, {"id": "e81c9350d54f66c6d33b3747eedf6f87", "number": "5084075181", "date": "2021-01-23 09:58:00", "subject": "2", "recorded-or-robo": "N", "city": "Auburn", "state": "MA", "area-code": "508"}, {"id": "e81c9350d54f66c6d33b3747eedf6644", "number": "7162885880", "date": "2021-01-22 15:48:00", "subject": "1", "recorded-or-robo": "Y", "city": "LANCASTER", "state": "NY", "area-code": "716"}, {"id": "1d36742e3f24f50e4e7ae8280174cb52", "number": "5084075181", "date": "2021-01-23 09:58:00", "subject": "2", "recorded-or-robo": "N", "city": "Auburn", "state": "MA", "area-code": "508"}, {"id": "1d36742e3f24f50e4e7ae8280174c13e", "number": "7162885880", "date": "2021-01-22 15:48:00", "subject": "1", "recorded-or-robo": "Y", "city": "LANCASTER", "state": "NY", "area-code": "716"}, {"id": "e81c9350d54f66c6d33b3747eedf6636", "number": "8665272212", "date": "2021-01-22 18:27:00", "subject": "2", "recorded-or-robo": "", "city": "Maryland Heights", "state": "MO", "area-code": "314"}, {"id": "1d36742e3f24f50e4e7ae8280174bb76", "number": "8665272212", "date": "2021-01-22 18:27:00", "subject": "2", "recorded-or-robo": "", "city": "Maryland Heights", "state": "MO", "area-code": "314"}, {"id": "e81c9350d54f66c6d33b3747eedf5c04", "number": "119722638805", "date": "2021-01-23 12:00:00", "subject": "1", "recorded-or-robo": "Y", "city": "Grand Prairie", "state": "TX", "area-code": "972"}, {"id": "1d36742e3f24f50e4e7ae8280174b00d", "number": "119722638805", "date": "2021-01-23 12:00:00", "subject": "1", "recorded-or-robo": "Y", "city": "Grand Prairie", "state": "TX", "area-code": "972"}, {"id": "e81c9350d54f66c6d33b3747eedf54f1", "number": "5868398174", "date": "2021-01-20 11:00:00", "subject": "2", "recorded-or-robo": "", "city": "Barton City", "state": "MI", "area-code": "586"}, {"id": "1d36742e3f24f50e4e7ae8280174a303", "number": "5868398174", "date": "2021-01-20 11:00:00", "subject": "2", "recorded-or-robo": "", "city": "Barton City", "state": "MI", "area-code": "586"}, {"id": "e81c9350d54f66c6d33b3747eedf453e", "number": "3188773392", "date": "2021-01-23 00:00:00", "subject": "3", "recorded-or-robo": "", "city": "Oak Grove", "state": "LA", "area-code": "318"}, {"id": "1d36742e3f24f50e4e7ae82801749a26", "number": "3188773392", "date": "2021-01-23 00:00:00", "subject": "3", "recorded-or-robo": "", "city": "Oak Grove", "state": "LA", "area-code": "318"}, {"id": "e81c9350d54f66c6d33b3747eedf4436", "number": "5612701753", "date": "2021-01-11 17:00:00", "subject": "4", "recorded-or-robo": "Y", "city": "Tampa", "state": "FL", "area-code": "813"}, {"id": "1d36742e3f24f50e4e7ae828017490f1", "number": "5612701753", "date": "2021-01-11 17:00:00", "subject": "4", "recorded-or-robo": "Y", "city": "Tampa", "state": "FL", "area-code": "813"}, {"id": "e81c9350d54f66c6d33b3747eedf34a0", "number": "7573474714", "date": "2021-01-21 15:59:00", "subject": "11", "recorded-or-robo": "Y", "city": "Reston", "state": "VA", "area-code": "703"}, {"id": "1d36742e3f24f50e4e7ae82801748919", "number": "7573474714", "date": "2021-01-21 15:59:00", "subject": "11", "recorded-or-robo": "Y", "city": "Reston", "state": "VA", "area-code": "703"}, {"id": "e81c9350d54f66c6d33b3747eedf2a77", "number": "7125375859", "date": "2021-01-22 12:48:00", "subject": "2", "recorded-or-robo": "", "city": "Council Bluffs", "state": "IA", "area-code": "712"}, {"id": "1d36742e3f24f50e4e7ae82801747b2e", "number": "7125375859", "date": "2021-01-22 12:48:00", "subject": "2", "recorded-or-robo": "", "city": "Council Bluffs", "state": "IA", "area-code": "712"}, {"id": "e81c9350d54f66c6d33b3747eedf1c04", "number": "5868391362", "date": "2021-01-21 12:04:00", "subject": "2", "recorded-or-robo": "", "city": "Barton City", "state": "MI", "area-code": "586"}, {"id": "1d36742e3f24f50e4e7ae8280174740f", "number": "5868391362", "date": "2021-01-21 12:04:00", "subject": "2", "recorded-or-robo": "", "city": "Barton City", "state": "MI", "area-code": "586"}, {"id": "3decc6bfadaa436a105714c6ba5767ef", "number": "8056377243", "date": "2021-01-22 21:10:00", "subject": "3", "recorded-or-robo": "Y", "city": "", "state": "FL", "area-code": "352"}, {"id": "1d36742e3f24f50e4e7ae82801eddcc7", "number": "8056377243", "date": "2021-01-22 21:10:00", "subject": "3", "recorded-or-robo": "Y", "city": "", "state": "FL", "area-code": "352"}, {"id": "e81c9350d54f66c6d33b3747eedf1443", "number": "3144928101", "date": "2021-01-22 16:53:00", "subject": "2", "recorded-or-robo": "", "city": "Maryland Heights", "state": "MO", "area-code": "314"}, {"id": "1d36742e3f24f50e4e7ae8280174711c", "number": "3144928101", "date": "2021-01-22 16:53:00", "subject": "2", "recorded-or-robo": "", "city": "Maryland Heights", "state": "MO", "area-code": "314"}, {"id": "e81c9350d54f66c6d33b3747eedf102d", "number": "8137797597", "date": "2021-01-22 11:42:00", "subject": "4", "recorded-or-robo": "Y", "city": "Tampa", "state": "FL", "area-code": "813"}, {"id": "1d36742e3f24f50e4e7ae828017463dc", "number": "8137797597", "date": "2021-01-22 11:42:00", "subject": "4", "recorded-or-robo": "Y", "city": "Tampa", "state": "FL", "area-code": "813"}, {"id": "e81c9350d54f66c6d33b3747eedf0584", "number": "", "date": "2021-01-20 11:59:00", "subject": "4", "recorded-or-robo": "Y", "city": "Cold spring", "state": "KY", "area-code": "513"}, {"id": "1d36742e3f24f50e4e7ae82801745dd8", "number": "", "date": "2021-01-20 11:59:00", "subject": "4", "recorded-or-robo": "Y", "city": "Cold spring", "state": "KY", "area-code": "513"}, {"id": "e81c9350d54f66c6d33b3747eedefe64", "number": "6052733713", "date": "2021-01-19 12:19:00", "subject": "2", "recorded-or-robo": "", "city": "Rapid City", "state": "SD", "area-code": "605"}, {"id": "1d36742e3f24f50e4e7ae82801745a9b", "number": "6052733713", "date": "2021-01-19 12:19:00", "subject": "2", "recorded-or-robo": "", "city": "Rapid City", "state": "SD", "area-code": "605"}, {"id": "e81c9350d54f66c6d33b3747eedef5d2", "number": "7166960162", "date": "2021-01-20 11:04:00", "subject": "4", "recorded-or-robo": "Y", "city": "ransomville", "state": "NY", "area-code": "716"}, {"id": "1d36742e3f24f50e4e7ae82801744dd5", "number": "7166960162", "date": "2021-01-20 11:04:00", "subject": "4", "recorded-or-robo": "Y", "city": "ransomville", "state": "NY", "area-code": "716"}, {"id": "e81c9350d54f66c6d33b3747eedeeba5", "number": "5868393771", "date": "2021-01-21 13:20:00", "subject": "2", "recorded-or-robo": "", "city": "Barton City", "state": "MI", "area-code": "586"}, {"id": "1d36742e3f24f50e4e7ae82801744b96", "number": "5868393771", "date": "2021-01-21 13:20:00", "subject": "2", "recorded-or-robo": "", "city": "Barton City", "state": "MI", "area-code": "586"}, {"id": "e81c9350d54f66c6d33b3747eedeb4da", "number": "9259489460", "date": "2021-01-23 10:37:00", "subject": "3", "recorded-or-robo": "", "city": "", "state": "NJ", "area-code": "973"}, {"id": "1d36742e3f24f50e4e7ae828017419ce", "number": "9259489460", "date": "2021-01-23 10:37:00", "subject": "3", "recorded-or-robo": "", "city": "", "state": "NJ", "area-code": "973"}, {"id": "e81c9350d54f66c6d33b3747eedee41b", "number": "8662507212", "date": "2021-01-23 10:38:00", "subject": "0", "recorded-or-robo": "N", "city": "Tampa", "state": "FL", "area-code": "813"}, {"id": "1d36742e3f24f50e4e7ae828017445aa", "number": "8662507212", "date": "2021-01-23 10:38:00", "subject": "0", "recorded-or-robo": "N", "city": "Tampa", "state": "FL", "area-code": "813"}, {"id": "e81c9350d54f66c6d33b3747eeded98f", "number": "8665279854", "date": "2021-01-22 15:58:00", "subject": "2", "recorded-or-robo": "", "city": "Maryland Heights", "state": "MO", "area-code": "314"}, {"id": "1d36742e3f24f50e4e7ae82801743b59", "number": "8665279854", "date": "2021-01-22 15:58:00", "subject": "2", "recorded-or-robo": "", "city": "Maryland Heights", "state": "MO", "area-code": "314"}, {"id": "e81c9350d54f66c6d33b3747eedecc8c", "number": "5865634377", "date": "2021-01-21 03:20:00", "subject": "2", "recorded-or-robo": "", "city": "Barton City", "state": "MI", "area-code": "586"}]}