{"data": [{"id": "1d36742e3f24f50e4e7ae828017e6b00", "number": "4028650174", "date": "2021-01-20 17:27:00", "subject": "3", "recorded-or-robo": "", "city": "", "state": "NE", "area-code": "402"}, {"id": "e81c9350d54f66c6d33b3747eee91070", "number": "2029982872", "date": "2021-01-21 18:40:00", "subject": "1", "recorded-or-robo": "Y", "city": "Wilmington", "state": "NC", "area-code": "910"}, {"id": "1d36742e3f24f50e4e7ae828017ea579", "number": "2029982872", "date": "2021-01-21 18:40:00", "subject": "1", "recorded-or-robo": "Y", "city": "Wilmington", "state": "NC", "area-code": "910"}, {"id": "e81c9350d54f66c6d33b3747eee90337", "number": "5419977311", "date": "2021-01-23 00:00:00", "subject": "3", "recorded-or-robo": "", "city": "Florence", "state": "OR", "area-code": "541"}, {"id": "1d36742e3f24f50e4e7ae828017ea2b4", "number": "5419977311", "date": "2021-01-23 00:00:00", "subject": "3", "recorded-or-robo": "", "city": "Florence", "state": "OR", "area-code": "541"}, {"id": "e81c9350d54f66c6d33b3747eee8fd7f", "number": "8017045331", "date": "2021-01-22 09:00:00", "subject": "2", "recorded-or-robo": "Y", "city": "", "state": "IA", "area-code": "563"}, {"id": "1d36742e3f24f50e4e7ae828017e9f0d", "number": "8017045331", "date": "2021-01-22 09:00:00", "subject": "2", "recorded-or-robo": "Y", "city": "", "state": "IA", "area-code": "563"}, {"id": "e81c9350d54f66c6d33b3747eee8f09e", "number": "3144845935", "date": "2021-01-23 10:14:00", "subject": "2", "recorded-or-robo": "", "city": "Maryland Heights", "state": "MO", "area-code": "314"}, {"id": "1d36742e3f24f50e4e7ae828017e9915", "number": "3144845935", "date": "2021-01-23 10:14:00", "subject": "2", "recorded-or-robo": "", "city": "Maryland Heights", "state": "MO", "area-code": "314"}, {"id": "e81c9350d54f66c6d33b3747eee8eb7f", "number": "7088535679", "date": "2021-01-23 10:12:00", "subject": "4", "recorded-or-robo": "Y", "city": "Darien", "state": "IL", "area-code": "708"}, {"id": "1d36742e3f24f50e4e7ae828017e8d5f", "number": "7088535679", "date": "2021-01-23 10:12:00", "subject": "4", "recorded-or-robo": "Y", "city": "Darien", "state": "IL", "area-code": "708"}, {"id": "e81c9350d54f66c6d33b3747eee8e00d", "number": "7179377686", "date": "2021-01-23 11:07:00", "subject": "2", "recorded-or-robo": "N", "city": "", "state": "PA", "area-code": "717"}, {"id": "1d36742e3f24f50e4e7ae828017e7ef0", "number": "7179377686", "date": "2021-01-23 11:07:00", "subject": "2", "recorded-or-robo": "N", "city": "", "state": "PA", "area-code": "717"}, {"id": "3decc6bfadaa436a105714c6ba5590c8", "number": "+17252419088", "date": "2021-01-23 11:28:18", "subject": "3", "recorded-or-robo": "Y", "city": "", "state": "CA", "area-code": "916"}, {"id": "1d36742e3f24f50e4e7ae82801ebb863", "number": "+17252419088", "date": "2021-01-23 11:28:18", "subject": "3", "recorded-or-robo": "Y", "city": "", "state": "CA", "area-code": "916"}, {"id": "e81c9350d54f66c6d33b3747eee8da50", "number": "3144529261", "date": "2021-01-23 10:15:00", "subject": "1", "recorded-or-robo": "Y", "city": "Ballwin", "state": "MO", "area-code": "314"}, {"id": "1d36742e3f24f50e4e7ae828017e7085", "number": "3144529261", "date": "2021-01-23 10:15:00", "subject": "1", "recorded-or-robo": "Y", "city": "Ballwin", "state": "MO", "area-code": "314"}, {"id": "e81c9350d54f66c6d33b3747eee8d300", "number": "8623466480", "date": "2021-01-22 14:52:00", "subject": "2", "recorded-or-robo": "Y", "city": "", "state": "NJ", "area-code": "201"}, {"id": "1d36742e3f24f50e4e7ae828017e6d4d", "number": "8623466480", "date": "2021-01-22 14:52:00", "subject": "2", "recorded-or-robo": "Y", "city": "", "state": "NJ", "area-code": "201"}, {"id": "3decc6bfadaa436a105714c6ba578596", "number": "9892481897", "date": "2021-01-21 11:45:00", "subject": "3", "recorded-or-robo": "Y", "city": "", "state": "MI", "area-code": "989"}, {"id": "1d36742e3f24f50e4e7ae82801edecc6", "number": "9892481897", "date": "2021-01-21 11:45:00", "subject": "3", "recorded-or-robo": "Y", "city": "", "state": "MI", "area-code": "989"}, {"id": "e81c9350d54f66c6d33b3747eee8bcc7", "number": "3144844049", "date": "2021-01-23 09:54:00", "subject": "2", "recorded-or-robo": "", "city": "Maryland Heights", "state": "MO", "area-code": "314"}, {"id": "1d36742e3f24f50e4e7ae828017e6ab0", "number": "3144844049", "date": "2021-01-23 09:54:00", "subject": "2", "recorded-or-robo": "", "city": "Maryland Heights", "state": "MO", "area-code": "314"}, {"id": "e81c9350d54f66c6d33b3747eee8b6ed", "number": "5058170913", "date": "2021-01-23 09:23:00", "subject": "1", "recorded-or-robo": "Y", "city": "", "state": "NM", "area-code": "505"}, {"id": "1d36742e3f24f50e4e7ae828017e5cf1", "number": "5058170913", "date": "2021-01-23 09:23:00", "subject": "1", "recorded-or-robo": "Y", "city": "", "state": "NM", "area-code": "505"}, {"id": "e81c9350d54f66c6d33b3747eee8ae3f", "number": "2125445603", "date": "2021-01-23 11:24:00", "subject": "6", "recorded-or-robo": "N", "city": "New York", "state": "NY", "area-code": "212"}, {"id": "1d36742e3f24f50e4e7ae828017e5152", "number": "2125445603", "date": "2021-01-23 11:24:00", "subject": "6", "recorded-or-robo": "N", "city": "New York", "state": "NY", "area-code": "212"}, {"id": "e81c9350d54f66c6d33b3747eee8ab61", "number": "3152328257", "date": "2021-01-23 11:05:00", "subject": "2", "recorded-or-robo": "Y", "city": "Culver", "state": "IN", "area-code": "574"}, {"id": "1d36742e3f24f50e4e7ae828017e4d30", "number": "3152328257", "date": "2021-01-23 11:05:00", "subject": "2", "recorded-or-robo": "Y", "city": "Culver", "state": "IN", "area-code": "574"}, {"id": "e81c9350d54f66c6d33b3747eee8a4b5", "number": "5708238656", "date": "2021-01-23 11:24:00", "subject": "2", "recorded-or-robo": "Y", "city": "", "state": "PA", "area-code": "570"}, {"id": "1d36742e3f24f50e4e7ae828017e468d", "number": "5708238656", "date": "2021-01-23 11:24:00", "subject": "2", "recorded-or-robo": "Y", "city": "", "state": "PA", "area-code": "570"}, {"id": "3decc6bfadaa436a105714c6ba558c1c", "number": "+17069497848", "date": "2021-01-23 11:27:08", "subject": "3", "recorded-or-robo": "Y", "city": "", "state": "GA", "area-code": "404"}, {"id": "1d36742e3f24f50e4e7ae82801ebabd7", "number": "+17069497848", "date": "2021-01-23 11:27:08", "subject": "3", "recorded-or-robo": "Y", "city": "", "state": "GA", "area-code": "404"}, {"id": "e81c9350d54f66c6d33b3747eee8a14d", "number": "4794743509", "date": "2021-01-21 10:56:00", "subject": "0", "recorded-or-robo": "", "city": "VAN BUREN", "state": "AR", "area-code": "479"}, {"id": "1d36742e3f24f50e4e7ae828017e4025", "number": "4794743509", "date": "2021-01-21 10:56:00", "subject": "0", "recorded-or-robo": "", "city": "VAN BUREN", "state": "AR", "area-code": "479"}, {"id": "e81c9350d54f66c6d33b3747eee89211", "number": "3144844780", "date": "2021-01-23 09:26:00", "subject": "2", "recorded-or-robo": "", "city": "Maryland Heights", "state": "MO", "area-code": "314"}, {"id": "1d36742e3f24f50e4e7ae828017e4004", "number": "3144844780", "date": "2021-01-23 09:26:00", "subject": "2", "recorded-or-robo": "", "city": "Maryland Heights", "state": "MO", "area-code": "314"}, {"id": "e81c9350d54f66c6d33b3747eee88b07", "number": "8442370342", "date": "2021-01-22 14:59:00", "subject": "1", "recorded-or-robo": "Y", "city": "columbia", "state": "KY", "area-code": "270"}, {"id": "1d36742e3f24f50e4e7ae828017e38a7", "number": "8442370342", "date": "2021-01-22 14:59:00", "subject": "1", "recorded-or-robo": "Y", "city": "columbia", "state": "KY", "area-code": "270"}, {"id": "e81c9350d54f66c6d33b3747eee88136", "number": "9179929306", "date": "2020-11-20 15:23:00", "subject": "1", "recorded-or-robo": "Y", "city": "Bronx", "state": "NY", "area-code": "917"}, {"id": "1d36742e3f24f50e4e7ae828017e31de", "number": "9179929306", "date": "2020-11-20 15:23:00", "subject": "1", "recorded-or-robo": "Y", "city": "Bronx", "state": "NY", "area-code": "917"}, {"id": "e81c9350d54f66c6d33b3747eee874ae", "number": "3144844467", "date": "2021-01-22 14:42:00", "subject": "2", "recorded-or-robo": "", "city": "Maryland Heights", "state": "MO", "area-code": "314"}, {"id": "1d36742e3f24f50e4e7ae828017e2ee1", "number": "3144844467", "date": "2021-01-22 14:42:00", "subject": "2", "recorded-or-robo": "", "city": "Maryland Heights", "state": "MO", "area-code": "314"}, {"id": "e81c9350d54f66c6d33b3747eee86dcd", "number": "", "date": "2021-01-23 10:00:00", "subject": "1", "recorded-or-robo": "Y", "city": "New Braunfels", "state": "TX", "area-code": "830"}, {"id": "1d36742e3f24f50e4e7ae828017e20b2", "number": "", "date": "2021-01-23 10:00:00", "subject": "1", "recorded-or-robo": "Y", "city": "New Braunfels", "state": "TX", "area-code": "830"}, {"id": "e81c9350d54f66c6d33b3747eee856cf", "number": "8008922253", "date": "2021-01-22 17:23:00", "subject": "3", "recorded-or-robo": "N", "city": "", "state": "OH", "area-code": "440"}, {"id": "1d36742e3f24f50e4e7ae828017df2b7", "number": "8008922253", "date": "2021-01-22 17:23:00", "subject": "3", "recorded-or-robo": "N", "city": "", "state": "OH", "area-code": "440"}, {"id": "e81c9350d54f66c6d33b3747eee86bba", "number": "3143808175", "date": "2021-01-23 10:13:00", "subject": "1", "recorded-or-robo": "Y", "city": "", "state": "PA", "area-code": "724"}, {"id": "1d36742e3f24f50e4e7ae828017e1c4a", "number": "3143808175", "date": "2021-01-23 10:13:00", "subject": "1", "recorded-or-robo": "Y", "city": "", "state": "PA", "area-code": "724"}, {"id": "e81c9350d54f66c6d33b3747eee869b1", "number": "3525476607", "date": "2021-01-23 11:20:00", "subject": "8", "recorded-or-robo": "Y", "city": "Ocala", "state": "FL", "area-code": "352"}]}