{"data": [{"id": "1d36742e3f24f50e4e7ae82801cc9abb", "number": "2142471405", "date": "2021-01-23 13:15:00", "subject": "2", "recorded-or-robo": "N", "city": "KOOSKIA", "state": "ID", "area-code": "208"}, {"id": "3decc6bfadaa436a105714c6ba3614d1", "number": "3159223380", "date": "2021-01-21 10:42:00", "subject": "3", "recorded-or-robo": "", "city": "dewitt", "state": "NY", "area-code": "315"}, {"id": "1d36742e3f24f50e4e7ae82801cc9192", "number": "3159223380", "date": "2021-01-21 10:42:00", "subject": "3", "recorded-or-robo": "", "city": "dewitt", "state": "NY", "area-code": "315"}, {"id": "3decc6bfadaa436a105714c6ba360b6e", "number": "", "date": "2021-01-23 00:00:00", "subject": "3", "recorded-or-robo": "Y", "city": "Zephyrhills", "state": "FL", "area-code": "813"}, {"id": "1d36742e3f24f50e4e7ae82801cc86a8", "number": "", "date": "2021-01-23 00:00:00", "subject": "3", "recorded-or-robo": "Y", "city": "Zephyrhills", "state": "FL", "area-code": "813"}, {"id": "3decc6bfadaa436a105714c6ba78aa26", "number": "+14129107153", "date": "2021-01-23 16:28:37", "subject": "3", "recorded-or-robo": "N", "city": "", "state": "PA", "area-code": "412"}, {"id": "03e293b3df9e35eadf15c561190ef260", "number": "+14129107153", "date": "2021-01-23 16:28:37", "subject": "3", "recorded-or-robo": "N", "city": "", "state": "PA", "area-code": "412"}, {"id": "3decc6bfadaa436a105714c6ba3609cc", "number": "8432793445", "date": "2021-01-23 12:00:00", "subject": "2", "recorded-or-robo": "N", "city": "Charlotte", "state": "NC", "area-code": "843"}, {"id": "1d36742e3f24f50e4e7ae82801cc8620", "number": "8432793445", "date": "2021-01-23 12:00:00", "subject": "2", "recorded-or-robo": "N", "city": "Charlotte", "state": "NC", "area-code": "843"}, {"id": "3decc6bfadaa436a105714c6ba35fda1", "number": "6232577613", "date": "2021-01-21 16:28:00", "subject": "0", "recorded-or-robo": "N", "city": "", "state": "AZ", "area-code": "520"}, {"id": "1d36742e3f24f50e4e7ae82801cc7af1", "number": "6232577613", "date": "2021-01-21 16:28:00", "subject": "0", "recorded-or-robo": "N", "city": "", "state": "AZ", "area-code": "520"}, {"id": "3decc6bfadaa436a105714c6ba35f635", "number": "8132953068", "date": "2021-01-23 00:00:00", "subject": "3", "recorded-or-robo": "Y", "city": "Zephyrhills", "state": "FL", "area-code": "813"}, {"id": "1d36742e3f24f50e4e7ae82801cc6e73", "number": "8132953068", "date": "2021-01-23 00:00:00", "subject": "3", "recorded-or-robo": "Y", "city": "Zephyrhills", "state": "FL", "area-code": "813"}, {"id": "3decc6bfadaa436a105714c6ba35cb5b", "number": "9724120670", "date": "2021-01-21 12:02:00", "subject": "3", "recorded-or-robo": "N", "city": "", "state": "TX", "area-code": "972"}, {"id": "1d36742e3f24f50e4e7ae82801cc360e", "number": "9724120670", "date": "2021-01-21 12:02:00", "subject": "3", "recorded-or-robo": "N", "city": "", "state": "TX", "area-code": "972"}, {"id": "3decc6bfadaa436a105714c6ba35f611", "number": "8561824097", "date": "2021-01-21 13:30:00", "subject": "1", "recorded-or-robo": "Y", "city": "Cherry Hill", "state": "NJ", "area-code": "856"}, {"id": "1d36742e3f24f50e4e7ae82801cc603e", "number": "8561824097", "date": "2021-01-21 13:30:00", "subject": "1", "recorded-or-robo": "Y", "city": "Cherry Hill", "state": "NJ", "area-code": "856"}, {"id": "3decc6bfadaa436a105714c6ba35f38b", "number": "4053894275", "date": "2021-01-20 18:31:00", "subject": "0", "recorded-or-robo": "N", "city": "", "state": "OK", "area-code": "405"}, {"id": "1d36742e3f24f50e4e7ae82801cc51c8", "number": "4053894275", "date": "2021-01-20 18:31:00", "subject": "0", "recorded-or-robo": "N", "city": "", "state": "OK", "area-code": "405"}, {"id": "3decc6bfadaa436a105714c6ba35e9f7", "number": "2027156537", "date": "2021-01-20 18:27:00", "subject": "3", "recorded-or-robo": "", "city": "dewitt", "state": "NY", "area-code": "315"}, {"id": "1d36742e3f24f50e4e7ae82801cc50de", "number": "2027156537", "date": "2021-01-20 18:27:00", "subject": "3", "recorded-or-robo": "", "city": "dewitt", "state": "NY", "area-code": "315"}, {"id": "3decc6bfadaa436a105714c6ba35e4de", "number": "6148485247", "date": "2021-01-23 16:23:00", "subject": "2", "recorded-or-robo": "Y", "city": "Columbus", "state": "OH", "area-code": "614"}, {"id": "1d36742e3f24f50e4e7ae82801cc482f", "number": "6148485247", "date": "2021-01-23 16:23:00", "subject": "2", "recorded-or-robo": "Y", "city": "Columbus", "state": "OH", "area-code": "614"}, {"id": "3decc6bfadaa436a105714c6ba35da6f", "number": "7572208091", "date": "2021-01-23 16:25:00", "subject": "1", "recorded-or-robo": "Y", "city": "", "state": "VA", "area-code": "757"}, {"id": "1d36742e3f24f50e4e7ae82801cc3b02", "number": "7572208091", "date": "2021-01-23 16:25:00", "subject": "1", "recorded-or-robo": "Y", "city": "", "state": "VA", "area-code": "757"}, {"id": "3decc6bfadaa436a105714c6ba78bfcf", "number": "4193652131", "date": "2021-01-23 16:27:46", "subject": "3", "recorded-or-robo": "Y", "city": "", "state": "OH", "area-code": "419"}, {"id": "03e293b3df9e35eadf15c561190f095f", "number": "4193652131", "date": "2021-01-23 16:27:46", "subject": "3", "recorded-or-robo": "Y", "city": "", "state": "OH", "area-code": "419"}, {"id": "3decc6bfadaa436a105714c6ba35bfec", "number": "5203805837", "date": "2021-01-21 15:06:00", "subject": "0", "recorded-or-robo": "N", "city": "", "state": "AZ", "area-code": "520"}, {"id": "1d36742e3f24f50e4e7ae82801cc3106", "number": "5203805837", "date": "2021-01-21 15:06:00", "subject": "0", "recorded-or-robo": "N", "city": "", "state": "AZ", "area-code": "520"}, {"id": "3decc6bfadaa436a105714c6ba35b4dd", "number": "9197700307", "date": "2021-01-23 07:26:00", "subject": "2", "recorded-or-robo": "N", "city": "Pahoa", "state": "NC", "area-code": "919"}, {"id": "1d36742e3f24f50e4e7ae82801cc2566", "number": "9197700307", "date": "2021-01-23 07:26:00", "subject": "2", "recorded-or-robo": "N", "city": "Pahoa", "state": "NC", "area-code": "919"}, {"id": "3decc6bfadaa436a105714c6ba35ab3c", "number": "9034901794", "date": "2021-01-20 15:05:00", "subject": "0", "recorded-or-robo": "N", "city": "", "state": "OK", "area-code": "405"}, {"id": "1d36742e3f24f50e4e7ae82801cc15ae", "number": "9034901794", "date": "2021-01-20 15:05:00", "subject": "0", "recorded-or-robo": "N", "city": "", "state": "OK", "area-code": "405"}, {"id": "3decc6bfadaa436a105714c6ba78b295", "number": "+18123763835", "date": "2021-01-23 16:26:58", "subject": "3", "recorded-or-robo": "Y", "city": "", "state": "AZ", "area-code": "480"}, {"id": "03e293b3df9e35eadf15c561190efa3d", "number": "+18123763835", "date": "2021-01-23 16:26:58", "subject": "3", "recorded-or-robo": "Y", "city": "", "state": "AZ", "area-code": "480"}, {"id": "3decc6bfadaa436a105714c6ba35a595", "number": "6178659337", "date": "2021-01-21 10:05:00", "subject": "1", "recorded-or-robo": "Y", "city": "randolph", "state": "MA", "area-code": "781"}, {"id": "1d36742e3f24f50e4e7ae82801cc0a73", "number": "6178659337", "date": "2021-01-21 10:05:00", "subject": "1", "recorded-or-robo": "Y", "city": "randolph", "state": "MA", "area-code": "781"}, {"id": "3decc6bfadaa436a105714c6ba359d70", "number": "9193750603", "date": "2021-01-19 08:47:00", "subject": "2", "recorded-or-robo": "N", "city": "Pahoa", "state": "HI", "area-code": "919"}, {"id": "1d36742e3f24f50e4e7ae82801cc01b3", "number": "9193750603", "date": "2021-01-19 08:47:00", "subject": "2", "recorded-or-robo": "N", "city": "Pahoa", "state": "HI", "area-code": "919"}, {"id": "3decc6bfadaa436a105714c6ba359b32", "number": "6303801930", "date": "2021-01-20 13:20:00", "subject": "3", "recorded-or-robo": "N", "city": "", "state": "OK", "area-code": "405"}, {"id": "3decc6bfadaa436a105714c6ba357487", "number": "8103661006", "date": "2021-01-21 11:50:00", "subject": "3", "recorded-or-robo": "N", "city": "", "state": "TX", "area-code": "972"}, {"id": "1d36742e3f24f50e4e7ae82801cbfb3d", "number": "6303801930", "date": "2021-01-20 13:20:00", "subject": "3", "recorded-or-robo": "N", "city": "", "state": "OK", "area-code": "405"}, {"id": "1d36742e3f24f50e4e7ae82801cbe030", "number": "8103661006", "date": "2021-01-21 11:50:00", "subject": "3", "recorded-or-robo": "N", "city": "", "state": "TX", "area-code": "972"}, {"id": "3decc6bfadaa436a105714c6ba359200", "number": "2566699739", "date": "2021-01-23 14:48:00", "subject": "13", "recorded-or-robo": "N", "city": "", "state": "MA", "area-code": "617"}, {"id": "1d36742e3f24f50e4e7ae82801cbf431", "number": "2566699739", "date": "2021-01-23 14:48:00", "subject": "13", "recorded-or-robo": "N", "city": "", "state": "MA", "area-code": "617"}, {"id": "3decc6bfadaa436a105714c6ba35832f", "number": "3059450834", "date": "2021-01-23 16:08:00", "subject": "1", "recorded-or-robo": "N", "city": "N. Fort Myers", "state": "FL", "area-code": "305"}, {"id": "1d36742e3f24f50e4e7ae82801cbef14", "number": "3059450834", "date": "2021-01-23 16:08:00", "subject": "1", "recorded-or-robo": "N", "city": "N. Fort Myers", "state": "FL", "area-code": "305"}, {"id": "3decc6bfadaa436a105714c6ba78a783", "number": "5034618969", "date": "2021-01-23 16:25:54", "subject": "3", "recorded-or-robo": "Y", "city": "", "state": "OR", "area-code": "503"}, {"id": "03e293b3df9e35eadf15c561190ee9ce", "number": "5034618969", "date": "2021-01-23 16:25:54", "subject": "3", "recorded-or-robo": "Y", "city": "", "state": "OR", "area-code": "503"}, {"id": "3decc6bfadaa436a105714c6ba356d8d", "number": "6157525831", "date": "2021-01-23 12:00:00", "subject": "2", "recorded-or-robo": "Y", "city": "new braunfels", "state": "TX", "area-code": "409"}]}