{"data": [{"id": "1d36742e3f24f50e4e7ae828019249cf", "number": "7341809743", "date": "2021-01-23 12:32:00", "subject": "3", "recorded-or-robo": "N", "city": "", "state": "MI", "area-code": "734"}, {"id": "e81c9350d54f66c6d33b3747eefbdbcf", "number": "5626325107", "date": "2021-01-23 11:11:00", "subject": "0", "recorded-or-robo": "Y", "city": "Fernandina Beack", "state": "FL", "area-code": "561"}, {"id": "1d36742e3f24f50e4e7ae8280192b760", "number": "5626325107", "date": "2021-01-23 11:11:00", "subject": "0", "recorded-or-robo": "Y", "city": "Fernandina Beack", "state": "FL", "area-code": "561"}, {"id": "e81c9350d54f66c6d33b3747eefbcc94", "number": "7278695423", "date": "2021-01-23 12:03:00", "subject": "11", "recorded-or-robo": "", "city": "Hudson", "state": "FL", "area-code": "727"}, {"id": "1d36742e3f24f50e4e7ae8280192aadc", "number": "7278695423", "date": "2021-01-23 12:03:00", "subject": "11", "recorded-or-robo": "", "city": "Hudson", "state": "FL", "area-code": "727"}, {"id": "e81c9350d54f66c6d33b3747eefbc121", "number": "5748351759", "date": "2021-01-22 17:09:00", "subject": "2", "recorded-or-robo": "Y", "city": "Rochester", "state": "IN", "area-code": "574"}, {"id": "1d36742e3f24f50e4e7ae8280192a665", "number": "5748351759", "date": "2021-01-22 17:09:00", "subject": "2", "recorded-or-robo": "Y", "city": "Rochester", "state": "IN", "area-code": "574"}, {"id": "e81c9350d54f66c6d33b3747eefbb925", "number": "7032973809", "date": "2021-01-22 19:23:00", "subject": "2", "recorded-or-robo": "N", "city": "Alexandria", "state": "VA", "area-code": "703"}, {"id": "1d36742e3f24f50e4e7ae8280192a512", "number": "7032973809", "date": "2021-01-22 19:23:00", "subject": "2", "recorded-or-robo": "N", "city": "Alexandria", "state": "VA", "area-code": "703"}, {"id": "e81c9350d54f66c6d33b3747eefbb826", "number": "7133459739", "date": "2021-01-23 11:19:00", "subject": "2", "recorded-or-robo": "Y", "city": "", "state": "TX", "area-code": "832"}, {"id": "e81c9350d54f66c6d33b3747eefbaad8", "number": "8472950800", "date": "2021-01-22 16:13:00", "subject": "2", "recorded-or-robo": "Y", "city": "", "state": "IL", "area-code": "847"}, {"id": "1d36742e3f24f50e4e7ae828019296fd", "number": "7133459739", "date": "2021-01-23 11:19:00", "subject": "2", "recorded-or-robo": "Y", "city": "", "state": "TX", "area-code": "832"}, {"id": "1d36742e3f24f50e4e7ae82801928f17", "number": "8472950800", "date": "2021-01-22 16:13:00", "subject": "2", "recorded-or-robo": "Y", "city": "", "state": "IL", "area-code": "847"}, {"id": "e81c9350d54f66c6d33b3747eefba7b3", "number": "", "date": "2021-01-23 11:28:00", "subject": "2", "recorded-or-robo": "N", "city": "Ramsey", "state": "MN", "area-code": "763"}, {"id": "1d36742e3f24f50e4e7ae82801928490", "number": "", "date": "2021-01-23 11:28:00", "subject": "2", "recorded-or-robo": "N", "city": "Ramsey", "state": "MN", "area-code": "763"}, {"id": "e81c9350d54f66c6d33b3747eefb9f70", "number": "4254925454", "date": "2021-01-23 09:32:00", "subject": "1", "recorded-or-robo": "Y", "city": "Maple Valley", "state": "WA", "area-code": "425"}, {"id": "1d36742e3f24f50e4e7ae8280192804b", "number": "4254925454", "date": "2021-01-23 09:32:00", "subject": "1", "recorded-or-robo": "Y", "city": "Maple Valley", "state": "WA", "area-code": "425"}, {"id": "e81c9350d54f66c6d33b3747eefb92d0", "number": "8639136946", "date": "2021-01-23 12:07:00", "subject": "15", "recorded-or-robo": "Y", "city": "", "state": "FL", "area-code": "941"}, {"id": "1d36742e3f24f50e4e7ae8280192739f", "number": "8639136946", "date": "2021-01-23 12:07:00", "subject": "15", "recorded-or-robo": "Y", "city": "", "state": "FL", "area-code": "941"}, {"id": "e81c9350d54f66c6d33b3747eefb8317", "number": "7182753239", "date": "2021-01-22 19:09:00", "subject": "5", "recorded-or-robo": "Y", "city": "queens", "state": "NY", "area-code": "718"}, {"id": "1d36742e3f24f50e4e7ae82801926b71", "number": "7182753239", "date": "2021-01-22 19:09:00", "subject": "5", "recorded-or-robo": "Y", "city": "queens", "state": "NY", "area-code": "718"}, {"id": "e81c9350d54f66c6d33b3747eefb80a5", "number": "7278691826", "date": "2021-01-23 12:03:00", "subject": "11", "recorded-or-robo": "Y", "city": "Hudson", "state": "FL", "area-code": "727"}, {"id": "1d36742e3f24f50e4e7ae8280192623e", "number": "7278691826", "date": "2021-01-23 12:03:00", "subject": "11", "recorded-or-robo": "Y", "city": "Hudson", "state": "FL", "area-code": "727"}, {"id": "e81c9350d54f66c6d33b3747eefb744b", "number": "8283958517", "date": "2021-01-23 11:35:00", "subject": "0", "recorded-or-robo": "Y", "city": "", "state": "IL", "area-code": "847"}, {"id": "1d36742e3f24f50e4e7ae828019254e3", "number": "8283958517", "date": "2021-01-23 11:35:00", "subject": "0", "recorded-or-robo": "Y", "city": "", "state": "IL", "area-code": "847"}, {"id": "e81c9350d54f66c6d33b3747eefb637a", "number": "3105394491", "date": "2021-01-23 19:21:00", "subject": "0", "recorded-or-robo": "N", "city": "Torrance", "state": "CA", "area-code": "310"}, {"id": "1d36742e3f24f50e4e7ae82801923aa2", "number": "3105394491", "date": "2021-01-23 19:21:00", "subject": "0", "recorded-or-robo": "N", "city": "Torrance", "state": "CA", "area-code": "310"}, {"id": "e81c9350d54f66c6d33b3747eefb5b4c", "number": "5806708026", "date": "2021-01-22 11:30:00", "subject": "2", "recorded-or-robo": "N", "city": "OK", "state": "OK", "area-code": "580"}, {"id": "1d36742e3f24f50e4e7ae82801922baf", "number": "5806708026", "date": "2021-01-22 11:30:00", "subject": "2", "recorded-or-robo": "N", "city": "OK", "state": "OK", "area-code": "580"}, {"id": "3decc6bfadaa436a105714c6ba57cdcc", "number": "3048047214", "date": "2021-01-23 12:29:00", "subject": "3", "recorded-or-robo": "Y", "city": "", "state": "WV", "area-code": "304"}, {"id": "1d36742e3f24f50e4e7ae82801ee3716", "number": "3048047214", "date": "2021-01-23 12:29:00", "subject": "3", "recorded-or-robo": "Y", "city": "", "state": "WV", "area-code": "304"}, {"id": "e81c9350d54f66c6d33b3747eefb53f2", "number": "2085284905", "date": "2021-01-18 09:55:00", "subject": "2", "recorded-or-robo": "Y", "city": "Santa Cruz", "state": "CA", "area-code": "208"}, {"id": "1d36742e3f24f50e4e7ae82801921c54", "number": "2085284905", "date": "2021-01-18 09:55:00", "subject": "2", "recorded-or-robo": "Y", "city": "Santa Cruz", "state": "CA", "area-code": "208"}, {"id": "e81c9350d54f66c6d33b3747eefb4dce", "number": "7185165480", "date": "2021-01-23 12:15:00", "subject": "5", "recorded-or-robo": "Y", "city": "queens", "state": "NY", "area-code": "718"}, {"id": "1d36742e3f24f50e4e7ae82801921038", "number": "7185165480", "date": "2021-01-23 12:15:00", "subject": "5", "recorded-or-robo": "Y", "city": "queens", "state": "NY", "area-code": "718"}, {"id": "e81c9350d54f66c6d33b3747eefb436a", "number": "8323021144", "date": "2021-01-23 11:19:00", "subject": "2", "recorded-or-robo": "Y", "city": "", "state": "TX", "area-code": "713"}, {"id": "1d36742e3f24f50e4e7ae82801920d81", "number": "8323021144", "date": "2021-01-23 11:19:00", "subject": "2", "recorded-or-robo": "Y", "city": "", "state": "TX", "area-code": "713"}, {"id": "e81c9350d54f66c6d33b3747eefb3b11", "number": "3152328257", "date": "2021-01-23 12:01:00", "subject": "11", "recorded-or-robo": "Y", "city": "Hudson", "state": "FL", "area-code": "727"}, {"id": "1d36742e3f24f50e4e7ae82801920a1b", "number": "3152328257", "date": "2021-01-23 12:01:00", "subject": "11", "recorded-or-robo": "Y", "city": "Hudson", "state": "FL", "area-code": "727"}, {"id": "e81c9350d54f66c6d33b3747eefb3249", "number": "8608496023", "date": "2021-01-19 12:35:00", "subject": "6", "recorded-or-robo": "Y", "city": "Venice.", "state": "CT", "area-code": "860"}, {"id": "1d36742e3f24f50e4e7ae828019207fc", "number": "8608496023", "date": "2021-01-19 12:35:00", "subject": "6", "recorded-or-robo": "Y", "city": "Venice.", "state": "CT", "area-code": "860"}, {"id": "e81c9350d54f66c6d33b3747eefb2b6f", "number": "", "date": "2021-01-23 08:32:00", "subject": "3", "recorded-or-robo": "Y", "city": "", "state": "NJ", "area-code": "908"}, {"id": "e81c9350d54f66c6d33b3747eefb2619", "number": "2085859281", "date": "2021-01-22 14:02:00", "subject": "2", "recorded-or-robo": "Y", "city": "Santa Cruz", "state": "CA", "area-code": "208"}, {"id": "1d36742e3f24f50e4e7ae8280192012b", "number": "", "date": "2021-01-23 08:32:00", "subject": "3", "recorded-or-robo": "Y", "city": "", "state": "NJ", "area-code": "908"}, {"id": "1d36742e3f24f50e4e7ae8280192004e", "number": "2085859281", "date": "2021-01-22 14:02:00", "subject": "2", "recorded-or-robo": "Y", "city": "Santa Cruz", "state": "CA", "area-code": "208"}, {"id": "e81c9350d54f66c6d33b3747eefb1e9d", "number": "6154061263", "date": "2021-01-22 17:07:00", "subject": "11", "recorded-or-robo": "Y", "city": "", "state": "TN", "area-code": "865"}, {"id": "1d36742e3f24f50e4e7ae8280191f944", "number": "6154061263", "date": "2021-01-22 17:07:00", "subject": "11", "recorded-or-robo": "Y", "city": "", "state": "TN", "area-code": "865"}, {"id": "e81c9350d54f66c6d33b3747eefb1bc0", "number": "3105506131", "date": "2021-01-22 16:08:00", "subject": "0", "recorded-or-robo": "N", "city": "Torrance", "state": "CA", "area-code": "310"}, {"id": "1d36742e3f24f50e4e7ae8280191f8c4", "number": "3105506131", "date": "2021-01-22 16:08:00", "subject": "0", "recorded-or-robo": "N", "city": "Torrance", "state": "CA", "area-code": "310"}, {"id": "e81c9350d54f66c6d33b3747eefb119b", "number": "3144959976", "date": "2021-01-23 11:34:00", "subject": "2", "recorded-or-robo": "Y", "city": "Manchester", "state": "MO", "area-code": "314"}]}