{"data": [{"id": "1d36742e3f24f50e4e7ae82801c57a4f", "number": "37064517095", "date": "2021-01-23 14:12:00", "subject": "2", "recorded-or-robo": "Y", "city": "Janesville", "state": "WI", "area-code": "608"}, {"id": "3decc6bfadaa436a105714c6ba2e611c", "number": "2542820030", "date": "2021-01-23 13:47:00", "subject": "2", "recorded-or-robo": "Y", "city": "Phoenix", "state": "AZ", "area-code": "602"}, {"id": "1d36742e3f24f50e4e7ae82801c576dc", "number": "2542820030", "date": "2021-01-23 13:47:00", "subject": "2", "recorded-or-robo": "Y", "city": "Phoenix", "state": "AZ", "area-code": "602"}, {"id": "3decc6bfadaa436a105714c6ba772a6c", "number": "+19723474622", "date": "2021-01-23 15:53:23", "subject": "3", "recorded-or-robo": "Y", "city": "", "state": "TX", "area-code": "214"}, {"id": "03e293b3df9e35eadf15c561190d94ac", "number": "+19723474622", "date": "2021-01-23 15:53:23", "subject": "3", "recorded-or-robo": "Y", "city": "", "state": "TX", "area-code": "214"}, {"id": "3decc6bfadaa436a105714c6ba2e51c3", "number": "6148243655", "date": "2021-01-23 15:51:00", "subject": "7", "recorded-or-robo": "Y", "city": "Bradenton", "state": "FL", "area-code": "614"}, {"id": "1d36742e3f24f50e4e7ae82801c571ff", "number": "6148243655", "date": "2021-01-23 15:51:00", "subject": "7", "recorded-or-robo": "Y", "city": "Bradenton", "state": "FL", "area-code": "614"}, {"id": "3decc6bfadaa436a105714c6ba2e4754", "number": "6505564697", "date": "2021-01-11 00:00:00", "subject": "3", "recorded-or-robo": "", "city": "dewitt", "state": "NY", "area-code": "315"}, {"id": "1d36742e3f24f50e4e7ae82801c5687e", "number": "6505564697", "date": "2021-01-11 00:00:00", "subject": "3", "recorded-or-robo": "", "city": "dewitt", "state": "NY", "area-code": "315"}, {"id": "3decc6bfadaa436a105714c6ba2e4313", "number": "7032566667", "date": "2021-01-21 12:58:00", "subject": "2", "recorded-or-robo": "Y", "city": "Virginia Bch", "state": "VA", "area-code": "757"}, {"id": "1d36742e3f24f50e4e7ae82801c56853", "number": "7032566667", "date": "2021-01-21 12:58:00", "subject": "2", "recorded-or-robo": "Y", "city": "Virginia Bch", "state": "VA", "area-code": "757"}, {"id": "3decc6bfadaa436a105714c6ba2e3c2b", "number": "2412471405", "date": "2021-01-23 15:38:00", "subject": "2", "recorded-or-robo": "Y", "city": "Walpole", "state": "MA", "area-code": "508"}, {"id": "1d36742e3f24f50e4e7ae82801c56370", "number": "2412471405", "date": "2021-01-23 15:38:00", "subject": "2", "recorded-or-robo": "Y", "city": "Walpole", "state": "MA", "area-code": "508"}, {"id": "3decc6bfadaa436a105714c6ba2e3baa", "number": "4232051066", "date": "2021-01-19 14:50:00", "subject": "2", "recorded-or-robo": "Y", "city": "Waterloo", "state": "IA", "area-code": "319"}, {"id": "1d36742e3f24f50e4e7ae82801c55650", "number": "4232051066", "date": "2021-01-19 14:50:00", "subject": "2", "recorded-or-robo": "Y", "city": "Waterloo", "state": "IA", "area-code": "319"}, {"id": "3decc6bfadaa436a105714c6ba2e3177", "number": "37065003996", "date": "2021-01-23 14:44:00", "subject": "0", "recorded-or-robo": "Y", "city": "Valliant", "state": "OK", "area-code": "580"}, {"id": "1d36742e3f24f50e4e7ae82801c54bb7", "number": "37065003996", "date": "2021-01-23 14:44:00", "subject": "0", "recorded-or-robo": "Y", "city": "Valliant", "state": "OK", "area-code": "580"}, {"id": "3decc6bfadaa436a105714c6ba2e26fa", "number": "7273061741", "date": "2021-01-04 10:59:00", "subject": "2", "recorded-or-robo": "N", "city": "", "state": "FL", "area-code": "727"}, {"id": "1d36742e3f24f50e4e7ae82801c54107", "number": "7273061741", "date": "2021-01-04 10:59:00", "subject": "2", "recorded-or-robo": "N", "city": "", "state": "FL", "area-code": "727"}, {"id": "3decc6bfadaa436a105714c6ba2e22f3", "number": "8055525370", "date": "2021-01-23 12:40:00", "subject": "2", "recorded-or-robo": "", "city": "", "state": "IN", "area-code": "812"}, {"id": "1d36742e3f24f50e4e7ae82801c53b0e", "number": "8055525370", "date": "2021-01-23 12:40:00", "subject": "2", "recorded-or-robo": "", "city": "", "state": "IN", "area-code": "812"}, {"id": "3decc6bfadaa436a105714c6ba2e1bfc", "number": "3022606761", "date": "2021-01-21 18:07:00", "subject": "0", "recorded-or-robo": "", "city": "new castle", "state": "DE", "area-code": "302"}, {"id": "1d36742e3f24f50e4e7ae82801c539d7", "number": "3022606761", "date": "2021-01-21 18:07:00", "subject": "0", "recorded-or-robo": "", "city": "new castle", "state": "DE", "area-code": "302"}, {"id": "3decc6bfadaa436a105714c6ba2e132a", "number": "3706417811", "date": "2021-01-23 00:00:00", "subject": "2", "recorded-or-robo": "Y", "city": "Janesville", "state": "WI", "area-code": "608"}, {"id": "1d36742e3f24f50e4e7ae82801c52fe7", "number": "3706417811", "date": "2021-01-23 00:00:00", "subject": "2", "recorded-or-robo": "Y", "city": "Janesville", "state": "WI", "area-code": "608"}, {"id": "3decc6bfadaa436a105714c6ba2e07e0", "number": "7033972869", "date": "2021-01-20 15:10:00", "subject": "2", "recorded-or-robo": "Y", "city": "Virginia Bch", "state": "VA", "area-code": "757"}, {"id": "1d36742e3f24f50e4e7ae82801c52eb7", "number": "7033972869", "date": "2021-01-20 15:10:00", "subject": "2", "recorded-or-robo": "Y", "city": "Virginia Bch", "state": "VA", "area-code": "757"}, {"id": "3decc6bfadaa436a105714c6ba2dfb7c", "number": "7276488554", "date": "2021-01-05 12:52:00", "subject": "2", "recorded-or-robo": "N", "city": "", "state": "FL", "area-code": "727"}, {"id": "1d36742e3f24f50e4e7ae82801c527d6", "number": "7276488554", "date": "2021-01-05 12:52:00", "subject": "2", "recorded-or-robo": "N", "city": "", "state": "FL", "area-code": "727"}, {"id": "3decc6bfadaa436a105714c6ba2df7e4", "number": "9084450156", "date": "2021-01-22 11:18:00", "subject": "2", "recorded-or-robo": "Y", "city": "Simpsonville", "state": "SC", "area-code": "864"}, {"id": "1d36742e3f24f50e4e7ae82801c517e4", "number": "9084450156", "date": "2021-01-22 11:18:00", "subject": "2", "recorded-or-robo": "Y", "city": "Simpsonville", "state": "SC", "area-code": "864"}, {"id": "3decc6bfadaa436a105714c6ba2deede", "number": "8605094689", "date": "2021-01-23 00:00:00", "subject": "2", "recorded-or-robo": "N", "city": "", "state": "CT", "area-code": "860"}, {"id": "3decc6bfadaa436a105714c6ba2de1fe", "number": "7038447023", "date": "2021-01-22 00:00:00", "subject": "2", "recorded-or-robo": "Y", "city": "", "state": "VA", "area-code": "703"}, {"id": "1d36742e3f24f50e4e7ae82801c511f9", "number": "8605094689", "date": "2021-01-23 00:00:00", "subject": "2", "recorded-or-robo": "N", "city": "", "state": "CT", "area-code": "860"}, {"id": "1d36742e3f24f50e4e7ae82801c511ad", "number": "7038447023", "date": "2021-01-22 00:00:00", "subject": "2", "recorded-or-robo": "Y", "city": "", "state": "VA", "area-code": "703"}, {"id": "3decc6bfadaa436a105714c6ba2dd2d1", "number": "2184610115", "date": "2021-01-23 02:39:00", "subject": "2", "recorded-or-robo": "N", "city": "millington", "state": "TN", "area-code": "901"}, {"id": "1d36742e3f24f50e4e7ae82801c50825", "number": "2184610115", "date": "2021-01-23 02:39:00", "subject": "2", "recorded-or-robo": "N", "city": "millington", "state": "TN", "area-code": "901"}, {"id": "3decc6bfadaa436a105714c6ba2dce33", "number": "8888030812", "date": "2021-01-22 12:00:00", "subject": "1", "recorded-or-robo": "Y", "city": "", "state": "CA", "area-code": "310"}, {"id": "1d36742e3f24f50e4e7ae82801c50740", "number": "8888030812", "date": "2021-01-22 12:00:00", "subject": "1", "recorded-or-robo": "Y", "city": "", "state": "CA", "area-code": "310"}, {"id": "3decc6bfadaa436a105714c6ba2dca0b", "number": "5513991213", "date": "2021-01-23 11:44:00", "subject": "0", "recorded-or-robo": "Y", "city": "", "state": "FL", "area-code": "954"}, {"id": "1d36742e3f24f50e4e7ae82801c4ff41", "number": "5513991213", "date": "2021-01-23 11:44:00", "subject": "0", "recorded-or-robo": "Y", "city": "", "state": "FL", "area-code": "954"}, {"id": "3decc6bfadaa436a105714c6ba2dc7cc", "number": "9713613417", "date": "2021-01-05 13:04:00", "subject": "2", "recorded-or-robo": "N", "city": "", "state": "FL", "area-code": "727"}, {"id": "1d36742e3f24f50e4e7ae82801c4f1be", "number": "9713613417", "date": "2021-01-05 13:04:00", "subject": "2", "recorded-or-robo": "N", "city": "", "state": "FL", "area-code": "727"}, {"id": "3decc6bfadaa436a105714c6ba2dc09d", "number": "3152842383", "date": "2021-01-11 00:00:00", "subject": "3", "recorded-or-robo": "", "city": "dewitt", "state": "NY", "area-code": "315"}, {"id": "1d36742e3f24f50e4e7ae82801c4efea", "number": "3152842383", "date": "2021-01-11 00:00:00", "subject": "3", "recorded-or-robo": "", "city": "dewitt", "state": "NY", "area-code": "315"}, {"id": "3decc6bfadaa436a105714c6ba2db101", "number": "8642284838", "date": "2021-01-22 13:09:00", "subject": "2", "recorded-or-robo": "Y", "city": "Simpsonville", "state": "SC", "area-code": "864"}, {"id": "1d36742e3f24f50e4e7ae82801c4e087", "number": "8642284838", "date": "2021-01-22 13:09:00", "subject": "2", "recorded-or-robo": "Y", "city": "Simpsonville", "state": "SC", "area-code": "864"}, {"id": "3decc6bfadaa436a105714c6ba2dade9", "number": "5867373563", "date": "2021-01-23 15:44:00", "subject": "0", "recorded-or-robo": "Y", "city": "Warren", "state": "MI", "area-code": "586"}, {"id": "1d36742e3f24f50e4e7ae82801c4d131", "number": "5867373563", "date": "2021-01-23 15:44:00", "subject": "0", "recorded-or-robo": "Y", "city": "Warren", "state": "MI", "area-code": "586"}, {"id": "3decc6bfadaa436a105714c6ba2da3f6", "number": "4809236894", "date": "2021-01-23 10:03:00", "subject": "2", "recorded-or-robo": "", "city": "", "state": "IN", "area-code": "812"}]}