{"data": [{"id": "03e293b3df9e35eadf15c56119174284", "number": "+14156628458", "date": "2021-01-23 19:59:37", "subject": "3", "recorded-or-robo": "Y", "city": "", "state": "CA", "area-code": "415"}, {"id": "3decc6bfadaa436a105714c6ba80c3c6", "number": "3017479037", "date": "2021-01-23 19:59:16", "subject": "3", "recorded-or-robo": "N", "city": "", "state": "PR", "area-code": "787"}, {"id": "03e293b3df9e35eadf15c56119172890", "number": "3017479037", "date": "2021-01-23 19:59:16", "subject": "3", "recorded-or-robo": "N", "city": "", "state": "PR", "area-code": "787"}, {"id": "3decc6bfadaa436a105714c6ba657369", "number": "9417138582", "date": "2021-01-23 19:50:00", "subject": "7", "recorded-or-robo": "Y", "city": "", "state": "FL", "area-code": "941"}, {"id": "1d36742e3f24f50e4e7ae82801fbb9b7", "number": "9417138582", "date": "2021-01-23 19:50:00", "subject": "7", "recorded-or-robo": "Y", "city": "", "state": "FL", "area-code": "941"}, {"id": "3decc6bfadaa436a105714c6ba656a03", "number": "8556781073", "date": "2021-01-23 14:48:00", "subject": "11", "recorded-or-robo": "Y", "city": "Spokane", "state": "WA", "area-code": "509"}, {"id": "1d36742e3f24f50e4e7ae82801fbae18", "number": "8556781073", "date": "2021-01-23 14:48:00", "subject": "11", "recorded-or-robo": "Y", "city": "Spokane", "state": "WA", "area-code": "509"}, {"id": "3decc6bfadaa436a105714c6ba656771", "number": "3032730421", "date": "2021-01-19 13:49:00", "subject": "0", "recorded-or-robo": "N", "city": "Evergreen", "state": "CO", "area-code": "303"}, {"id": "1d36742e3f24f50e4e7ae82801fba316", "number": "3032730421", "date": "2021-01-19 13:49:00", "subject": "0", "recorded-or-robo": "N", "city": "Evergreen", "state": "CO", "area-code": "303"}, {"id": "3decc6bfadaa436a105714c6ba656658", "number": "8042076352", "date": "2021-01-23 15:52:00", "subject": "2", "recorded-or-robo": "Y", "city": "", "state": "CA", "area-code": "949"}, {"id": "1d36742e3f24f50e4e7ae82801fb935d", "number": "8042076352", "date": "2021-01-23 15:52:00", "subject": "2", "recorded-or-robo": "Y", "city": "", "state": "CA", "area-code": "949"}, {"id": "3decc6bfadaa436a105714c6ba656254", "number": "9209153837", "date": "2021-01-23 19:48:00", "subject": "1", "recorded-or-robo": "Y", "city": "Phoenixville", "state": "PA", "area-code": "920"}, {"id": "1d36742e3f24f50e4e7ae82801fb8b14", "number": "9209153837", "date": "2021-01-23 19:48:00", "subject": "1", "recorded-or-robo": "Y", "city": "Phoenixville", "state": "PA", "area-code": "920"}, {"id": "3decc6bfadaa436a105714c6ba655ef0", "number": "8556783597", "date": "2021-01-23 15:06:00", "subject": "11", "recorded-or-robo": "Y", "city": "Spokane", "state": "WA", "area-code": "509"}, {"id": "1d36742e3f24f50e4e7ae82801fb8a79", "number": "8556783597", "date": "2021-01-23 15:06:00", "subject": "11", "recorded-or-robo": "Y", "city": "Spokane", "state": "WA", "area-code": "509"}, {"id": "3decc6bfadaa436a105714c6ba6555db", "number": "", "date": "2021-01-23 00:00:00", "subject": "3", "recorded-or-robo": "", "city": "", "state": "IL", "area-code": "630"}, {"id": "1d36742e3f24f50e4e7ae82801fb7fc1", "number": "", "date": "2021-01-23 00:00:00", "subject": "3", "recorded-or-robo": "", "city": "", "state": "IL", "area-code": "630"}, {"id": "3decc6bfadaa436a105714c6ba65554b", "number": "3032730421", "date": "2021-01-19 11:52:00", "subject": "0", "recorded-or-robo": "N", "city": "Evergreen", "state": "CO", "area-code": "303"}, {"id": "1d36742e3f24f50e4e7ae82801fb7c9b", "number": "3032730421", "date": "2021-01-19 11:52:00", "subject": "0", "recorded-or-robo": "N", "city": "Evergreen", "state": "CO", "area-code": "303"}, {"id": "3decc6bfadaa436a105714c6ba80ca74", "number": "+19544000864", "date": "2021-01-23 19:55:54", "subject": "3", "recorded-or-robo": "Y", "city": "", "state": "FL", "area-code": "954"}, {"id": "03e293b3df9e35eadf15c5611917341a", "number": "+19544000864", "date": "2021-01-23 19:55:54", "subject": "3", "recorded-or-robo": "Y", "city": "", "state": "FL", "area-code": "954"}, {"id": "3decc6bfadaa436a105714c6ba80b4b3", "number": "+13526466271", "date": "2021-01-23 19:55:51", "subject": "3", "recorded-or-robo": "Y", "city": "", "state": "GA", "area-code": "678"}, {"id": "03e293b3df9e35eadf15c56119172540", "number": "+13526466271", "date": "2021-01-23 19:55:51", "subject": "3", "recorded-or-robo": "Y", "city": "", "state": "GA", "area-code": "678"}, {"id": "3decc6bfadaa436a105714c6ba654fd7", "number": "", "date": "2021-01-23 18:20:00", "subject": "2", "recorded-or-robo": "Y", "city": "", "state": "AR", "area-code": "501"}, {"id": "3decc6bfadaa436a105714c6ba654f96", "number": "", "date": "2021-01-23 12:00:00", "subject": "2", "recorded-or-robo": "Y", "city": "Spokane", "state": "WA", "area-code": "509"}, {"id": "1d36742e3f24f50e4e7ae82801fb6f14", "number": "", "date": "2021-01-23 18:20:00", "subject": "2", "recorded-or-robo": "Y", "city": "", "state": "AR", "area-code": "501"}, {"id": "1d36742e3f24f50e4e7ae82801fb6154", "number": "", "date": "2021-01-23 12:00:00", "subject": "2", "recorded-or-robo": "Y", "city": "Spokane", "state": "WA", "area-code": "509"}, {"id": "3decc6bfadaa436a105714c6ba654ef5", "number": "2146186752", "date": "2021-01-22 16:21:00", "subject": "9", "recorded-or-robo": "Y", "city": "", "state": "TX", "area-code": "214"}, {"id": "1d36742e3f24f50e4e7ae82801fb55ca", "number": "2146186752", "date": "2021-01-22 16:21:00", "subject": "9", "recorded-or-robo": "Y", "city": "", "state": "TX", "area-code": "214"}, {"id": "3decc6bfadaa436a105714c6ba80db0f", "number": "+13527170291", "date": "2021-01-23 19:55:20", "subject": "3", "recorded-or-robo": "Y", "city": "", "state": "GA", "area-code": "678"}, {"id": "03e293b3df9e35eadf15c56119174d50", "number": "+13527170291", "date": "2021-01-23 19:55:20", "subject": "3", "recorded-or-robo": "Y", "city": "", "state": "GA", "area-code": "678"}, {"id": "3decc6bfadaa436a105714c6ba654b45", "number": "3214458872", "date": "2020-12-12 12:00:00", "subject": "2", "recorded-or-robo": "Y", "city": "Venice", "state": "FL", "area-code": "941"}, {"id": "1d36742e3f24f50e4e7ae82801fb529d", "number": "3214458872", "date": "2020-12-12 12:00:00", "subject": "2", "recorded-or-robo": "Y", "city": "Venice", "state": "FL", "area-code": "941"}, {"id": "3decc6bfadaa436a105714c6ba654057", "number": "8556786941", "date": "2021-01-23 15:46:00", "subject": "11", "recorded-or-robo": "Y", "city": "Spokane", "state": "WA", "area-code": "509"}, {"id": "1d36742e3f24f50e4e7ae82801fb4a5f", "number": "8556786941", "date": "2021-01-23 15:46:00", "subject": "11", "recorded-or-robo": "Y", "city": "Spokane", "state": "WA", "area-code": "509"}, {"id": "3decc6bfadaa436a105714c6ba80e2bf", "number": "8475040675", "date": "2021-01-23 19:54:16", "subject": "3", "recorded-or-robo": "Y", "city": "", "state": "IL", "area-code": "847"}, {"id": "03e293b3df9e35eadf15c56119175455", "number": "8475040675", "date": "2021-01-23 19:54:16", "subject": "3", "recorded-or-robo": "Y", "city": "", "state": "IL", "area-code": "847"}, {"id": "3decc6bfadaa436a105714c6ba80e7e3", "number": "8475040675", "date": "2021-01-23 19:54:15", "subject": "3", "recorded-or-robo": "Y", "city": "", "state": "IL", "area-code": "847"}, {"id": "03e293b3df9e35eadf15c561191756af", "number": "8475040675", "date": "2021-01-23 19:54:15", "subject": "3", "recorded-or-robo": "Y", "city": "", "state": "IL", "area-code": "847"}, {"id": "3decc6bfadaa436a105714c6ba80945f", "number": "7756658371", "date": "2021-01-23 19:53:48", "subject": "3", "recorded-or-robo": "Y", "city": "", "state": "NV", "area-code": "702"}, {"id": "03e293b3df9e35eadf15c56119170a94", "number": "7756658371", "date": "2021-01-23 19:53:48", "subject": "3", "recorded-or-robo": "Y", "city": "", "state": "NV", "area-code": "702"}, {"id": "3decc6bfadaa436a105714c6ba65316d", "number": "8556782192", "date": "2021-01-23 15:57:00", "subject": "11", "recorded-or-robo": "Y", "city": "Spokane", "state": "WA", "area-code": "509"}, {"id": "1d36742e3f24f50e4e7ae82801fb3eab", "number": "8556782192", "date": "2021-01-23 15:57:00", "subject": "11", "recorded-or-robo": "Y", "city": "Spokane", "state": "WA", "area-code": "509"}, {"id": "3decc6bfadaa436a105714c6ba80a8bc", "number": "+12489160427", "date": "2021-01-23 19:53:36", "subject": "3", "recorded-or-robo": "Y", "city": "", "state": "GA", "area-code": "678"}, {"id": "03e293b3df9e35eadf15c56119171a6c", "number": "+12489160427", "date": "2021-01-23 19:53:36", "subject": "3", "recorded-or-robo": "Y", "city": "", "state": "GA", "area-code": "678"}, {"id": "3decc6bfadaa436a105714c6ba652c0c", "number": "8556783397", "date": "2021-01-23 16:45:00", "subject": "11", "recorded-or-robo": "Y", "city": "Valleyford", "state": "WA", "area-code": "855"}, {"id": "1d36742e3f24f50e4e7ae82801fb3d26", "number": "8556783397", "date": "2021-01-23 16:45:00", "subject": "11", "recorded-or-robo": "Y", "city": "Valleyford", "state": "WA", "area-code": "855"}, {"id": "3decc6bfadaa436a105714c6ba652758", "number": "2147343439", "date": "2021-01-22 11:13:00", "subject": "1", "recorded-or-robo": "Y", "city": "", "state": "TX", "area-code": "214"}, {"id": "1d36742e3f24f50e4e7ae82801fb345f", "number": "2147343439", "date": "2021-01-22 11:13:00", "subject": "1", "recorded-or-robo": "Y", "city": "", "state": "TX", "area-code": "214"}, {"id": "3decc6bfadaa436a105714c6ba65204f", "number": "", "date": "2021-01-20 08:08:00", "subject": "3", "recorded-or-robo": "Y", "city": "", "state": "WA", "area-code": "509"}]}