{"data": [{"id": "1d36742e3f24f50e4e7ae82801fd99c9", "number": "9704460847", "date": "2021-01-18 10:54:00", "subject": "4", "recorded-or-robo": "Y", "city": "Evergreen", "state": "CO", "area-code": "303"}, {"id": "3decc6bfadaa436a105714c6ba6796e6", "number": "4108016198", "date": "2021-01-22 00:00:00", "subject": "2", "recorded-or-robo": "Y", "city": "SEATTLE", "state": "WA", "area-code": "206"}, {"id": "1d36742e3f24f50e4e7ae82801fd8e6b", "number": "4108016198", "date": "2021-01-22 00:00:00", "subject": "2", "recorded-or-robo": "Y", "city": "SEATTLE", "state": "WA", "area-code": "206"}, {"id": "3decc6bfadaa436a105714c6ba815d9a", "number": "3214138519", "date": "2021-01-23 20:20:18", "subject": "3", "recorded-or-robo": "Y", "city": "", "state": "FL", "area-code": "386"}, {"id": "03e293b3df9e35eadf15c5611917d224", "number": "3214138519", "date": "2021-01-23 20:20:18", "subject": "3", "recorded-or-robo": "Y", "city": "", "state": "FL", "area-code": "386"}, {"id": "3decc6bfadaa436a105714c6ba6791ef", "number": "1410200507", "date": "2021-01-23 20:16:00", "subject": "2", "recorded-or-robo": "Y", "city": "Groveport", "state": "OH", "area-code": "614"}, {"id": "1d36742e3f24f50e4e7ae82801fd879b", "number": "1410200507", "date": "2021-01-23 20:16:00", "subject": "2", "recorded-or-robo": "Y", "city": "Groveport", "state": "OH", "area-code": "614"}, {"id": "3decc6bfadaa436a105714c6ba67886e", "number": "5097797130", "date": "2021-01-22 13:10:00", "subject": "2", "recorded-or-robo": "", "city": "Spokane Valley", "state": "WA", "area-code": "509"}, {"id": "1d36742e3f24f50e4e7ae82801fd846f", "number": "5097797130", "date": "2021-01-22 13:10:00", "subject": "2", "recorded-or-robo": "", "city": "Spokane Valley", "state": "WA", "area-code": "509"}, {"id": "3decc6bfadaa436a105714c6ba677ad9", "number": "3145503449", "date": "2021-01-23 17:05:00", "subject": "2", "recorded-or-robo": "", "city": "Wentzville", "state": "MO", "area-code": "314"}, {"id": "1d36742e3f24f50e4e7ae82801fd7b3d", "number": "3145503449", "date": "2021-01-23 17:05:00", "subject": "2", "recorded-or-robo": "", "city": "Wentzville", "state": "MO", "area-code": "314"}, {"id": "3decc6bfadaa436a105714c6ba6772ca", "number": "3304328477", "date": "2021-01-23 14:40:00", "subject": "2", "recorded-or-robo": "N", "city": "WOOSTER", "state": "OH", "area-code": "330"}, {"id": "1d36742e3f24f50e4e7ae82801fd730d", "number": "3304328477", "date": "2021-01-23 14:40:00", "subject": "2", "recorded-or-robo": "N", "city": "WOOSTER", "state": "OH", "area-code": "330"}, {"id": "3decc6bfadaa436a105714c6ba6770a1", "number": "4692702741", "date": "2021-01-22 15:17:00", "subject": "1", "recorded-or-robo": "", "city": "", "state": "TX", "area-code": "281"}, {"id": "1d36742e3f24f50e4e7ae82801fd6b18", "number": "4692702741", "date": "2021-01-22 15:17:00", "subject": "1", "recorded-or-robo": "", "city": "", "state": "TX", "area-code": "281"}, {"id": "3decc6bfadaa436a105714c6ba676973", "number": "8556782712", "date": "2021-01-23 17:15:00", "subject": "11", "recorded-or-robo": "Y", "city": "Valleyford", "state": "WA", "area-code": "855"}, {"id": "1d36742e3f24f50e4e7ae82801fd6399", "number": "8556782712", "date": "2021-01-23 17:15:00", "subject": "11", "recorded-or-robo": "Y", "city": "Valleyford", "state": "WA", "area-code": "855"}, {"id": "3decc6bfadaa436a105714c6ba675ab8", "number": "3186566326", "date": "2021-01-22 12:50:00", "subject": "0", "recorded-or-robo": "Y", "city": "Jacksonville", "state": "TX", "area-code": "903"}, {"id": "1d36742e3f24f50e4e7ae82801fd6207", "number": "3186566326", "date": "2021-01-22 12:50:00", "subject": "0", "recorded-or-robo": "Y", "city": "Jacksonville", "state": "TX", "area-code": "903"}, {"id": "3decc6bfadaa436a105714c6ba67558f", "number": "5099221930", "date": "2021-01-22 11:37:00", "subject": "2", "recorded-or-robo": "", "city": "Spokane Valley", "state": "WA", "area-code": "509"}, {"id": "1d36742e3f24f50e4e7ae82801fd5917", "number": "5099221930", "date": "2021-01-22 11:37:00", "subject": "2", "recorded-or-robo": "", "city": "Spokane Valley", "state": "WA", "area-code": "509"}, {"id": "3decc6bfadaa436a105714c6ba67529c", "number": "5099284529", "date": "2021-01-23 17:06:00", "subject": "1", "recorded-or-robo": "Y", "city": "Spokane Valley", "state": "WA", "area-code": "509"}, {"id": "1d36742e3f24f50e4e7ae82801fd4ffc", "number": "5099284529", "date": "2021-01-23 17:06:00", "subject": "1", "recorded-or-robo": "Y", "city": "Spokane Valley", "state": "WA", "area-code": "509"}, {"id": "3decc6bfadaa436a105714c6ba87b3ed", "number": "6468857083", "date": "2020-12-09 12:23:00", "subject": "3", "recorded-or-robo": "Y", "city": "", "state": "NY", "area-code": "718"}, {"id": "03e293b3df9e35eadf15c561191e4601", "number": "6468857083", "date": "2020-12-09 12:23:00", "subject": "3", "recorded-or-robo": "Y", "city": "", "state": "NY", "area-code": "718"}, {"id": "3decc6bfadaa436a105714c6ba674430", "number": "8552151830", "date": "2021-01-22 09:40:00", "subject": "1", "recorded-or-robo": "Y", "city": "Jacksonville", "state": "TX", "area-code": "903"}, {"id": "1d36742e3f24f50e4e7ae82801fd4290", "number": "8552151830", "date": "2021-01-22 09:40:00", "subject": "1", "recorded-or-robo": "Y", "city": "Jacksonville", "state": "TX", "area-code": "903"}, {"id": "3decc6bfadaa436a105714c6ba673ee7", "number": "4052267651", "date": "2021-01-23 16:14:00", "subject": "13", "recorded-or-robo": "", "city": "Mililani", "state": "HI", "area-code": "808"}, {"id": "1d36742e3f24f50e4e7ae82801fd3dd4", "number": "4052267651", "date": "2021-01-23 16:14:00", "subject": "13", "recorded-or-robo": "", "city": "Mililani", "state": "HI", "area-code": "808"}, {"id": "3decc6bfadaa436a105714c6ba672fa9", "number": "3152328257", "date": "2021-01-23 16:55:00", "subject": "2", "recorded-or-robo": "Y", "city": "Tieton", "state": "WA", "area-code": "509"}, {"id": "1d36742e3f24f50e4e7ae82801fd3ba9", "number": "3152328257", "date": "2021-01-23 16:55:00", "subject": "2", "recorded-or-robo": "Y", "city": "Tieton", "state": "WA", "area-code": "509"}, {"id": "3decc6bfadaa436a105714c6ba672b46", "number": "5513010731", "date": "2021-01-22 09:44:00", "subject": "1", "recorded-or-robo": "", "city": "Spokane Valley", "state": "WA", "area-code": "509"}, {"id": "1d36742e3f24f50e4e7ae82801fd3983", "number": "5513010731", "date": "2021-01-22 09:44:00", "subject": "1", "recorded-or-robo": "", "city": "Spokane Valley", "state": "WA", "area-code": "509"}, {"id": "3decc6bfadaa436a105714c6ba6724e5", "number": "3145504307", "date": "2021-01-23 04:00:00", "subject": "2", "recorded-or-robo": "Y", "city": "Wentzville", "state": "MO", "area-code": "314"}, {"id": "1d36742e3f24f50e4e7ae82801fd29a0", "number": "3145504307", "date": "2021-01-23 04:00:00", "subject": "2", "recorded-or-robo": "Y", "city": "Wentzville", "state": "MO", "area-code": "314"}, {"id": "3decc6bfadaa436a105714c6ba671c66", "number": "7252321164", "date": "2021-01-23 19:23:00", "subject": "13", "recorded-or-robo": "", "city": "Mililani", "state": "HI", "area-code": "808"}, {"id": "1d36742e3f24f50e4e7ae82801fd1c14", "number": "7252321164", "date": "2021-01-23 19:23:00", "subject": "13", "recorded-or-robo": "", "city": "Mililani", "state": "HI", "area-code": "808"}, {"id": "3decc6bfadaa436a105714c6ba671754", "number": "8034228105", "date": "2021-01-23 08:40:00", "subject": "3", "recorded-or-robo": "N", "city": "", "state": "CA", "area-code": "831"}, {"id": "1d36742e3f24f50e4e7ae82801fd0dbe", "number": "8034228105", "date": "2021-01-23 08:40:00", "subject": "3", "recorded-or-robo": "N", "city": "", "state": "CA", "area-code": "831"}, {"id": "3decc6bfadaa436a105714c6ba811aff", "number": "+16264693885", "date": "2021-01-23 20:15:45", "subject": "3", "recorded-or-robo": "Y", "city": "", "state": "CA", "area-code": "310"}, {"id": "03e293b3df9e35eadf15c5611917988c", "number": "+16264693885", "date": "2021-01-23 20:15:45", "subject": "3", "recorded-or-robo": "Y", "city": "", "state": "CA", "area-code": "310"}, {"id": "3decc6bfadaa436a105714c6ba6716c9", "number": "3307141504", "date": "2021-01-23 20:13:00", "subject": "2", "recorded-or-robo": "Y", "city": "Kent", "state": "OH", "area-code": "330"}, {"id": "1d36742e3f24f50e4e7ae82801fd0bd7", "number": "3307141504", "date": "2021-01-23 20:13:00", "subject": "2", "recorded-or-robo": "Y", "city": "Kent", "state": "OH", "area-code": "330"}, {"id": "3decc6bfadaa436a105714c6ba671056", "number": "8634925218", "date": "2021-01-23 00:00:00", "subject": "2", "recorded-or-robo": "Y", "city": "Davenport", "state": "FL", "area-code": "863"}, {"id": "1d36742e3f24f50e4e7ae82801fd00d5", "number": "8634925218", "date": "2021-01-23 00:00:00", "subject": "2", "recorded-or-robo": "Y", "city": "Davenport", "state": "FL", "area-code": "863"}, {"id": "3decc6bfadaa436a105714c6ba6701c8", "number": "5099284529", "date": "2021-01-23 16:00:00", "subject": "1", "recorded-or-robo": "Y", "city": "Spokane Valley", "state": "WA", "area-code": "509"}, {"id": "1d36742e3f24f50e4e7ae82801fd0072", "number": "5099284529", "date": "2021-01-23 16:00:00", "subject": "1", "recorded-or-robo": "Y", "city": "Spokane Valley", "state": "WA", "area-code": "509"}, {"id": "3decc6bfadaa436a105714c6ba66f5e9", "number": "5418463929", "date": "2021-01-23 10:04:00", "subject": "3", "recorded-or-robo": "N", "city": "", "state": "CA", "area-code": "831"}, {"id": "1d36742e3f24f50e4e7ae82801fcfffb", "number": "5418463929", "date": "2021-01-23 10:04:00", "subject": "3", "recorded-or-robo": "N", "city": "", "state": "CA", "area-code": "831"}, {"id": "3decc6bfadaa436a105714c6ba66eb2d", "number": "5513010563", "date": "2021-01-19 10:48:00", "subject": "2", "recorded-or-robo": "", "city": "Spokane Valley", "state": "WA", "area-code": "509"}]}