{"data": [{"id": "1d36742e3f24f50e4e7ae82801f7c54c", "number": "8128108059", "date": "2021-01-21 14:25:00", "subject": "2", "recorded-or-robo": "Y", "city": "", "state": "CA", "area-code": "310"}, {"id": "3decc6bfadaa436a105714c6ba61b421", "number": "2522010122", "date": "2021-01-22 15:17:00", "subject": "3", "recorded-or-robo": "Y", "city": "", "state": "NC", "area-code": "252"}, {"id": "1d36742e3f24f50e4e7ae82801f7c510", "number": "2522010122", "date": "2021-01-22 15:17:00", "subject": "3", "recorded-or-robo": "Y", "city": "", "state": "NC", "area-code": "252"}, {"id": "3decc6bfadaa436a105714c6ba8023a3", "number": "3097771259", "date": "2021-01-23 19:33:51", "subject": "3", "recorded-or-robo": "Y", "city": "", "state": "FL", "area-code": "813"}, {"id": "03e293b3df9e35eadf15c5611916898f", "number": "3097771259", "date": "2021-01-23 19:33:51", "subject": "3", "recorded-or-robo": "Y", "city": "", "state": "FL", "area-code": "813"}, {"id": "3decc6bfadaa436a105714c6ba618897", "number": "6366492186", "date": "2021-01-22 09:01:00", "subject": "3", "recorded-or-robo": "", "city": "", "state": "MO", "area-code": "636"}, {"id": "1d36742e3f24f50e4e7ae82801f787f1", "number": "6366492186", "date": "2021-01-22 09:01:00", "subject": "3", "recorded-or-robo": "", "city": "", "state": "MO", "area-code": "636"}, {"id": "3decc6bfadaa436a105714c6ba61ac87", "number": "", "date": "2021-01-23 00:00:00", "subject": "3", "recorded-or-robo": "Y", "city": "", "state": "OH", "area-code": "440"}, {"id": "1d36742e3f24f50e4e7ae82801f7bbdb", "number": "", "date": "2021-01-23 00:00:00", "subject": "3", "recorded-or-robo": "Y", "city": "", "state": "OH", "area-code": "440"}, {"id": "3decc6bfadaa436a105714c6ba61a1f9", "number": "6504023132", "date": "2021-01-21 18:54:00", "subject": "2", "recorded-or-robo": "Y", "city": "", "state": "CA", "area-code": "310"}, {"id": "1d36742e3f24f50e4e7ae82801f7adf4", "number": "6504023132", "date": "2021-01-21 18:54:00", "subject": "2", "recorded-or-robo": "Y", "city": "", "state": "CA", "area-code": "310"}, {"id": "3decc6bfadaa436a105714c6ba619c0b", "number": "4109736276", "date": "2021-01-22 09:30:00", "subject": "0", "recorded-or-robo": "", "city": "", "state": "MD", "area-code": "410"}, {"id": "1d36742e3f24f50e4e7ae82801f7a273", "number": "4109736276", "date": "2021-01-22 09:30:00", "subject": "0", "recorded-or-robo": "", "city": "", "state": "MD", "area-code": "410"}, {"id": "3decc6bfadaa436a105714c6ba619692", "number": "9192294836", "date": "2021-01-22 15:49:00", "subject": "3", "recorded-or-robo": "Y", "city": "", "state": "NC", "area-code": "252"}, {"id": "1d36742e3f24f50e4e7ae82801f79e81", "number": "9192294836", "date": "2021-01-22 15:49:00", "subject": "3", "recorded-or-robo": "Y", "city": "", "state": "NC", "area-code": "252"}, {"id": "3decc6bfadaa436a105714c6ba618d2c", "number": "8439680326", "date": "2021-01-22 09:15:00", "subject": "0", "recorded-or-robo": "Y", "city": "", "state": "MD", "area-code": "410"}, {"id": "1d36742e3f24f50e4e7ae82801f7973c", "number": "8439680326", "date": "2021-01-22 09:15:00", "subject": "0", "recorded-or-robo": "Y", "city": "", "state": "MD", "area-code": "410"}, {"id": "3decc6bfadaa436a105714c6ba617f2c", "number": "4588880521", "date": "2021-01-22 15:58:00", "subject": "3", "recorded-or-robo": "Y", "city": "", "state": "NC", "area-code": "252"}, {"id": "1d36742e3f24f50e4e7ae82801f77861", "number": "4588880521", "date": "2021-01-22 15:58:00", "subject": "3", "recorded-or-robo": "Y", "city": "", "state": "NC", "area-code": "252"}, {"id": "3decc6bfadaa436a105714c6ba617ca3", "number": "8123651214", "date": "2021-01-22 06:50:00", "subject": "2", "recorded-or-robo": "Y", "city": "", "state": "CA", "area-code": "310"}, {"id": "1d36742e3f24f50e4e7ae82801f76d3a", "number": "8123651214", "date": "2021-01-22 06:50:00", "subject": "2", "recorded-or-robo": "Y", "city": "", "state": "CA", "area-code": "310"}, {"id": "3decc6bfadaa436a105714c6ba617913", "number": "", "date": "2021-01-15 11:55:00", "subject": "12", "recorded-or-robo": "Y", "city": "Oceanside", "state": "CA", "area-code": "760"}, {"id": "1d36742e3f24f50e4e7ae82801f763c6", "number": "", "date": "2021-01-15 11:55:00", "subject": "12", "recorded-or-robo": "Y", "city": "Oceanside", "state": "CA", "area-code": "760"}, {"id": "3decc6bfadaa436a105714c6ba6175a0", "number": "4107296108", "date": "2021-01-22 10:20:00", "subject": "4", "recorded-or-robo": "Y", "city": "", "state": "MD", "area-code": "410"}, {"id": "1d36742e3f24f50e4e7ae82801f75ce5", "number": "4107296108", "date": "2021-01-22 10:20:00", "subject": "4", "recorded-or-robo": "Y", "city": "", "state": "MD", "area-code": "410"}, {"id": "3decc6bfadaa436a105714c6ba616bc0", "number": "8147430514", "date": "2021-01-22 09:15:00", "subject": "0", "recorded-or-robo": "Y", "city": "", "state": "MD", "area-code": "410"}, {"id": "1d36742e3f24f50e4e7ae82801f757bf", "number": "8147430514", "date": "2021-01-22 09:15:00", "subject": "0", "recorded-or-robo": "Y", "city": "", "state": "MD", "area-code": "410"}, {"id": "3decc6bfadaa436a105714c6ba6162f2", "number": "8009666493", "date": "2021-01-21 00:00:00", "subject": "0", "recorded-or-robo": "N", "city": "Phoenix", "state": "AZ", "area-code": "480"}, {"id": "1d36742e3f24f50e4e7ae82801f74b90", "number": "8009666493", "date": "2021-01-21 00:00:00", "subject": "0", "recorded-or-robo": "N", "city": "Phoenix", "state": "AZ", "area-code": "480"}, {"id": "3decc6bfadaa436a105714c6ba615b61", "number": "8123376187", "date": "2021-01-22 08:47:00", "subject": "2", "recorded-or-robo": "N", "city": "", "state": "CA", "area-code": "310"}, {"id": "1d36742e3f24f50e4e7ae82801f73f65", "number": "8123376187", "date": "2021-01-22 08:47:00", "subject": "2", "recorded-or-robo": "N", "city": "", "state": "CA", "area-code": "310"}, {"id": "3decc6bfadaa436a105714c6ba612896", "number": "8647740765", "date": "2021-01-22 12:29:00", "subject": "3", "recorded-or-robo": "", "city": "", "state": "MO", "area-code": "636"}, {"id": "1d36742e3f24f50e4e7ae82801f70948", "number": "8647740765", "date": "2021-01-22 12:29:00", "subject": "3", "recorded-or-robo": "", "city": "", "state": "MO", "area-code": "636"}, {"id": "3decc6bfadaa436a105714c6ba615075", "number": "9253288197", "date": "2021-01-19 13:58:00", "subject": "4", "recorded-or-robo": "Y", "city": "", "state": "CA", "area-code": "408"}, {"id": "1d36742e3f24f50e4e7ae82801f73cc0", "number": "9253288197", "date": "2021-01-19 13:58:00", "subject": "4", "recorded-or-robo": "Y", "city": "", "state": "CA", "area-code": "408"}, {"id": "3decc6bfadaa436a105714c6ba801896", "number": "+18044292710", "date": "2021-01-23 19:32:00", "subject": "3", "recorded-or-robo": "N", "city": "", "state": "VA", "area-code": "804"}, {"id": "03e293b3df9e35eadf15c56119167b05", "number": "+18044292710", "date": "2021-01-23 19:32:00", "subject": "3", "recorded-or-robo": "N", "city": "", "state": "VA", "area-code": "804"}, {"id": "3decc6bfadaa436a105714c6ba614c39", "number": "4083104030", "date": "2021-01-22 17:00:00", "subject": "3", "recorded-or-robo": "Y", "city": "", "state": "NC", "area-code": "252"}, {"id": "1d36742e3f24f50e4e7ae82801f732e8", "number": "4083104030", "date": "2021-01-22 17:00:00", "subject": "3", "recorded-or-robo": "Y", "city": "", "state": "NC", "area-code": "252"}, {"id": "3decc6bfadaa436a105714c6ba6143f0", "number": "6822282827", "date": "2021-01-23 18:15:00", "subject": "0", "recorded-or-robo": "Y", "city": "Weatherford", "state": "TX", "area-code": "682"}, {"id": "1d36742e3f24f50e4e7ae82801f73271", "number": "6822282827", "date": "2021-01-23 18:15:00", "subject": "0", "recorded-or-robo": "Y", "city": "Weatherford", "state": "TX", "area-code": "682"}, {"id": "3decc6bfadaa436a105714c6ba613fe1", "number": "9842137611", "date": "2021-01-22 09:00:00", "subject": "0", "recorded-or-robo": "Y", "city": "", "state": "MD", "area-code": "410"}, {"id": "1d36742e3f24f50e4e7ae82801f72e00", "number": "9842137611", "date": "2021-01-22 09:00:00", "subject": "0", "recorded-or-robo": "Y", "city": "", "state": "MD", "area-code": "410"}, {"id": "3decc6bfadaa436a105714c6ba613742", "number": "8123927138", "date": "2021-01-22 09:42:00", "subject": "2", "recorded-or-robo": "Y", "city": "", "state": "CA", "area-code": "310"}, {"id": "1d36742e3f24f50e4e7ae82801f71eaa", "number": "8123927138", "date": "2021-01-22 09:42:00", "subject": "2", "recorded-or-robo": "Y", "city": "", "state": "CA", "area-code": "310"}, {"id": "3decc6bfadaa436a105714c6ba612fb9", "number": "4104520618", "date": "2021-01-21 16:58:00", "subject": "0", "recorded-or-robo": "", "city": "", "state": "MD", "area-code": "410"}, {"id": "1d36742e3f24f50e4e7ae82801f7160c", "number": "4104520618", "date": "2021-01-21 16:58:00", "subject": "0", "recorded-or-robo": "", "city": "", "state": "MD", "area-code": "410"}, {"id": "3decc6bfadaa436a105714c6ba800dc1", "number": "8707535088", "date": "2021-01-23 19:31:13", "subject": "3", "recorded-or-robo": "Y", "city": "", "state": "FL", "area-code": "954"}, {"id": "03e293b3df9e35eadf15c56119167298", "number": "8707535088", "date": "2021-01-23 19:31:13", "subject": "3", "recorded-or-robo": "Y", "city": "", "state": "FL", "area-code": "954"}, {"id": "3decc6bfadaa436a105714c6ba6125e3", "number": "5022420116", "date": "2021-01-22 17:36:00", "subject": "3", "recorded-or-robo": "", "city": "", "state": "NC", "area-code": "252"}]}