{"data": [{"id": "1d36742e3f24f50e4e7ae82801d2faa6", "number": "966571958729", "date": "2021-01-22 04:46:00", "subject": "2", "recorded-or-robo": "Y", "city": "Runnells", "state": "IA", "area-code": "641"}, {"id": "3decc6bfadaa436a105714c6ba3d1ca5", "number": "8774785043", "date": "2021-01-21 11:10:00", "subject": "3", "recorded-or-robo": "Y", "city": "", "state": "RI", "area-code": "401"}, {"id": "1d36742e3f24f50e4e7ae82801d2eb1b", "number": "8774785043", "date": "2021-01-21 11:10:00", "subject": "3", "recorded-or-robo": "Y", "city": "", "state": "RI", "area-code": "401"}, {"id": "3decc6bfadaa436a105714c6ba3d1bd6", "number": "", "date": "2021-01-23 12:00:00", "subject": "0", "recorded-or-robo": "Y", "city": "Sarasota", "state": "FL", "area-code": "813"}, {"id": "1d36742e3f24f50e4e7ae82801d2dc6f", "number": "", "date": "2021-01-23 12:00:00", "subject": "0", "recorded-or-robo": "Y", "city": "Sarasota", "state": "FL", "area-code": "813"}, {"id": "3decc6bfadaa436a105714c6ba3d16dd", "number": "5072991177", "date": "2021-01-21 14:44:00", "subject": "2", "recorded-or-robo": "N", "city": "West Terre Haute", "state": "IN", "area-code": "507"}, {"id": "1d36742e3f24f50e4e7ae82801d2d63f", "number": "5072991177", "date": "2021-01-21 14:44:00", "subject": "2", "recorded-or-robo": "N", "city": "West Terre Haute", "state": "IN", "area-code": "507"}, {"id": "3decc6bfadaa436a105714c6ba3d1329", "number": "2512444032", "date": "2021-01-08 10:00:00", "subject": "3", "recorded-or-robo": "N", "city": "", "state": "AL", "area-code": "251"}, {"id": "1d36742e3f24f50e4e7ae82801d2c79b", "number": "2512444032", "date": "2021-01-08 10:00:00", "subject": "3", "recorded-or-robo": "N", "city": "", "state": "AL", "area-code": "251"}, {"id": "3decc6bfadaa436a105714c6ba3ccb71", "number": "8013873878", "date": "2021-01-21 15:18:00", "subject": "3", "recorded-or-robo": "", "city": "", "state": "UT", "area-code": "801"}, {"id": "1d36742e3f24f50e4e7ae82801d284f4", "number": "8013873878", "date": "2021-01-21 15:18:00", "subject": "3", "recorded-or-robo": "", "city": "", "state": "UT", "area-code": "801"}, {"id": "3decc6bfadaa436a105714c6ba3d0f94", "number": "617947799", "date": "2021-01-09 15:45:00", "subject": "1", "recorded-or-robo": "Y", "city": "Lakewood", "state": "CO", "area-code": "720"}, {"id": "1d36742e3f24f50e4e7ae82801d2c57a", "number": "617947799", "date": "2021-01-09 15:45:00", "subject": "1", "recorded-or-robo": "Y", "city": "Lakewood", "state": "CO", "area-code": "720"}, {"id": "3decc6bfadaa436a105714c6ba3d03e3", "number": "3523108863", "date": "2021-01-23 16:27:00", "subject": "6", "recorded-or-robo": "N", "city": "Ocala", "state": "FL", "area-code": "352"}, {"id": "1d36742e3f24f50e4e7ae82801d2bc61", "number": "3523108863", "date": "2021-01-23 16:27:00", "subject": "6", "recorded-or-robo": "N", "city": "Ocala", "state": "FL", "area-code": "352"}, {"id": "3decc6bfadaa436a105714c6ba3d02ec", "number": "8556786246", "date": "2021-01-23 13:25:00", "subject": "2", "recorded-or-robo": "Y", "city": "Knoxville", "state": "TN", "area-code": "865"}, {"id": "1d36742e3f24f50e4e7ae82801d2b572", "number": "8556786246", "date": "2021-01-23 13:25:00", "subject": "2", "recorded-or-robo": "Y", "city": "Knoxville", "state": "TN", "area-code": "865"}, {"id": "3decc6bfadaa436a105714c6ba3cfd0b", "number": "7023694106", "date": "2021-01-23 16:00:00", "subject": "2", "recorded-or-robo": "Y", "city": "Bismarck", "state": "ND", "area-code": "701"}, {"id": "1d36742e3f24f50e4e7ae82801d2b465", "number": "7023694106", "date": "2021-01-23 16:00:00", "subject": "2", "recorded-or-robo": "Y", "city": "Bismarck", "state": "ND", "area-code": "701"}, {"id": "3decc6bfadaa436a105714c6ba3cf2a0", "number": "2512768784", "date": "2021-01-08 10:00:00", "subject": "3", "recorded-or-robo": "N", "city": "", "state": "AL", "area-code": "251"}, {"id": "1d36742e3f24f50e4e7ae82801d2b29c", "number": "2512768784", "date": "2021-01-08 10:00:00", "subject": "3", "recorded-or-robo": "N", "city": "", "state": "AL", "area-code": "251"}, {"id": "3decc6bfadaa436a105714c6ba3cec15", "number": "178132811322", "date": "2021-01-22 09:06:00", "subject": "0", "recorded-or-robo": "Y", "city": "randolph", "state": "MA", "area-code": "781"}, {"id": "1d36742e3f24f50e4e7ae82801d2ade0", "number": "178132811322", "date": "2021-01-22 09:06:00", "subject": "0", "recorded-or-robo": "Y", "city": "randolph", "state": "MA", "area-code": "781"}, {"id": "3decc6bfadaa436a105714c6ba3ce93d", "number": "4019349951", "date": "2021-01-21 10:50:00", "subject": "0", "recorded-or-robo": "Y", "city": "", "state": "RI", "area-code": "401"}, {"id": "1d36742e3f24f50e4e7ae82801d2a130", "number": "4019349951", "date": "2021-01-21 10:50:00", "subject": "0", "recorded-or-robo": "Y", "city": "", "state": "RI", "area-code": "401"}, {"id": "3decc6bfadaa436a105714c6ba7a60bd", "number": "8185843645", "date": "2021-01-23 17:11:06", "subject": "3", "recorded-or-robo": "Y", "city": "", "state": "CA", "area-code": "818"}, {"id": "03e293b3df9e35eadf15c5611910dde4", "number": "8185843645", "date": "2021-01-23 17:11:06", "subject": "3", "recorded-or-robo": "Y", "city": "", "state": "CA", "area-code": "818"}, {"id": "3decc6bfadaa436a105714c6ba3ce392", "number": "37065003417", "date": "2021-01-22 04:43:00", "subject": "2", "recorded-or-robo": "Y", "city": "Runnells", "state": "IA", "area-code": "641"}, {"id": "1d36742e3f24f50e4e7ae82801d2a027", "number": "37065003417", "date": "2021-01-22 04:43:00", "subject": "2", "recorded-or-robo": "Y", "city": "Runnells", "state": "IA", "area-code": "641"}, {"id": "3decc6bfadaa436a105714c6ba3cdaea", "number": "5165708326", "date": "2021-01-23 13:57:00", "subject": "2", "recorded-or-robo": "Y", "city": "Jamaica", "state": "NY", "area-code": "718"}, {"id": "1d36742e3f24f50e4e7ae82801d29c82", "number": "5165708326", "date": "2021-01-23 13:57:00", "subject": "2", "recorded-or-robo": "Y", "city": "Jamaica", "state": "NY", "area-code": "718"}, {"id": "3decc6bfadaa436a105714c6ba3cd833", "number": "8556788285", "date": "2021-01-23 13:15:00", "subject": "2", "recorded-or-robo": "Y", "city": "Knoxville", "state": "TN", "area-code": "865"}, {"id": "1d36742e3f24f50e4e7ae82801d2921b", "number": "8556788285", "date": "2021-01-23 13:15:00", "subject": "2", "recorded-or-robo": "Y", "city": "Knoxville", "state": "TN", "area-code": "865"}, {"id": "3decc6bfadaa436a105714c6ba3cc6dd", "number": "2513178626", "date": "2021-01-08 11:00:00", "subject": "3", "recorded-or-robo": "N", "city": "", "state": "AL", "area-code": "251"}, {"id": "1d36742e3f24f50e4e7ae82801d27828", "number": "2513178626", "date": "2021-01-08 11:00:00", "subject": "3", "recorded-or-robo": "N", "city": "", "state": "AL", "area-code": "251"}, {"id": "3decc6bfadaa436a105714c6ba7a7bfb", "number": "+15805767548", "date": "2021-01-23 17:09:34", "subject": "3", "recorded-or-robo": "N", "city": "", "state": "OK", "area-code": "580"}, {"id": "03e293b3df9e35eadf15c5611910fa93", "number": "+15805767548", "date": "2021-01-23 17:09:34", "subject": "3", "recorded-or-robo": "N", "city": "", "state": "OK", "area-code": "580"}, {"id": "3decc6bfadaa436a105714c6ba3cc0b0", "number": "5185398694", "date": "2021-01-21 10:28:00", "subject": "0", "recorded-or-robo": "Y", "city": "", "state": "RI", "area-code": "401"}, {"id": "1d36742e3f24f50e4e7ae82801d26f59", "number": "5185398694", "date": "2021-01-21 10:28:00", "subject": "0", "recorded-or-robo": "Y", "city": "", "state": "RI", "area-code": "401"}, {"id": "3decc6bfadaa436a105714c6ba3cbfa6", "number": "2513164526", "date": "2021-01-08 12:00:00", "subject": "3", "recorded-or-robo": "N", "city": "", "state": "AL", "area-code": "251"}, {"id": "1d36742e3f24f50e4e7ae82801d26aa9", "number": "2513164526", "date": "2021-01-08 12:00:00", "subject": "3", "recorded-or-robo": "N", "city": "", "state": "AL", "area-code": "251"}, {"id": "3decc6bfadaa436a105714c6ba3cb76e", "number": "4122249360", "date": "2021-01-23 15:46:00", "subject": "1", "recorded-or-robo": "N", "city": "LaPorte", "state": "IN", "area-code": "219"}, {"id": "1d36742e3f24f50e4e7ae82801d265de", "number": "4122249360", "date": "2021-01-23 15:46:00", "subject": "1", "recorded-or-robo": "N", "city": "LaPorte", "state": "IN", "area-code": "219"}, {"id": "3decc6bfadaa436a105714c6ba3cabfc", "number": "3128936517", "date": "2021-01-22 16:04:00", "subject": "4", "recorded-or-robo": "Y", "city": "", "state": "IL", "area-code": "217"}, {"id": "1d36742e3f24f50e4e7ae82801d25702", "number": "3128936517", "date": "2021-01-22 16:04:00", "subject": "4", "recorded-or-robo": "Y", "city": "", "state": "IL", "area-code": "217"}, {"id": "3decc6bfadaa436a105714c6ba7a98cd", "number": "+18775898809", "date": "2021-01-23 17:08:41", "subject": "3", "recorded-or-robo": "Y", "city": "", "state": "NV", "area-code": "702"}, {"id": "03e293b3df9e35eadf15c561191116c3", "number": "+18775898809", "date": "2021-01-23 17:08:41", "subject": "3", "recorded-or-robo": "Y", "city": "", "state": "NV", "area-code": "702"}, {"id": "3decc6bfadaa436a105714c6ba7a8a7f", "number": "7038446787", "date": "2021-01-23 17:08:38", "subject": "3", "recorded-or-robo": "Y", "city": "", "state": "VA", "area-code": "703"}, {"id": "03e293b3df9e35eadf15c561191107ab", "number": "7038446787", "date": "2021-01-23 17:08:38", "subject": "3", "recorded-or-robo": "Y", "city": "", "state": "VA", "area-code": "703"}, {"id": "3decc6bfadaa436a105714c6ba3ca7f4", "number": "8808992421", "date": "2021-01-09 12:20:00", "subject": "1", "recorded-or-robo": "Y", "city": "Lakewood", "state": "CO", "area-code": "720"}]}