{"data": [{"id": "1d36742e3f24f50e4e7ae82801ee2905", "number": "9402139770", "date": "2021-01-23 11:17:00", "subject": "3", "recorded-or-robo": "Y", "city": "", "state": "TX", "area-code": "940"}, {"id": "e81c9350d54f66c6d33b3747eef7cd46", "number": "9035056152", "date": "2021-01-18 09:42:00", "subject": "4", "recorded-or-robo": "Y", "city": "Flint", "state": "TX", "area-code": "903"}, {"id": "1d36742e3f24f50e4e7ae828018e2bfa", "number": "9035056152", "date": "2021-01-18 09:42:00", "subject": "4", "recorded-or-robo": "Y", "city": "Flint", "state": "TX", "area-code": "903"}, {"id": "e81c9350d54f66c6d33b3747eef7c54e", "number": "8556782972", "date": "2021-01-23 12:17:00", "subject": "11", "recorded-or-robo": "Y", "city": "", "state": "TN", "area-code": "865"}, {"id": "1d36742e3f24f50e4e7ae828018e2361", "number": "8556782972", "date": "2021-01-23 12:17:00", "subject": "11", "recorded-or-robo": "Y", "city": "", "state": "TN", "area-code": "865"}, {"id": "e81c9350d54f66c6d33b3747eef7bdc6", "number": "4079049240", "date": "2021-01-22 10:08:00", "subject": "3", "recorded-or-robo": "N", "city": "", "state": "FL", "area-code": "407"}, {"id": "1d36742e3f24f50e4e7ae828018e185a", "number": "4079049240", "date": "2021-01-22 10:08:00", "subject": "3", "recorded-or-robo": "N", "city": "", "state": "FL", "area-code": "407"}, {"id": "e81c9350d54f66c6d33b3747eef7adcb", "number": "8322617039", "date": "2021-01-22 13:08:00", "subject": "8", "recorded-or-robo": "N", "city": "Austin", "state": "TX", "area-code": "512"}, {"id": "1d36742e3f24f50e4e7ae828018e0da0", "number": "8322617039", "date": "2021-01-22 13:08:00", "subject": "8", "recorded-or-robo": "N", "city": "Austin", "state": "TX", "area-code": "512"}, {"id": "e81c9350d54f66c6d33b3747eef7ab33", "number": "3308802000", "date": "2021-01-22 19:29:00", "subject": "0", "recorded-or-robo": "N", "city": "Alliance", "state": "OH", "area-code": "330"}, {"id": "1d36742e3f24f50e4e7ae828018e0384", "number": "3308802000", "date": "2021-01-22 19:29:00", "subject": "0", "recorded-or-robo": "N", "city": "Alliance", "state": "OH", "area-code": "330"}, {"id": "e81c9350d54f66c6d33b3747eef7a0b9", "number": "9082486504", "date": "2021-01-19 18:44:00", "subject": "5", "recorded-or-robo": "Y", "city": "Roselle Park", "state": "NJ", "area-code": "908"}, {"id": "1d36742e3f24f50e4e7ae828018dff15", "number": "9082486504", "date": "2021-01-19 18:44:00", "subject": "5", "recorded-or-robo": "Y", "city": "Roselle Park", "state": "NJ", "area-code": "908"}, {"id": "e81c9350d54f66c6d33b3747eef79a54", "number": "6179586254", "date": "2021-01-23 12:20:00", "subject": "2", "recorded-or-robo": "N", "city": "Dorchester", "state": "MA", "area-code": "857"}, {"id": "1d36742e3f24f50e4e7ae828018df5b6", "number": "6179586254", "date": "2021-01-23 12:20:00", "subject": "2", "recorded-or-robo": "N", "city": "Dorchester", "state": "MA", "area-code": "857"}, {"id": "e81c9350d54f66c6d33b3747eef7941e", "number": "4079049240", "date": "2021-01-22 10:24:00", "subject": "3", "recorded-or-robo": "N", "city": "", "state": "FL", "area-code": "407"}, {"id": "1d36742e3f24f50e4e7ae828018de821", "number": "4079049240", "date": "2021-01-22 10:24:00", "subject": "3", "recorded-or-robo": "N", "city": "", "state": "FL", "area-code": "407"}, {"id": "e81c9350d54f66c6d33b3747eef78942", "number": "7185036732", "date": "2021-01-22 12:54:00", "subject": "2", "recorded-or-robo": "N", "city": "Middle Village", "state": "NY", "area-code": "718"}, {"id": "1d36742e3f24f50e4e7ae828018de52b", "number": "7185036732", "date": "2021-01-22 12:54:00", "subject": "2", "recorded-or-robo": "N", "city": "Middle Village", "state": "NY", "area-code": "718"}, {"id": "e81c9350d54f66c6d33b3747eef77c94", "number": "9199677445", "date": "2021-01-23 12:00:00", "subject": "2", "recorded-or-robo": "Y", "city": "Carrboro", "state": "NC", "area-code": "919"}, {"id": "1d36742e3f24f50e4e7ae828018ddd9e", "number": "9199677445", "date": "2021-01-23 12:00:00", "subject": "2", "recorded-or-robo": "Y", "city": "Carrboro", "state": "NC", "area-code": "919"}, {"id": "e81c9350d54f66c6d33b3747eef770b1", "number": "9033616476", "date": "2021-01-16 11:05:00", "subject": "2", "recorded-or-robo": "Y", "city": "Flint", "state": "TX", "area-code": "903"}, {"id": "1d36742e3f24f50e4e7ae828018dd7b8", "number": "9033616476", "date": "2021-01-16 11:05:00", "subject": "2", "recorded-or-robo": "Y", "city": "Flint", "state": "TX", "area-code": "903"}, {"id": "e81c9350d54f66c6d33b3747eef76c46", "number": "7155827328", "date": "2021-01-23 11:20:00", "subject": "4", "recorded-or-robo": "Y", "city": "", "state": "WI", "area-code": "715"}, {"id": "1d36742e3f24f50e4e7ae828018dc91e", "number": "7155827328", "date": "2021-01-23 11:20:00", "subject": "4", "recorded-or-robo": "Y", "city": "", "state": "WI", "area-code": "715"}, {"id": "e81c9350d54f66c6d33b3747eef75d9c", "number": "4075125296", "date": "2021-01-22 11:17:00", "subject": "3", "recorded-or-robo": "N", "city": "", "state": "FL", "area-code": "407"}, {"id": "1d36742e3f24f50e4e7ae828018db944", "number": "4075125296", "date": "2021-01-22 11:17:00", "subject": "3", "recorded-or-robo": "N", "city": "", "state": "FL", "area-code": "407"}, {"id": "e81c9350d54f66c6d33b3747eef756fd", "number": "4582075163", "date": "2021-01-22 12:37:00", "subject": "4", "recorded-or-robo": "Y", "city": "PORTLAND", "state": "OR", "area-code": "503"}, {"id": "1d36742e3f24f50e4e7ae828018dad94", "number": "4582075163", "date": "2021-01-22 12:37:00", "subject": "4", "recorded-or-robo": "Y", "city": "PORTLAND", "state": "OR", "area-code": "503"}, {"id": "e81c9350d54f66c6d33b3747eef75665", "number": "8177361347", "date": "2021-01-22 13:16:00", "subject": "8", "recorded-or-robo": "N", "city": "Austin", "state": "TX", "area-code": "512"}, {"id": "1d36742e3f24f50e4e7ae828018da705", "number": "8177361347", "date": "2021-01-22 13:16:00", "subject": "8", "recorded-or-robo": "N", "city": "Austin", "state": "TX", "area-code": "512"}, {"id": "e81c9350d54f66c6d33b3747eef75012", "number": "1408574148", "date": "2021-01-23 11:32:00", "subject": "1", "recorded-or-robo": "Y", "city": "Grove City", "state": "OH", "area-code": "865"}, {"id": "1d36742e3f24f50e4e7ae828018d9912", "number": "1408574148", "date": "2021-01-23 11:32:00", "subject": "1", "recorded-or-robo": "Y", "city": "Grove City", "state": "OH", "area-code": "865"}, {"id": "e81c9350d54f66c6d33b3747eef74a9d", "number": "6266843419", "date": "2021-01-23 09:18:00", "subject": "2", "recorded-or-robo": "Y", "city": "GLIDE", "state": "OR", "area-code": "541"}, {"id": "1d36742e3f24f50e4e7ae828018d975d", "number": "6266843419", "date": "2021-01-23 09:18:00", "subject": "2", "recorded-or-robo": "Y", "city": "GLIDE", "state": "OR", "area-code": "541"}, {"id": "e81c9350d54f66c6d33b3747eef74115", "number": "3462003604", "date": "2021-01-23 12:17:00", "subject": "2", "recorded-or-robo": "N", "city": "McKinney", "state": "TX", "area-code": "513"}, {"id": "1d36742e3f24f50e4e7ae828018d94dc", "number": "3462003604", "date": "2021-01-23 12:17:00", "subject": "2", "recorded-or-robo": "N", "city": "McKinney", "state": "TX", "area-code": "513"}, {"id": "e81c9350d54f66c6d33b3747eef73e71", "number": "6417027997", "date": "2021-01-22 11:44:00", "subject": "3", "recorded-or-robo": "N", "city": "", "state": "FL", "area-code": "407"}, {"id": "e81c9350d54f66c6d33b3747eef73652", "number": "8166545854", "date": "2021-01-23 09:31:00", "subject": "2", "recorded-or-robo": "N", "city": "Excelsior Springs", "state": "MO", "area-code": "816"}, {"id": "1d36742e3f24f50e4e7ae828018d90c5", "number": "6417027997", "date": "2021-01-22 11:44:00", "subject": "3", "recorded-or-robo": "N", "city": "", "state": "FL", "area-code": "407"}, {"id": "1d36742e3f24f50e4e7ae828018d82cb", "number": "8166545854", "date": "2021-01-23 09:31:00", "subject": "2", "recorded-or-robo": "N", "city": "Excelsior Springs", "state": "MO", "area-code": "816"}, {"id": "e81c9350d54f66c6d33b3747eef72c7f", "number": "4125192349", "date": "2021-01-23 12:15:00", "subject": "11", "recorded-or-robo": "Y", "city": "INDIANAPOLIS", "state": "IN", "area-code": "412"}, {"id": "e81c9350d54f66c6d33b3747eef726b9", "number": "9542788335", "date": "2021-01-22 17:46:00", "subject": "8", "recorded-or-robo": "Y", "city": "Carol Stream", "state": "IL", "area-code": "630"}, {"id": "1d36742e3f24f50e4e7ae828018d7bfe", "number": "4125192349", "date": "2021-01-23 12:15:00", "subject": "11", "recorded-or-robo": "Y", "city": "INDIANAPOLIS", "state": "IN", "area-code": "412"}, {"id": "1d36742e3f24f50e4e7ae828018d6f72", "number": "9542788335", "date": "2021-01-22 17:46:00", "subject": "8", "recorded-or-robo": "Y", "city": "Carol Stream", "state": "IL", "area-code": "630"}, {"id": "e81c9350d54f66c6d33b3747eef71bef", "number": "9082261926", "date": "2021-01-19 11:57:00", "subject": "5", "recorded-or-robo": "Y", "city": "Roselle Park", "state": "NJ", "area-code": "908"}, {"id": "1d36742e3f24f50e4e7ae828018d6a74", "number": "9082261926", "date": "2021-01-19 11:57:00", "subject": "5", "recorded-or-robo": "Y", "city": "Roselle Park", "state": "NJ", "area-code": "908"}, {"id": "e81c9350d54f66c6d33b3747eef71b6b", "number": "8059836500", "date": "2021-01-23 08:50:00", "subject": "2", "recorded-or-robo": "Y", "city": "", "state": "CA", "area-code": "805"}, {"id": "1d36742e3f24f50e4e7ae828018d64b6", "number": "8059836500", "date": "2021-01-23 08:50:00", "subject": "2", "recorded-or-robo": "Y", "city": "", "state": "CA", "area-code": "805"}, {"id": "e81c9350d54f66c6d33b3747eef711f5", "number": "9036640244", "date": "2021-01-15 10:54:00", "subject": "2", "recorded-or-robo": "Y", "city": "Flint", "state": "TX", "area-code": "903"}]}