{"data": [{"id": "1d36742e3f24f50e4e7ae82801805b54", "number": "3305665663", "date": "2021-01-22 12:25:00", "subject": "3", "recorded-or-robo": "Y", "city": "Akron", "state": "OH", "area-code": "330"}, {"id": "e81c9350d54f66c6d33b3747eeea7a32", "number": "2148455944", "date": "2021-01-23 10:27:00", "subject": "7", "recorded-or-robo": "N", "city": "Lewisville", "state": "TX", "area-code": "214"}, {"id": "1d36742e3f24f50e4e7ae82801804f48", "number": "2148455944", "date": "2021-01-23 10:27:00", "subject": "7", "recorded-or-robo": "N", "city": "Lewisville", "state": "TX", "area-code": "214"}, {"id": "e81c9350d54f66c6d33b3747eeea7046", "number": "9703418655", "date": "2021-01-21 09:56:00", "subject": "0", "recorded-or-robo": "Y", "city": "Loveland", "state": "CO", "area-code": "970"}, {"id": "1d36742e3f24f50e4e7ae82801804c5a", "number": "9703418655", "date": "2021-01-21 09:56:00", "subject": "0", "recorded-or-robo": "Y", "city": "Loveland", "state": "CO", "area-code": "970"}, {"id": "e81c9350d54f66c6d33b3747eeea679d", "number": "", "date": "2021-01-21 10:40:00", "subject": "4", "recorded-or-robo": "Y", "city": "", "state": "KY", "area-code": "270"}, {"id": "1d36742e3f24f50e4e7ae82801804b31", "number": "", "date": "2021-01-21 10:40:00", "subject": "4", "recorded-or-robo": "Y", "city": "", "state": "KY", "area-code": "270"}, {"id": "e81c9350d54f66c6d33b3747eeea3497", "number": "7144081741", "date": "2021-01-21 19:02:00", "subject": "3", "recorded-or-robo": "", "city": "", "state": "CA", "area-code": "831"}, {"id": "1d36742e3f24f50e4e7ae828017feec9", "number": "7144081741", "date": "2021-01-21 19:02:00", "subject": "3", "recorded-or-robo": "", "city": "", "state": "CA", "area-code": "831"}, {"id": "e81c9350d54f66c6d33b3747eeea5966", "number": "4255887480", "date": "2021-01-20 11:20:00", "subject": "0", "recorded-or-robo": "Y", "city": "", "state": "NJ", "area-code": "201"}, {"id": "1d36742e3f24f50e4e7ae8280180441c", "number": "4255887480", "date": "2021-01-20 11:20:00", "subject": "0", "recorded-or-robo": "Y", "city": "", "state": "NJ", "area-code": "201"}, {"id": "e81c9350d54f66c6d33b3747eeea51e8", "number": "7866775695", "date": "2021-01-22 12:00:00", "subject": "2", "recorded-or-robo": "Y", "city": "Prescott", "state": "WI", "area-code": "715"}, {"id": "3decc6bfadaa436a105714c6ba57941b", "number": "9894456331", "date": "2021-01-21 18:01:00", "subject": "3", "recorded-or-robo": "N", "city": "", "state": "MI", "area-code": "989"}, {"id": "1d36742e3f24f50e4e7ae82801edf247", "number": "9894456331", "date": "2021-01-21 18:01:00", "subject": "3", "recorded-or-robo": "N", "city": "", "state": "MI", "area-code": "989"}, {"id": "1d36742e3f24f50e4e7ae82801803df9", "number": "7866775695", "date": "2021-01-22 12:00:00", "subject": "2", "recorded-or-robo": "Y", "city": "Prescott", "state": "WI", "area-code": "715"}, {"id": "e81c9350d54f66c6d33b3747eeea4b68", "number": "2676591409", "date": "2021-01-23 21:17:00", "subject": "4", "recorded-or-robo": "Y", "city": "Hatfield", "state": "PA", "area-code": "215"}, {"id": "1d36742e3f24f50e4e7ae828018035bc", "number": "2676591409", "date": "2021-01-23 21:17:00", "subject": "4", "recorded-or-robo": "Y", "city": "Hatfield", "state": "PA", "area-code": "215"}, {"id": "e81c9350d54f66c6d33b3747eeea4aac", "number": "", "date": "2021-01-23 10:31:00", "subject": "1", "recorded-or-robo": "Y", "city": "", "state": "TX", "area-code": "210"}, {"id": "1d36742e3f24f50e4e7ae82801802b00", "number": "", "date": "2021-01-23 10:31:00", "subject": "1", "recorded-or-robo": "Y", "city": "", "state": "TX", "area-code": "210"}, {"id": "e81c9350d54f66c6d33b3747eeea4136", "number": "3302895776", "date": "2021-01-23 11:08:00", "subject": "1", "recorded-or-robo": "Y", "city": "Uniontown", "state": "OH", "area-code": "330"}, {"id": "1d36742e3f24f50e4e7ae82801801f44", "number": "3302895776", "date": "2021-01-23 11:08:00", "subject": "1", "recorded-or-robo": "Y", "city": "Uniontown", "state": "OH", "area-code": "330"}, {"id": "e81c9350d54f66c6d33b3747eeea3ef3", "number": "4807019409", "date": "2021-01-23 09:27:00", "subject": "6", "recorded-or-robo": "N", "city": "Phoenix", "state": "AZ", "area-code": "602"}, {"id": "1d36742e3f24f50e4e7ae828018013c5", "number": "4807019409", "date": "2021-01-23 09:27:00", "subject": "6", "recorded-or-robo": "N", "city": "Phoenix", "state": "AZ", "area-code": "602"}, {"id": "e81c9350d54f66c6d33b3747eeea3a30", "number": "7723537712", "date": "2021-01-21 15:13:00", "subject": "0", "recorded-or-robo": "Y", "city": "Loveland", "state": "CO", "area-code": "970"}, {"id": "1d36742e3f24f50e4e7ae8280180074f", "number": "7723537712", "date": "2021-01-21 15:13:00", "subject": "0", "recorded-or-robo": "Y", "city": "Loveland", "state": "CO", "area-code": "970"}, {"id": "e81c9350d54f66c6d33b3747eeea358a", "number": "3303766400", "date": "2021-01-22 11:27:00", "subject": "3", "recorded-or-robo": "Y", "city": "Akron", "state": "OH", "area-code": "330"}, {"id": "1d36742e3f24f50e4e7ae828017ffaa9", "number": "3303766400", "date": "2021-01-22 11:27:00", "subject": "3", "recorded-or-robo": "Y", "city": "Akron", "state": "OH", "area-code": "330"}, {"id": "e81c9350d54f66c6d33b3747eeea16d4", "number": "", "date": "2019-01-23 11:30:00", "subject": "3", "recorded-or-robo": "N", "city": "", "state": "MD", "area-code": "410"}, {"id": "1d36742e3f24f50e4e7ae828017fc6c8", "number": "", "date": "2019-01-23 11:30:00", "subject": "3", "recorded-or-robo": "N", "city": "", "state": "MD", "area-code": "410"}, {"id": "e81c9350d54f66c6d33b3747eee9e1b5", "number": "4022732291", "date": "2021-01-21 09:30:00", "subject": "3", "recorded-or-robo": "", "city": "", "state": "NE", "area-code": "402"}, {"id": "1d36742e3f24f50e4e7ae828017fa154", "number": "4022732291", "date": "2021-01-21 09:30:00", "subject": "3", "recorded-or-robo": "", "city": "", "state": "NE", "area-code": "402"}, {"id": "e81c9350d54f66c6d33b3747eeea3302", "number": "9703419883", "date": "2021-01-21 17:52:00", "subject": "0", "recorded-or-robo": "Y", "city": "Loveland", "state": "CO", "area-code": "970"}, {"id": "1d36742e3f24f50e4e7ae828017fe1ff", "number": "9703419883", "date": "2021-01-21 17:52:00", "subject": "0", "recorded-or-robo": "Y", "city": "Loveland", "state": "CO", "area-code": "970"}, {"id": "e81c9350d54f66c6d33b3747eeea23ae", "number": "6315143462", "date": "2021-01-23 10:19:00", "subject": "7", "recorded-or-robo": "Y", "city": "Bridgehampton", "state": "NY", "area-code": "631"}, {"id": "1d36742e3f24f50e4e7ae828017fd696", "number": "6315143462", "date": "2021-01-23 10:19:00", "subject": "7", "recorded-or-robo": "Y", "city": "Bridgehampton", "state": "NY", "area-code": "631"}, {"id": "e81c9350d54f66c6d33b3747eee9a795", "number": "7312013740", "date": "2021-01-22 12:56:00", "subject": "3", "recorded-or-robo": "", "city": "", "state": "TN", "area-code": "901"}, {"id": "1d36742e3f24f50e4e7ae828017f5d9c", "number": "7312013740", "date": "2021-01-22 12:56:00", "subject": "3", "recorded-or-robo": "", "city": "", "state": "TN", "area-code": "901"}, {"id": "e81c9350d54f66c6d33b3747eeea1e26", "number": "3302450653", "date": "2021-01-23 11:21:00", "subject": "7", "recorded-or-robo": "Y", "city": "Akron", "state": "OH", "area-code": "330"}, {"id": "1d36742e3f24f50e4e7ae828017fc825", "number": "3302450653", "date": "2021-01-23 11:21:00", "subject": "7", "recorded-or-robo": "Y", "city": "Akron", "state": "OH", "area-code": "330"}, {"id": "e81c9350d54f66c6d33b3747eeea0a29", "number": "4437823321", "date": "2021-01-23 11:10:00", "subject": "1", "recorded-or-robo": "Y", "city": "", "state": "MD", "area-code": "443"}, {"id": "1d36742e3f24f50e4e7ae828017fb87c", "number": "4437823321", "date": "2021-01-23 11:10:00", "subject": "1", "recorded-or-robo": "Y", "city": "", "state": "MD", "area-code": "443"}, {"id": "e81c9350d54f66c6d33b3747eee9fcb1", "number": "8604554584", "date": "2021-01-23 11:15:00", "subject": "6", "recorded-or-robo": "N", "city": "Westbrook", "state": "CT", "area-code": "860"}, {"id": "1d36742e3f24f50e4e7ae828017fb67c", "number": "8604554584", "date": "2021-01-23 11:15:00", "subject": "6", "recorded-or-robo": "N", "city": "Westbrook", "state": "CT", "area-code": "860"}, {"id": "e81c9350d54f66c6d33b3747eee9f5dd", "number": "9107659823", "date": "2021-01-21 17:01:00", "subject": "4", "recorded-or-robo": "Y", "city": "Wilmington", "state": "NC", "area-code": "910"}, {"id": "e81c9350d54f66c6d33b3747eee9ef45", "number": "8556781916", "date": "2021-01-23 11:20:00", "subject": "2", "recorded-or-robo": "Y", "city": "", "state": "IN", "area-code": "574"}, {"id": "1d36742e3f24f50e4e7ae828017fb126", "number": "9107659823", "date": "2021-01-21 17:01:00", "subject": "4", "recorded-or-robo": "Y", "city": "Wilmington", "state": "NC", "area-code": "910"}, {"id": "1d36742e3f24f50e4e7ae828017fac5b", "number": "8556781916", "date": "2021-01-23 11:20:00", "subject": "2", "recorded-or-robo": "Y", "city": "", "state": "IN", "area-code": "574"}, {"id": "e81c9350d54f66c6d33b3747eee9de2d", "number": "9706676548", "date": "2021-01-22 11:13:00", "subject": "0", "recorded-or-robo": "Y", "city": "Loveland", "state": "CO", "area-code": "970"}, {"id": "e81c9350d54f66c6d33b3747eee9ce8e", "number": "4199499310", "date": "2021-01-23 11:21:00", "subject": "4", "recorded-or-robo": "Y", "city": "Napoleon", "state": "OH", "area-code": "419"}, {"id": "e81c9350d54f66c6d33b3747eee984eb", "number": "8027985734", "date": "2021-01-22 11:48:00", "subject": "3", "recorded-or-robo": "N", "city": "", "state": "LA", "area-code": "337"}]}