{"data": [{"id": "3decc6bfadaa436a105714c6ba124461", "number": "2538578222", "date": "2021-01-22 14:24:00", "subject": "0", "recorded-or-robo": "Y", "city": "Gig Harbor", "state": "WA", "area-code": "253"}, {"id": "1d36742e3f24f50e4e7ae82801a94da8", "number": "9256786340", "date": "2021-01-23 09:50:00", "subject": "2", "recorded-or-robo": "Y", "city": "Dublin", "state": "CA", "area-code": "925"}, {"id": "1d36742e3f24f50e4e7ae82801a9473f", "number": "2538578222", "date": "2021-01-22 14:24:00", "subject": "0", "recorded-or-robo": "Y", "city": "Gig Harbor", "state": "WA", "area-code": "253"}, {"id": "3decc6bfadaa436a105714c6ba12399a", "number": "8032161897", "date": "2021-01-22 16:03:00", "subject": "2", "recorded-or-robo": "Y", "city": "Vacaville", "state": "CA", "area-code": "707"}, {"id": "1d36742e3f24f50e4e7ae82801a942b4", "number": "8032161897", "date": "2021-01-22 16:03:00", "subject": "2", "recorded-or-robo": "Y", "city": "Vacaville", "state": "CA", "area-code": "707"}, {"id": "3decc6bfadaa436a105714c6ba12386f", "number": "7735993196", "date": "2021-01-23 12:29:00", "subject": "3", "recorded-or-robo": "Y", "city": "", "state": "IL", "area-code": "773"}, {"id": "1d36742e3f24f50e4e7ae82801a93633", "number": "7735993196", "date": "2021-01-23 12:29:00", "subject": "3", "recorded-or-robo": "Y", "city": "", "state": "IL", "area-code": "773"}, {"id": "3decc6bfadaa436a105714c6ba1233b1", "number": "8283958340", "date": "2021-01-23 13:48:00", "subject": "2", "recorded-or-robo": "Y", "city": "Brooklyn", "state": "NY", "area-code": "917"}, {"id": "1d36742e3f24f50e4e7ae82801a92b78", "number": "8283958340", "date": "2021-01-23 13:48:00", "subject": "2", "recorded-or-robo": "Y", "city": "Brooklyn", "state": "NY", "area-code": "917"}, {"id": "3decc6bfadaa436a105714c6ba1229f3", "number": "7072772520", "date": "2021-01-19 07:37:00", "subject": "0", "recorded-or-robo": "Y", "city": "FULLERTON", "state": "CA", "area-code": "714"}, {"id": "1d36742e3f24f50e4e7ae82801a91ed0", "number": "7072772520", "date": "2021-01-19 07:37:00", "subject": "0", "recorded-or-robo": "Y", "city": "FULLERTON", "state": "CA", "area-code": "714"}, {"id": "3decc6bfadaa436a105714c6ba122369", "number": "7204639192", "date": "2021-01-22 08:36:00", "subject": "2", "recorded-or-robo": "N", "city": "", "state": "CO", "area-code": "720"}, {"id": "1d36742e3f24f50e4e7ae82801a91168", "number": "7204639192", "date": "2021-01-22 08:36:00", "subject": "2", "recorded-or-robo": "N", "city": "", "state": "CO", "area-code": "720"}, {"id": "3decc6bfadaa436a105714c6ba1215bd", "number": "7039718176", "date": "2021-01-22 16:18:00", "subject": "2", "recorded-or-robo": "", "city": "Alexandria", "state": "VA", "area-code": "703"}, {"id": "1d36742e3f24f50e4e7ae82801a910cd", "number": "7039718176", "date": "2021-01-22 16:18:00", "subject": "2", "recorded-or-robo": "", "city": "Alexandria", "state": "VA", "area-code": "703"}, {"id": "3decc6bfadaa436a105714c6ba1206a6", "number": "2564274252", "date": "2021-01-22 13:17:00", "subject": "2", "recorded-or-robo": "", "city": "Bremen", "state": "AL", "area-code": "256"}, {"id": "1d36742e3f24f50e4e7ae82801a90e7f", "number": "2564274252", "date": "2021-01-22 13:17:00", "subject": "2", "recorded-or-robo": "", "city": "Bremen", "state": "AL", "area-code": "256"}, {"id": "3decc6bfadaa436a105714c6ba11ffc4", "number": "8166996067", "date": "2020-01-23 10:22:00", "subject": "1", "recorded-or-robo": "", "city": "", "state": "MO", "area-code": "816"}, {"id": "1d36742e3f24f50e4e7ae82801a9006e", "number": "8166996067", "date": "2020-01-23 10:22:00", "subject": "1", "recorded-or-robo": "", "city": "", "state": "MO", "area-code": "816"}, {"id": "3decc6bfadaa436a105714c6ba11f942", "number": "6012025894", "date": "2021-01-23 10:20:00", "subject": "0", "recorded-or-robo": "Y", "city": "", "state": "MT", "area-code": "406"}, {"id": "1d36742e3f24f50e4e7ae82801a8f387", "number": "6012025894", "date": "2021-01-23 10:20:00", "subject": "0", "recorded-or-robo": "Y", "city": "", "state": "MT", "area-code": "406"}, {"id": "3decc6bfadaa436a105714c6ba11f85b", "number": "4053243395", "date": "2021-01-22 14:12:00", "subject": "2", "recorded-or-robo": "Y", "city": "Edmond", "state": "OK", "area-code": "405"}, {"id": "1d36742e3f24f50e4e7ae82801a8e867", "number": "4053243395", "date": "2021-01-22 14:12:00", "subject": "2", "recorded-or-robo": "Y", "city": "Edmond", "state": "OK", "area-code": "405"}, {"id": "3decc6bfadaa436a105714c6ba11f0a9", "number": "7344756052", "date": "2021-01-22 04:54:00", "subject": "2", "recorded-or-robo": "Y", "city": "Vacaville", "state": "CA", "area-code": "707"}, {"id": "1d36742e3f24f50e4e7ae82801a8d8ba", "number": "7344756052", "date": "2021-01-22 04:54:00", "subject": "2", "recorded-or-robo": "Y", "city": "Vacaville", "state": "CA", "area-code": "707"}, {"id": "3decc6bfadaa436a105714c6ba11f007", "number": "7735890225", "date": "2021-01-20 14:20:00", "subject": "0", "recorded-or-robo": "Y", "city": "Des Plaines", "state": "IL", "area-code": "847"}, {"id": "1d36742e3f24f50e4e7ae82801a8d107", "number": "7735890225", "date": "2021-01-20 14:20:00", "subject": "0", "recorded-or-robo": "Y", "city": "Des Plaines", "state": "IL", "area-code": "847"}, {"id": "3decc6bfadaa436a105714c6ba5819fb", "number": "6154066995", "date": "2021-01-23 14:01:00", "subject": "3", "recorded-or-robo": "Y", "city": "", "state": "FL", "area-code": "727"}, {"id": "1d36742e3f24f50e4e7ae82801ee601d", "number": "6154066995", "date": "2021-01-23 14:01:00", "subject": "3", "recorded-or-robo": "Y", "city": "", "state": "FL", "area-code": "727"}, {"id": "3decc6bfadaa436a105714c6ba11ef22", "number": "8175773894", "date": "2021-01-23 12:40:00", "subject": "2", "recorded-or-robo": "", "city": "Nashville", "state": "TN", "area-code": "513"}, {"id": "1d36742e3f24f50e4e7ae82801a8cc57", "number": "8175773894", "date": "2021-01-23 12:40:00", "subject": "2", "recorded-or-robo": "", "city": "Nashville", "state": "TN", "area-code": "513"}, {"id": "3decc6bfadaa436a105714c6ba11e45f", "number": "8479662949", "date": "2021-01-23 12:06:00", "subject": "2", "recorded-or-robo": "Y", "city": "Morton Grove", "state": "IL", "area-code": "217"}, {"id": "1d36742e3f24f50e4e7ae82801a8c587", "number": "8479662949", "date": "2021-01-23 12:06:00", "subject": "2", "recorded-or-robo": "Y", "city": "Morton Grove", "state": "IL", "area-code": "217"}, {"id": "3decc6bfadaa436a105714c6ba11e0e4", "number": "8478682145", "date": "2021-01-20 08:15:00", "subject": "0", "recorded-or-robo": "Y", "city": "Des Plaines", "state": "IL", "area-code": "847"}, {"id": "1d36742e3f24f50e4e7ae82801a8b69e", "number": "8478682145", "date": "2021-01-20 08:15:00", "subject": "0", "recorded-or-robo": "Y", "city": "Des Plaines", "state": "IL", "area-code": "847"}, {"id": "3decc6bfadaa436a105714c6ba11d683", "number": "7146467064", "date": "2021-01-22 08:43:00", "subject": "2", "recorded-or-robo": "Y", "city": "FULLERTON", "state": "CA", "area-code": "714"}, {"id": "1d36742e3f24f50e4e7ae82801a8b416", "number": "7146467064", "date": "2021-01-22 08:43:00", "subject": "2", "recorded-or-robo": "Y", "city": "FULLERTON", "state": "CA", "area-code": "714"}, {"id": "3decc6bfadaa436a105714c6ba11cd2a", "number": "6264124132", "date": "2021-01-23 12:31:00", "subject": "4", "recorded-or-robo": "N", "city": "GULF BREEZE", "state": "FL", "area-code": "850"}, {"id": "1d36742e3f24f50e4e7ae82801a8a4b9", "number": "6264124132", "date": "2021-01-23 12:31:00", "subject": "4", "recorded-or-robo": "N", "city": "GULF BREEZE", "state": "FL", "area-code": "850"}, {"id": "3decc6bfadaa436a105714c6ba11ccd9", "number": "2538395270", "date": "2021-01-23 09:20:00", "subject": "2", "recorded-or-robo": "Y", "city": "Gig Harbor", "state": "WA", "area-code": "253"}, {"id": "3decc6bfadaa436a105714c6ba11c7eb", "number": "7732807276", "date": "2021-01-16 00:00:00", "subject": "0", "recorded-or-robo": "Y", "city": "", "state": "MT", "area-code": "406"}, {"id": "1d36742e3f24f50e4e7ae82801a89933", "number": "2538395270", "date": "2021-01-23 09:20:00", "subject": "2", "recorded-or-robo": "Y", "city": "Gig Harbor", "state": "WA", "area-code": "253"}, {"id": "1d36742e3f24f50e4e7ae82801a890c9", "number": "7732807276", "date": "2021-01-16 00:00:00", "subject": "0", "recorded-or-robo": "Y", "city": "", "state": "MT", "area-code": "406"}, {"id": "3decc6bfadaa436a105714c6ba11b935", "number": "8033171886", "date": "2021-01-23 08:54:00", "subject": "2", "recorded-or-robo": "Y", "city": "Vacaville", "state": "CA", "area-code": "707"}, {"id": "1d36742e3f24f50e4e7ae82801a888c5", "number": "8033171886", "date": "2021-01-23 08:54:00", "subject": "2", "recorded-or-robo": "Y", "city": "Vacaville", "state": "CA", "area-code": "707"}, {"id": "3decc6bfadaa436a105714c6ba11b2b9", "number": "2015783160", "date": "2021-01-23 13:35:00", "subject": "2", "recorded-or-robo": "Y", "city": "nutley", "state": "NJ", "area-code": "201"}, {"id": "1d36742e3f24f50e4e7ae82801a8807e", "number": "2015783160", "date": "2021-01-23 13:35:00", "subject": "2", "recorded-or-robo": "Y", "city": "nutley", "state": "NJ", "area-code": "201"}, {"id": "3decc6bfadaa436a105714c6ba11a610", "number": "3853081663", "date": "2021-01-23 09:14:00", "subject": "2", "recorded-or-robo": "", "city": "Bremen", "state": "AL", "area-code": "256"}, {"id": "1d36742e3f24f50e4e7ae82801a878e9", "number": "3853081663", "date": "2021-01-23 09:14:00", "subject": "2", "recorded-or-robo": "", "city": "Bremen", "state": "AL", "area-code": "256"}, {"id": "3decc6bfadaa436a105714c6ba119a42", "number": "9162697570", "date": "2021-01-21 12:57:00", "subject": "1", "recorded-or-robo": "N", "city": "Athol", "state": "KS", "area-code": "785"}]}