{"data": [{"id": "1d36742e3f24f50e4e7ae82801788161", "number": "4152879755", "date": "2021-01-23 11:00:00", "subject": "2", "recorded-or-robo": "Y", "city": "SAINT CLOUD", "state": "FL", "area-code": "407"}, {"id": "e81c9350d54f66c6d33b3747eee315ce", "number": "4024136190", "date": "2021-01-14 10:51:00", "subject": "2", "recorded-or-robo": "", "city": "", "state": "NE", "area-code": "402"}, {"id": "1d36742e3f24f50e4e7ae828017876ea", "number": "4024136190", "date": "2021-01-14 10:51:00", "subject": "2", "recorded-or-robo": "", "city": "", "state": "NE", "area-code": "402"}, {"id": "e81c9350d54f66c6d33b3747eee30f33", "number": "8556788736", "date": "2021-01-23 10:55:00", "subject": "2", "recorded-or-robo": "Y", "city": "Goshen", "state": "IN", "area-code": "574"}, {"id": "1d36742e3f24f50e4e7ae828017871b1", "number": "8556788736", "date": "2021-01-23 10:55:00", "subject": "2", "recorded-or-robo": "Y", "city": "Goshen", "state": "IN", "area-code": "574"}, {"id": "e81c9350d54f66c6d33b3747eee30b27", "number": "4120560675", "date": "2021-01-22 11:58:00", "subject": "2", "recorded-or-robo": "Y", "city": "", "state": "MN", "area-code": "218"}, {"id": "e81c9350d54f66c6d33b3747eee2fcac", "number": "4106096597", "date": "2021-01-23 10:52:00", "subject": "2", "recorded-or-robo": "Y", "city": "", "state": "MD", "area-code": "410"}, {"id": "1d36742e3f24f50e4e7ae82801786809", "number": "4120560675", "date": "2021-01-22 11:58:00", "subject": "2", "recorded-or-robo": "Y", "city": "", "state": "MN", "area-code": "218"}, {"id": "1d36742e3f24f50e4e7ae82801786730", "number": "4106096597", "date": "2021-01-23 10:52:00", "subject": "2", "recorded-or-robo": "Y", "city": "", "state": "MD", "area-code": "410"}, {"id": "e81c9350d54f66c6d33b3747eee2fabb", "number": "2317682832", "date": "2021-01-22 18:17:00", "subject": "2", "recorded-or-robo": "N", "city": "", "state": "MI", "area-code": "248"}, {"id": "1d36742e3f24f50e4e7ae828017865fa", "number": "2317682832", "date": "2021-01-22 18:17:00", "subject": "2", "recorded-or-robo": "N", "city": "", "state": "MI", "area-code": "248"}, {"id": "e81c9350d54f66c6d33b3747eee2d338", "number": "8778879601", "date": "2021-01-23 09:24:00", "subject": "3", "recorded-or-robo": "N", "city": "", "state": "WV", "area-code": "304"}, {"id": "1d36742e3f24f50e4e7ae82801783441", "number": "8778879601", "date": "2021-01-23 09:24:00", "subject": "3", "recorded-or-robo": "N", "city": "", "state": "WV", "area-code": "304"}, {"id": "e81c9350d54f66c6d33b3747eee2f7a9", "number": "3144954855", "date": "2021-01-23 09:58:00", "subject": "2", "recorded-or-robo": "N", "city": "Wildwood", "state": "MO", "area-code": "314"}, {"id": "1d36742e3f24f50e4e7ae82801785ef1", "number": "3144954855", "date": "2021-01-23 09:58:00", "subject": "2", "recorded-or-robo": "N", "city": "Wildwood", "state": "MO", "area-code": "314"}, {"id": "e81c9350d54f66c6d33b3747eee2f6c5", "number": "9015194411", "date": "2021-01-23 10:01:00", "subject": "2", "recorded-or-robo": "Y", "city": "Dover", "state": "TN", "area-code": "901"}, {"id": "1d36742e3f24f50e4e7ae82801785538", "number": "9015194411", "date": "2021-01-23 10:01:00", "subject": "2", "recorded-or-robo": "Y", "city": "Dover", "state": "TN", "area-code": "901"}, {"id": "e81c9350d54f66c6d33b3747eee2ebaa", "number": "7342458626", "date": "2021-01-23 09:09:00", "subject": "2", "recorded-or-robo": "Y", "city": "Monroe", "state": "MI", "area-code": "734"}, {"id": "1d36742e3f24f50e4e7ae82801785340", "number": "7342458626", "date": "2021-01-23 09:09:00", "subject": "2", "recorded-or-robo": "Y", "city": "Monroe", "state": "MI", "area-code": "734"}, {"id": "e81c9350d54f66c6d33b3747eee2dfe2", "number": "5714973013", "date": "2021-01-22 18:39:00", "subject": "2", "recorded-or-robo": "Y", "city": "NEW SMYRNA BEACH", "state": "FL", "area-code": "209"}, {"id": "1d36742e3f24f50e4e7ae828017852ad", "number": "5714973013", "date": "2021-01-22 18:39:00", "subject": "2", "recorded-or-robo": "Y", "city": "NEW SMYRNA BEACH", "state": "FL", "area-code": "209"}, {"id": "e81c9350d54f66c6d33b3747eee2db27", "number": "2693266703", "date": "2021-01-22 18:58:00", "subject": "3", "recorded-or-robo": "N", "city": "", "state": "MI", "area-code": "248"}, {"id": "1d36742e3f24f50e4e7ae8280178431d", "number": "2693266703", "date": "2021-01-22 18:58:00", "subject": "3", "recorded-or-robo": "N", "city": "", "state": "MI", "area-code": "248"}, {"id": "e81c9350d54f66c6d33b3747eee2c67b", "number": "2486992799", "date": "2021-01-18 16:11:00", "subject": "3", "recorded-or-robo": "Y", "city": "", "state": "MI", "area-code": "248"}, {"id": "e81c9350d54f66c6d33b3747eee2a6ca", "number": "", "date": "2020-01-23 00:00:00", "subject": "3", "recorded-or-robo": "", "city": "", "state": "TX", "area-code": "254"}, {"id": "1d36742e3f24f50e4e7ae82801782fb3", "number": "2486992799", "date": "2021-01-18 16:11:00", "subject": "3", "recorded-or-robo": "Y", "city": "", "state": "MI", "area-code": "248"}, {"id": "1d36742e3f24f50e4e7ae82801781124", "number": "", "date": "2020-01-23 00:00:00", "subject": "3", "recorded-or-robo": "", "city": "", "state": "TX", "area-code": "254"}, {"id": "e81c9350d54f66c6d33b3747eee2c10e", "number": "8006370494", "date": "2021-01-22 08:35:00", "subject": "0", "recorded-or-robo": "Y", "city": "vero beach", "state": "FL", "area-code": "772"}, {"id": "1d36742e3f24f50e4e7ae82801782eb3", "number": "8006370494", "date": "2021-01-22 08:35:00", "subject": "0", "recorded-or-robo": "Y", "city": "vero beach", "state": "FL", "area-code": "772"}, {"id": "e81c9350d54f66c6d33b3747eee2bea3", "number": "8557912471", "date": "2021-01-23 09:49:00", "subject": "5", "recorded-or-robo": "Y", "city": "", "state": "IL", "area-code": "773"}, {"id": "1d36742e3f24f50e4e7ae828017827c5", "number": "8557912471", "date": "2021-01-23 09:49:00", "subject": "5", "recorded-or-robo": "Y", "city": "", "state": "IL", "area-code": "773"}, {"id": "e81c9350d54f66c6d33b3747eee2be06", "number": "6099234868", "date": "2021-01-23 10:40:00", "subject": "2", "recorded-or-robo": "N", "city": "Pennsauken", "state": "NJ", "area-code": "609"}, {"id": "1d36742e3f24f50e4e7ae8280178273e", "number": "6099234868", "date": "2021-01-23 10:40:00", "subject": "2", "recorded-or-robo": "N", "city": "Pennsauken", "state": "NJ", "area-code": "609"}, {"id": "e81c9350d54f66c6d33b3747eee2b32a", "number": "2064008287", "date": "2021-01-23 09:49:00", "subject": "1", "recorded-or-robo": "Y", "city": "San Angelo", "state": "TX", "area-code": "325"}, {"id": "1d36742e3f24f50e4e7ae8280178200f", "number": "2064008287", "date": "2021-01-23 09:49:00", "subject": "1", "recorded-or-robo": "Y", "city": "San Angelo", "state": "TX", "area-code": "325"}, {"id": "e81c9350d54f66c6d33b3747eee2a534", "number": "8772844308", "date": "2021-01-22 09:00:00", "subject": "0", "recorded-or-robo": "N", "city": "", "state": "VA", "area-code": "540"}, {"id": "1d36742e3f24f50e4e7ae82801780fb7", "number": "8772844308", "date": "2021-01-22 09:00:00", "subject": "0", "recorded-or-robo": "N", "city": "", "state": "VA", "area-code": "540"}, {"id": "e81c9350d54f66c6d33b3747eee29b5c", "number": "7653980068", "date": "2021-01-21 19:48:00", "subject": "0", "recorded-or-robo": "Y", "city": "ELKTON", "state": "MD", "area-code": "410"}, {"id": "1d36742e3f24f50e4e7ae828017807ac", "number": "7653980068", "date": "2021-01-21 19:48:00", "subject": "0", "recorded-or-robo": "Y", "city": "ELKTON", "state": "MD", "area-code": "410"}, {"id": "e81c9350d54f66c6d33b3747eee299c6", "number": "3012931252", "date": "2021-01-14 09:07:00", "subject": "2", "recorded-or-robo": "Y", "city": "Bethesda", "state": "MD", "area-code": "301"}, {"id": "e81c9350d54f66c6d33b3747eee29079", "number": "7727328293", "date": "2021-01-23 10:21:00", "subject": "0", "recorded-or-robo": "Y", "city": "vero beach", "state": "FL", "area-code": "772"}, {"id": "1d36742e3f24f50e4e7ae828017801ec", "number": "3012931252", "date": "2021-01-14 09:07:00", "subject": "2", "recorded-or-robo": "Y", "city": "Bethesda", "state": "MD", "area-code": "301"}, {"id": "1d36742e3f24f50e4e7ae8280177f813", "number": "7727328293", "date": "2021-01-23 10:21:00", "subject": "0", "recorded-or-robo": "Y", "city": "vero beach", "state": "FL", "area-code": "772"}, {"id": "e81c9350d54f66c6d33b3747eee28df4", "number": "3178186109", "date": "2021-01-19 03:04:00", "subject": "1", "recorded-or-robo": "Y", "city": "Greenwood", "state": "IN", "area-code": "317"}, {"id": "1d36742e3f24f50e4e7ae8280177f115", "number": "3178186109", "date": "2021-01-19 03:04:00", "subject": "1", "recorded-or-robo": "Y", "city": "Greenwood", "state": "IN", "area-code": "317"}, {"id": "e81c9350d54f66c6d33b3747eee279b7", "number": "2702897518", "date": "2021-01-23 09:17:00", "subject": "3", "recorded-or-robo": "N", "city": "", "state": "WV", "area-code": "304"}, {"id": "1d36742e3f24f50e4e7ae8280177e30f", "number": "2702897518", "date": "2021-01-23 09:17:00", "subject": "3", "recorded-or-robo": "N", "city": "", "state": "WV", "area-code": "304"}, {"id": "e81c9350d54f66c6d33b3747eee28462", "number": "7705779723", "date": "2021-01-21 17:27:00", "subject": "2", "recorded-or-robo": "Y", "city": "NEW SMYRNA BEACH", "state": "FL", "area-code": "209"}, {"id": "1d36742e3f24f50e4e7ae8280177eae6", "number": "7705779723", "date": "2021-01-21 17:27:00", "subject": "2", "recorded-or-robo": "Y", "city": "NEW SMYRNA BEACH", "state": "FL", "area-code": "209"}, {"id": "e81c9350d54f66c6d33b3747eee26e54", "number": "2317682832", "date": "2021-01-23 08:18:00", "subject": "3", "recorded-or-robo": "N", "city": "", "state": "MI", "area-code": "248"}]}