{"data": [{"id": "1d36742e3f24f50e4e7ae82801858c56", "number": "5099326155", "date": "2021-01-21 15:36:00", "subject": "0", "recorded-or-robo": "Y", "city": "Yakima", "state": "WA", "area-code": "509"}, {"id": "e81c9350d54f66c6d33b3747eeef9d9e", "number": "3868752462", "date": "2021-01-23 11:43:00", "subject": "2", "recorded-or-robo": "Y", "city": "", "state": "FL", "area-code": "386"}, {"id": "1d36742e3f24f50e4e7ae828018587a7", "number": "3868752462", "date": "2021-01-23 11:43:00", "subject": "2", "recorded-or-robo": "Y", "city": "", "state": "FL", "area-code": "386"}, {"id": "e81c9350d54f66c6d33b3747eeef9739", "number": "6414263459", "date": "2021-01-23 10:47:00", "subject": "4", "recorded-or-robo": "Y", "city": "Newton", "state": "IA", "area-code": "641"}, {"id": "1d36742e3f24f50e4e7ae828018580c1", "number": "6414263459", "date": "2021-01-23 10:47:00", "subject": "4", "recorded-or-robo": "Y", "city": "Newton", "state": "IA", "area-code": "641"}, {"id": "e81c9350d54f66c6d33b3747eeef9380", "number": "4402374548", "date": "2021-01-22 00:00:00", "subject": "3", "recorded-or-robo": "", "city": "North Royalton", "state": "OH", "area-code": "440"}, {"id": "1d36742e3f24f50e4e7ae82801857659", "number": "4402374548", "date": "2021-01-22 00:00:00", "subject": "3", "recorded-or-robo": "", "city": "North Royalton", "state": "OH", "area-code": "440"}, {"id": "e81c9350d54f66c6d33b3747eeef9011", "number": "2134603588", "date": "2021-01-21 00:00:00", "subject": "3", "recorded-or-robo": "Y", "city": "", "state": "CA", "area-code": "805"}, {"id": "1d36742e3f24f50e4e7ae828018572f8", "number": "2134603588", "date": "2021-01-21 00:00:00", "subject": "3", "recorded-or-robo": "Y", "city": "", "state": "CA", "area-code": "805"}, {"id": "3decc6bfadaa436a105714c6ba55b489", "number": "8595945283", "date": "2021-01-23 11:50:34", "subject": "3", "recorded-or-robo": "Y", "city": "", "state": "NY", "area-code": "347"}, {"id": "1d36742e3f24f50e4e7ae82801ebe2f1", "number": "8595945283", "date": "2021-01-23 11:50:34", "subject": "3", "recorded-or-robo": "Y", "city": "", "state": "NY", "area-code": "347"}, {"id": "e81c9350d54f66c6d33b3747eeef8410", "number": "8603590961", "date": "2021-01-23 09:40:00", "subject": "3", "recorded-or-robo": "Y", "city": "", "state": "CO", "area-code": "303"}, {"id": "e81c9350d54f66c6d33b3747eeef396f", "number": "8639004188", "date": "2021-01-23 10:28:00", "subject": "3", "recorded-or-robo": "N", "city": "", "state": "DE", "area-code": "302"}, {"id": "1d36742e3f24f50e4e7ae828018563ec", "number": "8603590961", "date": "2021-01-23 09:40:00", "subject": "3", "recorded-or-robo": "Y", "city": "", "state": "CO", "area-code": "303"}, {"id": "1d36742e3f24f50e4e7ae82801853a0b", "number": "8639004188", "date": "2021-01-23 10:28:00", "subject": "3", "recorded-or-robo": "N", "city": "", "state": "DE", "area-code": "302"}, {"id": "e81c9350d54f66c6d33b3747eeef756f", "number": "8477446124", "date": "2021-01-23 10:49:00", "subject": "2", "recorded-or-robo": "N", "city": "", "state": "IL", "area-code": "847"}, {"id": "1d36742e3f24f50e4e7ae82801855aeb", "number": "8477446124", "date": "2021-01-23 10:49:00", "subject": "2", "recorded-or-robo": "N", "city": "", "state": "IL", "area-code": "847"}, {"id": "e81c9350d54f66c6d33b3747eeef6955", "number": "231886409688", "date": "2021-01-07 16:08:00", "subject": "0", "recorded-or-robo": "", "city": "", "state": "NC", "area-code": "910"}, {"id": "1d36742e3f24f50e4e7ae82801855672", "number": "231886409688", "date": "2021-01-07 16:08:00", "subject": "0", "recorded-or-robo": "", "city": "", "state": "NC", "area-code": "910"}, {"id": "e81c9350d54f66c6d33b3747eeef5c46", "number": "2092573525", "date": "2021-01-23 08:23:00", "subject": "7", "recorded-or-robo": "Y", "city": "Jackson", "state": "CA", "area-code": "209"}, {"id": "1d36742e3f24f50e4e7ae82801854b4e", "number": "2092573525", "date": "2021-01-23 08:23:00", "subject": "7", "recorded-or-robo": "Y", "city": "Jackson", "state": "CA", "area-code": "209"}, {"id": "e81c9350d54f66c6d33b3747eeef54d7", "number": "5132709501", "date": "2021-01-23 12:00:00", "subject": "2", "recorded-or-robo": "Y", "city": "Thomaston", "state": "ME", "area-code": "207"}, {"id": "1d36742e3f24f50e4e7ae828018546cf", "number": "5132709501", "date": "2021-01-23 12:00:00", "subject": "2", "recorded-or-robo": "Y", "city": "Thomaston", "state": "ME", "area-code": "207"}, {"id": "e81c9350d54f66c6d33b3747eeef50a3", "number": "3193135926", "date": "2021-01-22 14:31:00", "subject": "2", "recorded-or-robo": "Y", "city": "", "state": "IA", "area-code": "563"}, {"id": "1d36742e3f24f50e4e7ae8280185441a", "number": "3193135926", "date": "2021-01-22 14:31:00", "subject": "2", "recorded-or-robo": "Y", "city": "", "state": "IA", "area-code": "563"}, {"id": "e81c9350d54f66c6d33b3747eeef4ce5", "number": "2135134321", "date": "2021-01-20 00:00:00", "subject": "3", "recorded-or-robo": "Y", "city": "", "state": "CA", "area-code": "805"}, {"id": "1d36742e3f24f50e4e7ae8280185408c", "number": "2135134321", "date": "2021-01-20 00:00:00", "subject": "3", "recorded-or-robo": "Y", "city": "", "state": "CA", "area-code": "805"}, {"id": "e81c9350d54f66c6d33b3747eeef3f2d", "number": "5092154132", "date": "2021-01-21 14:20:00", "subject": "0", "recorded-or-robo": "Y", "city": "Yakima", "state": "WA", "area-code": "509"}, {"id": "1d36742e3f24f50e4e7ae82801853d50", "number": "5092154132", "date": "2021-01-21 14:20:00", "subject": "0", "recorded-or-robo": "Y", "city": "Yakima", "state": "WA", "area-code": "509"}, {"id": "e81c9350d54f66c6d33b3747eeef32e4", "number": "3367380105", "date": "2021-01-14 19:18:00", "subject": "0", "recorded-or-robo": "Y", "city": "", "state": "NJ", "area-code": "201"}, {"id": "1d36742e3f24f50e4e7ae82801852d79", "number": "3367380105", "date": "2021-01-14 19:18:00", "subject": "0", "recorded-or-robo": "Y", "city": "", "state": "NJ", "area-code": "201"}, {"id": "e81c9350d54f66c6d33b3747eeef2a28", "number": "5615938029", "date": "2021-01-23 10:33:00", "subject": "0", "recorded-or-robo": "Y", "city": "Jupiter", "state": "FL", "area-code": "561"}, {"id": "1d36742e3f24f50e4e7ae8280185278f", "number": "5615938029", "date": "2021-01-23 10:33:00", "subject": "0", "recorded-or-robo": "Y", "city": "Jupiter", "state": "FL", "area-code": "561"}, {"id": "e81c9350d54f66c6d33b3747eeef226a", "number": "9782568179", "date": "2021-01-22 00:00:00", "subject": "2", "recorded-or-robo": "Y", "city": "", "state": "MA", "area-code": "978"}, {"id": "1d36742e3f24f50e4e7ae82801851ba1", "number": "9782568179", "date": "2021-01-22 00:00:00", "subject": "2", "recorded-or-robo": "Y", "city": "", "state": "MA", "area-code": "978"}, {"id": "e81c9350d54f66c6d33b3747eeef212d", "number": "8008670904", "date": "2021-01-21 09:55:00", "subject": "5", "recorded-or-robo": "Y", "city": "Cedar City", "state": "UT", "area-code": "435"}, {"id": "1d36742e3f24f50e4e7ae82801850e82", "number": "8008670904", "date": "2021-01-21 09:55:00", "subject": "5", "recorded-or-robo": "Y", "city": "Cedar City", "state": "UT", "area-code": "435"}, {"id": "e81c9350d54f66c6d33b3747eeef1fdd", "number": "2096533308", "date": "2021-01-20 00:00:00", "subject": "3", "recorded-or-robo": "Y", "city": "", "state": "CA", "area-code": "805"}, {"id": "1d36742e3f24f50e4e7ae828018504cd", "number": "2096533308", "date": "2021-01-20 00:00:00", "subject": "3", "recorded-or-robo": "Y", "city": "", "state": "CA", "area-code": "805"}, {"id": "e81c9350d54f66c6d33b3747eeef1dca", "number": "1212766307349", "date": "2021-01-13 06:04:00", "subject": "0", "recorded-or-robo": "", "city": "", "state": "NC", "area-code": "910"}, {"id": "1d36742e3f24f50e4e7ae8280184ff6b", "number": "1212766307349", "date": "2021-01-13 06:04:00", "subject": "0", "recorded-or-robo": "", "city": "", "state": "NC", "area-code": "910"}, {"id": "e81c9350d54f66c6d33b3747eeef0ecb", "number": "8025313323", "date": "2021-01-22 17:30:00", "subject": "6", "recorded-or-robo": "Y", "city": "Bellwood", "state": "IL", "area-code": "708"}, {"id": "1d36742e3f24f50e4e7ae8280184f90c", "number": "8025313323", "date": "2021-01-22 17:30:00", "subject": "6", "recorded-or-robo": "Y", "city": "Bellwood", "state": "IL", "area-code": "708"}, {"id": "e81c9350d54f66c6d33b3747eeef05c4", "number": "4127805292", "date": "2021-01-23 10:30:00", "subject": "4", "recorded-or-robo": "Y", "city": "Schererville", "state": "PA", "area-code": "412"}, {"id": "1d36742e3f24f50e4e7ae8280184f57f", "number": "4127805292", "date": "2021-01-23 10:30:00", "subject": "4", "recorded-or-robo": "Y", "city": "Schererville", "state": "PA", "area-code": "412"}, {"id": "e81c9350d54f66c6d33b3747eeeefdf8", "number": "3367380105", "date": "2021-01-15 13:05:00", "subject": "0", "recorded-or-robo": "Y", "city": "", "state": "NJ", "area-code": "201"}, {"id": "1d36742e3f24f50e4e7ae8280184f291", "number": "3367380105", "date": "2021-01-15 13:05:00", "subject": "0", "recorded-or-robo": "Y", "city": "", "state": "NJ", "area-code": "201"}, {"id": "e81c9350d54f66c6d33b3747eeeef2dd", "number": "", "date": "2021-01-23 00:00:00", "subject": "3", "recorded-or-robo": "Y", "city": "", "state": "CT", "area-code": "203"}, {"id": "e81c9350d54f66c6d33b3747eeeef1ad", "number": "4793874517", "date": "2021-01-20 09:49:00", "subject": "6", "recorded-or-robo": "Y", "city": "Hindsville", "state": "AR", "area-code": "479"}, {"id": "1d36742e3f24f50e4e7ae8280184e3bd", "number": "", "date": "2021-01-23 00:00:00", "subject": "3", "recorded-or-robo": "Y", "city": "", "state": "CT", "area-code": "203"}]}