{"data": [{"id": "1d36742e3f24f50e4e7ae82801cedf10", "number": "", "date": "2021-01-23 15:13:00", "subject": "1", "recorded-or-robo": "Y", "city": "Jasper", "state": "TX", "area-code": "409"}, {"id": "3decc6bfadaa436a105714c6ba794fb4", "number": "4695356508", "date": "2021-01-23 16:40:27", "subject": "3", "recorded-or-robo": "Y", "city": "", "state": "TX", "area-code": "469"}, {"id": "03e293b3df9e35eadf15c561190fdb0e", "number": "4695356508", "date": "2021-01-23 16:40:27", "subject": "3", "recorded-or-robo": "Y", "city": "", "state": "TX", "area-code": "469"}, {"id": "3decc6bfadaa436a105714c6ba388aaa", "number": "6628951295", "date": "2021-01-23 11:38:00", "subject": "0", "recorded-or-robo": "Y", "city": "Louisville", "state": "MS", "area-code": "662"}, {"id": "1d36742e3f24f50e4e7ae82801ced0e0", "number": "6628951295", "date": "2021-01-23 11:38:00", "subject": "0", "recorded-or-robo": "Y", "city": "Louisville", "state": "MS", "area-code": "662"}, {"id": "3decc6bfadaa436a105714c6ba38887a", "number": "8765665137", "date": "2021-01-22 15:52:00", "subject": "0", "recorded-or-robo": "N", "city": "Iowa City", "state": "IA", "area-code": "319"}, {"id": "1d36742e3f24f50e4e7ae82801cecf01", "number": "8765665137", "date": "2021-01-22 15:52:00", "subject": "0", "recorded-or-robo": "N", "city": "Iowa City", "state": "IA", "area-code": "319"}, {"id": "3decc6bfadaa436a105714c6ba38824a", "number": "4093927819", "date": "2021-01-23 15:32:00", "subject": "11", "recorded-or-robo": "Y", "city": "galveston", "state": "TX", "area-code": "409"}, {"id": "1d36742e3f24f50e4e7ae82801cec3e4", "number": "4093927819", "date": "2021-01-23 15:32:00", "subject": "11", "recorded-or-robo": "Y", "city": "galveston", "state": "TX", "area-code": "409"}, {"id": "3decc6bfadaa436a105714c6ba387b98", "number": "3072248366", "date": "2021-01-22 17:02:00", "subject": "2", "recorded-or-robo": "N", "city": "", "state": "OH", "area-code": "440"}, {"id": "1d36742e3f24f50e4e7ae82801cebc16", "number": "3072248366", "date": "2021-01-22 17:02:00", "subject": "2", "recorded-or-robo": "N", "city": "", "state": "OH", "area-code": "440"}, {"id": "3decc6bfadaa436a105714c6ba38756f", "number": "2813269650", "date": "2021-01-22 18:02:00", "subject": "0", "recorded-or-robo": "Y", "city": "Kingwood", "state": "TX", "area-code": "281"}, {"id": "1d36742e3f24f50e4e7ae82801ceafa2", "number": "2813269650", "date": "2021-01-22 18:02:00", "subject": "0", "recorded-or-robo": "Y", "city": "Kingwood", "state": "TX", "area-code": "281"}, {"id": "3decc6bfadaa436a105714c6ba387425", "number": "2034504982", "date": "2021-01-23 15:00:00", "subject": "3", "recorded-or-robo": "", "city": "", "state": "CT", "area-code": "203"}, {"id": "1d36742e3f24f50e4e7ae82801cea19d", "number": "2034504982", "date": "2021-01-23 15:00:00", "subject": "3", "recorded-or-robo": "", "city": "", "state": "CT", "area-code": "203"}, {"id": "3decc6bfadaa436a105714c6ba38658e", "number": "8778164915", "date": "2021-01-23 16:31:00", "subject": "3", "recorded-or-robo": "Y", "city": "", "state": "FL", "area-code": "954"}, {"id": "1d36742e3f24f50e4e7ae82801cea004", "number": "8778164915", "date": "2021-01-23 16:31:00", "subject": "3", "recorded-or-robo": "Y", "city": "", "state": "FL", "area-code": "954"}, {"id": "3decc6bfadaa436a105714c6ba385a9c", "number": "7142639202", "date": "2021-01-23 16:29:00", "subject": "1", "recorded-or-robo": "Y", "city": "Cranberry Township", "state": "PA", "area-code": "724"}, {"id": "1d36742e3f24f50e4e7ae82801ce9d95", "number": "7142639202", "date": "2021-01-23 16:29:00", "subject": "1", "recorded-or-robo": "Y", "city": "Cranberry Township", "state": "PA", "area-code": "724"}, {"id": "3decc6bfadaa436a105714c6ba794913", "number": "+16103457721", "date": "2021-01-23 16:39:25", "subject": "3", "recorded-or-robo": "N", "city": "", "state": "PA", "area-code": "610"}, {"id": "03e293b3df9e35eadf15c561190fd086", "number": "+16103457721", "date": "2021-01-23 16:39:25", "subject": "3", "recorded-or-robo": "N", "city": "", "state": "PA", "area-code": "610"}, {"id": "3decc6bfadaa436a105714c6ba385518", "number": "7229722722435872", "date": "2021-01-23 14:00:00", "subject": "1", "recorded-or-robo": "Y", "city": "Binghamton", "state": "NY", "area-code": "607"}, {"id": "1d36742e3f24f50e4e7ae82801ce999a", "number": "7229722722435872", "date": "2021-01-23 14:00:00", "subject": "1", "recorded-or-robo": "Y", "city": "Binghamton", "state": "NY", "area-code": "607"}, {"id": "3decc6bfadaa436a105714c6ba385104", "number": "4095544562", "date": "2021-01-23 12:00:00", "subject": "1", "recorded-or-robo": "Y", "city": "Beaumont", "state": "TX", "area-code": "409"}, {"id": "1d36742e3f24f50e4e7ae82801ce95f3", "number": "4095544562", "date": "2021-01-23 12:00:00", "subject": "1", "recorded-or-robo": "Y", "city": "Beaumont", "state": "TX", "area-code": "409"}, {"id": "3decc6bfadaa436a105714c6ba384593", "number": "8765665137", "date": "2021-01-22 15:53:00", "subject": "0", "recorded-or-robo": "N", "city": "Iowa City", "state": "IA", "area-code": "319"}, {"id": "1d36742e3f24f50e4e7ae82801ce8a72", "number": "8765665137", "date": "2021-01-22 15:53:00", "subject": "0", "recorded-or-robo": "N", "city": "Iowa City", "state": "IA", "area-code": "319"}, {"id": "3decc6bfadaa436a105714c6ba384337", "number": "8086557840", "date": "2021-01-20 11:42:00", "subject": "2", "recorded-or-robo": "Y", "city": "", "state": "MI", "area-code": "517"}, {"id": "1d36742e3f24f50e4e7ae82801ce8357", "number": "8086557840", "date": "2021-01-20 11:42:00", "subject": "2", "recorded-or-robo": "Y", "city": "", "state": "MI", "area-code": "517"}, {"id": "3decc6bfadaa436a105714c6ba3833aa", "number": "", "date": "2021-01-23 09:58:00", "subject": "3", "recorded-or-robo": "N", "city": "", "state": "OH", "area-code": "440"}, {"id": "1d36742e3f24f50e4e7ae82801ce7ed7", "number": "", "date": "2021-01-23 09:58:00", "subject": "3", "recorded-or-robo": "N", "city": "", "state": "OH", "area-code": "440"}, {"id": "3decc6bfadaa436a105714c6ba38250f", "number": "3193460166", "date": "2021-01-23 12:16:00", "subject": "0", "recorded-or-robo": "N", "city": "Iowa City", "state": "IA", "area-code": "319"}, {"id": "1d36742e3f24f50e4e7ae82801ce7810", "number": "3193460166", "date": "2021-01-23 12:16:00", "subject": "0", "recorded-or-robo": "N", "city": "Iowa City", "state": "IA", "area-code": "319"}, {"id": "3decc6bfadaa436a105714c6ba382089", "number": "8139668877", "date": "2021-01-23 16:23:00", "subject": "0", "recorded-or-robo": "Y", "city": "Temple Terrace", "state": "FL", "area-code": "813"}, {"id": "1d36742e3f24f50e4e7ae82801ce7434", "number": "8139668877", "date": "2021-01-23 16:23:00", "subject": "0", "recorded-or-robo": "Y", "city": "Temple Terrace", "state": "FL", "area-code": "813"}, {"id": "3decc6bfadaa436a105714c6ba381d99", "number": "", "date": "2021-01-23 15:33:00", "subject": "2", "recorded-or-robo": "Y", "city": "Houston", "state": "TX", "area-code": "409"}, {"id": "1d36742e3f24f50e4e7ae82801ce6f96", "number": "", "date": "2021-01-23 15:33:00", "subject": "2", "recorded-or-robo": "Y", "city": "Houston", "state": "TX", "area-code": "409"}, {"id": "3decc6bfadaa436a105714c6ba38131c", "number": "2088170654", "date": "2021-01-23 14:09:00", "subject": "6", "recorded-or-robo": "N", "city": "Nampa", "state": "ID", "area-code": "208"}, {"id": "1d36742e3f24f50e4e7ae82801ce6735", "number": "2088170654", "date": "2021-01-23 14:09:00", "subject": "6", "recorded-or-robo": "N", "city": "Nampa", "state": "ID", "area-code": "208"}, {"id": "3decc6bfadaa436a105714c6ba794286", "number": "+18889858356", "date": "2021-01-23 16:37:58", "subject": "3", "recorded-or-robo": "N", "city": "", "state": "NM", "area-code": "505"}, {"id": "03e293b3df9e35eadf15c561190fc103", "number": "+18889858356", "date": "2021-01-23 16:37:58", "subject": "3", "recorded-or-robo": "N", "city": "", "state": "NM", "area-code": "505"}, {"id": "3decc6bfadaa436a105714c6ba791f82", "number": "+19124548386", "date": "2021-01-23 16:37:44", "subject": "3", "recorded-or-robo": "Y", "city": "", "state": "TX", "area-code": "737"}, {"id": "03e293b3df9e35eadf15c561190f8f4c", "number": "+19124548386", "date": "2021-01-23 16:37:44", "subject": "3", "recorded-or-robo": "Y", "city": "", "state": "TX", "area-code": "737"}, {"id": "3decc6bfadaa436a105714c6ba79369a", "number": "2677932921", "date": "2021-01-23 16:37:43", "subject": "3", "recorded-or-robo": "Y", "city": "", "state": "FL", "area-code": "407"}, {"id": "03e293b3df9e35eadf15c561190faabf", "number": "2677932921", "date": "2021-01-23 16:37:43", "subject": "3", "recorded-or-robo": "Y", "city": "", "state": "FL", "area-code": "407"}, {"id": "3decc6bfadaa436a105714c6ba8787b7", "number": "6154063747", "date": "2021-01-23 00:00:00", "subject": "3", "recorded-or-robo": "Y", "city": "", "state": "TX", "area-code": "409"}, {"id": "03e293b3df9e35eadf15c561191e1f11", "number": "6154063747", "date": "2021-01-23 00:00:00", "subject": "3", "recorded-or-robo": "Y", "city": "", "state": "TX", "area-code": "409"}, {"id": "3decc6bfadaa436a105714c6ba381064", "number": "7743808069", "date": "2021-01-19 14:51:00", "subject": "4", "recorded-or-robo": "Y", "city": "", "state": "NY", "area-code": "917"}, {"id": "1d36742e3f24f50e4e7ae82801ce6307", "number": "7743808069", "date": "2021-01-19 14:51:00", "subject": "4", "recorded-or-robo": "Y", "city": "", "state": "NY", "area-code": "917"}, {"id": "3decc6bfadaa436a105714c6ba380885", "number": "4402916461", "date": "2021-01-23 15:38:00", "subject": "2", "recorded-or-robo": "N", "city": "", "state": "OH", "area-code": "440"}]}