{"data": [{"id": "1d36742e3f24f50e4e7ae82801aada41", "number": "7866232787", "date": "2021-01-23 13:00:00", "subject": "2", "recorded-or-robo": "Y", "city": "Grand Ledge", "state": "MI", "area-code": "517"}, {"id": "3decc6bfadaa436a105714c6ba13ab7e", "number": "", "date": "2021-01-23 12:00:00", "subject": "2", "recorded-or-robo": "N", "city": "Mc Kees Rocks", "state": "PA", "area-code": "412"}, {"id": "1d36742e3f24f50e4e7ae82801aad837", "number": "", "date": "2021-01-23 12:00:00", "subject": "2", "recorded-or-robo": "N", "city": "Mc Kees Rocks", "state": "PA", "area-code": "412"}, {"id": "3decc6bfadaa436a105714c6ba1361e1", "number": "6087921660", "date": "2021-01-22 17:47:00", "subject": "3", "recorded-or-robo": "N", "city": "", "state": "WI", "area-code": "608"}, {"id": "1d36742e3f24f50e4e7ae82801aa9dd2", "number": "6087921660", "date": "2021-01-22 17:47:00", "subject": "3", "recorded-or-robo": "N", "city": "", "state": "WI", "area-code": "608"}, {"id": "3decc6bfadaa436a105714c6ba13988d", "number": "5124417487", "date": "2021-01-21 17:53:00", "subject": "3", "recorded-or-robo": "N", "city": "Austin", "state": "TX", "area-code": "512"}, {"id": "1d36742e3f24f50e4e7ae82801aac96f", "number": "5124417487", "date": "2021-01-21 17:53:00", "subject": "3", "recorded-or-robo": "N", "city": "Austin", "state": "TX", "area-code": "512"}, {"id": "3decc6bfadaa436a105714c6ba138ba5", "number": "", "date": "2021-01-23 13:57:00", "subject": "2", "recorded-or-robo": "Y", "city": "Rocky River", "state": "OH", "area-code": "216"}, {"id": "1d36742e3f24f50e4e7ae82801aac3ac", "number": "", "date": "2021-01-23 13:57:00", "subject": "2", "recorded-or-robo": "Y", "city": "Rocky River", "state": "OH", "area-code": "216"}, {"id": "3decc6bfadaa436a105714c6ba138007", "number": "2566965275", "date": "2021-01-21 17:50:00", "subject": "2", "recorded-or-robo": "", "city": "Bremen", "state": "AL", "area-code": "256"}, {"id": "1d36742e3f24f50e4e7ae82801aab58b", "number": "2566965275", "date": "2021-01-21 17:50:00", "subject": "2", "recorded-or-robo": "", "city": "Bremen", "state": "AL", "area-code": "256"}, {"id": "3decc6bfadaa436a105714c6ba135255", "number": "3188220551", "date": "2020-01-23 12:54:00", "subject": "3", "recorded-or-robo": "N", "city": "", "state": "LA", "area-code": "318"}, {"id": "1d36742e3f24f50e4e7ae82801aa9072", "number": "3188220551", "date": "2020-01-23 12:54:00", "subject": "3", "recorded-or-robo": "N", "city": "", "state": "LA", "area-code": "318"}, {"id": "3decc6bfadaa436a105714c6ba137cc7", "number": "6511793054", "date": "2021-01-22 13:08:00", "subject": "2", "recorded-or-robo": "", "city": "Hastings", "state": "MN", "area-code": "651"}, {"id": "1d36742e3f24f50e4e7ae82801aaad5e", "number": "6511793054", "date": "2021-01-22 13:08:00", "subject": "2", "recorded-or-robo": "", "city": "Hastings", "state": "MN", "area-code": "651"}, {"id": "3decc6bfadaa436a105714c6ba136f43", "number": "3152328257", "date": "2021-01-23 00:48:00", "subject": "1", "recorded-or-robo": "Y", "city": "Gibsonton", "state": "FL", "area-code": "813"}, {"id": "1d36742e3f24f50e4e7ae82801aaa309", "number": "3152328257", "date": "2021-01-23 00:48:00", "subject": "1", "recorded-or-robo": "Y", "city": "Gibsonton", "state": "FL", "area-code": "813"}, {"id": "3decc6bfadaa436a105714c6ba135add", "number": "69084353", "date": "2021-01-23 13:00:00", "subject": "2", "recorded-or-robo": "Y", "city": "Wilmington", "state": "DE", "area-code": "570"}, {"id": "3decc6bfadaa436a105714c6ba135994", "number": "3053862488", "date": "2021-01-23 12:52:00", "subject": "2", "recorded-or-robo": "", "city": "Orlando", "state": "FL", "area-code": "305"}, {"id": "1d36742e3f24f50e4e7ae82801aa98bf", "number": "69084353", "date": "2021-01-23 13:00:00", "subject": "2", "recorded-or-robo": "Y", "city": "Wilmington", "state": "DE", "area-code": "570"}, {"id": "1d36742e3f24f50e4e7ae82801aa9396", "number": "3053862488", "date": "2021-01-23 12:52:00", "subject": "2", "recorded-or-robo": "", "city": "Orlando", "state": "FL", "area-code": "305"}, {"id": "3decc6bfadaa436a105714c6ba134da5", "number": "3103479865", "date": "2021-01-23 11:52:00", "subject": "4", "recorded-or-robo": "Y", "city": "Gilbert", "state": "AZ", "area-code": "310"}, {"id": "1d36742e3f24f50e4e7ae82801aa8509", "number": "3103479865", "date": "2021-01-23 11:52:00", "subject": "4", "recorded-or-robo": "Y", "city": "Gilbert", "state": "AZ", "area-code": "310"}, {"id": "3decc6bfadaa436a105714c6ba134a15", "number": "", "date": "2021-01-22 12:00:00", "subject": "0", "recorded-or-robo": "Y", "city": "Wilkes Barre", "state": "PA", "area-code": "570"}, {"id": "1d36742e3f24f50e4e7ae82801aa790e", "number": "", "date": "2021-01-22 12:00:00", "subject": "0", "recorded-or-robo": "Y", "city": "Wilkes Barre", "state": "PA", "area-code": "570"}, {"id": "3decc6bfadaa436a105714c6ba13499c", "number": "6367348875", "date": "2021-01-23 12:50:00", "subject": "11", "recorded-or-robo": "Y", "city": "", "state": "MO", "area-code": "636"}, {"id": "1d36742e3f24f50e4e7ae82801aa772b", "number": "6367348875", "date": "2021-01-23 12:50:00", "subject": "11", "recorded-or-robo": "Y", "city": "", "state": "MO", "area-code": "636"}, {"id": "3decc6bfadaa436a105714c6ba133e06", "number": "5124433336", "date": "2021-01-21 20:25:00", "subject": "3", "recorded-or-robo": "N", "city": "Austin", "state": "TX", "area-code": "512"}, {"id": "1d36742e3f24f50e4e7ae82801aa6870", "number": "5124433336", "date": "2021-01-21 20:25:00", "subject": "3", "recorded-or-robo": "N", "city": "Austin", "state": "TX", "area-code": "512"}, {"id": "3decc6bfadaa436a105714c6ba1331a4", "number": "", "date": "2020-05-26 11:20:00", "subject": "5", "recorded-or-robo": "Y", "city": "Chicago", "state": "IL", "area-code": "773"}, {"id": "1d36742e3f24f50e4e7ae82801aa65cf", "number": "", "date": "2020-05-26 11:20:00", "subject": "5", "recorded-or-robo": "Y", "city": "Chicago", "state": "IL", "area-code": "773"}, {"id": "3decc6bfadaa436a105714c6ba132a81", "number": "9546944641", "date": "2021-01-22 09:54:00", "subject": "2", "recorded-or-robo": "", "city": "Bremen", "state": "AL", "area-code": "256"}, {"id": "1d36742e3f24f50e4e7ae82801aa5859", "number": "9546944641", "date": "2021-01-22 09:54:00", "subject": "2", "recorded-or-robo": "", "city": "Bremen", "state": "AL", "area-code": "256"}, {"id": "3decc6bfadaa436a105714c6ba132149", "number": "3394446729", "date": "2021-01-22 09:31:00", "subject": "0", "recorded-or-robo": "Y", "city": "", "state": "MT", "area-code": "406"}, {"id": "1d36742e3f24f50e4e7ae82801aa4e57", "number": "3394446729", "date": "2021-01-22 09:31:00", "subject": "0", "recorded-or-robo": "Y", "city": "", "state": "MT", "area-code": "406"}, {"id": "3decc6bfadaa436a105714c6ba131629", "number": "7207900697", "date": "2021-01-22 09:54:00", "subject": "2", "recorded-or-robo": "N", "city": "", "state": "CO", "area-code": "720"}, {"id": "1d36742e3f24f50e4e7ae82801aa4cfd", "number": "7207900697", "date": "2021-01-22 09:54:00", "subject": "2", "recorded-or-robo": "N", "city": "", "state": "CO", "area-code": "720"}, {"id": "3decc6bfadaa436a105714c6ba131279", "number": "5034834141", "date": "2021-01-22 05:47:00", "subject": "2", "recorded-or-robo": "Y", "city": "Portland", "state": "OR", "area-code": "503"}, {"id": "1d36742e3f24f50e4e7ae82801aa48e9", "number": "5034834141", "date": "2021-01-22 05:47:00", "subject": "2", "recorded-or-robo": "Y", "city": "Portland", "state": "OR", "area-code": "503"}, {"id": "3decc6bfadaa436a105714c6ba12cef8", "number": "7608324592", "date": "2021-01-22 13:48:00", "subject": "3", "recorded-or-robo": "", "city": "", "state": "NJ", "area-code": "732"}, {"id": "1d36742e3f24f50e4e7ae82801a9dc26", "number": "7608324592", "date": "2021-01-22 13:48:00", "subject": "3", "recorded-or-robo": "", "city": "", "state": "NJ", "area-code": "732"}, {"id": "3decc6bfadaa436a105714c6ba130bf3", "number": "3603433910", "date": "2021-01-23 11:45:00", "subject": "2", "recorded-or-robo": "", "city": "Norman", "state": "OK", "area-code": "360"}, {"id": "1d36742e3f24f50e4e7ae82801aa3f68", "number": "3603433910", "date": "2021-01-23 11:45:00", "subject": "2", "recorded-or-robo": "", "city": "Norman", "state": "OK", "area-code": "360"}, {"id": "3decc6bfadaa436a105714c6ba1306e9", "number": "3217547516", "date": "2021-01-19 12:22:00", "subject": "4", "recorded-or-robo": "Y", "city": "Chewelah", "state": "WA", "area-code": "727"}, {"id": "1d36742e3f24f50e4e7ae82801aa2fd2", "number": "3217547516", "date": "2021-01-19 12:22:00", "subject": "4", "recorded-or-robo": "Y", "city": "Chewelah", "state": "WA", "area-code": "727"}, {"id": "3decc6bfadaa436a105714c6ba12f81a", "number": "2133493517", "date": "2021-01-23 13:48:00", "subject": "11", "recorded-or-robo": "N", "city": "Gaithersburg", "state": "MD", "area-code": "301"}, {"id": "1d36742e3f24f50e4e7ae82801aa21af", "number": "2133493517", "date": "2021-01-23 13:48:00", "subject": "11", "recorded-or-robo": "N", "city": "Gaithersburg", "state": "MD", "area-code": "301"}, {"id": "3decc6bfadaa436a105714c6ba12f3bc", "number": "7147930303", "date": "2021-01-15 08:32:00", "subject": "0", "recorded-or-robo": "", "city": "FULLERTON", "state": "CA", "area-code": "714"}, {"id": "1d36742e3f24f50e4e7ae82801aa1c82", "number": "7147930303", "date": "2021-01-15 08:32:00", "subject": "0", "recorded-or-robo": "", "city": "FULLERTON", "state": "CA", "area-code": "714"}, {"id": "3decc6bfadaa436a105714c6ba12ea92", "number": "9134446497", "date": "2021-01-23 09:34:00", "subject": "1", "recorded-or-robo": "N", "city": "", "state": "CA", "area-code": "510"}]}