{"data": [{"id": "1d36742e3f24f50e4e7ae82801cbd73e", "number": "6157525831", "date": "2021-01-23 12:00:00", "subject": "2", "recorded-or-robo": "Y", "city": "new braunfels", "state": "TX", "area-code": "409"}, {"id": "3decc6bfadaa436a105714c6ba356d20", "number": "4079822624", "date": "2021-01-23 12:00:00", "subject": "2", "recorded-or-robo": "Y", "city": "Mount Pleasant", "state": "WI", "area-code": "262"}, {"id": "1d36742e3f24f50e4e7ae82801cbc8a4", "number": "4079822624", "date": "2021-01-23 12:00:00", "subject": "2", "recorded-or-robo": "Y", "city": "Mount Pleasant", "state": "WI", "area-code": "262"}, {"id": "3decc6bfadaa436a105714c6ba356719", "number": "4053495603", "date": "2021-01-20 11:38:00", "subject": "0", "recorded-or-robo": "N", "city": "", "state": "OK", "area-code": "405"}, {"id": "1d36742e3f24f50e4e7ae82801cbc5db", "number": "4053495603", "date": "2021-01-20 11:38:00", "subject": "0", "recorded-or-robo": "N", "city": "", "state": "OK", "area-code": "405"}, {"id": "3decc6bfadaa436a105714c6ba8779fe", "number": "8102120638", "date": "2021-01-23 12:59:00", "subject": "3", "recorded-or-robo": "Y", "city": "", "state": "CT", "area-code": "203"}, {"id": "03e293b3df9e35eadf15c561191e1e38", "number": "8102120638", "date": "2021-01-23 12:59:00", "subject": "3", "recorded-or-robo": "Y", "city": "", "state": "CT", "area-code": "203"}, {"id": "3decc6bfadaa436a105714c6ba3558cd", "number": "3153531271", "date": "2021-01-20 12:53:00", "subject": "3", "recorded-or-robo": "", "city": "dewitt", "state": "NY", "area-code": "315"}, {"id": "1d36742e3f24f50e4e7ae82801cbc189", "number": "3153531271", "date": "2021-01-20 12:53:00", "subject": "3", "recorded-or-robo": "", "city": "dewitt", "state": "NY", "area-code": "315"}, {"id": "3decc6bfadaa436a105714c6ba35531d", "number": "", "date": "2021-01-23 15:20:00", "subject": "1", "recorded-or-robo": "Y", "city": "BRODHEAD", "state": "WI", "area-code": "608"}, {"id": "1d36742e3f24f50e4e7ae82801cbc058", "number": "", "date": "2021-01-23 15:20:00", "subject": "1", "recorded-or-robo": "Y", "city": "BRODHEAD", "state": "WI", "area-code": "608"}, {"id": "3decc6bfadaa436a105714c6ba354553", "number": "3152328257", "date": "2021-01-23 14:23:00", "subject": "1", "recorded-or-robo": "Y", "city": "Reidsville", "state": "NC", "area-code": "336"}, {"id": "1d36742e3f24f50e4e7ae82801cbba6f", "number": "3152328257", "date": "2021-01-23 14:23:00", "subject": "1", "recorded-or-robo": "Y", "city": "Reidsville", "state": "NC", "area-code": "336"}, {"id": "3decc6bfadaa436a105714c6ba350cfc", "number": "9721159532", "date": "2021-01-21 11:29:00", "subject": "3", "recorded-or-robo": "N", "city": "", "state": "TX", "area-code": "972"}, {"id": "1d36742e3f24f50e4e7ae82801cba6e2", "number": "9721159532", "date": "2021-01-21 11:29:00", "subject": "3", "recorded-or-robo": "N", "city": "", "state": "TX", "area-code": "972"}, {"id": "3decc6bfadaa436a105714c6ba3537f2", "number": "3103915206", "date": "2021-01-13 13:15:00", "subject": "2", "recorded-or-robo": "Y", "city": "Redondo Beach", "state": "CA", "area-code": "310"}, {"id": "1d36742e3f24f50e4e7ae82801cbb86b", "number": "3103915206", "date": "2021-01-13 13:15:00", "subject": "2", "recorded-or-robo": "Y", "city": "Redondo Beach", "state": "CA", "area-code": "310"}, {"id": "3decc6bfadaa436a105714c6ba35290b", "number": "4053595603", "date": "2021-01-20 10:38:00", "subject": "0", "recorded-or-robo": "N", "city": "", "state": "OK", "area-code": "405"}, {"id": "3decc6bfadaa436a105714c6ba351bbf", "number": "6198395605", "date": "2021-01-20 12:29:00", "subject": "2", "recorded-or-robo": "Y", "city": "Jacksonville", "state": "NC", "area-code": "910"}, {"id": "1d36742e3f24f50e4e7ae82801cbb638", "number": "4053595603", "date": "2021-01-20 10:38:00", "subject": "0", "recorded-or-robo": "N", "city": "", "state": "OK", "area-code": "405"}, {"id": "1d36742e3f24f50e4e7ae82801cbb481", "number": "6198395605", "date": "2021-01-20 12:29:00", "subject": "2", "recorded-or-robo": "Y", "city": "Jacksonville", "state": "NC", "area-code": "910"}, {"id": "3decc6bfadaa436a105714c6ba34fe59", "number": "8609236271", "date": "2021-01-23 16:20:00", "subject": "7", "recorded-or-robo": "Y", "city": "CHESTER", "state": "CT", "area-code": "860"}, {"id": "1d36742e3f24f50e4e7ae82801cba10d", "number": "8609236271", "date": "2021-01-23 16:20:00", "subject": "7", "recorded-or-robo": "Y", "city": "CHESTER", "state": "CT", "area-code": "860"}, {"id": "3decc6bfadaa436a105714c6ba786768", "number": "+17069142540", "date": "2021-01-23 16:23:49", "subject": "3", "recorded-or-robo": "Y", "city": "", "state": "PA", "area-code": "215"}, {"id": "3decc6bfadaa436a105714c6ba34ee96", "number": "3157312758", "date": "2021-01-20 12:16:00", "subject": "3", "recorded-or-robo": "", "city": "dewitt", "state": "NY", "area-code": "315"}, {"id": "1d36742e3f24f50e4e7ae82801cb9eb9", "number": "3157312758", "date": "2021-01-20 12:16:00", "subject": "3", "recorded-or-robo": "", "city": "dewitt", "state": "NY", "area-code": "315"}, {"id": "03e293b3df9e35eadf15c561190ec341", "number": "+17069142540", "date": "2021-01-23 16:23:49", "subject": "3", "recorded-or-robo": "Y", "city": "", "state": "PA", "area-code": "215"}, {"id": "3decc6bfadaa436a105714c6ba78775d", "number": "+12397668127", "date": "2021-01-23 16:23:47", "subject": "3", "recorded-or-robo": "Y", "city": "", "state": "NV", "area-code": "702"}, {"id": "03e293b3df9e35eadf15c561190ecf2c", "number": "+12397668127", "date": "2021-01-23 16:23:47", "subject": "3", "recorded-or-robo": "Y", "city": "", "state": "NV", "area-code": "702"}, {"id": "3decc6bfadaa436a105714c6ba34ede7", "number": "4052496956", "date": "2021-01-19 13:52:00", "subject": "0", "recorded-or-robo": "N", "city": "", "state": "OK", "area-code": "405"}, {"id": "1d36742e3f24f50e4e7ae82801cb910c", "number": "4052496956", "date": "2021-01-19 13:52:00", "subject": "0", "recorded-or-robo": "N", "city": "", "state": "OK", "area-code": "405"}, {"id": "3decc6bfadaa436a105714c6ba34e531", "number": "8665359492", "date": "2021-01-23 15:23:00", "subject": "1", "recorded-or-robo": "Y", "city": "", "state": "OH", "area-code": "740"}, {"id": "1d36742e3f24f50e4e7ae82801cb8319", "number": "8665359492", "date": "2021-01-23 15:23:00", "subject": "1", "recorded-or-robo": "Y", "city": "", "state": "OH", "area-code": "740"}, {"id": "3decc6bfadaa436a105714c6ba78a440", "number": "+18135714248", "date": "2021-01-23 16:23:23", "subject": "3", "recorded-or-robo": "N", "city": "", "state": "FL", "area-code": "813"}, {"id": "03e293b3df9e35eadf15c561190ee208", "number": "+18135714248", "date": "2021-01-23 16:23:23", "subject": "3", "recorded-or-robo": "N", "city": "", "state": "FL", "area-code": "813"}, {"id": "3decc6bfadaa436a105714c6ba34d677", "number": "4696631809", "date": "2021-01-23 10:09:00", "subject": "1", "recorded-or-robo": "Y", "city": "", "state": "TX", "area-code": "281"}, {"id": "1d36742e3f24f50e4e7ae82801cb795b", "number": "4696631809", "date": "2021-01-23 10:09:00", "subject": "1", "recorded-or-robo": "Y", "city": "", "state": "TX", "area-code": "281"}, {"id": "3decc6bfadaa436a105714c6ba34d2e5", "number": "4437873013", "date": "2021-01-22 13:04:00", "subject": "4", "recorded-or-robo": "Y", "city": "", "state": "IN", "area-code": "956"}, {"id": "1d36742e3f24f50e4e7ae82801cb6d7d", "number": "4437873013", "date": "2021-01-22 13:04:00", "subject": "4", "recorded-or-robo": "Y", "city": "", "state": "IN", "area-code": "956"}, {"id": "3decc6bfadaa436a105714c6ba348e46", "number": "6149448963", "date": "2021-01-21 11:45:00", "subject": "3", "recorded-or-robo": "N", "city": "", "state": "OH", "area-code": "614"}, {"id": "1d36742e3f24f50e4e7ae82801cb28c2", "number": "6149448963", "date": "2021-01-21 11:45:00", "subject": "3", "recorded-or-robo": "N", "city": "", "state": "OH", "area-code": "614"}, {"id": "3decc6bfadaa436a105714c6ba34d2d5", "number": "2135272622", "date": "2021-01-23 12:48:00", "subject": "12", "recorded-or-robo": "Y", "city": "", "state": "CA", "area-code": "949"}, {"id": "1d36742e3f24f50e4e7ae82801cb69af", "number": "2135272622", "date": "2021-01-23 12:48:00", "subject": "12", "recorded-or-robo": "Y", "city": "", "state": "CA", "area-code": "949"}, {"id": "3decc6bfadaa436a105714c6ba34c89e", "number": "8009476229", "date": "2021-01-23 01:20:00", "subject": "0", "recorded-or-robo": "Y", "city": "Beaumont", "state": "CA", "area-code": "951"}, {"id": "1d36742e3f24f50e4e7ae82801cb65fa", "number": "8009476229", "date": "2021-01-23 01:20:00", "subject": "0", "recorded-or-robo": "Y", "city": "Beaumont", "state": "CA", "area-code": "951"}, {"id": "3decc6bfadaa436a105714c6ba34c846", "number": "5046579929", "date": "2021-01-23 10:30:00", "subject": "1", "recorded-or-robo": "Y", "city": "New Orleans", "state": "LA", "area-code": "504"}, {"id": "1d36742e3f24f50e4e7ae82801cb64e3", "number": "5046579929", "date": "2021-01-23 10:30:00", "subject": "1", "recorded-or-robo": "Y", "city": "New Orleans", "state": "LA", "area-code": "504"}, {"id": "3decc6bfadaa436a105714c6ba34bdef", "number": "3158467466", "date": "2021-01-20 11:19:00", "subject": "3", "recorded-or-robo": "", "city": "dewitt", "state": "NY", "area-code": "315"}, {"id": "1d36742e3f24f50e4e7ae82801cb6107", "number": "3158467466", "date": "2021-01-20 11:19:00", "subject": "3", "recorded-or-robo": "", "city": "dewitt", "state": "NY", "area-code": "315"}, {"id": "3decc6bfadaa436a105714c6ba34b4a5", "number": "6786980485", "date": "2021-01-18 16:38:00", "subject": "1", "recorded-or-robo": "N", "city": "", "state": "OK", "area-code": "405"}]}