{"data": [{"id": "1d36742e3f24f50e4e7ae82801b62271", "number": "2132621323", "date": "2021-01-23 09:05:00", "subject": "1", "recorded-or-robo": "N", "city": "Fullerton", "state": "CA", "area-code": "714"}, {"id": "3decc6bfadaa436a105714c6ba1ece23", "number": "9712298357", "date": "2020-11-02 10:47:00", "subject": "3", "recorded-or-robo": "", "city": "BISHOP", "state": "CA", "area-code": "971"}, {"id": "1d36742e3f24f50e4e7ae82801b61590", "number": "9712298357", "date": "2020-11-02 10:47:00", "subject": "3", "recorded-or-robo": "", "city": "BISHOP", "state": "CA", "area-code": "971"}, {"id": "3decc6bfadaa436a105714c6ba1ebf4d", "number": "8884703117", "date": "2021-01-23 11:44:00", "subject": "0", "recorded-or-robo": "Y", "city": "", "state": "AZ", "area-code": "928"}, {"id": "1d36742e3f24f50e4e7ae82801b60312", "number": "8884703117", "date": "2021-01-23 11:44:00", "subject": "0", "recorded-or-robo": "Y", "city": "", "state": "AZ", "area-code": "928"}, {"id": "3decc6bfadaa436a105714c6ba1eb249", "number": "4093925433", "date": "2021-01-23 13:19:00", "subject": "11", "recorded-or-robo": "Y", "city": "galveston", "state": "TX", "area-code": "409"}, {"id": "1d36742e3f24f50e4e7ae82801b5f88a", "number": "4093925433", "date": "2021-01-23 13:19:00", "subject": "11", "recorded-or-robo": "Y", "city": "galveston", "state": "TX", "area-code": "409"}, {"id": "3decc6bfadaa436a105714c6ba1ea4a4", "number": "5624944824", "date": "2021-01-22 12:13:00", "subject": "12", "recorded-or-robo": "N", "city": "Los Alamitos, Orange, CA", "state": "CA", "area-code": "562"}, {"id": "1d36742e3f24f50e4e7ae82801b5f6c5", "number": "5624944824", "date": "2021-01-22 12:13:00", "subject": "12", "recorded-or-robo": "N", "city": "Los Alamitos, Orange, CA", "state": "CA", "area-code": "562"}, {"id": "3decc6bfadaa436a105714c6ba1e9e4e", "number": "9284592045", "date": "2021-01-23 12:24:00", "subject": "0", "recorded-or-robo": "Y", "city": "", "state": "AZ", "area-code": "928"}, {"id": "1d36742e3f24f50e4e7ae82801b5e7cb", "number": "9284592045", "date": "2021-01-23 12:24:00", "subject": "0", "recorded-or-robo": "Y", "city": "", "state": "AZ", "area-code": "928"}, {"id": "3decc6bfadaa436a105714c6ba1e9807", "number": "9712971557", "date": "2020-11-14 09:32:00", "subject": "3", "recorded-or-robo": "", "city": "BISHOP", "state": "CA", "area-code": "971"}, {"id": "1d36742e3f24f50e4e7ae82801b5df70", "number": "9712971557", "date": "2020-11-14 09:32:00", "subject": "3", "recorded-or-robo": "", "city": "BISHOP", "state": "CA", "area-code": "971"}, {"id": "3decc6bfadaa436a105714c6ba1e95f0", "number": "8558440114", "date": "2021-01-22 12:42:00", "subject": "2", "recorded-or-robo": "Y", "city": "Point Pleasant Boro", "state": "NJ", "area-code": "732"}, {"id": "1d36742e3f24f50e4e7ae82801b5df40", "number": "8558440114", "date": "2021-01-22 12:42:00", "subject": "2", "recorded-or-robo": "Y", "city": "Point Pleasant Boro", "state": "NJ", "area-code": "732"}, {"id": "3decc6bfadaa436a105714c6ba1e8a92", "number": "3048484196", "date": "2021-01-23 13:47:00", "subject": "1", "recorded-or-robo": "Y", "city": "BETHANY-RESURRECTION", "state": "WV", "area-code": "304"}, {"id": "3decc6bfadaa436a105714c6ba1e7f12", "number": "5097305647", "date": "2021-01-23 11:40:00", "subject": "2", "recorded-or-robo": "N", "city": "", "state": "WA", "area-code": "206"}, {"id": "1d36742e3f24f50e4e7ae82801b5de54", "number": "3048484196", "date": "2021-01-23 13:47:00", "subject": "1", "recorded-or-robo": "Y", "city": "BETHANY-RESURRECTION", "state": "WV", "area-code": "304"}, {"id": "1d36742e3f24f50e4e7ae82801b5d148", "number": "5097305647", "date": "2021-01-23 11:40:00", "subject": "2", "recorded-or-robo": "N", "city": "", "state": "WA", "area-code": "206"}, {"id": "3decc6bfadaa436a105714c6ba1e752a", "number": "6037345047", "date": "2021-01-23 00:00:00", "subject": "4", "recorded-or-robo": "N", "city": "Boulder", "state": "CO", "area-code": "303"}, {"id": "1d36742e3f24f50e4e7ae82801b5c359", "number": "6037345047", "date": "2021-01-23 00:00:00", "subject": "4", "recorded-or-robo": "N", "city": "Boulder", "state": "CO", "area-code": "303"}, {"id": "3decc6bfadaa436a105714c6ba1e6959", "number": "3152328257", "date": "2021-01-23 12:57:00", "subject": "11", "recorded-or-robo": "Y", "city": "galveston", "state": "TX", "area-code": "409"}, {"id": "1d36742e3f24f50e4e7ae82801b5ba2e", "number": "3152328257", "date": "2021-01-23 12:57:00", "subject": "11", "recorded-or-robo": "Y", "city": "galveston", "state": "TX", "area-code": "409"}, {"id": "3decc6bfadaa436a105714c6ba1e2edc", "number": "9493124770", "date": "2021-01-19 11:56:00", "subject": "3", "recorded-or-robo": "N", "city": "", "state": "NY", "area-code": "845"}, {"id": "1d36742e3f24f50e4e7ae82801b5a1a1", "number": "9493124770", "date": "2021-01-19 11:56:00", "subject": "3", "recorded-or-robo": "N", "city": "", "state": "NY", "area-code": "845"}, {"id": "3decc6bfadaa436a105714c6ba1e59a5", "number": "8335741910", "date": "2020-12-01 08:00:00", "subject": "2", "recorded-or-robo": "Y", "city": "Green Bay", "state": "WI", "area-code": "920"}, {"id": "1d36742e3f24f50e4e7ae82801b5b432", "number": "8335741910", "date": "2020-12-01 08:00:00", "subject": "2", "recorded-or-robo": "Y", "city": "Green Bay", "state": "WI", "area-code": "920"}, {"id": "3decc6bfadaa436a105714c6ba1e50a4", "number": "9713192046", "date": "2020-11-14 10:17:00", "subject": "3", "recorded-or-robo": "", "city": "BISHOP", "state": "CA", "area-code": "971"}, {"id": "1d36742e3f24f50e4e7ae82801b5b08c", "number": "9713192046", "date": "2020-11-14 10:17:00", "subject": "3", "recorded-or-robo": "", "city": "BISHOP", "state": "CA", "area-code": "971"}, {"id": "3decc6bfadaa436a105714c6ba1e4ed4", "number": "3865234798", "date": "2021-01-23 11:34:00", "subject": "1", "recorded-or-robo": "Y", "city": "Pacific", "state": "MO", "area-code": "386"}, {"id": "1d36742e3f24f50e4e7ae82801b5b04c", "number": "3865234798", "date": "2021-01-23 11:34:00", "subject": "1", "recorded-or-robo": "Y", "city": "Pacific", "state": "MO", "area-code": "386"}, {"id": "3decc6bfadaa436a105714c6ba1e3ed9", "number": "8556785274", "date": "2021-01-23 12:00:00", "subject": "1", "recorded-or-robo": "N", "city": "Munster", "state": "IN", "area-code": "219"}, {"id": "1d36742e3f24f50e4e7ae82801b5a244", "number": "8556785274", "date": "2021-01-23 12:00:00", "subject": "1", "recorded-or-robo": "N", "city": "Munster", "state": "IN", "area-code": "219"}, {"id": "3decc6bfadaa436a105714c6ba5731d6", "number": "6177511155", "date": "2021-01-23 14:43:11", "subject": "3", "recorded-or-robo": "Y", "city": "", "state": "MA", "area-code": "617"}, {"id": "3decc6bfadaa436a105714c6ba1e2e2a", "number": "", "date": "2021-01-23 13:50:00", "subject": "1", "recorded-or-robo": "Y", "city": "Corning", "state": "NY", "area-code": "607"}, {"id": "1d36742e3f24f50e4e7ae82801eda6d0", "number": "6177511155", "date": "2021-01-23 14:43:11", "subject": "3", "recorded-or-robo": "Y", "city": "", "state": "MA", "area-code": "617"}, {"id": "1d36742e3f24f50e4e7ae82801b59cb4", "number": "", "date": "2021-01-23 13:50:00", "subject": "1", "recorded-or-robo": "Y", "city": "Corning", "state": "NY", "area-code": "607"}, {"id": "3decc6bfadaa436a105714c6ba1e270e", "number": "2564002056", "date": "2021-01-13 15:54:00", "subject": "2", "recorded-or-robo": "N", "city": "", "state": "AL", "area-code": "256"}, {"id": "1d36742e3f24f50e4e7ae82801b5950e", "number": "2564002056", "date": "2021-01-13 15:54:00", "subject": "2", "recorded-or-robo": "N", "city": "", "state": "AL", "area-code": "256"}, {"id": "3decc6bfadaa436a105714c6ba1e2660", "number": "9712971557", "date": "2020-11-14 10:42:00", "subject": "3", "recorded-or-robo": "", "city": "BISHOP", "state": "CA", "area-code": "971"}, {"id": "1d36742e3f24f50e4e7ae82801b5906f", "number": "9712971557", "date": "2020-11-14 10:42:00", "subject": "3", "recorded-or-robo": "", "city": "BISHOP", "state": "CA", "area-code": "971"}, {"id": "3decc6bfadaa436a105714c6ba572991", "number": "3047556459", "date": "2021-01-23 14:42:52", "subject": "3", "recorded-or-robo": "Y", "city": "", "state": "MD", "area-code": "443"}, {"id": "3decc6bfadaa436a105714c6ba1e1745", "number": "6076894", "date": "2021-01-23 12:58:00", "subject": "3", "recorded-or-robo": "Y", "city": "binghamton", "state": "NY", "area-code": "607"}, {"id": "1d36742e3f24f50e4e7ae82801ed9717", "number": "3047556459", "date": "2021-01-23 14:42:52", "subject": "3", "recorded-or-robo": "Y", "city": "", "state": "MD", "area-code": "443"}, {"id": "1d36742e3f24f50e4e7ae82801b58197", "number": "6076894", "date": "2021-01-23 12:58:00", "subject": "3", "recorded-or-robo": "Y", "city": "binghamton", "state": "NY", "area-code": "607"}, {"id": "3decc6bfadaa436a105714c6ba1e0e72", "number": "7723005731", "date": "2021-01-23 11:02:00", "subject": "1", "recorded-or-robo": "Y", "city": "PORT SAINT LUCIE", "state": "FL", "area-code": "772"}, {"id": "1d36742e3f24f50e4e7ae82801b57817", "number": "7723005731", "date": "2021-01-23 11:02:00", "subject": "1", "recorded-or-robo": "Y", "city": "PORT SAINT LUCIE", "state": "FL", "area-code": "772"}, {"id": "3decc6bfadaa436a105714c6ba1e02df", "number": "", "date": "2021-01-23 10:43:00", "subject": "2", "recorded-or-robo": "Y", "city": "", "state": "MO", "area-code": "636"}, {"id": "1d36742e3f24f50e4e7ae82801b574ef", "number": "", "date": "2021-01-23 10:43:00", "subject": "2", "recorded-or-robo": "Y", "city": "", "state": "MO", "area-code": "636"}, {"id": "3decc6bfadaa436a105714c6ba1de791", "number": "8453160037", "date": "2021-01-20 19:43:00", "subject": "3", "recorded-or-robo": "N", "city": "", "state": "NY", "area-code": "845"}]}