{"data": [{"id": "1d36742e3f24f50e4e7ae828018b236c", "number": "6514584007", "date": "2021-01-23 11:05:00", "subject": "1", "recorded-or-robo": "Y", "city": "", "state": "MN", "area-code": "651"}, {"id": "e81c9350d54f66c6d33b3747eef4dd40", "number": "", "date": "2021-01-23 10:57:00", "subject": "0", "recorded-or-robo": "Y", "city": "", "state": "IL", "area-code": "217"}, {"id": "1d36742e3f24f50e4e7ae828018b18fe", "number": "", "date": "2021-01-23 10:57:00", "subject": "0", "recorded-or-robo": "Y", "city": "", "state": "IL", "area-code": "217"}, {"id": "e81c9350d54f66c6d33b3747eef4db97", "number": "2165399047", "date": "2021-01-23 12:08:00", "subject": "2", "recorded-or-robo": "Y", "city": "olmsted falls", "state": "OH", "area-code": "440"}, {"id": "1d36742e3f24f50e4e7ae828018b154b", "number": "2165399047", "date": "2021-01-23 12:08:00", "subject": "2", "recorded-or-robo": "Y", "city": "olmsted falls", "state": "OH", "area-code": "440"}, {"id": "e81c9350d54f66c6d33b3747eef4d0ab", "number": "7603723157", "date": "2021-01-21 12:54:00", "subject": "0", "recorded-or-robo": "N", "city": "Bishop", "state": "CA", "area-code": "760"}, {"id": "1d36742e3f24f50e4e7ae828018b0664", "number": "7603723157", "date": "2021-01-21 12:54:00", "subject": "0", "recorded-or-robo": "N", "city": "Bishop", "state": "CA", "area-code": "760"}, {"id": "e81c9350d54f66c6d33b3747eef4c856", "number": "7028765656", "date": "2021-01-23 00:00:00", "subject": "7", "recorded-or-robo": "Y", "city": "", "state": "NV", "area-code": "702"}, {"id": "1d36742e3f24f50e4e7ae828018af1b2", "number": "7028765656", "date": "2021-01-23 00:00:00", "subject": "7", "recorded-or-robo": "Y", "city": "", "state": "NV", "area-code": "702"}, {"id": "e81c9350d54f66c6d33b3747eef4bf5b", "number": "9133555553", "date": "2021-01-23 12:00:00", "subject": "4", "recorded-or-robo": "Y", "city": "East Elmhurst", "state": "NY", "area-code": "347"}, {"id": "1d36742e3f24f50e4e7ae828018af18b", "number": "9133555553", "date": "2021-01-23 12:00:00", "subject": "4", "recorded-or-robo": "Y", "city": "East Elmhurst", "state": "NY", "area-code": "347"}, {"id": "e81c9350d54f66c6d33b3747eef4bc20", "number": "5159943003", "date": "2021-01-22 15:19:00", "subject": "2", "recorded-or-robo": "", "city": "Ames", "state": "IA", "area-code": "515"}, {"id": "1d36742e3f24f50e4e7ae828018aed22", "number": "5159943003", "date": "2021-01-22 15:19:00", "subject": "2", "recorded-or-robo": "", "city": "Ames", "state": "IA", "area-code": "515"}, {"id": "e81c9350d54f66c6d33b3747eef4bb9d", "number": "4014776405", "date": "2021-01-22 12:55:00", "subject": "13", "recorded-or-robo": "Y", "city": "", "state": "RI", "area-code": "401"}, {"id": "1d36742e3f24f50e4e7ae828018ae3f8", "number": "4014776405", "date": "2021-01-22 12:55:00", "subject": "13", "recorded-or-robo": "Y", "city": "", "state": "RI", "area-code": "401"}, {"id": "e81c9350d54f66c6d33b3747eef4b0e5", "number": "2092193175", "date": "2021-01-23 09:03:00", "subject": "1", "recorded-or-robo": "Y", "city": "Los Alamitos", "state": "CA", "area-code": "562"}, {"id": "1d36742e3f24f50e4e7ae828018ad738", "number": "2092193175", "date": "2021-01-23 09:03:00", "subject": "1", "recorded-or-robo": "Y", "city": "Los Alamitos", "state": "CA", "area-code": "562"}, {"id": "e81c9350d54f66c6d33b3747eef4abee", "number": "1805701693916503796", "date": "2021-01-23 02:30:00", "subject": "3", "recorded-or-robo": "Y", "city": "reedley", "state": "CA", "area-code": "559"}, {"id": "1d36742e3f24f50e4e7ae828018acbaa", "number": "1805701693916503796", "date": "2021-01-23 02:30:00", "subject": "3", "recorded-or-robo": "Y", "city": "reedley", "state": "CA", "area-code": "559"}, {"id": "e81c9350d54f66c6d33b3747eef49fa3", "number": "7736555394", "date": "2021-01-13 15:53:00", "subject": "0", "recorded-or-robo": "Y", "city": "Chicago", "state": "IL", "area-code": "773"}, {"id": "1d36742e3f24f50e4e7ae828018abd94", "number": "7736555394", "date": "2021-01-13 15:53:00", "subject": "0", "recorded-or-robo": "Y", "city": "Chicago", "state": "IL", "area-code": "773"}, {"id": "e81c9350d54f66c6d33b3747eef49a2c", "number": "2108580866", "date": "2021-01-23 11:06:00", "subject": "1", "recorded-or-robo": "Y", "city": "San Antonio", "state": "TX", "area-code": "210"}, {"id": "1d36742e3f24f50e4e7ae828018ab3ae", "number": "2108580866", "date": "2021-01-23 11:06:00", "subject": "1", "recorded-or-robo": "Y", "city": "San Antonio", "state": "TX", "area-code": "210"}, {"id": "e81c9350d54f66c6d33b3747eef49249", "number": "8885240691", "date": "2021-01-23 11:01:00", "subject": "1", "recorded-or-robo": "N", "city": "Radnor", "state": "OH", "area-code": "740"}, {"id": "1d36742e3f24f50e4e7ae828018aa7a6", "number": "8885240691", "date": "2021-01-23 11:01:00", "subject": "1", "recorded-or-robo": "N", "city": "Radnor", "state": "OH", "area-code": "740"}, {"id": "e81c9350d54f66c6d33b3747eef48bc2", "number": "", "date": "2021-01-23 10:00:00", "subject": "1", "recorded-or-robo": "Y", "city": "", "state": "MO", "area-code": "636"}, {"id": "1d36742e3f24f50e4e7ae828018aa4c2", "number": "", "date": "2021-01-23 10:00:00", "subject": "1", "recorded-or-robo": "Y", "city": "", "state": "MO", "area-code": "636"}, {"id": "e81c9350d54f66c6d33b3747eef48ab2", "number": "7028352057", "date": "2021-01-23 08:44:00", "subject": "7", "recorded-or-robo": "Y", "city": "", "state": "NV", "area-code": "702"}, {"id": "1d36742e3f24f50e4e7ae828018a9c3f", "number": "7028352057", "date": "2021-01-23 08:44:00", "subject": "7", "recorded-or-robo": "Y", "city": "", "state": "NV", "area-code": "702"}, {"id": "3decc6bfadaa436a105714c6ba57c8c8", "number": "6315703240", "date": "2021-01-23 10:31:00", "subject": "3", "recorded-or-robo": "Y", "city": "", "state": "NY", "area-code": "631"}, {"id": "1d36742e3f24f50e4e7ae82801ee1ed0", "number": "6315703240", "date": "2021-01-23 10:31:00", "subject": "3", "recorded-or-robo": "Y", "city": "", "state": "NY", "area-code": "631"}, {"id": "e81c9350d54f66c6d33b3747eef47ccf", "number": "8312300035", "date": "2021-01-21 13:16:00", "subject": "0", "recorded-or-robo": "N", "city": "Bishop", "state": "CA", "area-code": "760"}, {"id": "1d36742e3f24f50e4e7ae828018a8f36", "number": "8312300035", "date": "2021-01-21 13:16:00", "subject": "0", "recorded-or-robo": "N", "city": "Bishop", "state": "CA", "area-code": "760"}, {"id": "e81c9350d54f66c6d33b3747eef473f6", "number": "8556780866", "date": "2021-01-23 11:52:00", "subject": "11", "recorded-or-robo": "Y", "city": "Bristol", "state": "IN", "area-code": "574"}, {"id": "1d36742e3f24f50e4e7ae828018a8cbf", "number": "8556780866", "date": "2021-01-23 11:52:00", "subject": "11", "recorded-or-robo": "Y", "city": "Bristol", "state": "IN", "area-code": "574"}, {"id": "e81c9350d54f66c6d33b3747eef47284", "number": "2014536096", "date": "2021-01-12 09:27:00", "subject": "0", "recorded-or-robo": "Y", "city": "", "state": "NJ", "area-code": "201"}, {"id": "1d36742e3f24f50e4e7ae828018a8774", "number": "2014536096", "date": "2021-01-12 09:27:00", "subject": "0", "recorded-or-robo": "Y", "city": "", "state": "NJ", "area-code": "201"}, {"id": "e81c9350d54f66c6d33b3747eef46c0c", "number": "", "date": "2021-01-23 11:04:00", "subject": "1", "recorded-or-robo": "Y", "city": "", "state": "MO", "area-code": "636"}, {"id": "1d36742e3f24f50e4e7ae828018a839b", "number": "", "date": "2021-01-23 11:04:00", "subject": "1", "recorded-or-robo": "Y", "city": "", "state": "MO", "area-code": "636"}, {"id": "e81c9350d54f66c6d33b3747eef46245", "number": "7022912931", "date": "2021-01-23 09:08:00", "subject": "2", "recorded-or-robo": "N", "city": "", "state": "NV", "area-code": "702"}, {"id": "1d36742e3f24f50e4e7ae828018a758f", "number": "7022912931", "date": "2021-01-23 09:08:00", "subject": "2", "recorded-or-robo": "N", "city": "", "state": "NV", "area-code": "702"}, {"id": "e81c9350d54f66c6d33b3747eef45715", "number": "7085562331", "date": "2021-01-23 10:33:00", "subject": "2", "recorded-or-robo": "N", "city": "", "state": "IL", "area-code": "708"}, {"id": "1d36742e3f24f50e4e7ae828018a6866", "number": "7085562331", "date": "2021-01-23 10:33:00", "subject": "2", "recorded-or-robo": "N", "city": "", "state": "IL", "area-code": "708"}, {"id": "e81c9350d54f66c6d33b3747eef45495", "number": "", "date": "2021-01-23 08:28:00", "subject": "1", "recorded-or-robo": "Y", "city": "", "state": "MN", "area-code": "651"}, {"id": "1d36742e3f24f50e4e7ae828018a62d0", "number": "", "date": "2021-01-23 08:28:00", "subject": "1", "recorded-or-robo": "Y", "city": "", "state": "MN", "area-code": "651"}, {"id": "e81c9350d54f66c6d33b3747eef4471d", "number": "7204624340", "date": "2021-01-22 19:13:00", "subject": "0", "recorded-or-robo": "Y", "city": "", "state": "CO", "area-code": "303"}, {"id": "1d36742e3f24f50e4e7ae828018a59bc", "number": "7204624340", "date": "2021-01-22 19:13:00", "subject": "0", "recorded-or-robo": "Y", "city": "", "state": "CO", "area-code": "303"}, {"id": "e81c9350d54f66c6d33b3747eef43dea", "number": "7603723147", "date": "2021-01-21 17:39:00", "subject": "0", "recorded-or-robo": "N", "city": "Bishop", "state": "CA", "area-code": "760"}, {"id": "1d36742e3f24f50e4e7ae828018a5340", "number": "7603723147", "date": "2021-01-21 17:39:00", "subject": "0", "recorded-or-robo": "N", "city": "Bishop", "state": "CA", "area-code": "760"}, {"id": "e81c9350d54f66c6d33b3747eef43011", "number": "7028994905", "date": "2021-01-23 08:57:00", "subject": "7", "recorded-or-robo": "Y", "city": "", "state": "NV", "area-code": "702"}]}