{"data": [{"id": "03e293b3df9e35eadf15c561190b98b1", "number": "4074406127", "date": "2021-01-23 14:56:41", "subject": "3", "recorded-or-robo": "N", "city": "", "state": "FL", "area-code": "407"}, {"id": "3decc6bfadaa436a105714c6ba21867c", "number": "3234160775", "date": "2021-01-22 10:16:00", "subject": "0", "recorded-or-robo": "Y", "city": "", "state": "CA", "area-code": "323"}, {"id": "1d36742e3f24f50e4e7ae82801b90c7f", "number": "3234160775", "date": "2021-01-22 10:16:00", "subject": "0", "recorded-or-robo": "Y", "city": "", "state": "CA", "area-code": "323"}, {"id": "3decc6bfadaa436a105714c6ba217a91", "number": "5139169694", "date": "2021-01-19 14:10:00", "subject": "4", "recorded-or-robo": "Y", "city": "Fort Thomas", "state": "OH", "area-code": "513"}, {"id": "1d36742e3f24f50e4e7ae82801b90bed", "number": "5139169694", "date": "2021-01-19 14:10:00", "subject": "4", "recorded-or-robo": "Y", "city": "Fort Thomas", "state": "OH", "area-code": "513"}, {"id": "3decc6bfadaa436a105714c6ba2174e9", "number": "4407778938", "date": "2021-01-22 11:13:00", "subject": "2", "recorded-or-robo": "N", "city": "Concord Township", "state": "OH", "area-code": "440"}, {"id": "1d36742e3f24f50e4e7ae82801b8ff53", "number": "4407778938", "date": "2021-01-22 11:13:00", "subject": "2", "recorded-or-robo": "N", "city": "Concord Township", "state": "OH", "area-code": "440"}, {"id": "3decc6bfadaa436a105714c6ba2167c7", "number": "4695445024", "date": "2021-01-23 12:40:00", "subject": "3", "recorded-or-robo": "Y", "city": "Irving", "state": "TX", "area-code": "469"}, {"id": "3decc6bfadaa436a105714c6ba215ce1", "number": "4093922503", "date": "2021-01-23 13:54:00", "subject": "11", "recorded-or-robo": "Y", "city": "galveston", "state": "TX", "area-code": "409"}, {"id": "1d36742e3f24f50e4e7ae82801b8f70a", "number": "4695445024", "date": "2021-01-23 12:40:00", "subject": "3", "recorded-or-robo": "Y", "city": "Irving", "state": "TX", "area-code": "469"}, {"id": "1d36742e3f24f50e4e7ae82801b8ed08", "number": "4093922503", "date": "2021-01-23 13:54:00", "subject": "11", "recorded-or-robo": "Y", "city": "galveston", "state": "TX", "area-code": "409"}, {"id": "3decc6bfadaa436a105714c6ba214cf0", "number": "6183438422", "date": "2021-01-23 13:49:00", "subject": "2", "recorded-or-robo": "Y", "city": "Murphysboro", "state": "IL", "area-code": "618"}, {"id": "1d36742e3f24f50e4e7ae82801b8e1f6", "number": "6183438422", "date": "2021-01-23 13:49:00", "subject": "2", "recorded-or-robo": "Y", "city": "Murphysboro", "state": "IL", "area-code": "618"}, {"id": "3decc6bfadaa436a105714c6ba752a93", "number": "2156085204", "date": "2021-01-23 14:56:08", "subject": "3", "recorded-or-robo": "Y", "city": "", "state": "PA", "area-code": "215"}, {"id": "03e293b3df9e35eadf15c561190bb1c8", "number": "2156085204", "date": "2021-01-23 14:56:08", "subject": "3", "recorded-or-robo": "Y", "city": "", "state": "PA", "area-code": "215"}, {"id": "3decc6bfadaa436a105714c6ba750692", "number": "8602030519", "date": "2021-01-23 14:55:56", "subject": "3", "recorded-or-robo": "Y", "city": "", "state": "CT", "area-code": "860"}, {"id": "3decc6bfadaa436a105714c6ba214685", "number": "2107588080", "date": "2021-01-23 00:00:00", "subject": "3", "recorded-or-robo": "Y", "city": "", "state": "TX", "area-code": "210"}, {"id": "1d36742e3f24f50e4e7ae82801b8d695", "number": "2107588080", "date": "2021-01-23 00:00:00", "subject": "3", "recorded-or-robo": "Y", "city": "", "state": "TX", "area-code": "210"}, {"id": "03e293b3df9e35eadf15c561190b7e4e", "number": "8602030519", "date": "2021-01-23 14:55:56", "subject": "3", "recorded-or-robo": "Y", "city": "", "state": "CT", "area-code": "860"}, {"id": "3decc6bfadaa436a105714c6ba214675", "number": "6077257570", "date": "2021-01-23 13:26:00", "subject": "3", "recorded-or-robo": "Y", "city": "binghamton", "state": "NY", "area-code": "607"}, {"id": "1d36742e3f24f50e4e7ae82801b8ce99", "number": "6077257570", "date": "2021-01-23 13:26:00", "subject": "3", "recorded-or-robo": "Y", "city": "binghamton", "state": "NY", "area-code": "607"}, {"id": "3decc6bfadaa436a105714c6ba214567", "number": "8005968959", "date": "2021-01-23 14:48:00", "subject": "11", "recorded-or-robo": "Y", "city": "", "state": "PA", "area-code": "814"}, {"id": "1d36742e3f24f50e4e7ae82801b8bf8a", "number": "8005968959", "date": "2021-01-23 14:48:00", "subject": "11", "recorded-or-robo": "Y", "city": "", "state": "PA", "area-code": "814"}, {"id": "3decc6bfadaa436a105714c6ba753930", "number": "2156085204", "date": "2021-01-23 14:55:36", "subject": "3", "recorded-or-robo": "Y", "city": "", "state": "PA", "area-code": "215"}, {"id": "03e293b3df9e35eadf15c561190bbdab", "number": "2156085204", "date": "2021-01-23 14:55:36", "subject": "3", "recorded-or-robo": "Y", "city": "", "state": "PA", "area-code": "215"}, {"id": "3decc6bfadaa436a105714c6ba213cb3", "number": "8007476891", "date": "2021-01-22 13:12:00", "subject": "1", "recorded-or-robo": "Y", "city": "Melbourne", "state": "CA", "area-code": "626"}, {"id": "1d36742e3f24f50e4e7ae82801b8b6ad", "number": "8007476891", "date": "2021-01-22 13:12:00", "subject": "1", "recorded-or-robo": "Y", "city": "Melbourne", "state": "CA", "area-code": "626"}, {"id": "3decc6bfadaa436a105714c6ba213672", "number": "3174497514", "date": "2021-01-22 16:12:00", "subject": "2", "recorded-or-robo": "Y", "city": "", "state": "IN", "area-code": "317"}, {"id": "1d36742e3f24f50e4e7ae82801b8b3df", "number": "3174497514", "date": "2021-01-22 16:12:00", "subject": "2", "recorded-or-robo": "Y", "city": "", "state": "IN", "area-code": "317"}, {"id": "3decc6bfadaa436a105714c6ba213368", "number": "2157093375", "date": "2021-01-23 14:40:00", "subject": "1", "recorded-or-robo": "Y", "city": "Philadelphia", "state": "PA", "area-code": "215"}, {"id": "1d36742e3f24f50e4e7ae82801b8a5eb", "number": "2157093375", "date": "2021-01-23 14:40:00", "subject": "1", "recorded-or-robo": "Y", "city": "Philadelphia", "state": "PA", "area-code": "215"}, {"id": "3decc6bfadaa436a105714c6ba212b46", "number": "2092519281", "date": "2021-01-23 11:45:00", "subject": "2", "recorded-or-robo": "N", "city": "", "state": "CA", "area-code": "209"}, {"id": "1d36742e3f24f50e4e7ae82801b89c72", "number": "2092519281", "date": "2021-01-23 11:45:00", "subject": "2", "recorded-or-robo": "N", "city": "", "state": "CA", "area-code": "209"}, {"id": "3decc6bfadaa436a105714c6ba7515e0", "number": "8138662007", "date": "2021-01-23 14:55:02", "subject": "3", "recorded-or-robo": "Y", "city": "", "state": "FL", "area-code": "407"}, {"id": "03e293b3df9e35eadf15c561190b89d2", "number": "8138662007", "date": "2021-01-23 14:55:02", "subject": "3", "recorded-or-robo": "Y", "city": "", "state": "FL", "area-code": "407"}, {"id": "3decc6bfadaa436a105714c6ba755ce9", "number": "8138662007", "date": "2021-01-23 14:55:00", "subject": "3", "recorded-or-robo": "Y", "city": "", "state": "FL", "area-code": "407"}, {"id": "03e293b3df9e35eadf15c561190bd4e6", "number": "8138662007", "date": "2021-01-23 14:55:00", "subject": "3", "recorded-or-robo": "Y", "city": "", "state": "FL", "area-code": "407"}, {"id": "3decc6bfadaa436a105714c6ba211dcb", "number": "7278624105", "date": "2021-01-23 12:25:00", "subject": "3", "recorded-or-robo": "Y", "city": "Hudson", "state": "FL", "area-code": "727"}, {"id": "1d36742e3f24f50e4e7ae82801b8920c", "number": "7278624105", "date": "2021-01-23 12:25:00", "subject": "3", "recorded-or-robo": "Y", "city": "Hudson", "state": "FL", "area-code": "727"}, {"id": "3decc6bfadaa436a105714c6ba751ec0", "number": "8662507212", "date": "2021-01-23 14:54:33", "subject": "3", "recorded-or-robo": "Y", "city": "", "state": "PA", "area-code": "215"}, {"id": "03e293b3df9e35eadf15c561190b9cdd", "number": "8662507212", "date": "2021-01-23 14:54:33", "subject": "3", "recorded-or-robo": "Y", "city": "", "state": "PA", "area-code": "215"}, {"id": "3decc6bfadaa436a105714c6ba21150b", "number": "6077252851", "date": "2021-01-23 13:22:00", "subject": "3", "recorded-or-robo": "Y", "city": "binghamton", "state": "NY", "area-code": "607"}, {"id": "1d36742e3f24f50e4e7ae82801b88522", "number": "6077252851", "date": "2021-01-23 13:22:00", "subject": "3", "recorded-or-robo": "Y", "city": "binghamton", "state": "NY", "area-code": "607"}, {"id": "3decc6bfadaa436a105714c6ba210c7d", "number": "9514794360", "date": "2021-01-22 12:46:00", "subject": "4", "recorded-or-robo": "Y", "city": "San Bruno", "state": "CA", "area-code": "650"}, {"id": "1d36742e3f24f50e4e7ae82801b87989", "number": "9514794360", "date": "2021-01-22 12:46:00", "subject": "4", "recorded-or-robo": "Y", "city": "San Bruno", "state": "CA", "area-code": "650"}, {"id": "3decc6bfadaa436a105714c6ba20bfa6", "number": "5133168619", "date": "2021-01-23 14:09:00", "subject": "3", "recorded-or-robo": "N", "city": "", "state": "OH", "area-code": "513"}, {"id": "1d36742e3f24f50e4e7ae82801b81c84", "number": "5133168619", "date": "2021-01-23 14:09:00", "subject": "3", "recorded-or-robo": "N", "city": "", "state": "OH", "area-code": "513"}, {"id": "3decc6bfadaa436a105714c6ba210a54", "number": "3174497514", "date": "2021-01-21 16:06:00", "subject": "2", "recorded-or-robo": "Y", "city": "", "state": "IN", "area-code": "317"}, {"id": "3decc6bfadaa436a105714c6ba20ff7a", "number": "5597397493", "date": "2021-01-22 10:15:00", "subject": "0", "recorded-or-robo": "Y", "city": "", "state": "CA", "area-code": "323"}, {"id": "1d36742e3f24f50e4e7ae82801b87162", "number": "3174497514", "date": "2021-01-21 16:06:00", "subject": "2", "recorded-or-robo": "Y", "city": "", "state": "IN", "area-code": "317"}]}