{"data": [{"id": "1d36742e3f24f50e4e7ae82801fec745", "number": "7164066291", "date": "2021-01-14 09:36:00", "subject": "2", "recorded-or-robo": "Y", "city": "Lawrenceville", "state": "PA", "area-code": "570"}, {"id": "3decc6bfadaa436a105714c6ba68c9ee", "number": "3145507571", "date": "2021-01-23 19:07:00", "subject": "2", "recorded-or-robo": "Y", "city": "Wentzville", "state": "MO", "area-code": "314"}, {"id": "1d36742e3f24f50e4e7ae82801febaf8", "number": "3145507571", "date": "2021-01-23 19:07:00", "subject": "2", "recorded-or-robo": "Y", "city": "Wentzville", "state": "MO", "area-code": "314"}, {"id": "3decc6bfadaa436a105714c6ba68bf1b", "number": "7164066291", "date": "2021-01-14 10:48:00", "subject": "2", "recorded-or-robo": "Y", "city": "Lawrenceville", "state": "PA", "area-code": "570"}, {"id": "1d36742e3f24f50e4e7ae82801feb38b", "number": "7164066291", "date": "2021-01-14 10:48:00", "subject": "2", "recorded-or-robo": "Y", "city": "Lawrenceville", "state": "PA", "area-code": "570"}, {"id": "3decc6bfadaa436a105714c6ba68b4fc", "number": "2024792570", "date": "2021-01-23 12:00:00", "subject": "11", "recorded-or-robo": "N", "city": "White Lake", "state": "MI", "area-code": "206"}, {"id": "1d36742e3f24f50e4e7ae82801fea6d9", "number": "2024792570", "date": "2021-01-23 12:00:00", "subject": "11", "recorded-or-robo": "N", "city": "White Lake", "state": "MI", "area-code": "206"}, {"id": "3decc6bfadaa436a105714c6ba68b1f2", "number": "4592790621", "date": "2021-01-20 12:15:00", "subject": "2", "recorded-or-robo": "", "city": "Spokane Valley", "state": "WA", "area-code": "509"}, {"id": "3decc6bfadaa436a105714c6ba68a7e4", "number": "6154062383", "date": "2021-01-23 00:00:00", "subject": "2", "recorded-or-robo": "Y", "city": "Kennewick", "state": "WA", "area-code": "509"}, {"id": "1d36742e3f24f50e4e7ae82801fea55a", "number": "4592790621", "date": "2021-01-20 12:15:00", "subject": "2", "recorded-or-robo": "", "city": "Spokane Valley", "state": "WA", "area-code": "509"}, {"id": "1d36742e3f24f50e4e7ae82801fea365", "number": "6154062383", "date": "2021-01-23 00:00:00", "subject": "2", "recorded-or-robo": "Y", "city": "Kennewick", "state": "WA", "area-code": "509"}, {"id": "3decc6bfadaa436a105714c6ba68a0fb", "number": "7164066291", "date": "2021-01-21 16:36:00", "subject": "2", "recorded-or-robo": "Y", "city": "Lawrenceville", "state": "PA", "area-code": "570"}, {"id": "1d36742e3f24f50e4e7ae82801fe9bd2", "number": "7164066291", "date": "2021-01-21 16:36:00", "subject": "2", "recorded-or-robo": "Y", "city": "Lawrenceville", "state": "PA", "area-code": "570"}, {"id": "3decc6bfadaa436a105714c6ba689398", "number": "5099191835", "date": "2021-01-19 15:35:00", "subject": "2", "recorded-or-robo": "", "city": "Spokane Valley", "state": "WA", "area-code": "509"}, {"id": "1d36742e3f24f50e4e7ae82801fe95ba", "number": "5099191835", "date": "2021-01-19 15:35:00", "subject": "2", "recorded-or-robo": "", "city": "Spokane Valley", "state": "WA", "area-code": "509"}, {"id": "3decc6bfadaa436a105714c6ba68922f", "number": "7184999810", "date": "2021-01-23 12:33:00", "subject": "11", "recorded-or-robo": "N", "city": "", "state": "NY", "area-code": "718"}, {"id": "1d36742e3f24f50e4e7ae82801fe85ef", "number": "7184999810", "date": "2021-01-23 12:33:00", "subject": "11", "recorded-or-robo": "N", "city": "", "state": "NY", "area-code": "718"}, {"id": "3decc6bfadaa436a105714c6ba688b7a", "number": "3145508575", "date": "2021-01-23 18:56:00", "subject": "2", "recorded-or-robo": "Y", "city": "Wentzville", "state": "MO", "area-code": "314"}, {"id": "1d36742e3f24f50e4e7ae82801fe831f", "number": "3145508575", "date": "2021-01-23 18:56:00", "subject": "2", "recorded-or-robo": "Y", "city": "Wentzville", "state": "MO", "area-code": "314"}, {"id": "3decc6bfadaa436a105714c6ba68884f", "number": "7164066291", "date": "2021-01-22 10:34:00", "subject": "2", "recorded-or-robo": "Y", "city": "Lawrenceville", "state": "PA", "area-code": "570"}, {"id": "1d36742e3f24f50e4e7ae82801fe8098", "number": "7164066291", "date": "2021-01-22 10:34:00", "subject": "2", "recorded-or-robo": "Y", "city": "Lawrenceville", "state": "PA", "area-code": "570"}, {"id": "3decc6bfadaa436a105714c6ba6879aa", "number": "7164066291", "date": "2021-01-23 09:41:00", "subject": "2", "recorded-or-robo": "Y", "city": "Lawrenceville", "state": "PA", "area-code": "570"}, {"id": "1d36742e3f24f50e4e7ae82801fe7b97", "number": "7164066291", "date": "2021-01-23 09:41:00", "subject": "2", "recorded-or-robo": "Y", "city": "Lawrenceville", "state": "PA", "area-code": "570"}, {"id": "3decc6bfadaa436a105714c6ba6873d2", "number": "3033211634", "date": "2021-01-21 14:34:00", "subject": "0", "recorded-or-robo": "N", "city": "Evergreen", "state": "CO", "area-code": "303"}, {"id": "1d36742e3f24f50e4e7ae82801fe6e1b", "number": "3033211634", "date": "2021-01-21 14:34:00", "subject": "0", "recorded-or-robo": "N", "city": "Evergreen", "state": "CO", "area-code": "303"}, {"id": "3decc6bfadaa436a105714c6ba686f74", "number": "4844090072", "date": "2021-01-19 13:45:00", "subject": "2", "recorded-or-robo": "", "city": "Spokane Valley", "state": "WA", "area-code": "509"}, {"id": "1d36742e3f24f50e4e7ae82801fe6b71", "number": "4844090072", "date": "2021-01-19 13:45:00", "subject": "2", "recorded-or-robo": "", "city": "Spokane Valley", "state": "WA", "area-code": "509"}, {"id": "3decc6bfadaa436a105714c6ba6861a6", "number": "8801701477064", "date": "2021-01-23 18:37:00", "subject": "2", "recorded-or-robo": "Y", "city": "Wentzville", "state": "MO", "area-code": "314"}, {"id": "1d36742e3f24f50e4e7ae82801fe5b9b", "number": "8801701477064", "date": "2021-01-23 18:37:00", "subject": "2", "recorded-or-robo": "Y", "city": "Wentzville", "state": "MO", "area-code": "314"}, {"id": "3decc6bfadaa436a105714c6ba68582c", "number": "9282496099", "date": "2021-01-14 09:16:00", "subject": "0", "recorded-or-robo": "Y", "city": "Dewey", "state": "AZ", "area-code": "928"}, {"id": "1d36742e3f24f50e4e7ae82801fe59d6", "number": "9282496099", "date": "2021-01-14 09:16:00", "subject": "0", "recorded-or-robo": "Y", "city": "Dewey", "state": "AZ", "area-code": "928"}, {"id": "3decc6bfadaa436a105714c6ba819ee7", "number": "+17028429587", "date": "2021-01-23 20:28:06", "subject": "3", "recorded-or-robo": "Y", "city": "", "state": "NV", "area-code": "702"}, {"id": "3decc6bfadaa436a105714c6ba8189ba", "number": "8173695971", "date": "2021-01-23 20:28:06", "subject": "3", "recorded-or-robo": "Y", "city": "", "state": "TX", "area-code": "817"}, {"id": "03e293b3df9e35eadf15c5611917ffc0", "number": "+17028429587", "date": "2021-01-23 20:28:06", "subject": "3", "recorded-or-robo": "Y", "city": "", "state": "NV", "area-code": "702"}, {"id": "03e293b3df9e35eadf15c5611917f0ad", "number": "8173695971", "date": "2021-01-23 20:28:06", "subject": "3", "recorded-or-robo": "Y", "city": "", "state": "TX", "area-code": "817"}, {"id": "3decc6bfadaa436a105714c6ba818569", "number": "8173695971", "date": "2021-01-23 20:28:05", "subject": "3", "recorded-or-robo": "Y", "city": "", "state": "TX", "area-code": "817"}, {"id": "03e293b3df9e35eadf15c5611917f016", "number": "8173695971", "date": "2021-01-23 20:28:05", "subject": "3", "recorded-or-robo": "Y", "city": "", "state": "TX", "area-code": "817"}, {"id": "3decc6bfadaa436a105714c6ba68526c", "number": "9282647066", "date": "2021-01-19 08:34:00", "subject": "0", "recorded-or-robo": "Y", "city": "Dewey", "state": "AZ", "area-code": "928"}, {"id": "1d36742e3f24f50e4e7ae82801fe55ac", "number": "9282647066", "date": "2021-01-19 08:34:00", "subject": "0", "recorded-or-robo": "Y", "city": "Dewey", "state": "AZ", "area-code": "928"}, {"id": "3decc6bfadaa436a105714c6ba684448", "number": "4077861890", "date": "2021-01-22 19:47:00", "subject": "3", "recorded-or-robo": "N", "city": "", "state": "FL", "area-code": "407"}, {"id": "1d36742e3f24f50e4e7ae82801fe4b60", "number": "4077861890", "date": "2021-01-22 19:47:00", "subject": "3", "recorded-or-robo": "N", "city": "", "state": "FL", "area-code": "407"}, {"id": "3decc6bfadaa436a105714c6ba683d15", "number": "5092456774", "date": "2021-01-19 12:14:00", "subject": "2", "recorded-or-robo": "", "city": "Spokane Valley", "state": "WA", "area-code": "509"}, {"id": "1d36742e3f24f50e4e7ae82801fe486b", "number": "5092456774", "date": "2021-01-19 12:14:00", "subject": "2", "recorded-or-robo": "", "city": "Spokane Valley", "state": "WA", "area-code": "509"}, {"id": "3decc6bfadaa436a105714c6ba6836df", "number": "3145503386", "date": "2021-01-23 18:15:00", "subject": "2", "recorded-or-robo": "Y", "city": "Wentzville", "state": "MO", "area-code": "314"}, {"id": "1d36742e3f24f50e4e7ae82801fe3fbb", "number": "3145503386", "date": "2021-01-23 18:15:00", "subject": "2", "recorded-or-robo": "Y", "city": "Wentzville", "state": "MO", "area-code": "314"}, {"id": "3decc6bfadaa436a105714c6ba6834b9", "number": "3033211335", "date": "2021-01-21 11:36:00", "subject": "0", "recorded-or-robo": "N", "city": "Evergreen", "state": "CO", "area-code": "303"}, {"id": "1d36742e3f24f50e4e7ae82801fe3013", "number": "3033211335", "date": "2021-01-21 11:36:00", "subject": "0", "recorded-or-robo": "N", "city": "Evergreen", "state": "CO", "area-code": "303"}, {"id": "3decc6bfadaa436a105714c6ba6832a3", "number": "5092154072", "date": "2021-01-19 11:43:00", "subject": "2", "recorded-or-robo": "", "city": "Spokane Valley", "state": "WA", "area-code": "509"}, {"id": "1d36742e3f24f50e4e7ae82801fe2ffe", "number": "5092154072", "date": "2021-01-19 11:43:00", "subject": "2", "recorded-or-robo": "", "city": "Spokane Valley", "state": "WA", "area-code": "509"}, {"id": "3decc6bfadaa436a105714c6ba8168fa", "number": "7816569000", "date": "2021-01-23 20:26:42", "subject": "3", "recorded-or-robo": "Y", "city": "", "state": "MI", "area-code": "248"}]}