{"data": [{"id": "1d36742e3f24f50e4e7ae82801aa122a", "number": "9134446497", "date": "2021-01-23 09:34:00", "subject": "1", "recorded-or-robo": "N", "city": "", "state": "CA", "area-code": "510"}, {"id": "3decc6bfadaa436a105714c6ba12e0b2", "number": "7204149372", "date": "2021-01-22 09:23:00", "subject": "2", "recorded-or-robo": "N", "city": "", "state": "CO", "area-code": "720"}, {"id": "1d36742e3f24f50e4e7ae82801aa02d3", "number": "7204149372", "date": "2021-01-22 09:23:00", "subject": "2", "recorded-or-robo": "N", "city": "", "state": "CO", "area-code": "720"}, {"id": "3decc6bfadaa436a105714c6ba12dbba", "number": "6077207255", "date": "2021-01-21 11:54:00", "subject": "3", "recorded-or-robo": "Y", "city": "", "state": "NY", "area-code": "607"}, {"id": "1d36742e3f24f50e4e7ae82801aa0222", "number": "6077207255", "date": "2021-01-21 11:54:00", "subject": "3", "recorded-or-robo": "Y", "city": "", "state": "NY", "area-code": "607"}, {"id": "3decc6bfadaa436a105714c6ba12dbb4", "number": "6155598966", "date": "2021-01-21 07:09:00", "subject": "6", "recorded-or-robo": "N", "city": "Hendersonville", "state": "TN", "area-code": "615"}, {"id": "1d36742e3f24f50e4e7ae82801a9f2d3", "number": "6155598966", "date": "2021-01-21 07:09:00", "subject": "6", "recorded-or-robo": "N", "city": "Hendersonville", "state": "TN", "area-code": "615"}, {"id": "3decc6bfadaa436a105714c6ba12d4bd", "number": "6507533996", "date": "2021-01-23 10:21:00", "subject": "1", "recorded-or-robo": "N", "city": "Pacifica", "state": "CA", "area-code": "650"}, {"id": "1d36742e3f24f50e4e7ae82801a9e37f", "number": "6507533996", "date": "2021-01-23 10:21:00", "subject": "1", "recorded-or-robo": "N", "city": "Pacifica", "state": "CA", "area-code": "650"}, {"id": "3decc6bfadaa436a105714c6ba12cd94", "number": "2147402941", "date": "2021-01-19 11:20:00", "subject": "0", "recorded-or-robo": "Y", "city": "", "state": "MT", "area-code": "406"}, {"id": "1d36742e3f24f50e4e7ae82801a9d381", "number": "2147402941", "date": "2021-01-19 11:20:00", "subject": "0", "recorded-or-robo": "Y", "city": "", "state": "MT", "area-code": "406"}, {"id": "3decc6bfadaa436a105714c6ba12c7e1", "number": "2818592571", "date": "2021-01-23 12:57:00", "subject": "2", "recorded-or-robo": "Y", "city": "", "state": "TX", "area-code": "281"}, {"id": "1d36742e3f24f50e4e7ae82801a9d1be", "number": "2818592571", "date": "2021-01-23 12:57:00", "subject": "2", "recorded-or-robo": "Y", "city": "", "state": "TX", "area-code": "281"}, {"id": "3decc6bfadaa436a105714c6ba12c250", "number": "9723825451", "date": "2021-01-22 12:52:00", "subject": "2", "recorded-or-robo": "", "city": "Bremen", "state": "AL", "area-code": "256"}, {"id": "1d36742e3f24f50e4e7ae82801a9c8d6", "number": "9723825451", "date": "2021-01-22 12:52:00", "subject": "2", "recorded-or-robo": "", "city": "Bremen", "state": "AL", "area-code": "256"}, {"id": "3decc6bfadaa436a105714c6ba581eaf", "number": "2153169743", "date": "2021-01-23 13:54:00", "subject": "3", "recorded-or-robo": "Y", "city": "", "state": "PA", "area-code": "215"}, {"id": "1d36742e3f24f50e4e7ae82801ee701a", "number": "2153169743", "date": "2021-01-23 13:54:00", "subject": "3", "recorded-or-robo": "Y", "city": "", "state": "PA", "area-code": "215"}, {"id": "3decc6bfadaa436a105714c6ba12be5a", "number": "6515071784", "date": "2021-01-22 13:07:00", "subject": "2", "recorded-or-robo": "N", "city": "Hastings", "state": "MN", "area-code": "651"}, {"id": "1d36742e3f24f50e4e7ae82801a9bc7d", "number": "6515071784", "date": "2021-01-22 13:07:00", "subject": "2", "recorded-or-robo": "N", "city": "Hastings", "state": "MN", "area-code": "651"}, {"id": "3decc6bfadaa436a105714c6ba12b5cb", "number": "6077655369", "date": "2021-01-23 13:06:00", "subject": "1", "recorded-or-robo": "Y", "city": "Horseheads", "state": "NY", "area-code": "607"}, {"id": "1d36742e3f24f50e4e7ae82801a9b0f4", "number": "6077655369", "date": "2021-01-23 13:06:00", "subject": "1", "recorded-or-robo": "Y", "city": "Horseheads", "state": "NY", "area-code": "607"}, {"id": "3decc6bfadaa436a105714c6ba12af67", "number": "7207900175", "date": "2021-01-22 09:07:00", "subject": "2", "recorded-or-robo": "N", "city": "", "state": "CO", "area-code": "720"}, {"id": "1d36742e3f24f50e4e7ae82801a9a6dc", "number": "7207900175", "date": "2021-01-22 09:07:00", "subject": "2", "recorded-or-robo": "N", "city": "", "state": "CO", "area-code": "720"}, {"id": "3decc6bfadaa436a105714c6ba12ad4b", "number": "7033672586", "date": "2021-01-23 13:51:00", "subject": "2", "recorded-or-robo": "Y", "city": "Manassas", "state": "VA", "area-code": "703"}, {"id": "1d36742e3f24f50e4e7ae82801a9a1ba", "number": "7033672586", "date": "2021-01-23 13:51:00", "subject": "2", "recorded-or-robo": "Y", "city": "Manassas", "state": "VA", "area-code": "703"}, {"id": "3decc6bfadaa436a105714c6ba12acf3", "number": "6025627995", "date": "2021-01-23 11:54:00", "subject": "0", "recorded-or-robo": "N", "city": "Phoenix", "state": "AZ", "area-code": "602"}, {"id": "1d36742e3f24f50e4e7ae82801a99ede", "number": "6025627995", "date": "2021-01-23 11:54:00", "subject": "0", "recorded-or-robo": "N", "city": "Phoenix", "state": "AZ", "area-code": "602"}, {"id": "3decc6bfadaa436a105714c6ba12a2ad", "number": "2147402941", "date": "2021-01-19 11:10:00", "subject": "0", "recorded-or-robo": "Y", "city": "", "state": "MT", "area-code": "406"}, {"id": "1d36742e3f24f50e4e7ae82801a98f3c", "number": "2147402941", "date": "2021-01-19 11:10:00", "subject": "0", "recorded-or-robo": "Y", "city": "", "state": "MT", "area-code": "406"}, {"id": "3decc6bfadaa436a105714c6ba129964", "number": "2197164221", "date": "2021-01-22 14:43:00", "subject": "2", "recorded-or-robo": "N", "city": "Vacaville", "state": "CA", "area-code": "707"}, {"id": "3decc6bfadaa436a105714c6ba1289eb", "number": "7146041322", "date": "2021-01-21 10:31:00", "subject": "0", "recorded-or-robo": "", "city": "FULLERTON", "state": "CA", "area-code": "714"}, {"id": "1d36742e3f24f50e4e7ae82801a98ccf", "number": "2197164221", "date": "2021-01-22 14:43:00", "subject": "2", "recorded-or-robo": "N", "city": "Vacaville", "state": "CA", "area-code": "707"}, {"id": "1d36742e3f24f50e4e7ae82801a98922", "number": "7146041322", "date": "2021-01-21 10:31:00", "subject": "0", "recorded-or-robo": "", "city": "FULLERTON", "state": "CA", "area-code": "714"}, {"id": "3decc6bfadaa436a105714c6ba563a20", "number": "+13216901992", "date": "2021-01-23 13:58:00", "subject": "3", "recorded-or-robo": "Y", "city": "", "state": "FL", "area-code": "321"}, {"id": "1d36742e3f24f50e4e7ae82801ec903e", "number": "+13216901992", "date": "2021-01-23 13:58:00", "subject": "3", "recorded-or-robo": "Y", "city": "", "state": "FL", "area-code": "321"}, {"id": "3decc6bfadaa436a105714c6ba128558", "number": "5134389063", "date": "2021-01-22 12:59:00", "subject": "2", "recorded-or-robo": "", "city": "Bremen", "state": "AL", "area-code": "256"}, {"id": "1d36742e3f24f50e4e7ae82801a9817d", "number": "5134389063", "date": "2021-01-22 12:59:00", "subject": "2", "recorded-or-robo": "", "city": "Bremen", "state": "AL", "area-code": "256"}, {"id": "3decc6bfadaa436a105714c6ba127e06", "number": "6156577602", "date": "2021-01-23 00:55:00", "subject": "12", "recorded-or-robo": "Y", "city": "", "state": "TN", "area-code": "615"}, {"id": "3decc6bfadaa436a105714c6ba126e0a", "number": "3152328257", "date": "2021-01-23 12:00:00", "subject": "1", "recorded-or-robo": "Y", "city": "Clemmons", "state": "NC", "area-code": "336"}, {"id": "1d36742e3f24f50e4e7ae82801a97c9d", "number": "6156577602", "date": "2021-01-23 00:55:00", "subject": "12", "recorded-or-robo": "Y", "city": "", "state": "TN", "area-code": "615"}, {"id": "1d36742e3f24f50e4e7ae82801a975ed", "number": "3152328257", "date": "2021-01-23 12:00:00", "subject": "1", "recorded-or-robo": "Y", "city": "Clemmons", "state": "NC", "area-code": "336"}, {"id": "3decc6bfadaa436a105714c6ba1268b1", "number": "", "date": "2021-01-23 10:17:00", "subject": "2", "recorded-or-robo": "Y", "city": "kirkland", "state": "WA", "area-code": "425"}, {"id": "1d36742e3f24f50e4e7ae82801a971d2", "number": "", "date": "2021-01-23 10:17:00", "subject": "2", "recorded-or-robo": "Y", "city": "kirkland", "state": "WA", "area-code": "425"}, {"id": "3decc6bfadaa436a105714c6ba1263ee", "number": "8886081124", "date": "2021-01-23 12:52:00", "subject": "2", "recorded-or-robo": "Y", "city": "OKLAHOMA CITY", "state": "OK", "area-code": "405"}, {"id": "3decc6bfadaa436a105714c6ba125fb2", "number": "2147402941", "date": "2021-01-19 11:09:00", "subject": "0", "recorded-or-robo": "Y", "city": "", "state": "MT", "area-code": "406"}, {"id": "1d36742e3f24f50e4e7ae82801a961fe", "number": "8886081124", "date": "2021-01-23 12:52:00", "subject": "2", "recorded-or-robo": "Y", "city": "OKLAHOMA CITY", "state": "OK", "area-code": "405"}, {"id": "1d36742e3f24f50e4e7ae82801a959a7", "number": "2147402941", "date": "2021-01-19 11:09:00", "subject": "0", "recorded-or-robo": "Y", "city": "", "state": "MT", "area-code": "406"}, {"id": "3decc6bfadaa436a105714c6ba1253db", "number": "7204639844", "date": "2021-01-22 08:56:00", "subject": "2", "recorded-or-robo": "N", "city": "", "state": "CO", "area-code": "720"}, {"id": "1d36742e3f24f50e4e7ae82801a9555d", "number": "7204639844", "date": "2021-01-22 08:56:00", "subject": "2", "recorded-or-robo": "N", "city": "", "state": "CO", "area-code": "720"}, {"id": "3decc6bfadaa436a105714c6ba124b47", "number": "9256786340", "date": "2021-01-23 09:50:00", "subject": "2", "recorded-or-robo": "Y", "city": "Dublin", "state": "CA", "area-code": "925"}]}