{"data": [{"id": "1d36742e3f24f50e4e7ae828018656d0", "number": "37068565493", "date": "2021-01-21 11:15:00", "subject": "0", "recorded-or-robo": "", "city": "", "state": "NC", "area-code": "910"}, {"id": "e81c9350d54f66c6d33b3747eef0772d", "number": "3144715088", "date": "2021-01-23 00:00:00", "subject": "2", "recorded-or-robo": "Y", "city": "Barnhart", "state": "MO", "area-code": "314"}, {"id": "1d36742e3f24f50e4e7ae82801864b28", "number": "3144715088", "date": "2021-01-23 00:00:00", "subject": "2", "recorded-or-robo": "Y", "city": "Barnhart", "state": "MO", "area-code": "314"}, {"id": "e81c9350d54f66c6d33b3747eef068e0", "number": "3367380108", "date": "2021-01-20 14:23:00", "subject": "0", "recorded-or-robo": "Y", "city": "", "state": "NJ", "area-code": "201"}, {"id": "1d36742e3f24f50e4e7ae828018648b0", "number": "3367380108", "date": "2021-01-20 14:23:00", "subject": "0", "recorded-or-robo": "Y", "city": "", "state": "NJ", "area-code": "201"}, {"id": "e81c9350d54f66c6d33b3747eef05a51", "number": "3212260909", "date": "2021-01-23 11:41:00", "subject": "3", "recorded-or-robo": "Y", "city": "", "state": "FL", "area-code": "321"}, {"id": "1d36742e3f24f50e4e7ae82801863da2", "number": "3212260909", "date": "2021-01-23 11:41:00", "subject": "3", "recorded-or-robo": "Y", "city": "", "state": "FL", "area-code": "321"}, {"id": "e81c9350d54f66c6d33b3747eef057b7", "number": "2017750398", "date": "2021-01-23 11:43:00", "subject": "4", "recorded-or-robo": "Y", "city": "", "state": "NJ", "area-code": "201"}, {"id": "1d36742e3f24f50e4e7ae82801863293", "number": "2017750398", "date": "2021-01-23 11:43:00", "subject": "4", "recorded-or-robo": "Y", "city": "", "state": "NJ", "area-code": "201"}, {"id": "e81c9350d54f66c6d33b3747eef05794", "number": "2022176099", "date": "2021-01-22 12:00:00", "subject": "2", "recorded-or-robo": "Y", "city": "Aurora", "state": "CO", "area-code": "720"}, {"id": "1d36742e3f24f50e4e7ae8280186256b", "number": "2022176099", "date": "2021-01-22 12:00:00", "subject": "2", "recorded-or-robo": "Y", "city": "Aurora", "state": "CO", "area-code": "720"}, {"id": "e81c9350d54f66c6d33b3747eef04a58", "number": "3212915169", "date": "2021-01-23 11:38:00", "subject": "11", "recorded-or-robo": "Y", "city": "", "state": "GA", "area-code": "321"}, {"id": "1d36742e3f24f50e4e7ae828018616d5", "number": "3212915169", "date": "2021-01-23 11:38:00", "subject": "11", "recorded-or-robo": "Y", "city": "", "state": "GA", "area-code": "321"}, {"id": "e81c9350d54f66c6d33b3747eef03ae2", "number": "6783261454", "date": "2021-01-22 17:58:00", "subject": "4", "recorded-or-robo": "Y", "city": "Marietta", "state": "GA", "area-code": "770"}, {"id": "1d36742e3f24f50e4e7ae82801860d25", "number": "6783261454", "date": "2021-01-22 17:58:00", "subject": "4", "recorded-or-robo": "Y", "city": "Marietta", "state": "GA", "area-code": "770"}, {"id": "e81c9350d54f66c6d33b3747eef031d7", "number": "", "date": "2021-01-23 10:30:00", "subject": "2", "recorded-or-robo": "Y", "city": "Niskayuna", "state": "NY", "area-code": "518"}, {"id": "1d36742e3f24f50e4e7ae82801860055", "number": "", "date": "2021-01-23 10:30:00", "subject": "2", "recorded-or-robo": "Y", "city": "Niskayuna", "state": "NY", "area-code": "518"}, {"id": "e81c9350d54f66c6d33b3747eef0251a", "number": "8482361015", "date": "2021-01-23 11:19:00", "subject": "0", "recorded-or-robo": "", "city": "Toms River", "state": "NJ", "area-code": "848"}, {"id": "1d36742e3f24f50e4e7ae8280185fac7", "number": "8482361015", "date": "2021-01-23 11:19:00", "subject": "0", "recorded-or-robo": "", "city": "Toms River", "state": "NJ", "area-code": "848"}, {"id": "e81c9350d54f66c6d33b3747eef0167b", "number": "6239777353", "date": "2021-01-23 09:46:00", "subject": "6", "recorded-or-robo": "Y", "city": "", "state": "AZ", "area-code": "623"}, {"id": "1d36742e3f24f50e4e7ae8280185f750", "number": "6239777353", "date": "2021-01-23 09:46:00", "subject": "6", "recorded-or-robo": "Y", "city": "", "state": "AZ", "area-code": "623"}, {"id": "e81c9350d54f66c6d33b3747eef015c1", "number": "4402371288", "date": "2021-01-22 00:00:00", "subject": "3", "recorded-or-robo": "", "city": "North Royalton", "state": "OH", "area-code": "440"}, {"id": "1d36742e3f24f50e4e7ae8280185f3f7", "number": "4402371288", "date": "2021-01-22 00:00:00", "subject": "3", "recorded-or-robo": "", "city": "North Royalton", "state": "OH", "area-code": "440"}, {"id": "e81c9350d54f66c6d33b3747eef009de", "number": "3128483917", "date": "2021-01-23 10:44:00", "subject": "1", "recorded-or-robo": "N", "city": "Chicago", "state": "IL", "area-code": "312"}, {"id": "1d36742e3f24f50e4e7ae8280185e6d3", "number": "3128483917", "date": "2021-01-23 10:44:00", "subject": "1", "recorded-or-robo": "N", "city": "Chicago", "state": "IL", "area-code": "312"}, {"id": "e81c9350d54f66c6d33b3747eeeffc37", "number": "4156252160", "date": "2021-01-19 15:27:00", "subject": "2", "recorded-or-robo": "N", "city": "Burlingame", "state": "CA", "area-code": "650"}, {"id": "1d36742e3f24f50e4e7ae8280185d864", "number": "4156252160", "date": "2021-01-19 15:27:00", "subject": "2", "recorded-or-robo": "N", "city": "Burlingame", "state": "CA", "area-code": "650"}, {"id": "e81c9350d54f66c6d33b3747eeeff3d3", "number": "9108390712", "date": "2021-01-21 00:00:00", "subject": "3", "recorded-or-robo": "Y", "city": "", "state": "CA", "area-code": "805"}, {"id": "1d36742e3f24f50e4e7ae8280185d5eb", "number": "9108390712", "date": "2021-01-21 00:00:00", "subject": "3", "recorded-or-robo": "Y", "city": "", "state": "CA", "area-code": "805"}, {"id": "e81c9350d54f66c6d33b3747eeefe5dd", "number": "3366912481", "date": "2021-01-20 19:58:00", "subject": "0", "recorded-or-robo": "Y", "city": "", "state": "NJ", "area-code": "201"}, {"id": "1d36742e3f24f50e4e7ae8280185c8a3", "number": "3366912481", "date": "2021-01-20 19:58:00", "subject": "0", "recorded-or-robo": "Y", "city": "", "state": "NJ", "area-code": "201"}, {"id": "e81c9350d54f66c6d33b3747eeefe025", "number": "6127990072", "date": "2021-01-19 18:58:00", "subject": "5", "recorded-or-robo": "Y", "city": "Minneapolis", "state": "MN", "area-code": "803"}, {"id": "e81c9350d54f66c6d33b3747eeefdcd3", "number": "5415521296", "date": "2021-01-23 07:51:00", "subject": "3", "recorded-or-robo": "", "city": "Eugene", "state": "OR", "area-code": "541"}, {"id": "1d36742e3f24f50e4e7ae8280185c179", "number": "6127990072", "date": "2021-01-19 18:58:00", "subject": "5", "recorded-or-robo": "Y", "city": "Minneapolis", "state": "MN", "area-code": "803"}, {"id": "1d36742e3f24f50e4e7ae8280185ba6c", "number": "5415521296", "date": "2021-01-23 07:51:00", "subject": "3", "recorded-or-robo": "", "city": "Eugene", "state": "OR", "area-code": "541"}, {"id": "e81c9350d54f66c6d33b3747eeefd73c", "number": "9782125180", "date": "2021-01-23 11:46:00", "subject": "2", "recorded-or-robo": "Y", "city": "Danvers", "state": "MA", "area-code": "978"}, {"id": "1d36742e3f24f50e4e7ae8280185b51c", "number": "9782125180", "date": "2021-01-23 11:46:00", "subject": "2", "recorded-or-robo": "Y", "city": "Danvers", "state": "MA", "area-code": "978"}, {"id": "e81c9350d54f66c6d33b3747eeefd280", "number": "962787400549", "date": "2021-01-04 06:47:00", "subject": "0", "recorded-or-robo": "", "city": "", "state": "NC", "area-code": "910"}, {"id": "1d36742e3f24f50e4e7ae8280185ae90", "number": "962787400549", "date": "2021-01-04 06:47:00", "subject": "0", "recorded-or-robo": "", "city": "", "state": "NC", "area-code": "910"}, {"id": "e81c9350d54f66c6d33b3747eeefc35b", "number": "8052922898", "date": "2021-01-21 00:00:00", "subject": "3", "recorded-or-robo": "Y", "city": "", "state": "CA", "area-code": "805"}, {"id": "1d36742e3f24f50e4e7ae8280185a798", "number": "8052922898", "date": "2021-01-21 00:00:00", "subject": "3", "recorded-or-robo": "Y", "city": "", "state": "CA", "area-code": "805"}, {"id": "3decc6bfadaa436a105714c6ba55c21f", "number": "8595945281", "date": "2021-01-23 11:51:13", "subject": "3", "recorded-or-robo": "Y", "city": "", "state": "NY", "area-code": "347"}, {"id": "1d36742e3f24f50e4e7ae82801ebe9b6", "number": "8595945281", "date": "2021-01-23 11:51:13", "subject": "3", "recorded-or-robo": "Y", "city": "", "state": "NY", "area-code": "347"}, {"id": "e81c9350d54f66c6d33b3747eeefbe87", "number": "3214458872", "date": "2021-01-23 11:36:00", "subject": "1", "recorded-or-robo": "Y", "city": "", "state": "NY", "area-code": "518"}, {"id": "1d36742e3f24f50e4e7ae8280185a136", "number": "3214458872", "date": "2021-01-23 11:36:00", "subject": "1", "recorded-or-robo": "Y", "city": "", "state": "NY", "area-code": "518"}, {"id": "e81c9350d54f66c6d33b3747eeefb9ed", "number": "8443160307", "date": "2021-01-23 11:25:00", "subject": "1", "recorded-or-robo": "Y", "city": "Myrtle Beach", "state": "SC", "area-code": "516"}, {"id": "1d36742e3f24f50e4e7ae82801859e30", "number": "8443160307", "date": "2021-01-23 11:25:00", "subject": "1", "recorded-or-robo": "Y", "city": "Myrtle Beach", "state": "SC", "area-code": "516"}, {"id": "e81c9350d54f66c6d33b3747eeefab56", "number": "2168658265", "date": "2021-01-23 11:45:00", "subject": "4", "recorded-or-robo": "N", "city": "", "state": "OH", "area-code": "216"}, {"id": "1d36742e3f24f50e4e7ae82801858f01", "number": "2168658265", "date": "2021-01-23 11:45:00", "subject": "4", "recorded-or-robo": "N", "city": "", "state": "OH", "area-code": "216"}, {"id": "e81c9350d54f66c6d33b3747eeef9e08", "number": "5099326155", "date": "2021-01-21 15:36:00", "subject": "0", "recorded-or-robo": "Y", "city": "Yakima", "state": "WA", "area-code": "509"}]}