{"data": [{"id": "03e293b3df9e35eadf15c561191232e4", "number": "4079034845", "date": "2021-01-23 17:36:56", "subject": "3", "recorded-or-robo": "Y", "city": "", "state": "TX", "area-code": "214"}, {"id": "3decc6bfadaa436a105714c6ba41d513", "number": "2284764000", "date": "2021-01-23 15:03:00", "subject": "2", "recorded-or-robo": "N", "city": "Biloxi", "state": "MS", "area-code": "228"}, {"id": "1d36742e3f24f50e4e7ae82801d76d84", "number": "2284764000", "date": "2021-01-23 15:03:00", "subject": "2", "recorded-or-robo": "N", "city": "Biloxi", "state": "MS", "area-code": "228"}, {"id": "3decc6bfadaa436a105714c6ba41cb83", "number": "7275550046", "date": "2021-01-21 13:06:00", "subject": "2", "recorded-or-robo": "N", "city": "", "state": "FL", "area-code": "727"}, {"id": "1d36742e3f24f50e4e7ae82801d761de", "number": "7275550046", "date": "2021-01-21 13:06:00", "subject": "2", "recorded-or-robo": "N", "city": "", "state": "FL", "area-code": "727"}, {"id": "3decc6bfadaa436a105714c6ba41c656", "number": "1243909761118", "date": "2021-01-23 14:18:00", "subject": "2", "recorded-or-robo": "Y", "city": "Runnells", "state": "IA", "area-code": "641"}, {"id": "1d36742e3f24f50e4e7ae82801d75616", "number": "1243909761118", "date": "2021-01-23 14:18:00", "subject": "2", "recorded-or-robo": "Y", "city": "Runnells", "state": "IA", "area-code": "641"}, {"id": "3decc6bfadaa436a105714c6ba7ba305", "number": "+19419098131", "date": "2021-01-23 17:36:31", "subject": "3", "recorded-or-robo": "Y", "city": "", "state": "PA", "area-code": "215"}, {"id": "03e293b3df9e35eadf15c56119122dbf", "number": "+19419098131", "date": "2021-01-23 17:36:31", "subject": "3", "recorded-or-robo": "Y", "city": "", "state": "PA", "area-code": "215"}, {"id": "3decc6bfadaa436a105714c6ba41c592", "number": "95544336853", "date": "2021-01-18 09:02:00", "subject": "2", "recorded-or-robo": "", "city": "Highlands Ranch", "state": "CO", "area-code": "303"}, {"id": "1d36742e3f24f50e4e7ae82801d74c54", "number": "95544336853", "date": "2021-01-18 09:02:00", "subject": "2", "recorded-or-robo": "", "city": "Highlands Ranch", "state": "CO", "area-code": "303"}, {"id": "3decc6bfadaa436a105714c6ba41baab", "number": "8564816422", "date": "2021-01-23 11:35:00", "subject": "3", "recorded-or-robo": "Y", "city": "", "state": "NY", "area-code": "347"}, {"id": "1d36742e3f24f50e4e7ae82801d74b1b", "number": "8564816422", "date": "2021-01-23 11:35:00", "subject": "3", "recorded-or-robo": "Y", "city": "", "state": "NY", "area-code": "347"}, {"id": "3decc6bfadaa436a105714c6ba41aba0", "number": "7279779674", "date": "2021-01-21 14:09:00", "subject": "2", "recorded-or-robo": "N", "city": "", "state": "FL", "area-code": "727"}, {"id": "1d36742e3f24f50e4e7ae82801d73fd0", "number": "7279779674", "date": "2021-01-21 14:09:00", "subject": "2", "recorded-or-robo": "N", "city": "", "state": "FL", "area-code": "727"}, {"id": "3decc6bfadaa436a105714c6ba7b4b46", "number": "3012351918", "date": "2021-01-23 17:35:51", "subject": "3", "recorded-or-robo": "N", "city": "", "state": "MD", "area-code": "301"}, {"id": "03e293b3df9e35eadf15c5611911de8c", "number": "3012351918", "date": "2021-01-23 17:35:51", "subject": "3", "recorded-or-robo": "N", "city": "", "state": "MD", "area-code": "301"}, {"id": "3decc6bfadaa436a105714c6ba418933", "number": "3853161001", "date": "2021-01-14 13:19:00", "subject": "3", "recorded-or-robo": "", "city": "", "state": "UT", "area-code": "801"}, {"id": "1d36742e3f24f50e4e7ae82801d726c6", "number": "3853161001", "date": "2021-01-14 13:19:00", "subject": "3", "recorded-or-robo": "", "city": "", "state": "UT", "area-code": "801"}, {"id": "3decc6bfadaa436a105714c6ba7b63fe", "number": "+12542659716", "date": "2021-01-23 17:35:47", "subject": "3", "recorded-or-robo": "Y", "city": "", "state": "TX", "area-code": "254"}, {"id": "03e293b3df9e35eadf15c5611911fa61", "number": "+12542659716", "date": "2021-01-23 17:35:47", "subject": "3", "recorded-or-robo": "Y", "city": "", "state": "TX", "area-code": "254"}, {"id": "3decc6bfadaa436a105714c6ba41a490", "number": "256772754795", "date": "2021-01-22 22:36:00", "subject": "2", "recorded-or-robo": "Y", "city": "Runnells", "state": "IA", "area-code": "641"}, {"id": "1d36742e3f24f50e4e7ae82801d73c24", "number": "256772754795", "date": "2021-01-22 22:36:00", "subject": "2", "recorded-or-robo": "Y", "city": "Runnells", "state": "IA", "area-code": "641"}, {"id": "3decc6bfadaa436a105714c6ba4196b9", "number": "2563694811", "date": "2021-01-23 09:10:00", "subject": "0", "recorded-or-robo": "N", "city": "", "state": "AL", "area-code": "256"}, {"id": "1d36742e3f24f50e4e7ae82801d72fdf", "number": "2563694811", "date": "2021-01-23 09:10:00", "subject": "0", "recorded-or-robo": "N", "city": "", "state": "AL", "area-code": "256"}, {"id": "3decc6bfadaa436a105714c6ba7b732c", "number": "+12542659732", "date": "2021-01-23 17:35:28", "subject": "3", "recorded-or-robo": "Y", "city": "", "state": "TX", "area-code": "254"}, {"id": "03e293b3df9e35eadf15c56119120178", "number": "+12542659732", "date": "2021-01-23 17:35:28", "subject": "3", "recorded-or-robo": "Y", "city": "", "state": "TX", "area-code": "254"}, {"id": "3decc6bfadaa436a105714c6ba418934", "number": "", "date": "2021-01-23 05:24:00", "subject": "2", "recorded-or-robo": "Y", "city": "", "state": "VA", "area-code": "703"}, {"id": "1d36742e3f24f50e4e7ae82801d72969", "number": "", "date": "2021-01-23 05:24:00", "subject": "2", "recorded-or-robo": "Y", "city": "", "state": "VA", "area-code": "703"}, {"id": "3decc6bfadaa436a105714c6ba417aa7", "number": "7273711878", "date": "2021-01-21 15:42:00", "subject": "2", "recorded-or-robo": "N", "city": "", "state": "FL", "area-code": "727"}, {"id": "1d36742e3f24f50e4e7ae82801d721a2", "number": "7273711878", "date": "2021-01-21 15:42:00", "subject": "2", "recorded-or-robo": "N", "city": "", "state": "FL", "area-code": "727"}, {"id": "3decc6bfadaa436a105714c6ba417a59", "number": "8600673521", "date": "2021-01-22 12:28:00", "subject": "0", "recorded-or-robo": "Y", "city": "randolph", "state": "MA", "area-code": "781"}, {"id": "1d36742e3f24f50e4e7ae82801d71f5c", "number": "8600673521", "date": "2021-01-22 12:28:00", "subject": "0", "recorded-or-robo": "Y", "city": "randolph", "state": "MA", "area-code": "781"}, {"id": "3decc6bfadaa436a105714c6ba41743b", "number": "", "date": "2021-01-23 16:27:00", "subject": "2", "recorded-or-robo": "Y", "city": "Saint Peters", "state": "MO", "area-code": "314"}, {"id": "1d36742e3f24f50e4e7ae82801d713d2", "number": "", "date": "2021-01-23 16:27:00", "subject": "2", "recorded-or-robo": "Y", "city": "Saint Peters", "state": "MO", "area-code": "314"}, {"id": "3decc6bfadaa436a105714c6ba4164fb", "number": "7049240738", "date": "2021-01-23 15:58:00", "subject": "0", "recorded-or-robo": "Y", "city": "Nashville", "state": "TN", "area-code": "704"}, {"id": "1d36742e3f24f50e4e7ae82801d70d8a", "number": "7049240738", "date": "2021-01-23 15:58:00", "subject": "0", "recorded-or-robo": "Y", "city": "Nashville", "state": "TN", "area-code": "704"}, {"id": "3decc6bfadaa436a105714c6ba4161ae", "number": "7273798408", "date": "2021-01-21 15:49:00", "subject": "2", "recorded-or-robo": "N", "city": "", "state": "FL", "area-code": "727"}, {"id": "3decc6bfadaa436a105714c6ba415e12", "number": "6026101973", "date": "2021-01-23 15:22:00", "subject": "2", "recorded-or-robo": "N", "city": "Phoenix", "state": "AZ", "area-code": "206"}, {"id": "1d36742e3f24f50e4e7ae82801d70a05", "number": "7273798408", "date": "2021-01-21 15:49:00", "subject": "2", "recorded-or-robo": "N", "city": "", "state": "FL", "area-code": "727"}, {"id": "1d36742e3f24f50e4e7ae82801d7026d", "number": "6026101973", "date": "2021-01-23 15:22:00", "subject": "2", "recorded-or-robo": "N", "city": "Phoenix", "state": "AZ", "area-code": "206"}, {"id": "3decc6bfadaa436a105714c6ba4152a6", "number": "5099268703", "date": "2021-01-23 14:20:00", "subject": "11", "recorded-or-robo": "Y", "city": "Spokane Valley", "state": "WA", "area-code": "509"}, {"id": "1d36742e3f24f50e4e7ae82801d6f813", "number": "5099268703", "date": "2021-01-23 14:20:00", "subject": "11", "recorded-or-robo": "Y", "city": "Spokane Valley", "state": "WA", "area-code": "509"}, {"id": "3decc6bfadaa436a105714c6ba414e9f", "number": "1243840313661", "date": "2021-01-22 19:49:00", "subject": "2", "recorded-or-robo": "Y", "city": "Runnells", "state": "IA", "area-code": "641"}, {"id": "1d36742e3f24f50e4e7ae82801d6f285", "number": "1243840313661", "date": "2021-01-22 19:49:00", "subject": "2", "recorded-or-robo": "Y", "city": "Runnells", "state": "IA", "area-code": "641"}, {"id": "3decc6bfadaa436a105714c6ba4143b7", "number": "8006423780", "date": "2021-01-22 17:57:00", "subject": "0", "recorded-or-robo": "Y", "city": "Vineland", "state": "NJ", "area-code": "856"}, {"id": "1d36742e3f24f50e4e7ae82801d6e9d1", "number": "8006423780", "date": "2021-01-22 17:57:00", "subject": "0", "recorded-or-robo": "Y", "city": "Vineland", "state": "NJ", "area-code": "856"}, {"id": "3decc6bfadaa436a105714c6ba4136b3", "number": "2284537416", "date": "2021-01-23 15:09:00", "subject": "2", "recorded-or-robo": "N", "city": "Biloxi", "state": "MS", "area-code": "228"}, {"id": "1d36742e3f24f50e4e7ae82801d6dad4", "number": "2284537416", "date": "2021-01-23 15:09:00", "subject": "2", "recorded-or-robo": "N", "city": "Biloxi", "state": "MS", "area-code": "228"}, {"id": "3decc6bfadaa436a105714c6ba4133a1", "number": "7275611241", "date": "2021-01-21 16:02:00", "subject": "2", "recorded-or-robo": "N", "city": "", "state": "FL", "area-code": "727"}]}