{"data": [{"id": "1d36742e3f24f50e4e7ae82801adab0f", "number": "5033828289", "date": "2021-01-08 09:14:00", "subject": "3", "recorded-or-robo": "", "city": "BISHOP", "state": "CA", "area-code": "971"}, {"id": "3decc6bfadaa436a105714c6ba582cd6", "number": "3027322669", "date": "2021-01-22 13:52:00", "subject": "3", "recorded-or-robo": "Y", "city": "", "state": "NY", "area-code": "917"}, {"id": "1d36742e3f24f50e4e7ae82801ee79ca", "number": "3027322669", "date": "2021-01-22 13:52:00", "subject": "3", "recorded-or-robo": "Y", "city": "", "state": "NY", "area-code": "917"}, {"id": "3decc6bfadaa436a105714c6ba1669e9", "number": "6782172324", "date": "2021-01-23 13:29:00", "subject": "2", "recorded-or-robo": "Y", "city": "Decatur", "state": "GA", "area-code": "404"}, {"id": "1d36742e3f24f50e4e7ae82801ad9ef9", "number": "6782172324", "date": "2021-01-23 13:29:00", "subject": "2", "recorded-or-robo": "Y", "city": "Decatur", "state": "GA", "area-code": "404"}, {"id": "3decc6bfadaa436a105714c6ba166576", "number": "7207410225", "date": "2021-01-22 15:38:00", "subject": "2", "recorded-or-robo": "N", "city": "", "state": "CO", "area-code": "720"}, {"id": "1d36742e3f24f50e4e7ae82801ad98e5", "number": "7207410225", "date": "2021-01-22 15:38:00", "subject": "2", "recorded-or-robo": "N", "city": "", "state": "CO", "area-code": "720"}, {"id": "3decc6bfadaa436a105714c6ba165715", "number": "3145414046", "date": "2021-01-23 12:14:00", "subject": "2", "recorded-or-robo": "Y", "city": "High Ridge", "state": "MO", "area-code": "314"}, {"id": "1d36742e3f24f50e4e7ae82801ad8f0f", "number": "3145414046", "date": "2021-01-23 12:14:00", "subject": "2", "recorded-or-robo": "Y", "city": "High Ridge", "state": "MO", "area-code": "314"}, {"id": "3decc6bfadaa436a105714c6ba16482c", "number": "2173686025", "date": "2021-01-23 12:53:00", "subject": "2", "recorded-or-robo": "Y", "city": "Chicago", "state": "IL", "area-code": "773"}, {"id": "1d36742e3f24f50e4e7ae82801ad7f8c", "number": "2173686025", "date": "2021-01-23 12:53:00", "subject": "2", "recorded-or-robo": "Y", "city": "Chicago", "state": "IL", "area-code": "773"}, {"id": "3decc6bfadaa436a105714c6ba1642a1", "number": "3262225027", "date": "2021-01-23 10:29:00", "subject": "2", "recorded-or-robo": "N", "city": "Columbus", "state": "OH", "area-code": "614"}, {"id": "1d36742e3f24f50e4e7ae82801ad7773", "number": "3262225027", "date": "2021-01-23 10:29:00", "subject": "2", "recorded-or-robo": "N", "city": "Columbus", "state": "OH", "area-code": "614"}, {"id": "3decc6bfadaa436a105714c6ba16428f", "number": "9712674886", "date": "2021-01-08 11:50:00", "subject": "3", "recorded-or-robo": "", "city": "BISHOP", "state": "CA", "area-code": "971"}, {"id": "1d36742e3f24f50e4e7ae82801ad73a5", "number": "9712674886", "date": "2021-01-08 11:50:00", "subject": "3", "recorded-or-robo": "", "city": "BISHOP", "state": "CA", "area-code": "971"}, {"id": "3decc6bfadaa436a105714c6ba16410b", "number": "6097018529", "date": "2021-01-23 11:31:00", "subject": "0", "recorded-or-robo": "Y", "city": "Bridgeton", "state": "NJ", "area-code": "609"}, {"id": "1d36742e3f24f50e4e7ae82801ad71f8", "number": "6097018529", "date": "2021-01-23 11:31:00", "subject": "0", "recorded-or-robo": "Y", "city": "Bridgeton", "state": "NJ", "area-code": "609"}, {"id": "3decc6bfadaa436a105714c6ba1640f3", "number": "2183247044", "date": "2021-01-22 00:00:00", "subject": "2", "recorded-or-robo": "N", "city": "Independence", "state": "OH", "area-code": "440"}, {"id": "1d36742e3f24f50e4e7ae82801ad6d3f", "number": "2183247044", "date": "2021-01-22 00:00:00", "subject": "2", "recorded-or-robo": "N", "city": "Independence", "state": "OH", "area-code": "440"}, {"id": "3decc6bfadaa436a105714c6ba163b94", "number": "2056864785", "date": "2021-01-22 13:31:00", "subject": "8", "recorded-or-robo": "Y", "city": "", "state": "CO", "area-code": "720"}, {"id": "1d36742e3f24f50e4e7ae82801ad6480", "number": "2056864785", "date": "2021-01-22 13:31:00", "subject": "8", "recorded-or-robo": "Y", "city": "", "state": "CO", "area-code": "720"}, {"id": "3decc6bfadaa436a105714c6ba163aa2", "number": "7025002404", "date": "2021-01-23 12:00:00", "subject": "13", "recorded-or-robo": "N", "city": "Sacramento", "state": "CA", "area-code": "916"}, {"id": "1d36742e3f24f50e4e7ae82801ad63c7", "number": "7025002404", "date": "2021-01-23 12:00:00", "subject": "13", "recorded-or-robo": "N", "city": "Sacramento", "state": "CA", "area-code": "916"}, {"id": "3decc6bfadaa436a105714c6ba162c83", "number": "6784563210", "date": "2021-01-22 16:49:00", "subject": "2", "recorded-or-robo": "", "city": "PHOENIXVILLE", "state": "PA", "area-code": "610"}, {"id": "3decc6bfadaa436a105714c6ba161ce4", "number": "6282615420", "date": "2021-01-23 08:24:00", "subject": "0", "recorded-or-robo": "Y", "city": "Bishop", "state": "CA", "area-code": "760"}, {"id": "1d36742e3f24f50e4e7ae82801ad5c9b", "number": "6784563210", "date": "2021-01-22 16:49:00", "subject": "2", "recorded-or-robo": "", "city": "PHOENIXVILLE", "state": "PA", "area-code": "610"}, {"id": "1d36742e3f24f50e4e7ae82801ad550b", "number": "6282615420", "date": "2021-01-23 08:24:00", "subject": "0", "recorded-or-robo": "Y", "city": "Bishop", "state": "CA", "area-code": "760"}, {"id": "3decc6bfadaa436a105714c6ba161068", "number": "2693171609", "date": "2021-01-23 14:00:00", "subject": "1", "recorded-or-robo": "Y", "city": "", "state": "MI", "area-code": "269"}, {"id": "1d36742e3f24f50e4e7ae82801ad46df", "number": "2693171609", "date": "2021-01-23 14:00:00", "subject": "1", "recorded-or-robo": "Y", "city": "", "state": "MI", "area-code": "269"}, {"id": "3decc6bfadaa436a105714c6ba160aaf", "number": "9712732092", "date": "2021-01-11 00:00:00", "subject": "3", "recorded-or-robo": "", "city": "BISHOP", "state": "CA", "area-code": "971"}, {"id": "1d36742e3f24f50e4e7ae82801ad46c9", "number": "9712732092", "date": "2021-01-11 00:00:00", "subject": "3", "recorded-or-robo": "", "city": "BISHOP", "state": "CA", "area-code": "971"}, {"id": "3decc6bfadaa436a105714c6ba160222", "number": "4043830390", "date": "2021-01-22 00:00:00", "subject": "0", "recorded-or-robo": "Y", "city": "", "state": "GA", "area-code": "404"}, {"id": "1d36742e3f24f50e4e7ae82801ad3a48", "number": "4043830390", "date": "2021-01-22 00:00:00", "subject": "0", "recorded-or-robo": "Y", "city": "", "state": "GA", "area-code": "404"}, {"id": "3decc6bfadaa436a105714c6ba1601d7", "number": "", "date": "2021-01-23 13:01:00", "subject": "2", "recorded-or-robo": "Y", "city": "Saint Louis", "state": "MO", "area-code": "314"}, {"id": "1d36742e3f24f50e4e7ae82801ad397d", "number": "", "date": "2021-01-23 13:01:00", "subject": "2", "recorded-or-robo": "Y", "city": "Saint Louis", "state": "MO", "area-code": "314"}, {"id": "3decc6bfadaa436a105714c6ba15f4b8", "number": "2029671795", "date": "2021-01-23 11:05:00", "subject": "2", "recorded-or-robo": "Y", "city": "Desert Hot Springs", "state": "CA", "area-code": "760"}, {"id": "1d36742e3f24f50e4e7ae82801ad33a2", "number": "2029671795", "date": "2021-01-23 11:05:00", "subject": "2", "recorded-or-robo": "Y", "city": "Desert Hot Springs", "state": "CA", "area-code": "760"}, {"id": "3decc6bfadaa436a105714c6ba15ebdb", "number": "6184245061", "date": "2021-01-23 06:00:00", "subject": "3", "recorded-or-robo": "Y", "city": "", "state": "IL", "area-code": "618"}, {"id": "1d36742e3f24f50e4e7ae82801ad2f9e", "number": "6184245061", "date": "2021-01-23 06:00:00", "subject": "3", "recorded-or-robo": "Y", "city": "", "state": "IL", "area-code": "618"}, {"id": "3decc6bfadaa436a105714c6ba15dc34", "number": "2674333627", "date": "2021-01-22 12:24:00", "subject": "0", "recorded-or-robo": "Y", "city": "Bridgeton", "state": "NJ", "area-code": "609"}, {"id": "1d36742e3f24f50e4e7ae82801ad2444", "number": "2674333627", "date": "2021-01-22 12:24:00", "subject": "0", "recorded-or-robo": "Y", "city": "Bridgeton", "state": "NJ", "area-code": "609"}, {"id": "3decc6bfadaa436a105714c6ba15d473", "number": "2524266166", "date": "2021-01-22 12:46:00", "subject": "0", "recorded-or-robo": "N", "city": "Decatur", "state": "GA", "area-code": "404"}, {"id": "1d36742e3f24f50e4e7ae82801ad1cf7", "number": "2524266166", "date": "2021-01-22 12:46:00", "subject": "0", "recorded-or-robo": "N", "city": "Decatur", "state": "GA", "area-code": "404"}, {"id": "3decc6bfadaa436a105714c6ba5655ef", "number": "+19546941198", "date": "2021-01-23 14:09:26", "subject": "3", "recorded-or-robo": "Y", "city": "", "state": "TX", "area-code": "832"}, {"id": "1d36742e3f24f50e4e7ae82801ecaf92", "number": "+19546941198", "date": "2021-01-23 14:09:26", "subject": "3", "recorded-or-robo": "Y", "city": "", "state": "TX", "area-code": "832"}, {"id": "3decc6bfadaa436a105714c6ba15c9fc", "number": "9546943593", "date": "2021-01-20 09:49:00", "subject": "2", "recorded-or-robo": "", "city": "Bremen", "state": "AL", "area-code": "256"}, {"id": "1d36742e3f24f50e4e7ae82801ad100a", "number": "9546943593", "date": "2021-01-20 09:49:00", "subject": "2", "recorded-or-robo": "", "city": "Bremen", "state": "AL", "area-code": "256"}, {"id": "3decc6bfadaa436a105714c6ba566347", "number": "6514675271", "date": "2021-01-23 14:09:20", "subject": "3", "recorded-or-robo": "Y", "city": "", "state": "GA", "area-code": "678"}, {"id": "1d36742e3f24f50e4e7ae82801ecbfba", "number": "6514675271", "date": "2021-01-23 14:09:20", "subject": "3", "recorded-or-robo": "Y", "city": "", "state": "GA", "area-code": "678"}, {"id": "3decc6bfadaa436a105714c6ba15c6e2", "number": "9717031322", "date": "2021-01-12 11:05:00", "subject": "3", "recorded-or-robo": "", "city": "BISHOP", "state": "CA", "area-code": "971"}]}