{"data": [{"id": "1d36742e3f24f50e4e7ae828017d3184", "number": "2602170383", "date": "2021-01-23 11:14:00", "subject": "1", "recorded-or-robo": "Y", "city": "", "state": "IN", "area-code": "260"}, {"id": "e81c9350d54f66c6d33b3747eee7a874", "number": "2025284623", "date": "2021-01-23 10:15:00", "subject": "2", "recorded-or-robo": "Y", "city": "Munster", "state": "IN", "area-code": "347"}, {"id": "1d36742e3f24f50e4e7ae828017d247b", "number": "2025284623", "date": "2021-01-23 10:15:00", "subject": "2", "recorded-or-robo": "Y", "city": "Munster", "state": "IN", "area-code": "347"}, {"id": "e81c9350d54f66c6d33b3747eee7a6de", "number": "4435087750", "date": "2021-01-21 00:00:00", "subject": "2", "recorded-or-robo": "N", "city": "El Prado", "state": "NM", "area-code": "410"}, {"id": "1d36742e3f24f50e4e7ae828017d219d", "number": "4435087750", "date": "2021-01-21 00:00:00", "subject": "2", "recorded-or-robo": "N", "city": "El Prado", "state": "NM", "area-code": "410"}, {"id": "e81c9350d54f66c6d33b3747eee79be6", "number": "3128836838", "date": "2021-01-23 08:26:00", "subject": "0", "recorded-or-robo": "N", "city": "CHICAGO", "state": "IL", "area-code": "312"}, {"id": "1d36742e3f24f50e4e7ae828017d1e64", "number": "3128836838", "date": "2021-01-23 08:26:00", "subject": "0", "recorded-or-robo": "N", "city": "CHICAGO", "state": "IL", "area-code": "312"}, {"id": "e81c9350d54f66c6d33b3747eee79ab6", "number": "2069343260", "date": "2021-01-23 07:53:00", "subject": "1", "recorded-or-robo": "Y", "city": "Seattle", "state": "WA", "area-code": "206"}, {"id": "1d36742e3f24f50e4e7ae828017d1a82", "number": "2069343260", "date": "2021-01-23 07:53:00", "subject": "1", "recorded-or-robo": "Y", "city": "Seattle", "state": "WA", "area-code": "206"}, {"id": "e81c9350d54f66c6d33b3747eee78d25", "number": "5302402888", "date": "2021-01-23 08:00:00", "subject": "15", "recorded-or-robo": "Y", "city": "richmond", "state": "CA", "area-code": "510"}, {"id": "1d36742e3f24f50e4e7ae828017d0a1c", "number": "5302402888", "date": "2021-01-23 08:00:00", "subject": "15", "recorded-or-robo": "Y", "city": "richmond", "state": "CA", "area-code": "510"}, {"id": "e81c9350d54f66c6d33b3747eee78a52", "number": "3193135926", "date": "2021-01-22 14:31:00", "subject": "2", "recorded-or-robo": "Y", "city": "", "state": "IA", "area-code": "563"}, {"id": "e81c9350d54f66c6d33b3747eee78267", "number": "2486177294", "date": "2021-01-23 11:20:00", "subject": "3", "recorded-or-robo": "N", "city": "", "state": "MI", "area-code": "248"}, {"id": "1d36742e3f24f50e4e7ae828017cfb46", "number": "3193135926", "date": "2021-01-22 14:31:00", "subject": "2", "recorded-or-robo": "Y", "city": "", "state": "IA", "area-code": "563"}, {"id": "1d36742e3f24f50e4e7ae828017cefe6", "number": "2486177294", "date": "2021-01-23 11:20:00", "subject": "3", "recorded-or-robo": "N", "city": "", "state": "MI", "area-code": "248"}, {"id": "e81c9350d54f66c6d33b3747eee77ccc", "number": "8478410062", "date": "2021-01-22 13:13:00", "subject": "2", "recorded-or-robo": "Y", "city": "Schaumburg", "state": "IL", "area-code": "847"}, {"id": "1d36742e3f24f50e4e7ae828017ce3b1", "number": "8478410062", "date": "2021-01-22 13:13:00", "subject": "2", "recorded-or-robo": "Y", "city": "Schaumburg", "state": "IL", "area-code": "847"}, {"id": "e81c9350d54f66c6d33b3747eee77b3a", "number": "7313948467", "date": "2021-01-23 09:52:00", "subject": "11", "recorded-or-robo": "N", "city": "", "state": "TN", "area-code": "731"}, {"id": "1d36742e3f24f50e4e7ae828017cd80c", "number": "7313948467", "date": "2021-01-23 09:52:00", "subject": "11", "recorded-or-robo": "N", "city": "", "state": "TN", "area-code": "731"}, {"id": "e81c9350d54f66c6d33b3747eee76fde", "number": "6672066775", "date": "2021-01-20 00:00:00", "subject": "2", "recorded-or-robo": "N", "city": "El Prado", "state": "NM", "area-code": "410"}, {"id": "e81c9350d54f66c6d33b3747eee71b34", "number": "9702581543", "date": "2021-01-19 13:57:00", "subject": "3", "recorded-or-robo": "", "city": "", "state": "NE", "area-code": "402"}, {"id": "1d36742e3f24f50e4e7ae828017cd36d", "number": "6672066775", "date": "2021-01-20 00:00:00", "subject": "2", "recorded-or-robo": "N", "city": "El Prado", "state": "NM", "area-code": "410"}, {"id": "1d36742e3f24f50e4e7ae828017c86d1", "number": "9702581543", "date": "2021-01-19 13:57:00", "subject": "3", "recorded-or-robo": "", "city": "", "state": "NE", "area-code": "402"}, {"id": "e81c9350d54f66c6d33b3747eee7679d", "number": "7703344519", "date": "2021-01-23 11:15:00", "subject": "4", "recorded-or-robo": "Y", "city": "", "state": "GA", "area-code": "770"}, {"id": "1d36742e3f24f50e4e7ae828017ccf5e", "number": "7703344519", "date": "2021-01-23 11:15:00", "subject": "4", "recorded-or-robo": "Y", "city": "", "state": "GA", "area-code": "770"}, {"id": "e81c9350d54f66c6d33b3747eee75dc9", "number": "5127179015", "date": "2021-01-23 04:14:00", "subject": "2", "recorded-or-robo": "N", "city": "Saint Louis", "state": "MO", "area-code": "314"}, {"id": "1d36742e3f24f50e4e7ae828017cc6a1", "number": "5127179015", "date": "2021-01-23 04:14:00", "subject": "2", "recorded-or-robo": "N", "city": "Saint Louis", "state": "MO", "area-code": "314"}, {"id": "e81c9350d54f66c6d33b3747eee7574a", "number": "3145443110", "date": "2021-01-22 11:58:00", "subject": "2", "recorded-or-robo": "Y", "city": "Saint Louis", "state": "MO", "area-code": "314"}, {"id": "1d36742e3f24f50e4e7ae828017cc5fd", "number": "3145443110", "date": "2021-01-22 11:58:00", "subject": "2", "recorded-or-robo": "Y", "city": "Saint Louis", "state": "MO", "area-code": "314"}, {"id": "e81c9350d54f66c6d33b3747eee74dfd", "number": "8778895802", "date": "2021-01-19 00:00:00", "subject": "2", "recorded-or-robo": "N", "city": "El Prado", "state": "NM", "area-code": "410"}, {"id": "1d36742e3f24f50e4e7ae828017cb978", "number": "8778895802", "date": "2021-01-19 00:00:00", "subject": "2", "recorded-or-robo": "N", "city": "El Prado", "state": "NM", "area-code": "410"}, {"id": "e81c9350d54f66c6d33b3747eee748d2", "number": "7084815475", "date": "2021-01-23 10:16:00", "subject": "7", "recorded-or-robo": "N", "city": "Chicago", "state": "IL", "area-code": "708"}, {"id": "1d36742e3f24f50e4e7ae828017cb1ac", "number": "7084815475", "date": "2021-01-23 10:16:00", "subject": "7", "recorded-or-robo": "N", "city": "Chicago", "state": "IL", "area-code": "708"}, {"id": "e81c9350d54f66c6d33b3747eee7471e", "number": "?186676361", "date": "2021-01-16 11:03:00", "subject": "11", "recorded-or-robo": "Y", "city": "Kansas City", "state": "MO", "area-code": "816"}, {"id": "1d36742e3f24f50e4e7ae828017ca45e", "number": "?186676361", "date": "2021-01-16 11:03:00", "subject": "11", "recorded-or-robo": "Y", "city": "Kansas City", "state": "MO", "area-code": "816"}, {"id": "e81c9350d54f66c6d33b3747eee73ab7", "number": "3145036830", "date": "2021-01-22 03:08:00", "subject": "2", "recorded-or-robo": "N", "city": "Saint Louis", "state": "MO", "area-code": "314"}, {"id": "1d36742e3f24f50e4e7ae828017c9ba3", "number": "3145036830", "date": "2021-01-22 03:08:00", "subject": "2", "recorded-or-robo": "N", "city": "Saint Louis", "state": "MO", "area-code": "314"}, {"id": "e81c9350d54f66c6d33b3747eee72ace", "number": "7818339548", "date": "2021-01-23 11:09:00", "subject": "6", "recorded-or-robo": "N", "city": "Lynn", "state": "MA", "area-code": "781"}, {"id": "1d36742e3f24f50e4e7ae828017c90a6", "number": "7818339548", "date": "2021-01-23 11:09:00", "subject": "6", "recorded-or-robo": "N", "city": "Lynn", "state": "MA", "area-code": "781"}, {"id": "e81c9350d54f66c6d33b3747eee718ad", "number": "4105367767", "date": "2021-01-23 11:17:00", "subject": "2", "recorded-or-robo": "Y", "city": "Pasadena", "state": "MD", "area-code": "410"}, {"id": "1d36742e3f24f50e4e7ae828017c7ca0", "number": "4105367767", "date": "2021-01-23 11:17:00", "subject": "2", "recorded-or-robo": "Y", "city": "Pasadena", "state": "MD", "area-code": "410"}, {"id": "e81c9350d54f66c6d33b3747eee70ad2", "number": "3147985042", "date": "2021-01-22 03:03:00", "subject": "2", "recorded-or-robo": "N", "city": "Saint Louis", "state": "MO", "area-code": "314"}, {"id": "1d36742e3f24f50e4e7ae828017c704d", "number": "3147985042", "date": "2021-01-22 03:03:00", "subject": "2", "recorded-or-robo": "N", "city": "Saint Louis", "state": "MO", "area-code": "314"}, {"id": "e81c9350d54f66c6d33b3747eee70331", "number": "8662711162", "date": "2021-01-19 00:00:00", "subject": "2", "recorded-or-robo": "N", "city": "El Prado", "state": "NM", "area-code": "410"}, {"id": "1d36742e3f24f50e4e7ae828017c6338", "number": "8662711162", "date": "2021-01-19 00:00:00", "subject": "2", "recorded-or-robo": "N", "city": "El Prado", "state": "NM", "area-code": "410"}, {"id": "e81c9350d54f66c6d33b3747eee6f9b7", "number": "3178853775", "date": "2021-01-22 14:21:00", "subject": "1", "recorded-or-robo": "Y", "city": "Greenwood", "state": "IN", "area-code": "317"}, {"id": "1d36742e3f24f50e4e7ae828017c5cc4", "number": "3178853775", "date": "2021-01-22 14:21:00", "subject": "1", "recorded-or-robo": "Y", "city": "Greenwood", "state": "IN", "area-code": "317"}, {"id": "e81c9350d54f66c6d33b3747eee6f15a", "number": "3145037966", "date": "2021-01-22 05:03:00", "subject": "2", "recorded-or-robo": "N", "city": "Saint Louis", "state": "MO", "area-code": "314"}, {"id": "1d36742e3f24f50e4e7ae828017c4ed6", "number": "3145037966", "date": "2021-01-22 05:03:00", "subject": "2", "recorded-or-robo": "N", "city": "Saint Louis", "state": "MO", "area-code": "314"}, {"id": "e81c9350d54f66c6d33b3747eee6ea3c", "number": "3144961518", "date": "2021-01-22 18:48:00", "subject": "1", "recorded-or-robo": "Y", "city": "Manchester", "state": "MO", "area-code": "314"}]}