{"data": [{"id": "1d36742e3f24f50e4e7ae82801d00070", "number": "9015146456", "date": "2021-01-23 12:42:00", "subject": "3", "recorded-or-robo": "N", "city": "", "state": "TN", "area-code": "901"}, {"id": "3decc6bfadaa436a105714c6ba3a4aa5", "number": "9092161532", "date": "2021-01-23 10:43:00", "subject": "3", "recorded-or-robo": "", "city": "redlands", "state": "CA", "area-code": "909"}, {"id": "1d36742e3f24f50e4e7ae82801d03c89", "number": "9092161532", "date": "2021-01-23 10:43:00", "subject": "3", "recorded-or-robo": "", "city": "redlands", "state": "CA", "area-code": "909"}, {"id": "3decc6bfadaa436a105714c6ba3a3f53", "number": "6509184595", "date": "2021-01-23 13:38:00", "subject": "3", "recorded-or-robo": "Y", "city": "", "state": "CA", "area-code": "650"}, {"id": "1d36742e3f24f50e4e7ae82801d03303", "number": "6509184595", "date": "2021-01-23 13:38:00", "subject": "3", "recorded-or-robo": "Y", "city": "", "state": "CA", "area-code": "650"}, {"id": "3decc6bfadaa436a105714c6ba3a379c", "number": "3196676246", "date": "2021-01-22 09:58:00", "subject": "0", "recorded-or-robo": "N", "city": "Iowa City", "state": "IA", "area-code": "319"}, {"id": "1d36742e3f24f50e4e7ae82801d027ea", "number": "3196676246", "date": "2021-01-22 09:58:00", "subject": "0", "recorded-or-robo": "N", "city": "Iowa City", "state": "IA", "area-code": "319"}, {"id": "3decc6bfadaa436a105714c6ba3a2e01", "number": "4699919983", "date": "2021-01-23 14:59:00", "subject": "2", "recorded-or-robo": "", "city": "Sterling Hts", "state": "MI", "area-code": "214"}, {"id": "1d36742e3f24f50e4e7ae82801d01989", "number": "4699919983", "date": "2021-01-23 14:59:00", "subject": "2", "recorded-or-robo": "", "city": "Sterling Hts", "state": "MI", "area-code": "214"}, {"id": "3decc6bfadaa436a105714c6ba3a26c2", "number": "8883201161", "date": "2021-01-23 09:46:00", "subject": "6", "recorded-or-robo": "Y", "city": "", "state": "NV", "area-code": "775"}, {"id": "1d36742e3f24f50e4e7ae82801d0149b", "number": "8883201161", "date": "2021-01-23 09:46:00", "subject": "6", "recorded-or-robo": "Y", "city": "", "state": "NV", "area-code": "775"}, {"id": "3decc6bfadaa436a105714c6ba3a1cba", "number": "7142033940", "date": "2021-01-22 13:44:00", "subject": "3", "recorded-or-robo": "", "city": "redlands", "state": "CA", "area-code": "909"}, {"id": "1d36742e3f24f50e4e7ae82801d00d8a", "number": "7142033940", "date": "2021-01-22 13:44:00", "subject": "3", "recorded-or-robo": "", "city": "redlands", "state": "CA", "area-code": "909"}, {"id": "3decc6bfadaa436a105714c6ba3a07cd", "number": "2107121230", "date": "2021-01-23 09:19:00", "subject": "2", "recorded-or-robo": "Y", "city": "HILLSBORO", "state": "OR", "area-code": "503"}, {"id": "1d36742e3f24f50e4e7ae82801cffeec", "number": "2107121230", "date": "2021-01-23 09:19:00", "subject": "2", "recorded-or-robo": "Y", "city": "HILLSBORO", "state": "OR", "area-code": "503"}, {"id": "3decc6bfadaa436a105714c6ba796b1c", "number": "2015812460", "date": "2021-01-23 16:46:10", "subject": "3", "recorded-or-robo": "Y", "city": "", "state": "NJ", "area-code": "201"}, {"id": "03e293b3df9e35eadf15c56119100a12", "number": "2015812460", "date": "2021-01-23 16:46:10", "subject": "3", "recorded-or-robo": "Y", "city": "", "state": "NJ", "area-code": "201"}, {"id": "3decc6bfadaa436a105714c6ba39fb43", "number": "2124821685", "date": "2021-01-23 15:17:00", "subject": "2", "recorded-or-robo": "N", "city": "Huntsville", "state": "AL", "area-code": "256"}, {"id": "1d36742e3f24f50e4e7ae82801cff508", "number": "2124821685", "date": "2021-01-23 15:17:00", "subject": "2", "recorded-or-robo": "N", "city": "Huntsville", "state": "AL", "area-code": "256"}, {"id": "3decc6bfadaa436a105714c6ba39f743", "number": "9093102157", "date": "2021-01-22 09:35:00", "subject": "3", "recorded-or-robo": "", "city": "redlands", "state": "CA", "area-code": "909"}, {"id": "1d36742e3f24f50e4e7ae82801cfe8ef", "number": "9093102157", "date": "2021-01-22 09:35:00", "subject": "3", "recorded-or-robo": "", "city": "redlands", "state": "CA", "area-code": "909"}, {"id": "3decc6bfadaa436a105714c6ba39e78a", "number": "8436455999", "date": "2021-01-21 14:17:00", "subject": "3", "recorded-or-robo": "", "city": "", "state": "SC", "area-code": "843"}, {"id": "1d36742e3f24f50e4e7ae82801cfe451", "number": "8436455999", "date": "2021-01-21 14:17:00", "subject": "3", "recorded-or-robo": "", "city": "", "state": "SC", "area-code": "843"}, {"id": "3decc6bfadaa436a105714c6ba39d85f", "number": "4072221999", "date": "2021-01-23 16:43:00", "subject": "2", "recorded-or-robo": "N", "city": "ORLANDO", "state": "FL", "area-code": "407"}, {"id": "1d36742e3f24f50e4e7ae82801cfd9a2", "number": "4072221999", "date": "2021-01-23 16:43:00", "subject": "2", "recorded-or-robo": "N", "city": "ORLANDO", "state": "FL", "area-code": "407"}, {"id": "3decc6bfadaa436a105714c6ba39c97f", "number": "2096973112", "date": "2021-01-22 09:13:00", "subject": "3", "recorded-or-robo": "", "city": "redlands", "state": "CA", "area-code": "909"}, {"id": "1d36742e3f24f50e4e7ae82801cfd35f", "number": "2096973112", "date": "2021-01-22 09:13:00", "subject": "3", "recorded-or-robo": "", "city": "redlands", "state": "CA", "area-code": "909"}, {"id": "3decc6bfadaa436a105714c6ba3994cd", "number": "5104689450", "date": "2021-01-23 13:09:00", "subject": "3", "recorded-or-robo": "", "city": "", "state": "MT", "area-code": "406"}, {"id": "1d36742e3f24f50e4e7ae82801cfb349", "number": "5104689450", "date": "2021-01-23 13:09:00", "subject": "3", "recorded-or-robo": "", "city": "", "state": "MT", "area-code": "406"}, {"id": "3decc6bfadaa436a105714c6ba39bc44", "number": "3528052731", "date": "2021-01-07 14:30:00", "subject": "2", "recorded-or-robo": "Y", "city": "Sunrise", "state": "FL", "area-code": "954"}, {"id": "1d36742e3f24f50e4e7ae82801cfd25a", "number": "3528052731", "date": "2021-01-07 14:30:00", "subject": "2", "recorded-or-robo": "Y", "city": "Sunrise", "state": "FL", "area-code": "954"}, {"id": "3decc6bfadaa436a105714c6ba39af9e", "number": "3197209945", "date": "2021-01-22 11:13:00", "subject": "0", "recorded-or-robo": "N", "city": "Iowa City", "state": "IA", "area-code": "319"}, {"id": "1d36742e3f24f50e4e7ae82801cfc621", "number": "3197209945", "date": "2021-01-22 11:13:00", "subject": "0", "recorded-or-robo": "N", "city": "Iowa City", "state": "IA", "area-code": "319"}, {"id": "3decc6bfadaa436a105714c6ba39a282", "number": "9171608091", "date": "2021-01-21 17:09:00", "subject": "3", "recorded-or-robo": "", "city": "", "state": "SC", "area-code": "843"}, {"id": "1d36742e3f24f50e4e7ae82801cfc47d", "number": "9171608091", "date": "2021-01-21 17:09:00", "subject": "3", "recorded-or-robo": "", "city": "", "state": "SC", "area-code": "843"}, {"id": "3decc6bfadaa436a105714c6ba39a02b", "number": "3103837901", "date": "2021-01-21 12:42:00", "subject": "3", "recorded-or-robo": "", "city": "redlands", "state": "CA", "area-code": "909"}, {"id": "1d36742e3f24f50e4e7ae82801cfbd5a", "number": "3103837901", "date": "2021-01-21 12:42:00", "subject": "3", "recorded-or-robo": "", "city": "redlands", "state": "CA", "area-code": "909"}, {"id": "3decc6bfadaa436a105714c6ba3998b2", "number": "3214458872", "date": "2021-01-23 10:00:00", "subject": "2", "recorded-or-robo": "Y", "city": "Peoria", "state": "IL", "area-code": "309"}, {"id": "1d36742e3f24f50e4e7ae82801cfbbee", "number": "3214458872", "date": "2021-01-23 10:00:00", "subject": "2", "recorded-or-robo": "Y", "city": "Peoria", "state": "IL", "area-code": "309"}, {"id": "3decc6bfadaa436a105714c6ba795d1a", "number": "8663218180", "date": "2021-01-23 16:44:32", "subject": "3", "recorded-or-robo": "Y", "city": "", "state": "MA", "area-code": "978"}, {"id": "03e293b3df9e35eadf15c561190ff7b6", "number": "8663218180", "date": "2021-01-23 16:44:32", "subject": "3", "recorded-or-robo": "Y", "city": "", "state": "MA", "area-code": "978"}, {"id": "3decc6bfadaa436a105714c6ba398f70", "number": "", "date": "2021-01-23 13:35:00", "subject": "11", "recorded-or-robo": "Y", "city": "Medical Lake", "state": "WA", "area-code": "509"}, {"id": "1d36742e3f24f50e4e7ae82801cfb1a8", "number": "", "date": "2021-01-23 13:35:00", "subject": "11", "recorded-or-robo": "Y", "city": "Medical Lake", "state": "WA", "area-code": "509"}, {"id": "3decc6bfadaa436a105714c6ba398b84", "number": "8129718232", "date": "2021-01-23 13:10:00", "subject": "2", "recorded-or-robo": "Y", "city": "Nashville", "state": "TN", "area-code": "615"}, {"id": "1d36742e3f24f50e4e7ae82801cfaf70", "number": "8129718232", "date": "2021-01-23 13:10:00", "subject": "2", "recorded-or-robo": "Y", "city": "Nashville", "state": "TN", "area-code": "615"}, {"id": "3decc6bfadaa436a105714c6ba79570f", "number": "+14696093160", "date": "2021-01-23 16:44:07", "subject": "3", "recorded-or-robo": "Y", "city": "", "state": "FL", "area-code": "239"}, {"id": "3decc6bfadaa436a105714c6ba3983a7", "number": "8437696151", "date": "2021-01-22 12:52:00", "subject": "3", "recorded-or-robo": "", "city": "", "state": "SC", "area-code": "843"}, {"id": "1d36742e3f24f50e4e7ae82801cfa0f0", "number": "8437696151", "date": "2021-01-22 12:52:00", "subject": "3", "recorded-or-robo": "", "city": "", "state": "SC", "area-code": "843"}, {"id": "03e293b3df9e35eadf15c561190fe995", "number": "+14696093160", "date": "2021-01-23 16:44:07", "subject": "3", "recorded-or-robo": "Y", "city": "", "state": "FL", "area-code": "239"}, {"id": "3decc6bfadaa436a105714c6ba397792", "number": "3199061193", "date": "2021-01-22 11:39:00", "subject": "0", "recorded-or-robo": "N", "city": "Iowa City", "state": "IA", "area-code": "319"}]}