{"data": [{"id": "1d36742e3f24f50e4e7ae828019487c1", "number": "6892028201", "date": "2021-01-22 09:04:00", "subject": "2", "recorded-or-robo": "Y", "city": "", "state": "NH", "area-code": "603"}, {"id": "e81c9350d54f66c6d33b3747eefd17d9", "number": "5593984316", "date": "2021-01-22 15:27:00", "subject": "3", "recorded-or-robo": "", "city": "Tigard", "state": "OR", "area-code": "503"}, {"id": "1d36742e3f24f50e4e7ae82801947d58", "number": "5593984316", "date": "2021-01-22 15:27:00", "subject": "3", "recorded-or-robo": "", "city": "Tigard", "state": "OR", "area-code": "503"}, {"id": "e81c9350d54f66c6d33b3747eefd1591", "number": "1857271582", "date": "2021-01-23 08:32:00", "subject": "1", "recorded-or-robo": "Y", "city": "Santa Maria", "state": "CA", "area-code": "724"}, {"id": "1d36742e3f24f50e4e7ae82801947301", "number": "1857271582", "date": "2021-01-23 08:32:00", "subject": "1", "recorded-or-robo": "Y", "city": "Santa Maria", "state": "CA", "area-code": "724"}, {"id": "e81c9350d54f66c6d33b3747eefd0b91", "number": "5164993648", "date": "2021-01-22 14:57:00", "subject": "5", "recorded-or-robo": "", "city": "queens", "state": "NY", "area-code": "718"}, {"id": "1d36742e3f24f50e4e7ae828019469c2", "number": "5164993648", "date": "2021-01-22 14:57:00", "subject": "5", "recorded-or-robo": "", "city": "queens", "state": "NY", "area-code": "718"}, {"id": "e81c9350d54f66c6d33b3747eefd02ae", "number": "6602322985", "date": "2021-01-23 00:00:00", "subject": "2", "recorded-or-robo": "Y", "city": "Lexington", "state": "MO", "area-code": "660"}, {"id": "1d36742e3f24f50e4e7ae828019466c0", "number": "6602322985", "date": "2021-01-23 00:00:00", "subject": "2", "recorded-or-robo": "Y", "city": "Lexington", "state": "MO", "area-code": "660"}, {"id": "e81c9350d54f66c6d33b3747eefcf6a1", "number": "2892328530", "date": "2021-01-21 14:05:00", "subject": "2", "recorded-or-robo": "Y", "city": "Santa Cruz", "state": "CA", "area-code": "208"}, {"id": "1d36742e3f24f50e4e7ae8280194571a", "number": "2892328530", "date": "2021-01-21 14:05:00", "subject": "2", "recorded-or-robo": "Y", "city": "Santa Cruz", "state": "CA", "area-code": "208"}, {"id": "e81c9350d54f66c6d33b3747eefcee9b", "number": "8768807849", "date": "2021-01-23 12:37:00", "subject": "13", "recorded-or-robo": "N", "city": "Woodstock", "state": "GA", "area-code": "770"}, {"id": "1d36742e3f24f50e4e7ae82801944918", "number": "8768807849", "date": "2021-01-23 12:37:00", "subject": "13", "recorded-or-robo": "N", "city": "Woodstock", "state": "GA", "area-code": "770"}, {"id": "e81c9350d54f66c6d33b3747eefce3df", "number": "7133459735", "date": "2021-01-21 17:45:00", "subject": "2", "recorded-or-robo": "Y", "city": "", "state": "TX", "area-code": "832"}, {"id": "1d36742e3f24f50e4e7ae82801943ed3", "number": "7133459735", "date": "2021-01-21 17:45:00", "subject": "2", "recorded-or-robo": "Y", "city": "", "state": "TX", "area-code": "832"}, {"id": "e81c9350d54f66c6d33b3747eefcdd82", "number": "5405834642", "date": "2021-01-23 12:41:00", "subject": "15", "recorded-or-robo": "Y", "city": "", "state": "VA", "area-code": "540"}, {"id": "1d36742e3f24f50e4e7ae82801943214", "number": "5405834642", "date": "2021-01-23 12:41:00", "subject": "15", "recorded-or-robo": "Y", "city": "", "state": "VA", "area-code": "540"}, {"id": "e81c9350d54f66c6d33b3747eefcd72e", "number": "2152344045", "date": "2021-01-23 12:27:00", "subject": "7", "recorded-or-robo": "N", "city": "Philadelphia", "state": "PA", "area-code": "215"}, {"id": "1d36742e3f24f50e4e7ae82801942434", "number": "2152344045", "date": "2021-01-23 12:27:00", "subject": "7", "recorded-or-robo": "N", "city": "Philadelphia", "state": "PA", "area-code": "215"}, {"id": "e81c9350d54f66c6d33b3747eefccea7", "number": "8176639182", "date": "2021-01-22 09:41:00", "subject": "1", "recorded-or-robo": "Y", "city": "new providence", "state": "NJ", "area-code": "908"}, {"id": "1d36742e3f24f50e4e7ae82801941d0e", "number": "8176639182", "date": "2021-01-22 09:41:00", "subject": "1", "recorded-or-robo": "Y", "city": "new providence", "state": "NJ", "area-code": "908"}, {"id": "e81c9350d54f66c6d33b3747eefcce97", "number": "7182753239", "date": "2021-01-22 14:57:00", "subject": "5", "recorded-or-robo": "Y", "city": "queens", "state": "NY", "area-code": "718"}, {"id": "1d36742e3f24f50e4e7ae82801941099", "number": "7182753239", "date": "2021-01-22 14:57:00", "subject": "5", "recorded-or-robo": "Y", "city": "queens", "state": "NY", "area-code": "718"}, {"id": "e81c9350d54f66c6d33b3747eefcc375", "number": "4422469085", "date": "2021-01-23 10:13:00", "subject": "6", "recorded-or-robo": "N", "city": "Rindge", "state": "NH", "area-code": "516"}, {"id": "1d36742e3f24f50e4e7ae8280194055e", "number": "4422469085", "date": "2021-01-23 10:13:00", "subject": "6", "recorded-or-robo": "N", "city": "Rindge", "state": "NH", "area-code": "516"}, {"id": "e81c9350d54f66c6d33b3747eefcc336", "number": "5802467412", "date": "2021-01-23 09:31:00", "subject": "2", "recorded-or-robo": "N", "city": "OK", "state": "OK", "area-code": "580"}, {"id": "1d36742e3f24f50e4e7ae8280193fe52", "number": "5802467412", "date": "2021-01-23 09:31:00", "subject": "2", "recorded-or-robo": "N", "city": "OK", "state": "OK", "area-code": "580"}, {"id": "e81c9350d54f66c6d33b3747eefcb351", "number": "8609896826", "date": "2021-01-23 00:00:00", "subject": "7", "recorded-or-robo": "Y", "city": "", "state": "CT", "area-code": "860"}, {"id": "1d36742e3f24f50e4e7ae8280193eea2", "number": "8609896826", "date": "2021-01-23 00:00:00", "subject": "7", "recorded-or-robo": "Y", "city": "", "state": "CT", "area-code": "860"}, {"id": "e81c9350d54f66c6d33b3747eefcab3a", "number": "3105146270", "date": "2021-01-18 15:33:00", "subject": "0", "recorded-or-robo": "N", "city": "Torrance", "state": "CA", "area-code": "310"}, {"id": "1d36742e3f24f50e4e7ae8280193e401", "number": "3105146270", "date": "2021-01-18 15:33:00", "subject": "0", "recorded-or-robo": "N", "city": "Torrance", "state": "CA", "area-code": "310"}, {"id": "e81c9350d54f66c6d33b3747eefca8ca", "number": "2083235958", "date": "2021-01-21 12:01:00", "subject": "2", "recorded-or-robo": "Y", "city": "Santa Cruz", "state": "CA", "area-code": "208"}, {"id": "1d36742e3f24f50e4e7ae8280193e070", "number": "2083235958", "date": "2021-01-21 12:01:00", "subject": "2", "recorded-or-robo": "Y", "city": "Santa Cruz", "state": "CA", "area-code": "208"}, {"id": "e81c9350d54f66c6d33b3747eefca793", "number": "5748359405", "date": "2021-01-23 10:40:00", "subject": "11", "recorded-or-robo": "Y", "city": "Rochester", "state": "IN", "area-code": "574"}, {"id": "1d36742e3f24f50e4e7ae8280193d24f", "number": "5748359405", "date": "2021-01-23 10:40:00", "subject": "11", "recorded-or-robo": "Y", "city": "Rochester", "state": "IN", "area-code": "574"}, {"id": "e81c9350d54f66c6d33b3747eefca5ed", "number": "5134931616", "date": "2021-01-23 00:00:00", "subject": "2", "recorded-or-robo": "", "city": "Port St Lucie", "state": "FL", "area-code": "772"}, {"id": "1d36742e3f24f50e4e7ae8280193ccf1", "number": "5134931616", "date": "2021-01-23 00:00:00", "subject": "2", "recorded-or-robo": "", "city": "Port St Lucie", "state": "FL", "area-code": "772"}, {"id": "e81c9350d54f66c6d33b3747eefc99b4", "number": "87187811336", "date": "2021-01-22 17:08:00", "subject": "5", "recorded-or-robo": "Y", "city": "queens", "state": "NY", "area-code": "718"}, {"id": "1d36742e3f24f50e4e7ae8280193c090", "number": "87187811336", "date": "2021-01-22 17:08:00", "subject": "5", "recorded-or-robo": "Y", "city": "queens", "state": "NY", "area-code": "718"}, {"id": "e81c9350d54f66c6d33b3747eefc95a8", "number": "2025246238", "date": "2021-01-23 11:38:00", "subject": "0", "recorded-or-robo": "Y", "city": "", "state": "TN", "area-code": "615"}, {"id": "1d36742e3f24f50e4e7ae8280193bd8b", "number": "2025246238", "date": "2021-01-23 11:38:00", "subject": "0", "recorded-or-robo": "Y", "city": "", "state": "TN", "area-code": "615"}, {"id": "e81c9350d54f66c6d33b3747eefc925e", "number": "7125742564", "date": "2021-01-23 08:45:00", "subject": "2", "recorded-or-robo": "N", "city": "LAS VEGAS", "state": "NV", "area-code": "702"}, {"id": "1d36742e3f24f50e4e7ae8280193ae5a", "number": "7125742564", "date": "2021-01-23 08:45:00", "subject": "2", "recorded-or-robo": "N", "city": "LAS VEGAS", "state": "NV", "area-code": "702"}, {"id": "e81c9350d54f66c6d33b3747eefc8f9e", "number": "6367429437", "date": "2021-01-23 09:31:00", "subject": "1", "recorded-or-robo": "Y", "city": "Labadie", "state": "MO", "area-code": "636"}, {"id": "e81c9350d54f66c6d33b3747eefc8c23", "number": "2892322915", "date": "2021-01-21 08:30:00", "subject": "2", "recorded-or-robo": "Y", "city": "Santa Cruz", "state": "CA", "area-code": "208"}, {"id": "1d36742e3f24f50e4e7ae82801939f56", "number": "6367429437", "date": "2021-01-23 09:31:00", "subject": "1", "recorded-or-robo": "Y", "city": "Labadie", "state": "MO", "area-code": "636"}, {"id": "1d36742e3f24f50e4e7ae828019399ed", "number": "2892322915", "date": "2021-01-21 08:30:00", "subject": "2", "recorded-or-robo": "Y", "city": "Santa Cruz", "state": "CA", "area-code": "208"}, {"id": "e81c9350d54f66c6d33b3747eefc8a6a", "number": "5012601289", "date": "2021-01-23 11:35:00", "subject": "2", "recorded-or-robo": "Y", "city": "Potosi", "state": "MO", "area-code": "573"}, {"id": "1d36742e3f24f50e4e7ae82801938e9d", "number": "5012601289", "date": "2021-01-23 11:35:00", "subject": "2", "recorded-or-robo": "Y", "city": "Potosi", "state": "MO", "area-code": "573"}, {"id": "e81c9350d54f66c6d33b3747eefc86d5", "number": "8102120638", "date": "2021-01-23 08:24:00", "subject": "2", "recorded-or-robo": "Y", "city": "Sonoma", "state": "CA", "area-code": "707"}]}