{"data": [{"id": "03e293b3df9e35eadf15c561190c092a", "number": "+18327401200", "date": "2021-01-23 15:09:39", "subject": "3", "recorded-or-robo": "Y", "city": "", "state": "TX", "area-code": "915"}, {"id": "3decc6bfadaa436a105714c6ba243fc0", "number": "7607207537", "date": "2021-01-23 11:59:00", "subject": "1", "recorded-or-robo": "Y", "city": "Carlsbad", "state": "CA", "area-code": "760"}, {"id": "1d36742e3f24f50e4e7ae82801bb6cdc", "number": "7607207537", "date": "2021-01-23 11:59:00", "subject": "1", "recorded-or-robo": "Y", "city": "Carlsbad", "state": "CA", "area-code": "760"}, {"id": "3decc6bfadaa436a105714c6ba243499", "number": "6307088910", "date": "2021-01-21 14:08:00", "subject": "4", "recorded-or-robo": "Y", "city": "", "state": "IL", "area-code": "630"}, {"id": "1d36742e3f24f50e4e7ae82801bb68cd", "number": "6307088910", "date": "2021-01-21 14:08:00", "subject": "4", "recorded-or-robo": "Y", "city": "", "state": "IL", "area-code": "630"}, {"id": "3decc6bfadaa436a105714c6ba242fde", "number": "8887873989", "date": "2021-01-22 16:05:00", "subject": "4", "recorded-or-robo": "Y", "city": "LEVITTOWN", "state": "PA", "area-code": "267"}, {"id": "1d36742e3f24f50e4e7ae82801bb65f1", "number": "8887873989", "date": "2021-01-22 16:05:00", "subject": "4", "recorded-or-robo": "Y", "city": "LEVITTOWN", "state": "PA", "area-code": "267"}, {"id": "3decc6bfadaa436a105714c6ba75e933", "number": "8033539866", "date": "2021-01-23 15:09:04", "subject": "3", "recorded-or-robo": "Y", "city": "", "state": "SC", "area-code": "803"}, {"id": "03e293b3df9e35eadf15c561190c49ca", "number": "8033539866", "date": "2021-01-23 15:09:04", "subject": "3", "recorded-or-robo": "Y", "city": "", "state": "SC", "area-code": "803"}, {"id": "3decc6bfadaa436a105714c6ba759a54", "number": "8009396740", "date": "2021-01-23 15:09:03", "subject": "3", "recorded-or-robo": "N", "city": "", "state": "NY", "area-code": "917"}, {"id": "03e293b3df9e35eadf15c561190bf826", "number": "8009396740", "date": "2021-01-23 15:09:03", "subject": "3", "recorded-or-robo": "N", "city": "", "state": "NY", "area-code": "917"}, {"id": "3decc6bfadaa436a105714c6ba242bb7", "number": "8134999010", "date": "2021-01-23 11:34:00", "subject": "2", "recorded-or-robo": "Y", "city": "Ocala", "state": "FL", "area-code": "352"}, {"id": "1d36742e3f24f50e4e7ae82801bb5f6a", "number": "8134999010", "date": "2021-01-23 11:34:00", "subject": "2", "recorded-or-robo": "Y", "city": "Ocala", "state": "FL", "area-code": "352"}, {"id": "3decc6bfadaa436a105714c6ba242149", "number": "5854178821", "date": "2021-01-08 14:23:00", "subject": "4", "recorded-or-robo": "Y", "city": "", "state": "NY", "area-code": "585"}, {"id": "1d36742e3f24f50e4e7ae82801bb5885", "number": "5854178821", "date": "2021-01-08 14:23:00", "subject": "4", "recorded-or-robo": "Y", "city": "", "state": "NY", "area-code": "585"}, {"id": "3decc6bfadaa436a105714c6ba241fd0", "number": "2029211746", "date": "2021-01-18 17:24:00", "subject": "2", "recorded-or-robo": "Y", "city": "Mill Valley", "state": "CA", "area-code": "415"}, {"id": "1d36742e3f24f50e4e7ae82801bb50d9", "number": "2029211746", "date": "2021-01-18 17:24:00", "subject": "2", "recorded-or-robo": "Y", "city": "Mill Valley", "state": "CA", "area-code": "415"}, {"id": "3decc6bfadaa436a105714c6ba24169e", "number": "8155804367", "date": "2021-01-22 09:10:00", "subject": "0", "recorded-or-robo": "N", "city": "Rochelle", "state": "IL", "area-code": "815"}, {"id": "1d36742e3f24f50e4e7ae82801bb4e5f", "number": "8155804367", "date": "2021-01-22 09:10:00", "subject": "0", "recorded-or-robo": "N", "city": "Rochelle", "state": "IL", "area-code": "815"}, {"id": "3decc6bfadaa436a105714c6ba240ce5", "number": "9015463177", "date": "2021-01-23 13:33:00", "subject": "5", "recorded-or-robo": "Y", "city": "38637", "state": "MS", "area-code": "901"}, {"id": "1d36742e3f24f50e4e7ae82801bb49d7", "number": "9015463177", "date": "2021-01-23 13:33:00", "subject": "5", "recorded-or-robo": "Y", "city": "38637", "state": "MS", "area-code": "901"}, {"id": "3decc6bfadaa436a105714c6ba2400b8", "number": "2672938676", "date": "2021-01-23 13:44:00", "subject": "6", "recorded-or-robo": "Y", "city": "LEVITTOWN", "state": "PA", "area-code": "267"}, {"id": "1d36742e3f24f50e4e7ae82801bb3c6b", "number": "2672938676", "date": "2021-01-23 13:44:00", "subject": "6", "recorded-or-robo": "Y", "city": "LEVITTOWN", "state": "PA", "area-code": "267"}, {"id": "3decc6bfadaa436a105714c6ba23fa27", "number": "3522543513", "date": "2021-01-23 15:00:00", "subject": "3", "recorded-or-robo": "Y", "city": "", "state": "FL", "area-code": "352"}, {"id": "1d36742e3f24f50e4e7ae82801bb33db", "number": "3522543513", "date": "2021-01-23 15:00:00", "subject": "3", "recorded-or-robo": "Y", "city": "", "state": "FL", "area-code": "352"}, {"id": "3decc6bfadaa436a105714c6ba23eb69", "number": "6193402409", "date": "2021-01-20 16:51:00", "subject": "9", "recorded-or-robo": "Y", "city": "Ca.", "state": "CA", "area-code": "619"}, {"id": "1d36742e3f24f50e4e7ae82801bb2878", "number": "6193402409", "date": "2021-01-20 16:51:00", "subject": "9", "recorded-or-robo": "Y", "city": "Ca.", "state": "CA", "area-code": "619"}, {"id": "3decc6bfadaa436a105714c6ba75c959", "number": "8033733350", "date": "2021-01-23 15:08:01", "subject": "3", "recorded-or-robo": "Y", "city": "", "state": "SC", "area-code": "803"}, {"id": "3decc6bfadaa436a105714c6ba23df86", "number": "9704599294", "date": "2021-01-23 00:00:00", "subject": "6", "recorded-or-robo": "N", "city": "Fairfax", "state": "VA", "area-code": "703"}, {"id": "1d36742e3f24f50e4e7ae82801bb2484", "number": "9704599294", "date": "2021-01-23 00:00:00", "subject": "6", "recorded-or-robo": "N", "city": "Fairfax", "state": "VA", "area-code": "703"}, {"id": "03e293b3df9e35eadf15c561190c36c6", "number": "8033733350", "date": "2021-01-23 15:08:01", "subject": "3", "recorded-or-robo": "Y", "city": "", "state": "SC", "area-code": "803"}, {"id": "3decc6bfadaa436a105714c6ba23d78a", "number": "7633095367", "date": "2021-01-23 13:49:00", "subject": "1", "recorded-or-robo": "Y", "city": "", "state": "MN", "area-code": "763"}, {"id": "1d36742e3f24f50e4e7ae82801bb199d", "number": "7633095367", "date": "2021-01-23 13:49:00", "subject": "1", "recorded-or-robo": "Y", "city": "", "state": "MN", "area-code": "763"}, {"id": "3decc6bfadaa436a105714c6ba23d331", "number": "2089073332", "date": "2021-01-23 12:07:00", "subject": "4", "recorded-or-robo": "Y", "city": "", "state": "ID", "area-code": "208"}, {"id": "1d36742e3f24f50e4e7ae82801bb10f3", "number": "2089073332", "date": "2021-01-23 12:07:00", "subject": "4", "recorded-or-robo": "Y", "city": "", "state": "ID", "area-code": "208"}, {"id": "3decc6bfadaa436a105714c6ba23d1e0", "number": "447571801557", "date": "2021-01-15 03:19:00", "subject": "2", "recorded-or-robo": "Y", "city": "Waterloo", "state": "IA", "area-code": "319"}, {"id": "1d36742e3f24f50e4e7ae82801bb104c", "number": "447571801557", "date": "2021-01-15 03:19:00", "subject": "2", "recorded-or-robo": "Y", "city": "Waterloo", "state": "IA", "area-code": "319"}, {"id": "3decc6bfadaa436a105714c6ba23d03a", "number": "8013655601", "date": "2021-01-23 11:03:00", "subject": "2", "recorded-or-robo": "Y", "city": "Ocala", "state": "FL", "area-code": "352"}, {"id": "3decc6bfadaa436a105714c6ba23ca77", "number": "6028066518", "date": "2021-01-23 11:00:00", "subject": "1", "recorded-or-robo": "Y", "city": "Shady Side", "state": "MD", "area-code": "410"}, {"id": "1d36742e3f24f50e4e7ae82801bb1011", "number": "8013655601", "date": "2021-01-23 11:03:00", "subject": "2", "recorded-or-robo": "Y", "city": "Ocala", "state": "FL", "area-code": "352"}, {"id": "1d36742e3f24f50e4e7ae82801bb05a7", "number": "6028066518", "date": "2021-01-23 11:00:00", "subject": "1", "recorded-or-robo": "Y", "city": "Shady Side", "state": "MD", "area-code": "410"}, {"id": "3decc6bfadaa436a105714c6ba23c068", "number": "3145371172", "date": "2021-01-23 12:11:00", "subject": "1", "recorded-or-robo": "Y", "city": "", "state": "MO", "area-code": "314"}, {"id": "1d36742e3f24f50e4e7ae82801bb0280", "number": "3145371172", "date": "2021-01-23 12:11:00", "subject": "1", "recorded-or-robo": "Y", "city": "", "state": "MO", "area-code": "314"}, {"id": "3decc6bfadaa436a105714c6ba23b5df", "number": "4157893197", "date": "2021-01-21 09:24:00", "subject": "2", "recorded-or-robo": "Y", "city": "Mill Valley", "state": "CA", "area-code": "415"}, {"id": "1d36742e3f24f50e4e7ae82801bb0157", "number": "4157893197", "date": "2021-01-21 09:24:00", "subject": "2", "recorded-or-robo": "Y", "city": "Mill Valley", "state": "CA", "area-code": "415"}, {"id": "3decc6bfadaa436a105714c6ba238824", "number": "8585553465", "date": "2021-01-23 14:16:00", "subject": "3", "recorded-or-robo": "N", "city": "", "state": "NY", "area-code": "716"}, {"id": "1d36742e3f24f50e4e7ae82801bace7b", "number": "8585553465", "date": "2021-01-23 14:16:00", "subject": "3", "recorded-or-robo": "N", "city": "", "state": "NY", "area-code": "716"}, {"id": "3decc6bfadaa436a105714c6ba75a176", "number": "+13128934857", "date": "2021-01-23 15:07:03", "subject": "3", "recorded-or-robo": "Y", "city": "", "state": "TX", "area-code": "469"}, {"id": "03e293b3df9e35eadf15c561190bfdb7", "number": "+13128934857", "date": "2021-01-23 15:07:03", "subject": "3", "recorded-or-robo": "Y", "city": "", "state": "TX", "area-code": "469"}, {"id": "3decc6bfadaa436a105714c6ba23aad4", "number": "9259641486", "date": "2021-01-23 00:00:00", "subject": "2", "recorded-or-robo": "", "city": "", "state": "CA", "area-code": "925"}]}