{"data": [{"id": "1d36742e3f24f50e4e7ae828018973f0", "number": "2092193175", "date": "2021-01-23 09:03:00", "subject": "1", "recorded-or-robo": "Y", "city": "Los Alamitos", "state": "CA", "area-code": "562"}, {"id": "e81c9350d54f66c6d33b3747eef34f3f", "number": "4783244082", "date": "2021-01-22 14:29:00", "subject": "4", "recorded-or-robo": "Y", "city": "", "state": "NC", "area-code": "919"}, {"id": "1d36742e3f24f50e4e7ae828018969bc", "number": "4783244082", "date": "2021-01-22 14:29:00", "subject": "4", "recorded-or-robo": "Y", "city": "", "state": "NC", "area-code": "919"}, {"id": "e81c9350d54f66c6d33b3747eef34d32", "number": "9802430912", "date": "2021-01-14 10:06:00", "subject": "0", "recorded-or-robo": "Y", "city": "", "state": "NJ", "area-code": "201"}, {"id": "1d36742e3f24f50e4e7ae828018966b0", "number": "9802430912", "date": "2021-01-14 10:06:00", "subject": "0", "recorded-or-robo": "Y", "city": "", "state": "NJ", "area-code": "201"}, {"id": "e81c9350d54f66c6d33b3747eef3403a", "number": "7579307469", "date": "2021-01-23 12:00:00", "subject": "2", "recorded-or-robo": "Y", "city": "Stephens City", "state": "VA", "area-code": "540"}, {"id": "1d36742e3f24f50e4e7ae82801895b9f", "number": "7579307469", "date": "2021-01-23 12:00:00", "subject": "2", "recorded-or-robo": "Y", "city": "Stephens City", "state": "VA", "area-code": "540"}, {"id": "e81c9350d54f66c6d33b3747eef34004", "number": "6027280090", "date": "2021-01-23 11:25:00", "subject": "1", "recorded-or-robo": "Y", "city": "Garden City", "state": "NY", "area-code": "516"}, {"id": "1d36742e3f24f50e4e7ae82801894fab", "number": "6027280090", "date": "2021-01-23 11:25:00", "subject": "1", "recorded-or-robo": "Y", "city": "Garden City", "state": "NY", "area-code": "516"}, {"id": "e81c9350d54f66c6d33b3747eef33670", "number": "4233410596", "date": "2021-01-23 11:26:00", "subject": "2", "recorded-or-robo": "N", "city": "", "state": "FL", "area-code": "813"}, {"id": "e81c9350d54f66c6d33b3747eef3289e", "number": "", "date": "2021-01-22 18:30:00", "subject": "1", "recorded-or-robo": "Y", "city": "Bolivar", "state": "OH", "area-code": "330"}, {"id": "1d36742e3f24f50e4e7ae82801894bfe", "number": "4233410596", "date": "2021-01-23 11:26:00", "subject": "2", "recorded-or-robo": "N", "city": "", "state": "FL", "area-code": "813"}, {"id": "1d36742e3f24f50e4e7ae82801893ec2", "number": "", "date": "2021-01-22 18:30:00", "subject": "1", "recorded-or-robo": "Y", "city": "Bolivar", "state": "OH", "area-code": "330"}, {"id": "e81c9350d54f66c6d33b3747eef31e5c", "number": "3239358274", "date": "2021-01-23 11:45:00", "subject": "1", "recorded-or-robo": "Y", "city": "", "state": "FL", "area-code": "954"}, {"id": "1d36742e3f24f50e4e7ae82801893769", "number": "3239358274", "date": "2021-01-23 11:45:00", "subject": "1", "recorded-or-robo": "Y", "city": "", "state": "FL", "area-code": "954"}, {"id": "e81c9350d54f66c6d33b3747eef313ab", "number": "5128865099", "date": "2021-01-22 12:54:00", "subject": "2", "recorded-or-robo": "Y", "city": "", "state": "TX", "area-code": "713"}, {"id": "1d36742e3f24f50e4e7ae82801893329", "number": "5128865099", "date": "2021-01-22 12:54:00", "subject": "2", "recorded-or-robo": "Y", "city": "", "state": "TX", "area-code": "713"}, {"id": "e81c9350d54f66c6d33b3747eef30f90", "number": "7034666315", "date": "2021-01-23 08:05:00", "subject": "0", "recorded-or-robo": "Y", "city": "", "state": "VA", "area-code": "703"}, {"id": "1d36742e3f24f50e4e7ae82801893166", "number": "7034666315", "date": "2021-01-23 08:05:00", "subject": "0", "recorded-or-robo": "Y", "city": "", "state": "VA", "area-code": "703"}, {"id": "e81c9350d54f66c6d33b3747eef30d5b", "number": "6098792018", "date": "2021-01-23 11:54:00", "subject": "1", "recorded-or-robo": "Y", "city": "Ellwood City", "state": "PA", "area-code": "724"}, {"id": "1d36742e3f24f50e4e7ae82801892937", "number": "6098792018", "date": "2021-01-23 11:54:00", "subject": "1", "recorded-or-robo": "Y", "city": "Ellwood City", "state": "PA", "area-code": "724"}, {"id": "e81c9350d54f66c6d33b3747eef30c02", "number": "8538966882", "date": "2021-01-23 12:00:00", "subject": "2", "recorded-or-robo": "Y", "city": "", "state": "SC", "area-code": "843"}, {"id": "1d36742e3f24f50e4e7ae82801891e0d", "number": "8538966882", "date": "2021-01-23 12:00:00", "subject": "2", "recorded-or-robo": "Y", "city": "", "state": "SC", "area-code": "843"}, {"id": "e81c9350d54f66c6d33b3747eef304b5", "number": "3144959393", "date": "2021-01-23 10:45:00", "subject": "2", "recorded-or-robo": "Y", "city": "Manchester", "state": "MO", "area-code": "314"}, {"id": "1d36742e3f24f50e4e7ae82801891ccd", "number": "3144959393", "date": "2021-01-23 10:45:00", "subject": "2", "recorded-or-robo": "Y", "city": "Manchester", "state": "MO", "area-code": "314"}, {"id": "e81c9350d54f66c6d33b3747eef2f535", "number": "2157093375", "date": "2021-01-23 10:27:00", "subject": "1", "recorded-or-robo": "Y", "city": "Philadelphia", "state": "PA", "area-code": "216"}, {"id": "1d36742e3f24f50e4e7ae82801891342", "number": "2157093375", "date": "2021-01-23 10:27:00", "subject": "1", "recorded-or-robo": "Y", "city": "Philadelphia", "state": "PA", "area-code": "216"}, {"id": "e81c9350d54f66c6d33b3747eef2ea6c", "number": "", "date": "2021-01-22 12:00:00", "subject": "2", "recorded-or-robo": "Y", "city": "Duffield", "state": "AC", "area-code": ""}, {"id": "1d36742e3f24f50e4e7ae82801890782", "number": "", "date": "2021-01-22 12:00:00", "subject": "2", "recorded-or-robo": "Y", "city": "Duffield", "state": "AC", "area-code": ""}, {"id": "e81c9350d54f66c6d33b3747eef2df55", "number": "3144953140", "date": "2021-01-22 17:22:00", "subject": "2", "recorded-or-robo": "Y", "city": "University City", "state": "MO", "area-code": "314"}, {"id": "1d36742e3f24f50e4e7ae828018903bc", "number": "3144953140", "date": "2021-01-22 17:22:00", "subject": "2", "recorded-or-robo": "Y", "city": "University City", "state": "MO", "area-code": "314"}, {"id": "3decc6bfadaa436a105714c6ba55cc53", "number": "+16099709061", "date": "2021-01-23 12:03:06", "subject": "3", "recorded-or-robo": "Y", "city": "", "state": "NJ", "area-code": "609"}, {"id": "1d36742e3f24f50e4e7ae82801ebf4f8", "number": "+16099709061", "date": "2021-01-23 12:03:06", "subject": "3", "recorded-or-robo": "Y", "city": "", "state": "NJ", "area-code": "609"}, {"id": "e81c9350d54f66c6d33b3747eef2d515", "number": "7038436296", "date": "2021-01-22 16:34:00", "subject": "0", "recorded-or-robo": "Y", "city": "", "state": "VA", "area-code": "703"}, {"id": "1d36742e3f24f50e4e7ae8280188f4f3", "number": "7038436296", "date": "2021-01-22 16:34:00", "subject": "0", "recorded-or-robo": "Y", "city": "", "state": "VA", "area-code": "703"}, {"id": "e81c9350d54f66c6d33b3747eef2cb81", "number": "7132705886", "date": "2021-01-23 08:24:00", "subject": "5", "recorded-or-robo": "Y", "city": "Baytown", "state": "TX", "area-code": "713"}, {"id": "1d36742e3f24f50e4e7ae8280188e86a", "number": "7132705886", "date": "2021-01-23 08:24:00", "subject": "5", "recorded-or-robo": "Y", "city": "Baytown", "state": "TX", "area-code": "713"}, {"id": "e81c9350d54f66c6d33b3747eef2ca4c", "number": "3152328257", "date": "2021-01-23 10:40:00", "subject": "11", "recorded-or-robo": "Y", "city": "Festus", "state": "MO", "area-code": "636"}, {"id": "1d36742e3f24f50e4e7ae8280188e850", "number": "3152328257", "date": "2021-01-23 10:40:00", "subject": "11", "recorded-or-robo": "Y", "city": "Festus", "state": "MO", "area-code": "636"}, {"id": "e81c9350d54f66c6d33b3747eef2c4bb", "number": "", "date": "2021-01-23 09:30:00", "subject": "2", "recorded-or-robo": "Y", "city": "Hazelwood", "state": "MO", "area-code": "314"}, {"id": "1d36742e3f24f50e4e7ae8280188d9c1", "number": "", "date": "2021-01-23 09:30:00", "subject": "2", "recorded-or-robo": "Y", "city": "Hazelwood", "state": "MO", "area-code": "314"}, {"id": "3decc6bfadaa436a105714c6ba55ce0d", "number": "+15058398339", "date": "2021-01-23 12:02:23", "subject": "3", "recorded-or-robo": "Y", "city": "", "state": "NM", "area-code": "505"}, {"id": "1d36742e3f24f50e4e7ae82801ebf641", "number": "+15058398339", "date": "2021-01-23 12:02:23", "subject": "3", "recorded-or-robo": "Y", "city": "", "state": "NM", "area-code": "505"}, {"id": "3decc6bfadaa436a105714c6ba57bcbe", "number": "9802601745", "date": "2021-01-23 11:51:00", "subject": "3", "recorded-or-robo": "N", "city": "", "state": "SC", "area-code": "864"}, {"id": "1d36742e3f24f50e4e7ae82801ee1250", "number": "9802601745", "date": "2021-01-23 11:51:00", "subject": "3", "recorded-or-robo": "N", "city": "", "state": "SC", "area-code": "864"}, {"id": "e81c9350d54f66c6d33b3747eef2c398", "number": "7035401421", "date": "2021-01-23 15:02:00", "subject": "0", "recorded-or-robo": "Y", "city": "", "state": "VA", "area-code": "703"}, {"id": "1d36742e3f24f50e4e7ae8280188cc89", "number": "7035401421", "date": "2021-01-23 15:02:00", "subject": "0", "recorded-or-robo": "Y", "city": "", "state": "VA", "area-code": "703"}, {"id": "e81c9350d54f66c6d33b3747eef2b46c", "number": "2708549420", "date": "2021-01-22 16:20:00", "subject": "0", "recorded-or-robo": "Y", "city": "", "state": "AZ", "area-code": "520"}, {"id": "1d36742e3f24f50e4e7ae8280188c1ac", "number": "2708549420", "date": "2021-01-22 16:20:00", "subject": "0", "recorded-or-robo": "Y", "city": "", "state": "AZ", "area-code": "520"}, {"id": "e81c9350d54f66c6d33b3747eef2af5d", "number": "5126413489", "date": "2021-01-22 18:37:00", "subject": "2", "recorded-or-robo": "Y", "city": "", "state": "TX", "area-code": "713"}]}