{"data": [{"id": "1d36742e3f24f50e4e7ae82801d1dca3", "number": "3342492834", "date": "2021-01-08 16:45:00", "subject": "3", "recorded-or-robo": "N", "city": "", "state": "AL", "area-code": "251"}, {"id": "3decc6bfadaa436a105714c6ba3c2f85", "number": "6154060086", "date": "2021-01-23 15:00:00", "subject": "1", "recorded-or-robo": "Y", "city": "", "state": "TX", "area-code": "409"}, {"id": "1d36742e3f24f50e4e7ae82801d1d9f2", "number": "6154060086", "date": "2021-01-23 15:00:00", "subject": "1", "recorded-or-robo": "Y", "city": "", "state": "TX", "area-code": "409"}, {"id": "3decc6bfadaa436a105714c6ba3c2187", "number": "6463781509", "date": "2021-01-12 10:56:00", "subject": "1", "recorded-or-robo": "Y", "city": "Lakewood", "state": "CO", "area-code": "720"}, {"id": "1d36742e3f24f50e4e7ae82801d1d007", "number": "6463781509", "date": "2021-01-12 10:56:00", "subject": "1", "recorded-or-robo": "Y", "city": "Lakewood", "state": "CO", "area-code": "720"}, {"id": "3decc6bfadaa436a105714c6ba3c1989", "number": "", "date": "2021-01-23 13:50:00", "subject": "11", "recorded-or-robo": "Y", "city": "Spokane", "state": "WA", "area-code": "509"}, {"id": "1d36742e3f24f50e4e7ae82801d1c88a", "number": "", "date": "2021-01-23 13:50:00", "subject": "11", "recorded-or-robo": "Y", "city": "Spokane", "state": "WA", "area-code": "509"}, {"id": "3decc6bfadaa436a105714c6ba3c0ee4", "number": "2569737828", "date": "2021-01-09 10:00:00", "subject": "3", "recorded-or-robo": "N", "city": "", "state": "AL", "area-code": "251"}, {"id": "1d36742e3f24f50e4e7ae82801d1c3c6", "number": "2569737828", "date": "2021-01-09 10:00:00", "subject": "3", "recorded-or-robo": "N", "city": "", "state": "AL", "area-code": "251"}, {"id": "3decc6bfadaa436a105714c6ba3c00ed", "number": "4014066987", "date": "2021-01-20 00:00:00", "subject": "5", "recorded-or-robo": "Y", "city": "", "state": "RI", "area-code": "401"}, {"id": "1d36742e3f24f50e4e7ae82801d1bb59", "number": "4014066987", "date": "2021-01-20 00:00:00", "subject": "5", "recorded-or-robo": "Y", "city": "", "state": "RI", "area-code": "401"}, {"id": "3decc6bfadaa436a105714c6ba3bf2e3", "number": "3463750184", "date": "2021-01-21 16:17:00", "subject": "0", "recorded-or-robo": "Y", "city": "randolph", "state": "MA", "area-code": "781"}, {"id": "1d36742e3f24f50e4e7ae82801d1ae75", "number": "3463750184", "date": "2021-01-21 16:17:00", "subject": "0", "recorded-or-robo": "Y", "city": "randolph", "state": "MA", "area-code": "781"}, {"id": "3decc6bfadaa436a105714c6ba7a1b2d", "number": "3155830240", "date": "2021-01-23 17:02:51", "subject": "3", "recorded-or-robo": "Y", "city": "", "state": "NY", "area-code": "315"}, {"id": "03e293b3df9e35eadf15c56119108f16", "number": "3155830240", "date": "2021-01-23 17:02:51", "subject": "3", "recorded-or-robo": "Y", "city": "", "state": "NY", "area-code": "315"}, {"id": "3decc6bfadaa436a105714c6ba3bea00", "number": "7075548924", "date": "2021-01-21 14:00:00", "subject": "2", "recorded-or-robo": "Y", "city": "", "state": "CA", "area-code": "707"}, {"id": "1d36742e3f24f50e4e7ae82801d1a4d8", "number": "7075548924", "date": "2021-01-21 14:00:00", "subject": "2", "recorded-or-robo": "Y", "city": "", "state": "CA", "area-code": "707"}, {"id": "3decc6bfadaa436a105714c6ba3be79b", "number": "9316505410", "date": "2021-01-23 17:00:00", "subject": "0", "recorded-or-robo": "", "city": "vero beach", "state": "FL", "area-code": "772"}, {"id": "1d36742e3f24f50e4e7ae82801d1a127", "number": "9316505410", "date": "2021-01-23 17:00:00", "subject": "0", "recorded-or-robo": "", "city": "vero beach", "state": "FL", "area-code": "772"}, {"id": "3decc6bfadaa436a105714c6ba3bdf69", "number": "2519733403", "date": "2021-01-22 00:00:00", "subject": "3", "recorded-or-robo": "N", "city": "", "state": "AL", "area-code": "251"}, {"id": "1d36742e3f24f50e4e7ae82801d1a0fa", "number": "2519733403", "date": "2021-01-22 00:00:00", "subject": "3", "recorded-or-robo": "N", "city": "", "state": "AL", "area-code": "251"}, {"id": "3decc6bfadaa436a105714c6ba3bb195", "number": "8556783890", "date": "2021-01-23 13:10:00", "subject": "3", "recorded-or-robo": "", "city": "", "state": "WA", "area-code": "509"}, {"id": "1d36742e3f24f50e4e7ae82801d16b7d", "number": "8556783890", "date": "2021-01-23 13:10:00", "subject": "3", "recorded-or-robo": "", "city": "", "state": "WA", "area-code": "509"}, {"id": "3decc6bfadaa436a105714c6ba3bd294", "number": "4016575749", "date": "2021-01-20 10:47:00", "subject": "3", "recorded-or-robo": "Y", "city": "", "state": "RI", "area-code": "401"}, {"id": "1d36742e3f24f50e4e7ae82801d1990c", "number": "4016575749", "date": "2021-01-20 10:47:00", "subject": "3", "recorded-or-robo": "Y", "city": "", "state": "RI", "area-code": "401"}, {"id": "3decc6bfadaa436a105714c6ba7a4309", "number": "8453023574", "date": "2021-01-23 17:01:53", "subject": "3", "recorded-or-robo": "Y", "city": "", "state": "NY", "area-code": "845"}, {"id": "03e293b3df9e35eadf15c5611910b364", "number": "8453023574", "date": "2021-01-23 17:01:53", "subject": "3", "recorded-or-robo": "Y", "city": "", "state": "NY", "area-code": "845"}, {"id": "3decc6bfadaa436a105714c6ba3bcb41", "number": "6366345702", "date": "2021-01-23 03:54:00", "subject": "2", "recorded-or-robo": "N", "city": "JEFFERSON CITY", "state": "IL", "area-code": "618"}, {"id": "1d36742e3f24f50e4e7ae82801d18cd0", "number": "6366345702", "date": "2021-01-23 03:54:00", "subject": "2", "recorded-or-robo": "N", "city": "JEFFERSON CITY", "state": "IL", "area-code": "618"}, {"id": "3decc6bfadaa436a105714c6ba3bc6e6", "number": "2513469422", "date": "2021-01-23 15:00:00", "subject": "3", "recorded-or-robo": "N", "city": "", "state": "AL", "area-code": "251"}, {"id": "1d36742e3f24f50e4e7ae82801d17fc6", "number": "2513469422", "date": "2021-01-23 15:00:00", "subject": "3", "recorded-or-robo": "N", "city": "", "state": "AL", "area-code": "251"}, {"id": "3decc6bfadaa436a105714c6ba3bc5b1", "number": "", "date": "2021-01-23 01:35:00", "subject": "11", "recorded-or-robo": "Y", "city": "", "state": "WA", "area-code": "509"}, {"id": "1d36742e3f24f50e4e7ae82801d17bcd", "number": "", "date": "2021-01-23 01:35:00", "subject": "11", "recorded-or-robo": "Y", "city": "", "state": "WA", "area-code": "509"}, {"id": "3decc6bfadaa436a105714c6ba3bbb95", "number": "7207434697", "date": "2021-01-23 14:56:00", "subject": "0", "recorded-or-robo": "Y", "city": "Snowmass Village", "state": "CO", "area-code": "970"}, {"id": "1d36742e3f24f50e4e7ae82801d17646", "number": "7207434697", "date": "2021-01-23 14:56:00", "subject": "0", "recorded-or-robo": "Y", "city": "Snowmass Village", "state": "CO", "area-code": "970"}, {"id": "3decc6bfadaa436a105714c6ba7a4e63", "number": "+17753896843", "date": "2021-01-23 17:00:27", "subject": "3", "recorded-or-robo": "Y", "city": "", "state": "NV", "area-code": "775"}, {"id": "03e293b3df9e35eadf15c5611910c082", "number": "+17753896843", "date": "2021-01-23 17:00:27", "subject": "3", "recorded-or-robo": "Y", "city": "", "state": "NV", "area-code": "775"}, {"id": "3decc6bfadaa436a105714c6ba7a265f", "number": "+13142327003", "date": "2021-01-23 17:00:00", "subject": "3", "recorded-or-robo": "N", "city": "", "state": "MO", "area-code": "314"}, {"id": "03e293b3df9e35eadf15c56119109731", "number": "+13142327003", "date": "2021-01-23 17:00:00", "subject": "3", "recorded-or-robo": "N", "city": "", "state": "MO", "area-code": "314"}, {"id": "3decc6bfadaa436a105714c6ba79fa43", "number": "5129783744", "date": "2021-01-23 16:59:39", "subject": "3", "recorded-or-robo": "Y", "city": "", "state": "TX", "area-code": "512"}, {"id": "03e293b3df9e35eadf15c56119107988", "number": "5129783744", "date": "2021-01-23 16:59:39", "subject": "3", "recorded-or-robo": "Y", "city": "", "state": "TX", "area-code": "512"}, {"id": "3decc6bfadaa436a105714c6ba79e0a5", "number": "+17205995638", "date": "2021-01-23 16:59:03", "subject": "3", "recorded-or-robo": "Y", "city": "", "state": "NY", "area-code": "929"}, {"id": "03e293b3df9e35eadf15c561191062f3", "number": "+17205995638", "date": "2021-01-23 16:59:03", "subject": "3", "recorded-or-robo": "Y", "city": "", "state": "NY", "area-code": "929"}, {"id": "3decc6bfadaa436a105714c6ba3bac6c", "number": "7756315792", "date": "2021-01-20 00:00:00", "subject": "3", "recorded-or-robo": "Y", "city": "", "state": "RI", "area-code": "401"}, {"id": "1d36742e3f24f50e4e7ae82801d168ba", "number": "7756315792", "date": "2021-01-20 00:00:00", "subject": "3", "recorded-or-robo": "Y", "city": "", "state": "RI", "area-code": "401"}, {"id": "3decc6bfadaa436a105714c6ba3ba596", "number": "5099282461", "date": "2021-01-23 13:33:00", "subject": "1", "recorded-or-robo": "Y", "city": "Greenacres", "state": "WA", "area-code": "509"}, {"id": "3decc6bfadaa436a105714c6ba3b9b2f", "number": "7867418358", "date": "2021-01-23 10:43:00", "subject": "2", "recorded-or-robo": "Y", "city": "Fort Myers", "state": "FL", "area-code": "239"}, {"id": "1d36742e3f24f50e4e7ae82801d15f3c", "number": "5099282461", "date": "2021-01-23 13:33:00", "subject": "1", "recorded-or-robo": "Y", "city": "Greenacres", "state": "WA", "area-code": "509"}, {"id": "1d36742e3f24f50e4e7ae82801d15cc4", "number": "7867418358", "date": "2021-01-23 10:43:00", "subject": "2", "recorded-or-robo": "Y", "city": "Fort Myers", "state": "FL", "area-code": "239"}, {"id": "3decc6bfadaa436a105714c6ba3b8c21", "number": "3145602249", "date": "2021-01-23 15:29:00", "subject": "1", "recorded-or-robo": "Y", "city": "St. Louis", "state": "MO", "area-code": "314"}]}