{"data": [{"id": "1d36742e3f24f50e4e7ae82801f15a5d", "number": "4142537754", "date": "2021-01-21 17:43:00", "subject": "2", "recorded-or-robo": "N", "city": "tampa", "state": "FL", "area-code": "813"}, {"id": "3decc6bfadaa436a105714c6ba5b8f97", "number": "9365888269", "date": "2021-01-23 16:23:00", "subject": "11", "recorded-or-robo": "Y", "city": "", "state": "TX", "area-code": "936"}, {"id": "1d36742e3f24f50e4e7ae82801f15135", "number": "9365888269", "date": "2021-01-23 16:23:00", "subject": "11", "recorded-or-robo": "Y", "city": "", "state": "TX", "area-code": "936"}, {"id": "3decc6bfadaa436a105714c6ba5b8b97", "number": "3034816603", "date": "2021-01-23 17:16:00", "subject": "11", "recorded-or-robo": "Y", "city": "Jennings", "state": "OK", "area-code": "918"}, {"id": "1d36742e3f24f50e4e7ae82801f149a4", "number": "3034816603", "date": "2021-01-23 17:16:00", "subject": "11", "recorded-or-robo": "Y", "city": "Jennings", "state": "OK", "area-code": "918"}, {"id": "3decc6bfadaa436a105714c6ba5b832d", "number": "4355512341", "date": "2021-01-22 17:19:00", "subject": "2", "recorded-or-robo": "N", "city": "Covina", "state": "CA", "area-code": "626"}, {"id": "1d36742e3f24f50e4e7ae82801f13f06", "number": "4355512341", "date": "2021-01-22 17:19:00", "subject": "2", "recorded-or-robo": "N", "city": "Covina", "state": "CA", "area-code": "626"}, {"id": "3decc6bfadaa436a105714c6ba5b7c4e", "number": "5099282289", "date": "2021-01-23 15:38:00", "subject": "1", "recorded-or-robo": "Y", "city": "Spokane Valley", "state": "WA", "area-code": "509"}, {"id": "1d36742e3f24f50e4e7ae82801f13ab4", "number": "5099282289", "date": "2021-01-23 15:38:00", "subject": "1", "recorded-or-robo": "Y", "city": "Spokane Valley", "state": "WA", "area-code": "509"}, {"id": "3decc6bfadaa436a105714c6ba5b762d", "number": "", "date": "2021-01-23 15:44:00", "subject": "2", "recorded-or-robo": "Y", "city": "Spokane Valley", "state": "WA", "area-code": "509"}, {"id": "1d36742e3f24f50e4e7ae82801f12d57", "number": "", "date": "2021-01-23 15:44:00", "subject": "2", "recorded-or-robo": "Y", "city": "Spokane Valley", "state": "WA", "area-code": "509"}, {"id": "3decc6bfadaa436a105714c6ba5b6b4f", "number": "7142029514", "date": "2021-01-07 20:40:00", "subject": "2", "recorded-or-robo": "Y", "city": "Huntington Beach", "state": "CA", "area-code": "714"}, {"id": "1d36742e3f24f50e4e7ae82801f1250a", "number": "7142029514", "date": "2021-01-07 20:40:00", "subject": "2", "recorded-or-robo": "Y", "city": "Huntington Beach", "state": "CA", "area-code": "714"}, {"id": "3decc6bfadaa436a105714c6ba5b631c", "number": "8134988782", "date": "2021-01-21 09:32:00", "subject": "2", "recorded-or-robo": "N", "city": "tampa", "state": "FL", "area-code": "813"}, {"id": "1d36742e3f24f50e4e7ae82801f1183b", "number": "8134988782", "date": "2021-01-21 09:32:00", "subject": "2", "recorded-or-robo": "N", "city": "tampa", "state": "FL", "area-code": "813"}, {"id": "3decc6bfadaa436a105714c6ba5b56f0", "number": "7147685595", "date": "2021-01-23 16:44:00", "subject": "3", "recorded-or-robo": "Y", "city": "", "state": "WA", "area-code": "206"}, {"id": "1d36742e3f24f50e4e7ae82801f11765", "number": "7147685595", "date": "2021-01-23 16:44:00", "subject": "3", "recorded-or-robo": "Y", "city": "", "state": "WA", "area-code": "206"}, {"id": "3decc6bfadaa436a105714c6ba5b444e", "number": "", "date": "2021-01-23 11:28:00", "subject": "3", "recorded-or-robo": "N", "city": "", "state": "TX", "area-code": "214"}, {"id": "1d36742e3f24f50e4e7ae82801f10c11", "number": "", "date": "2021-01-23 11:28:00", "subject": "3", "recorded-or-robo": "N", "city": "", "state": "TX", "area-code": "214"}, {"id": "3decc6bfadaa436a105714c6ba5b4852", "number": "3463611791", "date": "2021-01-23 15:27:00", "subject": "2", "recorded-or-robo": "Y", "city": "", "state": "TX", "area-code": "936"}, {"id": "1d36742e3f24f50e4e7ae82801f10ce0", "number": "3463611791", "date": "2021-01-23 15:27:00", "subject": "2", "recorded-or-robo": "Y", "city": "", "state": "TX", "area-code": "936"}, {"id": "3decc6bfadaa436a105714c6ba7e3462", "number": "4082172250", "date": "2021-01-23 18:56:28", "subject": "3", "recorded-or-robo": "Y", "city": "", "state": "CA", "area-code": "408"}, {"id": "03e293b3df9e35eadf15c5611914ebcc", "number": "4082172250", "date": "2021-01-23 18:56:28", "subject": "3", "recorded-or-robo": "Y", "city": "", "state": "CA", "area-code": "408"}, {"id": "3decc6bfadaa436a105714c6ba7e28b8", "number": "4084278641", "date": "2021-01-23 18:56:18", "subject": "3", "recorded-or-robo": "Y", "city": "", "state": "CA", "area-code": "408"}, {"id": "03e293b3df9e35eadf15c5611914e9e7", "number": "4084278641", "date": "2021-01-23 18:56:18", "subject": "3", "recorded-or-robo": "Y", "city": "", "state": "CA", "area-code": "408"}, {"id": "3decc6bfadaa436a105714c6ba5b419a", "number": "9162499625", "date": "2021-01-10 10:34:00", "subject": "2", "recorded-or-robo": "Y", "city": "Huntington Beach", "state": "CA", "area-code": "714"}, {"id": "1d36742e3f24f50e4e7ae82801f107a4", "number": "9162499625", "date": "2021-01-10 10:34:00", "subject": "2", "recorded-or-robo": "Y", "city": "Huntington Beach", "state": "CA", "area-code": "714"}, {"id": "3decc6bfadaa436a105714c6ba5b38e7", "number": "7344100584", "date": "2021-01-23 16:08:00", "subject": "2", "recorded-or-robo": "N", "city": "Covina", "state": "CA", "area-code": "626"}, {"id": "1d36742e3f24f50e4e7ae82801f0ff81", "number": "7344100584", "date": "2021-01-23 16:08:00", "subject": "2", "recorded-or-robo": "N", "city": "Covina", "state": "CA", "area-code": "626"}, {"id": "3decc6bfadaa436a105714c6ba7e717c", "number": "4083179497", "date": "2021-01-23 18:56:03", "subject": "3", "recorded-or-robo": "Y", "city": "", "state": "CA", "area-code": "408"}, {"id": "03e293b3df9e35eadf15c561191531ec", "number": "4083179497", "date": "2021-01-23 18:56:03", "subject": "3", "recorded-or-robo": "Y", "city": "", "state": "CA", "area-code": "408"}, {"id": "3decc6bfadaa436a105714c6ba7e693d", "number": "4082172248", "date": "2021-01-23 18:55:55", "subject": "3", "recorded-or-robo": "Y", "city": "", "state": "CA", "area-code": "408"}, {"id": "3decc6bfadaa436a105714c6ba7e1560", "number": "+14842147363", "date": "2021-01-23 18:55:55", "subject": "3", "recorded-or-robo": "Y", "city": "", "state": "OR", "area-code": "503"}, {"id": "03e293b3df9e35eadf15c5611915263c", "number": "4082172248", "date": "2021-01-23 18:55:55", "subject": "3", "recorded-or-robo": "Y", "city": "", "state": "CA", "area-code": "408"}, {"id": "03e293b3df9e35eadf15c5611914dc5d", "number": "+14842147363", "date": "2021-01-23 18:55:55", "subject": "3", "recorded-or-robo": "Y", "city": "", "state": "OR", "area-code": "503"}, {"id": "3decc6bfadaa436a105714c6ba5b2981", "number": "5152197303", "date": "2021-01-21 10:28:00", "subject": "2", "recorded-or-robo": "N", "city": "tampa", "state": "FL", "area-code": "813"}, {"id": "1d36742e3f24f50e4e7ae82801f0fca2", "number": "5152197303", "date": "2021-01-21 10:28:00", "subject": "2", "recorded-or-robo": "N", "city": "tampa", "state": "FL", "area-code": "813"}, {"id": "3decc6bfadaa436a105714c6ba7e6233", "number": "7144613413", "date": "2021-01-23 18:55:44", "subject": "3", "recorded-or-robo": "Y", "city": "", "state": "CA", "area-code": "408"}, {"id": "03e293b3df9e35eadf15c56119150fe5", "number": "7144613413", "date": "2021-01-23 18:55:44", "subject": "3", "recorded-or-robo": "Y", "city": "", "state": "CA", "area-code": "408"}, {"id": "3decc6bfadaa436a105714c6ba5b1d3f", "number": "9316344469", "date": "2021-01-23 14:35:00", "subject": "3", "recorded-or-robo": "N", "city": "", "state": "GA", "area-code": "706"}, {"id": "1d36742e3f24f50e4e7ae82801f0f7f8", "number": "9316344469", "date": "2021-01-23 14:35:00", "subject": "3", "recorded-or-robo": "N", "city": "", "state": "GA", "area-code": "706"}, {"id": "3decc6bfadaa436a105714c6ba7e0d69", "number": "7144613413", "date": "2021-01-23 18:55:35", "subject": "3", "recorded-or-robo": "Y", "city": "", "state": "CA", "area-code": "408"}, {"id": "03e293b3df9e35eadf15c5611914d572", "number": "7144613413", "date": "2021-01-23 18:55:35", "subject": "3", "recorded-or-robo": "Y", "city": "", "state": "CA", "area-code": "408"}, {"id": "3decc6bfadaa436a105714c6ba5b2349", "number": "3142837559", "date": "2021-01-23 16:49:00", "subject": "2", "recorded-or-robo": "Y", "city": "St Louis", "state": "MO", "area-code": "314"}, {"id": "1d36742e3f24f50e4e7ae82801f0fb07", "number": "3142837559", "date": "2021-01-23 16:49:00", "subject": "2", "recorded-or-robo": "Y", "city": "St Louis", "state": "MO", "area-code": "314"}, {"id": "3decc6bfadaa436a105714c6ba7e1e77", "number": "+19707132648", "date": "2021-01-23 18:55:20", "subject": "3", "recorded-or-robo": "Y", "city": "", "state": "IL", "area-code": "630"}, {"id": "03e293b3df9e35eadf15c5611914e5e2", "number": "+19707132648", "date": "2021-01-23 18:55:20", "subject": "3", "recorded-or-robo": "Y", "city": "", "state": "IL", "area-code": "630"}, {"id": "3decc6bfadaa436a105714c6ba7e6139", "number": "6264693830", "date": "2021-01-23 18:55:13", "subject": "3", "recorded-or-robo": "Y", "city": "", "state": "CA", "area-code": "310"}, {"id": "03e293b3df9e35eadf15c56119150c42", "number": "6264693830", "date": "2021-01-23 18:55:13", "subject": "3", "recorded-or-robo": "Y", "city": "", "state": "CA", "area-code": "310"}, {"id": "3decc6bfadaa436a105714c6ba5b12f4", "number": "7149839270", "date": "2021-01-13 14:10:00", "subject": "2", "recorded-or-robo": "Y", "city": "Huntington Beach", "state": "CA", "area-code": "714"}]}