{"data": [{"id": "1d36742e3f24f50e4e7ae8280182886a", "number": "8598165024", "date": "2021-01-23 11:09:00", "subject": "1", "recorded-or-robo": "Y", "city": "Florence", "state": "KY", "area-code": "859"}, {"id": "e81c9350d54f66c6d33b3747eeecbea0", "number": "4783124130", "date": "2021-01-15 10:26:00", "subject": "1", "recorded-or-robo": "Y", "city": "", "state": "GA", "area-code": "478"}, {"id": "1d36742e3f24f50e4e7ae8280182794b", "number": "4783124130", "date": "2021-01-15 10:26:00", "subject": "1", "recorded-or-robo": "Y", "city": "", "state": "GA", "area-code": "478"}, {"id": "e81c9350d54f66c6d33b3747eeecbcd7", "number": "7249352916", "date": "2021-01-20 12:35:00", "subject": "2", "recorded-or-robo": "N", "city": "Wexford", "state": "PA", "area-code": "724"}, {"id": "e81c9350d54f66c6d33b3747eeec0c87", "number": "4025450184", "date": "2021-01-22 11:27:00", "subject": "3", "recorded-or-robo": "", "city": "", "state": "NE", "area-code": "402"}, {"id": "1d36742e3f24f50e4e7ae828018276d1", "number": "7249352916", "date": "2021-01-20 12:35:00", "subject": "2", "recorded-or-robo": "N", "city": "Wexford", "state": "PA", "area-code": "724"}, {"id": "1d36742e3f24f50e4e7ae828018202ec", "number": "4025450184", "date": "2021-01-22 11:27:00", "subject": "3", "recorded-or-robo": "", "city": "", "state": "NE", "area-code": "402"}, {"id": "e81c9350d54f66c6d33b3747eeebff77", "number": "6097399268", "date": "2021-01-23 11:27:00", "subject": "3", "recorded-or-robo": "N", "city": "", "state": "NJ", "area-code": "609"}, {"id": "1d36742e3f24f50e4e7ae8280181f4d7", "number": "6097399268", "date": "2021-01-23 11:27:00", "subject": "3", "recorded-or-robo": "N", "city": "", "state": "NJ", "area-code": "609"}, {"id": "e81c9350d54f66c6d33b3747eeebfe61", "number": "8593277308", "date": "2021-01-23 11:35:00", "subject": "3", "recorded-or-robo": "N", "city": "", "state": "KY", "area-code": "859"}, {"id": "1d36742e3f24f50e4e7ae8280181f376", "number": "8593277308", "date": "2021-01-23 11:35:00", "subject": "3", "recorded-or-robo": "N", "city": "", "state": "KY", "area-code": "859"}, {"id": "e81c9350d54f66c6d33b3747eeecaed7", "number": "4254813700", "date": "2021-01-23 08:32:00", "subject": "2", "recorded-or-robo": "Y", "city": "Kenmore", "state": "WA", "area-code": "425"}, {"id": "1d36742e3f24f50e4e7ae82801826858", "number": "4254813700", "date": "2021-01-23 08:32:00", "subject": "2", "recorded-or-robo": "Y", "city": "Kenmore", "state": "WA", "area-code": "425"}, {"id": "e81c9350d54f66c6d33b3747eeeca226", "number": "4063121013", "date": "2021-01-23 11:35:00", "subject": "1", "recorded-or-robo": "Y", "city": "", "state": "FL", "area-code": "321"}, {"id": "1d36742e3f24f50e4e7ae828018259a7", "number": "4063121013", "date": "2021-01-23 11:35:00", "subject": "1", "recorded-or-robo": "Y", "city": "", "state": "FL", "area-code": "321"}, {"id": "e81c9350d54f66c6d33b3747eeec9965", "number": "2424344116", "date": "2021-01-22 23:01:00", "subject": "0", "recorded-or-robo": "", "city": "", "state": "NC", "area-code": "910"}, {"id": "e81c9350d54f66c6d33b3747eeec8fb5", "number": "5067170215", "date": "2021-01-23 11:30:00", "subject": "2", "recorded-or-robo": "N", "city": "Mooresvile", "state": "NC", "area-code": "704"}, {"id": "1d36742e3f24f50e4e7ae8280182594d", "number": "2424344116", "date": "2021-01-22 23:01:00", "subject": "0", "recorded-or-robo": "", "city": "", "state": "NC", "area-code": "910"}, {"id": "1d36742e3f24f50e4e7ae828018253f3", "number": "5067170215", "date": "2021-01-23 11:30:00", "subject": "2", "recorded-or-robo": "N", "city": "Mooresvile", "state": "NC", "area-code": "704"}, {"id": "e81c9350d54f66c6d33b3747eeec8a1e", "number": "9017636547", "date": "2021-01-23 10:32:00", "subject": "6", "recorded-or-robo": "Y", "city": "Millington", "state": "TN", "area-code": "901"}, {"id": "e81c9350d54f66c6d33b3747eeec8500", "number": "8663333474", "date": "2021-01-23 10:09:00", "subject": "0", "recorded-or-robo": "N", "city": "Farmington Hills", "state": "MI", "area-code": "248"}, {"id": "e81c9350d54f66c6d33b3747eeec7676", "number": "4788371243", "date": "2021-01-13 16:07:00", "subject": "1", "recorded-or-robo": "Y", "city": "", "state": "GA", "area-code": "478"}, {"id": "1d36742e3f24f50e4e7ae82801824712", "number": "9017636547", "date": "2021-01-23 10:32:00", "subject": "6", "recorded-or-robo": "Y", "city": "Millington", "state": "TN", "area-code": "901"}, {"id": "1d36742e3f24f50e4e7ae828018244e7", "number": "8663333474", "date": "2021-01-23 10:09:00", "subject": "0", "recorded-or-robo": "N", "city": "Farmington Hills", "state": "MI", "area-code": "248"}, {"id": "1d36742e3f24f50e4e7ae82801824455", "number": "4788371243", "date": "2021-01-13 16:07:00", "subject": "1", "recorded-or-robo": "Y", "city": "", "state": "GA", "area-code": "478"}, {"id": "e81c9350d54f66c6d33b3747eeec692a", "number": "8454228208", "date": "2021-01-20 10:59:00", "subject": "2", "recorded-or-robo": "Y", "city": "Westerly", "state": "RI", "area-code": "401"}, {"id": "1d36742e3f24f50e4e7ae828018241ab", "number": "8454228208", "date": "2021-01-20 10:59:00", "subject": "2", "recorded-or-robo": "Y", "city": "Westerly", "state": "RI", "area-code": "401"}, {"id": "e81c9350d54f66c6d33b3747eeec5a61", "number": "2032663007", "date": "2021-01-21 14:30:00", "subject": "2", "recorded-or-robo": "N", "city": "Westbrook", "state": "CT", "area-code": "860"}, {"id": "e81c9350d54f66c6d33b3747eeec4c9b", "number": "5637230823", "date": "2021-01-12 16:31:00", "subject": "2", "recorded-or-robo": "Y", "city": "", "state": "IA", "area-code": "563"}, {"id": "1d36742e3f24f50e4e7ae82801824045", "number": "2032663007", "date": "2021-01-21 14:30:00", "subject": "2", "recorded-or-robo": "N", "city": "Westbrook", "state": "CT", "area-code": "860"}, {"id": "1d36742e3f24f50e4e7ae8280182319b", "number": "5637230823", "date": "2021-01-12 16:31:00", "subject": "2", "recorded-or-robo": "Y", "city": "", "state": "IA", "area-code": "563"}, {"id": "e81c9350d54f66c6d33b3747eeec461b", "number": "9103420307", "date": "2021-01-19 12:43:00", "subject": "2", "recorded-or-robo": "Y", "city": "Wilmington", "state": "NC", "area-code": "910"}, {"id": "e81c9350d54f66c6d33b3747eeec38fe", "number": "8606876888", "date": "2021-01-23 10:34:00", "subject": "7", "recorded-or-robo": "N", "city": "Shawnee", "state": "KS", "area-code": "860"}, {"id": "1d36742e3f24f50e4e7ae82801822a64", "number": "9103420307", "date": "2021-01-19 12:43:00", "subject": "2", "recorded-or-robo": "Y", "city": "Wilmington", "state": "NC", "area-code": "910"}, {"id": "1d36742e3f24f50e4e7ae828018226b3", "number": "8606876888", "date": "2021-01-23 10:34:00", "subject": "7", "recorded-or-robo": "N", "city": "Shawnee", "state": "KS", "area-code": "860"}, {"id": "e81c9350d54f66c6d33b3747eeec3528", "number": "2108986877", "date": "2020-12-17 10:17:00", "subject": "0", "recorded-or-robo": "Y", "city": "Loveland", "state": "CO", "area-code": "970"}, {"id": "1d36742e3f24f50e4e7ae82801821ae7", "number": "2108986877", "date": "2020-12-17 10:17:00", "subject": "0", "recorded-or-robo": "Y", "city": "Loveland", "state": "CO", "area-code": "970"}, {"id": "e81c9350d54f66c6d33b3747eeec2826", "number": "7249455376", "date": "2021-01-21 09:21:00", "subject": "2", "recorded-or-robo": "N", "city": "Wexford", "state": "PA", "area-code": "724"}, {"id": "1d36742e3f24f50e4e7ae82801821494", "number": "7249455376", "date": "2021-01-21 09:21:00", "subject": "2", "recorded-or-robo": "N", "city": "Wexford", "state": "PA", "area-code": "724"}, {"id": "e81c9350d54f66c6d33b3747eeec1bd9", "number": "", "date": "2021-01-23 10:33:00", "subject": "2", "recorded-or-robo": "Y", "city": "Warrensburg", "state": "MO", "area-code": "660"}, {"id": "1d36742e3f24f50e4e7ae82801821148", "number": "", "date": "2021-01-23 10:33:00", "subject": "2", "recorded-or-robo": "Y", "city": "Warrensburg", "state": "MO", "area-code": "660"}, {"id": "e81c9350d54f66c6d33b3747eeebf97e", "number": "5135037801", "date": "2021-01-23 11:35:00", "subject": "3", "recorded-or-robo": "Y", "city": "Loveland", "state": "OH", "area-code": "832"}, {"id": "1d36742e3f24f50e4e7ae8280181ec5d", "number": "5135037801", "date": "2021-01-23 11:35:00", "subject": "3", "recorded-or-robo": "Y", "city": "Loveland", "state": "OH", "area-code": "832"}, {"id": "e81c9350d54f66c6d33b3747eeebf352", "number": "5719929996", "date": "2021-01-23 09:59:00", "subject": "2", "recorded-or-robo": "", "city": "", "state": "VA", "area-code": "703"}, {"id": "1d36742e3f24f50e4e7ae8280181e3f4", "number": "5719929996", "date": "2021-01-23 09:59:00", "subject": "2", "recorded-or-robo": "", "city": "", "state": "VA", "area-code": "703"}, {"id": "e81c9350d54f66c6d33b3747eeebee52", "number": "9806003098", "date": "2021-01-23 09:39:00", "subject": "15", "recorded-or-robo": "Y", "city": "Golden", "state": "CO", "area-code": "303"}, {"id": "1d36742e3f24f50e4e7ae8280181dc65", "number": "9806003098", "date": "2021-01-23 09:39:00", "subject": "15", "recorded-or-robo": "Y", "city": "Golden", "state": "CO", "area-code": "303"}, {"id": "e81c9350d54f66c6d33b3747eeebe7f0", "number": "8662422720", "date": "2021-01-21 16:09:00", "subject": "0", "recorded-or-robo": "N", "city": "", "state": "LA", "area-code": "318"}, {"id": "1d36742e3f24f50e4e7ae8280181d0ed", "number": "8662422720", "date": "2021-01-21 16:09:00", "subject": "0", "recorded-or-robo": "N", "city": "", "state": "LA", "area-code": "318"}, {"id": "e81c9350d54f66c6d33b3747eeebe5ba", "number": "9544041169", "date": "2021-01-10 11:02:00", "subject": "1", "recorded-or-robo": "Y", "city": "", "state": "GA", "area-code": "478"}]}