{"data": [{"id": "1d36742e3f24f50e4e7ae82801cad610", "number": "6516151912", "date": "2021-01-23 10:10:00", "subject": "2", "recorded-or-robo": "Y", "city": "Spokane", "state": "WA", "area-code": "612"}, {"id": "3decc6bfadaa436a105714c6ba340e65", "number": "4075539197", "date": "2021-01-23 16:15:00", "subject": "7", "recorded-or-robo": "Y", "city": "", "state": "FL", "area-code": "407"}, {"id": "1d36742e3f24f50e4e7ae82801cacefc", "number": "4075539197", "date": "2021-01-23 16:15:00", "subject": "7", "recorded-or-robo": "Y", "city": "", "state": "FL", "area-code": "407"}, {"id": "3decc6bfadaa436a105714c6ba33ff6c", "number": "6629471204", "date": "2021-01-23 12:26:00", "subject": "1", "recorded-or-robo": "N", "city": "Deer Island", "state": "OR", "area-code": "503"}, {"id": "1d36742e3f24f50e4e7ae82801cac626", "number": "6629471204", "date": "2021-01-23 12:26:00", "subject": "1", "recorded-or-robo": "N", "city": "Deer Island", "state": "OR", "area-code": "503"}, {"id": "3decc6bfadaa436a105714c6ba33fb64", "number": "8332298003", "date": "2021-01-18 11:41:00", "subject": "2", "recorded-or-robo": "N", "city": "", "state": "OK", "area-code": "405"}, {"id": "1d36742e3f24f50e4e7ae82801cabf5a", "number": "8332298003", "date": "2021-01-18 11:41:00", "subject": "2", "recorded-or-robo": "N", "city": "", "state": "OK", "area-code": "405"}, {"id": "3decc6bfadaa436a105714c6ba33fa7b", "number": "5029152265", "date": "2021-01-22 12:00:00", "subject": "8", "recorded-or-robo": "Y", "city": "Columbus", "state": "OH", "area-code": "614"}, {"id": "1d36742e3f24f50e4e7ae82801caba65", "number": "5029152265", "date": "2021-01-22 12:00:00", "subject": "8", "recorded-or-robo": "Y", "city": "Columbus", "state": "OH", "area-code": "614"}, {"id": "3decc6bfadaa436a105714c6ba33eb7c", "number": "3152018066", "date": "2021-01-19 15:55:00", "subject": "3", "recorded-or-robo": "", "city": "dewitt", "state": "NY", "area-code": "315"}, {"id": "1d36742e3f24f50e4e7ae82801cab968", "number": "3152018066", "date": "2021-01-19 15:55:00", "subject": "3", "recorded-or-robo": "", "city": "dewitt", "state": "NY", "area-code": "315"}, {"id": "3decc6bfadaa436a105714c6ba33e39a", "number": "5029172238", "date": "2021-01-23 11:53:00", "subject": "4", "recorded-or-robo": "Y", "city": "Brunswick", "state": "OH", "area-code": "330"}, {"id": "1d36742e3f24f50e4e7ae82801cab23c", "number": "5029172238", "date": "2021-01-23 11:53:00", "subject": "4", "recorded-or-robo": "Y", "city": "Brunswick", "state": "OH", "area-code": "330"}, {"id": "3decc6bfadaa436a105714c6ba33d52e", "number": "3013688980", "date": "2021-01-23 16:11:00", "subject": "2", "recorded-or-robo": "N", "city": "Holly Springs", "state": "NC", "area-code": "919"}, {"id": "1d36742e3f24f50e4e7ae82801cab1be", "number": "3013688980", "date": "2021-01-23 16:11:00", "subject": "2", "recorded-or-robo": "N", "city": "Holly Springs", "state": "NC", "area-code": "919"}, {"id": "3decc6bfadaa436a105714c6ba33ccb1", "number": "5803213247", "date": "2021-01-18 14:12:00", "subject": "0", "recorded-or-robo": "N", "city": "", "state": "OK", "area-code": "405"}, {"id": "1d36742e3f24f50e4e7ae82801caa211", "number": "5803213247", "date": "2021-01-18 14:12:00", "subject": "0", "recorded-or-robo": "N", "city": "", "state": "OK", "area-code": "405"}, {"id": "3decc6bfadaa436a105714c6ba33ca98", "number": "5616000933", "date": "2021-01-23 15:52:00", "subject": "2", "recorded-or-robo": "Y", "city": "Tamarac", "state": "FL", "area-code": "305"}, {"id": "1d36742e3f24f50e4e7ae82801caa00d", "number": "5616000933", "date": "2021-01-23 15:52:00", "subject": "2", "recorded-or-robo": "Y", "city": "Tamarac", "state": "FL", "area-code": "305"}, {"id": "3decc6bfadaa436a105714c6ba33902a", "number": "", "date": "2021-01-23 13:10:00", "subject": "3", "recorded-or-robo": "", "city": "", "state": "NV", "area-code": "702"}, {"id": "1d36742e3f24f50e4e7ae82801ca908d", "number": "", "date": "2021-01-23 13:10:00", "subject": "3", "recorded-or-robo": "", "city": "", "state": "NV", "area-code": "702"}, {"id": "3decc6bfadaa436a105714c6ba33c3e7", "number": "8332297880", "date": "2021-01-18 09:59:00", "subject": "0", "recorded-or-robo": "N", "city": "", "state": "OK", "area-code": "405"}, {"id": "1d36742e3f24f50e4e7ae82801ca9d38", "number": "8332297880", "date": "2021-01-18 09:59:00", "subject": "0", "recorded-or-robo": "N", "city": "", "state": "OK", "area-code": "405"}, {"id": "3decc6bfadaa436a105714c6ba33b454", "number": "3159360827", "date": "2021-01-19 13:27:00", "subject": "3", "recorded-or-robo": "", "city": "dewitt", "state": "NY", "area-code": "315"}, {"id": "1d36742e3f24f50e4e7ae82801ca9c77", "number": "3159360827", "date": "2021-01-19 13:27:00", "subject": "3", "recorded-or-robo": "", "city": "dewitt", "state": "NY", "area-code": "315"}, {"id": "3decc6bfadaa436a105714c6ba33aa03", "number": "8575052216", "date": "2021-01-15 14:00:00", "subject": "7", "recorded-or-robo": "Y", "city": "Waltam", "state": "MA", "area-code": "781"}, {"id": "1d36742e3f24f50e4e7ae82801ca9b69", "number": "8575052216", "date": "2021-01-15 14:00:00", "subject": "7", "recorded-or-robo": "Y", "city": "Waltam", "state": "MA", "area-code": "781"}, {"id": "3decc6bfadaa436a105714c6ba33a28a", "number": "375292240960", "date": "2020-12-14 04:10:00", "subject": "2", "recorded-or-robo": "Y", "city": "Janesville", "state": "WI", "area-code": "608"}, {"id": "1d36742e3f24f50e4e7ae82801ca98ca", "number": "375292240960", "date": "2020-12-14 04:10:00", "subject": "2", "recorded-or-robo": "Y", "city": "Janesville", "state": "WI", "area-code": "608"}, {"id": "3decc6bfadaa436a105714c6ba339b00", "number": "6148785564", "date": "2021-01-22 12:00:00", "subject": "2", "recorded-or-robo": "Y", "city": "Columbus", "state": "OH", "area-code": "614"}, {"id": "1d36742e3f24f50e4e7ae82801ca90b8", "number": "6148785564", "date": "2021-01-22 12:00:00", "subject": "2", "recorded-or-robo": "Y", "city": "Columbus", "state": "OH", "area-code": "614"}, {"id": "3decc6bfadaa436a105714c6ba338410", "number": "8004654215", "date": "2021-01-15 13:53:00", "subject": "0", "recorded-or-robo": "N", "city": "", "state": "OK", "area-code": "405"}, {"id": "1d36742e3f24f50e4e7ae82801ca8bc7", "number": "8004654215", "date": "2021-01-15 13:53:00", "subject": "0", "recorded-or-robo": "N", "city": "", "state": "OK", "area-code": "405"}, {"id": "3decc6bfadaa436a105714c6ba337f56", "number": "4093928297", "date": "2021-01-23 14:14:00", "subject": "11", "recorded-or-robo": "Y", "city": "galveston", "state": "TX", "area-code": "409"}, {"id": "1d36742e3f24f50e4e7ae82801ca88be", "number": "4093928297", "date": "2021-01-23 14:14:00", "subject": "11", "recorded-or-robo": "Y", "city": "galveston", "state": "TX", "area-code": "409"}, {"id": "3decc6bfadaa436a105714c6ba33753a", "number": "3033764299", "date": "2021-01-22 13:13:00", "subject": "2", "recorded-or-robo": "", "city": "", "state": "CO", "area-code": "303"}, {"id": "1d36742e3f24f50e4e7ae82801ca85eb", "number": "3033764299", "date": "2021-01-22 13:13:00", "subject": "2", "recorded-or-robo": "", "city": "", "state": "CO", "area-code": "303"}, {"id": "3decc6bfadaa436a105714c6ba3367ab", "number": "9732575412", "date": "2021-01-23 16:12:00", "subject": "7", "recorded-or-robo": "N", "city": "West Orange", "state": "NJ", "area-code": "973"}, {"id": "1d36742e3f24f50e4e7ae82801ca85e9", "number": "9732575412", "date": "2021-01-23 16:12:00", "subject": "7", "recorded-or-robo": "N", "city": "West Orange", "state": "NJ", "area-code": "973"}, {"id": "3decc6bfadaa436a105714c6ba335a7a", "number": "3126386974", "date": "2021-01-09 00:00:00", "subject": "2", "recorded-or-robo": "Y", "city": "Jamestown", "state": "ND", "area-code": "701"}, {"id": "1d36742e3f24f50e4e7ae82801ca842a", "number": "3126386974", "date": "2021-01-09 00:00:00", "subject": "2", "recorded-or-robo": "Y", "city": "Jamestown", "state": "ND", "area-code": "701"}, {"id": "3decc6bfadaa436a105714c6ba335500", "number": "3154384543", "date": "2021-01-19 10:39:00", "subject": "3", "recorded-or-robo": "", "city": "dewitt", "state": "NY", "area-code": "315"}, {"id": "1d36742e3f24f50e4e7ae82801ca83a4", "number": "3154384543", "date": "2021-01-19 10:39:00", "subject": "3", "recorded-or-robo": "", "city": "dewitt", "state": "NY", "area-code": "315"}, {"id": "3decc6bfadaa436a105714c6ba780648", "number": "+13142388809", "date": "2021-01-23 16:15:33", "subject": "3", "recorded-or-robo": "N", "city": "", "state": "MO", "area-code": "314"}, {"id": "3decc6bfadaa436a105714c6ba3349c4", "number": "2622478779", "date": "2021-01-23 00:00:00", "subject": "3", "recorded-or-robo": "", "city": "", "state": "WA", "area-code": "253"}, {"id": "1d36742e3f24f50e4e7ae82801ca7704", "number": "2622478779", "date": "2021-01-23 00:00:00", "subject": "3", "recorded-or-robo": "", "city": "", "state": "WA", "area-code": "253"}, {"id": "03e293b3df9e35eadf15c561190e775f", "number": "+13142388809", "date": "2021-01-23 16:15:33", "subject": "3", "recorded-or-robo": "N", "city": "", "state": "MO", "area-code": "314"}, {"id": "3decc6bfadaa436a105714c6ba33460a", "number": "5624047452", "date": "2021-01-21 14:06:00", "subject": "7", "recorded-or-robo": "Y", "city": "Cerritos", "state": "CA", "area-code": "562"}, {"id": "1d36742e3f24f50e4e7ae82801ca761c", "number": "5624047452", "date": "2021-01-21 14:06:00", "subject": "7", "recorded-or-robo": "Y", "city": "Cerritos", "state": "CA", "area-code": "562"}, {"id": "3decc6bfadaa436a105714c6ba7846f5", "number": "+15128153283", "date": "2021-01-23 16:15:28", "subject": "3", "recorded-or-robo": "Y", "city": "", "state": "TX", "area-code": "737"}]}