{"data": [{"id": "1d36742e3f24f50e4e7ae82801cd64df", "number": "4405199049", "date": "2021-01-23 16:25:00", "subject": "7", "recorded-or-robo": "Y", "city": "Parma", "state": "OH", "area-code": "440"}, {"id": "3decc6bfadaa436a105714c6ba36def4", "number": "3154464366", "date": "2021-01-22 15:10:00", "subject": "3", "recorded-or-robo": "", "city": "dewitt", "state": "NY", "area-code": "315"}, {"id": "1d36742e3f24f50e4e7ae82801cd5c7a", "number": "3154464366", "date": "2021-01-22 15:10:00", "subject": "3", "recorded-or-robo": "", "city": "dewitt", "state": "NY", "area-code": "315"}, {"id": "3decc6bfadaa436a105714c6ba78d7f7", "number": "2402528611", "date": "2021-01-23 16:31:05", "subject": "3", "recorded-or-robo": "N", "city": "", "state": "MD", "area-code": "240"}, {"id": "3decc6bfadaa436a105714c6ba36d370", "number": "8123496096", "date": "2021-01-23 16:26:00", "subject": "2", "recorded-or-robo": "Y", "city": "Flushing", "state": "NY", "area-code": "516"}, {"id": "3decc6bfadaa436a105714c6ba36c9c6", "number": "9514774113", "date": "2021-01-23 10:40:00", "subject": "2", "recorded-or-robo": "Y", "city": "Redondo Beach", "state": "CA", "area-code": "310"}, {"id": "1d36742e3f24f50e4e7ae82801cd5bef", "number": "8123496096", "date": "2021-01-23 16:26:00", "subject": "2", "recorded-or-robo": "Y", "city": "Flushing", "state": "NY", "area-code": "516"}, {"id": "1d36742e3f24f50e4e7ae82801cd4e9e", "number": "9514774113", "date": "2021-01-23 10:40:00", "subject": "2", "recorded-or-robo": "Y", "city": "Redondo Beach", "state": "CA", "area-code": "310"}, {"id": "03e293b3df9e35eadf15c561190f2d66", "number": "2402528611", "date": "2021-01-23 16:31:05", "subject": "3", "recorded-or-robo": "N", "city": "", "state": "MD", "area-code": "240"}, {"id": "3decc6bfadaa436a105714c6ba36c34d", "number": "5207792681", "date": "2021-01-22 12:29:00", "subject": "0", "recorded-or-robo": "N", "city": "", "state": "AZ", "area-code": "520"}, {"id": "1d36742e3f24f50e4e7ae82801cd4ae8", "number": "5207792681", "date": "2021-01-22 12:29:00", "subject": "0", "recorded-or-robo": "N", "city": "", "state": "AZ", "area-code": "520"}, {"id": "3decc6bfadaa436a105714c6ba36b578", "number": "8332297923", "date": "2021-01-21 14:22:00", "subject": "0", "recorded-or-robo": "N", "city": "", "state": "OK", "area-code": "405"}, {"id": "1d36742e3f24f50e4e7ae82801cd3bbe", "number": "8332297923", "date": "2021-01-21 14:22:00", "subject": "0", "recorded-or-robo": "N", "city": "", "state": "OK", "area-code": "405"}, {"id": "3decc6bfadaa436a105714c6ba36b1d7", "number": "2092190884", "date": "2021-01-19 15:55:00", "subject": "0", "recorded-or-robo": "Y", "city": "BELLEVUE", "state": "WA", "area-code": "425"}, {"id": "1d36742e3f24f50e4e7ae82801cd2bf1", "number": "2092190884", "date": "2021-01-19 15:55:00", "subject": "0", "recorded-or-robo": "Y", "city": "BELLEVUE", "state": "WA", "area-code": "425"}, {"id": "3decc6bfadaa436a105714c6ba36adc6", "number": "7873050610", "date": "2021-01-23 11:12:00", "subject": "2", "recorded-or-robo": "Y", "city": "", "state": "CA", "area-code": "530"}, {"id": "1d36742e3f24f50e4e7ae82801cd2ab4", "number": "7873050610", "date": "2021-01-23 11:12:00", "subject": "2", "recorded-or-robo": "Y", "city": "", "state": "CA", "area-code": "530"}, {"id": "3decc6bfadaa436a105714c6ba36a942", "number": "5204633027", "date": "2021-01-22 10:18:00", "subject": "0", "recorded-or-robo": "N", "city": "", "state": "AZ", "area-code": "520"}, {"id": "1d36742e3f24f50e4e7ae82801cd1c33", "number": "5204633027", "date": "2021-01-22 10:18:00", "subject": "0", "recorded-or-robo": "N", "city": "", "state": "AZ", "area-code": "520"}, {"id": "3decc6bfadaa436a105714c6ba369ccd", "number": "3152734378", "date": "2021-01-22 10:13:00", "subject": "3", "recorded-or-robo": "", "city": "dewitt", "state": "NY", "area-code": "315"}, {"id": "1d36742e3f24f50e4e7ae82801cd16fd", "number": "3152734378", "date": "2021-01-22 10:13:00", "subject": "3", "recorded-or-robo": "", "city": "dewitt", "state": "NY", "area-code": "315"}, {"id": "3decc6bfadaa436a105714c6ba369b16", "number": "", "date": "2021-01-23 00:00:00", "subject": "3", "recorded-or-robo": "Y", "city": "Zephyrhills", "state": "FL", "area-code": "813"}, {"id": "1d36742e3f24f50e4e7ae82801cd095f", "number": "", "date": "2021-01-23 00:00:00", "subject": "3", "recorded-or-robo": "Y", "city": "Zephyrhills", "state": "FL", "area-code": "813"}, {"id": "3decc6bfadaa436a105714c6ba369782", "number": "9197367862", "date": "2021-01-23 11:21:00", "subject": "2", "recorded-or-robo": "Y", "city": "Pahoa", "state": "NC", "area-code": "919"}, {"id": "1d36742e3f24f50e4e7ae82801cd0317", "number": "9197367862", "date": "2021-01-23 11:21:00", "subject": "2", "recorded-or-robo": "Y", "city": "Pahoa", "state": "NC", "area-code": "919"}, {"id": "3decc6bfadaa436a105714c6ba368bc4", "number": "6085817496", "date": "2021-01-23 15:16:00", "subject": "2", "recorded-or-robo": "Y", "city": "Madison", "state": "WI", "area-code": "608"}, {"id": "1d36742e3f24f50e4e7ae82801ccfd71", "number": "6085817496", "date": "2021-01-23 15:16:00", "subject": "2", "recorded-or-robo": "Y", "city": "Madison", "state": "WI", "area-code": "608"}, {"id": "3decc6bfadaa436a105714c6ba367e82", "number": "", "date": "2021-01-23 00:00:00", "subject": "3", "recorded-or-robo": "Y", "city": "Zephyrhills", "state": "FL", "area-code": "813"}, {"id": "1d36742e3f24f50e4e7ae82801ccedb4", "number": "", "date": "2021-01-23 00:00:00", "subject": "3", "recorded-or-robo": "Y", "city": "Zephyrhills", "state": "FL", "area-code": "813"}, {"id": "3decc6bfadaa436a105714c6ba366ed5", "number": "4057665477", "date": "2021-01-21 12:00:00", "subject": "2", "recorded-or-robo": "N", "city": "", "state": "OK", "area-code": "405"}, {"id": "1d36742e3f24f50e4e7ae82801cce1e6", "number": "4057665477", "date": "2021-01-21 12:00:00", "subject": "2", "recorded-or-robo": "N", "city": "", "state": "OK", "area-code": "405"}, {"id": "3decc6bfadaa436a105714c6ba36682c", "number": "", "date": "2021-01-23 00:00:00", "subject": "3", "recorded-or-robo": "Y", "city": "Zephyrhills", "state": "FL", "area-code": "813"}, {"id": "1d36742e3f24f50e4e7ae82801ccda67", "number": "", "date": "2021-01-23 00:00:00", "subject": "3", "recorded-or-robo": "Y", "city": "Zephyrhills", "state": "FL", "area-code": "813"}, {"id": "3decc6bfadaa436a105714c6ba365918", "number": "5095984267", "date": "2021-01-19 13:15:00", "subject": "0", "recorded-or-robo": "Y", "city": "BELLEVUE", "state": "WA", "area-code": "425"}, {"id": "1d36742e3f24f50e4e7ae82801ccd005", "number": "5095984267", "date": "2021-01-19 13:15:00", "subject": "0", "recorded-or-robo": "Y", "city": "BELLEVUE", "state": "WA", "area-code": "425"}, {"id": "3decc6bfadaa436a105714c6ba365624", "number": "7158041011", "date": "2021-01-22 10:41:00", "subject": "11", "recorded-or-robo": "Y", "city": "", "state": "OH", "area-code": "513"}, {"id": "1d36742e3f24f50e4e7ae82801ccc6f9", "number": "7158041011", "date": "2021-01-22 10:41:00", "subject": "11", "recorded-or-robo": "Y", "city": "", "state": "OH", "area-code": "513"}, {"id": "3decc6bfadaa436a105714c6ba364c4f", "number": "", "date": "2021-01-23 00:00:00", "subject": "3", "recorded-or-robo": "Y", "city": "Zephyrhills", "state": "FL", "area-code": "813"}, {"id": "1d36742e3f24f50e4e7ae82801ccc4f0", "number": "", "date": "2021-01-23 00:00:00", "subject": "3", "recorded-or-robo": "Y", "city": "Zephyrhills", "state": "FL", "area-code": "813"}, {"id": "3decc6bfadaa436a105714c6ba3643a0", "number": "4012004873", "date": "2021-01-22 16:44:00", "subject": "2", "recorded-or-robo": "Y", "city": "", "state": "TX", "area-code": "956"}, {"id": "1d36742e3f24f50e4e7ae82801ccb7f3", "number": "4012004873", "date": "2021-01-22 16:44:00", "subject": "2", "recorded-or-robo": "Y", "city": "", "state": "TX", "area-code": "956"}, {"id": "3decc6bfadaa436a105714c6ba363f7a", "number": "5202103524", "date": "2021-01-22 21:54:00", "subject": "0", "recorded-or-robo": "N", "city": "", "state": "AZ", "area-code": "520"}, {"id": "1d36742e3f24f50e4e7ae82801ccb7c1", "number": "5202103524", "date": "2021-01-22 21:54:00", "subject": "0", "recorded-or-robo": "N", "city": "", "state": "AZ", "area-code": "520"}, {"id": "3decc6bfadaa436a105714c6ba363a41", "number": "", "date": "2021-01-23 00:00:00", "subject": "3", "recorded-or-robo": "Y", "city": "Zephyrhills", "state": "FL", "area-code": "813"}, {"id": "1d36742e3f24f50e4e7ae82801ccb520", "number": "", "date": "2021-01-23 00:00:00", "subject": "3", "recorded-or-robo": "Y", "city": "Zephyrhills", "state": "FL", "area-code": "813"}, {"id": "3decc6bfadaa436a105714c6ba362d7f", "number": "4054610076", "date": "2021-01-21 11:21:00", "subject": "0", "recorded-or-robo": "N", "city": "", "state": "OK", "area-code": "405"}, {"id": "1d36742e3f24f50e4e7ae82801ccb021", "number": "4054610076", "date": "2021-01-21 11:21:00", "subject": "0", "recorded-or-robo": "N", "city": "", "state": "OK", "area-code": "405"}, {"id": "3decc6bfadaa436a105714c6ba3623aa", "number": "", "date": "2021-01-23 00:00:00", "subject": "3", "recorded-or-robo": "Y", "city": "Zephyrhills", "state": "FL", "area-code": "813"}, {"id": "1d36742e3f24f50e4e7ae82801cca9a6", "number": "", "date": "2021-01-23 00:00:00", "subject": "3", "recorded-or-robo": "Y", "city": "Zephyrhills", "state": "FL", "area-code": "813"}, {"id": "3decc6bfadaa436a105714c6ba3618a6", "number": "2142471405", "date": "2021-01-23 13:15:00", "subject": "2", "recorded-or-robo": "N", "city": "KOOSKIA", "state": "ID", "area-code": "208"}]}