{"data": [{"id": "1d36742e3f24f50e4e7ae82801da17ed", "number": "7735898588", "date": "2021-01-20 13:02:00", "subject": "1", "recorded-or-robo": "Y", "city": "", "state": "CA", "area-code": "310"}, {"id": "3decc6bfadaa436a105714c6ba448b69", "number": "9723793617", "date": "2021-01-23 04:30:00", "subject": "6", "recorded-or-robo": "Y", "city": "Carrollton,TX", "state": "TX", "area-code": "972"}, {"id": "1d36742e3f24f50e4e7ae82801da0fba", "number": "9723793617", "date": "2021-01-23 04:30:00", "subject": "6", "recorded-or-robo": "Y", "city": "Carrollton,TX", "state": "TX", "area-code": "972"}, {"id": "3decc6bfadaa436a105714c6ba447d57", "number": "1", "date": "2021-01-23 11:06:00", "subject": "1", "recorded-or-robo": "Y", "city": "Saint Ann", "state": "MO", "area-code": "314"}, {"id": "1d36742e3f24f50e4e7ae82801da07f2", "number": "1", "date": "2021-01-23 11:06:00", "subject": "1", "recorded-or-robo": "Y", "city": "Saint Ann", "state": "MO", "area-code": "314"}, {"id": "3decc6bfadaa436a105714c6ba446ce3", "number": "", "date": "2021-01-23 00:00:00", "subject": "12", "recorded-or-robo": "Y", "city": "", "state": "CA", "area-code": "714"}, {"id": "1d36742e3f24f50e4e7ae82801d9ec3d", "number": "", "date": "2021-01-23 00:00:00", "subject": "12", "recorded-or-robo": "Y", "city": "", "state": "CA", "area-code": "714"}, {"id": "3decc6bfadaa436a105714c6ba446aa6", "number": "8509127395", "date": "2021-01-21 09:12:00", "subject": "1", "recorded-or-robo": "Y", "city": "", "state": "CA", "area-code": "310"}, {"id": "1d36742e3f24f50e4e7ae82801d9ea04", "number": "8509127395", "date": "2021-01-21 09:12:00", "subject": "1", "recorded-or-robo": "Y", "city": "", "state": "CA", "area-code": "310"}, {"id": "3decc6bfadaa436a105714c6ba445e97", "number": "8801701162993", "date": "2021-01-23 13:31:00", "subject": "2", "recorded-or-robo": "Y", "city": "Broomfield", "state": "CO", "area-code": "412"}, {"id": "1d36742e3f24f50e4e7ae82801d9e5b7", "number": "8801701162993", "date": "2021-01-23 13:31:00", "subject": "2", "recorded-or-robo": "Y", "city": "Broomfield", "state": "CO", "area-code": "412"}, {"id": "3decc6bfadaa436a105714c6ba445492", "number": "2487443390", "date": "2021-01-23 17:26:00", "subject": "2", "recorded-or-robo": "Y", "city": "Rochester Hills", "state": "MI", "area-code": "248"}, {"id": "1d36742e3f24f50e4e7ae82801d9db3c", "number": "2487443390", "date": "2021-01-23 17:26:00", "subject": "2", "recorded-or-robo": "Y", "city": "Rochester Hills", "state": "MI", "area-code": "248"}, {"id": "3decc6bfadaa436a105714c6ba7bf620", "number": "+13057787097", "date": "2021-01-23 17:50:19", "subject": "3", "recorded-or-robo": "Y", "city": "", "state": "FL", "area-code": "305"}, {"id": "03e293b3df9e35eadf15c56119127cee", "number": "+13057787097", "date": "2021-01-23 17:50:19", "subject": "3", "recorded-or-robo": "Y", "city": "", "state": "FL", "area-code": "305"}, {"id": "3decc6bfadaa436a105714c6ba7c16be", "number": "+17328026201", "date": "2021-01-23 17:50:10", "subject": "3", "recorded-or-robo": "Y", "city": "", "state": "NJ", "area-code": "732"}, {"id": "03e293b3df9e35eadf15c56119128f66", "number": "+17328026201", "date": "2021-01-23 17:50:10", "subject": "3", "recorded-or-robo": "Y", "city": "", "state": "NJ", "area-code": "732"}, {"id": "3decc6bfadaa436a105714c6ba4446b4", "number": "3152073179", "date": "2021-01-13 09:39:00", "subject": "2", "recorded-or-robo": "Y", "city": "East Moriches", "state": "NY", "area-code": "631"}, {"id": "1d36742e3f24f50e4e7ae82801d9d790", "number": "3152073179", "date": "2021-01-13 09:39:00", "subject": "2", "recorded-or-robo": "Y", "city": "East Moriches", "state": "NY", "area-code": "631"}, {"id": "3decc6bfadaa436a105714c6ba443eae", "number": "8038020570", "date": "2021-01-23 15:44:00", "subject": "11", "recorded-or-robo": "Y", "city": "Provo", "state": "UT", "area-code": "801"}, {"id": "1d36742e3f24f50e4e7ae82801d9d5a7", "number": "8038020570", "date": "2021-01-23 15:44:00", "subject": "11", "recorded-or-robo": "Y", "city": "Provo", "state": "UT", "area-code": "801"}, {"id": "3decc6bfadaa436a105714c6ba443410", "number": "", "date": "2021-01-23 16:17:00", "subject": "6", "recorded-or-robo": "N", "city": "", "state": "TX", "area-code": "512"}, {"id": "3decc6bfadaa436a105714c6ba443384", "number": "4088013377", "date": "2021-01-21 15:25:00", "subject": "0", "recorded-or-robo": "Y", "city": "mandan", "state": "MT", "area-code": "406"}, {"id": "1d36742e3f24f50e4e7ae82801d9c5b5", "number": "", "date": "2021-01-23 16:17:00", "subject": "6", "recorded-or-robo": "N", "city": "", "state": "TX", "area-code": "512"}, {"id": "1d36742e3f24f50e4e7ae82801d9c55c", "number": "4088013377", "date": "2021-01-21 15:25:00", "subject": "0", "recorded-or-robo": "Y", "city": "mandan", "state": "MT", "area-code": "406"}, {"id": "3decc6bfadaa436a105714c6ba44302d", "number": "4018594749", "date": "2021-01-21 18:21:00", "subject": "3", "recorded-or-robo": "Y", "city": "", "state": "KY", "area-code": "502"}, {"id": "1d36742e3f24f50e4e7ae82801d9bd1b", "number": "4018594749", "date": "2021-01-21 18:21:00", "subject": "3", "recorded-or-robo": "Y", "city": "", "state": "KY", "area-code": "502"}, {"id": "3decc6bfadaa436a105714c6ba44277f", "number": "8509299408", "date": "2021-01-21 09:50:00", "subject": "1", "recorded-or-robo": "Y", "city": "", "state": "CA", "area-code": "310"}, {"id": "1d36742e3f24f50e4e7ae82801d9b46c", "number": "8509299408", "date": "2021-01-21 09:50:00", "subject": "1", "recorded-or-robo": "Y", "city": "", "state": "CA", "area-code": "310"}, {"id": "3decc6bfadaa436a105714c6ba441c9a", "number": "", "date": "2021-01-22 14:14:00", "subject": "12", "recorded-or-robo": "Y", "city": "", "state": "CA", "area-code": "714"}, {"id": "1d36742e3f24f50e4e7ae82801d9b1c8", "number": "", "date": "2021-01-22 14:14:00", "subject": "12", "recorded-or-robo": "Y", "city": "", "state": "CA", "area-code": "714"}, {"id": "3decc6bfadaa436a105714c6ba7c04d8", "number": "8007953552", "date": "2021-01-23 17:49:03", "subject": "3", "recorded-or-robo": "Y", "city": "", "state": "TX", "area-code": "214"}, {"id": "03e293b3df9e35eadf15c5611912856a", "number": "8007953552", "date": "2021-01-23 17:49:03", "subject": "3", "recorded-or-robo": "Y", "city": "", "state": "TX", "area-code": "214"}, {"id": "3decc6bfadaa436a105714c6ba43c222", "number": "2133284073", "date": "2021-01-19 12:51:00", "subject": "3", "recorded-or-robo": "", "city": "", "state": "UT", "area-code": "801"}, {"id": "1d36742e3f24f50e4e7ae82801d97042", "number": "2133284073", "date": "2021-01-19 12:51:00", "subject": "3", "recorded-or-robo": "", "city": "", "state": "UT", "area-code": "801"}, {"id": "3decc6bfadaa436a105714c6ba7c09f1", "number": "2678637961", "date": "2021-01-23 17:49:01", "subject": "3", "recorded-or-robo": "Y", "city": "", "state": "FL", "area-code": "954"}, {"id": "03e293b3df9e35eadf15c56119128b1e", "number": "2678637961", "date": "2021-01-23 17:49:01", "subject": "3", "recorded-or-robo": "Y", "city": "", "state": "FL", "area-code": "954"}, {"id": "3decc6bfadaa436a105714c6ba44184d", "number": "2487443389", "date": "2021-01-23 16:11:00", "subject": "2", "recorded-or-robo": "Y", "city": "Rochester Hills", "state": "MI", "area-code": "248"}, {"id": "1d36742e3f24f50e4e7ae82801d9aec7", "number": "2487443389", "date": "2021-01-23 16:11:00", "subject": "2", "recorded-or-robo": "Y", "city": "Rochester Hills", "state": "MI", "area-code": "248"}, {"id": "3decc6bfadaa436a105714c6ba4408ee", "number": "7733403519", "date": "2021-01-21 11:06:00", "subject": "1", "recorded-or-robo": "Y", "city": "", "state": "CA", "area-code": "310"}, {"id": "1d36742e3f24f50e4e7ae82801d9a1a2", "number": "7733403519", "date": "2021-01-21 11:06:00", "subject": "1", "recorded-or-robo": "Y", "city": "", "state": "CA", "area-code": "310"}, {"id": "3decc6bfadaa436a105714c6ba440810", "number": "5865719468", "date": "2021-01-23 15:37:00", "subject": "6", "recorded-or-robo": "Y", "city": "", "state": "MI", "area-code": "586"}, {"id": "1d36742e3f24f50e4e7ae82801d994e0", "number": "5865719468", "date": "2021-01-23 15:37:00", "subject": "6", "recorded-or-robo": "Y", "city": "", "state": "MI", "area-code": "586"}, {"id": "3decc6bfadaa436a105714c6ba43fc2e", "number": "", "date": "2021-01-23 17:40:00", "subject": "2", "recorded-or-robo": "Y", "city": "Newtown", "state": "CT", "area-code": "203"}, {"id": "1d36742e3f24f50e4e7ae82801d99340", "number": "", "date": "2021-01-23 17:40:00", "subject": "2", "recorded-or-robo": "Y", "city": "Newtown", "state": "CT", "area-code": "203"}, {"id": "3decc6bfadaa436a105714c6ba43f45b", "number": "5099936487", "date": "2021-01-23 14:20:00", "subject": "1", "recorded-or-robo": "Y", "city": "", "state": "WA", "area-code": "509"}, {"id": "1d36742e3f24f50e4e7ae82801d99092", "number": "5099936487", "date": "2021-01-23 14:20:00", "subject": "1", "recorded-or-robo": "Y", "city": "", "state": "WA", "area-code": "509"}, {"id": "3decc6bfadaa436a105714c6ba43ede7", "number": "3152073179", "date": "2021-01-11 14:15:00", "subject": "2", "recorded-or-robo": "Y", "city": "East Moriches", "state": "NY", "area-code": "631"}, {"id": "1d36742e3f24f50e4e7ae82801d9908b", "number": "3152073179", "date": "2021-01-11 14:15:00", "subject": "2", "recorded-or-robo": "Y", "city": "East Moriches", "state": "NY", "area-code": "631"}, {"id": "3decc6bfadaa436a105714c6ba7bf3fd", "number": "+12155734899", "date": "2021-01-23 17:48:17", "subject": "3", "recorded-or-robo": "N", "city": "", "state": "PA", "area-code": "215"}]}