{"data": [{"id": "1d36742e3f24f50e4e7ae82801c4024c", "number": "6028066519", "date": "2021-01-23 14:34:00", "subject": "1", "recorded-or-robo": "Y", "city": "Huntsville", "state": "AL", "area-code": "256"}, {"id": "3decc6bfadaa436a105714c6ba2cd24a", "number": "7278759734", "date": "2021-01-07 13:51:00", "subject": "2", "recorded-or-robo": "N", "city": "", "state": "FL", "area-code": "727"}, {"id": "1d36742e3f24f50e4e7ae82801c3f36e", "number": "7278759734", "date": "2021-01-07 13:51:00", "subject": "2", "recorded-or-robo": "N", "city": "", "state": "FL", "area-code": "727"}, {"id": "3decc6bfadaa436a105714c6ba2cc357", "number": "3152328257", "date": "2021-01-22 17:04:00", "subject": "2", "recorded-or-robo": "Y", "city": "St Louis", "state": "MO", "area-code": "314"}, {"id": "1d36742e3f24f50e4e7ae82801c3f224", "number": "3152328257", "date": "2021-01-22 17:04:00", "subject": "2", "recorded-or-robo": "Y", "city": "St Louis", "state": "MO", "area-code": "314"}, {"id": "3decc6bfadaa436a105714c6ba2cb71f", "number": "3035577235", "date": "2021-01-23 10:36:00", "subject": "2", "recorded-or-robo": "Y", "city": "", "state": "SD", "area-code": "605"}, {"id": "1d36742e3f24f50e4e7ae82801c3e968", "number": "3035577235", "date": "2021-01-23 10:36:00", "subject": "2", "recorded-or-robo": "Y", "city": "", "state": "SD", "area-code": "605"}, {"id": "3decc6bfadaa436a105714c6ba2cb5ef", "number": "3463885181", "date": "2021-01-22 10:45:00", "subject": "1", "recorded-or-robo": "Y", "city": "Colorado Springs", "state": "CO", "area-code": "719"}, {"id": "1d36742e3f24f50e4e7ae82801c3e441", "number": "3463885181", "date": "2021-01-22 10:45:00", "subject": "1", "recorded-or-robo": "Y", "city": "Colorado Springs", "state": "CO", "area-code": "719"}, {"id": "3decc6bfadaa436a105714c6ba2ca91a", "number": "37064517811", "date": "2021-01-23 14:33:00", "subject": "2", "recorded-or-robo": "Y", "city": "Janesville", "state": "WI", "area-code": "608"}, {"id": "1d36742e3f24f50e4e7ae82801c3db5f", "number": "37064517811", "date": "2021-01-23 14:33:00", "subject": "2", "recorded-or-robo": "Y", "city": "Janesville", "state": "WI", "area-code": "608"}, {"id": "3decc6bfadaa436a105714c6ba2c9ad4", "number": "4024475813", "date": "2021-01-09 11:59:00", "subject": "3", "recorded-or-robo": "", "city": "dewitt", "state": "NY", "area-code": "315"}, {"id": "1d36742e3f24f50e4e7ae82801c3cbba", "number": "4024475813", "date": "2021-01-09 11:59:00", "subject": "3", "recorded-or-robo": "", "city": "dewitt", "state": "NY", "area-code": "315"}, {"id": "3decc6bfadaa436a105714c6ba2c914d", "number": "7278024471", "date": "2021-01-08 15:21:00", "subject": "2", "recorded-or-robo": "N", "city": "", "state": "FL", "area-code": "727"}, {"id": "1d36742e3f24f50e4e7ae82801c3c903", "number": "7278024471", "date": "2021-01-08 15:21:00", "subject": "2", "recorded-or-robo": "N", "city": "", "state": "FL", "area-code": "727"}, {"id": "3decc6bfadaa436a105714c6ba2c8965", "number": "9142964702", "date": "2021-01-12 00:00:00", "subject": "4", "recorded-or-robo": "Y", "city": "Wappingers Falls", "state": "NY", "area-code": "914"}, {"id": "1d36742e3f24f50e4e7ae82801c3c1bb", "number": "9142964702", "date": "2021-01-12 00:00:00", "subject": "4", "recorded-or-robo": "Y", "city": "Wappingers Falls", "state": "NY", "area-code": "914"}, {"id": "3decc6bfadaa436a105714c6ba2c80bd", "number": "9165716016", "date": "2021-01-12 17:39:00", "subject": "0", "recorded-or-robo": "Y", "city": "", "state": "CA", "area-code": "657"}, {"id": "1d36742e3f24f50e4e7ae82801c3b597", "number": "9165716016", "date": "2021-01-12 17:39:00", "subject": "0", "recorded-or-robo": "Y", "city": "", "state": "CA", "area-code": "657"}, {"id": "3decc6bfadaa436a105714c6ba2c75fa", "number": "", "date": "2021-01-21 13:30:00", "subject": "1", "recorded-or-robo": "Y", "city": "Everett", "state": "WA", "area-code": "425"}, {"id": "1d36742e3f24f50e4e7ae82801c3b3f2", "number": "", "date": "2021-01-21 13:30:00", "subject": "1", "recorded-or-robo": "Y", "city": "Everett", "state": "WA", "area-code": "425"}, {"id": "3decc6bfadaa436a105714c6ba2c6a39", "number": "5867373265", "date": "2021-01-23 15:35:00", "subject": "0", "recorded-or-robo": "N", "city": "", "state": "MI", "area-code": "586"}, {"id": "1d36742e3f24f50e4e7ae82801c3a4a6", "number": "5867373265", "date": "2021-01-23 15:35:00", "subject": "0", "recorded-or-robo": "N", "city": "", "state": "MI", "area-code": "586"}, {"id": "3decc6bfadaa436a105714c6ba2c5ded", "number": "8557912471", "date": "2021-01-23 15:27:00", "subject": "2", "recorded-or-robo": "Y", "city": "Monroe", "state": "OH", "area-code": "513"}, {"id": "1d36742e3f24f50e4e7ae82801c39cef", "number": "8557912471", "date": "2021-01-23 15:27:00", "subject": "2", "recorded-or-robo": "Y", "city": "Monroe", "state": "OH", "area-code": "513"}, {"id": "3decc6bfadaa436a105714c6ba2c5971", "number": "8102044469", "date": "2021-01-19 14:55:00", "subject": "1", "recorded-or-robo": "Y", "city": "Virginia Bch", "state": "VA", "area-code": "757"}, {"id": "1d36742e3f24f50e4e7ae82801c39c9e", "number": "8102044469", "date": "2021-01-19 14:55:00", "subject": "1", "recorded-or-robo": "Y", "city": "Virginia Bch", "state": "VA", "area-code": "757"}, {"id": "3decc6bfadaa436a105714c6ba2c50e3", "number": "", "date": "2021-01-23 15:32:00", "subject": "11", "recorded-or-robo": "Y", "city": "Binghamton", "state": "NY", "area-code": "607"}, {"id": "3decc6bfadaa436a105714c6ba2c4101", "number": "7278365775", "date": "2021-01-14 13:38:00", "subject": "2", "recorded-or-robo": "N", "city": "", "state": "FL", "area-code": "727"}, {"id": "1d36742e3f24f50e4e7ae82801c39913", "number": "", "date": "2021-01-23 15:32:00", "subject": "11", "recorded-or-robo": "Y", "city": "Binghamton", "state": "NY", "area-code": "607"}, {"id": "1d36742e3f24f50e4e7ae82801c39510", "number": "7278365775", "date": "2021-01-14 13:38:00", "subject": "2", "recorded-or-robo": "N", "city": "", "state": "FL", "area-code": "727"}, {"id": "3decc6bfadaa436a105714c6ba2c3ccc", "number": "3152842339", "date": "2021-01-08 13:32:00", "subject": "3", "recorded-or-robo": "", "city": "dewitt", "state": "NY", "area-code": "315"}, {"id": "1d36742e3f24f50e4e7ae82801c38fc0", "number": "3152842339", "date": "2021-01-08 13:32:00", "subject": "3", "recorded-or-robo": "", "city": "dewitt", "state": "NY", "area-code": "315"}, {"id": "3decc6bfadaa436a105714c6ba76ebee", "number": "+17036935008", "date": "2021-01-23 15:46:33", "subject": "3", "recorded-or-robo": "N", "city": "", "state": "VA", "area-code": "703"}, {"id": "03e293b3df9e35eadf15c561190d5683", "number": "+17036935008", "date": "2021-01-23 15:46:33", "subject": "3", "recorded-or-robo": "N", "city": "", "state": "VA", "area-code": "703"}, {"id": "3decc6bfadaa436a105714c6ba2c390a", "number": "7066036019", "date": "2021-01-20 12:02:00", "subject": "4", "recorded-or-robo": "Y", "city": "Evans", "state": "GA", "area-code": "706"}, {"id": "1d36742e3f24f50e4e7ae82801c384fc", "number": "7066036019", "date": "2021-01-20 12:02:00", "subject": "4", "recorded-or-robo": "Y", "city": "Evans", "state": "GA", "area-code": "706"}, {"id": "3decc6bfadaa436a105714c6ba772431", "number": "+17813077125", "date": "2021-01-23 15:46:19", "subject": "3", "recorded-or-robo": "Y", "city": "", "state": "MA", "area-code": "781"}, {"id": "03e293b3df9e35eadf15c561190d8d7d", "number": "+17813077125", "date": "2021-01-23 15:46:19", "subject": "3", "recorded-or-robo": "Y", "city": "", "state": "MA", "area-code": "781"}, {"id": "3decc6bfadaa436a105714c6ba2c37bb", "number": "9148324262", "date": "2021-01-19 13:43:00", "subject": "4", "recorded-or-robo": "Y", "city": "Wappingers Falls", "state": "NY", "area-code": "914"}, {"id": "1d36742e3f24f50e4e7ae82801c38339", "number": "9148324262", "date": "2021-01-19 13:43:00", "subject": "4", "recorded-or-robo": "Y", "city": "Wappingers Falls", "state": "NY", "area-code": "914"}, {"id": "3decc6bfadaa436a105714c6ba2c37ab", "number": "3022625395", "date": "2021-01-20 12:13:00", "subject": "0", "recorded-or-robo": "", "city": "new castle", "state": "DE", "area-code": "302"}, {"id": "1d36742e3f24f50e4e7ae82801c379bf", "number": "3022625395", "date": "2021-01-20 12:13:00", "subject": "0", "recorded-or-robo": "", "city": "new castle", "state": "DE", "area-code": "302"}, {"id": "3decc6bfadaa436a105714c6ba2c2d9a", "number": "3854422175", "date": "2021-01-16 18:56:00", "subject": "2", "recorded-or-robo": "N", "city": "", "state": "FL", "area-code": "727"}, {"id": "1d36742e3f24f50e4e7ae82801c370f5", "number": "3854422175", "date": "2021-01-16 18:56:00", "subject": "2", "recorded-or-robo": "N", "city": "", "state": "FL", "area-code": "727"}, {"id": "3decc6bfadaa436a105714c6ba2c2636", "number": "37065003990", "date": "2021-01-23 14:42:00", "subject": "4", "recorded-or-robo": "Y", "city": "Janesville", "state": "WI", "area-code": "608"}, {"id": "1d36742e3f24f50e4e7ae82801c36e6e", "number": "37065003990", "date": "2021-01-23 14:42:00", "subject": "4", "recorded-or-robo": "Y", "city": "Janesville", "state": "WI", "area-code": "608"}, {"id": "3decc6bfadaa436a105714c6ba2c244b", "number": "7608180743", "date": "2021-01-11 18:07:00", "subject": "0", "recorded-or-robo": "Y", "city": "", "state": "CA", "area-code": "657"}, {"id": "1d36742e3f24f50e4e7ae82801c36638", "number": "7608180743", "date": "2021-01-11 18:07:00", "subject": "0", "recorded-or-robo": "Y", "city": "", "state": "CA", "area-code": "657"}, {"id": "3decc6bfadaa436a105714c6ba2c192b", "number": "4232051104", "date": "2021-01-19 14:44:00", "subject": "2", "recorded-or-robo": "Y", "city": "Waterloo", "state": "IA", "area-code": "319"}]}