{"data": [{"id": "1d36742e3f24f50e4e7ae8280172a7a9", "number": "7044318329", "date": "2021-01-23 10:29:00", "subject": "2", "recorded-or-robo": "Y", "city": "Charlotte", "state": "NC", "area-code": "704"}, {"id": "e81c9350d54f66c6d33b3747eedd5532", "number": "", "date": "2021-01-21 16:15:00", "subject": "1", "recorded-or-robo": "Y", "city": "Corpus Christi", "state": "TX", "area-code": "512"}, {"id": "1d36742e3f24f50e4e7ae82801729879", "number": "", "date": "2021-01-21 16:15:00", "subject": "1", "recorded-or-robo": "Y", "city": "Corpus Christi", "state": "TX", "area-code": "512"}, {"id": "e81c9350d54f66c6d33b3747eedd4ba4", "number": "2129999023", "date": "2021-01-23 08:22:00", "subject": "0", "recorded-or-robo": "Y", "city": "New York", "state": "NY", "area-code": "212"}, {"id": "1d36742e3f24f50e4e7ae82801728f03", "number": "2129999023", "date": "2021-01-23 08:22:00", "subject": "0", "recorded-or-robo": "Y", "city": "New York", "state": "NY", "area-code": "212"}, {"id": "e81c9350d54f66c6d33b3747eedd406d", "number": "7757665756", "date": "2021-01-23 00:00:00", "subject": "3", "recorded-or-robo": "Y", "city": "", "state": "MN", "area-code": "507"}, {"id": "1d36742e3f24f50e4e7ae82801728595", "number": "7757665756", "date": "2021-01-23 00:00:00", "subject": "3", "recorded-or-robo": "Y", "city": "", "state": "MN", "area-code": "507"}, {"id": "e81c9350d54f66c6d33b3747eedd3f65", "number": "7622094681", "date": "2021-01-23 10:25:00", "subject": "4", "recorded-or-robo": "Y", "city": "Dallas", "state": "GA", "area-code": "404"}, {"id": "1d36742e3f24f50e4e7ae82801727771", "number": "7622094681", "date": "2021-01-23 10:25:00", "subject": "4", "recorded-or-robo": "Y", "city": "Dallas", "state": "GA", "area-code": "404"}, {"id": "e81c9350d54f66c6d33b3747eedd1c7f", "number": "2176249883", "date": "2021-01-22 13:34:00", "subject": "3", "recorded-or-robo": "N", "city": "", "state": "IL", "area-code": "217"}, {"id": "1d36742e3f24f50e4e7ae82801724ff3", "number": "2176249883", "date": "2021-01-22 13:34:00", "subject": "3", "recorded-or-robo": "N", "city": "", "state": "IL", "area-code": "217"}, {"id": "e81c9350d54f66c6d33b3747eedd3326", "number": "6056080945", "date": "2021-01-23 08:25:00", "subject": "2", "recorded-or-robo": "", "city": "Rapid City", "state": "SD", "area-code": "605"}, {"id": "1d36742e3f24f50e4e7ae828017276b2", "number": "6056080945", "date": "2021-01-23 08:25:00", "subject": "2", "recorded-or-robo": "", "city": "Rapid City", "state": "SD", "area-code": "605"}, {"id": "e81c9350d54f66c6d33b3747eedd2d97", "number": "1310869325", "date": "2021-01-23 12:00:00", "subject": "2", "recorded-or-robo": "Y", "city": "Van Nuys", "state": "CA", "area-code": "310"}, {"id": "1d36742e3f24f50e4e7ae82801726931", "number": "1310869325", "date": "2021-01-23 12:00:00", "subject": "2", "recorded-or-robo": "Y", "city": "Van Nuys", "state": "CA", "area-code": "310"}, {"id": "e81c9350d54f66c6d33b3747eedd29a8", "number": "8034200947", "date": "2021-01-22 16:19:00", "subject": "2", "recorded-or-robo": "Y", "city": "", "state": "VT", "area-code": "802"}, {"id": "1d36742e3f24f50e4e7ae82801725c42", "number": "8034200947", "date": "2021-01-22 16:19:00", "subject": "2", "recorded-or-robo": "Y", "city": "", "state": "VT", "area-code": "802"}, {"id": "e81c9350d54f66c6d33b3747eedd1ed1", "number": "", "date": "2020-09-16 05:20:00", "subject": "2", "recorded-or-robo": "N", "city": "Ft. Worth", "state": "TX", "area-code": "817"}, {"id": "1d36742e3f24f50e4e7ae828017253b3", "number": "", "date": "2020-09-16 05:20:00", "subject": "2", "recorded-or-robo": "N", "city": "Ft. Worth", "state": "TX", "area-code": "817"}, {"id": "e81c9350d54f66c6d33b3747eedd12f9", "number": "8009229007", "date": "2021-01-17 10:31:00", "subject": "2", "recorded-or-robo": "Y", "city": "Avon Park", "state": "FL", "area-code": "863"}, {"id": "1d36742e3f24f50e4e7ae82801724468", "number": "8009229007", "date": "2021-01-17 10:31:00", "subject": "2", "recorded-or-robo": "Y", "city": "Avon Park", "state": "FL", "area-code": "863"}, {"id": "e81c9350d54f66c6d33b3747eedd12ca", "number": "9034733517", "date": "2021-01-23 09:25:00", "subject": "2", "recorded-or-robo": "Y", "city": "Kingston Springs", "state": "TN", "area-code": "615"}, {"id": "1d36742e3f24f50e4e7ae82801723b90", "number": "9034733517", "date": "2021-01-23 09:25:00", "subject": "2", "recorded-or-robo": "Y", "city": "Kingston Springs", "state": "TN", "area-code": "615"}, {"id": "e81c9350d54f66c6d33b3747eedd093f", "number": "3144824520", "date": "2021-01-22 17:05:00", "subject": "1", "recorded-or-robo": "Y", "city": "Saint Louis", "state": "MO", "area-code": "314"}, {"id": "1d36742e3f24f50e4e7ae82801722c84", "number": "3144824520", "date": "2021-01-22 17:05:00", "subject": "1", "recorded-or-robo": "Y", "city": "Saint Louis", "state": "MO", "area-code": "314"}, {"id": "e81c9350d54f66c6d33b3747eedd01ce", "number": "2698201", "date": "2021-01-22 16:05:00", "subject": "0", "recorded-or-robo": "Y", "city": "", "state": "FL", "area-code": "386"}, {"id": "1d36742e3f24f50e4e7ae82801721dc6", "number": "2698201", "date": "2021-01-22 16:05:00", "subject": "0", "recorded-or-robo": "Y", "city": "", "state": "FL", "area-code": "386"}, {"id": "e81c9350d54f66c6d33b3747eedcf92f", "number": "5074678260", "date": "2021-01-20 14:27:00", "subject": "11", "recorded-or-robo": "Y", "city": "", "state": "MA", "area-code": "508"}, {"id": "1d36742e3f24f50e4e7ae828017212a8", "number": "5074678260", "date": "2021-01-20 14:27:00", "subject": "11", "recorded-or-robo": "Y", "city": "", "state": "MA", "area-code": "508"}, {"id": "e81c9350d54f66c6d33b3747eedcecbf", "number": "6206172262", "date": "2021-01-22 15:50:00", "subject": "2", "recorded-or-robo": "Y", "city": "Great Bend", "state": "KS", "area-code": "620"}, {"id": "1d36742e3f24f50e4e7ae82801720a41", "number": "6206172262", "date": "2021-01-22 15:50:00", "subject": "2", "recorded-or-robo": "Y", "city": "Great Bend", "state": "KS", "area-code": "620"}, {"id": "e81c9350d54f66c6d33b3747eedce86d", "number": "4099793692", "date": "2021-01-22 12:00:00", "subject": "1", "recorded-or-robo": "Y", "city": "", "state": "TX", "area-code": "346"}, {"id": "1d36742e3f24f50e4e7ae8280171fb01", "number": "4099793692", "date": "2021-01-22 12:00:00", "subject": "1", "recorded-or-robo": "Y", "city": "", "state": "TX", "area-code": "346"}, {"id": "e81c9350d54f66c6d33b3747eedce7c2", "number": "8028785966", "date": "2021-01-20 13:30:00", "subject": "1", "recorded-or-robo": "Y", "city": "", "state": "VT", "area-code": "802"}, {"id": "e81c9350d54f66c6d33b3747eedcd0b2", "number": "8722192099", "date": "2021-01-22 12:33:00", "subject": "3", "recorded-or-robo": "N", "city": "", "state": "IL", "area-code": "217"}, {"id": "1d36742e3f24f50e4e7ae8280171fa45", "number": "8028785966", "date": "2021-01-20 13:30:00", "subject": "1", "recorded-or-robo": "Y", "city": "", "state": "VT", "area-code": "802"}, {"id": "1d36742e3f24f50e4e7ae8280171e8d0", "number": "8722192099", "date": "2021-01-22 12:33:00", "subject": "3", "recorded-or-robo": "N", "city": "", "state": "IL", "area-code": "217"}, {"id": "e81c9350d54f66c6d33b3747eedcdfba", "number": "2247883277", "date": "2021-01-23 09:23:00", "subject": "2", "recorded-or-robo": "Y", "city": "", "state": "IL", "area-code": "224"}, {"id": "1d36742e3f24f50e4e7ae8280171f9bc", "number": "2247883277", "date": "2021-01-23 09:23:00", "subject": "2", "recorded-or-robo": "Y", "city": "", "state": "IL", "area-code": "224"}, {"id": "e81c9350d54f66c6d33b3747eedcd165", "number": "", "date": "2021-01-23 00:00:00", "subject": "3", "recorded-or-robo": "", "city": "La Crosse", "state": "VA", "area-code": "434"}, {"id": "1d36742e3f24f50e4e7ae8280171eae6", "number": "", "date": "2021-01-23 00:00:00", "subject": "3", "recorded-or-robo": "", "city": "La Crosse", "state": "VA", "area-code": "434"}, {"id": "e81c9350d54f66c6d33b3747eedccec7", "number": "7242537082", "date": "2021-01-22 18:09:00", "subject": "1", "recorded-or-robo": "Y", "city": "Ellwood City", "state": "PA", "area-code": "724"}, {"id": "1d36742e3f24f50e4e7ae8280171dcfc", "number": "7242537082", "date": "2021-01-22 18:09:00", "subject": "1", "recorded-or-robo": "Y", "city": "Ellwood City", "state": "PA", "area-code": "724"}, {"id": "e81c9350d54f66c6d33b3747eedcbfca", "number": "6015832654", "date": "2021-01-19 10:56:00", "subject": "2", "recorded-or-robo": "Y", "city": "", "state": "VT", "area-code": "802"}, {"id": "1d36742e3f24f50e4e7ae8280171d433", "number": "6015832654", "date": "2021-01-19 10:56:00", "subject": "2", "recorded-or-robo": "Y", "city": "", "state": "VT", "area-code": "802"}, {"id": "e81c9350d54f66c6d33b3747eedcbdc4", "number": "2342075633", "date": "2021-01-23 09:58:00", "subject": "1", "recorded-or-robo": "N", "city": "CUYAHOGA FALLS", "state": "OH", "area-code": "330"}, {"id": "1d36742e3f24f50e4e7ae8280171d07d", "number": "2342075633", "date": "2021-01-23 09:58:00", "subject": "1", "recorded-or-robo": "N", "city": "CUYAHOGA FALLS", "state": "OH", "area-code": "330"}, {"id": "e81c9350d54f66c6d33b3747eedcb229", "number": "8662181451", "date": "2021-01-23 09:34:00", "subject": "0", "recorded-or-robo": "Y", "city": "", "state": "FL", "area-code": "386"}, {"id": "1d36742e3f24f50e4e7ae8280171c353", "number": "8662181451", "date": "2021-01-23 09:34:00", "subject": "0", "recorded-or-robo": "Y", "city": "", "state": "FL", "area-code": "386"}, {"id": "3decc6bfadaa436a105714c6ba575820", "number": "3048735435", "date": "2021-01-22 00:00:00", "subject": "3", "recorded-or-robo": "Y", "city": "", "state": "WV", "area-code": "304"}]}