{"data": [{"id": "1d36742e3f24f50e4e7ae82801c80728", "number": "8003313263", "date": "2021-01-23 11:15:00", "subject": "1", "recorded-or-robo": "N", "city": "", "state": "WA", "area-code": "360"}, {"id": "3decc6bfadaa436a105714c6ba311a85", "number": "2149837725", "date": "2021-01-23 12:48:00", "subject": "4", "recorded-or-robo": "Y", "city": "Plano", "state": "TX", "area-code": "214"}, {"id": "1d36742e3f24f50e4e7ae82801c7fc13", "number": "2149837725", "date": "2021-01-23 12:48:00", "subject": "4", "recorded-or-robo": "Y", "city": "Plano", "state": "TX", "area-code": "214"}, {"id": "3decc6bfadaa436a105714c6ba310ff0", "number": "3144343950", "date": "2021-01-23 13:03:00", "subject": "1", "recorded-or-robo": "Y", "city": "SAINT LOUIS", "state": "MO", "area-code": "866"}, {"id": "1d36742e3f24f50e4e7ae82801c7fa18", "number": "3144343950", "date": "2021-01-23 13:03:00", "subject": "1", "recorded-or-robo": "Y", "city": "SAINT LOUIS", "state": "MO", "area-code": "866"}, {"id": "3decc6bfadaa436a105714c6ba310e1c", "number": "3159512826", "date": "2021-01-12 17:59:00", "subject": "3", "recorded-or-robo": "", "city": "dewitt", "state": "NY", "area-code": "315"}, {"id": "1d36742e3f24f50e4e7ae82801c7f036", "number": "3159512826", "date": "2021-01-12 17:59:00", "subject": "3", "recorded-or-robo": "", "city": "dewitt", "state": "NY", "area-code": "315"}, {"id": "3decc6bfadaa436a105714c6ba3104e2", "number": "2157614170", "date": "2021-01-23 15:52:00", "subject": "2", "recorded-or-robo": "Y", "city": "Croydon", "state": "PA", "area-code": "215"}, {"id": "1d36742e3f24f50e4e7ae82801c7ec23", "number": "2157614170", "date": "2021-01-23 15:52:00", "subject": "2", "recorded-or-robo": "Y", "city": "Croydon", "state": "PA", "area-code": "215"}, {"id": "3decc6bfadaa436a105714c6ba30fe52", "number": "8778189173", "date": "2021-01-22 10:45:00", "subject": "2", "recorded-or-robo": "Y", "city": "Alabaster", "state": "AL", "area-code": "205"}, {"id": "1d36742e3f24f50e4e7ae82801c7e459", "number": "8778189173", "date": "2021-01-22 10:45:00", "subject": "2", "recorded-or-robo": "Y", "city": "Alabaster", "state": "AL", "area-code": "205"}, {"id": "3decc6bfadaa436a105714c6ba30f42a", "number": "7739068699", "date": "2021-01-22 09:00:00", "subject": "0", "recorded-or-robo": "", "city": "", "state": "IL", "area-code": "773"}, {"id": "1d36742e3f24f50e4e7ae82801c7d896", "number": "7739068699", "date": "2021-01-22 09:00:00", "subject": "0", "recorded-or-robo": "", "city": "", "state": "IL", "area-code": "773"}, {"id": "3decc6bfadaa436a105714c6ba777d60", "number": "7198005944", "date": "2021-01-23 16:04:08", "subject": "3", "recorded-or-robo": "Y", "city": "", "state": "TX", "area-code": "956"}, {"id": "03e293b3df9e35eadf15c561190deb7e", "number": "7198005944", "date": "2021-01-23 16:04:08", "subject": "3", "recorded-or-robo": "Y", "city": "", "state": "TX", "area-code": "956"}, {"id": "3decc6bfadaa436a105714c6ba30f3b0", "number": "381262193262", "date": "2021-01-22 10:12:00", "subject": "2", "recorded-or-robo": "Y", "city": "Waterloo", "state": "IA", "area-code": "319"}, {"id": "1d36742e3f24f50e4e7ae82801c7c922", "number": "381262193262", "date": "2021-01-22 10:12:00", "subject": "2", "recorded-or-robo": "Y", "city": "Waterloo", "state": "IA", "area-code": "319"}, {"id": "3decc6bfadaa436a105714c6ba30e8d5", "number": "4233496416", "date": "2021-01-23 15:58:00", "subject": "6", "recorded-or-robo": "Y", "city": "Chuckey", "state": "TN", "area-code": "423"}, {"id": "1d36742e3f24f50e4e7ae82801c7c6af", "number": "4233496416", "date": "2021-01-23 15:58:00", "subject": "6", "recorded-or-robo": "Y", "city": "Chuckey", "state": "TN", "area-code": "423"}, {"id": "3decc6bfadaa436a105714c6ba30e72d", "number": "", "date": "2021-01-23 15:56:00", "subject": "1", "recorded-or-robo": "Y", "city": "", "state": "MO", "area-code": "314"}, {"id": "1d36742e3f24f50e4e7ae82801c7c140", "number": "", "date": "2021-01-23 15:56:00", "subject": "1", "recorded-or-robo": "Y", "city": "", "state": "MO", "area-code": "314"}, {"id": "3decc6bfadaa436a105714c6ba30def8", "number": "2058826927", "date": "2021-01-22 15:13:00", "subject": "2", "recorded-or-robo": "Y", "city": "Alabaster", "state": "AL", "area-code": "205"}, {"id": "1d36742e3f24f50e4e7ae82801c7bbbf", "number": "2058826927", "date": "2021-01-22 15:13:00", "subject": "2", "recorded-or-robo": "Y", "city": "Alabaster", "state": "AL", "area-code": "205"}, {"id": "3decc6bfadaa436a105714c6ba30d974", "number": "2029214907", "date": "2021-01-23 16:00:00", "subject": "3", "recorded-or-robo": "N", "city": "", "state": "WV", "area-code": "304"}, {"id": "1d36742e3f24f50e4e7ae82801c7b9c7", "number": "2029214907", "date": "2021-01-23 16:00:00", "subject": "3", "recorded-or-robo": "N", "city": "", "state": "WV", "area-code": "304"}, {"id": "3decc6bfadaa436a105714c6ba7775e8", "number": "+12163926543", "date": "2021-01-23 16:03:17", "subject": "3", "recorded-or-robo": "Y", "city": "", "state": "OH", "area-code": "216"}, {"id": "03e293b3df9e35eadf15c561190de49c", "number": "+12163926543", "date": "2021-01-23 16:03:17", "subject": "3", "recorded-or-robo": "Y", "city": "", "state": "OH", "area-code": "216"}, {"id": "3decc6bfadaa436a105714c6ba30d347", "number": "3175205175", "date": "2021-01-23 12:54:00", "subject": "2", "recorded-or-robo": "Y", "city": "", "state": "OR", "area-code": "541"}, {"id": "1d36742e3f24f50e4e7ae82801c7b0cf", "number": "3175205175", "date": "2021-01-23 12:54:00", "subject": "2", "recorded-or-robo": "Y", "city": "", "state": "OR", "area-code": "541"}, {"id": "3decc6bfadaa436a105714c6ba30d08c", "number": "3144496505", "date": "2021-01-22 12:00:00", "subject": "2", "recorded-or-robo": "Y", "city": "St. Louis", "state": "MO", "area-code": "314"}, {"id": "1d36742e3f24f50e4e7ae82801c7ac2b", "number": "3144496505", "date": "2021-01-22 12:00:00", "subject": "2", "recorded-or-robo": "Y", "city": "St. Louis", "state": "MO", "area-code": "314"}, {"id": "3decc6bfadaa436a105714c6ba30c7fb", "number": "3155242873", "date": "2021-01-12 17:42:00", "subject": "3", "recorded-or-robo": "", "city": "dewitt", "state": "NY", "area-code": "315"}, {"id": "1d36742e3f24f50e4e7ae82801c7a7f4", "number": "3155242873", "date": "2021-01-12 17:42:00", "subject": "3", "recorded-or-robo": "", "city": "dewitt", "state": "NY", "area-code": "315"}, {"id": "3decc6bfadaa436a105714c6ba30c3c4", "number": "8706704656", "date": "2021-01-23 00:00:00", "subject": "0", "recorded-or-robo": "Y", "city": "Horseshoe Bend", "state": "AR", "area-code": "870"}, {"id": "1d36742e3f24f50e4e7ae82801c7a5f0", "number": "8706704656", "date": "2021-01-23 00:00:00", "subject": "0", "recorded-or-robo": "Y", "city": "Horseshoe Bend", "state": "AR", "area-code": "870"}, {"id": "3decc6bfadaa436a105714c6ba30b3eb", "number": "3143552243", "date": "2021-01-23 14:46:00", "subject": "1", "recorded-or-robo": "Y", "city": "Silex", "state": "MO", "area-code": "314"}, {"id": "3decc6bfadaa436a105714c6ba30ab7b", "number": "4093928175", "date": "2021-01-23 15:00:00", "subject": "11", "recorded-or-robo": "Y", "city": "galveston", "state": "TX", "area-code": "409"}, {"id": "3decc6bfadaa436a105714c6ba30a3e7", "number": "37065003847", "date": "2021-01-22 21:10:00", "subject": "2", "recorded-or-robo": "Y", "city": "Janesville", "state": "WI", "area-code": "608"}, {"id": "1d36742e3f24f50e4e7ae82801c7965f", "number": "3143552243", "date": "2021-01-23 14:46:00", "subject": "1", "recorded-or-robo": "Y", "city": "Silex", "state": "MO", "area-code": "314"}, {"id": "1d36742e3f24f50e4e7ae82801c78b06", "number": "4093928175", "date": "2021-01-23 15:00:00", "subject": "11", "recorded-or-robo": "Y", "city": "galveston", "state": "TX", "area-code": "409"}, {"id": "1d36742e3f24f50e4e7ae82801c7891c", "number": "37065003847", "date": "2021-01-22 21:10:00", "subject": "2", "recorded-or-robo": "Y", "city": "Janesville", "state": "WI", "area-code": "608"}, {"id": "3decc6bfadaa436a105714c6ba309464", "number": "8887463423", "date": "2021-01-23 15:45:00", "subject": "1", "recorded-or-robo": "Y", "city": "Young Harris", "state": "GA", "area-code": "706"}, {"id": "1d36742e3f24f50e4e7ae82801c78792", "number": "8887463423", "date": "2021-01-23 15:45:00", "subject": "1", "recorded-or-robo": "Y", "city": "Young Harris", "state": "GA", "area-code": "706"}, {"id": "3decc6bfadaa436a105714c6ba30860e", "number": "2512108018", "date": "2021-01-23 11:38:00", "subject": "0", "recorded-or-robo": "Y", "city": "Russellville", "state": "AL", "area-code": "256"}, {"id": "1d36742e3f24f50e4e7ae82801c78240", "number": "2512108018", "date": "2021-01-23 11:38:00", "subject": "0", "recorded-or-robo": "Y", "city": "Russellville", "state": "AL", "area-code": "256"}, {"id": "3decc6bfadaa436a105714c6ba307b39", "number": "1905524201225", "date": "2021-01-22 05:58:00", "subject": "2", "recorded-or-robo": "Y", "city": "Waterloo", "state": "IA", "area-code": "319"}, {"id": "1d36742e3f24f50e4e7ae82801c77e0a", "number": "1905524201225", "date": "2021-01-22 05:58:00", "subject": "2", "recorded-or-robo": "Y", "city": "Waterloo", "state": "IA", "area-code": "319"}, {"id": "3decc6bfadaa436a105714c6ba307a8d", "number": "3018843205", "date": "2021-01-22 16:40:00", "subject": "1", "recorded-or-robo": "Y", "city": "CLINTON", "state": "MD", "area-code": "301"}, {"id": "1d36742e3f24f50e4e7ae82801c77566", "number": "3018843205", "date": "2021-01-22 16:40:00", "subject": "1", "recorded-or-robo": "Y", "city": "CLINTON", "state": "MD", "area-code": "301"}, {"id": "3decc6bfadaa436a105714c6ba30725a", "number": "5182274260", "date": "2021-01-23 15:25:00", "subject": "2", "recorded-or-robo": "N", "city": "Rensselaer", "state": "NY", "area-code": "518"}]}