{"data": [{"id": "1d36742e3f24f50e4e7ae82801c2cfb9", "number": "6077651111", "date": "2021-01-23 12:27:00", "subject": "2", "recorded-or-robo": "Y", "city": "Binghamton", "state": "NY", "area-code": "607"}, {"id": "3decc6bfadaa436a105714c6ba2b7bc5", "number": "2157708741", "date": "2021-01-19 14:42:00", "subject": "2", "recorded-or-robo": "Y", "city": "Waterloo", "state": "IA", "area-code": "319"}, {"id": "3decc6bfadaa436a105714c6ba2b0623", "number": "2525445492", "date": "2021-01-23 15:30:00", "subject": "3", "recorded-or-robo": "N", "city": "", "state": "NC", "area-code": "252"}, {"id": "1d36742e3f24f50e4e7ae82801c2c0cc", "number": "2157708741", "date": "2021-01-19 14:42:00", "subject": "2", "recorded-or-robo": "Y", "city": "Waterloo", "state": "IA", "area-code": "319"}, {"id": "1d36742e3f24f50e4e7ae82801c27bbb", "number": "2525445492", "date": "2021-01-23 15:30:00", "subject": "3", "recorded-or-robo": "N", "city": "", "state": "NC", "area-code": "252"}, {"id": "3decc6bfadaa436a105714c6ba2b742a", "number": "3706500341", "date": "2021-01-23 14:41:00", "subject": "2", "recorded-or-robo": "Y", "city": "", "state": "IA", "area-code": "515"}, {"id": "3decc6bfadaa436a105714c6ba2b6577", "number": "3145524917", "date": "2021-01-23 14:19:00", "subject": "1", "recorded-or-robo": "Y", "city": "Omaha", "state": "NE", "area-code": "314"}, {"id": "1d36742e3f24f50e4e7ae82801c2be38", "number": "3706500341", "date": "2021-01-23 14:41:00", "subject": "2", "recorded-or-robo": "Y", "city": "", "state": "IA", "area-code": "515"}, {"id": "1d36742e3f24f50e4e7ae82801c2ba9d", "number": "3145524917", "date": "2021-01-23 14:19:00", "subject": "1", "recorded-or-robo": "Y", "city": "Omaha", "state": "NE", "area-code": "314"}, {"id": "3decc6bfadaa436a105714c6ba2b5b7e", "number": "5417256327", "date": "2021-01-20 18:29:00", "subject": "2", "recorded-or-robo": "Y", "city": "Albany", "state": "OR", "area-code": "541"}, {"id": "1d36742e3f24f50e4e7ae82801c2b0a3", "number": "5417256327", "date": "2021-01-20 18:29:00", "subject": "2", "recorded-or-robo": "Y", "city": "Albany", "state": "OR", "area-code": "541"}, {"id": "3decc6bfadaa436a105714c6ba2b4c77", "number": "7576598992", "date": "2021-01-19 10:09:00", "subject": "2", "recorded-or-robo": "Y", "city": "Virginia Bch", "state": "VA", "area-code": "757"}, {"id": "1d36742e3f24f50e4e7ae82801c2ae25", "number": "7576598992", "date": "2021-01-19 10:09:00", "subject": "2", "recorded-or-robo": "Y", "city": "Virginia Bch", "state": "VA", "area-code": "757"}, {"id": "3decc6bfadaa436a105714c6ba76f757", "number": "2392459804", "date": "2021-01-23 15:43:03", "subject": "3", "recorded-or-robo": "N", "city": "", "state": "FL", "area-code": "239"}, {"id": "03e293b3df9e35eadf15c561190d6338", "number": "2392459804", "date": "2021-01-23 15:43:03", "subject": "3", "recorded-or-robo": "N", "city": "", "state": "FL", "area-code": "239"}, {"id": "3decc6bfadaa436a105714c6ba2b46a4", "number": "4058772478", "date": "2021-01-19 20:14:00", "subject": "2", "recorded-or-robo": "N", "city": "", "state": "FL", "area-code": "727"}, {"id": "1d36742e3f24f50e4e7ae82801c2a8db", "number": "4058772478", "date": "2021-01-19 20:14:00", "subject": "2", "recorded-or-robo": "N", "city": "", "state": "FL", "area-code": "727"}, {"id": "3decc6bfadaa436a105714c6ba2b3d18", "number": "7069271330", "date": "2021-01-15 10:59:00", "subject": "4", "recorded-or-robo": "Y", "city": "Evans", "state": "GA", "area-code": "706"}, {"id": "1d36742e3f24f50e4e7ae82801c29ea5", "number": "7069271330", "date": "2021-01-15 10:59:00", "subject": "4", "recorded-or-robo": "Y", "city": "Evans", "state": "GA", "area-code": "706"}, {"id": "3decc6bfadaa436a105714c6ba2b3201", "number": "5626325107", "date": "2021-01-23 03:38:00", "subject": "0", "recorded-or-robo": "N", "city": "Fernandina Beack", "state": "FL", "area-code": "561"}, {"id": "3decc6bfadaa436a105714c6ba2b252d", "number": "8559082525", "date": "2021-01-23 12:58:00", "subject": "6", "recorded-or-robo": "Y", "city": "Los Alamos", "state": "NM", "area-code": "505"}, {"id": "1d36742e3f24f50e4e7ae82801c29851", "number": "5626325107", "date": "2021-01-23 03:38:00", "subject": "0", "recorded-or-robo": "N", "city": "Fernandina Beack", "state": "FL", "area-code": "561"}, {"id": "1d36742e3f24f50e4e7ae82801c28e6f", "number": "8559082525", "date": "2021-01-23 12:58:00", "subject": "6", "recorded-or-robo": "Y", "city": "Los Alamos", "state": "NM", "area-code": "505"}, {"id": "3decc6bfadaa436a105714c6ba2b1dee", "number": "3145522463", "date": "2021-01-23 14:06:00", "subject": "1", "recorded-or-robo": "Y", "city": "Omaha", "state": "NE", "area-code": "314"}, {"id": "1d36742e3f24f50e4e7ae82801c285d6", "number": "3145522463", "date": "2021-01-23 14:06:00", "subject": "1", "recorded-or-robo": "Y", "city": "Omaha", "state": "NE", "area-code": "314"}, {"id": "3decc6bfadaa436a105714c6ba2b14b9", "number": "5413956213", "date": "2021-01-22 08:56:00", "subject": "2", "recorded-or-robo": "Y", "city": "Albany", "state": "OR", "area-code": "541"}, {"id": "1d36742e3f24f50e4e7ae82801c27c43", "number": "5413956213", "date": "2021-01-22 08:56:00", "subject": "2", "recorded-or-robo": "Y", "city": "Albany", "state": "OR", "area-code": "541"}, {"id": "3decc6bfadaa436a105714c6ba2afe54", "number": "8156346268", "date": "2021-01-20 13:21:00", "subject": "2", "recorded-or-robo": "N", "city": "", "state": "FL", "area-code": "727"}, {"id": "1d36742e3f24f50e4e7ae82801c26cb7", "number": "8156346268", "date": "2021-01-20 13:21:00", "subject": "2", "recorded-or-robo": "N", "city": "", "state": "FL", "area-code": "727"}, {"id": "3decc6bfadaa436a105714c6ba2aef95", "number": "2173686102", "date": "2021-01-23 12:46:00", "subject": "3", "recorded-or-robo": "N", "city": "", "state": "IL", "area-code": "847"}, {"id": "1d36742e3f24f50e4e7ae82801c25d60", "number": "2173686102", "date": "2021-01-23 12:46:00", "subject": "3", "recorded-or-robo": "N", "city": "", "state": "IL", "area-code": "847"}, {"id": "3decc6bfadaa436a105714c6ba2aeef9", "number": "7704959909", "date": "2021-01-23 15:33:00", "subject": "2", "recorded-or-robo": "N", "city": "", "state": "GA", "area-code": "770"}, {"id": "1d36742e3f24f50e4e7ae82801c24d89", "number": "7704959909", "date": "2021-01-23 15:33:00", "subject": "2", "recorded-or-robo": "N", "city": "", "state": "GA", "area-code": "770"}, {"id": "3decc6bfadaa436a105714c6ba2aeeae", "number": "5419442494", "date": "2021-01-22 14:29:00", "subject": "2", "recorded-or-robo": "Y", "city": "Albany", "state": "OR", "area-code": "541"}, {"id": "1d36742e3f24f50e4e7ae82801c24190", "number": "5419442494", "date": "2021-01-22 14:29:00", "subject": "2", "recorded-or-robo": "Y", "city": "Albany", "state": "OR", "area-code": "541"}, {"id": "3decc6bfadaa436a105714c6ba2aee91", "number": "5418462048", "date": "2021-01-23 10:45:00", "subject": "3", "recorded-or-robo": "Y", "city": "SACRAMENTO", "state": "CA", "area-code": "916"}, {"id": "1d36742e3f24f50e4e7ae82801c23414", "number": "5418462048", "date": "2021-01-23 10:45:00", "subject": "3", "recorded-or-robo": "Y", "city": "SACRAMENTO", "state": "CA", "area-code": "916"}, {"id": "3decc6bfadaa436a105714c6ba2ae267", "number": "9417778518", "date": "2021-01-21 10:38:00", "subject": "2", "recorded-or-robo": "N", "city": "", "state": "FL", "area-code": "727"}, {"id": "1d36742e3f24f50e4e7ae82801c23140", "number": "9417778518", "date": "2021-01-21 10:38:00", "subject": "2", "recorded-or-robo": "N", "city": "", "state": "FL", "area-code": "727"}, {"id": "3decc6bfadaa436a105714c6ba2ad77d", "number": "", "date": "2021-01-23 12:00:00", "subject": "2", "recorded-or-robo": "Y", "city": "", "state": "CA", "area-code": "925"}, {"id": "1d36742e3f24f50e4e7ae82801c224f4", "number": "", "date": "2021-01-23 12:00:00", "subject": "2", "recorded-or-robo": "Y", "city": "", "state": "CA", "area-code": "925"}, {"id": "3decc6bfadaa436a105714c6ba2aca78", "number": "5405720107", "date": "2021-01-23 12:25:00", "subject": "2", "recorded-or-robo": "N", "city": "", "state": "OR", "area-code": "503"}, {"id": "3decc6bfadaa436a105714c6ba2abae4", "number": "9133487468", "date": "2021-01-19 14:41:00", "subject": "2", "recorded-or-robo": "Y", "city": "Waterloo", "state": "IA", "area-code": "319"}, {"id": "1d36742e3f24f50e4e7ae82801c21510", "number": "5405720107", "date": "2021-01-23 12:25:00", "subject": "2", "recorded-or-robo": "N", "city": "", "state": "OR", "area-code": "503"}, {"id": "1d36742e3f24f50e4e7ae82801c21372", "number": "9133487468", "date": "2021-01-19 14:41:00", "subject": "2", "recorded-or-robo": "Y", "city": "Waterloo", "state": "IA", "area-code": "319"}, {"id": "3decc6bfadaa436a105714c6ba2ab029", "number": "7278203758", "date": "2021-01-22 10:01:00", "subject": "2", "recorded-or-robo": "N", "city": "", "state": "FL", "area-code": "727"}, {"id": "3decc6bfadaa436a105714c6ba2aaa2c", "number": "5035675628", "date": "2021-01-23 11:13:00", "subject": "2", "recorded-or-robo": "Y", "city": "Albany", "state": "OR", "area-code": "541"}, {"id": "1d36742e3f24f50e4e7ae82801c2131c", "number": "7278203758", "date": "2021-01-22 10:01:00", "subject": "2", "recorded-or-robo": "N", "city": "", "state": "FL", "area-code": "727"}, {"id": "1d36742e3f24f50e4e7ae82801c203b1", "number": "5035675628", "date": "2021-01-23 11:13:00", "subject": "2", "recorded-or-robo": "Y", "city": "Albany", "state": "OR", "area-code": "541"}, {"id": "3decc6bfadaa436a105714c6ba2aa81e", "number": "5418462048", "date": "2021-01-23 09:43:00", "subject": "0", "recorded-or-robo": "Y", "city": "SACRAMENTO", "state": "CA", "area-code": "916"}]}