{"data": [{"id": "1d36742e3f24f50e4e7ae82801edd122", "number": "3048735435", "date": "2021-01-22 00:00:00", "subject": "3", "recorded-or-robo": "Y", "city": "", "state": "WV", "area-code": "304"}, {"id": "e81c9350d54f66c6d33b3747eedc98cb", "number": "2173022997", "date": "2021-01-22 11:16:00", "subject": "3", "recorded-or-robo": "N", "city": "", "state": "IL", "area-code": "217"}, {"id": "1d36742e3f24f50e4e7ae8280171b877", "number": "2173022997", "date": "2021-01-22 11:16:00", "subject": "3", "recorded-or-robo": "N", "city": "", "state": "IL", "area-code": "217"}, {"id": "e81c9350d54f66c6d33b3747eedca7c5", "number": "6206171589", "date": "2021-01-22 15:05:00", "subject": "2", "recorded-or-robo": "Y", "city": "Great Bend", "state": "KS", "area-code": "620"}, {"id": "1d36742e3f24f50e4e7ae8280171c08f", "number": "6206171589", "date": "2021-01-22 15:05:00", "subject": "2", "recorded-or-robo": "Y", "city": "Great Bend", "state": "KS", "area-code": "620"}, {"id": "e81c9350d54f66c6d33b3747eedc9384", "number": "3155074435", "date": "2021-01-23 10:21:00", "subject": "2", "recorded-or-robo": "Y", "city": "", "state": "NY", "area-code": "315"}, {"id": "1d36742e3f24f50e4e7ae8280171b5f8", "number": "3155074435", "date": "2021-01-23 10:21:00", "subject": "2", "recorded-or-robo": "Y", "city": "", "state": "NY", "area-code": "315"}, {"id": "e81c9350d54f66c6d33b3747eedc887a", "number": "2489635766", "date": "2021-01-23 10:10:00", "subject": "0", "recorded-or-robo": "Y", "city": "Midland", "state": "MI", "area-code": "248"}, {"id": "1d36742e3f24f50e4e7ae8280171b4bd", "number": "2489635766", "date": "2021-01-23 10:10:00", "subject": "0", "recorded-or-robo": "Y", "city": "Midland", "state": "MI", "area-code": "248"}, {"id": "e81c9350d54f66c6d33b3747eedc7e27", "number": "7344733031", "date": "2021-01-15 17:24:00", "subject": "2", "recorded-or-robo": "Y", "city": "", "state": "VT", "area-code": "802"}, {"id": "1d36742e3f24f50e4e7ae8280171b100", "number": "7344733031", "date": "2021-01-15 17:24:00", "subject": "2", "recorded-or-robo": "Y", "city": "", "state": "VT", "area-code": "802"}, {"id": "e81c9350d54f66c6d33b3747eedc75e2", "number": "8179628383", "date": "2021-01-22 09:29:00", "subject": "1", "recorded-or-robo": "Y", "city": "", "state": "TX", "area-code": "915"}, {"id": "1d36742e3f24f50e4e7ae8280171a150", "number": "8179628383", "date": "2021-01-22 09:29:00", "subject": "1", "recorded-or-robo": "Y", "city": "", "state": "TX", "area-code": "915"}, {"id": "e81c9350d54f66c6d33b3747eedc671f", "number": "7322446724", "date": "2021-01-22 16:01:00", "subject": "0", "recorded-or-robo": "", "city": "", "state": "NJ", "area-code": "732"}, {"id": "1d36742e3f24f50e4e7ae8280171a047", "number": "7322446724", "date": "2021-01-22 16:01:00", "subject": "0", "recorded-or-robo": "", "city": "", "state": "NJ", "area-code": "732"}, {"id": "e81c9350d54f66c6d33b3747eedc63c8", "number": "3056396139", "date": "2021-01-21 18:24:00", "subject": "4", "recorded-or-robo": "Y", "city": "", "state": "FL", "area-code": "561"}, {"id": "1d36742e3f24f50e4e7ae82801719ec9", "number": "3056396139", "date": "2021-01-21 18:24:00", "subject": "4", "recorded-or-robo": "Y", "city": "", "state": "FL", "area-code": "561"}, {"id": "e81c9350d54f66c6d33b3747eedc5e11", "number": "", "date": "2021-01-23 09:09:00", "subject": "2", "recorded-or-robo": "N", "city": "Revere", "state": "MA", "area-code": "781"}, {"id": "1d36742e3f24f50e4e7ae82801719bea", "number": "", "date": "2021-01-23 09:09:00", "subject": "2", "recorded-or-robo": "N", "city": "Revere", "state": "MA", "area-code": "781"}, {"id": "e81c9350d54f66c6d33b3747eedc5066", "number": "6010624362", "date": "2021-01-16 11:17:00", "subject": "2", "recorded-or-robo": "Y", "city": "", "state": "VT", "area-code": "802"}, {"id": "1d36742e3f24f50e4e7ae82801719084", "number": "6010624362", "date": "2021-01-16 11:17:00", "subject": "2", "recorded-or-robo": "Y", "city": "", "state": "VT", "area-code": "802"}, {"id": "3decc6bfadaa436a105714c6ba575084", "number": "3044960416", "date": "2021-01-22 00:00:00", "subject": "3", "recorded-or-robo": "Y", "city": "", "state": "WV", "area-code": "304"}, {"id": "1d36742e3f24f50e4e7ae82801edc9ba", "number": "3044960416", "date": "2021-01-22 00:00:00", "subject": "3", "recorded-or-robo": "Y", "city": "", "state": "WV", "area-code": "304"}, {"id": "e81c9350d54f66c6d33b3747eedc4e95", "number": "9087294395", "date": "2021-01-22 21:03:00", "subject": "0", "recorded-or-robo": "", "city": "", "state": "NJ", "area-code": "732"}, {"id": "1d36742e3f24f50e4e7ae82801718eaf", "number": "9087294395", "date": "2021-01-22 21:03:00", "subject": "0", "recorded-or-robo": "", "city": "", "state": "NJ", "area-code": "732"}, {"id": "e81c9350d54f66c6d33b3747eedc4d7b", "number": "2232060056", "date": "2021-01-22 20:30:00", "subject": "2", "recorded-or-robo": "Y", "city": "MECHANICSBURG", "state": "PA", "area-code": "717"}, {"id": "1d36742e3f24f50e4e7ae828017185f4", "number": "2232060056", "date": "2021-01-22 20:30:00", "subject": "2", "recorded-or-robo": "Y", "city": "MECHANICSBURG", "state": "PA", "area-code": "717"}, {"id": "e81c9350d54f66c6d33b3747eedc481d", "number": "2053410096", "date": "2021-01-23 09:21:00", "subject": "6", "recorded-or-robo": "Y", "city": "", "state": "AL", "area-code": "205"}, {"id": "1d36742e3f24f50e4e7ae828017176ca", "number": "2053410096", "date": "2021-01-23 09:21:00", "subject": "6", "recorded-or-robo": "Y", "city": "", "state": "AL", "area-code": "205"}, {"id": "e81c9350d54f66c6d33b3747eedc3daa", "number": "2164306689", "date": "2021-01-23 10:09:00", "subject": "4", "recorded-or-robo": "Y", "city": "Twinsburg", "state": "OH", "area-code": "216"}, {"id": "e81c9350d54f66c6d33b3747eedc33c8", "number": "7322498972", "date": "2021-01-22 13:40:00", "subject": "6", "recorded-or-robo": "N", "city": "", "state": "NJ", "area-code": "732"}, {"id": "1d36742e3f24f50e4e7ae82801716f48", "number": "2164306689", "date": "2021-01-23 10:09:00", "subject": "4", "recorded-or-robo": "Y", "city": "Twinsburg", "state": "OH", "area-code": "216"}, {"id": "1d36742e3f24f50e4e7ae8280171688c", "number": "7322498972", "date": "2021-01-22 13:40:00", "subject": "6", "recorded-or-robo": "N", "city": "", "state": "NJ", "area-code": "732"}, {"id": "e81c9350d54f66c6d33b3747eedc2f6b", "number": "9897412680", "date": "2021-01-22 16:35:00", "subject": "2", "recorded-or-robo": "Y", "city": "", "state": "MI", "area-code": "989"}, {"id": "1d36742e3f24f50e4e7ae82801716161", "number": "9897412680", "date": "2021-01-22 16:35:00", "subject": "2", "recorded-or-robo": "Y", "city": "", "state": "MI", "area-code": "989"}, {"id": "e81c9350d54f66c6d33b3747eedc2ce2", "number": "7344799170", "date": "2021-01-15 16:00:00", "subject": "2", "recorded-or-robo": "Y", "city": "", "state": "VT", "area-code": "802"}, {"id": "1d36742e3f24f50e4e7ae8280171576f", "number": "7344799170", "date": "2021-01-15 16:00:00", "subject": "2", "recorded-or-robo": "Y", "city": "", "state": "VT", "area-code": "802"}, {"id": "e81c9350d54f66c6d33b3747eedc262c", "number": "8122993113", "date": "2021-01-23 00:00:00", "subject": "2", "recorded-or-robo": "Y", "city": "Minneapolis", "state": "MN", "area-code": "612"}, {"id": "1d36742e3f24f50e4e7ae82801714f73", "number": "8122993113", "date": "2021-01-23 00:00:00", "subject": "2", "recorded-or-robo": "Y", "city": "Minneapolis", "state": "MN", "area-code": "612"}, {"id": "e81c9350d54f66c6d33b3747eedc16b6", "number": "5513990230", "date": "2021-01-23 08:10:00", "subject": "7", "recorded-or-robo": "Y", "city": "Midvale", "state": "UT", "area-code": "385"}, {"id": "1d36742e3f24f50e4e7ae82801714dc0", "number": "5513990230", "date": "2021-01-23 08:10:00", "subject": "7", "recorded-or-robo": "Y", "city": "Midvale", "state": "UT", "area-code": "385"}, {"id": "e81c9350d54f66c6d33b3747eedc0801", "number": "2064798186", "date": "2021-01-23 09:15:00", "subject": "0", "recorded-or-robo": "N", "city": "Nashville", "state": "TN", "area-code": "615"}, {"id": "1d36742e3f24f50e4e7ae828017143ba", "number": "2064798186", "date": "2021-01-23 09:15:00", "subject": "0", "recorded-or-robo": "N", "city": "Nashville", "state": "TN", "area-code": "615"}, {"id": "e81c9350d54f66c6d33b3747eedbfca0", "number": "7172009381", "date": "2021-01-23 10:13:00", "subject": "4", "recorded-or-robo": "Y", "city": "york", "state": "PA", "area-code": "717"}, {"id": "1d36742e3f24f50e4e7ae82801713cbb", "number": "7172009381", "date": "2021-01-23 10:13:00", "subject": "4", "recorded-or-robo": "Y", "city": "york", "state": "PA", "area-code": "717"}, {"id": "e81c9350d54f66c6d33b3747eedbed0b", "number": "5862291515", "date": "2021-01-02 10:19:00", "subject": "2", "recorded-or-robo": "Y", "city": "Harper Woods", "state": "MI", "area-code": "586"}, {"id": "1d36742e3f24f50e4e7ae82801713b98", "number": "5862291515", "date": "2021-01-02 10:19:00", "subject": "2", "recorded-or-robo": "Y", "city": "Harper Woods", "state": "MI", "area-code": "586"}, {"id": "e81c9350d54f66c6d33b3747eedbe1aa", "number": "7812860137", "date": "2021-01-23 09:15:00", "subject": "2", "recorded-or-robo": "", "city": "Revere", "state": "MA", "area-code": "781"}, {"id": "1d36742e3f24f50e4e7ae82801713937", "number": "7812860137", "date": "2021-01-23 09:15:00", "subject": "2", "recorded-or-robo": "", "city": "Revere", "state": "MA", "area-code": "781"}, {"id": "e81c9350d54f66c6d33b3747eedbdfe3", "number": "5133844575", "date": "2021-01-23 10:20:00", "subject": "2", "recorded-or-robo": "Y", "city": "CINCINNATI", "state": "OH", "area-code": "513"}]}