{"data": [{"id": "3decc6bfadaa436a105714c6ba05190f", "number": "8062916816", "date": "2021-01-23 12:05:00", "subject": "6", "recorded-or-robo": "Y", "city": "Lineville", "state": "AL", "area-code": "251"}, {"id": "1d36742e3f24f50e4e7ae828019c8d6f", "number": "3144959527", "date": "2021-01-23 12:08:00", "subject": "2", "recorded-or-robo": "Y", "city": "Manchester", "state": "MO", "area-code": "314"}, {"id": "1d36742e3f24f50e4e7ae828019c8b70", "number": "8062916816", "date": "2021-01-23 12:05:00", "subject": "6", "recorded-or-robo": "Y", "city": "Lineville", "state": "AL", "area-code": "251"}, {"id": "3decc6bfadaa436a105714c6ba050afc", "number": "7754371669", "date": "2021-01-21 09:19:00", "subject": "4", "recorded-or-robo": "Y", "city": "", "state": "NV", "area-code": "775"}, {"id": "1d36742e3f24f50e4e7ae828019c7cdc", "number": "7754371669", "date": "2021-01-21 09:19:00", "subject": "4", "recorded-or-robo": "Y", "city": "", "state": "NV", "area-code": "775"}, {"id": "3decc6bfadaa436a105714c6ba04fb9b", "number": "", "date": "2021-01-22 16:16:00", "subject": "2", "recorded-or-robo": "Y", "city": "Lexington", "state": "KY", "area-code": "630"}, {"id": "1d36742e3f24f50e4e7ae828019c7933", "number": "", "date": "2021-01-22 16:16:00", "subject": "2", "recorded-or-robo": "Y", "city": "Lexington", "state": "KY", "area-code": "630"}, {"id": "3decc6bfadaa436a105714c6ba04f97f", "number": "4155494013", "date": "2021-01-22 15:05:00", "subject": "2", "recorded-or-robo": "Y", "city": "", "state": "IN", "area-code": "574"}, {"id": "1d36742e3f24f50e4e7ae828019c78a5", "number": "4155494013", "date": "2021-01-22 15:05:00", "subject": "2", "recorded-or-robo": "Y", "city": "", "state": "IN", "area-code": "574"}, {"id": "3decc6bfadaa436a105714c6ba04f55b", "number": "7702873031", "date": "2021-01-19 18:54:00", "subject": "2", "recorded-or-robo": "Y", "city": "Sebastian", "state": "FL", "area-code": "678"}, {"id": "1d36742e3f24f50e4e7ae828019c6f6c", "number": "7702873031", "date": "2021-01-19 18:54:00", "subject": "2", "recorded-or-robo": "Y", "city": "Sebastian", "state": "FL", "area-code": "678"}, {"id": "3decc6bfadaa436a105714c6ba04ea6b", "number": "7204639242", "date": "2021-01-20 09:11:00", "subject": "2", "recorded-or-robo": "N", "city": "", "state": "CO", "area-code": "720"}, {"id": "1d36742e3f24f50e4e7ae828019c6c6f", "number": "7204639242", "date": "2021-01-20 09:11:00", "subject": "2", "recorded-or-robo": "N", "city": "", "state": "CO", "area-code": "720"}, {"id": "3decc6bfadaa436a105714c6ba04e32c", "number": "3027755554", "date": "2021-01-23 12:35:00", "subject": "15", "recorded-or-robo": "Y", "city": "", "state": "MI", "area-code": "480"}, {"id": "1d36742e3f24f50e4e7ae828019c5d1a", "number": "3027755554", "date": "2021-01-23 12:35:00", "subject": "15", "recorded-or-robo": "Y", "city": "", "state": "MI", "area-code": "480"}, {"id": "3decc6bfadaa436a105714c6ba04df54", "number": "3372435506", "date": "2021-01-07 12:32:00", "subject": "2", "recorded-or-robo": "Y", "city": "Sebastian", "state": "FL", "area-code": "678"}, {"id": "1d36742e3f24f50e4e7ae828019c5a44", "number": "3372435506", "date": "2021-01-07 12:32:00", "subject": "2", "recorded-or-robo": "Y", "city": "Sebastian", "state": "FL", "area-code": "678"}, {"id": "3decc6bfadaa436a105714c6ba04db7e", "number": "7605266996", "date": "2021-01-12 09:44:00", "subject": "0", "recorded-or-robo": "Y", "city": "San Marcos", "state": "CA", "area-code": "760"}, {"id": "1d36742e3f24f50e4e7ae828019c4ebe", "number": "7605266996", "date": "2021-01-12 09:44:00", "subject": "0", "recorded-or-robo": "Y", "city": "San Marcos", "state": "CA", "area-code": "760"}, {"id": "3decc6bfadaa436a105714c6ba04cfa3", "number": "6572795118", "date": "2021-01-20 00:00:00", "subject": "1", "recorded-or-robo": "Y", "city": "", "state": "CA", "area-code": "626"}, {"id": "1d36742e3f24f50e4e7ae828019c3f17", "number": "6572795118", "date": "2021-01-20 00:00:00", "subject": "1", "recorded-or-robo": "Y", "city": "", "state": "CA", "area-code": "626"}, {"id": "3decc6bfadaa436a105714c6ba04c99a", "number": "6153854866", "date": "2021-01-21 17:27:00", "subject": "2", "recorded-or-robo": "Y", "city": "Pleasant View", "state": "TN", "area-code": "615"}, {"id": "1d36742e3f24f50e4e7ae828019c3bca", "number": "6153854866", "date": "2021-01-21 17:27:00", "subject": "2", "recorded-or-robo": "Y", "city": "Pleasant View", "state": "TN", "area-code": "615"}, {"id": "3decc6bfadaa436a105714c6ba04c228", "number": "", "date": "2021-01-23 12:05:00", "subject": "7", "recorded-or-robo": "Y", "city": "Austin", "state": "TX", "area-code": "512"}, {"id": "1d36742e3f24f50e4e7ae828019c38c9", "number": "", "date": "2021-01-23 12:05:00", "subject": "7", "recorded-or-robo": "Y", "city": "Austin", "state": "TX", "area-code": "512"}, {"id": "3decc6bfadaa436a105714c6ba044886", "number": "3126765773", "date": "2021-01-18 00:00:00", "subject": "3", "recorded-or-robo": "", "city": "", "state": "CA", "area-code": "559"}, {"id": "1d36742e3f24f50e4e7ae828019bc70b", "number": "3126765773", "date": "2021-01-18 00:00:00", "subject": "3", "recorded-or-robo": "", "city": "", "state": "CA", "area-code": "559"}, {"id": "3decc6bfadaa436a105714c6ba04b798", "number": "8589258241", "date": "2021-01-23 10:02:00", "subject": "3", "recorded-or-robo": "Y", "city": "", "state": "NV", "area-code": "702"}, {"id": "1d36742e3f24f50e4e7ae828019c335d", "number": "8589258241", "date": "2021-01-23 10:02:00", "subject": "3", "recorded-or-robo": "Y", "city": "", "state": "NV", "area-code": "702"}, {"id": "3decc6bfadaa436a105714c6ba04aad3", "number": "2088961023", "date": "2021-01-20 09:03:00", "subject": "2", "recorded-or-robo": "N", "city": "", "state": "CO", "area-code": "720"}, {"id": "3decc6bfadaa436a105714c6ba04a59a", "number": "8173967151", "date": "2021-01-23 00:01:00", "subject": "2", "recorded-or-robo": "Y", "city": "Dallas", "state": "TX", "area-code": "817"}, {"id": "1d36742e3f24f50e4e7ae828019c2bf3", "number": "2088961023", "date": "2021-01-20 09:03:00", "subject": "2", "recorded-or-robo": "N", "city": "", "state": "CO", "area-code": "720"}, {"id": "1d36742e3f24f50e4e7ae828019c201b", "number": "8173967151", "date": "2021-01-23 00:01:00", "subject": "2", "recorded-or-robo": "Y", "city": "Dallas", "state": "TX", "area-code": "817"}, {"id": "3decc6bfadaa436a105714c6ba04a35b", "number": "3032483553", "date": "2021-01-21 08:43:00", "subject": "1", "recorded-or-robo": "Y", "city": "", "state": "CO", "area-code": "303"}, {"id": "1d36742e3f24f50e4e7ae828019c17c8", "number": "3032483553", "date": "2021-01-21 08:43:00", "subject": "1", "recorded-or-robo": "Y", "city": "", "state": "CO", "area-code": "303"}, {"id": "3decc6bfadaa436a105714c6ba04a09d", "number": "3152328257", "date": "2021-01-23 11:42:00", "subject": "11", "recorded-or-robo": "Y", "city": "", "state": "WI", "area-code": "608"}, {"id": "1d36742e3f24f50e4e7ae828019c0ea5", "number": "3152328257", "date": "2021-01-23 11:42:00", "subject": "11", "recorded-or-robo": "Y", "city": "", "state": "WI", "area-code": "608"}, {"id": "3decc6bfadaa436a105714c6ba049b6f", "number": "8133552914", "date": "2021-01-23 12:00:00", "subject": "2", "recorded-or-robo": "Y", "city": "", "state": "FL", "area-code": "813"}, {"id": "1d36742e3f24f50e4e7ae828019c0908", "number": "8133552914", "date": "2021-01-23 12:00:00", "subject": "2", "recorded-or-robo": "Y", "city": "", "state": "FL", "area-code": "813"}, {"id": "3decc6bfadaa436a105714c6ba04998f", "number": "2029140216", "date": "2021-01-22 00:00:00", "subject": "2", "recorded-or-robo": "Y", "city": "New Braunfels", "state": "Do", "area-code": "202"}, {"id": "1d36742e3f24f50e4e7ae828019c0594", "number": "2029140216", "date": "2021-01-22 00:00:00", "subject": "2", "recorded-or-robo": "Y", "city": "New Braunfels", "state": "Do", "area-code": "202"}, {"id": "3decc6bfadaa436a105714c6ba049325", "number": "6109514463", "date": "2021-01-23 09:34:00", "subject": "0", "recorded-or-robo": "Y", "city": "", "state": "PA", "area-code": "215"}, {"id": "1d36742e3f24f50e4e7ae828019bfe17", "number": "6109514463", "date": "2021-01-23 09:34:00", "subject": "0", "recorded-or-robo": "Y", "city": "", "state": "PA", "area-code": "215"}, {"id": "3decc6bfadaa436a105714c6ba048b64", "number": "7605195639", "date": "2021-01-12 10:21:00", "subject": "0", "recorded-or-robo": "Y", "city": "San Marcos", "state": "CA", "area-code": "760"}, {"id": "1d36742e3f24f50e4e7ae828019bfb4f", "number": "7605195639", "date": "2021-01-12 10:21:00", "subject": "0", "recorded-or-robo": "Y", "city": "San Marcos", "state": "CA", "area-code": "760"}, {"id": "3decc6bfadaa436a105714c6ba047b93", "number": "8764039253", "date": "2021-01-23 12:00:00", "subject": "1", "recorded-or-robo": "N", "city": "Malibu", "state": "CA", "area-code": "805"}, {"id": "3decc6bfadaa436a105714c6ba046c4d", "number": "7326371459", "date": "2021-01-23 12:56:00", "subject": "0", "recorded-or-robo": "Y", "city": "", "state": "NJ", "area-code": "732"}, {"id": "1d36742e3f24f50e4e7ae828019bee40", "number": "8764039253", "date": "2021-01-23 12:00:00", "subject": "1", "recorded-or-robo": "N", "city": "Malibu", "state": "CA", "area-code": "805"}, {"id": "1d36742e3f24f50e4e7ae828019beafc", "number": "7326371459", "date": "2021-01-23 12:56:00", "subject": "0", "recorded-or-robo": "Y", "city": "", "state": "NJ", "area-code": "732"}, {"id": "3decc6bfadaa436a105714c6ba041537", "number": "6099480365", "date": "2021-01-23 12:43:00", "subject": "3", "recorded-or-robo": "N", "city": "", "state": "NJ", "area-code": "609"}]}