{"data": [{"id": "1d36742e3f24f50e4e7ae82801811a13", "number": "4017150276", "date": "2021-01-23 11:38:00", "subject": "3", "recorded-or-robo": "Y", "city": "", "state": "NY", "area-code": "718"}, {"id": "e81c9350d54f66c6d33b3747eeeb1bb3", "number": "7866289282", "date": "2021-01-22 12:52:00", "subject": "3", "recorded-or-robo": "Y", "city": "", "state": "FL", "area-code": "561"}, {"id": "1d36742e3f24f50e4e7ae8280181116b", "number": "7866289282", "date": "2021-01-22 12:52:00", "subject": "3", "recorded-or-robo": "Y", "city": "", "state": "FL", "area-code": "561"}, {"id": "e81c9350d54f66c6d33b3747eeeb1328", "number": "", "date": "2021-01-23 12:22:00", "subject": "2", "recorded-or-robo": "Y", "city": "Port Jefferson", "state": "NY", "area-code": "631"}, {"id": "1d36742e3f24f50e4e7ae82801810f9d", "number": "", "date": "2021-01-23 12:22:00", "subject": "2", "recorded-or-robo": "Y", "city": "Port Jefferson", "state": "NY", "area-code": "631"}, {"id": "e81c9350d54f66c6d33b3747eeeb0f94", "number": "7409695864", "date": "2021-01-22 13:03:00", "subject": "0", "recorded-or-robo": "N", "city": "Farmington Hills", "state": "MI", "area-code": "248"}, {"id": "1d36742e3f24f50e4e7ae82801810a55", "number": "7409695864", "date": "2021-01-22 13:03:00", "subject": "0", "recorded-or-robo": "N", "city": "Farmington Hills", "state": "MI", "area-code": "248"}, {"id": "e81c9350d54f66c6d33b3747eeeb0a02", "number": "", "date": "2021-01-23 10:25:00", "subject": "1", "recorded-or-robo": "Y", "city": "Saint Louis", "state": "MO", "area-code": "314"}, {"id": "1d36742e3f24f50e4e7ae8280181060f", "number": "", "date": "2021-01-23 10:25:00", "subject": "1", "recorded-or-robo": "Y", "city": "Saint Louis", "state": "MO", "area-code": "314"}, {"id": "e81c9350d54f66c6d33b3747eeeb035b", "number": "4123640105", "date": "2021-01-22 16:21:00", "subject": "2", "recorded-or-robo": "N", "city": "Wexford", "state": "PA", "area-code": "724"}, {"id": "1d36742e3f24f50e4e7ae8280180f7ec", "number": "4123640105", "date": "2021-01-22 16:21:00", "subject": "2", "recorded-or-robo": "N", "city": "Wexford", "state": "PA", "area-code": "724"}, {"id": "e81c9350d54f66c6d33b3747eeeaf8d3", "number": "9705665345", "date": "2021-01-06 11:12:00", "subject": "0", "recorded-or-robo": "Y", "city": "Loveland", "state": "CO", "area-code": "970"}, {"id": "1d36742e3f24f50e4e7ae8280180ef94", "number": "9705665345", "date": "2021-01-06 11:12:00", "subject": "0", "recorded-or-robo": "Y", "city": "Loveland", "state": "CO", "area-code": "970"}, {"id": "e81c9350d54f66c6d33b3747eeeaefe3", "number": "5086230628", "date": "2021-01-22 11:54:00", "subject": "2", "recorded-or-robo": "Y", "city": "Enfield", "state": "CT", "area-code": "860"}, {"id": "1d36742e3f24f50e4e7ae8280180e008", "number": "5086230628", "date": "2021-01-22 11:54:00", "subject": "2", "recorded-or-robo": "Y", "city": "Enfield", "state": "CT", "area-code": "860"}, {"id": "e81c9350d54f66c6d33b3747eeeae079", "number": "2016277689", "date": "2021-01-19 18:46:00", "subject": "0", "recorded-or-robo": "Y", "city": "", "state": "NJ", "area-code": "201"}, {"id": "1d36742e3f24f50e4e7ae8280180d740", "number": "2016277689", "date": "2021-01-19 18:46:00", "subject": "0", "recorded-or-robo": "Y", "city": "", "state": "NJ", "area-code": "201"}, {"id": "e81c9350d54f66c6d33b3747eeead11e", "number": "3144589762", "date": "2021-01-23 10:24:00", "subject": "3", "recorded-or-robo": "N", "city": "", "state": "MO", "area-code": "314"}, {"id": "1d36742e3f24f50e4e7ae8280180b163", "number": "3144589762", "date": "2021-01-23 10:24:00", "subject": "3", "recorded-or-robo": "N", "city": "", "state": "MO", "area-code": "314"}, {"id": "e81c9350d54f66c6d33b3747eeead5ab", "number": "3852178783", "date": "2021-01-22 17:08:00", "subject": "2", "recorded-or-robo": "Y", "city": "", "state": "IA", "area-code": "563"}, {"id": "1d36742e3f24f50e4e7ae8280180c881", "number": "3852178783", "date": "2021-01-22 17:08:00", "subject": "2", "recorded-or-robo": "Y", "city": "", "state": "IA", "area-code": "563"}, {"id": "e81c9350d54f66c6d33b3747eeead4d7", "number": "8186292076", "date": "2021-01-22 13:22:00", "subject": "3", "recorded-or-robo": "Y", "city": "Akron", "state": "OH", "area-code": "330"}, {"id": "1d36742e3f24f50e4e7ae8280180c56a", "number": "8186292076", "date": "2021-01-22 13:22:00", "subject": "3", "recorded-or-robo": "Y", "city": "Akron", "state": "OH", "area-code": "330"}, {"id": "e81c9350d54f66c6d33b3747eeead425", "number": "8609098921", "date": "2021-01-23 11:33:00", "subject": "6", "recorded-or-robo": "", "city": "Westbrook", "state": "CT", "area-code": "860"}, {"id": "1d36742e3f24f50e4e7ae8280180c37c", "number": "8609098921", "date": "2021-01-23 11:33:00", "subject": "6", "recorded-or-robo": "", "city": "Westbrook", "state": "CT", "area-code": "860"}, {"id": "e81c9350d54f66c6d33b3747eeeacc93", "number": "9706678689", "date": "2021-01-20 10:25:00", "subject": "0", "recorded-or-robo": "Y", "city": "Loveland", "state": "CO", "area-code": "970"}, {"id": "1d36742e3f24f50e4e7ae8280180acbf", "number": "9706678689", "date": "2021-01-20 10:25:00", "subject": "0", "recorded-or-robo": "Y", "city": "Loveland", "state": "CO", "area-code": "970"}, {"id": "e81c9350d54f66c6d33b3747eeeacc39", "number": "9372325856", "date": "2021-01-20 14:50:00", "subject": "5", "recorded-or-robo": "Y", "city": "Wilmington", "state": "NC", "area-code": "910"}, {"id": "1d36742e3f24f50e4e7ae82801809e26", "number": "9372325856", "date": "2021-01-20 14:50:00", "subject": "5", "recorded-or-robo": "Y", "city": "Wilmington", "state": "NC", "area-code": "910"}, {"id": "e81c9350d54f66c6d33b3747eeeac0a5", "number": "2152365525", "date": "2021-01-23 18:48:00", "subject": "2", "recorded-or-robo": "Y", "city": "Hatfield", "state": "PA", "area-code": "215"}, {"id": "1d36742e3f24f50e4e7ae82801809ccf", "number": "2152365525", "date": "2021-01-23 18:48:00", "subject": "2", "recorded-or-robo": "Y", "city": "Hatfield", "state": "PA", "area-code": "215"}, {"id": "e81c9350d54f66c6d33b3747eeeab36a", "number": "7753007968", "date": "2021-01-22 18:23:00", "subject": "2", "recorded-or-robo": "Y", "city": "Las Vegas", "state": "NV", "area-code": "702"}, {"id": "1d36742e3f24f50e4e7ae82801808e73", "number": "7753007968", "date": "2021-01-22 18:23:00", "subject": "2", "recorded-or-robo": "Y", "city": "Las Vegas", "state": "NV", "area-code": "702"}, {"id": "e81c9350d54f66c6d33b3747eeeaa583", "number": "", "date": "2021-01-23 09:30:00", "subject": "1", "recorded-or-robo": "Y", "city": "Chesterfield", "state": "MO", "area-code": "314"}, {"id": "1d36742e3f24f50e4e7ae82801808ae3", "number": "", "date": "2021-01-23 09:30:00", "subject": "1", "recorded-or-robo": "Y", "city": "Chesterfield", "state": "MO", "area-code": "314"}, {"id": "e81c9350d54f66c6d33b3747eeea9fca", "number": "3144587318", "date": "2021-01-23 09:36:00", "subject": "3", "recorded-or-robo": "N", "city": "", "state": "MO", "area-code": "314"}, {"id": "1d36742e3f24f50e4e7ae82801807874", "number": "3144587318", "date": "2021-01-23 09:36:00", "subject": "3", "recorded-or-robo": "N", "city": "", "state": "MO", "area-code": "314"}, {"id": "e81c9350d54f66c6d33b3747eeeaa44b", "number": "3133796884", "date": "2021-01-22 14:09:00", "subject": "3", "recorded-or-robo": "Y", "city": "Akron", "state": "OH", "area-code": "330"}, {"id": "1d36742e3f24f50e4e7ae82801807ba5", "number": "3133796884", "date": "2021-01-22 14:09:00", "subject": "3", "recorded-or-robo": "Y", "city": "Akron", "state": "OH", "area-code": "330"}, {"id": "e81c9350d54f66c6d33b3747eeea9832", "number": "2018497610", "date": "2021-01-22 13:07:00", "subject": "2", "recorded-or-robo": "Y", "city": "Keyport", "state": "NJ", "area-code": "732"}, {"id": "1d36742e3f24f50e4e7ae828018073ec", "number": "2018497610", "date": "2021-01-22 13:07:00", "subject": "2", "recorded-or-robo": "Y", "city": "Keyport", "state": "NJ", "area-code": "732"}, {"id": "e81c9350d54f66c6d33b3747eeea9505", "number": "9707079345", "date": "2021-01-21 09:00:00", "subject": "0", "recorded-or-robo": "Y", "city": "Loveland", "state": "CO", "area-code": "970"}, {"id": "1d36742e3f24f50e4e7ae82801807334", "number": "9707079345", "date": "2021-01-21 09:00:00", "subject": "0", "recorded-or-robo": "Y", "city": "Loveland", "state": "CO", "area-code": "970"}, {"id": "e81c9350d54f66c6d33b3747eeea9474", "number": "3392179358", "date": "2021-01-23 11:30:00", "subject": "2", "recorded-or-robo": "Y", "city": "Pembroke", "state": "MA", "area-code": "781"}, {"id": "1d36742e3f24f50e4e7ae82801807102", "number": "3392179358", "date": "2021-01-23 11:30:00", "subject": "2", "recorded-or-robo": "Y", "city": "Pembroke", "state": "MA", "area-code": "781"}, {"id": "e81c9350d54f66c6d33b3747eeea84e3", "number": "8602610778", "date": "2021-01-23 11:21:00", "subject": "6", "recorded-or-robo": "N", "city": "Westbrook", "state": "CT", "area-code": "860"}, {"id": "1d36742e3f24f50e4e7ae82801807015", "number": "8602610778", "date": "2021-01-23 11:21:00", "subject": "6", "recorded-or-robo": "N", "city": "Westbrook", "state": "CT", "area-code": "860"}, {"id": "e81c9350d54f66c6d33b3747eeea81c1", "number": "8017045751", "date": "2021-01-22 11:03:00", "subject": "2", "recorded-or-robo": "Y", "city": "", "state": "IA", "area-code": "563"}, {"id": "1d36742e3f24f50e4e7ae82801806224", "number": "8017045751", "date": "2021-01-22 11:03:00", "subject": "2", "recorded-or-robo": "Y", "city": "", "state": "IA", "area-code": "563"}, {"id": "e81c9350d54f66c6d33b3747eeea7c62", "number": "3305665663", "date": "2021-01-22 12:25:00", "subject": "3", "recorded-or-robo": "Y", "city": "Akron", "state": "OH", "area-code": "330"}]}