{"data": [{"id": "1d36742e3f24f50e4e7ae82801ba263e", "number": "3863274223", "date": "2021-01-22 07:54:00", "subject": "6", "recorded-or-robo": "N", "city": "Rochelle", "state": "IL", "area-code": "815"}, {"id": "3decc6bfadaa436a105714c6ba22f7ad", "number": "6512401896", "date": "2021-01-20 13:16:00", "subject": "5", "recorded-or-robo": "Y", "city": "Fountain Hills", "state": "AZ", "area-code": "520"}, {"id": "1d36742e3f24f50e4e7ae82801ba1a9c", "number": "6512401896", "date": "2021-01-20 13:16:00", "subject": "5", "recorded-or-robo": "Y", "city": "Fountain Hills", "state": "AZ", "area-code": "520"}, {"id": "3decc6bfadaa436a105714c6ba22f3ac", "number": "2084753713", "date": "2021-01-23 11:57:00", "subject": "2", "recorded-or-robo": "Y", "city": "Mill Valley", "state": "CA", "area-code": "415"}, {"id": "1d36742e3f24f50e4e7ae82801ba11bb", "number": "2084753713", "date": "2021-01-23 11:57:00", "subject": "2", "recorded-or-robo": "Y", "city": "Mill Valley", "state": "CA", "area-code": "415"}, {"id": "3decc6bfadaa436a105714c6ba756b11", "number": "2159994461", "date": "2021-01-23 15:03:28", "subject": "3", "recorded-or-robo": "Y", "city": "", "state": "PA", "area-code": "215"}, {"id": "03e293b3df9e35eadf15c561190be4cf", "number": "2159994461", "date": "2021-01-23 15:03:28", "subject": "3", "recorded-or-robo": "Y", "city": "", "state": "PA", "area-code": "215"}, {"id": "3decc6bfadaa436a105714c6ba22ef7f", "number": "2245702468", "date": "2021-01-23 12:08:00", "subject": "4", "recorded-or-robo": "Y", "city": "Live Oak", "state": "FL", "area-code": "386"}, {"id": "1d36742e3f24f50e4e7ae82801ba0e06", "number": "2245702468", "date": "2021-01-23 12:08:00", "subject": "4", "recorded-or-robo": "Y", "city": "Live Oak", "state": "FL", "area-code": "386"}, {"id": "3decc6bfadaa436a105714c6ba22e317", "number": "7144064370", "date": "2021-01-22 16:38:00", "subject": "2", "recorded-or-robo": "N", "city": "Long Branch", "state": "NJ", "area-code": "609"}, {"id": "1d36742e3f24f50e4e7ae82801ba044a", "number": "7144064370", "date": "2021-01-22 16:38:00", "subject": "2", "recorded-or-robo": "N", "city": "Long Branch", "state": "NJ", "area-code": "609"}, {"id": "3decc6bfadaa436a105714c6ba22e008", "number": "8123166174", "date": "2021-01-23 13:58:00", "subject": "2", "recorded-or-robo": "Y", "city": "", "state": "TX", "area-code": "214"}, {"id": "1d36742e3f24f50e4e7ae82801ba0263", "number": "8123166174", "date": "2021-01-23 13:58:00", "subject": "2", "recorded-or-robo": "Y", "city": "", "state": "TX", "area-code": "214"}, {"id": "3decc6bfadaa436a105714c6ba22da52", "number": "9738736325", "date": "2021-01-23 15:01:00", "subject": "1", "recorded-or-robo": "Y", "city": "Manahawkin", "state": "NJ", "area-code": "973"}, {"id": "1d36742e3f24f50e4e7ae82801b9fbf3", "number": "9738736325", "date": "2021-01-23 15:01:00", "subject": "1", "recorded-or-robo": "Y", "city": "Manahawkin", "state": "NJ", "area-code": "973"}, {"id": "3decc6bfadaa436a105714c6ba22d46b", "number": "4075697986", "date": "2021-01-23 15:00:00", "subject": "7", "recorded-or-robo": "Y", "city": "", "state": "FL", "area-code": "407"}, {"id": "1d36742e3f24f50e4e7ae82801b9fafb", "number": "4075697986", "date": "2021-01-23 15:00:00", "subject": "7", "recorded-or-robo": "Y", "city": "", "state": "FL", "area-code": "407"}, {"id": "3decc6bfadaa436a105714c6ba757afe", "number": "4133183488", "date": "2021-01-23 15:03:08", "subject": "3", "recorded-or-robo": "N", "city": "", "state": "MA", "area-code": "617"}, {"id": "03e293b3df9e35eadf15c561190bf1bd", "number": "4133183488", "date": "2021-01-23 15:03:08", "subject": "3", "recorded-or-robo": "N", "city": "", "state": "MA", "area-code": "617"}, {"id": "3decc6bfadaa436a105714c6ba22d3ec", "number": "5748352416", "date": "2021-01-23 14:10:00", "subject": "11", "recorded-or-robo": "Y", "city": "Rochester", "state": "IN", "area-code": "574"}, {"id": "1d36742e3f24f50e4e7ae82801b9f163", "number": "5748352416", "date": "2021-01-23 14:10:00", "subject": "11", "recorded-or-robo": "Y", "city": "Rochester", "state": "IN", "area-code": "574"}, {"id": "3decc6bfadaa436a105714c6ba22ce67", "number": "69084380", "date": "2021-01-23 00:00:00", "subject": "0", "recorded-or-robo": "N", "city": "Trooper", "state": "PA", "area-code": "484"}, {"id": "1d36742e3f24f50e4e7ae82801b9e321", "number": "69084380", "date": "2021-01-23 00:00:00", "subject": "0", "recorded-or-robo": "N", "city": "Trooper", "state": "PA", "area-code": "484"}, {"id": "3decc6bfadaa436a105714c6ba22cd5e", "number": "8002258318", "date": "2021-01-22 03:44:00", "subject": "0", "recorded-or-robo": "Y", "city": "", "state": "MI", "area-code": "313"}, {"id": "1d36742e3f24f50e4e7ae82801b9d5fb", "number": "8002258318", "date": "2021-01-22 03:44:00", "subject": "0", "recorded-or-robo": "Y", "city": "", "state": "MI", "area-code": "313"}, {"id": "3decc6bfadaa436a105714c6ba22c6ee", "number": "6129106782", "date": "2021-01-18 14:54:00", "subject": "1", "recorded-or-robo": "Y", "city": "Bloomfield", "state": "NY", "area-code": "612"}, {"id": "1d36742e3f24f50e4e7ae82801b9cd36", "number": "6129106782", "date": "2021-01-18 14:54:00", "subject": "1", "recorded-or-robo": "Y", "city": "Bloomfield", "state": "NY", "area-code": "612"}, {"id": "3decc6bfadaa436a105714c6ba22b902", "number": "6317495071", "date": "2021-01-23 14:59:00", "subject": "3", "recorded-or-robo": "Y", "city": "", "state": "NY", "area-code": "631"}, {"id": "1d36742e3f24f50e4e7ae82801b9ca20", "number": "6317495071", "date": "2021-01-23 14:59:00", "subject": "3", "recorded-or-robo": "Y", "city": "", "state": "NY", "area-code": "631"}, {"id": "3decc6bfadaa436a105714c6ba22a93f", "number": "6154066065", "date": "2021-01-23 12:00:00", "subject": "1", "recorded-or-robo": "N", "city": "Galveston", "state": "TX", "area-code": "409"}, {"id": "1d36742e3f24f50e4e7ae82801b9c249", "number": "6154066065", "date": "2021-01-23 12:00:00", "subject": "1", "recorded-or-robo": "N", "city": "Galveston", "state": "TX", "area-code": "409"}, {"id": "3decc6bfadaa436a105714c6ba22a4fa", "number": "3392449095", "date": "2021-01-20 12:14:00", "subject": "4", "recorded-or-robo": "Y", "city": "Channing", "state": "TX", "area-code": "806"}, {"id": "1d36742e3f24f50e4e7ae82801b9bfbd", "number": "3392449095", "date": "2021-01-20 12:14:00", "subject": "4", "recorded-or-robo": "Y", "city": "Channing", "state": "TX", "area-code": "806"}, {"id": "3decc6bfadaa436a105714c6ba229606", "number": "5856533303", "date": "2020-12-31 10:44:00", "subject": "4", "recorded-or-robo": "Y", "city": "", "state": "NY", "area-code": "585"}, {"id": "1d36742e3f24f50e4e7ae82801b9bca0", "number": "5856533303", "date": "2020-12-31 10:44:00", "subject": "4", "recorded-or-robo": "Y", "city": "", "state": "NY", "area-code": "585"}, {"id": "3decc6bfadaa436a105714c6ba2295b2", "number": "8124690660", "date": "2021-01-23 11:08:00", "subject": "2", "recorded-or-robo": "Y", "city": "", "state": "TX", "area-code": "214"}, {"id": "1d36742e3f24f50e4e7ae82801b9b6fa", "number": "8124690660", "date": "2021-01-23 11:08:00", "subject": "2", "recorded-or-robo": "Y", "city": "", "state": "TX", "area-code": "214"}, {"id": "3decc6bfadaa436a105714c6ba228b16", "number": "8086686675", "date": "2021-01-23 12:39:00", "subject": "2", "recorded-or-robo": "Y", "city": "", "state": "MI", "area-code": "313"}, {"id": "1d36742e3f24f50e4e7ae82801b9ac88", "number": "8086686675", "date": "2021-01-23 12:39:00", "subject": "2", "recorded-or-robo": "Y", "city": "", "state": "MI", "area-code": "313"}, {"id": "3decc6bfadaa436a105714c6ba22897f", "number": "8449741793", "date": "2021-01-20 11:30:00", "subject": "2", "recorded-or-robo": "Y", "city": "", "state": "IA", "area-code": "319"}, {"id": "3decc6bfadaa436a105714c6ba2282e3", "number": "2814179872", "date": "2021-01-23 13:58:00", "subject": "7", "recorded-or-robo": "Y", "city": "Ferris", "state": "TX", "area-code": "214"}, {"id": "1d36742e3f24f50e4e7ae82801b9abb4", "number": "8449741793", "date": "2021-01-20 11:30:00", "subject": "2", "recorded-or-robo": "Y", "city": "", "state": "IA", "area-code": "319"}, {"id": "1d36742e3f24f50e4e7ae82801b9a40e", "number": "2814179872", "date": "2021-01-23 13:58:00", "subject": "7", "recorded-or-robo": "Y", "city": "Ferris", "state": "TX", "area-code": "214"}, {"id": "3decc6bfadaa436a105714c6ba228196", "number": "3612046962", "date": "2021-01-23 14:50:00", "subject": "2", "recorded-or-robo": "Y", "city": "Marietta", "state": "GA", "area-code": "404"}, {"id": "1d36742e3f24f50e4e7ae82801b99d92", "number": "3612046962", "date": "2021-01-23 14:50:00", "subject": "2", "recorded-or-robo": "Y", "city": "Marietta", "state": "GA", "area-code": "404"}, {"id": "3decc6bfadaa436a105714c6ba22750e", "number": "4078410750", "date": "2021-01-23 14:36:00", "subject": "3", "recorded-or-robo": "N", "city": "", "state": "FL", "area-code": "407"}, {"id": "1d36742e3f24f50e4e7ae82801b99899", "number": "4078410750", "date": "2021-01-23 14:36:00", "subject": "3", "recorded-or-robo": "N", "city": "", "state": "FL", "area-code": "407"}, {"id": "3decc6bfadaa436a105714c6ba2268c1", "number": "5139162909", "date": "2021-01-18 10:08:00", "subject": "4", "recorded-or-robo": "Y", "city": "Fort Thomas", "state": "OH", "area-code": "513"}, {"id": "1d36742e3f24f50e4e7ae82801b99483", "number": "5139162909", "date": "2021-01-18 10:08:00", "subject": "4", "recorded-or-robo": "Y", "city": "Fort Thomas", "state": "OH", "area-code": "513"}, {"id": "3decc6bfadaa436a105714c6ba225a00", "number": "8086685243", "date": "2021-01-23 11:14:00", "subject": "2", "recorded-or-robo": "Y", "city": "", "state": "MI", "area-code": "313"}]}