{"data": [{"id": "1d36742e3f24f50e4e7ae82801a4b84a", "number": "8665277156", "date": "2021-01-23 12:26:00", "subject": "2", "recorded-or-robo": "Y", "city": "Austin", "state": "TX", "area-code": "561"}, {"id": "3decc6bfadaa436a105714c6ba0db394", "number": "4434322911", "date": "2020-12-14 13:45:00", "subject": "0", "recorded-or-robo": "", "city": "", "state": "MD", "area-code": "443"}, {"id": "1d36742e3f24f50e4e7ae82801a4b547", "number": "4434322911", "date": "2020-12-14 13:45:00", "subject": "0", "recorded-or-robo": "", "city": "", "state": "MD", "area-code": "443"}, {"id": "3decc6bfadaa436a105714c6ba0d9220", "number": "4043554889", "date": "2021-01-23 11:28:00", "subject": "3", "recorded-or-robo": "N", "city": "", "state": "GA", "area-code": "404"}, {"id": "1d36742e3f24f50e4e7ae82801a49915", "number": "4043554889", "date": "2021-01-23 11:28:00", "subject": "3", "recorded-or-robo": "N", "city": "", "state": "GA", "area-code": "404"}, {"id": "3decc6bfadaa436a105714c6ba0d9de2", "number": "8665275117", "date": "2021-01-23 11:54:00", "subject": "2", "recorded-or-robo": "Y", "city": "Austin", "state": "TX", "area-code": "561"}, {"id": "1d36742e3f24f50e4e7ae82801a49d86", "number": "8665275117", "date": "2021-01-23 11:54:00", "subject": "2", "recorded-or-robo": "Y", "city": "Austin", "state": "TX", "area-code": "561"}, {"id": "3decc6bfadaa436a105714c6ba0d8370", "number": "8006534957", "date": "2021-01-23 11:30:00", "subject": "2", "recorded-or-robo": "Y", "city": "", "state": "IA", "area-code": "515"}, {"id": "1d36742e3f24f50e4e7ae82801a48fa8", "number": "8006534957", "date": "2021-01-23 11:30:00", "subject": "2", "recorded-or-robo": "Y", "city": "", "state": "IA", "area-code": "515"}, {"id": "3decc6bfadaa436a105714c6ba0d7b76", "number": "5206719070", "date": "2021-01-23 08:19:00", "subject": "3", "recorded-or-robo": "Y", "city": "", "state": "AZ", "area-code": "520"}, {"id": "3decc6bfadaa436a105714c6ba0d6d2c", "number": "7133247209", "date": "2021-01-22 13:28:00", "subject": "11", "recorded-or-robo": "Y", "city": "", "state": "TX", "area-code": "713"}, {"id": "1d36742e3f24f50e4e7ae82801a480f6", "number": "5206719070", "date": "2021-01-23 08:19:00", "subject": "3", "recorded-or-robo": "Y", "city": "", "state": "AZ", "area-code": "520"}, {"id": "1d36742e3f24f50e4e7ae82801a47f56", "number": "7133247209", "date": "2021-01-22 13:28:00", "subject": "11", "recorded-or-robo": "Y", "city": "", "state": "TX", "area-code": "713"}, {"id": "3decc6bfadaa436a105714c6ba0d6771", "number": "8004300848", "date": "2021-01-22 08:49:00", "subject": "2", "recorded-or-robo": "Y", "city": "Cutler Bay", "state": "FL", "area-code": "305"}, {"id": "1d36742e3f24f50e4e7ae82801a47497", "number": "8004300848", "date": "2021-01-22 08:49:00", "subject": "2", "recorded-or-robo": "Y", "city": "Cutler Bay", "state": "FL", "area-code": "305"}, {"id": "3decc6bfadaa436a105714c6ba0d6357", "number": "2622356048", "date": "2020-12-09 16:40:00", "subject": "0", "recorded-or-robo": "", "city": "", "state": "MD", "area-code": "443"}, {"id": "1d36742e3f24f50e4e7ae82801a46d30", "number": "2622356048", "date": "2020-12-09 16:40:00", "subject": "0", "recorded-or-robo": "", "city": "", "state": "MD", "area-code": "443"}, {"id": "3decc6bfadaa436a105714c6ba0d593d", "number": "4019782613", "date": "2021-01-23 12:22:00", "subject": "3", "recorded-or-robo": "N", "city": "", "state": "RI", "area-code": "401"}, {"id": "1d36742e3f24f50e4e7ae82801a460a8", "number": "4019782613", "date": "2021-01-23 12:22:00", "subject": "3", "recorded-or-robo": "N", "city": "", "state": "RI", "area-code": "401"}, {"id": "3decc6bfadaa436a105714c6ba0d529f", "number": "8665270059", "date": "2021-01-23 11:18:00", "subject": "2", "recorded-or-robo": "Y", "city": "Austin", "state": "TX", "area-code": "561"}, {"id": "1d36742e3f24f50e4e7ae82801a46081", "number": "8665270059", "date": "2021-01-23 11:18:00", "subject": "2", "recorded-or-robo": "Y", "city": "Austin", "state": "TX", "area-code": "561"}, {"id": "3decc6bfadaa436a105714c6ba0cff33", "number": "4708673260", "date": "2021-01-23 12:46:00", "subject": "3", "recorded-or-robo": "N", "city": "", "state": "GA", "area-code": "404"}, {"id": "1d36742e3f24f50e4e7ae82801a41842", "number": "4708673260", "date": "2021-01-23 12:46:00", "subject": "3", "recorded-or-robo": "N", "city": "", "state": "GA", "area-code": "404"}, {"id": "3decc6bfadaa436a105714c6ba0d490b", "number": "7329952345", "date": "2021-01-23 13:30:00", "subject": "2", "recorded-or-robo": "Y", "city": "", "state": "NJ", "area-code": "732"}, {"id": "3decc6bfadaa436a105714c6ba0d3c89", "number": "8323985976", "date": "2021-01-23 08:20:00", "subject": "6", "recorded-or-robo": "Y", "city": "Bakersfield", "state": "CA", "area-code": "661"}, {"id": "1d36742e3f24f50e4e7ae82801a459ad", "number": "7329952345", "date": "2021-01-23 13:30:00", "subject": "2", "recorded-or-robo": "Y", "city": "", "state": "NJ", "area-code": "732"}, {"id": "1d36742e3f24f50e4e7ae82801a452ff", "number": "8323985976", "date": "2021-01-23 08:20:00", "subject": "6", "recorded-or-robo": "Y", "city": "Bakersfield", "state": "CA", "area-code": "661"}, {"id": "3decc6bfadaa436a105714c6ba0d3a68", "number": "3233195020", "date": "2021-01-23 10:30:00", "subject": "1", "recorded-or-robo": "Y", "city": "Azusa", "state": "CA", "area-code": "323"}, {"id": "1d36742e3f24f50e4e7ae82801a44980", "number": "3233195020", "date": "2021-01-23 10:30:00", "subject": "1", "recorded-or-robo": "Y", "city": "Azusa", "state": "CA", "area-code": "323"}, {"id": "3decc6bfadaa436a105714c6ba0d30a2", "number": "8004300848", "date": "2021-01-21 08:58:00", "subject": "2", "recorded-or-robo": "Y", "city": "Cutler Bay", "state": "FL", "area-code": "305"}, {"id": "1d36742e3f24f50e4e7ae82801a44289", "number": "8004300848", "date": "2021-01-21 08:58:00", "subject": "2", "recorded-or-robo": "Y", "city": "Cutler Bay", "state": "FL", "area-code": "305"}, {"id": "3decc6bfadaa436a105714c6ba0d2644", "number": "8028274611", "date": "2021-01-23 12:00:00", "subject": "2", "recorded-or-robo": "Y", "city": "Aurora", "state": "MO", "area-code": "417"}, {"id": "1d36742e3f24f50e4e7ae82801a4357b", "number": "8028274611", "date": "2021-01-23 12:00:00", "subject": "2", "recorded-or-robo": "Y", "city": "Aurora", "state": "MO", "area-code": "417"}, {"id": "3decc6bfadaa436a105714c6ba0d1eb3", "number": "3016682947", "date": "2021-01-22 10:55:00", "subject": "2", "recorded-or-robo": "Y", "city": "Frederick", "state": "MD", "area-code": "301"}, {"id": "1d36742e3f24f50e4e7ae82801a42faa", "number": "3016682947", "date": "2021-01-22 10:55:00", "subject": "2", "recorded-or-robo": "Y", "city": "Frederick", "state": "MD", "area-code": "301"}, {"id": "3decc6bfadaa436a105714c6ba0d0fb5", "number": "", "date": "2021-01-23 13:33:00", "subject": "2", "recorded-or-robo": "N", "city": "New Haven", "state": "CT", "area-code": "203"}, {"id": "1d36742e3f24f50e4e7ae82801a429fa", "number": "", "date": "2021-01-23 13:33:00", "subject": "2", "recorded-or-robo": "N", "city": "New Haven", "state": "CT", "area-code": "203"}, {"id": "3decc6bfadaa436a105714c6ba0d0e43", "number": "", "date": "2021-01-21 08:00:00", "subject": "8", "recorded-or-robo": "Y", "city": "Davidson", "state": "NC", "area-code": "704"}, {"id": "1d36742e3f24f50e4e7ae82801a428e4", "number": "", "date": "2021-01-21 08:00:00", "subject": "8", "recorded-or-robo": "Y", "city": "Davidson", "state": "NC", "area-code": "704"}, {"id": "3decc6bfadaa436a105714c6ba0d0272", "number": "5303625438", "date": "2021-01-23 09:28:00", "subject": "2", "recorded-or-robo": "Y", "city": "Salt Lake City", "state": "UT", "area-code": "425"}, {"id": "1d36742e3f24f50e4e7ae82801a42267", "number": "5303625438", "date": "2021-01-23 09:28:00", "subject": "2", "recorded-or-robo": "Y", "city": "Salt Lake City", "state": "UT", "area-code": "425"}, {"id": "3decc6bfadaa436a105714c6ba0cf9c1", "number": "4439473597", "date": "2020-12-08 11:19:00", "subject": "0", "recorded-or-robo": "", "city": "", "state": "MD", "area-code": "443"}, {"id": "1d36742e3f24f50e4e7ae82801a41397", "number": "4439473597", "date": "2020-12-08 11:19:00", "subject": "0", "recorded-or-robo": "", "city": "", "state": "MD", "area-code": "443"}, {"id": "3decc6bfadaa436a105714c6ba581663", "number": "5206657211", "date": "2021-01-23 07:51:00", "subject": "3", "recorded-or-robo": "Y", "city": "", "state": "AZ", "area-code": "520"}, {"id": "1d36742e3f24f50e4e7ae82801ee5e04", "number": "5206657211", "date": "2021-01-23 07:51:00", "subject": "3", "recorded-or-robo": "Y", "city": "", "state": "AZ", "area-code": "520"}, {"id": "3decc6bfadaa436a105714c6ba0ceab1", "number": "5619816975", "date": "2021-01-23 09:52:00", "subject": "2", "recorded-or-robo": "Y", "city": "Pottsville", "state": "AR", "area-code": "479"}, {"id": "1d36742e3f24f50e4e7ae82801a40860", "number": "5619816975", "date": "2021-01-23 09:52:00", "subject": "2", "recorded-or-robo": "Y", "city": "Pottsville", "state": "AR", "area-code": "479"}, {"id": "3decc6bfadaa436a105714c6ba0cb4b7", "number": "4019499355", "date": "2021-01-23 13:05:00", "subject": "3", "recorded-or-robo": "N", "city": "", "state": "RI", "area-code": "401"}, {"id": "1d36742e3f24f50e4e7ae82801a3db6d", "number": "4019499355", "date": "2021-01-23 13:05:00", "subject": "3", "recorded-or-robo": "N", "city": "", "state": "RI", "area-code": "401"}, {"id": "3decc6bfadaa436a105714c6ba0ce399", "number": "2405573218", "date": "2021-01-22 11:04:00", "subject": "2", "recorded-or-robo": "Y", "city": "Frederick", "state": "MD", "area-code": "301"}]}