{"data": [{"id": "1d36742e3f24f50e4e7ae82801b07de9", "number": "4255987710", "date": "2021-01-21 15:02:00", "subject": "6", "recorded-or-robo": "Y", "city": "Bellevue", "state": "WA", "area-code": "425"}, {"id": "3decc6bfadaa436a105714c6ba1951f1", "number": "6077256778", "date": "2021-01-23 11:47:00", "subject": "2", "recorded-or-robo": "Y", "city": "binghamton", "state": "NY", "area-code": "607"}, {"id": "1d36742e3f24f50e4e7ae82801b06fa2", "number": "6077256778", "date": "2021-01-23 11:47:00", "subject": "2", "recorded-or-robo": "Y", "city": "binghamton", "state": "NY", "area-code": "607"}, {"id": "3decc6bfadaa436a105714c6ba194247", "number": "8556785734", "date": "2021-01-23 12:43:00", "subject": "2", "recorded-or-robo": "Y", "city": "Knoxville", "state": "TN", "area-code": "865"}, {"id": "3decc6bfadaa436a105714c6ba1937de", "number": "3046170847", "date": "2021-01-23 12:49:00", "subject": "3", "recorded-or-robo": "", "city": "", "state": "OH", "area-code": "614"}, {"id": "1d36742e3f24f50e4e7ae82801b064bc", "number": "8556785734", "date": "2021-01-23 12:43:00", "subject": "2", "recorded-or-robo": "Y", "city": "Knoxville", "state": "TN", "area-code": "865"}, {"id": "1d36742e3f24f50e4e7ae82801b061df", "number": "3046170847", "date": "2021-01-23 12:49:00", "subject": "3", "recorded-or-robo": "", "city": "", "state": "OH", "area-code": "614"}, {"id": "3decc6bfadaa436a105714c6ba193737", "number": "2109297735", "date": "2021-01-20 00:00:00", "subject": "3", "recorded-or-robo": "Y", "city": "", "state": "TX", "area-code": "210"}, {"id": "1d36742e3f24f50e4e7ae82801b05fff", "number": "2109297735", "date": "2021-01-20 00:00:00", "subject": "3", "recorded-or-robo": "Y", "city": "", "state": "TX", "area-code": "210"}, {"id": "3decc6bfadaa436a105714c6ba1930b1", "number": "", "date": "2021-01-23 13:19:00", "subject": "11", "recorded-or-robo": "Y", "city": "Saint Cloud", "state": "FL", "area-code": "407"}, {"id": "1d36742e3f24f50e4e7ae82801b05ffc", "number": "", "date": "2021-01-23 13:19:00", "subject": "11", "recorded-or-robo": "Y", "city": "Saint Cloud", "state": "FL", "area-code": "407"}, {"id": "3decc6bfadaa436a105714c6ba192dc4", "number": "6367349968", "date": "2021-01-23 10:52:00", "subject": "2", "recorded-or-robo": "Y", "city": "WARRENTON", "state": "MO", "area-code": "636"}, {"id": "3decc6bfadaa436a105714c6ba1927f8", "number": "", "date": "2021-01-22 12:00:00", "subject": "2", "recorded-or-robo": "Y", "city": "Saint Louis", "state": "MO", "area-code": "314"}, {"id": "1d36742e3f24f50e4e7ae82801b05e86", "number": "6367349968", "date": "2021-01-23 10:52:00", "subject": "2", "recorded-or-robo": "Y", "city": "WARRENTON", "state": "MO", "area-code": "636"}, {"id": "1d36742e3f24f50e4e7ae82801b05041", "number": "", "date": "2021-01-22 12:00:00", "subject": "2", "recorded-or-robo": "Y", "city": "Saint Louis", "state": "MO", "area-code": "314"}, {"id": "3decc6bfadaa436a105714c6ba1923be", "number": "8663488544", "date": "2021-01-21 10:06:00", "subject": "3", "recorded-or-robo": "", "city": "", "state": "CA", "area-code": "650"}, {"id": "1d36742e3f24f50e4e7ae82801b05040", "number": "8663488544", "date": "2021-01-21 10:06:00", "subject": "3", "recorded-or-robo": "", "city": "", "state": "CA", "area-code": "650"}, {"id": "3decc6bfadaa436a105714c6ba19145c", "number": "3046069976", "date": "2021-01-23 13:10:00", "subject": "3", "recorded-or-robo": "", "city": "", "state": "OH", "area-code": "614"}, {"id": "1d36742e3f24f50e4e7ae82801b0483a", "number": "3046069976", "date": "2021-01-23 13:10:00", "subject": "3", "recorded-or-robo": "", "city": "", "state": "OH", "area-code": "614"}, {"id": "3decc6bfadaa436a105714c6ba56ae32", "number": "+14632246456", "date": "2021-01-23 14:18:17", "subject": "3", "recorded-or-robo": "Y", "city": "", "state": "IN", "area-code": "317"}, {"id": "1d36742e3f24f50e4e7ae82801ed27f1", "number": "+14632246456", "date": "2021-01-23 14:18:17", "subject": "3", "recorded-or-robo": "Y", "city": "", "state": "IN", "area-code": "317"}, {"id": "3decc6bfadaa436a105714c6ba190c7f", "number": "6367341596", "date": "2021-01-23 10:32:00", "subject": "2", "recorded-or-robo": "Y", "city": "WARRENTON", "state": "MO", "area-code": "636"}, {"id": "3decc6bfadaa436a105714c6ba18fdfc", "number": "5592891537", "date": "2021-01-23 10:45:00", "subject": "2", "recorded-or-robo": "Y", "city": "Visalia", "state": "CA", "area-code": "559"}, {"id": "1d36742e3f24f50e4e7ae82801b03cfa", "number": "6367341596", "date": "2021-01-23 10:32:00", "subject": "2", "recorded-or-robo": "Y", "city": "WARRENTON", "state": "MO", "area-code": "636"}, {"id": "1d36742e3f24f50e4e7ae82801b02d58", "number": "5592891537", "date": "2021-01-23 10:45:00", "subject": "2", "recorded-or-robo": "Y", "city": "Visalia", "state": "CA", "area-code": "559"}, {"id": "3decc6bfadaa436a105714c6ba18f14f", "number": "7162898729", "date": "2021-01-21 00:00:00", "subject": "15", "recorded-or-robo": "N", "city": "BUFFALO", "state": "NY", "area-code": "716"}, {"id": "1d36742e3f24f50e4e7ae82801b02290", "number": "7162898729", "date": "2021-01-21 00:00:00", "subject": "15", "recorded-or-robo": "N", "city": "BUFFALO", "state": "NY", "area-code": "716"}, {"id": "3decc6bfadaa436a105714c6ba18f107", "number": "3143430712", "date": "2021-01-23 14:00:00", "subject": "0", "recorded-or-robo": "Y", "city": "", "state": "MO", "area-code": "314"}, {"id": "1d36742e3f24f50e4e7ae82801b01b8e", "number": "3143430712", "date": "2021-01-23 14:00:00", "subject": "0", "recorded-or-robo": "Y", "city": "", "state": "MO", "area-code": "314"}, {"id": "3decc6bfadaa436a105714c6ba18ee23", "number": "3046461172", "date": "2021-01-23 13:33:00", "subject": "3", "recorded-or-robo": "", "city": "", "state": "OH", "area-code": "614"}, {"id": "1d36742e3f24f50e4e7ae82801b013c6", "number": "3046461172", "date": "2021-01-23 13:33:00", "subject": "3", "recorded-or-robo": "", "city": "", "state": "OH", "area-code": "614"}, {"id": "3decc6bfadaa436a105714c6ba18e69a", "number": "4257188039", "date": "2021-01-19 14:46:00", "subject": "5", "recorded-or-robo": "Y", "city": "Bellevue", "state": "WA", "area-code": "425"}, {"id": "1d36742e3f24f50e4e7ae82801b00d54", "number": "4257188039", "date": "2021-01-19 14:46:00", "subject": "5", "recorded-or-robo": "Y", "city": "Bellevue", "state": "WA", "area-code": "425"}, {"id": "3decc6bfadaa436a105714c6ba18e249", "number": "8556784321", "date": "2021-01-23 12:15:00", "subject": "2", "recorded-or-robo": "Y", "city": "Knoxville", "state": "TN", "area-code": "865"}, {"id": "1d36742e3f24f50e4e7ae82801b00651", "number": "8556784321", "date": "2021-01-23 12:15:00", "subject": "2", "recorded-or-robo": "Y", "city": "Knoxville", "state": "TN", "area-code": "865"}, {"id": "3decc6bfadaa436a105714c6ba18d845", "number": "2109544226", "date": "2021-01-19 00:00:00", "subject": "3", "recorded-or-robo": "Y", "city": "", "state": "TX", "area-code": "210"}, {"id": "1d36742e3f24f50e4e7ae82801b000f9", "number": "2109544226", "date": "2021-01-19 00:00:00", "subject": "3", "recorded-or-robo": "Y", "city": "", "state": "TX", "area-code": "210"}, {"id": "3decc6bfadaa436a105714c6ba18d3f9", "number": "", "date": "2020-12-29 13:10:00", "subject": "2", "recorded-or-robo": "Y", "city": "Pittsburgh", "state": "PA", "area-code": "412"}, {"id": "1d36742e3f24f50e4e7ae82801aff8ad", "number": "", "date": "2020-12-29 13:10:00", "subject": "2", "recorded-or-robo": "Y", "city": "Pittsburgh", "state": "PA", "area-code": "412"}, {"id": "3decc6bfadaa436a105714c6ba18c987", "number": "6602001578", "date": "2021-01-23 13:00:00", "subject": "2", "recorded-or-robo": "Y", "city": "Butler", "state": "MO", "area-code": "660"}, {"id": "1d36742e3f24f50e4e7ae82801aff816", "number": "6602001578", "date": "2021-01-23 13:00:00", "subject": "2", "recorded-or-robo": "Y", "city": "Butler", "state": "MO", "area-code": "660"}, {"id": "3decc6bfadaa436a105714c6ba18ba9e", "number": "6367343909", "date": "2021-01-23 09:47:00", "subject": "2", "recorded-or-robo": "Y", "city": "WARRENTON", "state": "MO", "area-code": "636"}, {"id": "1d36742e3f24f50e4e7ae82801aff5e7", "number": "6367343909", "date": "2021-01-23 09:47:00", "subject": "2", "recorded-or-robo": "Y", "city": "WARRENTON", "state": "MO", "area-code": "636"}, {"id": "3decc6bfadaa436a105714c6ba18b0fa", "number": "3046261121", "date": "2021-01-23 13:52:00", "subject": "3", "recorded-or-robo": "", "city": "", "state": "OH", "area-code": "614"}, {"id": "1d36742e3f24f50e4e7ae82801afee4d", "number": "3046261121", "date": "2021-01-23 13:52:00", "subject": "3", "recorded-or-robo": "", "city": "", "state": "OH", "area-code": "614"}, {"id": "3decc6bfadaa436a105714c6ba18a3b4", "number": "3108783212", "date": "2021-01-23 13:43:00", "subject": "2", "recorded-or-robo": "Y", "city": "Rochester", "state": "MI", "area-code": "248"}, {"id": "3decc6bfadaa436a105714c6ba189b9f", "number": "", "date": "2021-01-23 10:20:00", "subject": "2", "recorded-or-robo": "Y", "city": "Lake Forest", "state": "CA", "area-code": "714"}, {"id": "1d36742e3f24f50e4e7ae82801afec8b", "number": "3108783212", "date": "2021-01-23 13:43:00", "subject": "2", "recorded-or-robo": "Y", "city": "Rochester", "state": "MI", "area-code": "248"}, {"id": "1d36742e3f24f50e4e7ae82801afec52", "number": "", "date": "2021-01-23 10:20:00", "subject": "2", "recorded-or-robo": "Y", "city": "Lake Forest", "state": "CA", "area-code": "714"}, {"id": "3decc6bfadaa436a105714c6ba188d5f", "number": "4256500121", "date": "2021-01-19 12:18:00", "subject": "5", "recorded-or-robo": "Y", "city": "Bellevue", "state": "WA", "area-code": "425"}]}