{"data": [{"id": "e81c9350d54f66c6d33b3747eedb2cf2", "number": "3097818118", "date": "2021-01-22 11:08:00", "subject": "1", "recorded-or-robo": "Y", "city": "Moline", "state": "IL", "area-code": "309"}, {"id": "1d36742e3f24f50e4e7ae82801707a33", "number": "9172822149", "date": "2021-01-15 08:16:00", "subject": "3", "recorded-or-robo": "N", "city": "", "state": "FL", "area-code": "561"}, {"id": "1d36742e3f24f50e4e7ae82801706bdf", "number": "3097818118", "date": "2021-01-22 11:08:00", "subject": "1", "recorded-or-robo": "Y", "city": "Moline", "state": "IL", "area-code": "309"}, {"id": "3decc6bfadaa436a105714c6ba574624", "number": "3047665211", "date": "2021-01-22 00:00:00", "subject": "3", "recorded-or-robo": "N", "city": "", "state": "WV", "area-code": "304"}, {"id": "1d36742e3f24f50e4e7ae82801edc186", "number": "3047665211", "date": "2021-01-22 00:00:00", "subject": "3", "recorded-or-robo": "N", "city": "", "state": "WV", "area-code": "304"}, {"id": "e81c9350d54f66c6d33b3747eedb2cb9", "number": "3053085646", "date": "2021-01-23 10:10:00", "subject": "2", "recorded-or-robo": "N", "city": "North Miami Beach", "state": "FL", "area-code": "786"}, {"id": "1d36742e3f24f50e4e7ae82801705f9d", "number": "3053085646", "date": "2021-01-23 10:10:00", "subject": "2", "recorded-or-robo": "N", "city": "North Miami Beach", "state": "FL", "area-code": "786"}, {"id": "e81c9350d54f66c6d33b3747eedb2977", "number": "", "date": "2021-01-23 12:00:00", "subject": "2", "recorded-or-robo": "Y", "city": "Asheville", "state": "NC", "area-code": "828"}, {"id": "1d36742e3f24f50e4e7ae82801705ca1", "number": "", "date": "2021-01-23 12:00:00", "subject": "2", "recorded-or-robo": "Y", "city": "Asheville", "state": "NC", "area-code": "828"}, {"id": "e81c9350d54f66c6d33b3747eedb2663", "number": "8633270216", "date": "2021-01-07 16:30:00", "subject": "2", "recorded-or-robo": "Y", "city": "Avon Park", "state": "FL", "area-code": "863"}, {"id": "1d36742e3f24f50e4e7ae82801705c0d", "number": "8633270216", "date": "2021-01-07 16:30:00", "subject": "2", "recorded-or-robo": "Y", "city": "Avon Park", "state": "FL", "area-code": "863"}, {"id": "e81c9350d54f66c6d33b3747eedb1861", "number": "6166634518", "date": "2021-01-23 10:01:00", "subject": "2", "recorded-or-robo": "N", "city": "West Chester", "state": "PA", "area-code": "610"}, {"id": "1d36742e3f24f50e4e7ae82801705613", "number": "6166634518", "date": "2021-01-23 10:01:00", "subject": "2", "recorded-or-robo": "N", "city": "West Chester", "state": "PA", "area-code": "610"}, {"id": "e81c9350d54f66c6d33b3747eedb101a", "number": "8123350929", "date": "2021-01-23 10:01:00", "subject": "2", "recorded-or-robo": "Y", "city": "Flushing", "state": "NY", "area-code": "516"}, {"id": "1d36742e3f24f50e4e7ae828017051f1", "number": "8123350929", "date": "2021-01-23 10:01:00", "subject": "2", "recorded-or-robo": "Y", "city": "Flushing", "state": "NY", "area-code": "516"}, {"id": "e81c9350d54f66c6d33b3747eedb01a1", "number": "2025584964", "date": "2021-01-23 09:03:00", "subject": "0", "recorded-or-robo": "N", "city": "Cambridge", "state": "MD", "area-code": "410"}, {"id": "1d36742e3f24f50e4e7ae82801704711", "number": "2025584964", "date": "2021-01-23 09:03:00", "subject": "0", "recorded-or-robo": "N", "city": "Cambridge", "state": "MD", "area-code": "410"}, {"id": "e81c9350d54f66c6d33b3747eedafbe4", "number": "8632138021", "date": "2021-01-14 10:27:00", "subject": "2", "recorded-or-robo": "Y", "city": "Avon Park", "state": "FL", "area-code": "863"}, {"id": "1d36742e3f24f50e4e7ae828017045e3", "number": "8632138021", "date": "2021-01-14 10:27:00", "subject": "2", "recorded-or-robo": "Y", "city": "Avon Park", "state": "FL", "area-code": "863"}, {"id": "e81c9350d54f66c6d33b3747eedaf954", "number": "3862025658", "date": "2021-01-22 10:53:00", "subject": "2", "recorded-or-robo": "Y", "city": "The Villages", "state": "FL", "area-code": "352"}, {"id": "e81c9350d54f66c6d33b3747eedaef9c", "number": "5054203374", "date": "2021-01-22 17:04:00", "subject": "3", "recorded-or-robo": "", "city": "", "state": "NM", "area-code": "505"}, {"id": "1d36742e3f24f50e4e7ae8280170393e", "number": "3862025658", "date": "2021-01-22 10:53:00", "subject": "2", "recorded-or-robo": "Y", "city": "The Villages", "state": "FL", "area-code": "352"}, {"id": "1d36742e3f24f50e4e7ae82801702a7c", "number": "5054203374", "date": "2021-01-22 17:04:00", "subject": "3", "recorded-or-robo": "", "city": "", "state": "NM", "area-code": "505"}, {"id": "e81c9350d54f66c6d33b3747eedae137", "number": "3802192524", "date": "2021-01-22 18:00:00", "subject": "3", "recorded-or-robo": "N", "city": "", "state": "OH", "area-code": "419"}, {"id": "1d36742e3f24f50e4e7ae82801701d6a", "number": "3802192524", "date": "2021-01-22 18:00:00", "subject": "3", "recorded-or-robo": "N", "city": "", "state": "OH", "area-code": "419"}, {"id": "e81c9350d54f66c6d33b3747eedad79a", "number": "9497494439", "date": "2021-01-21 17:58:00", "subject": "1", "recorded-or-robo": "N", "city": "", "state": "NY", "area-code": "716"}, {"id": "1d36742e3f24f50e4e7ae82801701ba5", "number": "9497494439", "date": "2021-01-21 17:58:00", "subject": "1", "recorded-or-robo": "N", "city": "", "state": "NY", "area-code": "716"}, {"id": "e81c9350d54f66c6d33b3747eedad384", "number": "9412340013", "date": "2021-01-23 00:00:00", "subject": "3", "recorded-or-robo": "", "city": "N venice", "state": "FL", "area-code": "941"}, {"id": "1d36742e3f24f50e4e7ae828017016d5", "number": "9412340013", "date": "2021-01-23 00:00:00", "subject": "3", "recorded-or-robo": "", "city": "N venice", "state": "FL", "area-code": "941"}, {"id": "e81c9350d54f66c6d33b3747eedac915", "number": "7733891105", "date": "2021-01-23 10:00:00", "subject": "9", "recorded-or-robo": "N", "city": "Harrisburg", "state": "PA", "area-code": "717"}, {"id": "1d36742e3f24f50e4e7ae8280170073f", "number": "7733891105", "date": "2021-01-23 10:00:00", "subject": "9", "recorded-or-robo": "N", "city": "Harrisburg", "state": "PA", "area-code": "717"}, {"id": "e81c9350d54f66c6d33b3747eedabf2c", "number": "3144956825", "date": "2021-01-22 03:00:00", "subject": "2", "recorded-or-robo": "Y", "city": "MO", "state": "MO", "area-code": "314"}, {"id": "1d36742e3f24f50e4e7ae8280170044e", "number": "3144956825", "date": "2021-01-22 03:00:00", "subject": "2", "recorded-or-robo": "Y", "city": "MO", "state": "MO", "area-code": "314"}, {"id": "e81c9350d54f66c6d33b3747eedab77f", "number": "8801700779054", "date": "2021-01-22 11:29:00", "subject": "2", "recorded-or-robo": "Y", "city": "The Villages", "state": "FL", "area-code": "352"}, {"id": "1d36742e3f24f50e4e7ae828016ffbaa", "number": "8801700779054", "date": "2021-01-22 11:29:00", "subject": "2", "recorded-or-robo": "Y", "city": "The Villages", "state": "FL", "area-code": "352"}, {"id": "e81c9350d54f66c6d33b3747eedab23e", "number": "7192235537", "date": "2021-01-19 10:09:00", "subject": "4", "recorded-or-robo": "Y", "city": "Raleigh", "state": "NC", "area-code": "919"}, {"id": "1d36742e3f24f50e4e7ae828016ff4e7", "number": "7192235537", "date": "2021-01-19 10:09:00", "subject": "4", "recorded-or-robo": "Y", "city": "Raleigh", "state": "NC", "area-code": "919"}, {"id": "e81c9350d54f66c6d33b3747eedaa5ba", "number": "8009225145", "date": "2021-01-17 11:19:00", "subject": "2", "recorded-or-robo": "Y", "city": "Avon Park", "state": "FL", "area-code": "863"}, {"id": "1d36742e3f24f50e4e7ae828016fea79", "number": "8009225145", "date": "2021-01-17 11:19:00", "subject": "2", "recorded-or-robo": "Y", "city": "Avon Park", "state": "FL", "area-code": "863"}, {"id": "e81c9350d54f66c6d33b3747eeda9685", "number": "6455618", "date": "2021-01-22 11:47:00", "subject": "2", "recorded-or-robo": "Y", "city": "The Villages", "state": "FL", "area-code": "352"}, {"id": "1d36742e3f24f50e4e7ae828016fde78", "number": "6455618", "date": "2021-01-22 11:47:00", "subject": "2", "recorded-or-robo": "Y", "city": "The Villages", "state": "FL", "area-code": "352"}, {"id": "e81c9350d54f66c6d33b3747eeda8fd5", "number": "6174019290", "date": "2021-01-21 18:53:00", "subject": "2", "recorded-or-robo": "Y", "city": "MA  West Dennis", "state": "MA", "area-code": "508"}, {"id": "1d36742e3f24f50e4e7ae828016fd5ea", "number": "6174019290", "date": "2021-01-21 18:53:00", "subject": "2", "recorded-or-robo": "Y", "city": "MA  West Dennis", "state": "MA", "area-code": "508"}, {"id": "e81c9350d54f66c6d33b3747eeda8272", "number": "3144953366", "date": "2021-01-23 09:11:00", "subject": "2", "recorded-or-robo": "Y", "city": "", "state": "MO", "area-code": "314"}, {"id": "1d36742e3f24f50e4e7ae828016fd30f", "number": "3144953366", "date": "2021-01-23 09:11:00", "subject": "2", "recorded-or-robo": "Y", "city": "", "state": "MO", "area-code": "314"}, {"id": "e81c9350d54f66c6d33b3747eeda74eb", "number": "6145418317", "date": "2021-01-23 10:06:00", "subject": "3", "recorded-or-robo": "N", "city": "", "state": "OH", "area-code": "419"}, {"id": "1d36742e3f24f50e4e7ae828016fd0c9", "number": "6145418317", "date": "2021-01-23 10:06:00", "subject": "3", "recorded-or-robo": "N", "city": "", "state": "OH", "area-code": "419"}, {"id": "e81c9350d54f66c6d33b3747eeda6d2c", "number": "5455206", "date": "2021-01-22 13:22:00", "subject": "2", "recorded-or-robo": "Y", "city": "The Villages", "state": "FL", "area-code": "352"}, {"id": "1d36742e3f24f50e4e7ae828016fc69e", "number": "5455206", "date": "2021-01-22 13:22:00", "subject": "2", "recorded-or-robo": "Y", "city": "The Villages", "state": "FL", "area-code": "352"}, {"id": "e81c9350d54f66c6d33b3747eeda67e5", "number": "2012104950", "date": "2021-01-22 13:04:00", "subject": "4", "recorded-or-robo": "Y", "city": "Rutherford", "state": "NJ", "area-code": "201"}]}