{"data": [{"id": "1d36742e3f24f50e4e7ae828017a8fe9", "number": "3304228637", "date": "2021-01-22 18:46:00", "subject": "3", "recorded-or-robo": "N", "city": "", "state": "OH", "area-code": "330"}, {"id": "e81c9350d54f66c6d33b3747eee53d60", "number": "", "date": "2021-01-18 14:35:00", "subject": "3", "recorded-or-robo": "", "city": "", "state": "NE", "area-code": "402"}, {"id": "1d36742e3f24f50e4e7ae828017a6d73", "number": "", "date": "2021-01-18 14:35:00", "subject": "3", "recorded-or-robo": "", "city": "", "state": "NE", "area-code": "402"}, {"id": "e81c9350d54f66c6d33b3747eee57274", "number": "3194861232", "date": "2021-01-22 18:51:00", "subject": "2", "recorded-or-robo": "Y", "city": "", "state": "IA", "area-code": "319"}, {"id": "1d36742e3f24f50e4e7ae828017aa2bb", "number": "3194861232", "date": "2021-01-22 18:51:00", "subject": "2", "recorded-or-robo": "Y", "city": "", "state": "IA", "area-code": "319"}, {"id": "e81c9350d54f66c6d33b3747eee567db", "number": "2197632067", "date": "2021-01-23 00:00:00", "subject": "3", "recorded-or-robo": "", "city": "Portage", "state": "IN", "area-code": "219"}, {"id": "1d36742e3f24f50e4e7ae828017a96c6", "number": "2197632067", "date": "2021-01-23 00:00:00", "subject": "3", "recorded-or-robo": "", "city": "Portage", "state": "IN", "area-code": "219"}, {"id": "e81c9350d54f66c6d33b3747eee56033", "number": "3144959931", "date": "2021-01-22 17:00:00", "subject": "2", "recorded-or-robo": "", "city": "Wildwood", "state": "MO", "area-code": "314"}, {"id": "1d36742e3f24f50e4e7ae828017a95e2", "number": "3144959931", "date": "2021-01-22 17:00:00", "subject": "2", "recorded-or-robo": "", "city": "Wildwood", "state": "MO", "area-code": "314"}, {"id": "e81c9350d54f66c6d33b3747eee55ee1", "number": "5056086257", "date": "2021-01-15 03:21:00", "subject": "2", "recorded-or-robo": "Y", "city": "Pasadena", "state": "FL", "area-code": "727"}, {"id": "1d36742e3f24f50e4e7ae828017a91fb", "number": "5056086257", "date": "2021-01-15 03:21:00", "subject": "2", "recorded-or-robo": "Y", "city": "Pasadena", "state": "FL", "area-code": "727"}, {"id": "e81c9350d54f66c6d33b3747eee54a6f", "number": "8027855385", "date": "2021-01-23 11:09:00", "subject": "3", "recorded-or-robo": "Y", "city": "", "state": "VT", "area-code": "802"}, {"id": "1d36742e3f24f50e4e7ae828017a828e", "number": "8027855385", "date": "2021-01-23 11:09:00", "subject": "3", "recorded-or-robo": "Y", "city": "", "state": "VT", "area-code": "802"}, {"id": "e81c9350d54f66c6d33b3747eee5411d", "number": "5745661455", "date": "2021-01-21 13:01:00", "subject": "6", "recorded-or-robo": "N", "city": "Minneapolis", "state": "MN", "area-code": "612"}, {"id": "1d36742e3f24f50e4e7ae828017a7751", "number": "5745661455", "date": "2021-01-21 13:01:00", "subject": "6", "recorded-or-robo": "N", "city": "Minneapolis", "state": "MN", "area-code": "612"}, {"id": "e81c9350d54f66c6d33b3747eee532c1", "number": "9419460514", "date": "2021-01-23 09:42:00", "subject": "3", "recorded-or-robo": "Y", "city": "", "state": "FL", "area-code": "941"}, {"id": "1d36742e3f24f50e4e7ae828017a6773", "number": "9419460514", "date": "2021-01-23 09:42:00", "subject": "3", "recorded-or-robo": "Y", "city": "", "state": "FL", "area-code": "941"}, {"id": "e81c9350d54f66c6d33b3747eee52bf5", "number": "6106922538", "date": "2021-01-22 00:00:00", "subject": "2", "recorded-or-robo": "Y", "city": "West Chester", "state": "PA", "area-code": "267"}, {"id": "1d36742e3f24f50e4e7ae828017a5b98", "number": "6106922538", "date": "2021-01-22 00:00:00", "subject": "2", "recorded-or-robo": "Y", "city": "West Chester", "state": "PA", "area-code": "267"}, {"id": "e81c9350d54f66c6d33b3747eee5253d", "number": "3144487636", "date": "2021-01-23 10:00:00", "subject": "2", "recorded-or-robo": "Y", "city": "Saint Louis", "state": "MO", "area-code": "314"}, {"id": "e81c9350d54f66c6d33b3747eee5205a", "number": "3144952144", "date": "2021-01-22 17:12:00", "subject": "2", "recorded-or-robo": "", "city": "Wildwood", "state": "MO", "area-code": "314"}, {"id": "1d36742e3f24f50e4e7ae828017a4c6f", "number": "3144487636", "date": "2021-01-23 10:00:00", "subject": "2", "recorded-or-robo": "Y", "city": "Saint Louis", "state": "MO", "area-code": "314"}, {"id": "1d36742e3f24f50e4e7ae828017a4af4", "number": "3144952144", "date": "2021-01-22 17:12:00", "subject": "2", "recorded-or-robo": "", "city": "Wildwood", "state": "MO", "area-code": "314"}, {"id": "e81c9350d54f66c6d33b3747eee51062", "number": "3602183544", "date": "2021-01-23 09:41:00", "subject": "1", "recorded-or-robo": "Y", "city": "", "state": "TN", "area-code": "931"}, {"id": "1d36742e3f24f50e4e7ae828017a41ee", "number": "3602183544", "date": "2021-01-23 09:41:00", "subject": "1", "recorded-or-robo": "Y", "city": "", "state": "TN", "area-code": "931"}, {"id": "e81c9350d54f66c6d33b3747eee50b59", "number": "3525591142", "date": "2021-01-22 09:08:00", "subject": "6", "recorded-or-robo": "N", "city": "Minneapolis", "state": "MN", "area-code": "612"}, {"id": "1d36742e3f24f50e4e7ae828017a3743", "number": "3525591142", "date": "2021-01-22 09:08:00", "subject": "6", "recorded-or-robo": "N", "city": "Minneapolis", "state": "MN", "area-code": "612"}, {"id": "e81c9350d54f66c6d33b3747eee5046b", "number": "2197632067", "date": "2021-01-23 00:00:00", "subject": "2", "recorded-or-robo": "Y", "city": "Portage", "state": "IN", "area-code": "219"}, {"id": "e81c9350d54f66c6d33b3747eee4face", "number": "7088695121", "date": "2021-01-23 10:05:00", "subject": "7", "recorded-or-robo": "Y", "city": "South Holland", "state": "IL", "area-code": "708"}, {"id": "1d36742e3f24f50e4e7ae828017a2b95", "number": "2197632067", "date": "2021-01-23 00:00:00", "subject": "2", "recorded-or-robo": "Y", "city": "Portage", "state": "IN", "area-code": "219"}, {"id": "1d36742e3f24f50e4e7ae828017a2b90", "number": "7088695121", "date": "2021-01-23 10:05:00", "subject": "7", "recorded-or-robo": "Y", "city": "South Holland", "state": "IL", "area-code": "708"}, {"id": "e81c9350d54f66c6d33b3747eee4f5cc", "number": "5086446769", "date": "2021-01-23 11:08:00", "subject": "2", "recorded-or-robo": "N", "city": "", "state": "MA", "area-code": "508"}, {"id": "1d36742e3f24f50e4e7ae828017a1d43", "number": "5086446769", "date": "2021-01-23 11:08:00", "subject": "2", "recorded-or-robo": "N", "city": "", "state": "MA", "area-code": "508"}, {"id": "e81c9350d54f66c6d33b3747eee4f483", "number": "2402570471", "date": "2021-01-07 11:45:00", "subject": "11", "recorded-or-robo": "Y", "city": "Bethesda", "state": "MD", "area-code": "301"}, {"id": "1d36742e3f24f50e4e7ae828017a1794", "number": "2402570471", "date": "2021-01-07 11:45:00", "subject": "11", "recorded-or-robo": "Y", "city": "Bethesda", "state": "MD", "area-code": "301"}, {"id": "e81c9350d54f66c6d33b3747eee4e5f0", "number": "7278358794", "date": "2021-01-20 10:08:00", "subject": "4", "recorded-or-robo": "Y", "city": "Pasadena", "state": "FL", "area-code": "727"}, {"id": "1d36742e3f24f50e4e7ae828017a09a5", "number": "7278358794", "date": "2021-01-20 10:08:00", "subject": "4", "recorded-or-robo": "Y", "city": "Pasadena", "state": "FL", "area-code": "727"}, {"id": "e81c9350d54f66c6d33b3747eee4e36d", "number": "3144952144", "date": "2021-01-22 17:12:00", "subject": "2", "recorded-or-robo": "", "city": "Wildwood", "state": "MO", "area-code": "314"}, {"id": "1d36742e3f24f50e4e7ae828017a02be", "number": "3144952144", "date": "2021-01-22 17:12:00", "subject": "2", "recorded-or-robo": "", "city": "Wildwood", "state": "MO", "area-code": "314"}, {"id": "e81c9350d54f66c6d33b3747eee4e321", "number": "4023505105", "date": "2021-01-22 12:44:00", "subject": "3", "recorded-or-robo": "", "city": "", "state": "NE", "area-code": "402"}, {"id": "1d36742e3f24f50e4e7ae8280179f3cc", "number": "4023505105", "date": "2021-01-22 12:44:00", "subject": "3", "recorded-or-robo": "", "city": "", "state": "NE", "area-code": "402"}, {"id": "e81c9350d54f66c6d33b3747eee4da66", "number": "6417108568", "date": "2021-01-21 11:47:00", "subject": "5", "recorded-or-robo": "Y", "city": "", "state": "IA", "area-code": "319"}, {"id": "1d36742e3f24f50e4e7ae8280179e913", "number": "6417108568", "date": "2021-01-21 11:47:00", "subject": "5", "recorded-or-robo": "Y", "city": "", "state": "IA", "area-code": "319"}, {"id": "e81c9350d54f66c6d33b3747eee4d64e", "number": "3144958050", "date": "2021-01-22 05:22:00", "subject": "2", "recorded-or-robo": "", "city": "Wildwood", "state": "MO", "area-code": "314"}, {"id": "1d36742e3f24f50e4e7ae8280179da6c", "number": "3144958050", "date": "2021-01-22 05:22:00", "subject": "2", "recorded-or-robo": "", "city": "Wildwood", "state": "MO", "area-code": "314"}, {"id": "e81c9350d54f66c6d33b3747eee4c9c2", "number": "", "date": "2021-01-23 12:00:00", "subject": "2", "recorded-or-robo": "N", "city": "La Quinta", "state": "CA", "area-code": "760"}, {"id": "1d36742e3f24f50e4e7ae8280179d2ee", "number": "", "date": "2021-01-23 12:00:00", "subject": "2", "recorded-or-robo": "N", "city": "La Quinta", "state": "CA", "area-code": "760"}, {"id": "e81c9350d54f66c6d33b3747eee4c1ac", "number": "9785264623", "date": "2021-01-23 01:02:00", "subject": "3", "recorded-or-robo": "Y", "city": "", "state": "MA", "area-code": "978"}, {"id": "1d36742e3f24f50e4e7ae8280179ce03", "number": "9785264623", "date": "2021-01-23 01:02:00", "subject": "3", "recorded-or-robo": "Y", "city": "", "state": "MA", "area-code": "978"}, {"id": "e81c9350d54f66c6d33b3747eee4bd1e", "number": "4025792237", "date": "2021-01-22 10:09:00", "subject": "2", "recorded-or-robo": "", "city": "", "state": "NE", "area-code": "402"}]}