{"data": [{"id": "1d36742e3f24f50e4e7ae82801ce5522", "number": "4402916461", "date": "2021-01-23 15:38:00", "subject": "2", "recorded-or-robo": "N", "city": "", "state": "OH", "area-code": "440"}, {"id": "3decc6bfadaa436a105714c6ba792cfb", "number": "4077735759", "date": "2021-01-23 16:37:20", "subject": "3", "recorded-or-robo": "Y", "city": "", "state": "FL", "area-code": "407"}, {"id": "3decc6bfadaa436a105714c6ba3807d4", "number": "6162622494", "date": "2021-01-23 00:00:00", "subject": "2", "recorded-or-robo": "Y", "city": "belmont", "state": "MI", "area-code": "808"}, {"id": "1d36742e3f24f50e4e7ae82801ce4d28", "number": "6162622494", "date": "2021-01-23 00:00:00", "subject": "2", "recorded-or-robo": "Y", "city": "belmont", "state": "MI", "area-code": "808"}, {"id": "03e293b3df9e35eadf15c561190f9037", "number": "4077735759", "date": "2021-01-23 16:37:20", "subject": "3", "recorded-or-robo": "Y", "city": "", "state": "FL", "area-code": "407"}, {"id": "3decc6bfadaa436a105714c6ba380704", "number": "7168642116", "date": "2021-01-23 00:23:00", "subject": "3", "recorded-or-robo": "", "city": "dewitt", "state": "NY", "area-code": "315"}, {"id": "1d36742e3f24f50e4e7ae82801ce4ac6", "number": "7168642116", "date": "2021-01-23 00:23:00", "subject": "3", "recorded-or-robo": "", "city": "dewitt", "state": "NY", "area-code": "315"}, {"id": "3decc6bfadaa436a105714c6ba37f929", "number": "", "date": "2021-01-23 09:42:00", "subject": "1", "recorded-or-robo": "N", "city": "", "state": "CA", "area-code": "310"}, {"id": "1d36742e3f24f50e4e7ae82801ce43c0", "number": "", "date": "2021-01-23 09:42:00", "subject": "1", "recorded-or-robo": "N", "city": "", "state": "CA", "area-code": "310"}, {"id": "3decc6bfadaa436a105714c6ba37f48e", "number": "4176409894", "date": "2021-01-22 13:35:00", "subject": "0", "recorded-or-robo": "Y", "city": "BELLEVUE", "state": "WA", "area-code": "425"}, {"id": "1d36742e3f24f50e4e7ae82801ce3cc9", "number": "4176409894", "date": "2021-01-22 13:35:00", "subject": "0", "recorded-or-robo": "Y", "city": "BELLEVUE", "state": "WA", "area-code": "425"}, {"id": "3decc6bfadaa436a105714c6ba79421c", "number": "+15058832927", "date": "2021-01-23 16:36:07", "subject": "3", "recorded-or-robo": "Y", "city": "", "state": "NM", "area-code": "505"}, {"id": "03e293b3df9e35eadf15c561190fb8d9", "number": "+15058832927", "date": "2021-01-23 16:36:07", "subject": "3", "recorded-or-robo": "Y", "city": "", "state": "NM", "area-code": "505"}, {"id": "3decc6bfadaa436a105714c6ba37ddfa", "number": "2543214068", "date": "2021-01-21 14:33:00", "subject": "3", "recorded-or-robo": "N", "city": "", "state": "TX", "area-code": "972"}, {"id": "1d36742e3f24f50e4e7ae82801ce3069", "number": "2543214068", "date": "2021-01-21 14:33:00", "subject": "3", "recorded-or-robo": "N", "city": "", "state": "TX", "area-code": "972"}, {"id": "3decc6bfadaa436a105714c6ba37ec2a", "number": "7166843000", "date": "2021-01-22 19:36:00", "subject": "3", "recorded-or-robo": "", "city": "dewitt", "state": "NY", "area-code": "315"}, {"id": "1d36742e3f24f50e4e7ae82801ce38c3", "number": "7166843000", "date": "2021-01-22 19:36:00", "subject": "3", "recorded-or-robo": "", "city": "dewitt", "state": "NY", "area-code": "315"}, {"id": "3decc6bfadaa436a105714c6ba37e46c", "number": "6173908331", "date": "2021-01-21 10:56:00", "subject": "0", "recorded-or-robo": "Y", "city": "randolph", "state": "MA", "area-code": "781"}, {"id": "1d36742e3f24f50e4e7ae82801ce35ba", "number": "6173908331", "date": "2021-01-21 10:56:00", "subject": "0", "recorded-or-robo": "Y", "city": "randolph", "state": "MA", "area-code": "781"}, {"id": "3decc6bfadaa436a105714c6ba37d307", "number": "7757730437", "date": "2021-01-23 11:00:00", "subject": "4", "recorded-or-robo": "Y", "city": "Reno", "state": "NV", "area-code": "775"}, {"id": "1d36742e3f24f50e4e7ae82801ce25fa", "number": "7757730437", "date": "2021-01-23 11:00:00", "subject": "4", "recorded-or-robo": "Y", "city": "Reno", "state": "NV", "area-code": "775"}, {"id": "3decc6bfadaa436a105714c6ba78ecb7", "number": "3475931328", "date": "2021-01-23 16:35:40", "subject": "3", "recorded-or-robo": "N", "city": "", "state": "FL", "area-code": "772"}, {"id": "03e293b3df9e35eadf15c561190f4ea5", "number": "3475931328", "date": "2021-01-23 16:35:40", "subject": "3", "recorded-or-robo": "N", "city": "", "state": "FL", "area-code": "772"}, {"id": "3decc6bfadaa436a105714c6ba37c63d", "number": "5092844269", "date": "2021-01-22 12:29:00", "subject": "0", "recorded-or-robo": "Y", "city": "BELLEVUE", "state": "WA", "area-code": "425"}, {"id": "1d36742e3f24f50e4e7ae82801ce1dd2", "number": "5092844269", "date": "2021-01-22 12:29:00", "subject": "0", "recorded-or-robo": "Y", "city": "BELLEVUE", "state": "WA", "area-code": "425"}, {"id": "3decc6bfadaa436a105714c6ba37b741", "number": "9542040135", "date": "2021-01-22 14:00:00", "subject": "4", "recorded-or-robo": "Y", "city": "Sunrise", "state": "FL", "area-code": "954"}, {"id": "1d36742e3f24f50e4e7ae82801ce1712", "number": "9542040135", "date": "2021-01-22 14:00:00", "subject": "4", "recorded-or-robo": "Y", "city": "Sunrise", "state": "FL", "area-code": "954"}, {"id": "3decc6bfadaa436a105714c6ba78dde5", "number": "+17609381245", "date": "2021-01-23 16:35:26", "subject": "3", "recorded-or-robo": "Y", "city": "", "state": "CA", "area-code": "760"}, {"id": "03e293b3df9e35eadf15c561190f3494", "number": "+17609381245", "date": "2021-01-23 16:35:26", "subject": "3", "recorded-or-robo": "Y", "city": "", "state": "CA", "area-code": "760"}, {"id": "3decc6bfadaa436a105714c6ba7908d1", "number": "+12817143435", "date": "2021-01-23 16:35:21", "subject": "3", "recorded-or-robo": "Y", "city": "", "state": "TX", "area-code": "281"}, {"id": "03e293b3df9e35eadf15c561190f72fb", "number": "+12817143435", "date": "2021-01-23 16:35:21", "subject": "3", "recorded-or-robo": "Y", "city": "", "state": "TX", "area-code": "281"}, {"id": "3decc6bfadaa436a105714c6ba37b0eb", "number": "", "date": "2021-01-23 16:05:00", "subject": "1", "recorded-or-robo": "N", "city": "Jacksonville", "state": "FL", "area-code": "904"}, {"id": "1d36742e3f24f50e4e7ae82801ce1634", "number": "", "date": "2021-01-23 16:05:00", "subject": "1", "recorded-or-robo": "N", "city": "Jacksonville", "state": "FL", "area-code": "904"}, {"id": "3decc6bfadaa436a105714c6ba791711", "number": "+18554074772", "date": "2021-01-23 16:35:01", "subject": "3", "recorded-or-robo": "N", "city": "", "state": "CA", "area-code": "760"}, {"id": "03e293b3df9e35eadf15c561190f7f72", "number": "+18554074772", "date": "2021-01-23 16:35:01", "subject": "3", "recorded-or-robo": "N", "city": "", "state": "CA", "area-code": "760"}, {"id": "3decc6bfadaa436a105714c6ba78c847", "number": "+15093410253", "date": "2021-01-23 16:34:45", "subject": "3", "recorded-or-robo": "Y", "city": "", "state": "WA", "area-code": "509"}, {"id": "3decc6bfadaa436a105714c6ba37a412", "number": "4093513597", "date": "2021-01-23 15:02:00", "subject": "1", "recorded-or-robo": "Y", "city": "", "state": "TX", "area-code": "409"}, {"id": "1d36742e3f24f50e4e7ae82801ce083f", "number": "4093513597", "date": "2021-01-23 15:02:00", "subject": "1", "recorded-or-robo": "Y", "city": "", "state": "TX", "area-code": "409"}, {"id": "03e293b3df9e35eadf15c561190f1f70", "number": "+15093410253", "date": "2021-01-23 16:34:45", "subject": "3", "recorded-or-robo": "Y", "city": "", "state": "WA", "area-code": "509"}, {"id": "3decc6bfadaa436a105714c6ba78e8e3", "number": "+19014227505", "date": "2021-01-23 16:34:44", "subject": "3", "recorded-or-robo": "Y", "city": "", "state": "CA", "area-code": "760"}, {"id": "03e293b3df9e35eadf15c561190f44e9", "number": "+19014227505", "date": "2021-01-23 16:34:44", "subject": "3", "recorded-or-robo": "Y", "city": "", "state": "CA", "area-code": "760"}, {"id": "3decc6bfadaa436a105714c6ba3794f3", "number": "2162303158", "date": "2021-01-21 13:20:00", "subject": "0", "recorded-or-robo": "Y", "city": "BELLEVUE", "state": "WA", "area-code": "425"}, {"id": "1d36742e3f24f50e4e7ae82801cdfc7f", "number": "2162303158", "date": "2021-01-21 13:20:00", "subject": "0", "recorded-or-robo": "Y", "city": "BELLEVUE", "state": "WA", "area-code": "425"}, {"id": "3decc6bfadaa436a105714c6ba3792b5", "number": "8609515932", "date": "2021-01-23 16:30:00", "subject": "3", "recorded-or-robo": "", "city": "", "state": "CT", "area-code": "860"}, {"id": "1d36742e3f24f50e4e7ae82801cdf8aa", "number": "8609515932", "date": "2021-01-23 16:30:00", "subject": "3", "recorded-or-robo": "", "city": "", "state": "CT", "area-code": "860"}, {"id": "3decc6bfadaa436a105714c6ba78e7c4", "number": "6513712105", "date": "2021-01-23 16:34:40", "subject": "3", "recorded-or-robo": "Y", "city": "", "state": "MN", "area-code": "651"}, {"id": "3decc6bfadaa436a105714c6ba378b33", "number": "7609442527", "date": "2021-01-23 13:28:00", "subject": "1", "recorded-or-robo": "Y", "city": "Carlsbad", "state": "CA", "area-code": "760"}, {"id": "1d36742e3f24f50e4e7ae82801cdf635", "number": "7609442527", "date": "2021-01-23 13:28:00", "subject": "1", "recorded-or-robo": "Y", "city": "Carlsbad", "state": "CA", "area-code": "760"}, {"id": "03e293b3df9e35eadf15c561190f3bdc", "number": "6513712105", "date": "2021-01-23 16:34:40", "subject": "3", "recorded-or-robo": "Y", "city": "", "state": "MN", "area-code": "651"}, {"id": "3decc6bfadaa436a105714c6ba377c11", "number": "9374103667", "date": "2021-01-23 16:16:00", "subject": "3", "recorded-or-robo": "N", "city": "", "state": "OH", "area-code": "513"}]}