{"data": [{"id": "1d36742e3f24f50e4e7ae8280197862e", "number": "8453078067", "date": "2021-01-22 12:21:00", "subject": "2", "recorded-or-robo": "", "city": "WAPPINGERS FALLS", "state": "NY", "area-code": "845"}, {"id": "3decc6bfadaa436a105714c6ba0028f2", "number": "9144234358", "date": "2021-01-23 11:04:00", "subject": "1", "recorded-or-robo": "Y", "city": "Yonkers", "state": "NY", "area-code": "914"}, {"id": "1d36742e3f24f50e4e7ae82801976da1", "number": "9144234358", "date": "2021-01-23 11:04:00", "subject": "1", "recorded-or-robo": "Y", "city": "Yonkers", "state": "NY", "area-code": "914"}, {"id": "3decc6bfadaa436a105714c6ba0026f3", "number": "4088223479", "date": "2021-01-02 13:10:00", "subject": "2", "recorded-or-robo": "Y", "city": "", "state": "IL", "area-code": "847"}, {"id": "1d36742e3f24f50e4e7ae828019764f0", "number": "4088223479", "date": "2021-01-02 13:10:00", "subject": "2", "recorded-or-robo": "Y", "city": "", "state": "IL", "area-code": "847"}, {"id": "3decc6bfadaa436a105714c6ba002019", "number": "6602007620", "date": "2021-01-23 10:19:00", "subject": "2", "recorded-or-robo": "Y", "city": "Butler", "state": "MO", "area-code": "660"}, {"id": "3decc6bfadaa436a105714c6ba00113d", "number": "7578234063", "date": "2021-01-20 14:01:00", "subject": "5", "recorded-or-robo": "", "city": "", "state": "VA", "area-code": "757"}, {"id": "1d36742e3f24f50e4e7ae82801975ed4", "number": "6602007620", "date": "2021-01-23 10:19:00", "subject": "2", "recorded-or-robo": "Y", "city": "Butler", "state": "MO", "area-code": "660"}, {"id": "1d36742e3f24f50e4e7ae82801975a6e", "number": "7578234063", "date": "2021-01-20 14:01:00", "subject": "5", "recorded-or-robo": "", "city": "", "state": "VA", "area-code": "757"}, {"id": "3decc6bfadaa436a105714c6ba00014d", "number": "5072002929", "date": "2021-01-23 11:39:00", "subject": "2", "recorded-or-robo": "N", "city": "FREDERIC", "state": "WI", "area-code": "507"}, {"id": "1d36742e3f24f50e4e7ae82801975542", "number": "5072002929", "date": "2021-01-23 11:39:00", "subject": "2", "recorded-or-robo": "N", "city": "FREDERIC", "state": "WI", "area-code": "507"}, {"id": "e81c9350d54f66c6d33b3747eefff4ff", "number": "5109834658", "date": "2021-01-19 12:46:00", "subject": "6", "recorded-or-robo": "Y", "city": "Hayward", "state": "CA", "area-code": "510"}, {"id": "1d36742e3f24f50e4e7ae82801974c93", "number": "5109834658", "date": "2021-01-19 12:46:00", "subject": "6", "recorded-or-robo": "Y", "city": "Hayward", "state": "CA", "area-code": "510"}, {"id": "e81c9350d54f66c6d33b3747eeffe9d8", "number": "7207705818", "date": "2021-01-19 09:13:00", "subject": "2", "recorded-or-robo": "N", "city": "", "state": "CO", "area-code": "720"}, {"id": "1d36742e3f24f50e4e7ae82801974a2a", "number": "7207705818", "date": "2021-01-19 09:13:00", "subject": "2", "recorded-or-robo": "N", "city": "", "state": "CO", "area-code": "720"}, {"id": "e81c9350d54f66c6d33b3747eeffde8b", "number": "7026767203", "date": "2021-01-20 10:44:00", "subject": "0", "recorded-or-robo": "Y", "city": "North Las Vegas", "state": "NV", "area-code": "702"}, {"id": "1d36742e3f24f50e4e7ae828019749d9", "number": "7026767203", "date": "2021-01-20 10:44:00", "subject": "0", "recorded-or-robo": "Y", "city": "North Las Vegas", "state": "NV", "area-code": "702"}, {"id": "e81c9350d54f66c6d33b3747eeffd074", "number": "6514607413", "date": "2021-01-21 09:58:00", "subject": "4", "recorded-or-robo": "Y", "city": "", "state": "MN", "area-code": "763"}, {"id": "1d36742e3f24f50e4e7ae82801974901", "number": "6514607413", "date": "2021-01-21 09:58:00", "subject": "4", "recorded-or-robo": "Y", "city": "", "state": "MN", "area-code": "763"}, {"id": "e81c9350d54f66c6d33b3747eeffc244", "number": "3238971635", "date": "2021-01-23 09:07:00", "subject": "4", "recorded-or-robo": "Y", "city": "", "state": "CA", "area-code": "323"}, {"id": "e81c9350d54f66c6d33b3747eeffbfcb", "number": "8475970580", "date": "2021-01-13 19:53:00", "subject": "2", "recorded-or-robo": "Y", "city": "", "state": "IL", "area-code": "847"}, {"id": "1d36742e3f24f50e4e7ae82801973bbf", "number": "3238971635", "date": "2021-01-23 09:07:00", "subject": "4", "recorded-or-robo": "Y", "city": "", "state": "CA", "area-code": "323"}, {"id": "1d36742e3f24f50e4e7ae82801973160", "number": "8475970580", "date": "2021-01-13 19:53:00", "subject": "2", "recorded-or-robo": "Y", "city": "", "state": "IL", "area-code": "847"}, {"id": "e81c9350d54f66c6d33b3747eeffbdfe", "number": "3072745224", "date": "2021-01-23 10:47:00", "subject": "1", "recorded-or-robo": "Y", "city": "", "state": "WY", "area-code": "307"}, {"id": "1d36742e3f24f50e4e7ae828019727be", "number": "3072745224", "date": "2021-01-23 10:47:00", "subject": "1", "recorded-or-robo": "Y", "city": "", "state": "WY", "area-code": "307"}, {"id": "e81c9350d54f66c6d33b3747eeffbcf4", "number": "7752042477", "date": "2021-01-23 12:44:00", "subject": "3", "recorded-or-robo": "Y", "city": "", "state": "SC", "area-code": "803"}, {"id": "1d36742e3f24f50e4e7ae8280197183c", "number": "7752042477", "date": "2021-01-23 12:44:00", "subject": "3", "recorded-or-robo": "Y", "city": "", "state": "SC", "area-code": "803"}, {"id": "e81c9350d54f66c6d33b3747eeffb03f", "number": "5027381415", "date": "2021-01-23 09:37:00", "subject": "2", "recorded-or-robo": "Y", "city": "", "state": "CO", "area-code": "303"}, {"id": "1d36742e3f24f50e4e7ae8280197109a", "number": "5027381415", "date": "2021-01-23 09:37:00", "subject": "2", "recorded-or-robo": "Y", "city": "", "state": "CO", "area-code": "303"}, {"id": "e81c9350d54f66c6d33b3747eeffa814", "number": "7705325141", "date": "2021-01-23 12:47:00", "subject": "2", "recorded-or-robo": "N", "city": "Waycross", "state": "GA", "area-code": "912"}, {"id": "1d36742e3f24f50e4e7ae82801970b70", "number": "7705325141", "date": "2021-01-23 12:47:00", "subject": "2", "recorded-or-robo": "N", "city": "Waycross", "state": "GA", "area-code": "912"}, {"id": "e81c9350d54f66c6d33b3747eeff98a7", "number": "", "date": "2021-01-19 13:08:00", "subject": "3", "recorded-or-robo": "", "city": "", "state": "VA", "area-code": "757"}, {"id": "1d36742e3f24f50e4e7ae82801970a3d", "number": "", "date": "2021-01-19 13:08:00", "subject": "3", "recorded-or-robo": "", "city": "", "state": "VA", "area-code": "757"}, {"id": "e81c9350d54f66c6d33b3747eeff951c", "number": "757423114", "date": "2021-01-23 12:49:00", "subject": "6", "recorded-or-robo": "Y", "city": "Virginia Beach", "state": "VA", "area-code": "757"}, {"id": "1d36742e3f24f50e4e7ae82801970450", "number": "757423114", "date": "2021-01-23 12:49:00", "subject": "6", "recorded-or-robo": "Y", "city": "Virginia Beach", "state": "VA", "area-code": "757"}, {"id": "e81c9350d54f66c6d33b3747eeff8ebc", "number": "9729578402", "date": "2021-01-18 15:04:00", "subject": "3", "recorded-or-robo": "", "city": "", "state": "VA", "area-code": "757"}, {"id": "1d36742e3f24f50e4e7ae8280196fa4b", "number": "9729578402", "date": "2021-01-18 15:04:00", "subject": "3", "recorded-or-robo": "", "city": "", "state": "VA", "area-code": "757"}, {"id": "e81c9350d54f66c6d33b3747eeff8ca9", "number": "7758634894", "date": "2021-01-22 13:59:00", "subject": "1", "recorded-or-robo": "N", "city": "Glendale", "state": "WI", "area-code": "414"}, {"id": "1d36742e3f24f50e4e7ae8280196efd9", "number": "7758634894", "date": "2021-01-22 13:59:00", "subject": "1", "recorded-or-robo": "N", "city": "Glendale", "state": "WI", "area-code": "414"}, {"id": "e81c9350d54f66c6d33b3747eeff7f5f", "number": "8475084785", "date": "2021-01-15 13:15:00", "subject": "2", "recorded-or-robo": "Y", "city": "", "state": "IL", "area-code": "847"}, {"id": "1d36742e3f24f50e4e7ae8280196eda7", "number": "8475084785", "date": "2021-01-15 13:15:00", "subject": "2", "recorded-or-robo": "Y", "city": "", "state": "IL", "area-code": "847"}, {"id": "e81c9350d54f66c6d33b3747eeff7220", "number": "2818321609", "date": "2021-01-23 10:05:00", "subject": "2", "recorded-or-robo": "Y", "city": "Houston", "state": "TX", "area-code": "281"}, {"id": "1d36742e3f24f50e4e7ae8280196e068", "number": "2818321609", "date": "2021-01-23 10:05:00", "subject": "2", "recorded-or-robo": "Y", "city": "Houston", "state": "TX", "area-code": "281"}, {"id": "e81c9350d54f66c6d33b3747eeff6732", "number": "4043830427", "date": "2021-01-22 11:39:00", "subject": "2", "recorded-or-robo": "Y", "city": "Atlanta", "state": "GA", "area-code": "404"}, {"id": "1d36742e3f24f50e4e7ae8280196db3d", "number": "4043830427", "date": "2021-01-22 11:39:00", "subject": "2", "recorded-or-robo": "Y", "city": "Atlanta", "state": "GA", "area-code": "404"}, {"id": "e81c9350d54f66c6d33b3747eeff5f5a", "number": "7204149163", "date": "2021-01-19 08:20:00", "subject": "2", "recorded-or-robo": "N", "city": "", "state": "CO", "area-code": "720"}, {"id": "1d36742e3f24f50e4e7ae8280196cf83", "number": "7204149163", "date": "2021-01-19 08:20:00", "subject": "2", "recorded-or-robo": "N", "city": "", "state": "CO", "area-code": "720"}, {"id": "e81c9350d54f66c6d33b3747eeff53ec", "number": "9544336860", "date": "2021-01-23 11:45:00", "subject": "3", "recorded-or-robo": "", "city": "Papillion", "state": "NE", "area-code": "402"}, {"id": "1d36742e3f24f50e4e7ae8280196ce79", "number": "9544336860", "date": "2021-01-23 11:45:00", "subject": "3", "recorded-or-robo": "", "city": "Papillion", "state": "NE", "area-code": "402"}, {"id": "e81c9350d54f66c6d33b3747eeff4469", "number": "2033702582", "date": "2021-01-23 12:48:00", "subject": "2", "recorded-or-robo": "N", "city": "", "state": "CT", "area-code": "203"}]}