{"data": [{"id": "1d36742e3f24f50e4e7ae82801742e17", "number": "5865634377", "date": "2021-01-21 03:20:00", "subject": "2", "recorded-or-robo": "", "city": "Barton City", "state": "MI", "area-code": "586"}, {"id": "e81c9350d54f66c6d33b3747eedebf52", "number": "3018577355", "date": "2021-01-22 15:44:00", "subject": "2", "recorded-or-robo": "Y", "city": "Bethesda", "state": "MD", "area-code": "301"}, {"id": "1d36742e3f24f50e4e7ae82801741e1e", "number": "3018577355", "date": "2021-01-22 15:44:00", "subject": "2", "recorded-or-robo": "Y", "city": "Bethesda", "state": "MD", "area-code": "301"}, {"id": "e81c9350d54f66c6d33b3747eedeb0ba", "number": "2628246374", "date": "2021-01-22 10:56:00", "subject": "0", "recorded-or-robo": "", "city": "", "state": "WI", "area-code": "262"}, {"id": "1d36742e3f24f50e4e7ae82801740b9b", "number": "2628246374", "date": "2021-01-22 10:56:00", "subject": "0", "recorded-or-robo": "", "city": "", "state": "WI", "area-code": "262"}, {"id": "e81c9350d54f66c6d33b3747eedea139", "number": "8665272336", "date": "2021-01-22 14:35:00", "subject": "2", "recorded-or-robo": "", "city": "Maryland Heights", "state": "MO", "area-code": "314"}, {"id": "e81c9350d54f66c6d33b3747eede9ea6", "number": "5868399090", "date": "2021-01-21 17:10:00", "subject": "2", "recorded-or-robo": "", "city": "Barton City", "state": "MI", "area-code": "586"}, {"id": "1d36742e3f24f50e4e7ae8280173fd33", "number": "8665272336", "date": "2021-01-22 14:35:00", "subject": "2", "recorded-or-robo": "", "city": "Maryland Heights", "state": "MO", "area-code": "314"}, {"id": "1d36742e3f24f50e4e7ae8280173fce9", "number": "5868399090", "date": "2021-01-21 17:10:00", "subject": "2", "recorded-or-robo": "", "city": "Barton City", "state": "MI", "area-code": "586"}, {"id": "e81c9350d54f66c6d33b3747eede932d", "number": "6313735025", "date": "2021-01-21 16:27:00", "subject": "1", "recorded-or-robo": "Y", "city": "Holtsville", "state": "NY", "area-code": "631"}, {"id": "1d36742e3f24f50e4e7ae8280173fc68", "number": "6313735025", "date": "2021-01-21 16:27:00", "subject": "1", "recorded-or-robo": "Y", "city": "Holtsville", "state": "NY", "area-code": "631"}, {"id": "e81c9350d54f66c6d33b3747eede8ce6", "number": "7188139416", "date": "2021-01-23 10:01:00", "subject": "3", "recorded-or-robo": "Y", "city": "", "state": "NY", "area-code": "718"}, {"id": "1d36742e3f24f50e4e7ae8280173f036", "number": "7188139416", "date": "2021-01-23 10:01:00", "subject": "3", "recorded-or-robo": "Y", "city": "", "state": "NY", "area-code": "718"}, {"id": "e81c9350d54f66c6d33b3747eede8774", "number": "8633133724", "date": "2021-01-22 16:40:00", "subject": "4", "recorded-or-robo": "Y", "city": "Tampa", "state": "FL", "area-code": "813"}, {"id": "1d36742e3f24f50e4e7ae8280173e1d0", "number": "8633133724", "date": "2021-01-22 16:40:00", "subject": "4", "recorded-or-robo": "Y", "city": "Tampa", "state": "FL", "area-code": "813"}, {"id": "3decc6bfadaa436a105714c6ba556238", "number": "+17609035160", "date": "2021-01-23 10:39:53", "subject": "3", "recorded-or-robo": "Y", "city": "", "state": "CA", "area-code": "760"}, {"id": "1d36742e3f24f50e4e7ae82801eb8570", "number": "+17609035160", "date": "2021-01-23 10:39:53", "subject": "3", "recorded-or-robo": "Y", "city": "", "state": "CA", "area-code": "760"}, {"id": "e81c9350d54f66c6d33b3747eede779e", "number": "9493518126", "date": "2021-01-22 00:00:00", "subject": "9", "recorded-or-robo": "Y", "city": "", "state": "CA", "area-code": "949"}, {"id": "1d36742e3f24f50e4e7ae8280173e09f", "number": "9493518126", "date": "2021-01-22 00:00:00", "subject": "9", "recorded-or-robo": "Y", "city": "", "state": "CA", "area-code": "949"}, {"id": "e81c9350d54f66c6d33b3747eede69a1", "number": "8665275058", "date": "2021-01-22 13:50:00", "subject": "2", "recorded-or-robo": "", "city": "Maryland Heights", "state": "MO", "area-code": "314"}, {"id": "1d36742e3f24f50e4e7ae8280173d3e4", "number": "8665275058", "date": "2021-01-22 13:50:00", "subject": "2", "recorded-or-robo": "", "city": "Maryland Heights", "state": "MO", "area-code": "314"}, {"id": "e81c9350d54f66c6d33b3747eede634f", "number": "4048823517", "date": "2021-01-23 09:43:00", "subject": "2", "recorded-or-robo": "Y", "city": "Atlanta", "state": "GA", "area-code": "404"}, {"id": "1d36742e3f24f50e4e7ae8280173d1a4", "number": "4048823517", "date": "2021-01-23 09:43:00", "subject": "2", "recorded-or-robo": "Y", "city": "Atlanta", "state": "GA", "area-code": "404"}, {"id": "e81c9350d54f66c6d33b3747eede556a", "number": "3852617110", "date": "2021-01-23 08:14:00", "subject": "2", "recorded-or-robo": "Y", "city": "Fishtail", "state": "MT", "area-code": "406"}, {"id": "1d36742e3f24f50e4e7ae8280173cd37", "number": "3852617110", "date": "2021-01-23 08:14:00", "subject": "2", "recorded-or-robo": "Y", "city": "Fishtail", "state": "MT", "area-code": "406"}, {"id": "e81c9350d54f66c6d33b3747eede4cc7", "number": "69084382", "date": "2021-01-23 03:08:00", "subject": "2", "recorded-or-robo": "Y", "city": "Pontiac", "state": "MI", "area-code": "872"}, {"id": "1d36742e3f24f50e4e7ae8280173c272", "number": "69084382", "date": "2021-01-23 03:08:00", "subject": "2", "recorded-or-robo": "Y", "city": "Pontiac", "state": "MI", "area-code": "872"}, {"id": "e81c9350d54f66c6d33b3747eede4a8f", "number": "", "date": "2021-01-22 15:44:00", "subject": "2", "recorded-or-robo": "Y", "city": "Bethesda", "state": "MD", "area-code": "301"}, {"id": "1d36742e3f24f50e4e7ae8280173c1f2", "number": "", "date": "2021-01-22 15:44:00", "subject": "2", "recorded-or-robo": "Y", "city": "Bethesda", "state": "MD", "area-code": "301"}, {"id": "e81c9350d54f66c6d33b3747eede3aec", "number": "5672214958", "date": "2021-01-23 10:35:00", "subject": "2", "recorded-or-robo": "N", "city": "Toledo", "state": "OH", "area-code": "419"}, {"id": "1d36742e3f24f50e4e7ae8280173bc42", "number": "5672214958", "date": "2021-01-23 10:35:00", "subject": "2", "recorded-or-robo": "N", "city": "Toledo", "state": "OH", "area-code": "419"}, {"id": "e81c9350d54f66c6d33b3747eede3613", "number": "3372678256", "date": "2021-01-23 09:32:00", "subject": "6", "recorded-or-robo": "Y", "city": "Scott", "state": "LA", "area-code": "337"}, {"id": "1d36742e3f24f50e4e7ae8280173b164", "number": "3372678256", "date": "2021-01-23 09:32:00", "subject": "6", "recorded-or-robo": "Y", "city": "Scott", "state": "LA", "area-code": "337"}, {"id": "e81c9350d54f66c6d33b3747eede2916", "number": "8635553452", "date": "2021-01-23 09:32:00", "subject": "6", "recorded-or-robo": "N", "city": "North Riverside", "state": "IL", "area-code": "708"}, {"id": "1d36742e3f24f50e4e7ae8280173a552", "number": "8635553452", "date": "2021-01-23 09:32:00", "subject": "6", "recorded-or-robo": "N", "city": "North Riverside", "state": "IL", "area-code": "708"}, {"id": "3decc6bfadaa436a105714c6ba5761a7", "number": "6109146926", "date": "2021-01-23 10:31:00", "subject": "3", "recorded-or-robo": "N", "city": "", "state": "PA", "area-code": "610"}, {"id": "1d36742e3f24f50e4e7ae82801edd1a7", "number": "6109146926", "date": "2021-01-23 10:31:00", "subject": "3", "recorded-or-robo": "N", "city": "", "state": "PA", "area-code": "610"}, {"id": "e81c9350d54f66c6d33b3747eede1ebb", "number": "6052236347", "date": "2021-01-20 12:57:00", "subject": "2", "recorded-or-robo": "", "city": "Rapid City", "state": "SD", "area-code": "605"}, {"id": "1d36742e3f24f50e4e7ae8280173a386", "number": "6052236347", "date": "2021-01-20 12:57:00", "subject": "2", "recorded-or-robo": "", "city": "Rapid City", "state": "SD", "area-code": "605"}, {"id": "e81c9350d54f66c6d33b3747eede1d8b", "number": "7162889057", "date": "2021-01-21 17:05:00", "subject": "1", "recorded-or-robo": "Y", "city": "lancaster", "state": "NY", "area-code": "716"}, {"id": "1d36742e3f24f50e4e7ae82801739967", "number": "7162889057", "date": "2021-01-21 17:05:00", "subject": "1", "recorded-or-robo": "Y", "city": "lancaster", "state": "NY", "area-code": "716"}, {"id": "e81c9350d54f66c6d33b3747eede1bbe", "number": "3016865669", "date": "2021-01-23 10:08:00", "subject": "4", "recorded-or-robo": "Y", "city": "Bethesda", "state": "MD", "area-code": "301"}, {"id": "1d36742e3f24f50e4e7ae8280173914c", "number": "3016865669", "date": "2021-01-23 10:08:00", "subject": "4", "recorded-or-robo": "Y", "city": "Bethesda", "state": "MD", "area-code": "301"}, {"id": "e81c9350d54f66c6d33b3747eede1a4f", "number": "5046198178", "date": "2021-01-21 12:00:00", "subject": "2", "recorded-or-robo": "Y", "city": "Falls Church", "state": "VA", "area-code": "703"}, {"id": "1d36742e3f24f50e4e7ae82801738236", "number": "5046198178", "date": "2021-01-21 12:00:00", "subject": "2", "recorded-or-robo": "Y", "city": "Falls Church", "state": "VA", "area-code": "703"}, {"id": "e81c9350d54f66c6d33b3747eede13ee", "number": "6313182835", "date": "2021-01-23 10:31:00", "subject": "7", "recorded-or-robo": "Y", "city": "Holtsville", "state": "NY", "area-code": "631"}, {"id": "1d36742e3f24f50e4e7ae82801738128", "number": "6313182835", "date": "2021-01-23 10:31:00", "subject": "7", "recorded-or-robo": "Y", "city": "Holtsville", "state": "NY", "area-code": "631"}, {"id": "e81c9350d54f66c6d33b3747eede106f", "number": "7733654645", "date": "2021-01-22 10:04:00", "subject": "2", "recorded-or-robo": "Y", "city": "Chicago", "state": "IL", "area-code": "773"}, {"id": "1d36742e3f24f50e4e7ae82801737f8c", "number": "7733654645", "date": "2021-01-22 10:04:00", "subject": "2", "recorded-or-robo": "Y", "city": "Chicago", "state": "IL", "area-code": "773"}, {"id": "e81c9350d54f66c6d33b3747eede0c0b", "number": "8665274955", "date": "2021-01-22 13:44:00", "subject": "2", "recorded-or-robo": "", "city": "Maryland Heights", "state": "MO", "area-code": "314"}]}