{"data": [{"id": "1d36742e3f24f50e4e7ae82801737aa5", "number": "8665274955", "date": "2021-01-22 13:44:00", "subject": "2", "recorded-or-robo": "", "city": "Maryland Heights", "state": "MO", "area-code": "314"}, {"id": "e81c9350d54f66c6d33b3747eede0582", "number": "3159514300", "date": "2021-01-23 09:39:00", "subject": "2", "recorded-or-robo": "Y", "city": "", "state": "NY", "area-code": "315"}, {"id": "1d36742e3f24f50e4e7ae828017370a8", "number": "3159514300", "date": "2021-01-23 09:39:00", "subject": "2", "recorded-or-robo": "Y", "city": "", "state": "NY", "area-code": "315"}, {"id": "3decc6bfadaa436a105714c6ba555ca3", "number": "7549993848", "date": "2021-01-23 10:35:54", "subject": "3", "recorded-or-robo": "N", "city": "", "state": "FL", "area-code": "754"}, {"id": "1d36742e3f24f50e4e7ae82801eb75e3", "number": "7549993848", "date": "2021-01-23 10:35:54", "subject": "3", "recorded-or-robo": "N", "city": "", "state": "FL", "area-code": "754"}, {"id": "3decc6bfadaa436a105714c6ba555a09", "number": "7549993899", "date": "2021-01-23 10:35:34", "subject": "3", "recorded-or-robo": "Y", "city": "", "state": "FL", "area-code": "754"}, {"id": "1d36742e3f24f50e4e7ae82801eb6725", "number": "7549993899", "date": "2021-01-23 10:35:34", "subject": "3", "recorded-or-robo": "Y", "city": "", "state": "FL", "area-code": "754"}, {"id": "e81c9350d54f66c6d33b3747eede04e4", "number": "8056377456", "date": "2021-01-23 09:15:00", "subject": "2", "recorded-or-robo": "Y", "city": "", "state": "FL", "area-code": "813"}, {"id": "1d36742e3f24f50e4e7ae82801736c1a", "number": "8056377456", "date": "2021-01-23 09:15:00", "subject": "2", "recorded-or-robo": "Y", "city": "", "state": "FL", "area-code": "813"}, {"id": "e81c9350d54f66c6d33b3747eeddfbdd", "number": "6054506069", "date": "2021-01-22 11:19:00", "subject": "2", "recorded-or-robo": "", "city": "Rapid City", "state": "SD", "area-code": "605"}, {"id": "1d36742e3f24f50e4e7ae82801735de6", "number": "6054506069", "date": "2021-01-22 11:19:00", "subject": "2", "recorded-or-robo": "", "city": "Rapid City", "state": "SD", "area-code": "605"}, {"id": "3decc6bfadaa436a105714c6ba554d71", "number": "7549993379", "date": "2021-01-23 10:35:03", "subject": "3", "recorded-or-robo": "Y", "city": "", "state": "FL", "area-code": "754"}, {"id": "1d36742e3f24f50e4e7ae82801eb5955", "number": "7549993379", "date": "2021-01-23 10:35:03", "subject": "3", "recorded-or-robo": "Y", "city": "", "state": "FL", "area-code": "754"}, {"id": "e81c9350d54f66c6d33b3747eeddf37f", "number": "3144928802", "date": "2021-01-19 09:20:00", "subject": "2", "recorded-or-robo": "", "city": "Maryland Heights", "state": "MO", "area-code": "314"}, {"id": "1d36742e3f24f50e4e7ae828017352dd", "number": "3144928802", "date": "2021-01-19 09:20:00", "subject": "2", "recorded-or-robo": "", "city": "Maryland Heights", "state": "MO", "area-code": "314"}, {"id": "e81c9350d54f66c6d33b3747eeddf148", "number": "9522421258", "date": "2021-01-22 13:36:00", "subject": "0", "recorded-or-robo": "Y", "city": "West", "state": "TX", "area-code": "952"}, {"id": "1d36742e3f24f50e4e7ae8280173484e", "number": "9522421258", "date": "2021-01-22 13:36:00", "subject": "0", "recorded-or-robo": "Y", "city": "West", "state": "TX", "area-code": "952"}, {"id": "e81c9350d54f66c6d33b3747eeddea4f", "number": "8042076341", "date": "2021-01-22 09:00:00", "subject": "2", "recorded-or-robo": "Y", "city": "Chicago", "state": "IL", "area-code": "773"}, {"id": "1d36742e3f24f50e4e7ae82801733ea9", "number": "8042076341", "date": "2021-01-22 09:00:00", "subject": "2", "recorded-or-robo": "Y", "city": "Chicago", "state": "IL", "area-code": "773"}, {"id": "e81c9350d54f66c6d33b3747eedddbd4", "number": "2677831363", "date": "2020-12-19 12:19:00", "subject": "2", "recorded-or-robo": "Y", "city": "Bethesda", "state": "MD", "area-code": "301"}, {"id": "1d36742e3f24f50e4e7ae82801733b6d", "number": "2677831363", "date": "2020-12-19 12:19:00", "subject": "2", "recorded-or-robo": "Y", "city": "Bethesda", "state": "MD", "area-code": "301"}, {"id": "e81c9350d54f66c6d33b3747eeddd411", "number": "8764266030", "date": "2021-01-22 12:00:00", "subject": "13", "recorded-or-robo": "N", "city": "", "state": "TX", "area-code": "361"}, {"id": "1d36742e3f24f50e4e7ae82801733767", "number": "8764266030", "date": "2021-01-22 12:00:00", "subject": "13", "recorded-or-robo": "N", "city": "", "state": "TX", "area-code": "361"}, {"id": "e81c9350d54f66c6d33b3747eeddc6a6", "number": "2562774722", "date": "2021-01-23 09:31:00", "subject": "7", "recorded-or-robo": "Y", "city": "", "state": "AL", "area-code": "256"}, {"id": "1d36742e3f24f50e4e7ae828017328ae", "number": "2562774722", "date": "2021-01-23 09:31:00", "subject": "7", "recorded-or-robo": "Y", "city": "", "state": "AL", "area-code": "256"}, {"id": "e81c9350d54f66c6d33b3747eeddba94", "number": "6106884019", "date": "2021-01-23 09:12:00", "subject": "2", "recorded-or-robo": "N", "city": "Nazareth", "state": "PA", "area-code": "610"}, {"id": "1d36742e3f24f50e4e7ae82801731c9a", "number": "6106884019", "date": "2021-01-23 09:12:00", "subject": "2", "recorded-or-robo": "N", "city": "Nazareth", "state": "PA", "area-code": "610"}, {"id": "e81c9350d54f66c6d33b3747eeddb6f0", "number": "4028336645", "date": "2021-01-23 09:20:00", "subject": "2", "recorded-or-robo": "N", "city": "Bellevue", "state": "NE", "area-code": "402"}, {"id": "1d36742e3f24f50e4e7ae82801731372", "number": "4028336645", "date": "2021-01-23 09:20:00", "subject": "2", "recorded-or-robo": "N", "city": "Bellevue", "state": "NE", "area-code": "402"}, {"id": "e81c9350d54f66c6d33b3747eeddae5c", "number": "6206179808", "date": "2021-01-23 08:54:00", "subject": "2", "recorded-or-robo": "Y", "city": "Great Bend", "state": "KS", "area-code": "620"}, {"id": "1d36742e3f24f50e4e7ae828017307d8", "number": "6206179808", "date": "2021-01-23 08:54:00", "subject": "2", "recorded-or-robo": "Y", "city": "Great Bend", "state": "KS", "area-code": "620"}, {"id": "e81c9350d54f66c6d33b3747eeddac38", "number": "8472624246", "date": "2021-01-23 09:04:00", "subject": "2", "recorded-or-robo": "Y", "city": "Chicago", "state": "IL", "area-code": "773"}, {"id": "1d36742e3f24f50e4e7ae8280173002c", "number": "8472624246", "date": "2021-01-23 09:04:00", "subject": "2", "recorded-or-robo": "Y", "city": "Chicago", "state": "IL", "area-code": "773"}, {"id": "e81c9350d54f66c6d33b3747eedda119", "number": "2156217940", "date": "2021-01-23 10:30:00", "subject": "5", "recorded-or-robo": "Y", "city": "", "state": "PA", "area-code": "215"}, {"id": "1d36742e3f24f50e4e7ae8280172f4f7", "number": "2156217940", "date": "2021-01-23 10:30:00", "subject": "5", "recorded-or-robo": "Y", "city": "", "state": "PA", "area-code": "215"}, {"id": "e81c9350d54f66c6d33b3747eedd98fc", "number": "3019607027", "date": "2021-01-23 10:22:00", "subject": "1", "recorded-or-robo": "Y", "city": "", "state": "MD", "area-code": "301"}, {"id": "1d36742e3f24f50e4e7ae8280172e6b4", "number": "3019607027", "date": "2021-01-23 10:22:00", "subject": "1", "recorded-or-robo": "Y", "city": "", "state": "MD", "area-code": "301"}, {"id": "e81c9350d54f66c6d33b3747eedd95d9", "number": "4342043149", "date": "2021-01-23 10:00:00", "subject": "6", "recorded-or-robo": "Y", "city": "La Crosse", "state": "VA", "area-code": "434"}, {"id": "1d36742e3f24f50e4e7ae8280172e694", "number": "4342043149", "date": "2021-01-23 10:00:00", "subject": "6", "recorded-or-robo": "Y", "city": "La Crosse", "state": "VA", "area-code": "434"}, {"id": "e81c9350d54f66c6d33b3747eedd69ac", "number": "4074949016", "date": "2021-01-22 14:46:00", "subject": "3", "recorded-or-robo": "N", "city": "", "state": "IL", "area-code": "217"}, {"id": "1d36742e3f24f50e4e7ae8280172c3c4", "number": "4074949016", "date": "2021-01-22 14:46:00", "subject": "3", "recorded-or-robo": "N", "city": "", "state": "IL", "area-code": "217"}, {"id": "e81c9350d54f66c6d33b3747eedd8696", "number": "7035964139", "date": "2021-01-22 10:18:00", "subject": "2", "recorded-or-robo": "Y", "city": "FAIRFAX", "state": "VA", "area-code": "703"}, {"id": "1d36742e3f24f50e4e7ae8280172dc8f", "number": "7035964139", "date": "2021-01-22 10:18:00", "subject": "2", "recorded-or-robo": "Y", "city": "FAIRFAX", "state": "VA", "area-code": "703"}, {"id": "e81c9350d54f66c6d33b3747eedd7876", "number": "7192235537", "date": "2021-01-19 13:47:00", "subject": "4", "recorded-or-robo": "Y", "city": "Raleigh", "state": "NC", "area-code": "919"}, {"id": "1d36742e3f24f50e4e7ae8280172d5a6", "number": "7192235537", "date": "2021-01-19 13:47:00", "subject": "4", "recorded-or-robo": "Y", "city": "Raleigh", "state": "NC", "area-code": "919"}, {"id": "e81c9350d54f66c6d33b3747eedd72ca", "number": "8664084618", "date": "2021-01-23 10:26:00", "subject": "2", "recorded-or-robo": "", "city": "", "state": "PA", "area-code": "814"}, {"id": "1d36742e3f24f50e4e7ae8280172cfbf", "number": "8664084618", "date": "2021-01-23 10:26:00", "subject": "2", "recorded-or-robo": "", "city": "", "state": "PA", "area-code": "814"}, {"id": "e81c9350d54f66c6d33b3747eedd60be", "number": "8632971813", "date": "2021-01-13 09:24:00", "subject": "2", "recorded-or-robo": "Y", "city": "Avon Park", "state": "FL", "area-code": "863"}, {"id": "1d36742e3f24f50e4e7ae8280172b4a9", "number": "8632971813", "date": "2021-01-13 09:24:00", "subject": "2", "recorded-or-robo": "Y", "city": "Avon Park", "state": "FL", "area-code": "863"}, {"id": "e81c9350d54f66c6d33b3747eedd5600", "number": "7044318329", "date": "2021-01-23 10:29:00", "subject": "2", "recorded-or-robo": "Y", "city": "Charlotte", "state": "NC", "area-code": "704"}]}