{"data": [{"id": "1d36742e3f24f50e4e7ae82801c60f2b", "number": "2502441349", "date": "2021-01-21 16:01:00", "subject": "2", "recorded-or-robo": "Y", "city": "", "state": "AZ", "area-code": "520"}, {"id": "3decc6bfadaa436a105714c6ba2ef445", "number": "4098994716", "date": "2021-01-23 14:30:00", "subject": "2", "recorded-or-robo": "Y", "city": "Beaumont", "state": "TX", "area-code": "409"}, {"id": "1d36742e3f24f50e4e7ae82801c60430", "number": "4098994716", "date": "2021-01-23 14:30:00", "subject": "2", "recorded-or-robo": "Y", "city": "Beaumont", "state": "TX", "area-code": "409"}, {"id": "3decc6bfadaa436a105714c6ba2eeb03", "number": "4097192052", "date": "2021-01-23 14:54:00", "subject": "1", "recorded-or-robo": "Y", "city": "Port Arthur", "state": "TX", "area-code": "409"}, {"id": "1d36742e3f24f50e4e7ae82801c5f45f", "number": "4097192052", "date": "2021-01-23 14:54:00", "subject": "1", "recorded-or-robo": "Y", "city": "Port Arthur", "state": "TX", "area-code": "409"}, {"id": "3decc6bfadaa436a105714c6ba774084", "number": "3039579292", "date": "2021-01-23 15:55:33", "subject": "3", "recorded-or-robo": "Y", "city": "", "state": "FL", "area-code": "941"}, {"id": "03e293b3df9e35eadf15c561190dafbb", "number": "3039579292", "date": "2021-01-23 15:55:33", "subject": "3", "recorded-or-robo": "Y", "city": "", "state": "FL", "area-code": "941"}, {"id": "3decc6bfadaa436a105714c6ba773917", "number": "3039579292", "date": "2021-01-23 15:55:32", "subject": "3", "recorded-or-robo": "Y", "city": "", "state": "FL", "area-code": "941"}, {"id": "03e293b3df9e35eadf15c561190da793", "number": "3039579292", "date": "2021-01-23 15:55:32", "subject": "3", "recorded-or-robo": "Y", "city": "", "state": "FL", "area-code": "941"}, {"id": "3decc6bfadaa436a105714c6ba2ee047", "number": "3852477752", "date": "2021-01-23 12:54:00", "subject": "2", "recorded-or-robo": "Y", "city": "", "state": "WA", "area-code": "425"}, {"id": "3decc6bfadaa436a105714c6ba2ed77c", "number": "8884653860", "date": "2021-01-14 08:53:00", "subject": "4", "recorded-or-robo": "Y", "city": "Evans", "state": "GA", "area-code": "706"}, {"id": "3decc6bfadaa436a105714c6ba2ecd05", "number": "6092298543", "date": "2021-01-22 16:54:00", "subject": "2", "recorded-or-robo": "Y", "city": "", "state": "MI", "area-code": "313"}, {"id": "1d36742e3f24f50e4e7ae82801c5e4ad", "number": "3852477752", "date": "2021-01-23 12:54:00", "subject": "2", "recorded-or-robo": "Y", "city": "", "state": "WA", "area-code": "425"}, {"id": "1d36742e3f24f50e4e7ae82801c5e228", "number": "8884653860", "date": "2021-01-14 08:53:00", "subject": "4", "recorded-or-robo": "Y", "city": "Evans", "state": "GA", "area-code": "706"}, {"id": "1d36742e3f24f50e4e7ae82801c5d3dc", "number": "6092298543", "date": "2021-01-22 16:54:00", "subject": "2", "recorded-or-robo": "Y", "city": "", "state": "MI", "area-code": "313"}, {"id": "3decc6bfadaa436a105714c6ba2ec61e", "number": "2063386472", "date": "2020-12-21 12:00:00", "subject": "2", "recorded-or-robo": "N", "city": "", "state": "WA", "area-code": "253"}, {"id": "3decc6bfadaa436a105714c6ba2ec0a0", "number": "3092432403", "date": "2021-01-23 14:32:00", "subject": "1", "recorded-or-robo": "Y", "city": "Peoria", "state": "IL", "area-code": "309"}, {"id": "1d36742e3f24f50e4e7ae82801c5c96d", "number": "2063386472", "date": "2020-12-21 12:00:00", "subject": "2", "recorded-or-robo": "N", "city": "", "state": "WA", "area-code": "253"}, {"id": "1d36742e3f24f50e4e7ae82801c5c4de", "number": "3092432403", "date": "2021-01-23 14:32:00", "subject": "1", "recorded-or-robo": "Y", "city": "Peoria", "state": "IL", "area-code": "309"}, {"id": "3decc6bfadaa436a105714c6ba772d56", "number": "+18333091838", "date": "2021-01-23 15:55:23", "subject": "3", "recorded-or-robo": "Y", "city": "", "state": "LA", "area-code": "318"}, {"id": "03e293b3df9e35eadf15c561190da754", "number": "+18333091838", "date": "2021-01-23 15:55:23", "subject": "3", "recorded-or-robo": "Y", "city": "", "state": "LA", "area-code": "318"}, {"id": "3decc6bfadaa436a105714c6ba2eb90f", "number": "7268002535", "date": "2021-01-22 10:05:00", "subject": "2", "recorded-or-robo": "Y", "city": "Virginia Bch", "state": "VA", "area-code": "757"}, {"id": "1d36742e3f24f50e4e7ae82801c5c4d9", "number": "7268002535", "date": "2021-01-22 10:05:00", "subject": "2", "recorded-or-robo": "Y", "city": "Virginia Bch", "state": "VA", "area-code": "757"}, {"id": "3decc6bfadaa436a105714c6ba7755a8", "number": "+13212915169", "date": "2021-01-23 15:55:12", "subject": "3", "recorded-or-robo": "Y", "city": "", "state": "FL", "area-code": "321"}, {"id": "03e293b3df9e35eadf15c561190dc2a6", "number": "+13212915169", "date": "2021-01-23 15:55:12", "subject": "3", "recorded-or-robo": "Y", "city": "", "state": "FL", "area-code": "321"}, {"id": "3decc6bfadaa436a105714c6ba772d49", "number": "+14049976240", "date": "2021-01-23 15:55:10", "subject": "3", "recorded-or-robo": "Y", "city": "", "state": "MO", "area-code": "636"}, {"id": "03e293b3df9e35eadf15c561190da1bc", "number": "+14049976240", "date": "2021-01-23 15:55:10", "subject": "3", "recorded-or-robo": "Y", "city": "", "state": "MO", "area-code": "636"}, {"id": "3decc6bfadaa436a105714c6ba2eb63d", "number": "237680084686", "date": "2021-01-19 16:40:00", "subject": "2", "recorded-or-robo": "Y", "city": "Waterloo", "state": "IA", "area-code": "319"}, {"id": "1d36742e3f24f50e4e7ae82801c5bcb0", "number": "237680084686", "date": "2021-01-19 16:40:00", "subject": "2", "recorded-or-robo": "Y", "city": "Waterloo", "state": "IA", "area-code": "319"}, {"id": "3decc6bfadaa436a105714c6ba2eb362", "number": "5035944394", "date": "2021-01-23 12:56:00", "subject": "2", "recorded-or-robo": "N", "city": "Sterling Heights,", "state": "MI", "area-code": "586"}, {"id": "1d36742e3f24f50e4e7ae82801c5b1d6", "number": "5035944394", "date": "2021-01-23 12:56:00", "subject": "2", "recorded-or-robo": "N", "city": "Sterling Heights,", "state": "MI", "area-code": "586"}, {"id": "3decc6bfadaa436a105714c6ba2eb088", "number": "3154150590", "date": "2021-01-11 11:29:00", "subject": "3", "recorded-or-robo": "", "city": "dewitt", "state": "NY", "area-code": "315"}, {"id": "1d36742e3f24f50e4e7ae82801c5b1a8", "number": "3154150590", "date": "2021-01-11 11:29:00", "subject": "3", "recorded-or-robo": "", "city": "dewitt", "state": "NY", "area-code": "315"}, {"id": "3decc6bfadaa436a105714c6ba2ea2fd", "number": "4198781080", "date": "2021-01-23 03:53:00", "subject": "7", "recorded-or-robo": "Y", "city": "", "state": "OH", "area-code": "419"}, {"id": "1d36742e3f24f50e4e7ae82801c5a629", "number": "4198781080", "date": "2021-01-23 03:53:00", "subject": "7", "recorded-or-robo": "Y", "city": "", "state": "OH", "area-code": "419"}, {"id": "3decc6bfadaa436a105714c6ba2e9ec9", "number": "9727779412", "date": "2021-01-23 13:09:00", "subject": "2", "recorded-or-robo": "Y", "city": "Provo", "state": "UT", "area-code": "972"}, {"id": "1d36742e3f24f50e4e7ae82801c597e2", "number": "9727779412", "date": "2021-01-23 13:09:00", "subject": "2", "recorded-or-robo": "Y", "city": "Provo", "state": "UT", "area-code": "972"}, {"id": "3decc6bfadaa436a105714c6ba2e9785", "number": "7326442160", "date": "2021-01-23 15:23:00", "subject": "0", "recorded-or-robo": "Y", "city": "", "state": "NJ", "area-code": "732"}, {"id": "3decc6bfadaa436a105714c6ba2e8eb2", "number": "9169619263", "date": "2021-01-23 12:46:00", "subject": "1", "recorded-or-robo": "Y", "city": "", "state": "CA", "area-code": "916"}, {"id": "1d36742e3f24f50e4e7ae82801c59156", "number": "7326442160", "date": "2021-01-23 15:23:00", "subject": "0", "recorded-or-robo": "Y", "city": "", "state": "NJ", "area-code": "732"}, {"id": "1d36742e3f24f50e4e7ae82801c59081", "number": "9169619263", "date": "2021-01-23 12:46:00", "subject": "1", "recorded-or-robo": "Y", "city": "", "state": "CA", "area-code": "916"}, {"id": "3decc6bfadaa436a105714c6ba2e898a", "number": "7866779695", "date": "2021-01-22 11:12:00", "subject": "2", "recorded-or-robo": "Y", "city": "Virginia Bch", "state": "VA", "area-code": "757"}, {"id": "1d36742e3f24f50e4e7ae82801c588ea", "number": "7866779695", "date": "2021-01-22 11:12:00", "subject": "2", "recorded-or-robo": "Y", "city": "Virginia Bch", "state": "VA", "area-code": "757"}, {"id": "3decc6bfadaa436a105714c6ba2e7da5", "number": "5204754409", "date": "2021-01-23 13:01:00", "subject": "2", "recorded-or-robo": "Y", "city": "", "state": "AZ", "area-code": "520"}, {"id": "1d36742e3f24f50e4e7ae82801c58745", "number": "5204754409", "date": "2021-01-23 13:01:00", "subject": "2", "recorded-or-robo": "Y", "city": "", "state": "AZ", "area-code": "520"}, {"id": "3decc6bfadaa436a105714c6ba2e721a", "number": "3022625693", "date": "2021-01-22 10:55:00", "subject": "0", "recorded-or-robo": "", "city": "new castle", "state": "DE", "area-code": "302"}, {"id": "1d36742e3f24f50e4e7ae82801c580b2", "number": "3022625693", "date": "2021-01-22 10:55:00", "subject": "0", "recorded-or-robo": "", "city": "new castle", "state": "DE", "area-code": "302"}, {"id": "3decc6bfadaa436a105714c6ba2e6eb6", "number": "8883779732", "date": "2021-01-15 15:06:00", "subject": "4", "recorded-or-robo": "Y", "city": "Evans", "state": "GA", "area-code": "706"}, {"id": "1d36742e3f24f50e4e7ae82801c57c09", "number": "8883779732", "date": "2021-01-15 15:06:00", "subject": "4", "recorded-or-robo": "Y", "city": "Evans", "state": "GA", "area-code": "706"}, {"id": "3decc6bfadaa436a105714c6ba2e6789", "number": "37064517095", "date": "2021-01-23 14:12:00", "subject": "2", "recorded-or-robo": "Y", "city": "Janesville", "state": "WI", "area-code": "608"}]}