{"data": [{"id": "03e293b3df9e35eadf15c56119119414", "number": "2018305499", "date": "2021-01-23 17:20:15", "subject": "3", "recorded-or-robo": "Y", "city": "", "state": "NJ", "area-code": "201"}, {"id": "3decc6bfadaa436a105714c6ba7ae627", "number": "6124459883", "date": "2021-01-23 17:19:51", "subject": "3", "recorded-or-robo": "Y", "city": "", "state": "MN", "area-code": "612"}, {"id": "03e293b3df9e35eadf15c56119117bb4", "number": "6124459883", "date": "2021-01-23 17:19:51", "subject": "3", "recorded-or-robo": "Y", "city": "", "state": "MN", "area-code": "612"}, {"id": "3decc6bfadaa436a105714c6ba7ad1a5", "number": "6124459883", "date": "2021-01-23 17:19:50", "subject": "3", "recorded-or-robo": "Y", "city": "", "state": "MN", "area-code": "612"}, {"id": "03e293b3df9e35eadf15c56119115b82", "number": "6124459883", "date": "2021-01-23 17:19:50", "subject": "3", "recorded-or-robo": "Y", "city": "", "state": "MN", "area-code": "612"}, {"id": "3decc6bfadaa436a105714c6ba3eab93", "number": "7812915989", "date": "2021-01-22 09:48:00", "subject": "0", "recorded-or-robo": "Y", "city": "randolph", "state": "MA", "area-code": "781"}, {"id": "1d36742e3f24f50e4e7ae82801d45ed8", "number": "7812915989", "date": "2021-01-22 09:48:00", "subject": "0", "recorded-or-robo": "Y", "city": "randolph", "state": "MA", "area-code": "781"}, {"id": "3decc6bfadaa436a105714c6ba7ac867", "number": "+14693280150", "date": "2021-01-23 17:19:28", "subject": "3", "recorded-or-robo": "Y", "city": "", "state": "CA", "area-code": "510"}, {"id": "03e293b3df9e35eadf15c56119115255", "number": "+14693280150", "date": "2021-01-23 17:19:28", "subject": "3", "recorded-or-robo": "Y", "city": "", "state": "CA", "area-code": "510"}, {"id": "3decc6bfadaa436a105714c6ba3e9d0b", "number": "", "date": "2021-01-23 14:07:00", "subject": "2", "recorded-or-robo": "Y", "city": "Thorp", "state": "WA", "area-code": "509"}, {"id": "1d36742e3f24f50e4e7ae82801d454b3", "number": "", "date": "2021-01-23 14:07:00", "subject": "2", "recorded-or-robo": "Y", "city": "Thorp", "state": "WA", "area-code": "509"}, {"id": "3decc6bfadaa436a105714c6ba3e8d3e", "number": "992987104790", "date": "2021-01-22 16:19:00", "subject": "2", "recorded-or-robo": "Y", "city": "Runnells", "state": "IA", "area-code": "641"}, {"id": "1d36742e3f24f50e4e7ae82801d44cbf", "number": "992987104790", "date": "2021-01-22 16:19:00", "subject": "2", "recorded-or-robo": "Y", "city": "Runnells", "state": "IA", "area-code": "641"}, {"id": "3decc6bfadaa436a105714c6ba3e895b", "number": "6028614960", "date": "2021-01-23 17:13:00", "subject": "0", "recorded-or-robo": "Y", "city": "", "state": "CT", "area-code": "860"}, {"id": "1d36742e3f24f50e4e7ae82801d443bf", "number": "6028614960", "date": "2021-01-23 17:13:00", "subject": "0", "recorded-or-robo": "Y", "city": "", "state": "CT", "area-code": "860"}, {"id": "3decc6bfadaa436a105714c6ba3e7ee6", "number": "3152328256", "date": "2021-01-23 14:49:00", "subject": "2", "recorded-or-robo": "Y", "city": "Dallas", "state": "TX", "area-code": "409"}, {"id": "1d36742e3f24f50e4e7ae82801d4382b", "number": "3152328256", "date": "2021-01-23 14:49:00", "subject": "2", "recorded-or-robo": "Y", "city": "Dallas", "state": "TX", "area-code": "409"}, {"id": "3decc6bfadaa436a105714c6ba7af246", "number": "+17868141703", "date": "2021-01-23 17:18:31", "subject": "3", "recorded-or-robo": "Y", "city": "", "state": "FL", "area-code": "954"}, {"id": "03e293b3df9e35eadf15c561191181b0", "number": "+17868141703", "date": "2021-01-23 17:18:31", "subject": "3", "recorded-or-robo": "Y", "city": "", "state": "FL", "area-code": "954"}, {"id": "3decc6bfadaa436a105714c6ba3e74d6", "number": "9133487476", "date": "2021-01-23 15:10:00", "subject": "1", "recorded-or-robo": "Y", "city": "Chino Valley", "state": "AZ", "area-code": "928"}, {"id": "1d36742e3f24f50e4e7ae82801d42cb8", "number": "9133487476", "date": "2021-01-23 15:10:00", "subject": "1", "recorded-or-robo": "Y", "city": "Chino Valley", "state": "AZ", "area-code": "928"}, {"id": "3decc6bfadaa436a105714c6ba3e682f", "number": "", "date": "2021-01-23 12:55:00", "subject": "1", "recorded-or-robo": "Y", "city": "Richland", "state": "WA", "area-code": "509"}, {"id": "3decc6bfadaa436a105714c6ba3e5d4d", "number": "4092894283", "date": "2010-01-23 13:56:00", "subject": "2", "recorded-or-robo": "Y", "city": "Brookekand", "state": "TX", "area-code": "409"}, {"id": "1d36742e3f24f50e4e7ae82801d41e2c", "number": "", "date": "2021-01-23 12:55:00", "subject": "1", "recorded-or-robo": "Y", "city": "Richland", "state": "WA", "area-code": "509"}, {"id": "1d36742e3f24f50e4e7ae82801d418ba", "number": "4092894283", "date": "2010-01-23 13:56:00", "subject": "2", "recorded-or-robo": "Y", "city": "Brookekand", "state": "TX", "area-code": "409"}, {"id": "3decc6bfadaa436a105714c6ba3e4fb2", "number": "243896883478", "date": "2021-01-22 13:58:00", "subject": "2", "recorded-or-robo": "Y", "city": "Runnells", "state": "IA", "area-code": "641"}, {"id": "1d36742e3f24f50e4e7ae82801d40bfa", "number": "243896883478", "date": "2021-01-22 13:58:00", "subject": "2", "recorded-or-robo": "Y", "city": "Runnells", "state": "IA", "area-code": "641"}, {"id": "3decc6bfadaa436a105714c6ba3e4739", "number": "2056864785", "date": "2021-01-22 12:17:00", "subject": "4", "recorded-or-robo": "", "city": "Highlands Ranch", "state": "CO", "area-code": "303"}, {"id": "1d36742e3f24f50e4e7ae82801d402ca", "number": "2056864785", "date": "2021-01-22 12:17:00", "subject": "4", "recorded-or-robo": "", "city": "Highlands Ranch", "state": "CO", "area-code": "303"}, {"id": "3decc6bfadaa436a105714c6ba3e426a", "number": "6264693844", "date": "2021-01-23 14:14:00", "subject": "12", "recorded-or-robo": "Y", "city": "", "state": "CA", "area-code": "650"}, {"id": "1d36742e3f24f50e4e7ae82801d40195", "number": "6264693844", "date": "2021-01-23 14:14:00", "subject": "12", "recorded-or-robo": "Y", "city": "", "state": "CA", "area-code": "650"}, {"id": "3decc6bfadaa436a105714c6ba3e3e6e", "number": "6614406038", "date": "2021-01-23 14:20:00", "subject": "1", "recorded-or-robo": "Y", "city": "Bakersfield", "state": "CA", "area-code": "661"}, {"id": "1d36742e3f24f50e4e7ae82801d3fccb", "number": "6614406038", "date": "2021-01-23 14:20:00", "subject": "1", "recorded-or-robo": "Y", "city": "Bakersfield", "state": "CA", "area-code": "661"}, {"id": "3decc6bfadaa436a105714c6ba7ab26c", "number": "+19135862023", "date": "2021-01-23 17:17:18", "subject": "3", "recorded-or-robo": "N", "city": "", "state": "KS", "area-code": "913"}, {"id": "03e293b3df9e35eadf15c56119113679", "number": "+19135862023", "date": "2021-01-23 17:17:18", "subject": "3", "recorded-or-robo": "N", "city": "", "state": "KS", "area-code": "913"}, {"id": "3decc6bfadaa436a105714c6ba3e3e16", "number": "8008922253", "date": "2021-01-23 15:18:00", "subject": "2", "recorded-or-robo": "Y", "city": "Plano", "state": "TX", "area-code": "972"}, {"id": "1d36742e3f24f50e4e7ae82801d3f15a", "number": "8008922253", "date": "2021-01-23 15:18:00", "subject": "2", "recorded-or-robo": "Y", "city": "Plano", "state": "TX", "area-code": "972"}, {"id": "3decc6bfadaa436a105714c6ba3e2edd", "number": "5351258819", "date": "2021-01-11 15:59:00", "subject": "1", "recorded-or-robo": "Y", "city": "Lakewood", "state": "CO", "area-code": "720"}, {"id": "1d36742e3f24f50e4e7ae82801d3ed08", "number": "5351258819", "date": "2021-01-11 15:59:00", "subject": "1", "recorded-or-robo": "Y", "city": "Lakewood", "state": "CO", "area-code": "720"}, {"id": "3decc6bfadaa436a105714c6ba3ded04", "number": "", "date": "2021-01-23 17:05:00", "subject": "3", "recorded-or-robo": "N", "city": "", "state": "VT", "area-code": "802"}, {"id": "1d36742e3f24f50e4e7ae82801d3ba85", "number": "", "date": "2021-01-23 17:05:00", "subject": "3", "recorded-or-robo": "N", "city": "", "state": "VT", "area-code": "802"}, {"id": "3decc6bfadaa436a105714c6ba3e2dd9", "number": "8768875714", "date": "2021-01-23 13:21:00", "subject": "13", "recorded-or-robo": "N", "city": "Salem", "state": "OR", "area-code": "503"}, {"id": "1d36742e3f24f50e4e7ae82801d3e7ea", "number": "8768875714", "date": "2021-01-23 13:21:00", "subject": "13", "recorded-or-robo": "N", "city": "Salem", "state": "OR", "area-code": "503"}, {"id": "3decc6bfadaa436a105714c6ba3e2678", "number": "", "date": "2021-01-23 15:11:00", "subject": "3", "recorded-or-robo": "Y", "city": "", "state": "MA", "area-code": "978"}, {"id": "3decc6bfadaa436a105714c6ba3e1845", "number": "5092038113", "date": "2021-01-21 15:23:00", "subject": "5", "recorded-or-robo": "Y", "city": "Philadelphia", "state": "PA", "area-code": "786"}, {"id": "1d36742e3f24f50e4e7ae82801d3e41f", "number": "", "date": "2021-01-23 15:11:00", "subject": "3", "recorded-or-robo": "Y", "city": "", "state": "MA", "area-code": "978"}, {"id": "1d36742e3f24f50e4e7ae82801d3d97a", "number": "5092038113", "date": "2021-01-21 15:23:00", "subject": "5", "recorded-or-robo": "Y", "city": "Philadelphia", "state": "PA", "area-code": "786"}, {"id": "3decc6bfadaa436a105714c6ba3dceef", "number": "9705725119", "date": "2021-01-21 14:46:00", "subject": "3", "recorded-or-robo": "", "city": "", "state": "UT", "area-code": "801"}, {"id": "1d36742e3f24f50e4e7ae82801d39620", "number": "9705725119", "date": "2021-01-21 14:46:00", "subject": "3", "recorded-or-robo": "", "city": "", "state": "UT", "area-code": "801"}, {"id": "3decc6bfadaa436a105714c6ba3e1035", "number": "2198610069", "date": "2021-01-22 12:39:00", "subject": "2", "recorded-or-robo": "Y", "city": "Runnells", "state": "IA", "area-code": "641"}]}