{"data": [{"id": "1d36742e3f24f50e4e7ae82801872139", "number": "5136133218", "date": "2021-01-23 10:25:00", "subject": "2", "recorded-or-robo": "Y", "city": "Cincinnati", "state": "OH", "area-code": "513"}, {"id": "e81c9350d54f66c6d33b3747eef137e7", "number": "5055334063", "date": "2021-01-23 09:08:00", "subject": "2", "recorded-or-robo": "Y", "city": "", "state": "NM", "area-code": "505"}, {"id": "1d36742e3f24f50e4e7ae82801871c62", "number": "5055334063", "date": "2021-01-23 09:08:00", "subject": "2", "recorded-or-robo": "Y", "city": "", "state": "NM", "area-code": "505"}, {"id": "e81c9350d54f66c6d33b3747eef1340e", "number": "2147561649", "date": "2021-01-23 10:51:00", "subject": "7", "recorded-or-robo": "N", "city": "CARROLLTON", "state": "TX", "area-code": "214"}, {"id": "1d36742e3f24f50e4e7ae82801870fde", "number": "2147561649", "date": "2021-01-23 10:51:00", "subject": "7", "recorded-or-robo": "N", "city": "CARROLLTON", "state": "TX", "area-code": "214"}, {"id": "e81c9350d54f66c6d33b3747eef12dbd", "number": "8282158594", "date": "2021-01-23 11:52:00", "subject": "4", "recorded-or-robo": "Y", "city": "", "state": "NC", "area-code": "980"}, {"id": "1d36742e3f24f50e4e7ae82801870129", "number": "8282158594", "date": "2021-01-23 11:52:00", "subject": "4", "recorded-or-robo": "Y", "city": "", "state": "NC", "area-code": "980"}, {"id": "e81c9350d54f66c6d33b3747eef12715", "number": "5022774669", "date": "2021-01-23 11:50:00", "subject": "4", "recorded-or-robo": "Y", "city": "Powder Springs", "state": "GA", "area-code": "404"}, {"id": "1d36742e3f24f50e4e7ae82801870088", "number": "5022774669", "date": "2021-01-23 11:50:00", "subject": "4", "recorded-or-robo": "Y", "city": "Powder Springs", "state": "GA", "area-code": "404"}, {"id": "e81c9350d54f66c6d33b3747eef11d0a", "number": "4074169205", "date": "2021-01-22 17:59:00", "subject": "5", "recorded-or-robo": "Y", "city": "Orlando", "state": "FL", "area-code": "407"}, {"id": "1d36742e3f24f50e4e7ae8280186fa02", "number": "4074169205", "date": "2021-01-22 17:59:00", "subject": "5", "recorded-or-robo": "Y", "city": "Orlando", "state": "FL", "area-code": "407"}, {"id": "e81c9350d54f66c6d33b3747eef11242", "number": "8182929099", "date": "2021-01-21 00:00:00", "subject": "3", "recorded-or-robo": "", "city": "", "state": "CA", "area-code": "805"}, {"id": "e81c9350d54f66c6d33b3747eef10420", "number": "7579307469", "date": "2021-01-23 11:52:00", "subject": "2", "recorded-or-robo": "Y", "city": "Fairfax", "state": "VA", "area-code": "703"}, {"id": "1d36742e3f24f50e4e7ae8280186f2ce", "number": "8182929099", "date": "2021-01-21 00:00:00", "subject": "3", "recorded-or-robo": "", "city": "", "state": "CA", "area-code": "805"}, {"id": "1d36742e3f24f50e4e7ae8280186e68f", "number": "7579307469", "date": "2021-01-23 11:52:00", "subject": "2", "recorded-or-robo": "Y", "city": "Fairfax", "state": "VA", "area-code": "703"}, {"id": "e81c9350d54f66c6d33b3747eef0fc7f", "number": "3367380830", "date": "2021-01-12 17:45:00", "subject": "0", "recorded-or-robo": "Y", "city": "", "state": "NJ", "area-code": "201"}, {"id": "1d36742e3f24f50e4e7ae8280186e510", "number": "3367380830", "date": "2021-01-12 17:45:00", "subject": "0", "recorded-or-robo": "Y", "city": "", "state": "NJ", "area-code": "201"}, {"id": "e81c9350d54f66c6d33b3747eef0f39f", "number": "9153074606", "date": "2021-01-16 10:50:00", "subject": "6", "recorded-or-robo": "N", "city": "Manchaca", "state": "TX", "area-code": "512"}, {"id": "1d36742e3f24f50e4e7ae8280186e331", "number": "9153074606", "date": "2021-01-16 10:50:00", "subject": "6", "recorded-or-robo": "N", "city": "Manchaca", "state": "TX", "area-code": "512"}, {"id": "e81c9350d54f66c6d33b3747eef0f2ff", "number": "8136945711", "date": "2021-01-23 11:53:00", "subject": "0", "recorded-or-robo": "Y", "city": "Miramar", "state": "FL", "area-code": "954"}, {"id": "1d36742e3f24f50e4e7ae8280186dc44", "number": "8136945711", "date": "2021-01-23 11:53:00", "subject": "0", "recorded-or-robo": "Y", "city": "Miramar", "state": "FL", "area-code": "954"}, {"id": "e81c9350d54f66c6d33b3747eef0e3ae", "number": "6122302124", "date": "2021-01-23 10:47:00", "subject": "0", "recorded-or-robo": "N", "city": "hutchinson", "state": "MN", "area-code": "320"}, {"id": "1d36742e3f24f50e4e7ae8280186d9b3", "number": "6122302124", "date": "2021-01-23 10:47:00", "subject": "0", "recorded-or-robo": "N", "city": "hutchinson", "state": "MN", "area-code": "320"}, {"id": "e81c9350d54f66c6d33b3747eef0d884", "number": "212766113303", "date": "2021-01-13 06:21:00", "subject": "0", "recorded-or-robo": "", "city": "", "state": "NC", "area-code": "910"}, {"id": "1d36742e3f24f50e4e7ae8280186d4ce", "number": "212766113303", "date": "2021-01-13 06:21:00", "subject": "0", "recorded-or-robo": "", "city": "", "state": "NC", "area-code": "910"}, {"id": "e81c9350d54f66c6d33b3747eef0ca13", "number": "3347361016", "date": "2021-01-22 16:39:00", "subject": "2", "recorded-or-robo": "Y", "city": "", "state": "AL", "area-code": "334"}, {"id": "1d36742e3f24f50e4e7ae8280186c93c", "number": "3347361016", "date": "2021-01-22 16:39:00", "subject": "2", "recorded-or-robo": "Y", "city": "", "state": "AL", "area-code": "334"}, {"id": "e81c9350d54f66c6d33b3747eef0c1b6", "number": "8054933539", "date": "2021-01-22 00:00:00", "subject": "3", "recorded-or-robo": "Y", "city": "", "state": "CA", "area-code": "805"}, {"id": "1d36742e3f24f50e4e7ae8280186c788", "number": "8054933539", "date": "2021-01-22 00:00:00", "subject": "3", "recorded-or-robo": "Y", "city": "", "state": "CA", "area-code": "805"}, {"id": "e81c9350d54f66c6d33b3747eef0c11a", "number": "3238277360", "date": "2021-01-23 12:00:00", "subject": "8", "recorded-or-robo": "N", "city": "SEBASTOPOL", "state": "CA", "area-code": "707"}, {"id": "1d36742e3f24f50e4e7ae8280186bfed", "number": "3238277360", "date": "2021-01-23 12:00:00", "subject": "8", "recorded-or-robo": "N", "city": "SEBASTOPOL", "state": "CA", "area-code": "707"}, {"id": "e81c9350d54f66c6d33b3747eef0b2ef", "number": "6468332008", "date": "2021-01-23 10:52:00", "subject": "3", "recorded-or-robo": "N", "city": "", "state": "IL", "area-code": "773"}, {"id": "1d36742e3f24f50e4e7ae8280186b547", "number": "6468332008", "date": "2021-01-23 10:52:00", "subject": "3", "recorded-or-robo": "N", "city": "", "state": "IL", "area-code": "773"}, {"id": "e81c9350d54f66c6d33b3747eef0ace7", "number": "5419544314", "date": "2021-01-21 18:30:00", "subject": "3", "recorded-or-robo": "", "city": "Eugene", "state": "OR", "area-code": "541"}, {"id": "1d36742e3f24f50e4e7ae8280186b379", "number": "5419544314", "date": "2021-01-21 18:30:00", "subject": "3", "recorded-or-robo": "", "city": "Eugene", "state": "OR", "area-code": "541"}, {"id": "e81c9350d54f66c6d33b3747eef0aa18", "number": "3367380830", "date": "2021-01-13 14:23:00", "subject": "0", "recorded-or-robo": "Y", "city": "", "state": "NJ", "area-code": "201"}, {"id": "1d36742e3f24f50e4e7ae8280186a3e0", "number": "3367380830", "date": "2021-01-13 14:23:00", "subject": "0", "recorded-or-robo": "Y", "city": "", "state": "NJ", "area-code": "201"}, {"id": "e81c9350d54f66c6d33b3747eef0a983", "number": "3302100600", "date": "2021-01-22 00:00:00", "subject": "3", "recorded-or-robo": "", "city": "North Royalton", "state": "OH", "area-code": "440"}, {"id": "1d36742e3f24f50e4e7ae828018695a2", "number": "3302100600", "date": "2021-01-22 00:00:00", "subject": "3", "recorded-or-robo": "", "city": "North Royalton", "state": "OH", "area-code": "440"}, {"id": "e81c9350d54f66c6d33b3747eef0a6c2", "number": "233246994309", "date": "2021-01-18 07:39:00", "subject": "0", "recorded-or-robo": "", "city": "", "state": "NC", "area-code": "910"}, {"id": "1d36742e3f24f50e4e7ae82801868e7c", "number": "233246994309", "date": "2021-01-18 07:39:00", "subject": "0", "recorded-or-robo": "", "city": "", "state": "NC", "area-code": "910"}, {"id": "e81c9350d54f66c6d33b3747eef09a77", "number": "4192216257", "date": "2021-01-22 00:00:00", "subject": "3", "recorded-or-robo": "Y", "city": "", "state": "CA", "area-code": "805"}, {"id": "1d36742e3f24f50e4e7ae828018683c0", "number": "4192216257", "date": "2021-01-22 00:00:00", "subject": "3", "recorded-or-robo": "Y", "city": "", "state": "CA", "area-code": "805"}, {"id": "e81c9350d54f66c6d33b3747eef09994", "number": "4074345337", "date": "2021-01-23 11:43:00", "subject": "2", "recorded-or-robo": "Y", "city": "altamonte springs", "state": "FL", "area-code": "407"}, {"id": "1d36742e3f24f50e4e7ae8280186771f", "number": "4074345337", "date": "2021-01-23 11:43:00", "subject": "2", "recorded-or-robo": "Y", "city": "altamonte springs", "state": "FL", "area-code": "407"}, {"id": "e81c9350d54f66c6d33b3747eef08ac2", "number": "48699530794", "date": "2021-01-23 12:00:00", "subject": "13", "recorded-or-robo": "N", "city": "Trinidad", "state": "", "area-code": ""}, {"id": "1d36742e3f24f50e4e7ae828018667d7", "number": "48699530794", "date": "2021-01-23 12:00:00", "subject": "13", "recorded-or-robo": "N", "city": "Trinidad", "state": "", "area-code": ""}, {"id": "e81c9350d54f66c6d33b3747eef088cf", "number": "7275402665", "date": "2021-01-22 16:41:00", "subject": "0", "recorded-or-robo": "Y", "city": "Warren", "state": "MI", "area-code": "586"}, {"id": "1d36742e3f24f50e4e7ae8280186660a", "number": "7275402665", "date": "2021-01-22 16:41:00", "subject": "0", "recorded-or-robo": "Y", "city": "Warren", "state": "MI", "area-code": "586"}, {"id": "e81c9350d54f66c6d33b3747eef08569", "number": "37068565493", "date": "2021-01-21 11:15:00", "subject": "0", "recorded-or-robo": "", "city": "", "state": "NC", "area-code": "910"}]}