{"data": [{"id": "1d36742e3f24f50e4e7ae82801f2fa91", "number": "8042530968", "date": "2021-01-23 19:02:00", "subject": "12", "recorded-or-robo": "N", "city": "Ashland", "state": "VA", "area-code": "804"}, {"id": "3decc6bfadaa436a105714c6ba5d5230", "number": "7029319344", "date": "2021-01-23 13:33:00", "subject": "2", "recorded-or-robo": "Y", "city": "Henderson", "state": "NV", "area-code": "702"}, {"id": "1d36742e3f24f50e4e7ae82801f2f026", "number": "7029319344", "date": "2021-01-23 13:33:00", "subject": "2", "recorded-or-robo": "Y", "city": "Henderson", "state": "NV", "area-code": "702"}, {"id": "3decc6bfadaa436a105714c6ba5d4d96", "number": "", "date": "2021-01-22 12:00:00", "subject": "2", "recorded-or-robo": "Y", "city": "Warrensburg", "state": "MO", "area-code": "314"}, {"id": "1d36742e3f24f50e4e7ae82801f2ec72", "number": "", "date": "2021-01-22 12:00:00", "subject": "2", "recorded-or-robo": "Y", "city": "Warrensburg", "state": "MO", "area-code": "314"}, {"id": "3decc6bfadaa436a105714c6ba5d486c", "number": "8134977803", "date": "2021-01-22 12:57:00", "subject": "2", "recorded-or-robo": "N", "city": "tampa", "state": "FL", "area-code": "813"}, {"id": "3decc6bfadaa436a105714c6ba5d4490", "number": "5036898427", "date": "2021-01-21 14:00:00", "subject": "2", "recorded-or-robo": "Y", "city": "Beaverton", "state": "OR", "area-code": "503"}, {"id": "1d36742e3f24f50e4e7ae82801f2df9f", "number": "8134977803", "date": "2021-01-22 12:57:00", "subject": "2", "recorded-or-robo": "N", "city": "tampa", "state": "FL", "area-code": "813"}, {"id": "1d36742e3f24f50e4e7ae82801f2d482", "number": "5036898427", "date": "2021-01-21 14:00:00", "subject": "2", "recorded-or-robo": "Y", "city": "Beaverton", "state": "OR", "area-code": "503"}, {"id": "3decc6bfadaa436a105714c6ba5d43dd", "number": "3152328257", "date": "2021-01-23 14:55:00", "subject": "11", "recorded-or-robo": "Y", "city": "Spokane Valley", "state": "WA", "area-code": "509"}, {"id": "1d36742e3f24f50e4e7ae82801f2d3f3", "number": "3152328257", "date": "2021-01-23 14:55:00", "subject": "11", "recorded-or-robo": "Y", "city": "Spokane Valley", "state": "WA", "area-code": "509"}, {"id": "3decc6bfadaa436a105714c6ba5d38af", "number": "", "date": "2021-01-22 16:00:00", "subject": "3", "recorded-or-robo": "Y", "city": "", "state": "TN", "area-code": "901"}, {"id": "1d36742e3f24f50e4e7ae82801f2c9fc", "number": "", "date": "2021-01-22 16:00:00", "subject": "3", "recorded-or-robo": "Y", "city": "", "state": "TN", "area-code": "901"}, {"id": "3decc6bfadaa436a105714c6ba7ef3a4", "number": "+13093200876", "date": "2021-01-23 19:07:19", "subject": "3", "recorded-or-robo": "N", "city": "", "state": "IL", "area-code": "630"}, {"id": "03e293b3df9e35eadf15c56119157b7a", "number": "+13093200876", "date": "2021-01-23 19:07:19", "subject": "3", "recorded-or-robo": "N", "city": "", "state": "IL", "area-code": "630"}, {"id": "3decc6bfadaa436a105714c6ba7f2b14", "number": "+13093200876", "date": "2021-01-23 19:07:08", "subject": "3", "recorded-or-robo": "N", "city": "", "state": "IL", "area-code": "630"}, {"id": "03e293b3df9e35eadf15c5611915a074", "number": "+13093200876", "date": "2021-01-23 19:07:08", "subject": "3", "recorded-or-robo": "N", "city": "", "state": "IL", "area-code": "630"}, {"id": "3decc6bfadaa436a105714c6ba5d2915", "number": "8556786721", "date": "2021-01-23 15:01:00", "subject": "2", "recorded-or-robo": "Y", "city": "", "state": "WA", "area-code": "509"}, {"id": "1d36742e3f24f50e4e7ae82801f2bd2a", "number": "8556786721", "date": "2021-01-23 15:01:00", "subject": "2", "recorded-or-robo": "Y", "city": "", "state": "WA", "area-code": "509"}, {"id": "3decc6bfadaa436a105714c6ba7ef48b", "number": "+13093200876", "date": "2021-01-23 19:06:56", "subject": "3", "recorded-or-robo": "N", "city": "", "state": "IL", "area-code": "630"}, {"id": "03e293b3df9e35eadf15c5611915844b", "number": "+13093200876", "date": "2021-01-23 19:06:56", "subject": "3", "recorded-or-robo": "N", "city": "", "state": "IL", "area-code": "630"}, {"id": "3decc6bfadaa436a105714c6ba7f0073", "number": "+13128542556", "date": "2021-01-23 19:06:42", "subject": "3", "recorded-or-robo": "N", "city": "", "state": "IL", "area-code": "630"}, {"id": "03e293b3df9e35eadf15c56119158680", "number": "+13128542556", "date": "2021-01-23 19:06:42", "subject": "3", "recorded-or-robo": "N", "city": "", "state": "IL", "area-code": "630"}, {"id": "3decc6bfadaa436a105714c6ba5d269a", "number": "7125207071", "date": "2021-01-23 16:20:00", "subject": "2", "recorded-or-robo": "Y", "city": "Riverton", "state": "IA", "area-code": "641"}, {"id": "1d36742e3f24f50e4e7ae82801f2baa9", "number": "7125207071", "date": "2021-01-23 16:20:00", "subject": "2", "recorded-or-robo": "Y", "city": "Riverton", "state": "IA", "area-code": "641"}, {"id": "3decc6bfadaa436a105714c6ba5d16d7", "number": "8136878129", "date": "2021-01-22 13:04:00", "subject": "2", "recorded-or-robo": "N", "city": "tampa", "state": "FL", "area-code": "813"}, {"id": "1d36742e3f24f50e4e7ae82801f2adf8", "number": "8136878129", "date": "2021-01-22 13:04:00", "subject": "2", "recorded-or-robo": "N", "city": "tampa", "state": "FL", "area-code": "813"}, {"id": "3decc6bfadaa436a105714c6ba7f3f58", "number": "+13093244047", "date": "2021-01-23 19:06:27", "subject": "3", "recorded-or-robo": "N", "city": "", "state": "IL", "area-code": "630"}, {"id": "03e293b3df9e35eadf15c5611915aa60", "number": "+13093244047", "date": "2021-01-23 19:06:27", "subject": "3", "recorded-or-robo": "N", "city": "", "state": "IL", "area-code": "630"}, {"id": "3decc6bfadaa436a105714c6ba5d1525", "number": "5034366320", "date": "2021-01-21 15:00:00", "subject": "2", "recorded-or-robo": "Y", "city": "Beaverton", "state": "OR", "area-code": "503"}, {"id": "1d36742e3f24f50e4e7ae82801f2a568", "number": "5034366320", "date": "2021-01-21 15:00:00", "subject": "2", "recorded-or-robo": "Y", "city": "Beaverton", "state": "OR", "area-code": "503"}, {"id": "3decc6bfadaa436a105714c6ba7f3a97", "number": "+13093244047", "date": "2021-01-23 19:06:10", "subject": "3", "recorded-or-robo": "N", "city": "", "state": "IL", "area-code": "630"}, {"id": "03e293b3df9e35eadf15c5611915a24d", "number": "+13093244047", "date": "2021-01-23 19:06:10", "subject": "3", "recorded-or-robo": "N", "city": "", "state": "IL", "area-code": "630"}, {"id": "3decc6bfadaa436a105714c6ba7ee7fb", "number": "+18139468542", "date": "2021-01-23 19:05:56", "subject": "3", "recorded-or-robo": "N", "city": "", "state": "IL", "area-code": "630"}, {"id": "03e293b3df9e35eadf15c561191574b4", "number": "+18139468542", "date": "2021-01-23 19:05:56", "subject": "3", "recorded-or-robo": "N", "city": "", "state": "IL", "area-code": "630"}, {"id": "3decc6bfadaa436a105714c6ba7e808a", "number": "+13093244044", "date": "2021-01-23 19:05:43", "subject": "3", "recorded-or-robo": "N", "city": "", "state": "IL", "area-code": "630"}, {"id": "03e293b3df9e35eadf15c561191533d0", "number": "+13093244044", "date": "2021-01-23 19:05:43", "subject": "3", "recorded-or-robo": "N", "city": "", "state": "IL", "area-code": "630"}, {"id": "3decc6bfadaa436a105714c6ba5d0fb0", "number": "4075533077", "date": "2021-01-22 13:22:00", "subject": "2", "recorded-or-robo": "N", "city": "tampa", "state": "FL", "area-code": "813"}, {"id": "1d36742e3f24f50e4e7ae82801f2a11a", "number": "4075533077", "date": "2021-01-22 13:22:00", "subject": "2", "recorded-or-robo": "N", "city": "tampa", "state": "FL", "area-code": "813"}, {"id": "3decc6bfadaa436a105714c6ba7ec308", "number": "6468706281", "date": "2021-01-23 19:05:19", "subject": "3", "recorded-or-robo": "Y", "city": "", "state": "NY", "area-code": "646"}, {"id": "3decc6bfadaa436a105714c6ba7e933e", "number": "+16232312347", "date": "2021-01-23 19:05:19", "subject": "3", "recorded-or-robo": "Y", "city": "", "state": "NY", "area-code": "917"}, {"id": "03e293b3df9e35eadf15c561191563e0", "number": "6468706281", "date": "2021-01-23 19:05:19", "subject": "3", "recorded-or-robo": "Y", "city": "", "state": "NY", "area-code": "646"}, {"id": "03e293b3df9e35eadf15c5611915417d", "number": "+16232312347", "date": "2021-01-23 19:05:19", "subject": "3", "recorded-or-robo": "Y", "city": "", "state": "NY", "area-code": "917"}, {"id": "3decc6bfadaa436a105714c6ba5d0872", "number": "1503782972", "date": "2021-01-22 09:00:00", "subject": "2", "recorded-or-robo": "Y", "city": "Beaverton", "state": "OR", "area-code": "503"}, {"id": "1d36742e3f24f50e4e7ae82801f29ba4", "number": "1503782972", "date": "2021-01-22 09:00:00", "subject": "2", "recorded-or-robo": "Y", "city": "Beaverton", "state": "OR", "area-code": "503"}, {"id": "3decc6bfadaa436a105714c6ba5cfbb1", "number": "2148225500", "date": "2021-01-23 11:57:00", "subject": "2", "recorded-or-robo": "Y", "city": "", "state": "TX", "area-code": "214"}, {"id": "1d36742e3f24f50e4e7ae82801f2924d", "number": "2148225500", "date": "2021-01-23 11:57:00", "subject": "2", "recorded-or-robo": "Y", "city": "", "state": "TX", "area-code": "214"}, {"id": "3decc6bfadaa436a105714c6ba5cf934", "number": "5043696727", "date": "2021-01-22 13:52:00", "subject": "2", "recorded-or-robo": "N", "city": "tampa", "state": "FL", "area-code": "813"}, {"id": "1d36742e3f24f50e4e7ae82801f285d8", "number": "5043696727", "date": "2021-01-22 13:52:00", "subject": "2", "recorded-or-robo": "N", "city": "tampa", "state": "FL", "area-code": "813"}, {"id": "3decc6bfadaa436a105714c6ba5cf172", "number": "", "date": "2021-01-23 13:34:00", "subject": "2", "recorded-or-robo": "Y", "city": "Yakima", "state": "WA", "area-code": "509"}]}