{"data": [{"id": "3decc6bfadaa436a105714c6bacee844", "number": "7733028350", "date": "2021-01-22 14:06:00", "subject": "2", "recorded-or-robo": "N", "city": "", "state": "IL", "area-code": "815"}, {"id": "03e293b3df9e35eadf15c56119653a40", "number": "7733028350", "date": "2021-01-22 14:06:00", "subject": "2", "recorded-or-robo": "N", "city": "", "state": "IL", "area-code": "815"}, {"id": "3decc6bfadaa436a105714c6bacee20b", "number": "", "date": "2021-01-24 17:00:00", "subject": "2", "recorded-or-robo": "Y", "city": "YAKIMA", "state": "WA", "area-code": "509"}, {"id": "03e293b3df9e35eadf15c5611965394c", "number": "", "date": "2021-01-24 17:00:00", "subject": "2", "recorded-or-robo": "Y", "city": "YAKIMA", "state": "WA", "area-code": "509"}, {"id": "3decc6bfadaa436a105714c6bacede97", "number": "9179972778", "date": "2021-01-23 00:00:00", "subject": "2", "recorded-or-robo": "Y", "city": "", "state": "NY", "area-code": "646"}, {"id": "03e293b3df9e35eadf15c56119652e62", "number": "9179972778", "date": "2021-01-23 00:00:00", "subject": "2", "recorded-or-robo": "Y", "city": "", "state": "NY", "area-code": "646"}, {"id": "3decc6bfadaa436a105714c6bacedaa1", "number": "", "date": "2021-01-24 00:00:00", "subject": "3", "recorded-or-robo": "Y", "city": "", "state": "NY", "area-code": "845"}, {"id": "03e293b3df9e35eadf15c56119652c86", "number": "", "date": "2021-01-24 00:00:00", "subject": "3", "recorded-or-robo": "Y", "city": "", "state": "NY", "area-code": "845"}, {"id": "3decc6bfadaa436a105714c6bacebdf3", "number": "6604779099", "date": "2021-01-24 00:00:00", "subject": "3", "recorded-or-robo": "", "city": "", "state": "MO", "area-code": "660"}, {"id": "03e293b3df9e35eadf15c5611964f3ba", "number": "6604779099", "date": "2021-01-24 00:00:00", "subject": "3", "recorded-or-robo": "", "city": "", "state": "MO", "area-code": "660"}, {"id": "3decc6bfadaa436a105714c6baced37c", "number": "2028864004", "date": "2021-01-22 15:18:00", "subject": "2", "recorded-or-robo": "N", "city": "", "state": "IL", "area-code": "815"}, {"id": "03e293b3df9e35eadf15c56119652487", "number": "2028864004", "date": "2021-01-22 15:18:00", "subject": "2", "recorded-or-robo": "N", "city": "", "state": "IL", "area-code": "815"}, {"id": "3decc6bfadaa436a105714c6bacecf5b", "number": "8575982274", "date": "2021-01-14 13:21:00", "subject": "2", "recorded-or-robo": "Y", "city": "Calabasas", "state": "CA", "area-code": "818"}, {"id": "03e293b3df9e35eadf15c5611965173f", "number": "8575982274", "date": "2021-01-14 13:21:00", "subject": "2", "recorded-or-robo": "Y", "city": "Calabasas", "state": "CA", "area-code": "818"}, {"id": "3decc6bfadaa436a105714c6bacece20", "number": "2192359135", "date": "2021-01-22 15:52:00", "subject": "2", "recorded-or-robo": "N", "city": "", "state": "IL", "area-code": "815"}, {"id": "03e293b3df9e35eadf15c56119650b6d", "number": "2192359135", "date": "2021-01-22 15:52:00", "subject": "2", "recorded-or-robo": "N", "city": "", "state": "IL", "area-code": "815"}, {"id": "3decc6bfadaa436a105714c6bacecc5f", "number": "", "date": "2021-01-24 19:01:00", "subject": "1", "recorded-or-robo": "Y", "city": "", "state": "WI", "area-code": "414"}, {"id": "03e293b3df9e35eadf15c561196500b2", "number": "", "date": "2021-01-24 19:01:00", "subject": "1", "recorded-or-robo": "Y", "city": "", "state": "WI", "area-code": "414"}, {"id": "3decc6bfadaa436a105714c6baceb652", "number": "7702130796", "date": "2021-01-23 12:00:00", "subject": "2", "recorded-or-robo": "Y", "city": "Alexandria", "state": "VA", "area-code": "703"}, {"id": "3decc6bfadaa436a105714c6bacead83", "number": "", "date": "2021-01-24 00:00:00", "subject": "3", "recorded-or-robo": "Y", "city": "", "state": "NY", "area-code": "845"}, {"id": "03e293b3df9e35eadf15c5611964e4a2", "number": "7702130796", "date": "2021-01-23 12:00:00", "subject": "2", "recorded-or-robo": "Y", "city": "Alexandria", "state": "VA", "area-code": "703"}, {"id": "03e293b3df9e35eadf15c5611964e0ca", "number": "", "date": "2021-01-24 00:00:00", "subject": "3", "recorded-or-robo": "Y", "city": "", "state": "NY", "area-code": "845"}, {"id": "3decc6bfadaa436a105714c6bacea969", "number": "8453639105", "date": "2021-01-23 00:00:00", "subject": "2", "recorded-or-robo": "Y", "city": "", "state": "NY", "area-code": "646"}, {"id": "03e293b3df9e35eadf15c5611964d36f", "number": "8453639105", "date": "2021-01-23 00:00:00", "subject": "2", "recorded-or-robo": "Y", "city": "", "state": "NY", "area-code": "646"}, {"id": "3decc6bfadaa436a105714c6bacea3c3", "number": "4807191422", "date": "2021-01-11 12:16:00", "subject": "0", "recorded-or-robo": "Y", "city": "", "state": "AZ", "area-code": "602"}, {"id": "03e293b3df9e35eadf15c5611964cd40", "number": "4807191422", "date": "2021-01-11 12:16:00", "subject": "0", "recorded-or-robo": "Y", "city": "", "state": "AZ", "area-code": "602"}, {"id": "3decc6bfadaa436a105714c6bacea0e8", "number": "8156430378", "date": "2021-01-22 17:10:00", "subject": "2", "recorded-or-robo": "N", "city": "", "state": "IL", "area-code": "815"}, {"id": "03e293b3df9e35eadf15c5611964cad9", "number": "8156430378", "date": "2021-01-22 17:10:00", "subject": "2", "recorded-or-robo": "N", "city": "", "state": "IL", "area-code": "815"}, {"id": "3decc6bfadaa436a105714c6bace9324", "number": "4028671179", "date": "2021-01-14 11:22:00", "subject": "2", "recorded-or-robo": "Y", "city": "Calabasas", "state": "CA", "area-code": "818"}, {"id": "03e293b3df9e35eadf15c5611964c947", "number": "4028671179", "date": "2021-01-14 11:22:00", "subject": "2", "recorded-or-robo": "Y", "city": "Calabasas", "state": "CA", "area-code": "818"}, {"id": "3decc6bfadaa436a105714c6bace89d0", "number": "8556987519", "date": "2021-01-24 19:00:00", "subject": "11", "recorded-or-robo": "Y", "city": "", "state": "", "area-code": "855"}, {"id": "03e293b3df9e35eadf15c5611964c92c", "number": "8556987519", "date": "2021-01-24 19:00:00", "subject": "11", "recorded-or-robo": "Y", "city": "", "state": "", "area-code": "855"}, {"id": "3decc6bfadaa436a105714c6bace83ad", "number": "6604738044", "date": "2021-01-24 19:01:00", "subject": "1", "recorded-or-robo": "Y", "city": "", "state": "MO", "area-code": "660"}, {"id": "03e293b3df9e35eadf15c5611964c8a4", "number": "6604738044", "date": "2021-01-24 19:01:00", "subject": "1", "recorded-or-robo": "Y", "city": "", "state": "MO", "area-code": "660"}, {"id": "3decc6bfadaa436a105714c6bace7c5f", "number": "9282206440", "date": "2021-01-11 08:57:00", "subject": "0", "recorded-or-robo": "Y", "city": "", "state": "AZ", "area-code": "602"}, {"id": "03e293b3df9e35eadf15c5611964c2ac", "number": "9282206440", "date": "2021-01-11 08:57:00", "subject": "0", "recorded-or-robo": "Y", "city": "", "state": "AZ", "area-code": "602"}, {"id": "3decc6bfadaa436a105714c6bace7b81", "number": "8159420127", "date": "2021-01-23 10:46:00", "subject": "2", "recorded-or-robo": "N", "city": "", "state": "IL", "area-code": "815"}, {"id": "03e293b3df9e35eadf15c5611964b774", "number": "8159420127", "date": "2021-01-23 10:46:00", "subject": "2", "recorded-or-robo": "N", "city": "", "state": "IL", "area-code": "815"}, {"id": "3decc6bfadaa436a105714c6bace78c9", "number": "8453639105", "date": "2021-01-24 00:00:00", "subject": "2", "recorded-or-robo": "Y", "city": "", "state": "NY", "area-code": "646"}, {"id": "03e293b3df9e35eadf15c5611964b11c", "number": "8453639105", "date": "2021-01-24 00:00:00", "subject": "2", "recorded-or-robo": "Y", "city": "", "state": "NY", "area-code": "646"}, {"id": "3decc6bfadaa436a105714c6bace784a", "number": "", "date": "2021-01-24 10:43:00", "subject": "11", "recorded-or-robo": "Y", "city": "Fayetteville", "state": "NC", "area-code": "910"}, {"id": "03e293b3df9e35eadf15c5611964ae36", "number": "", "date": "2021-01-24 10:43:00", "subject": "11", "recorded-or-robo": "Y", "city": "Fayetteville", "state": "NC", "area-code": "910"}, {"id": "3decc6bfadaa436a105714c6bace743c", "number": "6053219754", "date": "2021-01-24 09:25:00", "subject": "0", "recorded-or-robo": "N", "city": "Sioux Falls", "state": "SD", "area-code": "605"}, {"id": "03e293b3df9e35eadf15c5611964aa85", "number": "6053219754", "date": "2021-01-24 09:25:00", "subject": "0", "recorded-or-robo": "N", "city": "Sioux Falls", "state": "SD", "area-code": "605"}, {"id": "3decc6bfadaa436a105714c6bace704a", "number": "8189638829", "date": "2021-01-14 12:29:00", "subject": "2", "recorded-or-robo": "Y", "city": "Calabasas", "state": "CA", "area-code": "818"}, {"id": "03e293b3df9e35eadf15c5611964a8c8", "number": "8189638829", "date": "2021-01-14 12:29:00", "subject": "2", "recorded-or-robo": "Y", "city": "Calabasas", "state": "CA", "area-code": "818"}, {"id": "3decc6bfadaa436a105714c6bace6759", "number": "3144359458", "date": "2021-01-24 08:01:00", "subject": "11", "recorded-or-robo": "Y", "city": "", "state": "MO", "area-code": "314"}, {"id": "03e293b3df9e35eadf15c56119649f58", "number": "3144359458", "date": "2021-01-24 08:01:00", "subject": "11", "recorded-or-robo": "Y", "city": "", "state": "MO", "area-code": "314"}, {"id": "3decc6bfadaa436a105714c6bace5bf0", "number": "8155679510", "date": "2021-01-23 09:58:00", "subject": "2", "recorded-or-robo": "N", "city": "", "state": "IL", "area-code": "815"}, {"id": "03e293b3df9e35eadf15c561196492c2", "number": "8155679510", "date": "2021-01-23 09:58:00", "subject": "2", "recorded-or-robo": "N", "city": "", "state": "IL", "area-code": "815"}]}