{"data": [{"id": "deca54a6651fb9add5b4a9816cc51c5f", "number": "5592455791", "date": "2021-01-21 08:22:00", "subject": "2", "recorded-or-robo": "Y", "city": "Clovis", "state": "CA", "area-code": "559"}, {"id": "e81c9350d54f66c6d33b3747ee2ff5c0", "number": "7608520252", "date": "2021-01-21 11:33:00", "subject": "1", "recorded-or-robo": "Y", "city": "BETHANY-RESURRECTION", "state": "WV", "area-code": "304"}, {"id": "deca54a6651fb9add5b4a9816cc51774", "number": "7608520252", "date": "2021-01-21 11:33:00", "subject": "1", "recorded-or-robo": "Y", "city": "BETHANY-RESURRECTION", "state": "WV", "area-code": "304"}, {"id": "e81c9350d54f66c6d33b3747ee2fe9ee", "number": "8332298905", "date": "2021-01-21 15:28:00", "subject": "2", "recorded-or-robo": "Y", "city": "austin", "state": "TX", "area-code": "512"}, {"id": "deca54a6651fb9add5b4a9816cc508e8", "number": "8332298905", "date": "2021-01-21 15:28:00", "subject": "2", "recorded-or-robo": "Y", "city": "austin", "state": "TX", "area-code": "512"}, {"id": "e81c9350d54f66c6d33b3747ee2fda74", "number": "6083445010", "date": "2021-01-18 09:00:00", "subject": "0", "recorded-or-robo": "Y", "city": "Lewiston", "state": "ME", "area-code": "207"}, {"id": "deca54a6651fb9add5b4a9816cc5035b", "number": "6083445010", "date": "2021-01-18 09:00:00", "subject": "0", "recorded-or-robo": "Y", "city": "Lewiston", "state": "ME", "area-code": "207"}, {"id": "e81c9350d54f66c6d33b3747ee2fd328", "number": "", "date": "2021-01-19 17:37:00", "subject": "0", "recorded-or-robo": "Y", "city": "Old Bridge", "state": "NJ", "area-code": "973"}, {"id": "deca54a6651fb9add5b4a9816cc4f154", "number": "", "date": "2021-01-19 17:37:00", "subject": "0", "recorded-or-robo": "Y", "city": "Old Bridge", "state": "NJ", "area-code": "973"}, {"id": "e81c9350d54f66c6d33b3747ee2fceb6", "number": "6033661750", "date": "2021-01-20 08:30:00", "subject": "3", "recorded-or-robo": "Y", "city": "", "state": "CA", "area-code": "310"}, {"id": "deca54a6651fb9add5b4a9816cc4ea5a", "number": "6033661750", "date": "2021-01-20 08:30:00", "subject": "3", "recorded-or-robo": "Y", "city": "", "state": "CA", "area-code": "310"}, {"id": "e81c9350d54f66c6d33b3747ee2fc357", "number": "8587124914", "date": "2021-01-20 08:30:00", "subject": "4", "recorded-or-robo": "Y", "city": "MANTECA", "state": "CA", "area-code": "209"}, {"id": "deca54a6651fb9add5b4a9816cc4dacd", "number": "8587124914", "date": "2021-01-20 08:30:00", "subject": "4", "recorded-or-robo": "Y", "city": "MANTECA", "state": "CA", "area-code": "209"}, {"id": "e81c9350d54f66c6d33b3747ee2fbf8f", "number": "6052265493", "date": "2021-01-22 15:21:00", "subject": "1", "recorded-or-robo": "Y", "city": "SEATTLE", "state": "WA", "area-code": "319"}, {"id": "deca54a6651fb9add5b4a9816cc4d7da", "number": "6052265493", "date": "2021-01-22 15:21:00", "subject": "1", "recorded-or-robo": "Y", "city": "SEATTLE", "state": "WA", "area-code": "319"}, {"id": "e81c9350d54f66c6d33b3747ee2fb38e", "number": "9087819515", "date": "2021-01-22 15:21:00", "subject": "4", "recorded-or-robo": "Y", "city": "", "state": "NJ", "area-code": "201"}, {"id": "deca54a6651fb9add5b4a9816cc4d2c9", "number": "9087819515", "date": "2021-01-22 15:21:00", "subject": "4", "recorded-or-robo": "Y", "city": "", "state": "NJ", "area-code": "201"}, {"id": "e81c9350d54f66c6d33b3747ee2fae00", "number": "2536457199", "date": "2021-01-22 15:20:00", "subject": "9", "recorded-or-robo": "Y", "city": "Sioux Falls", "state": "SD", "area-code": "253"}, {"id": "deca54a6651fb9add5b4a9816cc4caa5", "number": "2536457199", "date": "2021-01-22 15:20:00", "subject": "9", "recorded-or-robo": "Y", "city": "Sioux Falls", "state": "SD", "area-code": "253"}, {"id": "e81c9350d54f66c6d33b3747ee2fa7df", "number": "7604289207", "date": "2021-01-22 14:19:00", "subject": "2", "recorded-or-robo": "Y", "city": "Trabuco Canyon", "state": "CA", "area-code": "760"}, {"id": "deca54a6651fb9add5b4a9816cc4c037", "number": "7604289207", "date": "2021-01-22 14:19:00", "subject": "2", "recorded-or-robo": "Y", "city": "Trabuco Canyon", "state": "CA", "area-code": "760"}, {"id": "e81c9350d54f66c6d33b3747ee2f9c69", "number": "6163278899", "date": "2021-01-22 18:13:00", "subject": "6", "recorded-or-robo": "N", "city": "Grosse Pointe Farms", "state": "MI", "area-code": "313"}, {"id": "deca54a6651fb9add5b4a9816cc4bcd9", "number": "6163278899", "date": "2021-01-22 18:13:00", "subject": "6", "recorded-or-robo": "N", "city": "Grosse Pointe Farms", "state": "MI", "area-code": "313"}, {"id": "e81c9350d54f66c6d33b3747ee2f963b", "number": "8559483724", "date": "2021-01-22 15:08:00", "subject": "2", "recorded-or-robo": "N", "city": "Oroville", "state": "CA", "area-code": "530"}, {"id": "e81c9350d54f66c6d33b3747ee2f8851", "number": "3132644389", "date": "2021-01-22 19:10:00", "subject": "7", "recorded-or-robo": "Y", "city": "Dearborn", "state": "MI", "area-code": "313"}, {"id": "e81c9350d54f66c6d33b3747ee2f7a10", "number": "6786524838", "date": "2021-01-22 18:20:00", "subject": "3", "recorded-or-robo": "Y", "city": "", "state": "GA", "area-code": "912"}, {"id": "deca54a6651fb9add5b4a9816cc4b5ab", "number": "8559483724", "date": "2021-01-22 15:08:00", "subject": "2", "recorded-or-robo": "N", "city": "Oroville", "state": "CA", "area-code": "530"}, {"id": "deca54a6651fb9add5b4a9816cc4b2b9", "number": "3132644389", "date": "2021-01-22 19:10:00", "subject": "7", "recorded-or-robo": "Y", "city": "Dearborn", "state": "MI", "area-code": "313"}, {"id": "deca54a6651fb9add5b4a9816cc4a85f", "number": "6786524838", "date": "2021-01-22 18:20:00", "subject": "3", "recorded-or-robo": "Y", "city": "", "state": "GA", "area-code": "912"}, {"id": "e81c9350d54f66c6d33b3747ee2f767d", "number": "6095616706", "date": "2021-01-22 07:52:00", "subject": "3", "recorded-or-robo": "Y", "city": "", "state": "NJ", "area-code": "609"}, {"id": "deca54a6651fb9add5b4a9816cc4a37f", "number": "6095616706", "date": "2021-01-22 07:52:00", "subject": "3", "recorded-or-robo": "Y", "city": "", "state": "NJ", "area-code": "609"}, {"id": "e81c9350d54f66c6d33b3747ee2f6cc3", "number": "2106816876", "date": "2021-01-22 03:01:00", "subject": "5", "recorded-or-robo": "Y", "city": "San Antonio", "state": "TX", "area-code": "210"}, {"id": "deca54a6651fb9add5b4a9816cc497b6", "number": "2106816876", "date": "2021-01-22 03:01:00", "subject": "5", "recorded-or-robo": "Y", "city": "San Antonio", "state": "TX", "area-code": "210"}, {"id": "e81c9350d54f66c6d33b3747ee2f62ee", "number": "6033469727", "date": "2021-01-20 09:23:00", "subject": "3", "recorded-or-robo": "Y", "city": "", "state": "CA", "area-code": "310"}, {"id": "deca54a6651fb9add5b4a9816cc494b7", "number": "6033469727", "date": "2021-01-20 09:23:00", "subject": "3", "recorded-or-robo": "Y", "city": "", "state": "CA", "area-code": "310"}, {"id": "e81c9350d54f66c6d33b3747ee2f590b", "number": "", "date": "2021-01-22 13:00:00", "subject": "2", "recorded-or-robo": "Y", "city": "Nappanee", "state": "IN", "area-code": "574"}, {"id": "e81c9350d54f66c6d33b3747ee2f54db", "number": "5303625438", "date": "2021-01-22 16:34:00", "subject": "1", "recorded-or-robo": "Y", "city": "Saint Clair", "state": "MO", "area-code": "314"}, {"id": "e81c9350d54f66c6d33b3747ee2f4e28", "number": "", "date": "2021-01-22 00:00:00", "subject": "3", "recorded-or-robo": "Y", "city": "", "state": "CA", "area-code": "562"}, {"id": "deca54a6651fb9add5b4a9816cc493bd", "number": "", "date": "2021-01-22 13:00:00", "subject": "2", "recorded-or-robo": "Y", "city": "Nappanee", "state": "IN", "area-code": "574"}, {"id": "deca54a6651fb9add5b4a9816cc48801", "number": "5303625438", "date": "2021-01-22 16:34:00", "subject": "1", "recorded-or-robo": "Y", "city": "Saint Clair", "state": "MO", "area-code": "314"}, {"id": "deca54a6651fb9add5b4a9816cc4875e", "number": "", "date": "2021-01-22 00:00:00", "subject": "3", "recorded-or-robo": "Y", "city": "", "state": "CA", "area-code": "562"}, {"id": "e81c9350d54f66c6d33b3747ee5948a1", "number": "+18047942061", "date": "2021-01-22 18:22:12", "subject": "3", "recorded-or-robo": "Y", "city": "", "state": "VA", "area-code": "571"}, {"id": "deca54a6651fb9add5b4a9816cede5bb", "number": "+18047942061", "date": "2021-01-22 18:22:12", "subject": "3", "recorded-or-robo": "Y", "city": "", "state": "VA", "area-code": "571"}, {"id": "e81c9350d54f66c6d33b3747ee2f3e45", "number": "5129800358", "date": "2021-01-21 15:16:00", "subject": "2", "recorded-or-robo": "Y", "city": "austin", "state": "TX", "area-code": "512"}, {"id": "deca54a6651fb9add5b4a9816cc48396", "number": "5129800358", "date": "2021-01-21 15:16:00", "subject": "2", "recorded-or-robo": "Y", "city": "austin", "state": "TX", "area-code": "512"}, {"id": "e81c9350d54f66c6d33b3747ee2f3d9e", "number": "4344047649", "date": "2021-01-12 00:00:00", "subject": "0", "recorded-or-robo": "Y", "city": "Lewiston", "state": "ME", "area-code": "207"}, {"id": "deca54a6651fb9add5b4a9816cc4793e", "number": "4344047649", "date": "2021-01-12 00:00:00", "subject": "0", "recorded-or-robo": "Y", "city": "Lewiston", "state": "ME", "area-code": "207"}, {"id": "e81c9350d54f66c6d33b3747ee2f2fe9", "number": "7602888380", "date": "2021-01-22 00:00:00", "subject": "3", "recorded-or-robo": "", "city": "", "state": "CA", "area-code": "760"}, {"id": "deca54a6651fb9add5b4a9816cc47416", "number": "7602888380", "date": "2021-01-22 00:00:00", "subject": "3", "recorded-or-robo": "", "city": "", "state": "CA", "area-code": "760"}, {"id": "e81c9350d54f66c6d33b3747ee2f2b4e", "number": "4048494332", "date": "2021-01-22 03:21:00", "subject": "5", "recorded-or-robo": "Y", "city": "Vancouver", "state": "WA", "area-code": "360"}]}