{"data": [{"id": "490dde24b259add1335244cd1b4035b8", "number": "4404591720", "date": "2021-01-26 11:53:00", "subject": "3", "recorded-or-robo": "Y", "city": "EUCLID", "state": "OH", "area-code": "216"}, {"id": "490dde24b259add1335244cd1b402a9d", "number": "9093350183", "date": "2021-01-26 08:32:00", "subject": "4", "recorded-or-robo": "Y", "city": "Olympic Valley", "state": "CA", "area-code": "530"}, {"id": "490dde24b259add1335244cd1b401b05", "number": "2183194476", "date": "2021-01-16 13:34:00", "subject": "2", "recorded-or-robo": "N", "city": "Hayward", "state": "MN", "area-code": "218"}, {"id": "490dde24b259add1335244cd1b40168a", "number": "8883273395", "date": "2021-01-26 11:36:00", "subject": "4", "recorded-or-robo": "Y", "city": "", "state": "NJ", "area-code": "732"}, {"id": "490dde24b259add1335244cd1b400a53", "number": "4152671577", "date": "2021-01-26 08:44:00", "subject": "1", "recorded-or-robo": "N", "city": "", "state": "CA", "area-code": "559"}, {"id": "490dde24b259add1335244cd1b400050", "number": "9013284983", "date": "2021-01-14 08:56:00", "subject": "1", "recorded-or-robo": "N", "city": "Memphis", "state": "TN", "area-code": "901"}, {"id": "490dde24b259add1335244cd1b3ff5c0", "number": "6058469984", "date": "2021-01-20 10:36:00", "subject": "4", "recorded-or-robo": "Y", "city": "Epping", "state": "ND", "area-code": "605"}, {"id": "490dde24b259add1335244cd1b3fecec", "number": "2892328319", "date": "2021-01-26 10:41:00", "subject": "1", "recorded-or-robo": "Y", "city": "College Station", "state": "TX", "area-code": "757"}, {"id": "490dde24b259add1335244cd1b3fde79", "number": "5703229514", "date": "2021-01-19 13:31:00", "subject": "3", "recorded-or-robo": "Y", "city": "Wyomissing", "state": "PA", "area-code": "215"}, {"id": "490dde24b259add1335244cd1b3fd292", "number": "", "date": "2021-01-25 01:26:00", "subject": "0", "recorded-or-robo": "Y", "city": "", "state": "OR", "area-code": "503"}, {"id": "490dde24b259add1335244cd1b3fcd42", "number": "3618612362", "date": "2021-01-18 16:48:00", "subject": "4", "recorded-or-robo": "Y", "city": "", "state": "PA", "area-code": "724"}, {"id": "490dde24b259add1335244cd1b3fcc99", "number": "9722431040", "date": "2021-01-26 11:47:00", "subject": "2", "recorded-or-robo": "N", "city": "Stockbrige", "state": "GA", "area-code": "770"}, {"id": "490dde24b259add1335244cd1b3fbf10", "number": "2532152576", "date": "2021-01-22 08:37:00", "subject": "0", "recorded-or-robo": "Y", "city": "Tacoma", "state": "WA", "area-code": "253"}, {"id": "490dde24b259add1335244cd1b3fb12e", "number": "3052034841", "date": "2021-01-25 19:01:00", "subject": "0", "recorded-or-robo": "N", "city": "Miami", "state": "FL", "area-code": "305"}, {"id": "490dde24b259add1335244cd1b3fa564", "number": "8572715705", "date": "2021-01-26 08:35:00", "subject": "3", "recorded-or-robo": "Y", "city": "Spring Hill", "state": "FL", "area-code": "440"}, {"id": "490dde24b259add1335244cd1b3f9e8d", "number": "7708740771", "date": "2021-01-26 11:54:00", "subject": "6", "recorded-or-robo": "N", "city": "Commerce", "state": "GA", "area-code": "770"}, {"id": "490dde24b259add1335244cd1b3f9b53", "number": "8704084148", "date": "2021-01-14 20:48:00", "subject": "2", "recorded-or-robo": "N", "city": "MTN, VIEW", "state": "AR", "area-code": "870"}, {"id": "490dde24b259add1335244cd1b3f908b", "number": "4172815415", "date": "2021-01-22 12:11:00", "subject": "3", "recorded-or-robo": "Y", "city": "Las Vegas", "state": "NV", "area-code": "702"}, {"id": "490dde24b259add1335244cd1b3f8576", "number": "", "date": "2021-01-26 10:53:00", "subject": "4", "recorded-or-robo": "Y", "city": "McFarland", "state": "WI", "area-code": "608"}, {"id": "490dde24b259add1335244cd1b3f7bcc", "number": "3023152106", "date": "2021-01-26 11:18:00", "subject": "4", "recorded-or-robo": "Y", "city": "", "state": "DE", "area-code": "302"}, {"id": "490dde24b259add1335244cd1b3f77f8", "number": "7028415102", "date": "2021-01-25 10:45:00", "subject": "0", "recorded-or-robo": "Y", "city": "North Las Vegas", "state": "NV", "area-code": "702"}, {"id": "490dde24b259add1335244cd1b3f7286", "number": "4159694858", "date": "2021-01-26 08:08:00", "subject": "3", "recorded-or-robo": "Y", "city": "", "state": "CA", "area-code": "925"}, {"id": "490dde24b259add1335244cd1b3f6774", "number": "4149407809", "date": "2021-01-24 17:07:00", "subject": "1", "recorded-or-robo": "Y", "city": "", "state": "WI", "area-code": "414"}, {"id": "490dde24b259add1335244cd1b3f57ea", "number": "9734922448", "date": "2021-01-26 11:46:00", "subject": "3", "recorded-or-robo": "Y", "city": "", "state": "NJ", "area-code": "973"}, {"id": "490dde24b259add1335244cd1b3f5768", "number": "8476190308", "date": "2021-01-25 16:33:00", "subject": "0", "recorded-or-robo": "N", "city": "Skokie", "state": "IL", "area-code": "847"}, {"id": "490dde24b259add1335244cd1b3f55b9", "number": "2569001272", "date": "2021-01-26 10:52:00", "subject": "4", "recorded-or-robo": "Y", "city": "Cullman", "state": "AL", "area-code": "256"}, {"id": "490dde24b259add1335244cd1b3f4e69", "number": "8166019848", "date": "2021-01-25 17:44:00", "subject": "2", "recorded-or-robo": "N", "city": "Kansas City", "state": "KS", "area-code": "816"}, {"id": "490dde24b259add1335244cd1b3f4bff", "number": "9492848076", "date": "2021-01-26 08:49:00", "subject": "1", "recorded-or-robo": "Y", "city": "Santa Rosa Valley", "state": "CA", "area-code": "805"}, {"id": "490dde24b259add1335244cd1b3f40b3", "number": "3866625382", "date": "2021-01-26 11:51:00", "subject": "3", "recorded-or-robo": "Y", "city": "", "state": "FL", "area-code": "321"}, {"id": "490dde24b259add1335244cd1b3f3d6d", "number": "6309072226", "date": "2021-01-26 10:00:00", "subject": "7", "recorded-or-robo": "Y", "city": "Naperville", "state": "IL", "area-code": "630"}, {"id": "490dde24b259add1335244cd1b3f2f65", "number": "4237882734", "date": "2021-01-26 10:52:00", "subject": "2", "recorded-or-robo": "N", "city": "kingsport", "state": "TN", "area-code": "423"}, {"id": "490dde24b259add1335244cd1b3f2ee7", "number": "6312844289", "date": "2021-01-26 11:36:00", "subject": "2", "recorded-or-robo": "N", "city": "Frederick", "state": "MD", "area-code": "405"}, {"id": "490dde24b259add1335244cd1b3f2161", "number": "3618612362", "date": "2021-01-18 14:02:00", "subject": "4", "recorded-or-robo": "Y", "city": "", "state": "PA", "area-code": "724"}, {"id": "490dde24b259add1335244cd1b3f2074", "number": "2126603145", "date": "2021-01-26 11:51:00", "subject": "5", "recorded-or-robo": "Y", "city": "", "state": "NY", "area-code": "212"}, {"id": "490dde24b259add1335244cd1b3f1a37", "number": "7727663190", "date": "2021-01-26 11:40:00", "subject": "2", "recorded-or-robo": "N", "city": "", "state": "FL", "area-code": "561"}, {"id": "490dde24b259add1335244cd1b3f0ce7", "number": "2108982781", "date": "2021-01-26 10:48:00", "subject": "0", "recorded-or-robo": "Y", "city": "", "state": "TX", "area-code": "713"}, {"id": "490dde24b259add1335244cd1b3f0c9e", "number": "4403272118", "date": "2021-01-26 08:30:00", "subject": "3", "recorded-or-robo": "Y", "city": "Spring Hill", "state": "FL", "area-code": "440"}, {"id": "490dde24b259add1335244cd1b3efe22", "number": "6783365533", "date": "2021-01-26 11:49:00", "subject": "3", "recorded-or-robo": "Y", "city": "", "state": "NY", "area-code": "917"}, {"id": "490dde24b259add1335244cd1b3ef7e1", "number": "4798567800", "date": "2021-01-25 09:16:00", "subject": "4", "recorded-or-robo": "N", "city": "Fayetteville", "state": "AR", "area-code": "479"}, {"id": "490dde24b259add1335244cd1b3e630b", "number": "3023553599", "date": "2021-01-26 11:50:00", "subject": "3", "recorded-or-robo": "N", "city": "", "state": "CT", "area-code": "860"}, {"id": "490dde24b259add1335244cd1b3ef5b2", "number": "8475728688", "date": "2021-01-26 10:33:00", "subject": "4", "recorded-or-robo": "Y", "city": "Niles", "state": "IL", "area-code": "847"}, {"id": "490dde24b259add1335244cd1b3ef581", "number": "4799292030", "date": "2021-01-26 10:45:00", "subject": "4", "recorded-or-robo": "Y", "city": "", "state": "AR", "area-code": "479"}, {"id": "490dde24b259add1335244cd1b3eeecd", "number": "2183531032", "date": "2021-01-19 15:28:00", "subject": "2", "recorded-or-robo": "N", "city": "Hayward", "state": "MN", "area-code": "218"}, {"id": "490dde24b259add1335244cd1b3ee5bd", "number": "8157385001", "date": "2021-01-26 11:50:00", "subject": "4", "recorded-or-robo": "Y", "city": "Rome", "state": "GA", "area-code": "630"}, {"id": "490dde24b259add1335244cd1b3ed6c0", "number": "4149401239", "date": "2021-01-24 17:53:00", "subject": "1", "recorded-or-robo": "Y", "city": "", "state": "WI", "area-code": "414"}, {"id": "490dde24b259add1335244cd1b3ec6f3", "number": "8338138440", "date": "2021-01-26 00:00:00", "subject": "2", "recorded-or-robo": "N", "city": "Miami", "state": "FL", "area-code": "305"}, {"id": "490dde24b259add1335244cd1b3ebf95", "number": "5802298505", "date": "2021-01-19 15:25:00", "subject": "3", "recorded-or-robo": "Y", "city": "", "state": "PA", "area-code": "215"}, {"id": "490dde24b259add1335244cd1b3ebed1", "number": "6462037403", "date": "2021-01-25 13:11:00", "subject": "3", "recorded-or-robo": "Y", "city": "", "state": "NY", "area-code": "718"}, {"id": "490dde24b259add1335244cd1b3ebb69", "number": "7144614753", "date": "2021-01-26 11:52:00", "subject": "2", "recorded-or-robo": "N", "city": "", "state": "FL", "area-code": "772"}, {"id": "490dde24b259add1335244cd1b3eb8a7", "number": "7026391344", "date": "2021-01-25 10:48:00", "subject": "0", "recorded-or-robo": "Y", "city": "North Las Vegas", "state": "NV", "area-code": "702"}]}