{"data": [{"id": "490dde24b259add1335244cd1b7600ee", "number": "2319236368", "date": "2021-01-13 13:28:00", "subject": "2", "recorded-or-robo": "Y", "city": "Traverse City", "state": "MI", "area-code": "231"}, {"id": "490dde24b259add1335244cd1b7450e3", "number": "", "date": "2021-01-26 12:46:00", "subject": "3", "recorded-or-robo": "", "city": "", "state": "OH", "area-code": "614"}, {"id": "490dde24b259add1335244cd1b75f263", "number": "8455456532", "date": "2021-01-26 12:54:00", "subject": "4", "recorded-or-robo": "Y", "city": "Highland", "state": "NY", "area-code": "845"}, {"id": "490dde24b259add1335244cd1b75f256", "number": "4238100304", "date": "2021-01-26 12:50:00", "subject": "4", "recorded-or-robo": "Y", "city": "New York", "state": "NY", "area-code": "917"}, {"id": "490dde24b259add1335244cd1b75eb65", "number": "9807371533", "date": "2021-01-25 10:09:00", "subject": "0", "recorded-or-robo": "Y", "city": "", "state": "VA", "area-code": "703"}, {"id": "490dde24b259add1335244cd1b75d568", "number": "4076270194", "date": "2021-01-22 18:04:00", "subject": "0", "recorded-or-robo": "Y", "city": "", "state": "FL", "area-code": "407"}, {"id": "490dde24b259add1335244cd1b75cff3", "number": "", "date": "2021-01-26 12:42:00", "subject": "2", "recorded-or-robo": "Y", "city": "Lawrence", "state": "MA", "area-code": "410"}, {"id": "490dde24b259add1335244cd1b75ce36", "number": "9135780776", "date": "2021-01-26 11:05:00", "subject": "2", "recorded-or-robo": "Y", "city": "", "state": "MN", "area-code": "952"}, {"id": "490dde24b259add1335244cd1b75b5f1", "number": "7067496064", "date": "2021-01-26 12:56:00", "subject": "4", "recorded-or-robo": "Y", "city": "Chapel Hill", "state": "NC", "area-code": "718"}, {"id": "490dde24b259add1335244cd1b75b4d7", "number": "8436549181", "date": "2021-01-26 12:54:00", "subject": "5", "recorded-or-robo": "Y", "city": "Bennettsville", "state": "SC", "area-code": "843"}, {"id": "490dde24b259add1335244cd1b75b358", "number": "6183511345", "date": "2021-01-26 00:00:00", "subject": "2", "recorded-or-robo": "Y", "city": "Edwardsville", "state": "IL", "area-code": "618"}, {"id": "490dde24b259add1335244cd1b75adbd", "number": "2104313727", "date": "2021-01-25 20:26:00", "subject": "0", "recorded-or-robo": "Y", "city": "", "state": "TX", "area-code": "210"}, {"id": "490dde24b259add1335244cd1b75abaf", "number": "4109343385", "date": "2021-01-26 12:49:00", "subject": "2", "recorded-or-robo": "N", "city": "Merritt Island", "state": "FL", "area-code": "954"}, {"id": "490dde24b259add1335244cd1b75ab2b", "number": "7577028579", "date": "2021-01-26 12:49:00", "subject": "4", "recorded-or-robo": "Y", "city": "Glen Allen", "state": "VA", "area-code": "804"}, {"id": "490dde24b259add1335244cd1b759cba", "number": "7602035151", "date": "2021-01-26 09:03:00", "subject": "0", "recorded-or-robo": "Y", "city": "Oceanside", "state": "CA", "area-code": "760"}, {"id": "490dde24b259add1335244cd1b758b2b", "number": "7726758741", "date": "2021-01-26 12:42:00", "subject": "9", "recorded-or-robo": "Y", "city": "Henderson", "state": "NV", "area-code": "702"}, {"id": "490dde24b259add1335244cd1b7585b7", "number": "8443940579", "date": "2021-01-25 16:20:00", "subject": "6", "recorded-or-robo": "Y", "city": "", "state": "IL", "area-code": "708"}, {"id": "490dde24b259add1335244cd1b757ded", "number": "8778057744", "date": "2021-01-26 12:50:00", "subject": "5", "recorded-or-robo": "N", "city": "north tonawanda", "state": "NY", "area-code": "716"}, {"id": "490dde24b259add1335244cd1b757acc", "number": "305377601", "date": "2021-01-25 18:59:00", "subject": "2", "recorded-or-robo": "Y", "city": "Fort Lauderdale", "state": "FL", "area-code": "954"}, {"id": "490dde24b259add1335244cd1b757251", "number": "8556789395", "date": "2021-01-23 08:35:00", "subject": "1", "recorded-or-robo": "Y", "city": "", "state": "IN", "area-code": "574"}, {"id": "490dde24b259add1335244cd1b756c2b", "number": "", "date": "2021-01-26 12:40:00", "subject": "1", "recorded-or-robo": "Y", "city": "Manchester", "state": "NH", "area-code": "972"}, {"id": "490dde24b259add1335244cd1b756967", "number": "3157281435", "date": "2021-01-26 09:03:00", "subject": "2", "recorded-or-robo": "Y", "city": "Pearisburg", "state": "VA", "area-code": "540"}, {"id": "490dde24b259add1335244cd1b755990", "number": "4697976445", "date": "2021-01-26 11:57:00", "subject": "6", "recorded-or-robo": "Y", "city": "", "state": "TX", "area-code": "512"}, {"id": "490dde24b259add1335244cd1b754bcd", "number": "2312412580", "date": "2021-01-13 17:58:00", "subject": "2", "recorded-or-robo": "Y", "city": "Traverse City", "state": "MI", "area-code": "231"}, {"id": "490dde24b259add1335244cd1b7541ad", "number": "5123995977", "date": "2021-01-25 15:08:00", "subject": "7", "recorded-or-robo": "N", "city": "", "state": "TX", "area-code": "817"}, {"id": "490dde24b259add1335244cd1b753aa3", "number": "2623057121", "date": "2021-01-26 11:50:00", "subject": "2", "recorded-or-robo": "Y", "city": "cedarburg", "state": "WI", "area-code": "262"}, {"id": "490dde24b259add1335244cd1b7533d0", "number": "5202779330", "date": "2021-01-26 11:45:00", "subject": "2", "recorded-or-robo": "Y", "city": "Columbus", "state": "NE", "area-code": "402"}, {"id": "490dde24b259add1335244cd1b7525e3", "number": "5162100987", "date": "2021-01-26 12:56:00", "subject": "4", "recorded-or-robo": "Y", "city": "Glen Cove", "state": "NY", "area-code": "516"}, {"id": "490dde24b259add1335244cd1b751afc", "number": "2282001362", "date": "2021-01-26 10:11:00", "subject": "4", "recorded-or-robo": "Y", "city": "Walls", "state": "MS", "area-code": "662"}, {"id": "490dde24b259add1335244cd1b751494", "number": "4077838818", "date": "2021-01-22 11:04:00", "subject": "0", "recorded-or-robo": "Y", "city": "", "state": "FL", "area-code": "407"}, {"id": "490dde24b259add1335244cd1b750f90", "number": "4408719773", "date": "2021-01-26 12:55:00", "subject": "7", "recorded-or-robo": "Y", "city": "Avon Lake", "state": "OH", "area-code": "440"}, {"id": "490dde24b259add1335244cd1b750bae", "number": "2242555833", "date": "2021-01-26 12:55:00", "subject": "4", "recorded-or-robo": "Y", "city": "", "state": "IL", "area-code": "224"}, {"id": "490dde24b259add1335244cd1b742f65", "number": "7603347656", "date": "2021-01-26 11:52:00", "subject": "3", "recorded-or-robo": "", "city": "", "state": "CA", "area-code": "760"}, {"id": "490dde24b259add1335244cd1b74fd42", "number": "3193382111", "date": "2021-01-26 14:49:00", "subject": "5", "recorded-or-robo": "Y", "city": "", "state": "IA", "area-code": "319"}, {"id": "490dde24b259add1335244cd1b74f169", "number": "3133670323", "date": "2021-01-26 12:50:00", "subject": "4", "recorded-or-robo": "Y", "city": "", "state": "MI", "area-code": "313"}, {"id": "490dde24b259add1335244cd1b74ed20", "number": "8138811700", "date": "2021-01-26 19:57:00", "subject": "0", "recorded-or-robo": "Y", "city": "North Port", "state": "FL", "area-code": "941"}, {"id": "490dde24b259add1335244cd1b74e4cc", "number": "6017385552", "date": "2021-01-26 11:56:00", "subject": "1", "recorded-or-robo": "Y", "city": "BROOKFIELD", "state": "WI", "area-code": "262"}, {"id": "490dde24b259add1335244cd1b74dd82", "number": "3126946600", "date": "2021-01-26 10:30:00", "subject": "2", "recorded-or-robo": "N", "city": "Oregon", "state": "IL", "area-code": "815"}, {"id": "490dde24b259add1335244cd1b74d79b", "number": "8776740696", "date": "2021-01-26 12:37:00", "subject": "0", "recorded-or-robo": "Y", "city": "", "state": "NJ", "area-code": "732"}, {"id": "490dde24b259add1335244cd1b74d5e2", "number": "8482776933", "date": "2021-01-26 09:19:00", "subject": "3", "recorded-or-robo": "Y", "city": "", "state": "CA", "area-code": "619"}, {"id": "490dde24b259add1335244cd1b74d17d", "number": "2145912551", "date": "2021-01-25 10:39:00", "subject": "4", "recorded-or-robo": "Y", "city": "", "state": "TX", "area-code": "210"}, {"id": "490dde24b259add1335244cd1b74c550", "number": "7072162923", "date": "2021-01-26 09:55:00", "subject": "1", "recorded-or-robo": "N", "city": "Napa", "state": "CA", "area-code": "707"}, {"id": "490dde24b259add1335244cd1b74b80a", "number": "6264422238", "date": "2021-01-26 09:55:00", "subject": "2", "recorded-or-robo": "N", "city": "", "state": "CA", "area-code": "510"}, {"id": "490dde24b259add1335244cd1b74b311", "number": "2313542685", "date": "2021-01-13 18:03:00", "subject": "2", "recorded-or-robo": "Y", "city": "Traverse City", "state": "MI", "area-code": "231"}, {"id": "490dde24b259add1335244cd1b74a3aa", "number": "3047821373", "date": "2021-01-26 12:48:00", "subject": "5", "recorded-or-robo": "Y", "city": "salem", "state": "WV", "area-code": "304"}, {"id": "490dde24b259add1335244cd1b749afe", "number": "5708179847", "date": "2021-01-26 12:55:00", "subject": "1", "recorded-or-robo": "N", "city": "Pringle", "state": "PA", "area-code": "570"}, {"id": "490dde24b259add1335244cd1b7496e4", "number": "6623622496", "date": "2021-01-26 10:50:00", "subject": "4", "recorded-or-robo": "Y", "city": "Chandler", "state": "AZ", "area-code": "480"}, {"id": "490dde24b259add1335244cd1b7489cc", "number": "4077838818", "date": "2021-01-21 13:23:00", "subject": "0", "recorded-or-robo": "Y", "city": "", "state": "FL", "area-code": "407"}, {"id": "490dde24b259add1335244cd1b7485de", "number": "2013807694", "date": "2021-01-26 12:34:00", "subject": "1", "recorded-or-robo": "Y", "city": "Henrico", "state": "VA", "area-code": "804"}, {"id": "490dde24b259add1335244cd1b747a31", "number": "7757903448", "date": "2021-01-26 09:51:00", "subject": "6", "recorded-or-robo": "Y", "city": "Gardnerville", "state": "NV", "area-code": "775"}]}