{"data": [{"id": "3decc6bfadaa436a105714c6bacb3bac", "number": "7275289840", "date": "2021-01-24 18:04:00", "subject": "0", "recorded-or-robo": "N", "city": "Saint Petersburg", "state": "FL", "area-code": "727"}, {"id": "03e293b3df9e35eadf15c561196177fc", "number": "7275289840", "date": "2021-01-24 18:04:00", "subject": "0", "recorded-or-robo": "N", "city": "Saint Petersburg", "state": "FL", "area-code": "727"}, {"id": "3decc6bfadaa436a105714c6bacb3908", "number": "3168579564", "date": "2021-01-14 16:48:00", "subject": "2", "recorded-or-robo": "", "city": "", "state": "KS", "area-code": "316"}, {"id": "03e293b3df9e35eadf15c5611961725d", "number": "3168579564", "date": "2021-01-14 16:48:00", "subject": "2", "recorded-or-robo": "", "city": "", "state": "KS", "area-code": "316"}, {"id": "3decc6bfadaa436a105714c6bacb34e9", "number": "4693093652", "date": "2021-01-06 17:12:00", "subject": "2", "recorded-or-robo": "Y", "city": "Dallas", "state": "TX", "area-code": "817"}, {"id": "03e293b3df9e35eadf15c56119616a30", "number": "4693093652", "date": "2021-01-06 17:12:00", "subject": "2", "recorded-or-robo": "Y", "city": "Dallas", "state": "TX", "area-code": "817"}, {"id": "3decc6bfadaa436a105714c6bacb25c3", "number": "8556788490", "date": "2021-01-24 18:11:00", "subject": "2", "recorded-or-robo": "Y", "city": "Carol Stream", "state": "IL", "area-code": "630"}, {"id": "03e293b3df9e35eadf15c56119615af2", "number": "8556788490", "date": "2021-01-24 18:11:00", "subject": "2", "recorded-or-robo": "Y", "city": "Carol Stream", "state": "IL", "area-code": "630"}, {"id": "3decc6bfadaa436a105714c6bacb23d0", "number": "2149193445", "date": "2021-01-09 12:04:00", "subject": "2", "recorded-or-robo": "Y", "city": "Dallas", "state": "TX", "area-code": "817"}, {"id": "03e293b3df9e35eadf15c56119614b59", "number": "2149193445", "date": "2021-01-09 12:04:00", "subject": "2", "recorded-or-robo": "Y", "city": "Dallas", "state": "TX", "area-code": "817"}, {"id": "3decc6bfadaa436a105714c6bacb19da", "number": "7148372064", "date": "2021-01-24 16:20:00", "subject": "2", "recorded-or-robo": "Y", "city": "Huntington beach", "state": "CA", "area-code": "714"}, {"id": "03e293b3df9e35eadf15c561196140b8", "number": "7148372064", "date": "2021-01-24 16:20:00", "subject": "2", "recorded-or-robo": "Y", "city": "Huntington beach", "state": "CA", "area-code": "714"}, {"id": "3decc6bfadaa436a105714c6bacb1894", "number": "", "date": "2021-01-24 05:42:00", "subject": "11", "recorded-or-robo": "Y", "city": "", "state": "IN", "area-code": "317"}, {"id": "03e293b3df9e35eadf15c56119613bed", "number": "", "date": "2021-01-24 05:42:00", "subject": "11", "recorded-or-robo": "Y", "city": "", "state": "IN", "area-code": "317"}, {"id": "3decc6bfadaa436a105714c6bacb10bf", "number": "3168605589", "date": "2021-01-11 13:26:00", "subject": "2", "recorded-or-robo": "", "city": "", "state": "KS", "area-code": "316"}, {"id": "03e293b3df9e35eadf15c561196133d5", "number": "3168605589", "date": "2021-01-11 13:26:00", "subject": "2", "recorded-or-robo": "", "city": "", "state": "KS", "area-code": "316"}, {"id": "3decc6bfadaa436a105714c6bacb0c44", "number": "6823181294", "date": "2021-01-11 10:44:00", "subject": "2", "recorded-or-robo": "Y", "city": "Dallas", "state": "TX", "area-code": "817"}, {"id": "03e293b3df9e35eadf15c56119612ab0", "number": "6823181294", "date": "2021-01-11 10:44:00", "subject": "2", "recorded-or-robo": "Y", "city": "Dallas", "state": "TX", "area-code": "817"}, {"id": "3decc6bfadaa436a105714c6bacb0367", "number": "6149928245", "date": "2021-01-24 16:31:00", "subject": "2", "recorded-or-robo": "Y", "city": "", "state": "NY", "area-code": "917"}, {"id": "03e293b3df9e35eadf15c561196127a2", "number": "6149928245", "date": "2021-01-24 16:31:00", "subject": "2", "recorded-or-robo": "Y", "city": "", "state": "NY", "area-code": "917"}, {"id": "3decc6bfadaa436a105714c6bacb0198", "number": "8009001361", "date": "2021-01-24 19:15:00", "subject": "3", "recorded-or-robo": "", "city": "Reddick", "state": "FL", "area-code": "352"}, {"id": "03e293b3df9e35eadf15c56119612697", "number": "8009001361", "date": "2021-01-24 19:15:00", "subject": "3", "recorded-or-robo": "", "city": "Reddick", "state": "FL", "area-code": "352"}, {"id": "3decc6bfadaa436a105714c6bacb00f3", "number": "7868236463", "date": "2021-01-11 17:40:00", "subject": "2", "recorded-or-robo": "Y", "city": "Dallas", "state": "TX", "area-code": "817"}, {"id": "03e293b3df9e35eadf15c561196121c9", "number": "7868236463", "date": "2021-01-11 17:40:00", "subject": "2", "recorded-or-robo": "Y", "city": "Dallas", "state": "TX", "area-code": "817"}, {"id": "3decc6bfadaa436a105714c6bacafaae", "number": "3166721042", "date": "2021-01-11 09:27:00", "subject": "2", "recorded-or-robo": "", "city": "", "state": "KS", "area-code": "316"}, {"id": "03e293b3df9e35eadf15c56119611da6", "number": "3166721042", "date": "2021-01-11 09:27:00", "subject": "2", "recorded-or-robo": "", "city": "", "state": "KS", "area-code": "316"}, {"id": "3decc6bfadaa436a105714c6bacaf7cf", "number": "9565526188", "date": "2021-01-20 18:46:00", "subject": "2", "recorded-or-robo": "Y", "city": "Dallas", "state": "TX", "area-code": "817"}, {"id": "3decc6bfadaa436a105714c6bacae898", "number": "", "date": "2021-01-22 12:00:00", "subject": "1", "recorded-or-robo": "Y", "city": "", "state": "CA", "area-code": "408"}, {"id": "03e293b3df9e35eadf15c561196116a9", "number": "9565526188", "date": "2021-01-20 18:46:00", "subject": "2", "recorded-or-robo": "Y", "city": "Dallas", "state": "TX", "area-code": "817"}, {"id": "03e293b3df9e35eadf15c56119610968", "number": "", "date": "2021-01-22 12:00:00", "subject": "1", "recorded-or-robo": "Y", "city": "", "state": "CA", "area-code": "408"}, {"id": "3decc6bfadaa436a105714c6bacae510", "number": "5094404127", "date": "2021-01-24 16:22:00", "subject": "1", "recorded-or-robo": "Y", "city": "Spokane", "state": "WA", "area-code": "509"}, {"id": "03e293b3df9e35eadf15c561196106f2", "number": "5094404127", "date": "2021-01-24 16:22:00", "subject": "1", "recorded-or-robo": "Y", "city": "Spokane", "state": "WA", "area-code": "509"}, {"id": "3decc6bfadaa436a105714c6bacae383", "number": "5092355196", "date": "2021-01-24 16:26:00", "subject": "2", "recorded-or-robo": "Y", "city": "Cheney", "state": "WA", "area-code": "509"}, {"id": "03e293b3df9e35eadf15c5611960f8c0", "number": "5092355196", "date": "2021-01-24 16:26:00", "subject": "2", "recorded-or-robo": "Y", "city": "Cheney", "state": "WA", "area-code": "509"}, {"id": "3decc6bfadaa436a105714c6bacad850", "number": "8556783220", "date": "2021-01-24 13:37:00", "subject": "2", "recorded-or-robo": "Y", "city": "Saint Louis", "state": "MO", "area-code": "314"}, {"id": "03e293b3df9e35eadf15c5611960eaa9", "number": "8556783220", "date": "2021-01-24 13:37:00", "subject": "2", "recorded-or-robo": "Y", "city": "Saint Louis", "state": "MO", "area-code": "314"}, {"id": "3decc6bfadaa436a105714c6bacad3c3", "number": "5613159398", "date": "2021-01-06 14:57:00", "subject": "2", "recorded-or-robo": "", "city": "", "state": "KS", "area-code": "316"}, {"id": "03e293b3df9e35eadf15c5611960e8ec", "number": "5613159398", "date": "2021-01-06 14:57:00", "subject": "2", "recorded-or-robo": "", "city": "", "state": "KS", "area-code": "316"}, {"id": "3decc6bfadaa436a105714c6bacace54", "number": "9726325456", "date": "2021-01-09 15:32:00", "subject": "2", "recorded-or-robo": "Y", "city": "Dallas", "state": "TX", "area-code": "817"}, {"id": "03e293b3df9e35eadf15c5611960e4bc", "number": "9726325456", "date": "2021-01-09 15:32:00", "subject": "2", "recorded-or-robo": "Y", "city": "Dallas", "state": "TX", "area-code": "817"}, {"id": "3decc6bfadaa436a105714c6bacac29e", "number": "8185614330", "date": "2021-01-19 15:15:00", "subject": "2", "recorded-or-robo": "Y", "city": "Granada Hills", "state": "CA", "area-code": "818"}, {"id": "03e293b3df9e35eadf15c5611960d573", "number": "8185614330", "date": "2021-01-19 15:15:00", "subject": "2", "recorded-or-robo": "Y", "city": "Granada Hills", "state": "CA", "area-code": "818"}, {"id": "3decc6bfadaa436a105714c6bacabd61", "number": "", "date": "2021-01-22 09:09:00", "subject": "0", "recorded-or-robo": "N", "city": "Lansing", "state": "KS", "area-code": "913"}, {"id": "03e293b3df9e35eadf15c5611960d407", "number": "", "date": "2021-01-22 09:09:00", "subject": "0", "recorded-or-robo": "N", "city": "Lansing", "state": "KS", "area-code": "913"}, {"id": "3decc6bfadaa436a105714c6bacaba1c", "number": "8179106103", "date": "2021-01-21 19:28:00", "subject": "2", "recorded-or-robo": "Y", "city": "Dallas", "state": "TX", "area-code": "817"}, {"id": "03e293b3df9e35eadf15c5611960c562", "number": "8179106103", "date": "2021-01-21 19:28:00", "subject": "2", "recorded-or-robo": "Y", "city": "Dallas", "state": "TX", "area-code": "817"}, {"id": "3decc6bfadaa436a105714c6bacab7ae", "number": "3343528860", "date": "2021-01-24 18:21:00", "subject": "1", "recorded-or-robo": "Y", "city": "", "state": "AL", "area-code": "334"}, {"id": "03e293b3df9e35eadf15c5611960bad5", "number": "3343528860", "date": "2021-01-24 18:21:00", "subject": "1", "recorded-or-robo": "Y", "city": "", "state": "AL", "area-code": "334"}, {"id": "3decc6bfadaa436a105714c6bacab451", "number": "5092357661", "date": "2021-01-24 16:20:00", "subject": "2", "recorded-or-robo": "Y", "city": "Cheney", "state": "WA", "area-code": "509"}, {"id": "03e293b3df9e35eadf15c5611960b56f", "number": "5092357661", "date": "2021-01-24 16:20:00", "subject": "2", "recorded-or-robo": "Y", "city": "Cheney", "state": "WA", "area-code": "509"}]}