{"data": [{"id": "490dde24b259add1335244cd1b5d982e", "number": "3302228188", "date": "2021-01-26 09:26:00", "subject": "1", "recorded-or-robo": "Y", "city": "Haverhill", "state": "MA", "area-code": "617"}, {"id": "490dde24b259add1335244cd1b5d8ee2", "number": "", "date": "2021-01-26 11:00:00", "subject": "3", "recorded-or-robo": "Y", "city": "", "state": "CA", "area-code": "805"}, {"id": "490dde24b259add1335244cd1b5d83be", "number": "7144962441", "date": "2021-01-25 14:24:00", "subject": "2", "recorded-or-robo": "Y", "city": "Fairfield", "state": "CA", "area-code": "650"}, {"id": "490dde24b259add1335244cd1b5d7f5e", "number": "7742208468", "date": "2021-01-26 00:22:00", "subject": "4", "recorded-or-robo": "Y", "city": "Alum Bank", "state": "PA", "area-code": "814"}, {"id": "490dde24b259add1335244cd1b5d7790", "number": "5624534713", "date": "2021-01-26 09:21:00", "subject": "0", "recorded-or-robo": "N", "city": "Paramount", "state": "CA", "area-code": "562"}, {"id": "490dde24b259add1335244cd1b5c3985", "number": "3214170022", "date": "2021-01-26 11:31:00", "subject": "3", "recorded-or-robo": "N", "city": "", "state": "OK", "area-code": "918"}, {"id": "490dde24b259add1335244cd1b5d67f0", "number": "9704507154", "date": "2021-01-26 10:27:00", "subject": "0", "recorded-or-robo": "Y", "city": "", "state": "CO", "area-code": "303"}, {"id": "490dde24b259add1335244cd1b5d5e32", "number": "4805051410", "date": "2021-01-25 13:56:00", "subject": "3", "recorded-or-robo": "", "city": "", "state": "AZ", "area-code": "480"}, {"id": "490dde24b259add1335244cd1b5d5271", "number": "4052887207", "date": "2021-01-25 11:24:00", "subject": "0", "recorded-or-robo": "Y", "city": "Oklahoma City", "state": "OK", "area-code": "405"}, {"id": "490dde24b259add1335244cd1b5d4428", "number": "4149824767", "date": "2021-01-25 10:03:00", "subject": "2", "recorded-or-robo": "Y", "city": "MERIDIAN", "state": "ID", "area-code": "208"}, {"id": "490dde24b259add1335244cd1b5ba420", "number": "7656236002", "date": "2021-01-26 12:25:00", "subject": "3", "recorded-or-robo": "N", "city": "", "state": "IN", "area-code": "765"}, {"id": "490dde24b259add1335244cd1b5d3b8b", "number": "7162293896", "date": "2021-01-26 12:00:00", "subject": "4", "recorded-or-robo": "N", "city": "", "state": "NY", "area-code": "585"}, {"id": "490dde24b259add1335244cd1b5d35d2", "number": "6693007966", "date": "2021-01-13 15:52:00", "subject": "0", "recorded-or-robo": "N", "city": "seattle", "state": "CA", "area-code": "805"}, {"id": "490dde24b259add1335244cd1b5d31d5", "number": "4404910258", "date": "2021-01-26 12:22:00", "subject": "4", "recorded-or-robo": "Y", "city": "Mentor", "state": "OH", "area-code": "440"}, {"id": "490dde24b259add1335244cd1b5d2c7a", "number": "7329043861", "date": "2021-01-26 12:21:00", "subject": "1", "recorded-or-robo": "Y", "city": "Wall", "state": "NJ", "area-code": "732"}, {"id": "490dde24b259add1335244cd1b5d1e0d", "number": "", "date": "2021-01-26 00:16:00", "subject": "1", "recorded-or-robo": "Y", "city": "Columbia City", "state": "IN", "area-code": "260"}, {"id": "490dde24b259add1335244cd1b5d1618", "number": "4433983654", "date": "2021-01-26 11:17:00", "subject": "2", "recorded-or-robo": "Y", "city": "", "state": "MS", "area-code": "601"}, {"id": "490dde24b259add1335244cd1b5d12a8", "number": "5176491171", "date": "2021-01-21 14:01:00", "subject": "5", "recorded-or-robo": "", "city": "", "state": "NE", "area-code": "402"}, {"id": "490dde24b259add1335244cd1b5d0a52", "number": "2252307885", "date": "2021-01-26 12:28:00", "subject": "5", "recorded-or-robo": "N", "city": "", "state": "NC", "area-code": "704"}, {"id": "490dde24b259add1335244cd1b5d0a07", "number": "2763253739", "date": "2021-01-26 12:28:00", "subject": "4", "recorded-or-robo": "Y", "city": "", "state": "VA", "area-code": "276"}, {"id": "490dde24b259add1335244cd1b5d0058", "number": "2162323328", "date": "2020-12-17 15:13:00", "subject": "2", "recorded-or-robo": "Y", "city": "Portsmouth", "state": "OH", "area-code": "740"}, {"id": "490dde24b259add1335244cd1b5cf600", "number": "5624754113", "date": "2021-01-26 12:29:00", "subject": "4", "recorded-or-robo": "Y", "city": "", "state": "MI", "area-code": "989"}, {"id": "490dde24b259add1335244cd1b5ced40", "number": "4805052747", "date": "2021-01-25 14:53:00", "subject": "3", "recorded-or-robo": "", "city": "", "state": "AZ", "area-code": "480"}, {"id": "490dde24b259add1335244cd1b5ce513", "number": "2183771030", "date": "2021-01-25 15:11:00", "subject": "2", "recorded-or-robo": "Y", "city": "International Falls", "state": "MN", "area-code": "218"}, {"id": "490dde24b259add1335244cd1b5ce2d8", "number": "8332297974", "date": "2021-01-26 11:00:00", "subject": "6", "recorded-or-robo": "N", "city": "Riverside", "state": "IL", "area-code": "708"}, {"id": "490dde24b259add1335244cd1b5ce142", "number": "4348081650", "date": "2021-01-26 12:03:00", "subject": "0", "recorded-or-robo": "Y", "city": "North", "state": "VA", "area-code": "804"}, {"id": "490dde24b259add1335244cd1b5cdc6b", "number": "2034476217", "date": "2021-01-26 12:01:00", "subject": "7", "recorded-or-robo": "Y", "city": "Hamden", "state": "CT", "area-code": "203"}, {"id": "490dde24b259add1335244cd1b5cd402", "number": "6086316003", "date": "2021-01-26 11:09:00", "subject": "4", "recorded-or-robo": "Y", "city": "Portage", "state": "WI", "area-code": "608"}, {"id": "490dde24b259add1335244cd1b5cca13", "number": "9415843563", "date": "2021-01-26 12:00:00", "subject": "1", "recorded-or-robo": "Y", "city": "Sarasota", "state": "FL", "area-code": "941"}, {"id": "490dde24b259add1335244cd1b5cbddd", "number": "4074109409", "date": "2021-01-26 11:26:00", "subject": "4", "recorded-or-robo": "Y", "city": "", "state": "IL", "area-code": "630"}, {"id": "490dde24b259add1335244cd1b5cb56a", "number": "2063393058", "date": "2020-01-26 09:24:00", "subject": "3", "recorded-or-robo": "Y", "city": "", "state": "WA", "area-code": "360"}, {"id": "490dde24b259add1335244cd1b5bedc6", "number": "7405665327", "date": "2021-01-26 10:49:00", "subject": "3", "recorded-or-robo": "N", "city": "", "state": "OH", "area-code": "513"}, {"id": "490dde24b259add1335244cd1b5cad90", "number": "8053421561", "date": "2021-01-13 16:01:00", "subject": "0", "recorded-or-robo": "N", "city": "seattle", "state": "CA", "area-code": "805"}, {"id": "490dde24b259add1335244cd1b5cacf2", "number": "6193722528", "date": "2021-01-26 09:26:00", "subject": "2", "recorded-or-robo": "Y", "city": "Vista", "state": "CA", "area-code": "619"}, {"id": "490dde24b259add1335244cd1b5ca687", "number": "9282560005", "date": "2021-01-26 09:08:00", "subject": "4", "recorded-or-robo": "N", "city": "Phoenix", "state": "AZ", "area-code": "602"}, {"id": "490dde24b259add1335244cd1b5c9c9b", "number": "4092347280", "date": "2021-01-26 10:19:00", "subject": "11", "recorded-or-robo": "Y", "city": "Rockford", "state": "IL", "area-code": "815"}, {"id": "490dde24b259add1335244cd1b5c8ce2", "number": "", "date": "2021-01-26 00:00:00", "subject": "3", "recorded-or-robo": "Y", "city": "", "state": "NY", "area-code": "845"}, {"id": "490dde24b259add1335244cd1b5c7ced", "number": "8136929050", "date": "2021-01-25 18:19:00", "subject": "3", "recorded-or-robo": "Y", "city": "", "state": "FL", "area-code": "561"}, {"id": "490dde24b259add1335244cd1b5c6dd6", "number": "5012601132", "date": "2021-01-26 09:33:00", "subject": "16", "recorded-or-robo": "Y", "city": "Higden", "state": "AR", "area-code": "501"}, {"id": "490dde24b259add1335244cd1b5c689d", "number": "3146137482", "date": "2021-01-26 12:00:00", "subject": "1", "recorded-or-robo": "Y", "city": "saint louis", "state": "MO", "area-code": "314"}, {"id": "490dde24b259add1335244cd1b5c6671", "number": "9724763584", "date": "2021-01-26 11:00:00", "subject": "4", "recorded-or-robo": "Y", "city": "Point", "state": "TX", "area-code": "972"}, {"id": "490dde24b259add1335244cd1b5c5a46", "number": "2534587429", "date": "2021-01-26 12:27:00", "subject": "4", "recorded-or-robo": "Y", "city": "", "state": "WA", "area-code": "253"}, {"id": "490dde24b259add1335244cd1b5c4e33", "number": "8337700524", "date": "2021-01-26 12:20:00", "subject": "2", "recorded-or-robo": "Y", "city": "St. James City", "state": "FL", "area-code": "239"}, {"id": "490dde24b259add1335244cd1b5c4a8b", "number": "8003471000", "date": "2021-01-21 14:46:00", "subject": "5", "recorded-or-robo": "", "city": "", "state": "NE", "area-code": "402"}, {"id": "490dde24b259add1335244cd1b5c44c4", "number": "", "date": "2021-01-26 12:25:00", "subject": "3", "recorded-or-robo": "Y", "city": "", "state": "KY", "area-code": "859"}, {"id": "490dde24b259add1335244cd1b5b087d", "number": "6146834637", "date": "2021-01-26 11:49:00", "subject": "3", "recorded-or-robo": "", "city": "", "state": "OH", "area-code": "614"}, {"id": "490dde24b259add1335244cd1b5c2a38", "number": "7852647669", "date": "2021-01-26 11:27:00", "subject": "4", "recorded-or-robo": "N", "city": "Allen", "state": "TX", "area-code": "972"}, {"id": "490dde24b259add1335244cd1b5c283d", "number": "4697225659", "date": "2021-01-26 10:22:00", "subject": "2", "recorded-or-robo": "Y", "city": "Oklahoma City", "state": "OK", "area-code": "405"}, {"id": "490dde24b259add1335244cd1b5c19ad", "number": "6464925263", "date": "2021-01-25 11:12:00", "subject": "2", "recorded-or-robo": "Y", "city": "", "state": "NY", "area-code": "917"}, {"id": "490dde24b259add1335244cd1b5c0bdb", "number": "9205572952", "date": "2021-01-26 10:55:00", "subject": "4", "recorded-or-robo": "Y", "city": "appleton", "state": "WI", "area-code": "920"}]}