{"data": [{"id": "1d36742e3f24f50e4e7ae82801165b49", "number": "7603483157", "date": "2021-01-21 15:37:00", "subject": "0", "recorded-or-robo": "N", "city": "Ramona", "state": "CA", "area-code": "760"}, {"id": "e81c9350d54f66c6d33b3747ee812f00", "number": "9058584366", "date": "2021-01-22 17:13:00", "subject": "0", "recorded-or-robo": "Y", "city": "Frederick", "state": "MD", "area-code": "206"}, {"id": "1d36742e3f24f50e4e7ae82801164dcd", "number": "9058584366", "date": "2021-01-22 17:13:00", "subject": "0", "recorded-or-robo": "Y", "city": "Frederick", "state": "MD", "area-code": "206"}, {"id": "e81c9350d54f66c6d33b3747ee8122c7", "number": "2184296243", "date": "2021-01-22 09:18:00", "subject": "4", "recorded-or-robo": "Y", "city": "saginaw", "state": "MN", "area-code": "218"}, {"id": "1d36742e3f24f50e4e7ae8280116496d", "number": "2184296243", "date": "2021-01-22 09:18:00", "subject": "4", "recorded-or-robo": "Y", "city": "saginaw", "state": "MN", "area-code": "218"}, {"id": "e81c9350d54f66c6d33b3747ee8117c1", "number": "", "date": "2021-01-22 08:42:00", "subject": "1", "recorded-or-robo": "Y", "city": "Los Angeles", "state": "CA", "area-code": "310"}, {"id": "1d36742e3f24f50e4e7ae828011648e9", "number": "", "date": "2021-01-22 08:42:00", "subject": "1", "recorded-or-robo": "Y", "city": "Los Angeles", "state": "CA", "area-code": "310"}, {"id": "e81c9350d54f66c6d33b3747ee8116b5", "number": "5746568639", "date": "2021-01-22 13:30:00", "subject": "2", "recorded-or-robo": "Y", "city": "North Liberty", "state": "IN", "area-code": "574"}, {"id": "1d36742e3f24f50e4e7ae828011647f4", "number": "5746568639", "date": "2021-01-22 13:30:00", "subject": "2", "recorded-or-robo": "Y", "city": "North Liberty", "state": "IN", "area-code": "574"}, {"id": "e81c9350d54f66c6d33b3747eeabeee1", "number": "+15708679451", "date": "2021-01-22 20:26:01", "subject": "3", "recorded-or-robo": "Y", "city": "", "state": "PA", "area-code": "570"}, {"id": "e81c9350d54f66c6d33b3747ee81126a", "number": "8058553556", "date": "2021-01-21 11:28:00", "subject": "2", "recorded-or-robo": "Y", "city": "Atascadero", "state": "CA", "area-code": "805"}, {"id": "1d36742e3f24f50e4e7ae8280140aa73", "number": "+15708679451", "date": "2021-01-22 20:26:01", "subject": "3", "recorded-or-robo": "Y", "city": "", "state": "PA", "area-code": "570"}, {"id": "1d36742e3f24f50e4e7ae82801163ce6", "number": "8058553556", "date": "2021-01-21 11:28:00", "subject": "2", "recorded-or-robo": "Y", "city": "Atascadero", "state": "CA", "area-code": "805"}, {"id": "e81c9350d54f66c6d33b3747ee810eba", "number": "2104344696", "date": "2021-01-12 09:05:00", "subject": "3", "recorded-or-robo": "N", "city": "", "state": "TX", "area-code": "210"}, {"id": "1d36742e3f24f50e4e7ae8280116338b", "number": "2104344696", "date": "2021-01-12 09:05:00", "subject": "3", "recorded-or-robo": "N", "city": "", "state": "TX", "area-code": "210"}, {"id": "e81c9350d54f66c6d33b3747eeac11e3", "number": "9134269873", "date": "2021-01-22 20:25:47", "subject": "3", "recorded-or-robo": "Y", "city": "", "state": "TX", "area-code": "956"}, {"id": "1d36742e3f24f50e4e7ae8280140d373", "number": "9134269873", "date": "2021-01-22 20:25:47", "subject": "3", "recorded-or-robo": "Y", "city": "", "state": "TX", "area-code": "956"}, {"id": "e81c9350d54f66c6d33b3747ee80ffb1", "number": "2696899827", "date": "2021-01-22 17:54:00", "subject": "6", "recorded-or-robo": "N", "city": "South Haven", "state": "MI", "area-code": "269"}, {"id": "1d36742e3f24f50e4e7ae82801162d3a", "number": "2696899827", "date": "2021-01-22 17:54:00", "subject": "6", "recorded-or-robo": "N", "city": "South Haven", "state": "MI", "area-code": "269"}, {"id": "e81c9350d54f66c6d33b3747eec6e451", "number": "", "date": "2021-01-22 06:00:00", "subject": "3", "recorded-or-robo": "Y", "city": "", "state": "LA", "area-code": "337"}, {"id": "1d36742e3f24f50e4e7ae828015c2d57", "number": "", "date": "2021-01-22 06:00:00", "subject": "3", "recorded-or-robo": "Y", "city": "", "state": "LA", "area-code": "337"}, {"id": "e81c9350d54f66c6d33b3747eeac115a", "number": "+4023836020", "date": "2021-01-22 20:25:32", "subject": "3", "recorded-or-robo": "N", "city": "", "state": "TX", "area-code": "806"}, {"id": "1d36742e3f24f50e4e7ae8280140cd77", "number": "+4023836020", "date": "2021-01-22 20:25:32", "subject": "3", "recorded-or-robo": "N", "city": "", "state": "TX", "area-code": "806"}, {"id": "e81c9350d54f66c6d33b3747ee80fa2f", "number": "9898487211", "date": "2021-01-22 12:56:00", "subject": "3", "recorded-or-robo": "", "city": "", "state": "MI", "area-code": "989"}, {"id": "1d36742e3f24f50e4e7ae828011624cd", "number": "9898487211", "date": "2021-01-22 12:56:00", "subject": "3", "recorded-or-robo": "", "city": "", "state": "MI", "area-code": "989"}, {"id": "e81c9350d54f66c6d33b3747ee80f1db", "number": "", "date": "2021-01-22 03:00:00", "subject": "13", "recorded-or-robo": "N", "city": "Gallatin", "state": "MO", "area-code": "816"}, {"id": "1d36742e3f24f50e4e7ae828011618e9", "number": "", "date": "2021-01-22 03:00:00", "subject": "13", "recorded-or-robo": "N", "city": "Gallatin", "state": "MO", "area-code": "816"}, {"id": "e81c9350d54f66c6d33b3747ee80ecfe", "number": "8054646588", "date": "2021-01-21 13:36:00", "subject": "2", "recorded-or-robo": "Y", "city": "Atascadero", "state": "CA", "area-code": "805"}, {"id": "1d36742e3f24f50e4e7ae82801160b0d", "number": "8054646588", "date": "2021-01-21 13:36:00", "subject": "2", "recorded-or-robo": "Y", "city": "Atascadero", "state": "CA", "area-code": "805"}, {"id": "e81c9350d54f66c6d33b3747eeababdd", "number": "+14023836020", "date": "2021-01-22 20:25:11", "subject": "3", "recorded-or-robo": "N", "city": "", "state": "TX", "area-code": "806"}, {"id": "1d36742e3f24f50e4e7ae82801408c66", "number": "+14023836020", "date": "2021-01-22 20:25:11", "subject": "3", "recorded-or-robo": "N", "city": "", "state": "TX", "area-code": "806"}, {"id": "e81c9350d54f66c6d33b3747ee80e49e", "number": "2107823982", "date": "2021-01-15 14:26:00", "subject": "3", "recorded-or-robo": "N", "city": "", "state": "TX", "area-code": "210"}, {"id": "1d36742e3f24f50e4e7ae82801160194", "number": "2107823982", "date": "2021-01-15 14:26:00", "subject": "3", "recorded-or-robo": "N", "city": "", "state": "TX", "area-code": "210"}, {"id": "e81c9350d54f66c6d33b3747ee80e47c", "number": "2085168389", "date": "2021-01-22 17:23:00", "subject": "3", "recorded-or-robo": "Y", "city": "", "state": "ID", "area-code": "208"}, {"id": "1d36742e3f24f50e4e7ae8280115f557", "number": "2085168389", "date": "2021-01-22 17:23:00", "subject": "3", "recorded-or-robo": "Y", "city": "", "state": "ID", "area-code": "208"}, {"id": "e81c9350d54f66c6d33b3747eeabb8de", "number": "+16147056091", "date": "2021-01-22 20:24:58", "subject": "3", "recorded-or-robo": "Y", "city": "", "state": "OH", "area-code": "614"}, {"id": "1d36742e3f24f50e4e7ae82801408e46", "number": "+16147056091", "date": "2021-01-22 20:24:58", "subject": "3", "recorded-or-robo": "Y", "city": "", "state": "OH", "area-code": "614"}, {"id": "e81c9350d54f66c6d33b3747ee80dfe3", "number": "8443716878", "date": "2021-01-22 20:02:00", "subject": "2", "recorded-or-robo": "N", "city": "Bronx", "state": "NY", "area-code": "917"}, {"id": "1d36742e3f24f50e4e7ae8280115e68f", "number": "8443716878", "date": "2021-01-22 20:02:00", "subject": "2", "recorded-or-robo": "N", "city": "Bronx", "state": "NY", "area-code": "917"}, {"id": "e81c9350d54f66c6d33b3747ee809eb2", "number": "7035707710", "date": "2021-01-18 10:59:00", "subject": "3", "recorded-or-robo": "N", "city": "", "state": "VA", "area-code": "703"}, {"id": "1d36742e3f24f50e4e7ae8280115a479", "number": "7035707710", "date": "2021-01-18 10:59:00", "subject": "3", "recorded-or-robo": "N", "city": "", "state": "VA", "area-code": "703"}, {"id": "e81c9350d54f66c6d33b3747ee80d57d", "number": "5614047127", "date": "2021-01-22 18:46:00", "subject": "1", "recorded-or-robo": "Y", "city": "", "state": "FL", "area-code": "561"}, {"id": "1d36742e3f24f50e4e7ae8280115d85c", "number": "5614047127", "date": "2021-01-22 18:46:00", "subject": "1", "recorded-or-robo": "Y", "city": "", "state": "FL", "area-code": "561"}, {"id": "e81c9350d54f66c6d33b3747eeabd043", "number": "+15756749817", "date": "2021-01-22 20:24:33", "subject": "3", "recorded-or-robo": "Y", "city": "", "state": "FL", "area-code": "407"}, {"id": "1d36742e3f24f50e4e7ae8280140960f", "number": "+15756749817", "date": "2021-01-22 20:24:33", "subject": "3", "recorded-or-robo": "Y", "city": "", "state": "FL", "area-code": "407"}, {"id": "e81c9350d54f66c6d33b3747ee80cdf2", "number": "", "date": "2021-01-22 20:07:00", "subject": "0", "recorded-or-robo": "Y", "city": "Seymour", "state": "TN", "area-code": "865"}, {"id": "1d36742e3f24f50e4e7ae8280115d6ba", "number": "", "date": "2021-01-22 20:07:00", "subject": "0", "recorded-or-robo": "Y", "city": "Seymour", "state": "TN", "area-code": "865"}, {"id": "e81c9350d54f66c6d33b3747ee80c26d", "number": "8054294338", "date": "2021-01-21 16:13:00", "subject": "2", "recorded-or-robo": "Y", "city": "Atascadero", "state": "CA", "area-code": "805"}, {"id": "1d36742e3f24f50e4e7ae8280115ca02", "number": "8054294338", "date": "2021-01-21 16:13:00", "subject": "2", "recorded-or-robo": "Y", "city": "Atascadero", "state": "CA", "area-code": "805"}, {"id": "e81c9350d54f66c6d33b3747ee80ba1c", "number": "24384031305", "date": "2021-01-22 18:09:00", "subject": "0", "recorded-or-robo": "Y", "city": "Valliant", "state": "OK", "area-code": "580"}]}