{"data": [{"id": "1d36742e3f24f50e4e7ae82801425983", "number": "9705533044", "date": "2021-01-22 20:44:56", "subject": "3", "recorded-or-robo": "Y", "city": "", "state": "CO", "area-code": "970"}, {"id": "e81c9350d54f66c6d33b3747ee84b4a9", "number": "3214565208", "date": "2021-01-22 20:25:00", "subject": "9", "recorded-or-robo": "Y", "city": "Jacksonville", "state": "FL", "area-code": "904"}, {"id": "1d36742e3f24f50e4e7ae828011a25f2", "number": "3214565208", "date": "2021-01-22 20:25:00", "subject": "9", "recorded-or-robo": "Y", "city": "Jacksonville", "state": "FL", "area-code": "904"}, {"id": "e81c9350d54f66c6d33b3747eead7038", "number": "3232017220", "date": "2021-01-22 20:44:39", "subject": "3", "recorded-or-robo": "Y", "city": "", "state": "CA", "area-code": "714"}, {"id": "1d36742e3f24f50e4e7ae82801422f5e", "number": "3232017220", "date": "2021-01-22 20:44:39", "subject": "3", "recorded-or-robo": "Y", "city": "", "state": "CA", "area-code": "714"}, {"id": "e81c9350d54f66c6d33b3747eeae042e", "number": "6147297569", "date": "2021-01-22 20:44:27", "subject": "3", "recorded-or-robo": "Y", "city": "", "state": "FL", "area-code": "727"}, {"id": "1d36742e3f24f50e4e7ae82801429cf6", "number": "6147297569", "date": "2021-01-22 20:44:27", "subject": "3", "recorded-or-robo": "Y", "city": "", "state": "FL", "area-code": "727"}, {"id": "e81c9350d54f66c6d33b3747eead3281", "number": "9705533044", "date": "2021-01-22 20:44:24", "subject": "3", "recorded-or-robo": "Y", "city": "", "state": "CO", "area-code": "970"}, {"id": "1d36742e3f24f50e4e7ae8280141eeed", "number": "9705533044", "date": "2021-01-22 20:44:24", "subject": "3", "recorded-or-robo": "Y", "city": "", "state": "CO", "area-code": "970"}, {"id": "e81c9350d54f66c6d33b3747ee84a5be", "number": "5108170571", "date": "2021-01-22 13:04:00", "subject": "2", "recorded-or-robo": "Y", "city": "", "state": "CA", "area-code": "805"}, {"id": "1d36742e3f24f50e4e7ae828011a23d7", "number": "5108170571", "date": "2021-01-22 13:04:00", "subject": "2", "recorded-or-robo": "Y", "city": "", "state": "CA", "area-code": "805"}, {"id": "e81c9350d54f66c6d33b3747ee84a172", "number": "7753007945", "date": "2021-01-22 15:48:00", "subject": "0", "recorded-or-robo": "Y", "city": "", "state": "NV", "area-code": "702"}, {"id": "1d36742e3f24f50e4e7ae828011a1476", "number": "7753007945", "date": "2021-01-22 15:48:00", "subject": "0", "recorded-or-robo": "Y", "city": "", "state": "NV", "area-code": "702"}, {"id": "e81c9350d54f66c6d33b3747ee8498e7", "number": "8325222937", "date": "2021-01-22 17:50:00", "subject": "4", "recorded-or-robo": "Y", "city": "San Antonio", "state": "TX", "area-code": "210"}, {"id": "1d36742e3f24f50e4e7ae828011a091c", "number": "8325222937", "date": "2021-01-22 17:50:00", "subject": "4", "recorded-or-robo": "Y", "city": "San Antonio", "state": "TX", "area-code": "210"}, {"id": "e81c9350d54f66c6d33b3747eeadd9ad", "number": "+12405630525", "date": "2021-01-22 20:43:58", "subject": "3", "recorded-or-robo": "Y", "city": "", "state": "IL", "area-code": "773"}, {"id": "1d36742e3f24f50e4e7ae82801427a6b", "number": "+12405630525", "date": "2021-01-22 20:43:58", "subject": "3", "recorded-or-robo": "Y", "city": "", "state": "IL", "area-code": "773"}, {"id": "e81c9350d54f66c6d33b3747ee848a1e", "number": "2064798186", "date": "2021-01-22 20:06:00", "subject": "2", "recorded-or-robo": "Y", "city": "Providence", "state": "RI", "area-code": "253"}, {"id": "1d36742e3f24f50e4e7ae828011a05fe", "number": "2064798186", "date": "2021-01-22 20:06:00", "subject": "2", "recorded-or-robo": "Y", "city": "Providence", "state": "RI", "area-code": "253"}, {"id": "e81c9350d54f66c6d33b3747ee847000", "number": "6765593", "date": "2021-01-22 10:57:00", "subject": "0", "recorded-or-robo": "Y", "city": "", "state": "CA", "area-code": "323"}, {"id": "1d36742e3f24f50e4e7ae828011a046b", "number": "6765593", "date": "2021-01-22 10:57:00", "subject": "0", "recorded-or-robo": "Y", "city": "", "state": "CA", "area-code": "323"}, {"id": "e81c9350d54f66c6d33b3747eead3212", "number": "6147297569", "date": "2021-01-22 20:43:46", "subject": "3", "recorded-or-robo": "Y", "city": "", "state": "FL", "area-code": "727"}, {"id": "1d36742e3f24f50e4e7ae8280141e2e8", "number": "6147297569", "date": "2021-01-22 20:43:46", "subject": "3", "recorded-or-robo": "Y", "city": "", "state": "FL", "area-code": "727"}, {"id": "e81c9350d54f66c6d33b3747ee846b80", "number": "3235470546", "date": "2021-01-21 18:33:00", "subject": "2", "recorded-or-robo": "Y", "city": "", "state": "CA", "area-code": "805"}, {"id": "1d36742e3f24f50e4e7ae8280119fae8", "number": "3235470546", "date": "2021-01-21 18:33:00", "subject": "2", "recorded-or-robo": "Y", "city": "", "state": "CA", "area-code": "805"}, {"id": "e81c9350d54f66c6d33b3747eead5d9c", "number": "+13168441888", "date": "2021-01-22 20:43:31", "subject": "3", "recorded-or-robo": "Y", "city": "", "state": "KS", "area-code": "316"}, {"id": "1d36742e3f24f50e4e7ae82801421d76", "number": "+13168441888", "date": "2021-01-22 20:43:31", "subject": "3", "recorded-or-robo": "Y", "city": "", "state": "KS", "area-code": "316"}, {"id": "e81c9350d54f66c6d33b3747ee845e52", "number": "3144069944", "date": "2021-01-22 12:35:00", "subject": "2", "recorded-or-robo": "Y", "city": "Wentzville", "state": "MO", "area-code": "314"}, {"id": "1d36742e3f24f50e4e7ae8280119f027", "number": "3144069944", "date": "2021-01-22 12:35:00", "subject": "2", "recorded-or-robo": "Y", "city": "Wentzville", "state": "MO", "area-code": "314"}, {"id": "e81c9350d54f66c6d33b3747ee845cdb", "number": "3365776353", "date": "2021-01-22 10:03:00", "subject": "0", "recorded-or-robo": "Y", "city": "", "state": "NV", "area-code": "702"}, {"id": "1d36742e3f24f50e4e7ae8280119e06f", "number": "3365776353", "date": "2021-01-22 10:03:00", "subject": "0", "recorded-or-robo": "Y", "city": "", "state": "NV", "area-code": "702"}, {"id": "e81c9350d54f66c6d33b3747eead4208", "number": "7707497970", "date": "2021-01-22 20:43:25", "subject": "3", "recorded-or-robo": "Y", "city": "", "state": "CA", "area-code": "510"}, {"id": "1d36742e3f24f50e4e7ae8280141fd39", "number": "7707497970", "date": "2021-01-22 20:43:25", "subject": "3", "recorded-or-robo": "Y", "city": "", "state": "CA", "area-code": "510"}, {"id": "e81c9350d54f66c6d33b3747eead861f", "number": "7707497970", "date": "2021-01-22 20:43:24", "subject": "3", "recorded-or-robo": "Y", "city": "", "state": "CA", "area-code": "510"}, {"id": "1d36742e3f24f50e4e7ae82801423a25", "number": "7707497970", "date": "2021-01-22 20:43:24", "subject": "3", "recorded-or-robo": "Y", "city": "", "state": "CA", "area-code": "510"}, {"id": "e81c9350d54f66c6d33b3747eead35c7", "number": "7279401426", "date": "2021-01-22 20:43:23", "subject": "3", "recorded-or-robo": "Y", "city": "", "state": "FL", "area-code": "727"}, {"id": "1d36742e3f24f50e4e7ae8280141fd13", "number": "7279401426", "date": "2021-01-22 20:43:23", "subject": "3", "recorded-or-robo": "Y", "city": "", "state": "FL", "area-code": "727"}, {"id": "e81c9350d54f66c6d33b3747ee844e66", "number": "4175919407", "date": "2021-01-21 19:07:00", "subject": "2", "recorded-or-robo": "Y", "city": "TAMPA", "state": "FL", "area-code": "813"}, {"id": "1d36742e3f24f50e4e7ae8280119d3d8", "number": "4175919407", "date": "2021-01-21 19:07:00", "subject": "2", "recorded-or-robo": "Y", "city": "TAMPA", "state": "FL", "area-code": "813"}, {"id": "e81c9350d54f66c6d33b3747eead30a1", "number": "5628509030", "date": "2021-01-22 20:43:00", "subject": "3", "recorded-or-robo": "Y", "city": "", "state": "CA", "area-code": "949"}, {"id": "1d36742e3f24f50e4e7ae8280141d3da", "number": "5628509030", "date": "2021-01-22 20:43:00", "subject": "3", "recorded-or-robo": "Y", "city": "", "state": "CA", "area-code": "949"}, {"id": "e81c9350d54f66c6d33b3747eeadb8e2", "number": "5733045578", "date": "2021-01-22 20:42:49", "subject": "3", "recorded-or-robo": "Y", "city": "", "state": "MO", "area-code": "660"}, {"id": "1d36742e3f24f50e4e7ae8280142660f", "number": "5733045578", "date": "2021-01-22 20:42:49", "subject": "3", "recorded-or-robo": "Y", "city": "", "state": "MO", "area-code": "660"}, {"id": "e81c9350d54f66c6d33b3747eeadfc07", "number": "5628509080", "date": "2021-01-22 20:42:48", "subject": "3", "recorded-or-robo": "Y", "city": "", "state": "CA", "area-code": "949"}, {"id": "1d36742e3f24f50e4e7ae82801429c57", "number": "5628509080", "date": "2021-01-22 20:42:48", "subject": "3", "recorded-or-robo": "Y", "city": "", "state": "CA", "area-code": "949"}, {"id": "e81c9350d54f66c6d33b3747eeae0cb4", "number": "9182185115", "date": "2021-01-22 20:42:47", "subject": "3", "recorded-or-robo": "Y", "city": "", "state": "OK", "area-code": "918"}, {"id": "1d36742e3f24f50e4e7ae8280142ae4e", "number": "9182185115", "date": "2021-01-22 20:42:47", "subject": "3", "recorded-or-robo": "Y", "city": "", "state": "OK", "area-code": "918"}, {"id": "e81c9350d54f66c6d33b3747ee844b7b", "number": "4504032666", "date": "2021-01-22 09:44:00", "subject": "0", "recorded-or-robo": "Y", "city": "", "state": "NV", "area-code": "702"}, {"id": "1d36742e3f24f50e4e7ae8280119c581", "number": "4504032666", "date": "2021-01-22 09:44:00", "subject": "0", "recorded-or-robo": "Y", "city": "", "state": "NV", "area-code": "702"}, {"id": "e81c9350d54f66c6d33b3747eeade956", "number": "5628509131", "date": "2021-01-22 20:42:38", "subject": "3", "recorded-or-robo": "Y", "city": "", "state": "CA", "area-code": "949"}]}