{"data": [{"id": "1d36742e3f24f50e4e7ae828013cd058", "number": "+19136753104", "date": "2021-01-22 19:53:02", "subject": "3", "recorded-or-robo": "Y", "city": "", "state": "FL", "area-code": "407"}, {"id": "e81c9350d54f66c6d33b3747eea7653a", "number": "+15612865518", "date": "2021-01-22 19:53:01", "subject": "3", "recorded-or-robo": "Y", "city": "", "state": "FL", "area-code": "561"}, {"id": "1d36742e3f24f50e4e7ae828013c3523", "number": "+15612865518", "date": "2021-01-22 19:53:01", "subject": "3", "recorded-or-robo": "Y", "city": "", "state": "FL", "area-code": "561"}, {"id": "e81c9350d54f66c6d33b3747eea7cc55", "number": "6077513192", "date": "2021-01-22 19:52:55", "subject": "3", "recorded-or-robo": "Y", "city": "", "state": "NY", "area-code": "917"}, {"id": "e81c9350d54f66c6d33b3747ee7810a1", "number": "3205911824", "date": "2021-01-22 16:45:00", "subject": "2", "recorded-or-robo": "Y", "city": "Antioch", "state": "CA", "area-code": "320"}, {"id": "1d36742e3f24f50e4e7ae828013c9aa2", "number": "6077513192", "date": "2021-01-22 19:52:55", "subject": "3", "recorded-or-robo": "Y", "city": "", "state": "NY", "area-code": "917"}, {"id": "1d36742e3f24f50e4e7ae828010cc869", "number": "3205911824", "date": "2021-01-22 16:45:00", "subject": "2", "recorded-or-robo": "Y", "city": "Antioch", "state": "CA", "area-code": "320"}, {"id": "e81c9350d54f66c6d33b3747ee78039f", "number": "7027450514", "date": "2021-01-22 19:35:00", "subject": "9", "recorded-or-robo": "N", "city": "", "state": "NY", "area-code": "718"}, {"id": "1d36742e3f24f50e4e7ae828010cc7a0", "number": "7027450514", "date": "2021-01-22 19:35:00", "subject": "9", "recorded-or-robo": "N", "city": "", "state": "NY", "area-code": "718"}, {"id": "e81c9350d54f66c6d33b3747ee77f69c", "number": "7082271807", "date": "2021-01-22 17:23:00", "subject": "0", "recorded-or-robo": "", "city": "Monee", "state": "IL", "area-code": "708"}, {"id": "1d36742e3f24f50e4e7ae828010cc739", "number": "7082271807", "date": "2021-01-22 17:23:00", "subject": "0", "recorded-or-robo": "", "city": "Monee", "state": "IL", "area-code": "708"}, {"id": "e81c9350d54f66c6d33b3747ee77f3db", "number": "2604873141", "date": "2021-01-22 06:00:00", "subject": "2", "recorded-or-robo": "", "city": "Logansport", "state": "IN", "area-code": "574"}, {"id": "1d36742e3f24f50e4e7ae828010cc593", "number": "2604873141", "date": "2021-01-22 06:00:00", "subject": "2", "recorded-or-robo": "", "city": "Logansport", "state": "IN", "area-code": "574"}, {"id": "e81c9350d54f66c6d33b3747ee77ee0a", "number": "3046668116", "date": "2021-01-22 11:31:00", "subject": "2", "recorded-or-robo": "Y", "city": "martinsburg", "state": "WV", "area-code": "304"}, {"id": "1d36742e3f24f50e4e7ae828010cbcb3", "number": "3046668116", "date": "2021-01-22 11:31:00", "subject": "2", "recorded-or-robo": "Y", "city": "martinsburg", "state": "WV", "area-code": "304"}, {"id": "e81c9350d54f66c6d33b3747ee77e8b4", "number": "3607683600", "date": "2021-01-15 13:23:00", "subject": "3", "recorded-or-robo": "Y", "city": "", "state": "AR", "area-code": "479"}, {"id": "1d36742e3f24f50e4e7ae828010cb36d", "number": "3607683600", "date": "2021-01-15 13:23:00", "subject": "3", "recorded-or-robo": "Y", "city": "", "state": "AR", "area-code": "479"}, {"id": "e81c9350d54f66c6d33b3747ee77dce3", "number": "8818431", "date": "2021-01-22 14:23:00", "subject": "0", "recorded-or-robo": "Y", "city": "Chocowinity", "state": "NC", "area-code": "252"}, {"id": "e81c9350d54f66c6d33b3747ee77d058", "number": "4138898957", "date": "2021-01-21 16:44:00", "subject": "0", "recorded-or-robo": "", "city": "Southampton", "state": "MA", "area-code": "413"}, {"id": "1d36742e3f24f50e4e7ae828010ca62c", "number": "8818431", "date": "2021-01-22 14:23:00", "subject": "0", "recorded-or-robo": "Y", "city": "Chocowinity", "state": "NC", "area-code": "252"}, {"id": "1d36742e3f24f50e4e7ae828010c9831", "number": "4138898957", "date": "2021-01-21 16:44:00", "subject": "0", "recorded-or-robo": "", "city": "Southampton", "state": "MA", "area-code": "413"}, {"id": "e81c9350d54f66c6d33b3747ee77cf8d", "number": "8663585048", "date": "2021-01-17 13:46:00", "subject": "2", "recorded-or-robo": "Y", "city": "Medford", "state": "OR", "area-code": "541"}, {"id": "1d36742e3f24f50e4e7ae828010c913c", "number": "8663585048", "date": "2021-01-17 13:46:00", "subject": "2", "recorded-or-robo": "Y", "city": "Medford", "state": "OR", "area-code": "541"}, {"id": "e81c9350d54f66c6d33b3747ee77cc48", "number": "8015051241", "date": "2021-01-20 08:35:00", "subject": "4", "recorded-or-robo": "Y", "city": "", "state": "UT", "area-code": "435"}, {"id": "1d36742e3f24f50e4e7ae828010c863a", "number": "8015051241", "date": "2021-01-20 08:35:00", "subject": "4", "recorded-or-robo": "Y", "city": "", "state": "UT", "area-code": "435"}, {"id": "e81c9350d54f66c6d33b3747eea812a8", "number": "8322102686", "date": "2021-01-22 19:52:07", "subject": "3", "recorded-or-robo": "Y", "city": "", "state": "TX", "area-code": "956"}, {"id": "1d36742e3f24f50e4e7ae828013d063e", "number": "8322102686", "date": "2021-01-22 19:52:07", "subject": "3", "recorded-or-robo": "Y", "city": "", "state": "TX", "area-code": "956"}, {"id": "e81c9350d54f66c6d33b3747ee77c063", "number": "3179737724", "date": "2021-01-22 10:09:00", "subject": "1", "recorded-or-robo": "Y", "city": "Indianapolis", "state": "IN", "area-code": "317"}, {"id": "1d36742e3f24f50e4e7ae828010c84c2", "number": "3179737724", "date": "2021-01-22 10:09:00", "subject": "1", "recorded-or-robo": "Y", "city": "Indianapolis", "state": "IN", "area-code": "317"}, {"id": "e81c9350d54f66c6d33b3747ee77b0cc", "number": "5074619043", "date": "2021-01-22 11:35:00", "subject": "1", "recorded-or-robo": "Y", "city": "", "state": "NC", "area-code": "336"}, {"id": "e81c9350d54f66c6d33b3747ee77aab2", "number": "6676779528", "date": "2021-01-22 12:46:00", "subject": "3", "recorded-or-robo": "", "city": "", "state": "MD", "area-code": "410"}, {"id": "1d36742e3f24f50e4e7ae828010c7dec", "number": "5074619043", "date": "2021-01-22 11:35:00", "subject": "1", "recorded-or-robo": "Y", "city": "", "state": "NC", "area-code": "336"}, {"id": "1d36742e3f24f50e4e7ae828010c70aa", "number": "6676779528", "date": "2021-01-22 12:46:00", "subject": "3", "recorded-or-robo": "", "city": "", "state": "MD", "area-code": "410"}, {"id": "e81c9350d54f66c6d33b3747ee779c74", "number": "3324567993", "date": "2021-01-21 14:02:00", "subject": "1", "recorded-or-robo": "Y", "city": "Los Altos", "state": "CA", "area-code": "650"}, {"id": "1d36742e3f24f50e4e7ae828010c70a4", "number": "3324567993", "date": "2021-01-21 14:02:00", "subject": "1", "recorded-or-robo": "Y", "city": "Los Altos", "state": "CA", "area-code": "650"}, {"id": "e81c9350d54f66c6d33b3747ee77928a", "number": "3144817275", "date": "2021-01-22 17:00:00", "subject": "2", "recorded-or-robo": "Y", "city": "St. Louis", "state": "MO", "area-code": "314"}, {"id": "1d36742e3f24f50e4e7ae828010c6d94", "number": "3144817275", "date": "2021-01-22 17:00:00", "subject": "2", "recorded-or-robo": "Y", "city": "St. Louis", "state": "MO", "area-code": "314"}, {"id": "e81c9350d54f66c6d33b3747ee7783fd", "number": "9495485982", "date": "2021-01-22 16:10:00", "subject": "0", "recorded-or-robo": "Y", "city": "", "state": "CA", "area-code": "949"}, {"id": "1d36742e3f24f50e4e7ae828010c604d", "number": "9495485982", "date": "2021-01-22 16:10:00", "subject": "0", "recorded-or-robo": "Y", "city": "", "state": "CA", "area-code": "949"}, {"id": "e81c9350d54f66c6d33b3747ee778065", "number": "8665022211", "date": "2021-01-22 12:50:00", "subject": "2", "recorded-or-robo": "Y", "city": "martinsburg", "state": "WV", "area-code": "304"}, {"id": "1d36742e3f24f50e4e7ae828010c5b33", "number": "8665022211", "date": "2021-01-22 12:50:00", "subject": "2", "recorded-or-robo": "Y", "city": "martinsburg", "state": "WV", "area-code": "304"}, {"id": "e81c9350d54f66c6d33b3747eea80638", "number": "8144996494", "date": "2021-01-22 19:51:41", "subject": "3", "recorded-or-robo": "Y", "city": "", "state": "NY", "area-code": "516"}, {"id": "1d36742e3f24f50e4e7ae828013ce803", "number": "8144996494", "date": "2021-01-22 19:51:41", "subject": "3", "recorded-or-robo": "Y", "city": "", "state": "NY", "area-code": "516"}, {"id": "e81c9350d54f66c6d33b3747ee777b54", "number": "", "date": "2021-01-22 14:22:00", "subject": "4", "recorded-or-robo": "Y", "city": "Horsham", "state": "PA", "area-code": "215"}, {"id": "1d36742e3f24f50e4e7ae828010c59f7", "number": "", "date": "2021-01-22 14:22:00", "subject": "4", "recorded-or-robo": "Y", "city": "Horsham", "state": "PA", "area-code": "215"}, {"id": "e81c9350d54f66c6d33b3747eea7752f", "number": "4055042014", "date": "2021-01-22 19:51:35", "subject": "3", "recorded-or-robo": "Y", "city": "", "state": "NY", "area-code": "917"}, {"id": "1d36742e3f24f50e4e7ae828013c472a", "number": "4055042014", "date": "2021-01-22 19:51:35", "subject": "3", "recorded-or-robo": "Y", "city": "", "state": "NY", "area-code": "917"}, {"id": "e81c9350d54f66c6d33b3747ee776f67", "number": "5074677791", "date": "2021-01-21 16:19:00", "subject": "0", "recorded-or-robo": "", "city": "Southampton", "state": "MA", "area-code": "413"}, {"id": "1d36742e3f24f50e4e7ae828010c4d2b", "number": "5074677791", "date": "2021-01-21 16:19:00", "subject": "0", "recorded-or-robo": "", "city": "Southampton", "state": "MA", "area-code": "413"}, {"id": "e81c9350d54f66c6d33b3747eea756ce", "number": "+19512915559", "date": "2021-01-22 19:51:29", "subject": "3", "recorded-or-robo": "Y", "city": "", "state": "CA", "area-code": "951"}]}