{"data": [{"id": "3decc6bfadaa436a105714c6bacf9d47", "number": "9282206440", "date": "2021-01-19 13:36:00", "subject": "0", "recorded-or-robo": "Y", "city": "", "state": "AZ", "area-code": "602"}, {"id": "03e293b3df9e35eadf15c5611965db73", "number": "9282206440", "date": "2021-01-19 13:36:00", "subject": "0", "recorded-or-robo": "Y", "city": "", "state": "AZ", "area-code": "602"}, {"id": "3decc6bfadaa436a105714c6bacf8e2a", "number": "8156753663", "date": "2021-01-21 17:57:00", "subject": "2", "recorded-or-robo": "N", "city": "", "state": "IL", "area-code": "815"}, {"id": "03e293b3df9e35eadf15c5611965d2ab", "number": "8156753663", "date": "2021-01-21 17:57:00", "subject": "2", "recorded-or-robo": "N", "city": "", "state": "IL", "area-code": "815"}, {"id": "3decc6bfadaa436a105714c6bacf8743", "number": "3854212419", "date": "2021-01-24 18:04:00", "subject": "7", "recorded-or-robo": "Y", "city": "Ogden", "state": "UT", "area-code": "912"}, {"id": "03e293b3df9e35eadf15c5611965d07b", "number": "3854212419", "date": "2021-01-24 18:04:00", "subject": "7", "recorded-or-robo": "Y", "city": "Ogden", "state": "UT", "area-code": "912"}, {"id": "3decc6bfadaa436a105714c6bacf79c5", "number": "8188420384", "date": "2021-01-17 09:25:00", "subject": "2", "recorded-or-robo": "Y", "city": "Calabasas", "state": "CA", "area-code": "818"}, {"id": "03e293b3df9e35eadf15c5611965cd20", "number": "8188420384", "date": "2021-01-17 09:25:00", "subject": "2", "recorded-or-robo": "Y", "city": "Calabasas", "state": "CA", "area-code": "818"}, {"id": "3decc6bfadaa436a105714c6bacf7365", "number": "6465727906", "date": "2021-01-22 00:00:00", "subject": "2", "recorded-or-robo": "Y", "city": "", "state": "NY", "area-code": "646"}, {"id": "03e293b3df9e35eadf15c5611965c6af", "number": "6465727906", "date": "2021-01-22 00:00:00", "subject": "2", "recorded-or-robo": "Y", "city": "", "state": "NY", "area-code": "646"}, {"id": "3decc6bfadaa436a105714c6bacf71b0", "number": "8556782423", "date": "2021-01-24 19:07:00", "subject": "2", "recorded-or-robo": "Y", "city": "Carol Stream", "state": "IL", "area-code": "630"}, {"id": "03e293b3df9e35eadf15c5611965b9d4", "number": "8556782423", "date": "2021-01-24 19:07:00", "subject": "2", "recorded-or-robo": "Y", "city": "Carol Stream", "state": "IL", "area-code": "630"}, {"id": "3decc6bfadaa436a105714c6bacf6a1d", "number": "3144356816", "date": "2021-01-24 19:00:00", "subject": "11", "recorded-or-robo": "Y", "city": "Saint Louis", "state": "MO", "area-code": "314"}, {"id": "03e293b3df9e35eadf15c5611965aca9", "number": "3144356816", "date": "2021-01-24 19:00:00", "subject": "11", "recorded-or-robo": "Y", "city": "Saint Louis", "state": "MO", "area-code": "314"}, {"id": "3decc6bfadaa436a105714c6bacf5e47", "number": "3144355181", "date": "2021-01-24 11:05:00", "subject": "11", "recorded-or-robo": "Y", "city": "", "state": "MO", "area-code": "314"}, {"id": "03e293b3df9e35eadf15c56119659fce", "number": "3144355181", "date": "2021-01-24 11:05:00", "subject": "11", "recorded-or-robo": "Y", "city": "", "state": "MO", "area-code": "314"}, {"id": "3decc6bfadaa436a105714c6bacf5e1e", "number": "8159643661", "date": "2021-01-22 09:47:00", "subject": "2", "recorded-or-robo": "N", "city": "", "state": "IL", "area-code": "815"}, {"id": "03e293b3df9e35eadf15c56119659c84", "number": "8159643661", "date": "2021-01-22 09:47:00", "subject": "2", "recorded-or-robo": "N", "city": "", "state": "IL", "area-code": "815"}, {"id": "3decc6bfadaa436a105714c6bacf599f", "number": "8185667475", "date": "2021-01-16 12:08:00", "subject": "2", "recorded-or-robo": "Y", "city": "Calabasas", "state": "CA", "area-code": "818"}, {"id": "03e293b3df9e35eadf15c561196597ad", "number": "8185667475", "date": "2021-01-16 12:08:00", "subject": "2", "recorded-or-robo": "Y", "city": "Calabasas", "state": "CA", "area-code": "818"}, {"id": "3decc6bfadaa436a105714c6bacf4eef", "number": "5205955119", "date": "2021-01-15 17:28:00", "subject": "0", "recorded-or-robo": "Y", "city": "", "state": "AZ", "area-code": "602"}, {"id": "03e293b3df9e35eadf15c5611965926f", "number": "5205955119", "date": "2021-01-15 17:28:00", "subject": "0", "recorded-or-robo": "Y", "city": "", "state": "AZ", "area-code": "602"}, {"id": "3decc6bfadaa436a105714c6bacf4d15", "number": "3144404039", "date": "2021-01-24 00:00:00", "subject": "2", "recorded-or-robo": "Y", "city": "", "state": "MO", "area-code": "314"}, {"id": "03e293b3df9e35eadf15c5611965882e", "number": "3144404039", "date": "2021-01-24 00:00:00", "subject": "2", "recorded-or-robo": "Y", "city": "", "state": "MO", "area-code": "314"}, {"id": "3decc6bfadaa436a105714c6bacf438d", "number": "4697976661", "date": "2021-01-24 10:37:00", "subject": "1", "recorded-or-robo": "Y", "city": "", "state": "CA", "area-code": "916"}, {"id": "03e293b3df9e35eadf15c56119657da5", "number": "4697976661", "date": "2021-01-24 10:37:00", "subject": "1", "recorded-or-robo": "Y", "city": "", "state": "CA", "area-code": "916"}, {"id": "3decc6bfadaa436a105714c6bacf3fd9", "number": "8154637020", "date": "2021-01-22 09:32:00", "subject": "2", "recorded-or-robo": "N", "city": "", "state": "IL", "area-code": "815"}, {"id": "03e293b3df9e35eadf15c56119657d93", "number": "8154637020", "date": "2021-01-22 09:32:00", "subject": "2", "recorded-or-robo": "N", "city": "", "state": "IL", "area-code": "815"}, {"id": "3decc6bfadaa436a105714c6bacf3258", "number": "8189638698", "date": "2021-01-15 15:30:00", "subject": "2", "recorded-or-robo": "Y", "city": "Calabasas", "state": "CA", "area-code": "818"}, {"id": "03e293b3df9e35eadf15c56119657341", "number": "8189638698", "date": "2021-01-15 15:30:00", "subject": "2", "recorded-or-robo": "Y", "city": "Calabasas", "state": "CA", "area-code": "818"}, {"id": "3decc6bfadaa436a105714c6bacf28f2", "number": "8664763643", "date": "2021-01-05 14:59:00", "subject": "1", "recorded-or-robo": "N", "city": "Apex", "state": "NC", "area-code": "919"}, {"id": "03e293b3df9e35eadf15c56119656c25", "number": "8664763643", "date": "2021-01-05 14:59:00", "subject": "1", "recorded-or-robo": "N", "city": "Apex", "state": "NC", "area-code": "919"}, {"id": "3decc6bfadaa436a105714c6bacf2259", "number": "6465727906", "date": "2021-01-23 00:00:00", "subject": "2", "recorded-or-robo": "Y", "city": "", "state": "NY", "area-code": "646"}, {"id": "03e293b3df9e35eadf15c56119656be2", "number": "6465727906", "date": "2021-01-23 00:00:00", "subject": "2", "recorded-or-robo": "Y", "city": "", "state": "NY", "area-code": "646"}, {"id": "3decc6bfadaa436a105714c6bacf1a0d", "number": "6029755333", "date": "2021-01-14 17:18:00", "subject": "0", "recorded-or-robo": "Y", "city": "", "state": "AZ", "area-code": "602"}, {"id": "03e293b3df9e35eadf15c561196560a0", "number": "6029755333", "date": "2021-01-14 17:18:00", "subject": "0", "recorded-or-robo": "Y", "city": "", "state": "AZ", "area-code": "602"}, {"id": "3decc6bfadaa436a105714c6bacf0a48", "number": "6303898498", "date": "2021-01-22 10:40:00", "subject": "2", "recorded-or-robo": "N", "city": "", "state": "IL", "area-code": "815"}, {"id": "03e293b3df9e35eadf15c561196559f0", "number": "6303898498", "date": "2021-01-22 10:40:00", "subject": "2", "recorded-or-robo": "N", "city": "", "state": "IL", "area-code": "815"}, {"id": "3decc6bfadaa436a105714c6bacf095b", "number": "9282206440", "date": "2021-01-14 15:35:00", "subject": "0", "recorded-or-robo": "Y", "city": "", "state": "AZ", "area-code": "602"}, {"id": "03e293b3df9e35eadf15c56119654f38", "number": "9282206440", "date": "2021-01-14 15:35:00", "subject": "0", "recorded-or-robo": "Y", "city": "", "state": "AZ", "area-code": "602"}, {"id": "3decc6bfadaa436a105714c6bacf0351", "number": "8188878568", "date": "2021-01-15 15:46:00", "subject": "2", "recorded-or-robo": "Y", "city": "Calabasas", "state": "CA", "area-code": "818"}, {"id": "03e293b3df9e35eadf15c56119654ca3", "number": "8188878568", "date": "2021-01-15 15:46:00", "subject": "2", "recorded-or-robo": "Y", "city": "Calabasas", "state": "CA", "area-code": "818"}, {"id": "3decc6bfadaa436a105714c6bacf034a", "number": "3527353313", "date": "2021-01-22 14:42:00", "subject": "2", "recorded-or-robo": "N", "city": "", "state": "IL", "area-code": "815"}, {"id": "03e293b3df9e35eadf15c56119654c69", "number": "3527353313", "date": "2021-01-22 14:42:00", "subject": "2", "recorded-or-robo": "N", "city": "", "state": "IL", "area-code": "815"}, {"id": "3decc6bfadaa436a105714c6bacef81a", "number": "60255091607", "date": "2021-01-13 19:07:00", "subject": "0", "recorded-or-robo": "Y", "city": "", "state": "AZ", "area-code": "602"}, {"id": "3decc6bfadaa436a105714c6bacef417", "number": "3144404580", "date": "2021-01-24 19:00:00", "subject": "1", "recorded-or-robo": "Y", "city": "St louis", "state": "MO", "area-code": "314"}, {"id": "03e293b3df9e35eadf15c56119654a28", "number": "60255091607", "date": "2021-01-13 19:07:00", "subject": "0", "recorded-or-robo": "Y", "city": "", "state": "AZ", "area-code": "602"}, {"id": "03e293b3df9e35eadf15c56119654574", "number": "3144404580", "date": "2021-01-24 19:00:00", "subject": "1", "recorded-or-robo": "Y", "city": "St louis", "state": "MO", "area-code": "314"}, {"id": "3decc6bfadaa436a105714c6bacef0e0", "number": "8187769232", "date": "2021-01-14 13:50:00", "subject": "2", "recorded-or-robo": "Y", "city": "Calabasas", "state": "CA", "area-code": "818"}, {"id": "03e293b3df9e35eadf15c561196543f4", "number": "8187769232", "date": "2021-01-14 13:50:00", "subject": "2", "recorded-or-robo": "Y", "city": "Calabasas", "state": "CA", "area-code": "818"}]}