{"data": [{"id": "1d36742e3f24f50e4e7ae828012467ae", "number": "", "date": "2021-01-22 16:01:00", "subject": "5", "recorded-or-robo": "Y", "city": "Acton", "state": "MA", "area-code": "978"}, {"id": "e81c9350d54f66c6d33b3747ee8eb826", "number": "2817295845", "date": "2021-01-22 15:49:00", "subject": "2", "recorded-or-robo": "N", "city": "", "state": "TX", "area-code": "281"}, {"id": "1d36742e3f24f50e4e7ae82801245ecd", "number": "2817295845", "date": "2021-01-22 15:49:00", "subject": "2", "recorded-or-robo": "N", "city": "", "state": "TX", "area-code": "281"}, {"id": "e81c9350d54f66c6d33b3747ee8eb6f3", "number": "2019551422", "date": "2021-01-18 10:38:00", "subject": "0", "recorded-or-robo": "", "city": "", "state": "NJ", "area-code": "201"}, {"id": "1d36742e3f24f50e4e7ae82801245711", "number": "2019551422", "date": "2021-01-18 10:38:00", "subject": "0", "recorded-or-robo": "", "city": "", "state": "NJ", "area-code": "201"}, {"id": "e81c9350d54f66c6d33b3747ee8eb1c5", "number": "4125160844", "date": "2021-01-21 17:43:00", "subject": "3", "recorded-or-robo": "", "city": "", "state": "PA", "area-code": "717"}, {"id": "1d36742e3f24f50e4e7ae82801244bb3", "number": "4125160844", "date": "2021-01-21 17:43:00", "subject": "3", "recorded-or-robo": "", "city": "", "state": "PA", "area-code": "717"}, {"id": "e81c9350d54f66c6d33b3747eeb5da0b", "number": "+18332129160", "date": "2021-01-22 21:37:56", "subject": "3", "recorded-or-robo": "Y", "city": "", "state": "CA", "area-code": "619"}, {"id": "1d36742e3f24f50e4e7ae828014aad06", "number": "+18332129160", "date": "2021-01-22 21:37:56", "subject": "3", "recorded-or-robo": "Y", "city": "", "state": "CA", "area-code": "619"}, {"id": "e81c9350d54f66c6d33b3747eeb58aa2", "number": "5106946814", "date": "2021-01-22 21:37:51", "subject": "3", "recorded-or-robo": "Y", "city": "", "state": "CA", "area-code": "510"}, {"id": "1d36742e3f24f50e4e7ae828014a793f", "number": "5106946814", "date": "2021-01-22 21:37:51", "subject": "3", "recorded-or-robo": "Y", "city": "", "state": "CA", "area-code": "510"}, {"id": "e81c9350d54f66c6d33b3747ee8eb379", "number": "6088895916", "date": "2021-01-21 09:33:00", "subject": "0", "recorded-or-robo": "Y", "city": "", "state": "WI", "area-code": "608"}, {"id": "1d36742e3f24f50e4e7ae82801245019", "number": "6088895916", "date": "2021-01-21 09:33:00", "subject": "0", "recorded-or-robo": "Y", "city": "", "state": "WI", "area-code": "608"}, {"id": "e81c9350d54f66c6d33b3747ee8ea7f7", "number": "4035661206", "date": "2021-01-22 10:36:00", "subject": "1", "recorded-or-robo": "Y", "city": "Parkville", "state": "MD", "area-code": "443"}, {"id": "1d36742e3f24f50e4e7ae82801244aff", "number": "4035661206", "date": "2021-01-22 10:36:00", "subject": "1", "recorded-or-robo": "Y", "city": "Parkville", "state": "MD", "area-code": "443"}, {"id": "e81c9350d54f66c6d33b3747ee8ea126", "number": "9544336855", "date": "2021-01-18 14:50:00", "subject": "0", "recorded-or-robo": "", "city": "", "state": "NJ", "area-code": "201"}, {"id": "1d36742e3f24f50e4e7ae82801244666", "number": "9544336855", "date": "2021-01-18 14:50:00", "subject": "0", "recorded-or-robo": "", "city": "", "state": "NJ", "area-code": "201"}, {"id": "e81c9350d54f66c6d33b3747ee8e97c3", "number": "9408860071", "date": "2021-01-22 13:03:00", "subject": "2", "recorded-or-robo": "N", "city": "", "state": "TX", "area-code": "281"}, {"id": "1d36742e3f24f50e4e7ae828012442f1", "number": "9408860071", "date": "2021-01-22 13:03:00", "subject": "2", "recorded-or-robo": "N", "city": "", "state": "TX", "area-code": "281"}, {"id": "e81c9350d54f66c6d33b3747ee8e944a", "number": "9724763379", "date": "2021-01-20 10:41:00", "subject": "2", "recorded-or-robo": "Y", "city": "", "state": "CA", "area-code": "972"}, {"id": "1d36742e3f24f50e4e7ae828012437a2", "number": "9724763379", "date": "2021-01-20 10:41:00", "subject": "2", "recorded-or-robo": "Y", "city": "", "state": "CA", "area-code": "972"}, {"id": "e81c9350d54f66c6d33b3747eeb5d308", "number": "2109766986", "date": "2021-01-22 21:36:46", "subject": "3", "recorded-or-robo": "Y", "city": "", "state": "TX", "area-code": "214"}, {"id": "e81c9350d54f66c6d33b3747ee8e7322", "number": "8782134068", "date": "2021-01-22 18:05:00", "subject": "3", "recorded-or-robo": "", "city": "", "state": "PA", "area-code": "717"}, {"id": "1d36742e3f24f50e4e7ae828014aaaa7", "number": "2109766986", "date": "2021-01-22 21:36:46", "subject": "3", "recorded-or-robo": "Y", "city": "", "state": "TX", "area-code": "214"}, {"id": "1d36742e3f24f50e4e7ae8280124286d", "number": "8782134068", "date": "2021-01-22 18:05:00", "subject": "3", "recorded-or-robo": "", "city": "", "state": "PA", "area-code": "717"}, {"id": "e81c9350d54f66c6d33b3747ee8e8634", "number": "2019936974", "date": "2021-01-19 11:33:00", "subject": "0", "recorded-or-robo": "", "city": "", "state": "NJ", "area-code": "201"}, {"id": "1d36742e3f24f50e4e7ae82801243469", "number": "2019936974", "date": "2021-01-19 11:33:00", "subject": "0", "recorded-or-robo": "", "city": "", "state": "NJ", "area-code": "201"}, {"id": "e81c9350d54f66c6d33b3747eeb5b871", "number": "+15629085522", "date": "2021-01-22 21:36:43", "subject": "3", "recorded-or-robo": "Y", "city": "", "state": "CA", "area-code": "310"}, {"id": "e81c9350d54f66c6d33b3747eeb5a4e7", "number": "3022571453", "date": "2021-01-22 21:36:43", "subject": "3", "recorded-or-robo": "Y", "city": "", "state": "IA", "area-code": "319"}, {"id": "1d36742e3f24f50e4e7ae828014a9ab6", "number": "+15629085522", "date": "2021-01-22 21:36:43", "subject": "3", "recorded-or-robo": "Y", "city": "", "state": "CA", "area-code": "310"}, {"id": "1d36742e3f24f50e4e7ae828014a89e7", "number": "3022571453", "date": "2021-01-22 21:36:43", "subject": "3", "recorded-or-robo": "Y", "city": "", "state": "IA", "area-code": "319"}, {"id": "e81c9350d54f66c6d33b3747eeb5cf36", "number": "7136693487", "date": "2021-01-22 21:36:28", "subject": "3", "recorded-or-robo": "Y", "city": "", "state": "TX", "area-code": "214"}, {"id": "1d36742e3f24f50e4e7ae828014aaa19", "number": "7136693487", "date": "2021-01-22 21:36:28", "subject": "3", "recorded-or-robo": "Y", "city": "", "state": "TX", "area-code": "214"}, {"id": "e81c9350d54f66c6d33b3747eeb5f01f", "number": "6163278851", "date": "2021-01-22 21:36:22", "subject": "3", "recorded-or-robo": "N", "city": "", "state": "MI", "area-code": "248"}, {"id": "1d36742e3f24f50e4e7ae828014ac95d", "number": "6163278851", "date": "2021-01-22 21:36:22", "subject": "3", "recorded-or-robo": "N", "city": "", "state": "MI", "area-code": "248"}, {"id": "e81c9350d54f66c6d33b3747ee8e7639", "number": "2542827022", "date": "2021-01-21 12:50:00", "subject": "5", "recorded-or-robo": "Y", "city": "Jonestown", "state": "TX", "area-code": "512"}, {"id": "1d36742e3f24f50e4e7ae82801242a6d", "number": "2542827022", "date": "2021-01-21 12:50:00", "subject": "5", "recorded-or-robo": "Y", "city": "Jonestown", "state": "TX", "area-code": "512"}, {"id": "e81c9350d54f66c6d33b3747eeb57cb9", "number": "6163278904", "date": "2021-01-22 21:36:05", "subject": "3", "recorded-or-robo": "N", "city": "", "state": "MI", "area-code": "248"}, {"id": "1d36742e3f24f50e4e7ae828014a7755", "number": "6163278904", "date": "2021-01-22 21:36:05", "subject": "3", "recorded-or-robo": "N", "city": "", "state": "MI", "area-code": "248"}, {"id": "e81c9350d54f66c6d33b3747eeb57ba4", "number": "6154062931", "date": "2021-01-22 21:36:03", "subject": "3", "recorded-or-robo": "Y", "city": "", "state": "Do", "area-code": "202"}, {"id": "e81c9350d54f66c6d33b3747ee8e6eab", "number": "5715776342", "date": "2021-01-22 13:15:00", "subject": "4", "recorded-or-robo": "Y", "city": "Leesburg", "state": "VA", "area-code": "571"}, {"id": "1d36742e3f24f50e4e7ae828014a7424", "number": "6154062931", "date": "2021-01-22 21:36:03", "subject": "3", "recorded-or-robo": "Y", "city": "", "state": "Do", "area-code": "202"}, {"id": "1d36742e3f24f50e4e7ae82801241cf7", "number": "5715776342", "date": "2021-01-22 13:15:00", "subject": "4", "recorded-or-robo": "Y", "city": "Leesburg", "state": "VA", "area-code": "571"}, {"id": "e81c9350d54f66c6d33b3747ee8e5fce", "number": "2105034141", "date": "2021-01-22 15:41:00", "subject": "0", "recorded-or-robo": "Y", "city": "SAN ANTONIO", "state": "TX", "area-code": "210"}, {"id": "1d36742e3f24f50e4e7ae828012419bd", "number": "2105034141", "date": "2021-01-22 15:41:00", "subject": "0", "recorded-or-robo": "Y", "city": "SAN ANTONIO", "state": "TX", "area-code": "210"}, {"id": "e81c9350d54f66c6d33b3747ee8e59c8", "number": "7064303072", "date": "2021-01-22 13:33:00", "subject": "2", "recorded-or-robo": "N", "city": "", "state": "TX", "area-code": "281"}, {"id": "1d36742e3f24f50e4e7ae828012414d6", "number": "7064303072", "date": "2021-01-22 13:33:00", "subject": "2", "recorded-or-robo": "N", "city": "", "state": "TX", "area-code": "281"}, {"id": "e81c9350d54f66c6d33b3747ee8e4d73", "number": "2019757276", "date": "2021-01-19 15:39:00", "subject": "0", "recorded-or-robo": "", "city": "", "state": "NJ", "area-code": "201"}, {"id": "e81c9350d54f66c6d33b3747ee8e4034", "number": "3606343621", "date": "2021-01-22 10:09:00", "subject": "2", "recorded-or-robo": "N", "city": "Vancouver", "state": "WA", "area-code": "360"}, {"id": "1d36742e3f24f50e4e7ae82801240abf", "number": "2019757276", "date": "2021-01-19 15:39:00", "subject": "0", "recorded-or-robo": "", "city": "", "state": "NJ", "area-code": "201"}]}