{"data": [{"id": "1d36742e3f24f50e4e7ae8280127ac18", "number": "9724764551", "date": "2021-01-18 15:27:00", "subject": "4", "recorded-or-robo": "Y", "city": "Forney", "state": "TX", "area-code": "972"}, {"id": "e81c9350d54f66c6d33b3747eeb9ea49", "number": "+18329028815", "date": "2021-01-22 22:14:36", "subject": "3", "recorded-or-robo": "Y", "city": "", "state": "TX", "area-code": "713"}, {"id": "1d36742e3f24f50e4e7ae828014ee514", "number": "+18329028815", "date": "2021-01-22 22:14:36", "subject": "3", "recorded-or-robo": "Y", "city": "", "state": "TX", "area-code": "713"}, {"id": "e81c9350d54f66c6d33b3747eeb9609d", "number": "+19522953011", "date": "2021-01-22 22:14:20", "subject": "3", "recorded-or-robo": "N", "city": "", "state": "MN", "area-code": "612"}, {"id": "1d36742e3f24f50e4e7ae828014e6dd9", "number": "+19522953011", "date": "2021-01-22 22:14:20", "subject": "3", "recorded-or-robo": "N", "city": "", "state": "MN", "area-code": "612"}, {"id": "e81c9350d54f66c6d33b3747ee921e9b", "number": "5134931616", "date": "2021-01-22 12:43:00", "subject": "2", "recorded-or-robo": "", "city": "", "state": "MI", "area-code": "586"}, {"id": "1d36742e3f24f50e4e7ae82801279e37", "number": "5134931616", "date": "2021-01-22 12:43:00", "subject": "2", "recorded-or-robo": "", "city": "", "state": "MI", "area-code": "586"}, {"id": "e81c9350d54f66c6d33b3747eeb9bdc1", "number": "+14434731482", "date": "2021-01-22 22:14:13", "subject": "3", "recorded-or-robo": "Y", "city": "", "state": "MD", "area-code": "443"}, {"id": "1d36742e3f24f50e4e7ae828014ecb70", "number": "+14434731482", "date": "2021-01-22 22:14:13", "subject": "3", "recorded-or-robo": "Y", "city": "", "state": "MD", "area-code": "443"}, {"id": "e81c9350d54f66c6d33b3747ee921e80", "number": "6233032497", "date": "2021-01-22 17:23:00", "subject": "0", "recorded-or-robo": "N", "city": "", "state": "AZ", "area-code": "602"}, {"id": "1d36742e3f24f50e4e7ae82801279029", "number": "6233032497", "date": "2021-01-22 17:23:00", "subject": "0", "recorded-or-robo": "N", "city": "", "state": "AZ", "area-code": "602"}, {"id": "e81c9350d54f66c6d33b3747ee921ab5", "number": "", "date": "2020-01-21 12:00:00", "subject": "2", "recorded-or-robo": "Y", "city": "Buffalo", "state": "NY", "area-code": "646"}, {"id": "1d36742e3f24f50e4e7ae8280127816a", "number": "", "date": "2020-01-21 12:00:00", "subject": "2", "recorded-or-robo": "Y", "city": "Buffalo", "state": "NY", "area-code": "646"}, {"id": "e81c9350d54f66c6d33b3747eeb98c3b", "number": "+17136592111", "date": "2021-01-22 22:13:31", "subject": "3", "recorded-or-robo": "Y", "city": "", "state": "TX", "area-code": "832"}, {"id": "1d36742e3f24f50e4e7ae828014eacd8", "number": "+17136592111", "date": "2021-01-22 22:13:31", "subject": "3", "recorded-or-robo": "Y", "city": "", "state": "TX", "area-code": "832"}, {"id": "e81c9350d54f66c6d33b3747ee920b4e", "number": "7064981464", "date": "2021-01-21 14:08:00", "subject": "2", "recorded-or-robo": "Y", "city": "San Francisco", "state": "CA", "area-code": "415"}, {"id": "1d36742e3f24f50e4e7ae82801277e12", "number": "7064981464", "date": "2021-01-21 14:08:00", "subject": "2", "recorded-or-robo": "Y", "city": "San Francisco", "state": "CA", "area-code": "415"}, {"id": "e81c9350d54f66c6d33b3747eeb9db64", "number": "+19592076686", "date": "2021-01-22 22:13:27", "subject": "3", "recorded-or-robo": "Y", "city": "", "state": "CT", "area-code": "860"}, {"id": "1d36742e3f24f50e4e7ae828014edfbe", "number": "+19592076686", "date": "2021-01-22 22:13:27", "subject": "3", "recorded-or-robo": "Y", "city": "", "state": "CT", "area-code": "860"}, {"id": "e81c9350d54f66c6d33b3747eeb96a26", "number": "2892324092", "date": "2021-01-22 22:13:25", "subject": "3", "recorded-or-robo": "Y", "city": "", "state": "NC", "area-code": "828"}, {"id": "1d36742e3f24f50e4e7ae828014e7b7b", "number": "2892324092", "date": "2021-01-22 22:13:25", "subject": "3", "recorded-or-robo": "Y", "city": "", "state": "NC", "area-code": "828"}, {"id": "e81c9350d54f66c6d33b3747eeb94832", "number": "2892324092", "date": "2021-01-22 22:13:24", "subject": "3", "recorded-or-robo": "Y", "city": "", "state": "NC", "area-code": "828"}, {"id": "1d36742e3f24f50e4e7ae828014e5584", "number": "2892324092", "date": "2021-01-22 22:13:24", "subject": "3", "recorded-or-robo": "Y", "city": "", "state": "NC", "area-code": "828"}, {"id": "e81c9350d54f66c6d33b3747ee91fc2f", "number": "7322859701", "date": "2021-01-22 10:05:00", "subject": "1", "recorded-or-robo": "N", "city": "", "state": "NC", "area-code": "919"}, {"id": "1d36742e3f24f50e4e7ae82801277108", "number": "7322859701", "date": "2021-01-22 10:05:00", "subject": "1", "recorded-or-robo": "N", "city": "", "state": "NC", "area-code": "919"}, {"id": "e81c9350d54f66c6d33b3747eeb93298", "number": "+19514304495", "date": "2021-01-22 22:13:15", "subject": "3", "recorded-or-robo": "Y", "city": "", "state": "OH", "area-code": "330"}, {"id": "1d36742e3f24f50e4e7ae828014e4a19", "number": "+19514304495", "date": "2021-01-22 22:13:15", "subject": "3", "recorded-or-robo": "Y", "city": "", "state": "OH", "area-code": "330"}, {"id": "e81c9350d54f66c6d33b3747eeb950ee", "number": "+12818167321", "date": "2021-01-22 22:13:14", "subject": "3", "recorded-or-robo": "Y", "city": "", "state": "TX", "area-code": "832"}, {"id": "e81c9350d54f66c6d33b3747ee91ef5f", "number": "2565874911", "date": "2021-01-07 14:40:00", "subject": "5", "recorded-or-robo": "Y", "city": "", "state": "NC", "area-code": "252"}, {"id": "e81c9350d54f66c6d33b3747ee91e04c", "number": "5622865244", "date": "2021-01-22 10:23:00", "subject": "2", "recorded-or-robo": "Y", "city": "Pueblo", "state": "CO", "area-code": "719"}, {"id": "1d36742e3f24f50e4e7ae828014e632d", "number": "+12818167321", "date": "2021-01-22 22:13:14", "subject": "3", "recorded-or-robo": "Y", "city": "", "state": "TX", "area-code": "832"}, {"id": "1d36742e3f24f50e4e7ae82801277058", "number": "2565874911", "date": "2021-01-07 14:40:00", "subject": "5", "recorded-or-robo": "Y", "city": "", "state": "NC", "area-code": "252"}, {"id": "1d36742e3f24f50e4e7ae82801276efc", "number": "5622865244", "date": "2021-01-22 10:23:00", "subject": "2", "recorded-or-robo": "Y", "city": "Pueblo", "state": "CO", "area-code": "719"}, {"id": "e81c9350d54f66c6d33b3747ee91d4b3", "number": "5866005340", "date": "2021-01-22 14:31:00", "subject": "3", "recorded-or-robo": "Y", "city": "", "state": "MI", "area-code": "734"}, {"id": "1d36742e3f24f50e4e7ae82801276e07", "number": "5866005340", "date": "2021-01-22 14:31:00", "subject": "3", "recorded-or-robo": "Y", "city": "", "state": "MI", "area-code": "734"}, {"id": "e81c9350d54f66c6d33b3747ee91bbfe", "number": "3236067210", "date": "2021-01-22 14:25:00", "subject": "3", "recorded-or-robo": "N", "city": "", "state": "CA", "area-code": "408"}, {"id": "1d36742e3f24f50e4e7ae828012750e2", "number": "3236067210", "date": "2021-01-22 14:25:00", "subject": "3", "recorded-or-robo": "N", "city": "", "state": "CA", "area-code": "408"}, {"id": "e81c9350d54f66c6d33b3747eeb9265b", "number": "+14198402570", "date": "2021-01-22 22:12:57", "subject": "3", "recorded-or-robo": "Y", "city": "", "state": "OH", "area-code": "419"}, {"id": "1d36742e3f24f50e4e7ae828014e3d16", "number": "+14198402570", "date": "2021-01-22 22:12:57", "subject": "3", "recorded-or-robo": "Y", "city": "", "state": "OH", "area-code": "419"}, {"id": "e81c9350d54f66c6d33b3747ee91cbab", "number": "6263531034", "date": "2021-01-22 11:56:00", "subject": "3", "recorded-or-robo": "Y", "city": "", "state": "CA", "area-code": "626"}, {"id": "1d36742e3f24f50e4e7ae82801276024", "number": "6263531034", "date": "2021-01-22 11:56:00", "subject": "3", "recorded-or-robo": "Y", "city": "", "state": "CA", "area-code": "626"}, {"id": "e81c9350d54f66c6d33b3747eeb9c39f", "number": "2312734633", "date": "2021-01-22 22:12:37", "subject": "3", "recorded-or-robo": "Y", "city": "", "state": "MI", "area-code": "248"}, {"id": "1d36742e3f24f50e4e7ae828014ed135", "number": "2312734633", "date": "2021-01-22 22:12:37", "subject": "3", "recorded-or-robo": "Y", "city": "", "state": "MI", "area-code": "248"}, {"id": "e81c9350d54f66c6d33b3747eeb9eae4", "number": "7153040561", "date": "2021-01-22 22:12:29", "subject": "3", "recorded-or-robo": "Y", "city": "", "state": "WI", "area-code": "715"}, {"id": "1d36742e3f24f50e4e7ae828014ef4ca", "number": "7153040561", "date": "2021-01-22 22:12:29", "subject": "3", "recorded-or-robo": "Y", "city": "", "state": "WI", "area-code": "715"}, {"id": "e81c9350d54f66c6d33b3747eeb98440", "number": "5866005340", "date": "2021-01-22 22:12:24", "subject": "3", "recorded-or-robo": "Y", "city": "", "state": "MI", "area-code": "248"}, {"id": "1d36742e3f24f50e4e7ae828014e989f", "number": "5866005340", "date": "2021-01-22 22:12:24", "subject": "3", "recorded-or-robo": "Y", "city": "", "state": "MI", "area-code": "248"}, {"id": "e81c9350d54f66c6d33b3747eeb9f736", "number": "7154968428", "date": "2021-01-22 22:12:12", "subject": "3", "recorded-or-robo": "Y", "city": "", "state": "WI", "area-code": "715"}, {"id": "1d36742e3f24f50e4e7ae828014f0ee3", "number": "7154968428", "date": "2021-01-22 22:12:12", "subject": "3", "recorded-or-robo": "Y", "city": "", "state": "WI", "area-code": "715"}, {"id": "e81c9350d54f66c6d33b3747ee91b221", "number": "5863583620", "date": "2021-01-22 11:37:00", "subject": "2", "recorded-or-robo": "", "city": "", "state": "MI", "area-code": "586"}]}