{"data": [{"id": "1d36742e3f24f50e4e7ae82801174dec", "number": "4077574474", "date": "2021-01-21 14:29:00", "subject": "2", "recorded-or-robo": "Y", "city": "TAMPA", "state": "FL", "area-code": "813"}, {"id": "e81c9350d54f66c6d33b3747eeac7564", "number": "+17089181981", "date": "2021-01-22 20:30:20", "subject": "3", "recorded-or-robo": "N", "city": "", "state": "IL", "area-code": "630"}, {"id": "1d36742e3f24f50e4e7ae82801413b82", "number": "+17089181981", "date": "2021-01-22 20:30:20", "subject": "3", "recorded-or-robo": "N", "city": "", "state": "IL", "area-code": "630"}, {"id": "e81c9350d54f66c6d33b3747ee8216d7", "number": "2184513480", "date": "2021-01-21 12:02:00", "subject": "0", "recorded-or-robo": "", "city": "saginaw", "state": "MN", "area-code": "218"}, {"id": "1d36742e3f24f50e4e7ae828011748b9", "number": "2184513480", "date": "2021-01-21 12:02:00", "subject": "0", "recorded-or-robo": "", "city": "saginaw", "state": "MN", "area-code": "218"}, {"id": "e81c9350d54f66c6d33b3747ee820d81", "number": "8006104721x15", "date": "2021-01-21 16:07:00", "subject": "13", "recorded-or-robo": "N", "city": "", "state": "MD", "area-code": "301"}, {"id": "e81c9350d54f66c6d33b3747ee820481", "number": "2062914251", "date": "2021-01-19 11:08:00", "subject": "0", "recorded-or-robo": "N", "city": "Frederick", "state": "MD", "area-code": "206"}, {"id": "1d36742e3f24f50e4e7ae82801174442", "number": "8006104721x15", "date": "2021-01-21 16:07:00", "subject": "13", "recorded-or-robo": "N", "city": "", "state": "MD", "area-code": "301"}, {"id": "1d36742e3f24f50e4e7ae82801173dbf", "number": "2062914251", "date": "2021-01-19 11:08:00", "subject": "0", "recorded-or-robo": "N", "city": "Frederick", "state": "MD", "area-code": "206"}, {"id": "e81c9350d54f66c6d33b3747eeac4d1f", "number": "7146253348", "date": "2021-01-22 20:30:01", "subject": "3", "recorded-or-robo": "N", "city": "", "state": "CA", "area-code": "714"}, {"id": "1d36742e3f24f50e4e7ae828014111c2", "number": "7146253348", "date": "2021-01-22 20:30:01", "subject": "3", "recorded-or-robo": "N", "city": "", "state": "CA", "area-code": "714"}, {"id": "e81c9350d54f66c6d33b3747ee81fd47", "number": "7399066", "date": "2021-01-22 15:05:00", "subject": "0", "recorded-or-robo": "Y", "city": "", "state": "CA", "area-code": "323"}, {"id": "1d36742e3f24f50e4e7ae82801173ce1", "number": "7399066", "date": "2021-01-22 15:05:00", "subject": "0", "recorded-or-robo": "Y", "city": "", "state": "CA", "area-code": "323"}, {"id": "e81c9350d54f66c6d33b3747ee81fb26", "number": "9133543118", "date": "2021-01-22 10:04:00", "subject": "2", "recorded-or-robo": "N", "city": "", "state": "KS", "area-code": "913"}, {"id": "1d36742e3f24f50e4e7ae828011735be", "number": "9133543118", "date": "2021-01-22 10:04:00", "subject": "2", "recorded-or-robo": "N", "city": "", "state": "KS", "area-code": "913"}, {"id": "e81c9350d54f66c6d33b3747ee81f51d", "number": "5304296905", "date": "2021-01-22 17:25:00", "subject": "2", "recorded-or-robo": "Y", "city": "Los Angeles", "state": "CA", "area-code": "310"}, {"id": "1d36742e3f24f50e4e7ae828011726a2", "number": "5304296905", "date": "2021-01-22 17:25:00", "subject": "2", "recorded-or-robo": "Y", "city": "Los Angeles", "state": "CA", "area-code": "310"}, {"id": "e81c9350d54f66c6d33b3747ee81e90d", "number": "3528954469", "date": "2021-01-01 13:01:00", "subject": "0", "recorded-or-robo": "", "city": "Ocala", "state": "FL", "area-code": "352"}, {"id": "1d36742e3f24f50e4e7ae8280117235a", "number": "3528954469", "date": "2021-01-01 13:01:00", "subject": "0", "recorded-or-robo": "", "city": "Ocala", "state": "FL", "area-code": "352"}, {"id": "e81c9350d54f66c6d33b3747ee81e6b0", "number": "8162233491", "date": "2021-01-22 17:18:00", "subject": "2", "recorded-or-robo": "Y", "city": "Independence", "state": "MO", "area-code": "816"}, {"id": "1d36742e3f24f50e4e7ae82801171481", "number": "8162233491", "date": "2021-01-22 17:18:00", "subject": "2", "recorded-or-robo": "Y", "city": "Independence", "state": "MO", "area-code": "816"}, {"id": "e81c9350d54f66c6d33b3747ee81e229", "number": "3013205632", "date": "2021-01-22 13:02:00", "subject": "1", "recorded-or-robo": "Y", "city": "Bethesda", "state": "MD", "area-code": "301"}, {"id": "1d36742e3f24f50e4e7ae82801170f56", "number": "3013205632", "date": "2021-01-22 13:02:00", "subject": "1", "recorded-or-robo": "Y", "city": "Bethesda", "state": "MD", "area-code": "301"}, {"id": "e81c9350d54f66c6d33b3747ee81d72a", "number": "2062914251", "date": "2021-01-19 11:08:00", "subject": "0", "recorded-or-robo": "N", "city": "Frederick", "state": "WA", "area-code": "206"}, {"id": "1d36742e3f24f50e4e7ae82801170771", "number": "2062914251", "date": "2021-01-19 11:08:00", "subject": "0", "recorded-or-robo": "N", "city": "Frederick", "state": "WA", "area-code": "206"}, {"id": "e81c9350d54f66c6d33b3747ee81cfd2", "number": "2184296243", "date": "2021-01-22 14:37:00", "subject": "4", "recorded-or-robo": "Y", "city": "saginaw", "state": "MN", "area-code": "218"}, {"id": "1d36742e3f24f50e4e7ae828011700f0", "number": "2184296243", "date": "2021-01-22 14:37:00", "subject": "4", "recorded-or-robo": "Y", "city": "saginaw", "state": "MN", "area-code": "218"}, {"id": "e81c9350d54f66c6d33b3747ee81c7d6", "number": "3015859330", "date": "2021-01-22 00:00:00", "subject": "3", "recorded-or-robo": "Y", "city": "", "state": "MD", "area-code": "301"}, {"id": "1d36742e3f24f50e4e7ae8280117003f", "number": "3015859330", "date": "2021-01-22 00:00:00", "subject": "3", "recorded-or-robo": "Y", "city": "", "state": "MD", "area-code": "301"}, {"id": "e81c9350d54f66c6d33b3747ee81c77e", "number": "9139331014", "date": "2021-01-22 15:18:00", "subject": "2", "recorded-or-robo": "N", "city": "", "state": "KS", "area-code": "913"}, {"id": "1d36742e3f24f50e4e7ae8280116f7cb", "number": "9139331014", "date": "2021-01-22 15:18:00", "subject": "2", "recorded-or-robo": "N", "city": "", "state": "KS", "area-code": "913"}, {"id": "e81c9350d54f66c6d33b3747ee81ae1a", "number": "9897688664", "date": "2021-01-22 14:32:00", "subject": "3", "recorded-or-robo": "", "city": "", "state": "MI", "area-code": "989"}, {"id": "1d36742e3f24f50e4e7ae8280116d7e7", "number": "9897688664", "date": "2021-01-22 14:32:00", "subject": "3", "recorded-or-robo": "", "city": "", "state": "MI", "area-code": "989"}, {"id": "e81c9350d54f66c6d33b3747eeac0270", "number": "4194683647", "date": "2021-01-22 20:28:48", "subject": "3", "recorded-or-robo": "Y", "city": "", "state": "OH", "area-code": "419"}, {"id": "1d36742e3f24f50e4e7ae8280140c1bd", "number": "4194683647", "date": "2021-01-22 20:28:48", "subject": "3", "recorded-or-robo": "Y", "city": "", "state": "OH", "area-code": "419"}, {"id": "e81c9350d54f66c6d33b3747ee81bfd4", "number": "7607552200", "date": "2021-01-22 12:48:00", "subject": "0", "recorded-or-robo": "N", "city": "Ramona", "state": "CA", "area-code": "760"}, {"id": "1d36742e3f24f50e4e7ae8280116f29a", "number": "7607552200", "date": "2021-01-22 12:48:00", "subject": "0", "recorded-or-robo": "N", "city": "Ramona", "state": "CA", "area-code": "760"}, {"id": "e81c9350d54f66c6d33b3747eeabc653", "number": "9496368956", "date": "2021-01-22 20:28:41", "subject": "3", "recorded-or-robo": "Y", "city": "", "state": "AZ", "area-code": "602"}, {"id": "1d36742e3f24f50e4e7ae8280140934b", "number": "9496368956", "date": "2021-01-22 20:28:41", "subject": "3", "recorded-or-robo": "Y", "city": "", "state": "AZ", "area-code": "602"}, {"id": "e81c9350d54f66c6d33b3747eec6ea58", "number": "3374123084", "date": "2021-01-22 11:34:00", "subject": "3", "recorded-or-robo": "Y", "city": "", "state": "LA", "area-code": "337"}, {"id": "e81c9350d54f66c6d33b3747ee81bdc9", "number": "8707240930", "date": "2021-01-22 05:29:00", "subject": "2", "recorded-or-robo": "N", "city": "MTN VIEW", "state": "AR", "area-code": "870"}, {"id": "1d36742e3f24f50e4e7ae828015c30c4", "number": "3374123084", "date": "2021-01-22 11:34:00", "subject": "3", "recorded-or-robo": "Y", "city": "", "state": "LA", "area-code": "337"}, {"id": "1d36742e3f24f50e4e7ae8280116eaec", "number": "8707240930", "date": "2021-01-22 05:29:00", "subject": "2", "recorded-or-robo": "N", "city": "MTN VIEW", "state": "AR", "area-code": "870"}, {"id": "e81c9350d54f66c6d33b3747eeabd6ae", "number": "2622183361", "date": "2021-01-22 20:28:34", "subject": "3", "recorded-or-robo": "N", "city": "", "state": "NM", "area-code": "505"}, {"id": "1d36742e3f24f50e4e7ae82801409f63", "number": "2622183361", "date": "2021-01-22 20:28:34", "subject": "3", "recorded-or-robo": "N", "city": "", "state": "NM", "area-code": "505"}, {"id": "e81c9350d54f66c6d33b3747eeac0235", "number": "4156599170", "date": "2021-01-22 20:28:30", "subject": "3", "recorded-or-robo": "Y", "city": "", "state": "TX", "area-code": "361"}, {"id": "1d36742e3f24f50e4e7ae8280140b9bc", "number": "4156599170", "date": "2021-01-22 20:28:30", "subject": "3", "recorded-or-robo": "Y", "city": "", "state": "TX", "area-code": "361"}, {"id": "e81c9350d54f66c6d33b3747ee81b3c0", "number": "2064532329", "date": "2021-01-19 21:12:00", "subject": "0", "recorded-or-robo": "N", "city": "Frederick", "state": "MD", "area-code": "206"}, {"id": "1d36742e3f24f50e4e7ae8280116e3b3", "number": "2064532329", "date": "2021-01-19 21:12:00", "subject": "0", "recorded-or-robo": "N", "city": "Frederick", "state": "MD", "area-code": "206"}, {"id": "e81c9350d54f66c6d33b3747ee81a545", "number": "4077830857", "date": "2021-01-22 17:14:00", "subject": "0", "recorded-or-robo": "Y", "city": "", "state": "CA", "area-code": "323"}]}