{"data": [{"id": "1d36742e3f24f50e4e7ae828013c27e2", "number": "+19512915559", "date": "2021-01-22 19:51:29", "subject": "3", "recorded-or-robo": "Y", "city": "", "state": "CA", "area-code": "951"}, {"id": "e81c9350d54f66c6d33b3747ee7765e4", "number": "8663584540", "date": "2021-01-17 14:15:00", "subject": "2", "recorded-or-robo": "Y", "city": "Medford", "state": "OR", "area-code": "541"}, {"id": "1d36742e3f24f50e4e7ae828010c4281", "number": "8663584540", "date": "2021-01-17 14:15:00", "subject": "2", "recorded-or-robo": "Y", "city": "Medford", "state": "OR", "area-code": "541"}, {"id": "e81c9350d54f66c6d33b3747ee77577b", "number": "9526088558", "date": "2021-01-22 18:35:00", "subject": "0", "recorded-or-robo": "", "city": "Saint Paul", "state": "MN", "area-code": "651"}, {"id": "1d36742e3f24f50e4e7ae828010c37b9", "number": "9526088558", "date": "2021-01-22 18:35:00", "subject": "0", "recorded-or-robo": "", "city": "Saint Paul", "state": "MN", "area-code": "651"}, {"id": "e81c9350d54f66c6d33b3747ee774ab3", "number": "6057205543", "date": "2021-01-22 12:05:00", "subject": "5", "recorded-or-robo": "Y", "city": "Oakland", "state": "CA", "area-code": "510"}, {"id": "1d36742e3f24f50e4e7ae828010c32c5", "number": "6057205543", "date": "2021-01-22 12:05:00", "subject": "5", "recorded-or-robo": "Y", "city": "Oakland", "state": "CA", "area-code": "510"}, {"id": "e81c9350d54f66c6d33b3747ee77434f", "number": "8228980", "date": "2021-01-22 11:58:00", "subject": "0", "recorded-or-robo": "", "city": "Chocowinity", "state": "NC", "area-code": "252"}, {"id": "1d36742e3f24f50e4e7ae828010c2e02", "number": "8228980", "date": "2021-01-22 11:58:00", "subject": "0", "recorded-or-robo": "", "city": "Chocowinity", "state": "NC", "area-code": "252"}, {"id": "e81c9350d54f66c6d33b3747ee7737db", "number": "8442949362", "date": "2021-01-22 09:52:00", "subject": "2", "recorded-or-robo": "Y", "city": "Osawatomie", "state": "KS", "area-code": "805"}, {"id": "1d36742e3f24f50e4e7ae828010c1f1b", "number": "8442949362", "date": "2021-01-22 09:52:00", "subject": "2", "recorded-or-robo": "Y", "city": "Osawatomie", "state": "KS", "area-code": "805"}, {"id": "e81c9350d54f66c6d33b3747ee773441", "number": "6303266351", "date": "2021-01-22 12:16:00", "subject": "4", "recorded-or-robo": "Y", "city": "Hanover Park", "state": "IL", "area-code": "630"}, {"id": "1d36742e3f24f50e4e7ae828010c152a", "number": "6303266351", "date": "2021-01-22 12:16:00", "subject": "4", "recorded-or-robo": "Y", "city": "Hanover Park", "state": "IL", "area-code": "630"}, {"id": "e81c9350d54f66c6d33b3747ee7728c3", "number": "4058306453", "date": "2021-01-22 12:22:00", "subject": "5", "recorded-or-robo": "N", "city": "Spencer", "state": "OK", "area-code": "405"}, {"id": "1d36742e3f24f50e4e7ae828010c0f8c", "number": "4058306453", "date": "2021-01-22 12:22:00", "subject": "5", "recorded-or-robo": "N", "city": "Spencer", "state": "OK", "area-code": "405"}, {"id": "e81c9350d54f66c6d33b3747ee771da5", "number": "3524787048", "date": "2021-01-21 18:48:00", "subject": "2", "recorded-or-robo": "Y", "city": "Indianapolis", "state": "IN", "area-code": "317"}, {"id": "1d36742e3f24f50e4e7ae828010c07b8", "number": "3524787048", "date": "2021-01-21 18:48:00", "subject": "2", "recorded-or-robo": "Y", "city": "Indianapolis", "state": "IN", "area-code": "317"}, {"id": "e81c9350d54f66c6d33b3747eea7a7ec", "number": "8144911016", "date": "2021-01-22 19:50:55", "subject": "3", "recorded-or-robo": "Y", "city": "", "state": "NJ", "area-code": "973"}, {"id": "1d36742e3f24f50e4e7ae828013c8178", "number": "8144911016", "date": "2021-01-22 19:50:55", "subject": "3", "recorded-or-robo": "Y", "city": "", "state": "NJ", "area-code": "973"}, {"id": "e81c9350d54f66c6d33b3747eea78684", "number": "8144911016", "date": "2021-01-22 19:50:54", "subject": "3", "recorded-or-robo": "Y", "city": "", "state": "NJ", "area-code": "973"}, {"id": "1d36742e3f24f50e4e7ae828013c5b8c", "number": "8144911016", "date": "2021-01-22 19:50:54", "subject": "3", "recorded-or-robo": "Y", "city": "", "state": "NJ", "area-code": "973"}, {"id": "e81c9350d54f66c6d33b3747ee7713e0", "number": "2293379402", "date": "2021-01-22 19:49:00", "subject": "11", "recorded-or-robo": "Y", "city": "Ellaville", "state": "GA", "area-code": "229"}, {"id": "1d36742e3f24f50e4e7ae828010bf95b", "number": "2293379402", "date": "2021-01-22 19:49:00", "subject": "11", "recorded-or-robo": "Y", "city": "Ellaville", "state": "GA", "area-code": "229"}, {"id": "e81c9350d54f66c6d33b3747ee770a06", "number": "9123081730", "date": "2021-01-21 11:16:00", "subject": "0", "recorded-or-robo": "Y", "city": "Colorado Springs", "state": "CO", "area-code": "719"}, {"id": "1d36742e3f24f50e4e7ae828010bf3fd", "number": "9123081730", "date": "2021-01-21 11:16:00", "subject": "0", "recorded-or-robo": "Y", "city": "Colorado Springs", "state": "CO", "area-code": "719"}, {"id": "e81c9350d54f66c6d33b3747eea7bda1", "number": "2124500532", "date": "2021-01-22 19:50:40", "subject": "3", "recorded-or-robo": "Y", "city": "", "state": "NY", "area-code": "212"}, {"id": "1d36742e3f24f50e4e7ae828013c8e85", "number": "2124500532", "date": "2021-01-22 19:50:40", "subject": "3", "recorded-or-robo": "Y", "city": "", "state": "NY", "area-code": "212"}, {"id": "e81c9350d54f66c6d33b3747ee77060b", "number": "5074605630", "date": "2021-01-21 14:53:00", "subject": "0", "recorded-or-robo": "", "city": "Southampton", "state": "MA", "area-code": "413"}, {"id": "1d36742e3f24f50e4e7ae828010bf101", "number": "5074605630", "date": "2021-01-21 14:53:00", "subject": "0", "recorded-or-robo": "", "city": "Southampton", "state": "MA", "area-code": "413"}, {"id": "e81c9350d54f66c6d33b3747ee7703c3", "number": "8663589262", "date": "2021-01-17 14:32:00", "subject": "2", "recorded-or-robo": "Y", "city": "Medford", "state": "OR", "area-code": "541"}, {"id": "1d36742e3f24f50e4e7ae828010bf006", "number": "8663589262", "date": "2021-01-17 14:32:00", "subject": "2", "recorded-or-robo": "Y", "city": "Medford", "state": "OR", "area-code": "541"}, {"id": "e81c9350d54f66c6d33b3747eea76832", "number": "3216137515", "date": "2021-01-22 19:50:28", "subject": "3", "recorded-or-robo": "Y", "city": "", "state": "FL", "area-code": "786"}, {"id": "1d36742e3f24f50e4e7ae828013c44d8", "number": "3216137515", "date": "2021-01-22 19:50:28", "subject": "3", "recorded-or-robo": "Y", "city": "", "state": "FL", "area-code": "786"}, {"id": "e81c9350d54f66c6d33b3747ee76fa4a", "number": "7083861948", "date": "2021-01-22 15:54:00", "subject": "0", "recorded-or-robo": "", "city": "Monee", "state": "IL", "area-code": "708"}, {"id": "1d36742e3f24f50e4e7ae828010be01d", "number": "7083861948", "date": "2021-01-22 15:54:00", "subject": "0", "recorded-or-robo": "", "city": "Monee", "state": "IL", "area-code": "708"}, {"id": "e81c9350d54f66c6d33b3747ee76f760", "number": "4124303876", "date": "2021-01-22 16:48:00", "subject": "0", "recorded-or-robo": "", "city": "Oakland", "state": "CA", "area-code": "510"}, {"id": "1d36742e3f24f50e4e7ae828010bd2ce", "number": "4124303876", "date": "2021-01-22 16:48:00", "subject": "0", "recorded-or-robo": "", "city": "Oakland", "state": "CA", "area-code": "510"}, {"id": "e81c9350d54f66c6d33b3747ee76f17e", "number": "2029649536", "date": "2021-01-22 16:19:00", "subject": "1", "recorded-or-robo": "Y", "city": "Old Hickory", "state": "TN", "area-code": "615"}, {"id": "1d36742e3f24f50e4e7ae828010bcb94", "number": "2029649536", "date": "2021-01-22 16:19:00", "subject": "1", "recorded-or-robo": "Y", "city": "Old Hickory", "state": "TN", "area-code": "615"}, {"id": "e81c9350d54f66c6d33b3747ee76ebf5", "number": "7082105109", "date": "2021-01-22 13:07:00", "subject": "0", "recorded-or-robo": "Y", "city": "Westchester", "state": "IL", "area-code": "708"}, {"id": "1d36742e3f24f50e4e7ae828010bc2eb", "number": "7082105109", "date": "2021-01-22 13:07:00", "subject": "0", "recorded-or-robo": "Y", "city": "Westchester", "state": "IL", "area-code": "708"}, {"id": "e81c9350d54f66c6d33b3747ee76de27", "number": "8002254343", "date": "2021-01-22 12:21:00", "subject": "0", "recorded-or-robo": "N", "city": "", "state": "CA", "area-code": "971"}, {"id": "1d36742e3f24f50e4e7ae828010bb95b", "number": "8002254343", "date": "2021-01-22 12:21:00", "subject": "0", "recorded-or-robo": "N", "city": "", "state": "CA", "area-code": "971"}, {"id": "e81c9350d54f66c6d33b3747ee76ced3", "number": "3347737635", "date": "2021-01-22 09:38:00", "subject": "2", "recorded-or-robo": "N", "city": "Wetumpka", "state": "AL", "area-code": "334"}, {"id": "1d36742e3f24f50e4e7ae828010bb851", "number": "3347737635", "date": "2021-01-22 09:38:00", "subject": "2", "recorded-or-robo": "N", "city": "Wetumpka", "state": "AL", "area-code": "334"}, {"id": "e81c9350d54f66c6d33b3747ee76c213", "number": "2602499896", "date": "2021-01-22 17:53:00", "subject": "5", "recorded-or-robo": "N", "city": "", "state": "NC", "area-code": "704"}, {"id": "1d36742e3f24f50e4e7ae828010bb5db", "number": "2602499896", "date": "2021-01-22 17:53:00", "subject": "5", "recorded-or-robo": "N", "city": "", "state": "NC", "area-code": "704"}, {"id": "e81c9350d54f66c6d33b3747eea79d88", "number": "+13167471279", "date": "2021-01-22 19:50:08", "subject": "3", "recorded-or-robo": "N", "city": "", "state": "KS", "area-code": "316"}, {"id": "1d36742e3f24f50e4e7ae828013c70aa", "number": "+13167471279", "date": "2021-01-22 19:50:08", "subject": "3", "recorded-or-robo": "N", "city": "", "state": "KS", "area-code": "316"}, {"id": "e81c9350d54f66c6d33b3747eea78db1", "number": "+12156089071", "date": "2021-01-22 19:50:01", "subject": "3", "recorded-or-robo": "Y", "city": "", "state": "PA", "area-code": "215"}]}