{"data": [{"id": "3decc6bfadaa436a105714c6bad3ad0b", "number": "5092332478", "date": "2021-01-24 16:57:00", "subject": "2", "recorded-or-robo": "Y", "city": "", "state": "WA", "area-code": "509"}, {"id": "03e293b3df9e35eadf15c5611969bd7b", "number": "5092332478", "date": "2021-01-24 16:57:00", "subject": "2", "recorded-or-robo": "Y", "city": "", "state": "WA", "area-code": "509"}, {"id": "3decc6bfadaa436a105714c6bad3a9d7", "number": "5095573073", "date": "2021-01-24 08:54:00", "subject": "11", "recorded-or-robo": "N", "city": "St. John", "state": "WA", "area-code": "509"}, {"id": "03e293b3df9e35eadf15c5611969af5f", "number": "5095573073", "date": "2021-01-24 08:54:00", "subject": "11", "recorded-or-robo": "N", "city": "St. John", "state": "WA", "area-code": "509"}, {"id": "3decc6bfadaa436a105714c6bad3a59b", "number": "7205943524", "date": "2021-01-18 14:04:00", "subject": "3", "recorded-or-robo": "", "city": "", "state": "CO", "area-code": "719"}, {"id": "03e293b3df9e35eadf15c5611969a3cb", "number": "7205943524", "date": "2021-01-18 14:04:00", "subject": "3", "recorded-or-robo": "", "city": "", "state": "CO", "area-code": "719"}, {"id": "3decc6bfadaa436a105714c6bad395d5", "number": "7202594520", "date": "2021-01-18 17:01:00", "subject": "3", "recorded-or-robo": "", "city": "", "state": "CO", "area-code": "719"}, {"id": "03e293b3df9e35eadf15c56119699594", "number": "7202594520", "date": "2021-01-18 17:01:00", "subject": "3", "recorded-or-robo": "", "city": "", "state": "CO", "area-code": "719"}, {"id": "3decc6bfadaa436a105714c6bad388e1", "number": "5092339017", "date": "2021-01-24 17:24:00", "subject": "2", "recorded-or-robo": "Y", "city": "", "state": "WA", "area-code": "509"}, {"id": "03e293b3df9e35eadf15c56119699381", "number": "5092339017", "date": "2021-01-24 17:24:00", "subject": "2", "recorded-or-robo": "Y", "city": "", "state": "WA", "area-code": "509"}, {"id": "3decc6bfadaa436a105714c6bad381ae", "number": "", "date": "2021-01-24 17:34:00", "subject": "3", "recorded-or-robo": "N", "city": "", "state": "CA", "area-code": "650"}, {"id": "03e293b3df9e35eadf15c56119698ced", "number": "", "date": "2021-01-24 17:34:00", "subject": "3", "recorded-or-robo": "N", "city": "", "state": "CA", "area-code": "650"}, {"id": "3decc6bfadaa436a105714c6bad3581c", "number": "6159469776", "date": "2021-01-24 00:00:00", "subject": "3", "recorded-or-robo": "", "city": "", "state": "CA", "area-code": "916"}, {"id": "03e293b3df9e35eadf15c561196974ab", "number": "6159469776", "date": "2021-01-24 00:00:00", "subject": "3", "recorded-or-robo": "", "city": "", "state": "CA", "area-code": "916"}, {"id": "3decc6bfadaa436a105714c6bad37a4f", "number": "7193159729", "date": "2021-01-18 17:02:00", "subject": "3", "recorded-or-robo": "", "city": "", "state": "CO", "area-code": "719"}, {"id": "03e293b3df9e35eadf15c56119698a7d", "number": "7193159729", "date": "2021-01-18 17:02:00", "subject": "3", "recorded-or-robo": "", "city": "", "state": "CO", "area-code": "719"}, {"id": "3decc6bfadaa436a105714c6bad37465", "number": "", "date": "2021-01-24 10:00:00", "subject": "3", "recorded-or-robo": "Y", "city": "Wildwood", "state": "MO", "area-code": "314"}, {"id": "03e293b3df9e35eadf15c56119698a77", "number": "", "date": "2021-01-24 10:00:00", "subject": "3", "recorded-or-robo": "Y", "city": "Wildwood", "state": "MO", "area-code": "314"}, {"id": "3decc6bfadaa436a105714c6bad366af", "number": "7193565609", "date": "2021-01-19 10:00:00", "subject": "1", "recorded-or-robo": "", "city": "", "state": "CO", "area-code": "719"}, {"id": "03e293b3df9e35eadf15c56119698946", "number": "7193565609", "date": "2021-01-19 10:00:00", "subject": "1", "recorded-or-robo": "", "city": "", "state": "CO", "area-code": "719"}, {"id": "3decc6bfadaa436a105714c6bad35d77", "number": "2162938899", "date": "2021-01-23 11:42:00", "subject": "3", "recorded-or-robo": "Y", "city": "", "state": "AZ", "area-code": "623"}, {"id": "03e293b3df9e35eadf15c5611969824b", "number": "2162938899", "date": "2021-01-23 11:42:00", "subject": "3", "recorded-or-robo": "Y", "city": "", "state": "AZ", "area-code": "623"}, {"id": "3decc6bfadaa436a105714c6bad34bfd", "number": "7193284698", "date": "2021-01-20 10:54:00", "subject": "3", "recorded-or-robo": "", "city": "", "state": "CO", "area-code": "719"}, {"id": "03e293b3df9e35eadf15c5611969702e", "number": "7193284698", "date": "2021-01-20 10:54:00", "subject": "3", "recorded-or-robo": "", "city": "", "state": "CO", "area-code": "719"}, {"id": "3decc6bfadaa436a105714c6bad34356", "number": "7193319467", "date": "2021-01-21 11:42:00", "subject": "3", "recorded-or-robo": "", "city": "", "state": "CO", "area-code": "719"}, {"id": "03e293b3df9e35eadf15c561196967b7", "number": "7193319467", "date": "2021-01-21 11:42:00", "subject": "3", "recorded-or-robo": "", "city": "", "state": "CO", "area-code": "719"}, {"id": "3decc6bfadaa436a105714c6bad3417c", "number": "3013688980", "date": "2021-01-23 15:26:00", "subject": "3", "recorded-or-robo": "Y", "city": "", "state": "AZ", "area-code": "623"}, {"id": "03e293b3df9e35eadf15c56119696129", "number": "3013688980", "date": "2021-01-23 15:26:00", "subject": "3", "recorded-or-robo": "Y", "city": "", "state": "AZ", "area-code": "623"}, {"id": "3decc6bfadaa436a105714c6bad33368", "number": "9704231601", "date": "2021-01-21 12:16:00", "subject": "3", "recorded-or-robo": "", "city": "", "state": "CO", "area-code": "719"}, {"id": "03e293b3df9e35eadf15c56119695185", "number": "9704231601", "date": "2021-01-21 12:16:00", "subject": "3", "recorded-or-robo": "", "city": "", "state": "CO", "area-code": "719"}, {"id": "3decc6bfadaa436a105714c6bad32b15", "number": "6468672624", "date": "2021-01-24 15:00:00", "subject": "2", "recorded-or-robo": "", "city": "", "state": "NY", "area-code": "917"}, {"id": "03e293b3df9e35eadf15c56119694cb4", "number": "6468672624", "date": "2021-01-24 15:00:00", "subject": "2", "recorded-or-robo": "", "city": "", "state": "NY", "area-code": "917"}, {"id": "3decc6bfadaa436a105714c6bad31e98", "number": "7195423105", "date": "2021-01-21 13:23:00", "subject": "3", "recorded-or-robo": "", "city": "", "state": "CO", "area-code": "719"}, {"id": "03e293b3df9e35eadf15c5611969486f", "number": "7195423105", "date": "2021-01-21 13:23:00", "subject": "3", "recorded-or-robo": "", "city": "", "state": "CO", "area-code": "719"}, {"id": "3decc6bfadaa436a105714c6bad31e11", "number": "8058550403", "date": "2021-01-21 13:16:00", "subject": "4", "recorded-or-robo": "Y", "city": "santa Barbara", "state": "CA", "area-code": "805"}, {"id": "03e293b3df9e35eadf15c56119694109", "number": "8058550403", "date": "2021-01-21 13:16:00", "subject": "4", "recorded-or-robo": "Y", "city": "santa Barbara", "state": "CA", "area-code": "805"}, {"id": "3decc6bfadaa436a105714c6bad3160b", "number": "7207434697", "date": "2021-01-21 19:33:00", "subject": "3", "recorded-or-robo": "Y", "city": "", "state": "CO", "area-code": "719"}, {"id": "03e293b3df9e35eadf15c5611969351b", "number": "7207434697", "date": "2021-01-21 19:33:00", "subject": "3", "recorded-or-robo": "Y", "city": "", "state": "CO", "area-code": "719"}, {"id": "3decc6bfadaa436a105714c6bad30e8b", "number": "4692701319", "date": "2021-01-22 19:46:00", "subject": "2", "recorded-or-robo": "N", "city": "Irving", "state": "TX", "area-code": "972"}, {"id": "03e293b3df9e35eadf15c56119692837", "number": "4692701319", "date": "2021-01-22 19:46:00", "subject": "2", "recorded-or-robo": "N", "city": "Irving", "state": "TX", "area-code": "972"}, {"id": "3decc6bfadaa436a105714c6bad3029d", "number": "7193319855", "date": "2021-01-22 09:56:00", "subject": "3", "recorded-or-robo": "", "city": "", "state": "CO", "area-code": "719"}, {"id": "03e293b3df9e35eadf15c5611969194f", "number": "7193319855", "date": "2021-01-22 09:56:00", "subject": "3", "recorded-or-robo": "", "city": "", "state": "CO", "area-code": "719"}, {"id": "3decc6bfadaa436a105714c6bad2f53b", "number": "7273816132", "date": "2021-01-16 18:49:00", "subject": "0", "recorded-or-robo": "N", "city": "Trinity", "state": "FL", "area-code": "727"}, {"id": "03e293b3df9e35eadf15c56119690d00", "number": "7273816132", "date": "2021-01-16 18:49:00", "subject": "0", "recorded-or-robo": "N", "city": "Trinity", "state": "FL", "area-code": "727"}, {"id": "3decc6bfadaa436a105714c6bad2f430", "number": "3033510098", "date": "2021-01-22 20:25:00", "subject": "3", "recorded-or-robo": "Y", "city": "", "state": "CO", "area-code": "719"}, {"id": "03e293b3df9e35eadf15c56119690b19", "number": "3033510098", "date": "2021-01-22 20:25:00", "subject": "3", "recorded-or-robo": "Y", "city": "", "state": "CO", "area-code": "719"}, {"id": "3decc6bfadaa436a105714c6bad2e4c0", "number": "7228460", "date": "2021-01-24 12:23:00", "subject": "0", "recorded-or-robo": "Y", "city": "", "state": "CA", "area-code": "323"}, {"id": "03e293b3df9e35eadf15c56119690ad8", "number": "7228460", "date": "2021-01-24 12:23:00", "subject": "0", "recorded-or-robo": "Y", "city": "", "state": "CA", "area-code": "323"}, {"id": "3decc6bfadaa436a105714c6bad2d75b", "number": "3035697746", "date": "2021-01-23 14:18:00", "subject": "3", "recorded-or-robo": "", "city": "", "state": "CO", "area-code": "719"}, {"id": "03e293b3df9e35eadf15c561196906c1", "number": "3035697746", "date": "2021-01-23 14:18:00", "subject": "3", "recorded-or-robo": "", "city": "", "state": "CO", "area-code": "719"}]}