{"data": [{"id": "1d36742e3f24f50e4e7ae82801f08ddd", "number": "7149030509", "date": "2021-01-23 13:26:00", "subject": "2", "recorded-or-robo": "N", "city": "Covina", "state": "CA", "area-code": "626"}, {"id": "1d36742e3f24f50e4e7ae82801f087e1", "number": "4805203980", "date": "2021-01-23 14:03:00", "subject": "2", "recorded-or-robo": "Y", "city": "", "state": "CA", "area-code": "760"}, {"id": "3decc6bfadaa436a105714c6ba7dfdf7", "number": "9042046459", "date": "2021-01-23 18:51:46", "subject": "3", "recorded-or-robo": "Y", "city": "", "state": "FL", "area-code": "904"}, {"id": "03e293b3df9e35eadf15c5611914c228", "number": "9042046459", "date": "2021-01-23 18:51:46", "subject": "3", "recorded-or-robo": "Y", "city": "", "state": "FL", "area-code": "904"}, {"id": "3decc6bfadaa436a105714c6ba5aa522", "number": "5053150014", "date": "2021-01-22 10:00:00", "subject": "1", "recorded-or-robo": "Y", "city": "Albuquerque", "state": "NM", "area-code": "505"}, {"id": "1d36742e3f24f50e4e7ae82801f07e63", "number": "5053150014", "date": "2021-01-22 10:00:00", "subject": "1", "recorded-or-robo": "Y", "city": "Albuquerque", "state": "NM", "area-code": "505"}, {"id": "3decc6bfadaa436a105714c6ba7df24e", "number": "2148090130", "date": "2021-01-23 18:51:04", "subject": "3", "recorded-or-robo": "Y", "city": "", "state": "TX", "area-code": "214"}, {"id": "03e293b3df9e35eadf15c5611914bfb1", "number": "2148090130", "date": "2021-01-23 18:51:04", "subject": "3", "recorded-or-robo": "Y", "city": "", "state": "TX", "area-code": "214"}, {"id": "3decc6bfadaa436a105714c6ba5a9c6d", "number": "7149343941", "date": "2021-01-11 13:20:00", "subject": "2", "recorded-or-robo": "Y", "city": "Huntington Beach", "state": "CA", "area-code": "714"}, {"id": "1d36742e3f24f50e4e7ae82801f07b43", "number": "7149343941", "date": "2021-01-11 13:20:00", "subject": "2", "recorded-or-robo": "Y", "city": "Huntington Beach", "state": "CA", "area-code": "714"}, {"id": "3decc6bfadaa436a105714c6ba7ded74", "number": "2393155463", "date": "2021-01-23 18:50:22", "subject": "3", "recorded-or-robo": "Y", "city": "", "state": "FL", "area-code": "904"}, {"id": "03e293b3df9e35eadf15c5611914bd55", "number": "2393155463", "date": "2021-01-23 18:50:22", "subject": "3", "recorded-or-robo": "Y", "city": "", "state": "FL", "area-code": "904"}, {"id": "3decc6bfadaa436a105714c6ba5a970f", "number": "4346776117", "date": "2021-01-23 07:20:00", "subject": "1", "recorded-or-robo": "Y", "city": "Nellysford", "state": "VA", "area-code": "434"}, {"id": "1d36742e3f24f50e4e7ae82801f07855", "number": "4346776117", "date": "2021-01-23 07:20:00", "subject": "1", "recorded-or-robo": "Y", "city": "Nellysford", "state": "VA", "area-code": "434"}, {"id": "3decc6bfadaa436a105714c6ba5a8a1e", "number": "7149799714", "date": "2021-01-12 15:13:00", "subject": "2", "recorded-or-robo": "Y", "city": "Huntington Beach", "state": "CA", "area-code": "714"}, {"id": "1d36742e3f24f50e4e7ae82801f075c4", "number": "7149799714", "date": "2021-01-12 15:13:00", "subject": "2", "recorded-or-robo": "Y", "city": "Huntington Beach", "state": "CA", "area-code": "714"}, {"id": "3decc6bfadaa436a105714c6ba5a8515", "number": "6259319569", "date": "2021-01-23 07:38:00", "subject": "2", "recorded-or-robo": "N", "city": "Covina", "state": "CA", "area-code": "626"}, {"id": "1d36742e3f24f50e4e7ae82801f06e1e", "number": "6259319569", "date": "2021-01-23 07:38:00", "subject": "2", "recorded-or-robo": "N", "city": "Covina", "state": "CA", "area-code": "626"}, {"id": "3decc6bfadaa436a105714c6ba5a810e", "number": "4013242441", "date": "2021-01-23 15:45:00", "subject": "0", "recorded-or-robo": "", "city": "Portland", "state": "OR", "area-code": "503"}, {"id": "1d36742e3f24f50e4e7ae82801f067f4", "number": "4013242441", "date": "2021-01-23 15:45:00", "subject": "0", "recorded-or-robo": "", "city": "Portland", "state": "OR", "area-code": "503"}, {"id": "3decc6bfadaa436a105714c6ba5a7aae", "number": "20331050578", "date": "2021-01-23 11:58:00", "subject": "1", "recorded-or-robo": "Y", "city": "", "state": "CT", "area-code": "203"}, {"id": "1d36742e3f24f50e4e7ae82801f05c25", "number": "20331050578", "date": "2021-01-23 11:58:00", "subject": "1", "recorded-or-robo": "Y", "city": "", "state": "CT", "area-code": "203"}, {"id": "3decc6bfadaa436a105714c6ba5a6fcf", "number": "7149394964", "date": "2021-01-14 13:41:00", "subject": "2", "recorded-or-robo": "Y", "city": "Huntington Beach", "state": "CA", "area-code": "714"}, {"id": "1d36742e3f24f50e4e7ae82801f05c00", "number": "7149394964", "date": "2021-01-14 13:41:00", "subject": "2", "recorded-or-robo": "Y", "city": "Huntington Beach", "state": "CA", "area-code": "714"}, {"id": "3decc6bfadaa436a105714c6ba5a6375", "number": "9108403135", "date": "2021-01-22 12:50:00", "subject": "5", "recorded-or-robo": "", "city": "Fayetteville", "state": "NC", "area-code": "910"}, {"id": "1d36742e3f24f50e4e7ae82801f056a7", "number": "9108403135", "date": "2021-01-22 12:50:00", "subject": "5", "recorded-or-robo": "", "city": "Fayetteville", "state": "NC", "area-code": "910"}, {"id": "3decc6bfadaa436a105714c6ba87afd8", "number": "9853153112", "date": "2021-01-22 10:49:00", "subject": "3", "recorded-or-robo": "", "city": "", "state": "NJ", "area-code": "609"}, {"id": "03e293b3df9e35eadf15c561191e44f7", "number": "9853153112", "date": "2021-01-22 10:49:00", "subject": "3", "recorded-or-robo": "", "city": "", "state": "NJ", "area-code": "609"}, {"id": "3decc6bfadaa436a105714c6ba5a53ac", "number": "", "date": "2021-01-22 12:00:00", "subject": "1", "recorded-or-robo": "Y", "city": "Healdsburg", "state": "CA", "area-code": "707"}, {"id": "1d36742e3f24f50e4e7ae82801f04d4b", "number": "", "date": "2021-01-22 12:00:00", "subject": "1", "recorded-or-robo": "Y", "city": "Healdsburg", "state": "CA", "area-code": "707"}, {"id": "3decc6bfadaa436a105714c6ba5a4bcc", "number": "7149629223", "date": "2021-01-14 13:58:00", "subject": "2", "recorded-or-robo": "Y", "city": "Huntington Beach", "state": "CA", "area-code": "714"}, {"id": "1d36742e3f24f50e4e7ae82801f04c89", "number": "7149629223", "date": "2021-01-14 13:58:00", "subject": "2", "recorded-or-robo": "Y", "city": "Huntington Beach", "state": "CA", "area-code": "714"}, {"id": "3decc6bfadaa436a105714c6ba5a3c83", "number": "5067979270", "date": "2021-01-23 16:57:00", "subject": "2", "recorded-or-robo": "Y", "city": "Fayetteville", "state": "NC", "area-code": "910"}, {"id": "1d36742e3f24f50e4e7ae82801f04953", "number": "5067979270", "date": "2021-01-23 16:57:00", "subject": "2", "recorded-or-robo": "Y", "city": "Fayetteville", "state": "NC", "area-code": "910"}, {"id": "3decc6bfadaa436a105714c6ba5a397a", "number": "8476279027", "date": "2021-01-21 17:49:00", "subject": "1", "recorded-or-robo": "Y", "city": "LONG GROVE", "state": "IL", "area-code": "847"}, {"id": "1d36742e3f24f50e4e7ae82801f04631", "number": "8476279027", "date": "2021-01-21 17:49:00", "subject": "1", "recorded-or-robo": "Y", "city": "LONG GROVE", "state": "IL", "area-code": "847"}, {"id": "3decc6bfadaa436a105714c6ba5a3311", "number": "6232553600", "date": "2021-01-14 16:00:00", "subject": "2", "recorded-or-robo": "Y", "city": "Huntington Beach", "state": "CA", "area-code": "714"}, {"id": "1d36742e3f24f50e4e7ae82801f04333", "number": "6232553600", "date": "2021-01-14 16:00:00", "subject": "2", "recorded-or-robo": "Y", "city": "Huntington Beach", "state": "CA", "area-code": "714"}, {"id": "3decc6bfadaa436a105714c6ba7debcc", "number": "+14057315799", "date": "2021-01-23 18:47:59", "subject": "3", "recorded-or-robo": "N", "city": "", "state": "TX", "area-code": "469"}, {"id": "03e293b3df9e35eadf15c5611914b179", "number": "+14057315799", "date": "2021-01-23 18:47:59", "subject": "3", "recorded-or-robo": "N", "city": "", "state": "TX", "area-code": "469"}, {"id": "3decc6bfadaa436a105714c6ba5a2551", "number": "", "date": "2021-01-23 20:08:00", "subject": "2", "recorded-or-robo": "Y", "city": "Lexington", "state": "TX", "area-code": "979"}, {"id": "1d36742e3f24f50e4e7ae82801f03c0f", "number": "", "date": "2021-01-23 20:08:00", "subject": "2", "recorded-or-robo": "Y", "city": "Lexington", "state": "TX", "area-code": "979"}, {"id": "3decc6bfadaa436a105714c6ba5a1bd3", "number": "9807371944", "date": "2021-01-15 09:04:00", "subject": "2", "recorded-or-robo": "Y", "city": "Huntington Beach", "state": "CA", "area-code": "714"}, {"id": "1d36742e3f24f50e4e7ae82801f03967", "number": "9807371944", "date": "2021-01-15 09:04:00", "subject": "2", "recorded-or-robo": "Y", "city": "Huntington Beach", "state": "CA", "area-code": "714"}, {"id": "3decc6bfadaa436a105714c6ba7dc46a", "number": "8639026638", "date": "2021-01-23 18:47:34", "subject": "3", "recorded-or-robo": "Y", "city": "", "state": "FL", "area-code": "407"}, {"id": "03e293b3df9e35eadf15c561191483af", "number": "8639026638", "date": "2021-01-23 18:47:34", "subject": "3", "recorded-or-robo": "Y", "city": "", "state": "FL", "area-code": "407"}, {"id": "3decc6bfadaa436a105714c6ba5a175c", "number": "8128876830", "date": "2021-01-23 17:12:00", "subject": "2", "recorded-or-robo": "Y", "city": "Fayetteville", "state": "NC", "area-code": "910"}, {"id": "1d36742e3f24f50e4e7ae82801f036b9", "number": "8128876830", "date": "2021-01-23 17:12:00", "subject": "2", "recorded-or-robo": "Y", "city": "Fayetteville", "state": "NC", "area-code": "910"}, {"id": "3decc6bfadaa436a105714c6ba5a0ed5", "number": "6253357913", "date": "2021-01-23 15:21:00", "subject": "2", "recorded-or-robo": "N", "city": "Covina", "state": "CA", "area-code": "626"}, {"id": "1d36742e3f24f50e4e7ae82801f033a8", "number": "6253357913", "date": "2021-01-23 15:21:00", "subject": "2", "recorded-or-robo": "N", "city": "Covina", "state": "CA", "area-code": "626"}]}