{"data": [{"id": "490dde24b259add1335244cd1b773d91", "number": "8138811700", "date": "2021-01-26 19:57:00", "subject": "0", "recorded-or-robo": "Y", "city": "North Port", "state": "FL", "area-code": "941"}, {"id": "490dde24b259add1335244cd1b772ecf", "number": "5709645771", "date": "2021-01-21 10:48:00", "subject": "2", "recorded-or-robo": "N", "city": "New Cumberland", "state": "PA", "area-code": "570"}, {"id": "490dde24b259add1335244cd1b7722a5", "number": "7172515083", "date": "2021-01-26 12:58:00", "subject": "4", "recorded-or-robo": "Y", "city": "", "state": "OH", "area-code": "419"}, {"id": "490dde24b259add1335244cd1b771e1a", "number": "7542261080", "date": "2021-01-25 16:39:00", "subject": "2", "recorded-or-robo": "Y", "city": "Pearisburg", "state": "VA", "area-code": "540"}, {"id": "490dde24b259add1335244cd1b76e30c", "number": "3047457106", "date": "2021-01-26 10:36:00", "subject": "3", "recorded-or-robo": "N", "city": "", "state": "WV", "area-code": "304"}, {"id": "490dde24b259add1335244cd1b77184c", "number": "5139169381", "date": "2021-01-26 12:50:00", "subject": "4", "recorded-or-robo": "Y", "city": "West Chester", "state": "OH", "area-code": "513"}, {"id": "490dde24b259add1335244cd1b771254", "number": "6026129500", "date": "2021-01-26 09:16:00", "subject": "1", "recorded-or-robo": "N", "city": "Royal Oaks", "state": "CA", "area-code": "831"}, {"id": "490dde24b259add1335244cd1b770c90", "number": "8768262058", "date": "2021-01-26 11:45:00", "subject": "13", "recorded-or-robo": "N", "city": "Bartlett", "state": "TN", "area-code": "901"}, {"id": "490dde24b259add1335244cd1b770848", "number": "9018355007", "date": "2021-01-26 11:55:00", "subject": "6", "recorded-or-robo": "Y", "city": "Dover", "state": "TN", "area-code": "901"}, {"id": "490dde24b259add1335244cd1b770508", "number": "5599210394", "date": "2021-01-26 12:15:00", "subject": "4", "recorded-or-robo": "Y", "city": "WILKES BARRE", "state": "PA", "area-code": "570"}, {"id": "490dde24b259add1335244cd1b77026b", "number": "3063000", "date": "2021-01-25 14:15:00", "subject": "2", "recorded-or-robo": "Y", "city": "Fort Lauderdale", "state": "FL", "area-code": "954"}, {"id": "490dde24b259add1335244cd1b7700f8", "number": "9096130869", "date": "2021-01-26 08:51:00", "subject": "2", "recorded-or-robo": "Y", "city": "Redlands", "state": "CA", "area-code": "909"}, {"id": "490dde24b259add1335244cd1b76f129", "number": "4076270595", "date": "2020-12-28 11:12:00", "subject": "0", "recorded-or-robo": "N", "city": "", "state": "FL", "area-code": "407"}, {"id": "490dde24b259add1335244cd1b76de73", "number": "3152940633", "date": "2021-01-26 12:11:00", "subject": "2", "recorded-or-robo": "Y", "city": "Atlanta", "state": "GA", "area-code": "404"}, {"id": "490dde24b259add1335244cd1b76d32a", "number": "6177489152", "date": "2021-01-25 13:46:00", "subject": "1", "recorded-or-robo": "N", "city": "Cicero", "state": "NY", "area-code": "315"}, {"id": "490dde24b259add1335244cd1b76c45e", "number": "4697976460", "date": "2021-01-26 06:54:00", "subject": "3", "recorded-or-robo": "Y", "city": "", "state": "PA", "area-code": "570"}, {"id": "490dde24b259add1335244cd1b76c3c5", "number": "3049904075", "date": "2021-01-26 10:00:00", "subject": "4", "recorded-or-robo": "Y", "city": "", "state": "AZ", "area-code": "928"}, {"id": "490dde24b259add1335244cd1b76c036", "number": "8442218569", "date": "2021-01-26 09:00:00", "subject": "5", "recorded-or-robo": "Y", "city": "Rock Hill", "state": "SC", "area-code": "803"}, {"id": "490dde24b259add1335244cd1b76ba9f", "number": "7279400996", "date": "2021-01-26 12:57:00", "subject": "2", "recorded-or-robo": "Y", "city": "New York", "state": "NY", "area-code": "646"}, {"id": "490dde24b259add1335244cd1b76b7b2", "number": "6268696409", "date": "2021-01-26 08:50:00", "subject": "2", "recorded-or-robo": "Y", "city": "Fullerton", "state": "CA", "area-code": "562"}, {"id": "490dde24b259add1335244cd1b75be42", "number": "7087627928", "date": "2021-01-26 11:19:00", "subject": "3", "recorded-or-robo": "", "city": "", "state": "IL", "area-code": "708"}, {"id": "490dde24b259add1335244cd1b76b4dd", "number": "7202594737", "date": "2021-01-26 11:52:00", "subject": "4", "recorded-or-robo": "Y", "city": "COVINGTON", "state": "LA", "area-code": "303"}, {"id": "490dde24b259add1335244cd1b76af13", "number": "9374712661", "date": "2021-01-26 12:56:00", "subject": "0", "recorded-or-robo": "Y", "city": "", "state": "OH", "area-code": "937"}, {"id": "490dde24b259add1335244cd1b76a9bd", "number": "8663516483", "date": "2021-01-25 15:38:00", "subject": "2", "recorded-or-robo": "Y", "city": "Itasca", "state": "IL", "area-code": "630"}, {"id": "490dde24b259add1335244cd1b76a7dc", "number": "6032721046", "date": "2021-01-26 12:47:00", "subject": "1", "recorded-or-robo": "Y", "city": "South Berwick", "state": "ME", "area-code": "603"}, {"id": "490dde24b259add1335244cd1b769e23", "number": "5145878193", "date": "2021-01-26 21:40:00", "subject": "1", "recorded-or-robo": "N", "city": "Monterey", "state": "CA", "area-code": "831"}, {"id": "490dde24b259add1335244cd1b768e6d", "number": "6627563034", "date": "2021-01-25 12:38:00", "subject": "0", "recorded-or-robo": "Y", "city": "", "state": "VA", "area-code": "703"}, {"id": "490dde24b259add1335244cd1b76866a", "number": "5596098235", "date": "2021-01-26 12:08:00", "subject": "2", "recorded-or-robo": "Y", "city": "San Antonio", "state": "TX", "area-code": "210"}, {"id": "490dde24b259add1335244cd1b759970", "number": "3208522189", "date": "2021-01-26 09:40:00", "subject": "3", "recorded-or-robo": "N", "city": "", "state": "MN", "area-code": "320"}, {"id": "490dde24b259add1335244cd1b768387", "number": "7135481245", "date": "2021-01-26 10:51:00", "subject": "5", "recorded-or-robo": "Y", "city": "Baytown", "state": "TX", "area-code": "713"}, {"id": "490dde24b259add1335244cd1b767799", "number": "2566459002", "date": "2021-01-26 11:55:00", "subject": "4", "recorded-or-robo": "N", "city": "", "state": "AL", "area-code": "205"}, {"id": "490dde24b259add1335244cd1b767524", "number": "6123999481", "date": "2021-01-26 11:24:00", "subject": "4", "recorded-or-robo": "Y", "city": "Maple Grove", "state": "MN", "area-code": "763"}, {"id": "490dde24b259add1335244cd1b766d25", "number": "5754186238", "date": "2021-01-26 12:02:00", "subject": "0", "recorded-or-robo": "Y", "city": "Annapolis", "state": "MD", "area-code": "410"}, {"id": "490dde24b259add1335244cd1b76645a", "number": "5709679176", "date": "2021-01-26 12:58:00", "subject": "4", "recorded-or-robo": "Y", "city": "WILKES BARRE", "state": "PA", "area-code": "570"}, {"id": "490dde24b259add1335244cd1b765d1e", "number": "9204165005", "date": "2021-01-13 12:46:00", "subject": "2", "recorded-or-robo": "Y", "city": "Traverse City", "state": "MI", "area-code": "231"}, {"id": "490dde24b259add1335244cd1b76533a", "number": "4805767692", "date": "2021-01-26 10:49:00", "subject": "5", "recorded-or-robo": "Y", "city": "Glendale", "state": "AZ", "area-code": "602"}, {"id": "490dde24b259add1335244cd1b764353", "number": "9142935202", "date": "2021-01-26 12:54:00", "subject": "2", "recorded-or-robo": "Y", "city": "", "state": "MI", "area-code": "586"}, {"id": "490dde24b259add1335244cd1b763f93", "number": "6084014669", "date": "2021-01-26 11:48:00", "subject": "8", "recorded-or-robo": "N", "city": "Pegram", "state": "TN", "area-code": "262"}, {"id": "490dde24b259add1335244cd1b7632b2", "number": "9735544443", "date": "2021-01-04 12:03:00", "subject": "0", "recorded-or-robo": "Y", "city": "", "state": "NJ", "area-code": "973"}, {"id": "490dde24b259add1335244cd1b7625bd", "number": "5033308697", "date": "2021-01-26 08:00:00", "subject": "4", "recorded-or-robo": "Y", "city": "portland", "state": "OR", "area-code": "503"}, {"id": "490dde24b259add1335244cd1b762542", "number": "8886557353", "date": "2021-01-26 12:50:00", "subject": "5", "recorded-or-robo": "Y", "city": "CINCINNATI", "state": "OH", "area-code": "513"}, {"id": "490dde24b259add1335244cd1b762503", "number": "4805493805", "date": "2021-01-26 00:00:00", "subject": "4", "recorded-or-robo": "Y", "city": "Laveen", "state": "AZ", "area-code": "480"}, {"id": "490dde24b259add1335244cd1b762401", "number": "9015860091", "date": "2020-12-09 11:08:00", "subject": "2", "recorded-or-robo": "Y", "city": "Memphis", "state": "TN", "area-code": "901"}, {"id": "490dde24b259add1335244cd1b75e041", "number": "2029214920", "date": "2021-01-26 12:39:00", "subject": "3", "recorded-or-robo": "N", "city": "", "state": "WV", "area-code": "304"}, {"id": "490dde24b259add1335244cd1b7623db", "number": "8138811700", "date": "2021-01-26 19:57:00", "subject": "0", "recorded-or-robo": "Y", "city": "North Port", "state": "FL", "area-code": "941"}, {"id": "490dde24b259add1335244cd1b7620db", "number": "4243073660", "date": "2021-01-26 09:56:00", "subject": "4", "recorded-or-robo": "Y", "city": "Richmond", "state": "UT", "area-code": "435"}, {"id": "490dde24b259add1335244cd1b761e18", "number": "5859373657", "date": "2021-01-26 10:18:00", "subject": "4", "recorded-or-robo": "Y", "city": "Plano", "state": "TX", "area-code": "585"}, {"id": "490dde24b259add1335244cd1b7619b0", "number": "8145148050", "date": "2021-01-26 12:51:00", "subject": "3", "recorded-or-robo": "Y", "city": "", "state": "PA", "area-code": "412"}, {"id": "490dde24b259add1335244cd1b7617fe", "number": "9282641043", "date": "2021-01-26 11:51:00", "subject": "0", "recorded-or-robo": "N", "city": "", "state": "WI", "area-code": "715"}, {"id": "490dde24b259add1335244cd1b760cb0", "number": "5187353041", "date": "2021-01-26 12:29:00", "subject": "4", "recorded-or-robo": "Y", "city": "Greenville", "state": "NY", "area-code": "518"}]}