{"data": [{"id": "deca54a6651fb9add5b4a9816cf69c7e", "number": "2768354488", "date": "2021-01-22 09:59:00", "subject": "6", "recorded-or-robo": "Y", "city": "Grundy", "state": "VA", "area-code": "276"}, {"id": "e81c9350d54f66c6d33b3747ee6149dc", "number": "2034311290", "date": "2021-01-22 18:00:00", "subject": "3", "recorded-or-robo": "Y", "city": "", "state": "SD", "area-code": "605"}, {"id": "deca54a6651fb9add5b4a9816cf69215", "number": "2034311290", "date": "2021-01-22 18:00:00", "subject": "3", "recorded-or-robo": "Y", "city": "", "state": "SD", "area-code": "605"}, {"id": "e81c9350d54f66c6d33b3747ee61408d", "number": "7243141909", "date": "2021-01-22 00:00:00", "subject": "2", "recorded-or-robo": "N", "city": "", "state": "CA", "area-code": "209"}, {"id": "deca54a6651fb9add5b4a9816cf68c1f", "number": "7243141909", "date": "2021-01-22 00:00:00", "subject": "2", "recorded-or-robo": "N", "city": "", "state": "CA", "area-code": "209"}, {"id": "e81c9350d54f66c6d33b3747ee6131de", "number": "8043247286", "date": "2021-01-22 09:44:00", "subject": "0", "recorded-or-robo": "Y", "city": "Manassas", "state": "VA", "area-code": "703"}, {"id": "deca54a6651fb9add5b4a9816cf68250", "number": "8043247286", "date": "2021-01-22 09:44:00", "subject": "0", "recorded-or-robo": "Y", "city": "Manassas", "state": "VA", "area-code": "703"}, {"id": "e81c9350d54f66c6d33b3747ee612fc5", "number": "8144203106", "date": "2021-01-21 15:28:00", "subject": "4", "recorded-or-robo": "N", "city": "houston", "state": "CA", "area-code": "415"}, {"id": "deca54a6651fb9add5b4a9816cf67f9d", "number": "8144203106", "date": "2021-01-21 15:28:00", "subject": "4", "recorded-or-robo": "N", "city": "houston", "state": "CA", "area-code": "415"}, {"id": "e81c9350d54f66c6d33b3747ee612cd9", "number": "5057679572", "date": "2021-01-22 16:52:00", "subject": "0", "recorded-or-robo": "Y", "city": "Santa Fe", "state": "NM", "area-code": "505"}, {"id": "deca54a6651fb9add5b4a9816cf674f1", "number": "5057679572", "date": "2021-01-22 16:52:00", "subject": "0", "recorded-or-robo": "Y", "city": "Santa Fe", "state": "NM", "area-code": "505"}, {"id": "e81c9350d54f66c6d33b3747ee612875", "number": "8884230900", "date": "2021-01-22 15:13:00", "subject": "4", "recorded-or-robo": "Y", "city": "Fort  Washington", "state": "MD", "area-code": "301"}, {"id": "deca54a6651fb9add5b4a9816cf67368", "number": "8884230900", "date": "2021-01-22 15:13:00", "subject": "4", "recorded-or-robo": "Y", "city": "Fort  Washington", "state": "MD", "area-code": "301"}, {"id": "e81c9350d54f66c6d33b3747ee611fbf", "number": "4094348508", "date": "2021-01-22 17:56:00", "subject": "2", "recorded-or-robo": "Y", "city": "Irving", "state": "TX", "area-code": "214"}, {"id": "deca54a6651fb9add5b4a9816cf66686", "number": "4094348508", "date": "2021-01-22 17:56:00", "subject": "2", "recorded-or-robo": "Y", "city": "Irving", "state": "TX", "area-code": "214"}, {"id": "e81c9350d54f66c6d33b3747ee611f94", "number": "8888030812", "date": "2021-01-22 13:43:00", "subject": "1", "recorded-or-robo": "Y", "city": "San Francisco", "state": "CA", "area-code": "415"}, {"id": "e81c9350d54f66c6d33b3747ee611314", "number": "7144190657", "date": "2021-01-22 13:41:00", "subject": "0", "recorded-or-robo": "N", "city": "Fullerton", "state": "CA", "area-code": "714"}, {"id": "deca54a6651fb9add5b4a9816cf65a3f", "number": "8888030812", "date": "2021-01-22 13:43:00", "subject": "1", "recorded-or-robo": "Y", "city": "San Francisco", "state": "CA", "area-code": "415"}, {"id": "deca54a6651fb9add5b4a9816cf64ea1", "number": "7144190657", "date": "2021-01-22 13:41:00", "subject": "0", "recorded-or-robo": "N", "city": "Fullerton", "state": "CA", "area-code": "714"}, {"id": "e81c9350d54f66c6d33b3747ee610e1f", "number": "2083099718", "date": "2021-01-22 07:33:00", "subject": "0", "recorded-or-robo": "Y", "city": "Hailey", "state": "ID", "area-code": "208"}, {"id": "deca54a6651fb9add5b4a9816cf64822", "number": "2083099718", "date": "2021-01-22 07:33:00", "subject": "0", "recorded-or-robo": "Y", "city": "Hailey", "state": "ID", "area-code": "208"}, {"id": "e81c9350d54f66c6d33b3747ee610b58", "number": "5078685179", "date": "2021-01-22 09:41:00", "subject": "0", "recorded-or-robo": "Y", "city": "Rochester", "state": "MN", "area-code": "507"}, {"id": "deca54a6651fb9add5b4a9816cf64036", "number": "5078685179", "date": "2021-01-22 09:41:00", "subject": "0", "recorded-or-robo": "Y", "city": "Rochester", "state": "MN", "area-code": "507"}, {"id": "e81c9350d54f66c6d33b3747ee610b14", "number": "6089120036", "date": "2021-01-22 15:14:00", "subject": "2", "recorded-or-robo": "N", "city": "", "state": "WI", "area-code": "608"}, {"id": "deca54a6651fb9add5b4a9816cf63f81", "number": "6089120036", "date": "2021-01-22 15:14:00", "subject": "2", "recorded-or-robo": "N", "city": "", "state": "WI", "area-code": "608"}, {"id": "e81c9350d54f66c6d33b3747ee61038e", "number": "5103956711", "date": "2021-01-22 07:13:00", "subject": "2", "recorded-or-robo": "N", "city": "San Leandro", "state": "CA", "area-code": "510"}, {"id": "deca54a6651fb9add5b4a9816cf63462", "number": "5103956711", "date": "2021-01-22 07:13:00", "subject": "2", "recorded-or-robo": "N", "city": "San Leandro", "state": "CA", "area-code": "510"}, {"id": "e81c9350d54f66c6d33b3747ee60ff6c", "number": "5108262162", "date": "2021-01-22 12:51:00", "subject": "2", "recorded-or-robo": "N", "city": "", "state": "CA", "area-code": "510"}, {"id": "deca54a6651fb9add5b4a9816cf6249d", "number": "5108262162", "date": "2021-01-22 12:51:00", "subject": "2", "recorded-or-robo": "N", "city": "", "state": "CA", "area-code": "510"}, {"id": "e81c9350d54f66c6d33b3747eea01aa1", "number": "3527060033", "date": "2021-01-22 18:58:54", "subject": "3", "recorded-or-robo": "Y", "city": "", "state": "OH", "area-code": "513"}, {"id": "1d36742e3f24f50e4e7ae82801352955", "number": "3527060033", "date": "2021-01-22 18:58:54", "subject": "3", "recorded-or-robo": "Y", "city": "", "state": "OH", "area-code": "513"}, {"id": "e81c9350d54f66c6d33b3747ee60f32a", "number": "2174509562", "date": "2021-01-22 11:14:00", "subject": "2", "recorded-or-robo": "N", "city": "Mt.zion", "state": "IL", "area-code": "217"}, {"id": "deca54a6651fb9add5b4a9816cf6165d", "number": "2174509562", "date": "2021-01-22 11:14:00", "subject": "2", "recorded-or-robo": "N", "city": "Mt.zion", "state": "IL", "area-code": "217"}, {"id": "e81c9350d54f66c6d33b3747eea04757", "number": "3105048535", "date": "2021-01-22 18:58:47", "subject": "3", "recorded-or-robo": "Y", "city": "", "state": "CA", "area-code": "310"}, {"id": "1d36742e3f24f50e4e7ae82801356721", "number": "3105048535", "date": "2021-01-22 18:58:47", "subject": "3", "recorded-or-robo": "Y", "city": "", "state": "CA", "area-code": "310"}, {"id": "e81c9350d54f66c6d33b3747ee60e600", "number": "3032205998", "date": "2021-01-22 14:55:00", "subject": "2", "recorded-or-robo": "Y", "city": "WHEAT RIDGE", "state": "CO", "area-code": "303"}, {"id": "e81c9350d54f66c6d33b3747ee60e57a", "number": "4434874577", "date": "2021-01-21 10:54:00", "subject": "8", "recorded-or-robo": "Y", "city": "Springfield", "state": "OR", "area-code": "541"}, {"id": "deca54a6651fb9add5b4a9816cf6099c", "number": "3032205998", "date": "2021-01-22 14:55:00", "subject": "2", "recorded-or-robo": "Y", "city": "WHEAT RIDGE", "state": "CO", "area-code": "303"}, {"id": "deca54a6651fb9add5b4a9816cf60038", "number": "4434874577", "date": "2021-01-21 10:54:00", "subject": "8", "recorded-or-robo": "Y", "city": "Springfield", "state": "OR", "area-code": "541"}, {"id": "e81c9350d54f66c6d33b3747ee60e46f", "number": "4695445024", "date": "2021-01-22 12:12:00", "subject": "3", "recorded-or-robo": "Y", "city": "Irving", "state": "TX", "area-code": "682"}, {"id": "deca54a6651fb9add5b4a9816cf5fa09", "number": "4695445024", "date": "2021-01-22 12:12:00", "subject": "3", "recorded-or-robo": "Y", "city": "Irving", "state": "TX", "area-code": "682"}, {"id": "e81c9350d54f66c6d33b3747ee60d4df", "number": "6412173031", "date": "2021-01-22 10:07:00", "subject": "4", "recorded-or-robo": "N", "city": "houston", "state": "CA", "area-code": "415"}, {"id": "deca54a6651fb9add5b4a9816cf5ef67", "number": "6412173031", "date": "2021-01-22 10:07:00", "subject": "4", "recorded-or-robo": "N", "city": "houston", "state": "CA", "area-code": "415"}, {"id": "e81c9350d54f66c6d33b3747ee60c60f", "number": "3016238857", "date": "2021-01-19 16:04:00", "subject": "3", "recorded-or-robo": "N", "city": "Waldorf", "state": "MD", "area-code": "301"}, {"id": "deca54a6651fb9add5b4a9816cf5e808", "number": "3016238857", "date": "2021-01-19 16:04:00", "subject": "3", "recorded-or-robo": "N", "city": "Waldorf", "state": "MD", "area-code": "301"}, {"id": "e81c9350d54f66c6d33b3747ee9facde", "number": "8185146644", "date": "2021-01-22 18:58:18", "subject": "3", "recorded-or-robo": "Y", "city": "", "state": "CA", "area-code": "818"}, {"id": "e81c9350d54f66c6d33b3747ee60ba95", "number": "8004852398", "date": "2021-01-22 14:49:00", "subject": "0", "recorded-or-robo": "Y", "city": "Rochester", "state": "MN", "area-code": "507"}, {"id": "deca54a6651fb9add5b4a9816cf5dd94", "number": "8004852398", "date": "2021-01-22 14:49:00", "subject": "0", "recorded-or-robo": "Y", "city": "Rochester", "state": "MN", "area-code": "507"}, {"id": "1d36742e3f24f50e4e7ae8280134c2bf", "number": "8185146644", "date": "2021-01-22 18:58:18", "subject": "3", "recorded-or-robo": "Y", "city": "", "state": "CA", "area-code": "818"}, {"id": "e81c9350d54f66c6d33b3747ee60ae72", "number": "2022358550", "date": "2021-01-22 06:38:00", "subject": "2", "recorded-or-robo": "Y", "city": "", "state": "Do", "area-code": "202"}]}