{"data": [{"id": "1d36742e3f24f50e4e7ae82801159198", "number": "3159348780", "date": "2021-01-22 14:56:00", "subject": "1", "recorded-or-robo": "Y", "city": "Las Vegas", "state": "NV", "area-code": "702"}, {"id": "e81c9350d54f66c6d33b3747eeaaf47f", "number": "2484465481", "date": "2021-01-22 20:23:30", "subject": "3", "recorded-or-robo": "Y", "city": "", "state": "MI", "area-code": "248"}, {"id": "1d36742e3f24f50e4e7ae828013fd2b1", "number": "2484465481", "date": "2021-01-22 20:23:30", "subject": "3", "recorded-or-robo": "Y", "city": "", "state": "MI", "area-code": "248"}, {"id": "e81c9350d54f66c6d33b3747ee8096a8", "number": "9317298582", "date": "2021-01-15 09:32:00", "subject": "3", "recorded-or-robo": "N", "city": "", "state": "TX", "area-code": "210"}, {"id": "1d36742e3f24f50e4e7ae82801158965", "number": "9317298582", "date": "2021-01-15 09:32:00", "subject": "3", "recorded-or-robo": "N", "city": "", "state": "TX", "area-code": "210"}, {"id": "e81c9350d54f66c6d33b3747eec6d9a9", "number": "8332297972", "date": "2021-01-22 14:55:00", "subject": "3", "recorded-or-robo": "", "city": "", "state": "KY", "area-code": "606"}, {"id": "1d36742e3f24f50e4e7ae828015c2748", "number": "8332297972", "date": "2021-01-22 14:55:00", "subject": "3", "recorded-or-robo": "", "city": "", "state": "KY", "area-code": "606"}, {"id": "e81c9350d54f66c6d33b3747eeab0859", "number": "+17139463005", "date": "2021-01-22 20:23:08", "subject": "3", "recorded-or-robo": "Y", "city": "", "state": "TX", "area-code": "713"}, {"id": "1d36742e3f24f50e4e7ae828013ff22a", "number": "+17139463005", "date": "2021-01-22 20:23:08", "subject": "3", "recorded-or-robo": "Y", "city": "", "state": "TX", "area-code": "713"}, {"id": "e81c9350d54f66c6d33b3747eeab7741", "number": "2037930444", "date": "2021-01-22 20:23:06", "subject": "3", "recorded-or-robo": "Y", "city": "", "state": "CT", "area-code": "203"}, {"id": "1d36742e3f24f50e4e7ae82801405fe5", "number": "2037930444", "date": "2021-01-22 20:23:06", "subject": "3", "recorded-or-robo": "Y", "city": "", "state": "CT", "area-code": "203"}, {"id": "e81c9350d54f66c6d33b3747eeab083c", "number": "+13024249703", "date": "2021-01-22 20:22:53", "subject": "3", "recorded-or-robo": "Y", "city": "", "state": "MN", "area-code": "612"}, {"id": "1d36742e3f24f50e4e7ae828013fee05", "number": "+13024249703", "date": "2021-01-22 20:22:53", "subject": "3", "recorded-or-robo": "Y", "city": "", "state": "MN", "area-code": "612"}, {"id": "e81c9350d54f66c6d33b3747eeab3378", "number": "+16162560614", "date": "2021-01-22 20:22:44", "subject": "3", "recorded-or-robo": "Y", "city": "", "state": "MI", "area-code": "616"}, {"id": "1d36742e3f24f50e4e7ae82801402e7e", "number": "+16162560614", "date": "2021-01-22 20:22:44", "subject": "3", "recorded-or-robo": "Y", "city": "", "state": "MI", "area-code": "616"}, {"id": "e81c9350d54f66c6d33b3747eeab12e0", "number": "2565734664", "date": "2021-01-22 20:22:43", "subject": "3", "recorded-or-robo": "Y", "city": "", "state": "NY", "area-code": "347"}, {"id": "1d36742e3f24f50e4e7ae828014012ed", "number": "2565734664", "date": "2021-01-22 20:22:43", "subject": "3", "recorded-or-robo": "Y", "city": "", "state": "NY", "area-code": "347"}, {"id": "e81c9350d54f66c6d33b3747eeab2cdb", "number": "7602582091", "date": "2021-01-22 20:22:41", "subject": "3", "recorded-or-robo": "N", "city": "", "state": "CA", "area-code": "760"}, {"id": "1d36742e3f24f50e4e7ae8280140294d", "number": "7602582091", "date": "2021-01-22 20:22:41", "subject": "3", "recorded-or-robo": "N", "city": "", "state": "CA", "area-code": "760"}, {"id": "e81c9350d54f66c6d33b3747eeaafba3", "number": "7602582091", "date": "2021-01-22 20:22:40", "subject": "3", "recorded-or-robo": "N", "city": "", "state": "CA", "area-code": "760"}, {"id": "1d36742e3f24f50e4e7ae828013fe06a", "number": "7602582091", "date": "2021-01-22 20:22:40", "subject": "3", "recorded-or-robo": "N", "city": "", "state": "CA", "area-code": "760"}, {"id": "e81c9350d54f66c6d33b3747ee8086f7", "number": "8054641786", "date": "2021-01-22 12:34:00", "subject": "2", "recorded-or-robo": "Y", "city": "Atascadero", "state": "CA", "area-code": "805"}, {"id": "1d36742e3f24f50e4e7ae82801156dcf", "number": "8054641786", "date": "2021-01-22 12:34:00", "subject": "2", "recorded-or-robo": "Y", "city": "Atascadero", "state": "CA", "area-code": "805"}, {"id": "e81c9350d54f66c6d33b3747eeaacbf8", "number": "7602321102", "date": "2021-01-22 20:22:29", "subject": "3", "recorded-or-robo": "N", "city": "", "state": "CA", "area-code": "760"}, {"id": "1d36742e3f24f50e4e7ae828013fa857", "number": "7602321102", "date": "2021-01-22 20:22:29", "subject": "3", "recorded-or-robo": "N", "city": "", "state": "CA", "area-code": "760"}, {"id": "e81c9350d54f66c6d33b3747ee807f79", "number": "9413791954", "date": "2021-01-14 08:03:00", "subject": "3", "recorded-or-robo": "Y", "city": "", "state": "TX", "area-code": "210"}, {"id": "1d36742e3f24f50e4e7ae82801155f04", "number": "9413791954", "date": "2021-01-14 08:03:00", "subject": "3", "recorded-or-robo": "Y", "city": "", "state": "TX", "area-code": "210"}, {"id": "e81c9350d54f66c6d33b3747ee807632", "number": "2085168386", "date": "2021-01-22 17:21:00", "subject": "3", "recorded-or-robo": "Y", "city": "", "state": "ID", "area-code": "208"}, {"id": "1d36742e3f24f50e4e7ae82801155d1f", "number": "2085168386", "date": "2021-01-22 17:21:00", "subject": "3", "recorded-or-robo": "Y", "city": "", "state": "ID", "area-code": "208"}, {"id": "e81c9350d54f66c6d33b3747ee806670", "number": "8005545829", "date": "2021-01-22 18:46:00", "subject": "2", "recorded-or-robo": "Y", "city": "Middletown", "state": "DE", "area-code": "302"}, {"id": "1d36742e3f24f50e4e7ae82801155772", "number": "8005545829", "date": "2021-01-22 18:46:00", "subject": "2", "recorded-or-robo": "Y", "city": "Middletown", "state": "DE", "area-code": "302"}, {"id": "e81c9350d54f66c6d33b3747eeab4964", "number": "9704232491", "date": "2021-01-22 20:22:06", "subject": "3", "recorded-or-robo": "Y", "city": "", "state": "NJ", "area-code": "908"}, {"id": "1d36742e3f24f50e4e7ae82801404a0a", "number": "9704232491", "date": "2021-01-22 20:22:06", "subject": "3", "recorded-or-robo": "Y", "city": "", "state": "NJ", "area-code": "908"}, {"id": "e81c9350d54f66c6d33b3747ee8064fd", "number": "8168417466", "date": "2021-01-22 15:34:00", "subject": "11", "recorded-or-robo": "Y", "city": "Chesterfield", "state": "MO", "area-code": "636"}, {"id": "1d36742e3f24f50e4e7ae828011548fa", "number": "8168417466", "date": "2021-01-22 15:34:00", "subject": "11", "recorded-or-robo": "Y", "city": "Chesterfield", "state": "MO", "area-code": "636"}, {"id": "e81c9350d54f66c6d33b3747eeab0920", "number": "+13239865551", "date": "2021-01-22 20:21:56", "subject": "3", "recorded-or-robo": "Y", "city": "", "state": "CA", "area-code": "323"}, {"id": "1d36742e3f24f50e4e7ae828013ff548", "number": "+13239865551", "date": "2021-01-22 20:21:56", "subject": "3", "recorded-or-robo": "Y", "city": "", "state": "CA", "area-code": "323"}, {"id": "e81c9350d54f66c6d33b3747ee8057e9", "number": "8882267510", "date": "2021-01-22 13:56:00", "subject": "2", "recorded-or-robo": "Y", "city": "Atascadero", "state": "CA", "area-code": "805"}, {"id": "1d36742e3f24f50e4e7ae82801153a27", "number": "8882267510", "date": "2021-01-22 13:56:00", "subject": "2", "recorded-or-robo": "Y", "city": "Atascadero", "state": "CA", "area-code": "805"}, {"id": "e81c9350d54f66c6d33b3747eeaae3ab", "number": "7183985826", "date": "2021-01-22 20:21:23", "subject": "3", "recorded-or-robo": "Y", "city": "", "state": "TX", "area-code": "214"}, {"id": "1d36742e3f24f50e4e7ae828013fc9b9", "number": "7183985826", "date": "2021-01-22 20:21:23", "subject": "3", "recorded-or-robo": "Y", "city": "", "state": "TX", "area-code": "214"}, {"id": "e81c9350d54f66c6d33b3747ee804af1", "number": "9313004761", "date": "2021-01-22 15:49:00", "subject": "2", "recorded-or-robo": "Y", "city": "Cartersville", "state": "GA", "area-code": "770"}, {"id": "1d36742e3f24f50e4e7ae828011533d3", "number": "9313004761", "date": "2021-01-22 15:49:00", "subject": "2", "recorded-or-robo": "Y", "city": "Cartersville", "state": "GA", "area-code": "770"}, {"id": "e81c9350d54f66c6d33b3747ee8040df", "number": "7022431609", "date": "2021-01-22 09:41:00", "subject": "1", "recorded-or-robo": "Y", "city": "Las Vegas", "state": "NV", "area-code": "702"}, {"id": "1d36742e3f24f50e4e7ae82801152547", "number": "7022431609", "date": "2021-01-22 09:41:00", "subject": "1", "recorded-or-robo": "Y", "city": "Las Vegas", "state": "NV", "area-code": "702"}, {"id": "e81c9350d54f66c6d33b3747eeaad862", "number": "4694606601", "date": "2021-01-22 20:21:07", "subject": "3", "recorded-or-robo": "Y", "city": "", "state": "TX", "area-code": "214"}, {"id": "1d36742e3f24f50e4e7ae828013fc31e", "number": "4694606601", "date": "2021-01-22 20:21:07", "subject": "3", "recorded-or-robo": "Y", "city": "", "state": "TX", "area-code": "214"}, {"id": "e81c9350d54f66c6d33b3747eeab3a5a", "number": "9792707611", "date": "2021-01-22 20:20:56", "subject": "3", "recorded-or-robo": "Y", "city": "", "state": "TX", "area-code": "214"}, {"id": "1d36742e3f24f50e4e7ae82801403df4", "number": "9792707611", "date": "2021-01-22 20:20:56", "subject": "3", "recorded-or-robo": "Y", "city": "", "state": "TX", "area-code": "214"}, {"id": "e81c9350d54f66c6d33b3747ee803531", "number": "8003471000", "date": "2021-01-22 12:50:00", "subject": "2", "recorded-or-robo": "Y", "city": "campbell", "state": "CA", "area-code": "408"}]}