{"data": [{"id": "1d36742e3f24f50e4e7ae82801452707", "number": "+15418405273", "date": "2021-01-22 20:57:35", "subject": "3", "recorded-or-robo": "N", "city": "", "state": "OR", "area-code": "541"}, {"id": "e81c9350d54f66c6d33b3747ee8747c8", "number": "3304998841", "date": "2021-01-22 17:58:00", "subject": "2", "recorded-or-robo": "Y", "city": "Mason", "state": "OH", "area-code": "937"}, {"id": "1d36742e3f24f50e4e7ae828011cee5e", "number": "3304998841", "date": "2021-01-22 17:58:00", "subject": "2", "recorded-or-robo": "Y", "city": "Mason", "state": "OH", "area-code": "937"}, {"id": "e81c9350d54f66c6d33b3747eeaf9438", "number": "7026208106", "date": "2021-01-22 20:57:28", "subject": "3", "recorded-or-robo": "Y", "city": "", "state": "NV", "area-code": "775"}, {"id": "1d36742e3f24f50e4e7ae82801448521", "number": "7026208106", "date": "2021-01-22 20:57:28", "subject": "3", "recorded-or-robo": "Y", "city": "", "state": "NV", "area-code": "775"}, {"id": "e81c9350d54f66c6d33b3747eeaf9e78", "number": "6158503354", "date": "2021-01-22 20:57:21", "subject": "3", "recorded-or-robo": "Y", "city": "", "state": "FL", "area-code": "772"}, {"id": "1d36742e3f24f50e4e7ae828014496b7", "number": "6158503354", "date": "2021-01-22 20:57:21", "subject": "3", "recorded-or-robo": "Y", "city": "", "state": "FL", "area-code": "772"}, {"id": "e81c9350d54f66c6d33b3747eeafd08c", "number": "6158503354", "date": "2021-01-22 20:57:20", "subject": "3", "recorded-or-robo": "Y", "city": "", "state": "FL", "area-code": "772"}, {"id": "1d36742e3f24f50e4e7ae8280144c99d", "number": "6158503354", "date": "2021-01-22 20:57:20", "subject": "3", "recorded-or-robo": "Y", "city": "", "state": "FL", "area-code": "772"}, {"id": "e81c9350d54f66c6d33b3747eeafd69e", "number": "7606060408", "date": "2021-01-22 20:57:09", "subject": "3", "recorded-or-robo": "Y", "city": "", "state": "CA", "area-code": "760"}, {"id": "1d36742e3f24f50e4e7ae8280144d3a9", "number": "7606060408", "date": "2021-01-22 20:57:09", "subject": "3", "recorded-or-robo": "Y", "city": "", "state": "CA", "area-code": "760"}, {"id": "e81c9350d54f66c6d33b3747eeb007bf", "number": "+18004300848", "date": "2021-01-22 20:57:04", "subject": "3", "recorded-or-robo": "Y", "city": "", "state": "FL", "area-code": "904"}, {"id": "1d36742e3f24f50e4e7ae82801453039", "number": "+18004300848", "date": "2021-01-22 20:57:04", "subject": "3", "recorded-or-robo": "Y", "city": "", "state": "FL", "area-code": "904"}, {"id": "e81c9350d54f66c6d33b3747ee8744be", "number": "2819788256", "date": "2021-01-22 15:51:00", "subject": "1", "recorded-or-robo": "Y", "city": "Porter", "state": "TX", "area-code": "281"}, {"id": "1d36742e3f24f50e4e7ae828011ceaa0", "number": "2819788256", "date": "2021-01-22 15:51:00", "subject": "1", "recorded-or-robo": "Y", "city": "Porter", "state": "TX", "area-code": "281"}, {"id": "e81c9350d54f66c6d33b3747eeaff771", "number": "7037775720", "date": "2021-01-22 20:56:59", "subject": "3", "recorded-or-robo": "N", "city": "", "state": "VA", "area-code": "703"}, {"id": "1d36742e3f24f50e4e7ae82801451d1a", "number": "7037775720", "date": "2021-01-22 20:56:59", "subject": "3", "recorded-or-robo": "N", "city": "", "state": "VA", "area-code": "703"}, {"id": "e81c9350d54f66c6d33b3747ee8738e1", "number": "", "date": "2021-01-19 11:59:00", "subject": "3", "recorded-or-robo": "Y", "city": "", "state": "WA", "area-code": "425"}, {"id": "1d36742e3f24f50e4e7ae828011ce857", "number": "", "date": "2021-01-19 11:59:00", "subject": "3", "recorded-or-robo": "Y", "city": "", "state": "WA", "area-code": "425"}, {"id": "e81c9350d54f66c6d33b3747eeafeafe", "number": "7866738446", "date": "2021-01-22 20:56:38", "subject": "3", "recorded-or-robo": "Y", "city": "", "state": "FL", "area-code": "561"}, {"id": "1d36742e3f24f50e4e7ae82801450620", "number": "7866738446", "date": "2021-01-22 20:56:38", "subject": "3", "recorded-or-robo": "Y", "city": "", "state": "FL", "area-code": "561"}, {"id": "e81c9350d54f66c6d33b3747eeb0175c", "number": "7866738446", "date": "2021-01-22 20:56:37", "subject": "3", "recorded-or-robo": "Y", "city": "", "state": "FL", "area-code": "561"}, {"id": "1d36742e3f24f50e4e7ae82801453159", "number": "7866738446", "date": "2021-01-22 20:56:37", "subject": "3", "recorded-or-robo": "Y", "city": "", "state": "FL", "area-code": "561"}, {"id": "e81c9350d54f66c6d33b3747ee8731f7", "number": "7866232787", "date": "2021-01-22 17:29:00", "subject": "1", "recorded-or-robo": "Y", "city": "Wilmington", "state": "NC", "area-code": "910"}, {"id": "1d36742e3f24f50e4e7ae828011cdae8", "number": "7866232787", "date": "2021-01-22 17:29:00", "subject": "1", "recorded-or-robo": "Y", "city": "Wilmington", "state": "NC", "area-code": "910"}, {"id": "e81c9350d54f66c6d33b3747eeb030f1", "number": "+13017080157", "date": "2021-01-22 20:56:21", "subject": "3", "recorded-or-robo": "Y", "city": "", "state": "MD", "area-code": "301"}, {"id": "e81c9350d54f66c6d33b3747ee872523", "number": "8138367440", "date": "2021-01-18 16:55:00", "subject": "2", "recorded-or-robo": "Y", "city": "TAMPA", "state": "FL", "area-code": "813"}, {"id": "1d36742e3f24f50e4e7ae82801453d67", "number": "+13017080157", "date": "2021-01-22 20:56:21", "subject": "3", "recorded-or-robo": "Y", "city": "", "state": "MD", "area-code": "301"}, {"id": "1d36742e3f24f50e4e7ae828011ccb05", "number": "8138367440", "date": "2021-01-18 16:55:00", "subject": "2", "recorded-or-robo": "Y", "city": "TAMPA", "state": "FL", "area-code": "813"}, {"id": "e81c9350d54f66c6d33b3747eeaf7f44", "number": "+15092130522", "date": "2021-01-22 20:56:17", "subject": "3", "recorded-or-robo": "N", "city": "", "state": "AZ", "area-code": "623"}, {"id": "1d36742e3f24f50e4e7ae82801446d66", "number": "+15092130522", "date": "2021-01-22 20:56:17", "subject": "3", "recorded-or-robo": "N", "city": "", "state": "AZ", "area-code": "623"}, {"id": "e81c9350d54f66c6d33b3747eeafac69", "number": "+14437438771", "date": "2021-01-22 20:56:12", "subject": "3", "recorded-or-robo": "Y", "city": "", "state": "MD", "area-code": "240"}, {"id": "1d36742e3f24f50e4e7ae8280144a3c9", "number": "+14437438771", "date": "2021-01-22 20:56:12", "subject": "3", "recorded-or-robo": "Y", "city": "", "state": "MD", "area-code": "240"}, {"id": "e81c9350d54f66c6d33b3747ee871bcd", "number": "6095898677", "date": "2021-01-21 10:49:00", "subject": "7", "recorded-or-robo": "N", "city": "Stratford", "state": "CT", "area-code": "203"}, {"id": "1d36742e3f24f50e4e7ae828011cbc05", "number": "6095898677", "date": "2021-01-21 10:49:00", "subject": "7", "recorded-or-robo": "N", "city": "Stratford", "state": "CT", "area-code": "203"}, {"id": "e81c9350d54f66c6d33b3747ee8710f9", "number": "3332357311", "date": "2021-01-22 10:21:00", "subject": "0", "recorded-or-robo": "N", "city": "Kennewick", "state": "WA", "area-code": "509"}, {"id": "1d36742e3f24f50e4e7ae828011cad22", "number": "3332357311", "date": "2021-01-22 10:21:00", "subject": "0", "recorded-or-robo": "N", "city": "Kennewick", "state": "WA", "area-code": "509"}, {"id": "e81c9350d54f66c6d33b3747ee870e5d", "number": "3046932157", "date": "2021-01-16 10:22:00", "subject": "3", "recorded-or-robo": "Y", "city": "", "state": "WA", "area-code": "425"}, {"id": "1d36742e3f24f50e4e7ae828011ca0c4", "number": "3046932157", "date": "2021-01-16 10:22:00", "subject": "3", "recorded-or-robo": "Y", "city": "", "state": "WA", "area-code": "425"}, {"id": "e81c9350d54f66c6d33b3747eeaf6e92", "number": "+12408731030", "date": "2021-01-22 20:55:59", "subject": "3", "recorded-or-robo": "Y", "city": "", "state": "MD", "area-code": "240"}, {"id": "1d36742e3f24f50e4e7ae828014459bf", "number": "+12408731030", "date": "2021-01-22 20:55:59", "subject": "3", "recorded-or-robo": "Y", "city": "", "state": "MD", "area-code": "240"}, {"id": "e81c9350d54f66c6d33b3747ee8709b0", "number": "7404025356", "date": "2021-01-22 20:03:00", "subject": "0", "recorded-or-robo": "Y", "city": "Euclid", "state": "OH", "area-code": "216"}, {"id": "1d36742e3f24f50e4e7ae828011c9db7", "number": "7404025356", "date": "2021-01-22 20:03:00", "subject": "0", "recorded-or-robo": "Y", "city": "Euclid", "state": "OH", "area-code": "216"}, {"id": "e81c9350d54f66c6d33b3747eeaf7a26", "number": "+17038702712", "date": "2021-01-22 20:55:50", "subject": "3", "recorded-or-robo": "Y", "city": "", "state": "MD", "area-code": "240"}, {"id": "e81c9350d54f66c6d33b3747eeaf6445", "number": "8458333013", "date": "2021-01-22 20:55:50", "subject": "3", "recorded-or-robo": "Y", "city": "", "state": "TX", "area-code": "806"}, {"id": "1d36742e3f24f50e4e7ae82801445e0f", "number": "+17038702712", "date": "2021-01-22 20:55:50", "subject": "3", "recorded-or-robo": "Y", "city": "", "state": "MD", "area-code": "240"}, {"id": "1d36742e3f24f50e4e7ae8280144555b", "number": "8458333013", "date": "2021-01-22 20:55:50", "subject": "3", "recorded-or-robo": "Y", "city": "", "state": "TX", "area-code": "806"}, {"id": "e81c9350d54f66c6d33b3747eeafe477", "number": "8458333013", "date": "2021-01-22 20:55:49", "subject": "3", "recorded-or-robo": "Y", "city": "", "state": "TX", "area-code": "806"}, {"id": "1d36742e3f24f50e4e7ae8280144f7d6", "number": "8458333013", "date": "2021-01-22 20:55:49", "subject": "3", "recorded-or-robo": "Y", "city": "", "state": "TX", "area-code": "806"}, {"id": "e81c9350d54f66c6d33b3747eeaff396", "number": "+16054755700", "date": "2021-01-22 20:55:42", "subject": "3", "recorded-or-robo": "Y", "city": "", "state": "MD", "area-code": "240"}]}