{"data": [{"id": "1d36742e3f24f50e4e7ae828013e3144", "number": "+14433231374", "date": "2021-01-22 20:03:58", "subject": "3", "recorded-or-robo": "Y", "city": "", "state": "MD", "area-code": "301"}, {"id": "e81c9350d54f66c6d33b3747eea9098a", "number": "+17044714723", "date": "2021-01-22 20:03:57", "subject": "3", "recorded-or-robo": "Y", "city": "", "state": "NC", "area-code": "704"}, {"id": "1d36742e3f24f50e4e7ae828013e0ea5", "number": "+17044714723", "date": "2021-01-22 20:03:57", "subject": "3", "recorded-or-robo": "Y", "city": "", "state": "NC", "area-code": "704"}, {"id": "e81c9350d54f66c6d33b3747ee7b7fe2", "number": "3212918074", "date": "2021-01-22 14:16:00", "subject": "3", "recorded-or-robo": "Y", "city": "", "state": "PA", "area-code": "412"}, {"id": "1d36742e3f24f50e4e7ae8280110074e", "number": "3212918074", "date": "2021-01-22 14:16:00", "subject": "3", "recorded-or-robo": "Y", "city": "", "state": "PA", "area-code": "412"}, {"id": "e81c9350d54f66c6d33b3747ee7b7f65", "number": "2104345506", "date": "2021-01-13 16:41:00", "subject": "3", "recorded-or-robo": "N", "city": "", "state": "TX", "area-code": "210"}, {"id": "1d36742e3f24f50e4e7ae8280110031c", "number": "2104345506", "date": "2021-01-13 16:41:00", "subject": "3", "recorded-or-robo": "N", "city": "", "state": "TX", "area-code": "210"}, {"id": "e81c9350d54f66c6d33b3747ee7b713a", "number": "2065771304", "date": "2021-01-18 17:40:00", "subject": "0", "recorded-or-robo": "", "city": "", "state": "CO", "area-code": "720"}, {"id": "1d36742e3f24f50e4e7ae828010ff888", "number": "2065771304", "date": "2021-01-18 17:40:00", "subject": "0", "recorded-or-robo": "", "city": "", "state": "CO", "area-code": "720"}, {"id": "e81c9350d54f66c6d33b3747ee7b6eb5", "number": "7742237854", "date": "2021-01-22 18:00:00", "subject": "0", "recorded-or-robo": "", "city": "Southampton", "state": "MA", "area-code": "413"}, {"id": "1d36742e3f24f50e4e7ae828010ff5d7", "number": "7742237854", "date": "2021-01-22 18:00:00", "subject": "0", "recorded-or-robo": "", "city": "Southampton", "state": "MA", "area-code": "413"}, {"id": "e81c9350d54f66c6d33b3747ee7b664a", "number": "5166395142", "date": "2021-01-22 18:25:00", "subject": "5", "recorded-or-robo": "N", "city": "Freeport", "state": "NY", "area-code": "516"}, {"id": "1d36742e3f24f50e4e7ae828010fedb3", "number": "5166395142", "date": "2021-01-22 18:25:00", "subject": "5", "recorded-or-robo": "N", "city": "Freeport", "state": "NY", "area-code": "516"}, {"id": "e81c9350d54f66c6d33b3747ee7b592c", "number": "4076120641", "date": "2021-01-22 17:20:00", "subject": "2", "recorded-or-robo": "Y", "city": "Tavares", "state": "FL", "area-code": "407"}, {"id": "1d36742e3f24f50e4e7ae828010fdeac", "number": "4076120641", "date": "2021-01-22 17:20:00", "subject": "2", "recorded-or-robo": "Y", "city": "Tavares", "state": "FL", "area-code": "407"}, {"id": "e81c9350d54f66c6d33b3747eea8e717", "number": "+12253672204", "date": "2021-01-22 20:03:29", "subject": "3", "recorded-or-robo": "Y", "city": "", "state": "CA", "area-code": "760"}, {"id": "1d36742e3f24f50e4e7ae828013de798", "number": "+12253672204", "date": "2021-01-22 20:03:29", "subject": "3", "recorded-or-robo": "Y", "city": "", "state": "CA", "area-code": "760"}, {"id": "e81c9350d54f66c6d33b3747ee7b4f01", "number": "7089422196", "date": "2021-01-21 13:10:00", "subject": "1", "recorded-or-robo": "Y", "city": "Elmwood Park", "state": "IL", "area-code": "708"}, {"id": "1d36742e3f24f50e4e7ae828010fd197", "number": "7089422196", "date": "2021-01-21 13:10:00", "subject": "1", "recorded-or-robo": "Y", "city": "Elmwood Park", "state": "IL", "area-code": "708"}, {"id": "e81c9350d54f66c6d33b3747ee7b42f6", "number": "4074239018", "date": "2021-01-19 09:59:00", "subject": "1", "recorded-or-robo": "Y", "city": "Winter Garden", "state": "FL", "area-code": "407"}, {"id": "1d36742e3f24f50e4e7ae828010fc296", "number": "4074239018", "date": "2021-01-19 09:59:00", "subject": "1", "recorded-or-robo": "Y", "city": "Winter Garden", "state": "FL", "area-code": "407"}, {"id": "e81c9350d54f66c6d33b3747ee7b3d91", "number": "8774785043", "date": "2021-01-18 19:27:00", "subject": "0", "recorded-or-robo": "", "city": "", "state": "CO", "area-code": "720"}, {"id": "1d36742e3f24f50e4e7ae828010fbc33", "number": "8774785043", "date": "2021-01-18 19:27:00", "subject": "0", "recorded-or-robo": "", "city": "", "state": "CO", "area-code": "720"}, {"id": "e81c9350d54f66c6d33b3747ee7b32b2", "number": "8031532299", "date": "2021-01-22 16:53:00", "subject": "1", "recorded-or-robo": "Y", "city": "Las Vegas", "state": "NV", "area-code": "702"}, {"id": "e81c9350d54f66c6d33b3747ee7b2cf3", "number": "8332298918", "date": "2021-01-22 04:50:00", "subject": "0", "recorded-or-robo": "Y", "city": "", "state": "TX", "area-code": "817"}, {"id": "1d36742e3f24f50e4e7ae828010fb2b8", "number": "8031532299", "date": "2021-01-22 16:53:00", "subject": "1", "recorded-or-robo": "Y", "city": "Las Vegas", "state": "NV", "area-code": "702"}, {"id": "1d36742e3f24f50e4e7ae828010fad61", "number": "8332298918", "date": "2021-01-22 04:50:00", "subject": "0", "recorded-or-robo": "Y", "city": "", "state": "TX", "area-code": "817"}, {"id": "e81c9350d54f66c6d33b3747ee7b28bf", "number": "2102344193", "date": "2021-01-13 16:32:00", "subject": "3", "recorded-or-robo": "N", "city": "", "state": "TX", "area-code": "210"}, {"id": "e81c9350d54f66c6d33b3747ee7b23f5", "number": "3036337163", "date": "2021-01-22 17:56:00", "subject": "9", "recorded-or-robo": "Y", "city": "Denver", "state": "CO", "area-code": "303"}, {"id": "1d36742e3f24f50e4e7ae828010fab29", "number": "2102344193", "date": "2021-01-13 16:32:00", "subject": "3", "recorded-or-robo": "N", "city": "", "state": "TX", "area-code": "210"}, {"id": "1d36742e3f24f50e4e7ae828010fab28", "number": "3036337163", "date": "2021-01-22 17:56:00", "subject": "9", "recorded-or-robo": "Y", "city": "Denver", "state": "CO", "area-code": "303"}, {"id": "e81c9350d54f66c6d33b3747eea8dd5c", "number": "+18004300848", "date": "2021-01-22 20:02:52", "subject": "3", "recorded-or-robo": "Y", "city": "", "state": "CO", "area-code": "719"}, {"id": "1d36742e3f24f50e4e7ae828013de44f", "number": "+18004300848", "date": "2021-01-22 20:02:52", "subject": "3", "recorded-or-robo": "Y", "city": "", "state": "CO", "area-code": "719"}, {"id": "e81c9350d54f66c6d33b3747eea91b31", "number": "8052386248", "date": "2021-01-22 20:02:40", "subject": "3", "recorded-or-robo": "Y", "city": "", "state": "CA", "area-code": "818"}, {"id": "1d36742e3f24f50e4e7ae828013e2fbc", "number": "8052386248", "date": "2021-01-22 20:02:40", "subject": "3", "recorded-or-robo": "Y", "city": "", "state": "CA", "area-code": "818"}, {"id": "e81c9350d54f66c6d33b3747ee7b1a38", "number": "4138967022", "date": "2021-01-22 17:30:00", "subject": "0", "recorded-or-robo": "", "city": "Southampton", "state": "MA", "area-code": "413"}, {"id": "1d36742e3f24f50e4e7ae828010fa8a0", "number": "4138967022", "date": "2021-01-22 17:30:00", "subject": "0", "recorded-or-robo": "", "city": "Southampton", "state": "MA", "area-code": "413"}, {"id": "e81c9350d54f66c6d33b3747ee7b19b6", "number": "8774785043", "date": "2021-01-19 16:26:00", "subject": "0", "recorded-or-robo": "", "city": "", "state": "CO", "area-code": "720"}, {"id": "1d36742e3f24f50e4e7ae828010fa68d", "number": "8774785043", "date": "2021-01-19 16:26:00", "subject": "0", "recorded-or-robo": "", "city": "", "state": "CO", "area-code": "720"}, {"id": "e81c9350d54f66c6d33b3747ee7b0ceb", "number": "3309133959", "date": "2021-01-22 19:16:00", "subject": "0", "recorded-or-robo": "N", "city": "Columbus", "state": "OH", "area-code": "614"}, {"id": "1d36742e3f24f50e4e7ae828010f97dd", "number": "3309133959", "date": "2021-01-22 19:16:00", "subject": "0", "recorded-or-robo": "N", "city": "Columbus", "state": "OH", "area-code": "614"}, {"id": "e81c9350d54f66c6d33b3747ee7b01eb", "number": "6514183962", "date": "2021-01-21 13:07:00", "subject": "0", "recorded-or-robo": "Y", "city": "", "state": "FL", "area-code": "561"}, {"id": "1d36742e3f24f50e4e7ae828010f8ec9", "number": "6514183962", "date": "2021-01-21 13:07:00", "subject": "0", "recorded-or-robo": "Y", "city": "", "state": "FL", "area-code": "561"}, {"id": "e81c9350d54f66c6d33b3747ee7af311", "number": "2817842297", "date": "2021-01-22 18:59:00", "subject": "7", "recorded-or-robo": "N", "city": "", "state": "TX", "area-code": "281"}, {"id": "1d36742e3f24f50e4e7ae828010f8ded", "number": "2817842297", "date": "2021-01-22 18:59:00", "subject": "7", "recorded-or-robo": "N", "city": "", "state": "TX", "area-code": "281"}, {"id": "e81c9350d54f66c6d33b3747ee7ae41b", "number": "5134931616", "date": "2021-01-21 17:31:00", "subject": "1", "recorded-or-robo": "Y", "city": "Elmwood Park", "state": "IL", "area-code": "708"}, {"id": "1d36742e3f24f50e4e7ae828010f87ec", "number": "5134931616", "date": "2021-01-21 17:31:00", "subject": "1", "recorded-or-robo": "Y", "city": "Elmwood Park", "state": "IL", "area-code": "708"}, {"id": "e81c9350d54f66c6d33b3747ee7adbb4", "number": "8158397851", "date": "2021-01-22 09:52:00", "subject": "0", "recorded-or-robo": "Y", "city": "Downers Grove", "state": "IL", "area-code": "630"}, {"id": "1d36742e3f24f50e4e7ae828010f869b", "number": "8158397851", "date": "2021-01-22 09:52:00", "subject": "0", "recorded-or-robo": "Y", "city": "Downers Grove", "state": "IL", "area-code": "630"}, {"id": "e81c9350d54f66c6d33b3747ee7ad369", "number": "18299460825985551", "date": "2021-01-20 09:42:00", "subject": "0", "recorded-or-robo": "", "city": "", "state": "CO", "area-code": "720"}]}