{"data": [{"id": "3decc6bfadaa436a105714c6ba459a59", "number": "", "date": "2021-01-22 18:08:00", "subject": "7", "recorded-or-robo": "Y", "city": "Middleburg Hts.", "state": "OH", "area-code": "216"}, {"id": "1d36742e3f24f50e4e7ae82801db2b4a", "number": "", "date": "2021-01-22 18:08:00", "subject": "7", "recorded-or-robo": "Y", "city": "Middleburg Hts.", "state": "OH", "area-code": "216"}, {"id": "3decc6bfadaa436a105714c6ba4599cb", "number": "3189878594", "date": "2021-01-23 02:52:00", "subject": "0", "recorded-or-robo": "N", "city": "", "state": "OR", "area-code": "503"}, {"id": "1d36742e3f24f50e4e7ae82801db1ceb", "number": "3189878594", "date": "2021-01-23 02:52:00", "subject": "0", "recorded-or-robo": "N", "city": "", "state": "OR", "area-code": "503"}, {"id": "3decc6bfadaa436a105714c6ba459160", "number": "3152328257", "date": "2021-01-23 14:45:00", "subject": "2", "recorded-or-robo": "Y", "city": "Galveston", "state": "TX", "area-code": "409"}, {"id": "1d36742e3f24f50e4e7ae82801db0fbe", "number": "3152328257", "date": "2021-01-23 14:45:00", "subject": "2", "recorded-or-robo": "Y", "city": "Galveston", "state": "TX", "area-code": "409"}, {"id": "3decc6bfadaa436a105714c6ba456c8f", "number": "6099529856", "date": "2021-01-23 17:50:00", "subject": "3", "recorded-or-robo": "N", "city": "", "state": "NJ", "area-code": "609"}, {"id": "1d36742e3f24f50e4e7ae82801daee82", "number": "6099529856", "date": "2021-01-23 17:50:00", "subject": "3", "recorded-or-robo": "N", "city": "", "state": "NJ", "area-code": "609"}, {"id": "3decc6bfadaa436a105714c6ba458a43", "number": "6158566103", "date": "2021-01-19 06:35:00", "subject": "1", "recorded-or-robo": "Y", "city": "", "state": "CA", "area-code": "310"}, {"id": "1d36742e3f24f50e4e7ae82801db0e2f", "number": "6158566103", "date": "2021-01-19 06:35:00", "subject": "1", "recorded-or-robo": "Y", "city": "", "state": "CA", "area-code": "310"}, {"id": "3decc6bfadaa436a105714c6ba457eb8", "number": "6027133476", "date": "2021-01-21 15:19:00", "subject": "5", "recorded-or-robo": "Y", "city": "SURPRISE", "state": "AZ", "area-code": "602"}, {"id": "1d36742e3f24f50e4e7ae82801db0e0a", "number": "6027133476", "date": "2021-01-21 15:19:00", "subject": "5", "recorded-or-robo": "Y", "city": "SURPRISE", "state": "AZ", "area-code": "602"}, {"id": "3decc6bfadaa436a105714c6ba457967", "number": "6072133619", "date": "2021-01-19 11:16:00", "subject": "2", "recorded-or-robo": "Y", "city": "East Moriches", "state": "NY", "area-code": "631"}, {"id": "1d36742e3f24f50e4e7ae82801db0591", "number": "6072133619", "date": "2021-01-19 11:16:00", "subject": "2", "recorded-or-robo": "Y", "city": "East Moriches", "state": "NY", "area-code": "631"}, {"id": "3decc6bfadaa436a105714c6ba4574f1", "number": "8135568283", "date": "2021-01-23 17:50:00", "subject": "2", "recorded-or-robo": "Y", "city": "sun city center", "state": "FL", "area-code": "813"}, {"id": "1d36742e3f24f50e4e7ae82801daff9e", "number": "8135568283", "date": "2021-01-23 17:50:00", "subject": "2", "recorded-or-robo": "Y", "city": "sun city center", "state": "FL", "area-code": "813"}, {"id": "3decc6bfadaa436a105714c6ba45723d", "number": "7076061006", "date": "2021-01-22 09:00:00", "subject": "2", "recorded-or-robo": "Y", "city": "", "state": "CA", "area-code": "707"}, {"id": "1d36742e3f24f50e4e7ae82801daf1fe", "number": "7076061006", "date": "2021-01-22 09:00:00", "subject": "2", "recorded-or-robo": "Y", "city": "", "state": "CA", "area-code": "707"}, {"id": "3decc6bfadaa436a105714c6ba4504a7", "number": "7027572219", "date": "2021-01-22 08:11:00", "subject": "3", "recorded-or-robo": "N", "city": "", "state": "NV", "area-code": "702"}, {"id": "1d36742e3f24f50e4e7ae82801da778f", "number": "7027572219", "date": "2021-01-22 08:11:00", "subject": "3", "recorded-or-robo": "N", "city": "", "state": "NV", "area-code": "702"}, {"id": "3decc6bfadaa436a105714c6ba456142", "number": "7421794234", "date": "2021-01-23 02:49:00", "subject": "2", "recorded-or-robo": "Y", "city": "San Diego", "state": "CA", "area-code": "619"}, {"id": "1d36742e3f24f50e4e7ae82801dadeb9", "number": "7421794234", "date": "2021-01-23 02:49:00", "subject": "2", "recorded-or-robo": "Y", "city": "San Diego", "state": "CA", "area-code": "619"}, {"id": "3decc6bfadaa436a105714c6ba4551dd", "number": "", "date": "2021-01-22 17:24:00", "subject": "11", "recorded-or-robo": "Y", "city": "Middleburg Hts.", "state": "OH", "area-code": "216"}, {"id": "1d36742e3f24f50e4e7ae82801dad1be", "number": "", "date": "2021-01-22 17:24:00", "subject": "11", "recorded-or-robo": "Y", "city": "Middleburg Hts.", "state": "OH", "area-code": "216"}, {"id": "3decc6bfadaa436a105714c6ba454731", "number": "7073563939", "date": "2021-01-22 13:00:00", "subject": "2", "recorded-or-robo": "Y", "city": "", "state": "CA", "area-code": "707"}, {"id": "1d36742e3f24f50e4e7ae82801dace71", "number": "7073563939", "date": "2021-01-22 13:00:00", "subject": "2", "recorded-or-robo": "Y", "city": "", "state": "CA", "area-code": "707"}, {"id": "3decc6bfadaa436a105714c6ba454153", "number": "4352651156", "date": "2021-01-12 21:39:00", "subject": "3", "recorded-or-robo": "Y", "city": "", "state": "UT", "area-code": "801"}, {"id": "1d36742e3f24f50e4e7ae82801dabf1d", "number": "4352651156", "date": "2021-01-12 21:39:00", "subject": "3", "recorded-or-robo": "Y", "city": "", "state": "UT", "area-code": "801"}, {"id": "3decc6bfadaa436a105714c6ba4538c1", "number": "", "date": "2021-01-23 13:04:00", "subject": "3", "recorded-or-robo": "Y", "city": "Yakima", "state": "WA", "area-code": "509"}, {"id": "1d36742e3f24f50e4e7ae82801daaff6", "number": "", "date": "2021-01-23 13:04:00", "subject": "3", "recorded-or-robo": "Y", "city": "Yakima", "state": "WA", "area-code": "509"}, {"id": "3decc6bfadaa436a105714c6ba453681", "number": "5099285925", "date": "2021-01-23 12:00:00", "subject": "2", "recorded-or-robo": "Y", "city": "Spokane Valley", "state": "WA", "area-code": "509"}, {"id": "1d36742e3f24f50e4e7ae82801daa61c", "number": "5099285925", "date": "2021-01-23 12:00:00", "subject": "2", "recorded-or-robo": "Y", "city": "Spokane Valley", "state": "WA", "area-code": "509"}, {"id": "3decc6bfadaa436a105714c6ba452c7c", "number": "5015092922", "date": "2021-01-20 09:23:00", "subject": "1", "recorded-or-robo": "Y", "city": "", "state": "CA", "area-code": "310"}, {"id": "1d36742e3f24f50e4e7ae82801daa30e", "number": "5015092922", "date": "2021-01-20 09:23:00", "subject": "1", "recorded-or-robo": "Y", "city": "", "state": "CA", "area-code": "310"}, {"id": "3decc6bfadaa436a105714c6ba4528c9", "number": "8172920088", "date": "2021-01-18 04:34:00", "subject": "2", "recorded-or-robo": "N", "city": "Austin", "state": "TX", "area-code": "817"}, {"id": "1d36742e3f24f50e4e7ae82801da9900", "number": "8172920088", "date": "2021-01-18 04:34:00", "subject": "2", "recorded-or-robo": "N", "city": "Austin", "state": "TX", "area-code": "817"}, {"id": "3decc6bfadaa436a105714c6ba4523b7", "number": "7078330368", "date": "2021-01-22 08:00:00", "subject": "2", "recorded-or-robo": "Y", "city": "", "state": "CA", "area-code": "707"}, {"id": "1d36742e3f24f50e4e7ae82801da95b6", "number": "7078330368", "date": "2021-01-22 08:00:00", "subject": "2", "recorded-or-robo": "Y", "city": "", "state": "CA", "area-code": "707"}, {"id": "3decc6bfadaa436a105714c6ba4518fb", "number": "2046801206", "date": "2021-01-23 17:47:00", "subject": "2", "recorded-or-robo": "N", "city": "Independence", "state": "OH", "area-code": "440"}, {"id": "1d36742e3f24f50e4e7ae82801da90f9", "number": "2046801206", "date": "2021-01-23 17:47:00", "subject": "2", "recorded-or-robo": "N", "city": "Independence", "state": "OH", "area-code": "440"}, {"id": "3decc6bfadaa436a105714c6ba450a6c", "number": "6313641231", "date": "2021-01-19 09:47:00", "subject": "2", "recorded-or-robo": "Y", "city": "East Moriches", "state": "NY", "area-code": "631"}, {"id": "1d36742e3f24f50e4e7ae82801da8236", "number": "6313641231", "date": "2021-01-19 09:47:00", "subject": "2", "recorded-or-robo": "Y", "city": "East Moriches", "state": "NY", "area-code": "631"}, {"id": "3decc6bfadaa436a105714c6ba44ce08", "number": "6099486845", "date": "2021-01-23 14:31:00", "subject": "3", "recorded-or-robo": "N", "city": "", "state": "NJ", "area-code": "609"}, {"id": "1d36742e3f24f50e4e7ae82801da529e", "number": "6099486845", "date": "2021-01-23 14:31:00", "subject": "3", "recorded-or-robo": "N", "city": "", "state": "NJ", "area-code": "609"}, {"id": "3decc6bfadaa436a105714c6ba44f869", "number": "5593153589", "date": "2021-01-23 14:19:00", "subject": "0", "recorded-or-robo": "", "city": "Oceanside", "state": "CA", "area-code": "818"}, {"id": "1d36742e3f24f50e4e7ae82801da778c", "number": "5593153589", "date": "2021-01-23 14:19:00", "subject": "0", "recorded-or-robo": "", "city": "Oceanside", "state": "CA", "area-code": "818"}, {"id": "3decc6bfadaa436a105714c6ba44f761", "number": "5403482677", "date": "2021-01-20 12:39:00", "subject": "1", "recorded-or-robo": "Y", "city": "", "state": "CA", "area-code": "310"}, {"id": "1d36742e3f24f50e4e7ae82801da6fe4", "number": "5403482677", "date": "2021-01-20 12:39:00", "subject": "1", "recorded-or-robo": "Y", "city": "", "state": "CA", "area-code": "310"}, {"id": "3decc6bfadaa436a105714c6ba44f380", "number": "5185873575", "date": "2021-01-23 16:45:00", "subject": "1", "recorded-or-robo": "Y", "city": "", "state": "AR", "area-code": "870"}, {"id": "1d36742e3f24f50e4e7ae82801da6c6e", "number": "5185873575", "date": "2021-01-23 16:45:00", "subject": "1", "recorded-or-robo": "Y", "city": "", "state": "AR", "area-code": "870"}]}