{"data": [{"id": "03e293b3df9e35eadf15c561195a0825", "number": "8187258542", "date": "2021-01-22 12:42:00", "subject": "0", "recorded-or-robo": "Y", "city": "SYLMAR,", "state": "CA", "area-code": "818"}, {"id": "3decc6bfadaa436a105714c6bac39994", "number": "3176761064", "date": "2021-01-23 13:05:00", "subject": "2", "recorded-or-robo": "Y", "city": "Providence", "state": "RI", "area-code": "401"}, {"id": "03e293b3df9e35eadf15c5611959fbbe", "number": "3176761064", "date": "2021-01-23 13:05:00", "subject": "2", "recorded-or-robo": "Y", "city": "Providence", "state": "RI", "area-code": "401"}, {"id": "3decc6bfadaa436a105714c6bac398d0", "number": "2012515302", "date": "2021-01-21 11:14:00", "subject": "2", "recorded-or-robo": "", "city": "Hasbrouck Heights", "state": "NJ", "area-code": "201"}, {"id": "03e293b3df9e35eadf15c5611959f9cc", "number": "2012515302", "date": "2021-01-21 11:14:00", "subject": "2", "recorded-or-robo": "", "city": "Hasbrouck Heights", "state": "NJ", "area-code": "201"}, {"id": "3decc6bfadaa436a105714c6bac395dd", "number": "7272518150", "date": "2021-01-24 13:59:00", "subject": "1", "recorded-or-robo": "Y", "city": "Panama City Beach", "state": "FL", "area-code": "727"}, {"id": "03e293b3df9e35eadf15c5611959f96c", "number": "7272518150", "date": "2021-01-24 13:59:00", "subject": "1", "recorded-or-robo": "Y", "city": "Panama City Beach", "state": "FL", "area-code": "727"}, {"id": "3decc6bfadaa436a105714c6bac387b8", "number": "8037874248", "date": "2021-01-23 15:52:00", "subject": "3", "recorded-or-robo": "Y", "city": "Camarillo", "state": "CA", "area-code": "805"}, {"id": "03e293b3df9e35eadf15c5611959f041", "number": "8037874248", "date": "2021-01-23 15:52:00", "subject": "3", "recorded-or-robo": "Y", "city": "Camarillo", "state": "CA", "area-code": "805"}, {"id": "3decc6bfadaa436a105714c6bac38241", "number": "9128756211", "date": "2021-01-22 17:10:00", "subject": "2", "recorded-or-robo": "Y", "city": "Winchester", "state": "KY", "area-code": "859"}, {"id": "03e293b3df9e35eadf15c5611959e749", "number": "9128756211", "date": "2021-01-22 17:10:00", "subject": "2", "recorded-or-robo": "Y", "city": "Winchester", "state": "KY", "area-code": "859"}, {"id": "3decc6bfadaa436a105714c6bac37791", "number": "8185410651", "date": "2021-01-24 10:43:00", "subject": "0", "recorded-or-robo": "Y", "city": "SYLMAR,", "state": "CA", "area-code": "818"}, {"id": "03e293b3df9e35eadf15c5611959dcd3", "number": "8185410651", "date": "2021-01-24 10:43:00", "subject": "0", "recorded-or-robo": "Y", "city": "SYLMAR,", "state": "CA", "area-code": "818"}, {"id": "3decc6bfadaa436a105714c6bac36d52", "number": "2012532893", "date": "2021-01-21 11:47:00", "subject": "2", "recorded-or-robo": "", "city": "Hasbrouck Heights", "state": "NJ", "area-code": "201"}, {"id": "03e293b3df9e35eadf15c5611959d6be", "number": "2012532893", "date": "2021-01-21 11:47:00", "subject": "2", "recorded-or-robo": "", "city": "Hasbrouck Heights", "state": "NJ", "area-code": "201"}, {"id": "3decc6bfadaa436a105714c6bac3607c", "number": "4689830796", "date": "2021-01-20 12:00:00", "subject": "1", "recorded-or-robo": "N", "city": "Grapevine", "state": "TX", "area-code": "817"}, {"id": "03e293b3df9e35eadf15c5611959d0cc", "number": "4689830796", "date": "2021-01-20 12:00:00", "subject": "1", "recorded-or-robo": "N", "city": "Grapevine", "state": "TX", "area-code": "817"}, {"id": "3decc6bfadaa436a105714c6bac35521", "number": "9364171150", "date": "2021-01-24 15:07:00", "subject": "13", "recorded-or-robo": "N", "city": "Brooksville", "state": "FL", "area-code": "727"}, {"id": "03e293b3df9e35eadf15c5611959c808", "number": "9364171150", "date": "2021-01-24 15:07:00", "subject": "13", "recorded-or-robo": "N", "city": "Brooksville", "state": "FL", "area-code": "727"}, {"id": "3decc6bfadaa436a105714c6bac34dce", "number": "2012651707", "date": "2021-01-21 11:56:00", "subject": "2", "recorded-or-robo": "", "city": "Hasbrouck Heights", "state": "NJ", "area-code": "201"}, {"id": "03e293b3df9e35eadf15c5611959b8e4", "number": "2012651707", "date": "2021-01-21 11:56:00", "subject": "2", "recorded-or-robo": "", "city": "Hasbrouck Heights", "state": "NJ", "area-code": "201"}, {"id": "3decc6bfadaa436a105714c6bac33f18", "number": "7272514929", "date": "2021-01-24 13:27:00", "subject": "1", "recorded-or-robo": "Y", "city": "Panama City Beach", "state": "FL", "area-code": "727"}, {"id": "03e293b3df9e35eadf15c5611959aa90", "number": "7272514929", "date": "2021-01-24 13:27:00", "subject": "1", "recorded-or-robo": "Y", "city": "Panama City Beach", "state": "FL", "area-code": "727"}, {"id": "3decc6bfadaa436a105714c6bac33402", "number": "", "date": "2021-01-24 16:57:00", "subject": "3", "recorded-or-robo": "Y", "city": "", "state": "MO", "area-code": "314"}, {"id": "03e293b3df9e35eadf15c56119599dd9", "number": "", "date": "2021-01-24 16:57:00", "subject": "3", "recorded-or-robo": "Y", "city": "", "state": "MO", "area-code": "314"}, {"id": "3decc6bfadaa436a105714c6bac325f0", "number": "3152328257", "date": "2021-01-24 17:00:00", "subject": "11", "recorded-or-robo": "Y", "city": "Afton", "state": "NY", "area-code": "607"}, {"id": "03e293b3df9e35eadf15c561195994fc", "number": "3152328257", "date": "2021-01-24 17:00:00", "subject": "11", "recorded-or-robo": "Y", "city": "Afton", "state": "NY", "area-code": "607"}, {"id": "3decc6bfadaa436a105714c6bac3195f", "number": "2012683483", "date": "2021-01-21 13:37:00", "subject": "2", "recorded-or-robo": "", "city": "Hasbrouck Heights", "state": "NJ", "area-code": "201"}, {"id": "03e293b3df9e35eadf15c561195992dc", "number": "2012683483", "date": "2021-01-21 13:37:00", "subject": "2", "recorded-or-robo": "", "city": "Hasbrouck Heights", "state": "NJ", "area-code": "201"}, {"id": "3decc6bfadaa436a105714c6bac31829", "number": "2245340272", "date": "2021-01-21 13:37:00", "subject": "2", "recorded-or-robo": "", "city": "Hasbrouck Heights", "state": "NJ", "area-code": "201"}, {"id": "03e293b3df9e35eadf15c56119598764", "number": "2245340272", "date": "2021-01-21 13:37:00", "subject": "2", "recorded-or-robo": "", "city": "Hasbrouck Heights", "state": "NJ", "area-code": "201"}, {"id": "3decc6bfadaa436a105714c6bac309af", "number": "4082214599", "date": "2021-01-24 15:15:00", "subject": "2", "recorded-or-robo": "N", "city": "", "state": "CA", "area-code": "209"}, {"id": "03e293b3df9e35eadf15c56119597bd6", "number": "4082214599", "date": "2021-01-24 15:15:00", "subject": "2", "recorded-or-robo": "N", "city": "", "state": "CA", "area-code": "209"}, {"id": "3decc6bfadaa436a105714c6bac2fb3b", "number": "8184337425", "date": "2021-01-24 13:09:00", "subject": "12", "recorded-or-robo": "Y", "city": "SYLMAR,", "state": "CA", "area-code": "818"}, {"id": "03e293b3df9e35eadf15c561195972c8", "number": "8184337425", "date": "2021-01-24 13:09:00", "subject": "12", "recorded-or-robo": "Y", "city": "SYLMAR,", "state": "CA", "area-code": "818"}, {"id": "3decc6bfadaa436a105714c6bac2ed44", "number": "6035895340", "date": "2021-01-20 12:20:00", "subject": "0", "recorded-or-robo": "", "city": "Manchester", "state": "NH", "area-code": "603"}, {"id": "03e293b3df9e35eadf15c56119596c94", "number": "6035895340", "date": "2021-01-20 12:20:00", "subject": "0", "recorded-or-robo": "", "city": "Manchester", "state": "NH", "area-code": "603"}, {"id": "3decc6bfadaa436a105714c6bac2e304", "number": "2012208271", "date": "2021-01-21 15:10:00", "subject": "2", "recorded-or-robo": "", "city": "Hasbrouck Heights", "state": "NJ", "area-code": "201"}, {"id": "03e293b3df9e35eadf15c5611959624f", "number": "2012208271", "date": "2021-01-21 15:10:00", "subject": "2", "recorded-or-robo": "", "city": "Hasbrouck Heights", "state": "NJ", "area-code": "201"}, {"id": "3decc6bfadaa436a105714c6bac2da51", "number": "7272513600", "date": "2021-01-24 11:55:00", "subject": "1", "recorded-or-robo": "Y", "city": "Panama City Beach", "state": "FL", "area-code": "727"}, {"id": "03e293b3df9e35eadf15c56119595d6b", "number": "7272513600", "date": "2021-01-24 11:55:00", "subject": "1", "recorded-or-robo": "Y", "city": "Panama City Beach", "state": "FL", "area-code": "727"}, {"id": "3decc6bfadaa436a105714c6bac2cd07", "number": "2012124012", "date": "2021-01-21 16:40:00", "subject": "2", "recorded-or-robo": "", "city": "Hasbrouck Heights", "state": "NJ", "area-code": "201"}, {"id": "3decc6bfadaa436a105714c6bac2beb1", "number": "7324019934", "date": "2021-01-24 16:24:00", "subject": "0", "recorded-or-robo": "N", "city": "", "state": "NJ", "area-code": "732"}, {"id": "03e293b3df9e35eadf15c56119595939", "number": "2012124012", "date": "2021-01-21 16:40:00", "subject": "2", "recorded-or-robo": "", "city": "Hasbrouck Heights", "state": "NJ", "area-code": "201"}, {"id": "03e293b3df9e35eadf15c561195957f8", "number": "7324019934", "date": "2021-01-24 16:24:00", "subject": "0", "recorded-or-robo": "N", "city": "", "state": "NJ", "area-code": "732"}, {"id": "3decc6bfadaa436a105714c6bac2bc49", "number": "8183309262", "date": "2021-01-24 13:08:00", "subject": "12", "recorded-or-robo": "Y", "city": "SYLMAR,", "state": "CA", "area-code": "818"}, {"id": "03e293b3df9e35eadf15c56119594e7b", "number": "8183309262", "date": "2021-01-24 13:08:00", "subject": "12", "recorded-or-robo": "Y", "city": "SYLMAR,", "state": "CA", "area-code": "818"}, {"id": "3decc6bfadaa436a105714c6bac2ae76", "number": "2012312819", "date": "2021-01-21 17:09:00", "subject": "2", "recorded-or-robo": "", "city": "Hasbrouck Heights", "state": "NJ", "area-code": "201"}, {"id": "03e293b3df9e35eadf15c5611959427d", "number": "2012312819", "date": "2021-01-21 17:09:00", "subject": "2", "recorded-or-robo": "", "city": "Hasbrouck Heights", "state": "NJ", "area-code": "201"}, {"id": "3decc6bfadaa436a105714c6bac2ae1b", "number": "3145173849", "date": "2021-01-24 17:05:00", "subject": "2", "recorded-or-robo": "Y", "city": "SAINT LOUIS", "state": "MO", "area-code": "314"}]}