{"data": [{"id": "3decc6bfadaa436a105714c6ba488dbc", "number": "2243195584", "date": "2021-01-23 18:05:00", "subject": "9", "recorded-or-robo": "Y", "city": "Brooklyn,", "state": "NY", "area-code": "917"}, {"id": "1d36742e3f24f50e4e7ae82801de89d4", "number": "2243195584", "date": "2021-01-23 18:05:00", "subject": "9", "recorded-or-robo": "Y", "city": "Brooklyn,", "state": "NY", "area-code": "917"}, {"id": "3decc6bfadaa436a105714c6ba4888ec", "number": "", "date": "2021-01-22 17:04:00", "subject": "11", "recorded-or-robo": "Y", "city": "Inverness", "state": "FL", "area-code": "352"}, {"id": "1d36742e3f24f50e4e7ae82801de8242", "number": "", "date": "2021-01-22 17:04:00", "subject": "11", "recorded-or-robo": "Y", "city": "Inverness", "state": "FL", "area-code": "352"}, {"id": "3decc6bfadaa436a105714c6ba487e37", "number": "5099286851", "date": "2021-01-23 15:11:00", "subject": "1", "recorded-or-robo": "Y", "city": "SPOKANE VALLEY", "state": "WA", "area-code": "509"}, {"id": "1d36742e3f24f50e4e7ae82801de7de3", "number": "5099286851", "date": "2021-01-23 15:11:00", "subject": "1", "recorded-or-robo": "Y", "city": "SPOKANE VALLEY", "state": "WA", "area-code": "509"}, {"id": "3decc6bfadaa436a105714c6ba7cc02b", "number": "5412371814", "date": "2021-01-23 18:16:37", "subject": "3", "recorded-or-robo": "Y", "city": "", "state": "OR", "area-code": "541"}, {"id": "03e293b3df9e35eadf15c56119134a28", "number": "5412371814", "date": "2021-01-23 18:16:37", "subject": "3", "recorded-or-robo": "Y", "city": "", "state": "OR", "area-code": "541"}, {"id": "3decc6bfadaa436a105714c6ba486e88", "number": "", "date": "2021-01-23 13:41:00", "subject": "1", "recorded-or-robo": "Y", "city": "Spokane", "state": "WA", "area-code": "509"}, {"id": "1d36742e3f24f50e4e7ae82801de6fa9", "number": "", "date": "2021-01-23 13:41:00", "subject": "1", "recorded-or-robo": "Y", "city": "Spokane", "state": "WA", "area-code": "509"}, {"id": "3decc6bfadaa436a105714c6ba486104", "number": "", "date": "2021-01-23 10:45:00", "subject": "2", "recorded-or-robo": "N", "city": "", "state": "MO", "area-code": "314"}, {"id": "1d36742e3f24f50e4e7ae82801de6dc7", "number": "", "date": "2021-01-23 10:45:00", "subject": "2", "recorded-or-robo": "N", "city": "", "state": "MO", "area-code": "314"}, {"id": "3decc6bfadaa436a105714c6ba485cee", "number": "7167801909", "date": "2021-01-13 10:17:00", "subject": "3", "recorded-or-robo": "Y", "city": "", "state": "NY", "area-code": "716"}, {"id": "1d36742e3f24f50e4e7ae82801de670b", "number": "7167801909", "date": "2021-01-13 10:17:00", "subject": "3", "recorded-or-robo": "Y", "city": "", "state": "NY", "area-code": "716"}, {"id": "3decc6bfadaa436a105714c6ba485897", "number": "3324567235", "date": "2021-01-23 16:03:00", "subject": "11", "recorded-or-robo": "Y", "city": "Texas", "state": "TX", "area-code": "409"}, {"id": "1d36742e3f24f50e4e7ae82801de5f27", "number": "3324567235", "date": "2021-01-23 16:03:00", "subject": "11", "recorded-or-robo": "Y", "city": "Texas", "state": "TX", "area-code": "409"}, {"id": "3decc6bfadaa436a105714c6ba7cb412", "number": "5413209986", "date": "2021-01-23 18:15:54", "subject": "3", "recorded-or-robo": "Y", "city": "", "state": "OR", "area-code": "541"}, {"id": "03e293b3df9e35eadf15c56119134532", "number": "5413209986", "date": "2021-01-23 18:15:54", "subject": "3", "recorded-or-robo": "Y", "city": "", "state": "OR", "area-code": "541"}, {"id": "3decc6bfadaa436a105714c6ba484a2f", "number": "9378339250", "date": "2021-01-22 18:58:00", "subject": "0", "recorded-or-robo": "Y", "city": "Dayton", "state": "OH", "area-code": "937"}, {"id": "1d36742e3f24f50e4e7ae82801de5593", "number": "9378339250", "date": "2021-01-22 18:58:00", "subject": "0", "recorded-or-robo": "Y", "city": "Dayton", "state": "OH", "area-code": "937"}, {"id": "3decc6bfadaa436a105714c6ba483a8d", "number": "4093846796", "date": "2021-01-23 15:13:00", "subject": "5", "recorded-or-robo": "Y", "city": "", "state": "TX", "area-code": "409"}, {"id": "1d36742e3f24f50e4e7ae82801de4779", "number": "4093846796", "date": "2021-01-23 15:13:00", "subject": "5", "recorded-or-robo": "Y", "city": "", "state": "TX", "area-code": "409"}, {"id": "3decc6bfadaa436a105714c6ba483556", "number": "7163035377", "date": "2021-01-14 08:51:00", "subject": "3", "recorded-or-robo": "Y", "city": "", "state": "NY", "area-code": "716"}, {"id": "1d36742e3f24f50e4e7ae82801de3f51", "number": "7163035377", "date": "2021-01-14 08:51:00", "subject": "3", "recorded-or-robo": "Y", "city": "", "state": "NY", "area-code": "716"}, {"id": "3decc6bfadaa436a105714c6ba483188", "number": "3152328257", "date": "2021-01-23 13:31:00", "subject": "2", "recorded-or-robo": "Y", "city": "", "state": "WA", "area-code": "509"}, {"id": "1d36742e3f24f50e4e7ae82801de36e2", "number": "3152328257", "date": "2021-01-23 13:31:00", "subject": "2", "recorded-or-robo": "Y", "city": "", "state": "WA", "area-code": "509"}, {"id": "3decc6bfadaa436a105714c6ba48287c", "number": "5512535914", "date": "2021-01-23 10:08:00", "subject": "0", "recorded-or-robo": "", "city": "", "state": "NJ", "area-code": "201"}, {"id": "1d36742e3f24f50e4e7ae82801de2ade", "number": "5512535914", "date": "2021-01-23 10:08:00", "subject": "0", "recorded-or-robo": "", "city": "", "state": "NJ", "area-code": "201"}, {"id": "3decc6bfadaa436a105714c6ba48206e", "number": "", "date": "2021-01-16 09:12:00", "subject": "0", "recorded-or-robo": "Y", "city": "Spring", "state": "TX", "area-code": "936"}, {"id": "1d36742e3f24f50e4e7ae82801de291b", "number": "", "date": "2021-01-16 09:12:00", "subject": "0", "recorded-or-robo": "Y", "city": "Spring", "state": "TX", "area-code": "936"}, {"id": "3decc6bfadaa436a105714c6ba481574", "number": "7163280631", "date": "2021-01-15 08:09:00", "subject": "3", "recorded-or-robo": "Y", "city": "", "state": "NY", "area-code": "716"}, {"id": "1d36742e3f24f50e4e7ae82801de21c3", "number": "7163280631", "date": "2021-01-15 08:09:00", "subject": "3", "recorded-or-robo": "Y", "city": "", "state": "NY", "area-code": "716"}, {"id": "3decc6bfadaa436a105714c6ba480ee7", "number": "9252844687", "date": "2021-01-23 14:57:00", "subject": "2", "recorded-or-robo": "Y", "city": "Concord", "state": "CA", "area-code": "925"}, {"id": "1d36742e3f24f50e4e7ae82801de1daa", "number": "9252844687", "date": "2021-01-23 14:57:00", "subject": "2", "recorded-or-robo": "Y", "city": "Concord", "state": "CA", "area-code": "925"}, {"id": "3decc6bfadaa436a105714c6ba480cc9", "number": "", "date": "2021-01-23 14:34:00", "subject": "1", "recorded-or-robo": "Y", "city": "Spokane", "state": "WA", "area-code": "509"}, {"id": "1d36742e3f24f50e4e7ae82801de1521", "number": "", "date": "2021-01-23 14:34:00", "subject": "1", "recorded-or-robo": "Y", "city": "Spokane", "state": "WA", "area-code": "509"}, {"id": "3decc6bfadaa436a105714c6ba480ca7", "number": "9544336860", "date": "2021-01-23 10:56:00", "subject": "0", "recorded-or-robo": "", "city": "", "state": "NJ", "area-code": "201"}, {"id": "1d36742e3f24f50e4e7ae82801de0b5f", "number": "9544336860", "date": "2021-01-23 10:56:00", "subject": "0", "recorded-or-robo": "", "city": "", "state": "NJ", "area-code": "201"}, {"id": "3decc6bfadaa436a105714c6ba480a40", "number": "5099284240", "date": "2021-01-23 13:50:00", "subject": "1", "recorded-or-robo": "Y", "city": "Spokane Valley", "state": "WA", "area-code": "509"}, {"id": "1d36742e3f24f50e4e7ae82801de06d5", "number": "5099284240", "date": "2021-01-23 13:50:00", "subject": "1", "recorded-or-robo": "Y", "city": "Spokane Valley", "state": "WA", "area-code": "509"}, {"id": "3decc6bfadaa436a105714c6ba47fe5f", "number": "5085715554", "date": "2021-01-16 10:03:00", "subject": "1", "recorded-or-robo": "Y", "city": "Barrington", "state": "RI", "area-code": "979"}, {"id": "1d36742e3f24f50e4e7ae82801ddf8f9", "number": "5085715554", "date": "2021-01-16 10:03:00", "subject": "1", "recorded-or-robo": "Y", "city": "Barrington", "state": "RI", "area-code": "979"}, {"id": "3decc6bfadaa436a105714c6ba47f40c", "number": "7164315795", "date": "2021-01-18 10:21:00", "subject": "3", "recorded-or-robo": "Y", "city": "", "state": "NY", "area-code": "716"}, {"id": "1d36742e3f24f50e4e7ae82801ddf6b5", "number": "7164315795", "date": "2021-01-18 10:21:00", "subject": "3", "recorded-or-robo": "Y", "city": "", "state": "NY", "area-code": "716"}, {"id": "3decc6bfadaa436a105714c6ba47eb82", "number": "2064798186", "date": "2021-01-23 12:00:00", "subject": "2", "recorded-or-robo": "N", "city": "Greenacres", "state": "WA", "area-code": "509"}, {"id": "1d36742e3f24f50e4e7ae82801ddf335", "number": "2064798186", "date": "2021-01-23 12:00:00", "subject": "2", "recorded-or-robo": "N", "city": "Greenacres", "state": "WA", "area-code": "509"}, {"id": "3decc6bfadaa436a105714c6ba47e6fe", "number": "6464804898", "date": "2021-01-23 00:00:00", "subject": "0", "recorded-or-robo": "", "city": "Annapolis", "state": "MD", "area-code": "410"}, {"id": "1d36742e3f24f50e4e7ae82801dde8d9", "number": "6464804898", "date": "2021-01-23 00:00:00", "subject": "0", "recorded-or-robo": "", "city": "Annapolis", "state": "MD", "area-code": "410"}, {"id": "3decc6bfadaa436a105714c6ba47e5ad", "number": "3152328257", "date": "2021-01-23 14:20:00", "subject": "11", "recorded-or-robo": "Y", "city": "Ellensburg", "state": "WA", "area-code": "509"}, {"id": "1d36742e3f24f50e4e7ae82801ddda0b", "number": "3152328257", "date": "2021-01-23 14:20:00", "subject": "11", "recorded-or-robo": "Y", "city": "Ellensburg", "state": "WA", "area-code": "509"}]}