{"data": [{"id": "490dde24b259add1335244cd1b229993", "number": "7632807743", "date": "2021-01-26 10:11:00", "subject": "2", "recorded-or-robo": "Y", "city": "Plymouth", "state": "MN", "area-code": "763"}, {"id": "490dde24b259add1335244cd1b228ef6", "number": "7066085259", "date": "2021-01-25 16:36:00", "subject": "2", "recorded-or-robo": "Y", "city": "Cornelia", "state": "GA", "area-code": "706"}, {"id": "490dde24b259add1335244cd1b227f48", "number": "4063003510", "date": "2021-01-26 11:12:00", "subject": "4", "recorded-or-robo": "Y", "city": "", "state": "MT", "area-code": "406"}, {"id": "490dde24b259add1335244cd1b2270a7", "number": "5127598352", "date": "2021-01-26 10:12:00", "subject": "1", "recorded-or-robo": "Y", "city": "Leander", "state": "TX", "area-code": "512"}, {"id": "490dde24b259add1335244cd1b22626a", "number": "2702553039", "date": "2021-01-21 15:52:00", "subject": "4", "recorded-or-robo": "Y", "city": "adolphus", "state": "KY", "area-code": "270"}, {"id": "490dde24b259add1335244cd1b21b4e6", "number": "8142396041", "date": "2021-01-26 09:09:00", "subject": "3", "recorded-or-robo": "N", "city": "", "state": "PA", "area-code": "814"}, {"id": "490dde24b259add1335244cd1b225d31", "number": "7079270162", "date": "2021-01-26 07:28:00", "subject": "3", "recorded-or-robo": "Y", "city": "", "state": "CA", "area-code": "707"}, {"id": "490dde24b259add1335244cd1b22533d", "number": "5087418823", "date": "2021-01-26 11:10:00", "subject": "1", "recorded-or-robo": "Y", "city": "", "state": "MA", "area-code": "508"}, {"id": "490dde24b259add1335244cd1b224718", "number": "6316136503", "date": "2021-01-26 11:08:00", "subject": "1", "recorded-or-robo": "Y", "city": "Severn", "state": "MD", "area-code": "631"}, {"id": "490dde24b259add1335244cd1b22428a", "number": "8883023380", "date": "2021-01-26 10:06:00", "subject": "2", "recorded-or-robo": "", "city": "", "state": "IL", "area-code": "847"}, {"id": "490dde24b259add1335244cd1b223d4a", "number": "3365372311", "date": "2021-01-24 16:08:00", "subject": "2", "recorded-or-robo": "", "city": "Herndon", "state": "VA", "area-code": "607"}, {"id": "490dde24b259add1335244cd1b223907", "number": "5074362432", "date": "2021-01-19 15:58:00", "subject": "4", "recorded-or-robo": "N", "city": "Owatonna", "state": "MN", "area-code": "507"}, {"id": "490dde24b259add1335244cd1b222e6d", "number": "8002846329", "date": "2021-01-25 18:12:00", "subject": "6", "recorded-or-robo": "Y", "city": "Jefferson", "state": "GA", "area-code": "770"}, {"id": "490dde24b259add1335244cd1b2223e4", "number": "4697976453", "date": "2021-01-26 08:08:00", "subject": "3", "recorded-or-robo": "Y", "city": "", "state": "WA", "area-code": "206"}, {"id": "490dde24b259add1335244cd1b221852", "number": "", "date": "2021-01-22 12:10:00", "subject": "2", "recorded-or-robo": "Y", "city": "", "state": "CT", "area-code": "203"}, {"id": "490dde24b259add1335244cd1b220e95", "number": "3019333186", "date": "2021-01-25 11:38:00", "subject": "2", "recorded-or-robo": "", "city": "Gaithersburg", "state": "MD", "area-code": "301"}, {"id": "490dde24b259add1335244cd1b22094d", "number": "7158041014", "date": "2021-01-26 10:45:00", "subject": "1", "recorded-or-robo": "Y", "city": "", "state": "MA", "area-code": "508"}, {"id": "490dde24b259add1335244cd1b22061e", "number": "5404219902", "date": "2021-01-26 10:06:00", "subject": "1", "recorded-or-robo": "Y", "city": "New Market", "state": "VA", "area-code": "540"}, {"id": "490dde24b259add1335244cd1b2204cd", "number": "7206408616", "date": "2021-01-26 09:07:00", "subject": "3", "recorded-or-robo": "Y", "city": "", "state": "CO", "area-code": "303"}, {"id": "490dde24b259add1335244cd1b21fd6a", "number": "5412371073", "date": "2021-01-26 09:09:00", "subject": "4", "recorded-or-robo": "Y", "city": "Cave Creek", "state": "AZ", "area-code": "480"}, {"id": "490dde24b259add1335244cd1b21e41f", "number": "9545052718", "date": "2021-01-26 10:12:00", "subject": "4", "recorded-or-robo": "Y", "city": "tamarac", "state": "FL", "area-code": "954"}, {"id": "490dde24b259add1335244cd1b21d9ba", "number": "", "date": "2021-01-26 11:01:00", "subject": "7", "recorded-or-robo": "Y", "city": "", "state": "CT", "area-code": "203"}, {"id": "490dde24b259add1335244cd1b21cc38", "number": "6466321334", "date": "2021-01-26 11:07:00", "subject": "2", "recorded-or-robo": "N", "city": "", "state": "NY", "area-code": "347"}, {"id": "490dde24b259add1335244cd1b21c267", "number": "8107325810", "date": "2020-12-14 13:19:00", "subject": "3", "recorded-or-robo": "Y", "city": "Irvington", "state": "NJ", "area-code": "973"}, {"id": "490dde24b259add1335244cd1b21bf4e", "number": "8137932503", "date": "2021-01-26 09:07:00", "subject": "4", "recorded-or-robo": "Y", "city": "santa fe", "state": "NM", "area-code": "505"}, {"id": "490dde24b259add1335244cd1b21ac54", "number": "6072933487", "date": "2021-01-22 18:01:00", "subject": "5", "recorded-or-robo": "Y", "city": "Herndon", "state": "VA", "area-code": "607"}, {"id": "490dde24b259add1335244cd1b21ab9b", "number": "4342739673", "date": "2021-01-20 14:25:00", "subject": "2", "recorded-or-robo": "Y", "city": "Amherst", "state": "VA", "area-code": "434"}, {"id": "490dde24b259add1335244cd1b219fb3", "number": "2672882064", "date": "2021-01-26 10:54:00", "subject": "2", "recorded-or-robo": "Y", "city": "Waterford", "state": "CT", "area-code": "860"}, {"id": "490dde24b259add1335244cd1b219491", "number": "37065003840", "date": "2021-01-22 23:31:00", "subject": "0", "recorded-or-robo": "Y", "city": "Janesville", "state": "WI", "area-code": "608"}, {"id": "490dde24b259add1335244cd1b21876d", "number": "", "date": "2021-01-26 10:49:00", "subject": "4", "recorded-or-robo": "N", "city": "Cincinnati", "state": "OH", "area-code": "513"}, {"id": "490dde24b259add1335244cd1b217a28", "number": "", "date": "2021-01-26 10:30:00", "subject": "4", "recorded-or-robo": "Y", "city": "Madison", "state": "CT", "area-code": "203"}, {"id": "490dde24b259add1335244cd1b216a60", "number": "7158041017", "date": "2021-01-26 09:45:00", "subject": "1", "recorded-or-robo": "Y", "city": "Omaha", "state": "NE", "area-code": "402"}, {"id": "490dde24b259add1335244cd1b216a09", "number": "5072293919", "date": "2021-01-21 12:47:00", "subject": "4", "recorded-or-robo": "N", "city": "Owatonna", "state": "MN", "area-code": "507"}, {"id": "490dde24b259add1335244cd1b216241", "number": "7179540157", "date": "2021-01-26 11:09:00", "subject": "4", "recorded-or-robo": "Y", "city": "N Chesterfield", "state": "VA", "area-code": "305"}, {"id": "490dde24b259add1335244cd1b2152b0", "number": "2675733284", "date": "2021-01-25 10:47:00", "subject": "2", "recorded-or-robo": "", "city": "Gaithersburg", "state": "MD", "area-code": "301"}, {"id": "490dde24b259add1335244cd1b2146e9", "number": "", "date": "2021-01-26 00:00:00", "subject": "2", "recorded-or-robo": "Y", "city": "", "state": "TX", "area-code": "210"}, {"id": "490dde24b259add1335244cd1b214684", "number": "9373481732", "date": "2021-01-26 10:56:00", "subject": "0", "recorded-or-robo": "Y", "city": "", "state": "OH", "area-code": "937"}, {"id": "490dde24b259add1335244cd1b213e11", "number": "2089068504", "date": "2021-01-25 09:20:00", "subject": "2", "recorded-or-robo": "Y", "city": "Boise", "state": "ID", "area-code": "208"}, {"id": "490dde24b259add1335244cd1b2138b3", "number": "7325053387", "date": "2021-01-25 17:51:00", "subject": "0", "recorded-or-robo": "Y", "city": "", "state": "NJ", "area-code": "732"}, {"id": "490dde24b259add1335244cd1b212a87", "number": "2183948691", "date": "2021-01-26 10:09:00", "subject": "4", "recorded-or-robo": "Y", "city": "Bemidji", "state": "MN", "area-code": "218"}, {"id": "490dde24b259add1335244cd1b211ff0", "number": "9372301153", "date": "2021-01-26 08:58:00", "subject": "2", "recorded-or-robo": "Y", "city": "", "state": "OH", "area-code": "937"}, {"id": "490dde24b259add1335244cd1b211620", "number": "7325723410", "date": "2021-01-26 11:08:00", "subject": "2", "recorded-or-robo": "N", "city": "Long Branch", "state": "NJ", "area-code": "732"}, {"id": "490dde24b259add1335244cd1b211146", "number": "5704236573", "date": "2021-01-26 11:08:00", "subject": "2", "recorded-or-robo": "Y", "city": "Hallstead", "state": "PA", "area-code": "570"}, {"id": "490dde24b259add1335244cd1b2102cc", "number": "", "date": "2021-01-20 11:54:00", "subject": "2", "recorded-or-robo": "Y", "city": "", "state": "CT", "area-code": "860"}, {"id": "490dde24b259add1335244cd1b20f69c", "number": "7325644921", "date": "2020-12-09 13:36:00", "subject": "8", "recorded-or-robo": "Y", "city": "Irvington", "state": "NJ", "area-code": "973"}, {"id": "490dde24b259add1335244cd1b20eac4", "number": "6075880043", "date": "2021-01-21 15:39:00", "subject": "0", "recorded-or-robo": "", "city": "Herndon", "state": "VA", "area-code": "607"}, {"id": "490dde24b259add1335244cd1b20e6a4", "number": "3043531578", "date": "2021-01-25 13:47:00", "subject": "0", "recorded-or-robo": "Y", "city": "", "state": "NC", "area-code": "336"}, {"id": "490dde24b259add1335244cd1b20db32", "number": "8704643070", "date": "2021-01-25 14:44:00", "subject": "2", "recorded-or-robo": "Y", "city": "Central Point", "state": "OR", "area-code": "541"}, {"id": "490dde24b259add1335244cd1b20cd3b", "number": "9195902066", "date": "2021-01-26 10:25:00", "subject": "7", "recorded-or-robo": "Y", "city": "Raleigh", "state": "NC", "area-code": "919"}, {"id": "490dde24b259add1335244cd1b20c164", "number": "5022155208", "date": "2021-01-21 10:38:00", "subject": "2", "recorded-or-robo": "Y", "city": "adolphus", "state": "KY", "area-code": "270"}]}