{"data": [{"id": "1d36742e3f24f50e4e7ae828015bbf7b", "number": "3372328211", "date": "2021-01-21 08:00:00", "subject": "3", "recorded-or-robo": "N", "city": "", "state": "LA", "area-code": "337"}, {"id": "e81c9350d54f66c6d33b3747ee3a5f75", "number": "4806726574", "date": "2021-01-22 15:02:00", "subject": "12", "recorded-or-robo": "Y", "city": "Scottsdale", "state": "AZ", "area-code": "480"}, {"id": "e81c9350d54f66c6d33b3747ee3a5442", "number": "9516667506", "date": "2021-01-22 15:39:00", "subject": "6", "recorded-or-robo": "Y", "city": "Riverside", "state": "CA", "area-code": "951"}, {"id": "deca54a6651fb9add5b4a9816ccf0f8d", "number": "4806726574", "date": "2021-01-22 15:02:00", "subject": "12", "recorded-or-robo": "Y", "city": "Scottsdale", "state": "AZ", "area-code": "480"}, {"id": "deca54a6651fb9add5b4a9816ccf0113", "number": "9516667506", "date": "2021-01-22 15:39:00", "subject": "6", "recorded-or-robo": "Y", "city": "Riverside", "state": "CA", "area-code": "951"}, {"id": "e81c9350d54f66c6d33b3747ee3a425d", "number": "2676014784", "date": "2021-01-20 18:27:00", "subject": "0", "recorded-or-robo": "N", "city": "philadelphia", "state": "PA", "area-code": "215"}, {"id": "deca54a6651fb9add5b4a9816ccef708", "number": "2676014784", "date": "2021-01-20 18:27:00", "subject": "0", "recorded-or-robo": "N", "city": "philadelphia", "state": "PA", "area-code": "215"}, {"id": "e81c9350d54f66c6d33b3747ee3a334f", "number": "", "date": "2021-01-22 09:00:00", "subject": "0", "recorded-or-robo": "Y", "city": "", "state": "GA", "area-code": "470"}, {"id": "deca54a6651fb9add5b4a9816ccee990", "number": "", "date": "2021-01-22 09:00:00", "subject": "0", "recorded-or-robo": "Y", "city": "", "state": "GA", "area-code": "470"}, {"id": "e81c9350d54f66c6d33b3747ee3a2b54", "number": "5716002581", "date": "2021-01-20 17:04:00", "subject": "4", "recorded-or-robo": "Y", "city": "Fredericksburg", "state": "VA", "area-code": "540"}, {"id": "deca54a6651fb9add5b4a9816ccee5fb", "number": "5716002581", "date": "2021-01-20 17:04:00", "subject": "4", "recorded-or-robo": "Y", "city": "Fredericksburg", "state": "VA", "area-code": "540"}, {"id": "e81c9350d54f66c6d33b3747ee9e2422", "number": "+18003477000", "date": "2021-01-22 18:41:50", "subject": "3", "recorded-or-robo": "N", "city": "", "state": "CA", "area-code": "760"}, {"id": "1d36742e3f24f50e4e7ae828013332c3", "number": "+18003477000", "date": "2021-01-22 18:41:50", "subject": "3", "recorded-or-robo": "N", "city": "", "state": "CA", "area-code": "760"}, {"id": "e81c9350d54f66c6d33b3747ee3a1cf1", "number": "8008196125", "date": "2021-01-22 11:43:00", "subject": "2", "recorded-or-robo": "Y", "city": "Clovis", "state": "CA", "area-code": "559"}, {"id": "deca54a6651fb9add5b4a9816cceddca", "number": "8008196125", "date": "2021-01-22 11:43:00", "subject": "2", "recorded-or-robo": "Y", "city": "Clovis", "state": "CA", "area-code": "559"}, {"id": "e81c9350d54f66c6d33b3747ee3a0995", "number": "3463811394", "date": "2021-01-22 15:12:00", "subject": "1", "recorded-or-robo": "Y", "city": "Glendale", "state": "AZ", "area-code": "623"}, {"id": "e81c9350d54f66c6d33b3747ee3a04d0", "number": "9286437306", "date": "2021-01-22 15:04:00", "subject": "2", "recorded-or-robo": "N", "city": "San Diego", "state": "CA", "area-code": "858"}, {"id": "deca54a6651fb9add5b4a9816ccecd24", "number": "3463811394", "date": "2021-01-22 15:12:00", "subject": "1", "recorded-or-robo": "Y", "city": "Glendale", "state": "AZ", "area-code": "623"}, {"id": "deca54a6651fb9add5b4a9816ccec353", "number": "9286437306", "date": "2021-01-22 15:04:00", "subject": "2", "recorded-or-robo": "N", "city": "San Diego", "state": "CA", "area-code": "858"}, {"id": "e81c9350d54f66c6d33b3747ee39fee6", "number": "5106453710", "date": "2021-01-22 15:37:00", "subject": "2", "recorded-or-robo": "Y", "city": "Bakersfield", "state": "CA", "area-code": "661"}, {"id": "deca54a6651fb9add5b4a9816ccebd9f", "number": "5106453710", "date": "2021-01-22 15:37:00", "subject": "2", "recorded-or-robo": "Y", "city": "Bakersfield", "state": "CA", "area-code": "661"}, {"id": "e81c9350d54f66c6d33b3747ee39fae0", "number": "2678280997", "date": "2021-01-22 09:31:00", "subject": "2", "recorded-or-robo": "Y", "city": "Boyertown", "state": "SC", "area-code": "610"}, {"id": "deca54a6651fb9add5b4a9816ccebd85", "number": "2678280997", "date": "2021-01-22 09:31:00", "subject": "2", "recorded-or-robo": "Y", "city": "Boyertown", "state": "SC", "area-code": "610"}, {"id": "e81c9350d54f66c6d33b3747ee9e1702", "number": "3862440006", "date": "2021-01-22 18:41:28", "subject": "3", "recorded-or-robo": "Y", "city": "", "state": "FL", "area-code": "386"}, {"id": "e81c9350d54f66c6d33b3747ee39f2a7", "number": "9205421181", "date": "2021-01-22 17:34:00", "subject": "4", "recorded-or-robo": "Y", "city": "", "state": "WI", "area-code": "920"}, {"id": "deca54a6651fb9add5b4a9816cceb9ff", "number": "9205421181", "date": "2021-01-22 17:34:00", "subject": "4", "recorded-or-robo": "Y", "city": "", "state": "WI", "area-code": "920"}, {"id": "1d36742e3f24f50e4e7ae82801332be2", "number": "3862440006", "date": "2021-01-22 18:41:28", "subject": "3", "recorded-or-robo": "Y", "city": "", "state": "FL", "area-code": "386"}, {"id": "e81c9350d54f66c6d33b3747ee9df9bd", "number": "3862440006", "date": "2021-01-22 18:41:27", "subject": "3", "recorded-or-robo": "Y", "city": "", "state": "FL", "area-code": "386"}, {"id": "1d36742e3f24f50e4e7ae82801331064", "number": "3862440006", "date": "2021-01-22 18:41:27", "subject": "3", "recorded-or-robo": "Y", "city": "", "state": "FL", "area-code": "386"}, {"id": "e81c9350d54f66c6d33b3747ee39ebb2", "number": "2547803069", "date": "2021-01-22 14:22:00", "subject": "2", "recorded-or-robo": "Y", "city": "Belton", "state": "TX", "area-code": "254"}, {"id": "deca54a6651fb9add5b4a9816cceae1e", "number": "2547803069", "date": "2021-01-22 14:22:00", "subject": "2", "recorded-or-robo": "Y", "city": "Belton", "state": "TX", "area-code": "254"}, {"id": "e81c9350d54f66c6d33b3747ee9dea90", "number": "+19092839625", "date": "2021-01-22 18:41:23", "subject": "3", "recorded-or-robo": "Y", "city": "", "state": "TX", "area-code": "682"}, {"id": "1d36742e3f24f50e4e7ae8280132f5d6", "number": "+19092839625", "date": "2021-01-22 18:41:23", "subject": "3", "recorded-or-robo": "Y", "city": "", "state": "TX", "area-code": "682"}, {"id": "e81c9350d54f66c6d33b3747ee39e2da", "number": "7034940289", "date": "2021-01-21 09:58:00", "subject": "9", "recorded-or-robo": "N", "city": "Fredericksburg", "state": "VA", "area-code": "540"}, {"id": "deca54a6651fb9add5b4a9816ccea15c", "number": "7034940289", "date": "2021-01-21 09:58:00", "subject": "9", "recorded-or-robo": "N", "city": "Fredericksburg", "state": "VA", "area-code": "540"}, {"id": "e81c9350d54f66c6d33b3747ee9dd1cf", "number": "+18452057250", "date": "2021-01-22 18:41:16", "subject": "3", "recorded-or-robo": "Y", "city": "", "state": "OH", "area-code": "440"}, {"id": "1d36742e3f24f50e4e7ae8280132dcd7", "number": "+18452057250", "date": "2021-01-22 18:41:16", "subject": "3", "recorded-or-robo": "Y", "city": "", "state": "OH", "area-code": "440"}, {"id": "e81c9350d54f66c6d33b3747ee39d51d", "number": "3615708160", "date": "2021-01-22 17:32:00", "subject": "3", "recorded-or-robo": "Y", "city": "", "state": "IL", "area-code": "773"}, {"id": "deca54a6651fb9add5b4a9816cce9e80", "number": "3615708160", "date": "2021-01-22 17:32:00", "subject": "3", "recorded-or-robo": "Y", "city": "", "state": "IL", "area-code": "773"}, {"id": "e81c9350d54f66c6d33b3747ee39c62f", "number": "8175911239", "date": "2021-01-22 15:04:00", "subject": "1", "recorded-or-robo": "Y", "city": "Fremont", "state": "CA", "area-code": "310"}, {"id": "deca54a6651fb9add5b4a9816cce97d4", "number": "8175911239", "date": "2021-01-22 15:04:00", "subject": "1", "recorded-or-robo": "Y", "city": "Fremont", "state": "CA", "area-code": "310"}, {"id": "e81c9350d54f66c6d33b3747ee39c1e9", "number": "7277112989", "date": "2021-01-22 15:43:00", "subject": "4", "recorded-or-robo": "Y", "city": "Jupiter", "state": "FL", "area-code": "561"}, {"id": "deca54a6651fb9add5b4a9816cce96ef", "number": "7277112989", "date": "2021-01-22 15:43:00", "subject": "4", "recorded-or-robo": "Y", "city": "Jupiter", "state": "FL", "area-code": "561"}, {"id": "e81c9350d54f66c6d33b3747ee39bffe", "number": "4155414168", "date": "2021-01-22 15:23:00", "subject": "0", "recorded-or-robo": "N", "city": "", "state": "CA", "area-code": "415"}, {"id": "deca54a6651fb9add5b4a9816cce9365", "number": "4155414168", "date": "2021-01-22 15:23:00", "subject": "0", "recorded-or-robo": "N", "city": "", "state": "CA", "area-code": "415"}, {"id": "e81c9350d54f66c6d33b3747ee39b6aa", "number": "7194175873", "date": "2021-01-22 16:31:00", "subject": "2", "recorded-or-robo": "", "city": "", "state": "CO", "area-code": "719"}, {"id": "deca54a6651fb9add5b4a9816cce8446", "number": "7194175873", "date": "2021-01-22 16:31:00", "subject": "2", "recorded-or-robo": "", "city": "", "state": "CO", "area-code": "719"}, {"id": "e81c9350d54f66c6d33b3747ee39aa24", "number": "", "date": "2021-01-22 16:31:00", "subject": "2", "recorded-or-robo": "Y", "city": "", "state": "CO", "area-code": "719"}, {"id": "deca54a6651fb9add5b4a9816cce7bda", "number": "", "date": "2021-01-22 16:31:00", "subject": "2", "recorded-or-robo": "Y", "city": "", "state": "CO", "area-code": "719"}, {"id": "e81c9350d54f66c6d33b3747ee39a08f", "number": "8582935883", "date": "2021-01-22 13:46:00", "subject": "2", "recorded-or-robo": "N", "city": "San Diego", "state": "CA", "area-code": "858"}]}