{"data": [{"id": "3decc6bfadaa436a105714c6ba725196", "number": "6822893362", "date": "2021-01-19 13:45:00", "subject": "2", "recorded-or-robo": "Y", "city": "Las Vegas", "state": "NV", "area-code": "325"}, {"id": "03e293b3df9e35eadf15c56119089952", "number": "6822893362", "date": "2021-01-19 13:45:00", "subject": "2", "recorded-or-robo": "Y", "city": "Las Vegas", "state": "NV", "area-code": "325"}, {"id": "3decc6bfadaa436a105714c6ba855ab6", "number": "+14787225771", "date": "2021-01-23 23:37:14", "subject": "3", "recorded-or-robo": "Y", "city": "", "state": "GA", "area-code": "478"}, {"id": "03e293b3df9e35eadf15c561191bcc31", "number": "+14787225771", "date": "2021-01-23 23:37:14", "subject": "3", "recorded-or-robo": "Y", "city": "", "state": "GA", "area-code": "478"}, {"id": "3decc6bfadaa436a105714c6ba72507b", "number": "2154115422", "date": "2021-01-22 13:49:00", "subject": "2", "recorded-or-robo": "Y", "city": "TUCSON", "state": "AZ", "area-code": "215"}, {"id": "03e293b3df9e35eadf15c56119088d7e", "number": "2154115422", "date": "2021-01-22 13:49:00", "subject": "2", "recorded-or-robo": "Y", "city": "TUCSON", "state": "AZ", "area-code": "215"}, {"id": "3decc6bfadaa436a105714c6ba854a9c", "number": "7868979602", "date": "2021-01-23 23:35:30", "subject": "3", "recorded-or-robo": "Y", "city": "", "state": "FL", "area-code": "786"}, {"id": "03e293b3df9e35eadf15c561191bb1e2", "number": "7868979602", "date": "2021-01-23 23:35:30", "subject": "3", "recorded-or-robo": "Y", "city": "", "state": "FL", "area-code": "786"}, {"id": "3decc6bfadaa436a105714c6ba724731", "number": "4123665955", "date": "2021-01-20 00:00:00", "subject": "2", "recorded-or-robo": "Y", "city": "TUCSON", "state": "AZ", "area-code": "215"}, {"id": "03e293b3df9e35eadf15c561190884c9", "number": "4123665955", "date": "2021-01-20 00:00:00", "subject": "2", "recorded-or-robo": "Y", "city": "TUCSON", "state": "AZ", "area-code": "215"}, {"id": "3decc6bfadaa436a105714c6ba85285e", "number": "7135555481", "date": "2021-01-23 23:33:42", "subject": "3", "recorded-or-robo": "Y", "city": "", "state": "TX", "area-code": "713"}, {"id": "03e293b3df9e35eadf15c561191b7f78", "number": "7135555481", "date": "2021-01-23 23:33:42", "subject": "3", "recorded-or-robo": "Y", "city": "", "state": "TX", "area-code": "713"}, {"id": "3decc6bfadaa436a105714c6ba853090", "number": "7138187365", "date": "2021-01-23 23:33:30", "subject": "3", "recorded-or-robo": "Y", "city": "", "state": "TX", "area-code": "713"}, {"id": "03e293b3df9e35eadf15c561191b892f", "number": "7138187365", "date": "2021-01-23 23:33:30", "subject": "3", "recorded-or-robo": "Y", "city": "", "state": "TX", "area-code": "713"}, {"id": "3decc6bfadaa436a105714c6ba853980", "number": "7135805063", "date": "2021-01-23 23:33:19", "subject": "3", "recorded-or-robo": "Y", "city": "", "state": "TX", "area-code": "713"}, {"id": "03e293b3df9e35eadf15c561191b97d7", "number": "7135805063", "date": "2021-01-23 23:33:19", "subject": "3", "recorded-or-robo": "Y", "city": "", "state": "TX", "area-code": "713"}, {"id": "3decc6bfadaa436a105714c6ba8546cc", "number": "7135786088", "date": "2021-01-23 23:33:09", "subject": "3", "recorded-or-robo": "Y", "city": "", "state": "TX", "area-code": "713"}, {"id": "03e293b3df9e35eadf15c561191ba435", "number": "7135786088", "date": "2021-01-23 23:33:09", "subject": "3", "recorded-or-robo": "Y", "city": "", "state": "TX", "area-code": "713"}, {"id": "3decc6bfadaa436a105714c6ba724115", "number": "8033381923", "date": "2021-01-22 12:23:00", "subject": "0", "recorded-or-robo": "", "city": "", "state": "CA", "area-code": "415"}, {"id": "03e293b3df9e35eadf15c56119087c77", "number": "8033381923", "date": "2021-01-22 12:23:00", "subject": "0", "recorded-or-robo": "", "city": "", "state": "CA", "area-code": "415"}, {"id": "3decc6bfadaa436a105714c6ba72372c", "number": "4123856522", "date": "2021-01-22 10:11:00", "subject": "0", "recorded-or-robo": "Y", "city": "TUCSON", "state": "AZ", "area-code": "215"}, {"id": "03e293b3df9e35eadf15c561190877ae", "number": "4123856522", "date": "2021-01-22 10:11:00", "subject": "0", "recorded-or-robo": "Y", "city": "TUCSON", "state": "AZ", "area-code": "215"}, {"id": "3decc6bfadaa436a105714c6ba722ec1", "number": "8764460962", "date": "2019-01-02 10:08:00", "subject": "13", "recorded-or-robo": "N", "city": "Chicago", "state": "IL", "area-code": "773"}, {"id": "03e293b3df9e35eadf15c56119086d68", "number": "8764460962", "date": "2019-01-02 10:08:00", "subject": "13", "recorded-or-robo": "N", "city": "Chicago", "state": "IL", "area-code": "773"}, {"id": "3decc6bfadaa436a105714c6ba851bed", "number": "6125641209", "date": "2021-01-23 23:27:21", "subject": "3", "recorded-or-robo": "Y", "city": "", "state": "MN", "area-code": "612"}, {"id": "03e293b3df9e35eadf15c561191b7b88", "number": "6125641209", "date": "2021-01-23 23:27:21", "subject": "3", "recorded-or-robo": "Y", "city": "", "state": "MN", "area-code": "612"}, {"id": "3decc6bfadaa436a105714c6ba72244a", "number": "2156607990", "date": "2021-01-21 13:37:00", "subject": "0", "recorded-or-robo": "Y", "city": "TUCSON", "state": "AZ", "area-code": "215"}, {"id": "03e293b3df9e35eadf15c56119085e31", "number": "2156607990", "date": "2021-01-21 13:37:00", "subject": "0", "recorded-or-robo": "Y", "city": "TUCSON", "state": "AZ", "area-code": "215"}, {"id": "3decc6bfadaa436a105714c6ba7222cd", "number": "9853043261", "date": "2021-01-22 09:37:00", "subject": "0", "recorded-or-robo": "Y", "city": "TUCSON", "state": "AZ", "area-code": "215"}, {"id": "03e293b3df9e35eadf15c56119084f79", "number": "9853043261", "date": "2021-01-22 09:37:00", "subject": "0", "recorded-or-robo": "Y", "city": "TUCSON", "state": "AZ", "area-code": "215"}, {"id": "3decc6bfadaa436a105714c6ba721522", "number": "9853043261", "date": "2021-01-22 10:55:00", "subject": "0", "recorded-or-robo": "Y", "city": "TUCSON", "state": "AZ", "area-code": "215"}, {"id": "03e293b3df9e35eadf15c5611908499d", "number": "9853043261", "date": "2021-01-22 10:55:00", "subject": "0", "recorded-or-robo": "Y", "city": "TUCSON", "state": "AZ", "area-code": "215"}, {"id": "3decc6bfadaa436a105714c6ba72097a", "number": "9853043261", "date": "2021-01-22 12:17:00", "subject": "0", "recorded-or-robo": "Y", "city": "TUCSON", "state": "AZ", "area-code": "215"}, {"id": "03e293b3df9e35eadf15c56119084658", "number": "9853043261", "date": "2021-01-22 12:17:00", "subject": "0", "recorded-or-robo": "Y", "city": "TUCSON", "state": "AZ", "area-code": "215"}, {"id": "3decc6bfadaa436a105714c6ba85066a", "number": "9852419477", "date": "2021-01-23 23:21:01", "subject": "3", "recorded-or-robo": "N", "city": "", "state": "TX", "area-code": "979"}, {"id": "03e293b3df9e35eadf15c561191b7162", "number": "9852419477", "date": "2021-01-23 23:21:01", "subject": "3", "recorded-or-robo": "N", "city": "", "state": "TX", "area-code": "979"}, {"id": "3decc6bfadaa436a105714c6ba7206da", "number": "?18443502", "date": "2021-01-23 15:45:00", "subject": "2", "recorded-or-robo": "N", "city": "Cotati", "state": "CA", "area-code": "707"}, {"id": "03e293b3df9e35eadf15c56119083b82", "number": "?18443502", "date": "2021-01-23 15:45:00", "subject": "2", "recorded-or-robo": "N", "city": "Cotati", "state": "CA", "area-code": "707"}, {"id": "3decc6bfadaa436a105714c6ba850c58", "number": "9086514994", "date": "2021-01-23 23:20:17", "subject": "3", "recorded-or-robo": "Y", "city": "", "state": "NJ", "area-code": "732"}, {"id": "03e293b3df9e35eadf15c561191b75d3", "number": "9086514994", "date": "2021-01-23 23:20:17", "subject": "3", "recorded-or-robo": "Y", "city": "", "state": "NJ", "area-code": "732"}, {"id": "3decc6bfadaa436a105714c6ba71fbee", "number": "8556984599", "date": "2021-01-23 18:47:00", "subject": "11", "recorded-or-robo": "Y", "city": "St. Louis", "state": "MO", "area-code": "314"}, {"id": "03e293b3df9e35eadf15c56119082f81", "number": "8556984599", "date": "2021-01-23 18:47:00", "subject": "11", "recorded-or-robo": "Y", "city": "St. Louis", "state": "MO", "area-code": "314"}, {"id": "3decc6bfadaa436a105714c6ba71f755", "number": "5127853205", "date": "2021-01-23 21:41:00", "subject": "2", "recorded-or-robo": "N", "city": "", "state": "", "area-code": "216"}, {"id": "03e293b3df9e35eadf15c56119082e2d", "number": "5127853205", "date": "2021-01-23 21:41:00", "subject": "2", "recorded-or-robo": "N", "city": "", "state": "", "area-code": "216"}, {"id": "3decc6bfadaa436a105714c6ba71ec4e", "number": "2089510355", "date": "2021-01-23 14:05:00", "subject": "2", "recorded-or-robo": "Y", "city": "birmingham", "state": "AL", "area-code": "205"}, {"id": "03e293b3df9e35eadf15c56119082ccf", "number": "2089510355", "date": "2021-01-23 14:05:00", "subject": "2", "recorded-or-robo": "Y", "city": "birmingham", "state": "AL", "area-code": "205"}, {"id": "3decc6bfadaa436a105714c6ba71e0e4", "number": "9095051698", "date": "2021-01-23 17:22:00", "subject": "0", "recorded-or-robo": "Y", "city": "Camarillo", "state": "CA", "area-code": "805"}, {"id": "03e293b3df9e35eadf15c56119082396", "number": "9095051698", "date": "2021-01-23 17:22:00", "subject": "0", "recorded-or-robo": "Y", "city": "Camarillo", "state": "CA", "area-code": "805"}, {"id": "3decc6bfadaa436a105714c6ba71d4ef", "number": "8182766184", "date": "2021-01-23 18:50:00", "subject": "0", "recorded-or-robo": "Y", "city": "Camarillo", "state": "CA", "area-code": "805"}, {"id": "03e293b3df9e35eadf15c56119081782", "number": "8182766184", "date": "2021-01-23 18:50:00", "subject": "0", "recorded-or-robo": "Y", "city": "Camarillo", "state": "CA", "area-code": "805"}]}