{"data": [{"id": "490dde24b259add1335244cd1b386462", "number": "2699416282", "date": "2021-01-26 11:35:00", "subject": "2", "recorded-or-robo": "Y", "city": "Milton", "state": "NH", "area-code": "603"}, {"id": "490dde24b259add1335244cd1b385e00", "number": "3368188330", "date": "2021-01-26 08:40:00", "subject": "4", "recorded-or-robo": "Y", "city": "Portland", "state": "OR", "area-code": "208"}, {"id": "490dde24b259add1335244cd1b385d45", "number": "8703622384", "date": "2021-01-18 10:27:00", "subject": "3", "recorded-or-robo": "N", "city": "MTN, VIEW", "state": "AR", "area-code": "870"}, {"id": "490dde24b259add1335244cd1b3857f2", "number": "9039472248", "date": "2021-01-26 12:00:00", "subject": "2", "recorded-or-robo": "Y", "city": "Detroit", "state": "MI", "area-code": "313"}, {"id": "490dde24b259add1335244cd1b3857ac", "number": "8883779832", "date": "2021-01-26 12:00:00", "subject": "1", "recorded-or-robo": "Y", "city": "Seattle", "state": "WA", "area-code": "206"}, {"id": "490dde24b259add1335244cd1b384e5b", "number": "", "date": "2021-01-26 12:00:00", "subject": "2", "recorded-or-robo": "Y", "city": "", "state": "IL", "area-code": "331"}, {"id": "490dde24b259add1335244cd1b383fa3", "number": "9705420300", "date": "2021-01-26 09:38:00", "subject": "2", "recorded-or-robo": "N", "city": "Loveland", "state": "CO", "area-code": "970"}, {"id": "490dde24b259add1335244cd1b38318e", "number": "7036591728", "date": "2021-01-26 10:18:00", "subject": "2", "recorded-or-robo": "", "city": "Fort Washington", "state": "MD", "area-code": "301"}, {"id": "490dde24b259add1335244cd1b382d3c", "number": "6098847962", "date": "2021-01-22 20:55:00", "subject": "3", "recorded-or-robo": "N", "city": "", "state": "NJ", "area-code": "201"}, {"id": "490dde24b259add1335244cd1b382270", "number": "3022801028", "date": "2021-01-25 15:31:00", "subject": "0", "recorded-or-robo": "", "city": "new castle", "state": "DE", "area-code": "302"}, {"id": "490dde24b259add1335244cd1b381730", "number": "2183531331", "date": "2021-01-25 10:23:00", "subject": "2", "recorded-or-robo": "N", "city": "Hayward", "state": "MN", "area-code": "218"}, {"id": "490dde24b259add1335244cd1b3813cc", "number": "", "date": "2021-01-25 15:35:00", "subject": "1", "recorded-or-robo": "Y", "city": "Sacramento", "state": "CA", "area-code": "916"}, {"id": "490dde24b259add1335244cd1b3811fb", "number": "3322327484", "date": "2021-01-26 09:01:00", "subject": "3", "recorded-or-robo": "Y", "city": "", "state": "LA", "area-code": "504"}, {"id": "490dde24b259add1335244cd1b3802f8", "number": "", "date": "2021-01-26 08:41:00", "subject": "3", "recorded-or-robo": "Y", "city": "", "state": "CA", "area-code": "661"}, {"id": "490dde24b259add1335244cd1b37f46c", "number": "3369141437", "date": "2021-01-11 13:16:00", "subject": "5", "recorded-or-robo": "Y", "city": "High Point", "state": "NC", "area-code": "336"}, {"id": "490dde24b259add1335244cd1b37eb29", "number": "2818913813", "date": "2021-01-26 10:39:00", "subject": "1", "recorded-or-robo": "Y", "city": "Humble", "state": "TX", "area-code": "281"}, {"id": "490dde24b259add1335244cd1b3790f8", "number": "", "date": "2021-01-26 10:07:00", "subject": "3", "recorded-or-robo": "N", "city": "", "state": "IL", "area-code": "773"}, {"id": "490dde24b259add1335244cd1b37e6e7", "number": "2692229513", "date": "2021-01-25 17:08:00", "subject": "4", "recorded-or-robo": "Y", "city": "Oak Park", "state": "MI", "area-code": "248"}, {"id": "490dde24b259add1335244cd1b37d7cb", "number": "7188235461", "date": "2021-01-25 13:00:00", "subject": "11", "recorded-or-robo": "Y", "city": "Bronx", "state": "NY", "area-code": "718"}, {"id": "490dde24b259add1335244cd1b37ca6b", "number": "115179408134", "date": "2021-01-26 10:16:00", "subject": "2", "recorded-or-robo": "", "city": "", "state": "MI", "area-code": "269"}, {"id": "490dde24b259add1335244cd1b37c6f8", "number": "3148205502", "date": "2021-01-26 10:41:00", "subject": "1", "recorded-or-robo": "Y", "city": "Wildwood", "state": "MO", "area-code": "314"}, {"id": "490dde24b259add1335244cd1b37561b", "number": "7248190533", "date": "2021-01-26 10:03:00", "subject": "3", "recorded-or-robo": "", "city": "", "state": "MI", "area-code": "517"}, {"id": "490dde24b259add1335244cd1b37bfc1", "number": "7036591728", "date": "2021-01-26 11:40:00", "subject": "2", "recorded-or-robo": "", "city": "Fort Washington", "state": "MD", "area-code": "301"}, {"id": "490dde24b259add1335244cd1b37bb85", "number": "8505366729", "date": "2021-01-25 03:20:00", "subject": "0", "recorded-or-robo": "Y", "city": "Pace", "state": "FL", "area-code": "850"}, {"id": "490dde24b259add1335244cd1b37adc7", "number": "9133487805", "date": "2021-01-26 11:25:00", "subject": "1", "recorded-or-robo": "Y", "city": "St Augustine", "state": "FL", "area-code": "904"}, {"id": "490dde24b259add1335244cd1b37a160", "number": "8509040211", "date": "2021-01-26 10:16:00", "subject": "4", "recorded-or-robo": "Y", "city": "Pensacola", "state": "FL", "area-code": "850"}, {"id": "490dde24b259add1335244cd1b379644", "number": "2012566969", "date": "2021-01-25 15:50:00", "subject": "3", "recorded-or-robo": "Y", "city": "", "state": "NJ", "area-code": "201"}, {"id": "490dde24b259add1335244cd1b3794f6", "number": "8332298432", "date": "2021-01-22 12:05:00", "subject": "2", "recorded-or-robo": "Y", "city": "Mooresville", "state": "IN", "area-code": "317"}, {"id": "490dde24b259add1335244cd1b379373", "number": "8083562911", "date": "2021-01-19 08:13:00", "subject": "0", "recorded-or-robo": "N", "city": "Honolulu", "state": "HI", "area-code": "808"}, {"id": "490dde24b259add1335244cd1b378561", "number": "6084664992", "date": "2021-01-26 10:41:00", "subject": "4", "recorded-or-robo": "Y", "city": "Camp Douglas", "state": "WI", "area-code": "608"}, {"id": "490dde24b259add1335244cd1b377a3e", "number": "7579205148", "date": "2021-01-26 11:27:00", "subject": "1", "recorded-or-robo": "Y", "city": "Portsmouth", "state": "VA", "area-code": "757"}, {"id": "490dde24b259add1335244cd1b376d00", "number": "4057806139", "date": "2021-01-26 10:37:00", "subject": "4", "recorded-or-robo": "Y", "city": "", "state": "OK", "area-code": "405"}, {"id": "490dde24b259add1335244cd1b37693c", "number": "4233761464", "date": "2021-01-26 10:49:00", "subject": "0", "recorded-or-robo": "N", "city": "", "state": "NJ", "area-code": "973"}, {"id": "490dde24b259add1335244cd1b375a65", "number": "7197658578", "date": "2021-01-26 09:29:00", "subject": "4", "recorded-or-robo": "Y", "city": "Boulder", "state": "CO", "area-code": "303"}, {"id": "490dde24b259add1335244cd1b3750f0", "number": "2107007418", "date": "2021-01-26 10:41:00", "subject": "4", "recorded-or-robo": "Y", "city": "", "state": "TX", "area-code": "254"}, {"id": "490dde24b259add1335244cd1b374ff7", "number": "3364382417", "date": "2021-01-08 11:16:00", "subject": "16", "recorded-or-robo": "Y", "city": "High Point", "state": "NC", "area-code": "336"}, {"id": "490dde24b259add1335244cd1b374a0e", "number": "2029982908", "date": "2021-01-25 15:23:00", "subject": "4", "recorded-or-robo": "Y", "city": "", "state": "CA", "area-code": "530"}, {"id": "490dde24b259add1335244cd1b3742c6", "number": "7865738565", "date": "2021-01-22 15:00:00", "subject": "2", "recorded-or-robo": "Y", "city": "", "state": "FL", "area-code": "561"}, {"id": "490dde24b259add1335244cd1b373a88", "number": "3375488303", "date": "2021-01-26 10:11:00", "subject": "4", "recorded-or-robo": "Y", "city": "Dysart", "state": "IA", "area-code": "319"}, {"id": "490dde24b259add1335244cd1b372d24", "number": "9174111010", "date": "2021-01-26 00:00:00", "subject": "1", "recorded-or-robo": "N", "city": "VENICE", "state": "FL", "area-code": "917"}, {"id": "490dde24b259add1335244cd1b371dce", "number": "7017130202", "date": "2021-01-26 10:38:00", "subject": "4", "recorded-or-robo": "Y", "city": "Epping", "state": "ND", "area-code": "605"}, {"id": "490dde24b259add1335244cd1b371175", "number": "", "date": "2021-01-26 10:00:00", "subject": "2", "recorded-or-robo": "Y", "city": "", "state": "VA", "area-code": "757"}, {"id": "490dde24b259add1335244cd1b370e58", "number": "2012407380", "date": "2021-01-26 09:20:00", "subject": "4", "recorded-or-robo": "Y", "city": "", "state": "NJ", "area-code": "201"}, {"id": "490dde24b259add1335244cd1b36ddb3", "number": "9174752115", "date": "2021-01-26 08:30:00", "subject": "3", "recorded-or-robo": "N", "city": "", "state": "NC", "area-code": "336"}, {"id": "490dde24b259add1335244cd1b36fe6b", "number": "5024358307", "date": "2021-01-26 11:32:00", "subject": "4", "recorded-or-robo": "Y", "city": "Louisville", "state": "KY", "area-code": "502"}, {"id": "490dde24b259add1335244cd1b36f235", "number": "", "date": "2021-01-26 10:12:00", "subject": "1", "recorded-or-robo": "Y", "city": "", "state": "NJ", "area-code": "856"}, {"id": "490dde24b259add1335244cd1b36ea3c", "number": "3186685113", "date": "2021-01-26 08:41:00", "subject": "0", "recorded-or-robo": "Y", "city": "", "state": "OR", "area-code": "541"}, {"id": "490dde24b259add1335244cd1b36dc5a", "number": "", "date": "2021-01-26 10:05:00", "subject": "6", "recorded-or-robo": "", "city": "Chicago", "state": "IL", "area-code": "773"}, {"id": "490dde24b259add1335244cd1b36cea2", "number": "7188235461", "date": "2021-01-25 09:44:00", "subject": "11", "recorded-or-robo": "N", "city": "Bronx", "state": "NY", "area-code": "718"}, {"id": "490dde24b259add1335244cd1b36ca25", "number": "3363105743", "date": "2021-01-12 09:14:00", "subject": "5", "recorded-or-robo": "Y", "city": "High Point", "state": "NC", "area-code": "336"}]}