{"data": [{"id": "3decc6bfadaa436a105714c6ba5b419a", "number": "9162499625", "date": "2021-01-10 10:34:00", "subject": "2", "recorded-or-robo": "Y", "city": "Huntington Beach", "state": "CA", "area-code": "714"}, {"id": "1d36742e3f24f50e4e7ae82801f107a4", "number": "9162499625", "date": "2021-01-10 10:34:00", "subject": "2", "recorded-or-robo": "Y", "city": "Huntington Beach", "state": "CA", "area-code": "714"}, {"id": "3decc6bfadaa436a105714c6ba5b38e7", "number": "7344100584", "date": "2021-01-23 16:08:00", "subject": "2", "recorded-or-robo": "N", "city": "Covina", "state": "CA", "area-code": "626"}, {"id": "1d36742e3f24f50e4e7ae82801f0ff81", "number": "7344100584", "date": "2021-01-23 16:08:00", "subject": "2", "recorded-or-robo": "N", "city": "Covina", "state": "CA", "area-code": "626"}, {"id": "3decc6bfadaa436a105714c6ba7e717c", "number": "4083179497", "date": "2021-01-23 18:56:03", "subject": "3", "recorded-or-robo": "Y", "city": "", "state": "CA", "area-code": "408"}, {"id": "03e293b3df9e35eadf15c561191531ec", "number": "4083179497", "date": "2021-01-23 18:56:03", "subject": "3", "recorded-or-robo": "Y", "city": "", "state": "CA", "area-code": "408"}, {"id": "3decc6bfadaa436a105714c6ba7e693d", "number": "4082172248", "date": "2021-01-23 18:55:55", "subject": "3", "recorded-or-robo": "Y", "city": "", "state": "CA", "area-code": "408"}, {"id": "3decc6bfadaa436a105714c6ba7e1560", "number": "+14842147363", "date": "2021-01-23 18:55:55", "subject": "3", "recorded-or-robo": "Y", "city": "", "state": "OR", "area-code": "503"}, {"id": "03e293b3df9e35eadf15c5611915263c", "number": "4082172248", "date": "2021-01-23 18:55:55", "subject": "3", "recorded-or-robo": "Y", "city": "", "state": "CA", "area-code": "408"}, {"id": "03e293b3df9e35eadf15c5611914dc5d", "number": "+14842147363", "date": "2021-01-23 18:55:55", "subject": "3", "recorded-or-robo": "Y", "city": "", "state": "OR", "area-code": "503"}, {"id": "3decc6bfadaa436a105714c6ba5b2981", "number": "5152197303", "date": "2021-01-21 10:28:00", "subject": "2", "recorded-or-robo": "N", "city": "tampa", "state": "FL", "area-code": "813"}, {"id": "1d36742e3f24f50e4e7ae82801f0fca2", "number": "5152197303", "date": "2021-01-21 10:28:00", "subject": "2", "recorded-or-robo": "N", "city": "tampa", "state": "FL", "area-code": "813"}, {"id": "3decc6bfadaa436a105714c6ba7e6233", "number": "7144613413", "date": "2021-01-23 18:55:44", "subject": "3", "recorded-or-robo": "Y", "city": "", "state": "CA", "area-code": "408"}, {"id": "03e293b3df9e35eadf15c56119150fe5", "number": "7144613413", "date": "2021-01-23 18:55:44", "subject": "3", "recorded-or-robo": "Y", "city": "", "state": "CA", "area-code": "408"}, {"id": "3decc6bfadaa436a105714c6ba5b1d3f", "number": "9316344469", "date": "2021-01-23 14:35:00", "subject": "3", "recorded-or-robo": "N", "city": "", "state": "GA", "area-code": "706"}, {"id": "1d36742e3f24f50e4e7ae82801f0f7f8", "number": "9316344469", "date": "2021-01-23 14:35:00", "subject": "3", "recorded-or-robo": "N", "city": "", "state": "GA", "area-code": "706"}, {"id": "3decc6bfadaa436a105714c6ba7e0d69", "number": "7144613413", "date": "2021-01-23 18:55:35", "subject": "3", "recorded-or-robo": "Y", "city": "", "state": "CA", "area-code": "408"}, {"id": "03e293b3df9e35eadf15c5611914d572", "number": "7144613413", "date": "2021-01-23 18:55:35", "subject": "3", "recorded-or-robo": "Y", "city": "", "state": "CA", "area-code": "408"}, {"id": "3decc6bfadaa436a105714c6ba5b2349", "number": "3142837559", "date": "2021-01-23 16:49:00", "subject": "2", "recorded-or-robo": "Y", "city": "St Louis", "state": "MO", "area-code": "314"}, {"id": "1d36742e3f24f50e4e7ae82801f0fb07", "number": "3142837559", "date": "2021-01-23 16:49:00", "subject": "2", "recorded-or-robo": "Y", "city": "St Louis", "state": "MO", "area-code": "314"}, {"id": "3decc6bfadaa436a105714c6ba7e1e77", "number": "+19707132648", "date": "2021-01-23 18:55:20", "subject": "3", "recorded-or-robo": "Y", "city": "", "state": "IL", "area-code": "630"}, {"id": "03e293b3df9e35eadf15c5611914e5e2", "number": "+19707132648", "date": "2021-01-23 18:55:20", "subject": "3", "recorded-or-robo": "Y", "city": "", "state": "IL", "area-code": "630"}, {"id": "3decc6bfadaa436a105714c6ba7e6139", "number": "6264693830", "date": "2021-01-23 18:55:13", "subject": "3", "recorded-or-robo": "Y", "city": "", "state": "CA", "area-code": "310"}, {"id": "03e293b3df9e35eadf15c56119150c42", "number": "6264693830", "date": "2021-01-23 18:55:13", "subject": "3", "recorded-or-robo": "Y", "city": "", "state": "CA", "area-code": "310"}, {"id": "3decc6bfadaa436a105714c6ba5b12f4", "number": "7149839270", "date": "2021-01-13 14:10:00", "subject": "2", "recorded-or-robo": "Y", "city": "Huntington Beach", "state": "CA", "area-code": "714"}, {"id": "1d36742e3f24f50e4e7ae82801f0e94a", "number": "7149839270", "date": "2021-01-13 14:10:00", "subject": "2", "recorded-or-robo": "Y", "city": "Huntington Beach", "state": "CA", "area-code": "714"}, {"id": "3decc6bfadaa436a105714c6ba5b0317", "number": "8138745278", "date": "2021-01-21 14:23:00", "subject": "2", "recorded-or-robo": "N", "city": "tampa", "state": "FL", "area-code": "813"}, {"id": "1d36742e3f24f50e4e7ae82801f0da3e", "number": "8138745278", "date": "2021-01-21 14:23:00", "subject": "2", "recorded-or-robo": "N", "city": "tampa", "state": "FL", "area-code": "813"}, {"id": "3decc6bfadaa436a105714c6ba5afa2a", "number": "7252297608", "date": "2021-01-23 14:28:00", "subject": "0", "recorded-or-robo": "N", "city": "", "state": "OR", "area-code": "503"}, {"id": "1d36742e3f24f50e4e7ae82801f0cab6", "number": "7252297608", "date": "2021-01-23 14:28:00", "subject": "0", "recorded-or-robo": "N", "city": "", "state": "OR", "area-code": "503"}, {"id": "3decc6bfadaa436a105714c6ba5af997", "number": "6028066519", "date": "2021-01-23 12:00:00", "subject": "1", "recorded-or-robo": "Y", "city": "Sunrise", "state": "FL", "area-code": "954"}, {"id": "1d36742e3f24f50e4e7ae82801f0c44b", "number": "6028066519", "date": "2021-01-23 12:00:00", "subject": "1", "recorded-or-robo": "Y", "city": "Sunrise", "state": "FL", "area-code": "954"}, {"id": "3decc6bfadaa436a105714c6ba5af131", "number": "9487205244", "date": "2021-01-16 14:48:00", "subject": "2", "recorded-or-robo": "N", "city": "Covina", "state": "CA", "area-code": "626"}, {"id": "1d36742e3f24f50e4e7ae82801f0c31c", "number": "9487205244", "date": "2021-01-16 14:48:00", "subject": "2", "recorded-or-robo": "N", "city": "Covina", "state": "CA", "area-code": "626"}, {"id": "3decc6bfadaa436a105714c6ba5aefca", "number": "7143219722", "date": "2021-01-21 14:29:00", "subject": "2", "recorded-or-robo": "Y", "city": "Huntington Beach", "state": "CA", "area-code": "714"}, {"id": "1d36742e3f24f50e4e7ae82801f0b848", "number": "7143219722", "date": "2021-01-21 14:29:00", "subject": "2", "recorded-or-robo": "Y", "city": "Huntington Beach", "state": "CA", "area-code": "714"}, {"id": "3decc6bfadaa436a105714c6ba5ae384", "number": "7342649244", "date": "2021-01-23 18:50:00", "subject": "8", "recorded-or-robo": "N", "city": "Livonia", "state": "MI", "area-code": "734"}, {"id": "1d36742e3f24f50e4e7ae82801f0a9ca", "number": "7342649244", "date": "2021-01-23 18:50:00", "subject": "8", "recorded-or-robo": "N", "city": "Livonia", "state": "MI", "area-code": "734"}, {"id": "3decc6bfadaa436a105714c6ba7e6492", "number": "+12393414410", "date": "2021-01-23 18:54:00", "subject": "3", "recorded-or-robo": "Y", "city": "", "state": "FL", "area-code": "954"}, {"id": "03e293b3df9e35eadf15c56119151d57", "number": "+12393414410", "date": "2021-01-23 18:54:00", "subject": "3", "recorded-or-robo": "Y", "city": "", "state": "FL", "area-code": "954"}, {"id": "3decc6bfadaa436a105714c6ba5ae1f5", "number": "2192446380", "date": "2021-01-23 14:30:00", "subject": "1", "recorded-or-robo": "N", "city": "Portage", "state": "IN", "area-code": "219"}, {"id": "1d36742e3f24f50e4e7ae82801f09e66", "number": "2192446380", "date": "2021-01-23 14:30:00", "subject": "1", "recorded-or-robo": "N", "city": "Portage", "state": "IN", "area-code": "219"}, {"id": "3decc6bfadaa436a105714c6ba5ad256", "number": "4059381495", "date": "2021-01-23 15:49:00", "subject": "0", "recorded-or-robo": "N", "city": "", "state": "OR", "area-code": "503"}, {"id": "1d36742e3f24f50e4e7ae82801f09d82", "number": "4059381495", "date": "2021-01-23 15:49:00", "subject": "0", "recorded-or-robo": "N", "city": "", "state": "OR", "area-code": "503"}, {"id": "3decc6bfadaa436a105714c6ba7e0c48", "number": "7182444996", "date": "2021-01-23 18:52:56", "subject": "3", "recorded-or-robo": "Y", "city": "", "state": "TX", "area-code": "956"}, {"id": "03e293b3df9e35eadf15c5611914c5a1", "number": "7182444996", "date": "2021-01-23 18:52:56", "subject": "3", "recorded-or-robo": "Y", "city": "", "state": "TX", "area-code": "956"}, {"id": "3decc6bfadaa436a105714c6ba5acd4b", "number": "9049061246", "date": "2021-01-23 18:51:00", "subject": "0", "recorded-or-robo": "N", "city": "", "state": "FL", "area-code": "904"}, {"id": "1d36742e3f24f50e4e7ae82801f09b7d", "number": "9049061246", "date": "2021-01-23 18:51:00", "subject": "0", "recorded-or-robo": "N", "city": "", "state": "FL", "area-code": "904"}, {"id": "3decc6bfadaa436a105714c6ba5abe36", "number": "7149030509", "date": "2021-01-23 13:26:00", "subject": "2", "recorded-or-robo": "N", "city": "Covina", "state": "CA", "area-code": "626"}, {"id": "3decc6bfadaa436a105714c6ba5ab2ea", "number": "4805203980", "date": "2021-01-23 14:03:00", "subject": "2", "recorded-or-robo": "Y", "city": "", "state": "CA", "area-code": "760"}]}