{"data": [{"id": "3decc6bfadaa436a105714c6ba422d4c", "number": "3152328257", "date": "2021-01-23 10:42:00", "subject": "11", "recorded-or-robo": "Y", "city": "Middlebury", "state": "IN", "area-code": "574"}, {"id": "1d36742e3f24f50e4e7ae82801d7c7ab", "number": "3152328257", "date": "2021-01-23 10:42:00", "subject": "11", "recorded-or-robo": "Y", "city": "Middlebury", "state": "IN", "area-code": "574"}, {"id": "3decc6bfadaa436a105714c6ba41ef24", "number": "6076002233", "date": "2021-01-11 13:12:00", "subject": "3", "recorded-or-robo": "", "city": "", "state": "UT", "area-code": "801"}, {"id": "1d36742e3f24f50e4e7ae82801d78a94", "number": "6076002233", "date": "2021-01-11 13:12:00", "subject": "3", "recorded-or-robo": "", "city": "", "state": "UT", "area-code": "801"}, {"id": "3decc6bfadaa436a105714c6ba422196", "number": "6154863500", "date": "2021-01-23 00:27:00", "subject": "0", "recorded-or-robo": "", "city": "SEATTLE", "state": "WA", "area-code": "206"}, {"id": "1d36742e3f24f50e4e7ae82801d7c195", "number": "6154863500", "date": "2021-01-23 00:27:00", "subject": "0", "recorded-or-robo": "", "city": "SEATTLE", "state": "WA", "area-code": "206"}, {"id": "3decc6bfadaa436a105714c6ba421e31", "number": "4705702233", "date": "2021-01-23 13:21:00", "subject": "3", "recorded-or-robo": "Y", "city": "", "state": "TX", "area-code": "512"}, {"id": "1d36742e3f24f50e4e7ae82801d7b203", "number": "4705702233", "date": "2021-01-23 13:21:00", "subject": "3", "recorded-or-robo": "Y", "city": "", "state": "TX", "area-code": "512"}, {"id": "3decc6bfadaa436a105714c6ba420fc9", "number": "7275922313", "date": "2021-01-20 15:05:00", "subject": "2", "recorded-or-robo": "N", "city": "", "state": "FL", "area-code": "727"}, {"id": "1d36742e3f24f50e4e7ae82801d7ad87", "number": "7275922313", "date": "2021-01-20 15:05:00", "subject": "2", "recorded-or-robo": "N", "city": "", "state": "FL", "area-code": "727"}, {"id": "3decc6bfadaa436a105714c6ba4200b6", "number": "2563694811", "date": "2021-01-23 13:05:00", "subject": "0", "recorded-or-robo": "N", "city": "", "state": "AL", "area-code": "256"}, {"id": "1d36742e3f24f50e4e7ae82801d7ad5f", "number": "2563694811", "date": "2021-01-23 13:05:00", "subject": "0", "recorded-or-robo": "N", "city": "", "state": "AL", "area-code": "256"}, {"id": "3decc6bfadaa436a105714c6ba41f340", "number": "2149835185", "date": "2021-01-08 11:13:00", "subject": "4", "recorded-or-robo": "Y", "city": "Dallas", "state": "TX", "area-code": "214"}, {"id": "1d36742e3f24f50e4e7ae82801d7a386", "number": "2149835185", "date": "2021-01-08 11:13:00", "subject": "4", "recorded-or-robo": "Y", "city": "Dallas", "state": "TX", "area-code": "214"}, {"id": "3decc6bfadaa436a105714c6ba41f1c3", "number": "7038447001", "date": "2021-01-23 14:36:00", "subject": "0", "recorded-or-robo": "Y", "city": "Vienna", "state": "VA", "area-code": "703"}, {"id": "1d36742e3f24f50e4e7ae82801d79781", "number": "7038447001", "date": "2021-01-23 14:36:00", "subject": "0", "recorded-or-robo": "Y", "city": "Vienna", "state": "VA", "area-code": "703"}, {"id": "3decc6bfadaa436a105714c6ba7bace1", "number": "4403162452", "date": "2021-01-23 17:38:20", "subject": "3", "recorded-or-robo": "Y", "city": "", "state": "OH", "area-code": "440"}, {"id": "03e293b3df9e35eadf15c561191233d9", "number": "4403162452", "date": "2021-01-23 17:38:20", "subject": "3", "recorded-or-robo": "Y", "city": "", "state": "OH", "area-code": "440"}, {"id": "3decc6bfadaa436a105714c6ba41e2db", "number": "7273355150", "date": "2021-01-20 18:58:00", "subject": "2", "recorded-or-robo": "N", "city": "", "state": "FL", "area-code": "727"}, {"id": "1d36742e3f24f50e4e7ae82801d77ff4", "number": "7273355150", "date": "2021-01-20 18:58:00", "subject": "2", "recorded-or-robo": "N", "city": "", "state": "FL", "area-code": "727"}, {"id": "3decc6bfadaa436a105714c6ba41e092", "number": "7279779674", "date": "2021-01-21 10:33:00", "subject": "2", "recorded-or-robo": "N", "city": "", "state": "FL", "area-code": "727"}, {"id": "1d36742e3f24f50e4e7ae82801d77b51", "number": "7279779674", "date": "2021-01-21 10:33:00", "subject": "2", "recorded-or-robo": "N", "city": "", "state": "FL", "area-code": "727"}, {"id": "3decc6bfadaa436a105714c6ba41d746", "number": "7034482236", "date": "2021-01-23 11:31:00", "subject": "0", "recorded-or-robo": "Y", "city": "Vienna", "state": "VA", "area-code": "703"}, {"id": "1d36742e3f24f50e4e7ae82801d7706a", "number": "7034482236", "date": "2021-01-23 11:31:00", "subject": "0", "recorded-or-robo": "Y", "city": "Vienna", "state": "VA", "area-code": "703"}, {"id": "3decc6bfadaa436a105714c6ba7ba619", "number": "4079034845", "date": "2021-01-23 17:36:56", "subject": "3", "recorded-or-robo": "Y", "city": "", "state": "TX", "area-code": "214"}, {"id": "03e293b3df9e35eadf15c561191232e4", "number": "4079034845", "date": "2021-01-23 17:36:56", "subject": "3", "recorded-or-robo": "Y", "city": "", "state": "TX", "area-code": "214"}, {"id": "3decc6bfadaa436a105714c6ba41d513", "number": "2284764000", "date": "2021-01-23 15:03:00", "subject": "2", "recorded-or-robo": "N", "city": "Biloxi", "state": "MS", "area-code": "228"}, {"id": "1d36742e3f24f50e4e7ae82801d76d84", "number": "2284764000", "date": "2021-01-23 15:03:00", "subject": "2", "recorded-or-robo": "N", "city": "Biloxi", "state": "MS", "area-code": "228"}, {"id": "3decc6bfadaa436a105714c6ba41cb83", "number": "7275550046", "date": "2021-01-21 13:06:00", "subject": "2", "recorded-or-robo": "N", "city": "", "state": "FL", "area-code": "727"}, {"id": "1d36742e3f24f50e4e7ae82801d761de", "number": "7275550046", "date": "2021-01-21 13:06:00", "subject": "2", "recorded-or-robo": "N", "city": "", "state": "FL", "area-code": "727"}, {"id": "3decc6bfadaa436a105714c6ba41c656", "number": "1243909761118", "date": "2021-01-23 14:18:00", "subject": "2", "recorded-or-robo": "Y", "city": "Runnells", "state": "IA", "area-code": "641"}, {"id": "1d36742e3f24f50e4e7ae82801d75616", "number": "1243909761118", "date": "2021-01-23 14:18:00", "subject": "2", "recorded-or-robo": "Y", "city": "Runnells", "state": "IA", "area-code": "641"}, {"id": "3decc6bfadaa436a105714c6ba7ba305", "number": "+19419098131", "date": "2021-01-23 17:36:31", "subject": "3", "recorded-or-robo": "Y", "city": "", "state": "PA", "area-code": "215"}, {"id": "03e293b3df9e35eadf15c56119122dbf", "number": "+19419098131", "date": "2021-01-23 17:36:31", "subject": "3", "recorded-or-robo": "Y", "city": "", "state": "PA", "area-code": "215"}, {"id": "3decc6bfadaa436a105714c6ba41c592", "number": "95544336853", "date": "2021-01-18 09:02:00", "subject": "2", "recorded-or-robo": "", "city": "Highlands Ranch", "state": "CO", "area-code": "303"}, {"id": "1d36742e3f24f50e4e7ae82801d74c54", "number": "95544336853", "date": "2021-01-18 09:02:00", "subject": "2", "recorded-or-robo": "", "city": "Highlands Ranch", "state": "CO", "area-code": "303"}, {"id": "3decc6bfadaa436a105714c6ba41baab", "number": "8564816422", "date": "2021-01-23 11:35:00", "subject": "3", "recorded-or-robo": "Y", "city": "", "state": "NY", "area-code": "347"}, {"id": "1d36742e3f24f50e4e7ae82801d74b1b", "number": "8564816422", "date": "2021-01-23 11:35:00", "subject": "3", "recorded-or-robo": "Y", "city": "", "state": "NY", "area-code": "347"}, {"id": "3decc6bfadaa436a105714c6ba41aba0", "number": "7279779674", "date": "2021-01-21 14:09:00", "subject": "2", "recorded-or-robo": "N", "city": "", "state": "FL", "area-code": "727"}, {"id": "1d36742e3f24f50e4e7ae82801d73fd0", "number": "7279779674", "date": "2021-01-21 14:09:00", "subject": "2", "recorded-or-robo": "N", "city": "", "state": "FL", "area-code": "727"}, {"id": "3decc6bfadaa436a105714c6ba7b4b46", "number": "3012351918", "date": "2021-01-23 17:35:51", "subject": "3", "recorded-or-robo": "N", "city": "", "state": "MD", "area-code": "301"}, {"id": "03e293b3df9e35eadf15c5611911de8c", "number": "3012351918", "date": "2021-01-23 17:35:51", "subject": "3", "recorded-or-robo": "N", "city": "", "state": "MD", "area-code": "301"}, {"id": "3decc6bfadaa436a105714c6ba418933", "number": "3853161001", "date": "2021-01-14 13:19:00", "subject": "3", "recorded-or-robo": "", "city": "", "state": "UT", "area-code": "801"}, {"id": "1d36742e3f24f50e4e7ae82801d726c6", "number": "3853161001", "date": "2021-01-14 13:19:00", "subject": "3", "recorded-or-robo": "", "city": "", "state": "UT", "area-code": "801"}, {"id": "3decc6bfadaa436a105714c6ba7b63fe", "number": "+12542659716", "date": "2021-01-23 17:35:47", "subject": "3", "recorded-or-robo": "Y", "city": "", "state": "TX", "area-code": "254"}, {"id": "03e293b3df9e35eadf15c5611911fa61", "number": "+12542659716", "date": "2021-01-23 17:35:47", "subject": "3", "recorded-or-robo": "Y", "city": "", "state": "TX", "area-code": "254"}, {"id": "3decc6bfadaa436a105714c6ba41a490", "number": "256772754795", "date": "2021-01-22 22:36:00", "subject": "2", "recorded-or-robo": "Y", "city": "Runnells", "state": "IA", "area-code": "641"}, {"id": "1d36742e3f24f50e4e7ae82801d73c24", "number": "256772754795", "date": "2021-01-22 22:36:00", "subject": "2", "recorded-or-robo": "Y", "city": "Runnells", "state": "IA", "area-code": "641"}, {"id": "3decc6bfadaa436a105714c6ba4196b9", "number": "2563694811", "date": "2021-01-23 09:10:00", "subject": "0", "recorded-or-robo": "N", "city": "", "state": "AL", "area-code": "256"}, {"id": "1d36742e3f24f50e4e7ae82801d72fdf", "number": "2563694811", "date": "2021-01-23 09:10:00", "subject": "0", "recorded-or-robo": "N", "city": "", "state": "AL", "area-code": "256"}]}