{"data": [{"id": "deca54a6651fb9add5b4a9816cfebd15", "number": "8884230900", "date": "2021-01-21 13:05:00", "subject": "4", "recorded-or-robo": "Y", "city": "Fort  Washington", "state": "MD", "area-code": "301"}, {"id": "e81c9350d54f66c6d33b3747ee69a860", "number": "6184318876", "date": "2021-01-22 11:58:00", "subject": "2", "recorded-or-robo": "N", "city": "CARBONDALE", "state": "IL", "area-code": "618"}, {"id": "deca54a6651fb9add5b4a9816cfeb5c2", "number": "6184318876", "date": "2021-01-22 11:58:00", "subject": "2", "recorded-or-robo": "N", "city": "CARBONDALE", "state": "IL", "area-code": "618"}, {"id": "e81c9350d54f66c6d33b3747eea2e536", "number": "+18603782656", "date": "2021-01-22 19:17:40", "subject": "3", "recorded-or-robo": "Y", "city": "", "state": "CT", "area-code": "860"}, {"id": "1d36742e3f24f50e4e7ae8280137c1bb", "number": "+18603782656", "date": "2021-01-22 19:17:40", "subject": "3", "recorded-or-robo": "Y", "city": "", "state": "CT", "area-code": "860"}, {"id": "e81c9350d54f66c6d33b3747ee6999d2", "number": "6198266317", "date": "2021-01-21 18:36:00", "subject": "8", "recorded-or-robo": "N", "city": "Rochelle", "state": "IL", "area-code": "815"}, {"id": "deca54a6651fb9add5b4a9816cfeb533", "number": "6198266317", "date": "2021-01-21 18:36:00", "subject": "8", "recorded-or-robo": "N", "city": "Rochelle", "state": "IL", "area-code": "815"}, {"id": "e81c9350d54f66c6d33b3747ee69903b", "number": "2029982896", "date": "2021-01-21 13:25:00", "subject": "3", "recorded-or-robo": "Y", "city": "", "state": "UT", "area-code": "801"}, {"id": "deca54a6651fb9add5b4a9816cfea642", "number": "2029982896", "date": "2021-01-21 13:25:00", "subject": "3", "recorded-or-robo": "Y", "city": "", "state": "UT", "area-code": "801"}, {"id": "e81c9350d54f66c6d33b3747ee6981bf", "number": "3156252009", "date": "2021-01-22 15:15:00", "subject": "0", "recorded-or-robo": "", "city": "Camillus", "state": "NY", "area-code": "315"}, {"id": "deca54a6651fb9add5b4a9816cfe9894", "number": "3156252009", "date": "2021-01-22 15:15:00", "subject": "0", "recorded-or-robo": "", "city": "Camillus", "state": "NY", "area-code": "315"}, {"id": "e81c9350d54f66c6d33b3747ee69795b", "number": "3864366413", "date": "2021-01-22 12:27:00", "subject": "3", "recorded-or-robo": "", "city": "", "state": "AR", "area-code": "870"}, {"id": "deca54a6651fb9add5b4a9816cfe8c8a", "number": "3864366413", "date": "2021-01-22 12:27:00", "subject": "3", "recorded-or-robo": "", "city": "", "state": "AR", "area-code": "870"}, {"id": "e81c9350d54f66c6d33b3747eea26b0d", "number": "+18603524525", "date": "2021-01-22 19:17:26", "subject": "3", "recorded-or-robo": "Y", "city": "", "state": "CT", "area-code": "860"}, {"id": "1d36742e3f24f50e4e7ae82801375976", "number": "+18603524525", "date": "2021-01-22 19:17:26", "subject": "3", "recorded-or-robo": "Y", "city": "", "state": "CT", "area-code": "860"}, {"id": "e81c9350d54f66c6d33b3747ee6972d0", "number": "8008419322", "date": "2021-01-22 17:16:00", "subject": "1", "recorded-or-robo": "Y", "city": "Lewisville", "state": "TX", "area-code": "800"}, {"id": "deca54a6651fb9add5b4a9816cfe8ad6", "number": "8008419322", "date": "2021-01-22 17:16:00", "subject": "1", "recorded-or-robo": "Y", "city": "Lewisville", "state": "TX", "area-code": "800"}, {"id": "e81c9350d54f66c6d33b3747ee696f05", "number": "5026176982", "date": "2021-01-22 12:24:00", "subject": "3", "recorded-or-robo": "Y", "city": "", "state": "KY", "area-code": "502"}, {"id": "deca54a6651fb9add5b4a9816cfe8758", "number": "5026176982", "date": "2021-01-22 12:24:00", "subject": "3", "recorded-or-robo": "Y", "city": "", "state": "KY", "area-code": "502"}, {"id": "e81c9350d54f66c6d33b3747ee695f7a", "number": "6508674522", "date": "2021-01-22 17:12:00", "subject": "2", "recorded-or-robo": "Y", "city": "El Paso", "state": "TX", "area-code": "707"}, {"id": "deca54a6651fb9add5b4a9816cfe79e2", "number": "6508674522", "date": "2021-01-22 17:12:00", "subject": "2", "recorded-or-robo": "Y", "city": "El Paso", "state": "TX", "area-code": "707"}, {"id": "e81c9350d54f66c6d33b3747eea3016e", "number": "8604231119", "date": "2021-01-22 19:17:17", "subject": "3", "recorded-or-robo": "Y", "city": "", "state": "CT", "area-code": "860"}, {"id": "e81c9350d54f66c6d33b3747eea2a197", "number": "4793463969", "date": "2021-01-22 19:17:17", "subject": "3", "recorded-or-robo": "Y", "city": "", "state": "AR", "area-code": "479"}, {"id": "1d36742e3f24f50e4e7ae8280137e674", "number": "8604231119", "date": "2021-01-22 19:17:17", "subject": "3", "recorded-or-robo": "Y", "city": "", "state": "CT", "area-code": "860"}, {"id": "1d36742e3f24f50e4e7ae8280137902e", "number": "4793463969", "date": "2021-01-22 19:17:17", "subject": "3", "recorded-or-robo": "Y", "city": "", "state": "AR", "area-code": "479"}, {"id": "e81c9350d54f66c6d33b3747ee6956f1", "number": "", "date": "2021-01-22 15:55:00", "subject": "3", "recorded-or-robo": "Y", "city": "", "state": "CA", "area-code": "661"}, {"id": "deca54a6651fb9add5b4a9816cfe71de", "number": "", "date": "2021-01-22 15:55:00", "subject": "3", "recorded-or-robo": "Y", "city": "", "state": "CA", "area-code": "661"}, {"id": "e81c9350d54f66c6d33b3747ee694823", "number": "4012140203", "date": "2021-01-22 09:36:00", "subject": "2", "recorded-or-robo": "Y", "city": "Rehoboth", "state": "MA", "area-code": "508"}, {"id": "deca54a6651fb9add5b4a9816cfe5c1c", "number": "4012140203", "date": "2021-01-22 09:36:00", "subject": "2", "recorded-or-robo": "Y", "city": "Rehoboth", "state": "MA", "area-code": "508"}, {"id": "e81c9350d54f66c6d33b3747eea26157", "number": "4793463969", "date": "2021-01-22 19:17:14", "subject": "3", "recorded-or-robo": "Y", "city": "", "state": "AR", "area-code": "479"}, {"id": "1d36742e3f24f50e4e7ae82801373f14", "number": "4793463969", "date": "2021-01-22 19:17:14", "subject": "3", "recorded-or-robo": "Y", "city": "", "state": "AR", "area-code": "479"}, {"id": "e81c9350d54f66c6d33b3747eea28787", "number": "9133546600", "date": "2021-01-22 19:17:12", "subject": "3", "recorded-or-robo": "N", "city": "", "state": "KS", "area-code": "913"}, {"id": "e81c9350d54f66c6d33b3747eea25b69", "number": "4107602931", "date": "2021-01-22 19:17:12", "subject": "3", "recorded-or-robo": "Y", "city": "", "state": "MD", "area-code": "410"}, {"id": "1d36742e3f24f50e4e7ae82801378ae3", "number": "9133546600", "date": "2021-01-22 19:17:12", "subject": "3", "recorded-or-robo": "N", "city": "", "state": "KS", "area-code": "913"}, {"id": "1d36742e3f24f50e4e7ae82801373dad", "number": "4107602931", "date": "2021-01-22 19:17:12", "subject": "3", "recorded-or-robo": "Y", "city": "", "state": "MD", "area-code": "410"}, {"id": "e81c9350d54f66c6d33b3747eea2257b", "number": "+18602944174", "date": "2021-01-22 19:17:10", "subject": "3", "recorded-or-robo": "Y", "city": "", "state": "CT", "area-code": "860"}, {"id": "1d36742e3f24f50e4e7ae8280136fd23", "number": "+18602944174", "date": "2021-01-22 19:17:10", "subject": "3", "recorded-or-robo": "Y", "city": "", "state": "CT", "area-code": "860"}, {"id": "e81c9350d54f66c6d33b3747eea31620", "number": "8508447510", "date": "2021-01-22 19:17:09", "subject": "3", "recorded-or-robo": "Y", "city": "", "state": "FL", "area-code": "850"}, {"id": "1d36742e3f24f50e4e7ae8280138114d", "number": "8508447510", "date": "2021-01-22 19:17:09", "subject": "3", "recorded-or-robo": "Y", "city": "", "state": "FL", "area-code": "850"}, {"id": "e81c9350d54f66c6d33b3747ee693c82", "number": "", "date": "2021-01-22 05:44:00", "subject": "0", "recorded-or-robo": "", "city": "Rowlett", "state": "TX", "area-code": "214"}, {"id": "deca54a6651fb9add5b4a9816cfe5200", "number": "", "date": "2021-01-22 05:44:00", "subject": "0", "recorded-or-robo": "", "city": "Rowlett", "state": "TX", "area-code": "214"}, {"id": "e81c9350d54f66c6d33b3747ee6937a0", "number": "5167662519", "date": "2021-01-21 12:13:00", "subject": "3", "recorded-or-robo": "", "city": "", "state": "NY", "area-code": "516"}, {"id": "deca54a6651fb9add5b4a9816cfe4301", "number": "5167662519", "date": "2021-01-21 12:13:00", "subject": "3", "recorded-or-robo": "", "city": "", "state": "NY", "area-code": "516"}, {"id": "e81c9350d54f66c6d33b3747ee69296b", "number": "2628887697", "date": "2021-01-22 09:44:00", "subject": "4", "recorded-or-robo": "N", "city": "", "state": "CA", "area-code": "909"}, {"id": "deca54a6651fb9add5b4a9816cfe3f88", "number": "2628887697", "date": "2021-01-22 09:44:00", "subject": "4", "recorded-or-robo": "N", "city": "", "state": "CA", "area-code": "909"}, {"id": "e81c9350d54f66c6d33b3747eea24b49", "number": "7472653530", "date": "2021-01-22 19:16:56", "subject": "3", "recorded-or-robo": "Y", "city": "", "state": "CA", "area-code": "626"}, {"id": "1d36742e3f24f50e4e7ae82801373410", "number": "7472653530", "date": "2021-01-22 19:16:56", "subject": "3", "recorded-or-robo": "Y", "city": "", "state": "CA", "area-code": "626"}, {"id": "e81c9350d54f66c6d33b3747eea30e4d", "number": "8606786193", "date": "2021-01-22 19:16:55", "subject": "3", "recorded-or-robo": "Y", "city": "", "state": "CT", "area-code": "860"}, {"id": "1d36742e3f24f50e4e7ae828013802d5", "number": "8606786193", "date": "2021-01-22 19:16:55", "subject": "3", "recorded-or-robo": "Y", "city": "", "state": "CT", "area-code": "860"}, {"id": "e81c9350d54f66c6d33b3747eea30d06", "number": "+16172214028", "date": "2021-01-22 19:16:54", "subject": "3", "recorded-or-robo": "Y", "city": "", "state": "CT", "area-code": "860"}]}