{"data": [{"id": "1d36742e3f24f50e4e7ae82801504b17", "number": "7603723291", "date": "2021-01-22 22:29:15", "subject": "3", "recorded-or-robo": "N", "city": "", "state": "CA", "area-code": "760"}, {"id": "e81c9350d54f66c6d33b3747eebb4281", "number": "4172958125", "date": "2021-01-22 22:29:08", "subject": "3", "recorded-or-robo": "Y", "city": "", "state": "MO", "area-code": "314"}, {"id": "1d36742e3f24f50e4e7ae82801505b57", "number": "4172958125", "date": "2021-01-22 22:29:08", "subject": "3", "recorded-or-robo": "Y", "city": "", "state": "MO", "area-code": "314"}, {"id": "e81c9350d54f66c6d33b3747eebba97e", "number": "4172958125", "date": "2021-01-22 22:29:07", "subject": "3", "recorded-or-robo": "Y", "city": "", "state": "MO", "area-code": "314"}, {"id": "1d36742e3f24f50e4e7ae8280150d60d", "number": "4172958125", "date": "2021-01-22 22:29:07", "subject": "3", "recorded-or-robo": "Y", "city": "", "state": "MO", "area-code": "314"}, {"id": "e81c9350d54f66c6d33b3747eebb783f", "number": "+18134329368", "date": "2021-01-22 22:29:06", "subject": "3", "recorded-or-robo": "N", "city": "", "state": "FL", "area-code": "813"}, {"id": "e81c9350d54f66c6d33b3747eebb70bc", "number": "3056949209", "date": "2021-01-22 22:29:06", "subject": "3", "recorded-or-robo": "Y", "city": "", "state": "FL", "area-code": "305"}, {"id": "1d36742e3f24f50e4e7ae82801508ed7", "number": "+18134329368", "date": "2021-01-22 22:29:06", "subject": "3", "recorded-or-robo": "N", "city": "", "state": "FL", "area-code": "813"}, {"id": "1d36742e3f24f50e4e7ae828015087ac", "number": "3056949209", "date": "2021-01-22 22:29:06", "subject": "3", "recorded-or-robo": "Y", "city": "", "state": "FL", "area-code": "305"}, {"id": "e81c9350d54f66c6d33b3747eebb18d9", "number": "+18043793527", "date": "2021-01-22 22:29:01", "subject": "3", "recorded-or-robo": "Y", "city": "", "state": "CA", "area-code": "323"}, {"id": "1d36742e3f24f50e4e7ae82801503265", "number": "+18043793527", "date": "2021-01-22 22:29:01", "subject": "3", "recorded-or-robo": "Y", "city": "", "state": "CA", "area-code": "323"}, {"id": "e81c9350d54f66c6d33b3747ee927820", "number": "4356026415", "date": "2021-01-22 12:15:00", "subject": "2", "recorded-or-robo": "N", "city": "Ogden", "state": "UT", "area-code": "801"}, {"id": "1d36742e3f24f50e4e7ae8280127eca9", "number": "4356026415", "date": "2021-01-22 12:15:00", "subject": "2", "recorded-or-robo": "N", "city": "Ogden", "state": "UT", "area-code": "801"}, {"id": "e81c9350d54f66c6d33b3747eebb09a5", "number": "+13232786602", "date": "2021-01-22 22:28:41", "subject": "3", "recorded-or-robo": "Y", "city": "", "state": "CA", "area-code": "559"}, {"id": "1d36742e3f24f50e4e7ae828015026e8", "number": "+13232786602", "date": "2021-01-22 22:28:41", "subject": "3", "recorded-or-robo": "Y", "city": "", "state": "CA", "area-code": "559"}, {"id": "e81c9350d54f66c6d33b3747eebb8bae", "number": "+18138172211", "date": "2021-01-22 22:28:31", "subject": "3", "recorded-or-robo": "N", "city": "", "state": "FL", "area-code": "813"}, {"id": "1d36742e3f24f50e4e7ae82801509d8c", "number": "+18138172211", "date": "2021-01-22 22:28:31", "subject": "3", "recorded-or-robo": "N", "city": "", "state": "FL", "area-code": "813"}, {"id": "e81c9350d54f66c6d33b3747ee9276f5", "number": "5717718891", "date": "2021-01-22 14:11:00", "subject": "2", "recorded-or-robo": "N", "city": "", "state": "MD", "area-code": "301"}, {"id": "1d36742e3f24f50e4e7ae8280127e873", "number": "5717718891", "date": "2021-01-22 14:11:00", "subject": "2", "recorded-or-robo": "N", "city": "", "state": "MD", "area-code": "301"}, {"id": "e81c9350d54f66c6d33b3747eebb9a9c", "number": "8176409160", "date": "2021-01-22 22:28:28", "subject": "3", "recorded-or-robo": "Y", "city": "", "state": "IL", "area-code": "312"}, {"id": "1d36742e3f24f50e4e7ae8280150b6b3", "number": "8176409160", "date": "2021-01-22 22:28:28", "subject": "3", "recorded-or-robo": "Y", "city": "", "state": "IL", "area-code": "312"}, {"id": "e81c9350d54f66c6d33b3747eebae772", "number": "7042108665", "date": "2021-01-22 22:28:21", "subject": "3", "recorded-or-robo": "N", "city": "", "state": "ID", "area-code": "208"}, {"id": "1d36742e3f24f50e4e7ae82801500885", "number": "7042108665", "date": "2021-01-22 22:28:21", "subject": "3", "recorded-or-robo": "N", "city": "", "state": "ID", "area-code": "208"}, {"id": "e81c9350d54f66c6d33b3747ee9274c2", "number": "4356026415", "date": "2021-01-22 12:14:00", "subject": "2", "recorded-or-robo": "N", "city": "Ogden", "state": "UT", "area-code": "801"}, {"id": "1d36742e3f24f50e4e7ae8280127e7ce", "number": "4356026415", "date": "2021-01-22 12:14:00", "subject": "2", "recorded-or-robo": "N", "city": "Ogden", "state": "UT", "area-code": "801"}, {"id": "e81c9350d54f66c6d33b3747eebab9f5", "number": "8475728737", "date": "2021-01-22 22:27:40", "subject": "3", "recorded-or-robo": "N", "city": "", "state": "IL", "area-code": "847"}, {"id": "1d36742e3f24f50e4e7ae828014fe4b8", "number": "8475728737", "date": "2021-01-22 22:27:40", "subject": "3", "recorded-or-robo": "N", "city": "", "state": "IL", "area-code": "847"}, {"id": "e81c9350d54f66c6d33b3747eebadf34", "number": "6122303145", "date": "2021-01-22 22:27:33", "subject": "3", "recorded-or-robo": "Y", "city": "", "state": "MN", "area-code": "952"}, {"id": "1d36742e3f24f50e4e7ae82801500157", "number": "6122303145", "date": "2021-01-22 22:27:33", "subject": "3", "recorded-or-robo": "Y", "city": "", "state": "MN", "area-code": "952"}, {"id": "e81c9350d54f66c6d33b3747ee926bfa", "number": "7345310935", "date": "2021-01-22 12:09:00", "subject": "3", "recorded-or-robo": "Y", "city": "", "state": "MI", "area-code": "734"}, {"id": "1d36742e3f24f50e4e7ae8280127d8ff", "number": "7345310935", "date": "2021-01-22 12:09:00", "subject": "3", "recorded-or-robo": "Y", "city": "", "state": "MI", "area-code": "734"}, {"id": "e81c9350d54f66c6d33b3747eebacf4f", "number": "7632009133", "date": "2021-01-22 22:26:56", "subject": "3", "recorded-or-robo": "Y", "city": "", "state": "MN", "area-code": "952"}, {"id": "1d36742e3f24f50e4e7ae828014ffa2b", "number": "7632009133", "date": "2021-01-22 22:26:56", "subject": "3", "recorded-or-robo": "Y", "city": "", "state": "MN", "area-code": "952"}, {"id": "e81c9350d54f66c6d33b3747eebb11ad", "number": "+14157675166", "date": "2021-01-22 22:26:36", "subject": "3", "recorded-or-robo": "Y", "city": "", "state": "CA", "area-code": "661"}, {"id": "1d36742e3f24f50e4e7ae82801503092", "number": "+14157675166", "date": "2021-01-22 22:26:36", "subject": "3", "recorded-or-robo": "Y", "city": "", "state": "CA", "area-code": "661"}, {"id": "e81c9350d54f66c6d33b3747eebba4f0", "number": "9156331767", "date": "2021-01-22 22:26:30", "subject": "3", "recorded-or-robo": "Y", "city": "", "state": "TX", "area-code": "915"}, {"id": "1d36742e3f24f50e4e7ae8280150c91a", "number": "9156331767", "date": "2021-01-22 22:26:30", "subject": "3", "recorded-or-robo": "Y", "city": "", "state": "TX", "area-code": "915"}, {"id": "e81c9350d54f66c6d33b3747eebb93d9", "number": "9156331767", "date": "2021-01-22 22:26:29", "subject": "3", "recorded-or-robo": "Y", "city": "", "state": "TX", "area-code": "915"}, {"id": "1d36742e3f24f50e4e7ae8280150a7d5", "number": "9156331767", "date": "2021-01-22 22:26:29", "subject": "3", "recorded-or-robo": "Y", "city": "", "state": "TX", "area-code": "915"}, {"id": "e81c9350d54f66c6d33b3747eebae3dc", "number": "2342388635", "date": "2021-01-22 22:26:28", "subject": "3", "recorded-or-robo": "Y", "city": "", "state": "WA", "area-code": "360"}, {"id": "1d36742e3f24f50e4e7ae82801500565", "number": "2342388635", "date": "2021-01-22 22:26:28", "subject": "3", "recorded-or-robo": "Y", "city": "", "state": "WA", "area-code": "360"}, {"id": "e81c9350d54f66c6d33b3747ee925c1e", "number": "3152328257", "date": "2021-01-22 13:10:00", "subject": "1", "recorded-or-robo": "Y", "city": "Florissant", "state": "MO", "area-code": "314"}, {"id": "1d36742e3f24f50e4e7ae8280127d42b", "number": "3152328257", "date": "2021-01-22 13:10:00", "subject": "1", "recorded-or-robo": "Y", "city": "Florissant", "state": "MO", "area-code": "314"}, {"id": "e81c9350d54f66c6d33b3747ee92518a", "number": "6624692055", "date": "2021-01-22 19:17:00", "subject": "2", "recorded-or-robo": "Y", "city": "", "state": "MD", "area-code": "301"}, {"id": "1d36742e3f24f50e4e7ae8280127d222", "number": "6624692055", "date": "2021-01-22 19:17:00", "subject": "2", "recorded-or-robo": "Y", "city": "", "state": "MD", "area-code": "301"}, {"id": "e81c9350d54f66c6d33b3747eebb7c5f", "number": "7344788094", "date": "2021-01-22 22:25:55", "subject": "3", "recorded-or-robo": "Y", "city": "", "state": "TX", "area-code": "832"}, {"id": "1d36742e3f24f50e4e7ae82801509692", "number": "7344788094", "date": "2021-01-22 22:25:55", "subject": "3", "recorded-or-robo": "Y", "city": "", "state": "TX", "area-code": "832"}, {"id": "e81c9350d54f66c6d33b3747eebb4bbb", "number": "4077980296", "date": "2021-01-22 22:25:48", "subject": "3", "recorded-or-robo": "Y", "city": "", "state": "FL", "area-code": "407"}, {"id": "1d36742e3f24f50e4e7ae8280150698a", "number": "4077980296", "date": "2021-01-22 22:25:48", "subject": "3", "recorded-or-robo": "Y", "city": "", "state": "FL", "area-code": "407"}, {"id": "e81c9350d54f66c6d33b3747eebac86a", "number": "4077980296", "date": "2021-01-22 22:25:47", "subject": "3", "recorded-or-robo": "Y", "city": "", "state": "FL", "area-code": "407"}]}