{"data": [{"id": "3decc6bfadaa436a105714c6bae8973a", "number": "2542779968", "date": "2021-01-11 09:51:00", "subject": "2", "recorded-or-robo": "Y", "city": "Central Bridge", "state": "NY", "area-code": "518"}, {"id": "3decc6bfadaa436a105714c6bae8932d", "number": "5406612321", "date": "2021-01-26 08:30:00", "subject": "1", "recorded-or-robo": "Y", "city": "", "state": "VA", "area-code": "540"}, {"id": "3decc6bfadaa436a105714c6bae889d0", "number": "4693953927", "date": "2021-01-11 08:00:00", "subject": "2", "recorded-or-robo": "Y", "city": "Central Bridge", "state": "NY", "area-code": "518"}, {"id": "3decc6bfadaa436a105714c6bae886d5", "number": "9193897331", "date": "2021-01-25 14:37:00", "subject": "0", "recorded-or-robo": "Y", "city": "Apex", "state": "NC", "area-code": "919"}, {"id": "3decc6bfadaa436a105714c6bae886ab", "number": "7864641415", "date": "2021-01-26 07:30:00", "subject": "5", "recorded-or-robo": "N", "city": "", "state": "MN", "area-code": "651"}, {"id": "3decc6bfadaa436a105714c6bae87798", "number": "8774776855", "date": "2021-01-25 18:03:00", "subject": "2", "recorded-or-robo": "Y", "city": "Cologne", "state": "MN", "area-code": "952"}, {"id": "3decc6bfadaa436a105714c6bae873a5", "number": "9737685206", "date": "2021-01-26 08:36:00", "subject": "0", "recorded-or-robo": "Y", "city": "Millburn", "state": "NJ", "area-code": "973"}, {"id": "3decc6bfadaa436a105714c6bae86d4b", "number": "2532625718", "date": "2021-01-10 09:20:00", "subject": "2", "recorded-or-robo": "Y", "city": "Central Bridge", "state": "NY", "area-code": "518"}, {"id": "3decc6bfadaa436a105714c6bae8649e", "number": "4432320175", "date": "2021-01-25 09:10:00", "subject": "2", "recorded-or-robo": "N", "city": "Queesntown", "state": "MD", "area-code": "443"}, {"id": "3decc6bfadaa436a105714c6bae85f14", "number": "8774776855", "date": "2021-01-21 17:37:00", "subject": "2", "recorded-or-robo": "Y", "city": "Cologne", "state": "MN", "area-code": "952"}, {"id": "3decc6bfadaa436a105714c6bae858fa", "number": "7733891105", "date": "2021-01-26 08:36:00", "subject": "9", "recorded-or-robo": "N", "city": "Washington", "state": "Do", "area-code": "202"}, {"id": "3decc6bfadaa436a105714c6bae84cf5", "number": "2029683613", "date": "2021-01-08 11:17:00", "subject": "2", "recorded-or-robo": "Y", "city": "Central Bridge", "state": "NY", "area-code": "518"}, {"id": "3decc6bfadaa436a105714c6bae83dd7", "number": "8774776855", "date": "2021-01-25 11:11:00", "subject": "2", "recorded-or-robo": "Y", "city": "Cologne", "state": "MN", "area-code": "952"}, {"id": "3decc6bfadaa436a105714c6bae82c74", "number": "7177089248", "date": "2021-01-26 08:34:00", "subject": "3", "recorded-or-robo": "", "city": "", "state": "TN", "area-code": "423"}, {"id": "3decc6bfadaa436a105714c6bae83834", "number": "8582643973", "date": "2021-01-05 13:27:00", "subject": "2", "recorded-or-robo": "Y", "city": "Central Bridge", "state": "NY", "area-code": "518"}, {"id": "3decc6bfadaa436a105714c6bae82fb7", "number": "7182447118", "date": "2021-01-26 06:32:00", "subject": "2", "recorded-or-robo": "Y", "city": "Tempe", "state": "AZ", "area-code": "480"}, {"id": "3decc6bfadaa436a105714c6bae80584", "number": "2602648462", "date": "2021-01-26 08:29:00", "subject": "3", "recorded-or-robo": "N", "city": "", "state": "IN", "area-code": "317"}, {"id": "3decc6bfadaa436a105714c6bae82192", "number": "5056086625", "date": "2021-01-18 08:15:00", "subject": "0", "recorded-or-robo": "", "city": "Albuquerque", "state": "NM", "area-code": "505"}, {"id": "3decc6bfadaa436a105714c6bae81317", "number": "3605596154", "date": "2021-01-04 09:41:00", "subject": "2", "recorded-or-robo": "Y", "city": "Central Bridge", "state": "NY", "area-code": "518"}, {"id": "3decc6bfadaa436a105714c6bae7f983", "number": "3035028401", "date": "2021-01-25 17:09:00", "subject": "0", "recorded-or-robo": "Y", "city": "Hendersonville", "state": "NC", "area-code": "828"}, {"id": "3decc6bfadaa436a105714c6bae7eb75", "number": "2399770727", "date": "2021-01-02 00:00:00", "subject": "6", "recorded-or-robo": "Y", "city": "Central Bridge", "state": "NY", "area-code": "518"}, {"id": "3decc6bfadaa436a105714c6bae7e8a1", "number": "7038511790", "date": "2021-01-26 08:26:00", "subject": "3", "recorded-or-robo": "Y", "city": "", "state": "VA", "area-code": "703"}, {"id": "3decc6bfadaa436a105714c6bae7dff6", "number": "6814147137", "date": "2021-01-25 19:27:00", "subject": "0", "recorded-or-robo": "Y", "city": "Clarksburg", "state": "WV", "area-code": "304"}, {"id": "3decc6bfadaa436a105714c6bae7d1a7", "number": "6502494363", "date": "2021-01-21 11:36:00", "subject": "0", "recorded-or-robo": "", "city": "Albuquerque", "state": "CA", "area-code": "650"}, {"id": "3decc6bfadaa436a105714c6bae7c526", "number": "3042499105", "date": "2021-01-25 19:22:00", "subject": "0", "recorded-or-robo": "Y", "city": "Clarksburg", "state": "WV", "area-code": "304"}, {"id": "3decc6bfadaa436a105714c6bae7b82a", "number": "8668433526", "date": "2021-01-26 08:16:00", "subject": "2", "recorded-or-robo": "Y", "city": "PAWLEYS ISLAND", "state": "SC", "area-code": "843"}, {"id": "3decc6bfadaa436a105714c6bae7ac1d", "number": "", "date": "2021-01-26 00:00:00", "subject": "2", "recorded-or-robo": "N", "city": "", "state": "IL", "area-code": "217"}, {"id": "3decc6bfadaa436a105714c6bae7ab0a", "number": "7865990331", "date": "2021-01-25 20:43:00", "subject": "3", "recorded-or-robo": "Y", "city": "", "state": "PA", "area-code": "610"}, {"id": "3decc6bfadaa436a105714c6bae7a8ff", "number": "5714916109", "date": "2021-01-25 14:21:00", "subject": "0", "recorded-or-robo": "Y", "city": "Hendersonville", "state": "NC", "area-code": "828"}, {"id": "3decc6bfadaa436a105714c6bae79d06", "number": "3049019167", "date": "2021-01-25 17:11:00", "subject": "0", "recorded-or-robo": "Y", "city": "Clarksburg", "state": "WV", "area-code": "304"}, {"id": "3decc6bfadaa436a105714c6bae78dd9", "number": "6235231062", "date": "2021-01-19 13:58:00", "subject": "0", "recorded-or-robo": "", "city": "Albuquerque", "state": "CA", "area-code": "650"}, {"id": "3decc6bfadaa436a105714c6bae78665", "number": "7083030608", "date": "2021-01-25 20:44:00", "subject": "3", "recorded-or-robo": "Y", "city": "", "state": "PA", "area-code": "610"}, {"id": "3decc6bfadaa436a105714c6bae77b05", "number": "", "date": "2021-01-22 00:00:00", "subject": "4", "recorded-or-robo": "Y", "city": "", "state": "IL", "area-code": "217"}, {"id": "3decc6bfadaa436a105714c6bae76fc0", "number": "3046241344", "date": "2021-01-25 12:52:00", "subject": "0", "recorded-or-robo": "Y", "city": "Clarksburg", "state": "WV", "area-code": "304"}, {"id": "3decc6bfadaa436a105714c6bae76da0", "number": "2703196833", "date": "2021-01-26 08:09:00", "subject": "1", "recorded-or-robo": "Y", "city": "Radcliff", "state": "KY", "area-code": "270"}, {"id": "3decc6bfadaa436a105714c6bae75f2e", "number": "3046242496", "date": "2021-01-25 09:40:00", "subject": "0", "recorded-or-robo": "Y", "city": "Clarksburg", "state": "WV", "area-code": "304"}, {"id": "3decc6bfadaa436a105714c6bae7583a", "number": "4044134289", "date": "2021-01-25 20:22:00", "subject": "0", "recorded-or-robo": "Y", "city": "Hendersonville", "state": "NC", "area-code": "828"}, {"id": "3decc6bfadaa436a105714c6bae74eb2", "number": "6094628027", "date": "2021-01-07 08:30:00", "subject": "0", "recorded-or-robo": "", "city": "Albuquerque", "state": "NM", "area-code": "650"}, {"id": "3decc6bfadaa436a105714c6bae7466f", "number": "2697993668", "date": "2021-01-26 20:20:00", "subject": "6", "recorded-or-robo": "N", "city": "wayland", "state": "MI", "area-code": "269"}, {"id": "3decc6bfadaa436a105714c6bae73ebe", "number": "2159967362", "date": "2021-01-25 11:47:00", "subject": "0", "recorded-or-robo": "Y", "city": "Hendersonville", "state": "NC", "area-code": "828"}, {"id": "3decc6bfadaa436a105714c6bae73446", "number": "2675708321", "date": "2021-01-02 09:00:00", "subject": "0", "recorded-or-robo": "", "city": "", "state": "NY", "area-code": "631"}, {"id": "3decc6bfadaa436a105714c6bae727ca", "number": "9105059038", "date": "2021-01-26 08:15:00", "subject": "2", "recorded-or-robo": "N", "city": "", "state": "NC", "area-code": "910"}, {"id": "3decc6bfadaa436a105714c6bae71cd7", "number": "6033665692", "date": "2021-01-26 08:20:00", "subject": "16", "recorded-or-robo": "N", "city": "", "state": "NH", "area-code": "603"}, {"id": "3decc6bfadaa436a105714c6bae71880", "number": "", "date": "2021-01-25 15:27:00", "subject": "1", "recorded-or-robo": "Y", "city": "Plainwell", "state": "MI", "area-code": "269"}, {"id": "3decc6bfadaa436a105714c6bae70e70", "number": "4028354974", "date": "2021-01-25 13:31:00", "subject": "2", "recorded-or-robo": "", "city": "", "state": "NE", "area-code": "402"}, {"id": "3decc6bfadaa436a105714c6bae70186", "number": "7708973994", "date": "2021-01-26 08:00:00", "subject": "1", "recorded-or-robo": "Y", "city": "senoia", "state": "GA", "area-code": "770"}, {"id": "3decc6bfadaa436a105714c6bae6fbeb", "number": "9105059038", "date": "2021-01-26 08:15:00", "subject": "2", "recorded-or-robo": "N", "city": "", "state": "NC", "area-code": "910"}, {"id": "3decc6bfadaa436a105714c6bae6f9b5", "number": "2082022421", "date": "2021-01-25 13:02:00", "subject": "2", "recorded-or-robo": "", "city": "BAXLEY", "state": "GA", "area-code": "912"}, {"id": "3decc6bfadaa436a105714c6bae6f3eb", "number": "3373673077", "date": "2021-01-25 16:27:00", "subject": "2", "recorded-or-robo": "", "city": "", "state": "NE", "area-code": "402"}, {"id": "3decc6bfadaa436a105714c6bae6f0d8", "number": "2546808436", "date": "2021-01-25 16:25:00", "subject": "3", "recorded-or-robo": "Y", "city": "", "state": "TX", "area-code": "254"}]}