{"data": [{"id": "deca54a6651fb9add5b4a9816cfbda90", "number": "", "date": "2021-01-22 18:30:00", "subject": "5", "recorded-or-robo": "Y", "city": "Centreville", "state": "VA", "area-code": "800"}, {"id": "deca54a6651fb9add5b4a9816cfbceed", "number": "8608612932", "date": "2021-01-22 19:10:00", "subject": "2", "recorded-or-robo": "Y", "city": "", "state": "CT", "area-code": "203"}, {"id": "1d36742e3f24f50e4e7ae8280136bf8d", "number": "+15018173456", "date": "2021-01-22 19:11:18", "subject": "3", "recorded-or-robo": "Y", "city": "", "state": "TX", "area-code": "214"}, {"id": "e81c9350d54f66c6d33b3747ee66ce6f", "number": "7032537000", "date": "2021-01-22 16:42:00", "subject": "3", "recorded-or-robo": "Y", "city": "Waldorf", "state": "MD", "area-code": "301"}, {"id": "deca54a6651fb9add5b4a9816cfbbfe6", "number": "7032537000", "date": "2021-01-22 16:42:00", "subject": "3", "recorded-or-robo": "Y", "city": "Waldorf", "state": "MD", "area-code": "301"}, {"id": "e81c9350d54f66c6d33b3747eea21051", "number": "+16147861299", "date": "2021-01-22 19:11:09", "subject": "3", "recorded-or-robo": "Y", "city": "", "state": "AZ", "area-code": "480"}, {"id": "1d36742e3f24f50e4e7ae8280136e467", "number": "+16147861299", "date": "2021-01-22 19:11:09", "subject": "3", "recorded-or-robo": "Y", "city": "", "state": "AZ", "area-code": "480"}, {"id": "e81c9350d54f66c6d33b3747ee66c008", "number": "3854496739", "date": "2021-01-21 13:44:00", "subject": "3", "recorded-or-robo": "Y", "city": "", "state": "UT", "area-code": "801"}, {"id": "deca54a6651fb9add5b4a9816cfbb41f", "number": "3854496739", "date": "2021-01-21 13:44:00", "subject": "3", "recorded-or-robo": "Y", "city": "", "state": "UT", "area-code": "801"}, {"id": "e81c9350d54f66c6d33b3747ee66bf46", "number": "5715171077", "date": "2020-10-31 14:38:00", "subject": "0", "recorded-or-robo": "Y", "city": "Manassas", "state": "VA", "area-code": "703"}, {"id": "deca54a6651fb9add5b4a9816cfba488", "number": "5715171077", "date": "2020-10-31 14:38:00", "subject": "0", "recorded-or-robo": "Y", "city": "Manassas", "state": "VA", "area-code": "703"}, {"id": "e81c9350d54f66c6d33b3747ee66b7a0", "number": "3143568865", "date": "2021-01-22 16:37:00", "subject": "2", "recorded-or-robo": "Y", "city": "ALLEN PARK", "state": "MI", "area-code": "313"}, {"id": "deca54a6651fb9add5b4a9816cfba3fc", "number": "3143568865", "date": "2021-01-22 16:37:00", "subject": "2", "recorded-or-robo": "Y", "city": "ALLEN PARK", "state": "MI", "area-code": "313"}, {"id": "e81c9350d54f66c6d33b3747ee66acb4", "number": "8589234104", "date": "2021-01-22 16:02:00", "subject": "3", "recorded-or-robo": "", "city": "", "state": "CA", "area-code": "858"}, {"id": "deca54a6651fb9add5b4a9816cfb99cb", "number": "8589234104", "date": "2021-01-22 16:02:00", "subject": "3", "recorded-or-robo": "", "city": "", "state": "CA", "area-code": "858"}, {"id": "e81c9350d54f66c6d33b3747ee66a395", "number": "6618853853", "date": "2021-01-21 12:00:00", "subject": "1", "recorded-or-robo": "N", "city": "Williamsport", "state": "MD", "area-code": "301"}, {"id": "deca54a6651fb9add5b4a9816cfb93d4", "number": "6618853853", "date": "2021-01-21 12:00:00", "subject": "1", "recorded-or-robo": "N", "city": "Williamsport", "state": "MD", "area-code": "301"}, {"id": "e81c9350d54f66c6d33b3747eea20127", "number": "5138665030", "date": "2021-01-22 19:10:54", "subject": "3", "recorded-or-robo": "Y", "city": "", "state": "NV", "area-code": "702"}, {"id": "1d36742e3f24f50e4e7ae8280136cd18", "number": "5138665030", "date": "2021-01-22 19:10:54", "subject": "3", "recorded-or-robo": "Y", "city": "", "state": "NV", "area-code": "702"}, {"id": "e81c9350d54f66c6d33b3747ee669870", "number": "3013100131", "date": "2021-01-22 18:37:00", "subject": "0", "recorded-or-robo": "Y", "city": "Fort  Washington", "state": "MD", "area-code": "301"}, {"id": "deca54a6651fb9add5b4a9816cfb8cb2", "number": "3013100131", "date": "2021-01-22 18:37:00", "subject": "0", "recorded-or-robo": "Y", "city": "Fort  Washington", "state": "MD", "area-code": "301"}, {"id": "e81c9350d54f66c6d33b3747ee668e34", "number": "4696631546", "date": "2021-01-22 09:44:00", "subject": "2", "recorded-or-robo": "N", "city": "DALLAS", "state": "TX", "area-code": "214"}, {"id": "deca54a6651fb9add5b4a9816cfb87b7", "number": "4696631546", "date": "2021-01-22 09:44:00", "subject": "2", "recorded-or-robo": "N", "city": "DALLAS", "state": "TX", "area-code": "214"}, {"id": "e81c9350d54f66c6d33b3747eea1cd84", "number": "7088744714", "date": "2021-01-22 19:10:40", "subject": "3", "recorded-or-robo": "Y", "city": "", "state": "IL", "area-code": "708"}, {"id": "e81c9350d54f66c6d33b3747ee668872", "number": "7736586388", "date": "2021-01-22 18:06:00", "subject": "3", "recorded-or-robo": "N", "city": "", "state": "IL", "area-code": "773"}, {"id": "deca54a6651fb9add5b4a9816cfb7c62", "number": "7736586388", "date": "2021-01-22 18:06:00", "subject": "3", "recorded-or-robo": "N", "city": "", "state": "IL", "area-code": "773"}, {"id": "1d36742e3f24f50e4e7ae8280136a7d8", "number": "7088744714", "date": "2021-01-22 19:10:40", "subject": "3", "recorded-or-robo": "Y", "city": "", "state": "IL", "area-code": "708"}, {"id": "e81c9350d54f66c6d33b3747eea204b7", "number": "7085058693", "date": "2021-01-22 19:10:39", "subject": "3", "recorded-or-robo": "N", "city": "", "state": "IL", "area-code": "708"}, {"id": "e81c9350d54f66c6d33b3747eea19f0e", "number": "+18595238520", "date": "2021-01-22 19:10:39", "subject": "3", "recorded-or-robo": "Y", "city": "", "state": "KY", "area-code": "859"}, {"id": "1d36742e3f24f50e4e7ae8280136d879", "number": "7085058693", "date": "2021-01-22 19:10:39", "subject": "3", "recorded-or-robo": "N", "city": "", "state": "IL", "area-code": "708"}, {"id": "1d36742e3f24f50e4e7ae828013679d0", "number": "+18595238520", "date": "2021-01-22 19:10:39", "subject": "3", "recorded-or-robo": "Y", "city": "", "state": "KY", "area-code": "859"}, {"id": "e81c9350d54f66c6d33b3747ee667efd", "number": "3013074696", "date": "2021-01-22 15:35:00", "subject": "3", "recorded-or-robo": "N", "city": "Waldorf", "state": "MD", "area-code": "301"}, {"id": "deca54a6651fb9add5b4a9816cfb6dda", "number": "3013074696", "date": "2021-01-22 15:35:00", "subject": "3", "recorded-or-robo": "N", "city": "Waldorf", "state": "MD", "area-code": "301"}, {"id": "e81c9350d54f66c6d33b3747ee666f91", "number": "4407218611", "date": "2021-01-22 17:04:00", "subject": "0", "recorded-or-robo": "Y", "city": "Mayfield Heights", "state": "OH", "area-code": "440"}, {"id": "deca54a6651fb9add5b4a9816cfb63df", "number": "4407218611", "date": "2021-01-22 17:04:00", "subject": "0", "recorded-or-robo": "Y", "city": "Mayfield Heights", "state": "OH", "area-code": "440"}, {"id": "e81c9350d54f66c6d33b3747eea1da91", "number": "7085684410", "date": "2021-01-22 19:10:21", "subject": "3", "recorded-or-robo": "N", "city": "", "state": "IL", "area-code": "708"}, {"id": "1d36742e3f24f50e4e7ae8280136b2f5", "number": "7085684410", "date": "2021-01-22 19:10:21", "subject": "3", "recorded-or-robo": "N", "city": "", "state": "IL", "area-code": "708"}, {"id": "e81c9350d54f66c6d33b3747eea1baca", "number": "8179853882", "date": "2021-01-22 19:10:13", "subject": "3", "recorded-or-robo": "Y", "city": "", "state": "TX", "area-code": "817"}, {"id": "1d36742e3f24f50e4e7ae828013693aa", "number": "8179853882", "date": "2021-01-22 19:10:13", "subject": "3", "recorded-or-robo": "Y", "city": "", "state": "TX", "area-code": "817"}, {"id": "e81c9350d54f66c6d33b3747ee666d57", "number": "3025721484", "date": "2021-01-20 12:01:00", "subject": "2", "recorded-or-robo": "N", "city": "", "state": "CA", "area-code": "909"}, {"id": "deca54a6651fb9add5b4a9816cfb5942", "number": "3025721484", "date": "2021-01-20 12:01:00", "subject": "2", "recorded-or-robo": "N", "city": "", "state": "CA", "area-code": "909"}, {"id": "e81c9350d54f66c6d33b3747ee666126", "number": "9726739323", "date": "2021-01-22 11:14:00", "subject": "2", "recorded-or-robo": "N", "city": "ALLEN", "state": "TX", "area-code": "972"}, {"id": "deca54a6651fb9add5b4a9816cfb5340", "number": "9726739323", "date": "2021-01-22 11:14:00", "subject": "2", "recorded-or-robo": "N", "city": "ALLEN", "state": "TX", "area-code": "972"}, {"id": "e81c9350d54f66c6d33b3747ee665e87", "number": "8888030821", "date": "2021-01-22 12:00:00", "subject": "2", "recorded-or-robo": "Y", "city": "Anaheim", "state": "CA", "area-code": "213"}, {"id": "deca54a6651fb9add5b4a9816cfb5101", "number": "8888030821", "date": "2021-01-22 12:00:00", "subject": "2", "recorded-or-robo": "Y", "city": "Anaheim", "state": "CA", "area-code": "213"}, {"id": "e81c9350d54f66c6d33b3747ee6650e7", "number": "5053477768", "date": "2021-01-22 15:01:00", "subject": "2", "recorded-or-robo": "Y", "city": "albuquerque", "state": "NM", "area-code": "505"}, {"id": "deca54a6651fb9add5b4a9816cfb4556", "number": "5053477768", "date": "2021-01-22 15:01:00", "subject": "2", "recorded-or-robo": "Y", "city": "albuquerque", "state": "NM", "area-code": "505"}, {"id": "e81c9350d54f66c6d33b3747ee66465f", "number": "8884230900", "date": "2021-01-22 18:14:00", "subject": "4", "recorded-or-robo": "Y", "city": "Fort  Washington", "state": "MD", "area-code": "301"}, {"id": "deca54a6651fb9add5b4a9816cfb4018", "number": "8884230900", "date": "2021-01-22 18:14:00", "subject": "4", "recorded-or-robo": "Y", "city": "Fort  Washington", "state": "MD", "area-code": "301"}, {"id": "e81c9350d54f66c6d33b3747eea1fd57", "number": "+16466901022", "date": "2021-01-22 19:09:43", "subject": "3", "recorded-or-robo": "Y", "city": "", "state": "FL", "area-code": "386"}]}