{"data": [{"id": "3decc6bfadaa436a105714c6ba7dc3f4", "number": "5752412121", "date": "2021-01-23 18:47:01", "subject": "3", "recorded-or-robo": "Y", "city": "", "state": "OK", "area-code": "405"}, {"id": "03e293b3df9e35eadf15c5611914772a", "number": "5752412121", "date": "2021-01-23 18:47:01", "subject": "3", "recorded-or-robo": "Y", "city": "", "state": "OK", "area-code": "405"}, {"id": "3decc6bfadaa436a105714c6ba7dd23f", "number": "+14432492024", "date": "2021-01-23 18:46:57", "subject": "3", "recorded-or-robo": "Y", "city": "", "state": "NC", "area-code": "919"}, {"id": "03e293b3df9e35eadf15c5611914a53f", "number": "+14432492024", "date": "2021-01-23 18:46:57", "subject": "3", "recorded-or-robo": "Y", "city": "", "state": "NC", "area-code": "919"}, {"id": "3decc6bfadaa436a105714c6ba5a06d5", "number": "4014235540", "date": "2021-01-15 09:42:00", "subject": "2", "recorded-or-robo": "Y", "city": "Huntington Beach", "state": "CA", "area-code": "714"}, {"id": "3decc6bfadaa436a105714c6ba5a03c4", "number": "8667562526", "date": "2021-01-20 03:55:00", "subject": "11", "recorded-or-robo": "Y", "city": "Ocala", "state": "FL", "area-code": "352"}, {"id": "1d36742e3f24f50e4e7ae82801f03000", "number": "4014235540", "date": "2021-01-15 09:42:00", "subject": "2", "recorded-or-robo": "Y", "city": "Huntington Beach", "state": "CA", "area-code": "714"}, {"id": "1d36742e3f24f50e4e7ae82801f02808", "number": "8667562526", "date": "2021-01-20 03:55:00", "subject": "11", "recorded-or-robo": "Y", "city": "Ocala", "state": "FL", "area-code": "352"}, {"id": "3decc6bfadaa436a105714c6ba59ffe0", "number": "9108224969", "date": "2021-01-12 18:09:00", "subject": "1", "recorded-or-robo": "Y", "city": "Fayetteville", "state": "NC", "area-code": "910"}, {"id": "3decc6bfadaa436a105714c6ba59f688", "number": "6028066518", "date": "2021-01-23 12:00:00", "subject": "2", "recorded-or-robo": "Y", "city": "", "state": "MD", "area-code": "301"}, {"id": "1d36742e3f24f50e4e7ae82801f01d12", "number": "9108224969", "date": "2021-01-12 18:09:00", "subject": "1", "recorded-or-robo": "Y", "city": "Fayetteville", "state": "NC", "area-code": "910"}, {"id": "1d36742e3f24f50e4e7ae82801f01081", "number": "6028066518", "date": "2021-01-23 12:00:00", "subject": "2", "recorded-or-robo": "Y", "city": "", "state": "MD", "area-code": "301"}, {"id": "3decc6bfadaa436a105714c6ba59f16c", "number": "7149367712", "date": "2021-01-15 11:08:00", "subject": "2", "recorded-or-robo": "Y", "city": "Huntington Beach", "state": "CA", "area-code": "714"}, {"id": "3decc6bfadaa436a105714c6ba59ecd0", "number": "4347722057", "date": "2021-01-23 10:10:00", "subject": "4", "recorded-or-robo": "Y", "city": "Nellysford", "state": "VA", "area-code": "434"}, {"id": "1d36742e3f24f50e4e7ae82801f002c5", "number": "7149367712", "date": "2021-01-15 11:08:00", "subject": "2", "recorded-or-robo": "Y", "city": "Huntington Beach", "state": "CA", "area-code": "714"}, {"id": "1d36742e3f24f50e4e7ae82801f0004b", "number": "4347722057", "date": "2021-01-23 10:10:00", "subject": "4", "recorded-or-robo": "Y", "city": "Nellysford", "state": "VA", "area-code": "434"}, {"id": "3decc6bfadaa436a105714c6ba59e5a1", "number": "6262150964", "date": "2021-01-23 09:49:00", "subject": "2", "recorded-or-robo": "N", "city": "Covina", "state": "CA", "area-code": "626"}, {"id": "1d36742e3f24f50e4e7ae82801effdb9", "number": "6262150964", "date": "2021-01-23 09:49:00", "subject": "2", "recorded-or-robo": "N", "city": "Covina", "state": "CA", "area-code": "626"}, {"id": "3decc6bfadaa436a105714c6ba59e144", "number": "8667562585", "date": "2021-01-20 03:39:00", "subject": "11", "recorded-or-robo": "Y", "city": "Ocala", "state": "FL", "area-code": "352"}, {"id": "3decc6bfadaa436a105714c6ba59dfc3", "number": "9496753480", "date": "2021-01-23 10:29:00", "subject": "3", "recorded-or-robo": "N", "city": "Irvine", "state": "CA", "area-code": "949"}, {"id": "1d36742e3f24f50e4e7ae82801eff9ac", "number": "8667562585", "date": "2021-01-20 03:39:00", "subject": "11", "recorded-or-robo": "Y", "city": "Ocala", "state": "FL", "area-code": "352"}, {"id": "1d36742e3f24f50e4e7ae82801eff173", "number": "9496753480", "date": "2021-01-23 10:29:00", "subject": "3", "recorded-or-robo": "N", "city": "Irvine", "state": "CA", "area-code": "949"}, {"id": "3decc6bfadaa436a105714c6ba7dd1ab", "number": "2627142438", "date": "2021-01-23 18:45:36", "subject": "3", "recorded-or-robo": "Y", "city": "", "state": "WI", "area-code": "262"}, {"id": "03e293b3df9e35eadf15c5611914958c", "number": "2627142438", "date": "2021-01-23 18:45:36", "subject": "3", "recorded-or-robo": "Y", "city": "", "state": "WI", "area-code": "262"}, {"id": "3decc6bfadaa436a105714c6ba59dcad", "number": "7149957415", "date": "2021-01-16 14:03:00", "subject": "2", "recorded-or-robo": "Y", "city": "Huntington Beach", "state": "CA", "area-code": "714"}, {"id": "1d36742e3f24f50e4e7ae82801efe18d", "number": "7149957415", "date": "2021-01-16 14:03:00", "subject": "2", "recorded-or-robo": "Y", "city": "Huntington Beach", "state": "CA", "area-code": "714"}, {"id": "3decc6bfadaa436a105714c6ba59d50f", "number": "1908935472", "date": "2021-01-23 17:02:00", "subject": "1", "recorded-or-robo": "Y", "city": "Red Bank", "state": "NJ", "area-code": "908"}, {"id": "1d36742e3f24f50e4e7ae82801efd4e2", "number": "1908935472", "date": "2021-01-23 17:02:00", "subject": "1", "recorded-or-robo": "Y", "city": "Red Bank", "state": "NJ", "area-code": "908"}, {"id": "3decc6bfadaa436a105714c6ba59cdf8", "number": "7146446480", "date": "2021-01-18 16:20:00", "subject": "2", "recorded-or-robo": "Y", "city": "Huntington Beach", "state": "CA", "area-code": "714"}, {"id": "1d36742e3f24f50e4e7ae82801efce23", "number": "7146446480", "date": "2021-01-18 16:20:00", "subject": "2", "recorded-or-robo": "Y", "city": "Huntington Beach", "state": "CA", "area-code": "714"}, {"id": "3decc6bfadaa436a105714c6ba7dca1b", "number": "9726179233", "date": "2021-01-23 18:44:29", "subject": "3", "recorded-or-robo": "Y", "city": "", "state": "TX", "area-code": "512"}, {"id": "3decc6bfadaa436a105714c6ba59cd16", "number": "3523763015", "date": "2021-01-23 14:55:00", "subject": "3", "recorded-or-robo": "Y", "city": "Gainesville", "state": "FL", "area-code": "352"}, {"id": "1d36742e3f24f50e4e7ae82801efc79b", "number": "3523763015", "date": "2021-01-23 14:55:00", "subject": "3", "recorded-or-robo": "Y", "city": "Gainesville", "state": "FL", "area-code": "352"}, {"id": "03e293b3df9e35eadf15c5611914901b", "number": "9726179233", "date": "2021-01-23 18:44:29", "subject": "3", "recorded-or-robo": "Y", "city": "", "state": "TX", "area-code": "512"}, {"id": "3decc6bfadaa436a105714c6ba59c28d", "number": "8667568233", "date": "2021-01-20 03:24:00", "subject": "11", "recorded-or-robo": "Y", "city": "Ocala", "state": "FL", "area-code": "352"}, {"id": "1d36742e3f24f50e4e7ae82801efb904", "number": "8667568233", "date": "2021-01-20 03:24:00", "subject": "11", "recorded-or-robo": "Y", "city": "Ocala", "state": "FL", "area-code": "352"}, {"id": "3decc6bfadaa436a105714c6ba59b638", "number": "9032944146", "date": "2021-01-12 00:00:00", "subject": "4", "recorded-or-robo": "N", "city": "Brooklyn", "state": "NY", "area-code": "917"}, {"id": "3decc6bfadaa436a105714c6ba59a9d7", "number": "5263099837", "date": "2021-01-22 13:07:00", "subject": "2", "recorded-or-robo": "N", "city": "Covina", "state": "CA", "area-code": "626"}, {"id": "1d36742e3f24f50e4e7ae82801efb232", "number": "9032944146", "date": "2021-01-12 00:00:00", "subject": "4", "recorded-or-robo": "N", "city": "Brooklyn", "state": "NY", "area-code": "917"}, {"id": "1d36742e3f24f50e4e7ae82801efae30", "number": "5263099837", "date": "2021-01-22 13:07:00", "subject": "2", "recorded-or-robo": "N", "city": "Covina", "state": "CA", "area-code": "626"}, {"id": "3decc6bfadaa436a105714c6ba599ddb", "number": "5713657934", "date": "2021-01-23 10:24:00", "subject": "1", "recorded-or-robo": "Y", "city": "Nellysford", "state": "VA", "area-code": "434"}, {"id": "1d36742e3f24f50e4e7ae82801efa0f0", "number": "5713657934", "date": "2021-01-23 10:24:00", "subject": "1", "recorded-or-robo": "Y", "city": "Nellysford", "state": "VA", "area-code": "434"}, {"id": "3decc6bfadaa436a105714c6ba599aaf", "number": "8888030912", "date": "2021-01-23 15:26:00", "subject": "1", "recorded-or-robo": "Y", "city": "", "state": "CA", "area-code": "805"}, {"id": "1d36742e3f24f50e4e7ae82801ef98f1", "number": "8888030912", "date": "2021-01-23 15:26:00", "subject": "1", "recorded-or-robo": "Y", "city": "", "state": "CA", "area-code": "805"}, {"id": "3decc6bfadaa436a105714c6ba5997bb", "number": "", "date": "2021-01-23 12:33:00", "subject": "11", "recorded-or-robo": "Y", "city": "Equality", "state": "IL", "area-code": "618"}, {"id": "1d36742e3f24f50e4e7ae82801ef97ea", "number": "", "date": "2021-01-23 12:33:00", "subject": "11", "recorded-or-robo": "Y", "city": "Equality", "state": "IL", "area-code": "618"}, {"id": "3decc6bfadaa436a105714c6ba598857", "number": "6023526167", "date": "2021-01-19 13:28:00", "subject": "2", "recorded-or-robo": "Y", "city": "Huntington Beach", "state": "CA", "area-code": "714"}, {"id": "1d36742e3f24f50e4e7ae82801ef8be6", "number": "6023526167", "date": "2021-01-19 13:28:00", "subject": "2", "recorded-or-robo": "Y", "city": "Huntington Beach", "state": "CA", "area-code": "714"}, {"id": "3decc6bfadaa436a105714c6ba597fe6", "number": "4142532908", "date": "2021-01-22 12:44:00", "subject": "1", "recorded-or-robo": "Y", "city": "Milwaukee", "state": "WI", "area-code": "414"}, {"id": "1d36742e3f24f50e4e7ae82801ef875a", "number": "4142532908", "date": "2021-01-22 12:44:00", "subject": "1", "recorded-or-robo": "Y", "city": "Milwaukee", "state": "WI", "area-code": "414"}]}