{"data": [{"id": "03e293b3df9e35eadf15c56119482543", "number": "7182446826", "date": "2021-01-24 00:00:00", "subject": "3", "recorded-or-robo": "", "city": "", "state": "WA", "area-code": "206"}, {"id": "3decc6bfadaa436a105714c6bab1ff2e", "number": "8773715378", "date": "2021-01-13 15:26:00", "subject": "2", "recorded-or-robo": "Y", "city": "Baton Rouge", "state": "LA", "area-code": "225"}, {"id": "03e293b3df9e35eadf15c5611948415d", "number": "8773715378", "date": "2021-01-13 15:26:00", "subject": "2", "recorded-or-robo": "Y", "city": "Baton Rouge", "state": "LA", "area-code": "225"}, {"id": "3decc6bfadaa436a105714c6bab1fef6", "number": "4052814453", "date": "2021-01-21 14:21:00", "subject": "4", "recorded-or-robo": "Y", "city": "Edmond", "state": "OK", "area-code": "405"}, {"id": "03e293b3df9e35eadf15c56119483f47", "number": "4052814453", "date": "2021-01-21 14:21:00", "subject": "4", "recorded-or-robo": "Y", "city": "Edmond", "state": "OK", "area-code": "405"}, {"id": "3decc6bfadaa436a105714c6bab1f378", "number": "3233353444", "date": "2021-01-13 16:34:00", "subject": "2", "recorded-or-robo": "Y", "city": "Baton Rouge", "state": "LA", "area-code": "225"}, {"id": "03e293b3df9e35eadf15c56119483392", "number": "3233353444", "date": "2021-01-13 16:34:00", "subject": "2", "recorded-or-robo": "Y", "city": "Baton Rouge", "state": "LA", "area-code": "225"}, {"id": "3decc6bfadaa436a105714c6bab1ddaa", "number": "", "date": "2021-01-24 13:55:00", "subject": "11", "recorded-or-robo": "Y", "city": "Bonner Springs", "state": "KS", "area-code": "913"}, {"id": "03e293b3df9e35eadf15c56119481903", "number": "", "date": "2021-01-24 13:55:00", "subject": "11", "recorded-or-robo": "Y", "city": "Bonner Springs", "state": "KS", "area-code": "913"}, {"id": "3decc6bfadaa436a105714c6bab1cfe1", "number": "5802467132", "date": "2021-01-21 10:43:00", "subject": "0", "recorded-or-robo": "Y", "city": "Edmond", "state": "OK", "area-code": "405"}, {"id": "03e293b3df9e35eadf15c5611948124b", "number": "5802467132", "date": "2021-01-21 10:43:00", "subject": "0", "recorded-or-robo": "Y", "city": "Edmond", "state": "OK", "area-code": "405"}, {"id": "3decc6bfadaa436a105714c6bab1ca5a", "number": "3108957592", "date": "2021-01-13 17:13:00", "subject": "2", "recorded-or-robo": "Y", "city": "Baton Rouge", "state": "LA", "area-code": "225"}, {"id": "03e293b3df9e35eadf15c561194804d8", "number": "3108957592", "date": "2021-01-13 17:13:00", "subject": "2", "recorded-or-robo": "Y", "city": "Baton Rouge", "state": "LA", "area-code": "225"}, {"id": "3decc6bfadaa436a105714c6bab1c7c0", "number": "6263253783", "date": "2021-01-14 09:18:00", "subject": "2", "recorded-or-robo": "Y", "city": "Baton Rouge", "state": "LA", "area-code": "225"}, {"id": "03e293b3df9e35eadf15c5611947f6a4", "number": "6263253783", "date": "2021-01-14 09:18:00", "subject": "2", "recorded-or-robo": "Y", "city": "Baton Rouge", "state": "LA", "area-code": "225"}, {"id": "3decc6bfadaa436a105714c6bab1bf14", "number": "4052814447", "date": "2021-01-21 08:55:00", "subject": "4", "recorded-or-robo": "Y", "city": "Edmond", "state": "OK", "area-code": "405"}, {"id": "03e293b3df9e35eadf15c5611947ef1d", "number": "4052814447", "date": "2021-01-21 08:55:00", "subject": "4", "recorded-or-robo": "Y", "city": "Edmond", "state": "OK", "area-code": "405"}, {"id": "3decc6bfadaa436a105714c6bab1b61b", "number": "7065532137", "date": "2021-01-18 12:17:00", "subject": "2", "recorded-or-robo": "Y", "city": "Baton Rouge", "state": "LA", "area-code": "225"}, {"id": "03e293b3df9e35eadf15c5611947e585", "number": "7065532137", "date": "2021-01-18 12:17:00", "subject": "2", "recorded-or-robo": "Y", "city": "Baton Rouge", "state": "LA", "area-code": "225"}, {"id": "3decc6bfadaa436a105714c6bab1ac1d", "number": "4439176304", "date": "2021-01-08 15:39:00", "subject": "2", "recorded-or-robo": "N", "city": "Stuart", "state": "VA", "area-code": "276"}, {"id": "03e293b3df9e35eadf15c5611947e193", "number": "4439176304", "date": "2021-01-08 15:39:00", "subject": "2", "recorded-or-robo": "N", "city": "Stuart", "state": "VA", "area-code": "276"}, {"id": "3decc6bfadaa436a105714c6bab1a5c6", "number": "", "date": "2021-01-24 12:00:00", "subject": "2", "recorded-or-robo": "Y", "city": "Yakima", "state": "WA", "area-code": "509"}, {"id": "03e293b3df9e35eadf15c5611947e0e4", "number": "", "date": "2021-01-24 12:00:00", "subject": "2", "recorded-or-robo": "Y", "city": "Yakima", "state": "WA", "area-code": "509"}, {"id": "3decc6bfadaa436a105714c6bab19c3d", "number": "9852899450", "date": "2021-01-22 13:51:00", "subject": "2", "recorded-or-robo": "Y", "city": "Baton Rouge", "state": "LA", "area-code": "225"}, {"id": "03e293b3df9e35eadf15c5611947da03", "number": "9852899450", "date": "2021-01-22 13:51:00", "subject": "2", "recorded-or-robo": "Y", "city": "Baton Rouge", "state": "LA", "area-code": "225"}, {"id": "3decc6bfadaa436a105714c6bab19511", "number": "4054787097", "date": "2021-01-20 09:00:00", "subject": "11", "recorded-or-robo": "Y", "city": "Edmond", "state": "OK", "area-code": "405"}, {"id": "03e293b3df9e35eadf15c5611947cc1b", "number": "4054787097", "date": "2021-01-20 09:00:00", "subject": "11", "recorded-or-robo": "Y", "city": "Edmond", "state": "OK", "area-code": "405"}, {"id": "3decc6bfadaa436a105714c6bab192bd", "number": "9162489570", "date": "2021-01-08 11:27:00", "subject": "2", "recorded-or-robo": "N", "city": "Stuart", "state": "VA", "area-code": "276"}, {"id": "03e293b3df9e35eadf15c5611947c5ad", "number": "9162489570", "date": "2021-01-08 11:27:00", "subject": "2", "recorded-or-robo": "N", "city": "Stuart", "state": "VA", "area-code": "276"}, {"id": "3decc6bfadaa436a105714c6bab186cf", "number": "8135454783", "date": "2021-01-24 14:00:00", "subject": "11", "recorded-or-robo": "Y", "city": "Tampa", "state": "FL", "area-code": "813"}, {"id": "03e293b3df9e35eadf15c5611947b9b1", "number": "8135454783", "date": "2021-01-24 14:00:00", "subject": "11", "recorded-or-robo": "Y", "city": "Tampa", "state": "FL", "area-code": "813"}, {"id": "3decc6bfadaa436a105714c6bab17fd7", "number": "2253415073", "date": "2021-01-23 10:08:00", "subject": "2", "recorded-or-robo": "Y", "city": "Baton Rouge", "state": "LA", "area-code": "225"}, {"id": "03e293b3df9e35eadf15c5611947aae6", "number": "2253415073", "date": "2021-01-23 10:08:00", "subject": "2", "recorded-or-robo": "Y", "city": "Baton Rouge", "state": "LA", "area-code": "225"}, {"id": "3decc6bfadaa436a105714c6bab17ba0", "number": "662290\u20134918", "date": "2021-01-23 09:20:00", "subject": "1", "recorded-or-robo": "N", "city": "Kosciusko", "state": "MS", "area-code": "662"}, {"id": "3decc6bfadaa436a105714c6bab16fa6", "number": "4439176304", "date": "2021-01-08 15:39:00", "subject": "2", "recorded-or-robo": "N", "city": "Stuart", "state": "VA", "area-code": "276"}, {"id": "03e293b3df9e35eadf15c5611947a249", "number": "662290\u20134918", "date": "2021-01-23 09:20:00", "subject": "1", "recorded-or-robo": "N", "city": "Kosciusko", "state": "MS", "area-code": "662"}, {"id": "03e293b3df9e35eadf15c5611947925a", "number": "4439176304", "date": "2021-01-08 15:39:00", "subject": "2", "recorded-or-robo": "N", "city": "Stuart", "state": "VA", "area-code": "276"}, {"id": "3decc6bfadaa436a105714c6bab165f5", "number": "8573045526", "date": "2021-01-15 11:11:00", "subject": "2", "recorded-or-robo": "Y", "city": "Baton Rouge", "state": "LA", "area-code": "225"}, {"id": "03e293b3df9e35eadf15c56119478af4", "number": "8573045526", "date": "2021-01-15 11:11:00", "subject": "2", "recorded-or-robo": "Y", "city": "Baton Rouge", "state": "LA", "area-code": "225"}, {"id": "3decc6bfadaa436a105714c6bab156f7", "number": "9544336857", "date": "2021-01-19 09:18:00", "subject": "0", "recorded-or-robo": "Y", "city": "Edmond", "state": "OK", "area-code": "405"}, {"id": "03e293b3df9e35eadf15c56119478441", "number": "9544336857", "date": "2021-01-19 09:18:00", "subject": "0", "recorded-or-robo": "Y", "city": "Edmond", "state": "OK", "area-code": "405"}, {"id": "3decc6bfadaa436a105714c6bab14c8b", "number": "3152328257", "date": "2021-01-24 12:00:00", "subject": "1", "recorded-or-robo": "Y", "city": "Trinity", "state": "FL", "area-code": "813"}, {"id": "03e293b3df9e35eadf15c561194780b3", "number": "3152328257", "date": "2021-01-24 12:00:00", "subject": "1", "recorded-or-robo": "Y", "city": "Trinity", "state": "FL", "area-code": "813"}, {"id": "3decc6bfadaa436a105714c6bab14adb", "number": "7194185066", "date": "2021-01-13 10:34:00", "subject": "2", "recorded-or-robo": "N", "city": "Stuart", "state": "VA", "area-code": "276"}, {"id": "3decc6bfadaa436a105714c6bab143b9", "number": "2023331167", "date": "2021-01-16 13:02:00", "subject": "2", "recorded-or-robo": "Y", "city": "COLUMBIA", "state": "SC", "area-code": "315"}, {"id": "03e293b3df9e35eadf15c561194775e3", "number": "7194185066", "date": "2021-01-13 10:34:00", "subject": "2", "recorded-or-robo": "N", "city": "Stuart", "state": "VA", "area-code": "276"}, {"id": "03e293b3df9e35eadf15c561194770a3", "number": "2023331167", "date": "2021-01-16 13:02:00", "subject": "2", "recorded-or-robo": "Y", "city": "COLUMBIA", "state": "SC", "area-code": "315"}, {"id": "3decc6bfadaa436a105714c6bab13bdf", "number": "9189910003", "date": "2021-01-21 11:19:00", "subject": "0", "recorded-or-robo": "Y", "city": "", "state": "ID", "area-code": "208"}, {"id": "03e293b3df9e35eadf15c56119476b64", "number": "9189910003", "date": "2021-01-21 11:19:00", "subject": "0", "recorded-or-robo": "Y", "city": "", "state": "ID", "area-code": "208"}, {"id": "3decc6bfadaa436a105714c6bab13b34", "number": "7148685238", "date": "2021-01-23 14:00:00", "subject": "0", "recorded-or-robo": "Y", "city": "Oceanside", "state": "CA", "area-code": "760"}]}