{"data": [{"id": "1d36742e3f24f50e4e7ae828012311cd", "number": "8053804833", "date": "2021-01-21 20:29:00", "subject": "0", "recorded-or-robo": "Y", "city": "Camarillo", "state": "CA", "area-code": "805"}, {"id": "e81c9350d54f66c6d33b3747ee8d215b", "number": "6083716666", "date": "2021-01-21 15:07:00", "subject": "2", "recorded-or-robo": "Y", "city": "Jonestown", "state": "TX", "area-code": "512"}, {"id": "1d36742e3f24f50e4e7ae82801230a77", "number": "6083716666", "date": "2021-01-21 15:07:00", "subject": "2", "recorded-or-robo": "Y", "city": "Jonestown", "state": "TX", "area-code": "512"}, {"id": "e81c9350d54f66c6d33b3747ee8d1c58", "number": "2019691027", "date": "2021-01-21 18:40:00", "subject": "0", "recorded-or-robo": "", "city": "", "state": "NJ", "area-code": "201"}, {"id": "1d36742e3f24f50e4e7ae8280122fb27", "number": "2019691027", "date": "2021-01-21 18:40:00", "subject": "0", "recorded-or-robo": "", "city": "", "state": "NJ", "area-code": "201"}, {"id": "e81c9350d54f66c6d33b3747ee8d1782", "number": "9097510057", "date": "2021-01-21 14:12:00", "subject": "4", "recorded-or-robo": "Y", "city": "Yucaipa", "state": "CA", "area-code": "909"}, {"id": "1d36742e3f24f50e4e7ae8280122fb02", "number": "9097510057", "date": "2021-01-21 14:12:00", "subject": "4", "recorded-or-robo": "Y", "city": "Yucaipa", "state": "CA", "area-code": "909"}, {"id": "e81c9350d54f66c6d33b3747eeb434dd", "number": "7324019614", "date": "2021-01-22 21:26:47", "subject": "3", "recorded-or-robo": "N", "city": "", "state": "NJ", "area-code": "732"}, {"id": "1d36742e3f24f50e4e7ae8280148e768", "number": "7324019614", "date": "2021-01-22 21:26:47", "subject": "3", "recorded-or-robo": "N", "city": "", "state": "NJ", "area-code": "732"}, {"id": "e81c9350d54f66c6d33b3747eeb468e7", "number": "7324019614", "date": "2021-01-22 21:26:46", "subject": "3", "recorded-or-robo": "N", "city": "", "state": "NJ", "area-code": "732"}, {"id": "e81c9350d54f66c6d33b3747ee8d12a4", "number": "8665274439", "date": "2021-01-22 12:14:00", "subject": "11", "recorded-or-robo": "Y", "city": "St louis", "state": "MO", "area-code": "314"}, {"id": "1d36742e3f24f50e4e7ae82801492872", "number": "7324019614", "date": "2021-01-22 21:26:46", "subject": "3", "recorded-or-robo": "N", "city": "", "state": "NJ", "area-code": "732"}, {"id": "1d36742e3f24f50e4e7ae8280122edcd", "number": "8665274439", "date": "2021-01-22 12:14:00", "subject": "11", "recorded-or-robo": "Y", "city": "St louis", "state": "MO", "area-code": "314"}, {"id": "e81c9350d54f66c6d33b3747eeb3e3fd", "number": "+19702892295", "date": "2021-01-22 21:26:45", "subject": "3", "recorded-or-robo": "Y", "city": "", "state": "TX", "area-code": "915"}, {"id": "1d36742e3f24f50e4e7ae82801489a2c", "number": "+19702892295", "date": "2021-01-22 21:26:45", "subject": "3", "recorded-or-robo": "Y", "city": "", "state": "TX", "area-code": "915"}, {"id": "e81c9350d54f66c6d33b3747ee8d03a7", "number": "7862468634", "date": "2021-01-22 18:21:00", "subject": "2", "recorded-or-robo": "Y", "city": "Yucca Valley", "state": "CA", "area-code": "760"}, {"id": "1d36742e3f24f50e4e7ae8280122e91e", "number": "7862468634", "date": "2021-01-22 18:21:00", "subject": "2", "recorded-or-robo": "Y", "city": "Yucca Valley", "state": "CA", "area-code": "760"}, {"id": "e81c9350d54f66c6d33b3747ee8d0388", "number": "8054439485", "date": "2021-01-22 09:16:00", "subject": "0", "recorded-or-robo": "Y", "city": "Camarillo", "state": "CA", "area-code": "805"}, {"id": "1d36742e3f24f50e4e7ae8280122e60e", "number": "8054439485", "date": "2021-01-22 09:16:00", "subject": "0", "recorded-or-robo": "Y", "city": "Camarillo", "state": "CA", "area-code": "805"}, {"id": "e81c9350d54f66c6d33b3747eeb3f472", "number": "+14099630703", "date": "2021-01-22 21:26:01", "subject": "3", "recorded-or-robo": "Y", "city": "", "state": "TX", "area-code": "214"}, {"id": "1d36742e3f24f50e4e7ae8280148a5d6", "number": "+14099630703", "date": "2021-01-22 21:26:01", "subject": "3", "recorded-or-robo": "Y", "city": "", "state": "TX", "area-code": "214"}, {"id": "e81c9350d54f66c6d33b3747ee8cf85f", "number": "3609403014", "date": "2021-01-22 10:03:00", "subject": "0", "recorded-or-robo": "", "city": "", "state": "NJ", "area-code": "201"}, {"id": "1d36742e3f24f50e4e7ae8280122d955", "number": "3609403014", "date": "2021-01-22 10:03:00", "subject": "0", "recorded-or-robo": "", "city": "", "state": "NJ", "area-code": "201"}, {"id": "e81c9350d54f66c6d33b3747ee8cf2ac", "number": "8053795414", "date": "2021-01-22 10:27:00", "subject": "0", "recorded-or-robo": "Y", "city": "Camarillo", "state": "CA", "area-code": "805"}, {"id": "1d36742e3f24f50e4e7ae8280122cfde", "number": "8053795414", "date": "2021-01-22 10:27:00", "subject": "0", "recorded-or-robo": "Y", "city": "Camarillo", "state": "CA", "area-code": "805"}, {"id": "e81c9350d54f66c6d33b3747ee8ce629", "number": "19955707757569", "date": "2021-01-16 10:08:00", "subject": "0", "recorded-or-robo": "N", "city": "Kennewick", "state": "WA", "area-code": "509"}, {"id": "1d36742e3f24f50e4e7ae8280122c513", "number": "19955707757569", "date": "2021-01-16 10:08:00", "subject": "0", "recorded-or-robo": "N", "city": "Kennewick", "state": "WA", "area-code": "509"}, {"id": "e81c9350d54f66c6d33b3747eeb42853", "number": "7168271112", "date": "2021-01-22 21:25:41", "subject": "3", "recorded-or-robo": "Y", "city": "", "state": "NY", "area-code": "716"}, {"id": "1d36742e3f24f50e4e7ae8280148e2ce", "number": "7168271112", "date": "2021-01-22 21:25:41", "subject": "3", "recorded-or-robo": "Y", "city": "", "state": "NY", "area-code": "716"}, {"id": "e81c9350d54f66c6d33b3747eeb404f4", "number": "8475510570", "date": "2021-01-22 21:25:35", "subject": "3", "recorded-or-robo": "Y", "city": "", "state": "IL", "area-code": "847"}, {"id": "1d36742e3f24f50e4e7ae8280148b6d4", "number": "8475510570", "date": "2021-01-22 21:25:35", "subject": "3", "recorded-or-robo": "Y", "city": "", "state": "IL", "area-code": "847"}, {"id": "e81c9350d54f66c6d33b3747ee8cd640", "number": "9097510057", "date": "2021-01-21 13:05:00", "subject": "4", "recorded-or-robo": "Y", "city": "Yucaipa", "state": "CA", "area-code": "909"}, {"id": "1d36742e3f24f50e4e7ae8280122c37c", "number": "9097510057", "date": "2021-01-21 13:05:00", "subject": "4", "recorded-or-robo": "Y", "city": "Yucaipa", "state": "CA", "area-code": "909"}, {"id": "e81c9350d54f66c6d33b3747ee8cc684", "number": "8053794576", "date": "2021-01-22 11:25:00", "subject": "0", "recorded-or-robo": "Y", "city": "Camarillo", "state": "CA", "area-code": "805"}, {"id": "1d36742e3f24f50e4e7ae8280122beda", "number": "8053794576", "date": "2021-01-22 11:25:00", "subject": "0", "recorded-or-robo": "Y", "city": "Camarillo", "state": "CA", "area-code": "805"}, {"id": "e81c9350d54f66c6d33b3747ee8cb8c2", "number": "9108163863", "date": "2021-01-22 19:27:00", "subject": "0", "recorded-or-robo": "N", "city": "Wilmington", "state": "NC", "area-code": "910"}, {"id": "1d36742e3f24f50e4e7ae8280122b2ec", "number": "9108163863", "date": "2021-01-22 19:27:00", "subject": "0", "recorded-or-robo": "N", "city": "Wilmington", "state": "NC", "area-code": "910"}, {"id": "e81c9350d54f66c6d33b3747eeb460c5", "number": "+18708789081", "date": "2021-01-22 21:25:14", "subject": "3", "recorded-or-robo": "Y", "city": "", "state": "NC", "area-code": "919"}, {"id": "1d36742e3f24f50e4e7ae8280149285a", "number": "+18708789081", "date": "2021-01-22 21:25:14", "subject": "3", "recorded-or-robo": "Y", "city": "", "state": "NC", "area-code": "919"}, {"id": "e81c9350d54f66c6d33b3747ee8ca97c", "number": "7862468634", "date": "2021-01-22 18:21:00", "subject": "2", "recorded-or-robo": "Y", "city": "Yucca Valley", "state": "CA", "area-code": "954"}, {"id": "1d36742e3f24f50e4e7ae8280122a7c1", "number": "7862468634", "date": "2021-01-22 18:21:00", "subject": "2", "recorded-or-robo": "Y", "city": "Yucca Valley", "state": "CA", "area-code": "954"}, {"id": "e81c9350d54f66c6d33b3747eeb49e5c", "number": "5012028686", "date": "2021-01-22 21:25:11", "subject": "3", "recorded-or-robo": "Y", "city": "", "state": "CA", "area-code": "714"}, {"id": "1d36742e3f24f50e4e7ae828014952ac", "number": "5012028686", "date": "2021-01-22 21:25:11", "subject": "3", "recorded-or-robo": "Y", "city": "", "state": "CA", "area-code": "714"}, {"id": "e81c9350d54f66c6d33b3747eeb45894", "number": "8475510570", "date": "2021-01-22 21:25:06", "subject": "3", "recorded-or-robo": "Y", "city": "", "state": "IL", "area-code": "847"}, {"id": "1d36742e3f24f50e4e7ae82801491cf6", "number": "8475510570", "date": "2021-01-22 21:25:06", "subject": "3", "recorded-or-robo": "Y", "city": "", "state": "IL", "area-code": "847"}, {"id": "e81c9350d54f66c6d33b3747eeb435f4", "number": "6785836301", "date": "2021-01-22 21:24:58", "subject": "3", "recorded-or-robo": "Y", "city": "", "state": "GA", "area-code": "678"}, {"id": "1d36742e3f24f50e4e7ae8280148f6cf", "number": "6785836301", "date": "2021-01-22 21:24:58", "subject": "3", "recorded-or-robo": "Y", "city": "", "state": "GA", "area-code": "678"}, {"id": "e81c9350d54f66c6d33b3747ee8c9df4", "number": "2019142508", "date": "2021-01-22 10:15:00", "subject": "0", "recorded-or-robo": "", "city": "", "state": "NJ", "area-code": "201"}, {"id": "1d36742e3f24f50e4e7ae8280122a167", "number": "2019142508", "date": "2021-01-22 10:15:00", "subject": "0", "recorded-or-robo": "", "city": "", "state": "NJ", "area-code": "201"}, {"id": "e81c9350d54f66c6d33b3747ee8c8fd3", "number": "5466399", "date": "2021-01-21 15:38:00", "subject": "2", "recorded-or-robo": "Y", "city": "Jonestown", "state": "TX", "area-code": "512"}]}