{"data": [{"id": "3decc6bfadaa436a105714c6baf9b235", "number": "", "date": "2021-01-26 09:10:00", "subject": "2", "recorded-or-robo": "Y", "city": "Tappahannock", "state": "VA", "area-code": "443"}, {"id": "3decc6bfadaa436a105714c6baf9a44d", "number": "3016850101", "date": "2021-01-26 09:59:00", "subject": "6", "recorded-or-robo": "", "city": "Silver Spring", "state": "MD", "area-code": "301"}, {"id": "3decc6bfadaa436a105714c6baf998fb", "number": "4805719065", "date": "2021-01-01 08:00:00", "subject": "4", "recorded-or-robo": "Y", "city": "Orlando", "state": "FL", "area-code": "954"}, {"id": "3decc6bfadaa436a105714c6baf98c1b", "number": "9365144007", "date": "2021-01-26 06:49:00", "subject": "1", "recorded-or-robo": "Y", "city": "", "state": "NV", "area-code": "702"}, {"id": "3decc6bfadaa436a105714c6baf97fd3", "number": "6035744619", "date": "2021-01-26 09:49:00", "subject": "1", "recorded-or-robo": "Y", "city": "Concord", "state": "NH", "area-code": "603"}, {"id": "3decc6bfadaa436a105714c6baf97cb9", "number": "6783101975", "date": "2021-01-26 09:59:00", "subject": "0", "recorded-or-robo": "", "city": "", "state": "GA", "area-code": "706"}, {"id": "3decc6bfadaa436a105714c6baf97777", "number": "8032193786", "date": "2021-01-26 09:55:00", "subject": "6", "recorded-or-robo": "Y", "city": "Pelion", "state": "SC", "area-code": "803"}, {"id": "3decc6bfadaa436a105714c6baf967d0", "number": "", "date": "2021-01-26 09:00:00", "subject": "2", "recorded-or-robo": "N", "city": "", "state": "NC", "area-code": "919"}, {"id": "3decc6bfadaa436a105714c6baf96426", "number": "2707164235", "date": "2020-11-28 16:37:00", "subject": "2", "recorded-or-robo": "N", "city": "Hopkinsville", "state": "KY", "area-code": "270"}, {"id": "3decc6bfadaa436a105714c6baf961eb", "number": "8006742974", "date": "2021-01-26 09:46:00", "subject": "5", "recorded-or-robo": "N", "city": "Carlisle", "state": "OH", "area-code": "937"}, {"id": "3decc6bfadaa436a105714c6baf96118", "number": "4236457501", "date": "2021-01-26 09:41:00", "subject": "1", "recorded-or-robo": "Y", "city": "Chattanooga", "state": "TN", "area-code": "423"}, {"id": "3decc6bfadaa436a105714c6baf95293", "number": "8664252125", "date": "2021-01-26 08:43:00", "subject": "1", "recorded-or-robo": "N", "city": "Nashville", "state": "TN", "area-code": "615"}, {"id": "3decc6bfadaa436a105714c6baf9477a", "number": "", "date": "2021-01-26 09:50:00", "subject": "8", "recorded-or-robo": "N", "city": "Springfield", "state": "VA", "area-code": "703"}, {"id": "3decc6bfadaa436a105714c6baf943a3", "number": "8165598809", "date": "2021-01-25 16:06:00", "subject": "3", "recorded-or-robo": "Y", "city": "", "state": "AZ", "area-code": "480"}, {"id": "3decc6bfadaa436a105714c6baf93599", "number": "3049012117", "date": "2021-01-26 09:57:00", "subject": "2", "recorded-or-robo": "Y", "city": "Cincinnati", "state": "OH", "area-code": "513"}, {"id": "3decc6bfadaa436a105714c6baf9346b", "number": "8664501012", "date": "2021-01-26 00:00:00", "subject": "2", "recorded-or-robo": "N", "city": "", "state": "VA", "area-code": "757"}, {"id": "3decc6bfadaa436a105714c6baf93155", "number": "8439548880", "date": "2021-01-26 09:54:00", "subject": "3", "recorded-or-robo": "Y", "city": "", "state": "SC", "area-code": "843"}, {"id": "3decc6bfadaa436a105714c6baf92929", "number": "8458871286", "date": "2021-01-26 09:48:00", "subject": "13", "recorded-or-robo": "Y", "city": "Anderson", "state": "IN", "area-code": "765"}, {"id": "3decc6bfadaa436a105714c6baf9210c", "number": "", "date": "2021-01-26 09:30:00", "subject": "2", "recorded-or-robo": "Y", "city": "", "state": "CA", "area-code": "213"}, {"id": "3decc6bfadaa436a105714c6baf91dd3", "number": "9179972755", "date": "2021-01-26 09:55:00", "subject": "3", "recorded-or-robo": "Y", "city": "", "state": "NY", "area-code": "917"}, {"id": "3decc6bfadaa436a105714c6baf913b3", "number": "3303023016", "date": "2021-01-18 16:16:00", "subject": "2", "recorded-or-robo": "", "city": "Baltimore", "state": "MD", "area-code": "410"}, {"id": "3decc6bfadaa436a105714c6baf90b5a", "number": "9043621467", "date": "2021-01-26 09:48:00", "subject": "1", "recorded-or-robo": "Y", "city": "", "state": "FL", "area-code": "904"}, {"id": "3decc6bfadaa436a105714c6baf9072f", "number": "8449130736", "date": "2021-01-11 07:10:00", "subject": "4", "recorded-or-robo": "Y", "city": "Duluth", "state": "GA", "area-code": "214"}, {"id": "3decc6bfadaa436a105714c6baf8fc49", "number": "2087420361", "date": "2021-01-26 10:20:00", "subject": "2", "recorded-or-robo": "Y", "city": "Knoxville", "state": "TN", "area-code": "865"}, {"id": "3decc6bfadaa436a105714c6baf8f20c", "number": "4256589306", "date": "2021-01-26 09:30:00", "subject": "2", "recorded-or-robo": "Y", "city": "Dover", "state": "FL", "area-code": "573"}, {"id": "3decc6bfadaa436a105714c6baf8e238", "number": "9544683845", "date": "2021-01-01 08:00:00", "subject": "4", "recorded-or-robo": "Y", "city": "Orlando", "state": "FL", "area-code": "954"}, {"id": "3decc6bfadaa436a105714c6baf8d33d", "number": "9546076770", "date": "2021-01-26 09:52:00", "subject": "1", "recorded-or-robo": "N", "city": "", "state": "SC", "area-code": "843"}, {"id": "3decc6bfadaa436a105714c6baf8cf3b", "number": "2708867394", "date": "2021-01-22 12:20:00", "subject": "2", "recorded-or-robo": "N", "city": "Hopkinsville", "state": "KY", "area-code": "270"}, {"id": "3decc6bfadaa436a105714c6baf8c2f9", "number": "3304273085", "date": "2021-01-26 09:39:00", "subject": "2", "recorded-or-robo": "N", "city": "Carlisle", "state": "OH", "area-code": "937"}, {"id": "3decc6bfadaa436a105714c6baf8be00", "number": "5406846836", "date": "2021-01-25 09:56:00", "subject": "0", "recorded-or-robo": "Y", "city": "Blue Ridge", "state": "VA", "area-code": "540"}, {"id": "3decc6bfadaa436a105714c6baf8b485", "number": "6175659355", "date": "2021-01-26 08:20:00", "subject": "1", "recorded-or-robo": "N", "city": "Leander", "state": "TX", "area-code": "617"}, {"id": "3decc6bfadaa436a105714c6baf8ad30", "number": "", "date": "2021-01-26 09:53:00", "subject": "3", "recorded-or-robo": "Y", "city": "", "state": "FL", "area-code": "727"}, {"id": "3decc6bfadaa436a105714c6baf8a973", "number": "4322394217", "date": "2021-01-26 08:58:00", "subject": "4", "recorded-or-robo": "Y", "city": "Allen", "state": "TX", "area-code": "432"}, {"id": "3decc6bfadaa436a105714c6baf8a63a", "number": "9892692696", "date": "2021-01-26 09:54:00", "subject": "6", "recorded-or-robo": "N", "city": "Dorr", "state": "MI", "area-code": "616"}, {"id": "3decc6bfadaa436a105714c6baf8a22e", "number": "161581061679", "date": "2021-01-26 08:29:00", "subject": "1", "recorded-or-robo": "N", "city": "", "state": "TN", "area-code": "615"}, {"id": "3decc6bfadaa436a105714c6baf89e16", "number": "9018814074", "date": "2021-01-22 17:12:00", "subject": "2", "recorded-or-robo": "N", "city": "Hopkinsville", "state": "KY", "area-code": "270"}, {"id": "3decc6bfadaa436a105714c6baf89324", "number": "9802817601", "date": "2021-01-26 09:21:00", "subject": "2", "recorded-or-robo": "Y", "city": "", "state": "NC", "area-code": "910"}, {"id": "3decc6bfadaa436a105714c6baf88ca3", "number": "8332297992", "date": "2021-01-26 09:43:00", "subject": "2", "recorded-or-robo": "Y", "city": "Indianapolis", "state": "IN", "area-code": "317"}, {"id": "3decc6bfadaa436a105714c6baf88c97", "number": "2105755436", "date": "2021-01-26 12:00:00", "subject": "1", "recorded-or-robo": "Y", "city": "San antonio", "state": "TX", "area-code": "210"}, {"id": "3decc6bfadaa436a105714c6baf888aa", "number": "7576177496", "date": "2021-01-21 10:17:00", "subject": "2", "recorded-or-robo": "Y", "city": "Chesapeake", "state": "VA", "area-code": "757"}, {"id": "3decc6bfadaa436a105714c6baf882a0", "number": "9738657537", "date": "2021-01-26 09:52:00", "subject": "2", "recorded-or-robo": "Y", "city": "Towaco", "state": "NJ", "area-code": "973"}, {"id": "3decc6bfadaa436a105714c6baf874c3", "number": "9173732241", "date": "2021-01-25 00:00:00", "subject": "2", "recorded-or-robo": "Y", "city": "", "state": "NY", "area-code": "917"}, {"id": "3decc6bfadaa436a105714c6baf86e97", "number": "8335540129", "date": "2021-01-25 17:07:00", "subject": "13", "recorded-or-robo": "Y", "city": "Wake Forest", "state": "NC", "area-code": "919"}, {"id": "3decc6bfadaa436a105714c6baf86a2f", "number": "4694217781", "date": "2021-01-26 08:50:00", "subject": "2", "recorded-or-robo": "Y", "city": "Rockwall", "state": "TX", "area-code": "972"}, {"id": "3decc6bfadaa436a105714c6baf85c77", "number": "2704607833", "date": "2021-01-20 10:38:00", "subject": "2", "recorded-or-robo": "N", "city": "Hopkinsville", "state": "KY", "area-code": "270"}, {"id": "3decc6bfadaa436a105714c6baf850c8", "number": "6193759750", "date": "2021-01-25 13:58:00", "subject": "3", "recorded-or-robo": "Y", "city": "Dowagiac", "state": "MI", "area-code": "269"}, {"id": "3decc6bfadaa436a105714c6baf84711", "number": "4235503877", "date": "2021-01-26 00:00:00", "subject": "3", "recorded-or-robo": "", "city": "", "state": "TN", "area-code": "423"}, {"id": "3decc6bfadaa436a105714c6baf83c16", "number": "8145543207", "date": "2021-01-21 07:56:00", "subject": "1", "recorded-or-robo": "Y", "city": "", "state": "PA", "area-code": "814"}, {"id": "3decc6bfadaa436a105714c6baf83b01", "number": "6175497455", "date": "2021-01-26 08:25:00", "subject": "1", "recorded-or-robo": "N", "city": "Leander", "state": "TX", "area-code": "617"}, {"id": "3decc6bfadaa436a105714c6baf82f4a", "number": "5163344766", "date": "2021-01-26 01:33:00", "subject": "2", "recorded-or-robo": "Y", "city": "Westbury", "state": "NY", "area-code": "516"}]}