{"data": [{"id": "490dde24b259add1335244cd1b278132", "number": "4143166539", "date": "2021-01-26 10:07:00", "subject": "2", "recorded-or-robo": "N", "city": "Eau Claire", "state": "WI", "area-code": "715"}, {"id": "490dde24b259add1335244cd1b277327", "number": "3039941177", "date": "2021-01-26 20:52:00", "subject": "5", "recorded-or-robo": "Y", "city": "Denver", "state": "CO", "area-code": "303"}, {"id": "490dde24b259add1335244cd1b27727a", "number": "7203733820", "date": "2021-01-25 17:14:00", "subject": "4", "recorded-or-robo": "N", "city": "Lubbock", "state": "TX", "area-code": "720"}, {"id": "490dde24b259add1335244cd1b2765df", "number": "8444722122", "date": "2021-01-26 11:00:00", "subject": "2", "recorded-or-robo": "Y", "city": "Berkley", "state": "MI", "area-code": "248"}, {"id": "490dde24b259add1335244cd1b275e0f", "number": "5414039277", "date": "2021-01-22 10:58:00", "subject": "4", "recorded-or-robo": "Y", "city": "Eugene", "state": "OR", "area-code": "541"}, {"id": "490dde24b259add1335244cd1b275dbe", "number": "7347668153", "date": "2021-01-26 10:54:00", "subject": "2", "recorded-or-robo": "Y", "city": "Chatham", "state": "NJ", "area-code": "201"}, {"id": "490dde24b259add1335244cd1b275131", "number": "5807986728", "date": "2021-01-26 09:46:00", "subject": "2", "recorded-or-robo": "Y", "city": "Valliant", "state": "OK", "area-code": "580"}, {"id": "490dde24b259add1335244cd1b27433b", "number": "2237471481", "date": "2021-01-25 09:44:00", "subject": "11", "recorded-or-robo": "Y", "city": "High Point", "state": "NC", "area-code": "336"}, {"id": "490dde24b259add1335244cd1b273e0b", "number": "5852777494", "date": "2021-01-15 15:35:00", "subject": "2", "recorded-or-robo": "Y", "city": "Irvington", "state": "NJ", "area-code": "973"}, {"id": "490dde24b259add1335244cd1b272e5b", "number": "5067205869", "date": "2021-01-26 09:46:00", "subject": "1", "recorded-or-robo": "Y", "city": "South Haven", "state": "MI", "area-code": "269"}, {"id": "490dde24b259add1335244cd1b271ade", "number": "", "date": "2021-01-26 11:18:00", "subject": "2", "recorded-or-robo": "Y", "city": "", "state": "AL", "area-code": "256"}, {"id": "490dde24b259add1335244cd1b271644", "number": "", "date": "2021-01-26 10:52:00", "subject": "3", "recorded-or-robo": "Y", "city": "", "state": "OH", "area-code": "937"}, {"id": "490dde24b259add1335244cd1b2707e0", "number": "4237434563", "date": "2021-01-26 11:14:00", "subject": "0", "recorded-or-robo": "Y", "city": "", "state": "TN", "area-code": "865"}, {"id": "490dde24b259add1335244cd1b26fc0d", "number": "9807372343", "date": "2021-01-25 12:41:00", "subject": "2", "recorded-or-robo": "Y", "city": "Akron", "state": "OH", "area-code": "330"}, {"id": "490dde24b259add1335244cd1b26f062", "number": "7194356149", "date": "2021-01-25 18:00:00", "subject": "4", "recorded-or-robo": "N", "city": "Lubbock", "state": "CO", "area-code": "720"}, {"id": "490dde24b259add1335244cd1b26ec5b", "number": "2764473184", "date": "2021-01-26 10:57:00", "subject": "2", "recorded-or-robo": "Y", "city": "Max Meadows", "state": "VA", "area-code": "540"}, {"id": "490dde24b259add1335244cd1b26dd7e", "number": "8778384346", "date": "2021-01-26 11:15:00", "subject": "0", "recorded-or-robo": "Y", "city": "North Scituate", "state": "RI", "area-code": "401"}, {"id": "490dde24b259add1335244cd1b26d5ce", "number": "7603654324", "date": "2021-01-21 14:38:00", "subject": "4", "recorded-or-robo": "Y", "city": "Bellaire", "state": "TX", "area-code": "925"}, {"id": "490dde24b259add1335244cd1b26d2cf", "number": "6267411306", "date": "2021-01-26 08:17:00", "subject": "4", "recorded-or-robo": "Y", "city": "Sunnyvale", "state": "CA", "area-code": "818"}, {"id": "490dde24b259add1335244cd1b26c905", "number": "4043361533", "date": "2021-01-26 10:45:00", "subject": "1", "recorded-or-robo": "Y", "city": "", "state": "GA", "area-code": "404"}, {"id": "490dde24b259add1335244cd1b26bc0e", "number": "7248963115", "date": "2021-01-26 10:31:00", "subject": "4", "recorded-or-robo": "Y", "city": "Bethlehem", "state": "PA", "area-code": "610"}, {"id": "490dde24b259add1335244cd1b26b81e", "number": "2604848297", "date": "2021-01-26 11:08:00", "subject": "1", "recorded-or-robo": "Y", "city": "Fort Wayne", "state": "IN", "area-code": "260"}, {"id": "490dde24b259add1335244cd1b26b2c3", "number": "6108105754", "date": "2021-01-26 00:00:00", "subject": "4", "recorded-or-robo": "Y", "city": "Secane", "state": "PA", "area-code": "610"}, {"id": "490dde24b259add1335244cd1b26ab57", "number": "8882804331", "date": "2021-01-25 09:20:00", "subject": "2", "recorded-or-robo": "N", "city": "Harrisonburg", "state": "VA", "area-code": "540"}, {"id": "490dde24b259add1335244cd1b26a3a7", "number": "3365372481", "date": "2021-01-25 11:56:00", "subject": "12", "recorded-or-robo": "Y", "city": "High Point", "state": "NC", "area-code": "336"}, {"id": "490dde24b259add1335244cd1b269ed9", "number": "4349298195", "date": "2021-01-22 15:30:00", "subject": "2", "recorded-or-robo": "Y", "city": "Amherst", "state": "VA", "area-code": "434"}, {"id": "490dde24b259add1335244cd1b269b03", "number": "7203734994", "date": "2021-01-26 10:14:00", "subject": "4", "recorded-or-robo": "N", "city": "Lubbock", "state": "TX", "area-code": "720"}, {"id": "490dde24b259add1335244cd1b25fc06", "number": "7152326638", "date": "2021-01-26 09:44:00", "subject": "3", "recorded-or-robo": "N", "city": "", "state": "WI", "area-code": "715"}, {"id": "490dde24b259add1335244cd1b268b87", "number": "7177026086", "date": "2021-01-22 11:32:00", "subject": "5", "recorded-or-robo": "Y", "city": "", "state": "PA", "area-code": "717"}, {"id": "490dde24b259add1335244cd1b2689c1", "number": "3369741820", "date": "2021-01-26 10:16:00", "subject": "2", "recorded-or-robo": "Y", "city": "", "state": "TX", "area-code": "417"}, {"id": "490dde24b259add1335244cd1b2679f9", "number": "8777374615", "date": "2021-01-26 10:02:00", "subject": "2", "recorded-or-robo": "Y", "city": "Monmouth", "state": "IA", "area-code": "319"}, {"id": "490dde24b259add1335244cd1b26761d", "number": "2164878317", "date": "2021-01-26 11:17:00", "subject": "4", "recorded-or-robo": "Y", "city": "Chattanooga", "state": "TN", "area-code": "423"}, {"id": "490dde24b259add1335244cd1b2672e6", "number": "2165884", "date": "2021-01-26 11:03:00", "subject": "6", "recorded-or-robo": "N", "city": "Lancaster", "state": "SC", "area-code": "803"}, {"id": "490dde24b259add1335244cd1b2669e0", "number": "7131145306", "date": "2020-12-07 14:13:00", "subject": "2", "recorded-or-robo": "Y", "city": "Irvington", "state": "NJ", "area-code": "973"}, {"id": "490dde24b259add1335244cd1b26636a", "number": "", "date": "2021-01-26 09:55:00", "subject": "3", "recorded-or-robo": "Y", "city": "", "state": "MO", "area-code": "314"}, {"id": "490dde24b259add1335244cd1b265882", "number": "7197871051", "date": "2021-01-26 10:04:00", "subject": "2", "recorded-or-robo": "", "city": "MINNEAPOLIS", "state": "MN", "area-code": "612"}, {"id": "490dde24b259add1335244cd1b264ab4", "number": "8707083354", "date": "2021-01-26 10:57:00", "subject": "1", "recorded-or-robo": "Y", "city": "Amherst", "state": "NH", "area-code": "978"}, {"id": "490dde24b259add1335244cd1b264930", "number": "7733891105", "date": "2021-01-19 11:00:00", "subject": "0", "recorded-or-robo": "Y", "city": "Hendersonville", "state": "NC", "area-code": "828"}, {"id": "490dde24b259add1335244cd1b263bbb", "number": "8004421902", "date": "2021-01-26 10:52:00", "subject": "4", "recorded-or-robo": "Y", "city": "Plainview", "state": "NY", "area-code": "631"}, {"id": "490dde24b259add1335244cd1b263435", "number": "7203731457", "date": "2021-01-26 10:16:00", "subject": "4", "recorded-or-robo": "N", "city": "Lubbock", "state": "TX", "area-code": "720"}, {"id": "490dde24b259add1335244cd1b253404", "number": "4127096004", "date": "2021-01-25 15:50:00", "subject": "3", "recorded-or-robo": "N", "city": "", "state": "NC", "area-code": "919"}, {"id": "490dde24b259add1335244cd1b262915", "number": "7347668153", "date": "2021-01-25 16:57:00", "subject": "2", "recorded-or-robo": "Y", "city": "Chatham", "state": "NJ", "area-code": "201"}, {"id": "490dde24b259add1335244cd1b261a31", "number": "5126488802", "date": "2021-01-26 09:59:00", "subject": "3", "recorded-or-robo": "", "city": "Buda", "state": "TX", "area-code": "512"}, {"id": "490dde24b259add1335244cd1b260dba", "number": "8282206107", "date": "2021-01-25 13:14:00", "subject": "16", "recorded-or-robo": "Y", "city": "High Point", "state": "NC", "area-code": "336"}, {"id": "490dde24b259add1335244cd1b260719", "number": "8163704796", "date": "2021-01-26 11:10:00", "subject": "2", "recorded-or-robo": "Y", "city": "Louisville", "state": "KY", "area-code": "816"}, {"id": "490dde24b259add1335244cd1b25f14d", "number": "3167429829", "date": "2021-01-26 09:30:00", "subject": "6", "recorded-or-robo": "N", "city": "Derby", "state": "KS", "area-code": "316"}, {"id": "490dde24b259add1335244cd1b25e5e3", "number": "8707466749", "date": "2021-01-26 10:10:00", "subject": "3", "recorded-or-robo": "", "city": "MTN, VIEW", "state": "AR", "area-code": "870"}, {"id": "490dde24b259add1335244cd1b25e547", "number": "8544005356", "date": "2021-01-26 11:08:00", "subject": "7", "recorded-or-robo": "N", "city": "Myrtle Beach", "state": "SC", "area-code": "843"}, {"id": "490dde24b259add1335244cd1b25e1f4", "number": "4126804914", "date": "2021-01-26 12:00:00", "subject": "2", "recorded-or-robo": "Y", "city": "Englewood", "state": "FL", "area-code": "412"}, {"id": "490dde24b259add1335244cd1b25d6f8", "number": "7177026086", "date": "2021-01-22 12:18:00", "subject": "5", "recorded-or-robo": "Y", "city": "", "state": "PA", "area-code": "717"}]}