{"data": [{"id": "3decc6bfadaa436a105714c6ba7a5b76", "number": "+19093460798", "date": "2021-01-23 17:06:36", "subject": "3", "recorded-or-robo": "Y", "city": "", "state": "MI", "area-code": "313"}, {"id": "3decc6bfadaa436a105714c6ba3c7b31", "number": "2522444029", "date": "2021-01-08 15:00:00", "subject": "3", "recorded-or-robo": "N", "city": "", "state": "AL", "area-code": "251"}, {"id": "1d36742e3f24f50e4e7ae82801d22ed3", "number": "2522444029", "date": "2021-01-08 15:00:00", "subject": "3", "recorded-or-robo": "N", "city": "", "state": "AL", "area-code": "251"}, {"id": "03e293b3df9e35eadf15c5611910d07b", "number": "+19093460798", "date": "2021-01-23 17:06:36", "subject": "3", "recorded-or-robo": "Y", "city": "", "state": "MI", "area-code": "313"}, {"id": "3decc6bfadaa436a105714c6ba3c7247", "number": "", "date": "2021-01-23 13:10:00", "subject": "1", "recorded-or-robo": "Y", "city": "Spokane", "state": "WA", "area-code": "509"}, {"id": "1d36742e3f24f50e4e7ae82801d21fa1", "number": "", "date": "2021-01-23 13:10:00", "subject": "1", "recorded-or-robo": "Y", "city": "Spokane", "state": "WA", "area-code": "509"}, {"id": "3decc6bfadaa436a105714c6ba3c4ab6", "number": "9863008274", "date": "2021-01-23 14:38:00", "subject": "3", "recorded-or-robo": "N", "city": "", "state": "UT", "area-code": "801"}, {"id": "1d36742e3f24f50e4e7ae82801d1f5ec", "number": "9863008274", "date": "2021-01-23 14:38:00", "subject": "3", "recorded-or-robo": "N", "city": "", "state": "UT", "area-code": "801"}, {"id": "3decc6bfadaa436a105714c6ba3c64b6", "number": "4018509657", "date": "2021-01-20 14:34:00", "subject": "0", "recorded-or-robo": "Y", "city": "", "state": "RI", "area-code": "401"}, {"id": "1d36742e3f24f50e4e7ae82801d210bc", "number": "4018509657", "date": "2021-01-20 14:34:00", "subject": "0", "recorded-or-robo": "Y", "city": "", "state": "RI", "area-code": "401"}, {"id": "3decc6bfadaa436a105714c6ba3c5a3a", "number": "2512835670", "date": "2021-01-08 16:15:00", "subject": "3", "recorded-or-robo": "N", "city": "", "state": "AL", "area-code": "251"}, {"id": "1d36742e3f24f50e4e7ae82801d20202", "number": "2512835670", "date": "2021-01-08 16:15:00", "subject": "3", "recorded-or-robo": "N", "city": "", "state": "AL", "area-code": "251"}, {"id": "3decc6bfadaa436a105714c6ba7a118e", "number": "+19316031029", "date": "2021-01-23 17:05:27", "subject": "3", "recorded-or-robo": "Y", "city": "", "state": "VA", "area-code": "804"}, {"id": "03e293b3df9e35eadf15c56119108906", "number": "+19316031029", "date": "2021-01-23 17:05:27", "subject": "3", "recorded-or-robo": "Y", "city": "", "state": "VA", "area-code": "804"}, {"id": "3decc6bfadaa436a105714c6ba3c3e4c", "number": "8763608407", "date": "2021-01-23 14:47:00", "subject": "2", "recorded-or-robo": "Y", "city": "Thornton", "state": "CO", "area-code": "720"}, {"id": "1d36742e3f24f50e4e7ae82801d1f0d5", "number": "8763608407", "date": "2021-01-23 14:47:00", "subject": "2", "recorded-or-robo": "Y", "city": "Thornton", "state": "CO", "area-code": "720"}, {"id": "3decc6bfadaa436a105714c6ba7a4307", "number": "+13173158580", "date": "2021-01-23 17:04:56", "subject": "3", "recorded-or-robo": "Y", "city": "", "state": "IN", "area-code": "317"}, {"id": "03e293b3df9e35eadf15c5611910b34a", "number": "+13173158580", "date": "2021-01-23 17:04:56", "subject": "3", "recorded-or-robo": "Y", "city": "", "state": "IN", "area-code": "317"}, {"id": "3decc6bfadaa436a105714c6ba3c3b87", "number": "4693002761", "date": "2021-01-23 10:12:00", "subject": "4", "recorded-or-robo": "Y", "city": "Eugene", "state": "OR", "area-code": "541"}, {"id": "1d36742e3f24f50e4e7ae82801d1eb5e", "number": "4693002761", "date": "2021-01-23 10:12:00", "subject": "4", "recorded-or-robo": "Y", "city": "Eugene", "state": "OR", "area-code": "541"}, {"id": "3decc6bfadaa436a105714c6ba7a3cf5", "number": "7182443017", "date": "2021-01-23 17:04:37", "subject": "3", "recorded-or-robo": "Y", "city": "", "state": "VA", "area-code": "571"}, {"id": "03e293b3df9e35eadf15c5611910a7a5", "number": "7182443017", "date": "2021-01-23 17:04:37", "subject": "3", "recorded-or-robo": "Y", "city": "", "state": "VA", "area-code": "571"}, {"id": "3decc6bfadaa436a105714c6ba7a3117", "number": "7182443017", "date": "2021-01-23 17:04:36", "subject": "3", "recorded-or-robo": "Y", "city": "", "state": "VA", "area-code": "571"}, {"id": "03e293b3df9e35eadf15c56119109a04", "number": "7182443017", "date": "2021-01-23 17:04:36", "subject": "3", "recorded-or-robo": "Y", "city": "", "state": "VA", "area-code": "571"}, {"id": "3decc6bfadaa436a105714c6ba3c3af0", "number": "3342492834", "date": "2021-01-08 16:45:00", "subject": "3", "recorded-or-robo": "N", "city": "", "state": "AL", "area-code": "251"}, {"id": "1d36742e3f24f50e4e7ae82801d1dca3", "number": "3342492834", "date": "2021-01-08 16:45:00", "subject": "3", "recorded-or-robo": "N", "city": "", "state": "AL", "area-code": "251"}, {"id": "3decc6bfadaa436a105714c6ba3c2f85", "number": "6154060086", "date": "2021-01-23 15:00:00", "subject": "1", "recorded-or-robo": "Y", "city": "", "state": "TX", "area-code": "409"}, {"id": "1d36742e3f24f50e4e7ae82801d1d9f2", "number": "6154060086", "date": "2021-01-23 15:00:00", "subject": "1", "recorded-or-robo": "Y", "city": "", "state": "TX", "area-code": "409"}, {"id": "3decc6bfadaa436a105714c6ba3c2187", "number": "6463781509", "date": "2021-01-12 10:56:00", "subject": "1", "recorded-or-robo": "Y", "city": "Lakewood", "state": "CO", "area-code": "720"}, {"id": "1d36742e3f24f50e4e7ae82801d1d007", "number": "6463781509", "date": "2021-01-12 10:56:00", "subject": "1", "recorded-or-robo": "Y", "city": "Lakewood", "state": "CO", "area-code": "720"}, {"id": "3decc6bfadaa436a105714c6ba3c1989", "number": "", "date": "2021-01-23 13:50:00", "subject": "11", "recorded-or-robo": "Y", "city": "Spokane", "state": "WA", "area-code": "509"}, {"id": "1d36742e3f24f50e4e7ae82801d1c88a", "number": "", "date": "2021-01-23 13:50:00", "subject": "11", "recorded-or-robo": "Y", "city": "Spokane", "state": "WA", "area-code": "509"}, {"id": "3decc6bfadaa436a105714c6ba3c0ee4", "number": "2569737828", "date": "2021-01-09 10:00:00", "subject": "3", "recorded-or-robo": "N", "city": "", "state": "AL", "area-code": "251"}, {"id": "1d36742e3f24f50e4e7ae82801d1c3c6", "number": "2569737828", "date": "2021-01-09 10:00:00", "subject": "3", "recorded-or-robo": "N", "city": "", "state": "AL", "area-code": "251"}, {"id": "3decc6bfadaa436a105714c6ba3c00ed", "number": "4014066987", "date": "2021-01-20 00:00:00", "subject": "5", "recorded-or-robo": "Y", "city": "", "state": "RI", "area-code": "401"}, {"id": "1d36742e3f24f50e4e7ae82801d1bb59", "number": "4014066987", "date": "2021-01-20 00:00:00", "subject": "5", "recorded-or-robo": "Y", "city": "", "state": "RI", "area-code": "401"}, {"id": "3decc6bfadaa436a105714c6ba3bf2e3", "number": "3463750184", "date": "2021-01-21 16:17:00", "subject": "0", "recorded-or-robo": "Y", "city": "randolph", "state": "MA", "area-code": "781"}, {"id": "1d36742e3f24f50e4e7ae82801d1ae75", "number": "3463750184", "date": "2021-01-21 16:17:00", "subject": "0", "recorded-or-robo": "Y", "city": "randolph", "state": "MA", "area-code": "781"}, {"id": "3decc6bfadaa436a105714c6ba7a1b2d", "number": "3155830240", "date": "2021-01-23 17:02:51", "subject": "3", "recorded-or-robo": "Y", "city": "", "state": "NY", "area-code": "315"}, {"id": "03e293b3df9e35eadf15c56119108f16", "number": "3155830240", "date": "2021-01-23 17:02:51", "subject": "3", "recorded-or-robo": "Y", "city": "", "state": "NY", "area-code": "315"}, {"id": "3decc6bfadaa436a105714c6ba3bea00", "number": "7075548924", "date": "2021-01-21 14:00:00", "subject": "2", "recorded-or-robo": "Y", "city": "", "state": "CA", "area-code": "707"}, {"id": "1d36742e3f24f50e4e7ae82801d1a4d8", "number": "7075548924", "date": "2021-01-21 14:00:00", "subject": "2", "recorded-or-robo": "Y", "city": "", "state": "CA", "area-code": "707"}, {"id": "3decc6bfadaa436a105714c6ba3be79b", "number": "9316505410", "date": "2021-01-23 17:00:00", "subject": "0", "recorded-or-robo": "", "city": "vero beach", "state": "FL", "area-code": "772"}, {"id": "1d36742e3f24f50e4e7ae82801d1a127", "number": "9316505410", "date": "2021-01-23 17:00:00", "subject": "0", "recorded-or-robo": "", "city": "vero beach", "state": "FL", "area-code": "772"}, {"id": "3decc6bfadaa436a105714c6ba3bdf69", "number": "2519733403", "date": "2021-01-22 00:00:00", "subject": "3", "recorded-or-robo": "N", "city": "", "state": "AL", "area-code": "251"}, {"id": "1d36742e3f24f50e4e7ae82801d1a0fa", "number": "2519733403", "date": "2021-01-22 00:00:00", "subject": "3", "recorded-or-robo": "N", "city": "", "state": "AL", "area-code": "251"}, {"id": "3decc6bfadaa436a105714c6ba3bb195", "number": "8556783890", "date": "2021-01-23 13:10:00", "subject": "3", "recorded-or-robo": "", "city": "", "state": "WA", "area-code": "509"}, {"id": "1d36742e3f24f50e4e7ae82801d16b7d", "number": "8556783890", "date": "2021-01-23 13:10:00", "subject": "3", "recorded-or-robo": "", "city": "", "state": "WA", "area-code": "509"}, {"id": "3decc6bfadaa436a105714c6ba3bd294", "number": "4016575749", "date": "2021-01-20 10:47:00", "subject": "3", "recorded-or-robo": "Y", "city": "", "state": "RI", "area-code": "401"}, {"id": "1d36742e3f24f50e4e7ae82801d1990c", "number": "4016575749", "date": "2021-01-20 10:47:00", "subject": "3", "recorded-or-robo": "Y", "city": "", "state": "RI", "area-code": "401"}]}