{"data": [{"id": "1d36742e3f24f50e4e7ae8280104db7f", "number": "8885383518", "date": "2021-01-22 15:13:00", "subject": "2", "recorded-or-robo": "N", "city": "Santa barbara", "state": "CA", "area-code": "805"}, {"id": "e81c9350d54f66c6d33b3747ee6f95ee", "number": "8136185904", "date": "2021-01-22 14:18:00", "subject": "2", "recorded-or-robo": "Y", "city": "", "state": "NJ", "area-code": "201"}, {"id": "1d36742e3f24f50e4e7ae8280104cc9c", "number": "8136185904", "date": "2021-01-22 14:18:00", "subject": "2", "recorded-or-robo": "Y", "city": "", "state": "NJ", "area-code": "201"}, {"id": "e81c9350d54f66c6d33b3747ee6f8d26", "number": "5167662519", "date": "2021-01-22 15:20:00", "subject": "3", "recorded-or-robo": "Y", "city": "", "state": "NY", "area-code": "516"}, {"id": "1d36742e3f24f50e4e7ae8280104c1ed", "number": "5167662519", "date": "2021-01-22 15:20:00", "subject": "3", "recorded-or-robo": "Y", "city": "", "state": "NY", "area-code": "516"}, {"id": "e81c9350d54f66c6d33b3747ee6f8be2", "number": "2293375131", "date": "2021-01-22 18:57:00", "subject": "11", "recorded-or-robo": "Y", "city": "Ellaville", "state": "GA", "area-code": "229"}, {"id": "1d36742e3f24f50e4e7ae8280104b31c", "number": "2293375131", "date": "2021-01-22 18:57:00", "subject": "11", "recorded-or-robo": "Y", "city": "Ellaville", "state": "GA", "area-code": "229"}, {"id": "e81c9350d54f66c6d33b3747ee6f836c", "number": "8337700576", "date": "2021-01-22 12:43:00", "subject": "2", "recorded-or-robo": "Y", "city": "Denver", "state": "CO", "area-code": "303"}, {"id": "e81c9350d54f66c6d33b3747ee6f7afd", "number": "5406154510", "date": "2020-10-16 13:19:00", "subject": "0", "recorded-or-robo": "Y", "city": "Manassas", "state": "VA", "area-code": "703"}, {"id": "1d36742e3f24f50e4e7ae8280104a84d", "number": "8337700576", "date": "2021-01-22 12:43:00", "subject": "2", "recorded-or-robo": "Y", "city": "Denver", "state": "CO", "area-code": "303"}, {"id": "1d36742e3f24f50e4e7ae8280104a077", "number": "5406154510", "date": "2020-10-16 13:19:00", "subject": "0", "recorded-or-robo": "Y", "city": "Manassas", "state": "VA", "area-code": "703"}, {"id": "e81c9350d54f66c6d33b3747ee6f79dd", "number": "8179184730", "date": "2021-01-22 17:32:00", "subject": "12", "recorded-or-robo": "N", "city": "Aledo", "state": "TX", "area-code": "817"}, {"id": "1d36742e3f24f50e4e7ae82801049b7e", "number": "8179184730", "date": "2021-01-22 17:32:00", "subject": "12", "recorded-or-robo": "N", "city": "Aledo", "state": "TX", "area-code": "817"}, {"id": "e81c9350d54f66c6d33b3747ee6f7221", "number": "3144827712", "date": "2021-01-22 17:25:00", "subject": "1", "recorded-or-robo": "Y", "city": "Saint Louis", "state": "MO", "area-code": "314"}, {"id": "1d36742e3f24f50e4e7ae8280104904c", "number": "3144827712", "date": "2021-01-22 17:25:00", "subject": "1", "recorded-or-robo": "Y", "city": "Saint Louis", "state": "MO", "area-code": "314"}, {"id": "e81c9350d54f66c6d33b3747ee6f68a0", "number": "8146843912", "date": "2021-01-22 12:54:00", "subject": "2", "recorded-or-robo": "", "city": "Erie", "state": "PA", "area-code": "814"}, {"id": "1d36742e3f24f50e4e7ae82801048f68", "number": "8146843912", "date": "2021-01-22 12:54:00", "subject": "2", "recorded-or-robo": "", "city": "Erie", "state": "PA", "area-code": "814"}, {"id": "e81c9350d54f66c6d33b3747ee6f5b27", "number": "", "date": "2021-01-22 19:04:00", "subject": "1", "recorded-or-robo": "N", "city": " Bellmore", "state": "NY", "area-code": "917"}, {"id": "1d36742e3f24f50e4e7ae828010482d3", "number": "", "date": "2021-01-22 19:04:00", "subject": "1", "recorded-or-robo": "N", "city": " Bellmore", "state": "NY", "area-code": "917"}, {"id": "e81c9350d54f66c6d33b3747ee6f571a", "number": "8144315311", "date": "2021-01-21 17:56:00", "subject": "2", "recorded-or-robo": "Y", "city": "", "state": "PA", "area-code": "814"}, {"id": "1d36742e3f24f50e4e7ae828010476a5", "number": "8144315311", "date": "2021-01-21 17:56:00", "subject": "2", "recorded-or-robo": "Y", "city": "", "state": "PA", "area-code": "814"}, {"id": "e81c9350d54f66c6d33b3747ee6f4c02", "number": "3159512826", "date": "2021-01-12 05:58:00", "subject": "0", "recorded-or-robo": "", "city": "Camillus", "state": "NY", "area-code": "315"}, {"id": "1d36742e3f24f50e4e7ae8280104675e", "number": "3159512826", "date": "2021-01-12 05:58:00", "subject": "0", "recorded-or-robo": "", "city": "Camillus", "state": "NY", "area-code": "315"}, {"id": "e81c9350d54f66c6d33b3747eea505ff", "number": "4702201414", "date": "2021-01-22 19:29:55", "subject": "3", "recorded-or-robo": "Y", "city": "", "state": "CA", "area-code": "209"}, {"id": "1d36742e3f24f50e4e7ae8280139c3f9", "number": "4702201414", "date": "2021-01-22 19:29:55", "subject": "3", "recorded-or-robo": "Y", "city": "", "state": "CA", "area-code": "209"}, {"id": "e81c9350d54f66c6d33b3747ee6f3dfb", "number": "5167662519", "date": "2021-01-22 15:20:00", "subject": "3", "recorded-or-robo": "Y", "city": "", "state": "NY", "area-code": "516"}, {"id": "1d36742e3f24f50e4e7ae82801045bc1", "number": "5167662519", "date": "2021-01-22 15:20:00", "subject": "3", "recorded-or-robo": "Y", "city": "", "state": "NY", "area-code": "516"}, {"id": "e81c9350d54f66c6d33b3747eea42ec1", "number": "4702201414", "date": "2021-01-22 19:29:53", "subject": "3", "recorded-or-robo": "Y", "city": "", "state": "CA", "area-code": "209"}, {"id": "e81c9350d54f66c6d33b3747ee6f3c61", "number": "7604417097", "date": "2021-01-22 14:41:00", "subject": "2", "recorded-or-robo": "Y", "city": "", "state": "NJ", "area-code": "201"}, {"id": "1d36742e3f24f50e4e7ae8280139334b", "number": "4702201414", "date": "2021-01-22 19:29:53", "subject": "3", "recorded-or-robo": "Y", "city": "", "state": "CA", "area-code": "209"}, {"id": "1d36742e3f24f50e4e7ae82801045402", "number": "7604417097", "date": "2021-01-22 14:41:00", "subject": "2", "recorded-or-robo": "Y", "city": "", "state": "NJ", "area-code": "201"}, {"id": "e81c9350d54f66c6d33b3747eea5084e", "number": "4702201414", "date": "2021-01-22 19:29:52", "subject": "3", "recorded-or-robo": "Y", "city": "", "state": "CA", "area-code": "209"}, {"id": "1d36742e3f24f50e4e7ae8280139d637", "number": "4702201414", "date": "2021-01-22 19:29:52", "subject": "3", "recorded-or-robo": "Y", "city": "", "state": "CA", "area-code": "209"}, {"id": "e81c9350d54f66c6d33b3747eea42bec", "number": "+16264694318", "date": "2021-01-22 19:29:49", "subject": "3", "recorded-or-robo": "Y", "city": "", "state": "CA", "area-code": "626"}, {"id": "1d36742e3f24f50e4e7ae82801392b90", "number": "+16264694318", "date": "2021-01-22 19:29:49", "subject": "3", "recorded-or-robo": "Y", "city": "", "state": "CA", "area-code": "626"}, {"id": "e81c9350d54f66c6d33b3747ee6f3b42", "number": "5138132154", "date": "2021-01-22 11:21:00", "subject": "3", "recorded-or-robo": "N", "city": "", "state": "OH", "area-code": "513"}, {"id": "1d36742e3f24f50e4e7ae8280104479c", "number": "5138132154", "date": "2021-01-22 11:21:00", "subject": "3", "recorded-or-robo": "N", "city": "", "state": "OH", "area-code": "513"}, {"id": "e81c9350d54f66c6d33b3747ee6f35f8", "number": "7044865022", "date": "2021-01-20 10:58:00", "subject": "6", "recorded-or-robo": "Y", "city": "", "state": "NC", "area-code": "704"}, {"id": "1d36742e3f24f50e4e7ae828010442eb", "number": "7044865022", "date": "2021-01-20 10:58:00", "subject": "6", "recorded-or-robo": "Y", "city": "", "state": "NC", "area-code": "704"}, {"id": "e81c9350d54f66c6d33b3747ee6f2f6a", "number": "4025937107", "date": "2021-01-22 14:47:00", "subject": "3", "recorded-or-robo": "Y", "city": "Philadelphia", "state": "NY", "area-code": "315"}, {"id": "1d36742e3f24f50e4e7ae82801043c1f", "number": "4025937107", "date": "2021-01-22 14:47:00", "subject": "3", "recorded-or-robo": "Y", "city": "Philadelphia", "state": "NY", "area-code": "315"}, {"id": "e81c9350d54f66c6d33b3747ee6f291f", "number": "7572055287", "date": "2021-01-22 15:06:00", "subject": "2", "recorded-or-robo": "Y", "city": "", "state": "CA", "area-code": "805"}, {"id": "1d36742e3f24f50e4e7ae82801042cfa", "number": "7572055287", "date": "2021-01-22 15:06:00", "subject": "2", "recorded-or-robo": "Y", "city": "", "state": "CA", "area-code": "805"}, {"id": "e81c9350d54f66c6d33b3747ee6f1a1b", "number": "", "date": "2021-01-22 02:05:00", "subject": "3", "recorded-or-robo": "Y", "city": "", "state": "MO", "area-code": "314"}, {"id": "1d36742e3f24f50e4e7ae8280104295b", "number": "", "date": "2021-01-22 02:05:00", "subject": "3", "recorded-or-robo": "Y", "city": "", "state": "MO", "area-code": "314"}, {"id": "e81c9350d54f66c6d33b3747ee6f1509", "number": "9014728924", "date": "2021-01-22 13:23:00", "subject": "2", "recorded-or-robo": "Y", "city": "Austin", "state": "MN", "area-code": "507"}, {"id": "1d36742e3f24f50e4e7ae82801041d1e", "number": "9014728924", "date": "2021-01-22 13:23:00", "subject": "2", "recorded-or-robo": "Y", "city": "Austin", "state": "MN", "area-code": "507"}, {"id": "e81c9350d54f66c6d33b3747eea41112", "number": "8332211584", "date": "2021-01-22 19:29:16", "subject": "3", "recorded-or-robo": "Y", "city": "", "state": "MD", "area-code": "240"}, {"id": "1d36742e3f24f50e4e7ae82801391f64", "number": "8332211584", "date": "2021-01-22 19:29:16", "subject": "3", "recorded-or-robo": "Y", "city": "", "state": "MD", "area-code": "240"}, {"id": "e81c9350d54f66c6d33b3747eea417bf", "number": "8333620388", "date": "2021-01-22 19:29:15", "subject": "3", "recorded-or-robo": "N", "city": "", "state": "MN", "area-code": "651"}]}