{"data": [{"id": "3decc6bfadaa436a105714c6ba5d7ddc", "number": "5099794525", "date": "2021-01-23 16:00:00", "subject": "11", "recorded-or-robo": "Y", "city": "", "state": "WA", "area-code": "509"}, {"id": "1d36742e3f24f50e4e7ae82801f33db5", "number": "5099794525", "date": "2021-01-23 16:00:00", "subject": "11", "recorded-or-robo": "Y", "city": "", "state": "WA", "area-code": "509"}, {"id": "3decc6bfadaa436a105714c6ba5d71a6", "number": "4827941190", "date": "2021-01-22 11:14:00", "subject": "2", "recorded-or-robo": "N", "city": "tampa", "state": "FL", "area-code": "813"}, {"id": "1d36742e3f24f50e4e7ae82801f335ed", "number": "4827941190", "date": "2021-01-22 11:14:00", "subject": "2", "recorded-or-robo": "N", "city": "tampa", "state": "FL", "area-code": "813"}, {"id": "3decc6bfadaa436a105714c6ba5d64ef", "number": "4077172495", "date": "2021-01-23 16:30:00", "subject": "2", "recorded-or-robo": "N", "city": "", "state": "FL", "area-code": "407"}, {"id": "1d36742e3f24f50e4e7ae82801f32b3d", "number": "4077172495", "date": "2021-01-23 16:30:00", "subject": "2", "recorded-or-robo": "N", "city": "", "state": "FL", "area-code": "407"}, {"id": "3decc6bfadaa436a105714c6ba5d6132", "number": "8455209189", "date": "2021-01-23 12:30:00", "subject": "7", "recorded-or-robo": "N", "city": "Fishkill", "state": "NY", "area-code": "845"}, {"id": "1d36742e3f24f50e4e7ae82801f31d26", "number": "8455209189", "date": "2021-01-23 12:30:00", "subject": "7", "recorded-or-robo": "N", "city": "Fishkill", "state": "NY", "area-code": "845"}, {"id": "3decc6bfadaa436a105714c6ba5d5ac9", "number": "5033741011", "date": "2021-01-21 14:00:00", "subject": "2", "recorded-or-robo": "Y", "city": "Beaverton", "state": "OR", "area-code": "503"}, {"id": "1d36742e3f24f50e4e7ae82801f31382", "number": "5033741011", "date": "2021-01-21 14:00:00", "subject": "2", "recorded-or-robo": "Y", "city": "Beaverton", "state": "OR", "area-code": "503"}, {"id": "3decc6bfadaa436a105714c6ba7f0ed2", "number": "+16303946881", "date": "2021-01-23 19:08:49", "subject": "3", "recorded-or-robo": "N", "city": "", "state": "IL", "area-code": "630"}, {"id": "03e293b3df9e35eadf15c561191597be", "number": "+16303946881", "date": "2021-01-23 19:08:49", "subject": "3", "recorded-or-robo": "N", "city": "", "state": "IL", "area-code": "630"}, {"id": "3decc6bfadaa436a105714c6ba7f1c9b", "number": "+13093244070", "date": "2021-01-23 19:08:37", "subject": "3", "recorded-or-robo": "N", "city": "", "state": "IL", "area-code": "630"}, {"id": "03e293b3df9e35eadf15c56119159e25", "number": "+13093244070", "date": "2021-01-23 19:08:37", "subject": "3", "recorded-or-robo": "N", "city": "", "state": "IL", "area-code": "630"}, {"id": "3decc6bfadaa436a105714c6ba5d5a96", "number": "8134977803", "date": "2021-01-22 11:32:00", "subject": "2", "recorded-or-robo": "N", "city": "tampa", "state": "FL", "area-code": "813"}, {"id": "1d36742e3f24f50e4e7ae82801f30853", "number": "8134977803", "date": "2021-01-22 11:32:00", "subject": "2", "recorded-or-robo": "N", "city": "tampa", "state": "FL", "area-code": "813"}, {"id": "3decc6bfadaa436a105714c6ba7f6251", "number": "+19713098183", "date": "2021-01-23 19:08:22", "subject": "3", "recorded-or-robo": "N", "city": "", "state": "IL", "area-code": "630"}, {"id": "03e293b3df9e35eadf15c5611915d1bc", "number": "+19713098183", "date": "2021-01-23 19:08:22", "subject": "3", "recorded-or-robo": "N", "city": "", "state": "IL", "area-code": "630"}, {"id": "3decc6bfadaa436a105714c6ba7f42ff", "number": "+16303946881", "date": "2021-01-23 19:08:06", "subject": "3", "recorded-or-robo": "N", "city": "", "state": "IL", "area-code": "630"}, {"id": "03e293b3df9e35eadf15c5611915b43d", "number": "+16303946881", "date": "2021-01-23 19:08:06", "subject": "3", "recorded-or-robo": "N", "city": "", "state": "IL", "area-code": "630"}, {"id": "3decc6bfadaa436a105714c6ba7f00e9", "number": "+13093244047", "date": "2021-01-23 19:07:53", "subject": "3", "recorded-or-robo": "N", "city": "", "state": "IL", "area-code": "630"}, {"id": "03e293b3df9e35eadf15c56119158829", "number": "+13093244047", "date": "2021-01-23 19:07:53", "subject": "3", "recorded-or-robo": "N", "city": "", "state": "IL", "area-code": "630"}, {"id": "3decc6bfadaa436a105714c6ba7f566b", "number": "+15136443365", "date": "2021-01-23 19:07:50", "subject": "3", "recorded-or-robo": "Y", "city": "", "state": "OH", "area-code": "513"}, {"id": "03e293b3df9e35eadf15c5611915c3eb", "number": "+15136443365", "date": "2021-01-23 19:07:50", "subject": "3", "recorded-or-robo": "Y", "city": "", "state": "OH", "area-code": "513"}, {"id": "3decc6bfadaa436a105714c6ba5d563f", "number": "8042530968", "date": "2021-01-23 19:02:00", "subject": "12", "recorded-or-robo": "N", "city": "Ashland", "state": "VA", "area-code": "804"}, {"id": "1d36742e3f24f50e4e7ae82801f2fa91", "number": "8042530968", "date": "2021-01-23 19:02:00", "subject": "12", "recorded-or-robo": "N", "city": "Ashland", "state": "VA", "area-code": "804"}, {"id": "3decc6bfadaa436a105714c6ba5d5230", "number": "7029319344", "date": "2021-01-23 13:33:00", "subject": "2", "recorded-or-robo": "Y", "city": "Henderson", "state": "NV", "area-code": "702"}, {"id": "1d36742e3f24f50e4e7ae82801f2f026", "number": "7029319344", "date": "2021-01-23 13:33:00", "subject": "2", "recorded-or-robo": "Y", "city": "Henderson", "state": "NV", "area-code": "702"}, {"id": "3decc6bfadaa436a105714c6ba5d4d96", "number": "", "date": "2021-01-22 12:00:00", "subject": "2", "recorded-or-robo": "Y", "city": "Warrensburg", "state": "MO", "area-code": "314"}, {"id": "1d36742e3f24f50e4e7ae82801f2ec72", "number": "", "date": "2021-01-22 12:00:00", "subject": "2", "recorded-or-robo": "Y", "city": "Warrensburg", "state": "MO", "area-code": "314"}, {"id": "3decc6bfadaa436a105714c6ba5d486c", "number": "8134977803", "date": "2021-01-22 12:57:00", "subject": "2", "recorded-or-robo": "N", "city": "tampa", "state": "FL", "area-code": "813"}, {"id": "3decc6bfadaa436a105714c6ba5d4490", "number": "5036898427", "date": "2021-01-21 14:00:00", "subject": "2", "recorded-or-robo": "Y", "city": "Beaverton", "state": "OR", "area-code": "503"}, {"id": "1d36742e3f24f50e4e7ae82801f2df9f", "number": "8134977803", "date": "2021-01-22 12:57:00", "subject": "2", "recorded-or-robo": "N", "city": "tampa", "state": "FL", "area-code": "813"}, {"id": "1d36742e3f24f50e4e7ae82801f2d482", "number": "5036898427", "date": "2021-01-21 14:00:00", "subject": "2", "recorded-or-robo": "Y", "city": "Beaverton", "state": "OR", "area-code": "503"}, {"id": "3decc6bfadaa436a105714c6ba5d43dd", "number": "3152328257", "date": "2021-01-23 14:55:00", "subject": "11", "recorded-or-robo": "Y", "city": "Spokane Valley", "state": "WA", "area-code": "509"}, {"id": "1d36742e3f24f50e4e7ae82801f2d3f3", "number": "3152328257", "date": "2021-01-23 14:55:00", "subject": "11", "recorded-or-robo": "Y", "city": "Spokane Valley", "state": "WA", "area-code": "509"}, {"id": "3decc6bfadaa436a105714c6ba5d38af", "number": "", "date": "2021-01-22 16:00:00", "subject": "3", "recorded-or-robo": "Y", "city": "", "state": "TN", "area-code": "901"}, {"id": "1d36742e3f24f50e4e7ae82801f2c9fc", "number": "", "date": "2021-01-22 16:00:00", "subject": "3", "recorded-or-robo": "Y", "city": "", "state": "TN", "area-code": "901"}, {"id": "3decc6bfadaa436a105714c6ba7ef3a4", "number": "+13093200876", "date": "2021-01-23 19:07:19", "subject": "3", "recorded-or-robo": "N", "city": "", "state": "IL", "area-code": "630"}, {"id": "03e293b3df9e35eadf15c56119157b7a", "number": "+13093200876", "date": "2021-01-23 19:07:19", "subject": "3", "recorded-or-robo": "N", "city": "", "state": "IL", "area-code": "630"}, {"id": "3decc6bfadaa436a105714c6ba7f2b14", "number": "+13093200876", "date": "2021-01-23 19:07:08", "subject": "3", "recorded-or-robo": "N", "city": "", "state": "IL", "area-code": "630"}, {"id": "03e293b3df9e35eadf15c5611915a074", "number": "+13093200876", "date": "2021-01-23 19:07:08", "subject": "3", "recorded-or-robo": "N", "city": "", "state": "IL", "area-code": "630"}, {"id": "3decc6bfadaa436a105714c6ba5d2915", "number": "8556786721", "date": "2021-01-23 15:01:00", "subject": "2", "recorded-or-robo": "Y", "city": "", "state": "WA", "area-code": "509"}, {"id": "1d36742e3f24f50e4e7ae82801f2bd2a", "number": "8556786721", "date": "2021-01-23 15:01:00", "subject": "2", "recorded-or-robo": "Y", "city": "", "state": "WA", "area-code": "509"}, {"id": "3decc6bfadaa436a105714c6ba7ef48b", "number": "+13093200876", "date": "2021-01-23 19:06:56", "subject": "3", "recorded-or-robo": "N", "city": "", "state": "IL", "area-code": "630"}, {"id": "03e293b3df9e35eadf15c5611915844b", "number": "+13093200876", "date": "2021-01-23 19:06:56", "subject": "3", "recorded-or-robo": "N", "city": "", "state": "IL", "area-code": "630"}, {"id": "3decc6bfadaa436a105714c6ba7f0073", "number": "+13128542556", "date": "2021-01-23 19:06:42", "subject": "3", "recorded-or-robo": "N", "city": "", "state": "IL", "area-code": "630"}, {"id": "03e293b3df9e35eadf15c56119158680", "number": "+13128542556", "date": "2021-01-23 19:06:42", "subject": "3", "recorded-or-robo": "N", "city": "", "state": "IL", "area-code": "630"}, {"id": "3decc6bfadaa436a105714c6ba5d269a", "number": "7125207071", "date": "2021-01-23 16:20:00", "subject": "2", "recorded-or-robo": "Y", "city": "Riverton", "state": "IA", "area-code": "641"}, {"id": "1d36742e3f24f50e4e7ae82801f2baa9", "number": "7125207071", "date": "2021-01-23 16:20:00", "subject": "2", "recorded-or-robo": "Y", "city": "Riverton", "state": "IA", "area-code": "641"}]}