{"data": [{"id": "490dde24b259add1335244cd1b2aa0dc", "number": "", "date": "2021-01-26 11:23:00", "subject": "2", "recorded-or-robo": "N", "city": "Powell", "state": "OH", "area-code": "614"}, {"id": "490dde24b259add1335244cd1b2a9ebc", "number": "9172187558", "date": "2021-01-22 16:11:00", "subject": "2", "recorded-or-robo": "N", "city": "jamaica", "state": "NY", "area-code": "917"}, {"id": "490dde24b259add1335244cd1b2a94c5", "number": "2392962712", "date": "2021-01-26 11:24:00", "subject": "4", "recorded-or-robo": "N", "city": "", "state": "FL", "area-code": "813"}, {"id": "490dde24b259add1335244cd1b2a8fff", "number": "2028666317", "date": "2021-01-26 09:17:00", "subject": "2", "recorded-or-robo": "Y", "city": "Erie", "state": "CO", "area-code": "202"}, {"id": "490dde24b259add1335244cd1b2a8478", "number": "4342203593", "date": "2021-01-26 10:47:00", "subject": "2", "recorded-or-robo": "Y", "city": "", "state": "VA", "area-code": "804"}, {"id": "490dde24b259add1335244cd1b2a78c7", "number": "", "date": "2021-01-26 07:10:00", "subject": "6", "recorded-or-robo": "N", "city": "Broomfield", "state": "CO", "area-code": "203"}, {"id": "490dde24b259add1335244cd1b2a74a1", "number": "8183380129", "date": "2021-01-26 10:20:00", "subject": "1", "recorded-or-robo": "Y", "city": "", "state": "SC", "area-code": "864"}, {"id": "490dde24b259add1335244cd1b2a6c62", "number": "5413918874", "date": "2021-01-26 08:12:00", "subject": "0", "recorded-or-robo": "Y", "city": "Eugene", "state": "OR", "area-code": "541"}, {"id": "490dde24b259add1335244cd1b2a64bd", "number": "3363767155", "date": "2021-01-20 16:56:00", "subject": "4", "recorded-or-robo": "Y", "city": "High Point", "state": "NC", "area-code": "336"}, {"id": "490dde24b259add1335244cd1b2a63ea", "number": "5617428553", "date": "2021-01-26 11:20:00", "subject": "16", "recorded-or-robo": "Y", "city": "Boca Raton", "state": "FL", "area-code": "561"}, {"id": "490dde24b259add1335244cd1b2a5711", "number": "3152328257", "date": "2021-01-24 00:00:00", "subject": "2", "recorded-or-robo": "Y", "city": "Oreana", "state": "IL", "area-code": "217"}, {"id": "490dde24b259add1335244cd1b2a55a0", "number": "8882404331", "date": "2021-01-26 12:00:00", "subject": "2", "recorded-or-robo": "Y", "city": "Port Arthur", "state": "TX", "area-code": "337"}, {"id": "490dde24b259add1335244cd1b2a4940", "number": "3036297474", "date": "2021-01-26 09:20:00", "subject": "2", "recorded-or-robo": "Y", "city": "Antioch", "state": "TN", "area-code": "615"}, {"id": "490dde24b259add1335244cd1b2a45d8", "number": "4702983261", "date": "2021-01-25 15:16:00", "subject": "1", "recorded-or-robo": "Y", "city": "TARENTUM", "state": "PA", "area-code": "724"}, {"id": "490dde24b259add1335244cd1b2a392b", "number": "8183580091", "date": "2021-01-25 12:00:00", "subject": "1", "recorded-or-robo": "Y", "city": "San Clemente", "state": "CA", "area-code": "949"}, {"id": "490dde24b259add1335244cd1b2a3068", "number": "7632519856", "date": "2021-01-26 10:08:00", "subject": "2", "recorded-or-robo": "N", "city": "", "state": "MN", "area-code": "612"}, {"id": "490dde24b259add1335244cd1b2a23a1", "number": "3184883252", "date": "2021-01-26 11:20:00", "subject": "2", "recorded-or-robo": "Y", "city": "Miami", "state": "FL", "area-code": "305"}, {"id": "490dde24b259add1335244cd1b2a1b15", "number": "Ididntwrite", "date": "2021-01-26 10:13:00", "subject": "1", "recorded-or-robo": "Y", "city": "St. Louis", "state": "MO", "area-code": "314"}, {"id": "490dde24b259add1335244cd1b2a1a08", "number": "5804052559", "date": "2021-01-26 11:22:00", "subject": "3", "recorded-or-robo": "", "city": "", "state": "CT", "area-code": "203"}, {"id": "490dde24b259add1335244cd1b2a134a", "number": "5597964207", "date": "2021-01-26 08:13:00", "subject": "1", "recorded-or-robo": "Y", "city": "Armona", "state": "CA", "area-code": "559"}, {"id": "490dde24b259add1335244cd1b2a0f3f", "number": "3217857988", "date": "2021-01-26 11:22:00", "subject": "4", "recorded-or-robo": "Y", "city": "Boynton Beach", "state": "FL", "area-code": "305"}, {"id": "490dde24b259add1335244cd1b2a06ce", "number": "8332297992", "date": "2021-01-26 09:34:00", "subject": "2", "recorded-or-robo": "Y", "city": "Moore", "state": "OK", "area-code": "405"}, {"id": "490dde24b259add1335244cd1b29fe42", "number": "3365169705", "date": "2021-01-21 11:24:00", "subject": "4", "recorded-or-robo": "Y", "city": "High Point", "state": "NC", "area-code": "336"}, {"id": "490dde24b259add1335244cd1b29fc76", "number": "3029901036", "date": "2021-01-26 11:19:00", "subject": "7", "recorded-or-robo": "Y", "city": "Hockessin", "state": "DE", "area-code": "302"}, {"id": "490dde24b259add1335244cd1b29ed76", "number": "6261338208", "date": "2021-01-26 07:31:00", "subject": "1", "recorded-or-robo": "Y", "city": "Hacienda Hgts.", "state": "CA", "area-code": "626"}, {"id": "490dde24b259add1335244cd1b29e00c", "number": "8653818018", "date": "2021-01-22 18:24:00", "subject": "2", "recorded-or-robo": "Y", "city": "", "state": "TN", "area-code": "865"}, {"id": "490dde24b259add1335244cd1b29d580", "number": "3526031484", "date": "2021-01-22 11:39:00", "subject": "2", "recorded-or-robo": "N", "city": "The Villages", "state": "FL", "area-code": "352"}, {"id": "490dde24b259add1335244cd1b29d42d", "number": "4059381472", "date": "2021-01-26 10:32:00", "subject": "0", "recorded-or-robo": "Y", "city": "Chapel Hill", "state": "NC", "area-code": "919"}, {"id": "490dde24b259add1335244cd1b29d03f", "number": "7073087416", "date": "2021-01-26 08:31:00", "subject": "2", "recorded-or-robo": "Y", "city": "Olathe", "state": "KS", "area-code": "913"}, {"id": "490dde24b259add1335244cd1b29cec1", "number": "9258552637", "date": "2021-01-18 11:03:00", "subject": "4", "recorded-or-robo": "Y", "city": "Bellaire", "state": "CA", "area-code": "925"}, {"id": "490dde24b259add1335244cd1b29ce39", "number": "4802909064", "date": "2021-01-26 09:18:00", "subject": "15", "recorded-or-robo": "Y", "city": "Aurora", "state": "CO", "area-code": "571"}, {"id": "490dde24b259add1335244cd1b29cd8b", "number": "8663511183", "date": "2021-01-26 09:17:00", "subject": "6", "recorded-or-robo": "Y", "city": "LK HAVASU CTY", "state": "AZ", "area-code": "928"}, {"id": "490dde24b259add1335244cd1b29c564", "number": "3056026673", "date": "2021-01-26 11:21:00", "subject": "4", "recorded-or-robo": "Y", "city": "Boynton Beach", "state": "FL", "area-code": "305"}, {"id": "490dde24b259add1335244cd1b29bc17", "number": "114042252717", "date": "2021-01-26 09:53:00", "subject": "0", "recorded-or-robo": "N", "city": "Antioch", "state": "TN", "area-code": "615"}, {"id": "490dde24b259add1335244cd1b29b211", "number": "2402566131", "date": "2021-01-26 11:08:00", "subject": "0", "recorded-or-robo": "N", "city": "GLEN BURNIE", "state": "MD", "area-code": "410"}, {"id": "490dde24b259add1335244cd1b29a256", "number": "5702542076", "date": "2021-01-26 11:21:00", "subject": "4", "recorded-or-robo": "Y", "city": "Elmwood Park", "state": "NJ", "area-code": "917"}, {"id": "490dde24b259add1335244cd1b2996e5", "number": "9842017169", "date": "2021-01-21 13:18:00", "subject": "4", "recorded-or-robo": "Y", "city": "High Point", "state": "NC", "area-code": "336"}, {"id": "490dde24b259add1335244cd1b298dee", "number": "7086400643", "date": "2021-01-26 09:12:00", "subject": "2", "recorded-or-robo": "Y", "city": "", "state": "NM", "area-code": "505"}, {"id": "490dde24b259add1335244cd1b298253", "number": "8129283116", "date": "2021-01-26 11:12:00", "subject": "7", "recorded-or-robo": "N", "city": "Blacklick", "state": "OH", "area-code": "614"}, {"id": "490dde24b259add1335244cd1b297d4a", "number": "3016495518", "date": "2021-01-26 11:07:00", "subject": "2", "recorded-or-robo": "Y", "city": "Chatham", "state": "NJ", "area-code": "201"}, {"id": "490dde24b259add1335244cd1b2975dc", "number": "8505613749", "date": "2021-01-26 11:00:00", "subject": "5", "recorded-or-robo": "Y", "city": "NJ", "state": "NJ", "area-code": "850"}, {"id": "490dde24b259add1335244cd1b296f5f", "number": "", "date": "2021-01-26 10:49:00", "subject": "2", "recorded-or-robo": "Y", "city": "SCRANTON", "state": "PA", "area-code": "570"}, {"id": "490dde24b259add1335244cd1b296102", "number": "8505982124", "date": "2021-01-26 10:17:00", "subject": "7", "recorded-or-robo": "Y", "city": "Cantonment", "state": "FL", "area-code": "850"}, {"id": "490dde24b259add1335244cd1b295343", "number": "2082644445", "date": "2021-01-26 08:14:00", "subject": "1", "recorded-or-robo": "Y", "city": "", "state": "ID", "area-code": "208"}, {"id": "490dde24b259add1335244cd1b294663", "number": "5024133719", "date": "2021-01-26 10:47:00", "subject": "0", "recorded-or-robo": "Y", "city": "Chapel Hill", "state": "NC", "area-code": "919"}, {"id": "490dde24b259add1335244cd1b294227", "number": "8705683454", "date": "2021-01-26 10:08:00", "subject": "3", "recorded-or-robo": "N", "city": "MTN, VIEW", "state": "AR", "area-code": "870"}, {"id": "490dde24b259add1335244cd1b293d4f", "number": "8282206109", "date": "2021-01-21 17:06:00", "subject": "4", "recorded-or-robo": "Y", "city": "High Point", "state": "NC", "area-code": "336"}, {"id": "490dde24b259add1335244cd1b29327f", "number": "8053466440", "date": "2021-01-26 08:09:00", "subject": "0", "recorded-or-robo": "N", "city": "Eugene", "state": "OR", "area-code": "323"}, {"id": "490dde24b259add1335244cd1b29229e", "number": "6315987622", "date": "2021-01-26 11:15:00", "subject": "1", "recorded-or-robo": "Y", "city": "Hauppauge", "state": "NY", "area-code": "631"}, {"id": "490dde24b259add1335244cd1b291dc5", "number": "6462362307", "date": "2021-01-26 11:18:00", "subject": "2", "recorded-or-robo": "Y", "city": "", "state": "NY", "area-code": "646"}]}