{"data": [{"id": "1d36742e3f24f50e4e7ae828011446c0", "number": "2015812654", "date": "2021-01-20 16:01:00", "subject": "2", "recorded-or-robo": "", "city": "South Orange", "state": "NJ", "area-code": "201"}, {"id": "e81c9350d54f66c6d33b3747ee7f3f11", "number": "4793931282", "date": "2021-01-21 14:59:00", "subject": "3", "recorded-or-robo": "Y", "city": "", "state": "AR", "area-code": "479"}, {"id": "1d36742e3f24f50e4e7ae828011437aa", "number": "4793931282", "date": "2021-01-21 14:59:00", "subject": "3", "recorded-or-robo": "Y", "city": "", "state": "AR", "area-code": "479"}, {"id": "e81c9350d54f66c6d33b3747ee7f3246", "number": "8005694396", "date": "2021-01-22 07:40:00", "subject": "2", "recorded-or-robo": "Y", "city": "Arroyo Grande", "state": "CA", "area-code": "925"}, {"id": "1d36742e3f24f50e4e7ae828011427d7", "number": "8005694396", "date": "2021-01-22 07:40:00", "subject": "2", "recorded-or-robo": "Y", "city": "Arroyo Grande", "state": "CA", "area-code": "925"}, {"id": "e81c9350d54f66c6d33b3747eeaa2890", "number": "+18664516615", "date": "2021-01-22 20:16:30", "subject": "3", "recorded-or-robo": "Y", "city": "", "state": "WA", "area-code": "206"}, {"id": "1d36742e3f24f50e4e7ae828013f22b7", "number": "+18664516615", "date": "2021-01-22 20:16:30", "subject": "3", "recorded-or-robo": "Y", "city": "", "state": "WA", "area-code": "206"}, {"id": "e81c9350d54f66c6d33b3747ee7f227b", "number": "9087474282", "date": "2021-01-12 13:59:00", "subject": "3", "recorded-or-robo": "N", "city": "", "state": "TX", "area-code": "210"}, {"id": "1d36742e3f24f50e4e7ae828011424ab", "number": "9087474282", "date": "2021-01-12 13:59:00", "subject": "3", "recorded-or-robo": "N", "city": "", "state": "TX", "area-code": "210"}, {"id": "e81c9350d54f66c6d33b3747ee7f1448", "number": "3152328257", "date": "2021-01-22 17:10:00", "subject": "2", "recorded-or-robo": "Y", "city": "Saint Charles", "state": "MO", "area-code": "636"}, {"id": "1d36742e3f24f50e4e7ae8280114189e", "number": "3152328257", "date": "2021-01-22 17:10:00", "subject": "2", "recorded-or-robo": "Y", "city": "Saint Charles", "state": "MO", "area-code": "636"}, {"id": "e81c9350d54f66c6d33b3747ee7f1272", "number": "40225611693", "date": "2021-01-22 14:01:00", "subject": "7", "recorded-or-robo": "Y", "city": "", "state": "CA", "area-code": "408"}, {"id": "1d36742e3f24f50e4e7ae82801141584", "number": "40225611693", "date": "2021-01-22 14:01:00", "subject": "7", "recorded-or-robo": "Y", "city": "", "state": "CA", "area-code": "408"}, {"id": "e81c9350d54f66c6d33b3747eeaa0ceb", "number": "+14072049952", "date": "2021-01-22 20:16:06", "subject": "3", "recorded-or-robo": "Y", "city": "", "state": "FL", "area-code": "904"}, {"id": "1d36742e3f24f50e4e7ae828013ef8dc", "number": "+14072049952", "date": "2021-01-22 20:16:06", "subject": "3", "recorded-or-robo": "Y", "city": "", "state": "FL", "area-code": "904"}, {"id": "e81c9350d54f66c6d33b3747ee7f0613", "number": "8474849970", "date": "2021-01-22 10:13:00", "subject": "3", "recorded-or-robo": "Y", "city": "LONGBOAT KEY", "state": "FL", "area-code": "847"}, {"id": "1d36742e3f24f50e4e7ae82801140cea", "number": "8474849970", "date": "2021-01-22 10:13:00", "subject": "3", "recorded-or-robo": "Y", "city": "LONGBOAT KEY", "state": "FL", "area-code": "847"}, {"id": "e81c9350d54f66c6d33b3747ee7ef8bf", "number": "6029220384", "date": "2021-01-22 13:08:00", "subject": "2", "recorded-or-robo": "N", "city": "Phoenix", "state": "AZ", "area-code": "602"}, {"id": "e81c9350d54f66c6d33b3747ee7ef50e", "number": "7351618871", "date": "2021-01-22 12:49:00", "subject": "0", "recorded-or-robo": "N", "city": "Oldtown", "state": "MD", "area-code": "301"}, {"id": "1d36742e3f24f50e4e7ae82801140090", "number": "6029220384", "date": "2021-01-22 13:08:00", "subject": "2", "recorded-or-robo": "N", "city": "Phoenix", "state": "AZ", "area-code": "602"}, {"id": "1d36742e3f24f50e4e7ae8280113f64c", "number": "7351618871", "date": "2021-01-22 12:49:00", "subject": "0", "recorded-or-robo": "N", "city": "Oldtown", "state": "MD", "area-code": "301"}, {"id": "e81c9350d54f66c6d33b3747ee7eed68", "number": "3144481840", "date": "2021-01-22 19:13:00", "subject": "1", "recorded-or-robo": "Y", "city": "", "state": "MO", "area-code": "314"}, {"id": "e81c9350d54f66c6d33b3747ee7ee816", "number": "9737550836", "date": "2021-01-21 08:00:00", "subject": "2", "recorded-or-robo": "", "city": "South Orange", "state": "NJ", "area-code": "201"}, {"id": "1d36742e3f24f50e4e7ae8280113eb44", "number": "3144481840", "date": "2021-01-22 19:13:00", "subject": "1", "recorded-or-robo": "Y", "city": "", "state": "MO", "area-code": "314"}, {"id": "1d36742e3f24f50e4e7ae8280113e35c", "number": "9737550836", "date": "2021-01-21 08:00:00", "subject": "2", "recorded-or-robo": "", "city": "South Orange", "state": "NJ", "area-code": "201"}, {"id": "e81c9350d54f66c6d33b3747eeaa725b", "number": "+13076203209", "date": "2021-01-22 20:15:52", "subject": "3", "recorded-or-robo": "Y", "city": "", "state": "TX", "area-code": "214"}, {"id": "e81c9350d54f66c6d33b3747ee7edd19", "number": "7194963105", "date": "2021-01-22 14:25:00", "subject": "4", "recorded-or-robo": "Y", "city": "Downers Grove", "state": "IL", "area-code": "630"}, {"id": "1d36742e3f24f50e4e7ae828013f75ae", "number": "+13076203209", "date": "2021-01-22 20:15:52", "subject": "3", "recorded-or-robo": "Y", "city": "", "state": "TX", "area-code": "214"}, {"id": "1d36742e3f24f50e4e7ae8280113dd18", "number": "7194963105", "date": "2021-01-22 14:25:00", "subject": "4", "recorded-or-robo": "Y", "city": "Downers Grove", "state": "IL", "area-code": "630"}, {"id": "e81c9350d54f66c6d33b3747eeaa7ef3", "number": "5308914715", "date": "2021-01-22 20:15:43", "subject": "3", "recorded-or-robo": "N", "city": "", "state": "CA", "area-code": "310"}, {"id": "1d36742e3f24f50e4e7ae828013f77f8", "number": "5308914715", "date": "2021-01-22 20:15:43", "subject": "3", "recorded-or-robo": "N", "city": "", "state": "CA", "area-code": "310"}, {"id": "e81c9350d54f66c6d33b3747ee7ed3e7", "number": "3144525573", "date": "2021-01-22 18:54:00", "subject": "1", "recorded-or-robo": "N", "city": "Florissant", "state": "MO", "area-code": "314"}, {"id": "1d36742e3f24f50e4e7ae8280113dc51", "number": "3144525573", "date": "2021-01-22 18:54:00", "subject": "1", "recorded-or-robo": "N", "city": "Florissant", "state": "MO", "area-code": "314"}, {"id": "e81c9350d54f66c6d33b3747ee7ecefc", "number": "", "date": "2021-01-20 00:00:00", "subject": "2", "recorded-or-robo": "", "city": "", "state": "NJ", "area-code": "973"}, {"id": "1d36742e3f24f50e4e7ae8280113d34a", "number": "", "date": "2021-01-20 00:00:00", "subject": "2", "recorded-or-robo": "", "city": "", "state": "NJ", "area-code": "973"}, {"id": "e81c9350d54f66c6d33b3747ee7ecc85", "number": "6517719795", "date": "2021-01-22 09:06:00", "subject": "2", "recorded-or-robo": "Y", "city": "Oakdale", "state": "MN", "area-code": "651"}, {"id": "1d36742e3f24f50e4e7ae8280113ca50", "number": "6517719795", "date": "2021-01-22 09:06:00", "subject": "2", "recorded-or-robo": "Y", "city": "Oakdale", "state": "MN", "area-code": "651"}, {"id": "e81c9350d54f66c6d33b3747ee7ec548", "number": "9128756211", "date": "2021-01-22 17:10:00", "subject": "2", "recorded-or-robo": "Y", "city": "", "state": "IL", "area-code": "815"}, {"id": "1d36742e3f24f50e4e7ae8280113c974", "number": "9128756211", "date": "2021-01-22 17:10:00", "subject": "2", "recorded-or-robo": "Y", "city": "", "state": "IL", "area-code": "815"}, {"id": "e81c9350d54f66c6d33b3747ee7eba62", "number": "7328869837", "date": "2021-01-22 13:05:00", "subject": "2", "recorded-or-robo": "", "city": "South Orange", "state": "NJ", "area-code": "201"}, {"id": "1d36742e3f24f50e4e7ae8280113bd87", "number": "7328869837", "date": "2021-01-22 13:05:00", "subject": "2", "recorded-or-robo": "", "city": "South Orange", "state": "NJ", "area-code": "201"}, {"id": "e81c9350d54f66c6d33b3747ee7eb6b2", "number": "4352016861", "date": "2021-01-22 18:12:00", "subject": "13", "recorded-or-robo": "Y", "city": "", "state": "UT", "area-code": "801"}, {"id": "1d36742e3f24f50e4e7ae8280113b29a", "number": "4352016861", "date": "2021-01-22 18:12:00", "subject": "13", "recorded-or-robo": "Y", "city": "", "state": "UT", "area-code": "801"}, {"id": "e81c9350d54f66c6d33b3747eeaa102f", "number": "4253654217", "date": "2021-01-22 20:15:11", "subject": "3", "recorded-or-robo": "Y", "city": "", "state": "WA", "area-code": "206"}, {"id": "1d36742e3f24f50e4e7ae828013f0c22", "number": "4253654217", "date": "2021-01-22 20:15:11", "subject": "3", "recorded-or-robo": "Y", "city": "", "state": "WA", "area-code": "206"}, {"id": "e81c9350d54f66c6d33b3747eeaa6ee4", "number": "+19544982740", "date": "2021-01-22 20:15:09", "subject": "3", "recorded-or-robo": "Y", "city": "", "state": "IL", "area-code": "618"}, {"id": "1d36742e3f24f50e4e7ae828013f65d2", "number": "+19544982740", "date": "2021-01-22 20:15:09", "subject": "3", "recorded-or-robo": "Y", "city": "", "state": "IL", "area-code": "618"}, {"id": "e81c9350d54f66c6d33b3747eeaa524a", "number": "5038684992", "date": "2021-01-22 20:14:58", "subject": "3", "recorded-or-robo": "Y", "city": "", "state": "OR", "area-code": "503"}, {"id": "1d36742e3f24f50e4e7ae828013f4fae", "number": "5038684992", "date": "2021-01-22 20:14:58", "subject": "3", "recorded-or-robo": "Y", "city": "", "state": "OR", "area-code": "503"}, {"id": "e81c9350d54f66c6d33b3747ee7eb0b1", "number": "2814179872", "date": "2021-01-22 13:18:00", "subject": "3", "recorded-or-robo": "N", "city": "", "state": "TX", "area-code": "210"}]}