{"data": [{"id": "e81c9350d54f66c6d33b3747ee371e15", "number": "6303610063", "date": "2021-01-22 14:15:00", "subject": "2", "recorded-or-robo": "N", "city": "Lewis Center", "state": "OH", "area-code": "614"}, {"id": "deca54a6651fb9add5b4a9816ccbfded", "number": "7012374837", "date": "2021-01-22 17:31:00", "subject": "2", "recorded-or-robo": "Y", "city": "Bismarck", "state": "ND", "area-code": "701"}, {"id": "deca54a6651fb9add5b4a9816ccbfc88", "number": "6303610063", "date": "2021-01-22 14:15:00", "subject": "2", "recorded-or-robo": "N", "city": "Lewis Center", "state": "OH", "area-code": "614"}, {"id": "e81c9350d54f66c6d33b3747ee371b46", "number": "9892797803", "date": "2021-01-22 10:25:00", "subject": "2", "recorded-or-robo": "N", "city": "Ann Arbor", "state": "MI", "area-code": "313"}, {"id": "deca54a6651fb9add5b4a9816ccbf591", "number": "9892797803", "date": "2021-01-22 10:25:00", "subject": "2", "recorded-or-robo": "N", "city": "Ann Arbor", "state": "MI", "area-code": "313"}, {"id": "e81c9350d54f66c6d33b3747ee9ccc77", "number": "+13862227284", "date": "2021-01-22 18:35:37", "subject": "3", "recorded-or-robo": "Y", "city": "", "state": "FL", "area-code": "386"}, {"id": "e81c9350d54f66c6d33b3747ee371aeb", "number": "7632442241", "date": "2021-01-21 15:19:00", "subject": "2", "recorded-or-robo": "N", "city": "Farmington", "state": "MN", "area-code": "651"}, {"id": "deca54a6651fb9add5b4a9816ccbf075", "number": "7632442241", "date": "2021-01-21 15:19:00", "subject": "2", "recorded-or-robo": "N", "city": "Farmington", "state": "MN", "area-code": "651"}, {"id": "1d36742e3f24f50e4e7ae8280131e884", "number": "+13862227284", "date": "2021-01-22 18:35:37", "subject": "3", "recorded-or-robo": "Y", "city": "", "state": "FL", "area-code": "386"}, {"id": "e81c9350d54f66c6d33b3747ee370f3f", "number": "4243818948", "date": "2021-01-22 15:15:00", "subject": "9", "recorded-or-robo": "Y", "city": "", "state": "CA", "area-code": "619"}, {"id": "deca54a6651fb9add5b4a9816ccbe660", "number": "4243818948", "date": "2021-01-22 15:15:00", "subject": "9", "recorded-or-robo": "Y", "city": "", "state": "CA", "area-code": "619"}, {"id": "e81c9350d54f66c6d33b3747ee9d6fc9", "number": "+16093426922", "date": "2021-01-22 18:35:23", "subject": "3", "recorded-or-robo": "Y", "city": "", "state": "NY", "area-code": "347"}, {"id": "1d36742e3f24f50e4e7ae82801327f4d", "number": "+16093426922", "date": "2021-01-22 18:35:23", "subject": "3", "recorded-or-robo": "Y", "city": "", "state": "NY", "area-code": "347"}, {"id": "e81c9350d54f66c6d33b3747ee370c8f", "number": "4255253217", "date": "2021-01-22 15:29:00", "subject": "9", "recorded-or-robo": "Y", "city": "Colbert", "state": "WA", "area-code": "509"}, {"id": "e81c9350d54f66c6d33b3747ee36fcd2", "number": "4359155656", "date": "2021-01-22 11:35:00", "subject": "2", "recorded-or-robo": "Y", "city": "", "state": "TX", "area-code": "210"}, {"id": "deca54a6651fb9add5b4a9816ccbde49", "number": "4255253217", "date": "2021-01-22 15:29:00", "subject": "9", "recorded-or-robo": "Y", "city": "Colbert", "state": "WA", "area-code": "509"}, {"id": "deca54a6651fb9add5b4a9816ccbd58a", "number": "4359155656", "date": "2021-01-22 11:35:00", "subject": "2", "recorded-or-robo": "Y", "city": "", "state": "TX", "area-code": "210"}, {"id": "e81c9350d54f66c6d33b3747ee36efd4", "number": "6508998694", "date": "2021-01-22 13:42:00", "subject": "2", "recorded-or-robo": "Y", "city": "Kirksville", "state": "CA", "area-code": "650"}, {"id": "deca54a6651fb9add5b4a9816ccbcdf7", "number": "6508998694", "date": "2021-01-22 13:42:00", "subject": "2", "recorded-or-robo": "Y", "city": "Kirksville", "state": "CA", "area-code": "650"}, {"id": "e81c9350d54f66c6d33b3747ee36e831", "number": "6094600416", "date": "2021-01-15 10:42:00", "subject": "2", "recorded-or-robo": "Y", "city": "Plainsboro", "state": "NJ", "area-code": "609"}, {"id": "deca54a6651fb9add5b4a9816ccbc7a4", "number": "6094600416", "date": "2021-01-15 10:42:00", "subject": "2", "recorded-or-robo": "Y", "city": "Plainsboro", "state": "NJ", "area-code": "609"}, {"id": "e81c9350d54f66c6d33b3747ee36dde2", "number": "", "date": "2021-01-21 18:51:00", "subject": "0", "recorded-or-robo": "Y", "city": "Old Bridge", "state": "NJ", "area-code": "973"}, {"id": "e81c9350d54f66c6d33b3747ee36d2cd", "number": "7188501054", "date": "2021-01-22 18:31:00", "subject": "0", "recorded-or-robo": "N", "city": "", "state": "NY", "area-code": "718"}, {"id": "deca54a6651fb9add5b4a9816ccbc491", "number": "", "date": "2021-01-21 18:51:00", "subject": "0", "recorded-or-robo": "Y", "city": "Old Bridge", "state": "NJ", "area-code": "973"}, {"id": "deca54a6651fb9add5b4a9816ccbb665", "number": "7188501054", "date": "2021-01-22 18:31:00", "subject": "0", "recorded-or-robo": "N", "city": "", "state": "NY", "area-code": "718"}, {"id": "e81c9350d54f66c6d33b3747ee36c9dd", "number": "6303586356", "date": "2021-01-22 17:21:00", "subject": "6", "recorded-or-robo": "Y", "city": "Broken Arrow", "state": "OK", "area-code": "918"}, {"id": "deca54a6651fb9add5b4a9816ccbaff6", "number": "6303586356", "date": "2021-01-22 17:21:00", "subject": "6", "recorded-or-robo": "Y", "city": "Broken Arrow", "state": "OK", "area-code": "918"}, {"id": "e81c9350d54f66c6d33b3747ee36c7bf", "number": "5109488838", "date": "2021-01-22 17:20:00", "subject": "1", "recorded-or-robo": "Y", "city": "San Antonio", "state": "TX", "area-code": "510"}, {"id": "deca54a6651fb9add5b4a9816ccbab20", "number": "5109488838", "date": "2021-01-22 17:20:00", "subject": "1", "recorded-or-robo": "Y", "city": "San Antonio", "state": "TX", "area-code": "510"}, {"id": "e81c9350d54f66c6d33b3747ee36c71f", "number": "5592571714", "date": "2021-01-22 08:35:00", "subject": "2", "recorded-or-robo": "Y", "city": "Clovis", "state": "CA", "area-code": "559"}, {"id": "e81c9350d54f66c6d33b3747ee36c4e9", "number": "5072747915", "date": "2021-01-21 09:42:00", "subject": "2", "recorded-or-robo": "N", "city": "Farmington", "state": "MN", "area-code": "651"}, {"id": "deca54a6651fb9add5b4a9816ccb9ff1", "number": "5592571714", "date": "2021-01-22 08:35:00", "subject": "2", "recorded-or-robo": "Y", "city": "Clovis", "state": "CA", "area-code": "559"}, {"id": "deca54a6651fb9add5b4a9816ccb9b32", "number": "5072747915", "date": "2021-01-21 09:42:00", "subject": "2", "recorded-or-robo": "N", "city": "Farmington", "state": "MN", "area-code": "651"}, {"id": "e81c9350d54f66c6d33b3747ee36b50d", "number": "5618563798", "date": "2021-01-22 18:20:00", "subject": "2", "recorded-or-robo": "Y", "city": "South Plainfield", "state": "NJ", "area-code": "908"}, {"id": "deca54a6651fb9add5b4a9816ccb93b9", "number": "5618563798", "date": "2021-01-22 18:20:00", "subject": "2", "recorded-or-robo": "Y", "city": "South Plainfield", "state": "NJ", "area-code": "908"}, {"id": "e81c9350d54f66c6d33b3747ee9d64cd", "number": "+14072739263", "date": "2021-01-22 18:34:45", "subject": "3", "recorded-or-robo": "Y", "city": "", "state": "FL", "area-code": "305"}, {"id": "1d36742e3f24f50e4e7ae828013279b6", "number": "+14072739263", "date": "2021-01-22 18:34:45", "subject": "3", "recorded-or-robo": "Y", "city": "", "state": "FL", "area-code": "305"}, {"id": "e81c9350d54f66c6d33b3747ee36a6b4", "number": "6692097199", "date": "2021-01-22 00:00:00", "subject": "0", "recorded-or-robo": "", "city": "Amherst", "state": "NY", "area-code": "716"}, {"id": "deca54a6651fb9add5b4a9816ccb926f", "number": "6692097199", "date": "2021-01-22 00:00:00", "subject": "0", "recorded-or-robo": "", "city": "Amherst", "state": "NY", "area-code": "716"}, {"id": "e81c9350d54f66c6d33b3747ee369893", "number": "6094600416", "date": "2021-01-15 10:15:00", "subject": "3", "recorded-or-robo": "Y", "city": "Plainsboro", "state": "NJ", "area-code": "609"}, {"id": "deca54a6651fb9add5b4a9816ccb8e7a", "number": "6094600416", "date": "2021-01-15 10:15:00", "subject": "3", "recorded-or-robo": "Y", "city": "Plainsboro", "state": "NJ", "area-code": "609"}, {"id": "e81c9350d54f66c6d33b3747ee369634", "number": "5095398781", "date": "2021-01-22 11:29:00", "subject": "2", "recorded-or-robo": "N", "city": "Three Forks", "state": "MT", "area-code": "509"}, {"id": "deca54a6651fb9add5b4a9816ccb8373", "number": "5095398781", "date": "2021-01-22 11:29:00", "subject": "2", "recorded-or-robo": "N", "city": "Three Forks", "state": "MT", "area-code": "509"}, {"id": "e81c9350d54f66c6d33b3747ee368ddb", "number": "7064179079", "date": "2021-01-22 11:07:00", "subject": "2", "recorded-or-robo": "Y", "city": "Cornelia", "state": "GA", "area-code": "706"}, {"id": "deca54a6651fb9add5b4a9816ccb792d", "number": "7064179079", "date": "2021-01-22 11:07:00", "subject": "2", "recorded-or-robo": "Y", "city": "Cornelia", "state": "GA", "area-code": "706"}, {"id": "e81c9350d54f66c6d33b3747ee368291", "number": "4082714485", "date": "2021-01-19 08:00:00", "subject": "4", "recorded-or-robo": "Y", "city": "GILROY", "state": "CA", "area-code": "408"}, {"id": "deca54a6651fb9add5b4a9816ccb6de4", "number": "4082714485", "date": "2021-01-19 08:00:00", "subject": "4", "recorded-or-robo": "Y", "city": "GILROY", "state": "CA", "area-code": "408"}, {"id": "e81c9350d54f66c6d33b3747ee36752e", "number": "5614278144", "date": "2021-01-22 09:27:00", "subject": "2", "recorded-or-robo": "Y", "city": "Jupiter", "state": "FL", "area-code": "561"}, {"id": "deca54a6651fb9add5b4a9816ccb6d7f", "number": "5614278144", "date": "2021-01-22 09:27:00", "subject": "2", "recorded-or-robo": "Y", "city": "Jupiter", "state": "FL", "area-code": "561"}, {"id": "e81c9350d54f66c6d33b3747ee366f14", "number": "2076900155", "date": "2021-01-22 18:27:00", "subject": "0", "recorded-or-robo": "", "city": "Cape Elizabeth", "state": "ME", "area-code": "207"}]}