{"data": [{"id": "490dde24b259add1335244cd1b58e98b", "number": "9856172968", "date": "2021-01-26 11:18:00", "subject": "2", "recorded-or-robo": "", "city": "", "state": "FL", "area-code": "850"}, {"id": "490dde24b259add1335244cd1b58e20e", "number": "5085362981", "date": "2021-01-26 10:29:00", "subject": "0", "recorded-or-robo": "", "city": "Mashpee", "state": "MA", "area-code": "508"}, {"id": "490dde24b259add1335244cd1b58d624", "number": "", "date": "2021-01-25 12:00:00", "subject": "1", "recorded-or-robo": "Y", "city": "Silver Spring", "state": "MD", "area-code": "301"}, {"id": "490dde24b259add1335244cd1b58cfbc", "number": "4169388759", "date": "2021-01-26 11:18:00", "subject": "2", "recorded-or-robo": "Y", "city": "Ashmore", "state": "IL", "area-code": "217"}, {"id": "490dde24b259add1335244cd1b58cc71", "number": "7709690701", "date": "2021-01-26 00:00:00", "subject": "2", "recorded-or-robo": "Y", "city": "Fairburn", "state": "GA", "area-code": "762"}, {"id": "490dde24b259add1335244cd1b58c794", "number": "4199247868", "date": "2020-11-25 17:52:00", "subject": "3", "recorded-or-robo": "", "city": "", "state": "OH", "area-code": "513"}, {"id": "490dde24b259add1335244cd1b58c1e9", "number": "9843775668", "date": "2021-01-26 12:20:00", "subject": "8", "recorded-or-robo": "N", "city": "ELLWOOD CITY", "state": "PA", "area-code": "724"}, {"id": "490dde24b259add1335244cd1b58b6d3", "number": "8024492281", "date": "2021-01-26 12:16:00", "subject": "2", "recorded-or-robo": "N", "city": "MACCLENNY", "state": "FL", "area-code": "904"}, {"id": "490dde24b259add1335244cd1b58ac28", "number": "7086658242", "date": "2021-01-26 11:23:00", "subject": "2", "recorded-or-robo": "N", "city": "Lake Villa", "state": "IL", "area-code": "847"}, {"id": "490dde24b259add1335244cd1b58a740", "number": "7654526000", "date": "2021-01-26 11:09:00", "subject": "2", "recorded-or-robo": "", "city": "Kokomo", "state": "IN", "area-code": "765"}, {"id": "490dde24b259add1335244cd1b589787", "number": "2487541111", "date": "2021-01-26 12:17:00", "subject": "0", "recorded-or-robo": "Y", "city": "Sylvan Lake", "state": "MI", "area-code": "248"}, {"id": "490dde24b259add1335244cd1b589276", "number": "2149837583", "date": "2021-01-26 11:22:00", "subject": "4", "recorded-or-robo": "Y", "city": "Garland", "state": "TX", "area-code": "214"}, {"id": "490dde24b259add1335244cd1b588876", "number": "7272611553", "date": "2021-01-26 12:10:00", "subject": "6", "recorded-or-robo": "Y", "city": "SEMINOLE", "state": "FL", "area-code": "727"}, {"id": "490dde24b259add1335244cd1b5885ba", "number": "7272052709", "date": "2021-01-26 10:18:00", "subject": "4", "recorded-or-robo": "Y", "city": "Eagle", "state": "CO", "area-code": "970"}, {"id": "490dde24b259add1335244cd1b5882f3", "number": "2319817419", "date": "2021-01-26 12:20:00", "subject": "6", "recorded-or-robo": "Y", "city": "Traverse City", "state": "MI", "area-code": "231"}, {"id": "490dde24b259add1335244cd1b587643", "number": "6143117807", "date": "2021-01-26 12:11:00", "subject": "3", "recorded-or-robo": "Y", "city": "", "state": "OH", "area-code": "614"}, {"id": "490dde24b259add1335244cd1b5867fd", "number": "4158512447", "date": "2021-01-25 17:02:00", "subject": "9", "recorded-or-robo": "Y", "city": "", "state": "CA", "area-code": "707"}, {"id": "490dde24b259add1335244cd1b585ac9", "number": "9704360594", "date": "2021-01-25 09:32:00", "subject": "3", "recorded-or-robo": "Y", "city": "", "state": "CO", "area-code": "970"}, {"id": "490dde24b259add1335244cd1b585153", "number": "5093441903", "date": "2021-01-22 15:24:00", "subject": "5", "recorded-or-robo": "", "city": "", "state": "NE", "area-code": "402"}, {"id": "490dde24b259add1335244cd1b584f1a", "number": "", "date": "2021-01-26 12:21:00", "subject": "4", "recorded-or-robo": "Y", "city": "Rochester", "state": "NH", "area-code": "603"}, {"id": "490dde24b259add1335244cd1b584f00", "number": "8155700754", "date": "2021-01-26 12:15:00", "subject": "4", "recorded-or-robo": "N", "city": "Harvest", "state": "AL", "area-code": "941"}, {"id": "490dde24b259add1335244cd1b5846a1", "number": "9257841946", "date": "2020-12-18 11:29:00", "subject": "2", "recorded-or-robo": "", "city": "Portsmouth", "state": "OH", "area-code": "740"}, {"id": "490dde24b259add1335244cd1b583e38", "number": "6142598275", "date": "2021-01-19 09:50:00", "subject": "0", "recorded-or-robo": "N", "city": "seattle", "state": "CA", "area-code": "805"}, {"id": "490dde24b259add1335244cd1b5832ef", "number": "2543502666", "date": "2021-01-22 05:48:00", "subject": "4", "recorded-or-robo": "Y", "city": "Duluth", "state": "GA", "area-code": "214"}, {"id": "490dde24b259add1335244cd1b582ec8", "number": "4026748360", "date": "2021-01-26 11:04:00", "subject": "2", "recorded-or-robo": "N", "city": "Bossier City, LA", "state": "LA", "area-code": "318"}, {"id": "490dde24b259add1335244cd1b58222a", "number": "8332297979", "date": "2021-01-26 11:21:00", "subject": "0", "recorded-or-robo": "Y", "city": "muscatine", "state": "IA", "area-code": "563"}, {"id": "490dde24b259add1335244cd1b5820a8", "number": "2186337507", "date": "2021-01-26 10:29:00", "subject": "1", "recorded-or-robo": "Y", "city": "JOPLIN", "state": "MO", "area-code": "417"}, {"id": "490dde24b259add1335244cd1b581dbf", "number": "8509355406", "date": "2021-01-26 10:50:00", "subject": "2", "recorded-or-robo": "", "city": "", "state": "FL", "area-code": "850"}, {"id": "490dde24b259add1335244cd1b581997", "number": "7372364527", "date": "2021-01-26 12:20:00", "subject": "2", "recorded-or-robo": "Y", "city": "Truro", "state": "MA", "area-code": "508"}, {"id": "490dde24b259add1335244cd1b5812f0", "number": "9285811883", "date": "2021-01-26 10:02:00", "subject": "1", "recorded-or-robo": "Y", "city": "Prescott", "state": "AZ", "area-code": "928"}, {"id": "490dde24b259add1335244cd1b5806a4", "number": "7867741104", "date": "2021-01-26 12:15:00", "subject": "6", "recorded-or-robo": "Y", "city": "pembroke pines", "state": "FL", "area-code": "813"}, {"id": "490dde24b259add1335244cd1b57fb72", "number": "8653508068", "date": "2021-01-26 12:23:00", "subject": "2", "recorded-or-robo": "N", "city": "Pomona Park", "state": "TN", "area-code": "423"}, {"id": "490dde24b259add1335244cd1b57ed16", "number": "6165500000", "date": "2020-12-03 09:37:00", "subject": "3", "recorded-or-robo": "", "city": "", "state": "OH", "area-code": "513"}, {"id": "490dde24b259add1335244cd1b57ea01", "number": "8284417667", "date": "2021-01-26 12:22:00", "subject": "7", "recorded-or-robo": "Y", "city": "spruce pine", "state": "NC", "area-code": "828"}, {"id": "490dde24b259add1335244cd1b57e2b3", "number": "5045169097", "date": "2021-01-26 11:21:00", "subject": "3", "recorded-or-robo": "Y", "city": "", "state": "LA", "area-code": "504"}, {"id": "490dde24b259add1335244cd1b57dbea", "number": "9713173191", "date": "2021-01-26 09:23:00", "subject": "4", "recorded-or-robo": "Y", "city": "Oregon City", "state": "OR", "area-code": "971"}, {"id": "490dde24b259add1335244cd1b57d6db", "number": "4803006719", "date": "2021-01-26 10:19:00", "subject": "4", "recorded-or-robo": "Y", "city": "", "state": "AZ", "area-code": "480"}, {"id": "490dde24b259add1335244cd1b57d546", "number": "3853081558", "date": "2021-01-23 09:39:00", "subject": "3", "recorded-or-robo": "Y", "city": "", "state": "CO", "area-code": "970"}, {"id": "490dde24b259add1335244cd1b57caa1", "number": "9548354417", "date": "2021-01-26 12:17:00", "subject": "4", "recorded-or-robo": "Y", "city": "", "state": "FL", "area-code": "239"}, {"id": "490dde24b259add1335244cd1b57c283", "number": "8053421516", "date": "2021-01-19 13:01:00", "subject": "0", "recorded-or-robo": "N", "city": "seattle", "state": "CA", "area-code": "805"}, {"id": "490dde24b259add1335244cd1b57b783", "number": "8003252865", "date": "2021-01-22 16:01:00", "subject": "5", "recorded-or-robo": "", "city": "", "state": "NE", "area-code": "402"}, {"id": "490dde24b259add1335244cd1b57b5f2", "number": "8778679201", "date": "2021-01-26 11:23:00", "subject": "5", "recorded-or-robo": "Y", "city": "", "state": "", "area-code": "877"}, {"id": "490dde24b259add1335244cd1b57aaa7", "number": "8008614840", "date": "2021-01-26 11:28:00", "subject": "0", "recorded-or-robo": "Y", "city": "", "state": "PA", "area-code": "610"}, {"id": "490dde24b259add1335244cd1b57a994", "number": "7245733544", "date": "2021-01-26 12:21:00", "subject": "4", "recorded-or-robo": "Y", "city": "", "state": "NY", "area-code": "917"}, {"id": "490dde24b259add1335244cd1b57a2e8", "number": "4055610563", "date": "2021-01-26 11:21:00", "subject": "4", "recorded-or-robo": "Y", "city": "Spencer", "state": "OK", "area-code": "405"}, {"id": "490dde24b259add1335244cd1b579d3e", "number": "9176516627", "date": "2021-01-26 11:17:00", "subject": "4", "recorded-or-robo": "N", "city": "Bronx", "state": "NY", "area-code": "917"}, {"id": "490dde24b259add1335244cd1b5795e4", "number": "2702649057", "date": "2021-01-18 10:27:00", "subject": "2", "recorded-or-robo": "Y", "city": "Lewisport", "state": "KY", "area-code": "270"}, {"id": "490dde24b259add1335244cd1b579582", "number": "6124212242", "date": "2021-01-26 11:03:00", "subject": "4", "recorded-or-robo": "Y", "city": "", "state": "MN", "area-code": "612"}, {"id": "490dde24b259add1335244cd1b578729", "number": "", "date": "2021-01-26 08:28:00", "subject": "1", "recorded-or-robo": "Y", "city": "Agoura Hill", "state": "CA", "area-code": "818"}, {"id": "490dde24b259add1335244cd1b577ddb", "number": "8508013860", "date": "2021-01-25 16:23:00", "subject": "2", "recorded-or-robo": "", "city": "", "state": "FL", "area-code": "850"}]}