{"data": [{"id": "3decc6bfadaa436a105714c6ba7b732c", "number": "+12542659732", "date": "2021-01-23 17:35:28", "subject": "3", "recorded-or-robo": "Y", "city": "", "state": "TX", "area-code": "254"}, {"id": "03e293b3df9e35eadf15c56119120178", "number": "+12542659732", "date": "2021-01-23 17:35:28", "subject": "3", "recorded-or-robo": "Y", "city": "", "state": "TX", "area-code": "254"}, {"id": "3decc6bfadaa436a105714c6ba418934", "number": "", "date": "2021-01-23 05:24:00", "subject": "2", "recorded-or-robo": "Y", "city": "", "state": "VA", "area-code": "703"}, {"id": "1d36742e3f24f50e4e7ae82801d72969", "number": "", "date": "2021-01-23 05:24:00", "subject": "2", "recorded-or-robo": "Y", "city": "", "state": "VA", "area-code": "703"}, {"id": "3decc6bfadaa436a105714c6ba417aa7", "number": "7273711878", "date": "2021-01-21 15:42:00", "subject": "2", "recorded-or-robo": "N", "city": "", "state": "FL", "area-code": "727"}, {"id": "1d36742e3f24f50e4e7ae82801d721a2", "number": "7273711878", "date": "2021-01-21 15:42:00", "subject": "2", "recorded-or-robo": "N", "city": "", "state": "FL", "area-code": "727"}, {"id": "3decc6bfadaa436a105714c6ba417a59", "number": "8600673521", "date": "2021-01-22 12:28:00", "subject": "0", "recorded-or-robo": "Y", "city": "randolph", "state": "MA", "area-code": "781"}, {"id": "1d36742e3f24f50e4e7ae82801d71f5c", "number": "8600673521", "date": "2021-01-22 12:28:00", "subject": "0", "recorded-or-robo": "Y", "city": "randolph", "state": "MA", "area-code": "781"}, {"id": "3decc6bfadaa436a105714c6ba41743b", "number": "", "date": "2021-01-23 16:27:00", "subject": "2", "recorded-or-robo": "Y", "city": "Saint Peters", "state": "MO", "area-code": "314"}, {"id": "1d36742e3f24f50e4e7ae82801d713d2", "number": "", "date": "2021-01-23 16:27:00", "subject": "2", "recorded-or-robo": "Y", "city": "Saint Peters", "state": "MO", "area-code": "314"}, {"id": "3decc6bfadaa436a105714c6ba4164fb", "number": "7049240738", "date": "2021-01-23 15:58:00", "subject": "0", "recorded-or-robo": "Y", "city": "Nashville", "state": "TN", "area-code": "704"}, {"id": "1d36742e3f24f50e4e7ae82801d70d8a", "number": "7049240738", "date": "2021-01-23 15:58:00", "subject": "0", "recorded-or-robo": "Y", "city": "Nashville", "state": "TN", "area-code": "704"}, {"id": "3decc6bfadaa436a105714c6ba4161ae", "number": "7273798408", "date": "2021-01-21 15:49:00", "subject": "2", "recorded-or-robo": "N", "city": "", "state": "FL", "area-code": "727"}, {"id": "3decc6bfadaa436a105714c6ba415e12", "number": "6026101973", "date": "2021-01-23 15:22:00", "subject": "2", "recorded-or-robo": "N", "city": "Phoenix", "state": "AZ", "area-code": "206"}, {"id": "1d36742e3f24f50e4e7ae82801d70a05", "number": "7273798408", "date": "2021-01-21 15:49:00", "subject": "2", "recorded-or-robo": "N", "city": "", "state": "FL", "area-code": "727"}, {"id": "1d36742e3f24f50e4e7ae82801d7026d", "number": "6026101973", "date": "2021-01-23 15:22:00", "subject": "2", "recorded-or-robo": "N", "city": "Phoenix", "state": "AZ", "area-code": "206"}, {"id": "3decc6bfadaa436a105714c6ba4152a6", "number": "5099268703", "date": "2021-01-23 14:20:00", "subject": "11", "recorded-or-robo": "Y", "city": "Spokane Valley", "state": "WA", "area-code": "509"}, {"id": "1d36742e3f24f50e4e7ae82801d6f813", "number": "5099268703", "date": "2021-01-23 14:20:00", "subject": "11", "recorded-or-robo": "Y", "city": "Spokane Valley", "state": "WA", "area-code": "509"}, {"id": "3decc6bfadaa436a105714c6ba414e9f", "number": "1243840313661", "date": "2021-01-22 19:49:00", "subject": "2", "recorded-or-robo": "Y", "city": "Runnells", "state": "IA", "area-code": "641"}, {"id": "1d36742e3f24f50e4e7ae82801d6f285", "number": "1243840313661", "date": "2021-01-22 19:49:00", "subject": "2", "recorded-or-robo": "Y", "city": "Runnells", "state": "IA", "area-code": "641"}, {"id": "3decc6bfadaa436a105714c6ba4143b7", "number": "8006423780", "date": "2021-01-22 17:57:00", "subject": "0", "recorded-or-robo": "Y", "city": "Vineland", "state": "NJ", "area-code": "856"}, {"id": "1d36742e3f24f50e4e7ae82801d6e9d1", "number": "8006423780", "date": "2021-01-22 17:57:00", "subject": "0", "recorded-or-robo": "Y", "city": "Vineland", "state": "NJ", "area-code": "856"}, {"id": "3decc6bfadaa436a105714c6ba4136b3", "number": "2284537416", "date": "2021-01-23 15:09:00", "subject": "2", "recorded-or-robo": "N", "city": "Biloxi", "state": "MS", "area-code": "228"}, {"id": "1d36742e3f24f50e4e7ae82801d6dad4", "number": "2284537416", "date": "2021-01-23 15:09:00", "subject": "2", "recorded-or-robo": "N", "city": "Biloxi", "state": "MS", "area-code": "228"}, {"id": "3decc6bfadaa436a105714c6ba4133a1", "number": "7275611241", "date": "2021-01-21 16:02:00", "subject": "2", "recorded-or-robo": "N", "city": "", "state": "FL", "area-code": "727"}, {"id": "1d36742e3f24f50e4e7ae82801d6d2a0", "number": "7275611241", "date": "2021-01-21 16:02:00", "subject": "2", "recorded-or-robo": "N", "city": "", "state": "FL", "area-code": "727"}, {"id": "3decc6bfadaa436a105714c6ba413263", "number": "7043546403", "date": "2021-01-23 11:51:00", "subject": "0", "recorded-or-robo": "Y", "city": "Nashville", "state": "TN", "area-code": "704"}, {"id": "1d36742e3f24f50e4e7ae82801d6d02c", "number": "7043546403", "date": "2021-01-23 11:51:00", "subject": "0", "recorded-or-robo": "Y", "city": "Nashville", "state": "TN", "area-code": "704"}, {"id": "3decc6bfadaa436a105714c6ba4128ea", "number": "3036717979", "date": "2021-01-19 10:57:00", "subject": "2", "recorded-or-robo": "", "city": "Highlands Ranch", "state": "CO", "area-code": "303"}, {"id": "3decc6bfadaa436a105714c6ba4122c7", "number": "7277194467", "date": "2021-01-22 09:56:00", "subject": "2", "recorded-or-robo": "N", "city": "", "state": "FL", "area-code": "727"}, {"id": "3decc6bfadaa436a105714c6ba4114d3", "number": "256784046216", "date": "2021-01-22 19:48:00", "subject": "2", "recorded-or-robo": "Y", "city": "Runnells", "state": "IA", "area-code": "641"}, {"id": "1d36742e3f24f50e4e7ae82801d6c2dc", "number": "3036717979", "date": "2021-01-19 10:57:00", "subject": "2", "recorded-or-robo": "", "city": "Highlands Ranch", "state": "CO", "area-code": "303"}, {"id": "1d36742e3f24f50e4e7ae82801d6bee5", "number": "7277194467", "date": "2021-01-22 09:56:00", "subject": "2", "recorded-or-robo": "N", "city": "", "state": "FL", "area-code": "727"}, {"id": "1d36742e3f24f50e4e7ae82801d6b525", "number": "256784046216", "date": "2021-01-22 19:48:00", "subject": "2", "recorded-or-robo": "Y", "city": "Runnells", "state": "IA", "area-code": "641"}, {"id": "3decc6bfadaa436a105714c6ba7b550a", "number": "9088834934", "date": "2021-01-23 17:32:53", "subject": "3", "recorded-or-robo": "Y", "city": "", "state": "CA", "area-code": "310"}, {"id": "03e293b3df9e35eadf15c5611911ec09", "number": "9088834934", "date": "2021-01-23 17:32:53", "subject": "3", "recorded-or-robo": "Y", "city": "", "state": "CA", "area-code": "310"}, {"id": "3decc6bfadaa436a105714c6ba41058e", "number": "2029140217", "date": "2021-01-23 14:28:00", "subject": "0", "recorded-or-robo": "Y", "city": "ESCONDIDO", "state": "CA", "area-code": "760"}, {"id": "1d36742e3f24f50e4e7ae82801d6b3a8", "number": "2029140217", "date": "2021-01-23 14:28:00", "subject": "0", "recorded-or-robo": "Y", "city": "ESCONDIDO", "state": "CA", "area-code": "760"}, {"id": "3decc6bfadaa436a105714c6ba410238", "number": "7273803729", "date": "2021-01-22 11:26:00", "subject": "2", "recorded-or-robo": "N", "city": "", "state": "FL", "area-code": "727"}, {"id": "1d36742e3f24f50e4e7ae82801d6a5fb", "number": "7273803729", "date": "2021-01-22 11:26:00", "subject": "2", "recorded-or-robo": "N", "city": "", "state": "FL", "area-code": "727"}, {"id": "3decc6bfadaa436a105714c6ba40fb3d", "number": "9419096390", "date": "2021-01-23 15:53:00", "subject": "3", "recorded-or-robo": "Y", "city": "", "state": "FL", "area-code": "941"}, {"id": "1d36742e3f24f50e4e7ae82801d6a305", "number": "9419096390", "date": "2021-01-23 15:53:00", "subject": "3", "recorded-or-robo": "Y", "city": "", "state": "FL", "area-code": "941"}, {"id": "3decc6bfadaa436a105714c6ba40f7a5", "number": "7819612385", "date": "2021-01-22 11:28:00", "subject": "0", "recorded-or-robo": "Y", "city": "randolph", "state": "MA", "area-code": "781"}, {"id": "1d36742e3f24f50e4e7ae82801d69daf", "number": "7819612385", "date": "2021-01-22 11:28:00", "subject": "0", "recorded-or-robo": "Y", "city": "randolph", "state": "MA", "area-code": "781"}, {"id": "3decc6bfadaa436a105714c6ba7b48be", "number": "5165830912", "date": "2021-01-23 17:31:49", "subject": "3", "recorded-or-robo": "Y", "city": "", "state": "NY", "area-code": "516"}, {"id": "03e293b3df9e35eadf15c5611911d2d3", "number": "5165830912", "date": "2021-01-23 17:31:49", "subject": "3", "recorded-or-robo": "Y", "city": "", "state": "NY", "area-code": "516"}, {"id": "3decc6bfadaa436a105714c6ba7b9251", "number": "5165830912", "date": "2021-01-23 17:31:48", "subject": "3", "recorded-or-robo": "Y", "city": "", "state": "NY", "area-code": "516"}, {"id": "3decc6bfadaa436a105714c6ba40f492", "number": "1243840313513", "date": "2021-01-22 19:42:00", "subject": "2", "recorded-or-robo": "Y", "city": "Runnells", "state": "IA", "area-code": "641"}, {"id": "1d36742e3f24f50e4e7ae82801d699af", "number": "1243840313513", "date": "2021-01-22 19:42:00", "subject": "2", "recorded-or-robo": "Y", "city": "Runnells", "state": "IA", "area-code": "641"}, {"id": "03e293b3df9e35eadf15c5611912172c", "number": "5165830912", "date": "2021-01-23 17:31:48", "subject": "3", "recorded-or-robo": "Y", "city": "", "state": "NY", "area-code": "516"}]}