{"data": [{"id": "e81c9350d54f66c6d33b3747ee7c7db3", "number": "8137334218", "date": "2021-01-22 15:30:00", "subject": "0", "recorded-or-robo": "Y", "city": "Land O Lakes", "state": "FL", "area-code": "813"}, {"id": "1d36742e3f24f50e4e7ae82801113a99", "number": "2123691556", "date": "2021-01-21 15:16:00", "subject": "5", "recorded-or-robo": "Y", "city": "Colorado Springs", "state": "CO", "area-code": "719"}, {"id": "1d36742e3f24f50e4e7ae82801112f04", "number": "8137334218", "date": "2021-01-22 15:30:00", "subject": "0", "recorded-or-robo": "Y", "city": "Land O Lakes", "state": "FL", "area-code": "813"}, {"id": "e81c9350d54f66c6d33b3747ee7c722a", "number": "8156749660", "date": "2021-01-18 00:00:00", "subject": "6", "recorded-or-robo": "Y", "city": "", "state": "IL", "area-code": "815"}, {"id": "1d36742e3f24f50e4e7ae82801112273", "number": "8156749660", "date": "2021-01-18 00:00:00", "subject": "6", "recorded-or-robo": "Y", "city": "", "state": "IL", "area-code": "815"}, {"id": "e81c9350d54f66c6d33b3747ee7c636c", "number": "8009476229", "date": "2021-01-12 09:38:00", "subject": "0", "recorded-or-robo": "", "city": "", "state": "CO", "area-code": "720"}, {"id": "1d36742e3f24f50e4e7ae82801111cd6", "number": "8009476229", "date": "2021-01-12 09:38:00", "subject": "0", "recorded-or-robo": "", "city": "", "state": "CO", "area-code": "720"}, {"id": "e81c9350d54f66c6d33b3747ee7c5af6", "number": "7194963105", "date": "2021-01-22 00:35:00", "subject": "4", "recorded-or-robo": "Y", "city": "Downers Grove", "state": "IL", "area-code": "630"}, {"id": "1d36742e3f24f50e4e7ae82801110d71", "number": "7194963105", "date": "2021-01-22 00:35:00", "subject": "4", "recorded-or-robo": "Y", "city": "Downers Grove", "state": "IL", "area-code": "630"}, {"id": "e81c9350d54f66c6d33b3747ee7c536d", "number": "4798882335", "date": "2021-01-19 13:08:00", "subject": "3", "recorded-or-robo": "Y", "city": "", "state": "AR", "area-code": "479"}, {"id": "1d36742e3f24f50e4e7ae82801110b90", "number": "4798882335", "date": "2021-01-19 13:08:00", "subject": "3", "recorded-or-robo": "Y", "city": "", "state": "AR", "area-code": "479"}, {"id": "e81c9350d54f66c6d33b3747ee7c5333", "number": "7207900078", "date": "2021-01-15 10:33:00", "subject": "0", "recorded-or-robo": "", "city": "", "state": "CO", "area-code": "720"}, {"id": "e81c9350d54f66c6d33b3747ee7c4ae2", "number": "8173856899", "date": "2021-01-22 18:37:00", "subject": "2", "recorded-or-robo": "N", "city": "", "state": "TX", "area-code": "214"}, {"id": "1d36742e3f24f50e4e7ae82801110b36", "number": "7207900078", "date": "2021-01-15 10:33:00", "subject": "0", "recorded-or-robo": "", "city": "", "state": "CO", "area-code": "720"}, {"id": "1d36742e3f24f50e4e7ae8280110fc5b", "number": "8173856899", "date": "2021-01-22 18:37:00", "subject": "2", "recorded-or-robo": "N", "city": "", "state": "TX", "area-code": "214"}, {"id": "e81c9350d54f66c6d33b3747eea9d2d3", "number": "+12102938631", "date": "2021-01-22 20:07:02", "subject": "3", "recorded-or-robo": "Y", "city": "", "state": "TX", "area-code": "915"}, {"id": "1d36742e3f24f50e4e7ae828013eb069", "number": "+12102938631", "date": "2021-01-22 20:07:02", "subject": "3", "recorded-or-robo": "Y", "city": "", "state": "TX", "area-code": "915"}, {"id": "e81c9350d54f66c6d33b3747eea9c07d", "number": "2819563895", "date": "2021-01-22 20:06:57", "subject": "3", "recorded-or-robo": "N", "city": "", "state": "TX", "area-code": "832"}, {"id": "1d36742e3f24f50e4e7ae828013ea5b7", "number": "2819563895", "date": "2021-01-22 20:06:57", "subject": "3", "recorded-or-robo": "N", "city": "", "state": "TX", "area-code": "832"}, {"id": "e81c9350d54f66c6d33b3747ee7c3da9", "number": "2013573532", "date": "2021-01-22 15:06:00", "subject": "4", "recorded-or-robo": "Y", "city": "", "state": "NJ", "area-code": "201"}, {"id": "1d36742e3f24f50e4e7ae8280110f2f2", "number": "2013573532", "date": "2021-01-22 15:06:00", "subject": "4", "recorded-or-robo": "Y", "city": "", "state": "NJ", "area-code": "201"}, {"id": "e81c9350d54f66c6d33b3747ee7c3b31", "number": "3144817275", "date": "2021-01-22 17:59:00", "subject": "2", "recorded-or-robo": "Y", "city": "St Louis", "state": "MO", "area-code": "314"}, {"id": "e81c9350d54f66c6d33b3747ee7c328c", "number": "7207900078", "date": "2021-01-15 14:46:00", "subject": "0", "recorded-or-robo": "", "city": "", "state": "CO", "area-code": "720"}, {"id": "1d36742e3f24f50e4e7ae8280110e716", "number": "3144817275", "date": "2021-01-22 17:59:00", "subject": "2", "recorded-or-robo": "Y", "city": "St Louis", "state": "MO", "area-code": "314"}, {"id": "1d36742e3f24f50e4e7ae8280110e282", "number": "7207900078", "date": "2021-01-15 14:46:00", "subject": "0", "recorded-or-robo": "", "city": "", "state": "CO", "area-code": "720"}, {"id": "e81c9350d54f66c6d33b3747ee7c2e83", "number": "3527206144", "date": "2021-01-22 19:57:00", "subject": "2", "recorded-or-robo": "N", "city": "Tavares", "state": "FL", "area-code": "407"}, {"id": "1d36742e3f24f50e4e7ae8280110d976", "number": "3527206144", "date": "2021-01-22 19:57:00", "subject": "2", "recorded-or-robo": "N", "city": "Tavares", "state": "FL", "area-code": "407"}, {"id": "e81c9350d54f66c6d33b3747ee7c2714", "number": "4143033118", "date": "2021-01-22 14:57:00", "subject": "1", "recorded-or-robo": "Y", "city": "West Allis", "state": "WI", "area-code": "414"}, {"id": "1d36742e3f24f50e4e7ae8280110ce6d", "number": "4143033118", "date": "2021-01-22 14:57:00", "subject": "1", "recorded-or-robo": "Y", "city": "West Allis", "state": "WI", "area-code": "414"}, {"id": "e81c9350d54f66c6d33b3747eea99b68", "number": "5754003075", "date": "2021-01-22 20:06:26", "subject": "3", "recorded-or-robo": "Y", "city": "", "state": "NM", "area-code": "575"}, {"id": "1d36742e3f24f50e4e7ae828013e840a", "number": "5754003075", "date": "2021-01-22 20:06:26", "subject": "3", "recorded-or-robo": "Y", "city": "", "state": "NM", "area-code": "575"}, {"id": "e81c9350d54f66c6d33b3747eea9e363", "number": "2405707981", "date": "2021-01-22 20:06:22", "subject": "3", "recorded-or-robo": "Y", "city": "", "state": "CO", "area-code": "303"}, {"id": "1d36742e3f24f50e4e7ae828013ebf8e", "number": "2405707981", "date": "2021-01-22 20:06:22", "subject": "3", "recorded-or-robo": "Y", "city": "", "state": "CO", "area-code": "303"}, {"id": "e81c9350d54f66c6d33b3747ee7c25c5", "number": "2064427917", "date": "2021-01-22 16:57:00", "subject": "9", "recorded-or-robo": "Y", "city": "Shoreline", "state": "WA", "area-code": "206"}, {"id": "1d36742e3f24f50e4e7ae8280110cbd9", "number": "2064427917", "date": "2021-01-22 16:57:00", "subject": "9", "recorded-or-robo": "Y", "city": "Shoreline", "state": "WA", "area-code": "206"}, {"id": "e81c9350d54f66c6d33b3747ee7c1e79", "number": "6052641153", "date": "2021-01-22 16:24:00", "subject": "1", "recorded-or-robo": "N", "city": "", "state": "NE", "area-code": "402"}, {"id": "1d36742e3f24f50e4e7ae8280110c998", "number": "6052641153", "date": "2021-01-22 16:24:00", "subject": "1", "recorded-or-robo": "N", "city": "", "state": "NE", "area-code": "402"}, {"id": "e81c9350d54f66c6d33b3747eea9e42c", "number": "+18609796660", "date": "2021-01-22 20:06:08", "subject": "3", "recorded-or-robo": "Y", "city": "", "state": "CT", "area-code": "860"}, {"id": "1d36742e3f24f50e4e7ae828013ec47b", "number": "+18609796660", "date": "2021-01-22 20:06:08", "subject": "3", "recorded-or-robo": "Y", "city": "", "state": "CT", "area-code": "860"}, {"id": "e81c9350d54f66c6d33b3747eea9d973", "number": "7345214461", "date": "2021-01-22 20:06:06", "subject": "3", "recorded-or-robo": "Y", "city": "", "state": "MI", "area-code": "248"}, {"id": "1d36742e3f24f50e4e7ae828013eb984", "number": "7345214461", "date": "2021-01-22 20:06:06", "subject": "3", "recorded-or-robo": "Y", "city": "", "state": "MI", "area-code": "248"}, {"id": "e81c9350d54f66c6d33b3747ee7c1bb6", "number": "7207900078", "date": "2021-01-15 10:33:00", "subject": "0", "recorded-or-robo": "", "city": "", "state": "CO", "area-code": "720"}, {"id": "1d36742e3f24f50e4e7ae8280110bea0", "number": "7207900078", "date": "2021-01-15 10:33:00", "subject": "0", "recorded-or-robo": "", "city": "", "state": "CO", "area-code": "720"}, {"id": "e81c9350d54f66c6d33b3747ee7be26d", "number": "6517400350", "date": "2021-01-22 18:45:00", "subject": "3", "recorded-or-robo": "", "city": "", "state": "MN", "area-code": "651"}, {"id": "1d36742e3f24f50e4e7ae82801107c92", "number": "6517400350", "date": "2021-01-22 18:45:00", "subject": "3", "recorded-or-robo": "", "city": "", "state": "MN", "area-code": "651"}, {"id": "e81c9350d54f66c6d33b3747eea9b75a", "number": "+13127660313", "date": "2021-01-22 20:06:01", "subject": "3", "recorded-or-robo": "Y", "city": "", "state": "FL", "area-code": "813"}, {"id": "1d36742e3f24f50e4e7ae828013e97ad", "number": "+13127660313", "date": "2021-01-22 20:06:01", "subject": "3", "recorded-or-robo": "Y", "city": "", "state": "FL", "area-code": "813"}, {"id": "e81c9350d54f66c6d33b3747ee7c0f89", "number": "8664730444", "date": "2021-01-22 17:22:00", "subject": "2", "recorded-or-robo": "N", "city": "Moorhead", "state": "MN", "area-code": "701"}, {"id": "1d36742e3f24f50e4e7ae8280110ba35", "number": "8664730444", "date": "2021-01-22 17:22:00", "subject": "2", "recorded-or-robo": "N", "city": "Moorhead", "state": "MN", "area-code": "701"}, {"id": "e81c9350d54f66c6d33b3747ee7c0b93", "number": "7866385779", "date": "2021-01-21 11:07:00", "subject": "0", "recorded-or-robo": "Y", "city": "", "state": "FL", "area-code": "561"}]}