{"data": [{"id": "3decc6bfadaa436a105714c6baf4a9c0", "number": "8136332790", "date": "2021-01-26 09:40:00", "subject": "3", "recorded-or-robo": "N", "city": "", "state": "FL", "area-code": "813"}, {"id": "3decc6bfadaa436a105714c6baf502ff", "number": "2192446063", "date": "2021-01-26 08:45:00", "subject": "1", "recorded-or-robo": "N", "city": "Portage", "state": "IN", "area-code": "219"}, {"id": "3decc6bfadaa436a105714c6baf4fe3c", "number": "5703046331", "date": "2021-01-24 12:00:00", "subject": "7", "recorded-or-robo": "N", "city": "Selinsgrove", "state": "PA", "area-code": "570"}, {"id": "3decc6bfadaa436a105714c6baf4fc73", "number": "7036381881", "date": "2021-01-26 09:46:00", "subject": "2", "recorded-or-robo": "Y", "city": "Alexandria", "state": "VA", "area-code": "703"}, {"id": "3decc6bfadaa436a105714c6baf4f23e", "number": "5045262663", "date": "2021-01-26 08:14:00", "subject": "16", "recorded-or-robo": "Y", "city": "Metairie", "state": "LA", "area-code": "504"}, {"id": "3decc6bfadaa436a105714c6baf4ec45", "number": "3019597048", "date": "2021-01-22 00:00:00", "subject": "2", "recorded-or-robo": "", "city": "Baltimore", "state": "MD", "area-code": "410"}, {"id": "3decc6bfadaa436a105714c6baf4dffd", "number": "3017561422", "date": "2021-01-26 09:08:00", "subject": "1", "recorded-or-robo": "N", "city": "Dunkirk", "state": "MD", "area-code": "301"}, {"id": "3decc6bfadaa436a105714c6baf4d590", "number": "2705548891", "date": "2021-01-18 13:00:00", "subject": "2", "recorded-or-robo": "N", "city": "Hopkinsville", "state": "KY", "area-code": "270"}, {"id": "3decc6bfadaa436a105714c6baf4d36a", "number": "7722480955", "date": "2021-01-26 09:44:00", "subject": "4", "recorded-or-robo": "Y", "city": "Homestead", "state": "FL", "area-code": "786"}, {"id": "3decc6bfadaa436a105714c6baf4d2fb", "number": "", "date": "2021-01-25 14:45:00", "subject": "1", "recorded-or-robo": "N", "city": "Port Washington", "state": "OH", "area-code": "740"}, {"id": "3decc6bfadaa436a105714c6baf4c580", "number": "4322805528", "date": "2021-01-25 11:45:00", "subject": "0", "recorded-or-robo": "Y", "city": "CYPRESS", "state": "TX", "area-code": "281"}, {"id": "3decc6bfadaa436a105714c6baf4bb3c", "number": "5134564489", "date": "2021-01-26 09:42:00", "subject": "2", "recorded-or-robo": "N", "city": "West Chester", "state": "OH", "area-code": "513"}, {"id": "3decc6bfadaa436a105714c6baf4ba5b", "number": "", "date": "2021-01-26 00:00:00", "subject": "3", "recorded-or-robo": "Y", "city": "", "state": "NY", "area-code": "845"}, {"id": "3decc6bfadaa436a105714c6baf4a180", "number": "", "date": "2020-01-26 14:26:00", "subject": "3", "recorded-or-robo": "N", "city": "", "state": "FL", "area-code": "305"}, {"id": "3decc6bfadaa436a105714c6baf4af40", "number": "3305077648", "date": "2020-12-31 11:05:00", "subject": "2", "recorded-or-robo": "Y", "city": "NEWTON FALLS", "state": "OH", "area-code": "720"}, {"id": "3decc6bfadaa436a105714c6baf4a6eb", "number": "5615938661", "date": "2021-01-25 15:44:00", "subject": "0", "recorded-or-robo": "Y", "city": "Jupiter", "state": "FL", "area-code": "561"}, {"id": "3decc6bfadaa436a105714c6baf4a253", "number": "4075798946", "date": "2021-01-26 09:40:00", "subject": "4", "recorded-or-robo": "N", "city": "Leesburg", "state": "FL", "area-code": "352"}, {"id": "3decc6bfadaa436a105714c6baf4a059", "number": "6175857283", "date": "2021-01-26 08:43:00", "subject": "1", "recorded-or-robo": "N", "city": "Leander", "state": "TX", "area-code": "617"}, {"id": "3decc6bfadaa436a105714c6baf4913c", "number": "9856022012", "date": "2021-01-25 10:59:00", "subject": "5", "recorded-or-robo": "Y", "city": "fort lauderdale", "state": "FL", "area-code": "954"}, {"id": "3decc6bfadaa436a105714c6baf4881d", "number": "9362658247", "date": "2021-01-25 15:20:00", "subject": "0", "recorded-or-robo": "Y", "city": "CYPRESS", "state": "TX", "area-code": "281"}, {"id": "3decc6bfadaa436a105714c6baf47e0b", "number": "", "date": "2021-01-26 06:02:00", "subject": "13", "recorded-or-robo": "Y", "city": "Sacramento", "state": "CA", "area-code": "916"}, {"id": "3decc6bfadaa436a105714c6baf47ad5", "number": "6035464039", "date": "2021-01-25 12:46:00", "subject": "3", "recorded-or-robo": "Y", "city": "", "state": "NH", "area-code": "603"}, {"id": "3decc6bfadaa436a105714c6baf4728d", "number": "8008952188", "date": "2021-01-26 09:15:00", "subject": "6", "recorded-or-robo": "Y", "city": "Siler City", "state": "NC", "area-code": "919"}, {"id": "3decc6bfadaa436a105714c6baf46e17", "number": "05854862058", "date": "2021-01-26 09:30:00", "subject": "2", "recorded-or-robo": "Y", "city": "FARMINGTON", "state": "NY", "area-code": "585"}, {"id": "3decc6bfadaa436a105714c6baf4692d", "number": "8325214237", "date": "2021-01-25 17:12:00", "subject": "0", "recorded-or-robo": "Y", "city": "CYPRESS", "state": "TX", "area-code": "281"}, {"id": "3decc6bfadaa436a105714c6baf4689c", "number": "5417206262", "date": "2021-01-26 06:39:00", "subject": "2", "recorded-or-robo": "N", "city": "", "state": "OR", "area-code": "541"}, {"id": "3decc6bfadaa436a105714c6baf45cdf", "number": "9377661462", "date": "2021-01-26 09:48:00", "subject": "2", "recorded-or-robo": "N", "city": "Kettering", "state": "OH", "area-code": "937"}, {"id": "3decc6bfadaa436a105714c6baf45990", "number": "4078051536", "date": "2021-01-25 14:54:00", "subject": "0", "recorded-or-robo": "Y", "city": "Jupiter", "state": "FL", "area-code": "561"}, {"id": "3decc6bfadaa436a105714c6baf45197", "number": "8654134049", "date": "2021-01-26 09:28:00", "subject": "4", "recorded-or-robo": "Y", "city": "Knoxville", "state": "TN", "area-code": "865"}, {"id": "3decc6bfadaa436a105714c6baf44592", "number": "2762181646", "date": "2021-01-25 16:51:00", "subject": "2", "recorded-or-robo": "Y", "city": "Abingdon", "state": "VA", "area-code": "276"}, {"id": "3decc6bfadaa436a105714c6baf442ed", "number": "6672397969", "date": "2021-01-26 09:37:00", "subject": "6", "recorded-or-robo": "N", "city": "Dunkirk", "state": "MD", "area-code": "301"}, {"id": "3decc6bfadaa436a105714c6baf43649", "number": "4782922441", "date": "2021-01-26 09:42:00", "subject": "6", "recorded-or-robo": "Y", "city": "Statesboro", "state": "GA", "area-code": "912"}, {"id": "3decc6bfadaa436a105714c6baf42713", "number": "5137128208", "date": "2021-01-23 14:01:00", "subject": "2", "recorded-or-robo": "Y", "city": "", "state": "OH", "area-code": "614"}, {"id": "3decc6bfadaa436a105714c6baf41cd9", "number": "5612676684", "date": "2021-01-25 15:28:00", "subject": "2", "recorded-or-robo": "Y", "city": "Boca Raton", "state": "FL", "area-code": "561"}, {"id": "3decc6bfadaa436a105714c6baf41cb1", "number": "4072162639", "date": "2021-01-26 09:42:00", "subject": "7", "recorded-or-robo": "Y", "city": "Orlando", "state": "FL", "area-code": "407"}, {"id": "3decc6bfadaa436a105714c6baf41a82", "number": "5308062460", "date": "2021-01-19 06:40:00", "subject": "2", "recorded-or-robo": "Y", "city": "Grass Valley", "state": "CA", "area-code": "530"}, {"id": "3decc6bfadaa436a105714c6baf417df", "number": "7542562725", "date": "2021-01-25 14:44:00", "subject": "0", "recorded-or-robo": "Y", "city": "Jupiter", "state": "FL", "area-code": "561"}, {"id": "3decc6bfadaa436a105714c6baf416ff", "number": "6282624025", "date": "2021-01-26 09:33:00", "subject": "3", "recorded-or-robo": "Y", "city": "", "state": "PA", "area-code": "610"}, {"id": "3decc6bfadaa436a105714c6baf40984", "number": "", "date": "2021-01-26 09:40:00", "subject": "3", "recorded-or-robo": "Y", "city": "", "state": "FL", "area-code": "813"}, {"id": "3decc6bfadaa436a105714c6baf407b8", "number": "8168275044", "date": "2021-01-26 08:40:00", "subject": "2", "recorded-or-robo": "Y", "city": "Liberty", "state": "MO", "area-code": "816"}, {"id": "3decc6bfadaa436a105714c6baf3faf6", "number": "5615981383", "date": "2021-01-25 15:53:00", "subject": "2", "recorded-or-robo": "Y", "city": "Boca Raton", "state": "FL", "area-code": "561"}, {"id": "3decc6bfadaa436a105714c6baf3ed94", "number": "4434691081", "date": "2021-01-22 14:11:00", "subject": "2", "recorded-or-robo": "", "city": "Baltimore", "state": "MD", "area-code": "410"}, {"id": "3decc6bfadaa436a105714c6baf3e09b", "number": "2766011183", "date": "2021-01-26 09:42:00", "subject": "2", "recorded-or-robo": "Y", "city": "Abingdon", "state": "VA", "area-code": "276"}, {"id": "3decc6bfadaa436a105714c6baf3d0ae", "number": "6182671550", "date": "2021-01-26 08:29:00", "subject": "2", "recorded-or-robo": "N", "city": "Witt", "state": "IL", "area-code": "217"}, {"id": "3decc6bfadaa436a105714c6baf3cb51", "number": "9312714389", "date": "2021-01-26 08:40:00", "subject": "5", "recorded-or-robo": "N", "city": "Clarksville", "state": "TN", "area-code": "931"}, {"id": "3decc6bfadaa436a105714c6baf3c740", "number": "", "date": "2021-01-26 10:00:00", "subject": "3", "recorded-or-robo": "", "city": "", "state": "NC", "area-code": "919"}, {"id": "3decc6bfadaa436a105714c6baf3bf7b", "number": "3143398792", "date": "2021-01-25 12:42:00", "subject": "0", "recorded-or-robo": "Y", "city": "Jupiter", "state": "FL", "area-code": "561"}, {"id": "3decc6bfadaa436a105714c6baf3b36c", "number": "7082026794", "date": "2021-01-21 14:11:00", "subject": "2", "recorded-or-robo": "Y", "city": "", "state": "IL", "area-code": "708"}, {"id": "3decc6bfadaa436a105714c6baf3aba9", "number": "5612111191", "date": "2021-01-25 17:59:00", "subject": "2", "recorded-or-robo": "Y", "city": "Boca Raton", "state": "FL", "area-code": "561"}, {"id": "3decc6bfadaa436a105714c6baf3a69d", "number": "", "date": "2021-01-26 09:05:00", "subject": "6", "recorded-or-robo": "Y", "city": "", "state": "PA", "area-code": "570"}]}