{"data": [{"id": "3decc6bfadaa436a105714c6ba3b2d95", "number": "8775898809", "date": "2021-01-23 16:50:00", "subject": "1", "recorded-or-robo": "N", "city": "", "state": "PA", "area-code": "267"}, {"id": "1d36742e3f24f50e4e7ae82801d11c18", "number": "8775898809", "date": "2021-01-23 16:50:00", "subject": "1", "recorded-or-robo": "N", "city": "", "state": "PA", "area-code": "267"}, {"id": "3decc6bfadaa436a105714c6ba3b2120", "number": "5098735903", "date": "2021-01-23 09:14:00", "subject": "13", "recorded-or-robo": "N", "city": "Three Forks", "state": "MT", "area-code": "509"}, {"id": "1d36742e3f24f50e4e7ae82801d10cb2", "number": "5098735903", "date": "2021-01-23 09:14:00", "subject": "13", "recorded-or-robo": "N", "city": "Three Forks", "state": "MT", "area-code": "509"}, {"id": "3decc6bfadaa436a105714c6ba79d0d1", "number": "+18476694055", "date": "2021-01-23 16:55:10", "subject": "3", "recorded-or-robo": "Y", "city": "", "state": "IL", "area-code": "847"}, {"id": "03e293b3df9e35eadf15c56119105dee", "number": "+18476694055", "date": "2021-01-23 16:55:10", "subject": "3", "recorded-or-robo": "Y", "city": "", "state": "IL", "area-code": "847"}, {"id": "3decc6bfadaa436a105714c6ba7a06c1", "number": "7372370599", "date": "2021-01-23 16:54:56", "subject": "3", "recorded-or-robo": "Y", "city": "", "state": "TX", "area-code": "325"}, {"id": "03e293b3df9e35eadf15c56119107a08", "number": "7372370599", "date": "2021-01-23 16:54:56", "subject": "3", "recorded-or-robo": "Y", "city": "", "state": "TX", "area-code": "325"}, {"id": "3decc6bfadaa436a105714c6ba3b1213", "number": "5402362822", "date": "2021-01-22 10:06:00", "subject": "1", "recorded-or-robo": "Y", "city": "Staunton", "state": "VA", "area-code": "540"}, {"id": "1d36742e3f24f50e4e7ae82801d10665", "number": "5402362822", "date": "2021-01-22 10:06:00", "subject": "1", "recorded-or-robo": "Y", "city": "Staunton", "state": "VA", "area-code": "540"}, {"id": "3decc6bfadaa436a105714c6ba3b0a94", "number": "9284855321", "date": "2021-01-22 11:28:00", "subject": "3", "recorded-or-robo": "N", "city": "", "state": "CO", "area-code": "303"}, {"id": "1d36742e3f24f50e4e7ae82801d0ef56", "number": "9284855321", "date": "2021-01-22 11:28:00", "subject": "3", "recorded-or-robo": "N", "city": "", "state": "CO", "area-code": "303"}, {"id": "3decc6bfadaa436a105714c6ba3b0dd8", "number": "7329242064", "date": "2021-01-23 16:38:00", "subject": "7", "recorded-or-robo": "Y", "city": "Wall", "state": "NJ", "area-code": "732"}, {"id": "1d36742e3f24f50e4e7ae82801d0f90e", "number": "7329242064", "date": "2021-01-23 16:38:00", "subject": "7", "recorded-or-robo": "Y", "city": "Wall", "state": "NJ", "area-code": "732"}, {"id": "3decc6bfadaa436a105714c6ba3b0363", "number": "5098165879", "date": "2021-01-23 13:33:00", "subject": "6", "recorded-or-robo": "N", "city": "Thorp", "state": "WA", "area-code": "509"}, {"id": "1d36742e3f24f50e4e7ae82801d0e2e8", "number": "5098165879", "date": "2021-01-23 13:33:00", "subject": "6", "recorded-or-robo": "N", "city": "Thorp", "state": "WA", "area-code": "509"}, {"id": "3decc6bfadaa436a105714c6ba3af9bf", "number": "8303077025", "date": "2021-01-21 12:33:00", "subject": "2", "recorded-or-robo": "Y", "city": "Farmington", "state": "MN", "area-code": "651"}, {"id": "1d36742e3f24f50e4e7ae82801d0de4f", "number": "8303077025", "date": "2021-01-21 12:33:00", "subject": "2", "recorded-or-robo": "Y", "city": "Farmington", "state": "MN", "area-code": "651"}, {"id": "3decc6bfadaa436a105714c6ba3af8e9", "number": "2533432505", "date": "2021-01-23 14:52:00", "subject": "3", "recorded-or-robo": "Y", "city": "", "state": "TX", "area-code": "281"}, {"id": "1d36742e3f24f50e4e7ae82801d0d2d6", "number": "2533432505", "date": "2021-01-23 14:52:00", "subject": "3", "recorded-or-robo": "Y", "city": "", "state": "TX", "area-code": "281"}, {"id": "3decc6bfadaa436a105714c6ba3aef0b", "number": "8152634024", "date": "2021-01-23 14:43:00", "subject": "1", "recorded-or-robo": "Y", "city": "Bonita Springs", "state": "FL", "area-code": "217"}, {"id": "3decc6bfadaa436a105714c6ba3ae458", "number": "9372448058", "date": "2021-01-23 15:42:00", "subject": "0", "recorded-or-robo": "Y", "city": "Smithfield", "state": "KY", "area-code": "502"}, {"id": "1d36742e3f24f50e4e7ae82801d0cc21", "number": "8152634024", "date": "2021-01-23 14:43:00", "subject": "1", "recorded-or-robo": "Y", "city": "Bonita Springs", "state": "FL", "area-code": "217"}, {"id": "1d36742e3f24f50e4e7ae82801d0c052", "number": "9372448058", "date": "2021-01-23 15:42:00", "subject": "0", "recorded-or-robo": "Y", "city": "Smithfield", "state": "KY", "area-code": "502"}, {"id": "3decc6bfadaa436a105714c6ba3adaca", "number": "6313154378", "date": "2021-01-23 16:51:00", "subject": "7", "recorded-or-robo": "Y", "city": "", "state": "NY", "area-code": "631"}, {"id": "3decc6bfadaa436a105714c6ba3acb84", "number": "9259648923", "date": "2021-01-23 01:00:00", "subject": "2", "recorded-or-robo": "Y", "city": "", "state": "CA", "area-code": "925"}, {"id": "1d36742e3f24f50e4e7ae82801d0b156", "number": "6313154378", "date": "2021-01-23 16:51:00", "subject": "7", "recorded-or-robo": "Y", "city": "", "state": "NY", "area-code": "631"}, {"id": "1d36742e3f24f50e4e7ae82801d0ac65", "number": "9259648923", "date": "2021-01-23 01:00:00", "subject": "2", "recorded-or-robo": "Y", "city": "", "state": "CA", "area-code": "925"}, {"id": "3decc6bfadaa436a105714c6ba798ba3", "number": "+13125161825", "date": "2021-01-23 16:53:01", "subject": "3", "recorded-or-robo": "Y", "city": "", "state": "IL", "area-code": "312"}, {"id": "03e293b3df9e35eadf15c56119103c67", "number": "+13125161825", "date": "2021-01-23 16:53:01", "subject": "3", "recorded-or-robo": "Y", "city": "", "state": "IL", "area-code": "312"}, {"id": "3decc6bfadaa436a105714c6ba3abd74", "number": "4079822624", "date": "2021-01-23 15:30:00", "subject": "2", "recorded-or-robo": "Y", "city": "palos park", "state": "IL", "area-code": "708"}, {"id": "1d36742e3f24f50e4e7ae82801d0a8c8", "number": "4079822624", "date": "2021-01-23 15:30:00", "subject": "2", "recorded-or-robo": "Y", "city": "palos park", "state": "IL", "area-code": "708"}, {"id": "3decc6bfadaa436a105714c6ba3aadcf", "number": "4092277481", "date": "2021-01-23 03:00:00", "subject": "2", "recorded-or-robo": "Y", "city": "", "state": "TX", "area-code": "409"}, {"id": "1d36742e3f24f50e4e7ae82801d09b3b", "number": "4092277481", "date": "2021-01-23 03:00:00", "subject": "2", "recorded-or-robo": "Y", "city": "", "state": "TX", "area-code": "409"}, {"id": "3decc6bfadaa436a105714c6ba3aa2ca", "number": "3152328257", "date": "2021-01-23 15:00:00", "subject": "11", "recorded-or-robo": "Y", "city": "Santa Fe", "state": "TX", "area-code": "409"}, {"id": "1d36742e3f24f50e4e7ae82801d08fa3", "number": "3152328257", "date": "2021-01-23 15:00:00", "subject": "11", "recorded-or-robo": "Y", "city": "Santa Fe", "state": "TX", "area-code": "409"}, {"id": "3decc6bfadaa436a105714c6ba3a9d06", "number": "8477188984", "date": "2021-01-23 15:42:00", "subject": "0", "recorded-or-robo": "N", "city": "", "state": "IL", "area-code": "847"}, {"id": "1d36742e3f24f50e4e7ae82801d08a86", "number": "8477188984", "date": "2021-01-23 15:42:00", "subject": "0", "recorded-or-robo": "N", "city": "", "state": "IL", "area-code": "847"}, {"id": "3decc6bfadaa436a105714c6ba3a9387", "number": "8006782380", "date": "2021-01-23 14:59:00", "subject": "11", "recorded-or-robo": "Y", "city": "", "state": "TX", "area-code": "409"}, {"id": "1d36742e3f24f50e4e7ae82801d081a8", "number": "8006782380", "date": "2021-01-23 14:59:00", "subject": "11", "recorded-or-robo": "Y", "city": "", "state": "TX", "area-code": "409"}, {"id": "3decc6bfadaa436a105714c6ba3a8d24", "number": "", "date": "2021-01-23 16:45:00", "subject": "1", "recorded-or-robo": "Y", "city": "Mars", "state": "PA", "area-code": "724"}, {"id": "1d36742e3f24f50e4e7ae82801d079d3", "number": "", "date": "2021-01-23 16:45:00", "subject": "1", "recorded-or-robo": "Y", "city": "Mars", "state": "PA", "area-code": "724"}, {"id": "3decc6bfadaa436a105714c6ba3a7dac", "number": "1506314502", "date": "2021-01-21 14:26:00", "subject": "0", "recorded-or-robo": "Y", "city": "randolph", "state": "MA", "area-code": "781"}, {"id": "1d36742e3f24f50e4e7ae82801d074ea", "number": "1506314502", "date": "2021-01-21 14:26:00", "subject": "0", "recorded-or-robo": "Y", "city": "randolph", "state": "MA", "area-code": "781"}, {"id": "3decc6bfadaa436a105714c6ba3a7607", "number": "6154062950", "date": "2021-01-23 01:44:00", "subject": "11", "recorded-or-robo": "Y", "city": "FRIENDSWOOD", "state": "TX", "area-code": "409"}, {"id": "1d36742e3f24f50e4e7ae82801d07427", "number": "6154062950", "date": "2021-01-23 01:44:00", "subject": "11", "recorded-or-robo": "Y", "city": "FRIENDSWOOD", "state": "TX", "area-code": "409"}, {"id": "3decc6bfadaa436a105714c6ba7986ef", "number": "8137593176", "date": "2021-01-23 16:50:46", "subject": "3", "recorded-or-robo": "Y", "city": "", "state": "FL", "area-code": "954"}, {"id": "03e293b3df9e35eadf15c56119102d88", "number": "8137593176", "date": "2021-01-23 16:50:46", "subject": "3", "recorded-or-robo": "Y", "city": "", "state": "FL", "area-code": "954"}, {"id": "3decc6bfadaa436a105714c6ba3a6b48", "number": "8137888795", "date": "2021-01-23 14:30:00", "subject": "11", "recorded-or-robo": "Y", "city": "Zephyrhills", "state": "FL", "area-code": "813"}, {"id": "1d36742e3f24f50e4e7ae82801d06e0f", "number": "8137888795", "date": "2021-01-23 14:30:00", "subject": "11", "recorded-or-robo": "Y", "city": "Zephyrhills", "state": "FL", "area-code": "813"}]}