{"data": [{"id": "1d36742e3f24f50e4e7ae828014fc2f0", "number": "7374435118", "date": "2021-01-22 22:20:07", "subject": "3", "recorded-or-robo": "Y", "city": "", "state": "TX", "area-code": "512"}, {"id": "e81c9350d54f66c6d33b3747eeba0c7a", "number": "7374435118", "date": "2021-01-22 22:20:06", "subject": "3", "recorded-or-robo": "Y", "city": "", "state": "TX", "area-code": "512"}, {"id": "1d36742e3f24f50e4e7ae828014f34a6", "number": "7374435118", "date": "2021-01-22 22:20:06", "subject": "3", "recorded-or-robo": "Y", "city": "", "state": "TX", "area-code": "512"}, {"id": "e81c9350d54f66c6d33b3747eeba92ea", "number": "8438236905", "date": "2021-01-22 22:19:59", "subject": "3", "recorded-or-robo": "N", "city": "", "state": "CO", "area-code": "303"}, {"id": "1d36742e3f24f50e4e7ae828014fbe27", "number": "8438236905", "date": "2021-01-22 22:19:59", "subject": "3", "recorded-or-robo": "N", "city": "", "state": "CO", "area-code": "303"}, {"id": "e81c9350d54f66c6d33b3747eeb9fd4d", "number": "8332298914", "date": "2021-01-22 22:19:54", "subject": "3", "recorded-or-robo": "Y", "city": "", "state": "NJ", "area-code": "201"}, {"id": "1d36742e3f24f50e4e7ae828014f2ce3", "number": "8332298914", "date": "2021-01-22 22:19:54", "subject": "3", "recorded-or-robo": "Y", "city": "", "state": "NJ", "area-code": "201"}, {"id": "e81c9350d54f66c6d33b3747eeba65d0", "number": "+19729759104", "date": "2021-01-22 22:19:52", "subject": "3", "recorded-or-robo": "N", "city": "", "state": "TX", "area-code": "817"}, {"id": "1d36742e3f24f50e4e7ae828014f9119", "number": "+19729759104", "date": "2021-01-22 22:19:52", "subject": "3", "recorded-or-robo": "N", "city": "", "state": "TX", "area-code": "817"}, {"id": "e81c9350d54f66c6d33b3747eeba2620", "number": "+15404262595", "date": "2021-01-22 22:19:46", "subject": "3", "recorded-or-robo": "Y", "city": "", "state": "Do", "area-code": "202"}, {"id": "1d36742e3f24f50e4e7ae828014f4dd7", "number": "+15404262595", "date": "2021-01-22 22:19:46", "subject": "3", "recorded-or-robo": "Y", "city": "", "state": "Do", "area-code": "202"}, {"id": "e81c9350d54f66c6d33b3747eeba702a", "number": "+2089652253", "date": "2021-01-22 22:19:38", "subject": "3", "recorded-or-robo": "Y", "city": "", "state": "ID", "area-code": "208"}, {"id": "1d36742e3f24f50e4e7ae828014fa109", "number": "+2089652253", "date": "2021-01-22 22:19:38", "subject": "3", "recorded-or-robo": "Y", "city": "", "state": "ID", "area-code": "208"}, {"id": "e81c9350d54f66c6d33b3747eeba8c2f", "number": "2039028744", "date": "2021-01-22 22:19:24", "subject": "3", "recorded-or-robo": "Y", "city": "", "state": "CT", "area-code": "203"}, {"id": "1d36742e3f24f50e4e7ae828014fb716", "number": "2039028744", "date": "2021-01-22 22:19:24", "subject": "3", "recorded-or-robo": "Y", "city": "", "state": "CT", "area-code": "203"}, {"id": "e81c9350d54f66c6d33b3747eeba15fa", "number": "+16015798763", "date": "2021-01-22 22:18:33", "subject": "3", "recorded-or-robo": "Y", "city": "", "state": "MS", "area-code": "228"}, {"id": "1d36742e3f24f50e4e7ae828014f3adf", "number": "+16015798763", "date": "2021-01-22 22:18:33", "subject": "3", "recorded-or-robo": "Y", "city": "", "state": "MS", "area-code": "228"}, {"id": "e81c9350d54f66c6d33b3747eeb96889", "number": "2144405139", "date": "2021-01-22 22:17:57", "subject": "3", "recorded-or-robo": "Y", "city": "", "state": "TX", "area-code": "214"}, {"id": "1d36742e3f24f50e4e7ae828014e6e76", "number": "2144405139", "date": "2021-01-22 22:17:57", "subject": "3", "recorded-or-robo": "Y", "city": "", "state": "TX", "area-code": "214"}, {"id": "e81c9350d54f66c6d33b3747eeb9f4c8", "number": "4702930781", "date": "2021-01-22 22:17:42", "subject": "3", "recorded-or-robo": "Y", "city": "", "state": "GA", "area-code": "404"}, {"id": "1d36742e3f24f50e4e7ae828014f00ba", "number": "4702930781", "date": "2021-01-22 22:17:42", "subject": "3", "recorded-or-robo": "Y", "city": "", "state": "GA", "area-code": "404"}, {"id": "e81c9350d54f66c6d33b3747eeb98597", "number": "4702930781", "date": "2021-01-22 22:17:41", "subject": "3", "recorded-or-robo": "Y", "city": "", "state": "GA", "area-code": "404"}, {"id": "1d36742e3f24f50e4e7ae828014ea880", "number": "4702930781", "date": "2021-01-22 22:17:41", "subject": "3", "recorded-or-robo": "Y", "city": "", "state": "GA", "area-code": "404"}, {"id": "e81c9350d54f66c6d33b3747eeb9cf1a", "number": "+16095994293", "date": "2021-01-22 22:17:07", "subject": "3", "recorded-or-robo": "N", "city": "", "state": "NJ", "area-code": "609"}, {"id": "1d36742e3f24f50e4e7ae828014edd72", "number": "+16095994293", "date": "2021-01-22 22:17:07", "subject": "3", "recorded-or-robo": "N", "city": "", "state": "NJ", "area-code": "609"}, {"id": "e81c9350d54f66c6d33b3747eeb9c687", "number": "2892329095", "date": "2021-01-22 22:16:56", "subject": "3", "recorded-or-robo": "Y", "city": "", "state": "SC", "area-code": "843"}, {"id": "1d36742e3f24f50e4e7ae828014ed708", "number": "2892329095", "date": "2021-01-22 22:16:56", "subject": "3", "recorded-or-robo": "Y", "city": "", "state": "SC", "area-code": "843"}, {"id": "e81c9350d54f66c6d33b3747ee9241ee", "number": "4706812469", "date": "2021-01-22 11:30:00", "subject": "1", "recorded-or-robo": "Y", "city": "Long Beach", "state": "CA", "area-code": "562"}, {"id": "1d36742e3f24f50e4e7ae8280127b931", "number": "4706812469", "date": "2021-01-22 11:30:00", "subject": "1", "recorded-or-robo": "Y", "city": "Long Beach", "state": "CA", "area-code": "562"}, {"id": "e81c9350d54f66c6d33b3747ee92355a", "number": "9724763882", "date": "2021-01-16 10:07:00", "subject": "4", "recorded-or-robo": "Y", "city": "Forney", "state": "TX", "area-code": "972"}, {"id": "1d36742e3f24f50e4e7ae8280127b2bf", "number": "9724763882", "date": "2021-01-16 10:07:00", "subject": "4", "recorded-or-robo": "Y", "city": "Forney", "state": "TX", "area-code": "972"}, {"id": "e81c9350d54f66c6d33b3747eeb9b1a8", "number": "6052267868", "date": "2021-01-22 22:16:23", "subject": "3", "recorded-or-robo": "Y", "city": "", "state": "MD", "area-code": "240"}, {"id": "1d36742e3f24f50e4e7ae828014ec498", "number": "6052267868", "date": "2021-01-22 22:16:23", "subject": "3", "recorded-or-robo": "Y", "city": "", "state": "MD", "area-code": "240"}, {"id": "e81c9350d54f66c6d33b3747eeb9a28d", "number": "+16122364679", "date": "2021-01-22 22:15:47", "subject": "3", "recorded-or-robo": "Y", "city": "", "state": "MN", "area-code": "612"}, {"id": "1d36742e3f24f50e4e7ae828014ebbe0", "number": "+16122364679", "date": "2021-01-22 22:15:47", "subject": "3", "recorded-or-robo": "Y", "city": "", "state": "MN", "area-code": "612"}, {"id": "e81c9350d54f66c6d33b3747eeb97604", "number": "5168656348", "date": "2021-01-22 22:15:27", "subject": "3", "recorded-or-robo": "Y", "city": "", "state": "NY", "area-code": "347"}, {"id": "1d36742e3f24f50e4e7ae828014e8a52", "number": "5168656348", "date": "2021-01-22 22:15:27", "subject": "3", "recorded-or-robo": "Y", "city": "", "state": "NY", "area-code": "347"}, {"id": "e81c9350d54f66c6d33b3747eeb93c8a", "number": "+12028032821", "date": "2021-01-22 22:15:19", "subject": "3", "recorded-or-robo": "N", "city": "", "state": "MN", "area-code": "612"}, {"id": "1d36742e3f24f50e4e7ae828014e4e44", "number": "+12028032821", "date": "2021-01-22 22:15:19", "subject": "3", "recorded-or-robo": "N", "city": "", "state": "MN", "area-code": "612"}, {"id": "e81c9350d54f66c6d33b3747eeb9fa2c", "number": "+18669340590", "date": "2021-01-22 22:15:10", "subject": "3", "recorded-or-robo": "N", "city": "", "state": "TX", "area-code": "832"}, {"id": "1d36742e3f24f50e4e7ae828014f1603", "number": "+18669340590", "date": "2021-01-22 22:15:10", "subject": "3", "recorded-or-robo": "N", "city": "", "state": "TX", "area-code": "832"}, {"id": "e81c9350d54f66c6d33b3747ee922d89", "number": "", "date": "2021-01-22 18:56:00", "subject": "3", "recorded-or-robo": "Y", "city": "", "state": "CA", "area-code": "626"}, {"id": "1d36742e3f24f50e4e7ae8280127b176", "number": "", "date": "2021-01-22 18:56:00", "subject": "3", "recorded-or-robo": "Y", "city": "", "state": "CA", "area-code": "626"}, {"id": "e81c9350d54f66c6d33b3747eeb957b1", "number": "+15072460161", "date": "2021-01-22 22:14:57", "subject": "3", "recorded-or-robo": "N", "city": "", "state": "MN", "area-code": "612"}, {"id": "1d36742e3f24f50e4e7ae828014e6d83", "number": "+15072460161", "date": "2021-01-22 22:14:57", "subject": "3", "recorded-or-robo": "N", "city": "", "state": "MN", "area-code": "612"}, {"id": "e81c9350d54f66c6d33b3747eeb9fb68", "number": "6197665173", "date": "2021-01-22 22:14:52", "subject": "3", "recorded-or-robo": "Y", "city": "", "state": "CA", "area-code": "619"}, {"id": "1d36742e3f24f50e4e7ae828014f1d7c", "number": "6197665173", "date": "2021-01-22 22:14:52", "subject": "3", "recorded-or-robo": "Y", "city": "", "state": "CA", "area-code": "619"}, {"id": "e81c9350d54f66c6d33b3747eeb99585", "number": "2542900382", "date": "2021-01-22 22:14:49", "subject": "3", "recorded-or-robo": "Y", "city": "", "state": "WA", "area-code": "206"}, {"id": "1d36742e3f24f50e4e7ae828014eb852", "number": "2542900382", "date": "2021-01-22 22:14:49", "subject": "3", "recorded-or-robo": "Y", "city": "", "state": "WA", "area-code": "206"}, {"id": "e81c9350d54f66c6d33b3747ee921f8a", "number": "9724764551", "date": "2021-01-18 15:27:00", "subject": "4", "recorded-or-robo": "Y", "city": "Forney", "state": "TX", "area-code": "972"}]}