{"data": [{"id": "490dde24b259add1335244cd1b096b28", "number": "7866772900", "date": "2021-01-26 01:02:00", "subject": "13", "recorded-or-robo": "Y", "city": "Cass City", "state": "MI", "area-code": "989"}, {"id": "490dde24b259add1335244cd1b089797", "number": "6819008907", "date": "2021-01-26 10:27:00", "subject": "3", "recorded-or-robo": "N", "city": "", "state": "NC", "area-code": "828"}, {"id": "490dde24b259add1335244cd1b095dfc", "number": "9787208289", "date": "2021-01-26 09:16:00", "subject": "1", "recorded-or-robo": "Y", "city": "", "state": "MA", "area-code": "978"}, {"id": "490dde24b259add1335244cd1b0951ab", "number": "4849657932", "date": "2021-01-25 16:10:00", "subject": "2", "recorded-or-robo": "Y", "city": "", "state": "TX", "area-code": "417"}, {"id": "490dde24b259add1335244cd1b0946c2", "number": "", "date": "2021-01-26 09:01:00", "subject": "2", "recorded-or-robo": "N", "city": "Indiana", "state": "IN", "area-code": "219"}, {"id": "490dde24b259add1335244cd1b0939a7", "number": "9158552564", "date": "2021-01-26 08:11:00", "subject": "1", "recorded-or-robo": "Y", "city": "El Paso", "state": "TX", "area-code": "915"}, {"id": "490dde24b259add1335244cd1b093624", "number": "8139737949", "date": "2021-01-22 17:10:00", "subject": "7", "recorded-or-robo": "N", "city": "TAMPA", "state": "FL", "area-code": "813"}, {"id": "490dde24b259add1335244cd1b093529", "number": "5059184758", "date": "2021-01-26 10:30:00", "subject": "6", "recorded-or-robo": "Y", "city": "Alpharetta", "state": "GA", "area-code": "678"}, {"id": "490dde24b259add1335244cd1b0927a6", "number": "8607942384", "date": "2020-12-19 19:19:00", "subject": "2", "recorded-or-robo": "Y", "city": "Plainville", "state": "CT", "area-code": "860"}, {"id": "490dde24b259add1335244cd1b0922d6", "number": "6013008927", "date": "2021-01-26 10:30:00", "subject": "4", "recorded-or-robo": "Y", "city": "", "state": "TN", "area-code": "423"}, {"id": "490dde24b259add1335244cd1b091694", "number": "6167277893", "date": "2021-01-26 09:11:00", "subject": "2", "recorded-or-robo": "N", "city": "hillsdale", "state": "MI", "area-code": "517"}, {"id": "490dde24b259add1335244cd1b090e78", "number": "2037681190", "date": "2021-01-26 10:22:00", "subject": "7", "recorded-or-robo": "Y", "city": "Easton", "state": "CT", "area-code": "203"}, {"id": "490dde24b259add1335244cd1b090e58", "number": "8722485915", "date": "2021-01-26 07:50:00", "subject": "4", "recorded-or-robo": "Y", "city": "Las Vegas", "state": "NV", "area-code": "630"}, {"id": "490dde24b259add1335244cd1b0904ad", "number": "5853306167", "date": "2021-01-26 09:30:00", "subject": "1", "recorded-or-robo": "Y", "city": "Rochester", "state": "NY", "area-code": "585"}, {"id": "490dde24b259add1335244cd1b08f637", "number": "9379986625", "date": "2021-01-26 10:00:00", "subject": "2", "recorded-or-robo": "N", "city": "", "state": "OH", "area-code": "937"}, {"id": "490dde24b259add1335244cd1b08e9b8", "number": "9292867621", "date": "2021-01-25 15:53:00", "subject": "2", "recorded-or-robo": "Y", "city": "Libertyville", "state": "IL", "area-code": "312"}, {"id": "490dde24b259add1335244cd1b08d9f6", "number": "9723279576", "date": "2021-01-26 09:19:00", "subject": "6", "recorded-or-robo": "N", "city": "Little Elm", "state": "TX", "area-code": "972"}, {"id": "490dde24b259add1335244cd1b08d111", "number": "4842129311", "date": "2021-01-25 20:14:00", "subject": "4", "recorded-or-robo": "N", "city": "Ocala", "state": "FL", "area-code": "352"}, {"id": "490dde24b259add1335244cd1b08c55c", "number": "4107145067", "date": "2021-01-25 19:00:00", "subject": "2", "recorded-or-robo": "Y", "city": "", "state": "MD", "area-code": "443"}, {"id": "490dde24b259add1335244cd1b08c4d2", "number": "", "date": "2021-01-22 08:00:00", "subject": "2", "recorded-or-robo": "Y", "city": "chehalis", "state": "WA", "area-code": "360"}, {"id": "490dde24b259add1335244cd1b08c215", "number": "8557331900", "date": "2021-01-11 14:22:00", "subject": "4", "recorded-or-robo": "Y", "city": "Fairfax Sta", "state": "VA", "area-code": "703"}, {"id": "490dde24b259add1335244cd1b08b4ba", "number": "8332298983", "date": "2021-01-25 16:38:00", "subject": "0", "recorded-or-robo": "Y", "city": "Coatesville", "state": "PA", "area-code": "610"}, {"id": "490dde24b259add1335244cd1b08ad23", "number": "4123144856", "date": "2020-12-11 08:56:00", "subject": "1", "recorded-or-robo": "Y", "city": "Bellaire", "state": "TX", "area-code": "832"}, {"id": "490dde24b259add1335244cd1b083b7a", "number": "5023149532", "date": "2021-01-26 09:26:00", "subject": "3", "recorded-or-robo": "N", "city": "", "state": "CA", "area-code": "925"}, {"id": "490dde24b259add1335244cd1b089fdd", "number": "6124525306", "date": "2021-01-26 09:36:00", "subject": "2", "recorded-or-robo": "Y", "city": "Rochester", "state": "MN", "area-code": "507"}, {"id": "490dde24b259add1335244cd1b089e2e", "number": "4176358821", "date": "2021-01-26 09:25:00", "subject": "2", "recorded-or-robo": "Y", "city": "", "state": "TX", "area-code": "417"}, {"id": "490dde24b259add1335244cd1b089b73", "number": "6149187178", "date": "2021-01-26 10:29:00", "subject": "5", "recorded-or-robo": "N", "city": "Hilliard", "state": "OH", "area-code": "614"}, {"id": "490dde24b259add1335244cd1b089259", "number": "5124816842", "date": "2021-01-26 09:11:00", "subject": "5", "recorded-or-robo": "Y", "city": "", "state": "TX", "area-code": "512"}, {"id": "490dde24b259add1335244cd1b088dac", "number": "9132702930", "date": "2021-01-26 10:03:00", "subject": "2", "recorded-or-robo": "N", "city": "Mason", "state": "OH", "area-code": "513"}, {"id": "490dde24b259add1335244cd1b0884b2", "number": "6036006207", "date": "2021-01-26 10:22:00", "subject": "2", "recorded-or-robo": "", "city": "", "state": "NY", "area-code": "585"}, {"id": "490dde24b259add1335244cd1b087701", "number": "8054960494", "date": "2021-01-25 16:24:00", "subject": "3", "recorded-or-robo": "Y", "city": "Camarillo", "state": "CA", "area-code": "805"}, {"id": "490dde24b259add1335244cd1b086c15", "number": "6195029490", "date": "2021-01-25 02:23:00", "subject": "2", "recorded-or-robo": "Y", "city": "San Diego", "state": "CA", "area-code": "619"}, {"id": "490dde24b259add1335244cd1b08626c", "number": "3016532388", "date": "2021-01-26 09:00:00", "subject": "2", "recorded-or-robo": "Y", "city": "wladorf", "state": "MI", "area-code": "301"}, {"id": "490dde24b259add1335244cd1b08589b", "number": "9315382008", "date": "2021-01-25 21:00:00", "subject": "4", "recorded-or-robo": "Y", "city": "Jamestown", "state": "TN", "area-code": "931"}, {"id": "490dde24b259add1335244cd1b085820", "number": "2392612519", "date": "2021-01-26 10:30:00", "subject": "2", "recorded-or-robo": "Y", "city": "naples", "state": "FL", "area-code": "855"}, {"id": "490dde24b259add1335244cd1b084fac", "number": "8607945913", "date": "2021-01-25 16:20:00", "subject": "2", "recorded-or-robo": "Y", "city": "Plainville", "state": "CT", "area-code": "860"}, {"id": "490dde24b259add1335244cd1b084b70", "number": "8447468364", "date": "2021-01-26 09:34:00", "subject": "6", "recorded-or-robo": "Y", "city": "Saint Marys", "state": "OH", "area-code": "419"}, {"id": "490dde24b259add1335244cd1b082c21", "number": "8509742993", "date": "2021-01-26 09:27:00", "subject": "2", "recorded-or-robo": "Y", "city": "navarre", "state": "FL", "area-code": "850"}, {"id": "490dde24b259add1335244cd1b0825d1", "number": "9542484880", "date": "2021-01-25 14:17:00", "subject": "4", "recorded-or-robo": "Y", "city": "Pembroke Pines", "state": "FL", "area-code": "954"}, {"id": "490dde24b259add1335244cd1b081e9d", "number": "4109432001", "date": "2021-01-26 10:30:00", "subject": "4", "recorded-or-robo": "N", "city": "", "state": "MD", "area-code": "443"}, {"id": "490dde24b259add1335244cd1b08101c", "number": "7866772900", "date": "2021-01-25 02:31:00", "subject": "13", "recorded-or-robo": "Y", "city": "Cass City", "state": "MI", "area-code": "989"}, {"id": "490dde24b259add1335244cd1b080f0d", "number": "2029982878", "date": "2021-01-26 09:20:00", "subject": "0", "recorded-or-robo": "N", "city": "Luling", "state": "TX", "area-code": "830"}, {"id": "490dde24b259add1335244cd1b080d88", "number": "", "date": "2021-01-24 12:00:00", "subject": "1", "recorded-or-robo": "N", "city": "Vinton", "state": "VA", "area-code": "540"}, {"id": "490dde24b259add1335244cd1b0809ba", "number": "8332297990", "date": "2021-01-25 18:08:00", "subject": "0", "recorded-or-robo": "Y", "city": "Coatesville", "state": "PA", "area-code": "610"}, {"id": "490dde24b259add1335244cd1b07fd52", "number": "8029928905", "date": "2021-01-26 10:29:00", "subject": "4", "recorded-or-robo": "Y", "city": "Burlington", "state": "VT", "area-code": "802"}, {"id": "490dde24b259add1335244cd1b07f9bf", "number": "3173495828", "date": "2021-01-25 14:50:00", "subject": "4", "recorded-or-robo": "Y", "city": "Crystal Lake", "state": "IL", "area-code": "815"}, {"id": "490dde24b259add1335244cd1b07f78d", "number": "12610133200008", "date": "2021-01-26 10:05:00", "subject": "2", "recorded-or-robo": "N", "city": "UNION CITY", "state": "IN", "area-code": "765"}, {"id": "490dde24b259add1335244cd1b07f184", "number": "4177425350", "date": "2021-01-25 11:11:00", "subject": "2", "recorded-or-robo": "Y", "city": "Willard", "state": "MO", "area-code": "417"}, {"id": "490dde24b259add1335244cd1b07f181", "number": "9724971400", "date": "2021-01-26 10:16:00", "subject": "6", "recorded-or-robo": "Y", "city": "Mansfield", "state": "OH", "area-code": "419"}, {"id": "490dde24b259add1335244cd1b07ebc2", "number": "5592176034", "date": "2021-01-25 15:23:00", "subject": "9", "recorded-or-robo": "Y", "city": "Fresno", "state": "CA", "area-code": "559"}]}