{"data": [{"id": "490dde24b259add1335244cd1b2c7024", "number": "9032014708", "date": "2021-01-26 10:27:00", "subject": "2", "recorded-or-robo": "Y", "city": "Campbell", "state": "TX", "area-code": "903"}, {"id": "490dde24b259add1335244cd1b2c6592", "number": "9377535601", "date": "2021-01-26 11:24:00", "subject": "2", "recorded-or-robo": "N", "city": "Tipp City", "state": "OH", "area-code": "937"}, {"id": "490dde24b259add1335244cd1b2c5be2", "number": "6413576787", "date": "2021-01-25 09:19:00", "subject": "6", "recorded-or-robo": "Y", "city": "Clear Lake", "state": "IA", "area-code": "641"}, {"id": "490dde24b259add1335244cd1b2c5786", "number": "6167277893", "date": "2021-01-26 10:39:00", "subject": "8", "recorded-or-robo": "Y", "city": "Jackson", "state": "MI", "area-code": "517"}, {"id": "490dde24b259add1335244cd1b2c518f", "number": "8506144089", "date": "2021-01-26 11:00:00", "subject": "2", "recorded-or-robo": "Y", "city": "Downingtown", "state": "PA", "area-code": "610"}, {"id": "490dde24b259add1335244cd1b2c4497", "number": "9192982036", "date": "2021-01-26 11:23:00", "subject": "0", "recorded-or-robo": "Y", "city": "APEX", "state": "NC", "area-code": "919"}, {"id": "490dde24b259add1335244cd1b2c34ff", "number": "8047152951", "date": "2021-01-26 10:08:00", "subject": "0", "recorded-or-robo": "Y", "city": "North", "state": "VA", "area-code": "804"}, {"id": "490dde24b259add1335244cd1b2c2c56", "number": "3472509899", "date": "2021-01-26 10:31:00", "subject": "3", "recorded-or-robo": "Y", "city": "", "state": "NY", "area-code": "718"}, {"id": "490dde24b259add1335244cd1b2c2214", "number": "3363105743", "date": "2021-01-20 09:34:00", "subject": "4", "recorded-or-robo": "Y", "city": "High Point", "state": "NC", "area-code": "336"}, {"id": "490dde24b259add1335244cd1b2b828d", "number": "", "date": "2021-01-21 12:53:00", "subject": "3", "recorded-or-robo": "", "city": "", "state": "IN", "area-code": "765"}, {"id": "490dde24b259add1335244cd1b2c139b", "number": "7037751779", "date": "2021-01-25 17:22:00", "subject": "2", "recorded-or-robo": "Y", "city": "McLean", "state": "VA", "area-code": "703"}, {"id": "490dde24b259add1335244cd1b2c03c3", "number": "2023017492", "date": "2021-01-26 11:20:00", "subject": "1", "recorded-or-robo": "Y", "city": "Holly Springs", "state": "NC", "area-code": "708"}, {"id": "490dde24b259add1335244cd1b2bf692", "number": "", "date": "2021-01-26 10:17:00", "subject": "2", "recorded-or-robo": "Y", "city": "Milwaukee", "state": "WI", "area-code": "414"}, {"id": "490dde24b259add1335244cd1b2bf097", "number": "9253247842", "date": "2020-12-30 14:41:00", "subject": "4", "recorded-or-robo": "Y", "city": "Bellaire", "state": "CA", "area-code": "925"}, {"id": "490dde24b259add1335244cd1b2bde00", "number": "8442520356", "date": "2021-01-26 10:30:00", "subject": "6", "recorded-or-robo": "Y", "city": "", "state": "CT", "area-code": "860"}, {"id": "490dde24b259add1335244cd1b2bdc83", "number": "5162669034", "date": "2021-01-26 08:23:00", "subject": "13", "recorded-or-robo": "Y", "city": "", "state": "WA", "area-code": "253"}, {"id": "490dde24b259add1335244cd1b2bd2e8", "number": "3254221039", "date": "2021-01-26 09:50:00", "subject": "2", "recorded-or-robo": "", "city": "Tyler", "state": "TX", "area-code": "903"}, {"id": "490dde24b259add1335244cd1b2bc4b8", "number": "3363767002", "date": "2021-01-20 10:50:00", "subject": "4", "recorded-or-robo": "Y", "city": "High Point", "state": "NC", "area-code": "336"}, {"id": "490dde24b259add1335244cd1b2bbf3b", "number": "6612634018", "date": "2021-01-26 08:00:00", "subject": "12", "recorded-or-robo": "N", "city": "Valencia", "state": "CA", "area-code": "661"}, {"id": "490dde24b259add1335244cd1b2bb2eb", "number": "7125253084", "date": "2021-01-26 11:20:00", "subject": "4", "recorded-or-robo": "Y", "city": "Brooklyn", "state": "NY", "area-code": "913"}, {"id": "490dde24b259add1335244cd1b2ba66d", "number": "7738617004", "date": "2021-01-26 10:22:00", "subject": "2", "recorded-or-robo": "Y", "city": "", "state": "IL", "area-code": "773"}, {"id": "490dde24b259add1335244cd1b2b9f7c", "number": "", "date": "2021-01-26 11:21:00", "subject": "1", "recorded-or-robo": "N", "city": "Kokomo", "state": "IN", "area-code": "765"}, {"id": "490dde24b259add1335244cd1b2b9432", "number": "7068964295", "date": "2021-01-26 00:00:00", "subject": "4", "recorded-or-robo": "Y", "city": "Duluth", "state": "GA", "area-code": "404"}, {"id": "490dde24b259add1335244cd1b2b8bfe", "number": "6104877322", "date": "2021-01-25 15:14:00", "subject": "3", "recorded-or-robo": "Y", "city": "COLLEGEVILLE", "state": "PA", "area-code": "610"}, {"id": "490dde24b259add1335244cd1b2b83ce", "number": "3523013709", "date": "2021-01-26 11:13:00", "subject": "2", "recorded-or-robo": "N", "city": "The Villages", "state": "FL", "area-code": "352"}, {"id": "490dde24b259add1335244cd1b2b837b", "number": "2086846494", "date": "2021-01-26 10:37:00", "subject": "2", "recorded-or-robo": "Y", "city": "Orlando", "state": "FL", "area-code": "703"}, {"id": "490dde24b259add1335244cd1b2b8347", "number": "7034427581", "date": "2021-01-26 09:43:00", "subject": "2", "recorded-or-robo": "Y", "city": "McLean", "state": "VA", "area-code": "703"}, {"id": "490dde24b259add1335244cd1b2b7383", "number": "9206711129", "date": "2021-01-26 10:22:00", "subject": "5", "recorded-or-robo": "Y", "city": "Fond du Lac", "state": "WI", "area-code": "920"}, {"id": "490dde24b259add1335244cd1b2b63c4", "number": "8563471681", "date": "2021-01-26 08:22:00", "subject": "4", "recorded-or-robo": "Y", "city": "", "state": "OR", "area-code": "541"}, {"id": "490dde24b259add1335244cd1b2b5c59", "number": "", "date": "2021-01-26 12:00:00", "subject": "2", "recorded-or-robo": "Y", "city": "", "state": "PA", "area-code": "484"}, {"id": "490dde24b259add1335244cd1b2b505f", "number": "6184917908", "date": "2021-01-26 10:55:00", "subject": "3", "recorded-or-robo": "Y", "city": "", "state": "NY", "area-code": "718"}, {"id": "490dde24b259add1335244cd1b2b420f", "number": "6076278184", "date": "2021-01-26 10:18:00", "subject": "1", "recorded-or-robo": "Y", "city": "Theresa", "state": "WI", "area-code": "262"}, {"id": "490dde24b259add1335244cd1b2b3faa", "number": "", "date": "2021-01-26 10:21:00", "subject": "5", "recorded-or-robo": "Y", "city": "Austin", "state": "TX", "area-code": "512"}, {"id": "490dde24b259add1335244cd1b2b31ca", "number": "8442520356", "date": "2021-01-26 10:23:00", "subject": "6", "recorded-or-robo": "Y", "city": "", "state": "CT", "area-code": "860"}, {"id": "490dde24b259add1335244cd1b2b2399", "number": "5162669034", "date": "2021-01-26 08:20:00", "subject": "13", "recorded-or-robo": "Y", "city": "Shelton", "state": "WA", "area-code": "360"}, {"id": "490dde24b259add1335244cd1b2b1606", "number": "7032583249", "date": "2021-01-26 11:10:00", "subject": "2", "recorded-or-robo": "Y", "city": "", "state": "VA", "area-code": "804"}, {"id": "490dde24b259add1335244cd1b2b100c", "number": "7245291542", "date": "2021-01-25 11:58:00", "subject": "1", "recorded-or-robo": "Y", "city": "Tarentum", "state": "PA", "area-code": "724"}, {"id": "490dde24b259add1335244cd1b2b0855", "number": "9045338626", "date": "2021-01-26 10:22:00", "subject": "3", "recorded-or-robo": "Y", "city": "", "state": "IL", "area-code": "847"}, {"id": "490dde24b259add1335244cd1b2afb43", "number": "3262225019", "date": "2021-01-26 11:24:00", "subject": "2", "recorded-or-robo": "Y", "city": "Cincinnati", "state": "OH", "area-code": "513"}, {"id": "490dde24b259add1335244cd1b2afa04", "number": "7273394720", "date": "2021-01-26 11:21:00", "subject": "4", "recorded-or-robo": "Y", "city": "STATE COLLEGE", "state": "PA", "area-code": "814"}, {"id": "490dde24b259add1335244cd1b2af268", "number": "6613717266", "date": "2021-01-26 08:05:00", "subject": "0", "recorded-or-robo": "Y", "city": "", "state": "CA", "area-code": "661"}, {"id": "490dde24b259add1335244cd1b2aece1", "number": "9256039393", "date": "2021-01-04 15:05:00", "subject": "4", "recorded-or-robo": "Y", "city": "Bellaire", "state": "CA", "area-code": "925"}, {"id": "490dde24b259add1335244cd1b2ade58", "number": "2024957106", "date": "2021-01-26 10:21:00", "subject": "2", "recorded-or-robo": "Y", "city": "Plattsburg", "state": "MO", "area-code": "913"}, {"id": "490dde24b259add1335244cd1b2ad7c3", "number": "949areacode", "date": "2021-01-26 10:17:00", "subject": "1", "recorded-or-robo": "Y", "city": "Saint Louis", "state": "MO", "area-code": "314"}, {"id": "490dde24b259add1335244cd1b2ac8d3", "number": "2057187132", "date": "2021-01-26 10:23:00", "subject": "4", "recorded-or-robo": "Y", "city": "Talladega", "state": "AL", "area-code": "256"}, {"id": "490dde24b259add1335244cd1b2ac6ac", "number": "2017427150", "date": "2021-01-21 12:00:00", "subject": "1", "recorded-or-robo": "N", "city": "De Pere", "state": "WI", "area-code": "920"}, {"id": "490dde24b259add1335244cd1b2abf65", "number": "3363600471", "date": "2021-01-20 10:56:00", "subject": "16", "recorded-or-robo": "Y", "city": "High Point", "state": "NC", "area-code": "336"}, {"id": "490dde24b259add1335244cd1b2ab569", "number": "7084094911", "date": "2021-01-26 10:16:00", "subject": "3", "recorded-or-robo": "Y", "city": "", "state": "IL", "area-code": "309"}, {"id": "490dde24b259add1335244cd1b2ab507", "number": "7038289011", "date": "2021-01-26 11:19:00", "subject": "6", "recorded-or-robo": "Y", "city": "Burke", "state": "VA", "area-code": "703"}, {"id": "490dde24b259add1335244cd1b2aac01", "number": "2564477706", "date": "2021-01-26 10:19:00", "subject": "1", "recorded-or-robo": "Y", "city": "", "state": "AL", "area-code": "256"}]}