{"data": [{"id": "e81c9350d54f66c6d33b3747ee222932", "number": "7158041005", "date": "2021-01-22 11:02:00", "subject": "2", "recorded-or-robo": "Y", "city": "Eugene", "state": "OR", "area-code": "541"}, {"id": "deca54a6651fb9add5b4a9816cb73775", "number": "6692032793", "date": "2021-01-22 12:40:00", "subject": "11", "recorded-or-robo": "Y", "city": "Florissant", "state": "MO", "area-code": "669"}, {"id": "deca54a6651fb9add5b4a9816cb73602", "number": "7158041005", "date": "2021-01-22 11:02:00", "subject": "2", "recorded-or-robo": "Y", "city": "Eugene", "state": "OR", "area-code": "541"}, {"id": "e81c9350d54f66c6d33b3747ee5d1d56", "number": "9727185269", "date": "2021-01-21 13:11:00", "subject": "3", "recorded-or-robo": "N", "city": "", "state": "TX", "area-code": "214"}, {"id": "deca54a6651fb9add5b4a9816cf1e0bd", "number": "9727185269", "date": "2021-01-21 13:11:00", "subject": "3", "recorded-or-robo": "N", "city": "", "state": "TX", "area-code": "214"}, {"id": "e81c9350d54f66c6d33b3747ee222222", "number": "9125491571", "date": "2021-01-20 10:13:00", "subject": "2", "recorded-or-robo": "Y", "city": "Colorado Springs", "state": "CO", "area-code": "912"}, {"id": "e81c9350d54f66c6d33b3747ee221cf8", "number": "7862040136", "date": "2021-01-22 11:06:00", "subject": "2", "recorded-or-robo": "Y", "city": "Valliant", "state": "OK", "area-code": "580"}, {"id": "deca54a6651fb9add5b4a9816cb72fb9", "number": "9125491571", "date": "2021-01-20 10:13:00", "subject": "2", "recorded-or-robo": "Y", "city": "Colorado Springs", "state": "CO", "area-code": "912"}, {"id": "deca54a6651fb9add5b4a9816cb7262b", "number": "7862040136", "date": "2021-01-22 11:06:00", "subject": "2", "recorded-or-robo": "Y", "city": "Valliant", "state": "OK", "area-code": "580"}, {"id": "e81c9350d54f66c6d33b3747ee2212e7", "number": "8008675379", "date": "2021-01-22 16:38:00", "subject": "1", "recorded-or-robo": "Y", "city": "", "state": "IA", "area-code": "563"}, {"id": "deca54a6651fb9add5b4a9816cb71ae1", "number": "8008675379", "date": "2021-01-22 16:38:00", "subject": "1", "recorded-or-robo": "Y", "city": "", "state": "IA", "area-code": "563"}, {"id": "e81c9350d54f66c6d33b3747ee220499", "number": "3134793889", "date": "2021-01-21 17:41:00", "subject": "0", "recorded-or-robo": "Y", "city": "Plymouth", "state": "MI", "area-code": "734"}, {"id": "deca54a6651fb9add5b4a9816cb70e44", "number": "3134793889", "date": "2021-01-21 17:41:00", "subject": "0", "recorded-or-robo": "Y", "city": "Plymouth", "state": "MI", "area-code": "734"}, {"id": "e81c9350d54f66c6d33b3747ee55c377", "number": "+13195693800", "date": "2021-01-22 17:58:35", "subject": "3", "recorded-or-robo": "Y", "city": "", "state": "IA", "area-code": "319"}, {"id": "e81c9350d54f66c6d33b3747ee54d8bf", "number": "+16302959338", "date": "2021-01-22 17:58:35", "subject": "3", "recorded-or-robo": "N", "city": "", "state": "IL", "area-code": "630"}, {"id": "deca54a6651fb9add5b4a9816cea36f9", "number": "+13195693800", "date": "2021-01-22 17:58:35", "subject": "3", "recorded-or-robo": "Y", "city": "", "state": "IA", "area-code": "319"}, {"id": "deca54a6651fb9add5b4a9816ce96c62", "number": "+16302959338", "date": "2021-01-22 17:58:35", "subject": "3", "recorded-or-robo": "N", "city": "", "state": "IL", "area-code": "630"}, {"id": "e81c9350d54f66c6d33b3747ee22043e", "number": "7077150173", "date": "2021-01-22 14:39:00", "subject": "2", "recorded-or-robo": "N", "city": "", "state": "CA", "area-code": "707"}, {"id": "e81c9350d54f66c6d33b3747ee21fab4", "number": "4244314465", "date": "2021-01-22 09:01:00", "subject": "2", "recorded-or-robo": "N", "city": "Huntington Beach", "state": "CA", "area-code": "818"}, {"id": "deca54a6651fb9add5b4a9816cb70947", "number": "7077150173", "date": "2021-01-22 14:39:00", "subject": "2", "recorded-or-robo": "N", "city": "", "state": "CA", "area-code": "707"}, {"id": "deca54a6651fb9add5b4a9816cb70835", "number": "4244314465", "date": "2021-01-22 09:01:00", "subject": "2", "recorded-or-robo": "N", "city": "Huntington Beach", "state": "CA", "area-code": "818"}, {"id": "e81c9350d54f66c6d33b3747ee21edd8", "number": "5756512381", "date": "2021-01-22 14:04:00", "subject": "2", "recorded-or-robo": "Y", "city": "", "state": "AL", "area-code": "205"}, {"id": "deca54a6651fb9add5b4a9816cb7049f", "number": "5756512381", "date": "2021-01-22 14:04:00", "subject": "2", "recorded-or-robo": "Y", "city": "", "state": "AL", "area-code": "205"}, {"id": "e81c9350d54f66c6d33b3747ee21eac2", "number": "2162794604", "date": "2021-01-22 14:12:00", "subject": "0", "recorded-or-robo": "N", "city": "", "state": "OH", "area-code": "419"}, {"id": "e81c9350d54f66c6d33b3747ee21e7a2", "number": "2068782284", "date": "2021-01-22 14:44:00", "subject": "1", "recorded-or-robo": "Y", "city": "Renton", "state": "WA", "area-code": "425"}, {"id": "deca54a6651fb9add5b4a9816cb703e3", "number": "2162794604", "date": "2021-01-22 14:12:00", "subject": "0", "recorded-or-robo": "N", "city": "", "state": "OH", "area-code": "419"}, {"id": "deca54a6651fb9add5b4a9816cb6ff05", "number": "2068782284", "date": "2021-01-22 14:44:00", "subject": "1", "recorded-or-robo": "Y", "city": "Renton", "state": "WA", "area-code": "425"}, {"id": "e81c9350d54f66c6d33b3747ee21ddfc", "number": "4012148349", "date": "2021-01-22 14:48:00", "subject": "2", "recorded-or-robo": "Y", "city": "Oroville", "state": "CA", "area-code": "530"}, {"id": "deca54a6651fb9add5b4a9816cb6fd39", "number": "4012148349", "date": "2021-01-22 14:48:00", "subject": "2", "recorded-or-robo": "Y", "city": "Oroville", "state": "CA", "area-code": "530"}, {"id": "e81c9350d54f66c6d33b3747ee21d929", "number": "3473986452", "date": "2021-01-15 06:43:00", "subject": "3", "recorded-or-robo": "Y", "city": "", "state": "CA", "area-code": "209"}, {"id": "e81c9350d54f66c6d33b3747ee21cd5d", "number": "8008749755", "date": "2021-01-22 04:35:00", "subject": "1", "recorded-or-robo": "N", "city": "Davenport", "state": "IA", "area-code": "563"}, {"id": "deca54a6651fb9add5b4a9816cb6fc92", "number": "3473986452", "date": "2021-01-15 06:43:00", "subject": "3", "recorded-or-robo": "Y", "city": "", "state": "CA", "area-code": "209"}, {"id": "deca54a6651fb9add5b4a9816cb6f76f", "number": "8008749755", "date": "2021-01-22 04:35:00", "subject": "1", "recorded-or-robo": "N", "city": "Davenport", "state": "IA", "area-code": "563"}, {"id": "e81c9350d54f66c6d33b3747ee55820f", "number": "+19712611855", "date": "2021-01-22 17:58:22", "subject": "3", "recorded-or-robo": "Y", "city": "", "state": "OR", "area-code": "971"}, {"id": "deca54a6651fb9add5b4a9816ce9f94a", "number": "+19712611855", "date": "2021-01-22 17:58:22", "subject": "3", "recorded-or-robo": "Y", "city": "", "state": "OR", "area-code": "971"}, {"id": "e81c9350d54f66c6d33b3747ee21c6aa", "number": "1453316480", "date": "2021-01-22 14:40:00", "subject": "1", "recorded-or-robo": "Y", "city": "Sparks", "state": "NV", "area-code": "814"}, {"id": "deca54a6651fb9add5b4a9816cb6e42a", "number": "1453316480", "date": "2021-01-22 14:40:00", "subject": "1", "recorded-or-robo": "Y", "city": "Sparks", "state": "NV", "area-code": "814"}, {"id": "e81c9350d54f66c6d33b3747ee21bea9", "number": "3609403529", "date": "2021-01-22 14:48:00", "subject": "2", "recorded-or-robo": "Y", "city": "", "state": "OR", "area-code": "541"}, {"id": "deca54a6651fb9add5b4a9816cb6e331", "number": "3609403529", "date": "2021-01-22 14:48:00", "subject": "2", "recorded-or-robo": "Y", "city": "", "state": "OR", "area-code": "541"}, {"id": "e81c9350d54f66c6d33b3747ee54e9bc", "number": "+19362270263", "date": "2021-01-22 17:58:16", "subject": "3", "recorded-or-robo": "N", "city": "", "state": "TX", "area-code": "832"}, {"id": "e81c9350d54f66c6d33b3747ee21be62", "number": "9515668200", "date": "2021-01-22 14:55:00", "subject": "5", "recorded-or-robo": "Y", "city": "", "state": "CA", "area-code": "951"}, {"id": "e81c9350d54f66c6d33b3747ee21bbb9", "number": "", "date": "2021-01-21 09:18:00", "subject": "2", "recorded-or-robo": "N", "city": "Rodeo", "state": "CA", "area-code": "510"}, {"id": "deca54a6651fb9add5b4a9816ce979a3", "number": "+19362270263", "date": "2021-01-22 17:58:16", "subject": "3", "recorded-or-robo": "N", "city": "", "state": "TX", "area-code": "832"}, {"id": "deca54a6651fb9add5b4a9816cb6db4a", "number": "9515668200", "date": "2021-01-22 14:55:00", "subject": "5", "recorded-or-robo": "Y", "city": "", "state": "CA", "area-code": "951"}, {"id": "deca54a6651fb9add5b4a9816cb6cd8d", "number": "", "date": "2021-01-21 09:18:00", "subject": "2", "recorded-or-robo": "N", "city": "Rodeo", "state": "CA", "area-code": "510"}, {"id": "e81c9350d54f66c6d33b3747ee21b4c6", "number": "5166732908", "date": "2021-01-22 17:35:00", "subject": "5", "recorded-or-robo": "Y", "city": "Rochester", "state": "NY", "area-code": "585"}, {"id": "deca54a6651fb9add5b4a9816cb6bdbb", "number": "5166732908", "date": "2021-01-22 17:35:00", "subject": "5", "recorded-or-robo": "Y", "city": "Rochester", "state": "NY", "area-code": "585"}, {"id": "e81c9350d54f66c6d33b3747ee21a983", "number": "9378941538", "date": "2021-01-22 09:08:00", "subject": "2", "recorded-or-robo": "N", "city": "Huntington Beach", "state": "CA", "area-code": "818"}, {"id": "deca54a6651fb9add5b4a9816cb6b441", "number": "9378941538", "date": "2021-01-22 09:08:00", "subject": "2", "recorded-or-robo": "N", "city": "Huntington Beach", "state": "CA", "area-code": "818"}, {"id": "e81c9350d54f66c6d33b3747ee551628", "number": "4157330651", "date": "2021-01-22 17:58:06", "subject": "3", "recorded-or-robo": "Y", "city": "", "state": "CA", "area-code": "951"}]}