{"data": [{"id": "deca54a6651fb9add5b4a9816ccd3282", "number": "7025634467", "date": "2021-01-22 14:08:00", "subject": "2", "recorded-or-robo": "Y", "city": "Santee", "state": "CA", "area-code": "702"}, {"id": "e81c9350d54f66c6d33b3747ee3848cd", "number": "8335400307", "date": "2021-01-22 00:00:00", "subject": "3", "recorded-or-robo": "", "city": "Broken Arrow", "state": "OK", "area-code": "918"}, {"id": "deca54a6651fb9add5b4a9816ccd2c32", "number": "8335400307", "date": "2021-01-22 00:00:00", "subject": "3", "recorded-or-robo": "", "city": "Broken Arrow", "state": "OK", "area-code": "918"}, {"id": "e81c9350d54f66c6d33b3747ee9dc5f8", "number": "8324123863", "date": "2021-01-22 18:38:17", "subject": "3", "recorded-or-robo": "N", "city": "", "state": "TX", "area-code": "832"}, {"id": "1d36742e3f24f50e4e7ae8280132dbc1", "number": "8324123863", "date": "2021-01-22 18:38:17", "subject": "3", "recorded-or-robo": "N", "city": "", "state": "TX", "area-code": "832"}, {"id": "e81c9350d54f66c6d33b3747ee383ff4", "number": "7603723293", "date": "2021-01-22 15:23:00", "subject": "7", "recorded-or-robo": "Y", "city": "", "state": "CA", "area-code": "310"}, {"id": "deca54a6651fb9add5b4a9816ccd1ec5", "number": "7603723293", "date": "2021-01-22 15:23:00", "subject": "7", "recorded-or-robo": "Y", "city": "", "state": "CA", "area-code": "310"}, {"id": "e81c9350d54f66c6d33b3747ee383d2b", "number": "2562060863", "date": "2021-01-22 11:21:00", "subject": "0", "recorded-or-robo": "N", "city": "Anniston", "state": "AL", "area-code": "256"}, {"id": "deca54a6651fb9add5b4a9816ccd19a7", "number": "2562060863", "date": "2021-01-22 11:21:00", "subject": "0", "recorded-or-robo": "N", "city": "Anniston", "state": "AL", "area-code": "256"}, {"id": "e81c9350d54f66c6d33b3747ee383004", "number": "4405531882", "date": "2021-01-22 06:44:00", "subject": "2", "recorded-or-robo": "Y", "city": "Honolulu", "state": "HI", "area-code": "808"}, {"id": "deca54a6651fb9add5b4a9816ccd1602", "number": "4405531882", "date": "2021-01-22 06:44:00", "subject": "2", "recorded-or-robo": "Y", "city": "Honolulu", "state": "HI", "area-code": "808"}, {"id": "e81c9350d54f66c6d33b3747ee9da343", "number": "+17173408854", "date": "2021-01-22 18:38:05", "subject": "3", "recorded-or-robo": "Y", "city": "", "state": "NV", "area-code": "702"}, {"id": "1d36742e3f24f50e4e7ae8280132a596", "number": "+17173408854", "date": "2021-01-22 18:38:05", "subject": "3", "recorded-or-robo": "Y", "city": "", "state": "NV", "area-code": "702"}, {"id": "e81c9350d54f66c6d33b3747ee382cdb", "number": "4422807490", "date": "2021-01-14 13:00:00", "subject": "4", "recorded-or-robo": "Y", "city": "GILROY", "state": "CA", "area-code": "408"}, {"id": "e81c9350d54f66c6d33b3747ee381eee", "number": "9255806060", "date": "2021-01-22 03:15:00", "subject": "9", "recorded-or-robo": "Y", "city": "Ca", "state": "CA", "area-code": "925"}, {"id": "deca54a6651fb9add5b4a9816ccd0b67", "number": "4422807490", "date": "2021-01-14 13:00:00", "subject": "4", "recorded-or-robo": "Y", "city": "GILROY", "state": "CA", "area-code": "408"}, {"id": "deca54a6651fb9add5b4a9816cccfe93", "number": "9255806060", "date": "2021-01-22 03:15:00", "subject": "9", "recorded-or-robo": "Y", "city": "Ca", "state": "CA", "area-code": "925"}, {"id": "e81c9350d54f66c6d33b3747ee381807", "number": "7605642002", "date": "2021-01-11 00:00:00", "subject": "3", "recorded-or-robo": "", "city": "", "state": "CA", "area-code": "760"}, {"id": "deca54a6651fb9add5b4a9816cccfd92", "number": "7605642002", "date": "2021-01-11 00:00:00", "subject": "3", "recorded-or-robo": "", "city": "", "state": "CA", "area-code": "760"}, {"id": "e81c9350d54f66c6d33b3747ee9dd20f", "number": "+13616070038", "date": "2021-01-22 18:37:49", "subject": "3", "recorded-or-robo": "Y", "city": "", "state": "TX", "area-code": "361"}, {"id": "1d36742e3f24f50e4e7ae8280132e30a", "number": "+13616070038", "date": "2021-01-22 18:37:49", "subject": "3", "recorded-or-robo": "Y", "city": "", "state": "TX", "area-code": "361"}, {"id": "e81c9350d54f66c6d33b3747ee380b0d", "number": "8008922253", "date": "2021-01-22 17:16:00", "subject": "1", "recorded-or-robo": "Y", "city": "Shawnee", "state": "KS", "area-code": "913"}, {"id": "deca54a6651fb9add5b4a9816cccf82a", "number": "8008922253", "date": "2021-01-22 17:16:00", "subject": "1", "recorded-or-robo": "Y", "city": "Shawnee", "state": "KS", "area-code": "913"}, {"id": "e81c9350d54f66c6d33b3747ee9e07f3", "number": "+19514774101", "date": "2021-01-22 18:37:40", "subject": "3", "recorded-or-robo": "N", "city": "", "state": "CA", "area-code": "951"}, {"id": "1d36742e3f24f50e4e7ae828013312c7", "number": "+19514774101", "date": "2021-01-22 18:37:40", "subject": "3", "recorded-or-robo": "N", "city": "", "state": "CA", "area-code": "951"}, {"id": "e81c9350d54f66c6d33b3747ee9dc192", "number": "+19723385156", "date": "2021-01-22 18:37:39", "subject": "3", "recorded-or-robo": "Y", "city": "", "state": "TX", "area-code": "972"}, {"id": "1d36742e3f24f50e4e7ae8280132d937", "number": "+19723385156", "date": "2021-01-22 18:37:39", "subject": "3", "recorded-or-robo": "Y", "city": "", "state": "TX", "area-code": "972"}, {"id": "e81c9350d54f66c6d33b3747ee9da518", "number": "6264106261", "date": "2021-01-22 18:37:33", "subject": "3", "recorded-or-robo": "N", "city": "", "state": "TX", "area-code": "469"}, {"id": "e81c9350d54f66c6d33b3747ee37ff96", "number": "5592367467", "date": "2021-01-22 11:39:00", "subject": "2", "recorded-or-robo": "Y", "city": "Clovis", "state": "CA", "area-code": "559"}, {"id": "e81c9350d54f66c6d33b3747ee37faf9", "number": "4137304745", "date": "2021-01-22 00:00:00", "subject": "3", "recorded-or-robo": "N", "city": "Seminole", "state": "FL", "area-code": "978"}, {"id": "deca54a6651fb9add5b4a9816cccf483", "number": "5592367467", "date": "2021-01-22 11:39:00", "subject": "2", "recorded-or-robo": "Y", "city": "Clovis", "state": "CA", "area-code": "559"}, {"id": "deca54a6651fb9add5b4a9816ccce9dd", "number": "4137304745", "date": "2021-01-22 00:00:00", "subject": "3", "recorded-or-robo": "N", "city": "Seminole", "state": "FL", "area-code": "978"}, {"id": "1d36742e3f24f50e4e7ae8280132b471", "number": "6264106261", "date": "2021-01-22 18:37:33", "subject": "3", "recorded-or-robo": "N", "city": "", "state": "TX", "area-code": "469"}, {"id": "e81c9350d54f66c6d33b3747ee37f7f0", "number": "2142471405", "date": "2021-01-22 18:35:00", "subject": "0", "recorded-or-robo": "Y", "city": "", "state": "NY", "area-code": "917"}, {"id": "deca54a6651fb9add5b4a9816cccda2d", "number": "2142471405", "date": "2021-01-22 18:35:00", "subject": "0", "recorded-or-robo": "Y", "city": "", "state": "NY", "area-code": "917"}, {"id": "e81c9350d54f66c6d33b3747ee9dbf71", "number": "8158602148", "date": "2021-01-22 18:37:30", "subject": "3", "recorded-or-robo": "Y", "city": "", "state": "IL", "area-code": "815"}, {"id": "1d36742e3f24f50e4e7ae8280132cd93", "number": "8158602148", "date": "2021-01-22 18:37:30", "subject": "3", "recorded-or-robo": "Y", "city": "", "state": "IL", "area-code": "815"}, {"id": "e81c9350d54f66c6d33b3747ee37eeef", "number": "4438989891", "date": "2021-01-22 14:43:00", "subject": "2", "recorded-or-robo": "Y", "city": "Medford", "state": "OR", "area-code": "541"}, {"id": "deca54a6651fb9add5b4a9816cccd3c5", "number": "4438989891", "date": "2021-01-22 14:43:00", "subject": "2", "recorded-or-robo": "Y", "city": "Medford", "state": "OR", "area-code": "541"}, {"id": "e81c9350d54f66c6d33b3747ee37e3b0", "number": "", "date": "2021-01-22 11:39:00", "subject": "0", "recorded-or-robo": "Y", "city": "Old Bridge", "state": "NJ", "area-code": "973"}, {"id": "deca54a6651fb9add5b4a9816cccd119", "number": "", "date": "2021-01-22 11:39:00", "subject": "0", "recorded-or-robo": "Y", "city": "Old Bridge", "state": "NJ", "area-code": "973"}, {"id": "e81c9350d54f66c6d33b3747ee9dddfb", "number": "+12189673376", "date": "2021-01-22 18:37:23", "subject": "3", "recorded-or-robo": "Y", "city": "", "state": "MD", "area-code": "443"}, {"id": "1d36742e3f24f50e4e7ae8280132ed3d", "number": "+12189673376", "date": "2021-01-22 18:37:23", "subject": "3", "recorded-or-robo": "Y", "city": "", "state": "MD", "area-code": "443"}, {"id": "e81c9350d54f66c6d33b3747ee37e04c", "number": "7604803524", "date": "2021-01-11 00:00:00", "subject": "3", "recorded-or-robo": "", "city": "", "state": "CA", "area-code": "760"}, {"id": "deca54a6651fb9add5b4a9816ccccd45", "number": "7604803524", "date": "2021-01-11 00:00:00", "subject": "3", "recorded-or-robo": "", "city": "", "state": "CA", "area-code": "760"}, {"id": "e81c9350d54f66c6d33b3747ee37d746", "number": "4026806294", "date": "2021-01-22 14:32:00", "subject": "2", "recorded-or-robo": "N", "city": "Three Forks", "state": "WA", "area-code": "509"}, {"id": "deca54a6651fb9add5b4a9816cccc32c", "number": "4026806294", "date": "2021-01-22 14:32:00", "subject": "2", "recorded-or-robo": "N", "city": "Three Forks", "state": "WA", "area-code": "509"}, {"id": "e81c9350d54f66c6d33b3747ee37cf0d", "number": "3479906999", "date": "2021-01-22 18:33:00", "subject": "2", "recorded-or-robo": "Y", "city": "Mastic", "state": "NY", "area-code": "631"}, {"id": "deca54a6651fb9add5b4a9816cccb339", "number": "3479906999", "date": "2021-01-22 18:33:00", "subject": "2", "recorded-or-robo": "Y", "city": "Mastic", "state": "NY", "area-code": "631"}, {"id": "e81c9350d54f66c6d33b3747ee37c15c", "number": "8045755304", "date": "2021-01-04 16:42:00", "subject": "2", "recorded-or-robo": "Y", "city": "Plainsboro", "state": "NJ", "area-code": "609"}]}