{"data": [{"id": "490dde24b259add1335244cd1b637eee", "number": "", "date": "2021-01-26 11:31:00", "subject": "2", "recorded-or-robo": "Y", "city": "PONTE VEDRA BEACH", "state": "FL", "area-code": "904"}, {"id": "490dde24b259add1335244cd1b637a51", "number": "8322398749", "date": "2021-01-26 11:37:00", "subject": "3", "recorded-or-robo": "N", "city": "", "state": "TX", "area-code": "832"}, {"id": "490dde24b259add1335244cd1b637445", "number": "7043680558", "date": "2021-01-25 14:18:00", "subject": "2", "recorded-or-robo": "Y", "city": "", "state": "NC", "area-code": "704"}, {"id": "490dde24b259add1335244cd1b636888", "number": "9203194468", "date": "2021-01-25 14:46:00", "subject": "2", "recorded-or-robo": "Y", "city": "", "state": "WI", "area-code": "920"}, {"id": "490dde24b259add1335244cd1b6360d3", "number": "", "date": "2021-01-18 19:27:00", "subject": "8", "recorded-or-robo": "Y", "city": "Sunnyvale", "state": "CA", "area-code": "408"}, {"id": "490dde24b259add1335244cd1b6354f6", "number": "8337700524", "date": "2021-01-26 12:20:00", "subject": "1", "recorded-or-robo": "Y", "city": "St. James City", "state": "FL", "area-code": "239"}, {"id": "490dde24b259add1335244cd1b634a6d", "number": "9567935127", "date": "2021-01-26 11:21:00", "subject": "1", "recorded-or-robo": "Y", "city": "", "state": "TX", "area-code": "956"}, {"id": "490dde24b259add1335244cd1b6347b2", "number": "2137455818", "date": "2021-01-25 13:47:00", "subject": "1", "recorded-or-robo": "Y", "city": "Pasadena", "state": "CA", "area-code": "213"}, {"id": "490dde24b259add1335244cd1b6339fe", "number": "3175174839", "date": "2021-01-25 12:14:00", "subject": "0", "recorded-or-robo": "Y", "city": "Fishers", "state": "IN", "area-code": "317"}, {"id": "490dde24b259add1335244cd1b6332fa", "number": "4012148396", "date": "2021-01-25 18:00:00", "subject": "4", "recorded-or-robo": "Y", "city": "", "state": "AL", "area-code": "256"}, {"id": "490dde24b259add1335244cd1b63317e", "number": "6462426211", "date": "2021-01-25 12:49:00", "subject": "2", "recorded-or-robo": "Y", "city": "", "state": "NY", "area-code": "646"}, {"id": "490dde24b259add1335244cd1b632f10", "number": "8456597307", "date": "2021-01-26 12:32:00", "subject": "9", "recorded-or-robo": "N", "city": "", "state": "NY", "area-code": "914"}, {"id": "490dde24b259add1335244cd1b632594", "number": "3525683013", "date": "2021-01-26 12:15:00", "subject": "2", "recorded-or-robo": "N", "city": "Lake Panasoffkee", "state": "FL", "area-code": "352"}, {"id": "490dde24b259add1335244cd1b63173e", "number": "7272920455", "date": "2021-01-21 15:54:00", "subject": "3", "recorded-or-robo": "Y", "city": "Lebanon", "state": "FL", "area-code": "727"}, {"id": "490dde24b259add1335244cd1b6316da", "number": "2149097770", "date": "2021-01-25 16:41:00", "subject": "3", "recorded-or-robo": "Y", "city": "", "state": "TX", "area-code": "210"}, {"id": "490dde24b259add1335244cd1b6308db", "number": "9203098711", "date": "2021-01-25 16:23:00", "subject": "2", "recorded-or-robo": "Y", "city": "", "state": "WI", "area-code": "920"}, {"id": "490dde24b259add1335244cd1b62ffe0", "number": "8475510390", "date": "2021-01-26 11:23:00", "subject": "4", "recorded-or-robo": "Y", "city": "Roselle", "state": "IL", "area-code": "847"}, {"id": "490dde24b259add1335244cd1b62f2f0", "number": "3036047998", "date": "2021-01-25 08:34:00", "subject": "2", "recorded-or-robo": "Y", "city": "Longmont", "state": "CO", "area-code": "303"}, {"id": "490dde24b259add1335244cd1b62f1f6", "number": "7132732745", "date": "2021-01-26 12:32:00", "subject": "5", "recorded-or-robo": "Y", "city": "", "state": "OR", "area-code": "503"}, {"id": "490dde24b259add1335244cd1b62ec2a", "number": "5415103354", "date": "2021-01-26 09:35:00", "subject": "9", "recorded-or-robo": "Y", "city": "", "state": "OR", "area-code": "541"}, {"id": "490dde24b259add1335244cd1b62eb8b", "number": "8337700575", "date": "2021-01-25 11:26:00", "subject": "1", "recorded-or-robo": "Y", "city": "Claremont", "state": "NH", "area-code": "603"}, {"id": "490dde24b259add1335244cd1b62de77", "number": "7044660133", "date": "2021-01-25 15:21:00", "subject": "2", "recorded-or-robo": "Y", "city": "", "state": "NC", "area-code": "704"}, {"id": "490dde24b259add1335244cd1b62de45", "number": "", "date": "2021-01-26 06:08:00", "subject": "2", "recorded-or-robo": "Y", "city": "Wilsonville", "state": "OR", "area-code": "503"}, {"id": "490dde24b259add1335244cd1b62d3ef", "number": "7629597051", "date": "2021-01-26 00:00:00", "subject": "2", "recorded-or-robo": "Y", "city": "Fairburn", "state": "GA", "area-code": "762"}, {"id": "490dde24b259add1335244cd1b62cbf0", "number": "97723484621", "date": "2021-01-26 12:35:00", "subject": "2", "recorded-or-robo": "Y", "city": "Traverse City", "state": "MI", "area-code": "231"}, {"id": "490dde24b259add1335244cd1b62c866", "number": "8059438298", "date": "2021-01-26 09:10:00", "subject": "2", "recorded-or-robo": "N", "city": "Santa barbara", "state": "CA", "area-code": "805"}, {"id": "490dde24b259add1335244cd1b62bf98", "number": "8764865364", "date": "2021-01-26 11:30:00", "subject": "2", "recorded-or-robo": "Y", "city": "La Crosse", "state": "WI", "area-code": "608"}, {"id": "490dde24b259add1335244cd1b62b5f7", "number": "9856022094", "date": "2021-01-26 10:52:00", "subject": "2", "recorded-or-robo": "N", "city": "", "state": "AL", "area-code": "256"}, {"id": "490dde24b259add1335244cd1b62b2f0", "number": "8882804331", "date": "2021-01-26 12:23:00", "subject": "2", "recorded-or-robo": "Y", "city": "", "state": "NY", "area-code": "315"}, {"id": "490dde24b259add1335244cd1b62b2d0", "number": "3172504508", "date": "2021-01-25 13:22:00", "subject": "0", "recorded-or-robo": "Y", "city": "Fishers", "state": "IN", "area-code": "317"}, {"id": "490dde24b259add1335244cd1b62a66b", "number": "3232379978", "date": "2021-01-26 21:28:00", "subject": "4", "recorded-or-robo": "Y", "city": "San Francisco", "state": "CA", "area-code": "415"}, {"id": "490dde24b259add1335244cd1b62a621", "number": "8445875455", "date": "2021-01-26 12:28:00", "subject": "1", "recorded-or-robo": "Y", "city": "", "state": "MI", "area-code": "248"}, {"id": "490dde24b259add1335244cd1b62a079", "number": "9203355113", "date": "2021-01-26 11:02:00", "subject": "2", "recorded-or-robo": "Y", "city": "", "state": "WI", "area-code": "920"}, {"id": "490dde24b259add1335244cd1b6294ed", "number": "5710312587", "date": "2021-01-05 19:27:00", "subject": "2", "recorded-or-robo": "", "city": "Portsmouth", "state": "OH", "area-code": "740"}, {"id": "490dde24b259add1335244cd1b628aab", "number": "2013573086", "date": "2021-01-26 12:05:00", "subject": "0", "recorded-or-robo": "Y", "city": "", "state": "NJ", "area-code": "201"}, {"id": "490dde24b259add1335244cd1b62899c", "number": "7125241710", "date": "2021-01-25 16:16:00", "subject": "2", "recorded-or-robo": "Y", "city": "", "state": "NC", "area-code": "704"}, {"id": "490dde24b259add1335244cd1b6287ba", "number": "7153702445", "date": "2021-01-26 10:25:00", "subject": "1", "recorded-or-robo": "N", "city": "Florence", "state": "CO", "area-code": "715"}, {"id": "490dde24b259add1335244cd1b628593", "number": "3403975289", "date": "2021-01-26 12:31:00", "subject": "2", "recorded-or-robo": "Y", "city": "Big Prairie", "state": "OH", "area-code": "330"}, {"id": "490dde24b259add1335244cd1b619fbb", "number": "3865187237", "date": "2021-01-26 12:32:00", "subject": "3", "recorded-or-robo": "", "city": "", "state": "NY", "area-code": "516"}, {"id": "490dde24b259add1335244cd1b627efd", "number": "7739857541", "date": "2021-01-26 08:00:00", "subject": "2", "recorded-or-robo": "N", "city": "Corpus Christi", "state": "TX", "area-code": "361"}, {"id": "490dde24b259add1335244cd1b627ba1", "number": "8165917770", "date": "2021-01-26 11:35:00", "subject": "1", "recorded-or-robo": "Y", "city": "Liberty", "state": "MO", "area-code": "816"}, {"id": "490dde24b259add1335244cd1b627aa6", "number": "9023651518", "date": "2021-01-26 12:31:00", "subject": "3", "recorded-or-robo": "Y", "city": "", "state": "KY", "area-code": "859"}, {"id": "490dde24b259add1335244cd1b627578", "number": "9088582419", "date": "2021-01-26 09:00:00", "subject": "4", "recorded-or-robo": "Y", "city": "Tempe", "state": "AZ", "area-code": "480"}, {"id": "490dde24b259add1335244cd1b6271a8", "number": "8703457414", "date": "2021-01-26 07:11:00", "subject": "2", "recorded-or-robo": "Y", "city": "Berkeley", "state": "CA", "area-code": "347"}, {"id": "490dde24b259add1335244cd1b626af4", "number": "9285691975", "date": "2021-01-25 11:36:00", "subject": "2", "recorded-or-robo": "Y", "city": "bolton", "state": "CT", "area-code": "860"}, {"id": "490dde24b259add1335244cd1b625bfd", "number": "3038388544", "date": "2021-01-26 10:31:00", "subject": "1", "recorded-or-robo": "Y", "city": "Bailey", "state": "CO", "area-code": "303"}, {"id": "490dde24b259add1335244cd1b6258e6", "number": "3053811985", "date": "2021-01-26 11:34:00", "subject": "2", "recorded-or-robo": "Y", "city": "", "state": "WI", "area-code": "920"}, {"id": "490dde24b259add1335244cd1b624ffb", "number": "7407623716", "date": "2021-01-26 11:28:00", "subject": "2", "recorded-or-robo": "Y", "city": "Butler", "state": "MO", "area-code": "660"}, {"id": "490dde24b259add1335244cd1b624039", "number": "5623826401", "date": "2021-01-25 13:09:00", "subject": "0", "recorded-or-robo": "N", "city": "Paramount", "state": "CA", "area-code": "562"}, {"id": "490dde24b259add1335244cd1b62355e", "number": "3103859120", "date": "2021-01-26 09:30:00", "subject": "4", "recorded-or-robo": "Y", "city": "", "state": "CA", "area-code": "310"}]}