{"data": [{"id": "3decc6bfadaa436a105714c6ba475067", "number": "3202013755", "date": "2021-01-23 09:33:00", "subject": "2", "recorded-or-robo": "N", "city": "Farmington", "state": "MN", "area-code": "651"}, {"id": "1d36742e3f24f50e4e7ae82801dd1b5d", "number": "3202013755", "date": "2021-01-23 09:33:00", "subject": "2", "recorded-or-robo": "N", "city": "Farmington", "state": "MN", "area-code": "651"}, {"id": "3decc6bfadaa436a105714c6ba474777", "number": "4805993658", "date": "2021-01-23 06:04:00", "subject": "2", "recorded-or-robo": "Y", "city": "", "state": "CA", "area-code": "480"}, {"id": "1d36742e3f24f50e4e7ae82801dd168e", "number": "4805993658", "date": "2021-01-23 06:04:00", "subject": "2", "recorded-or-robo": "Y", "city": "", "state": "CA", "area-code": "480"}, {"id": "3decc6bfadaa436a105714c6ba47419b", "number": "6013851975", "date": "2021-01-23 16:00:00", "subject": "2", "recorded-or-robo": "Y", "city": "Aurora", "state": "CO", "area-code": "303"}, {"id": "1d36742e3f24f50e4e7ae82801dd0bf3", "number": "6013851975", "date": "2021-01-23 16:00:00", "subject": "2", "recorded-or-robo": "Y", "city": "Aurora", "state": "CO", "area-code": "303"}, {"id": "3decc6bfadaa436a105714c6ba473e7e", "number": "8443247840", "date": "2021-01-23 14:48:00", "subject": "11", "recorded-or-robo": "Y", "city": "Sacramento", "state": "CA", "area-code": "916"}, {"id": "1d36742e3f24f50e4e7ae82801dd0643", "number": "8443247840", "date": "2021-01-23 14:48:00", "subject": "11", "recorded-or-robo": "Y", "city": "Sacramento", "state": "CA", "area-code": "916"}, {"id": "3decc6bfadaa436a105714c6ba472ec2", "number": "4803111710", "date": "2021-01-23 15:52:00", "subject": "7", "recorded-or-robo": "N", "city": "Phoeix", "state": "AZ", "area-code": "480"}, {"id": "1d36742e3f24f50e4e7ae82801dd01c0", "number": "4803111710", "date": "2021-01-23 15:52:00", "subject": "7", "recorded-or-robo": "N", "city": "Phoeix", "state": "AZ", "area-code": "480"}, {"id": "3decc6bfadaa436a105714c6ba472c85", "number": "7027819099", "date": "2021-01-20 08:41:00", "subject": "2", "recorded-or-robo": "N", "city": "Henderson, NV", "state": "NV", "area-code": "702"}, {"id": "1d36742e3f24f50e4e7ae82801dcf565", "number": "7027819099", "date": "2021-01-20 08:41:00", "subject": "2", "recorded-or-robo": "N", "city": "Henderson, NV", "state": "NV", "area-code": "702"}, {"id": "3decc6bfadaa436a105714c6ba471f1f", "number": "5099284689", "date": "2021-01-02 00:00:00", "subject": "1", "recorded-or-robo": "Y", "city": "Greenacres", "state": "WA", "area-code": "509"}, {"id": "1d36742e3f24f50e4e7ae82801dceb93", "number": "5099284689", "date": "2021-01-02 00:00:00", "subject": "1", "recorded-or-robo": "Y", "city": "Greenacres", "state": "WA", "area-code": "509"}, {"id": "3decc6bfadaa436a105714c6ba4718c2", "number": "3852084432", "date": "2021-01-23 16:01:00", "subject": "8", "recorded-or-robo": "Y", "city": "Salt Lake City", "state": "UT", "area-code": "801"}, {"id": "1d36742e3f24f50e4e7ae82801dceb2e", "number": "3852084432", "date": "2021-01-23 16:01:00", "subject": "8", "recorded-or-robo": "Y", "city": "Salt Lake City", "state": "UT", "area-code": "801"}, {"id": "3decc6bfadaa436a105714c6ba47129f", "number": "6516616613", "date": "2021-01-23 11:53:00", "subject": "2", "recorded-or-robo": "N", "city": "Farmington", "state": "MN", "area-code": "651"}, {"id": "1d36742e3f24f50e4e7ae82801dce493", "number": "6516616613", "date": "2021-01-23 11:53:00", "subject": "2", "recorded-or-robo": "N", "city": "Farmington", "state": "MN", "area-code": "651"}, {"id": "3decc6bfadaa436a105714c6ba471017", "number": "4806723084", "date": "2021-01-23 04:01:00", "subject": "2", "recorded-or-robo": "Y", "city": "", "state": "CA", "area-code": "480"}, {"id": "1d36742e3f24f50e4e7ae82801dcdc34", "number": "4806723084", "date": "2021-01-23 04:01:00", "subject": "2", "recorded-or-robo": "Y", "city": "", "state": "CA", "area-code": "480"}, {"id": "3decc6bfadaa436a105714c6ba4702fc", "number": "5632873353", "date": "2021-01-23 16:35:00", "subject": "2", "recorded-or-robo": "", "city": "", "state": "IA", "area-code": "563"}, {"id": "1d36742e3f24f50e4e7ae82801dcd494", "number": "5632873353", "date": "2021-01-23 16:35:00", "subject": "2", "recorded-or-robo": "", "city": "", "state": "IA", "area-code": "563"}, {"id": "3decc6bfadaa436a105714c6ba46f422", "number": "9374103650", "date": "2021-01-23 17:57:00", "subject": "8", "recorded-or-robo": "Y", "city": "Fairborn", "state": "OH", "area-code": "937"}, {"id": "1d36742e3f24f50e4e7ae82801dcd3d7", "number": "9374103650", "date": "2021-01-23 17:57:00", "subject": "8", "recorded-or-robo": "Y", "city": "Fairborn", "state": "OH", "area-code": "937"}, {"id": "3decc6bfadaa436a105714c6ba46f1fc", "number": "7256771058", "date": "2021-01-22 14:17:00", "subject": "2", "recorded-or-robo": "N", "city": "Henderson, NV", "state": "NV", "area-code": "702"}, {"id": "1d36742e3f24f50e4e7ae82801dccfe0", "number": "7256771058", "date": "2021-01-22 14:17:00", "subject": "2", "recorded-or-robo": "N", "city": "Henderson, NV", "state": "NV", "area-code": "702"}, {"id": "3decc6bfadaa436a105714c6ba46e51a", "number": "3202281646", "date": "2021-01-23 13:40:00", "subject": "2", "recorded-or-robo": "N", "city": "Farmington", "state": "MN", "area-code": "651"}, {"id": "1d36742e3f24f50e4e7ae82801dcc5c5", "number": "3202281646", "date": "2021-01-23 13:40:00", "subject": "2", "recorded-or-robo": "N", "city": "Farmington", "state": "MN", "area-code": "651"}, {"id": "3decc6bfadaa436a105714c6ba46d966", "number": "", "date": "2021-01-23 17:16:00", "subject": "2", "recorded-or-robo": "Y", "city": "Fern Park", "state": "FL", "area-code": "407"}, {"id": "1d36742e3f24f50e4e7ae82801dcc510", "number": "", "date": "2021-01-23 17:16:00", "subject": "2", "recorded-or-robo": "Y", "city": "Fern Park", "state": "FL", "area-code": "407"}, {"id": "3decc6bfadaa436a105714c6ba46d628", "number": "3854494350", "date": "2021-01-23 16:18:00", "subject": "2", "recorded-or-robo": "N", "city": "", "state": "IA", "area-code": "563"}, {"id": "3decc6bfadaa436a105714c6ba46d018", "number": "", "date": "2021-01-23 03:01:00", "subject": "2", "recorded-or-robo": "Y", "city": "Yakima", "state": "WA", "area-code": "509"}, {"id": "1d36742e3f24f50e4e7ae82801dcbce2", "number": "3854494350", "date": "2021-01-23 16:18:00", "subject": "2", "recorded-or-robo": "N", "city": "", "state": "IA", "area-code": "563"}, {"id": "1d36742e3f24f50e4e7ae82801dcbcc3", "number": "", "date": "2021-01-23 03:01:00", "subject": "2", "recorded-or-robo": "Y", "city": "Yakima", "state": "WA", "area-code": "509"}, {"id": "3decc6bfadaa436a105714c6ba7c729e", "number": "7132157440", "date": "2021-01-23 18:06:38", "subject": "3", "recorded-or-robo": "Y", "city": "", "state": "TX", "area-code": "281"}, {"id": "03e293b3df9e35eadf15c56119130acd", "number": "7132157440", "date": "2021-01-23 18:06:38", "subject": "3", "recorded-or-robo": "Y", "city": "", "state": "TX", "area-code": "281"}, {"id": "3decc6bfadaa436a105714c6ba7c817d", "number": "+16292220870", "date": "2021-01-23 18:06:34", "subject": "3", "recorded-or-robo": "Y", "city": "", "state": "TX", "area-code": "254"}, {"id": "03e293b3df9e35eadf15c561191311f9", "number": "+16292220870", "date": "2021-01-23 18:06:34", "subject": "3", "recorded-or-robo": "Y", "city": "", "state": "TX", "area-code": "254"}, {"id": "3decc6bfadaa436a105714c6ba46c84c", "number": "6169522518", "date": "2021-01-23 00:00:00", "subject": "0", "recorded-or-robo": "Y", "city": "", "state": "MI", "area-code": "586"}, {"id": "1d36742e3f24f50e4e7ae82801dcb8d9", "number": "6169522518", "date": "2021-01-23 00:00:00", "subject": "0", "recorded-or-robo": "Y", "city": "", "state": "MI", "area-code": "586"}, {"id": "3decc6bfadaa436a105714c6ba7c6f1a", "number": "+12543271202", "date": "2021-01-23 18:06:05", "subject": "3", "recorded-or-robo": "Y", "city": "", "state": "TX", "area-code": "254"}, {"id": "03e293b3df9e35eadf15c5611912fbd7", "number": "+12543271202", "date": "2021-01-23 18:06:05", "subject": "3", "recorded-or-robo": "Y", "city": "", "state": "TX", "area-code": "254"}, {"id": "3decc6bfadaa436a105714c6ba46c3f4", "number": "3152328257", "date": "2021-01-23 15:01:00", "subject": "1", "recorded-or-robo": "Y", "city": "Spokane", "state": "WA", "area-code": "509"}, {"id": "3decc6bfadaa436a105714c6ba46bc53", "number": "9546767630", "date": "2021-01-22 16:53:00", "subject": "9", "recorded-or-robo": "N", "city": "", "state": "MN", "area-code": "651"}, {"id": "1d36742e3f24f50e4e7ae82801dcac49", "number": "3152328257", "date": "2021-01-23 15:01:00", "subject": "1", "recorded-or-robo": "Y", "city": "Spokane", "state": "WA", "area-code": "509"}, {"id": "1d36742e3f24f50e4e7ae82801dc9dc0", "number": "9546767630", "date": "2021-01-22 16:53:00", "subject": "9", "recorded-or-robo": "N", "city": "", "state": "MN", "area-code": "651"}, {"id": "3decc6bfadaa436a105714c6ba46b90e", "number": "3152328257", "date": "2021-01-22 13:45:00", "subject": "11", "recorded-or-robo": "Y", "city": "Orange", "state": "TX", "area-code": "409"}, {"id": "1d36742e3f24f50e4e7ae82801dc90d0", "number": "3152328257", "date": "2021-01-22 13:45:00", "subject": "11", "recorded-or-robo": "Y", "city": "Orange", "state": "TX", "area-code": "409"}, {"id": "3decc6bfadaa436a105714c6ba46b3d9", "number": "7753744859", "date": "2021-01-23 11:37:00", "subject": "2", "recorded-or-robo": "N", "city": "Henderson, NV", "state": "NV", "area-code": "702"}, {"id": "1d36742e3f24f50e4e7ae82801dc82cd", "number": "7753744859", "date": "2021-01-23 11:37:00", "subject": "2", "recorded-or-robo": "N", "city": "Henderson, NV", "state": "NV", "area-code": "702"}]}