{"data": [{"id": "3decc6bfadaa436a105714c6ba3e4fb2", "number": "243896883478", "date": "2021-01-22 13:58:00", "subject": "2", "recorded-or-robo": "Y", "city": "Runnells", "state": "IA", "area-code": "641"}, {"id": "1d36742e3f24f50e4e7ae82801d40bfa", "number": "243896883478", "date": "2021-01-22 13:58:00", "subject": "2", "recorded-or-robo": "Y", "city": "Runnells", "state": "IA", "area-code": "641"}, {"id": "3decc6bfadaa436a105714c6ba3e4739", "number": "2056864785", "date": "2021-01-22 12:17:00", "subject": "4", "recorded-or-robo": "", "city": "Highlands Ranch", "state": "CO", "area-code": "303"}, {"id": "1d36742e3f24f50e4e7ae82801d402ca", "number": "2056864785", "date": "2021-01-22 12:17:00", "subject": "4", "recorded-or-robo": "", "city": "Highlands Ranch", "state": "CO", "area-code": "303"}, {"id": "3decc6bfadaa436a105714c6ba3e426a", "number": "6264693844", "date": "2021-01-23 14:14:00", "subject": "12", "recorded-or-robo": "Y", "city": "", "state": "CA", "area-code": "650"}, {"id": "1d36742e3f24f50e4e7ae82801d40195", "number": "6264693844", "date": "2021-01-23 14:14:00", "subject": "12", "recorded-or-robo": "Y", "city": "", "state": "CA", "area-code": "650"}, {"id": "3decc6bfadaa436a105714c6ba3e3e6e", "number": "6614406038", "date": "2021-01-23 14:20:00", "subject": "1", "recorded-or-robo": "Y", "city": "Bakersfield", "state": "CA", "area-code": "661"}, {"id": "1d36742e3f24f50e4e7ae82801d3fccb", "number": "6614406038", "date": "2021-01-23 14:20:00", "subject": "1", "recorded-or-robo": "Y", "city": "Bakersfield", "state": "CA", "area-code": "661"}, {"id": "3decc6bfadaa436a105714c6ba7ab26c", "number": "+19135862023", "date": "2021-01-23 17:17:18", "subject": "3", "recorded-or-robo": "N", "city": "", "state": "KS", "area-code": "913"}, {"id": "03e293b3df9e35eadf15c56119113679", "number": "+19135862023", "date": "2021-01-23 17:17:18", "subject": "3", "recorded-or-robo": "N", "city": "", "state": "KS", "area-code": "913"}, {"id": "3decc6bfadaa436a105714c6ba3e3e16", "number": "8008922253", "date": "2021-01-23 15:18:00", "subject": "2", "recorded-or-robo": "Y", "city": "Plano", "state": "TX", "area-code": "972"}, {"id": "1d36742e3f24f50e4e7ae82801d3f15a", "number": "8008922253", "date": "2021-01-23 15:18:00", "subject": "2", "recorded-or-robo": "Y", "city": "Plano", "state": "TX", "area-code": "972"}, {"id": "3decc6bfadaa436a105714c6ba3e2edd", "number": "5351258819", "date": "2021-01-11 15:59:00", "subject": "1", "recorded-or-robo": "Y", "city": "Lakewood", "state": "CO", "area-code": "720"}, {"id": "1d36742e3f24f50e4e7ae82801d3ed08", "number": "5351258819", "date": "2021-01-11 15:59:00", "subject": "1", "recorded-or-robo": "Y", "city": "Lakewood", "state": "CO", "area-code": "720"}, {"id": "3decc6bfadaa436a105714c6ba3ded04", "number": "", "date": "2021-01-23 17:05:00", "subject": "3", "recorded-or-robo": "N", "city": "", "state": "VT", "area-code": "802"}, {"id": "1d36742e3f24f50e4e7ae82801d3ba85", "number": "", "date": "2021-01-23 17:05:00", "subject": "3", "recorded-or-robo": "N", "city": "", "state": "VT", "area-code": "802"}, {"id": "3decc6bfadaa436a105714c6ba3e2dd9", "number": "8768875714", "date": "2021-01-23 13:21:00", "subject": "13", "recorded-or-robo": "N", "city": "Salem", "state": "OR", "area-code": "503"}, {"id": "1d36742e3f24f50e4e7ae82801d3e7ea", "number": "8768875714", "date": "2021-01-23 13:21:00", "subject": "13", "recorded-or-robo": "N", "city": "Salem", "state": "OR", "area-code": "503"}, {"id": "3decc6bfadaa436a105714c6ba3e2678", "number": "", "date": "2021-01-23 15:11:00", "subject": "3", "recorded-or-robo": "Y", "city": "", "state": "MA", "area-code": "978"}, {"id": "3decc6bfadaa436a105714c6ba3e1845", "number": "5092038113", "date": "2021-01-21 15:23:00", "subject": "5", "recorded-or-robo": "Y", "city": "Philadelphia", "state": "PA", "area-code": "786"}, {"id": "1d36742e3f24f50e4e7ae82801d3e41f", "number": "", "date": "2021-01-23 15:11:00", "subject": "3", "recorded-or-robo": "Y", "city": "", "state": "MA", "area-code": "978"}, {"id": "1d36742e3f24f50e4e7ae82801d3d97a", "number": "5092038113", "date": "2021-01-21 15:23:00", "subject": "5", "recorded-or-robo": "Y", "city": "Philadelphia", "state": "PA", "area-code": "786"}, {"id": "3decc6bfadaa436a105714c6ba3dceef", "number": "9705725119", "date": "2021-01-21 14:46:00", "subject": "3", "recorded-or-robo": "", "city": "", "state": "UT", "area-code": "801"}, {"id": "1d36742e3f24f50e4e7ae82801d39620", "number": "9705725119", "date": "2021-01-21 14:46:00", "subject": "3", "recorded-or-robo": "", "city": "", "state": "UT", "area-code": "801"}, {"id": "3decc6bfadaa436a105714c6ba3e1035", "number": "2198610069", "date": "2021-01-22 12:39:00", "subject": "2", "recorded-or-robo": "Y", "city": "Runnells", "state": "IA", "area-code": "641"}, {"id": "1d36742e3f24f50e4e7ae82801d3d5d0", "number": "2198610069", "date": "2021-01-22 12:39:00", "subject": "2", "recorded-or-robo": "Y", "city": "Runnells", "state": "IA", "area-code": "641"}, {"id": "3decc6bfadaa436a105714c6ba3e0298", "number": "2173686111", "date": "2021-01-23 13:11:00", "subject": "0", "recorded-or-robo": "Y", "city": "Springfield", "state": "IL", "area-code": "217"}, {"id": "1d36742e3f24f50e4e7ae82801d3cc36", "number": "2173686111", "date": "2021-01-23 13:11:00", "subject": "0", "recorded-or-robo": "Y", "city": "Springfield", "state": "IL", "area-code": "217"}, {"id": "3decc6bfadaa436a105714c6ba3df5c8", "number": "2284140726", "date": "2021-01-23 15:38:00", "subject": "2", "recorded-or-robo": "N", "city": "Biloxi", "state": "MS", "area-code": "228"}, {"id": "1d36742e3f24f50e4e7ae82801d3c79e", "number": "2284140726", "date": "2021-01-23 15:38:00", "subject": "2", "recorded-or-robo": "N", "city": "Biloxi", "state": "MS", "area-code": "228"}, {"id": "3decc6bfadaa436a105714c6ba3def58", "number": "9182299660", "date": "2021-01-23 14:26:00", "subject": "6", "recorded-or-robo": "N", "city": "Howe", "state": "OK", "area-code": "918"}, {"id": "1d36742e3f24f50e4e7ae82801d3bd8f", "number": "9182299660", "date": "2021-01-23 14:26:00", "subject": "6", "recorded-or-robo": "N", "city": "Howe", "state": "OK", "area-code": "918"}, {"id": "3decc6bfadaa436a105714c6ba3deca8", "number": "6052255151", "date": "2021-01-21 13:02:00", "subject": "5", "recorded-or-robo": "Y", "city": "Philadelphia", "state": "PA", "area-code": "786"}, {"id": "1d36742e3f24f50e4e7ae82801d3b581", "number": "6052255151", "date": "2021-01-21 13:02:00", "subject": "5", "recorded-or-robo": "Y", "city": "Philadelphia", "state": "PA", "area-code": "786"}, {"id": "3decc6bfadaa436a105714c6ba3de842", "number": "9894556072", "date": "2021-01-21 19:53:00", "subject": "2", "recorded-or-robo": "Y", "city": "", "state": "RI", "area-code": "401"}, {"id": "1d36742e3f24f50e4e7ae82801d3b06f", "number": "9894556072", "date": "2021-01-21 19:53:00", "subject": "2", "recorded-or-robo": "Y", "city": "", "state": "RI", "area-code": "401"}, {"id": "3decc6bfadaa436a105714c6ba3dde33", "number": "5612078863", "date": "2021-01-11 10:20:00", "subject": "1", "recorded-or-robo": "Y", "city": "Lakewood", "state": "CO", "area-code": "720"}, {"id": "1d36742e3f24f50e4e7ae82801d3a0c7", "number": "5612078863", "date": "2021-01-11 10:20:00", "subject": "1", "recorded-or-robo": "Y", "city": "Lakewood", "state": "CO", "area-code": "720"}, {"id": "3decc6bfadaa436a105714c6ba3dc92a", "number": "94703786158", "date": "2021-01-22 10:23:00", "subject": "2", "recorded-or-robo": "Y", "city": "Runnells", "state": "IA", "area-code": "641"}, {"id": "1d36742e3f24f50e4e7ae82801d3957c", "number": "94703786158", "date": "2021-01-22 10:23:00", "subject": "2", "recorded-or-robo": "Y", "city": "Runnells", "state": "IA", "area-code": "641"}, {"id": "3decc6bfadaa436a105714c6ba3dc4f1", "number": "8888030812", "date": "2021-01-23 13:03:00", "subject": "1", "recorded-or-robo": "Y", "city": "Vancouver", "state": "WA", "area-code": "360"}, {"id": "1d36742e3f24f50e4e7ae82801d3885c", "number": "8888030812", "date": "2021-01-23 13:03:00", "subject": "1", "recorded-or-robo": "Y", "city": "Vancouver", "state": "WA", "area-code": "360"}, {"id": "3decc6bfadaa436a105714c6ba7aa619", "number": "69084306", "date": "2021-01-23 17:15:06", "subject": "3", "recorded-or-robo": "Y", "city": "", "state": "IL", "area-code": "224"}, {"id": "03e293b3df9e35eadf15c56119113226", "number": "69084306", "date": "2021-01-23 17:15:06", "subject": "3", "recorded-or-robo": "Y", "city": "", "state": "IL", "area-code": "224"}, {"id": "3decc6bfadaa436a105714c6ba3dbd14", "number": "3303991064", "date": "2021-01-23 14:53:00", "subject": "7", "recorded-or-robo": "Y", "city": "", "state": "OH", "area-code": "330"}, {"id": "1d36742e3f24f50e4e7ae82801d37ddd", "number": "3303991064", "date": "2021-01-23 14:53:00", "subject": "7", "recorded-or-robo": "Y", "city": "", "state": "OH", "area-code": "330"}, {"id": "3decc6bfadaa436a105714c6ba3db12a", "number": "6282615396", "date": "2021-01-22 13:56:00", "subject": "2", "recorded-or-robo": "N", "city": "", "state": "CA", "area-code": "213"}, {"id": "1d36742e3f24f50e4e7ae82801d379ef", "number": "6282615396", "date": "2021-01-22 13:56:00", "subject": "2", "recorded-or-robo": "N", "city": "", "state": "CA", "area-code": "213"}, {"id": "3decc6bfadaa436a105714c6ba3da648", "number": "9184741183", "date": "2021-01-23 16:09:00", "subject": "4", "recorded-or-robo": "Y", "city": "Howe", "state": "OK", "area-code": "918"}, {"id": "1d36742e3f24f50e4e7ae82801d370ee", "number": "9184741183", "date": "2021-01-23 16:09:00", "subject": "4", "recorded-or-robo": "Y", "city": "Howe", "state": "OK", "area-code": "918"}]}