{"data": [{"id": "1d36742e3f24f50e4e7ae8280156c7a5", "number": "5022379871", "date": "2021-01-22 23:17:59", "subject": "3", "recorded-or-robo": "Y", "city": "", "state": "KY", "area-code": "502"}, {"id": "e81c9350d54f66c6d33b3747eec0ae17", "number": "5022379871", "date": "2021-01-22 23:17:50", "subject": "3", "recorded-or-robo": "Y", "city": "", "state": "KY", "area-code": "502"}, {"id": "1d36742e3f24f50e4e7ae8280155bb8d", "number": "5022379871", "date": "2021-01-22 23:17:50", "subject": "3", "recorded-or-robo": "Y", "city": "", "state": "KY", "area-code": "502"}, {"id": "e81c9350d54f66c6d33b3747ee972d3d", "number": "8645763985", "date": "2021-01-22 00:00:00", "subject": "2", "recorded-or-robo": "Y", "city": "Moore", "state": "SC", "area-code": "864"}, {"id": "1d36742e3f24f50e4e7ae828012c819a", "number": "8645763985", "date": "2021-01-22 00:00:00", "subject": "2", "recorded-or-robo": "Y", "city": "Moore", "state": "SC", "area-code": "864"}, {"id": "e81c9350d54f66c6d33b3747eec13797", "number": "5027350054", "date": "2021-01-22 23:17:33", "subject": "3", "recorded-or-robo": "Y", "city": "", "state": "KY", "area-code": "502"}, {"id": "1d36742e3f24f50e4e7ae828015643dd", "number": "5027350054", "date": "2021-01-22 23:17:33", "subject": "3", "recorded-or-robo": "Y", "city": "", "state": "KY", "area-code": "502"}, {"id": "e81c9350d54f66c6d33b3747eec111b6", "number": "4156599170", "date": "2021-01-22 23:17:16", "subject": "3", "recorded-or-robo": "Y", "city": "", "state": "KY", "area-code": "502"}, {"id": "1d36742e3f24f50e4e7ae82801561ecc", "number": "4156599170", "date": "2021-01-22 23:17:16", "subject": "3", "recorded-or-robo": "Y", "city": "", "state": "KY", "area-code": "502"}, {"id": "e81c9350d54f66c6d33b3747eec0e14b", "number": "4156599170", "date": "2021-01-22 23:17:15", "subject": "3", "recorded-or-robo": "Y", "city": "", "state": "KY", "area-code": "502"}, {"id": "1d36742e3f24f50e4e7ae82801560752", "number": "4156599170", "date": "2021-01-22 23:17:15", "subject": "3", "recorded-or-robo": "Y", "city": "", "state": "KY", "area-code": "502"}, {"id": "e81c9350d54f66c6d33b3747ee9725cd", "number": "8577190318", "date": "2021-01-19 16:06:00", "subject": "0", "recorded-or-robo": "", "city": "", "state": "MA", "area-code": "617"}, {"id": "1d36742e3f24f50e4e7ae828012c72ba", "number": "8577190318", "date": "2021-01-19 16:06:00", "subject": "0", "recorded-or-robo": "", "city": "", "state": "MA", "area-code": "617"}, {"id": "e81c9350d54f66c6d33b3747eec128ec", "number": "5023244126", "date": "2021-01-22 23:16:57", "subject": "3", "recorded-or-robo": "Y", "city": "", "state": "KY", "area-code": "502"}, {"id": "1d36742e3f24f50e4e7ae8280156359a", "number": "5023244126", "date": "2021-01-22 23:16:57", "subject": "3", "recorded-or-robo": "Y", "city": "", "state": "KY", "area-code": "502"}, {"id": "e81c9350d54f66c6d33b3747eec0fba7", "number": "8478514141", "date": "2021-01-22 23:16:56", "subject": "3", "recorded-or-robo": "Y", "city": "", "state": "IL", "area-code": "309"}, {"id": "1d36742e3f24f50e4e7ae82801561c10", "number": "8478514141", "date": "2021-01-22 23:16:56", "subject": "3", "recorded-or-robo": "Y", "city": "", "state": "IL", "area-code": "309"}, {"id": "e81c9350d54f66c6d33b3747eec14b4e", "number": "8007642576", "date": "2021-01-22 23:16:54", "subject": "3", "recorded-or-robo": "N", "city": "", "state": "IL", "area-code": "630"}, {"id": "1d36742e3f24f50e4e7ae82801565ada", "number": "8007642576", "date": "2021-01-22 23:16:54", "subject": "3", "recorded-or-robo": "N", "city": "", "state": "IL", "area-code": "630"}, {"id": "e81c9350d54f66c6d33b3747eec1256f", "number": "+17633630960", "date": "2021-01-22 23:16:37", "subject": "3", "recorded-or-robo": "N", "city": "", "state": "TX", "area-code": "817"}, {"id": "1d36742e3f24f50e4e7ae8280156355f", "number": "+17633630960", "date": "2021-01-22 23:16:37", "subject": "3", "recorded-or-robo": "N", "city": "", "state": "TX", "area-code": "817"}, {"id": "e81c9350d54f66c6d33b3747eec0c633", "number": "3094666112", "date": "2021-01-22 23:16:25", "subject": "3", "recorded-or-robo": "Y", "city": "", "state": "IL", "area-code": "309"}, {"id": "1d36742e3f24f50e4e7ae8280155e310", "number": "3094666112", "date": "2021-01-22 23:16:25", "subject": "3", "recorded-or-robo": "Y", "city": "", "state": "IL", "area-code": "309"}, {"id": "e81c9350d54f66c6d33b3747eec144a6", "number": "4692103714", "date": "2021-01-22 23:16:22", "subject": "3", "recorded-or-robo": "Y", "city": "", "state": "TX", "area-code": "469"}, {"id": "1d36742e3f24f50e4e7ae8280156485c", "number": "4692103714", "date": "2021-01-22 23:16:22", "subject": "3", "recorded-or-robo": "Y", "city": "", "state": "TX", "area-code": "469"}, {"id": "e81c9350d54f66c6d33b3747ee97180a", "number": "8649475994", "date": "2021-01-22 17:21:00", "subject": "2", "recorded-or-robo": "Y", "city": "Moore", "state": "SC", "area-code": "864"}, {"id": "1d36742e3f24f50e4e7ae828012c720c", "number": "8649475994", "date": "2021-01-22 17:21:00", "subject": "2", "recorded-or-robo": "Y", "city": "Moore", "state": "SC", "area-code": "864"}, {"id": "e81c9350d54f66c6d33b3747ee970874", "number": "6013673848", "date": "2021-01-18 15:19:00", "subject": "2", "recorded-or-robo": "N", "city": "", "state": "MS", "area-code": "601"}, {"id": "1d36742e3f24f50e4e7ae828012c67f4", "number": "6013673848", "date": "2021-01-18 15:19:00", "subject": "2", "recorded-or-robo": "N", "city": "", "state": "MS", "area-code": "601"}, {"id": "e81c9350d54f66c6d33b3747eec145e7", "number": "+19178069020", "date": "2021-01-22 23:15:47", "subject": "3", "recorded-or-robo": "Y", "city": "", "state": "NY", "area-code": "917"}, {"id": "1d36742e3f24f50e4e7ae8280156546e", "number": "+19178069020", "date": "2021-01-22 23:15:47", "subject": "3", "recorded-or-robo": "Y", "city": "", "state": "NY", "area-code": "917"}, {"id": "e81c9350d54f66c6d33b3747eec0ddbc", "number": "+18134990414", "date": "2021-01-22 23:15:42", "subject": "3", "recorded-or-robo": "N", "city": "", "state": "FL", "area-code": "727"}, {"id": "1d36742e3f24f50e4e7ae8280155fb99", "number": "+18134990414", "date": "2021-01-22 23:15:42", "subject": "3", "recorded-or-robo": "N", "city": "", "state": "FL", "area-code": "727"}, {"id": "e81c9350d54f66c6d33b3747ee97030d", "number": "7816615915", "date": "2021-01-19 11:31:00", "subject": "12", "recorded-or-robo": "Y", "city": "", "state": "MA", "area-code": "617"}, {"id": "1d36742e3f24f50e4e7ae828012c669f", "number": "7816615915", "date": "2021-01-19 11:31:00", "subject": "12", "recorded-or-robo": "Y", "city": "", "state": "MA", "area-code": "617"}, {"id": "e81c9350d54f66c6d33b3747ee970127", "number": "6506209088", "date": "2021-01-22 11:17:00", "subject": "1", "recorded-or-robo": "Y", "city": "San Carlos", "state": "CA", "area-code": "650"}, {"id": "1d36742e3f24f50e4e7ae828012c5f15", "number": "6506209088", "date": "2021-01-22 11:17:00", "subject": "1", "recorded-or-robo": "Y", "city": "San Carlos", "state": "CA", "area-code": "650"}, {"id": "e81c9350d54f66c6d33b3747eec10595", "number": "9898078019", "date": "2021-01-22 23:15:20", "subject": "3", "recorded-or-robo": "Y", "city": "", "state": "MI", "area-code": "989"}, {"id": "1d36742e3f24f50e4e7ae82801561ec5", "number": "9898078019", "date": "2021-01-22 23:15:20", "subject": "3", "recorded-or-robo": "Y", "city": "", "state": "MI", "area-code": "989"}, {"id": "e81c9350d54f66c6d33b3747eec0c3d5", "number": "+18134990410", "date": "2021-01-22 23:14:54", "subject": "3", "recorded-or-robo": "N", "city": "", "state": "FL", "area-code": "727"}, {"id": "1d36742e3f24f50e4e7ae8280155d40e", "number": "+18134990410", "date": "2021-01-22 23:14:54", "subject": "3", "recorded-or-robo": "N", "city": "", "state": "FL", "area-code": "727"}, {"id": "e81c9350d54f66c6d33b3747ee96fd88", "number": "8648731119", "date": "2021-01-22 19:23:00", "subject": "2", "recorded-or-robo": "Y", "city": "Moore", "state": "SC", "area-code": "864"}, {"id": "1d36742e3f24f50e4e7ae828012c5a56", "number": "8648731119", "date": "2021-01-22 19:23:00", "subject": "2", "recorded-or-robo": "Y", "city": "Moore", "state": "SC", "area-code": "864"}, {"id": "e81c9350d54f66c6d33b3747ee96f2b9", "number": "8024591912", "date": "2021-01-21 16:38:00", "subject": "0", "recorded-or-robo": "", "city": "Chicago", "state": "IL", "area-code": "312"}, {"id": "1d36742e3f24f50e4e7ae828012c51b8", "number": "8024591912", "date": "2021-01-21 16:38:00", "subject": "0", "recorded-or-robo": "", "city": "Chicago", "state": "IL", "area-code": "312"}, {"id": "e81c9350d54f66c6d33b3747eec0a1c5", "number": "4692253248", "date": "2021-01-22 23:13:59", "subject": "3", "recorded-or-robo": "Y", "city": "", "state": "TX", "area-code": "469"}, {"id": "1d36742e3f24f50e4e7ae8280155ae6c", "number": "4692253248", "date": "2021-01-22 23:13:59", "subject": "3", "recorded-or-robo": "Y", "city": "", "state": "TX", "area-code": "469"}, {"id": "e81c9350d54f66c6d33b3747eec11bfb", "number": "2149569745", "date": "2021-01-22 23:13:20", "subject": "3", "recorded-or-robo": "N", "city": "", "state": "FL", "area-code": "904"}, {"id": "1d36742e3f24f50e4e7ae82801562998", "number": "2149569745", "date": "2021-01-22 23:13:20", "subject": "3", "recorded-or-robo": "N", "city": "", "state": "FL", "area-code": "904"}, {"id": "e81c9350d54f66c6d33b3747eec0f0e4", "number": "8329370274", "date": "2021-01-22 23:13:15", "subject": "3", "recorded-or-robo": "N", "city": "", "state": "TX", "area-code": "281"}]}