{"data": [{"id": "490dde24b259add1335244cd1b17832d", "number": "8776489097", "date": "2021-01-26 00:00:00", "subject": "3", "recorded-or-robo": "", "city": "", "state": "MD", "area-code": "301"}, {"id": "490dde24b259add1335244cd1b177e4c", "number": "6314963317", "date": "2021-01-26 10:53:00", "subject": "4", "recorded-or-robo": "Y", "city": "Rego Park", "state": "NY", "area-code": "631"}, {"id": "490dde24b259add1335244cd1b177577", "number": "7735396420", "date": "2021-01-26 09:55:00", "subject": "4", "recorded-or-robo": "Y", "city": "", "state": "IL", "area-code": "312"}, {"id": "490dde24b259add1335244cd1b176625", "number": "8473045411", "date": "2021-01-26 09:44:00", "subject": "2", "recorded-or-robo": "Y", "city": "SOUTH BARRINGTON", "state": "IL", "area-code": "847"}, {"id": "490dde24b259add1335244cd1b1757f1", "number": "6305036265", "date": "2021-01-26 06:55:00", "subject": "0", "recorded-or-robo": "Y", "city": "", "state": "CA", "area-code": "714"}, {"id": "490dde24b259add1335244cd1b174c05", "number": "8599359613", "date": "2021-01-26 10:16:00", "subject": "4", "recorded-or-robo": "Y", "city": "Tampa", "state": "FL", "area-code": "813"}, {"id": "490dde24b259add1335244cd1b174638", "number": "2814516428", "date": "2021-01-25 10:44:00", "subject": "2", "recorded-or-robo": "Y", "city": "Houston", "state": "TX", "area-code": "281"}, {"id": "490dde24b259add1335244cd1b174488", "number": "6148927492", "date": "2021-01-26 10:52:00", "subject": "4", "recorded-or-robo": "Y", "city": "Pickerington", "state": "OH", "area-code": "614"}, {"id": "490dde24b259add1335244cd1b173962", "number": "6082929572", "date": "2021-01-26 09:49:00", "subject": "0", "recorded-or-robo": "N", "city": "Pewaukee", "state": "WI", "area-code": "262"}, {"id": "490dde24b259add1335244cd1b173245", "number": "", "date": "2021-01-22 12:55:00", "subject": "2", "recorded-or-robo": "Y", "city": "Bloomfield", "state": "NJ", "area-code": "646"}, {"id": "490dde24b259add1335244cd1b172c57", "number": "6468127124", "date": "2021-01-25 14:41:00", "subject": "2", "recorded-or-robo": "N", "city": "Orlando", "state": "FL", "area-code": "646"}, {"id": "490dde24b259add1335244cd1b172381", "number": "5593665680", "date": "2021-01-14 11:46:00", "subject": "4", "recorded-or-robo": "Y", "city": "", "state": "CA", "area-code": "858"}, {"id": "490dde24b259add1335244cd1b171c47", "number": "9107160802", "date": "2021-01-26 10:50:00", "subject": "4", "recorded-or-robo": "Y", "city": "Hampstead", "state": "NC", "area-code": "910"}, {"id": "490dde24b259add1335244cd1b171257", "number": "7033921953", "date": "2021-01-20 12:17:00", "subject": "0", "recorded-or-robo": "Y", "city": "Manassas Park", "state": "VA", "area-code": "703"}, {"id": "490dde24b259add1335244cd1b170b40", "number": "4848661014", "date": "2021-01-26 09:27:00", "subject": "0", "recorded-or-robo": "N", "city": "", "state": "PA", "area-code": "610"}, {"id": "490dde24b259add1335244cd1b170511", "number": "2142619452", "date": "2021-01-22 10:56:00", "subject": "4", "recorded-or-robo": "Y", "city": "Duluth", "state": "GA", "area-code": "214"}, {"id": "490dde24b259add1335244cd1b16f9e7", "number": "3204968385", "date": "2021-01-19 09:54:00", "subject": "2", "recorded-or-robo": "Y", "city": "", "state": "TX", "area-code": "847"}, {"id": "490dde24b259add1335244cd1b16f86b", "number": "2164516118", "date": "2021-01-25 11:00:00", "subject": "2", "recorded-or-robo": "Y", "city": "Columbia Station", "state": "OH", "area-code": "216"}, {"id": "490dde24b259add1335244cd1b16f4b3", "number": "6146995846", "date": "2021-01-26 10:36:00", "subject": "0", "recorded-or-robo": "Y", "city": "Columbus", "state": "OH", "area-code": "614"}, {"id": "490dde24b259add1335244cd1b16ef5b", "number": "2064716113", "date": "2021-01-26 06:53:00", "subject": "0", "recorded-or-robo": "Y", "city": "", "state": "CA", "area-code": "714"}, {"id": "490dde24b259add1335244cd1b16ebf9", "number": "2627060967", "date": "2021-01-20 17:18:00", "subject": "2", "recorded-or-robo": "Y", "city": "", "state": "WI", "area-code": "262"}, {"id": "490dde24b259add1335244cd1b1698b0", "number": "7207385873", "date": "2021-01-26 08:52:00", "subject": "3", "recorded-or-robo": "N", "city": "", "state": "CO", "area-code": "303"}, {"id": "490dde24b259add1335244cd1b16e136", "number": "8008670904", "date": "2021-01-26 08:00:00", "subject": "5", "recorded-or-robo": "Y", "city": "Clackamas", "state": "OR", "area-code": "503"}, {"id": "490dde24b259add1335244cd1b16d9b4", "number": "6053077549", "date": "2021-01-25 10:18:00", "subject": "0", "recorded-or-robo": "Y", "city": "Sioux Falls", "state": "SD", "area-code": "605"}, {"id": "490dde24b259add1335244cd1b16d0ea", "number": "3022090200", "date": "2021-01-26 10:49:00", "subject": "4", "recorded-or-robo": "Y", "city": "Bethesda", "state": "MD", "area-code": "301"}, {"id": "490dde24b259add1335244cd1b16c22b", "number": "8327521333", "date": "2021-01-26 09:51:00", "subject": "1", "recorded-or-robo": "Y", "city": "Sugar Land", "state": "TX", "area-code": "832"}, {"id": "490dde24b259add1335244cd1b16b6b5", "number": "3252871006", "date": "2021-01-25 15:24:00", "subject": "2", "recorded-or-robo": "Y", "city": "Houston", "state": "TX", "area-code": "281"}, {"id": "490dde24b259add1335244cd1b16a742", "number": "9704232332", "date": "2021-01-26 09:52:00", "subject": "4", "recorded-or-robo": "Y", "city": "Pflugerville", "state": "TX", "area-code": "940"}, {"id": "490dde24b259add1335244cd1b16a2a8", "number": "6308830780", "date": "2021-01-26 06:52:00", "subject": "0", "recorded-or-robo": "Y", "city": "", "state": "CA", "area-code": "714"}, {"id": "490dde24b259add1335244cd1b168e04", "number": "2627478023", "date": "2021-01-21 11:44:00", "subject": "2", "recorded-or-robo": "Y", "city": "", "state": "WI", "area-code": "262"}, {"id": "490dde24b259add1335244cd1b16834d", "number": "8603214661", "date": "2021-01-26 10:50:00", "subject": "2", "recorded-or-robo": "N", "city": "Middletown", "state": "CT", "area-code": "860"}, {"id": "490dde24b259add1335244cd1b1679f4", "number": "8005773726", "date": "2021-01-26 09:40:00", "subject": "1", "recorded-or-robo": "Y", "city": "houghton", "state": "MI", "area-code": "906"}, {"id": "490dde24b259add1335244cd1b167063", "number": "6232421427", "date": "2021-01-26 08:42:00", "subject": "2", "recorded-or-robo": "Y", "city": "Buckeye", "state": "AZ", "area-code": "623"}, {"id": "490dde24b259add1335244cd1b1667ab", "number": "", "date": "2021-01-22 05:47:00", "subject": "4", "recorded-or-robo": "Y", "city": "Duluth", "state": "TX", "area-code": "214"}, {"id": "490dde24b259add1335244cd1b165f18", "number": "7242788951", "date": "2021-01-26 10:49:00", "subject": "4", "recorded-or-robo": "Y", "city": "Leesburg, FL", "state": "FL", "area-code": "904"}, {"id": "490dde24b259add1335244cd1b1656aa", "number": "6305876238", "date": "2021-01-26 09:52:00", "subject": "7", "recorded-or-robo": "Y", "city": "", "state": "IL", "area-code": "630"}, {"id": "490dde24b259add1335244cd1b164b63", "number": "", "date": "2021-01-26 10:09:00", "subject": "2", "recorded-or-robo": "Y", "city": "Berea", "state": "OH", "area-code": "440"}, {"id": "490dde24b259add1335244cd1b164a07", "number": "6026665052", "date": "2021-01-25 17:06:00", "subject": "0", "recorded-or-robo": "N", "city": "", "state": "PA", "area-code": "610"}, {"id": "490dde24b259add1335244cd1b16455e", "number": "2172393616", "date": "2021-01-26 09:14:00", "subject": "5", "recorded-or-robo": "Y", "city": "Aurora", "state": "IL", "area-code": "630"}, {"id": "490dde24b259add1335244cd1b1639d9", "number": "7727279028", "date": "2021-01-26 10:53:00", "subject": "2", "recorded-or-robo": "Y", "city": "", "state": "FL", "area-code": "772"}, {"id": "490dde24b259add1335244cd1b1636f1", "number": "6468128635", "date": "2021-01-25 13:57:00", "subject": "2", "recorded-or-robo": "", "city": "Orlando", "state": "NY", "area-code": "646"}, {"id": "490dde24b259add1335244cd1b1631f0", "number": "7082903873", "date": "2021-01-26 09:44:00", "subject": "4", "recorded-or-robo": "Y", "city": "", "state": "IL", "area-code": "708"}, {"id": "490dde24b259add1335244cd1b1629f5", "number": "", "date": "2021-01-26 10:15:00", "subject": "2", "recorded-or-robo": "Y", "city": "Pittsfield", "state": "MA", "area-code": "413"}, {"id": "490dde24b259add1335244cd1b161c16", "number": "9202592359", "date": "2020-12-28 11:36:00", "subject": "2", "recorded-or-robo": "Y", "city": "", "state": "WI", "area-code": "920"}, {"id": "490dde24b259add1335244cd1b160e1f", "number": "", "date": "2021-01-15 12:12:00", "subject": "2", "recorded-or-robo": "Y", "city": "Whiteland", "state": "IN", "area-code": "404"}, {"id": "490dde24b259add1335244cd1b1609cf", "number": "", "date": "2020-11-26 10:59:00", "subject": "2", "recorded-or-robo": "Y", "city": "MANASSAS", "state": "VA", "area-code": "571"}, {"id": "490dde24b259add1335244cd1b15fb78", "number": "7149084638", "date": "2021-01-26 07:22:00", "subject": "4", "recorded-or-robo": "Y", "city": "", "state": "CA", "area-code": "858"}, {"id": "490dde24b259add1335244cd1b15eec5", "number": "4029221691", "date": "2021-01-26 09:37:00", "subject": "4", "recorded-or-robo": "Y", "city": "", "state": "NE", "area-code": "402"}, {"id": "490dde24b259add1335244cd1b15eb86", "number": "9197888097", "date": "2021-01-26 10:17:00", "subject": "3", "recorded-or-robo": "Y", "city": "loudon", "state": "TN", "area-code": "865"}, {"id": "490dde24b259add1335244cd1b15e2f8", "number": "3056026450", "date": "2021-01-16 11:46:00", "subject": "2", "recorded-or-robo": "Y", "city": "Cary", "state": "FL", "area-code": "305"}]}