{"data": [{"id": "e81c9350d54f66c6d33b3747ee7ba307", "number": "4133863053", "date": "2021-01-22 18:10:00", "subject": "0", "recorded-or-robo": "", "city": "Southampton", "state": "MA", "area-code": "413"}, {"id": "1d36742e3f24f50e4e7ae828011042c7", "number": "2566614408", "date": "2021-01-21 12:55:00", "subject": "0", "recorded-or-robo": "Y", "city": "", "state": "FL", "area-code": "561"}, {"id": "1d36742e3f24f50e4e7ae82801103439", "number": "4133863053", "date": "2021-01-22 18:10:00", "subject": "0", "recorded-or-robo": "", "city": "Southampton", "state": "MA", "area-code": "413"}, {"id": "e81c9350d54f66c6d33b3747eea91287", "number": "+15743800618", "date": "2021-01-22 20:04:20", "subject": "3", "recorded-or-robo": "Y", "city": "", "state": "MD", "area-code": "301"}, {"id": "1d36742e3f24f50e4e7ae828013e16f4", "number": "+15743800618", "date": "2021-01-22 20:04:20", "subject": "3", "recorded-or-robo": "Y", "city": "", "state": "MD", "area-code": "301"}, {"id": "e81c9350d54f66c6d33b3747ee7b958b", "number": "3802045811", "date": "2021-01-22 10:35:00", "subject": "2", "recorded-or-robo": "N", "city": "Thornville", "state": "OH", "area-code": "740"}, {"id": "1d36742e3f24f50e4e7ae828011026c5", "number": "3802045811", "date": "2021-01-22 10:35:00", "subject": "2", "recorded-or-robo": "N", "city": "Thornville", "state": "OH", "area-code": "740"}, {"id": "e81c9350d54f66c6d33b3747ee7b93cc", "number": "1414596872", "date": "2021-01-22 18:45:00", "subject": "1", "recorded-or-robo": "Y", "city": "Combined Locks", "state": "WI", "area-code": "920"}, {"id": "1d36742e3f24f50e4e7ae828011022ff", "number": "1414596872", "date": "2021-01-22 18:45:00", "subject": "1", "recorded-or-robo": "Y", "city": "Combined Locks", "state": "WI", "area-code": "920"}, {"id": "e81c9350d54f66c6d33b3747eea8fbd2", "number": "5514441762", "date": "2021-01-22 20:04:02", "subject": "3", "recorded-or-robo": "Y", "city": "", "state": "NJ", "area-code": "551"}, {"id": "1d36742e3f24f50e4e7ae828013dff50", "number": "5514441762", "date": "2021-01-22 20:04:02", "subject": "3", "recorded-or-robo": "Y", "city": "", "state": "NJ", "area-code": "551"}, {"id": "e81c9350d54f66c6d33b3747ee7b862e", "number": "4123148627", "date": "2021-01-22 20:02:00", "subject": "1", "recorded-or-robo": "Y", "city": "", "state": "PA", "area-code": "724"}, {"id": "e81c9350d54f66c6d33b3747ee7b84c5", "number": "9703157569", "date": "2021-01-18 17:28:00", "subject": "0", "recorded-or-robo": "", "city": "", "state": "CO", "area-code": "720"}, {"id": "1d36742e3f24f50e4e7ae828011020c7", "number": "4123148627", "date": "2021-01-22 20:02:00", "subject": "1", "recorded-or-robo": "Y", "city": "", "state": "PA", "area-code": "724"}, {"id": "1d36742e3f24f50e4e7ae828011010d7", "number": "9703157569", "date": "2021-01-18 17:28:00", "subject": "0", "recorded-or-robo": "", "city": "", "state": "CO", "area-code": "720"}, {"id": "e81c9350d54f66c6d33b3747eea925b6", "number": "+14433231374", "date": "2021-01-22 20:03:58", "subject": "3", "recorded-or-robo": "Y", "city": "", "state": "MD", "area-code": "301"}, {"id": "1d36742e3f24f50e4e7ae828013e3144", "number": "+14433231374", "date": "2021-01-22 20:03:58", "subject": "3", "recorded-or-robo": "Y", "city": "", "state": "MD", "area-code": "301"}, {"id": "e81c9350d54f66c6d33b3747eea9098a", "number": "+17044714723", "date": "2021-01-22 20:03:57", "subject": "3", "recorded-or-robo": "Y", "city": "", "state": "NC", "area-code": "704"}, {"id": "1d36742e3f24f50e4e7ae828013e0ea5", "number": "+17044714723", "date": "2021-01-22 20:03:57", "subject": "3", "recorded-or-robo": "Y", "city": "", "state": "NC", "area-code": "704"}, {"id": "e81c9350d54f66c6d33b3747ee7b7fe2", "number": "3212918074", "date": "2021-01-22 14:16:00", "subject": "3", "recorded-or-robo": "Y", "city": "", "state": "PA", "area-code": "412"}, {"id": "1d36742e3f24f50e4e7ae8280110074e", "number": "3212918074", "date": "2021-01-22 14:16:00", "subject": "3", "recorded-or-robo": "Y", "city": "", "state": "PA", "area-code": "412"}, {"id": "e81c9350d54f66c6d33b3747ee7b7f65", "number": "2104345506", "date": "2021-01-13 16:41:00", "subject": "3", "recorded-or-robo": "N", "city": "", "state": "TX", "area-code": "210"}, {"id": "1d36742e3f24f50e4e7ae8280110031c", "number": "2104345506", "date": "2021-01-13 16:41:00", "subject": "3", "recorded-or-robo": "N", "city": "", "state": "TX", "area-code": "210"}, {"id": "e81c9350d54f66c6d33b3747ee7b713a", "number": "2065771304", "date": "2021-01-18 17:40:00", "subject": "0", "recorded-or-robo": "", "city": "", "state": "CO", "area-code": "720"}, {"id": "1d36742e3f24f50e4e7ae828010ff888", "number": "2065771304", "date": "2021-01-18 17:40:00", "subject": "0", "recorded-or-robo": "", "city": "", "state": "CO", "area-code": "720"}, {"id": "e81c9350d54f66c6d33b3747ee7b6eb5", "number": "7742237854", "date": "2021-01-22 18:00:00", "subject": "0", "recorded-or-robo": "", "city": "Southampton", "state": "MA", "area-code": "413"}, {"id": "1d36742e3f24f50e4e7ae828010ff5d7", "number": "7742237854", "date": "2021-01-22 18:00:00", "subject": "0", "recorded-or-robo": "", "city": "Southampton", "state": "MA", "area-code": "413"}, {"id": "e81c9350d54f66c6d33b3747ee7b664a", "number": "5166395142", "date": "2021-01-22 18:25:00", "subject": "5", "recorded-or-robo": "N", "city": "Freeport", "state": "NY", "area-code": "516"}, {"id": "1d36742e3f24f50e4e7ae828010fedb3", "number": "5166395142", "date": "2021-01-22 18:25:00", "subject": "5", "recorded-or-robo": "N", "city": "Freeport", "state": "NY", "area-code": "516"}, {"id": "e81c9350d54f66c6d33b3747ee7b592c", "number": "4076120641", "date": "2021-01-22 17:20:00", "subject": "2", "recorded-or-robo": "Y", "city": "Tavares", "state": "FL", "area-code": "407"}, {"id": "1d36742e3f24f50e4e7ae828010fdeac", "number": "4076120641", "date": "2021-01-22 17:20:00", "subject": "2", "recorded-or-robo": "Y", "city": "Tavares", "state": "FL", "area-code": "407"}, {"id": "e81c9350d54f66c6d33b3747eea8e717", "number": "+12253672204", "date": "2021-01-22 20:03:29", "subject": "3", "recorded-or-robo": "Y", "city": "", "state": "CA", "area-code": "760"}, {"id": "1d36742e3f24f50e4e7ae828013de798", "number": "+12253672204", "date": "2021-01-22 20:03:29", "subject": "3", "recorded-or-robo": "Y", "city": "", "state": "CA", "area-code": "760"}, {"id": "e81c9350d54f66c6d33b3747ee7b4f01", "number": "7089422196", "date": "2021-01-21 13:10:00", "subject": "1", "recorded-or-robo": "Y", "city": "Elmwood Park", "state": "IL", "area-code": "708"}, {"id": "1d36742e3f24f50e4e7ae828010fd197", "number": "7089422196", "date": "2021-01-21 13:10:00", "subject": "1", "recorded-or-robo": "Y", "city": "Elmwood Park", "state": "IL", "area-code": "708"}, {"id": "e81c9350d54f66c6d33b3747ee7b42f6", "number": "4074239018", "date": "2021-01-19 09:59:00", "subject": "1", "recorded-or-robo": "Y", "city": "Winter Garden", "state": "FL", "area-code": "407"}, {"id": "1d36742e3f24f50e4e7ae828010fc296", "number": "4074239018", "date": "2021-01-19 09:59:00", "subject": "1", "recorded-or-robo": "Y", "city": "Winter Garden", "state": "FL", "area-code": "407"}, {"id": "e81c9350d54f66c6d33b3747ee7b3d91", "number": "8774785043", "date": "2021-01-18 19:27:00", "subject": "0", "recorded-or-robo": "", "city": "", "state": "CO", "area-code": "720"}, {"id": "1d36742e3f24f50e4e7ae828010fbc33", "number": "8774785043", "date": "2021-01-18 19:27:00", "subject": "0", "recorded-or-robo": "", "city": "", "state": "CO", "area-code": "720"}, {"id": "e81c9350d54f66c6d33b3747ee7b32b2", "number": "8031532299", "date": "2021-01-22 16:53:00", "subject": "1", "recorded-or-robo": "Y", "city": "Las Vegas", "state": "NV", "area-code": "702"}, {"id": "e81c9350d54f66c6d33b3747ee7b2cf3", "number": "8332298918", "date": "2021-01-22 04:50:00", "subject": "0", "recorded-or-robo": "Y", "city": "", "state": "TX", "area-code": "817"}, {"id": "1d36742e3f24f50e4e7ae828010fb2b8", "number": "8031532299", "date": "2021-01-22 16:53:00", "subject": "1", "recorded-or-robo": "Y", "city": "Las Vegas", "state": "NV", "area-code": "702"}, {"id": "1d36742e3f24f50e4e7ae828010fad61", "number": "8332298918", "date": "2021-01-22 04:50:00", "subject": "0", "recorded-or-robo": "Y", "city": "", "state": "TX", "area-code": "817"}, {"id": "e81c9350d54f66c6d33b3747ee7b28bf", "number": "2102344193", "date": "2021-01-13 16:32:00", "subject": "3", "recorded-or-robo": "N", "city": "", "state": "TX", "area-code": "210"}, {"id": "e81c9350d54f66c6d33b3747ee7b23f5", "number": "3036337163", "date": "2021-01-22 17:56:00", "subject": "9", "recorded-or-robo": "Y", "city": "Denver", "state": "CO", "area-code": "303"}, {"id": "1d36742e3f24f50e4e7ae828010fab29", "number": "2102344193", "date": "2021-01-13 16:32:00", "subject": "3", "recorded-or-robo": "N", "city": "", "state": "TX", "area-code": "210"}, {"id": "1d36742e3f24f50e4e7ae828010fab28", "number": "3036337163", "date": "2021-01-22 17:56:00", "subject": "9", "recorded-or-robo": "Y", "city": "Denver", "state": "CO", "area-code": "303"}, {"id": "e81c9350d54f66c6d33b3747eea8dd5c", "number": "+18004300848", "date": "2021-01-22 20:02:52", "subject": "3", "recorded-or-robo": "Y", "city": "", "state": "CO", "area-code": "719"}, {"id": "1d36742e3f24f50e4e7ae828013de44f", "number": "+18004300848", "date": "2021-01-22 20:02:52", "subject": "3", "recorded-or-robo": "Y", "city": "", "state": "CO", "area-code": "719"}, {"id": "e81c9350d54f66c6d33b3747eea91b31", "number": "8052386248", "date": "2021-01-22 20:02:40", "subject": "3", "recorded-or-robo": "Y", "city": "", "state": "CA", "area-code": "818"}]}