{"data": [{"id": "490dde24b259add1335244cd1b448a15", "number": "5673936833", "date": "2021-01-26 09:48:00", "subject": "1", "recorded-or-robo": "Y", "city": "Sandy", "state": "UT", "area-code": "801"}, {"id": "490dde24b259add1335244cd1b4480ef", "number": "7144683495", "date": "2021-01-25 14:35:00", "subject": "2", "recorded-or-robo": "Y", "city": "Villa Park", "state": "CA", "area-code": "669"}, {"id": "490dde24b259add1335244cd1b447876", "number": "5122345425", "date": "2021-01-26 10:55:00", "subject": "2", "recorded-or-robo": "N", "city": "Austin", "state": "TX", "area-code": "512"}, {"id": "490dde24b259add1335244cd1b4471f1", "number": "7402762739", "date": "2020-12-12 10:23:00", "subject": "2", "recorded-or-robo": "", "city": "Portsmouth", "state": "OH", "area-code": "740"}, {"id": "490dde24b259add1335244cd1b446f40", "number": "4792796943", "date": "2021-01-14 14:50:00", "subject": "2", "recorded-or-robo": "N", "city": "Hayward", "state": "MN", "area-code": "218"}, {"id": "490dde24b259add1335244cd1b446295", "number": "7372411276", "date": "2021-01-18 09:03:00", "subject": "3", "recorded-or-robo": "Y", "city": "Las Vegas", "state": "NV", "area-code": "702"}, {"id": "490dde24b259add1335244cd1b4457ff", "number": "8704642838", "date": "2021-01-26 09:53:00", "subject": "3", "recorded-or-robo": "", "city": "", "state": "AR", "area-code": "479"}, {"id": "490dde24b259add1335244cd1b445745", "number": "2194914450", "date": "2021-01-26 10:57:00", "subject": "2", "recorded-or-robo": "N", "city": "Balch Springs", "state": "TX", "area-code": "214"}, {"id": "490dde24b259add1335244cd1b44561a", "number": "7578442987", "date": "2021-01-26 11:40:00", "subject": "6", "recorded-or-robo": "N", "city": "", "state": "VA", "area-code": "757"}, {"id": "490dde24b259add1335244cd1b444e4b", "number": "8166868865", "date": "2021-01-13 18:28:00", "subject": "2", "recorded-or-robo": "", "city": "Kansas City", "state": "KS", "area-code": "816"}, {"id": "490dde24b259add1335244cd1b444860", "number": "7167801678", "date": "2021-01-25 09:08:00", "subject": "2", "recorded-or-robo": "Y", "city": "", "state": "NY", "area-code": "716"}, {"id": "490dde24b259add1335244cd1b444373", "number": "2815348136", "date": "2021-01-26 10:50:00", "subject": "4", "recorded-or-robo": "Y", "city": "LANCASTER", "state": "TX", "area-code": "214"}, {"id": "490dde24b259add1335244cd1b443f0c", "number": "5046675636", "date": "2021-01-26 10:39:00", "subject": "3", "recorded-or-robo": "", "city": "", "state": "AR", "area-code": "479"}, {"id": "490dde24b259add1335244cd1b443775", "number": "6232438917", "date": "2021-01-26 08:29:00", "subject": "2", "recorded-or-robo": "Y", "city": "Chandler", "state": "AZ", "area-code": "480"}, {"id": "490dde24b259add1335244cd1b443274", "number": "2533424437", "date": "2021-01-11 08:43:00", "subject": "0", "recorded-or-robo": "Y", "city": "Tacoma", "state": "WA", "area-code": "253"}, {"id": "490dde24b259add1335244cd1b442ecd", "number": "6614333435", "date": "2021-01-26 08:35:00", "subject": "0", "recorded-or-robo": "Y", "city": "SANTA CLARITA", "state": "CA", "area-code": "661"}, {"id": "490dde24b259add1335244cd1b44231b", "number": "5172103933", "date": "2021-01-23 00:00:00", "subject": "2", "recorded-or-robo": "Y", "city": "Williamston", "state": "MI", "area-code": "517"}, {"id": "490dde24b259add1335244cd1b441377", "number": "8472586202", "date": "2021-01-26 10:57:00", "subject": "1", "recorded-or-robo": "Y", "city": "evanston", "state": "IL", "area-code": "847"}, {"id": "490dde24b259add1335244cd1b44071c", "number": "2103449523", "date": "2021-01-26 10:10:00", "subject": "3", "recorded-or-robo": "Y", "city": "", "state": "TX", "area-code": "210"}, {"id": "490dde24b259add1335244cd1b4400c0", "number": "5053753892", "date": "2021-01-26 10:57:00", "subject": "1", "recorded-or-robo": "Y", "city": "Metairie", "state": "TX", "area-code": "281"}, {"id": "490dde24b259add1335244cd1b43f17d", "number": "4696452001", "date": "2021-01-26 10:42:00", "subject": "2", "recorded-or-robo": "Y", "city": "Fritch", "state": "TX", "area-code": "806"}, {"id": "490dde24b259add1335244cd1b43e908", "number": "2677750186", "date": "2021-01-26 11:54:00", "subject": "4", "recorded-or-robo": "Y", "city": "Hudson", "state": "NH", "area-code": "603"}, {"id": "490dde24b259add1335244cd1b43e6ef", "number": "5135312214", "date": "2021-01-26 11:54:00", "subject": "3", "recorded-or-robo": "N", "city": "", "state": "OH", "area-code": "513"}, {"id": "490dde24b259add1335244cd1b43d7f1", "number": "9494854465", "date": "2021-01-26 08:57:00", "subject": "2", "recorded-or-robo": "Y", "city": "Porter Ranch", "state": "CA", "area-code": "949"}, {"id": "490dde24b259add1335244cd1b43cb54", "number": "5013874108", "date": "2021-01-26 10:50:00", "subject": "3", "recorded-or-robo": "", "city": "", "state": "AR", "area-code": "479"}, {"id": "490dde24b259add1335244cd1b43c156", "number": "1988270240", "date": "2021-01-26 11:49:00", "subject": "7", "recorded-or-robo": "N", "city": "Union Beach", "state": "NJ", "area-code": "732"}, {"id": "490dde24b259add1335244cd1b43bf6f", "number": "9282641043", "date": "2021-01-26 09:56:00", "subject": "2", "recorded-or-robo": "N", "city": "", "state": "AZ", "area-code": "602"}, {"id": "490dde24b259add1335244cd1b43b8b5", "number": "6029021943", "date": "2021-01-19 09:12:00", "subject": "3", "recorded-or-robo": "Y", "city": "Las Vegas", "state": "NV", "area-code": "702"}, {"id": "490dde24b259add1335244cd1b43b289", "number": "7325384051", "date": "2021-01-26 11:56:00", "subject": "4", "recorded-or-robo": "Y", "city": "", "state": "NJ", "area-code": "732"}, {"id": "490dde24b259add1335244cd1b43a793", "number": "51722506599", "date": "2021-01-23 00:00:00", "subject": "2", "recorded-or-robo": "Y", "city": "Williamston", "state": "MI", "area-code": "517"}, {"id": "490dde24b259add1335244cd1b43980a", "number": "2089075304", "date": "2021-01-25 15:52:00", "subject": "4", "recorded-or-robo": "Y", "city": "", "state": "ID", "area-code": "208"}, {"id": "490dde24b259add1335244cd1b438b37", "number": "2678288149", "date": "2021-01-25 17:34:00", "subject": "2", "recorded-or-robo": "Y", "city": "Gladwyne", "state": "PA", "area-code": "610"}, {"id": "490dde24b259add1335244cd1b437fc4", "number": "5103311312", "date": "2021-01-26 05:51:00", "subject": "3", "recorded-or-robo": "Y", "city": "", "state": "CA", "area-code": "510"}, {"id": "490dde24b259add1335244cd1b437696", "number": "7866720332", "date": "2020-12-12 11:00:00", "subject": "2", "recorded-or-robo": "Y", "city": "Portsmouth", "state": "OH", "area-code": "740"}, {"id": "490dde24b259add1335244cd1b4374c8", "number": "4022355306", "date": "2021-01-26 10:56:00", "subject": "2", "recorded-or-robo": "Y", "city": "", "state": "NE", "area-code": "402"}, {"id": "490dde24b259add1335244cd1b437181", "number": "4149409721", "date": "2021-01-24 18:44:00", "subject": "1", "recorded-or-robo": "Y", "city": "Chicago", "state": "IL", "area-code": "414"}, {"id": "490dde24b259add1335244cd1b43643f", "number": "6054537023", "date": "2021-01-26 10:38:00", "subject": "4", "recorded-or-robo": "Y", "city": "Epping", "state": "ND", "area-code": "605"}, {"id": "490dde24b259add1335244cd1b435bce", "number": "", "date": "2021-01-26 11:54:00", "subject": "3", "recorded-or-robo": "Y", "city": "", "state": "GA", "area-code": "770"}, {"id": "490dde24b259add1335244cd1b43537d", "number": "5036894045", "date": "2021-01-25 02:45:00", "subject": "0", "recorded-or-robo": "N", "city": "Milwaukie", "state": "OR", "area-code": "503"}, {"id": "490dde24b259add1335244cd1b434996", "number": "8187701915", "date": "2021-01-26 00:00:00", "subject": "3", "recorded-or-robo": "", "city": "Cathedral city", "state": "CA", "area-code": "818"}, {"id": "490dde24b259add1335244cd1b434220", "number": "5853763208", "date": "2021-01-15 10:55:00", "subject": "2", "recorded-or-robo": "N", "city": "Hayward", "state": "MN", "area-code": "218"}, {"id": "490dde24b259add1335244cd1b4336e8", "number": "7163422250", "date": "2021-01-26 08:57:00", "subject": "2", "recorded-or-robo": "Y", "city": "", "state": "NY", "area-code": "716"}, {"id": "490dde24b259add1335244cd1b43337a", "number": "7049485776", "date": "2021-01-26 11:47:00", "subject": "2", "recorded-or-robo": "N", "city": "Fort Drum", "state": "NY", "area-code": "951"}, {"id": "490dde24b259add1335244cd1b4330b6", "number": "5084202212", "date": "2021-01-26 10:17:00", "subject": "1", "recorded-or-robo": "N", "city": "cotuit", "state": "MA", "area-code": "508"}, {"id": "490dde24b259add1335244cd1b432c0e", "number": "8009131345", "date": "2021-01-26 08:31:00", "subject": "1", "recorded-or-robo": "Y", "city": "Clovis", "state": "CA", "area-code": "559"}, {"id": "490dde24b259add1335244cd1b432433", "number": "5129671950", "date": "2021-01-26 10:00:00", "subject": "2", "recorded-or-robo": "Y", "city": "", "state": "TX", "area-code": "512"}, {"id": "490dde24b259add1335244cd1b431921", "number": "2063757953", "date": "2021-01-26 08:40:00", "subject": "9", "recorded-or-robo": "Y", "city": "Twain Harte", "state": "WA", "area-code": "206"}, {"id": "490dde24b259add1335244cd1b43101d", "number": "3602350934", "date": "2021-01-13 12:51:00", "subject": "0", "recorded-or-robo": "Y", "city": "Tacoma", "state": "WA", "area-code": "253"}, {"id": "490dde24b259add1335244cd1b43056a", "number": "4807191422", "date": "2021-01-20 11:00:00", "subject": "2", "recorded-or-robo": "N", "city": "", "state": "AZ", "area-code": "623"}, {"id": "490dde24b259add1335244cd1b42f7ab", "number": "5179982810", "date": "2021-01-23 00:00:00", "subject": "3", "recorded-or-robo": "Y", "city": "Williamston", "state": "MI", "area-code": "517"}]}