{"data": [{"id": "deca54a6651fb9add5b4a9816cb90205", "number": "5136443543", "date": "2021-01-19 10:10:00", "subject": "4", "recorded-or-robo": "Y", "city": "Cleveland", "state": "OH", "area-code": "440"}, {"id": "e81c9350d54f66c6d33b3747ee23ebc5", "number": "9374682885", "date": "2021-01-22 11:33:00", "subject": "0", "recorded-or-robo": "Y", "city": "Springfield", "state": "OH", "area-code": "937"}, {"id": "deca54a6651fb9add5b4a9816cb8f647", "number": "9374682885", "date": "2021-01-22 11:33:00", "subject": "0", "recorded-or-robo": "Y", "city": "Springfield", "state": "OH", "area-code": "937"}, {"id": "e81c9350d54f66c6d33b3747ee23de3b", "number": "9127120750", "date": "2021-01-06 10:33:00", "subject": "2", "recorded-or-robo": "Y", "city": "Colorado Springs", "state": "CO", "area-code": "912"}, {"id": "deca54a6651fb9add5b4a9816cb8f1fe", "number": "9127120750", "date": "2021-01-06 10:33:00", "subject": "2", "recorded-or-robo": "Y", "city": "Colorado Springs", "state": "CO", "area-code": "912"}, {"id": "e81c9350d54f66c6d33b3747ee23d565", "number": "4057547536", "date": "2021-01-22 13:10:00", "subject": "2", "recorded-or-robo": "Y", "city": "Valliant", "state": "OK", "area-code": "580"}, {"id": "deca54a6651fb9add5b4a9816cb8e817", "number": "4057547536", "date": "2021-01-22 13:10:00", "subject": "2", "recorded-or-robo": "Y", "city": "Valliant", "state": "OK", "area-code": "580"}, {"id": "e81c9350d54f66c6d33b3747ee23c597", "number": "8054209750", "date": "2021-01-22 09:51:00", "subject": "0", "recorded-or-robo": "N", "city": "CAMARILLO", "state": "CA", "area-code": "805"}, {"id": "deca54a6651fb9add5b4a9816cb8dc50", "number": "8054209750", "date": "2021-01-22 09:51:00", "subject": "0", "recorded-or-robo": "N", "city": "CAMARILLO", "state": "CA", "area-code": "805"}, {"id": "e81c9350d54f66c6d33b3747ee23c2a2", "number": "8332298903", "date": "2021-01-22 14:40:00", "subject": "3", "recorded-or-robo": "Y", "city": "", "state": "PA", "area-code": "610"}, {"id": "deca54a6651fb9add5b4a9816cb8d0f6", "number": "8332298903", "date": "2021-01-22 14:40:00", "subject": "3", "recorded-or-robo": "Y", "city": "", "state": "PA", "area-code": "610"}, {"id": "e81c9350d54f66c6d33b3747ee23b2aa", "number": "4057670891", "date": "2021-01-22 14:32:00", "subject": "4", "recorded-or-robo": "Y", "city": "", "state": "OH", "area-code": "419"}, {"id": "deca54a6651fb9add5b4a9816cb8caf0", "number": "4057670891", "date": "2021-01-22 14:32:00", "subject": "4", "recorded-or-robo": "Y", "city": "", "state": "OH", "area-code": "419"}, {"id": "e81c9350d54f66c6d33b3747ee23a3aa", "number": "8122045151", "date": "2021-01-22 16:12:00", "subject": "2", "recorded-or-robo": "", "city": "", "state": "IN", "area-code": "812"}, {"id": "deca54a6651fb9add5b4a9816cb8bce0", "number": "8122045151", "date": "2021-01-22 16:12:00", "subject": "2", "recorded-or-robo": "", "city": "", "state": "IN", "area-code": "812"}, {"id": "e81c9350d54f66c6d33b3747ee239fee", "number": "65004206982", "date": "2021-01-21 15:34:00", "subject": "2", "recorded-or-robo": "N", "city": "Huntington Beach", "state": "CA", "area-code": "818"}, {"id": "deca54a6651fb9add5b4a9816cb8b192", "number": "65004206982", "date": "2021-01-21 15:34:00", "subject": "2", "recorded-or-robo": "N", "city": "Huntington Beach", "state": "CA", "area-code": "818"}, {"id": "e81c9350d54f66c6d33b3747ee239f62", "number": "4108856032", "date": "2021-01-22 15:01:00", "subject": "2", "recorded-or-robo": "Y", "city": "Annapolis", "state": "MD", "area-code": "410"}, {"id": "deca54a6651fb9add5b4a9816cb8b04c", "number": "4108856032", "date": "2021-01-22 15:01:00", "subject": "2", "recorded-or-robo": "Y", "city": "Annapolis", "state": "MD", "area-code": "410"}, {"id": "e81c9350d54f66c6d33b3747ee23907e", "number": "8788470146", "date": "2021-01-22 13:26:00", "subject": "2", "recorded-or-robo": "Y", "city": "", "state": "PA", "area-code": "610"}, {"id": "deca54a6651fb9add5b4a9816cb8a5f7", "number": "8788470146", "date": "2021-01-22 13:26:00", "subject": "2", "recorded-or-robo": "Y", "city": "", "state": "PA", "area-code": "610"}, {"id": "e81c9350d54f66c6d33b3747ee2380b2", "number": "7024361599", "date": "2021-01-22 00:00:00", "subject": "5", "recorded-or-robo": "N", "city": "Tinley Park", "state": "IL", "area-code": "708"}, {"id": "deca54a6651fb9add5b4a9816cb8a2d0", "number": "7024361599", "date": "2021-01-22 00:00:00", "subject": "5", "recorded-or-robo": "N", "city": "Tinley Park", "state": "IL", "area-code": "708"}, {"id": "e81c9350d54f66c6d33b3747ee237903", "number": "7188585790", "date": "2021-01-22 17:55:00", "subject": "1", "recorded-or-robo": "Y", "city": "", "state": "NY", "area-code": "718"}, {"id": "e81c9350d54f66c6d33b3747ee236cb5", "number": "4428881187", "date": "2021-01-22 14:33:00", "subject": "5", "recorded-or-robo": "Y", "city": "Lakewood", "state": "CA", "area-code": "562"}, {"id": "deca54a6651fb9add5b4a9816cb89e38", "number": "7188585790", "date": "2021-01-22 17:55:00", "subject": "1", "recorded-or-robo": "Y", "city": "", "state": "NY", "area-code": "718"}, {"id": "deca54a6651fb9add5b4a9816cb89bb8", "number": "4428881187", "date": "2021-01-22 14:33:00", "subject": "5", "recorded-or-robo": "Y", "city": "Lakewood", "state": "CA", "area-code": "562"}, {"id": "e81c9350d54f66c6d33b3747ee2366d8", "number": "5126783393", "date": "2021-01-22 16:58:00", "subject": "2", "recorded-or-robo": "Y", "city": "Fort Worth", "state": "TX", "area-code": "817"}, {"id": "e81c9350d54f66c6d33b3747ee2325c3", "number": "7732600297", "date": "2021-01-22 16:53:00", "subject": "3", "recorded-or-robo": "N", "city": "", "state": "IL", "area-code": "773"}, {"id": "deca54a6651fb9add5b4a9816cb89061", "number": "5126783393", "date": "2021-01-22 16:58:00", "subject": "2", "recorded-or-robo": "Y", "city": "Fort Worth", "state": "TX", "area-code": "817"}, {"id": "deca54a6651fb9add5b4a9816cb83c6d", "number": "7732600297", "date": "2021-01-22 16:53:00", "subject": "3", "recorded-or-robo": "N", "city": "", "state": "IL", "area-code": "773"}, {"id": "e81c9350d54f66c6d33b3747ee56d624", "number": "5716393516", "date": "2021-01-22 18:00:46", "subject": "3", "recorded-or-robo": "Y", "city": "", "state": "NY", "area-code": "516"}, {"id": "deca54a6651fb9add5b4a9816ceb46e1", "number": "5716393516", "date": "2021-01-22 18:00:46", "subject": "3", "recorded-or-robo": "Y", "city": "", "state": "NY", "area-code": "516"}, {"id": "e81c9350d54f66c6d33b3747ee56b626", "number": "+12393234361", "date": "2021-01-22 18:00:45", "subject": "3", "recorded-or-robo": "Y", "city": "", "state": "FL", "area-code": "239"}, {"id": "deca54a6651fb9add5b4a9816ceb273a", "number": "+12393234361", "date": "2021-01-22 18:00:45", "subject": "3", "recorded-or-robo": "Y", "city": "", "state": "FL", "area-code": "239"}, {"id": "e81c9350d54f66c6d33b3747ee235a37", "number": "8137561262", "date": "2021-01-22 15:50:00", "subject": "2", "recorded-or-robo": "Y", "city": "", "state": "CO", "area-code": "970"}, {"id": "deca54a6651fb9add5b4a9816cb8820b", "number": "8137561262", "date": "2021-01-22 15:50:00", "subject": "2", "recorded-or-robo": "Y", "city": "", "state": "CO", "area-code": "970"}, {"id": "e81c9350d54f66c6d33b3747ee2359f2", "number": "", "date": "2021-01-22 12:00:00", "subject": "1", "recorded-or-robo": "Y", "city": "", "state": "VA", "area-code": "703"}, {"id": "deca54a6651fb9add5b4a9816cb87fa1", "number": "", "date": "2021-01-22 12:00:00", "subject": "1", "recorded-or-robo": "Y", "city": "", "state": "VA", "area-code": "703"}, {"id": "e81c9350d54f66c6d33b3747ee235029", "number": "8148599412", "date": "2021-01-21 16:03:00", "subject": "2", "recorded-or-robo": "N", "city": "Huntington Beach", "state": "CA", "area-code": "818"}, {"id": "e81c9350d54f66c6d33b3747ee23412d", "number": "5128674223", "date": "2021-01-22 16:54:00", "subject": "2", "recorded-or-robo": "Y", "city": "San Antonio", "state": "TX", "area-code": "210"}, {"id": "deca54a6651fb9add5b4a9816cb874a2", "number": "8148599412", "date": "2021-01-21 16:03:00", "subject": "2", "recorded-or-robo": "N", "city": "Huntington Beach", "state": "CA", "area-code": "818"}, {"id": "deca54a6651fb9add5b4a9816cb86c62", "number": "5128674223", "date": "2021-01-22 16:54:00", "subject": "2", "recorded-or-robo": "Y", "city": "San Antonio", "state": "TX", "area-code": "210"}, {"id": "e81c9350d54f66c6d33b3747ee233f9c", "number": "", "date": "2021-01-22 16:07:00", "subject": "3", "recorded-or-robo": "Y", "city": "", "state": "PA", "area-code": "814"}, {"id": "deca54a6651fb9add5b4a9816cb8612f", "number": "", "date": "2021-01-22 16:07:00", "subject": "3", "recorded-or-robo": "Y", "city": "", "state": "PA", "area-code": "814"}, {"id": "e81c9350d54f66c6d33b3747ee2331b6", "number": "7737433245", "date": "2021-01-22 16:30:00", "subject": "1", "recorded-or-robo": "Y", "city": "Chicago", "state": "IL", "area-code": "773"}, {"id": "deca54a6651fb9add5b4a9816cb852a2", "number": "7737433245", "date": "2021-01-22 16:30:00", "subject": "1", "recorded-or-robo": "Y", "city": "Chicago", "state": "IL", "area-code": "773"}, {"id": "e81c9350d54f66c6d33b3747ee233185", "number": "9123293103", "date": "2021-01-13 09:27:00", "subject": "2", "recorded-or-robo": "Y", "city": "Colorado Springs", "state": "CO", "area-code": "912"}, {"id": "deca54a6651fb9add5b4a9816cb85170", "number": "9123293103", "date": "2021-01-13 09:27:00", "subject": "2", "recorded-or-robo": "Y", "city": "Colorado Springs", "state": "CO", "area-code": "912"}, {"id": "e81c9350d54f66c6d33b3747ee233016", "number": "2095090717", "date": "2021-01-13 14:02:00", "subject": "3", "recorded-or-robo": "N", "city": "", "state": "CA", "area-code": "209"}]}