{"data": [{"id": "3decc6bfadaa436a105714c6ba5d16d7", "number": "8136878129", "date": "2021-01-22 13:04:00", "subject": "2", "recorded-or-robo": "N", "city": "tampa", "state": "FL", "area-code": "813"}, {"id": "1d36742e3f24f50e4e7ae82801f2adf8", "number": "8136878129", "date": "2021-01-22 13:04:00", "subject": "2", "recorded-or-robo": "N", "city": "tampa", "state": "FL", "area-code": "813"}, {"id": "3decc6bfadaa436a105714c6ba7f3f58", "number": "+13093244047", "date": "2021-01-23 19:06:27", "subject": "3", "recorded-or-robo": "N", "city": "", "state": "IL", "area-code": "630"}, {"id": "03e293b3df9e35eadf15c5611915aa60", "number": "+13093244047", "date": "2021-01-23 19:06:27", "subject": "3", "recorded-or-robo": "N", "city": "", "state": "IL", "area-code": "630"}, {"id": "3decc6bfadaa436a105714c6ba5d1525", "number": "5034366320", "date": "2021-01-21 15:00:00", "subject": "2", "recorded-or-robo": "Y", "city": "Beaverton", "state": "OR", "area-code": "503"}, {"id": "1d36742e3f24f50e4e7ae82801f2a568", "number": "5034366320", "date": "2021-01-21 15:00:00", "subject": "2", "recorded-or-robo": "Y", "city": "Beaverton", "state": "OR", "area-code": "503"}, {"id": "3decc6bfadaa436a105714c6ba7f3a97", "number": "+13093244047", "date": "2021-01-23 19:06:10", "subject": "3", "recorded-or-robo": "N", "city": "", "state": "IL", "area-code": "630"}, {"id": "03e293b3df9e35eadf15c5611915a24d", "number": "+13093244047", "date": "2021-01-23 19:06:10", "subject": "3", "recorded-or-robo": "N", "city": "", "state": "IL", "area-code": "630"}, {"id": "3decc6bfadaa436a105714c6ba7ee7fb", "number": "+18139468542", "date": "2021-01-23 19:05:56", "subject": "3", "recorded-or-robo": "N", "city": "", "state": "IL", "area-code": "630"}, {"id": "03e293b3df9e35eadf15c561191574b4", "number": "+18139468542", "date": "2021-01-23 19:05:56", "subject": "3", "recorded-or-robo": "N", "city": "", "state": "IL", "area-code": "630"}, {"id": "3decc6bfadaa436a105714c6ba7e808a", "number": "+13093244044", "date": "2021-01-23 19:05:43", "subject": "3", "recorded-or-robo": "N", "city": "", "state": "IL", "area-code": "630"}, {"id": "03e293b3df9e35eadf15c561191533d0", "number": "+13093244044", "date": "2021-01-23 19:05:43", "subject": "3", "recorded-or-robo": "N", "city": "", "state": "IL", "area-code": "630"}, {"id": "3decc6bfadaa436a105714c6ba5d0fb0", "number": "4075533077", "date": "2021-01-22 13:22:00", "subject": "2", "recorded-or-robo": "N", "city": "tampa", "state": "FL", "area-code": "813"}, {"id": "1d36742e3f24f50e4e7ae82801f2a11a", "number": "4075533077", "date": "2021-01-22 13:22:00", "subject": "2", "recorded-or-robo": "N", "city": "tampa", "state": "FL", "area-code": "813"}, {"id": "3decc6bfadaa436a105714c6ba7ec308", "number": "6468706281", "date": "2021-01-23 19:05:19", "subject": "3", "recorded-or-robo": "Y", "city": "", "state": "NY", "area-code": "646"}, {"id": "3decc6bfadaa436a105714c6ba7e933e", "number": "+16232312347", "date": "2021-01-23 19:05:19", "subject": "3", "recorded-or-robo": "Y", "city": "", "state": "NY", "area-code": "917"}, {"id": "03e293b3df9e35eadf15c561191563e0", "number": "6468706281", "date": "2021-01-23 19:05:19", "subject": "3", "recorded-or-robo": "Y", "city": "", "state": "NY", "area-code": "646"}, {"id": "03e293b3df9e35eadf15c5611915417d", "number": "+16232312347", "date": "2021-01-23 19:05:19", "subject": "3", "recorded-or-robo": "Y", "city": "", "state": "NY", "area-code": "917"}, {"id": "3decc6bfadaa436a105714c6ba5d0872", "number": "1503782972", "date": "2021-01-22 09:00:00", "subject": "2", "recorded-or-robo": "Y", "city": "Beaverton", "state": "OR", "area-code": "503"}, {"id": "1d36742e3f24f50e4e7ae82801f29ba4", "number": "1503782972", "date": "2021-01-22 09:00:00", "subject": "2", "recorded-or-robo": "Y", "city": "Beaverton", "state": "OR", "area-code": "503"}, {"id": "3decc6bfadaa436a105714c6ba5cfbb1", "number": "2148225500", "date": "2021-01-23 11:57:00", "subject": "2", "recorded-or-robo": "Y", "city": "", "state": "TX", "area-code": "214"}, {"id": "1d36742e3f24f50e4e7ae82801f2924d", "number": "2148225500", "date": "2021-01-23 11:57:00", "subject": "2", "recorded-or-robo": "Y", "city": "", "state": "TX", "area-code": "214"}, {"id": "3decc6bfadaa436a105714c6ba5cf934", "number": "5043696727", "date": "2021-01-22 13:52:00", "subject": "2", "recorded-or-robo": "N", "city": "tampa", "state": "FL", "area-code": "813"}, {"id": "1d36742e3f24f50e4e7ae82801f285d8", "number": "5043696727", "date": "2021-01-22 13:52:00", "subject": "2", "recorded-or-robo": "N", "city": "tampa", "state": "FL", "area-code": "813"}, {"id": "3decc6bfadaa436a105714c6ba5cf172", "number": "", "date": "2021-01-23 13:34:00", "subject": "2", "recorded-or-robo": "Y", "city": "Yakima", "state": "WA", "area-code": "509"}, {"id": "1d36742e3f24f50e4e7ae82801f27ce1", "number": "", "date": "2021-01-23 13:34:00", "subject": "2", "recorded-or-robo": "Y", "city": "Yakima", "state": "WA", "area-code": "509"}, {"id": "3decc6bfadaa436a105714c6ba5ced1e", "number": "8127056", "date": "2021-01-23 09:46:00", "subject": "2", "recorded-or-robo": "Y", "city": "Jonestown", "state": "TX", "area-code": "512"}, {"id": "1d36742e3f24f50e4e7ae82801f278c6", "number": "8127056", "date": "2021-01-23 09:46:00", "subject": "2", "recorded-or-robo": "Y", "city": "Jonestown", "state": "TX", "area-code": "512"}, {"id": "3decc6bfadaa436a105714c6ba7ed090", "number": "8475510855", "date": "2021-01-23 19:03:33", "subject": "3", "recorded-or-robo": "Y", "city": "", "state": "IL", "area-code": "847"}, {"id": "03e293b3df9e35eadf15c56119156a0f", "number": "8475510855", "date": "2021-01-23 19:03:33", "subject": "3", "recorded-or-robo": "Y", "city": "", "state": "IL", "area-code": "847"}, {"id": "3decc6bfadaa436a105714c6ba5ce130", "number": "941777497", "date": "2021-01-21 15:08:00", "subject": "2", "recorded-or-robo": "N", "city": "tampa", "state": "FL", "area-code": "813"}, {"id": "1d36742e3f24f50e4e7ae82801f270b7", "number": "941777497", "date": "2021-01-21 15:08:00", "subject": "2", "recorded-or-robo": "N", "city": "tampa", "state": "FL", "area-code": "813"}, {"id": "3decc6bfadaa436a105714c6ba5cdf2f", "number": "2142471405", "date": "2021-01-23 16:00:00", "subject": "2", "recorded-or-robo": "Y", "city": "", "state": "WA", "area-code": "206"}, {"id": "1d36742e3f24f50e4e7ae82801f2674c", "number": "2142471405", "date": "2021-01-23 16:00:00", "subject": "2", "recorded-or-robo": "Y", "city": "", "state": "WA", "area-code": "206"}, {"id": "3decc6bfadaa436a105714c6ba5ccff0", "number": "5034366422", "date": "2021-01-22 12:00:00", "subject": "2", "recorded-or-robo": "Y", "city": "Beaverton", "state": "OR", "area-code": "503"}, {"id": "1d36742e3f24f50e4e7ae82801f26247", "number": "5034366422", "date": "2021-01-22 12:00:00", "subject": "2", "recorded-or-robo": "Y", "city": "Beaverton", "state": "OR", "area-code": "503"}, {"id": "3decc6bfadaa436a105714c6ba5cc1a3", "number": "7025525124", "date": "2021-01-21 09:30:00", "subject": "1", "recorded-or-robo": "N", "city": "", "state": "AL", "area-code": "256"}, {"id": "3decc6bfadaa436a105714c6ba5cb358", "number": "4359847312", "date": "2021-01-23 12:44:00", "subject": "2", "recorded-or-robo": "N", "city": "Covina", "state": "CA", "area-code": "626"}, {"id": "1d36742e3f24f50e4e7ae82801f26099", "number": "7025525124", "date": "2021-01-21 09:30:00", "subject": "1", "recorded-or-robo": "N", "city": "", "state": "AL", "area-code": "256"}, {"id": "1d36742e3f24f50e4e7ae82801f25573", "number": "4359847312", "date": "2021-01-23 12:44:00", "subject": "2", "recorded-or-robo": "N", "city": "Covina", "state": "CA", "area-code": "626"}, {"id": "3decc6bfadaa436a105714c6ba5ca7d6", "number": "3074796", "date": "2021-01-11 09:33:00", "subject": "1", "recorded-or-robo": "Y", "city": "Fremont", "state": "OH", "area-code": "419"}, {"id": "1d36742e3f24f50e4e7ae82801f24955", "number": "3074796", "date": "2021-01-11 09:33:00", "subject": "1", "recorded-or-robo": "Y", "city": "Fremont", "state": "OH", "area-code": "419"}, {"id": "3decc6bfadaa436a105714c6ba7ee436", "number": "8555478953", "date": "2021-01-23 19:02:55", "subject": "3", "recorded-or-robo": "N", "city": "", "state": "IL", "area-code": "847"}, {"id": "03e293b3df9e35eadf15c56119156c89", "number": "8555478953", "date": "2021-01-23 19:02:55", "subject": "3", "recorded-or-robo": "N", "city": "", "state": "IL", "area-code": "847"}, {"id": "3decc6bfadaa436a105714c6ba5ca03a", "number": "9187756611", "date": "2021-01-20 12:23:00", "subject": "2", "recorded-or-robo": "N", "city": "Tulsa", "state": "OK", "area-code": "918"}, {"id": "1d36742e3f24f50e4e7ae82801f24911", "number": "9187756611", "date": "2021-01-20 12:23:00", "subject": "2", "recorded-or-robo": "N", "city": "Tulsa", "state": "OK", "area-code": "918"}, {"id": "3decc6bfadaa436a105714c6ba7eb6ee", "number": "2157708892", "date": "2021-01-23 19:02:49", "subject": "3", "recorded-or-robo": "Y", "city": "", "state": "CA", "area-code": "510"}, {"id": "03e293b3df9e35eadf15c56119155c0a", "number": "2157708892", "date": "2021-01-23 19:02:49", "subject": "3", "recorded-or-robo": "Y", "city": "", "state": "CA", "area-code": "510"}, {"id": "3decc6bfadaa436a105714c6ba7ecef1", "number": "2157708892", "date": "2021-01-23 19:02:48", "subject": "3", "recorded-or-robo": "Y", "city": "", "state": "CA", "area-code": "510"}, {"id": "03e293b3df9e35eadf15c561191569aa", "number": "2157708892", "date": "2021-01-23 19:02:48", "subject": "3", "recorded-or-robo": "Y", "city": "", "state": "CA", "area-code": "510"}]}