{"data": [{"id": "3decc6bfadaa436a105714c6bafb0543", "number": "4072058634", "date": "2021-01-15 00:00:00", "subject": "2", "recorded-or-robo": "N", "city": "Celebration", "state": "FL", "area-code": "407"}, {"id": "3decc6bfadaa436a105714c6bafb0188", "number": "8027352421", "date": "2021-01-06 12:07:00", "subject": "2", "recorded-or-robo": "Y", "city": "Auburn", "state": "IN", "area-code": "260"}, {"id": "3decc6bfadaa436a105714c6bafaf2e0", "number": "9142167977", "date": "2021-01-22 12:52:00", "subject": "4", "recorded-or-robo": "N", "city": "", "state": "NY", "area-code": "917"}, {"id": "3decc6bfadaa436a105714c6bafae973", "number": "4078634721", "date": "2021-01-26 10:02:00", "subject": "4", "recorded-or-robo": "Y", "city": "Orlando", "state": "FL", "area-code": "407"}, {"id": "3decc6bfadaa436a105714c6bafae3e8", "number": "7746130220", "date": "2021-01-19 12:49:00", "subject": "4", "recorded-or-robo": "Y", "city": "Orlando", "state": "FL", "area-code": "954"}, {"id": "3decc6bfadaa436a105714c6bafad5ca", "number": "5184131316", "date": "2021-01-26 09:36:00", "subject": "0", "recorded-or-robo": "Y", "city": "Loudonville", "state": "NY", "area-code": "518"}, {"id": "3decc6bfadaa436a105714c6bafad026", "number": "8015049811", "date": "2020-11-30 14:40:00", "subject": "2", "recorded-or-robo": "N", "city": "Hopkinsville", "state": "KY", "area-code": "270"}, {"id": "3decc6bfadaa436a105714c6bafacf27", "number": "8153550230", "date": "2021-01-26 09:47:00", "subject": "2", "recorded-or-robo": "Y", "city": "MOUNT PLEASANT", "state": "SC", "area-code": "815"}, {"id": "3decc6bfadaa436a105714c6bafacbd5", "number": "2679250305", "date": "2021-01-26 10:02:00", "subject": "4", "recorded-or-robo": "Y", "city": "Pickerington", "state": "OH", "area-code": "216"}, {"id": "3decc6bfadaa436a105714c6bafac8b0", "number": "8157546649", "date": "2021-01-22 15:39:00", "subject": "2", "recorded-or-robo": "Y", "city": "OREGON, IL", "state": "IL", "area-code": "815"}, {"id": "3decc6bfadaa436a105714c6bafac815", "number": "6306878223", "date": "2021-01-26 08:36:00", "subject": "1", "recorded-or-robo": "Y", "city": "Wheaton", "state": "IL", "area-code": "630"}, {"id": "3decc6bfadaa436a105714c6bafabd8e", "number": "4073881136", "date": "2021-01-26 09:57:00", "subject": "13", "recorded-or-robo": "N", "city": "", "state": "FL", "area-code": "407"}, {"id": "3decc6bfadaa436a105714c6bafab9c0", "number": "7407675196", "date": "2021-01-21 10:27:00", "subject": "15", "recorded-or-robo": "N", "city": "Glendale", "state": "AZ", "area-code": "623"}, {"id": "3decc6bfadaa436a105714c6bafaac6a", "number": "5005618070", "date": "2021-01-26 09:35:00", "subject": "1", "recorded-or-robo": "Y", "city": "", "state": "SC", "area-code": "803"}, {"id": "3decc6bfadaa436a105714c6bafa9fbc", "number": "3146689333", "date": "2021-01-26 08:54:00", "subject": "2", "recorded-or-robo": "N", "city": "", "state": "IL", "area-code": "217"}, {"id": "3decc6bfadaa436a105714c6bafa97a1", "number": "2708561141", "date": "2020-11-30 15:15:00", "subject": "2", "recorded-or-robo": "N", "city": "Hopkinsville", "state": "KY", "area-code": "270"}, {"id": "3decc6bfadaa436a105714c6bafa96dd", "number": "", "date": "2021-01-26 12:00:00", "subject": "2", "recorded-or-robo": "Y", "city": "Shenandoah", "state": "VA", "area-code": "540"}, {"id": "3decc6bfadaa436a105714c6bafa4bc2", "number": "8003252865", "date": "2021-01-25 15:57:00", "subject": "3", "recorded-or-robo": "N", "city": "", "state": "MN", "area-code": "218"}, {"id": "3decc6bfadaa436a105714c6bafa88ec", "number": "", "date": "2021-01-11 06:53:00", "subject": "4", "recorded-or-robo": "Y", "city": "Duluth", "state": "TX", "area-code": "214"}, {"id": "3decc6bfadaa436a105714c6bafa7c07", "number": "", "date": "2021-01-26 09:54:00", "subject": "3", "recorded-or-robo": "Y", "city": "", "state": "FL", "area-code": "727"}, {"id": "3decc6bfadaa436a105714c6bafa780c", "number": "2106034301", "date": "2021-01-26 11:43:00", "subject": "1", "recorded-or-robo": "Y", "city": "Colorado Springs", "state": "TX", "area-code": "210"}, {"id": "3decc6bfadaa436a105714c6bafa712e", "number": "8473389155", "date": "2021-01-26 10:01:00", "subject": "4", "recorded-or-robo": "Y", "city": "Vienna", "state": "VA", "area-code": "847"}, {"id": "3decc6bfadaa436a105714c6bafa6cce", "number": "2401312", "date": "2021-01-26 09:01:00", "subject": "3", "recorded-or-robo": "Y", "city": "", "state": "TX", "area-code": "361"}, {"id": "3decc6bfadaa436a105714c6bafa6704", "number": "5032863656", "date": "2021-01-26 09:25:00", "subject": "1", "recorded-or-robo": "Y", "city": "Palenville", "state": "NY", "area-code": "503"}, {"id": "3decc6bfadaa436a105714c6bafa5a9e", "number": "2705945662", "date": "2020-12-01 11:24:00", "subject": "2", "recorded-or-robo": "N", "city": "Hopkinsville", "state": "KY", "area-code": "270"}, {"id": "3decc6bfadaa436a105714c6bafa590e", "number": "5013658914", "date": "2021-01-18 16:14:00", "subject": "2", "recorded-or-robo": "", "city": "Baltimore", "state": "MD", "area-code": "410"}, {"id": "3decc6bfadaa436a105714c6bafa5368", "number": "2194914143", "date": "2021-01-26 07:18:00", "subject": "1", "recorded-or-robo": "Y", "city": "Arvada", "state": "CO", "area-code": "303"}, {"id": "3decc6bfadaa436a105714c6bafa4a6c", "number": "8083672542", "date": "2021-01-26 08:31:00", "subject": "1", "recorded-or-robo": "N", "city": "Mobile", "state": "AL", "area-code": "815"}, {"id": "3decc6bfadaa436a105714c6bafa453b", "number": "9712890638", "date": "2021-01-25 11:05:00", "subject": "11", "recorded-or-robo": "N", "city": "Monmouth", "state": "OR", "area-code": "971"}, {"id": "3decc6bfadaa436a105714c6bafa428d", "number": "9545052418", "date": "2021-01-01 08:00:00", "subject": "4", "recorded-or-robo": "Y", "city": "Orlando", "state": "FL", "area-code": "954"}, {"id": "3decc6bfadaa436a105714c6bafa3f9c", "number": "8609619662", "date": "2021-01-26 00:00:00", "subject": "3", "recorded-or-robo": "", "city": "", "state": "CT", "area-code": "860"}, {"id": "3decc6bfadaa436a105714c6bafa3566", "number": "5208795322", "date": "2021-01-19 08:26:00", "subject": "4", "recorded-or-robo": "Y", "city": "GOODYEAR", "state": "AZ", "area-code": "623"}, {"id": "3decc6bfadaa436a105714c6bafa32a8", "number": "2029981873", "date": "2021-01-25 16:54:00", "subject": "2", "recorded-or-robo": "N", "city": "", "state": "MD", "area-code": "443"}, {"id": "3decc6bfadaa436a105714c6bafa2e58", "number": "3074592485", "date": "2021-01-26 09:04:00", "subject": "0", "recorded-or-robo": "Y", "city": "KENDALL PARK", "state": "NJ", "area-code": "973"}, {"id": "3decc6bfadaa436a105714c6bafa203a", "number": "9146324701", "date": "2021-01-26 10:00:00", "subject": "1", "recorded-or-robo": "N", "city": "New York", "state": "NY", "area-code": "914"}, {"id": "3decc6bfadaa436a105714c6bafa1e5f", "number": "8155376190", "date": "2021-01-23 11:20:00", "subject": "2", "recorded-or-robo": "Y", "city": "OREGON, IL", "state": "IL", "area-code": "815"}, {"id": "3decc6bfadaa436a105714c6bafa0f24", "number": "8338177128", "date": "2021-01-26 05:49:00", "subject": "0", "recorded-or-robo": "Y", "city": "Lemont", "state": "IL", "area-code": "630"}, {"id": "3decc6bfadaa436a105714c6bafa0c0c", "number": "6473757706", "date": "2021-01-26 08:03:00", "subject": "2", "recorded-or-robo": "Y", "city": "", "state": "DE", "area-code": "302"}, {"id": "3decc6bfadaa436a105714c6bafa08f2", "number": "2707164683", "date": "2020-12-28 14:12:00", "subject": "2", "recorded-or-robo": "N", "city": "Hopkinsville", "state": "KY", "area-code": "270"}, {"id": "3decc6bfadaa436a105714c6bafa0643", "number": "8106533296", "date": "2021-01-26 09:40:00", "subject": "6", "recorded-or-robo": "Y", "city": "Davison", "state": "MI", "area-code": "810"}, {"id": "3decc6bfadaa436a105714c6bafa0581", "number": "3863274688", "date": "2021-01-26 09:59:00", "subject": "7", "recorded-or-robo": "N", "city": "", "state": "FL", "area-code": "386"}, {"id": "3decc6bfadaa436a105714c6baf9fdab", "number": "3074328893", "date": "2021-01-26 06:54:00", "subject": "6", "recorded-or-robo": "Y", "city": "Twain Harte", "state": "CA", "area-code": "307"}, {"id": "3decc6bfadaa436a105714c6baf9ee7b", "number": "6312011114", "date": "2021-01-26 10:01:00", "subject": "2", "recorded-or-robo": "N", "city": "", "state": "NY", "area-code": "631"}, {"id": "3decc6bfadaa436a105714c6baf9e516", "number": "4436935219", "date": "2021-01-26 09:53:00", "subject": "2", "recorded-or-robo": "N", "city": "", "state": "MD", "area-code": "443"}, {"id": "3decc6bfadaa436a105714c6baf9dd60", "number": "3362974788", "date": "2021-01-26 09:59:00", "subject": "4", "recorded-or-robo": "Y", "city": "Jamestown", "state": "NC", "area-code": "336"}, {"id": "3decc6bfadaa436a105714c6baf9dae9", "number": "2106253858", "date": "2021-01-11 07:29:00", "subject": "4", "recorded-or-robo": "Y", "city": "Duluth", "state": "GA", "area-code": "214"}, {"id": "3decc6bfadaa436a105714c6baf9d4eb", "number": "6304093262", "date": "2021-01-22 16:31:00", "subject": "0", "recorded-or-robo": "", "city": "Geneva", "state": "IL", "area-code": "847"}, {"id": "3decc6bfadaa436a105714c6baf9d2e8", "number": "5174589962", "date": "2021-01-26 07:58:00", "subject": "5", "recorded-or-robo": "Y", "city": "Erie", "state": "CO", "area-code": "720"}, {"id": "3decc6bfadaa436a105714c6baf9c4f2", "number": "8335701419", "date": "2021-01-26 09:30:00", "subject": "2", "recorded-or-robo": "Y", "city": "", "state": "MI", "area-code": "248"}, {"id": "3decc6bfadaa436a105714c6baf9c1bd", "number": "", "date": "2021-01-26 10:00:00", "subject": "1", "recorded-or-robo": "Y", "city": "", "state": "CT", "area-code": "860"}]}