{"data": [{"id": "3decc6bfadaa436a105714c6badaf1d6", "number": "5034036053", "date": "2021-01-16 12:16:00", "subject": "2", "recorded-or-robo": "Y", "city": "Richmond", "state": "TX", "area-code": "409"}, {"id": "03e293b3df9e35eadf15c5611970b5ae", "number": "5034036053", "date": "2021-01-16 12:16:00", "subject": "2", "recorded-or-robo": "Y", "city": "Richmond", "state": "TX", "area-code": "409"}, {"id": "3decc6bfadaa436a105714c6badae77b", "number": "7146859810", "date": "2021-01-20 11:19:00", "subject": "2", "recorded-or-robo": "Y", "city": "Huntington Beach", "state": "CA", "area-code": "714"}, {"id": "03e293b3df9e35eadf15c5611970acaa", "number": "7146859810", "date": "2021-01-20 11:19:00", "subject": "2", "recorded-or-robo": "Y", "city": "Huntington Beach", "state": "CA", "area-code": "714"}, {"id": "3decc6bfadaa436a105714c6badadf9f", "number": "4355033503", "date": "2021-01-12 16:14:00", "subject": "2", "recorded-or-robo": "Y", "city": "North Hollywood", "state": "CA", "area-code": "818"}, {"id": "03e293b3df9e35eadf15c56119709dd2", "number": "4355033503", "date": "2021-01-12 16:14:00", "subject": "2", "recorded-or-robo": "Y", "city": "North Hollywood", "state": "CA", "area-code": "818"}, {"id": "3decc6bfadaa436a105714c6badadf5d", "number": "9802173150", "date": "2021-01-16 17:39:00", "subject": "2", "recorded-or-robo": "Y", "city": "Richmond", "state": "TX", "area-code": "409"}, {"id": "03e293b3df9e35eadf15c561197098b5", "number": "9802173150", "date": "2021-01-16 17:39:00", "subject": "2", "recorded-or-robo": "Y", "city": "Richmond", "state": "TX", "area-code": "409"}, {"id": "3decc6bfadaa436a105714c6badad21f", "number": "7653990068", "date": "2021-01-12 19:52:00", "subject": "2", "recorded-or-robo": "Y", "city": "North Hollywood", "state": "CA", "area-code": "818"}, {"id": "03e293b3df9e35eadf15c56119708f89", "number": "7653990068", "date": "2021-01-12 19:52:00", "subject": "2", "recorded-or-robo": "Y", "city": "North Hollywood", "state": "CA", "area-code": "818"}, {"id": "3decc6bfadaa436a105714c6badac2ab", "number": "7192193872", "date": "2021-01-18 12:46:00", "subject": "6", "recorded-or-robo": "Y", "city": "Richmond", "state": "TX", "area-code": "409"}, {"id": "03e293b3df9e35eadf15c56119708130", "number": "7192193872", "date": "2021-01-18 12:46:00", "subject": "6", "recorded-or-robo": "Y", "city": "Richmond", "state": "TX", "area-code": "409"}, {"id": "3decc6bfadaa436a105714c6badac1df", "number": "8337600450", "date": "2021-01-22 11:28:00", "subject": "2", "recorded-or-robo": "Y", "city": "Monrovia", "state": "CA", "area-code": "626"}, {"id": "03e293b3df9e35eadf15c561197075bf", "number": "8337600450", "date": "2021-01-22 11:28:00", "subject": "2", "recorded-or-robo": "Y", "city": "Monrovia", "state": "CA", "area-code": "626"}, {"id": "3decc6bfadaa436a105714c6badabb66", "number": "7145246652", "date": "2021-01-20 10:03:00", "subject": "2", "recorded-or-robo": "Y", "city": "Huntington Beach", "state": "CA", "area-code": "714"}, {"id": "03e293b3df9e35eadf15c56119707085", "number": "7145246652", "date": "2021-01-20 10:03:00", "subject": "2", "recorded-or-robo": "Y", "city": "Huntington Beach", "state": "CA", "area-code": "714"}, {"id": "3decc6bfadaa436a105714c6badaade5", "number": "4423098360", "date": "2021-01-20 09:51:00", "subject": "2", "recorded-or-robo": "Y", "city": "Huntington Beach", "state": "CA", "area-code": "714"}, {"id": "03e293b3df9e35eadf15c56119706da1", "number": "4423098360", "date": "2021-01-20 09:51:00", "subject": "2", "recorded-or-robo": "Y", "city": "Huntington Beach", "state": "CA", "area-code": "714"}, {"id": "3decc6bfadaa436a105714c6badaa46f", "number": "", "date": "2021-01-22 14:11:00", "subject": "2", "recorded-or-robo": "N", "city": "Brookhaven", "state": "GA", "area-code": "404"}, {"id": "03e293b3df9e35eadf15c56119705f84", "number": "", "date": "2021-01-22 14:11:00", "subject": "2", "recorded-or-robo": "N", "city": "Brookhaven", "state": "GA", "area-code": "404"}, {"id": "3decc6bfadaa436a105714c6bada9e03", "number": "7142311118", "date": "2021-01-19 14:07:00", "subject": "2", "recorded-or-robo": "Y", "city": "Huntington Beach", "state": "CA", "area-code": "714"}, {"id": "03e293b3df9e35eadf15c56119705c8b", "number": "7142311118", "date": "2021-01-19 14:07:00", "subject": "2", "recorded-or-robo": "Y", "city": "Huntington Beach", "state": "CA", "area-code": "714"}, {"id": "3decc6bfadaa436a105714c6bada92b6", "number": "5306456678", "date": "2021-01-23 18:33:00", "subject": "1", "recorded-or-robo": "Y", "city": "RED BLUFF", "state": "CA", "area-code": "530"}, {"id": "03e293b3df9e35eadf15c56119704d47", "number": "5306456678", "date": "2021-01-23 18:33:00", "subject": "1", "recorded-or-robo": "Y", "city": "RED BLUFF", "state": "CA", "area-code": "530"}, {"id": "3decc6bfadaa436a105714c6bada8371", "number": "7865049911", "date": "2021-01-23 17:36:00", "subject": "2", "recorded-or-robo": "Y", "city": "Columbia", "state": "SC", "area-code": "803"}, {"id": "03e293b3df9e35eadf15c56119704696", "number": "7865049911", "date": "2021-01-23 17:36:00", "subject": "2", "recorded-or-robo": "Y", "city": "Columbia", "state": "SC", "area-code": "803"}, {"id": "3decc6bfadaa436a105714c6bada8238", "number": "7472815458", "date": "2021-01-18 11:21:00", "subject": "2", "recorded-or-robo": "Y", "city": "Huntington Beach", "state": "CA", "area-code": "714"}, {"id": "03e293b3df9e35eadf15c56119703d12", "number": "7472815458", "date": "2021-01-18 11:21:00", "subject": "2", "recorded-or-robo": "Y", "city": "Huntington Beach", "state": "CA", "area-code": "714"}, {"id": "3decc6bfadaa436a105714c6bada7b3b", "number": "7327769777", "date": "2021-01-24 18:16:00", "subject": "2", "recorded-or-robo": "", "city": "", "state": "MI", "area-code": "586"}, {"id": "03e293b3df9e35eadf15c561197036b3", "number": "7327769777", "date": "2021-01-24 18:16:00", "subject": "2", "recorded-or-robo": "", "city": "", "state": "MI", "area-code": "586"}, {"id": "3decc6bfadaa436a105714c6bada6f35", "number": "9495743533", "date": "2021-01-18 10:18:00", "subject": "2", "recorded-or-robo": "Y", "city": "Huntington Beach", "state": "CA", "area-code": "714"}, {"id": "03e293b3df9e35eadf15c56119702d3c", "number": "9495743533", "date": "2021-01-18 10:18:00", "subject": "2", "recorded-or-robo": "Y", "city": "Huntington Beach", "state": "CA", "area-code": "714"}, {"id": "3decc6bfadaa436a105714c6bada64b8", "number": "7146920594", "date": "2021-01-17 13:08:00", "subject": "2", "recorded-or-robo": "Y", "city": "Huntington Beach", "state": "CA", "area-code": "714"}, {"id": "03e293b3df9e35eadf15c561197020df", "number": "7146920594", "date": "2021-01-17 13:08:00", "subject": "2", "recorded-or-robo": "Y", "city": "Huntington Beach", "state": "CA", "area-code": "714"}, {"id": "3decc6bfadaa436a105714c6bada5cb8", "number": "2489258270", "date": "2021-01-24 20:02:00", "subject": "2", "recorded-or-robo": "N", "city": "", "state": "MI", "area-code": "586"}, {"id": "03e293b3df9e35eadf15c56119701870", "number": "2489258270", "date": "2021-01-24 20:02:00", "subject": "2", "recorded-or-robo": "N", "city": "", "state": "MI", "area-code": "586"}, {"id": "3decc6bfadaa436a105714c6bada5a54", "number": "", "date": "2021-01-21 12:00:00", "subject": "1", "recorded-or-robo": "N", "city": "Rosemead", "state": "CA", "area-code": "770"}, {"id": "03e293b3df9e35eadf15c56119700e38", "number": "", "date": "2021-01-21 12:00:00", "subject": "1", "recorded-or-robo": "N", "city": "Rosemead", "state": "CA", "area-code": "770"}, {"id": "3decc6bfadaa436a105714c6bada59ef", "number": "5185951519", "date": "2021-01-22 16:27:00", "subject": "4", "recorded-or-robo": "Y", "city": "", "state": "NY", "area-code": "585"}, {"id": "03e293b3df9e35eadf15c56119700ddb", "number": "5185951519", "date": "2021-01-22 16:27:00", "subject": "4", "recorded-or-robo": "Y", "city": "", "state": "NY", "area-code": "585"}, {"id": "3decc6bfadaa436a105714c6bada518b", "number": "8556786716", "date": "2021-01-24 17:52:00", "subject": "11", "recorded-or-robo": "Y", "city": "", "state": "FL", "area-code": "813"}, {"id": "03e293b3df9e35eadf15c56119700a8f", "number": "8556786716", "date": "2021-01-24 17:52:00", "subject": "11", "recorded-or-robo": "Y", "city": "", "state": "FL", "area-code": "813"}, {"id": "3decc6bfadaa436a105714c6bada4bc8", "number": "9495815894", "date": "2021-01-23 16:02:00", "subject": "3", "recorded-or-robo": "", "city": "", "state": "CA", "area-code": "949"}, {"id": "03e293b3df9e35eadf15c56119700157", "number": "9495815894", "date": "2021-01-23 16:02:00", "subject": "3", "recorded-or-robo": "", "city": "", "state": "CA", "area-code": "949"}, {"id": "3decc6bfadaa436a105714c6bada3dac", "number": "8556786790", "date": "2021-01-24 17:27:00", "subject": "11", "recorded-or-robo": "Y", "city": "", "state": "FL", "area-code": "813"}, {"id": "03e293b3df9e35eadf15c561196ff337", "number": "8556786790", "date": "2021-01-24 17:27:00", "subject": "11", "recorded-or-robo": "Y", "city": "", "state": "FL", "area-code": "813"}, {"id": "3decc6bfadaa436a105714c6bada3ad2", "number": "9493745879", "date": "2021-01-18 09:26:00", "subject": "3", "recorded-or-robo": "", "city": "", "state": "CA", "area-code": "949"}, {"id": "03e293b3df9e35eadf15c561196ff0ee", "number": "9493745879", "date": "2021-01-18 09:26:00", "subject": "3", "recorded-or-robo": "", "city": "", "state": "CA", "area-code": "949"}, {"id": "3decc6bfadaa436a105714c6bada30b4", "number": "8556785403", "date": "2021-01-24 16:37:00", "subject": "11", "recorded-or-robo": "Y", "city": "", "state": "FL", "area-code": "813"}, {"id": "03e293b3df9e35eadf15c561196fe7ae", "number": "8556785403", "date": "2021-01-24 16:37:00", "subject": "11", "recorded-or-robo": "Y", "city": "", "state": "FL", "area-code": "813"}]}