{"data": [{"id": "deca54a6651fb9add5b4a9816cb59da5", "number": "4017198998", "date": "2021-01-22 06:00:00", "subject": "3", "recorded-or-robo": "Y", "city": "", "state": "IL", "area-code": "618"}, {"id": "e81c9350d54f66c6d33b3747ee20770f", "number": "6092690959", "date": "2021-01-14 00:00:00", "subject": "2", "recorded-or-robo": "Y", "city": "", "state": "NJ", "area-code": "609"}, {"id": "deca54a6651fb9add5b4a9816cb594a5", "number": "6092690959", "date": "2021-01-14 00:00:00", "subject": "2", "recorded-or-robo": "Y", "city": "", "state": "NJ", "area-code": "609"}, {"id": "e81c9350d54f66c6d33b3747ee54d535", "number": "+19033463371", "date": "2021-01-22 17:55:55", "subject": "3", "recorded-or-robo": "Y", "city": "", "state": "TX", "area-code": "817"}, {"id": "e81c9350d54f66c6d33b3747ee20752a", "number": "8007883058", "date": "2021-01-22 09:04:00", "subject": "2", "recorded-or-robo": "Y", "city": "Menands", "state": "NY", "area-code": "518"}, {"id": "deca54a6651fb9add5b4a9816ce96991", "number": "+19033463371", "date": "2021-01-22 17:55:55", "subject": "3", "recorded-or-robo": "Y", "city": "", "state": "TX", "area-code": "817"}, {"id": "deca54a6651fb9add5b4a9816cb5944e", "number": "8007883058", "date": "2021-01-22 09:04:00", "subject": "2", "recorded-or-robo": "Y", "city": "Menands", "state": "NY", "area-code": "518"}, {"id": "e81c9350d54f66c6d33b3747ee206170", "number": "9013887081", "date": "2021-01-22 16:47:00", "subject": "11", "recorded-or-robo": "Y", "city": "Bartlett", "state": "TN", "area-code": "901"}, {"id": "e81c9350d54f66c6d33b3747ee2058b1", "number": "9092562976", "date": "2021-01-22 14:37:00", "subject": "5", "recorded-or-robo": "Y", "city": "Chino", "state": "CA", "area-code": "909"}, {"id": "deca54a6651fb9add5b4a9816cb583ca", "number": "9013887081", "date": "2021-01-22 16:47:00", "subject": "11", "recorded-or-robo": "Y", "city": "Bartlett", "state": "TN", "area-code": "901"}, {"id": "deca54a6651fb9add5b4a9816cb57bd2", "number": "9092562976", "date": "2021-01-22 14:37:00", "subject": "5", "recorded-or-robo": "Y", "city": "Chino", "state": "CA", "area-code": "909"}, {"id": "e81c9350d54f66c6d33b3747ee205388", "number": "8017831137", "date": "2021-01-21 00:00:00", "subject": "3", "recorded-or-robo": "", "city": "West Memphis", "state": "AR", "area-code": "870"}, {"id": "e81c9350d54f66c6d33b3747ee20445c", "number": "2036337934", "date": "2021-01-22 17:50:00", "subject": "0", "recorded-or-robo": "Y", "city": "Darien", "state": "CT", "area-code": "203"}, {"id": "deca54a6651fb9add5b4a9816cb5707f", "number": "8017831137", "date": "2021-01-21 00:00:00", "subject": "3", "recorded-or-robo": "", "city": "West Memphis", "state": "AR", "area-code": "870"}, {"id": "deca54a6651fb9add5b4a9816cb56b68", "number": "2036337934", "date": "2021-01-22 17:50:00", "subject": "0", "recorded-or-robo": "Y", "city": "Darien", "state": "CT", "area-code": "203"}, {"id": "e81c9350d54f66c6d33b3747ee20398b", "number": "8024513238", "date": "2021-01-22 00:00:00", "subject": "9", "recorded-or-robo": "Y", "city": "New Windsor", "state": "NY", "area-code": "802"}, {"id": "e81c9350d54f66c6d33b3747ee20376b", "number": "6198417921", "date": "2021-01-22 09:30:00", "subject": "0", "recorded-or-robo": "N", "city": "CAMARILLO", "state": "CA", "area-code": "805"}, {"id": "deca54a6651fb9add5b4a9816cb5685d", "number": "8024513238", "date": "2021-01-22 00:00:00", "subject": "9", "recorded-or-robo": "Y", "city": "New Windsor", "state": "NY", "area-code": "802"}, {"id": "deca54a6651fb9add5b4a9816cb567fa", "number": "6198417921", "date": "2021-01-22 09:30:00", "subject": "0", "recorded-or-robo": "N", "city": "CAMARILLO", "state": "CA", "area-code": "805"}, {"id": "e81c9350d54f66c6d33b3747ee54c380", "number": "4125380592", "date": "2021-01-22 17:55:47", "subject": "3", "recorded-or-robo": "Y", "city": "", "state": "PA", "area-code": "412"}, {"id": "deca54a6651fb9add5b4a9816ce94eff", "number": "4125380592", "date": "2021-01-22 17:55:47", "subject": "3", "recorded-or-robo": "Y", "city": "", "state": "PA", "area-code": "412"}, {"id": "e81c9350d54f66c6d33b3747ee55c180", "number": "4125380592", "date": "2021-01-22 17:55:46", "subject": "3", "recorded-or-robo": "Y", "city": "", "state": "PA", "area-code": "412"}, {"id": "e81c9350d54f66c6d33b3747ee203664", "number": "8063974932", "date": "2021-01-22 04:55:00", "subject": "4", "recorded-or-robo": "Y", "city": "", "state": "TX", "area-code": "806"}, {"id": "deca54a6651fb9add5b4a9816cea31ad", "number": "4125380592", "date": "2021-01-22 17:55:46", "subject": "3", "recorded-or-robo": "Y", "city": "", "state": "PA", "area-code": "412"}, {"id": "deca54a6651fb9add5b4a9816cb56770", "number": "8063974932", "date": "2021-01-22 04:55:00", "subject": "4", "recorded-or-robo": "Y", "city": "", "state": "TX", "area-code": "806"}, {"id": "e81c9350d54f66c6d33b3747ee554914", "number": "8505230913", "date": "2021-01-22 17:55:42", "subject": "3", "recorded-or-robo": "Y", "city": "", "state": "FL", "area-code": "850"}, {"id": "deca54a6651fb9add5b4a9816ce9c2fd", "number": "8505230913", "date": "2021-01-22 17:55:42", "subject": "3", "recorded-or-robo": "Y", "city": "", "state": "FL", "area-code": "850"}, {"id": "e81c9350d54f66c6d33b3747ee5d0bad", "number": "3144817210", "date": "2021-01-22 16:06:00", "subject": "3", "recorded-or-robo": "Y", "city": "", "state": "MO", "area-code": "314"}, {"id": "deca54a6651fb9add5b4a9816cf1d496", "number": "3144817210", "date": "2021-01-22 16:06:00", "subject": "3", "recorded-or-robo": "Y", "city": "", "state": "MO", "area-code": "314"}, {"id": "e81c9350d54f66c6d33b3747ee202eeb", "number": "7372418908", "date": "2021-01-22 11:15:00", "subject": "2", "recorded-or-robo": "N", "city": "Huntington Beach", "state": "CA", "area-code": "818"}, {"id": "deca54a6651fb9add5b4a9816cb55cb0", "number": "7372418908", "date": "2021-01-22 11:15:00", "subject": "2", "recorded-or-robo": "N", "city": "Huntington Beach", "state": "CA", "area-code": "818"}, {"id": "e81c9350d54f66c6d33b3747ee5cfdd3", "number": "", "date": "2021-01-21 14:30:00", "subject": "3", "recorded-or-robo": "Y", "city": "", "state": "NC", "area-code": "919"}, {"id": "deca54a6651fb9add5b4a9816cf1cf76", "number": "", "date": "2021-01-21 14:30:00", "subject": "3", "recorded-or-robo": "Y", "city": "", "state": "NC", "area-code": "919"}, {"id": "e81c9350d54f66c6d33b3747ee202aa3", "number": "9377473677", "date": "2021-01-22 05:52:00", "subject": "9", "recorded-or-robo": "Y", "city": "Galloway", "state": "OH", "area-code": "614"}, {"id": "deca54a6651fb9add5b4a9816cb55256", "number": "9377473677", "date": "2021-01-22 05:52:00", "subject": "9", "recorded-or-robo": "Y", "city": "Galloway", "state": "OH", "area-code": "614"}, {"id": "e81c9350d54f66c6d33b3747ee202982", "number": "6315450708", "date": "2021-01-22 17:52:00", "subject": "0", "recorded-or-robo": "Y", "city": "", "state": "NY", "area-code": "631"}, {"id": "e81c9350d54f66c6d33b3747ee202761", "number": "6264111678", "date": "2021-01-22 08:20:00", "subject": "4", "recorded-or-robo": "Y", "city": "Orange", "state": "CA", "area-code": "714"}, {"id": "deca54a6651fb9add5b4a9816cb54d9e", "number": "6315450708", "date": "2021-01-22 17:52:00", "subject": "0", "recorded-or-robo": "Y", "city": "", "state": "NY", "area-code": "631"}, {"id": "deca54a6651fb9add5b4a9816cb54074", "number": "6264111678", "date": "2021-01-22 08:20:00", "subject": "4", "recorded-or-robo": "Y", "city": "Orange", "state": "CA", "area-code": "714"}, {"id": "e81c9350d54f66c6d33b3747ee552ed8", "number": "+13033371459", "date": "2021-01-22 17:55:25", "subject": "3", "recorded-or-robo": "N", "city": "", "state": "CA", "area-code": "626"}, {"id": "e81c9350d54f66c6d33b3747ee2026bd", "number": "2059078519", "date": "2021-01-22 09:19:00", "subject": "2", "recorded-or-robo": "Y", "city": "", "state": "AL", "area-code": "205"}, {"id": "deca54a6651fb9add5b4a9816ce9b021", "number": "+13033371459", "date": "2021-01-22 17:55:25", "subject": "3", "recorded-or-robo": "N", "city": "", "state": "CA", "area-code": "626"}, {"id": "deca54a6651fb9add5b4a9816cb53d4f", "number": "2059078519", "date": "2021-01-22 09:19:00", "subject": "2", "recorded-or-robo": "Y", "city": "", "state": "AL", "area-code": "205"}, {"id": "e81c9350d54f66c6d33b3747ee2022f2", "number": "2693094403", "date": "2021-01-22 14:52:00", "subject": "0", "recorded-or-robo": "Y", "city": "Plymouth", "state": "MI", "area-code": "734"}, {"id": "deca54a6651fb9add5b4a9816cb52de0", "number": "2693094403", "date": "2021-01-22 14:52:00", "subject": "0", "recorded-or-robo": "Y", "city": "Plymouth", "state": "MI", "area-code": "734"}, {"id": "e81c9350d54f66c6d33b3747ee201e80", "number": "3152147099", "date": "2021-01-22 17:39:00", "subject": "0", "recorded-or-robo": "Y", "city": "DE KALB JUNCTION", "state": "NY", "area-code": "315"}, {"id": "deca54a6651fb9add5b4a9816cb52776", "number": "3152147099", "date": "2021-01-22 17:39:00", "subject": "0", "recorded-or-robo": "Y", "city": "DE KALB JUNCTION", "state": "NY", "area-code": "315"}, {"id": "e81c9350d54f66c6d33b3747ee55a3e1", "number": "8504275300", "date": "2021-01-22 17:55:15", "subject": "3", "recorded-or-robo": "Y", "city": "", "state": "FL", "area-code": "850"}, {"id": "e81c9350d54f66c6d33b3747ee2014b2", "number": "7153385926", "date": "2021-01-22 11:10:00", "subject": "2", "recorded-or-robo": "N", "city": "River Falls", "state": "WI", "area-code": "715"}, {"id": "deca54a6651fb9add5b4a9816cea15ff", "number": "8504275300", "date": "2021-01-22 17:55:15", "subject": "3", "recorded-or-robo": "Y", "city": "", "state": "FL", "area-code": "850"}]}