{"data": [{"id": "490dde24b259add1335244cd1b8880f7", "number": "2073204645", "date": "2021-01-26 13:13:00", "subject": "5", "recorded-or-robo": "Y", "city": "", "state": "ME", "area-code": "207"}, {"id": "490dde24b259add1335244cd1b8880c3", "number": "9549638519", "date": "2021-01-22 14:19:00", "subject": "2", "recorded-or-robo": "N", "city": "Fort Lauderdale", "state": "FL", "area-code": "954"}, {"id": "490dde24b259add1335244cd1b8878c2", "number": "8155558573", "date": "2021-01-20 10:16:00", "subject": "2", "recorded-or-robo": "Y", "city": "Kirkland", "state": "IL", "area-code": "815"}, {"id": "490dde24b259add1335244cd1b886ec0", "number": "3607097823", "date": "2021-01-26 09:20:00", "subject": "2", "recorded-or-robo": "Y", "city": "", "state": "WA", "area-code": "253"}, {"id": "490dde24b259add1335244cd1b8868fe", "number": "7188976521", "date": "2021-01-26 13:17:00", "subject": "0", "recorded-or-robo": "Y", "city": "", "state": "NY", "area-code": "718"}, {"id": "490dde24b259add1335244cd1b8861df", "number": "278052159", "date": "2021-01-26 09:48:00", "subject": "2", "recorded-or-robo": "Y", "city": "Albuquerque", "state": "NM", "area-code": "505"}, {"id": "490dde24b259add1335244cd1b885b32", "number": "5187353689", "date": "2021-01-26 13:15:00", "subject": "4", "recorded-or-robo": "Y", "city": "Flushing", "state": "NY", "area-code": "718"}, {"id": "490dde24b259add1335244cd1b88533b", "number": "6466354979", "date": "2021-01-24 12:32:00", "subject": "3", "recorded-or-robo": "Y", "city": "", "state": "NY", "area-code": "917"}, {"id": "490dde24b259add1335244cd1b8844ce", "number": "9014019400", "date": "2021-01-26 10:42:00", "subject": "2", "recorded-or-robo": "Y", "city": "Memphis", "state": "TN", "area-code": "901"}, {"id": "490dde24b259add1335244cd1b883c72", "number": "2015783514", "date": "2021-01-26 09:36:00", "subject": "4", "recorded-or-robo": "Y", "city": "River Vale", "state": "NJ", "area-code": "201"}, {"id": "490dde24b259add1335244cd1b8839ae", "number": "9292645717", "date": "2021-01-26 12:16:00", "subject": "4", "recorded-or-robo": "Y", "city": "Springfield", "state": "IL", "area-code": "217"}, {"id": "490dde24b259add1335244cd1b882dfe", "number": "7037054458", "date": "2021-01-25 10:23:00", "subject": "5", "recorded-or-robo": "Y", "city": "", "state": "VA", "area-code": "703"}, {"id": "490dde24b259add1335244cd1b87d2e3", "number": "5702158048", "date": "2021-01-26 08:03:00", "subject": "3", "recorded-or-robo": "N", "city": "", "state": "PA", "area-code": "570"}, {"id": "490dde24b259add1335244cd1b882506", "number": "8884230751", "date": "2021-01-26 09:13:00", "subject": "2", "recorded-or-robo": "N", "city": "Los Angeles", "state": "CA", "area-code": "323"}, {"id": "490dde24b259add1335244cd1b8819d7", "number": "8448590010", "date": "2021-01-26 12:55:00", "subject": "2", "recorded-or-robo": "Y", "city": "Washington", "state": "Do", "area-code": "202"}, {"id": "490dde24b259add1335244cd1b881954", "number": "7402184113", "date": "2021-01-26 12:57:00", "subject": "3", "recorded-or-robo": "Y", "city": "", "state": "MI", "area-code": "734"}, {"id": "490dde24b259add1335244cd1b881494", "number": "2037478079", "date": "2020-11-28 12:55:00", "subject": "2", "recorded-or-robo": "Y", "city": "Westminster", "state": "CO", "area-code": "303"}, {"id": "490dde24b259add1335244cd1b880e82", "number": "4078825665", "date": "2021-01-26 12:57:00", "subject": "4", "recorded-or-robo": "Y", "city": "Apopka", "state": "FL", "area-code": "407"}, {"id": "490dde24b259add1335244cd1b880c75", "number": "5802211791", "date": "2021-01-26 12:16:00", "subject": "11", "recorded-or-robo": "Y", "city": "", "state": "OK", "area-code": "580"}, {"id": "490dde24b259add1335244cd1b87fd23", "number": "6623314820", "date": "2021-01-26 08:39:00", "subject": "6", "recorded-or-robo": "N", "city": "Starkville", "state": "MS", "area-code": "662"}, {"id": "490dde24b259add1335244cd1b87fab8", "number": "3525588053", "date": "2021-01-26 13:15:00", "subject": "4", "recorded-or-robo": "Y", "city": "TALLAHASSEE", "state": "FL", "area-code": "404"}, {"id": "490dde24b259add1335244cd1b87f715", "number": "", "date": "2021-01-26 13:10:00", "subject": "1", "recorded-or-robo": "Y", "city": "", "state": "PA", "area-code": "717"}, {"id": "490dde24b259add1335244cd1b87e985", "number": "3136344007", "date": "2021-01-26 11:37:00", "subject": "0", "recorded-or-robo": "Y", "city": "Allen Park", "state": "MI", "area-code": "313"}, {"id": "490dde24b259add1335244cd1b87e748", "number": "3135342411", "date": "2021-01-26 13:11:00", "subject": "1", "recorded-or-robo": "Y", "city": "", "state": "NC", "area-code": "828"}, {"id": "490dde24b259add1335244cd1b87e226", "number": "2186303600", "date": "2021-01-25 15:00:00", "subject": "2", "recorded-or-robo": "Y", "city": "sicklerville", "state": "NJ", "area-code": "609"}, {"id": "490dde24b259add1335244cd1b87df9c", "number": "4078224511", "date": "2021-01-18 15:48:00", "subject": "5", "recorded-or-robo": "Y", "city": "", "state": "AR", "area-code": "479"}, {"id": "490dde24b259add1335244cd1b87c921", "number": "5052836878", "date": "2021-01-26 09:51:00", "subject": "4", "recorded-or-robo": "Y", "city": "", "state": "NM", "area-code": "575"}, {"id": "490dde24b259add1335244cd1b87baf1", "number": "7208954999", "date": "2021-01-26 00:00:00", "subject": "2", "recorded-or-robo": "Y", "city": "", "state": "CO", "area-code": "720"}, {"id": "490dde24b259add1335244cd1b87b6b0", "number": "2612582900301", "date": "2021-01-26 12:00:00", "subject": "2", "recorded-or-robo": "Y", "city": "Hebron", "state": "IL", "area-code": "815"}, {"id": "490dde24b259add1335244cd1b87ab98", "number": "6627996240", "date": "2021-01-26 13:04:00", "subject": "4", "recorded-or-robo": "Y", "city": "Atlanta", "state": "GA", "area-code": "601"}, {"id": "490dde24b259add1335244cd1b879d40", "number": "4068661094", "date": "2021-01-26 11:00:00", "subject": "3", "recorded-or-robo": "Y", "city": "Glendive", "state": "MT", "area-code": "406"}, {"id": "490dde24b259add1335244cd1b879485", "number": "9196329018", "date": "2021-01-26 13:04:00", "subject": "1", "recorded-or-robo": "N", "city": "", "state": "NC", "area-code": "919"}, {"id": "490dde24b259add1335244cd1b87892d", "number": "8882652117", "date": "2021-01-14 18:00:00", "subject": "3", "recorded-or-robo": "", "city": "Dixon", "state": "IL", "area-code": "630"}, {"id": "490dde24b259add1335244cd1b8788ad", "number": "3217501903", "date": "2021-01-26 12:32:00", "subject": "6", "recorded-or-robo": "Y", "city": "Cape Canaveral", "state": "FL", "area-code": "706"}, {"id": "490dde24b259add1335244cd1b877926", "number": "5156047033", "date": "2021-01-26 12:17:00", "subject": "4", "recorded-or-robo": "Y", "city": "Des Moines", "state": "IA", "area-code": "515"}, {"id": "490dde24b259add1335244cd1b8646cd", "number": "9198212956", "date": "2021-01-26 10:21:00", "subject": "3", "recorded-or-robo": "N", "city": "", "state": "NC", "area-code": "919"}, {"id": "490dde24b259add1335244cd1b876abd", "number": "4422214991", "date": "2021-01-13 13:11:00", "subject": "0", "recorded-or-robo": "Y", "city": "San Marcos", "state": "CA", "area-code": "760"}, {"id": "490dde24b259add1335244cd1b875ace", "number": "", "date": "2021-01-26 09:54:00", "subject": "5", "recorded-or-robo": "Y", "city": "Renton", "state": "WA", "area-code": "425"}, {"id": "490dde24b259add1335244cd1b8752d2", "number": "9735361118", "date": "2021-01-20 11:50:00", "subject": "2", "recorded-or-robo": "Y", "city": "Kirkland", "state": "IL", "area-code": "815"}, {"id": "490dde24b259add1335244cd1b8751d8", "number": "4192726697", "date": "2021-01-26 13:14:00", "subject": "2", "recorded-or-robo": "N", "city": "", "state": "OH", "area-code": "419"}, {"id": "490dde24b259add1335244cd1b874613", "number": "2136395476", "date": "2021-01-19 12:31:00", "subject": "4", "recorded-or-robo": "Y", "city": "Santa Maria", "state": "CA", "area-code": "805"}, {"id": "490dde24b259add1335244cd1b873d4f", "number": "8703812866", "date": "2021-01-26 00:10:00", "subject": "2", "recorded-or-robo": "Y", "city": "Yellville", "state": "AR", "area-code": "870"}, {"id": "490dde24b259add1335244cd1b872f3c", "number": "", "date": "2021-01-25 08:00:00", "subject": "4", "recorded-or-robo": "Y", "city": "Gilbert", "state": "AZ", "area-code": "201"}, {"id": "490dde24b259add1335244cd1b8727ae", "number": "6319971089", "date": "2021-01-26 10:30:00", "subject": "4", "recorded-or-robo": "Y", "city": "VALLEY STREAM", "state": "NY", "area-code": "516"}, {"id": "490dde24b259add1335244cd1b87264a", "number": "4792791226", "date": "2021-01-16 12:32:00", "subject": "4", "recorded-or-robo": "Y", "city": "", "state": "AR", "area-code": "479"}, {"id": "490dde24b259add1335244cd1b871f0b", "number": "5206452320", "date": "2021-01-26 11:16:00", "subject": "0", "recorded-or-robo": "Y", "city": "Tucson", "state": "AZ", "area-code": "520"}, {"id": "490dde24b259add1335244cd1b87114a", "number": "7862047091", "date": "2021-01-26 13:16:00", "subject": "4", "recorded-or-robo": "Y", "city": "Miami", "state": "FL", "area-code": "786"}, {"id": "490dde24b259add1335244cd1b870fd5", "number": "4057876767", "date": "2021-01-26 12:00:00", "subject": "8", "recorded-or-robo": "N", "city": "Porum", "state": "OK", "area-code": "405"}, {"id": "490dde24b259add1335244cd1b870c07", "number": "4193539934", "date": "2021-01-26 00:00:00", "subject": "2", "recorded-or-robo": "Y", "city": "Holland", "state": "OH", "area-code": "419"}, {"id": "490dde24b259add1335244cd1b870665", "number": "4054229762", "date": "2021-01-26 11:29:00", "subject": "4", "recorded-or-robo": "Y", "city": "Norman", "state": "OK", "area-code": "405"}]}