{"data": [{"id": "490dde24b259add1335244cd1b6b1115", "number": "4142091970", "date": "2021-01-26 09:34:00", "subject": "2", "recorded-or-robo": "N", "city": "", "state": "OR", "area-code": "541"}, {"id": "490dde24b259add1335244cd1b6b0291", "number": "5106719350", "date": "2021-01-25 12:52:00", "subject": "2", "recorded-or-robo": "Y", "city": "", "state": "AL", "area-code": "256"}, {"id": "490dde24b259add1335244cd1b6affe6", "number": "6072825156", "date": "2021-01-25 12:35:00", "subject": "3", "recorded-or-robo": "Y", "city": "", "state": "NY", "area-code": "607"}, {"id": "490dde24b259add1335244cd1b6afa3b", "number": "2534337586", "date": "2021-01-26 09:33:00", "subject": "1", "recorded-or-robo": "Y", "city": "", "state": "WA", "area-code": "253"}, {"id": "490dde24b259add1335244cd1b6aecf2", "number": "2312345639", "date": "2021-01-20 10:51:00", "subject": "2", "recorded-or-robo": "Y", "city": "Traverse City", "state": "MI", "area-code": "231"}, {"id": "490dde24b259add1335244cd1b6ae8f6", "number": "7498634", "date": "2021-01-26 11:55:00", "subject": "1", "recorded-or-robo": "Y", "city": "Hingham", "state": "MA", "area-code": "781"}, {"id": "490dde24b259add1335244cd1b6a90d9", "number": "5403153468", "date": "2021-01-26 12:41:00", "subject": "3", "recorded-or-robo": "N", "city": "", "state": "VA", "area-code": "540"}, {"id": "490dde24b259add1335244cd1b6adaac", "number": "6803332630", "date": "2021-01-26 21:42:00", "subject": "1", "recorded-or-robo": "", "city": "colorado sorings", "state": "CO", "area-code": "719"}, {"id": "490dde24b259add1335244cd1b6adaa9", "number": "9726967723", "date": "2021-01-26 11:03:00", "subject": "1", "recorded-or-robo": "Y", "city": "Kansas City", "state": "MO", "area-code": "816"}, {"id": "490dde24b259add1335244cd1b6ad02c", "number": "2528228053", "date": "2021-01-26 12:00:00", "subject": "3", "recorded-or-robo": "N", "city": "", "state": "NC", "area-code": "252"}, {"id": "490dde24b259add1335244cd1b6ac37e", "number": "7276779682", "date": "2020-12-28 14:32:00", "subject": "3", "recorded-or-robo": "", "city": "Lebanon", "state": "FL", "area-code": "727"}, {"id": "490dde24b259add1335244cd1b6ab385", "number": "3602301574", "date": "2021-01-22 10:44:00", "subject": "2", "recorded-or-robo": "Y", "city": "Ferndale", "state": "WA", "area-code": "360"}, {"id": "490dde24b259add1335244cd1b6aa52f", "number": "6182661429", "date": "2021-01-26 11:44:00", "subject": "1", "recorded-or-robo": "Y", "city": "Herrin", "state": "IL", "area-code": "618"}, {"id": "490dde24b259add1335244cd1b6aa3b7", "number": "2568612328", "date": "2021-01-26 12:42:00", "subject": "2", "recorded-or-robo": "Y", "city": "", "state": "AL", "area-code": "256"}, {"id": "490dde24b259add1335244cd1b6aa369", "number": "3123741013", "date": "2021-01-26 12:34:00", "subject": "2", "recorded-or-robo": "", "city": "Atlanta", "state": "GA", "area-code": "404"}, {"id": "490dde24b259add1335244cd1b6a9c30", "number": "3854492020", "date": "2021-01-26 11:37:00", "subject": "8", "recorded-or-robo": "Y", "city": "MONCKS CORNER", "state": "SC", "area-code": "843"}, {"id": "490dde24b259add1335244cd1b6a9750", "number": "3303267038", "date": "2021-01-26 09:33:00", "subject": "1", "recorded-or-robo": "Y", "city": "Sequim", "state": "WA", "area-code": "360"}, {"id": "490dde24b259add1335244cd1b6a82e7", "number": "4107955000", "date": "2021-01-26 12:37:00", "subject": "2", "recorded-or-robo": "N", "city": "Pasadena", "state": "MD", "area-code": "410"}, {"id": "490dde24b259add1335244cd1b6a73ff", "number": "2403423004", "date": "2021-01-26 13:12:00", "subject": "3", "recorded-or-robo": "Y", "city": "", "state": "MD", "area-code": "301"}, {"id": "490dde24b259add1335244cd1b68f7b3", "number": "", "date": "2021-01-26 11:38:00", "subject": "3", "recorded-or-robo": "", "city": "", "state": "IL", "area-code": "815"}, {"id": "490dde24b259add1335244cd1b6a6580", "number": "3049506136", "date": "2021-01-20 14:31:00", "subject": "2", "recorded-or-robo": "N", "city": "", "state": "WV", "area-code": "304"}, {"id": "490dde24b259add1335244cd1b6a62b4", "number": "8886673483", "date": "2021-01-26 12:34:00", "subject": "2", "recorded-or-robo": "Y", "city": "", "state": "PA", "area-code": "888"}, {"id": "490dde24b259add1335244cd1b6a54c9", "number": "8503387998", "date": "2021-01-25 08:01:00", "subject": "1", "recorded-or-robo": "Y", "city": "Pensacola", "state": "FL", "area-code": "850"}, {"id": "490dde24b259add1335244cd1b6a4c87", "number": "7023992349", "date": "2021-01-26 09:04:00", "subject": "4", "recorded-or-robo": "Y", "city": "", "state": "NV", "area-code": "702"}, {"id": "490dde24b259add1335244cd1b6a4288", "number": "", "date": "2021-01-26 10:42:00", "subject": "15", "recorded-or-robo": "N", "city": "", "state": "CO", "area-code": "303"}, {"id": "490dde24b259add1335244cd1b6a3753", "number": "2319727345", "date": "2021-01-20 13:22:00", "subject": "2", "recorded-or-robo": "Y", "city": "Traverse City", "state": "MI", "area-code": "231"}, {"id": "490dde24b259add1335244cd1b6a336f", "number": "9135862157", "date": "2021-01-26 11:34:00", "subject": "4", "recorded-or-robo": "Y", "city": "Crete", "state": "IL", "area-code": "567"}, {"id": "490dde24b259add1335244cd1b6a2c0f", "number": "2564041374", "date": "2021-01-25 09:17:00", "subject": "2", "recorded-or-robo": "Y", "city": "", "state": "AL", "area-code": "256"}, {"id": "490dde24b259add1335244cd1b6a1e3f", "number": "8884629502", "date": "2021-01-25 19:15:00", "subject": "3", "recorded-or-robo": "N", "city": "Beaumont", "state": "TX", "area-code": "409"}, {"id": "490dde24b259add1335244cd1b6a1a3e", "number": "5098287194", "date": "2021-01-26 09:38:00", "subject": "1", "recorded-or-robo": "Y", "city": "", "state": "WA", "area-code": "509"}, {"id": "490dde24b259add1335244cd1b6a0ac5", "number": "2522019123", "date": "2021-01-26 11:52:00", "subject": "2", "recorded-or-robo": "N", "city": "", "state": "NC", "area-code": "252"}, {"id": "490dde24b259add1335244cd1b69fe2c", "number": "3609977702", "date": "2021-01-22 14:41:00", "subject": "2", "recorded-or-robo": "Y", "city": "Ferndale", "state": "WA", "area-code": "360"}, {"id": "490dde24b259add1335244cd1b69ee63", "number": "6098318553", "date": "2021-01-26 11:34:00", "subject": "2", "recorded-or-robo": "N", "city": "PLANO", "state": "TX", "area-code": "309"}, {"id": "490dde24b259add1335244cd1b69ec93", "number": "8443969460", "date": "2021-01-25 10:38:00", "subject": "1", "recorded-or-robo": "Y", "city": "", "state": "FL", "area-code": "813"}, {"id": "490dde24b259add1335244cd1b69ebb7", "number": "3093244895", "date": "2021-01-26 10:39:00", "subject": "3", "recorded-or-robo": "Y", "city": "", "state": "UT", "area-code": "801"}, {"id": "490dde24b259add1335244cd1b69e528", "number": "4089473392", "date": "2021-01-26 09:32:00", "subject": "4", "recorded-or-robo": "Y", "city": "", "state": "CA", "area-code": "559"}, {"id": "490dde24b259add1335244cd1b69e278", "number": "8136064569", "date": "2021-01-22 16:15:00", "subject": "2", "recorded-or-robo": "Y", "city": "LAND O LAKES", "state": "FL", "area-code": "813"}, {"id": "490dde24b259add1335244cd1b69dde3", "number": "4246525806", "date": "2021-01-26 08:51:00", "subject": "6", "recorded-or-robo": "Y", "city": "Quincy", "state": "CA", "area-code": "530"}, {"id": "490dde24b259add1335244cd1b69d68d", "number": "8506885401", "date": "2021-01-26 11:42:00", "subject": "7", "recorded-or-robo": "Y", "city": "Pensacola", "state": "FL", "area-code": "850"}, {"id": "490dde24b259add1335244cd1b69d631", "number": "9155928174", "date": "2021-01-25 15:50:00", "subject": "4", "recorded-or-robo": "Y", "city": "", "state": "TX", "area-code": "281"}, {"id": "490dde24b259add1335244cd1b69c664", "number": "2316558955", "date": "2021-01-19 16:30:00", "subject": "2", "recorded-or-robo": "Y", "city": "Traverse City", "state": "MI", "area-code": "231"}, {"id": "490dde24b259add1335244cd1b69c58c", "number": "3133343733", "date": "2021-01-19 14:03:00", "subject": "0", "recorded-or-robo": "N", "city": "", "state": "MI", "area-code": "248"}, {"id": "490dde24b259add1335244cd1b69bf08", "number": "5853615734", "date": "2021-01-26 11:38:00", "subject": "2", "recorded-or-robo": "N", "city": "", "state": "OH", "area-code": "740"}, {"id": "490dde24b259add1335244cd1b69bcaf", "number": "9733542478", "date": "2021-01-26 12:18:00", "subject": "0", "recorded-or-robo": "N", "city": "Clifton", "state": "NJ", "area-code": "201"}, {"id": "490dde24b259add1335244cd1b69bc81", "number": "2259362142", "date": "2021-01-26 11:40:00", "subject": "6", "recorded-or-robo": "N", "city": "Liberty", "state": "MS", "area-code": "225"}, {"id": "490dde24b259add1335244cd1b69b56e", "number": "5304200902", "date": "2021-01-26 09:03:00", "subject": "3", "recorded-or-robo": "Y", "city": "", "state": "CA", "area-code": "530"}, {"id": "490dde24b259add1335244cd1b69aa6c", "number": "3049485001", "date": "2021-01-20 15:19:00", "subject": "2", "recorded-or-robo": "N", "city": "", "state": "WV", "area-code": "304"}, {"id": "490dde24b259add1335244cd1b699c11", "number": "9542568650", "date": "2020-12-30 13:45:00", "subject": "3", "recorded-or-robo": "", "city": "Lebanon", "state": "FL", "area-code": "727"}, {"id": "490dde24b259add1335244cd1b699121", "number": "4192726795", "date": "2021-01-26 12:34:00", "subject": "4", "recorded-or-robo": "Y", "city": "Napoleon", "state": "OH", "area-code": "419"}, {"id": "490dde24b259add1335244cd1b698d49", "number": "5127649903", "date": "2021-01-26 10:15:00", "subject": "2", "recorded-or-robo": "N", "city": "San Antonio", "state": "TX", "area-code": "210"}]}