{"data": [{"id": "deca54a6651fb9add5b4a9816cf72beb", "number": "2083092751", "date": "2021-01-22 14:42:00", "subject": "0", "recorded-or-robo": "Y", "city": "Hailey", "state": "ID", "area-code": "208"}, {"id": "e81c9350d54f66c6d33b3747ee621076", "number": "9013206830", "date": "2021-01-22 18:55:00", "subject": "13", "recorded-or-robo": "Y", "city": "harrogate", "state": "TN", "area-code": "423"}, {"id": "deca54a6651fb9add5b4a9816cf72a12", "number": "9013206830", "date": "2021-01-22 18:55:00", "subject": "13", "recorded-or-robo": "Y", "city": "harrogate", "state": "TN", "area-code": "423"}, {"id": "e81c9350d54f66c6d33b3747eea05059", "number": "3208184109", "date": "2021-01-22 19:00:29", "subject": "3", "recorded-or-robo": "Y", "city": "", "state": "GA", "area-code": "404"}, {"id": "1d36742e3f24f50e4e7ae82801357115", "number": "3208184109", "date": "2021-01-22 19:00:29", "subject": "3", "recorded-or-robo": "Y", "city": "", "state": "GA", "area-code": "404"}, {"id": "e81c9350d54f66c6d33b3747ee620cf8", "number": "2058502653", "date": "2021-01-22 13:49:00", "subject": "0", "recorded-or-robo": "Y", "city": "Troy", "state": "MI", "area-code": "248"}, {"id": "deca54a6651fb9add5b4a9816cf720ab", "number": "2058502653", "date": "2021-01-22 13:49:00", "subject": "0", "recorded-or-robo": "Y", "city": "Troy", "state": "MI", "area-code": "248"}, {"id": "e81c9350d54f66c6d33b3747ee620294", "number": "7205906797", "date": "2021-01-22 15:53:00", "subject": "2", "recorded-or-robo": "Y", "city": "Thornton", "state": "CO", "area-code": "720"}, {"id": "deca54a6651fb9add5b4a9816cf71d24", "number": "7205906797", "date": "2021-01-22 15:53:00", "subject": "2", "recorded-or-robo": "Y", "city": "Thornton", "state": "CO", "area-code": "720"}, {"id": "e81c9350d54f66c6d33b3747ee61fa6c", "number": "2023015520", "date": "2021-01-22 11:21:00", "subject": "11", "recorded-or-robo": "Y", "city": "", "state": "Do", "area-code": "202"}, {"id": "deca54a6651fb9add5b4a9816cf71807", "number": "2023015520", "date": "2021-01-22 11:21:00", "subject": "11", "recorded-or-robo": "Y", "city": "", "state": "Do", "area-code": "202"}, {"id": "e81c9350d54f66c6d33b3747ee61ee7f", "number": "8328396928", "date": "2021-01-22 12:11:00", "subject": "4", "recorded-or-robo": "Y", "city": "BENBROOK", "state": "TX", "area-code": "817"}, {"id": "deca54a6651fb9add5b4a9816cf710d8", "number": "8328396928", "date": "2021-01-22 12:11:00", "subject": "4", "recorded-or-robo": "Y", "city": "BENBROOK", "state": "TX", "area-code": "817"}, {"id": "e81c9350d54f66c6d33b3747ee61e9ea", "number": "2172869320", "date": "2021-01-22 11:52:00", "subject": "2", "recorded-or-robo": "N", "city": "Mt.zion", "state": "IL", "area-code": "217"}, {"id": "deca54a6651fb9add5b4a9816cf70407", "number": "2172869320", "date": "2021-01-22 11:52:00", "subject": "2", "recorded-or-robo": "N", "city": "Mt.zion", "state": "IL", "area-code": "217"}, {"id": "e81c9350d54f66c6d33b3747eea14762", "number": "+12017977297", "date": "2021-01-22 19:00:04", "subject": "3", "recorded-or-robo": "Y", "city": "", "state": "NJ", "area-code": "201"}, {"id": "1d36742e3f24f50e4e7ae8280136338e", "number": "+12017977297", "date": "2021-01-22 19:00:04", "subject": "3", "recorded-or-robo": "Y", "city": "", "state": "NJ", "area-code": "201"}, {"id": "e81c9350d54f66c6d33b3747ee61e61b", "number": "5854981672", "date": "2021-01-22 10:32:00", "subject": "4", "recorded-or-robo": "Y", "city": "East Rochester", "state": "NY", "area-code": "585"}, {"id": "e81c9350d54f66c6d33b3747ee61dd0c", "number": "3013100131", "date": "2021-01-22 16:16:00", "subject": "0", "recorded-or-robo": "Y", "city": "Fort  Washington", "state": "MD", "area-code": "301"}, {"id": "e81c9350d54f66c6d33b3747ee61d405", "number": "4702506910", "date": "2021-01-22 11:57:00", "subject": "2", "recorded-or-robo": "N", "city": "", "state": "CA", "area-code": "510"}, {"id": "deca54a6651fb9add5b4a9816cf702b1", "number": "5854981672", "date": "2021-01-22 10:32:00", "subject": "4", "recorded-or-robo": "Y", "city": "East Rochester", "state": "NY", "area-code": "585"}, {"id": "deca54a6651fb9add5b4a9816cf6f427", "number": "3013100131", "date": "2021-01-22 16:16:00", "subject": "0", "recorded-or-robo": "Y", "city": "Fort  Washington", "state": "MD", "area-code": "301"}, {"id": "deca54a6651fb9add5b4a9816cf6ee3f", "number": "4702506910", "date": "2021-01-22 11:57:00", "subject": "2", "recorded-or-robo": "N", "city": "", "state": "CA", "area-code": "510"}, {"id": "e81c9350d54f66c6d33b3747ee61c699", "number": "5512205737", "date": "2021-01-22 10:15:00", "subject": "2", "recorded-or-robo": "Y", "city": "WHEAT RIDGE", "state": "CO", "area-code": "303"}, {"id": "deca54a6651fb9add5b4a9816cf6e925", "number": "5512205737", "date": "2021-01-22 10:15:00", "subject": "2", "recorded-or-robo": "Y", "city": "WHEAT RIDGE", "state": "CO", "area-code": "303"}, {"id": "e81c9350d54f66c6d33b3747ee61b96b", "number": "7316179227", "date": "2021-01-22 13:59:00", "subject": "2", "recorded-or-robo": "N", "city": "", "state": "WI", "area-code": "608"}, {"id": "deca54a6651fb9add5b4a9816cf6e6fb", "number": "7316179227", "date": "2021-01-22 13:59:00", "subject": "2", "recorded-or-robo": "N", "city": "", "state": "WI", "area-code": "608"}, {"id": "e81c9350d54f66c6d33b3747ee61aec7", "number": "5187329803", "date": "2021-01-22 00:00:00", "subject": "4", "recorded-or-robo": "Y", "city": "Tannersville", "state": "NY", "area-code": "518"}, {"id": "deca54a6651fb9add5b4a9816cf6dcfe", "number": "5187329803", "date": "2021-01-22 00:00:00", "subject": "4", "recorded-or-robo": "Y", "city": "Tannersville", "state": "NY", "area-code": "518"}, {"id": "e81c9350d54f66c6d33b3747ee61ac77", "number": "", "date": "2021-01-22 00:00:00", "subject": "2", "recorded-or-robo": "Y", "city": "", "state": "NY", "area-code": "212"}, {"id": "deca54a6651fb9add5b4a9816cf6d814", "number": "", "date": "2021-01-22 00:00:00", "subject": "2", "recorded-or-robo": "Y", "city": "", "state": "NY", "area-code": "212"}, {"id": "e81c9350d54f66c6d33b3747ee61a4c8", "number": "3032561030", "date": "2021-01-22 15:50:00", "subject": "2", "recorded-or-robo": "Y", "city": "", "state": "CA", "area-code": "303"}, {"id": "deca54a6651fb9add5b4a9816cf6d7e7", "number": "3032561030", "date": "2021-01-22 15:50:00", "subject": "2", "recorded-or-robo": "Y", "city": "", "state": "CA", "area-code": "303"}, {"id": "e81c9350d54f66c6d33b3747ee619a94", "number": "5078685179", "date": "2021-01-22 12:29:00", "subject": "0", "recorded-or-robo": "Y", "city": "Rochester", "state": "MN", "area-code": "507"}, {"id": "deca54a6651fb9add5b4a9816cf6ce20", "number": "5078685179", "date": "2021-01-22 12:29:00", "subject": "0", "recorded-or-robo": "Y", "city": "Rochester", "state": "MN", "area-code": "507"}, {"id": "e81c9350d54f66c6d33b3747ee618fb1", "number": "8506196482", "date": "2021-01-22 18:51:00", "subject": "1", "recorded-or-robo": "Y", "city": "Simpsonville", "state": "SC", "area-code": "850"}, {"id": "e81c9350d54f66c6d33b3747ee618bd4", "number": "", "date": "2021-01-22 18:52:00", "subject": "1", "recorded-or-robo": "Y", "city": "", "state": "FL", "area-code": ""}, {"id": "deca54a6651fb9add5b4a9816cf6cd0b", "number": "8506196482", "date": "2021-01-22 18:51:00", "subject": "1", "recorded-or-robo": "Y", "city": "Simpsonville", "state": "SC", "area-code": "850"}, {"id": "deca54a6651fb9add5b4a9816cf6bf47", "number": "", "date": "2021-01-22 18:52:00", "subject": "1", "recorded-or-robo": "Y", "city": "", "state": "FL", "area-code": ""}, {"id": "e81c9350d54f66c6d33b3747ee6183c3", "number": "2242961168", "date": "2021-01-22 17:58:00", "subject": "0", "recorded-or-robo": "Y", "city": "Fort Walton Beach", "state": "FL", "area-code": "847"}, {"id": "deca54a6651fb9add5b4a9816cf6bdbc", "number": "2242961168", "date": "2021-01-22 17:58:00", "subject": "0", "recorded-or-robo": "Y", "city": "Fort Walton Beach", "state": "FL", "area-code": "847"}, {"id": "e81c9350d54f66c6d33b3747ee617790", "number": "3016670890", "date": "2021-01-19 16:40:00", "subject": "3", "recorded-or-robo": "N", "city": "Waldorf", "state": "MD", "area-code": "301"}, {"id": "e81c9350d54f66c6d33b3747ee616fb9", "number": "6304540442", "date": "2021-01-22 15:57:00", "subject": "4", "recorded-or-robo": "Y", "city": "", "state": "IL", "area-code": "640"}, {"id": "deca54a6651fb9add5b4a9816cf6b4c7", "number": "3016670890", "date": "2021-01-19 16:40:00", "subject": "3", "recorded-or-robo": "N", "city": "Waldorf", "state": "MD", "area-code": "301"}, {"id": "deca54a6651fb9add5b4a9816cf6b39b", "number": "6304540442", "date": "2021-01-22 15:57:00", "subject": "4", "recorded-or-robo": "Y", "city": "", "state": "IL", "area-code": "640"}, {"id": "e81c9350d54f66c6d33b3747ee6166d2", "number": "6102725766", "date": "2021-01-22 18:50:00", "subject": "5", "recorded-or-robo": "Y", "city": "PLYMOUTH MEETING", "state": "PA", "area-code": "610"}, {"id": "e81c9350d54f66c6d33b3747ee6161d5", "number": "2484965234", "date": "2021-01-22 17:42:00", "subject": "7", "recorded-or-robo": "Y", "city": "Troy", "state": "MI", "area-code": "248"}, {"id": "deca54a6651fb9add5b4a9816cf6a64d", "number": "6102725766", "date": "2021-01-22 18:50:00", "subject": "5", "recorded-or-robo": "Y", "city": "PLYMOUTH MEETING", "state": "PA", "area-code": "610"}, {"id": "deca54a6651fb9add5b4a9816cf69d85", "number": "2484965234", "date": "2021-01-22 17:42:00", "subject": "7", "recorded-or-robo": "Y", "city": "Troy", "state": "MI", "area-code": "248"}, {"id": "e81c9350d54f66c6d33b3747ee6157e6", "number": "2768354488", "date": "2021-01-22 09:59:00", "subject": "6", "recorded-or-robo": "Y", "city": "Grundy", "state": "VA", "area-code": "276"}]}