{"data": [{"id": "490dde24b259add1335244cd1b746f6a", "number": "6262684312", "date": "2021-01-26 12:53:00", "subject": "3", "recorded-or-robo": "Y", "city": "", "state": "MA", "area-code": "978"}, {"id": "490dde24b259add1335244cd1b746e82", "number": "2142064019", "date": "2021-01-26 09:21:00", "subject": "2", "recorded-or-robo": "Y", "city": "Mansfield", "state": "TX", "area-code": "817"}, {"id": "490dde24b259add1335244cd1b7465c0", "number": "5095083091", "date": "2021-01-26 09:45:00", "subject": "6", "recorded-or-robo": "Y", "city": "Spokane", "state": "WA", "area-code": "509"}, {"id": "490dde24b259add1335244cd1b7457cb", "number": "9093462903", "date": "2021-01-26 08:10:00", "subject": "2", "recorded-or-robo": "Y", "city": "Redlands", "state": "CA", "area-code": "909"}, {"id": "490dde24b259add1335244cd1b7444c2", "number": "", "date": "2021-01-26 12:29:00", "subject": "1", "recorded-or-robo": "Y", "city": "Rural valley", "state": "PA", "area-code": ""}, {"id": "490dde24b259add1335244cd1b7441f8", "number": "9155291216", "date": "2021-01-26 10:32:00", "subject": "2", "recorded-or-robo": "Y", "city": "El Paso", "state": "TX", "area-code": "915"}, {"id": "490dde24b259add1335244cd1b7439c3", "number": "4844605990", "date": "2021-01-26 12:26:00", "subject": "0", "recorded-or-robo": "Y", "city": "Spring City", "state": "PA", "area-code": "610"}, {"id": "490dde24b259add1335244cd1b7432a9", "number": "4077838818", "date": "2021-01-21 16:06:00", "subject": "0", "recorded-or-robo": "Y", "city": "", "state": "FL", "area-code": "407"}, {"id": "490dde24b259add1335244cd1b742f28", "number": "2313311430", "date": "2021-01-14 12:19:00", "subject": "2", "recorded-or-robo": "Y", "city": "Traverse City", "state": "MI", "area-code": "231"}, {"id": "490dde24b259add1335244cd1b742a3a", "number": "9015319454", "date": "2020-12-07 16:30:00", "subject": "2", "recorded-or-robo": "Y", "city": "Memphis", "state": "TN", "area-code": "901"}, {"id": "490dde24b259add1335244cd1b742570", "number": "4194071599", "date": "2021-01-26 11:45:00", "subject": "4", "recorded-or-robo": "Y", "city": "Parma", "state": "OH", "area-code": "216"}, {"id": "490dde24b259add1335244cd1b742323", "number": "6195942515", "date": "2021-01-26 09:53:00", "subject": "2", "recorded-or-robo": "Y", "city": "", "state": "CA", "area-code": "714"}, {"id": "490dde24b259add1335244cd1b742077", "number": "9163176020", "date": "2021-01-26 09:51:00", "subject": "6", "recorded-or-robo": "N", "city": "Sacramento", "state": "CA", "area-code": "916"}, {"id": "490dde24b259add1335244cd1b741440", "number": "8663353218", "date": "2021-01-26 11:54:00", "subject": "12", "recorded-or-robo": "Y", "city": "Highland Village", "state": "TX", "area-code": "239"}, {"id": "490dde24b259add1335244cd1b740c34", "number": "3059001913", "date": "2021-01-26 09:42:00", "subject": "2", "recorded-or-robo": "Y", "city": "", "state": "WA", "area-code": "425"}, {"id": "490dde24b259add1335244cd1b73fc42", "number": "7603723571", "date": "2021-01-26 09:53:00", "subject": "2", "recorded-or-robo": "Y", "city": "APPLE VALLEY CA", "state": "CA", "area-code": "760"}, {"id": "490dde24b259add1335244cd1b73f253", "number": "7039331534", "date": "2021-01-26 12:55:00", "subject": "2", "recorded-or-robo": "Y", "city": "Alexandria", "state": "VA", "area-code": "703"}, {"id": "490dde24b259add1335244cd1b73edbb", "number": "4842605026", "date": "2021-01-26 11:03:00", "subject": "2", "recorded-or-robo": "Y", "city": "", "state": "MI", "area-code": "616"}, {"id": "490dde24b259add1335244cd1b73e9b4", "number": "8332067337", "date": "2020-12-28 12:00:00", "subject": "1", "recorded-or-robo": "Y", "city": "Lockport", "state": "NY", "area-code": "716"}, {"id": "490dde24b259add1335244cd1b73e02d", "number": "5095733734", "date": "2021-01-26 07:45:00", "subject": "5", "recorded-or-robo": "Y", "city": "Las Vegas", "state": "NV", "area-code": "702"}, {"id": "490dde24b259add1335244cd1b73dfa1", "number": "2408017894", "date": "2021-01-26 12:53:00", "subject": "6", "recorded-or-robo": "N", "city": "", "state": "Do", "area-code": "202"}, {"id": "490dde24b259add1335244cd1b73da9f", "number": "7757909408", "date": "2021-01-26 21:21:00", "subject": "6", "recorded-or-robo": "Y", "city": "Gardnerville", "state": "NV", "area-code": "775"}, {"id": "490dde24b259add1335244cd1b73d7d4", "number": "2013242057", "date": "2021-01-26 12:53:00", "subject": "1", "recorded-or-robo": "Y", "city": "", "state": "NJ", "area-code": "732"}, {"id": "490dde24b259add1335244cd1b73d1e8", "number": "6615330351", "date": "2021-01-26 09:51:00", "subject": "7", "recorded-or-robo": "Y", "city": "Lancaster", "state": "CA", "area-code": "661"}, {"id": "490dde24b259add1335244cd1b73cb35", "number": "7323928377", "date": "2021-01-26 12:55:00", "subject": "2", "recorded-or-robo": "N", "city": "Broad Channel", "state": "NY", "area-code": "347"}, {"id": "490dde24b259add1335244cd1b73c180", "number": "8565561330", "date": "2021-01-26 11:13:00", "subject": "9", "recorded-or-robo": "Y", "city": "Maple Shade", "state": "NJ", "area-code": "856"}, {"id": "490dde24b259add1335244cd1b73bd86", "number": "", "date": "2021-01-26 12:31:00", "subject": "5", "recorded-or-robo": "Y", "city": "", "state": "OH", "area-code": "216"}, {"id": "490dde24b259add1335244cd1b73adc9", "number": "2624743225", "date": "2021-01-14 12:15:00", "subject": "2", "recorded-or-robo": "N", "city": "Chicago", "state": "WI", "area-code": "262"}, {"id": "490dde24b259add1335244cd1b73a7bb", "number": "2314572572", "date": "2021-01-14 12:37:00", "subject": "2", "recorded-or-robo": "Y", "city": "Traverse City", "state": "MI", "area-code": "231"}, {"id": "490dde24b259add1335244cd1b739962", "number": "8065450718", "date": "2021-01-26 11:02:00", "subject": "0", "recorded-or-robo": "N", "city": "Dallas", "state": "TX", "area-code": "972"}, {"id": "490dde24b259add1335244cd1b739603", "number": "8434471149", "date": "2021-01-26 12:47:00", "subject": "5", "recorded-or-robo": "Y", "city": "Bennettsville", "state": "SC", "area-code": "843"}, {"id": "490dde24b259add1335244cd1b738ba2", "number": "6026830191", "date": "2021-01-26 07:54:00", "subject": "7", "recorded-or-robo": "N", "city": "", "state": "AZ", "area-code": "602"}, {"id": "490dde24b259add1335244cd1b737dc5", "number": "2103433702", "date": "2021-01-26 11:52:00", "subject": "1", "recorded-or-robo": "Y", "city": "", "state": "TX", "area-code": "210"}, {"id": "490dde24b259add1335244cd1b737161", "number": "3065696", "date": "2021-01-25 13:26:00", "subject": "2", "recorded-or-robo": "Y", "city": "Fort Lauderdale", "state": "FL", "area-code": "954"}, {"id": "490dde24b259add1335244cd1b73714d", "number": "", "date": "2021-01-26 11:30:00", "subject": "0", "recorded-or-robo": "Y", "city": "Wellsburg", "state": "WV", "area-code": "304"}, {"id": "490dde24b259add1335244cd1b73641a", "number": "6178955391", "date": "2021-01-26 10:27:00", "subject": "1", "recorded-or-robo": "Y", "city": "Baton Rouge", "state": "LA", "area-code": "617"}, {"id": "490dde24b259add1335244cd1b735ca6", "number": "3043987569", "date": "2021-01-26 12:40:00", "subject": "8", "recorded-or-robo": "Y", "city": "Harrsionburg", "state": "VA", "area-code": "540"}, {"id": "490dde24b259add1335244cd1b7350e0", "number": "5037153668", "date": "2021-01-26 08:51:00", "subject": "5", "recorded-or-robo": "Y", "city": "", "state": "OR", "area-code": "971"}, {"id": "490dde24b259add1335244cd1b734487", "number": "7196275836", "date": "2021-01-26 10:50:00", "subject": "9", "recorded-or-robo": "Y", "city": "Erie", "state": "CO", "area-code": "720"}, {"id": "490dde24b259add1335244cd1b733c15", "number": "5159571079", "date": "2021-01-26 12:30:00", "subject": "2", "recorded-or-robo": "Y", "city": "Harrisonburg", "state": "VA", "area-code": "540"}, {"id": "490dde24b259add1335244cd1b733b3f", "number": "3059072491", "date": "2021-01-26 12:44:00", "subject": "2", "recorded-or-robo": "N", "city": "", "state": "FL", "area-code": "813"}, {"id": "490dde24b259add1335244cd1b732fd3", "number": "2767777949", "date": "2021-01-26 12:18:00", "subject": "2", "recorded-or-robo": "Y", "city": "Pearisburg", "state": "VA", "area-code": "540"}, {"id": "490dde24b259add1335244cd1b732e82", "number": "2397686475", "date": "2021-01-26 11:38:00", "subject": "2", "recorded-or-robo": "", "city": "Pensacola", "state": "FL", "area-code": "850"}, {"id": "490dde24b259add1335244cd1b73273c", "number": "9892144096", "date": "2021-01-14 13:25:00", "subject": "2", "recorded-or-robo": "Y", "city": "Traverse City", "state": "MI", "area-code": "231"}, {"id": "490dde24b259add1335244cd1b731f03", "number": "9733332576", "date": "2021-01-26 12:51:00", "subject": "3", "recorded-or-robo": "N", "city": "", "state": "NJ", "area-code": "973"}, {"id": "490dde24b259add1335244cd1b732691", "number": "2533918031", "date": "2021-01-26 09:51:00", "subject": "1", "recorded-or-robo": "Y", "city": "lacey", "state": "WA", "area-code": "253"}, {"id": "490dde24b259add1335244cd1b731990", "number": "", "date": "2021-01-26 00:00:00", "subject": "3", "recorded-or-robo": "Y", "city": "", "state": "NY", "area-code": "585"}, {"id": "490dde24b259add1335244cd1b730cb0", "number": "8284349808", "date": "2021-01-26 12:46:00", "subject": "13", "recorded-or-robo": "Y", "city": "Bethlehem", "state": "PA", "area-code": "610"}, {"id": "490dde24b259add1335244cd1b730620", "number": "4076683107", "date": "2021-01-23 10:26:00", "subject": "0", "recorded-or-robo": "Y", "city": "", "state": "FL", "area-code": "407"}, {"id": "490dde24b259add1335244cd1b730076", "number": "7633978690", "date": "2021-01-25 10:30:00", "subject": "4", "recorded-or-robo": "Y", "city": "Crystal", "state": "MN", "area-code": "763"}]}