{"data": [{"id": "3decc6bfadaa436a105714c6ba8b6e29", "number": "8184193429", "date": "2021-01-24 08:03:00", "subject": "2", "recorded-or-robo": "Y", "city": "Rome", "state": "NY", "area-code": "315"}, {"id": "03e293b3df9e35eadf15c5611921b02a", "number": "8184193429", "date": "2021-01-24 08:03:00", "subject": "2", "recorded-or-robo": "Y", "city": "Rome", "state": "NY", "area-code": "315"}, {"id": "3decc6bfadaa436a105714c6ba8b63ab", "number": "8133740107", "date": "2021-01-12 20:16:00", "subject": "2", "recorded-or-robo": "N", "city": "Marietta", "state": "GA", "area-code": "770"}, {"id": "03e293b3df9e35eadf15c5611921ad13", "number": "8133740107", "date": "2021-01-12 20:16:00", "subject": "2", "recorded-or-robo": "N", "city": "Marietta", "state": "GA", "area-code": "770"}, {"id": "3decc6bfadaa436a105714c6ba8b5e1a", "number": "1202900*7959", "date": "2021-01-23 15:20:00", "subject": "1", "recorded-or-robo": "N", "city": "CUMMING", "state": "IA", "area-code": "515"}, {"id": "03e293b3df9e35eadf15c5611921a6ef", "number": "1202900*7959", "date": "2021-01-23 15:20:00", "subject": "1", "recorded-or-robo": "N", "city": "CUMMING", "state": "IA", "area-code": "515"}, {"id": "3decc6bfadaa436a105714c6ba8b5ad9", "number": "8133740159", "date": "2021-01-12 20:31:00", "subject": "2", "recorded-or-robo": "N", "city": "Marietta", "state": "GA", "area-code": "770"}, {"id": "03e293b3df9e35eadf15c5611921a61c", "number": "8133740159", "date": "2021-01-12 20:31:00", "subject": "2", "recorded-or-robo": "N", "city": "Marietta", "state": "GA", "area-code": "770"}, {"id": "3decc6bfadaa436a105714c6ba8b5940", "number": "6103015303", "date": "2021-01-22 16:00:00", "subject": "4", "recorded-or-robo": "Y", "city": "Mohnton", "state": "PA", "area-code": "610"}, {"id": "03e293b3df9e35eadf15c561192197df", "number": "6103015303", "date": "2021-01-22 16:00:00", "subject": "4", "recorded-or-robo": "Y", "city": "Mohnton", "state": "PA", "area-code": "610"}, {"id": "3decc6bfadaa436a105714c6ba8b4d72", "number": "6786911246", "date": "2021-01-13 17:43:00", "subject": "2", "recorded-or-robo": "Y", "city": "Marietta", "state": "GA", "area-code": "770"}, {"id": "03e293b3df9e35eadf15c56119218a0c", "number": "6786911246", "date": "2021-01-13 17:43:00", "subject": "2", "recorded-or-robo": "Y", "city": "Marietta", "state": "GA", "area-code": "770"}, {"id": "3decc6bfadaa436a105714c6ba8b44d8", "number": "8134193429", "date": "2021-01-24 00:00:00", "subject": "2", "recorded-or-robo": "N", "city": "Rone", "state": "NY", "area-code": "315"}, {"id": "03e293b3df9e35eadf15c561192181a0", "number": "8134193429", "date": "2021-01-24 00:00:00", "subject": "2", "recorded-or-robo": "N", "city": "Rone", "state": "NY", "area-code": "315"}, {"id": "3decc6bfadaa436a105714c6ba8b3cf9", "number": "", "date": "2021-01-24 08:06:00", "subject": "3", "recorded-or-robo": "Y", "city": "", "state": "FL", "area-code": "904"}, {"id": "03e293b3df9e35eadf15c56119217890", "number": "", "date": "2021-01-24 08:06:00", "subject": "3", "recorded-or-robo": "Y", "city": "", "state": "FL", "area-code": "904"}, {"id": "3decc6bfadaa436a105714c6ba8b2d02", "number": "", "date": "2021-01-22 04:27:00", "subject": "4", "recorded-or-robo": "Y", "city": "", "state": "WV", "area-code": "304"}, {"id": "03e293b3df9e35eadf15c56119216d6d", "number": "", "date": "2021-01-22 04:27:00", "subject": "4", "recorded-or-robo": "Y", "city": "", "state": "WV", "area-code": "304"}, {"id": "3decc6bfadaa436a105714c6ba8b2578", "number": "8478812568", "date": "2021-01-23 11:38:00", "subject": "7", "recorded-or-robo": "Y", "city": "vernon hills", "state": "IL", "area-code": "847"}, {"id": "03e293b3df9e35eadf15c5611921673e", "number": "8478812568", "date": "2021-01-23 11:38:00", "subject": "7", "recorded-or-robo": "Y", "city": "vernon hills", "state": "IL", "area-code": "847"}, {"id": "3decc6bfadaa436a105714c6ba8b1a4e", "number": "2025584964", "date": "2021-01-23 20:17:00", "subject": "3", "recorded-or-robo": "Y", "city": "Metamora", "state": "IL", "area-code": "309"}, {"id": "03e293b3df9e35eadf15c56119216726", "number": "2025584964", "date": "2021-01-23 20:17:00", "subject": "3", "recorded-or-robo": "Y", "city": "Metamora", "state": "IL", "area-code": "309"}, {"id": "3decc6bfadaa436a105714c6ba8b1692", "number": "2025584964", "date": "2021-01-23 10:03:00", "subject": "3", "recorded-or-robo": "Y", "city": "Metamora", "state": "IL", "area-code": "309"}, {"id": "03e293b3df9e35eadf15c56119215a03", "number": "2025584964", "date": "2021-01-23 10:03:00", "subject": "3", "recorded-or-robo": "Y", "city": "Metamora", "state": "IL", "area-code": "309"}, {"id": "3decc6bfadaa436a105714c6ba8b140e", "number": "9093664126", "date": "2021-01-22 19:39:00", "subject": "2", "recorded-or-robo": "Y", "city": "Metamora", "state": "IL", "area-code": "309"}, {"id": "03e293b3df9e35eadf15c56119214cc6", "number": "9093664126", "date": "2021-01-22 19:39:00", "subject": "2", "recorded-or-robo": "Y", "city": "Metamora", "state": "IL", "area-code": "309"}, {"id": "3decc6bfadaa436a105714c6ba8b0730", "number": "8882071231", "date": "2021-01-21 19:01:00", "subject": "2", "recorded-or-robo": "Y", "city": "Metamora", "state": "IL", "area-code": "309"}, {"id": "03e293b3df9e35eadf15c56119214c28", "number": "8882071231", "date": "2021-01-21 19:01:00", "subject": "2", "recorded-or-robo": "Y", "city": "Metamora", "state": "IL", "area-code": "309"}, {"id": "3decc6bfadaa436a105714c6ba8affbe", "number": "7143888134", "date": "2021-01-24 07:30:00", "subject": "1", "recorded-or-robo": "Y", "city": "Pigeon", "state": "MI", "area-code": "989"}, {"id": "03e293b3df9e35eadf15c56119213ce7", "number": "7143888134", "date": "2021-01-24 07:30:00", "subject": "1", "recorded-or-robo": "Y", "city": "Pigeon", "state": "MI", "area-code": "989"}, {"id": "3decc6bfadaa436a105714c6ba8af5c0", "number": "7142703531", "date": "2021-01-24 07:30:00", "subject": "1", "recorded-or-robo": "Y", "city": "Pigeon", "state": "MI", "area-code": "989"}, {"id": "03e293b3df9e35eadf15c56119213503", "number": "7142703531", "date": "2021-01-24 07:30:00", "subject": "1", "recorded-or-robo": "Y", "city": "Pigeon", "state": "MI", "area-code": "989"}, {"id": "3decc6bfadaa436a105714c6ba8aeec8", "number": "7268002535", "date": "2021-01-20 17:56:00", "subject": "5", "recorded-or-robo": "Y", "city": "cincinnati", "state": "OH", "area-code": "513"}, {"id": "03e293b3df9e35eadf15c56119212add", "number": "7268002535", "date": "2021-01-20 17:56:00", "subject": "5", "recorded-or-robo": "Y", "city": "cincinnati", "state": "OH", "area-code": "513"}, {"id": "3decc6bfadaa436a105714c6ba8ae034", "number": "7268002535", "date": "2021-01-19 17:14:00", "subject": "5", "recorded-or-robo": "Y", "city": "cincinnati", "state": "OH", "area-code": "513"}, {"id": "03e293b3df9e35eadf15c56119212514", "number": "7268002535", "date": "2021-01-19 17:14:00", "subject": "5", "recorded-or-robo": "Y", "city": "cincinnati", "state": "OH", "area-code": "513"}, {"id": "3decc6bfadaa436a105714c6ba8ad424", "number": "4697976451", "date": "2021-01-24 07:30:00", "subject": "1", "recorded-or-robo": "Y", "city": "Pigeon", "state": "MI", "area-code": "989"}, {"id": "03e293b3df9e35eadf15c561192121d0", "number": "4697976451", "date": "2021-01-24 07:30:00", "subject": "1", "recorded-or-robo": "Y", "city": "Pigeon", "state": "MI", "area-code": "989"}, {"id": "3decc6bfadaa436a105714c6ba8aca30", "number": "8102044469", "date": "2021-01-19 11:18:00", "subject": "5", "recorded-or-robo": "Y", "city": "cincinnati", "state": "OH", "area-code": "513"}, {"id": "03e293b3df9e35eadf15c56119211283", "number": "8102044469", "date": "2021-01-19 11:18:00", "subject": "5", "recorded-or-robo": "Y", "city": "cincinnati", "state": "OH", "area-code": "513"}, {"id": "3decc6bfadaa436a105714c6ba8ac3a0", "number": "1701228447", "date": "2021-01-16 13:54:00", "subject": "1", "recorded-or-robo": "Y", "city": "cincinnati", "state": "OH", "area-code": "513"}, {"id": "03e293b3df9e35eadf15c56119211242", "number": "1701228447", "date": "2021-01-16 13:54:00", "subject": "1", "recorded-or-robo": "Y", "city": "cincinnati", "state": "OH", "area-code": "513"}, {"id": "3decc6bfadaa436a105714c6ba8abe85", "number": "2029982870", "date": "2021-01-23 16:33:00", "subject": "2", "recorded-or-robo": "Y", "city": "Edmond", "state": "OK", "area-code": "405"}, {"id": "03e293b3df9e35eadf15c56119210502", "number": "2029982870", "date": "2021-01-23 16:33:00", "subject": "2", "recorded-or-robo": "Y", "city": "Edmond", "state": "OK", "area-code": "405"}, {"id": "3decc6bfadaa436a105714c6ba8ab3bb", "number": "8326467049", "date": "2021-01-23 11:47:00", "subject": "2", "recorded-or-robo": "Y", "city": "cincinnati", "state": "OH", "area-code": "513"}, {"id": "03e293b3df9e35eadf15c56119210333", "number": "8326467049", "date": "2021-01-23 11:47:00", "subject": "2", "recorded-or-robo": "Y", "city": "cincinnati", "state": "OH", "area-code": "513"}, {"id": "3decc6bfadaa436a105714c6ba8aa785", "number": "4055482251", "date": "2021-01-23 12:05:00", "subject": "2", "recorded-or-robo": "Y", "city": "Edmond", "state": "OK", "area-code": "405"}, {"id": "03e293b3df9e35eadf15c5611920fc2a", "number": "4055482251", "date": "2021-01-23 12:05:00", "subject": "2", "recorded-or-robo": "Y", "city": "Edmond", "state": "OK", "area-code": "405"}, {"id": "3decc6bfadaa436a105714c6ba8aa486", "number": "5133230029", "date": "2021-01-23 11:03:00", "subject": "2", "recorded-or-robo": "Y", "city": "cincinnati", "state": "OH", "area-code": "513"}, {"id": "03e293b3df9e35eadf15c5611920f58a", "number": "5133230029", "date": "2021-01-23 11:03:00", "subject": "2", "recorded-or-robo": "Y", "city": "cincinnati", "state": "OH", "area-code": "513"}]}