{"data": [{"id": "3decc6bfadaa436a105714c6ba46b1c8", "number": "2403563564", "date": "2021-01-22 00:00:00", "subject": "2", "recorded-or-robo": "N", "city": "Brook Park", "state": "OH", "area-code": "216"}, {"id": "1d36742e3f24f50e4e7ae82801dc7af1", "number": "2403563564", "date": "2021-01-22 00:00:00", "subject": "2", "recorded-or-robo": "N", "city": "Brook Park", "state": "OH", "area-code": "216"}, {"id": "3decc6bfadaa436a105714c6ba46a645", "number": "6169522518", "date": "2021-01-23 18:00:00", "subject": "0", "recorded-or-robo": "Y", "city": "", "state": "MI", "area-code": "313"}, {"id": "1d36742e3f24f50e4e7ae82801dc7a53", "number": "6169522518", "date": "2021-01-23 18:00:00", "subject": "0", "recorded-or-robo": "Y", "city": "", "state": "MI", "area-code": "313"}, {"id": "3decc6bfadaa436a105714c6ba469c62", "number": "8888030812", "date": "2021-01-23 14:28:00", "subject": "2", "recorded-or-robo": "Y", "city": "Marysville", "state": "WA", "area-code": "360"}, {"id": "1d36742e3f24f50e4e7ae82801dc74dd", "number": "8888030812", "date": "2021-01-23 14:28:00", "subject": "2", "recorded-or-robo": "Y", "city": "Marysville", "state": "WA", "area-code": "360"}, {"id": "3decc6bfadaa436a105714c6ba7c6d69", "number": "+14808652424", "date": "2021-01-23 18:04:37", "subject": "3", "recorded-or-robo": "Y", "city": "", "state": "AZ", "area-code": "480"}, {"id": "03e293b3df9e35eadf15c5611912f0c7", "number": "+14808652424", "date": "2021-01-23 18:04:37", "subject": "3", "recorded-or-robo": "Y", "city": "", "state": "AZ", "area-code": "480"}, {"id": "3decc6bfadaa436a105714c6ba46979c", "number": "9156718030", "date": "2021-01-22 08:24:00", "subject": "1", "recorded-or-robo": "Y", "city": "", "state": "CA", "area-code": "530"}, {"id": "1d36742e3f24f50e4e7ae82801dc6c2c", "number": "9156718030", "date": "2021-01-22 08:24:00", "subject": "1", "recorded-or-robo": "Y", "city": "", "state": "CA", "area-code": "530"}, {"id": "3decc6bfadaa436a105714c6ba468caa", "number": "6263393757", "date": "2021-01-23 14:55:00", "subject": "2", "recorded-or-robo": "Y", "city": "Rowland Heights", "state": "CA", "area-code": "626"}, {"id": "1d36742e3f24f50e4e7ae82801dc63d7", "number": "6263393757", "date": "2021-01-23 14:55:00", "subject": "2", "recorded-or-robo": "Y", "city": "Rowland Heights", "state": "CA", "area-code": "626"}, {"id": "3decc6bfadaa436a105714c6ba4688c3", "number": "", "date": "2021-01-22 12:34:00", "subject": "2", "recorded-or-robo": "N", "city": "", "state": "MT", "area-code": "406"}, {"id": "1d36742e3f24f50e4e7ae82801dc58e7", "number": "", "date": "2021-01-22 12:34:00", "subject": "2", "recorded-or-robo": "N", "city": "", "state": "MT", "area-code": "406"}, {"id": "3decc6bfadaa436a105714c6ba7c4380", "number": "7169473351", "date": "2021-01-23 18:03:44", "subject": "3", "recorded-or-robo": "Y", "city": "", "state": "NY", "area-code": "716"}, {"id": "3decc6bfadaa436a105714c6ba7c3b00", "number": "+19099034358", "date": "2021-01-23 18:03:44", "subject": "3", "recorded-or-robo": "Y", "city": "", "state": "CA", "area-code": "909"}, {"id": "03e293b3df9e35eadf15c5611912bf6c", "number": "7169473351", "date": "2021-01-23 18:03:44", "subject": "3", "recorded-or-robo": "Y", "city": "", "state": "NY", "area-code": "716"}, {"id": "03e293b3df9e35eadf15c5611912b138", "number": "+19099034358", "date": "2021-01-23 18:03:44", "subject": "3", "recorded-or-robo": "Y", "city": "", "state": "CA", "area-code": "909"}, {"id": "3decc6bfadaa436a105714c6ba467912", "number": "6122357198", "date": "2021-01-22 10:27:00", "subject": "9", "recorded-or-robo": "N", "city": "", "state": "MN", "area-code": "651"}, {"id": "1d36742e3f24f50e4e7ae82801dc4e1d", "number": "6122357198", "date": "2021-01-22 10:27:00", "subject": "9", "recorded-or-robo": "N", "city": "", "state": "MN", "area-code": "651"}, {"id": "3decc6bfadaa436a105714c6ba4677cf", "number": "", "date": "2021-01-23 02:53:00", "subject": "7", "recorded-or-robo": "Y", "city": "Las Vegas", "state": "NV", "area-code": "702"}, {"id": "1d36742e3f24f50e4e7ae82801dc4860", "number": "", "date": "2021-01-23 02:53:00", "subject": "7", "recorded-or-robo": "Y", "city": "Las Vegas", "state": "NV", "area-code": "702"}, {"id": "3decc6bfadaa436a105714c6ba46708a", "number": "5305684410", "date": "2021-01-23 09:00:00", "subject": "2", "recorded-or-robo": "Y", "city": "Garden Valley", "state": "CA", "area-code": "530"}, {"id": "1d36742e3f24f50e4e7ae82801dc431d", "number": "5305684410", "date": "2021-01-23 09:00:00", "subject": "2", "recorded-or-robo": "Y", "city": "Garden Valley", "state": "CA", "area-code": "530"}, {"id": "3decc6bfadaa436a105714c6ba466d2f", "number": "4156836792", "date": "2021-01-20 11:11:00", "subject": "1", "recorded-or-robo": "Y", "city": "", "state": "CA", "area-code": "626"}, {"id": "1d36742e3f24f50e4e7ae82801dc349a", "number": "4156836792", "date": "2021-01-20 11:11:00", "subject": "1", "recorded-or-robo": "Y", "city": "", "state": "CA", "area-code": "626"}, {"id": "3decc6bfadaa436a105714c6ba87a7f3", "number": "9095004385", "date": "2021-01-23 14:49:00", "subject": "3", "recorded-or-robo": "Y", "city": "", "state": "CA", "area-code": "909"}, {"id": "03e293b3df9e35eadf15c561191e3bb0", "number": "9095004385", "date": "2021-01-23 14:49:00", "subject": "3", "recorded-or-robo": "Y", "city": "", "state": "CA", "area-code": "909"}, {"id": "3decc6bfadaa436a105714c6ba7c5bb1", "number": "9138822212", "date": "2021-01-23 18:02:28", "subject": "3", "recorded-or-robo": "Y", "city": "", "state": "KS", "area-code": "913"}, {"id": "03e293b3df9e35eadf15c5611912dd35", "number": "9138822212", "date": "2021-01-23 18:02:28", "subject": "3", "recorded-or-robo": "Y", "city": "", "state": "KS", "area-code": "913"}, {"id": "3decc6bfadaa436a105714c6ba465e4e", "number": "", "date": "2021-01-16 10:03:00", "subject": "2", "recorded-or-robo": "Y", "city": "Barrington", "state": "RI", "area-code": "979"}, {"id": "1d36742e3f24f50e4e7ae82801dc2d48", "number": "", "date": "2021-01-16 10:03:00", "subject": "2", "recorded-or-robo": "Y", "city": "Barrington", "state": "RI", "area-code": "979"}, {"id": "3decc6bfadaa436a105714c6ba7c4c1d", "number": "+19169260491", "date": "2021-01-23 18:02:10", "subject": "3", "recorded-or-robo": "Y", "city": "", "state": "CA", "area-code": "916"}, {"id": "03e293b3df9e35eadf15c5611912c9d2", "number": "+19169260491", "date": "2021-01-23 18:02:10", "subject": "3", "recorded-or-robo": "Y", "city": "", "state": "CA", "area-code": "916"}, {"id": "3decc6bfadaa436a105714c6ba465d34", "number": "7142639205", "date": "2021-01-23 12:00:00", "subject": "1", "recorded-or-robo": "Y", "city": "Malibu", "state": "CA", "area-code": "310"}, {"id": "1d36742e3f24f50e4e7ae82801dc20c2", "number": "7142639205", "date": "2021-01-23 12:00:00", "subject": "1", "recorded-or-robo": "Y", "city": "Malibu", "state": "CA", "area-code": "310"}, {"id": "3decc6bfadaa436a105714c6ba7c5487", "number": "9138822212", "date": "2021-01-23 18:01:44", "subject": "3", "recorded-or-robo": "Y", "city": "", "state": "KS", "area-code": "913"}, {"id": "03e293b3df9e35eadf15c5611912d536", "number": "9138822212", "date": "2021-01-23 18:01:44", "subject": "3", "recorded-or-robo": "Y", "city": "", "state": "KS", "area-code": "913"}, {"id": "3decc6bfadaa436a105714c6ba4651bb", "number": "2069477336", "date": "2021-01-23 02:08:00", "subject": "2", "recorded-or-robo": "Y", "city": "Redmond", "state": "WA", "area-code": "206"}, {"id": "1d36742e3f24f50e4e7ae82801dc18e8", "number": "2069477336", "date": "2021-01-23 02:08:00", "subject": "2", "recorded-or-robo": "Y", "city": "Redmond", "state": "WA", "area-code": "206"}, {"id": "3decc6bfadaa436a105714c6ba464674", "number": "6154062480", "date": "2021-01-23 04:49:00", "subject": "11", "recorded-or-robo": "Y", "city": "Nederland", "state": "TX", "area-code": "409"}, {"id": "1d36742e3f24f50e4e7ae82801dc09cc", "number": "6154062480", "date": "2021-01-23 04:49:00", "subject": "11", "recorded-or-robo": "Y", "city": "Nederland", "state": "TX", "area-code": "409"}, {"id": "3decc6bfadaa436a105714c6ba4641b3", "number": "6313641440", "date": "2021-01-22 15:09:00", "subject": "2", "recorded-or-robo": "Y", "city": "East Moriches", "state": "NY", "area-code": "631"}, {"id": "1d36742e3f24f50e4e7ae82801dbfbfb", "number": "6313641440", "date": "2021-01-22 15:09:00", "subject": "2", "recorded-or-robo": "Y", "city": "East Moriches", "state": "NY", "area-code": "631"}, {"id": "3decc6bfadaa436a105714c6ba463707", "number": "7869751928", "date": "2021-01-23 16:45:00", "subject": "9", "recorded-or-robo": "N", "city": "", "state": "MN", "area-code": "651"}, {"id": "1d36742e3f24f50e4e7ae82801dbee48", "number": "7869751928", "date": "2021-01-23 16:45:00", "subject": "9", "recorded-or-robo": "N", "city": "", "state": "MN", "area-code": "651"}, {"id": "3decc6bfadaa436a105714c6ba7c62a9", "number": "2567190484", "date": "2021-01-23 18:00:00", "subject": "3", "recorded-or-robo": "Y", "city": "", "state": "NY", "area-code": "347"}, {"id": "03e293b3df9e35eadf15c5611912e92b", "number": "2567190484", "date": "2021-01-23 18:00:00", "subject": "3", "recorded-or-robo": "Y", "city": "", "state": "NY", "area-code": "347"}, {"id": "3decc6bfadaa436a105714c6ba462baa", "number": "9492848076", "date": "2021-01-22 12:00:00", "subject": "1", "recorded-or-robo": "Y", "city": "San Mateo", "state": "CA", "area-code": "650"}, {"id": "1d36742e3f24f50e4e7ae82801dbe90a", "number": "9492848076", "date": "2021-01-22 12:00:00", "subject": "1", "recorded-or-robo": "Y", "city": "San Mateo", "state": "CA", "area-code": "650"}]}