{"data": [{"id": "490dde24b259add1335244cd1b478b27", "number": "9038333091", "date": "2021-01-26 11:03:00", "subject": "3", "recorded-or-robo": "Y", "city": "", "state": "TX", "area-code": "903"}, {"id": "490dde24b259add1335244cd1b478ad9", "number": "4407324779", "date": "2021-01-26 08:55:00", "subject": "6", "recorded-or-robo": "N", "city": "Aumsville", "state": "OR", "area-code": "503"}, {"id": "490dde24b259add1335244cd1b477ed6", "number": "2074302733", "date": "2021-01-26 11:00:00", "subject": "3", "recorded-or-robo": "Y", "city": "", "state": "ME", "area-code": "207"}, {"id": "490dde24b259add1335244cd1b477c11", "number": "2342688512", "date": "2021-01-26 10:58:00", "subject": "0", "recorded-or-robo": "Y", "city": "elida", "state": "OH", "area-code": "419"}, {"id": "490dde24b259add1335244cd1b476e23", "number": "8067043103", "date": "2021-01-26 11:03:00", "subject": "5", "recorded-or-robo": "Y", "city": "Richmond Hill", "state": "TX", "area-code": "254"}, {"id": "490dde24b259add1335244cd1b476895", "number": "9283994975", "date": "2021-01-26 11:54:00", "subject": "4", "recorded-or-robo": "Y", "city": "Mableton", "state": "GA", "area-code": "470"}, {"id": "490dde24b259add1335244cd1b475a41", "number": "6152056329", "date": "2021-01-26 09:30:00", "subject": "2", "recorded-or-robo": "N", "city": "", "state": "IN", "area-code": "219"}, {"id": "490dde24b259add1335244cd1b4750fb", "number": "3022918028", "date": "2021-01-26 00:00:00", "subject": "2", "recorded-or-robo": "Y", "city": "", "state": "DE", "area-code": "302"}, {"id": "490dde24b259add1335244cd1b474939", "number": "8552374938", "date": "2021-01-25 16:12:00", "subject": "3", "recorded-or-robo": "N", "city": "", "state": "KS", "area-code": "913"}, {"id": "490dde24b259add1335244cd1b4739f4", "number": "6822735113", "date": "2021-01-14 10:00:00", "subject": "3", "recorded-or-robo": "Y", "city": "Las Vegas", "state": "NV", "area-code": "702"}, {"id": "490dde24b259add1335244cd1b47328b", "number": "8632045672", "date": "2021-01-26 00:00:00", "subject": "4", "recorded-or-robo": "Y", "city": "Lakeland", "state": "FL", "area-code": "863"}, {"id": "490dde24b259add1335244cd1b47271d", "number": "4259931350", "date": "2021-01-07 12:28:00", "subject": "0", "recorded-or-robo": "Y", "city": "Tacoma", "state": "WA", "area-code": "253"}, {"id": "490dde24b259add1335244cd1b471ad3", "number": "7325384312", "date": "2021-01-26 11:55:00", "subject": "4", "recorded-or-robo": "Y", "city": "", "state": "NJ", "area-code": "732"}, {"id": "490dde24b259add1335244cd1b470fbc", "number": "8323855281", "date": "2021-01-25 13:35:00", "subject": "0", "recorded-or-robo": "Y", "city": "", "state": "TX", "area-code": "832"}, {"id": "490dde24b259add1335244cd1b47034a", "number": "8144750088", "date": "2021-01-26 12:01:00", "subject": "2", "recorded-or-robo": "Y", "city": "Erie", "state": "PA", "area-code": "814"}, {"id": "490dde24b259add1335244cd1b46feb1", "number": "2153094263", "date": "2021-01-26 12:01:00", "subject": "7", "recorded-or-robo": "N", "city": "Somerdale", "state": "NJ", "area-code": "856"}, {"id": "490dde24b259add1335244cd1b46f068", "number": "5023251413", "date": "2021-01-26 11:57:00", "subject": "0", "recorded-or-robo": "N", "city": "Fort Knox", "state": "KY", "area-code": "502"}, {"id": "490dde24b259add1335244cd1b46ec61", "number": "6054807003", "date": "2021-01-26 09:50:00", "subject": "11", "recorded-or-robo": "Y", "city": "Rapid City", "state": "SD", "area-code": "605"}, {"id": "490dde24b259add1335244cd1b468158", "number": "6363296611", "date": "2021-01-26 10:59:00", "subject": "3", "recorded-or-robo": "N", "city": "", "state": "MO", "area-code": "314"}, {"id": "490dde24b259add1335244cd1b46df24", "number": "8138039693", "date": "2021-01-26 12:02:00", "subject": "4", "recorded-or-robo": "Y", "city": "", "state": "PA", "area-code": "267"}, {"id": "490dde24b259add1335244cd1b46d095", "number": "8327545075", "date": "2021-01-26 11:00:00", "subject": "2", "recorded-or-robo": "N", "city": "LIVINGSTON", "state": "TX", "area-code": "832"}, {"id": "490dde24b259add1335244cd1b46ccb2", "number": "", "date": "2021-01-26 11:56:00", "subject": "2", "recorded-or-robo": "N", "city": "Weston", "state": "FL", "area-code": "954"}, {"id": "490dde24b259add1335244cd1b46c801", "number": "2678288149", "date": "2021-01-25 10:40:00", "subject": "2", "recorded-or-robo": "Y", "city": "", "state": "PA", "area-code": "610"}, {"id": "490dde24b259add1335244cd1b46bb06", "number": "2674364182", "date": "2021-01-26 12:00:00", "subject": "3", "recorded-or-robo": "N", "city": "", "state": "MI", "area-code": "616"}, {"id": "490dde24b259add1335244cd1b46b877", "number": "2187353801", "date": "2021-01-26 10:49:00", "subject": "4", "recorded-or-robo": "Y", "city": "", "state": "MN", "area-code": "320"}, {"id": "490dde24b259add1335244cd1b46afd9", "number": "6508177685", "date": "2021-01-26 08:17:00", "subject": "7", "recorded-or-robo": "Y", "city": "", "state": "CA", "area-code": "650"}, {"id": "490dde24b259add1335244cd1b46a43e", "number": "6073392759", "date": "2021-01-13 16:06:00", "subject": "2", "recorded-or-robo": "N", "city": "Hayward", "state": "MN", "area-code": "218"}, {"id": "490dde24b259add1335244cd1b469ff0", "number": "8302878132", "date": "2021-01-26 10:53:00", "subject": "2", "recorded-or-robo": "N", "city": "San Antonio", "state": "TX", "area-code": "210"}, {"id": "490dde24b259add1335244cd1b4696c9", "number": "4343727147", "date": "2021-01-26 11:55:00", "subject": "4", "recorded-or-robo": "Y", "city": "Arlington", "state": "VA", "area-code": "703"}, {"id": "490dde24b259add1335244cd1b468ef5", "number": "3523538161", "date": "2021-01-26 11:49:00", "subject": "2", "recorded-or-robo": "N", "city": "Winter Springs", "state": "FL", "area-code": "407"}, {"id": "490dde24b259add1335244cd1b46840f", "number": "2252647348", "date": "2021-01-26 10:28:00", "subject": "2", "recorded-or-robo": "Y", "city": "Port Allen", "state": "LA", "area-code": "225"}, {"id": "490dde24b259add1335244cd1b467f26", "number": "5187140032", "date": "2021-01-26 12:01:00", "subject": "4", "recorded-or-robo": "Y", "city": "Fayetteville", "state": "NY", "area-code": "315"}, {"id": "490dde24b259add1335244cd1b46701e", "number": "4403058752", "date": "2021-01-26 11:54:00", "subject": "4", "recorded-or-robo": "Y", "city": "", "state": "OH", "area-code": "440"}, {"id": "490dde24b259add1335244cd1b466a8a", "number": "9038879663", "date": "2021-01-26 10:56:00", "subject": "0", "recorded-or-robo": "Y", "city": "DENISON", "state": "TX", "area-code": "903"}, {"id": "490dde24b259add1335244cd1b46644e", "number": "8884900098", "date": "2021-01-26 11:32:00", "subject": "2", "recorded-or-robo": "Y", "city": "Mobile", "state": "AL", "area-code": "251"}, {"id": "490dde24b259add1335244cd1b465b83", "number": "4804672481", "date": "2021-01-15 09:48:00", "subject": "3", "recorded-or-robo": "Y", "city": "Las Vegas", "state": "NV", "area-code": "702"}, {"id": "490dde24b259add1335244cd1b464e76", "number": "4082284427", "date": "2021-01-26 08:58:00", "subject": "3", "recorded-or-robo": "Y", "city": "", "state": "CA", "area-code": "661"}, {"id": "490dde24b259add1335244cd1b4648f9", "number": "9496526852", "date": "2021-01-26 08:56:00", "subject": "6", "recorded-or-robo": "N", "city": "", "state": "CA", "area-code": "949"}, {"id": "490dde24b259add1335244cd1b46441c", "number": "4694417245", "date": "2021-01-26 10:37:00", "subject": "4", "recorded-or-robo": "Y", "city": "", "state": "TX", "area-code": "469"}, {"id": "490dde24b259add1335244cd1b464291", "number": "5407637663", "date": "2021-01-26 12:00:00", "subject": "0", "recorded-or-robo": "N", "city": "Broadway", "state": "VA", "area-code": "540"}, {"id": "490dde24b259add1335244cd1b4632aa", "number": "2678175501", "date": "2021-01-25 11:54:00", "subject": "4", "recorded-or-robo": "Y", "city": "Manhasset", "state": "NY", "area-code": "516"}, {"id": "490dde24b259add1335244cd1b462986", "number": "2533424437", "date": "2021-01-08 08:28:00", "subject": "0", "recorded-or-robo": "Y", "city": "Tacoma", "state": "WA", "area-code": "253"}, {"id": "490dde24b259add1335244cd1b462520", "number": "2128459778", "date": "2021-01-25 13:17:00", "subject": "3", "recorded-or-robo": "N", "city": "", "state": "KS", "area-code": "913"}, {"id": "490dde24b259add1335244cd1b46203a", "number": "9796063642", "date": "2021-01-26 11:28:00", "subject": "5", "recorded-or-robo": "Y", "city": "Richmond Hill", "state": "GA", "area-code": "254"}, {"id": "490dde24b259add1335244cd1b461c33", "number": "3526480481", "date": "2021-01-26 10:47:00", "subject": "4", "recorded-or-robo": "Y", "city": "", "state": "IL", "area-code": "217"}, {"id": "490dde24b259add1335244cd1b46187d", "number": "5306185151", "date": "2021-01-25 00:00:00", "subject": "3", "recorded-or-robo": "Y", "city": "", "state": "PA", "area-code": "484"}, {"id": "490dde24b259add1335244cd1b460aa4", "number": "4056788909", "date": "2021-01-26 11:00:00", "subject": "2", "recorded-or-robo": "Y", "city": "Bella Vista", "state": "AR", "area-code": "405"}, {"id": "490dde24b259add1335244cd1b45fe7a", "number": "7158041017", "date": "2021-01-26 10:30:00", "subject": "2", "recorded-or-robo": "Y", "city": "Lemont", "state": "IL", "area-code": "630"}, {"id": "490dde24b259add1335244cd1b45fc18", "number": "8605492531", "date": "2021-01-26 12:00:00", "subject": "7", "recorded-or-robo": "Y", "city": "West Hartford", "state": "CT", "area-code": "860"}, {"id": "490dde24b259add1335244cd1b45f86d", "number": "2183531071", "date": "2021-01-14 11:04:00", "subject": "2", "recorded-or-robo": "N", "city": "Hayward", "state": "MN", "area-code": "218"}]}