{"data": [{"id": "1d36742e3f24f50e4e7ae8280144adc5", "number": "6576575064", "date": "2021-01-22 20:59:39", "subject": "3", "recorded-or-robo": "N", "city": "", "state": "TX", "area-code": "210"}, {"id": "e81c9350d54f66c6d33b3747ee87c9ab", "number": "5037412286", "date": "2021-01-21 10:16:00", "subject": "2", "recorded-or-robo": "N", "city": "", "state": "OR", "area-code": "503"}, {"id": "1d36742e3f24f50e4e7ae828011d6b19", "number": "5037412286", "date": "2021-01-21 10:16:00", "subject": "2", "recorded-or-robo": "N", "city": "", "state": "OR", "area-code": "503"}, {"id": "e81c9350d54f66c6d33b3747eeaf7055", "number": "2528993542", "date": "2021-01-22 20:59:28", "subject": "3", "recorded-or-robo": "Y", "city": "", "state": "NJ", "area-code": "609"}, {"id": "1d36742e3f24f50e4e7ae82801445b56", "number": "2528993542", "date": "2021-01-22 20:59:28", "subject": "3", "recorded-or-robo": "Y", "city": "", "state": "NJ", "area-code": "609"}, {"id": "e81c9350d54f66c6d33b3747eeaf35bc", "number": "6606501468", "date": "2021-01-22 20:59:19", "subject": "3", "recorded-or-robo": "N", "city": "", "state": "TX", "area-code": "210"}, {"id": "1d36742e3f24f50e4e7ae82801442180", "number": "6606501468", "date": "2021-01-22 20:59:19", "subject": "3", "recorded-or-robo": "N", "city": "", "state": "TX", "area-code": "210"}, {"id": "e81c9350d54f66c6d33b3747eeafcd2a", "number": "+12403037279", "date": "2021-01-22 20:59:16", "subject": "3", "recorded-or-robo": "Y", "city": "", "state": "MD", "area-code": "301"}, {"id": "1d36742e3f24f50e4e7ae8280144c173", "number": "+12403037279", "date": "2021-01-22 20:59:16", "subject": "3", "recorded-or-robo": "Y", "city": "", "state": "MD", "area-code": "301"}, {"id": "e81c9350d54f66c6d33b3747eeaf537f", "number": "7817988886", "date": "2021-01-22 20:59:07", "subject": "3", "recorded-or-robo": "Y", "city": "", "state": "NY", "area-code": "347"}, {"id": "1d36742e3f24f50e4e7ae8280144397a", "number": "7817988886", "date": "2021-01-22 20:59:07", "subject": "3", "recorded-or-robo": "Y", "city": "", "state": "NY", "area-code": "347"}, {"id": "e81c9350d54f66c6d33b3747ee87c4cd", "number": "9147003358", "date": "2021-01-22 00:00:00", "subject": "1", "recorded-or-robo": "Y", "city": "", "state": "CA", "area-code": "805"}, {"id": "1d36742e3f24f50e4e7ae828011d6307", "number": "9147003358", "date": "2021-01-22 00:00:00", "subject": "1", "recorded-or-robo": "Y", "city": "", "state": "CA", "area-code": "805"}, {"id": "e81c9350d54f66c6d33b3747ee87bed0", "number": "5037412286", "date": "2021-01-21 08:50:00", "subject": "2", "recorded-or-robo": "N", "city": "", "state": "OR", "area-code": "503"}, {"id": "1d36742e3f24f50e4e7ae828011d6296", "number": "5037412286", "date": "2021-01-21 08:50:00", "subject": "2", "recorded-or-robo": "N", "city": "", "state": "OR", "area-code": "503"}, {"id": "e81c9350d54f66c6d33b3747ee87b446", "number": "4703193615", "date": "2021-01-22 15:31:00", "subject": "2", "recorded-or-robo": "Y", "city": "Jonestown", "state": "TX", "area-code": "512"}, {"id": "1d36742e3f24f50e4e7ae828011d52df", "number": "4703193615", "date": "2021-01-22 15:31:00", "subject": "2", "recorded-or-robo": "Y", "city": "Jonestown", "state": "TX", "area-code": "512"}, {"id": "e81c9350d54f66c6d33b3747ee87a4fe", "number": "9376350673", "date": "2021-01-22 18:32:00", "subject": "2", "recorded-or-robo": "Y", "city": "Mason", "state": "OH", "area-code": "937"}, {"id": "1d36742e3f24f50e4e7ae828011d473e", "number": "9376350673", "date": "2021-01-22 18:32:00", "subject": "2", "recorded-or-robo": "Y", "city": "Mason", "state": "OH", "area-code": "937"}, {"id": "e81c9350d54f66c6d33b3747ee875722", "number": "3853343297", "date": "2021-01-19 18:31:00", "subject": "3", "recorded-or-robo": "N", "city": "", "state": "OH", "area-code": "614"}, {"id": "1d36742e3f24f50e4e7ae828011cf58c", "number": "3853343297", "date": "2021-01-19 18:31:00", "subject": "3", "recorded-or-robo": "N", "city": "", "state": "OH", "area-code": "614"}, {"id": "e81c9350d54f66c6d33b3747ee879a24", "number": "8884669164", "date": "2021-01-08 14:09:00", "subject": "2", "recorded-or-robo": "Y", "city": "Lutz", "state": "FL", "area-code": "813"}, {"id": "1d36742e3f24f50e4e7ae828011d3aa3", "number": "8884669164", "date": "2021-01-08 14:09:00", "subject": "2", "recorded-or-robo": "Y", "city": "Lutz", "state": "FL", "area-code": "813"}, {"id": "e81c9350d54f66c6d33b3747ee87917a", "number": "7034219359", "date": "2021-01-22 15:01:00", "subject": "3", "recorded-or-robo": "Y", "city": "", "state": "VA", "area-code": "703"}, {"id": "1d36742e3f24f50e4e7ae828011d3124", "number": "7034219359", "date": "2021-01-22 15:01:00", "subject": "3", "recorded-or-robo": "Y", "city": "", "state": "VA", "area-code": "703"}, {"id": "e81c9350d54f66c6d33b3747ee878289", "number": "9145664165", "date": "2021-01-22 16:17:00", "subject": "0", "recorded-or-robo": "N", "city": "YONKERS", "state": "NY", "area-code": "914"}, {"id": "1d36742e3f24f50e4e7ae828011d2bc9", "number": "9145664165", "date": "2021-01-22 16:17:00", "subject": "0", "recorded-or-robo": "N", "city": "YONKERS", "state": "NY", "area-code": "914"}, {"id": "e81c9350d54f66c6d33b3747eec70bd6", "number": "5126081107", "date": "2021-01-20 15:58:00", "subject": "3", "recorded-or-robo": "N", "city": "", "state": "TX", "area-code": "512"}, {"id": "1d36742e3f24f50e4e7ae828015c5968", "number": "5126081107", "date": "2021-01-20 15:58:00", "subject": "3", "recorded-or-robo": "N", "city": "", "state": "TX", "area-code": "512"}, {"id": "e81c9350d54f66c6d33b3747eeaf9bc5", "number": "+19842082338", "date": "2021-01-22 20:58:17", "subject": "3", "recorded-or-robo": "Y", "city": "", "state": "GA", "area-code": "706"}, {"id": "e81c9350d54f66c6d33b3747ee8773d6", "number": "243840313312", "date": "2021-01-22 16:05:00", "subject": "0", "recorded-or-robo": "N", "city": "Kennewick", "state": "WA", "area-code": "509"}, {"id": "1d36742e3f24f50e4e7ae82801449207", "number": "+19842082338", "date": "2021-01-22 20:58:17", "subject": "3", "recorded-or-robo": "Y", "city": "", "state": "GA", "area-code": "706"}, {"id": "1d36742e3f24f50e4e7ae828011d20ed", "number": "243840313312", "date": "2021-01-22 16:05:00", "subject": "0", "recorded-or-robo": "N", "city": "Kennewick", "state": "WA", "area-code": "509"}, {"id": "e81c9350d54f66c6d33b3747eeaf3586", "number": "+15414132307", "date": "2021-01-22 20:58:10", "subject": "3", "recorded-or-robo": "Y", "city": "", "state": "NM", "area-code": "505"}, {"id": "1d36742e3f24f50e4e7ae82801441537", "number": "+15414132307", "date": "2021-01-22 20:58:10", "subject": "3", "recorded-or-robo": "Y", "city": "", "state": "NM", "area-code": "505"}, {"id": "e81c9350d54f66c6d33b3747ee876b6a", "number": "9146696179", "date": "2021-01-22 00:00:00", "subject": "1", "recorded-or-robo": "Y", "city": "", "state": "CA", "area-code": "805"}, {"id": "1d36742e3f24f50e4e7ae828011d1c91", "number": "9146696179", "date": "2021-01-22 00:00:00", "subject": "1", "recorded-or-robo": "Y", "city": "", "state": "CA", "area-code": "805"}, {"id": "e81c9350d54f66c6d33b3747ee876b41", "number": "2819238565", "date": "2021-01-22 17:40:00", "subject": "5", "recorded-or-robo": "Y", "city": "Porter", "state": "TX", "area-code": "281"}, {"id": "1d36742e3f24f50e4e7ae828011d110a", "number": "2819238565", "date": "2021-01-22 17:40:00", "subject": "5", "recorded-or-robo": "Y", "city": "Porter", "state": "TX", "area-code": "281"}, {"id": "e81c9350d54f66c6d33b3747eeaf80a4", "number": "7026208106", "date": "2021-01-22 20:57:41", "subject": "3", "recorded-or-robo": "Y", "city": "", "state": "NV", "area-code": "775"}, {"id": "e81c9350d54f66c6d33b3747eeaf63d3", "number": "+17034179400", "date": "2021-01-22 20:57:41", "subject": "3", "recorded-or-robo": "N", "city": "", "state": "VA", "area-code": "703"}, {"id": "e81c9350d54f66c6d33b3747ee8762b8", "number": "8132854792", "date": "2021-01-18 17:02:00", "subject": "2", "recorded-or-robo": "Y", "city": "TAMPA", "state": "FL", "area-code": "813"}, {"id": "e81c9350d54f66c6d33b3747ee875bf0", "number": "", "date": "2021-01-19 12:03:00", "subject": "1", "recorded-or-robo": "Y", "city": "National City", "state": "CA", "area-code": "619"}, {"id": "1d36742e3f24f50e4e7ae82801447bd2", "number": "7026208106", "date": "2021-01-22 20:57:41", "subject": "3", "recorded-or-robo": "Y", "city": "", "state": "NV", "area-code": "775"}, {"id": "1d36742e3f24f50e4e7ae82801444714", "number": "+17034179400", "date": "2021-01-22 20:57:41", "subject": "3", "recorded-or-robo": "N", "city": "", "state": "VA", "area-code": "703"}, {"id": "1d36742e3f24f50e4e7ae828011d0b13", "number": "8132854792", "date": "2021-01-18 17:02:00", "subject": "2", "recorded-or-robo": "Y", "city": "TAMPA", "state": "FL", "area-code": "813"}, {"id": "1d36742e3f24f50e4e7ae828011cfdaa", "number": "", "date": "2021-01-19 12:03:00", "subject": "1", "recorded-or-robo": "Y", "city": "National City", "state": "CA", "area-code": "619"}, {"id": "e81c9350d54f66c6d33b3747eeaf440b", "number": "9543727990", "date": "2021-01-22 20:57:37", "subject": "3", "recorded-or-robo": "Y", "city": "", "state": "FL", "area-code": "954"}, {"id": "1d36742e3f24f50e4e7ae82801442d2c", "number": "9543727990", "date": "2021-01-22 20:57:37", "subject": "3", "recorded-or-robo": "Y", "city": "", "state": "FL", "area-code": "954"}, {"id": "e81c9350d54f66c6d33b3747eeaff90f", "number": "+15418405273", "date": "2021-01-22 20:57:35", "subject": "3", "recorded-or-robo": "N", "city": "", "state": "OR", "area-code": "541"}]}