{"data": [{"id": "deca54a6651fb9add5b4a9816cf33754", "number": "3144521740", "date": "2021-01-22 03:52:00", "subject": "2", "recorded-or-robo": "Y", "city": "Creve Couer", "state": "MO", "area-code": "314"}, {"id": "e81c9350d54f66c6d33b3747ee5e63d9", "number": "3128151110", "date": "2021-01-20 12:14:00", "subject": "0", "recorded-or-robo": "", "city": "Monee", "state": "IL", "area-code": "708"}, {"id": "deca54a6651fb9add5b4a9816cf32ffb", "number": "3128151110", "date": "2021-01-20 12:14:00", "subject": "0", "recorded-or-robo": "", "city": "Monee", "state": "IL", "area-code": "708"}, {"id": "e81c9350d54f66c6d33b3747ee5e5ce2", "number": "3252679200", "date": "2021-01-21 10:07:00", "subject": "6", "recorded-or-robo": "N", "city": "Atlanta Georgia USA", "state": "GA", "area-code": "770"}, {"id": "e81c9350d54f66c6d33b3747ee5e5730", "number": "3013100131", "date": "2021-01-22 13:03:00", "subject": "0", "recorded-or-robo": "Y", "city": "Fort  Washington", "state": "MD", "area-code": "301"}, {"id": "deca54a6651fb9add5b4a9816cf32503", "number": "3252679200", "date": "2021-01-21 10:07:00", "subject": "6", "recorded-or-robo": "N", "city": "Atlanta Georgia USA", "state": "GA", "area-code": "770"}, {"id": "deca54a6651fb9add5b4a9816cf31ce5", "number": "3013100131", "date": "2021-01-22 13:03:00", "subject": "0", "recorded-or-robo": "Y", "city": "Fort  Washington", "state": "MD", "area-code": "301"}, {"id": "e81c9350d54f66c6d33b3747ee5e478c", "number": "4695445024", "date": "2021-01-22 16:42:00", "subject": "3", "recorded-or-robo": "Y", "city": "Irving", "state": "TX", "area-code": "469"}, {"id": "deca54a6651fb9add5b4a9816cf30d26", "number": "4695445024", "date": "2021-01-22 16:42:00", "subject": "3", "recorded-or-robo": "Y", "city": "Irving", "state": "TX", "area-code": "469"}, {"id": "e81c9350d54f66c6d33b3747ee9fccf8", "number": "8777509804", "date": "2021-01-22 18:54:01", "subject": "3", "recorded-or-robo": "Y", "city": "", "state": "NJ", "area-code": "908"}, {"id": "e81c9350d54f66c6d33b3747ee5e41d3", "number": "6265051252", "date": "2021-01-22 17:52:00", "subject": "2", "recorded-or-robo": "N", "city": "", "state": "WI", "area-code": "608"}, {"id": "deca54a6651fb9add5b4a9816cf2fef9", "number": "6265051252", "date": "2021-01-22 17:52:00", "subject": "2", "recorded-or-robo": "N", "city": "", "state": "WI", "area-code": "608"}, {"id": "1d36742e3f24f50e4e7ae8280134d7ff", "number": "8777509804", "date": "2021-01-22 18:54:01", "subject": "3", "recorded-or-robo": "Y", "city": "", "state": "NJ", "area-code": "908"}, {"id": "e81c9350d54f66c6d33b3747ee5e3d12", "number": "3463750307", "date": "2021-01-22 10:58:00", "subject": "2", "recorded-or-robo": "N", "city": "West Memphis", "state": "AR", "area-code": "870"}, {"id": "deca54a6651fb9add5b4a9816cf2f234", "number": "3463750307", "date": "2021-01-22 10:58:00", "subject": "2", "recorded-or-robo": "N", "city": "West Memphis", "state": "AR", "area-code": "870"}, {"id": "e81c9350d54f66c6d33b3747ee5e38d3", "number": "5418092826", "date": "2021-01-21 10:54:00", "subject": "8", "recorded-or-robo": "Y", "city": "Springfield", "state": "OR", "area-code": "541"}, {"id": "deca54a6651fb9add5b4a9816cf2e5b0", "number": "5418092826", "date": "2021-01-21 10:54:00", "subject": "8", "recorded-or-robo": "Y", "city": "Springfield", "state": "OR", "area-code": "541"}, {"id": "e81c9350d54f66c6d33b3747ee5e37fd", "number": "7142639205", "date": "2021-01-22 09:22:00", "subject": "2", "recorded-or-robo": "Y", "city": "Central Point", "state": "OR", "area-code": "541"}, {"id": "e81c9350d54f66c6d33b3747ee5e283b", "number": "3144523670", "date": "2021-01-22 03:38:00", "subject": "2", "recorded-or-robo": "Y", "city": "Creve Couer", "state": "MO", "area-code": "314"}, {"id": "deca54a6651fb9add5b4a9816cf2de9f", "number": "7142639205", "date": "2021-01-22 09:22:00", "subject": "2", "recorded-or-robo": "Y", "city": "Central Point", "state": "OR", "area-code": "541"}, {"id": "deca54a6651fb9add5b4a9816cf2dd4b", "number": "3144523670", "date": "2021-01-22 03:38:00", "subject": "2", "recorded-or-robo": "Y", "city": "Creve Couer", "state": "MO", "area-code": "314"}, {"id": "e81c9350d54f66c6d33b3747ee5e1de4", "number": "5134287471", "date": "2021-01-22 18:28:00", "subject": "0", "recorded-or-robo": "N", "city": "Cincinnatai", "state": "OH", "area-code": "513"}, {"id": "deca54a6651fb9add5b4a9816cf2cfb9", "number": "5134287471", "date": "2021-01-22 18:28:00", "subject": "0", "recorded-or-robo": "N", "city": "Cincinnatai", "state": "OH", "area-code": "513"}, {"id": "e81c9350d54f66c6d33b3747ee5e146d", "number": "4703193599", "date": "2021-01-22 15:59:00", "subject": "3", "recorded-or-robo": "Y", "city": "Austin", "state": "TX", "area-code": "512"}, {"id": "deca54a6651fb9add5b4a9816cf2c51e", "number": "4703193599", "date": "2021-01-22 15:59:00", "subject": "3", "recorded-or-robo": "Y", "city": "Austin", "state": "TX", "area-code": "512"}, {"id": "e81c9350d54f66c6d33b3747ee5e117f", "number": "8649166979", "date": "2021-01-22 12:10:00", "subject": "11", "recorded-or-robo": "Y", "city": "Fort  Washington", "state": "MD", "area-code": "301"}, {"id": "deca54a6651fb9add5b4a9816cf2b917", "number": "8649166979", "date": "2021-01-22 12:10:00", "subject": "11", "recorded-or-robo": "Y", "city": "Fort  Washington", "state": "MD", "area-code": "301"}, {"id": "e81c9350d54f66c6d33b3747ee9f5dda", "number": "+16282114827", "date": "2021-01-22 18:53:38", "subject": "3", "recorded-or-robo": "Y", "city": "", "state": "CA", "area-code": "707"}, {"id": "e81c9350d54f66c6d33b3747ee5e057d", "number": "7853972386", "date": "2021-01-22 17:47:00", "subject": "2", "recorded-or-robo": "N", "city": "Victoria", "state": "KS", "area-code": "785"}, {"id": "deca54a6651fb9add5b4a9816cf2b253", "number": "7853972386", "date": "2021-01-22 17:47:00", "subject": "2", "recorded-or-robo": "N", "city": "Victoria", "state": "KS", "area-code": "785"}, {"id": "1d36742e3f24f50e4e7ae828013480f5", "number": "+16282114827", "date": "2021-01-22 18:53:38", "subject": "3", "recorded-or-robo": "Y", "city": "", "state": "CA", "area-code": "707"}, {"id": "e81c9350d54f66c6d33b3747ee5e02c7", "number": "8025183150", "date": "2021-01-16 14:23:00", "subject": "0", "recorded-or-robo": "Y", "city": "Bend", "state": "OR", "area-code": "541"}, {"id": "e81c9350d54f66c6d33b3747ee5df8f2", "number": "3604977050", "date": "2021-01-22 15:22:00", "subject": "2", "recorded-or-robo": "Y", "city": "Randle", "state": "WA", "area-code": "509"}, {"id": "deca54a6651fb9add5b4a9816cf2a318", "number": "8025183150", "date": "2021-01-16 14:23:00", "subject": "0", "recorded-or-robo": "Y", "city": "Bend", "state": "OR", "area-code": "541"}, {"id": "deca54a6651fb9add5b4a9816cf29d17", "number": "3604977050", "date": "2021-01-22 15:22:00", "subject": "2", "recorded-or-robo": "Y", "city": "Randle", "state": "WA", "area-code": "509"}, {"id": "e81c9350d54f66c6d33b3747ee5df874", "number": "3477567625", "date": "2021-01-22 17:49:00", "subject": "7", "recorded-or-robo": "N", "city": "Brooklyn", "state": "NY", "area-code": "718"}, {"id": "deca54a6651fb9add5b4a9816cf28f75", "number": "3477567625", "date": "2021-01-22 17:49:00", "subject": "7", "recorded-or-robo": "N", "city": "Brooklyn", "state": "NY", "area-code": "718"}, {"id": "e81c9350d54f66c6d33b3747ee5de986", "number": "9712915243", "date": "2021-01-22 15:41:00", "subject": "4", "recorded-or-robo": "Y", "city": "Portland", "state": "OR", "area-code": "971"}, {"id": "deca54a6651fb9add5b4a9816cf289f0", "number": "9712915243", "date": "2021-01-22 15:41:00", "subject": "4", "recorded-or-robo": "Y", "city": "Portland", "state": "OR", "area-code": "971"}, {"id": "e81c9350d54f66c6d33b3747ee5dda38", "number": "2107646625", "date": "2021-01-20 11:36:00", "subject": "0", "recorded-or-robo": "Y", "city": "Tucson", "state": "AZ", "area-code": "520"}, {"id": "deca54a6651fb9add5b4a9816cf27cd0", "number": "2107646625", "date": "2021-01-20 11:36:00", "subject": "0", "recorded-or-robo": "Y", "city": "Tucson", "state": "AZ", "area-code": "520"}, {"id": "e81c9350d54f66c6d33b3747eec6901f", "number": "8303994635", "date": "2021-01-22 17:45:00", "subject": "3", "recorded-or-robo": "Y", "city": "", "state": "TX", "area-code": "830"}, {"id": "1d36742e3f24f50e4e7ae828015be677", "number": "8303994635", "date": "2021-01-22 17:45:00", "subject": "3", "recorded-or-robo": "Y", "city": "", "state": "TX", "area-code": "830"}, {"id": "e81c9350d54f66c6d33b3747ee5dcaac", "number": "2088164051", "date": "2021-01-22 10:38:00", "subject": "2", "recorded-or-robo": "N", "city": "West Memphis", "state": "AR", "area-code": "870"}, {"id": "deca54a6651fb9add5b4a9816cf270ae", "number": "2088164051", "date": "2021-01-22 10:38:00", "subject": "2", "recorded-or-robo": "N", "city": "West Memphis", "state": "AR", "area-code": "870"}, {"id": "e81c9350d54f66c6d33b3747ee3f2049", "number": "3463811049", "date": "2021-01-21 00:00:00", "subject": "3", "recorded-or-robo": "N", "city": "", "state": "IL", "area-code": "309"}, {"id": "deca54a6651fb9add5b4a9816cd36cf8", "number": "3463811049", "date": "2021-01-21 00:00:00", "subject": "3", "recorded-or-robo": "N", "city": "", "state": "IL", "area-code": "309"}, {"id": "e81c9350d54f66c6d33b3747ee5dc19c", "number": "3128903411", "date": "2021-01-22 15:50:00", "subject": "4", "recorded-or-robo": "Y", "city": "chicago", "state": "IL", "area-code": "312"}, {"id": "deca54a6651fb9add5b4a9816cf264a1", "number": "3128903411", "date": "2021-01-22 15:50:00", "subject": "4", "recorded-or-robo": "Y", "city": "chicago", "state": "IL", "area-code": "312"}, {"id": "e81c9350d54f66c6d33b3747ee5db996", "number": "4108016198", "date": "2021-01-22 11:20:00", "subject": "2", "recorded-or-robo": "N", "city": "Menasha", "state": "WI", "area-code": "920"}]}