{"data": [{"id": "deca54a6651fb9add5b4a9816cf3f6c7", "number": "5206894190", "date": "2021-01-21 14:05:00", "subject": "0", "recorded-or-robo": "Y", "city": "Tucson", "state": "AZ", "area-code": "520"}, {"id": "e81c9350d54f66c6d33b3747ee5f17dd", "number": "8884782845", "date": "2021-01-19 10:40:00", "subject": "6", "recorded-or-robo": "Y", "city": "San Diego", "state": "CA", "area-code": "949"}, {"id": "deca54a6651fb9add5b4a9816cf3ebd6", "number": "8884782845", "date": "2021-01-19 10:40:00", "subject": "6", "recorded-or-robo": "Y", "city": "San Diego", "state": "CA", "area-code": "949"}, {"id": "e81c9350d54f66c6d33b3747ee9fbbbe", "number": "2015946503", "date": "2021-01-22 18:55:07", "subject": "3", "recorded-or-robo": "Y", "city": "", "state": "NJ", "area-code": "201"}, {"id": "e81c9350d54f66c6d33b3747ee5f105e", "number": "87073532903", "date": "2021-01-22 16:14:00", "subject": "2", "recorded-or-robo": "N", "city": "West Memphis", "state": "AR", "area-code": "870"}, {"id": "deca54a6651fb9add5b4a9816cf3e907", "number": "87073532903", "date": "2021-01-22 16:14:00", "subject": "2", "recorded-or-robo": "N", "city": "West Memphis", "state": "AR", "area-code": "870"}, {"id": "1d36742e3f24f50e4e7ae8280134cdce", "number": "2015946503", "date": "2021-01-22 18:55:07", "subject": "3", "recorded-or-robo": "Y", "city": "", "state": "NJ", "area-code": "201"}, {"id": "e81c9350d54f66c6d33b3747ee5f02e7", "number": "5735847624", "date": "2021-01-22 16:44:00", "subject": "2", "recorded-or-robo": "Y", "city": "CENTERTOWN", "state": "MO", "area-code": "573"}, {"id": "deca54a6651fb9add5b4a9816cf3dd9f", "number": "5735847624", "date": "2021-01-22 16:44:00", "subject": "2", "recorded-or-robo": "Y", "city": "CENTERTOWN", "state": "MO", "area-code": "573"}, {"id": "e81c9350d54f66c6d33b3747ee5ef312", "number": "3144524886", "date": "2021-01-22 16:38:00", "subject": "3", "recorded-or-robo": "Y", "city": "Creve Couer", "state": "MO", "area-code": "314"}, {"id": "deca54a6651fb9add5b4a9816cf3d6db", "number": "3144524886", "date": "2021-01-22 16:38:00", "subject": "3", "recorded-or-robo": "Y", "city": "Creve Couer", "state": "MO", "area-code": "314"}, {"id": "e81c9350d54f66c6d33b3747ee5ef2f2", "number": "2083099395", "date": "2021-01-22 09:46:00", "subject": "0", "recorded-or-robo": "Y", "city": "Hailey", "state": "ID", "area-code": "208"}, {"id": "deca54a6651fb9add5b4a9816cf3c8ca", "number": "2083099395", "date": "2021-01-22 09:46:00", "subject": "0", "recorded-or-robo": "Y", "city": "Hailey", "state": "ID", "area-code": "208"}, {"id": "e81c9350d54f66c6d33b3747ee5ee490", "number": "3019607882", "date": "2021-01-16 09:25:00", "subject": "3", "recorded-or-robo": "N", "city": "Waldorf", "state": "MD", "area-code": "301"}, {"id": "deca54a6651fb9add5b4a9816cf3ba9d", "number": "3019607882", "date": "2021-01-16 09:25:00", "subject": "3", "recorded-or-robo": "N", "city": "Waldorf", "state": "MD", "area-code": "301"}, {"id": "e81c9350d54f66c6d33b3747ee9fa178", "number": "9083897791", "date": "2021-01-22 18:54:50", "subject": "3", "recorded-or-robo": "Y", "city": "", "state": "NJ", "area-code": "201"}, {"id": "1d36742e3f24f50e4e7ae8280134b5d9", "number": "9083897791", "date": "2021-01-22 18:54:50", "subject": "3", "recorded-or-robo": "Y", "city": "", "state": "NJ", "area-code": "201"}, {"id": "e81c9350d54f66c6d33b3747ee5edfb9", "number": "5618194185", "date": "2021-01-22 17:29:00", "subject": "2", "recorded-or-robo": "N", "city": "", "state": "WI", "area-code": "608"}, {"id": "deca54a6651fb9add5b4a9816cf3b816", "number": "5618194185", "date": "2021-01-22 17:29:00", "subject": "2", "recorded-or-robo": "N", "city": "", "state": "WI", "area-code": "608"}, {"id": "e81c9350d54f66c6d33b3747eea007c2", "number": "8885782146", "date": "2021-01-22 18:54:48", "subject": "3", "recorded-or-robo": "Y", "city": "", "state": "PA", "area-code": "267"}, {"id": "e81c9350d54f66c6d33b3747ee5ecfcf", "number": "", "date": "2021-01-22 19:00:00", "subject": "3", "recorded-or-robo": "Y", "city": "", "state": "NY", "area-code": "718"}, {"id": "deca54a6651fb9add5b4a9816cf3af32", "number": "", "date": "2021-01-22 19:00:00", "subject": "3", "recorded-or-robo": "Y", "city": "", "state": "NY", "area-code": "718"}, {"id": "1d36742e3f24f50e4e7ae828013518fd", "number": "8885782146", "date": "2021-01-22 18:54:48", "subject": "3", "recorded-or-robo": "Y", "city": "", "state": "PA", "area-code": "267"}, {"id": "e81c9350d54f66c6d33b3747ee9f9077", "number": "8885782146", "date": "2021-01-22 18:54:47", "subject": "3", "recorded-or-robo": "Y", "city": "", "state": "PA", "area-code": "267"}, {"id": "1d36742e3f24f50e4e7ae8280134a32f", "number": "8885782146", "date": "2021-01-22 18:54:47", "subject": "3", "recorded-or-robo": "Y", "city": "", "state": "PA", "area-code": "267"}, {"id": "e81c9350d54f66c6d33b3747eea0245c", "number": "+12137976565", "date": "2021-01-22 18:54:44", "subject": "3", "recorded-or-robo": "Y", "city": "", "state": "CA", "area-code": "213"}, {"id": "1d36742e3f24f50e4e7ae828013538ef", "number": "+12137976565", "date": "2021-01-22 18:54:44", "subject": "3", "recorded-or-robo": "Y", "city": "", "state": "CA", "area-code": "213"}, {"id": "e81c9350d54f66c6d33b3747ee5ec64f", "number": "7174459153", "date": "2021-01-22 17:51:00", "subject": "2", "recorded-or-robo": "Y", "city": "", "state": "PA", "area-code": "717"}, {"id": "e81c9350d54f66c6d33b3747ee5ebbfc", "number": "", "date": "2021-01-22 18:43:00", "subject": "7", "recorded-or-robo": "Y", "city": "", "state": "OH", "area-code": "513"}, {"id": "deca54a6651fb9add5b4a9816cf3a31e", "number": "7174459153", "date": "2021-01-22 17:51:00", "subject": "2", "recorded-or-robo": "Y", "city": "", "state": "PA", "area-code": "717"}, {"id": "deca54a6651fb9add5b4a9816cf39de1", "number": "", "date": "2021-01-22 18:43:00", "subject": "7", "recorded-or-robo": "Y", "city": "", "state": "OH", "area-code": "513"}, {"id": "e81c9350d54f66c6d33b3747ee5eb252", "number": "9496256239", "date": "2021-01-20 05:15:00", "subject": "3", "recorded-or-robo": "Y", "city": "", "state": "CA", "area-code": "510"}, {"id": "deca54a6651fb9add5b4a9816cf38ed4", "number": "9496256239", "date": "2021-01-20 05:15:00", "subject": "3", "recorded-or-robo": "Y", "city": "", "state": "CA", "area-code": "510"}, {"id": "e81c9350d54f66c6d33b3747ee9fd539", "number": "2018799845", "date": "2021-01-22 18:54:40", "subject": "3", "recorded-or-robo": "Y", "city": "", "state": "NJ", "area-code": "201"}, {"id": "e81c9350d54f66c6d33b3747ee5eb214", "number": "7603723108", "date": "2021-01-21 09:20:00", "subject": "12", "recorded-or-robo": "Y", "city": "Rancho Mirage", "state": "CA", "area-code": "760"}, {"id": "deca54a6651fb9add5b4a9816cf37f8c", "number": "7603723108", "date": "2021-01-21 09:20:00", "subject": "12", "recorded-or-robo": "Y", "city": "Rancho Mirage", "state": "CA", "area-code": "760"}, {"id": "1d36742e3f24f50e4e7ae8280134de20", "number": "2018799845", "date": "2021-01-22 18:54:40", "subject": "3", "recorded-or-robo": "Y", "city": "", "state": "NJ", "area-code": "201"}, {"id": "e81c9350d54f66c6d33b3747ee5eabb9", "number": "9093664126", "date": "2021-01-22 18:47:00", "subject": "3", "recorded-or-robo": "", "city": "", "state": "CT", "area-code": "203"}, {"id": "deca54a6651fb9add5b4a9816cf37be6", "number": "9093664126", "date": "2021-01-22 18:47:00", "subject": "3", "recorded-or-robo": "", "city": "", "state": "CT", "area-code": "203"}, {"id": "e81c9350d54f66c6d33b3747ee5e9dd3", "number": "8018295902", "date": "2021-01-22 12:00:00", "subject": "1", "recorded-or-robo": "Y", "city": "West Valley City", "state": "UT", "area-code": "801"}, {"id": "deca54a6651fb9add5b4a9816cf36d04", "number": "8018295902", "date": "2021-01-22 12:00:00", "subject": "1", "recorded-or-robo": "Y", "city": "West Valley City", "state": "UT", "area-code": "801"}, {"id": "e81c9350d54f66c6d33b3747ee5e96e8", "number": "8303011334", "date": "2021-01-21 17:05:00", "subject": "2", "recorded-or-robo": "Y", "city": "", "state": "TX", "area-code": "214"}, {"id": "deca54a6651fb9add5b4a9816cf36661", "number": "8303011334", "date": "2021-01-21 17:05:00", "subject": "2", "recorded-or-robo": "Y", "city": "", "state": "TX", "area-code": "214"}, {"id": "e81c9350d54f66c6d33b3747ee5e956d", "number": "3085004149", "date": "2021-01-22 12:21:00", "subject": "2", "recorded-or-robo": "N", "city": "West Memphis", "state": "AR", "area-code": "870"}, {"id": "deca54a6651fb9add5b4a9816cf36097", "number": "3085004149", "date": "2021-01-22 12:21:00", "subject": "2", "recorded-or-robo": "N", "city": "West Memphis", "state": "AR", "area-code": "870"}, {"id": "e81c9350d54f66c6d33b3747ee5e8b8b", "number": "9282784004", "date": "2021-01-20 10:10:00", "subject": "0", "recorded-or-robo": "Y", "city": "Tucson", "state": "AZ", "area-code": "520"}, {"id": "e81c9350d54f66c6d33b3747ee5e7d36", "number": "5202004196", "date": "2021-01-20 11:12:00", "subject": "0", "recorded-or-robo": "Y", "city": "Tucson", "state": "AZ", "area-code": "520"}, {"id": "deca54a6651fb9add5b4a9816cf35558", "number": "9282784004", "date": "2021-01-20 10:10:00", "subject": "0", "recorded-or-robo": "Y", "city": "Tucson", "state": "AZ", "area-code": "520"}, {"id": "deca54a6651fb9add5b4a9816cf3457f", "number": "5202004196", "date": "2021-01-20 11:12:00", "subject": "0", "recorded-or-robo": "Y", "city": "Tucson", "state": "AZ", "area-code": "520"}, {"id": "e81c9350d54f66c6d33b3747ee5e731b", "number": "3144521740", "date": "2021-01-22 03:52:00", "subject": "2", "recorded-or-robo": "Y", "city": "Creve Couer", "state": "MO", "area-code": "314"}]}