{"data": [{"id": "3decc6bfadaa436a105714c6ba616bc0", "number": "8147430514", "date": "2021-01-22 09:15:00", "subject": "0", "recorded-or-robo": "Y", "city": "", "state": "MD", "area-code": "410"}, {"id": "1d36742e3f24f50e4e7ae82801f757bf", "number": "8147430514", "date": "2021-01-22 09:15:00", "subject": "0", "recorded-or-robo": "Y", "city": "", "state": "MD", "area-code": "410"}, {"id": "3decc6bfadaa436a105714c6ba6162f2", "number": "8009666493", "date": "2021-01-21 00:00:00", "subject": "0", "recorded-or-robo": "N", "city": "Phoenix", "state": "AZ", "area-code": "480"}, {"id": "1d36742e3f24f50e4e7ae82801f74b90", "number": "8009666493", "date": "2021-01-21 00:00:00", "subject": "0", "recorded-or-robo": "N", "city": "Phoenix", "state": "AZ", "area-code": "480"}, {"id": "3decc6bfadaa436a105714c6ba615b61", "number": "8123376187", "date": "2021-01-22 08:47:00", "subject": "2", "recorded-or-robo": "N", "city": "", "state": "CA", "area-code": "310"}, {"id": "1d36742e3f24f50e4e7ae82801f73f65", "number": "8123376187", "date": "2021-01-22 08:47:00", "subject": "2", "recorded-or-robo": "N", "city": "", "state": "CA", "area-code": "310"}, {"id": "3decc6bfadaa436a105714c6ba612896", "number": "8647740765", "date": "2021-01-22 12:29:00", "subject": "3", "recorded-or-robo": "", "city": "", "state": "MO", "area-code": "636"}, {"id": "1d36742e3f24f50e4e7ae82801f70948", "number": "8647740765", "date": "2021-01-22 12:29:00", "subject": "3", "recorded-or-robo": "", "city": "", "state": "MO", "area-code": "636"}, {"id": "3decc6bfadaa436a105714c6ba615075", "number": "9253288197", "date": "2021-01-19 13:58:00", "subject": "4", "recorded-or-robo": "Y", "city": "", "state": "CA", "area-code": "408"}, {"id": "1d36742e3f24f50e4e7ae82801f73cc0", "number": "9253288197", "date": "2021-01-19 13:58:00", "subject": "4", "recorded-or-robo": "Y", "city": "", "state": "CA", "area-code": "408"}, {"id": "3decc6bfadaa436a105714c6ba801896", "number": "+18044292710", "date": "2021-01-23 19:32:00", "subject": "3", "recorded-or-robo": "N", "city": "", "state": "VA", "area-code": "804"}, {"id": "03e293b3df9e35eadf15c56119167b05", "number": "+18044292710", "date": "2021-01-23 19:32:00", "subject": "3", "recorded-or-robo": "N", "city": "", "state": "VA", "area-code": "804"}, {"id": "3decc6bfadaa436a105714c6ba614c39", "number": "4083104030", "date": "2021-01-22 17:00:00", "subject": "3", "recorded-or-robo": "Y", "city": "", "state": "NC", "area-code": "252"}, {"id": "1d36742e3f24f50e4e7ae82801f732e8", "number": "4083104030", "date": "2021-01-22 17:00:00", "subject": "3", "recorded-or-robo": "Y", "city": "", "state": "NC", "area-code": "252"}, {"id": "3decc6bfadaa436a105714c6ba6143f0", "number": "6822282827", "date": "2021-01-23 18:15:00", "subject": "0", "recorded-or-robo": "Y", "city": "Weatherford", "state": "TX", "area-code": "682"}, {"id": "1d36742e3f24f50e4e7ae82801f73271", "number": "6822282827", "date": "2021-01-23 18:15:00", "subject": "0", "recorded-or-robo": "Y", "city": "Weatherford", "state": "TX", "area-code": "682"}, {"id": "3decc6bfadaa436a105714c6ba613fe1", "number": "9842137611", "date": "2021-01-22 09:00:00", "subject": "0", "recorded-or-robo": "Y", "city": "", "state": "MD", "area-code": "410"}, {"id": "1d36742e3f24f50e4e7ae82801f72e00", "number": "9842137611", "date": "2021-01-22 09:00:00", "subject": "0", "recorded-or-robo": "Y", "city": "", "state": "MD", "area-code": "410"}, {"id": "3decc6bfadaa436a105714c6ba613742", "number": "8123927138", "date": "2021-01-22 09:42:00", "subject": "2", "recorded-or-robo": "Y", "city": "", "state": "CA", "area-code": "310"}, {"id": "1d36742e3f24f50e4e7ae82801f71eaa", "number": "8123927138", "date": "2021-01-22 09:42:00", "subject": "2", "recorded-or-robo": "Y", "city": "", "state": "CA", "area-code": "310"}, {"id": "3decc6bfadaa436a105714c6ba612fb9", "number": "4104520618", "date": "2021-01-21 16:58:00", "subject": "0", "recorded-or-robo": "", "city": "", "state": "MD", "area-code": "410"}, {"id": "1d36742e3f24f50e4e7ae82801f7160c", "number": "4104520618", "date": "2021-01-21 16:58:00", "subject": "0", "recorded-or-robo": "", "city": "", "state": "MD", "area-code": "410"}, {"id": "3decc6bfadaa436a105714c6ba800dc1", "number": "8707535088", "date": "2021-01-23 19:31:13", "subject": "3", "recorded-or-robo": "Y", "city": "", "state": "FL", "area-code": "954"}, {"id": "03e293b3df9e35eadf15c56119167298", "number": "8707535088", "date": "2021-01-23 19:31:13", "subject": "3", "recorded-or-robo": "Y", "city": "", "state": "FL", "area-code": "954"}, {"id": "3decc6bfadaa436a105714c6ba6125e3", "number": "5022420116", "date": "2021-01-22 17:36:00", "subject": "3", "recorded-or-robo": "", "city": "", "state": "NC", "area-code": "252"}, {"id": "1d36742e3f24f50e4e7ae82801f70644", "number": "5022420116", "date": "2021-01-22 17:36:00", "subject": "3", "recorded-or-robo": "", "city": "", "state": "NC", "area-code": "252"}, {"id": "3decc6bfadaa436a105714c6ba801b9a", "number": "7753007127", "date": "2021-01-23 19:31:06", "subject": "3", "recorded-or-robo": "Y", "city": "", "state": "NV", "area-code": "702"}, {"id": "03e293b3df9e35eadf15c56119167d7c", "number": "7753007127", "date": "2021-01-23 19:31:06", "subject": "3", "recorded-or-robo": "Y", "city": "", "state": "NV", "area-code": "702"}, {"id": "3decc6bfadaa436a105714c6ba612414", "number": "", "date": "2021-01-22 08:45:00", "subject": "0", "recorded-or-robo": "Y", "city": "", "state": "MD", "area-code": "410"}, {"id": "1d36742e3f24f50e4e7ae82801f6f960", "number": "", "date": "2021-01-22 08:45:00", "subject": "0", "recorded-or-robo": "Y", "city": "", "state": "MD", "area-code": "410"}, {"id": "3decc6bfadaa436a105714c6ba611a6a", "number": "2524368443", "date": "2021-01-22 17:55:00", "subject": "3", "recorded-or-robo": "", "city": "", "state": "NC", "area-code": "252"}, {"id": "3decc6bfadaa436a105714c6ba610b15", "number": "4139695696", "date": "2021-01-22 15:05:00", "subject": "2", "recorded-or-robo": "Y", "city": "", "state": "CA", "area-code": "310"}, {"id": "1d36742e3f24f50e4e7ae82801f6f7b8", "number": "2524368443", "date": "2021-01-22 17:55:00", "subject": "3", "recorded-or-robo": "", "city": "", "state": "NC", "area-code": "252"}, {"id": "1d36742e3f24f50e4e7ae82801f6edc8", "number": "4139695696", "date": "2021-01-22 15:05:00", "subject": "2", "recorded-or-robo": "Y", "city": "", "state": "CA", "area-code": "310"}, {"id": "3decc6bfadaa436a105714c6ba610685", "number": "7325383386", "date": "2021-01-21 10:30:00", "subject": "4", "recorded-or-robo": "Y", "city": "", "state": "NJ", "area-code": "732"}, {"id": "1d36742e3f24f50e4e7ae82801f6e9d5", "number": "7325383386", "date": "2021-01-21 10:30:00", "subject": "4", "recorded-or-robo": "Y", "city": "", "state": "NJ", "area-code": "732"}, {"id": "3decc6bfadaa436a105714c6ba60f82b", "number": "4434896405", "date": "2021-01-22 08:30:00", "subject": "2", "recorded-or-robo": "Y", "city": "", "state": "MD", "area-code": "410"}, {"id": "1d36742e3f24f50e4e7ae82801f6dcbd", "number": "4434896405", "date": "2021-01-22 08:30:00", "subject": "2", "recorded-or-robo": "Y", "city": "", "state": "MD", "area-code": "410"}, {"id": "3decc6bfadaa436a105714c6ba60eb86", "number": "4105147298", "date": "2021-01-21 10:52:00", "subject": "0", "recorded-or-robo": "", "city": "", "state": "MD", "area-code": "410"}, {"id": "1d36742e3f24f50e4e7ae82801f6dba9", "number": "4105147298", "date": "2021-01-21 10:52:00", "subject": "0", "recorded-or-robo": "", "city": "", "state": "MD", "area-code": "410"}, {"id": "3decc6bfadaa436a105714c6ba60e894", "number": "6602217904", "date": "2021-01-23 17:04:00", "subject": "1", "recorded-or-robo": "Y", "city": "Windsor", "state": "MO", "area-code": "660"}, {"id": "1d36742e3f24f50e4e7ae82801f6d995", "number": "6602217904", "date": "2021-01-23 17:04:00", "subject": "1", "recorded-or-robo": "Y", "city": "Windsor", "state": "MO", "area-code": "660"}, {"id": "3decc6bfadaa436a105714c6ba60db0c", "number": "3152328257", "date": "2021-01-23 18:13:00", "subject": "1", "recorded-or-robo": "Y", "city": "", "state": "MO", "area-code": "314"}, {"id": "1d36742e3f24f50e4e7ae82801f6d05b", "number": "3152328257", "date": "2021-01-23 18:13:00", "subject": "1", "recorded-or-robo": "Y", "city": "", "state": "MO", "area-code": "314"}, {"id": "3decc6bfadaa436a105714c6ba7fd656", "number": "+17623204063", "date": "2021-01-23 19:29:45", "subject": "3", "recorded-or-robo": "Y", "city": "", "state": "GA", "area-code": "404"}, {"id": "3decc6bfadaa436a105714c6ba60ce5a", "number": "6627636077", "date": "2021-01-23 10:53:00", "subject": "2", "recorded-or-robo": "N", "city": "North Apollo", "state": "PA", "area-code": "724"}, {"id": "1d36742e3f24f50e4e7ae82801f6ca72", "number": "6627636077", "date": "2021-01-23 10:53:00", "subject": "2", "recorded-or-robo": "N", "city": "North Apollo", "state": "PA", "area-code": "724"}, {"id": "03e293b3df9e35eadf15c5611916357b", "number": "+17623204063", "date": "2021-01-23 19:29:45", "subject": "3", "recorded-or-robo": "Y", "city": "", "state": "GA", "area-code": "404"}, {"id": "3decc6bfadaa436a105714c6ba607e66", "number": "", "date": "2021-01-23 18:22:00", "subject": "3", "recorded-or-robo": "N", "city": "", "state": "AR", "area-code": "870"}, {"id": "1d36742e3f24f50e4e7ae82801f6812f", "number": "", "date": "2021-01-23 18:22:00", "subject": "3", "recorded-or-robo": "N", "city": "", "state": "AR", "area-code": "870"}]}