{"data": [{"id": "1d36742e3f24f50e4e7ae8280108b233", "number": "9852891919", "date": "2021-01-21 15:15:00", "subject": "2", "recorded-or-robo": "N", "city": "Maumelle", "state": "AR", "area-code": "501"}, {"id": "e81c9350d54f66c6d33b3747eea67e0c", "number": "+19494941000", "date": "2021-01-22 19:40:57", "subject": "3", "recorded-or-robo": "Y", "city": "", "state": "CA", "area-code": "760"}, {"id": "1d36742e3f24f50e4e7ae828013b6b24", "number": "+19494941000", "date": "2021-01-22 19:40:57", "subject": "3", "recorded-or-robo": "Y", "city": "", "state": "CA", "area-code": "760"}, {"id": "e81c9350d54f66c6d33b3747eea5c25a", "number": "2136871327", "date": "2021-01-22 19:40:54", "subject": "3", "recorded-or-robo": "Y", "city": "", "state": "CA", "area-code": "310"}, {"id": "e81c9350d54f66c6d33b3747ee7392c7", "number": "9782342165", "date": "2021-01-22 17:50:00", "subject": "2", "recorded-or-robo": "N", "city": "Wetumpka", "state": "AL", "area-code": "334"}, {"id": "1d36742e3f24f50e4e7ae828013aaf58", "number": "2136871327", "date": "2021-01-22 19:40:54", "subject": "3", "recorded-or-robo": "Y", "city": "", "state": "CA", "area-code": "310"}, {"id": "1d36742e3f24f50e4e7ae8280108aeb8", "number": "9782342165", "date": "2021-01-22 17:50:00", "subject": "2", "recorded-or-robo": "N", "city": "Wetumpka", "state": "AL", "area-code": "334"}, {"id": "e81c9350d54f66c6d33b3747ee738921", "number": "7084668387", "date": "2021-01-21 18:23:00", "subject": "0", "recorded-or-robo": "", "city": "Monee", "state": "IL", "area-code": "708"}, {"id": "1d36742e3f24f50e4e7ae8280108a648", "number": "7084668387", "date": "2021-01-21 18:23:00", "subject": "0", "recorded-or-robo": "", "city": "Monee", "state": "IL", "area-code": "708"}, {"id": "e81c9350d54f66c6d33b3747eea6047d", "number": "+18004332682", "date": "2021-01-22 19:40:39", "subject": "3", "recorded-or-robo": "Y", "city": "", "state": "IL", "area-code": "847"}, {"id": "1d36742e3f24f50e4e7ae828013aeae4", "number": "+18004332682", "date": "2021-01-22 19:40:39", "subject": "3", "recorded-or-robo": "Y", "city": "", "state": "IL", "area-code": "847"}, {"id": "e81c9350d54f66c6d33b3747eea6482f", "number": "+17752593513", "date": "2021-01-22 19:40:38", "subject": "3", "recorded-or-robo": "Y", "city": "", "state": "NV", "area-code": "702"}, {"id": "e81c9350d54f66c6d33b3747ee7385a0", "number": "5716852606", "date": "2021-01-15 13:59:00", "subject": "2", "recorded-or-robo": "Y", "city": "", "state": "PA", "area-code": "814"}, {"id": "1d36742e3f24f50e4e7ae828013b215d", "number": "+17752593513", "date": "2021-01-22 19:40:38", "subject": "3", "recorded-or-robo": "Y", "city": "", "state": "NV", "area-code": "702"}, {"id": "1d36742e3f24f50e4e7ae8280108a28c", "number": "5716852606", "date": "2021-01-15 13:59:00", "subject": "2", "recorded-or-robo": "Y", "city": "", "state": "PA", "area-code": "814"}, {"id": "e81c9350d54f66c6d33b3747ee7380df", "number": "5402816841", "date": "2021-01-08 00:00:00", "subject": "3", "recorded-or-robo": "Y", "city": "La Crosse", "state": "VA", "area-code": "434"}, {"id": "1d36742e3f24f50e4e7ae82801089623", "number": "5402816841", "date": "2021-01-08 00:00:00", "subject": "3", "recorded-or-robo": "Y", "city": "La Crosse", "state": "VA", "area-code": "434"}, {"id": "e81c9350d54f66c6d33b3747ee737eeb", "number": "8556571563", "date": "2021-01-22 19:12:00", "subject": "0", "recorded-or-robo": "N", "city": "", "state": "MI", "area-code": "616"}, {"id": "1d36742e3f24f50e4e7ae8280108945f", "number": "8556571563", "date": "2021-01-22 19:12:00", "subject": "0", "recorded-or-robo": "N", "city": "", "state": "MI", "area-code": "616"}, {"id": "e81c9350d54f66c6d33b3747ee7375e2", "number": "3477354046", "date": "2021-01-21 09:43:00", "subject": "0", "recorded-or-robo": "", "city": "Southampton", "state": "MA", "area-code": "413"}, {"id": "1d36742e3f24f50e4e7ae8280108877f", "number": "3477354046", "date": "2021-01-21 09:43:00", "subject": "0", "recorded-or-robo": "", "city": "Southampton", "state": "MA", "area-code": "413"}, {"id": "e81c9350d54f66c6d33b3747ee736af7", "number": "8137589114", "date": "2021-01-21 17:33:00", "subject": "3", "recorded-or-robo": "N", "city": "APOLLO BEACH", "state": "FL", "area-code": "813"}, {"id": "1d36742e3f24f50e4e7ae82801087cbd", "number": "8137589114", "date": "2021-01-21 17:33:00", "subject": "3", "recorded-or-robo": "N", "city": "APOLLO BEACH", "state": "FL", "area-code": "813"}, {"id": "e81c9350d54f66c6d33b3747ee7361e9", "number": "4157232450", "date": "2021-01-21 15:43:00", "subject": "2", "recorded-or-robo": "N", "city": "Maumelle", "state": "AR", "area-code": "501"}, {"id": "1d36742e3f24f50e4e7ae8280108796b", "number": "4157232450", "date": "2021-01-21 15:43:00", "subject": "2", "recorded-or-robo": "N", "city": "Maumelle", "state": "AR", "area-code": "501"}, {"id": "e81c9350d54f66c6d33b3747eea68778", "number": "+17252418480", "date": "2021-01-22 19:40:08", "subject": "3", "recorded-or-robo": "Y", "city": "", "state": "NV", "area-code": "702"}, {"id": "1d36742e3f24f50e4e7ae828013b78a9", "number": "+17252418480", "date": "2021-01-22 19:40:08", "subject": "3", "recorded-or-robo": "Y", "city": "", "state": "NV", "area-code": "702"}, {"id": "e81c9350d54f66c6d33b3747eea667c5", "number": "7604892957", "date": "2021-01-22 19:40:07", "subject": "3", "recorded-or-robo": "N", "city": "", "state": "CA", "area-code": "760"}, {"id": "1d36742e3f24f50e4e7ae828013b4d17", "number": "7604892957", "date": "2021-01-22 19:40:07", "subject": "3", "recorded-or-robo": "N", "city": "", "state": "CA", "area-code": "760"}, {"id": "e81c9350d54f66c6d33b3747eea646d5", "number": "+16158736939", "date": "2021-01-22 19:40:05", "subject": "3", "recorded-or-robo": "Y", "city": "", "state": "TN", "area-code": "615"}, {"id": "e81c9350d54f66c6d33b3747eea5e1a5", "number": "+18475510477", "date": "2021-01-22 19:40:05", "subject": "3", "recorded-or-robo": "Y", "city": "", "state": "IL", "area-code": "847"}, {"id": "1d36742e3f24f50e4e7ae828013b1d8b", "number": "+16158736939", "date": "2021-01-22 19:40:05", "subject": "3", "recorded-or-robo": "Y", "city": "", "state": "TN", "area-code": "615"}, {"id": "1d36742e3f24f50e4e7ae828013ac16f", "number": "+18475510477", "date": "2021-01-22 19:40:05", "subject": "3", "recorded-or-robo": "Y", "city": "", "state": "IL", "area-code": "847"}, {"id": "e81c9350d54f66c6d33b3747ee73600a", "number": "8008952188", "date": "2021-01-21 00:00:00", "subject": "3", "recorded-or-robo": "N", "city": "", "state": "NJ", "area-code": "973"}, {"id": "1d36742e3f24f50e4e7ae82801086eca", "number": "8008952188", "date": "2021-01-21 00:00:00", "subject": "3", "recorded-or-robo": "N", "city": "", "state": "NJ", "area-code": "973"}, {"id": "e81c9350d54f66c6d33b3747ee7354f4", "number": "6149547971", "date": "2021-01-22 15:06:00", "subject": "0", "recorded-or-robo": "Y", "city": "Kettering", "state": "OH", "area-code": "937"}, {"id": "e81c9350d54f66c6d33b3747ee734f65", "number": "3036862650", "date": "2020-10-07 12:43:00", "subject": "0", "recorded-or-robo": "Y", "city": "Manassas", "state": "VA", "area-code": "703"}, {"id": "1d36742e3f24f50e4e7ae82801086b2b", "number": "6149547971", "date": "2021-01-22 15:06:00", "subject": "0", "recorded-or-robo": "Y", "city": "Kettering", "state": "OH", "area-code": "937"}, {"id": "1d36742e3f24f50e4e7ae82801085bf0", "number": "3036862650", "date": "2020-10-07 12:43:00", "subject": "0", "recorded-or-robo": "Y", "city": "Manassas", "state": "VA", "area-code": "703"}, {"id": "e81c9350d54f66c6d33b3747ee7348a2", "number": "7038444990", "date": "2021-01-21 13:50:00", "subject": "3", "recorded-or-robo": "N", "city": "", "state": "VA", "area-code": "703"}, {"id": "1d36742e3f24f50e4e7ae82801085632", "number": "7038444990", "date": "2021-01-21 13:50:00", "subject": "3", "recorded-or-robo": "N", "city": "", "state": "VA", "area-code": "703"}, {"id": "e81c9350d54f66c6d33b3747ee72eef9", "number": "5139100320", "date": "2021-01-22 16:10:00", "subject": "3", "recorded-or-robo": "", "city": "", "state": "OH", "area-code": "513"}, {"id": "1d36742e3f24f50e4e7ae82801080a64", "number": "5139100320", "date": "2021-01-22 16:10:00", "subject": "3", "recorded-or-robo": "", "city": "", "state": "OH", "area-code": "513"}, {"id": "e81c9350d54f66c6d33b3747ee7345f6", "number": "", "date": "2021-01-22 18:35:00", "subject": "2", "recorded-or-robo": "Y", "city": "", "state": "MO", "area-code": "314"}, {"id": "1d36742e3f24f50e4e7ae8280108508e", "number": "", "date": "2021-01-22 18:35:00", "subject": "2", "recorded-or-robo": "Y", "city": "", "state": "MO", "area-code": "314"}, {"id": "e81c9350d54f66c6d33b3747ee73411d", "number": "4133706699", "date": "2021-01-21 09:41:00", "subject": "0", "recorded-or-robo": "", "city": "Southampton", "state": "MA", "area-code": "413"}, {"id": "1d36742e3f24f50e4e7ae828010848ef", "number": "4133706699", "date": "2021-01-21 09:41:00", "subject": "0", "recorded-or-robo": "", "city": "Southampton", "state": "MA", "area-code": "413"}, {"id": "e81c9350d54f66c6d33b3747ee73324d", "number": "", "date": "2021-01-22 19:30:00", "subject": "9", "recorded-or-robo": "Y", "city": "", "state": "NY", "area-code": "718"}, {"id": "1d36742e3f24f50e4e7ae8280108472f", "number": "", "date": "2021-01-22 19:30:00", "subject": "9", "recorded-or-robo": "Y", "city": "", "state": "NY", "area-code": "718"}, {"id": "e81c9350d54f66c6d33b3747ee732caf", "number": "8663588610", "date": "2021-01-18 07:10:00", "subject": "2", "recorded-or-robo": "Y", "city": "Medford", "state": "OR", "area-code": "541"}]}