{"data": [{"id": "deca54a6651fb9add5b4a9816cff3e8f", "number": "2134687628", "date": "2021-01-22 15:31:00", "subject": "1", "recorded-or-robo": "N", "city": "Fullerton", "state": "CA", "area-code": "714"}, {"id": "e81c9350d54f66c6d33b3747eea3ac65", "number": "5058055451", "date": "2021-01-22 19:18:40", "subject": "3", "recorded-or-robo": "Y", "city": "", "state": "NM", "area-code": "505"}, {"id": "1d36742e3f24f50e4e7ae8280138bc1b", "number": "5058055451", "date": "2021-01-22 19:18:40", "subject": "3", "recorded-or-robo": "Y", "city": "", "state": "NM", "area-code": "505"}, {"id": "e81c9350d54f66c6d33b3747ee6a011d", "number": "5082528037", "date": "2021-01-22 15:17:00", "subject": "1", "recorded-or-robo": "Y", "city": "Rehoboth", "state": "MA", "area-code": "508"}, {"id": "deca54a6651fb9add5b4a9816cff333b", "number": "5082528037", "date": "2021-01-22 15:17:00", "subject": "1", "recorded-or-robo": "Y", "city": "Rehoboth", "state": "MA", "area-code": "508"}, {"id": "e81c9350d54f66c6d33b3747ee69fba2", "number": "7636340324", "date": "2021-01-22 12:08:00", "subject": "2", "recorded-or-robo": "Y", "city": "Maple Grove", "state": "MN", "area-code": "763"}, {"id": "deca54a6651fb9add5b4a9816cff2df7", "number": "7636340324", "date": "2021-01-22 12:08:00", "subject": "2", "recorded-or-robo": "Y", "city": "Maple Grove", "state": "MN", "area-code": "763"}, {"id": "e81c9350d54f66c6d33b3747ee69ed1d", "number": "4062951919", "date": "2020-10-27 13:45:00", "subject": "0", "recorded-or-robo": "Y", "city": "Manassas", "state": "VA", "area-code": "703"}, {"id": "deca54a6651fb9add5b4a9816cff24a9", "number": "4062951919", "date": "2020-10-27 13:45:00", "subject": "0", "recorded-or-robo": "Y", "city": "Manassas", "state": "VA", "area-code": "703"}, {"id": "e81c9350d54f66c6d33b3747eea39322", "number": "4109384582", "date": "2021-01-22 19:18:32", "subject": "3", "recorded-or-robo": "Y", "city": "", "state": "MD", "area-code": "410"}, {"id": "1d36742e3f24f50e4e7ae82801389c7f", "number": "4109384582", "date": "2021-01-22 19:18:32", "subject": "3", "recorded-or-robo": "Y", "city": "", "state": "MD", "area-code": "410"}, {"id": "e81c9350d54f66c6d33b3747eea3c3ab", "number": "5089276656", "date": "2021-01-22 19:18:30", "subject": "3", "recorded-or-robo": "Y", "city": "", "state": "CA", "area-code": "408"}, {"id": "e81c9350d54f66c6d33b3747ee69e729", "number": "5414417549", "date": "2021-01-22 16:16:00", "subject": "4", "recorded-or-robo": "Y", "city": "Cottage Grove", "state": "OR", "area-code": "541"}, {"id": "deca54a6651fb9add5b4a9816cff1644", "number": "5414417549", "date": "2021-01-22 16:16:00", "subject": "4", "recorded-or-robo": "Y", "city": "Cottage Grove", "state": "OR", "area-code": "541"}, {"id": "1d36742e3f24f50e4e7ae8280138c55f", "number": "5089276656", "date": "2021-01-22 19:18:30", "subject": "3", "recorded-or-robo": "Y", "city": "", "state": "CA", "area-code": "408"}, {"id": "e81c9350d54f66c6d33b3747eea36995", "number": "9792887126", "date": "2021-01-22 19:18:29", "subject": "3", "recorded-or-robo": "Y", "city": "", "state": "TX", "area-code": "817"}, {"id": "e81c9350d54f66c6d33b3747ee69e1d4", "number": "3013100131", "date": "2021-01-21 17:18:00", "subject": "0", "recorded-or-robo": "Y", "city": "Fort  Washington", "state": "MD", "area-code": "301"}, {"id": "deca54a6651fb9add5b4a9816cff0bb3", "number": "3013100131", "date": "2021-01-21 17:18:00", "subject": "0", "recorded-or-robo": "Y", "city": "Fort  Washington", "state": "MD", "area-code": "301"}, {"id": "1d36742e3f24f50e4e7ae8280138537d", "number": "9792887126", "date": "2021-01-22 19:18:29", "subject": "3", "recorded-or-robo": "Y", "city": "", "state": "TX", "area-code": "817"}, {"id": "e81c9350d54f66c6d33b3747ee69da4d", "number": "3607515347", "date": "2021-01-22 16:07:00", "subject": "9", "recorded-or-robo": "Y", "city": "Seattle", "state": "WA", "area-code": "206"}, {"id": "deca54a6651fb9add5b4a9816cfeffc9", "number": "3607515347", "date": "2021-01-22 16:07:00", "subject": "9", "recorded-or-robo": "Y", "city": "Seattle", "state": "WA", "area-code": "206"}, {"id": "e81c9350d54f66c6d33b3747ee696460", "number": "7149983540", "date": "2021-01-22 14:32:00", "subject": "3", "recorded-or-robo": "N", "city": "", "state": "CA", "area-code": "714"}, {"id": "deca54a6651fb9add5b4a9816cfe7f66", "number": "7149983540", "date": "2021-01-22 14:32:00", "subject": "3", "recorded-or-robo": "N", "city": "", "state": "CA", "area-code": "714"}, {"id": "e81c9350d54f66c6d33b3747ee69d42c", "number": "5167662519", "date": "2021-01-21 12:13:00", "subject": "3", "recorded-or-robo": "Y", "city": "", "state": "NY", "area-code": "516"}, {"id": "e81c9350d54f66c6d33b3747ee69c664", "number": "7546667933", "date": "2021-01-22 14:22:00", "subject": "3", "recorded-or-robo": "N", "city": "", "state": "WV", "area-code": "304"}, {"id": "deca54a6651fb9add5b4a9816cfef9c0", "number": "5167662519", "date": "2021-01-21 12:13:00", "subject": "3", "recorded-or-robo": "Y", "city": "", "state": "NY", "area-code": "516"}, {"id": "deca54a6651fb9add5b4a9816cfeea45", "number": "7546667933", "date": "2021-01-22 14:22:00", "subject": "3", "recorded-or-robo": "N", "city": "", "state": "WV", "area-code": "304"}, {"id": "e81c9350d54f66c6d33b3747ee69d07c", "number": "2312733307", "date": "2021-01-22 19:11:00", "subject": "2", "recorded-or-robo": "Y", "city": "", "state": "MI", "area-code": "586"}, {"id": "deca54a6651fb9add5b4a9816cfeeeea", "number": "2312733307", "date": "2021-01-22 19:11:00", "subject": "2", "recorded-or-robo": "Y", "city": "", "state": "MI", "area-code": "586"}, {"id": "e81c9350d54f66c6d33b3747eea37b95", "number": "+14015672018", "date": "2021-01-22 19:18:14", "subject": "3", "recorded-or-robo": "Y", "city": "", "state": "NY", "area-code": "631"}, {"id": "1d36742e3f24f50e4e7ae82801386e43", "number": "+14015672018", "date": "2021-01-22 19:18:14", "subject": "3", "recorded-or-robo": "Y", "city": "", "state": "NY", "area-code": "631"}, {"id": "e81c9350d54f66c6d33b3747eea3485e", "number": "3168005222", "date": "2021-01-22 19:18:11", "subject": "3", "recorded-or-robo": "Y", "city": "", "state": "KS", "area-code": "316"}, {"id": "1d36742e3f24f50e4e7ae828013829d6", "number": "3168005222", "date": "2021-01-22 19:18:11", "subject": "3", "recorded-or-robo": "Y", "city": "", "state": "KS", "area-code": "316"}, {"id": "e81c9350d54f66c6d33b3747eea3d4fa", "number": "3168005222", "date": "2021-01-22 19:18:10", "subject": "3", "recorded-or-robo": "Y", "city": "", "state": "KS", "area-code": "316"}, {"id": "1d36742e3f24f50e4e7ae8280138e980", "number": "3168005222", "date": "2021-01-22 19:18:10", "subject": "3", "recorded-or-robo": "Y", "city": "", "state": "KS", "area-code": "316"}, {"id": "e81c9350d54f66c6d33b3747eea381b0", "number": "3175982361", "date": "2021-01-22 19:18:00", "subject": "3", "recorded-or-robo": "Y", "city": "", "state": "IN", "area-code": "317"}, {"id": "1d36742e3f24f50e4e7ae82801386eab", "number": "3175982361", "date": "2021-01-22 19:18:00", "subject": "3", "recorded-or-robo": "Y", "city": "", "state": "IN", "area-code": "317"}, {"id": "e81c9350d54f66c6d33b3747ee69d00d", "number": "5613428288", "date": "2021-01-19 16:17:00", "subject": "4", "recorded-or-robo": "Y", "city": "", "state": "FL", "area-code": "561"}, {"id": "e81c9350d54f66c6d33b3747ee6948b3", "number": "5135892746", "date": "2021-01-22 15:26:00", "subject": "3", "recorded-or-robo": "", "city": "", "state": "MT", "area-code": "406"}, {"id": "deca54a6651fb9add5b4a9816cfeec6f", "number": "5613428288", "date": "2021-01-19 16:17:00", "subject": "4", "recorded-or-robo": "Y", "city": "", "state": "FL", "area-code": "561"}, {"id": "deca54a6651fb9add5b4a9816cfe6588", "number": "5135892746", "date": "2021-01-22 15:26:00", "subject": "3", "recorded-or-robo": "", "city": "", "state": "MT", "area-code": "406"}, {"id": "e81c9350d54f66c6d33b3747eea2fc93", "number": "+18605661163", "date": "2021-01-22 19:17:57", "subject": "3", "recorded-or-robo": "Y", "city": "", "state": "CT", "area-code": "860"}, {"id": "1d36742e3f24f50e4e7ae8280137d8c8", "number": "+18605661163", "date": "2021-01-22 19:17:57", "subject": "3", "recorded-or-robo": "Y", "city": "", "state": "CT", "area-code": "860"}, {"id": "e81c9350d54f66c6d33b3747ee69bd7b", "number": "8606724196", "date": "2021-01-21 10:14:00", "subject": "3", "recorded-or-robo": "Y", "city": "", "state": "CT", "area-code": "860"}, {"id": "deca54a6651fb9add5b4a9816cfedba9", "number": "8606724196", "date": "2021-01-21 10:14:00", "subject": "3", "recorded-or-robo": "Y", "city": "", "state": "CT", "area-code": "860"}, {"id": "e81c9350d54f66c6d33b3747ee69bb53", "number": "5167662519", "date": "2021-01-21 12:13:00", "subject": "3", "recorded-or-robo": "Y", "city": "", "state": "NY", "area-code": "516"}, {"id": "deca54a6651fb9add5b4a9816cfecf9b", "number": "5167662519", "date": "2021-01-21 12:13:00", "subject": "3", "recorded-or-robo": "Y", "city": "", "state": "NY", "area-code": "516"}, {"id": "e81c9350d54f66c6d33b3747ee69acad", "number": "6155763347", "date": "2020-10-28 12:47:00", "subject": "0", "recorded-or-robo": "Y", "city": "Manassas", "state": "VA", "area-code": "703"}, {"id": "e81c9350d54f66c6d33b3747ee69a9e6", "number": "8884230900", "date": "2021-01-21 13:05:00", "subject": "4", "recorded-or-robo": "Y", "city": "Fort  Washington", "state": "MD", "area-code": "301"}, {"id": "deca54a6651fb9add5b4a9816cfec37b", "number": "6155763347", "date": "2020-10-28 12:47:00", "subject": "0", "recorded-or-robo": "Y", "city": "Manassas", "state": "VA", "area-code": "703"}]}