{"data": [{"id": "03e293b3df9e35eadf15c5611963c643", "number": "", "date": "2021-01-18 12:06:00", "subject": "6", "recorded-or-robo": "Y", "city": "Woodcliff Lake", "state": "NJ", "area-code": "201"}, {"id": "03e293b3df9e35eadf15c5611963c336", "number": "5092556422", "date": "2021-01-24 16:34:00", "subject": "2", "recorded-or-robo": "Y", "city": "Liberty Lake", "state": "WA", "area-code": "509"}, {"id": "3decc6bfadaa436a105714c6bacd6cc0", "number": "6604778224", "date": "2021-01-24 00:00:00", "subject": "3", "recorded-or-robo": "", "city": "", "state": "MO", "area-code": "660"}, {"id": "03e293b3df9e35eadf15c5611963b297", "number": "6604778224", "date": "2021-01-24 00:00:00", "subject": "3", "recorded-or-robo": "", "city": "", "state": "MO", "area-code": "660"}, {"id": "3decc6bfadaa436a105714c6bacd8938", "number": "", "date": "2021-01-15 12:00:00", "subject": "6", "recorded-or-robo": "Y", "city": "Woodcliff Lake", "state": "NJ", "area-code": "201"}, {"id": "03e293b3df9e35eadf15c5611963c16e", "number": "", "date": "2021-01-15 12:00:00", "subject": "6", "recorded-or-robo": "Y", "city": "Woodcliff Lake", "state": "NJ", "area-code": "201"}, {"id": "3decc6bfadaa436a105714c6bacd7c47", "number": "9362324763", "date": "2021-01-24 16:46:00", "subject": "0", "recorded-or-robo": "N", "city": "", "state": "WA", "area-code": "509"}, {"id": "03e293b3df9e35eadf15c5611963b5df", "number": "9362324763", "date": "2021-01-24 16:46:00", "subject": "0", "recorded-or-robo": "N", "city": "", "state": "WA", "area-code": "509"}, {"id": "3decc6bfadaa436a105714c6bacd6248", "number": "8556782992", "date": "2021-01-24 19:45:00", "subject": "1", "recorded-or-robo": "N", "city": "Manassas", "state": "VA", "area-code": "703"}, {"id": "03e293b3df9e35eadf15c5611963af3a", "number": "8556782992", "date": "2021-01-24 19:45:00", "subject": "1", "recorded-or-robo": "N", "city": "Manassas", "state": "VA", "area-code": "703"}, {"id": "3decc6bfadaa436a105714c6bacd5e85", "number": "5092557704", "date": "2021-01-24 04:21:00", "subject": "2", "recorded-or-robo": "Y", "city": "Liberty Lake", "state": "WA", "area-code": "509"}, {"id": "03e293b3df9e35eadf15c5611963a5c8", "number": "5092557704", "date": "2021-01-24 04:21:00", "subject": "2", "recorded-or-robo": "Y", "city": "Liberty Lake", "state": "WA", "area-code": "509"}, {"id": "3decc6bfadaa436a105714c6bacd4fc1", "number": "8668721743", "date": "2021-01-24 13:36:00", "subject": "2", "recorded-or-robo": "", "city": "", "state": "KS", "area-code": "316"}, {"id": "03e293b3df9e35eadf15c56119639f18", "number": "8668721743", "date": "2021-01-24 13:36:00", "subject": "2", "recorded-or-robo": "", "city": "", "state": "KS", "area-code": "316"}, {"id": "3decc6bfadaa436a105714c6bacd4b18", "number": "5712600865", "date": "2021-01-21 12:33:00", "subject": "4", "recorded-or-robo": "Y", "city": "Alexandria", "state": "VA", "area-code": "703"}, {"id": "03e293b3df9e35eadf15c561196397bb", "number": "5712600865", "date": "2021-01-21 12:33:00", "subject": "4", "recorded-or-robo": "Y", "city": "Alexandria", "state": "VA", "area-code": "703"}, {"id": "3decc6bfadaa436a105714c6bacd45dd", "number": "5092559842", "date": "2021-01-24 16:15:00", "subject": "2", "recorded-or-robo": "Y", "city": "Liberty Lake", "state": "WA", "area-code": "509"}, {"id": "03e293b3df9e35eadf15c56119638fc7", "number": "5092559842", "date": "2021-01-24 16:15:00", "subject": "2", "recorded-or-robo": "Y", "city": "Liberty Lake", "state": "WA", "area-code": "509"}, {"id": "3decc6bfadaa436a105714c6bacd3cc4", "number": "2154350835", "date": "2021-01-24 06:50:00", "subject": "0", "recorded-or-robo": "Y", "city": "", "state": "AR", "area-code": "479"}, {"id": "03e293b3df9e35eadf15c561196389fa", "number": "2154350835", "date": "2021-01-24 06:50:00", "subject": "0", "recorded-or-robo": "Y", "city": "", "state": "AR", "area-code": "479"}, {"id": "3decc6bfadaa436a105714c6bacd2dc6", "number": "8668721743", "date": "2021-01-24 13:36:00", "subject": "2", "recorded-or-robo": "", "city": "", "state": "KS", "area-code": "316"}, {"id": "03e293b3df9e35eadf15c5611963879c", "number": "8668721743", "date": "2021-01-24 13:36:00", "subject": "2", "recorded-or-robo": "", "city": "", "state": "KS", "area-code": "316"}, {"id": "3decc6bfadaa436a105714c6bacd26b2", "number": "2096536483", "date": "2021-01-24 16:38:00", "subject": "2", "recorded-or-robo": "Y", "city": "", "state": "CA", "area-code": "209"}, {"id": "03e293b3df9e35eadf15c561196380ba", "number": "2096536483", "date": "2021-01-24 16:38:00", "subject": "2", "recorded-or-robo": "Y", "city": "", "state": "CA", "area-code": "209"}, {"id": "3decc6bfadaa436a105714c6bacd1c24", "number": "3233098828", "date": "2021-01-24 16:00:00", "subject": "2", "recorded-or-robo": "Y", "city": "", "state": "CA", "area-code": "323"}, {"id": "03e293b3df9e35eadf15c5611963792f", "number": "3233098828", "date": "2021-01-24 16:00:00", "subject": "2", "recorded-or-robo": "Y", "city": "", "state": "CA", "area-code": "323"}, {"id": "3decc6bfadaa436a105714c6bacd116d", "number": "5092552112", "date": "2021-01-24 15:46:00", "subject": "2", "recorded-or-robo": "Y", "city": "Liberty Lake", "state": "WA", "area-code": "509"}, {"id": "03e293b3df9e35eadf15c56119636e79", "number": "5092552112", "date": "2021-01-24 15:46:00", "subject": "2", "recorded-or-robo": "Y", "city": "Liberty Lake", "state": "WA", "area-code": "509"}, {"id": "3decc6bfadaa436a105714c6bacd0436", "number": "3144351463", "date": "2021-01-24 00:00:00", "subject": "2", "recorded-or-robo": "Y", "city": "", "state": "MO", "area-code": "314"}, {"id": "03e293b3df9e35eadf15c56119636783", "number": "3144351463", "date": "2021-01-24 00:00:00", "subject": "2", "recorded-or-robo": "Y", "city": "", "state": "MO", "area-code": "314"}, {"id": "3decc6bfadaa436a105714c6baccf938", "number": "", "date": "2021-01-24 16:30:00", "subject": "2", "recorded-or-robo": "Y", "city": "Loon Lake", "state": "WA", "area-code": "509"}, {"id": "03e293b3df9e35eadf15c56119635bb9", "number": "", "date": "2021-01-24 16:30:00", "subject": "2", "recorded-or-robo": "Y", "city": "Loon Lake", "state": "WA", "area-code": "509"}, {"id": "3decc6bfadaa436a105714c6baccef63", "number": "", "date": "2021-01-24 19:43:00", "subject": "2", "recorded-or-robo": "Y", "city": "Aldie", "state": "VA", "area-code": "301"}, {"id": "03e293b3df9e35eadf15c56119635688", "number": "", "date": "2021-01-24 19:43:00", "subject": "2", "recorded-or-robo": "Y", "city": "Aldie", "state": "VA", "area-code": "301"}, {"id": "3decc6bfadaa436a105714c6baccec33", "number": "3169742979", "date": "2021-01-23 11:58:00", "subject": "2", "recorded-or-robo": "", "city": "", "state": "KS", "area-code": "316"}, {"id": "03e293b3df9e35eadf15c56119635273", "number": "3169742979", "date": "2021-01-23 11:58:00", "subject": "2", "recorded-or-robo": "", "city": "", "state": "KS", "area-code": "316"}, {"id": "3decc6bfadaa436a105714c6baccdfdf", "number": "5092554426", "date": "2021-01-24 15:31:00", "subject": "2", "recorded-or-robo": "Y", "city": "Liberty Lake", "state": "WA", "area-code": "509"}, {"id": "03e293b3df9e35eadf15c5611963490e", "number": "5092554426", "date": "2021-01-24 15:31:00", "subject": "2", "recorded-or-robo": "Y", "city": "Liberty Lake", "state": "WA", "area-code": "509"}, {"id": "3decc6bfadaa436a105714c6baccd949", "number": "8556783680", "date": "2021-01-24 18:50:00", "subject": "2", "recorded-or-robo": "Y", "city": "Carol Stream", "state": "IL", "area-code": "630"}, {"id": "03e293b3df9e35eadf15c561196342ac", "number": "8556783680", "date": "2021-01-24 18:50:00", "subject": "2", "recorded-or-robo": "Y", "city": "Carol Stream", "state": "IL", "area-code": "630"}, {"id": "3decc6bfadaa436a105714c6bacccbb3", "number": "6207723347", "date": "2021-01-22 11:09:00", "subject": "2", "recorded-or-robo": "", "city": "", "state": "KS", "area-code": "316"}, {"id": "03e293b3df9e35eadf15c561196339a3", "number": "6207723347", "date": "2021-01-22 11:09:00", "subject": "2", "recorded-or-robo": "", "city": "", "state": "KS", "area-code": "316"}, {"id": "3decc6bfadaa436a105714c6baccc556", "number": "6054728723", "date": "2021-01-21 17:42:00", "subject": "2", "recorded-or-robo": "", "city": "", "state": "KS", "area-code": "316"}, {"id": "3decc6bfadaa436a105714c6baccb982", "number": "5092555897", "date": "2021-01-24 15:54:00", "subject": "2", "recorded-or-robo": "Y", "city": "Liberty Lake", "state": "WA", "area-code": "509"}, {"id": "03e293b3df9e35eadf15c56119632d77", "number": "6054728723", "date": "2021-01-21 17:42:00", "subject": "2", "recorded-or-robo": "", "city": "", "state": "KS", "area-code": "316"}, {"id": "03e293b3df9e35eadf15c5611963240d", "number": "5092555897", "date": "2021-01-24 15:54:00", "subject": "2", "recorded-or-robo": "Y", "city": "Liberty Lake", "state": "WA", "area-code": "509"}, {"id": "3decc6bfadaa436a105714c6baccb2a6", "number": "8553308653", "date": "2021-01-21 18:01:00", "subject": "2", "recorded-or-robo": "Y", "city": "Altoona", "state": "PA", "area-code": "814"}, {"id": "03e293b3df9e35eadf15c5611963190d", "number": "8553308653", "date": "2021-01-21 18:01:00", "subject": "2", "recorded-or-robo": "Y", "city": "Altoona", "state": "PA", "area-code": "814"}, {"id": "3decc6bfadaa436a105714c6bacca38e", "number": "4057706649", "date": "2021-01-24 19:47:00", "subject": "4", "recorded-or-robo": "Y", "city": "Midland", "state": "MI", "area-code": "248"}, {"id": "03e293b3df9e35eadf15c56119630acd", "number": "4057706649", "date": "2021-01-24 19:47:00", "subject": "4", "recorded-or-robo": "Y", "city": "Midland", "state": "MI", "area-code": "248"}]}