{"data": [{"id": "03e293b3df9e35eadf15c56119475de4", "number": "7148685238", "date": "2021-01-23 14:00:00", "subject": "0", "recorded-or-robo": "Y", "city": "Oceanside", "state": "CA", "area-code": "760"}, {"id": "3decc6bfadaa436a105714c6bab1373d", "number": "7149416678", "date": "2021-01-24 11:52:00", "subject": "2", "recorded-or-robo": "Y", "city": "Pasadena", "state": "CA", "area-code": "714"}, {"id": "03e293b3df9e35eadf15c56119475c98", "number": "7149416678", "date": "2021-01-24 11:52:00", "subject": "2", "recorded-or-robo": "Y", "city": "Pasadena", "state": "CA", "area-code": "714"}, {"id": "3decc6bfadaa436a105714c6bab12d1a", "number": "8882804331", "date": "2020-11-23 00:00:00", "subject": "2", "recorded-or-robo": "Y", "city": "", "state": "NY", "area-code": "718"}, {"id": "03e293b3df9e35eadf15c56119475338", "number": "8882804331", "date": "2020-11-23 00:00:00", "subject": "2", "recorded-or-robo": "Y", "city": "", "state": "NY", "area-code": "718"}, {"id": "3decc6bfadaa436a105714c6bab12a04", "number": "5803088066", "date": "2021-01-13 12:52:00", "subject": "0", "recorded-or-robo": "Y", "city": "Edmond", "state": "OK", "area-code": "405"}, {"id": "03e293b3df9e35eadf15c56119474eab", "number": "5803088066", "date": "2021-01-13 12:52:00", "subject": "0", "recorded-or-robo": "Y", "city": "Edmond", "state": "OK", "area-code": "405"}, {"id": "3decc6bfadaa436a105714c6bab11c5b", "number": "7047323744", "date": "2021-01-15 11:32:00", "subject": "2", "recorded-or-robo": "N", "city": "Stuart", "state": "VA", "area-code": "276"}, {"id": "03e293b3df9e35eadf15c56119474c65", "number": "7047323744", "date": "2021-01-15 11:32:00", "subject": "2", "recorded-or-robo": "N", "city": "Stuart", "state": "VA", "area-code": "276"}, {"id": "3decc6bfadaa436a105714c6bab11615", "number": "2252091319", "date": "2020-09-29 17:00:00", "subject": "2", "recorded-or-robo": "Y", "city": "Baton Rouge", "state": "LA", "area-code": "225"}, {"id": "03e293b3df9e35eadf15c56119474b8b", "number": "2252091319", "date": "2020-09-29 17:00:00", "subject": "2", "recorded-or-robo": "Y", "city": "Baton Rouge", "state": "LA", "area-code": "225"}, {"id": "3decc6bfadaa436a105714c6bab11380", "number": "2086425489", "date": "2021-01-21 16:05:00", "subject": "0", "recorded-or-robo": "Y", "city": "", "state": "ID", "area-code": "208"}, {"id": "03e293b3df9e35eadf15c561194748cc", "number": "2086425489", "date": "2021-01-21 16:05:00", "subject": "0", "recorded-or-robo": "Y", "city": "", "state": "ID", "area-code": "208"}, {"id": "3decc6bfadaa436a105714c6bab1111a", "number": "3155373510", "date": "2021-01-19 11:52:00", "subject": "4", "recorded-or-robo": "Y", "city": "COLUMBIA", "state": "SC", "area-code": "315"}, {"id": "03e293b3df9e35eadf15c56119474807", "number": "3155373510", "date": "2021-01-19 11:52:00", "subject": "4", "recorded-or-robo": "Y", "city": "COLUMBIA", "state": "SC", "area-code": "315"}, {"id": "3decc6bfadaa436a105714c6bab10b05", "number": "3152328257", "date": "2021-01-24 10:01:00", "subject": "11", "recorded-or-robo": "Y", "city": "Richland", "state": "WA", "area-code": "509"}, {"id": "03e293b3df9e35eadf15c561194746f3", "number": "3152328257", "date": "2021-01-24 10:01:00", "subject": "11", "recorded-or-robo": "Y", "city": "Richland", "state": "WA", "area-code": "509"}, {"id": "3decc6bfadaa436a105714c6bab1064b", "number": "2253516005", "date": "2020-10-15 15:34:00", "subject": "2", "recorded-or-robo": "Y", "city": "Baton Rouge", "state": "LA", "area-code": "225"}, {"id": "03e293b3df9e35eadf15c561194744e9", "number": "2253516005", "date": "2020-10-15 15:34:00", "subject": "2", "recorded-or-robo": "Y", "city": "Baton Rouge", "state": "LA", "area-code": "225"}, {"id": "3decc6bfadaa436a105714c6bab10414", "number": "2769703410", "date": "2021-01-19 15:14:00", "subject": "2", "recorded-or-robo": "N", "city": "Stuart", "state": "VA", "area-code": "276"}, {"id": "03e293b3df9e35eadf15c56119473b79", "number": "2769703410", "date": "2021-01-19 15:14:00", "subject": "2", "recorded-or-robo": "N", "city": "Stuart", "state": "VA", "area-code": "276"}, {"id": "3decc6bfadaa436a105714c6bab0f89b", "number": "4052814426", "date": "2021-01-13 09:55:00", "subject": "4", "recorded-or-robo": "Y", "city": "Edmond", "state": "OK", "area-code": "405"}, {"id": "03e293b3df9e35eadf15c5611947389e", "number": "4052814426", "date": "2021-01-13 09:55:00", "subject": "4", "recorded-or-robo": "Y", "city": "Edmond", "state": "OK", "area-code": "405"}, {"id": "3decc6bfadaa436a105714c6bab0f122", "number": "3155373510", "date": "2021-01-19 12:11:00", "subject": "4", "recorded-or-robo": "Y", "city": "COLUMBIA", "state": "NY", "area-code": "315"}, {"id": "03e293b3df9e35eadf15c56119473565", "number": "3155373510", "date": "2021-01-19 12:11:00", "subject": "4", "recorded-or-robo": "Y", "city": "COLUMBIA", "state": "NY", "area-code": "315"}, {"id": "3decc6bfadaa436a105714c6bab0e9bf", "number": "7144614039", "date": "2021-01-23 17:00:00", "subject": "4", "recorded-or-robo": "N", "city": "Oceanside", "state": "CA", "area-code": "760"}, {"id": "03e293b3df9e35eadf15c561194731b2", "number": "7144614039", "date": "2021-01-23 17:00:00", "subject": "4", "recorded-or-robo": "N", "city": "Oceanside", "state": "CA", "area-code": "760"}, {"id": "3decc6bfadaa436a105714c6bab0e218", "number": "8135458292", "date": "2021-01-24 14:54:00", "subject": "4", "recorded-or-robo": "Y", "city": "Lithia", "state": "FL", "area-code": "813"}, {"id": "03e293b3df9e35eadf15c56119473143", "number": "8135458292", "date": "2021-01-24 14:54:00", "subject": "4", "recorded-or-robo": "Y", "city": "Lithia", "state": "FL", "area-code": "813"}, {"id": "3decc6bfadaa436a105714c6bab0e212", "number": "5407517172", "date": "2021-01-21 10:08:00", "subject": "2", "recorded-or-robo": "N", "city": "Stuart", "state": "VA", "area-code": "276"}, {"id": "03e293b3df9e35eadf15c5611947274a", "number": "5407517172", "date": "2021-01-21 10:08:00", "subject": "2", "recorded-or-robo": "N", "city": "Stuart", "state": "VA", "area-code": "276"}, {"id": "3decc6bfadaa436a105714c6bab0d778", "number": "2252172330", "date": "2020-10-19 11:16:00", "subject": "2", "recorded-or-robo": "Y", "city": "Baton Rouge", "state": "LA", "area-code": "225"}, {"id": "03e293b3df9e35eadf15c561194724c0", "number": "2252172330", "date": "2020-10-19 11:16:00", "subject": "2", "recorded-or-robo": "Y", "city": "Baton Rouge", "state": "LA", "area-code": "225"}, {"id": "3decc6bfadaa436a105714c6bab0cf08", "number": "8556781771", "date": "2021-01-24 00:00:00", "subject": "2", "recorded-or-robo": "Y", "city": "", "state": "FL", "area-code": "813"}, {"id": "03e293b3df9e35eadf15c561194717a4", "number": "8556781771", "date": "2021-01-24 00:00:00", "subject": "2", "recorded-or-robo": "Y", "city": "", "state": "FL", "area-code": "813"}, {"id": "3decc6bfadaa436a105714c6bab0c539", "number": "2029982870", "date": "2021-01-23 16:51:00", "subject": "2", "recorded-or-robo": "Y", "city": "", "state": "MN", "area-code": "952"}, {"id": "03e293b3df9e35eadf15c56119470ad3", "number": "2029982870", "date": "2021-01-23 16:51:00", "subject": "2", "recorded-or-robo": "Y", "city": "", "state": "MN", "area-code": "952"}, {"id": "3decc6bfadaa436a105714c6bab0b769", "number": "5099447609", "date": "2021-01-24 08:44:00", "subject": "11", "recorded-or-robo": "Y", "city": "Spokane", "state": "WA", "area-code": "509"}, {"id": "03e293b3df9e35eadf15c56119470ad0", "number": "5099447609", "date": "2021-01-24 08:44:00", "subject": "11", "recorded-or-robo": "Y", "city": "Spokane", "state": "WA", "area-code": "509"}, {"id": "3decc6bfadaa436a105714c6bab0ac79", "number": "3155373510", "date": "2021-01-19 13:37:00", "subject": "4", "recorded-or-robo": "Y", "city": "COLUMBIA", "state": "NY", "area-code": "315"}, {"id": "03e293b3df9e35eadf15c561194709ce", "number": "3155373510", "date": "2021-01-19 13:37:00", "subject": "4", "recorded-or-robo": "Y", "city": "COLUMBIA", "state": "NY", "area-code": "315"}, {"id": "3decc6bfadaa436a105714c6bab0a94c", "number": "8133207743", "date": "2021-01-24 11:54:00", "subject": "0", "recorded-or-robo": "Y", "city": "Reno", "state": "CA", "area-code": "916"}, {"id": "03e293b3df9e35eadf15c561194700f2", "number": "8133207743", "date": "2021-01-24 11:54:00", "subject": "0", "recorded-or-robo": "Y", "city": "Reno", "state": "CA", "area-code": "916"}, {"id": "3decc6bfadaa436a105714c6bab0a7d4", "number": "7346215002", "date": "2021-01-24 15:00:00", "subject": "5", "recorded-or-robo": "Y", "city": "Berlin", "state": "NJ", "area-code": "702"}, {"id": "03e293b3df9e35eadf15c5611946f1c4", "number": "7346215002", "date": "2021-01-24 15:00:00", "subject": "5", "recorded-or-robo": "Y", "city": "Berlin", "state": "NJ", "area-code": "702"}, {"id": "3decc6bfadaa436a105714c6bab09ad3", "number": "2762586344", "date": "2021-01-21 11:30:00", "subject": "2", "recorded-or-robo": "N", "city": "Stuart", "state": "VA", "area-code": "276"}, {"id": "03e293b3df9e35eadf15c5611946e613", "number": "2762586344", "date": "2021-01-21 11:30:00", "subject": "2", "recorded-or-robo": "N", "city": "Stuart", "state": "VA", "area-code": "276"}, {"id": "3decc6bfadaa436a105714c6bab097e6", "number": "3103823484", "date": "2021-01-18 15:56:00", "subject": "2", "recorded-or-robo": "Y", "city": "Baton Rouge", "state": "LA", "area-code": "225"}, {"id": "03e293b3df9e35eadf15c5611946d864", "number": "3103823484", "date": "2021-01-18 15:56:00", "subject": "2", "recorded-or-robo": "Y", "city": "Baton Rouge", "state": "LA", "area-code": "225"}, {"id": "3decc6bfadaa436a105714c6bab089b5", "number": "4052814449", "date": "2021-01-13 08:53:00", "subject": "4", "recorded-or-robo": "Y", "city": "Edmond", "state": "OK", "area-code": "405"}]}