{"data": [{"id": "3decc6bfadaa436a105714c6ba8dbda8", "number": "8646408997", "date": "2021-01-22 19:13:00", "subject": "0", "recorded-or-robo": "Y", "city": "", "state": "GA", "area-code": "770"}, {"id": "03e293b3df9e35eadf15c5611924123f", "number": "8646408997", "date": "2021-01-22 19:13:00", "subject": "0", "recorded-or-robo": "Y", "city": "", "state": "GA", "area-code": "770"}, {"id": "3decc6bfadaa436a105714c6ba8dbb6e", "number": "8552050329", "date": "2021-01-22 13:22:00", "subject": "2", "recorded-or-robo": "Y", "city": "Brookfield", "state": "WI", "area-code": "262"}, {"id": "03e293b3df9e35eadf15c56119240cb5", "number": "8552050329", "date": "2021-01-22 13:22:00", "subject": "2", "recorded-or-robo": "Y", "city": "Brookfield", "state": "WI", "area-code": "262"}, {"id": "3decc6bfadaa436a105714c6ba8db95e", "number": "9139124356", "date": "2021-01-22 12:34:00", "subject": "4", "recorded-or-robo": "Y", "city": "Raleigh", "state": "NC", "area-code": "919"}, {"id": "03e293b3df9e35eadf15c56119240799", "number": "9139124356", "date": "2021-01-22 12:34:00", "subject": "4", "recorded-or-robo": "Y", "city": "Raleigh", "state": "NC", "area-code": "919"}, {"id": "3decc6bfadaa436a105714c6ba8db650", "number": "2188484138", "date": "2021-01-22 17:00:00", "subject": "0", "recorded-or-robo": "Y", "city": "", "state": "GA", "area-code": "770"}, {"id": "03e293b3df9e35eadf15c56119240267", "number": "2188484138", "date": "2021-01-22 17:00:00", "subject": "0", "recorded-or-robo": "Y", "city": "", "state": "GA", "area-code": "770"}, {"id": "3decc6bfadaa436a105714c6ba8dae44", "number": "7709632291", "date": "2021-01-22 16:16:00", "subject": "0", "recorded-or-robo": "Y", "city": "", "state": "GA", "area-code": "770"}, {"id": "03e293b3df9e35eadf15c5611923f6c6", "number": "7709632291", "date": "2021-01-22 16:16:00", "subject": "0", "recorded-or-robo": "Y", "city": "", "state": "GA", "area-code": "770"}, {"id": "3decc6bfadaa436a105714c6ba8da48d", "number": "6787852097", "date": "2021-01-22 16:04:00", "subject": "0", "recorded-or-robo": "Y", "city": "", "state": "GA", "area-code": "770"}, {"id": "03e293b3df9e35eadf15c5611923f489", "number": "6787852097", "date": "2021-01-22 16:04:00", "subject": "0", "recorded-or-robo": "Y", "city": "", "state": "GA", "area-code": "770"}, {"id": "3decc6bfadaa436a105714c6ba8d985a", "number": "7794849079", "date": "2021-01-22 12:34:00", "subject": "0", "recorded-or-robo": "Y", "city": "", "state": "GA", "area-code": "770"}, {"id": "03e293b3df9e35eadf15c5611923e799", "number": "7794849079", "date": "2021-01-22 12:34:00", "subject": "0", "recorded-or-robo": "Y", "city": "", "state": "GA", "area-code": "770"}, {"id": "3decc6bfadaa436a105714c6ba8d8f12", "number": "2182619036", "date": "2021-01-19 19:37:00", "subject": "0", "recorded-or-robo": "", "city": "", "state": "MN", "area-code": "612"}, {"id": "03e293b3df9e35eadf15c5611923e0bf", "number": "2182619036", "date": "2021-01-19 19:37:00", "subject": "0", "recorded-or-robo": "", "city": "", "state": "MN", "area-code": "612"}, {"id": "3decc6bfadaa436a105714c6ba8d8b30", "number": "2188858852", "date": "2021-01-20 15:42:00", "subject": "0", "recorded-or-robo": "", "city": "", "state": "MN", "area-code": "612"}, {"id": "03e293b3df9e35eadf15c5611923dcdb", "number": "2188858852", "date": "2021-01-20 15:42:00", "subject": "0", "recorded-or-robo": "", "city": "", "state": "MN", "area-code": "612"}, {"id": "3decc6bfadaa436a105714c6ba8d89f7", "number": "9418002379", "date": "2021-01-19 17:21:00", "subject": "4", "recorded-or-robo": "Y", "city": "", "state": "NY", "area-code": "315"}, {"id": "03e293b3df9e35eadf15c5611923dc4e", "number": "9418002379", "date": "2021-01-19 17:21:00", "subject": "4", "recorded-or-robo": "Y", "city": "", "state": "NY", "area-code": "315"}, {"id": "3decc6bfadaa436a105714c6ba8d7da6", "number": "6128664937", "date": "2021-01-22 11:34:00", "subject": "0", "recorded-or-robo": "", "city": "", "state": "MN", "area-code": "612"}, {"id": "03e293b3df9e35eadf15c5611923da1e", "number": "6128664937", "date": "2021-01-22 11:34:00", "subject": "0", "recorded-or-robo": "", "city": "", "state": "MN", "area-code": "612"}, {"id": "3decc6bfadaa436a105714c6ba8d7aca", "number": "2563054321", "date": "2021-01-23 11:47:00", "subject": "2", "recorded-or-robo": "Y", "city": "", "state": "NY", "area-code": "917"}, {"id": "03e293b3df9e35eadf15c5611923d472", "number": "2563054321", "date": "2021-01-23 11:47:00", "subject": "2", "recorded-or-robo": "Y", "city": "", "state": "NY", "area-code": "917"}, {"id": "3decc6bfadaa436a105714c6ba8d6eae", "number": "", "date": "2021-01-24 18:09:00", "subject": "5", "recorded-or-robo": "Y", "city": "Haryana", "state": "WA", "area-code": "970"}, {"id": "03e293b3df9e35eadf15c5611923d223", "number": "", "date": "2021-01-24 18:09:00", "subject": "5", "recorded-or-robo": "Y", "city": "Haryana", "state": "WA", "area-code": "970"}, {"id": "3decc6bfadaa436a105714c6ba8d6c90", "number": "5067394668", "date": "2021-01-24 00:00:00", "subject": "2", "recorded-or-robo": "Y", "city": "McCormick", "state": "SC", "area-code": "860"}, {"id": "03e293b3df9e35eadf15c5611923c8e5", "number": "5067394668", "date": "2021-01-24 00:00:00", "subject": "2", "recorded-or-robo": "Y", "city": "McCormick", "state": "SC", "area-code": "860"}, {"id": "3decc6bfadaa436a105714c6ba8d67dd", "number": "2029293751", "date": "2021-01-24 09:00:00", "subject": "2", "recorded-or-robo": "Y", "city": "", "state": "VA", "area-code": "703"}, {"id": "03e293b3df9e35eadf15c5611923c313", "number": "2029293751", "date": "2021-01-24 09:00:00", "subject": "2", "recorded-or-robo": "Y", "city": "", "state": "VA", "area-code": "703"}, {"id": "3decc6bfadaa436a105714c6ba8d66d8", "number": "3079863676", "date": "2020-12-30 08:23:00", "subject": "4", "recorded-or-robo": "Y", "city": "Riverton", "state": "WY", "area-code": "307"}, {"id": "03e293b3df9e35eadf15c5611923b6ed", "number": "3079863676", "date": "2020-12-30 08:23:00", "subject": "4", "recorded-or-robo": "Y", "city": "Riverton", "state": "WY", "area-code": "307"}, {"id": "3decc6bfadaa436a105714c6ba8d5e9b", "number": "3528281511", "date": "2021-01-22 16:04:00", "subject": "2", "recorded-or-robo": "Y", "city": "McCormick", "state": "SC", "area-code": "860"}, {"id": "03e293b3df9e35eadf15c5611923a94d", "number": "3528281511", "date": "2021-01-22 16:04:00", "subject": "2", "recorded-or-robo": "Y", "city": "McCormick", "state": "SC", "area-code": "860"}, {"id": "3decc6bfadaa436a105714c6ba8d5569", "number": "8062055006", "date": "2021-01-24 08:08:00", "subject": "2", "recorded-or-robo": "Y", "city": "tx", "state": "TX", "area-code": "806"}, {"id": "03e293b3df9e35eadf15c56119239b93", "number": "8062055006", "date": "2021-01-24 08:08:00", "subject": "2", "recorded-or-robo": "Y", "city": "tx", "state": "TX", "area-code": "806"}, {"id": "3decc6bfadaa436a105714c6ba8d48c5", "number": "8627010866", "date": "2021-01-24 18:15:00", "subject": "2", "recorded-or-robo": "N", "city": "", "state": "", "area-code": "787"}, {"id": "03e293b3df9e35eadf15c56119239681", "number": "8627010866", "date": "2021-01-24 18:15:00", "subject": "2", "recorded-or-robo": "N", "city": "", "state": "", "area-code": "787"}, {"id": "3decc6bfadaa436a105714c6ba8d394d", "number": "8559558484", "date": "2021-01-24 04:13:00", "subject": "7", "recorded-or-robo": "Y", "city": "tampa", "state": "FL", "area-code": "813"}, {"id": "03e293b3df9e35eadf15c5611923935c", "number": "8559558484", "date": "2021-01-24 04:13:00", "subject": "7", "recorded-or-robo": "Y", "city": "tampa", "state": "FL", "area-code": "813"}, {"id": "3decc6bfadaa436a105714c6ba8d2d2c", "number": "", "date": "2021-01-13 09:37:00", "subject": "0", "recorded-or-robo": "Y", "city": "Destin", "state": "FL", "area-code": "850"}, {"id": "03e293b3df9e35eadf15c56119238af7", "number": "", "date": "2021-01-13 09:37:00", "subject": "0", "recorded-or-robo": "Y", "city": "Destin", "state": "FL", "area-code": "850"}, {"id": "3decc6bfadaa436a105714c6ba8d1f1d", "number": "3157351980", "date": "2021-01-15 12:00:00", "subject": "2", "recorded-or-robo": "N", "city": "MOHAWK", "state": "NY", "area-code": "315"}, {"id": "03e293b3df9e35eadf15c56119238419", "number": "3157351980", "date": "2021-01-15 12:00:00", "subject": "2", "recorded-or-robo": "N", "city": "MOHAWK", "state": "NY", "area-code": "315"}, {"id": "3decc6bfadaa436a105714c6ba8d0f3e", "number": "3152591519", "date": "2021-01-19 21:16:00", "subject": "2", "recorded-or-robo": "N", "city": "MOHAWK", "state": "NY", "area-code": "315"}, {"id": "03e293b3df9e35eadf15c5611923831b", "number": "3152591519", "date": "2021-01-19 21:16:00", "subject": "2", "recorded-or-robo": "N", "city": "MOHAWK", "state": "NY", "area-code": "315"}, {"id": "3decc6bfadaa436a105714c6ba8cffef", "number": "7089383191", "date": "2021-01-23 18:14:00", "subject": "0", "recorded-or-robo": "Y", "city": "Orland Park", "state": "IL", "area-code": "708"}, {"id": "03e293b3df9e35eadf15c561192375c7", "number": "7089383191", "date": "2021-01-23 18:14:00", "subject": "0", "recorded-or-robo": "Y", "city": "Orland Park", "state": "IL", "area-code": "708"}, {"id": "3decc6bfadaa436a105714c6ba8cf1c2", "number": "3158147674", "date": "2021-01-20 12:24:00", "subject": "2", "recorded-or-robo": "N", "city": "MOHAWK", "state": "NY", "area-code": "315"}, {"id": "03e293b3df9e35eadf15c561192375bf", "number": "3158147674", "date": "2021-01-20 12:24:00", "subject": "2", "recorded-or-robo": "N", "city": "MOHAWK", "state": "NY", "area-code": "315"}]}