{"data": [{"id": "3decc6bfadaa436a105714c6ba686f74", "number": "4844090072", "date": "2021-01-19 13:45:00", "subject": "2", "recorded-or-robo": "", "city": "Spokane Valley", "state": "WA", "area-code": "509"}, {"id": "1d36742e3f24f50e4e7ae82801fe6b71", "number": "4844090072", "date": "2021-01-19 13:45:00", "subject": "2", "recorded-or-robo": "", "city": "Spokane Valley", "state": "WA", "area-code": "509"}, {"id": "3decc6bfadaa436a105714c6ba6861a6", "number": "8801701477064", "date": "2021-01-23 18:37:00", "subject": "2", "recorded-or-robo": "Y", "city": "Wentzville", "state": "MO", "area-code": "314"}, {"id": "1d36742e3f24f50e4e7ae82801fe5b9b", "number": "8801701477064", "date": "2021-01-23 18:37:00", "subject": "2", "recorded-or-robo": "Y", "city": "Wentzville", "state": "MO", "area-code": "314"}, {"id": "3decc6bfadaa436a105714c6ba68582c", "number": "9282496099", "date": "2021-01-14 09:16:00", "subject": "0", "recorded-or-robo": "Y", "city": "Dewey", "state": "AZ", "area-code": "928"}, {"id": "1d36742e3f24f50e4e7ae82801fe59d6", "number": "9282496099", "date": "2021-01-14 09:16:00", "subject": "0", "recorded-or-robo": "Y", "city": "Dewey", "state": "AZ", "area-code": "928"}, {"id": "3decc6bfadaa436a105714c6ba819ee7", "number": "+17028429587", "date": "2021-01-23 20:28:06", "subject": "3", "recorded-or-robo": "Y", "city": "", "state": "NV", "area-code": "702"}, {"id": "3decc6bfadaa436a105714c6ba8189ba", "number": "8173695971", "date": "2021-01-23 20:28:06", "subject": "3", "recorded-or-robo": "Y", "city": "", "state": "TX", "area-code": "817"}, {"id": "03e293b3df9e35eadf15c5611917ffc0", "number": "+17028429587", "date": "2021-01-23 20:28:06", "subject": "3", "recorded-or-robo": "Y", "city": "", "state": "NV", "area-code": "702"}, {"id": "03e293b3df9e35eadf15c5611917f0ad", "number": "8173695971", "date": "2021-01-23 20:28:06", "subject": "3", "recorded-or-robo": "Y", "city": "", "state": "TX", "area-code": "817"}, {"id": "3decc6bfadaa436a105714c6ba818569", "number": "8173695971", "date": "2021-01-23 20:28:05", "subject": "3", "recorded-or-robo": "Y", "city": "", "state": "TX", "area-code": "817"}, {"id": "03e293b3df9e35eadf15c5611917f016", "number": "8173695971", "date": "2021-01-23 20:28:05", "subject": "3", "recorded-or-robo": "Y", "city": "", "state": "TX", "area-code": "817"}, {"id": "3decc6bfadaa436a105714c6ba68526c", "number": "9282647066", "date": "2021-01-19 08:34:00", "subject": "0", "recorded-or-robo": "Y", "city": "Dewey", "state": "AZ", "area-code": "928"}, {"id": "1d36742e3f24f50e4e7ae82801fe55ac", "number": "9282647066", "date": "2021-01-19 08:34:00", "subject": "0", "recorded-or-robo": "Y", "city": "Dewey", "state": "AZ", "area-code": "928"}, {"id": "3decc6bfadaa436a105714c6ba684448", "number": "4077861890", "date": "2021-01-22 19:47:00", "subject": "3", "recorded-or-robo": "N", "city": "", "state": "FL", "area-code": "407"}, {"id": "1d36742e3f24f50e4e7ae82801fe4b60", "number": "4077861890", "date": "2021-01-22 19:47:00", "subject": "3", "recorded-or-robo": "N", "city": "", "state": "FL", "area-code": "407"}, {"id": "3decc6bfadaa436a105714c6ba683d15", "number": "5092456774", "date": "2021-01-19 12:14:00", "subject": "2", "recorded-or-robo": "", "city": "Spokane Valley", "state": "WA", "area-code": "509"}, {"id": "1d36742e3f24f50e4e7ae82801fe486b", "number": "5092456774", "date": "2021-01-19 12:14:00", "subject": "2", "recorded-or-robo": "", "city": "Spokane Valley", "state": "WA", "area-code": "509"}, {"id": "3decc6bfadaa436a105714c6ba6836df", "number": "3145503386", "date": "2021-01-23 18:15:00", "subject": "2", "recorded-or-robo": "Y", "city": "Wentzville", "state": "MO", "area-code": "314"}, {"id": "1d36742e3f24f50e4e7ae82801fe3fbb", "number": "3145503386", "date": "2021-01-23 18:15:00", "subject": "2", "recorded-or-robo": "Y", "city": "Wentzville", "state": "MO", "area-code": "314"}, {"id": "3decc6bfadaa436a105714c6ba6834b9", "number": "3033211335", "date": "2021-01-21 11:36:00", "subject": "0", "recorded-or-robo": "N", "city": "Evergreen", "state": "CO", "area-code": "303"}, {"id": "1d36742e3f24f50e4e7ae82801fe3013", "number": "3033211335", "date": "2021-01-21 11:36:00", "subject": "0", "recorded-or-robo": "N", "city": "Evergreen", "state": "CO", "area-code": "303"}, {"id": "3decc6bfadaa436a105714c6ba6832a3", "number": "5092154072", "date": "2021-01-19 11:43:00", "subject": "2", "recorded-or-robo": "", "city": "Spokane Valley", "state": "WA", "area-code": "509"}, {"id": "1d36742e3f24f50e4e7ae82801fe2ffe", "number": "5092154072", "date": "2021-01-19 11:43:00", "subject": "2", "recorded-or-robo": "", "city": "Spokane Valley", "state": "WA", "area-code": "509"}, {"id": "3decc6bfadaa436a105714c6ba8168fa", "number": "7816569000", "date": "2021-01-23 20:26:42", "subject": "3", "recorded-or-robo": "Y", "city": "", "state": "MI", "area-code": "248"}, {"id": "03e293b3df9e35eadf15c5611917de13", "number": "7816569000", "date": "2021-01-23 20:26:42", "subject": "3", "recorded-or-robo": "Y", "city": "", "state": "MI", "area-code": "248"}, {"id": "3decc6bfadaa436a105714c6ba817e47", "number": "+12134593069", "date": "2021-01-23 20:26:24", "subject": "3", "recorded-or-robo": "Y", "city": "", "state": "CA", "area-code": "951"}, {"id": "03e293b3df9e35eadf15c5611917e9b0", "number": "+12134593069", "date": "2021-01-23 20:26:24", "subject": "3", "recorded-or-robo": "Y", "city": "", "state": "CA", "area-code": "951"}, {"id": "3decc6bfadaa436a105714c6ba682c86", "number": "4068978252", "date": "2021-01-22 13:02:00", "subject": "0", "recorded-or-robo": "Y", "city": "Dewey", "state": "AZ", "area-code": "928"}, {"id": "1d36742e3f24f50e4e7ae82801fe2460", "number": "4068978252", "date": "2021-01-22 13:02:00", "subject": "0", "recorded-or-robo": "Y", "city": "Dewey", "state": "AZ", "area-code": "928"}, {"id": "3decc6bfadaa436a105714c6ba68292a", "number": "6626733526", "date": "2021-01-23 10:17:00", "subject": "1", "recorded-or-robo": "Y", "city": "", "state": "NJ", "area-code": "908"}, {"id": "1d36742e3f24f50e4e7ae82801fe174a", "number": "6626733526", "date": "2021-01-23 10:17:00", "subject": "1", "recorded-or-robo": "Y", "city": "", "state": "NJ", "area-code": "908"}, {"id": "3decc6bfadaa436a105714c6ba6823c8", "number": "3145503386", "date": "2021-01-23 18:14:00", "subject": "2", "recorded-or-robo": "Y", "city": "Wentzville", "state": "MO", "area-code": "314"}, {"id": "1d36742e3f24f50e4e7ae82801fe0b99", "number": "3145503386", "date": "2021-01-23 18:14:00", "subject": "2", "recorded-or-robo": "Y", "city": "Wentzville", "state": "MO", "area-code": "314"}, {"id": "3decc6bfadaa436a105714c6ba819731", "number": "2484186521", "date": "2021-01-23 20:25:35", "subject": "3", "recorded-or-robo": "Y", "city": "", "state": "MI", "area-code": "248"}, {"id": "03e293b3df9e35eadf15c5611917f5c3", "number": "2484186521", "date": "2021-01-23 20:25:35", "subject": "3", "recorded-or-robo": "Y", "city": "", "state": "MI", "area-code": "248"}, {"id": "3decc6bfadaa436a105714c6ba6822d5", "number": "2105339317", "date": "2021-01-23 14:20:00", "subject": "2", "recorded-or-robo": "N", "city": "San Antonio", "state": "TX", "area-code": "210"}, {"id": "1d36742e3f24f50e4e7ae82801fdfe03", "number": "2105339317", "date": "2021-01-23 14:20:00", "subject": "2", "recorded-or-robo": "N", "city": "San Antonio", "state": "TX", "area-code": "210"}, {"id": "3decc6bfadaa436a105714c6ba681eb3", "number": "5513010563", "date": "2021-01-19 10:48:00", "subject": "2", "recorded-or-robo": "", "city": "Spokane Valley", "state": "WA", "area-code": "509"}, {"id": "1d36742e3f24f50e4e7ae82801fdf10b", "number": "5513010563", "date": "2021-01-19 10:48:00", "subject": "2", "recorded-or-robo": "", "city": "Spokane Valley", "state": "WA", "area-code": "509"}, {"id": "3decc6bfadaa436a105714c6ba681565", "number": "7022793684", "date": "2021-01-20 15:59:00", "subject": "1", "recorded-or-robo": "Y", "city": "Spokane Valley", "state": "WA", "area-code": "509"}, {"id": "1d36742e3f24f50e4e7ae82801fde224", "number": "7022793684", "date": "2021-01-20 15:59:00", "subject": "1", "recorded-or-robo": "Y", "city": "Spokane Valley", "state": "WA", "area-code": "509"}, {"id": "3decc6bfadaa436a105714c6ba816e9c", "number": "3863572043", "date": "2021-01-23 20:24:35", "subject": "3", "recorded-or-robo": "Y", "city": "", "state": "FL", "area-code": "386"}, {"id": "03e293b3df9e35eadf15c5611917e0a3", "number": "3863572043", "date": "2021-01-23 20:24:35", "subject": "3", "recorded-or-robo": "Y", "city": "", "state": "FL", "area-code": "386"}, {"id": "3decc6bfadaa436a105714c6ba680ca7", "number": "6154061583", "date": "2021-01-23 00:00:00", "subject": "2", "recorded-or-robo": "Y", "city": "Kennewick", "state": "WA", "area-code": "509"}, {"id": "1d36742e3f24f50e4e7ae82801fdd82b", "number": "6154061583", "date": "2021-01-23 00:00:00", "subject": "2", "recorded-or-robo": "Y", "city": "Kennewick", "state": "WA", "area-code": "509"}, {"id": "3decc6bfadaa436a105714c6ba680169", "number": "", "date": "2021-01-20 10:12:00", "subject": "4", "recorded-or-robo": "Y", "city": "Evergreen", "state": "CO", "area-code": "303"}, {"id": "1d36742e3f24f50e4e7ae82801fdd037", "number": "", "date": "2021-01-20 10:12:00", "subject": "4", "recorded-or-robo": "Y", "city": "Evergreen", "state": "CO", "area-code": "303"}, {"id": "3decc6bfadaa436a105714c6ba67f855", "number": "3145509839", "date": "2021-01-23 17:57:00", "subject": "2", "recorded-or-robo": "Y", "city": "Wentzville", "state": "MO", "area-code": "314"}, {"id": "1d36742e3f24f50e4e7ae82801fdcbb7", "number": "3145509839", "date": "2021-01-23 17:57:00", "subject": "2", "recorded-or-robo": "Y", "city": "Wentzville", "state": "MO", "area-code": "314"}]}