{"data": [{"id": "1d36742e3f24f50e4e7ae828014c7e2c", "number": "6786612201", "date": "2021-01-22 21:58:21", "subject": "3", "recorded-or-robo": "N", "city": "", "state": "TX", "area-code": "512"}, {"id": "e81c9350d54f66c6d33b3747ee90d17a", "number": "4697262346", "date": "2021-01-21 09:07:00", "subject": "0", "recorded-or-robo": "N", "city": "Cypress", "state": "TX", "area-code": "281"}, {"id": "1d36742e3f24f50e4e7ae82801263b9e", "number": "4697262346", "date": "2021-01-21 09:07:00", "subject": "0", "recorded-or-robo": "N", "city": "Cypress", "state": "TX", "area-code": "281"}, {"id": "e81c9350d54f66c6d33b3747ee90c45d", "number": "8033707649", "date": "2021-01-22 15:13:00", "subject": "3", "recorded-or-robo": "", "city": "", "state": "SC", "area-code": "803"}, {"id": "1d36742e3f24f50e4e7ae82801262647", "number": "8033707649", "date": "2021-01-22 15:13:00", "subject": "3", "recorded-or-robo": "", "city": "", "state": "SC", "area-code": "803"}, {"id": "e81c9350d54f66c6d33b3747eeb803c8", "number": "3463261192", "date": "2021-01-22 21:57:26", "subject": "3", "recorded-or-robo": "N", "city": "", "state": "TX", "area-code": "832"}, {"id": "1d36742e3f24f50e4e7ae828014cff3a", "number": "3463261192", "date": "2021-01-22 21:57:26", "subject": "3", "recorded-or-robo": "N", "city": "", "state": "TX", "area-code": "832"}, {"id": "e81c9350d54f66c6d33b3747eeb78aaf", "number": "3463261192", "date": "2021-01-22 21:57:24", "subject": "3", "recorded-or-robo": "N", "city": "", "state": "TX", "area-code": "832"}, {"id": "1d36742e3f24f50e4e7ae828014c8745", "number": "3463261192", "date": "2021-01-22 21:57:24", "subject": "3", "recorded-or-robo": "N", "city": "", "state": "TX", "area-code": "832"}, {"id": "e81c9350d54f66c6d33b3747ee90d125", "number": "7073060729", "date": "2021-01-22 16:29:00", "subject": "3", "recorded-or-robo": "Y", "city": "", "state": "MN", "area-code": "763"}, {"id": "1d36742e3f24f50e4e7ae82801262efa", "number": "7073060729", "date": "2021-01-22 16:29:00", "subject": "3", "recorded-or-robo": "Y", "city": "", "state": "MN", "area-code": "763"}, {"id": "e81c9350d54f66c6d33b3747ee90bdb5", "number": "2082691354", "date": "2021-01-21 19:08:00", "subject": "3", "recorded-or-robo": "", "city": "", "state": "ID", "area-code": "208"}, {"id": "1d36742e3f24f50e4e7ae82801261ed0", "number": "2082691354", "date": "2021-01-21 19:08:00", "subject": "3", "recorded-or-robo": "", "city": "", "state": "ID", "area-code": "208"}, {"id": "e81c9350d54f66c6d33b3747eeb7e40f", "number": "+14077536461", "date": "2021-01-22 21:56:08", "subject": "3", "recorded-or-robo": "Y", "city": "", "state": "FL", "area-code": "407"}, {"id": "1d36742e3f24f50e4e7ae828014cdf5e", "number": "+14077536461", "date": "2021-01-22 21:56:08", "subject": "3", "recorded-or-robo": "Y", "city": "", "state": "FL", "area-code": "407"}, {"id": "e81c9350d54f66c6d33b3747ee90c0c4", "number": "", "date": "2021-01-22 00:00:00", "subject": "2", "recorded-or-robo": "N", "city": "Anderson", "state": "SC", "area-code": "864"}, {"id": "1d36742e3f24f50e4e7ae82801261f04", "number": "", "date": "2021-01-22 00:00:00", "subject": "2", "recorded-or-robo": "N", "city": "Anderson", "state": "SC", "area-code": "864"}, {"id": "e81c9350d54f66c6d33b3747eeb77a33", "number": "+17632841955", "date": "2021-01-22 21:55:39", "subject": "3", "recorded-or-robo": "Y", "city": "", "state": "MN", "area-code": "651"}, {"id": "1d36742e3f24f50e4e7ae828014c707b", "number": "+17632841955", "date": "2021-01-22 21:55:39", "subject": "3", "recorded-or-robo": "Y", "city": "", "state": "MN", "area-code": "651"}, {"id": "e81c9350d54f66c6d33b3747eeb7f22e", "number": "8589278905", "date": "2021-01-22 21:55:20", "subject": "3", "recorded-or-robo": "Y", "city": "", "state": "CA", "area-code": "858"}, {"id": "1d36742e3f24f50e4e7ae828014ce425", "number": "8589278905", "date": "2021-01-22 21:55:20", "subject": "3", "recorded-or-robo": "Y", "city": "", "state": "CA", "area-code": "858"}, {"id": "e81c9350d54f66c6d33b3747ee90b60b", "number": "243840313666", "date": "2021-01-22 19:00:00", "subject": "0", "recorded-or-robo": "Y", "city": "", "state": "IA", "area-code": "515"}, {"id": "1d36742e3f24f50e4e7ae828012616f7", "number": "243840313666", "date": "2021-01-22 19:00:00", "subject": "0", "recorded-or-robo": "Y", "city": "", "state": "IA", "area-code": "515"}, {"id": "e81c9350d54f66c6d33b3747eeb7c0b9", "number": "6464523849", "date": "2021-01-22 21:54:25", "subject": "3", "recorded-or-robo": "Y", "city": "", "state": "NY", "area-code": "646"}, {"id": "1d36742e3f24f50e4e7ae828014cb0b8", "number": "6464523849", "date": "2021-01-22 21:54:25", "subject": "3", "recorded-or-robo": "Y", "city": "", "state": "NY", "area-code": "646"}, {"id": "e81c9350d54f66c6d33b3747eeb7e401", "number": "5092105357", "date": "2021-01-22 21:54:20", "subject": "3", "recorded-or-robo": "Y", "city": "", "state": "NY", "area-code": "347"}, {"id": "1d36742e3f24f50e4e7ae828014cd77d", "number": "5092105357", "date": "2021-01-22 21:54:20", "subject": "3", "recorded-or-robo": "Y", "city": "", "state": "NY", "area-code": "347"}, {"id": "e81c9350d54f66c6d33b3747ee90a94a", "number": "5406598404", "date": "2021-01-22 17:37:00", "subject": "2", "recorded-or-robo": "Y", "city": "Roanoke", "state": "VA", "area-code": "540"}, {"id": "1d36742e3f24f50e4e7ae828012608ad", "number": "5406598404", "date": "2021-01-22 17:37:00", "subject": "2", "recorded-or-robo": "Y", "city": "Roanoke", "state": "VA", "area-code": "540"}, {"id": "e81c9350d54f66c6d33b3747eeb7b2d8", "number": "+12252619932", "date": "2021-01-22 21:54:11", "subject": "3", "recorded-or-robo": "Y", "city": "", "state": "LA", "area-code": "225"}, {"id": "1d36742e3f24f50e4e7ae828014ca70d", "number": "+12252619932", "date": "2021-01-22 21:54:11", "subject": "3", "recorded-or-robo": "Y", "city": "", "state": "LA", "area-code": "225"}, {"id": "e81c9350d54f66c6d33b3747eeb7ac4b", "number": "5092456981", "date": "2021-01-22 21:54:01", "subject": "3", "recorded-or-robo": "Y", "city": "", "state": "NY", "area-code": "347"}, {"id": "1d36742e3f24f50e4e7ae828014c9847", "number": "5092456981", "date": "2021-01-22 21:54:01", "subject": "3", "recorded-or-robo": "Y", "city": "", "state": "NY", "area-code": "347"}, {"id": "e81c9350d54f66c6d33b3747ee908a64", "number": "2082691354", "date": "2021-01-21 19:06:00", "subject": "3", "recorded-or-robo": "", "city": "", "state": "ID", "area-code": "208"}, {"id": "1d36742e3f24f50e4e7ae8280125f290", "number": "2082691354", "date": "2021-01-21 19:06:00", "subject": "3", "recorded-or-robo": "", "city": "", "state": "ID", "area-code": "208"}, {"id": "e81c9350d54f66c6d33b3747eeb73730", "number": "+18175258783", "date": "2021-01-22 21:53:48", "subject": "3", "recorded-or-robo": "N", "city": "", "state": "TX", "area-code": "832"}, {"id": "1d36742e3f24f50e4e7ae828014c23ed", "number": "+18175258783", "date": "2021-01-22 21:53:48", "subject": "3", "recorded-or-robo": "N", "city": "", "state": "TX", "area-code": "832"}, {"id": "e81c9350d54f66c6d33b3747eeb744de", "number": "7206494006", "date": "2021-01-22 21:53:46", "subject": "3", "recorded-or-robo": "Y", "city": "", "state": "CO", "area-code": "720"}, {"id": "1d36742e3f24f50e4e7ae828014c3405", "number": "7206494006", "date": "2021-01-22 21:53:46", "subject": "3", "recorded-or-robo": "Y", "city": "", "state": "CO", "area-code": "720"}, {"id": "e81c9350d54f66c6d33b3747eeb6dcf3", "number": "9543981977", "date": "2021-01-22 21:53:38", "subject": "3", "recorded-or-robo": "N", "city": "", "state": "TX", "area-code": "210"}, {"id": "e81c9350d54f66c6d33b3747ee909ee9", "number": "5104057849", "date": "2021-01-21 09:34:00", "subject": "2", "recorded-or-robo": "Y", "city": "San Francisco", "state": "CA", "area-code": "415"}, {"id": "1d36742e3f24f50e4e7ae828014bc723", "number": "9543981977", "date": "2021-01-22 21:53:38", "subject": "3", "recorded-or-robo": "N", "city": "", "state": "TX", "area-code": "210"}, {"id": "1d36742e3f24f50e4e7ae8280125fe32", "number": "5104057849", "date": "2021-01-21 09:34:00", "subject": "2", "recorded-or-robo": "Y", "city": "San Francisco", "state": "CA", "area-code": "415"}, {"id": "e81c9350d54f66c6d33b3747ee909005", "number": "8458714372", "date": "2021-01-22 12:00:00", "subject": "9", "recorded-or-robo": "Y", "city": "Putnam Valley", "state": "NY", "area-code": "914"}, {"id": "1d36742e3f24f50e4e7ae8280125f8b5", "number": "8458714372", "date": "2021-01-22 12:00:00", "subject": "9", "recorded-or-robo": "Y", "city": "Putnam Valley", "state": "NY", "area-code": "914"}, {"id": "e81c9350d54f66c6d33b3747eeb71bcd", "number": "+15612252264", "date": "2021-01-22 21:52:38", "subject": "3", "recorded-or-robo": "N", "city": "", "state": "NC", "area-code": "980"}, {"id": "1d36742e3f24f50e4e7ae828014bff7b", "number": "+15612252264", "date": "2021-01-22 21:52:38", "subject": "3", "recorded-or-robo": "N", "city": "", "state": "NC", "area-code": "980"}, {"id": "e81c9350d54f66c6d33b3747eeb722a5", "number": "9015017070", "date": "2021-01-22 21:52:32", "subject": "3", "recorded-or-robo": "Y", "city": "", "state": "TN", "area-code": "423"}, {"id": "1d36742e3f24f50e4e7ae828014c10df", "number": "9015017070", "date": "2021-01-22 21:52:32", "subject": "3", "recorded-or-robo": "Y", "city": "", "state": "TN", "area-code": "423"}, {"id": "e81c9350d54f66c6d33b3747eeb7325a", "number": "9015017070", "date": "2021-01-22 21:52:31", "subject": "3", "recorded-or-robo": "Y", "city": "", "state": "TN", "area-code": "423"}]}