{"data": [{"id": "3decc6bfadaa436a105714c6ba47e421", "number": "7167801387", "date": "2021-01-19 12:40:00", "subject": "3", "recorded-or-robo": "Y", "city": "", "state": "NY", "area-code": "716"}, {"id": "1d36742e3f24f50e4e7ae82801ddcab1", "number": "7167801387", "date": "2021-01-19 12:40:00", "subject": "3", "recorded-or-robo": "Y", "city": "", "state": "NY", "area-code": "716"}, {"id": "3decc6bfadaa436a105714c6ba47d8ee", "number": "4093843138", "date": "2021-01-23 15:46:00", "subject": "2", "recorded-or-robo": "Y", "city": "", "state": "TX", "area-code": "409"}, {"id": "1d36742e3f24f50e4e7ae82801ddbe89", "number": "4093843138", "date": "2021-01-23 15:46:00", "subject": "2", "recorded-or-robo": "Y", "city": "", "state": "TX", "area-code": "409"}, {"id": "3decc6bfadaa436a105714c6ba47d009", "number": "2019559317", "date": "2021-01-23 10:59:00", "subject": "0", "recorded-or-robo": "", "city": "", "state": "NJ", "area-code": "201"}, {"id": "1d36742e3f24f50e4e7ae82801ddbe75", "number": "2019559317", "date": "2021-01-23 10:59:00", "subject": "0", "recorded-or-robo": "", "city": "", "state": "NJ", "area-code": "201"}, {"id": "3decc6bfadaa436a105714c6ba47cbfb", "number": "4076285866", "date": "2021-01-23 18:10:00", "subject": "7", "recorded-or-robo": "Y", "city": "Altamonte Springs", "state": "FL", "area-code": "407"}, {"id": "1d36742e3f24f50e4e7ae82801ddb4a8", "number": "4076285866", "date": "2021-01-23 18:10:00", "subject": "7", "recorded-or-robo": "Y", "city": "Altamonte Springs", "state": "FL", "area-code": "407"}, {"id": "3decc6bfadaa436a105714c6ba47cb9e", "number": "4103768128", "date": "2021-01-23 18:11:00", "subject": "0", "recorded-or-robo": "", "city": "Annapolis", "state": "MD", "area-code": "410"}, {"id": "1d36742e3f24f50e4e7ae82801ddafae", "number": "4103768128", "date": "2021-01-23 18:11:00", "subject": "0", "recorded-or-robo": "", "city": "Annapolis", "state": "MD", "area-code": "410"}, {"id": "3decc6bfadaa436a105714c6ba47ca88", "number": "6028066519", "date": "2021-01-23 16:40:00", "subject": "1", "recorded-or-robo": "Y", "city": "Tupelo", "state": "MS", "area-code": "662"}, {"id": "1d36742e3f24f50e4e7ae82801dda455", "number": "6028066519", "date": "2021-01-23 16:40:00", "subject": "1", "recorded-or-robo": "Y", "city": "Tupelo", "state": "MS", "area-code": "662"}, {"id": "3decc6bfadaa436a105714c6ba47c31e", "number": "7312020007", "date": "2021-01-23 17:03:00", "subject": "2", "recorded-or-robo": "N", "city": "Jackson", "state": "TN", "area-code": "731"}, {"id": "1d36742e3f24f50e4e7ae82801dd9b07", "number": "7312020007", "date": "2021-01-23 17:03:00", "subject": "2", "recorded-or-robo": "N", "city": "Jackson", "state": "TN", "area-code": "731"}, {"id": "3decc6bfadaa436a105714c6ba47b596", "number": "2014038064", "date": "2021-01-23 11:00:00", "subject": "0", "recorded-or-robo": "", "city": "", "state": "NJ", "area-code": "201"}, {"id": "1d36742e3f24f50e4e7ae82801dd935d", "number": "2014038064", "date": "2021-01-23 11:00:00", "subject": "0", "recorded-or-robo": "", "city": "", "state": "NJ", "area-code": "201"}, {"id": "3decc6bfadaa436a105714c6ba7c9463", "number": "5413209986", "date": "2021-01-23 18:12:57", "subject": "3", "recorded-or-robo": "Y", "city": "", "state": "OR", "area-code": "541"}, {"id": "03e293b3df9e35eadf15c561191328b6", "number": "5413209986", "date": "2021-01-23 18:12:57", "subject": "3", "recorded-or-robo": "Y", "city": "", "state": "OR", "area-code": "541"}, {"id": "3decc6bfadaa436a105714c6ba47b4ab", "number": "9734314666", "date": "2021-01-23 05:22:00", "subject": "1", "recorded-or-robo": "Y", "city": "Morris Plains", "state": "NJ", "area-code": "973"}, {"id": "3decc6bfadaa436a105714c6ba47a671", "number": "6318618964", "date": "2021-01-23 18:12:00", "subject": "7", "recorded-or-robo": "Y", "city": "", "state": "NY", "area-code": "631"}, {"id": "1d36742e3f24f50e4e7ae82801dd857e", "number": "9734314666", "date": "2021-01-23 05:22:00", "subject": "1", "recorded-or-robo": "Y", "city": "Morris Plains", "state": "NJ", "area-code": "973"}, {"id": "1d36742e3f24f50e4e7ae82801dd7ac7", "number": "6318618964", "date": "2021-01-23 18:12:00", "subject": "7", "recorded-or-robo": "Y", "city": "", "state": "NY", "area-code": "631"}, {"id": "3decc6bfadaa436a105714c6ba479a0c", "number": "8801701328852", "date": "2021-01-23 00:00:00", "subject": "2", "recorded-or-robo": "Y", "city": "Ellensburg", "state": "WA", "area-code": "509"}, {"id": "1d36742e3f24f50e4e7ae82801dd6e0e", "number": "8801701328852", "date": "2021-01-23 00:00:00", "subject": "2", "recorded-or-robo": "Y", "city": "Ellensburg", "state": "WA", "area-code": "509"}, {"id": "3decc6bfadaa436a105714c6ba478eec", "number": "2206118959", "date": "2021-01-22 11:50:00", "subject": "2", "recorded-or-robo": "N", "city": "", "state": "FL", "area-code": "239"}, {"id": "1d36742e3f24f50e4e7ae82801dd6a3b", "number": "2206118959", "date": "2021-01-22 11:50:00", "subject": "2", "recorded-or-robo": "N", "city": "", "state": "FL", "area-code": "239"}, {"id": "3decc6bfadaa436a105714c6ba7ca1df", "number": "7038445862", "date": "2021-01-23 18:12:16", "subject": "3", "recorded-or-robo": "Y", "city": "", "state": "VA", "area-code": "703"}, {"id": "03e293b3df9e35eadf15c5611913337b", "number": "7038445862", "date": "2021-01-23 18:12:16", "subject": "3", "recorded-or-robo": "Y", "city": "", "state": "VA", "area-code": "703"}, {"id": "3decc6bfadaa436a105714c6ba7cacb7", "number": "8179014770", "date": "2021-01-23 18:12:03", "subject": "3", "recorded-or-robo": "Y", "city": "", "state": "TX", "area-code": "817"}, {"id": "03e293b3df9e35eadf15c56119133ada", "number": "8179014770", "date": "2021-01-23 18:12:03", "subject": "3", "recorded-or-robo": "Y", "city": "", "state": "TX", "area-code": "817"}, {"id": "3decc6bfadaa436a105714c6ba4780a0", "number": "6516616613", "date": "2021-01-23 17:00:00", "subject": "2", "recorded-or-robo": "N", "city": "Farmington", "state": "MN", "area-code": "651"}, {"id": "1d36742e3f24f50e4e7ae82801dd5dbb", "number": "6516616613", "date": "2021-01-23 17:00:00", "subject": "2", "recorded-or-robo": "N", "city": "Farmington", "state": "MN", "area-code": "651"}, {"id": "3decc6bfadaa436a105714c6ba47715f", "number": "4093849580", "date": "2021-01-23 17:04:00", "subject": "2", "recorded-or-robo": "Y", "city": "", "state": "TX", "area-code": "409"}, {"id": "1d36742e3f24f50e4e7ae82801dd4e88", "number": "4093849580", "date": "2021-01-23 17:04:00", "subject": "2", "recorded-or-robo": "Y", "city": "", "state": "TX", "area-code": "409"}, {"id": "3decc6bfadaa436a105714c6ba4770a9", "number": "8667563416", "date": "2021-01-20 03:08:00", "subject": "11", "recorded-or-robo": "Y", "city": "Ocala", "state": "FL", "area-code": "352"}, {"id": "1d36742e3f24f50e4e7ae82801dd3f04", "number": "8667563416", "date": "2021-01-20 03:08:00", "subject": "11", "recorded-or-robo": "Y", "city": "Ocala", "state": "FL", "area-code": "352"}, {"id": "3decc6bfadaa436a105714c6ba87adae", "number": "4154964366", "date": "2021-01-22 13:30:00", "subject": "3", "recorded-or-robo": "Y", "city": "", "state": "CA", "area-code": "415"}, {"id": "03e293b3df9e35eadf15c561191e43f4", "number": "4154964366", "date": "2021-01-22 13:30:00", "subject": "3", "recorded-or-robo": "Y", "city": "", "state": "CA", "area-code": "415"}, {"id": "3decc6bfadaa436a105714c6ba476806", "number": "6516616613", "date": "2021-01-23 18:27:00", "subject": "2", "recorded-or-robo": "N", "city": "Farmington", "state": "MN", "area-code": "651"}, {"id": "1d36742e3f24f50e4e7ae82801dd3c94", "number": "6516616613", "date": "2021-01-23 18:27:00", "subject": "2", "recorded-or-robo": "N", "city": "Farmington", "state": "MN", "area-code": "651"}, {"id": "3decc6bfadaa436a105714c6ba476276", "number": "2703187130", "date": "2021-01-23 09:13:00", "subject": "2", "recorded-or-robo": "Y", "city": "", "state": "KY", "area-code": "270"}, {"id": "1d36742e3f24f50e4e7ae82801dd37a6", "number": "2703187130", "date": "2021-01-23 09:13:00", "subject": "2", "recorded-or-robo": "Y", "city": "", "state": "KY", "area-code": "270"}, {"id": "3decc6bfadaa436a105714c6ba475adf", "number": "5099286644", "date": "2021-01-23 22:00:00", "subject": "2", "recorded-or-robo": "N", "city": "Greenacres", "state": "WA", "area-code": "509"}, {"id": "1d36742e3f24f50e4e7ae82801dd3356", "number": "5099286644", "date": "2021-01-23 22:00:00", "subject": "2", "recorded-or-robo": "N", "city": "Greenacres", "state": "WA", "area-code": "509"}, {"id": "3decc6bfadaa436a105714c6ba47547c", "number": "6516616613", "date": "2021-01-23 20:37:00", "subject": "2", "recorded-or-robo": "N", "city": "Farmington", "state": "MN", "area-code": "651"}, {"id": "1d36742e3f24f50e4e7ae82801dd318d", "number": "6516616613", "date": "2021-01-23 20:37:00", "subject": "2", "recorded-or-robo": "N", "city": "Farmington", "state": "MN", "area-code": "651"}, {"id": "3decc6bfadaa436a105714c6ba4751a3", "number": "9522088402", "date": "2021-01-22 08:20:00", "subject": "2", "recorded-or-robo": "Y", "city": "River Falls", "state": "WI", "area-code": "715"}, {"id": "1d36742e3f24f50e4e7ae82801dd2767", "number": "9522088402", "date": "2021-01-22 08:20:00", "subject": "2", "recorded-or-robo": "Y", "city": "River Falls", "state": "WI", "area-code": "715"}, {"id": "3decc6bfadaa436a105714c6ba475168", "number": "8563658944", "date": "2021-01-23 16:07:00", "subject": "1", "recorded-or-robo": "Y", "city": "Claymont", "state": "DE", "area-code": "856"}, {"id": "1d36742e3f24f50e4e7ae82801dd252b", "number": "8563658944", "date": "2021-01-23 16:07:00", "subject": "1", "recorded-or-robo": "Y", "city": "Claymont", "state": "DE", "area-code": "856"}]}