{"data": [{"id": "deca54a6651fb9add5b4a9816cc3dd25", "number": "6193832231", "date": "2021-01-22 15:17:00", "subject": "0", "recorded-or-robo": "Y", "city": "Livingston", "state": "CA", "area-code": "209"}, {"id": "e81c9350d54f66c6d33b3747ee2ea3aa", "number": "2075873053", "date": "2021-01-22 17:18:00", "subject": "2", "recorded-or-robo": "Y", "city": "Kellyville", "state": "ME", "area-code": "207"}, {"id": "deca54a6651fb9add5b4a9816cc3d772", "number": "2075873053", "date": "2021-01-22 17:18:00", "subject": "2", "recorded-or-robo": "Y", "city": "Kellyville", "state": "ME", "area-code": "207"}, {"id": "e81c9350d54f66c6d33b3747ee2e9f0a", "number": "7242508055", "date": "2021-01-22 18:13:00", "subject": "0", "recorded-or-robo": "Y", "city": "Kershaw", "state": "SC", "area-code": "803"}, {"id": "deca54a6651fb9add5b4a9816cc3d6c6", "number": "7242508055", "date": "2021-01-22 18:13:00", "subject": "0", "recorded-or-robo": "Y", "city": "Kershaw", "state": "SC", "area-code": "803"}, {"id": "e81c9350d54f66c6d33b3747ee2e9d2c", "number": "8646373101", "date": "2021-01-22 16:24:00", "subject": "2", "recorded-or-robo": "Y", "city": "Fort Scott", "state": "SC", "area-code": "864"}, {"id": "deca54a6651fb9add5b4a9816cc3cf1a", "number": "8646373101", "date": "2021-01-22 16:24:00", "subject": "2", "recorded-or-robo": "Y", "city": "Fort Scott", "state": "SC", "area-code": "864"}, {"id": "e81c9350d54f66c6d33b3747ee58ae80", "number": "6269007721", "date": "2021-01-22 18:20:27", "subject": "3", "recorded-or-robo": "Y", "city": "", "state": "CA", "area-code": "626"}, {"id": "deca54a6651fb9add5b4a9816ced04d3", "number": "6269007721", "date": "2021-01-22 18:20:27", "subject": "3", "recorded-or-robo": "Y", "city": "", "state": "CA", "area-code": "626"}, {"id": "e81c9350d54f66c6d33b3747ee2e8ee6", "number": "", "date": "2021-01-22 18:13:00", "subject": "7", "recorded-or-robo": "Y", "city": "Beavercreek", "state": "OH", "area-code": "850"}, {"id": "e81c9350d54f66c6d33b3747ee2e83f0", "number": "6507256831", "date": "2021-01-22 17:15:00", "subject": "9", "recorded-or-robo": "Y", "city": "Granbury", "state": "TX", "area-code": "661"}, {"id": "deca54a6651fb9add5b4a9816cc3c474", "number": "", "date": "2021-01-22 18:13:00", "subject": "7", "recorded-or-robo": "Y", "city": "Beavercreek", "state": "OH", "area-code": "850"}, {"id": "deca54a6651fb9add5b4a9816cc3bec3", "number": "6507256831", "date": "2021-01-22 17:15:00", "subject": "9", "recorded-or-robo": "Y", "city": "Granbury", "state": "TX", "area-code": "661"}, {"id": "e81c9350d54f66c6d33b3747ee2e77c9", "number": "6034967704", "date": "2021-01-21 07:52:00", "subject": "3", "recorded-or-robo": "Y", "city": "", "state": "CA", "area-code": "310"}, {"id": "e81c9350d54f66c6d33b3747ee2e6bc4", "number": "", "date": "2021-01-19 10:43:00", "subject": "3", "recorded-or-robo": "Y", "city": "Old Bridge", "state": "NJ", "area-code": "973"}, {"id": "deca54a6651fb9add5b4a9816cc3b602", "number": "6034967704", "date": "2021-01-21 07:52:00", "subject": "3", "recorded-or-robo": "Y", "city": "", "state": "CA", "area-code": "310"}, {"id": "deca54a6651fb9add5b4a9816cc3b110", "number": "", "date": "2021-01-19 10:43:00", "subject": "3", "recorded-or-robo": "Y", "city": "Old Bridge", "state": "NJ", "area-code": "973"}, {"id": "e81c9350d54f66c6d33b3747ee58b530", "number": "7025895435", "date": "2021-01-22 18:20:17", "subject": "3", "recorded-or-robo": "Y", "city": "", "state": "NV", "area-code": "702"}, {"id": "e81c9350d54f66c6d33b3747ee2e63d0", "number": "7199417578", "date": "2021-01-22 00:00:00", "subject": "3", "recorded-or-robo": "Y", "city": "", "state": "CO", "area-code": "303"}, {"id": "e81c9350d54f66c6d33b3747ee2d9726", "number": "9415542474", "date": "2021-01-22 12:49:00", "subject": "3", "recorded-or-robo": "N", "city": "", "state": "FL", "area-code": "941"}, {"id": "deca54a6651fb9add5b4a9816ced058b", "number": "7025895435", "date": "2021-01-22 18:20:17", "subject": "3", "recorded-or-robo": "Y", "city": "", "state": "NV", "area-code": "702"}, {"id": "deca54a6651fb9add5b4a9816cc3b0e0", "number": "7199417578", "date": "2021-01-22 00:00:00", "subject": "3", "recorded-or-robo": "Y", "city": "", "state": "CO", "area-code": "303"}, {"id": "deca54a6651fb9add5b4a9816cc2e4a9", "number": "9415542474", "date": "2021-01-22 12:49:00", "subject": "3", "recorded-or-robo": "N", "city": "", "state": "FL", "area-code": "941"}, {"id": "e81c9350d54f66c6d33b3747ee58ff1c", "number": "7025898126", "date": "2021-01-22 18:20:08", "subject": "3", "recorded-or-robo": "Y", "city": "", "state": "NV", "area-code": "702"}, {"id": "deca54a6651fb9add5b4a9816ced7348", "number": "7025898126", "date": "2021-01-22 18:20:08", "subject": "3", "recorded-or-robo": "Y", "city": "", "state": "NV", "area-code": "702"}, {"id": "e81c9350d54f66c6d33b3747ee2e5510", "number": "5748486987", "date": "2021-01-22 15:19:00", "subject": "1", "recorded-or-robo": "Y", "city": "", "state": "IN", "area-code": "574"}, {"id": "deca54a6651fb9add5b4a9816cc3a6da", "number": "5748486987", "date": "2021-01-22 15:19:00", "subject": "1", "recorded-or-robo": "Y", "city": "", "state": "IN", "area-code": "574"}, {"id": "e81c9350d54f66c6d33b3747ee2e4b89", "number": "3852000496", "date": "2021-01-22 00:00:00", "subject": "3", "recorded-or-robo": "", "city": "", "state": "CA", "area-code": "760"}, {"id": "deca54a6651fb9add5b4a9816cc397ee", "number": "3852000496", "date": "2021-01-22 00:00:00", "subject": "3", "recorded-or-robo": "", "city": "", "state": "CA", "area-code": "760"}, {"id": "e81c9350d54f66c6d33b3747ee593062", "number": "5163049415", "date": "2021-01-22 18:19:58", "subject": "3", "recorded-or-robo": "Y", "city": "", "state": "NY", "area-code": "516"}, {"id": "deca54a6651fb9add5b4a9816cedba4b", "number": "5163049415", "date": "2021-01-22 18:19:58", "subject": "3", "recorded-or-robo": "Y", "city": "", "state": "NY", "area-code": "516"}, {"id": "e81c9350d54f66c6d33b3747ee2e43a6", "number": "6264693885", "date": "2021-01-22 00:00:00", "subject": "3", "recorded-or-robo": "", "city": "", "state": "CA", "area-code": "818"}, {"id": "e81c9350d54f66c6d33b3747ee2e3402", "number": "5123728244", "date": "2021-01-21 10:11:00", "subject": "2", "recorded-or-robo": "Y", "city": "austin", "state": "TX", "area-code": "512"}, {"id": "deca54a6651fb9add5b4a9816cc38b19", "number": "6264693885", "date": "2021-01-22 00:00:00", "subject": "3", "recorded-or-robo": "", "city": "", "state": "CA", "area-code": "818"}, {"id": "deca54a6651fb9add5b4a9816cc37bed", "number": "5123728244", "date": "2021-01-21 10:11:00", "subject": "2", "recorded-or-robo": "Y", "city": "austin", "state": "TX", "area-code": "512"}, {"id": "e81c9350d54f66c6d33b3747ee58a7f3", "number": "8178475787", "date": "2021-01-22 18:19:51", "subject": "3", "recorded-or-robo": "Y", "city": "", "state": "TX", "area-code": "210"}, {"id": "deca54a6651fb9add5b4a9816ced029e", "number": "8178475787", "date": "2021-01-22 18:19:51", "subject": "3", "recorded-or-robo": "Y", "city": "", "state": "TX", "area-code": "210"}, {"id": "e81c9350d54f66c6d33b3747ee2e338f", "number": "4024895241", "date": "2021-01-22 14:46:00", "subject": "4", "recorded-or-robo": "Y", "city": "", "state": "NE", "area-code": "402"}, {"id": "e81c9350d54f66c6d33b3747ee2e2b94", "number": "9599009987", "date": "2021-01-11 20:00:00", "subject": "2", "recorded-or-robo": "Y", "city": "Lewiston", "state": "ME", "area-code": "207"}, {"id": "deca54a6651fb9add5b4a9816cc37b7d", "number": "4024895241", "date": "2021-01-22 14:46:00", "subject": "4", "recorded-or-robo": "Y", "city": "", "state": "NE", "area-code": "402"}, {"id": "deca54a6651fb9add5b4a9816cc373bd", "number": "9599009987", "date": "2021-01-11 20:00:00", "subject": "2", "recorded-or-robo": "Y", "city": "Lewiston", "state": "ME", "area-code": "207"}, {"id": "e81c9350d54f66c6d33b3747ee2e1e85", "number": "7752007389", "date": "2021-01-22 13:20:00", "subject": "2", "recorded-or-robo": "Y", "city": "", "state": "NV", "area-code": "775"}, {"id": "deca54a6651fb9add5b4a9816cc364e4", "number": "7752007389", "date": "2021-01-22 13:20:00", "subject": "2", "recorded-or-robo": "Y", "city": "", "state": "NV", "area-code": "775"}, {"id": "e81c9350d54f66c6d33b3747ee2e14f2", "number": "", "date": "2021-01-22 16:11:00", "subject": "5", "recorded-or-robo": "Y", "city": "", "state": "AZ", "area-code": "480"}, {"id": "deca54a6651fb9add5b4a9816cc362a0", "number": "", "date": "2021-01-22 16:11:00", "subject": "5", "recorded-or-robo": "Y", "city": "", "state": "AZ", "area-code": "480"}, {"id": "e81c9350d54f66c6d33b3747ee2e0943", "number": "9733430402", "date": "2021-01-22 14:41:00", "subject": "3", "recorded-or-robo": "Y", "city": "", "state": "NJ", "area-code": "609"}, {"id": "deca54a6651fb9add5b4a9816cc35de8", "number": "9733430402", "date": "2021-01-22 14:41:00", "subject": "3", "recorded-or-robo": "Y", "city": "", "state": "NJ", "area-code": "609"}, {"id": "e81c9350d54f66c6d33b3747ee2dff68", "number": "4422375653", "date": "2021-01-21 13:42:00", "subject": "3", "recorded-or-robo": "Y", "city": "", "state": "CA", "area-code": "310"}, {"id": "deca54a6651fb9add5b4a9816cc3510b", "number": "4422375653", "date": "2021-01-21 13:42:00", "subject": "3", "recorded-or-robo": "Y", "city": "", "state": "CA", "area-code": "310"}, {"id": "e81c9350d54f66c6d33b3747ee59277e", "number": "8573265062", "date": "2021-01-22 18:19:39", "subject": "3", "recorded-or-robo": "Y", "city": "", "state": "MA", "area-code": "617"}]}