{"data": [{"id": "490dde24b259add1335244cd1b72fc65", "number": "6107429476", "date": "2021-01-26 12:52:00", "subject": "0", "recorded-or-robo": "Y", "city": "Mohnton", "state": "PA", "area-code": "610"}, {"id": "490dde24b259add1335244cd1b72f4dc", "number": "8778057744", "date": "2021-01-26 12:53:00", "subject": "2", "recorded-or-robo": "", "city": "Merrick", "state": "NY", "area-code": "516"}, {"id": "490dde24b259add1335244cd1b72e9cc", "number": "2624743587", "date": "2021-01-19 12:15:00", "subject": "0", "recorded-or-robo": "N", "city": "Chicago", "state": "WI", "area-code": "262"}, {"id": "490dde24b259add1335244cd1b72dde3", "number": "", "date": "2021-01-26 11:46:00", "subject": "1", "recorded-or-robo": "Y", "city": "", "state": "KS", "area-code": "785"}, {"id": "490dde24b259add1335244cd1b72d888", "number": "5703659004", "date": "2021-01-26 12:54:00", "subject": "4", "recorded-or-robo": "Y", "city": "", "state": "PA", "area-code": "570"}, {"id": "490dde24b259add1335244cd1b72cc7b", "number": "5755527062", "date": "2021-01-26 12:33:00", "subject": "2", "recorded-or-robo": "N", "city": "", "state": "OH", "area-code": "330"}, {"id": "490dde24b259add1335244cd1b72c3d1", "number": "3044674675", "date": "2021-01-26 12:00:00", "subject": "0", "recorded-or-robo": "Y", "city": "Wellsburg", "state": "WV", "area-code": "304"}, {"id": "490dde24b259add1335244cd1b72ba80", "number": "2194914450", "date": "2021-01-26 12:52:00", "subject": "2", "recorded-or-robo": "Y", "city": "Mount Dora", "state": "FL", "area-code": "352"}, {"id": "490dde24b259add1335244cd1b72ac7c", "number": "3108783214", "date": "2021-01-26 11:38:00", "subject": "2", "recorded-or-robo": "Y", "city": "Orlando", "state": "FL", "area-code": "407"}, {"id": "490dde24b259add1335244cd1b729f16", "number": "", "date": "2021-01-26 12:00:00", "subject": "2", "recorded-or-robo": "N", "city": "Endicott", "state": "NY", "area-code": "607"}, {"id": "490dde24b259add1335244cd1b72902e", "number": "5073227638", "date": "2021-01-25 12:19:00", "subject": "4", "recorded-or-robo": "N", "city": "Rochester", "state": "MN", "area-code": "507"}, {"id": "490dde24b259add1335244cd1b728ae6", "number": "9495167201", "date": "2021-01-26 09:02:00", "subject": "2", "recorded-or-robo": "N", "city": "", "state": "WA", "area-code": "805"}, {"id": "490dde24b259add1335244cd1b7287d8", "number": "715026827370", "date": "2021-01-26 13:40:00", "subject": "11", "recorded-or-robo": "Y", "city": "Saginaw", "state": "TX", "area-code": "817"}, {"id": "490dde24b259add1335244cd1b728228", "number": "", "date": "2021-01-26 11:30:00", "subject": "2", "recorded-or-robo": "Y", "city": "", "state": "MA", "area-code": "508"}, {"id": "490dde24b259add1335244cd1b727674", "number": "2318798852", "date": "2021-01-15 11:17:00", "subject": "2", "recorded-or-robo": "Y", "city": "Traverse City", "state": "MI", "area-code": "231"}, {"id": "490dde24b259add1335244cd1b727168", "number": "3309696809", "date": "2021-01-26 11:51:00", "subject": "0", "recorded-or-robo": "", "city": "", "state": "OH", "area-code": "330"}, {"id": "490dde24b259add1335244cd1b7270e3", "number": "4076902812", "date": "2021-01-23 14:50:00", "subject": "0", "recorded-or-robo": "Y", "city": "", "state": "FL", "area-code": "407"}, {"id": "490dde24b259add1335244cd1b726d47", "number": "", "date": "2021-01-26 12:00:00", "subject": "9", "recorded-or-robo": "Y", "city": "Shoreline", "state": "WA", "area-code": "360"}, {"id": "490dde24b259add1335244cd1b726a5a", "number": "9092459379", "date": "2021-01-26 07:55:00", "subject": "2", "recorded-or-robo": "Y", "city": "", "state": "CA", "area-code": "909"}, {"id": "490dde24b259add1335244cd1b726698", "number": "4156870311", "date": "2021-01-26 09:49:00", "subject": "4", "recorded-or-robo": "Y", "city": "", "state": "CA", "area-code": "415"}, {"id": "490dde24b259add1335244cd1b7259ca", "number": "8507792297", "date": "2021-01-26 00:00:00", "subject": "0", "recorded-or-robo": "Y", "city": "Tyler", "state": "TX", "area-code": "903"}, {"id": "490dde24b259add1335244cd1b724f4e", "number": "4167460440", "date": "2021-01-26 09:43:00", "subject": "4", "recorded-or-robo": "Y", "city": "CA", "state": "CA", "area-code": "858"}, {"id": "490dde24b259add1335244cd1b724a51", "number": "6205064351", "date": "2021-01-26 11:43:00", "subject": "1", "recorded-or-robo": "Y", "city": "OVERLAND PARK", "state": "KS", "area-code": "913"}, {"id": "490dde24b259add1335244cd1b723e91", "number": "8188459547", "date": "2021-01-26 09:39:00", "subject": "2", "recorded-or-robo": "Y", "city": "Granada Hills", "state": "CA", "area-code": "818"}, {"id": "490dde24b259add1335244cd1b723684", "number": "2314970644", "date": "2021-01-15 12:36:00", "subject": "2", "recorded-or-robo": "Y", "city": "Traverse City", "state": "MI", "area-code": "231"}, {"id": "490dde24b259add1335244cd1b7227ff", "number": "7088346774", "date": "2021-01-26 11:43:00", "subject": "6", "recorded-or-robo": "Y", "city": "", "state": "IL", "area-code": "708"}, {"id": "490dde24b259add1335244cd1b721fa2", "number": "6186887009", "date": "2021-01-26 12:51:00", "subject": "8", "recorded-or-robo": "Y", "city": "", "state": "FL", "area-code": "305"}, {"id": "490dde24b259add1335244cd1b721dc0", "number": "", "date": "2021-01-26 08:12:00", "subject": "0", "recorded-or-robo": "N", "city": "", "state": "CA", "area-code": "408"}, {"id": "490dde24b259add1335244cd1b721530", "number": "6627506509", "date": "2021-01-26 11:31:00", "subject": "2", "recorded-or-robo": "N", "city": "Walls", "state": "MS", "area-code": "662"}, {"id": "490dde24b259add1335244cd1b7206f4", "number": "4076278360", "date": "2021-01-23 16:54:00", "subject": "0", "recorded-or-robo": "Y", "city": "", "state": "FL", "area-code": "407"}, {"id": "490dde24b259add1335244cd1b71f889", "number": "7329923297", "date": "2021-01-22 00:00:00", "subject": "3", "recorded-or-robo": "", "city": "Deadwood", "state": "SD", "area-code": "605"}, {"id": "490dde24b259add1335244cd1b71f4e3", "number": "8132601146", "date": "2021-01-26 09:57:00", "subject": "2", "recorded-or-robo": "N", "city": "", "state": "FL", "area-code": "813"}, {"id": "490dde24b259add1335244cd1b71ecf8", "number": "3185012103", "date": "2021-01-26 13:26:00", "subject": "2", "recorded-or-robo": "N", "city": "Orlando", "state": "FL", "area-code": "407"}, {"id": "490dde24b259add1335244cd1b71e547", "number": "2202032783", "date": "2021-01-26 11:31:00", "subject": "0", "recorded-or-robo": "", "city": "", "state": "OH", "area-code": "330"}, {"id": "490dde24b259add1335244cd1b71de80", "number": "5854498514", "date": "2021-01-26 11:51:00", "subject": "4", "recorded-or-robo": "Y", "city": "", "state": "SD", "area-code": "605"}, {"id": "490dde24b259add1335244cd1b71dac4", "number": "2624743349", "date": "2021-01-18 12:15:00", "subject": "0", "recorded-or-robo": "N", "city": "Chicago", "state": "IL", "area-code": "262"}, {"id": "490dde24b259add1335244cd1b71cb9a", "number": "6307337777", "date": "2021-01-26 11:50:00", "subject": "4", "recorded-or-robo": "Y", "city": "Indian Head Park", "state": "IL", "area-code": "708"}, {"id": "490dde24b259add1335244cd1b71cb1f", "number": "3607117497", "date": "2021-01-26 09:31:00", "subject": "1", "recorded-or-robo": "Y", "city": "", "state": "WA", "area-code": "509"}, {"id": "490dde24b259add1335244cd1b71bbfa", "number": "6202349380", "date": "2021-01-26 12:40:00", "subject": "2", "recorded-or-robo": "Y", "city": "Pearisburg", "state": "VA", "area-code": "540"}, {"id": "490dde24b259add1335244cd1b71ba61", "number": "7038447419", "date": "2021-01-26 12:41:00", "subject": "0", "recorded-or-robo": "N", "city": "Alexandria", "state": "VA", "area-code": "703"}, {"id": "490dde24b259add1335244cd1b71abf6", "number": "5135065990", "date": "2021-01-26 00:00:00", "subject": "2", "recorded-or-robo": "Y", "city": "Russellville", "state": "AL", "area-code": "256"}, {"id": "490dde24b259add1335244cd1b71aba7", "number": "5092049347", "date": "2021-01-26 09:30:00", "subject": "6", "recorded-or-robo": "Y", "city": "Spokane", "state": "WA", "area-code": "509"}, {"id": "490dde24b259add1335244cd1b719fb3", "number": "3379182477", "date": "2021-01-26 10:46:00", "subject": "4", "recorded-or-robo": "Y", "city": "Lancaster", "state": "PA", "area-code": "717"}, {"id": "490dde24b259add1335244cd1b719edf", "number": "2313452685", "date": "2021-01-15 17:19:00", "subject": "2", "recorded-or-robo": "Y", "city": "Traverse City", "state": "MI", "area-code": "231"}, {"id": "490dde24b259add1335244cd1b719795", "number": "4076237283", "date": "2021-01-23 18:39:00", "subject": "0", "recorded-or-robo": "Y", "city": "", "state": "FL", "area-code": "407"}, {"id": "490dde24b259add1335244cd1b718ba3", "number": "4106608313", "date": "2021-01-26 08:16:00", "subject": "5", "recorded-or-robo": "N", "city": "Baltimore", "state": "MD", "area-code": "410"}, {"id": "490dde24b259add1335244cd1b718aeb", "number": "", "date": "2021-01-26 07:18:00", "subject": "0", "recorded-or-robo": "N", "city": "", "state": "CA", "area-code": "408"}, {"id": "490dde24b259add1335244cd1b717f6a", "number": "", "date": "2021-01-26 12:16:00", "subject": "5", "recorded-or-robo": "Y", "city": "Bath", "state": "NY", "area-code": "607"}, {"id": "490dde24b259add1335244cd1b71751e", "number": "9312531853", "date": "2021-01-26 11:18:00", "subject": "4", "recorded-or-robo": "Y", "city": "Tulsa", "state": "OK", "area-code": "785"}, {"id": "490dde24b259add1335244cd1b716cd4", "number": "9088746248", "date": "2021-01-26 12:47:00", "subject": "0", "recorded-or-robo": "Y", "city": "high bridge", "state": "NJ", "area-code": "908"}]}