{"data": [{"id": "490dde24b259add1335244cd1b2df29f", "number": "2055840638", "date": "2021-01-26 10:24:00", "subject": "2", "recorded-or-robo": "N", "city": "Northport", "state": "AL", "area-code": "256"}, {"id": "490dde24b259add1335244cd1b2de864", "number": "4692148909", "date": "2021-01-26 10:16:00", "subject": "2", "recorded-or-robo": "Y", "city": "PLANO", "state": "TX", "area-code": "469"}, {"id": "490dde24b259add1335244cd1b2ddae5", "number": "3369141437", "date": "2021-01-15 10:33:00", "subject": "5", "recorded-or-robo": "Y", "city": "High Point", "state": "NC", "area-code": "336"}, {"id": "490dde24b259add1335244cd1b2dd6f7", "number": "6318390822", "date": "2021-01-26 11:24:00", "subject": "2", "recorded-or-robo": "Y", "city": "", "state": "NY", "area-code": "631"}, {"id": "490dde24b259add1335244cd1b2cb9e4", "number": "9893734742", "date": "2021-01-26 11:15:00", "subject": "3", "recorded-or-robo": "N", "city": "", "state": "MI", "area-code": "248"}, {"id": "490dde24b259add1335244cd1b2dccd5", "number": "7036369395", "date": "2021-01-25 12:15:00", "subject": "2", "recorded-or-robo": "Y", "city": "McLean", "state": "VA", "area-code": "703"}, {"id": "490dde24b259add1335244cd1b2dbab8", "number": "7044010885", "date": "2021-01-26 12:00:00", "subject": "4", "recorded-or-robo": "Y", "city": "", "state": "NC", "area-code": "252"}, {"id": "490dde24b259add1335244cd1b2dac80", "number": "5075447119", "date": "2021-01-26 10:26:00", "subject": "5", "recorded-or-robo": "Y", "city": "Lamberton", "state": "MN", "area-code": "507"}, {"id": "490dde24b259add1335244cd1b2d9dce", "number": "5414039191", "date": "2021-01-26 08:25:00", "subject": "3", "recorded-or-robo": "Y", "city": "", "state": "OR", "area-code": "541"}, {"id": "490dde24b259add1335244cd1b2d9730", "number": "4149287101", "date": "2021-01-26 10:04:00", "subject": "4", "recorded-or-robo": "Y", "city": "Wind Lake", "state": "WI", "area-code": "414"}, {"id": "490dde24b259add1335244cd1b2d8ec4", "number": "2102933262", "date": "2021-01-26 10:23:00", "subject": "4", "recorded-or-robo": "Y", "city": "Midlothian", "state": "TX", "area-code": "214"}, {"id": "490dde24b259add1335244cd1b2d88e1", "number": "92911975473", "date": "2021-01-26 10:18:00", "subject": "1", "recorded-or-robo": "Y", "city": "Osseo", "state": "MN", "area-code": "763"}, {"id": "490dde24b259add1335244cd1b2d81b7", "number": "3035313383", "date": "2021-01-26 08:58:00", "subject": "1", "recorded-or-robo": "Y", "city": "", "state": "AZ", "area-code": "520"}, {"id": "490dde24b259add1335244cd1b2d7797", "number": "7083044664", "date": "2021-01-25 07:27:00", "subject": "4", "recorded-or-robo": "Y", "city": "", "state": "IL", "area-code": "708"}, {"id": "490dde24b259add1335244cd1b2d76a1", "number": "8047932960", "date": "2021-01-26 10:27:00", "subject": "0", "recorded-or-robo": "Y", "city": "North", "state": "VA", "area-code": "804"}, {"id": "490dde24b259add1335244cd1b2d680d", "number": "7162265655", "date": "2021-01-26 10:26:00", "subject": "2", "recorded-or-robo": "Y", "city": "Buffalo", "state": "NY", "area-code": "716"}, {"id": "490dde24b259add1335244cd1b2d5d13", "number": "8158285472", "date": "2021-01-26 10:24:00", "subject": "6", "recorded-or-robo": "Y", "city": "Channahon", "state": "IL", "area-code": "815"}, {"id": "490dde24b259add1335244cd1b2d5099", "number": "9127129113", "date": "2021-01-26 11:22:00", "subject": "2", "recorded-or-robo": "Y", "city": "", "state": "NY", "area-code": "914"}, {"id": "490dde24b259add1335244cd1b2d40d0", "number": "2810772879", "date": "2021-01-25 17:31:00", "subject": "2", "recorded-or-robo": "Y", "city": "EASTON", "state": "MD", "area-code": "443"}, {"id": "490dde24b259add1335244cd1b2d3ef7", "number": "2149834823", "date": "2021-01-26 10:26:00", "subject": "2", "recorded-or-robo": "", "city": "", "state": "TX", "area-code": "214"}, {"id": "490dde24b259add1335244cd1b2d3733", "number": "7272709034", "date": "2021-01-26 11:27:00", "subject": "4", "recorded-or-robo": "Y", "city": "New Port Richey", "state": "FL", "area-code": "727"}, {"id": "490dde24b259add1335244cd1b2d34c2", "number": "7158041014", "date": "2021-01-26 10:15:00", "subject": "11", "recorded-or-robo": "N", "city": "DuBois", "state": "IL", "area-code": "618"}, {"id": "490dde24b259add1335244cd1b2d32c3", "number": "3369141437", "date": "2021-01-15 14:32:00", "subject": "1", "recorded-or-robo": "Y", "city": "High Point", "state": "NC", "area-code": "336"}, {"id": "490dde24b259add1335244cd1b2d2c47", "number": "8552151831", "date": "2021-01-26 10:25:00", "subject": "6", "recorded-or-robo": "Y", "city": "Tomball", "state": "TX", "area-code": "281"}, {"id": "490dde24b259add1335244cd1b2d2039", "number": "4806605469", "date": "2021-01-26 09:26:00", "subject": "4", "recorded-or-robo": "Y", "city": "Mesa", "state": "AZ", "area-code": "480"}, {"id": "490dde24b259add1335244cd1b2d1bb7", "number": "3153144992", "date": "2021-01-26 10:24:00", "subject": "2", "recorded-or-robo": "Y", "city": "Old Forge", "state": "NY", "area-code": "315"}, {"id": "490dde24b259add1335244cd1b2d1820", "number": "8044248421", "date": "2021-01-26 11:20:00", "subject": "4", "recorded-or-robo": "Y", "city": "", "state": "VA", "area-code": "804"}, {"id": "490dde24b259add1335244cd1b2c8a12", "number": "7067811566", "date": "2021-01-26 10:21:00", "subject": "3", "recorded-or-robo": "N", "city": "", "state": "GA", "area-code": "706"}, {"id": "490dde24b259add1335244cd1b2d086f", "number": "3129401233", "date": "2021-01-26 11:24:00", "subject": "3", "recorded-or-robo": "Y", "city": "", "state": "IL", "area-code": "312"}, {"id": "490dde24b259add1335244cd1b2d0434", "number": "8442520356", "date": "2021-01-26 06:40:00", "subject": "6", "recorded-or-robo": "Y", "city": "", "state": "CT", "area-code": "860"}, {"id": "490dde24b259add1335244cd1b2cfd41", "number": "2078027026", "date": "2021-01-26 11:27:00", "subject": "4", "recorded-or-robo": "Y", "city": "", "state": "ME", "area-code": "207"}, {"id": "490dde24b259add1335244cd1b2cfa25", "number": "8332297994", "date": "2021-01-26 00:00:00", "subject": "6", "recorded-or-robo": "Y", "city": "Mooresville", "state": "IN", "area-code": "317"}, {"id": "490dde24b259add1335244cd1b2cf1ae", "number": "6264657906", "date": "2020-12-28 10:02:00", "subject": "4", "recorded-or-robo": "Y", "city": "Bellaire", "state": "CA", "area-code": "925"}, {"id": "490dde24b259add1335244cd1b2cf003", "number": "8173817813", "date": "2021-01-26 10:24:00", "subject": "2", "recorded-or-robo": "N", "city": "", "state": "TX", "area-code": "817"}, {"id": "490dde24b259add1335244cd1b2ce89c", "number": "2546917809", "date": "2021-01-26 10:26:00", "subject": "6", "recorded-or-robo": "N", "city": "", "state": "TX", "area-code": "254"}, {"id": "490dde24b259add1335244cd1b2ce4b3", "number": "5632920581", "date": "2021-01-26 11:20:00", "subject": "4", "recorded-or-robo": "Y", "city": "Tampa", "state": "FL", "area-code": "813"}, {"id": "490dde24b259add1335244cd1b2ce0e2", "number": "9708236742", "date": "2021-01-26 09:18:00", "subject": "4", "recorded-or-robo": "Y", "city": "", "state": "CO", "area-code": "970"}, {"id": "490dde24b259add1335244cd1b2cd2a1", "number": "8709871189", "date": "2021-01-25 01:47:00", "subject": "2", "recorded-or-robo": "N", "city": "MTN, VIEW", "state": "AR", "area-code": "870"}, {"id": "490dde24b259add1335244cd1b2ccadc", "number": "8668404246", "date": "2021-01-21 19:27:00", "subject": "1", "recorded-or-robo": "Y", "city": "Columbus", "state": "OH", "area-code": "508"}, {"id": "490dde24b259add1335244cd1b2cc7ef", "number": "4232051137", "date": "2021-01-25 14:49:00", "subject": "3", "recorded-or-robo": "Y", "city": "", "state": "NC", "area-code": "919"}, {"id": "490dde24b259add1335244cd1b2cc198", "number": "7707414311", "date": "2021-01-26 10:52:00", "subject": "2", "recorded-or-robo": "Y", "city": "", "state": "GA", "area-code": "770"}, {"id": "490dde24b259add1335244cd1b2cbd43", "number": "6124041590", "date": "2021-01-26 10:24:00", "subject": "4", "recorded-or-robo": "Y", "city": "Centerville", "state": "MN", "area-code": "612"}, {"id": "490dde24b259add1335244cd1b2cace7", "number": "6052208690", "date": "2021-01-26 10:26:00", "subject": "5", "recorded-or-robo": "Y", "city": "New Lenox", "state": "IL", "area-code": "773"}, {"id": "490dde24b259add1335244cd1b2be87f", "number": "7572805751", "date": "2021-01-26 09:00:00", "subject": "3", "recorded-or-robo": "N", "city": "", "state": "VA", "area-code": "757"}, {"id": "490dde24b259add1335244cd1b2ca01f", "number": "8146878027", "date": "2021-01-26 11:22:00", "subject": "4", "recorded-or-robo": "Y", "city": "Frankfort", "state": "KY", "area-code": "502"}, {"id": "490dde24b259add1335244cd1b2c9998", "number": "7163289610", "date": "2021-01-26 11:20:00", "subject": "4", "recorded-or-robo": "Y", "city": "", "state": "NY", "area-code": "716"}, {"id": "490dde24b259add1335244cd1b2c909d", "number": "3143808132", "date": "2021-01-26 07:50:00", "subject": "1", "recorded-or-robo": "Y", "city": "Santa Barbara", "state": "CA", "area-code": "805"}, {"id": "490dde24b259add1335244cd1b2c8779", "number": "4105833977", "date": "2021-01-26 09:07:00", "subject": "2", "recorded-or-robo": "Y", "city": "Arnold", "state": "MD", "area-code": "410"}, {"id": "490dde24b259add1335244cd1b2c856b", "number": "3364382417", "date": "2021-01-19 14:11:00", "subject": "1", "recorded-or-robo": "Y", "city": "High Point", "state": "NC", "area-code": "336"}, {"id": "490dde24b259add1335244cd1b2c77c2", "number": "7036369397", "date": "2021-01-25 13:20:00", "subject": "2", "recorded-or-robo": "Y", "city": "McLean", "state": "VA", "area-code": "703"}]}