{"data": [{"id": "03e293b3df9e35eadf15c5611968509b", "number": "5627023980", "date": "2021-01-24 11:00:00", "subject": "2", "recorded-or-robo": "Y", "city": "Long Beach", "state": "CA", "area-code": "562"}, {"id": "3decc6bfadaa436a105714c6bad22faa", "number": "5615322890", "date": "2021-01-24 20:34:00", "subject": "0", "recorded-or-robo": "Y", "city": "LUTZ", "state": "FL", "area-code": "813"}, {"id": "03e293b3df9e35eadf15c5611968486c", "number": "5615322890", "date": "2021-01-24 20:34:00", "subject": "0", "recorded-or-robo": "Y", "city": "LUTZ", "state": "FL", "area-code": "813"}, {"id": "3decc6bfadaa436a105714c6bad22566", "number": "7139532343", "date": "2021-01-22 16:44:00", "subject": "2", "recorded-or-robo": "Y", "city": "Irving", "state": "TX", "area-code": "972"}, {"id": "03e293b3df9e35eadf15c56119683e67", "number": "7139532343", "date": "2021-01-22 16:44:00", "subject": "2", "recorded-or-robo": "Y", "city": "Irving", "state": "TX", "area-code": "972"}, {"id": "3decc6bfadaa436a105714c6bad22530", "number": "7273726304", "date": "2021-01-15 10:30:00", "subject": "0", "recorded-or-robo": "N", "city": "Trinity", "state": "FL", "area-code": "727"}, {"id": "03e293b3df9e35eadf15c561196838be", "number": "7273726304", "date": "2021-01-15 10:30:00", "subject": "0", "recorded-or-robo": "N", "city": "Trinity", "state": "FL", "area-code": "727"}, {"id": "3decc6bfadaa436a105714c6bad22037", "number": "7472564824", "date": "2021-01-21 10:38:00", "subject": "2", "recorded-or-robo": "Y", "city": "Calabasas", "state": "CA", "area-code": "818"}, {"id": "03e293b3df9e35eadf15c5611968320d", "number": "7472564824", "date": "2021-01-21 10:38:00", "subject": "2", "recorded-or-robo": "Y", "city": "Calabasas", "state": "CA", "area-code": "818"}, {"id": "3decc6bfadaa436a105714c6bad212f3", "number": "9162802705", "date": "2021-01-20 11:52:00", "subject": "4", "recorded-or-robo": "Y", "city": "Calabasas", "state": "CA", "area-code": "818"}, {"id": "03e293b3df9e35eadf15c56119682b19", "number": "9162802705", "date": "2021-01-20 11:52:00", "subject": "4", "recorded-or-robo": "Y", "city": "Calabasas", "state": "CA", "area-code": "818"}, {"id": "3decc6bfadaa436a105714c6bad20c59", "number": "5092419119", "date": "2021-01-24 17:03:00", "subject": "2", "recorded-or-robo": "Y", "city": "", "state": "WA", "area-code": "509"}, {"id": "03e293b3df9e35eadf15c56119682981", "number": "5092419119", "date": "2021-01-24 17:03:00", "subject": "2", "recorded-or-robo": "Y", "city": "", "state": "WA", "area-code": "509"}, {"id": "3decc6bfadaa436a105714c6bad1fea8", "number": "3234869438", "date": "2021-01-20 09:26:00", "subject": "2", "recorded-or-robo": "Y", "city": "Calabasas", "state": "CA", "area-code": "818"}, {"id": "03e293b3df9e35eadf15c56119681e57", "number": "3234869438", "date": "2021-01-20 09:26:00", "subject": "2", "recorded-or-robo": "Y", "city": "Calabasas", "state": "CA", "area-code": "818"}, {"id": "3decc6bfadaa436a105714c6bad1fdf6", "number": "3146080203", "date": "2021-01-13 14:44:00", "subject": "0", "recorded-or-robo": "N", "city": "Trinity", "state": "FL", "area-code": "727"}, {"id": "03e293b3df9e35eadf15c56119681979", "number": "3146080203", "date": "2021-01-13 14:44:00", "subject": "0", "recorded-or-robo": "N", "city": "Trinity", "state": "FL", "area-code": "727"}, {"id": "3decc6bfadaa436a105714c6bad1ee39", "number": "", "date": "2021-01-24 19:25:00", "subject": "2", "recorded-or-robo": "Y", "city": "WOODRIDGE", "state": "IL", "area-code": "630"}, {"id": "03e293b3df9e35eadf15c56119681604", "number": "", "date": "2021-01-24 19:25:00", "subject": "2", "recorded-or-robo": "Y", "city": "WOODRIDGE", "state": "IL", "area-code": "630"}, {"id": "3decc6bfadaa436a105714c6bad1df8f", "number": "3143076325", "date": "2021-01-24 14:00:00", "subject": "2", "recorded-or-robo": "Y", "city": "Edwardsville", "state": "MO", "area-code": "314"}, {"id": "03e293b3df9e35eadf15c5611968142c", "number": "3143076325", "date": "2021-01-24 14:00:00", "subject": "2", "recorded-or-robo": "Y", "city": "Edwardsville", "state": "MO", "area-code": "314"}, {"id": "3decc6bfadaa436a105714c6bad1dafc", "number": "8189281209", "date": "2021-01-19 14:17:00", "subject": "2", "recorded-or-robo": "Y", "city": "Calabasas", "state": "CA", "area-code": "818"}, {"id": "03e293b3df9e35eadf15c56119681191", "number": "8189281209", "date": "2021-01-19 14:17:00", "subject": "2", "recorded-or-robo": "Y", "city": "Calabasas", "state": "CA", "area-code": "818"}, {"id": "3decc6bfadaa436a105714c6bad1d9ba", "number": "5092544001", "date": "2021-01-24 15:54:00", "subject": "2", "recorded-or-robo": "Y", "city": "Freeland", "state": "WA", "area-code": "509"}, {"id": "03e293b3df9e35eadf15c561196809eb", "number": "5092544001", "date": "2021-01-24 15:54:00", "subject": "2", "recorded-or-robo": "Y", "city": "Freeland", "state": "WA", "area-code": "509"}, {"id": "3decc6bfadaa436a105714c6bad1b578", "number": "4057797259", "date": "2021-01-24 16:40:00", "subject": "3", "recorded-or-robo": "", "city": "", "state": "MO", "area-code": "417"}, {"id": "03e293b3df9e35eadf15c5611967ce79", "number": "4057797259", "date": "2021-01-24 16:40:00", "subject": "3", "recorded-or-robo": "", "city": "", "state": "MO", "area-code": "417"}, {"id": "3decc6bfadaa436a105714c6bad1d621", "number": "870484744", "date": "2021-01-24 19:24:00", "subject": "2", "recorded-or-robo": "N", "city": "Maynard", "state": "AR", "area-code": "870"}, {"id": "03e293b3df9e35eadf15c5611967faf3", "number": "870484744", "date": "2021-01-24 19:24:00", "subject": "2", "recorded-or-robo": "N", "city": "Maynard", "state": "AR", "area-code": "870"}, {"id": "3decc6bfadaa436a105714c6bad1d4ac", "number": "8189617787", "date": "2021-01-19 05:45:00", "subject": "2", "recorded-or-robo": "Y", "city": "Calabasas", "state": "CA", "area-code": "818"}, {"id": "03e293b3df9e35eadf15c5611967eddf", "number": "8189617787", "date": "2021-01-19 05:45:00", "subject": "2", "recorded-or-robo": "Y", "city": "Calabasas", "state": "CA", "area-code": "818"}, {"id": "3decc6bfadaa436a105714c6bad1cc63", "number": "", "date": "2021-01-23 10:15:00", "subject": "1", "recorded-or-robo": "Y", "city": "Middleburg Hts.", "state": "OH", "area-code": "216"}, {"id": "03e293b3df9e35eadf15c5611967e8e3", "number": "", "date": "2021-01-23 10:15:00", "subject": "1", "recorded-or-robo": "Y", "city": "Middleburg Hts.", "state": "OH", "area-code": "216"}, {"id": "3decc6bfadaa436a105714c6bad1c0b9", "number": "7866779695", "date": "2021-01-22 14:43:00", "subject": "11", "recorded-or-robo": "Y", "city": "Williamstown", "state": "NJ", "area-code": "856"}, {"id": "03e293b3df9e35eadf15c5611967da50", "number": "7866779695", "date": "2021-01-22 14:43:00", "subject": "11", "recorded-or-robo": "Y", "city": "Williamstown", "state": "NJ", "area-code": "856"}, {"id": "3decc6bfadaa436a105714c6bad1a72c", "number": "3149333333", "date": "2021-01-24 14:07:00", "subject": "2", "recorded-or-robo": "Y", "city": "Edwardsville", "state": "IL", "area-code": "314"}, {"id": "03e293b3df9e35eadf15c5611967ce6a", "number": "3149333333", "date": "2021-01-24 14:07:00", "subject": "2", "recorded-or-robo": "Y", "city": "Edwardsville", "state": "IL", "area-code": "314"}, {"id": "3decc6bfadaa436a105714c6bad1a0ed", "number": "4693835780", "date": "2021-01-24 15:17:00", "subject": "2", "recorded-or-robo": "Y", "city": "Cedar Hill", "state": "TX", "area-code": "972"}, {"id": "03e293b3df9e35eadf15c5611967cbfe", "number": "4693835780", "date": "2021-01-24 15:17:00", "subject": "2", "recorded-or-robo": "Y", "city": "Cedar Hill", "state": "TX", "area-code": "972"}, {"id": "3decc6bfadaa436a105714c6bad199e2", "number": "", "date": "2021-01-24 19:07:00", "subject": "1", "recorded-or-robo": "Y", "city": "clinton", "state": "MO", "area-code": "660"}, {"id": "3decc6bfadaa436a105714c6bad197d8", "number": "8183568791", "date": "2021-01-18 11:34:00", "subject": "2", "recorded-or-robo": "Y", "city": "Calabasas", "state": "CA", "area-code": "818"}, {"id": "03e293b3df9e35eadf15c5611967c68f", "number": "", "date": "2021-01-24 19:07:00", "subject": "1", "recorded-or-robo": "Y", "city": "clinton", "state": "MO", "area-code": "660"}, {"id": "03e293b3df9e35eadf15c5611967bd10", "number": "8183568791", "date": "2021-01-18 11:34:00", "subject": "2", "recorded-or-robo": "Y", "city": "Calabasas", "state": "CA", "area-code": "818"}, {"id": "3decc6bfadaa436a105714c6bad1968c", "number": "4057796011", "date": "2021-01-24 05:57:00", "subject": "3", "recorded-or-robo": "Y", "city": "", "state": "MO", "area-code": "417"}, {"id": "03e293b3df9e35eadf15c5611967ad9f", "number": "4057796011", "date": "2021-01-24 05:57:00", "subject": "3", "recorded-or-robo": "Y", "city": "", "state": "MO", "area-code": "417"}, {"id": "3decc6bfadaa436a105714c6bad18f26", "number": "5016289449", "date": "2021-01-09 15:29:00", "subject": "0", "recorded-or-robo": "N", "city": "Trinity", "state": "FL", "area-code": "727"}, {"id": "03e293b3df9e35eadf15c56119679e76", "number": "5016289449", "date": "2021-01-09 15:29:00", "subject": "0", "recorded-or-robo": "N", "city": "Trinity", "state": "FL", "area-code": "727"}, {"id": "3decc6bfadaa436a105714c6bad1852f", "number": "3152328257", "date": "2021-01-24 08:08:00", "subject": "11", "recorded-or-robo": "Y", "city": "Blue Ash", "state": "OH", "area-code": "314"}, {"id": "03e293b3df9e35eadf15c56119679881", "number": "3152328257", "date": "2021-01-24 08:08:00", "subject": "11", "recorded-or-robo": "Y", "city": "Blue Ash", "state": "OH", "area-code": "314"}, {"id": "3decc6bfadaa436a105714c6bad17f4a", "number": "529621240670", "date": "2021-01-24 17:44:00", "subject": "0", "recorded-or-robo": "Y", "city": "", "state": "IL", "area-code": "773"}]}