{"data": [{"id": "1d36742e3f24f50e4e7ae828014beeec", "number": "+18325163107", "date": "2021-01-22 21:48:07", "subject": "3", "recorded-or-robo": "Y", "city": "", "state": "TX", "area-code": "512"}, {"id": "e81c9350d54f66c6d33b3747ee902942", "number": "8042076365", "date": "2021-01-22 20:04:00", "subject": "0", "recorded-or-robo": "Y", "city": "", "state": "KS", "area-code": "913"}, {"id": "1d36742e3f24f50e4e7ae8280125afad", "number": "8042076365", "date": "2021-01-22 20:04:00", "subject": "0", "recorded-or-robo": "Y", "city": "", "state": "KS", "area-code": "913"}, {"id": "e81c9350d54f66c6d33b3747eeb6a8a9", "number": "8155876828", "date": "2021-01-22 21:47:52", "subject": "3", "recorded-or-robo": "Y", "city": "", "state": "IL", "area-code": "815"}, {"id": "1d36742e3f24f50e4e7ae828014b708b", "number": "8155876828", "date": "2021-01-22 21:47:52", "subject": "3", "recorded-or-robo": "Y", "city": "", "state": "IL", "area-code": "815"}, {"id": "e81c9350d54f66c6d33b3747eeb6b322", "number": "7376669027", "date": "2021-01-22 21:47:41", "subject": "3", "recorded-or-robo": "N", "city": "", "state": "TX", "area-code": "214"}, {"id": "1d36742e3f24f50e4e7ae828014b7f2a", "number": "7376669027", "date": "2021-01-22 21:47:41", "subject": "3", "recorded-or-robo": "N", "city": "", "state": "TX", "area-code": "214"}, {"id": "e81c9350d54f66c6d33b3747eeb645f4", "number": "3056773278", "date": "2021-01-22 21:47:30", "subject": "3", "recorded-or-robo": "Y", "city": "", "state": "FL", "area-code": "305"}, {"id": "1d36742e3f24f50e4e7ae828014b1a13", "number": "3056773278", "date": "2021-01-22 21:47:30", "subject": "3", "recorded-or-robo": "Y", "city": "", "state": "FL", "area-code": "305"}, {"id": "e81c9350d54f66c6d33b3747eeb694e5", "number": "+18444730944", "date": "2021-01-22 21:47:29", "subject": "3", "recorded-or-robo": "Y", "city": "", "state": "FL", "area-code": "786"}, {"id": "1d36742e3f24f50e4e7ae828014b5776", "number": "+18444730944", "date": "2021-01-22 21:47:29", "subject": "3", "recorded-or-robo": "Y", "city": "", "state": "FL", "area-code": "786"}, {"id": "e81c9350d54f66c6d33b3747ee9024a4", "number": "6467604385", "date": "2021-01-21 11:13:00", "subject": "2", "recorded-or-robo": "Y", "city": "Jonestown", "state": "TX", "area-code": "512"}, {"id": "1d36742e3f24f50e4e7ae8280125a3da", "number": "6467604385", "date": "2021-01-21 11:13:00", "subject": "2", "recorded-or-robo": "Y", "city": "Jonestown", "state": "TX", "area-code": "512"}, {"id": "e81c9350d54f66c6d33b3747ee901b19", "number": "4103768119", "date": "2021-01-22 18:12:00", "subject": "0", "recorded-or-robo": "", "city": "Annapolis", "state": "MD", "area-code": "410"}, {"id": "1d36742e3f24f50e4e7ae8280125a029", "number": "4103768119", "date": "2021-01-22 18:12:00", "subject": "0", "recorded-or-robo": "", "city": "Annapolis", "state": "MD", "area-code": "410"}, {"id": "e81c9350d54f66c6d33b3747ee900fbf", "number": "4196845592", "date": "2021-01-21 15:00:00", "subject": "2", "recorded-or-robo": "Y", "city": "Woodville", "state": "OH", "area-code": "419"}, {"id": "1d36742e3f24f50e4e7ae82801259098", "number": "4196845592", "date": "2021-01-21 15:00:00", "subject": "2", "recorded-or-robo": "Y", "city": "Woodville", "state": "OH", "area-code": "419"}, {"id": "e81c9350d54f66c6d33b3747eeb68c99", "number": "+16196874563", "date": "2021-01-22 21:46:49", "subject": "3", "recorded-or-robo": "N", "city": "", "state": "CA", "area-code": "619"}, {"id": "1d36742e3f24f50e4e7ae828014b4ab1", "number": "+16196874563", "date": "2021-01-22 21:46:49", "subject": "3", "recorded-or-robo": "N", "city": "", "state": "CA", "area-code": "619"}, {"id": "e81c9350d54f66c6d33b3747eeb6ac78", "number": "8663231352", "date": "2021-01-22 21:46:44", "subject": "3", "recorded-or-robo": "N", "city": "", "state": "NY", "area-code": "646"}, {"id": "1d36742e3f24f50e4e7ae828014b74d6", "number": "8663231352", "date": "2021-01-22 21:46:44", "subject": "3", "recorded-or-robo": "N", "city": "", "state": "NY", "area-code": "646"}, {"id": "e81c9350d54f66c6d33b3747eeb617a6", "number": "+12676591399", "date": "2021-01-22 21:46:40", "subject": "3", "recorded-or-robo": "Y", "city": "", "state": "PA", "area-code": "267"}, {"id": "1d36742e3f24f50e4e7ae828014adf75", "number": "+12676591399", "date": "2021-01-22 21:46:40", "subject": "3", "recorded-or-robo": "Y", "city": "", "state": "PA", "area-code": "267"}, {"id": "e81c9350d54f66c6d33b3747ee900663", "number": "3045078907", "date": "2021-01-21 17:00:00", "subject": "4", "recorded-or-robo": "Y", "city": "Martinsburg", "state": "WV", "area-code": "304"}, {"id": "1d36742e3f24f50e4e7ae828012580cc", "number": "3045078907", "date": "2021-01-21 17:00:00", "subject": "4", "recorded-or-robo": "Y", "city": "Martinsburg", "state": "WV", "area-code": "304"}, {"id": "e81c9350d54f66c6d33b3747eeb6be87", "number": "+16077676469", "date": "2021-01-22 21:46:14", "subject": "3", "recorded-or-robo": "Y", "city": "", "state": "TX", "area-code": "682"}, {"id": "1d36742e3f24f50e4e7ae828014b9100", "number": "+16077676469", "date": "2021-01-22 21:46:14", "subject": "3", "recorded-or-robo": "Y", "city": "", "state": "TX", "area-code": "682"}, {"id": "e81c9350d54f66c6d33b3747eeb6cc4c", "number": "+19174444957", "date": "2021-01-22 21:46:09", "subject": "3", "recorded-or-robo": "N", "city": "", "state": "NY", "area-code": "646"}, {"id": "1d36742e3f24f50e4e7ae828014bb357", "number": "+19174444957", "date": "2021-01-22 21:46:09", "subject": "3", "recorded-or-robo": "N", "city": "", "state": "NY", "area-code": "646"}, {"id": "e81c9350d54f66c6d33b3747eeb662d5", "number": "4242432465", "date": "2021-01-22 21:46:04", "subject": "3", "recorded-or-robo": "Y", "city": "", "state": "CA", "area-code": "916"}, {"id": "1d36742e3f24f50e4e7ae828014b3869", "number": "4242432465", "date": "2021-01-22 21:46:04", "subject": "3", "recorded-or-robo": "Y", "city": "", "state": "CA", "area-code": "916"}, {"id": "e81c9350d54f66c6d33b3747ee900477", "number": "9724763741", "date": "2021-01-22 09:02:00", "subject": "0", "recorded-or-robo": "Y", "city": "Cedar Hill", "state": "TX", "area-code": "972"}, {"id": "1d36742e3f24f50e4e7ae82801257d03", "number": "9724763741", "date": "2021-01-22 09:02:00", "subject": "0", "recorded-or-robo": "Y", "city": "Cedar Hill", "state": "TX", "area-code": "972"}, {"id": "e81c9350d54f66c6d33b3747eeb61c1f", "number": "8593493375", "date": "2021-01-22 21:45:55", "subject": "3", "recorded-or-robo": "Y", "city": "", "state": "KY", "area-code": "859"}, {"id": "1d36742e3f24f50e4e7ae828014aeeb9", "number": "8593493375", "date": "2021-01-22 21:45:55", "subject": "3", "recorded-or-robo": "Y", "city": "", "state": "KY", "area-code": "859"}, {"id": "e81c9350d54f66c6d33b3747ee8ffab6", "number": "", "date": "2021-01-22 15:35:00", "subject": "2", "recorded-or-robo": "Y", "city": "SAINT LOUIS", "state": "MO", "area-code": "314"}, {"id": "1d36742e3f24f50e4e7ae82801257a1d", "number": "", "date": "2021-01-22 15:35:00", "subject": "2", "recorded-or-robo": "Y", "city": "SAINT LOUIS", "state": "MO", "area-code": "314"}, {"id": "e81c9350d54f66c6d33b3747ee8fef2b", "number": "2484421106", "date": "2021-01-22 18:10:00", "subject": "7", "recorded-or-robo": "Y", "city": "Farmington Hills", "state": "MI", "area-code": "248"}, {"id": "1d36742e3f24f50e4e7ae82801256e4a", "number": "2484421106", "date": "2021-01-22 18:10:00", "subject": "7", "recorded-or-robo": "Y", "city": "Farmington Hills", "state": "MI", "area-code": "248"}, {"id": "e81c9350d54f66c6d33b3747ee8fe1e5", "number": "9724763741", "date": "2021-01-22 09:12:00", "subject": "0", "recorded-or-robo": "Y", "city": "Cedar Hill", "state": "TX", "area-code": "972"}, {"id": "1d36742e3f24f50e4e7ae82801255f1f", "number": "9724763741", "date": "2021-01-22 09:12:00", "subject": "0", "recorded-or-robo": "Y", "city": "Cedar Hill", "state": "TX", "area-code": "972"}, {"id": "e81c9350d54f66c6d33b3747ee8fdc82", "number": "4198623193", "date": "2021-01-21 12:00:00", "subject": "2", "recorded-or-robo": "Y", "city": "Woodville", "state": "OH", "area-code": "419"}, {"id": "1d36742e3f24f50e4e7ae828012555c5", "number": "4198623193", "date": "2021-01-21 12:00:00", "subject": "2", "recorded-or-robo": "Y", "city": "Woodville", "state": "OH", "area-code": "419"}, {"id": "e81c9350d54f66c6d33b3747ee8fd0a8", "number": "6467604418", "date": "2021-01-21 11:15:00", "subject": "2", "recorded-or-robo": "Y", "city": "Jonestown", "state": "TX", "area-code": "512"}, {"id": "1d36742e3f24f50e4e7ae82801254d13", "number": "6467604418", "date": "2021-01-21 11:15:00", "subject": "2", "recorded-or-robo": "Y", "city": "Jonestown", "state": "TX", "area-code": "512"}, {"id": "e81c9350d54f66c6d33b3747ee8fc19a", "number": "5093374942", "date": "2021-01-22 15:35:00", "subject": "0", "recorded-or-robo": "N", "city": "Dwight", "state": "IL", "area-code": "815"}, {"id": "1d36742e3f24f50e4e7ae82801254376", "number": "5093374942", "date": "2021-01-22 15:35:00", "subject": "0", "recorded-or-robo": "N", "city": "Dwight", "state": "IL", "area-code": "815"}, {"id": "e81c9350d54f66c6d33b3747eeb69a23", "number": "5108815523", "date": "2021-01-22 21:45:07", "subject": "3", "recorded-or-robo": "Y", "city": "", "state": "CA", "area-code": "310"}, {"id": "1d36742e3f24f50e4e7ae828014b6356", "number": "5108815523", "date": "2021-01-22 21:45:07", "subject": "3", "recorded-or-robo": "Y", "city": "", "state": "CA", "area-code": "310"}, {"id": "e81c9350d54f66c6d33b3747eeb67f46", "number": "8608214310", "date": "2021-01-22 21:45:06", "subject": "3", "recorded-or-robo": "N", "city": "", "state": "CT", "area-code": "203"}]}