{"data": [{"id": "3decc6bfadaa436a105714c6ba835457", "number": "+18328397304", "date": "2021-01-23 21:51:00", "subject": "3", "recorded-or-robo": "N", "city": "", "state": "TX", "area-code": "832"}, {"id": "03e293b3df9e35eadf15c561191991d8", "number": "+18328397304", "date": "2021-01-23 21:51:00", "subject": "3", "recorded-or-robo": "N", "city": "", "state": "TX", "area-code": "832"}, {"id": "3decc6bfadaa436a105714c6ba6e668b", "number": "3235791958", "date": "2021-01-23 11:38:00", "subject": "0", "recorded-or-robo": "Y", "city": "", "state": "MD", "area-code": "410"}, {"id": "03e293b3df9e35eadf15c5611904396f", "number": "3235791958", "date": "2021-01-23 11:38:00", "subject": "0", "recorded-or-robo": "Y", "city": "", "state": "MD", "area-code": "410"}, {"id": "3decc6bfadaa436a105714c6ba6e65d9", "number": "4808025256", "date": "2021-01-23 17:43:00", "subject": "1", "recorded-or-robo": "Y", "city": "Sun Lakes", "state": "AZ", "area-code": "480"}, {"id": "03e293b3df9e35eadf15c561190432e5", "number": "4808025256", "date": "2021-01-23 17:43:00", "subject": "1", "recorded-or-robo": "Y", "city": "Sun Lakes", "state": "AZ", "area-code": "480"}, {"id": "3decc6bfadaa436a105714c6ba6e5f8e", "number": "7243141909", "date": "2021-01-22 18:50:00", "subject": "0", "recorded-or-robo": "Y", "city": "", "state": "MD", "area-code": "410"}, {"id": "03e293b3df9e35eadf15c561190422ea", "number": "7243141909", "date": "2021-01-22 18:50:00", "subject": "0", "recorded-or-robo": "Y", "city": "", "state": "MD", "area-code": "410"}, {"id": "3decc6bfadaa436a105714c6ba6e5eb2", "number": "2492218852", "date": "2021-01-22 17:56:00", "subject": "0", "recorded-or-robo": "Y", "city": "", "state": "MD", "area-code": "410"}, {"id": "03e293b3df9e35eadf15c56119041a00", "number": "2492218852", "date": "2021-01-22 17:56:00", "subject": "0", "recorded-or-robo": "Y", "city": "", "state": "MD", "area-code": "410"}, {"id": "3decc6bfadaa436a105714c6ba6e5896", "number": "5205880", "date": "2020-12-22 09:43:00", "subject": "0", "recorded-or-robo": "Y", "city": "Duluth", "state": "MN", "area-code": "218"}, {"id": "03e293b3df9e35eadf15c56119041585", "number": "5205880", "date": "2020-12-22 09:43:00", "subject": "0", "recorded-or-robo": "Y", "city": "Duluth", "state": "MN", "area-code": "218"}, {"id": "3decc6bfadaa436a105714c6ba6e5852", "number": "5092467691", "date": "2021-01-22 16:28:00", "subject": "0", "recorded-or-robo": "Y", "city": "", "state": "MD", "area-code": "410"}, {"id": "03e293b3df9e35eadf15c561190405d5", "number": "5092467691", "date": "2021-01-22 16:28:00", "subject": "0", "recorded-or-robo": "Y", "city": "", "state": "MD", "area-code": "410"}, {"id": "3decc6bfadaa436a105714c6ba6e4ddb", "number": "4808026425", "date": "2021-01-23 17:30:00", "subject": "1", "recorded-or-robo": "Y", "city": "Sun Lakes", "state": "AZ", "area-code": "480"}, {"id": "03e293b3df9e35eadf15c561190402e9", "number": "4808026425", "date": "2021-01-23 17:30:00", "subject": "1", "recorded-or-robo": "Y", "city": "Sun Lakes", "state": "AZ", "area-code": "480"}, {"id": "3decc6bfadaa436a105714c6ba6e497a", "number": "8763756723", "date": "2020-12-24 15:39:00", "subject": "0", "recorded-or-robo": "Y", "city": "Duluth", "state": "MN", "area-code": "218"}, {"id": "03e293b3df9e35eadf15c5611903f721", "number": "8763756723", "date": "2020-12-24 15:39:00", "subject": "0", "recorded-or-robo": "Y", "city": "Duluth", "state": "MN", "area-code": "218"}, {"id": "3decc6bfadaa436a105714c6ba6e465d", "number": "2406520581", "date": "2021-01-22 13:47:00", "subject": "0", "recorded-or-robo": "Y", "city": "", "state": "MD", "area-code": "410"}, {"id": "03e293b3df9e35eadf15c5611903ee43", "number": "2406520581", "date": "2021-01-22 13:47:00", "subject": "0", "recorded-or-robo": "Y", "city": "", "state": "MD", "area-code": "410"}, {"id": "3decc6bfadaa436a105714c6ba6e3ec1", "number": "6513147100", "date": "2020-12-29 14:10:00", "subject": "0", "recorded-or-robo": "Y", "city": "Duluth", "state": "MN", "area-code": "218"}, {"id": "03e293b3df9e35eadf15c5611903e800", "number": "6513147100", "date": "2020-12-29 14:10:00", "subject": "0", "recorded-or-robo": "Y", "city": "Duluth", "state": "MN", "area-code": "218"}, {"id": "3decc6bfadaa436a105714c6ba6e3620", "number": "4108365575", "date": "2021-01-21 16:30:00", "subject": "0", "recorded-or-robo": "Y", "city": "", "state": "MD", "area-code": "410"}, {"id": "03e293b3df9e35eadf15c5611903d923", "number": "4108365575", "date": "2021-01-21 16:30:00", "subject": "0", "recorded-or-robo": "Y", "city": "", "state": "MD", "area-code": "410"}, {"id": "3decc6bfadaa436a105714c6ba833816", "number": "+14698121818", "date": "2021-01-23 21:46:35", "subject": "3", "recorded-or-robo": "Y", "city": "", "state": "PA", "area-code": "215"}, {"id": "03e293b3df9e35eadf15c561191965e8", "number": "+14698121818", "date": "2021-01-23 21:46:35", "subject": "3", "recorded-or-robo": "Y", "city": "", "state": "PA", "area-code": "215"}, {"id": "3decc6bfadaa436a105714c6ba6e29ce", "number": "6512655201", "date": "2021-01-04 12:23:00", "subject": "0", "recorded-or-robo": "Y", "city": "Duluth", "state": "MN", "area-code": "218"}, {"id": "03e293b3df9e35eadf15c5611903d825", "number": "6512655201", "date": "2021-01-04 12:23:00", "subject": "0", "recorded-or-robo": "Y", "city": "Duluth", "state": "MN", "area-code": "218"}, {"id": "3decc6bfadaa436a105714c6ba8328d4", "number": "+18177549475", "date": "2021-01-23 21:46:19", "subject": "3", "recorded-or-robo": "Y", "city": "", "state": "TX", "area-code": "817"}, {"id": "03e293b3df9e35eadf15c56119195ae3", "number": "+18177549475", "date": "2021-01-23 21:46:19", "subject": "3", "recorded-or-robo": "Y", "city": "", "state": "TX", "area-code": "817"}, {"id": "3decc6bfadaa436a105714c6ba6e1d53", "number": "4435507778", "date": "2021-01-23 12:40:00", "subject": "4", "recorded-or-robo": "Y", "city": "", "state": "MD", "area-code": "443"}, {"id": "03e293b3df9e35eadf15c5611903d80d", "number": "4435507778", "date": "2021-01-23 12:40:00", "subject": "4", "recorded-or-robo": "Y", "city": "", "state": "MD", "area-code": "443"}, {"id": "3decc6bfadaa436a105714c6ba6e1606", "number": "3609403083", "date": "2021-01-05 13:23:00", "subject": "0", "recorded-or-robo": "Y", "city": "Duluth", "state": "MN", "area-code": "218"}, {"id": "03e293b3df9e35eadf15c5611903d185", "number": "3609403083", "date": "2021-01-05 13:23:00", "subject": "0", "recorded-or-robo": "Y", "city": "Duluth", "state": "MN", "area-code": "218"}, {"id": "3decc6bfadaa436a105714c6ba6e0cf6", "number": "8454201471", "date": "2021-01-22 14:18:00", "subject": "0", "recorded-or-robo": "Y", "city": "Suffern", "state": "NY", "area-code": "845"}, {"id": "03e293b3df9e35eadf15c5611903ce0f", "number": "8454201471", "date": "2021-01-22 14:18:00", "subject": "0", "recorded-or-robo": "Y", "city": "Suffern", "state": "NY", "area-code": "845"}, {"id": "3decc6bfadaa436a105714c6ba6e01ca", "number": "8132023310", "date": "2021-01-05 14:37:00", "subject": "0", "recorded-or-robo": "Y", "city": "Duluth", "state": "MN", "area-code": "218"}, {"id": "03e293b3df9e35eadf15c5611903c1df", "number": "8132023310", "date": "2021-01-05 14:37:00", "subject": "0", "recorded-or-robo": "Y", "city": "Duluth", "state": "MN", "area-code": "218"}, {"id": "3decc6bfadaa436a105714c6ba833ebe", "number": "5614627236", "date": "2021-01-23 21:45:11", "subject": "3", "recorded-or-robo": "Y", "city": "", "state": "CA", "area-code": "559"}, {"id": "03e293b3df9e35eadf15c56119196f4a", "number": "5614627236", "date": "2021-01-23 21:45:11", "subject": "3", "recorded-or-robo": "Y", "city": "", "state": "CA", "area-code": "559"}, {"id": "3decc6bfadaa436a105714c6ba834121", "number": "5614627236", "date": "2021-01-23 21:45:10", "subject": "3", "recorded-or-robo": "Y", "city": "", "state": "CA", "area-code": "559"}, {"id": "03e293b3df9e35eadf15c5611919786a", "number": "5614627236", "date": "2021-01-23 21:45:10", "subject": "3", "recorded-or-robo": "Y", "city": "", "state": "CA", "area-code": "559"}, {"id": "3decc6bfadaa436a105714c6ba6dfd72", "number": "5203814509", "date": "2021-01-14 14:31:00", "subject": "4", "recorded-or-robo": "Y", "city": "PHOENIX", "state": "AZ", "area-code": "520"}, {"id": "03e293b3df9e35eadf15c5611903bd35", "number": "5203814509", "date": "2021-01-14 14:31:00", "subject": "4", "recorded-or-robo": "Y", "city": "PHOENIX", "state": "AZ", "area-code": "520"}, {"id": "3decc6bfadaa436a105714c6ba6df5a5", "number": "5099105730", "date": "2021-01-23 13:59:00", "subject": "11", "recorded-or-robo": "Y", "city": "Yakima", "state": "WA", "area-code": "509"}, {"id": "03e293b3df9e35eadf15c5611903b3bf", "number": "5099105730", "date": "2021-01-23 13:59:00", "subject": "11", "recorded-or-robo": "Y", "city": "Yakima", "state": "WA", "area-code": "509"}, {"id": "3decc6bfadaa436a105714c6ba833766", "number": "7037046816", "date": "2021-01-23 21:44:33", "subject": "3", "recorded-or-robo": "Y", "city": "", "state": "CO", "area-code": "303"}, {"id": "03e293b3df9e35eadf15c56119195e37", "number": "7037046816", "date": "2021-01-23 21:44:33", "subject": "3", "recorded-or-robo": "Y", "city": "", "state": "CO", "area-code": "303"}, {"id": "3decc6bfadaa436a105714c6ba6de651", "number": "6057414560", "date": "2021-01-21 18:46:00", "subject": "0", "recorded-or-robo": "Y", "city": "Suffern", "state": "NY", "area-code": "845"}, {"id": "3decc6bfadaa436a105714c6ba6de1d1", "number": "8143345461", "date": "2021-01-06 13:43:00", "subject": "0", "recorded-or-robo": "Y", "city": "Duluth", "state": "MN", "area-code": "218"}]}