{"data": [{"id": "1d36742e3f24f50e4e7ae82801479624", "number": "4439065447", "date": "2021-01-22 21:16:07", "subject": "3", "recorded-or-robo": "Y", "city": "", "state": "PA", "area-code": "267"}, {"id": "e81c9350d54f66c6d33b3747ee8a830f", "number": "8004468848", "date": "2021-01-18 11:21:00", "subject": "0", "recorded-or-robo": "Y", "city": "Granbury", "state": "WI", "area-code": "414"}, {"id": "1d36742e3f24f50e4e7ae82801207c23", "number": "8004468848", "date": "2021-01-18 11:21:00", "subject": "0", "recorded-or-robo": "Y", "city": "Granbury", "state": "WI", "area-code": "414"}, {"id": "e81c9350d54f66c6d33b3747eeb28000", "number": "+18178132084", "date": "2021-01-22 21:16:03", "subject": "3", "recorded-or-robo": "Y", "city": "", "state": "TX", "area-code": "817"}, {"id": "1d36742e3f24f50e4e7ae828014755f2", "number": "+18178132084", "date": "2021-01-22 21:16:03", "subject": "3", "recorded-or-robo": "Y", "city": "", "state": "TX", "area-code": "817"}, {"id": "e81c9350d54f66c6d33b3747eeb287a6", "number": "+12152348187", "date": "2021-01-22 21:15:51", "subject": "3", "recorded-or-robo": "Y", "city": "", "state": "PA", "area-code": "215"}, {"id": "1d36742e3f24f50e4e7ae828014764ae", "number": "+12152348187", "date": "2021-01-22 21:15:51", "subject": "3", "recorded-or-robo": "Y", "city": "", "state": "PA", "area-code": "215"}, {"id": "e81c9350d54f66c6d33b3747eeb263a5", "number": "9084528298", "date": "2021-01-22 21:15:45", "subject": "3", "recorded-or-robo": "Y", "city": "", "state": "NJ", "area-code": "908"}, {"id": "1d36742e3f24f50e4e7ae82801472fbb", "number": "9084528298", "date": "2021-01-22 21:15:45", "subject": "3", "recorded-or-robo": "Y", "city": "", "state": "NJ", "area-code": "908"}, {"id": "e81c9350d54f66c6d33b3747ee8a8306", "number": "9098957023", "date": "2021-01-12 08:30:00", "subject": "2", "recorded-or-robo": "Y", "city": "Yucca Valley", "state": "CA", "area-code": "760"}, {"id": "1d36742e3f24f50e4e7ae828012070e6", "number": "9098957023", "date": "2021-01-12 08:30:00", "subject": "2", "recorded-or-robo": "Y", "city": "Yucca Valley", "state": "CA", "area-code": "760"}, {"id": "e81c9350d54f66c6d33b3747ee8a7e1b", "number": "", "date": "2021-01-22 17:40:00", "subject": "5", "recorded-or-robo": "Y", "city": "", "state": "LA", "area-code": "337"}, {"id": "1d36742e3f24f50e4e7ae828012066f2", "number": "", "date": "2021-01-22 17:40:00", "subject": "5", "recorded-or-robo": "Y", "city": "", "state": "LA", "area-code": "337"}, {"id": "e81c9350d54f66c6d33b3747ee8a7736", "number": "8139640918", "date": "2021-01-09 18:44:00", "subject": "2", "recorded-or-robo": "Y", "city": "TAMPA", "state": "FL", "area-code": "813"}, {"id": "1d36742e3f24f50e4e7ae82801205c90", "number": "8139640918", "date": "2021-01-09 18:44:00", "subject": "2", "recorded-or-robo": "Y", "city": "TAMPA", "state": "FL", "area-code": "813"}, {"id": "e81c9350d54f66c6d33b3747eeb22e2a", "number": "+12172696520", "date": "2021-01-22 21:15:30", "subject": "3", "recorded-or-robo": "Y", "city": "", "state": "TX", "area-code": "817"}, {"id": "1d36742e3f24f50e4e7ae8280147005f", "number": "+12172696520", "date": "2021-01-22 21:15:30", "subject": "3", "recorded-or-robo": "Y", "city": "", "state": "TX", "area-code": "817"}, {"id": "e81c9350d54f66c6d33b3747ee8a7137", "number": "243840313010", "date": "2021-01-22 17:49:00", "subject": "0", "recorded-or-robo": "N", "city": "Kennewick", "state": "WA", "area-code": "509"}, {"id": "1d36742e3f24f50e4e7ae82801204d6e", "number": "243840313010", "date": "2021-01-22 17:49:00", "subject": "0", "recorded-or-robo": "N", "city": "Kennewick", "state": "WA", "area-code": "509"}, {"id": "e81c9350d54f66c6d33b3747ee8a634d", "number": "4142395371", "date": "2021-01-18 14:59:00", "subject": "0", "recorded-or-robo": "Y", "city": "Granbury", "state": "WI", "area-code": "414"}, {"id": "1d36742e3f24f50e4e7ae82801204441", "number": "4142395371", "date": "2021-01-18 14:59:00", "subject": "0", "recorded-or-robo": "Y", "city": "Granbury", "state": "WI", "area-code": "414"}, {"id": "e81c9350d54f66c6d33b3747ee8a58be", "number": "9186761380", "date": "2021-01-22 15:10:00", "subject": "0", "recorded-or-robo": "Y", "city": "Tulsa", "state": "OK", "area-code": "918"}, {"id": "1d36742e3f24f50e4e7ae82801203b72", "number": "9186761380", "date": "2021-01-22 15:10:00", "subject": "0", "recorded-or-robo": "Y", "city": "Tulsa", "state": "OK", "area-code": "918"}, {"id": "e81c9350d54f66c6d33b3747eeb28dc7", "number": "+18175417963", "date": "2021-01-22 21:14:54", "subject": "3", "recorded-or-robo": "Y", "city": "", "state": "TX", "area-code": "817"}, {"id": "1d36742e3f24f50e4e7ae8280147666d", "number": "+18175417963", "date": "2021-01-22 21:14:54", "subject": "3", "recorded-or-robo": "Y", "city": "", "state": "TX", "area-code": "817"}, {"id": "e81c9350d54f66c6d33b3747ee8a4fcd", "number": "6282069290", "date": "2021-01-12 14:16:00", "subject": "2", "recorded-or-robo": "Y", "city": "Yucca Valley", "state": "CA", "area-code": "760"}, {"id": "1d36742e3f24f50e4e7ae828012031fa", "number": "6282069290", "date": "2021-01-12 14:16:00", "subject": "2", "recorded-or-robo": "Y", "city": "Yucca Valley", "state": "CA", "area-code": "760"}, {"id": "e81c9350d54f66c6d33b3747ee8a45fe", "number": "9203489940", "date": "2021-01-22 15:15:00", "subject": "2", "recorded-or-robo": "Y", "city": "Green bay", "state": "WI", "area-code": "920"}, {"id": "1d36742e3f24f50e4e7ae828012022e4", "number": "9203489940", "date": "2021-01-22 15:15:00", "subject": "2", "recorded-or-robo": "Y", "city": "Green bay", "state": "WI", "area-code": "920"}, {"id": "e81c9350d54f66c6d33b3747ee8a37d3", "number": "5104671084", "date": "2021-01-22 15:53:00", "subject": "4", "recorded-or-robo": "Y", "city": "Vashon", "state": "WA", "area-code": "805"}, {"id": "1d36742e3f24f50e4e7ae82801201a6f", "number": "5104671084", "date": "2021-01-22 15:53:00", "subject": "4", "recorded-or-robo": "Y", "city": "Vashon", "state": "WA", "area-code": "805"}, {"id": "e81c9350d54f66c6d33b3747ee8a2d3c", "number": "4149287110", "date": "2021-01-20 10:30:00", "subject": "0", "recorded-or-robo": "Y", "city": "Granbury", "state": "WI", "area-code": "414"}, {"id": "1d36742e3f24f50e4e7ae82801201029", "number": "4149287110", "date": "2021-01-20 10:30:00", "subject": "0", "recorded-or-robo": "Y", "city": "Granbury", "state": "WI", "area-code": "414"}, {"id": "e81c9350d54f66c6d33b3747eeb2b540", "number": "+18458477048", "date": "2021-01-22 21:14:09", "subject": "3", "recorded-or-robo": "Y", "city": "", "state": "NY", "area-code": "845"}, {"id": "1d36742e3f24f50e4e7ae8280147a312", "number": "+18458477048", "date": "2021-01-22 21:14:09", "subject": "3", "recorded-or-robo": "Y", "city": "", "state": "NY", "area-code": "845"}, {"id": "e81c9350d54f66c6d33b3747eeb2bb76", "number": "8138038556", "date": "2021-01-22 21:14:08", "subject": "3", "recorded-or-robo": "Y", "city": "", "state": "FL", "area-code": "813"}, {"id": "1d36742e3f24f50e4e7ae8280147a51d", "number": "8138038556", "date": "2021-01-22 21:14:08", "subject": "3", "recorded-or-robo": "Y", "city": "", "state": "FL", "area-code": "813"}, {"id": "e81c9350d54f66c6d33b3747eeb23d22", "number": "8138038556", "date": "2021-01-22 21:14:07", "subject": "3", "recorded-or-robo": "Y", "city": "", "state": "FL", "area-code": "813"}, {"id": "1d36742e3f24f50e4e7ae8280147104f", "number": "8138038556", "date": "2021-01-22 21:14:07", "subject": "3", "recorded-or-robo": "Y", "city": "", "state": "FL", "area-code": "813"}, {"id": "e81c9350d54f66c6d33b3747eeb26a0e", "number": "2012616645", "date": "2021-01-22 21:14:02", "subject": "3", "recorded-or-robo": "Y", "city": "", "state": "AR", "area-code": "479"}, {"id": "1d36742e3f24f50e4e7ae8280147384d", "number": "2012616645", "date": "2021-01-22 21:14:02", "subject": "3", "recorded-or-robo": "Y", "city": "", "state": "AR", "area-code": "479"}, {"id": "e81c9350d54f66c6d33b3747ee8a2b19", "number": "4805355587", "date": "2021-01-22 18:49:00", "subject": "2", "recorded-or-robo": "Y", "city": "Pocatello", "state": "ID", "area-code": "208"}, {"id": "1d36742e3f24f50e4e7ae828012009b9", "number": "4805355587", "date": "2021-01-22 18:49:00", "subject": "2", "recorded-or-robo": "Y", "city": "Pocatello", "state": "ID", "area-code": "208"}, {"id": "e81c9350d54f66c6d33b3747ee8a28ac", "number": "8139324599", "date": "2021-01-09 15:56:00", "subject": "2", "recorded-or-robo": "Y", "city": "TAMPA", "state": "FL", "area-code": "813"}, {"id": "1d36742e3f24f50e4e7ae82801200651", "number": "8139324599", "date": "2021-01-09 15:56:00", "subject": "2", "recorded-or-robo": "Y", "city": "TAMPA", "state": "FL", "area-code": "813"}, {"id": "e81c9350d54f66c6d33b3747ee8a2541", "number": "2179359174", "date": "2021-01-22 11:00:00", "subject": "1", "recorded-or-robo": "Y", "city": "Clinton", "state": "IL", "area-code": "217"}, {"id": "1d36742e3f24f50e4e7ae828011ffa67", "number": "2179359174", "date": "2021-01-22 11:00:00", "subject": "1", "recorded-or-robo": "Y", "city": "Clinton", "state": "IL", "area-code": "217"}, {"id": "e81c9350d54f66c6d33b3747eeb22eb0", "number": "8636574060", "date": "2021-01-22 21:13:47", "subject": "3", "recorded-or-robo": "N", "city": "", "state": "FL", "area-code": "863"}, {"id": "1d36742e3f24f50e4e7ae82801471008", "number": "8636574060", "date": "2021-01-22 21:13:47", "subject": "3", "recorded-or-robo": "N", "city": "", "state": "FL", "area-code": "863"}, {"id": "e81c9350d54f66c6d33b3747ee8a166d", "number": "243840313072", "date": "2021-01-22 17:24:00", "subject": "0", "recorded-or-robo": "N", "city": "Kennewick", "state": "WA", "area-code": "509"}]}