{"data": [{"id": "490dde24b259add1335244cd1b548cea", "number": "", "date": "2021-01-26 10:10:00", "subject": "2", "recorded-or-robo": "Y", "city": "Denver", "state": "CO", "area-code": "303"}, {"id": "490dde24b259add1335244cd1b539ffa", "number": "8449546113", "date": "2021-01-26 12:12:00", "subject": "3", "recorded-or-robo": "N", "city": "", "state": "CT", "area-code": "860"}, {"id": "490dde24b259add1335244cd1b54830f", "number": "8136403694", "date": "2021-01-26 11:47:00", "subject": "4", "recorded-or-robo": "Y", "city": "Wesley Chapel", "state": "FL", "area-code": "813"}, {"id": "490dde24b259add1335244cd1b547bdb", "number": "8059123824", "date": "2021-01-22 09:12:00", "subject": "0", "recorded-or-robo": "N", "city": "seattle", "state": "CA", "area-code": "805"}, {"id": "490dde24b259add1335244cd1b547ac7", "number": "8136997260", "date": "2021-01-26 08:27:00", "subject": "2", "recorded-or-robo": "N", "city": "San Diego", "state": "CA", "area-code": "619"}, {"id": "490dde24b259add1335244cd1b5472cc", "number": "3304866942", "date": "2020-12-18 17:34:00", "subject": "2", "recorded-or-robo": "", "city": "Portsmouth", "state": "OH", "area-code": "740"}, {"id": "490dde24b259add1335244cd1b54631c", "number": "6018978108", "date": "2021-01-26 12:13:00", "subject": "2", "recorded-or-robo": "Y", "city": "", "state": "MA", "area-code": "978"}, {"id": "490dde24b259add1335244cd1b54551b", "number": "5754186238", "date": "2021-01-25 18:25:00", "subject": "5", "recorded-or-robo": "", "city": "", "state": "NE", "area-code": "402"}, {"id": "490dde24b259add1335244cd1b544a7d", "number": "7372733113", "date": "2021-01-25 08:58:00", "subject": "4", "recorded-or-robo": "Y", "city": "Duluth", "state": "GA", "area-code": "214"}, {"id": "490dde24b259add1335244cd1b54498b", "number": "789417178", "date": "2021-01-20 13:05:00", "subject": "3", "recorded-or-robo": "Y", "city": "", "state": "CO", "area-code": "970"}, {"id": "490dde24b259add1335244cd1b544294", "number": "4705369107", "date": "2021-01-26 12:14:00", "subject": "4", "recorded-or-robo": "Y", "city": "", "state": "IN", "area-code": "317"}, {"id": "490dde24b259add1335244cd1b543ac9", "number": "6182286660", "date": "2021-01-26 11:18:00", "subject": "4", "recorded-or-robo": "Y", "city": "Chatham", "state": "IL", "area-code": "217"}, {"id": "490dde24b259add1335244cd1b54318f", "number": "", "date": "2021-01-26 10:51:00", "subject": "2", "recorded-or-robo": "Y", "city": "Richmond", "state": "TX", "area-code": "832"}, {"id": "490dde24b259add1335244cd1b5423d8", "number": "3017080205", "date": "2021-01-26 12:17:00", "subject": "4", "recorded-or-robo": "Y", "city": "Arlington", "state": "VA", "area-code": "301"}, {"id": "490dde24b259add1335244cd1b5416b3", "number": "3125928928", "date": "2021-01-26 11:46:00", "subject": "2", "recorded-or-robo": "Y", "city": "Barberton", "state": "OH", "area-code": "312"}, {"id": "490dde24b259add1335244cd1b5410d0", "number": "7088850110", "date": "2021-01-26 12:11:00", "subject": "4", "recorded-or-robo": "Y", "city": "SPRINGFIELD", "state": "OH", "area-code": "937"}, {"id": "490dde24b259add1335244cd1b52cc67", "number": "5704381030", "date": "2021-01-26 12:06:00", "subject": "3", "recorded-or-robo": "", "city": "", "state": "PA", "area-code": "570"}, {"id": "490dde24b259add1335244cd1b54027f", "number": "2622611041", "date": "2021-01-26 10:59:00", "subject": "2", "recorded-or-robo": "N", "city": "", "state": "WI", "area-code": "262"}, {"id": "490dde24b259add1335244cd1b53f738", "number": "3526454107", "date": "2021-01-26 11:17:00", "subject": "4", "recorded-or-robo": "Y", "city": "", "state": "OK", "area-code": "918"}, {"id": "490dde24b259add1335244cd1b53e7f0", "number": "8053421561", "date": "2021-01-22 11:16:00", "subject": "0", "recorded-or-robo": "N", "city": "seattle", "state": "CA", "area-code": "805"}, {"id": "490dde24b259add1335244cd1b53e172", "number": "7183482982", "date": "2021-01-22 17:36:00", "subject": "2", "recorded-or-robo": "Y", "city": "Maspeth", "state": "NY", "area-code": "718"}, {"id": "490dde24b259add1335244cd1b53d9de", "number": "5139169251", "date": "2021-01-25 11:37:00", "subject": "3", "recorded-or-robo": "", "city": "", "state": "OH", "area-code": "513"}, {"id": "490dde24b259add1335244cd1b53ca2d", "number": "5617041130", "date": "2021-01-26 12:17:00", "subject": "2", "recorded-or-robo": "Y", "city": "Port st lucie", "state": "FL", "area-code": "561"}, {"id": "490dde24b259add1335244cd1b53c2a6", "number": "2023017492", "date": "2021-01-26 11:33:00", "subject": "1", "recorded-or-robo": "Y", "city": "Bexley", "state": "OH", "area-code": "614"}, {"id": "490dde24b259add1335244cd1b53b30f", "number": "3324568158", "date": "2021-01-26 11:06:00", "subject": "2", "recorded-or-robo": "Y", "city": "", "state": "OH", "area-code": "330"}, {"id": "490dde24b259add1335244cd1b53adad", "number": "5035733126", "date": "2021-01-26 09:16:00", "subject": "1", "recorded-or-robo": "Y", "city": "Portland", "state": "OR", "area-code": "503"}, {"id": "490dde24b259add1335244cd1b53a2db", "number": "6514150591", "date": "2021-01-26 11:17:00", "subject": "4", "recorded-or-robo": "Y", "city": "", "state": "MN", "area-code": "218"}, {"id": "490dde24b259add1335244cd1b5396dd", "number": "8468976698", "date": "2021-01-26 11:16:00", "subject": "6", "recorded-or-robo": "Y", "city": "Northbrook", "state": "IL", "area-code": "847"}, {"id": "490dde24b259add1335244cd1b5389ea", "number": "7027819434", "date": "2021-01-22 09:02:00", "subject": "4", "recorded-or-robo": "Y", "city": "Bullhead City", "state": "NV", "area-code": "702"}, {"id": "490dde24b259add1335244cd1b537a7b", "number": "97072533", "date": "2021-01-20 10:45:00", "subject": "3", "recorded-or-robo": "Y", "city": "", "state": "CO", "area-code": "970"}, {"id": "490dde24b259add1335244cd1b536f41", "number": "7403550386", "date": "2020-12-19 11:12:00", "subject": "2", "recorded-or-robo": "", "city": "Portsmouth", "state": "OH", "area-code": "740"}, {"id": "490dde24b259add1335244cd1b536b35", "number": "2546236934", "date": "2021-01-26 10:49:00", "subject": "1", "recorded-or-robo": "Y", "city": "Pittsburgh", "state": "PA", "area-code": "412"}, {"id": "490dde24b259add1335244cd1b53646e", "number": "2705949501", "date": "2021-01-26 11:11:00", "subject": "0", "recorded-or-robo": "Y", "city": "Lewisport", "state": "KY", "area-code": "270"}, {"id": "490dde24b259add1335244cd1b535cae", "number": "8572731613", "date": "2021-01-26 11:25:00", "subject": "1", "recorded-or-robo": "Y", "city": "Baltimore", "state": "MD", "area-code": "857"}, {"id": "490dde24b259add1335244cd1b53541e", "number": "7247652301", "date": "2021-01-26 12:14:00", "subject": "4", "recorded-or-robo": "Y", "city": "", "state": "PA", "area-code": "724"}, {"id": "490dde24b259add1335244cd1b5348b1", "number": "8036104291", "date": "2021-01-26 12:16:00", "subject": "0", "recorded-or-robo": "Y", "city": "Newton", "state": "NC", "area-code": "828"}, {"id": "490dde24b259add1335244cd1b533e26", "number": "5204021126", "date": "2021-01-26 12:00:00", "subject": "4", "recorded-or-robo": "Y", "city": "Baldwin", "state": "NY", "area-code": "516"}, {"id": "490dde24b259add1335244cd1b53328a", "number": "8882804331", "date": "2021-01-26 12:17:00", "subject": "3", "recorded-or-robo": "Y", "city": "", "state": "NY", "area-code": "315"}, {"id": "490dde24b259add1335244cd1b532fde", "number": "5137254787", "date": "2021-01-25 17:30:00", "subject": "3", "recorded-or-robo": "", "city": "", "state": "OH", "area-code": "513"}, {"id": "490dde24b259add1335244cd1b532eed", "number": "8053087175", "date": "2021-01-24 00:02:00", "subject": "0", "recorded-or-robo": "N", "city": "seattle", "state": "CA", "area-code": "805"}, {"id": "490dde24b259add1335244cd1b5326da", "number": "9362658230", "date": "2021-01-25 06:29:00", "subject": "4", "recorded-or-robo": "Y", "city": "Duluth", "state": "GA", "area-code": "214"}, {"id": "490dde24b259add1335244cd1b531a1d", "number": "9892068294", "date": "2021-01-26 12:05:00", "subject": "7", "recorded-or-robo": "Y", "city": "Saginaw", "state": "MI", "area-code": "989"}, {"id": "490dde24b259add1335244cd1b5316e1", "number": "4432158646", "date": "2021-01-26 12:13:00", "subject": "1", "recorded-or-robo": "Y", "city": "", "state": "MD", "area-code": "443"}, {"id": "490dde24b259add1335244cd1b5314b6", "number": "3078778214", "date": "2021-01-26 09:06:00", "subject": "2", "recorded-or-robo": "Y", "city": "Woodacre", "state": "CA", "area-code": "415"}, {"id": "490dde24b259add1335244cd1b531227", "number": "2092003256", "date": "2021-01-26 09:18:00", "subject": "1", "recorded-or-robo": "Y", "city": "Malibu", "state": "CA", "area-code": "310"}, {"id": "490dde24b259add1335244cd1b5309c3", "number": "", "date": "2021-01-26 08:32:00", "subject": "3", "recorded-or-robo": "Y", "city": "", "state": "CA", "area-code": "707"}, {"id": "490dde24b259add1335244cd1b52fe63", "number": "8882474080", "date": "2021-01-26 09:15:00", "subject": "5", "recorded-or-robo": "", "city": "", "state": "NE", "area-code": "402"}, {"id": "490dde24b259add1335244cd1b52fcf4", "number": "3617581672", "date": "2021-01-26 08:57:00", "subject": "2", "recorded-or-robo": "Y", "city": "Victoria", "state": "TX", "area-code": "361"}, {"id": "490dde24b259add1335244cd1b52f92e", "number": "8284349808", "date": "2021-01-26 10:29:00", "subject": "2", "recorded-or-robo": "Y", "city": "La Crosse", "state": "WI", "area-code": "608"}, {"id": "490dde24b259add1335244cd1b52f36f", "number": "7072328639", "date": "2021-01-26 09:17:00", "subject": "0", "recorded-or-robo": "Y", "city": "Glen Ellen", "state": "CA", "area-code": "707"}]}