{"data": [{"id": "1d36742e3f24f50e4e7ae828015490e2", "number": "5092148661", "date": "2021-01-22 23:02:54", "subject": "3", "recorded-or-robo": "Y", "city": "", "state": "IL", "area-code": "630"}, {"id": "e81c9350d54f66c6d33b3747ee960d82", "number": "3107307031", "date": "2020-02-28 17:48:00", "subject": "2", "recorded-or-robo": "Y", "city": "Rockville", "state": "MD", "area-code": "310"}, {"id": "1d36742e3f24f50e4e7ae828012b912a", "number": "3107307031", "date": "2020-02-28 17:48:00", "subject": "2", "recorded-or-robo": "Y", "city": "Rockville", "state": "MD", "area-code": "310"}, {"id": "e81c9350d54f66c6d33b3747eebfb281", "number": "+12144797861", "date": "2021-01-22 23:02:50", "subject": "3", "recorded-or-robo": "N", "city": "", "state": "TX", "area-code": "972"}, {"id": "1d36742e3f24f50e4e7ae82801549fc9", "number": "+12144797861", "date": "2021-01-22 23:02:50", "subject": "3", "recorded-or-robo": "N", "city": "", "state": "TX", "area-code": "972"}, {"id": "e81c9350d54f66c6d33b3747eec02033", "number": "4092070001", "date": "2021-01-22 23:02:39", "subject": "3", "recorded-or-robo": "Y", "city": "", "state": "TX", "area-code": "713"}, {"id": "1d36742e3f24f50e4e7ae82801554472", "number": "4092070001", "date": "2021-01-22 23:02:39", "subject": "3", "recorded-or-robo": "Y", "city": "", "state": "TX", "area-code": "713"}, {"id": "e81c9350d54f66c6d33b3747eebfe1d5", "number": "4809293000", "date": "2021-01-22 23:02:36", "subject": "3", "recorded-or-robo": "Y", "city": "", "state": "FL", "area-code": "786"}, {"id": "1d36742e3f24f50e4e7ae8280154e264", "number": "4809293000", "date": "2021-01-22 23:02:36", "subject": "3", "recorded-or-robo": "Y", "city": "", "state": "FL", "area-code": "786"}, {"id": "e81c9350d54f66c6d33b3747eec01b19", "number": "+12144523896", "date": "2021-01-22 23:02:23", "subject": "3", "recorded-or-robo": "N", "city": "", "state": "TX", "area-code": "972"}, {"id": "1d36742e3f24f50e4e7ae828015542b9", "number": "+12144523896", "date": "2021-01-22 23:02:23", "subject": "3", "recorded-or-robo": "N", "city": "", "state": "TX", "area-code": "972"}, {"id": "e81c9350d54f66c6d33b3747eebfbd29", "number": "+18587042966", "date": "2021-01-22 23:02:22", "subject": "3", "recorded-or-robo": "N", "city": "", "state": "CA", "area-code": "858"}, {"id": "1d36742e3f24f50e4e7ae8280154b0af", "number": "+18587042966", "date": "2021-01-22 23:02:22", "subject": "3", "recorded-or-robo": "N", "city": "", "state": "CA", "area-code": "858"}, {"id": "e81c9350d54f66c6d33b3747ee960563", "number": "3303052621", "date": "2021-01-22 12:43:00", "subject": "3", "recorded-or-robo": "", "city": "Massillon", "state": "OH", "area-code": "330"}, {"id": "1d36742e3f24f50e4e7ae828012b8a0d", "number": "3303052621", "date": "2021-01-22 12:43:00", "subject": "3", "recorded-or-robo": "", "city": "Massillon", "state": "OH", "area-code": "330"}, {"id": "e81c9350d54f66c6d33b3747ee95f8e8", "number": "2123075187", "date": "2020-03-14 13:45:00", "subject": "2", "recorded-or-robo": "Y", "city": "Rockville", "state": "MD", "area-code": "310"}, {"id": "1d36742e3f24f50e4e7ae828012b7b3f", "number": "2123075187", "date": "2020-03-14 13:45:00", "subject": "2", "recorded-or-robo": "Y", "city": "Rockville", "state": "MD", "area-code": "310"}, {"id": "e81c9350d54f66c6d33b3747eebfb6eb", "number": "3478000933", "date": "2021-01-22 23:02:05", "subject": "3", "recorded-or-robo": "Y", "city": "", "state": "NY", "area-code": "516"}, {"id": "1d36742e3f24f50e4e7ae8280154a275", "number": "3478000933", "date": "2021-01-22 23:02:05", "subject": "3", "recorded-or-robo": "Y", "city": "", "state": "NY", "area-code": "516"}, {"id": "e81c9350d54f66c6d33b3747ee95ee71", "number": "6506810916", "date": "2021-01-21 14:21:00", "subject": "1", "recorded-or-robo": "Y", "city": "San Carlos", "state": "CA", "area-code": "650"}, {"id": "1d36742e3f24f50e4e7ae828012b7448", "number": "6506810916", "date": "2021-01-21 14:21:00", "subject": "1", "recorded-or-robo": "Y", "city": "San Carlos", "state": "CA", "area-code": "650"}, {"id": "e81c9350d54f66c6d33b3747eebfc0eb", "number": "9283169016", "date": "2021-01-22 23:01:16", "subject": "3", "recorded-or-robo": "N", "city": "", "state": "IL", "area-code": "217"}, {"id": "e81c9350d54f66c6d33b3747ee95ee69", "number": "4402095268", "date": "2021-01-22 10:55:00", "subject": "3", "recorded-or-robo": "", "city": "Massillon", "state": "OH", "area-code": "330"}, {"id": "1d36742e3f24f50e4e7ae8280154c021", "number": "9283169016", "date": "2021-01-22 23:01:16", "subject": "3", "recorded-or-robo": "N", "city": "", "state": "IL", "area-code": "217"}, {"id": "1d36742e3f24f50e4e7ae828012b6bee", "number": "4402095268", "date": "2021-01-22 10:55:00", "subject": "3", "recorded-or-robo": "", "city": "Massillon", "state": "OH", "area-code": "330"}, {"id": "e81c9350d54f66c6d33b3747ee95e288", "number": "5202109902", "date": "2021-01-21 10:07:00", "subject": "2", "recorded-or-robo": "Y", "city": "Tucson", "state": "AZ", "area-code": "520"}, {"id": "1d36742e3f24f50e4e7ae828012b6aa1", "number": "5202109902", "date": "2021-01-21 10:07:00", "subject": "2", "recorded-or-robo": "Y", "city": "Tucson", "state": "AZ", "area-code": "520"}, {"id": "e81c9350d54f66c6d33b3747ee95da90", "number": "2029134530", "date": "2020-04-27 02:19:00", "subject": "2", "recorded-or-robo": "Y", "city": "Rockville", "state": "MD", "area-code": "310"}, {"id": "1d36742e3f24f50e4e7ae828012b61cf", "number": "2029134530", "date": "2020-04-27 02:19:00", "subject": "2", "recorded-or-robo": "Y", "city": "Rockville", "state": "MD", "area-code": "310"}, {"id": "e81c9350d54f66c6d33b3747eebff881", "number": "2172878973", "date": "2021-01-22 23:01:03", "subject": "3", "recorded-or-robo": "Y", "city": "", "state": "IL", "area-code": "217"}, {"id": "1d36742e3f24f50e4e7ae82801550958", "number": "2172878973", "date": "2021-01-22 23:01:03", "subject": "3", "recorded-or-robo": "Y", "city": "", "state": "IL", "area-code": "217"}, {"id": "e81c9350d54f66c6d33b3747eec017dd", "number": "8176975321", "date": "2021-01-22 23:00:52", "subject": "3", "recorded-or-robo": "N", "city": "", "state": "TX", "area-code": "817"}, {"id": "1d36742e3f24f50e4e7ae82801553831", "number": "8176975321", "date": "2021-01-22 23:00:52", "subject": "3", "recorded-or-robo": "N", "city": "", "state": "TX", "area-code": "817"}, {"id": "e81c9350d54f66c6d33b3747eec00e74", "number": "5204020953", "date": "2021-01-22 23:00:47", "subject": "3", "recorded-or-robo": "N", "city": "", "state": "IL", "area-code": "217"}, {"id": "1d36742e3f24f50e4e7ae8280155215f", "number": "5204020953", "date": "2021-01-22 23:00:47", "subject": "3", "recorded-or-robo": "N", "city": "", "state": "IL", "area-code": "217"}, {"id": "e81c9350d54f66c6d33b3747eebff0fb", "number": "8174066267", "date": "2021-01-22 23:00:30", "subject": "3", "recorded-or-robo": "N", "city": "", "state": "TX", "area-code": "817"}, {"id": "1d36742e3f24f50e4e7ae8280154f1ba", "number": "8174066267", "date": "2021-01-22 23:00:30", "subject": "3", "recorded-or-robo": "N", "city": "", "state": "TX", "area-code": "817"}, {"id": "e81c9350d54f66c6d33b3747eec00628", "number": "7143722404", "date": "2021-01-22 23:00:21", "subject": "3", "recorded-or-robo": "Y", "city": "", "state": "CA", "area-code": "760"}, {"id": "1d36742e3f24f50e4e7ae82801551498", "number": "7143722404", "date": "2021-01-22 23:00:21", "subject": "3", "recorded-or-robo": "Y", "city": "", "state": "CA", "area-code": "760"}, {"id": "e81c9350d54f66c6d33b3747ee95d841", "number": "3302272353", "date": "2021-01-22 09:17:00", "subject": "3", "recorded-or-robo": "", "city": "Massillon", "state": "OH", "area-code": "330"}, {"id": "1d36742e3f24f50e4e7ae828012b5564", "number": "3302272353", "date": "2021-01-22 09:17:00", "subject": "3", "recorded-or-robo": "", "city": "Massillon", "state": "OH", "area-code": "330"}, {"id": "e81c9350d54f66c6d33b3747eebf8451", "number": "+15087541649", "date": "2021-01-22 23:00:10", "subject": "3", "recorded-or-robo": "N", "city": "", "state": "MA", "area-code": "857"}, {"id": "1d36742e3f24f50e4e7ae828015472ae", "number": "+15087541649", "date": "2021-01-22 23:00:10", "subject": "3", "recorded-or-robo": "N", "city": "", "state": "MA", "area-code": "857"}, {"id": "e81c9350d54f66c6d33b3747eebf9920", "number": "8664425032", "date": "2021-01-22 23:00:06", "subject": "3", "recorded-or-robo": "Y", "city": "", "state": "MN", "area-code": "763"}, {"id": "1d36742e3f24f50e4e7ae828015481b3", "number": "8664425032", "date": "2021-01-22 23:00:06", "subject": "3", "recorded-or-robo": "Y", "city": "", "state": "MN", "area-code": "763"}, {"id": "e81c9350d54f66c6d33b3747eebf161d", "number": "9563300440", "date": "2021-01-22 22:59:46", "subject": "3", "recorded-or-robo": "Y", "city": "", "state": "TX", "area-code": "956"}, {"id": "1d36742e3f24f50e4e7ae8280153f8ae", "number": "9563300440", "date": "2021-01-22 22:59:46", "subject": "3", "recorded-or-robo": "Y", "city": "", "state": "TX", "area-code": "956"}, {"id": "e81c9350d54f66c6d33b3747eebedc85", "number": "9563300440", "date": "2021-01-22 22:59:45", "subject": "3", "recorded-or-robo": "Y", "city": "", "state": "TX", "area-code": "956"}, {"id": "1d36742e3f24f50e4e7ae8280153c44f", "number": "9563300440", "date": "2021-01-22 22:59:45", "subject": "3", "recorded-or-robo": "Y", "city": "", "state": "TX", "area-code": "956"}, {"id": "e81c9350d54f66c6d33b3747eebf0502", "number": "9564014731", "date": "2021-01-22 22:59:36", "subject": "3", "recorded-or-robo": "Y", "city": "", "state": "TX", "area-code": "956"}]}