{"data": [{"id": "e81c9350d54f66c6d33b3747ee3d03bf", "number": "8026715081", "date": "2021-01-22 17:47:00", "subject": "0", "recorded-or-robo": "Y", "city": "", "state": "MN", "area-code": "612"}, {"id": "deca54a6651fb9add5b4a9816cd1839a", "number": "8184573729", "date": "2021-01-22 15:46:00", "subject": "2", "recorded-or-robo": "Y", "city": "", "state": "CA", "area-code": "818"}, {"id": "deca54a6651fb9add5b4a9816cd1743d", "number": "8026715081", "date": "2021-01-22 17:47:00", "subject": "0", "recorded-or-robo": "Y", "city": "", "state": "MN", "area-code": "612"}, {"id": "e81c9350d54f66c6d33b3747ee3cf7c0", "number": "6509848878", "date": "2021-01-19 11:59:00", "subject": "5", "recorded-or-robo": "Y", "city": "Valdosta", "state": "GA", "area-code": "404"}, {"id": "deca54a6651fb9add5b4a9816cd16cee", "number": "6509848878", "date": "2021-01-19 11:59:00", "subject": "5", "recorded-or-robo": "Y", "city": "Valdosta", "state": "GA", "area-code": "404"}, {"id": "e81c9350d54f66c6d33b3747ee3ceafb", "number": "4323985842", "date": "2021-01-22 17:44:00", "subject": "4", "recorded-or-robo": "Y", "city": "", "state": "TX", "area-code": "210"}, {"id": "e81c9350d54f66c6d33b3747ee3ce1b0", "number": "7142552342", "date": "2021-01-21 16:48:00", "subject": "9", "recorded-or-robo": "Y", "city": "San Rafael", "state": "CA", "area-code": "415"}, {"id": "e81c9350d54f66c6d33b3747ee3cd68e", "number": "", "date": "2021-01-22 18:50:00", "subject": "3", "recorded-or-robo": "Y", "city": "", "state": "NY", "area-code": "585"}, {"id": "deca54a6651fb9add5b4a9816cd16bcd", "number": "4323985842", "date": "2021-01-22 17:44:00", "subject": "4", "recorded-or-robo": "Y", "city": "", "state": "TX", "area-code": "210"}, {"id": "deca54a6651fb9add5b4a9816cd15c42", "number": "7142552342", "date": "2021-01-21 16:48:00", "subject": "9", "recorded-or-robo": "Y", "city": "San Rafael", "state": "CA", "area-code": "415"}, {"id": "deca54a6651fb9add5b4a9816cd14e19", "number": "", "date": "2021-01-22 18:50:00", "subject": "3", "recorded-or-robo": "Y", "city": "", "state": "NY", "area-code": "585"}, {"id": "e81c9350d54f66c6d33b3747ee3cc855", "number": "3144963267", "date": "2021-01-22 14:59:00", "subject": "2", "recorded-or-robo": "Y", "city": "", "state": "MO", "area-code": "314"}, {"id": "deca54a6651fb9add5b4a9816cd14a9a", "number": "3144963267", "date": "2021-01-22 14:59:00", "subject": "2", "recorded-or-robo": "Y", "city": "", "state": "MO", "area-code": "314"}, {"id": "e81c9350d54f66c6d33b3747ee3cc49f", "number": "2602004209", "date": "2021-01-18 14:14:00", "subject": "2", "recorded-or-robo": "Y", "city": "", "state": "CA", "area-code": "510"}, {"id": "deca54a6651fb9add5b4a9816cd13d16", "number": "2602004209", "date": "2021-01-18 14:14:00", "subject": "2", "recorded-or-robo": "Y", "city": "", "state": "CA", "area-code": "510"}, {"id": "e81c9350d54f66c6d33b3747ee3cb667", "number": "7142838515", "date": "2021-01-22 10:58:00", "subject": "2", "recorded-or-robo": "N", "city": "Fullerton", "state": "CA", "area-code": "714"}, {"id": "deca54a6651fb9add5b4a9816cd13a76", "number": "7142838515", "date": "2021-01-22 10:58:00", "subject": "2", "recorded-or-robo": "N", "city": "Fullerton", "state": "CA", "area-code": "714"}, {"id": "e81c9350d54f66c6d33b3747ee3cab01", "number": "7168693917", "date": "2021-01-22 02:40:00", "subject": "4", "recorded-or-robo": "Y", "city": "", "state": "NY", "area-code": "716"}, {"id": "deca54a6651fb9add5b4a9816cd1359f", "number": "7168693917", "date": "2021-01-22 02:40:00", "subject": "4", "recorded-or-robo": "Y", "city": "", "state": "NY", "area-code": "716"}, {"id": "e81c9350d54f66c6d33b3747ee3c9bef", "number": "", "date": "2021-01-22 18:38:00", "subject": "2", "recorded-or-robo": "Y", "city": "St. Johns", "state": "FL", "area-code": "630"}, {"id": "deca54a6651fb9add5b4a9816cd12e52", "number": "", "date": "2021-01-22 18:38:00", "subject": "2", "recorded-or-robo": "Y", "city": "St. Johns", "state": "FL", "area-code": "630"}, {"id": "e81c9350d54f66c6d33b3747ee3c9a58", "number": "8337080542", "date": "2021-01-22 16:44:00", "subject": "0", "recorded-or-robo": "Y", "city": "TAMPA", "state": "FL", "area-code": "941"}, {"id": "deca54a6651fb9add5b4a9816cd11f07", "number": "8337080542", "date": "2021-01-22 16:44:00", "subject": "0", "recorded-or-robo": "Y", "city": "TAMPA", "state": "FL", "area-code": "941"}, {"id": "e81c9350d54f66c6d33b3747ee9eba4b", "number": "7026154566", "date": "2021-01-22 18:47:04", "subject": "3", "recorded-or-robo": "Y", "city": "", "state": "NV", "area-code": "702"}, {"id": "1d36742e3f24f50e4e7ae8280133c985", "number": "7026154566", "date": "2021-01-22 18:47:04", "subject": "3", "recorded-or-robo": "Y", "city": "", "state": "NV", "area-code": "702"}, {"id": "e81c9350d54f66c6d33b3747eec670dc", "number": "6509848878", "date": "2020-01-22 03:20:00", "subject": "3", "recorded-or-robo": "Y", "city": "", "state": "NY", "area-code": "845"}, {"id": "1d36742e3f24f50e4e7ae828015bc865", "number": "6509848878", "date": "2020-01-22 03:20:00", "subject": "3", "recorded-or-robo": "Y", "city": "", "state": "NY", "area-code": "845"}, {"id": "e81c9350d54f66c6d33b3747ee3c93da", "number": "3013100131", "date": "2021-01-22 10:13:00", "subject": "0", "recorded-or-robo": "Y", "city": "Fort  Washington", "state": "MD", "area-code": "301"}, {"id": "deca54a6651fb9add5b4a9816cd11df2", "number": "3013100131", "date": "2021-01-22 10:13:00", "subject": "0", "recorded-or-robo": "Y", "city": "Fort  Washington", "state": "MD", "area-code": "301"}, {"id": "e81c9350d54f66c6d33b3747ee3c8c5f", "number": "76037232888", "date": "2021-01-22 15:25:00", "subject": "2", "recorded-or-robo": "N", "city": "Carlsbad", "state": "CA", "area-code": "760"}, {"id": "deca54a6651fb9add5b4a9816cd11955", "number": "76037232888", "date": "2021-01-22 15:25:00", "subject": "2", "recorded-or-robo": "N", "city": "Carlsbad", "state": "CA", "area-code": "760"}, {"id": "e81c9350d54f66c6d33b3747ee3c7cf5", "number": "8174143155", "date": "2021-01-22 16:26:00", "subject": "3", "recorded-or-robo": "Y", "city": "", "state": "TX", "area-code": "817"}, {"id": "deca54a6651fb9add5b4a9816cd110b8", "number": "8174143155", "date": "2021-01-22 16:26:00", "subject": "3", "recorded-or-robo": "Y", "city": "", "state": "TX", "area-code": "817"}, {"id": "e81c9350d54f66c6d33b3747ee3c747d", "number": "42467583827", "date": "2021-01-22 16:29:00", "subject": "2", "recorded-or-robo": "", "city": "Clayton", "state": "MO", "area-code": "310"}, {"id": "e81c9350d54f66c6d33b3747ee3c66b0", "number": "7727322266", "date": "2021-01-22 13:24:00", "subject": "0", "recorded-or-robo": "Y", "city": "Jupiter", "state": "FL", "area-code": "561"}, {"id": "deca54a6651fb9add5b4a9816cd10bbb", "number": "42467583827", "date": "2021-01-22 16:29:00", "subject": "2", "recorded-or-robo": "", "city": "Clayton", "state": "MO", "area-code": "310"}, {"id": "deca54a6651fb9add5b4a9816cd0fd8b", "number": "7727322266", "date": "2021-01-22 13:24:00", "subject": "0", "recorded-or-robo": "Y", "city": "Jupiter", "state": "FL", "area-code": "561"}, {"id": "e81c9350d54f66c6d33b3747ee3c6285", "number": "8006786792", "date": "2021-01-22 18:41:00", "subject": "1", "recorded-or-robo": "Y", "city": "", "state": "IN", "area-code": "574"}, {"id": "deca54a6651fb9add5b4a9816cd0edb6", "number": "8006786792", "date": "2021-01-22 18:41:00", "subject": "1", "recorded-or-robo": "Y", "city": "", "state": "IN", "area-code": "574"}, {"id": "e81c9350d54f66c6d33b3747ee3c60c9", "number": "8435807931", "date": "2021-01-22 16:41:00", "subject": "4", "recorded-or-robo": "Y", "city": "CINCINNATI", "state": "OH", "area-code": "513"}, {"id": "deca54a6651fb9add5b4a9816cd0e6bd", "number": "8435807931", "date": "2021-01-22 16:41:00", "subject": "4", "recorded-or-robo": "Y", "city": "CINCINNATI", "state": "OH", "area-code": "513"}, {"id": "e81c9350d54f66c6d33b3747ee9e8372", "number": "3017603019", "date": "2021-01-22 18:46:34", "subject": "3", "recorded-or-robo": "N", "city": "", "state": "MD", "area-code": "301"}, {"id": "e81c9350d54f66c6d33b3747ee3c540a", "number": "5307096140", "date": "2021-01-22 12:59:00", "subject": "3", "recorded-or-robo": "Y", "city": "Camarillo", "state": "CA", "area-code": "805"}, {"id": "deca54a6651fb9add5b4a9816cd0d7a7", "number": "5307096140", "date": "2021-01-22 12:59:00", "subject": "3", "recorded-or-robo": "Y", "city": "Camarillo", "state": "CA", "area-code": "805"}, {"id": "1d36742e3f24f50e4e7ae82801338eb7", "number": "3017603019", "date": "2021-01-22 18:46:34", "subject": "3", "recorded-or-robo": "N", "city": "", "state": "MD", "area-code": "301"}, {"id": "e81c9350d54f66c6d33b3747ee3c5207", "number": "6572132503", "date": "2021-01-22 15:30:00", "subject": "3", "recorded-or-robo": "Y", "city": "BARSTOW", "state": "CA", "area-code": "760"}, {"id": "deca54a6651fb9add5b4a9816cd0cf3d", "number": "6572132503", "date": "2021-01-22 15:30:00", "subject": "3", "recorded-or-robo": "Y", "city": "BARSTOW", "state": "CA", "area-code": "760"}, {"id": "e81c9350d54f66c6d33b3747ee9e60c8", "number": "6264693893", "date": "2021-01-22 18:46:28", "subject": "3", "recorded-or-robo": "Y", "city": "", "state": "CA", "area-code": "714"}, {"id": "1d36742e3f24f50e4e7ae8280133653d", "number": "6264693893", "date": "2021-01-22 18:46:28", "subject": "3", "recorded-or-robo": "Y", "city": "", "state": "CA", "area-code": "714"}, {"id": "e81c9350d54f66c6d33b3747ee9ea7f3", "number": "+19182359734", "date": "2021-01-22 18:46:27", "subject": "3", "recorded-or-robo": "Y", "city": "", "state": "OK", "area-code": "918"}]}