{"data": [{"id": "490dde24b259add1335244cd1b2917b7", "number": "6105492104", "date": "2021-01-25 17:36:00", "subject": "2", "recorded-or-robo": "Y", "city": "COLLEGEVILLE", "state": "PA", "area-code": "610"}, {"id": "490dde24b259add1335244cd1b290bf3", "number": "2097646243", "date": "2021-01-21 09:23:00", "subject": "4", "recorded-or-robo": "Y", "city": "Bellaire", "state": "CA", "area-code": "925"}, {"id": "490dde24b259add1335244cd1b28fcdf", "number": "6158144544", "date": "2021-01-26 10:11:00", "subject": "0", "recorded-or-robo": "N", "city": "Antioch", "state": "TN", "area-code": "615"}, {"id": "490dde24b259add1335244cd1b28ee30", "number": "8653818018", "date": "2021-01-25 11:17:00", "subject": "2", "recorded-or-robo": "Y", "city": "", "state": "TN", "area-code": "865"}, {"id": "490dde24b259add1335244cd1b28ec37", "number": "3852629188", "date": "2021-01-26 09:09:00", "subject": "0", "recorded-or-robo": "N", "city": "SARATOGA SPRINGS", "state": "UT", "area-code": "801"}, {"id": "490dde24b259add1335244cd1b28df6b", "number": "5024668093", "date": "2021-01-26 11:11:00", "subject": "4", "recorded-or-robo": "Y", "city": "LOUISVILLE", "state": "KY", "area-code": "502"}, {"id": "490dde24b259add1335244cd1b28d7af", "number": "6282019617", "date": "2021-01-26 10:13:00", "subject": "1", "recorded-or-robo": "Y", "city": "Franklinton", "state": "LA", "area-code": "985"}, {"id": "490dde24b259add1335244cd1b28d51e", "number": "4079927030", "date": "2021-01-26 10:15:00", "subject": "2", "recorded-or-robo": "Y", "city": "FOUNTAIN", "state": "FL", "area-code": "407"}, {"id": "490dde24b259add1335244cd1b28c71a", "number": "7086400643", "date": "2021-01-26 08:33:00", "subject": "0", "recorded-or-robo": "Y", "city": "", "state": "NM", "area-code": "505"}, {"id": "490dde24b259add1335244cd1b28bd55", "number": "2029789162", "date": "2021-01-26 11:03:00", "subject": "2", "recorded-or-robo": "", "city": "", "state": "MI", "area-code": "269"}, {"id": "490dde24b259add1335244cd1b28b151", "number": "6369426252", "date": "2021-01-26 10:18:00", "subject": "6", "recorded-or-robo": "Y", "city": "", "state": "MO", "area-code": "636"}, {"id": "490dde24b259add1335244cd1b28a2fe", "number": "4239287665", "date": "2021-01-26 00:00:00", "subject": "3", "recorded-or-robo": "Y", "city": "", "state": "TN", "area-code": "423"}, {"id": "490dde24b259add1335244cd1b28a251", "number": "2157701023", "date": "2021-01-26 11:21:00", "subject": "4", "recorded-or-robo": "Y", "city": "TARENTUM", "state": "PA", "area-code": "724"}, {"id": "490dde24b259add1335244cd1b289ffb", "number": "3176809429", "date": "2021-01-25 15:08:00", "subject": "1", "recorded-or-robo": "Y", "city": "", "state": "MI", "area-code": "734"}, {"id": "490dde24b259add1335244cd1b28998b", "number": "8653818018", "date": "2021-01-25 14:23:00", "subject": "2", "recorded-or-robo": "Y", "city": "", "state": "TN", "area-code": "865"}, {"id": "490dde24b259add1335244cd1b289096", "number": "2707483181", "date": "2021-01-26 09:37:00", "subject": "5", "recorded-or-robo": "Y", "city": "Benton", "state": "KY", "area-code": "270"}, {"id": "490dde24b259add1335244cd1b288f77", "number": "7432105171", "date": "2021-01-22 11:28:00", "subject": "12", "recorded-or-robo": "Y", "city": "High Point", "state": "NC", "area-code": "336"}, {"id": "490dde24b259add1335244cd1b288140", "number": "7246136169", "date": "2021-01-26 11:16:00", "subject": "4", "recorded-or-robo": "Y", "city": "", "state": "PA", "area-code": "724"}, {"id": "490dde24b259add1335244cd1b2876ab", "number": "8597341695", "date": "2021-01-26 10:19:00", "subject": "1", "recorded-or-robo": "N", "city": "Tulsa", "state": "OK", "area-code": "918"}, {"id": "490dde24b259add1335244cd1b2874c3", "number": "6514092078", "date": "2021-01-26 09:00:00", "subject": "2", "recorded-or-robo": "N", "city": "Saint Paul", "state": "MN", "area-code": "651"}, {"id": "490dde24b259add1335244cd1b286b6d", "number": "7603654324", "date": "2021-01-21 14:36:00", "subject": "4", "recorded-or-robo": "Y", "city": "Bellaire", "state": "CA", "area-code": "925"}, {"id": "490dde24b259add1335244cd1b2861d0", "number": "9165302685", "date": "2021-01-26 08:20:00", "subject": "2", "recorded-or-robo": "", "city": "Auburn", "state": "CA", "area-code": "530"}, {"id": "490dde24b259add1335244cd1b285e8d", "number": "", "date": "2021-01-25 12:28:00", "subject": "1", "recorded-or-robo": "Y", "city": "Tigard", "state": "OR", "area-code": "503"}, {"id": "490dde24b259add1335244cd1b28570d", "number": "6086904802", "date": "2021-01-26 09:19:00", "subject": "0", "recorded-or-robo": "N", "city": "Madison", "state": "WI", "area-code": "608"}, {"id": "490dde24b259add1335244cd1b284ed5", "number": "7018775579", "date": "2021-01-26 00:00:00", "subject": "6", "recorded-or-robo": "N", "city": "Brandon", "state": "FL", "area-code": "813"}, {"id": "490dde24b259add1335244cd1b2848f9", "number": "5802895637", "date": "2021-01-26 10:00:00", "subject": "2", "recorded-or-robo": "Y", "city": "Valliant", "state": "OK", "area-code": "580"}, {"id": "490dde24b259add1335244cd1b28458c", "number": "2029982913", "date": "2021-01-26 10:17:00", "subject": "1", "recorded-or-robo": "N", "city": "HUMBLE", "state": "TX", "area-code": "832"}, {"id": "490dde24b259add1335244cd1b28386a", "number": "9705160767", "date": "2021-01-26 11:00:00", "subject": "4", "recorded-or-robo": "Y", "city": "Fredericksburg", "state": "VA", "area-code": "804"}, {"id": "490dde24b259add1335244cd1b282973", "number": "7242538166", "date": "2021-01-26 11:18:00", "subject": "1", "recorded-or-robo": "Y", "city": "Ellwood City", "state": "PA", "area-code": "724"}, {"id": "490dde24b259add1335244cd1b281c49", "number": "2157894087", "date": "2021-01-26 10:54:00", "subject": "1", "recorded-or-robo": "Y", "city": "Lahaska", "state": "PA", "area-code": "215"}, {"id": "490dde24b259add1335244cd1b281bfa", "number": "4144648285", "date": "2021-01-26 10:17:00", "subject": "2", "recorded-or-robo": "Y", "city": "", "state": "WI", "area-code": "414"}, {"id": "490dde24b259add1335244cd1b281237", "number": "3027026159", "date": "2021-01-26 11:00:00", "subject": "4", "recorded-or-robo": "N", "city": "Columbia", "state": "DE", "area-code": "302"}, {"id": "490dde24b259add1335244cd1b281018", "number": "7068008150", "date": "2021-01-26 11:00:00", "subject": "4", "recorded-or-robo": "Y", "city": "new york", "state": "NY", "area-code": "646"}, {"id": "490dde24b259add1335244cd1b280407", "number": "3363767002", "date": "2021-01-22 16:49:00", "subject": "16", "recorded-or-robo": "Y", "city": "High Point", "state": "NC", "area-code": "336"}, {"id": "490dde24b259add1335244cd1b27f85f", "number": "7195088283", "date": "2021-01-25 10:45:00", "subject": "4", "recorded-or-robo": "N", "city": "Lubbock", "state": "TX", "area-code": "720"}, {"id": "490dde24b259add1335244cd1b27f540", "number": "2041180509", "date": "2021-01-25 18:05:00", "subject": "1", "recorded-or-robo": "Y", "city": "COLLEGEVILLE", "state": "PA", "area-code": "610"}, {"id": "490dde24b259add1335244cd1b27f4c0", "number": "7262019185", "date": "2021-01-26 09:49:00", "subject": "3", "recorded-or-robo": "", "city": "Buda", "state": "TX", "area-code": "512"}, {"id": "490dde24b259add1335244cd1b27f292", "number": "5703172937", "date": "2021-01-26 11:18:00", "subject": "4", "recorded-or-robo": "Y", "city": "", "state": "PA", "area-code": "215"}, {"id": "490dde24b259add1335244cd1b27ec5f", "number": "8504332422", "date": "2021-01-26 10:00:00", "subject": "4", "recorded-or-robo": "Y", "city": "", "state": "FL", "area-code": "305"}, {"id": "490dde24b259add1335244cd1b27de4a", "number": "9253241312", "date": "2021-01-22 17:09:00", "subject": "4", "recorded-or-robo": "Y", "city": "Bellaire", "state": "CA", "area-code": "925"}, {"id": "490dde24b259add1335244cd1b272618", "number": "3152217495", "date": "2021-01-26 09:48:00", "subject": "3", "recorded-or-robo": "N", "city": "", "state": "NY", "area-code": "315"}, {"id": "490dde24b259add1335244cd1b27d225", "number": "5159171709", "date": "2021-01-25 10:30:00", "subject": "2", "recorded-or-robo": "Y", "city": "Decatur", "state": "GA", "area-code": "404"}, {"id": "490dde24b259add1335244cd1b27c701", "number": "4143263395", "date": "2021-01-25 16:45:00", "subject": "2", "recorded-or-robo": "Y", "city": "", "state": "WI", "area-code": "414"}, {"id": "490dde24b259add1335244cd1b27b787", "number": "4406008749", "date": "2021-01-21 15:53:00", "subject": "4", "recorded-or-robo": "Y", "city": "Erie", "state": "PA", "area-code": "440"}, {"id": "490dde24b259add1335244cd1b27b2a0", "number": "3308945431", "date": "2021-01-26 10:23:00", "subject": "2", "recorded-or-robo": "N", "city": "Akron", "state": "OH", "area-code": "330"}, {"id": "490dde24b259add1335244cd1b27a95f", "number": "2173597881", "date": "2021-01-26 10:19:00", "subject": "11", "recorded-or-robo": "Y", "city": "", "state": "IL", "area-code": "217"}, {"id": "490dde24b259add1335244cd1b27a0df", "number": "5104057554", "date": "2021-01-25 07:00:00", "subject": "4", "recorded-or-robo": "Y", "city": "Hermosa Beach", "state": "CA", "area-code": "310"}, {"id": "490dde24b259add1335244cd1b279522", "number": "2817479007", "date": "2021-01-26 09:19:00", "subject": "0", "recorded-or-robo": "N", "city": "SARATOGA SPRINGS", "state": "UT", "area-code": "281"}, {"id": "490dde24b259add1335244cd1b27929c", "number": "6077551501", "date": "2021-01-26 10:28:00", "subject": "4", "recorded-or-robo": "Y", "city": "Buffalo", "state": "NY", "area-code": "716"}, {"id": "490dde24b259add1335244cd1b278ef9", "number": "9046500631", "date": "2021-01-26 11:18:00", "subject": "6", "recorded-or-robo": "Y", "city": "Macclenny", "state": "FL", "area-code": "904"}]}