{"data": [{"id": "3decc6bfadaa436a105714c6badba9ae", "number": "7149416038", "date": "2021-01-24 14:34:00", "subject": "2", "recorded-or-robo": "Y", "city": "Huntington Beach", "state": "CA", "area-code": "714"}, {"id": "03e293b3df9e35eadf15c5611971781c", "number": "7149416038", "date": "2021-01-24 14:34:00", "subject": "2", "recorded-or-robo": "Y", "city": "Huntington Beach", "state": "CA", "area-code": "714"}, {"id": "3decc6bfadaa436a105714c6badba289", "number": "5159937203", "date": "2021-01-23 10:20:00", "subject": "2", "recorded-or-robo": "Y", "city": "Huntington Beach", "state": "CA", "area-code": "714"}, {"id": "03e293b3df9e35eadf15c56119716b2b", "number": "5159937203", "date": "2021-01-23 10:20:00", "subject": "2", "recorded-or-robo": "Y", "city": "Huntington Beach", "state": "CA", "area-code": "714"}, {"id": "3decc6bfadaa436a105714c6badb97fe", "number": "7143403376", "date": "2021-01-22 14:34:00", "subject": "2", "recorded-or-robo": "Y", "city": "Huntington Beach", "state": "CA", "area-code": "714"}, {"id": "03e293b3df9e35eadf15c561197161cb", "number": "7143403376", "date": "2021-01-22 14:34:00", "subject": "2", "recorded-or-robo": "Y", "city": "Huntington Beach", "state": "CA", "area-code": "714"}, {"id": "3decc6bfadaa436a105714c6badb967f", "number": "7133767810", "date": "2021-01-14 16:32:00", "subject": "0", "recorded-or-robo": "Y", "city": "BAYOU VISTA", "state": "TX", "area-code": "713"}, {"id": "03e293b3df9e35eadf15c56119715d57", "number": "7133767810", "date": "2021-01-14 16:32:00", "subject": "0", "recorded-or-robo": "Y", "city": "BAYOU VISTA", "state": "TX", "area-code": "713"}, {"id": "3decc6bfadaa436a105714c6badb9111", "number": "9096523436", "date": "2021-01-22 12:45:00", "subject": "2", "recorded-or-robo": "Y", "city": "Huntington Beach", "state": "CA", "area-code": "714"}, {"id": "03e293b3df9e35eadf15c56119714fb6", "number": "9096523436", "date": "2021-01-22 12:45:00", "subject": "2", "recorded-or-robo": "Y", "city": "Huntington Beach", "state": "CA", "area-code": "714"}, {"id": "3decc6bfadaa436a105714c6badb8ebc", "number": "2028971710", "date": "2021-01-19 14:33:00", "subject": "11", "recorded-or-robo": "N", "city": "Lyons", "state": "CO", "area-code": "303"}, {"id": "03e293b3df9e35eadf15c5611971465e", "number": "2028971710", "date": "2021-01-19 14:33:00", "subject": "11", "recorded-or-robo": "N", "city": "Lyons", "state": "CO", "area-code": "303"}, {"id": "3decc6bfadaa436a105714c6badb8729", "number": "2135241067", "date": "2021-01-22 13:47:00", "subject": "1", "recorded-or-robo": "Y", "city": "Campbell", "state": "CA", "area-code": "408"}, {"id": "03e293b3df9e35eadf15c5611971448e", "number": "2135241067", "date": "2021-01-22 13:47:00", "subject": "1", "recorded-or-robo": "Y", "city": "Campbell", "state": "CA", "area-code": "408"}, {"id": "3decc6bfadaa436a105714c6badb782a", "number": "6616744627", "date": "2021-01-22 11:35:00", "subject": "2", "recorded-or-robo": "Y", "city": "Huntington Beach", "state": "CA", "area-code": "714"}, {"id": "03e293b3df9e35eadf15c56119713caa", "number": "6616744627", "date": "2021-01-22 11:35:00", "subject": "2", "recorded-or-robo": "Y", "city": "Huntington Beach", "state": "CA", "area-code": "714"}, {"id": "3decc6bfadaa436a105714c6badb73cd", "number": "7146671117", "date": "2021-01-22 08:53:00", "subject": "12", "recorded-or-robo": "Y", "city": "Huntington Beach", "state": "CA", "area-code": "714"}, {"id": "03e293b3df9e35eadf15c56119712d2e", "number": "7146671117", "date": "2021-01-22 08:53:00", "subject": "12", "recorded-or-robo": "Y", "city": "Huntington Beach", "state": "CA", "area-code": "714"}, {"id": "3decc6bfadaa436a105714c6badb6961", "number": "", "date": "2021-01-20 12:42:00", "subject": "2", "recorded-or-robo": "Y", "city": "Brookhaven", "state": "GA", "area-code": "404"}, {"id": "03e293b3df9e35eadf15c56119712357", "number": "", "date": "2021-01-20 12:42:00", "subject": "2", "recorded-or-robo": "Y", "city": "Brookhaven", "state": "GA", "area-code": "404"}, {"id": "3decc6bfadaa436a105714c6badb6014", "number": "7142516609", "date": "2021-01-21 18:59:00", "subject": "2", "recorded-or-robo": "Y", "city": "Huntington Beach", "state": "CA", "area-code": "714"}, {"id": "03e293b3df9e35eadf15c56119711511", "number": "7142516609", "date": "2021-01-21 18:59:00", "subject": "2", "recorded-or-robo": "Y", "city": "Huntington Beach", "state": "CA", "area-code": "714"}, {"id": "3decc6bfadaa436a105714c6badb543a", "number": "", "date": "2021-01-23 14:36:00", "subject": "3", "recorded-or-robo": "Y", "city": "Jupiter", "state": "FL", "area-code": "314"}, {"id": "03e293b3df9e35eadf15c561197114db", "number": "", "date": "2021-01-23 14:36:00", "subject": "3", "recorded-or-robo": "Y", "city": "Jupiter", "state": "FL", "area-code": "314"}, {"id": "3decc6bfadaa436a105714c6badb535f", "number": "2027541428", "date": "2021-01-23 14:25:00", "subject": "1", "recorded-or-robo": "N", "city": "", "state": "CA", "area-code": "619"}, {"id": "03e293b3df9e35eadf15c56119710a97", "number": "2027541428", "date": "2021-01-23 14:25:00", "subject": "1", "recorded-or-robo": "N", "city": "", "state": "CA", "area-code": "619"}, {"id": "3decc6bfadaa436a105714c6badb4ff6", "number": "7142827208", "date": "2021-01-21 12:51:00", "subject": "2", "recorded-or-robo": "Y", "city": "Huntington Beach", "state": "CA", "area-code": "714"}, {"id": "03e293b3df9e35eadf15c561197109f7", "number": "7142827208", "date": "2021-01-21 12:51:00", "subject": "2", "recorded-or-robo": "Y", "city": "Huntington Beach", "state": "CA", "area-code": "714"}, {"id": "3decc6bfadaa436a105714c6badb4826", "number": "7143861079", "date": "2021-01-21 12:39:00", "subject": "2", "recorded-or-robo": "Y", "city": "Huntington Beach", "state": "CA", "area-code": "714"}, {"id": "03e293b3df9e35eadf15c56119710233", "number": "7143861079", "date": "2021-01-21 12:39:00", "subject": "2", "recorded-or-robo": "Y", "city": "Huntington Beach", "state": "CA", "area-code": "714"}, {"id": "3decc6bfadaa436a105714c6badb409f", "number": "", "date": "2021-01-20 09:27:00", "subject": "2", "recorded-or-robo": "Y", "city": "Brookhaven", "state": "GA", "area-code": "404"}, {"id": "03e293b3df9e35eadf15c5611970fb11", "number": "", "date": "2021-01-20 09:27:00", "subject": "2", "recorded-or-robo": "Y", "city": "Brookhaven", "state": "GA", "area-code": "404"}, {"id": "3decc6bfadaa436a105714c6badb3900", "number": "7145288555", "date": "2021-01-21 11:28:00", "subject": "2", "recorded-or-robo": "Y", "city": "Huntington Beach", "state": "CA", "area-code": "714"}, {"id": "03e293b3df9e35eadf15c5611970ef26", "number": "7145288555", "date": "2021-01-21 11:28:00", "subject": "2", "recorded-or-robo": "Y", "city": "Huntington Beach", "state": "CA", "area-code": "714"}, {"id": "3decc6bfadaa436a105714c6badb31fb", "number": "5302302161", "date": "2021-01-21 07:18:00", "subject": "2", "recorded-or-robo": "Y", "city": "Huntington Beach", "state": "CA", "area-code": "714"}, {"id": "03e293b3df9e35eadf15c5611970e8e3", "number": "5302302161", "date": "2021-01-21 07:18:00", "subject": "2", "recorded-or-robo": "Y", "city": "Huntington Beach", "state": "CA", "area-code": "714"}, {"id": "3decc6bfadaa436a105714c6badb2b6e", "number": "3474676191", "date": "2021-01-24 15:38:00", "subject": "13", "recorded-or-robo": "N", "city": "RAPID CITY", "state": "SD", "area-code": "605"}, {"id": "03e293b3df9e35eadf15c5611970db5d", "number": "3474676191", "date": "2021-01-24 15:38:00", "subject": "13", "recorded-or-robo": "N", "city": "RAPID CITY", "state": "SD", "area-code": "605"}, {"id": "3decc6bfadaa436a105714c6badb26a0", "number": "", "date": "2021-01-21 16:18:00", "subject": "12", "recorded-or-robo": "N", "city": "Brookhaven", "state": "GA", "area-code": "404"}, {"id": "03e293b3df9e35eadf15c5611970d0cb", "number": "", "date": "2021-01-21 16:18:00", "subject": "12", "recorded-or-robo": "N", "city": "Brookhaven", "state": "GA", "area-code": "404"}, {"id": "3decc6bfadaa436a105714c6badb1800", "number": "1928542697", "date": "2021-01-24 12:00:00", "subject": "2", "recorded-or-robo": "Y", "city": "", "state": "WI", "area-code": "262"}, {"id": "03e293b3df9e35eadf15c5611970cfd9", "number": "1928542697", "date": "2021-01-24 12:00:00", "subject": "2", "recorded-or-robo": "Y", "city": "", "state": "WI", "area-code": "262"}, {"id": "3decc6bfadaa436a105714c6badb17cb", "number": "8762798869", "date": "2021-01-22 09:35:00", "subject": "0", "recorded-or-robo": "Y", "city": "LINCOLN CITY", "state": "OR", "area-code": "541"}, {"id": "03e293b3df9e35eadf15c5611970cf62", "number": "8762798869", "date": "2021-01-22 09:35:00", "subject": "0", "recorded-or-robo": "Y", "city": "LINCOLN CITY", "state": "OR", "area-code": "541"}, {"id": "3decc6bfadaa436a105714c6badb1017", "number": "8185842597", "date": "2021-01-15 14:34:00", "subject": "2", "recorded-or-robo": "Y", "city": "North Hollywood", "state": "CA", "area-code": "818"}, {"id": "03e293b3df9e35eadf15c5611970cef2", "number": "8185842597", "date": "2021-01-15 14:34:00", "subject": "2", "recorded-or-robo": "Y", "city": "North Hollywood", "state": "CA", "area-code": "818"}, {"id": "3decc6bfadaa436a105714c6badb0449", "number": "7142516609", "date": "2021-01-20 18:05:00", "subject": "2", "recorded-or-robo": "Y", "city": "Huntington Beach", "state": "CA", "area-code": "714"}, {"id": "03e293b3df9e35eadf15c5611970c596", "number": "7142516609", "date": "2021-01-20 18:05:00", "subject": "2", "recorded-or-robo": "Y", "city": "Huntington Beach", "state": "CA", "area-code": "714"}, {"id": "3decc6bfadaa436a105714c6badafd59", "number": "4584001665", "date": "2021-01-21 09:50:00", "subject": "0", "recorded-or-robo": "Y", "city": "LINCOLN CITY", "state": "OR", "area-code": "541"}, {"id": "03e293b3df9e35eadf15c5611970bf6b", "number": "4584001665", "date": "2021-01-21 09:50:00", "subject": "0", "recorded-or-robo": "Y", "city": "LINCOLN CITY", "state": "OR", "area-code": "541"}]}