{"data": [{"id": "03e293b3df9e35eadf15c561196560a0", "number": "6029755333", "date": "2021-01-14 17:18:00", "subject": "0", "recorded-or-robo": "Y", "city": "", "state": "AZ", "area-code": "602"}, {"id": "3decc6bfadaa436a105714c6bacf0a48", "number": "6303898498", "date": "2021-01-22 10:40:00", "subject": "2", "recorded-or-robo": "N", "city": "", "state": "IL", "area-code": "815"}, {"id": "03e293b3df9e35eadf15c561196559f0", "number": "6303898498", "date": "2021-01-22 10:40:00", "subject": "2", "recorded-or-robo": "N", "city": "", "state": "IL", "area-code": "815"}, {"id": "3decc6bfadaa436a105714c6bacf095b", "number": "9282206440", "date": "2021-01-14 15:35:00", "subject": "0", "recorded-or-robo": "Y", "city": "", "state": "AZ", "area-code": "602"}, {"id": "03e293b3df9e35eadf15c56119654f38", "number": "9282206440", "date": "2021-01-14 15:35:00", "subject": "0", "recorded-or-robo": "Y", "city": "", "state": "AZ", "area-code": "602"}, {"id": "3decc6bfadaa436a105714c6bacf0351", "number": "8188878568", "date": "2021-01-15 15:46:00", "subject": "2", "recorded-or-robo": "Y", "city": "Calabasas", "state": "CA", "area-code": "818"}, {"id": "03e293b3df9e35eadf15c56119654ca3", "number": "8188878568", "date": "2021-01-15 15:46:00", "subject": "2", "recorded-or-robo": "Y", "city": "Calabasas", "state": "CA", "area-code": "818"}, {"id": "3decc6bfadaa436a105714c6bacf034a", "number": "3527353313", "date": "2021-01-22 14:42:00", "subject": "2", "recorded-or-robo": "N", "city": "", "state": "IL", "area-code": "815"}, {"id": "03e293b3df9e35eadf15c56119654c69", "number": "3527353313", "date": "2021-01-22 14:42:00", "subject": "2", "recorded-or-robo": "N", "city": "", "state": "IL", "area-code": "815"}, {"id": "3decc6bfadaa436a105714c6bacef81a", "number": "60255091607", "date": "2021-01-13 19:07:00", "subject": "0", "recorded-or-robo": "Y", "city": "", "state": "AZ", "area-code": "602"}, {"id": "3decc6bfadaa436a105714c6bacef417", "number": "3144404580", "date": "2021-01-24 19:00:00", "subject": "1", "recorded-or-robo": "Y", "city": "St louis", "state": "MO", "area-code": "314"}, {"id": "03e293b3df9e35eadf15c56119654a28", "number": "60255091607", "date": "2021-01-13 19:07:00", "subject": "0", "recorded-or-robo": "Y", "city": "", "state": "AZ", "area-code": "602"}, {"id": "03e293b3df9e35eadf15c56119654574", "number": "3144404580", "date": "2021-01-24 19:00:00", "subject": "1", "recorded-or-robo": "Y", "city": "St louis", "state": "MO", "area-code": "314"}, {"id": "3decc6bfadaa436a105714c6bacef0e0", "number": "8187769232", "date": "2021-01-14 13:50:00", "subject": "2", "recorded-or-robo": "Y", "city": "Calabasas", "state": "CA", "area-code": "818"}, {"id": "03e293b3df9e35eadf15c561196543f4", "number": "8187769232", "date": "2021-01-14 13:50:00", "subject": "2", "recorded-or-robo": "Y", "city": "Calabasas", "state": "CA", "area-code": "818"}, {"id": "3decc6bfadaa436a105714c6bacee844", "number": "7733028350", "date": "2021-01-22 14:06:00", "subject": "2", "recorded-or-robo": "N", "city": "", "state": "IL", "area-code": "815"}, {"id": "03e293b3df9e35eadf15c56119653a40", "number": "7733028350", "date": "2021-01-22 14:06:00", "subject": "2", "recorded-or-robo": "N", "city": "", "state": "IL", "area-code": "815"}, {"id": "3decc6bfadaa436a105714c6bacee20b", "number": "", "date": "2021-01-24 17:00:00", "subject": "2", "recorded-or-robo": "Y", "city": "YAKIMA", "state": "WA", "area-code": "509"}, {"id": "03e293b3df9e35eadf15c5611965394c", "number": "", "date": "2021-01-24 17:00:00", "subject": "2", "recorded-or-robo": "Y", "city": "YAKIMA", "state": "WA", "area-code": "509"}, {"id": "3decc6bfadaa436a105714c6bacede97", "number": "9179972778", "date": "2021-01-23 00:00:00", "subject": "2", "recorded-or-robo": "Y", "city": "", "state": "NY", "area-code": "646"}, {"id": "03e293b3df9e35eadf15c56119652e62", "number": "9179972778", "date": "2021-01-23 00:00:00", "subject": "2", "recorded-or-robo": "Y", "city": "", "state": "NY", "area-code": "646"}, {"id": "3decc6bfadaa436a105714c6bacedaa1", "number": "", "date": "2021-01-24 00:00:00", "subject": "3", "recorded-or-robo": "Y", "city": "", "state": "NY", "area-code": "845"}, {"id": "03e293b3df9e35eadf15c56119652c86", "number": "", "date": "2021-01-24 00:00:00", "subject": "3", "recorded-or-robo": "Y", "city": "", "state": "NY", "area-code": "845"}, {"id": "3decc6bfadaa436a105714c6bacebdf3", "number": "6604779099", "date": "2021-01-24 00:00:00", "subject": "3", "recorded-or-robo": "", "city": "", "state": "MO", "area-code": "660"}, {"id": "03e293b3df9e35eadf15c5611964f3ba", "number": "6604779099", "date": "2021-01-24 00:00:00", "subject": "3", "recorded-or-robo": "", "city": "", "state": "MO", "area-code": "660"}, {"id": "3decc6bfadaa436a105714c6baced37c", "number": "2028864004", "date": "2021-01-22 15:18:00", "subject": "2", "recorded-or-robo": "N", "city": "", "state": "IL", "area-code": "815"}, {"id": "03e293b3df9e35eadf15c56119652487", "number": "2028864004", "date": "2021-01-22 15:18:00", "subject": "2", "recorded-or-robo": "N", "city": "", "state": "IL", "area-code": "815"}, {"id": "3decc6bfadaa436a105714c6bacecf5b", "number": "8575982274", "date": "2021-01-14 13:21:00", "subject": "2", "recorded-or-robo": "Y", "city": "Calabasas", "state": "CA", "area-code": "818"}, {"id": "03e293b3df9e35eadf15c5611965173f", "number": "8575982274", "date": "2021-01-14 13:21:00", "subject": "2", "recorded-or-robo": "Y", "city": "Calabasas", "state": "CA", "area-code": "818"}, {"id": "3decc6bfadaa436a105714c6bacece20", "number": "2192359135", "date": "2021-01-22 15:52:00", "subject": "2", "recorded-or-robo": "N", "city": "", "state": "IL", "area-code": "815"}, {"id": "03e293b3df9e35eadf15c56119650b6d", "number": "2192359135", "date": "2021-01-22 15:52:00", "subject": "2", "recorded-or-robo": "N", "city": "", "state": "IL", "area-code": "815"}, {"id": "3decc6bfadaa436a105714c6bacecc5f", "number": "", "date": "2021-01-24 19:01:00", "subject": "1", "recorded-or-robo": "Y", "city": "", "state": "WI", "area-code": "414"}, {"id": "03e293b3df9e35eadf15c561196500b2", "number": "", "date": "2021-01-24 19:01:00", "subject": "1", "recorded-or-robo": "Y", "city": "", "state": "WI", "area-code": "414"}, {"id": "3decc6bfadaa436a105714c6baceb652", "number": "7702130796", "date": "2021-01-23 12:00:00", "subject": "2", "recorded-or-robo": "Y", "city": "Alexandria", "state": "VA", "area-code": "703"}, {"id": "3decc6bfadaa436a105714c6bacead83", "number": "", "date": "2021-01-24 00:00:00", "subject": "3", "recorded-or-robo": "Y", "city": "", "state": "NY", "area-code": "845"}, {"id": "03e293b3df9e35eadf15c5611964e4a2", "number": "7702130796", "date": "2021-01-23 12:00:00", "subject": "2", "recorded-or-robo": "Y", "city": "Alexandria", "state": "VA", "area-code": "703"}, {"id": "03e293b3df9e35eadf15c5611964e0ca", "number": "", "date": "2021-01-24 00:00:00", "subject": "3", "recorded-or-robo": "Y", "city": "", "state": "NY", "area-code": "845"}, {"id": "3decc6bfadaa436a105714c6bacea969", "number": "8453639105", "date": "2021-01-23 00:00:00", "subject": "2", "recorded-or-robo": "Y", "city": "", "state": "NY", "area-code": "646"}, {"id": "03e293b3df9e35eadf15c5611964d36f", "number": "8453639105", "date": "2021-01-23 00:00:00", "subject": "2", "recorded-or-robo": "Y", "city": "", "state": "NY", "area-code": "646"}, {"id": "3decc6bfadaa436a105714c6bacea3c3", "number": "4807191422", "date": "2021-01-11 12:16:00", "subject": "0", "recorded-or-robo": "Y", "city": "", "state": "AZ", "area-code": "602"}, {"id": "03e293b3df9e35eadf15c5611964cd40", "number": "4807191422", "date": "2021-01-11 12:16:00", "subject": "0", "recorded-or-robo": "Y", "city": "", "state": "AZ", "area-code": "602"}, {"id": "3decc6bfadaa436a105714c6bacea0e8", "number": "8156430378", "date": "2021-01-22 17:10:00", "subject": "2", "recorded-or-robo": "N", "city": "", "state": "IL", "area-code": "815"}, {"id": "03e293b3df9e35eadf15c5611964cad9", "number": "8156430378", "date": "2021-01-22 17:10:00", "subject": "2", "recorded-or-robo": "N", "city": "", "state": "IL", "area-code": "815"}, {"id": "3decc6bfadaa436a105714c6bace9324", "number": "4028671179", "date": "2021-01-14 11:22:00", "subject": "2", "recorded-or-robo": "Y", "city": "Calabasas", "state": "CA", "area-code": "818"}, {"id": "03e293b3df9e35eadf15c5611964c947", "number": "4028671179", "date": "2021-01-14 11:22:00", "subject": "2", "recorded-or-robo": "Y", "city": "Calabasas", "state": "CA", "area-code": "818"}, {"id": "3decc6bfadaa436a105714c6bace89d0", "number": "8556987519", "date": "2021-01-24 19:00:00", "subject": "11", "recorded-or-robo": "Y", "city": "", "state": "", "area-code": "855"}, {"id": "03e293b3df9e35eadf15c5611964c92c", "number": "8556987519", "date": "2021-01-24 19:00:00", "subject": "11", "recorded-or-robo": "Y", "city": "", "state": "", "area-code": "855"}, {"id": "3decc6bfadaa436a105714c6bace83ad", "number": "6604738044", "date": "2021-01-24 19:01:00", "subject": "1", "recorded-or-robo": "Y", "city": "", "state": "MO", "area-code": "660"}, {"id": "03e293b3df9e35eadf15c5611964c8a4", "number": "6604738044", "date": "2021-01-24 19:01:00", "subject": "1", "recorded-or-robo": "Y", "city": "", "state": "MO", "area-code": "660"}, {"id": "3decc6bfadaa436a105714c6bace7c5f", "number": "9282206440", "date": "2021-01-11 08:57:00", "subject": "0", "recorded-or-robo": "Y", "city": "", "state": "AZ", "area-code": "602"}]}