{"data": [{"id": "490dde24b259add1335244cd1b2f9dd3", "number": "8565021708", "date": "2021-01-26 11:26:00", "subject": "4", "recorded-or-robo": "Y", "city": "Millville", "state": "NJ", "area-code": "856"}, {"id": "490dde24b259add1335244cd1b2f9cb7", "number": "8148024118", "date": "2021-01-26 23:27:00", "subject": "5", "recorded-or-robo": "N", "city": "Richeyville", "state": "PA", "area-code": "814"}, {"id": "490dde24b259add1335244cd1b2f916b", "number": "5163994098", "date": "2021-01-25 12:56:00", "subject": "13", "recorded-or-robo": "Y", "city": "Eagle Point", "state": "OR", "area-code": "541"}, {"id": "490dde24b259add1335244cd1b2f8edf", "number": "3033764309", "date": "2021-01-26 09:28:00", "subject": "1", "recorded-or-robo": "Y", "city": "", "state": "CO", "area-code": "303"}, {"id": "490dde24b259add1335244cd1b2f8ed3", "number": "2678175343", "date": "2021-01-26 00:00:00", "subject": "2", "recorded-or-robo": "Y", "city": "", "state": "IL", "area-code": "630"}, {"id": "490dde24b259add1335244cd1b2f7f50", "number": "", "date": "2021-01-26 11:21:00", "subject": "2", "recorded-or-robo": "Y", "city": "Washington", "state": "Do", "area-code": "202"}, {"id": "490dde24b259add1335244cd1b2f755b", "number": "5162101638", "date": "2021-01-26 11:29:00", "subject": "4", "recorded-or-robo": "Y", "city": "Port Washington", "state": "NY", "area-code": "516"}, {"id": "490dde24b259add1335244cd1b2f733b", "number": "4432228602", "date": "2021-01-25 16:57:00", "subject": "2", "recorded-or-robo": "Y", "city": "EASTON", "state": "MD", "area-code": "443"}, {"id": "490dde24b259add1335244cd1b2f6d7b", "number": "8012242901", "date": "2021-01-26 08:30:00", "subject": "5", "recorded-or-robo": "Y", "city": "Anaheim", "state": "CA", "area-code": "801"}, {"id": "490dde24b259add1335244cd1b2f5c16", "number": "3178108700", "date": "2021-01-25 15:56:00", "subject": "4", "recorded-or-robo": "Y", "city": "", "state": "KY", "area-code": "502"}, {"id": "490dde24b259add1335244cd1b2f5b4a", "number": "3367441351", "date": "2021-01-14 10:05:00", "subject": "6", "recorded-or-robo": "Y", "city": "High Point", "state": "NC", "area-code": "336"}, {"id": "490dde24b259add1335244cd1b2f575a", "number": "6173705757", "date": "2021-01-26 11:09:00", "subject": "1", "recorded-or-robo": "Y", "city": "Lowell", "state": "MA", "area-code": "978"}, {"id": "490dde24b259add1335244cd1b2f4f9d", "number": "9186411047", "date": "2020-12-21 16:49:00", "subject": "4", "recorded-or-robo": "Y", "city": "Bellaire", "state": "CA", "area-code": "925"}, {"id": "490dde24b259add1335244cd1b2f4753", "number": "8134886474", "date": "2021-01-26 11:29:00", "subject": "4", "recorded-or-robo": "Y", "city": "", "state": "FL", "area-code": "305"}, {"id": "490dde24b259add1335244cd1b2f37b7", "number": "8046767424", "date": "2021-01-24 13:15:00", "subject": "4", "recorded-or-robo": "", "city": "", "state": "TX", "area-code": "903"}, {"id": "490dde24b259add1335244cd1b2f371b", "number": "4436590810", "date": "2021-01-26 11:26:00", "subject": "4", "recorded-or-robo": "Y", "city": "Hampstead", "state": "MD", "area-code": "443"}, {"id": "490dde24b259add1335244cd1b2f274c", "number": "6083023090", "date": "2021-01-26 09:05:00", "subject": "3", "recorded-or-robo": "Y", "city": "", "state": "AZ", "area-code": "602"}, {"id": "490dde24b259add1335244cd1b2f18c9", "number": "", "date": "2021-01-26 21:07:00", "subject": "2", "recorded-or-robo": "Y", "city": "Thornton", "state": "CO", "area-code": "720"}, {"id": "490dde24b259add1335244cd1b2f0c0b", "number": "7272950325", "date": "2021-01-26 10:36:00", "subject": "0", "recorded-or-robo": "Y", "city": "Clearwater", "state": "FL", "area-code": "727"}, {"id": "490dde24b259add1335244cd1b2f025d", "number": "9415056838", "date": "2021-01-26 11:29:00", "subject": "4", "recorded-or-robo": "Y", "city": "", "state": "FL", "area-code": "305"}, {"id": "490dde24b259add1335244cd1b2f00d9", "number": "3158254003", "date": "2021-01-26 10:27:00", "subject": "2", "recorded-or-robo": "Y", "city": "San Antonio", "state": "TX", "area-code": "210"}, {"id": "490dde24b259add1335244cd1b2ef54b", "number": "3362956330", "date": "2021-01-14 10:43:00", "subject": "5", "recorded-or-robo": "Y", "city": "High Point", "state": "NC", "area-code": "336"}, {"id": "490dde24b259add1335244cd1b2ef045", "number": "8593494959", "date": "2021-01-26 10:52:00", "subject": "11", "recorded-or-robo": "Y", "city": "Lexington", "state": "KY", "area-code": "859"}, {"id": "490dde24b259add1335244cd1b2eecfd", "number": "3025813070", "date": "2021-01-25 14:08:00", "subject": "8", "recorded-or-robo": "N", "city": "", "state": "WA", "area-code": "253"}, {"id": "490dde24b259add1335244cd1b2edd1a", "number": "4126434258", "date": "2021-01-26 10:17:00", "subject": "1", "recorded-or-robo": "Y", "city": "Saint Louis", "state": "MO", "area-code": "314"}, {"id": "490dde24b259add1335244cd1b2ed112", "number": "6787300227", "date": "2021-01-26 11:20:00", "subject": "4", "recorded-or-robo": "N", "city": "Atlanta", "state": "GA", "area-code": "678"}, {"id": "490dde24b259add1335244cd1b2ec877", "number": "6202068672", "date": "2021-01-26 10:23:00", "subject": "6", "recorded-or-robo": "N", "city": "", "state": "KS", "area-code": "620"}, {"id": "490dde24b259add1335244cd1b2eb06d", "number": "5719982309", "date": "2021-01-26 11:28:00", "subject": "4", "recorded-or-robo": "Y", "city": "", "state": "VA", "area-code": "571"}, {"id": "490dde24b259add1335244cd1b2ea999", "number": "3194487807", "date": "2021-01-25 18:04:00", "subject": "2", "recorded-or-robo": "Y", "city": "Clear Lake", "state": "IA", "area-code": "641"}, {"id": "490dde24b259add1335244cd1b2ea001", "number": "6468123144", "date": "2021-01-26 11:18:00", "subject": "2", "recorded-or-robo": "N", "city": "Orlando", "state": "FL", "area-code": "646"}, {"id": "490dde24b259add1335244cd1b2e93ea", "number": "2149191895", "date": "2021-01-26 10:24:00", "subject": "2", "recorded-or-robo": "Y", "city": "", "state": "TX", "area-code": "972"}, {"id": "490dde24b259add1335244cd1b2e90aa", "number": "3364771351", "date": "2021-01-14 11:17:00", "subject": "1", "recorded-or-robo": "Y", "city": "High Point", "state": "NC", "area-code": "336"}, {"id": "490dde24b259add1335244cd1b2e8666", "number": "7035968539", "date": "2021-01-25 11:14:00", "subject": "2", "recorded-or-robo": "Y", "city": "McLean", "state": "VA", "area-code": "703"}, {"id": "490dde24b259add1335244cd1b2e7ebe", "number": "5156060345", "date": "2021-01-26 10:08:00", "subject": "2", "recorded-or-robo": "Y", "city": "", "state": "IA", "area-code": "515"}, {"id": "490dde24b259add1335244cd1b2e76a2", "number": "4803723245", "date": "2021-01-22 11:18:00", "subject": "2", "recorded-or-robo": "Y", "city": "Bellaire", "state": "CA", "area-code": "925"}, {"id": "490dde24b259add1335244cd1b2e6c31", "number": "9732354032", "date": "2021-01-26 11:27:00", "subject": "5", "recorded-or-robo": "Y", "city": "NUTLEY", "state": "NJ", "area-code": "973"}, {"id": "490dde24b259add1335244cd1b2e6450", "number": "4092262945", "date": "2021-01-26 10:28:00", "subject": "4", "recorded-or-robo": "N", "city": "", "state": "TX", "area-code": "281"}, {"id": "490dde24b259add1335244cd1b2e5a64", "number": "8439589830", "date": "2021-01-26 00:00:00", "subject": "4", "recorded-or-robo": "Y", "city": "Georgetown", "state": "TX", "area-code": "843"}, {"id": "490dde24b259add1335244cd1b2e5a28", "number": "2105445793", "date": "2021-01-26 09:43:00", "subject": "2", "recorded-or-robo": "Y", "city": "San Antonio", "state": "TX", "area-code": "210"}, {"id": "490dde24b259add1335244cd1b2e4c95", "number": "8707965345", "date": "2021-01-26 09:24:00", "subject": "4", "recorded-or-robo": "Y", "city": "", "state": "NM", "area-code": "702"}, {"id": "490dde24b259add1335244cd1b2dc9b6", "number": "7069818514", "date": "2021-01-26 11:20:00", "subject": "3", "recorded-or-robo": "N", "city": "", "state": "GA", "area-code": "706"}, {"id": "490dde24b259add1335244cd1b2e40cf", "number": "2064798186", "date": "2021-01-25 15:54:00", "subject": "2", "recorded-or-robo": "N", "city": "", "state": "WA", "area-code": "253"}, {"id": "490dde24b259add1335244cd1b2e32de", "number": "4068527390", "date": "2021-01-26 09:25:00", "subject": "4", "recorded-or-robo": "Y", "city": "Bozeman", "state": "MT", "area-code": "406"}, {"id": "490dde24b259add1335244cd1b2e27d5", "number": "9377061631", "date": "2021-01-26 11:28:00", "subject": "2", "recorded-or-robo": "Y", "city": "", "state": "OH", "area-code": "937"}, {"id": "490dde24b259add1335244cd1b2e1a05", "number": "4844522187", "date": "2021-01-26 10:48:00", "subject": "2", "recorded-or-robo": "N", "city": "jamaica", "state": "NY", "area-code": "917"}, {"id": "490dde24b259add1335244cd1b2e125c", "number": "9033212748", "date": "2021-01-24 11:26:00", "subject": "2", "recorded-or-robo": "", "city": "Tyler", "state": "TX", "area-code": "903"}, {"id": "490dde24b259add1335244cd1b2e036c", "number": "6086904060", "date": "2021-01-26 10:02:00", "subject": "4", "recorded-or-robo": "Y", "city": "", "state": "WI", "area-code": "608"}, {"id": "490dde24b259add1335244cd1b2dfe37", "number": "7542198295", "date": "2021-01-26 11:16:00", "subject": "1", "recorded-or-robo": "Y", "city": "Davenport", "state": "FL", "area-code": "863"}, {"id": "490dde24b259add1335244cd1b2dfcc8", "number": "", "date": "2021-01-26 11:26:00", "subject": "2", "recorded-or-robo": "Y", "city": "Cleveland", "state": "TN", "area-code": "423"}, {"id": "490dde24b259add1335244cd1b2df8f8", "number": "2526923188", "date": "2021-01-26 11:27:00", "subject": "0", "recorded-or-robo": "N", "city": "", "state": "NC", "area-code": "252"}]}