{"data": [{"id": "490dde24b259add1335244cd1b7eef71", "number": "7257109754", "date": "2021-01-25 13:54:00", "subject": "3", "recorded-or-robo": "Y", "city": "", "state": "NV", "area-code": "702"}, {"id": "490dde24b259add1335244cd1b7eea55", "number": "8008952188", "date": "2021-01-26 00:00:00", "subject": "1", "recorded-or-robo": "N", "city": "Towson", "state": "MD", "area-code": "410"}, {"id": "490dde24b259add1335244cd1b7ee3e0", "number": "", "date": "2020-12-29 13:05:00", "subject": "1", "recorded-or-robo": "Y", "city": "Fishers", "state": "IN", "area-code": "317"}, {"id": "490dde24b259add1335244cd1b7ed5f2", "number": "9722572862", "date": "2021-01-26 09:04:00", "subject": "2", "recorded-or-robo": "Y", "city": "", "state": "TX", "area-code": "972"}, {"id": "490dde24b259add1335244cd1b7ed26e", "number": "6627344590", "date": "2021-01-26 08:13:00", "subject": "6", "recorded-or-robo": "N", "city": "Starkville", "state": "MS", "area-code": "662"}, {"id": "490dde24b259add1335244cd1b7ed25b", "number": "2036352885", "date": "2021-01-26 13:02:00", "subject": "2", "recorded-or-robo": "Y", "city": "Bethel", "state": "CT", "area-code": "203"}, {"id": "490dde24b259add1335244cd1b7ec392", "number": "5033950450", "date": "2021-01-26 10:05:00", "subject": "5", "recorded-or-robo": "N", "city": "Richmond", "state": "CA", "area-code": "510"}, {"id": "490dde24b259add1335244cd1b7eb5e6", "number": "2087883382", "date": "2021-01-26 11:06:00", "subject": "2", "recorded-or-robo": "Y", "city": "", "state": "ID", "area-code": "208"}, {"id": "490dde24b259add1335244cd1b7eaa95", "number": "2142018042", "date": "2021-01-26 13:07:00", "subject": "5", "recorded-or-robo": "Y", "city": "", "state": "FL", "area-code": "305"}, {"id": "490dde24b259add1335244cd1b7ea094", "number": "7206060290", "date": "2021-01-26 08:01:00", "subject": "4", "recorded-or-robo": "Y", "city": "Coaldale", "state": "CO", "area-code": "719"}, {"id": "490dde24b259add1335244cd1b7e97ef", "number": "3194813030", "date": "2021-01-25 10:03:00", "subject": "2", "recorded-or-robo": "Y", "city": "Atlanta", "state": "GA", "area-code": "404"}, {"id": "490dde24b259add1335244cd1b7e902b", "number": "9893506673", "date": "2021-01-26 12:00:00", "subject": "2", "recorded-or-robo": "Y", "city": "Hoover", "state": "AL", "area-code": "989"}, {"id": "490dde24b259add1335244cd1b7e8211", "number": "6053094788", "date": "2021-01-25 10:55:00", "subject": "0", "recorded-or-robo": "N", "city": "Sioux Falls", "state": "SD", "area-code": "605"}, {"id": "490dde24b259add1335244cd1b7e8159", "number": "2568496001", "date": "2021-01-26 11:58:00", "subject": "4", "recorded-or-robo": "Y", "city": "Tuscaloosa", "state": "AL", "area-code": "256"}, {"id": "490dde24b259add1335244cd1b7e7f1f", "number": "2095175650", "date": "2021-01-26 08:10:00", "subject": "2", "recorded-or-robo": "N", "city": "Gustine", "state": "CA", "area-code": "209"}, {"id": "490dde24b259add1335244cd1b7e726e", "number": "5802049889", "date": "2021-01-26 11:55:00", "subject": "2", "recorded-or-robo": "Y", "city": "Ponca City", "state": "OK", "area-code": "580"}, {"id": "490dde24b259add1335244cd1b7e6e97", "number": "4235924420", "date": "2021-01-26 12:07:00", "subject": "4", "recorded-or-robo": "Y", "city": "NASHVILLE", "state": "TN", "area-code": "615"}, {"id": "490dde24b259add1335244cd1b7e6a60", "number": "3103107944", "date": "2021-01-26 13:05:00", "subject": "0", "recorded-or-robo": "Y", "city": "Bolivar", "state": "OH", "area-code": "330"}, {"id": "490dde24b259add1335244cd1b7e61de", "number": "7542261080", "date": "2021-01-25 12:28:00", "subject": "2", "recorded-or-robo": "Y", "city": "Pearisburg", "state": "VA", "area-code": "540"}, {"id": "490dde24b259add1335244cd1b7e5945", "number": "8337700747", "date": "2021-01-25 11:25:00", "subject": "2", "recorded-or-robo": "Y", "city": "Kirkland", "state": "IL", "area-code": "815"}, {"id": "490dde24b259add1335244cd1b7e5370", "number": "5093597739", "date": "2021-01-26 13:06:00", "subject": "0", "recorded-or-robo": "N", "city": "apex", "state": "NC", "area-code": "919"}, {"id": "490dde24b259add1335244cd1b7e4796", "number": "3126265839", "date": "2021-01-23 21:32:00", "subject": "3", "recorded-or-robo": "", "city": "", "state": "DE", "area-code": "302"}, {"id": "490dde24b259add1335244cd1b7e4126", "number": "3026777786", "date": "2021-01-26 11:43:00", "subject": "4", "recorded-or-robo": "Y", "city": "BEAR", "state": "DE", "area-code": "302"}, {"id": "490dde24b259add1335244cd1b7e35c3", "number": "8556782900", "date": "2021-01-23 09:31:00", "subject": "1", "recorded-or-robo": "Y", "city": "", "state": "IN", "area-code": "574"}, {"id": "490dde24b259add1335244cd1b7e34a3", "number": "2194914450", "date": "2021-01-26 09:21:00", "subject": "1", "recorded-or-robo": "Y", "city": "rowland heights", "state": "CA", "area-code": "626"}, {"id": "490dde24b259add1335244cd1b7e2b21", "number": "5803244535", "date": "2021-01-22 13:50:00", "subject": "0", "recorded-or-robo": "", "city": "Milwaukee", "state": "WI", "area-code": "414"}, {"id": "490dde24b259add1335244cd1b7e2244", "number": "4403731413", "date": "2021-01-26 12:14:00", "subject": "5", "recorded-or-robo": "N", "city": "Philadelphia", "state": "PA", "area-code": "440"}, {"id": "490dde24b259add1335244cd1b7e1323", "number": "4016333731", "date": "2021-01-26 12:21:00", "subject": "0", "recorded-or-robo": "", "city": "Providence", "state": "RI", "area-code": "401"}, {"id": "490dde24b259add1335244cd1b7e095c", "number": "7038326457", "date": "2021-01-26 12:49:00", "subject": "12", "recorded-or-robo": "N", "city": "Clifton", "state": "VA", "area-code": "703"}, {"id": "490dde24b259add1335244cd1b7e032b", "number": "", "date": "2021-01-26 10:00:00", "subject": "1", "recorded-or-robo": "Y", "city": "Portland", "state": "OR", "area-code": "503"}, {"id": "490dde24b259add1335244cd1b7df6a6", "number": "5405255413", "date": "2021-01-26 13:05:00", "subject": "2", "recorded-or-robo": "Y", "city": "", "state": "VA", "area-code": "540"}, {"id": "490dde24b259add1335244cd1b7dec71", "number": "7327465164", "date": "2021-01-26 13:06:00", "subject": "3", "recorded-or-robo": "N", "city": "", "state": "TX", "area-code": "817"}, {"id": "490dde24b259add1335244cd1b7de8da", "number": "2069304550", "date": "2021-01-26 09:16:00", "subject": "3", "recorded-or-robo": "Y", "city": "", "state": "MS", "area-code": "662"}, {"id": "490dde24b259add1335244cd1b7ddfba", "number": "", "date": "2021-01-26 12:50:00", "subject": "7", "recorded-or-robo": "Y", "city": "Avon Lake", "state": "OH", "area-code": "440"}, {"id": "490dde24b259add1335244cd1b7ddac7", "number": "9145298513", "date": "2021-01-26 13:04:00", "subject": "4", "recorded-or-robo": "Y", "city": "Gaithersburg", "state": "MD", "area-code": "914"}, {"id": "490dde24b259add1335244cd1b7dcc36", "number": "5612641297", "date": "2021-01-26 13:05:00", "subject": "4", "recorded-or-robo": "Y", "city": "West Palm Beach", "state": "FL", "area-code": "561"}, {"id": "490dde24b259add1335244cd1b7dc669", "number": "8882474080", "date": "2021-01-26 13:01:00", "subject": "1", "recorded-or-robo": "Y", "city": "Washington", "state": "NJ", "area-code": "908"}, {"id": "490dde24b259add1335244cd1b7dc254", "number": "9807371843", "date": "2021-01-22 10:26:00", "subject": "2", "recorded-or-robo": "Y", "city": "Lubbock", "state": "TX", "area-code": "575"}, {"id": "490dde24b259add1335244cd1b7db493", "number": "3365937079", "date": "2021-01-26 13:06:00", "subject": "4", "recorded-or-robo": "Y", "city": "", "state": "NC", "area-code": "704"}, {"id": "490dde24b259add1335244cd1b7db388", "number": "8768036929", "date": "2021-01-26 11:36:00", "subject": "13", "recorded-or-robo": "N", "city": "Saint Louis", "state": "MO", "area-code": "314"}, {"id": "490dde24b259add1335244cd1b7da3df", "number": "8155319210", "date": "2021-01-26 11:55:00", "subject": "2", "recorded-or-robo": "Y", "city": "Manteno", "state": "IL", "area-code": "815"}, {"id": "490dde24b259add1335244cd1b7d9f39", "number": "8778180060", "date": "2021-01-24 16:31:00", "subject": "3", "recorded-or-robo": "Y", "city": "", "state": "WA", "area-code": "253"}, {"id": "490dde24b259add1335244cd1b7d2bc9", "number": "8555647015", "date": "2021-01-26 12:38:00", "subject": "3", "recorded-or-robo": "N", "city": "", "state": "VA", "area-code": "540"}, {"id": "490dde24b259add1335244cd1b7d9f24", "number": "9103542351", "date": "2021-01-26 12:25:00", "subject": "6", "recorded-or-robo": "Y", "city": "Philadelphia", "state": "PA", "area-code": "267"}, {"id": "490dde24b259add1335244cd1b7d98c9", "number": "8154571814", "date": "2021-01-25 13:58:00", "subject": "2", "recorded-or-robo": "Y", "city": "Kirkland", "state": "IL", "area-code": "815"}, {"id": "490dde24b259add1335244cd1b7d8eb7", "number": "8556783677", "date": "2021-01-23 10:25:00", "subject": "1", "recorded-or-robo": "Y", "city": "", "state": "IN", "area-code": "574"}, {"id": "490dde24b259add1335244cd1b7d7f07", "number": "6143929331", "date": "2021-01-26 12:49:00", "subject": "4", "recorded-or-robo": "", "city": "Grove City", "state": "OH", "area-code": "614"}, {"id": "490dde24b259add1335244cd1b7d7b72", "number": "8138811700", "date": "2021-01-26 19:57:00", "subject": "0", "recorded-or-robo": "Y", "city": "North Port", "state": "FL", "area-code": "941"}, {"id": "490dde24b259add1335244cd1b7d7493", "number": "", "date": "2021-01-26 12:00:00", "subject": "5", "recorded-or-robo": "Y", "city": "North Hollywood", "state": "CA", "area-code": "856"}, {"id": "490dde24b259add1335244cd1b7d6a5e", "number": "3186608610", "date": "2021-01-26 11:55:00", "subject": "5", "recorded-or-robo": "N", "city": "", "state": "LA", "area-code": "318"}]}