{"data": [{"id": "3decc6bfadaa436a105714c6ba8aa2a5", "number": "2404032044", "date": "2021-01-24 07:20:00", "subject": "1", "recorded-or-robo": "Y", "city": "Ellwood City", "state": "PA", "area-code": "724"}, {"id": "03e293b3df9e35eadf15c5611920ee4a", "number": "2404032044", "date": "2021-01-24 07:20:00", "subject": "1", "recorded-or-robo": "Y", "city": "Ellwood City", "state": "PA", "area-code": "724"}, {"id": "3decc6bfadaa436a105714c6ba8a9352", "number": "", "date": "2021-01-23 00:00:00", "subject": "4", "recorded-or-robo": "Y", "city": "", "state": "IA", "area-code": "515"}, {"id": "03e293b3df9e35eadf15c5611920df6c", "number": "", "date": "2021-01-23 00:00:00", "subject": "4", "recorded-or-robo": "Y", "city": "", "state": "IA", "area-code": "515"}, {"id": "3decc6bfadaa436a105714c6ba8a9129", "number": "6913971580", "date": "2021-01-20 13:45:00", "subject": "11", "recorded-or-robo": "N", "city": "Pittsburgh", "state": "PA", "area-code": "412"}, {"id": "03e293b3df9e35eadf15c5611920db26", "number": "6913971580", "date": "2021-01-20 13:45:00", "subject": "11", "recorded-or-robo": "N", "city": "Pittsburgh", "state": "PA", "area-code": "412"}, {"id": "3decc6bfadaa436a105714c6ba8a889a", "number": "0", "date": "2021-01-22 12:00:00", "subject": "6", "recorded-or-robo": "N", "city": "Danville", "state": "PA", "area-code": "570"}, {"id": "03e293b3df9e35eadf15c5611920d909", "number": "0", "date": "2021-01-22 12:00:00", "subject": "6", "recorded-or-robo": "N", "city": "Danville", "state": "PA", "area-code": "570"}, {"id": "3decc6bfadaa436a105714c6ba8a7ce9", "number": "7342520380", "date": "2021-01-18 09:17:00", "subject": "2", "recorded-or-robo": "N", "city": "HERINGTON", "state": "KS", "area-code": "785"}, {"id": "03e293b3df9e35eadf15c5611920d1c9", "number": "7342520380", "date": "2021-01-18 09:17:00", "subject": "2", "recorded-or-robo": "N", "city": "HERINGTON", "state": "KS", "area-code": "785"}, {"id": "3decc6bfadaa436a105714c6ba8a7439", "number": "7852584048", "date": "2021-01-18 11:56:00", "subject": "2", "recorded-or-robo": "N", "city": "HERINGTON", "state": "KS", "area-code": "785"}, {"id": "03e293b3df9e35eadf15c5611920c7fd", "number": "7852584048", "date": "2021-01-18 11:56:00", "subject": "2", "recorded-or-robo": "N", "city": "HERINGTON", "state": "KS", "area-code": "785"}, {"id": "3decc6bfadaa436a105714c6ba8a7024", "number": "6207502786", "date": "2021-01-19 09:29:00", "subject": "2", "recorded-or-robo": "N", "city": "HERINGTON", "state": "KS", "area-code": "785"}, {"id": "03e293b3df9e35eadf15c5611920c78b", "number": "6207502786", "date": "2021-01-19 09:29:00", "subject": "2", "recorded-or-robo": "N", "city": "HERINGTON", "state": "KS", "area-code": "785"}, {"id": "3decc6bfadaa436a105714c6ba8a65a7", "number": "9133641827", "date": "2021-01-19 09:43:00", "subject": "1", "recorded-or-robo": "Y", "city": "HERINGTON", "state": "KS", "area-code": "785"}, {"id": "03e293b3df9e35eadf15c5611920b7ce", "number": "9133641827", "date": "2021-01-19 09:43:00", "subject": "1", "recorded-or-robo": "Y", "city": "HERINGTON", "state": "KS", "area-code": "785"}, {"id": "3decc6bfadaa436a105714c6ba8a6460", "number": "6207502786", "date": "2021-01-19 13:36:00", "subject": "2", "recorded-or-robo": "N", "city": "HERINGTON", "state": "KS", "area-code": "785"}, {"id": "03e293b3df9e35eadf15c5611920b144", "number": "6207502786", "date": "2021-01-19 13:36:00", "subject": "2", "recorded-or-robo": "N", "city": "HERINGTON", "state": "KS", "area-code": "785"}, {"id": "3decc6bfadaa436a105714c6ba8a5918", "number": "8882474080", "date": "2021-01-19 16:22:00", "subject": "0", "recorded-or-robo": "N", "city": "HERINGTON", "state": "KS", "area-code": "785"}, {"id": "03e293b3df9e35eadf15c5611920adb3", "number": "8882474080", "date": "2021-01-19 16:22:00", "subject": "0", "recorded-or-robo": "N", "city": "HERINGTON", "state": "KS", "area-code": "785"}, {"id": "3decc6bfadaa436a105714c6ba8a4f92", "number": "7852648679", "date": "2021-01-20 10:02:00", "subject": "2", "recorded-or-robo": "N", "city": "HERINGTON", "state": "KS", "area-code": "785"}, {"id": "03e293b3df9e35eadf15c5611920a53c", "number": "7852648679", "date": "2021-01-20 10:02:00", "subject": "2", "recorded-or-robo": "N", "city": "HERINGTON", "state": "KS", "area-code": "785"}, {"id": "3decc6bfadaa436a105714c6ba8a465c", "number": "4232051174", "date": "2021-01-20 11:39:00", "subject": "2", "recorded-or-robo": "N", "city": "HERINGTON", "state": "KS", "area-code": "785"}, {"id": "03e293b3df9e35eadf15c5611920a2d9", "number": "4232051174", "date": "2021-01-20 11:39:00", "subject": "2", "recorded-or-robo": "N", "city": "HERINGTON", "state": "KS", "area-code": "785"}, {"id": "3decc6bfadaa436a105714c6ba8a3d6b", "number": "", "date": "2021-01-20 12:00:00", "subject": "2", "recorded-or-robo": "Y", "city": "Pensacola", "state": "FL", "area-code": "850"}, {"id": "03e293b3df9e35eadf15c5611920a011", "number": "", "date": "2021-01-20 12:00:00", "subject": "2", "recorded-or-robo": "Y", "city": "Pensacola", "state": "FL", "area-code": "850"}, {"id": "3decc6bfadaa436a105714c6ba8a3b86", "number": "4243500922", "date": "2021-01-20 16:36:00", "subject": "0", "recorded-or-robo": "N", "city": "HERINGTON", "state": "KS", "area-code": "785"}, {"id": "03e293b3df9e35eadf15c56119209183", "number": "4243500922", "date": "2021-01-20 16:36:00", "subject": "0", "recorded-or-robo": "N", "city": "HERINGTON", "state": "KS", "area-code": "785"}, {"id": "3decc6bfadaa436a105714c6ba8a3890", "number": "7852614126", "date": "2021-01-20 17:14:00", "subject": "0", "recorded-or-robo": "N", "city": "HERINGTON", "state": "KS", "area-code": "785"}, {"id": "03e293b3df9e35eadf15c56119208f7b", "number": "7852614126", "date": "2021-01-20 17:14:00", "subject": "0", "recorded-or-robo": "N", "city": "HERINGTON", "state": "KS", "area-code": "785"}, {"id": "3decc6bfadaa436a105714c6ba8a371a", "number": "5623737343", "date": "2021-01-15 15:29:00", "subject": "11", "recorded-or-robo": "N", "city": "Euclid", "state": "OH", "area-code": "216"}, {"id": "03e293b3df9e35eadf15c56119208cd5", "number": "5623737343", "date": "2021-01-15 15:29:00", "subject": "11", "recorded-or-robo": "N", "city": "Euclid", "state": "OH", "area-code": "216"}, {"id": "3decc6bfadaa436a105714c6ba8a2761", "number": "7852233623", "date": "2021-01-20 17:54:00", "subject": "2", "recorded-or-robo": "N", "city": "HERINGTON", "state": "KS", "area-code": "785"}, {"id": "03e293b3df9e35eadf15c56119208513", "number": "7852233623", "date": "2021-01-20 17:54:00", "subject": "2", "recorded-or-robo": "N", "city": "HERINGTON", "state": "KS", "area-code": "785"}, {"id": "3decc6bfadaa436a105714c6ba8a253a", "number": "7852691224", "date": "2021-01-21 09:57:00", "subject": "0", "recorded-or-robo": "N", "city": "HERINGTON", "state": "KS", "area-code": "785"}, {"id": "03e293b3df9e35eadf15c561192077e1", "number": "7852691224", "date": "2021-01-21 09:57:00", "subject": "0", "recorded-or-robo": "N", "city": "HERINGTON", "state": "KS", "area-code": "785"}, {"id": "3decc6bfadaa436a105714c6ba8a15c9", "number": "7852691224", "date": "2021-01-21 12:20:00", "subject": "0", "recorded-or-robo": "N", "city": "HERINGTON", "state": "KS", "area-code": "785"}, {"id": "03e293b3df9e35eadf15c561192074e8", "number": "7852691224", "date": "2021-01-21 12:20:00", "subject": "0", "recorded-or-robo": "N", "city": "HERINGTON", "state": "KS", "area-code": "785"}, {"id": "3decc6bfadaa436a105714c6ba8a0984", "number": "8437652966", "date": "2021-01-21 14:37:00", "subject": "0", "recorded-or-robo": "N", "city": "HERINGTON", "state": "KS", "area-code": "785"}, {"id": "03e293b3df9e35eadf15c56119206840", "number": "8437652966", "date": "2021-01-21 14:37:00", "subject": "0", "recorded-or-robo": "N", "city": "HERINGTON", "state": "KS", "area-code": "785"}, {"id": "3decc6bfadaa436a105714c6ba8a08f2", "number": "6369425230", "date": "2021-01-21 04:03:00", "subject": "0", "recorded-or-robo": "N", "city": "HERINGTON", "state": "KS", "area-code": "785"}, {"id": "03e293b3df9e35eadf15c561192058fc", "number": "6369425230", "date": "2021-01-21 04:03:00", "subject": "0", "recorded-or-robo": "N", "city": "HERINGTON", "state": "KS", "area-code": "785"}, {"id": "3decc6bfadaa436a105714c6ba89ff1e", "number": "7852691224", "date": "2021-01-21 16:10:00", "subject": "0", "recorded-or-robo": "N", "city": "HERINGTON", "state": "KS", "area-code": "785"}, {"id": "03e293b3df9e35eadf15c56119205841", "number": "7852691224", "date": "2021-01-21 16:10:00", "subject": "0", "recorded-or-robo": "N", "city": "HERINGTON", "state": "KS", "area-code": "785"}, {"id": "3decc6bfadaa436a105714c6ba89f37a", "number": "7327027524", "date": "2021-01-23 16:57:00", "subject": "2", "recorded-or-robo": "Y", "city": "", "state": "NJ", "area-code": "732"}, {"id": "03e293b3df9e35eadf15c56119204b5e", "number": "7327027524", "date": "2021-01-23 16:57:00", "subject": "2", "recorded-or-robo": "Y", "city": "", "state": "NJ", "area-code": "732"}, {"id": "3decc6bfadaa436a105714c6ba89e53e", "number": "7852585226", "date": "2021-01-22 11:03:00", "subject": "2", "recorded-or-robo": "N", "city": "HERINGTON", "state": "KS", "area-code": "785"}, {"id": "03e293b3df9e35eadf15c56119204666", "number": "7852585226", "date": "2021-01-22 11:03:00", "subject": "2", "recorded-or-robo": "N", "city": "HERINGTON", "state": "KS", "area-code": "785"}, {"id": "3decc6bfadaa436a105714c6ba89d755", "number": "6093586748", "date": "2021-01-24 06:06:00", "subject": "1", "recorded-or-robo": "Y", "city": "", "state": "MD", "area-code": "609"}, {"id": "03e293b3df9e35eadf15c561192041ac", "number": "6093586748", "date": "2021-01-24 06:06:00", "subject": "1", "recorded-or-robo": "Y", "city": "", "state": "MD", "area-code": "609"}]}