{"data": [{"id": "3decc6bfadaa436a105714c6ba869b09", "number": "2107251209", "date": "2021-01-20 11:12:00", "subject": "0", "recorded-or-robo": "Y", "city": "South Windsor", "state": "CT", "area-code": "860"}, {"id": "03e293b3df9e35eadf15c561191d4580", "number": "2107251209", "date": "2021-01-20 11:12:00", "subject": "0", "recorded-or-robo": "Y", "city": "South Windsor", "state": "CT", "area-code": "860"}, {"id": "3decc6bfadaa436a105714c6ba86907d", "number": "2674580412", "date": "2021-01-23 19:40:00", "subject": "4", "recorded-or-robo": "Y", "city": "Philadelphia", "state": "PA", "area-code": "267"}, {"id": "03e293b3df9e35eadf15c561191d4385", "number": "2674580412", "date": "2021-01-23 19:40:00", "subject": "4", "recorded-or-robo": "Y", "city": "Philadelphia", "state": "PA", "area-code": "267"}, {"id": "3decc6bfadaa436a105714c6ba868b3a", "number": "2126352834", "date": "2021-01-20 09:56:00", "subject": "0", "recorded-or-robo": "Y", "city": "South Windsor", "state": "CT", "area-code": "860"}, {"id": "03e293b3df9e35eadf15c561191d35fc", "number": "2126352834", "date": "2021-01-20 09:56:00", "subject": "0", "recorded-or-robo": "Y", "city": "South Windsor", "state": "CT", "area-code": "860"}, {"id": "3decc6bfadaa436a105714c6ba8680d3", "number": "8609274858", "date": "2021-01-20 10:38:00", "subject": "0", "recorded-or-robo": "Y", "city": "South Windsor", "state": "CT", "area-code": "860"}, {"id": "03e293b3df9e35eadf15c561191d2741", "number": "8609274858", "date": "2021-01-20 10:38:00", "subject": "0", "recorded-or-robo": "Y", "city": "South Windsor", "state": "CT", "area-code": "860"}, {"id": "3decc6bfadaa436a105714c6ba8672fb", "number": "4013791954", "date": "2021-01-19 20:21:00", "subject": "0", "recorded-or-robo": "Y", "city": "South Windsor", "state": "CT", "area-code": "860"}, {"id": "03e293b3df9e35eadf15c561191d243b", "number": "4013791954", "date": "2021-01-19 20:21:00", "subject": "0", "recorded-or-robo": "Y", "city": "South Windsor", "state": "CT", "area-code": "860"}, {"id": "3decc6bfadaa436a105714c6ba86724c", "number": "2135452546", "date": "2021-01-19 13:21:00", "subject": "0", "recorded-or-robo": "Y", "city": "South Windsor", "state": "CT", "area-code": "860"}, {"id": "03e293b3df9e35eadf15c561191d1ebc", "number": "2135452546", "date": "2021-01-19 13:21:00", "subject": "0", "recorded-or-robo": "Y", "city": "South Windsor", "state": "CT", "area-code": "860"}, {"id": "3decc6bfadaa436a105714c6ba86711f", "number": "2145022637", "date": "2021-01-19 15:24:00", "subject": "0", "recorded-or-robo": "Y", "city": "South Windsor", "state": "CT", "area-code": "860"}, {"id": "03e293b3df9e35eadf15c561191d19b1", "number": "2145022637", "date": "2021-01-19 15:24:00", "subject": "0", "recorded-or-robo": "Y", "city": "South Windsor", "state": "CT", "area-code": "860"}, {"id": "3decc6bfadaa436a105714c6ba86639d", "number": "8609081815", "date": "2021-01-19 16:17:00", "subject": "0", "recorded-or-robo": "Y", "city": "South Windsor", "state": "CT", "area-code": "860"}, {"id": "03e293b3df9e35eadf15c561191d0d75", "number": "8609081815", "date": "2021-01-19 16:17:00", "subject": "0", "recorded-or-robo": "Y", "city": "South Windsor", "state": "CT", "area-code": "860"}, {"id": "3decc6bfadaa436a105714c6ba865e41", "number": "6126624803", "date": "2021-01-18 09:43:00", "subject": "0", "recorded-or-robo": "Y", "city": "South Windsor", "state": "CT", "area-code": "860"}, {"id": "03e293b3df9e35eadf15c561191d09aa", "number": "6126624803", "date": "2021-01-18 09:43:00", "subject": "0", "recorded-or-robo": "Y", "city": "South Windsor", "state": "CT", "area-code": "860"}, {"id": "3decc6bfadaa436a105714c6ba8657d0", "number": "9252485520", "date": "2021-01-23 10:03:00", "subject": "2", "recorded-or-robo": "Y", "city": "Orinda", "state": "CA", "area-code": "925"}, {"id": "03e293b3df9e35eadf15c561191cfc73", "number": "9252485520", "date": "2021-01-23 10:03:00", "subject": "2", "recorded-or-robo": "Y", "city": "Orinda", "state": "CA", "area-code": "925"}, {"id": "3decc6bfadaa436a105714c6ba86568f", "number": "7202756783", "date": "2021-01-23 22:26:00", "subject": "1", "recorded-or-robo": "Y", "city": "Eastvale", "state": "CA", "area-code": "561"}, {"id": "03e293b3df9e35eadf15c561191cf85d", "number": "7202756783", "date": "2021-01-23 22:26:00", "subject": "1", "recorded-or-robo": "Y", "city": "Eastvale", "state": "CA", "area-code": "561"}, {"id": "3decc6bfadaa436a105714c6ba864873", "number": "5203814521", "date": "2020-12-20 09:47:00", "subject": "4", "recorded-or-robo": "Y", "city": "Las Vegas", "state": "NV", "area-code": "775"}, {"id": "03e293b3df9e35eadf15c561191ce9a1", "number": "5203814521", "date": "2020-12-20 09:47:00", "subject": "4", "recorded-or-robo": "Y", "city": "Las Vegas", "state": "NV", "area-code": "775"}, {"id": "3decc6bfadaa436a105714c6ba864440", "number": "7754191241", "date": "2021-01-11 13:29:00", "subject": "4", "recorded-or-robo": "Y", "city": "Las Vegas", "state": "NV", "area-code": "775"}, {"id": "03e293b3df9e35eadf15c561191cda70", "number": "7754191241", "date": "2021-01-11 13:29:00", "subject": "4", "recorded-or-robo": "Y", "city": "Las Vegas", "state": "NV", "area-code": "775"}, {"id": "3decc6bfadaa436a105714c6ba863e94", "number": "7758455748", "date": "2021-01-16 09:50:00", "subject": "4", "recorded-or-robo": "N", "city": "Las Vegas", "state": "NV", "area-code": "775"}, {"id": "03e293b3df9e35eadf15c561191cd548", "number": "7758455748", "date": "2021-01-16 09:50:00", "subject": "4", "recorded-or-robo": "N", "city": "Las Vegas", "state": "NV", "area-code": "775"}, {"id": "3decc6bfadaa436a105714c6ba862f0a", "number": "7088550917", "date": "2020-12-17 12:00:00", "subject": "2", "recorded-or-robo": "N", "city": "Evanston", "state": "IL", "area-code": "614"}, {"id": "03e293b3df9e35eadf15c561191cc802", "number": "7088550917", "date": "2020-12-17 12:00:00", "subject": "2", "recorded-or-robo": "N", "city": "Evanston", "state": "IL", "area-code": "614"}, {"id": "3decc6bfadaa436a105714c6ba862549", "number": "5134389063", "date": "2021-01-22 17:51:00", "subject": "4", "recorded-or-robo": "", "city": "Bremen", "state": "AL", "area-code": "256"}, {"id": "03e293b3df9e35eadf15c561191cc3cc", "number": "5134389063", "date": "2021-01-22 17:51:00", "subject": "4", "recorded-or-robo": "", "city": "Bremen", "state": "AL", "area-code": "256"}, {"id": "3decc6bfadaa436a105714c6ba8615b8", "number": "2202032013", "date": "2021-01-18 00:00:00", "subject": "2", "recorded-or-robo": "N", "city": "Bremen", "state": "AL", "area-code": "256"}, {"id": "03e293b3df9e35eadf15c561191cb6ef", "number": "2202032013", "date": "2021-01-18 00:00:00", "subject": "2", "recorded-or-robo": "N", "city": "Bremen", "state": "AL", "area-code": "256"}, {"id": "3decc6bfadaa436a105714c6ba860646", "number": "6013607691", "date": "2021-01-24 00:00:00", "subject": "4", "recorded-or-robo": "Y", "city": "Crestview", "state": "FL", "area-code": "228"}, {"id": "03e293b3df9e35eadf15c561191ca9e8", "number": "6013607691", "date": "2021-01-24 00:00:00", "subject": "4", "recorded-or-robo": "Y", "city": "Crestview", "state": "FL", "area-code": "228"}, {"id": "3decc6bfadaa436a105714c6ba86062c", "number": "3109352909", "date": "2021-01-22 10:31:00", "subject": "2", "recorded-or-robo": "Y", "city": "PLAYA DEL REY, CA", "state": "CA", "area-code": "310"}, {"id": "03e293b3df9e35eadf15c561191ca99f", "number": "3109352909", "date": "2021-01-22 10:31:00", "subject": "2", "recorded-or-robo": "Y", "city": "PLAYA DEL REY, CA", "state": "CA", "area-code": "310"}, {"id": "3decc6bfadaa436a105714c6ba86054b", "number": "8636927783", "date": "2021-01-21 10:20:00", "subject": "4", "recorded-or-robo": "Y", "city": "", "state": "FL", "area-code": "863"}, {"id": "03e293b3df9e35eadf15c561191c9fca", "number": "8636927783", "date": "2021-01-21 10:20:00", "subject": "4", "recorded-or-robo": "Y", "city": "", "state": "FL", "area-code": "863"}, {"id": "3decc6bfadaa436a105714c6ba86043d", "number": "3473707569", "date": "2021-01-22 09:30:00", "subject": "0", "recorded-or-robo": "N", "city": "", "state": "NY", "area-code": "347"}, {"id": "03e293b3df9e35eadf15c561191c929d", "number": "3473707569", "date": "2021-01-22 09:30:00", "subject": "0", "recorded-or-robo": "N", "city": "", "state": "NY", "area-code": "347"}, {"id": "3decc6bfadaa436a105714c6ba85fa95", "number": "3052744561", "date": "2021-01-19 08:54:00", "subject": "6", "recorded-or-robo": "N", "city": "", "state": "FL", "area-code": "863"}, {"id": "03e293b3df9e35eadf15c561191c8997", "number": "3052744561", "date": "2021-01-19 08:54:00", "subject": "6", "recorded-or-robo": "N", "city": "", "state": "FL", "area-code": "863"}, {"id": "3decc6bfadaa436a105714c6ba85f458", "number": "237653777368", "date": "2021-01-06 06:55:00", "subject": "1", "recorded-or-robo": "Y", "city": "Oregon", "state": "WI", "area-code": "608"}, {"id": "03e293b3df9e35eadf15c561191c7b78", "number": "237653777368", "date": "2021-01-06 06:55:00", "subject": "1", "recorded-or-robo": "Y", "city": "Oregon", "state": "WI", "area-code": "608"}, {"id": "3decc6bfadaa436a105714c6ba85e46a", "number": "6613903918", "date": "2021-01-22 14:48:00", "subject": "2", "recorded-or-robo": "Y", "city": "San Diego", "state": "CA", "area-code": "858"}, {"id": "03e293b3df9e35eadf15c561191c7189", "number": "6613903918", "date": "2021-01-22 14:48:00", "subject": "2", "recorded-or-robo": "Y", "city": "San Diego", "state": "CA", "area-code": "858"}, {"id": "3decc6bfadaa436a105714c6ba85d6a9", "number": "6468832008", "date": "2021-01-23 13:05:00", "subject": "3", "recorded-or-robo": "Y", "city": "", "state": "NJ", "area-code": "973"}, {"id": "03e293b3df9e35eadf15c561191c66f7", "number": "6468832008", "date": "2021-01-23 13:05:00", "subject": "3", "recorded-or-robo": "Y", "city": "", "state": "NJ", "area-code": "973"}]}