{"data": [{"id": "deca54a6651fb9add5b4a9816cc63507", "number": "7088830124", "date": "2021-01-22 17:24:00", "subject": "4", "recorded-or-robo": "Y", "city": "Streator", "state": "IL", "area-code": "815"}, {"id": "e81c9350d54f66c6d33b3747ee315e87", "number": "2062403397", "date": "2021-01-22 15:22:00", "subject": "16", "recorded-or-robo": "Y", "city": "Mercer Island", "state": "WA", "area-code": "206"}, {"id": "deca54a6651fb9add5b4a9816cc6260e", "number": "2062403397", "date": "2021-01-22 15:22:00", "subject": "16", "recorded-or-robo": "Y", "city": "Mercer Island", "state": "WA", "area-code": "206"}, {"id": "e81c9350d54f66c6d33b3747ee3151c0", "number": "8174427956", "date": "2021-01-22 17:10:00", "subject": "3", "recorded-or-robo": "Y", "city": "", "state": "TX", "area-code": "817"}, {"id": "deca54a6651fb9add5b4a9816cc6239a", "number": "8174427956", "date": "2021-01-22 17:10:00", "subject": "3", "recorded-or-robo": "Y", "city": "", "state": "TX", "area-code": "817"}, {"id": "e81c9350d54f66c6d33b3747ee9ccc46", "number": "4059444236", "date": "2021-01-22 18:25:39", "subject": "3", "recorded-or-robo": "Y", "city": "", "state": "OK", "area-code": "405"}, {"id": "1d36742e3f24f50e4e7ae8280131e6d1", "number": "4059444236", "date": "2021-01-22 18:25:39", "subject": "3", "recorded-or-robo": "Y", "city": "", "state": "OK", "area-code": "405"}, {"id": "e81c9350d54f66c6d33b3747ee9c9b6c", "number": "+18008086074", "date": "2021-01-22 18:25:37", "subject": "3", "recorded-or-robo": "Y", "city": "", "state": "CA", "area-code": "925"}, {"id": "1d36742e3f24f50e4e7ae8280131cbbd", "number": "+18008086074", "date": "2021-01-22 18:25:37", "subject": "3", "recorded-or-robo": "Y", "city": "", "state": "CA", "area-code": "925"}, {"id": "e81c9350d54f66c6d33b3747ee314de2", "number": "5132299279", "date": "2021-01-19 19:31:00", "subject": "0", "recorded-or-robo": "Y", "city": "Manlius", "state": "NY", "area-code": "315"}, {"id": "deca54a6651fb9add5b4a9816cc62162", "number": "5132299279", "date": "2021-01-19 19:31:00", "subject": "0", "recorded-or-robo": "Y", "city": "Manlius", "state": "NY", "area-code": "315"}, {"id": "e81c9350d54f66c6d33b3747ee314b2a", "number": "2184199661", "date": "2021-01-22 15:18:00", "subject": "2", "recorded-or-robo": "N", "city": "Farmington", "state": "MN", "area-code": "651"}, {"id": "deca54a6651fb9add5b4a9816cc6182a", "number": "2184199661", "date": "2021-01-22 15:18:00", "subject": "2", "recorded-or-robo": "N", "city": "Farmington", "state": "MN", "area-code": "651"}, {"id": "e81c9350d54f66c6d33b3747ee9c862e", "number": "+16304917294", "date": "2021-01-22 18:25:28", "subject": "3", "recorded-or-robo": "Y", "city": "", "state": "IL", "area-code": "630"}, {"id": "1d36742e3f24f50e4e7ae8280131c5ed", "number": "+16304917294", "date": "2021-01-22 18:25:28", "subject": "3", "recorded-or-robo": "Y", "city": "", "state": "IL", "area-code": "630"}, {"id": "e81c9350d54f66c6d33b3747ee31486c", "number": "5748487526", "date": "2021-01-22 17:02:00", "subject": "1", "recorded-or-robo": "Y", "city": "", "state": "IN", "area-code": "574"}, {"id": "deca54a6651fb9add5b4a9816cc60b5b", "number": "5748487526", "date": "2021-01-22 17:02:00", "subject": "1", "recorded-or-robo": "Y", "city": "", "state": "IN", "area-code": "574"}, {"id": "e81c9350d54f66c6d33b3747ee31415d", "number": "", "date": "2021-01-20 11:00:00", "subject": "0", "recorded-or-robo": "Y", "city": "Old Bridge", "state": "NJ", "area-code": "973"}, {"id": "deca54a6651fb9add5b4a9816cc60665", "number": "", "date": "2021-01-20 11:00:00", "subject": "0", "recorded-or-robo": "Y", "city": "Old Bridge", "state": "NJ", "area-code": "973"}, {"id": "e81c9350d54f66c6d33b3747ee3131db", "number": "6172249493", "date": "2021-01-22 08:11:00", "subject": "3", "recorded-or-robo": "Y", "city": "", "state": "MA", "area-code": "617"}, {"id": "e81c9350d54f66c6d33b3747ee31240e", "number": "9852675593", "date": "2021-01-22 17:00:00", "subject": "3", "recorded-or-robo": "Y", "city": "", "state": "LA", "area-code": "985"}, {"id": "deca54a6651fb9add5b4a9816cc605d2", "number": "6172249493", "date": "2021-01-22 08:11:00", "subject": "3", "recorded-or-robo": "Y", "city": "", "state": "MA", "area-code": "617"}, {"id": "deca54a6651fb9add5b4a9816cc603f9", "number": "9852675593", "date": "2021-01-22 17:00:00", "subject": "3", "recorded-or-robo": "Y", "city": "", "state": "LA", "area-code": "985"}, {"id": "e81c9350d54f66c6d33b3747ee3116b9", "number": "8008281624", "date": "2021-01-22 10:37:00", "subject": "2", "recorded-or-robo": "Y", "city": "Plainsboro", "state": "NJ", "area-code": "609"}, {"id": "deca54a6651fb9add5b4a9816cc602f7", "number": "8008281624", "date": "2021-01-22 10:37:00", "subject": "2", "recorded-or-robo": "Y", "city": "Plainsboro", "state": "NJ", "area-code": "609"}, {"id": "e81c9350d54f66c6d33b3747ee310a80", "number": "4067192759", "date": "2021-01-22 09:00:00", "subject": "4", "recorded-or-robo": "Y", "city": "Phillipsburg", "state": "MT", "area-code": "406"}, {"id": "deca54a6651fb9add5b4a9816cc601e8", "number": "4067192759", "date": "2021-01-22 09:00:00", "subject": "4", "recorded-or-robo": "Y", "city": "Phillipsburg", "state": "MT", "area-code": "406"}, {"id": "e81c9350d54f66c6d33b3747ee30fd89", "number": "7659698562", "date": "2021-01-22 18:15:00", "subject": "6", "recorded-or-robo": "N", "city": "", "state": "IN", "area-code": "765"}, {"id": "deca54a6651fb9add5b4a9816cc600dc", "number": "7659698562", "date": "2021-01-22 18:15:00", "subject": "6", "recorded-or-robo": "N", "city": "", "state": "IN", "area-code": "765"}, {"id": "e81c9350d54f66c6d33b3747ee30f732", "number": "8332298907", "date": "2021-01-21 00:00:00", "subject": "2", "recorded-or-robo": "Y", "city": "austin", "state": "TX", "area-code": "512"}, {"id": "deca54a6651fb9add5b4a9816cc5f108", "number": "8332298907", "date": "2021-01-21 00:00:00", "subject": "2", "recorded-or-robo": "Y", "city": "austin", "state": "TX", "area-code": "512"}, {"id": "e81c9350d54f66c6d33b3747ee30edfe", "number": "9733147663", "date": "2021-01-22 18:20:00", "subject": "3", "recorded-or-robo": "N", "city": "Parsippany", "state": "NJ", "area-code": "973"}, {"id": "deca54a6651fb9add5b4a9816cc5e7ff", "number": "9733147663", "date": "2021-01-22 18:20:00", "subject": "3", "recorded-or-robo": "N", "city": "Parsippany", "state": "NJ", "area-code": "973"}, {"id": "e81c9350d54f66c6d33b3747ee30ed5a", "number": "8773210008", "date": "2021-01-22 04:06:00", "subject": "2", "recorded-or-robo": "Y", "city": "Cordova", "state": "MD", "area-code": "410"}, {"id": "e81c9350d54f66c6d33b3747ee30e71e", "number": "7602576312", "date": "2021-01-22 15:20:00", "subject": "4", "recorded-or-robo": "Y", "city": "Carlsbad", "state": "CA", "area-code": "760"}, {"id": "deca54a6651fb9add5b4a9816cc5dab9", "number": "8773210008", "date": "2021-01-22 04:06:00", "subject": "2", "recorded-or-robo": "Y", "city": "Cordova", "state": "MD", "area-code": "410"}, {"id": "deca54a6651fb9add5b4a9816cc5d134", "number": "7602576312", "date": "2021-01-22 15:20:00", "subject": "4", "recorded-or-robo": "Y", "city": "Carlsbad", "state": "CA", "area-code": "760"}, {"id": "e81c9350d54f66c6d33b3747ee30df36", "number": "7754367708", "date": "2021-01-22 00:00:00", "subject": "6", "recorded-or-robo": "Y", "city": "", "state": "NV", "area-code": "775"}, {"id": "e81c9350d54f66c6d33b3747ee30dd04", "number": "6172867818", "date": "2021-01-22 11:21:00", "subject": "3", "recorded-or-robo": "Y", "city": "", "state": "MA", "area-code": "617"}, {"id": "deca54a6651fb9add5b4a9816cc5cfd8", "number": "7754367708", "date": "2021-01-22 00:00:00", "subject": "6", "recorded-or-robo": "Y", "city": "", "state": "NV", "area-code": "775"}, {"id": "deca54a6651fb9add5b4a9816cc5c26c", "number": "6172867818", "date": "2021-01-22 11:21:00", "subject": "3", "recorded-or-robo": "Y", "city": "", "state": "MA", "area-code": "617"}, {"id": "e81c9350d54f66c6d33b3747ee30d09f", "number": "7039120453", "date": "2021-01-22 16:11:00", "subject": "0", "recorded-or-robo": "Y", "city": "Vienna", "state": "VA", "area-code": "703"}, {"id": "e81c9350d54f66c6d33b3747ee30c356", "number": "7604344406", "date": "2021-01-22 00:00:00", "subject": "3", "recorded-or-robo": "", "city": "", "state": "CA", "area-code": "760"}, {"id": "deca54a6651fb9add5b4a9816cc5c147", "number": "7039120453", "date": "2021-01-22 16:11:00", "subject": "0", "recorded-or-robo": "Y", "city": "Vienna", "state": "VA", "area-code": "703"}, {"id": "deca54a6651fb9add5b4a9816cc5b7b1", "number": "7604344406", "date": "2021-01-22 00:00:00", "subject": "3", "recorded-or-robo": "", "city": "", "state": "CA", "area-code": "760"}, {"id": "e81c9350d54f66c6d33b3747ee30c250", "number": "3157277060", "date": "2021-01-22 00:00:00", "subject": "0", "recorded-or-robo": "Y", "city": "Manlius", "state": "NY", "area-code": "315"}, {"id": "deca54a6651fb9add5b4a9816cc5b4f3", "number": "3157277060", "date": "2021-01-22 00:00:00", "subject": "0", "recorded-or-robo": "Y", "city": "Manlius", "state": "NY", "area-code": "315"}, {"id": "e81c9350d54f66c6d33b3747ee30b75d", "number": "8888379716", "date": "2021-01-21 08:28:00", "subject": "2", "recorded-or-robo": "Y", "city": "Clovis", "state": "CA", "area-code": "559"}, {"id": "deca54a6651fb9add5b4a9816cc5b3ff", "number": "8888379716", "date": "2021-01-21 08:28:00", "subject": "2", "recorded-or-robo": "Y", "city": "Clovis", "state": "CA", "area-code": "559"}, {"id": "e81c9350d54f66c6d33b3747ee30adac", "number": "6159080251", "date": "2021-01-22 15:01:00", "subject": "4", "recorded-or-robo": "Y", "city": "", "state": "TN", "area-code": "615"}]}