{"data": [{"id": "3decc6bfadaa436a105714c6ba492a99", "number": "5099937474", "date": "2021-01-23 15:03:00", "subject": "2", "recorded-or-robo": "Y", "city": "", "state": "WA", "area-code": "509"}, {"id": "1d36742e3f24f50e4e7ae82801df3f54", "number": "5099937474", "date": "2021-01-23 15:03:00", "subject": "2", "recorded-or-robo": "Y", "city": "", "state": "WA", "area-code": "509"}, {"id": "3decc6bfadaa436a105714c6ba492177", "number": "2547156905", "date": "2021-01-23 17:00:00", "subject": "1", "recorded-or-robo": "Y", "city": "Dallas", "state": "TX", "area-code": "214"}, {"id": "1d36742e3f24f50e4e7ae82801df300d", "number": "2547156905", "date": "2021-01-23 17:00:00", "subject": "1", "recorded-or-robo": "Y", "city": "Dallas", "state": "TX", "area-code": "214"}, {"id": "3decc6bfadaa436a105714c6ba4918dd", "number": "2163655066", "date": "2021-01-23 12:35:00", "subject": "0", "recorded-or-robo": "Y", "city": "Reading", "state": "OH", "area-code": "513"}, {"id": "1d36742e3f24f50e4e7ae82801df24d6", "number": "2163655066", "date": "2021-01-23 12:35:00", "subject": "0", "recorded-or-robo": "Y", "city": "Reading", "state": "OH", "area-code": "513"}, {"id": "3decc6bfadaa436a105714c6ba4918b3", "number": "5858830128", "date": "2021-01-23 15:02:00", "subject": "2", "recorded-or-robo": "Y", "city": "", "state": "CA", "area-code": "925"}, {"id": "1d36742e3f24f50e4e7ae82801df1989", "number": "5858830128", "date": "2021-01-23 15:02:00", "subject": "2", "recorded-or-robo": "Y", "city": "", "state": "CA", "area-code": "925"}, {"id": "3decc6bfadaa436a105714c6ba4916ba", "number": "3152328257", "date": "2021-01-23 15:09:00", "subject": "1", "recorded-or-robo": "Y", "city": "", "state": "WA", "area-code": "509"}, {"id": "1d36742e3f24f50e4e7ae82801df0a29", "number": "3152328257", "date": "2021-01-23 15:09:00", "subject": "1", "recorded-or-robo": "Y", "city": "", "state": "WA", "area-code": "509"}, {"id": "3decc6bfadaa436a105714c6ba4911cb", "number": "7326956820", "date": "2021-01-23 18:18:00", "subject": "0", "recorded-or-robo": "Y", "city": "", "state": "NJ", "area-code": "732"}, {"id": "1d36742e3f24f50e4e7ae82801defb45", "number": "7326956820", "date": "2021-01-23 18:18:00", "subject": "0", "recorded-or-robo": "Y", "city": "", "state": "NJ", "area-code": "732"}, {"id": "3decc6bfadaa436a105714c6ba490915", "number": "5706047371", "date": "2021-01-23 10:19:00", "subject": "2", "recorded-or-robo": "Y", "city": "Scranton", "state": "PA", "area-code": "570"}, {"id": "1d36742e3f24f50e4e7ae82801def49b", "number": "5706047371", "date": "2021-01-23 10:19:00", "subject": "2", "recorded-or-robo": "Y", "city": "Scranton", "state": "PA", "area-code": "570"}, {"id": "3decc6bfadaa436a105714c6ba49014e", "number": "509988743", "date": "2021-01-23 14:35:00", "subject": "1", "recorded-or-robo": "Y", "city": "Spokane Valley", "state": "WA", "area-code": "509"}, {"id": "1d36742e3f24f50e4e7ae82801deeee5", "number": "509988743", "date": "2021-01-23 14:35:00", "subject": "1", "recorded-or-robo": "Y", "city": "Spokane Valley", "state": "WA", "area-code": "509"}, {"id": "3decc6bfadaa436a105714c6ba7cd903", "number": "5412371814", "date": "2021-01-23 18:19:12", "subject": "3", "recorded-or-robo": "Y", "city": "", "state": "OR", "area-code": "541"}, {"id": "03e293b3df9e35eadf15c561191369d3", "number": "5412371814", "date": "2021-01-23 18:19:12", "subject": "3", "recorded-or-robo": "Y", "city": "", "state": "OR", "area-code": "541"}, {"id": "3decc6bfadaa436a105714c6ba7cce3d", "number": "5412371814", "date": "2021-01-23 18:19:11", "subject": "3", "recorded-or-robo": "Y", "city": "", "state": "OR", "area-code": "541"}, {"id": "03e293b3df9e35eadf15c5611913536c", "number": "5412371814", "date": "2021-01-23 18:19:11", "subject": "3", "recorded-or-robo": "Y", "city": "", "state": "OR", "area-code": "541"}, {"id": "3decc6bfadaa436a105714c6ba48fa1d", "number": "5076651735", "date": "2021-01-23 18:00:00", "subject": "11", "recorded-or-robo": "Y", "city": "", "state": "IN", "area-code": "812"}, {"id": "1d36742e3f24f50e4e7ae82801deeecc", "number": "5076651735", "date": "2021-01-23 18:00:00", "subject": "11", "recorded-or-robo": "Y", "city": "", "state": "IN", "area-code": "812"}, {"id": "3decc6bfadaa436a105714c6ba48f14e", "number": "3152328257", "date": "2021-01-23 15:27:00", "subject": "1", "recorded-or-robo": "Y", "city": "Beaumont", "state": "TX", "area-code": "409"}, {"id": "1d36742e3f24f50e4e7ae82801dee6ee", "number": "3152328257", "date": "2021-01-23 15:27:00", "subject": "1", "recorded-or-robo": "Y", "city": "Beaumont", "state": "TX", "area-code": "409"}, {"id": "3decc6bfadaa436a105714c6ba48e9a2", "number": "", "date": "2021-01-23 17:00:00", "subject": "1", "recorded-or-robo": "Y", "city": "Mustang", "state": "OK", "area-code": "405"}, {"id": "1d36742e3f24f50e4e7ae82801dedf02", "number": "", "date": "2021-01-23 17:00:00", "subject": "1", "recorded-or-robo": "Y", "city": "Mustang", "state": "OK", "area-code": "405"}, {"id": "3decc6bfadaa436a105714c6ba48da31", "number": "9145553452", "date": "2021-01-23 13:50:00", "subject": "0", "recorded-or-robo": "N", "city": "Loveland", "state": "CO", "area-code": "970"}, {"id": "1d36742e3f24f50e4e7ae82801dedba7", "number": "9145553452", "date": "2021-01-23 13:50:00", "subject": "0", "recorded-or-robo": "N", "city": "Loveland", "state": "CO", "area-code": "970"}, {"id": "3decc6bfadaa436a105714c6ba7cdf44", "number": "5412371814", "date": "2021-01-23 18:18:16", "subject": "3", "recorded-or-robo": "Y", "city": "", "state": "OR", "area-code": "541"}, {"id": "03e293b3df9e35eadf15c5611913776f", "number": "5412371814", "date": "2021-01-23 18:18:16", "subject": "3", "recorded-or-robo": "Y", "city": "", "state": "OR", "area-code": "541"}, {"id": "3decc6bfadaa436a105714c6ba48cfe8", "number": "", "date": "2021-01-16 10:00:00", "subject": "11", "recorded-or-robo": "Y", "city": "Columbus", "state": "OH", "area-code": "614"}, {"id": "1d36742e3f24f50e4e7ae82801decf78", "number": "", "date": "2021-01-16 10:00:00", "subject": "11", "recorded-or-robo": "Y", "city": "Columbus", "state": "OH", "area-code": "614"}, {"id": "3decc6bfadaa436a105714c6ba48c810", "number": "6145778979", "date": "2021-01-23 12:19:00", "subject": "0", "recorded-or-robo": "Y", "city": "Columbus", "state": "OH", "area-code": "614"}, {"id": "1d36742e3f24f50e4e7ae82801dec8ab", "number": "6145778979", "date": "2021-01-23 12:19:00", "subject": "0", "recorded-or-robo": "Y", "city": "Columbus", "state": "OH", "area-code": "614"}, {"id": "3decc6bfadaa436a105714c6ba48c57a", "number": "5099284609", "date": "2021-01-23 12:00:00", "subject": "1", "recorded-or-robo": "N", "city": "Greenacres", "state": "WA", "area-code": "509"}, {"id": "1d36742e3f24f50e4e7ae82801dec4ee", "number": "5099284609", "date": "2021-01-23 12:00:00", "subject": "1", "recorded-or-robo": "N", "city": "Greenacres", "state": "WA", "area-code": "509"}, {"id": "3decc6bfadaa436a105714c6ba7c8c59", "number": "+17087891151", "date": "2021-01-23 18:17:50", "subject": "3", "recorded-or-robo": "Y", "city": "", "state": "IL", "area-code": "708"}, {"id": "03e293b3df9e35eadf15c56119131cfc", "number": "+17087891151", "date": "2021-01-23 18:17:50", "subject": "3", "recorded-or-robo": "Y", "city": "", "state": "IL", "area-code": "708"}, {"id": "3decc6bfadaa436a105714c6ba48b75c", "number": "2029982870", "date": "2021-01-23 16:51:00", "subject": "3", "recorded-or-robo": "Y", "city": "STILLWATER", "state": "OK", "area-code": "405"}, {"id": "1d36742e3f24f50e4e7ae82801dec029", "number": "2029982870", "date": "2021-01-23 16:51:00", "subject": "3", "recorded-or-robo": "Y", "city": "STILLWATER", "state": "OK", "area-code": "405"}, {"id": "3decc6bfadaa436a105714c6ba48b1a9", "number": "6506209088", "date": "2021-01-22 11:17:00", "subject": "1", "recorded-or-robo": "Y", "city": "San Carlos", "state": "CA", "area-code": "650"}, {"id": "1d36742e3f24f50e4e7ae82801deb9b2", "number": "6506209088", "date": "2021-01-22 11:17:00", "subject": "1", "recorded-or-robo": "Y", "city": "San Carlos", "state": "CA", "area-code": "650"}, {"id": "3decc6bfadaa436a105714c6ba48a68d", "number": "3214458872", "date": "2021-01-23 17:30:00", "subject": "1", "recorded-or-robo": "Y", "city": "Silver Spring", "state": "MD", "area-code": "301"}, {"id": "3decc6bfadaa436a105714c6ba48a640", "number": "8136925257", "date": "2021-01-23 14:26:00", "subject": "0", "recorded-or-robo": "Y", "city": "Columbus", "state": "OH", "area-code": "614"}, {"id": "1d36742e3f24f50e4e7ae82801deaa83", "number": "3214458872", "date": "2021-01-23 17:30:00", "subject": "1", "recorded-or-robo": "Y", "city": "Silver Spring", "state": "MD", "area-code": "301"}, {"id": "1d36742e3f24f50e4e7ae82801dea4e6", "number": "8136925257", "date": "2021-01-23 14:26:00", "subject": "0", "recorded-or-robo": "Y", "city": "Columbus", "state": "OH", "area-code": "614"}, {"id": "3decc6bfadaa436a105714c6ba489797", "number": "6203926874", "date": "2021-01-23 14:43:00", "subject": "3", "recorded-or-robo": "Y", "city": "", "state": "CA", "area-code": "714"}, {"id": "3decc6bfadaa436a105714c6ba488e24", "number": "5099283307", "date": "2021-01-23 14:03:00", "subject": "1", "recorded-or-robo": "Y", "city": "Spokane Valley", "state": "WA", "area-code": "509"}, {"id": "1d36742e3f24f50e4e7ae82801de952a", "number": "6203926874", "date": "2021-01-23 14:43:00", "subject": "3", "recorded-or-robo": "Y", "city": "", "state": "CA", "area-code": "714"}, {"id": "1d36742e3f24f50e4e7ae82801de9340", "number": "5099283307", "date": "2021-01-23 14:03:00", "subject": "1", "recorded-or-robo": "Y", "city": "Spokane Valley", "state": "WA", "area-code": "509"}]}