{"data": [{"id": "e81c9350d54f66c6d33b3747ee26c5db", "number": "7076782816", "date": "2021-01-22 17:05:00", "subject": "5", "recorded-or-robo": "Y", "city": "", "state": "OK", "area-code": "918"}, {"id": "deca54a6651fb9add5b4a9816ceb6c5c", "number": "+18559784336", "date": "2021-01-22 18:07:05", "subject": "3", "recorded-or-robo": "Y", "city": "", "state": "CA", "area-code": "818"}, {"id": "deca54a6651fb9add5b4a9816cbc04e5", "number": "7076782816", "date": "2021-01-22 17:05:00", "subject": "5", "recorded-or-robo": "Y", "city": "", "state": "OK", "area-code": "918"}, {"id": "e81c9350d54f66c6d33b3747ee26c18b", "number": "5203115104", "date": "2021-01-21 00:00:00", "subject": "3", "recorded-or-robo": "Y", "city": "", "state": "AZ", "area-code": "520"}, {"id": "e81c9350d54f66c6d33b3747ee26c033", "number": "9724317881", "date": "2021-01-22 17:00:00", "subject": "5", "recorded-or-robo": "Y", "city": "Plano TX", "state": "TX", "area-code": "972"}, {"id": "deca54a6651fb9add5b4a9816cbbff50", "number": "5203115104", "date": "2021-01-21 00:00:00", "subject": "3", "recorded-or-robo": "Y", "city": "", "state": "AZ", "area-code": "520"}, {"id": "deca54a6651fb9add5b4a9816cbbf067", "number": "9724317881", "date": "2021-01-22 17:00:00", "subject": "5", "recorded-or-robo": "Y", "city": "Plano TX", "state": "TX", "area-code": "972"}, {"id": "e81c9350d54f66c6d33b3747ee26b9d1", "number": "9123547676", "date": "2020-12-09 14:19:00", "subject": "2", "recorded-or-robo": "Y", "city": "Colorado Springs", "state": "CO", "area-code": "912"}, {"id": "deca54a6651fb9add5b4a9816cbbebc2", "number": "9123547676", "date": "2020-12-09 14:19:00", "subject": "2", "recorded-or-robo": "Y", "city": "Colorado Springs", "state": "CO", "area-code": "912"}, {"id": "e81c9350d54f66c6d33b3747ee26b28e", "number": "8173493194", "date": "2021-01-22 16:49:00", "subject": "3", "recorded-or-robo": "Y", "city": "", "state": "TX", "area-code": "817"}, {"id": "deca54a6651fb9add5b4a9816cbbe30e", "number": "8173493194", "date": "2021-01-22 16:49:00", "subject": "3", "recorded-or-robo": "Y", "city": "", "state": "TX", "area-code": "817"}, {"id": "e81c9350d54f66c6d33b3747ee26a692", "number": "959222358", "date": "2021-01-21 14:00:00", "subject": "2", "recorded-or-robo": "N", "city": "Huntington Beach", "state": "CA", "area-code": "818"}, {"id": "deca54a6651fb9add5b4a9816cbbe17f", "number": "959222358", "date": "2021-01-21 14:00:00", "subject": "2", "recorded-or-robo": "N", "city": "Huntington Beach", "state": "CA", "area-code": "818"}, {"id": "e81c9350d54f66c6d33b3747ee26a310", "number": "2813707808", "date": "2021-01-21 12:45:00", "subject": "0", "recorded-or-robo": "Y", "city": "Spring", "state": "TX", "area-code": "281"}, {"id": "deca54a6651fb9add5b4a9816cbbde5a", "number": "2813707808", "date": "2021-01-21 12:45:00", "subject": "0", "recorded-or-robo": "Y", "city": "Spring", "state": "TX", "area-code": "281"}, {"id": "e81c9350d54f66c6d33b3747ee269a08", "number": "2093212317", "date": "2021-01-22 14:33:00", "subject": "1", "recorded-or-robo": "Y", "city": "Stockton", "state": "CA", "area-code": "209"}, {"id": "deca54a6651fb9add5b4a9816cbbd763", "number": "2093212317", "date": "2021-01-22 14:33:00", "subject": "1", "recorded-or-robo": "Y", "city": "Stockton", "state": "CA", "area-code": "209"}, {"id": "e81c9350d54f66c6d33b3747ee269884", "number": "4439185051", "date": "2021-01-21 00:00:00", "subject": "3", "recorded-or-robo": "Y", "city": "", "state": "AZ", "area-code": "520"}, {"id": "deca54a6651fb9add5b4a9816cbbd256", "number": "4439185051", "date": "2021-01-21 00:00:00", "subject": "3", "recorded-or-robo": "Y", "city": "", "state": "AZ", "area-code": "520"}, {"id": "e81c9350d54f66c6d33b3747ee5d3b0f", "number": "8008952188", "date": "2021-01-22 12:52:00", "subject": "3", "recorded-or-robo": "N", "city": "", "state": "AZ", "area-code": "623"}, {"id": "deca54a6651fb9add5b4a9816cf1fb64", "number": "8008952188", "date": "2021-01-22 12:52:00", "subject": "3", "recorded-or-robo": "N", "city": "", "state": "AZ", "area-code": "623"}, {"id": "e81c9350d54f66c6d33b3747ee25f30b", "number": "7043275343", "date": "2021-01-22 17:23:00", "subject": "3", "recorded-or-robo": "N", "city": "", "state": "NC", "area-code": "704"}, {"id": "deca54a6651fb9add5b4a9816cbb2c2c", "number": "7043275343", "date": "2021-01-22 17:23:00", "subject": "3", "recorded-or-robo": "N", "city": "", "state": "NC", "area-code": "704"}, {"id": "e81c9350d54f66c6d33b3747ee268f23", "number": "8136925257", "date": "2021-01-22 15:49:00", "subject": "0", "recorded-or-robo": "Y", "city": "Columbus", "state": "OH", "area-code": "614"}, {"id": "deca54a6651fb9add5b4a9816cbbca2c", "number": "8136925257", "date": "2021-01-22 15:49:00", "subject": "0", "recorded-or-robo": "Y", "city": "Columbus", "state": "OH", "area-code": "614"}, {"id": "e81c9350d54f66c6d33b3747ee268247", "number": "639221481", "date": "2021-01-22 17:01:00", "subject": "1", "recorded-or-robo": "Y", "city": "St Charles", "state": "MO", "area-code": "636"}, {"id": "deca54a6651fb9add5b4a9816cbbbf16", "number": "639221481", "date": "2021-01-22 17:01:00", "subject": "1", "recorded-or-robo": "Y", "city": "St Charles", "state": "MO", "area-code": "636"}, {"id": "e81c9350d54f66c6d33b3747ee267cb9", "number": "6173316543", "date": "2021-01-22 17:42:00", "subject": "2", "recorded-or-robo": "Y", "city": "", "state": "MA", "area-code": "617"}, {"id": "deca54a6651fb9add5b4a9816cbbbb13", "number": "6173316543", "date": "2021-01-22 17:42:00", "subject": "2", "recorded-or-robo": "Y", "city": "", "state": "MA", "area-code": "617"}, {"id": "e81c9350d54f66c6d33b3747ee261042", "number": "2099467552", "date": "2021-01-16 14:55:00", "subject": "3", "recorded-or-robo": "N", "city": "", "state": "CA", "area-code": "209"}, {"id": "deca54a6651fb9add5b4a9816cbb39c9", "number": "2099467552", "date": "2021-01-16 14:55:00", "subject": "3", "recorded-or-robo": "N", "city": "", "state": "CA", "area-code": "209"}, {"id": "e81c9350d54f66c6d33b3747ee266cec", "number": "8002662278", "date": "2021-01-22 18:02:00", "subject": "0", "recorded-or-robo": "N", "city": "", "state": "MI", "area-code": "734"}, {"id": "deca54a6651fb9add5b4a9816cbbaffe", "number": "8002662278", "date": "2021-01-22 18:02:00", "subject": "0", "recorded-or-robo": "N", "city": "", "state": "MI", "area-code": "734"}, {"id": "e81c9350d54f66c6d33b3747ee26624c", "number": "5022640102", "date": "2021-01-22 15:04:00", "subject": "2", "recorded-or-robo": "Y", "city": "HUNTINGTON BEACH", "state": "CA", "area-code": "714"}, {"id": "deca54a6651fb9add5b4a9816cbba08f", "number": "5022640102", "date": "2021-01-22 15:04:00", "subject": "2", "recorded-or-robo": "Y", "city": "HUNTINGTON BEACH", "state": "CA", "area-code": "714"}, {"id": "e81c9350d54f66c6d33b3747ee26607c", "number": "9127129134", "date": "2020-12-10 10:37:00", "subject": "2", "recorded-or-robo": "Y", "city": "Colorado Springs", "state": "CO", "area-code": "912"}, {"id": "deca54a6651fb9add5b4a9816cbb9a74", "number": "9127129134", "date": "2020-12-10 10:37:00", "subject": "2", "recorded-or-robo": "Y", "city": "Colorado Springs", "state": "CO", "area-code": "912"}, {"id": "e81c9350d54f66c6d33b3747ee2658ec", "number": "3158546916", "date": "2021-01-22 17:27:00", "subject": "2", "recorded-or-robo": "Y", "city": "Ogdensburg", "state": "NY", "area-code": "315"}, {"id": "deca54a6651fb9add5b4a9816cbb8fb1", "number": "3158546916", "date": "2021-01-22 17:27:00", "subject": "2", "recorded-or-robo": "Y", "city": "Ogdensburg", "state": "NY", "area-code": "315"}, {"id": "e81c9350d54f66c6d33b3747ee56f6ec", "number": "3616645591", "date": "2021-01-22 18:06:09", "subject": "3", "recorded-or-robo": "Y", "city": "", "state": "TX", "area-code": "210"}, {"id": "deca54a6651fb9add5b4a9816ceb6f2a", "number": "3616645591", "date": "2021-01-22 18:06:09", "subject": "3", "recorded-or-robo": "Y", "city": "", "state": "TX", "area-code": "210"}, {"id": "e81c9350d54f66c6d33b3747ee26517c", "number": "7207978149", "date": "2021-01-22 12:00:00", "subject": "2", "recorded-or-robo": "Y", "city": "Mount Pleasant", "state": "SC", "area-code": "843"}, {"id": "deca54a6651fb9add5b4a9816cbb80f8", "number": "7207978149", "date": "2021-01-22 12:00:00", "subject": "2", "recorded-or-robo": "Y", "city": "Mount Pleasant", "state": "SC", "area-code": "843"}, {"id": "e81c9350d54f66c6d33b3747ee264d8d", "number": "2814043673", "date": "2021-01-21 13:51:00", "subject": "0", "recorded-or-robo": "Y", "city": "Spring", "state": "TX", "area-code": "281"}, {"id": "deca54a6651fb9add5b4a9816cbb7fa7", "number": "2814043673", "date": "2021-01-21 13:51:00", "subject": "0", "recorded-or-robo": "Y", "city": "Spring", "state": "TX", "area-code": "281"}, {"id": "e81c9350d54f66c6d33b3747ee263f5f", "number": "8185614299", "date": "2021-01-21 14:17:00", "subject": "2", "recorded-or-robo": "N", "city": "Huntington Beach", "state": "CA", "area-code": "818"}, {"id": "deca54a6651fb9add5b4a9816cbb719c", "number": "8185614299", "date": "2021-01-21 14:17:00", "subject": "2", "recorded-or-robo": "N", "city": "Huntington Beach", "state": "CA", "area-code": "818"}, {"id": "e81c9350d54f66c6d33b3747ee578447", "number": "3165357304", "date": "2021-01-22 18:06:01", "subject": "3", "recorded-or-robo": "N", "city": "", "state": "KS", "area-code": "316"}, {"id": "e81c9350d54f66c6d33b3747ee2638ee", "number": "6315381590", "date": "2021-01-22 18:02:00", "subject": "6", "recorded-or-robo": "Y", "city": "Sound Beach", "state": "NY", "area-code": "631"}, {"id": "deca54a6651fb9add5b4a9816cebf221", "number": "3165357304", "date": "2021-01-22 18:06:01", "subject": "3", "recorded-or-robo": "N", "city": "", "state": "KS", "area-code": "316"}]}