{"data": [{"id": "1d36742e3f24f50e4e7ae828013f4b4e", "number": "+19563787977", "date": "2021-01-22 20:12:22", "subject": "3", "recorded-or-robo": "Y", "city": "", "state": "TX", "area-code": "956"}, {"id": "e81c9350d54f66c6d33b3747ee7dd012", "number": "8138367488", "date": "2021-01-22 18:14:00", "subject": "0", "recorded-or-robo": "Y", "city": "Columbus", "state": "OH", "area-code": "614"}, {"id": "e81c9350d54f66c6d33b3747ee7dc083", "number": "7018291273", "date": "2021-01-20 18:39:00", "subject": "2", "recorded-or-robo": "", "city": "South Orange", "state": "NJ", "area-code": "973"}, {"id": "1d36742e3f24f50e4e7ae8280112a5eb", "number": "8138367488", "date": "2021-01-22 18:14:00", "subject": "0", "recorded-or-robo": "Y", "city": "Columbus", "state": "OH", "area-code": "614"}, {"id": "1d36742e3f24f50e4e7ae828011297de", "number": "7018291273", "date": "2021-01-20 18:39:00", "subject": "2", "recorded-or-robo": "", "city": "South Orange", "state": "NJ", "area-code": "973"}, {"id": "e81c9350d54f66c6d33b3747ee7dba8e", "number": "8575984882", "date": "2021-01-21 21:02:00", "subject": "1", "recorded-or-robo": "Y", "city": "San Jose", "state": "CA", "area-code": "408"}, {"id": "1d36742e3f24f50e4e7ae828011293ff", "number": "8575984882", "date": "2021-01-21 21:02:00", "subject": "1", "recorded-or-robo": "Y", "city": "San Jose", "state": "CA", "area-code": "408"}, {"id": "e81c9350d54f66c6d33b3747ee7dab0a", "number": "4244176055", "date": "2021-01-22 00:00:00", "subject": "3", "recorded-or-robo": "", "city": "", "state": "CA", "area-code": "310"}, {"id": "1d36742e3f24f50e4e7ae8280112895a", "number": "4244176055", "date": "2021-01-22 00:00:00", "subject": "3", "recorded-or-robo": "", "city": "", "state": "CA", "area-code": "310"}, {"id": "e81c9350d54f66c6d33b3747eea9d54e", "number": "9036664624", "date": "2021-01-22 20:11:53", "subject": "3", "recorded-or-robo": "Y", "city": "", "state": "TX", "area-code": "915"}, {"id": "1d36742e3f24f50e4e7ae828013eb858", "number": "9036664624", "date": "2021-01-22 20:11:53", "subject": "3", "recorded-or-robo": "Y", "city": "", "state": "TX", "area-code": "915"}, {"id": "e81c9350d54f66c6d33b3747ee7da6c4", "number": "3044511408", "date": "2021-01-22 18:08:00", "subject": "2", "recorded-or-robo": "Y", "city": "Clarksburg", "state": "WV", "area-code": "304"}, {"id": "1d36742e3f24f50e4e7ae82801127b4b", "number": "3044511408", "date": "2021-01-22 18:08:00", "subject": "2", "recorded-or-robo": "Y", "city": "Clarksburg", "state": "WV", "area-code": "304"}, {"id": "e81c9350d54f66c6d33b3747ee7da4b6", "number": "5592823717", "date": "2021-01-22 12:01:00", "subject": "1", "recorded-or-robo": "Y", "city": "Georgetown", "state": "TX", "area-code": "512"}, {"id": "1d36742e3f24f50e4e7ae82801126bc3", "number": "5592823717", "date": "2021-01-22 12:01:00", "subject": "1", "recorded-or-robo": "Y", "city": "Georgetown", "state": "TX", "area-code": "512"}, {"id": "e81c9350d54f66c6d33b3747ee7d99c8", "number": "9179976447", "date": "2021-01-21 15:27:00", "subject": "1", "recorded-or-robo": "N", "city": "", "state": "NJ", "area-code": "973"}, {"id": "1d36742e3f24f50e4e7ae82801126bac", "number": "9179976447", "date": "2021-01-21 15:27:00", "subject": "1", "recorded-or-robo": "N", "city": "", "state": "NJ", "area-code": "973"}, {"id": "e81c9350d54f66c6d33b3747ee7d8cb6", "number": "6367242396", "date": "2021-01-22 18:52:00", "subject": "11", "recorded-or-robo": "Y", "city": "SAINT CHARLES", "state": "MO", "area-code": "636"}, {"id": "1d36742e3f24f50e4e7ae8280112674b", "number": "6367242396", "date": "2021-01-22 18:52:00", "subject": "11", "recorded-or-robo": "Y", "city": "SAINT CHARLES", "state": "MO", "area-code": "636"}, {"id": "e81c9350d54f66c6d33b3747ee7d86c8", "number": "2029181056", "date": "2021-01-22 19:23:00", "subject": "0", "recorded-or-robo": "Y", "city": "Columbus", "state": "OH", "area-code": "614"}, {"id": "1d36742e3f24f50e4e7ae828011260b3", "number": "2029181056", "date": "2021-01-22 19:23:00", "subject": "0", "recorded-or-robo": "Y", "city": "Columbus", "state": "OH", "area-code": "614"}, {"id": "e81c9350d54f66c6d33b3747ee7d82a7", "number": "3212196369", "date": "2021-01-22 11:44:00", "subject": "3", "recorded-or-robo": "N", "city": "", "state": "TX", "area-code": "210"}, {"id": "1d36742e3f24f50e4e7ae82801125846", "number": "3212196369", "date": "2021-01-22 11:44:00", "subject": "3", "recorded-or-robo": "N", "city": "", "state": "TX", "area-code": "210"}, {"id": "e81c9350d54f66c6d33b3747ee7d794e", "number": "", "date": "2021-01-20 00:00:00", "subject": "2", "recorded-or-robo": "Y", "city": "", "state": "NJ", "area-code": "973"}, {"id": "1d36742e3f24f50e4e7ae82801125721", "number": "", "date": "2021-01-20 00:00:00", "subject": "2", "recorded-or-robo": "Y", "city": "", "state": "NJ", "area-code": "973"}, {"id": "e81c9350d54f66c6d33b3747ee7d1a3b", "number": "8053798573", "date": "2021-01-22 15:49:00", "subject": "3", "recorded-or-robo": "", "city": "", "state": "CA", "area-code": "805"}, {"id": "1d36742e3f24f50e4e7ae828011210e0", "number": "8053798573", "date": "2021-01-22 15:49:00", "subject": "3", "recorded-or-robo": "", "city": "", "state": "CA", "area-code": "805"}, {"id": "e81c9350d54f66c6d33b3747ee7d7870", "number": "8184659109", "date": "2021-01-22 09:42:00", "subject": "0", "recorded-or-robo": "Y", "city": "North Hollywood", "state": "CA", "area-code": "818"}, {"id": "1d36742e3f24f50e4e7ae82801124ee7", "number": "8184659109", "date": "2021-01-22 09:42:00", "subject": "0", "recorded-or-robo": "Y", "city": "North Hollywood", "state": "CA", "area-code": "818"}, {"id": "e81c9350d54f66c6d33b3747ee7d6cc1", "number": "9732408204", "date": "2021-01-21 12:20:00", "subject": "2", "recorded-or-robo": "", "city": "South Orange", "state": "NJ", "area-code": "973"}, {"id": "1d36742e3f24f50e4e7ae82801124738", "number": "9732408204", "date": "2021-01-21 12:20:00", "subject": "2", "recorded-or-robo": "", "city": "South Orange", "state": "NJ", "area-code": "973"}, {"id": "e81c9350d54f66c6d33b3747eea98575", "number": "8002253737", "date": "2021-01-22 20:11:05", "subject": "3", "recorded-or-robo": "N", "city": "", "state": "TX", "area-code": "832"}, {"id": "1d36742e3f24f50e4e7ae828013e77b7", "number": "8002253737", "date": "2021-01-22 20:11:05", "subject": "3", "recorded-or-robo": "N", "city": "", "state": "TX", "area-code": "832"}, {"id": "e81c9350d54f66c6d33b3747ee7d6257", "number": "2172255627", "date": "2021-01-19 08:40:00", "subject": "0", "recorded-or-robo": "Y", "city": "", "state": "IL", "area-code": "815"}, {"id": "1d36742e3f24f50e4e7ae828011243da", "number": "2172255627", "date": "2021-01-19 08:40:00", "subject": "0", "recorded-or-robo": "Y", "city": "", "state": "IL", "area-code": "815"}, {"id": "e81c9350d54f66c6d33b3747ee7d557b", "number": "3212196369", "date": "2021-01-22 11:41:00", "subject": "3", "recorded-or-robo": "N", "city": "", "state": "TX", "area-code": "210"}, {"id": "1d36742e3f24f50e4e7ae82801123cbd", "number": "3212196369", "date": "2021-01-22 11:41:00", "subject": "3", "recorded-or-robo": "N", "city": "", "state": "TX", "area-code": "210"}, {"id": "e81c9350d54f66c6d33b3747ee7d5272", "number": "9038932624", "date": "2021-01-22 19:01:00", "subject": "1", "recorded-or-robo": "Y", "city": "San Antonio", "state": "TX", "area-code": "210"}, {"id": "1d36742e3f24f50e4e7ae82801123b0f", "number": "9038932624", "date": "2021-01-22 19:01:00", "subject": "1", "recorded-or-robo": "Y", "city": "San Antonio", "state": "TX", "area-code": "210"}, {"id": "e81c9350d54f66c6d33b3747ee7d4ebe", "number": "8139634799", "date": "2021-01-22 18:48:00", "subject": "0", "recorded-or-robo": "Y", "city": "Land O Lakes", "state": "FL", "area-code": "813"}, {"id": "1d36742e3f24f50e4e7ae8280112347e", "number": "8139634799", "date": "2021-01-22 18:48:00", "subject": "0", "recorded-or-robo": "Y", "city": "Land O Lakes", "state": "FL", "area-code": "813"}, {"id": "e81c9350d54f66c6d33b3747ee7d4ab2", "number": "9739639663", "date": "2021-01-21 15:53:00", "subject": "1", "recorded-or-robo": "N", "city": "", "state": "NJ", "area-code": "973"}, {"id": "1d36742e3f24f50e4e7ae82801122ff1", "number": "9739639663", "date": "2021-01-21 15:53:00", "subject": "1", "recorded-or-robo": "N", "city": "", "state": "NJ", "area-code": "973"}, {"id": "e81c9350d54f66c6d33b3747ee7d3f20", "number": "8002491948", "date": "2021-01-21 12:25:00", "subject": "2", "recorded-or-robo": "", "city": "South Orange", "state": "NJ", "area-code": "973"}, {"id": "e81c9350d54f66c6d33b3747ee7d3369", "number": "5033557687", "date": "2021-01-21 09:23:00", "subject": "1", "recorded-or-robo": "Y", "city": "", "state": "OR", "area-code": "503"}, {"id": "1d36742e3f24f50e4e7ae82801122d8e", "number": "8002491948", "date": "2021-01-21 12:25:00", "subject": "2", "recorded-or-robo": "", "city": "South Orange", "state": "NJ", "area-code": "973"}, {"id": "1d36742e3f24f50e4e7ae82801122c98", "number": "5033557687", "date": "2021-01-21 09:23:00", "subject": "1", "recorded-or-robo": "Y", "city": "", "state": "OR", "area-code": "503"}, {"id": "e81c9350d54f66c6d33b3747ee7d270e", "number": "7194963105", "date": "2021-01-22 09:50:00", "subject": "4", "recorded-or-robo": "Y", "city": "Downers Grove", "state": "IL", "area-code": "630"}, {"id": "1d36742e3f24f50e4e7ae82801122a12", "number": "7194963105", "date": "2021-01-22 09:50:00", "subject": "4", "recorded-or-robo": "Y", "city": "Downers Grove", "state": "IL", "area-code": "630"}, {"id": "e81c9350d54f66c6d33b3747ee7d25c6", "number": "8663333474", "date": "2021-01-22 18:56:00", "subject": "2", "recorded-or-robo": "N", "city": "Essexville", "state": "MI", "area-code": "989"}]}