{"data": [{"id": "3decc6bfadaa436a105714c6ba49d223", "number": "3145045339", "date": "2021-01-23 17:21:00", "subject": "1", "recorded-or-robo": "Y", "city": "Florissant", "state": "MO", "area-code": "314"}, {"id": "1d36742e3f24f50e4e7ae82801dfecb9", "number": "3145045339", "date": "2021-01-23 17:21:00", "subject": "1", "recorded-or-robo": "Y", "city": "Florissant", "state": "MO", "area-code": "314"}, {"id": "3decc6bfadaa436a105714c6ba49cb38", "number": "3144139174", "date": "2021-01-22 12:53:00", "subject": "2", "recorded-or-robo": "Y", "city": "Brentwood", "state": "MO", "area-code": "314"}, {"id": "1d36742e3f24f50e4e7ae82801dfe3c6", "number": "3144139174", "date": "2021-01-22 12:53:00", "subject": "2", "recorded-or-robo": "Y", "city": "Brentwood", "state": "MO", "area-code": "314"}, {"id": "3decc6bfadaa436a105714c6ba49bbb9", "number": "", "date": "2021-01-23 12:00:00", "subject": "2", "recorded-or-robo": "Y", "city": "Spokane Valley", "state": "WA", "area-code": "509"}, {"id": "1d36742e3f24f50e4e7ae82801dfd684", "number": "", "date": "2021-01-23 12:00:00", "subject": "2", "recorded-or-robo": "Y", "city": "Spokane Valley", "state": "WA", "area-code": "509"}, {"id": "3decc6bfadaa436a105714c6ba49b8b3", "number": "5098884497", "date": "2021-01-23 13:03:00", "subject": "1", "recorded-or-robo": "Y", "city": "", "state": "WA", "area-code": "509"}, {"id": "1d36742e3f24f50e4e7ae82801dfd595", "number": "5098884497", "date": "2021-01-23 13:03:00", "subject": "1", "recorded-or-robo": "Y", "city": "", "state": "WA", "area-code": "509"}, {"id": "3decc6bfadaa436a105714c6ba49abb4", "number": "5304746025", "date": "2021-01-19 14:29:00", "subject": "0", "recorded-or-robo": "N", "city": "", "state": "CA", "area-code": "530"}, {"id": "1d36742e3f24f50e4e7ae82801dfc6a7", "number": "5304746025", "date": "2021-01-19 14:29:00", "subject": "0", "recorded-or-robo": "N", "city": "", "state": "CA", "area-code": "530"}, {"id": "3decc6bfadaa436a105714c6ba49a352", "number": "3145048872", "date": "2021-01-23 16:54:00", "subject": "1", "recorded-or-robo": "Y", "city": "St. Louis", "state": "MO", "area-code": "314"}, {"id": "1d36742e3f24f50e4e7ae82801dfc3ab", "number": "3145048872", "date": "2021-01-23 16:54:00", "subject": "1", "recorded-or-robo": "Y", "city": "St. Louis", "state": "MO", "area-code": "314"}, {"id": "3decc6bfadaa436a105714c6ba49a0d8", "number": "6512981143", "date": "2021-01-23 16:23:00", "subject": "2", "recorded-or-robo": "Y", "city": "Saint Paul", "state": "MN", "area-code": "651"}, {"id": "1d36742e3f24f50e4e7ae82801dfbc6a", "number": "6512981143", "date": "2021-01-23 16:23:00", "subject": "2", "recorded-or-robo": "Y", "city": "Saint Paul", "state": "MN", "area-code": "651"}, {"id": "3decc6bfadaa436a105714c6ba49991f", "number": "5099285958", "date": "2021-01-23 15:21:00", "subject": "1", "recorded-or-robo": "Y", "city": "Spokane Valley", "state": "WA", "area-code": "509"}, {"id": "1d36742e3f24f50e4e7ae82801dfad90", "number": "5099285958", "date": "2021-01-23 15:21:00", "subject": "1", "recorded-or-robo": "Y", "city": "Spokane Valley", "state": "WA", "area-code": "509"}, {"id": "3decc6bfadaa436a105714c6ba7d0575", "number": "2408457412", "date": "2021-01-23 18:24:30", "subject": "3", "recorded-or-robo": "Y", "city": "", "state": "MD", "area-code": "240"}, {"id": "03e293b3df9e35eadf15c5611913997f", "number": "2408457412", "date": "2021-01-23 18:24:30", "subject": "3", "recorded-or-robo": "Y", "city": "", "state": "MD", "area-code": "240"}, {"id": "3decc6bfadaa436a105714c6ba49926b", "number": "6364311785", "date": "2021-01-22 19:53:00", "subject": "2", "recorded-or-robo": "N", "city": "Brentwood", "state": "MO", "area-code": "314"}, {"id": "1d36742e3f24f50e4e7ae82801df9fb2", "number": "6364311785", "date": "2021-01-22 19:53:00", "subject": "2", "recorded-or-robo": "N", "city": "Brentwood", "state": "MO", "area-code": "314"}, {"id": "3decc6bfadaa436a105714c6ba7cc991", "number": "+14123680523", "date": "2021-01-23 18:23:55", "subject": "3", "recorded-or-robo": "Y", "city": "", "state": "PA", "area-code": "412"}, {"id": "03e293b3df9e35eadf15c56119135111", "number": "+14123680523", "date": "2021-01-23 18:23:55", "subject": "3", "recorded-or-robo": "Y", "city": "", "state": "PA", "area-code": "412"}, {"id": "3decc6bfadaa436a105714c6ba7cd165", "number": "+14343003764", "date": "2021-01-23 18:23:52", "subject": "3", "recorded-or-robo": "Y", "city": "", "state": "VA", "area-code": "434"}, {"id": "03e293b3df9e35eadf15c56119135aaf", "number": "+14343003764", "date": "2021-01-23 18:23:52", "subject": "3", "recorded-or-robo": "Y", "city": "", "state": "VA", "area-code": "434"}, {"id": "3decc6bfadaa436a105714c6ba498870", "number": "", "date": "2021-01-23 16:58:00", "subject": "1", "recorded-or-robo": "Y", "city": "Silsbee", "state": "TX", "area-code": "409"}, {"id": "1d36742e3f24f50e4e7ae82801df9f5f", "number": "", "date": "2021-01-23 16:58:00", "subject": "1", "recorded-or-robo": "Y", "city": "Silsbee", "state": "TX", "area-code": "409"}, {"id": "3decc6bfadaa436a105714c6ba497927", "number": "5099284462", "date": "2021-01-23 14:53:00", "subject": "1", "recorded-or-robo": "Y", "city": "Spokane Valley", "state": "WA", "area-code": "509"}, {"id": "3decc6bfadaa436a105714c6ba497169", "number": "2043286040", "date": "2021-01-23 12:59:00", "subject": "0", "recorded-or-robo": "N", "city": "", "state": "CA", "area-code": "530"}, {"id": "1d36742e3f24f50e4e7ae82801df9340", "number": "5099284462", "date": "2021-01-23 14:53:00", "subject": "1", "recorded-or-robo": "Y", "city": "Spokane Valley", "state": "WA", "area-code": "509"}, {"id": "1d36742e3f24f50e4e7ae82801df88a8", "number": "2043286040", "date": "2021-01-23 12:59:00", "subject": "0", "recorded-or-robo": "N", "city": "", "state": "CA", "area-code": "530"}, {"id": "3decc6bfadaa436a105714c6ba496442", "number": "", "date": "2021-01-22 12:00:00", "subject": "2", "recorded-or-robo": "Y", "city": "Washington", "state": "MO", "area-code": "314"}, {"id": "1d36742e3f24f50e4e7ae82801df7afc", "number": "", "date": "2021-01-22 12:00:00", "subject": "2", "recorded-or-robo": "Y", "city": "Washington", "state": "MO", "area-code": "314"}, {"id": "3decc6bfadaa436a105714c6ba4958ec", "number": "8558855834", "date": "2021-01-23 15:03:00", "subject": "0", "recorded-or-robo": "Y", "city": "Santa Rosa", "state": "CA", "area-code": "707"}, {"id": "1d36742e3f24f50e4e7ae82801df791a", "number": "8558855834", "date": "2021-01-23 15:03:00", "subject": "0", "recorded-or-robo": "Y", "city": "Santa Rosa", "state": "CA", "area-code": "707"}, {"id": "3decc6bfadaa436a105714c6ba4954bc", "number": "5136961920", "date": "2021-01-23 18:01:00", "subject": "0", "recorded-or-robo": "N", "city": "", "state": "CT", "area-code": "203"}, {"id": "1d36742e3f24f50e4e7ae82801df6ccc", "number": "5136961920", "date": "2021-01-23 18:01:00", "subject": "0", "recorded-or-robo": "N", "city": "", "state": "CT", "area-code": "203"}, {"id": "3decc6bfadaa436a105714c6ba494f18", "number": "5136961920", "date": "2021-01-23 18:01:00", "subject": "0", "recorded-or-robo": "N", "city": "", "state": "CT", "area-code": "203"}, {"id": "1d36742e3f24f50e4e7ae82801df672c", "number": "5136961920", "date": "2021-01-23 18:01:00", "subject": "0", "recorded-or-robo": "N", "city": "", "state": "CT", "area-code": "203"}, {"id": "3decc6bfadaa436a105714c6ba7cd560", "number": "+14347354404", "date": "2021-01-23 18:22:08", "subject": "3", "recorded-or-robo": "Y", "city": "", "state": "VA", "area-code": "434"}, {"id": "03e293b3df9e35eadf15c56119135d42", "number": "+14347354404", "date": "2021-01-23 18:22:08", "subject": "3", "recorded-or-robo": "Y", "city": "", "state": "VA", "area-code": "434"}, {"id": "3decc6bfadaa436a105714c6ba494c38", "number": "5098885809", "date": "2021-01-23 12:58:00", "subject": "1", "recorded-or-robo": "Y", "city": "", "state": "WA", "area-code": "509"}, {"id": "1d36742e3f24f50e4e7ae82801df6134", "number": "5098885809", "date": "2021-01-23 12:58:00", "subject": "1", "recorded-or-robo": "Y", "city": "", "state": "WA", "area-code": "509"}, {"id": "3decc6bfadaa436a105714c6ba494bff", "number": "5058769047", "date": "2021-01-23 15:17:00", "subject": "0", "recorded-or-robo": "Y", "city": "Bend", "state": "OR", "area-code": "541"}, {"id": "1d36742e3f24f50e4e7ae82801df52fb", "number": "5058769047", "date": "2021-01-23 15:17:00", "subject": "0", "recorded-or-robo": "Y", "city": "Bend", "state": "OR", "area-code": "541"}, {"id": "3decc6bfadaa436a105714c6ba4947b9", "number": "", "date": "2021-01-23 15:08:00", "subject": "2", "recorded-or-robo": "N", "city": "", "state": "OH", "area-code": "614"}, {"id": "1d36742e3f24f50e4e7ae82801df5269", "number": "", "date": "2021-01-23 15:08:00", "subject": "2", "recorded-or-robo": "N", "city": "", "state": "OH", "area-code": "614"}, {"id": "3decc6bfadaa436a105714c6ba493b65", "number": "5716852003", "date": "2021-01-22 17:18:00", "subject": "0", "recorded-or-robo": "Y", "city": "Reading", "state": "OH", "area-code": "513"}, {"id": "3decc6bfadaa436a105714c6ba493464", "number": "8775667226", "date": "2021-01-21 13:45:00", "subject": "3", "recorded-or-robo": "Y", "city": "", "state": "NC", "area-code": "336"}, {"id": "1d36742e3f24f50e4e7ae82801df4aa5", "number": "5716852003", "date": "2021-01-22 17:18:00", "subject": "0", "recorded-or-robo": "Y", "city": "Reading", "state": "OH", "area-code": "513"}, {"id": "1d36742e3f24f50e4e7ae82801df45ea", "number": "8775667226", "date": "2021-01-21 13:45:00", "subject": "3", "recorded-or-robo": "Y", "city": "", "state": "NC", "area-code": "336"}]}