{"data": [{"id": "490dde24b259add1335244cd1b5c037f", "number": "4807160324", "date": "2021-01-26 10:21:00", "subject": "2", "recorded-or-robo": "N", "city": "Scottsdale", "state": "AZ", "area-code": "480"}, {"id": "490dde24b259add1335244cd1b5bfa91", "number": "8646036555", "date": "2021-01-26 12:25:00", "subject": "0", "recorded-or-robo": "N", "city": "Mauldin", "state": "SC", "area-code": "864"}, {"id": "490dde24b259add1335244cd1b5be39d", "number": "5038636462", "date": "2021-01-13 16:14:00", "subject": "0", "recorded-or-robo": "N", "city": "seattle", "state": "CA", "area-code": "805"}, {"id": "490dde24b259add1335244cd1b5be0d4", "number": "7074753811", "date": "2021-01-26 11:22:00", "subject": "3", "recorded-or-robo": "Y", "city": "", "state": "AR", "area-code": "501"}, {"id": "490dde24b259add1335244cd1b5bd1b0", "number": "2085037103", "date": "2021-01-26 08:43:00", "subject": "0", "recorded-or-robo": "Y", "city": "", "state": "AZ", "area-code": "480"}, {"id": "490dde24b259add1335244cd1b5bc90c", "number": "4352460012", "date": "2021-01-26 10:00:00", "subject": "2", "recorded-or-robo": "", "city": "SALT LAKE CITY", "state": "UT", "area-code": "801"}, {"id": "490dde24b259add1335244cd1b5bbee1", "number": "8603931514", "date": "2021-01-26 12:23:00", "subject": "4", "recorded-or-robo": "Y", "city": "", "state": "CT", "area-code": "860"}, {"id": "490dde24b259add1335244cd1b5bb575", "number": "0463137815", "date": "2021-01-26 12:13:00", "subject": "2", "recorded-or-robo": "Y", "city": "Bethlehem", "state": "PA", "area-code": "610"}, {"id": "490dde24b259add1335244cd1b5bb182", "number": "3102993026", "date": "2021-01-26 10:25:00", "subject": "0", "recorded-or-robo": "Y", "city": "Tucson", "state": "AZ", "area-code": "520"}, {"id": "490dde24b259add1335244cd1b5bacd0", "number": "2312455054", "date": "2021-01-25 18:28:00", "subject": "2", "recorded-or-robo": "Y", "city": "Traverse City", "state": "MI", "area-code": "231"}, {"id": "490dde24b259add1335244cd1b5ba9d0", "number": "9804848029", "date": "2021-01-26 11:20:00", "subject": "4", "recorded-or-robo": "Y", "city": "", "state": "SD", "area-code": "605"}, {"id": "490dde24b259add1335244cd1b5b94e5", "number": "8664842614", "date": "2021-01-21 16:33:00", "subject": "5", "recorded-or-robo": "", "city": "", "state": "NE", "area-code": "402"}, {"id": "490dde24b259add1335244cd1b5b8eec", "number": "5736914127", "date": "2021-01-26 11:23:00", "subject": "9", "recorded-or-robo": "Y", "city": "", "state": "MO", "area-code": "816"}, {"id": "490dde24b259add1335244cd1b5b8a12", "number": "5803244535", "date": "2021-01-25 17:45:00", "subject": "2", "recorded-or-robo": "Y", "city": "International Falls", "state": "MN", "area-code": "218"}, {"id": "490dde24b259add1335244cd1b5b848b", "number": "7602330776", "date": "2021-01-26 09:22:00", "subject": "1", "recorded-or-robo": "Y", "city": "Joshua Tree", "state": "CA", "area-code": "760"}, {"id": "490dde24b259add1335244cd1b5b7d9e", "number": "7329041384", "date": "2021-01-26 12:20:00", "subject": "1", "recorded-or-robo": "Y", "city": "Wall", "state": "NJ", "area-code": "732"}, {"id": "490dde24b259add1335244cd1b5b7895", "number": "5632176329", "date": "2021-01-26 11:23:00", "subject": "4", "recorded-or-robo": "Y", "city": "Cedar Rapids", "state": "IA", "area-code": "703"}, {"id": "490dde24b259add1335244cd1b5b7514", "number": "6282000470", "date": "2021-01-26 09:14:00", "subject": "2", "recorded-or-robo": "Y", "city": "Fairfield", "state": "CA", "area-code": "650"}, {"id": "490dde24b259add1335244cd1b5b6fb4", "number": "6122844363", "date": "2021-01-26 09:50:00", "subject": "2", "recorded-or-robo": "Y", "city": "Burnsville", "state": "MN", "area-code": "612"}, {"id": "490dde24b259add1335244cd1b5b6531", "number": "6309018764", "date": "2021-01-26 11:27:00", "subject": "5", "recorded-or-robo": "Y", "city": "", "state": "IL", "area-code": "630"}, {"id": "490dde24b259add1335244cd1b5b5e15", "number": "2349783038", "date": "2020-12-17 18:06:00", "subject": "2", "recorded-or-robo": "", "city": "Portsmouth", "state": "OH", "area-code": "740"}, {"id": "490dde24b259add1335244cd1b5b529c", "number": "4142618263", "date": "2021-01-26 11:22:00", "subject": "2", "recorded-or-robo": "N", "city": "", "state": "WI", "area-code": "414"}, {"id": "490dde24b259add1335244cd1b5b48a4", "number": "9108748212", "date": "2021-01-26 12:18:00", "subject": "4", "recorded-or-robo": "Y", "city": "Maysville", "state": "NC", "area-code": "910"}, {"id": "490dde24b259add1335244cd1b5b45bd", "number": "4053373708", "date": "2021-01-26 10:58:00", "subject": "2", "recorded-or-robo": "Y", "city": "Oklahoma City", "state": "OK", "area-code": "405"}, {"id": "490dde24b259add1335244cd1b5b3bb0", "number": "7728007549", "date": "2021-01-26 12:17:00", "subject": "12", "recorded-or-robo": "Y", "city": "Palm City", "state": "FL", "area-code": "772"}, {"id": "490dde24b259add1335244cd1b5b3604", "number": "8136837253", "date": "2021-01-19 13:43:00", "subject": "2", "recorded-or-robo": "Y", "city": "Palm Harbor", "state": "FL", "area-code": "813"}, {"id": "490dde24b259add1335244cd1b5b301f", "number": "3302805882", "date": "2021-01-26 12:25:00", "subject": "0", "recorded-or-robo": "Y", "city": "Hayes", "state": "VA", "area-code": "804"}, {"id": "490dde24b259add1335244cd1b5b274a", "number": "4705895698", "date": "2021-01-26 00:01:00", "subject": "4", "recorded-or-robo": "Y", "city": "COVINGTON", "state": "GA", "area-code": "470"}, {"id": "490dde24b259add1335244cd1b5b1cdc", "number": "7186907350", "date": "2021-01-26 12:18:00", "subject": "1", "recorded-or-robo": "Y", "city": "", "state": "NY", "area-code": "718"}, {"id": "490dde24b259add1335244cd1b5b19fc", "number": "8053421122", "date": "2021-01-14 11:00:00", "subject": "0", "recorded-or-robo": "N", "city": "seattle", "state": "CA", "area-code": "805"}, {"id": "490dde24b259add1335244cd1b5b0d5c", "number": "81434766014", "date": "2021-01-26 12:23:00", "subject": "2", "recorded-or-robo": "Y", "city": "STOYSTOWN", "state": "PA", "area-code": "800"}, {"id": "490dde24b259add1335244cd1b5af97d", "number": "8622332221", "date": "2021-01-26 12:05:00", "subject": "2", "recorded-or-robo": "Y", "city": "ft lauderdale", "state": "FL", "area-code": "954"}, {"id": "490dde24b259add1335244cd1b5a9a8c", "number": "3185021741", "date": "2021-01-26 10:47:00", "subject": "3", "recorded-or-robo": "N", "city": "", "state": "OH", "area-code": "513"}, {"id": "490dde24b259add1335244cd1b5aeb86", "number": "5805960760", "date": "2021-01-26 11:25:00", "subject": "4", "recorded-or-robo": "Y", "city": "Sussex", "state": "WI", "area-code": "201"}, {"id": "490dde24b259add1335244cd1b5adfac", "number": "8008670904", "date": "2021-01-22 09:29:00", "subject": "5", "recorded-or-robo": "", "city": "", "state": "NE", "area-code": "402"}, {"id": "490dde24b259add1335244cd1b5ad848", "number": "8777611461", "date": "2021-01-26 12:00:00", "subject": "1", "recorded-or-robo": "N", "city": "Fort Huachuca", "state": "AZ", "area-code": "432"}, {"id": "490dde24b259add1335244cd1b5ad452", "number": "2193238632", "date": "2021-01-26 12:04:00", "subject": "2", "recorded-or-robo": "Y", "city": "", "state": "IN", "area-code": "260"}, {"id": "490dde24b259add1335244cd1b5acd80", "number": "7272920275", "date": "2021-01-14 12:18:00", "subject": "0", "recorded-or-robo": "N", "city": "seattle", "state": "CA", "area-code": "805"}, {"id": "490dde24b259add1335244cd1b5ac4f1", "number": "8478662918", "date": "2021-01-26 11:15:00", "subject": "4", "recorded-or-robo": "Y", "city": "Champaign", "state": "IL", "area-code": "219"}, {"id": "490dde24b259add1335244cd1b5ac4ed", "number": "9044091117", "date": "2021-01-26 09:15:00", "subject": "2", "recorded-or-robo": "Y", "city": "Boulder City", "state": "NV", "area-code": "702"}, {"id": "490dde24b259add1335244cd1b5ab7be", "number": "4537612", "date": "2021-01-26 09:02:00", "subject": "2", "recorded-or-robo": "Y", "city": "Berthold", "state": "ND", "area-code": "701"}, {"id": "490dde24b259add1335244cd1b5aa8e6", "number": "7409646757", "date": "2020-12-18 09:52:00", "subject": "2", "recorded-or-robo": "", "city": "Portsmouth", "state": "OH", "area-code": "740"}, {"id": "490dde24b259add1335244cd1b5a9ccd", "number": "3184722427", "date": "2021-01-19 21:04:00", "subject": "2", "recorded-or-robo": "N", "city": "Bossier City", "state": "LA", "area-code": "318"}, {"id": "490dde24b259add1335244cd1b5a9952", "number": "445863408", "date": "2021-01-26 11:51:00", "subject": "4", "recorded-or-robo": "Y", "city": "", "state": "OH", "area-code": "440"}, {"id": "490dde24b259add1335244cd1b5a9358", "number": "4805053088", "date": "2021-01-26 10:20:00", "subject": "2", "recorded-or-robo": "Y", "city": "", "state": "AZ", "area-code": "480"}, {"id": "490dde24b259add1335244cd1b5a86e0", "number": "4803629216", "date": "2021-01-26 10:19:00", "subject": "2", "recorded-or-robo": "N", "city": "Scottsdale", "state": "AZ", "area-code": "480"}, {"id": "490dde24b259add1335244cd1b5a860c", "number": "7272920275", "date": "2021-01-14 12:18:00", "subject": "0", "recorded-or-robo": "N", "city": "seattle", "state": "CA", "area-code": "805"}, {"id": "490dde24b259add1335244cd1b5a816e", "number": "8137305005", "date": "2021-01-20 13:15:00", "subject": "2", "recorded-or-robo": "Y", "city": "Palm Harbor", "state": "FL", "area-code": "813"}, {"id": "490dde24b259add1335244cd1b5a7e76", "number": "3175275654", "date": "2021-01-26 10:57:00", "subject": "2", "recorded-or-robo": "Y", "city": "Traverse City", "state": "MI", "area-code": "231"}, {"id": "490dde24b259add1335244cd1b5a7c15", "number": "5304211599", "date": "2021-01-22 09:47:00", "subject": "5", "recorded-or-robo": "", "city": "", "state": "NE", "area-code": "402"}]}