{"data": [{"id": "490dde24b259add1335244cd1b032bca", "number": "5629666188", "date": "2021-01-26 10:10:00", "subject": "4", "recorded-or-robo": "Y", "city": "Windermere", "state": "FL", "area-code": "407"}, {"id": "490dde24b259add1335244cd1b03266c", "number": "6312318836", "date": "2021-01-25 11:42:00", "subject": "2", "recorded-or-robo": "N", "city": "Brentwood", "state": "NY", "area-code": "631"}, {"id": "490dde24b259add1335244cd1b031676", "number": "9543238973", "date": "2021-01-26 10:14:00", "subject": "2", "recorded-or-robo": "N", "city": "Pompano Beach", "state": "FL", "area-code": "954"}, {"id": "490dde24b259add1335244cd1b0314d3", "number": "2393998429", "date": "2021-01-26 10:19:00", "subject": "4", "recorded-or-robo": "Y", "city": "Cape Coral", "state": "FL", "area-code": "239"}, {"id": "490dde24b259add1335244cd1b03084a", "number": "6308830757", "date": "2021-01-26 09:17:00", "subject": "2", "recorded-or-robo": "N", "city": "Lubbock", "state": "TX", "area-code": "806"}, {"id": "490dde24b259add1335244cd1b030695", "number": "3307567485", "date": "2021-01-26 10:00:00", "subject": "4", "recorded-or-robo": "Y", "city": "Box Elder", "state": "SD", "area-code": "330"}, {"id": "490dde24b259add1335244cd1b03051e", "number": "7062221849", "date": "2021-01-26 09:57:00", "subject": "6", "recorded-or-robo": "Y", "city": "Columbus", "state": "GA", "area-code": "706"}, {"id": "490dde24b259add1335244cd1b030135", "number": "9149729825", "date": "2021-01-26 10:00:00", "subject": "2", "recorded-or-robo": "Y", "city": "Yonkers", "state": "NY", "area-code": "914"}, {"id": "490dde24b259add1335244cd1b02f780", "number": "6025635540", "date": "2021-01-26 08:17:00", "subject": "6", "recorded-or-robo": "N", "city": "Glendale", "state": "AZ", "area-code": "623"}, {"id": "490dde24b259add1335244cd1b02ef21", "number": "3603389108", "date": "2021-01-26 07:20:00", "subject": "2", "recorded-or-robo": "Y", "city": "", "state": "WA", "area-code": "360"}, {"id": "490dde24b259add1335244cd1b02ec07", "number": "9135868092", "date": "2021-01-26 09:01:00", "subject": "4", "recorded-or-robo": "Y", "city": "WELLSVILLE", "state": "KS", "area-code": "913"}, {"id": "490dde24b259add1335244cd1b02e148", "number": "949445846", "date": "2021-01-24 14:18:00", "subject": "5", "recorded-or-robo": "Y", "city": "Corvallis", "state": "MT", "area-code": "406"}, {"id": "490dde24b259add1335244cd1b02e0ad", "number": "7032332744", "date": "2021-01-26 09:55:00", "subject": "1", "recorded-or-robo": "Y", "city": "Vienna", "state": "VA", "area-code": "703"}, {"id": "490dde24b259add1335244cd1b02e029", "number": "8452335333", "date": "2021-01-26 10:17:00", "subject": "1", "recorded-or-robo": "Y", "city": "", "state": "WV", "area-code": "304"}, {"id": "490dde24b259add1335244cd1b02d969", "number": "2705516508", "date": "2021-01-08 16:07:00", "subject": "2", "recorded-or-robo": "N", "city": "Hopkinsville", "state": "KY", "area-code": "270"}, {"id": "490dde24b259add1335244cd1b02d3fd", "number": "9894559075", "date": "2021-01-26 10:15:00", "subject": "1", "recorded-or-robo": "Y", "city": "Alpena", "state": "MI", "area-code": "989"}, {"id": "490dde24b259add1335244cd1b02c8c8", "number": "4237945048", "date": "2021-01-26 10:14:00", "subject": "4", "recorded-or-robo": "Y", "city": "Church Hill", "state": "TN", "area-code": "423"}, {"id": "490dde24b259add1335244cd1b02c283", "number": "8479311277", "date": "2021-01-14 12:35:00", "subject": "0", "recorded-or-robo": "", "city": "Geneva", "state": "IL", "area-code": "847"}, {"id": "490dde24b259add1335244cd1b02b2e4", "number": "", "date": "2021-01-26 08:11:00", "subject": "5", "recorded-or-robo": "Y", "city": "Anthony", "state": "TX", "area-code": "916"}, {"id": "490dde24b259add1335244cd1b02a926", "number": "4048064796", "date": "2021-01-26 10:21:00", "subject": "11", "recorded-or-robo": "Y", "city": "Marietta", "state": "GA", "area-code": "404"}, {"id": "490dde24b259add1335244cd1b02a2ee", "number": "3179603631", "date": "2021-01-25 16:40:00", "subject": "1", "recorded-or-robo": "Y", "city": "Zionsville", "state": "IN", "area-code": "317"}, {"id": "490dde24b259add1335244cd1b029d1a", "number": "7062084947", "date": "2021-01-25 16:05:00", "subject": "4", "recorded-or-robo": "Y", "city": "Loudon", "state": "TN", "area-code": "865"}, {"id": "490dde24b259add1335244cd1b029088", "number": "9072307105", "date": "2021-01-26 10:19:00", "subject": "2", "recorded-or-robo": "Y", "city": "", "state": "OH", "area-code": "216"}, {"id": "490dde24b259add1335244cd1b028612", "number": "8133159198", "date": "2021-01-26 10:10:00", "subject": "6", "recorded-or-robo": "N", "city": "Valrico", "state": "FL", "area-code": "813"}, {"id": "490dde24b259add1335244cd1b028320", "number": "9737861469", "date": "2021-01-26 10:12:00", "subject": "1", "recorded-or-robo": "Y", "city": "Forest Hills", "state": "NY", "area-code": "973"}, {"id": "490dde24b259add1335244cd1b027c0d", "number": "4154048430", "date": "2021-01-08 13:12:00", "subject": "2", "recorded-or-robo": "N", "city": "Hopkinsville", "state": "KY", "area-code": "270"}, {"id": "490dde24b259add1335244cd1b027016", "number": "8032429747", "date": "2021-01-26 09:48:00", "subject": "2", "recorded-or-robo": "Y", "city": "Lake Wylie", "state": "SC", "area-code": "803"}, {"id": "490dde24b259add1335244cd1b026da2", "number": "3073403346", "date": "2021-01-26 07:05:00", "subject": "1", "recorded-or-robo": "Y", "city": "Portland", "state": "OR", "area-code": "443"}, {"id": "490dde24b259add1335244cd1b02687f", "number": "12610011100036", "date": "2021-01-26 09:00:00", "subject": "6", "recorded-or-robo": "Y", "city": "Austin", "state": "TX", "area-code": "512"}, {"id": "490dde24b259add1335244cd1b0259e2", "number": "4796446079", "date": "2021-01-26 00:00:00", "subject": "2", "recorded-or-robo": "N", "city": "Chippewa Falls", "state": "WI", "area-code": "479"}, {"id": "490dde24b259add1335244cd1b025356", "number": "3186858849", "date": "2021-01-26 10:19:00", "subject": "4", "recorded-or-robo": "Y", "city": "Rustburg", "state": "VA", "area-code": "434"}, {"id": "490dde24b259add1335244cd1b024e4e", "number": "", "date": "2021-01-26 12:00:00", "subject": "1", "recorded-or-robo": "Y", "city": "", "state": "", "area-code": "844"}, {"id": "490dde24b259add1335244cd1b024361", "number": "4194367455", "date": "2021-01-26 08:34:00", "subject": "0", "recorded-or-robo": "", "city": "Middletown", "state": "OH", "area-code": "937"}, {"id": "490dde24b259add1335244cd1b023465", "number": "7816251000", "date": "2021-01-26 08:00:00", "subject": "1", "recorded-or-robo": "N", "city": "Marrero", "state": "LA", "area-code": "504"}, {"id": "490dde24b259add1335244cd1b02345a", "number": "3239333116", "date": "2021-01-26 06:23:00", "subject": "2", "recorded-or-robo": "N", "city": "Los Angeles", "state": "CA", "area-code": "323"}, {"id": "490dde24b259add1335244cd1b022db2", "number": "8006634227", "date": "2021-01-26 10:15:00", "subject": "6", "recorded-or-robo": "N", "city": "", "state": "PA", "area-code": "610"}, {"id": "490dde24b259add1335244cd1b022d1d", "number": "2147663103", "date": "2021-01-14 05:49:00", "subject": "4", "recorded-or-robo": "Y", "city": "Duluth", "state": "GA", "area-code": "214"}, {"id": "490dde24b259add1335244cd1b0222e9", "number": "2703488151", "date": "2021-01-05 02:52:00", "subject": "2", "recorded-or-robo": "N", "city": "Hopkinsville", "state": "KY", "area-code": "270"}, {"id": "490dde24b259add1335244cd1b021ce0", "number": "3097844893", "date": "2021-01-26 10:17:00", "subject": "1", "recorded-or-robo": "Y", "city": "Philadelphia", "state": "PA", "area-code": "203"}, {"id": "490dde24b259add1335244cd1b021bb9", "number": "2622053860", "date": "2021-01-26 09:14:00", "subject": "1", "recorded-or-robo": "Y", "city": "Madison", "state": "WI", "area-code": "920"}, {"id": "490dde24b259add1335244cd1b0218d6", "number": "8453661209", "date": "2021-01-26 10:18:00", "subject": "4", "recorded-or-robo": "Y", "city": "Pine Bush", "state": "NY", "area-code": "845"}, {"id": "490dde24b259add1335244cd1b02144d", "number": "", "date": "2021-01-26 10:13:00", "subject": "2", "recorded-or-robo": "Y", "city": "Falls Church", "state": "VA", "area-code": "815"}, {"id": "490dde24b259add1335244cd1b0207a5", "number": "", "date": "2021-01-26 10:18:00", "subject": "4", "recorded-or-robo": "Y", "city": "Lapeer", "state": "MI", "area-code": "989"}, {"id": "490dde24b259add1335244cd1b01fc27", "number": "5715709027", "date": "2021-01-26 08:02:00", "subject": "1", "recorded-or-robo": "N", "city": "Dunn Loring", "state": "VA", "area-code": "703"}, {"id": "490dde24b259add1335244cd1b01eefd", "number": "5023736673", "date": "2021-01-05 08:13:00", "subject": "2", "recorded-or-robo": "N", "city": "Hopkinsville", "state": "KY", "area-code": "270"}, {"id": "490dde24b259add1335244cd1b01eb00", "number": "6185484116", "date": "2021-01-26 09:14:00", "subject": "6", "recorded-or-robo": "N", "city": "BOWLING GREEN", "state": "KY", "area-code": "270"}, {"id": "490dde24b259add1335244cd1b01df4f", "number": "3127283120", "date": "2021-01-26 10:18:00", "subject": "6", "recorded-or-robo": "N", "city": "", "state": "IL", "area-code": "312"}, {"id": "490dde24b259add1335244cd1b01dc00", "number": "8767774573", "date": "2021-01-26 06:00:00", "subject": "13", "recorded-or-robo": "Y", "city": "San Francisco", "state": "CA", "area-code": "415"}, {"id": "490dde24b259add1335244cd1b01d365", "number": "5406614826", "date": "2021-01-26 10:10:00", "subject": "2", "recorded-or-robo": "Y", "city": "Orange", "state": "VA", "area-code": "540"}, {"id": "490dde24b259add1335244cd1b01c3ba", "number": "3142733827", "date": "2021-01-26 09:15:00", "subject": "6", "recorded-or-robo": "N", "city": "Jackson", "state": "MO", "area-code": "314"}]}