{"data": [{"id": "deca54a6651fb9add5b4a9816ce8ad85", "number": "+16232670180", "date": "2021-01-22 17:48:57", "subject": "3", "recorded-or-robo": "N", "city": "", "state": "AZ", "area-code": "520"}, {"id": "e81c9350d54f66c6d33b3747ee1c6d24", "number": "6619781127", "date": "2021-01-21 11:24:00", "subject": "2", "recorded-or-robo": "Y", "city": "Bakersfield", "state": "CA", "area-code": "661"}, {"id": "deca54a6651fb9add5b4a9816cb1a5d2", "number": "6619781127", "date": "2021-01-21 11:24:00", "subject": "2", "recorded-or-robo": "Y", "city": "Bakersfield", "state": "CA", "area-code": "661"}, {"id": "e81c9350d54f66c6d33b3747ee1c5f69", "number": "8553512274", "date": "2021-01-22 00:00:00", "subject": "1", "recorded-or-robo": "", "city": "Salem", "state": "OR", "area-code": "503"}, {"id": "deca54a6651fb9add5b4a9816cb1a1db", "number": "8553512274", "date": "2021-01-22 00:00:00", "subject": "1", "recorded-or-robo": "", "city": "Salem", "state": "OR", "area-code": "503"}, {"id": "e81c9350d54f66c6d33b3747ee1c57c8", "number": "3303326238", "date": "2021-01-22 17:45:00", "subject": "3", "recorded-or-robo": "Y", "city": "", "state": "OH", "area-code": "330"}, {"id": "deca54a6651fb9add5b4a9816cb198f2", "number": "3303326238", "date": "2021-01-22 17:45:00", "subject": "3", "recorded-or-robo": "Y", "city": "", "state": "OH", "area-code": "330"}, {"id": "e81c9350d54f66c6d33b3747ee1c490a", "number": "5612571047", "date": "2021-01-22 15:34:00", "subject": "2", "recorded-or-robo": "Y", "city": "", "state": "FL", "area-code": "305"}, {"id": "deca54a6651fb9add5b4a9816cb18989", "number": "5612571047", "date": "2021-01-22 15:34:00", "subject": "2", "recorded-or-robo": "Y", "city": "", "state": "FL", "area-code": "305"}, {"id": "e81c9350d54f66c6d33b3747ee1bc661", "number": "3213422381", "date": "2021-01-22 15:44:00", "subject": "3", "recorded-or-robo": "N", "city": "", "state": "VA", "area-code": "540"}, {"id": "deca54a6651fb9add5b4a9816cb13860", "number": "3213422381", "date": "2021-01-22 15:44:00", "subject": "3", "recorded-or-robo": "N", "city": "", "state": "VA", "area-code": "540"}, {"id": "e81c9350d54f66c6d33b3747ee1c4837", "number": "3463811394", "date": "2021-01-22 16:47:00", "subject": "2", "recorded-or-robo": "", "city": "", "state": "IL", "area-code": "708"}, {"id": "deca54a6651fb9add5b4a9816cb1810f", "number": "3463811394", "date": "2021-01-22 16:47:00", "subject": "2", "recorded-or-robo": "", "city": "", "state": "IL", "area-code": "708"}, {"id": "e81c9350d54f66c6d33b3747ee1c43d2", "number": "7348644923", "date": "2021-01-22 17:36:00", "subject": "8", "recorded-or-robo": "N", "city": "Petersburg", "state": "MI", "area-code": "734"}, {"id": "e81c9350d54f66c6d33b3747ee1c3999", "number": "5207791724", "date": "2021-01-22 10:42:00", "subject": "4", "recorded-or-robo": "Y", "city": "", "state": "AZ", "area-code": "520"}, {"id": "deca54a6651fb9add5b4a9816cb174fc", "number": "7348644923", "date": "2021-01-22 17:36:00", "subject": "8", "recorded-or-robo": "N", "city": "Petersburg", "state": "MI", "area-code": "734"}, {"id": "deca54a6651fb9add5b4a9816cb17067", "number": "5207791724", "date": "2021-01-22 10:42:00", "subject": "4", "recorded-or-robo": "Y", "city": "", "state": "AZ", "area-code": "520"}, {"id": "e81c9350d54f66c6d33b3747ee1c2a44", "number": "3023305900", "date": "2021-01-20 17:23:00", "subject": "0", "recorded-or-robo": "", "city": "Millsboro", "state": "DE", "area-code": "302"}, {"id": "deca54a6651fb9add5b4a9816cb16f9c", "number": "3023305900", "date": "2021-01-20 17:23:00", "subject": "0", "recorded-or-robo": "", "city": "Millsboro", "state": "DE", "area-code": "302"}, {"id": "e81c9350d54f66c6d33b3747ee1c2010", "number": "6233032498", "date": "2021-01-22 13:57:00", "subject": "2", "recorded-or-robo": "Y", "city": "", "state": "AZ", "area-code": "480"}, {"id": "deca54a6651fb9add5b4a9816cb16e6a", "number": "6233032498", "date": "2021-01-22 13:57:00", "subject": "2", "recorded-or-robo": "Y", "city": "", "state": "AZ", "area-code": "480"}, {"id": "e81c9350d54f66c6d33b3747ee1c1bcf", "number": "8507381739", "date": "2021-01-16 10:22:00", "subject": "2", "recorded-or-robo": "", "city": "Pensacola", "state": "FL", "area-code": "850"}, {"id": "deca54a6651fb9add5b4a9816cb169b8", "number": "8507381739", "date": "2021-01-16 10:22:00", "subject": "2", "recorded-or-robo": "", "city": "Pensacola", "state": "FL", "area-code": "850"}, {"id": "e81c9350d54f66c6d33b3747ee1c114c", "number": "8434181881", "date": "2021-01-21 12:06:00", "subject": "0", "recorded-or-robo": "Y", "city": "Mahtomedi", "state": "MN", "area-code": "651"}, {"id": "deca54a6651fb9add5b4a9816cb15ad4", "number": "8434181881", "date": "2021-01-21 12:06:00", "subject": "0", "recorded-or-robo": "Y", "city": "Mahtomedi", "state": "MN", "area-code": "651"}, {"id": "e81c9350d54f66c6d33b3747ee1c0ddf", "number": "7168690544", "date": "2021-01-13 17:08:00", "subject": "4", "recorded-or-robo": "Y", "city": "", "state": "NY", "area-code": "716"}, {"id": "e81c9350d54f66c6d33b3747ee1c0035", "number": "3093221942", "date": "2021-01-19 00:00:00", "subject": "2", "recorded-or-robo": "Y", "city": "", "state": "IL", "area-code": "309"}, {"id": "deca54a6651fb9add5b4a9816cb152f3", "number": "7168690544", "date": "2021-01-13 17:08:00", "subject": "4", "recorded-or-robo": "Y", "city": "", "state": "NY", "area-code": "716"}, {"id": "deca54a6651fb9add5b4a9816cb15262", "number": "3093221942", "date": "2021-01-19 00:00:00", "subject": "2", "recorded-or-robo": "Y", "city": "", "state": "IL", "area-code": "309"}, {"id": "e81c9350d54f66c6d33b3747ee1bf32d", "number": "8653763590", "date": "2021-01-22 00:00:00", "subject": "2", "recorded-or-robo": "Y", "city": "Kingston", "state": "TN", "area-code": "865"}, {"id": "deca54a6651fb9add5b4a9816cb14e7f", "number": "8653763590", "date": "2021-01-22 00:00:00", "subject": "2", "recorded-or-robo": "Y", "city": "Kingston", "state": "TN", "area-code": "865"}, {"id": "e81c9350d54f66c6d33b3747ee1be99d", "number": "8175451869", "date": "2021-01-22 15:15:00", "subject": "3", "recorded-or-robo": "Y", "city": "", "state": "TX", "area-code": "817"}, {"id": "deca54a6651fb9add5b4a9816cb14ce2", "number": "8175451869", "date": "2021-01-22 15:15:00", "subject": "3", "recorded-or-robo": "Y", "city": "", "state": "TX", "area-code": "817"}, {"id": "e81c9350d54f66c6d33b3747ee1bd9c0", "number": "3073403341", "date": "2021-01-22 17:45:00", "subject": "2", "recorded-or-robo": "Y", "city": "", "state": "PA", "area-code": "717"}, {"id": "deca54a6651fb9add5b4a9816cb13f86", "number": "3073403341", "date": "2021-01-22 17:45:00", "subject": "2", "recorded-or-robo": "Y", "city": "", "state": "PA", "area-code": "717"}, {"id": "e81c9350d54f66c6d33b3747ee1bc9dd", "number": "4257479105", "date": "2021-01-22 10:05:00", "subject": "0", "recorded-or-robo": "Y", "city": "", "state": "WA", "area-code": "425"}, {"id": "deca54a6651fb9add5b4a9816cb13a16", "number": "4257479105", "date": "2021-01-22 10:05:00", "subject": "0", "recorded-or-robo": "Y", "city": "", "state": "WA", "area-code": "425"}, {"id": "e81c9350d54f66c6d33b3747ee1bbf55", "number": "8603187711", "date": "2021-01-22 00:00:00", "subject": "2", "recorded-or-robo": "Y", "city": "", "state": "CT", "area-code": "860"}, {"id": "deca54a6651fb9add5b4a9816cb12bc3", "number": "8603187711", "date": "2021-01-22 00:00:00", "subject": "2", "recorded-or-robo": "Y", "city": "", "state": "CT", "area-code": "860"}, {"id": "e81c9350d54f66c6d33b3747ee540f90", "number": "2067059066", "date": "2021-01-22 17:48:09", "subject": "3", "recorded-or-robo": "N", "city": "", "state": "MI", "area-code": "810"}, {"id": "deca54a6651fb9add5b4a9816ce88c04", "number": "2067059066", "date": "2021-01-22 17:48:09", "subject": "3", "recorded-or-robo": "N", "city": "", "state": "MI", "area-code": "810"}, {"id": "e81c9350d54f66c6d33b3747ee548479", "number": "2026961053", "date": "2021-01-22 17:48:08", "subject": "3", "recorded-or-robo": "Y", "city": "", "state": "IN", "area-code": "812"}, {"id": "deca54a6651fb9add5b4a9816ce8eef7", "number": "2026961053", "date": "2021-01-22 17:48:08", "subject": "3", "recorded-or-robo": "Y", "city": "", "state": "IN", "area-code": "812"}, {"id": "e81c9350d54f66c6d33b3747ee548bc4", "number": "2026961053", "date": "2021-01-22 17:48:07", "subject": "3", "recorded-or-robo": "Y", "city": "", "state": "IN", "area-code": "812"}, {"id": "deca54a6651fb9add5b4a9816ce8fe43", "number": "2026961053", "date": "2021-01-22 17:48:07", "subject": "3", "recorded-or-robo": "Y", "city": "", "state": "IN", "area-code": "812"}, {"id": "e81c9350d54f66c6d33b3747ee54697a", "number": "9087178641", "date": "2021-01-22 17:48:05", "subject": "3", "recorded-or-robo": "Y", "city": "", "state": "NJ", "area-code": "908"}, {"id": "deca54a6651fb9add5b4a9816ce8d3cf", "number": "9087178641", "date": "2021-01-22 17:48:05", "subject": "3", "recorded-or-robo": "Y", "city": "", "state": "NJ", "area-code": "908"}, {"id": "e81c9350d54f66c6d33b3747ee5421b7", "number": "+17207761447", "date": "2021-01-22 17:48:04", "subject": "3", "recorded-or-robo": "Y", "city": "", "state": "CO", "area-code": "720"}, {"id": "deca54a6651fb9add5b4a9816ce89dda", "number": "+17207761447", "date": "2021-01-22 17:48:04", "subject": "3", "recorded-or-robo": "Y", "city": "", "state": "CO", "area-code": "720"}, {"id": "e81c9350d54f66c6d33b3747ee1bbc8d", "number": "5632352154", "date": "2021-01-22 12:17:00", "subject": "0", "recorded-or-robo": "Y", "city": "Muscatine", "state": "IA", "area-code": "563"}]}