{"data": [{"id": "490dde24b259add1335244cd1b0c64b3", "number": "", "date": "2021-01-26 10:35:00", "subject": "3", "recorded-or-robo": "N", "city": "", "state": "MI", "area-code": "906"}, {"id": "490dde24b259add1335244cd1b0ca5f7", "number": "5632921495", "date": "2021-01-26 07:35:00", "subject": "4", "recorded-or-robo": "Y", "city": "Roy", "state": "WA", "area-code": "575"}, {"id": "490dde24b259add1335244cd1b0c9c79", "number": "6158639095", "date": "2021-01-26 09:04:00", "subject": "1", "recorded-or-robo": "Y", "city": "Crossville", "state": "TN", "area-code": "931"}, {"id": "490dde24b259add1335244cd1b0c9711", "number": "9415290790", "date": "2021-01-26 10:36:00", "subject": "2", "recorded-or-robo": "N", "city": "", "state": "MD", "area-code": "240"}, {"id": "490dde24b259add1335244cd1b0c87e1", "number": "3525455142", "date": "2021-01-26 10:26:00", "subject": "2", "recorded-or-robo": "Y", "city": "Minneola", "state": "FL", "area-code": "352"}, {"id": "490dde24b259add1335244cd1b0c7d87", "number": "6513063474", "date": "2021-01-26 09:12:00", "subject": "3", "recorded-or-robo": "Y", "city": "", "state": "MN", "area-code": "218"}, {"id": "490dde24b259add1335244cd1b0c72c1", "number": "8702767347", "date": "2021-01-26 09:30:00", "subject": "6", "recorded-or-robo": "Y", "city": "Omaha", "state": "AR", "area-code": "870"}, {"id": "490dde24b259add1335244cd1b0c5a6e", "number": "6054726473", "date": "2021-01-26 08:35:00", "subject": "5", "recorded-or-robo": "Y", "city": "", "state": "WY", "area-code": "307"}, {"id": "490dde24b259add1335244cd1b0c4ce8", "number": "4695290695", "date": "2021-01-25 15:38:00", "subject": "0", "recorded-or-robo": "Y", "city": "Abilene", "state": "TX", "area-code": "325"}, {"id": "490dde24b259add1335244cd1b0c4b64", "number": "", "date": "2021-01-25 16:25:00", "subject": "7", "recorded-or-robo": "Y", "city": "Upper Darby", "state": "PA", "area-code": "610"}, {"id": "490dde24b259add1335244cd1b0c4a61", "number": "2673893567", "date": "2021-01-25 13:34:00", "subject": "2", "recorded-or-robo": "Y", "city": "Lansdowne", "state": "PA", "area-code": "267"}, {"id": "490dde24b259add1335244cd1b0c3fdf", "number": "7068138224", "date": "2021-01-26 10:32:00", "subject": "6", "recorded-or-robo": "Y", "city": "Columbus", "state": "GA", "area-code": "706"}, {"id": "490dde24b259add1335244cd1b0bf8f2", "number": "3802192699", "date": "2021-01-26 10:34:00", "subject": "3", "recorded-or-robo": "N", "city": "", "state": "OH", "area-code": "330"}, {"id": "490dde24b259add1335244cd1b0c3c6d", "number": "9203932868", "date": "2021-01-22 13:46:00", "subject": "1", "recorded-or-robo": "Y", "city": "Green Bay", "state": "WI", "area-code": "920"}, {"id": "490dde24b259add1335244cd1b0c2e7d", "number": "6162441434", "date": "2021-01-26 09:39:00", "subject": "1", "recorded-or-robo": "Y", "city": "Fort Myers", "state": "FL", "area-code": "616"}, {"id": "490dde24b259add1335244cd1b0c2512", "number": "8598234908", "date": "2021-01-26 07:35:00", "subject": "4", "recorded-or-robo": "Y", "city": "Spokane", "state": "WA", "area-code": "623"}, {"id": "490dde24b259add1335244cd1b0c23a9", "number": "", "date": "2021-01-26 10:30:00", "subject": "5", "recorded-or-robo": "Y", "city": "", "state": "MA", "area-code": "413"}, {"id": "490dde24b259add1335244cd1b0c20dc", "number": "8666990817", "date": "2021-01-25 16:30:00", "subject": "2", "recorded-or-robo": "Y", "city": "Sudbury", "state": "MA", "area-code": "781"}, {"id": "490dde24b259add1335244cd1b0c142b", "number": "5165830864", "date": "2021-01-26 10:35:00", "subject": "4", "recorded-or-robo": "Y", "city": "Sands Point", "state": "NY", "area-code": "516"}, {"id": "490dde24b259add1335244cd1b0c12fd", "number": "", "date": "2021-01-26 10:24:00", "subject": "1", "recorded-or-robo": "Y", "city": "", "state": "GA", "area-code": "770"}, {"id": "490dde24b259add1335244cd1b0c0668", "number": "2705780391", "date": "2021-01-26 10:30:00", "subject": "4", "recorded-or-robo": "Y", "city": "", "state": "KY", "area-code": "502"}, {"id": "490dde24b259add1335244cd1b0c016f", "number": "2242203669", "date": "2021-01-25 16:21:00", "subject": "3", "recorded-or-robo": "Y", "city": "", "state": "IL", "area-code": "815"}, {"id": "490dde24b259add1335244cd1b0bf884", "number": "3128908463", "date": "2021-01-26 09:30:00", "subject": "1", "recorded-or-robo": "Y", "city": "", "state": "MI", "area-code": "313"}, {"id": "490dde24b259add1335244cd1b0bf380", "number": "8183380129", "date": "2021-01-26 09:15:00", "subject": "2", "recorded-or-robo": "Y", "city": "Lenexa", "state": "KS", "area-code": "913"}, {"id": "490dde24b259add1335244cd1b0befd9", "number": "7322859701", "date": "2021-01-26 10:15:00", "subject": "2", "recorded-or-robo": "Y", "city": "Center Moriches", "state": "NY", "area-code": "631"}, {"id": "490dde24b259add1335244cd1b0bed06", "number": "9544336865", "date": "2021-01-26 10:22:00", "subject": "2", "recorded-or-robo": "N", "city": "Smithers", "state": "WV", "area-code": "304"}, {"id": "490dde24b259add1335244cd1b0be2d5", "number": "", "date": "2021-01-26 09:02:00", "subject": "2", "recorded-or-robo": "N", "city": "Woodbury", "state": "MN", "area-code": "651"}, {"id": "490dde24b259add1335244cd1b0b9cb1", "number": "3047455963", "date": "2021-01-26 09:19:00", "subject": "3", "recorded-or-robo": "N", "city": "", "state": "WV", "area-code": "304"}, {"id": "490dde24b259add1335244cd1b0b56a3", "number": "", "date": "2021-01-25 10:18:00", "subject": "3", "recorded-or-robo": "", "city": "", "state": "NJ", "area-code": "908"}, {"id": "490dde24b259add1335244cd1b0bd567", "number": "4107955114", "date": "2021-01-25 12:22:00", "subject": "0", "recorded-or-robo": "Y", "city": "", "state": "MD", "area-code": "410"}, {"id": "490dde24b259add1335244cd1b0bc6cf", "number": "2817817412", "date": "2021-01-26 09:27:00", "subject": "1", "recorded-or-robo": "Y", "city": "Kemah", "state": "TX", "area-code": "281"}, {"id": "490dde24b259add1335244cd1b0bc5de", "number": "8006334227", "date": "2021-01-26 09:50:00", "subject": "1", "recorded-or-robo": "N", "city": "Etna", "state": "NH", "area-code": "603"}, {"id": "490dde24b259add1335244cd1b0bbbc3", "number": "8332298979", "date": "2021-01-25 12:26:00", "subject": "0", "recorded-or-robo": "Y", "city": "Coatesville", "state": "PA", "area-code": "610"}, {"id": "490dde24b259add1335244cd1b0bac35", "number": "5162064075", "date": "2021-01-26 07:06:00", "subject": "13", "recorded-or-robo": "Y", "city": "Bend", "state": "OR", "area-code": "541"}, {"id": "490dde24b259add1335244cd1b0b9352", "number": "3154006082", "date": "2021-01-25 16:53:00", "subject": "2", "recorded-or-robo": "Y", "city": "Newark", "state": "NY", "area-code": "315"}, {"id": "490dde24b259add1335244cd1b0b875c", "number": "4802875716", "date": "2021-01-26 08:32:00", "subject": "1", "recorded-or-robo": "N", "city": "Scottsdale", "state": "AZ", "area-code": "480"}, {"id": "490dde24b259add1335244cd1b0b7d6a", "number": "7754197558", "date": "2021-01-26 09:33:00", "subject": "4", "recorded-or-robo": "Y", "city": "", "state": "IL", "area-code": "815"}, {"id": "490dde24b259add1335244cd1b0b6f97", "number": "4237772107", "date": "2021-01-26 09:19:00", "subject": "5", "recorded-or-robo": "Y", "city": "Bridgeport", "state": "AL", "area-code": "423"}, {"id": "490dde24b259add1335244cd1b0b68ed", "number": "4438780828", "date": "2021-01-26 10:33:00", "subject": "4", "recorded-or-robo": "Y", "city": "", "state": "", "area-code": "443"}, {"id": "490dde24b259add1335244cd1b0b6811", "number": "9152003841", "date": "2021-01-26 10:30:00", "subject": "1", "recorded-or-robo": "Y", "city": "NEWPORT NEWS", "state": "VA", "area-code": "757"}, {"id": "490dde24b259add1335244cd1b0b61ee", "number": "7278889253", "date": "2021-01-26 09:15:00", "subject": "12", "recorded-or-robo": "Y", "city": "Largo", "state": "FL", "area-code": "727"}, {"id": "490dde24b259add1335244cd1b0b5a39", "number": "6314003381", "date": "2021-01-26 10:00:00", "subject": "2", "recorded-or-robo": "Y", "city": "Center Moriches", "state": "NY", "area-code": "631"}, {"id": "490dde24b259add1335244cd1b0b49d5", "number": "8053798533", "date": "2021-01-25 11:48:00", "subject": "3", "recorded-or-robo": "Y", "city": "Camarillo", "state": "CA", "area-code": "805"}, {"id": "490dde24b259add1335244cd1b0b43b3", "number": "7273803314", "date": "2021-01-26 10:31:00", "subject": "15", "recorded-or-robo": "Y", "city": "ASHEVILLE", "state": "NC", "area-code": "828"}, {"id": "490dde24b259add1335244cd1b0b39ec", "number": "", "date": "2021-01-26 10:23:00", "subject": "4", "recorded-or-robo": "Y", "city": "Mechanicsville", "state": "VA", "area-code": "804"}, {"id": "490dde24b259add1335244cd1b0b36a2", "number": "5072485268", "date": "2021-01-26 09:08:00", "subject": "3", "recorded-or-robo": "N", "city": "", "state": "MN", "area-code": "218"}, {"id": "490dde24b259add1335244cd1b0b2704", "number": "3312599624", "date": "2021-01-25 10:33:00", "subject": "4", "recorded-or-robo": "Y", "city": "Las Vegas", "state": "IL", "area-code": "630"}, {"id": "490dde24b259add1335244cd1b0b25fe", "number": "8052591277", "date": "2021-01-25 10:37:00", "subject": "2", "recorded-or-robo": "Y", "city": "North Haven", "state": "CT", "area-code": "203"}, {"id": "490dde24b259add1335244cd1b0b1779", "number": "8003216064", "date": "2021-01-25 14:57:00", "subject": "0", "recorded-or-robo": "Y", "city": "", "state": "MD", "area-code": "410"}, {"id": "490dde24b259add1335244cd1b0b1275", "number": "8123656073", "date": "2021-01-22 18:38:00", "subject": "2", "recorded-or-robo": "N", "city": "Norman", "state": "IN", "area-code": "812"}]}