{"data": [{"id": "490dde24b259add1335244cd1b64e570", "number": "4195730576", "date": "2020-12-30 13:41:00", "subject": "2", "recorded-or-robo": "", "city": "Portsmouth", "state": "OH", "area-code": "740"}, {"id": "490dde24b259add1335244cd1b64d8ec", "number": "7608925157", "date": "2021-01-26 09:06:00", "subject": "8", "recorded-or-robo": "Y", "city": "Pasadena", "state": "CA", "area-code": "213"}, {"id": "490dde24b259add1335244cd1b64d4db", "number": "9709990701", "date": "2021-01-20 09:59:00", "subject": "4", "recorded-or-robo": "Y", "city": "Montrose", "state": "CO", "area-code": "970"}, {"id": "490dde24b259add1335244cd1b64c9e9", "number": "", "date": "2021-01-25 07:01:00", "subject": "0", "recorded-or-robo": "Y", "city": "Sunnyvale", "state": "CA", "area-code": "408"}, {"id": "490dde24b259add1335244cd1b64c853", "number": "8059438298", "date": "2021-01-26 09:11:00", "subject": "2", "recorded-or-robo": "N", "city": "Santa barbara", "state": "CA", "area-code": "805"}, {"id": "490dde24b259add1335244cd1b64b1b0", "number": "4067217291", "date": "2021-01-25 09:40:00", "subject": "2", "recorded-or-robo": "Y", "city": "Missoula", "state": "MT", "area-code": "406"}, {"id": "490dde24b259add1335244cd1b64aaa8", "number": "4584594142", "date": "2021-01-25 10:32:00", "subject": "2", "recorded-or-robo": "Y", "city": "", "state": "AL", "area-code": "251"}, {"id": "490dde24b259add1335244cd1b649fad", "number": "6027774821", "date": "2021-01-26 00:00:00", "subject": "2", "recorded-or-robo": "Y", "city": "", "state": "AZ", "area-code": "602"}, {"id": "490dde24b259add1335244cd1b64941b", "number": "3173218003", "date": "2021-01-25 00:20:00", "subject": "1", "recorded-or-robo": "Y", "city": "Indianapolis", "state": "IN", "area-code": "317"}, {"id": "490dde24b259add1335244cd1b648799", "number": "8774883538", "date": "2021-01-26 10:17:00", "subject": "3", "recorded-or-robo": "N", "city": "", "state": "TX", "area-code": "832"}, {"id": "490dde24b259add1335244cd1b64852c", "number": "6085542750", "date": "2021-01-22 10:56:00", "subject": "2", "recorded-or-robo": "Y", "city": "", "state": "WI", "area-code": "920"}, {"id": "490dde24b259add1335244cd1b647e36", "number": "3522002755", "date": "2021-01-26 12:31:00", "subject": "4", "recorded-or-robo": "Y", "city": "", "state": "FL", "area-code": "352"}, {"id": "490dde24b259add1335244cd1b647077", "number": "2318457030", "date": "2021-01-26 12:36:00", "subject": "5", "recorded-or-robo": "Y", "city": "Ludington", "state": "MI", "area-code": "336"}, {"id": "490dde24b259add1335244cd1b646fd7", "number": "3198493665", "date": "2021-01-26 08:32:00", "subject": "3", "recorded-or-robo": "", "city": "", "state": "IA", "area-code": "319"}, {"id": "490dde24b259add1335244cd1b64616e", "number": "8622884399", "date": "2021-01-26 10:30:00", "subject": "4", "recorded-or-robo": "Y", "city": "Tucson", "state": "AZ", "area-code": "404"}, {"id": "490dde24b259add1335244cd1b645bd0", "number": "5672133215", "date": "2021-01-22 12:17:00", "subject": "2", "recorded-or-robo": "Y", "city": "Traverse City", "state": "MI", "area-code": "231"}, {"id": "490dde24b259add1335244cd1b645aef", "number": "2024952661", "date": "2021-01-26 12:37:00", "subject": "2", "recorded-or-robo": "Y", "city": "", "state": "IN", "area-code": "574"}, {"id": "490dde24b259add1335244cd1b644c50", "number": "4086943959", "date": "2021-01-21 13:40:00", "subject": "2", "recorded-or-robo": "N", "city": "Santa Rosa", "state": "CA", "area-code": "707"}, {"id": "490dde24b259add1335244cd1b6447f2", "number": "6084340944", "date": "2021-01-26 00:00:00", "subject": "5", "recorded-or-robo": "Y", "city": "Baraboo", "state": "WI", "area-code": "608"}, {"id": "490dde24b259add1335244cd1b6442d9", "number": "7865926979", "date": "2021-01-26 10:58:00", "subject": "2", "recorded-or-robo": "N", "city": "Millstadt", "state": "IL", "area-code": "618"}, {"id": "490dde24b259add1335244cd1b643500", "number": "7736945539", "date": "2021-01-26 11:34:00", "subject": "4", "recorded-or-robo": "Y", "city": "Dallas", "state": "TX", "area-code": "773"}, {"id": "490dde24b259add1335244cd1b6430d2", "number": "7159972533", "date": "2021-01-26 11:09:00", "subject": "2", "recorded-or-robo": "Y", "city": "Clayton", "state": "WI", "area-code": "715"}, {"id": "490dde24b259add1335244cd1b6426a4", "number": "9093501449", "date": "2021-01-26 09:34:00", "subject": "6", "recorded-or-robo": "N", "city": "Monrovia", "state": "CA", "area-code": "909"}, {"id": "490dde24b259add1335244cd1b641a90", "number": "", "date": "2021-01-19 13:44:00", "subject": "4", "recorded-or-robo": "Y", "city": "Sunnyvale", "state": "CA", "area-code": "408"}, {"id": "490dde24b259add1335244cd1b641a18", "number": "9037023885", "date": "2021-01-26 11:34:00", "subject": "3", "recorded-or-robo": "Y", "city": "", "state": "TX", "area-code": "903"}, {"id": "490dde24b259add1335244cd1b63b7a1", "number": "", "date": "2021-01-26 12:30:00", "subject": "3", "recorded-or-robo": "N", "city": "", "state": "OH", "area-code": "740"}, {"id": "490dde24b259add1335244cd1b641498", "number": "6094334984", "date": "2021-01-26 12:12:00", "subject": "1", "recorded-or-robo": "Y", "city": "Willingboro", "state": "NJ", "area-code": "609"}, {"id": "490dde24b259add1335244cd1b641481", "number": "7272920455", "date": "2021-01-21 13:40:00", "subject": "3", "recorded-or-robo": "", "city": "Lebanon", "state": "FL", "area-code": "727"}, {"id": "490dde24b259add1335244cd1b6411a2", "number": "3526413379", "date": "2021-01-26 09:50:00", "subject": "3", "recorded-or-robo": "Y", "city": "", "state": "FL", "area-code": "321"}, {"id": "490dde24b259add1335244cd1b640adc", "number": "9528094191", "date": "2021-01-26 12:32:00", "subject": "2", "recorded-or-robo": "Y", "city": "Hampton", "state": "VA", "area-code": "757"}, {"id": "490dde24b259add1335244cd1b640755", "number": "3179782275", "date": "2021-01-23 13:37:00", "subject": "0", "recorded-or-robo": "Y", "city": "Fishers", "state": "IN", "area-code": "317"}, {"id": "490dde24b259add1335244cd1b6404c1", "number": "69084352", "date": "2021-01-24 05:00:00", "subject": "2", "recorded-or-robo": "Y", "city": "", "state": "FL", "area-code": "305"}, {"id": "490dde24b259add1335244cd1b640359", "number": "7342597430", "date": "2021-01-26 12:31:00", "subject": "6", "recorded-or-robo": "Y", "city": "Romulus", "state": "MI", "area-code": "734"}, {"id": "490dde24b259add1335244cd1b63f5d2", "number": "9295216841", "date": "2021-01-26 08:38:00", "subject": "1", "recorded-or-robo": "Y", "city": "", "state": "CA", "area-code": "949"}, {"id": "490dde24b259add1335244cd1b63efa9", "number": "3202384499", "date": "2021-01-26 11:25:00", "subject": "1", "recorded-or-robo": "Y", "city": "Watertown", "state": "TN", "area-code": "615"}, {"id": "490dde24b259add1335244cd1b63e2e8", "number": "9133487437", "date": "2021-01-22 13:53:00", "subject": "2", "recorded-or-robo": "Y", "city": "Traverse City", "state": "MI", "area-code": "231"}, {"id": "490dde24b259add1335244cd1b62bae3", "number": "4342556586", "date": "2021-01-26 11:30:00", "subject": "3", "recorded-or-robo": "N", "city": "", "state": "TX", "area-code": "713"}, {"id": "490dde24b259add1335244cd1b63da12", "number": "5165975877", "date": "2021-01-26 12:21:00", "subject": "2", "recorded-or-robo": "N", "city": "St. Albans", "state": "NY", "area-code": "718"}, {"id": "490dde24b259add1335244cd1b63d39b", "number": "9411431", "date": "2021-01-25 18:51:00", "subject": "2", "recorded-or-robo": "", "city": "colorado sorings", "state": "CO", "area-code": "719"}, {"id": "490dde24b259add1335244cd1b63d08f", "number": "8062233797", "date": "2021-01-25 10:25:00", "subject": "2", "recorded-or-robo": "Y", "city": "FARMINGTON", "state": "AZ", "area-code": "480"}, {"id": "490dde24b259add1335244cd1b63c959", "number": "7868666787", "date": "2021-01-26 12:30:00", "subject": "2", "recorded-or-robo": "Y", "city": "", "state": "PR", "area-code": "787"}, {"id": "490dde24b259add1335244cd1b63bf88", "number": "3302680773", "date": "2021-01-25 14:39:00", "subject": "7", "recorded-or-robo": "Y", "city": "Akron", "state": "OH", "area-code": "330"}, {"id": "490dde24b259add1335244cd1b63bec5", "number": "8777626009", "date": "2021-01-26 12:01:00", "subject": "2", "recorded-or-robo": "Y", "city": "FRANKLIN SQUARE", "state": "NY", "area-code": "516"}, {"id": "490dde24b259add1335244cd1b63bd75", "number": "2535591742", "date": "2021-01-26 09:35:00", "subject": "2", "recorded-or-robo": "Y", "city": "TACOMA", "state": "WA", "area-code": "253"}, {"id": "490dde24b259add1335244cd1b63b8fe", "number": "", "date": "2021-01-26 00:29:00", "subject": "1", "recorded-or-robo": "N", "city": "Plainwell", "state": "MI", "area-code": "269"}, {"id": "490dde24b259add1335244cd1b63b1f4", "number": "3073403398", "date": "2021-01-26 09:16:00", "subject": "2", "recorded-or-robo": "Y", "city": "Cosmopolis", "state": "WA", "area-code": "253"}, {"id": "490dde24b259add1335244cd1b63ada6", "number": "9014015772", "date": "2021-01-26 11:24:00", "subject": "2", "recorded-or-robo": "Y", "city": "Memphis", "state": "TN", "area-code": "901"}, {"id": "490dde24b259add1335244cd1b639eaa", "number": "", "date": "2021-01-25 09:23:00", "subject": "0", "recorded-or-robo": "Y", "city": "Paramount", "state": "CA", "area-code": "562"}, {"id": "490dde24b259add1335244cd1b638f02", "number": "8882804331", "date": "2021-01-26 12:30:00", "subject": "2", "recorded-or-robo": "Y", "city": "Ava", "state": "NY", "area-code": "315"}, {"id": "490dde24b259add1335244cd1b638bc3", "number": "9137101618", "date": "2021-01-26 11:30:00", "subject": "2", "recorded-or-robo": "Y", "city": "Kansas City", "state": "KS", "area-code": "913"}]}