{"data": [{"id": "deca54a6651fb9add5b4a9816cb5a4ec", "number": "8055016312", "date": "2021-01-22 16:46:00", "subject": "3", "recorded-or-robo": "", "city": "", "state": "CA", "area-code": "760"}, {"id": "e81c9350d54f66c6d33b3747ee21195c", "number": "2487858182", "date": "2021-01-22 09:23:00", "subject": "0", "recorded-or-robo": "Y", "city": "Sylvan Lake", "state": "MI", "area-code": "248"}, {"id": "deca54a6651fb9add5b4a9816cb63bab", "number": "2487858182", "date": "2021-01-22 09:23:00", "subject": "0", "recorded-or-robo": "Y", "city": "Sylvan Lake", "state": "MI", "area-code": "248"}, {"id": "e81c9350d54f66c6d33b3747ee211452", "number": "2606235003", "date": "2021-01-22 12:38:00", "subject": "2", "recorded-or-robo": "Y", "city": "", "state": "AL", "area-code": "205"}, {"id": "deca54a6651fb9add5b4a9816cb633d3", "number": "2606235003", "date": "2021-01-22 12:38:00", "subject": "2", "recorded-or-robo": "Y", "city": "", "state": "AL", "area-code": "205"}, {"id": "e81c9350d54f66c6d33b3747ee210c9e", "number": "3379440494", "date": "2021-01-22 00:00:00", "subject": "2", "recorded-or-robo": "Y", "city": "Altus", "state": "OK", "area-code": "337"}, {"id": "deca54a6651fb9add5b4a9816cb62a42", "number": "3379440494", "date": "2021-01-22 00:00:00", "subject": "2", "recorded-or-robo": "Y", "city": "Altus", "state": "OK", "area-code": "337"}, {"id": "e81c9350d54f66c6d33b3747ee20fef7", "number": "5716852634", "date": "2021-01-22 16:43:00", "subject": "3", "recorded-or-robo": "Y", "city": "", "state": "IA", "area-code": "563"}, {"id": "deca54a6651fb9add5b4a9816cb6224c", "number": "5716852634", "date": "2021-01-22 16:43:00", "subject": "3", "recorded-or-robo": "Y", "city": "", "state": "IA", "area-code": "563"}, {"id": "e81c9350d54f66c6d33b3747ee20efc5", "number": "8055008680", "date": "2021-01-22 09:13:00", "subject": "0", "recorded-or-robo": "N", "city": "CAMARILLO", "state": "CA", "area-code": "805"}, {"id": "deca54a6651fb9add5b4a9816cb61e3f", "number": "8055008680", "date": "2021-01-22 09:13:00", "subject": "0", "recorded-or-robo": "N", "city": "CAMARILLO", "state": "CA", "area-code": "805"}, {"id": "e81c9350d54f66c6d33b3747ee20d637", "number": "2095692127", "date": "2021-01-22 10:36:00", "subject": "3", "recorded-or-robo": "N", "city": "", "state": "CA", "area-code": "818"}, {"id": "deca54a6651fb9add5b4a9816cb5e33b", "number": "2095692127", "date": "2021-01-22 10:36:00", "subject": "3", "recorded-or-robo": "N", "city": "", "state": "CA", "area-code": "818"}, {"id": "e81c9350d54f66c6d33b3747ee20ea09", "number": "8582522721", "date": "2021-01-22 10:29:00", "subject": "2", "recorded-or-robo": "N", "city": "Huntington Beach", "state": "CA", "area-code": "818"}, {"id": "deca54a6651fb9add5b4a9816cb60e70", "number": "8582522721", "date": "2021-01-22 10:29:00", "subject": "2", "recorded-or-robo": "N", "city": "Huntington Beach", "state": "CA", "area-code": "818"}, {"id": "e81c9350d54f66c6d33b3747ee20db91", "number": "9736095166", "date": "2021-01-22 17:45:00", "subject": "4", "recorded-or-robo": "N", "city": "Parsippany", "state": "NJ", "area-code": "973"}, {"id": "deca54a6651fb9add5b4a9816cb60400", "number": "9736095166", "date": "2021-01-22 17:45:00", "subject": "4", "recorded-or-robo": "N", "city": "Parsippany", "state": "NJ", "area-code": "973"}, {"id": "e81c9350d54f66c6d33b3747ee55ccaa", "number": "+16612159447", "date": "2021-01-22 17:56:29", "subject": "3", "recorded-or-robo": "N", "city": "", "state": "CA", "area-code": "626"}, {"id": "e81c9350d54f66c6d33b3747ee5557c8", "number": "6035423929", "date": "2021-01-22 17:56:29", "subject": "3", "recorded-or-robo": "Y", "city": "", "state": "NH", "area-code": "603"}, {"id": "e81c9350d54f66c6d33b3747ee20db1c", "number": "2105269581", "date": "2021-01-22 09:55:00", "subject": "1", "recorded-or-robo": "Y", "city": "Owings Mills", "state": "MD", "area-code": "443"}, {"id": "deca54a6651fb9add5b4a9816cea3e13", "number": "+16612159447", "date": "2021-01-22 17:56:29", "subject": "3", "recorded-or-robo": "N", "city": "", "state": "CA", "area-code": "626"}, {"id": "deca54a6651fb9add5b4a9816ce9d66f", "number": "6035423929", "date": "2021-01-22 17:56:29", "subject": "3", "recorded-or-robo": "Y", "city": "", "state": "NH", "area-code": "603"}, {"id": "deca54a6651fb9add5b4a9816cb5facf", "number": "2105269581", "date": "2021-01-22 09:55:00", "subject": "1", "recorded-or-robo": "Y", "city": "Owings Mills", "state": "MD", "area-code": "443"}, {"id": "e81c9350d54f66c6d33b3747ee550bab", "number": "+18502514292", "date": "2021-01-22 17:56:28", "subject": "3", "recorded-or-robo": "Y", "city": "", "state": "FL", "area-code": "727"}, {"id": "deca54a6651fb9add5b4a9816ce9a681", "number": "+18502514292", "date": "2021-01-22 17:56:28", "subject": "3", "recorded-or-robo": "Y", "city": "", "state": "FL", "area-code": "727"}, {"id": "e81c9350d54f66c6d33b3747ee20da39", "number": "6615921670", "date": "2021-01-22 10:55:00", "subject": "6", "recorded-or-robo": "Y", "city": "Bakersfield", "state": "CA", "area-code": "661"}, {"id": "deca54a6651fb9add5b4a9816cb5f18d", "number": "6615921670", "date": "2021-01-22 10:55:00", "subject": "6", "recorded-or-robo": "Y", "city": "Bakersfield", "state": "CA", "area-code": "661"}, {"id": "e81c9350d54f66c6d33b3747ee5d19f9", "number": "2523184174", "date": "2021-01-22 00:00:00", "subject": "3", "recorded-or-robo": "Y", "city": "", "state": "IL", "area-code": "815"}, {"id": "deca54a6651fb9add5b4a9816cf1dbe2", "number": "2523184174", "date": "2021-01-22 00:00:00", "subject": "3", "recorded-or-robo": "Y", "city": "", "state": "IL", "area-code": "815"}, {"id": "e81c9350d54f66c6d33b3747ee55ec90", "number": "+13374761417", "date": "2021-01-22 17:56:20", "subject": "3", "recorded-or-robo": "Y", "city": "", "state": "SC", "area-code": "864"}, {"id": "deca54a6651fb9add5b4a9816cea5b51", "number": "+13374761417", "date": "2021-01-22 17:56:20", "subject": "3", "recorded-or-robo": "Y", "city": "", "state": "SC", "area-code": "864"}, {"id": "e81c9350d54f66c6d33b3747ee20d62d", "number": "8438929754", "date": "2021-01-22 10:29:00", "subject": "2", "recorded-or-robo": "Y", "city": "", "state": "AL", "area-code": "205"}, {"id": "deca54a6651fb9add5b4a9816cb5d590", "number": "8438929754", "date": "2021-01-22 10:29:00", "subject": "2", "recorded-or-robo": "Y", "city": "", "state": "AL", "area-code": "205"}, {"id": "e81c9350d54f66c6d33b3747ee20d407", "number": "8102045249", "date": "2021-01-22 12:48:00", "subject": "0", "recorded-or-robo": "Y", "city": "Plymouth", "state": "MI", "area-code": "734"}, {"id": "deca54a6651fb9add5b4a9816cb5d503", "number": "8102045249", "date": "2021-01-22 12:48:00", "subject": "0", "recorded-or-robo": "Y", "city": "Plymouth", "state": "MI", "area-code": "734"}, {"id": "e81c9350d54f66c6d33b3747ee54fddb", "number": "+15312207678", "date": "2021-01-22 17:56:13", "subject": "3", "recorded-or-robo": "Y", "city": "", "state": "CA", "area-code": "714"}, {"id": "deca54a6651fb9add5b4a9816ce99274", "number": "+15312207678", "date": "2021-01-22 17:56:13", "subject": "3", "recorded-or-robo": "Y", "city": "", "state": "CA", "area-code": "714"}, {"id": "e81c9350d54f66c6d33b3747ee20d161", "number": "6504464101", "date": "2021-01-22 10:53:00", "subject": "2", "recorded-or-robo": "N", "city": "Huntington Beach", "state": "CA", "area-code": "818"}, {"id": "deca54a6651fb9add5b4a9816cb5c708", "number": "6504464101", "date": "2021-01-22 10:53:00", "subject": "2", "recorded-or-robo": "N", "city": "Huntington Beach", "state": "CA", "area-code": "818"}, {"id": "e81c9350d54f66c6d33b3747ee20c2eb", "number": "2076979572", "date": "2021-01-22 17:52:00", "subject": "4", "recorded-or-robo": "Y", "city": "", "state": "ME", "area-code": "207"}, {"id": "e81c9350d54f66c6d33b3747ee20b43d", "number": "4153954496", "date": "2021-01-22 17:22:00", "subject": "4", "recorded-or-robo": "N", "city": "Deltona", "state": "CA", "area-code": "714"}, {"id": "deca54a6651fb9add5b4a9816cb5bcc5", "number": "2076979572", "date": "2021-01-22 17:52:00", "subject": "4", "recorded-or-robo": "Y", "city": "", "state": "ME", "area-code": "207"}, {"id": "deca54a6651fb9add5b4a9816cb5b740", "number": "4153954496", "date": "2021-01-22 17:22:00", "subject": "4", "recorded-or-robo": "N", "city": "Deltona", "state": "CA", "area-code": "714"}, {"id": "e81c9350d54f66c6d33b3747ee20a7a5", "number": "3304390889", "date": "2021-01-22 17:21:00", "subject": "2", "recorded-or-robo": "Y", "city": "", "state": "OH", "area-code": "440"}, {"id": "e81c9350d54f66c6d33b3747ee20a059", "number": "9492848076", "date": "2021-01-22 12:00:00", "subject": "2", "recorded-or-robo": "Y", "city": "Agua Dulce", "state": "CA", "area-code": "661"}, {"id": "deca54a6651fb9add5b4a9816cb5b6ef", "number": "3304390889", "date": "2021-01-22 17:21:00", "subject": "2", "recorded-or-robo": "Y", "city": "", "state": "OH", "area-code": "440"}, {"id": "deca54a6651fb9add5b4a9816cb5b217", "number": "9492848076", "date": "2021-01-22 12:00:00", "subject": "2", "recorded-or-robo": "Y", "city": "Agua Dulce", "state": "CA", "area-code": "661"}, {"id": "e81c9350d54f66c6d33b3747ee208a8d", "number": "5302649074", "date": "2021-01-21 12:48:00", "subject": "4", "recorded-or-robo": "Y", "city": "Orange", "state": "CA", "area-code": "714"}, {"id": "e81c9350d54f66c6d33b3747ee208224", "number": "4017198998", "date": "2021-01-22 06:00:00", "subject": "3", "recorded-or-robo": "Y", "city": "", "state": "IL", "area-code": "618"}, {"id": "deca54a6651fb9add5b4a9816cb5a3dd", "number": "5302649074", "date": "2021-01-21 12:48:00", "subject": "4", "recorded-or-robo": "Y", "city": "Orange", "state": "CA", "area-code": "714"}]}