{"data": [{"id": "3decc6bfadaa436a105714c6baf1fc34", "number": "618251257", "date": "2021-01-26 09:21:00", "subject": "1", "recorded-or-robo": "Y", "city": "Wake Forest", "state": "NC", "area-code": "910"}, {"id": "3decc6bfadaa436a105714c6baf1e714", "number": "8172429789", "date": "2021-01-25 17:00:00", "subject": "2", "recorded-or-robo": "N", "city": "Dallas", "state": "TX", "area-code": "817"}, {"id": "3decc6bfadaa436a105714c6baf1dc15", "number": "6469609330", "date": "2021-01-14 14:01:00", "subject": "5", "recorded-or-robo": "N", "city": "Hopatcong", "state": "NJ", "area-code": "917"}, {"id": "3decc6bfadaa436a105714c6baf1d88d", "number": "7242573546", "date": "2021-01-22 11:20:00", "subject": "2", "recorded-or-robo": "Y", "city": "Phoenixville", "state": "PA", "area-code": "610"}, {"id": "3decc6bfadaa436a105714c6baf1cb54", "number": "3183145236", "date": "2021-01-26 07:57:00", "subject": "1", "recorded-or-robo": "Y", "city": "PENSACOLA", "state": "FL", "area-code": "318"}, {"id": "3decc6bfadaa436a105714c6baf1c513", "number": "5025182125", "date": "2021-01-22 14:52:00", "subject": "1", "recorded-or-robo": "Y", "city": "", "state": "KY", "area-code": "502"}, {"id": "3decc6bfadaa436a105714c6baf1ba03", "number": "6093607334", "date": "2021-01-26 09:32:00", "subject": "1", "recorded-or-robo": "Y", "city": "Galena", "state": "OH", "area-code": "740"}, {"id": "3decc6bfadaa436a105714c6baf1aaba", "number": "7625858270", "date": "2021-01-26 09:21:00", "subject": "5", "recorded-or-robo": "N", "city": "Powder Springs", "state": "GA", "area-code": "770"}, {"id": "3decc6bfadaa436a105714c6baf19ba7", "number": "7732761200", "date": "2021-01-25 17:41:00", "subject": "0", "recorded-or-robo": "Y", "city": "", "state": "IL", "area-code": "630"}, {"id": "3decc6bfadaa436a105714c6baf195e0", "number": "7070760241", "date": "2021-01-20 10:10:00", "subject": "2", "recorded-or-robo": "Y", "city": "", "state": "NY", "area-code": "347"}, {"id": "3decc6bfadaa436a105714c6baf1915b", "number": "8034726788", "date": "2021-01-26 09:34:00", "subject": "0", "recorded-or-robo": "Y", "city": "Fort Mill", "state": "SC", "area-code": "803"}, {"id": "3decc6bfadaa436a105714c6baf18ce4", "number": "8667868202", "date": "2021-01-26 08:37:00", "subject": "2", "recorded-or-robo": "Y", "city": "Hardwick", "state": "VT", "area-code": "802"}, {"id": "3decc6bfadaa436a105714c6baf18a17", "number": "8505594988", "date": "2021-01-26 08:33:00", "subject": "2", "recorded-or-robo": "Y", "city": "", "state": "TX", "area-code": "903"}, {"id": "3decc6bfadaa436a105714c6baf189aa", "number": "9046753477", "date": "2021-01-26 08:59:00", "subject": "1", "recorded-or-robo": "N", "city": "Port Saint Lucie", "state": "FL", "area-code": "772"}, {"id": "3decc6bfadaa436a105714c6baf17ecd", "number": "4073533992", "date": "2021-01-26 09:34:00", "subject": "7", "recorded-or-robo": "N", "city": "Saint Cloud", "state": "FL", "area-code": "407"}, {"id": "3decc6bfadaa436a105714c6baf17c85", "number": "2702127680", "date": "2021-01-19 10:05:00", "subject": "2", "recorded-or-robo": "N", "city": "Hopkinsville", "state": "KY", "area-code": "270"}, {"id": "3decc6bfadaa436a105714c6baf170cd", "number": "8039706855", "date": "2021-01-26 09:30:00", "subject": "6", "recorded-or-robo": "Y", "city": "Fort Mill", "state": "SC", "area-code": "803"}, {"id": "3decc6bfadaa436a105714c6baf1687c", "number": "2542332462", "date": "2021-01-26 21:30:00", "subject": "1", "recorded-or-robo": "Y", "city": "", "state": "NY", "area-code": "347"}, {"id": "3decc6bfadaa436a105714c6baf16842", "number": "6307926914", "date": "2021-01-25 11:58:00", "subject": "0", "recorded-or-robo": "Y", "city": "", "state": "IL", "area-code": "630"}, {"id": "3decc6bfadaa436a105714c6baf16010", "number": "8149382893", "date": "2021-01-26 09:15:00", "subject": "1", "recorded-or-robo": "N", "city": "bloomfield", "state": "MI", "area-code": "248"}, {"id": "3decc6bfadaa436a105714c6baf15961", "number": "7317831895", "date": "2021-01-25 08:30:00", "subject": "6", "recorded-or-robo": "N", "city": "", "state": "TN", "area-code": "731"}, {"id": "3decc6bfadaa436a105714c6baf154d2", "number": "7702857444", "date": "2021-01-26 09:33:00", "subject": "2", "recorded-or-robo": "N", "city": "Suwanee", "state": "GA", "area-code": "770"}, {"id": "3decc6bfadaa436a105714c6baf151a3", "number": "8772769736", "date": "2021-01-26 08:54:00", "subject": "0", "recorded-or-robo": "Y", "city": "Beaufort", "state": "SC", "area-code": "781"}, {"id": "3decc6bfadaa436a105714c6baf14f35", "number": "2402566131", "date": "2021-01-25 10:51:00", "subject": "2", "recorded-or-robo": "", "city": "Baltimore", "state": "MD", "area-code": "410"}, {"id": "3decc6bfadaa436a105714c6baf143c9", "number": "", "date": "2021-01-26 09:23:00", "subject": "2", "recorded-or-robo": "Y", "city": "Washington", "state": "Do", "area-code": "202"}, {"id": "3decc6bfadaa436a105714c6baf143b2", "number": "9732747500", "date": "2021-01-19 13:14:00", "subject": "2", "recorded-or-robo": "N", "city": "Hopkinsville", "state": "KY", "area-code": "270"}, {"id": "3decc6bfadaa436a105714c6baf1427d", "number": "4176789853", "date": "2021-01-26 09:31:00", "subject": "1", "recorded-or-robo": "Y", "city": "WASHINGTON", "state": "Do", "area-code": "217"}, {"id": "3decc6bfadaa436a105714c6baf1376a", "number": "9122053399", "date": "2021-01-26 09:31:00", "subject": "1", "recorded-or-robo": "Y", "city": "Saint Simons Island", "state": "GA", "area-code": "912"}, {"id": "3decc6bfadaa436a105714c6baf12be6", "number": "8138563161", "date": "2021-01-07 17:41:00", "subject": "3", "recorded-or-robo": "", "city": "Riverview", "state": "FL", "area-code": "813"}, {"id": "3decc6bfadaa436a105714c6baf125ce", "number": "3808324440", "date": "2021-01-26 09:26:00", "subject": "1", "recorded-or-robo": "Y", "city": "Washington", "state": "VA", "area-code": "703"}, {"id": "3decc6bfadaa436a105714c6baf11d97", "number": "", "date": "2021-01-26 09:33:00", "subject": "12", "recorded-or-robo": "N", "city": "Suffern", "state": "NY", "area-code": "845"}, {"id": "3decc6bfadaa436a105714c6baf11256", "number": "2403630227", "date": "2021-01-23 09:01:00", "subject": "2", "recorded-or-robo": "Y", "city": "Baltimore", "state": "MD", "area-code": "443"}, {"id": "3decc6bfadaa436a105714c6baf11203", "number": "7274330330", "date": "2021-01-26 09:30:00", "subject": "6", "recorded-or-robo": "Y", "city": "St Petersburg", "state": "FL", "area-code": "727"}, {"id": "3decc6bfadaa436a105714c6baf10c29", "number": "3137561622", "date": "2021-01-26 08:30:00", "subject": "6", "recorded-or-robo": "N", "city": "", "state": "IN", "area-code": "219"}, {"id": "3decc6bfadaa436a105714c6baf10734", "number": "6269179544", "date": "2021-01-26 06:20:00", "subject": "13", "recorded-or-robo": "Y", "city": "", "state": "CA", "area-code": "626"}, {"id": "3decc6bfadaa436a105714c6baf0fb86", "number": "2706427814", "date": "2021-01-19 14:15:00", "subject": "2", "recorded-or-robo": "N", "city": "Hopkinsville", "state": "KY", "area-code": "270"}, {"id": "3decc6bfadaa436a105714c6baf0f864", "number": "8605375850", "date": "2021-01-26 09:30:00", "subject": "8", "recorded-or-robo": "N", "city": "Colchester", "state": "CT", "area-code": "860"}, {"id": "3decc6bfadaa436a105714c6baf0f035", "number": "6162682931", "date": "2021-01-26 12:00:00", "subject": "2", "recorded-or-robo": "Y", "city": "Minneapolis", "state": "MN", "area-code": "612"}, {"id": "3decc6bfadaa436a105714c6baf0bb9d", "number": "7043360212", "date": "2021-01-26 09:31:00", "subject": "3", "recorded-or-robo": "N", "city": "", "state": "NC", "area-code": "704"}, {"id": "3decc6bfadaa436a105714c6baf0e43f", "number": "6167277893", "date": "2021-01-26 09:30:00", "subject": "2", "recorded-or-robo": "N", "city": "", "state": "MI", "area-code": "586"}, {"id": "3decc6bfadaa436a105714c6baf0df9e", "number": "", "date": "2021-01-25 12:00:00", "subject": "2", "recorded-or-robo": "Y", "city": "Lawrenceville", "state": "NJ", "area-code": "609"}, {"id": "3decc6bfadaa436a105714c6baf0d20f", "number": "4432140717", "date": "2021-01-25 10:25:00", "subject": "12", "recorded-or-robo": "Y", "city": "Baltimore", "state": "MD", "area-code": "443"}, {"id": "3decc6bfadaa436a105714c6baf0cb88", "number": "7272689339", "date": "2021-01-08 10:44:00", "subject": "2", "recorded-or-robo": "N", "city": "Riverview", "state": "FL", "area-code": "813"}, {"id": "3decc6bfadaa436a105714c6baf0c00a", "number": "8053037177", "date": "2021-01-26 07:25:00", "subject": "6", "recorded-or-robo": "N", "city": "", "state": "CA", "area-code": "805"}, {"id": "3decc6bfadaa436a105714c6baf0bc11", "number": "4102193636", "date": "2021-01-19 13:14:00", "subject": "2", "recorded-or-robo": "N", "city": "Hopkinsville", "state": "KY", "area-code": "270"}, {"id": "3decc6bfadaa436a105714c6baf0af46", "number": "5153291022", "date": "2021-01-25 13:05:00", "subject": "2", "recorded-or-robo": "N", "city": "Flushing", "state": "MI", "area-code": "810"}, {"id": "3decc6bfadaa436a105714c6baf0a5d1", "number": "", "date": "2021-01-26 09:13:00", "subject": "2", "recorded-or-robo": "Y", "city": "Washington", "state": "Do", "area-code": "202"}, {"id": "3decc6bfadaa436a105714c6baf06cbd", "number": "8437727113", "date": "2021-01-26 09:27:00", "subject": "3", "recorded-or-robo": "N", "city": "", "state": "SC", "area-code": "843"}, {"id": "3decc6bfadaa436a105714c6baf0a3d5", "number": "6025825685", "date": "2021-01-26 07:05:00", "subject": "0", "recorded-or-robo": "N", "city": "Phoenix", "state": "AZ", "area-code": "602"}, {"id": "3decc6bfadaa436a105714c6baf09465", "number": "6167277893", "date": "2021-01-26 09:30:00", "subject": "2", "recorded-or-robo": "Y", "city": "", "state": "MI", "area-code": "313"}]}