{"data": [{"id": "1d36742e3f24f50e4e7ae82801121be3", "number": "8663333474", "date": "2021-01-22 18:56:00", "subject": "2", "recorded-or-robo": "N", "city": "Essexville", "state": "MI", "area-code": "989"}, {"id": "e81c9350d54f66c6d33b3747ee7d0c94", "number": "4793814128", "date": "2021-01-20 12:24:00", "subject": "3", "recorded-or-robo": "Y", "city": "", "state": "AR", "area-code": "479"}, {"id": "1d36742e3f24f50e4e7ae828011202cd", "number": "4793814128", "date": "2021-01-20 12:24:00", "subject": "3", "recorded-or-robo": "Y", "city": "", "state": "AR", "area-code": "479"}, {"id": "e81c9350d54f66c6d33b3747eec6d4a3", "number": "2058312683", "date": "2021-01-22 17:42:00", "subject": "3", "recorded-or-robo": "Y", "city": "", "state": "AL", "area-code": "205"}, {"id": "1d36742e3f24f50e4e7ae828015c200f", "number": "2058312683", "date": "2021-01-22 17:42:00", "subject": "3", "recorded-or-robo": "Y", "city": "", "state": "AL", "area-code": "205"}, {"id": "e81c9350d54f66c6d33b3747ee7d07fc", "number": "4109736276", "date": "2021-01-22 16:56:00", "subject": "2", "recorded-or-robo": "Y", "city": "Hyattsville", "state": "MD", "area-code": "301"}, {"id": "1d36742e3f24f50e4e7ae8280111f6f6", "number": "4109736276", "date": "2021-01-22 16:56:00", "subject": "2", "recorded-or-robo": "Y", "city": "Hyattsville", "state": "MD", "area-code": "301"}, {"id": "e81c9350d54f66c6d33b3747ee7d0771", "number": "6625461591", "date": "2021-01-21 11:50:00", "subject": "3", "recorded-or-robo": "N", "city": "", "state": "TX", "area-code": "210"}, {"id": "1d36742e3f24f50e4e7ae8280111f51c", "number": "6625461591", "date": "2021-01-21 11:50:00", "subject": "3", "recorded-or-robo": "N", "city": "", "state": "TX", "area-code": "210"}, {"id": "e81c9350d54f66c6d33b3747ee7cf88a", "number": "8884230900", "date": "2021-01-22 19:40:00", "subject": "11", "recorded-or-robo": "Y", "city": "Fort  Washington", "state": "MD", "area-code": "301"}, {"id": "1d36742e3f24f50e4e7ae8280111edba", "number": "8884230900", "date": "2021-01-22 19:40:00", "subject": "11", "recorded-or-robo": "Y", "city": "Fort  Washington", "state": "MD", "area-code": "301"}, {"id": "e81c9350d54f66c6d33b3747ee7cf2f2", "number": "9252123142", "date": "2021-01-22 12:50:00", "subject": "2", "recorded-or-robo": "Y", "city": "Arroyo Grande", "state": "CA", "area-code": "925"}, {"id": "1d36742e3f24f50e4e7ae8280111e728", "number": "9252123142", "date": "2021-01-22 12:50:00", "subject": "2", "recorded-or-robo": "Y", "city": "Arroyo Grande", "state": "CA", "area-code": "925"}, {"id": "e81c9350d54f66c6d33b3747ee7ce906", "number": "9084228621", "date": "2021-01-21 15:03:00", "subject": "2", "recorded-or-robo": "", "city": "South Orange", "state": "NJ", "area-code": "973"}, {"id": "1d36742e3f24f50e4e7ae8280111d9b4", "number": "9084228621", "date": "2021-01-21 15:03:00", "subject": "2", "recorded-or-robo": "", "city": "South Orange", "state": "NJ", "area-code": "973"}, {"id": "e81c9350d54f66c6d33b3747eea99129", "number": "9045338756", "date": "2021-01-22 20:09:34", "subject": "3", "recorded-or-robo": "Y", "city": "", "state": "FL", "area-code": "904"}, {"id": "1d36742e3f24f50e4e7ae828013e810c", "number": "9045338756", "date": "2021-01-22 20:09:34", "subject": "3", "recorded-or-robo": "Y", "city": "", "state": "FL", "area-code": "904"}, {"id": "e81c9350d54f66c6d33b3747ee7ce601", "number": "8152398867", "date": "2021-01-15 12:55:00", "subject": "2", "recorded-or-robo": "Y", "city": "", "state": "IL", "area-code": "815"}, {"id": "1d36742e3f24f50e4e7ae8280111c9d4", "number": "8152398867", "date": "2021-01-15 12:55:00", "subject": "2", "recorded-or-robo": "Y", "city": "", "state": "IL", "area-code": "815"}, {"id": "e81c9350d54f66c6d33b3747ee7cdefe", "number": "", "date": "2021-01-22 12:00:00", "subject": "2", "recorded-or-robo": "Y", "city": "Florissant", "state": "MO", "area-code": "314"}, {"id": "1d36742e3f24f50e4e7ae8280111c114", "number": "", "date": "2021-01-22 12:00:00", "subject": "2", "recorded-or-robo": "Y", "city": "Florissant", "state": "MO", "area-code": "314"}, {"id": "e81c9350d54f66c6d33b3747ee7cd500", "number": "2014788040", "date": "2021-01-22 20:07:00", "subject": "1", "recorded-or-robo": "N", "city": "", "state": "NJ", "area-code": "973"}, {"id": "1d36742e3f24f50e4e7ae8280111b323", "number": "2014788040", "date": "2021-01-22 20:07:00", "subject": "1", "recorded-or-robo": "N", "city": "", "state": "NJ", "area-code": "973"}, {"id": "e81c9350d54f66c6d33b3747eea97d74", "number": "3362977030", "date": "2021-01-22 20:09:22", "subject": "3", "recorded-or-robo": "N", "city": "", "state": "NY", "area-code": "718"}, {"id": "1d36742e3f24f50e4e7ae828013e763a", "number": "3362977030", "date": "2021-01-22 20:09:22", "subject": "3", "recorded-or-robo": "N", "city": "", "state": "NY", "area-code": "718"}, {"id": "e81c9350d54f66c6d33b3747ee7cd1f5", "number": "7262002074", "date": "2021-01-21 11:19:00", "subject": "3", "recorded-or-robo": "N", "city": "", "state": "TX", "area-code": "210"}, {"id": "1d36742e3f24f50e4e7ae8280111af01", "number": "7262002074", "date": "2021-01-21 11:19:00", "subject": "3", "recorded-or-robo": "N", "city": "", "state": "TX", "area-code": "210"}, {"id": "e81c9350d54f66c6d33b3747ee7cc976", "number": "8137334218", "date": "2021-01-22 17:32:00", "subject": "0", "recorded-or-robo": "Y", "city": "Land O Lakes", "state": "FL", "area-code": "813"}, {"id": "1d36742e3f24f50e4e7ae8280111a70e", "number": "8137334218", "date": "2021-01-22 17:32:00", "subject": "0", "recorded-or-robo": "Y", "city": "Land O Lakes", "state": "FL", "area-code": "813"}, {"id": "e81c9350d54f66c6d33b3747ee7cc1b7", "number": "4103210264", "date": "2021-01-22 12:56:00", "subject": "2", "recorded-or-robo": "", "city": "South Orange", "state": "NJ", "area-code": "973"}, {"id": "1d36742e3f24f50e4e7ae82801119788", "number": "4103210264", "date": "2021-01-22 12:56:00", "subject": "2", "recorded-or-robo": "", "city": "South Orange", "state": "NJ", "area-code": "973"}, {"id": "e81c9350d54f66c6d33b3747ee7cb969", "number": "9414456749", "date": "2021-01-22 20:06:00", "subject": "9", "recorded-or-robo": "Y", "city": "orlando", "state": "FL", "area-code": "407"}, {"id": "1d36742e3f24f50e4e7ae828011189ee", "number": "9414456749", "date": "2021-01-22 20:06:00", "subject": "9", "recorded-or-robo": "Y", "city": "orlando", "state": "FL", "area-code": "407"}, {"id": "e81c9350d54f66c6d33b3747ee7cae35", "number": "2407202839", "date": "2021-01-22 14:57:00", "subject": "2", "recorded-or-robo": "Y", "city": "Hyattsville", "state": "MD", "area-code": "301"}, {"id": "1d36742e3f24f50e4e7ae82801118597", "number": "2407202839", "date": "2021-01-22 14:57:00", "subject": "2", "recorded-or-robo": "Y", "city": "Hyattsville", "state": "MD", "area-code": "301"}, {"id": "e81c9350d54f66c6d33b3747eea9aa9f", "number": "+13108303289", "date": "2021-01-22 20:08:25", "subject": "3", "recorded-or-robo": "Y", "city": "", "state": "CA", "area-code": "310"}, {"id": "1d36742e3f24f50e4e7ae828013e920a", "number": "+13108303289", "date": "2021-01-22 20:08:25", "subject": "3", "recorded-or-robo": "Y", "city": "", "state": "CA", "area-code": "310"}, {"id": "e81c9350d54f66c6d33b3747eea9cded", "number": "7472653579", "date": "2021-01-22 20:08:08", "subject": "3", "recorded-or-robo": "Y", "city": "", "state": "CA", "area-code": "310"}, {"id": "1d36742e3f24f50e4e7ae828013eab9e", "number": "7472653579", "date": "2021-01-22 20:08:08", "subject": "3", "recorded-or-robo": "Y", "city": "", "state": "CA", "area-code": "310"}, {"id": "e81c9350d54f66c6d33b3747ee7cab2d", "number": "9252123686", "date": "2021-01-22 09:46:00", "subject": "2", "recorded-or-robo": "Y", "city": "Arroyo Grande", "state": "CA", "area-code": "925"}, {"id": "1d36742e3f24f50e4e7ae828011178e6", "number": "9252123686", "date": "2021-01-22 09:46:00", "subject": "2", "recorded-or-robo": "Y", "city": "Arroyo Grande", "state": "CA", "area-code": "925"}, {"id": "e81c9350d54f66c6d33b3747ee7ca7c3", "number": "8555335018", "date": "2021-01-22 13:36:00", "subject": "2", "recorded-or-robo": "", "city": "South Orange", "state": "NJ", "area-code": "973"}, {"id": "1d36742e3f24f50e4e7ae82801116a9e", "number": "8555335018", "date": "2021-01-22 13:36:00", "subject": "2", "recorded-or-robo": "", "city": "South Orange", "state": "NJ", "area-code": "973"}, {"id": "e81c9350d54f66c6d33b3747ee7c99a4", "number": "5416231165", "date": "2021-01-22 12:47:00", "subject": "2", "recorded-or-robo": "Y", "city": "Hyattsville", "state": "MD", "area-code": "301"}, {"id": "1d36742e3f24f50e4e7ae82801115cb5", "number": "5416231165", "date": "2021-01-22 12:47:00", "subject": "2", "recorded-or-robo": "Y", "city": "Hyattsville", "state": "MD", "area-code": "301"}, {"id": "e81c9350d54f66c6d33b3747ee7c93b8", "number": "9417409687", "date": "2021-01-22 16:35:00", "subject": "7", "recorded-or-robo": "N", "city": "Bradenton", "state": "FL", "area-code": "941"}, {"id": "1d36742e3f24f50e4e7ae82801114dfb", "number": "9417409687", "date": "2021-01-22 16:35:00", "subject": "7", "recorded-or-robo": "N", "city": "Bradenton", "state": "FL", "area-code": "941"}, {"id": "e81c9350d54f66c6d33b3747ee7c83dc", "number": "2104596268", "date": "2021-01-15 18:13:00", "subject": "3", "recorded-or-robo": "N", "city": "", "state": "TX", "area-code": "210"}, {"id": "1d36742e3f24f50e4e7ae82801113ff2", "number": "2104596268", "date": "2021-01-15 18:13:00", "subject": "3", "recorded-or-robo": "N", "city": "", "state": "TX", "area-code": "210"}, {"id": "e81c9350d54f66c6d33b3747ee7c8232", "number": "2123691556", "date": "2021-01-21 15:16:00", "subject": "5", "recorded-or-robo": "Y", "city": "Colorado Springs", "state": "CO", "area-code": "719"}]}