{"data": [{"id": "e81c9350d54f66c6d33b3747ee752684", "number": "", "date": "2021-01-22 17:19:00", "subject": "3", "recorded-or-robo": "N", "city": "", "state": "TX", "area-code": "214"}, {"id": "1d36742e3f24f50e4e7ae828010a4ae7", "number": "3179537039", "date": "2021-01-20 09:27:00", "subject": "3", "recorded-or-robo": "Y", "city": "Indianapolis", "state": "IN", "area-code": "317"}, {"id": "1d36742e3f24f50e4e7ae828010a359e", "number": "", "date": "2021-01-22 17:19:00", "subject": "3", "recorded-or-robo": "N", "city": "", "state": "TX", "area-code": "214"}, {"id": "e81c9350d54f66c6d33b3747eea6e592", "number": "8609877071", "date": "2021-01-22 19:45:31", "subject": "3", "recorded-or-robo": "Y", "city": "", "state": "CT", "area-code": "860"}, {"id": "1d36742e3f24f50e4e7ae828013bc081", "number": "8609877071", "date": "2021-01-22 19:45:31", "subject": "3", "recorded-or-robo": "Y", "city": "", "state": "CT", "area-code": "860"}, {"id": "e81c9350d54f66c6d33b3747ee7540f5", "number": "9564832378", "date": "2021-01-22 18:42:00", "subject": "9", "recorded-or-robo": "Y", "city": "Houston", "state": "TX", "area-code": "713"}, {"id": "1d36742e3f24f50e4e7ae828010a451e", "number": "9564832378", "date": "2021-01-22 18:42:00", "subject": "9", "recorded-or-robo": "Y", "city": "Houston", "state": "TX", "area-code": "713"}, {"id": "e81c9350d54f66c6d33b3747ee753641", "number": "8663585973", "date": "2021-01-17 15:39:00", "subject": "2", "recorded-or-robo": "Y", "city": "Medford", "state": "OR", "area-code": "541"}, {"id": "1d36742e3f24f50e4e7ae828010a3a58", "number": "8663585973", "date": "2021-01-17 15:39:00", "subject": "2", "recorded-or-robo": "Y", "city": "Medford", "state": "OR", "area-code": "541"}, {"id": "e81c9350d54f66c6d33b3747eea6a66a", "number": "6502399486", "date": "2021-01-22 19:45:14", "subject": "3", "recorded-or-robo": "Y", "city": "", "state": "TX", "area-code": "972"}, {"id": "1d36742e3f24f50e4e7ae828013b88cb", "number": "6502399486", "date": "2021-01-22 19:45:14", "subject": "3", "recorded-or-robo": "Y", "city": "", "state": "TX", "area-code": "972"}, {"id": "e81c9350d54f66c6d33b3747eea72f59", "number": "8605304787", "date": "2021-01-22 19:45:09", "subject": "3", "recorded-or-robo": "Y", "city": "", "state": "CT", "area-code": "860"}, {"id": "1d36742e3f24f50e4e7ae828013c0747", "number": "8605304787", "date": "2021-01-22 19:45:09", "subject": "3", "recorded-or-robo": "Y", "city": "", "state": "CT", "area-code": "860"}, {"id": "e81c9350d54f66c6d33b3747eea735f1", "number": "8605304787", "date": "2021-01-22 19:45:08", "subject": "3", "recorded-or-robo": "Y", "city": "", "state": "CT", "area-code": "860"}, {"id": "1d36742e3f24f50e4e7ae828013c1007", "number": "8605304787", "date": "2021-01-22 19:45:08", "subject": "3", "recorded-or-robo": "Y", "city": "", "state": "CT", "area-code": "860"}, {"id": "e81c9350d54f66c6d33b3747ee75262d", "number": "8018453439", "date": "2021-01-22 15:27:00", "subject": "0", "recorded-or-robo": "N", "city": "Kaysville", "state": "UT", "area-code": "801"}, {"id": "1d36742e3f24f50e4e7ae828010a2ef7", "number": "8018453439", "date": "2021-01-22 15:27:00", "subject": "0", "recorded-or-robo": "N", "city": "Kaysville", "state": "UT", "area-code": "801"}, {"id": "e81c9350d54f66c6d33b3747eea69d96", "number": "8605322107", "date": "2021-01-22 19:44:53", "subject": "3", "recorded-or-robo": "Y", "city": "", "state": "CT", "area-code": "860"}, {"id": "1d36742e3f24f50e4e7ae828013b80c6", "number": "8605322107", "date": "2021-01-22 19:44:53", "subject": "3", "recorded-or-robo": "Y", "city": "", "state": "CT", "area-code": "860"}, {"id": "e81c9350d54f66c6d33b3747eea6db68", "number": "5622707674", "date": "2021-01-22 19:44:52", "subject": "3", "recorded-or-robo": "Y", "city": "", "state": "TX", "area-code": "972"}, {"id": "e81c9350d54f66c6d33b3747eea690d1", "number": "8605322107", "date": "2021-01-22 19:44:52", "subject": "3", "recorded-or-robo": "Y", "city": "", "state": "CT", "area-code": "860"}, {"id": "1d36742e3f24f50e4e7ae828013bb239", "number": "5622707674", "date": "2021-01-22 19:44:52", "subject": "3", "recorded-or-robo": "Y", "city": "", "state": "TX", "area-code": "972"}, {"id": "1d36742e3f24f50e4e7ae828013b7cf2", "number": "8605322107", "date": "2021-01-22 19:44:52", "subject": "3", "recorded-or-robo": "Y", "city": "", "state": "CT", "area-code": "860"}, {"id": "e81c9350d54f66c6d33b3747ee7519b3", "number": "9412690453", "date": "2021-01-22 15:09:00", "subject": "3", "recorded-or-robo": "N", "city": "APOLLO BEACH", "state": "FL", "area-code": "813"}, {"id": "1d36742e3f24f50e4e7ae828010a1f1f", "number": "9412690453", "date": "2021-01-22 15:09:00", "subject": "3", "recorded-or-robo": "N", "city": "APOLLO BEACH", "state": "FL", "area-code": "813"}, {"id": "e81c9350d54f66c6d33b3747ee750a07", "number": "4793832425", "date": "2021-01-11 15:46:00", "subject": "3", "recorded-or-robo": "Y", "city": "", "state": "AR", "area-code": "479"}, {"id": "1d36742e3f24f50e4e7ae828010a165b", "number": "4793832425", "date": "2021-01-11 15:46:00", "subject": "3", "recorded-or-robo": "Y", "city": "", "state": "AR", "area-code": "479"}, {"id": "e81c9350d54f66c6d33b3747eea705a2", "number": "+12259605658", "date": "2021-01-22 19:44:46", "subject": "3", "recorded-or-robo": "N", "city": "", "state": "LA", "area-code": "504"}, {"id": "e81c9350d54f66c6d33b3747ee750129", "number": "2022215303", "date": "2021-01-21 11:15:00", "subject": "0", "recorded-or-robo": "", "city": "Southampton", "state": "MA", "area-code": "413"}, {"id": "e81c9350d54f66c6d33b3747ee74fb30", "number": "6306328929", "date": "2021-01-20 15:00:00", "subject": "2", "recorded-or-robo": "Y", "city": "Hanover Park", "state": "IL", "area-code": "630"}, {"id": "1d36742e3f24f50e4e7ae828013beda1", "number": "+12259605658", "date": "2021-01-22 19:44:46", "subject": "3", "recorded-or-robo": "N", "city": "", "state": "LA", "area-code": "504"}, {"id": "1d36742e3f24f50e4e7ae828010a140e", "number": "2022215303", "date": "2021-01-21 11:15:00", "subject": "0", "recorded-or-robo": "", "city": "Southampton", "state": "MA", "area-code": "413"}, {"id": "1d36742e3f24f50e4e7ae828010a0d0a", "number": "6306328929", "date": "2021-01-20 15:00:00", "subject": "2", "recorded-or-robo": "Y", "city": "Hanover Park", "state": "IL", "area-code": "630"}, {"id": "e81c9350d54f66c6d33b3747ee74ef3a", "number": "3128151171", "date": "2021-01-22 12:42:00", "subject": "0", "recorded-or-robo": "", "city": "Monee", "state": "IL", "area-code": "708"}, {"id": "1d36742e3f24f50e4e7ae828010a0251", "number": "3128151171", "date": "2021-01-22 12:42:00", "subject": "0", "recorded-or-robo": "", "city": "Monee", "state": "IL", "area-code": "708"}, {"id": "e81c9350d54f66c6d33b3747ee74e92a", "number": "3239179660", "date": "2021-01-20 16:12:00", "subject": "2", "recorded-or-robo": "N", "city": "Maumelle", "state": "AR", "area-code": "501"}, {"id": "1d36742e3f24f50e4e7ae828010a00ad", "number": "3239179660", "date": "2021-01-20 16:12:00", "subject": "2", "recorded-or-robo": "N", "city": "Maumelle", "state": "AR", "area-code": "501"}, {"id": "e81c9350d54f66c6d33b3747eea6f4cf", "number": "8604068415", "date": "2021-01-22 19:44:39", "subject": "3", "recorded-or-robo": "Y", "city": "", "state": "CT", "area-code": "860"}, {"id": "e81c9350d54f66c6d33b3747ee74df77", "number": "3144963267", "date": "2021-01-22 16:50:00", "subject": "1", "recorded-or-robo": "Y", "city": "", "state": "MO", "area-code": "314"}, {"id": "1d36742e3f24f50e4e7ae828013bdb1e", "number": "8604068415", "date": "2021-01-22 19:44:39", "subject": "3", "recorded-or-robo": "Y", "city": "", "state": "CT", "area-code": "860"}, {"id": "1d36742e3f24f50e4e7ae8280109fd9f", "number": "3144963267", "date": "2021-01-22 16:50:00", "subject": "1", "recorded-or-robo": "Y", "city": "", "state": "MO", "area-code": "314"}, {"id": "e81c9350d54f66c6d33b3747ee74db82", "number": "7866330492", "date": "2021-01-22 19:34:00", "subject": "4", "recorded-or-robo": "Y", "city": "Atlanta", "state": "GA", "area-code": "404"}, {"id": "1d36742e3f24f50e4e7ae8280109fbc4", "number": "7866330492", "date": "2021-01-22 19:34:00", "subject": "4", "recorded-or-robo": "Y", "city": "Atlanta", "state": "GA", "area-code": "404"}, {"id": "e81c9350d54f66c6d33b3747eea6e209", "number": "8604068415", "date": "2021-01-22 19:44:25", "subject": "3", "recorded-or-robo": "Y", "city": "", "state": "CT", "area-code": "860"}, {"id": "1d36742e3f24f50e4e7ae828013bbe25", "number": "8604068415", "date": "2021-01-22 19:44:25", "subject": "3", "recorded-or-robo": "Y", "city": "", "state": "CT", "area-code": "860"}, {"id": "e81c9350d54f66c6d33b3747eea6c228", "number": "9088836053", "date": "2021-01-22 19:44:20", "subject": "3", "recorded-or-robo": "Y", "city": "", "state": "NJ", "area-code": "908"}, {"id": "1d36742e3f24f50e4e7ae828013b9d5a", "number": "9088836053", "date": "2021-01-22 19:44:20", "subject": "3", "recorded-or-robo": "Y", "city": "", "state": "NJ", "area-code": "908"}, {"id": "e81c9350d54f66c6d33b3747eea749a7", "number": "+17635157619", "date": "2021-01-22 19:44:18", "subject": "3", "recorded-or-robo": "Y", "city": "", "state": "SC", "area-code": "803"}, {"id": "1d36742e3f24f50e4e7ae828013c180c", "number": "+17635157619", "date": "2021-01-22 19:44:18", "subject": "3", "recorded-or-robo": "Y", "city": "", "state": "SC", "area-code": "803"}, {"id": "e81c9350d54f66c6d33b3747ee74cfb3", "number": "8663581511", "date": "2021-01-17 16:02:00", "subject": "2", "recorded-or-robo": "Y", "city": "Medford", "state": "OR", "area-code": "541"}]}