{"data": [{"id": "deca54a6651fb9add5b4a9816cbcb9ca", "number": "9162315378", "date": "2021-01-22 14:52:00", "subject": "0", "recorded-or-robo": "Y", "city": "", "state": "CA", "area-code": "916"}, {"id": "e81c9350d54f66c6d33b3747ee276020", "number": "6787840738", "date": "2021-01-21 18:00:00", "subject": "4", "recorded-or-robo": "Y", "city": "Loganville", "state": "GA", "area-code": "678"}, {"id": "deca54a6651fb9add5b4a9816cbcac9a", "number": "6787840738", "date": "2021-01-21 18:00:00", "subject": "4", "recorded-or-robo": "Y", "city": "Loganville", "state": "GA", "area-code": "678"}, {"id": "e81c9350d54f66c6d33b3747ee2752df", "number": "", "date": "2021-01-13 13:17:00", "subject": "0", "recorded-or-robo": "Y", "city": "Old Bridge", "state": "NJ", "area-code": "973"}, {"id": "deca54a6651fb9add5b4a9816cbc9f54", "number": "", "date": "2021-01-13 13:17:00", "subject": "0", "recorded-or-robo": "Y", "city": "Old Bridge", "state": "NJ", "area-code": "973"}, {"id": "e81c9350d54f66c6d33b3747ee572548", "number": "3022060008", "date": "2021-01-22 18:07:52", "subject": "3", "recorded-or-robo": "Y", "city": "", "state": "DE", "area-code": "302"}, {"id": "deca54a6651fb9add5b4a9816ceb9a07", "number": "3022060008", "date": "2021-01-22 18:07:52", "subject": "3", "recorded-or-robo": "Y", "city": "", "state": "DE", "area-code": "302"}, {"id": "e81c9350d54f66c6d33b3747ee2749f6", "number": "5048146424", "date": "2021-01-22 16:39:00", "subject": "0", "recorded-or-robo": "Y", "city": "", "state": "TX", "area-code": "210"}, {"id": "deca54a6651fb9add5b4a9816cbc959c", "number": "5048146424", "date": "2021-01-22 16:39:00", "subject": "0", "recorded-or-robo": "Y", "city": "", "state": "TX", "area-code": "210"}, {"id": "e81c9350d54f66c6d33b3747ee273a40", "number": "9544336857", "date": "2021-01-21 09:14:00", "subject": "0", "recorded-or-robo": "Y", "city": "Spring", "state": "TX", "area-code": "281"}, {"id": "e81c9350d54f66c6d33b3747ee272a48", "number": "6369224182", "date": "2021-01-22 16:38:00", "subject": "1", "recorded-or-robo": "Y", "city": "St Charles", "state": "MO", "area-code": "636"}, {"id": "deca54a6651fb9add5b4a9816cbc87c6", "number": "9544336857", "date": "2021-01-21 09:14:00", "subject": "0", "recorded-or-robo": "Y", "city": "Spring", "state": "TX", "area-code": "281"}, {"id": "deca54a6651fb9add5b4a9816cbc820e", "number": "6369224182", "date": "2021-01-22 16:38:00", "subject": "1", "recorded-or-robo": "Y", "city": "St Charles", "state": "MO", "area-code": "636"}, {"id": "e81c9350d54f66c6d33b3747ee27290b", "number": "8646408997", "date": "2021-01-22 00:00:00", "subject": "3", "recorded-or-robo": "Y", "city": "", "state": "AZ", "area-code": "520"}, {"id": "e81c9350d54f66c6d33b3747ee272056", "number": "6152289440", "date": "2021-01-22 17:03:00", "subject": "2", "recorded-or-robo": "Y", "city": "", "state": "TN", "area-code": "615"}, {"id": "deca54a6651fb9add5b4a9816cbc7d1b", "number": "8646408997", "date": "2021-01-22 00:00:00", "subject": "3", "recorded-or-robo": "Y", "city": "", "state": "AZ", "area-code": "520"}, {"id": "deca54a6651fb9add5b4a9816cbc72e0", "number": "6152289440", "date": "2021-01-22 17:03:00", "subject": "2", "recorded-or-robo": "Y", "city": "", "state": "TN", "area-code": "615"}, {"id": "e81c9350d54f66c6d33b3747ee271092", "number": "5074677364", "date": "2021-01-06 11:10:00", "subject": "11", "recorded-or-robo": "Y", "city": "San Simeon", "state": "CA", "area-code": "805"}, {"id": "deca54a6651fb9add5b4a9816cbc69df", "number": "5074677364", "date": "2021-01-06 11:10:00", "subject": "11", "recorded-or-robo": "Y", "city": "San Simeon", "state": "CA", "area-code": "805"}, {"id": "e81c9350d54f66c6d33b3747ee270c97", "number": "2072686569", "date": "2021-01-22 17:58:00", "subject": "4", "recorded-or-robo": "Y", "city": "Salem", "state": "MA", "area-code": "207"}, {"id": "deca54a6651fb9add5b4a9816cbc5b57", "number": "2072686569", "date": "2021-01-22 17:58:00", "subject": "4", "recorded-or-robo": "Y", "city": "Salem", "state": "MA", "area-code": "207"}, {"id": "e81c9350d54f66c6d33b3747ee571c99", "number": "2018908783", "date": "2021-01-22 18:07:36", "subject": "3", "recorded-or-robo": "N", "city": "", "state": "NJ", "area-code": "201"}, {"id": "deca54a6651fb9add5b4a9816ceb93b3", "number": "2018908783", "date": "2021-01-22 18:07:36", "subject": "3", "recorded-or-robo": "N", "city": "", "state": "NJ", "area-code": "201"}, {"id": "e81c9350d54f66c6d33b3747ee5d537c", "number": "3144818563", "date": "2021-01-22 17:01:00", "subject": "3", "recorded-or-robo": "Y", "city": "", "state": "MO", "area-code": "314"}, {"id": "deca54a6651fb9add5b4a9816cf2123b", "number": "3144818563", "date": "2021-01-22 17:01:00", "subject": "3", "recorded-or-robo": "Y", "city": "", "state": "MO", "area-code": "314"}, {"id": "e81c9350d54f66c6d33b3747ee270b1c", "number": "8103701", "date": "2021-01-22 17:58:00", "subject": "4", "recorded-or-robo": "Y", "city": "Birmingham", "state": "MI", "area-code": "248"}, {"id": "e81c9350d54f66c6d33b3747ee27005c", "number": "9363679381", "date": "2021-01-21 13:32:00", "subject": "2", "recorded-or-robo": "N", "city": "Huntington Beach", "state": "CA", "area-code": "818"}, {"id": "deca54a6651fb9add5b4a9816cbc5573", "number": "8103701", "date": "2021-01-22 17:58:00", "subject": "4", "recorded-or-robo": "Y", "city": "Birmingham", "state": "MI", "area-code": "248"}, {"id": "deca54a6651fb9add5b4a9816cbc4581", "number": "9363679381", "date": "2021-01-21 13:32:00", "subject": "2", "recorded-or-robo": "N", "city": "Huntington Beach", "state": "CA", "area-code": "818"}, {"id": "e81c9350d54f66c6d33b3747ee26ff61", "number": "7735334263", "date": "2021-01-22 14:13:00", "subject": "0", "recorded-or-robo": "Y", "city": "CHICAGO", "state": "IL", "area-code": "773"}, {"id": "deca54a6651fb9add5b4a9816cbc4510", "number": "7735334263", "date": "2021-01-22 14:13:00", "subject": "0", "recorded-or-robo": "Y", "city": "CHICAGO", "state": "IL", "area-code": "773"}, {"id": "e81c9350d54f66c6d33b3747ee5d45b9", "number": "", "date": "2021-01-22 15:02:00", "subject": "3", "recorded-or-robo": "Y", "city": "", "state": "CA", "area-code": "415"}, {"id": "deca54a6651fb9add5b4a9816cf20ac7", "number": "", "date": "2021-01-22 15:02:00", "subject": "3", "recorded-or-robo": "Y", "city": "", "state": "CA", "area-code": "415"}, {"id": "e81c9350d54f66c6d33b3747ee26f4ec", "number": "5203805815", "date": "2021-01-22 00:00:00", "subject": "3", "recorded-or-robo": "Y", "city": "", "state": "AZ", "area-code": "520"}, {"id": "deca54a6651fb9add5b4a9816cbc3c5e", "number": "5203805815", "date": "2021-01-22 00:00:00", "subject": "3", "recorded-or-robo": "Y", "city": "", "state": "AZ", "area-code": "520"}, {"id": "e81c9350d54f66c6d33b3747ee26eb7f", "number": "5013125674", "date": "2021-01-20 09:37:00", "subject": "2", "recorded-or-robo": "Y", "city": "Cincinnati", "state": "OH", "area-code": "513"}, {"id": "deca54a6651fb9add5b4a9816cbc38c4", "number": "5013125674", "date": "2021-01-20 09:37:00", "subject": "2", "recorded-or-robo": "Y", "city": "Cincinnati", "state": "OH", "area-code": "513"}, {"id": "e81c9350d54f66c6d33b3747ee5734b0", "number": "7574935365", "date": "2021-01-22 18:07:22", "subject": "3", "recorded-or-robo": "N", "city": "", "state": "VA", "area-code": "757"}, {"id": "deca54a6651fb9add5b4a9816ceba966", "number": "7574935365", "date": "2021-01-22 18:07:22", "subject": "3", "recorded-or-robo": "N", "city": "", "state": "VA", "area-code": "757"}, {"id": "e81c9350d54f66c6d33b3747ee26e86a", "number": "3014765551", "date": "2021-01-22 13:22:00", "subject": "0", "recorded-or-robo": "", "city": "", "state": "MD", "area-code": "443"}, {"id": "deca54a6651fb9add5b4a9816cbc293e", "number": "3014765551", "date": "2021-01-22 13:22:00", "subject": "0", "recorded-or-robo": "", "city": "", "state": "MD", "area-code": "443"}, {"id": "e81c9350d54f66c6d33b3747ee26e0c0", "number": "3155091775", "date": "2021-01-22 16:32:00", "subject": "2", "recorded-or-robo": "Y", "city": "Ogdensburg", "state": "NY", "area-code": "315"}, {"id": "deca54a6651fb9add5b4a9816cbc1e94", "number": "3155091775", "date": "2021-01-22 16:32:00", "subject": "2", "recorded-or-robo": "Y", "city": "Ogdensburg", "state": "NY", "area-code": "315"}, {"id": "e81c9350d54f66c6d33b3747ee574d8a", "number": "9182359684", "date": "2021-01-22 18:07:10", "subject": "3", "recorded-or-robo": "Y", "city": "", "state": "OK", "area-code": "918"}, {"id": "deca54a6651fb9add5b4a9816cebccf6", "number": "9182359684", "date": "2021-01-22 18:07:10", "subject": "3", "recorded-or-robo": "Y", "city": "", "state": "OK", "area-code": "918"}, {"id": "e81c9350d54f66c6d33b3747ee26d20d", "number": "9177942010", "date": "2021-01-22 00:00:00", "subject": "2", "recorded-or-robo": "Y", "city": "Kellyville", "state": "OK", "area-code": "207"}, {"id": "e81c9350d54f66c6d33b3747ee26d204", "number": "9803389575", "date": "2021-01-22 18:00:00", "subject": "8", "recorded-or-robo": "Y", "city": "", "state": "VA", "area-code": "757"}, {"id": "deca54a6651fb9add5b4a9816cbc146f", "number": "9177942010", "date": "2021-01-22 00:00:00", "subject": "2", "recorded-or-robo": "Y", "city": "Kellyville", "state": "OK", "area-code": "207"}, {"id": "deca54a6651fb9add5b4a9816cbc09dc", "number": "9803389575", "date": "2021-01-22 18:00:00", "subject": "8", "recorded-or-robo": "Y", "city": "", "state": "VA", "area-code": "757"}, {"id": "e81c9350d54f66c6d33b3747ee56f13a", "number": "+18559784336", "date": "2021-01-22 18:07:05", "subject": "3", "recorded-or-robo": "Y", "city": "", "state": "CA", "area-code": "818"}]}