{"data": [{"id": "1d36742e3f24f50e4e7ae8280145af2d", "number": "9034142694", "date": "2021-01-22 21:01:54", "subject": "3", "recorded-or-robo": "Y", "city": "", "state": "TX", "area-code": "903"}, {"id": "e81c9350d54f66c6d33b3747eeb11fdb", "number": "8884705720", "date": "2021-01-22 21:01:52", "subject": "3", "recorded-or-robo": "N", "city": "", "state": "CA", "area-code": "714"}, {"id": "e81c9350d54f66c6d33b3747eeb06ce7", "number": "+18004300848", "date": "2021-01-22 21:01:52", "subject": "3", "recorded-or-robo": "Y", "city": "", "state": "FL", "area-code": "904"}, {"id": "1d36742e3f24f50e4e7ae8280145de75", "number": "8884705720", "date": "2021-01-22 21:01:52", "subject": "3", "recorded-or-robo": "N", "city": "", "state": "CA", "area-code": "714"}, {"id": "1d36742e3f24f50e4e7ae82801455bd2", "number": "+18004300848", "date": "2021-01-22 21:01:52", "subject": "3", "recorded-or-robo": "Y", "city": "", "state": "FL", "area-code": "904"}, {"id": "e81c9350d54f66c6d33b3747ee882b15", "number": "8133859780", "date": "2021-01-18 12:53:00", "subject": "2", "recorded-or-robo": "Y", "city": "TAMPA", "state": "FL", "area-code": "813"}, {"id": "1d36742e3f24f50e4e7ae828011dec6d", "number": "8133859780", "date": "2021-01-18 12:53:00", "subject": "2", "recorded-or-robo": "Y", "city": "TAMPA", "state": "FL", "area-code": "813"}, {"id": "e81c9350d54f66c6d33b3747ee882692", "number": "5205007644", "date": "2021-01-08 13:02:00", "subject": "2", "recorded-or-robo": "Y", "city": "Tucson", "state": "AZ", "area-code": "520"}, {"id": "1d36742e3f24f50e4e7ae828011de14c", "number": "5205007644", "date": "2021-01-08 13:02:00", "subject": "2", "recorded-or-robo": "Y", "city": "Tucson", "state": "AZ", "area-code": "520"}, {"id": "e81c9350d54f66c6d33b3747eeb0af8a", "number": "3302662162", "date": "2021-01-22 21:01:31", "subject": "3", "recorded-or-robo": "Y", "city": "", "state": "OH", "area-code": "513"}, {"id": "1d36742e3f24f50e4e7ae8280145a46f", "number": "3302662162", "date": "2021-01-22 21:01:31", "subject": "3", "recorded-or-robo": "Y", "city": "", "state": "OH", "area-code": "513"}, {"id": "e81c9350d54f66c6d33b3747ee881cc2", "number": "4254195823", "date": "2021-01-20 08:17:00", "subject": "3", "recorded-or-robo": "Y", "city": "", "state": "WA", "area-code": "425"}, {"id": "e81c9350d54f66c6d33b3747ee881c61", "number": "6083792497", "date": "2021-01-22 19:51:00", "subject": "9", "recorded-or-robo": "Y", "city": "Kenosha", "state": "WI", "area-code": "262"}, {"id": "1d36742e3f24f50e4e7ae828011dd6b7", "number": "4254195823", "date": "2021-01-20 08:17:00", "subject": "3", "recorded-or-robo": "Y", "city": "", "state": "WA", "area-code": "425"}, {"id": "1d36742e3f24f50e4e7ae828011dd5b3", "number": "6083792497", "date": "2021-01-22 19:51:00", "subject": "9", "recorded-or-robo": "Y", "city": "Kenosha", "state": "WI", "area-code": "262"}, {"id": "e81c9350d54f66c6d33b3747ee881636", "number": "3106626046", "date": "2021-01-20 00:00:00", "subject": "1", "recorded-or-robo": "Y", "city": "", "state": "CA", "area-code": "805"}, {"id": "1d36742e3f24f50e4e7ae828011dcc1e", "number": "3106626046", "date": "2021-01-20 00:00:00", "subject": "1", "recorded-or-robo": "Y", "city": "", "state": "CA", "area-code": "805"}, {"id": "e81c9350d54f66c6d33b3747ee880b81", "number": "5466399", "date": "2021-01-22 14:32:00", "subject": "2", "recorded-or-robo": "Y", "city": "Jonestown", "state": "TX", "area-code": "512"}, {"id": "1d36742e3f24f50e4e7ae828011dc98f", "number": "5466399", "date": "2021-01-22 14:32:00", "subject": "2", "recorded-or-robo": "Y", "city": "Jonestown", "state": "TX", "area-code": "512"}, {"id": "e81c9350d54f66c6d33b3747ee8804a6", "number": "2569010359", "date": "2021-01-22 09:51:00", "subject": "3", "recorded-or-robo": "Y", "city": "", "state": "AL", "area-code": "334"}, {"id": "1d36742e3f24f50e4e7ae828011db9cd", "number": "2569010359", "date": "2021-01-22 09:51:00", "subject": "3", "recorded-or-robo": "Y", "city": "", "state": "AL", "area-code": "334"}, {"id": "e81c9350d54f66c6d33b3747ee88040f", "number": "", "date": "2021-01-22 12:28:00", "subject": "2", "recorded-or-robo": "Y", "city": "Williamsburg", "state": "VA", "area-code": "408"}, {"id": "1d36742e3f24f50e4e7ae828011daaba", "number": "", "date": "2021-01-22 12:28:00", "subject": "2", "recorded-or-robo": "Y", "city": "Williamsburg", "state": "VA", "area-code": "408"}, {"id": "e81c9350d54f66c6d33b3747ee87f50a", "number": "3605653609", "date": "2021-01-22 15:00:00", "subject": "1", "recorded-or-robo": "Y", "city": "Tenino", "state": "WA", "area-code": "360"}, {"id": "1d36742e3f24f50e4e7ae828011da9be", "number": "3605653609", "date": "2021-01-22 15:00:00", "subject": "1", "recorded-or-robo": "Y", "city": "Tenino", "state": "WA", "area-code": "360"}, {"id": "e81c9350d54f66c6d33b3747eeb151da", "number": "5123127614", "date": "2021-01-22 21:00:59", "subject": "3", "recorded-or-robo": "N", "city": "", "state": "TX", "area-code": "956"}, {"id": "1d36742e3f24f50e4e7ae828014624ee", "number": "5123127614", "date": "2021-01-22 21:00:59", "subject": "3", "recorded-or-robo": "N", "city": "", "state": "TX", "area-code": "956"}, {"id": "e81c9350d54f66c6d33b3747eeb05e1f", "number": "4077075302", "date": "2021-01-22 21:00:43", "subject": "3", "recorded-or-robo": "N", "city": "", "state": "FL", "area-code": "407"}, {"id": "1d36742e3f24f50e4e7ae828014552bc", "number": "4077075302", "date": "2021-01-22 21:00:43", "subject": "3", "recorded-or-robo": "N", "city": "", "state": "FL", "area-code": "407"}, {"id": "e81c9350d54f66c6d33b3747ee87f215", "number": "9254535085", "date": "2021-01-22 16:49:00", "subject": "2", "recorded-or-robo": "Y", "city": "Yucca Valley", "state": "CA", "area-code": "760"}, {"id": "1d36742e3f24f50e4e7ae828011da5e6", "number": "9254535085", "date": "2021-01-22 16:49:00", "subject": "2", "recorded-or-robo": "Y", "city": "Yucca Valley", "state": "CA", "area-code": "760"}, {"id": "e81c9350d54f66c6d33b3747ee87e846", "number": "9145664707", "date": "2021-01-21 00:00:00", "subject": "1", "recorded-or-robo": "Y", "city": "", "state": "CA", "area-code": "805"}, {"id": "1d36742e3f24f50e4e7ae828011d9787", "number": "9145664707", "date": "2021-01-21 00:00:00", "subject": "1", "recorded-or-robo": "Y", "city": "", "state": "CA", "area-code": "805"}, {"id": "e81c9350d54f66c6d33b3747ee87e472", "number": "", "date": "2021-01-22 00:00:00", "subject": "4", "recorded-or-robo": "Y", "city": "", "state": "IL", "area-code": "224"}, {"id": "1d36742e3f24f50e4e7ae828011d8c9a", "number": "", "date": "2021-01-22 00:00:00", "subject": "4", "recorded-or-robo": "Y", "city": "", "state": "IL", "area-code": "224"}, {"id": "e81c9350d54f66c6d33b3747eeb0de4a", "number": "3012456840", "date": "2021-01-22 21:00:16", "subject": "3", "recorded-or-robo": "Y", "city": "", "state": "MD", "area-code": "301"}, {"id": "1d36742e3f24f50e4e7ae8280145c88d", "number": "3012456840", "date": "2021-01-22 21:00:16", "subject": "3", "recorded-or-robo": "Y", "city": "", "state": "MD", "area-code": "301"}, {"id": "e81c9350d54f66c6d33b3747eeb15665", "number": "+12249701227", "date": "2021-01-22 21:00:08", "subject": "3", "recorded-or-robo": "Y", "city": "", "state": "IL", "area-code": "224"}, {"id": "1d36742e3f24f50e4e7ae82801462b87", "number": "+12249701227", "date": "2021-01-22 21:00:08", "subject": "3", "recorded-or-robo": "Y", "city": "", "state": "IL", "area-code": "224"}, {"id": "e81c9350d54f66c6d33b3747eeb042ab", "number": "3013291712", "date": "2021-01-22 21:00:07", "subject": "3", "recorded-or-robo": "Y", "city": "", "state": "MD", "area-code": "301"}, {"id": "1d36742e3f24f50e4e7ae82801454326", "number": "3013291712", "date": "2021-01-22 21:00:07", "subject": "3", "recorded-or-robo": "Y", "city": "", "state": "MD", "area-code": "301"}, {"id": "e81c9350d54f66c6d33b3747eeb09a0a", "number": "9738340121", "date": "2021-01-22 20:59:57", "subject": "3", "recorded-or-robo": "Y", "city": "", "state": "NJ", "area-code": "973"}, {"id": "1d36742e3f24f50e4e7ae8280145975d", "number": "9738340121", "date": "2021-01-22 20:59:57", "subject": "3", "recorded-or-robo": "Y", "city": "", "state": "NJ", "area-code": "973"}, {"id": "e81c9350d54f66c6d33b3747eeafdafc", "number": "+16194190628", "date": "2021-01-22 20:59:47", "subject": "3", "recorded-or-robo": "Y", "city": "", "state": "CA", "area-code": "619"}, {"id": "e81c9350d54f66c6d33b3747ee87d754", "number": "8136857672", "date": "2021-01-18 17:45:00", "subject": "2", "recorded-or-robo": "Y", "city": "TAMPA", "state": "FL", "area-code": "813"}, {"id": "1d36742e3f24f50e4e7ae8280144d7f9", "number": "+16194190628", "date": "2021-01-22 20:59:47", "subject": "3", "recorded-or-robo": "Y", "city": "", "state": "CA", "area-code": "619"}, {"id": "1d36742e3f24f50e4e7ae828011d841b", "number": "8136857672", "date": "2021-01-18 17:45:00", "subject": "2", "recorded-or-robo": "Y", "city": "TAMPA", "state": "FL", "area-code": "813"}, {"id": "e81c9350d54f66c6d33b3747ee87d671", "number": "243840313027", "date": "2021-01-22 16:11:00", "subject": "0", "recorded-or-robo": "N", "city": "Kennewick", "state": "WA", "area-code": "509"}, {"id": "1d36742e3f24f50e4e7ae828011d7954", "number": "243840313027", "date": "2021-01-22 16:11:00", "subject": "0", "recorded-or-robo": "N", "city": "Kennewick", "state": "WA", "area-code": "509"}, {"id": "e81c9350d54f66c6d33b3747eeafaea1", "number": "6576575064", "date": "2021-01-22 20:59:39", "subject": "3", "recorded-or-robo": "N", "city": "", "state": "TX", "area-code": "210"}]}