{"data": [{"id": "3decc6bfadaa436a105714c6ba83bc65", "number": "+14432673055", "date": "2021-01-23 22:09:22", "subject": "3", "recorded-or-robo": "N", "city": "", "state": "MD", "area-code": "443"}, {"id": "03e293b3df9e35eadf15c561191a0955", "number": "+14432673055", "date": "2021-01-23 22:09:22", "subject": "3", "recorded-or-robo": "N", "city": "", "state": "MD", "area-code": "443"}, {"id": "3decc6bfadaa436a105714c6ba6f64da", "number": "4138254198", "date": "2021-01-11 13:33:00", "subject": "0", "recorded-or-robo": "Y", "city": "Sammamish", "state": "MA", "area-code": "413"}, {"id": "03e293b3df9e35eadf15c56119057ccd", "number": "4138254198", "date": "2021-01-11 13:33:00", "subject": "0", "recorded-or-robo": "Y", "city": "Sammamish", "state": "MA", "area-code": "413"}, {"id": "3decc6bfadaa436a105714c6ba83b40c", "number": "+16184271056", "date": "2021-01-23 22:08:54", "subject": "3", "recorded-or-robo": "Y", "city": "", "state": "WA", "area-code": "206"}, {"id": "03e293b3df9e35eadf15c561191a068f", "number": "+16184271056", "date": "2021-01-23 22:08:54", "subject": "3", "recorded-or-robo": "Y", "city": "", "state": "WA", "area-code": "206"}, {"id": "3decc6bfadaa436a105714c6ba6f5b26", "number": "", "date": "2021-01-23 19:06:00", "subject": "3", "recorded-or-robo": "N", "city": "", "state": "CA", "area-code": "619"}, {"id": "03e293b3df9e35eadf15c56119056966", "number": "", "date": "2021-01-23 19:06:00", "subject": "3", "recorded-or-robo": "N", "city": "", "state": "CA", "area-code": "619"}, {"id": "3decc6bfadaa436a105714c6ba83c418", "number": "+16164462686", "date": "2021-01-23 22:08:28", "subject": "3", "recorded-or-robo": "Y", "city": "", "state": "MI", "area-code": "616"}, {"id": "03e293b3df9e35eadf15c561191a1741", "number": "+16164462686", "date": "2021-01-23 22:08:28", "subject": "3", "recorded-or-robo": "Y", "city": "", "state": "MI", "area-code": "616"}, {"id": "3decc6bfadaa436a105714c6ba6f5c3b", "number": "781814916", "date": "2021-01-11 14:11:00", "subject": "0", "recorded-or-robo": "Y", "city": "Sammamish", "state": "MA", "area-code": "781"}, {"id": "03e293b3df9e35eadf15c56119056ff1", "number": "781814916", "date": "2021-01-11 14:11:00", "subject": "0", "recorded-or-robo": "Y", "city": "Sammamish", "state": "MA", "area-code": "781"}, {"id": "3decc6bfadaa436a105714c6ba6f55a1", "number": "4138764715", "date": "2021-01-11 15:39:00", "subject": "0", "recorded-or-robo": "Y", "city": "Sammamish", "state": "MA", "area-code": "413"}, {"id": "03e293b3df9e35eadf15c56119055d77", "number": "4138764715", "date": "2021-01-11 15:39:00", "subject": "0", "recorded-or-robo": "Y", "city": "Sammamish", "state": "MA", "area-code": "413"}, {"id": "3decc6bfadaa436a105714c6ba6f4765", "number": "2069158984", "date": "2021-01-12 07:19:00", "subject": "0", "recorded-or-robo": "Y", "city": "Sammamish", "state": "WA", "area-code": "206"}, {"id": "03e293b3df9e35eadf15c5611905584c", "number": "2069158984", "date": "2021-01-12 07:19:00", "subject": "0", "recorded-or-robo": "Y", "city": "Sammamish", "state": "WA", "area-code": "206"}, {"id": "3decc6bfadaa436a105714c6ba6f3a24", "number": "6122305236", "date": "2021-01-22 16:13:00", "subject": "2", "recorded-or-robo": "Y", "city": "roseville", "state": "MN", "area-code": "612"}, {"id": "03e293b3df9e35eadf15c561190554d2", "number": "6122305236", "date": "2021-01-22 16:13:00", "subject": "2", "recorded-or-robo": "Y", "city": "roseville", "state": "MN", "area-code": "612"}, {"id": "3decc6bfadaa436a105714c6ba6f32f6", "number": "4134539568", "date": "2021-01-12 08:19:00", "subject": "0", "recorded-or-robo": "Y", "city": "Sammamish", "state": "MA", "area-code": "413"}, {"id": "03e293b3df9e35eadf15c56119055284", "number": "4134539568", "date": "2021-01-12 08:19:00", "subject": "0", "recorded-or-robo": "Y", "city": "Sammamish", "state": "MA", "area-code": "413"}, {"id": "3decc6bfadaa436a105714c6ba6f2bd6", "number": "2165609023", "date": "2021-01-23 14:19:00", "subject": "0", "recorded-or-robo": "", "city": "Lyndhurst", "state": "OH", "area-code": "216"}, {"id": "03e293b3df9e35eadf15c56119054c20", "number": "2165609023", "date": "2021-01-23 14:19:00", "subject": "0", "recorded-or-robo": "", "city": "Lyndhurst", "state": "OH", "area-code": "216"}, {"id": "3decc6bfadaa436a105714c6ba83a273", "number": "3474460945", "date": "2021-01-23 22:05:46", "subject": "3", "recorded-or-robo": "Y", "city": "", "state": "TX", "area-code": "214"}, {"id": "03e293b3df9e35eadf15c5611919ea03", "number": "3474460945", "date": "2021-01-23 22:05:46", "subject": "3", "recorded-or-robo": "Y", "city": "", "state": "TX", "area-code": "214"}, {"id": "3decc6bfadaa436a105714c6ba839be9", "number": "2033095319", "date": "2021-01-23 22:05:23", "subject": "3", "recorded-or-robo": "Y", "city": "", "state": "TX", "area-code": "214"}, {"id": "03e293b3df9e35eadf15c5611919e244", "number": "2033095319", "date": "2021-01-23 22:05:23", "subject": "3", "recorded-or-robo": "Y", "city": "", "state": "TX", "area-code": "214"}, {"id": "3decc6bfadaa436a105714c6ba83a5b6", "number": "2033095319", "date": "2021-01-23 22:05:22", "subject": "3", "recorded-or-robo": "Y", "city": "", "state": "TX", "area-code": "214"}, {"id": "03e293b3df9e35eadf15c561191a03fc", "number": "2033095319", "date": "2021-01-23 22:05:22", "subject": "3", "recorded-or-robo": "Y", "city": "", "state": "TX", "area-code": "214"}, {"id": "3decc6bfadaa436a105714c6ba6f26ad", "number": "2069154413", "date": "2021-01-15 11:46:00", "subject": "0", "recorded-or-robo": "Y", "city": "Sammamish", "state": "WA", "area-code": "206"}, {"id": "03e293b3df9e35eadf15c56119053cbb", "number": "2069154413", "date": "2021-01-15 11:46:00", "subject": "0", "recorded-or-robo": "Y", "city": "Sammamish", "state": "WA", "area-code": "206"}, {"id": "3decc6bfadaa436a105714c6ba6f1df2", "number": "2167439303", "date": "2021-01-23 10:50:00", "subject": "0", "recorded-or-robo": "", "city": "Lyndhurst", "state": "OH", "area-code": "216"}, {"id": "03e293b3df9e35eadf15c561190537e3", "number": "2167439303", "date": "2021-01-23 10:50:00", "subject": "0", "recorded-or-robo": "", "city": "Lyndhurst", "state": "OH", "area-code": "216"}, {"id": "3decc6bfadaa436a105714c6ba6f128b", "number": "8009218105", "date": "2021-01-22 15:20:00", "subject": "2", "recorded-or-robo": "", "city": "", "state": "TX", "area-code": "254"}, {"id": "03e293b3df9e35eadf15c56119052d03", "number": "8009218105", "date": "2021-01-22 15:20:00", "subject": "2", "recorded-or-robo": "", "city": "", "state": "TX", "area-code": "254"}, {"id": "3decc6bfadaa436a105714c6ba6f0a2b", "number": "8005695299", "date": "2021-01-16 09:53:00", "subject": "0", "recorded-or-robo": "Y", "city": "Sammamish", "state": "", "area-code": "800"}, {"id": "03e293b3df9e35eadf15c561190523d8", "number": "8005695299", "date": "2021-01-16 09:53:00", "subject": "0", "recorded-or-robo": "Y", "city": "Sammamish", "state": "", "area-code": "800"}, {"id": "3decc6bfadaa436a105714c6ba6f0620", "number": "2029181056", "date": "2021-01-23 09:19:00", "subject": "2", "recorded-or-robo": "", "city": "", "state": "TX", "area-code": "254"}, {"id": "03e293b3df9e35eadf15c561190514d0", "number": "2029181056", "date": "2021-01-23 09:19:00", "subject": "2", "recorded-or-robo": "", "city": "", "state": "TX", "area-code": "254"}, {"id": "3decc6bfadaa436a105714c6ba6efe99", "number": "5414749356", "date": "2021-01-16 17:26:00", "subject": "0", "recorded-or-robo": "Y", "city": "Sammamish", "state": "OR", "area-code": "541"}, {"id": "03e293b3df9e35eadf15c56119050d55", "number": "5414749356", "date": "2021-01-16 17:26:00", "subject": "0", "recorded-or-robo": "Y", "city": "Sammamish", "state": "OR", "area-code": "541"}, {"id": "3decc6bfadaa436a105714c6ba83a2cf", "number": "+19544978655", "date": "2021-01-23 22:03:16", "subject": "3", "recorded-or-robo": "Y", "city": "", "state": "FL", "area-code": "954"}, {"id": "03e293b3df9e35eadf15c5611919f9a5", "number": "+19544978655", "date": "2021-01-23 22:03:16", "subject": "3", "recorded-or-robo": "Y", "city": "", "state": "FL", "area-code": "954"}, {"id": "3decc6bfadaa436a105714c6ba6ef33e", "number": "7247855703", "date": "2021-01-22 13:02:00", "subject": "2", "recorded-or-robo": "Y", "city": "Saxonburg", "state": "PA", "area-code": "724"}, {"id": "03e293b3df9e35eadf15c561190509dc", "number": "7247855703", "date": "2021-01-22 13:02:00", "subject": "2", "recorded-or-robo": "Y", "city": "Saxonburg", "state": "PA", "area-code": "724"}, {"id": "3decc6bfadaa436a105714c6ba6ee6f8", "number": "5865808490", "date": "2021-01-23 15:28:00", "subject": "2", "recorded-or-robo": "", "city": "", "state": "MI", "area-code": "586"}, {"id": "03e293b3df9e35eadf15c5611904fc35", "number": "5865808490", "date": "2021-01-23 15:28:00", "subject": "2", "recorded-or-robo": "", "city": "", "state": "MI", "area-code": "586"}, {"id": "3decc6bfadaa436a105714c6ba6edffb", "number": "2066539111", "date": "2021-01-19 11:18:00", "subject": "0", "recorded-or-robo": "Y", "city": "Sammamish", "state": "WA", "area-code": "206"}, {"id": "03e293b3df9e35eadf15c5611904ed6a", "number": "2066539111", "date": "2021-01-19 11:18:00", "subject": "0", "recorded-or-robo": "Y", "city": "Sammamish", "state": "WA", "area-code": "206"}, {"id": "3decc6bfadaa436a105714c6ba6ed9ab", "number": "3604824965", "date": "2021-01-20 13:13:00", "subject": "0", "recorded-or-robo": "Y", "city": "Sammamish", "state": "WA", "area-code": "360"}, {"id": "03e293b3df9e35eadf15c5611904e42b", "number": "3604824965", "date": "2021-01-20 13:13:00", "subject": "0", "recorded-or-robo": "Y", "city": "Sammamish", "state": "WA", "area-code": "360"}]}