{"data": [{"id": "3decc6bfadaa436a105714c6ba73aeea", "number": "8339542465", "date": "2021-01-23 10:45:00", "subject": "2", "recorded-or-robo": "Y", "city": "Moneta", "state": "VA", "area-code": "540"}, {"id": "03e293b3df9e35eadf15c5611909d03d", "number": "8339542465", "date": "2021-01-23 10:45:00", "subject": "2", "recorded-or-robo": "Y", "city": "Moneta", "state": "VA", "area-code": "540"}, {"id": "3decc6bfadaa436a105714c6ba73ac49", "number": "2819343104", "date": "2021-01-22 15:24:00", "subject": "3", "recorded-or-robo": "", "city": "", "state": "TX", "area-code": "281"}, {"id": "03e293b3df9e35eadf15c5611909cda3", "number": "2819343104", "date": "2021-01-22 15:24:00", "subject": "3", "recorded-or-robo": "", "city": "", "state": "TX", "area-code": "281"}, {"id": "3decc6bfadaa436a105714c6ba73a04c", "number": "6516399813", "date": "2021-01-12 10:11:00", "subject": "0", "recorded-or-robo": "Y", "city": "Saint Paul", "state": "MN", "area-code": "651"}, {"id": "03e293b3df9e35eadf15c5611909c323", "number": "6516399813", "date": "2021-01-12 10:11:00", "subject": "0", "recorded-or-robo": "Y", "city": "Saint Paul", "state": "MN", "area-code": "651"}, {"id": "3decc6bfadaa436a105714c6ba73912e", "number": "9376575883", "date": "2021-01-22 20:45:00", "subject": "1", "recorded-or-robo": "N", "city": "Bellevue", "state": "OH", "area-code": "567"}, {"id": "03e293b3df9e35eadf15c5611909c06e", "number": "9376575883", "date": "2021-01-22 20:45:00", "subject": "1", "recorded-or-robo": "N", "city": "Bellevue", "state": "OH", "area-code": "567"}, {"id": "3decc6bfadaa436a105714c6ba736ffd", "number": "9546946298", "date": "2021-01-23 11:47:00", "subject": "3", "recorded-or-robo": "", "city": "", "state": "TX", "area-code": "281"}, {"id": "03e293b3df9e35eadf15c56119099d83", "number": "9546946298", "date": "2021-01-23 11:47:00", "subject": "3", "recorded-or-robo": "", "city": "", "state": "TX", "area-code": "281"}, {"id": "3decc6bfadaa436a105714c6ba7388ae", "number": "3126860680", "date": "2021-01-23 22:46:00", "subject": "3", "recorded-or-robo": "Y", "city": "", "state": "IL", "area-code": "708"}, {"id": "03e293b3df9e35eadf15c5611909b2e3", "number": "3126860680", "date": "2021-01-23 22:46:00", "subject": "3", "recorded-or-robo": "Y", "city": "", "state": "IL", "area-code": "708"}, {"id": "3decc6bfadaa436a105714c6ba858a51", "number": "7146432819", "date": "2021-01-23 23:56:55", "subject": "3", "recorded-or-robo": "Y", "city": "", "state": "CA", "area-code": "949"}, {"id": "03e293b3df9e35eadf15c561191c1274", "number": "7146432819", "date": "2021-01-23 23:56:55", "subject": "3", "recorded-or-robo": "Y", "city": "", "state": "CA", "area-code": "949"}, {"id": "3decc6bfadaa436a105714c6ba737c3a", "number": "7259773396", "date": "2021-01-23 12:14:00", "subject": "0", "recorded-or-robo": "Y", "city": "Las Vegas", "state": "NV", "area-code": "702"}, {"id": "03e293b3df9e35eadf15c5611909a652", "number": "7259773396", "date": "2021-01-23 12:14:00", "subject": "0", "recorded-or-robo": "Y", "city": "Las Vegas", "state": "NV", "area-code": "702"}, {"id": "3decc6bfadaa436a105714c6ba736aad", "number": "12212352702425", "date": "2021-01-22 12:35:00", "subject": "1", "recorded-or-robo": "N", "city": "Bellevue", "state": "OH", "area-code": "567"}, {"id": "03e293b3df9e35eadf15c56119099a8f", "number": "12212352702425", "date": "2021-01-22 12:35:00", "subject": "1", "recorded-or-robo": "N", "city": "Bellevue", "state": "OH", "area-code": "567"}, {"id": "3decc6bfadaa436a105714c6ba735bff", "number": "8763238575", "date": "2021-01-13 12:29:00", "subject": "0", "recorded-or-robo": "Y", "city": "Saint Paul", "state": "MN", "area-code": "651"}, {"id": "03e293b3df9e35eadf15c561190994b1", "number": "8763238575", "date": "2021-01-13 12:29:00", "subject": "0", "recorded-or-robo": "Y", "city": "Saint Paul", "state": "MN", "area-code": "651"}, {"id": "3decc6bfadaa436a105714c6ba735435", "number": "2066272513", "date": "2021-01-23 14:05:00", "subject": "2", "recorded-or-robo": "Y", "city": "Manchester", "state": "MO", "area-code": "314"}, {"id": "03e293b3df9e35eadf15c56119099192", "number": "2066272513", "date": "2021-01-23 14:05:00", "subject": "2", "recorded-or-robo": "Y", "city": "Manchester", "state": "MO", "area-code": "314"}, {"id": "3decc6bfadaa436a105714c6ba7348df", "number": "9166559208", "date": "2021-01-23 10:12:00", "subject": "2", "recorded-or-robo": "N", "city": "", "state": "CA", "area-code": "916"}, {"id": "03e293b3df9e35eadf15c56119098eef", "number": "9166559208", "date": "2021-01-23 10:12:00", "subject": "2", "recorded-or-robo": "N", "city": "", "state": "CA", "area-code": "916"}, {"id": "3decc6bfadaa436a105714c6ba7329ef", "number": "2819883202", "date": "2021-01-23 11:39:00", "subject": "3", "recorded-or-robo": "", "city": "", "state": "TX", "area-code": "281"}, {"id": "03e293b3df9e35eadf15c56119096ddd", "number": "2819883202", "date": "2021-01-23 11:39:00", "subject": "3", "recorded-or-robo": "", "city": "", "state": "TX", "area-code": "281"}, {"id": "3decc6bfadaa436a105714c6ba733e65", "number": "8442130804", "date": "2021-01-22 12:35:00", "subject": "1", "recorded-or-robo": "N", "city": "Bellevue", "state": "OH", "area-code": "567"}, {"id": "03e293b3df9e35eadf15c56119098510", "number": "8442130804", "date": "2021-01-22 12:35:00", "subject": "1", "recorded-or-robo": "N", "city": "Bellevue", "state": "OH", "area-code": "567"}, {"id": "3decc6bfadaa436a105714c6ba733551", "number": "8637484273", "date": "2021-01-23 12:29:00", "subject": "0", "recorded-or-robo": "Y", "city": "Las Vegas", "state": "NV", "area-code": "702"}, {"id": "03e293b3df9e35eadf15c56119097703", "number": "8637484273", "date": "2021-01-23 12:29:00", "subject": "0", "recorded-or-robo": "Y", "city": "Las Vegas", "state": "NV", "area-code": "702"}, {"id": "3decc6bfadaa436a105714c6ba732243", "number": "6513983114", "date": "2021-01-13 13:51:00", "subject": "0", "recorded-or-robo": "Y", "city": "Saint Paul", "state": "MN", "area-code": "651"}, {"id": "03e293b3df9e35eadf15c56119096544", "number": "6513983114", "date": "2021-01-13 13:51:00", "subject": "0", "recorded-or-robo": "Y", "city": "Saint Paul", "state": "MN", "area-code": "651"}, {"id": "3decc6bfadaa436a105714c6ba731730", "number": "8637484273", "date": "2021-01-23 12:29:00", "subject": "0", "recorded-or-robo": "Y", "city": "Las Vegas", "state": "NV", "area-code": "702"}, {"id": "03e293b3df9e35eadf15c561190955d9", "number": "8637484273", "date": "2021-01-23 12:29:00", "subject": "0", "recorded-or-robo": "Y", "city": "Las Vegas", "state": "NV", "area-code": "702"}, {"id": "3decc6bfadaa436a105714c6ba7307a1", "number": "7732430399", "date": "2021-01-14 13:02:00", "subject": "0", "recorded-or-robo": "Y", "city": "Saint Paul", "state": "MN", "area-code": "651"}, {"id": "03e293b3df9e35eadf15c5611909508c", "number": "7732430399", "date": "2021-01-14 13:02:00", "subject": "0", "recorded-or-robo": "Y", "city": "Saint Paul", "state": "MN", "area-code": "651"}, {"id": "3decc6bfadaa436a105714c6ba85725c", "number": "8138898164", "date": "2021-01-23 23:53:29", "subject": "3", "recorded-or-robo": "Y", "city": "", "state": "FL", "area-code": "813"}, {"id": "03e293b3df9e35eadf15c561191c0f46", "number": "8138898164", "date": "2021-01-23 23:53:29", "subject": "3", "recorded-or-robo": "Y", "city": "", "state": "FL", "area-code": "813"}, {"id": "3decc6bfadaa436a105714c6ba73077d", "number": "6519254458", "date": "2021-01-15 13:41:00", "subject": "0", "recorded-or-robo": "Y", "city": "Saint Paul", "state": "MN", "area-code": "651"}, {"id": "03e293b3df9e35eadf15c56119094d06", "number": "6519254458", "date": "2021-01-15 13:41:00", "subject": "0", "recorded-or-robo": "Y", "city": "Saint Paul", "state": "MN", "area-code": "651"}, {"id": "3decc6bfadaa436a105714c6ba856cc3", "number": "8503745343", "date": "2021-01-23 23:51:29", "subject": "3", "recorded-or-robo": "Y", "city": "", "state": "TX", "area-code": "210"}, {"id": "03e293b3df9e35eadf15c561191c036a", "number": "8503745343", "date": "2021-01-23 23:51:29", "subject": "3", "recorded-or-robo": "Y", "city": "", "state": "TX", "area-code": "210"}, {"id": "3decc6bfadaa436a105714c6ba72fbda", "number": "8768567038", "date": "2021-01-16 20:46:00", "subject": "0", "recorded-or-robo": "Y", "city": "Saint Paul", "state": "MN", "area-code": "651"}, {"id": "03e293b3df9e35eadf15c56119093e28", "number": "8768567038", "date": "2021-01-16 20:46:00", "subject": "0", "recorded-or-robo": "Y", "city": "Saint Paul", "state": "MN", "area-code": "651"}, {"id": "3decc6bfadaa436a105714c6ba72f0b6", "number": "7603747718", "date": "2021-01-18 16:34:00", "subject": "0", "recorded-or-robo": "Y", "city": "Saint Paul", "state": "MN", "area-code": "651"}, {"id": "03e293b3df9e35eadf15c5611909306d", "number": "7603747718", "date": "2021-01-18 16:34:00", "subject": "0", "recorded-or-robo": "Y", "city": "Saint Paul", "state": "MN", "area-code": "651"}, {"id": "3decc6bfadaa436a105714c6ba72e94b", "number": "8108772529", "date": "2021-01-22 15:12:00", "subject": "2", "recorded-or-robo": "Y", "city": "", "state": "MI", "area-code": "810"}, {"id": "03e293b3df9e35eadf15c56119092389", "number": "8108772529", "date": "2021-01-22 15:12:00", "subject": "2", "recorded-or-robo": "Y", "city": "", "state": "MI", "area-code": "810"}, {"id": "3decc6bfadaa436a105714c6ba72dcd3", "number": "5245045216", "date": "2021-01-20 14:33:00", "subject": "0", "recorded-or-robo": "Y", "city": "Saint Paul", "state": "MN", "area-code": "651"}, {"id": "03e293b3df9e35eadf15c56119091e93", "number": "5245045216", "date": "2021-01-20 14:33:00", "subject": "0", "recorded-or-robo": "Y", "city": "Saint Paul", "state": "MN", "area-code": "651"}]}