{"data": [{"id": "3decc6bfadaa436a105714c6ba88251d", "number": "8302184301", "date": "2021-01-22 19:36:00", "subject": "2", "recorded-or-robo": "N", "city": "ROCKVILLE", "state": "MD", "area-code": "210"}, {"id": "03e293b3df9e35eadf15c561191e940d", "number": "8302184301", "date": "2021-01-22 19:36:00", "subject": "2", "recorded-or-robo": "N", "city": "ROCKVILLE", "state": "MD", "area-code": "210"}, {"id": "3decc6bfadaa436a105714c6ba881559", "number": "9294985730", "date": "2021-01-23 13:40:00", "subject": "2", "recorded-or-robo": "Y", "city": "", "state": "NY", "area-code": "718"}, {"id": "03e293b3df9e35eadf15c561191e8f42", "number": "9294985730", "date": "2021-01-23 13:40:00", "subject": "2", "recorded-or-robo": "Y", "city": "", "state": "NY", "area-code": "718"}, {"id": "3decc6bfadaa436a105714c6ba880a09", "number": "9292979373", "date": "2021-01-22 10:07:00", "subject": "2", "recorded-or-robo": "Y", "city": "", "state": "NY", "area-code": "718"}, {"id": "03e293b3df9e35eadf15c561191e80bd", "number": "9292979373", "date": "2021-01-22 10:07:00", "subject": "2", "recorded-or-robo": "Y", "city": "", "state": "NY", "area-code": "718"}, {"id": "3decc6bfadaa436a105714c6ba8800d1", "number": "6028770454", "date": "2021-01-24 23:00:00", "subject": "16", "recorded-or-robo": "Y", "city": "", "state": "CA", "area-code": "626"}, {"id": "03e293b3df9e35eadf15c561191e7a5a", "number": "6028770454", "date": "2021-01-24 23:00:00", "subject": "16", "recorded-or-robo": "Y", "city": "", "state": "CA", "area-code": "626"}, {"id": "3decc6bfadaa436a105714c6ba87f8cf", "number": "9293381692", "date": "2021-01-23 09:23:00", "subject": "2", "recorded-or-robo": "Y", "city": "", "state": "NY", "area-code": "718"}, {"id": "03e293b3df9e35eadf15c561191e7358", "number": "9293381692", "date": "2021-01-23 09:23:00", "subject": "2", "recorded-or-robo": "Y", "city": "", "state": "NY", "area-code": "718"}, {"id": "3decc6bfadaa436a105714c6ba87f390", "number": "7186923557", "date": "2021-01-23 13:07:00", "subject": "2", "recorded-or-robo": "Y", "city": "", "state": "NY", "area-code": "718"}, {"id": "03e293b3df9e35eadf15c561191e6f83", "number": "7186923557", "date": "2021-01-23 13:07:00", "subject": "2", "recorded-or-robo": "Y", "city": "", "state": "NY", "area-code": "718"}, {"id": "3decc6bfadaa436a105714c6ba87ee8e", "number": "9294985730", "date": "2021-01-23 13:40:00", "subject": "2", "recorded-or-robo": "Y", "city": "", "state": "NY", "area-code": "718"}, {"id": "03e293b3df9e35eadf15c561191e6a4e", "number": "9294985730", "date": "2021-01-23 13:40:00", "subject": "2", "recorded-or-robo": "Y", "city": "", "state": "NY", "area-code": "718"}, {"id": "3decc6bfadaa436a105714c6ba873cfc", "number": "8086694562", "date": "2021-01-23 10:25:00", "subject": "4", "recorded-or-robo": "Y", "city": "Fremont", "state": "CA", "area-code": "810"}, {"id": "03e293b3df9e35eadf15c561191dcd6f", "number": "8086694562", "date": "2021-01-23 10:25:00", "subject": "4", "recorded-or-robo": "Y", "city": "Fremont", "state": "CA", "area-code": "810"}, {"id": "3decc6bfadaa436a105714c6ba873023", "number": "2064798186", "date": "2021-01-22 15:40:00", "subject": "1", "recorded-or-robo": "N", "city": "Vancouver", "state": "WA", "area-code": "360"}, {"id": "03e293b3df9e35eadf15c561191dc5a2", "number": "2064798186", "date": "2021-01-22 15:40:00", "subject": "1", "recorded-or-robo": "N", "city": "Vancouver", "state": "WA", "area-code": "360"}, {"id": "3decc6bfadaa436a105714c6ba8724a0", "number": "4083167758", "date": "2021-01-23 11:14:00", "subject": "8", "recorded-or-robo": "Y", "city": "", "state": "CA", "area-code": "408"}, {"id": "03e293b3df9e35eadf15c561191dba1c", "number": "4083167758", "date": "2021-01-23 11:14:00", "subject": "8", "recorded-or-robo": "Y", "city": "", "state": "CA", "area-code": "408"}, {"id": "3decc6bfadaa436a105714c6ba871721", "number": "8508884998", "date": "2021-01-23 19:39:00", "subject": "2", "recorded-or-robo": "Y", "city": "", "state": "FL", "area-code": "850"}, {"id": "03e293b3df9e35eadf15c561191db845", "number": "8508884998", "date": "2021-01-23 19:39:00", "subject": "2", "recorded-or-robo": "Y", "city": "", "state": "FL", "area-code": "850"}, {"id": "3decc6bfadaa436a105714c6ba87120d", "number": "6603006930", "date": "2021-01-21 10:34:00", "subject": "2", "recorded-or-robo": "", "city": "green valley", "state": "AZ", "area-code": "520"}, {"id": "03e293b3df9e35eadf15c561191db6e3", "number": "6603006930", "date": "2021-01-21 10:34:00", "subject": "2", "recorded-or-robo": "", "city": "green valley", "state": "AZ", "area-code": "520"}, {"id": "3decc6bfadaa436a105714c6ba870a80", "number": "5208390094", "date": "2021-01-22 17:07:00", "subject": "2", "recorded-or-robo": "Y", "city": "green valley", "state": "AZ", "area-code": "520"}, {"id": "03e293b3df9e35eadf15c561191da985", "number": "5208390094", "date": "2021-01-22 17:07:00", "subject": "2", "recorded-or-robo": "Y", "city": "green valley", "state": "AZ", "area-code": "520"}, {"id": "3decc6bfadaa436a105714c6ba870243", "number": "7315745964", "date": "2021-01-23 09:00:00", "subject": "1", "recorded-or-robo": "N", "city": "Jackson", "state": "TN", "area-code": "731"}, {"id": "03e293b3df9e35eadf15c561191da897", "number": "7315745964", "date": "2021-01-23 09:00:00", "subject": "1", "recorded-or-robo": "N", "city": "Jackson", "state": "TN", "area-code": "731"}, {"id": "3decc6bfadaa436a105714c6ba86fa51", "number": "5104553080", "date": "2021-01-23 11:16:00", "subject": "3", "recorded-or-robo": "N", "city": "", "state": "CA", "area-code": "510"}, {"id": "03e293b3df9e35eadf15c561191d891d", "number": "5104553080", "date": "2021-01-23 11:16:00", "subject": "3", "recorded-or-robo": "N", "city": "", "state": "CA", "area-code": "510"}, {"id": "3decc6bfadaa436a105714c6ba8701c7", "number": "5208390094", "date": "2021-01-22 15:16:00", "subject": "2", "recorded-or-robo": "Y", "city": "green valley", "state": "AZ", "area-code": "520"}, {"id": "03e293b3df9e35eadf15c561191d98fd", "number": "5208390094", "date": "2021-01-22 15:16:00", "subject": "2", "recorded-or-robo": "Y", "city": "green valley", "state": "AZ", "area-code": "520"}, {"id": "3decc6bfadaa436a105714c6ba86f208", "number": "5208390094", "date": "2021-01-22 11:36:00", "subject": "2", "recorded-or-robo": "Y", "city": "green valley", "state": "AZ", "area-code": "520"}, {"id": "03e293b3df9e35eadf15c561191d839b", "number": "5208390094", "date": "2021-01-22 11:36:00", "subject": "2", "recorded-or-robo": "Y", "city": "green valley", "state": "AZ", "area-code": "520"}, {"id": "3decc6bfadaa436a105714c6ba86e92c", "number": "5208390094", "date": "2021-01-21 15:13:00", "subject": "3", "recorded-or-robo": "Y", "city": "green valley", "state": "AZ", "area-code": "520"}, {"id": "03e293b3df9e35eadf15c561191d7bfa", "number": "5208390094", "date": "2021-01-21 15:13:00", "subject": "3", "recorded-or-robo": "Y", "city": "green valley", "state": "AZ", "area-code": "520"}, {"id": "3decc6bfadaa436a105714c6ba86db15", "number": "9544336860", "date": "2021-01-23 12:48:00", "subject": "0", "recorded-or-robo": "Y", "city": "South Windsor", "state": "CT", "area-code": "860"}, {"id": "03e293b3df9e35eadf15c561191d6fb3", "number": "9544336860", "date": "2021-01-23 12:48:00", "subject": "0", "recorded-or-robo": "Y", "city": "South Windsor", "state": "CT", "area-code": "860"}, {"id": "3decc6bfadaa436a105714c6ba86d1f5", "number": "4013791954", "date": "2021-01-23 12:12:00", "subject": "0", "recorded-or-robo": "Y", "city": "South Windsor", "state": "CT", "area-code": "860"}, {"id": "03e293b3df9e35eadf15c561191d6a31", "number": "4013791954", "date": "2021-01-23 12:12:00", "subject": "0", "recorded-or-robo": "Y", "city": "South Windsor", "state": "CT", "area-code": "860"}, {"id": "3decc6bfadaa436a105714c6ba86c940", "number": "6126624813", "date": "2021-01-22 19:39:00", "subject": "0", "recorded-or-robo": "Y", "city": "South Windsor", "state": "CT", "area-code": "860"}, {"id": "03e293b3df9e35eadf15c561191d5b1b", "number": "6126624813", "date": "2021-01-22 19:39:00", "subject": "0", "recorded-or-robo": "Y", "city": "South Windsor", "state": "CT", "area-code": "860"}, {"id": "3decc6bfadaa436a105714c6ba86c1e9", "number": "8609943038", "date": "2021-01-22 10:44:00", "subject": "0", "recorded-or-robo": "Y", "city": "South Windsor", "state": "CT", "area-code": "860"}, {"id": "03e293b3df9e35eadf15c561191d55b6", "number": "8609943038", "date": "2021-01-22 10:44:00", "subject": "0", "recorded-or-robo": "Y", "city": "South Windsor", "state": "CT", "area-code": "860"}, {"id": "3decc6bfadaa436a105714c6ba86bc5e", "number": "8606339506", "date": "2021-01-22 12:28:00", "subject": "0", "recorded-or-robo": "Y", "city": "South Windsor", "state": "CT", "area-code": "860"}, {"id": "03e293b3df9e35eadf15c561191d51e5", "number": "8606339506", "date": "2021-01-22 12:28:00", "subject": "0", "recorded-or-robo": "Y", "city": "South Windsor", "state": "CT", "area-code": "860"}, {"id": "3decc6bfadaa436a105714c6ba86acab", "number": "9413791954", "date": "2021-01-21 08:19:00", "subject": "0", "recorded-or-robo": "Y", "city": "South Windsor", "state": "CT", "area-code": "860"}, {"id": "03e293b3df9e35eadf15c561191d504e", "number": "9413791954", "date": "2021-01-21 08:19:00", "subject": "0", "recorded-or-robo": "Y", "city": "South Windsor", "state": "CT", "area-code": "860"}, {"id": "3decc6bfadaa436a105714c6ba869ce5", "number": "6044852284", "date": "2021-01-21 15:26:00", "subject": "0", "recorded-or-robo": "Y", "city": "South Windsor", "state": "CT", "area-code": "860"}, {"id": "03e293b3df9e35eadf15c561191d46fb", "number": "6044852284", "date": "2021-01-21 15:26:00", "subject": "0", "recorded-or-robo": "Y", "city": "South Windsor", "state": "CT", "area-code": "860"}]}