{"data": [{"id": "490dde24b259add1335244cd1b1dcd1c", "number": "5632920531", "date": "2021-01-26 08:55:00", "subject": "0", "recorded-or-robo": "Y", "city": "maquoketa", "state": "IA", "area-code": "563"}, {"id": "490dde24b259add1335244cd1b1dc39b", "number": "6468121567", "date": "2021-01-25 17:41:00", "subject": "2", "recorded-or-robo": "N", "city": "Orlando", "state": "FL", "area-code": "646"}, {"id": "490dde24b259add1335244cd1b1dbf5b", "number": "5072460382", "date": "2021-01-26 21:56:00", "subject": "1", "recorded-or-robo": "Y", "city": "Owatonna", "state": "MN", "area-code": "507"}, {"id": "490dde24b259add1335244cd1b1db1fa", "number": "2084692490", "date": "2021-01-25 13:55:00", "subject": "2", "recorded-or-robo": "Y", "city": "Boise", "state": "ID", "area-code": "208"}, {"id": "490dde24b259add1335244cd1b1da75f", "number": "3185061281", "date": "2021-01-26 11:06:00", "subject": "4", "recorded-or-robo": "Y", "city": "", "state": "NY", "area-code": "718"}, {"id": "490dde24b259add1335244cd1b1da553", "number": "7543450112", "date": "2021-01-26 06:22:00", "subject": "3", "recorded-or-robo": "", "city": "Sun city", "state": "CA", "area-code": "951"}, {"id": "490dde24b259add1335244cd1b1d9faf", "number": "3347773160", "date": "2021-01-26 10:44:00", "subject": "2", "recorded-or-robo": "Y", "city": "Knoxville", "state": "TN", "area-code": "334"}, {"id": "490dde24b259add1335244cd1b1d900c", "number": "9185829805", "date": "2021-01-26 10:02:00", "subject": "4", "recorded-or-robo": "Y", "city": "Norman", "state": "OK", "area-code": "405"}, {"id": "490dde24b259add1335244cd1b1d81a3", "number": "7044139168", "date": "2021-01-26 11:05:00", "subject": "4", "recorded-or-robo": "Y", "city": "", "state": "NC", "area-code": "704"}, {"id": "490dde24b259add1335244cd1b1d8110", "number": "8703590142", "date": "2021-01-26 10:02:00", "subject": "4", "recorded-or-robo": "Y", "city": "", "state": "AR", "area-code": "870"}, {"id": "490dde24b259add1335244cd1b1d7a18", "number": "5708679034", "date": "2021-01-26 11:04:00", "subject": "4", "recorded-or-robo": "Y", "city": "", "state": "PA", "area-code": "570"}, {"id": "490dde24b259add1335244cd1b1d6ff8", "number": "5392159265", "date": "2020-12-17 08:56:00", "subject": "5", "recorded-or-robo": "Y", "city": "", "state": "AZ", "area-code": "843"}, {"id": "490dde24b259add1335244cd1b1d6698", "number": "8083672549", "date": "2021-01-26 09:23:00", "subject": "11", "recorded-or-robo": "Y", "city": "Lenoir", "state": "NC", "area-code": "828"}, {"id": "490dde24b259add1335244cd1b1d5d15", "number": "3176208105", "date": "2021-01-26 10:51:00", "subject": "6", "recorded-or-robo": "N", "city": "Indianapolis", "state": "IN", "area-code": "317"}, {"id": "490dde24b259add1335244cd1b1d5b9c", "number": "3862135031", "date": "2021-01-26 09:40:00", "subject": "0", "recorded-or-robo": "", "city": "DAYTONA BEACH", "state": "FL", "area-code": "386"}, {"id": "490dde24b259add1335244cd1b1d55cb", "number": "8339542465", "date": "2021-01-26 10:01:00", "subject": "2", "recorded-or-robo": "Y", "city": "farmville", "state": "VA", "area-code": "434"}, {"id": "490dde24b259add1335244cd1b1d4b96", "number": "8475510759", "date": "2021-01-26 10:00:00", "subject": "4", "recorded-or-robo": "Y", "city": "Arlington Heights", "state": "IL", "area-code": "847"}, {"id": "490dde24b259add1335244cd1b1d492b", "number": "8443992179", "date": "2021-01-26 11:00:00", "subject": "2", "recorded-or-robo": "Y", "city": "Kissimmee", "state": "NY", "area-code": "516"}, {"id": "490dde24b259add1335244cd1b1d3b93", "number": "4238020219", "date": "2021-01-26 10:45:00", "subject": "0", "recorded-or-robo": "Y", "city": "Chickamauga", "state": "GA", "area-code": "423"}, {"id": "490dde24b259add1335244cd1b1d2d53", "number": "2094924014", "date": "2021-01-26 08:03:00", "subject": "1", "recorded-or-robo": "Y", "city": "", "state": "CA", "area-code": "209"}, {"id": "490dde24b259add1335244cd1b1d232d", "number": "9512461221", "date": "2021-01-26 06:05:00", "subject": "3", "recorded-or-robo": "", "city": "Sun city", "state": "CA", "area-code": "951"}, {"id": "490dde24b259add1335244cd1b1d1fb2", "number": "9802273180", "date": "2021-01-26 10:58:00", "subject": "5", "recorded-or-robo": "Y", "city": "New Bern", "state": "NC", "area-code": "252"}, {"id": "490dde24b259add1335244cd1b1d19d9", "number": "6468570665", "date": "2021-01-25 16:32:00", "subject": "2", "recorded-or-robo": "N", "city": "Orlando", "state": "FL", "area-code": "646"}, {"id": "490dde24b259add1335244cd1b1d11a7", "number": "9702177261", "date": "2021-01-26 09:00:00", "subject": "1", "recorded-or-robo": "Y", "city": "", "state": "CO", "area-code": "970"}, {"id": "490dde24b259add1335244cd1b1d0b81", "number": "8704971775", "date": "2021-01-26 09:58:00", "subject": "2", "recorded-or-robo": "Y", "city": "", "state": "AR", "area-code": "870"}, {"id": "490dde24b259add1335244cd1b1d0770", "number": "7325097332", "date": "2021-01-26 11:01:00", "subject": "5", "recorded-or-robo": "Y", "city": "Long Branch", "state": "NJ", "area-code": "732"}, {"id": "490dde24b259add1335244cd1b1cffe4", "number": "8509040006", "date": "2021-01-26 10:03:00", "subject": "4", "recorded-or-robo": "Y", "city": "Pensacola", "state": "FL", "area-code": "850"}, {"id": "490dde24b259add1335244cd1b1cf953", "number": "5162818653", "date": "2021-01-21 12:41:00", "subject": "2", "recorded-or-robo": "", "city": "Floral Park", "state": "NY", "area-code": "516"}, {"id": "490dde24b259add1335244cd1b1cefe7", "number": "8595594988", "date": "2021-01-26 08:12:00", "subject": "0", "recorded-or-robo": "N", "city": "Round Rock", "state": "TX", "area-code": "512"}, {"id": "490dde24b259add1335244cd1b1ce33f", "number": "", "date": "2021-01-26 11:02:00", "subject": "3", "recorded-or-robo": "Y", "city": "", "state": "MI", "area-code": "616"}, {"id": "490dde24b259add1335244cd1b1cd892", "number": "", "date": "2021-01-25 12:38:00", "subject": "0", "recorded-or-robo": "Y", "city": "monroe twp", "state": "NJ", "area-code": "609"}, {"id": "490dde24b259add1335244cd1b1cd048", "number": "6059614602", "date": "2021-01-26 10:00:00", "subject": "4", "recorded-or-robo": "Y", "city": "Garretson", "state": "SD", "area-code": "605"}, {"id": "490dde24b259add1335244cd1b1ccf6c", "number": "6175729614", "date": "2021-01-26 09:12:00", "subject": "5", "recorded-or-robo": "N", "city": "Arlington", "state": "VA", "area-code": "703"}, {"id": "490dde24b259add1335244cd1b1ccbf7", "number": "6026287155", "date": "2021-01-26 09:03:00", "subject": "3", "recorded-or-robo": "Y", "city": "", "state": "NJ", "area-code": "856"}, {"id": "490dde24b259add1335244cd1b1cbd61", "number": "3177792900", "date": "2021-01-26 10:46:00", "subject": "5", "recorded-or-robo": "N", "city": "", "state": "NC", "area-code": "704"}, {"id": "490dde24b259add1335244cd1b1cb82e", "number": "3309130759", "date": "2021-01-26 10:51:00", "subject": "5", "recorded-or-robo": "N", "city": "Uniontown", "state": "OH", "area-code": "330"}, {"id": "490dde24b259add1335244cd1b1cb7f1", "number": "2084692844", "date": "2021-01-26 09:01:00", "subject": "6", "recorded-or-robo": "Y", "city": "Boise", "state": "ID", "area-code": "208"}, {"id": "490dde24b259add1335244cd1b1cb5c4", "number": "8327157997", "date": "2021-01-26 09:35:00", "subject": "1", "recorded-or-robo": "N", "city": "Cypress", "state": "TX", "area-code": "832"}, {"id": "490dde24b259add1335244cd1b1ca930", "number": "6468570665", "date": "2021-01-25 16:29:00", "subject": "2", "recorded-or-robo": "N", "city": "Orlando", "state": "NY", "area-code": "646"}, {"id": "490dde24b259add1335244cd1b1c9b3c", "number": "9725477462", "date": "2021-01-26 21:02:00", "subject": "2", "recorded-or-robo": "Y", "city": "Non HispanicLatino", "state": "TX", "area-code": "972"}, {"id": "490dde24b259add1335244cd1b1c9453", "number": "7674417011", "date": "2021-01-26 10:03:00", "subject": "0", "recorded-or-robo": "Y", "city": "Janesville", "state": "WI", "area-code": "608"}, {"id": "490dde24b259add1335244cd1b1c93e8", "number": "7323395911", "date": "2021-01-26 10:53:00", "subject": "5", "recorded-or-robo": "Y", "city": "Long Branch", "state": "NJ", "area-code": "732"}, {"id": "490dde24b259add1335244cd1b1c8eea", "number": "8636951262", "date": "2021-01-26 11:03:00", "subject": "4", "recorded-or-robo": "Y", "city": "Lakeland", "state": "FL", "area-code": "863"}, {"id": "490dde24b259add1335244cd1b1c8762", "number": "8445875455", "date": "2021-01-26 09:49:00", "subject": "1", "recorded-or-robo": "Y", "city": "Navarre", "state": "FL", "area-code": "850"}, {"id": "490dde24b259add1335244cd1b1c8203", "number": "5853860635", "date": "2021-01-26 11:03:00", "subject": "4", "recorded-or-robo": "Y", "city": "Pasadena", "state": "MD", "area-code": "410"}, {"id": "490dde24b259add1335244cd1b1c72ba", "number": "3862551168", "date": "2021-01-26 09:43:00", "subject": "0", "recorded-or-robo": "", "city": "DAYTONA BEACH", "state": "FL", "area-code": "386"}, {"id": "490dde24b259add1335244cd1b1c71ca", "number": "8883494029", "date": "2021-01-26 09:53:00", "subject": "2", "recorded-or-robo": "N", "city": "Lemont", "state": "IL", "area-code": "630"}, {"id": "490dde24b259add1335244cd1b1c655a", "number": "2086433167", "date": "2021-01-26 08:29:00", "subject": "4", "recorded-or-robo": "Y", "city": "", "state": "UT", "area-code": "385"}, {"id": "490dde24b259add1335244cd1b1c613d", "number": "4238020219", "date": "2021-01-26 21:36:00", "subject": "0", "recorded-or-robo": "Y", "city": "Chickamauga", "state": "GA", "area-code": "423"}, {"id": "490dde24b259add1335244cd1b1c528f", "number": "5164824261", "date": "2021-01-25 10:15:00", "subject": "2", "recorded-or-robo": "", "city": "Floral Park", "state": "NY", "area-code": "516"}]}