{"data": [{"id": "1d36742e3f24f50e4e7ae8280133ff91", "number": "+16264693826", "date": "2021-01-22 18:48:46", "subject": "3", "recorded-or-robo": "Y", "city": "", "state": "CA", "area-code": "714"}, {"id": "e81c9350d54f66c6d33b3747ee3d9ba3", "number": "9839384", "date": "2021-01-22 12:05:00", "subject": "4", "recorded-or-robo": "N", "city": "Leeds", "state": "ME", "area-code": "207"}, {"id": "deca54a6651fb9add5b4a9816cd22a1d", "number": "9839384", "date": "2021-01-22 12:05:00", "subject": "4", "recorded-or-robo": "N", "city": "Leeds", "state": "ME", "area-code": "207"}, {"id": "e81c9350d54f66c6d33b3747ee3d940e", "number": "9097530395", "date": "2021-01-22 08:34:00", "subject": "4", "recorded-or-robo": "Y", "city": "", "state": "CA", "area-code": "818"}, {"id": "e81c9350d54f66c6d33b3747ee3d93e8", "number": "9802598219", "date": "2021-01-22 17:44:00", "subject": "4", "recorded-or-robo": "Y", "city": "", "state": "IA", "area-code": "712"}, {"id": "deca54a6651fb9add5b4a9816cd21be3", "number": "9097530395", "date": "2021-01-22 08:34:00", "subject": "4", "recorded-or-robo": "Y", "city": "", "state": "CA", "area-code": "818"}, {"id": "deca54a6651fb9add5b4a9816cd219f4", "number": "9802598219", "date": "2021-01-22 17:44:00", "subject": "4", "recorded-or-robo": "Y", "city": "", "state": "IA", "area-code": "712"}, {"id": "e81c9350d54f66c6d33b3747ee3d92f3", "number": "2408837136", "date": "2021-01-22 09:00:00", "subject": "0", "recorded-or-robo": "Y", "city": "Admire", "state": "KS", "area-code": "785"}, {"id": "deca54a6651fb9add5b4a9816cd217d6", "number": "2408837136", "date": "2021-01-22 09:00:00", "subject": "0", "recorded-or-robo": "Y", "city": "Admire", "state": "KS", "area-code": "785"}, {"id": "e81c9350d54f66c6d33b3747ee3d8825", "number": "8016862504", "date": "2021-01-22 16:43:00", "subject": "1", "recorded-or-robo": "Y", "city": "Ogden", "state": "UT", "area-code": "801"}, {"id": "deca54a6651fb9add5b4a9816cd21416", "number": "8016862504", "date": "2021-01-22 16:43:00", "subject": "1", "recorded-or-robo": "Y", "city": "Ogden", "state": "UT", "area-code": "801"}, {"id": "e81c9350d54f66c6d33b3747ee3d82fb", "number": "8315316932", "date": "2021-01-22 03:36:00", "subject": "2", "recorded-or-robo": "Y", "city": "Castroville", "state": "CA", "area-code": "831"}, {"id": "deca54a6651fb9add5b4a9816cd21162", "number": "8315316932", "date": "2021-01-22 03:36:00", "subject": "2", "recorded-or-robo": "Y", "city": "Castroville", "state": "CA", "area-code": "831"}, {"id": "e81c9350d54f66c6d33b3747ee9ef32d", "number": "+19844097432", "date": "2021-01-22 18:48:22", "subject": "3", "recorded-or-robo": "Y", "city": "", "state": "GA", "area-code": "404"}, {"id": "1d36742e3f24f50e4e7ae828013434b7", "number": "+19844097432", "date": "2021-01-22 18:48:22", "subject": "3", "recorded-or-robo": "Y", "city": "", "state": "GA", "area-code": "404"}, {"id": "e81c9350d54f66c6d33b3747ee3d7ddc", "number": "9363042729", "date": "2021-01-22 18:32:00", "subject": "3", "recorded-or-robo": "Y", "city": "", "state": "VA", "area-code": "757"}, {"id": "deca54a6651fb9add5b4a9816cd20657", "number": "9363042729", "date": "2021-01-22 18:32:00", "subject": "3", "recorded-or-robo": "Y", "city": "", "state": "VA", "area-code": "757"}, {"id": "e81c9350d54f66c6d33b3747ee3d7d2e", "number": "8449261682", "date": "2021-01-22 14:54:00", "subject": "2", "recorded-or-robo": "N", "city": "TEMPE", "state": "AZ", "area-code": "480"}, {"id": "deca54a6651fb9add5b4a9816cd1f698", "number": "8449261682", "date": "2021-01-22 14:54:00", "subject": "2", "recorded-or-robo": "N", "city": "TEMPE", "state": "AZ", "area-code": "480"}, {"id": "e81c9350d54f66c6d33b3747ee3d7195", "number": "5614481629", "date": "2021-01-22 16:15:00", "subject": "2", "recorded-or-robo": "", "city": "Clayton", "state": "CA", "area-code": "310"}, {"id": "e81c9350d54f66c6d33b3747ee3d6d1e", "number": "4027696358", "date": "2021-01-22 17:45:00", "subject": "5", "recorded-or-robo": "", "city": "", "state": "NE", "area-code": "402"}, {"id": "deca54a6651fb9add5b4a9816cd1ede5", "number": "5614481629", "date": "2021-01-22 16:15:00", "subject": "2", "recorded-or-robo": "", "city": "Clayton", "state": "CA", "area-code": "310"}, {"id": "deca54a6651fb9add5b4a9816cd1e76f", "number": "4027696358", "date": "2021-01-22 17:45:00", "subject": "5", "recorded-or-robo": "", "city": "", "state": "NE", "area-code": "402"}, {"id": "e81c9350d54f66c6d33b3747ee9f5395", "number": "3853183415", "date": "2021-01-22 18:48:10", "subject": "3", "recorded-or-robo": "Y", "city": "", "state": "GA", "area-code": "404"}, {"id": "1d36742e3f24f50e4e7ae8280134695a", "number": "3853183415", "date": "2021-01-22 18:48:10", "subject": "3", "recorded-or-robo": "Y", "city": "", "state": "GA", "area-code": "404"}, {"id": "e81c9350d54f66c6d33b3747ee9f3800", "number": "3853183415", "date": "2021-01-22 18:48:09", "subject": "3", "recorded-or-robo": "Y", "city": "", "state": "GA", "area-code": "404"}, {"id": "e81c9350d54f66c6d33b3747ee3d5faf", "number": "4405175280", "date": "2021-01-21 11:25:00", "subject": "3", "recorded-or-robo": "Y", "city": "Orlando", "state": "FL", "area-code": "321"}, {"id": "deca54a6651fb9add5b4a9816cd1e0ff", "number": "4405175280", "date": "2021-01-21 11:25:00", "subject": "3", "recorded-or-robo": "Y", "city": "Orlando", "state": "FL", "area-code": "321"}, {"id": "1d36742e3f24f50e4e7ae828013451a3", "number": "3853183415", "date": "2021-01-22 18:48:09", "subject": "3", "recorded-or-robo": "Y", "city": "", "state": "GA", "area-code": "404"}, {"id": "e81c9350d54f66c6d33b3747ee3d57e8", "number": "2817133191", "date": "2021-01-22 17:02:00", "subject": "7", "recorded-or-robo": "Y", "city": "", "state": "TX", "area-code": "281"}, {"id": "e81c9350d54f66c6d33b3747ee3d502e", "number": "3605348249", "date": "2021-01-22 18:36:00", "subject": "2", "recorded-or-robo": "Y", "city": "Bridgeport", "state": "WV", "area-code": "206"}, {"id": "deca54a6651fb9add5b4a9816cd1d728", "number": "2817133191", "date": "2021-01-22 17:02:00", "subject": "7", "recorded-or-robo": "Y", "city": "", "state": "TX", "area-code": "281"}, {"id": "deca54a6651fb9add5b4a9816cd1ce90", "number": "3605348249", "date": "2021-01-22 18:36:00", "subject": "2", "recorded-or-robo": "Y", "city": "Bridgeport", "state": "WV", "area-code": "206"}, {"id": "e81c9350d54f66c6d33b3747ee3d41b5", "number": "2533172694", "date": "2021-01-22 15:12:00", "subject": "1", "recorded-or-robo": "Y", "city": "", "state": "WA", "area-code": "253"}, {"id": "deca54a6651fb9add5b4a9816cd1c8b8", "number": "2533172694", "date": "2021-01-22 15:12:00", "subject": "1", "recorded-or-robo": "Y", "city": "", "state": "WA", "area-code": "253"}, {"id": "e81c9350d54f66c6d33b3747ee3d3db9", "number": "8033875749", "date": "2021-01-22 15:25:00", "subject": "3", "recorded-or-robo": "Y", "city": "Camarillo", "state": "CA", "area-code": "805"}, {"id": "deca54a6651fb9add5b4a9816cd1b9c0", "number": "8033875749", "date": "2021-01-22 15:25:00", "subject": "3", "recorded-or-robo": "Y", "city": "Camarillo", "state": "CA", "area-code": "805"}, {"id": "e81c9350d54f66c6d33b3747ee3d348f", "number": "5597084943", "date": "2021-01-22 07:21:00", "subject": "4", "recorded-or-robo": "Y", "city": "", "state": "CA", "area-code": "818"}, {"id": "deca54a6651fb9add5b4a9816cd1ab7d", "number": "5597084943", "date": "2021-01-22 07:21:00", "subject": "4", "recorded-or-robo": "Y", "city": "", "state": "CA", "area-code": "818"}, {"id": "e81c9350d54f66c6d33b3747ee3d2f26", "number": "8664842614", "date": "2021-01-22 08:53:00", "subject": "2", "recorded-or-robo": "Y", "city": "Orinda", "state": "CA", "area-code": "925"}, {"id": "deca54a6651fb9add5b4a9816cd19cf5", "number": "8664842614", "date": "2021-01-22 08:53:00", "subject": "2", "recorded-or-robo": "Y", "city": "Orinda", "state": "CA", "area-code": "925"}, {"id": "e81c9350d54f66c6d33b3747ee3d2335", "number": "5614616014", "date": "2021-01-22 13:42:00", "subject": "0", "recorded-or-robo": "Y", "city": "Jupiter", "state": "FL", "area-code": "561"}, {"id": "deca54a6651fb9add5b4a9816cd197ca", "number": "5614616014", "date": "2021-01-22 13:42:00", "subject": "0", "recorded-or-robo": "Y", "city": "Jupiter", "state": "FL", "area-code": "561"}, {"id": "e81c9350d54f66c6d33b3747ee3d2108", "number": "1", "date": "2021-01-22 18:32:00", "subject": "1", "recorded-or-robo": "Y", "city": "Peachtree City", "state": "GA", "area-code": "770"}, {"id": "deca54a6651fb9add5b4a9816cd192af", "number": "1", "date": "2021-01-22 18:32:00", "subject": "1", "recorded-or-robo": "Y", "city": "Peachtree City", "state": "GA", "area-code": "770"}, {"id": "e81c9350d54f66c6d33b3747ee3d1bb5", "number": "4075951080", "date": "2021-01-22 16:44:00", "subject": "2", "recorded-or-robo": "Y", "city": "Grand junction", "state": "CO", "area-code": "970"}, {"id": "deca54a6651fb9add5b4a9816cd191b4", "number": "4075951080", "date": "2021-01-22 16:44:00", "subject": "2", "recorded-or-robo": "Y", "city": "Grand junction", "state": "CO", "area-code": "970"}, {"id": "e81c9350d54f66c6d33b3747ee3d13ce", "number": "6857464", "date": "2021-01-22 18:38:00", "subject": "2", "recorded-or-robo": "N", "city": "Leeds", "state": "ME", "area-code": "207"}, {"id": "deca54a6651fb9add5b4a9816cd18fed", "number": "6857464", "date": "2021-01-22 18:38:00", "subject": "2", "recorded-or-robo": "N", "city": "Leeds", "state": "ME", "area-code": "207"}, {"id": "e81c9350d54f66c6d33b3747ee3d09c7", "number": "8184573729", "date": "2021-01-22 15:46:00", "subject": "2", "recorded-or-robo": "Y", "city": "", "state": "CA", "area-code": "818"}]}