{"data": [{"id": "1d36742e3f24f50e4e7ae82801517c63", "number": "9374279673", "date": "2021-01-22 22:32:12", "subject": "3", "recorded-or-robo": "Y", "city": "", "state": "OH", "area-code": "937"}, {"id": "e81c9350d54f66c6d33b3747eebc3386", "number": "3176997758", "date": "2021-01-22 22:31:58", "subject": "3", "recorded-or-robo": "N", "city": "", "state": "IN", "area-code": "317"}, {"id": "1d36742e3f24f50e4e7ae82801517a93", "number": "3176997758", "date": "2021-01-22 22:31:58", "subject": "3", "recorded-or-robo": "N", "city": "", "state": "IN", "area-code": "317"}, {"id": "e81c9350d54f66c6d33b3747eebc258c", "number": "+15163030898", "date": "2021-01-22 22:31:51", "subject": "3", "recorded-or-robo": "Y", "city": "", "state": "NY", "area-code": "518"}, {"id": "1d36742e3f24f50e4e7ae82801516420", "number": "+15163030898", "date": "2021-01-22 22:31:51", "subject": "3", "recorded-or-robo": "Y", "city": "", "state": "NY", "area-code": "518"}, {"id": "e81c9350d54f66c6d33b3747ee92b607", "number": "2693094358", "date": "2021-01-22 16:56:00", "subject": "3", "recorded-or-robo": "Y", "city": "", "state": "MI", "area-code": "734"}, {"id": "1d36742e3f24f50e4e7ae82801282ed7", "number": "2693094358", "date": "2021-01-22 16:56:00", "subject": "3", "recorded-or-robo": "Y", "city": "", "state": "MI", "area-code": "734"}, {"id": "e81c9350d54f66c6d33b3747eebbe086", "number": "3123848093", "date": "2021-01-22 22:31:46", "subject": "3", "recorded-or-robo": "Y", "city": "", "state": "NY", "area-code": "718"}, {"id": "1d36742e3f24f50e4e7ae82801511e3e", "number": "3123848093", "date": "2021-01-22 22:31:46", "subject": "3", "recorded-or-robo": "Y", "city": "", "state": "NY", "area-code": "718"}, {"id": "e81c9350d54f66c6d33b3747eebc07dc", "number": "4159928184", "date": "2021-01-22 22:31:41", "subject": "3", "recorded-or-robo": "Y", "city": "", "state": "CA", "area-code": "707"}, {"id": "1d36742e3f24f50e4e7ae82801513e74", "number": "4159928184", "date": "2021-01-22 22:31:41", "subject": "3", "recorded-or-robo": "Y", "city": "", "state": "CA", "area-code": "707"}, {"id": "e81c9350d54f66c6d33b3747eebbc7e7", "number": "6612471444", "date": "2021-01-22 22:31:34", "subject": "3", "recorded-or-robo": "Y", "city": "", "state": "CA", "area-code": "661"}, {"id": "1d36742e3f24f50e4e7ae8280150fffa", "number": "6612471444", "date": "2021-01-22 22:31:34", "subject": "3", "recorded-or-robo": "Y", "city": "", "state": "CA", "area-code": "661"}, {"id": "e81c9350d54f66c6d33b3747eebbe584", "number": "8337080543", "date": "2021-01-22 22:31:29", "subject": "3", "recorded-or-robo": "Y", "city": "", "state": "KY", "area-code": "502"}, {"id": "1d36742e3f24f50e4e7ae82801512853", "number": "8337080543", "date": "2021-01-22 22:31:29", "subject": "3", "recorded-or-robo": "Y", "city": "", "state": "KY", "area-code": "502"}, {"id": "e81c9350d54f66c6d33b3747ee92b073", "number": "5717718891", "date": "2021-01-21 17:52:00", "subject": "2", "recorded-or-robo": "N", "city": "", "state": "MD", "area-code": "301"}, {"id": "e81c9350d54f66c6d33b3747ee92aed6", "number": "5865253131", "date": "2021-01-21 17:01:00", "subject": "2", "recorded-or-robo": "Y", "city": "Roseville", "state": "MI", "area-code": "586"}, {"id": "1d36742e3f24f50e4e7ae8280128280f", "number": "5717718891", "date": "2021-01-21 17:52:00", "subject": "2", "recorded-or-robo": "N", "city": "", "state": "MD", "area-code": "301"}, {"id": "1d36742e3f24f50e4e7ae828012826ed", "number": "5865253131", "date": "2021-01-21 17:01:00", "subject": "2", "recorded-or-robo": "Y", "city": "Roseville", "state": "MI", "area-code": "586"}, {"id": "e81c9350d54f66c6d33b3747ee929f95", "number": "7194175697", "date": "2021-01-22 19:33:00", "subject": "3", "recorded-or-robo": "Y", "city": "", "state": "CO", "area-code": "719"}, {"id": "1d36742e3f24f50e4e7ae82801281c02", "number": "7194175697", "date": "2021-01-22 19:33:00", "subject": "3", "recorded-or-robo": "Y", "city": "", "state": "CO", "area-code": "719"}, {"id": "e81c9350d54f66c6d33b3747ee929e49", "number": "3152328257", "date": "2021-01-22 00:00:00", "subject": "2", "recorded-or-robo": "Y", "city": "Florissant", "state": "MO", "area-code": "314"}, {"id": "1d36742e3f24f50e4e7ae828012812e7", "number": "3152328257", "date": "2021-01-22 00:00:00", "subject": "2", "recorded-or-robo": "Y", "city": "Florissant", "state": "MO", "area-code": "314"}, {"id": "e81c9350d54f66c6d33b3747eebc1b5c", "number": "+13479438295", "date": "2021-01-22 22:30:48", "subject": "3", "recorded-or-robo": "Y", "city": "", "state": "NY", "area-code": "518"}, {"id": "e81c9350d54f66c6d33b3747ee929d2b", "number": "", "date": "2021-01-04 12:00:00", "subject": "4", "recorded-or-robo": "Y", "city": "buffalo", "state": "NY", "area-code": "646"}, {"id": "1d36742e3f24f50e4e7ae8280151567f", "number": "+13479438295", "date": "2021-01-22 22:30:48", "subject": "3", "recorded-or-robo": "Y", "city": "", "state": "NY", "area-code": "518"}, {"id": "1d36742e3f24f50e4e7ae82801280fb2", "number": "", "date": "2021-01-04 12:00:00", "subject": "4", "recorded-or-robo": "Y", "city": "buffalo", "state": "NY", "area-code": "646"}, {"id": "e81c9350d54f66c6d33b3747eebbd00e", "number": "3363449938", "date": "2021-01-22 22:30:38", "subject": "3", "recorded-or-robo": "Y", "city": "", "state": "TX", "area-code": "210"}, {"id": "1d36742e3f24f50e4e7ae828015103a4", "number": "3363449938", "date": "2021-01-22 22:30:38", "subject": "3", "recorded-or-robo": "Y", "city": "", "state": "TX", "area-code": "210"}, {"id": "e81c9350d54f66c6d33b3747ee92974b", "number": "", "date": "2021-01-22 16:52:00", "subject": "2", "recorded-or-robo": "Y", "city": "Hammond", "state": "IN", "area-code": "773"}, {"id": "1d36742e3f24f50e4e7ae82801280d50", "number": "", "date": "2021-01-22 16:52:00", "subject": "2", "recorded-or-robo": "Y", "city": "Hammond", "state": "IN", "area-code": "773"}, {"id": "e81c9350d54f66c6d33b3747eebbd5bc", "number": "3058422241", "date": "2021-01-22 22:30:23", "subject": "3", "recorded-or-robo": "N", "city": "", "state": "FL", "area-code": "813"}, {"id": "1d36742e3f24f50e4e7ae82801510d06", "number": "3058422241", "date": "2021-01-22 22:30:23", "subject": "3", "recorded-or-robo": "N", "city": "", "state": "FL", "area-code": "813"}, {"id": "e81c9350d54f66c6d33b3747ee92942d", "number": "5207628085", "date": "2021-01-22 14:11:00", "subject": "4", "recorded-or-robo": "Y", "city": "", "state": "AZ", "area-code": "520"}, {"id": "1d36742e3f24f50e4e7ae8280127ffc7", "number": "5207628085", "date": "2021-01-22 14:11:00", "subject": "4", "recorded-or-robo": "Y", "city": "", "state": "AZ", "area-code": "520"}, {"id": "e81c9350d54f66c6d33b3747ee928f31", "number": "7722064075", "date": "2021-01-19 08:44:00", "subject": "5", "recorded-or-robo": "N", "city": "SYLMAR", "state": "CA", "area-code": "818"}, {"id": "1d36742e3f24f50e4e7ae8280127ff26", "number": "7722064075", "date": "2021-01-19 08:44:00", "subject": "5", "recorded-or-robo": "N", "city": "SYLMAR", "state": "CA", "area-code": "818"}, {"id": "e81c9350d54f66c6d33b3747ee92861e", "number": "3018792678", "date": "2021-01-22 13:43:00", "subject": "2", "recorded-or-robo": "Y", "city": "", "state": "MD", "area-code": "301"}, {"id": "1d36742e3f24f50e4e7ae8280127f993", "number": "3018792678", "date": "2021-01-22 13:43:00", "subject": "2", "recorded-or-robo": "Y", "city": "", "state": "MD", "area-code": "301"}, {"id": "e81c9350d54f66c6d33b3747eebafe3c", "number": "4843790762", "date": "2021-01-22 22:29:50", "subject": "3", "recorded-or-robo": "Y", "city": "", "state": "PA", "area-code": "484"}, {"id": "1d36742e3f24f50e4e7ae8280150228b", "number": "4843790762", "date": "2021-01-22 22:29:50", "subject": "3", "recorded-or-robo": "Y", "city": "", "state": "PA", "area-code": "484"}, {"id": "e81c9350d54f66c6d33b3747eebaef12", "number": "6612159446", "date": "2021-01-22 22:29:46", "subject": "3", "recorded-or-robo": "N", "city": "", "state": "CA", "area-code": "760"}, {"id": "1d36742e3f24f50e4e7ae82801500949", "number": "6612159446", "date": "2021-01-22 22:29:46", "subject": "3", "recorded-or-robo": "N", "city": "", "state": "CA", "area-code": "760"}, {"id": "e81c9350d54f66c6d33b3747eebb9f07", "number": "3236221095", "date": "2021-01-22 22:29:38", "subject": "3", "recorded-or-robo": "Y", "city": "", "state": "CA", "area-code": "415"}, {"id": "1d36742e3f24f50e4e7ae8280150bac6", "number": "3236221095", "date": "2021-01-22 22:29:38", "subject": "3", "recorded-or-robo": "Y", "city": "", "state": "CA", "area-code": "415"}, {"id": "e81c9350d54f66c6d33b3747ee9279d0", "number": "4697976507", "date": "2021-01-22 00:00:00", "subject": "2", "recorded-or-robo": "Y", "city": "", "state": "NY", "area-code": "347"}, {"id": "1d36742e3f24f50e4e7ae8280127ef66", "number": "4697976507", "date": "2021-01-22 00:00:00", "subject": "2", "recorded-or-robo": "Y", "city": "", "state": "NY", "area-code": "347"}, {"id": "e81c9350d54f66c6d33b3747eebb6074", "number": "7603723291", "date": "2021-01-22 22:29:18", "subject": "3", "recorded-or-robo": "N", "city": "", "state": "CA", "area-code": "760"}, {"id": "1d36742e3f24f50e4e7ae8280150777a", "number": "7603723291", "date": "2021-01-22 22:29:18", "subject": "3", "recorded-or-robo": "N", "city": "", "state": "CA", "area-code": "760"}, {"id": "e81c9350d54f66c6d33b3747eebb2b70", "number": "7603723291", "date": "2021-01-22 22:29:15", "subject": "3", "recorded-or-robo": "N", "city": "", "state": "CA", "area-code": "760"}]}