{"data": [{"id": "3decc6bfadaa436a105714c6baed754d", "number": "2073769816", "date": "2021-01-25 10:00:00", "subject": "2", "recorded-or-robo": "Y", "city": "", "state": "ME", "area-code": "207"}, {"id": "3decc6bfadaa436a105714c6baed6c3c", "number": "6839007414", "date": "2021-01-26 08:57:00", "subject": "1", "recorded-or-robo": "Y", "city": "Baltimore", "state": "MD", "area-code": "410"}, {"id": "3decc6bfadaa436a105714c6baed67b4", "number": "4102889", "date": "2021-01-26 09:01:00", "subject": "1", "recorded-or-robo": "N", "city": "", "state": "NY", "area-code": "646"}, {"id": "3decc6bfadaa436a105714c6baed5cad", "number": "8136712623", "date": "2021-01-21 17:25:00", "subject": "2", "recorded-or-robo": "N", "city": "Riverview", "state": "FL", "area-code": "813"}, {"id": "3decc6bfadaa436a105714c6baed53d3", "number": "5085347238", "date": "2021-01-25 10:00:00", "subject": "0", "recorded-or-robo": "N", "city": "", "state": "MA", "area-code": "508"}, {"id": "3decc6bfadaa436a105714c6baed3d17", "number": "8603707059", "date": "2021-01-26 09:10:00", "subject": "7", "recorded-or-robo": "N", "city": "Middletown", "state": "CT", "area-code": "860"}, {"id": "3decc6bfadaa436a105714c6baed3ac8", "number": "", "date": "2021-01-25 15:51:00", "subject": "5", "recorded-or-robo": "Y", "city": "", "state": "MA", "area-code": "413"}, {"id": "3decc6bfadaa436a105714c6baed360b", "number": "2016186955", "date": "2021-01-24 00:00:00", "subject": "2", "recorded-or-robo": "", "city": "Sussex", "state": "NJ", "area-code": "973"}, {"id": "3decc6bfadaa436a105714c6baed31a8", "number": "3139891611", "date": "2021-01-26 09:05:00", "subject": "2", "recorded-or-robo": "N", "city": "", "state": "NC", "area-code": "252"}, {"id": "3decc6bfadaa436a105714c6baecb255", "number": "", "date": "2021-01-26 09:06:00", "subject": "3", "recorded-or-robo": "N", "city": "", "state": "FL", "area-code": "863"}, {"id": "3decc6bfadaa436a105714c6baed28d6", "number": "", "date": "2021-01-25 16:25:00", "subject": "5", "recorded-or-robo": "Y", "city": "", "state": "MA", "area-code": "413"}, {"id": "3decc6bfadaa436a105714c6baed20b9", "number": "5717990402", "date": "2021-01-26 08:12:00", "subject": "4", "recorded-or-robo": "Y", "city": "Mission", "state": "TX", "area-code": "956"}, {"id": "3decc6bfadaa436a105714c6baed18c4", "number": "", "date": "2021-01-26 23:30:00", "subject": "2", "recorded-or-robo": "Y", "city": "", "state": "NC", "area-code": "910"}, {"id": "3decc6bfadaa436a105714c6baed1512", "number": "5024845759", "date": "2021-01-25 13:00:00", "subject": "4", "recorded-or-robo": "Y", "city": "Flemingsburg", "state": "KY", "area-code": "606"}, {"id": "3decc6bfadaa436a105714c6baed071e", "number": "7038219303", "date": "2021-01-26 09:15:00", "subject": "0", "recorded-or-robo": "Y", "city": "", "state": "VA", "area-code": "703"}, {"id": "3decc6bfadaa436a105714c6baecfbd3", "number": "", "date": "2021-01-26 12:00:00", "subject": "2", "recorded-or-robo": "Y", "city": "Salt Lake City", "state": "UT", "area-code": "801"}, {"id": "3decc6bfadaa436a105714c6baecf24c", "number": "", "date": "2021-01-25 17:36:00", "subject": "1", "recorded-or-robo": "Y", "city": "", "state": "MA", "area-code": "413"}, {"id": "3decc6bfadaa436a105714c6baece42a", "number": "2486611271", "date": "2021-01-26 09:14:00", "subject": "0", "recorded-or-robo": "Y", "city": "Troy", "state": "MI", "area-code": "248"}, {"id": "3decc6bfadaa436a105714c6baecd92a", "number": "3307975882", "date": "2021-01-25 18:53:00", "subject": "1", "recorded-or-robo": "Y", "city": "Columbia", "state": "OH", "area-code": "440"}, {"id": "3decc6bfadaa436a105714c6baeccf4d", "number": "3152328257", "date": "2021-01-25 17:42:00", "subject": "11", "recorded-or-robo": "Y", "city": "oldsmar", "state": "FL", "area-code": "813"}, {"id": "3decc6bfadaa436a105714c6baecc7f4", "number": "2158579843", "date": "2021-01-26 00:00:00", "subject": "2", "recorded-or-robo": "N", "city": "", "state": "PA", "area-code": "215"}, {"id": "3decc6bfadaa436a105714c6baecbcf2", "number": "8156346063", "date": "2020-12-21 10:21:00", "subject": "2", "recorded-or-robo": "Y", "city": "Roaming Shores", "state": "OH", "area-code": "330"}, {"id": "3decc6bfadaa436a105714c6baecac88", "number": "4132871125", "date": "2021-01-26 09:10:00", "subject": "4", "recorded-or-robo": "Y", "city": "wilbraham", "state": "MA", "area-code": "413"}, {"id": "3decc6bfadaa436a105714c6baeca1e7", "number": "", "date": "2021-01-25 09:11:00", "subject": "5", "recorded-or-robo": "Y", "city": "", "state": "MA", "area-code": "413"}, {"id": "3decc6bfadaa436a105714c6baec96c2", "number": "8456249738", "date": "2021-01-26 09:06:00", "subject": "2", "recorded-or-robo": "Y", "city": "Flemingsburg", "state": "KY", "area-code": "606"}, {"id": "3decc6bfadaa436a105714c6baec8ba2", "number": "9295122776", "date": "2021-01-25 16:00:00", "subject": "2", "recorded-or-robo": "N", "city": "Bronx", "state": "NY", "area-code": "718"}, {"id": "3decc6bfadaa436a105714c6baec82f4", "number": "8889964261", "date": "2021-01-21 16:17:00", "subject": "2", "recorded-or-robo": "Y", "city": "Roaming Shores", "state": "OH", "area-code": "330"}, {"id": "3decc6bfadaa436a105714c6baec79e1", "number": "7193001460", "date": "2021-01-26 08:50:00", "subject": "1", "recorded-or-robo": "Y", "city": "Johnston", "state": "RI", "area-code": "401"}, {"id": "3decc6bfadaa436a105714c6baec6bc9", "number": "8138205438", "date": "2021-01-26 09:11:00", "subject": "0", "recorded-or-robo": "Y", "city": "Land O Lakes", "state": "FL", "area-code": "813"}, {"id": "3decc6bfadaa436a105714c6baec60b1", "number": "9736014078", "date": "2021-01-22 13:01:00", "subject": "2", "recorded-or-robo": "", "city": "Sussex", "state": "NJ", "area-code": "973"}, {"id": "3decc6bfadaa436a105714c6baec52e9", "number": "9738796047", "date": "2021-01-26 09:12:00", "subject": "16", "recorded-or-robo": "N", "city": "Livingston", "state": "NJ", "area-code": "973"}, {"id": "3decc6bfadaa436a105714c6baec4e9a", "number": "9042403210", "date": "2021-01-25 15:46:00", "subject": "11", "recorded-or-robo": "N", "city": "Newberry", "state": "FL", "area-code": "850"}, {"id": "3decc6bfadaa436a105714c6baec4a91", "number": "7277560734", "date": "2021-01-25 15:53:00", "subject": "9", "recorded-or-robo": "N", "city": "Bronx", "state": "NY", "area-code": "718"}, {"id": "3decc6bfadaa436a105714c6baec435f", "number": "5804981900", "date": "2021-01-21 19:08:00", "subject": "2", "recorded-or-robo": "", "city": "Riverview", "state": "FL", "area-code": "813"}, {"id": "3decc6bfadaa436a105714c6baec3a78", "number": "8043390028", "date": "2021-01-26 09:08:00", "subject": "6", "recorded-or-robo": "Y", "city": "Richmond", "state": "VA", "area-code": "804"}, {"id": "3decc6bfadaa436a105714c6baec33ef", "number": "5179978911", "date": "2021-01-26 09:06:00", "subject": "1", "recorded-or-robo": "N", "city": "", "state": "MI", "area-code": "517"}, {"id": "3decc6bfadaa436a105714c6baebfb31", "number": "3365372527", "date": "2021-01-26 09:08:00", "subject": "3", "recorded-or-robo": "", "city": "", "state": "NC", "area-code": "336"}, {"id": "3decc6bfadaa436a105714c6baec243e", "number": "3098676175", "date": "2021-01-25 00:00:00", "subject": "2", "recorded-or-robo": "Y", "city": "Chicago", "state": "IL", "area-code": "312"}, {"id": "3decc6bfadaa436a105714c6baec162c", "number": "", "date": "2021-01-26 00:00:00", "subject": "6", "recorded-or-robo": "Y", "city": "", "state": "LA", "area-code": "504"}, {"id": "3decc6bfadaa436a105714c6baec07a4", "number": "3479805818", "date": "2021-01-26 09:05:00", "subject": "1", "recorded-or-robo": "N", "city": "", "state": "NY", "area-code": "347"}, {"id": "3decc6bfadaa436a105714c6baebf3c0", "number": "8622855726", "date": "2021-01-23 17:53:00", "subject": "2", "recorded-or-robo": "", "city": "Sussex", "state": "NJ", "area-code": "973"}, {"id": "3decc6bfadaa436a105714c6baebf16c", "number": "3152358257", "date": "2021-01-25 10:00:00", "subject": "11", "recorded-or-robo": "N", "city": "Hudson", "state": "FL", "area-code": "727"}, {"id": "3decc6bfadaa436a105714c6baebe79e", "number": "8137490411", "date": "2021-01-22 00:00:00", "subject": "2", "recorded-or-robo": "N", "city": "Riverview", "state": "FL", "area-code": "813"}, {"id": "3decc6bfadaa436a105714c6baebdcaa", "number": "2403035374", "date": "2020-12-18 13:32:00", "subject": "2", "recorded-or-robo": "Y", "city": "Central Bridge", "state": "NY", "area-code": "518"}, {"id": "3decc6bfadaa436a105714c6baebcce7", "number": "9192768586", "date": "2021-01-07 15:08:00", "subject": "3", "recorded-or-robo": "Y", "city": "", "state": "AZ", "area-code": "480"}, {"id": "3decc6bfadaa436a105714c6baebc4a6", "number": "4259529361", "date": "2021-01-26 09:01:00", "subject": "1", "recorded-or-robo": "Y", "city": "Boynton Beach", "state": "FL", "area-code": "561"}, {"id": "3decc6bfadaa436a105714c6baebc230", "number": "2029982880", "date": "2021-01-23 18:43:00", "subject": "2", "recorded-or-robo": "", "city": "Sussex", "state": "NJ", "area-code": "973"}, {"id": "3decc6bfadaa436a105714c6baebbab4", "number": "9015869054", "date": "2021-01-25 15:51:00", "subject": "2", "recorded-or-robo": "Y", "city": "Sterling Heights,", "state": "MI", "area-code": "586"}, {"id": "3decc6bfadaa436a105714c6baebb16f", "number": "2393419220", "date": "2020-12-19 11:57:00", "subject": "2", "recorded-or-robo": "Y", "city": "Central Bridge", "state": "NY", "area-code": "518"}, {"id": "3decc6bfadaa436a105714c6baebabe5", "number": "7087192688", "date": "2021-01-22 13:51:00", "subject": "2", "recorded-or-robo": "N", "city": "Riverview", "state": "FL", "area-code": "813"}]}