{"data": [{"id": "490dde24b259add1335244cd1b7d5d4f", "number": "7192046108", "date": "2021-01-26 11:00:00", "subject": "5", "recorded-or-robo": "N", "city": "Colorado Springs", "state": "CO", "area-code": "719"}, {"id": "490dde24b259add1335244cd1b7d58a8", "number": "5019600621", "date": "2021-01-26 11:39:00", "subject": "2", "recorded-or-robo": "Y", "city": "North Little Rock", "state": "AR", "area-code": "501"}, {"id": "490dde24b259add1335244cd1b7d546f", "number": "3055192653", "date": "2021-01-26 13:06:00", "subject": "2", "recorded-or-robo": "Y", "city": "Miami", "state": "FL", "area-code": "305"}, {"id": "490dde24b259add1335244cd1b7d488e", "number": "3527208216", "date": "2021-01-26 00:00:00", "subject": "4", "recorded-or-robo": "Y", "city": "NORTON", "state": "OH", "area-code": "330"}, {"id": "490dde24b259add1335244cd1b7d43fd", "number": "2069304550", "date": "2021-01-26 09:43:00", "subject": "3", "recorded-or-robo": "Y", "city": "", "state": "NY", "area-code": "914"}, {"id": "490dde24b259add1335244cd1b7d3d98", "number": "9412295936", "date": "2020-12-28 12:28:00", "subject": "0", "recorded-or-robo": "Y", "city": "", "state": "NJ", "area-code": "973"}, {"id": "490dde24b259add1335244cd1b7d3d44", "number": "8593611348", "date": "2021-01-26 00:00:00", "subject": "3", "recorded-or-robo": "Y", "city": "Lexington", "state": "KY", "area-code": "859"}, {"id": "490dde24b259add1335244cd1b7d3619", "number": "6625790327", "date": "2021-01-26 08:06:00", "subject": "6", "recorded-or-robo": "N", "city": "Starkville", "state": "MS", "area-code": "662"}, {"id": "490dde24b259add1335244cd1b7d238f", "number": "9728261154", "date": "2021-01-26 10:54:00", "subject": "2", "recorded-or-robo": "N", "city": "Richardson", "state": "TX", "area-code": "972"}, {"id": "490dde24b259add1335244cd1b7d18d8", "number": "2402249349", "date": "2021-01-25 12:45:00", "subject": "2", "recorded-or-robo": "Y", "city": "Pearisburg", "state": "VA", "area-code": "540"}, {"id": "490dde24b259add1335244cd1b7d135f", "number": "4246758581", "date": "2021-01-26 09:43:00", "subject": "1", "recorded-or-robo": "Y", "city": "San Pedro", "state": "CA", "area-code": "424"}, {"id": "490dde24b259add1335244cd1b7d0ed8", "number": "2535617764", "date": "2021-01-26 12:00:00", "subject": "2", "recorded-or-robo": "Y", "city": "Warwick", "state": "RI", "area-code": "401"}, {"id": "490dde24b259add1335244cd1b7d017e", "number": "5757545278", "date": "2021-01-21 09:56:00", "subject": "2", "recorded-or-robo": "Y", "city": "Lubbock", "state": "TN", "area-code": "575"}, {"id": "490dde24b259add1335244cd1b7cf216", "number": "9046854171", "date": "2021-01-26 13:03:00", "subject": "8", "recorded-or-robo": "N", "city": "Winter Springs", "state": "FL", "area-code": "407"}, {"id": "490dde24b259add1335244cd1b7cf12f", "number": "2096181440", "date": "2021-01-25 12:54:00", "subject": "2", "recorded-or-robo": "Y", "city": "", "state": "OH", "area-code": "216"}, {"id": "490dde24b259add1335244cd1b7ce324", "number": "6149921071", "date": "2021-01-26 01:02:00", "subject": "4", "recorded-or-robo": "Y", "city": "Philadelphia", "state": "PA", "area-code": "440"}, {"id": "490dde24b259add1335244cd1b7cdd64", "number": "3012596048", "date": "2021-01-26 11:38:00", "subject": "2", "recorded-or-robo": "Y", "city": "Manteno", "state": "IL", "area-code": "815"}, {"id": "490dde24b259add1335244cd1b7cd2f6", "number": "7734701949", "date": "2021-01-26 12:05:00", "subject": "6", "recorded-or-robo": "N", "city": "Chicago", "state": "IL", "area-code": "773"}, {"id": "490dde24b259add1335244cd1b7cc794", "number": "3202384499", "date": "2021-01-26 11:01:00", "subject": "2", "recorded-or-robo": "Y", "city": "Albuquerque", "state": "NM", "area-code": "505"}, {"id": "490dde24b259add1335244cd1b7cc555", "number": "5132580936", "date": "2020-11-18 18:36:00", "subject": "3", "recorded-or-robo": "", "city": "", "state": "OH", "area-code": "513"}, {"id": "490dde24b259add1335244cd1b7cb8b7", "number": "8556783826", "date": "2021-01-23 09:05:00", "subject": "1", "recorded-or-robo": "Y", "city": "", "state": "IN", "area-code": "574"}, {"id": "490dde24b259add1335244cd1b7cb19d", "number": "3024922837", "date": "2021-01-26 12:49:00", "subject": "4", "recorded-or-robo": "Y", "city": "", "state": "DE", "area-code": "302"}, {"id": "490dde24b259add1335244cd1b7cafd1", "number": "8666656745", "date": "2020-12-28 16:11:00", "subject": "2", "recorded-or-robo": "Y", "city": "Memphis", "state": "TN", "area-code": "901"}, {"id": "490dde24b259add1335244cd1b7ca2c6", "number": "8155317169", "date": "2021-01-25 16:30:00", "subject": "2", "recorded-or-robo": "Y", "city": "Kirkland", "state": "IL", "area-code": "815"}, {"id": "490dde24b259add1335244cd1b7c9f98", "number": "9282262711", "date": "2021-01-26 10:57:00", "subject": "4", "recorded-or-robo": "Y", "city": "PAGE", "state": "AZ", "area-code": "928"}, {"id": "490dde24b259add1335244cd1b7c9074", "number": "9295124944", "date": "2021-01-26 11:23:00", "subject": "6", "recorded-or-robo": "N", "city": "", "state": "NY", "area-code": "718"}, {"id": "490dde24b259add1335244cd1b7bd6a5", "number": "4798884323", "date": "2021-01-26 12:33:00", "subject": "3", "recorded-or-robo": "", "city": "", "state": "Do", "area-code": "202"}, {"id": "490dde24b259add1335244cd1b7c82f8", "number": "5752353299", "date": "2021-01-20 12:16:00", "subject": "2", "recorded-or-robo": "Y", "city": "Lubbock", "state": "TX", "area-code": "575"}, {"id": "490dde24b259add1335244cd1b7c7e01", "number": "", "date": "2021-01-26 11:55:00", "subject": "2", "recorded-or-robo": "Y", "city": "", "state": "MD", "area-code": "410"}, {"id": "490dde24b259add1335244cd1b7c7bd1", "number": "2604841176", "date": "2021-01-22 08:34:00", "subject": "3", "recorded-or-robo": "", "city": "", "state": "IN", "area-code": "260"}, {"id": "490dde24b259add1335244cd1b7c7218", "number": "6232476154", "date": "2021-01-26 10:46:00", "subject": "1", "recorded-or-robo": "Y", "city": "Chandler", "state": "AZ", "area-code": "480"}, {"id": "490dde24b259add1335244cd1b7c66e5", "number": "6612159436", "date": "2021-01-26 10:00:00", "subject": "2", "recorded-or-robo": "Y", "city": "Ventura", "state": "CA", "area-code": "805"}, {"id": "490dde24b259add1335244cd1b7c6286", "number": "2024959134", "date": "2021-01-26 11:45:00", "subject": "2", "recorded-or-robo": "Y", "city": "Creighton", "state": "MO", "area-code": "816"}, {"id": "490dde24b259add1335244cd1b7c5b5e", "number": "7039667619", "date": "2021-01-26 12:54:00", "subject": "1", "recorded-or-robo": "Y", "city": "fayetteville", "state": "GA", "area-code": "703"}, {"id": "490dde24b259add1335244cd1b7c4faa", "number": "9106632239", "date": "2021-01-26 13:02:00", "subject": "4", "recorded-or-robo": "Y", "city": "", "state": "NC", "area-code": "704"}, {"id": "490dde24b259add1335244cd1b7c45f5", "number": "3304260345", "date": "2020-11-25 15:39:00", "subject": "3", "recorded-or-robo": "", "city": "", "state": "OH", "area-code": "513"}, {"id": "490dde24b259add1335244cd1b7c3652", "number": "8556787210", "date": "2021-01-23 08:52:00", "subject": "1", "recorded-or-robo": "Y", "city": "", "state": "IN", "area-code": "574"}, {"id": "490dde24b259add1335244cd1b7c2675", "number": "8598233978", "date": "2021-01-26 09:04:00", "subject": "3", "recorded-or-robo": "Y", "city": "", "state": "GA", "area-code": "404"}, {"id": "490dde24b259add1335244cd1b7c200b", "number": "5053901364", "date": "2021-01-19 16:17:00", "subject": "2", "recorded-or-robo": "Y", "city": "Lubbock", "state": "TX", "area-code": "575"}, {"id": "490dde24b259add1335244cd1b7c1629", "number": "5164302019", "date": "2021-01-26 11:41:00", "subject": "13", "recorded-or-robo": "", "city": "Saint Louis", "state": "MO", "area-code": "314"}, {"id": "490dde24b259add1335244cd1b7c15d9", "number": "7025586005", "date": "2021-01-21 09:02:00", "subject": "2", "recorded-or-robo": "Y", "city": "N", "state": "NV", "area-code": "702"}, {"id": "490dde24b259add1335244cd1b7c0e40", "number": "7577760749", "date": "2021-01-25 14:01:00", "subject": "2", "recorded-or-robo": "Y", "city": "Pearisburg", "state": "VA", "area-code": "540"}, {"id": "490dde24b259add1335244cd1b7c0d86", "number": "2678175091", "date": "2021-01-26 12:56:00", "subject": "1", "recorded-or-robo": "Y", "city": "Howard", "state": "OH", "area-code": "740"}, {"id": "490dde24b259add1335244cd1b7c0999", "number": "7066044486", "date": "2021-01-26 12:45:00", "subject": "1", "recorded-or-robo": "Y", "city": "Winder", "state": "GA", "area-code": "706"}, {"id": "490dde24b259add1335244cd1b7c0289", "number": "5135447401", "date": "2021-01-26 06:19:00", "subject": "2", "recorded-or-robo": "N", "city": "Gustine", "state": "CA", "area-code": "209"}, {"id": "490dde24b259add1335244cd1b7bfe53", "number": "5135447401", "date": "2021-01-26 06:19:00", "subject": "2", "recorded-or-robo": "N", "city": "Gustine", "state": "CA", "area-code": "209"}, {"id": "490dde24b259add1335244cd1b7bf6be", "number": "5169922827", "date": "2021-01-26 13:04:00", "subject": "2", "recorded-or-robo": "", "city": "Merrick", "state": "NY", "area-code": "516"}, {"id": "490dde24b259add1335244cd1b7be9a2", "number": "8448972901", "date": "2021-01-26 09:40:00", "subject": "3", "recorded-or-robo": "Y", "city": "", "state": "WA", "area-code": "253"}, {"id": "490dde24b259add1335244cd1b7bdd06", "number": "6106661012", "date": "2021-01-26 00:00:00", "subject": "2", "recorded-or-robo": "Y", "city": "Cicero", "state": "NY", "area-code": "315"}, {"id": "490dde24b259add1335244cd1b7bdc98", "number": "8335651792", "date": "2021-01-26 10:37:00", "subject": "2", "recorded-or-robo": "Y", "city": "Kirkland", "state": "IL", "area-code": "815"}]}