{"data": [{"id": "deca54a6651fb9add5b4a9816cbe6242", "number": "3202075280", "date": "2021-01-22 14:49:00", "subject": "0", "recorded-or-robo": "N", "city": "", "state": "PA", "area-code": "610"}, {"id": "e81c9350d54f66c6d33b3747ee294dfd", "number": "9707086069", "date": "2021-01-22 18:08:00", "subject": "1", "recorded-or-robo": "Y", "city": "Hilton Head Island", "state": "SC", "area-code": "970"}, {"id": "e81c9350d54f66c6d33b3747ee294484", "number": "7184941534", "date": "2021-01-22 18:09:00", "subject": "7", "recorded-or-robo": "N", "city": "BROOKLYN", "state": "NY", "area-code": "718"}, {"id": "deca54a6651fb9add5b4a9816cbe6186", "number": "9707086069", "date": "2021-01-22 18:08:00", "subject": "1", "recorded-or-robo": "Y", "city": "Hilton Head Island", "state": "SC", "area-code": "970"}, {"id": "deca54a6651fb9add5b4a9816cbe51c8", "number": "7184941534", "date": "2021-01-22 18:09:00", "subject": "7", "recorded-or-robo": "N", "city": "BROOKLYN", "state": "NY", "area-code": "718"}, {"id": "e81c9350d54f66c6d33b3747ee294127", "number": "6237806961", "date": "2021-01-15 00:00:00", "subject": "3", "recorded-or-robo": "Y", "city": "Tucson", "state": "AZ", "area-code": "520"}, {"id": "deca54a6651fb9add5b4a9816cbe491d", "number": "6237806961", "date": "2021-01-15 00:00:00", "subject": "3", "recorded-or-robo": "Y", "city": "Tucson", "state": "AZ", "area-code": "520"}, {"id": "e81c9350d54f66c6d33b3747ee2932b5", "number": "2142494883", "date": "2021-01-22 17:01:00", "subject": "1", "recorded-or-robo": "Y", "city": "Carrollton", "state": "TX", "area-code": "214"}, {"id": "deca54a6651fb9add5b4a9816cbe4891", "number": "2142494883", "date": "2021-01-22 17:01:00", "subject": "1", "recorded-or-robo": "Y", "city": "Carrollton", "state": "TX", "area-code": "214"}, {"id": "e81c9350d54f66c6d33b3747ee292a50", "number": "9713336572", "date": "2021-01-22 14:53:00", "subject": "4", "recorded-or-robo": "Y", "city": "BEAVERTON", "state": "OR", "area-code": "971"}, {"id": "deca54a6651fb9add5b4a9816cbe4039", "number": "9713336572", "date": "2021-01-22 14:53:00", "subject": "4", "recorded-or-robo": "Y", "city": "BEAVERTON", "state": "OR", "area-code": "971"}, {"id": "e81c9350d54f66c6d33b3747ee2928b2", "number": "3309130759", "date": "2021-01-21 13:45:00", "subject": "5", "recorded-or-robo": "N", "city": "Uniontown", "state": "OH", "area-code": "330"}, {"id": "deca54a6651fb9add5b4a9816cbe3ccb", "number": "3309130759", "date": "2021-01-21 13:45:00", "subject": "5", "recorded-or-robo": "N", "city": "Uniontown", "state": "OH", "area-code": "330"}, {"id": "e81c9350d54f66c6d33b3747ee577377", "number": "7757642357", "date": "2021-01-22 18:10:21", "subject": "3", "recorded-or-robo": "Y", "city": "", "state": "NV", "area-code": "775"}, {"id": "e81c9350d54f66c6d33b3747ee292578", "number": "2108984059", "date": "2021-01-22 15:58:00", "subject": "0", "recorded-or-robo": "Y", "city": "", "state": "TX", "area-code": "210"}, {"id": "deca54a6651fb9add5b4a9816cebecea", "number": "7757642357", "date": "2021-01-22 18:10:21", "subject": "3", "recorded-or-robo": "Y", "city": "", "state": "NV", "area-code": "775"}, {"id": "deca54a6651fb9add5b4a9816cbe32bc", "number": "2108984059", "date": "2021-01-22 15:58:00", "subject": "0", "recorded-or-robo": "Y", "city": "", "state": "TX", "area-code": "210"}, {"id": "e81c9350d54f66c6d33b3747ee570163", "number": "+12675097739", "date": "2021-01-22 18:10:20", "subject": "3", "recorded-or-robo": "Y", "city": "", "state": "PA", "area-code": "267"}, {"id": "e81c9350d54f66c6d33b3747ee291dd7", "number": "7858980988", "date": "2021-01-21 13:39:00", "subject": "2", "recorded-or-robo": "Y", "city": "Cincinnati", "state": "OH", "area-code": "513"}, {"id": "deca54a6651fb9add5b4a9816ceb72bd", "number": "+12675097739", "date": "2021-01-22 18:10:20", "subject": "3", "recorded-or-robo": "Y", "city": "", "state": "PA", "area-code": "267"}, {"id": "deca54a6651fb9add5b4a9816cbe2efc", "number": "7858980988", "date": "2021-01-21 13:39:00", "subject": "2", "recorded-or-robo": "Y", "city": "Cincinnati", "state": "OH", "area-code": "513"}, {"id": "e81c9350d54f66c6d33b3747ee291c7f", "number": "8435263185", "date": "2021-01-22 18:08:00", "subject": "13", "recorded-or-robo": "Y", "city": "Landrum", "state": "SC", "area-code": "864"}, {"id": "deca54a6651fb9add5b4a9816cbe2662", "number": "8435263185", "date": "2021-01-22 18:08:00", "subject": "13", "recorded-or-robo": "Y", "city": "Landrum", "state": "SC", "area-code": "864"}, {"id": "e81c9350d54f66c6d33b3747ee290e56", "number": "6024826166", "date": "2021-01-22 01:32:00", "subject": "2", "recorded-or-robo": "N", "city": "Phoenix", "state": "AZ", "area-code": "602"}, {"id": "deca54a6651fb9add5b4a9816cbe21bd", "number": "6024826166", "date": "2021-01-22 01:32:00", "subject": "2", "recorded-or-robo": "N", "city": "Phoenix", "state": "AZ", "area-code": "602"}, {"id": "e81c9350d54f66c6d33b3747ee290ad8", "number": "9175497056", "date": "2021-01-22 13:44:00", "subject": "2", "recorded-or-robo": "Y", "city": "Kellyville", "state": "ME", "area-code": "207"}, {"id": "deca54a6651fb9add5b4a9816cbe18ec", "number": "9175497056", "date": "2021-01-22 13:44:00", "subject": "2", "recorded-or-robo": "Y", "city": "Kellyville", "state": "ME", "area-code": "207"}, {"id": "e81c9350d54f66c6d33b3747ee290410", "number": "8185667475", "date": "2021-01-21 10:28:00", "subject": "2", "recorded-or-robo": "N", "city": "Huntington Beach", "state": "CA", "area-code": "818"}, {"id": "deca54a6651fb9add5b4a9816cbe1644", "number": "8185667475", "date": "2021-01-21 10:28:00", "subject": "2", "recorded-or-robo": "N", "city": "Huntington Beach", "state": "CA", "area-code": "818"}, {"id": "e81c9350d54f66c6d33b3747ee28f7c2", "number": "7193217074", "date": "2021-01-22 15:08:00", "subject": "2", "recorded-or-robo": "", "city": "Chico", "state": "CA", "area-code": "530"}, {"id": "deca54a6651fb9add5b4a9816cbe1094", "number": "7193217074", "date": "2021-01-22 15:08:00", "subject": "2", "recorded-or-robo": "", "city": "Chico", "state": "CA", "area-code": "530"}, {"id": "e81c9350d54f66c6d33b3747ee576be1", "number": "+19709990823", "date": "2021-01-22 18:10:06", "subject": "3", "recorded-or-robo": "Y", "city": "", "state": "GA", "area-code": "404"}, {"id": "deca54a6651fb9add5b4a9816cebe186", "number": "+19709990823", "date": "2021-01-22 18:10:06", "subject": "3", "recorded-or-robo": "Y", "city": "", "state": "GA", "area-code": "404"}, {"id": "e81c9350d54f66c6d33b3747ee28e865", "number": "7743924073", "date": "2021-01-22 12:00:00", "subject": "1", "recorded-or-robo": "Y", "city": "Falmouth", "state": "MA", "area-code": "774"}, {"id": "deca54a6651fb9add5b4a9816cbe06ef", "number": "7743924073", "date": "2021-01-22 12:00:00", "subject": "1", "recorded-or-robo": "Y", "city": "Falmouth", "state": "MA", "area-code": "774"}, {"id": "e81c9350d54f66c6d33b3747ee575323", "number": "+14694090746", "date": "2021-01-22 18:10:02", "subject": "3", "recorded-or-robo": "Y", "city": "", "state": "TX", "area-code": "469"}, {"id": "deca54a6651fb9add5b4a9816cebd178", "number": "+14694090746", "date": "2021-01-22 18:10:02", "subject": "3", "recorded-or-robo": "Y", "city": "", "state": "TX", "area-code": "469"}, {"id": "e81c9350d54f66c6d33b3747ee28e64b", "number": "9282841043", "date": "2021-01-22 14:45:00", "subject": "0", "recorded-or-robo": "Y", "city": "San Rafael", "state": "CA", "area-code": "415"}, {"id": "deca54a6651fb9add5b4a9816cbdfee2", "number": "9282841043", "date": "2021-01-22 14:45:00", "subject": "0", "recorded-or-robo": "Y", "city": "San Rafael", "state": "CA", "area-code": "415"}, {"id": "e81c9350d54f66c6d33b3747ee28e12e", "number": "", "date": "2021-01-07 12:00:00", "subject": "2", "recorded-or-robo": "Y", "city": "Lewiston", "state": "ME", "area-code": "207"}, {"id": "deca54a6651fb9add5b4a9816cbdfc19", "number": "", "date": "2021-01-07 12:00:00", "subject": "2", "recorded-or-robo": "Y", "city": "Lewiston", "state": "ME", "area-code": "207"}, {"id": "e81c9350d54f66c6d33b3747ee28d3ca", "number": "8474649875", "date": "2021-01-22 14:54:00", "subject": "0", "recorded-or-robo": "Y", "city": "CHICAGO", "state": "IL", "area-code": "773"}, {"id": "deca54a6651fb9add5b4a9816cbdf745", "number": "8474649875", "date": "2021-01-22 14:54:00", "subject": "0", "recorded-or-robo": "Y", "city": "CHICAGO", "state": "IL", "area-code": "773"}, {"id": "e81c9350d54f66c6d33b3747ee28ca6c", "number": "2708880343", "date": "2021-01-22 17:06:00", "subject": "1", "recorded-or-robo": "Y", "city": "", "state": "KY", "area-code": "270"}, {"id": "deca54a6651fb9add5b4a9816cbdf729", "number": "2708880343", "date": "2021-01-22 17:06:00", "subject": "1", "recorded-or-robo": "Y", "city": "", "state": "KY", "area-code": "270"}, {"id": "e81c9350d54f66c6d33b3747ee28bd30", "number": "6369223605", "date": "2021-01-22 14:57:00", "subject": "1", "recorded-or-robo": "Y", "city": "St Charles", "state": "MO", "area-code": "636"}, {"id": "deca54a6651fb9add5b4a9816cbdf5e3", "number": "6369223605", "date": "2021-01-22 14:57:00", "subject": "1", "recorded-or-robo": "Y", "city": "St Charles", "state": "MO", "area-code": "636"}, {"id": "e81c9350d54f66c6d33b3747ee573f6a", "number": "+19412142090", "date": "2021-01-22 18:09:53", "subject": "3", "recorded-or-robo": "Y", "city": "", "state": "GA", "area-code": "404"}, {"id": "deca54a6651fb9add5b4a9816cebb45d", "number": "+19412142090", "date": "2021-01-22 18:09:53", "subject": "3", "recorded-or-robo": "Y", "city": "", "state": "GA", "area-code": "404"}, {"id": "e81c9350d54f66c6d33b3747ee28baeb", "number": "5862215169", "date": "2021-01-22 18:00:00", "subject": "4", "recorded-or-robo": "Y", "city": "Mount Clemens", "state": "MI", "area-code": "586"}]}