{"data": [{"id": "03e293b3df9e35eadf15c5611966ec55", "number": "8186101844", "date": "2021-01-13 17:47:00", "subject": "2", "recorded-or-robo": "Y", "city": "Calabasas", "state": "CA", "area-code": "818"}, {"id": "3decc6bfadaa436a105714c6bad08dbf", "number": "7163376697", "date": "2021-01-22 09:00:00", "subject": "1", "recorded-or-robo": "Y", "city": "Loveland", "state": "CO", "area-code": "970"}, {"id": "03e293b3df9e35eadf15c5611966dcdc", "number": "7163376697", "date": "2021-01-22 09:00:00", "subject": "1", "recorded-or-robo": "Y", "city": "Loveland", "state": "CO", "area-code": "970"}, {"id": "3decc6bfadaa436a105714c6bad07eaa", "number": "6027550146", "date": "2021-01-20 20:23:00", "subject": "0", "recorded-or-robo": "Y", "city": "", "state": "AZ", "area-code": "602"}, {"id": "03e293b3df9e35eadf15c5611966d7d8", "number": "6027550146", "date": "2021-01-20 20:23:00", "subject": "0", "recorded-or-robo": "Y", "city": "", "state": "AZ", "area-code": "602"}, {"id": "3decc6bfadaa436a105714c6bad07b88", "number": "8556987934", "date": "2021-01-24 00:00:00", "subject": "11", "recorded-or-robo": "Y", "city": "Hazelwood", "state": "MO", "area-code": "314"}, {"id": "03e293b3df9e35eadf15c5611966d545", "number": "8556987934", "date": "2021-01-24 00:00:00", "subject": "11", "recorded-or-robo": "Y", "city": "Hazelwood", "state": "MO", "area-code": "314"}, {"id": "3decc6bfadaa436a105714c6bad07352", "number": "9496030479", "date": "2021-01-24 17:19:00", "subject": "0", "recorded-or-robo": "Y", "city": "", "state": "CA", "area-code": "949"}, {"id": "03e293b3df9e35eadf15c5611966c5a7", "number": "9496030479", "date": "2021-01-24 17:19:00", "subject": "0", "recorded-or-robo": "Y", "city": "", "state": "CA", "area-code": "949"}, {"id": "3decc6bfadaa436a105714c6bad068b5", "number": "3152328257", "date": "2021-01-24 12:30:00", "subject": "1", "recorded-or-robo": "Y", "city": "", "state": "MO", "area-code": "314"}, {"id": "03e293b3df9e35eadf15c5611966c267", "number": "3152328257", "date": "2021-01-24 12:30:00", "subject": "1", "recorded-or-robo": "Y", "city": "", "state": "MO", "area-code": "314"}, {"id": "3decc6bfadaa436a105714c6bad064e6", "number": "9726560958", "date": "2021-01-21 18:40:00", "subject": "2", "recorded-or-robo": "N", "city": "Irving", "state": "TX", "area-code": "972"}, {"id": "03e293b3df9e35eadf15c5611966c0f8", "number": "9726560958", "date": "2021-01-21 18:40:00", "subject": "2", "recorded-or-robo": "N", "city": "Irving", "state": "TX", "area-code": "972"}, {"id": "3decc6bfadaa436a105714c6bad058d6", "number": "6469185925", "date": "2021-01-21 00:00:00", "subject": "2", "recorded-or-robo": "Y", "city": "", "state": "NY", "area-code": "646"}, {"id": "03e293b3df9e35eadf15c5611966bf15", "number": "6469185925", "date": "2021-01-21 00:00:00", "subject": "2", "recorded-or-robo": "Y", "city": "", "state": "NY", "area-code": "646"}, {"id": "3decc6bfadaa436a105714c6bad056d6", "number": "8608699037", "date": "2021-01-23 15:53:00", "subject": "6", "recorded-or-robo": "N", "city": "Groton", "state": "CT", "area-code": "860"}, {"id": "03e293b3df9e35eadf15c5611966b17f", "number": "8608699037", "date": "2021-01-23 15:53:00", "subject": "6", "recorded-or-robo": "N", "city": "Groton", "state": "CT", "area-code": "860"}, {"id": "3decc6bfadaa436a105714c6bad051bd", "number": "8185627681", "date": "2021-01-21 15:04:00", "subject": "2", "recorded-or-robo": "Y", "city": "Calabasas", "state": "CA", "area-code": "818"}, {"id": "03e293b3df9e35eadf15c5611966a639", "number": "8185627681", "date": "2021-01-21 15:04:00", "subject": "2", "recorded-or-robo": "Y", "city": "Calabasas", "state": "CA", "area-code": "818"}, {"id": "3decc6bfadaa436a105714c6bad04e8d", "number": "3144352035", "date": "2021-01-24 14:12:00", "subject": "11", "recorded-or-robo": "Y", "city": "", "state": "MO", "area-code": "314"}, {"id": "03e293b3df9e35eadf15c561196696bc", "number": "3144352035", "date": "2021-01-24 14:12:00", "subject": "11", "recorded-or-robo": "Y", "city": "", "state": "MO", "area-code": "314"}, {"id": "3decc6bfadaa436a105714c6bad04e71", "number": "8183307199", "date": "2021-01-22 11:16:00", "subject": "2", "recorded-or-robo": "Y", "city": "Calabasas", "state": "CA", "area-code": "818"}, {"id": "03e293b3df9e35eadf15c56119668961", "number": "8183307199", "date": "2021-01-22 11:16:00", "subject": "2", "recorded-or-robo": "Y", "city": "Calabasas", "state": "CA", "area-code": "818"}, {"id": "3decc6bfadaa436a105714c6bad04703", "number": "3144356874", "date": "2021-01-24 13:37:00", "subject": "11", "recorded-or-robo": "Y", "city": "", "state": "MO", "area-code": "314"}, {"id": "03e293b3df9e35eadf15c56119668752", "number": "3144356874", "date": "2021-01-24 13:37:00", "subject": "11", "recorded-or-robo": "Y", "city": "", "state": "MO", "area-code": "314"}, {"id": "3decc6bfadaa436a105714c6bad03b57", "number": "5418721470", "date": "2021-01-21 00:00:00", "subject": "2", "recorded-or-robo": "Y", "city": "", "state": "NY", "area-code": "646"}, {"id": "03e293b3df9e35eadf15c5611966813e", "number": "5418721470", "date": "2021-01-21 00:00:00", "subject": "2", "recorded-or-robo": "Y", "city": "", "state": "NY", "area-code": "646"}, {"id": "3decc6bfadaa436a105714c6bad02ef5", "number": "8183345879", "date": "2021-01-24 09:34:00", "subject": "2", "recorded-or-robo": "Y", "city": "Calabasas", "state": "CA", "area-code": "818"}, {"id": "03e293b3df9e35eadf15c56119667d12", "number": "8183345879", "date": "2021-01-24 09:34:00", "subject": "2", "recorded-or-robo": "Y", "city": "Calabasas", "state": "CA", "area-code": "818"}, {"id": "3decc6bfadaa436a105714c6bad028d3", "number": "", "date": "2021-01-23 14:05:00", "subject": "1", "recorded-or-robo": "Y", "city": "KENNEWICK", "state": "WA", "area-code": "509"}, {"id": "03e293b3df9e35eadf15c56119667264", "number": "", "date": "2021-01-23 14:05:00", "subject": "1", "recorded-or-robo": "Y", "city": "KENNEWICK", "state": "WA", "area-code": "509"}, {"id": "3decc6bfadaa436a105714c6bad0269b", "number": "3144359279", "date": "2021-01-24 12:48:00", "subject": "11", "recorded-or-robo": "Y", "city": "", "state": "MO", "area-code": "314"}, {"id": "03e293b3df9e35eadf15c5611966629f", "number": "3144359279", "date": "2021-01-24 12:48:00", "subject": "11", "recorded-or-robo": "Y", "city": "", "state": "MO", "area-code": "314"}, {"id": "3decc6bfadaa436a105714c6bad02493", "number": "8184781625", "date": "2021-01-19 09:53:00", "subject": "2", "recorded-or-robo": "Y", "city": "Calabasas", "state": "CA", "area-code": "818"}, {"id": "03e293b3df9e35eadf15c5611966620b", "number": "8184781625", "date": "2021-01-19 09:53:00", "subject": "2", "recorded-or-robo": "Y", "city": "Calabasas", "state": "CA", "area-code": "818"}, {"id": "3decc6bfadaa436a105714c6bad02136", "number": "4149405322", "date": "2021-01-24 15:29:00", "subject": "11", "recorded-or-robo": "Y", "city": "milwaukee", "state": "WI", "area-code": "414"}, {"id": "03e293b3df9e35eadf15c56119665a4b", "number": "4149405322", "date": "2021-01-24 15:29:00", "subject": "11", "recorded-or-robo": "Y", "city": "milwaukee", "state": "WI", "area-code": "414"}, {"id": "3decc6bfadaa436a105714c6bad012c9", "number": "6465729562", "date": "2021-01-22 00:00:00", "subject": "2", "recorded-or-robo": "Y", "city": "", "state": "NY", "area-code": "646"}, {"id": "03e293b3df9e35eadf15c56119664ba3", "number": "6465729562", "date": "2021-01-22 00:00:00", "subject": "2", "recorded-or-robo": "Y", "city": "", "state": "NY", "area-code": "646"}, {"id": "3decc6bfadaa436a105714c6bad0007f", "number": "6604778698", "date": "2021-01-24 00:00:00", "subject": "3", "recorded-or-robo": "", "city": "", "state": "MO", "area-code": "660"}, {"id": "03e293b3df9e35eadf15c561196636c1", "number": "6604778698", "date": "2021-01-24 00:00:00", "subject": "3", "recorded-or-robo": "", "city": "", "state": "MO", "area-code": "660"}, {"id": "3decc6bfadaa436a105714c6bad00d52", "number": "6232633231", "date": "2021-01-20 16:40:00", "subject": "0", "recorded-or-robo": "Y", "city": "", "state": "AZ", "area-code": "602"}, {"id": "03e293b3df9e35eadf15c561196643fe", "number": "6232633231", "date": "2021-01-20 16:40:00", "subject": "0", "recorded-or-robo": "Y", "city": "", "state": "AZ", "area-code": "602"}, {"id": "3decc6bfadaa436a105714c6bad009f0", "number": "3144359865", "date": "2021-01-24 12:00:00", "subject": "11", "recorded-or-robo": "Y", "city": "", "state": "MO", "area-code": "314"}, {"id": "03e293b3df9e35eadf15c56119663fa1", "number": "3144359865", "date": "2021-01-24 12:00:00", "subject": "11", "recorded-or-robo": "Y", "city": "", "state": "MO", "area-code": "314"}, {"id": "3decc6bfadaa436a105714c6bacff2d6", "number": "8014162885", "date": "2021-01-24 14:48:00", "subject": "7", "recorded-or-robo": "Y", "city": "Ogden", "state": "GA", "area-code": "912"}, {"id": "03e293b3df9e35eadf15c56119663622", "number": "8014162885", "date": "2021-01-24 14:48:00", "subject": "7", "recorded-or-robo": "Y", "city": "Ogden", "state": "GA", "area-code": "912"}, {"id": "3decc6bfadaa436a105714c6bacff19b", "number": "3144352755", "date": "2021-01-24 10:41:00", "subject": "11", "recorded-or-robo": "Y", "city": "", "state": "MO", "area-code": "314"}, {"id": "03e293b3df9e35eadf15c56119662ba3", "number": "3144352755", "date": "2021-01-24 10:41:00", "subject": "11", "recorded-or-robo": "Y", "city": "", "state": "MO", "area-code": "314"}, {"id": "3decc6bfadaa436a105714c6bacfe76f", "number": "5205235258", "date": "2021-01-20 10:43:00", "subject": "0", "recorded-or-robo": "Y", "city": "", "state": "AZ", "area-code": "602"}]}