{"data": [{"id": "e81c9350d54f66c6d33b3747eebc673c", "number": "+18482028749", "date": "2021-01-22 22:38:30", "subject": "3", "recorded-or-robo": "Y", "city": "", "state": "CT", "area-code": "203"}, {"id": "1d36742e3f24f50e4e7ae8280151ed88", "number": "+14233115595", "date": "2021-01-22 22:38:30", "subject": "3", "recorded-or-robo": "N", "city": "", "state": "TN", "area-code": "423"}, {"id": "1d36742e3f24f50e4e7ae82801518f95", "number": "+18482028749", "date": "2021-01-22 22:38:30", "subject": "3", "recorded-or-robo": "Y", "city": "", "state": "CT", "area-code": "203"}, {"id": "e81c9350d54f66c6d33b3747eebc942b", "number": "+14237561820", "date": "2021-01-22 22:38:20", "subject": "3", "recorded-or-robo": "N", "city": "", "state": "TN", "area-code": "423"}, {"id": "1d36742e3f24f50e4e7ae8280151d2e0", "number": "+14237561820", "date": "2021-01-22 22:38:20", "subject": "3", "recorded-or-robo": "N", "city": "", "state": "TN", "area-code": "423"}, {"id": "e81c9350d54f66c6d33b3747eebc57c8", "number": "+17144275209", "date": "2021-01-22 22:38:18", "subject": "3", "recorded-or-robo": "Y", "city": "", "state": "CA", "area-code": "714"}, {"id": "e81c9350d54f66c6d33b3747ee93639d", "number": "3018570299", "date": "2021-01-21 09:20:00", "subject": "2", "recorded-or-robo": "Y", "city": "", "state": "MD", "area-code": "301"}, {"id": "1d36742e3f24f50e4e7ae82801518c2f", "number": "+17144275209", "date": "2021-01-22 22:38:18", "subject": "3", "recorded-or-robo": "Y", "city": "", "state": "CA", "area-code": "714"}, {"id": "1d36742e3f24f50e4e7ae8280128e9ce", "number": "3018570299", "date": "2021-01-21 09:20:00", "subject": "2", "recorded-or-robo": "Y", "city": "", "state": "MD", "area-code": "301"}, {"id": "e81c9350d54f66c6d33b3747eebce03e", "number": "7019624268", "date": "2021-01-22 22:38:16", "subject": "3", "recorded-or-robo": "Y", "city": "", "state": "CA", "area-code": "415"}, {"id": "1d36742e3f24f50e4e7ae82801523dab", "number": "7019624268", "date": "2021-01-22 22:38:16", "subject": "3", "recorded-or-robo": "Y", "city": "", "state": "CA", "area-code": "415"}, {"id": "e81c9350d54f66c6d33b3747eebc9fc9", "number": "7019624268", "date": "2021-01-22 22:38:12", "subject": "3", "recorded-or-robo": "Y", "city": "", "state": "CA", "area-code": "415"}, {"id": "1d36742e3f24f50e4e7ae8280151f3b7", "number": "7019624268", "date": "2021-01-22 22:38:12", "subject": "3", "recorded-or-robo": "Y", "city": "", "state": "CA", "area-code": "415"}, {"id": "e81c9350d54f66c6d33b3747eebd1beb", "number": "7019624268", "date": "2021-01-22 22:38:11", "subject": "3", "recorded-or-robo": "Y", "city": "", "state": "CA", "area-code": "415"}, {"id": "e81c9350d54f66c6d33b3747eebcb4c6", "number": "8137153878", "date": "2021-01-22 22:38:11", "subject": "3", "recorded-or-robo": "Y", "city": "", "state": "FL", "area-code": "813"}, {"id": "1d36742e3f24f50e4e7ae82801526da4", "number": "7019624268", "date": "2021-01-22 22:38:11", "subject": "3", "recorded-or-robo": "Y", "city": "", "state": "CA", "area-code": "415"}, {"id": "1d36742e3f24f50e4e7ae82801520c84", "number": "8137153878", "date": "2021-01-22 22:38:11", "subject": "3", "recorded-or-robo": "Y", "city": "", "state": "FL", "area-code": "813"}, {"id": "e81c9350d54f66c6d33b3747eebd0c29", "number": "8009011172", "date": "2021-01-22 22:38:10", "subject": "3", "recorded-or-robo": "Y", "city": "", "state": "CA", "area-code": "408"}, {"id": "e81c9350d54f66c6d33b3747eebcb7bc", "number": "7019624268", "date": "2021-01-22 22:38:10", "subject": "3", "recorded-or-robo": "Y", "city": "", "state": "CA", "area-code": "415"}, {"id": "1d36742e3f24f50e4e7ae82801525def", "number": "8009011172", "date": "2021-01-22 22:38:10", "subject": "3", "recorded-or-robo": "Y", "city": "", "state": "CA", "area-code": "408"}, {"id": "1d36742e3f24f50e4e7ae828015210c3", "number": "7019624268", "date": "2021-01-22 22:38:10", "subject": "3", "recorded-or-robo": "Y", "city": "", "state": "CA", "area-code": "415"}, {"id": "e81c9350d54f66c6d33b3747eebd38a5", "number": "7019624268", "date": "2021-01-22 22:38:09", "subject": "3", "recorded-or-robo": "Y", "city": "", "state": "CA", "area-code": "415"}, {"id": "1d36742e3f24f50e4e7ae82801528d9a", "number": "7019624268", "date": "2021-01-22 22:38:09", "subject": "3", "recorded-or-robo": "Y", "city": "", "state": "CA", "area-code": "415"}, {"id": "e81c9350d54f66c6d33b3747ee935eb6", "number": "4357752082", "date": "2021-01-22 18:47:00", "subject": "0", "recorded-or-robo": "Y", "city": "", "state": "CO", "area-code": "303"}, {"id": "1d36742e3f24f50e4e7ae8280128e837", "number": "4357752082", "date": "2021-01-22 18:47:00", "subject": "0", "recorded-or-robo": "Y", "city": "", "state": "CO", "area-code": "303"}, {"id": "e81c9350d54f66c6d33b3747eebc9dee", "number": "6307162549", "date": "2021-01-22 22:38:01", "subject": "3", "recorded-or-robo": "N", "city": "", "state": "IL", "area-code": "630"}, {"id": "1d36742e3f24f50e4e7ae8280151de92", "number": "6307162549", "date": "2021-01-22 22:38:01", "subject": "3", "recorded-or-robo": "N", "city": "", "state": "IL", "area-code": "630"}, {"id": "e81c9350d54f66c6d33b3747ee935358", "number": "6027954589", "date": "2021-01-22 08:18:00", "subject": "2", "recorded-or-robo": "Y", "city": "", "state": "OR", "area-code": "541"}, {"id": "e81c9350d54f66c6d33b3747ee934fa3", "number": "6618995673", "date": "2021-01-22 00:00:00", "subject": "1", "recorded-or-robo": "Y", "city": "Roanoke Rapids", "state": "NC", "area-code": "252"}, {"id": "1d36742e3f24f50e4e7ae8280128df92", "number": "6027954589", "date": "2021-01-22 08:18:00", "subject": "2", "recorded-or-robo": "Y", "city": "", "state": "OR", "area-code": "541"}, {"id": "1d36742e3f24f50e4e7ae8280128d1cb", "number": "6618995673", "date": "2021-01-22 00:00:00", "subject": "1", "recorded-or-robo": "Y", "city": "Roanoke Rapids", "state": "NC", "area-code": "252"}, {"id": "e81c9350d54f66c6d33b3747ee934b7d", "number": "6174021000", "date": "2021-01-19 10:29:00", "subject": "2", "recorded-or-robo": "Y", "city": "Rockville", "state": "MD", "area-code": "310"}, {"id": "1d36742e3f24f50e4e7ae8280128c454", "number": "6174021000", "date": "2021-01-19 10:29:00", "subject": "2", "recorded-or-robo": "Y", "city": "Rockville", "state": "MD", "area-code": "310"}, {"id": "e81c9350d54f66c6d33b3747ee933ee5", "number": "9188566148", "date": "2021-01-22 20:32:00", "subject": "1", "recorded-or-robo": "N", "city": "", "state": "NM", "area-code": "505"}, {"id": "1d36742e3f24f50e4e7ae8280128b478", "number": "9188566148", "date": "2021-01-22 20:32:00", "subject": "1", "recorded-or-robo": "N", "city": "", "state": "NM", "area-code": "505"}, {"id": "e81c9350d54f66c6d33b3747eebcc072", "number": "6267774665", "date": "2021-01-22 22:37:44", "subject": "3", "recorded-or-robo": "N", "city": "", "state": "CA", "area-code": "626"}, {"id": "1d36742e3f24f50e4e7ae82801521dc8", "number": "6267774665", "date": "2021-01-22 22:37:44", "subject": "3", "recorded-or-robo": "N", "city": "", "state": "CA", "area-code": "626"}, {"id": "e81c9350d54f66c6d33b3747eebce0e6", "number": "7077107522", "date": "2021-01-22 22:37:39", "subject": "3", "recorded-or-robo": "Y", "city": "", "state": "CA", "area-code": "415"}, {"id": "1d36742e3f24f50e4e7ae82801524558", "number": "7077107522", "date": "2021-01-22 22:37:39", "subject": "3", "recorded-or-robo": "Y", "city": "", "state": "CA", "area-code": "415"}, {"id": "e81c9350d54f66c6d33b3747eebd1ecc", "number": "7077107522", "date": "2021-01-22 22:37:38", "subject": "3", "recorded-or-robo": "Y", "city": "", "state": "CA", "area-code": "415"}, {"id": "1d36742e3f24f50e4e7ae82801527659", "number": "7077107522", "date": "2021-01-22 22:37:38", "subject": "3", "recorded-or-robo": "Y", "city": "", "state": "CA", "area-code": "415"}, {"id": "e81c9350d54f66c6d33b3747eebcbb68", "number": "+19172920955", "date": "2021-01-22 22:37:33", "subject": "3", "recorded-or-robo": "N", "city": "", "state": "MI", "area-code": "313"}, {"id": "1d36742e3f24f50e4e7ae828015219d7", "number": "+19172920955", "date": "2021-01-22 22:37:33", "subject": "3", "recorded-or-robo": "N", "city": "", "state": "MI", "area-code": "313"}, {"id": "e81c9350d54f66c6d33b3747ee933cbe", "number": "5595887971", "date": "2021-01-22 12:52:00", "subject": "2", "recorded-or-robo": "Y", "city": "", "state": "CA", "area-code": "858"}, {"id": "1d36742e3f24f50e4e7ae8280128a52d", "number": "5595887971", "date": "2021-01-22 12:52:00", "subject": "2", "recorded-or-robo": "Y", "city": "", "state": "CA", "area-code": "858"}, {"id": "e81c9350d54f66c6d33b3747ee932ea8", "number": "3018227359", "date": "2021-01-21 13:30:00", "subject": "2", "recorded-or-robo": "Y", "city": "", "state": "MD", "area-code": "301"}, {"id": "1d36742e3f24f50e4e7ae828012898bf", "number": "3018227359", "date": "2021-01-21 13:30:00", "subject": "2", "recorded-or-robo": "Y", "city": "", "state": "MD", "area-code": "301"}, {"id": "e81c9350d54f66c6d33b3747eebcade9", "number": "7472452783", "date": "2021-01-22 22:36:49", "subject": "3", "recorded-or-robo": "Y", "city": "", "state": "CA", "area-code": "408"}, {"id": "1d36742e3f24f50e4e7ae8280151fb17", "number": "7472452783", "date": "2021-01-22 22:36:49", "subject": "3", "recorded-or-robo": "Y", "city": "", "state": "CA", "area-code": "408"}, {"id": "e81c9350d54f66c6d33b3747ee9321b9", "number": "2424378042", "date": "2021-01-22 21:41:00", "subject": "0", "recorded-or-robo": "Y", "city": "SEYMOUR", "state": "TN", "area-code": "865"}]}