{"data": [{"id": "490dde24b259add1335244cd1b69851e", "number": "9016413953", "date": "2020-12-07 10:58:00", "subject": "2", "recorded-or-robo": "Y", "city": "Memphis", "state": "TN", "area-code": "901"}, {"id": "490dde24b259add1335244cd1b68b5a9", "number": "2083579299", "date": "2021-01-26 09:13:00", "subject": "3", "recorded-or-robo": "N", "city": "", "state": "ID", "area-code": "208"}, {"id": "490dde24b259add1335244cd1b6984f6", "number": "", "date": "2021-01-26 06:05:00", "subject": "3", "recorded-or-robo": "Y", "city": "", "state": "FL", "area-code": "305"}, {"id": "490dde24b259add1335244cd1b697d09", "number": "3602452229", "date": "2021-01-23 13:41:00", "subject": "2", "recorded-or-robo": "Y", "city": "Ferndale", "state": "WA", "area-code": "360"}, {"id": "490dde24b259add1335244cd1b6971ac", "number": "9086484898", "date": "2021-01-26 12:24:00", "subject": "4", "recorded-or-robo": "Y", "city": "milford", "state": "NJ", "area-code": "908"}, {"id": "490dde24b259add1335244cd1b696db6", "number": "7023848893", "date": "2021-01-25 09:41:00", "subject": "2", "recorded-or-robo": "Y", "city": "", "state": "NV", "area-code": "702"}, {"id": "490dde24b259add1335244cd1b6968e9", "number": "8059438298", "date": "2021-01-26 09:14:00", "subject": "2", "recorded-or-robo": "N", "city": "Santa barbara", "state": "CA", "area-code": "805"}, {"id": "490dde24b259add1335244cd1b695c66", "number": "6167277893", "date": "2021-01-26 10:14:00", "subject": "2", "recorded-or-robo": "N", "city": "Lewiston", "state": "MI", "area-code": "989"}, {"id": "490dde24b259add1335244cd1b6950ae", "number": "8132521242", "date": "2021-01-26 12:00:00", "subject": "1", "recorded-or-robo": "Y", "city": "Rehoboth beach", "state": "DE", "area-code": "813"}, {"id": "490dde24b259add1335244cd1b69473c", "number": "8502027035", "date": "2021-01-23 14:51:00", "subject": "2", "recorded-or-robo": "Y", "city": "Manistee", "state": "MI", "area-code": "231"}, {"id": "490dde24b259add1335244cd1b693e31", "number": "7148216101", "date": "2021-01-26 09:43:00", "subject": "5", "recorded-or-robo": "Y", "city": "Los Angeles", "state": "CA", "area-code": "714"}, {"id": "490dde24b259add1335244cd1b6936b2", "number": "3034606178", "date": "2021-01-26 11:15:00", "subject": "2", "recorded-or-robo": "Y", "city": "", "state": "CO", "area-code": "303"}, {"id": "490dde24b259add1335244cd1b692ee9", "number": "5089284688", "date": "2021-01-25 11:47:00", "subject": "6", "recorded-or-robo": "Y", "city": "FRANKLIN", "state": "MA", "area-code": "508"}, {"id": "490dde24b259add1335244cd1b692aa4", "number": "2403450181", "date": "2021-01-26 12:27:00", "subject": "4", "recorded-or-robo": "Y", "city": "", "state": "FL", "area-code": "786"}, {"id": "490dde24b259add1335244cd1b692284", "number": "7038104044", "date": "2021-01-26 12:41:00", "subject": "2", "recorded-or-robo": "N", "city": "Hamilton", "state": "VA", "area-code": "703"}, {"id": "490dde24b259add1335244cd1b6920b7", "number": "8653552062", "date": "2021-01-22 15:08:00", "subject": "2", "recorded-or-robo": "N", "city": "St. Albans", "state": "NY", "area-code": "718"}, {"id": "490dde24b259add1335244cd1b691dad", "number": "3213420170", "date": "2021-01-26 12:28:00", "subject": "3", "recorded-or-robo": "Y", "city": "", "state": "FL", "area-code": "321"}, {"id": "490dde24b259add1335244cd1b690fd3", "number": "4242930483", "date": "2021-01-26 09:30:00", "subject": "4", "recorded-or-robo": "Y", "city": "Oxnard", "state": "CA", "area-code": "805"}, {"id": "490dde24b259add1335244cd1b690ef0", "number": "8146678216", "date": "2021-01-21 10:26:00", "subject": "2", "recorded-or-robo": "Y", "city": "Traverse City", "state": "MI", "area-code": "231"}, {"id": "490dde24b259add1335244cd1b6900c7", "number": "4752722667", "date": "2021-01-26 12:40:00", "subject": "4", "recorded-or-robo": "N", "city": "", "state": "CT", "area-code": "203"}, {"id": "490dde24b259add1335244cd1b68eab4", "number": "2602170916", "date": "2021-01-26 12:42:00", "subject": "5", "recorded-or-robo": "N", "city": "", "state": "NC", "area-code": "704"}, {"id": "490dde24b259add1335244cd1b68e32f", "number": "8285935228", "date": "2021-01-26 12:32:00", "subject": "6", "recorded-or-robo": "N", "city": "durham", "state": "NC", "area-code": "919"}, {"id": "490dde24b259add1335244cd1b68d77e", "number": "7739437386", "date": "2021-01-26 11:37:00", "subject": "11", "recorded-or-robo": "Y", "city": "Chicago", "state": "IL", "area-code": "773"}, {"id": "490dde24b259add1335244cd1b683871", "number": "3305212876", "date": "2021-01-26 11:49:00", "subject": "3", "recorded-or-robo": "N", "city": "", "state": "OH", "area-code": "330"}, {"id": "490dde24b259add1335244cd1b68cb60", "number": "2623437792", "date": "2021-01-26 11:38:00", "subject": "3", "recorded-or-robo": "Y", "city": "", "state": "WI", "area-code": "920"}, {"id": "490dde24b259add1335244cd1b68bcf3", "number": "9015639258", "date": "2021-01-26 11:39:00", "subject": "3", "recorded-or-robo": "Y", "city": "Brentwood", "state": "TN", "area-code": "901"}, {"id": "490dde24b259add1335244cd1b68b779", "number": "8038592611", "date": "2021-01-26 12:23:00", "subject": "0", "recorded-or-robo": "N", "city": "Clifton", "state": "NJ", "area-code": "201"}, {"id": "490dde24b259add1335244cd1b68abf7", "number": "3102335542", "date": "2021-01-26 09:38:00", "subject": "7", "recorded-or-robo": "Y", "city": "VALENCIA", "state": "CA", "area-code": "310"}, {"id": "490dde24b259add1335244cd1b68a79d", "number": "7159972533", "date": "2021-01-26 11:09:00", "subject": "2", "recorded-or-robo": "Y", "city": "Clayton", "state": "WI", "area-code": "715"}, {"id": "490dde24b259add1335244cd1b689b99", "number": "9013973458", "date": "2021-01-26 11:27:00", "subject": "3", "recorded-or-robo": "Y", "city": "", "state": "TN", "area-code": "931"}, {"id": "490dde24b259add1335244cd1b6898bb", "number": "6035479845", "date": "2021-01-21 11:32:00", "subject": "8", "recorded-or-robo": "Y", "city": "MONCKS CORNER", "state": "SC", "area-code": "843"}, {"id": "490dde24b259add1335244cd1b688f6b", "number": "3603285137", "date": "2021-01-25 12:42:00", "subject": "2", "recorded-or-robo": "Y", "city": "Ferndale", "state": "WA", "area-code": "360"}, {"id": "490dde24b259add1335244cd1b688a79", "number": "6123246544", "date": "2021-01-25 10:17:00", "subject": "2", "recorded-or-robo": "Y", "city": "", "state": "MN", "area-code": "612"}, {"id": "490dde24b259add1335244cd1b688a5f", "number": "2107644127", "date": "2021-01-26 06:22:00", "subject": "2", "recorded-or-robo": "Y", "city": "Lincoln", "state": "CA", "area-code": "916"}, {"id": "490dde24b259add1335244cd1b688764", "number": "5595232519", "date": "2021-01-26 09:12:00", "subject": "2", "recorded-or-robo": "N", "city": "", "state": "CA", "area-code": "559"}, {"id": "490dde24b259add1335244cd1b687abc", "number": "7405476288", "date": "2021-01-26 09:27:00", "subject": "2", "recorded-or-robo": "Y", "city": "san pedro", "state": "CA", "area-code": "740"}, {"id": "490dde24b259add1335244cd1b686d28", "number": "", "date": "2021-01-26 11:25:00", "subject": "2", "recorded-or-robo": "Y", "city": "Iowa City", "state": "IA", "area-code": "319"}, {"id": "490dde24b259add1335244cd1b6865d8", "number": "3213538217", "date": "2021-01-22 12:16:00", "subject": "2", "recorded-or-robo": "Y", "city": "LAND O LAKES", "state": "FL", "area-code": "813"}, {"id": "490dde24b259add1335244cd1b6865cc", "number": "7274918535", "date": "2020-12-31 13:01:00", "subject": "3", "recorded-or-robo": "", "city": "Lebanon", "state": "FL", "area-code": "727"}, {"id": "490dde24b259add1335244cd1b6859bd", "number": "6095026433", "date": "2021-01-22 10:10:00", "subject": "0", "recorded-or-robo": "Y", "city": "", "state": "NJ", "area-code": "856"}, {"id": "490dde24b259add1335244cd1b685024", "number": "4042572347", "date": "2021-01-26 10:48:00", "subject": "0", "recorded-or-robo": "N", "city": "", "state": "GA", "area-code": "404"}, {"id": "490dde24b259add1335244cd1b684ba6", "number": "2602170916", "date": "2021-01-26 12:41:00", "subject": "5", "recorded-or-robo": "N", "city": "", "state": "NC", "area-code": "704"}, {"id": "490dde24b259add1335244cd1b684083", "number": "2317477517", "date": "2021-01-21 11:57:00", "subject": "2", "recorded-or-robo": "Y", "city": "Traverse City", "state": "MI", "area-code": "231"}, {"id": "490dde24b259add1335244cd1b6831f4", "number": "6072163291", "date": "2021-01-25 11:00:00", "subject": "3", "recorded-or-robo": "Y", "city": "", "state": "NY", "area-code": "607"}, {"id": "490dde24b259add1335244cd1b682861", "number": "9725463655", "date": "2021-01-26 09:09:00", "subject": "3", "recorded-or-robo": "", "city": "RICHARDSON", "state": "TX", "area-code": "469"}, {"id": "490dde24b259add1335244cd1b681e3d", "number": "2029671672", "date": "2021-01-26 10:43:00", "subject": "3", "recorded-or-robo": "Y", "city": "", "state": "MA", "area-code": "978"}, {"id": "490dde24b259add1335244cd1b680edd", "number": "4702892033", "date": "2021-01-26 12:27:00", "subject": "8", "recorded-or-robo": "Y", "city": "", "state": "FL", "area-code": "813"}, {"id": "490dde24b259add1335244cd1b68095d", "number": "4695475050", "date": "2021-01-26 09:07:00", "subject": "1", "recorded-or-robo": "N", "city": "Beaumont", "state": "TX", "area-code": "409"}, {"id": "490dde24b259add1335244cd1b67fa90", "number": "5186201342", "date": "2021-01-26 09:07:00", "subject": "2", "recorded-or-robo": "Y", "city": "", "state": "CA", "area-code": "818"}, {"id": "490dde24b259add1335244cd1b67f5c4", "number": "8566585063", "date": "2021-01-26 10:48:00", "subject": "2", "recorded-or-robo": "N", "city": "", "state": "OH", "area-code": "740"}]}