{"data": [{"id": "1d36742e3f24f50e4e7ae8280143de8d", "number": "7137967659", "date": "2021-01-22 20:51:39", "subject": "3", "recorded-or-robo": "Y", "city": "", "state": "TX", "area-code": "713"}, {"id": "e81c9350d54f66c6d33b3747ee86347c", "number": "7857754233", "date": "2021-01-22 19:49:00", "subject": "9", "recorded-or-robo": "Y", "city": "kansas city", "state": "KS", "area-code": "913"}, {"id": "1d36742e3f24f50e4e7ae828011ba35d", "number": "7857754233", "date": "2021-01-22 19:49:00", "subject": "9", "recorded-or-robo": "Y", "city": "kansas city", "state": "KS", "area-code": "913"}, {"id": "e81c9350d54f66c6d33b3747ee862847", "number": "2548598940", "date": "2021-01-22 19:44:00", "subject": "9", "recorded-or-robo": "Y", "city": "", "state": "TX", "area-code": "214"}, {"id": "1d36742e3f24f50e4e7ae828011b9d9f", "number": "2548598940", "date": "2021-01-22 19:44:00", "subject": "9", "recorded-or-robo": "Y", "city": "", "state": "TX", "area-code": "214"}, {"id": "e81c9350d54f66c6d33b3747ee86209a", "number": "7195450330", "date": "2021-01-22 17:43:00", "subject": "0", "recorded-or-robo": "Y", "city": "", "state": "CO", "area-code": "303"}, {"id": "1d36742e3f24f50e4e7ae828011b9b56", "number": "7195450330", "date": "2021-01-22 17:43:00", "subject": "0", "recorded-or-robo": "Y", "city": "", "state": "CO", "area-code": "303"}, {"id": "e81c9350d54f66c6d33b3747ee861a58", "number": "3043975834", "date": "2021-01-22 14:44:00", "subject": "1", "recorded-or-robo": "Y", "city": "", "state": "WV", "area-code": "304"}, {"id": "1d36742e3f24f50e4e7ae828011b9a1b", "number": "3043975834", "date": "2021-01-22 14:44:00", "subject": "1", "recorded-or-robo": "Y", "city": "", "state": "WV", "area-code": "304"}, {"id": "e81c9350d54f66c6d33b3747ee861997", "number": "80250506564", "date": "2021-01-22 11:56:00", "subject": "2", "recorded-or-robo": "", "city": "Grafton", "state": "VT", "area-code": "802"}, {"id": "1d36742e3f24f50e4e7ae828011b8e9f", "number": "80250506564", "date": "2021-01-22 11:56:00", "subject": "2", "recorded-or-robo": "", "city": "Grafton", "state": "VT", "area-code": "802"}, {"id": "e81c9350d54f66c6d33b3747ee8612aa", "number": "8139795887", "date": "2021-01-18 16:30:00", "subject": "2", "recorded-or-robo": "Y", "city": "TAMPA", "state": "FL", "area-code": "813"}, {"id": "1d36742e3f24f50e4e7ae828011b84fc", "number": "8139795887", "date": "2021-01-18 16:30:00", "subject": "2", "recorded-or-robo": "Y", "city": "TAMPA", "state": "FL", "area-code": "813"}, {"id": "e81c9350d54f66c6d33b3747eeaf0a12", "number": "+18435475497", "date": "2021-01-22 20:50:56", "subject": "3", "recorded-or-robo": "N", "city": "", "state": "SC", "area-code": "843"}, {"id": "1d36742e3f24f50e4e7ae8280143d85e", "number": "+18435475497", "date": "2021-01-22 20:50:56", "subject": "3", "recorded-or-robo": "N", "city": "", "state": "SC", "area-code": "843"}, {"id": "e81c9350d54f66c6d33b3747ee85edef", "number": "2627101502", "date": "2021-01-22 19:44:00", "subject": "3", "recorded-or-robo": "N", "city": "", "state": "WI", "area-code": "262"}, {"id": "1d36742e3f24f50e4e7ae828011b62c5", "number": "2627101502", "date": "2021-01-22 19:44:00", "subject": "3", "recorded-or-robo": "N", "city": "", "state": "WI", "area-code": "262"}, {"id": "e81c9350d54f66c6d33b3747ee860967", "number": "", "date": "2021-01-22 13:08:00", "subject": "1", "recorded-or-robo": "N", "city": "Kalispell", "state": "MT", "area-code": "406"}, {"id": "e81c9350d54f66c6d33b3747ee85fd80", "number": "8664905501", "date": "2021-01-22 19:40:00", "subject": "2", "recorded-or-robo": "N", "city": "", "state": "IL", "area-code": "815"}, {"id": "1d36742e3f24f50e4e7ae828011b765c", "number": "", "date": "2021-01-22 13:08:00", "subject": "1", "recorded-or-robo": "N", "city": "Kalispell", "state": "MT", "area-code": "406"}, {"id": "1d36742e3f24f50e4e7ae828011b719c", "number": "8664905501", "date": "2021-01-22 19:40:00", "subject": "2", "recorded-or-robo": "N", "city": "", "state": "IL", "area-code": "815"}, {"id": "e81c9350d54f66c6d33b3747ee85f65e", "number": "8882751957", "date": "2021-01-21 12:00:00", "subject": "7", "recorded-or-robo": "N", "city": "Fall River", "state": "MA", "area-code": "508"}, {"id": "1d36742e3f24f50e4e7ae828011b6e50", "number": "8882751957", "date": "2021-01-21 12:00:00", "subject": "7", "recorded-or-robo": "N", "city": "Fall River", "state": "MA", "area-code": "508"}, {"id": "e81c9350d54f66c6d33b3747ee85e7d2", "number": "3043975834", "date": "2021-01-22 10:43:00", "subject": "1", "recorded-or-robo": "Y", "city": "", "state": "WV", "area-code": "304"}, {"id": "1d36742e3f24f50e4e7ae828011b54f1", "number": "3043975834", "date": "2021-01-22 10:43:00", "subject": "1", "recorded-or-robo": "Y", "city": "", "state": "WV", "area-code": "304"}, {"id": "e81c9350d54f66c6d33b3747ee85d9de", "number": "9153023611", "date": "2021-01-22 16:22:00", "subject": "4", "recorded-or-robo": "Y", "city": "", "state": "TX", "area-code": "915"}, {"id": "1d36742e3f24f50e4e7ae828011b4ff3", "number": "9153023611", "date": "2021-01-22 16:22:00", "subject": "4", "recorded-or-robo": "Y", "city": "", "state": "TX", "area-code": "915"}, {"id": "e81c9350d54f66c6d33b3747eeaf2179", "number": "2249701928", "date": "2021-01-22 20:50:15", "subject": "3", "recorded-or-robo": "Y", "city": "", "state": "IL", "area-code": "224"}, {"id": "1d36742e3f24f50e4e7ae8280143f88b", "number": "2249701928", "date": "2021-01-22 20:50:15", "subject": "3", "recorded-or-robo": "Y", "city": "", "state": "IL", "area-code": "224"}, {"id": "e81c9350d54f66c6d33b3747eeae8d33", "number": "+14078630220", "date": "2021-01-22 20:50:13", "subject": "3", "recorded-or-robo": "Y", "city": "", "state": "FL", "area-code": "727"}, {"id": "1d36742e3f24f50e4e7ae82801434b28", "number": "+14078630220", "date": "2021-01-22 20:50:13", "subject": "3", "recorded-or-robo": "Y", "city": "", "state": "FL", "area-code": "727"}, {"id": "e81c9350d54f66c6d33b3747eeaf1b13", "number": "8322204125", "date": "2021-01-22 20:49:49", "subject": "3", "recorded-or-robo": "Y", "city": "", "state": "TX", "area-code": "832"}, {"id": "1d36742e3f24f50e4e7ae8280143ec0c", "number": "8322204125", "date": "2021-01-22 20:49:49", "subject": "3", "recorded-or-robo": "Y", "city": "", "state": "TX", "area-code": "832"}, {"id": "e81c9350d54f66c6d33b3747ee85cb2e", "number": "9592088585", "date": "2021-01-22 20:45:00", "subject": "9", "recorded-or-robo": "Y", "city": "Stratford", "state": "CT", "area-code": "959"}, {"id": "1d36742e3f24f50e4e7ae828011b416c", "number": "9592088585", "date": "2021-01-22 20:45:00", "subject": "9", "recorded-or-robo": "Y", "city": "Stratford", "state": "CT", "area-code": "959"}, {"id": "e81c9350d54f66c6d33b3747eeae3d86", "number": "8336570590", "date": "2021-01-22 20:49:37", "subject": "3", "recorded-or-robo": "Y", "city": "", "state": "IL", "area-code": "618"}, {"id": "1d36742e3f24f50e4e7ae8280142da8a", "number": "8336570590", "date": "2021-01-22 20:49:37", "subject": "3", "recorded-or-robo": "Y", "city": "", "state": "IL", "area-code": "618"}, {"id": "e81c9350d54f66c6d33b3747eeae4b64", "number": "8336570590", "date": "2021-01-22 20:49:36", "subject": "3", "recorded-or-robo": "Y", "city": "", "state": "IL", "area-code": "618"}, {"id": "1d36742e3f24f50e4e7ae8280142f2f2", "number": "8336570590", "date": "2021-01-22 20:49:36", "subject": "3", "recorded-or-robo": "Y", "city": "", "state": "IL", "area-code": "618"}, {"id": "e81c9350d54f66c6d33b3747ee85bf69", "number": "6618846007", "date": "2021-01-18 00:00:00", "subject": "3", "recorded-or-robo": "", "city": "", "state": "CA", "area-code": "619"}, {"id": "1d36742e3f24f50e4e7ae828011b3b9f", "number": "6618846007", "date": "2021-01-18 00:00:00", "subject": "3", "recorded-or-robo": "", "city": "", "state": "CA", "area-code": "619"}, {"id": "e81c9350d54f66c6d33b3747eeaed460", "number": "4146625438", "date": "2021-01-22 20:49:29", "subject": "3", "recorded-or-robo": "Y", "city": "", "state": "TX", "area-code": "214"}, {"id": "1d36742e3f24f50e4e7ae82801439780", "number": "4146625438", "date": "2021-01-22 20:49:29", "subject": "3", "recorded-or-robo": "Y", "city": "", "state": "TX", "area-code": "214"}, {"id": "e81c9350d54f66c6d33b3747ee85af8c", "number": "5616926996", "date": "2021-01-20 16:12:00", "subject": "2", "recorded-or-robo": "Y", "city": "", "state": "TN", "area-code": "901"}, {"id": "1d36742e3f24f50e4e7ae828011b2fe0", "number": "5616926996", "date": "2021-01-20 16:12:00", "subject": "2", "recorded-or-robo": "Y", "city": "", "state": "TN", "area-code": "901"}, {"id": "e81c9350d54f66c6d33b3747eeae399e", "number": "8002257282", "date": "2021-01-22 20:49:20", "subject": "3", "recorded-or-robo": "Y", "city": "", "state": "NY", "area-code": "917"}, {"id": "e81c9350d54f66c6d33b3747eeae3138", "number": "+18002263545", "date": "2021-01-22 20:49:20", "subject": "3", "recorded-or-robo": "Y", "city": "", "state": "FL", "area-code": "786"}, {"id": "1d36742e3f24f50e4e7ae8280142cf17", "number": "8002257282", "date": "2021-01-22 20:49:20", "subject": "3", "recorded-or-robo": "Y", "city": "", "state": "NY", "area-code": "917"}, {"id": "1d36742e3f24f50e4e7ae8280142cf15", "number": "+18002263545", "date": "2021-01-22 20:49:20", "subject": "3", "recorded-or-robo": "Y", "city": "", "state": "FL", "area-code": "786"}, {"id": "e81c9350d54f66c6d33b3747ee85a967", "number": "4076208640", "date": "2021-01-19 15:31:00", "subject": "2", "recorded-or-robo": "Y", "city": "TAMPA", "state": "FL", "area-code": "813"}]}