{"data": [{"id": "490dde24b259add1335244cd1b20b596", "number": "2017719628", "date": "2021-01-26 10:37:00", "subject": "4", "recorded-or-robo": "Y", "city": "Cliffside Park 6f", "state": "NJ", "area-code": "201"}, {"id": "490dde24b259add1335244cd1b20aabe", "number": "7144672855", "date": "2021-01-26 11:05:00", "subject": "0", "recorded-or-robo": "Y", "city": "TEWKSBURY", "state": "MA", "area-code": "978"}, {"id": "490dde24b259add1335244cd1b209f9d", "number": "4052570645", "date": "2021-01-26 10:08:00", "subject": "5", "recorded-or-robo": "N", "city": "Shawnee", "state": "OK", "area-code": "405"}, {"id": "490dde24b259add1335244cd1b209b8e", "number": "2077036257", "date": "2021-01-26 11:05:00", "subject": "2", "recorded-or-robo": "N", "city": "KITTERY POINT", "state": "ME", "area-code": "207"}, {"id": "490dde24b259add1335244cd1b2099e7", "number": "8663997564", "date": "2021-01-26 10:09:00", "subject": "2", "recorded-or-robo": "N", "city": "", "state": "TX", "area-code": "903"}, {"id": "490dde24b259add1335244cd1b208d91", "number": "8444629275", "date": "2021-01-25 22:04:00", "subject": "6", "recorded-or-robo": "Y", "city": "Rawlins", "state": "WY", "area-code": "307"}, {"id": "490dde24b259add1335244cd1b208243", "number": "", "date": "2021-01-20 10:38:00", "subject": "4", "recorded-or-robo": "Y", "city": "", "state": "CT", "area-code": "203"}, {"id": "490dde24b259add1335244cd1b207aaf", "number": "5072293919", "date": "2021-01-21 12:47:00", "subject": "4", "recorded-or-robo": "N", "city": "Owatonna", "state": "MN", "area-code": "507"}, {"id": "490dde24b259add1335244cd1b2074bb", "number": "2127806699", "date": "2021-01-26 11:01:00", "subject": "1", "recorded-or-robo": "Y", "city": "", "state": "NY", "area-code": "212"}, {"id": "490dde24b259add1335244cd1b206abe", "number": "5033206264", "date": "2021-01-26 07:45:00", "subject": "11", "recorded-or-robo": "Y", "city": "Portland", "state": "OR", "area-code": "503"}, {"id": "490dde24b259add1335244cd1b205f68", "number": "7609688159", "date": "2021-01-26 08:06:00", "subject": "2", "recorded-or-robo": "Y", "city": "V", "state": "CA", "area-code": "760"}, {"id": "490dde24b259add1335244cd1b20585f", "number": "4342168205", "date": "2021-01-26 09:05:00", "subject": "6", "recorded-or-robo": "N", "city": "Grundy", "state": "VA", "area-code": "276"}, {"id": "490dde24b259add1335244cd1b20557c", "number": "", "date": "2021-01-19 12:00:00", "subject": "11", "recorded-or-robo": "Y", "city": "Minneapolis", "state": "MN", "area-code": "763"}, {"id": "490dde24b259add1335244cd1b205243", "number": "6075880043", "date": "2021-01-21 11:16:00", "subject": "0", "recorded-or-robo": "", "city": "Herndon", "state": "VA", "area-code": "607"}, {"id": "490dde24b259add1335244cd1b2047d4", "number": "", "date": "2021-01-19 11:47:00", "subject": "4", "recorded-or-robo": "Y", "city": "", "state": "NJ", "area-code": "609"}, {"id": "490dde24b259add1335244cd1b2041b5", "number": "7039272734", "date": "2021-01-26 11:07:00", "subject": "1", "recorded-or-robo": "Y", "city": "Herndon", "state": "VA", "area-code": "703"}, {"id": "490dde24b259add1335244cd1b203a15", "number": "", "date": "2021-01-26 10:55:00", "subject": "2", "recorded-or-robo": "Y", "city": "Poland", "state": "OH", "area-code": "803"}, {"id": "490dde24b259add1335244cd1b202f8b", "number": "2625362500", "date": "2021-01-26 10:06:00", "subject": "2", "recorded-or-robo": "Y", "city": "Cumberland", "state": "WI", "area-code": "715"}, {"id": "490dde24b259add1335244cd1b202717", "number": "4793271172", "date": "2021-01-26 10:08:00", "subject": "2", "recorded-or-robo": "N", "city": "Rogers", "state": "AR", "area-code": "479"}, {"id": "490dde24b259add1335244cd1b202315", "number": "8008670904", "date": "2021-01-26 11:10:00", "subject": "5", "recorded-or-robo": "Y", "city": "", "state": "OH", "area-code": "937"}, {"id": "490dde24b259add1335244cd1b201f02", "number": "8779971720", "date": "2021-01-26 10:39:00", "subject": "1", "recorded-or-robo": "N", "city": "tamarac", "state": "FL", "area-code": "954"}, {"id": "490dde24b259add1335244cd1b201e3c", "number": "5079359679", "date": "2021-01-22 15:18:00", "subject": "4", "recorded-or-robo": "N", "city": "Owatonna", "state": "MN", "area-code": "507"}, {"id": "490dde24b259add1335244cd1b201e20", "number": "8452849261", "date": "2021-01-26 11:00:00", "subject": "4", "recorded-or-robo": "Y", "city": "Virginia beach", "state": "VA", "area-code": "757"}, {"id": "490dde24b259add1335244cd1b201ade", "number": "7609518934", "date": "2021-01-26 07:03:00", "subject": "2", "recorded-or-robo": "Y", "city": "V", "state": "CA", "area-code": "760"}, {"id": "490dde24b259add1335244cd1b2018e2", "number": "2082737263", "date": "2021-01-25 10:45:00", "subject": "8", "recorded-or-robo": "N", "city": "Boise", "state": "ID", "area-code": "208"}, {"id": "490dde24b259add1335244cd1b200937", "number": "", "date": "2021-01-19 11:09:00", "subject": "4", "recorded-or-robo": "Y", "city": "", "state": "CT", "area-code": "203"}, {"id": "490dde24b259add1335244cd1b1ff9f5", "number": "9736487500", "date": "2021-01-26 11:05:00", "subject": "1", "recorded-or-robo": "Y", "city": "", "state": "FL", "area-code": "954"}, {"id": "490dde24b259add1335244cd1b1fee06", "number": "8148407174", "date": "2021-01-26 11:06:00", "subject": "4", "recorded-or-robo": "Y", "city": "Altoona", "state": "PA", "area-code": "814"}, {"id": "490dde24b259add1335244cd1b1fe970", "number": "", "date": "2021-01-26 11:03:00", "subject": "4", "recorded-or-robo": "N", "city": "Cincinnati", "state": "OH", "area-code": "513"}, {"id": "490dde24b259add1335244cd1b1fda80", "number": "8172036428", "date": "2021-01-26 11:06:00", "subject": "4", "recorded-or-robo": "Y", "city": "Rudyard", "state": "MI", "area-code": "817"}, {"id": "490dde24b259add1335244cd1b1fd8da", "number": "8479154229", "date": "2021-01-26 08:56:00", "subject": "2", "recorded-or-robo": "N", "city": "Arlington Heights", "state": "IL", "area-code": "847"}, {"id": "490dde24b259add1335244cd1b1fd40b", "number": "2369316360", "date": "2021-01-26 11:00:00", "subject": "4", "recorded-or-robo": "Y", "city": "PELHAM", "state": "NH", "area-code": "603"}, {"id": "490dde24b259add1335244cd1b1fd3dd", "number": "3364772104", "date": "2021-01-26 10:57:00", "subject": "0", "recorded-or-robo": "Y", "city": "", "state": "NC", "area-code": "336"}, {"id": "490dde24b259add1335244cd1b1fc7e5", "number": "", "date": "2021-01-26 10:58:00", "subject": "1", "recorded-or-robo": "Y", "city": "Rockville", "state": "MD", "area-code": "630"}, {"id": "490dde24b259add1335244cd1b1fc705", "number": "8332297994", "date": "2021-01-26 00:00:00", "subject": "3", "recorded-or-robo": "Y", "city": "", "state": "IL", "area-code": "630"}, {"id": "490dde24b259add1335244cd1b1fbcf3", "number": "9739331890", "date": "2020-12-09 10:35:00", "subject": "2", "recorded-or-robo": "Y", "city": "Irvington", "state": "NJ", "area-code": "973"}, {"id": "490dde24b259add1335244cd1b1fb3aa", "number": "2177226875", "date": "2021-01-26 10:07:00", "subject": "4", "recorded-or-robo": "Y", "city": "Champaign", "state": "IL", "area-code": "217"}, {"id": "490dde24b259add1335244cd1b1fadda", "number": "", "date": "2021-01-18 13:20:00", "subject": "4", "recorded-or-robo": "Y", "city": "", "state": "CO", "area-code": "970"}, {"id": "490dde24b259add1335244cd1b1fa784", "number": "2157708835", "date": "2021-01-26 10:38:00", "subject": "1", "recorded-or-robo": "Y", "city": "Lakeland", "state": "FL", "area-code": "863"}, {"id": "490dde24b259add1335244cd1b1f9e0b", "number": "8559082525", "date": "2021-01-26 09:59:00", "subject": "3", "recorded-or-robo": "Y", "city": "", "state": "FL", "area-code": "941"}, {"id": "490dde24b259add1335244cd1b1f9629", "number": "4342195288", "date": "2021-01-19 15:36:00", "subject": "2", "recorded-or-robo": "Y", "city": "Amherst", "state": "VA", "area-code": "434"}, {"id": "490dde24b259add1335244cd1b1f9371", "number": "9512468228", "date": "2021-01-26 08:01:00", "subject": "3", "recorded-or-robo": "", "city": "Sun city", "state": "CA", "area-code": "951"}, {"id": "490dde24b259add1335244cd1b1f8655", "number": "6788685108", "date": "2021-01-26 11:05:00", "subject": "1", "recorded-or-robo": "Y", "city": "Atlanta", "state": "GA", "area-code": "678"}, {"id": "490dde24b259add1335244cd1b1f7c35", "number": "6475178152", "date": "2021-01-26 10:06:00", "subject": "2", "recorded-or-robo": "Y", "city": "Kent", "state": "CT", "area-code": "860"}, {"id": "490dde24b259add1335244cd1b1f6eff", "number": "37064517844", "date": "2021-01-25 11:04:00", "subject": "0", "recorded-or-robo": "Y", "city": "Janesville", "state": "WI", "area-code": "608"}, {"id": "490dde24b259add1335244cd1b1f5f31", "number": "5078244041", "date": "2021-01-25 14:29:00", "subject": "4", "recorded-or-robo": "N", "city": "Owatonna", "state": "MN", "area-code": "507"}, {"id": "490dde24b259add1335244cd1b1f5aea", "number": "6892232990", "date": "2021-01-26 10:45:00", "subject": "16", "recorded-or-robo": "Y", "city": "TALLAHASSEE", "state": "FL", "area-code": "850"}, {"id": "490dde24b259add1335244cd1b1f51ec", "number": "4074109972", "date": "2021-01-26 10:45:00", "subject": "4", "recorded-or-robo": "Y", "city": "Kissimmee", "state": "FL", "area-code": "321"}, {"id": "490dde24b259add1335244cd1b1f4bcd", "number": "2242580100", "date": "2021-01-25 10:38:00", "subject": "4", "recorded-or-robo": "Y", "city": "Flushing", "state": "NY", "area-code": "917"}, {"id": "490dde24b259add1335244cd1b1f3f2c", "number": "", "date": "2021-01-13 20:26:00", "subject": "4", "recorded-or-robo": "Y", "city": "", "state": "", "area-code": "800"}]}