{"data": [{"id": "490dde24b259add1335244cd1b6fa08a", "number": "3218061995", "date": "2021-01-25 13:08:00", "subject": "0", "recorded-or-robo": "Y", "city": "", "state": "FL", "area-code": "407"}, {"id": "490dde24b259add1335244cd1b6eee18", "number": "5015092400", "date": "2021-01-26 11:49:00", "subject": "3", "recorded-or-robo": "N", "city": "", "state": "MN", "area-code": "651"}, {"id": "490dde24b259add1335244cd1b6f9a74", "number": "5858056004", "date": "2021-01-26 11:45:00", "subject": "2", "recorded-or-robo": "N", "city": "CANANDAIGUA", "state": "NY", "area-code": "585"}, {"id": "490dde24b259add1335244cd1b6f9040", "number": "5803786470", "date": "2021-01-26 10:35:00", "subject": "4", "recorded-or-robo": "Y", "city": "Lorton", "state": "VA", "area-code": "703"}, {"id": "490dde24b259add1335244cd1b6f8f3a", "number": "5742344065", "date": "2021-01-26 12:40:00", "subject": "5", "recorded-or-robo": "Y", "city": "South Bend", "state": "IN", "area-code": "574"}, {"id": "490dde24b259add1335244cd1b6f8037", "number": "3854815111", "date": "2021-01-26 12:46:00", "subject": "9", "recorded-or-robo": "Y", "city": "", "state": "UT", "area-code": "385"}, {"id": "490dde24b259add1335244cd1b6f7dd3", "number": "4192588796", "date": "2021-01-26 00:47:00", "subject": "6", "recorded-or-robo": "N", "city": "Mansfield", "state": "OH", "area-code": "419"}, {"id": "490dde24b259add1335244cd1b6f76ae", "number": "3399444907", "date": "2021-01-24 03:47:00", "subject": "2", "recorded-or-robo": "Y", "city": "Randolph", "state": "MA", "area-code": "339"}, {"id": "490dde24b259add1335244cd1b6f6f27", "number": "6197662911", "date": "2021-01-26 10:45:00", "subject": "4", "recorded-or-robo": "Y", "city": "CHINO VALLEY", "state": "AZ", "area-code": "619"}, {"id": "490dde24b259add1335244cd1b6f6842", "number": "5404092327", "date": "2021-01-26 12:00:00", "subject": "2", "recorded-or-robo": "Y", "city": "Pearisburg", "state": "VA", "area-code": "540"}, {"id": "490dde24b259add1335244cd1b6f5c4c", "number": "9014841379", "date": "2021-01-26 09:07:00", "subject": "5", "recorded-or-robo": "Y", "city": "marion", "state": "AR", "area-code": "901"}, {"id": "490dde24b259add1335244cd1b6f5225", "number": "7173967505", "date": "2021-01-26 09:49:00", "subject": "2", "recorded-or-robo": "Y", "city": "Lancaster", "state": "PA", "area-code": "717"}, {"id": "490dde24b259add1335244cd1b6f469a", "number": "8091066392", "date": "2021-01-26 12:47:00", "subject": "5", "recorded-or-robo": "Y", "city": "Baltimore", "state": "MD", "area-code": "410"}, {"id": "490dde24b259add1335244cd1b6f3ccc", "number": "8605063888", "date": "2021-01-26 12:40:00", "subject": "2", "recorded-or-robo": "Y", "city": "Vernon", "state": "CT", "area-code": "203"}, {"id": "490dde24b259add1335244cd1b6f3059", "number": "2285673156", "date": "2021-01-26 11:43:00", "subject": "4", "recorded-or-robo": "Y", "city": "Gulfport", "state": "MS", "area-code": "228"}, {"id": "490dde24b259add1335244cd1b6f22a2", "number": "9147144181", "date": "2021-01-26 12:48:00", "subject": "2", "recorded-or-robo": "Y", "city": "", "state": "MA", "area-code": "914"}, {"id": "490dde24b259add1335244cd1b6f12f3", "number": "5862504191", "date": "2021-01-18 12:46:00", "subject": "2", "recorded-or-robo": "Y", "city": "Traverse City", "state": "MI", "area-code": "231"}, {"id": "490dde24b259add1335244cd1b6f1092", "number": "9106239354", "date": "2021-01-25 15:50:00", "subject": "2", "recorded-or-robo": "Y", "city": "", "state": "NC", "area-code": "910"}, {"id": "490dde24b259add1335244cd1b6f02d5", "number": "2545203667", "date": "2021-01-18 00:00:00", "subject": "2", "recorded-or-robo": "N", "city": "Duncanville", "state": "TX", "area-code": "214"}, {"id": "490dde24b259add1335244cd1b6efb36", "number": "4232692383", "date": "2021-01-26 00:00:00", "subject": "2", "recorded-or-robo": "N", "city": "Hixson", "state": "TN", "area-code": "423"}, {"id": "490dde24b259add1335244cd1b6eec0f", "number": "8284349808", "date": "2021-01-26 12:28:00", "subject": "13", "recorded-or-robo": "Y", "city": "", "state": "MI", "area-code": "810"}, {"id": "490dde24b259add1335244cd1b6ee79e", "number": "3234163539", "date": "2021-01-26 09:47:00", "subject": "4", "recorded-or-robo": "Y", "city": "Los Angeles", "state": "CA", "area-code": "323"}, {"id": "490dde24b259add1335244cd1b6ee109", "number": "4076284856", "date": "2021-01-26 09:26:00", "subject": "0", "recorded-or-robo": "Y", "city": "", "state": "FL", "area-code": "407"}, {"id": "490dde24b259add1335244cd1b6ed5c5", "number": "9164512862", "date": "2021-01-26 11:49:00", "subject": "4", "recorded-or-robo": "Y", "city": "Tyler", "state": "TX", "area-code": "903"}, {"id": "490dde24b259add1335244cd1b6ecf48", "number": "7155359645", "date": "2021-01-26 10:33:00", "subject": "4", "recorded-or-robo": "Y", "city": "", "state": "WI", "area-code": "262"}, {"id": "490dde24b259add1335244cd1b6ec10a", "number": "7274729389", "date": "2020-12-21 10:59:00", "subject": "3", "recorded-or-robo": "", "city": "Lebanon", "state": "FL", "area-code": "727"}, {"id": "490dde24b259add1335244cd1b6eba1b", "number": "", "date": "2021-01-26 12:27:00", "subject": "2", "recorded-or-robo": "Y", "city": "Warrenton", "state": "VA", "area-code": "540"}, {"id": "490dde24b259add1335244cd1b6e8afd", "number": "8575052206", "date": "2020-01-26 11:29:00", "subject": "3", "recorded-or-robo": "N", "city": "", "state": "MA", "area-code": "781"}, {"id": "490dde24b259add1335244cd1b6eb330", "number": "7039294088", "date": "2021-01-26 11:45:00", "subject": "4", "recorded-or-robo": "Y", "city": "Lorton", "state": "VA", "area-code": "703"}, {"id": "490dde24b259add1335244cd1b6ea451", "number": "9314123692", "date": "2021-01-24 10:39:00", "subject": "3", "recorded-or-robo": "Y", "city": "", "state": "NJ", "area-code": "609"}, {"id": "490dde24b259add1335244cd1b6e98cf", "number": "8332298984", "date": "2021-01-26 09:13:00", "subject": "6", "recorded-or-robo": "N", "city": "Madison", "state": "AL", "area-code": "256"}, {"id": "490dde24b259add1335244cd1b6e93aa", "number": "9182550154", "date": "2021-01-26 11:46:00", "subject": "4", "recorded-or-robo": "Y", "city": "Collinsville", "state": "OK", "area-code": "918"}, {"id": "490dde24b259add1335244cd1b6e884c", "number": "3154251431", "date": "2021-01-26 08:03:00", "subject": "0", "recorded-or-robo": "Y", "city": "syracuse", "state": "NY", "area-code": "315"}, {"id": "490dde24b259add1335244cd1b6e8217", "number": "2069456012", "date": "2020-01-26 09:45:00", "subject": "2", "recorded-or-robo": "Y", "city": "", "state": "WA", "area-code": "509"}, {"id": "490dde24b259add1335244cd1b6e7f3d", "number": "8332298983", "date": "2021-01-25 18:12:00", "subject": "2", "recorded-or-robo": "N", "city": "Lancaster", "state": "PA", "area-code": "717"}, {"id": "490dde24b259add1335244cd1b6e7c91", "number": "2313882168", "date": "2021-01-18 14:03:00", "subject": "2", "recorded-or-robo": "Y", "city": "Traverse City", "state": "MI", "area-code": "231"}, {"id": "490dde24b259add1335244cd1b6e76e9", "number": "8448935577", "date": "2020-12-02 08:01:00", "subject": "6", "recorded-or-robo": "Y", "city": "Pensacola", "state": "FL", "area-code": "850"}, {"id": "490dde24b259add1335244cd1b6dc67b", "number": "6302996815", "date": "2021-01-26 12:47:00", "subject": "3", "recorded-or-robo": "N", "city": "", "state": "IL", "area-code": "630"}, {"id": "490dde24b259add1335244cd1b6e6f4f", "number": "9105798968", "date": "2021-01-26 11:56:00", "subject": "2", "recorded-or-robo": "Y", "city": "", "state": "NC", "area-code": "910"}, {"id": "490dde24b259add1335244cd1b6e6b77", "number": "2086846496", "date": "2021-01-26 11:43:00", "subject": "4", "recorded-or-robo": "Y", "city": "Norfolk", "state": "VA", "area-code": "757"}, {"id": "490dde24b259add1335244cd1b6e5de1", "number": "7049465941", "date": "2021-01-26 00:00:00", "subject": "4", "recorded-or-robo": "Y", "city": "", "state": "NC", "area-code": "704"}, {"id": "490dde24b259add1335244cd1b6e4e56", "number": "1410687416", "date": "2021-01-26 12:45:00", "subject": "5", "recorded-or-robo": "Y", "city": "Essex", "state": "MD", "area-code": "410"}, {"id": "490dde24b259add1335244cd1b6e3e83", "number": "9088836155", "date": "2021-01-25 11:26:00", "subject": "4", "recorded-or-robo": "Y", "city": "", "state": "NJ", "area-code": "908"}, {"id": "490dde24b259add1335244cd1b6e2ef3", "number": "6149687787", "date": "2021-01-22 14:31:00", "subject": "4", "recorded-or-robo": "Y", "city": "Dublin", "state": "OH", "area-code": "614"}, {"id": "490dde24b259add1335244cd1b6e2943", "number": "8332297994", "date": "2021-01-26 10:08:00", "subject": "6", "recorded-or-robo": "N", "city": "Madison", "state": "AL", "area-code": "256"}, {"id": "490dde24b259add1335244cd1b6e286a", "number": "7027819576", "date": "2021-01-26 09:47:00", "subject": "4", "recorded-or-robo": "Y", "city": "Las Vegas", "state": "NV", "area-code": "702"}, {"id": "490dde24b259add1335244cd1b6e281d", "number": "", "date": "2021-01-26 12:32:00", "subject": "4", "recorded-or-robo": "Y", "city": "Woodhaven", "state": "NY", "area-code": "917"}, {"id": "490dde24b259add1335244cd1b6e1c69", "number": "3345911999", "date": "2021-01-26 12:48:00", "subject": "4", "recorded-or-robo": "Y", "city": "Wimauma", "state": "FL", "area-code": "813"}, {"id": "490dde24b259add1335244cd1b6e10b7", "number": "7542210968", "date": "2021-01-26 12:42:00", "subject": "4", "recorded-or-robo": "Y", "city": "POINCIANA", "state": "FL", "area-code": "386"}, {"id": "490dde24b259add1335244cd1b6e098c", "number": "6033891831", "date": "2021-01-26 12:24:00", "subject": "2", "recorded-or-robo": "Y", "city": "Sutton", "state": "NH", "area-code": "603"}]}