{"data": [{"id": "3decc6bfadaa436a105714c6ba6ed738", "number": "5134931616", "date": "2021-01-23 12:46:00", "subject": "2", "recorded-or-robo": "", "city": "", "state": "MI", "area-code": "586"}, {"id": "03e293b3df9e35eadf15c5611904e3c1", "number": "5134931616", "date": "2021-01-23 12:46:00", "subject": "2", "recorded-or-robo": "", "city": "", "state": "MI", "area-code": "586"}, {"id": "3decc6bfadaa436a105714c6ba6ed39c", "number": "7044973573", "date": "2021-01-23 21:51:00", "subject": "1", "recorded-or-robo": "N", "city": "", "state": "NC", "area-code": "704"}, {"id": "03e293b3df9e35eadf15c5611904d7d0", "number": "7044973573", "date": "2021-01-23 21:51:00", "subject": "1", "recorded-or-robo": "N", "city": "", "state": "NC", "area-code": "704"}, {"id": "3decc6bfadaa436a105714c6ba6ecbd8", "number": "2108986862", "date": "2021-01-21 12:00:00", "subject": "1", "recorded-or-robo": "Y", "city": "Galt", "state": "CA", "area-code": "916"}, {"id": "03e293b3df9e35eadf15c5611904cb0f", "number": "2108986862", "date": "2021-01-21 12:00:00", "subject": "1", "recorded-or-robo": "Y", "city": "Galt", "state": "CA", "area-code": "916"}, {"id": "3decc6bfadaa436a105714c6ba6ebc75", "number": "4254372809", "date": "2021-01-20 15:46:00", "subject": "0", "recorded-or-robo": "Y", "city": "Sammamish", "state": "WA", "area-code": "425"}, {"id": "03e293b3df9e35eadf15c5611904bc25", "number": "4254372809", "date": "2021-01-20 15:46:00", "subject": "0", "recorded-or-robo": "Y", "city": "Sammamish", "state": "WA", "area-code": "425"}, {"id": "3decc6bfadaa436a105714c6ba6eb3fd", "number": "", "date": "2021-01-21 17:53:00", "subject": "0", "recorded-or-robo": "Y", "city": "Sammamish", "state": "WA", "area-code": "206"}, {"id": "03e293b3df9e35eadf15c5611904bafc", "number": "", "date": "2021-01-21 17:53:00", "subject": "0", "recorded-or-robo": "Y", "city": "Sammamish", "state": "WA", "area-code": "206"}, {"id": "3decc6bfadaa436a105714c6ba6eb2a3", "number": "2069782502", "date": "2021-01-22 07:26:00", "subject": "0", "recorded-or-robo": "Y", "city": "Sammamish", "state": "WA", "area-code": "206"}, {"id": "03e293b3df9e35eadf15c5611904ad0d", "number": "2069782502", "date": "2021-01-22 07:26:00", "subject": "0", "recorded-or-robo": "Y", "city": "Sammamish", "state": "WA", "area-code": "206"}, {"id": "3decc6bfadaa436a105714c6ba6eabd8", "number": "6184245061", "date": "2021-01-23 05:00:00", "subject": "3", "recorded-or-robo": "Y", "city": "", "state": "IL", "area-code": "618"}, {"id": "03e293b3df9e35eadf15c56119049e66", "number": "6184245061", "date": "2021-01-23 05:00:00", "subject": "3", "recorded-or-robo": "Y", "city": "", "state": "IL", "area-code": "618"}, {"id": "3decc6bfadaa436a105714c6ba8382d0", "number": "+18662033849", "date": "2021-01-23 21:59:25", "subject": "3", "recorded-or-robo": "Y", "city": "", "state": "NY", "area-code": "845"}, {"id": "03e293b3df9e35eadf15c5611919bfee", "number": "+18662033849", "date": "2021-01-23 21:59:25", "subject": "3", "recorded-or-robo": "Y", "city": "", "state": "NY", "area-code": "845"}, {"id": "3decc6bfadaa436a105714c6ba6ea09a", "number": "7577028053", "date": "2021-01-21 00:00:00", "subject": "5", "recorded-or-robo": "Y", "city": "Lafayette", "state": "CO", "area-code": "757"}, {"id": "03e293b3df9e35eadf15c5611904999c", "number": "7577028053", "date": "2021-01-21 00:00:00", "subject": "5", "recorded-or-robo": "Y", "city": "Lafayette", "state": "CO", "area-code": "757"}, {"id": "3decc6bfadaa436a105714c6ba6e9635", "number": "2069285546", "date": "2021-01-23 15:50:00", "subject": "0", "recorded-or-robo": "Y", "city": "Sammamish", "state": "WA", "area-code": "206"}, {"id": "03e293b3df9e35eadf15c56119049932", "number": "2069285546", "date": "2021-01-23 15:50:00", "subject": "0", "recorded-or-robo": "Y", "city": "Sammamish", "state": "WA", "area-code": "206"}, {"id": "3decc6bfadaa436a105714c6ba839b64", "number": "+13323344943", "date": "2021-01-23 21:57:57", "subject": "3", "recorded-or-robo": "Y", "city": "", "state": "NH", "area-code": "603"}, {"id": "03e293b3df9e35eadf15c5611919d783", "number": "+13323344943", "date": "2021-01-23 21:57:57", "subject": "3", "recorded-or-robo": "Y", "city": "", "state": "NH", "area-code": "603"}, {"id": "3decc6bfadaa436a105714c6ba6e9395", "number": "2069629370", "date": "2021-01-23 16:46:00", "subject": "0", "recorded-or-robo": "Y", "city": "Sammamish", "state": "WA", "area-code": "206"}, {"id": "03e293b3df9e35eadf15c56119048c29", "number": "2069629370", "date": "2021-01-23 16:46:00", "subject": "0", "recorded-or-robo": "Y", "city": "Sammamish", "state": "WA", "area-code": "206"}, {"id": "3decc6bfadaa436a105714c6ba837a43", "number": "5802655499", "date": "2021-01-23 21:57:23", "subject": "3", "recorded-or-robo": "N", "city": "", "state": "OK", "area-code": "580"}, {"id": "03e293b3df9e35eadf15c5611919b5a8", "number": "5802655499", "date": "2021-01-23 21:57:23", "subject": "3", "recorded-or-robo": "N", "city": "", "state": "OK", "area-code": "580"}, {"id": "3decc6bfadaa436a105714c6ba838b14", "number": "8086629144", "date": "2021-01-23 21:57:03", "subject": "3", "recorded-or-robo": "Y", "city": "", "state": "MI", "area-code": "313"}, {"id": "03e293b3df9e35eadf15c5611919c706", "number": "8086629144", "date": "2021-01-23 21:57:03", "subject": "3", "recorded-or-robo": "Y", "city": "", "state": "MI", "area-code": "313"}, {"id": "3decc6bfadaa436a105714c6ba6e9296", "number": "3216777454", "date": "2021-01-23 12:14:00", "subject": "3", "recorded-or-robo": "Y", "city": "", "state": "FL", "area-code": "321"}, {"id": "03e293b3df9e35eadf15c56119047e21", "number": "3216777454", "date": "2021-01-23 12:14:00", "subject": "3", "recorded-or-robo": "Y", "city": "", "state": "FL", "area-code": "321"}, {"id": "3decc6bfadaa436a105714c6ba838e14", "number": "+16783365337", "date": "2021-01-23 21:55:55", "subject": "3", "recorded-or-robo": "Y", "city": "", "state": "NH", "area-code": "603"}, {"id": "3decc6bfadaa436a105714c6ba836a4a", "number": "5802076969", "date": "2021-01-23 21:55:55", "subject": "3", "recorded-or-robo": "N", "city": "", "state": "OK", "area-code": "580"}, {"id": "03e293b3df9e35eadf15c5611919d2bc", "number": "+16783365337", "date": "2021-01-23 21:55:55", "subject": "3", "recorded-or-robo": "Y", "city": "", "state": "NH", "area-code": "603"}, {"id": "03e293b3df9e35eadf15c5611919a644", "number": "5802076969", "date": "2021-01-23 21:55:55", "subject": "3", "recorded-or-robo": "N", "city": "", "state": "OK", "area-code": "580"}, {"id": "3decc6bfadaa436a105714c6ba6e90ee", "number": "", "date": "2021-01-23 12:14:00", "subject": "3", "recorded-or-robo": "Y", "city": "", "state": "FL", "area-code": "321"}, {"id": "03e293b3df9e35eadf15c5611904720d", "number": "", "date": "2021-01-23 12:14:00", "subject": "3", "recorded-or-robo": "Y", "city": "", "state": "FL", "area-code": "321"}, {"id": "3decc6bfadaa436a105714c6ba6e8f31", "number": "4808029857", "date": "2021-01-23 17:56:00", "subject": "1", "recorded-or-robo": "Y", "city": "Sun Lakes", "state": "AZ", "area-code": "480"}, {"id": "03e293b3df9e35eadf15c56119046716", "number": "4808029857", "date": "2021-01-23 17:56:00", "subject": "1", "recorded-or-robo": "Y", "city": "Sun Lakes", "state": "AZ", "area-code": "480"}, {"id": "3decc6bfadaa436a105714c6ba8360d5", "number": "+16106455000", "date": "2021-01-23 21:52:40", "subject": "3", "recorded-or-robo": "N", "city": "", "state": "NJ", "area-code": "856"}, {"id": "03e293b3df9e35eadf15c56119199f05", "number": "+16106455000", "date": "2021-01-23 21:52:40", "subject": "3", "recorded-or-robo": "N", "city": "", "state": "NJ", "area-code": "856"}, {"id": "3decc6bfadaa436a105714c6ba834463", "number": "+18328394520", "date": "2021-01-23 21:52:10", "subject": "3", "recorded-or-robo": "Y", "city": "", "state": "TX", "area-code": "832"}, {"id": "03e293b3df9e35eadf15c56119197ded", "number": "+18328394520", "date": "2021-01-23 21:52:10", "subject": "3", "recorded-or-robo": "Y", "city": "", "state": "TX", "area-code": "832"}, {"id": "3decc6bfadaa436a105714c6ba6e82a7", "number": "8031863486", "date": "2021-01-23 12:40:00", "subject": "0", "recorded-or-robo": "Y", "city": "", "state": "NV", "area-code": "702"}, {"id": "03e293b3df9e35eadf15c56119045758", "number": "8031863486", "date": "2021-01-23 12:40:00", "subject": "0", "recorded-or-robo": "Y", "city": "", "state": "NV", "area-code": "702"}, {"id": "3decc6bfadaa436a105714c6ba6e74a1", "number": "4808021999", "date": "2021-01-23 17:48:00", "subject": "1", "recorded-or-robo": "Y", "city": "Sun Lakes", "state": "AZ", "area-code": "480"}, {"id": "03e293b3df9e35eadf15c56119044e47", "number": "4808021999", "date": "2021-01-23 17:48:00", "subject": "1", "recorded-or-robo": "Y", "city": "Sun Lakes", "state": "AZ", "area-code": "480"}, {"id": "3decc6bfadaa436a105714c6ba6e69ec", "number": "7028321674", "date": "2021-01-23 12:12:00", "subject": "1", "recorded-or-robo": "Y", "city": "", "state": "NV", "area-code": "702"}, {"id": "03e293b3df9e35eadf15c561190442e9", "number": "7028321674", "date": "2021-01-23 12:12:00", "subject": "1", "recorded-or-robo": "Y", "city": "", "state": "NV", "area-code": "702"}, {"id": "3decc6bfadaa436a105714c6ba834ac3", "number": "+18008755120", "date": "2021-01-23 21:51:08", "subject": "3", "recorded-or-robo": "Y", "city": "", "state": "CA", "area-code": "310"}, {"id": "03e293b3df9e35eadf15c561191987b1", "number": "+18008755120", "date": "2021-01-23 21:51:08", "subject": "3", "recorded-or-robo": "Y", "city": "", "state": "CA", "area-code": "310"}]}