{"data": [{"id": "1d36742e3f24f50e4e7ae8280106abdf", "number": "5204670869", "date": "2021-01-22 15:52:00", "subject": "2", "recorded-or-robo": "N", "city": "Lake Stevens", "state": "WA", "area-code": "602"}, {"id": "e81c9350d54f66c6d33b3747ee71789a", "number": "9044184392", "date": "2021-01-22 09:00:00", "subject": "6", "recorded-or-robo": "Y", "city": "JACKSONVILLE", "state": "FL", "area-code": "904"}, {"id": "1d36742e3f24f50e4e7ae8280106a459", "number": "9044184392", "date": "2021-01-22 09:00:00", "subject": "6", "recorded-or-robo": "Y", "city": "JACKSONVILLE", "state": "FL", "area-code": "904"}, {"id": "e81c9350d54f66c6d33b3747eea51d6e", "number": "7162144405", "date": "2021-01-22 19:34:55", "subject": "3", "recorded-or-robo": "Y", "city": "", "state": "NY", "area-code": "917"}, {"id": "1d36742e3f24f50e4e7ae8280139ed20", "number": "7162144405", "date": "2021-01-22 19:34:55", "subject": "3", "recorded-or-robo": "Y", "city": "", "state": "NY", "area-code": "917"}, {"id": "e81c9350d54f66c6d33b3747ee717186", "number": "4079309916", "date": "2021-01-22 16:31:00", "subject": "2", "recorded-or-robo": "Y", "city": "Charleston", "state": "SC", "area-code": "843"}, {"id": "1d36742e3f24f50e4e7ae82801069a6b", "number": "4079309916", "date": "2021-01-22 16:31:00", "subject": "2", "recorded-or-robo": "Y", "city": "Charleston", "state": "SC", "area-code": "843"}, {"id": "e81c9350d54f66c6d33b3747eea51913", "number": "5715005188", "date": "2021-01-22 19:34:51", "subject": "3", "recorded-or-robo": "Y", "city": "", "state": "VA", "area-code": "571"}, {"id": "1d36742e3f24f50e4e7ae8280139e85c", "number": "5715005188", "date": "2021-01-22 19:34:51", "subject": "3", "recorded-or-robo": "Y", "city": "", "state": "VA", "area-code": "571"}, {"id": "e81c9350d54f66c6d33b3747ee71619d", "number": "8146924289", "date": "2021-01-22 09:58:00", "subject": "2", "recorded-or-robo": "", "city": "Erie", "state": "PA", "area-code": "814"}, {"id": "1d36742e3f24f50e4e7ae828010692e3", "number": "8146924289", "date": "2021-01-22 09:58:00", "subject": "2", "recorded-or-robo": "", "city": "Erie", "state": "PA", "area-code": "814"}, {"id": "e81c9350d54f66c6d33b3747ee713663", "number": "2089252982", "date": "2021-01-22 15:17:00", "subject": "3", "recorded-or-robo": "N", "city": "", "state": "OH", "area-code": "513"}, {"id": "1d36742e3f24f50e4e7ae82801065f90", "number": "2089252982", "date": "2021-01-22 15:17:00", "subject": "3", "recorded-or-robo": "N", "city": "", "state": "OH", "area-code": "513"}, {"id": "e81c9350d54f66c6d33b3747ee716009", "number": "6197921497", "date": "2021-01-22 16:25:00", "subject": "2", "recorded-or-robo": "", "city": "San Diego", "state": "CA", "area-code": "619"}, {"id": "1d36742e3f24f50e4e7ae82801068b37", "number": "6197921497", "date": "2021-01-22 16:25:00", "subject": "2", "recorded-or-robo": "", "city": "San Diego", "state": "CA", "area-code": "619"}, {"id": "e81c9350d54f66c6d33b3747ee7153fc", "number": "7194512908", "date": "2021-01-22 15:34:00", "subject": "0", "recorded-or-robo": "N", "city": "Highlands Ranch", "state": "CO", "area-code": "303"}, {"id": "1d36742e3f24f50e4e7ae82801067eb5", "number": "7194512908", "date": "2021-01-22 15:34:00", "subject": "0", "recorded-or-robo": "N", "city": "Highlands Ranch", "state": "CO", "area-code": "303"}, {"id": "e81c9350d54f66c6d33b3747ee714a9a", "number": "5167662519", "date": "2021-01-22 18:34:00", "subject": "3", "recorded-or-robo": "Y", "city": "", "state": "NY", "area-code": "516"}, {"id": "1d36742e3f24f50e4e7ae828010671da", "number": "5167662519", "date": "2021-01-22 18:34:00", "subject": "3", "recorded-or-robo": "Y", "city": "", "state": "NY", "area-code": "516"}, {"id": "e81c9350d54f66c6d33b3747ee714313", "number": "5099958380", "date": "2021-01-22 08:25:00", "subject": "2", "recorded-or-robo": "N", "city": "Spokane Valley", "state": "WA", "area-code": "509"}, {"id": "e81c9350d54f66c6d33b3747ee7137f5", "number": "9034727232", "date": "2021-01-22 13:00:00", "subject": "4", "recorded-or-robo": "Y", "city": "", "state": "TX", "area-code": "214"}, {"id": "1d36742e3f24f50e4e7ae82801066664", "number": "5099958380", "date": "2021-01-22 08:25:00", "subject": "2", "recorded-or-robo": "N", "city": "Spokane Valley", "state": "WA", "area-code": "509"}, {"id": "1d36742e3f24f50e4e7ae828010665d6", "number": "9034727232", "date": "2021-01-22 13:00:00", "subject": "4", "recorded-or-robo": "Y", "city": "", "state": "TX", "area-code": "214"}, {"id": "e81c9350d54f66c6d33b3747ee712ed1", "number": "8304680154", "date": "2021-01-22 17:29:00", "subject": "3", "recorded-or-robo": "Y", "city": "", "state": "TX", "area-code": "817"}, {"id": "1d36742e3f24f50e4e7ae82801065c42", "number": "8304680154", "date": "2021-01-22 17:29:00", "subject": "3", "recorded-or-robo": "Y", "city": "", "state": "TX", "area-code": "817"}, {"id": "e81c9350d54f66c6d33b3747ee7126bf", "number": "8603704179", "date": "2020-10-13 11:14:00", "subject": "0", "recorded-or-robo": "Y", "city": "Manassas", "state": "VA", "area-code": "703"}, {"id": "1d36742e3f24f50e4e7ae828010655df", "number": "8603704179", "date": "2020-10-13 11:14:00", "subject": "0", "recorded-or-robo": "Y", "city": "Manassas", "state": "VA", "area-code": "703"}, {"id": "e81c9350d54f66c6d33b3747eea5894d", "number": "9127852433", "date": "2021-01-22 19:33:54", "subject": "3", "recorded-or-robo": "Y", "city": "", "state": "KY", "area-code": "859"}, {"id": "1d36742e3f24f50e4e7ae828013a7010", "number": "9127852433", "date": "2021-01-22 19:33:54", "subject": "3", "recorded-or-robo": "Y", "city": "", "state": "KY", "area-code": "859"}, {"id": "e81c9350d54f66c6d33b3747eea55caf", "number": "5715005188", "date": "2021-01-22 19:33:50", "subject": "3", "recorded-or-robo": "Y", "city": "", "state": "VA", "area-code": "571"}, {"id": "e81c9350d54f66c6d33b3747ee711adc", "number": "4077294817", "date": "2021-01-22 19:29:00", "subject": "7", "recorded-or-robo": "Y", "city": "Longwood", "state": "FL", "area-code": "407"}, {"id": "1d36742e3f24f50e4e7ae828013a2ee0", "number": "5715005188", "date": "2021-01-22 19:33:50", "subject": "3", "recorded-or-robo": "Y", "city": "", "state": "VA", "area-code": "571"}, {"id": "1d36742e3f24f50e4e7ae828010651fb", "number": "4077294817", "date": "2021-01-22 19:29:00", "subject": "7", "recorded-or-robo": "Y", "city": "Longwood", "state": "FL", "area-code": "407"}, {"id": "e81c9350d54f66c6d33b3747ee710ff7", "number": "5167662519", "date": "2021-01-22 18:34:00", "subject": "3", "recorded-or-robo": "Y", "city": "", "state": "NY", "area-code": "516"}, {"id": "1d36742e3f24f50e4e7ae8280106470d", "number": "5167662519", "date": "2021-01-22 18:34:00", "subject": "3", "recorded-or-robo": "Y", "city": "", "state": "NY", "area-code": "516"}, {"id": "e81c9350d54f66c6d33b3747ee710cee", "number": "4802230875", "date": "2021-01-20 11:07:00", "subject": "2", "recorded-or-robo": "Y", "city": "Tempe", "state": "AZ", "area-code": "602"}, {"id": "1d36742e3f24f50e4e7ae8280106396d", "number": "4802230875", "date": "2021-01-20 11:07:00", "subject": "2", "recorded-or-robo": "Y", "city": "Tempe", "state": "AZ", "area-code": "602"}, {"id": "e81c9350d54f66c6d33b3747ee710012", "number": "5595502569", "date": "2021-01-22 08:20:00", "subject": "1", "recorded-or-robo": "Y", "city": "san francisco", "state": "CA", "area-code": "415"}, {"id": "1d36742e3f24f50e4e7ae82801062e6f", "number": "5595502569", "date": "2021-01-22 08:20:00", "subject": "1", "recorded-or-robo": "Y", "city": "san francisco", "state": "CA", "area-code": "415"}, {"id": "e81c9350d54f66c6d33b3747ee70f187", "number": "3039514231", "date": "2021-01-22 12:00:00", "subject": "1", "recorded-or-robo": "Y", "city": "Ann Arbor", "state": "MI", "area-code": "734"}, {"id": "1d36742e3f24f50e4e7ae8280106285f", "number": "3039514231", "date": "2021-01-22 12:00:00", "subject": "1", "recorded-or-robo": "Y", "city": "Ann Arbor", "state": "MI", "area-code": "734"}, {"id": "e81c9350d54f66c6d33b3747ee70e2c6", "number": "7038289501", "date": "2021-01-22 10:15:00", "subject": "2", "recorded-or-robo": "N", "city": "", "state": "VA", "area-code": "703"}, {"id": "1d36742e3f24f50e4e7ae8280106222f", "number": "7038289501", "date": "2021-01-22 10:15:00", "subject": "2", "recorded-or-robo": "N", "city": "", "state": "VA", "area-code": "703"}, {"id": "e81c9350d54f66c6d33b3747ee70d2f1", "number": "3044286372", "date": "2021-01-22 15:22:00", "subject": "1", "recorded-or-robo": "Y", "city": "Parkersburg", "state": "WV", "area-code": "304"}, {"id": "1d36742e3f24f50e4e7ae8280106188b", "number": "3044286372", "date": "2021-01-22 15:22:00", "subject": "1", "recorded-or-robo": "Y", "city": "Parkersburg", "state": "WV", "area-code": "304"}, {"id": "e81c9350d54f66c6d33b3747ee70ca37", "number": "8885383518", "date": "2021-01-22 15:15:00", "subject": "2", "recorded-or-robo": "N", "city": "Santa barbara", "state": "CA", "area-code": "805"}, {"id": "1d36742e3f24f50e4e7ae82801060be5", "number": "8885383518", "date": "2021-01-22 15:15:00", "subject": "2", "recorded-or-robo": "N", "city": "Santa barbara", "state": "CA", "area-code": "805"}, {"id": "e81c9350d54f66c6d33b3747ee70c05f", "number": "5167662519", "date": "2021-01-22 18:33:00", "subject": "3", "recorded-or-robo": "Y", "city": "", "state": "NY", "area-code": "516"}, {"id": "1d36742e3f24f50e4e7ae82801060114", "number": "5167662519", "date": "2021-01-22 18:33:00", "subject": "3", "recorded-or-robo": "Y", "city": "", "state": "NY", "area-code": "516"}, {"id": "e81c9350d54f66c6d33b3747ee70bcc4", "number": "6369221578", "date": "2021-01-22 17:29:00", "subject": "2", "recorded-or-robo": "Y", "city": "Saint Peters", "state": "MO", "area-code": "636"}]}