{"data": [{"id": "deca54a6651fb9add5b4a9816cecad5f", "number": "2547310606", "date": "2021-01-22 18:12:51", "subject": "3", "recorded-or-robo": "Y", "city": "", "state": "TX", "area-code": "254"}, {"id": "e81c9350d54f66c6d33b3747ee2aa5d0", "number": "7603047908", "date": "2021-01-21 11:23:00", "subject": "1", "recorded-or-robo": "Y", "city": "San Marcos", "state": "CA", "area-code": "760"}, {"id": "deca54a6651fb9add5b4a9816cbfb919", "number": "7603047908", "date": "2021-01-21 11:23:00", "subject": "1", "recorded-or-robo": "Y", "city": "San Marcos", "state": "CA", "area-code": "760"}, {"id": "e81c9350d54f66c6d33b3747ee2aa491", "number": "", "date": "2021-01-22 14:28:00", "subject": "1", "recorded-or-robo": "Y", "city": "Saint Louis", "state": "MO", "area-code": "314"}, {"id": "deca54a6651fb9add5b4a9816cbfb051", "number": "", "date": "2021-01-22 14:28:00", "subject": "1", "recorded-or-robo": "Y", "city": "Saint Louis", "state": "MO", "area-code": "314"}, {"id": "e81c9350d54f66c6d33b3747ee2a9708", "number": "", "date": "2021-01-22 17:40:00", "subject": "2", "recorded-or-robo": "Y", "city": "Deposit", "state": "NY", "area-code": "607"}, {"id": "e81c9350d54f66c6d33b3747ee2a91d1", "number": "8322419589", "date": "2021-01-20 12:40:00", "subject": "0", "recorded-or-robo": "Y", "city": "Spring", "state": "TX", "area-code": "281"}, {"id": "deca54a6651fb9add5b4a9816cbfae09", "number": "", "date": "2021-01-22 17:40:00", "subject": "2", "recorded-or-robo": "Y", "city": "Deposit", "state": "NY", "area-code": "607"}, {"id": "deca54a6651fb9add5b4a9816cbfa217", "number": "8322419589", "date": "2021-01-20 12:40:00", "subject": "0", "recorded-or-robo": "Y", "city": "Spring", "state": "TX", "area-code": "281"}, {"id": "e81c9350d54f66c6d33b3747ee57e912", "number": "+17252418480", "date": "2021-01-22 18:12:38", "subject": "3", "recorded-or-robo": "Y", "city": "", "state": "NV", "area-code": "702"}, {"id": "deca54a6651fb9add5b4a9816cec4280", "number": "+17252418480", "date": "2021-01-22 18:12:38", "subject": "3", "recorded-or-robo": "Y", "city": "", "state": "NV", "area-code": "702"}, {"id": "e81c9350d54f66c6d33b3747ee2a8282", "number": "", "date": "2021-01-22 17:58:00", "subject": "2", "recorded-or-robo": "Y", "city": "Butler", "state": "OH", "area-code": "419"}, {"id": "deca54a6651fb9add5b4a9816cbf97ca", "number": "", "date": "2021-01-22 17:58:00", "subject": "2", "recorded-or-robo": "Y", "city": "Butler", "state": "OH", "area-code": "419"}, {"id": "e81c9350d54f66c6d33b3747ee2a7e14", "number": "6366772394", "date": "2021-01-21 12:00:00", "subject": "2", "recorded-or-robo": "Y", "city": "High Ridge", "state": "MO", "area-code": "636"}, {"id": "deca54a6651fb9add5b4a9816cbf952d", "number": "6366772394", "date": "2021-01-21 12:00:00", "subject": "2", "recorded-or-robo": "Y", "city": "High Ridge", "state": "MO", "area-code": "636"}, {"id": "e81c9350d54f66c6d33b3747ee57a550", "number": "8598387494", "date": "2021-01-22 18:12:32", "subject": "3", "recorded-or-robo": "Y", "city": "", "state": "KY", "area-code": "859"}, {"id": "e81c9350d54f66c6d33b3747ee2a72c6", "number": "7545573", "date": "2021-01-22 15:33:00", "subject": "2", "recorded-or-robo": "Y", "city": "Live Oak", "state": "FL", "area-code": "386"}, {"id": "deca54a6651fb9add5b4a9816cec0427", "number": "8598387494", "date": "2021-01-22 18:12:32", "subject": "3", "recorded-or-robo": "Y", "city": "", "state": "KY", "area-code": "859"}, {"id": "deca54a6651fb9add5b4a9816cbf8a7c", "number": "7545573", "date": "2021-01-22 15:33:00", "subject": "2", "recorded-or-robo": "Y", "city": "Live Oak", "state": "FL", "area-code": "386"}, {"id": "e81c9350d54f66c6d33b3747ee57cfca", "number": "8598387494", "date": "2021-01-22 18:12:31", "subject": "3", "recorded-or-robo": "Y", "city": "", "state": "KY", "area-code": "859"}, {"id": "deca54a6651fb9add5b4a9816cec3141", "number": "8598387494", "date": "2021-01-22 18:12:31", "subject": "3", "recorded-or-robo": "Y", "city": "", "state": "KY", "area-code": "859"}, {"id": "e81c9350d54f66c6d33b3747ee2a6d82", "number": "8646375644", "date": "2021-01-22 12:59:00", "subject": "2", "recorded-or-robo": "Y", "city": "Fort Scott", "state": "SC", "area-code": "864"}, {"id": "deca54a6651fb9add5b4a9816cbf80c7", "number": "8646375644", "date": "2021-01-22 12:59:00", "subject": "2", "recorded-or-robo": "Y", "city": "Fort Scott", "state": "SC", "area-code": "864"}, {"id": "e81c9350d54f66c6d33b3747ee2a68b3", "number": "8765896643", "date": "2021-01-20 15:26:00", "subject": "2", "recorded-or-robo": "", "city": "Sandy", "state": "UT", "area-code": "801"}, {"id": "deca54a6651fb9add5b4a9816cbf73c3", "number": "8765896643", "date": "2021-01-20 15:26:00", "subject": "2", "recorded-or-robo": "", "city": "Sandy", "state": "UT", "area-code": "801"}, {"id": "e81c9350d54f66c6d33b3747ee2a61a1", "number": "3309130759", "date": "2021-01-21 16:42:00", "subject": "5", "recorded-or-robo": "N", "city": "Uniontown", "state": "OH", "area-code": "330"}, {"id": "deca54a6651fb9add5b4a9816cbf6bc4", "number": "3309130759", "date": "2021-01-21 16:42:00", "subject": "5", "recorded-or-robo": "N", "city": "Uniontown", "state": "OH", "area-code": "330"}, {"id": "e81c9350d54f66c6d33b3747ee2a5561", "number": "2692665608", "date": "2021-01-12 14:00:00", "subject": "2", "recorded-or-robo": "Y", "city": "Lewiston", "state": "ME", "area-code": "207"}, {"id": "deca54a6651fb9add5b4a9816cbf67f1", "number": "2692665608", "date": "2021-01-12 14:00:00", "subject": "2", "recorded-or-robo": "Y", "city": "Lewiston", "state": "ME", "area-code": "207"}, {"id": "e81c9350d54f66c6d33b3747ee2a4b4f", "number": "", "date": "2021-01-13 14:06:00", "subject": "0", "recorded-or-robo": "Y", "city": "Old Bridge", "state": "NJ", "area-code": "973"}, {"id": "deca54a6651fb9add5b4a9816cbf6677", "number": "", "date": "2021-01-13 14:06:00", "subject": "0", "recorded-or-robo": "Y", "city": "Old Bridge", "state": "NJ", "area-code": "973"}, {"id": "e81c9350d54f66c6d33b3747ee57d72b", "number": "+13023030062", "date": "2021-01-22 18:12:15", "subject": "3", "recorded-or-robo": "N", "city": "", "state": "DE", "area-code": "302"}, {"id": "deca54a6651fb9add5b4a9816cec31c4", "number": "+13023030062", "date": "2021-01-22 18:12:15", "subject": "3", "recorded-or-robo": "N", "city": "", "state": "DE", "area-code": "302"}, {"id": "e81c9350d54f66c6d33b3747ee2a41e5", "number": "2083288115", "date": "2021-01-22 17:08:00", "subject": "13", "recorded-or-robo": "Y", "city": "", "state": "IL", "area-code": "312"}, {"id": "deca54a6651fb9add5b4a9816cbf6032", "number": "2083288115", "date": "2021-01-22 17:08:00", "subject": "13", "recorded-or-robo": "Y", "city": "", "state": "IL", "area-code": "312"}, {"id": "e81c9350d54f66c6d33b3747ee2a41d5", "number": "9493884506", "date": "2021-01-21 17:03:00", "subject": "3", "recorded-or-robo": "N", "city": "Irvine", "state": "CA", "area-code": "949"}, {"id": "deca54a6651fb9add5b4a9816cbf509d", "number": "9493884506", "date": "2021-01-21 17:03:00", "subject": "3", "recorded-or-robo": "N", "city": "Irvine", "state": "CA", "area-code": "949"}, {"id": "e81c9350d54f66c6d33b3747ee2a35a4", "number": "2107918645", "date": "2021-01-22 05:07:00", "subject": "2", "recorded-or-robo": "N", "city": "San Antonio", "state": "TX", "area-code": "210"}, {"id": "deca54a6651fb9add5b4a9816cbf48e7", "number": "2107918645", "date": "2021-01-22 05:07:00", "subject": "2", "recorded-or-robo": "N", "city": "San Antonio", "state": "TX", "area-code": "210"}, {"id": "e81c9350d54f66c6d33b3747ee2a2d56", "number": "9373320300", "date": "2021-01-22 17:24:00", "subject": "0", "recorded-or-robo": "", "city": "Springboro", "state": "OH", "area-code": "937"}, {"id": "deca54a6651fb9add5b4a9816cbf4738", "number": "9373320300", "date": "2021-01-22 17:24:00", "subject": "0", "recorded-or-robo": "", "city": "Springboro", "state": "OH", "area-code": "937"}, {"id": "e81c9350d54f66c6d33b3747ee5d6dcb", "number": "3608075095", "date": "2021-01-21 18:05:00", "subject": "3", "recorded-or-robo": "N", "city": "", "state": "TX", "area-code": "214"}, {"id": "deca54a6651fb9add5b4a9816cf22b92", "number": "3608075095", "date": "2021-01-21 18:05:00", "subject": "3", "recorded-or-robo": "N", "city": "", "state": "TX", "area-code": "214"}, {"id": "e81c9350d54f66c6d33b3747ee2a2250", "number": "2142416809", "date": "2021-01-22 12:01:00", "subject": "1", "recorded-or-robo": "Y", "city": "Carrollton", "state": "TX", "area-code": "214"}, {"id": "deca54a6651fb9add5b4a9816cbf3b7b", "number": "2142416809", "date": "2021-01-22 12:01:00", "subject": "1", "recorded-or-robo": "Y", "city": "Carrollton", "state": "TX", "area-code": "214"}, {"id": "e81c9350d54f66c6d33b3747ee2a1515", "number": "9075319886", "date": "2021-01-22 14:06:00", "subject": "6", "recorded-or-robo": "N", "city": "ANCHORAGE", "state": "AK", "area-code": "907"}, {"id": "deca54a6651fb9add5b4a9816cbf2f2c", "number": "9075319886", "date": "2021-01-22 14:06:00", "subject": "6", "recorded-or-robo": "N", "city": "ANCHORAGE", "state": "AK", "area-code": "907"}, {"id": "e81c9350d54f66c6d33b3747ee2a1233", "number": "5134070672", "date": "2021-01-22 13:38:00", "subject": "2", "recorded-or-robo": "Y", "city": "Kellyville", "state": "ME", "area-code": "207"}, {"id": "deca54a6651fb9add5b4a9816cbf2e9b", "number": "5134070672", "date": "2021-01-22 13:38:00", "subject": "2", "recorded-or-robo": "Y", "city": "Kellyville", "state": "ME", "area-code": "207"}, {"id": "e81c9350d54f66c6d33b3747ee56f19b", "number": "+18302132436", "date": "2021-01-22 18:11:55", "subject": "3", "recorded-or-robo": "Y", "city": "", "state": "TX", "area-code": "361"}]}