{"data": [{"id": "1d36742e3f24f50e4e7ae8280100db8e", "number": "9204778170", "date": "2021-01-22 13:26:00", "subject": "2", "recorded-or-robo": "", "city": "Watertown", "state": "WI", "area-code": "920"}, {"id": "e81c9350d54f66c6d33b3747ee6be9e8", "number": "2146180955", "date": "2021-01-22 18:21:00", "subject": "2", "recorded-or-robo": "", "city": "", "state": "TX", "area-code": "972"}, {"id": "1d36742e3f24f50e4e7ae8280100d6ad", "number": "2146180955", "date": "2021-01-22 18:21:00", "subject": "2", "recorded-or-robo": "", "city": "", "state": "TX", "area-code": "972"}, {"id": "e81c9350d54f66c6d33b3747ee6be661", "number": "5167662519", "date": "2021-01-21 18:32:00", "subject": "3", "recorded-or-robo": "Y", "city": "", "state": "NY", "area-code": "516"}, {"id": "1d36742e3f24f50e4e7ae8280100d3d7", "number": "5167662519", "date": "2021-01-21 18:32:00", "subject": "3", "recorded-or-robo": "Y", "city": "", "state": "NY", "area-code": "516"}, {"id": "e81c9350d54f66c6d33b3747eea38521", "number": "6504855037", "date": "2021-01-22 19:22:51", "subject": "3", "recorded-or-robo": "Y", "city": "", "state": "CA", "area-code": "415"}, {"id": "e81c9350d54f66c6d33b3747ee6be04a", "number": "7247922081", "date": "2021-01-22 10:35:00", "subject": "1", "recorded-or-robo": "Y", "city": "", "state": "PA", "area-code": "724"}, {"id": "1d36742e3f24f50e4e7ae82801388ac9", "number": "6504855037", "date": "2021-01-22 19:22:51", "subject": "3", "recorded-or-robo": "Y", "city": "", "state": "CA", "area-code": "415"}, {"id": "1d36742e3f24f50e4e7ae8280100ce6c", "number": "7247922081", "date": "2021-01-22 10:35:00", "subject": "1", "recorded-or-robo": "Y", "city": "", "state": "PA", "area-code": "724"}, {"id": "e81c9350d54f66c6d33b3747ee6bdfb6", "number": "7245128411", "date": "2021-01-22 18:43:00", "subject": "2", "recorded-or-robo": "Y", "city": "", "state": "PA", "area-code": "724"}, {"id": "1d36742e3f24f50e4e7ae8280100c82a", "number": "7245128411", "date": "2021-01-22 18:43:00", "subject": "2", "recorded-or-robo": "Y", "city": "", "state": "PA", "area-code": "724"}, {"id": "e81c9350d54f66c6d33b3747ee6bd06c", "number": "4089634340", "date": "2021-01-22 13:34:00", "subject": "4", "recorded-or-robo": "Y", "city": "", "state": "CA", "area-code": "949"}, {"id": "1d36742e3f24f50e4e7ae8280100c734", "number": "4089634340", "date": "2021-01-22 13:34:00", "subject": "4", "recorded-or-robo": "Y", "city": "", "state": "CA", "area-code": "949"}, {"id": "e81c9350d54f66c6d33b3747ee6bcc53", "number": "3642025121", "date": "2021-01-22 18:43:00", "subject": "2", "recorded-or-robo": "Y", "city": "Thompsontown", "state": "PA", "area-code": "717"}, {"id": "1d36742e3f24f50e4e7ae8280100c3a5", "number": "3642025121", "date": "2021-01-22 18:43:00", "subject": "2", "recorded-or-robo": "Y", "city": "Thompsontown", "state": "PA", "area-code": "717"}, {"id": "e81c9350d54f66c6d33b3747ee6bcb66", "number": "9155841369", "date": "2021-01-22 15:45:00", "subject": "3", "recorded-or-robo": "Y", "city": "", "state": "AL", "area-code": "256"}, {"id": "1d36742e3f24f50e4e7ae8280100bf3a", "number": "9155841369", "date": "2021-01-22 15:45:00", "subject": "3", "recorded-or-robo": "Y", "city": "", "state": "AL", "area-code": "256"}, {"id": "e81c9350d54f66c6d33b3747ee6bbea8", "number": "3152328257", "date": "2021-01-22 18:19:00", "subject": "2", "recorded-or-robo": "Y", "city": "", "state": "MO", "area-code": "314"}, {"id": "1d36742e3f24f50e4e7ae8280100bba0", "number": "3152328257", "date": "2021-01-22 18:19:00", "subject": "2", "recorded-or-robo": "Y", "city": "", "state": "MO", "area-code": "314"}, {"id": "e81c9350d54f66c6d33b3747ee6bb0d5", "number": "8778600982", "date": "2021-01-22 12:31:00", "subject": "2", "recorded-or-robo": "N", "city": "WOOSTER", "state": "OH", "area-code": "330"}, {"id": "1d36742e3f24f50e4e7ae8280100b45a", "number": "8778600982", "date": "2021-01-22 12:31:00", "subject": "2", "recorded-or-robo": "N", "city": "WOOSTER", "state": "OH", "area-code": "330"}, {"id": "e81c9350d54f66c6d33b3747ee6bae9a", "number": "6098838461", "date": "2021-01-22 15:37:00", "subject": "1", "recorded-or-robo": "Y", "city": "", "state": "NJ", "area-code": "609"}, {"id": "1d36742e3f24f50e4e7ae8280100b1ea", "number": "6098838461", "date": "2021-01-22 15:37:00", "subject": "1", "recorded-or-robo": "Y", "city": "", "state": "NJ", "area-code": "609"}, {"id": "e81c9350d54f66c6d33b3747ee6b5fb2", "number": "8778875136", "date": "2021-01-22 17:45:00", "subject": "3", "recorded-or-robo": "N", "city": "", "state": "WV", "area-code": "304"}, {"id": "1d36742e3f24f50e4e7ae828010073b7", "number": "8778875136", "date": "2021-01-22 17:45:00", "subject": "3", "recorded-or-robo": "N", "city": "", "state": "WV", "area-code": "304"}, {"id": "e81c9350d54f66c6d33b3747ee6bab58", "number": "4236009698", "date": "2021-01-22 19:10:00", "subject": "2", "recorded-or-robo": "Y", "city": "", "state": "NJ", "area-code": "201"}, {"id": "e81c9350d54f66c6d33b3747ee6b9c2e", "number": "2175132885", "date": "2021-01-20 15:14:00", "subject": "2", "recorded-or-robo": "N", "city": "Rochelle", "state": "IL", "area-code": "815"}, {"id": "1d36742e3f24f50e4e7ae8280100ad49", "number": "4236009698", "date": "2021-01-22 19:10:00", "subject": "2", "recorded-or-robo": "Y", "city": "", "state": "NJ", "area-code": "201"}, {"id": "1d36742e3f24f50e4e7ae8280100a372", "number": "2175132885", "date": "2021-01-20 15:14:00", "subject": "2", "recorded-or-robo": "N", "city": "Rochelle", "state": "IL", "area-code": "815"}, {"id": "e81c9350d54f66c6d33b3747ee6b9932", "number": "5714104742", "date": "2020-10-23 16:44:00", "subject": "0", "recorded-or-robo": "Y", "city": "Manassas", "state": "VA", "area-code": "703"}, {"id": "e81c9350d54f66c6d33b3747ee6b8e3b", "number": "7259773137", "date": "2021-01-22 17:17:00", "subject": "3", "recorded-or-robo": "N", "city": "", "state": "OH", "area-code": "513"}, {"id": "1d36742e3f24f50e4e7ae8280100a340", "number": "5714104742", "date": "2020-10-23 16:44:00", "subject": "0", "recorded-or-robo": "Y", "city": "Manassas", "state": "VA", "area-code": "703"}, {"id": "1d36742e3f24f50e4e7ae82801009f00", "number": "7259773137", "date": "2021-01-22 17:17:00", "subject": "3", "recorded-or-robo": "N", "city": "", "state": "OH", "area-code": "513"}, {"id": "e81c9350d54f66c6d33b3747eea381da", "number": "8454154717", "date": "2021-01-22 19:22:10", "subject": "3", "recorded-or-robo": "Y", "city": "", "state": "CT", "area-code": "203"}, {"id": "e81c9350d54f66c6d33b3747ee6b8405", "number": "5167662519", "date": "2021-01-21 16:26:00", "subject": "3", "recorded-or-robo": "Y", "city": "", "state": "NY", "area-code": "516"}, {"id": "1d36742e3f24f50e4e7ae82801387b4c", "number": "8454154717", "date": "2021-01-22 19:22:10", "subject": "3", "recorded-or-robo": "Y", "city": "", "state": "CT", "area-code": "203"}, {"id": "1d36742e3f24f50e4e7ae82801009203", "number": "5167662519", "date": "2021-01-21 16:26:00", "subject": "3", "recorded-or-robo": "Y", "city": "", "state": "NY", "area-code": "516"}, {"id": "e81c9350d54f66c6d33b3747ee6b77d2", "number": "4806740565", "date": "2021-01-22 11:24:00", "subject": "7", "recorded-or-robo": "N", "city": "Tempe", "state": "AZ", "area-code": "602"}, {"id": "1d36742e3f24f50e4e7ae828010091d3", "number": "4806740565", "date": "2021-01-22 11:24:00", "subject": "7", "recorded-or-robo": "N", "city": "Tempe", "state": "AZ", "area-code": "602"}, {"id": "e81c9350d54f66c6d33b3747eea3c977", "number": "+15856561484", "date": "2021-01-22 19:21:55", "subject": "3", "recorded-or-robo": "Y", "city": "", "state": "TX", "area-code": "832"}, {"id": "1d36742e3f24f50e4e7ae8280138d286", "number": "+15856561484", "date": "2021-01-22 19:21:55", "subject": "3", "recorded-or-robo": "Y", "city": "", "state": "TX", "area-code": "832"}, {"id": "e81c9350d54f66c6d33b3747ee6b6d97", "number": "6109514087", "date": "2021-01-22 16:08:00", "subject": "1", "recorded-or-robo": "Y", "city": "", "state": "PA", "area-code": "724"}, {"id": "1d36742e3f24f50e4e7ae82801008268", "number": "6109514087", "date": "2021-01-22 16:08:00", "subject": "1", "recorded-or-robo": "Y", "city": "", "state": "PA", "area-code": "724"}, {"id": "e81c9350d54f66c6d33b3747ee6b6b84", "number": "8389765379", "date": "2021-01-22 16:47:00", "subject": "5", "recorded-or-robo": "Y", "city": "Clearwater", "state": "FL", "area-code": "727"}, {"id": "1d36742e3f24f50e4e7ae828010077b1", "number": "8389765379", "date": "2021-01-22 16:47:00", "subject": "5", "recorded-or-robo": "Y", "city": "Clearwater", "state": "FL", "area-code": "727"}, {"id": "e81c9350d54f66c6d33b3747ee6b5491", "number": "5167662519", "date": "2021-01-21 16:26:00", "subject": "3", "recorded-or-robo": "Y", "city": "", "state": "NY", "area-code": "516"}, {"id": "1d36742e3f24f50e4e7ae8280100730d", "number": "5167662519", "date": "2021-01-21 16:26:00", "subject": "3", "recorded-or-robo": "Y", "city": "", "state": "NY", "area-code": "516"}, {"id": "e81c9350d54f66c6d33b3747ee6b4b73", "number": "8182717342", "date": "2021-01-22 04:17:00", "subject": "1", "recorded-or-robo": "Y", "city": "Sylmar", "state": "CA", "area-code": "818"}, {"id": "1d36742e3f24f50e4e7ae8280100716a", "number": "8182717342", "date": "2021-01-22 04:17:00", "subject": "1", "recorded-or-robo": "Y", "city": "Sylmar", "state": "CA", "area-code": "818"}, {"id": "e81c9350d54f66c6d33b3747ee6b3f5e", "number": "7274152675", "date": "2021-01-22 18:19:00", "subject": "1", "recorded-or-robo": "N", "city": "Pensacola", "state": "FL", "area-code": "850"}]}