{"data": [{"id": "1d36742e3f24f50e4e7ae828010c70a4", "number": "3324567993", "date": "2021-01-21 14:02:00", "subject": "1", "recorded-or-robo": "Y", "city": "Los Altos", "state": "CA", "area-code": "650"}, {"id": "e81c9350d54f66c6d33b3747ee77928a", "number": "3144817275", "date": "2021-01-22 17:00:00", "subject": "2", "recorded-or-robo": "Y", "city": "St. Louis", "state": "MO", "area-code": "314"}, {"id": "1d36742e3f24f50e4e7ae828010c6d94", "number": "3144817275", "date": "2021-01-22 17:00:00", "subject": "2", "recorded-or-robo": "Y", "city": "St. Louis", "state": "MO", "area-code": "314"}, {"id": "e81c9350d54f66c6d33b3747ee7783fd", "number": "9495485982", "date": "2021-01-22 16:10:00", "subject": "0", "recorded-or-robo": "Y", "city": "", "state": "CA", "area-code": "949"}, {"id": "1d36742e3f24f50e4e7ae828010c604d", "number": "9495485982", "date": "2021-01-22 16:10:00", "subject": "0", "recorded-or-robo": "Y", "city": "", "state": "CA", "area-code": "949"}, {"id": "e81c9350d54f66c6d33b3747ee778065", "number": "8665022211", "date": "2021-01-22 12:50:00", "subject": "2", "recorded-or-robo": "Y", "city": "martinsburg", "state": "WV", "area-code": "304"}, {"id": "1d36742e3f24f50e4e7ae828010c5b33", "number": "8665022211", "date": "2021-01-22 12:50:00", "subject": "2", "recorded-or-robo": "Y", "city": "martinsburg", "state": "WV", "area-code": "304"}, {"id": "e81c9350d54f66c6d33b3747eea80638", "number": "8144996494", "date": "2021-01-22 19:51:41", "subject": "3", "recorded-or-robo": "Y", "city": "", "state": "NY", "area-code": "516"}, {"id": "1d36742e3f24f50e4e7ae828013ce803", "number": "8144996494", "date": "2021-01-22 19:51:41", "subject": "3", "recorded-or-robo": "Y", "city": "", "state": "NY", "area-code": "516"}, {"id": "e81c9350d54f66c6d33b3747ee777b54", "number": "", "date": "2021-01-22 14:22:00", "subject": "4", "recorded-or-robo": "Y", "city": "Horsham", "state": "PA", "area-code": "215"}, {"id": "1d36742e3f24f50e4e7ae828010c59f7", "number": "", "date": "2021-01-22 14:22:00", "subject": "4", "recorded-or-robo": "Y", "city": "Horsham", "state": "PA", "area-code": "215"}, {"id": "e81c9350d54f66c6d33b3747eea7752f", "number": "4055042014", "date": "2021-01-22 19:51:35", "subject": "3", "recorded-or-robo": "Y", "city": "", "state": "NY", "area-code": "917"}, {"id": "1d36742e3f24f50e4e7ae828013c472a", "number": "4055042014", "date": "2021-01-22 19:51:35", "subject": "3", "recorded-or-robo": "Y", "city": "", "state": "NY", "area-code": "917"}, {"id": "e81c9350d54f66c6d33b3747ee776f67", "number": "5074677791", "date": "2021-01-21 16:19:00", "subject": "0", "recorded-or-robo": "", "city": "Southampton", "state": "MA", "area-code": "413"}, {"id": "1d36742e3f24f50e4e7ae828010c4d2b", "number": "5074677791", "date": "2021-01-21 16:19:00", "subject": "0", "recorded-or-robo": "", "city": "Southampton", "state": "MA", "area-code": "413"}, {"id": "e81c9350d54f66c6d33b3747eea756ce", "number": "+19512915559", "date": "2021-01-22 19:51:29", "subject": "3", "recorded-or-robo": "Y", "city": "", "state": "CA", "area-code": "951"}, {"id": "1d36742e3f24f50e4e7ae828013c27e2", "number": "+19512915559", "date": "2021-01-22 19:51:29", "subject": "3", "recorded-or-robo": "Y", "city": "", "state": "CA", "area-code": "951"}, {"id": "e81c9350d54f66c6d33b3747ee7765e4", "number": "8663584540", "date": "2021-01-17 14:15:00", "subject": "2", "recorded-or-robo": "Y", "city": "Medford", "state": "OR", "area-code": "541"}, {"id": "1d36742e3f24f50e4e7ae828010c4281", "number": "8663584540", "date": "2021-01-17 14:15:00", "subject": "2", "recorded-or-robo": "Y", "city": "Medford", "state": "OR", "area-code": "541"}, {"id": "e81c9350d54f66c6d33b3747ee77577b", "number": "9526088558", "date": "2021-01-22 18:35:00", "subject": "0", "recorded-or-robo": "", "city": "Saint Paul", "state": "MN", "area-code": "651"}, {"id": "1d36742e3f24f50e4e7ae828010c37b9", "number": "9526088558", "date": "2021-01-22 18:35:00", "subject": "0", "recorded-or-robo": "", "city": "Saint Paul", "state": "MN", "area-code": "651"}, {"id": "e81c9350d54f66c6d33b3747ee774ab3", "number": "6057205543", "date": "2021-01-22 12:05:00", "subject": "5", "recorded-or-robo": "Y", "city": "Oakland", "state": "CA", "area-code": "510"}, {"id": "1d36742e3f24f50e4e7ae828010c32c5", "number": "6057205543", "date": "2021-01-22 12:05:00", "subject": "5", "recorded-or-robo": "Y", "city": "Oakland", "state": "CA", "area-code": "510"}, {"id": "e81c9350d54f66c6d33b3747ee77434f", "number": "8228980", "date": "2021-01-22 11:58:00", "subject": "0", "recorded-or-robo": "", "city": "Chocowinity", "state": "NC", "area-code": "252"}, {"id": "1d36742e3f24f50e4e7ae828010c2e02", "number": "8228980", "date": "2021-01-22 11:58:00", "subject": "0", "recorded-or-robo": "", "city": "Chocowinity", "state": "NC", "area-code": "252"}, {"id": "e81c9350d54f66c6d33b3747ee7737db", "number": "8442949362", "date": "2021-01-22 09:52:00", "subject": "2", "recorded-or-robo": "Y", "city": "Osawatomie", "state": "KS", "area-code": "805"}, {"id": "1d36742e3f24f50e4e7ae828010c1f1b", "number": "8442949362", "date": "2021-01-22 09:52:00", "subject": "2", "recorded-or-robo": "Y", "city": "Osawatomie", "state": "KS", "area-code": "805"}, {"id": "e81c9350d54f66c6d33b3747ee773441", "number": "6303266351", "date": "2021-01-22 12:16:00", "subject": "4", "recorded-or-robo": "Y", "city": "Hanover Park", "state": "IL", "area-code": "630"}, {"id": "1d36742e3f24f50e4e7ae828010c152a", "number": "6303266351", "date": "2021-01-22 12:16:00", "subject": "4", "recorded-or-robo": "Y", "city": "Hanover Park", "state": "IL", "area-code": "630"}, {"id": "e81c9350d54f66c6d33b3747ee7728c3", "number": "4058306453", "date": "2021-01-22 12:22:00", "subject": "5", "recorded-or-robo": "N", "city": "Spencer", "state": "OK", "area-code": "405"}, {"id": "1d36742e3f24f50e4e7ae828010c0f8c", "number": "4058306453", "date": "2021-01-22 12:22:00", "subject": "5", "recorded-or-robo": "N", "city": "Spencer", "state": "OK", "area-code": "405"}, {"id": "e81c9350d54f66c6d33b3747ee771da5", "number": "3524787048", "date": "2021-01-21 18:48:00", "subject": "2", "recorded-or-robo": "Y", "city": "Indianapolis", "state": "IN", "area-code": "317"}, {"id": "1d36742e3f24f50e4e7ae828010c07b8", "number": "3524787048", "date": "2021-01-21 18:48:00", "subject": "2", "recorded-or-robo": "Y", "city": "Indianapolis", "state": "IN", "area-code": "317"}, {"id": "e81c9350d54f66c6d33b3747eea7a7ec", "number": "8144911016", "date": "2021-01-22 19:50:55", "subject": "3", "recorded-or-robo": "Y", "city": "", "state": "NJ", "area-code": "973"}, {"id": "1d36742e3f24f50e4e7ae828013c8178", "number": "8144911016", "date": "2021-01-22 19:50:55", "subject": "3", "recorded-or-robo": "Y", "city": "", "state": "NJ", "area-code": "973"}, {"id": "e81c9350d54f66c6d33b3747eea78684", "number": "8144911016", "date": "2021-01-22 19:50:54", "subject": "3", "recorded-or-robo": "Y", "city": "", "state": "NJ", "area-code": "973"}, {"id": "1d36742e3f24f50e4e7ae828013c5b8c", "number": "8144911016", "date": "2021-01-22 19:50:54", "subject": "3", "recorded-or-robo": "Y", "city": "", "state": "NJ", "area-code": "973"}, {"id": "e81c9350d54f66c6d33b3747ee7713e0", "number": "2293379402", "date": "2021-01-22 19:49:00", "subject": "11", "recorded-or-robo": "Y", "city": "Ellaville", "state": "GA", "area-code": "229"}, {"id": "1d36742e3f24f50e4e7ae828010bf95b", "number": "2293379402", "date": "2021-01-22 19:49:00", "subject": "11", "recorded-or-robo": "Y", "city": "Ellaville", "state": "GA", "area-code": "229"}, {"id": "e81c9350d54f66c6d33b3747ee770a06", "number": "9123081730", "date": "2021-01-21 11:16:00", "subject": "0", "recorded-or-robo": "Y", "city": "Colorado Springs", "state": "CO", "area-code": "719"}, {"id": "1d36742e3f24f50e4e7ae828010bf3fd", "number": "9123081730", "date": "2021-01-21 11:16:00", "subject": "0", "recorded-or-robo": "Y", "city": "Colorado Springs", "state": "CO", "area-code": "719"}, {"id": "e81c9350d54f66c6d33b3747eea7bda1", "number": "2124500532", "date": "2021-01-22 19:50:40", "subject": "3", "recorded-or-robo": "Y", "city": "", "state": "NY", "area-code": "212"}, {"id": "1d36742e3f24f50e4e7ae828013c8e85", "number": "2124500532", "date": "2021-01-22 19:50:40", "subject": "3", "recorded-or-robo": "Y", "city": "", "state": "NY", "area-code": "212"}, {"id": "e81c9350d54f66c6d33b3747ee77060b", "number": "5074605630", "date": "2021-01-21 14:53:00", "subject": "0", "recorded-or-robo": "", "city": "Southampton", "state": "MA", "area-code": "413"}, {"id": "1d36742e3f24f50e4e7ae828010bf101", "number": "5074605630", "date": "2021-01-21 14:53:00", "subject": "0", "recorded-or-robo": "", "city": "Southampton", "state": "MA", "area-code": "413"}, {"id": "e81c9350d54f66c6d33b3747ee7703c3", "number": "8663589262", "date": "2021-01-17 14:32:00", "subject": "2", "recorded-or-robo": "Y", "city": "Medford", "state": "OR", "area-code": "541"}, {"id": "1d36742e3f24f50e4e7ae828010bf006", "number": "8663589262", "date": "2021-01-17 14:32:00", "subject": "2", "recorded-or-robo": "Y", "city": "Medford", "state": "OR", "area-code": "541"}, {"id": "e81c9350d54f66c6d33b3747eea76832", "number": "3216137515", "date": "2021-01-22 19:50:28", "subject": "3", "recorded-or-robo": "Y", "city": "", "state": "FL", "area-code": "786"}, {"id": "1d36742e3f24f50e4e7ae828013c44d8", "number": "3216137515", "date": "2021-01-22 19:50:28", "subject": "3", "recorded-or-robo": "Y", "city": "", "state": "FL", "area-code": "786"}, {"id": "e81c9350d54f66c6d33b3747ee76fa4a", "number": "7083861948", "date": "2021-01-22 15:54:00", "subject": "0", "recorded-or-robo": "", "city": "Monee", "state": "IL", "area-code": "708"}]}