{"data": [{"id": "3decc6bfadaa436a105714c6bac11952", "number": "8562271400", "date": "2021-01-24 17:48:00", "subject": "2", "recorded-or-robo": "Y", "city": "", "state": "NJ", "area-code": "856"}, {"id": "03e293b3df9e35eadf15c56119577870", "number": "8562271400", "date": "2021-01-24 17:48:00", "subject": "2", "recorded-or-robo": "Y", "city": "", "state": "NJ", "area-code": "856"}, {"id": "3decc6bfadaa436a105714c6bac10bfa", "number": "2019559317", "date": "2021-01-23 10:59:00", "subject": "2", "recorded-or-robo": "", "city": "Hasbrouck Heights", "state": "NJ", "area-code": "201"}, {"id": "03e293b3df9e35eadf15c56119576e34", "number": "2019559317", "date": "2021-01-23 10:59:00", "subject": "2", "recorded-or-robo": "", "city": "Hasbrouck Heights", "state": "NJ", "area-code": "201"}, {"id": "3decc6bfadaa436a105714c6bac0fd8a", "number": "8446304779", "date": "2021-01-24 17:54:00", "subject": "1", "recorded-or-robo": "Y", "city": "CLAY", "state": "WV", "area-code": "304"}, {"id": "03e293b3df9e35eadf15c56119575ee0", "number": "8446304779", "date": "2021-01-24 17:54:00", "subject": "1", "recorded-or-robo": "Y", "city": "CLAY", "state": "WV", "area-code": "304"}, {"id": "3decc6bfadaa436a105714c6bac0fa4c", "number": "", "date": "2021-01-24 17:34:00", "subject": "1", "recorded-or-robo": "Y", "city": "", "state": "PA", "area-code": "412"}, {"id": "03e293b3df9e35eadf15c561195758f6", "number": "", "date": "2021-01-24 17:34:00", "subject": "1", "recorded-or-robo": "Y", "city": "", "state": "PA", "area-code": "412"}, {"id": "3decc6bfadaa436a105714c6bac0f5d3", "number": "", "date": "2021-01-24 15:59:00", "subject": "1", "recorded-or-robo": "Y", "city": "Florissant", "state": "MO", "area-code": "314"}, {"id": "03e293b3df9e35eadf15c56119574ea9", "number": "", "date": "2021-01-24 15:59:00", "subject": "1", "recorded-or-robo": "Y", "city": "Florissant", "state": "MO", "area-code": "314"}, {"id": "3decc6bfadaa436a105714c6bac0f50c", "number": "5629029502", "date": "2021-01-21 15:03:00", "subject": "2", "recorded-or-robo": "Y", "city": "", "state": "CA", "area-code": "562"}, {"id": "03e293b3df9e35eadf15c5611957421a", "number": "5629029502", "date": "2021-01-21 15:03:00", "subject": "2", "recorded-or-robo": "Y", "city": "", "state": "CA", "area-code": "562"}, {"id": "3decc6bfadaa436a105714c6bac0e698", "number": "3107644318", "date": "2021-01-24 12:49:00", "subject": "2", "recorded-or-robo": "Y", "city": "PVE", "state": "CA", "area-code": "310"}, {"id": "03e293b3df9e35eadf15c56119573c9b", "number": "3107644318", "date": "2021-01-24 12:49:00", "subject": "2", "recorded-or-robo": "Y", "city": "PVE", "state": "CA", "area-code": "310"}, {"id": "3decc6bfadaa436a105714c6bac0df58", "number": "", "date": "2021-01-23 16:23:00", "subject": "2", "recorded-or-robo": "Y", "city": "St. Louis", "state": "MO", "area-code": "314"}, {"id": "03e293b3df9e35eadf15c5611957362e", "number": "", "date": "2021-01-23 16:23:00", "subject": "2", "recorded-or-robo": "Y", "city": "St. Louis", "state": "MO", "area-code": "314"}, {"id": "3decc6bfadaa436a105714c6bac0cfbe", "number": "3343128907", "date": "2021-01-24 15:20:00", "subject": "1", "recorded-or-robo": "Y", "city": "Saint Petersburg", "state": "AL", "area-code": "334"}, {"id": "03e293b3df9e35eadf15c56119573500", "number": "3343128907", "date": "2021-01-24 15:20:00", "subject": "1", "recorded-or-robo": "Y", "city": "Saint Petersburg", "state": "AL", "area-code": "334"}, {"id": "3decc6bfadaa436a105714c6bac0ca2a", "number": "3107920011", "date": "2021-01-24 13:59:00", "subject": "2", "recorded-or-robo": "Y", "city": "", "state": "CA", "area-code": "310"}, {"id": "03e293b3df9e35eadf15c56119572984", "number": "3107920011", "date": "2021-01-24 13:59:00", "subject": "2", "recorded-or-robo": "Y", "city": "", "state": "CA", "area-code": "310"}, {"id": "3decc6bfadaa436a105714c6bac0c1a7", "number": "7272672162", "date": "2021-01-24 17:30:00", "subject": "2", "recorded-or-robo": "Y", "city": "", "state": "FL", "area-code": "727"}, {"id": "03e293b3df9e35eadf15c56119571cf4", "number": "7272672162", "date": "2021-01-24 17:30:00", "subject": "2", "recorded-or-robo": "Y", "city": "", "state": "FL", "area-code": "727"}, {"id": "3decc6bfadaa436a105714c6bac0b77e", "number": "3343123327", "date": "2021-01-24 15:15:00", "subject": "1", "recorded-or-robo": "Y", "city": "Saint Petersburg", "state": "AL", "area-code": "334"}, {"id": "03e293b3df9e35eadf15c56119570ea9", "number": "3343123327", "date": "2021-01-24 15:15:00", "subject": "1", "recorded-or-robo": "Y", "city": "Saint Petersburg", "state": "AL", "area-code": "334"}, {"id": "3decc6bfadaa436a105714c6bac0b361", "number": "3343126019", "date": "2021-01-24 15:02:00", "subject": "1", "recorded-or-robo": "Y", "city": "Saint Petersburg", "state": "AL", "area-code": "334"}, {"id": "03e293b3df9e35eadf15c5611957080c", "number": "3343126019", "date": "2021-01-24 15:02:00", "subject": "1", "recorded-or-robo": "Y", "city": "Saint Petersburg", "state": "AL", "area-code": "334"}, {"id": "3decc6bfadaa436a105714c6bac0a5ae", "number": "2696353804", "date": "2021-01-22 20:55:00", "subject": "9", "recorded-or-robo": "Y", "city": "Big Rapids", "state": "MI", "area-code": "231"}, {"id": "03e293b3df9e35eadf15c5611956fba2", "number": "2696353804", "date": "2021-01-22 20:55:00", "subject": "9", "recorded-or-robo": "Y", "city": "Big Rapids", "state": "MI", "area-code": "231"}, {"id": "3decc6bfadaa436a105714c6bac0a231", "number": "8885442715", "date": "2021-01-14 15:48:00", "subject": "6", "recorded-or-robo": "Y", "city": "Gretna", "state": "LA", "area-code": "504"}, {"id": "03e293b3df9e35eadf15c5611956f3cb", "number": "8885442715", "date": "2021-01-14 15:48:00", "subject": "6", "recorded-or-robo": "Y", "city": "Gretna", "state": "LA", "area-code": "504"}, {"id": "3decc6bfadaa436a105714c6bac09a74", "number": "5626325107", "date": "2021-01-24 17:49:00", "subject": "2", "recorded-or-robo": "", "city": "Limington", "state": "ME", "area-code": "207"}, {"id": "03e293b3df9e35eadf15c5611956e4a9", "number": "5626325107", "date": "2021-01-24 17:49:00", "subject": "2", "recorded-or-robo": "", "city": "Limington", "state": "ME", "area-code": "207"}, {"id": "3decc6bfadaa436a105714c6bac09705", "number": "6234008988", "date": "2021-01-24 13:26:00", "subject": "2", "recorded-or-robo": "Y", "city": "Phoenix", "state": "AZ", "area-code": "623"}, {"id": "03e293b3df9e35eadf15c5611956d714", "number": "6234008988", "date": "2021-01-24 13:26:00", "subject": "2", "recorded-or-robo": "Y", "city": "Phoenix", "state": "AZ", "area-code": "623"}, {"id": "3decc6bfadaa436a105714c6bac096f3", "number": "3343122991", "date": "2021-01-24 14:54:00", "subject": "1", "recorded-or-robo": "Y", "city": "Saint Petersburg", "state": "AL", "area-code": "334"}, {"id": "03e293b3df9e35eadf15c5611956ceee", "number": "3343122991", "date": "2021-01-24 14:54:00", "subject": "1", "recorded-or-robo": "Y", "city": "Saint Petersburg", "state": "AL", "area-code": "334"}, {"id": "3decc6bfadaa436a105714c6bac08b1a", "number": "5136133218", "date": "2021-01-24 17:44:00", "subject": "2", "recorded-or-robo": "Y", "city": "Cincinnati", "state": "OH", "area-code": "513"}, {"id": "03e293b3df9e35eadf15c5611956bf90", "number": "5136133218", "date": "2021-01-24 17:44:00", "subject": "2", "recorded-or-robo": "Y", "city": "Cincinnati", "state": "OH", "area-code": "513"}, {"id": "3decc6bfadaa436a105714c6bac0814a", "number": "6692218217", "date": "2021-01-24 12:00:00", "subject": "5", "recorded-or-robo": "N", "city": "Laredo", "state": "MO", "area-code": "660"}, {"id": "03e293b3df9e35eadf15c5611956bd6f", "number": "6692218217", "date": "2021-01-24 12:00:00", "subject": "5", "recorded-or-robo": "N", "city": "Laredo", "state": "MO", "area-code": "660"}, {"id": "3decc6bfadaa436a105714c6bac072a7", "number": "7654653406", "date": "2021-01-21 13:27:00", "subject": "2", "recorded-or-robo": "Y", "city": "", "state": "CA", "area-code": "562"}, {"id": "03e293b3df9e35eadf15c5611956b122", "number": "7654653406", "date": "2021-01-21 13:27:00", "subject": "2", "recorded-or-robo": "Y", "city": "", "state": "CA", "area-code": "562"}, {"id": "3decc6bfadaa436a105714c6bac06e56", "number": "4079427020", "date": "2021-01-21 10:51:00", "subject": "4", "recorded-or-robo": "Y", "city": "", "state": "FL", "area-code": "407"}, {"id": "03e293b3df9e35eadf15c5611956aa10", "number": "4079427020", "date": "2021-01-21 10:51:00", "subject": "4", "recorded-or-robo": "Y", "city": "", "state": "FL", "area-code": "407"}, {"id": "3decc6bfadaa436a105714c6bac06e36", "number": "6032893437", "date": "2021-01-24 00:00:00", "subject": "4", "recorded-or-robo": "Y", "city": "Odessa", "state": "FL", "area-code": "603"}, {"id": "03e293b3df9e35eadf15c56119569d87", "number": "6032893437", "date": "2021-01-24 00:00:00", "subject": "4", "recorded-or-robo": "Y", "city": "Odessa", "state": "FL", "area-code": "603"}, {"id": "3decc6bfadaa436a105714c6bac0622c", "number": "3343127660", "date": "2021-01-24 14:37:00", "subject": "1", "recorded-or-robo": "Y", "city": "Saint Petersburg", "state": "AL", "area-code": "334"}, {"id": "03e293b3df9e35eadf15c56119569d12", "number": "3343127660", "date": "2021-01-24 14:37:00", "subject": "1", "recorded-or-robo": "Y", "city": "Saint Petersburg", "state": "AL", "area-code": "334"}, {"id": "3decc6bfadaa436a105714c6bac05bcd", "number": "3175018840", "date": "2021-01-24 12:29:00", "subject": "11", "recorded-or-robo": "Y", "city": "Fishers", "state": "IN", "area-code": "317"}, {"id": "03e293b3df9e35eadf15c561195695c9", "number": "3175018840", "date": "2021-01-24 12:29:00", "subject": "11", "recorded-or-robo": "Y", "city": "Fishers", "state": "IN", "area-code": "317"}]}