{"data": [{"id": "3decc6bfadaa436a105714c6ba7f72ca", "number": "3852436776", "date": "2021-01-23 19:14:08", "subject": "3", "recorded-or-robo": "Y", "city": "", "state": "UT", "area-code": "385"}, {"id": "03e293b3df9e35eadf15c5611915ee8a", "number": "3852436776", "date": "2021-01-23 19:14:08", "subject": "3", "recorded-or-robo": "Y", "city": "", "state": "UT", "area-code": "385"}, {"id": "3decc6bfadaa436a105714c6ba5e2697", "number": "5038611075", "date": "2021-01-21 09:30:00", "subject": "2", "recorded-or-robo": "Y", "city": "Beaverton", "state": "OR", "area-code": "503"}, {"id": "1d36742e3f24f50e4e7ae82801f3f536", "number": "5038611075", "date": "2021-01-21 09:30:00", "subject": "2", "recorded-or-robo": "Y", "city": "Beaverton", "state": "OR", "area-code": "503"}, {"id": "3decc6bfadaa436a105714c6ba5e1c9a", "number": "8086679228", "date": "2021-01-23 00:00:00", "subject": "2", "recorded-or-robo": "Y", "city": "SMYRNA", "state": "DE", "area-code": "313"}, {"id": "1d36742e3f24f50e4e7ae82801f3e786", "number": "8086679228", "date": "2021-01-23 00:00:00", "subject": "2", "recorded-or-robo": "Y", "city": "SMYRNA", "state": "DE", "area-code": "313"}, {"id": "3decc6bfadaa436a105714c6ba5e1c07", "number": "5076931326", "date": "2021-01-22 09:04:00", "subject": "0", "recorded-or-robo": "Y", "city": "Inver Grove Heights", "state": "MN", "area-code": "651"}, {"id": "3decc6bfadaa436a105714c6ba5e1663", "number": "4102177252", "date": "2021-01-15 13:12:00", "subject": "0", "recorded-or-robo": "", "city": "", "state": "MD", "area-code": "410"}, {"id": "1d36742e3f24f50e4e7ae82801f3e5fb", "number": "5076931326", "date": "2021-01-22 09:04:00", "subject": "0", "recorded-or-robo": "Y", "city": "Inver Grove Heights", "state": "MN", "area-code": "651"}, {"id": "1d36742e3f24f50e4e7ae82801f3dc19", "number": "4102177252", "date": "2021-01-15 13:12:00", "subject": "0", "recorded-or-robo": "", "city": "", "state": "MD", "area-code": "410"}, {"id": "3decc6bfadaa436a105714c6ba5e0d3e", "number": "2393998940", "date": "2021-01-23 14:43:00", "subject": "4", "recorded-or-robo": "Y", "city": "Ft Myers Beach", "state": "FL", "area-code": "239"}, {"id": "1d36742e3f24f50e4e7ae82801f3dbaa", "number": "2393998940", "date": "2021-01-23 14:43:00", "subject": "4", "recorded-or-robo": "Y", "city": "Ft Myers Beach", "state": "FL", "area-code": "239"}, {"id": "3decc6bfadaa436a105714c6ba5dffbb", "number": "2410222542", "date": "2021-01-23 17:58:00", "subject": "2", "recorded-or-robo": "Y", "city": "Valliant", "state": "OK", "area-code": "580"}, {"id": "1d36742e3f24f50e4e7ae82801f3d1f8", "number": "2410222542", "date": "2021-01-23 17:58:00", "subject": "2", "recorded-or-robo": "Y", "city": "Valliant", "state": "OK", "area-code": "580"}, {"id": "3decc6bfadaa436a105714c6ba5df8cb", "number": "5037558811", "date": "2021-01-21 10:30:00", "subject": "2", "recorded-or-robo": "Y", "city": "Beaverton", "state": "OR", "area-code": "503"}, {"id": "3decc6bfadaa436a105714c6ba5df5b6", "number": "", "date": "2021-01-22 10:00:00", "subject": "2", "recorded-or-robo": "Y", "city": "Riverton", "state": "IA", "area-code": "712"}, {"id": "1d36742e3f24f50e4e7ae82801f3cdcc", "number": "5037558811", "date": "2021-01-21 10:30:00", "subject": "2", "recorded-or-robo": "Y", "city": "Beaverton", "state": "OR", "area-code": "503"}, {"id": "1d36742e3f24f50e4e7ae82801f3c36e", "number": "", "date": "2021-01-22 10:00:00", "subject": "2", "recorded-or-robo": "Y", "city": "Riverton", "state": "IA", "area-code": "712"}, {"id": "3decc6bfadaa436a105714c6ba5de674", "number": "9014558838", "date": "2021-01-22 08:18:00", "subject": "11", "recorded-or-robo": "Y", "city": "Inver Grove Heights", "state": "MN", "area-code": "651"}, {"id": "3decc6bfadaa436a105714c6ba5de410", "number": "4109736276", "date": "2021-01-14 16:11:00", "subject": "0", "recorded-or-robo": "", "city": "", "state": "MD", "area-code": "410"}, {"id": "1d36742e3f24f50e4e7ae82801f3bc09", "number": "9014558838", "date": "2021-01-22 08:18:00", "subject": "11", "recorded-or-robo": "Y", "city": "Inver Grove Heights", "state": "MN", "area-code": "651"}, {"id": "1d36742e3f24f50e4e7ae82801f3acb6", "number": "4109736276", "date": "2021-01-14 16:11:00", "subject": "0", "recorded-or-robo": "", "city": "", "state": "MD", "area-code": "410"}, {"id": "3decc6bfadaa436a105714c6ba7f7aba", "number": "+18145931002", "date": "2021-01-23 19:11:57", "subject": "3", "recorded-or-robo": "Y", "city": "", "state": "NY", "area-code": "917"}, {"id": "03e293b3df9e35eadf15c5611915f7c4", "number": "+18145931002", "date": "2021-01-23 19:11:57", "subject": "3", "recorded-or-robo": "Y", "city": "", "state": "NY", "area-code": "917"}, {"id": "3decc6bfadaa436a105714c6ba5de275", "number": "941777497", "date": "2021-01-21 15:08:00", "subject": "2", "recorded-or-robo": "N", "city": "tampa", "state": "FL", "area-code": "813"}, {"id": "1d36742e3f24f50e4e7ae82801f39d6c", "number": "941777497", "date": "2021-01-21 15:08:00", "subject": "2", "recorded-or-robo": "N", "city": "tampa", "state": "FL", "area-code": "813"}, {"id": "3decc6bfadaa436a105714c6ba5dd7b4", "number": "8006927753", "date": "2021-01-23 04:07:00", "subject": "2", "recorded-or-robo": "N", "city": "Burien", "state": "WA", "area-code": "800"}, {"id": "1d36742e3f24f50e4e7ae82801f396de", "number": "8006927753", "date": "2021-01-23 04:07:00", "subject": "2", "recorded-or-robo": "N", "city": "Burien", "state": "WA", "area-code": "800"}, {"id": "3decc6bfadaa436a105714c6ba5dce1c", "number": "3107935944", "date": "2021-01-23 16:08:00", "subject": "7", "recorded-or-robo": "Y", "city": "Los Angeles", "state": "CA", "area-code": "310"}, {"id": "1d36742e3f24f50e4e7ae82801f38afd", "number": "3107935944", "date": "2021-01-23 16:08:00", "subject": "7", "recorded-or-robo": "Y", "city": "Los Angeles", "state": "CA", "area-code": "310"}, {"id": "3decc6bfadaa436a105714c6ba5dc2ed", "number": "6025815315", "date": "2021-01-21 15:20:00", "subject": "4", "recorded-or-robo": "Y", "city": "", "state": "AZ", "area-code": "602"}, {"id": "1d36742e3f24f50e4e7ae82801f37dde", "number": "6025815315", "date": "2021-01-21 15:20:00", "subject": "4", "recorded-or-robo": "Y", "city": "", "state": "AZ", "area-code": "602"}, {"id": "3decc6bfadaa436a105714c6ba5dc286", "number": "3012452551", "date": "2021-01-14 18:27:00", "subject": "0", "recorded-or-robo": "", "city": "", "state": "MD", "area-code": "410"}, {"id": "1d36742e3f24f50e4e7ae82801f37735", "number": "3012452551", "date": "2021-01-14 18:27:00", "subject": "0", "recorded-or-robo": "", "city": "", "state": "MD", "area-code": "410"}, {"id": "3decc6bfadaa436a105714c6ba5db3c6", "number": "", "date": "2021-01-23 03:04:00", "subject": "2", "recorded-or-robo": "Y", "city": "Beaumont", "state": "TX", "area-code": "409"}, {"id": "1d36742e3f24f50e4e7ae82801f36ca7", "number": "", "date": "2021-01-23 03:04:00", "subject": "2", "recorded-or-robo": "Y", "city": "Beaumont", "state": "TX", "area-code": "409"}, {"id": "3decc6bfadaa436a105714c6ba5da527", "number": "4586750936", "date": "2021-01-21 11:30:00", "subject": "2", "recorded-or-robo": "Y", "city": "Beaverton", "state": "OR", "area-code": "503"}, {"id": "1d36742e3f24f50e4e7ae82801f364e9", "number": "4586750936", "date": "2021-01-21 11:30:00", "subject": "2", "recorded-or-robo": "Y", "city": "Beaverton", "state": "OR", "area-code": "503"}, {"id": "3decc6bfadaa436a105714c6ba7f4dda", "number": "+12108173363", "date": "2021-01-23 19:10:42", "subject": "3", "recorded-or-robo": "Y", "city": "", "state": "TX", "area-code": "830"}, {"id": "03e293b3df9e35eadf15c5611915bbdd", "number": "+12108173363", "date": "2021-01-23 19:10:42", "subject": "3", "recorded-or-robo": "Y", "city": "", "state": "TX", "area-code": "830"}, {"id": "3decc6bfadaa436a105714c6ba5d95ed", "number": "5043696727", "date": "2021-01-22 09:40:00", "subject": "2", "recorded-or-robo": "N", "city": "tampa", "state": "FL", "area-code": "813"}, {"id": "1d36742e3f24f50e4e7ae82801f35803", "number": "5043696727", "date": "2021-01-22 09:40:00", "subject": "2", "recorded-or-robo": "N", "city": "tampa", "state": "FL", "area-code": "813"}, {"id": "3decc6bfadaa436a105714c6ba5d92d2", "number": "3152328257", "date": "2021-01-11 00:00:00", "subject": "11", "recorded-or-robo": "Y", "city": "St. Louis", "state": "MO", "area-code": "314"}, {"id": "1d36742e3f24f50e4e7ae82801f34e90", "number": "3152328257", "date": "2021-01-11 00:00:00", "subject": "11", "recorded-or-robo": "Y", "city": "St. Louis", "state": "MO", "area-code": "314"}, {"id": "3decc6bfadaa436a105714c6ba5d904c", "number": "9286669085", "date": "2021-01-23 15:30:00", "subject": "3", "recorded-or-robo": "Y", "city": "Yuma", "state": "AZ", "area-code": "928"}, {"id": "1d36742e3f24f50e4e7ae82801f346bf", "number": "9286669085", "date": "2021-01-23 15:30:00", "subject": "3", "recorded-or-robo": "Y", "city": "Yuma", "state": "AZ", "area-code": "928"}, {"id": "3decc6bfadaa436a105714c6ba7f5c44", "number": "3324568221", "date": "2021-01-23 19:09:44", "subject": "3", "recorded-or-robo": "Y", "city": "", "state": "VA", "area-code": "571"}, {"id": "3decc6bfadaa436a105714c6ba5d8ca9", "number": "8563763034", "date": "2021-01-22 19:17:00", "subject": "4", "recorded-or-robo": "N", "city": "", "state": "NJ", "area-code": "856"}, {"id": "1d36742e3f24f50e4e7ae82801f33fea", "number": "8563763034", "date": "2021-01-22 19:17:00", "subject": "4", "recorded-or-robo": "N", "city": "", "state": "NJ", "area-code": "856"}, {"id": "03e293b3df9e35eadf15c5611915c7c2", "number": "3324568221", "date": "2021-01-23 19:09:44", "subject": "3", "recorded-or-robo": "Y", "city": "", "state": "VA", "area-code": "571"}]}