{"data": [{"id": "3decc6bfadaa436a105714c6bac8fa88", "number": "8313353767", "date": "2021-01-24 14:53:00", "subject": "2", "recorded-or-robo": "N", "city": "Felton", "state": "CA", "area-code": "831"}, {"id": "03e293b3df9e35eadf15c561195f1f67", "number": "8313353767", "date": "2021-01-24 14:53:00", "subject": "2", "recorded-or-robo": "N", "city": "Felton", "state": "CA", "area-code": "831"}, {"id": "3decc6bfadaa436a105714c6bac8f302", "number": "3144975255", "date": "2021-01-24 18:01:00", "subject": "11", "recorded-or-robo": "Y", "city": "St louis", "state": "MO", "area-code": "314"}, {"id": "03e293b3df9e35eadf15c561195f1c58", "number": "3144975255", "date": "2021-01-24 18:01:00", "subject": "11", "recorded-or-robo": "Y", "city": "St louis", "state": "MO", "area-code": "314"}, {"id": "3decc6bfadaa436a105714c6bac8e3e7", "number": "9417265209", "date": "2021-01-24 00:00:00", "subject": "2", "recorded-or-robo": "Y", "city": "", "state": "FL", "area-code": "941"}, {"id": "03e293b3df9e35eadf15c561195f0cf6", "number": "9417265209", "date": "2021-01-24 00:00:00", "subject": "2", "recorded-or-robo": "Y", "city": "", "state": "FL", "area-code": "941"}, {"id": "3decc6bfadaa436a105714c6bac8da4d", "number": "9140802424", "date": "2021-01-22 15:47:00", "subject": "1", "recorded-or-robo": "Y", "city": "", "state": "NC", "area-code": "931"}, {"id": "03e293b3df9e35eadf15c561195f03f4", "number": "9140802424", "date": "2021-01-22 15:47:00", "subject": "1", "recorded-or-robo": "Y", "city": "", "state": "NC", "area-code": "931"}, {"id": "3decc6bfadaa436a105714c6bac8cdd7", "number": "", "date": "2021-01-24 15:39:00", "subject": "1", "recorded-or-robo": "N", "city": "Racine", "state": "WI", "area-code": "262"}, {"id": "03e293b3df9e35eadf15c561195ef5f3", "number": "", "date": "2021-01-24 15:39:00", "subject": "1", "recorded-or-robo": "N", "city": "Racine", "state": "WI", "area-code": "262"}, {"id": "3decc6bfadaa436a105714c6bac8c1eb", "number": "6099012382", "date": "2021-01-19 15:22:00", "subject": "2", "recorded-or-robo": "Y", "city": "", "state": "CO", "area-code": "303"}, {"id": "03e293b3df9e35eadf15c561195ee8ad", "number": "6099012382", "date": "2021-01-19 15:22:00", "subject": "2", "recorded-or-robo": "Y", "city": "", "state": "CO", "area-code": "303"}, {"id": "3decc6bfadaa436a105714c6bac8befd", "number": "9802067031", "date": "2021-01-21 10:11:00", "subject": "2", "recorded-or-robo": "Y", "city": "", "state": "CA", "area-code": "562"}, {"id": "03e293b3df9e35eadf15c561195ee2b7", "number": "9802067031", "date": "2021-01-21 10:11:00", "subject": "2", "recorded-or-robo": "Y", "city": "", "state": "CA", "area-code": "562"}, {"id": "3decc6bfadaa436a105714c6bac8b1fb", "number": "3239864934", "date": "2021-01-24 14:31:00", "subject": "2", "recorded-or-robo": "N", "city": "", "state": "CA", "area-code": "323"}, {"id": "3decc6bfadaa436a105714c6bac8aeb6", "number": "6232573662", "date": "2021-01-24 19:05:00", "subject": "2", "recorded-or-robo": "Y", "city": "", "state": "NC", "area-code": "704"}, {"id": "03e293b3df9e35eadf15c561195ed728", "number": "3239864934", "date": "2021-01-24 14:31:00", "subject": "2", "recorded-or-robo": "N", "city": "", "state": "CA", "area-code": "323"}, {"id": "03e293b3df9e35eadf15c561195ec821", "number": "6232573662", "date": "2021-01-24 19:05:00", "subject": "2", "recorded-or-robo": "Y", "city": "", "state": "NC", "area-code": "704"}, {"id": "3decc6bfadaa436a105714c6bac8a43b", "number": "1810476", "date": "2021-01-22 16:19:00", "subject": "1", "recorded-or-robo": "Y", "city": "", "state": "NC", "area-code": "931"}, {"id": "03e293b3df9e35eadf15c561195ec667", "number": "1810476", "date": "2021-01-22 16:19:00", "subject": "1", "recorded-or-robo": "Y", "city": "", "state": "NC", "area-code": "931"}, {"id": "3decc6bfadaa436a105714c6bac8a3e8", "number": "5092649426", "date": "2021-01-24 12:00:00", "subject": "1", "recorded-or-robo": "Y", "city": "", "state": "WA", "area-code": "509"}, {"id": "03e293b3df9e35eadf15c561195ebf68", "number": "5092649426", "date": "2021-01-24 12:00:00", "subject": "1", "recorded-or-robo": "Y", "city": "", "state": "WA", "area-code": "509"}, {"id": "3decc6bfadaa436a105714c6bac89e9d", "number": "7088751308", "date": "2021-01-24 17:34:00", "subject": "0", "recorded-or-robo": "N", "city": "Orland Park", "state": "IL", "area-code": "708"}, {"id": "03e293b3df9e35eadf15c561195ebbc9", "number": "7088751308", "date": "2021-01-24 17:34:00", "subject": "0", "recorded-or-robo": "N", "city": "Orland Park", "state": "IL", "area-code": "708"}, {"id": "3decc6bfadaa436a105714c6bac8945b", "number": "3167346393", "date": "2021-01-24 16:47:00", "subject": "11", "recorded-or-robo": "Y", "city": "Evans", "state": "GA", "area-code": "316"}, {"id": "03e293b3df9e35eadf15c561195eb419", "number": "3167346393", "date": "2021-01-24 16:47:00", "subject": "11", "recorded-or-robo": "Y", "city": "Evans", "state": "GA", "area-code": "316"}, {"id": "3decc6bfadaa436a105714c6bac89094", "number": "3034679523", "date": "2021-01-18 15:10:00", "subject": "1", "recorded-or-robo": "Y", "city": "", "state": "CO", "area-code": "303"}, {"id": "03e293b3df9e35eadf15c561195ea6f3", "number": "3034679523", "date": "2021-01-18 15:10:00", "subject": "1", "recorded-or-robo": "Y", "city": "", "state": "CO", "area-code": "303"}, {"id": "3decc6bfadaa436a105714c6bac88719", "number": "7088751290", "date": "2021-01-23 19:23:00", "subject": "0", "recorded-or-robo": "N", "city": "Orland Park", "state": "IL", "area-code": "708"}, {"id": "03e293b3df9e35eadf15c561195ea190", "number": "7088751290", "date": "2021-01-23 19:23:00", "subject": "0", "recorded-or-robo": "N", "city": "Orland Park", "state": "IL", "area-code": "708"}, {"id": "3decc6bfadaa436a105714c6bac87d07", "number": "7647525931", "date": "2021-01-22 16:57:00", "subject": "1", "recorded-or-robo": "Y", "city": "", "state": "NC", "area-code": "931"}, {"id": "03e293b3df9e35eadf15c561195e9c55", "number": "7647525931", "date": "2021-01-22 16:57:00", "subject": "1", "recorded-or-robo": "Y", "city": "", "state": "NC", "area-code": "931"}, {"id": "3decc6bfadaa436a105714c6bac87052", "number": "5752190380", "date": "2021-01-24 16:23:00", "subject": "0", "recorded-or-robo": "Y", "city": "Corrales", "state": "NM", "area-code": "505"}, {"id": "03e293b3df9e35eadf15c561195e909a", "number": "5752190380", "date": "2021-01-24 16:23:00", "subject": "0", "recorded-or-robo": "Y", "city": "Corrales", "state": "NM", "area-code": "505"}, {"id": "3decc6bfadaa436a105714c6bac86661", "number": "5628189755", "date": "2021-01-24 16:03:00", "subject": "3", "recorded-or-robo": "Y", "city": "", "state": "CA", "area-code": "562"}, {"id": "03e293b3df9e35eadf15c561195e8d0c", "number": "5628189755", "date": "2021-01-24 16:03:00", "subject": "3", "recorded-or-robo": "Y", "city": "", "state": "CA", "area-code": "562"}, {"id": "3decc6bfadaa436a105714c6bac85811", "number": "2142471405", "date": "2021-01-24 18:00:00", "subject": "2", "recorded-or-robo": "Y", "city": "", "state": "NE", "area-code": "402"}, {"id": "03e293b3df9e35eadf15c561195e85ec", "number": "2142471405", "date": "2021-01-24 18:00:00", "subject": "2", "recorded-or-robo": "Y", "city": "", "state": "NE", "area-code": "402"}, {"id": "3decc6bfadaa436a105714c6bac84a27", "number": "8556786708", "date": "2021-01-24 15:31:00", "subject": "1", "recorded-or-robo": "Y", "city": "Dover", "state": "FL", "area-code": "813"}, {"id": "03e293b3df9e35eadf15c561195e7dcd", "number": "8556786708", "date": "2021-01-24 15:31:00", "subject": "1", "recorded-or-robo": "Y", "city": "Dover", "state": "FL", "area-code": "813"}, {"id": "3decc6bfadaa436a105714c6bac83fbc", "number": "7089383220", "date": "2021-01-23 17:20:00", "subject": "0", "recorded-or-robo": "N", "city": "Orland Park", "state": "IL", "area-code": "708"}, {"id": "03e293b3df9e35eadf15c561195e7457", "number": "7089383220", "date": "2021-01-23 17:20:00", "subject": "0", "recorded-or-robo": "N", "city": "Orland Park", "state": "IL", "area-code": "708"}, {"id": "3decc6bfadaa436a105714c6bac832d2", "number": "NA", "date": "2021-01-24 15:06:00", "subject": "1", "recorded-or-robo": "Y", "city": "Seattle", "state": "WA", "area-code": "503"}, {"id": "03e293b3df9e35eadf15c561195e64c1", "number": "NA", "date": "2021-01-24 15:06:00", "subject": "1", "recorded-or-robo": "Y", "city": "Seattle", "state": "WA", "area-code": "503"}, {"id": "3decc6bfadaa436a105714c6bac83074", "number": "3034673119", "date": "2021-01-18 14:18:00", "subject": "2", "recorded-or-robo": "Y", "city": "", "state": "CO", "area-code": "303"}, {"id": "03e293b3df9e35eadf15c561195e58bf", "number": "3034673119", "date": "2021-01-18 14:18:00", "subject": "2", "recorded-or-robo": "Y", "city": "", "state": "CO", "area-code": "303"}, {"id": "3decc6bfadaa436a105714c6bac821ed", "number": "8801700845494", "date": "2021-01-24 10:08:00", "subject": "1", "recorded-or-robo": "Y", "city": "St. Petersburg", "state": "FL", "area-code": "727"}, {"id": "03e293b3df9e35eadf15c561195e5123", "number": "8801700845494", "date": "2021-01-24 10:08:00", "subject": "1", "recorded-or-robo": "Y", "city": "St. Petersburg", "state": "FL", "area-code": "727"}, {"id": "3decc6bfadaa436a105714c6bac81a57", "number": "3034673185", "date": "2021-01-18 12:56:00", "subject": "2", "recorded-or-robo": "Y", "city": "", "state": "CO", "area-code": "303"}, {"id": "03e293b3df9e35eadf15c561195e4a87", "number": "3034673185", "date": "2021-01-18 12:56:00", "subject": "2", "recorded-or-robo": "Y", "city": "", "state": "CO", "area-code": "303"}]}