{"data": [{"id": "3decc6bfadaa436a105714c6bad527ee", "number": "7179577281", "date": "2021-01-19 11:03:00", "subject": "3", "recorded-or-robo": "", "city": "", "state": "MD", "area-code": "301"}, {"id": "03e293b3df9e35eadf15c561196b4150", "number": "7179577281", "date": "2021-01-19 11:03:00", "subject": "3", "recorded-or-robo": "", "city": "", "state": "MD", "area-code": "301"}, {"id": "3decc6bfadaa436a105714c6bad54b7a", "number": "8602944264", "date": "2021-01-11 12:00:00", "subject": "5", "recorded-or-robo": "N", "city": "KISSIMMEE", "state": "FL", "area-code": "860"}, {"id": "03e293b3df9e35eadf15c561196b5428", "number": "8602944264", "date": "2021-01-11 12:00:00", "subject": "5", "recorded-or-robo": "N", "city": "KISSIMMEE", "state": "FL", "area-code": "860"}, {"id": "3decc6bfadaa436a105714c6bad54177", "number": "2142471405", "date": "2021-01-24 12:05:00", "subject": "2", "recorded-or-robo": "N", "city": "Salisbury", "state": "MA", "area-code": "978"}, {"id": "3decc6bfadaa436a105714c6bad5397e", "number": "7604731728", "date": "2021-01-07 11:24:00", "subject": "3", "recorded-or-robo": "N", "city": "", "state": "WA", "area-code": "509"}, {"id": "03e293b3df9e35eadf15c561196b4cfa", "number": "2142471405", "date": "2021-01-24 12:05:00", "subject": "2", "recorded-or-robo": "N", "city": "Salisbury", "state": "MA", "area-code": "978"}, {"id": "03e293b3df9e35eadf15c561196b4770", "number": "7604731728", "date": "2021-01-07 11:24:00", "subject": "3", "recorded-or-robo": "N", "city": "", "state": "WA", "area-code": "509"}, {"id": "3decc6bfadaa436a105714c6bad52d78", "number": "7273722495", "date": "2021-01-21 10:33:00", "subject": "0", "recorded-or-robo": "N", "city": "Trinity", "state": "FL", "area-code": "727"}, {"id": "03e293b3df9e35eadf15c561196b44f5", "number": "7273722495", "date": "2021-01-21 10:33:00", "subject": "0", "recorded-or-robo": "N", "city": "Trinity", "state": "FL", "area-code": "727"}, {"id": "3decc6bfadaa436a105714c6bad51d3d", "number": "7405705764", "date": "2021-01-13 10:23:00", "subject": "3", "recorded-or-robo": "N", "city": "", "state": "WA", "area-code": "509"}, {"id": "03e293b3df9e35eadf15c561196b3333", "number": "7405705764", "date": "2021-01-13 10:23:00", "subject": "3", "recorded-or-robo": "N", "city": "", "state": "WA", "area-code": "509"}, {"id": "3decc6bfadaa436a105714c6bad516b3", "number": "809208876384", "date": "2021-01-22 14:49:00", "subject": "0", "recorded-or-robo": "Y", "city": "Tucson", "state": "AZ", "area-code": "520"}, {"id": "03e293b3df9e35eadf15c561196b28d1", "number": "809208876384", "date": "2021-01-22 14:49:00", "subject": "0", "recorded-or-robo": "Y", "city": "Tucson", "state": "AZ", "area-code": "520"}, {"id": "3decc6bfadaa436a105714c6bad507d0", "number": "", "date": "2021-01-24 12:00:00", "subject": "1", "recorded-or-robo": "Y", "city": "Warsaw", "state": "MO", "area-code": "660"}, {"id": "03e293b3df9e35eadf15c561196b1f07", "number": "", "date": "2021-01-24 12:00:00", "subject": "1", "recorded-or-robo": "Y", "city": "Warsaw", "state": "MO", "area-code": "660"}, {"id": "3decc6bfadaa436a105714c6bad4fc3d", "number": "5092338152", "date": "2021-01-14 11:42:00", "subject": "3", "recorded-or-robo": "N", "city": "", "state": "WA", "area-code": "509"}, {"id": "03e293b3df9e35eadf15c561196b15f2", "number": "5092338152", "date": "2021-01-14 11:42:00", "subject": "3", "recorded-or-robo": "N", "city": "", "state": "WA", "area-code": "509"}, {"id": "3decc6bfadaa436a105714c6bad4f11a", "number": "5208354440", "date": "2021-01-23 07:28:00", "subject": "0", "recorded-or-robo": "Y", "city": "Tucson", "state": "AZ", "area-code": "520"}, {"id": "03e293b3df9e35eadf15c561196b0a86", "number": "5208354440", "date": "2021-01-23 07:28:00", "subject": "0", "recorded-or-robo": "Y", "city": "Tucson", "state": "AZ", "area-code": "520"}, {"id": "3decc6bfadaa436a105714c6bad4e4d1", "number": "7274845782", "date": "2021-01-21 09:59:00", "subject": "0", "recorded-or-robo": "N", "city": "Trinity", "state": "FL", "area-code": "727"}, {"id": "03e293b3df9e35eadf15c561196b0048", "number": "7274845782", "date": "2021-01-21 09:59:00", "subject": "0", "recorded-or-robo": "N", "city": "Trinity", "state": "FL", "area-code": "727"}, {"id": "3decc6bfadaa436a105714c6bad4e188", "number": "5312207576", "date": "2021-01-15 09:02:00", "subject": "3", "recorded-or-robo": "N", "city": "", "state": "WA", "area-code": "509"}, {"id": "03e293b3df9e35eadf15c561196affb4", "number": "5312207576", "date": "2021-01-15 09:02:00", "subject": "3", "recorded-or-robo": "N", "city": "", "state": "WA", "area-code": "509"}, {"id": "3decc6bfadaa436a105714c6bad4d48b", "number": "6152015463", "date": "2021-01-22 13:19:00", "subject": "6", "recorded-or-robo": "N", "city": "Oliver Springs", "state": "TN", "area-code": "865"}, {"id": "03e293b3df9e35eadf15c561196afdf7", "number": "6152015463", "date": "2021-01-22 13:19:00", "subject": "6", "recorded-or-robo": "N", "city": "Oliver Springs", "state": "TN", "area-code": "865"}, {"id": "3decc6bfadaa436a105714c6bad49fe0", "number": "3023817079", "date": "2021-01-24 00:00:00", "subject": "3", "recorded-or-robo": "N", "city": "", "state": "CA", "area-code": "916"}, {"id": "03e293b3df9e35eadf15c561196ab0aa", "number": "3023817079", "date": "2021-01-24 00:00:00", "subject": "3", "recorded-or-robo": "N", "city": "", "state": "CA", "area-code": "916"}, {"id": "3decc6bfadaa436a105714c6bad4b8a3", "number": "3019607038", "date": "2021-01-19 11:03:00", "subject": "3", "recorded-or-robo": "", "city": "", "state": "MD", "area-code": "301"}, {"id": "03e293b3df9e35eadf15c561196acf8d", "number": "3019607038", "date": "2021-01-19 11:03:00", "subject": "3", "recorded-or-robo": "", "city": "", "state": "MD", "area-code": "301"}, {"id": "3decc6bfadaa436a105714c6bad4cee2", "number": "1419299157", "date": "2021-01-20 11:50:00", "subject": "4", "recorded-or-robo": "Y", "city": "Oregon", "state": "OH", "area-code": "419"}, {"id": "03e293b3df9e35eadf15c561196af38e", "number": "1419299157", "date": "2021-01-20 11:50:00", "subject": "4", "recorded-or-robo": "Y", "city": "Oregon", "state": "OH", "area-code": "419"}, {"id": "3decc6bfadaa436a105714c6bad4c51d", "number": "5204670603", "date": "2021-01-23 14:55:00", "subject": "0", "recorded-or-robo": "Y", "city": "Tucson", "state": "AZ", "area-code": "520"}, {"id": "03e293b3df9e35eadf15c561196aebe7", "number": "5204670603", "date": "2021-01-23 14:55:00", "subject": "0", "recorded-or-robo": "Y", "city": "Tucson", "state": "AZ", "area-code": "520"}, {"id": "3decc6bfadaa436a105714c6bad4c387", "number": "5092333975", "date": "2021-01-20 13:56:00", "subject": "3", "recorded-or-robo": "N", "city": "", "state": "WA", "area-code": "509"}, {"id": "03e293b3df9e35eadf15c561196adc8b", "number": "5092333975", "date": "2021-01-20 13:56:00", "subject": "3", "recorded-or-robo": "N", "city": "", "state": "WA", "area-code": "509"}, {"id": "3decc6bfadaa436a105714c6bad4c335", "number": "8652475748", "date": "2021-01-21 16:44:00", "subject": "4", "recorded-or-robo": "Y", "city": "Oliver Springs", "state": "TN", "area-code": "865"}, {"id": "03e293b3df9e35eadf15c561196ada4f", "number": "8652475748", "date": "2021-01-21 16:44:00", "subject": "4", "recorded-or-robo": "Y", "city": "Oliver Springs", "state": "TN", "area-code": "865"}, {"id": "3decc6bfadaa436a105714c6bad4b14b", "number": "9042997124", "date": "2021-01-19 14:42:00", "subject": "0", "recorded-or-robo": "N", "city": "Trinity", "state": "FL", "area-code": "727"}, {"id": "3decc6bfadaa436a105714c6bad4a459", "number": "5092339033", "date": "2021-01-24 15:57:00", "subject": "2", "recorded-or-robo": "Y", "city": "", "state": "WA", "area-code": "509"}, {"id": "03e293b3df9e35eadf15c561196ac8f3", "number": "9042997124", "date": "2021-01-19 14:42:00", "subject": "0", "recorded-or-robo": "N", "city": "Trinity", "state": "FL", "area-code": "727"}, {"id": "03e293b3df9e35eadf15c561196abd76", "number": "5092339033", "date": "2021-01-24 15:57:00", "subject": "2", "recorded-or-robo": "Y", "city": "", "state": "WA", "area-code": "509"}, {"id": "3decc6bfadaa436a105714c6bad4972b", "number": "5092335971", "date": "2021-01-24 16:03:00", "subject": "2", "recorded-or-robo": "Y", "city": "", "state": "WA", "area-code": "509"}, {"id": "03e293b3df9e35eadf15c561196aa260", "number": "5092335971", "date": "2021-01-24 16:03:00", "subject": "2", "recorded-or-robo": "Y", "city": "", "state": "WA", "area-code": "509"}, {"id": "3decc6bfadaa436a105714c6bad48f9a", "number": "", "date": "2021-01-24 12:00:00", "subject": "2", "recorded-or-robo": "Y", "city": "Memphis", "state": "MO", "area-code": "660"}, {"id": "03e293b3df9e35eadf15c561196a92f2", "number": "", "date": "2021-01-24 12:00:00", "subject": "2", "recorded-or-robo": "Y", "city": "Memphis", "state": "MO", "area-code": "660"}, {"id": "3decc6bfadaa436a105714c6bad48936", "number": "5092332807", "date": "2021-01-24 16:10:00", "subject": "2", "recorded-or-robo": "Y", "city": "", "state": "WA", "area-code": "509"}, {"id": "03e293b3df9e35eadf15c561196a8911", "number": "5092332807", "date": "2021-01-24 16:10:00", "subject": "2", "recorded-or-robo": "Y", "city": "", "state": "WA", "area-code": "509"}, {"id": "3decc6bfadaa436a105714c6bad47fa2", "number": "7179541579", "date": "2021-01-19 16:00:00", "subject": "3", "recorded-or-robo": "", "city": "", "state": "MD", "area-code": "301"}, {"id": "03e293b3df9e35eadf15c561196a7ff3", "number": "7179541579", "date": "2021-01-19 16:00:00", "subject": "3", "recorded-or-robo": "", "city": "", "state": "MD", "area-code": "301"}]}