{"data": [{"id": "deca54a6651fb9add5b4a9816cffb538", "number": "5086767779", "date": "2021-01-22 12:42:00", "subject": "2", "recorded-or-robo": "Y", "city": "Rehoboth", "state": "MA", "area-code": "774"}, {"id": "e81c9350d54f66c6d33b3747ee6a902d", "number": "5167662519", "date": "2021-01-21 14:20:00", "subject": "3", "recorded-or-robo": "Y", "city": "", "state": "NY", "area-code": "516"}, {"id": "deca54a6651fb9add5b4a9816cffaac2", "number": "5167662519", "date": "2021-01-21 14:20:00", "subject": "3", "recorded-or-robo": "Y", "city": "", "state": "NY", "area-code": "516"}, {"id": "e81c9350d54f66c6d33b3747ee6a900f", "number": "2142503818", "date": "2021-01-22 00:00:00", "subject": "0", "recorded-or-robo": "Y", "city": "Mckinney", "state": "TX", "area-code": "972"}, {"id": "deca54a6651fb9add5b4a9816cff9b56", "number": "2142503818", "date": "2021-01-22 00:00:00", "subject": "0", "recorded-or-robo": "Y", "city": "Mckinney", "state": "TX", "area-code": "972"}, {"id": "e81c9350d54f66c6d33b3747eea37428", "number": "7038445422", "date": "2021-01-22 19:19:52", "subject": "3", "recorded-or-robo": "N", "city": "", "state": "VA", "area-code": "703"}, {"id": "1d36742e3f24f50e4e7ae828013862ee", "number": "7038445422", "date": "2021-01-22 19:19:52", "subject": "3", "recorded-or-robo": "N", "city": "", "state": "VA", "area-code": "703"}, {"id": "e81c9350d54f66c6d33b3747ee6a86c9", "number": "9043159384", "date": "2021-01-22 12:00:00", "subject": "2", "recorded-or-robo": "Y", "city": "St augustine", "state": "FL", "area-code": "904"}, {"id": "deca54a6651fb9add5b4a9816cff9542", "number": "9043159384", "date": "2021-01-22 12:00:00", "subject": "2", "recorded-or-robo": "Y", "city": "St augustine", "state": "FL", "area-code": "904"}, {"id": "e81c9350d54f66c6d33b3747ee6a81d2", "number": "4806740554", "date": "2021-01-22 15:17:00", "subject": "7", "recorded-or-robo": "N", "city": "Tempe", "state": "AZ", "area-code": "602"}, {"id": "deca54a6651fb9add5b4a9816cff927c", "number": "4806740554", "date": "2021-01-22 15:17:00", "subject": "7", "recorded-or-robo": "N", "city": "Tempe", "state": "AZ", "area-code": "602"}, {"id": "e81c9350d54f66c6d33b3747ee6a742a", "number": "9725718738", "date": "2021-01-22 18:18:00", "subject": "2", "recorded-or-robo": "Y", "city": "Plano", "state": "TX", "area-code": "972"}, {"id": "deca54a6651fb9add5b4a9816cff84c1", "number": "9725718738", "date": "2021-01-22 18:18:00", "subject": "2", "recorded-or-robo": "Y", "city": "Plano", "state": "TX", "area-code": "972"}, {"id": "e81c9350d54f66c6d33b3747ee6a734e", "number": "8606455067", "date": "2021-01-22 18:58:00", "subject": "7", "recorded-or-robo": "N", "city": "Norwich", "state": "CT", "area-code": "860"}, {"id": "deca54a6651fb9add5b4a9816cff80f6", "number": "8606455067", "date": "2021-01-22 18:58:00", "subject": "7", "recorded-or-robo": "N", "city": "Norwich", "state": "CT", "area-code": "860"}, {"id": "e81c9350d54f66c6d33b3747ee6a6653", "number": "5167662519", "date": "2021-01-21 14:19:00", "subject": "3", "recorded-or-robo": "Y", "city": "", "state": "NY", "area-code": "516"}, {"id": "e81c9350d54f66c6d33b3747ee6a5fb2", "number": "8603187717", "date": "2021-01-21 17:53:00", "subject": "3", "recorded-or-robo": "Y", "city": "west cornwall", "state": "CT", "area-code": "860"}, {"id": "deca54a6651fb9add5b4a9816cff7302", "number": "5167662519", "date": "2021-01-21 14:19:00", "subject": "3", "recorded-or-robo": "Y", "city": "", "state": "NY", "area-code": "516"}, {"id": "deca54a6651fb9add5b4a9816cff6f96", "number": "8603187717", "date": "2021-01-21 17:53:00", "subject": "3", "recorded-or-robo": "Y", "city": "west cornwall", "state": "CT", "area-code": "860"}, {"id": "e81c9350d54f66c6d33b3747ee6a5090", "number": "4073675961", "date": "2021-01-22 19:18:00", "subject": "7", "recorded-or-robo": "Y", "city": "", "state": "FL", "area-code": "407"}, {"id": "e81c9350d54f66c6d33b3747ee6a4250", "number": "7855481784", "date": "2021-01-22 18:00:00", "subject": "2", "recorded-or-robo": "N", "city": "Princeton", "state": "KS", "area-code": "785"}, {"id": "deca54a6651fb9add5b4a9816cff6f0e", "number": "4073675961", "date": "2021-01-22 19:18:00", "subject": "7", "recorded-or-robo": "Y", "city": "", "state": "FL", "area-code": "407"}, {"id": "deca54a6651fb9add5b4a9816cff6e72", "number": "7855481784", "date": "2021-01-22 18:00:00", "subject": "2", "recorded-or-robo": "N", "city": "Princeton", "state": "KS", "area-code": "785"}, {"id": "e81c9350d54f66c6d33b3747eea35d0d", "number": "2812014567", "date": "2021-01-22 19:19:18", "subject": "3", "recorded-or-robo": "Y", "city": "", "state": "TX", "area-code": "832"}, {"id": "e81c9350d54f66c6d33b3747ee6a4103", "number": "9715442398", "date": "2021-01-22 16:08:00", "subject": "9", "recorded-or-robo": "Y", "city": "", "state": "OR", "area-code": "971"}, {"id": "deca54a6651fb9add5b4a9816cff6bf1", "number": "9715442398", "date": "2021-01-22 16:08:00", "subject": "9", "recorded-or-robo": "Y", "city": "", "state": "OR", "area-code": "971"}, {"id": "1d36742e3f24f50e4e7ae82801384c5d", "number": "2812014567", "date": "2021-01-22 19:19:18", "subject": "3", "recorded-or-robo": "Y", "city": "", "state": "TX", "area-code": "832"}, {"id": "e81c9350d54f66c6d33b3747ee6a3ff3", "number": "5053054662", "date": "2021-01-21 08:32:00", "subject": "4", "recorded-or-robo": "Y", "city": "Santa Fe", "state": "NM", "area-code": "505"}, {"id": "deca54a6651fb9add5b4a9816cff5d56", "number": "5053054662", "date": "2021-01-21 08:32:00", "subject": "4", "recorded-or-robo": "Y", "city": "Santa Fe", "state": "NM", "area-code": "505"}, {"id": "e81c9350d54f66c6d33b3747ee6a3024", "number": "8003252865", "date": "2021-01-22 15:49:00", "subject": "5", "recorded-or-robo": "Y", "city": "Clearwater", "state": "FL", "area-code": "727"}, {"id": "deca54a6651fb9add5b4a9816cff56e8", "number": "8003252865", "date": "2021-01-22 15:49:00", "subject": "5", "recorded-or-robo": "Y", "city": "Clearwater", "state": "FL", "area-code": "727"}, {"id": "e81c9350d54f66c6d33b3747ee6a21d1", "number": "3156252009", "date": "2021-01-22 13:30:00", "subject": "0", "recorded-or-robo": "", "city": "Camillus", "state": "NY", "area-code": "315"}, {"id": "deca54a6651fb9add5b4a9816cff5666", "number": "3156252009", "date": "2021-01-22 13:30:00", "subject": "0", "recorded-or-robo": "", "city": "Camillus", "state": "NY", "area-code": "315"}, {"id": "e81c9350d54f66c6d33b3747eea3397e", "number": "7244260162", "date": "2021-01-22 19:19:06", "subject": "3", "recorded-or-robo": "Y", "city": "", "state": "PA", "area-code": "724"}, {"id": "1d36742e3f24f50e4e7ae82801381e1e", "number": "7244260162", "date": "2021-01-22 19:19:06", "subject": "3", "recorded-or-robo": "Y", "city": "", "state": "PA", "area-code": "724"}, {"id": "e81c9350d54f66c6d33b3747eea39282", "number": "2122598881", "date": "2021-01-22 19:19:03", "subject": "3", "recorded-or-robo": "Y", "city": "", "state": "NY", "area-code": "347"}, {"id": "1d36742e3f24f50e4e7ae82801388f65", "number": "2122598881", "date": "2021-01-22 19:19:03", "subject": "3", "recorded-or-robo": "Y", "city": "", "state": "NY", "area-code": "347"}, {"id": "e81c9350d54f66c6d33b3747eea355d4", "number": "+15128862310", "date": "2021-01-22 19:18:58", "subject": "3", "recorded-or-robo": "Y", "city": "", "state": "TX", "area-code": "469"}, {"id": "e81c9350d54f66c6d33b3747ee6a1ee5", "number": "9038917952", "date": "2021-01-22 18:17:00", "subject": "2", "recorded-or-robo": "Y", "city": "Plano", "state": "TX", "area-code": "972"}, {"id": "deca54a6651fb9add5b4a9816cff4692", "number": "9038917952", "date": "2021-01-22 18:17:00", "subject": "2", "recorded-or-robo": "Y", "city": "Plano", "state": "TX", "area-code": "972"}, {"id": "1d36742e3f24f50e4e7ae82801384263", "number": "+15128862310", "date": "2021-01-22 19:18:58", "subject": "3", "recorded-or-robo": "Y", "city": "", "state": "TX", "area-code": "469"}, {"id": "e81c9350d54f66c6d33b3747eea37337", "number": "+17862047649", "date": "2021-01-22 19:18:53", "subject": "3", "recorded-or-robo": "Y", "city": "", "state": "FL", "area-code": "786"}, {"id": "1d36742e3f24f50e4e7ae8280138600b", "number": "+17862047649", "date": "2021-01-22 19:18:53", "subject": "3", "recorded-or-robo": "Y", "city": "", "state": "FL", "area-code": "786"}, {"id": "e81c9350d54f66c6d33b3747eea3d017", "number": "9149085222", "date": "2021-01-22 19:18:52", "subject": "3", "recorded-or-robo": "N", "city": "", "state": "NY", "area-code": "914"}, {"id": "1d36742e3f24f50e4e7ae8280138e18e", "number": "9149085222", "date": "2021-01-22 19:18:52", "subject": "3", "recorded-or-robo": "N", "city": "", "state": "NY", "area-code": "914"}, {"id": "e81c9350d54f66c6d33b3747eea3a2a6", "number": "+16097388243", "date": "2021-01-22 19:18:51", "subject": "3", "recorded-or-robo": "Y", "city": "", "state": "NJ", "area-code": "609"}, {"id": "e81c9350d54f66c6d33b3747ee6a1165", "number": "1222021", "date": "2021-01-22 15:19:00", "subject": "1", "recorded-or-robo": "N", "city": "Orange", "state": "CA", "area-code": "714"}, {"id": "deca54a6651fb9add5b4a9816cff442c", "number": "1222021", "date": "2021-01-22 15:19:00", "subject": "1", "recorded-or-robo": "N", "city": "Orange", "state": "CA", "area-code": "714"}, {"id": "1d36742e3f24f50e4e7ae82801389f72", "number": "+16097388243", "date": "2021-01-22 19:18:51", "subject": "3", "recorded-or-robo": "Y", "city": "", "state": "NJ", "area-code": "609"}, {"id": "e81c9350d54f66c6d33b3747ee6a03e9", "number": "2134687628", "date": "2021-01-22 15:31:00", "subject": "1", "recorded-or-robo": "N", "city": "Fullerton", "state": "CA", "area-code": "714"}]}