{"data": [{"id": "3decc6bfadaa436a105714c6badca248", "number": "3103755683", "date": "2021-01-03 10:48:00", "subject": "2", "recorded-or-robo": "Y", "city": "", "state": "CA", "area-code": "213"}, {"id": "03e293b3df9e35eadf15c56119726903", "number": "3103755683", "date": "2021-01-03 10:48:00", "subject": "2", "recorded-or-robo": "Y", "city": "", "state": "CA", "area-code": "213"}, {"id": "3decc6bfadaa436a105714c6badc963a", "number": "3103755683", "date": "2021-01-05 16:15:00", "subject": "2", "recorded-or-robo": "Y", "city": "", "state": "CA", "area-code": "213"}, {"id": "03e293b3df9e35eadf15c56119725acb", "number": "3103755683", "date": "2021-01-05 16:15:00", "subject": "2", "recorded-or-robo": "Y", "city": "", "state": "CA", "area-code": "213"}, {"id": "3decc6bfadaa436a105714c6badc8ecb", "number": "7862570686", "date": "2021-01-02 14:54:00", "subject": "2", "recorded-or-robo": "Y", "city": "", "state": "CA", "area-code": "213"}, {"id": "03e293b3df9e35eadf15c561197251ed", "number": "7862570686", "date": "2021-01-02 14:54:00", "subject": "2", "recorded-or-robo": "Y", "city": "", "state": "CA", "area-code": "213"}, {"id": "3decc6bfadaa436a105714c6badc886d", "number": "", "date": "2021-01-22 07:54:00", "subject": "4", "recorded-or-robo": "Y", "city": "Solana Beach", "state": "CA", "area-code": "760"}, {"id": "03e293b3df9e35eadf15c56119724640", "number": "", "date": "2021-01-22 07:54:00", "subject": "4", "recorded-or-robo": "Y", "city": "Solana Beach", "state": "CA", "area-code": "760"}, {"id": "3decc6bfadaa436a105714c6badc7b34", "number": "8027317297", "date": "2021-01-02 14:42:00", "subject": "2", "recorded-or-robo": "Y", "city": "", "state": "CA", "area-code": "213"}, {"id": "03e293b3df9e35eadf15c561197237bd", "number": "8027317297", "date": "2021-01-02 14:42:00", "subject": "2", "recorded-or-robo": "Y", "city": "", "state": "CA", "area-code": "213"}, {"id": "3decc6bfadaa436a105714c6badc6dc6", "number": "4101000003", "date": "2020-12-28 14:55:00", "subject": "0", "recorded-or-robo": "N", "city": "Calverton", "state": "MD", "area-code": "301"}, {"id": "03e293b3df9e35eadf15c56119722d38", "number": "4101000003", "date": "2020-12-28 14:55:00", "subject": "0", "recorded-or-robo": "N", "city": "Calverton", "state": "MD", "area-code": "301"}, {"id": "3decc6bfadaa436a105714c6badc60fc", "number": "3104790062", "date": "2021-01-02 13:53:00", "subject": "2", "recorded-or-robo": "Y", "city": "", "state": "CA", "area-code": "213"}, {"id": "03e293b3df9e35eadf15c561197224f5", "number": "3104790062", "date": "2021-01-02 13:53:00", "subject": "2", "recorded-or-robo": "Y", "city": "", "state": "CA", "area-code": "213"}, {"id": "3decc6bfadaa436a105714c6badc53a9", "number": "3024464416", "date": "2020-12-30 15:40:00", "subject": "2", "recorded-or-robo": "Y", "city": "", "state": "CA", "area-code": "213"}, {"id": "03e293b3df9e35eadf15c5611972178f", "number": "3024464416", "date": "2020-12-30 15:40:00", "subject": "2", "recorded-or-robo": "Y", "city": "", "state": "CA", "area-code": "213"}, {"id": "3decc6bfadaa436a105714c6badc4ab1", "number": "6156820109", "date": "2021-01-23 00:00:00", "subject": "2", "recorded-or-robo": "Y", "city": "Knoxville", "state": "TN", "area-code": "865"}, {"id": "03e293b3df9e35eadf15c56119720f92", "number": "6156820109", "date": "2021-01-23 00:00:00", "subject": "2", "recorded-or-robo": "Y", "city": "Knoxville", "state": "TN", "area-code": "865"}, {"id": "3decc6bfadaa436a105714c6badc426e", "number": "4697975287", "date": "2020-12-28 11:44:00", "subject": "0", "recorded-or-robo": "N", "city": "Calverton", "state": "MD", "area-code": "301"}, {"id": "03e293b3df9e35eadf15c56119720a45", "number": "4697975287", "date": "2020-12-28 11:44:00", "subject": "0", "recorded-or-robo": "N", "city": "Calverton", "state": "MD", "area-code": "301"}, {"id": "3decc6bfadaa436a105714c6badc33c7", "number": "3105458201", "date": "2020-12-30 15:08:00", "subject": "2", "recorded-or-robo": "Y", "city": "", "state": "CA", "area-code": "213"}, {"id": "03e293b3df9e35eadf15c5611971fef9", "number": "3105458201", "date": "2020-12-30 15:08:00", "subject": "2", "recorded-or-robo": "Y", "city": "", "state": "CA", "area-code": "213"}, {"id": "3decc6bfadaa436a105714c6badc29cd", "number": "3103900969", "date": "2020-12-30 10:14:00", "subject": "2", "recorded-or-robo": "Y", "city": "", "state": "CA", "area-code": "213"}, {"id": "03e293b3df9e35eadf15c5611971f24c", "number": "3103900969", "date": "2020-12-30 10:14:00", "subject": "2", "recorded-or-robo": "Y", "city": "", "state": "CA", "area-code": "213"}, {"id": "3decc6bfadaa436a105714c6badc2542", "number": "3108416335", "date": "2020-12-30 09:10:00", "subject": "2", "recorded-or-robo": "Y", "city": "", "state": "CA", "area-code": "213"}, {"id": "03e293b3df9e35eadf15c5611971effe", "number": "3108416335", "date": "2020-12-30 09:10:00", "subject": "2", "recorded-or-robo": "Y", "city": "", "state": "CA", "area-code": "213"}, {"id": "3decc6bfadaa436a105714c6badc1714", "number": "3103745346", "date": "2020-12-29 10:09:00", "subject": "2", "recorded-or-robo": "Y", "city": "", "state": "CA", "area-code": "213"}, {"id": "03e293b3df9e35eadf15c5611971e51e", "number": "3103745346", "date": "2020-12-29 10:09:00", "subject": "2", "recorded-or-robo": "Y", "city": "", "state": "CA", "area-code": "213"}, {"id": "3decc6bfadaa436a105714c6badc08fe", "number": "3105908403", "date": "2020-12-28 14:03:00", "subject": "2", "recorded-or-robo": "Y", "city": "", "state": "CA", "area-code": "213"}, {"id": "03e293b3df9e35eadf15c5611971d672", "number": "3105908403", "date": "2020-12-28 14:03:00", "subject": "2", "recorded-or-robo": "Y", "city": "", "state": "CA", "area-code": "213"}, {"id": "3decc6bfadaa436a105714c6badbf926", "number": "8003052252", "date": "2020-12-28 13:38:00", "subject": "2", "recorded-or-robo": "Y", "city": "", "state": "CA", "area-code": "213"}, {"id": "03e293b3df9e35eadf15c5611971cfc9", "number": "8003052252", "date": "2020-12-28 13:38:00", "subject": "2", "recorded-or-robo": "Y", "city": "", "state": "CA", "area-code": "213"}, {"id": "3decc6bfadaa436a105714c6badbf307", "number": "3145916753", "date": "2021-01-24 11:14:00", "subject": "1", "recorded-or-robo": "Y", "city": "Rocheport", "state": "MO", "area-code": "314"}, {"id": "03e293b3df9e35eadf15c5611971c842", "number": "3145916753", "date": "2021-01-24 11:14:00", "subject": "1", "recorded-or-robo": "Y", "city": "Rocheport", "state": "MO", "area-code": "314"}, {"id": "3decc6bfadaa436a105714c6badbe4d8", "number": "3106368331", "date": "2020-12-28 11:52:00", "subject": "2", "recorded-or-robo": "Y", "city": "", "state": "CA", "area-code": "213"}, {"id": "03e293b3df9e35eadf15c5611971c7c1", "number": "3106368331", "date": "2020-12-28 11:52:00", "subject": "2", "recorded-or-robo": "Y", "city": "", "state": "CA", "area-code": "213"}, {"id": "3decc6bfadaa436a105714c6badbd543", "number": "", "date": "2021-01-24 15:10:00", "subject": "1", "recorded-or-robo": "Y", "city": "Gainesville", "state": "MO", "area-code": "417"}, {"id": "03e293b3df9e35eadf15c5611971c0e4", "number": "", "date": "2021-01-24 15:10:00", "subject": "1", "recorded-or-robo": "Y", "city": "Gainesville", "state": "MO", "area-code": "417"}, {"id": "3decc6bfadaa436a105714c6badbd396", "number": "7027071882", "date": "2020-12-28 09:01:00", "subject": "2", "recorded-or-robo": "Y", "city": "", "state": "CA", "area-code": "213"}, {"id": "03e293b3df9e35eadf15c5611971b20e", "number": "7027071882", "date": "2020-12-28 09:01:00", "subject": "2", "recorded-or-robo": "Y", "city": "", "state": "CA", "area-code": "213"}, {"id": "3decc6bfadaa436a105714c6badbd096", "number": "3367384083", "date": "2021-01-24 12:00:00", "subject": "1", "recorded-or-robo": "Y", "city": "Moorpark", "state": "CA", "area-code": "805"}, {"id": "03e293b3df9e35eadf15c5611971a360", "number": "3367384083", "date": "2021-01-24 12:00:00", "subject": "1", "recorded-or-robo": "Y", "city": "Moorpark", "state": "CA", "area-code": "805"}, {"id": "3decc6bfadaa436a105714c6badbd04f", "number": "7038289501", "date": "2021-01-23 15:37:00", "subject": "2", "recorded-or-robo": "N", "city": "", "state": "VA", "area-code": "703"}, {"id": "03e293b3df9e35eadf15c5611971a26c", "number": "7038289501", "date": "2021-01-23 15:37:00", "subject": "2", "recorded-or-robo": "N", "city": "", "state": "VA", "area-code": "703"}, {"id": "3decc6bfadaa436a105714c6badbc29e", "number": "3105134012", "date": "2020-12-28 08:14:00", "subject": "2", "recorded-or-robo": "Y", "city": "", "state": "CA", "area-code": "213"}, {"id": "03e293b3df9e35eadf15c56119719620", "number": "3105134012", "date": "2020-12-28 08:14:00", "subject": "2", "recorded-or-robo": "Y", "city": "", "state": "CA", "area-code": "213"}, {"id": "3decc6bfadaa436a105714c6badbb458", "number": "3105134012", "date": "2021-01-05 09:07:00", "subject": "2", "recorded-or-robo": "Y", "city": "", "state": "CA", "area-code": "213"}, {"id": "03e293b3df9e35eadf15c56119719330", "number": "3105134012", "date": "2021-01-05 09:07:00", "subject": "2", "recorded-or-robo": "Y", "city": "", "state": "CA", "area-code": "213"}, {"id": "3decc6bfadaa436a105714c6badbada2", "number": "7038289501", "date": "2021-01-23 10:39:00", "subject": "2", "recorded-or-robo": "N", "city": "", "state": "VA", "area-code": "703"}, {"id": "03e293b3df9e35eadf15c5611971871a", "number": "7038289501", "date": "2021-01-23 10:39:00", "subject": "2", "recorded-or-robo": "N", "city": "", "state": "VA", "area-code": "703"}]}