{"data": [{"id": "1d36742e3f24f50e4e7ae82801559921", "number": "9374203698", "date": "2021-01-22 23:07:23", "subject": "3", "recorded-or-robo": "Y", "city": "", "state": "OH", "area-code": "937"}, {"id": "e81c9350d54f66c6d33b3747ee96868d", "number": "3044511407", "date": "2021-01-20 11:17:00", "subject": "0", "recorded-or-robo": "Y", "city": "", "state": "AZ", "area-code": "602"}, {"id": "1d36742e3f24f50e4e7ae828012bd277", "number": "3044511407", "date": "2021-01-20 11:17:00", "subject": "0", "recorded-or-robo": "Y", "city": "", "state": "AZ", "area-code": "602"}, {"id": "e81c9350d54f66c6d33b3747ee96861f", "number": "4422682206", "date": "2021-01-22 20:01:00", "subject": "1", "recorded-or-robo": "Y", "city": "Cobb", "state": "CA", "area-code": "707"}, {"id": "1d36742e3f24f50e4e7ae828012bcfae", "number": "4422682206", "date": "2021-01-22 20:01:00", "subject": "1", "recorded-or-robo": "Y", "city": "Cobb", "state": "CA", "area-code": "707"}, {"id": "e81c9350d54f66c6d33b3747ee9680a6", "number": "6672000579", "date": "2020-01-31 09:57:00", "subject": "1", "recorded-or-robo": "Y", "city": "Rockville", "state": "MD", "area-code": "310"}, {"id": "1d36742e3f24f50e4e7ae828012bc55b", "number": "6672000579", "date": "2020-01-31 09:57:00", "subject": "1", "recorded-or-robo": "Y", "city": "Rockville", "state": "MD", "area-code": "310"}, {"id": "e81c9350d54f66c6d33b3747ee967483", "number": "8044452019", "date": "2021-01-21 15:03:00", "subject": "3", "recorded-or-robo": "Y", "city": "Prattville", "state": "AL", "area-code": "804"}, {"id": "1d36742e3f24f50e4e7ae828012bbcff", "number": "8044452019", "date": "2021-01-21 15:03:00", "subject": "3", "recorded-or-robo": "Y", "city": "Prattville", "state": "AL", "area-code": "804"}, {"id": "e81c9350d54f66c6d33b3747eec07960", "number": "+14694090339", "date": "2021-01-22 23:06:17", "subject": "3", "recorded-or-robo": "Y", "city": "", "state": "TX", "area-code": "469"}, {"id": "1d36742e3f24f50e4e7ae82801558a2d", "number": "+14694090339", "date": "2021-01-22 23:06:17", "subject": "3", "recorded-or-robo": "Y", "city": "", "state": "TX", "area-code": "469"}, {"id": "e81c9350d54f66c6d33b3747ee9669f3", "number": "5202413179", "date": "2021-01-21 13:03:00", "subject": "2", "recorded-or-robo": "Y", "city": "Tucson", "state": "AZ", "area-code": "520"}, {"id": "1d36742e3f24f50e4e7ae828012bb573", "number": "5202413179", "date": "2021-01-21 13:03:00", "subject": "2", "recorded-or-robo": "Y", "city": "Tucson", "state": "AZ", "area-code": "520"}, {"id": "e81c9350d54f66c6d33b3747eec052bb", "number": "+19147703145", "date": "2021-01-22 23:06:00", "subject": "3", "recorded-or-robo": "Y", "city": "", "state": "NY", "area-code": "518"}, {"id": "1d36742e3f24f50e4e7ae82801556db3", "number": "+19147703145", "date": "2021-01-22 23:06:00", "subject": "3", "recorded-or-robo": "Y", "city": "", "state": "NY", "area-code": "518"}, {"id": "e81c9350d54f66c6d33b3747eebff24b", "number": "+14693117355", "date": "2021-01-22 23:05:54", "subject": "3", "recorded-or-robo": "Y", "city": "", "state": "TX", "area-code": "469"}, {"id": "1d36742e3f24f50e4e7ae8280154fb8a", "number": "+14693117355", "date": "2021-01-22 23:05:54", "subject": "3", "recorded-or-robo": "Y", "city": "", "state": "TX", "area-code": "469"}, {"id": "e81c9350d54f66c6d33b3747eebfc728", "number": "+19198239624", "date": "2021-01-22 23:05:29", "subject": "3", "recorded-or-robo": "N", "city": "", "state": "NC", "area-code": "919"}, {"id": "1d36742e3f24f50e4e7ae8280154d647", "number": "+19198239624", "date": "2021-01-22 23:05:29", "subject": "3", "recorded-or-robo": "N", "city": "", "state": "NC", "area-code": "919"}, {"id": "e81c9350d54f66c6d33b3747eebfc918", "number": "+14694090339", "date": "2021-01-22 23:05:25", "subject": "3", "recorded-or-robo": "Y", "city": "", "state": "TX", "area-code": "469"}, {"id": "1d36742e3f24f50e4e7ae8280154d942", "number": "+14694090339", "date": "2021-01-22 23:05:25", "subject": "3", "recorded-or-robo": "Y", "city": "", "state": "TX", "area-code": "469"}, {"id": "e81c9350d54f66c6d33b3747ee966903", "number": "4195585200", "date": "2020-02-04 09:40:00", "subject": "2", "recorded-or-robo": "Y", "city": "Rockville", "state": "MI", "area-code": "310"}, {"id": "1d36742e3f24f50e4e7ae828012bb4d7", "number": "4195585200", "date": "2020-02-04 09:40:00", "subject": "2", "recorded-or-robo": "Y", "city": "Rockville", "state": "MI", "area-code": "310"}, {"id": "e81c9350d54f66c6d33b3747eec0159c", "number": "+18337080542", "date": "2021-01-22 23:04:44", "subject": "3", "recorded-or-robo": "N", "city": "", "state": "IL", "area-code": "331"}, {"id": "1d36742e3f24f50e4e7ae82801552755", "number": "+18337080542", "date": "2021-01-22 23:04:44", "subject": "3", "recorded-or-robo": "N", "city": "", "state": "IL", "area-code": "331"}, {"id": "e81c9350d54f66c6d33b3747ee965e90", "number": "7602237223", "date": "2021-01-21 14:45:00", "subject": "5", "recorded-or-robo": "N", "city": "SYLMAR", "state": "CA", "area-code": "818"}, {"id": "1d36742e3f24f50e4e7ae828012baddb", "number": "7602237223", "date": "2021-01-21 14:45:00", "subject": "5", "recorded-or-robo": "N", "city": "SYLMAR", "state": "CA", "area-code": "818"}, {"id": "e81c9350d54f66c6d33b3747ee964eb4", "number": "6505401346", "date": "2021-01-21 09:56:00", "subject": "1", "recorded-or-robo": "Y", "city": "San Carlos", "state": "CA", "area-code": "650"}, {"id": "1d36742e3f24f50e4e7ae828012ba895", "number": "6505401346", "date": "2021-01-21 09:56:00", "subject": "1", "recorded-or-robo": "Y", "city": "San Carlos", "state": "CA", "area-code": "650"}, {"id": "e81c9350d54f66c6d33b3747ee963f8d", "number": "4243217408", "date": "2020-02-20 12:43:00", "subject": "15", "recorded-or-robo": "Y", "city": "Rockville", "state": "MD", "area-code": "310"}, {"id": "1d36742e3f24f50e4e7ae828012ba841", "number": "4243217408", "date": "2020-02-20 12:43:00", "subject": "15", "recorded-or-robo": "Y", "city": "Rockville", "state": "MD", "area-code": "310"}, {"id": "e81c9350d54f66c6d33b3747eebf8fb8", "number": "4077836439", "date": "2021-01-22 23:03:43", "subject": "3", "recorded-or-robo": "Y", "city": "", "state": "FL", "area-code": "407"}, {"id": "1d36742e3f24f50e4e7ae82801547ad2", "number": "4077836439", "date": "2021-01-22 23:03:43", "subject": "3", "recorded-or-robo": "Y", "city": "", "state": "FL", "area-code": "407"}, {"id": "e81c9350d54f66c6d33b3747eebfdf7e", "number": "7138606328", "date": "2021-01-22 23:03:41", "subject": "3", "recorded-or-robo": "Y", "city": "", "state": "TX", "area-code": "469"}, {"id": "e81c9350d54f66c6d33b3747eebfc1a1", "number": "+17036631458", "date": "2021-01-22 23:03:41", "subject": "3", "recorded-or-robo": "N", "city": "", "state": "VA", "area-code": "703"}, {"id": "1d36742e3f24f50e4e7ae8280154db88", "number": "7138606328", "date": "2021-01-22 23:03:41", "subject": "3", "recorded-or-robo": "Y", "city": "", "state": "TX", "area-code": "469"}, {"id": "1d36742e3f24f50e4e7ae8280154caa9", "number": "+17036631458", "date": "2021-01-22 23:03:41", "subject": "3", "recorded-or-robo": "N", "city": "", "state": "VA", "area-code": "703"}, {"id": "e81c9350d54f66c6d33b3747ee96358d", "number": "5203538082", "date": "2021-01-21 12:38:00", "subject": "2", "recorded-or-robo": "Y", "city": "Tucson", "state": "AZ", "area-code": "520"}, {"id": "1d36742e3f24f50e4e7ae828012b9f3f", "number": "5203538082", "date": "2021-01-21 12:38:00", "subject": "2", "recorded-or-robo": "Y", "city": "Tucson", "state": "AZ", "area-code": "520"}, {"id": "e81c9350d54f66c6d33b3747eec0160b", "number": "+19722553652", "date": "2021-01-22 23:03:16", "subject": "3", "recorded-or-robo": "Y", "city": "", "state": "TX", "area-code": "214"}, {"id": "1d36742e3f24f50e4e7ae82801552ab1", "number": "+19722553652", "date": "2021-01-22 23:03:16", "subject": "3", "recorded-or-robo": "Y", "city": "", "state": "TX", "area-code": "214"}, {"id": "e81c9350d54f66c6d33b3747ee96260c", "number": "3304789090", "date": "2021-01-22 14:01:00", "subject": "3", "recorded-or-robo": "", "city": "Massillon", "state": "OH", "area-code": "330"}, {"id": "1d36742e3f24f50e4e7ae828012b9ddf", "number": "3304789090", "date": "2021-01-22 14:01:00", "subject": "3", "recorded-or-robo": "", "city": "Massillon", "state": "OH", "area-code": "330"}, {"id": "e81c9350d54f66c6d33b3747eebfd81e", "number": "+12144794140", "date": "2021-01-22 23:03:04", "subject": "3", "recorded-or-robo": "N", "city": "", "state": "TX", "area-code": "972"}, {"id": "e81c9350d54f66c6d33b3747ee96183b", "number": "8662161072", "date": "2021-01-22 15:48:00", "subject": "2", "recorded-or-robo": "Y", "city": "Wadsworth", "state": "OH", "area-code": "330"}, {"id": "1d36742e3f24f50e4e7ae8280154d979", "number": "+12144794140", "date": "2021-01-22 23:03:04", "subject": "3", "recorded-or-robo": "N", "city": "", "state": "TX", "area-code": "972"}, {"id": "1d36742e3f24f50e4e7ae828012b9949", "number": "8662161072", "date": "2021-01-22 15:48:00", "subject": "2", "recorded-or-robo": "Y", "city": "Wadsworth", "state": "OH", "area-code": "330"}, {"id": "e81c9350d54f66c6d33b3747eebfa2c7", "number": "2124944999", "date": "2021-01-22 23:03:00", "subject": "3", "recorded-or-robo": "Y", "city": "", "state": "FL", "area-code": "786"}, {"id": "1d36742e3f24f50e4e7ae82801548ff7", "number": "2124944999", "date": "2021-01-22 23:03:00", "subject": "3", "recorded-or-robo": "Y", "city": "", "state": "FL", "area-code": "786"}, {"id": "e81c9350d54f66c6d33b3747eebfab0b", "number": "5092148661", "date": "2021-01-22 23:02:54", "subject": "3", "recorded-or-robo": "Y", "city": "", "state": "IL", "area-code": "630"}]}