{"data": [{"id": "490dde24b259add1335244cd1b607976", "number": "9133823867", "date": "2021-01-26 11:32:00", "subject": "4", "recorded-or-robo": "Y", "city": "", "state": "WI", "area-code": "920"}, {"id": "490dde24b259add1335244cd1b60746e", "number": "9103256581", "date": "2021-01-26 10:31:00", "subject": "2", "recorded-or-robo": "Y", "city": "", "state": "AZ", "area-code": "480"}, {"id": "490dde24b259add1335244cd1b6064bf", "number": "7328511720", "date": "2021-01-26 12:31:00", "subject": "5", "recorded-or-robo": "Y", "city": "Wall", "state": "NJ", "area-code": "732"}, {"id": "490dde24b259add1335244cd1b606495", "number": "4014044506", "date": "2021-01-26 12:04:00", "subject": "0", "recorded-or-robo": "Y", "city": "Fishers", "state": "IN", "area-code": "317"}, {"id": "490dde24b259add1335244cd1b605527", "number": "5169804574", "date": "2021-01-26 11:53:00", "subject": "4", "recorded-or-robo": "Y", "city": "Massapequa", "state": "NY", "area-code": "516"}, {"id": "490dde24b259add1335244cd1b605003", "number": "81433845143", "date": "2021-01-26 10:26:00", "subject": "2", "recorded-or-robo": "Y", "city": "Fairview", "state": "PA", "area-code": "814"}, {"id": "490dde24b259add1335244cd1b604b7e", "number": "5132309126", "date": "2021-01-26 11:44:00", "subject": "3", "recorded-or-robo": "N", "city": "", "state": "OH", "area-code": "513"}, {"id": "490dde24b259add1335244cd1b603fcb", "number": "4047837596", "date": "2021-01-26 12:30:00", "subject": "2", "recorded-or-robo": "N", "city": "Atlanta", "state": "GA", "area-code": "404"}, {"id": "490dde24b259add1335244cd1b60322f", "number": "2254373335", "date": "2021-01-25 17:12:00", "subject": "2", "recorded-or-robo": "Y", "city": "", "state": "GA", "area-code": "337"}, {"id": "490dde24b259add1335244cd1b603036", "number": "8329126120", "date": "2021-01-26 11:29:00", "subject": "4", "recorded-or-robo": "Y", "city": "", "state": "TX", "area-code": "817"}, {"id": "490dde24b259add1335244cd1b6020e5", "number": "8646408997", "date": "2021-01-26 10:34:00", "subject": "3", "recorded-or-robo": "Y", "city": "", "state": "TN", "area-code": "901"}, {"id": "490dde24b259add1335244cd1b602099", "number": "9893953000", "date": "2021-01-26 12:28:00", "subject": "7", "recorded-or-robo": "Y", "city": "", "state": "MI", "area-code": "989"}, {"id": "490dde24b259add1335244cd1b601d0e", "number": "4014008991", "date": "2021-01-26 09:32:00", "subject": "2", "recorded-or-robo": "Y", "city": "Eugene", "state": "OR", "area-code": "541"}, {"id": "490dde24b259add1335244cd1b601b44", "number": "3373883023", "date": "2021-01-26 11:18:00", "subject": "0", "recorded-or-robo": "Y", "city": "Mentone", "state": "AL", "area-code": "256"}, {"id": "490dde24b259add1335244cd1b6011a7", "number": "5033351414", "date": "2021-01-26 09:30:00", "subject": "4", "recorded-or-robo": "Y", "city": "Lake Oswego", "state": "OR", "area-code": "503"}, {"id": "490dde24b259add1335244cd1b6005db", "number": "4352018176", "date": "2021-01-26 10:28:00", "subject": "9", "recorded-or-robo": "Y", "city": "Orem", "state": "UT", "area-code": "801"}, {"id": "490dde24b259add1335244cd1b6004aa", "number": "7407093992", "date": "2021-01-26 10:29:00", "subject": "2", "recorded-or-robo": "Y", "city": "Santa Fe", "state": "NM", "area-code": "505"}, {"id": "490dde24b259add1335244cd1b5ff637", "number": "7416126038", "date": "2021-01-26 10:11:00", "subject": "4", "recorded-or-robo": "Y", "city": "Point", "state": "TX", "area-code": "972"}, {"id": "490dde24b259add1335244cd1b5fee8e", "number": "9924567696", "date": "2021-01-22 16:11:00", "subject": "2", "recorded-or-robo": "Y", "city": "Traverse City", "state": "MI", "area-code": "231"}, {"id": "490dde24b259add1335244cd1b5fe8e2", "number": "6027307006", "date": "2021-01-26 10:28:00", "subject": "4", "recorded-or-robo": "Y", "city": "", "state": "AZ", "area-code": "602"}, {"id": "490dde24b259add1335244cd1b5fda6d", "number": "8434170134", "date": "2021-01-25 00:00:00", "subject": "3", "recorded-or-robo": "", "city": "Paramount", "state": "CA", "area-code": "562"}, {"id": "490dde24b259add1335244cd1b5fcec4", "number": "8880027228", "date": "2021-01-24 12:30:00", "subject": "2", "recorded-or-robo": "", "city": "FARMINGTON", "state": "NM", "area-code": "480"}, {"id": "490dde24b259add1335244cd1b5fc798", "number": "3155091416", "date": "2021-01-26 12:29:00", "subject": "2", "recorded-or-robo": "N", "city": "Pageland", "state": "SC", "area-code": "315"}, {"id": "490dde24b259add1335244cd1b5fb7e4", "number": "5185129187", "date": "2021-01-26 09:45:00", "subject": "8", "recorded-or-robo": "N", "city": "", "state": "NY", "area-code": "718"}, {"id": "490dde24b259add1335244cd1b5fad23", "number": "8059438298", "date": "2021-01-26 09:08:00", "subject": "2", "recorded-or-robo": "N", "city": "Santa barbara", "state": "CA", "area-code": "805"}, {"id": "490dde24b259add1335244cd1b5fa44a", "number": "2254145896", "date": "2021-01-26 12:17:00", "subject": "4", "recorded-or-robo": "Y", "city": "Palm Coast", "state": "FL", "area-code": "386"}, {"id": "490dde24b259add1335244cd1b5f9a5f", "number": "8008722657", "date": "2021-01-25 12:41:00", "subject": "2", "recorded-or-robo": "Y", "city": "Cedar City", "state": "UT", "area-code": "435"}, {"id": "490dde24b259add1335244cd1b5f8f7e", "number": "3375473738", "date": "2021-01-26 11:57:00", "subject": "2", "recorded-or-robo": "Y", "city": "", "state": "GA", "area-code": "337"}, {"id": "490dde24b259add1335244cd1b5f8f71", "number": "2672475793", "date": "2021-01-26 12:18:00", "subject": "2", "recorded-or-robo": "Y", "city": "bolton", "state": "CT", "area-code": "860"}, {"id": "490dde24b259add1335244cd1b5f80cf", "number": "4052334287", "date": "2021-01-21 09:29:00", "subject": "0", "recorded-or-robo": "Y", "city": "Oklahoma City", "state": "OK", "area-code": "405"}, {"id": "490dde24b259add1335244cd1b5f73d9", "number": "5043842614", "date": "2020-12-19 13:04:00", "subject": "2", "recorded-or-robo": "Y", "city": "Portsmouth", "state": "OH", "area-code": "740"}, {"id": "490dde24b259add1335244cd1b5f6fdd", "number": "5582585666", "date": "2021-01-26 09:23:00", "subject": "6", "recorded-or-robo": "Y", "city": "Vancouver", "state": "WA", "area-code": "360"}, {"id": "490dde24b259add1335244cd1b5f6fc0", "number": "", "date": "2021-01-26 08:14:00", "subject": "4", "recorded-or-robo": "Y", "city": "Tucson", "state": "AZ", "area-code": "917"}, {"id": "490dde24b259add1335244cd1b5f6e24", "number": "9374538654", "date": "2021-01-26 12:30:00", "subject": "0", "recorded-or-robo": "N", "city": "Vandalia", "state": "OH", "area-code": "937"}, {"id": "490dde24b259add1335244cd1b5f6d1e", "number": "7177806000", "date": "2021-01-26 12:00:00", "subject": "2", "recorded-or-robo": "Y", "city": "West Chester", "state": "PA", "area-code": "610"}, {"id": "490dde24b259add1335244cd1b5f66e7", "number": "7176387223", "date": "2021-01-26 09:30:00", "subject": "6", "recorded-or-robo": "N", "city": "las vegas", "state": "NV", "area-code": "717"}, {"id": "490dde24b259add1335244cd1b5f5cc9", "number": "4844518797", "date": "2021-01-26 11:55:00", "subject": "2", "recorded-or-robo": "Y", "city": "", "state": "NY", "area-code": "917"}, {"id": "490dde24b259add1335244cd1b5f5b88", "number": "8575052206", "date": "2021-01-26 12:25:00", "subject": "7", "recorded-or-robo": "N", "city": "Manchester", "state": "NH", "area-code": "603"}, {"id": "490dde24b259add1335244cd1b5f5b16", "number": "8166780785", "date": "2021-01-26 11:29:00", "subject": "2", "recorded-or-robo": "", "city": "LITTLE ROCK", "state": "AR", "area-code": "501"}, {"id": "490dde24b259add1335244cd1b5f5363", "number": "3013291674", "date": "2021-01-26 12:30:00", "subject": "4", "recorded-or-robo": "Y", "city": "Springdale", "state": "MD", "area-code": "301"}, {"id": "490dde24b259add1335244cd1b5f4f1f", "number": "8452419168", "date": "2021-01-26 10:04:00", "subject": "4", "recorded-or-robo": "Y", "city": "", "state": "NY", "area-code": "845"}, {"id": "490dde24b259add1335244cd1b5f49dd", "number": "4017198998", "date": "2021-01-26 12:14:00", "subject": "8", "recorded-or-robo": "N", "city": "", "state": "IN", "area-code": "260"}, {"id": "490dde24b259add1335244cd1b5f44b2", "number": "8172036537", "date": "2021-01-26 11:27:00", "subject": "4", "recorded-or-robo": "Y", "city": "Lewisville", "state": "TX", "area-code": "817"}, {"id": "490dde24b259add1335244cd1b5f36b1", "number": "3234630281", "date": "2021-01-26 10:07:00", "subject": "4", "recorded-or-robo": "Y", "city": "Springfield", "state": "MO", "area-code": "629"}, {"id": "490dde24b259add1335244cd1b5f331a", "number": "2314841556", "date": "2021-01-23 14:44:00", "subject": "2", "recorded-or-robo": "Y", "city": "Traverse City", "state": "MI", "area-code": "231"}, {"id": "490dde24b259add1335244cd1b5f2d09", "number": "7248974538", "date": "2021-01-26 10:14:00", "subject": "4", "recorded-or-robo": "Y", "city": "Fairview", "state": "PA", "area-code": "814"}, {"id": "490dde24b259add1335244cd1b5f281f", "number": "", "date": "2021-01-25 12:00:00", "subject": "1", "recorded-or-robo": "Y", "city": "Pt Charlotte", "state": "FL", "area-code": "941"}, {"id": "490dde24b259add1335244cd1b5f1d00", "number": "8773046204", "date": "2021-01-26 12:22:00", "subject": "1", "recorded-or-robo": "Y", "city": "", "state": "NY", "area-code": "516"}, {"id": "490dde24b259add1335244cd1b5f1574", "number": "2083442918", "date": "2021-01-26 12:28:00", "subject": "3", "recorded-or-robo": "Y", "city": "", "state": "OH", "area-code": "419"}, {"id": "490dde24b259add1335244cd1b5f08a6", "number": "8004848923", "date": "2021-01-26 11:47:00", "subject": "2", "recorded-or-robo": "N", "city": "Drums", "state": "PA", "area-code": "570"}]}