{"data": [{"id": "3decc6bfadaa436a105714c6bac1c458", "number": "6098481489", "date": "2021-01-22 12:42:00", "subject": "2", "recorded-or-robo": "", "city": "Hasbrouck Heights", "state": "NJ", "area-code": "201"}, {"id": "03e293b3df9e35eadf15c561195847f3", "number": "6098481489", "date": "2021-01-22 12:42:00", "subject": "2", "recorded-or-robo": "", "city": "Hasbrouck Heights", "state": "NJ", "area-code": "201"}, {"id": "3decc6bfadaa436a105714c6bac1bc1d", "number": "9298006046", "date": "2021-01-24 17:51:00", "subject": "2", "recorded-or-robo": "", "city": "Jamaica", "state": "NY", "area-code": "718"}, {"id": "03e293b3df9e35eadf15c5611958428b", "number": "9298006046", "date": "2021-01-24 17:51:00", "subject": "2", "recorded-or-robo": "", "city": "Jamaica", "state": "NY", "area-code": "718"}, {"id": "3decc6bfadaa436a105714c6bac1b43a", "number": "3343126503", "date": "2021-01-24 17:04:00", "subject": "1", "recorded-or-robo": "Y", "city": "Saint Petersburg", "state": "AL", "area-code": "334"}, {"id": "03e293b3df9e35eadf15c56119583825", "number": "3343126503", "date": "2021-01-24 17:04:00", "subject": "1", "recorded-or-robo": "Y", "city": "Saint Petersburg", "state": "AL", "area-code": "334"}, {"id": "3decc6bfadaa436a105714c6bac1a595", "number": "2012545996", "date": "2021-01-22 13:08:00", "subject": "2", "recorded-or-robo": "", "city": "Hasbrouck Heights", "state": "NJ", "area-code": "201"}, {"id": "03e293b3df9e35eadf15c56119582c1e", "number": "2012545996", "date": "2021-01-22 13:08:00", "subject": "2", "recorded-or-robo": "", "city": "Hasbrouck Heights", "state": "NJ", "area-code": "201"}, {"id": "3decc6bfadaa436a105714c6bac1a3fe", "number": "8174564392", "date": "2021-01-23 09:08:00", "subject": "2", "recorded-or-robo": "Y", "city": "", "state": "CA", "area-code": "562"}, {"id": "03e293b3df9e35eadf15c56119582a47", "number": "8174564392", "date": "2021-01-23 09:08:00", "subject": "2", "recorded-or-robo": "Y", "city": "", "state": "CA", "area-code": "562"}, {"id": "3decc6bfadaa436a105714c6bac19dd5", "number": "2012885349", "date": "2021-01-22 13:33:00", "subject": "2", "recorded-or-robo": "", "city": "Hasbrouck Heights", "state": "NJ", "area-code": "201"}, {"id": "03e293b3df9e35eadf15c5611958292b", "number": "2012885349", "date": "2021-01-22 13:33:00", "subject": "2", "recorded-or-robo": "", "city": "Hasbrouck Heights", "state": "NJ", "area-code": "201"}, {"id": "3decc6bfadaa436a105714c6bac19ccf", "number": "", "date": "2021-01-24 16:55:00", "subject": "2", "recorded-or-robo": "Y", "city": "Eagle", "state": "WA", "area-code": "414"}, {"id": "03e293b3df9e35eadf15c5611958193e", "number": "", "date": "2021-01-24 16:55:00", "subject": "2", "recorded-or-robo": "Y", "city": "Eagle", "state": "WA", "area-code": "414"}, {"id": "3decc6bfadaa436a105714c6bac19c24", "number": "6026871507", "date": "2021-01-24 16:53:00", "subject": "0", "recorded-or-robo": "N", "city": "", "state": "NC", "area-code": "919"}, {"id": "03e293b3df9e35eadf15c56119581379", "number": "6026871507", "date": "2021-01-24 16:53:00", "subject": "0", "recorded-or-robo": "N", "city": "", "state": "NC", "area-code": "919"}, {"id": "3decc6bfadaa436a105714c6bac1926f", "number": "2012752449", "date": "2021-01-22 13:56:00", "subject": "2", "recorded-or-robo": "", "city": "Hasbrouck Heights", "state": "NJ", "area-code": "201"}, {"id": "03e293b3df9e35eadf15c5611958074c", "number": "2012752449", "date": "2021-01-22 13:56:00", "subject": "2", "recorded-or-robo": "", "city": "Hasbrouck Heights", "state": "NJ", "area-code": "201"}, {"id": "3decc6bfadaa436a105714c6bac1896b", "number": "3343124470", "date": "2021-01-24 16:56:00", "subject": "1", "recorded-or-robo": "Y", "city": "Saint Petersburg", "state": "AL", "area-code": "334"}, {"id": "03e293b3df9e35eadf15c561195803ab", "number": "3343124470", "date": "2021-01-24 16:56:00", "subject": "1", "recorded-or-robo": "Y", "city": "Saint Petersburg", "state": "AL", "area-code": "334"}, {"id": "3decc6bfadaa436a105714c6bac17efc", "number": "2052656705", "date": "2021-01-21 15:45:00", "subject": "2", "recorded-or-robo": "Y", "city": "Jasper", "state": "AL", "area-code": "205"}, {"id": "03e293b3df9e35eadf15c5611957f72c", "number": "2052656705", "date": "2021-01-21 15:45:00", "subject": "2", "recorded-or-robo": "Y", "city": "Jasper", "state": "AL", "area-code": "205"}, {"id": "3decc6bfadaa436a105714c6bac17a2f", "number": "7273753998", "date": "2021-01-24 17:00:00", "subject": "11", "recorded-or-robo": "Y", "city": "Trinity", "state": "FL", "area-code": "727"}, {"id": "03e293b3df9e35eadf15c5611957ead8", "number": "7273753998", "date": "2021-01-24 17:00:00", "subject": "11", "recorded-or-robo": "Y", "city": "Trinity", "state": "FL", "area-code": "727"}, {"id": "3decc6bfadaa436a105714c6bac17254", "number": "5803244386", "date": "2021-01-22 15:04:00", "subject": "2", "recorded-or-robo": "", "city": "Hasbrouck Heights", "state": "NJ", "area-code": "201"}, {"id": "03e293b3df9e35eadf15c5611957dc7a", "number": "5803244386", "date": "2021-01-22 15:04:00", "subject": "2", "recorded-or-robo": "", "city": "Hasbrouck Heights", "state": "NJ", "area-code": "201"}, {"id": "3decc6bfadaa436a105714c6bac1704e", "number": "4149405649", "date": "2021-01-24 15:29:00", "subject": "1", "recorded-or-robo": "Y", "city": "Menomonee Falls", "state": "WI", "area-code": "414"}, {"id": "03e293b3df9e35eadf15c5611957cd51", "number": "4149405649", "date": "2021-01-24 15:29:00", "subject": "1", "recorded-or-robo": "Y", "city": "Menomonee Falls", "state": "WI", "area-code": "414"}, {"id": "3decc6bfadaa436a105714c6bac1686c", "number": "6233031635", "date": "2021-01-24 17:30:00", "subject": "12", "recorded-or-robo": "Y", "city": "Franklin", "state": "MA", "area-code": "623"}, {"id": "03e293b3df9e35eadf15c5611957c297", "number": "6233031635", "date": "2021-01-24 17:30:00", "subject": "12", "recorded-or-robo": "Y", "city": "Franklin", "state": "MA", "area-code": "623"}, {"id": "3decc6bfadaa436a105714c6bac1629a", "number": "2012429477", "date": "2021-01-22 15:34:00", "subject": "2", "recorded-or-robo": "", "city": "Hasbrouck Heights", "state": "NJ", "area-code": "201"}, {"id": "03e293b3df9e35eadf15c5611957bba4", "number": "2012429477", "date": "2021-01-22 15:34:00", "subject": "2", "recorded-or-robo": "", "city": "Hasbrouck Heights", "state": "NJ", "area-code": "201"}, {"id": "3decc6bfadaa436a105714c6bac1593f", "number": "3343123285", "date": "2021-01-24 16:43:00", "subject": "1", "recorded-or-robo": "Y", "city": "Saint Petersburg", "state": "AL", "area-code": "334"}, {"id": "03e293b3df9e35eadf15c5611957b700", "number": "3343123285", "date": "2021-01-24 16:43:00", "subject": "1", "recorded-or-robo": "Y", "city": "Saint Petersburg", "state": "AL", "area-code": "334"}, {"id": "3decc6bfadaa436a105714c6bac14c64", "number": "3108307280", "date": "2021-01-24 00:00:00", "subject": "3", "recorded-or-robo": "", "city": "", "state": "CA", "area-code": "310"}, {"id": "03e293b3df9e35eadf15c5611957ab53", "number": "3108307280", "date": "2021-01-24 00:00:00", "subject": "3", "recorded-or-robo": "", "city": "", "state": "CA", "area-code": "310"}, {"id": "3decc6bfadaa436a105714c6bac14532", "number": "2019982527", "date": "2021-01-22 17:32:00", "subject": "2", "recorded-or-robo": "", "city": "Hasbrouck Heights", "state": "NJ", "area-code": "201"}, {"id": "03e293b3df9e35eadf15c5611957a8ae", "number": "2019982527", "date": "2021-01-22 17:32:00", "subject": "2", "recorded-or-robo": "", "city": "Hasbrouck Heights", "state": "NJ", "area-code": "201"}, {"id": "3decc6bfadaa436a105714c6bac143ad", "number": "3152328257", "date": "2021-01-24 00:00:00", "subject": "11", "recorded-or-robo": "Y", "city": "St Petersburg", "state": "FL", "area-code": "304"}, {"id": "03e293b3df9e35eadf15c56119579b16", "number": "3152328257", "date": "2021-01-24 00:00:00", "subject": "11", "recorded-or-robo": "Y", "city": "St Petersburg", "state": "FL", "area-code": "304"}, {"id": "3decc6bfadaa436a105714c6bac13e29", "number": "", "date": "2021-01-24 12:00:00", "subject": "1", "recorded-or-robo": "Y", "city": "", "state": "MO", "area-code": "314"}, {"id": "03e293b3df9e35eadf15c561195798f2", "number": "", "date": "2021-01-24 12:00:00", "subject": "1", "recorded-or-robo": "Y", "city": "", "state": "MO", "area-code": "314"}, {"id": "3decc6bfadaa436a105714c6bac13272", "number": "6197911547", "date": "2021-01-24 00:00:00", "subject": "3", "recorded-or-robo": "", "city": "", "state": "CA", "area-code": "619"}, {"id": "03e293b3df9e35eadf15c56119578d44", "number": "6197911547", "date": "2021-01-24 00:00:00", "subject": "3", "recorded-or-robo": "", "city": "", "state": "CA", "area-code": "619"}, {"id": "3decc6bfadaa436a105714c6bac13081", "number": "", "date": "2021-01-22 11:20:00", "subject": "1", "recorded-or-robo": "Y", "city": "White Plains", "state": "NY", "area-code": "914"}, {"id": "03e293b3df9e35eadf15c56119578923", "number": "", "date": "2021-01-22 11:20:00", "subject": "1", "recorded-or-robo": "Y", "city": "White Plains", "state": "NY", "area-code": "914"}, {"id": "3decc6bfadaa436a105714c6bac128ef", "number": "2012442642", "date": "2021-01-22 18:36:00", "subject": "2", "recorded-or-robo": "", "city": "Hasbrouck Heights", "state": "NJ", "area-code": "201"}, {"id": "03e293b3df9e35eadf15c561195787b5", "number": "2012442642", "date": "2021-01-22 18:36:00", "subject": "2", "recorded-or-robo": "", "city": "Hasbrouck Heights", "state": "NJ", "area-code": "201"}, {"id": "3decc6bfadaa436a105714c6bac123d3", "number": "3343121144", "date": "2021-01-24 15:51:00", "subject": "1", "recorded-or-robo": "Y", "city": "Saint Petersburg", "state": "AL", "area-code": "334"}, {"id": "03e293b3df9e35eadf15c56119578774", "number": "3343121144", "date": "2021-01-24 15:51:00", "subject": "1", "recorded-or-robo": "Y", "city": "Saint Petersburg", "state": "AL", "area-code": "334"}]}