{"data": [{"id": "3decc6bfadaa436a105714c6ba7afbd3", "number": "7753007963", "date": "2021-01-23 17:21:29", "subject": "3", "recorded-or-robo": "Y", "city": "", "state": "NV", "area-code": "702"}, {"id": "03e293b3df9e35eadf15c5611911840b", "number": "7753007963", "date": "2021-01-23 17:21:29", "subject": "3", "recorded-or-robo": "Y", "city": "", "state": "NV", "area-code": "702"}, {"id": "3decc6bfadaa436a105714c6ba3ef121", "number": "3853866162", "date": "2021-01-23 09:08:00", "subject": "2", "recorded-or-robo": "Y", "city": "", "state": "MI", "area-code": "616"}, {"id": "1d36742e3f24f50e4e7ae82801d4a575", "number": "3853866162", "date": "2021-01-23 09:08:00", "subject": "2", "recorded-or-robo": "Y", "city": "", "state": "MI", "area-code": "616"}, {"id": "3decc6bfadaa436a105714c6ba3eb0b5", "number": "5302780675", "date": "2021-01-22 12:49:00", "subject": "3", "recorded-or-robo": "N", "city": "", "state": "CA", "area-code": "530"}, {"id": "1d36742e3f24f50e4e7ae82801d461f3", "number": "5302780675", "date": "2021-01-22 12:49:00", "subject": "3", "recorded-or-robo": "N", "city": "", "state": "CA", "area-code": "530"}, {"id": "3decc6bfadaa436a105714c6ba3ee6a3", "number": "6233034504", "date": "2021-01-22 16:42:00", "subject": "0", "recorded-or-robo": "N", "city": "Tucson", "state": "AZ", "area-code": "520"}, {"id": "1d36742e3f24f50e4e7ae82801d49aff", "number": "6233034504", "date": "2021-01-22 16:42:00", "subject": "0", "recorded-or-robo": "N", "city": "Tucson", "state": "AZ", "area-code": "520"}, {"id": "3decc6bfadaa436a105714c6ba3ed7ea", "number": "3239865551", "date": "2021-01-23 14:02:00", "subject": "4", "recorded-or-robo": "Y", "city": "", "state": "CA", "area-code": "323"}, {"id": "1d36742e3f24f50e4e7ae82801d48ee1", "number": "3239865551", "date": "2021-01-23 14:02:00", "subject": "4", "recorded-or-robo": "Y", "city": "", "state": "CA", "area-code": "323"}, {"id": "3decc6bfadaa436a105714c6ba3ece70", "number": "", "date": "2021-01-19 12:00:00", "subject": "2", "recorded-or-robo": "Y", "city": "Colorado Springs", "state": "CO", "area-code": "719"}, {"id": "1d36742e3f24f50e4e7ae82801d484f7", "number": "", "date": "2021-01-19 12:00:00", "subject": "2", "recorded-or-robo": "Y", "city": "Colorado Springs", "state": "CO", "area-code": "719"}, {"id": "3decc6bfadaa436a105714c6ba7abb32", "number": "2402261684", "date": "2021-01-23 17:20:36", "subject": "3", "recorded-or-robo": "Y", "city": "", "state": "MD", "area-code": "240"}, {"id": "3decc6bfadaa436a105714c6ba3ecadf", "number": "1212615699116", "date": "2021-01-22 16:34:00", "subject": "2", "recorded-or-robo": "Y", "city": "Runnells", "state": "IA", "area-code": "641"}, {"id": "1d36742e3f24f50e4e7ae82801d47945", "number": "1212615699116", "date": "2021-01-22 16:34:00", "subject": "2", "recorded-or-robo": "Y", "city": "Runnells", "state": "IA", "area-code": "641"}, {"id": "03e293b3df9e35eadf15c5611911457e", "number": "2402261684", "date": "2021-01-23 17:20:36", "subject": "3", "recorded-or-robo": "Y", "city": "", "state": "MD", "area-code": "240"}, {"id": "3decc6bfadaa436a105714c6ba3ec42c", "number": "2134686777", "date": "2021-01-23 14:29:00", "subject": "1", "recorded-or-robo": "Y", "city": "el paso", "state": "TX", "area-code": "915"}, {"id": "1d36742e3f24f50e4e7ae82801d47846", "number": "2134686777", "date": "2021-01-23 14:29:00", "subject": "1", "recorded-or-robo": "Y", "city": "el paso", "state": "TX", "area-code": "915"}, {"id": "3decc6bfadaa436a105714c6ba7ad1ff", "number": "9099330433", "date": "2021-01-23 17:20:21", "subject": "3", "recorded-or-robo": "Y", "city": "", "state": "MD", "area-code": "240"}, {"id": "3decc6bfadaa436a105714c6ba3ec147", "number": "7088436949", "date": "2021-01-23 16:16:00", "subject": "3", "recorded-or-robo": "Y", "city": "", "state": "IL", "area-code": "708"}, {"id": "1d36742e3f24f50e4e7ae82801d4736f", "number": "7088436949", "date": "2021-01-23 16:16:00", "subject": "3", "recorded-or-robo": "Y", "city": "", "state": "IL", "area-code": "708"}, {"id": "03e293b3df9e35eadf15c561191167da", "number": "9099330433", "date": "2021-01-23 17:20:21", "subject": "3", "recorded-or-robo": "Y", "city": "", "state": "MD", "area-code": "240"}, {"id": "3decc6bfadaa436a105714c6ba3ebc83", "number": "3189511161", "date": "2021-01-22 10:32:00", "subject": "4", "recorded-or-robo": "", "city": "Highlands Ranch", "state": "CO", "area-code": "303"}, {"id": "1d36742e3f24f50e4e7ae82801d469e8", "number": "3189511161", "date": "2021-01-22 10:32:00", "subject": "4", "recorded-or-robo": "", "city": "Highlands Ranch", "state": "CO", "area-code": "303"}, {"id": "3decc6bfadaa436a105714c6ba7b0a00", "number": "2018305499", "date": "2021-01-23 17:20:15", "subject": "3", "recorded-or-robo": "Y", "city": "", "state": "NJ", "area-code": "201"}, {"id": "03e293b3df9e35eadf15c56119119414", "number": "2018305499", "date": "2021-01-23 17:20:15", "subject": "3", "recorded-or-robo": "Y", "city": "", "state": "NJ", "area-code": "201"}, {"id": "3decc6bfadaa436a105714c6ba7ae627", "number": "6124459883", "date": "2021-01-23 17:19:51", "subject": "3", "recorded-or-robo": "Y", "city": "", "state": "MN", "area-code": "612"}, {"id": "03e293b3df9e35eadf15c56119117bb4", "number": "6124459883", "date": "2021-01-23 17:19:51", "subject": "3", "recorded-or-robo": "Y", "city": "", "state": "MN", "area-code": "612"}, {"id": "3decc6bfadaa436a105714c6ba7ad1a5", "number": "6124459883", "date": "2021-01-23 17:19:50", "subject": "3", "recorded-or-robo": "Y", "city": "", "state": "MN", "area-code": "612"}, {"id": "03e293b3df9e35eadf15c56119115b82", "number": "6124459883", "date": "2021-01-23 17:19:50", "subject": "3", "recorded-or-robo": "Y", "city": "", "state": "MN", "area-code": "612"}, {"id": "3decc6bfadaa436a105714c6ba3eab93", "number": "7812915989", "date": "2021-01-22 09:48:00", "subject": "0", "recorded-or-robo": "Y", "city": "randolph", "state": "MA", "area-code": "781"}, {"id": "1d36742e3f24f50e4e7ae82801d45ed8", "number": "7812915989", "date": "2021-01-22 09:48:00", "subject": "0", "recorded-or-robo": "Y", "city": "randolph", "state": "MA", "area-code": "781"}, {"id": "3decc6bfadaa436a105714c6ba7ac867", "number": "+14693280150", "date": "2021-01-23 17:19:28", "subject": "3", "recorded-or-robo": "Y", "city": "", "state": "CA", "area-code": "510"}, {"id": "03e293b3df9e35eadf15c56119115255", "number": "+14693280150", "date": "2021-01-23 17:19:28", "subject": "3", "recorded-or-robo": "Y", "city": "", "state": "CA", "area-code": "510"}, {"id": "3decc6bfadaa436a105714c6ba3e9d0b", "number": "", "date": "2021-01-23 14:07:00", "subject": "2", "recorded-or-robo": "Y", "city": "Thorp", "state": "WA", "area-code": "509"}, {"id": "1d36742e3f24f50e4e7ae82801d454b3", "number": "", "date": "2021-01-23 14:07:00", "subject": "2", "recorded-or-robo": "Y", "city": "Thorp", "state": "WA", "area-code": "509"}, {"id": "3decc6bfadaa436a105714c6ba3e8d3e", "number": "992987104790", "date": "2021-01-22 16:19:00", "subject": "2", "recorded-or-robo": "Y", "city": "Runnells", "state": "IA", "area-code": "641"}, {"id": "1d36742e3f24f50e4e7ae82801d44cbf", "number": "992987104790", "date": "2021-01-22 16:19:00", "subject": "2", "recorded-or-robo": "Y", "city": "Runnells", "state": "IA", "area-code": "641"}, {"id": "3decc6bfadaa436a105714c6ba3e895b", "number": "6028614960", "date": "2021-01-23 17:13:00", "subject": "0", "recorded-or-robo": "Y", "city": "", "state": "CT", "area-code": "860"}, {"id": "1d36742e3f24f50e4e7ae82801d443bf", "number": "6028614960", "date": "2021-01-23 17:13:00", "subject": "0", "recorded-or-robo": "Y", "city": "", "state": "CT", "area-code": "860"}, {"id": "3decc6bfadaa436a105714c6ba3e7ee6", "number": "3152328256", "date": "2021-01-23 14:49:00", "subject": "2", "recorded-or-robo": "Y", "city": "Dallas", "state": "TX", "area-code": "409"}, {"id": "1d36742e3f24f50e4e7ae82801d4382b", "number": "3152328256", "date": "2021-01-23 14:49:00", "subject": "2", "recorded-or-robo": "Y", "city": "Dallas", "state": "TX", "area-code": "409"}, {"id": "3decc6bfadaa436a105714c6ba7af246", "number": "+17868141703", "date": "2021-01-23 17:18:31", "subject": "3", "recorded-or-robo": "Y", "city": "", "state": "FL", "area-code": "954"}, {"id": "03e293b3df9e35eadf15c561191181b0", "number": "+17868141703", "date": "2021-01-23 17:18:31", "subject": "3", "recorded-or-robo": "Y", "city": "", "state": "FL", "area-code": "954"}, {"id": "3decc6bfadaa436a105714c6ba3e74d6", "number": "9133487476", "date": "2021-01-23 15:10:00", "subject": "1", "recorded-or-robo": "Y", "city": "Chino Valley", "state": "AZ", "area-code": "928"}, {"id": "1d36742e3f24f50e4e7ae82801d42cb8", "number": "9133487476", "date": "2021-01-23 15:10:00", "subject": "1", "recorded-or-robo": "Y", "city": "Chino Valley", "state": "AZ", "area-code": "928"}, {"id": "3decc6bfadaa436a105714c6ba3e682f", "number": "", "date": "2021-01-23 12:55:00", "subject": "1", "recorded-or-robo": "Y", "city": "Richland", "state": "WA", "area-code": "509"}, {"id": "3decc6bfadaa436a105714c6ba3e5d4d", "number": "4092894283", "date": "2010-01-23 13:56:00", "subject": "2", "recorded-or-robo": "Y", "city": "Brookekand", "state": "TX", "area-code": "409"}, {"id": "1d36742e3f24f50e4e7ae82801d41e2c", "number": "", "date": "2021-01-23 12:55:00", "subject": "1", "recorded-or-robo": "Y", "city": "Richland", "state": "WA", "area-code": "509"}, {"id": "1d36742e3f24f50e4e7ae82801d418ba", "number": "4092894283", "date": "2010-01-23 13:56:00", "subject": "2", "recorded-or-robo": "Y", "city": "Brookekand", "state": "TX", "area-code": "409"}]}