{"data": [{"id": "1d36742e3f24f50e4e7ae8280146c643", "number": "+15203557706", "date": "2021-01-22 21:06:25", "subject": "3", "recorded-or-robo": "Y", "city": "", "state": "FL", "area-code": "863"}, {"id": "e81c9350d54f66c6d33b3747ee88dde6", "number": "4254391742", "date": "2021-01-06 07:49:00", "subject": "3", "recorded-or-robo": "Y", "city": "", "state": "WA", "area-code": "425"}, {"id": "1d36742e3f24f50e4e7ae828011e88de", "number": "4254391742", "date": "2021-01-06 07:49:00", "subject": "3", "recorded-or-robo": "Y", "city": "", "state": "WA", "area-code": "425"}, {"id": "e81c9350d54f66c6d33b3747ee88d665", "number": "4024942897", "date": "2021-01-20 12:00:00", "subject": "1", "recorded-or-robo": "Y", "city": "", "state": "NE", "area-code": "402"}, {"id": "1d36742e3f24f50e4e7ae828011e878b", "number": "4024942897", "date": "2021-01-20 12:00:00", "subject": "1", "recorded-or-robo": "Y", "city": "", "state": "NE", "area-code": "402"}, {"id": "e81c9350d54f66c6d33b3747ee88d109", "number": "2676343", "date": "2021-01-22 10:55:00", "subject": "5", "recorded-or-robo": "Y", "city": "Jonestown", "state": "TX", "area-code": "512"}, {"id": "1d36742e3f24f50e4e7ae828011e79e4", "number": "2676343", "date": "2021-01-22 10:55:00", "subject": "5", "recorded-or-robo": "Y", "city": "Jonestown", "state": "TX", "area-code": "512"}, {"id": "e81c9350d54f66c6d33b3747eeb1c014", "number": "+18582168518", "date": "2021-01-22 21:06:09", "subject": "3", "recorded-or-robo": "Y", "city": "", "state": "CA", "area-code": "858"}, {"id": "1d36742e3f24f50e4e7ae8280146aa0e", "number": "+18582168518", "date": "2021-01-22 21:06:09", "subject": "3", "recorded-or-robo": "Y", "city": "", "state": "CA", "area-code": "858"}, {"id": "e81c9350d54f66c6d33b3747eeb1f0e8", "number": "+12622999604", "date": "2021-01-22 21:06:00", "subject": "3", "recorded-or-robo": "Y", "city": "", "state": "FL", "area-code": "863"}, {"id": "1d36742e3f24f50e4e7ae8280146d3ea", "number": "+12622999604", "date": "2021-01-22 21:06:00", "subject": "3", "recorded-or-robo": "Y", "city": "", "state": "FL", "area-code": "863"}, {"id": "e81c9350d54f66c6d33b3747ee88c682", "number": "243840313274", "date": "2021-01-22 17:03:00", "subject": "0", "recorded-or-robo": "N", "city": "Kennewick", "state": "WA", "area-code": "509"}, {"id": "1d36742e3f24f50e4e7ae828011e6ca8", "number": "243840313274", "date": "2021-01-22 17:03:00", "subject": "0", "recorded-or-robo": "N", "city": "Kennewick", "state": "WA", "area-code": "509"}, {"id": "e81c9350d54f66c6d33b3747eeb061d0", "number": "+18582168518", "date": "2021-01-22 21:05:52", "subject": "3", "recorded-or-robo": "Y", "city": "", "state": "CA", "area-code": "858"}, {"id": "1d36742e3f24f50e4e7ae828014559b3", "number": "+18582168518", "date": "2021-01-22 21:05:52", "subject": "3", "recorded-or-robo": "Y", "city": "", "state": "CA", "area-code": "858"}, {"id": "e81c9350d54f66c6d33b3747ee88ba64", "number": "", "date": "2021-01-21 16:28:00", "subject": "1", "recorded-or-robo": "Y", "city": "", "state": "MO", "area-code": "314"}, {"id": "1d36742e3f24f50e4e7ae828011e5ebf", "number": "", "date": "2021-01-21 16:28:00", "subject": "1", "recorded-or-robo": "Y", "city": "", "state": "MO", "area-code": "314"}, {"id": "e81c9350d54f66c6d33b3747eeb073ec", "number": "6302333327", "date": "2021-01-22 21:05:37", "subject": "3", "recorded-or-robo": "Y", "city": "", "state": "IL", "area-code": "331"}, {"id": "1d36742e3f24f50e4e7ae828014560b7", "number": "6302333327", "date": "2021-01-22 21:05:37", "subject": "3", "recorded-or-robo": "Y", "city": "", "state": "IL", "area-code": "331"}, {"id": "e81c9350d54f66c6d33b3747ee88b7d0", "number": "2817107996", "date": "2021-01-22 18:03:00", "subject": "2", "recorded-or-robo": "N", "city": "Signal Hill", "state": "CA", "area-code": "562"}, {"id": "1d36742e3f24f50e4e7ae828011e58f5", "number": "2817107996", "date": "2021-01-22 18:03:00", "subject": "2", "recorded-or-robo": "N", "city": "Signal Hill", "state": "CA", "area-code": "562"}, {"id": "e81c9350d54f66c6d33b3747ee88b4dd", "number": "", "date": "2021-01-15 09:02:00", "subject": "1", "recorded-or-robo": "Y", "city": "Wentzville", "state": "MO", "area-code": "636"}, {"id": "1d36742e3f24f50e4e7ae828011e58a3", "number": "", "date": "2021-01-15 09:02:00", "subject": "1", "recorded-or-robo": "Y", "city": "Wentzville", "state": "MO", "area-code": "636"}, {"id": "e81c9350d54f66c6d33b3747eeb0b8b1", "number": "+18582168518", "date": "2021-01-22 21:05:25", "subject": "3", "recorded-or-robo": "Y", "city": "", "state": "CA", "area-code": "858"}, {"id": "1d36742e3f24f50e4e7ae8280145bcb7", "number": "+18582168518", "date": "2021-01-22 21:05:25", "subject": "3", "recorded-or-robo": "Y", "city": "", "state": "CA", "area-code": "858"}, {"id": "e81c9350d54f66c6d33b3747eeb05257", "number": "5124504831", "date": "2021-01-22 21:05:21", "subject": "3", "recorded-or-robo": "Y", "city": "", "state": "TX", "area-code": "713"}, {"id": "1d36742e3f24f50e4e7ae82801454c88", "number": "5124504831", "date": "2021-01-22 21:05:21", "subject": "3", "recorded-or-robo": "Y", "city": "", "state": "TX", "area-code": "713"}, {"id": "e81c9350d54f66c6d33b3747eeb0eb29", "number": "5124504831", "date": "2021-01-22 21:05:20", "subject": "3", "recorded-or-robo": "Y", "city": "", "state": "TX", "area-code": "713"}, {"id": "1d36742e3f24f50e4e7ae8280145cd19", "number": "5124504831", "date": "2021-01-22 21:05:20", "subject": "3", "recorded-or-robo": "Y", "city": "", "state": "TX", "area-code": "713"}, {"id": "e81c9350d54f66c6d33b3747ee88a8cb", "number": "4022268596", "date": "2021-01-22 11:00:00", "subject": "0", "recorded-or-robo": "Y", "city": "", "state": "NE", "area-code": "402"}, {"id": "1d36742e3f24f50e4e7ae828011e4f27", "number": "4022268596", "date": "2021-01-22 11:00:00", "subject": "0", "recorded-or-robo": "Y", "city": "", "state": "NE", "area-code": "402"}, {"id": "e81c9350d54f66c6d33b3747ee88a1a3", "number": "8778787983", "date": "2021-01-22 17:59:00", "subject": "6", "recorded-or-robo": "Y", "city": "Patton", "state": "CA", "area-code": "626"}, {"id": "1d36742e3f24f50e4e7ae828011e4f11", "number": "8778787983", "date": "2021-01-22 17:59:00", "subject": "6", "recorded-or-robo": "Y", "city": "Patton", "state": "CA", "area-code": "626"}, {"id": "e81c9350d54f66c6d33b3747eeb089f9", "number": "5122188050", "date": "2021-01-22 21:04:52", "subject": "3", "recorded-or-robo": "Y", "city": "", "state": "TX", "area-code": "713"}, {"id": "1d36742e3f24f50e4e7ae82801457e87", "number": "5122188050", "date": "2021-01-22 21:04:52", "subject": "3", "recorded-or-robo": "Y", "city": "", "state": "TX", "area-code": "713"}, {"id": "e81c9350d54f66c6d33b3747eeb0f6d7", "number": "+16037795587", "date": "2021-01-22 21:04:43", "subject": "3", "recorded-or-robo": "N", "city": "", "state": "NH", "area-code": "603"}, {"id": "e81c9350d54f66c6d33b3747ee889578", "number": "4232051685", "date": "2020-12-30 10:18:00", "subject": "3", "recorded-or-robo": "Y", "city": "", "state": "WA", "area-code": "425"}, {"id": "1d36742e3f24f50e4e7ae8280145cf98", "number": "+16037795587", "date": "2021-01-22 21:04:43", "subject": "3", "recorded-or-robo": "N", "city": "", "state": "NH", "area-code": "603"}, {"id": "1d36742e3f24f50e4e7ae828011e4e49", "number": "4232051685", "date": "2020-12-30 10:18:00", "subject": "3", "recorded-or-robo": "Y", "city": "", "state": "WA", "area-code": "425"}, {"id": "e81c9350d54f66c6d33b3747eeb139c7", "number": "9132709012", "date": "2021-01-22 21:04:36", "subject": "3", "recorded-or-robo": "Y", "city": "", "state": "FL", "area-code": "239"}, {"id": "1d36742e3f24f50e4e7ae828014612f9", "number": "9132709012", "date": "2021-01-22 21:04:36", "subject": "3", "recorded-or-robo": "Y", "city": "", "state": "FL", "area-code": "239"}, {"id": "e81c9350d54f66c6d33b3747eeb0e6e5", "number": "9132709012", "date": "2021-01-22 21:04:34", "subject": "3", "recorded-or-robo": "Y", "city": "", "state": "FL", "area-code": "239"}, {"id": "1d36742e3f24f50e4e7ae8280145cc49", "number": "9132709012", "date": "2021-01-22 21:04:34", "subject": "3", "recorded-or-robo": "Y", "city": "", "state": "FL", "area-code": "239"}, {"id": "e81c9350d54f66c6d33b3747ee8892e5", "number": "2537943338", "date": "2021-01-21 12:02:00", "subject": "3", "recorded-or-robo": "Y", "city": "", "state": "AL", "area-code": "334"}, {"id": "1d36742e3f24f50e4e7ae828011e4afb", "number": "2537943338", "date": "2021-01-21 12:02:00", "subject": "3", "recorded-or-robo": "Y", "city": "", "state": "AL", "area-code": "334"}, {"id": "e81c9350d54f66c6d33b3747ee889287", "number": "243840313094", "date": "2021-01-22 16:23:00", "subject": "0", "recorded-or-robo": "N", "city": "Kennewick", "state": "WA", "area-code": "509"}, {"id": "1d36742e3f24f50e4e7ae828011e4731", "number": "243840313094", "date": "2021-01-22 16:23:00", "subject": "0", "recorded-or-robo": "N", "city": "Kennewick", "state": "WA", "area-code": "509"}, {"id": "e81c9350d54f66c6d33b3747ee88779e", "number": "2252247926", "date": "2021-01-22 15:38:00", "subject": "3", "recorded-or-robo": "N", "city": "", "state": "VA", "area-code": "703"}, {"id": "1d36742e3f24f50e4e7ae828011e3565", "number": "2252247926", "date": "2021-01-22 15:38:00", "subject": "3", "recorded-or-robo": "N", "city": "", "state": "VA", "area-code": "703"}, {"id": "e81c9350d54f66c6d33b3747eeb13245", "number": "2015958636", "date": "2021-01-22 21:04:16", "subject": "3", "recorded-or-robo": "Y", "city": "", "state": "NJ", "area-code": "201"}]}