{"data": [{"id": "1d36742e3f24f50e4e7ae8280113af07", "number": "2814179872", "date": "2021-01-22 13:18:00", "subject": "3", "recorded-or-robo": "N", "city": "", "state": "TX", "area-code": "210"}, {"id": "e81c9350d54f66c6d33b3747ee7ea5c2", "number": "", "date": "2021-01-22 11:00:00", "subject": "0", "recorded-or-robo": "Y", "city": "Milwaukie", "state": "OR", "area-code": "503"}, {"id": "1d36742e3f24f50e4e7ae8280113a824", "number": "", "date": "2021-01-22 11:00:00", "subject": "0", "recorded-or-robo": "Y", "city": "Milwaukie", "state": "OR", "area-code": "503"}, {"id": "e81c9350d54f66c6d33b3747ee7e97f1", "number": "8177834950", "date": "2021-01-22 12:29:00", "subject": "4", "recorded-or-robo": "Y", "city": "", "state": "TX", "area-code": "817"}, {"id": "1d36742e3f24f50e4e7ae8280113a488", "number": "8177834950", "date": "2021-01-22 12:29:00", "subject": "4", "recorded-or-robo": "Y", "city": "", "state": "TX", "area-code": "817"}, {"id": "e81c9350d54f66c6d33b3747eeaa2f76", "number": "4157822809", "date": "2021-01-22 20:14:44", "subject": "3", "recorded-or-robo": "Y", "city": "", "state": "CA", "area-code": "949"}, {"id": "1d36742e3f24f50e4e7ae828013f30e6", "number": "4157822809", "date": "2021-01-22 20:14:44", "subject": "3", "recorded-or-robo": "Y", "city": "", "state": "CA", "area-code": "949"}, {"id": "e81c9350d54f66c6d33b3747ee7e8e83", "number": "9252123629", "date": "2021-01-22 14:54:00", "subject": "2", "recorded-or-robo": "Y", "city": "Arroyo Grande", "state": "CA", "area-code": "925"}, {"id": "1d36742e3f24f50e4e7ae82801139b68", "number": "9252123629", "date": "2021-01-22 14:54:00", "subject": "2", "recorded-or-robo": "Y", "city": "Arroyo Grande", "state": "CA", "area-code": "925"}, {"id": "e81c9350d54f66c6d33b3747ee7e8e4b", "number": "4257034268", "date": "2021-01-22 20:09:00", "subject": "13", "recorded-or-robo": "Y", "city": "Vancouver", "state": "WA", "area-code": "360"}, {"id": "1d36742e3f24f50e4e7ae82801138eb5", "number": "4257034268", "date": "2021-01-22 20:09:00", "subject": "13", "recorded-or-robo": "Y", "city": "Vancouver", "state": "WA", "area-code": "360"}, {"id": "e81c9350d54f66c6d33b3747ee7e8a72", "number": "6672396280", "date": "2021-01-22 15:26:00", "subject": "0", "recorded-or-robo": "N", "city": "Oldtown", "state": "MD", "area-code": "301"}, {"id": "1d36742e3f24f50e4e7ae82801138430", "number": "6672396280", "date": "2021-01-22 15:26:00", "subject": "0", "recorded-or-robo": "N", "city": "Oldtown", "state": "MD", "area-code": "301"}, {"id": "e81c9350d54f66c6d33b3747ee7e8794", "number": "9733785649", "date": "2021-01-20 15:40:00", "subject": "2", "recorded-or-robo": "Y", "city": "South Orange", "state": "NJ", "area-code": "973"}, {"id": "1d36742e3f24f50e4e7ae828011383e9", "number": "9733785649", "date": "2021-01-20 15:40:00", "subject": "2", "recorded-or-robo": "Y", "city": "South Orange", "state": "NJ", "area-code": "973"}, {"id": "e81c9350d54f66c6d33b3747ee7e8125", "number": "8335951058", "date": "2021-01-22 12:42:00", "subject": "0", "recorded-or-robo": "Y", "city": "Cumberland Furnace", "state": "TN", "area-code": "615"}, {"id": "1d36742e3f24f50e4e7ae828011383b3", "number": "8335951058", "date": "2021-01-22 12:42:00", "subject": "0", "recorded-or-robo": "Y", "city": "Cumberland Furnace", "state": "TN", "area-code": "615"}, {"id": "e81c9350d54f66c6d33b3747ee7e76bc", "number": "3043435543", "date": "2021-01-22 11:43:00", "subject": "4", "recorded-or-robo": "Y", "city": "Fairmont", "state": "WV", "area-code": "304"}, {"id": "e81c9350d54f66c6d33b3747ee7e7487", "number": "9125007001", "date": "2021-01-22 13:49:00", "subject": "3", "recorded-or-robo": "N", "city": "", "state": "TX", "area-code": "210"}, {"id": "1d36742e3f24f50e4e7ae828011376e7", "number": "3043435543", "date": "2021-01-22 11:43:00", "subject": "4", "recorded-or-robo": "Y", "city": "Fairmont", "state": "WV", "area-code": "304"}, {"id": "1d36742e3f24f50e4e7ae8280113681c", "number": "9125007001", "date": "2021-01-22 13:49:00", "subject": "3", "recorded-or-robo": "N", "city": "", "state": "TX", "area-code": "210"}, {"id": "e81c9350d54f66c6d33b3747eeaa2ff6", "number": "8175089713", "date": "2021-01-22 20:14:13", "subject": "3", "recorded-or-robo": "Y", "city": "", "state": "TX", "area-code": "210"}, {"id": "1d36742e3f24f50e4e7ae828013f3f54", "number": "8175089713", "date": "2021-01-22 20:14:13", "subject": "3", "recorded-or-robo": "Y", "city": "", "state": "TX", "area-code": "210"}, {"id": "e81c9350d54f66c6d33b3747eeaa6320", "number": "8175089713", "date": "2021-01-22 20:14:12", "subject": "3", "recorded-or-robo": "Y", "city": "", "state": "TX", "area-code": "210"}, {"id": "1d36742e3f24f50e4e7ae828013f59d6", "number": "8175089713", "date": "2021-01-22 20:14:12", "subject": "3", "recorded-or-robo": "Y", "city": "", "state": "TX", "area-code": "210"}, {"id": "e81c9350d54f66c6d33b3747ee7e7294", "number": "7193700543", "date": "2021-01-22 18:12:00", "subject": "0", "recorded-or-robo": "Y", "city": "Colorado Springs", "state": "CO", "area-code": "719"}, {"id": "1d36742e3f24f50e4e7ae82801135d85", "number": "7193700543", "date": "2021-01-22 18:12:00", "subject": "0", "recorded-or-robo": "Y", "city": "Colorado Springs", "state": "CO", "area-code": "719"}, {"id": "e81c9350d54f66c6d33b3747eeaa3629", "number": "6143494145", "date": "2021-01-22 20:13:58", "subject": "3", "recorded-or-robo": "Y", "city": "", "state": "OH", "area-code": "216"}, {"id": "1d36742e3f24f50e4e7ae828013f46b5", "number": "6143494145", "date": "2021-01-22 20:13:58", "subject": "3", "recorded-or-robo": "Y", "city": "", "state": "OH", "area-code": "216"}, {"id": "e81c9350d54f66c6d33b3747ee7e6b75", "number": "8155877329", "date": "2021-01-19 15:18:00", "subject": "2", "recorded-or-robo": "Y", "city": "", "state": "IL", "area-code": "815"}, {"id": "1d36742e3f24f50e4e7ae82801135401", "number": "8155877329", "date": "2021-01-19 15:18:00", "subject": "2", "recorded-or-robo": "Y", "city": "", "state": "IL", "area-code": "815"}, {"id": "e81c9350d54f66c6d33b3747ee7e6818", "number": "9252123617", "date": "2021-01-22 14:47:00", "subject": "2", "recorded-or-robo": "Y", "city": "Arroyo Grande", "state": "CA", "area-code": "925"}, {"id": "1d36742e3f24f50e4e7ae8280113535e", "number": "9252123617", "date": "2021-01-22 14:47:00", "subject": "2", "recorded-or-robo": "Y", "city": "Arroyo Grande", "state": "CA", "area-code": "925"}, {"id": "e81c9350d54f66c6d33b3747ee7e5bcd", "number": "4793419208", "date": "2021-01-21 13:27:00", "subject": "3", "recorded-or-robo": "Y", "city": "", "state": "AR", "area-code": "479"}, {"id": "e81c9350d54f66c6d33b3747ee7e55cf", "number": "6194196076", "date": "2021-01-22 12:24:00", "subject": "0", "recorded-or-robo": "N", "city": "San Diego", "state": "CA", "area-code": "619"}, {"id": "1d36742e3f24f50e4e7ae82801134fa1", "number": "4793419208", "date": "2021-01-21 13:27:00", "subject": "3", "recorded-or-robo": "Y", "city": "", "state": "AR", "area-code": "479"}, {"id": "1d36742e3f24f50e4e7ae82801134812", "number": "6194196076", "date": "2021-01-22 12:24:00", "subject": "0", "recorded-or-robo": "N", "city": "San Diego", "state": "CA", "area-code": "619"}, {"id": "e81c9350d54f66c6d33b3747eeaa617f", "number": "8433503204", "date": "2021-01-22 20:13:46", "subject": "3", "recorded-or-robo": "Y", "city": "", "state": "SC", "area-code": "864"}, {"id": "1d36742e3f24f50e4e7ae828013f521b", "number": "8433503204", "date": "2021-01-22 20:13:46", "subject": "3", "recorded-or-robo": "Y", "city": "", "state": "SC", "area-code": "864"}, {"id": "e81c9350d54f66c6d33b3747ee7e4ab1", "number": "6164537219", "date": "2021-01-22 18:05:00", "subject": "2", "recorded-or-robo": "Y", "city": "", "state": "MI", "area-code": "616"}, {"id": "1d36742e3f24f50e4e7ae82801133c67", "number": "6164537219", "date": "2021-01-22 18:05:00", "subject": "2", "recorded-or-robo": "Y", "city": "", "state": "MI", "area-code": "616"}, {"id": "e81c9350d54f66c6d33b3747ee7e3daa", "number": "4079822045", "date": "2021-01-22 12:00:00", "subject": "2", "recorded-or-robo": "Y", "city": "GREENSBORO", "state": "NC", "area-code": "336"}, {"id": "1d36742e3f24f50e4e7ae82801132ced", "number": "4079822045", "date": "2021-01-22 12:00:00", "subject": "2", "recorded-or-robo": "Y", "city": "GREENSBORO", "state": "NC", "area-code": "336"}, {"id": "e81c9350d54f66c6d33b3747ee7e33d7", "number": "5103286472", "date": "2021-01-22 14:41:00", "subject": "11", "recorded-or-robo": "Y", "city": "GALENA", "state": "IL", "area-code": "843"}, {"id": "1d36742e3f24f50e4e7ae82801132465", "number": "5103286472", "date": "2021-01-22 14:41:00", "subject": "11", "recorded-or-robo": "Y", "city": "GALENA", "state": "IL", "area-code": "843"}, {"id": "e81c9350d54f66c6d33b3747ee7e30a8", "number": "9733753278", "date": "2021-01-20 13:33:00", "subject": "2", "recorded-or-robo": "Y", "city": "South Orange", "state": "NJ", "area-code": "973"}, {"id": "e81c9350d54f66c6d33b3747ee7e27b7", "number": "2108991677", "date": "2021-01-22 13:53:00", "subject": "3", "recorded-or-robo": "N", "city": "", "state": "TX", "area-code": "210"}, {"id": "1d36742e3f24f50e4e7ae8280113161e", "number": "9733753278", "date": "2021-01-20 13:33:00", "subject": "2", "recorded-or-robo": "Y", "city": "South Orange", "state": "NJ", "area-code": "973"}, {"id": "1d36742e3f24f50e4e7ae82801131014", "number": "2108991677", "date": "2021-01-22 13:53:00", "subject": "3", "recorded-or-robo": "N", "city": "", "state": "TX", "area-code": "210"}, {"id": "e81c9350d54f66c6d33b3747eeaa0525", "number": "+15085705457", "date": "2021-01-22 20:13:26", "subject": "3", "recorded-or-robo": "Y", "city": "", "state": "CA", "area-code": "818"}]}