{"data": [{"id": "1d36742e3f24f50e4e7ae828010b4b8a", "number": "3144964934", "date": "2021-01-22 18:35:00", "subject": "1", "recorded-or-robo": "Y", "city": "", "state": "MO", "area-code": "314"}, {"id": "e81c9350d54f66c6d33b3747eea78aec", "number": "5166211661", "date": "2021-01-22 19:48:56", "subject": "3", "recorded-or-robo": "Y", "city": "", "state": "MO", "area-code": "314"}, {"id": "1d36742e3f24f50e4e7ae828013c62e8", "number": "5166211661", "date": "2021-01-22 19:48:56", "subject": "3", "recorded-or-robo": "Y", "city": "", "state": "MO", "area-code": "314"}, {"id": "e81c9350d54f66c6d33b3747eea7b4ff", "number": "5166211661", "date": "2021-01-22 19:48:54", "subject": "3", "recorded-or-robo": "Y", "city": "", "state": "MO", "area-code": "314"}, {"id": "1d36742e3f24f50e4e7ae828013c8398", "number": "5166211661", "date": "2021-01-22 19:48:54", "subject": "3", "recorded-or-robo": "Y", "city": "", "state": "MO", "area-code": "314"}, {"id": "e81c9350d54f66c6d33b3747ee765caf", "number": "9285385456", "date": "2021-01-22 15:05:00", "subject": "0", "recorded-or-robo": "Y", "city": "Westchester", "state": "IL", "area-code": "708"}, {"id": "1d36742e3f24f50e4e7ae828010b4701", "number": "9285385456", "date": "2021-01-22 15:05:00", "subject": "0", "recorded-or-robo": "Y", "city": "Westchester", "state": "IL", "area-code": "708"}, {"id": "e81c9350d54f66c6d33b3747eea764dc", "number": "+19522421425", "date": "2021-01-22 19:48:39", "subject": "3", "recorded-or-robo": "Y", "city": "", "state": "MN", "area-code": "952"}, {"id": "1d36742e3f24f50e4e7ae828013c31da", "number": "+19522421425", "date": "2021-01-22 19:48:39", "subject": "3", "recorded-or-robo": "Y", "city": "", "state": "MN", "area-code": "952"}, {"id": "e81c9350d54f66c6d33b3747ee765092", "number": "4133566225", "date": "2021-01-21 14:26:00", "subject": "0", "recorded-or-robo": "", "city": "Southampton", "state": "MA", "area-code": "413"}, {"id": "1d36742e3f24f50e4e7ae828010b3c0c", "number": "4133566225", "date": "2021-01-21 14:26:00", "subject": "0", "recorded-or-robo": "", "city": "Southampton", "state": "MA", "area-code": "413"}, {"id": "e81c9350d54f66c6d33b3747ee764183", "number": "2604120932", "date": "2021-01-22 15:43:00", "subject": "5", "recorded-or-robo": "N", "city": "", "state": "NC", "area-code": "704"}, {"id": "1d36742e3f24f50e4e7ae828010b33d5", "number": "2604120932", "date": "2021-01-22 15:43:00", "subject": "5", "recorded-or-robo": "N", "city": "", "state": "NC", "area-code": "704"}, {"id": "e81c9350d54f66c6d33b3747ee7632bd", "number": "4798712950", "date": "2021-01-12 12:45:00", "subject": "3", "recorded-or-robo": "Y", "city": "", "state": "AR", "area-code": "479"}, {"id": "1d36742e3f24f50e4e7ae828010b333e", "number": "4798712950", "date": "2021-01-12 12:45:00", "subject": "3", "recorded-or-robo": "Y", "city": "", "state": "AR", "area-code": "479"}, {"id": "e81c9350d54f66c6d33b3747eea7f0ec", "number": "7472653530", "date": "2021-01-22 19:48:25", "subject": "3", "recorded-or-robo": "N", "city": "", "state": "CA", "area-code": "626"}, {"id": "e81c9350d54f66c6d33b3747ee7624e5", "number": "2254785326", "date": "2021-01-22 18:40:00", "subject": "2", "recorded-or-robo": "Y", "city": "", "state": "LA", "area-code": "225"}, {"id": "1d36742e3f24f50e4e7ae828013cd551", "number": "7472653530", "date": "2021-01-22 19:48:25", "subject": "3", "recorded-or-robo": "N", "city": "", "state": "CA", "area-code": "626"}, {"id": "1d36742e3f24f50e4e7ae828010b240c", "number": "2254785326", "date": "2021-01-22 18:40:00", "subject": "2", "recorded-or-robo": "Y", "city": "", "state": "LA", "area-code": "225"}, {"id": "e81c9350d54f66c6d33b3747eea77e18", "number": "+13162046632", "date": "2021-01-22 19:48:22", "subject": "3", "recorded-or-robo": "N", "city": "", "state": "KS", "area-code": "316"}, {"id": "1d36742e3f24f50e4e7ae828013c4de8", "number": "+13162046632", "date": "2021-01-22 19:48:22", "subject": "3", "recorded-or-robo": "N", "city": "", "state": "KS", "area-code": "316"}, {"id": "e81c9350d54f66c6d33b3747ee761f83", "number": "8663581808", "date": "2021-01-17 15:06:00", "subject": "2", "recorded-or-robo": "Y", "city": "Medford", "state": "OR", "area-code": "541"}, {"id": "1d36742e3f24f50e4e7ae828010b1428", "number": "8663581808", "date": "2021-01-17 15:06:00", "subject": "2", "recorded-or-robo": "Y", "city": "Medford", "state": "OR", "area-code": "541"}, {"id": "e81c9350d54f66c6d33b3747ee761928", "number": "4057733897", "date": "2021-01-22 14:10:00", "subject": "5", "recorded-or-robo": "N", "city": "Spencer", "state": "OK", "area-code": "405"}, {"id": "1d36742e3f24f50e4e7ae828010b08cd", "number": "4057733897", "date": "2021-01-22 14:10:00", "subject": "5", "recorded-or-robo": "N", "city": "Spencer", "state": "OK", "area-code": "405"}, {"id": "e81c9350d54f66c6d33b3747eea7eaad", "number": "+13162601240", "date": "2021-01-22 19:48:06", "subject": "3", "recorded-or-robo": "N", "city": "", "state": "KS", "area-code": "316"}, {"id": "1d36742e3f24f50e4e7ae828013cbb82", "number": "+13162601240", "date": "2021-01-22 19:48:06", "subject": "3", "recorded-or-robo": "N", "city": "", "state": "KS", "area-code": "316"}, {"id": "e81c9350d54f66c6d33b3747ee7616d1", "number": "2034120932", "date": "2021-01-22 15:38:00", "subject": "0", "recorded-or-robo": "N", "city": "", "state": "NC", "area-code": "704"}, {"id": "1d36742e3f24f50e4e7ae828010afbcf", "number": "2034120932", "date": "2021-01-22 15:38:00", "subject": "0", "recorded-or-robo": "N", "city": "", "state": "NC", "area-code": "704"}, {"id": "e81c9350d54f66c6d33b3747ee760f03", "number": "7137671162", "date": "2021-01-22 16:08:00", "subject": "6", "recorded-or-robo": "Y", "city": "Houston", "state": "TX", "area-code": "713"}, {"id": "1d36742e3f24f50e4e7ae828010af498", "number": "7137671162", "date": "2021-01-22 16:08:00", "subject": "6", "recorded-or-robo": "Y", "city": "Houston", "state": "TX", "area-code": "713"}, {"id": "e81c9350d54f66c6d33b3747ee76042f", "number": "", "date": "2021-01-22 16:31:00", "subject": "5", "recorded-or-robo": "Y", "city": "", "state": "LA", "area-code": "337"}, {"id": "1d36742e3f24f50e4e7ae828010af37a", "number": "", "date": "2021-01-22 16:31:00", "subject": "5", "recorded-or-robo": "Y", "city": "", "state": "LA", "area-code": "337"}, {"id": "e81c9350d54f66c6d33b3747ee75f839", "number": "6302215363", "date": "2021-01-22 13:23:00", "subject": "2", "recorded-or-robo": "Y", "city": "Hanover Park", "state": "IL", "area-code": "630"}, {"id": "1d36742e3f24f50e4e7ae828010ae4ab", "number": "6302215363", "date": "2021-01-22 13:23:00", "subject": "2", "recorded-or-robo": "Y", "city": "Hanover Park", "state": "IL", "area-code": "630"}, {"id": "e81c9350d54f66c6d33b3747ee75f6aa", "number": "3144963343", "date": "2021-01-22 18:16:00", "subject": "1", "recorded-or-robo": "Y", "city": "", "state": "MO", "area-code": "314"}, {"id": "e81c9350d54f66c6d33b3747ee75ee31", "number": "2175504239", "date": "2021-01-22 14:51:00", "subject": "2", "recorded-or-robo": "", "city": "", "state": "IL", "area-code": "217"}, {"id": "e81c9350d54f66c6d33b3747ee75ee05", "number": "5074676973", "date": "2021-01-21 13:53:00", "subject": "0", "recorded-or-robo": "", "city": "Southampton", "state": "MA", "area-code": "413"}, {"id": "1d36742e3f24f50e4e7ae828010ad924", "number": "3144963343", "date": "2021-01-22 18:16:00", "subject": "1", "recorded-or-robo": "Y", "city": "", "state": "MO", "area-code": "314"}, {"id": "1d36742e3f24f50e4e7ae828010ad415", "number": "2175504239", "date": "2021-01-22 14:51:00", "subject": "2", "recorded-or-robo": "", "city": "", "state": "IL", "area-code": "217"}, {"id": "1d36742e3f24f50e4e7ae828010ad3bb", "number": "5074676973", "date": "2021-01-21 13:53:00", "subject": "0", "recorded-or-robo": "", "city": "Southampton", "state": "MA", "area-code": "413"}, {"id": "e81c9350d54f66c6d33b3747ee75ec5b", "number": "6098481489", "date": "2021-01-22 17:58:00", "subject": "2", "recorded-or-robo": "N", "city": "", "state": "NJ", "area-code": "973"}, {"id": "1d36742e3f24f50e4e7ae828010ad00a", "number": "6098481489", "date": "2021-01-22 17:58:00", "subject": "2", "recorded-or-robo": "N", "city": "", "state": "NJ", "area-code": "973"}, {"id": "e81c9350d54f66c6d33b3747ee75ec1c", "number": "7082275269", "date": "2021-01-22 14:27:00", "subject": "0", "recorded-or-robo": "", "city": "Monee", "state": "IL", "area-code": "708"}, {"id": "1d36742e3f24f50e4e7ae828010ac158", "number": "7082275269", "date": "2021-01-22 14:27:00", "subject": "0", "recorded-or-robo": "", "city": "Monee", "state": "IL", "area-code": "708"}, {"id": "e81c9350d54f66c6d33b3747ee75e80f", "number": "8663585107", "date": "2021-01-17 15:13:00", "subject": "2", "recorded-or-robo": "Y", "city": "Medford", "state": "OR", "area-code": "541"}, {"id": "1d36742e3f24f50e4e7ae828010ab833", "number": "8663585107", "date": "2021-01-17 15:13:00", "subject": "2", "recorded-or-robo": "Y", "city": "Medford", "state": "OR", "area-code": "541"}, {"id": "e81c9350d54f66c6d33b3747ee75da2f", "number": "6467401560", "date": "2021-01-22 00:00:00", "subject": "3", "recorded-or-robo": "Y", "city": "", "state": "NY", "area-code": "212"}, {"id": "1d36742e3f24f50e4e7ae828010ab129", "number": "6467401560", "date": "2021-01-22 00:00:00", "subject": "3", "recorded-or-robo": "Y", "city": "", "state": "NY", "area-code": "212"}, {"id": "e81c9350d54f66c6d33b3747eea69acd", "number": "8603216816", "date": "2021-01-22 19:47:16", "subject": "3", "recorded-or-robo": "Y", "city": "", "state": "CT", "area-code": "860"}]}