{"data": [{"id": "490dde24b259add1335244cd1b36c460", "number": "2542606018", "date": "2021-01-26 10:37:00", "subject": "1", "recorded-or-robo": "Y", "city": "Temple", "state": "TX", "area-code": "254"}, {"id": "490dde24b259add1335244cd1b366c9a", "number": "5172583570", "date": "2021-01-26 09:52:00", "subject": "3", "recorded-or-robo": "", "city": "", "state": "MI", "area-code": "517"}, {"id": "490dde24b259add1335244cd1b36bfda", "number": "4198904135", "date": "2021-01-26 11:14:00", "subject": "3", "recorded-or-robo": "Y", "city": "", "state": "OH", "area-code": "419"}, {"id": "490dde24b259add1335244cd1b36b9ea", "number": "6092259243", "date": "2021-01-26 10:39:00", "subject": "0", "recorded-or-robo": "Y", "city": "", "state": "NJ", "area-code": "856"}, {"id": "490dde24b259add1335244cd1b36b6e4", "number": "6789726930", "date": "2021-01-26 11:35:00", "subject": "2", "recorded-or-robo": "Y", "city": "Woodbridge", "state": "VA", "area-code": "678"}, {"id": "490dde24b259add1335244cd1b36b147", "number": "5862638013", "date": "2021-01-26 11:38:00", "subject": "0", "recorded-or-robo": "N", "city": "", "state": "MI", "area-code": "586"}, {"id": "490dde24b259add1335244cd1b36acf5", "number": "", "date": "2021-01-26 10:18:00", "subject": "2", "recorded-or-robo": "Y", "city": "Southampton", "state": "PA", "area-code": "469"}, {"id": "490dde24b259add1335244cd1b36aacf", "number": "4252962337", "date": "2021-01-26 08:40:00", "subject": "2", "recorded-or-robo": "Y", "city": "Bothell", "state": "WA", "area-code": "425"}, {"id": "490dde24b259add1335244cd1b369e08", "number": "2019887224", "date": "2021-01-26 11:40:00", "subject": "4", "recorded-or-robo": "Y", "city": "", "state": "NJ", "area-code": "201"}, {"id": "490dde24b259add1335244cd1b3693e9", "number": "7692102208", "date": "2021-01-25 06:16:00", "subject": "0", "recorded-or-robo": "N", "city": "Honolulu", "state": "HI", "area-code": "808"}, {"id": "490dde24b259add1335244cd1b3693d8", "number": "7738547895", "date": "2021-01-26 10:31:00", "subject": "3", "recorded-or-robo": "N", "city": "", "state": "IL", "area-code": "773"}, {"id": "490dde24b259add1335244cd1b36857a", "number": "9034734855", "date": "2021-01-25 14:28:00", "subject": "4", "recorded-or-robo": "Y", "city": "", "state": "TX", "area-code": "254"}, {"id": "490dde24b259add1335244cd1b368557", "number": "2085955852", "date": "2021-01-26 10:39:00", "subject": "4", "recorded-or-robo": "Y", "city": "St Paul", "state": "MN", "area-code": "208"}, {"id": "490dde24b259add1335244cd1b367e63", "number": "6182299290", "date": "2021-01-26 08:55:00", "subject": "4", "recorded-or-robo": "Y", "city": "Chicago", "state": "IL", "area-code": "773"}, {"id": "490dde24b259add1335244cd1b367a07", "number": "3363767002", "date": "2021-01-13 13:07:00", "subject": "5", "recorded-or-robo": "Y", "city": "High Point", "state": "NC", "area-code": "336"}, {"id": "490dde24b259add1335244cd1b3666f8", "number": "9364112860", "date": "2021-01-13 11:21:00", "subject": "4", "recorded-or-robo": "Y", "city": "Dallas", "state": "TX", "area-code": "214"}, {"id": "490dde24b259add1335244cd1b3661a2", "number": "5808908269", "date": "2021-01-26 22:32:00", "subject": "2", "recorded-or-robo": "Y", "city": "", "state": "OK", "area-code": "580"}, {"id": "490dde24b259add1335244cd1b365438", "number": "7083401373", "date": "2021-01-19 09:41:00", "subject": "4", "recorded-or-robo": "Y", "city": "Littleton", "state": "CO", "area-code": "303"}, {"id": "490dde24b259add1335244cd1b364f67", "number": "7168017258", "date": "2021-01-26 11:31:00", "subject": "4", "recorded-or-robo": "Y", "city": "Providence", "state": "RI", "area-code": "716"}, {"id": "490dde24b259add1335244cd1b364e98", "number": "8505537857", "date": "2021-01-26 10:36:00", "subject": "0", "recorded-or-robo": "Y", "city": "Pace", "state": "FL", "area-code": "850"}, {"id": "490dde24b259add1335244cd1b3642dc", "number": "", "date": "2021-01-26 10:54:00", "subject": "12", "recorded-or-robo": "Y", "city": "Stuart", "state": "FL", "area-code": "772"}, {"id": "490dde24b259add1335244cd1b363b6a", "number": "8063834634", "date": "2021-01-26 07:51:00", "subject": "2", "recorded-or-robo": "Y", "city": "Santa Ana", "state": "CA", "area-code": "714"}, {"id": "490dde24b259add1335244cd1b362b7d", "number": "3363767002", "date": "2021-01-07 11:19:00", "subject": "1", "recorded-or-robo": "Y", "city": "High Point", "state": "NC", "area-code": "336"}, {"id": "490dde24b259add1335244cd1b362b2b", "number": "9182862674", "date": "2021-01-26 10:40:00", "subject": "6", "recorded-or-robo": "Y", "city": "", "state": "OK", "area-code": "918"}, {"id": "490dde24b259add1335244cd1b362a78", "number": "7864604502", "date": "2021-01-26 11:29:00", "subject": "4", "recorded-or-robo": "N", "city": "Albemarle", "state": "NC", "area-code": "407"}, {"id": "490dde24b259add1335244cd1b362964", "number": "5412889644", "date": "2021-01-26 08:37:00", "subject": "2", "recorded-or-robo": "Y", "city": "Portland", "state": "OR", "area-code": "503"}, {"id": "490dde24b259add1335244cd1b361ad2", "number": "9788686240", "date": "2021-01-26 11:32:00", "subject": "1", "recorded-or-robo": "Y", "city": "Arlington", "state": "VA", "area-code": "978"}, {"id": "490dde24b259add1335244cd1b360e04", "number": "7657272806", "date": "2021-01-25 10:06:00", "subject": "0", "recorded-or-robo": "N", "city": "Honolulu", "state": "HI", "area-code": "808"}, {"id": "490dde24b259add1335244cd1b36073d", "number": "8881701198616", "date": "2021-01-26 09:45:00", "subject": "2", "recorded-or-robo": "Y", "city": "Lake Shore", "state": "MN", "area-code": "218"}, {"id": "490dde24b259add1335244cd1b35fd94", "number": "2108923637", "date": "2021-01-26 10:35:00", "subject": "3", "recorded-or-robo": "N", "city": "Devine", "state": "TX", "area-code": "210"}, {"id": "490dde24b259add1335244cd1b35f434", "number": "7042669110", "date": "2021-01-20 10:47:00", "subject": "2", "recorded-or-robo": "Y", "city": "Matthews", "state": "NC", "area-code": "704"}, {"id": "490dde24b259add1335244cd1b35e997", "number": "2099321034", "date": "2021-01-26 08:37:00", "subject": "3", "recorded-or-robo": "", "city": "Las Vegas", "state": "NV", "area-code": "702"}, {"id": "490dde24b259add1335244cd1b35e1d1", "number": "", "date": "2021-01-26 08:14:00", "subject": "1", "recorded-or-robo": "Y", "city": "Minneapolis", "state": "MN", "area-code": "813"}, {"id": "490dde24b259add1335244cd1b35d5b8", "number": "", "date": "2021-01-26 11:37:00", "subject": "2", "recorded-or-robo": "Y", "city": "Simpsonville", "state": "SC", "area-code": "864"}, {"id": "490dde24b259add1335244cd1b35d365", "number": "8555439011", "date": "2021-01-26 11:39:00", "subject": "0", "recorded-or-robo": "Y", "city": "", "state": "MA", "area-code": "978"}, {"id": "490dde24b259add1335244cd1b35c798", "number": "9102758208", "date": "2021-01-26 11:39:00", "subject": "0", "recorded-or-robo": "N", "city": "Fayetteville", "state": "NC", "area-code": "910"}, {"id": "490dde24b259add1335244cd1b35be34", "number": "3056631358", "date": "2021-01-26 11:38:00", "subject": "2", "recorded-or-robo": "Y", "city": "Miami Gardens", "state": "FL", "area-code": "305"}, {"id": "490dde24b259add1335244cd1b35b8ff", "number": "8332297978", "date": "2021-01-25 11:59:00", "subject": "2", "recorded-or-robo": "Y", "city": "Mooresville", "state": "IN", "area-code": "317"}, {"id": "490dde24b259add1335244cd1b35b77b", "number": "3363600471", "date": "2021-01-08 10:46:00", "subject": "6", "recorded-or-robo": "Y", "city": "High Point", "state": "NC", "area-code": "336"}, {"id": "490dde24b259add1335244cd1b35b5fd", "number": "8475970508", "date": "2021-01-26 10:49:00", "subject": "0", "recorded-or-robo": "Y", "city": "Huntersville", "state": "NC", "area-code": "847"}, {"id": "490dde24b259add1335244cd1b35b0a4", "number": "2075793573", "date": "2021-01-25 16:30:00", "subject": "4", "recorded-or-robo": "Y", "city": "BROOKSVILLE", "state": "ME", "area-code": "207"}, {"id": "490dde24b259add1335244cd1b35a655", "number": "3215930143", "date": "2021-01-25 15:23:00", "subject": "1", "recorded-or-robo": "Y", "city": "", "state": "NM", "area-code": "575"}, {"id": "490dde24b259add1335244cd1b35a62e", "number": "6034591229", "date": "2021-01-26 11:36:00", "subject": "6", "recorded-or-robo": "Y", "city": "Contoocook", "state": "NH", "area-code": "603"}, {"id": "490dde24b259add1335244cd1b359bdd", "number": "7755719819", "date": "2021-01-26 11:36:00", "subject": "4", "recorded-or-robo": "Y", "city": "Southport", "state": "NC", "area-code": "410"}, {"id": "490dde24b259add1335244cd1b359908", "number": "7208583636", "date": "2021-01-26 09:39:00", "subject": "4", "recorded-or-robo": "Y", "city": "", "state": "CO", "area-code": "303"}, {"id": "490dde24b259add1335244cd1b3597b8", "number": "7207900608", "date": "2021-01-26 09:34:00", "subject": "4", "recorded-or-robo": "Y", "city": "", "state": "CO", "area-code": "720"}, {"id": "490dde24b259add1335244cd1b358e6e", "number": "5864294582", "date": "2021-01-26 09:39:00", "subject": "1", "recorded-or-robo": "Y", "city": "Golden", "state": "CO", "area-code": "303"}, {"id": "490dde24b259add1335244cd1b358592", "number": "8504299556", "date": "2021-01-26 10:39:00", "subject": "7", "recorded-or-robo": "Y", "city": "Pensacola", "state": "FL", "area-code": "850"}, {"id": "490dde24b259add1335244cd1b357c15", "number": "", "date": "2021-01-26 11:05:00", "subject": "1", "recorded-or-robo": "Y", "city": "Creighton", "state": "PA", "area-code": "888"}, {"id": "490dde24b259add1335244cd1b354d68", "number": "5702558774", "date": "2021-01-26 11:19:00", "subject": "3", "recorded-or-robo": "", "city": "", "state": "PA", "area-code": "570"}]}