{"data": [{"id": "490dde24b259add1335244cd1b7bd4a5", "number": "9379161737", "date": "2021-01-26 13:04:00", "subject": "4", "recorded-or-robo": "Y", "city": "Vandalia", "state": "OH", "area-code": "937"}, {"id": "490dde24b259add1335244cd1b7bd120", "number": "4067160316", "date": "2021-01-26 10:02:00", "subject": "1", "recorded-or-robo": "Y", "city": "West Linn", "state": "OR", "area-code": "503"}, {"id": "490dde24b259add1335244cd1b7bc125", "number": "9096848744", "date": "2021-01-26 09:34:00", "subject": "3", "recorded-or-robo": "Y", "city": "Redlands", "state": "CA", "area-code": "909"}, {"id": "490dde24b259add1335244cd1b7bbe0f", "number": "", "date": "2021-01-26 11:59:00", "subject": "0", "recorded-or-robo": "Y", "city": "Forest Lake", "state": "MN", "area-code": "941"}, {"id": "490dde24b259add1335244cd1b7bbbc6", "number": "6199663278", "date": "2021-01-26 00:00:00", "subject": "4", "recorded-or-robo": "Y", "city": "", "state": "CA", "area-code": "619"}, {"id": "490dde24b259add1335244cd1b7bb2e0", "number": "8124132436", "date": "2021-01-19 15:48:00", "subject": "2", "recorded-or-robo": "Y", "city": "Lubbock", "state": "TX", "area-code": "575"}, {"id": "490dde24b259add1335244cd1b7ba61d", "number": "2604842574", "date": "2021-01-22 08:53:00", "subject": "3", "recorded-or-robo": "", "city": "", "state": "IN", "area-code": "260"}, {"id": "490dde24b259add1335244cd1b7b9c6e", "number": "2063853041", "date": "2021-01-26 08:56:00", "subject": "0", "recorded-or-robo": "Y", "city": "Seattle", "state": "WA", "area-code": "206"}, {"id": "490dde24b259add1335244cd1b7b9191", "number": "8773422209", "date": "2021-01-21 12:00:00", "subject": "5", "recorded-or-robo": "Y", "city": "Rochester", "state": "MN", "area-code": "507"}, {"id": "490dde24b259add1335244cd1b7b87e1", "number": "8556785758", "date": "2021-01-23 08:46:00", "subject": "1", "recorded-or-robo": "Y", "city": "", "state": "IN", "area-code": "574"}, {"id": "490dde24b259add1335244cd1b7b7c3a", "number": "3344149242", "date": "2021-01-26 12:01:00", "subject": "2", "recorded-or-robo": "Y", "city": "Ozark", "state": "AL", "area-code": "334"}, {"id": "490dde24b259add1335244cd1b7b6ead", "number": "9016788888", "date": "2020-12-22 00:00:00", "subject": "2", "recorded-or-robo": "Y", "city": "Memphis", "state": "TN", "area-code": "901"}, {"id": "490dde24b259add1335244cd1b7b693d", "number": "7705744196", "date": "2021-01-26 12:58:00", "subject": "2", "recorded-or-robo": "Y", "city": "Dallas", "state": "GA", "area-code": "770"}, {"id": "490dde24b259add1335244cd1b7b654c", "number": "7137248865", "date": "2021-01-26 09:55:00", "subject": "2", "recorded-or-robo": "Y", "city": "Las Vegas", "state": "NV", "area-code": "325"}, {"id": "490dde24b259add1335244cd1b7b55a1", "number": "7123401524", "date": "2021-01-26 12:00:00", "subject": "9", "recorded-or-robo": "N", "city": "Ida Grove", "state": "IA", "area-code": "712"}, {"id": "490dde24b259add1335244cd1b7b4fa0", "number": "2037239631", "date": "2021-01-26 13:01:00", "subject": "3", "recorded-or-robo": "Y", "city": "", "state": "CT", "area-code": "203"}, {"id": "490dde24b259add1335244cd1b7b44c6", "number": "7158041012", "date": "2021-01-26 13:02:00", "subject": "2", "recorded-or-robo": "Y", "city": "", "state": "OH", "area-code": "216"}, {"id": "490dde24b259add1335244cd1b7b40c5", "number": "9282265326", "date": "2021-01-26 10:27:00", "subject": "4", "recorded-or-robo": "Y", "city": "PAGE", "state": "AZ", "area-code": "928"}, {"id": "490dde24b259add1335244cd1b7b34bd", "number": "2018497610", "date": "2021-01-26 12:00:00", "subject": "2", "recorded-or-robo": "Y", "city": "Mountain Top", "state": "PA", "area-code": "570"}, {"id": "490dde24b259add1335244cd1b7b2d6a", "number": "5598137756", "date": "2021-01-26 09:43:00", "subject": "6", "recorded-or-robo": "Y", "city": "Clovis", "state": "CA", "area-code": "559"}, {"id": "490dde24b259add1335244cd1b7b21b9", "number": "8138811700", "date": "2021-01-26 19:57:00", "subject": "0", "recorded-or-robo": "Y", "city": "North Port", "state": "FL", "area-code": "941"}, {"id": "490dde24b259add1335244cd1b7b19c1", "number": "2027887370", "date": "2021-01-26 10:39:00", "subject": "1", "recorded-or-robo": "Y", "city": "Grandview", "state": "MO", "area-code": "816"}, {"id": "490dde24b259add1335244cd1b7b1476", "number": "4246525806", "date": "2021-01-26 09:31:00", "subject": "2", "recorded-or-robo": "Y", "city": "Redlands", "state": "CA", "area-code": "909"}, {"id": "490dde24b259add1335244cd1b7b0fff", "number": "4073508847", "date": "2021-01-25 17:41:00", "subject": "0", "recorded-or-robo": "Y", "city": "groveland", "state": "FL", "area-code": "407"}, {"id": "490dde24b259add1335244cd1b7b0918", "number": "8087469417", "date": "2021-01-25 15:05:00", "subject": "2", "recorded-or-robo": "Y", "city": "Pearisburg", "state": "VA", "area-code": "540"}, {"id": "490dde24b259add1335244cd1b7b00b1", "number": "", "date": "2021-01-26 10:00:00", "subject": "9", "recorded-or-robo": "Y", "city": "Fremont", "state": "CA", "area-code": "415"}, {"id": "490dde24b259add1335244cd1b7afca5", "number": "4805300806", "date": "2021-01-26 12:30:00", "subject": "2", "recorded-or-robo": "N", "city": "Bear", "state": "DE", "area-code": "602"}, {"id": "490dde24b259add1335244cd1b7af925", "number": "2163649193", "date": "2021-01-26 12:55:00", "subject": "5", "recorded-or-robo": "Y", "city": "", "state": "OH", "area-code": "216"}, {"id": "490dde24b259add1335244cd1b7af2e0", "number": "3202015116", "date": "2021-01-26 12:00:00", "subject": "2", "recorded-or-robo": "N", "city": "North Berwick", "state": "ME", "area-code": "207"}, {"id": "490dde24b259add1335244cd1b7aef79", "number": "6623123052", "date": "2021-01-26 08:00:00", "subject": "6", "recorded-or-robo": "Y", "city": "Starkville", "state": "MS", "area-code": "662"}, {"id": "490dde24b259add1335244cd1b7ae809", "number": "2022170358", "date": "2021-01-26 10:00:00", "subject": "1", "recorded-or-robo": "Y", "city": "", "state": "TX", "area-code": "469"}, {"id": "490dde24b259add1335244cd1b7ae6c8", "number": "2037297981", "date": "2021-01-26 12:47:00", "subject": "9", "recorded-or-robo": "Y", "city": "East Hampton", "state": "CT", "area-code": "860"}, {"id": "490dde24b259add1335244cd1b7ae5b1", "number": "4406439104", "date": "2021-01-26 13:01:00", "subject": "4", "recorded-or-robo": "Y", "city": "Eastlake", "state": "OH", "area-code": "440"}, {"id": "490dde24b259add1335244cd1b7ade97", "number": "6282019633", "date": "2021-01-25 17:50:00", "subject": "2", "recorded-or-robo": "Y", "city": "Silver Spring", "state": "MD", "area-code": "805"}, {"id": "490dde24b259add1335244cd1b7ad4b2", "number": "7674409068", "date": "2021-01-26 12:02:00", "subject": "2", "recorded-or-robo": "Y", "city": "", "state": "WI", "area-code": "608"}, {"id": "490dde24b259add1335244cd1b7acefa", "number": "8552460656", "date": "2021-01-24 09:03:00", "subject": "6", "recorded-or-robo": "Y", "city": "New Cumberland", "state": "PA", "area-code": "570"}, {"id": "490dde24b259add1335244cd1b7ac8a7", "number": "3192712119", "date": "2021-01-26 10:38:00", "subject": "2", "recorded-or-robo": "Y", "city": "Boone", "state": "IA", "area-code": "515"}, {"id": "490dde24b259add1335244cd1b7ac10b", "number": "", "date": "2021-01-26 12:55:00", "subject": "2", "recorded-or-robo": "Y", "city": "Stamford", "state": "CT", "area-code": "203"}, {"id": "490dde24b259add1335244cd1b7abba4", "number": "8432979917", "date": "2021-01-22 16:49:00", "subject": "3", "recorded-or-robo": "", "city": "", "state": "IN", "area-code": "260"}, {"id": "490dde24b259add1335244cd1b7ab935", "number": "7206972309", "date": "2021-01-26 10:56:00", "subject": "2", "recorded-or-robo": "", "city": "Montrose", "state": "CO", "area-code": "970"}, {"id": "490dde24b259add1335244cd1b7ab02b", "number": "9092459379", "date": "2021-01-26 09:16:00", "subject": "3", "recorded-or-robo": "Y", "city": "Redlands", "state": "CA", "area-code": "909"}, {"id": "490dde24b259add1335244cd1b7aaa31", "number": "3253452700", "date": "2021-01-25 16:26:00", "subject": "2", "recorded-or-robo": "Y", "city": "Las Vegas", "state": "NV", "area-code": "325"}, {"id": "490dde24b259add1335244cd1b7aa396", "number": "3152940200", "date": "2021-01-26 12:58:00", "subject": "2", "recorded-or-robo": "Y", "city": "Coleman", "state": "MI", "area-code": "989"}, {"id": "490dde24b259add1335244cd1b7aa134", "number": "9014723707", "date": "2020-12-17 10:42:00", "subject": "2", "recorded-or-robo": "Y", "city": "Memphis", "state": "TN", "area-code": "901"}, {"id": "490dde24b259add1335244cd1b7a94db", "number": "5167449699", "date": "2021-01-26 13:01:00", "subject": "4", "recorded-or-robo": "Y", "city": "MASSAPEQUA PARK", "state": "NY", "area-code": "516"}, {"id": "490dde24b259add1335244cd1b7a9224", "number": "2673136272", "date": "2021-01-26 10:29:00", "subject": "3", "recorded-or-robo": "Y", "city": "", "state": "PA", "area-code": "267"}, {"id": "490dde24b259add1335244cd1b7a8690", "number": "8176294567", "date": "2021-01-26 11:58:00", "subject": "3", "recorded-or-robo": "Y", "city": "", "state": "TX", "area-code": "214"}, {"id": "490dde24b259add1335244cd1b7a78e8", "number": "7152304490", "date": "2021-01-26 13:01:00", "subject": "0", "recorded-or-robo": "N", "city": "", "state": "NC", "area-code": "704"}, {"id": "490dde24b259add1335244cd1b7a76e5", "number": "5097845058", "date": "2021-01-22 12:34:00", "subject": "2", "recorded-or-robo": "Y", "city": "Seattle", "state": "WA", "area-code": "206"}, {"id": "490dde24b259add1335244cd1b7a6b45", "number": "7853780848", "date": "2021-01-26 12:00:00", "subject": "4", "recorded-or-robo": "Y", "city": "", "state": "KS", "area-code": "620"}]}