{"data": [{"id": "1d36742e3f24f50e4e7ae82801237305", "number": "3109200314", "date": "2021-01-22 17:54:00", "subject": "2", "recorded-or-robo": "Y", "city": "Springfield", "state": "VA", "area-code": "703"}, {"id": "e81c9350d54f66c6d33b3747ee8d9a85", "number": "7625118214", "date": "2021-01-22 21:22:00", "subject": "3", "recorded-or-robo": "Y", "city": "", "state": "GA", "area-code": "678"}, {"id": "1d36742e3f24f50e4e7ae828012364dc", "number": "7625118214", "date": "2021-01-22 21:22:00", "subject": "3", "recorded-or-robo": "Y", "city": "", "state": "GA", "area-code": "678"}, {"id": "e81c9350d54f66c6d33b3747eeb48656", "number": "+14053833810", "date": "2021-01-22 21:29:31", "subject": "3", "recorded-or-robo": "Y", "city": "", "state": "OK", "area-code": "405"}, {"id": "e81c9350d54f66c6d33b3747ee8d9239", "number": "7674486694", "date": "2021-01-09 08:50:00", "subject": "0", "recorded-or-robo": "N", "city": "Kennewick", "state": "WA", "area-code": "509"}, {"id": "1d36742e3f24f50e4e7ae82801493b6a", "number": "+14053833810", "date": "2021-01-22 21:29:31", "subject": "3", "recorded-or-robo": "Y", "city": "", "state": "OK", "area-code": "405"}, {"id": "1d36742e3f24f50e4e7ae82801235f39", "number": "7674486694", "date": "2021-01-09 08:50:00", "subject": "0", "recorded-or-robo": "N", "city": "Kennewick", "state": "WA", "area-code": "509"}, {"id": "e81c9350d54f66c6d33b3747ee8d825a", "number": "243840313950", "date": "2021-01-22 18:06:00", "subject": "2", "recorded-or-robo": "N", "city": "Grimes", "state": "IA", "area-code": "515"}, {"id": "1d36742e3f24f50e4e7ae82801235e9d", "number": "243840313950", "date": "2021-01-22 18:06:00", "subject": "2", "recorded-or-robo": "N", "city": "Grimes", "state": "IA", "area-code": "515"}, {"id": "e81c9350d54f66c6d33b3747ee8d8060", "number": "7035465091", "date": "2021-01-22 21:26:00", "subject": "4", "recorded-or-robo": "Y", "city": "Leesburg", "state": "VA", "area-code": "703"}, {"id": "1d36742e3f24f50e4e7ae82801235113", "number": "7035465091", "date": "2021-01-22 21:26:00", "subject": "4", "recorded-or-robo": "Y", "city": "Leesburg", "state": "VA", "area-code": "703"}, {"id": "e81c9350d54f66c6d33b3747ee8d7f6d", "number": "2019676339", "date": "2021-01-21 10:14:00", "subject": "0", "recorded-or-robo": "", "city": "", "state": "NJ", "area-code": "201"}, {"id": "1d36742e3f24f50e4e7ae82801234984", "number": "2019676339", "date": "2021-01-21 10:14:00", "subject": "0", "recorded-or-robo": "", "city": "", "state": "NJ", "area-code": "201"}, {"id": "e81c9350d54f66c6d33b3747eeb3ed09", "number": "+13235001158", "date": "2021-01-22 21:29:16", "subject": "3", "recorded-or-robo": "Y", "city": "", "state": "MD", "area-code": "301"}, {"id": "1d36742e3f24f50e4e7ae8280148a237", "number": "+13235001158", "date": "2021-01-22 21:29:16", "subject": "3", "recorded-or-robo": "Y", "city": "", "state": "MD", "area-code": "301"}, {"id": "e81c9350d54f66c6d33b3747eeb3fa55", "number": "+12028947436", "date": "2021-01-22 21:29:02", "subject": "3", "recorded-or-robo": "Y", "city": "", "state": "MI", "area-code": "586"}, {"id": "1d36742e3f24f50e4e7ae8280148ac67", "number": "+12028947436", "date": "2021-01-22 21:29:02", "subject": "3", "recorded-or-robo": "Y", "city": "", "state": "MI", "area-code": "586"}, {"id": "e81c9350d54f66c6d33b3747eeb41edc", "number": "+15088235151", "date": "2021-01-22 21:28:46", "subject": "3", "recorded-or-robo": "Y", "city": "", "state": "MA", "area-code": "508"}, {"id": "1d36742e3f24f50e4e7ae8280148d3d3", "number": "+15088235151", "date": "2021-01-22 21:28:46", "subject": "3", "recorded-or-robo": "Y", "city": "", "state": "MA", "area-code": "508"}, {"id": "e81c9350d54f66c6d33b3747ee8d7367", "number": "2014728359", "date": "2021-01-21 17:08:00", "subject": "0", "recorded-or-robo": "", "city": "", "state": "NJ", "area-code": "201"}, {"id": "1d36742e3f24f50e4e7ae828012342bf", "number": "2014728359", "date": "2021-01-21 17:08:00", "subject": "0", "recorded-or-robo": "", "city": "", "state": "NJ", "area-code": "201"}, {"id": "e81c9350d54f66c6d33b3747eeb46f6e", "number": "+13619998099", "date": "2021-01-22 21:28:28", "subject": "3", "recorded-or-robo": "Y", "city": "", "state": "TX", "area-code": "830"}, {"id": "1d36742e3f24f50e4e7ae82801492e1c", "number": "+13619998099", "date": "2021-01-22 21:28:28", "subject": "3", "recorded-or-robo": "Y", "city": "", "state": "TX", "area-code": "830"}, {"id": "e81c9350d54f66c6d33b3747ee8d38b7", "number": "3609403106", "date": "2021-01-07 09:07:00", "subject": "3", "recorded-or-robo": "N", "city": "", "state": "OH", "area-code": "614"}, {"id": "1d36742e3f24f50e4e7ae82801231c26", "number": "3609403106", "date": "2021-01-07 09:07:00", "subject": "3", "recorded-or-robo": "N", "city": "", "state": "OH", "area-code": "614"}, {"id": "e81c9350d54f66c6d33b3747ee8d68e5", "number": "4808485627", "date": "2021-01-22 16:36:00", "subject": "2", "recorded-or-robo": "Y", "city": "Newark", "state": "DE", "area-code": "717"}, {"id": "1d36742e3f24f50e4e7ae82801233a36", "number": "4808485627", "date": "2021-01-22 16:36:00", "subject": "2", "recorded-or-robo": "Y", "city": "Newark", "state": "DE", "area-code": "717"}, {"id": "e81c9350d54f66c6d33b3747ee8d614b", "number": "9097510057", "date": "2021-01-21 15:35:00", "subject": "4", "recorded-or-robo": "Y", "city": "Yucaipa", "state": "CA", "area-code": "909"}, {"id": "1d36742e3f24f50e4e7ae828012335e3", "number": "9097510057", "date": "2021-01-21 15:35:00", "subject": "4", "recorded-or-robo": "Y", "city": "Yucaipa", "state": "CA", "area-code": "909"}, {"id": "e81c9350d54f66c6d33b3747ee8d5625", "number": "992921305629", "date": "2021-01-12 13:46:00", "subject": "0", "recorded-or-robo": "N", "city": "Kennewick", "state": "WA", "area-code": "509"}, {"id": "1d36742e3f24f50e4e7ae828012326f2", "number": "992921305629", "date": "2021-01-12 13:46:00", "subject": "0", "recorded-or-robo": "N", "city": "Kennewick", "state": "WA", "area-code": "509"}, {"id": "e81c9350d54f66c6d33b3747eeb44e45", "number": "6319359715", "date": "2021-01-22 21:27:46", "subject": "3", "recorded-or-robo": "Y", "city": "", "state": "NY", "area-code": "631"}, {"id": "1d36742e3f24f50e4e7ae828014917ff", "number": "6319359715", "date": "2021-01-22 21:27:46", "subject": "3", "recorded-or-robo": "Y", "city": "", "state": "NY", "area-code": "631"}, {"id": "e81c9350d54f66c6d33b3747ee8d481e", "number": "2019902792", "date": "2021-01-21 18:22:00", "subject": "0", "recorded-or-robo": "", "city": "", "state": "NJ", "area-code": "201"}, {"id": "1d36742e3f24f50e4e7ae82801232154", "number": "2019902792", "date": "2021-01-21 18:22:00", "subject": "0", "recorded-or-robo": "", "city": "", "state": "NJ", "area-code": "201"}, {"id": "e81c9350d54f66c6d33b3747eeb49ca7", "number": "4706222766", "date": "2021-01-22 21:27:34", "subject": "3", "recorded-or-robo": "N", "city": "", "state": "GA", "area-code": "678"}, {"id": "1d36742e3f24f50e4e7ae82801495225", "number": "4706222766", "date": "2021-01-22 21:27:34", "subject": "3", "recorded-or-robo": "N", "city": "", "state": "GA", "area-code": "678"}, {"id": "e81c9350d54f66c6d33b3747eeb44262", "number": "2813666297", "date": "2021-01-22 21:27:32", "subject": "3", "recorded-or-robo": "Y", "city": "", "state": "TX", "area-code": "915"}, {"id": "1d36742e3f24f50e4e7ae82801490ae9", "number": "2813666297", "date": "2021-01-22 21:27:32", "subject": "3", "recorded-or-robo": "Y", "city": "", "state": "TX", "area-code": "915"}, {"id": "e81c9350d54f66c6d33b3747eec72416", "number": "3262224551", "date": "2021-01-20 16:16:00", "subject": "3", "recorded-or-robo": "N", "city": "", "state": "NJ", "area-code": "732"}, {"id": "1d36742e3f24f50e4e7ae828015c6151", "number": "3262224551", "date": "2021-01-20 16:16:00", "subject": "3", "recorded-or-robo": "N", "city": "", "state": "NJ", "area-code": "732"}, {"id": "e81c9350d54f66c6d33b3747eeb41282", "number": "6316854015", "date": "2021-01-22 21:27:25", "subject": "3", "recorded-or-robo": "Y", "city": "", "state": "NY", "area-code": "631"}, {"id": "1d36742e3f24f50e4e7ae8280148c4ce", "number": "6316854015", "date": "2021-01-22 21:27:25", "subject": "3", "recorded-or-robo": "Y", "city": "", "state": "NY", "area-code": "631"}, {"id": "e81c9350d54f66c6d33b3747eeb48968", "number": "4056957870", "date": "2021-01-22 21:27:17", "subject": "3", "recorded-or-robo": "Y", "city": "", "state": "OK", "area-code": "405"}, {"id": "e81c9350d54f66c6d33b3747eeb4794c", "number": "+19103670433", "date": "2021-01-22 21:27:17", "subject": "3", "recorded-or-robo": "N", "city": "", "state": "NC", "area-code": "910"}, {"id": "1d36742e3f24f50e4e7ae828014948d5", "number": "4056957870", "date": "2021-01-22 21:27:17", "subject": "3", "recorded-or-robo": "Y", "city": "", "state": "OK", "area-code": "405"}, {"id": "1d36742e3f24f50e4e7ae82801492ef2", "number": "+19103670433", "date": "2021-01-22 21:27:17", "subject": "3", "recorded-or-robo": "N", "city": "", "state": "NC", "area-code": "910"}, {"id": "e81c9350d54f66c6d33b3747eeb498d9", "number": "8324979462", "date": "2021-01-22 21:27:13", "subject": "3", "recorded-or-robo": "Y", "city": "", "state": "TX", "area-code": "832"}, {"id": "1d36742e3f24f50e4e7ae8280149495f", "number": "8324979462", "date": "2021-01-22 21:27:13", "subject": "3", "recorded-or-robo": "Y", "city": "", "state": "TX", "area-code": "832"}, {"id": "e81c9350d54f66c6d33b3747ee8d2c50", "number": "8053804833", "date": "2021-01-21 20:29:00", "subject": "0", "recorded-or-robo": "Y", "city": "Camarillo", "state": "CA", "area-code": "805"}]}