{"data": [{"id": "490dde24b259add1335244cd1b15d628", "number": "2622008133", "date": "2021-01-22 10:30:00", "subject": "2", "recorded-or-robo": "Y", "city": "", "state": "WI", "area-code": "262"}, {"id": "490dde24b259add1335244cd1b15d4de", "number": "4123189738", "date": "2021-01-26 10:45:00", "subject": "4", "recorded-or-robo": "Y", "city": "Newtown", "state": "PA", "area-code": "412"}, {"id": "490dde24b259add1335244cd1b15cecf", "number": "2525629065", "date": "2021-01-26 10:54:00", "subject": "2", "recorded-or-robo": "N", "city": "", "state": "NC", "area-code": "252"}, {"id": "490dde24b259add1335244cd1b15ca51", "number": "8042933411", "date": "2021-01-26 10:52:00", "subject": "4", "recorded-or-robo": "Y", "city": "", "state": "GA", "area-code": "404"}, {"id": "490dde24b259add1335244cd1b15c9b5", "number": "5026143685", "date": "2021-01-25 10:48:00", "subject": "3", "recorded-or-robo": "Y", "city": "", "state": "KY", "area-code": "859"}, {"id": "490dde24b259add1335244cd1b15bcf1", "number": "8653289223", "date": "2021-01-25 08:43:00", "subject": "2", "recorded-or-robo": "Y", "city": "Knoxville", "state": "TN", "area-code": "865"}, {"id": "490dde24b259add1335244cd1b15b74f", "number": "8882145653", "date": "2021-01-16 13:53:00", "subject": "2", "recorded-or-robo": "Y", "city": "Vero Beach", "state": "FL", "area-code": "970"}, {"id": "490dde24b259add1335244cd1b15aa9f", "number": "7032262888", "date": "2021-01-22 13:09:00", "subject": "0", "recorded-or-robo": "Y", "city": "Manassas Park", "state": "VA", "area-code": "703"}, {"id": "490dde24b259add1335244cd1b159edb", "number": "7325384101", "date": "2021-01-26 10:53:00", "subject": "2", "recorded-or-robo": "Y", "city": "", "state": "NJ", "area-code": "732"}, {"id": "490dde24b259add1335244cd1b159d98", "number": "", "date": "2021-01-26 07:42:00", "subject": "5", "recorded-or-robo": "Y", "city": "Yakima", "state": "WA", "area-code": "509"}, {"id": "490dde24b259add1335244cd1b1596ef", "number": "4075446119", "date": "2021-01-26 10:49:00", "subject": "2", "recorded-or-robo": "N", "city": "", "state": "FL", "area-code": "321"}, {"id": "490dde24b259add1335244cd1b1592ae", "number": "9196764336", "date": "2021-01-20 13:37:00", "subject": "4", "recorded-or-robo": "Y", "city": "Duluth", "state": "GA", "area-code": "214"}, {"id": "490dde24b259add1335244cd1b158b25", "number": "2546297452", "date": "2021-01-26 09:52:00", "subject": "4", "recorded-or-robo": "Y", "city": "Houston", "state": "TX", "area-code": "281"}, {"id": "490dde24b259add1335244cd1b1588d9", "number": "3379990246", "date": "2021-01-26 23:15:00", "subject": "2", "recorded-or-robo": "Y", "city": "", "state": "VA", "area-code": "540"}, {"id": "490dde24b259add1335244cd1b157a68", "number": "8443028383", "date": "2021-01-26 10:52:00", "subject": "11", "recorded-or-robo": "Y", "city": "", "state": "MA", "area-code": "413"}, {"id": "490dde24b259add1335244cd1b15750f", "number": "", "date": "2021-01-26 08:33:00", "subject": "1", "recorded-or-robo": "Y", "city": "Stafford", "state": "VA", "area-code": "540"}, {"id": "490dde24b259add1335244cd1b157261", "number": "5708679422", "date": "2021-01-26 10:46:00", "subject": "4", "recorded-or-robo": "Y", "city": "Stone Ridge", "state": "NY", "area-code": "845"}, {"id": "490dde24b259add1335244cd1b156326", "number": "8039982985", "date": "2021-01-26 10:49:00", "subject": "6", "recorded-or-robo": "N", "city": "", "state": "SC", "area-code": "803"}, {"id": "490dde24b259add1335244cd1b1556c9", "number": "4149733939", "date": "2021-01-22 16:21:00", "subject": "3", "recorded-or-robo": "Y", "city": "", "state": "WI", "area-code": "262"}, {"id": "490dde24b259add1335244cd1b155320", "number": "4126139684", "date": "2021-01-26 10:40:00", "subject": "1", "recorded-or-robo": "Y", "city": "Mars", "state": "PA", "area-code": "412"}, {"id": "490dde24b259add1335244cd1b1550b7", "number": "6182684158", "date": "2021-01-26 09:39:00", "subject": "2", "recorded-or-robo": "N", "city": "Lawton", "state": "OK", "area-code": "580"}, {"id": "490dde24b259add1335244cd1b1545cb", "number": "2679656193", "date": "2021-01-26 10:47:00", "subject": "2", "recorded-or-robo": "Y", "city": "Philadelphia", "state": "PA", "area-code": "267"}, {"id": "490dde24b259add1335244cd1b1543c8", "number": "9203062195", "date": "2020-12-29 11:31:00", "subject": "2", "recorded-or-robo": "Y", "city": "", "state": "WI", "area-code": "920"}, {"id": "490dde24b259add1335244cd1b153716", "number": "6468127822", "date": "2021-01-25 13:30:00", "subject": "2", "recorded-or-robo": "N", "city": "Orlando", "state": "NY", "area-code": "646"}, {"id": "490dde24b259add1335244cd1b152f9e", "number": "8664823084", "date": "2021-01-26 10:14:00", "subject": "6", "recorded-or-robo": "Y", "city": "Jermyn", "state": "PA", "area-code": "570"}, {"id": "490dde24b259add1335244cd1b152e61", "number": "3034536192", "date": "2021-01-26 08:42:00", "subject": "2", "recorded-or-robo": "Y", "city": "", "state": "CO", "area-code": "303"}, {"id": "490dde24b259add1335244cd1b152deb", "number": "8665684615", "date": "2021-01-25 16:05:00", "subject": "0", "recorded-or-robo": "N", "city": "", "state": "PA", "area-code": "610"}, {"id": "490dde24b259add1335244cd1b152104", "number": "9739632444", "date": "2021-01-26 10:42:00", "subject": "4", "recorded-or-robo": "Y", "city": "", "state": "NJ", "area-code": "973"}, {"id": "490dde24b259add1335244cd1b15140d", "number": "7043960158", "date": "2021-01-26 10:49:00", "subject": "6", "recorded-or-robo": "N", "city": "Albemarle", "state": "NC", "area-code": "704"}, {"id": "490dde24b259add1335244cd1b151193", "number": "8102044502", "date": "2021-01-26 10:29:00", "subject": "4", "recorded-or-robo": "Y", "city": "Kiawah Island", "state": "MI", "area-code": "248"}, {"id": "490dde24b259add1335244cd1b15115f", "number": "8657493188", "date": "2021-01-26 09:22:00", "subject": "4", "recorded-or-robo": "Y", "city": "loudon", "state": "TN", "area-code": "865"}, {"id": "490dde24b259add1335244cd1b15041c", "number": "5866367827", "date": "2021-01-26 10:45:00", "subject": "0", "recorded-or-robo": "Y", "city": "", "state": "MI", "area-code": "586"}, {"id": "490dde24b259add1335244cd1b14f9ad", "number": "2622352059", "date": "2021-01-22 17:58:00", "subject": "2", "recorded-or-robo": "Y", "city": "", "state": "WI", "area-code": "262"}, {"id": "490dde24b259add1335244cd1b14eff7", "number": "", "date": "2021-01-26 09:49:00", "subject": "2", "recorded-or-robo": "Y", "city": "Fennimore", "state": "WI", "area-code": "608"}, {"id": "490dde24b259add1335244cd1b14e6a0", "number": "2342463097", "date": "2021-01-26 10:45:00", "subject": "4", "recorded-or-robo": "Y", "city": "Halifax", "state": "PA", "area-code": "717"}, {"id": "490dde24b259add1335244cd1b14d889", "number": "5408115445", "date": "2021-01-26 09:47:00", "subject": "2", "recorded-or-robo": "Y", "city": "", "state": "VA", "area-code": "540"}, {"id": "490dde24b259add1335244cd1b14d109", "number": "9167876244", "date": "2021-01-26 07:39:00", "subject": "2", "recorded-or-robo": "Y", "city": "", "state": "CA", "area-code": "760"}, {"id": "490dde24b259add1335244cd1b14cb65", "number": "2142139167", "date": "2021-01-19 10:25:00", "subject": "4", "recorded-or-robo": "Y", "city": "Duluth", "state": "GA", "area-code": "214"}, {"id": "490dde24b259add1335244cd1b14c2c0", "number": "7062308572", "date": "2021-01-26 09:46:00", "subject": "6", "recorded-or-robo": "Y", "city": "", "state": "IL", "area-code": "630"}, {"id": "490dde24b259add1335244cd1b14c16f", "number": "5072032197", "date": "2021-01-26 09:48:00", "subject": "2", "recorded-or-robo": "Y", "city": "Luverne", "state": "MN", "area-code": "507"}, {"id": "490dde24b259add1335244cd1b14b36f", "number": "5015093752", "date": "2021-01-25 14:37:00", "subject": "0", "recorded-or-robo": "Y", "city": "Manassas Park", "state": "VA", "area-code": "703"}, {"id": "490dde24b259add1335244cd1b14abb3", "number": "6236667185", "date": "2021-01-25 13:04:00", "subject": "5", "recorded-or-robo": "Y", "city": "Buckeye", "state": "AZ", "area-code": "623"}, {"id": "490dde24b259add1335244cd1b149feb", "number": "8663218203", "date": "2021-01-11 17:18:00", "subject": "2", "recorded-or-robo": "", "city": "Floral Park", "state": "NY", "area-code": "516"}, {"id": "490dde24b259add1335244cd1b1492ac", "number": "6088791508", "date": "2020-12-29 13:34:00", "subject": "2", "recorded-or-robo": "Y", "city": "", "state": "WI", "area-code": "920"}, {"id": "490dde24b259add1335244cd1b1491c0", "number": "8657494741", "date": "2021-01-26 09:46:00", "subject": "4", "recorded-or-robo": "Y", "city": "loudon", "state": "TN", "area-code": "865"}, {"id": "490dde24b259add1335244cd1b148a9a", "number": "2622281661", "date": "2021-01-26 08:46:00", "subject": "1", "recorded-or-robo": "N", "city": "Phoenix", "state": "AZ", "area-code": "262"}, {"id": "490dde24b259add1335244cd1b147cab", "number": "7403090024", "date": "2021-01-26 10:45:00", "subject": "2", "recorded-or-robo": "Y", "city": "Suffolk", "state": "VA", "area-code": "757"}, {"id": "490dde24b259add1335244cd1b1470b1", "number": "4259443670", "date": "2021-01-26 07:13:00", "subject": "5", "recorded-or-robo": "Y", "city": "", "state": "WA", "area-code": "425"}, {"id": "490dde24b259add1335244cd1b1466f1", "number": "9473339046", "date": "2021-01-25 15:30:00", "subject": "0", "recorded-or-robo": "N", "city": "", "state": "PA", "area-code": "610"}, {"id": "490dde24b259add1335244cd1b145aff", "number": "6619956197", "date": "2021-01-26 00:00:00", "subject": "3", "recorded-or-robo": "Y", "city": "", "state": "CA", "area-code": "661"}]}