{"data": [{"id": "3decc6bfadaa436a105714c6bad476e2", "number": "5092336929", "date": "2021-01-24 16:22:00", "subject": "2", "recorded-or-robo": "Y", "city": "", "state": "WA", "area-code": "509"}, {"id": "03e293b3df9e35eadf15c561196a7b62", "number": "5092336929", "date": "2021-01-24 16:22:00", "subject": "2", "recorded-or-robo": "Y", "city": "", "state": "WA", "area-code": "509"}, {"id": "3decc6bfadaa436a105714c6bad46caf", "number": "7274537890", "date": "2021-01-19 14:07:00", "subject": "0", "recorded-or-robo": "N", "city": "Trinity", "state": "FL", "area-code": "727"}, {"id": "03e293b3df9e35eadf15c561196a6cda", "number": "7274537890", "date": "2021-01-19 14:07:00", "subject": "0", "recorded-or-robo": "N", "city": "Trinity", "state": "FL", "area-code": "727"}, {"id": "3decc6bfadaa436a105714c6bad463a8", "number": "7273184167", "date": "2021-01-19 13:17:00", "subject": "0", "recorded-or-robo": "N", "city": "Trinity", "state": "FL", "area-code": "727"}, {"id": "03e293b3df9e35eadf15c561196a625c", "number": "7273184167", "date": "2021-01-19 13:17:00", "subject": "0", "recorded-or-robo": "N", "city": "Trinity", "state": "FL", "area-code": "727"}, {"id": "3decc6bfadaa436a105714c6bad4638a", "number": "5099326190", "date": "2021-01-04 08:20:00", "subject": "11", "recorded-or-robo": "N", "city": "St. John", "state": "WA", "area-code": "509"}, {"id": "03e293b3df9e35eadf15c561196a5f74", "number": "5099326190", "date": "2021-01-04 08:20:00", "subject": "11", "recorded-or-robo": "N", "city": "St. John", "state": "WA", "area-code": "509"}, {"id": "3decc6bfadaa436a105714c6bad45b70", "number": "5092332411", "date": "2021-01-24 16:29:00", "subject": "2", "recorded-or-robo": "Y", "city": "", "state": "WA", "area-code": "509"}, {"id": "03e293b3df9e35eadf15c561196a510d", "number": "5092332411", "date": "2021-01-24 16:29:00", "subject": "2", "recorded-or-robo": "Y", "city": "", "state": "WA", "area-code": "509"}, {"id": "3decc6bfadaa436a105714c6bad423ae", "number": "", "date": "2021-01-24 00:00:00", "subject": "3", "recorded-or-robo": "N", "city": "", "state": "CA", "area-code": "916"}, {"id": "03e293b3df9e35eadf15c561196a309d", "number": "", "date": "2021-01-24 00:00:00", "subject": "3", "recorded-or-robo": "N", "city": "", "state": "CA", "area-code": "916"}, {"id": "3decc6bfadaa436a105714c6bad45448", "number": "5092336929", "date": "2021-01-24 16:22:00", "subject": "2", "recorded-or-robo": "Y", "city": "", "state": "WA", "area-code": "509"}, {"id": "03e293b3df9e35eadf15c561196a4bac", "number": "5092336929", "date": "2021-01-24 16:22:00", "subject": "2", "recorded-or-robo": "Y", "city": "", "state": "WA", "area-code": "509"}, {"id": "3decc6bfadaa436a105714c6bad44606", "number": "7194164640", "date": "2021-01-21 10:09:00", "subject": "1", "recorded-or-robo": "Y", "city": "", "state": "CO", "area-code": "719"}, {"id": "03e293b3df9e35eadf15c561196a487e", "number": "7194164640", "date": "2021-01-21 10:09:00", "subject": "1", "recorded-or-robo": "Y", "city": "", "state": "CO", "area-code": "719"}, {"id": "3decc6bfadaa436a105714c6bad40d82", "number": "3015477822", "date": "2021-01-20 17:22:00", "subject": "3", "recorded-or-robo": "", "city": "", "state": "MD", "area-code": "301"}, {"id": "03e293b3df9e35eadf15c561196a2471", "number": "3015477822", "date": "2021-01-20 17:22:00", "subject": "3", "recorded-or-robo": "", "city": "", "state": "MD", "area-code": "301"}, {"id": "3decc6bfadaa436a105714c6bad436ef", "number": "7272808121", "date": "2021-01-18 13:59:00", "subject": "0", "recorded-or-robo": "N", "city": "Trinity", "state": "FL", "area-code": "727"}, {"id": "03e293b3df9e35eadf15c561196a3bb5", "number": "7272808121", "date": "2021-01-18 13:59:00", "subject": "0", "recorded-or-robo": "N", "city": "Trinity", "state": "FL", "area-code": "727"}, {"id": "3decc6bfadaa436a105714c6bad427fe", "number": "7604834668", "date": "2021-01-24 00:00:00", "subject": "3", "recorded-or-robo": "Y", "city": "", "state": "NY", "area-code": "917"}, {"id": "03e293b3df9e35eadf15c561196a317e", "number": "7604834668", "date": "2021-01-24 00:00:00", "subject": "3", "recorded-or-robo": "Y", "city": "", "state": "NY", "area-code": "917"}, {"id": "3decc6bfadaa436a105714c6bad41b06", "number": "5092332411", "date": "2021-01-24 16:29:00", "subject": "2", "recorded-or-robo": "Y", "city": "", "state": "WA", "area-code": "509"}, {"id": "03e293b3df9e35eadf15c561196a2d3f", "number": "5092332411", "date": "2021-01-24 16:29:00", "subject": "2", "recorded-or-robo": "Y", "city": "", "state": "WA", "area-code": "509"}, {"id": "3decc6bfadaa436a105714c6bad41214", "number": "8882804331", "date": "2021-01-23 13:31:00", "subject": "1", "recorded-or-robo": "Y", "city": "", "state": "NY", "area-code": "718"}, {"id": "03e293b3df9e35eadf15c561196a2cf7", "number": "8882804331", "date": "2021-01-23 13:31:00", "subject": "1", "recorded-or-robo": "Y", "city": "", "state": "NY", "area-code": "718"}, {"id": "3decc6bfadaa436a105714c6bad40b9d", "number": "4705733877", "date": "2021-01-15 10:02:00", "subject": "1", "recorded-or-robo": "Y", "city": "", "state": "CO", "area-code": "719"}, {"id": "03e293b3df9e35eadf15c561196a1767", "number": "4705733877", "date": "2021-01-15 10:02:00", "subject": "1", "recorded-or-robo": "Y", "city": "", "state": "CO", "area-code": "719"}, {"id": "3decc6bfadaa436a105714c6bad4088f", "number": "5092331257", "date": "2021-01-24 16:36:00", "subject": "2", "recorded-or-robo": "Y", "city": "", "state": "WA", "area-code": "509"}, {"id": "03e293b3df9e35eadf15c561196a12ae", "number": "5092331257", "date": "2021-01-24 16:36:00", "subject": "2", "recorded-or-robo": "Y", "city": "", "state": "WA", "area-code": "509"}, {"id": "3decc6bfadaa436a105714c6bad3fde3", "number": "7273727477", "date": "2021-01-18 13:11:00", "subject": "0", "recorded-or-robo": "N", "city": "Trinity", "state": "FL", "area-code": "727"}, {"id": "03e293b3df9e35eadf15c561196a02ee", "number": "7273727477", "date": "2021-01-18 13:11:00", "subject": "0", "recorded-or-robo": "N", "city": "Trinity", "state": "FL", "area-code": "727"}, {"id": "3decc6bfadaa436a105714c6bad3f7e8", "number": "7194164640", "date": "2021-01-21 10:06:00", "subject": "1", "recorded-or-robo": "Y", "city": "", "state": "CO", "area-code": "719"}, {"id": "03e293b3df9e35eadf15c5611969f79f", "number": "7194164640", "date": "2021-01-21 10:06:00", "subject": "1", "recorded-or-robo": "Y", "city": "", "state": "CO", "area-code": "719"}, {"id": "3decc6bfadaa436a105714c6bad3ef2e", "number": "5092649025", "date": "2021-01-24 15:55:00", "subject": "2", "recorded-or-robo": "Y", "city": "Wenatchee", "state": "WA", "area-code": "509"}, {"id": "03e293b3df9e35eadf15c5611969ef4d", "number": "5092649025", "date": "2021-01-24 15:55:00", "subject": "2", "recorded-or-robo": "Y", "city": "Wenatchee", "state": "WA", "area-code": "509"}, {"id": "3decc6bfadaa436a105714c6bad3ea4c", "number": "5092338454", "date": "2021-01-24 16:43:00", "subject": "2", "recorded-or-robo": "Y", "city": "", "state": "WA", "area-code": "509"}, {"id": "03e293b3df9e35eadf15c5611969eea1", "number": "5092338454", "date": "2021-01-24 16:43:00", "subject": "2", "recorded-or-robo": "Y", "city": "", "state": "WA", "area-code": "509"}, {"id": "3decc6bfadaa436a105714c6bad3e144", "number": "7273136150", "date": "2021-01-16 19:14:00", "subject": "0", "recorded-or-robo": "N", "city": "Trinity", "state": "FL", "area-code": "727"}, {"id": "03e293b3df9e35eadf15c5611969ec18", "number": "7273136150", "date": "2021-01-16 19:14:00", "subject": "0", "recorded-or-robo": "N", "city": "Trinity", "state": "FL", "area-code": "727"}, {"id": "3decc6bfadaa436a105714c6bad3df4b", "number": "", "date": "2021-01-24 23:35:00", "subject": "11", "recorded-or-robo": "Y", "city": "Alpharetta", "state": "GA", "area-code": "309"}, {"id": "03e293b3df9e35eadf15c5611969ea9f", "number": "", "date": "2021-01-24 23:35:00", "subject": "11", "recorded-or-robo": "Y", "city": "Alpharetta", "state": "GA", "area-code": "309"}, {"id": "3decc6bfadaa436a105714c6bad3d91a", "number": "7193344957", "date": "2021-01-18 08:36:00", "subject": "3", "recorded-or-robo": "", "city": "", "state": "CO", "area-code": "719"}, {"id": "03e293b3df9e35eadf15c5611969e04e", "number": "7193344957", "date": "2021-01-18 08:36:00", "subject": "3", "recorded-or-robo": "", "city": "", "state": "CO", "area-code": "719"}, {"id": "3decc6bfadaa436a105714c6bad3c959", "number": "5092338674", "date": "2021-01-24 16:50:00", "subject": "3", "recorded-or-robo": "Y", "city": "", "state": "WA", "area-code": "509"}, {"id": "3decc6bfadaa436a105714c6bad3bc40", "number": "8058550403", "date": "2021-01-22 13:30:00", "subject": "4", "recorded-or-robo": "Y", "city": "santa Barbara", "state": "CA", "area-code": "805"}, {"id": "03e293b3df9e35eadf15c5611969d632", "number": "5092338674", "date": "2021-01-24 16:50:00", "subject": "3", "recorded-or-robo": "Y", "city": "", "state": "WA", "area-code": "509"}, {"id": "03e293b3df9e35eadf15c5611969d16c", "number": "8058550403", "date": "2021-01-22 13:30:00", "subject": "4", "recorded-or-robo": "Y", "city": "santa Barbara", "state": "CA", "area-code": "805"}, {"id": "3decc6bfadaa436a105714c6bad3aff9", "number": "7193241864", "date": "2021-01-18 11:39:00", "subject": "3", "recorded-or-robo": "", "city": "", "state": "CO", "area-code": "719"}, {"id": "03e293b3df9e35eadf15c5611969c190", "number": "7193241864", "date": "2021-01-18 11:39:00", "subject": "3", "recorded-or-robo": "", "city": "", "state": "CO", "area-code": "719"}]}