{"data": [{"id": "1d36742e3f24f50e4e7ae828013e810c", "number": "9045338756", "date": "2021-01-22 20:09:34", "subject": "3", "recorded-or-robo": "Y", "city": "", "state": "FL", "area-code": "904"}, {"id": "e81c9350d54f66c6d33b3747ee7ce601", "number": "8152398867", "date": "2021-01-15 12:55:00", "subject": "2", "recorded-or-robo": "Y", "city": "", "state": "IL", "area-code": "815"}, {"id": "1d36742e3f24f50e4e7ae8280111c9d4", "number": "8152398867", "date": "2021-01-15 12:55:00", "subject": "2", "recorded-or-robo": "Y", "city": "", "state": "IL", "area-code": "815"}, {"id": "e81c9350d54f66c6d33b3747ee7cdefe", "number": "", "date": "2021-01-22 12:00:00", "subject": "2", "recorded-or-robo": "Y", "city": "Florissant", "state": "MO", "area-code": "314"}, {"id": "1d36742e3f24f50e4e7ae8280111c114", "number": "", "date": "2021-01-22 12:00:00", "subject": "2", "recorded-or-robo": "Y", "city": "Florissant", "state": "MO", "area-code": "314"}, {"id": "e81c9350d54f66c6d33b3747ee7cd500", "number": "2014788040", "date": "2021-01-22 20:07:00", "subject": "1", "recorded-or-robo": "N", "city": "", "state": "NJ", "area-code": "973"}, {"id": "1d36742e3f24f50e4e7ae8280111b323", "number": "2014788040", "date": "2021-01-22 20:07:00", "subject": "1", "recorded-or-robo": "N", "city": "", "state": "NJ", "area-code": "973"}, {"id": "e81c9350d54f66c6d33b3747eea97d74", "number": "3362977030", "date": "2021-01-22 20:09:22", "subject": "3", "recorded-or-robo": "N", "city": "", "state": "NY", "area-code": "718"}, {"id": "1d36742e3f24f50e4e7ae828013e763a", "number": "3362977030", "date": "2021-01-22 20:09:22", "subject": "3", "recorded-or-robo": "N", "city": "", "state": "NY", "area-code": "718"}, {"id": "e81c9350d54f66c6d33b3747ee7cd1f5", "number": "7262002074", "date": "2021-01-21 11:19:00", "subject": "3", "recorded-or-robo": "N", "city": "", "state": "TX", "area-code": "210"}, {"id": "1d36742e3f24f50e4e7ae8280111af01", "number": "7262002074", "date": "2021-01-21 11:19:00", "subject": "3", "recorded-or-robo": "N", "city": "", "state": "TX", "area-code": "210"}, {"id": "e81c9350d54f66c6d33b3747ee7cc976", "number": "8137334218", "date": "2021-01-22 17:32:00", "subject": "0", "recorded-or-robo": "Y", "city": "Land O Lakes", "state": "FL", "area-code": "813"}, {"id": "1d36742e3f24f50e4e7ae8280111a70e", "number": "8137334218", "date": "2021-01-22 17:32:00", "subject": "0", "recorded-or-robo": "Y", "city": "Land O Lakes", "state": "FL", "area-code": "813"}, {"id": "e81c9350d54f66c6d33b3747ee7cc1b7", "number": "4103210264", "date": "2021-01-22 12:56:00", "subject": "2", "recorded-or-robo": "", "city": "South Orange", "state": "NJ", "area-code": "973"}, {"id": "1d36742e3f24f50e4e7ae82801119788", "number": "4103210264", "date": "2021-01-22 12:56:00", "subject": "2", "recorded-or-robo": "", "city": "South Orange", "state": "NJ", "area-code": "973"}, {"id": "e81c9350d54f66c6d33b3747ee7cb969", "number": "9414456749", "date": "2021-01-22 20:06:00", "subject": "9", "recorded-or-robo": "Y", "city": "orlando", "state": "FL", "area-code": "407"}, {"id": "1d36742e3f24f50e4e7ae828011189ee", "number": "9414456749", "date": "2021-01-22 20:06:00", "subject": "9", "recorded-or-robo": "Y", "city": "orlando", "state": "FL", "area-code": "407"}, {"id": "e81c9350d54f66c6d33b3747ee7cae35", "number": "2407202839", "date": "2021-01-22 14:57:00", "subject": "2", "recorded-or-robo": "Y", "city": "Hyattsville", "state": "MD", "area-code": "301"}, {"id": "1d36742e3f24f50e4e7ae82801118597", "number": "2407202839", "date": "2021-01-22 14:57:00", "subject": "2", "recorded-or-robo": "Y", "city": "Hyattsville", "state": "MD", "area-code": "301"}, {"id": "e81c9350d54f66c6d33b3747eea9aa9f", "number": "+13108303289", "date": "2021-01-22 20:08:25", "subject": "3", "recorded-or-robo": "Y", "city": "", "state": "CA", "area-code": "310"}, {"id": "1d36742e3f24f50e4e7ae828013e920a", "number": "+13108303289", "date": "2021-01-22 20:08:25", "subject": "3", "recorded-or-robo": "Y", "city": "", "state": "CA", "area-code": "310"}, {"id": "e81c9350d54f66c6d33b3747eea9cded", "number": "7472653579", "date": "2021-01-22 20:08:08", "subject": "3", "recorded-or-robo": "Y", "city": "", "state": "CA", "area-code": "310"}, {"id": "1d36742e3f24f50e4e7ae828013eab9e", "number": "7472653579", "date": "2021-01-22 20:08:08", "subject": "3", "recorded-or-robo": "Y", "city": "", "state": "CA", "area-code": "310"}, {"id": "e81c9350d54f66c6d33b3747ee7cab2d", "number": "9252123686", "date": "2021-01-22 09:46:00", "subject": "2", "recorded-or-robo": "Y", "city": "Arroyo Grande", "state": "CA", "area-code": "925"}, {"id": "1d36742e3f24f50e4e7ae828011178e6", "number": "9252123686", "date": "2021-01-22 09:46:00", "subject": "2", "recorded-or-robo": "Y", "city": "Arroyo Grande", "state": "CA", "area-code": "925"}, {"id": "e81c9350d54f66c6d33b3747ee7ca7c3", "number": "8555335018", "date": "2021-01-22 13:36:00", "subject": "2", "recorded-or-robo": "", "city": "South Orange", "state": "NJ", "area-code": "973"}, {"id": "1d36742e3f24f50e4e7ae82801116a9e", "number": "8555335018", "date": "2021-01-22 13:36:00", "subject": "2", "recorded-or-robo": "", "city": "South Orange", "state": "NJ", "area-code": "973"}, {"id": "e81c9350d54f66c6d33b3747ee7c99a4", "number": "5416231165", "date": "2021-01-22 12:47:00", "subject": "2", "recorded-or-robo": "Y", "city": "Hyattsville", "state": "MD", "area-code": "301"}, {"id": "1d36742e3f24f50e4e7ae82801115cb5", "number": "5416231165", "date": "2021-01-22 12:47:00", "subject": "2", "recorded-or-robo": "Y", "city": "Hyattsville", "state": "MD", "area-code": "301"}, {"id": "e81c9350d54f66c6d33b3747ee7c93b8", "number": "9417409687", "date": "2021-01-22 16:35:00", "subject": "7", "recorded-or-robo": "N", "city": "Bradenton", "state": "FL", "area-code": "941"}, {"id": "1d36742e3f24f50e4e7ae82801114dfb", "number": "9417409687", "date": "2021-01-22 16:35:00", "subject": "7", "recorded-or-robo": "N", "city": "Bradenton", "state": "FL", "area-code": "941"}, {"id": "e81c9350d54f66c6d33b3747ee7c83dc", "number": "2104596268", "date": "2021-01-15 18:13:00", "subject": "3", "recorded-or-robo": "N", "city": "", "state": "TX", "area-code": "210"}, {"id": "1d36742e3f24f50e4e7ae82801113ff2", "number": "2104596268", "date": "2021-01-15 18:13:00", "subject": "3", "recorded-or-robo": "N", "city": "", "state": "TX", "area-code": "210"}, {"id": "e81c9350d54f66c6d33b3747ee7c8232", "number": "2123691556", "date": "2021-01-21 15:16:00", "subject": "5", "recorded-or-robo": "Y", "city": "Colorado Springs", "state": "CO", "area-code": "719"}, {"id": "e81c9350d54f66c6d33b3747ee7c7db3", "number": "8137334218", "date": "2021-01-22 15:30:00", "subject": "0", "recorded-or-robo": "Y", "city": "Land O Lakes", "state": "FL", "area-code": "813"}, {"id": "1d36742e3f24f50e4e7ae82801113a99", "number": "2123691556", "date": "2021-01-21 15:16:00", "subject": "5", "recorded-or-robo": "Y", "city": "Colorado Springs", "state": "CO", "area-code": "719"}, {"id": "1d36742e3f24f50e4e7ae82801112f04", "number": "8137334218", "date": "2021-01-22 15:30:00", "subject": "0", "recorded-or-robo": "Y", "city": "Land O Lakes", "state": "FL", "area-code": "813"}, {"id": "e81c9350d54f66c6d33b3747ee7c722a", "number": "8156749660", "date": "2021-01-18 00:00:00", "subject": "6", "recorded-or-robo": "Y", "city": "", "state": "IL", "area-code": "815"}, {"id": "1d36742e3f24f50e4e7ae82801112273", "number": "8156749660", "date": "2021-01-18 00:00:00", "subject": "6", "recorded-or-robo": "Y", "city": "", "state": "IL", "area-code": "815"}, {"id": "e81c9350d54f66c6d33b3747ee7c636c", "number": "8009476229", "date": "2021-01-12 09:38:00", "subject": "0", "recorded-or-robo": "", "city": "", "state": "CO", "area-code": "720"}, {"id": "1d36742e3f24f50e4e7ae82801111cd6", "number": "8009476229", "date": "2021-01-12 09:38:00", "subject": "0", "recorded-or-robo": "", "city": "", "state": "CO", "area-code": "720"}, {"id": "e81c9350d54f66c6d33b3747ee7c5af6", "number": "7194963105", "date": "2021-01-22 00:35:00", "subject": "4", "recorded-or-robo": "Y", "city": "Downers Grove", "state": "IL", "area-code": "630"}, {"id": "1d36742e3f24f50e4e7ae82801110d71", "number": "7194963105", "date": "2021-01-22 00:35:00", "subject": "4", "recorded-or-robo": "Y", "city": "Downers Grove", "state": "IL", "area-code": "630"}, {"id": "e81c9350d54f66c6d33b3747ee7c536d", "number": "4798882335", "date": "2021-01-19 13:08:00", "subject": "3", "recorded-or-robo": "Y", "city": "", "state": "AR", "area-code": "479"}, {"id": "1d36742e3f24f50e4e7ae82801110b90", "number": "4798882335", "date": "2021-01-19 13:08:00", "subject": "3", "recorded-or-robo": "Y", "city": "", "state": "AR", "area-code": "479"}, {"id": "e81c9350d54f66c6d33b3747ee7c5333", "number": "7207900078", "date": "2021-01-15 10:33:00", "subject": "0", "recorded-or-robo": "", "city": "", "state": "CO", "area-code": "720"}, {"id": "e81c9350d54f66c6d33b3747ee7c4ae2", "number": "8173856899", "date": "2021-01-22 18:37:00", "subject": "2", "recorded-or-robo": "N", "city": "", "state": "TX", "area-code": "214"}, {"id": "1d36742e3f24f50e4e7ae82801110b36", "number": "7207900078", "date": "2021-01-15 10:33:00", "subject": "0", "recorded-or-robo": "", "city": "", "state": "CO", "area-code": "720"}, {"id": "1d36742e3f24f50e4e7ae8280110fc5b", "number": "8173856899", "date": "2021-01-22 18:37:00", "subject": "2", "recorded-or-robo": "N", "city": "", "state": "TX", "area-code": "214"}, {"id": "e81c9350d54f66c6d33b3747eea9d2d3", "number": "+12102938631", "date": "2021-01-22 20:07:02", "subject": "3", "recorded-or-robo": "Y", "city": "", "state": "TX", "area-code": "915"}]}