{"data": [{"id": "03e293b3df9e35eadf15c5611960eaa9", "number": "8556783220", "date": "2021-01-24 13:37:00", "subject": "2", "recorded-or-robo": "Y", "city": "Saint Louis", "state": "MO", "area-code": "314"}, {"id": "3decc6bfadaa436a105714c6bacad3c3", "number": "5613159398", "date": "2021-01-06 14:57:00", "subject": "2", "recorded-or-robo": "", "city": "", "state": "KS", "area-code": "316"}, {"id": "03e293b3df9e35eadf15c5611960e8ec", "number": "5613159398", "date": "2021-01-06 14:57:00", "subject": "2", "recorded-or-robo": "", "city": "", "state": "KS", "area-code": "316"}, {"id": "3decc6bfadaa436a105714c6bacace54", "number": "9726325456", "date": "2021-01-09 15:32:00", "subject": "2", "recorded-or-robo": "Y", "city": "Dallas", "state": "TX", "area-code": "817"}, {"id": "03e293b3df9e35eadf15c5611960e4bc", "number": "9726325456", "date": "2021-01-09 15:32:00", "subject": "2", "recorded-or-robo": "Y", "city": "Dallas", "state": "TX", "area-code": "817"}, {"id": "3decc6bfadaa436a105714c6bacac29e", "number": "8185614330", "date": "2021-01-19 15:15:00", "subject": "2", "recorded-or-robo": "Y", "city": "Granada Hills", "state": "CA", "area-code": "818"}, {"id": "03e293b3df9e35eadf15c5611960d573", "number": "8185614330", "date": "2021-01-19 15:15:00", "subject": "2", "recorded-or-robo": "Y", "city": "Granada Hills", "state": "CA", "area-code": "818"}, {"id": "3decc6bfadaa436a105714c6bacabd61", "number": "", "date": "2021-01-22 09:09:00", "subject": "0", "recorded-or-robo": "N", "city": "Lansing", "state": "KS", "area-code": "913"}, {"id": "03e293b3df9e35eadf15c5611960d407", "number": "", "date": "2021-01-22 09:09:00", "subject": "0", "recorded-or-robo": "N", "city": "Lansing", "state": "KS", "area-code": "913"}, {"id": "3decc6bfadaa436a105714c6bacaba1c", "number": "8179106103", "date": "2021-01-21 19:28:00", "subject": "2", "recorded-or-robo": "Y", "city": "Dallas", "state": "TX", "area-code": "817"}, {"id": "03e293b3df9e35eadf15c5611960c562", "number": "8179106103", "date": "2021-01-21 19:28:00", "subject": "2", "recorded-or-robo": "Y", "city": "Dallas", "state": "TX", "area-code": "817"}, {"id": "3decc6bfadaa436a105714c6bacab7ae", "number": "3343528860", "date": "2021-01-24 18:21:00", "subject": "1", "recorded-or-robo": "Y", "city": "", "state": "AL", "area-code": "334"}, {"id": "03e293b3df9e35eadf15c5611960bad5", "number": "3343528860", "date": "2021-01-24 18:21:00", "subject": "1", "recorded-or-robo": "Y", "city": "", "state": "AL", "area-code": "334"}, {"id": "3decc6bfadaa436a105714c6bacab451", "number": "5092357661", "date": "2021-01-24 16:20:00", "subject": "2", "recorded-or-robo": "Y", "city": "Cheney", "state": "WA", "area-code": "509"}, {"id": "03e293b3df9e35eadf15c5611960b56f", "number": "5092357661", "date": "2021-01-24 16:20:00", "subject": "2", "recorded-or-robo": "Y", "city": "Cheney", "state": "WA", "area-code": "509"}, {"id": "3decc6bfadaa436a105714c6bacaac7e", "number": "8189584512", "date": "2021-01-20 09:23:00", "subject": "2", "recorded-or-robo": "Y", "city": "Granada Hills", "state": "CA", "area-code": "818"}, {"id": "03e293b3df9e35eadf15c5611960b3d2", "number": "8189584512", "date": "2021-01-20 09:23:00", "subject": "2", "recorded-or-robo": "Y", "city": "Granada Hills", "state": "CA", "area-code": "818"}, {"id": "3decc6bfadaa436a105714c6bacaa9cd", "number": "3343125635", "date": "2021-01-24 17:57:00", "subject": "1", "recorded-or-robo": "Y", "city": "", "state": "AL", "area-code": "334"}, {"id": "03e293b3df9e35eadf15c5611960a573", "number": "3343125635", "date": "2021-01-24 17:57:00", "subject": "1", "recorded-or-robo": "Y", "city": "", "state": "AL", "area-code": "334"}, {"id": "3decc6bfadaa436a105714c6baca9dbb", "number": "2814179872", "date": "2021-01-22 12:40:00", "subject": "2", "recorded-or-robo": "Y", "city": "Dallas", "state": "TX", "area-code": "817"}, {"id": "03e293b3df9e35eadf15c56119609968", "number": "2814179872", "date": "2021-01-22 12:40:00", "subject": "2", "recorded-or-robo": "Y", "city": "Dallas", "state": "TX", "area-code": "817"}, {"id": "3decc6bfadaa436a105714c6baca93d6", "number": "8478028388", "date": "2021-01-24 12:45:00", "subject": "15", "recorded-or-robo": "Y", "city": "", "state": "", "area-code": "646"}, {"id": "03e293b3df9e35eadf15c5611960972d", "number": "8478028388", "date": "2021-01-24 12:45:00", "subject": "15", "recorded-or-robo": "Y", "city": "", "state": "", "area-code": "646"}, {"id": "3decc6bfadaa436a105714c6baca8ca7", "number": "5092335201", "date": "2021-01-24 16:10:00", "subject": "2", "recorded-or-robo": "Y", "city": "LOON LAKE", "state": "WA", "area-code": "509"}, {"id": "03e293b3df9e35eadf15c56119609102", "number": "5092335201", "date": "2021-01-24 16:10:00", "subject": "2", "recorded-or-robo": "Y", "city": "LOON LAKE", "state": "WA", "area-code": "509"}, {"id": "3decc6bfadaa436a105714c6baca8038", "number": "2763303499", "date": "2021-01-19 12:58:00", "subject": "2", "recorded-or-robo": "Y", "city": "Alexandria", "state": "VA", "area-code": "703"}, {"id": "03e293b3df9e35eadf15c5611960905e", "number": "2763303499", "date": "2021-01-19 12:58:00", "subject": "2", "recorded-or-robo": "Y", "city": "Alexandria", "state": "VA", "area-code": "703"}, {"id": "3decc6bfadaa436a105714c6baca7252", "number": "3343142202", "date": "2021-01-24 16:30:00", "subject": "1", "recorded-or-robo": "Y", "city": "", "state": "AL", "area-code": "334"}, {"id": "03e293b3df9e35eadf15c5611960813e", "number": "3343142202", "date": "2021-01-24 16:30:00", "subject": "1", "recorded-or-robo": "Y", "city": "", "state": "AL", "area-code": "334"}, {"id": "3decc6bfadaa436a105714c6baca639a", "number": "9493590393", "date": "2021-01-24 11:39:00", "subject": "0", "recorded-or-robo": "N", "city": "Lansing", "state": "KS", "area-code": "913"}, {"id": "03e293b3df9e35eadf15c561196080c5", "number": "9493590393", "date": "2021-01-24 11:39:00", "subject": "0", "recorded-or-robo": "N", "city": "Lansing", "state": "KS", "area-code": "913"}, {"id": "3decc6bfadaa436a105714c6baca60cf", "number": "6822060747", "date": "2021-01-22 16:54:00", "subject": "2", "recorded-or-robo": "Y", "city": "Dallas", "state": "TX", "area-code": "817"}, {"id": "03e293b3df9e35eadf15c56119608078", "number": "6822060747", "date": "2021-01-22 16:54:00", "subject": "2", "recorded-or-robo": "Y", "city": "Dallas", "state": "TX", "area-code": "817"}, {"id": "3decc6bfadaa436a105714c6baca56be", "number": "8507362950", "date": "2021-01-24 00:00:00", "subject": "2", "recorded-or-robo": "N", "city": "", "state": "IL", "area-code": "630"}, {"id": "03e293b3df9e35eadf15c5611960744b", "number": "8507362950", "date": "2021-01-24 00:00:00", "subject": "2", "recorded-or-robo": "N", "city": "", "state": "IL", "area-code": "630"}, {"id": "3decc6bfadaa436a105714c6baca4dd5", "number": "3162741042", "date": "2020-12-14 09:21:00", "subject": "2", "recorded-or-robo": "", "city": "", "state": "KS", "area-code": "316"}, {"id": "3decc6bfadaa436a105714c6baca47b8", "number": "5625964138", "date": "2021-01-24 14:02:00", "subject": "2", "recorded-or-robo": "Y", "city": "", "state": "CA", "area-code": "562"}, {"id": "03e293b3df9e35eadf15c5611960678c", "number": "3162741042", "date": "2020-12-14 09:21:00", "subject": "2", "recorded-or-robo": "", "city": "", "state": "KS", "area-code": "316"}, {"id": "03e293b3df9e35eadf15c56119606145", "number": "5625964138", "date": "2021-01-24 14:02:00", "subject": "2", "recorded-or-robo": "Y", "city": "", "state": "CA", "area-code": "562"}, {"id": "3decc6bfadaa436a105714c6baca4300", "number": "8188426846", "date": "2021-01-20 09:50:00", "subject": "2", "recorded-or-robo": "Y", "city": "Granada Hills", "state": "CA", "area-code": "818"}, {"id": "03e293b3df9e35eadf15c56119605248", "number": "8188426846", "date": "2021-01-20 09:50:00", "subject": "2", "recorded-or-robo": "Y", "city": "Granada Hills", "state": "CA", "area-code": "818"}, {"id": "3decc6bfadaa436a105714c6baca3581", "number": "9894847109", "date": "2021-01-24 19:00:00", "subject": "11", "recorded-or-robo": "Y", "city": "Millington", "state": "MI", "area-code": "989"}, {"id": "03e293b3df9e35eadf15c56119604c2c", "number": "9894847109", "date": "2021-01-24 19:00:00", "subject": "11", "recorded-or-robo": "Y", "city": "Millington", "state": "MI", "area-code": "989"}, {"id": "3decc6bfadaa436a105714c6baca2a6d", "number": "8449741793", "date": "2021-01-24 12:00:00", "subject": "2", "recorded-or-robo": "Y", "city": "Lake Oswego", "state": "OR", "area-code": "503"}, {"id": "03e293b3df9e35eadf15c56119604442", "number": "8449741793", "date": "2021-01-24 12:00:00", "subject": "2", "recorded-or-robo": "Y", "city": "Lake Oswego", "state": "OR", "area-code": "503"}, {"id": "3decc6bfadaa436a105714c6baca2322", "number": "3144283286", "date": "2021-01-24 06:12:00", "subject": "4", "recorded-or-robo": "Y", "city": "St. Louis", "state": "MO", "area-code": "314"}, {"id": "03e293b3df9e35eadf15c56119604243", "number": "3144283286", "date": "2021-01-24 06:12:00", "subject": "4", "recorded-or-robo": "Y", "city": "St. Louis", "state": "MO", "area-code": "314"}, {"id": "3decc6bfadaa436a105714c6baca1af1", "number": "2143934957", "date": "2021-01-22 16:54:00", "subject": "2", "recorded-or-robo": "Y", "city": "Dallas", "state": "TX", "area-code": "817"}, {"id": "03e293b3df9e35eadf15c5611960355a", "number": "2143934957", "date": "2021-01-22 16:54:00", "subject": "2", "recorded-or-robo": "Y", "city": "Dallas", "state": "TX", "area-code": "817"}, {"id": "3decc6bfadaa436a105714c6baca146c", "number": "8605063562", "date": "2021-01-24 18:30:00", "subject": "2", "recorded-or-robo": "Y", "city": "Luverne", "state": "MN", "area-code": "507"}]}