{"data": [{"id": "deca54a6651fb9add5b4a9816cc9a884", "number": "8554990239", "date": "2021-01-22 12:48:00", "subject": "6", "recorded-or-robo": "N", "city": "Phoenix", "state": "AZ", "area-code": "262"}, {"id": "e81c9350d54f66c6d33b3747ee9d8447", "number": "+19103485023", "date": "2021-01-22 18:31:37", "subject": "3", "recorded-or-robo": "N", "city": "", "state": "NC", "area-code": "252"}, {"id": "1d36742e3f24f50e4e7ae82801328c1b", "number": "+19103485023", "date": "2021-01-22 18:31:37", "subject": "3", "recorded-or-robo": "N", "city": "", "state": "NC", "area-code": "252"}, {"id": "e81c9350d54f66c6d33b3747ee348a28", "number": "8178377241", "date": "2021-01-22 16:21:00", "subject": "2", "recorded-or-robo": "Y", "city": "", "state": "TX", "area-code": "214"}, {"id": "deca54a6651fb9add5b4a9816cc999ae", "number": "8178377241", "date": "2021-01-22 16:21:00", "subject": "2", "recorded-or-robo": "Y", "city": "", "state": "TX", "area-code": "214"}, {"id": "e81c9350d54f66c6d33b3747ee9d2336", "number": "4013159346", "date": "2021-01-22 18:31:34", "subject": "3", "recorded-or-robo": "Y", "city": "", "state": "RI", "area-code": "401"}, {"id": "e81c9350d54f66c6d33b3747ee33f778", "number": "7245128172", "date": "2021-01-21 18:30:00", "subject": "3", "recorded-or-robo": "N", "city": "", "state": "PA", "area-code": "724"}, {"id": "deca54a6651fb9add5b4a9816cc8e090", "number": "7245128172", "date": "2021-01-21 18:30:00", "subject": "3", "recorded-or-robo": "N", "city": "", "state": "PA", "area-code": "724"}, {"id": "1d36742e3f24f50e4e7ae82801324599", "number": "4013159346", "date": "2021-01-22 18:31:34", "subject": "3", "recorded-or-robo": "Y", "city": "", "state": "RI", "area-code": "401"}, {"id": "e81c9350d54f66c6d33b3747ee9cef7d", "number": "4013159346", "date": "2021-01-22 18:31:33", "subject": "3", "recorded-or-robo": "Y", "city": "", "state": "RI", "area-code": "401"}, {"id": "e81c9350d54f66c6d33b3747ee3489e4", "number": "7064179079", "date": "2021-01-22 15:20:00", "subject": "2", "recorded-or-robo": "Y", "city": "Cornelia", "state": "GA", "area-code": "706"}, {"id": "e81c9350d54f66c6d33b3747ee34879a", "number": "2074426526", "date": "2021-01-22 18:28:00", "subject": "4", "recorded-or-robo": "Y", "city": "", "state": "NY", "area-code": "207"}, {"id": "e81c9350d54f66c6d33b3747ee33d3d3", "number": "9415628518", "date": "2021-01-22 13:21:00", "subject": "3", "recorded-or-robo": "N", "city": "", "state": "FL", "area-code": "941"}, {"id": "deca54a6651fb9add5b4a9816cc98c3f", "number": "7064179079", "date": "2021-01-22 15:20:00", "subject": "2", "recorded-or-robo": "Y", "city": "Cornelia", "state": "GA", "area-code": "706"}, {"id": "deca54a6651fb9add5b4a9816cc97e8a", "number": "2074426526", "date": "2021-01-22 18:28:00", "subject": "4", "recorded-or-robo": "Y", "city": "", "state": "NY", "area-code": "207"}, {"id": "deca54a6651fb9add5b4a9816cc8be15", "number": "9415628518", "date": "2021-01-22 13:21:00", "subject": "3", "recorded-or-robo": "N", "city": "", "state": "FL", "area-code": "941"}, {"id": "1d36742e3f24f50e4e7ae828013208a6", "number": "4013159346", "date": "2021-01-22 18:31:33", "subject": "3", "recorded-or-robo": "Y", "city": "", "state": "RI", "area-code": "401"}, {"id": "e81c9350d54f66c6d33b3747ee34867e", "number": "5622865244", "date": "2021-01-21 14:40:00", "subject": "2", "recorded-or-robo": "Y", "city": "", "state": "DE", "area-code": "302"}, {"id": "deca54a6651fb9add5b4a9816cc97916", "number": "5622865244", "date": "2021-01-21 14:40:00", "subject": "2", "recorded-or-robo": "Y", "city": "", "state": "DE", "area-code": "302"}, {"id": "e81c9350d54f66c6d33b3747ee9d1b8e", "number": "4702983078", "date": "2021-01-22 18:31:28", "subject": "3", "recorded-or-robo": "Y", "city": "", "state": "FL", "area-code": "727"}, {"id": "1d36742e3f24f50e4e7ae82801323faf", "number": "4702983078", "date": "2021-01-22 18:31:28", "subject": "3", "recorded-or-robo": "Y", "city": "", "state": "FL", "area-code": "727"}, {"id": "e81c9350d54f66c6d33b3747ee3478bc", "number": "8332298918", "date": "2021-01-22 16:56:00", "subject": "2", "recorded-or-robo": "Y", "city": "austin", "state": "TX", "area-code": "512"}, {"id": "e81c9350d54f66c6d33b3747ee3472b3", "number": "6302721444", "date": "2021-01-22 17:28:00", "subject": "1", "recorded-or-robo": "Y", "city": "Hoffman Estates", "state": "IL", "area-code": "630"}, {"id": "deca54a6651fb9add5b4a9816cc96d26", "number": "8332298918", "date": "2021-01-22 16:56:00", "subject": "2", "recorded-or-robo": "Y", "city": "austin", "state": "TX", "area-code": "512"}, {"id": "deca54a6651fb9add5b4a9816cc96ad5", "number": "6302721444", "date": "2021-01-22 17:28:00", "subject": "1", "recorded-or-robo": "Y", "city": "Hoffman Estates", "state": "IL", "area-code": "630"}, {"id": "e81c9350d54f66c6d33b3747ee347061", "number": "", "date": "2021-01-21 09:53:00", "subject": "0", "recorded-or-robo": "Y", "city": "Old Bridge", "state": "NJ", "area-code": "973"}, {"id": "deca54a6651fb9add5b4a9816cc95dc6", "number": "", "date": "2021-01-21 09:53:00", "subject": "0", "recorded-or-robo": "Y", "city": "Old Bridge", "state": "NJ", "area-code": "973"}, {"id": "e81c9350d54f66c6d33b3747ee34621d", "number": "4072042135", "date": "2021-01-20 00:00:00", "subject": "3", "recorded-or-robo": "", "city": "", "state": "CA", "area-code": "760"}, {"id": "deca54a6651fb9add5b4a9816cc94e9c", "number": "4072042135", "date": "2021-01-20 00:00:00", "subject": "3", "recorded-or-robo": "", "city": "", "state": "CA", "area-code": "760"}, {"id": "e81c9350d54f66c6d33b3747ee345f66", "number": "6303586356", "date": "2021-01-21 17:21:00", "subject": "2", "recorded-or-robo": "Y", "city": "Broken Arrow", "state": "OK", "area-code": "918"}, {"id": "e81c9350d54f66c6d33b3747ee34589a", "number": "", "date": "2021-01-22 00:00:00", "subject": "2", "recorded-or-robo": "Y", "city": "Auburn", "state": "CA", "area-code": "530"}, {"id": "e81c9350d54f66c6d33b3747ee3448e0", "number": "8302713845", "date": "2021-01-22 00:00:00", "subject": "3", "recorded-or-robo": "Y", "city": "", "state": "TX", "area-code": "210"}, {"id": "deca54a6651fb9add5b4a9816cc9466a", "number": "6303586356", "date": "2021-01-21 17:21:00", "subject": "2", "recorded-or-robo": "Y", "city": "Broken Arrow", "state": "OK", "area-code": "918"}, {"id": "deca54a6651fb9add5b4a9816cc93e28", "number": "", "date": "2021-01-22 00:00:00", "subject": "2", "recorded-or-robo": "Y", "city": "Auburn", "state": "CA", "area-code": "530"}, {"id": "deca54a6651fb9add5b4a9816cc93073", "number": "8302713845", "date": "2021-01-22 00:00:00", "subject": "3", "recorded-or-robo": "Y", "city": "", "state": "TX", "area-code": "210"}, {"id": "e81c9350d54f66c6d33b3747ee3444d5", "number": "5022369746", "date": "2021-01-22 14:31:00", "subject": "5", "recorded-or-robo": "N", "city": "Fremont", "state": "CA", "area-code": "510"}, {"id": "deca54a6651fb9add5b4a9816cc9220c", "number": "5022369746", "date": "2021-01-22 14:31:00", "subject": "5", "recorded-or-robo": "N", "city": "Fremont", "state": "CA", "area-code": "510"}, {"id": "e81c9350d54f66c6d33b3747ee343edf", "number": "2892327834", "date": "2021-01-22 15:25:00", "subject": "5", "recorded-or-robo": "Y", "city": "GILROY", "state": "CA", "area-code": "408"}, {"id": "deca54a6651fb9add5b4a9816cc9162c", "number": "2892327834", "date": "2021-01-22 15:25:00", "subject": "5", "recorded-or-robo": "Y", "city": "GILROY", "state": "CA", "area-code": "408"}, {"id": "e81c9350d54f66c6d33b3747ee34321a", "number": "6148649708", "date": "2021-01-21 06:43:00", "subject": "2", "recorded-or-robo": "Y", "city": "Bend", "state": "OR", "area-code": "541"}, {"id": "deca54a6651fb9add5b4a9816cc911b9", "number": "6148649708", "date": "2021-01-21 06:43:00", "subject": "2", "recorded-or-robo": "Y", "city": "Bend", "state": "OR", "area-code": "541"}, {"id": "e81c9350d54f66c6d33b3747ee342ad5", "number": "8885240691", "date": "2021-01-22 17:39:00", "subject": "1", "recorded-or-robo": "Y", "city": "", "state": "VA", "area-code": "757"}, {"id": "e81c9350d54f66c6d33b3747ee342138", "number": "6093164506", "date": "2021-01-18 15:51:00", "subject": "2", "recorded-or-robo": "Y", "city": "Plainsboro", "state": "NJ", "area-code": "609"}, {"id": "deca54a6651fb9add5b4a9816cc90ad9", "number": "8885240691", "date": "2021-01-22 17:39:00", "subject": "1", "recorded-or-robo": "Y", "city": "", "state": "VA", "area-code": "757"}, {"id": "deca54a6651fb9add5b4a9816cc907b9", "number": "6093164506", "date": "2021-01-18 15:51:00", "subject": "2", "recorded-or-robo": "Y", "city": "Plainsboro", "state": "NJ", "area-code": "609"}, {"id": "e81c9350d54f66c6d33b3747ee341f2c", "number": "9703999108", "date": "2021-01-22 16:17:00", "subject": "8", "recorded-or-robo": "N", "city": "Pagosa Springs", "state": "CO", "area-code": "970"}, {"id": "deca54a6651fb9add5b4a9816cc8fecb", "number": "9703999108", "date": "2021-01-22 16:17:00", "subject": "8", "recorded-or-robo": "N", "city": "Pagosa Springs", "state": "CO", "area-code": "970"}, {"id": "e81c9350d54f66c6d33b3747ee341b19", "number": "7632442241", "date": "2021-01-22 10:43:00", "subject": "2", "recorded-or-robo": "N", "city": "Farmington", "state": "MN", "area-code": "651"}, {"id": "deca54a6651fb9add5b4a9816cc8fc47", "number": "7632442241", "date": "2021-01-22 10:43:00", "subject": "2", "recorded-or-robo": "N", "city": "Farmington", "state": "MN", "area-code": "651"}, {"id": "e81c9350d54f66c6d33b3747ee341052", "number": "2075073057", "date": "2021-01-22 18:28:00", "subject": "4", "recorded-or-robo": "Y", "city": "", "state": "ME", "area-code": "207"}]}