{"data": [{"id": "deca54a6651fb9add5b4a9816cad6027", "number": "", "date": "2021-01-22 16:37:00", "subject": "5", "recorded-or-robo": "Y", "city": "W. St. Paul", "state": "MN", "area-code": "651"}, {"id": "e81c9350d54f66c6d33b3747ee17b207", "number": "3144585823", "date": "2021-01-22 16:17:00", "subject": "3", "recorded-or-robo": "N", "city": "", "state": "MO", "area-code": "314"}, {"id": "deca54a6651fb9add5b4a9816cacf375", "number": "3144585823", "date": "2021-01-22 16:17:00", "subject": "3", "recorded-or-robo": "N", "city": "", "state": "MO", "area-code": "314"}, {"id": "e81c9350d54f66c6d33b3747ee17d3b2", "number": "", "date": "2021-01-22 09:43:00", "subject": "3", "recorded-or-robo": "N", "city": "", "state": "CA", "area-code": "510"}, {"id": "deca54a6651fb9add5b4a9816cad14e3", "number": "", "date": "2021-01-22 09:43:00", "subject": "3", "recorded-or-robo": "N", "city": "", "state": "CA", "area-code": "510"}, {"id": "e81c9350d54f66c6d33b3747ee180af2", "number": "4012148329", "date": "2021-01-22 13:14:00", "subject": "1", "recorded-or-robo": "Y", "city": "Anchorage", "state": "AK", "area-code": "907"}, {"id": "deca54a6651fb9add5b4a9816cad5230", "number": "4012148329", "date": "2021-01-22 13:14:00", "subject": "1", "recorded-or-robo": "Y", "city": "Anchorage", "state": "AK", "area-code": "907"}, {"id": "e81c9350d54f66c6d33b3747ee180166", "number": "8176639182", "date": "2021-01-22 08:50:00", "subject": "1", "recorded-or-robo": "Y", "city": "", "state": "MN", "area-code": "320"}, {"id": "deca54a6651fb9add5b4a9816cad4a9d", "number": "8176639182", "date": "2021-01-22 08:50:00", "subject": "1", "recorded-or-robo": "Y", "city": "", "state": "MN", "area-code": "320"}, {"id": "e81c9350d54f66c6d33b3747ee17f985", "number": "2015483137", "date": "2021-01-22 17:00:00", "subject": "6", "recorded-or-robo": "N", "city": "", "state": "NJ", "area-code": "201"}, {"id": "deca54a6651fb9add5b4a9816cad45c8", "number": "2015483137", "date": "2021-01-22 17:00:00", "subject": "6", "recorded-or-robo": "N", "city": "", "state": "NJ", "area-code": "201"}, {"id": "e81c9350d54f66c6d33b3747ee17f0aa", "number": "6198391038", "date": "2021-01-21 07:18:00", "subject": "1", "recorded-or-robo": "N", "city": "San Francisco", "state": "IL", "area-code": "630"}, {"id": "deca54a6651fb9add5b4a9816cad419c", "number": "6198391038", "date": "2021-01-21 07:18:00", "subject": "1", "recorded-or-robo": "N", "city": "San Francisco", "state": "IL", "area-code": "630"}, {"id": "e81c9350d54f66c6d33b3747ee17e66d", "number": "", "date": "2021-01-22 17:39:00", "subject": "3", "recorded-or-robo": "Y", "city": "", "state": "CT", "area-code": "203"}, {"id": "deca54a6651fb9add5b4a9816cad3245", "number": "", "date": "2021-01-22 17:39:00", "subject": "3", "recorded-or-robo": "Y", "city": "", "state": "CT", "area-code": "203"}, {"id": "e81c9350d54f66c6d33b3747ee17e3a9", "number": "3182046375", "date": "2021-01-22 16:36:00", "subject": "9", "recorded-or-robo": "Y", "city": "", "state": "LA", "area-code": "504"}, {"id": "e81c9350d54f66c6d33b3747ee17d44f", "number": "2677423479", "date": "2021-01-22 04:05:00", "subject": "2", "recorded-or-robo": "N", "city": "", "state": "PA", "area-code": "717"}, {"id": "deca54a6651fb9add5b4a9816cad26fd", "number": "3182046375", "date": "2021-01-22 16:36:00", "subject": "9", "recorded-or-robo": "Y", "city": "", "state": "LA", "area-code": "504"}, {"id": "deca54a6651fb9add5b4a9816cad1880", "number": "2677423479", "date": "2021-01-22 04:05:00", "subject": "2", "recorded-or-robo": "N", "city": "", "state": "PA", "area-code": "717"}, {"id": "e81c9350d54f66c6d33b3747ee17cfe0", "number": "2135241108", "date": "2021-01-22 14:35:00", "subject": "1", "recorded-or-robo": "Y", "city": "", "state": "CA", "area-code": "323"}, {"id": "deca54a6651fb9add5b4a9816cad0566", "number": "2135241108", "date": "2021-01-22 14:35:00", "subject": "1", "recorded-or-robo": "Y", "city": "", "state": "CA", "area-code": "323"}, {"id": "e81c9350d54f66c6d33b3747ee533270", "number": "+19783465064", "date": "2021-01-22 17:41:24", "subject": "3", "recorded-or-robo": "Y", "city": "", "state": "NC", "area-code": "919"}, {"id": "deca54a6651fb9add5b4a9816ce784ac", "number": "+19783465064", "date": "2021-01-22 17:41:24", "subject": "3", "recorded-or-robo": "Y", "city": "", "state": "NC", "area-code": "919"}, {"id": "e81c9350d54f66c6d33b3747ee17c005", "number": "8002252291", "date": "2021-01-22 00:00:00", "subject": "1", "recorded-or-robo": "Y", "city": "San Francisco", "state": "CA", "area-code": "909"}, {"id": "deca54a6651fb9add5b4a9816cacfedb", "number": "8002252291", "date": "2021-01-22 00:00:00", "subject": "1", "recorded-or-robo": "Y", "city": "San Francisco", "state": "CA", "area-code": "909"}, {"id": "e81c9350d54f66c6d33b3747ee17a49c", "number": "3144521920", "date": "2021-01-22 15:47:00", "subject": "2", "recorded-or-robo": "N", "city": "St Louis", "state": "MO", "area-code": "314"}, {"id": "deca54a6651fb9add5b4a9816cace60b", "number": "3144521920", "date": "2021-01-22 15:47:00", "subject": "2", "recorded-or-robo": "N", "city": "St Louis", "state": "MO", "area-code": "314"}, {"id": "e81c9350d54f66c6d33b3747ee531576", "number": "+18653179274", "date": "2021-01-22 17:41:15", "subject": "3", "recorded-or-robo": "Y", "city": "", "state": "TN", "area-code": "865"}, {"id": "deca54a6651fb9add5b4a9816ce763de", "number": "+18653179274", "date": "2021-01-22 17:41:15", "subject": "3", "recorded-or-robo": "Y", "city": "", "state": "TN", "area-code": "865"}, {"id": "e81c9350d54f66c6d33b3747ee1795b4", "number": "6154060422", "date": "2021-01-22 17:26:00", "subject": "2", "recorded-or-robo": "Y", "city": "Silver Spring", "state": "Do", "area-code": "202"}, {"id": "deca54a6651fb9add5b4a9816cacd77f", "number": "6154060422", "date": "2021-01-22 17:26:00", "subject": "2", "recorded-or-robo": "Y", "city": "Silver Spring", "state": "Do", "area-code": "202"}, {"id": "e81c9350d54f66c6d33b3747ee179262", "number": "6163278850", "date": "2021-01-22 14:37:00", "subject": "3", "recorded-or-robo": "Y", "city": "", "state": "MI", "area-code": "517"}, {"id": "deca54a6651fb9add5b4a9816cacd5b9", "number": "6163278850", "date": "2021-01-22 14:37:00", "subject": "3", "recorded-or-robo": "Y", "city": "", "state": "MI", "area-code": "517"}, {"id": "e81c9350d54f66c6d33b3747ee1785f4", "number": "5105685299", "date": "2021-01-21 09:52:00", "subject": "0", "recorded-or-robo": "", "city": "Fremont", "state": "CA", "area-code": "510"}, {"id": "deca54a6651fb9add5b4a9816cacd031", "number": "5105685299", "date": "2021-01-21 09:52:00", "subject": "0", "recorded-or-robo": "", "city": "Fremont", "state": "CA", "area-code": "510"}, {"id": "e81c9350d54f66c6d33b3747ee17782e", "number": "8064170566", "date": "2021-01-22 09:08:00", "subject": "1", "recorded-or-robo": "Y", "city": "Columbus", "state": "OH", "area-code": "614"}, {"id": "e81c9350d54f66c6d33b3747ee1736e6", "number": "3047454829", "date": "2021-01-22 17:37:00", "subject": "3", "recorded-or-robo": "N", "city": "", "state": "WV", "area-code": "304"}, {"id": "deca54a6651fb9add5b4a9816caccb46", "number": "8064170566", "date": "2021-01-22 09:08:00", "subject": "1", "recorded-or-robo": "Y", "city": "Columbus", "state": "OH", "area-code": "614"}, {"id": "deca54a6651fb9add5b4a9816cac5c7f", "number": "3047454829", "date": "2021-01-22 17:37:00", "subject": "3", "recorded-or-robo": "N", "city": "", "state": "WV", "area-code": "304"}, {"id": "e81c9350d54f66c6d33b3747ee17741a", "number": "4253589988", "date": "2021-01-22 13:40:00", "subject": "2", "recorded-or-robo": "Y", "city": "", "state": "AL", "area-code": "334"}, {"id": "deca54a6651fb9add5b4a9816cacbb86", "number": "4253589988", "date": "2021-01-22 13:40:00", "subject": "2", "recorded-or-robo": "Y", "city": "", "state": "AL", "area-code": "334"}, {"id": "e81c9350d54f66c6d33b3747ee177218", "number": "3607475483", "date": "2021-01-22 12:57:00", "subject": "2", "recorded-or-robo": "Y", "city": "Shoreline", "state": "WA", "area-code": "206"}, {"id": "e81c9350d54f66c6d33b3747ee1764b4", "number": "", "date": "2021-01-22 02:20:00", "subject": "1", "recorded-or-robo": "N", "city": "Abingdon", "state": "MD", "area-code": "202"}, {"id": "deca54a6651fb9add5b4a9816cacb300", "number": "3607475483", "date": "2021-01-22 12:57:00", "subject": "2", "recorded-or-robo": "Y", "city": "Shoreline", "state": "WA", "area-code": "206"}, {"id": "deca54a6651fb9add5b4a9816caca6f7", "number": "", "date": "2021-01-22 02:20:00", "subject": "1", "recorded-or-robo": "N", "city": "Abingdon", "state": "MD", "area-code": "202"}, {"id": "e81c9350d54f66c6d33b3747ee176455", "number": "2542772900", "date": "2021-01-22 16:32:00", "subject": "2", "recorded-or-robo": "Y", "city": "Irving", "state": "TX", "area-code": "214"}, {"id": "e81c9350d54f66c6d33b3747ee175d0e", "number": "4076388384", "date": "2021-01-22 10:22:00", "subject": "0", "recorded-or-robo": "Y", "city": "", "state": "CO", "area-code": "719"}, {"id": "e81c9350d54f66c6d33b3747ee1755ed", "number": "6517621988", "date": "2021-01-22 16:23:00", "subject": "1", "recorded-or-robo": "Y", "city": "Centerville", "state": "MN", "area-code": "651"}, {"id": "deca54a6651fb9add5b4a9816cac98c8", "number": "2542772900", "date": "2021-01-22 16:32:00", "subject": "2", "recorded-or-robo": "Y", "city": "Irving", "state": "TX", "area-code": "214"}, {"id": "deca54a6651fb9add5b4a9816cac9603", "number": "4076388384", "date": "2021-01-22 10:22:00", "subject": "0", "recorded-or-robo": "Y", "city": "", "state": "CO", "area-code": "719"}]}