{"data": [{"id": "e81c9350d54f66c6d33b3747ee2a107d", "number": "2567868476", "date": "2021-01-21 09:48:00", "subject": "2", "recorded-or-robo": "N", "city": "Lakewood", "state": "CO", "area-code": "303"}, {"id": "deca54a6651fb9add5b4a9816ceb6dcc", "number": "+18302132436", "date": "2021-01-22 18:11:55", "subject": "3", "recorded-or-robo": "Y", "city": "", "state": "TX", "area-code": "361"}, {"id": "deca54a6651fb9add5b4a9816cbf2abd", "number": "2567868476", "date": "2021-01-21 09:48:00", "subject": "2", "recorded-or-robo": "N", "city": "Lakewood", "state": "CO", "area-code": "303"}, {"id": "e81c9350d54f66c6d33b3747ee2a0d90", "number": "3254221039", "date": "2021-01-20 13:19:00", "subject": "0", "recorded-or-robo": "Y", "city": "Spring", "state": "TX", "area-code": "281"}, {"id": "deca54a6651fb9add5b4a9816cbf1d5d", "number": "3254221039", "date": "2021-01-20 13:19:00", "subject": "0", "recorded-or-robo": "Y", "city": "Spring", "state": "TX", "area-code": "281"}, {"id": "e81c9350d54f66c6d33b3747ee2a080b", "number": "5133625085", "date": "2021-01-21 12:19:00", "subject": "11", "recorded-or-robo": "Y", "city": "Cincinnati", "state": "OH", "area-code": "513"}, {"id": "deca54a6651fb9add5b4a9816cbf164d", "number": "5133625085", "date": "2021-01-21 12:19:00", "subject": "11", "recorded-or-robo": "Y", "city": "Cincinnati", "state": "OH", "area-code": "513"}, {"id": "e81c9350d54f66c6d33b3747ee29fb76", "number": "8057327863", "date": "2021-01-22 15:06:00", "subject": "9", "recorded-or-robo": "Y", "city": "Long Beach", "state": "CA", "area-code": "562"}, {"id": "deca54a6651fb9add5b4a9816cbf100a", "number": "8057327863", "date": "2021-01-22 15:06:00", "subject": "9", "recorded-or-robo": "Y", "city": "Long Beach", "state": "CA", "area-code": "562"}, {"id": "e81c9350d54f66c6d33b3747ee29efac", "number": "7158041005", "date": "2021-01-22 12:35:00", "subject": "2", "recorded-or-robo": "Y", "city": "Eugene", "state": "OR", "area-code": "541"}, {"id": "deca54a6651fb9add5b4a9816cbf09dd", "number": "7158041005", "date": "2021-01-22 12:35:00", "subject": "2", "recorded-or-robo": "Y", "city": "Eugene", "state": "OR", "area-code": "541"}, {"id": "e81c9350d54f66c6d33b3747ee29e5a5", "number": "8665684619", "date": "2021-01-22 11:43:00", "subject": "0", "recorded-or-robo": "N", "city": "", "state": "PA", "area-code": "610"}, {"id": "deca54a6651fb9add5b4a9816cbf0133", "number": "8665684619", "date": "2021-01-22 11:43:00", "subject": "0", "recorded-or-robo": "N", "city": "", "state": "PA", "area-code": "610"}, {"id": "e81c9350d54f66c6d33b3747ee29e24c", "number": "9543722248", "date": "2021-01-22 18:06:00", "subject": "4", "recorded-or-robo": "Y", "city": "", "state": "FL", "area-code": "954"}, {"id": "deca54a6651fb9add5b4a9816cbef145", "number": "9543722248", "date": "2021-01-22 18:06:00", "subject": "4", "recorded-or-robo": "Y", "city": "", "state": "FL", "area-code": "954"}, {"id": "e81c9350d54f66c6d33b3747ee29d90f", "number": "7034371395", "date": "2021-01-22 18:04:00", "subject": "2", "recorded-or-robo": "Y", "city": "Ephrata", "state": "PA", "area-code": "717"}, {"id": "e81c9350d54f66c6d33b3747ee29d64d", "number": "6163278900", "date": "2021-01-22 18:00:00", "subject": "6", "recorded-or-robo": "N", "city": "Farmington Hills", "state": "MI", "area-code": "248"}, {"id": "deca54a6651fb9add5b4a9816cbee271", "number": "7034371395", "date": "2021-01-22 18:04:00", "subject": "2", "recorded-or-robo": "Y", "city": "Ephrata", "state": "PA", "area-code": "717"}, {"id": "deca54a6651fb9add5b4a9816cbedabe", "number": "6163278900", "date": "2021-01-22 18:00:00", "subject": "6", "recorded-or-robo": "N", "city": "Farmington Hills", "state": "MI", "area-code": "248"}, {"id": "e81c9350d54f66c6d33b3747ee29c83a", "number": "2892324227", "date": "2021-01-22 16:52:00", "subject": "2", "recorded-or-robo": "N", "city": "Sturgis", "state": "IN", "area-code": "812"}, {"id": "e81c9350d54f66c6d33b3747ee29c712", "number": "3309130759", "date": "2021-01-21 15:45:00", "subject": "5", "recorded-or-robo": "N", "city": "Uniontown", "state": "OH", "area-code": "330"}, {"id": "deca54a6651fb9add5b4a9816cbecc03", "number": "2892324227", "date": "2021-01-22 16:52:00", "subject": "2", "recorded-or-robo": "N", "city": "Sturgis", "state": "IN", "area-code": "812"}, {"id": "deca54a6651fb9add5b4a9816cbebf48", "number": "3309130759", "date": "2021-01-21 15:45:00", "subject": "5", "recorded-or-robo": "N", "city": "Uniontown", "state": "OH", "area-code": "330"}, {"id": "e81c9350d54f66c6d33b3747ee29c38c", "number": "8646373376", "date": "2021-01-22 09:32:00", "subject": "2", "recorded-or-robo": "Y", "city": "Fort Scott", "state": "SC", "area-code": "864"}, {"id": "deca54a6651fb9add5b4a9816cbeb48c", "number": "8646373376", "date": "2021-01-22 09:32:00", "subject": "2", "recorded-or-robo": "Y", "city": "Fort Scott", "state": "SC", "area-code": "864"}, {"id": "e81c9350d54f66c6d33b3747ee29b85e", "number": "3199752109", "date": "2021-01-11 13:00:00", "subject": "2", "recorded-or-robo": "Y", "city": "Lewiston", "state": "ME", "area-code": "207"}, {"id": "deca54a6651fb9add5b4a9816cbea618", "number": "3199752109", "date": "2021-01-11 13:00:00", "subject": "2", "recorded-or-robo": "Y", "city": "Lewiston", "state": "ME", "area-code": "207"}, {"id": "e81c9350d54f66c6d33b3747ee29b652", "number": "9378588084", "date": "2021-01-22 15:34:00", "subject": "0", "recorded-or-robo": "", "city": "Springboro", "state": "OH", "area-code": "937"}, {"id": "deca54a6651fb9add5b4a9816cbe978d", "number": "9378588084", "date": "2021-01-22 15:34:00", "subject": "0", "recorded-or-robo": "", "city": "Springboro", "state": "OH", "area-code": "937"}, {"id": "e81c9350d54f66c6d33b3747ee29a8dd", "number": "3526124327", "date": "2021-01-22 13:43:00", "subject": "4", "recorded-or-robo": "Y", "city": "The Villages", "state": "FL", "area-code": "352"}, {"id": "deca54a6651fb9add5b4a9816cbe96ae", "number": "3526124327", "date": "2021-01-22 13:43:00", "subject": "4", "recorded-or-robo": "Y", "city": "The Villages", "state": "FL", "area-code": "352"}, {"id": "e81c9350d54f66c6d33b3747ee299df8", "number": "5203415037", "date": "2021-01-15 00:00:00", "subject": "3", "recorded-or-robo": "Y", "city": "Tucson", "state": "AZ", "area-code": "520"}, {"id": "deca54a6651fb9add5b4a9816cbe9619", "number": "5203415037", "date": "2021-01-15 00:00:00", "subject": "3", "recorded-or-robo": "Y", "city": "Tucson", "state": "AZ", "area-code": "520"}, {"id": "e81c9350d54f66c6d33b3747ee299561", "number": "7208914235", "date": "2021-01-21 09:39:00", "subject": "2", "recorded-or-robo": "N", "city": "Lakewood", "state": "CO", "area-code": "303"}, {"id": "e81c9350d54f66c6d33b3747ee298575", "number": "7268002535", "date": "2021-01-20 16:02:00", "subject": "16", "recorded-or-robo": "Y", "city": "Spring", "state": "TX", "area-code": "281"}, {"id": "deca54a6651fb9add5b4a9816cbe8dbc", "number": "7208914235", "date": "2021-01-21 09:39:00", "subject": "2", "recorded-or-robo": "N", "city": "Lakewood", "state": "CO", "area-code": "303"}, {"id": "deca54a6651fb9add5b4a9816cbe844b", "number": "7268002535", "date": "2021-01-20 16:02:00", "subject": "16", "recorded-or-robo": "Y", "city": "Spring", "state": "TX", "area-code": "281"}, {"id": "e81c9350d54f66c6d33b3747ee2976d7", "number": "9546553866", "date": "2021-01-15 00:00:00", "subject": "3", "recorded-or-robo": "Y", "city": "Tucson", "state": "AZ", "area-code": "520"}, {"id": "deca54a6651fb9add5b4a9816cbe8034", "number": "9546553866", "date": "2021-01-15 00:00:00", "subject": "3", "recorded-or-robo": "Y", "city": "Tucson", "state": "AZ", "area-code": "520"}, {"id": "e81c9350d54f66c6d33b3747ee2970a1", "number": "6095987185", "date": "2021-01-20 10:30:00", "subject": "2", "recorded-or-robo": "Y", "city": "Valley Springs", "state": "CA", "area-code": "209"}, {"id": "deca54a6651fb9add5b4a9816cbe7b4c", "number": "6095987185", "date": "2021-01-20 10:30:00", "subject": "2", "recorded-or-robo": "Y", "city": "Valley Springs", "state": "CA", "area-code": "209"}, {"id": "e81c9350d54f66c6d33b3747ee5d61c0", "number": "9899473802", "date": "2021-01-22 12:54:00", "subject": "3", "recorded-or-robo": "", "city": "", "state": "MI", "area-code": "989"}, {"id": "e81c9350d54f66c6d33b3747ee296fb0", "number": "3124197964", "date": "2021-01-11 17:42:00", "subject": "2", "recorded-or-robo": "Y", "city": "Chevy Chase", "state": "MD", "area-code": "301"}, {"id": "deca54a6651fb9add5b4a9816cf21c91", "number": "9899473802", "date": "2021-01-22 12:54:00", "subject": "3", "recorded-or-robo": "", "city": "", "state": "MI", "area-code": "989"}, {"id": "deca54a6651fb9add5b4a9816cbe763b", "number": "3124197964", "date": "2021-01-11 17:42:00", "subject": "2", "recorded-or-robo": "Y", "city": "Chevy Chase", "state": "MD", "area-code": "301"}, {"id": "e81c9350d54f66c6d33b3747ee296818", "number": "6369222749", "date": "2021-01-22 16:25:00", "subject": "2", "recorded-or-robo": "Y", "city": "Saint Peters", "state": "MO", "area-code": "636"}, {"id": "e81c9350d54f66c6d33b3747ee295f3a", "number": "3303043899", "date": "2021-01-22 18:07:00", "subject": "7", "recorded-or-robo": "Y", "city": "Brecksville", "state": "OH", "area-code": "216"}, {"id": "deca54a6651fb9add5b4a9816cbe73ac", "number": "6369222749", "date": "2021-01-22 16:25:00", "subject": "2", "recorded-or-robo": "Y", "city": "Saint Peters", "state": "MO", "area-code": "636"}, {"id": "deca54a6651fb9add5b4a9816cbe6417", "number": "3303043899", "date": "2021-01-22 18:07:00", "subject": "7", "recorded-or-robo": "Y", "city": "Brecksville", "state": "OH", "area-code": "216"}, {"id": "e81c9350d54f66c6d33b3747ee294ffc", "number": "3202075280", "date": "2021-01-22 14:49:00", "subject": "0", "recorded-or-robo": "N", "city": "", "state": "PA", "area-code": "610"}]}