{"data": [{"id": "1d36742e3f24f50e4e7ae8280145150e", "number": "+16054755700", "date": "2021-01-22 20:55:42", "subject": "3", "recorded-or-robo": "Y", "city": "", "state": "MD", "area-code": "240"}, {"id": "e81c9350d54f66c6d33b3747eeafe0db", "number": "5106945788", "date": "2021-01-22 20:55:26", "subject": "3", "recorded-or-robo": "Y", "city": "", "state": "CA", "area-code": "510"}, {"id": "1d36742e3f24f50e4e7ae8280144e60e", "number": "5106945788", "date": "2021-01-22 20:55:26", "subject": "3", "recorded-or-robo": "Y", "city": "", "state": "CA", "area-code": "510"}, {"id": "e81c9350d54f66c6d33b3747eeaf30b0", "number": "5106945788", "date": "2021-01-22 20:55:25", "subject": "3", "recorded-or-robo": "Y", "city": "", "state": "CA", "area-code": "510"}, {"id": "e81c9350d54f66c6d33b3747ee86ff37", "number": "6787133449", "date": "2021-01-22 11:44:00", "subject": "13", "recorded-or-robo": "Y", "city": "Carrollton", "state": "GA", "area-code": "678"}, {"id": "1d36742e3f24f50e4e7ae828014412bb", "number": "5106945788", "date": "2021-01-22 20:55:25", "subject": "3", "recorded-or-robo": "Y", "city": "", "state": "CA", "area-code": "510"}, {"id": "1d36742e3f24f50e4e7ae828011c9628", "number": "6787133449", "date": "2021-01-22 11:44:00", "subject": "13", "recorded-or-robo": "Y", "city": "Carrollton", "state": "GA", "area-code": "678"}, {"id": "e81c9350d54f66c6d33b3747ee86f20f", "number": "2109618725", "date": "2021-01-22 17:42:00", "subject": "5", "recorded-or-robo": "Y", "city": "Jonestown", "state": "TX", "area-code": "512"}, {"id": "1d36742e3f24f50e4e7ae828011c9527", "number": "2109618725", "date": "2021-01-22 17:42:00", "subject": "5", "recorded-or-robo": "Y", "city": "Jonestown", "state": "TX", "area-code": "512"}, {"id": "e81c9350d54f66c6d33b3747eeaf9024", "number": "+13013491151", "date": "2021-01-22 20:55:17", "subject": "3", "recorded-or-robo": "Y", "city": "", "state": "MD", "area-code": "240"}, {"id": "1d36742e3f24f50e4e7ae828014484b7", "number": "+13013491151", "date": "2021-01-22 20:55:17", "subject": "3", "recorded-or-robo": "Y", "city": "", "state": "MD", "area-code": "240"}, {"id": "e81c9350d54f66c6d33b3747eeaff80a", "number": "6197363405", "date": "2021-01-22 20:55:16", "subject": "3", "recorded-or-robo": "Y", "city": "", "state": "CA", "area-code": "619"}, {"id": "1d36742e3f24f50e4e7ae82801451ea0", "number": "6197363405", "date": "2021-01-22 20:55:16", "subject": "3", "recorded-or-robo": "Y", "city": "", "state": "CA", "area-code": "619"}, {"id": "e81c9350d54f66c6d33b3747eeaf5abd", "number": "+18082630259", "date": "2021-01-22 20:55:09", "subject": "3", "recorded-or-robo": "Y", "city": "", "state": "HI", "area-code": "808"}, {"id": "1d36742e3f24f50e4e7ae82801443f17", "number": "+18082630259", "date": "2021-01-22 20:55:09", "subject": "3", "recorded-or-robo": "Y", "city": "", "state": "HI", "area-code": "808"}, {"id": "e81c9350d54f66c6d33b3747ee86f0c8", "number": "2167093150", "date": "2021-01-22 16:56:00", "subject": "0", "recorded-or-robo": "Y", "city": "Euclid", "state": "OH", "area-code": "216"}, {"id": "1d36742e3f24f50e4e7ae828011c8fff", "number": "2167093150", "date": "2021-01-22 16:56:00", "subject": "0", "recorded-or-robo": "Y", "city": "Euclid", "state": "OH", "area-code": "216"}, {"id": "e81c9350d54f66c6d33b3747eeafbd35", "number": "8593493367", "date": "2021-01-22 20:55:03", "subject": "3", "recorded-or-robo": "Y", "city": "", "state": "KY", "area-code": "859"}, {"id": "1d36742e3f24f50e4e7ae8280144b1a6", "number": "8593493367", "date": "2021-01-22 20:55:03", "subject": "3", "recorded-or-robo": "Y", "city": "", "state": "KY", "area-code": "859"}, {"id": "e81c9350d54f66c6d33b3747ee86eff7", "number": "4254195823", "date": "2021-01-21 08:17:00", "subject": "3", "recorded-or-robo": "Y", "city": "", "state": "WA", "area-code": "425"}, {"id": "1d36742e3f24f50e4e7ae828011c83e9", "number": "4254195823", "date": "2021-01-21 08:17:00", "subject": "3", "recorded-or-robo": "Y", "city": "", "state": "WA", "area-code": "425"}, {"id": "e81c9350d54f66c6d33b3747ee869c68", "number": "3853343297", "date": "2021-01-12 19:46:00", "subject": "3", "recorded-or-robo": "N", "city": "", "state": "OH", "area-code": "614"}, {"id": "1d36742e3f24f50e4e7ae828011c2bb6", "number": "3853343297", "date": "2021-01-12 19:46:00", "subject": "3", "recorded-or-robo": "N", "city": "", "state": "OH", "area-code": "614"}, {"id": "e81c9350d54f66c6d33b3747eeafe28d", "number": "+16074633788", "date": "2021-01-22 20:54:34", "subject": "3", "recorded-or-robo": "Y", "city": "", "state": "NY", "area-code": "607"}, {"id": "1d36742e3f24f50e4e7ae8280144eab7", "number": "+16074633788", "date": "2021-01-22 20:54:34", "subject": "3", "recorded-or-robo": "Y", "city": "", "state": "NY", "area-code": "607"}, {"id": "e81c9350d54f66c6d33b3747ee86eb67", "number": "3095810206", "date": "2021-01-22 15:38:00", "subject": "7", "recorded-or-robo": "N", "city": "suncity west", "state": "AZ", "area-code": "480"}, {"id": "1d36742e3f24f50e4e7ae828011c7a64", "number": "3095810206", "date": "2021-01-22 15:38:00", "subject": "7", "recorded-or-robo": "N", "city": "suncity west", "state": "AZ", "area-code": "480"}, {"id": "e81c9350d54f66c6d33b3747ee86dd51", "number": "9549510131", "date": "2021-01-22 06:06:00", "subject": "0", "recorded-or-robo": "Y", "city": "Montgomery", "state": "AL", "area-code": "334"}, {"id": "1d36742e3f24f50e4e7ae828011c7793", "number": "9549510131", "date": "2021-01-22 06:06:00", "subject": "0", "recorded-or-robo": "Y", "city": "Montgomery", "state": "AL", "area-code": "334"}, {"id": "e81c9350d54f66c6d33b3747ee86d74b", "number": "7036513193", "date": "2021-01-22 15:49:00", "subject": "4", "recorded-or-robo": "Y", "city": "Reston", "state": "VA", "area-code": "703"}, {"id": "1d36742e3f24f50e4e7ae828011c6f03", "number": "7036513193", "date": "2021-01-22 15:49:00", "subject": "4", "recorded-or-robo": "Y", "city": "Reston", "state": "VA", "area-code": "703"}, {"id": "e81c9350d54f66c6d33b3747ee86cec0", "number": "37060046648", "date": "2021-01-22 03:41:00", "subject": "0", "recorded-or-robo": "N", "city": "Kennewick", "state": "WA", "area-code": "509"}, {"id": "1d36742e3f24f50e4e7ae828011c5f13", "number": "37060046648", "date": "2021-01-22 03:41:00", "subject": "0", "recorded-or-robo": "N", "city": "Kennewick", "state": "WA", "area-code": "509"}, {"id": "e81c9350d54f66c6d33b3747eeb02345", "number": "6155674210", "date": "2021-01-22 20:54:14", "subject": "3", "recorded-or-robo": "Y", "city": "", "state": "FL", "area-code": "305"}, {"id": "1d36742e3f24f50e4e7ae828014539f9", "number": "6155674210", "date": "2021-01-22 20:54:14", "subject": "3", "recorded-or-robo": "Y", "city": "", "state": "FL", "area-code": "305"}, {"id": "e81c9350d54f66c6d33b3747ee86ccda", "number": "3043975834", "date": "2021-01-22 20:48:00", "subject": "1", "recorded-or-robo": "Y", "city": "", "state": "WV", "area-code": "304"}, {"id": "1d36742e3f24f50e4e7ae828011c5933", "number": "3043975834", "date": "2021-01-22 20:48:00", "subject": "1", "recorded-or-robo": "Y", "city": "", "state": "WV", "area-code": "304"}, {"id": "e81c9350d54f66c6d33b3747ee86c918", "number": "2165315303", "date": "2021-01-22 16:45:00", "subject": "0", "recorded-or-robo": "Y", "city": "Euclid", "state": "OH", "area-code": "216"}, {"id": "1d36742e3f24f50e4e7ae828011c56dd", "number": "2165315303", "date": "2021-01-22 16:45:00", "subject": "0", "recorded-or-robo": "Y", "city": "Euclid", "state": "OH", "area-code": "216"}, {"id": "e81c9350d54f66c6d33b3747eeaedf87", "number": "6106328097", "date": "2021-01-22 20:53:46", "subject": "3", "recorded-or-robo": "Y", "city": "", "state": "VA", "area-code": "703"}, {"id": "1d36742e3f24f50e4e7ae82801439d55", "number": "6106328097", "date": "2021-01-22 20:53:46", "subject": "3", "recorded-or-robo": "Y", "city": "", "state": "VA", "area-code": "703"}, {"id": "e81c9350d54f66c6d33b3747ee86bdeb", "number": "", "date": "2021-01-22 13:38:00", "subject": "1", "recorded-or-robo": "Y", "city": "", "state": "NE", "area-code": "402"}, {"id": "1d36742e3f24f50e4e7ae828011c4d5d", "number": "", "date": "2021-01-22 13:38:00", "subject": "1", "recorded-or-robo": "Y", "city": "", "state": "NE", "area-code": "402"}, {"id": "e81c9350d54f66c6d33b3747ee86b6ea", "number": "6073269532", "date": "2021-01-22 18:05:00", "subject": "13", "recorded-or-robo": "Y", "city": "", "state": "UT", "area-code": "385"}, {"id": "1d36742e3f24f50e4e7ae828011c3d63", "number": "6073269532", "date": "2021-01-22 18:05:00", "subject": "13", "recorded-or-robo": "Y", "city": "", "state": "UT", "area-code": "385"}, {"id": "e81c9350d54f66c6d33b3747ee86a9bd", "number": "3043975834", "date": "2021-01-22 19:53:00", "subject": "1", "recorded-or-robo": "Y", "city": "", "state": "WV", "area-code": "304"}, {"id": "1d36742e3f24f50e4e7ae828011c38b3", "number": "3043975834", "date": "2021-01-22 19:53:00", "subject": "1", "recorded-or-robo": "Y", "city": "", "state": "WV", "area-code": "304"}, {"id": "e81c9350d54f66c6d33b3747eeaefc1f", "number": "+19099941337", "date": "2021-01-22 20:53:28", "subject": "3", "recorded-or-robo": "Y", "city": "", "state": "CA", "area-code": "909"}, {"id": "1d36742e3f24f50e4e7ae8280143bc42", "number": "+19099941337", "date": "2021-01-22 20:53:28", "subject": "3", "recorded-or-robo": "Y", "city": "", "state": "CA", "area-code": "909"}, {"id": "e81c9350d54f66c6d33b3747eeaf2467", "number": "+17275731626", "date": "2021-01-22 20:53:23", "subject": "3", "recorded-or-robo": "N", "city": "", "state": "FL", "area-code": "727"}]}