{"data": [{"id": "3decc6bfadaa436a105714c6ba6d0fe6", "number": "9407169781", "date": "2021-01-23 12:31:00", "subject": "6", "recorded-or-robo": "Y", "city": "Camby", "state": "IN", "area-code": "317"}, {"id": "03e293b3df9e35eadf15c5611902fcef", "number": "9407169781", "date": "2021-01-23 12:31:00", "subject": "6", "recorded-or-robo": "Y", "city": "Camby", "state": "IN", "area-code": "317"}, {"id": "3decc6bfadaa436a105714c6ba6d07be", "number": "", "date": "2021-01-20 12:16:00", "subject": "2", "recorded-or-robo": "Y", "city": "", "state": "WA", "area-code": "509"}, {"id": "03e293b3df9e35eadf15c5611902fa42", "number": "", "date": "2021-01-20 12:16:00", "subject": "2", "recorded-or-robo": "Y", "city": "", "state": "WA", "area-code": "509"}, {"id": "3decc6bfadaa436a105714c6ba6cfd73", "number": "8017842997", "date": "2021-01-23 10:42:00", "subject": "2", "recorded-or-robo": "Y", "city": "Ogden", "state": "GA", "area-code": "912"}, {"id": "03e293b3df9e35eadf15c5611902f4c4", "number": "8017842997", "date": "2021-01-23 10:42:00", "subject": "2", "recorded-or-robo": "Y", "city": "Ogden", "state": "GA", "area-code": "912"}, {"id": "3decc6bfadaa436a105714c6ba6cf928", "number": "2486172039", "date": "2021-01-12 08:32:00", "subject": "0", "recorded-or-robo": "Y", "city": "Duluth", "state": "MN", "area-code": "218"}, {"id": "03e293b3df9e35eadf15c5611902ea97", "number": "2486172039", "date": "2021-01-12 08:32:00", "subject": "0", "recorded-or-robo": "Y", "city": "Duluth", "state": "MN", "area-code": "218"}, {"id": "3decc6bfadaa436a105714c6ba6cf04c", "number": "2197665110", "date": "2021-01-23 13:13:00", "subject": "0", "recorded-or-robo": "Y", "city": "Camby", "state": "IN", "area-code": "317"}, {"id": "03e293b3df9e35eadf15c5611902e6a7", "number": "2197665110", "date": "2021-01-23 13:13:00", "subject": "0", "recorded-or-robo": "Y", "city": "Camby", "state": "IN", "area-code": "317"}, {"id": "3decc6bfadaa436a105714c6ba6ceab0", "number": "3852792527", "date": "2021-01-23 19:30:00", "subject": "2", "recorded-or-robo": "Y", "city": "Ogden", "state": "UT", "area-code": "912"}, {"id": "03e293b3df9e35eadf15c5611902e595", "number": "3852792527", "date": "2021-01-23 19:30:00", "subject": "2", "recorded-or-robo": "Y", "city": "Ogden", "state": "UT", "area-code": "912"}, {"id": "3decc6bfadaa436a105714c6ba6cdec8", "number": "3203427497", "date": "2021-01-13 13:52:00", "subject": "0", "recorded-or-robo": "Y", "city": "Duluth", "state": "MN", "area-code": "218"}, {"id": "03e293b3df9e35eadf15c5611902dfdb", "number": "3203427497", "date": "2021-01-13 13:52:00", "subject": "0", "recorded-or-robo": "Y", "city": "Duluth", "state": "MN", "area-code": "218"}, {"id": "3decc6bfadaa436a105714c6ba6cd093", "number": "8555567414", "date": "2021-01-23 13:17:00", "subject": "1", "recorded-or-robo": "Y", "city": "Camby", "state": "IN", "area-code": "317"}, {"id": "03e293b3df9e35eadf15c5611902df7a", "number": "8555567414", "date": "2021-01-23 13:17:00", "subject": "1", "recorded-or-robo": "Y", "city": "Camby", "state": "IN", "area-code": "317"}, {"id": "3decc6bfadaa436a105714c6ba6ccd42", "number": "2566022677", "date": "2021-01-14 11:14:00", "subject": "0", "recorded-or-robo": "Y", "city": "Duluth", "state": "MN", "area-code": "218"}, {"id": "03e293b3df9e35eadf15c5611902d88a", "number": "2566022677", "date": "2021-01-14 11:14:00", "subject": "0", "recorded-or-robo": "Y", "city": "Duluth", "state": "MN", "area-code": "218"}, {"id": "3decc6bfadaa436a105714c6ba6ccc8d", "number": "2199459901", "date": "2021-01-23 17:33:00", "subject": "0", "recorded-or-robo": "Y", "city": "Camby", "state": "IN", "area-code": "317"}, {"id": "03e293b3df9e35eadf15c5611902cb72", "number": "2199459901", "date": "2021-01-23 17:33:00", "subject": "0", "recorded-or-robo": "Y", "city": "Camby", "state": "IN", "area-code": "317"}, {"id": "3decc6bfadaa436a105714c6ba6cc9b8", "number": "9195141004", "date": "2020-12-22 15:03:00", "subject": "2", "recorded-or-robo": "Y", "city": "", "state": "OH", "area-code": "419"}, {"id": "03e293b3df9e35eadf15c5611902c881", "number": "9195141004", "date": "2020-12-22 15:03:00", "subject": "2", "recorded-or-robo": "Y", "city": "", "state": "OH", "area-code": "419"}, {"id": "3decc6bfadaa436a105714c6ba6cc499", "number": "9359154", "date": "2021-01-15 08:55:00", "subject": "0", "recorded-or-robo": "Y", "city": "Duluth", "state": "MN", "area-code": "218"}, {"id": "03e293b3df9e35eadf15c5611902b8fa", "number": "9359154", "date": "2021-01-15 08:55:00", "subject": "0", "recorded-or-robo": "Y", "city": "Duluth", "state": "MN", "area-code": "218"}, {"id": "3decc6bfadaa436a105714c6ba82ce53", "number": "+18163786892", "date": "2021-01-23 21:35:38", "subject": "3", "recorded-or-robo": "Y", "city": "", "state": "MO", "area-code": "816"}, {"id": "03e293b3df9e35eadf15c561191921f7", "number": "+18163786892", "date": "2021-01-23 21:35:38", "subject": "3", "recorded-or-robo": "Y", "city": "", "state": "MO", "area-code": "816"}, {"id": "3decc6bfadaa436a105714c6ba6cb829", "number": "", "date": "2021-01-23 12:00:00", "subject": "1", "recorded-or-robo": "Y", "city": "Spokane Valley", "state": "WA", "area-code": "509"}, {"id": "03e293b3df9e35eadf15c5611902ae6c", "number": "", "date": "2021-01-23 12:00:00", "subject": "1", "recorded-or-robo": "Y", "city": "Spokane Valley", "state": "WA", "area-code": "509"}, {"id": "3decc6bfadaa436a105714c6ba6cad27", "number": "7289260", "date": "2021-01-15 11:53:00", "subject": "0", "recorded-or-robo": "Y", "city": "Duluth", "state": "MN", "area-code": "218"}, {"id": "03e293b3df9e35eadf15c5611902ac28", "number": "7289260", "date": "2021-01-15 11:53:00", "subject": "0", "recorded-or-robo": "Y", "city": "Duluth", "state": "MN", "area-code": "218"}, {"id": "3decc6bfadaa436a105714c6ba82ecff", "number": "7182442602", "date": "2021-01-23 21:34:35", "subject": "3", "recorded-or-robo": "Y", "city": "", "state": "CA", "area-code": "619"}, {"id": "3decc6bfadaa436a105714c6ba6ca621", "number": "9195141004", "date": "2021-01-20 18:58:00", "subject": "2", "recorded-or-robo": "Y", "city": "", "state": "OH", "area-code": "419"}, {"id": "03e293b3df9e35eadf15c561191931ea", "number": "7182442602", "date": "2021-01-23 21:34:35", "subject": "3", "recorded-or-robo": "Y", "city": "", "state": "CA", "area-code": "619"}, {"id": "03e293b3df9e35eadf15c5611902a06d", "number": "9195141004", "date": "2021-01-20 18:58:00", "subject": "2", "recorded-or-robo": "Y", "city": "", "state": "OH", "area-code": "419"}, {"id": "3decc6bfadaa436a105714c6ba8326d8", "number": "+18333353439", "date": "2021-01-23 21:34:22", "subject": "3", "recorded-or-robo": "Y", "city": "", "state": "MI", "area-code": "810"}, {"id": "03e293b3df9e35eadf15c561191957df", "number": "+18333353439", "date": "2021-01-23 21:34:22", "subject": "3", "recorded-or-robo": "Y", "city": "", "state": "MI", "area-code": "810"}, {"id": "3decc6bfadaa436a105714c6ba6c9783", "number": "3312899", "date": "2021-01-15 19:39:00", "subject": "0", "recorded-or-robo": "Y", "city": "Duluth", "state": "MN", "area-code": "218"}, {"id": "03e293b3df9e35eadf15c56119029da2", "number": "3312899", "date": "2021-01-15 19:39:00", "subject": "0", "recorded-or-robo": "Y", "city": "Duluth", "state": "MN", "area-code": "218"}, {"id": "3decc6bfadaa436a105714c6ba8309ab", "number": "6026727739", "date": "2021-01-23 21:33:31", "subject": "3", "recorded-or-robo": "N", "city": "", "state": "AZ", "area-code": "602"}, {"id": "03e293b3df9e35eadf15c56119194932", "number": "6026727739", "date": "2021-01-23 21:33:31", "subject": "3", "recorded-or-robo": "N", "city": "", "state": "AZ", "area-code": "602"}, {"id": "3decc6bfadaa436a105714c6ba6c8e21", "number": "3185352", "date": "2021-01-17 17:26:00", "subject": "0", "recorded-or-robo": "Y", "city": "Duluth", "state": "MN", "area-code": "218"}, {"id": "03e293b3df9e35eadf15c56119029015", "number": "3185352", "date": "2021-01-17 17:26:00", "subject": "0", "recorded-or-robo": "Y", "city": "Duluth", "state": "MN", "area-code": "218"}, {"id": "3decc6bfadaa436a105714c6ba82fabe", "number": "+13217857760", "date": "2021-01-23 21:32:56", "subject": "3", "recorded-or-robo": "Y", "city": "", "state": "NY", "area-code": "917"}, {"id": "03e293b3df9e35eadf15c56119193f2b", "number": "+13217857760", "date": "2021-01-23 21:32:56", "subject": "3", "recorded-or-robo": "Y", "city": "", "state": "NY", "area-code": "917"}, {"id": "3decc6bfadaa436a105714c6ba6c8132", "number": "2514534312", "date": "2021-01-18 15:51:00", "subject": "0", "recorded-or-robo": "Y", "city": "Duluth", "state": "MN", "area-code": "218"}, {"id": "03e293b3df9e35eadf15c56119028c28", "number": "2514534312", "date": "2021-01-18 15:51:00", "subject": "0", "recorded-or-robo": "Y", "city": "Duluth", "state": "MN", "area-code": "218"}, {"id": "3decc6bfadaa436a105714c6ba6c729d", "number": "9493186359", "date": "2021-01-08 08:35:00", "subject": "4", "recorded-or-robo": "Y", "city": "", "state": "CA", "area-code": "818"}, {"id": "03e293b3df9e35eadf15c56119028bc1", "number": "9493186359", "date": "2021-01-08 08:35:00", "subject": "4", "recorded-or-robo": "Y", "city": "", "state": "CA", "area-code": "818"}, {"id": "3decc6bfadaa436a105714c6ba6c7178", "number": "7754471796", "date": "2021-01-23 21:03:00", "subject": "2", "recorded-or-robo": "Y", "city": "", "state": "NY", "area-code": "516"}, {"id": "03e293b3df9e35eadf15c56119028724", "number": "7754471796", "date": "2021-01-23 21:03:00", "subject": "2", "recorded-or-robo": "Y", "city": "", "state": "NY", "area-code": "516"}]}