{"data": [{"id": "490dde24b259add1335244cd1b3eb3cf", "number": "7036500615", "date": "2021-01-26 11:51:00", "subject": "2", "recorded-or-robo": "Y", "city": "Alexandria", "state": "VA", "area-code": "703"}, {"id": "490dde24b259add1335244cd1b3ea979", "number": "3618612362", "date": "2021-01-18 11:58:00", "subject": "4", "recorded-or-robo": "Y", "city": "", "state": "PA", "area-code": "724"}, {"id": "490dde24b259add1335244cd1b3ea963", "number": "480674055", "date": "2021-01-22 13:12:00", "subject": "3", "recorded-or-robo": "Y", "city": "Las Vegas", "state": "NV", "area-code": "702"}, {"id": "490dde24b259add1335244cd1b3ea8d9", "number": "9197723282", "date": "2021-01-26 10:55:00", "subject": "0", "recorded-or-robo": "Y", "city": "Raleigh", "state": "NC", "area-code": "919"}, {"id": "490dde24b259add1335244cd1b3e9e95", "number": "9012030263", "date": "2021-01-11 10:06:00", "subject": "4", "recorded-or-robo": "Y", "city": "Memphis", "state": "TN", "area-code": "901"}, {"id": "490dde24b259add1335244cd1b3e8fd9", "number": "8572731497", "date": "2021-01-26 08:17:00", "subject": "3", "recorded-or-robo": "Y", "city": "Spring Hill", "state": "FL", "area-code": "440"}, {"id": "490dde24b259add1335244cd1b3e8ad3", "number": "5129962085", "date": "2020-01-26 10:07:00", "subject": "5", "recorded-or-robo": "", "city": "", "state": "IL", "area-code": "773"}, {"id": "490dde24b259add1335244cd1b3e892a", "number": "5205211098", "date": "2021-01-26 09:10:00", "subject": "0", "recorded-or-robo": "Y", "city": "Parker", "state": "AZ", "area-code": "928"}, {"id": "490dde24b259add1335244cd1b3e7b94", "number": "2605996820", "date": "2021-01-26 11:42:00", "subject": "3", "recorded-or-robo": "N", "city": "", "state": "OH", "area-code": "513"}, {"id": "490dde24b259add1335244cd1b3e13a4", "number": "", "date": "2021-01-26 11:29:00", "subject": "3", "recorded-or-robo": "N", "city": "", "state": "OH", "area-code": "440"}, {"id": "490dde24b259add1335244cd1b3e7123", "number": "8036792469", "date": "2021-01-14 11:38:00", "subject": "4", "recorded-or-robo": "Y", "city": "Epping", "state": "ND", "area-code": "605"}, {"id": "490dde24b259add1335244cd1b3e6e43", "number": "4012624451", "date": "2021-01-25 17:24:00", "subject": "1", "recorded-or-robo": "Y", "city": "Fremont", "state": "NE", "area-code": "347"}, {"id": "490dde24b259add1335244cd1b3e6257", "number": "3044073744", "date": "2021-01-26 11:48:00", "subject": "2", "recorded-or-robo": "Y", "city": "Martinsburg", "state": "WV", "area-code": "304"}, {"id": "490dde24b259add1335244cd1b3e5ad7", "number": "7603723182", "date": "2021-01-26 08:04:00", "subject": "2", "recorded-or-robo": "", "city": "Fresno", "state": "CA", "area-code": "559"}, {"id": "490dde24b259add1335244cd1b3e56a4", "number": "6014638078", "date": "2021-01-26 11:25:00", "subject": "4", "recorded-or-robo": "", "city": "Petersburg", "state": "VA", "area-code": "804"}, {"id": "490dde24b259add1335244cd1b3e4e78", "number": "5166548849", "date": "2021-01-26 11:13:00", "subject": "2", "recorded-or-robo": "N", "city": "Troy", "state": "NY", "area-code": "518"}, {"id": "490dde24b259add1335244cd1b3e403f", "number": "4149409672", "date": "2021-01-24 16:41:00", "subject": "1", "recorded-or-robo": "Y", "city": "", "state": "WI", "area-code": "414"}, {"id": "490dde24b259add1335244cd1b3e3847", "number": "8005058432", "date": "2021-01-26 10:54:00", "subject": "0", "recorded-or-robo": "Y", "city": "Raleigh", "state": "NC", "area-code": "919"}, {"id": "490dde24b259add1335244cd1b3e297c", "number": "5417833757", "date": "2021-01-25 12:52:00", "subject": "0", "recorded-or-robo": "Y", "city": "North Las Vegas", "state": "NV", "area-code": "702"}, {"id": "490dde24b259add1335244cd1b3e1b5f", "number": "8023945607", "date": "2021-01-26 11:34:00", "subject": "6", "recorded-or-robo": "Y", "city": "", "state": "NJ", "area-code": "732"}, {"id": "490dde24b259add1335244cd1b3e0531", "number": "", "date": "2021-01-27 12:00:00", "subject": "2", "recorded-or-robo": "Y", "city": "", "state": "TX", "area-code": "936"}, {"id": "490dde24b259add1335244cd1b3df87f", "number": "2149411264", "date": "2020-12-27 14:44:00", "subject": "4", "recorded-or-robo": "Y", "city": "Dallas", "state": "TX", "area-code": "214"}, {"id": "490dde24b259add1335244cd1b3df3b0", "number": "4255924947", "date": "2021-01-26 08:15:00", "subject": "2", "recorded-or-robo": "Y", "city": "Spring Hill", "state": "FL", "area-code": "440"}, {"id": "490dde24b259add1335244cd1b3df215", "number": "", "date": "2021-01-26 06:50:00", "subject": "0", "recorded-or-robo": "Y", "city": "Oxnard", "state": "CA", "area-code": "805"}, {"id": "490dde24b259add1335244cd1b3de353", "number": "9804848029", "date": "2021-01-26 11:47:00", "subject": "4", "recorded-or-robo": "Y", "city": "Lillington", "state": "NC", "area-code": "815"}, {"id": "490dde24b259add1335244cd1b3ddfc6", "number": "218165079", "date": "2021-01-25 08:41:00", "subject": "3", "recorded-or-robo": "Y", "city": "Las Vegas", "state": "NV", "area-code": "702"}, {"id": "490dde24b259add1335244cd1b3dd2b0", "number": "8506589137", "date": "2021-01-25 15:07:00", "subject": "4", "recorded-or-robo": "Y", "city": "", "state": "FL", "area-code": "239"}, {"id": "490dde24b259add1335244cd1b3dc42f", "number": "2183531278", "date": "2021-01-20 09:30:00", "subject": "2", "recorded-or-robo": "N", "city": "Hayward", "state": "MN", "area-code": "218"}, {"id": "490dde24b259add1335244cd1b3dbb6c", "number": "2678288149", "date": "2021-01-26 10:00:00", "subject": "2", "recorded-or-robo": "N", "city": "", "state": "PA", "area-code": "215"}, {"id": "490dde24b259add1335244cd1b3db51d", "number": "5166548849", "date": "2021-01-26 11:01:00", "subject": "2", "recorded-or-robo": "N", "city": "Troy", "state": "NY", "area-code": "518"}, {"id": "490dde24b259add1335244cd1b3dae7d", "number": "6055704135", "date": "2021-01-12 14:47:00", "subject": "4", "recorded-or-robo": "Y", "city": "Epping", "state": "ND", "area-code": "605"}, {"id": "490dde24b259add1335244cd1b3da3f4", "number": "", "date": "2021-01-25 15:46:00", "subject": "2", "recorded-or-robo": "N", "city": "Parker", "state": "CO", "area-code": "303"}, {"id": "490dde24b259add1335244cd1b3da0d4", "number": "7148701117", "date": "2021-01-26 08:51:00", "subject": "3", "recorded-or-robo": "", "city": "", "state": "CA", "area-code": "714"}, {"id": "490dde24b259add1335244cd1b3d93ad", "number": "6054728411", "date": "2021-01-26 10:51:00", "subject": "3", "recorded-or-robo": "Y", "city": "", "state": "NY", "area-code": "347"}, {"id": "490dde24b259add1335244cd1b3d9286", "number": "8565021708", "date": "2021-01-26 11:48:00", "subject": "4", "recorded-or-robo": "Y", "city": "Millville", "state": "NJ", "area-code": "856"}, {"id": "490dde24b259add1335244cd1b3d891c", "number": "5802668298", "date": "2021-01-26 10:45:00", "subject": "2", "recorded-or-robo": "Y", "city": "", "state": "OK", "area-code": "580"}, {"id": "490dde24b259add1335244cd1b3d87b4", "number": "7192976971", "date": "2021-01-26 09:50:00", "subject": "4", "recorded-or-robo": "N", "city": "", "state": "CO", "area-code": "303"}, {"id": "490dde24b259add1335244cd1b3d862a", "number": "5053892697", "date": "2021-01-26 08:00:00", "subject": "2", "recorded-or-robo": "Y", "city": "Spring Hill", "state": "FL", "area-code": "440"}, {"id": "490dde24b259add1335244cd1b3d858b", "number": "4149406719", "date": "2021-01-24 15:50:00", "subject": "1", "recorded-or-robo": "Y", "city": "", "state": "WI", "area-code": "414"}, {"id": "490dde24b259add1335244cd1b3d7e7f", "number": "5024161575", "date": "2021-01-25 15:59:00", "subject": "0", "recorded-or-robo": "N", "city": "Skokie", "state": "IL", "area-code": "847"}, {"id": "490dde24b259add1335244cd1b3d70ec", "number": "4028731381", "date": "2021-01-26 10:44:00", "subject": "0", "recorded-or-robo": "Y", "city": "Nebraska City", "state": "NE", "area-code": "402"}, {"id": "490dde24b259add1335244cd1b3d676c", "number": "9705420300", "date": "2021-01-26 09:30:00", "subject": "2", "recorded-or-robo": "Y", "city": "GREENWOOD VILLAGE", "state": "CO", "area-code": "303"}, {"id": "490dde24b259add1335244cd1b3d64ee", "number": "5404010017", "date": "2021-01-26 11:49:00", "subject": "4", "recorded-or-robo": "Y", "city": "", "state": "VA", "area-code": "540"}, {"id": "490dde24b259add1335244cd1b3d5611", "number": "5166548849", "date": "2021-01-26 10:36:00", "subject": "2", "recorded-or-robo": "N", "city": "Troy", "state": "NY", "area-code": "518"}, {"id": "490dde24b259add1335244cd1b3d50d2", "number": "6056671072", "date": "2021-01-11 12:54:00", "subject": "4", "recorded-or-robo": "Y", "city": "Epping", "state": "ND", "area-code": "605"}, {"id": "490dde24b259add1335244cd1b3d4a45", "number": "2028238520", "date": "2021-01-26 11:13:00", "subject": "3", "recorded-or-robo": "Y", "city": "", "state": "NY", "area-code": "347"}, {"id": "490dde24b259add1335244cd1b3d41d3", "number": "3018516358", "date": "2021-01-26 11:47:00", "subject": "2", "recorded-or-robo": "Y", "city": "DREXEL HILL", "state": "PA", "area-code": "610"}, {"id": "490dde24b259add1335244cd1b3d39a2", "number": "4078249332", "date": "2021-01-26 11:50:00", "subject": "2", "recorded-or-robo": "Y", "city": "Kissimmee", "state": "FL", "area-code": "321"}, {"id": "490dde24b259add1335244cd1b3d2e59", "number": "7738633703", "date": "2021-01-13 15:57:00", "subject": "4", "recorded-or-robo": "Y", "city": "", "state": "IL", "area-code": "773"}, {"id": "490dde24b259add1335244cd1b3d2c4c", "number": "2183531074", "date": "2021-01-21 10:10:00", "subject": "2", "recorded-or-robo": "N", "city": "Hayward", "state": "MN", "area-code": "218"}]}