{"data": [{"id": "3decc6bfadaa436a105714c6baf08bb4", "number": "6827320518", "date": "2021-01-25 18:03:00", "subject": "2", "recorded-or-robo": "Y", "city": "Katy", "state": "TX", "area-code": "859"}, {"id": "3decc6bfadaa436a105714c6baf085ee", "number": "", "date": "2021-01-26 08:26:00", "subject": "6", "recorded-or-robo": "Y", "city": "Green Bay", "state": "WI", "area-code": "920"}, {"id": "3decc6bfadaa436a105714c6baf07614", "number": "6672001488", "date": "2021-01-25 11:43:00", "subject": "2", "recorded-or-robo": "Y", "city": "Baltimore", "state": "MD", "area-code": "443"}, {"id": "3decc6bfadaa436a105714c6baf06160", "number": "", "date": "2021-01-26 09:11:00", "subject": "0", "recorded-or-robo": "Y", "city": "SILVER SPRING", "state": "MD", "area-code": "301"}, {"id": "3decc6bfadaa436a105714c6baf0541e", "number": "2052671930", "date": "2021-01-26 08:15:00", "subject": "6", "recorded-or-robo": "Y", "city": "Madison", "state": "AL", "area-code": "256"}, {"id": "3decc6bfadaa436a105714c6baf048fc", "number": "6148553108", "date": "2021-01-25 17:04:00", "subject": "2", "recorded-or-robo": "N", "city": "spring lake", "state": "MI", "area-code": "616"}, {"id": "3decc6bfadaa436a105714c6baf045fd", "number": "2108668573", "date": "2021-01-26 09:25:00", "subject": "6", "recorded-or-robo": "N", "city": "Bath", "state": "ME", "area-code": "210"}, {"id": "3decc6bfadaa436a105714c6baf04316", "number": "4433455936", "date": "2021-01-25 15:53:00", "subject": "2", "recorded-or-robo": "Y", "city": "Baltimore", "state": "MD", "area-code": "443"}, {"id": "3decc6bfadaa436a105714c6baf03edb", "number": "8003252865", "date": "2021-01-25 00:00:00", "subject": "2", "recorded-or-robo": "", "city": "Baltimore", "state": "MD", "area-code": "410"}, {"id": "3decc6bfadaa436a105714c6baf03649", "number": "4102193636", "date": "2021-01-15 15:07:00", "subject": "3", "recorded-or-robo": "N", "city": "Hopkinsville", "state": "KY", "area-code": "270"}, {"id": "3decc6bfadaa436a105714c6baf02c58", "number": "", "date": "2021-01-26 09:19:00", "subject": "1", "recorded-or-robo": "Y", "city": "Hopatcong", "state": "NJ", "area-code": "917"}, {"id": "3decc6bfadaa436a105714c6baf0244c", "number": "8213331996", "date": "2021-01-26 09:03:00", "subject": "11", "recorded-or-robo": "Y", "city": "KENSINGTON", "state": "MD", "area-code": "301"}, {"id": "3decc6bfadaa436a105714c6baf02282", "number": "7209123630", "date": "2021-01-26 09:16:00", "subject": "2", "recorded-or-robo": "Y", "city": "Ronkonkoma", "state": "NY", "area-code": "631"}, {"id": "3decc6bfadaa436a105714c6baf0137d", "number": "7863207639", "date": "2021-01-13 12:05:00", "subject": "2", "recorded-or-robo": "", "city": "Riverview", "state": "FL", "area-code": "813"}, {"id": "3decc6bfadaa436a105714c6baf003f5", "number": "8183380129", "date": "2021-01-26 06:11:00", "subject": "1", "recorded-or-robo": "Y", "city": "rancho palos verdes", "state": "CA", "area-code": "310"}, {"id": "3decc6bfadaa436a105714c6baeffa34", "number": "8003733411", "date": "2021-01-25 09:15:00", "subject": "1", "recorded-or-robo": "N", "city": "Saint Paul", "state": "MN", "area-code": "888"}, {"id": "3decc6bfadaa436a105714c6baeff3d0", "number": "7064490028", "date": "2021-01-26 09:26:00", "subject": "11", "recorded-or-robo": "Y", "city": "Columbus", "state": "GA", "area-code": "706"}, {"id": "3decc6bfadaa436a105714c6baeff3a5", "number": "4432349393", "date": "2021-01-25 17:59:00", "subject": "12", "recorded-or-robo": "Y", "city": "Baltimore", "state": "MD", "area-code": "443"}, {"id": "3decc6bfadaa436a105714c6baefe593", "number": "7574414493", "date": "2021-01-26 09:24:00", "subject": "6", "recorded-or-robo": "Y", "city": "Virginia Beach", "state": "VA", "area-code": "757"}, {"id": "3decc6bfadaa436a105714c6baefd7c8", "number": "9414128673", "date": "2021-01-26 09:24:00", "subject": "6", "recorded-or-robo": "Y", "city": "Osprey", "state": "FL", "area-code": "941"}, {"id": "3decc6bfadaa436a105714c6baefd3f1", "number": "", "date": "2021-01-26 08:22:00", "subject": "6", "recorded-or-robo": "Y", "city": "Green Bay", "state": "WI", "area-code": "920"}, {"id": "3decc6bfadaa436a105714c6baefcb0c", "number": "8135170332", "date": "2021-01-26 09:24:00", "subject": "0", "recorded-or-robo": "Y", "city": "Land O Lakes", "state": "FL", "area-code": "813"}, {"id": "3decc6bfadaa436a105714c6baefc02e", "number": "4047194336", "date": "2021-01-26 09:21:00", "subject": "2", "recorded-or-robo": "Y", "city": "Atlanta", "state": "GA", "area-code": "404"}, {"id": "3decc6bfadaa436a105714c6baefbf76", "number": "8136801126", "date": "2021-01-18 11:22:00", "subject": "2", "recorded-or-robo": "N", "city": "Riverview", "state": "FL", "area-code": "813"}, {"id": "3decc6bfadaa436a105714c6baefb918", "number": "9189387113", "date": "2021-01-26 00:00:00", "subject": "3", "recorded-or-robo": "", "city": "Lake placid", "state": "FL", "area-code": "918"}, {"id": "3decc6bfadaa436a105714c6baefac0c", "number": "6175158613", "date": "2021-01-25 18:48:00", "subject": "3", "recorded-or-robo": "N", "city": "Seminole", "state": "FL", "area-code": "978"}, {"id": "3decc6bfadaa436a105714c6baef9f34", "number": "8124679272", "date": "2021-01-26 08:22:00", "subject": "1", "recorded-or-robo": "Y", "city": "", "state": "IN", "area-code": "812"}, {"id": "3decc6bfadaa436a105714c6baef9260", "number": "2149146187", "date": "2021-01-26 08:25:00", "subject": "1", "recorded-or-robo": "Y", "city": "Frisco", "state": "TX", "area-code": "214"}, {"id": "3decc6bfadaa436a105714c6baef917c", "number": "7193423462", "date": "2021-01-25 19:16:00", "subject": "2", "recorded-or-robo": "Y", "city": "", "state": "CO", "area-code": "303"}, {"id": "3decc6bfadaa436a105714c6baef8c45", "number": "6784759087", "date": "2021-01-26 09:23:00", "subject": "1", "recorded-or-robo": "Y", "city": "Roswell", "state": "GA", "area-code": "678"}, {"id": "3decc6bfadaa436a105714c6baef828a", "number": "4435854302", "date": "2021-01-26 09:23:00", "subject": "2", "recorded-or-robo": "Y", "city": "Baltimore", "state": "MD", "area-code": "443"}, {"id": "3decc6bfadaa436a105714c6baef78ac", "number": "7014196403", "date": "2021-01-26 08:22:00", "subject": "2", "recorded-or-robo": "N", "city": "Fargo", "state": "ND", "area-code": "701"}, {"id": "3decc6bfadaa436a105714c6baef7186", "number": "", "date": "2021-01-26 08:08:00", "subject": "2", "recorded-or-robo": "Y", "city": "", "state": "IN", "area-code": "317"}, {"id": "3decc6bfadaa436a105714c6baef63bd", "number": "4044415763", "date": "2021-01-26 12:00:00", "subject": "2", "recorded-or-robo": "N", "city": "Asian or Pacific Islander", "state": "GA", "area-code": "404"}, {"id": "3decc6bfadaa436a105714c6baef5a4c", "number": "5617170344", "date": "2021-01-26 09:23:00", "subject": "2", "recorded-or-robo": "Y", "city": "", "state": "PA", "area-code": "570"}, {"id": "3decc6bfadaa436a105714c6baef4fef", "number": "8772811209", "date": "2021-01-25 08:54:00", "subject": "2", "recorded-or-robo": "N", "city": "Ottawa Lake", "state": "MI", "area-code": "734"}, {"id": "3decc6bfadaa436a105714c6baef4680", "number": "3302617692", "date": "2021-01-26 09:21:00", "subject": "4", "recorded-or-robo": "Y", "city": "ALLIANCE", "state": "OH", "area-code": "330"}, {"id": "3decc6bfadaa436a105714c6baef45e8", "number": "6015271966", "date": "2021-01-26 08:14:00", "subject": "2", "recorded-or-robo": "Y", "city": "", "state": "MS", "area-code": "601"}, {"id": "3decc6bfadaa436a105714c6baef44ca", "number": "", "date": "2021-01-26 09:21:00", "subject": "6", "recorded-or-robo": "Y", "city": "Woodcliff Lake", "state": "NJ", "area-code": "201"}, {"id": "3decc6bfadaa436a105714c6baef4062", "number": "6109003981", "date": "2021-01-26 09:21:00", "subject": "2", "recorded-or-robo": "Y", "city": "Aston", "state": "PA", "area-code": "610"}, {"id": "3decc6bfadaa436a105714c6baef3e3e", "number": "3072749518", "date": "2021-01-25 10:41:00", "subject": "2", "recorded-or-robo": "Y", "city": "savannah", "state": "GA", "area-code": "912"}, {"id": "3decc6bfadaa436a105714c6baef3c48", "number": "", "date": "2021-01-26 00:00:00", "subject": "3", "recorded-or-robo": "Y", "city": "", "state": "NY", "area-code": "845"}, {"id": "3decc6bfadaa436a105714c6baef3116", "number": "4403366062", "date": "2021-01-26 09:21:00", "subject": "1", "recorded-or-robo": "Y", "city": "", "state": "OH", "area-code": "440"}, {"id": "3decc6bfadaa436a105714c6baef2c5c", "number": "4052611711", "date": "2021-01-26 08:16:00", "subject": "6", "recorded-or-robo": "Y", "city": "Marion", "state": "IA", "area-code": "319"}, {"id": "3decc6bfadaa436a105714c6baef2926", "number": "8136144962", "date": "2021-01-18 13:29:00", "subject": "2", "recorded-or-robo": "N", "city": "Riverview", "state": "FL", "area-code": "813"}, {"id": "3decc6bfadaa436a105714c6baef1ec8", "number": "", "date": "2021-01-25 16:52:00", "subject": "4", "recorded-or-robo": "Y", "city": "Durham", "state": "NC", "area-code": "919"}, {"id": "3decc6bfadaa436a105714c6baef1365", "number": "4432057979", "date": "2021-01-26 09:23:00", "subject": "2", "recorded-or-robo": "Y", "city": "Kennett square", "state": "PA", "area-code": "443"}, {"id": "3decc6bfadaa436a105714c6baeed359", "number": "2157709001", "date": "2021-01-25 16:25:00", "subject": "3", "recorded-or-robo": "N", "city": "", "state": "MA", "area-code": "617"}, {"id": "3decc6bfadaa436a105714c6baef06d1", "number": "3309933080", "date": "2021-01-25 16:25:00", "subject": "4", "recorded-or-robo": "Y", "city": "ALLIANCE", "state": "OH", "area-code": "330"}, {"id": "3decc6bfadaa436a105714c6baeefb67", "number": "8448590010", "date": "2021-01-26 08:13:00", "subject": "1", "recorded-or-robo": "Y", "city": "Lynn Haven", "state": "FL", "area-code": "850"}]}