{"data": [{"id": "1d36742e3f24f50e4e7ae8280142882f", "number": "5628509131", "date": "2021-01-22 20:42:38", "subject": "3", "recorded-or-robo": "Y", "city": "", "state": "CA", "area-code": "949"}, {"id": "e81c9350d54f66c6d33b3747eead55d3", "number": "9154908657", "date": "2021-01-22 20:42:32", "subject": "3", "recorded-or-robo": "Y", "city": "", "state": "TX", "area-code": "915"}, {"id": "1d36742e3f24f50e4e7ae8280142103a", "number": "9154908657", "date": "2021-01-22 20:42:32", "subject": "3", "recorded-or-robo": "Y", "city": "", "state": "TX", "area-code": "915"}, {"id": "e81c9350d54f66c6d33b3747eeadd1b0", "number": "7036914888", "date": "2021-01-22 20:42:27", "subject": "3", "recorded-or-robo": "Y", "city": "", "state": "VA", "area-code": "703"}, {"id": "1d36742e3f24f50e4e7ae82801427456", "number": "7036914888", "date": "2021-01-22 20:42:27", "subject": "3", "recorded-or-robo": "Y", "city": "", "state": "VA", "area-code": "703"}, {"id": "e81c9350d54f66c6d33b3747ee844618", "number": "7605226710", "date": "2021-01-22 17:07:00", "subject": "5", "recorded-or-robo": "Y", "city": "Livermore", "state": "CA", "area-code": "925"}, {"id": "1d36742e3f24f50e4e7ae8280119c3de", "number": "7605226710", "date": "2021-01-22 17:07:00", "subject": "5", "recorded-or-robo": "Y", "city": "Livermore", "state": "CA", "area-code": "925"}, {"id": "e81c9350d54f66c6d33b3747ee843ca8", "number": "2677822277", "date": "2021-01-22 19:39:00", "subject": "9", "recorded-or-robo": "Y", "city": "Spring", "state": "TX", "area-code": "610"}, {"id": "1d36742e3f24f50e4e7ae8280119b9dd", "number": "2677822277", "date": "2021-01-22 19:39:00", "subject": "9", "recorded-or-robo": "Y", "city": "Spring", "state": "TX", "area-code": "610"}, {"id": "e81c9350d54f66c6d33b3747eeadcfcc", "number": "6262369171", "date": "2021-01-22 20:42:06", "subject": "3", "recorded-or-robo": "Y", "city": "", "state": "CA", "area-code": "626"}, {"id": "1d36742e3f24f50e4e7ae82801426c4e", "number": "6262369171", "date": "2021-01-22 20:42:06", "subject": "3", "recorded-or-robo": "Y", "city": "", "state": "CA", "area-code": "626"}, {"id": "e81c9350d54f66c6d33b3747ee84383c", "number": "5204331070", "date": "2021-01-22 11:13:00", "subject": "0", "recorded-or-robo": "Y", "city": "", "state": "CA", "area-code": "323"}, {"id": "e81c9350d54f66c6d33b3747ee84316f", "number": "9724339863", "date": "2021-01-21 14:46:00", "subject": "2", "recorded-or-robo": "Y", "city": "Olney", "state": "MD", "area-code": "301"}, {"id": "1d36742e3f24f50e4e7ae8280119b826", "number": "5204331070", "date": "2021-01-22 11:13:00", "subject": "0", "recorded-or-robo": "Y", "city": "", "state": "CA", "area-code": "323"}, {"id": "1d36742e3f24f50e4e7ae8280119a857", "number": "9724339863", "date": "2021-01-21 14:46:00", "subject": "2", "recorded-or-robo": "Y", "city": "Olney", "state": "MD", "area-code": "301"}, {"id": "e81c9350d54f66c6d33b3747ee842a73", "number": "2167583722", "date": "2021-01-22 16:27:00", "subject": "15", "recorded-or-robo": "Y", "city": "Belfast", "state": "ME", "area-code": "207"}, {"id": "1d36742e3f24f50e4e7ae8280119a5f2", "number": "2167583722", "date": "2021-01-22 16:27:00", "subject": "15", "recorded-or-robo": "Y", "city": "Belfast", "state": "ME", "area-code": "207"}, {"id": "e81c9350d54f66c6d33b3747eeacee86", "number": "8587042469", "date": "2021-01-22 20:41:24", "subject": "3", "recorded-or-robo": "Y", "city": "", "state": "CA", "area-code": "858"}, {"id": "1d36742e3f24f50e4e7ae82801419f0a", "number": "8587042469", "date": "2021-01-22 20:41:24", "subject": "3", "recorded-or-robo": "Y", "city": "", "state": "CA", "area-code": "858"}, {"id": "e81c9350d54f66c6d33b3747ee8425d8", "number": "8133657969", "date": "2021-01-21 18:41:00", "subject": "2", "recorded-or-robo": "Y", "city": "TAMPA", "state": "FL", "area-code": "813"}, {"id": "1d36742e3f24f50e4e7ae82801199bcd", "number": "8133657969", "date": "2021-01-21 18:41:00", "subject": "2", "recorded-or-robo": "Y", "city": "TAMPA", "state": "FL", "area-code": "813"}, {"id": "e81c9350d54f66c6d33b3747eeacd0cd", "number": "7035440303", "date": "2021-01-22 20:41:13", "subject": "3", "recorded-or-robo": "Y", "city": "", "state": "VA", "area-code": "703"}, {"id": "1d36742e3f24f50e4e7ae828014191d8", "number": "7035440303", "date": "2021-01-22 20:41:13", "subject": "3", "recorded-or-robo": "Y", "city": "", "state": "VA", "area-code": "703"}, {"id": "e81c9350d54f66c6d33b3747eeacf288", "number": "7035440303", "date": "2021-01-22 20:41:12", "subject": "3", "recorded-or-robo": "Y", "city": "", "state": "VA", "area-code": "703"}, {"id": "1d36742e3f24f50e4e7ae8280141ae9c", "number": "7035440303", "date": "2021-01-22 20:41:12", "subject": "3", "recorded-or-robo": "Y", "city": "", "state": "VA", "area-code": "703"}, {"id": "e81c9350d54f66c6d33b3747eeacacb4", "number": "+16314875143", "date": "2021-01-22 20:41:03", "subject": "3", "recorded-or-robo": "Y", "city": "", "state": "NY", "area-code": "347"}, {"id": "1d36742e3f24f50e4e7ae82801416e40", "number": "+16314875143", "date": "2021-01-22 20:41:03", "subject": "3", "recorded-or-robo": "Y", "city": "", "state": "NY", "area-code": "347"}, {"id": "e81c9350d54f66c6d33b3747ee841e1f", "number": "6303466626", "date": "2021-01-22 12:00:00", "subject": "1", "recorded-or-robo": "Y", "city": "Smyrna", "state": "GA", "area-code": "630"}, {"id": "1d36742e3f24f50e4e7ae82801199583", "number": "6303466626", "date": "2021-01-22 12:00:00", "subject": "1", "recorded-or-robo": "Y", "city": "Smyrna", "state": "GA", "area-code": "630"}, {"id": "e81c9350d54f66c6d33b3747ee841aaf", "number": "2172039731", "date": "2021-01-22 14:21:00", "subject": "3", "recorded-or-robo": "N", "city": "", "state": "CO", "area-code": "303"}, {"id": "1d36742e3f24f50e4e7ae82801198e51", "number": "2172039731", "date": "2021-01-22 14:21:00", "subject": "3", "recorded-or-robo": "N", "city": "", "state": "CO", "area-code": "303"}, {"id": "e81c9350d54f66c6d33b3747eeacdec1", "number": "+18102085276", "date": "2021-01-22 20:40:37", "subject": "3", "recorded-or-robo": "Y", "city": "", "state": "NY", "area-code": "347"}, {"id": "1d36742e3f24f50e4e7ae82801419a18", "number": "+18102085276", "date": "2021-01-22 20:40:37", "subject": "3", "recorded-or-robo": "Y", "city": "", "state": "NY", "area-code": "347"}, {"id": "e81c9350d54f66c6d33b3747ee840b64", "number": "2819343104", "date": "2021-01-22 14:23:00", "subject": "3", "recorded-or-robo": "", "city": "", "state": "TX", "area-code": "281"}, {"id": "1d36742e3f24f50e4e7ae8280119803e", "number": "2819343104", "date": "2021-01-22 14:23:00", "subject": "3", "recorded-or-robo": "", "city": "", "state": "TX", "area-code": "281"}, {"id": "e81c9350d54f66c6d33b3747ee83fe3c", "number": "3152328257", "date": "2021-01-22 13:30:00", "subject": "2", "recorded-or-robo": "Y", "city": "North Liberty", "state": "IN", "area-code": "574"}, {"id": "1d36742e3f24f50e4e7ae828011970d3", "number": "3152328257", "date": "2021-01-22 13:30:00", "subject": "2", "recorded-or-robo": "Y", "city": "North Liberty", "state": "IN", "area-code": "574"}, {"id": "e81c9350d54f66c6d33b3747eead01b4", "number": "+13476622234", "date": "2021-01-22 20:39:59", "subject": "3", "recorded-or-robo": "Y", "city": "", "state": "NY", "area-code": "347"}, {"id": "e81c9350d54f66c6d33b3747ee83d580", "number": "2033090659", "date": "2021-01-22 11:52:00", "subject": "3", "recorded-or-robo": "N", "city": "", "state": "CT", "area-code": "203"}, {"id": "1d36742e3f24f50e4e7ae8280141b1dc", "number": "+13476622234", "date": "2021-01-22 20:39:59", "subject": "3", "recorded-or-robo": "Y", "city": "", "state": "NY", "area-code": "347"}, {"id": "1d36742e3f24f50e4e7ae828011938ab", "number": "2033090659", "date": "2021-01-22 11:52:00", "subject": "3", "recorded-or-robo": "N", "city": "", "state": "CT", "area-code": "203"}, {"id": "e81c9350d54f66c6d33b3747ee83f6ae", "number": "6302362770", "date": "2021-01-22 19:19:00", "subject": "1", "recorded-or-robo": "Y", "city": "Aurora", "state": "IL", "area-code": "630"}, {"id": "1d36742e3f24f50e4e7ae82801196b63", "number": "6302362770", "date": "2021-01-22 19:19:00", "subject": "1", "recorded-or-robo": "Y", "city": "Aurora", "state": "IL", "area-code": "630"}, {"id": "e81c9350d54f66c6d33b3747ee83eab0", "number": "5619331152", "date": "2021-01-20 18:01:00", "subject": "2", "recorded-or-robo": "", "city": "Ocala", "state": "FL", "area-code": "352"}, {"id": "1d36742e3f24f50e4e7ae8280119678b", "number": "5619331152", "date": "2021-01-20 18:01:00", "subject": "2", "recorded-or-robo": "", "city": "Ocala", "state": "FL", "area-code": "352"}, {"id": "e81c9350d54f66c6d33b3747eeaca269", "number": "+13522334147", "date": "2021-01-22 20:39:49", "subject": "3", "recorded-or-robo": "N", "city": "", "state": "CA", "area-code": "805"}, {"id": "1d36742e3f24f50e4e7ae828014167e6", "number": "+13522334147", "date": "2021-01-22 20:39:49", "subject": "3", "recorded-or-robo": "N", "city": "", "state": "CA", "area-code": "805"}, {"id": "e81c9350d54f66c6d33b3747eead2e3e", "number": "7027791397", "date": "2021-01-22 20:39:31", "subject": "3", "recorded-or-robo": "Y", "city": "", "state": "NV", "area-code": "702"}, {"id": "1d36742e3f24f50e4e7ae8280141d2a7", "number": "7027791397", "date": "2021-01-22 20:39:31", "subject": "3", "recorded-or-robo": "Y", "city": "", "state": "NV", "area-code": "702"}, {"id": "e81c9350d54f66c6d33b3747eeacc056", "number": "9198825611", "date": "2021-01-22 20:39:28", "subject": "3", "recorded-or-robo": "Y", "city": "", "state": "TX", "area-code": "972"}]}