{"data": [{"id": "3decc6bfadaa436a105714c6bac76b9f", "number": "8442049279", "date": "2021-01-24 12:00:00", "subject": "1", "recorded-or-robo": "Y", "city": "Houston", "state": "TX", "area-code": "713"}, {"id": "03e293b3df9e35eadf15c561195d6a06", "number": "8442049279", "date": "2021-01-24 12:00:00", "subject": "1", "recorded-or-robo": "Y", "city": "Houston", "state": "TX", "area-code": "713"}, {"id": "3decc6bfadaa436a105714c6bac75ca8", "number": "4149401186", "date": "2021-01-24 17:47:00", "subject": "11", "recorded-or-robo": "Y", "city": "", "state": "WI", "area-code": "414"}, {"id": "03e293b3df9e35eadf15c561195d5a8d", "number": "4149401186", "date": "2021-01-24 17:47:00", "subject": "11", "recorded-or-robo": "Y", "city": "", "state": "WI", "area-code": "414"}, {"id": "3decc6bfadaa436a105714c6bac74ccd", "number": "5039444220", "date": "2021-01-22 16:48:00", "subject": "3", "recorded-or-robo": "", "city": "", "state": "OR", "area-code": "503"}, {"id": "03e293b3df9e35eadf15c561195d49dc", "number": "5039444220", "date": "2021-01-22 16:48:00", "subject": "3", "recorded-or-robo": "", "city": "", "state": "OR", "area-code": "503"}, {"id": "3decc6bfadaa436a105714c6bac75932", "number": "", "date": "2021-01-24 14:12:00", "subject": "2", "recorded-or-robo": "Y", "city": "Granada Hills", "state": "CA", "area-code": "818"}, {"id": "03e293b3df9e35eadf15c561195d4fec", "number": "", "date": "2021-01-24 14:12:00", "subject": "2", "recorded-or-robo": "Y", "city": "Granada Hills", "state": "CA", "area-code": "818"}, {"id": "3decc6bfadaa436a105714c6bac74bf6", "number": "4149404577", "date": "2021-01-24 17:25:00", "subject": "11", "recorded-or-robo": "Y", "city": "", "state": "WI", "area-code": "414"}, {"id": "03e293b3df9e35eadf15c561195d4498", "number": "4149404577", "date": "2021-01-24 17:25:00", "subject": "11", "recorded-or-robo": "Y", "city": "", "state": "WI", "area-code": "414"}, {"id": "3decc6bfadaa436a105714c6bac73bfd", "number": "6604411575", "date": "2021-01-24 17:28:00", "subject": "1", "recorded-or-robo": "Y", "city": "Warrensburg", "state": "MO", "area-code": "660"}, {"id": "03e293b3df9e35eadf15c561195d3cf5", "number": "6604411575", "date": "2021-01-24 17:28:00", "subject": "1", "recorded-or-robo": "Y", "city": "Warrensburg", "state": "MO", "area-code": "660"}, {"id": "3decc6bfadaa436a105714c6bac72f43", "number": "3124925131", "date": "2021-01-22 15:46:00", "subject": "4", "recorded-or-robo": "Y", "city": "", "state": "IL", "area-code": "847"}, {"id": "03e293b3df9e35eadf15c561195d378f", "number": "3124925131", "date": "2021-01-22 15:46:00", "subject": "4", "recorded-or-robo": "Y", "city": "", "state": "IL", "area-code": "847"}, {"id": "3decc6bfadaa436a105714c6bac72958", "number": "1855678436", "date": "2021-01-24 17:15:00", "subject": "2", "recorded-or-robo": "Y", "city": "", "state": "WI", "area-code": "414"}, {"id": "03e293b3df9e35eadf15c561195d2f0c", "number": "1855678436", "date": "2021-01-24 17:15:00", "subject": "2", "recorded-or-robo": "Y", "city": "", "state": "WI", "area-code": "414"}, {"id": "3decc6bfadaa436a105714c6bac72209", "number": "7022752049", "date": "2021-01-22 14:07:00", "subject": "2", "recorded-or-robo": "N", "city": "", "state": "CO", "area-code": "720"}, {"id": "03e293b3df9e35eadf15c561195d277b", "number": "7022752049", "date": "2021-01-22 14:07:00", "subject": "2", "recorded-or-robo": "N", "city": "", "state": "CO", "area-code": "720"}, {"id": "3decc6bfadaa436a105714c6bac71e9a", "number": "3023875653", "date": "2021-01-24 15:56:00", "subject": "0", "recorded-or-robo": "Y", "city": "", "state": "TN", "area-code": "615"}, {"id": "03e293b3df9e35eadf15c561195d2369", "number": "3023875653", "date": "2021-01-24 15:56:00", "subject": "0", "recorded-or-robo": "Y", "city": "", "state": "TN", "area-code": "615"}, {"id": "3decc6bfadaa436a105714c6bac716a5", "number": "8182759970", "date": "2021-01-24 14:12:00", "subject": "2", "recorded-or-robo": "Y", "city": "Granada Hills", "state": "CA", "area-code": "818"}, {"id": "03e293b3df9e35eadf15c561195d1c8c", "number": "8182759970", "date": "2021-01-24 14:12:00", "subject": "2", "recorded-or-robo": "Y", "city": "Granada Hills", "state": "CA", "area-code": "818"}, {"id": "3decc6bfadaa436a105714c6bac7078d", "number": "9274025", "date": "2021-01-11 16:12:00", "subject": "2", "recorded-or-robo": "Y", "city": "Winchester", "state": "KY", "area-code": "859"}, {"id": "03e293b3df9e35eadf15c561195d10d7", "number": "9274025", "date": "2021-01-11 16:12:00", "subject": "2", "recorded-or-robo": "Y", "city": "Winchester", "state": "KY", "area-code": "859"}, {"id": "3decc6bfadaa436a105714c6bac6fe0f", "number": "2133285093", "date": "2021-01-19 10:15:00", "subject": "2", "recorded-or-robo": "Y", "city": "", "state": "IL", "area-code": "847"}, {"id": "03e293b3df9e35eadf15c561195d0cba", "number": "2133285093", "date": "2021-01-19 10:15:00", "subject": "2", "recorded-or-robo": "Y", "city": "", "state": "IL", "area-code": "847"}, {"id": "3decc6bfadaa436a105714c6bac6f0c9", "number": "", "date": "2021-01-24 14:24:00", "subject": "1", "recorded-or-robo": "Y", "city": "Valley Grande", "state": "AL", "area-code": "334"}, {"id": "03e293b3df9e35eadf15c561195d00b4", "number": "", "date": "2021-01-24 14:24:00", "subject": "1", "recorded-or-robo": "Y", "city": "Valley Grande", "state": "AL", "area-code": "334"}, {"id": "3decc6bfadaa436a105714c6bac6e6bd", "number": "3023875653", "date": "2021-01-24 15:12:00", "subject": "0", "recorded-or-robo": "Y", "city": "", "state": "TN", "area-code": "615"}, {"id": "03e293b3df9e35eadf15c561195cfe58", "number": "3023875653", "date": "2021-01-24 15:12:00", "subject": "0", "recorded-or-robo": "Y", "city": "", "state": "TN", "area-code": "615"}, {"id": "3decc6bfadaa436a105714c6bac6dde1", "number": "8185756526", "date": "2021-01-24 12:31:00", "subject": "3", "recorded-or-robo": "N", "city": "", "state": "NJ", "area-code": "201"}, {"id": "03e293b3df9e35eadf15c561195cf61b", "number": "8185756526", "date": "2021-01-24 12:31:00", "subject": "3", "recorded-or-robo": "N", "city": "", "state": "NJ", "area-code": "201"}, {"id": "3decc6bfadaa436a105714c6bac6d75b", "number": "2199164461", "date": "2021-01-24 11:00:00", "subject": "11", "recorded-or-robo": "Y", "city": "Fortville", "state": "IN", "area-code": "219"}, {"id": "03e293b3df9e35eadf15c561195ced73", "number": "2199164461", "date": "2021-01-24 11:00:00", "subject": "11", "recorded-or-robo": "Y", "city": "Fortville", "state": "IN", "area-code": "219"}, {"id": "3decc6bfadaa436a105714c6bac6cd64", "number": "6062202231", "date": "2021-01-12 15:01:00", "subject": "2", "recorded-or-robo": "Y", "city": "Winchester", "state": "KY", "area-code": "859"}, {"id": "03e293b3df9e35eadf15c561195ce465", "number": "6062202231", "date": "2021-01-12 15:01:00", "subject": "2", "recorded-or-robo": "Y", "city": "Winchester", "state": "KY", "area-code": "859"}, {"id": "3decc6bfadaa436a105714c6bac6c4af", "number": "", "date": "2021-01-24 18:44:00", "subject": "11", "recorded-or-robo": "Y", "city": "Fishers", "state": "IN", "area-code": "317"}, {"id": "03e293b3df9e35eadf15c561195cdf31", "number": "", "date": "2021-01-24 18:44:00", "subject": "11", "recorded-or-robo": "Y", "city": "Fishers", "state": "IN", "area-code": "317"}, {"id": "3decc6bfadaa436a105714c6bac6bb1d", "number": "8882804331", "date": "2021-01-24 15:41:00", "subject": "2", "recorded-or-robo": "Y", "city": "New York", "state": "NY", "area-code": "718"}, {"id": "03e293b3df9e35eadf15c561195cd1b1", "number": "8882804331", "date": "2021-01-24 15:41:00", "subject": "2", "recorded-or-robo": "Y", "city": "New York", "state": "NY", "area-code": "718"}, {"id": "3decc6bfadaa436a105714c6bac6ae22", "number": "8556780909", "date": "2021-01-24 18:34:00", "subject": "16", "recorded-or-robo": "Y", "city": "Ruskin", "state": "FL", "area-code": "813"}, {"id": "03e293b3df9e35eadf15c561195cce54", "number": "8556780909", "date": "2021-01-24 18:34:00", "subject": "16", "recorded-or-robo": "Y", "city": "Ruskin", "state": "FL", "area-code": "813"}, {"id": "3decc6bfadaa436a105714c6bac6a840", "number": "3145179470", "date": "2021-01-24 17:18:00", "subject": "2", "recorded-or-robo": "Y", "city": "St Louis", "state": "MO", "area-code": "314"}, {"id": "03e293b3df9e35eadf15c561195cc865", "number": "3145179470", "date": "2021-01-24 17:18:00", "subject": "2", "recorded-or-robo": "Y", "city": "St Louis", "state": "MO", "area-code": "314"}, {"id": "3decc6bfadaa436a105714c6bac6a125", "number": "4149404577", "date": "2021-01-24 16:46:00", "subject": "11", "recorded-or-robo": "Y", "city": "Greendale", "state": "WI", "area-code": "414"}, {"id": "03e293b3df9e35eadf15c561195cbbc3", "number": "4149404577", "date": "2021-01-24 16:46:00", "subject": "11", "recorded-or-robo": "Y", "city": "Greendale", "state": "WI", "area-code": "414"}, {"id": "3decc6bfadaa436a105714c6bac6969f", "number": "3174966158", "date": "2021-01-24 18:43:00", "subject": "2", "recorded-or-robo": "Y", "city": "Fishers", "state": "IN", "area-code": "317"}, {"id": "03e293b3df9e35eadf15c561195cb663", "number": "3174966158", "date": "2021-01-24 18:43:00", "subject": "2", "recorded-or-robo": "Y", "city": "Fishers", "state": "IN", "area-code": "317"}, {"id": "3decc6bfadaa436a105714c6bac68ab8", "number": "2029181056", "date": "2021-01-23 15:02:00", "subject": "8", "recorded-or-robo": "Y", "city": "", "state": "MN", "area-code": "763"}, {"id": "03e293b3df9e35eadf15c561195cafc6", "number": "2029181056", "date": "2021-01-23 15:02:00", "subject": "8", "recorded-or-robo": "Y", "city": "", "state": "MN", "area-code": "763"}]}