{"data": [{"id": "deca54a6651fb9add5b4a9816cb2db90", "number": "8654357203", "date": "2021-01-22 15:47:00", "subject": "2", "recorded-or-robo": "Y", "city": "Kingston", "state": "TN", "area-code": "865"}, {"id": "e81c9350d54f66c6d33b3747ee1d9dcf", "number": "9092708144", "date": "2021-01-22 14:23:00", "subject": "2", "recorded-or-robo": "Y", "city": "Anderson", "state": "CA", "area-code": "530"}, {"id": "deca54a6651fb9add5b4a9816cb2d5b8", "number": "9092708144", "date": "2021-01-22 14:23:00", "subject": "2", "recorded-or-robo": "Y", "city": "Anderson", "state": "CA", "area-code": "530"}, {"id": "e81c9350d54f66c6d33b3747ee1d96b0", "number": "6052265834", "date": "2021-01-22 16:49:00", "subject": "2", "recorded-or-robo": "Y", "city": "Chicago", "state": "IL", "area-code": "312"}, {"id": "deca54a6651fb9add5b4a9816cb2c9a8", "number": "6052265834", "date": "2021-01-22 16:49:00", "subject": "2", "recorded-or-robo": "Y", "city": "Chicago", "state": "IL", "area-code": "312"}, {"id": "e81c9350d54f66c6d33b3747ee5ce3cf", "number": "", "date": "2021-01-22 17:32:00", "subject": "3", "recorded-or-robo": "Y", "city": "", "state": "FL", "area-code": "561"}, {"id": "deca54a6651fb9add5b4a9816cf1b19e", "number": "", "date": "2021-01-22 17:32:00", "subject": "3", "recorded-or-robo": "Y", "city": "", "state": "FL", "area-code": "561"}, {"id": "e81c9350d54f66c6d33b3747ee1d8e51", "number": "3124873248", "date": "2021-01-22 17:35:00", "subject": "2", "recorded-or-robo": "Y", "city": "Barberton", "state": "OH", "area-code": "312"}, {"id": "e81c9350d54f66c6d33b3747ee1d86f3", "number": "8173989782", "date": "2021-01-22 11:54:00", "subject": "0", "recorded-or-robo": "", "city": "Millsboro", "state": "DE", "area-code": "302"}, {"id": "deca54a6651fb9add5b4a9816cb2c388", "number": "3124873248", "date": "2021-01-22 17:35:00", "subject": "2", "recorded-or-robo": "Y", "city": "Barberton", "state": "OH", "area-code": "312"}, {"id": "deca54a6651fb9add5b4a9816cb2bc24", "number": "8173989782", "date": "2021-01-22 11:54:00", "subject": "0", "recorded-or-robo": "", "city": "Millsboro", "state": "DE", "area-code": "302"}, {"id": "e81c9350d54f66c6d33b3747ee1d81f1", "number": "8183507607", "date": "2021-01-22 14:33:00", "subject": "2", "recorded-or-robo": "N", "city": "Huntington Beach", "state": "CA", "area-code": "818"}, {"id": "deca54a6651fb9add5b4a9816cb2b5b9", "number": "8183507607", "date": "2021-01-22 14:33:00", "subject": "2", "recorded-or-robo": "N", "city": "Huntington Beach", "state": "CA", "area-code": "818"}, {"id": "e81c9350d54f66c6d33b3747ee1d7da2", "number": "9089224413", "date": "2021-01-21 19:05:00", "subject": "1", "recorded-or-robo": "Y", "city": "Whitehouse Station", "state": "NJ", "area-code": "908"}, {"id": "deca54a6651fb9add5b4a9816cb2a820", "number": "9089224413", "date": "2021-01-21 19:05:00", "subject": "1", "recorded-or-robo": "Y", "city": "Whitehouse Station", "state": "NJ", "area-code": "908"}, {"id": "e81c9350d54f66c6d33b3747ee1d7699", "number": "3013291738", "date": "2021-01-22 12:28:00", "subject": "4", "recorded-or-robo": "Y", "city": "Chevy Chase", "state": "MD", "area-code": "301"}, {"id": "deca54a6651fb9add5b4a9816cb29d62", "number": "3013291738", "date": "2021-01-22 12:28:00", "subject": "4", "recorded-or-robo": "Y", "city": "Chevy Chase", "state": "MD", "area-code": "301"}, {"id": "e81c9350d54f66c6d33b3747ee1d688d", "number": "7029003349", "date": "2021-01-22 13:14:00", "subject": "2", "recorded-or-robo": "N", "city": "So. Lake Tahoe", "state": "CA", "area-code": "775"}, {"id": "e81c9350d54f66c6d33b3747ee1d5f47", "number": "9736095166", "date": "2021-01-22 17:15:00", "subject": "3", "recorded-or-robo": "Y", "city": "Parsippany", "state": "NJ", "area-code": "973"}, {"id": "deca54a6651fb9add5b4a9816cb29176", "number": "7029003349", "date": "2021-01-22 13:14:00", "subject": "2", "recorded-or-robo": "N", "city": "So. Lake Tahoe", "state": "CA", "area-code": "775"}, {"id": "deca54a6651fb9add5b4a9816cb28ec8", "number": "9736095166", "date": "2021-01-22 17:15:00", "subject": "3", "recorded-or-robo": "Y", "city": "Parsippany", "state": "NJ", "area-code": "973"}, {"id": "e81c9350d54f66c6d33b3747ee1d5300", "number": "5126410377", "date": "2021-01-21 18:08:00", "subject": "2", "recorded-or-robo": "N", "city": "", "state": "TX", "area-code": "512"}, {"id": "deca54a6651fb9add5b4a9816cb28c2b", "number": "5126410377", "date": "2021-01-21 18:08:00", "subject": "2", "recorded-or-robo": "N", "city": "", "state": "TX", "area-code": "512"}, {"id": "e81c9350d54f66c6d33b3747ee53ec6b", "number": "+17865721719", "date": "2021-01-22 17:50:52", "subject": "3", "recorded-or-robo": "N", "city": "", "state": "FL", "area-code": "407"}, {"id": "deca54a6651fb9add5b4a9816ce855f2", "number": "+17865721719", "date": "2021-01-22 17:50:52", "subject": "3", "recorded-or-robo": "N", "city": "", "state": "FL", "area-code": "407"}, {"id": "e81c9350d54f66c6d33b3747ee1d4f3d", "number": "8645031429", "date": "2021-01-22 17:40:00", "subject": "6", "recorded-or-robo": "Y", "city": "", "state": "MI", "area-code": "517"}, {"id": "deca54a6651fb9add5b4a9816cb27ef1", "number": "8645031429", "date": "2021-01-22 17:40:00", "subject": "6", "recorded-or-robo": "Y", "city": "", "state": "MI", "area-code": "517"}, {"id": "e81c9350d54f66c6d33b3747ee1d4654", "number": "8861446087", "date": "2021-01-22 13:24:00", "subject": "2", "recorded-or-robo": "Y", "city": "", "state": "MS", "area-code": "662"}, {"id": "deca54a6651fb9add5b4a9816cb27c25", "number": "8861446087", "date": "2021-01-22 13:24:00", "subject": "2", "recorded-or-robo": "Y", "city": "", "state": "MS", "area-code": "662"}, {"id": "e81c9350d54f66c6d33b3747ee1d3664", "number": "6145154032", "date": "2021-01-22 14:20:00", "subject": "2", "recorded-or-robo": "N", "city": "columbus", "state": "OH", "area-code": "614"}, {"id": "deca54a6651fb9add5b4a9816cb27174", "number": "6145154032", "date": "2021-01-22 14:20:00", "subject": "2", "recorded-or-robo": "N", "city": "columbus", "state": "OH", "area-code": "614"}, {"id": "e81c9350d54f66c6d33b3747ee540a18", "number": "+17865721719", "date": "2021-01-22 17:50:34", "subject": "3", "recorded-or-robo": "N", "city": "", "state": "FL", "area-code": "407"}, {"id": "e81c9350d54f66c6d33b3747ee1d2d6f", "number": "6052266520", "date": "2021-01-22 15:54:00", "subject": "5", "recorded-or-robo": "Y", "city": "Greenfield", "state": "WI", "area-code": "414"}, {"id": "deca54a6651fb9add5b4a9816ce87eaa", "number": "+17865721719", "date": "2021-01-22 17:50:34", "subject": "3", "recorded-or-robo": "N", "city": "", "state": "FL", "area-code": "407"}, {"id": "deca54a6651fb9add5b4a9816cb26c7d", "number": "6052266520", "date": "2021-01-22 15:54:00", "subject": "5", "recorded-or-robo": "Y", "city": "Greenfield", "state": "WI", "area-code": "414"}, {"id": "e81c9350d54f66c6d33b3747ee1d2a81", "number": "9737862428", "date": "2021-01-22 16:11:00", "subject": "0", "recorded-or-robo": "", "city": "Millsboro", "state": "DE", "area-code": "302"}, {"id": "deca54a6651fb9add5b4a9816cb2618f", "number": "9737862428", "date": "2021-01-22 16:11:00", "subject": "0", "recorded-or-robo": "", "city": "Millsboro", "state": "DE", "area-code": "302"}, {"id": "e81c9350d54f66c6d33b3747ee1d1f49", "number": "8182304065", "date": "2021-01-21 19:01:00", "subject": "3", "recorded-or-robo": "N", "city": "", "state": "CA", "area-code": "818"}, {"id": "deca54a6651fb9add5b4a9816cb25b5e", "number": "8182304065", "date": "2021-01-21 19:01:00", "subject": "3", "recorded-or-robo": "N", "city": "", "state": "CA", "area-code": "818"}, {"id": "e81c9350d54f66c6d33b3747ee1d16a9", "number": "8603564644", "date": "2021-01-22 16:52:00", "subject": "7", "recorded-or-robo": "N", "city": "Jacksonville", "state": "FL", "area-code": "860"}, {"id": "deca54a6651fb9add5b4a9816cb251fe", "number": "8603564644", "date": "2021-01-22 16:52:00", "subject": "7", "recorded-or-robo": "N", "city": "Jacksonville", "state": "FL", "area-code": "860"}, {"id": "e81c9350d54f66c6d33b3747ee545baf", "number": "+12153853930", "date": "2021-01-22 17:50:15", "subject": "3", "recorded-or-robo": "Y", "city": "", "state": "PA", "area-code": "484"}, {"id": "deca54a6651fb9add5b4a9816ce8ce7c", "number": "+12153853930", "date": "2021-01-22 17:50:15", "subject": "3", "recorded-or-robo": "Y", "city": "", "state": "PA", "area-code": "484"}, {"id": "e81c9350d54f66c6d33b3747ee1d0c6c", "number": "6613518631", "date": "2021-01-21 13:34:00", "subject": "2", "recorded-or-robo": "Y", "city": "Bakersfield", "state": "CA", "area-code": "661"}, {"id": "deca54a6651fb9add5b4a9816cb24fef", "number": "6613518631", "date": "2021-01-21 13:34:00", "subject": "2", "recorded-or-robo": "Y", "city": "Bakersfield", "state": "CA", "area-code": "661"}, {"id": "e81c9350d54f66c6d33b3747ee5404a7", "number": "+17279778964", "date": "2021-01-22 17:50:01", "subject": "3", "recorded-or-robo": "Y", "city": "", "state": "FL", "area-code": "727"}, {"id": "deca54a6651fb9add5b4a9816ce86d83", "number": "+17279778964", "date": "2021-01-22 17:50:01", "subject": "3", "recorded-or-robo": "Y", "city": "", "state": "FL", "area-code": "727"}, {"id": "e81c9350d54f66c6d33b3747ee1d0ae9", "number": "3234703809", "date": "2021-01-21 17:13:00", "subject": "4", "recorded-or-robo": "", "city": "Anderson", "state": "CA", "area-code": "530"}, {"id": "deca54a6651fb9add5b4a9816cb2464f", "number": "3234703809", "date": "2021-01-21 17:13:00", "subject": "4", "recorded-or-robo": "", "city": "Anderson", "state": "CA", "area-code": "530"}, {"id": "e81c9350d54f66c6d33b3747ee54a07c", "number": "3025651959", "date": "2021-01-22 17:49:53", "subject": "3", "recorded-or-robo": "Y", "city": "", "state": "TX", "area-code": "713"}]}