{"data": [{"id": "1d36742e3f24f50e4e7ae82801fb6f14", "number": "", "date": "2021-01-23 18:20:00", "subject": "2", "recorded-or-robo": "Y", "city": "", "state": "AR", "area-code": "501"}, {"id": "1d36742e3f24f50e4e7ae82801fb6154", "number": "", "date": "2021-01-23 12:00:00", "subject": "2", "recorded-or-robo": "Y", "city": "Spokane", "state": "WA", "area-code": "509"}, {"id": "3decc6bfadaa436a105714c6ba654ef5", "number": "2146186752", "date": "2021-01-22 16:21:00", "subject": "9", "recorded-or-robo": "Y", "city": "", "state": "TX", "area-code": "214"}, {"id": "1d36742e3f24f50e4e7ae82801fb55ca", "number": "2146186752", "date": "2021-01-22 16:21:00", "subject": "9", "recorded-or-robo": "Y", "city": "", "state": "TX", "area-code": "214"}, {"id": "3decc6bfadaa436a105714c6ba80db0f", "number": "+13527170291", "date": "2021-01-23 19:55:20", "subject": "3", "recorded-or-robo": "Y", "city": "", "state": "GA", "area-code": "678"}, {"id": "03e293b3df9e35eadf15c56119174d50", "number": "+13527170291", "date": "2021-01-23 19:55:20", "subject": "3", "recorded-or-robo": "Y", "city": "", "state": "GA", "area-code": "678"}, {"id": "3decc6bfadaa436a105714c6ba654b45", "number": "3214458872", "date": "2020-12-12 12:00:00", "subject": "2", "recorded-or-robo": "Y", "city": "Venice", "state": "FL", "area-code": "941"}, {"id": "1d36742e3f24f50e4e7ae82801fb529d", "number": "3214458872", "date": "2020-12-12 12:00:00", "subject": "2", "recorded-or-robo": "Y", "city": "Venice", "state": "FL", "area-code": "941"}, {"id": "3decc6bfadaa436a105714c6ba654057", "number": "8556786941", "date": "2021-01-23 15:46:00", "subject": "11", "recorded-or-robo": "Y", "city": "Spokane", "state": "WA", "area-code": "509"}, {"id": "1d36742e3f24f50e4e7ae82801fb4a5f", "number": "8556786941", "date": "2021-01-23 15:46:00", "subject": "11", "recorded-or-robo": "Y", "city": "Spokane", "state": "WA", "area-code": "509"}, {"id": "3decc6bfadaa436a105714c6ba80e2bf", "number": "8475040675", "date": "2021-01-23 19:54:16", "subject": "3", "recorded-or-robo": "Y", "city": "", "state": "IL", "area-code": "847"}, {"id": "03e293b3df9e35eadf15c56119175455", "number": "8475040675", "date": "2021-01-23 19:54:16", "subject": "3", "recorded-or-robo": "Y", "city": "", "state": "IL", "area-code": "847"}, {"id": "3decc6bfadaa436a105714c6ba80e7e3", "number": "8475040675", "date": "2021-01-23 19:54:15", "subject": "3", "recorded-or-robo": "Y", "city": "", "state": "IL", "area-code": "847"}, {"id": "03e293b3df9e35eadf15c561191756af", "number": "8475040675", "date": "2021-01-23 19:54:15", "subject": "3", "recorded-or-robo": "Y", "city": "", "state": "IL", "area-code": "847"}, {"id": "3decc6bfadaa436a105714c6ba80945f", "number": "7756658371", "date": "2021-01-23 19:53:48", "subject": "3", "recorded-or-robo": "Y", "city": "", "state": "NV", "area-code": "702"}, {"id": "03e293b3df9e35eadf15c56119170a94", "number": "7756658371", "date": "2021-01-23 19:53:48", "subject": "3", "recorded-or-robo": "Y", "city": "", "state": "NV", "area-code": "702"}, {"id": "3decc6bfadaa436a105714c6ba65316d", "number": "8556782192", "date": "2021-01-23 15:57:00", "subject": "11", "recorded-or-robo": "Y", "city": "Spokane", "state": "WA", "area-code": "509"}, {"id": "1d36742e3f24f50e4e7ae82801fb3eab", "number": "8556782192", "date": "2021-01-23 15:57:00", "subject": "11", "recorded-or-robo": "Y", "city": "Spokane", "state": "WA", "area-code": "509"}, {"id": "3decc6bfadaa436a105714c6ba80a8bc", "number": "+12489160427", "date": "2021-01-23 19:53:36", "subject": "3", "recorded-or-robo": "Y", "city": "", "state": "GA", "area-code": "678"}, {"id": "03e293b3df9e35eadf15c56119171a6c", "number": "+12489160427", "date": "2021-01-23 19:53:36", "subject": "3", "recorded-or-robo": "Y", "city": "", "state": "GA", "area-code": "678"}, {"id": "3decc6bfadaa436a105714c6ba652c0c", "number": "8556783397", "date": "2021-01-23 16:45:00", "subject": "11", "recorded-or-robo": "Y", "city": "Valleyford", "state": "WA", "area-code": "855"}, {"id": "1d36742e3f24f50e4e7ae82801fb3d26", "number": "8556783397", "date": "2021-01-23 16:45:00", "subject": "11", "recorded-or-robo": "Y", "city": "Valleyford", "state": "WA", "area-code": "855"}, {"id": "3decc6bfadaa436a105714c6ba652758", "number": "2147343439", "date": "2021-01-22 11:13:00", "subject": "1", "recorded-or-robo": "Y", "city": "", "state": "TX", "area-code": "214"}, {"id": "1d36742e3f24f50e4e7ae82801fb345f", "number": "2147343439", "date": "2021-01-22 11:13:00", "subject": "1", "recorded-or-robo": "Y", "city": "", "state": "TX", "area-code": "214"}, {"id": "3decc6bfadaa436a105714c6ba65204f", "number": "", "date": "2021-01-20 08:08:00", "subject": "3", "recorded-or-robo": "Y", "city": "", "state": "WA", "area-code": "509"}, {"id": "1d36742e3f24f50e4e7ae82801fb3354", "number": "", "date": "2021-01-20 08:08:00", "subject": "3", "recorded-or-robo": "Y", "city": "", "state": "WA", "area-code": "509"}, {"id": "3decc6bfadaa436a105714c6ba65194d", "number": "3032730421", "date": "2021-01-19 09:42:00", "subject": "0", "recorded-or-robo": "N", "city": "Evergreen", "state": "CO", "area-code": "303"}, {"id": "1d36742e3f24f50e4e7ae82801fb29ed", "number": "3032730421", "date": "2021-01-19 09:42:00", "subject": "0", "recorded-or-robo": "N", "city": "Evergreen", "state": "CO", "area-code": "303"}, {"id": "3decc6bfadaa436a105714c6ba650f31", "number": "5099281706", "date": "2021-01-23 15:42:00", "subject": "1", "recorded-or-robo": "Y", "city": "SPOKANE VALLEY", "state": "WA", "area-code": "509"}, {"id": "1d36742e3f24f50e4e7ae82801fb27a4", "number": "5099281706", "date": "2021-01-23 15:42:00", "subject": "1", "recorded-or-robo": "Y", "city": "SPOKANE VALLEY", "state": "WA", "area-code": "509"}, {"id": "3decc6bfadaa436a105714c6ba650196", "number": "3145606963", "date": "2021-01-23 16:25:00", "subject": "2", "recorded-or-robo": "Y", "city": "Greenfield", "state": "IN", "area-code": "314"}, {"id": "1d36742e3f24f50e4e7ae82801fb2277", "number": "3145606963", "date": "2021-01-23 16:25:00", "subject": "2", "recorded-or-robo": "Y", "city": "Greenfield", "state": "IN", "area-code": "314"}, {"id": "3decc6bfadaa436a105714c6ba64f629", "number": "9732481871", "date": "2021-01-22 14:39:00", "subject": "2", "recorded-or-robo": "N", "city": "Pompton Lakes", "state": "NJ", "area-code": "973"}, {"id": "1d36742e3f24f50e4e7ae82801fb14fd", "number": "9732481871", "date": "2021-01-22 14:39:00", "subject": "2", "recorded-or-robo": "N", "city": "Pompton Lakes", "state": "NJ", "area-code": "973"}, {"id": "3decc6bfadaa436a105714c6ba64eada", "number": "2693094442", "date": "2021-01-22 06:51:00", "subject": "2", "recorded-or-robo": "", "city": "", "state": "MI", "area-code": "248"}, {"id": "1d36742e3f24f50e4e7ae82801fb10a7", "number": "2693094442", "date": "2021-01-22 06:51:00", "subject": "2", "recorded-or-robo": "", "city": "", "state": "MI", "area-code": "248"}, {"id": "3decc6bfadaa436a105714c6ba64e7fc", "number": "9415290738", "date": "2020-12-28 21:05:00", "subject": "2", "recorded-or-robo": "", "city": "Stanwood", "state": "WA", "area-code": "360"}, {"id": "1d36742e3f24f50e4e7ae82801fb0dac", "number": "9415290738", "date": "2020-12-28 21:05:00", "subject": "2", "recorded-or-robo": "", "city": "Stanwood", "state": "WA", "area-code": "360"}, {"id": "3decc6bfadaa436a105714c6ba64e6fe", "number": "3853262873", "date": "2021-01-23 13:29:00", "subject": "2", "recorded-or-robo": "N", "city": "Waxhaw", "state": "NC", "area-code": "615"}, {"id": "1d36742e3f24f50e4e7ae82801fb0915", "number": "3853262873", "date": "2021-01-23 13:29:00", "subject": "2", "recorded-or-robo": "N", "city": "Waxhaw", "state": "NC", "area-code": "615"}, {"id": "3decc6bfadaa436a105714c6ba64e0bc", "number": "4805814769", "date": "2021-01-23 17:35:00", "subject": "2", "recorded-or-robo": "N", "city": "Tempe", "state": "AZ", "area-code": "480"}, {"id": "1d36742e3f24f50e4e7ae82801fafc48", "number": "4805814769", "date": "2021-01-23 17:35:00", "subject": "2", "recorded-or-robo": "N", "city": "Tempe", "state": "AZ", "area-code": "480"}, {"id": "3decc6bfadaa436a105714c6ba64e0aa", "number": "3032730421", "date": "2021-01-19 09:28:00", "subject": "0", "recorded-or-robo": "N", "city": "Evergreen", "state": "CO", "area-code": "303"}, {"id": "1d36742e3f24f50e4e7ae82801faf30e", "number": "3032730421", "date": "2021-01-19 09:28:00", "subject": "0", "recorded-or-robo": "N", "city": "Evergreen", "state": "CO", "area-code": "303"}, {"id": "3decc6bfadaa436a105714c6ba64d70e", "number": "8556782702", "date": "2021-01-23 00:00:00", "subject": "11", "recorded-or-robo": "Y", "city": "Spokane", "state": "WA", "area-code": "509"}, {"id": "1d36742e3f24f50e4e7ae82801fae881", "number": "8556782702", "date": "2021-01-23 00:00:00", "subject": "11", "recorded-or-robo": "Y", "city": "Spokane", "state": "WA", "area-code": "509"}, {"id": "3decc6bfadaa436a105714c6ba8089e7", "number": "+15106116854", "date": "2021-01-23 19:50:14", "subject": "3", "recorded-or-robo": "Y", "city": "", "state": "CA", "area-code": "510"}, {"id": "03e293b3df9e35eadf15c56119170351", "number": "+15106116854", "date": "2021-01-23 19:50:14", "subject": "3", "recorded-or-robo": "Y", "city": "", "state": "CA", "area-code": "510"}, {"id": "3decc6bfadaa436a105714c6ba64c85a", "number": "5099289361", "date": "2021-01-23 15:56:00", "subject": "1", "recorded-or-robo": "Y", "city": "SPOKANE VALLEY", "state": "WA", "area-code": "509"}, {"id": "1d36742e3f24f50e4e7ae82801fad8ef", "number": "5099289361", "date": "2021-01-23 15:56:00", "subject": "1", "recorded-or-robo": "Y", "city": "SPOKANE VALLEY", "state": "WA", "area-code": "509"}]}