{"data": [{"id": "1d36742e3f24f50e4e7ae828012a46fc", "number": "2342605562", "date": "2021-01-19 11:36:00", "subject": "3", "recorded-or-robo": "", "city": "Massillon", "state": "OH", "area-code": "330"}, {"id": "e81c9350d54f66c6d33b3747eebe6b2e", "number": "5092105877", "date": "2021-01-22 22:50:14", "subject": "3", "recorded-or-robo": "Y", "city": "", "state": "OH", "area-code": "513"}, {"id": "1d36742e3f24f50e4e7ae82801537184", "number": "5092105877", "date": "2021-01-22 22:50:14", "subject": "3", "recorded-or-robo": "Y", "city": "", "state": "OH", "area-code": "513"}, {"id": "e81c9350d54f66c6d33b3747ee94bf16", "number": "8605589730", "date": "2021-01-22 17:21:00", "subject": "0", "recorded-or-robo": "Y", "city": "", "state": "CT", "area-code": "860"}, {"id": "1d36742e3f24f50e4e7ae828012a4164", "number": "8605589730", "date": "2021-01-22 17:21:00", "subject": "0", "recorded-or-robo": "Y", "city": "", "state": "CT", "area-code": "860"}, {"id": "e81c9350d54f66c6d33b3747ee94bde4", "number": "9402736470", "date": "2021-01-22 17:24:00", "subject": "4", "recorded-or-robo": "Y", "city": "Irving", "state": "TX", "area-code": "214"}, {"id": "1d36742e3f24f50e4e7ae828012a3aac", "number": "9402736470", "date": "2021-01-22 17:24:00", "subject": "4", "recorded-or-robo": "Y", "city": "Irving", "state": "TX", "area-code": "214"}, {"id": "e81c9350d54f66c6d33b3747ee94baa3", "number": "2157708825", "date": "2021-01-21 13:21:00", "subject": "1", "recorded-or-robo": "Y", "city": "San Diego", "state": "CA", "area-code": "858"}, {"id": "1d36742e3f24f50e4e7ae828012a345e", "number": "2157708825", "date": "2021-01-21 13:21:00", "subject": "1", "recorded-or-robo": "Y", "city": "San Diego", "state": "CA", "area-code": "858"}, {"id": "e81c9350d54f66c6d33b3747ee94ace9", "number": "8174988654", "date": "2021-01-22 13:16:00", "subject": "5", "recorded-or-robo": "Y", "city": "Colleyville", "state": "TX", "area-code": "817"}, {"id": "1d36742e3f24f50e4e7ae828012a26cb", "number": "8174988654", "date": "2021-01-22 13:16:00", "subject": "5", "recorded-or-robo": "Y", "city": "Colleyville", "state": "TX", "area-code": "817"}, {"id": "e81c9350d54f66c6d33b3747eebe3bf9", "number": "+18136877444", "date": "2021-01-22 22:48:41", "subject": "3", "recorded-or-robo": "Y", "city": "", "state": "FL", "area-code": "813"}, {"id": "1d36742e3f24f50e4e7ae82801533378", "number": "+18136877444", "date": "2021-01-22 22:48:41", "subject": "3", "recorded-or-robo": "Y", "city": "", "state": "FL", "area-code": "813"}, {"id": "e81c9350d54f66c6d33b3747ee949d2b", "number": "8081027035", "date": "2021-01-22 15:55:00", "subject": "2", "recorded-or-robo": "", "city": "Mililani", "state": "HI", "area-code": "808"}, {"id": "1d36742e3f24f50e4e7ae828012a1def", "number": "8081027035", "date": "2021-01-22 15:55:00", "subject": "2", "recorded-or-robo": "", "city": "Mililani", "state": "HI", "area-code": "808"}, {"id": "e81c9350d54f66c6d33b3747ee948ed4", "number": "5203885827", "date": "2021-01-18 11:38:00", "subject": "2", "recorded-or-robo": "Y", "city": "Tucson", "state": "AZ", "area-code": "520"}, {"id": "1d36742e3f24f50e4e7ae828012a1618", "number": "5203885827", "date": "2021-01-18 11:38:00", "subject": "2", "recorded-or-robo": "Y", "city": "Tucson", "state": "AZ", "area-code": "520"}, {"id": "e81c9350d54f66c6d33b3747eebe0849", "number": "7865445183", "date": "2021-01-22 22:48:18", "subject": "3", "recorded-or-robo": "Y", "city": "", "state": "FL", "area-code": "786"}, {"id": "1d36742e3f24f50e4e7ae828015309bd", "number": "7865445183", "date": "2021-01-22 22:48:18", "subject": "3", "recorded-or-robo": "Y", "city": "", "state": "FL", "area-code": "786"}, {"id": "e81c9350d54f66c6d33b3747ee9488c1", "number": "2402130736", "date": "2021-01-21 09:03:00", "subject": "1", "recorded-or-robo": "Y", "city": "San Diego", "state": "CA", "area-code": "858"}, {"id": "1d36742e3f24f50e4e7ae828012a0776", "number": "2402130736", "date": "2021-01-21 09:03:00", "subject": "1", "recorded-or-robo": "Y", "city": "San Diego", "state": "CA", "area-code": "858"}, {"id": "e81c9350d54f66c6d33b3747ee947ecc", "number": "9728226164", "date": "2021-01-22 13:45:00", "subject": "4", "recorded-or-robo": "Y", "city": "Irving", "state": "TX", "area-code": "214"}, {"id": "1d36742e3f24f50e4e7ae828012a00da", "number": "9728226164", "date": "2021-01-22 13:45:00", "subject": "4", "recorded-or-robo": "Y", "city": "Irving", "state": "TX", "area-code": "214"}, {"id": "e81c9350d54f66c6d33b3747eebde038", "number": "+18332298914", "date": "2021-01-22 22:47:40", "subject": "3", "recorded-or-robo": "Y", "city": "", "state": "NJ", "area-code": "908"}, {"id": "e81c9350d54f66c6d33b3747eebdd0b2", "number": "2395671539", "date": "2021-01-22 22:47:40", "subject": "3", "recorded-or-robo": "Y", "city": "", "state": "FL", "area-code": "305"}, {"id": "1d36742e3f24f50e4e7ae8280152e165", "number": "+18332298914", "date": "2021-01-22 22:47:40", "subject": "3", "recorded-or-robo": "Y", "city": "", "state": "NJ", "area-code": "908"}, {"id": "1d36742e3f24f50e4e7ae8280152d511", "number": "2395671539", "date": "2021-01-22 22:47:40", "subject": "3", "recorded-or-robo": "Y", "city": "", "state": "FL", "area-code": "305"}, {"id": "e81c9350d54f66c6d33b3747eebd4450", "number": "2395671539", "date": "2021-01-22 22:47:16", "subject": "3", "recorded-or-robo": "Y", "city": "", "state": "FL", "area-code": "305"}, {"id": "1d36742e3f24f50e4e7ae82801529609", "number": "2395671539", "date": "2021-01-22 22:47:16", "subject": "3", "recorded-or-robo": "Y", "city": "", "state": "FL", "area-code": "305"}, {"id": "e81c9350d54f66c6d33b3747eebde6c6", "number": "8433220134", "date": "2021-01-22 22:47:02", "subject": "3", "recorded-or-robo": "N", "city": "", "state": "TX", "area-code": "214"}, {"id": "1d36742e3f24f50e4e7ae8280152e849", "number": "8433220134", "date": "2021-01-22 22:47:02", "subject": "3", "recorded-or-robo": "N", "city": "", "state": "TX", "area-code": "214"}, {"id": "e81c9350d54f66c6d33b3747eebd8c27", "number": "2142836316", "date": "2021-01-22 22:46:52", "subject": "3", "recorded-or-robo": "N", "city": "", "state": "TX", "area-code": "214"}, {"id": "1d36742e3f24f50e4e7ae8280152b28a", "number": "2142836316", "date": "2021-01-22 22:46:52", "subject": "3", "recorded-or-robo": "N", "city": "", "state": "TX", "area-code": "214"}, {"id": "e81c9350d54f66c6d33b3747eebd9579", "number": "4123681115", "date": "2021-01-22 22:46:48", "subject": "3", "recorded-or-robo": "Y", "city": "", "state": "PA", "area-code": "412"}, {"id": "1d36742e3f24f50e4e7ae8280152b66e", "number": "4123681115", "date": "2021-01-22 22:46:48", "subject": "3", "recorded-or-robo": "Y", "city": "", "state": "PA", "area-code": "412"}, {"id": "e81c9350d54f66c6d33b3747eebdc32b", "number": "5164420065", "date": "2021-01-22 22:46:42", "subject": "3", "recorded-or-robo": "N", "city": "", "state": "TX", "area-code": "214"}, {"id": "e81c9350d54f66c6d33b3747ee94731a", "number": "9792046509", "date": "2021-01-22 17:54:00", "subject": "0", "recorded-or-robo": "Y", "city": "", "state": "AR", "area-code": "479"}, {"id": "1d36742e3f24f50e4e7ae8280152d071", "number": "5164420065", "date": "2021-01-22 22:46:42", "subject": "3", "recorded-or-robo": "N", "city": "", "state": "TX", "area-code": "214"}, {"id": "1d36742e3f24f50e4e7ae8280129fb18", "number": "9792046509", "date": "2021-01-22 17:54:00", "subject": "0", "recorded-or-robo": "Y", "city": "", "state": "AR", "area-code": "479"}, {"id": "e81c9350d54f66c6d33b3747ee946392", "number": "243840313560", "date": "2021-01-22 20:14:00", "subject": "2", "recorded-or-robo": "Y", "city": "Norwalk", "state": "IA", "area-code": "515"}, {"id": "e81c9350d54f66c6d33b3747ee945442", "number": "2147402262", "date": "2021-01-21 15:29:00", "subject": "4", "recorded-or-robo": "Y", "city": "Irving", "state": "TX", "area-code": "214"}, {"id": "1d36742e3f24f50e4e7ae8280129ef2d", "number": "243840313560", "date": "2021-01-22 20:14:00", "subject": "2", "recorded-or-robo": "Y", "city": "Norwalk", "state": "IA", "area-code": "515"}, {"id": "1d36742e3f24f50e4e7ae8280129ea61", "number": "2147402262", "date": "2021-01-21 15:29:00", "subject": "4", "recorded-or-robo": "Y", "city": "Irving", "state": "TX", "area-code": "214"}, {"id": "e81c9350d54f66c6d33b3747eebdd33e", "number": "5055085699", "date": "2021-01-22 22:46:25", "subject": "3", "recorded-or-robo": "N", "city": "", "state": "TX", "area-code": "214"}, {"id": "1d36742e3f24f50e4e7ae8280152da94", "number": "5055085699", "date": "2021-01-22 22:46:25", "subject": "3", "recorded-or-robo": "N", "city": "", "state": "TX", "area-code": "214"}, {"id": "e81c9350d54f66c6d33b3747eebdb3c9", "number": "+19722157013", "date": "2021-01-22 22:46:24", "subject": "3", "recorded-or-robo": "N", "city": "", "state": "TX", "area-code": "972"}, {"id": "e81c9350d54f66c6d33b3747ee9444bc", "number": "5672680464", "date": "2021-01-22 11:43:00", "subject": "2", "recorded-or-robo": "Y", "city": "FREMONT", "state": "OH", "area-code": "567"}, {"id": "1d36742e3f24f50e4e7ae8280152cbdd", "number": "+19722157013", "date": "2021-01-22 22:46:24", "subject": "3", "recorded-or-robo": "N", "city": "", "state": "TX", "area-code": "972"}, {"id": "1d36742e3f24f50e4e7ae8280129dcca", "number": "5672680464", "date": "2021-01-22 11:43:00", "subject": "2", "recorded-or-robo": "Y", "city": "FREMONT", "state": "OH", "area-code": "567"}, {"id": "e81c9350d54f66c6d33b3747eebdf34f", "number": "6787307860", "date": "2021-01-22 22:46:21", "subject": "3", "recorded-or-robo": "N", "city": "", "state": "GA", "area-code": "404"}]}