{"data": [{"id": "490dde24b259add1335244cd1b4fb65f", "number": "2094354415", "date": "2021-01-26 09:11:00", "subject": "0", "recorded-or-robo": "Y", "city": "Livingston", "state": "CA", "area-code": "209"}, {"id": "490dde24b259add1335244cd1b4faf8f", "number": "8773715378", "date": "2021-01-20 15:00:00", "subject": "2", "recorded-or-robo": "Y", "city": "", "state": "TX", "area-code": "832"}, {"id": "490dde24b259add1335244cd1b4fa4a5", "number": "9712320042", "date": "2021-01-25 10:42:00", "subject": "4", "recorded-or-robo": "Y", "city": "", "state": "OR", "area-code": "971"}, {"id": "490dde24b259add1335244cd1b4f9ae8", "number": "4127482451", "date": "2021-01-26 12:03:00", "subject": "2", "recorded-or-robo": "N", "city": "Pittsburgh", "state": "PA", "area-code": "412"}, {"id": "490dde24b259add1335244cd1b4f8ffa", "number": "3158727284", "date": "2021-01-26 12:13:00", "subject": "2", "recorded-or-robo": "N", "city": "", "state": "NY", "area-code": "347"}, {"id": "490dde24b259add1335244cd1b4f8a76", "number": "8882033021", "date": "2021-01-26 12:10:00", "subject": "2", "recorded-or-robo": "Y", "city": "Minneola", "state": "FL", "area-code": "352"}, {"id": "490dde24b259add1335244cd1b4f85d3", "number": "2189553602", "date": "2021-01-12 15:05:00", "subject": "2", "recorded-or-robo": "N", "city": "Hayward", "state": "WI", "area-code": "218"}, {"id": "490dde24b259add1335244cd1b4f857d", "number": "2817099370", "date": "2021-01-26 10:09:00", "subject": "5", "recorded-or-robo": "Y", "city": "Wickenburg", "state": "AZ", "area-code": "928"}, {"id": "490dde24b259add1335244cd1b4f84f3", "number": "3602688843", "date": "2021-01-26 08:51:00", "subject": "0", "recorded-or-robo": "Y", "city": "Seattle", "state": "WA", "area-code": "206"}, {"id": "490dde24b259add1335244cd1b4f758e", "number": "8652938898", "date": "2021-01-26 11:12:00", "subject": "1", "recorded-or-robo": "Y", "city": "", "state": "TN", "area-code": "865"}, {"id": "490dde24b259add1335244cd1b4f6b96", "number": "3199882137", "date": "2021-01-26 10:58:00", "subject": "4", "recorded-or-robo": "Y", "city": "Garland", "state": "TX", "area-code": "972"}, {"id": "490dde24b259add1335244cd1b4f69bd", "number": "8033340546", "date": "2021-01-26 12:00:00", "subject": "1", "recorded-or-robo": "Y", "city": "Seabrook Island", "state": "SC", "area-code": "516"}, {"id": "490dde24b259add1335244cd1b4f60c4", "number": "8106328866", "date": "2021-01-26 11:40:00", "subject": "0", "recorded-or-robo": "N", "city": "Metamora", "state": "MI", "area-code": "810"}, {"id": "490dde24b259add1335244cd1b4f59f2", "number": "3082239261", "date": "2021-01-26 10:13:00", "subject": "1", "recorded-or-robo": "Y", "city": "Kimball", "state": "NE", "area-code": "308"}, {"id": "490dde24b259add1335244cd1b4f4def", "number": "8652934291", "date": "2021-01-26 09:51:00", "subject": "1", "recorded-or-robo": "Y", "city": "", "state": "TN", "area-code": "865"}, {"id": "490dde24b259add1335244cd1b4f4cf2", "number": "3477270808", "date": "2021-01-26 14:14:00", "subject": "3", "recorded-or-robo": "N", "city": "", "state": "NY", "area-code": "347"}, {"id": "490dde24b259add1335244cd1b4f4013", "number": "4242594164", "date": "2021-01-26 09:03:00", "subject": "9", "recorded-or-robo": "Y", "city": "OXNARD", "state": "CA", "area-code": "805"}, {"id": "490dde24b259add1335244cd1b4f33f2", "number": "4056456863", "date": "2021-01-26 11:08:00", "subject": "2", "recorded-or-robo": "N", "city": "Spencer", "state": "OK", "area-code": "405"}, {"id": "490dde24b259add1335244cd1b4f2446", "number": "9412143010", "date": "2021-01-26 12:09:00", "subject": "7", "recorded-or-robo": "Y", "city": "NORTH PORT", "state": "FL", "area-code": "941"}, {"id": "490dde24b259add1335244cd1b4f2393", "number": "9104278504", "date": "2021-01-26 11:14:00", "subject": "4", "recorded-or-robo": "Y", "city": "Philadelphia", "state": "PA", "area-code": "215"}, {"id": "490dde24b259add1335244cd1b4f14d1", "number": "4085472670", "date": "2021-01-25 15:17:00", "subject": "0", "recorded-or-robo": "Y", "city": "Austin", "state": "TX", "area-code": "512"}, {"id": "490dde24b259add1335244cd1b4f11c8", "number": "2535617764", "date": "2021-01-26 11:17:00", "subject": "2", "recorded-or-robo": "Y", "city": "Knoxville", "state": "TN", "area-code": "865"}, {"id": "490dde24b259add1335244cd1b4f119e", "number": "8325695403", "date": "2021-01-21 11:53:00", "subject": "2", "recorded-or-robo": "Y", "city": "", "state": "TX", "area-code": "832"}, {"id": "490dde24b259add1335244cd1b4f0d15", "number": "9733988457", "date": "2021-01-26 00:00:00", "subject": "4", "recorded-or-robo": "Y", "city": "", "state": "FL", "area-code": "352"}, {"id": "490dde24b259add1335244cd1b4efd1f", "number": "7723180355", "date": "2021-01-26 12:08:00", "subject": "4", "recorded-or-robo": "Y", "city": "Wellsboro", "state": "PA", "area-code": "561"}, {"id": "490dde24b259add1335244cd1b4ef21d", "number": "4803815812", "date": "2021-01-26 10:02:00", "subject": "4", "recorded-or-robo": "Y", "city": "Phoenix", "state": "AZ", "area-code": "480"}, {"id": "490dde24b259add1335244cd1b4ef065", "number": "", "date": "2021-01-26 10:48:00", "subject": "1", "recorded-or-robo": "Y", "city": "Waukee", "state": "IA", "area-code": "515"}, {"id": "490dde24b259add1335244cd1b4ee5ec", "number": "6143117807", "date": "2021-01-26 12:11:00", "subject": "3", "recorded-or-robo": "Y", "city": "", "state": "OH", "area-code": "614"}, {"id": "490dde24b259add1335244cd1b4ed7c0", "number": "5122287072", "date": "2021-01-26 00:00:00", "subject": "1", "recorded-or-robo": "N", "city": "", "state": "TX", "area-code": "512"}, {"id": "490dde24b259add1335244cd1b4ed7b3", "number": "9542484518", "date": "2021-01-26 10:34:00", "subject": "4", "recorded-or-robo": "Y", "city": "Lauderdale Lakes", "state": "FL", "area-code": "954"}, {"id": "490dde24b259add1335244cd1b4ecc36", "number": "8454370483", "date": "2021-01-26 12:04:00", "subject": "5", "recorded-or-robo": "Y", "city": "", "state": "NY", "area-code": "845"}, {"id": "490dde24b259add1335244cd1b4ec29c", "number": "8595454144", "date": "2021-01-26 12:07:00", "subject": "2", "recorded-or-robo": "Y", "city": "Florence", "state": "KY", "area-code": "513"}, {"id": "490dde24b259add1335244cd1b4eb49a", "number": "7605446201", "date": "2021-01-26 09:00:00", "subject": "4", "recorded-or-robo": "Y", "city": "Costa Mesa", "state": "CA", "area-code": "949"}, {"id": "490dde24b259add1335244cd1b4eb286", "number": "3462588301", "date": "2021-01-26 12:04:00", "subject": "4", "recorded-or-robo": "Y", "city": "Arlington", "state": "VA", "area-code": "919"}, {"id": "490dde24b259add1335244cd1b4eb234", "number": "", "date": "2021-01-26 10:30:00", "subject": "1", "recorded-or-robo": "Y", "city": "Ashville", "state": "AL", "area-code": "205"}, {"id": "490dde24b259add1335244cd1b4eb224", "number": "", "date": "2021-01-26 12:00:00", "subject": "2", "recorded-or-robo": "Y", "city": "", "state": "MT", "area-code": "406"}, {"id": "490dde24b259add1335244cd1b4eb028", "number": "4322805551", "date": "2021-01-26 11:07:00", "subject": "6", "recorded-or-robo": "N", "city": "Birmingham", "state": "AL", "area-code": "205"}, {"id": "490dde24b259add1335244cd1b4eacfa", "number": "7088751457", "date": "2021-01-26 11:46:00", "subject": "4", "recorded-or-robo": "Y", "city": "", "state": "GA", "area-code": "912"}, {"id": "490dde24b259add1335244cd1b4eac31", "number": "9092301928", "date": "2021-01-26 08:16:00", "subject": "2", "recorded-or-robo": "N", "city": "Fontana", "state": "CA", "area-code": "909"}, {"id": "490dde24b259add1335244cd1b4ea145", "number": "9898903297", "date": "2021-01-25 17:42:00", "subject": "5", "recorded-or-robo": "Y", "city": "Bay City", "state": "MI", "area-code": "989"}, {"id": "490dde24b259add1335244cd1b4e92c9", "number": "8332065319", "date": "2021-01-26 12:00:00", "subject": "1", "recorded-or-robo": "N", "city": "Keaau", "state": "HI", "area-code": "808"}, {"id": "490dde24b259add1335244cd1b4e8940", "number": "4086012196", "date": "2021-01-25 17:25:00", "subject": "0", "recorded-or-robo": "Y", "city": "Austin", "state": "TX", "area-code": "512"}, {"id": "490dde24b259add1335244cd1b4e85f8", "number": "4078889787", "date": "2021-01-21 13:22:00", "subject": "0", "recorded-or-robo": "N", "city": "", "state": "FL", "area-code": "813"}, {"id": "490dde24b259add1335244cd1b4e7b26", "number": "8338093969", "date": "2021-01-20 16:17:00", "subject": "4", "recorded-or-robo": "Y", "city": "Montrose", "state": "CO", "area-code": "970"}, {"id": "490dde24b259add1335244cd1b4e6bdb", "number": "7085327485", "date": "2021-01-26 11:05:00", "subject": "7", "recorded-or-robo": "Y", "city": "tinley park", "state": "IL", "area-code": "708"}, {"id": "490dde24b259add1335244cd1b4e6055", "number": "7813325465", "date": "2021-01-22 10:05:00", "subject": "3", "recorded-or-robo": "Y", "city": "CENTRAL ISLIP", "state": "NY", "area-code": "631"}, {"id": "490dde24b259add1335244cd1b4e5a73", "number": "7703591254", "date": "2021-01-26 10:29:00", "subject": "0", "recorded-or-robo": "Y", "city": "GREENSBORO", "state": "GA", "area-code": "770"}, {"id": "490dde24b259add1335244cd1b4e525b", "number": "5414701136", "date": "2021-01-26 09:09:00", "subject": "4", "recorded-or-robo": "Y", "city": "Dallas", "state": "OR", "area-code": "503"}, {"id": "490dde24b259add1335244cd1b4e4b23", "number": "7866779731", "date": "2020-12-17 10:40:00", "subject": "1", "recorded-or-robo": "Y", "city": "Portsmouth", "state": "OH", "area-code": "740"}, {"id": "490dde24b259add1335244cd1b4e3c96", "number": "8134927496", "date": "2021-01-26 11:58:00", "subject": "4", "recorded-or-robo": "Y", "city": "", "state": "FL", "area-code": "813"}]}