{"data": [{"id": "3decc6bfadaa436a105714c6bace54c4", "number": "8009336262", "date": "2021-01-24 00:00:00", "subject": "2", "recorded-or-robo": "Y", "city": "", "state": "NY", "area-code": "646"}, {"id": "03e293b3df9e35eadf15c561196484ae", "number": "8009336262", "date": "2021-01-24 00:00:00", "subject": "2", "recorded-or-robo": "Y", "city": "", "state": "NY", "area-code": "646"}, {"id": "3decc6bfadaa436a105714c6bace48b6", "number": "8556789567", "date": "2021-01-24 19:00:00", "subject": "2", "recorded-or-robo": "Y", "city": "Carol Stream", "state": "IL", "area-code": "630"}, {"id": "03e293b3df9e35eadf15c56119648422", "number": "8556789567", "date": "2021-01-24 19:00:00", "subject": "2", "recorded-or-robo": "Y", "city": "Carol Stream", "state": "IL", "area-code": "630"}, {"id": "3decc6bfadaa436a105714c6bace4229", "number": "4016180245", "date": "2021-01-24 00:00:00", "subject": "6", "recorded-or-robo": "N", "city": "", "state": "MD", "area-code": "240"}, {"id": "03e293b3df9e35eadf15c56119647c12", "number": "4016180245", "date": "2021-01-24 00:00:00", "subject": "6", "recorded-or-robo": "N", "city": "", "state": "MD", "area-code": "240"}, {"id": "3decc6bfadaa436a105714c6bace3a0a", "number": "", "date": "2021-01-22 12:23:00", "subject": "4", "recorded-or-robo": "Y", "city": "Woodcliff Lake", "state": "NJ", "area-code": "201"}, {"id": "03e293b3df9e35eadf15c561196479cf", "number": "", "date": "2021-01-22 12:23:00", "subject": "4", "recorded-or-robo": "Y", "city": "Woodcliff Lake", "state": "NJ", "area-code": "201"}, {"id": "3decc6bfadaa436a105714c6bace2dcc", "number": "8153177058", "date": "2021-01-23 10:23:00", "subject": "2", "recorded-or-robo": "N", "city": "", "state": "IL", "area-code": "815"}, {"id": "03e293b3df9e35eadf15c561196472d2", "number": "8153177058", "date": "2021-01-23 10:23:00", "subject": "2", "recorded-or-robo": "N", "city": "", "state": "IL", "area-code": "815"}, {"id": "3decc6bfadaa436a105714c6bace2bbd", "number": "8159742519", "date": "2021-01-23 12:30:00", "subject": "2", "recorded-or-robo": "N", "city": "", "state": "IL", "area-code": "815"}, {"id": "03e293b3df9e35eadf15c56119646e01", "number": "8159742519", "date": "2021-01-23 12:30:00", "subject": "2", "recorded-or-robo": "N", "city": "", "state": "IL", "area-code": "815"}, {"id": "3decc6bfadaa436a105714c6bace2244", "number": "4149431199", "date": "2021-01-24 18:39:00", "subject": "11", "recorded-or-robo": "Y", "city": "Wauwatosa", "state": "WI", "area-code": "414"}, {"id": "03e293b3df9e35eadf15c56119646158", "number": "4149431199", "date": "2021-01-24 18:39:00", "subject": "11", "recorded-or-robo": "Y", "city": "Wauwatosa", "state": "WI", "area-code": "414"}, {"id": "3decc6bfadaa436a105714c6bace1378", "number": "6085647782", "date": "2021-01-24 19:01:00", "subject": "2", "recorded-or-robo": "Y", "city": "Arkdale", "state": "WI", "area-code": "608"}, {"id": "03e293b3df9e35eadf15c561196452d8", "number": "6085647782", "date": "2021-01-24 19:01:00", "subject": "2", "recorded-or-robo": "Y", "city": "Arkdale", "state": "WI", "area-code": "608"}, {"id": "3decc6bfadaa436a105714c6bacdca56", "number": "8556789444", "date": "2021-01-24 00:00:00", "subject": "3", "recorded-or-robo": "", "city": "", "state": "MO", "area-code": "660"}, {"id": "03e293b3df9e35eadf15c5611963f67b", "number": "8556789444", "date": "2021-01-24 00:00:00", "subject": "3", "recorded-or-robo": "", "city": "", "state": "MO", "area-code": "660"}, {"id": "3decc6bfadaa436a105714c6bace0f6b", "number": "8009336262", "date": "2021-01-24 00:00:00", "subject": "3", "recorded-or-robo": "Y", "city": "", "state": "NY", "area-code": "646"}, {"id": "03e293b3df9e35eadf15c56119644aac", "number": "8009336262", "date": "2021-01-24 00:00:00", "subject": "3", "recorded-or-robo": "Y", "city": "", "state": "NY", "area-code": "646"}, {"id": "3decc6bfadaa436a105714c6bace01b0", "number": "8159611737", "date": "2021-01-23 12:35:00", "subject": "2", "recorded-or-robo": "N", "city": "", "state": "IL", "area-code": "815"}, {"id": "03e293b3df9e35eadf15c561196440c8", "number": "8159611737", "date": "2021-01-23 12:35:00", "subject": "2", "recorded-or-robo": "N", "city": "", "state": "IL", "area-code": "815"}, {"id": "3decc6bfadaa436a105714c6bacdfc37", "number": "6625544500", "date": "2021-01-12 15:34:00", "subject": "2", "recorded-or-robo": "Y", "city": "Calabasas", "state": "CA", "area-code": "818"}, {"id": "03e293b3df9e35eadf15c561196439ac", "number": "6625544500", "date": "2021-01-12 15:34:00", "subject": "2", "recorded-or-robo": "Y", "city": "Calabasas", "state": "CA", "area-code": "818"}, {"id": "3decc6bfadaa436a105714c6bacdf120", "number": "", "date": "2021-01-24 16:53:00", "subject": "1", "recorded-or-robo": "Y", "city": "Spokane", "state": "WA", "area-code": "509"}, {"id": "03e293b3df9e35eadf15c56119642aa5", "number": "", "date": "2021-01-24 16:53:00", "subject": "1", "recorded-or-robo": "Y", "city": "Spokane", "state": "WA", "area-code": "509"}, {"id": "3decc6bfadaa436a105714c6bacde5bd", "number": "2486531093", "date": "2021-01-22 17:12:00", "subject": "2", "recorded-or-robo": "Y", "city": "Alexandria", "state": "VA", "area-code": "703"}, {"id": "3decc6bfadaa436a105714c6bacdd675", "number": "", "date": "2021-01-21 17:22:00", "subject": "11", "recorded-or-robo": "Y", "city": "Woodcliff Lake", "state": "NJ", "area-code": "201"}, {"id": "03e293b3df9e35eadf15c56119641f9a", "number": "2486531093", "date": "2021-01-22 17:12:00", "subject": "2", "recorded-or-robo": "Y", "city": "Alexandria", "state": "VA", "area-code": "703"}, {"id": "03e293b3df9e35eadf15c561196415a1", "number": "", "date": "2021-01-21 17:22:00", "subject": "11", "recorded-or-robo": "Y", "city": "Woodcliff Lake", "state": "NJ", "area-code": "201"}, {"id": "3decc6bfadaa436a105714c6bacdd071", "number": "6076259077", "date": "2021-01-24 20:00:00", "subject": "2", "recorded-or-robo": "Y", "city": "Apalachin", "state": "NY", "area-code": "607"}, {"id": "03e293b3df9e35eadf15c56119640b2a", "number": "6076259077", "date": "2021-01-24 20:00:00", "subject": "2", "recorded-or-robo": "Y", "city": "Apalachin", "state": "NY", "area-code": "607"}, {"id": "3decc6bfadaa436a105714c6bacdcaaf", "number": "3123802943", "date": "2021-01-23 17:41:00", "subject": "2", "recorded-or-robo": "N", "city": "", "state": "IL", "area-code": "815"}, {"id": "03e293b3df9e35eadf15c56119640282", "number": "3123802943", "date": "2021-01-23 17:41:00", "subject": "2", "recorded-or-robo": "N", "city": "", "state": "IL", "area-code": "815"}, {"id": "3decc6bfadaa436a105714c6bacdc61b", "number": "8556786169", "date": "2021-01-17 18:30:00", "subject": "11", "recorded-or-robo": "Y", "city": "David City", "state": "NE", "area-code": "402"}, {"id": "03e293b3df9e35eadf15c5611963f3b5", "number": "8556786169", "date": "2021-01-17 18:30:00", "subject": "11", "recorded-or-robo": "Y", "city": "David City", "state": "NE", "area-code": "402"}, {"id": "3decc6bfadaa436a105714c6bacdb880", "number": "8664691354", "date": "2021-01-24 11:39:00", "subject": "3", "recorded-or-robo": "Y", "city": "Honolulu", "state": "HI", "area-code": "808"}, {"id": "03e293b3df9e35eadf15c5611963f294", "number": "8664691354", "date": "2021-01-24 11:39:00", "subject": "3", "recorded-or-robo": "Y", "city": "Honolulu", "state": "HI", "area-code": "808"}, {"id": "3decc6bfadaa436a105714c6bacdb6e0", "number": "3152328257", "date": "2021-01-24 18:50:00", "subject": "2", "recorded-or-robo": "Y", "city": "Hazelwood", "state": "MO", "area-code": "855"}, {"id": "03e293b3df9e35eadf15c5611963ede8", "number": "3152328257", "date": "2021-01-24 18:50:00", "subject": "2", "recorded-or-robo": "Y", "city": "Hazelwood", "state": "MO", "area-code": "855"}, {"id": "3decc6bfadaa436a105714c6bacdb3d9", "number": "6304715556", "date": "2021-01-22 12:48:00", "subject": "0", "recorded-or-robo": "N", "city": "Sioux Falls", "state": "SD", "area-code": "605"}, {"id": "03e293b3df9e35eadf15c5611963de25", "number": "6304715556", "date": "2021-01-22 12:48:00", "subject": "0", "recorded-or-robo": "N", "city": "Sioux Falls", "state": "SD", "area-code": "605"}, {"id": "3decc6bfadaa436a105714c6bacdae5f", "number": "", "date": "2021-01-18 10:15:00", "subject": "5", "recorded-or-robo": "Y", "city": "Woodcliff Lake", "state": "NJ", "area-code": "201"}, {"id": "03e293b3df9e35eadf15c5611963d365", "number": "", "date": "2021-01-18 10:15:00", "subject": "5", "recorded-or-robo": "Y", "city": "Woodcliff Lake", "state": "NJ", "area-code": "201"}, {"id": "3decc6bfadaa436a105714c6bacda0e6", "number": "5092557144", "date": "2021-01-24 16:02:00", "subject": "2", "recorded-or-robo": "Y", "city": "Liberty Lake", "state": "WA", "area-code": "509"}, {"id": "03e293b3df9e35eadf15c5611963d119", "number": "5092557144", "date": "2021-01-24 16:02:00", "subject": "2", "recorded-or-robo": "Y", "city": "Liberty Lake", "state": "WA", "area-code": "509"}, {"id": "3decc6bfadaa436a105714c6bacd9823", "number": "9152003835", "date": "2021-01-15 16:08:00", "subject": "1", "recorded-or-robo": "Y", "city": "MAUMEE", "state": "OH", "area-code": "419"}, {"id": "03e293b3df9e35eadf15c5611963c743", "number": "9152003835", "date": "2021-01-15 16:08:00", "subject": "1", "recorded-or-robo": "Y", "city": "MAUMEE", "state": "OH", "area-code": "419"}, {"id": "3decc6bfadaa436a105714c6bacd9799", "number": "", "date": "2021-01-18 12:06:00", "subject": "6", "recorded-or-robo": "Y", "city": "Woodcliff Lake", "state": "NJ", "area-code": "201"}, {"id": "3decc6bfadaa436a105714c6bacd9213", "number": "5092556422", "date": "2021-01-24 16:34:00", "subject": "2", "recorded-or-robo": "Y", "city": "Liberty Lake", "state": "WA", "area-code": "509"}]}