{"data": [{"id": "3decc6bfadaa436a105714c6bae26a14", "number": "7242538166", "date": "2021-01-25 20:04:00", "subject": "1", "recorded-or-robo": "Y", "city": "Ellwood City", "state": "PA", "area-code": "724"}, {"id": "3decc6bfadaa436a105714c6bae25e61", "number": "9892797759", "date": "2020-01-25 13:01:00", "subject": "3", "recorded-or-robo": "N", "city": "", "state": "TN", "area-code": "931"}, {"id": "3decc6bfadaa436a105714c6bae2685e", "number": "2673294822", "date": "2021-01-24 15:29:00", "subject": "0", "recorded-or-robo": "N", "city": "", "state": "PA", "area-code": "215"}, {"id": "3decc6bfadaa436a105714c6bae25cba", "number": "", "date": "2021-01-24 00:00:00", "subject": "1", "recorded-or-robo": "Y", "city": "", "state": "MN", "area-code": "651"}, {"id": "3decc6bfadaa436a105714c6bae250ec", "number": "4108268280", "date": "2021-01-25 14:43:00", "subject": "2", "recorded-or-robo": "Y", "city": "Vernon Rockville", "state": "CT", "area-code": "478"}, {"id": "3decc6bfadaa436a105714c6bae241cb", "number": "4194944347", "date": "2021-01-25 12:01:00", "subject": "2", "recorded-or-robo": "Y", "city": "FREMONT", "state": "OH", "area-code": "419"}, {"id": "3decc6bfadaa436a105714c6bae236a5", "number": "5674027013", "date": "2021-01-25 10:54:00", "subject": "2", "recorded-or-robo": "Y", "city": "FREMONT", "state": "OH", "area-code": "419"}, {"id": "3decc6bfadaa436a105714c6bae23291", "number": "4199826001", "date": "2021-01-25 09:00:00", "subject": "2", "recorded-or-robo": "Y", "city": "FREMONT", "state": "OH", "area-code": "419"}, {"id": "3decc6bfadaa436a105714c6bae2287c", "number": "9723721723", "date": "2021-01-26 00:00:00", "subject": "2", "recorded-or-robo": "Y", "city": "GADSDEN", "state": "TN", "area-code": "731"}, {"id": "3decc6bfadaa436a105714c6bae22658", "number": "8889346489", "date": "2021-01-25 12:07:00", "subject": "2", "recorded-or-robo": "Y", "city": "Carol Stream", "state": "IL", "area-code": "630"}, {"id": "3decc6bfadaa436a105714c6bae21894", "number": "7045687014", "date": "2021-01-23 13:40:00", "subject": "3", "recorded-or-robo": "N", "city": "", "state": "NC", "area-code": "704"}, {"id": "3decc6bfadaa436a105714c6bae21b8e", "number": "6308719335", "date": "2021-01-25 12:07:00", "subject": "2", "recorded-or-robo": "Y", "city": "Carol Stream", "state": "IL", "area-code": "630"}, {"id": "3decc6bfadaa436a105714c6bae217ec", "number": "6308712802", "date": "2021-01-25 14:17:00", "subject": "2", "recorded-or-robo": "Y", "city": "Carol Stream", "state": "IL", "area-code": "630"}, {"id": "3decc6bfadaa436a105714c6bae20eec", "number": "6308830856", "date": "2021-01-25 18:15:00", "subject": "2", "recorded-or-robo": "Y", "city": "Carol Stream", "state": "IL", "area-code": "630"}, {"id": "3decc6bfadaa436a105714c6bae2086e", "number": "6196314144", "date": "2021-01-25 17:20:00", "subject": "3", "recorded-or-robo": "N", "city": "", "state": "NC", "area-code": "704"}, {"id": "3decc6bfadaa436a105714c6bae1fae1", "number": "7045042285", "date": "2021-01-25 18:00:00", "subject": "3", "recorded-or-robo": "Y", "city": "", "state": "NC", "area-code": "704"}, {"id": "3decc6bfadaa436a105714c6bae1ed5c", "number": "3212836024", "date": "2021-01-26 00:32:00", "subject": "3", "recorded-or-robo": "Y", "city": "", "state": "MN", "area-code": "612"}, {"id": "3decc6bfadaa436a105714c6bae1de5b", "number": "9294985709", "date": "2021-01-25 10:05:00", "subject": "2", "recorded-or-robo": "Y", "city": "", "state": "NY", "area-code": "718"}, {"id": "3decc6bfadaa436a105714c6bae1ce88", "number": "9802063155", "date": "2021-01-23 04:40:00", "subject": "3", "recorded-or-robo": "Y", "city": "", "state": "NC", "area-code": "704"}, {"id": "3decc6bfadaa436a105714c6bae1cbd4", "number": "9292426183", "date": "2021-01-25 12:52:00", "subject": "2", "recorded-or-robo": "Y", "city": "", "state": "NY", "area-code": "718"}, {"id": "3decc6bfadaa436a105714c6bae1c1d9", "number": "9294992749", "date": "2021-01-25 15:29:00", "subject": "2", "recorded-or-robo": "Y", "city": "", "state": "NY", "area-code": "718"}, {"id": "3decc6bfadaa436a105714c6bae1c121", "number": "9546944119", "date": "2021-01-25 18:34:00", "subject": "2", "recorded-or-robo": "Y", "city": "", "state": "NY", "area-code": "718"}, {"id": "3decc6bfadaa436a105714c6bae1beef", "number": "7144702611", "date": "2021-01-25 13:35:00", "subject": "2", "recorded-or-robo": "Y", "city": "Houston", "state": "TX", "area-code": "713"}, {"id": "3decc6bfadaa436a105714c6bae1af86", "number": "7134702611", "date": "2021-01-25 12:57:00", "subject": "2", "recorded-or-robo": "Y", "city": "Houston", "state": "TX", "area-code": "713"}, {"id": "3decc6bfadaa436a105714c6bae1a43e", "number": "4074245890", "date": "2021-01-25 16:55:00", "subject": "2", "recorded-or-robo": "Y", "city": "Winter Park", "state": "FL", "area-code": "407"}, {"id": "3decc6bfadaa436a105714c6bae194d0", "number": "4073781718", "date": "2021-01-25 12:37:00", "subject": "2", "recorded-or-robo": "Y", "city": "Winter Park", "state": "FL", "area-code": "407"}, {"id": "3decc6bfadaa436a105714c6bae18f45", "number": "9522430262", "date": "2021-01-25 09:18:00", "subject": "2", "recorded-or-robo": "Y", "city": "", "state": "AR", "area-code": "501"}, {"id": "3decc6bfadaa436a105714c6bae189a2", "number": "5012326934", "date": "2021-01-25 12:00:00", "subject": "2", "recorded-or-robo": "Y", "city": "", "state": "AR", "area-code": "501"}, {"id": "3decc6bfadaa436a105714c6bae18230", "number": "5012326934", "date": "2021-01-25 12:00:00", "subject": "2", "recorded-or-robo": "Y", "city": "", "state": "AR", "area-code": "501"}, {"id": "3decc6bfadaa436a105714c6bae17968", "number": "7322628886", "date": "2021-01-25 14:33:00", "subject": "2", "recorded-or-robo": "N", "city": "Kissimmee", "state": "NJ", "area-code": "732"}, {"id": "3decc6bfadaa436a105714c6bae170df", "number": "7325383088", "date": "2021-01-25 12:32:00", "subject": "2", "recorded-or-robo": "N", "city": "Kissimmee", "state": "NJ", "area-code": "732"}, {"id": "3decc6bfadaa436a105714c6bae16b90", "number": "8006588396", "date": "2021-01-25 12:00:00", "subject": "13", "recorded-or-robo": "Y", "city": "Syracuse", "state": "NY", "area-code": "315"}, {"id": "3decc6bfadaa436a105714c6bae16965", "number": "7409001941", "date": "2021-01-25 18:37:00", "subject": "0", "recorded-or-robo": "", "city": "", "state": "OH", "area-code": "740"}, {"id": "3decc6bfadaa436a105714c6bae1650a", "number": "5739550134", "date": "2021-01-25 12:44:00", "subject": "0", "recorded-or-robo": "", "city": "", "state": "OH", "area-code": "740"}, {"id": "3decc6bfadaa436a105714c6bae15ff1", "number": "7405220913", "date": "2021-01-25 11:38:00", "subject": "0", "recorded-or-robo": "", "city": "", "state": "OH", "area-code": "740"}, {"id": "3decc6bfadaa436a105714c6bae15f7a", "number": "", "date": "2021-01-25 12:21:00", "subject": "12", "recorded-or-robo": "Y", "city": "North Wales", "state": "PA", "area-code": "484"}, {"id": "3decc6bfadaa436a105714c6bae150ed", "number": "3474676191", "date": "2021-01-26 01:20:00", "subject": "13", "recorded-or-robo": "Y", "city": "Deadwood", "state": "SD", "area-code": "605"}, {"id": "3decc6bfadaa436a105714c6bae14ac6", "number": "2168348568", "date": "2021-01-25 18:12:00", "subject": "3", "recorded-or-robo": "N", "city": "", "state": "OH", "area-code": "216"}, {"id": "3decc6bfadaa436a105714c6bae144ee", "number": "3077682819", "date": "2021-01-25 16:43:00", "subject": "1", "recorded-or-robo": "Y", "city": "Durham", "state": "NC", "area-code": "919"}, {"id": "3decc6bfadaa436a105714c6bae1440b", "number": "7312785597", "date": "2021-01-25 17:10:00", "subject": "9", "recorded-or-robo": "Y", "city": "", "state": "TN", "area-code": "901"}, {"id": "3decc6bfadaa436a105714c6bae13d14", "number": "4073595424", "date": "2021-01-25 17:48:00", "subject": "2", "recorded-or-robo": "Y", "city": "", "state": "IL", "area-code": "815"}, {"id": "3decc6bfadaa436a105714c6bae13796", "number": "6026719300", "date": "2021-01-19 11:15:00", "subject": "2", "recorded-or-robo": "Y", "city": "Cedarburg", "state": "WI", "area-code": "480"}, {"id": "3decc6bfadaa436a105714c6bae135c1", "number": "9285385456", "date": "2021-01-21 16:27:00", "subject": "2", "recorded-or-robo": "Y", "city": "Cedarburg", "state": "WI", "area-code": "480"}, {"id": "3decc6bfadaa436a105714c6bae12c13", "number": "6233214693", "date": "2021-01-22 18:48:00", "subject": "2", "recorded-or-robo": "Y", "city": "Cedarburg", "state": "AZ", "area-code": "480"}, {"id": "3decc6bfadaa436a105714c6bae11c8e", "number": "9282369004", "date": "2021-01-25 16:34:00", "subject": "2", "recorded-or-robo": "Y", "city": "Cedarburg", "state": "AZ", "area-code": "480"}, {"id": "3decc6bfadaa436a105714c6bae10d36", "number": "3143985103", "date": "2021-01-26 12:00:00", "subject": "1", "recorded-or-robo": "Y", "city": "Saint Louis", "state": "MO", "area-code": "314"}, {"id": "3decc6bfadaa436a105714c6bae10576", "number": "4806906539", "date": "2021-01-08 18:23:00", "subject": "2", "recorded-or-robo": "Y", "city": "Cedarburg", "state": "AZ", "area-code": "480"}, {"id": "3decc6bfadaa436a105714c6bae104c3", "number": "", "date": "2020-10-01 14:10:00", "subject": "2", "recorded-or-robo": "N", "city": "Swan River", "state": "MN", "area-code": "218"}, {"id": "3decc6bfadaa436a105714c6bae103e6", "number": "4806906539", "date": "2021-01-25 18:58:00", "subject": "2", "recorded-or-robo": "Y", "city": "Cedarburg", "state": "AZ", "area-code": "480"}, {"id": "3decc6bfadaa436a105714c6bae0fcc4", "number": "5168656470", "date": "2021-01-25 13:10:00", "subject": "3", "recorded-or-robo": "", "city": "", "state": "NY", "area-code": "516"}]}