{"data": [{"id": "1d36742e3f24f50e4e7ae828014b471c", "number": "8608214310", "date": "2021-01-22 21:45:06", "subject": "3", "recorded-or-robo": "N", "city": "", "state": "CT", "area-code": "203"}, {"id": "e81c9350d54f66c6d33b3747eeb65446", "number": "8885782146", "date": "2021-01-22 21:44:53", "subject": "3", "recorded-or-robo": "N", "city": "", "state": "MI", "area-code": "810"}, {"id": "1d36742e3f24f50e4e7ae828014b2c0d", "number": "8885782146", "date": "2021-01-22 21:44:53", "subject": "3", "recorded-or-robo": "N", "city": "", "state": "MI", "area-code": "810"}, {"id": "e81c9350d54f66c6d33b3747eeb66ef1", "number": "+13165367113", "date": "2021-01-22 21:44:49", "subject": "3", "recorded-or-robo": "Y", "city": "", "state": "VA", "area-code": "703"}, {"id": "1d36742e3f24f50e4e7ae828014b39b9", "number": "+13165367113", "date": "2021-01-22 21:44:49", "subject": "3", "recorded-or-robo": "Y", "city": "", "state": "VA", "area-code": "703"}, {"id": "e81c9350d54f66c6d33b3747ee8fbcf4", "number": "4302561032", "date": "2021-01-22 10:49:00", "subject": "0", "recorded-or-robo": "Y", "city": "Cedar Hill", "state": "TX", "area-code": "972"}, {"id": "1d36742e3f24f50e4e7ae82801254209", "number": "4302561032", "date": "2021-01-22 10:49:00", "subject": "0", "recorded-or-robo": "Y", "city": "Cedar Hill", "state": "TX", "area-code": "972"}, {"id": "e81c9350d54f66c6d33b3747eeb645ab", "number": "+14343211681", "date": "2021-01-22 21:44:38", "subject": "3", "recorded-or-robo": "Y", "city": "", "state": "VA", "area-code": "703"}, {"id": "1d36742e3f24f50e4e7ae828014b0b35", "number": "+14343211681", "date": "2021-01-22 21:44:38", "subject": "3", "recorded-or-robo": "Y", "city": "", "state": "VA", "area-code": "703"}, {"id": "e81c9350d54f66c6d33b3747eeb64e1a", "number": "+14344953393", "date": "2021-01-22 21:44:26", "subject": "3", "recorded-or-robo": "Y", "city": "", "state": "VA", "area-code": "703"}, {"id": "1d36742e3f24f50e4e7ae828014b2737", "number": "+14344953393", "date": "2021-01-22 21:44:26", "subject": "3", "recorded-or-robo": "Y", "city": "", "state": "VA", "area-code": "703"}, {"id": "e81c9350d54f66c6d33b3747eeb6362a", "number": "+19723474622", "date": "2021-01-22 21:44:20", "subject": "3", "recorded-or-robo": "N", "city": "", "state": "TX", "area-code": "214"}, {"id": "1d36742e3f24f50e4e7ae828014b0a3d", "number": "+19723474622", "date": "2021-01-22 21:44:20", "subject": "3", "recorded-or-robo": "N", "city": "", "state": "TX", "area-code": "214"}, {"id": "e81c9350d54f66c6d33b3747ee8fae00", "number": "4086140670", "date": "2021-01-22 16:21:00", "subject": "0", "recorded-or-robo": "Y", "city": "", "state": "CA", "area-code": "408"}, {"id": "1d36742e3f24f50e4e7ae82801253d8e", "number": "4086140670", "date": "2021-01-22 16:21:00", "subject": "0", "recorded-or-robo": "Y", "city": "", "state": "CA", "area-code": "408"}, {"id": "e81c9350d54f66c6d33b3747eeb607cc", "number": "2403043761", "date": "2021-01-22 21:44:09", "subject": "3", "recorded-or-robo": "N", "city": "", "state": "MD", "area-code": "240"}, {"id": "1d36742e3f24f50e4e7ae828014ad784", "number": "2403043761", "date": "2021-01-22 21:44:09", "subject": "3", "recorded-or-robo": "N", "city": "", "state": "MD", "area-code": "240"}, {"id": "e81c9350d54f66c6d33b3747ee8fa8af", "number": "8663201474", "date": "2021-01-22 13:27:00", "subject": "2", "recorded-or-robo": "Y", "city": "MUSKEGON", "state": "MI", "area-code": "231"}, {"id": "1d36742e3f24f50e4e7ae82801253bf7", "number": "8663201474", "date": "2021-01-22 13:27:00", "subject": "2", "recorded-or-robo": "Y", "city": "MUSKEGON", "state": "MI", "area-code": "231"}, {"id": "e81c9350d54f66c6d33b3747ee8fa4dc", "number": "9724763741", "date": "2021-01-22 11:54:00", "subject": "0", "recorded-or-robo": "Y", "city": "Cedar Hill", "state": "TX", "area-code": "972"}, {"id": "1d36742e3f24f50e4e7ae82801252c11", "number": "9724763741", "date": "2021-01-22 11:54:00", "subject": "0", "recorded-or-robo": "Y", "city": "Cedar Hill", "state": "TX", "area-code": "972"}, {"id": "e81c9350d54f66c6d33b3747ee8f9644", "number": "6053567901", "date": "2021-01-22 08:47:00", "subject": "0", "recorded-or-robo": "N", "city": "RAPID CITY", "state": "SD", "area-code": "605"}, {"id": "1d36742e3f24f50e4e7ae8280125247a", "number": "6053567901", "date": "2021-01-22 08:47:00", "subject": "0", "recorded-or-robo": "N", "city": "RAPID CITY", "state": "SD", "area-code": "605"}, {"id": "e81c9350d54f66c6d33b3747ee8f8764", "number": "4193634123", "date": "2021-01-21 09:00:00", "subject": "2", "recorded-or-robo": "Y", "city": "Woodville", "state": "OH", "area-code": "419"}, {"id": "1d36742e3f24f50e4e7ae82801252251", "number": "4193634123", "date": "2021-01-21 09:00:00", "subject": "2", "recorded-or-robo": "Y", "city": "Woodville", "state": "OH", "area-code": "419"}, {"id": "e81c9350d54f66c6d33b3747ee8f7a52", "number": "8153687160", "date": "2021-01-22 10:06:00", "subject": "0", "recorded-or-robo": "N", "city": "Dwight", "state": "IL", "area-code": "815"}, {"id": "1d36742e3f24f50e4e7ae82801251a43", "number": "8153687160", "date": "2021-01-22 10:06:00", "subject": "0", "recorded-or-robo": "N", "city": "Dwight", "state": "IL", "area-code": "815"}, {"id": "e81c9350d54f66c6d33b3747ee8f7668", "number": "9724763741", "date": "2021-01-22 14:52:00", "subject": "0", "recorded-or-robo": "Y", "city": "Cedar Hill", "state": "TX", "area-code": "972"}, {"id": "1d36742e3f24f50e4e7ae82801251937", "number": "9724763741", "date": "2021-01-22 14:52:00", "subject": "0", "recorded-or-robo": "Y", "city": "Cedar Hill", "state": "TX", "area-code": "972"}, {"id": "e81c9350d54f66c6d33b3747eeb6c4b7", "number": "9169834796", "date": "2021-01-22 21:43:16", "subject": "3", "recorded-or-robo": "Y", "city": "", "state": "CA", "area-code": "858"}, {"id": "1d36742e3f24f50e4e7ae828014ba3ae", "number": "9169834796", "date": "2021-01-22 21:43:16", "subject": "3", "recorded-or-robo": "Y", "city": "", "state": "CA", "area-code": "858"}, {"id": "e81c9350d54f66c6d33b3747ee8f6ba5", "number": "6675055", "date": "2021-01-21 11:17:00", "subject": "2", "recorded-or-robo": "Y", "city": "Jonestown", "state": "TX", "area-code": "512"}, {"id": "1d36742e3f24f50e4e7ae82801250d68", "number": "6675055", "date": "2021-01-21 11:17:00", "subject": "2", "recorded-or-robo": "Y", "city": "Jonestown", "state": "TX", "area-code": "512"}, {"id": "e81c9350d54f66c6d33b3747eeb629fc", "number": "9293573118", "date": "2021-01-22 21:42:55", "subject": "3", "recorded-or-robo": "Y", "city": "", "state": "NY", "area-code": "929"}, {"id": "1d36742e3f24f50e4e7ae828014afe91", "number": "9293573118", "date": "2021-01-22 21:42:55", "subject": "3", "recorded-or-robo": "Y", "city": "", "state": "NY", "area-code": "929"}, {"id": "e81c9350d54f66c6d33b3747eeb6c47c", "number": "9293573118", "date": "2021-01-22 21:42:54", "subject": "3", "recorded-or-robo": "Y", "city": "", "state": "NY", "area-code": "929"}, {"id": "1d36742e3f24f50e4e7ae828014b9fff", "number": "9293573118", "date": "2021-01-22 21:42:54", "subject": "3", "recorded-or-robo": "Y", "city": "", "state": "NY", "area-code": "929"}, {"id": "e81c9350d54f66c6d33b3747eeb6b799", "number": "+17182966115", "date": "2021-01-22 21:42:35", "subject": "3", "recorded-or-robo": "N", "city": "", "state": "NY", "area-code": "718"}, {"id": "1d36742e3f24f50e4e7ae828014b865c", "number": "+17182966115", "date": "2021-01-22 21:42:35", "subject": "3", "recorded-or-robo": "N", "city": "", "state": "NY", "area-code": "718"}, {"id": "e81c9350d54f66c6d33b3747ee8f6833", "number": "9726711409", "date": "2021-01-19 11:47:00", "subject": "0", "recorded-or-robo": "Y", "city": "", "state": "CA", "area-code": "972"}, {"id": "1d36742e3f24f50e4e7ae82801250579", "number": "9726711409", "date": "2021-01-19 11:47:00", "subject": "0", "recorded-or-robo": "Y", "city": "", "state": "CA", "area-code": "972"}, {"id": "e81c9350d54f66c6d33b3747ee8f5aea", "number": "8663201474", "date": "2021-01-22 16:25:00", "subject": "2", "recorded-or-robo": "Y", "city": "MUSKEGON", "state": "MI", "area-code": "231"}, {"id": "1d36742e3f24f50e4e7ae82801250045", "number": "8663201474", "date": "2021-01-22 16:25:00", "subject": "2", "recorded-or-robo": "Y", "city": "MUSKEGON", "state": "MI", "area-code": "231"}, {"id": "e81c9350d54f66c6d33b3747ee8f5a11", "number": "8056238712", "date": "2021-01-20 15:00:00", "subject": "2", "recorded-or-robo": "Y", "city": "Woodville", "state": "OH", "area-code": "419"}, {"id": "1d36742e3f24f50e4e7ae8280124fce5", "number": "8056238712", "date": "2021-01-20 15:00:00", "subject": "2", "recorded-or-robo": "Y", "city": "Woodville", "state": "OH", "area-code": "419"}, {"id": "e81c9350d54f66c6d33b3747ee8f580f", "number": "3152328257", "date": "2021-01-21 16:55:00", "subject": "11", "recorded-or-robo": "Y", "city": "Fennville", "state": "MI", "area-code": "616"}, {"id": "1d36742e3f24f50e4e7ae8280124fc1f", "number": "3152328257", "date": "2021-01-21 16:55:00", "subject": "11", "recorded-or-robo": "Y", "city": "Fennville", "state": "MI", "area-code": "616"}, {"id": "e81c9350d54f66c6d33b3747eeb67a25", "number": "+19497495308", "date": "2021-01-22 21:41:59", "subject": "3", "recorded-or-robo": "Y", "city": "", "state": "OK", "area-code": "918"}, {"id": "1d36742e3f24f50e4e7ae828014b407d", "number": "+19497495308", "date": "2021-01-22 21:41:59", "subject": "3", "recorded-or-robo": "Y", "city": "", "state": "OK", "area-code": "918"}, {"id": "e81c9350d54f66c6d33b3747eeb5fc88", "number": "+13108577249", "date": "2021-01-22 21:41:38", "subject": "3", "recorded-or-robo": "Y", "city": "", "state": "CA", "area-code": "310"}]}