{"data": [{"id": "490dde24b259add1335244cd1b244877", "number": "8105446044", "date": "2021-01-25 14:56:00", "subject": "0", "recorded-or-robo": "Y", "city": "", "state": "MI", "area-code": "810"}, {"id": "490dde24b259add1335244cd1b243ec2", "number": "5205732042", "date": "2021-01-25 17:40:00", "subject": "2", "recorded-or-robo": "Y", "city": "", "state": "AZ", "area-code": "520"}, {"id": "490dde24b259add1335244cd1b243b7a", "number": "8187075482", "date": "2021-01-26 10:10:00", "subject": "9", "recorded-or-robo": "N", "city": "Pelham", "state": "AL", "area-code": "205"}, {"id": "490dde24b259add1335244cd1b242f75", "number": "8014056658", "date": "2021-01-26 09:10:00", "subject": "4", "recorded-or-robo": "Y", "city": "", "state": "UT", "area-code": "801"}, {"id": "490dde24b259add1335244cd1b242e18", "number": "4432879799", "date": "2021-01-25 12:46:00", "subject": "5", "recorded-or-robo": "Y", "city": "", "state": "PA", "area-code": "717"}, {"id": "490dde24b259add1335244cd1b24250f", "number": "8163253937", "date": "2021-01-26 08:05:00", "subject": "0", "recorded-or-robo": "Y", "city": "", "state": "WA", "area-code": "360"}, {"id": "490dde24b259add1335244cd1b241a13", "number": "8008781428", "date": "2021-01-26 08:58:00", "subject": "2", "recorded-or-robo": "Y", "city": "Clintwood", "state": "VA", "area-code": "276"}, {"id": "490dde24b259add1335244cd1b240ea3", "number": "6143792854", "date": "2021-01-26 11:11:00", "subject": "3", "recorded-or-robo": "Y", "city": "", "state": "OH", "area-code": "330"}, {"id": "490dde24b259add1335244cd1b24087b", "number": "5743595723", "date": "2021-01-26 00:00:00", "subject": "3", "recorded-or-robo": "", "city": "North Liberty", "state": "IN", "area-code": "574"}, {"id": "490dde24b259add1335244cd1b24086a", "number": "9704451924", "date": "2021-01-26 09:10:00", "subject": "2", "recorded-or-robo": "Y", "city": "Lake City", "state": "CO", "area-code": "970"}, {"id": "490dde24b259add1335244cd1b23fc8e", "number": "2678175386", "date": "2021-01-26 10:14:00", "subject": "1", "recorded-or-robo": "Y", "city": "Dickson", "state": "TN", "area-code": "256"}, {"id": "490dde24b259add1335244cd1b23efa8", "number": "7176966076", "date": "2021-01-26 11:07:00", "subject": "2", "recorded-or-robo": "N", "city": "", "state": "PA", "area-code": "717"}, {"id": "490dde24b259add1335244cd1b23eb57", "number": "9708005177", "date": "2021-01-26 08:36:00", "subject": "4", "recorded-or-robo": "Y", "city": "Parker", "state": "CO", "area-code": "303"}, {"id": "490dde24b259add1335244cd1b23e7a9", "number": "9894781938", "date": "2021-01-26 10:23:00", "subject": "2", "recorded-or-robo": "Y", "city": "Onaway", "state": "MI", "area-code": "989"}, {"id": "490dde24b259add1335244cd1b237c5e", "number": "8003471000", "date": "2021-01-26 10:13:00", "subject": "3", "recorded-or-robo": "N", "city": "", "state": "IL", "area-code": "847"}, {"id": "490dde24b259add1335244cd1b23e179", "number": "3364593615", "date": "2021-01-25 04:45:00", "subject": "2", "recorded-or-robo": "Y", "city": "High Point", "state": "NC", "area-code": "336"}, {"id": "490dde24b259add1335244cd1b23d373", "number": "", "date": "2021-01-26 07:31:00", "subject": "2", "recorded-or-robo": "N", "city": "", "state": "MT", "area-code": "352"}, {"id": "490dde24b259add1335244cd1b23d34b", "number": "3105571911", "date": "2021-01-26 08:08:00", "subject": "4", "recorded-or-robo": "Y", "city": "San Diego", "state": "CA", "area-code": "858"}, {"id": "490dde24b259add1335244cd1b23ce4c", "number": "3363955127", "date": "2021-01-26 11:47:00", "subject": "4", "recorded-or-robo": "Y", "city": "Roaring River", "state": "NC", "area-code": "336"}, {"id": "490dde24b259add1335244cd1b23cdd0", "number": "8777900213", "date": "2021-01-26 10:30:00", "subject": "2", "recorded-or-robo": "Y", "city": "Strafford", "state": "NH", "area-code": "603"}, {"id": "490dde24b259add1335244cd1b23c8a8", "number": "2407436076", "date": "2021-01-26 23:08:00", "subject": "2", "recorded-or-robo": "N", "city": "Silver Spring", "state": "MD", "area-code": "301"}, {"id": "490dde24b259add1335244cd1b23bb92", "number": "7065346495", "date": "2021-01-25 15:54:00", "subject": "2", "recorded-or-robo": "Y", "city": "Cornelia", "state": "GA", "area-code": "706"}, {"id": "490dde24b259add1335244cd1b23b116", "number": "8598186031", "date": "2021-01-25 13:41:00", "subject": "4", "recorded-or-robo": "Y", "city": "", "state": "OR", "area-code": "503"}, {"id": "490dde24b259add1335244cd1b23a3e6", "number": "7172843187", "date": "2021-01-26 11:12:00", "subject": "5", "recorded-or-robo": "Y", "city": "", "state": "PA", "area-code": "717"}, {"id": "490dde24b259add1335244cd1b23984c", "number": "4693002821", "date": "2021-01-26 10:10:00", "subject": "4", "recorded-or-robo": "Y", "city": "Homer", "state": "IL", "area-code": "217"}, {"id": "490dde24b259add1335244cd1b23895d", "number": "4696210159", "date": "2021-01-26 12:00:00", "subject": "1", "recorded-or-robo": "Y", "city": "", "state": "AL", "area-code": "205"}, {"id": "490dde24b259add1335244cd1b236d67", "number": "2096335207", "date": "2021-01-25 12:00:00", "subject": "1", "recorded-or-robo": "Y", "city": "Ellsworth", "state": "MI", "area-code": "231"}, {"id": "490dde24b259add1335244cd1b2368cc", "number": "", "date": "2021-01-26 09:14:00", "subject": "1", "recorded-or-robo": "Y", "city": "", "state": "CO", "area-code": "303"}, {"id": "490dde24b259add1335244cd1b235aea", "number": "5752148064", "date": "2021-01-25 08:43:00", "subject": "2", "recorded-or-robo": "Y", "city": "", "state": "NM", "area-code": "505"}, {"id": "490dde24b259add1335244cd1b235015", "number": "7074921164", "date": "2021-01-26 08:11:00", "subject": "5", "recorded-or-robo": "Y", "city": "Ferndale", "state": "CA", "area-code": "707"}, {"id": "490dde24b259add1335244cd1b2344fc", "number": "5615766675", "date": "2021-01-26 11:10:00", "subject": "6", "recorded-or-robo": "N", "city": "Chocowinity", "state": "NC", "area-code": "252"}, {"id": "490dde24b259add1335244cd1b23380e", "number": "715areacode", "date": "2021-01-26 09:50:00", "subject": "1", "recorded-or-robo": "Y", "city": "Nashville", "state": "TN", "area-code": "615"}, {"id": "490dde24b259add1335244cd1b232835", "number": "9736932131", "date": "2020-12-17 12:44:00", "subject": "4", "recorded-or-robo": "Y", "city": "Irvington", "state": "NJ", "area-code": "973"}, {"id": "490dde24b259add1335244cd1b2325c2", "number": "8178370269", "date": "2021-01-26 10:10:00", "subject": "4", "recorded-or-robo": "Y", "city": "", "state": "TX", "area-code": "817"}, {"id": "490dde24b259add1335244cd1b231689", "number": "5078686018", "date": "2021-01-18 10:09:00", "subject": "4", "recorded-or-robo": "N", "city": "Owatonna", "state": "MN", "area-code": "507"}, {"id": "490dde24b259add1335244cd1b2311fb", "number": "2188755538", "date": "2021-01-25 15:31:00", "subject": "2", "recorded-or-robo": "Y", "city": "Herndon", "state": "VA", "area-code": "607"}, {"id": "490dde24b259add1335244cd1b230462", "number": "2127806699", "date": "2021-01-26 11:01:00", "subject": "1", "recorded-or-robo": "Y", "city": "", "state": "NY", "area-code": "332"}, {"id": "490dde24b259add1335244cd1b230042", "number": "2086846504", "date": "2021-01-22 14:15:00", "subject": "2", "recorded-or-robo": "Y", "city": "Great Falls", "state": "VA", "area-code": "703"}, {"id": "490dde24b259add1335244cd1b22f768", "number": "01252021", "date": "2021-01-25 13:05:00", "subject": "2", "recorded-or-robo": "Y", "city": "Vineland", "state": "NJ", "area-code": "856"}, {"id": "490dde24b259add1335244cd1b22e7a5", "number": "37065003754", "date": "2021-01-22 21:14:00", "subject": "0", "recorded-or-robo": "Y", "city": "Janesville", "state": "WI", "area-code": "608"}, {"id": "490dde24b259add1335244cd1b22e385", "number": "9173378697", "date": "2021-01-26 11:06:00", "subject": "0", "recorded-or-robo": "Y", "city": "", "state": "VA", "area-code": "540"}, {"id": "490dde24b259add1335244cd1b22d61f", "number": "9106461531", "date": "2021-01-26 10:57:00", "subject": "6", "recorded-or-robo": "N", "city": "wilmington", "state": "NC", "area-code": "910"}, {"id": "490dde24b259add1335244cd1b22c7b0", "number": "4058250877", "date": "2021-01-26 10:12:00", "subject": "4", "recorded-or-robo": "Y", "city": "Minnetrista", "state": "MN", "area-code": "612"}, {"id": "490dde24b259add1335244cd1b22b86a", "number": "", "date": "2021-01-26 11:07:00", "subject": "1", "recorded-or-robo": "Y", "city": "Bridgeport", "state": "WV", "area-code": "304"}, {"id": "490dde24b259add1335244cd1b22b310", "number": "3163581499", "date": "2021-01-26 09:22:00", "subject": "4", "recorded-or-robo": "Y", "city": "Wichita", "state": "KS", "area-code": "316"}, {"id": "490dde24b259add1335244cd1b22a82e", "number": "3019935036", "date": "2021-01-25 15:58:00", "subject": "2", "recorded-or-robo": "", "city": "Gaithersburg", "state": "MD", "area-code": "301"}, {"id": "490dde24b259add1335244cd1b22a580", "number": "8177334980", "date": "2021-01-26 10:05:00", "subject": "5", "recorded-or-robo": "Y", "city": "Burleson", "state": "TX", "area-code": "817"}, {"id": "490dde24b259add1335244cd1b22a421", "number": "6156100404", "date": "2021-01-26 10:11:00", "subject": "4", "recorded-or-robo": "Y", "city": "Franklin", "state": "TN", "area-code": "615"}, {"id": "490dde24b259add1335244cd1b229e96", "number": "8042076365", "date": "2021-01-25 20:46:00", "subject": "0", "recorded-or-robo": "Y", "city": "", "state": "NJ", "area-code": "732"}, {"id": "490dde24b259add1335244cd1b21f045", "number": "8603451666", "date": "2021-01-26 10:53:00", "subject": "3", "recorded-or-robo": "N", "city": "", "state": "CT", "area-code": "860"}]}