{"data": [{"id": "1d36742e3f24f50e4e7ae82801083a4c", "number": "8663588610", "date": "2021-01-18 07:10:00", "subject": "2", "recorded-or-robo": "Y", "city": "Medford", "state": "OR", "area-code": "541"}, {"id": "e81c9350d54f66c6d33b3747eea64de9", "number": "5628663063", "date": "2021-01-22 19:39:21", "subject": "3", "recorded-or-robo": "Y", "city": "", "state": "CA", "area-code": "310"}, {"id": "e81c9350d54f66c6d33b3747eea5adae", "number": "3105633329", "date": "2021-01-22 19:39:21", "subject": "3", "recorded-or-robo": "Y", "city": "", "state": "CA", "area-code": "310"}, {"id": "e81c9350d54f66c6d33b3747ee731edc", "number": "7084992027", "date": "2021-01-21 17:57:00", "subject": "0", "recorded-or-robo": "", "city": "Monee", "state": "IL", "area-code": "708"}, {"id": "1d36742e3f24f50e4e7ae828013b36aa", "number": "5628663063", "date": "2021-01-22 19:39:21", "subject": "3", "recorded-or-robo": "Y", "city": "", "state": "CA", "area-code": "310"}, {"id": "1d36742e3f24f50e4e7ae828013a950a", "number": "3105633329", "date": "2021-01-22 19:39:21", "subject": "3", "recorded-or-robo": "Y", "city": "", "state": "CA", "area-code": "310"}, {"id": "1d36742e3f24f50e4e7ae828010837b8", "number": "7084992027", "date": "2021-01-21 17:57:00", "subject": "0", "recorded-or-robo": "", "city": "Monee", "state": "IL", "area-code": "708"}, {"id": "e81c9350d54f66c6d33b3747ee7317c2", "number": "6264581313", "date": "2021-01-12 17:23:00", "subject": "13", "recorded-or-robo": "Y", "city": "", "state": "CA", "area-code": "626"}, {"id": "1d36742e3f24f50e4e7ae8280108325a", "number": "6264581313", "date": "2021-01-12 17:23:00", "subject": "13", "recorded-or-robo": "Y", "city": "", "state": "CA", "area-code": "626"}, {"id": "e81c9350d54f66c6d33b3747ee730adf", "number": "5755873491", "date": "2021-01-22 12:35:00", "subject": "1", "recorded-or-robo": "Y", "city": "MARYSVILLE", "state": "CA", "area-code": "530"}, {"id": "1d36742e3f24f50e4e7ae828010826e1", "number": "5755873491", "date": "2021-01-22 12:35:00", "subject": "1", "recorded-or-robo": "Y", "city": "MARYSVILLE", "state": "CA", "area-code": "530"}, {"id": "e81c9350d54f66c6d33b3747ee72feed", "number": "2484221694", "date": "2021-01-18 16:08:00", "subject": "0", "recorded-or-robo": "N", "city": "", "state": "MI", "area-code": "616"}, {"id": "1d36742e3f24f50e4e7ae82801081941", "number": "2484221694", "date": "2021-01-18 16:08:00", "subject": "0", "recorded-or-robo": "N", "city": "", "state": "MI", "area-code": "616"}, {"id": "e81c9350d54f66c6d33b3747ee72f213", "number": "6785381365", "date": "2021-01-22 19:36:00", "subject": "2", "recorded-or-robo": "Y", "city": "Senoia", "state": "GA", "area-code": "678"}, {"id": "1d36742e3f24f50e4e7ae82801081810", "number": "6785381365", "date": "2021-01-22 19:36:00", "subject": "2", "recorded-or-robo": "Y", "city": "Senoia", "state": "GA", "area-code": "678"}, {"id": "e81c9350d54f66c6d33b3747ee72ef16", "number": "4793832425", "date": "2021-01-11 11:33:00", "subject": "3", "recorded-or-robo": "Y", "city": "", "state": "AR", "area-code": "479"}, {"id": "1d36742e3f24f50e4e7ae82801080d37", "number": "4793832425", "date": "2021-01-11 11:33:00", "subject": "3", "recorded-or-robo": "Y", "city": "", "state": "AR", "area-code": "479"}, {"id": "e81c9350d54f66c6d33b3747ee72e976", "number": "", "date": "2021-01-21 00:00:00", "subject": "3", "recorded-or-robo": "Y", "city": "", "state": "OH", "area-code": "513"}, {"id": "1d36742e3f24f50e4e7ae828010809fb", "number": "", "date": "2021-01-21 00:00:00", "subject": "3", "recorded-or-robo": "Y", "city": "", "state": "OH", "area-code": "513"}, {"id": "e81c9350d54f66c6d33b3747ee72e42c", "number": "7207388998", "date": "2021-01-22 16:51:00", "subject": "2", "recorded-or-robo": "Y", "city": "Wheat Ridge", "state": "CO", "area-code": "303"}, {"id": "1d36742e3f24f50e4e7ae82801080395", "number": "7207388998", "date": "2021-01-22 16:51:00", "subject": "2", "recorded-or-robo": "Y", "city": "Wheat Ridge", "state": "CO", "area-code": "303"}, {"id": "e81c9350d54f66c6d33b3747eec6bde8", "number": "3374123084", "date": "2021-01-21 01:11:00", "subject": "3", "recorded-or-robo": "Y", "city": "", "state": "LA", "area-code": "337"}, {"id": "1d36742e3f24f50e4e7ae828015c0547", "number": "3374123084", "date": "2021-01-21 01:11:00", "subject": "3", "recorded-or-robo": "Y", "city": "", "state": "LA", "area-code": "337"}, {"id": "e81c9350d54f66c6d33b3747ee72de95", "number": "9256658414", "date": "2021-01-22 16:00:00", "subject": "2", "recorded-or-robo": "Y", "city": "rio vista", "state": "CA", "area-code": "707"}, {"id": "1d36742e3f24f50e4e7ae8280107f3ca", "number": "9256658414", "date": "2021-01-22 16:00:00", "subject": "2", "recorded-or-robo": "Y", "city": "rio vista", "state": "CA", "area-code": "707"}, {"id": "e81c9350d54f66c6d33b3747ee72d8c2", "number": "5712006930", "date": "2020-10-08 11:51:00", "subject": "0", "recorded-or-robo": "Y", "city": "Manassas", "state": "VA", "area-code": "703"}, {"id": "1d36742e3f24f50e4e7ae8280107e6dd", "number": "5712006930", "date": "2020-10-08 11:51:00", "subject": "0", "recorded-or-robo": "Y", "city": "Manassas", "state": "VA", "area-code": "703"}, {"id": "e81c9350d54f66c6d33b3747eea68cf8", "number": "3017479036", "date": "2021-01-22 19:38:33", "subject": "3", "recorded-or-robo": "N", "city": "", "state": "PR", "area-code": "787"}, {"id": "1d36742e3f24f50e4e7ae828013b7bd2", "number": "3017479036", "date": "2021-01-22 19:38:33", "subject": "3", "recorded-or-robo": "N", "city": "", "state": "PR", "area-code": "787"}, {"id": "e81c9350d54f66c6d33b3747eea67272", "number": "3017479036", "date": "2021-01-22 19:38:32", "subject": "3", "recorded-or-robo": "N", "city": "", "state": "PR", "area-code": "787"}, {"id": "e81c9350d54f66c6d33b3747ee72d355", "number": "2073807910", "date": "2021-01-22 19:31:00", "subject": "2", "recorded-or-robo": "", "city": "", "state": "ME", "area-code": "207"}, {"id": "1d36742e3f24f50e4e7ae828013b5d7a", "number": "3017479036", "date": "2021-01-22 19:38:32", "subject": "3", "recorded-or-robo": "N", "city": "", "state": "PR", "area-code": "787"}, {"id": "1d36742e3f24f50e4e7ae8280107e155", "number": "2073807910", "date": "2021-01-22 19:31:00", "subject": "2", "recorded-or-robo": "", "city": "", "state": "ME", "area-code": "207"}, {"id": "e81c9350d54f66c6d33b3747eea600b7", "number": "3104895725", "date": "2021-01-22 19:38:28", "subject": "3", "recorded-or-robo": "N", "city": "", "state": "CA", "area-code": "310"}, {"id": "e81c9350d54f66c6d33b3747ee72d277", "number": "8048280431", "date": "2021-01-22 00:00:00", "subject": "3", "recorded-or-robo": "", "city": "La Crosse", "state": "VA", "area-code": "434"}, {"id": "1d36742e3f24f50e4e7ae828013adc28", "number": "3104895725", "date": "2021-01-22 19:38:28", "subject": "3", "recorded-or-robo": "N", "city": "", "state": "CA", "area-code": "310"}, {"id": "1d36742e3f24f50e4e7ae8280107db02", "number": "8048280431", "date": "2021-01-22 00:00:00", "subject": "3", "recorded-or-robo": "", "city": "La Crosse", "state": "VA", "area-code": "434"}, {"id": "e81c9350d54f66c6d33b3747ee72cd78", "number": "8144560220", "date": "2021-01-18 13:32:00", "subject": "2", "recorded-or-robo": "Y", "city": "", "state": "PA", "area-code": "814"}, {"id": "1d36742e3f24f50e4e7ae8280107cff2", "number": "8144560220", "date": "2021-01-18 13:32:00", "subject": "2", "recorded-or-robo": "Y", "city": "", "state": "PA", "area-code": "814"}, {"id": "e81c9350d54f66c6d33b3747ee72bed6", "number": "4132163271", "date": "2021-01-21 09:38:00", "subject": "0", "recorded-or-robo": "", "city": "Southampton", "state": "MA", "area-code": "413"}, {"id": "1d36742e3f24f50e4e7ae8280107cf95", "number": "4132163271", "date": "2021-01-21 09:38:00", "subject": "0", "recorded-or-robo": "", "city": "Southampton", "state": "MA", "area-code": "413"}, {"id": "e81c9350d54f66c6d33b3747ee72b6f3", "number": "995592837535", "date": "2021-01-22 09:55:00", "subject": "0", "recorded-or-robo": "Y", "city": "Grimes", "state": "IA", "area-code": "515"}, {"id": "1d36742e3f24f50e4e7ae8280107cc91", "number": "995592837535", "date": "2021-01-22 09:55:00", "subject": "0", "recorded-or-robo": "Y", "city": "Grimes", "state": "IA", "area-code": "515"}, {"id": "e81c9350d54f66c6d33b3747eea616fb", "number": "+15093003039", "date": "2021-01-22 19:38:01", "subject": "3", "recorded-or-robo": "Y", "city": "", "state": "KY", "area-code": "270"}, {"id": "e81c9350d54f66c6d33b3747ee72ac70", "number": "2699069156", "date": "2021-01-22 06:57:00", "subject": "4", "recorded-or-robo": "Y", "city": "", "state": "MI", "area-code": "269"}, {"id": "1d36742e3f24f50e4e7ae828013b00f5", "number": "+15093003039", "date": "2021-01-22 19:38:01", "subject": "3", "recorded-or-robo": "Y", "city": "", "state": "KY", "area-code": "270"}, {"id": "1d36742e3f24f50e4e7ae8280107c48a", "number": "2699069156", "date": "2021-01-22 06:57:00", "subject": "4", "recorded-or-robo": "Y", "city": "", "state": "MI", "area-code": "269"}, {"id": "e81c9350d54f66c6d33b3747eea5bb81", "number": "8594793932", "date": "2021-01-22 19:37:58", "subject": "3", "recorded-or-robo": "Y", "city": "", "state": "KY", "area-code": "859"}, {"id": "1d36742e3f24f50e4e7ae828013aa041", "number": "8594793932", "date": "2021-01-22 19:37:58", "subject": "3", "recorded-or-robo": "Y", "city": "", "state": "KY", "area-code": "859"}, {"id": "e81c9350d54f66c6d33b3747eea65069", "number": "8594793932", "date": "2021-01-22 19:37:57", "subject": "3", "recorded-or-robo": "Y", "city": "", "state": "KY", "area-code": "859"}]}