{"data": [{"id": "03e293b3df9e35eadf15c561196032e2", "number": "8605063562", "date": "2021-01-24 18:30:00", "subject": "2", "recorded-or-robo": "Y", "city": "Luverne", "state": "MN", "area-code": "507"}, {"id": "3decc6bfadaa436a105714c6baca0b1b", "number": "6157523576", "date": "2021-01-24 18:00:00", "subject": "2", "recorded-or-robo": "", "city": "FESTUS", "state": "MO", "area-code": "314"}, {"id": "03e293b3df9e35eadf15c56119602f9e", "number": "6157523576", "date": "2021-01-24 18:00:00", "subject": "2", "recorded-or-robo": "", "city": "FESTUS", "state": "MO", "area-code": "314"}, {"id": "3decc6bfadaa436a105714c6baca083e", "number": "8182482685", "date": "2021-01-20 11:37:00", "subject": "2", "recorded-or-robo": "Y", "city": "Granada Hills", "state": "CA", "area-code": "818"}, {"id": "03e293b3df9e35eadf15c56119602077", "number": "8182482685", "date": "2021-01-20 11:37:00", "subject": "2", "recorded-or-robo": "Y", "city": "Granada Hills", "state": "CA", "area-code": "818"}, {"id": "3decc6bfadaa436a105714c6bac9f9f1", "number": "4103644126", "date": "2021-01-24 18:45:00", "subject": "0", "recorded-or-robo": "", "city": "Annapolis", "state": "MD", "area-code": "410"}, {"id": "03e293b3df9e35eadf15c561196015e9", "number": "4103644126", "date": "2021-01-24 18:45:00", "subject": "0", "recorded-or-robo": "", "city": "Annapolis", "state": "MD", "area-code": "410"}, {"id": "3decc6bfadaa436a105714c6bac9f550", "number": "2143934957", "date": "2021-01-23 09:39:00", "subject": "2", "recorded-or-robo": "Y", "city": "Dallas", "state": "TX", "area-code": "214"}, {"id": "03e293b3df9e35eadf15c5611960062b", "number": "2143934957", "date": "2021-01-23 09:39:00", "subject": "2", "recorded-or-robo": "Y", "city": "Dallas", "state": "TX", "area-code": "214"}, {"id": "3decc6bfadaa436a105714c6bac9e9bd", "number": "4012148349", "date": "2021-01-22 00:00:00", "subject": "11", "recorded-or-robo": "Y", "city": "", "state": "RI", "area-code": "401"}, {"id": "03e293b3df9e35eadf15c561195ff7bc", "number": "4012148349", "date": "2021-01-22 00:00:00", "subject": "11", "recorded-or-robo": "Y", "city": "", "state": "RI", "area-code": "401"}, {"id": "3decc6bfadaa436a105714c6bac9e19c", "number": "8182086013", "date": "2021-01-20 11:40:00", "subject": "2", "recorded-or-robo": "Y", "city": "Granada Hills", "state": "CA", "area-code": "818"}, {"id": "03e293b3df9e35eadf15c561195fedaf", "number": "8182086013", "date": "2021-01-20 11:40:00", "subject": "2", "recorded-or-robo": "Y", "city": "Granada Hills", "state": "CA", "area-code": "818"}, {"id": "3decc6bfadaa436a105714c6bac9d9bd", "number": "4103768119", "date": "2021-01-24 18:36:00", "subject": "0", "recorded-or-robo": "", "city": "Annapolis", "state": "MD", "area-code": "410"}, {"id": "03e293b3df9e35eadf15c561195fe8ed", "number": "4103768119", "date": "2021-01-24 18:36:00", "subject": "0", "recorded-or-robo": "", "city": "Annapolis", "state": "MD", "area-code": "410"}, {"id": "3decc6bfadaa436a105714c6bac9d504", "number": "3023878706", "date": "2021-01-18 16:50:00", "subject": "2", "recorded-or-robo": "Y", "city": "Alexandria", "state": "VA", "area-code": "703"}, {"id": "03e293b3df9e35eadf15c561195fd9f6", "number": "3023878706", "date": "2021-01-18 16:50:00", "subject": "2", "recorded-or-robo": "Y", "city": "Alexandria", "state": "VA", "area-code": "703"}, {"id": "3decc6bfadaa436a105714c6bac9ca42", "number": "8182085468", "date": "2021-01-21 15:43:00", "subject": "2", "recorded-or-robo": "Y", "city": "Granada Hills", "state": "CA", "area-code": "818"}, {"id": "03e293b3df9e35eadf15c561195fd006", "number": "8182085468", "date": "2021-01-21 15:43:00", "subject": "2", "recorded-or-robo": "Y", "city": "Granada Hills", "state": "CA", "area-code": "818"}, {"id": "3decc6bfadaa436a105714c6bac9c6b1", "number": "6085647782", "date": "2021-01-24 18:19:00", "subject": "2", "recorded-or-robo": "Y", "city": "Arkdale", "state": "WI", "area-code": "608"}, {"id": "03e293b3df9e35eadf15c561195fc7e4", "number": "6085647782", "date": "2021-01-24 18:19:00", "subject": "2", "recorded-or-robo": "Y", "city": "Arkdale", "state": "WI", "area-code": "608"}, {"id": "3decc6bfadaa436a105714c6bac9baaa", "number": "8188413712", "date": "2021-01-20 17:10:00", "subject": "2", "recorded-or-robo": "Y", "city": "Granada Hills", "state": "CA", "area-code": "818"}, {"id": "03e293b3df9e35eadf15c561195fc2ed", "number": "8188413712", "date": "2021-01-20 17:10:00", "subject": "2", "recorded-or-robo": "Y", "city": "Granada Hills", "state": "CA", "area-code": "818"}, {"id": "3decc6bfadaa436a105714c6bac9af72", "number": "9495831458", "date": "2021-01-24 15:34:00", "subject": "3", "recorded-or-robo": "N", "city": "", "state": "CA", "area-code": "949"}, {"id": "03e293b3df9e35eadf15c561195fb650", "number": "9495831458", "date": "2021-01-24 15:34:00", "subject": "3", "recorded-or-robo": "N", "city": "", "state": "CA", "area-code": "949"}, {"id": "3decc6bfadaa436a105714c6bac9a01a", "number": "8189379353", "date": "2021-01-20 17:20:00", "subject": "2", "recorded-or-robo": "Y", "city": "Granada Hills", "state": "CA", "area-code": "818"}, {"id": "03e293b3df9e35eadf15c561195fad42", "number": "8189379353", "date": "2021-01-20 17:20:00", "subject": "2", "recorded-or-robo": "Y", "city": "Granada Hills", "state": "CA", "area-code": "818"}, {"id": "3decc6bfadaa436a105714c6bac972f8", "number": "8556786277", "date": "2021-01-24 00:00:00", "subject": "3", "recorded-or-robo": "", "city": "", "state": "MO", "area-code": "660"}, {"id": "03e293b3df9e35eadf15c561195f84c6", "number": "8556786277", "date": "2021-01-24 00:00:00", "subject": "3", "recorded-or-robo": "", "city": "", "state": "MO", "area-code": "660"}, {"id": "3decc6bfadaa436a105714c6bac99961", "number": "5626920434", "date": "2021-01-21 12:24:00", "subject": "2", "recorded-or-robo": "Y", "city": "", "state": "CA", "area-code": "562"}, {"id": "03e293b3df9e35eadf15c561195f9f51", "number": "5626920434", "date": "2021-01-21 12:24:00", "subject": "2", "recorded-or-robo": "Y", "city": "", "state": "CA", "area-code": "562"}, {"id": "3decc6bfadaa436a105714c6bac9970a", "number": "", "date": "2021-01-23 15:06:00", "subject": "4", "recorded-or-robo": "N", "city": "Arkdale", "state": "WI", "area-code": "608"}, {"id": "03e293b3df9e35eadf15c561195f9df5", "number": "", "date": "2021-01-23 15:06:00", "subject": "4", "recorded-or-robo": "N", "city": "Arkdale", "state": "WI", "area-code": "608"}, {"id": "3decc6bfadaa436a105714c6bac98c24", "number": "8556786129", "date": "2021-01-24 02:56:00", "subject": "1", "recorded-or-robo": "Y", "city": "Anderson", "state": "IN", "area-code": "317"}, {"id": "03e293b3df9e35eadf15c561195f9774", "number": "8556786129", "date": "2021-01-24 02:56:00", "subject": "1", "recorded-or-robo": "Y", "city": "Anderson", "state": "IN", "area-code": "317"}, {"id": "3decc6bfadaa436a105714c6bac9841a", "number": "3152328257", "date": "2021-01-24 16:51:00", "subject": "1", "recorded-or-robo": "Y", "city": "O'Fallon", "state": "MO", "area-code": "314"}, {"id": "03e293b3df9e35eadf15c561195f940a", "number": "3152328257", "date": "2021-01-24 16:51:00", "subject": "1", "recorded-or-robo": "Y", "city": "O'Fallon", "state": "MO", "area-code": "314"}, {"id": "3decc6bfadaa436a105714c6bac95ce6", "number": "9496541856", "date": "2021-01-23 10:13:00", "subject": "3", "recorded-or-robo": "N", "city": "", "state": "CA", "area-code": "949"}, {"id": "03e293b3df9e35eadf15c561195f69b2", "number": "9496541856", "date": "2021-01-23 10:13:00", "subject": "3", "recorded-or-robo": "N", "city": "", "state": "CA", "area-code": "949"}, {"id": "3decc6bfadaa436a105714c6bac97b4d", "number": "6085647782", "date": "2021-01-24 21:15:00", "subject": "2", "recorded-or-robo": "Y", "city": "Arkdale", "state": "WI", "area-code": "608"}, {"id": "3decc6bfadaa436a105714c6bac97793", "number": "3143087385", "date": "2021-01-21 07:19:00", "subject": "1", "recorded-or-robo": "Y", "city": "", "state": "MO", "area-code": "314"}, {"id": "03e293b3df9e35eadf15c561195f8d87", "number": "6085647782", "date": "2021-01-24 21:15:00", "subject": "2", "recorded-or-robo": "Y", "city": "Arkdale", "state": "WI", "area-code": "608"}, {"id": "03e293b3df9e35eadf15c561195f86fa", "number": "3143087385", "date": "2021-01-21 07:19:00", "subject": "1", "recorded-or-robo": "Y", "city": "", "state": "MO", "area-code": "314"}, {"id": "3decc6bfadaa436a105714c6bac96c6c", "number": "4422375653", "date": "2021-01-21 10:26:00", "subject": "2", "recorded-or-robo": "Y", "city": "Granada Hills", "state": "CA", "area-code": "818"}, {"id": "03e293b3df9e35eadf15c561195f7987", "number": "4422375653", "date": "2021-01-21 10:26:00", "subject": "2", "recorded-or-robo": "Y", "city": "Granada Hills", "state": "CA", "area-code": "818"}, {"id": "3decc6bfadaa436a105714c6bac952c8", "number": "", "date": "2021-01-24 12:00:00", "subject": "3", "recorded-or-robo": "Y", "city": "Eudora", "state": "KS", "area-code": "855"}, {"id": "03e293b3df9e35eadf15c561195f5c3c", "number": "", "date": "2021-01-24 12:00:00", "subject": "3", "recorded-or-robo": "Y", "city": "Eudora", "state": "KS", "area-code": "855"}, {"id": "3decc6bfadaa436a105714c6bac944bd", "number": "4149433351", "date": "2021-01-24 17:56:00", "subject": "11", "recorded-or-robo": "Y", "city": "West Allis", "state": "WI", "area-code": "414"}, {"id": "03e293b3df9e35eadf15c561195f4f69", "number": "4149433351", "date": "2021-01-24 17:56:00", "subject": "11", "recorded-or-robo": "Y", "city": "West Allis", "state": "WI", "area-code": "414"}, {"id": "3decc6bfadaa436a105714c6bac94425", "number": "8183534649", "date": "2021-01-21 11:07:00", "subject": "2", "recorded-or-robo": "Y", "city": "Granada Hills", "state": "CA", "area-code": "818"}]}