{"data": [{"id": "1d36742e3f24f50e4e7ae828013e5b4e", "number": "+14067470029", "date": "2021-01-22 20:05:27", "subject": "3", "recorded-or-robo": "Y", "city": "", "state": "RI", "area-code": "401"}, {"id": "e81c9350d54f66c6d33b3747eea8d03d", "number": "+14432449689", "date": "2021-01-22 20:05:23", "subject": "3", "recorded-or-robo": "Y", "city": "", "state": "MD", "area-code": "301"}, {"id": "1d36742e3f24f50e4e7ae828013de1ad", "number": "+14432449689", "date": "2021-01-22 20:05:23", "subject": "3", "recorded-or-robo": "Y", "city": "", "state": "MD", "area-code": "301"}, {"id": "e81c9350d54f66c6d33b3747ee7be9b9", "number": "7206060194", "date": "2021-01-15 14:21:00", "subject": "0", "recorded-or-robo": "", "city": "", "state": "CO", "area-code": "720"}, {"id": "1d36742e3f24f50e4e7ae82801108bfd", "number": "7206060194", "date": "2021-01-15 14:21:00", "subject": "0", "recorded-or-robo": "", "city": "", "state": "CO", "area-code": "720"}, {"id": "e81c9350d54f66c6d33b3747eea8c3ef", "number": "+15307460837", "date": "2021-01-22 20:05:13", "subject": "3", "recorded-or-robo": "Y", "city": "", "state": "MD", "area-code": "301"}, {"id": "1d36742e3f24f50e4e7ae828013dcfc6", "number": "+15307460837", "date": "2021-01-22 20:05:13", "subject": "3", "recorded-or-robo": "Y", "city": "", "state": "MD", "area-code": "301"}, {"id": "e81c9350d54f66c6d33b3747ee7bd597", "number": "6053764620", "date": "2021-01-22 13:54:00", "subject": "1", "recorded-or-robo": "Y", "city": "Loveland", "state": "CO", "area-code": "605"}, {"id": "1d36742e3f24f50e4e7ae82801107992", "number": "6053764620", "date": "2021-01-22 13:54:00", "subject": "1", "recorded-or-robo": "Y", "city": "Loveland", "state": "CO", "area-code": "605"}, {"id": "e81c9350d54f66c6d33b3747ee7bd466", "number": "4135711024", "date": "2021-01-22 18:28:00", "subject": "0", "recorded-or-robo": "", "city": "Southampton", "state": "MA", "area-code": "413"}, {"id": "e81c9350d54f66c6d33b3747ee7bcab4", "number": "7205713122", "date": "2021-01-22 15:46:00", "subject": "13", "recorded-or-robo": "Y", "city": "aurora", "state": "CO", "area-code": "720"}, {"id": "1d36742e3f24f50e4e7ae8280110777f", "number": "4135711024", "date": "2021-01-22 18:28:00", "subject": "0", "recorded-or-robo": "", "city": "Southampton", "state": "MA", "area-code": "413"}, {"id": "1d36742e3f24f50e4e7ae82801106ef6", "number": "7205713122", "date": "2021-01-22 15:46:00", "subject": "13", "recorded-or-robo": "Y", "city": "aurora", "state": "CO", "area-code": "720"}, {"id": "e81c9350d54f66c6d33b3747eea8ec89", "number": "+17329344276", "date": "2021-01-22 20:04:55", "subject": "3", "recorded-or-robo": "Y", "city": "", "state": "NJ", "area-code": "732"}, {"id": "1d36742e3f24f50e4e7ae828013df749", "number": "+17329344276", "date": "2021-01-22 20:04:55", "subject": "3", "recorded-or-robo": "Y", "city": "", "state": "NJ", "area-code": "732"}, {"id": "e81c9350d54f66c6d33b3747ee7bc7d4", "number": "3035697746", "date": "2021-01-15 20:16:00", "subject": "0", "recorded-or-robo": "", "city": "", "state": "CO", "area-code": "720"}, {"id": "1d36742e3f24f50e4e7ae8280110648b", "number": "3035697746", "date": "2021-01-15 20:16:00", "subject": "0", "recorded-or-robo": "", "city": "", "state": "CO", "area-code": "720"}, {"id": "e81c9350d54f66c6d33b3747ee7bc45c", "number": "4798882335", "date": "2021-01-19 11:43:00", "subject": "3", "recorded-or-robo": "Y", "city": "", "state": "AR", "area-code": "479"}, {"id": "1d36742e3f24f50e4e7ae82801105bb5", "number": "4798882335", "date": "2021-01-19 11:43:00", "subject": "3", "recorded-or-robo": "Y", "city": "", "state": "AR", "area-code": "479"}, {"id": "e81c9350d54f66c6d33b3747ee7bbd18", "number": "3146566900", "date": "2021-01-22 18:45:00", "subject": "12", "recorded-or-robo": "N", "city": "Chesterfield", "state": "MO", "area-code": "636"}, {"id": "1d36742e3f24f50e4e7ae82801105ae8", "number": "3146566900", "date": "2021-01-22 18:45:00", "subject": "12", "recorded-or-robo": "N", "city": "Chesterfield", "state": "MO", "area-code": "636"}, {"id": "e81c9350d54f66c6d33b3747eea954ad", "number": "2179292283", "date": "2021-01-22 20:04:47", "subject": "3", "recorded-or-robo": "Y", "city": "", "state": "NY", "area-code": "646"}, {"id": "1d36742e3f24f50e4e7ae828013e5376", "number": "2179292283", "date": "2021-01-22 20:04:47", "subject": "3", "recorded-or-robo": "Y", "city": "", "state": "NY", "area-code": "646"}, {"id": "e81c9350d54f66c6d33b3747ee7bba1c", "number": "4694479446", "date": "2021-01-20 15:41:00", "subject": "2", "recorded-or-robo": "Y", "city": "", "state": "TX", "area-code": "469"}, {"id": "1d36742e3f24f50e4e7ae82801104c9d", "number": "4694479446", "date": "2021-01-20 15:41:00", "subject": "2", "recorded-or-robo": "Y", "city": "", "state": "TX", "area-code": "469"}, {"id": "e81c9350d54f66c6d33b3747ee7bb62d", "number": "7603917771", "date": "2021-01-22 19:09:00", "subject": "2", "recorded-or-robo": "N", "city": "Kennesaw", "state": "GA", "area-code": "404"}, {"id": "1d36742e3f24f50e4e7ae82801104ac6", "number": "7603917771", "date": "2021-01-22 19:09:00", "subject": "2", "recorded-or-robo": "N", "city": "Kennesaw", "state": "GA", "area-code": "404"}, {"id": "e81c9350d54f66c6d33b3747eea94867", "number": "+19043376572", "date": "2021-01-22 20:04:33", "subject": "3", "recorded-or-robo": "Y", "city": "", "state": "FL", "area-code": "754"}, {"id": "1d36742e3f24f50e4e7ae828013e442d", "number": "+19043376572", "date": "2021-01-22 20:04:33", "subject": "3", "recorded-or-robo": "Y", "city": "", "state": "FL", "area-code": "754"}, {"id": "e81c9350d54f66c6d33b3747eea90b26", "number": "6466140953", "date": "2021-01-22 20:04:29", "subject": "3", "recorded-or-robo": "Y", "city": "", "state": "NY", "area-code": "646"}, {"id": "1d36742e3f24f50e4e7ae828013e0f5f", "number": "6466140953", "date": "2021-01-22 20:04:29", "subject": "3", "recorded-or-robo": "Y", "city": "", "state": "NY", "area-code": "646"}, {"id": "e81c9350d54f66c6d33b3747ee7bb5b2", "number": "8774785043", "date": "2021-01-18 09:19:00", "subject": "0", "recorded-or-robo": "", "city": "", "state": "CO", "area-code": "720"}, {"id": "1d36742e3f24f50e4e7ae8280110496b", "number": "8774785043", "date": "2021-01-18 09:19:00", "subject": "0", "recorded-or-robo": "", "city": "", "state": "CO", "area-code": "720"}, {"id": "e81c9350d54f66c6d33b3747ee7bb2d3", "number": "2566614408", "date": "2021-01-21 12:55:00", "subject": "0", "recorded-or-robo": "Y", "city": "", "state": "FL", "area-code": "561"}, {"id": "e81c9350d54f66c6d33b3747ee7ba307", "number": "4133863053", "date": "2021-01-22 18:10:00", "subject": "0", "recorded-or-robo": "", "city": "Southampton", "state": "MA", "area-code": "413"}, {"id": "1d36742e3f24f50e4e7ae828011042c7", "number": "2566614408", "date": "2021-01-21 12:55:00", "subject": "0", "recorded-or-robo": "Y", "city": "", "state": "FL", "area-code": "561"}, {"id": "1d36742e3f24f50e4e7ae82801103439", "number": "4133863053", "date": "2021-01-22 18:10:00", "subject": "0", "recorded-or-robo": "", "city": "Southampton", "state": "MA", "area-code": "413"}, {"id": "e81c9350d54f66c6d33b3747eea91287", "number": "+15743800618", "date": "2021-01-22 20:04:20", "subject": "3", "recorded-or-robo": "Y", "city": "", "state": "MD", "area-code": "301"}, {"id": "1d36742e3f24f50e4e7ae828013e16f4", "number": "+15743800618", "date": "2021-01-22 20:04:20", "subject": "3", "recorded-or-robo": "Y", "city": "", "state": "MD", "area-code": "301"}, {"id": "e81c9350d54f66c6d33b3747ee7b958b", "number": "3802045811", "date": "2021-01-22 10:35:00", "subject": "2", "recorded-or-robo": "N", "city": "Thornville", "state": "OH", "area-code": "740"}, {"id": "1d36742e3f24f50e4e7ae828011026c5", "number": "3802045811", "date": "2021-01-22 10:35:00", "subject": "2", "recorded-or-robo": "N", "city": "Thornville", "state": "OH", "area-code": "740"}, {"id": "e81c9350d54f66c6d33b3747ee7b93cc", "number": "1414596872", "date": "2021-01-22 18:45:00", "subject": "1", "recorded-or-robo": "Y", "city": "Combined Locks", "state": "WI", "area-code": "920"}, {"id": "1d36742e3f24f50e4e7ae828011022ff", "number": "1414596872", "date": "2021-01-22 18:45:00", "subject": "1", "recorded-or-robo": "Y", "city": "Combined Locks", "state": "WI", "area-code": "920"}, {"id": "e81c9350d54f66c6d33b3747eea8fbd2", "number": "5514441762", "date": "2021-01-22 20:04:02", "subject": "3", "recorded-or-robo": "Y", "city": "", "state": "NJ", "area-code": "551"}, {"id": "1d36742e3f24f50e4e7ae828013dff50", "number": "5514441762", "date": "2021-01-22 20:04:02", "subject": "3", "recorded-or-robo": "Y", "city": "", "state": "NJ", "area-code": "551"}, {"id": "e81c9350d54f66c6d33b3747ee7b862e", "number": "4123148627", "date": "2021-01-22 20:02:00", "subject": "1", "recorded-or-robo": "Y", "city": "", "state": "PA", "area-code": "724"}, {"id": "e81c9350d54f66c6d33b3747ee7b84c5", "number": "9703157569", "date": "2021-01-18 17:28:00", "subject": "0", "recorded-or-robo": "", "city": "", "state": "CO", "area-code": "720"}, {"id": "1d36742e3f24f50e4e7ae828011020c7", "number": "4123148627", "date": "2021-01-22 20:02:00", "subject": "1", "recorded-or-robo": "Y", "city": "", "state": "PA", "area-code": "724"}, {"id": "1d36742e3f24f50e4e7ae828011010d7", "number": "9703157569", "date": "2021-01-18 17:28:00", "subject": "0", "recorded-or-robo": "", "city": "", "state": "CO", "area-code": "720"}, {"id": "e81c9350d54f66c6d33b3747eea925b6", "number": "+14433231374", "date": "2021-01-22 20:03:58", "subject": "3", "recorded-or-robo": "Y", "city": "", "state": "MD", "area-code": "301"}]}