{"data": [{"id": "1d36742e3f24f50e4e7ae82801406ebd", "number": "+12084692309", "date": "2021-01-22 20:18:46", "subject": "3", "recorded-or-robo": "Y", "city": "", "state": "MD", "area-code": "443"}, {"id": "e81c9350d54f66c6d33b3747ee7fcb12", "number": "9894556072", "date": "2021-01-22 19:05:00", "subject": "0", "recorded-or-robo": "Y", "city": "Saint Paul", "state": "MN", "area-code": "651"}, {"id": "e81c9350d54f66c6d33b3747ee7fbef6", "number": "3144882029", "date": "2021-01-22 19:15:00", "subject": "1", "recorded-or-robo": "Y", "city": "", "state": "MO", "area-code": "314"}, {"id": "1d36742e3f24f50e4e7ae8280114c5c8", "number": "9894556072", "date": "2021-01-22 19:05:00", "subject": "0", "recorded-or-robo": "Y", "city": "Saint Paul", "state": "MN", "area-code": "651"}, {"id": "1d36742e3f24f50e4e7ae8280114c4ec", "number": "3144882029", "date": "2021-01-22 19:15:00", "subject": "1", "recorded-or-robo": "Y", "city": "", "state": "MO", "area-code": "314"}, {"id": "e81c9350d54f66c6d33b3747eeab4607", "number": "2039242775", "date": "2021-01-22 20:18:42", "subject": "3", "recorded-or-robo": "Y", "city": "", "state": "CT", "area-code": "203"}, {"id": "e81c9350d54f66c6d33b3747ee7fb354", "number": "7692400979", "date": "2021-01-22 11:42:00", "subject": "2", "recorded-or-robo": "", "city": "Ripley", "state": "MS", "area-code": "662"}, {"id": "1d36742e3f24f50e4e7ae82801404688", "number": "2039242775", "date": "2021-01-22 20:18:42", "subject": "3", "recorded-or-robo": "Y", "city": "", "state": "CT", "area-code": "203"}, {"id": "1d36742e3f24f50e4e7ae8280114bee8", "number": "7692400979", "date": "2021-01-22 11:42:00", "subject": "2", "recorded-or-robo": "", "city": "Ripley", "state": "MS", "area-code": "662"}, {"id": "e81c9350d54f66c6d33b3747eeaac777", "number": "3218003143", "date": "2021-01-22 20:18:39", "subject": "3", "recorded-or-robo": "Y", "city": "", "state": "FL", "area-code": "321"}, {"id": "1d36742e3f24f50e4e7ae828013f9f72", "number": "3218003143", "date": "2021-01-22 20:18:39", "subject": "3", "recorded-or-robo": "Y", "city": "", "state": "FL", "area-code": "321"}, {"id": "e81c9350d54f66c6d33b3747eeaaaf43", "number": "7146698809", "date": "2021-01-22 20:18:28", "subject": "3", "recorded-or-robo": "Y", "city": "", "state": "CA", "area-code": "408"}, {"id": "1d36742e3f24f50e4e7ae828013f90bc", "number": "7146698809", "date": "2021-01-22 20:18:28", "subject": "3", "recorded-or-robo": "Y", "city": "", "state": "CA", "area-code": "408"}, {"id": "e81c9350d54f66c6d33b3747eeab1d8b", "number": "+12399467325", "date": "2021-01-22 20:18:20", "subject": "3", "recorded-or-robo": "Y", "city": "", "state": "MI", "area-code": "248"}, {"id": "1d36742e3f24f50e4e7ae82801401a81", "number": "+12399467325", "date": "2021-01-22 20:18:20", "subject": "3", "recorded-or-robo": "Y", "city": "", "state": "MI", "area-code": "248"}, {"id": "e81c9350d54f66c6d33b3747eeab9106", "number": "8134219158", "date": "2021-01-22 20:18:18", "subject": "3", "recorded-or-robo": "Y", "city": "", "state": "FL", "area-code": "786"}, {"id": "1d36742e3f24f50e4e7ae828014076d7", "number": "8134219158", "date": "2021-01-22 20:18:18", "subject": "3", "recorded-or-robo": "Y", "city": "", "state": "FL", "area-code": "786"}, {"id": "e81c9350d54f66c6d33b3747ee7fa487", "number": "5162957112", "date": "2021-01-21 10:34:00", "subject": "2", "recorded-or-robo": "Y", "city": "", "state": "NY", "area-code": "716"}, {"id": "1d36742e3f24f50e4e7ae8280114bd2a", "number": "5162957112", "date": "2021-01-21 10:34:00", "subject": "2", "recorded-or-robo": "Y", "city": "", "state": "NY", "area-code": "716"}, {"id": "e81c9350d54f66c6d33b3747eeaab976", "number": "+19058589633", "date": "2021-01-22 20:18:01", "subject": "3", "recorded-or-robo": "N", "city": "", "state": "CO", "area-code": "719"}, {"id": "1d36742e3f24f50e4e7ae828013f9a0b", "number": "+19058589633", "date": "2021-01-22 20:18:01", "subject": "3", "recorded-or-robo": "N", "city": "", "state": "CO", "area-code": "719"}, {"id": "e81c9350d54f66c6d33b3747ee7f949a", "number": "3144886281", "date": "2021-01-22 19:15:00", "subject": "11", "recorded-or-robo": "Y", "city": "", "state": "MO", "area-code": "314"}, {"id": "1d36742e3f24f50e4e7ae8280114b04a", "number": "3144886281", "date": "2021-01-22 19:15:00", "subject": "11", "recorded-or-robo": "Y", "city": "", "state": "MO", "area-code": "314"}, {"id": "e81c9350d54f66c6d33b3747ee7f91a4", "number": "2544315607", "date": "2021-01-19 05:58:00", "subject": "4", "recorded-or-robo": "Y", "city": "Fort Worth", "state": "TX", "area-code": "817"}, {"id": "1d36742e3f24f50e4e7ae8280114a3c7", "number": "2544315607", "date": "2021-01-19 05:58:00", "subject": "4", "recorded-or-robo": "Y", "city": "Fort Worth", "state": "TX", "area-code": "817"}, {"id": "e81c9350d54f66c6d33b3747ee7f833c", "number": "3148394552", "date": "2021-01-21 11:02:00", "subject": "1", "recorded-or-robo": "Y", "city": "Florissant", "state": "MO", "area-code": "314"}, {"id": "1d36742e3f24f50e4e7ae82801149b3c", "number": "3148394552", "date": "2021-01-21 11:02:00", "subject": "1", "recorded-or-robo": "Y", "city": "Florissant", "state": "MO", "area-code": "314"}, {"id": "e81c9350d54f66c6d33b3747ee7f8039", "number": "2103698952", "date": "2021-01-13 15:48:00", "subject": "3", "recorded-or-robo": "N", "city": "", "state": "TX", "area-code": "210"}, {"id": "1d36742e3f24f50e4e7ae82801148ea5", "number": "2103698952", "date": "2021-01-13 15:48:00", "subject": "3", "recorded-or-robo": "N", "city": "", "state": "TX", "area-code": "210"}, {"id": "e81c9350d54f66c6d33b3747ee7f7ae1", "number": "7348002991", "date": "2021-01-22 18:44:00", "subject": "2", "recorded-or-robo": "Y", "city": "", "state": "MI", "area-code": "734"}, {"id": "1d36742e3f24f50e4e7ae82801148285", "number": "7348002991", "date": "2021-01-22 18:44:00", "subject": "2", "recorded-or-robo": "Y", "city": "", "state": "MI", "area-code": "734"}, {"id": "e81c9350d54f66c6d33b3747eeaa0dbc", "number": "+17472653578", "date": "2021-01-22 20:17:25", "subject": "3", "recorded-or-robo": "Y", "city": "", "state": "CA", "area-code": "949"}, {"id": "1d36742e3f24f50e4e7ae828013f08d4", "number": "+17472653578", "date": "2021-01-22 20:17:25", "subject": "3", "recorded-or-robo": "Y", "city": "", "state": "CA", "area-code": "949"}, {"id": "e81c9350d54f66c6d33b3747ee7f764d", "number": "2544315606", "date": "2021-01-22 12:03:00", "subject": "4", "recorded-or-robo": "Y", "city": "Fort Worth", "state": "TX", "area-code": "817"}, {"id": "e81c9350d54f66c6d33b3747ee7f6cb0", "number": "", "date": "2021-01-22 21:45:00", "subject": "0", "recorded-or-robo": "Y", "city": "Milwaukie", "state": "OR", "area-code": "503"}, {"id": "1d36742e3f24f50e4e7ae82801147742", "number": "2544315606", "date": "2021-01-22 12:03:00", "subject": "4", "recorded-or-robo": "Y", "city": "Fort Worth", "state": "TX", "area-code": "817"}, {"id": "1d36742e3f24f50e4e7ae82801147606", "number": "", "date": "2021-01-22 21:45:00", "subject": "0", "recorded-or-robo": "Y", "city": "Milwaukie", "state": "OR", "area-code": "503"}, {"id": "e81c9350d54f66c6d33b3747ee7f6537", "number": "4106192468", "date": "2021-01-20 21:06:00", "subject": "0", "recorded-or-robo": "N", "city": "Oldtown", "state": "MD", "area-code": "301"}, {"id": "1d36742e3f24f50e4e7ae828011471a3", "number": "4106192468", "date": "2021-01-20 21:06:00", "subject": "0", "recorded-or-robo": "N", "city": "Oldtown", "state": "MD", "area-code": "301"}, {"id": "e81c9350d54f66c6d33b3747ee7f5e63", "number": "9183792016", "date": "2021-01-22 19:10:00", "subject": "2", "recorded-or-robo": "Y", "city": "", "state": "MO", "area-code": "660"}, {"id": "1d36742e3f24f50e4e7ae8280114644c", "number": "9183792016", "date": "2021-01-22 19:10:00", "subject": "2", "recorded-or-robo": "Y", "city": "", "state": "MO", "area-code": "660"}, {"id": "e81c9350d54f66c6d33b3747eeaa1613", "number": "7733752001", "date": "2021-01-22 20:17:05", "subject": "3", "recorded-or-robo": "Y", "city": "", "state": "IL", "area-code": "773"}, {"id": "1d36742e3f24f50e4e7ae828013f155a", "number": "7733752001", "date": "2021-01-22 20:17:05", "subject": "3", "recorded-or-robo": "Y", "city": "", "state": "IL", "area-code": "773"}, {"id": "e81c9350d54f66c6d33b3747ee7f58f8", "number": "2104344696", "date": "2021-01-12 09:00:00", "subject": "3", "recorded-or-robo": "N", "city": "", "state": "TX", "area-code": "210"}, {"id": "1d36742e3f24f50e4e7ae8280114554f", "number": "2104344696", "date": "2021-01-12 09:00:00", "subject": "3", "recorded-or-robo": "N", "city": "", "state": "TX", "area-code": "210"}, {"id": "e81c9350d54f66c6d33b3747eea9f3c0", "number": "+18332298903", "date": "2021-01-22 20:17:00", "subject": "3", "recorded-or-robo": "Y", "city": "", "state": "NJ", "area-code": "908"}, {"id": "1d36742e3f24f50e4e7ae828013edc95", "number": "+18332298903", "date": "2021-01-22 20:17:00", "subject": "3", "recorded-or-robo": "Y", "city": "", "state": "NJ", "area-code": "908"}, {"id": "e81c9350d54f66c6d33b3747ee7f4b3c", "number": "8473767566", "date": "2021-01-22 16:31:00", "subject": "3", "recorded-or-robo": "Y", "city": "LONGBOAT KEY", "state": "IL", "area-code": "847"}, {"id": "e81c9350d54f66c6d33b3747ee7f4651", "number": "2015812654", "date": "2021-01-20 16:01:00", "subject": "2", "recorded-or-robo": "", "city": "South Orange", "state": "NJ", "area-code": "201"}, {"id": "1d36742e3f24f50e4e7ae8280114487c", "number": "8473767566", "date": "2021-01-22 16:31:00", "subject": "3", "recorded-or-robo": "Y", "city": "LONGBOAT KEY", "state": "IL", "area-code": "847"}]}