{"data": [{"id": "e81c9350d54f66c6d33b3747ee156bc0", "number": "2195961206", "date": "2021-01-22 16:36:00", "subject": "4", "recorded-or-robo": "N", "city": "Michigan City", "state": "IN", "area-code": "219"}, {"id": "deca54a6651fb9add5b4a9816caa99d4", "number": "2023017367", "date": "2021-01-22 16:40:00", "subject": "1", "recorded-or-robo": "Y", "city": "Sandy Springs", "state": "GA", "area-code": "401"}, {"id": "deca54a6651fb9add5b4a9816caa8d7c", "number": "2195961206", "date": "2021-01-22 16:36:00", "subject": "4", "recorded-or-robo": "N", "city": "Michigan City", "state": "IN", "area-code": "219"}, {"id": "e81c9350d54f66c6d33b3747ee53252f", "number": "+16028770120", "date": "2021-01-22 17:38:01", "subject": "3", "recorded-or-robo": "Y", "city": "", "state": "AZ", "area-code": "602"}, {"id": "deca54a6651fb9add5b4a9816ce76aa0", "number": "+16028770120", "date": "2021-01-22 17:38:01", "subject": "3", "recorded-or-robo": "Y", "city": "", "state": "AZ", "area-code": "602"}, {"id": "e81c9350d54f66c6d33b3747ee155fb1", "number": "", "date": "2021-01-22 17:26:00", "subject": "2", "recorded-or-robo": "Y", "city": "Silver Spring", "state": "Do", "area-code": "202"}, {"id": "deca54a6651fb9add5b4a9816caa8bf9", "number": "", "date": "2021-01-22 17:26:00", "subject": "2", "recorded-or-robo": "Y", "city": "Silver Spring", "state": "Do", "area-code": "202"}, {"id": "e81c9350d54f66c6d33b3747ee1559c7", "number": "4157363558", "date": "2021-01-22 14:30:00", "subject": "9", "recorded-or-robo": "Y", "city": "Ventura", "state": "CA", "area-code": "805"}, {"id": "deca54a6651fb9add5b4a9816caa793a", "number": "4157363558", "date": "2021-01-22 14:30:00", "subject": "9", "recorded-or-robo": "Y", "city": "Ventura", "state": "CA", "area-code": "805"}, {"id": "e81c9350d54f66c6d33b3747ee15597e", "number": "7862883787", "date": "2021-01-21 13:46:00", "subject": "2", "recorded-or-robo": "Y", "city": "Wesley Chapel", "state": "FL", "area-code": "321"}, {"id": "deca54a6651fb9add5b4a9816caa76b6", "number": "7862883787", "date": "2021-01-21 13:46:00", "subject": "2", "recorded-or-robo": "Y", "city": "Wesley Chapel", "state": "FL", "area-code": "321"}, {"id": "e81c9350d54f66c6d33b3747ee151e34", "number": "3144581631", "date": "2021-01-22 15:13:00", "subject": "3", "recorded-or-robo": "N", "city": "", "state": "MO", "area-code": "314"}, {"id": "deca54a6651fb9add5b4a9816caa3537", "number": "3144581631", "date": "2021-01-22 15:13:00", "subject": "3", "recorded-or-robo": "N", "city": "", "state": "MO", "area-code": "314"}, {"id": "e81c9350d54f66c6d33b3747ee52d369", "number": "7042668685", "date": "2021-01-22 17:37:44", "subject": "3", "recorded-or-robo": "Y", "city": "", "state": "NC", "area-code": "704"}, {"id": "deca54a6651fb9add5b4a9816ce71b13", "number": "7042668685", "date": "2021-01-22 17:37:44", "subject": "3", "recorded-or-robo": "Y", "city": "", "state": "NC", "area-code": "704"}, {"id": "e81c9350d54f66c6d33b3747ee534c45", "number": "5026033249", "date": "2021-01-22 17:37:42", "subject": "3", "recorded-or-robo": "Y", "city": "", "state": "KY", "area-code": "502"}, {"id": "e81c9350d54f66c6d33b3747ee155389", "number": "8552029116", "date": "2021-01-22 14:35:00", "subject": "2", "recorded-or-robo": "Y", "city": "", "state": "CA", "area-code": "949"}, {"id": "deca54a6651fb9add5b4a9816ce7a02d", "number": "5026033249", "date": "2021-01-22 17:37:42", "subject": "3", "recorded-or-robo": "Y", "city": "", "state": "KY", "area-code": "502"}, {"id": "deca54a6651fb9add5b4a9816caa7344", "number": "8552029116", "date": "2021-01-22 14:35:00", "subject": "2", "recorded-or-robo": "Y", "city": "", "state": "CA", "area-code": "949"}, {"id": "e81c9350d54f66c6d33b3747ee154e4f", "number": "2292383442", "date": "2021-01-20 11:28:00", "subject": "2", "recorded-or-robo": "Y", "city": "Colorado Springs", "state": "CO", "area-code": "912"}, {"id": "deca54a6651fb9add5b4a9816caa63c6", "number": "2292383442", "date": "2021-01-20 11:28:00", "subject": "2", "recorded-or-robo": "Y", "city": "Colorado Springs", "state": "CO", "area-code": "912"}, {"id": "e81c9350d54f66c6d33b3747ee1548bc", "number": "5419995166", "date": "2021-01-22 14:26:00", "subject": "9", "recorded-or-robo": "Y", "city": "Portland", "state": "OR", "area-code": "971"}, {"id": "deca54a6651fb9add5b4a9816caa6334", "number": "5419995166", "date": "2021-01-22 14:26:00", "subject": "9", "recorded-or-robo": "Y", "city": "Portland", "state": "OR", "area-code": "971"}, {"id": "e81c9350d54f66c6d33b3747ee153a4b", "number": "4102370021", "date": "2021-01-22 17:18:00", "subject": "3", "recorded-or-robo": "Y", "city": "", "state": "MD", "area-code": "410"}, {"id": "deca54a6651fb9add5b4a9816caa574f", "number": "4102370021", "date": "2021-01-22 17:18:00", "subject": "3", "recorded-or-robo": "Y", "city": "", "state": "MD", "area-code": "410"}, {"id": "e81c9350d54f66c6d33b3747ee1532a3", "number": "", "date": "2021-01-22 12:00:00", "subject": "2", "recorded-or-robo": "Y", "city": "Waterford charter Township", "state": "MI", "area-code": "248"}, {"id": "deca54a6651fb9add5b4a9816caa4788", "number": "", "date": "2021-01-22 12:00:00", "subject": "2", "recorded-or-robo": "Y", "city": "Waterford charter Township", "state": "MI", "area-code": "248"}, {"id": "e81c9350d54f66c6d33b3747ee152746", "number": "4092327", "date": "2021-01-22 09:34:00", "subject": "0", "recorded-or-robo": "Y", "city": "buchanan", "state": "VA", "area-code": "540"}, {"id": "deca54a6651fb9add5b4a9816caa3e49", "number": "4092327", "date": "2021-01-22 09:34:00", "subject": "0", "recorded-or-robo": "Y", "city": "buchanan", "state": "VA", "area-code": "540"}, {"id": "e81c9350d54f66c6d33b3747ee151611", "number": "2183590197", "date": "2021-01-22 14:41:00", "subject": "2", "recorded-or-robo": "Y", "city": "", "state": "MN", "area-code": "218"}, {"id": "deca54a6651fb9add5b4a9816caa308e", "number": "2183590197", "date": "2021-01-22 14:41:00", "subject": "2", "recorded-or-robo": "Y", "city": "", "state": "MN", "area-code": "218"}, {"id": "e81c9350d54f66c6d33b3747ee15071b", "number": "8655905133", "date": "2021-01-22 17:31:00", "subject": "0", "recorded-or-robo": "Y", "city": "", "state": "TN", "area-code": "865"}, {"id": "deca54a6651fb9add5b4a9816caa2a8c", "number": "8655905133", "date": "2021-01-22 17:31:00", "subject": "0", "recorded-or-robo": "Y", "city": "", "state": "TN", "area-code": "865"}, {"id": "e81c9350d54f66c6d33b3747ee14fc43", "number": "7017583252", "date": "2021-01-22 16:35:00", "subject": "0", "recorded-or-robo": "Y", "city": "", "state": "ND", "area-code": "701"}, {"id": "e81c9350d54f66c6d33b3747ee14f36d", "number": "9103497624", "date": "2021-01-22 14:16:00", "subject": "0", "recorded-or-robo": "Y", "city": "Wilmington", "state": "NC", "area-code": "910"}, {"id": "e81c9350d54f66c6d33b3747ee14ef08", "number": "3083656339", "date": "2021-01-22 14:09:00", "subject": "8", "recorded-or-robo": "Y", "city": "San Francisco", "state": "CA", "area-code": "630"}, {"id": "deca54a6651fb9add5b4a9816caa27d7", "number": "7017583252", "date": "2021-01-22 16:35:00", "subject": "0", "recorded-or-robo": "Y", "city": "", "state": "ND", "area-code": "701"}, {"id": "deca54a6651fb9add5b4a9816caa1d91", "number": "9103497624", "date": "2021-01-22 14:16:00", "subject": "0", "recorded-or-robo": "Y", "city": "Wilmington", "state": "NC", "area-code": "910"}, {"id": "deca54a6651fb9add5b4a9816caa1a0a", "number": "3083656339", "date": "2021-01-22 14:09:00", "subject": "8", "recorded-or-robo": "Y", "city": "San Francisco", "state": "CA", "area-code": "630"}, {"id": "e81c9350d54f66c6d33b3747ee530814", "number": "5622427760", "date": "2021-01-22 17:37:16", "subject": "3", "recorded-or-robo": "Y", "city": "", "state": "MD", "area-code": "443"}, {"id": "deca54a6651fb9add5b4a9816ce7589a", "number": "5622427760", "date": "2021-01-22 17:37:16", "subject": "3", "recorded-or-robo": "Y", "city": "", "state": "MD", "area-code": "443"}, {"id": "e81c9350d54f66c6d33b3747ee52fc79", "number": "+19543915286", "date": "2021-01-22 17:37:14", "subject": "3", "recorded-or-robo": "Y", "city": "", "state": "FL", "area-code": "954"}, {"id": "e81c9350d54f66c6d33b3747ee14e32f", "number": "4802184107", "date": "2021-01-22 13:38:00", "subject": "1", "recorded-or-robo": "Y", "city": "Az", "state": "AZ", "area-code": "480"}, {"id": "deca54a6651fb9add5b4a9816ce74c79", "number": "+19543915286", "date": "2021-01-22 17:37:14", "subject": "3", "recorded-or-robo": "Y", "city": "", "state": "FL", "area-code": "954"}, {"id": "deca54a6651fb9add5b4a9816caa0f54", "number": "4802184107", "date": "2021-01-22 13:38:00", "subject": "1", "recorded-or-robo": "Y", "city": "Az", "state": "AZ", "area-code": "480"}, {"id": "e81c9350d54f66c6d33b3747ee14d3da", "number": "6602508157", "date": "2021-01-22 16:24:00", "subject": "2", "recorded-or-robo": "Y", "city": "Norborne", "state": "MO", "area-code": "660"}, {"id": "deca54a6651fb9add5b4a9816caa083e", "number": "6602508157", "date": "2021-01-22 16:24:00", "subject": "2", "recorded-or-robo": "Y", "city": "Norborne", "state": "MO", "area-code": "660"}, {"id": "e81c9350d54f66c6d33b3747ee14d3ce", "number": "6199319294", "date": "2021-01-22 10:01:00", "subject": "2", "recorded-or-robo": "N", "city": "", "state": "CA", "area-code": "619"}, {"id": "e81c9350d54f66c6d33b3747ee14d1c9", "number": "4356256083", "date": "2021-01-22 15:30:00", "subject": "2", "recorded-or-robo": "Y", "city": "", "state": "AL", "area-code": "334"}, {"id": "deca54a6651fb9add5b4a9816ca9fa6a", "number": "6199319294", "date": "2021-01-22 10:01:00", "subject": "2", "recorded-or-robo": "N", "city": "", "state": "CA", "area-code": "619"}]}