{"data": [{"id": "1d36742e3f24f50e4e7ae82801416788", "number": "2564189313", "date": "2021-01-22 20:36:37", "subject": "3", "recorded-or-robo": "Y", "city": "", "state": "AL", "area-code": "256"}, {"id": "e81c9350d54f66c6d33b3747ee836846", "number": "8137564641", "date": "2021-01-22 15:48:00", "subject": "2", "recorded-or-robo": "Y", "city": "TAMPA", "state": "FL", "area-code": "813"}, {"id": "e81c9350d54f66c6d33b3747ee835ac6", "number": "2393234781", "date": "2021-01-19 12:22:00", "subject": "2", "recorded-or-robo": "", "city": "Ocala", "state": "FL", "area-code": "352"}, {"id": "1d36742e3f24f50e4e7ae8280118968f", "number": "8137564641", "date": "2021-01-22 15:48:00", "subject": "2", "recorded-or-robo": "Y", "city": "TAMPA", "state": "FL", "area-code": "813"}, {"id": "1d36742e3f24f50e4e7ae82801188c0a", "number": "2393234781", "date": "2021-01-19 12:22:00", "subject": "2", "recorded-or-robo": "", "city": "Ocala", "state": "FL", "area-code": "352"}, {"id": "e81c9350d54f66c6d33b3747ee835983", "number": "2073388300", "date": "2021-01-22 12:49:00", "subject": "5", "recorded-or-robo": "Y", "city": "Belfast", "state": "ME", "area-code": "207"}, {"id": "e81c9350d54f66c6d33b3747ee835218", "number": "7756389247", "date": "2021-01-22 13:44:00", "subject": "0", "recorded-or-robo": "Y", "city": "", "state": "CA", "area-code": "323"}, {"id": "1d36742e3f24f50e4e7ae828011880ee", "number": "2073388300", "date": "2021-01-22 12:49:00", "subject": "5", "recorded-or-robo": "Y", "city": "Belfast", "state": "ME", "area-code": "207"}, {"id": "1d36742e3f24f50e4e7ae828011877ff", "number": "7756389247", "date": "2021-01-22 13:44:00", "subject": "0", "recorded-or-robo": "Y", "city": "", "state": "CA", "area-code": "323"}, {"id": "e81c9350d54f66c6d33b3747eeac8fd7", "number": "3056021940", "date": "2021-01-22 20:35:57", "subject": "3", "recorded-or-robo": "Y", "city": "", "state": "FL", "area-code": "305"}, {"id": "1d36742e3f24f50e4e7ae8280141606d", "number": "3056021940", "date": "2021-01-22 20:35:57", "subject": "3", "recorded-or-robo": "Y", "city": "", "state": "FL", "area-code": "305"}, {"id": "e81c9350d54f66c6d33b3747eeac8f3a", "number": "6232282259", "date": "2021-01-22 20:35:52", "subject": "3", "recorded-or-robo": "Y", "city": "", "state": "AZ", "area-code": "623"}, {"id": "1d36742e3f24f50e4e7ae82801415373", "number": "6232282259", "date": "2021-01-22 20:35:52", "subject": "3", "recorded-or-robo": "Y", "city": "", "state": "AZ", "area-code": "623"}, {"id": "e81c9350d54f66c6d33b3747ee833ad2", "number": "2818246434", "date": "2021-01-21 10:27:00", "subject": "3", "recorded-or-robo": "", "city": "", "state": "TX", "area-code": "281"}, {"id": "1d36742e3f24f50e4e7ae8280118607a", "number": "2818246434", "date": "2021-01-21 10:27:00", "subject": "3", "recorded-or-robo": "", "city": "", "state": "TX", "area-code": "281"}, {"id": "e81c9350d54f66c6d33b3747eec70285", "number": "8143770886", "date": "2021-01-21 13:51:00", "subject": "3", "recorded-or-robo": "Y", "city": "", "state": "PA", "area-code": "814"}, {"id": "1d36742e3f24f50e4e7ae828015c5024", "number": "8143770886", "date": "2021-01-21 13:51:00", "subject": "3", "recorded-or-robo": "Y", "city": "", "state": "PA", "area-code": "814"}, {"id": "e81c9350d54f66c6d33b3747ee834402", "number": "2082310190", "date": "2017-01-22 15:23:00", "subject": "2", "recorded-or-robo": "Y", "city": "", "state": "NH", "area-code": "603"}, {"id": "1d36742e3f24f50e4e7ae82801186b8b", "number": "2082310190", "date": "2017-01-22 15:23:00", "subject": "2", "recorded-or-robo": "Y", "city": "", "state": "NH", "area-code": "603"}, {"id": "e81c9350d54f66c6d33b3747ee832cbf", "number": "6282615396", "date": "2021-01-22 17:30:00", "subject": "2", "recorded-or-robo": "Y", "city": "Rancho Cordova", "state": "CA", "area-code": "916"}, {"id": "1d36742e3f24f50e4e7ae828011855d7", "number": "6282615396", "date": "2021-01-22 17:30:00", "subject": "2", "recorded-or-robo": "Y", "city": "Rancho Cordova", "state": "CA", "area-code": "916"}, {"id": "e81c9350d54f66c6d33b3747ee832386", "number": "6306532626", "date": "2021-01-22 16:55:00", "subject": "2", "recorded-or-robo": "Y", "city": "WHEATON", "state": "IL", "area-code": "630"}, {"id": "1d36742e3f24f50e4e7ae82801184d15", "number": "6306532626", "date": "2021-01-22 16:55:00", "subject": "2", "recorded-or-robo": "Y", "city": "WHEATON", "state": "IL", "area-code": "630"}, {"id": "e81c9350d54f66c6d33b3747ee8321aa", "number": "6108908771", "date": "2021-01-22 15:47:00", "subject": "3", "recorded-or-robo": "Y", "city": "", "state": "PA", "area-code": "610"}, {"id": "1d36742e3f24f50e4e7ae82801184542", "number": "6108908771", "date": "2021-01-22 15:47:00", "subject": "3", "recorded-or-robo": "Y", "city": "", "state": "PA", "area-code": "610"}, {"id": "e81c9350d54f66c6d33b3747ee831947", "number": "2104749825", "date": "2021-01-18 16:28:00", "subject": "3", "recorded-or-robo": "N", "city": "", "state": "TX", "area-code": "210"}, {"id": "1d36742e3f24f50e4e7ae82801183864", "number": "2104749825", "date": "2021-01-18 16:28:00", "subject": "3", "recorded-or-robo": "N", "city": "", "state": "TX", "area-code": "210"}, {"id": "e81c9350d54f66c6d33b3747eeac3dad", "number": "6208948079", "date": "2021-01-22 20:34:49", "subject": "3", "recorded-or-robo": "Y", "city": "", "state": "IL", "area-code": "773"}, {"id": "1d36742e3f24f50e4e7ae8280141071c", "number": "6208948079", "date": "2021-01-22 20:34:49", "subject": "3", "recorded-or-robo": "Y", "city": "", "state": "IL", "area-code": "773"}, {"id": "e81c9350d54f66c6d33b3747ee82be75", "number": "7034249975", "date": "2021-01-22 09:01:00", "subject": "3", "recorded-or-robo": "N", "city": "", "state": "VA", "area-code": "703"}, {"id": "1d36742e3f24f50e4e7ae8280117ff5e", "number": "7034249975", "date": "2021-01-22 09:01:00", "subject": "3", "recorded-or-robo": "N", "city": "", "state": "VA", "area-code": "703"}, {"id": "e81c9350d54f66c6d33b3747ee82dd06", "number": "6302991548", "date": "2021-01-22 20:31:00", "subject": "3", "recorded-or-robo": "N", "city": "", "state": "IL", "area-code": "630"}, {"id": "1d36742e3f24f50e4e7ae82801180ea7", "number": "6302991548", "date": "2021-01-22 20:31:00", "subject": "3", "recorded-or-robo": "N", "city": "", "state": "IL", "area-code": "630"}, {"id": "e81c9350d54f66c6d33b3747ee830a49", "number": "8139555042", "date": "2021-01-22 19:53:00", "subject": "2", "recorded-or-robo": "Y", "city": "TAMPA", "state": "FL", "area-code": "813"}, {"id": "1d36742e3f24f50e4e7ae82801183743", "number": "8139555042", "date": "2021-01-22 19:53:00", "subject": "2", "recorded-or-robo": "Y", "city": "TAMPA", "state": "FL", "area-code": "813"}, {"id": "e81c9350d54f66c6d33b3747ee82fe3b", "number": "3523988311", "date": "2021-01-18 16:51:00", "subject": "2", "recorded-or-robo": "", "city": "Ocala", "state": "FL", "area-code": "352"}, {"id": "1d36742e3f24f50e4e7ae82801182e55", "number": "3523988311", "date": "2021-01-18 16:51:00", "subject": "2", "recorded-or-robo": "", "city": "Ocala", "state": "FL", "area-code": "352"}, {"id": "e81c9350d54f66c6d33b3747ee82f248", "number": "2103771192", "date": "2021-01-18 16:50:00", "subject": "3", "recorded-or-robo": "N", "city": "", "state": "TX", "area-code": "210"}, {"id": "1d36742e3f24f50e4e7ae82801182586", "number": "2103771192", "date": "2021-01-18 16:50:00", "subject": "3", "recorded-or-robo": "N", "city": "", "state": "TX", "area-code": "210"}, {"id": "e81c9350d54f66c6d33b3747ee82f1b1", "number": "6028066518", "date": "2021-01-22 16:26:00", "subject": "1", "recorded-or-robo": "Y", "city": "Tyler", "state": "TX", "area-code": "903"}, {"id": "1d36742e3f24f50e4e7ae82801181af0", "number": "6028066518", "date": "2021-01-22 16:26:00", "subject": "1", "recorded-or-robo": "Y", "city": "Tyler", "state": "TX", "area-code": "903"}, {"id": "e81c9350d54f66c6d33b3747eeac2725", "number": "5016791104", "date": "2021-01-22 20:33:56", "subject": "3", "recorded-or-robo": "Y", "city": "", "state": "CA", "area-code": "619"}, {"id": "1d36742e3f24f50e4e7ae8280140ee73", "number": "5016791104", "date": "2021-01-22 20:33:56", "subject": "3", "recorded-or-robo": "Y", "city": "", "state": "CA", "area-code": "619"}, {"id": "e81c9350d54f66c6d33b3747ee82e68f", "number": "6469078089", "date": "2021-01-22 18:20:00", "subject": "6", "recorded-or-robo": "Y", "city": "NEW YORK", "state": "NY", "area-code": "646"}, {"id": "1d36742e3f24f50e4e7ae828011815e8", "number": "6469078089", "date": "2021-01-22 18:20:00", "subject": "6", "recorded-or-robo": "Y", "city": "NEW YORK", "state": "NY", "area-code": "646"}, {"id": "e81c9350d54f66c6d33b3747eeac81cb", "number": "3144499025", "date": "2021-01-22 20:33:52", "subject": "3", "recorded-or-robo": "Y", "city": "", "state": "IL", "area-code": "217"}, {"id": "1d36742e3f24f50e4e7ae82801414ace", "number": "3144499025", "date": "2021-01-22 20:33:52", "subject": "3", "recorded-or-robo": "Y", "city": "", "state": "IL", "area-code": "217"}, {"id": "e81c9350d54f66c6d33b3747ee82cd4d", "number": "2073387769", "date": "2021-01-22 09:47:00", "subject": "4", "recorded-or-robo": "Y", "city": "Belfast", "state": "ME", "area-code": "207"}, {"id": "1d36742e3f24f50e4e7ae82801180608", "number": "2073387769", "date": "2021-01-22 09:47:00", "subject": "4", "recorded-or-robo": "Y", "city": "Belfast", "state": "ME", "area-code": "207"}, {"id": "e81c9350d54f66c6d33b3747ee82b339", "number": "8005435483", "date": "2021-01-19 13:30:00", "subject": "3", "recorded-or-robo": "N", "city": "", "state": "TX", "area-code": "210"}]}