{"data": [{"id": "1d36742e3f24f50e4e7ae828014c15e6", "number": "9015017070", "date": "2021-01-22 21:52:31", "subject": "3", "recorded-or-robo": "Y", "city": "", "state": "TN", "area-code": "423"}, {"id": "e81c9350d54f66c6d33b3747ee907af5", "number": "7043758510", "date": "2021-01-22 12:59:00", "subject": "2", "recorded-or-robo": "N", "city": "", "state": "MT", "area-code": "406"}, {"id": "1d36742e3f24f50e4e7ae8280125e6df", "number": "7043758510", "date": "2021-01-22 12:59:00", "subject": "2", "recorded-or-robo": "N", "city": "", "state": "MT", "area-code": "406"}, {"id": "e81c9350d54f66c6d33b3747eeb6fafc", "number": "8163271637", "date": "2021-01-22 21:52:09", "subject": "3", "recorded-or-robo": "Y", "city": "", "state": "TN", "area-code": "615"}, {"id": "1d36742e3f24f50e4e7ae828014bee02", "number": "8163271637", "date": "2021-01-22 21:52:09", "subject": "3", "recorded-or-robo": "Y", "city": "", "state": "TN", "area-code": "615"}, {"id": "e81c9350d54f66c6d33b3747eeb6d7f7", "number": "4075191467", "date": "2021-01-22 21:51:53", "subject": "3", "recorded-or-robo": "N", "city": "", "state": "FL", "area-code": "904"}, {"id": "1d36742e3f24f50e4e7ae828014bbcf1", "number": "4075191467", "date": "2021-01-22 21:51:53", "subject": "3", "recorded-or-robo": "N", "city": "", "state": "FL", "area-code": "904"}, {"id": "e81c9350d54f66c6d33b3747eeb75d63", "number": "+13365052066", "date": "2021-01-22 21:51:38", "subject": "3", "recorded-or-robo": "Y", "city": "", "state": "NC", "area-code": "336"}, {"id": "1d36742e3f24f50e4e7ae828014c5591", "number": "+13365052066", "date": "2021-01-22 21:51:38", "subject": "3", "recorded-or-robo": "Y", "city": "", "state": "NC", "area-code": "336"}, {"id": "e81c9350d54f66c6d33b3747ee907757", "number": "9524564983", "date": "2021-01-22 16:17:00", "subject": "1", "recorded-or-robo": "Y", "city": "Minneapolis", "state": "MN", "area-code": "952"}, {"id": "1d36742e3f24f50e4e7ae8280125dd90", "number": "9524564983", "date": "2021-01-22 16:17:00", "subject": "1", "recorded-or-robo": "Y", "city": "Minneapolis", "state": "MN", "area-code": "952"}, {"id": "e81c9350d54f66c6d33b3747ee906af8", "number": "", "date": "2021-01-21 09:00:00", "subject": "5", "recorded-or-robo": "Y", "city": "plainview", "state": "NY", "area-code": "516"}, {"id": "1d36742e3f24f50e4e7ae8280125d896", "number": "", "date": "2021-01-21 09:00:00", "subject": "5", "recorded-or-robo": "Y", "city": "plainview", "state": "NY", "area-code": "516"}, {"id": "e81c9350d54f66c6d33b3747eeb6e56c", "number": "+12142851657", "date": "2021-01-22 21:50:56", "subject": "3", "recorded-or-robo": "Y", "city": "", "state": "TX", "area-code": "214"}, {"id": "1d36742e3f24f50e4e7ae828014bcfa1", "number": "+12142851657", "date": "2021-01-22 21:50:56", "subject": "3", "recorded-or-robo": "Y", "city": "", "state": "TX", "area-code": "214"}, {"id": "e81c9350d54f66c6d33b3747eeb76020", "number": "7178840189", "date": "2021-01-22 21:50:50", "subject": "3", "recorded-or-robo": "Y", "city": "", "state": "PA", "area-code": "717"}, {"id": "1d36742e3f24f50e4e7ae828014c628a", "number": "7178840189", "date": "2021-01-22 21:50:50", "subject": "3", "recorded-or-robo": "Y", "city": "", "state": "PA", "area-code": "717"}, {"id": "e81c9350d54f66c6d33b3747eeb74479", "number": "+16053092009", "date": "2021-01-22 21:50:41", "subject": "3", "recorded-or-robo": "Y", "city": "", "state": "SD", "area-code": "605"}, {"id": "1d36742e3f24f50e4e7ae828014c24fb", "number": "+16053092009", "date": "2021-01-22 21:50:41", "subject": "3", "recorded-or-robo": "Y", "city": "", "state": "SD", "area-code": "605"}, {"id": "e81c9350d54f66c6d33b3747ee905e47", "number": "9284608835", "date": "2021-01-20 16:41:00", "subject": "3", "recorded-or-robo": "", "city": "", "state": "ID", "area-code": "208"}, {"id": "1d36742e3f24f50e4e7ae8280125ce2d", "number": "9284608835", "date": "2021-01-20 16:41:00", "subject": "3", "recorded-or-robo": "", "city": "", "state": "ID", "area-code": "208"}, {"id": "e81c9350d54f66c6d33b3747ee90619e", "number": "1243840313964", "date": "2021-01-22 20:00:00", "subject": "0", "recorded-or-robo": "Y", "city": "", "state": "IA", "area-code": "515"}, {"id": "1d36742e3f24f50e4e7ae8280125d4db", "number": "1243840313964", "date": "2021-01-22 20:00:00", "subject": "0", "recorded-or-robo": "Y", "city": "", "state": "IA", "area-code": "515"}, {"id": "e81c9350d54f66c6d33b3747ee905339", "number": "5162727076", "date": "2021-01-22 16:00:00", "subject": "5", "recorded-or-robo": "Y", "city": "plainview", "state": "NY", "area-code": "516"}, {"id": "1d36742e3f24f50e4e7ae8280125c95d", "number": "5162727076", "date": "2021-01-22 16:00:00", "subject": "5", "recorded-or-robo": "Y", "city": "plainview", "state": "NY", "area-code": "516"}, {"id": "e81c9350d54f66c6d33b3747ee905125", "number": "2134233818", "date": "2021-01-22 18:45:00", "subject": "3", "recorded-or-robo": "Y", "city": "", "state": "CA", "area-code": "213"}, {"id": "1d36742e3f24f50e4e7ae8280125bd00", "number": "2134233818", "date": "2021-01-22 18:45:00", "subject": "3", "recorded-or-robo": "Y", "city": "", "state": "CA", "area-code": "213"}, {"id": "e81c9350d54f66c6d33b3747eeb76c59", "number": "3462495006", "date": "2021-01-22 21:49:44", "subject": "3", "recorded-or-robo": "N", "city": "", "state": "TX", "area-code": "346"}, {"id": "1d36742e3f24f50e4e7ae828014c6432", "number": "3462495006", "date": "2021-01-22 21:49:44", "subject": "3", "recorded-or-robo": "N", "city": "", "state": "TX", "area-code": "346"}, {"id": "e81c9350d54f66c6d33b3747eeb759b0", "number": "+17275649935", "date": "2021-01-22 21:49:36", "subject": "3", "recorded-or-robo": "Y", "city": "", "state": "FL", "area-code": "727"}, {"id": "1d36742e3f24f50e4e7ae828014c4a16", "number": "+17275649935", "date": "2021-01-22 21:49:36", "subject": "3", "recorded-or-robo": "Y", "city": "", "state": "FL", "area-code": "727"}, {"id": "e81c9350d54f66c6d33b3747ee904355", "number": "9283925436", "date": "2021-01-22 19:33:00", "subject": "9", "recorded-or-robo": "Y", "city": "Chandler", "state": "AZ", "area-code": "928"}, {"id": "1d36742e3f24f50e4e7ae8280125bb2e", "number": "9283925436", "date": "2021-01-22 19:33:00", "subject": "9", "recorded-or-robo": "Y", "city": "Chandler", "state": "AZ", "area-code": "928"}, {"id": "e81c9350d54f66c6d33b3747eeb74c61", "number": "7146028975", "date": "2021-01-22 21:49:32", "subject": "3", "recorded-or-robo": "Y", "city": "", "state": "CA", "area-code": "714"}, {"id": "1d36742e3f24f50e4e7ae828014c3f66", "number": "7146028975", "date": "2021-01-22 21:49:32", "subject": "3", "recorded-or-robo": "Y", "city": "", "state": "CA", "area-code": "714"}, {"id": "e81c9350d54f66c6d33b3747eeb70d4b", "number": "7143120348", "date": "2021-01-22 21:49:15", "subject": "3", "recorded-or-robo": "Y", "city": "", "state": "CA", "area-code": "714"}, {"id": "1d36742e3f24f50e4e7ae828014bf16c", "number": "7143120348", "date": "2021-01-22 21:49:15", "subject": "3", "recorded-or-robo": "Y", "city": "", "state": "CA", "area-code": "714"}, {"id": "e81c9350d54f66c6d33b3747eeb6f3b6", "number": "+13323302177", "date": "2021-01-22 21:49:07", "subject": "3", "recorded-or-robo": "N", "city": "", "state": "NY", "area-code": "347"}, {"id": "1d36742e3f24f50e4e7ae828014be287", "number": "+13323302177", "date": "2021-01-22 21:49:07", "subject": "3", "recorded-or-robo": "N", "city": "", "state": "NY", "area-code": "347"}, {"id": "e81c9350d54f66c6d33b3747eeb72220", "number": "4014064366", "date": "2021-01-22 21:49:05", "subject": "3", "recorded-or-robo": "N", "city": "", "state": "RI", "area-code": "401"}, {"id": "1d36742e3f24f50e4e7ae828014c0f3f", "number": "4014064366", "date": "2021-01-22 21:49:05", "subject": "3", "recorded-or-robo": "N", "city": "", "state": "RI", "area-code": "401"}, {"id": "e81c9350d54f66c6d33b3747eeb6e607", "number": "7372493825", "date": "2021-01-22 21:49:04", "subject": "3", "recorded-or-robo": "Y", "city": "", "state": "TX", "area-code": "832"}, {"id": "1d36742e3f24f50e4e7ae828014bd793", "number": "7372493825", "date": "2021-01-22 21:49:04", "subject": "3", "recorded-or-robo": "Y", "city": "", "state": "TX", "area-code": "832"}, {"id": "e81c9350d54f66c6d33b3747ee903ba1", "number": "7722429920", "date": "2021-01-22 08:04:00", "subject": "2", "recorded-or-robo": "N", "city": "", "state": "FL", "area-code": "352"}, {"id": "1d36742e3f24f50e4e7ae8280125ba63", "number": "7722429920", "date": "2021-01-22 08:04:00", "subject": "2", "recorded-or-robo": "N", "city": "", "state": "FL", "area-code": "352"}, {"id": "e81c9350d54f66c6d33b3747eeb6ed87", "number": "7372493825", "date": "2021-01-22 21:48:41", "subject": "3", "recorded-or-robo": "Y", "city": "", "state": "TX", "area-code": "832"}, {"id": "1d36742e3f24f50e4e7ae828014bdd79", "number": "7372493825", "date": "2021-01-22 21:48:41", "subject": "3", "recorded-or-robo": "Y", "city": "", "state": "TX", "area-code": "832"}, {"id": "e81c9350d54f66c6d33b3747ee903707", "number": "2424366030", "date": "2021-01-22 20:43:00", "subject": "2", "recorded-or-robo": "Y", "city": "Madison", "state": "WI", "area-code": "608"}, {"id": "1d36742e3f24f50e4e7ae8280125afde", "number": "2424366030", "date": "2021-01-22 20:43:00", "subject": "2", "recorded-or-robo": "Y", "city": "Madison", "state": "WI", "area-code": "608"}, {"id": "e81c9350d54f66c6d33b3747eeb703c6", "number": "+18325163107", "date": "2021-01-22 21:48:07", "subject": "3", "recorded-or-robo": "Y", "city": "", "state": "TX", "area-code": "512"}]}