{"data": [{"id": "e81c9350d54f66c6d33b3747ee795107", "number": "6305091054", "date": "2021-01-22 12:29:00", "subject": "0", "recorded-or-robo": "Y", "city": "Downers Grove", "state": "IL", "area-code": "630"}, {"id": "1d36742e3f24f50e4e7ae828013dc42b", "number": "+16612159574", "date": "2021-01-22 19:56:19", "subject": "3", "recorded-or-robo": "Y", "city": "", "state": "CA", "area-code": "310"}, {"id": "1d36742e3f24f50e4e7ae828010df66c", "number": "6305091054", "date": "2021-01-22 12:29:00", "subject": "0", "recorded-or-robo": "Y", "city": "Downers Grove", "state": "IL", "area-code": "630"}, {"id": "e81c9350d54f66c6d33b3747ee794b42", "number": "8009888938", "date": "2021-01-22 12:20:00", "subject": "1", "recorded-or-robo": "Y", "city": "South Windsor", "state": "CT", "area-code": "732"}, {"id": "1d36742e3f24f50e4e7ae828010de9a8", "number": "8009888938", "date": "2021-01-22 12:20:00", "subject": "1", "recorded-or-robo": "Y", "city": "South Windsor", "state": "CT", "area-code": "732"}, {"id": "e81c9350d54f66c6d33b3747ee794640", "number": "9093033650", "date": "2021-01-22 16:52:00", "subject": "9", "recorded-or-robo": "Y", "city": "Culver City", "state": "CA", "area-code": "310"}, {"id": "1d36742e3f24f50e4e7ae828010de9a4", "number": "9093033650", "date": "2021-01-22 16:52:00", "subject": "9", "recorded-or-robo": "Y", "city": "Culver City", "state": "CA", "area-code": "310"}, {"id": "e81c9350d54f66c6d33b3747ee794041", "number": "8153121842", "date": "2021-01-15 15:52:00", "subject": "3", "recorded-or-robo": "Y", "city": "", "state": "AR", "area-code": "479"}, {"id": "e81c9350d54f66c6d33b3747ee793eec", "number": "5418408758", "date": "2021-01-12 16:46:00", "subject": "2", "recorded-or-robo": "Y", "city": "Medford", "state": "OR", "area-code": "541"}, {"id": "1d36742e3f24f50e4e7ae828010de418", "number": "8153121842", "date": "2021-01-15 15:52:00", "subject": "3", "recorded-or-robo": "Y", "city": "", "state": "AR", "area-code": "479"}, {"id": "1d36742e3f24f50e4e7ae828010de403", "number": "5418408758", "date": "2021-01-12 16:46:00", "subject": "2", "recorded-or-robo": "Y", "city": "Medford", "state": "OR", "area-code": "541"}, {"id": "e81c9350d54f66c6d33b3747ee7934d2", "number": "2126034173", "date": "2021-01-22 19:52:00", "subject": "2", "recorded-or-robo": "Y", "city": "", "state": "NY", "area-code": "212"}, {"id": "1d36742e3f24f50e4e7ae828010dda16", "number": "2126034173", "date": "2021-01-22 19:52:00", "subject": "2", "recorded-or-robo": "Y", "city": "", "state": "NY", "area-code": "212"}, {"id": "e81c9350d54f66c6d33b3747eea881ac", "number": "+13238250270", "date": "2021-01-22 19:56:06", "subject": "3", "recorded-or-robo": "N", "city": "", "state": "CA", "area-code": "323"}, {"id": "1d36742e3f24f50e4e7ae828013d8782", "number": "+13238250270", "date": "2021-01-22 19:56:06", "subject": "3", "recorded-or-robo": "N", "city": "", "state": "CA", "area-code": "323"}, {"id": "e81c9350d54f66c6d33b3747ee7933d0", "number": "9046157162", "date": "2021-01-22 18:07:00", "subject": "2", "recorded-or-robo": "", "city": "Jacksonville", "state": "FL", "area-code": "904"}, {"id": "1d36742e3f24f50e4e7ae828010dd6e6", "number": "9046157162", "date": "2021-01-22 18:07:00", "subject": "2", "recorded-or-robo": "", "city": "Jacksonville", "state": "FL", "area-code": "904"}, {"id": "e81c9350d54f66c6d33b3747ee7925a4", "number": "3183928024", "date": "2021-01-21 19:18:00", "subject": "0", "recorded-or-robo": "", "city": "Southampton", "state": "MA", "area-code": "413"}, {"id": "1d36742e3f24f50e4e7ae828010dd492", "number": "3183928024", "date": "2021-01-21 19:18:00", "subject": "0", "recorded-or-robo": "", "city": "Southampton", "state": "MA", "area-code": "413"}, {"id": "e81c9350d54f66c6d33b3747ee79231a", "number": "3302833818", "date": "2021-01-22 18:21:00", "subject": "1", "recorded-or-robo": "Y", "city": "", "state": "OH", "area-code": "330"}, {"id": "1d36742e3f24f50e4e7ae828010dd079", "number": "3302833818", "date": "2021-01-22 18:21:00", "subject": "1", "recorded-or-robo": "Y", "city": "", "state": "OH", "area-code": "330"}, {"id": "e81c9350d54f66c6d33b3747eea88b5e", "number": "8434094004", "date": "2021-01-22 19:55:49", "subject": "3", "recorded-or-robo": "Y", "city": "", "state": "TX", "area-code": "512"}, {"id": "e81c9350d54f66c6d33b3747ee79195a", "number": "9802949924", "date": "2021-01-22 11:00:00", "subject": "4", "recorded-or-robo": "N", "city": "Conover", "state": "NC", "area-code": "980"}, {"id": "1d36742e3f24f50e4e7ae828013d8c10", "number": "8434094004", "date": "2021-01-22 19:55:49", "subject": "3", "recorded-or-robo": "Y", "city": "", "state": "TX", "area-code": "512"}, {"id": "1d36742e3f24f50e4e7ae828010dc2d1", "number": "9802949924", "date": "2021-01-22 11:00:00", "subject": "4", "recorded-or-robo": "N", "city": "Conover", "state": "NC", "area-code": "980"}, {"id": "e81c9350d54f66c6d33b3747ee791895", "number": "9093167657", "date": "2021-01-22 16:52:00", "subject": "7", "recorded-or-robo": "N", "city": "San Dimas", "state": "CA", "area-code": "909"}, {"id": "1d36742e3f24f50e4e7ae828010db922", "number": "9093167657", "date": "2021-01-22 16:52:00", "subject": "7", "recorded-or-robo": "N", "city": "San Dimas", "state": "CA", "area-code": "909"}, {"id": "e81c9350d54f66c6d33b3747eea835a0", "number": "8589663660", "date": "2021-01-22 19:55:35", "subject": "3", "recorded-or-robo": "Y", "city": "", "state": "CA", "area-code": "562"}, {"id": "e81c9350d54f66c6d33b3747eea81e2a", "number": "+15595942629", "date": "2021-01-22 19:55:35", "subject": "3", "recorded-or-robo": "Y", "city": "", "state": "NM", "area-code": "505"}, {"id": "1d36742e3f24f50e4e7ae828013d1ffa", "number": "8589663660", "date": "2021-01-22 19:55:35", "subject": "3", "recorded-or-robo": "Y", "city": "", "state": "CA", "area-code": "562"}, {"id": "1d36742e3f24f50e4e7ae828013d0b41", "number": "+15595942629", "date": "2021-01-22 19:55:35", "subject": "3", "recorded-or-robo": "Y", "city": "", "state": "NM", "area-code": "505"}, {"id": "e81c9350d54f66c6d33b3747ee7912a3", "number": "121966349", "date": "2021-01-22 15:26:00", "subject": "2", "recorded-or-robo": "", "city": "Logansport", "state": "IN", "area-code": "574"}, {"id": "1d36742e3f24f50e4e7ae828010db6c8", "number": "121966349", "date": "2021-01-22 15:26:00", "subject": "2", "recorded-or-robo": "", "city": "Logansport", "state": "IN", "area-code": "574"}, {"id": "e81c9350d54f66c6d33b3747ee790611", "number": "2030060", "date": "2021-01-22 14:14:00", "subject": "0", "recorded-or-robo": "Y", "city": "Chocowinity", "state": "NC", "area-code": "252"}, {"id": "1d36742e3f24f50e4e7ae828010db5fe", "number": "2030060", "date": "2021-01-22 14:14:00", "subject": "0", "recorded-or-robo": "Y", "city": "Chocowinity", "state": "NC", "area-code": "252"}, {"id": "e81c9350d54f66c6d33b3747ee78f8fb", "number": "9042588210", "date": "2021-01-22 11:13:00", "subject": "2", "recorded-or-robo": "", "city": "Jacksonville", "state": "FL", "area-code": "904"}, {"id": "1d36742e3f24f50e4e7ae828010da7f7", "number": "9042588210", "date": "2021-01-22 11:13:00", "subject": "2", "recorded-or-robo": "", "city": "Jacksonville", "state": "FL", "area-code": "904"}, {"id": "e81c9350d54f66c6d33b3747ee78ea39", "number": "7273376471", "date": "2020-12-01 11:52:00", "subject": "15", "recorded-or-robo": "N", "city": "", "state": "VA", "area-code": "757"}, {"id": "1d36742e3f24f50e4e7ae828010d9f85", "number": "7273376471", "date": "2020-12-01 11:52:00", "subject": "15", "recorded-or-robo": "N", "city": "", "state": "VA", "area-code": "757"}, {"id": "e81c9350d54f66c6d33b3747ee78e45d", "number": "5418407365", "date": "2021-01-13 08:32:00", "subject": "2", "recorded-or-robo": "Y", "city": "Medford", "state": "OR", "area-code": "541"}, {"id": "1d36742e3f24f50e4e7ae828010d9d0f", "number": "5418407365", "date": "2021-01-13 08:32:00", "subject": "2", "recorded-or-robo": "Y", "city": "Medford", "state": "OR", "area-code": "541"}, {"id": "e81c9350d54f66c6d33b3747ee78e2f9", "number": "7082278317", "date": "2021-01-22 18:48:00", "subject": "0", "recorded-or-robo": "", "city": "Monee", "state": "IL", "area-code": "708"}, {"id": "1d36742e3f24f50e4e7ae828010d9051", "number": "7082278317", "date": "2021-01-22 18:48:00", "subject": "0", "recorded-or-robo": "", "city": "Monee", "state": "IL", "area-code": "708"}, {"id": "e81c9350d54f66c6d33b3747ee78d80f", "number": "4133861064", "date": "2021-01-21 18:31:00", "subject": "0", "recorded-or-robo": "", "city": "Southampton", "state": "MA", "area-code": "413"}, {"id": "1d36742e3f24f50e4e7ae828010d8687", "number": "4133861064", "date": "2021-01-21 18:31:00", "subject": "0", "recorded-or-robo": "", "city": "Southampton", "state": "MA", "area-code": "413"}, {"id": "e81c9350d54f66c6d33b3747ee78cf26", "number": "7406477074", "date": "2021-01-22 19:45:00", "subject": "2", "recorded-or-robo": "Y", "city": "Steubenville", "state": "OH", "area-code": "740"}, {"id": "1d36742e3f24f50e4e7ae828010d7cf6", "number": "7406477074", "date": "2021-01-22 19:45:00", "subject": "2", "recorded-or-robo": "Y", "city": "Steubenville", "state": "OH", "area-code": "740"}, {"id": "e81c9350d54f66c6d33b3747ee78ca63", "number": "5107262375", "date": "2021-01-22 17:39:00", "subject": "3", "recorded-or-robo": "N", "city": "LAKEWOOD", "state": "CO", "area-code": "303"}, {"id": "1d36742e3f24f50e4e7ae828010d746d", "number": "5107262375", "date": "2021-01-22 17:39:00", "subject": "3", "recorded-or-robo": "N", "city": "LAKEWOOD", "state": "CO", "area-code": "303"}, {"id": "e81c9350d54f66c6d33b3747eea89d23", "number": "4153573116", "date": "2021-01-22 19:54:59", "subject": "3", "recorded-or-robo": "Y", "city": "", "state": "FL", "area-code": "850"}]}