{"data": [{"id": "490dde24b259add1335244cd1b3a1560", "number": "9732209263", "date": "2021-01-26 11:42:00", "subject": "5", "recorded-or-robo": "Y", "city": "West Orange", "state": "NJ", "area-code": "973"}, {"id": "490dde24b259add1335244cd1b3a0ac9", "number": "3234103828", "date": "2020-12-31 15:53:00", "subject": "12", "recorded-or-robo": "N", "city": "Riverside", "state": "CA", "area-code": "951"}, {"id": "490dde24b259add1335244cd1b3a0801", "number": "8669824108", "date": "2021-01-18 13:19:00", "subject": "6", "recorded-or-robo": "N", "city": "Sugar land", "state": "TX", "area-code": "832"}, {"id": "490dde24b259add1335244cd1b38fc03", "number": "7734635315", "date": "2021-01-26 10:07:00", "subject": "3", "recorded-or-robo": "N", "city": "", "state": "IL", "area-code": "773"}, {"id": "490dde24b259add1335244cd1b3a0305", "number": "6205295006", "date": "2021-01-26 10:43:00", "subject": "4", "recorded-or-robo": "Y", "city": "San Antonio", "state": "TX", "area-code": "210"}, {"id": "490dde24b259add1335244cd1b39f466", "number": "9193724666", "date": "2021-01-26 09:50:00", "subject": "2", "recorded-or-robo": "Y", "city": "", "state": "MO", "area-code": "636"}, {"id": "490dde24b259add1335244cd1b39ef5b", "number": "4052355329", "date": "2021-01-26 10:42:00", "subject": "6", "recorded-or-robo": "Y", "city": "Piedmont", "state": "OK", "area-code": "405"}, {"id": "490dde24b259add1335244cd1b39df94", "number": "4193301468", "date": "2021-01-26 11:45:00", "subject": "2", "recorded-or-robo": "Y", "city": "Minster", "state": "OH", "area-code": "419"}, {"id": "490dde24b259add1335244cd1b39d86d", "number": "9133468139", "date": "2021-01-26 10:44:00", "subject": "4", "recorded-or-robo": "Y", "city": "", "state": "KS", "area-code": "913"}, {"id": "490dde24b259add1335244cd1b39d244", "number": "9702892060", "date": "2021-01-26 08:30:00", "subject": "4", "recorded-or-robo": "Y", "city": "Grand Junction", "state": "CO", "area-code": "970"}, {"id": "490dde24b259add1335244cd1b39d0d3", "number": "8126709601", "date": "2021-01-26 06:39:00", "subject": "1", "recorded-or-robo": "Y", "city": "", "state": "IN", "area-code": "812"}, {"id": "490dde24b259add1335244cd1b39c696", "number": "7319078325", "date": "2021-01-26 00:00:00", "subject": "4", "recorded-or-robo": "Y", "city": "Leesburg", "state": "GA", "area-code": "229"}, {"id": "490dde24b259add1335244cd1b39c594", "number": "4406369344", "date": "2021-01-26 11:43:00", "subject": "0", "recorded-or-robo": "Y", "city": "Mayfield Heights", "state": "OH", "area-code": "440"}, {"id": "490dde24b259add1335244cd1b39b8b3", "number": "8605781224", "date": "2021-01-26 11:44:00", "subject": "7", "recorded-or-robo": "N", "city": "", "state": "CT", "area-code": "860"}, {"id": "490dde24b259add1335244cd1b39b1ad", "number": "9728483744", "date": "2021-01-26 10:42:00", "subject": "12", "recorded-or-robo": "Y", "city": "", "state": "TX", "area-code": "972"}, {"id": "490dde24b259add1335244cd1b39afaf", "number": "9546809597", "date": "2021-01-26 11:26:00", "subject": "4", "recorded-or-robo": "Y", "city": "Fort Myers Beach", "state": "FL", "area-code": "239"}, {"id": "490dde24b259add1335244cd1b39ab27", "number": "", "date": "2021-01-26 07:00:00", "subject": "4", "recorded-or-robo": "Y", "city": "Oxnard", "state": "CA", "area-code": "805"}, {"id": "490dde24b259add1335244cd1b39a2c3", "number": "8503930602", "date": "2021-01-25 23:19:00", "subject": "4", "recorded-or-robo": "N", "city": "Pace", "state": "FL", "area-code": "850"}, {"id": "490dde24b259add1335244cd1b399778", "number": "3364771351", "date": "2021-01-11 11:13:00", "subject": "16", "recorded-or-robo": "Y", "city": "High Point", "state": "NC", "area-code": "336"}, {"id": "490dde24b259add1335244cd1b39887f", "number": "6054506138", "date": "2021-01-04 10:26:00", "subject": "4", "recorded-or-robo": "Y", "city": "Epping", "state": "ND", "area-code": "605"}, {"id": "490dde24b259add1335244cd1b3979e5", "number": "9103485727", "date": "2021-01-26 10:29:00", "subject": "2", "recorded-or-robo": "Y", "city": "", "state": "MO", "area-code": "636"}, {"id": "490dde24b259add1335244cd1b396a6a", "number": "2566377026", "date": "2021-01-26 10:04:00", "subject": "4", "recorded-or-robo": "Y", "city": "Jacksonville", "state": "AL", "area-code": "256"}, {"id": "490dde24b259add1335244cd1b3966f7", "number": "", "date": "2021-01-26 00:00:00", "subject": "3", "recorded-or-robo": "Y", "city": "", "state": "NY", "area-code": "845"}, {"id": "490dde24b259add1335244cd1b395ab3", "number": "5595506631", "date": "2021-01-26 08:30:00", "subject": "8", "recorded-or-robo": "N", "city": "Los Angeles", "state": "CA", "area-code": "424"}, {"id": "490dde24b259add1335244cd1b394eee", "number": "3023268494", "date": "2021-01-25 15:10:00", "subject": "0", "recorded-or-robo": "", "city": "new castle", "state": "DE", "area-code": "302"}, {"id": "490dde24b259add1335244cd1b38acd2", "number": "2405580490", "date": "2021-01-25 11:29:00", "subject": "3", "recorded-or-robo": "", "city": "", "state": "NM", "area-code": "505"}, {"id": "490dde24b259add1335244cd1b393f2c", "number": "8023929882", "date": "2021-01-26 11:37:00", "subject": "4", "recorded-or-robo": "N", "city": "St. Albans Bay", "state": "VT", "area-code": "802"}, {"id": "490dde24b259add1335244cd1b3931b2", "number": "2247141391", "date": "2021-01-26 11:39:00", "subject": "4", "recorded-or-robo": "Y", "city": "Raleigh", "state": "NC", "area-code": "224"}, {"id": "490dde24b259add1335244cd1b392c69", "number": "9853132011", "date": "2021-01-26 10:41:00", "subject": "4", "recorded-or-robo": "Y", "city": "Winnetka", "state": "IL", "area-code": "847"}, {"id": "490dde24b259add1335244cd1b38b7f9", "number": "6364864597", "date": "2020-01-26 11:42:00", "subject": "3", "recorded-or-robo": "", "city": "", "state": "NC", "area-code": "910"}, {"id": "490dde24b259add1335244cd1b392406", "number": "5075700290", "date": "2021-01-26 10:14:00", "subject": "2", "recorded-or-robo": "Y", "city": "Hayward", "state": "MN", "area-code": "218"}, {"id": "490dde24b259add1335244cd1b39141f", "number": "", "date": "2021-01-25 13:05:00", "subject": "3", "recorded-or-robo": "Y", "city": "Okc", "state": "OK", "area-code": "470"}, {"id": "490dde24b259add1335244cd1b38ffe3", "number": "9403083009", "date": "2021-01-26 10:40:00", "subject": "2", "recorded-or-robo": "N", "city": "", "state": "TX", "area-code": "940"}, {"id": "490dde24b259add1335244cd1b38ee4f", "number": "7162574884", "date": "2021-01-26 11:42:00", "subject": "1", "recorded-or-robo": "N", "city": "", "state": "NY", "area-code": "716"}, {"id": "490dde24b259add1335244cd1b38e56e", "number": "2029982908", "date": "2021-01-25 15:23:00", "subject": "0", "recorded-or-robo": "", "city": "", "state": "CA", "area-code": "530"}, {"id": "490dde24b259add1335244cd1b38d6d8", "number": "9544197992", "date": "2021-01-26 11:43:00", "subject": "0", "recorded-or-robo": "Y", "city": "Miramar", "state": "FL", "area-code": "954"}, {"id": "490dde24b259add1335244cd1b38d443", "number": "9724763584", "date": "2021-01-26 10:40:00", "subject": "4", "recorded-or-robo": "Y", "city": "Point", "state": "TX", "area-code": "972"}, {"id": "490dde24b259add1335244cd1b38d1b1", "number": "9724763667", "date": "2021-01-26 10:43:00", "subject": "4", "recorded-or-robo": "Y", "city": "Kansas City", "state": "MO", "area-code": "972"}, {"id": "490dde24b259add1335244cd1b38ba8a", "number": "5177619495", "date": "2021-01-26 11:21:00", "subject": "3", "recorded-or-robo": "", "city": "", "state": "MI", "area-code": "517"}, {"id": "490dde24b259add1335244cd1b38cc39", "number": "8332297966", "date": "2021-01-21 17:31:00", "subject": "2", "recorded-or-robo": "Y", "city": "Mooresville", "state": "IN", "area-code": "317"}, {"id": "490dde24b259add1335244cd1b38c9c3", "number": "9842559862", "date": "2021-01-26 10:40:00", "subject": "2", "recorded-or-robo": "Y", "city": "", "state": "MO", "area-code": "636"}, {"id": "490dde24b259add1335244cd1b38a927", "number": "6196390251", "date": "2021-01-25 16:21:00", "subject": "5", "recorded-or-robo": "Y", "city": "", "state": "CA", "area-code": "858"}, {"id": "490dde24b259add1335244cd1b389c5a", "number": "9727824452", "date": "2021-01-26 10:40:00", "subject": "11", "recorded-or-robo": "Y", "city": "Plano", "state": "TX", "area-code": "972"}, {"id": "490dde24b259add1335244cd1b3894b1", "number": "8477556651", "date": "2021-01-26 10:40:00", "subject": "2", "recorded-or-robo": "Y", "city": "Arlington Heights", "state": "IL", "area-code": "847"}, {"id": "490dde24b259add1335244cd1b389142", "number": "", "date": "2021-01-26 20:44:00", "subject": "1", "recorded-or-robo": "Y", "city": "", "state": "WA", "area-code": "360"}, {"id": "490dde24b259add1335244cd1b388c87", "number": "6788156440", "date": "2021-01-26 11:36:00", "subject": "1", "recorded-or-robo": "Y", "city": "Atlanta", "state": "GA", "area-code": "678"}, {"id": "490dde24b259add1335244cd1b3880a7", "number": "9728556247", "date": "2021-01-26 08:43:00", "subject": "4", "recorded-or-robo": "Y", "city": "Santa Ana", "state": "CA", "area-code": "512"}, {"id": "490dde24b259add1335244cd1b38740d", "number": "7027071426", "date": "2021-01-26 08:38:00", "subject": "4", "recorded-or-robo": "Y", "city": "Las Vegas", "state": "NV", "area-code": "702"}, {"id": "490dde24b259add1335244cd1b386af2", "number": "3369141437", "date": "2021-01-06 11:18:00", "subject": "16", "recorded-or-robo": "Y", "city": "High Point", "state": "NC", "area-code": "336"}, {"id": "490dde24b259add1335244cd1b3867e6", "number": "6205295006", "date": "2021-01-26 10:41:00", "subject": "4", "recorded-or-robo": "Y", "city": "San Antonio", "state": "TX", "area-code": "210"}]}