{"data": [{"id": "490dde24b259add1335244cd1b6e07ed", "number": "7038447394", "date": "2021-01-26 12:27:00", "subject": "2", "recorded-or-robo": "N", "city": "Waynesboro", "state": "VA", "area-code": "703"}, {"id": "490dde24b259add1335244cd1b6dfcc4", "number": "", "date": "2021-01-26 12:00:00", "subject": "2", "recorded-or-robo": "Y", "city": "Eddy TX", "state": "TX", "area-code": "254"}, {"id": "490dde24b259add1335244cd1b6dfbe0", "number": "7123237258", "date": "2021-01-26 11:45:00", "subject": "2", "recorded-or-robo": "Y", "city": "", "state": "IA", "area-code": "712"}, {"id": "490dde24b259add1335244cd1b6dec8f", "number": "9804231096", "date": "2021-01-25 20:49:00", "subject": "2", "recorded-or-robo": "", "city": "Fort Lupton", "state": "CO", "area-code": "303"}, {"id": "490dde24b259add1335244cd1b6deb6b", "number": "5104623365", "date": "2021-01-26 11:35:00", "subject": "1", "recorded-or-robo": "Y", "city": "", "state": "FL", "area-code": "850"}, {"id": "490dde24b259add1335244cd1b6deaba", "number": "7038447086", "date": "2021-01-26 11:49:00", "subject": "4", "recorded-or-robo": "Y", "city": "Lorton", "state": "VA", "area-code": "703"}, {"id": "490dde24b259add1335244cd1b6de32d", "number": "2317439558", "date": "2021-01-18 18:08:00", "subject": "2", "recorded-or-robo": "Y", "city": "Traverse City", "state": "MI", "area-code": "231"}, {"id": "490dde24b259add1335244cd1b6de019", "number": "2694684921", "date": "2021-01-25 10:48:00", "subject": "2", "recorded-or-robo": "Y", "city": "", "state": "NV", "area-code": "702"}, {"id": "490dde24b259add1335244cd1b6ddf82", "number": "7274918535", "date": "2020-12-23 13:46:00", "subject": "3", "recorded-or-robo": "", "city": "Lebanon", "state": "FL", "area-code": "727"}, {"id": "490dde24b259add1335244cd1b6ddb0f", "number": "7088346789", "date": "2021-01-25 09:30:00", "subject": "6", "recorded-or-robo": "Y", "city": "", "state": "IL", "area-code": "708"}, {"id": "490dde24b259add1335244cd1b6dd3b8", "number": "3213538324", "date": "2021-01-25 13:42:00", "subject": "2", "recorded-or-robo": "Y", "city": "LAND O LAKES", "state": "FL", "area-code": "813"}, {"id": "490dde24b259add1335244cd1b6dc345", "number": "2082285140", "date": "2021-01-26 11:46:00", "subject": "6", "recorded-or-robo": "N", "city": "", "state": "ID", "area-code": "208"}, {"id": "490dde24b259add1335244cd1b6dc33c", "number": "2089242912", "date": "2021-01-26 10:34:00", "subject": "4", "recorded-or-robo": "Y", "city": "Nampa", "state": "ID", "area-code": "208"}, {"id": "490dde24b259add1335244cd1b6dc112", "number": "9549940968", "date": "2021-01-21 17:39:00", "subject": "4", "recorded-or-robo": "Y", "city": "", "state": "FL", "area-code": "813"}, {"id": "490dde24b259add1335244cd1b6db636", "number": "8665861056", "date": "2021-01-26 09:35:00", "subject": "2", "recorded-or-robo": "Y", "city": "", "state": "CA", "area-code": "949"}, {"id": "490dde24b259add1335244cd1b6da974", "number": "8332297979", "date": "2021-01-26 11:15:00", "subject": "6", "recorded-or-robo": "N", "city": "Madison", "state": "AL", "area-code": "256"}, {"id": "490dde24b259add1335244cd1b6da741", "number": "7029506424", "date": "2021-01-26 09:46:00", "subject": "9", "recorded-or-robo": "Y", "city": "", "state": "NV", "area-code": "702"}, {"id": "490dde24b259add1335244cd1b6da132", "number": "5305775868", "date": "2021-01-26 07:30:00", "subject": "4", "recorded-or-robo": "Y", "city": "South Lake Tahoe", "state": "CA", "area-code": "310"}, {"id": "490dde24b259add1335244cd1b6d9390", "number": "8009918708", "date": "2021-01-26 12:48:00", "subject": "5", "recorded-or-robo": "Y", "city": "mount carmel", "state": "PA", "area-code": "570"}, {"id": "490dde24b259add1335244cd1b6d86a0", "number": "7027279511", "date": "2021-01-26 09:42:00", "subject": "5", "recorded-or-robo": "Y", "city": "", "state": "NV", "area-code": "702"}, {"id": "490dde24b259add1335244cd1b6d7a18", "number": "9196957071", "date": "2021-01-26 12:43:00", "subject": "1", "recorded-or-robo": "Y", "city": "Morrisville", "state": "NC", "area-code": "919"}, {"id": "490dde24b259add1335244cd1b6d747a", "number": "8598139791", "date": "2021-01-26 12:42:00", "subject": "6", "recorded-or-robo": "N", "city": "Warrenton", "state": "VA", "area-code": "540"}, {"id": "490dde24b259add1335244cd1b6d65d3", "number": "2319443781", "date": "2021-01-19 10:20:00", "subject": "2", "recorded-or-robo": "Y", "city": "Traverse City", "state": "MI", "area-code": "231"}, {"id": "490dde24b259add1335244cd1b6d5aed", "number": "5123866304", "date": "2021-01-26 11:45:00", "subject": "0", "recorded-or-robo": "N", "city": "Round Rock", "state": "TX", "area-code": "512"}, {"id": "490dde24b259add1335244cd1b6d582d", "number": "7073408286", "date": "2021-01-26 09:46:00", "subject": "0", "recorded-or-robo": "Y", "city": "Glen Ellen", "state": "CA", "area-code": "707"}, {"id": "490dde24b259add1335244cd1b6d53eb", "number": "6123920791", "date": "2021-01-26 11:37:00", "subject": "2", "recorded-or-robo": "Y", "city": "Grand Rapids", "state": "MN", "area-code": "612"}, {"id": "490dde24b259add1335244cd1b6d51d6", "number": "2208427887", "date": "2021-01-25 14:00:00", "subject": "4", "recorded-or-robo": "Y", "city": "", "state": "OH", "area-code": "513"}, {"id": "490dde24b259add1335244cd1b6d4f73", "number": "4709466158", "date": "2021-01-26 12:36:00", "subject": "4", "recorded-or-robo": "Y", "city": "Lawrenceville", "state": "GA", "area-code": "470"}, {"id": "490dde24b259add1335244cd1b6d4498", "number": "7275630798", "date": "2020-12-26 09:25:00", "subject": "3", "recorded-or-robo": "", "city": "Lebanon", "state": "FL", "area-code": "727"}, {"id": "490dde24b259add1335244cd1b6d3f56", "number": "7759810640", "date": "2021-01-26 19:26:00", "subject": "2", "recorded-or-robo": "Y", "city": "", "state": "NV", "area-code": "702"}, {"id": "490dde24b259add1335244cd1b6c18bf", "number": "8475970544", "date": "2021-01-26 12:37:00", "subject": "3", "recorded-or-robo": "N", "city": "", "state": "NY", "area-code": "585"}, {"id": "490dde24b259add1335244cd1b6d3029", "number": "6812017075", "date": "2021-01-15 15:18:00", "subject": "2", "recorded-or-robo": "N", "city": "", "state": "WV", "area-code": "304"}, {"id": "490dde24b259add1335244cd1b6d27e0", "number": "9192968475", "date": "2021-01-26 09:05:00", "subject": "6", "recorded-or-robo": "Y", "city": "durham", "state": "NC", "area-code": "919"}, {"id": "490dde24b259add1335244cd1b6d2282", "number": "", "date": "2021-01-26 12:44:00", "subject": "1", "recorded-or-robo": "Y", "city": "Towson", "state": "MD", "area-code": "410"}, {"id": "490dde24b259add1335244cd1b6d2157", "number": "7045967638", "date": "2021-01-25 16:30:00", "subject": "3", "recorded-or-robo": "N", "city": "BERLIN", "state": "WI", "area-code": "920"}, {"id": "490dde24b259add1335244cd1b6d1463", "number": "", "date": "2021-01-26 01:37:00", "subject": "2", "recorded-or-robo": "Y", "city": "Champaign", "state": "IL", "area-code": "812"}, {"id": "490dde24b259add1335244cd1b6d095c", "number": "3029663985", "date": "2021-01-19 10:53:00", "subject": "2", "recorded-or-robo": "Y", "city": "Traverse City", "state": "MI", "area-code": "231"}, {"id": "490dde24b259add1335244cd1b6d0681", "number": "2678175452", "date": "2021-01-26 11:14:00", "subject": "1", "recorded-or-robo": "Y", "city": "Davenport", "state": "IA", "area-code": "563"}, {"id": "490dde24b259add1335244cd1b6d02aa", "number": "8448590010", "date": "2021-01-26 00:42:00", "subject": "2", "recorded-or-robo": "Y", "city": "", "state": "FL", "area-code": "850"}, {"id": "490dde24b259add1335244cd1b6cf311", "number": "7196620186", "date": "2021-01-26 11:37:00", "subject": "0", "recorded-or-robo": "Y", "city": "", "state": "VA", "area-code": "757"}, {"id": "490dde24b259add1335244cd1b6cee5a", "number": "2405637668", "date": "2021-01-26 11:42:00", "subject": "2", "recorded-or-robo": "Y", "city": "MS", "state": "MS", "area-code": "662"}, {"id": "490dde24b259add1335244cd1b6ce717", "number": "3025241543", "date": "2021-01-26 12:41:00", "subject": "2", "recorded-or-robo": "Y", "city": "Rockland", "state": "DE", "area-code": "302"}, {"id": "490dde24b259add1335244cd1b6cdfcf", "number": "", "date": "2021-01-26 12:46:00", "subject": "1", "recorded-or-robo": "Y", "city": "Mechanicsville", "state": "VA", "area-code": "804"}, {"id": "490dde24b259add1335244cd1b6cd7da", "number": "2089242912", "date": "2021-01-26 09:14:00", "subject": "4", "recorded-or-robo": "Y", "city": "Nampa", "state": "ID", "area-code": "208"}, {"id": "490dde24b259add1335244cd1b6cce44", "number": "9096523443", "date": "2021-01-26 09:45:00", "subject": "2", "recorded-or-robo": "Y", "city": "Garden Grove", "state": "CA", "area-code": "714"}, {"id": "490dde24b259add1335244cd1b6cccf6", "number": "8332322861", "date": "2021-01-26 11:45:00", "subject": "6", "recorded-or-robo": "N", "city": "Madison", "state": "AL", "area-code": "256"}, {"id": "490dde24b259add1335244cd1b6cca04", "number": "7027278404", "date": "2021-01-26 09:06:00", "subject": "5", "recorded-or-robo": "Y", "city": "", "state": "NV", "area-code": "702"}, {"id": "490dde24b259add1335244cd1b6caa42", "number": "", "date": "2021-01-26 09:01:00", "subject": "3", "recorded-or-robo": "N", "city": "", "state": "GA", "area-code": "478"}, {"id": "490dde24b259add1335244cd1b6cbcd4", "number": "5309496712", "date": "2021-01-26 07:25:00", "subject": "2", "recorded-or-robo": "N", "city": "Redding", "state": "CA", "area-code": "530"}, {"id": "490dde24b259add1335244cd1b6cb956", "number": "2405639894", "date": "2021-01-26 12:20:00", "subject": "5", "recorded-or-robo": "Y", "city": "Herndon", "state": "VA", "area-code": "607"}]}