{"data": [{"id": "1d36742e3f24f50e4e7ae828010ebdfa", "number": "7736270197", "date": "2021-01-22 16:00:00", "subject": "3", "recorded-or-robo": "Y", "city": "", "state": "IL", "area-code": "773"}, {"id": "e81c9350d54f66c6d33b3747eea9724d", "number": "5416252628", "date": "2021-01-22 20:00:01", "subject": "3", "recorded-or-robo": "Y", "city": "", "state": "OR", "area-code": "541"}, {"id": "1d36742e3f24f50e4e7ae828013e6fad", "number": "5416252628", "date": "2021-01-22 20:00:01", "subject": "3", "recorded-or-robo": "Y", "city": "", "state": "OR", "area-code": "541"}, {"id": "e81c9350d54f66c6d33b3747ee7a2333", "number": "3317753447", "date": "2021-01-22 09:35:00", "subject": "0", "recorded-or-robo": "Y", "city": "Downers Grove", "state": "IL", "area-code": "630"}, {"id": "1d36742e3f24f50e4e7ae828010ebcdc", "number": "3317753447", "date": "2021-01-22 09:35:00", "subject": "0", "recorded-or-robo": "Y", "city": "Downers Grove", "state": "IL", "area-code": "630"}, {"id": "e81c9350d54f66c6d33b3747ee7a18d3", "number": "6463780795", "date": "2021-01-22 17:55:00", "subject": "0", "recorded-or-robo": "", "city": "", "state": "CO", "area-code": "720"}, {"id": "1d36742e3f24f50e4e7ae828010ebbb2", "number": "6463780795", "date": "2021-01-22 17:55:00", "subject": "0", "recorded-or-robo": "", "city": "", "state": "CO", "area-code": "720"}, {"id": "e81c9350d54f66c6d33b3747eea865cf", "number": "6105907070", "date": "2021-01-22 19:59:25", "subject": "3", "recorded-or-robo": "Y", "city": "", "state": "PA", "area-code": "610"}, {"id": "1d36742e3f24f50e4e7ae828013d48ab", "number": "6105907070", "date": "2021-01-22 19:59:25", "subject": "3", "recorded-or-robo": "Y", "city": "", "state": "PA", "area-code": "610"}, {"id": "e81c9350d54f66c6d33b3747ee7a14aa", "number": "7733459200", "date": "2021-01-21 10:00:00", "subject": "3", "recorded-or-robo": "Y", "city": "", "state": "IL", "area-code": "773"}, {"id": "1d36742e3f24f50e4e7ae828010ebb2f", "number": "7733459200", "date": "2021-01-21 10:00:00", "subject": "3", "recorded-or-robo": "Y", "city": "", "state": "IL", "area-code": "773"}, {"id": "e81c9350d54f66c6d33b3747ee7a0687", "number": "7086599589", "date": "2021-01-22 15:01:00", "subject": "1", "recorded-or-robo": "Y", "city": "Elmwood Park", "state": "IL", "area-code": "708"}, {"id": "1d36742e3f24f50e4e7ae828010eb4da", "number": "7086599589", "date": "2021-01-22 15:01:00", "subject": "1", "recorded-or-robo": "Y", "city": "Elmwood Park", "state": "IL", "area-code": "708"}, {"id": "e81c9350d54f66c6d33b3747eea880ff", "number": "+17472653579", "date": "2021-01-22 19:59:21", "subject": "3", "recorded-or-robo": "Y", "city": "", "state": "CA", "area-code": "949"}, {"id": "e81c9350d54f66c6d33b3747ee79fce5", "number": "2221066", "date": "2021-01-22 19:56:00", "subject": "2", "recorded-or-robo": "N", "city": "Live Oak", "state": "FL", "area-code": "386"}, {"id": "1d36742e3f24f50e4e7ae828013d718a", "number": "+17472653579", "date": "2021-01-22 19:59:21", "subject": "3", "recorded-or-robo": "Y", "city": "", "state": "CA", "area-code": "949"}, {"id": "1d36742e3f24f50e4e7ae828010eb190", "number": "2221066", "date": "2021-01-22 19:56:00", "subject": "2", "recorded-or-robo": "N", "city": "Live Oak", "state": "FL", "area-code": "386"}, {"id": "e81c9350d54f66c6d33b3747eea881a7", "number": "+15106752548", "date": "2021-01-22 19:59:19", "subject": "3", "recorded-or-robo": "Y", "city": "", "state": "CA", "area-code": "323"}, {"id": "e81c9350d54f66c6d33b3747ee79fbef", "number": "4133862907", "date": "2021-01-22 14:15:00", "subject": "0", "recorded-or-robo": "", "city": "Southampton", "state": "MA", "area-code": "413"}, {"id": "1d36742e3f24f50e4e7ae828013d7e3e", "number": "+15106752548", "date": "2021-01-22 19:59:19", "subject": "3", "recorded-or-robo": "Y", "city": "", "state": "CA", "area-code": "323"}, {"id": "1d36742e3f24f50e4e7ae828010eafed", "number": "4133862907", "date": "2021-01-22 14:15:00", "subject": "0", "recorded-or-robo": "", "city": "Southampton", "state": "MA", "area-code": "413"}, {"id": "e81c9350d54f66c6d33b3747ee79fb70", "number": "6146995996", "date": "2021-01-22 11:18:00", "subject": "2", "recorded-or-robo": "N", "city": "Thornville", "state": "OH", "area-code": "740"}, {"id": "1d36742e3f24f50e4e7ae828010eab76", "number": "6146995996", "date": "2021-01-22 11:18:00", "subject": "2", "recorded-or-robo": "N", "city": "Thornville", "state": "OH", "area-code": "740"}, {"id": "e81c9350d54f66c6d33b3747eea86e11", "number": "+19136753104", "date": "2021-01-22 19:58:54", "subject": "3", "recorded-or-robo": "Y", "city": "", "state": "FL", "area-code": "407"}, {"id": "1d36742e3f24f50e4e7ae828013d4bab", "number": "+19136753104", "date": "2021-01-22 19:58:54", "subject": "3", "recorded-or-robo": "Y", "city": "", "state": "FL", "area-code": "407"}, {"id": "e81c9350d54f66c6d33b3747ee79f7aa", "number": "2179427311", "date": "2021-01-22 13:04:00", "subject": "3", "recorded-or-robo": "Y", "city": "", "state": "IL", "area-code": "773"}, {"id": "1d36742e3f24f50e4e7ae828010ea65e", "number": "2179427311", "date": "2021-01-22 13:04:00", "subject": "3", "recorded-or-robo": "Y", "city": "", "state": "IL", "area-code": "773"}, {"id": "e81c9350d54f66c6d33b3747ee79ed44", "number": "3478115138", "date": "2021-01-22 16:22:00", "subject": "4", "recorded-or-robo": "Y", "city": "Hampton bays", "state": "NY", "area-code": "631"}, {"id": "1d36742e3f24f50e4e7ae828010e998d", "number": "3478115138", "date": "2021-01-22 16:22:00", "subject": "4", "recorded-or-robo": "Y", "city": "Hampton bays", "state": "NY", "area-code": "631"}, {"id": "e81c9350d54f66c6d33b3747ee79e747", "number": "", "date": "2021-01-22 17:21:00", "subject": "11", "recorded-or-robo": "Y", "city": "Saint Louis", "state": "MO", "area-code": "314"}, {"id": "1d36742e3f24f50e4e7ae828010e8c35", "number": "", "date": "2021-01-22 17:21:00", "subject": "11", "recorded-or-robo": "Y", "city": "Saint Louis", "state": "MO", "area-code": "314"}, {"id": "e81c9350d54f66c6d33b3747ee79df22", "number": "8475039286", "date": "2021-01-22 18:15:00", "subject": "5", "recorded-or-robo": "Y", "city": "Elmwood Park", "state": "IL", "area-code": "708"}, {"id": "1d36742e3f24f50e4e7ae828010e870a", "number": "8475039286", "date": "2021-01-22 18:15:00", "subject": "5", "recorded-or-robo": "Y", "city": "Elmwood Park", "state": "IL", "area-code": "708"}, {"id": "e81c9350d54f66c6d33b3747ee79d44c", "number": "7744701800", "date": "2021-01-22 14:31:00", "subject": "0", "recorded-or-robo": "Y", "city": "", "state": "FL", "area-code": "561"}, {"id": "1d36742e3f24f50e4e7ae828010e7768", "number": "7744701800", "date": "2021-01-22 14:31:00", "subject": "0", "recorded-or-robo": "Y", "city": "", "state": "FL", "area-code": "561"}, {"id": "e81c9350d54f66c6d33b3747ee79cb01", "number": "9702246754", "date": "2021-01-22 17:55:00", "subject": "9", "recorded-or-robo": "Y", "city": "", "state": "CO", "area-code": "303"}, {"id": "1d36742e3f24f50e4e7ae828010e69d5", "number": "9702246754", "date": "2021-01-22 17:55:00", "subject": "9", "recorded-or-robo": "Y", "city": "", "state": "CO", "area-code": "303"}, {"id": "e81c9350d54f66c6d33b3747ee79c177", "number": "4134111534", "date": "2021-01-22 10:36:00", "subject": "0", "recorded-or-robo": "", "city": "Southampton", "state": "MA", "area-code": "413"}, {"id": "1d36742e3f24f50e4e7ae828010e6962", "number": "4134111534", "date": "2021-01-22 10:36:00", "subject": "0", "recorded-or-robo": "", "city": "Southampton", "state": "MA", "area-code": "413"}, {"id": "e81c9350d54f66c6d33b3747eea84480", "number": "+12149191912", "date": "2021-01-22 19:58:28", "subject": "3", "recorded-or-robo": "Y", "city": "", "state": "TX", "area-code": "214"}, {"id": "1d36742e3f24f50e4e7ae828013d2bd4", "number": "+12149191912", "date": "2021-01-22 19:58:28", "subject": "3", "recorded-or-robo": "Y", "city": "", "state": "TX", "area-code": "214"}, {"id": "e81c9350d54f66c6d33b3747ee79b9f0", "number": "2342188457", "date": "2021-01-22 13:24:00", "subject": "2", "recorded-or-robo": "Y", "city": "HURON", "state": "OH", "area-code": "419"}, {"id": "1d36742e3f24f50e4e7ae828010e65ff", "number": "2342188457", "date": "2021-01-22 13:24:00", "subject": "2", "recorded-or-robo": "Y", "city": "HURON", "state": "OH", "area-code": "419"}, {"id": "e81c9350d54f66c6d33b3747ee79aca2", "number": "5418405167", "date": "2020-12-12 15:52:00", "subject": "2", "recorded-or-robo": "Y", "city": "Medford", "state": "OR", "area-code": "541"}, {"id": "1d36742e3f24f50e4e7ae828010e5df8", "number": "5418405167", "date": "2020-12-12 15:52:00", "subject": "2", "recorded-or-robo": "Y", "city": "Medford", "state": "OR", "area-code": "541"}, {"id": "e81c9350d54f66c6d33b3747ee79a31b", "number": "3025329089", "date": "2021-01-22 19:24:00", "subject": "8", "recorded-or-robo": "Y", "city": "Cary", "state": "NC", "area-code": "919"}, {"id": "1d36742e3f24f50e4e7ae828010e5b08", "number": "3025329089", "date": "2021-01-22 19:24:00", "subject": "8", "recorded-or-robo": "Y", "city": "Cary", "state": "NC", "area-code": "919"}, {"id": "e81c9350d54f66c6d33b3747eea858b4", "number": "+18885930888", "date": "2021-01-22 19:57:58", "subject": "3", "recorded-or-robo": "Y", "city": "", "state": "Do", "area-code": "202"}, {"id": "1d36742e3f24f50e4e7ae828013d4878", "number": "+18885930888", "date": "2021-01-22 19:57:58", "subject": "3", "recorded-or-robo": "Y", "city": "", "state": "Do", "area-code": "202"}, {"id": "e81c9350d54f66c6d33b3747eea8504a", "number": "8188627944", "date": "2021-01-22 19:57:55", "subject": "3", "recorded-or-robo": "Y", "city": "", "state": "CA", "area-code": "818"}]}