{"data": [{"id": "490dde24b259add1335244cd1b3117e8", "number": "4792691797", "date": "2021-01-25 18:00:00", "subject": "2", "recorded-or-robo": "N", "city": "Bentonville", "state": "AR", "area-code": "479"}, {"id": "490dde24b259add1335244cd1b310e00", "number": "6573599985", "date": "2021-01-26 08:00:00", "subject": "5", "recorded-or-robo": "Y", "city": "North Las Vegas", "state": "NV", "area-code": "702"}, {"id": "490dde24b259add1335244cd1b3108ee", "number": "8282206107", "date": "2021-01-08 08:04:00", "subject": "5", "recorded-or-robo": "Y", "city": "High Point", "state": "NC", "area-code": "336"}, {"id": "490dde24b259add1335244cd1b3108e0", "number": "9706246759", "date": "2021-01-26 09:32:00", "subject": "4", "recorded-or-robo": "Y", "city": "Loveland", "state": "CO", "area-code": "303"}, {"id": "490dde24b259add1335244cd1b30fa3a", "number": "2603537660", "date": "2021-01-26 11:24:00", "subject": "5", "recorded-or-robo": "N", "city": "", "state": "NC", "area-code": "704"}, {"id": "490dde24b259add1335244cd1b30edb0", "number": "5134018323", "date": "2021-01-26 09:56:00", "subject": "2", "recorded-or-robo": "Y", "city": "", "state": "OH", "area-code": "513"}, {"id": "490dde24b259add1335244cd1b30e58b", "number": "8478819995", "date": "2021-01-26 10:32:00", "subject": "4", "recorded-or-robo": "Y", "city": "Aurora", "state": "IL", "area-code": "630"}, {"id": "490dde24b259add1335244cd1b30deea", "number": "2157709055", "date": "2021-01-26 10:05:00", "subject": "1", "recorded-or-robo": "Y", "city": "Eupora", "state": "MS", "area-code": "662"}, {"id": "490dde24b259add1335244cd1b30d3e5", "number": "5404701620", "date": "2021-01-26 10:28:00", "subject": "5", "recorded-or-robo": "Y", "city": "BLOOMINGTON", "state": "MN", "area-code": "952"}, {"id": "490dde24b259add1335244cd1b30d10b", "number": "187735304733", "date": "2021-01-26 11:30:00", "subject": "11", "recorded-or-robo": "Y", "city": "alexandria", "state": "VA", "area-code": "703"}, {"id": "490dde24b259add1335244cd1b30d0b5", "number": "5745899816", "date": "2021-01-26 11:25:00", "subject": "2", "recorded-or-robo": "Y", "city": "Columbiana", "state": "OH", "area-code": "330"}, {"id": "490dde24b259add1335244cd1b30c6b6", "number": "5072603052", "date": "2021-01-26 10:25:00", "subject": "2", "recorded-or-robo": "Y", "city": "", "state": "MN", "area-code": "507"}, {"id": "490dde24b259add1335244cd1b303b24", "number": "4197800728", "date": "2021-01-26 11:27:00", "subject": "3", "recorded-or-robo": "", "city": "", "state": "OH", "area-code": "419"}, {"id": "490dde24b259add1335244cd1b30bb4e", "number": "2028666317", "date": "2021-01-26 09:23:00", "subject": "2", "recorded-or-robo": "Y", "city": "Boise", "state": "ID", "area-code": "208"}, {"id": "490dde24b259add1335244cd1b30b212", "number": "", "date": "2021-01-26 10:30:00", "subject": "7", "recorded-or-robo": "Y", "city": "", "state": "TX", "area-code": "817"}, {"id": "490dde24b259add1335244cd1b309d84", "number": "5122963774", "date": "2021-01-26 10:31:00", "subject": "3", "recorded-or-robo": "N", "city": "", "state": "TX", "area-code": "512"}, {"id": "490dde24b259add1335244cd1b309576", "number": "2038942770", "date": "2021-01-26 11:32:00", "subject": "4", "recorded-or-robo": "Y", "city": "Plainville", "state": "CT", "area-code": "203"}, {"id": "490dde24b259add1335244cd1b30910c", "number": "8434123373", "date": "2021-01-26 11:25:00", "subject": "1", "recorded-or-robo": "Y", "city": "", "state": "SC", "area-code": "843"}, {"id": "490dde24b259add1335244cd1b309064", "number": "2168596783", "date": "2021-01-25 12:46:00", "subject": "0", "recorded-or-robo": "Y", "city": "", "state": "OH", "area-code": "216"}, {"id": "490dde24b259add1335244cd1b308c08", "number": "4432140634", "date": "2021-01-25 11:25:00", "subject": "2", "recorded-or-robo": "Y", "city": "EASTON", "state": "MD", "area-code": "443"}, {"id": "490dde24b259add1335244cd1b30846b", "number": "5024676018", "date": "2021-01-20 13:36:00", "subject": "4", "recorded-or-robo": "Y", "city": "", "state": "KY", "area-code": "502"}, {"id": "490dde24b259add1335244cd1b307f0f", "number": "3364593915", "date": "2021-01-07 09:00:00", "subject": "4", "recorded-or-robo": "Y", "city": "High Point", "state": "NC", "area-code": "336"}, {"id": "490dde24b259add1335244cd1b307c30", "number": "6612359128", "date": "2021-01-26 08:28:00", "subject": "5", "recorded-or-robo": "N", "city": "Lancaster", "state": "CA", "area-code": "661"}, {"id": "490dde24b259add1335244cd1b307645", "number": "9286414691", "date": "2021-01-22 14:13:00", "subject": "8", "recorded-or-robo": "N", "city": "", "state": "WA", "area-code": "253"}, {"id": "490dde24b259add1335244cd1b306b3e", "number": "4793462657", "date": "2021-01-26 10:28:00", "subject": "3", "recorded-or-robo": "N", "city": "MTN, VIEW", "state": "AR", "area-code": "870"}, {"id": "490dde24b259add1335244cd1b306870", "number": "9739898323", "date": "2021-01-26 08:03:00", "subject": "1", "recorded-or-robo": "Y", "city": "", "state": "AZ", "area-code": "602"}, {"id": "490dde24b259add1335244cd1b3067fb", "number": "8505930038", "date": "2021-01-26 10:32:00", "subject": "0", "recorded-or-robo": "Y", "city": "Fort Walton Beach", "state": "FL", "area-code": "850"}, {"id": "490dde24b259add1335244cd1b3062de", "number": "5015092374", "date": "2021-01-25 16:52:00", "subject": "3", "recorded-or-robo": "Y", "city": "", "state": "PA", "area-code": "724"}, {"id": "490dde24b259add1335244cd1b305ac6", "number": "4302603465", "date": "2021-01-25 16:07:00", "subject": "4", "recorded-or-robo": "Y", "city": "Irving", "state": "TX", "area-code": "214"}, {"id": "490dde24b259add1335244cd1b3055e0", "number": "9252429866", "date": "2021-01-21 14:19:00", "subject": "4", "recorded-or-robo": "Y", "city": "Bellaire", "state": "CA", "area-code": "925"}, {"id": "490dde24b259add1335244cd1b304897", "number": "4795530507", "date": "2021-01-26 10:20:00", "subject": "2", "recorded-or-robo": "N", "city": "Bentonville", "state": "AR", "area-code": "479"}, {"id": "490dde24b259add1335244cd1b304784", "number": "2602380242", "date": "2021-01-07 11:09:00", "subject": "15", "recorded-or-robo": "Y", "city": "High Point", "state": "NC", "area-code": "336"}, {"id": "490dde24b259add1335244cd1b302b62", "number": "8335931237", "date": "2021-01-26 10:00:00", "subject": "7", "recorded-or-robo": "Y", "city": "", "state": "PA", "area-code": "610"}, {"id": "490dde24b259add1335244cd1b301f57", "number": "2026555974", "date": "2021-01-26 08:35:00", "subject": "0", "recorded-or-robo": "Y", "city": "Ballwin", "state": "MO", "area-code": "314"}, {"id": "490dde24b259add1335244cd1b301bf5", "number": "7136322741", "date": "2021-01-26 10:22:00", "subject": "1", "recorded-or-robo": "Y", "city": "Boerne", "state": "TX", "area-code": "210"}, {"id": "490dde24b259add1335244cd1b2f64d8", "number": "3526355185", "date": "2021-01-26 11:26:00", "subject": "3", "recorded-or-robo": "N", "city": "", "state": "PA", "area-code": "570"}, {"id": "490dde24b259add1335244cd1b300c7d", "number": "", "date": "2021-01-22 16:53:00", "subject": "2", "recorded-or-robo": "Y", "city": "Houston", "state": "TX", "area-code": "713"}, {"id": "490dde24b259add1335244cd1b3005e5", "number": "2455974563", "date": "2021-01-25 09:20:00", "subject": "0", "recorded-or-robo": "Y", "city": "", "state": "OH", "area-code": "216"}, {"id": "490dde24b259add1335244cd1b2ff93c", "number": "press1", "date": "2021-01-26 11:03:00", "subject": "1", "recorded-or-robo": "Y", "city": "Mercer", "state": "PA", "area-code": "412"}, {"id": "490dde24b259add1335244cd1b2ff09a", "number": "8012243698", "date": "2021-01-26 08:04:00", "subject": "5", "recorded-or-robo": "Y", "city": "Anaheim", "state": "CA", "area-code": "801"}, {"id": "490dde24b259add1335244cd1b2fe6b5", "number": "8603511550", "date": "2021-01-26 11:25:00", "subject": "7", "recorded-or-robo": "N", "city": "Torrington", "state": "CT", "area-code": "860"}, {"id": "490dde24b259add1335244cd1b2fe0e3", "number": "5128175370", "date": "2021-01-26 10:29:00", "subject": "4", "recorded-or-robo": "Y", "city": "STCHARLES IL", "state": "IL", "area-code": "630"}, {"id": "490dde24b259add1335244cd1b2fd7f9", "number": "5024627056", "date": "2021-01-26 11:17:00", "subject": "6", "recorded-or-robo": "Y", "city": "Louisville", "state": "KY", "area-code": "502"}, {"id": "490dde24b259add1335244cd1b2fcd95", "number": "3364593915", "date": "2021-01-04 16:13:00", "subject": "4", "recorded-or-robo": "Y", "city": "High Point", "state": "NC", "area-code": "336"}, {"id": "490dde24b259add1335244cd1b2fbf39", "number": "9292012233", "date": "2021-01-26 08:12:00", "subject": "1", "recorded-or-robo": "Y", "city": "corona", "state": "NY", "area-code": "718"}, {"id": "490dde24b259add1335244cd1b2fbf19", "number": "8017135926", "date": "2021-01-26 09:30:00", "subject": "3", "recorded-or-robo": "Y", "city": "", "state": "UT", "area-code": "801"}, {"id": "490dde24b259add1335244cd1b2fb1f8", "number": "8332298984", "date": "2021-01-26 09:33:00", "subject": "2", "recorded-or-robo": "Y", "city": "Mooresville", "state": "IN", "area-code": "317"}, {"id": "490dde24b259add1335244cd1b2fb00d", "number": "2094770137", "date": "2021-01-25 16:47:00", "subject": "4", "recorded-or-robo": "Y", "city": "Florence", "state": "KY", "area-code": "714"}, {"id": "490dde24b259add1335244cd1b2eb8c8", "number": "6054727956", "date": "2021-01-25 17:27:00", "subject": "3", "recorded-or-robo": "", "city": "", "state": "IL", "area-code": "773"}, {"id": "490dde24b259add1335244cd1b2fa91d", "number": "6037829231", "date": "2021-01-26 11:30:00", "subject": "5", "recorded-or-robo": "Y", "city": "", "state": "NH", "area-code": "603"}]}