{"data": [{"id": "1d36742e3f24f50e4e7ae8280133b275", "number": "+19182359734", "date": "2021-01-22 18:46:27", "subject": "3", "recorded-or-robo": "Y", "city": "", "state": "OK", "area-code": "918"}, {"id": "e81c9350d54f66c6d33b3747ee3c4ebd", "number": "3234167113", "date": "2021-01-21 14:10:00", "subject": "4", "recorded-or-robo": "Y", "city": "", "state": "CA", "area-code": "510"}, {"id": "deca54a6651fb9add5b4a9816cd0cc27", "number": "3234167113", "date": "2021-01-21 14:10:00", "subject": "4", "recorded-or-robo": "Y", "city": "", "state": "CA", "area-code": "510"}, {"id": "e81c9350d54f66c6d33b3747ee3c4052", "number": "8182749610", "date": "2021-01-22 15:10:00", "subject": "2", "recorded-or-robo": "N", "city": "", "state": "CA", "area-code": "818"}, {"id": "deca54a6651fb9add5b4a9816cd0caee", "number": "8182749610", "date": "2021-01-22 15:10:00", "subject": "2", "recorded-or-robo": "N", "city": "", "state": "CA", "area-code": "818"}, {"id": "e81c9350d54f66c6d33b3747ee3c39ce", "number": "9412480638", "date": "2021-01-22 13:52:00", "subject": "0", "recorded-or-robo": "N", "city": "TAMPA", "state": "FL", "area-code": "941"}, {"id": "deca54a6651fb9add5b4a9816cd0c75c", "number": "9412480638", "date": "2021-01-22 13:52:00", "subject": "0", "recorded-or-robo": "N", "city": "TAMPA", "state": "FL", "area-code": "941"}, {"id": "e81c9350d54f66c6d33b3747ee3bbc54", "number": "7202597163", "date": "2021-01-21 00:00:00", "subject": "3", "recorded-or-robo": "N", "city": "", "state": "CO", "area-code": "719"}, {"id": "deca54a6651fb9add5b4a9816cd0586c", "number": "7202597163", "date": "2021-01-21 00:00:00", "subject": "3", "recorded-or-robo": "N", "city": "", "state": "CO", "area-code": "719"}, {"id": "e81c9350d54f66c6d33b3747ee9eab17", "number": "6168965833", "date": "2021-01-22 18:46:14", "subject": "3", "recorded-or-robo": "Y", "city": "", "state": "NY", "area-code": "718"}, {"id": "1d36742e3f24f50e4e7ae8280133befd", "number": "6168965833", "date": "2021-01-22 18:46:14", "subject": "3", "recorded-or-robo": "Y", "city": "", "state": "NY", "area-code": "718"}, {"id": "e81c9350d54f66c6d33b3747ee3c38b3", "number": "2069886927", "date": "2020-12-28 00:00:00", "subject": "3", "recorded-or-robo": "", "city": "", "state": "CA", "area-code": "760"}, {"id": "deca54a6651fb9add5b4a9816cd0c439", "number": "2069886927", "date": "2020-12-28 00:00:00", "subject": "3", "recorded-or-robo": "", "city": "", "state": "CA", "area-code": "760"}, {"id": "e81c9350d54f66c6d33b3747ee9e986e", "number": "7206494006", "date": "2021-01-22 18:46:11", "subject": "3", "recorded-or-robo": "Y", "city": "", "state": "CO", "area-code": "720"}, {"id": "1d36742e3f24f50e4e7ae8280133a944", "number": "7206494006", "date": "2021-01-22 18:46:11", "subject": "3", "recorded-or-robo": "Y", "city": "", "state": "CO", "area-code": "720"}, {"id": "e81c9350d54f66c6d33b3747ee3c1595", "number": "3615708160", "date": "2021-01-22 17:32:00", "subject": "3", "recorded-or-robo": "N", "city": "", "state": "IL", "area-code": "773"}, {"id": "deca54a6651fb9add5b4a9816cd0aa5d", "number": "3615708160", "date": "2021-01-22 17:32:00", "subject": "3", "recorded-or-robo": "N", "city": "", "state": "IL", "area-code": "773"}, {"id": "e81c9350d54f66c6d33b3747ee3c2f73", "number": "9284887764", "date": "2021-01-22 16:45:00", "subject": "9", "recorded-or-robo": "Y", "city": "TEMPE", "state": "AZ", "area-code": "480"}, {"id": "deca54a6651fb9add5b4a9816cd0bbf5", "number": "9284887764", "date": "2021-01-22 16:45:00", "subject": "9", "recorded-or-robo": "Y", "city": "TEMPE", "state": "AZ", "area-code": "480"}, {"id": "e81c9350d54f66c6d33b3747ee3c2e2e", "number": "2547804386", "date": "2021-01-22 16:16:00", "subject": "2", "recorded-or-robo": "Y", "city": "Belton", "state": "TX", "area-code": "254"}, {"id": "deca54a6651fb9add5b4a9816cd0b433", "number": "2547804386", "date": "2021-01-22 16:16:00", "subject": "2", "recorded-or-robo": "Y", "city": "Belton", "state": "TX", "area-code": "254"}, {"id": "e81c9350d54f66c6d33b3747ee3c2209", "number": "8182749254", "date": "2021-01-22 03:43:00", "subject": "2", "recorded-or-robo": "N", "city": "", "state": "CA", "area-code": "818"}, {"id": "deca54a6651fb9add5b4a9816cd0b257", "number": "8182749254", "date": "2021-01-22 03:43:00", "subject": "2", "recorded-or-robo": "N", "city": "", "state": "CA", "area-code": "818"}, {"id": "e81c9350d54f66c6d33b3747ee3bba02", "number": "7198524002", "date": "2021-01-22 15:41:00", "subject": "3", "recorded-or-robo": "N", "city": "", "state": "CO", "area-code": "719"}, {"id": "deca54a6651fb9add5b4a9816cd05522", "number": "7198524002", "date": "2021-01-22 15:41:00", "subject": "3", "recorded-or-robo": "N", "city": "", "state": "CO", "area-code": "719"}, {"id": "e81c9350d54f66c6d33b3747ee3c1107", "number": "7079464356", "date": "2020-12-30 00:00:00", "subject": "3", "recorded-or-robo": "", "city": "", "state": "CA", "area-code": "760"}, {"id": "e81c9350d54f66c6d33b3747ee3c0969", "number": "7079314174", "date": "2021-01-22 15:22:00", "subject": "3", "recorded-or-robo": "Y", "city": "", "state": "CA", "area-code": "510"}, {"id": "deca54a6651fb9add5b4a9816cd0a63c", "number": "7079464356", "date": "2020-12-30 00:00:00", "subject": "3", "recorded-or-robo": "", "city": "", "state": "CA", "area-code": "760"}, {"id": "deca54a6651fb9add5b4a9816cd0a0cb", "number": "7079314174", "date": "2021-01-22 15:22:00", "subject": "3", "recorded-or-robo": "Y", "city": "", "state": "CA", "area-code": "510"}, {"id": "e81c9350d54f66c6d33b3747ee3c00f2", "number": "5617573972", "date": "2021-01-22 12:31:00", "subject": "2", "recorded-or-robo": "Y", "city": "Jupiter", "state": "FL", "area-code": "561"}, {"id": "deca54a6651fb9add5b4a9816cd0986c", "number": "5617573972", "date": "2021-01-22 12:31:00", "subject": "2", "recorded-or-robo": "Y", "city": "Jupiter", "state": "FL", "area-code": "561"}, {"id": "e81c9350d54f66c6d33b3747ee3bfc1c", "number": "8337080542", "date": "2021-01-22 12:09:00", "subject": "0", "recorded-or-robo": "Y", "city": "TAMPA", "state": "FL", "area-code": "941"}, {"id": "deca54a6651fb9add5b4a9816cd08b4e", "number": "8337080542", "date": "2021-01-22 12:09:00", "subject": "0", "recorded-or-robo": "Y", "city": "TAMPA", "state": "FL", "area-code": "941"}, {"id": "e81c9350d54f66c6d33b3747ee3bed29", "number": "8438723093", "date": "2021-01-22 18:37:00", "subject": "2", "recorded-or-robo": "Y", "city": "Hilton Head", "state": "SC", "area-code": "843"}, {"id": "deca54a6651fb9add5b4a9816cd08940", "number": "8438723093", "date": "2021-01-22 18:37:00", "subject": "2", "recorded-or-robo": "Y", "city": "Hilton Head", "state": "SC", "area-code": "843"}, {"id": "e81c9350d54f66c6d33b3747ee3be2d0", "number": "5416743042", "date": "2021-01-22 15:17:00", "subject": "8", "recorded-or-robo": "Y", "city": "Springfield", "state": "OR", "area-code": "541"}, {"id": "deca54a6651fb9add5b4a9816cd07a0c", "number": "5416743042", "date": "2021-01-22 15:17:00", "subject": "8", "recorded-or-robo": "Y", "city": "Springfield", "state": "OR", "area-code": "541"}, {"id": "e81c9350d54f66c6d33b3747ee3bd496", "number": "2813173659", "date": "2021-01-22 17:38:00", "subject": "0", "recorded-or-robo": "Y", "city": "Missouri City", "state": "TX", "area-code": "281"}, {"id": "deca54a6651fb9add5b4a9816cd0710b", "number": "2813173659", "date": "2021-01-22 17:38:00", "subject": "0", "recorded-or-robo": "Y", "city": "Missouri City", "state": "TX", "area-code": "281"}, {"id": "e81c9350d54f66c6d33b3747ee3bc4af", "number": "4156350408", "date": "2021-01-22 18:15:00", "subject": "3", "recorded-or-robo": "Y", "city": "Orlando", "state": "FL", "area-code": "321"}, {"id": "deca54a6651fb9add5b4a9816cd0637a", "number": "4156350408", "date": "2021-01-22 18:15:00", "subject": "3", "recorded-or-robo": "Y", "city": "Orlando", "state": "FL", "area-code": "321"}, {"id": "e81c9350d54f66c6d33b3747ee3bb719", "number": "8053852328", "date": "2021-01-22 11:28:00", "subject": "3", "recorded-or-robo": "Y", "city": "Camarillo", "state": "CA", "area-code": "805"}, {"id": "e81c9350d54f66c6d33b3747ee3bad44", "number": "2136039053", "date": "2021-01-21 10:00:00", "subject": "3", "recorded-or-robo": "Y", "city": "BARSTOW", "state": "CA", "area-code": "760"}, {"id": "deca54a6651fb9add5b4a9816cd04ad3", "number": "8053852328", "date": "2021-01-22 11:28:00", "subject": "3", "recorded-or-robo": "Y", "city": "Camarillo", "state": "CA", "area-code": "805"}, {"id": "deca54a6651fb9add5b4a9816cd0407b", "number": "2136039053", "date": "2021-01-21 10:00:00", "subject": "3", "recorded-or-robo": "Y", "city": "BARSTOW", "state": "CA", "area-code": "760"}, {"id": "e81c9350d54f66c6d33b3747ee3babb4", "number": "2764675046", "date": "2021-01-22 17:52:00", "subject": "2", "recorded-or-robo": "Y", "city": "Grundy", "state": "VA", "area-code": "276"}, {"id": "deca54a6651fb9add5b4a9816cd03411", "number": "2764675046", "date": "2021-01-22 17:52:00", "subject": "2", "recorded-or-robo": "Y", "city": "Grundy", "state": "VA", "area-code": "276"}, {"id": "e81c9350d54f66c6d33b3747ee9e615a", "number": "7575428480", "date": "2021-01-22 18:45:00", "subject": "3", "recorded-or-robo": "Y", "city": "", "state": "VA", "area-code": "757"}, {"id": "1d36742e3f24f50e4e7ae82801336578", "number": "7575428480", "date": "2021-01-22 18:45:00", "subject": "3", "recorded-or-robo": "Y", "city": "", "state": "VA", "area-code": "757"}, {"id": "e81c9350d54f66c6d33b3747ee9e3384", "number": "7575428480", "date": "2021-01-22 18:44:59", "subject": "3", "recorded-or-robo": "Y", "city": "", "state": "VA", "area-code": "757"}]}