{"data": [{"id": "03e293b3df9e35eadf15c561196b8aa4", "number": "3017503168", "date": "2021-01-18 13:20:00", "subject": "3", "recorded-or-robo": "", "city": "", "state": "MD", "area-code": "301"}, {"id": "3decc6bfadaa436a105714c6bad59b56", "number": "", "date": "2020-12-28 12:25:00", "subject": "3", "recorded-or-robo": "N", "city": "", "state": "WA", "area-code": "509"}, {"id": "03e293b3df9e35eadf15c561196b977f", "number": "", "date": "2020-12-28 12:25:00", "subject": "3", "recorded-or-robo": "N", "city": "", "state": "WA", "area-code": "509"}, {"id": "3decc6bfadaa436a105714c6bad58f55", "number": "3214654394", "date": "2021-01-22 13:14:00", "subject": "0", "recorded-or-robo": "Y", "city": "Tucson", "state": "AZ", "area-code": "520"}, {"id": "03e293b3df9e35eadf15c561196b8172", "number": "3214654394", "date": "2021-01-22 13:14:00", "subject": "0", "recorded-or-robo": "Y", "city": "Tucson", "state": "AZ", "area-code": "520"}, {"id": "3decc6bfadaa436a105714c6bad5814b", "number": "8448943951", "date": "2021-01-24 00:00:00", "subject": "3", "recorded-or-robo": "Y", "city": "", "state": "CO", "area-code": "303"}, {"id": "03e293b3df9e35eadf15c561196b78a0", "number": "8448943951", "date": "2021-01-24 00:00:00", "subject": "3", "recorded-or-robo": "Y", "city": "", "state": "CO", "area-code": "303"}, {"id": "3decc6bfadaa436a105714c6bad57a65", "number": "2547156905", "date": "2021-01-24 14:00:00", "subject": "1", "recorded-or-robo": "Y", "city": "Dallas", "state": "TX", "area-code": "214"}, {"id": "03e293b3df9e35eadf15c561196b7148", "number": "2547156905", "date": "2021-01-24 14:00:00", "subject": "1", "recorded-or-robo": "Y", "city": "Dallas", "state": "TX", "area-code": "214"}, {"id": "3decc6bfadaa436a105714c6bad5709f", "number": "7377022732", "date": "2021-01-06 08:33:00", "subject": "3", "recorded-or-robo": "N", "city": "", "state": "WA", "area-code": "509"}, {"id": "03e293b3df9e35eadf15c561196b7073", "number": "7377022732", "date": "2021-01-06 08:33:00", "subject": "3", "recorded-or-robo": "N", "city": "", "state": "WA", "area-code": "509"}, {"id": "3decc6bfadaa436a105714c6bad56429", "number": "7273728144", "date": "2021-01-21 10:36:00", "subject": "0", "recorded-or-robo": "N", "city": "Trinity", "state": "FL", "area-code": "727"}, {"id": "03e293b3df9e35eadf15c561196b6dd5", "number": "7273728144", "date": "2021-01-21 10:36:00", "subject": "0", "recorded-or-robo": "N", "city": "Trinity", "state": "FL", "area-code": "727"}, {"id": "3decc6bfadaa436a105714c6bad555a1", "number": "5204670603", "date": "2021-01-22 13:31:00", "subject": "0", "recorded-or-robo": "Y", "city": "Tucson", "state": "AZ", "area-code": "520"}, {"id": "03e293b3df9e35eadf15c561196b622b", "number": "5204670603", "date": "2021-01-22 13:31:00", "subject": "0", "recorded-or-robo": "Y", "city": "Tucson", "state": "AZ", "area-code": "520"}, {"id": "3decc6bfadaa436a105714c6bad527ee", "number": "7179577281", "date": "2021-01-19 11:03:00", "subject": "3", "recorded-or-robo": "", "city": "", "state": "MD", "area-code": "301"}, {"id": "03e293b3df9e35eadf15c561196b4150", "number": "7179577281", "date": "2021-01-19 11:03:00", "subject": "3", "recorded-or-robo": "", "city": "", "state": "MD", "area-code": "301"}, {"id": "3decc6bfadaa436a105714c6bad54b7a", "number": "8602944264", "date": "2021-01-11 12:00:00", "subject": "5", "recorded-or-robo": "N", "city": "KISSIMMEE", "state": "FL", "area-code": "860"}, {"id": "03e293b3df9e35eadf15c561196b5428", "number": "8602944264", "date": "2021-01-11 12:00:00", "subject": "5", "recorded-or-robo": "N", "city": "KISSIMMEE", "state": "FL", "area-code": "860"}, {"id": "3decc6bfadaa436a105714c6bad54177", "number": "2142471405", "date": "2021-01-24 12:05:00", "subject": "2", "recorded-or-robo": "N", "city": "Salisbury", "state": "MA", "area-code": "978"}, {"id": "3decc6bfadaa436a105714c6bad5397e", "number": "7604731728", "date": "2021-01-07 11:24:00", "subject": "3", "recorded-or-robo": "N", "city": "", "state": "WA", "area-code": "509"}, {"id": "03e293b3df9e35eadf15c561196b4cfa", "number": "2142471405", "date": "2021-01-24 12:05:00", "subject": "2", "recorded-or-robo": "N", "city": "Salisbury", "state": "MA", "area-code": "978"}, {"id": "03e293b3df9e35eadf15c561196b4770", "number": "7604731728", "date": "2021-01-07 11:24:00", "subject": "3", "recorded-or-robo": "N", "city": "", "state": "WA", "area-code": "509"}, {"id": "3decc6bfadaa436a105714c6bad52d78", "number": "7273722495", "date": "2021-01-21 10:33:00", "subject": "0", "recorded-or-robo": "N", "city": "Trinity", "state": "FL", "area-code": "727"}, {"id": "03e293b3df9e35eadf15c561196b44f5", "number": "7273722495", "date": "2021-01-21 10:33:00", "subject": "0", "recorded-or-robo": "N", "city": "Trinity", "state": "FL", "area-code": "727"}, {"id": "3decc6bfadaa436a105714c6bad51d3d", "number": "7405705764", "date": "2021-01-13 10:23:00", "subject": "3", "recorded-or-robo": "N", "city": "", "state": "WA", "area-code": "509"}, {"id": "03e293b3df9e35eadf15c561196b3333", "number": "7405705764", "date": "2021-01-13 10:23:00", "subject": "3", "recorded-or-robo": "N", "city": "", "state": "WA", "area-code": "509"}, {"id": "3decc6bfadaa436a105714c6bad516b3", "number": "809208876384", "date": "2021-01-22 14:49:00", "subject": "0", "recorded-or-robo": "Y", "city": "Tucson", "state": "AZ", "area-code": "520"}, {"id": "03e293b3df9e35eadf15c561196b28d1", "number": "809208876384", "date": "2021-01-22 14:49:00", "subject": "0", "recorded-or-robo": "Y", "city": "Tucson", "state": "AZ", "area-code": "520"}, {"id": "3decc6bfadaa436a105714c6bad507d0", "number": "", "date": "2021-01-24 12:00:00", "subject": "1", "recorded-or-robo": "Y", "city": "Warsaw", "state": "MO", "area-code": "660"}, {"id": "03e293b3df9e35eadf15c561196b1f07", "number": "", "date": "2021-01-24 12:00:00", "subject": "1", "recorded-or-robo": "Y", "city": "Warsaw", "state": "MO", "area-code": "660"}, {"id": "3decc6bfadaa436a105714c6bad4fc3d", "number": "5092338152", "date": "2021-01-14 11:42:00", "subject": "3", "recorded-or-robo": "N", "city": "", "state": "WA", "area-code": "509"}, {"id": "03e293b3df9e35eadf15c561196b15f2", "number": "5092338152", "date": "2021-01-14 11:42:00", "subject": "3", "recorded-or-robo": "N", "city": "", "state": "WA", "area-code": "509"}, {"id": "3decc6bfadaa436a105714c6bad4f11a", "number": "5208354440", "date": "2021-01-23 07:28:00", "subject": "0", "recorded-or-robo": "Y", "city": "Tucson", "state": "AZ", "area-code": "520"}, {"id": "03e293b3df9e35eadf15c561196b0a86", "number": "5208354440", "date": "2021-01-23 07:28:00", "subject": "0", "recorded-or-robo": "Y", "city": "Tucson", "state": "AZ", "area-code": "520"}, {"id": "3decc6bfadaa436a105714c6bad4e4d1", "number": "7274845782", "date": "2021-01-21 09:59:00", "subject": "0", "recorded-or-robo": "N", "city": "Trinity", "state": "FL", "area-code": "727"}, {"id": "03e293b3df9e35eadf15c561196b0048", "number": "7274845782", "date": "2021-01-21 09:59:00", "subject": "0", "recorded-or-robo": "N", "city": "Trinity", "state": "FL", "area-code": "727"}, {"id": "3decc6bfadaa436a105714c6bad4e188", "number": "5312207576", "date": "2021-01-15 09:02:00", "subject": "3", "recorded-or-robo": "N", "city": "", "state": "WA", "area-code": "509"}, {"id": "03e293b3df9e35eadf15c561196affb4", "number": "5312207576", "date": "2021-01-15 09:02:00", "subject": "3", "recorded-or-robo": "N", "city": "", "state": "WA", "area-code": "509"}, {"id": "3decc6bfadaa436a105714c6bad4d48b", "number": "6152015463", "date": "2021-01-22 13:19:00", "subject": "6", "recorded-or-robo": "N", "city": "Oliver Springs", "state": "TN", "area-code": "865"}, {"id": "03e293b3df9e35eadf15c561196afdf7", "number": "6152015463", "date": "2021-01-22 13:19:00", "subject": "6", "recorded-or-robo": "N", "city": "Oliver Springs", "state": "TN", "area-code": "865"}, {"id": "3decc6bfadaa436a105714c6bad49fe0", "number": "3023817079", "date": "2021-01-24 00:00:00", "subject": "3", "recorded-or-robo": "N", "city": "", "state": "CA", "area-code": "916"}, {"id": "03e293b3df9e35eadf15c561196ab0aa", "number": "3023817079", "date": "2021-01-24 00:00:00", "subject": "3", "recorded-or-robo": "N", "city": "", "state": "CA", "area-code": "916"}, {"id": "3decc6bfadaa436a105714c6bad4b8a3", "number": "3019607038", "date": "2021-01-19 11:03:00", "subject": "3", "recorded-or-robo": "", "city": "", "state": "MD", "area-code": "301"}, {"id": "03e293b3df9e35eadf15c561196acf8d", "number": "3019607038", "date": "2021-01-19 11:03:00", "subject": "3", "recorded-or-robo": "", "city": "", "state": "MD", "area-code": "301"}, {"id": "3decc6bfadaa436a105714c6bad4cee2", "number": "1419299157", "date": "2021-01-20 11:50:00", "subject": "4", "recorded-or-robo": "Y", "city": "Oregon", "state": "OH", "area-code": "419"}, {"id": "03e293b3df9e35eadf15c561196af38e", "number": "1419299157", "date": "2021-01-20 11:50:00", "subject": "4", "recorded-or-robo": "Y", "city": "Oregon", "state": "OH", "area-code": "419"}, {"id": "3decc6bfadaa436a105714c6bad4c51d", "number": "5204670603", "date": "2021-01-23 14:55:00", "subject": "0", "recorded-or-robo": "Y", "city": "Tucson", "state": "AZ", "area-code": "520"}, {"id": "03e293b3df9e35eadf15c561196aebe7", "number": "5204670603", "date": "2021-01-23 14:55:00", "subject": "0", "recorded-or-robo": "Y", "city": "Tucson", "state": "AZ", "area-code": "520"}, {"id": "3decc6bfadaa436a105714c6bad4c387", "number": "5092333975", "date": "2021-01-20 13:56:00", "subject": "3", "recorded-or-robo": "N", "city": "", "state": "WA", "area-code": "509"}]}