{"data": [{"id": "3decc6bfadaa436a105714c6ba8137f5", "number": "+13105768832", "date": "2021-01-23 20:23:47", "subject": "3", "recorded-or-robo": "Y", "city": "", "state": "CA", "area-code": "310"}, {"id": "03e293b3df9e35eadf15c5611917c073", "number": "+13105768832", "date": "2021-01-23 20:23:47", "subject": "3", "recorded-or-robo": "Y", "city": "", "state": "CA", "area-code": "310"}, {"id": "3decc6bfadaa436a105714c6ba814fdf", "number": "3869388104", "date": "2021-01-23 20:23:37", "subject": "3", "recorded-or-robo": "Y", "city": "", "state": "FL", "area-code": "386"}, {"id": "03e293b3df9e35eadf15c5611917cc8e", "number": "3869388104", "date": "2021-01-23 20:23:37", "subject": "3", "recorded-or-robo": "Y", "city": "", "state": "FL", "area-code": "386"}, {"id": "3decc6bfadaa436a105714c6ba67f0ad", "number": "5099281476", "date": "2021-01-19 08:45:00", "subject": "1", "recorded-or-robo": "Y", "city": "Spokane Valley", "state": "WA", "area-code": "509"}, {"id": "1d36742e3f24f50e4e7ae82801fdc8fb", "number": "5099281476", "date": "2021-01-19 08:45:00", "subject": "1", "recorded-or-robo": "Y", "city": "Spokane Valley", "state": "WA", "area-code": "509"}, {"id": "3decc6bfadaa436a105714c6ba67e171", "number": "3145503179", "date": "2021-01-23 17:20:00", "subject": "2", "recorded-or-robo": "Y", "city": "Wentzville", "state": "MO", "area-code": "314"}, {"id": "1d36742e3f24f50e4e7ae82801fdc6aa", "number": "3145503179", "date": "2021-01-23 17:20:00", "subject": "2", "recorded-or-robo": "Y", "city": "Wentzville", "state": "MO", "area-code": "314"}, {"id": "3decc6bfadaa436a105714c6ba67d8e2", "number": "6034136661", "date": "2021-01-22 14:07:00", "subject": "2", "recorded-or-robo": "N", "city": "DURYEA", "state": "PA", "area-code": "570"}, {"id": "1d36742e3f24f50e4e7ae82801fdbe7f", "number": "6034136661", "date": "2021-01-22 14:07:00", "subject": "2", "recorded-or-robo": "N", "city": "DURYEA", "state": "PA", "area-code": "570"}, {"id": "3decc6bfadaa436a105714c6ba87c0a1", "number": "5853635670", "date": "2021-01-06 15:01:00", "subject": "3", "recorded-or-robo": "Y", "city": "", "state": "NY", "area-code": "718"}, {"id": "03e293b3df9e35eadf15c561191e531f", "number": "5853635670", "date": "2021-01-06 15:01:00", "subject": "3", "recorded-or-robo": "Y", "city": "", "state": "NY", "area-code": "718"}, {"id": "3decc6bfadaa436a105714c6ba67d3a1", "number": "4078718223", "date": "2021-01-22 17:59:00", "subject": "2", "recorded-or-robo": "N", "city": "", "state": "FL", "area-code": "407"}, {"id": "1d36742e3f24f50e4e7ae82801fdba69", "number": "4078718223", "date": "2021-01-22 17:59:00", "subject": "2", "recorded-or-robo": "N", "city": "", "state": "FL", "area-code": "407"}, {"id": "3decc6bfadaa436a105714c6ba67cc94", "number": "3129820366", "date": "2021-01-22 13:35:00", "subject": "0", "recorded-or-robo": "Y", "city": "Jacksonville", "state": "TX", "area-code": "903"}, {"id": "1d36742e3f24f50e4e7ae82801fdb9af", "number": "3129820366", "date": "2021-01-22 13:35:00", "subject": "0", "recorded-or-robo": "Y", "city": "Jacksonville", "state": "TX", "area-code": "903"}, {"id": "3decc6bfadaa436a105714c6ba8166ac", "number": "3463451685", "date": "2021-01-23 20:20:58", "subject": "3", "recorded-or-robo": "N", "city": "", "state": "UT", "area-code": "435"}, {"id": "03e293b3df9e35eadf15c5611917dc53", "number": "3463451685", "date": "2021-01-23 20:20:58", "subject": "3", "recorded-or-robo": "N", "city": "", "state": "UT", "area-code": "435"}, {"id": "3decc6bfadaa436a105714c6ba8140b9", "number": "3863176993", "date": "2021-01-23 20:20:57", "subject": "3", "recorded-or-robo": "Y", "city": "", "state": "FL", "area-code": "386"}, {"id": "03e293b3df9e35eadf15c5611917cbc2", "number": "3863176993", "date": "2021-01-23 20:20:57", "subject": "3", "recorded-or-robo": "Y", "city": "", "state": "FL", "area-code": "386"}, {"id": "3decc6bfadaa436a105714c6ba67bc9a", "number": "6516914112", "date": "2021-01-07 15:35:00", "subject": "2", "recorded-or-robo": "", "city": "Stanwood", "state": "WA", "area-code": "360"}, {"id": "1d36742e3f24f50e4e7ae82801fdac7c", "number": "6516914112", "date": "2021-01-07 15:35:00", "subject": "2", "recorded-or-robo": "", "city": "Stanwood", "state": "WA", "area-code": "360"}, {"id": "3decc6bfadaa436a105714c6ba67ae23", "number": "2029982908", "date": "2021-01-22 15:14:00", "subject": "2", "recorded-or-robo": "", "city": "Spokane Valley", "state": "WA", "area-code": "509"}, {"id": "1d36742e3f24f50e4e7ae82801fda76d", "number": "2029982908", "date": "2021-01-22 15:14:00", "subject": "2", "recorded-or-robo": "", "city": "Spokane Valley", "state": "WA", "area-code": "509"}, {"id": "3decc6bfadaa436a105714c6ba67a1d4", "number": "9704460847", "date": "2021-01-18 10:54:00", "subject": "4", "recorded-or-robo": "Y", "city": "Evergreen", "state": "CO", "area-code": "303"}, {"id": "1d36742e3f24f50e4e7ae82801fd99c9", "number": "9704460847", "date": "2021-01-18 10:54:00", "subject": "4", "recorded-or-robo": "Y", "city": "Evergreen", "state": "CO", "area-code": "303"}, {"id": "3decc6bfadaa436a105714c6ba6796e6", "number": "4108016198", "date": "2021-01-22 00:00:00", "subject": "2", "recorded-or-robo": "Y", "city": "SEATTLE", "state": "WA", "area-code": "206"}, {"id": "1d36742e3f24f50e4e7ae82801fd8e6b", "number": "4108016198", "date": "2021-01-22 00:00:00", "subject": "2", "recorded-or-robo": "Y", "city": "SEATTLE", "state": "WA", "area-code": "206"}, {"id": "3decc6bfadaa436a105714c6ba815d9a", "number": "3214138519", "date": "2021-01-23 20:20:18", "subject": "3", "recorded-or-robo": "Y", "city": "", "state": "FL", "area-code": "386"}, {"id": "03e293b3df9e35eadf15c5611917d224", "number": "3214138519", "date": "2021-01-23 20:20:18", "subject": "3", "recorded-or-robo": "Y", "city": "", "state": "FL", "area-code": "386"}, {"id": "3decc6bfadaa436a105714c6ba6791ef", "number": "1410200507", "date": "2021-01-23 20:16:00", "subject": "2", "recorded-or-robo": "Y", "city": "Groveport", "state": "OH", "area-code": "614"}, {"id": "1d36742e3f24f50e4e7ae82801fd879b", "number": "1410200507", "date": "2021-01-23 20:16:00", "subject": "2", "recorded-or-robo": "Y", "city": "Groveport", "state": "OH", "area-code": "614"}, {"id": "3decc6bfadaa436a105714c6ba67886e", "number": "5097797130", "date": "2021-01-22 13:10:00", "subject": "2", "recorded-or-robo": "", "city": "Spokane Valley", "state": "WA", "area-code": "509"}, {"id": "1d36742e3f24f50e4e7ae82801fd846f", "number": "5097797130", "date": "2021-01-22 13:10:00", "subject": "2", "recorded-or-robo": "", "city": "Spokane Valley", "state": "WA", "area-code": "509"}, {"id": "3decc6bfadaa436a105714c6ba677ad9", "number": "3145503449", "date": "2021-01-23 17:05:00", "subject": "2", "recorded-or-robo": "", "city": "Wentzville", "state": "MO", "area-code": "314"}, {"id": "1d36742e3f24f50e4e7ae82801fd7b3d", "number": "3145503449", "date": "2021-01-23 17:05:00", "subject": "2", "recorded-or-robo": "", "city": "Wentzville", "state": "MO", "area-code": "314"}, {"id": "3decc6bfadaa436a105714c6ba6772ca", "number": "3304328477", "date": "2021-01-23 14:40:00", "subject": "2", "recorded-or-robo": "N", "city": "WOOSTER", "state": "OH", "area-code": "330"}, {"id": "1d36742e3f24f50e4e7ae82801fd730d", "number": "3304328477", "date": "2021-01-23 14:40:00", "subject": "2", "recorded-or-robo": "N", "city": "WOOSTER", "state": "OH", "area-code": "330"}, {"id": "3decc6bfadaa436a105714c6ba6770a1", "number": "4692702741", "date": "2021-01-22 15:17:00", "subject": "1", "recorded-or-robo": "", "city": "", "state": "TX", "area-code": "281"}, {"id": "1d36742e3f24f50e4e7ae82801fd6b18", "number": "4692702741", "date": "2021-01-22 15:17:00", "subject": "1", "recorded-or-robo": "", "city": "", "state": "TX", "area-code": "281"}, {"id": "3decc6bfadaa436a105714c6ba676973", "number": "8556782712", "date": "2021-01-23 17:15:00", "subject": "11", "recorded-or-robo": "Y", "city": "Valleyford", "state": "WA", "area-code": "855"}, {"id": "1d36742e3f24f50e4e7ae82801fd6399", "number": "8556782712", "date": "2021-01-23 17:15:00", "subject": "11", "recorded-or-robo": "Y", "city": "Valleyford", "state": "WA", "area-code": "855"}, {"id": "3decc6bfadaa436a105714c6ba675ab8", "number": "3186566326", "date": "2021-01-22 12:50:00", "subject": "0", "recorded-or-robo": "Y", "city": "Jacksonville", "state": "TX", "area-code": "903"}, {"id": "1d36742e3f24f50e4e7ae82801fd6207", "number": "3186566326", "date": "2021-01-22 12:50:00", "subject": "0", "recorded-or-robo": "Y", "city": "Jacksonville", "state": "TX", "area-code": "903"}, {"id": "3decc6bfadaa436a105714c6ba67558f", "number": "5099221930", "date": "2021-01-22 11:37:00", "subject": "2", "recorded-or-robo": "", "city": "Spokane Valley", "state": "WA", "area-code": "509"}, {"id": "1d36742e3f24f50e4e7ae82801fd5917", "number": "5099221930", "date": "2021-01-22 11:37:00", "subject": "2", "recorded-or-robo": "", "city": "Spokane Valley", "state": "WA", "area-code": "509"}, {"id": "3decc6bfadaa436a105714c6ba67529c", "number": "5099284529", "date": "2021-01-23 17:06:00", "subject": "1", "recorded-or-robo": "Y", "city": "Spokane Valley", "state": "WA", "area-code": "509"}, {"id": "1d36742e3f24f50e4e7ae82801fd4ffc", "number": "5099284529", "date": "2021-01-23 17:06:00", "subject": "1", "recorded-or-robo": "Y", "city": "Spokane Valley", "state": "WA", "area-code": "509"}, {"id": "3decc6bfadaa436a105714c6ba87b3ed", "number": "6468857083", "date": "2020-12-09 12:23:00", "subject": "3", "recorded-or-robo": "Y", "city": "", "state": "NY", "area-code": "718"}, {"id": "03e293b3df9e35eadf15c561191e4601", "number": "6468857083", "date": "2020-12-09 12:23:00", "subject": "3", "recorded-or-robo": "Y", "city": "", "state": "NY", "area-code": "718"}]}