{"data": [{"id": "3decc6bfadaa436a105714c6ba6a4db6", "number": "9259641626", "date": "2021-01-23 16:53:00", "subject": "2", "recorded-or-robo": "Y", "city": "", "state": "CA", "area-code": "925"}, {"id": "03e293b3df9e35eadf15c56119004378", "number": "9259641626", "date": "2021-01-23 16:53:00", "subject": "2", "recorded-or-robo": "Y", "city": "", "state": "CA", "area-code": "925"}, {"id": "3decc6bfadaa436a105714c6ba6a428d", "number": "5099289701", "date": "2021-01-23 13:38:00", "subject": "1", "recorded-or-robo": "Y", "city": "Spokane Valley", "state": "WA", "area-code": "509"}, {"id": "03e293b3df9e35eadf15c561190041b6", "number": "5099289701", "date": "2021-01-23 13:38:00", "subject": "1", "recorded-or-robo": "Y", "city": "Spokane Valley", "state": "WA", "area-code": "509"}, {"id": "3decc6bfadaa436a105714c6ba6a3904", "number": "5099289084", "date": "2021-01-23 13:21:00", "subject": "1", "recorded-or-robo": "Y", "city": "Spokane Valley", "state": "WA", "area-code": "509"}, {"id": "03e293b3df9e35eadf15c56119003eb8", "number": "5099289084", "date": "2021-01-23 13:21:00", "subject": "1", "recorded-or-robo": "Y", "city": "Spokane Valley", "state": "WA", "area-code": "509"}, {"id": "3decc6bfadaa436a105714c6ba6a354d", "number": "4805029785", "date": "2021-01-22 14:10:00", "subject": "1", "recorded-or-robo": "Y", "city": "Scottsdale", "state": "AZ", "area-code": "480"}, {"id": "03e293b3df9e35eadf15c56119003313", "number": "4805029785", "date": "2021-01-22 14:10:00", "subject": "1", "recorded-or-robo": "Y", "city": "Scottsdale", "state": "AZ", "area-code": "480"}, {"id": "3decc6bfadaa436a105714c6ba6a2915", "number": "5099284695", "date": "2021-01-23 12:47:00", "subject": "1", "recorded-or-robo": "Y", "city": "Spokane Valley", "state": "WA", "area-code": "509"}, {"id": "03e293b3df9e35eadf15c56119002953", "number": "5099284695", "date": "2021-01-23 12:47:00", "subject": "1", "recorded-or-robo": "Y", "city": "Spokane Valley", "state": "WA", "area-code": "509"}, {"id": "3decc6bfadaa436a105714c6ba81dd59", "number": "+18443859130", "date": "2021-01-23 20:47:44", "subject": "3", "recorded-or-robo": "Y", "city": "", "state": "CA", "area-code": "707"}, {"id": "03e293b3df9e35eadf15c561191852ac", "number": "+18443859130", "date": "2021-01-23 20:47:44", "subject": "3", "recorded-or-robo": "Y", "city": "", "state": "CA", "area-code": "707"}, {"id": "3decc6bfadaa436a105714c6ba6a2032", "number": "", "date": "2021-01-19 12:00:00", "subject": "2", "recorded-or-robo": "Y", "city": "Rocklin", "state": "CA", "area-code": "916"}, {"id": "03e293b3df9e35eadf15c56119002884", "number": "", "date": "2021-01-19 12:00:00", "subject": "2", "recorded-or-robo": "Y", "city": "Rocklin", "state": "CA", "area-code": "916"}, {"id": "3decc6bfadaa436a105714c6ba6a1d1b", "number": "5419709645", "date": "2021-01-20 00:00:00", "subject": "3", "recorded-or-robo": "", "city": "Portland", "state": "OR", "area-code": "503"}, {"id": "03e293b3df9e35eadf15c56119001b6b", "number": "5419709645", "date": "2021-01-20 00:00:00", "subject": "3", "recorded-or-robo": "", "city": "Portland", "state": "OR", "area-code": "503"}, {"id": "3decc6bfadaa436a105714c6ba6a1357", "number": "8649926336", "date": "2021-01-20 00:00:00", "subject": "3", "recorded-or-robo": "", "city": "Portland", "state": "OR", "area-code": "503"}, {"id": "03e293b3df9e35eadf15c561190017ac", "number": "8649926336", "date": "2021-01-20 00:00:00", "subject": "3", "recorded-or-robo": "", "city": "Portland", "state": "OR", "area-code": "503"}, {"id": "3decc6bfadaa436a105714c6ba6a0ad4", "number": "4805023167", "date": "2021-01-22 16:29:00", "subject": "1", "recorded-or-robo": "Y", "city": "Scottsdale", "state": "AZ", "area-code": "480"}, {"id": "03e293b3df9e35eadf15c561190014ba", "number": "4805023167", "date": "2021-01-22 16:29:00", "subject": "1", "recorded-or-robo": "Y", "city": "Scottsdale", "state": "AZ", "area-code": "480"}, {"id": "3decc6bfadaa436a105714c6ba6a0120", "number": "", "date": "2021-01-21 12:00:00", "subject": "2", "recorded-or-robo": "Y", "city": "Bellport", "state": "NY", "area-code": "631"}, {"id": "03e293b3df9e35eadf15c561190012e4", "number": "", "date": "2021-01-21 12:00:00", "subject": "2", "recorded-or-robo": "Y", "city": "Bellport", "state": "NY", "area-code": "631"}, {"id": "3decc6bfadaa436a105714c6ba81dd9f", "number": "+17137465612", "date": "2021-01-23 20:45:43", "subject": "3", "recorded-or-robo": "Y", "city": "", "state": "TX", "area-code": "713"}, {"id": "03e293b3df9e35eadf15c5611918530f", "number": "+17137465612", "date": "2021-01-23 20:45:43", "subject": "3", "recorded-or-robo": "Y", "city": "", "state": "TX", "area-code": "713"}, {"id": "3decc6bfadaa436a105714c6ba69fda1", "number": "2149834090", "date": "2021-01-14 00:00:00", "subject": "4", "recorded-or-robo": "Y", "city": "Garland", "state": "TX", "area-code": "214"}, {"id": "03e293b3df9e35eadf15c56119000e89", "number": "2149834090", "date": "2021-01-14 00:00:00", "subject": "4", "recorded-or-robo": "Y", "city": "Garland", "state": "TX", "area-code": "214"}, {"id": "3decc6bfadaa436a105714c6ba69fd35", "number": "9717032284", "date": "2021-01-19 00:00:00", "subject": "2", "recorded-or-robo": "", "city": "Portland", "state": "OR", "area-code": "503"}, {"id": "1d36742e3f24f50e4e7ae82801fff3ac", "number": "9717032284", "date": "2021-01-19 00:00:00", "subject": "2", "recorded-or-robo": "", "city": "Portland", "state": "OR", "area-code": "503"}, {"id": "3decc6bfadaa436a105714c6ba69f9af", "number": "9259641812", "date": "2021-01-23 04:21:00", "subject": "2", "recorded-or-robo": "Y", "city": "", "state": "CA", "area-code": "925"}, {"id": "1d36742e3f24f50e4e7ae82801ffed16", "number": "9259641812", "date": "2021-01-23 04:21:00", "subject": "2", "recorded-or-robo": "Y", "city": "", "state": "CA", "area-code": "925"}, {"id": "3decc6bfadaa436a105714c6ba69f5a4", "number": "9138843640", "date": "2021-01-23 13:47:00", "subject": "2", "recorded-or-robo": "N", "city": "Kansas City", "state": "MO", "area-code": "816"}, {"id": "1d36742e3f24f50e4e7ae82801ffe7b8", "number": "9138843640", "date": "2021-01-23 13:47:00", "subject": "2", "recorded-or-robo": "N", "city": "Kansas City", "state": "MO", "area-code": "816"}, {"id": "3decc6bfadaa436a105714c6ba69e6e1", "number": "5176065473", "date": "2021-01-22 13:46:00", "subject": "2", "recorded-or-robo": "Y", "city": "Moraga", "state": "CA", "area-code": "925"}, {"id": "1d36742e3f24f50e4e7ae82801ffddaa", "number": "5176065473", "date": "2021-01-22 13:46:00", "subject": "2", "recorded-or-robo": "Y", "city": "Moraga", "state": "CA", "area-code": "925"}, {"id": "3decc6bfadaa436a105714c6ba69ded7", "number": "2149837347", "date": "2021-01-16 00:00:00", "subject": "4", "recorded-or-robo": "N", "city": "Garland", "state": "TX", "area-code": "214"}, {"id": "1d36742e3f24f50e4e7ae82801ffd291", "number": "2149837347", "date": "2021-01-16 00:00:00", "subject": "4", "recorded-or-robo": "N", "city": "Garland", "state": "TX", "area-code": "214"}, {"id": "3decc6bfadaa436a105714c6ba69d148", "number": "5036604058", "date": "2021-01-19 00:00:00", "subject": "2", "recorded-or-robo": "", "city": "Portland", "state": "OR", "area-code": "503"}, {"id": "1d36742e3f24f50e4e7ae82801ffccbe", "number": "5036604058", "date": "2021-01-19 00:00:00", "subject": "2", "recorded-or-robo": "", "city": "Portland", "state": "OR", "area-code": "503"}, {"id": "3decc6bfadaa436a105714c6ba69ceef", "number": "4805028954", "date": "2021-01-23 14:45:00", "subject": "1", "recorded-or-robo": "Y", "city": "Scottsdale", "state": "AZ", "area-code": "480"}, {"id": "1d36742e3f24f50e4e7ae82801ffc4b5", "number": "4805028954", "date": "2021-01-23 14:45:00", "subject": "1", "recorded-or-robo": "Y", "city": "Scottsdale", "state": "AZ", "area-code": "480"}, {"id": "3decc6bfadaa436a105714c6ba87dc6d", "number": "5714425955", "date": "2021-01-20 00:00:00", "subject": "3", "recorded-or-robo": "Y", "city": "", "state": "VA", "area-code": "571"}, {"id": "03e293b3df9e35eadf15c561191e5f34", "number": "5714425955", "date": "2021-01-20 00:00:00", "subject": "3", "recorded-or-robo": "Y", "city": "", "state": "VA", "area-code": "571"}, {"id": "3decc6bfadaa436a105714c6ba69c30f", "number": "5095871063", "date": "2021-01-22 15:43:00", "subject": "2", "recorded-or-robo": "", "city": "Spokane Valley", "state": "WA", "area-code": "509"}, {"id": "1d36742e3f24f50e4e7ae82801ffb4d1", "number": "5095871063", "date": "2021-01-22 15:43:00", "subject": "2", "recorded-or-robo": "", "city": "Spokane Valley", "state": "WA", "area-code": "509"}, {"id": "3decc6bfadaa436a105714c6ba69c014", "number": "2677948898", "date": "2021-01-19 00:00:00", "subject": "4", "recorded-or-robo": "Y", "city": "Garland", "state": "TX", "area-code": "214"}, {"id": "1d36742e3f24f50e4e7ae82801ffb1cb", "number": "2677948898", "date": "2021-01-19 00:00:00", "subject": "4", "recorded-or-robo": "Y", "city": "Garland", "state": "TX", "area-code": "214"}, {"id": "3decc6bfadaa436a105714c6ba69bb94", "number": "9259644055", "date": "2021-01-23 02:29:00", "subject": "2", "recorded-or-robo": "Y", "city": "", "state": "CA", "area-code": "925"}, {"id": "1d36742e3f24f50e4e7ae82801ffa271", "number": "9259644055", "date": "2021-01-23 02:29:00", "subject": "2", "recorded-or-robo": "Y", "city": "", "state": "CA", "area-code": "925"}, {"id": "3decc6bfadaa436a105714c6ba81e0cc", "number": "2037601474", "date": "2021-01-23 20:42:30", "subject": "3", "recorded-or-robo": "Y", "city": "", "state": "CT", "area-code": "203"}, {"id": "03e293b3df9e35eadf15c56119185dd3", "number": "2037601474", "date": "2021-01-23 20:42:30", "subject": "3", "recorded-or-robo": "Y", "city": "", "state": "CT", "area-code": "203"}]}