{"data": [{"id": "3decc6bfadaa436a105714c6bad12a4b", "number": "8188627635", "date": "2021-01-14 10:45:00", "subject": "2", "recorded-or-robo": "Y", "city": "Calabasas", "state": "CA", "area-code": "818"}, {"id": "03e293b3df9e35eadf15c56119675c54", "number": "8188627635", "date": "2021-01-14 10:45:00", "subject": "2", "recorded-or-robo": "Y", "city": "Calabasas", "state": "CA", "area-code": "818"}, {"id": "3decc6bfadaa436a105714c6bad1218e", "number": "9167267361", "date": "2021-01-24 17:21:00", "subject": "1", "recorded-or-robo": "Y", "city": "citrus heights.", "state": "CA", "area-code": "916"}, {"id": "03e293b3df9e35eadf15c56119675c27", "number": "9167267361", "date": "2021-01-24 17:21:00", "subject": "1", "recorded-or-robo": "Y", "city": "citrus heights.", "state": "CA", "area-code": "916"}, {"id": "3decc6bfadaa436a105714c6bad112c3", "number": "6027550146", "date": "2021-01-22 13:32:00", "subject": "0", "recorded-or-robo": "Y", "city": "", "state": "AZ", "area-code": "602"}, {"id": "03e293b3df9e35eadf15c561196752c0", "number": "6027550146", "date": "2021-01-22 13:32:00", "subject": "0", "recorded-or-robo": "Y", "city": "", "state": "AZ", "area-code": "602"}, {"id": "3decc6bfadaa436a105714c6bad0cfc8", "number": "4172002692", "date": "2021-01-21 12:25:00", "subject": "3", "recorded-or-robo": "", "city": "", "state": "MO", "area-code": "417"}, {"id": "03e293b3df9e35eadf15c5611967240b", "number": "4172002692", "date": "2021-01-21 12:25:00", "subject": "3", "recorded-or-robo": "", "city": "", "state": "MO", "area-code": "417"}, {"id": "3decc6bfadaa436a105714c6bad107e2", "number": "8556788388", "date": "2021-01-24 20:19:00", "subject": "11", "recorded-or-robo": "Y", "city": "Gainesville", "state": "FL", "area-code": "352"}, {"id": "03e293b3df9e35eadf15c5611967470b", "number": "8556788388", "date": "2021-01-24 20:19:00", "subject": "11", "recorded-or-robo": "Y", "city": "Gainesville", "state": "FL", "area-code": "352"}, {"id": "3decc6bfadaa436a105714c6bad0fd99", "number": "9043056882", "date": "2021-01-03 00:00:00", "subject": "11", "recorded-or-robo": "Y", "city": "Lagos", "state": "VT", "area-code": "904"}, {"id": "3decc6bfadaa436a105714c6bad0f06d", "number": "9782343919", "date": "2021-01-22 12:41:00", "subject": "0", "recorded-or-robo": "Y", "city": "", "state": "AZ", "area-code": "602"}, {"id": "03e293b3df9e35eadf15c56119673e11", "number": "9043056882", "date": "2021-01-03 00:00:00", "subject": "11", "recorded-or-robo": "Y", "city": "Lagos", "state": "VT", "area-code": "904"}, {"id": "03e293b3df9e35eadf15c561196735e4", "number": "9782343919", "date": "2021-01-22 12:41:00", "subject": "0", "recorded-or-robo": "Y", "city": "", "state": "AZ", "area-code": "602"}, {"id": "3decc6bfadaa436a105714c6bad0e248", "number": "2487443391", "date": "2021-01-24 10:53:00", "subject": "2", "recorded-or-robo": "Y", "city": "Rochester Hills", "state": "MI", "area-code": "248"}, {"id": "3decc6bfadaa436a105714c6bad0d6b3", "number": "6613061849", "date": "2021-01-14 07:29:00", "subject": "2", "recorded-or-robo": "Y", "city": "Calabasas", "state": "CA", "area-code": "818"}, {"id": "03e293b3df9e35eadf15c56119673245", "number": "2487443391", "date": "2021-01-24 10:53:00", "subject": "2", "recorded-or-robo": "Y", "city": "Rochester Hills", "state": "MI", "area-code": "248"}, {"id": "03e293b3df9e35eadf15c561196725d6", "number": "6613061849", "date": "2021-01-14 07:29:00", "subject": "2", "recorded-or-robo": "Y", "city": "Calabasas", "state": "CA", "area-code": "818"}, {"id": "3decc6bfadaa436a105714c6bad0c9f7", "number": "5092339803", "date": "2021-01-24 16:10:00", "subject": "2", "recorded-or-robo": "Y", "city": "LOON LAKE", "state": "WA", "area-code": "509"}, {"id": "03e293b3df9e35eadf15c56119671513", "number": "5092339803", "date": "2021-01-24 16:10:00", "subject": "2", "recorded-or-robo": "Y", "city": "LOON LAKE", "state": "WA", "area-code": "509"}, {"id": "3decc6bfadaa436a105714c6bad0c792", "number": "9782343919", "date": "2021-01-22 11:37:00", "subject": "0", "recorded-or-robo": "Y", "city": "", "state": "AZ", "area-code": "602"}, {"id": "03e293b3df9e35eadf15c561196713f4", "number": "9782343919", "date": "2021-01-22 11:37:00", "subject": "0", "recorded-or-robo": "Y", "city": "", "state": "AZ", "area-code": "602"}, {"id": "3decc6bfadaa436a105714c6bad0bce2", "number": "3234869440", "date": "2021-01-13 10:31:00", "subject": "2", "recorded-or-robo": "Y", "city": "Calabasas", "state": "CA", "area-code": "818"}, {"id": "03e293b3df9e35eadf15c56119671095", "number": "3234869440", "date": "2021-01-13 10:31:00", "subject": "2", "recorded-or-robo": "Y", "city": "Calabasas", "state": "CA", "area-code": "818"}, {"id": "3decc6bfadaa436a105714c6bad0b8b1", "number": "6154863620", "date": "2021-01-12 00:00:00", "subject": "3", "recorded-or-robo": "Y", "city": "", "state": "CA", "area-code": "669"}, {"id": "03e293b3df9e35eadf15c561196708e8", "number": "6154863620", "date": "2021-01-12 00:00:00", "subject": "3", "recorded-or-robo": "Y", "city": "", "state": "CA", "area-code": "669"}, {"id": "3decc6bfadaa436a105714c6bad0b185", "number": "4147325913", "date": "2021-01-24 19:20:00", "subject": "1", "recorded-or-robo": "Y", "city": "", "state": "WI", "area-code": "414"}, {"id": "03e293b3df9e35eadf15c56119670585", "number": "4147325913", "date": "2021-01-24 19:20:00", "subject": "1", "recorded-or-robo": "Y", "city": "", "state": "WI", "area-code": "414"}, {"id": "3decc6bfadaa436a105714c6bad0a677", "number": "6108947192", "date": "2021-01-22 16:15:00", "subject": "4", "recorded-or-robo": "Y", "city": "ROYERSFORD", "state": "PA", "area-code": "610"}, {"id": "03e293b3df9e35eadf15c561196701c4", "number": "6108947192", "date": "2021-01-22 16:15:00", "subject": "4", "recorded-or-robo": "Y", "city": "ROYERSFORD", "state": "PA", "area-code": "610"}, {"id": "3decc6bfadaa436a105714c6bad0a027", "number": "8605493741", "date": "2021-01-23 16:23:00", "subject": "6", "recorded-or-robo": "N", "city": "Groton", "state": "CT", "area-code": "860"}, {"id": "03e293b3df9e35eadf15c5611966fd36", "number": "8605493741", "date": "2021-01-23 16:23:00", "subject": "6", "recorded-or-robo": "N", "city": "Groton", "state": "CT", "area-code": "860"}, {"id": "3decc6bfadaa436a105714c6bad09ab1", "number": "3143086806", "date": "2021-01-24 19:17:00", "subject": "2", "recorded-or-robo": "Y", "city": "St Louis", "state": "MO", "area-code": "314"}, {"id": "03e293b3df9e35eadf15c5611966f912", "number": "3143086806", "date": "2021-01-24 19:17:00", "subject": "2", "recorded-or-robo": "Y", "city": "St Louis", "state": "MO", "area-code": "314"}, {"id": "3decc6bfadaa436a105714c6bad09562", "number": "8186101844", "date": "2021-01-13 17:47:00", "subject": "2", "recorded-or-robo": "Y", "city": "Calabasas", "state": "CA", "area-code": "818"}, {"id": "03e293b3df9e35eadf15c5611966ec55", "number": "8186101844", "date": "2021-01-13 17:47:00", "subject": "2", "recorded-or-robo": "Y", "city": "Calabasas", "state": "CA", "area-code": "818"}, {"id": "3decc6bfadaa436a105714c6bad08dbf", "number": "7163376697", "date": "2021-01-22 09:00:00", "subject": "1", "recorded-or-robo": "Y", "city": "Loveland", "state": "CO", "area-code": "970"}, {"id": "03e293b3df9e35eadf15c5611966dcdc", "number": "7163376697", "date": "2021-01-22 09:00:00", "subject": "1", "recorded-or-robo": "Y", "city": "Loveland", "state": "CO", "area-code": "970"}, {"id": "3decc6bfadaa436a105714c6bad07eaa", "number": "6027550146", "date": "2021-01-20 20:23:00", "subject": "0", "recorded-or-robo": "Y", "city": "", "state": "AZ", "area-code": "602"}, {"id": "03e293b3df9e35eadf15c5611966d7d8", "number": "6027550146", "date": "2021-01-20 20:23:00", "subject": "0", "recorded-or-robo": "Y", "city": "", "state": "AZ", "area-code": "602"}, {"id": "3decc6bfadaa436a105714c6bad07b88", "number": "8556987934", "date": "2021-01-24 00:00:00", "subject": "11", "recorded-or-robo": "Y", "city": "Hazelwood", "state": "MO", "area-code": "314"}, {"id": "03e293b3df9e35eadf15c5611966d545", "number": "8556987934", "date": "2021-01-24 00:00:00", "subject": "11", "recorded-or-robo": "Y", "city": "Hazelwood", "state": "MO", "area-code": "314"}, {"id": "3decc6bfadaa436a105714c6bad07352", "number": "9496030479", "date": "2021-01-24 17:19:00", "subject": "0", "recorded-or-robo": "Y", "city": "", "state": "CA", "area-code": "949"}, {"id": "03e293b3df9e35eadf15c5611966c5a7", "number": "9496030479", "date": "2021-01-24 17:19:00", "subject": "0", "recorded-or-robo": "Y", "city": "", "state": "CA", "area-code": "949"}, {"id": "3decc6bfadaa436a105714c6bad068b5", "number": "3152328257", "date": "2021-01-24 12:30:00", "subject": "1", "recorded-or-robo": "Y", "city": "", "state": "MO", "area-code": "314"}, {"id": "03e293b3df9e35eadf15c5611966c267", "number": "3152328257", "date": "2021-01-24 12:30:00", "subject": "1", "recorded-or-robo": "Y", "city": "", "state": "MO", "area-code": "314"}, {"id": "3decc6bfadaa436a105714c6bad064e6", "number": "9726560958", "date": "2021-01-21 18:40:00", "subject": "2", "recorded-or-robo": "N", "city": "Irving", "state": "TX", "area-code": "972"}, {"id": "03e293b3df9e35eadf15c5611966c0f8", "number": "9726560958", "date": "2021-01-21 18:40:00", "subject": "2", "recorded-or-robo": "N", "city": "Irving", "state": "TX", "area-code": "972"}, {"id": "3decc6bfadaa436a105714c6bad058d6", "number": "6469185925", "date": "2021-01-21 00:00:00", "subject": "2", "recorded-or-robo": "Y", "city": "", "state": "NY", "area-code": "646"}, {"id": "03e293b3df9e35eadf15c5611966bf15", "number": "6469185925", "date": "2021-01-21 00:00:00", "subject": "2", "recorded-or-robo": "Y", "city": "", "state": "NY", "area-code": "646"}]}