{"data": [{"id": "deca54a6651fb9add5b4a9816cb524a7", "number": "7153385926", "date": "2021-01-22 11:10:00", "subject": "2", "recorded-or-robo": "N", "city": "River Falls", "state": "WI", "area-code": "715"}, {"id": "e81c9350d54f66c6d33b3747ee200cac", "number": "8656744020", "date": "2021-01-22 10:35:00", "subject": "2", "recorded-or-robo": "Y", "city": "Kingston", "state": "TN", "area-code": "865"}, {"id": "e81c9350d54f66c6d33b3747ee1fffde", "number": "7574228476", "date": "2021-01-22 17:06:00", "subject": "2", "recorded-or-robo": "Y", "city": "Alexandria", "state": "VA", "area-code": "703"}, {"id": "deca54a6651fb9add5b4a9816cb51562", "number": "8656744020", "date": "2021-01-22 10:35:00", "subject": "2", "recorded-or-robo": "Y", "city": "Kingston", "state": "TN", "area-code": "865"}, {"id": "deca54a6651fb9add5b4a9816cb51374", "number": "7574228476", "date": "2021-01-22 17:06:00", "subject": "2", "recorded-or-robo": "Y", "city": "Alexandria", "state": "VA", "area-code": "703"}, {"id": "e81c9350d54f66c6d33b3747ee1fff4f", "number": "8182494467", "date": "2021-01-22 11:20:00", "subject": "2", "recorded-or-robo": "N", "city": "Huntington Beach", "state": "CA", "area-code": "818"}, {"id": "deca54a6651fb9add5b4a9816cb50485", "number": "8182494467", "date": "2021-01-22 11:20:00", "subject": "2", "recorded-or-robo": "N", "city": "Huntington Beach", "state": "CA", "area-code": "818"}, {"id": "e81c9350d54f66c6d33b3747ee1ff0d0", "number": "8026525638", "date": "2021-01-19 16:36:00", "subject": "2", "recorded-or-robo": "Y", "city": "Chevy Chase", "state": "MD", "area-code": "301"}, {"id": "deca54a6651fb9add5b4a9816cb4ffc7", "number": "8026525638", "date": "2021-01-19 16:36:00", "subject": "2", "recorded-or-robo": "Y", "city": "Chevy Chase", "state": "MD", "area-code": "301"}, {"id": "e81c9350d54f66c6d33b3747ee5cf038", "number": "9891556506", "date": "2021-01-21 14:04:00", "subject": "3", "recorded-or-robo": "", "city": "", "state": "MI", "area-code": "989"}, {"id": "e81c9350d54f66c6d33b3747ee1ff02b", "number": "7405552312", "date": "2021-01-22 14:32:00", "subject": "2", "recorded-or-robo": "Y", "city": "san pedro", "state": "CA", "area-code": "740"}, {"id": "e81c9350d54f66c6d33b3747ee1fe69e", "number": "9495858267", "date": "2021-01-22 14:24:00", "subject": "4", "recorded-or-robo": "Y", "city": "Orange", "state": "CA", "area-code": "714"}, {"id": "deca54a6651fb9add5b4a9816cf1c88a", "number": "9891556506", "date": "2021-01-21 14:04:00", "subject": "3", "recorded-or-robo": "", "city": "", "state": "MI", "area-code": "989"}, {"id": "deca54a6651fb9add5b4a9816cb4f64d", "number": "7405552312", "date": "2021-01-22 14:32:00", "subject": "2", "recorded-or-robo": "Y", "city": "san pedro", "state": "CA", "area-code": "740"}, {"id": "deca54a6651fb9add5b4a9816cb4ee2a", "number": "9495858267", "date": "2021-01-22 14:24:00", "subject": "4", "recorded-or-robo": "Y", "city": "Orange", "state": "CA", "area-code": "714"}, {"id": "e81c9350d54f66c6d33b3747ee1fdfdb", "number": "2019320640", "date": "2021-01-21 00:00:00", "subject": "2", "recorded-or-robo": "Y", "city": "", "state": "NJ", "area-code": "609"}, {"id": "deca54a6651fb9add5b4a9816cb4e052", "number": "2019320640", "date": "2021-01-21 00:00:00", "subject": "2", "recorded-or-robo": "Y", "city": "", "state": "NJ", "area-code": "609"}, {"id": "e81c9350d54f66c6d33b3747ee1fd1a6", "number": "5205205240", "date": "2021-01-22 18:17:00", "subject": "2", "recorded-or-robo": "Y", "city": "Parsippany", "state": "NJ", "area-code": "973"}, {"id": "deca54a6651fb9add5b4a9816cb4d8ee", "number": "5205205240", "date": "2021-01-22 18:17:00", "subject": "2", "recorded-or-robo": "Y", "city": "Parsippany", "state": "NJ", "area-code": "973"}, {"id": "e81c9350d54f66c6d33b3747ee1fc6bc", "number": "3149365648", "date": "2021-01-22 14:40:00", "subject": "2", "recorded-or-robo": "Y", "city": "San Juan Capistrano", "state": "CA", "area-code": "949"}, {"id": "deca54a6651fb9add5b4a9816cb4cf75", "number": "3149365648", "date": "2021-01-22 14:40:00", "subject": "2", "recorded-or-robo": "Y", "city": "San Juan Capistrano", "state": "CA", "area-code": "949"}, {"id": "e81c9350d54f66c6d33b3747ee1fbb64", "number": "9042934891", "date": "2021-01-22 11:39:00", "subject": "0", "recorded-or-robo": "N", "city": "Huntington Beach", "state": "CA", "area-code": "818"}, {"id": "deca54a6651fb9add5b4a9816cb4ccb1", "number": "9042934891", "date": "2021-01-22 11:39:00", "subject": "0", "recorded-or-robo": "N", "city": "Huntington Beach", "state": "CA", "area-code": "818"}, {"id": "e81c9350d54f66c6d33b3747ee1fb5fd", "number": "8184938914", "date": "2021-01-22 10:17:00", "subject": "3", "recorded-or-robo": "Y", "city": "Bakersfield", "state": "CA", "area-code": "661"}, {"id": "deca54a6651fb9add5b4a9816cb4c7dc", "number": "8184938914", "date": "2021-01-22 10:17:00", "subject": "3", "recorded-or-robo": "Y", "city": "Bakersfield", "state": "CA", "area-code": "661"}, {"id": "e81c9350d54f66c6d33b3747ee1fa9d3", "number": "", "date": "2021-01-22 15:30:00", "subject": "7", "recorded-or-robo": "Y", "city": "Ravenna", "state": "OH", "area-code": "330"}, {"id": "deca54a6651fb9add5b4a9816cb4c3c0", "number": "", "date": "2021-01-22 15:30:00", "subject": "7", "recorded-or-robo": "Y", "city": "Ravenna", "state": "OH", "area-code": "330"}, {"id": "e81c9350d54f66c6d33b3747ee550535", "number": "+14156870920", "date": "2021-01-22 17:54:36", "subject": "3", "recorded-or-robo": "Y", "city": "", "state": "CA", "area-code": "415"}, {"id": "deca54a6651fb9add5b4a9816ce999fc", "number": "+14156870920", "date": "2021-01-22 17:54:36", "subject": "3", "recorded-or-robo": "Y", "city": "", "state": "CA", "area-code": "415"}, {"id": "e81c9350d54f66c6d33b3747ee54ae19", "number": "6787064469", "date": "2021-01-22 17:54:33", "subject": "3", "recorded-or-robo": "Y", "city": "", "state": "GA", "area-code": "404"}, {"id": "deca54a6651fb9add5b4a9816ce9355c", "number": "6787064469", "date": "2021-01-22 17:54:33", "subject": "3", "recorded-or-robo": "Y", "city": "", "state": "GA", "area-code": "404"}, {"id": "e81c9350d54f66c6d33b3747ee54e6cd", "number": "5413209738", "date": "2021-01-22 17:54:31", "subject": "3", "recorded-or-robo": "Y", "city": "", "state": "AZ", "area-code": "623"}, {"id": "deca54a6651fb9add5b4a9816ce97242", "number": "5413209738", "date": "2021-01-22 17:54:31", "subject": "3", "recorded-or-robo": "Y", "city": "", "state": "AZ", "area-code": "623"}, {"id": "e81c9350d54f66c6d33b3747ee1fa2c0", "number": "", "date": "2021-01-22 12:00:00", "subject": "1", "recorded-or-robo": "Y", "city": "", "state": "MN", "area-code": "218"}, {"id": "e81c9350d54f66c6d33b3747ee1fa205", "number": "122072418003932", "date": "2021-01-22 09:23:00", "subject": "0", "recorded-or-robo": "Y", "city": "Sylvan Lake", "state": "MI", "area-code": "248"}, {"id": "e81c9350d54f66c6d33b3747ee1f9f4f", "number": "8016813518", "date": "2021-01-22 15:49:00", "subject": "1", "recorded-or-robo": "Y", "city": "", "state": "UT", "area-code": "801"}, {"id": "deca54a6651fb9add5b4a9816cb4b46a", "number": "", "date": "2021-01-22 12:00:00", "subject": "1", "recorded-or-robo": "Y", "city": "", "state": "MN", "area-code": "218"}, {"id": "deca54a6651fb9add5b4a9816cb4b1bc", "number": "122072418003932", "date": "2021-01-22 09:23:00", "subject": "0", "recorded-or-robo": "Y", "city": "Sylvan Lake", "state": "MI", "area-code": "248"}, {"id": "deca54a6651fb9add5b4a9816cb4a7c0", "number": "8016813518", "date": "2021-01-22 15:49:00", "subject": "1", "recorded-or-robo": "Y", "city": "", "state": "UT", "area-code": "801"}, {"id": "e81c9350d54f66c6d33b3747ee1f90a1", "number": "2013499756", "date": "2021-01-22 17:46:00", "subject": "2", "recorded-or-robo": "Y", "city": "Belleville", "state": "NJ", "area-code": "201"}, {"id": "deca54a6651fb9add5b4a9816cb49ffb", "number": "2013499756", "date": "2021-01-22 17:46:00", "subject": "2", "recorded-or-robo": "Y", "city": "Belleville", "state": "NJ", "area-code": "201"}, {"id": "e81c9350d54f66c6d33b3747ee1f876e", "number": "8332297968", "date": "2021-01-22 09:17:00", "subject": "3", "recorded-or-robo": "Y", "city": "", "state": "AL", "area-code": "205"}, {"id": "deca54a6651fb9add5b4a9816cb49b47", "number": "8332297968", "date": "2021-01-22 09:17:00", "subject": "3", "recorded-or-robo": "Y", "city": "", "state": "AL", "area-code": "205"}, {"id": "e81c9350d54f66c6d33b3747ee1f83cf", "number": "5172567533", "date": "2021-01-22 17:00:00", "subject": "2", "recorded-or-robo": "Y", "city": "satelitte beach", "state": "FL", "area-code": "517"}, {"id": "deca54a6651fb9add5b4a9816cb49ae1", "number": "5172567533", "date": "2021-01-22 17:00:00", "subject": "2", "recorded-or-robo": "Y", "city": "satelitte beach", "state": "FL", "area-code": "517"}, {"id": "e81c9350d54f66c6d33b3747ee1f7bea", "number": "6163278904", "date": "2021-01-22 16:35:00", "subject": "0", "recorded-or-robo": "Y", "city": "Plymouth", "state": "MI", "area-code": "734"}, {"id": "deca54a6651fb9add5b4a9816cb48d3f", "number": "6163278904", "date": "2021-01-22 16:35:00", "subject": "0", "recorded-or-robo": "Y", "city": "Plymouth", "state": "MI", "area-code": "734"}, {"id": "e81c9350d54f66c6d33b3747ee55981b", "number": "7024753472", "date": "2021-01-22 17:54:19", "subject": "3", "recorded-or-robo": "N", "city": "", "state": "NV", "area-code": "702"}, {"id": "deca54a6651fb9add5b4a9816cea0cf9", "number": "7024753472", "date": "2021-01-22 17:54:19", "subject": "3", "recorded-or-robo": "N", "city": "", "state": "NV", "area-code": "702"}, {"id": "e81c9350d54f66c6d33b3747ee1f4456", "number": "8182753429", "date": "2021-01-22 12:22:00", "subject": "3", "recorded-or-robo": "N", "city": "", "state": "CA", "area-code": "818"}]}