{"data": [{"id": "1d36742e3f24f50e4e7ae828010f0b13", "number": "5596229167", "date": "2021-01-22 08:43:00", "subject": "4", "recorded-or-robo": "Y", "city": "San Francisco", "state": "CA", "area-code": "415"}, {"id": "e81c9350d54f66c6d33b3747ee7a6f64", "number": "6179341548", "date": "2021-01-22 11:25:00", "subject": "2", "recorded-or-robo": "Y", "city": "", "state": "MA", "area-code": "781"}, {"id": "1d36742e3f24f50e4e7ae828010f0724", "number": "6179341548", "date": "2021-01-22 11:25:00", "subject": "2", "recorded-or-robo": "Y", "city": "", "state": "MA", "area-code": "781"}, {"id": "e81c9350d54f66c6d33b3747ee7a662b", "number": "5037182703", "date": "2021-01-22 16:51:00", "subject": "2", "recorded-or-robo": "Y", "city": "Albany", "state": "OR", "area-code": "541"}, {"id": "1d36742e3f24f50e4e7ae828010ef793", "number": "5037182703", "date": "2021-01-22 16:51:00", "subject": "2", "recorded-or-robo": "Y", "city": "Albany", "state": "OR", "area-code": "541"}, {"id": "e81c9350d54f66c6d33b3747ee7a5dcd", "number": "7193159729", "date": "2021-01-21 19:10:00", "subject": "0", "recorded-or-robo": "", "city": "", "state": "CO", "area-code": "720"}, {"id": "1d36742e3f24f50e4e7ae828010eed08", "number": "7193159729", "date": "2021-01-21 19:10:00", "subject": "0", "recorded-or-robo": "", "city": "", "state": "CO", "area-code": "720"}, {"id": "e81c9350d54f66c6d33b3747ee7a54b6", "number": "3074643610", "date": "2021-01-14 09:24:00", "subject": "0", "recorded-or-robo": "Y", "city": "Westchester", "state": "IL", "area-code": "708"}, {"id": "1d36742e3f24f50e4e7ae828010ee33f", "number": "3074643610", "date": "2021-01-14 09:24:00", "subject": "0", "recorded-or-robo": "Y", "city": "Westchester", "state": "IL", "area-code": "708"}, {"id": "e81c9350d54f66c6d33b3747ee7a4662", "number": "6319736429", "date": "2021-01-22 12:41:00", "subject": "4", "recorded-or-robo": "Y", "city": "Hampton bays", "state": "NY", "area-code": "631"}, {"id": "1d36742e3f24f50e4e7ae828010ed617", "number": "6319736429", "date": "2021-01-22 12:41:00", "subject": "4", "recorded-or-robo": "Y", "city": "Hampton bays", "state": "NY", "area-code": "631"}, {"id": "e81c9350d54f66c6d33b3747ee7a4271", "number": "4135781231", "date": "2021-01-22 14:56:00", "subject": "0", "recorded-or-robo": "", "city": "Southampton", "state": "MA", "area-code": "413"}, {"id": "1d36742e3f24f50e4e7ae828010ec98e", "number": "4135781231", "date": "2021-01-22 14:56:00", "subject": "0", "recorded-or-robo": "", "city": "Southampton", "state": "MA", "area-code": "413"}, {"id": "e81c9350d54f66c6d33b3747ee7a3afa", "number": "7082778083", "date": "2021-01-22 14:54:00", "subject": "1", "recorded-or-robo": "Y", "city": "Elmwood Park", "state": "IL", "area-code": "708"}, {"id": "1d36742e3f24f50e4e7ae828010ebe27", "number": "7082778083", "date": "2021-01-22 14:54:00", "subject": "1", "recorded-or-robo": "Y", "city": "Elmwood Park", "state": "IL", "area-code": "708"}, {"id": "e81c9350d54f66c6d33b3747ee7a3193", "number": "7736270197", "date": "2021-01-22 16:00:00", "subject": "3", "recorded-or-robo": "Y", "city": "", "state": "IL", "area-code": "773"}, {"id": "1d36742e3f24f50e4e7ae828010ebdfa", "number": "7736270197", "date": "2021-01-22 16:00:00", "subject": "3", "recorded-or-robo": "Y", "city": "", "state": "IL", "area-code": "773"}, {"id": "e81c9350d54f66c6d33b3747eea9724d", "number": "5416252628", "date": "2021-01-22 20:00:01", "subject": "3", "recorded-or-robo": "Y", "city": "", "state": "OR", "area-code": "541"}, {"id": "1d36742e3f24f50e4e7ae828013e6fad", "number": "5416252628", "date": "2021-01-22 20:00:01", "subject": "3", "recorded-or-robo": "Y", "city": "", "state": "OR", "area-code": "541"}, {"id": "e81c9350d54f66c6d33b3747ee7a2333", "number": "3317753447", "date": "2021-01-22 09:35:00", "subject": "0", "recorded-or-robo": "Y", "city": "Downers Grove", "state": "IL", "area-code": "630"}, {"id": "1d36742e3f24f50e4e7ae828010ebcdc", "number": "3317753447", "date": "2021-01-22 09:35:00", "subject": "0", "recorded-or-robo": "Y", "city": "Downers Grove", "state": "IL", "area-code": "630"}, {"id": "e81c9350d54f66c6d33b3747ee7a18d3", "number": "6463780795", "date": "2021-01-22 17:55:00", "subject": "0", "recorded-or-robo": "", "city": "", "state": "CO", "area-code": "720"}, {"id": "1d36742e3f24f50e4e7ae828010ebbb2", "number": "6463780795", "date": "2021-01-22 17:55:00", "subject": "0", "recorded-or-robo": "", "city": "", "state": "CO", "area-code": "720"}, {"id": "e81c9350d54f66c6d33b3747eea865cf", "number": "6105907070", "date": "2021-01-22 19:59:25", "subject": "3", "recorded-or-robo": "Y", "city": "", "state": "PA", "area-code": "610"}, {"id": "1d36742e3f24f50e4e7ae828013d48ab", "number": "6105907070", "date": "2021-01-22 19:59:25", "subject": "3", "recorded-or-robo": "Y", "city": "", "state": "PA", "area-code": "610"}, {"id": "e81c9350d54f66c6d33b3747ee7a14aa", "number": "7733459200", "date": "2021-01-21 10:00:00", "subject": "3", "recorded-or-robo": "Y", "city": "", "state": "IL", "area-code": "773"}, {"id": "1d36742e3f24f50e4e7ae828010ebb2f", "number": "7733459200", "date": "2021-01-21 10:00:00", "subject": "3", "recorded-or-robo": "Y", "city": "", "state": "IL", "area-code": "773"}, {"id": "e81c9350d54f66c6d33b3747ee7a0687", "number": "7086599589", "date": "2021-01-22 15:01:00", "subject": "1", "recorded-or-robo": "Y", "city": "Elmwood Park", "state": "IL", "area-code": "708"}, {"id": "1d36742e3f24f50e4e7ae828010eb4da", "number": "7086599589", "date": "2021-01-22 15:01:00", "subject": "1", "recorded-or-robo": "Y", "city": "Elmwood Park", "state": "IL", "area-code": "708"}, {"id": "e81c9350d54f66c6d33b3747eea880ff", "number": "+17472653579", "date": "2021-01-22 19:59:21", "subject": "3", "recorded-or-robo": "Y", "city": "", "state": "CA", "area-code": "949"}, {"id": "e81c9350d54f66c6d33b3747ee79fce5", "number": "2221066", "date": "2021-01-22 19:56:00", "subject": "2", "recorded-or-robo": "N", "city": "Live Oak", "state": "FL", "area-code": "386"}, {"id": "1d36742e3f24f50e4e7ae828013d718a", "number": "+17472653579", "date": "2021-01-22 19:59:21", "subject": "3", "recorded-or-robo": "Y", "city": "", "state": "CA", "area-code": "949"}, {"id": "1d36742e3f24f50e4e7ae828010eb190", "number": "2221066", "date": "2021-01-22 19:56:00", "subject": "2", "recorded-or-robo": "N", "city": "Live Oak", "state": "FL", "area-code": "386"}, {"id": "e81c9350d54f66c6d33b3747eea881a7", "number": "+15106752548", "date": "2021-01-22 19:59:19", "subject": "3", "recorded-or-robo": "Y", "city": "", "state": "CA", "area-code": "323"}, {"id": "e81c9350d54f66c6d33b3747ee79fbef", "number": "4133862907", "date": "2021-01-22 14:15:00", "subject": "0", "recorded-or-robo": "", "city": "Southampton", "state": "MA", "area-code": "413"}, {"id": "1d36742e3f24f50e4e7ae828013d7e3e", "number": "+15106752548", "date": "2021-01-22 19:59:19", "subject": "3", "recorded-or-robo": "Y", "city": "", "state": "CA", "area-code": "323"}, {"id": "1d36742e3f24f50e4e7ae828010eafed", "number": "4133862907", "date": "2021-01-22 14:15:00", "subject": "0", "recorded-or-robo": "", "city": "Southampton", "state": "MA", "area-code": "413"}, {"id": "e81c9350d54f66c6d33b3747ee79fb70", "number": "6146995996", "date": "2021-01-22 11:18:00", "subject": "2", "recorded-or-robo": "N", "city": "Thornville", "state": "OH", "area-code": "740"}, {"id": "1d36742e3f24f50e4e7ae828010eab76", "number": "6146995996", "date": "2021-01-22 11:18:00", "subject": "2", "recorded-or-robo": "N", "city": "Thornville", "state": "OH", "area-code": "740"}, {"id": "e81c9350d54f66c6d33b3747eea86e11", "number": "+19136753104", "date": "2021-01-22 19:58:54", "subject": "3", "recorded-or-robo": "Y", "city": "", "state": "FL", "area-code": "407"}, {"id": "1d36742e3f24f50e4e7ae828013d4bab", "number": "+19136753104", "date": "2021-01-22 19:58:54", "subject": "3", "recorded-or-robo": "Y", "city": "", "state": "FL", "area-code": "407"}, {"id": "e81c9350d54f66c6d33b3747ee79f7aa", "number": "2179427311", "date": "2021-01-22 13:04:00", "subject": "3", "recorded-or-robo": "Y", "city": "", "state": "IL", "area-code": "773"}, {"id": "1d36742e3f24f50e4e7ae828010ea65e", "number": "2179427311", "date": "2021-01-22 13:04:00", "subject": "3", "recorded-or-robo": "Y", "city": "", "state": "IL", "area-code": "773"}, {"id": "e81c9350d54f66c6d33b3747ee79ed44", "number": "3478115138", "date": "2021-01-22 16:22:00", "subject": "4", "recorded-or-robo": "Y", "city": "Hampton bays", "state": "NY", "area-code": "631"}, {"id": "1d36742e3f24f50e4e7ae828010e998d", "number": "3478115138", "date": "2021-01-22 16:22:00", "subject": "4", "recorded-or-robo": "Y", "city": "Hampton bays", "state": "NY", "area-code": "631"}, {"id": "e81c9350d54f66c6d33b3747ee79e747", "number": "", "date": "2021-01-22 17:21:00", "subject": "11", "recorded-or-robo": "Y", "city": "Saint Louis", "state": "MO", "area-code": "314"}, {"id": "1d36742e3f24f50e4e7ae828010e8c35", "number": "", "date": "2021-01-22 17:21:00", "subject": "11", "recorded-or-robo": "Y", "city": "Saint Louis", "state": "MO", "area-code": "314"}, {"id": "e81c9350d54f66c6d33b3747ee79df22", "number": "8475039286", "date": "2021-01-22 18:15:00", "subject": "5", "recorded-or-robo": "Y", "city": "Elmwood Park", "state": "IL", "area-code": "708"}, {"id": "1d36742e3f24f50e4e7ae828010e870a", "number": "8475039286", "date": "2021-01-22 18:15:00", "subject": "5", "recorded-or-robo": "Y", "city": "Elmwood Park", "state": "IL", "area-code": "708"}, {"id": "e81c9350d54f66c6d33b3747ee79d44c", "number": "7744701800", "date": "2021-01-22 14:31:00", "subject": "0", "recorded-or-robo": "Y", "city": "", "state": "FL", "area-code": "561"}]}