{"data": [{"id": "1d36742e3f24f50e4e7ae8280152eee8", "number": "6787307860", "date": "2021-01-22 22:46:21", "subject": "3", "recorded-or-robo": "N", "city": "", "state": "GA", "area-code": "404"}, {"id": "e81c9350d54f66c6d33b3747eebdfba7", "number": "6787307860", "date": "2021-01-22 22:46:20", "subject": "3", "recorded-or-robo": "N", "city": "", "state": "GA", "area-code": "404"}, {"id": "1d36742e3f24f50e4e7ae8280152fc47", "number": "6787307860", "date": "2021-01-22 22:46:20", "subject": "3", "recorded-or-robo": "N", "city": "", "state": "GA", "area-code": "404"}, {"id": "e81c9350d54f66c6d33b3747eebd53b1", "number": "3162011949", "date": "2021-01-22 22:46:11", "subject": "3", "recorded-or-robo": "N", "city": "", "state": "TX", "area-code": "214"}, {"id": "1d36742e3f24f50e4e7ae8280152963f", "number": "3162011949", "date": "2021-01-22 22:46:11", "subject": "3", "recorded-or-robo": "N", "city": "", "state": "TX", "area-code": "214"}, {"id": "e81c9350d54f66c6d33b3747eebd7446", "number": "4694097796", "date": "2021-01-22 22:45:52", "subject": "3", "recorded-or-robo": "N", "city": "", "state": "TX", "area-code": "214"}, {"id": "1d36742e3f24f50e4e7ae8280152a9e1", "number": "4694097796", "date": "2021-01-22 22:45:52", "subject": "3", "recorded-or-robo": "N", "city": "", "state": "TX", "area-code": "214"}, {"id": "e81c9350d54f66c6d33b3747ee9442af", "number": "2142638312", "date": "2021-01-21 15:26:00", "subject": "4", "recorded-or-robo": "Y", "city": "Irving", "state": "TX", "area-code": "214"}, {"id": "1d36742e3f24f50e4e7ae8280129ce0c", "number": "2142638312", "date": "2021-01-21 15:26:00", "subject": "4", "recorded-or-robo": "Y", "city": "Irving", "state": "TX", "area-code": "214"}, {"id": "e81c9350d54f66c6d33b3747ee9438f1", "number": "5203805824", "date": "2021-01-14 16:19:00", "subject": "2", "recorded-or-robo": "Y", "city": "Tucson", "state": "AZ", "area-code": "520"}, {"id": "1d36742e3f24f50e4e7ae8280129c6a0", "number": "5203805824", "date": "2021-01-14 16:19:00", "subject": "2", "recorded-or-robo": "Y", "city": "Tucson", "state": "AZ", "area-code": "520"}, {"id": "e81c9350d54f66c6d33b3747eebd5fd0", "number": "6465654016", "date": "2021-01-22 22:45:25", "subject": "3", "recorded-or-robo": "Y", "city": "", "state": "NY", "area-code": "646"}, {"id": "1d36742e3f24f50e4e7ae8280152a4b2", "number": "6465654016", "date": "2021-01-22 22:45:25", "subject": "3", "recorded-or-robo": "Y", "city": "", "state": "NY", "area-code": "646"}, {"id": "e81c9350d54f66c6d33b3747ee943736", "number": "4083513795", "date": "2021-01-22 19:42:00", "subject": "2", "recorded-or-robo": "Y", "city": "", "state": "CA", "area-code": "408"}, {"id": "1d36742e3f24f50e4e7ae8280129c563", "number": "4083513795", "date": "2021-01-22 19:42:00", "subject": "2", "recorded-or-robo": "Y", "city": "", "state": "CA", "area-code": "408"}, {"id": "e81c9350d54f66c6d33b3747ee94369c", "number": "4158706478", "date": "2021-01-15 16:08:00", "subject": "2", "recorded-or-robo": "N", "city": "Rockville", "state": "MD", "area-code": "310"}, {"id": "1d36742e3f24f50e4e7ae8280129c4a9", "number": "4158706478", "date": "2021-01-15 16:08:00", "subject": "2", "recorded-or-robo": "N", "city": "Rockville", "state": "MD", "area-code": "310"}, {"id": "e81c9350d54f66c6d33b3747ee9435d4", "number": "9199601812", "date": "2021-01-22 16:26:00", "subject": "2", "recorded-or-robo": "Y", "city": "FREMONT", "state": "OH", "area-code": "419"}, {"id": "1d36742e3f24f50e4e7ae8280129be51", "number": "9199601812", "date": "2021-01-22 16:26:00", "subject": "2", "recorded-or-robo": "Y", "city": "FREMONT", "state": "OH", "area-code": "419"}, {"id": "e81c9350d54f66c6d33b3747ee94224e", "number": "4435698763", "date": "2021-01-22 20:38:00", "subject": "3", "recorded-or-robo": "N", "city": "", "state": "CO", "area-code": "719"}, {"id": "1d36742e3f24f50e4e7ae8280129b047", "number": "4435698763", "date": "2021-01-22 20:38:00", "subject": "3", "recorded-or-robo": "N", "city": "", "state": "CO", "area-code": "719"}, {"id": "e81c9350d54f66c6d33b3747eebdf087", "number": "+12144794140", "date": "2021-01-22 22:44:33", "subject": "3", "recorded-or-robo": "N", "city": "", "state": "TX", "area-code": "972"}, {"id": "1d36742e3f24f50e4e7ae8280152eb18", "number": "+12144794140", "date": "2021-01-22 22:44:33", "subject": "3", "recorded-or-robo": "N", "city": "", "state": "TX", "area-code": "972"}, {"id": "e81c9350d54f66c6d33b3747ee94288c", "number": "5203100189", "date": "2021-01-22 12:10:00", "subject": "6", "recorded-or-robo": "Y", "city": "simi valley", "state": "CA", "area-code": "805"}, {"id": "1d36742e3f24f50e4e7ae8280129baa5", "number": "5203100189", "date": "2021-01-22 12:10:00", "subject": "6", "recorded-or-robo": "Y", "city": "simi valley", "state": "CA", "area-code": "805"}, {"id": "e81c9350d54f66c6d33b3747ee942431", "number": "2149835566", "date": "2021-01-20 12:21:00", "subject": "4", "recorded-or-robo": "Y", "city": "Irving", "state": "TX", "area-code": "214"}, {"id": "1d36742e3f24f50e4e7ae8280129ba97", "number": "2149835566", "date": "2021-01-20 12:21:00", "subject": "4", "recorded-or-robo": "Y", "city": "Irving", "state": "TX", "area-code": "214"}, {"id": "e81c9350d54f66c6d33b3747eebda4e8", "number": "8044256649", "date": "2021-01-22 22:43:31", "subject": "3", "recorded-or-robo": "Y", "city": "", "state": "TX", "area-code": "832"}, {"id": "1d36742e3f24f50e4e7ae8280152c24a", "number": "8044256649", "date": "2021-01-22 22:43:31", "subject": "3", "recorded-or-robo": "Y", "city": "", "state": "TX", "area-code": "832"}, {"id": "e81c9350d54f66c6d33b3747ee94197e", "number": "8019468706", "date": "2021-01-21 18:44:00", "subject": "2", "recorded-or-robo": "N", "city": "Ogden", "state": "UT", "area-code": "801"}, {"id": "1d36742e3f24f50e4e7ae8280129a055", "number": "8019468706", "date": "2021-01-21 18:44:00", "subject": "2", "recorded-or-robo": "N", "city": "Ogden", "state": "UT", "area-code": "801"}, {"id": "e81c9350d54f66c6d33b3747eebd7cb5", "number": "7177918540", "date": "2021-01-22 22:43:27", "subject": "3", "recorded-or-robo": "N", "city": "", "state": "PA", "area-code": "717"}, {"id": "1d36742e3f24f50e4e7ae8280152b0f8", "number": "7177918540", "date": "2021-01-22 22:43:27", "subject": "3", "recorded-or-robo": "N", "city": "", "state": "PA", "area-code": "717"}, {"id": "e81c9350d54f66c6d33b3747ee9414e9", "number": "2134852649", "date": "2020-12-29 14:11:00", "subject": "2", "recorded-or-robo": "N", "city": "Rockville", "state": "MD", "area-code": "310"}, {"id": "e81c9350d54f66c6d33b3747ee940f51", "number": "7042765423", "date": "2021-01-22 15:14:00", "subject": "2", "recorded-or-robo": "Y", "city": "FREMONT", "state": "OH", "area-code": "419"}, {"id": "1d36742e3f24f50e4e7ae8280129920d", "number": "2134852649", "date": "2020-12-29 14:11:00", "subject": "2", "recorded-or-robo": "N", "city": "Rockville", "state": "MD", "area-code": "310"}, {"id": "1d36742e3f24f50e4e7ae82801298dbf", "number": "7042765423", "date": "2021-01-22 15:14:00", "subject": "2", "recorded-or-robo": "Y", "city": "FREMONT", "state": "OH", "area-code": "419"}, {"id": "e81c9350d54f66c6d33b3747ee9409f2", "number": "2514878875", "date": "2021-01-22 12:56:00", "subject": "6", "recorded-or-robo": "Y", "city": "simi valley", "state": "CA", "area-code": "805"}, {"id": "1d36742e3f24f50e4e7ae82801298ca1", "number": "2514878875", "date": "2021-01-22 12:56:00", "subject": "6", "recorded-or-robo": "Y", "city": "simi valley", "state": "CA", "area-code": "805"}, {"id": "e81c9350d54f66c6d33b3747eebd6d18", "number": "6026667638", "date": "2021-01-22 22:43:12", "subject": "3", "recorded-or-robo": "N", "city": "", "state": "AZ", "area-code": "480"}, {"id": "1d36742e3f24f50e4e7ae8280152a508", "number": "6026667638", "date": "2021-01-22 22:43:12", "subject": "3", "recorded-or-robo": "N", "city": "", "state": "AZ", "area-code": "480"}, {"id": "e81c9350d54f66c6d33b3747ee940360", "number": "5204159103", "date": "2021-01-14 11:11:00", "subject": "2", "recorded-or-robo": "Y", "city": "Tucson", "state": "AZ", "area-code": "520"}, {"id": "1d36742e3f24f50e4e7ae82801298bc7", "number": "5204159103", "date": "2021-01-14 11:11:00", "subject": "2", "recorded-or-robo": "Y", "city": "Tucson", "state": "AZ", "area-code": "520"}, {"id": "e81c9350d54f66c6d33b3747ee93b944", "number": "7087161947", "date": "2021-01-22 11:11:00", "subject": "3", "recorded-or-robo": "", "city": "", "state": "IL", "area-code": "708"}, {"id": "1d36742e3f24f50e4e7ae82801294b5b", "number": "7087161947", "date": "2021-01-22 11:11:00", "subject": "3", "recorded-or-robo": "", "city": "", "state": "IL", "area-code": "708"}, {"id": "e81c9350d54f66c6d33b3747ee93f714", "number": "2149866596", "date": "2021-01-20 10:52:00", "subject": "4", "recorded-or-robo": "Y", "city": "Irving", "state": "TX", "area-code": "214"}, {"id": "1d36742e3f24f50e4e7ae82801297be1", "number": "2149866596", "date": "2021-01-20 10:52:00", "subject": "4", "recorded-or-robo": "Y", "city": "Irving", "state": "TX", "area-code": "214"}, {"id": "e81c9350d54f66c6d33b3747ee93ed8b", "number": "6146995996", "date": "2021-01-22 19:39:00", "subject": "0", "recorded-or-robo": "Y", "city": "Dayton", "state": "OH", "area-code": "937"}, {"id": "1d36742e3f24f50e4e7ae82801296fec", "number": "6146995996", "date": "2021-01-22 19:39:00", "subject": "0", "recorded-or-robo": "Y", "city": "Dayton", "state": "OH", "area-code": "937"}, {"id": "e81c9350d54f66c6d33b3747ee93e441", "number": "2184361144", "date": "2021-01-21 17:46:00", "subject": "2", "recorded-or-robo": "Y", "city": "", "state": "OR", "area-code": "541"}]}