{"data": [{"id": "490dde24b259add1335244cd1b07dc08", "number": "", "date": "2021-01-26 10:29:00", "subject": "2", "recorded-or-robo": "Y", "city": "Pasadena", "state": "MD", "area-code": "410"}, {"id": "490dde24b259add1335244cd1b07ce04", "number": "2242555833", "date": "2021-01-26 10:14:00", "subject": "4", "recorded-or-robo": "Y", "city": "", "state": "IL", "area-code": "224"}, {"id": "490dde24b259add1335244cd1b07ccba", "number": "7706376927", "date": "2021-01-25 13:53:00", "subject": "2", "recorded-or-robo": "Y", "city": "Jonesboro", "state": "GA", "area-code": "770"}, {"id": "490dde24b259add1335244cd1b07bf5a", "number": "4256589306", "date": "2021-01-26 09:02:00", "subject": "2", "recorded-or-robo": "Y", "city": "Hobart", "state": "IN", "area-code": "219"}, {"id": "490dde24b259add1335244cd1b07af61", "number": "7022442107", "date": "2021-01-25 17:47:00", "subject": "4", "recorded-or-robo": "Y", "city": "Georgetown", "state": "KY", "area-code": "702"}, {"id": "490dde24b259add1335244cd1b07a2be", "number": "6149322127", "date": "2021-01-26 10:23:00", "subject": "2", "recorded-or-robo": "N", "city": "Powell", "state": "OH", "area-code": "614"}, {"id": "490dde24b259add1335244cd1b079e3e", "number": "6193500997", "date": "2021-01-25 05:21:00", "subject": "12", "recorded-or-robo": "Y", "city": "San Diego", "state": "CA", "area-code": "619"}, {"id": "490dde24b259add1335244cd1b071921", "number": "8282206054", "date": "2021-01-23 10:54:00", "subject": "3", "recorded-or-robo": "N", "city": "", "state": "NC", "area-code": "828"}, {"id": "490dde24b259add1335244cd1b0797b2", "number": "8179848958", "date": "2021-01-26 08:06:00", "subject": "2", "recorded-or-robo": "", "city": "Copper Canyon", "state": "TX", "area-code": "817"}, {"id": "490dde24b259add1335244cd1b079004", "number": "7622521164", "date": "2021-01-26 08:27:00", "subject": "4", "recorded-or-robo": "Y", "city": "Colorado Springs", "state": "TX", "area-code": "210"}, {"id": "490dde24b259add1335244cd1b0785d1", "number": "8332298984", "date": "2021-01-26 09:27:00", "subject": "0", "recorded-or-robo": "Y", "city": "Coatesville", "state": "PA", "area-code": "610"}, {"id": "490dde24b259add1335244cd1b077723", "number": "8607942264", "date": "2021-01-25 14:06:00", "subject": "2", "recorded-or-robo": "Y", "city": "Plainville", "state": "CT", "area-code": "860"}, {"id": "490dde24b259add1335244cd1b076acc", "number": "9315382008", "date": "2021-01-26 00:00:00", "subject": "3", "recorded-or-robo": "", "city": "Jamestown", "state": "TN", "area-code": "931"}, {"id": "490dde24b259add1335244cd1b07641b", "number": "2622531661", "date": "2021-01-26 09:15:00", "subject": "6", "recorded-or-robo": "Y", "city": "Germantown", "state": "WI", "area-code": "262"}, {"id": "490dde24b259add1335244cd1b076155", "number": "4102803092", "date": "2021-01-24 11:00:00", "subject": "2", "recorded-or-robo": "Y", "city": "Lake Frederick", "state": "MD", "area-code": "410"}, {"id": "490dde24b259add1335244cd1b076103", "number": "4067172025", "date": "2021-01-25 13:51:00", "subject": "1", "recorded-or-robo": "N", "city": "Montebello", "state": "CA", "area-code": "323"}, {"id": "490dde24b259add1335244cd1b0756bb", "number": "8477872787", "date": "2021-01-26 09:23:00", "subject": "4", "recorded-or-robo": "Y", "city": "Breese", "state": "IL", "area-code": "618"}, {"id": "490dde24b259add1335244cd1b074de0", "number": "4805229186", "date": "2021-01-25 13:00:00", "subject": "6", "recorded-or-robo": "N", "city": "", "state": "AZ", "area-code": "480"}, {"id": "490dde24b259add1335244cd1b07458b", "number": "2132443262", "date": "2021-01-25 02:23:00", "subject": "4", "recorded-or-robo": "Y", "city": "San Diego", "state": "CA", "area-code": "619"}, {"id": "490dde24b259add1335244cd1b073b88", "number": "7024050650", "date": "2021-01-26 09:25:00", "subject": "3", "recorded-or-robo": "Y", "city": "Milwaukee", "state": "WI", "area-code": "414"}, {"id": "490dde24b259add1335244cd1b073599", "number": "8333041447", "date": "2021-01-26 09:09:00", "subject": "4", "recorded-or-robo": "Y", "city": "Thief River Fall", "state": "MN", "area-code": "218"}, {"id": "490dde24b259add1335244cd1b072772", "number": "2029649536", "date": "2021-01-26 10:09:00", "subject": "5", "recorded-or-robo": "Y", "city": "Delaware", "state": "OH", "area-code": "614"}, {"id": "490dde24b259add1335244cd1b0709d3", "number": "8332297992", "date": "2021-01-26 09:49:00", "subject": "0", "recorded-or-robo": "Y", "city": "Coatesville", "state": "PA", "area-code": "610"}, {"id": "490dde24b259add1335244cd1b0703f5", "number": "6672396215", "date": "2021-01-25 12:00:00", "subject": "2", "recorded-or-robo": "Y", "city": "Lake Frederick", "state": "MD", "area-code": "410"}, {"id": "490dde24b259add1335244cd1b06f6f0", "number": "", "date": "2021-01-26 07:21:00", "subject": "2", "recorded-or-robo": "Y", "city": "", "state": "CA", "area-code": "714"}, {"id": "490dde24b259add1335244cd1b06e8b8", "number": "2622718995", "date": "2021-01-26 08:40:00", "subject": "1", "recorded-or-robo": "Y", "city": "Germantown", "state": "WI", "area-code": "262"}, {"id": "490dde24b259add1335244cd1b06dbf8", "number": "", "date": "2021-01-26 10:20:00", "subject": "2", "recorded-or-robo": "Y", "city": "Maple Heights", "state": "OH", "area-code": "216"}, {"id": "490dde24b259add1335244cd1b06d963", "number": "3039728935", "date": "2021-01-26 08:21:00", "subject": "4", "recorded-or-robo": "Y", "city": "Longmont", "state": "CO", "area-code": "720"}, {"id": "490dde24b259add1335244cd1b06d3af", "number": "7312650873", "date": "2021-01-26 21:26:00", "subject": "4", "recorded-or-robo": "Y", "city": "Jamestown", "state": "TN", "area-code": "931"}, {"id": "490dde24b259add1335244cd1b06ca83", "number": "7708844426", "date": "2021-01-26 09:08:00", "subject": "2", "recorded-or-robo": "Y", "city": "Jonesboro", "state": "GA", "area-code": "770"}, {"id": "490dde24b259add1335244cd1b06c926", "number": "3038450300", "date": "2021-01-25 17:27:00", "subject": "2", "recorded-or-robo": "Y", "city": "Denver", "state": "CO", "area-code": "303"}, {"id": "490dde24b259add1335244cd1b06bfb0", "number": "2018799598", "date": "2021-01-25 05:00:00", "subject": "4", "recorded-or-robo": "Y", "city": "", "state": "NJ", "area-code": "201"}, {"id": "490dde24b259add1335244cd1b06be3e", "number": "6812023786", "date": "2021-01-26 10:11:00", "subject": "13", "recorded-or-robo": "N", "city": "Williamsburg", "state": "VA", "area-code": "757"}, {"id": "490dde24b259add1335244cd1b06bc0d", "number": "2546470895", "date": "2021-01-26 10:24:00", "subject": "4", "recorded-or-robo": "Y", "city": "", "state": "NY", "area-code": "347"}, {"id": "490dde24b259add1335244cd1b06b3d9", "number": "9855168666", "date": "2021-01-26 09:14:00", "subject": "2", "recorded-or-robo": "N", "city": "Bogalusa", "state": "LA", "area-code": "985"}, {"id": "490dde24b259add1335244cd1b06af99", "number": "8592052802", "date": "2021-01-26 10:03:00", "subject": "0", "recorded-or-robo": "N", "city": "", "state": "NC", "area-code": "704"}, {"id": "490dde24b259add1335244cd1b06a0c6", "number": "", "date": "2021-01-12 07:04:00", "subject": "9", "recorded-or-robo": "N", "city": "San Jose", "state": "CA", "area-code": "408"}, {"id": "490dde24b259add1335244cd1b069eec", "number": "8607943677", "date": "2021-01-25 12:48:00", "subject": "2", "recorded-or-robo": "Y", "city": "Plainville", "state": "CT", "area-code": "860"}, {"id": "490dde24b259add1335244cd1b06938b", "number": "4437132363", "date": "2021-01-26 10:20:00", "subject": "0", "recorded-or-robo": "Y", "city": "Johnston", "state": "RI", "area-code": "401"}, {"id": "490dde24b259add1335244cd1b06897f", "number": "8545294049", "date": "2021-01-23 09:19:00", "subject": "5", "recorded-or-robo": "N", "city": "", "state": "SC", "area-code": "843"}, {"id": "490dde24b259add1335244cd1b0684df", "number": "6672396280", "date": "2021-01-26 08:00:00", "subject": "0", "recorded-or-robo": "Y", "city": "Lake Frederick", "state": "VA", "area-code": "410"}, {"id": "490dde24b259add1335244cd1b0676b9", "number": "8302755633", "date": "2021-01-26 09:21:00", "subject": "2", "recorded-or-robo": "Y", "city": "Edinburg", "state": "TX", "area-code": "956"}, {"id": "490dde24b259add1335244cd1b0675e3", "number": "3138803395", "date": "2021-01-26 10:25:00", "subject": "0", "recorded-or-robo": "N", "city": "Troy", "state": "MI", "area-code": "248"}, {"id": "490dde24b259add1335244cd1b066d61", "number": "7036905053", "date": "2021-01-25 10:30:00", "subject": "2", "recorded-or-robo": "Y", "city": "Fairfax Sta", "state": "VA", "area-code": "703"}, {"id": "490dde24b259add1335244cd1b066766", "number": "9809999580", "date": "2021-01-25 16:26:00", "subject": "9", "recorded-or-robo": "Y", "city": "Wilmington", "state": "NC", "area-code": "910"}, {"id": "490dde24b259add1335244cd1b066642", "number": "5162064075", "date": "2021-01-26 07:05:00", "subject": "13", "recorded-or-robo": "Y", "city": "Seattle", "state": "WA", "area-code": "206"}, {"id": "490dde24b259add1335244cd1b065e4c", "number": "8332297992", "date": "2021-01-26 10:11:00", "subject": "0", "recorded-or-robo": "Y", "city": "Coatesville", "state": "PA", "area-code": "610"}, {"id": "490dde24b259add1335244cd1b064f93", "number": "2602165128", "date": "2021-01-26 09:55:00", "subject": "5", "recorded-or-robo": "N", "city": "", "state": "NC", "area-code": "704"}, {"id": "490dde24b259add1335244cd1b06423e", "number": "6313826603", "date": "2021-01-26 10:25:00", "subject": "0", "recorded-or-robo": "Y", "city": "", "state": "NY", "area-code": "631"}, {"id": "490dde24b259add1335244cd1b063d24", "number": "4254166417", "date": "2021-01-26 07:20:00", "subject": "1", "recorded-or-robo": "Y", "city": "", "state": "WA", "area-code": "425"}]}