{"data": [{"id": "1d36742e3f24f50e4e7ae828011edd12", "number": "2314564", "date": "2021-01-22 10:33:00", "subject": "2", "recorded-or-robo": "Y", "city": "Jonestown", "state": "TX", "area-code": "512"}, {"id": "e81c9350d54f66c6d33b3747eeb1cbad", "number": "7046712885", "date": "2021-01-22 21:08:29", "subject": "3", "recorded-or-robo": "N", "city": "", "state": "NC", "area-code": "704"}, {"id": "1d36742e3f24f50e4e7ae8280146b4b7", "number": "7046712885", "date": "2021-01-22 21:08:29", "subject": "3", "recorded-or-robo": "N", "city": "", "state": "NC", "area-code": "704"}, {"id": "e81c9350d54f66c6d33b3747ee892f6c", "number": "2395224636", "date": "2021-01-22 07:41:00", "subject": "2", "recorded-or-robo": "N", "city": "Aledo", "state": "IL", "area-code": "309"}, {"id": "1d36742e3f24f50e4e7ae828011ed5b4", "number": "2395224636", "date": "2021-01-22 07:41:00", "subject": "2", "recorded-or-robo": "N", "city": "Aledo", "state": "IL", "area-code": "309"}, {"id": "e81c9350d54f66c6d33b3747ee892b86", "number": "", "date": "2021-01-22 18:06:00", "subject": "1", "recorded-or-robo": "Y", "city": "Florissant", "state": "MO", "area-code": "314"}, {"id": "1d36742e3f24f50e4e7ae828011ed44a", "number": "", "date": "2021-01-22 18:06:00", "subject": "1", "recorded-or-robo": "Y", "city": "Florissant", "state": "MO", "area-code": "314"}, {"id": "e81c9350d54f66c6d33b3747eeb1a7c3", "number": "3238561499", "date": "2021-01-22 21:08:14", "subject": "3", "recorded-or-robo": "Y", "city": "", "state": "GA", "area-code": "678"}, {"id": "1d36742e3f24f50e4e7ae82801469fd7", "number": "3238561499", "date": "2021-01-22 21:08:14", "subject": "3", "recorded-or-robo": "Y", "city": "", "state": "GA", "area-code": "678"}, {"id": "e81c9350d54f66c6d33b3747eeb1ec1e", "number": "3238561499", "date": "2021-01-22 21:08:12", "subject": "3", "recorded-or-robo": "Y", "city": "", "state": "GA", "area-code": "678"}, {"id": "1d36742e3f24f50e4e7ae8280146ceca", "number": "3238561499", "date": "2021-01-22 21:08:12", "subject": "3", "recorded-or-robo": "Y", "city": "", "state": "GA", "area-code": "678"}, {"id": "e81c9350d54f66c6d33b3747eeb187e3", "number": "+16015887237", "date": "2021-01-22 21:08:02", "subject": "3", "recorded-or-robo": "Y", "city": "", "state": "NY", "area-code": "646"}, {"id": "1d36742e3f24f50e4e7ae82801467976", "number": "+16015887237", "date": "2021-01-22 21:08:02", "subject": "3", "recorded-or-robo": "Y", "city": "", "state": "NY", "area-code": "646"}, {"id": "e81c9350d54f66c6d33b3747eeb1678e", "number": "+12405344851", "date": "2021-01-22 21:08:00", "subject": "3", "recorded-or-robo": "Y", "city": "", "state": "MN", "area-code": "218"}, {"id": "1d36742e3f24f50e4e7ae82801464154", "number": "+12405344851", "date": "2021-01-22 21:08:00", "subject": "3", "recorded-or-robo": "Y", "city": "", "state": "MN", "area-code": "218"}, {"id": "e81c9350d54f66c6d33b3747ee892683", "number": "7607776281", "date": "2021-01-20 14:08:00", "subject": "2", "recorded-or-robo": "Y", "city": "Yucca Valley", "state": "CA", "area-code": "760"}, {"id": "1d36742e3f24f50e4e7ae828011ec61c", "number": "7607776281", "date": "2021-01-20 14:08:00", "subject": "2", "recorded-or-robo": "Y", "city": "Yucca Valley", "state": "CA", "area-code": "760"}, {"id": "e81c9350d54f66c6d33b3747ee8917a8", "number": "5306453301", "date": "2021-01-22 17:12:00", "subject": "3", "recorded-or-robo": "Y", "city": "", "state": "CA", "area-code": "510"}, {"id": "1d36742e3f24f50e4e7ae828011eb8de", "number": "5306453301", "date": "2021-01-22 17:12:00", "subject": "3", "recorded-or-robo": "Y", "city": "", "state": "CA", "area-code": "510"}, {"id": "e81c9350d54f66c6d33b3747eeb19918", "number": "+18722590607", "date": "2021-01-22 21:07:46", "subject": "3", "recorded-or-robo": "Y", "city": "", "state": "IL", "area-code": "872"}, {"id": "1d36742e3f24f50e4e7ae828014695c9", "number": "+18722590607", "date": "2021-01-22 21:07:46", "subject": "3", "recorded-or-robo": "Y", "city": "", "state": "IL", "area-code": "872"}, {"id": "e81c9350d54f66c6d33b3747eeb1773d", "number": "+16017617315", "date": "2021-01-22 21:07:24", "subject": "3", "recorded-or-robo": "N", "city": "", "state": "NJ", "area-code": "732"}, {"id": "1d36742e3f24f50e4e7ae82801465712", "number": "+16017617315", "date": "2021-01-22 21:07:24", "subject": "3", "recorded-or-robo": "N", "city": "", "state": "NJ", "area-code": "732"}, {"id": "e81c9350d54f66c6d33b3747eeb1d55e", "number": "2084804045", "date": "2021-01-22 21:07:20", "subject": "3", "recorded-or-robo": "Y", "city": "", "state": "MN", "area-code": "612"}, {"id": "1d36742e3f24f50e4e7ae8280146b4ff", "number": "2084804045", "date": "2021-01-22 21:07:20", "subject": "3", "recorded-or-robo": "Y", "city": "", "state": "MN", "area-code": "612"}, {"id": "e81c9350d54f66c6d33b3747eeb1603f", "number": "+18632209728", "date": "2021-01-22 21:07:15", "subject": "3", "recorded-or-robo": "Y", "city": "", "state": "FL", "area-code": "863"}, {"id": "e81c9350d54f66c6d33b3747ee890c16", "number": "995595066448", "date": "2021-01-22 04:40:00", "subject": "2", "recorded-or-robo": "N", "city": "Aledo", "state": "IL", "area-code": "309"}, {"id": "1d36742e3f24f50e4e7ae82801463e57", "number": "+18632209728", "date": "2021-01-22 21:07:15", "subject": "3", "recorded-or-robo": "Y", "city": "", "state": "FL", "area-code": "863"}, {"id": "1d36742e3f24f50e4e7ae828011eb5ce", "number": "995595066448", "date": "2021-01-22 04:40:00", "subject": "2", "recorded-or-robo": "N", "city": "Aledo", "state": "IL", "area-code": "309"}, {"id": "e81c9350d54f66c6d33b3747eeb18f75", "number": "+16017617315", "date": "2021-01-22 21:07:10", "subject": "3", "recorded-or-robo": "Y", "city": "", "state": "NJ", "area-code": "732"}, {"id": "e81c9350d54f66c6d33b3747ee8900a6", "number": "243840313840", "date": "2021-01-22 17:13:00", "subject": "0", "recorded-or-robo": "N", "city": "Kennewick", "state": "WA", "area-code": "509"}, {"id": "1d36742e3f24f50e4e7ae82801468625", "number": "+16017617315", "date": "2021-01-22 21:07:10", "subject": "3", "recorded-or-robo": "Y", "city": "", "state": "NJ", "area-code": "732"}, {"id": "1d36742e3f24f50e4e7ae828011ea66b", "number": "243840313840", "date": "2021-01-22 17:13:00", "subject": "0", "recorded-or-robo": "N", "city": "Kennewick", "state": "WA", "area-code": "509"}, {"id": "e81c9350d54f66c6d33b3747eeb1bf10", "number": "+16505900357", "date": "2021-01-22 21:07:07", "subject": "3", "recorded-or-robo": "Y", "city": "", "state": "CA", "area-code": "858"}, {"id": "e81c9350d54f66c6d33b3747ee88fadd", "number": "2099914888", "date": "2021-01-21 12:08:00", "subject": "3", "recorded-or-robo": "Y", "city": "", "state": "AL", "area-code": "334"}, {"id": "1d36742e3f24f50e4e7ae8280146a917", "number": "+16505900357", "date": "2021-01-22 21:07:07", "subject": "3", "recorded-or-robo": "Y", "city": "", "state": "CA", "area-code": "858"}, {"id": "1d36742e3f24f50e4e7ae828011ea0c5", "number": "2099914888", "date": "2021-01-21 12:08:00", "subject": "3", "recorded-or-robo": "Y", "city": "", "state": "AL", "area-code": "334"}, {"id": "e81c9350d54f66c6d33b3747ee88ee1b", "number": "9045843747", "date": "2021-01-11 08:05:00", "subject": "2", "recorded-or-robo": "Y", "city": "TAMPA", "state": "FL", "area-code": "813"}, {"id": "1d36742e3f24f50e4e7ae828011e99bf", "number": "9045843747", "date": "2021-01-11 08:05:00", "subject": "2", "recorded-or-robo": "Y", "city": "TAMPA", "state": "FL", "area-code": "813"}, {"id": "e81c9350d54f66c6d33b3747eeb16ebe", "number": "+18002258734", "date": "2021-01-22 21:07:01", "subject": "3", "recorded-or-robo": "Y", "city": "", "state": "NJ", "area-code": "973"}, {"id": "1d36742e3f24f50e4e7ae828014649e9", "number": "+18002258734", "date": "2021-01-22 21:07:01", "subject": "3", "recorded-or-robo": "Y", "city": "", "state": "NJ", "area-code": "973"}, {"id": "e81c9350d54f66c6d33b3747eeb180db", "number": "+12133365015", "date": "2021-01-22 21:06:50", "subject": "3", "recorded-or-robo": "Y", "city": "", "state": "FL", "area-code": "863"}, {"id": "1d36742e3f24f50e4e7ae82801466bec", "number": "+12133365015", "date": "2021-01-22 21:06:50", "subject": "3", "recorded-or-robo": "Y", "city": "", "state": "FL", "area-code": "863"}, {"id": "e81c9350d54f66c6d33b3747eeb21756", "number": "2084804045", "date": "2021-01-22 21:06:46", "subject": "3", "recorded-or-robo": "Y", "city": "", "state": "MN", "area-code": "612"}, {"id": "1d36742e3f24f50e4e7ae8280146ef5f", "number": "2084804045", "date": "2021-01-22 21:06:46", "subject": "3", "recorded-or-robo": "Y", "city": "", "state": "MN", "area-code": "612"}, {"id": "e81c9350d54f66c6d33b3747eeb20dfb", "number": "+17799030503", "date": "2021-01-22 21:06:38", "subject": "3", "recorded-or-robo": "Y", "city": "", "state": "NJ", "area-code": "732"}, {"id": "1d36742e3f24f50e4e7ae8280146e744", "number": "+17799030503", "date": "2021-01-22 21:06:38", "subject": "3", "recorded-or-robo": "Y", "city": "", "state": "NJ", "area-code": "732"}, {"id": "e81c9350d54f66c6d33b3747ee88e728", "number": "2026843587", "date": "2021-01-20 14:22:00", "subject": "2", "recorded-or-robo": "Y", "city": "Yucca Valley", "state": "CA", "area-code": "760"}, {"id": "1d36742e3f24f50e4e7ae828011e8b14", "number": "2026843587", "date": "2021-01-20 14:22:00", "subject": "2", "recorded-or-robo": "Y", "city": "Yucca Valley", "state": "CA", "area-code": "760"}, {"id": "e81c9350d54f66c6d33b3747eeb1dff4", "number": "+15203557706", "date": "2021-01-22 21:06:25", "subject": "3", "recorded-or-robo": "Y", "city": "", "state": "FL", "area-code": "863"}]}