{"data": [{"id": "deca54a6651fb9add5b4a9816cc76833", "number": "6517714795", "date": "2021-01-22 17:11:00", "subject": "0", "recorded-or-robo": "", "city": "Saint Paul", "state": "MN", "area-code": "651"}, {"id": "e81c9350d54f66c6d33b3747ee32b23e", "number": "5072747915", "date": "2021-01-22 15:37:00", "subject": "2", "recorded-or-robo": "N", "city": "Farmington", "state": "MN", "area-code": "651"}, {"id": "deca54a6651fb9add5b4a9816cc76649", "number": "5072747915", "date": "2021-01-22 15:37:00", "subject": "2", "recorded-or-robo": "N", "city": "Farmington", "state": "MN", "area-code": "651"}, {"id": "e81c9350d54f66c6d33b3747ee32a55c", "number": "2069075886", "date": "2021-01-22 15:22:00", "subject": "9", "recorded-or-robo": "Y", "city": "Bellingham", "state": "WA", "area-code": "360"}, {"id": "deca54a6651fb9add5b4a9816cc75d54", "number": "2069075886", "date": "2021-01-22 15:22:00", "subject": "9", "recorded-or-robo": "Y", "city": "Bellingham", "state": "WA", "area-code": "360"}, {"id": "e81c9350d54f66c6d33b3747ee32973f", "number": "9167241308", "date": "2021-01-22 12:22:00", "subject": "2", "recorded-or-robo": "Y", "city": "austin", "state": "TX", "area-code": "512"}, {"id": "deca54a6651fb9add5b4a9816cc7581a", "number": "9167241308", "date": "2021-01-22 12:22:00", "subject": "2", "recorded-or-robo": "Y", "city": "austin", "state": "TX", "area-code": "512"}, {"id": "e81c9350d54f66c6d33b3747ee328985", "number": "9202273626", "date": "2021-01-22 12:45:00", "subject": "1", "recorded-or-robo": "Y", "city": "", "state": "WI", "area-code": "920"}, {"id": "e81c9350d54f66c6d33b3747ee32813d", "number": "8009656315", "date": "2021-01-22 12:40:00", "subject": "2", "recorded-or-robo": "Y", "city": "Plainsboro", "state": "NJ", "area-code": "609"}, {"id": "deca54a6651fb9add5b4a9816cc74f5b", "number": "9202273626", "date": "2021-01-22 12:45:00", "subject": "1", "recorded-or-robo": "Y", "city": "", "state": "WI", "area-code": "920"}, {"id": "deca54a6651fb9add5b4a9816cc741fc", "number": "8009656315", "date": "2021-01-22 12:40:00", "subject": "2", "recorded-or-robo": "Y", "city": "Plainsboro", "state": "NJ", "area-code": "609"}, {"id": "e81c9350d54f66c6d33b3747ee3271f6", "number": "9786274100", "date": "2021-01-22 17:45:00", "subject": "3", "recorded-or-robo": "Y", "city": "", "state": "MA", "area-code": "774"}, {"id": "deca54a6651fb9add5b4a9816cc736c4", "number": "9786274100", "date": "2021-01-22 17:45:00", "subject": "3", "recorded-or-robo": "Y", "city": "", "state": "MA", "area-code": "774"}, {"id": "e81c9350d54f66c6d33b3747ee326b9a", "number": "", "date": "2021-01-20 14:59:00", "subject": "0", "recorded-or-robo": "Y", "city": "Old Bridge", "state": "NJ", "area-code": "973"}, {"id": "deca54a6651fb9add5b4a9816cc72afc", "number": "", "date": "2021-01-20 14:59:00", "subject": "0", "recorded-or-robo": "Y", "city": "Old Bridge", "state": "NJ", "area-code": "973"}, {"id": "e81c9350d54f66c6d33b3747ee325ce8", "number": "8637844673", "date": "2021-01-22 15:18:00", "subject": "2", "recorded-or-robo": "Y", "city": "Oroville", "state": "CA", "area-code": "530"}, {"id": "e81c9350d54f66c6d33b3747ee324d20", "number": "8552050329", "date": "2021-01-22 09:35:00", "subject": "2", "recorded-or-robo": "Y", "city": "Madison", "state": "WI", "area-code": "608"}, {"id": "deca54a6651fb9add5b4a9816cc72806", "number": "8637844673", "date": "2021-01-22 15:18:00", "subject": "2", "recorded-or-robo": "Y", "city": "Oroville", "state": "CA", "area-code": "530"}, {"id": "deca54a6651fb9add5b4a9816cc724d4", "number": "8552050329", "date": "2021-01-22 09:35:00", "subject": "2", "recorded-or-robo": "Y", "city": "Madison", "state": "WI", "area-code": "608"}, {"id": "e81c9350d54f66c6d33b3747ee3245bf", "number": "3233072721", "date": "2021-01-22 13:43:00", "subject": "12", "recorded-or-robo": "Y", "city": "Newbury park", "state": "CA", "area-code": "323"}, {"id": "deca54a6651fb9add5b4a9816cc71f3c", "number": "3233072721", "date": "2021-01-22 13:43:00", "subject": "12", "recorded-or-robo": "Y", "city": "Newbury park", "state": "CA", "area-code": "323"}, {"id": "e81c9350d54f66c6d33b3747ee9c6e70", "number": "+13854127549", "date": "2021-01-22 18:27:28", "subject": "3", "recorded-or-robo": "Y", "city": "", "state": "AL", "area-code": "205"}, {"id": "1d36742e3f24f50e4e7ae828013193e8", "number": "+13854127549", "date": "2021-01-22 18:27:28", "subject": "3", "recorded-or-robo": "Y", "city": "", "state": "AL", "area-code": "205"}, {"id": "e81c9350d54f66c6d33b3747ee32399a", "number": "5208743653", "date": "2021-01-22 08:38:00", "subject": "3", "recorded-or-robo": "Y", "city": "", "state": "AZ", "area-code": "520"}, {"id": "deca54a6651fb9add5b4a9816cc7128f", "number": "5208743653", "date": "2021-01-22 08:38:00", "subject": "3", "recorded-or-robo": "Y", "city": "", "state": "AZ", "area-code": "520"}, {"id": "e81c9350d54f66c6d33b3747ee3234e2", "number": "6082343655", "date": "2021-01-22 17:21:00", "subject": "2", "recorded-or-robo": "", "city": "madison", "state": "WI", "area-code": "608"}, {"id": "deca54a6651fb9add5b4a9816cc70dfb", "number": "6082343655", "date": "2021-01-22 17:21:00", "subject": "2", "recorded-or-robo": "", "city": "madison", "state": "WI", "area-code": "608"}, {"id": "e81c9350d54f66c6d33b3747ee32316a", "number": "8882071231", "date": "2021-01-21 17:49:00", "subject": "0", "recorded-or-robo": "Y", "city": "Manlius", "state": "NY", "area-code": "315"}, {"id": "deca54a6651fb9add5b4a9816cc70a2a", "number": "8882071231", "date": "2021-01-21 17:49:00", "subject": "0", "recorded-or-robo": "Y", "city": "Manlius", "state": "NY", "area-code": "315"}, {"id": "e81c9350d54f66c6d33b3747ee322b34", "number": "7405353594", "date": "2021-01-22 15:15:00", "subject": "2", "recorded-or-robo": "Y", "city": "san pedro", "state": "CA", "area-code": "740"}, {"id": "e81c9350d54f66c6d33b3747ee321dce", "number": "4253670019", "date": "2021-01-22 15:26:00", "subject": "2", "recorded-or-robo": "Y", "city": "Bothell", "state": "WA", "area-code": "425"}, {"id": "deca54a6651fb9add5b4a9816cc6fbe5", "number": "7405353594", "date": "2021-01-22 15:15:00", "subject": "2", "recorded-or-robo": "Y", "city": "san pedro", "state": "CA", "area-code": "740"}, {"id": "deca54a6651fb9add5b4a9816cc6fb39", "number": "4253670019", "date": "2021-01-22 15:26:00", "subject": "2", "recorded-or-robo": "Y", "city": "Bothell", "state": "WA", "area-code": "425"}, {"id": "e81c9350d54f66c6d33b3747ee321b6a", "number": "", "date": "2021-01-22 17:20:00", "subject": "4", "recorded-or-robo": "Y", "city": "Sheffield", "state": "AL", "area-code": "256"}, {"id": "deca54a6651fb9add5b4a9816cc6eba9", "number": "", "date": "2021-01-22 17:20:00", "subject": "4", "recorded-or-robo": "Y", "city": "Sheffield", "state": "AL", "area-code": "256"}, {"id": "e81c9350d54f66c6d33b3747ee3216d9", "number": "6054728162", "date": "2021-01-22 17:11:00", "subject": "5", "recorded-or-robo": "Y", "city": "Chicago", "state": "IL", "area-code": "312"}, {"id": "deca54a6651fb9add5b4a9816cc6e065", "number": "6054728162", "date": "2021-01-22 17:11:00", "subject": "5", "recorded-or-robo": "Y", "city": "Chicago", "state": "IL", "area-code": "312"}, {"id": "e81c9350d54f66c6d33b3747ee320c73", "number": "9035256248", "date": "2021-01-22 17:07:00", "subject": "2", "recorded-or-robo": "Y", "city": "Tyler", "state": "TX", "area-code": "903"}, {"id": "e81c9350d54f66c6d33b3747ee318c88", "number": "7183391908", "date": "2021-01-22 18:18:00", "subject": "3", "recorded-or-robo": "N", "city": "", "state": "NY", "area-code": "718"}, {"id": "deca54a6651fb9add5b4a9816cc6da75", "number": "9035256248", "date": "2021-01-22 17:07:00", "subject": "2", "recorded-or-robo": "Y", "city": "Tyler", "state": "TX", "area-code": "903"}, {"id": "deca54a6651fb9add5b4a9816cc64e25", "number": "7183391908", "date": "2021-01-22 18:18:00", "subject": "3", "recorded-or-robo": "N", "city": "", "state": "NY", "area-code": "718"}, {"id": "e81c9350d54f66c6d33b3747ee31fd1a", "number": "", "date": "2021-01-22 16:21:00", "subject": "2", "recorded-or-robo": "Y", "city": "Onalaska", "state": "WI", "area-code": "608"}, {"id": "deca54a6651fb9add5b4a9816cc6d050", "number": "", "date": "2021-01-22 16:21:00", "subject": "2", "recorded-or-robo": "Y", "city": "Onalaska", "state": "WI", "area-code": "608"}, {"id": "e81c9350d54f66c6d33b3747ee31f97d", "number": "6627168234", "date": "2021-01-11 09:00:00", "subject": "4", "recorded-or-robo": "Y", "city": "Phoenix", "state": "AZ", "area-code": "480"}, {"id": "deca54a6651fb9add5b4a9816cc6c841", "number": "6627168234", "date": "2021-01-11 09:00:00", "subject": "4", "recorded-or-robo": "Y", "city": "Phoenix", "state": "AZ", "area-code": "480"}, {"id": "e81c9350d54f66c6d33b3747ee9c794a", "number": "2402524626", "date": "2021-01-22 18:26:57", "subject": "3", "recorded-or-robo": "N", "city": "", "state": "MD", "area-code": "240"}, {"id": "1d36742e3f24f50e4e7ae8280131a630", "number": "2402524626", "date": "2021-01-22 18:26:57", "subject": "3", "recorded-or-robo": "N", "city": "", "state": "MD", "area-code": "240"}, {"id": "e81c9350d54f66c6d33b3747ee31ec12", "number": "3052985505", "date": "2021-01-22 18:04:00", "subject": "2", "recorded-or-robo": "Y", "city": "Miami", "state": "FL", "area-code": "305"}, {"id": "deca54a6651fb9add5b4a9816cc6c77a", "number": "3052985505", "date": "2021-01-22 18:04:00", "subject": "2", "recorded-or-robo": "Y", "city": "Miami", "state": "FL", "area-code": "305"}, {"id": "e81c9350d54f66c6d33b3747ee31eac3", "number": "4807884105", "date": "2021-01-22 00:00:00", "subject": "5", "recorded-or-robo": "Y", "city": "", "state": "AZ", "area-code": "480"}]}