{"data": [{"id": "3decc6bfadaa436a105714c6bac68a82", "number": "3174967384", "date": "2021-01-24 16:54:00", "subject": "2", "recorded-or-robo": "Y", "city": "Fishers", "state": "IN", "area-code": "317"}, {"id": "03e293b3df9e35eadf15c561195ca891", "number": "3174967384", "date": "2021-01-24 16:54:00", "subject": "2", "recorded-or-robo": "Y", "city": "Fishers", "state": "IN", "area-code": "317"}, {"id": "3decc6bfadaa436a105714c6bac681aa", "number": "9302082112", "date": "2021-01-24 17:20:00", "subject": "7", "recorded-or-robo": "Y", "city": "", "state": "IN", "area-code": "930"}, {"id": "03e293b3df9e35eadf15c561195c9bdb", "number": "9302082112", "date": "2021-01-24 17:20:00", "subject": "7", "recorded-or-robo": "Y", "city": "", "state": "IN", "area-code": "930"}, {"id": "3decc6bfadaa436a105714c6bac6759b", "number": "", "date": "2021-01-23 09:02:00", "subject": "3", "recorded-or-robo": "", "city": "", "state": "CO", "area-code": "303"}, {"id": "03e293b3df9e35eadf15c561195c7bc5", "number": "", "date": "2021-01-23 09:02:00", "subject": "3", "recorded-or-robo": "", "city": "", "state": "CO", "area-code": "303"}, {"id": "3decc6bfadaa436a105714c6bac67a9b", "number": "4149403377", "date": "2021-01-24 14:00:00", "subject": "2", "recorded-or-robo": "Y", "city": "MUKWONAGO", "state": "WI", "area-code": "414"}, {"id": "03e293b3df9e35eadf15c561195c8de2", "number": "4149403377", "date": "2021-01-24 14:00:00", "subject": "2", "recorded-or-robo": "Y", "city": "MUKWONAGO", "state": "WI", "area-code": "414"}, {"id": "3decc6bfadaa436a105714c6bac676fc", "number": "6604229135", "date": "2021-01-24 16:41:00", "subject": "2", "recorded-or-robo": "Y", "city": "", "state": "MO", "area-code": "660"}, {"id": "03e293b3df9e35eadf15c561195c8524", "number": "6604229135", "date": "2021-01-24 16:41:00", "subject": "2", "recorded-or-robo": "Y", "city": "", "state": "MO", "area-code": "660"}, {"id": "3decc6bfadaa436a105714c6bac6687a", "number": "3174969058", "date": "2021-01-24 17:27:00", "subject": "2", "recorded-or-robo": "Y", "city": "Fishers", "state": "IN", "area-code": "317"}, {"id": "3decc6bfadaa436a105714c6bac660ae", "number": "4149437023", "date": "2021-01-24 05:40:00", "subject": "11", "recorded-or-robo": "Y", "city": "West Allis", "state": "WI", "area-code": "414"}, {"id": "03e293b3df9e35eadf15c561195c78e0", "number": "3174969058", "date": "2021-01-24 17:27:00", "subject": "2", "recorded-or-robo": "Y", "city": "Fishers", "state": "IN", "area-code": "317"}, {"id": "03e293b3df9e35eadf15c561195c7776", "number": "4149437023", "date": "2021-01-24 05:40:00", "subject": "11", "recorded-or-robo": "Y", "city": "West Allis", "state": "WI", "area-code": "414"}, {"id": "3decc6bfadaa436a105714c6bac65ee3", "number": "3105048036", "date": "2021-01-20 13:27:00", "subject": "2", "recorded-or-robo": "Y", "city": "", "state": "CA", "area-code": "310"}, {"id": "03e293b3df9e35eadf15c561195c6d49", "number": "3105048036", "date": "2021-01-20 13:27:00", "subject": "2", "recorded-or-robo": "Y", "city": "", "state": "CA", "area-code": "310"}, {"id": "3decc6bfadaa436a105714c6bac65b09", "number": "5595963906", "date": "2021-01-23 12:29:00", "subject": "0", "recorded-or-robo": "Y", "city": "", "state": "CA", "area-code": "310"}, {"id": "03e293b3df9e35eadf15c561195c62ca", "number": "5595963906", "date": "2021-01-23 12:29:00", "subject": "0", "recorded-or-robo": "Y", "city": "", "state": "CA", "area-code": "310"}, {"id": "3decc6bfadaa436a105714c6bac64f3a", "number": "6612148838", "date": "2021-01-24 17:41:00", "subject": "0", "recorded-or-robo": "Y", "city": "", "state": "FL", "area-code": "941"}, {"id": "03e293b3df9e35eadf15c561195c571c", "number": "6612148838", "date": "2021-01-24 17:41:00", "subject": "0", "recorded-or-robo": "Y", "city": "", "state": "FL", "area-code": "941"}, {"id": "3decc6bfadaa436a105714c6bac64f29", "number": "3174963841", "date": "2021-01-24 18:21:00", "subject": "2", "recorded-or-robo": "Y", "city": "Fishers", "state": "IN", "area-code": "317"}, {"id": "03e293b3df9e35eadf15c561195c496d", "number": "3174963841", "date": "2021-01-24 18:21:00", "subject": "2", "recorded-or-robo": "Y", "city": "Fishers", "state": "IN", "area-code": "317"}, {"id": "3decc6bfadaa436a105714c6bac647ea", "number": "5628189755", "date": "2021-01-24 15:00:00", "subject": "3", "recorded-or-robo": "Y", "city": "", "state": "CA", "area-code": "562"}, {"id": "03e293b3df9e35eadf15c561195c3f47", "number": "5628189755", "date": "2021-01-24 15:00:00", "subject": "3", "recorded-or-robo": "Y", "city": "", "state": "CA", "area-code": "562"}, {"id": "3decc6bfadaa436a105714c6bac6442b", "number": "3174963441", "date": "2021-01-24 18:36:00", "subject": "2", "recorded-or-robo": "Y", "city": "Fishers", "state": "IN", "area-code": "317"}, {"id": "03e293b3df9e35eadf15c561195c39e8", "number": "3174963441", "date": "2021-01-24 18:36:00", "subject": "2", "recorded-or-robo": "Y", "city": "Fishers", "state": "IN", "area-code": "317"}, {"id": "3decc6bfadaa436a105714c6bac63857", "number": "9736217199", "date": "2021-01-24 18:34:00", "subject": "2", "recorded-or-robo": "Y", "city": "", "state": "NJ", "area-code": "973"}, {"id": "03e293b3df9e35eadf15c561195c354d", "number": "9736217199", "date": "2021-01-24 18:34:00", "subject": "2", "recorded-or-robo": "Y", "city": "", "state": "NJ", "area-code": "973"}, {"id": "3decc6bfadaa436a105714c6bac6348c", "number": "9894826626", "date": "2021-01-24 18:26:00", "subject": "0", "recorded-or-robo": "Y", "city": "", "state": "MI", "area-code": "989"}, {"id": "03e293b3df9e35eadf15c561195c31e1", "number": "9894826626", "date": "2021-01-24 18:26:00", "subject": "0", "recorded-or-robo": "Y", "city": "", "state": "MI", "area-code": "989"}, {"id": "3decc6bfadaa436a105714c6bac62abc", "number": "5628189755", "date": "2021-01-24 15:29:00", "subject": "2", "recorded-or-robo": "Y", "city": "", "state": "CA", "area-code": "562"}, {"id": "03e293b3df9e35eadf15c561195c2a43", "number": "5628189755", "date": "2021-01-24 15:29:00", "subject": "2", "recorded-or-robo": "Y", "city": "", "state": "CA", "area-code": "562"}, {"id": "3decc6bfadaa436a105714c6bac61f5e", "number": "8641798355", "date": "2021-01-24 17:00:00", "subject": "2", "recorded-or-robo": "N", "city": "Northwood", "state": "NH", "area-code": "978"}, {"id": "03e293b3df9e35eadf15c561195c22d9", "number": "8641798355", "date": "2021-01-24 17:00:00", "subject": "2", "recorded-or-robo": "N", "city": "Northwood", "state": "NH", "area-code": "978"}, {"id": "3decc6bfadaa436a105714c6bac61e69", "number": "4097912273", "date": "2021-01-24 16:17:00", "subject": "11", "recorded-or-robo": "Y", "city": "", "state": "TX", "area-code": "409"}, {"id": "03e293b3df9e35eadf15c561195c153e", "number": "4097912273", "date": "2021-01-24 16:17:00", "subject": "11", "recorded-or-robo": "Y", "city": "", "state": "TX", "area-code": "409"}, {"id": "3decc6bfadaa436a105714c6bac61a13", "number": "", "date": "2021-01-24 17:30:00", "subject": "2", "recorded-or-robo": "N", "city": "Reeds Spring", "state": "MO", "area-code": "417"}, {"id": "03e293b3df9e35eadf15c561195c1321", "number": "", "date": "2021-01-24 17:30:00", "subject": "2", "recorded-or-robo": "N", "city": "Reeds Spring", "state": "MO", "area-code": "417"}, {"id": "3decc6bfadaa436a105714c6bac6159f", "number": "2012380471", "date": "2021-01-19 14:09:00", "subject": "2", "recorded-or-robo": "", "city": "Hasbrouck Heights", "state": "NJ", "area-code": "201"}, {"id": "03e293b3df9e35eadf15c561195c0553", "number": "2012380471", "date": "2021-01-19 14:09:00", "subject": "2", "recorded-or-robo": "", "city": "Hasbrouck Heights", "state": "NJ", "area-code": "201"}, {"id": "3decc6bfadaa436a105714c6bac608c0", "number": "4809248404", "date": "2021-01-22 18:11:00", "subject": "13", "recorded-or-robo": "Y", "city": "Tempe", "state": "AZ", "area-code": "520"}, {"id": "03e293b3df9e35eadf15c561195c0330", "number": "4809248404", "date": "2021-01-22 18:11:00", "subject": "13", "recorded-or-robo": "Y", "city": "Tempe", "state": "AZ", "area-code": "520"}, {"id": "3decc6bfadaa436a105714c6bac60355", "number": "9894829296", "date": "2021-01-24 17:38:00", "subject": "2", "recorded-or-robo": "Y", "city": "", "state": "MI", "area-code": "989"}, {"id": "03e293b3df9e35eadf15c561195c02d0", "number": "9894829296", "date": "2021-01-24 17:38:00", "subject": "2", "recorded-or-robo": "Y", "city": "", "state": "MI", "area-code": "989"}, {"id": "3decc6bfadaa436a105714c6bac6016a", "number": "2012499252", "date": "2021-01-19 14:10:00", "subject": "2", "recorded-or-robo": "", "city": "Hasbrouck Heights", "state": "NJ", "area-code": "201"}, {"id": "03e293b3df9e35eadf15c561195bf4ef", "number": "2012499252", "date": "2021-01-19 14:10:00", "subject": "2", "recorded-or-robo": "", "city": "Hasbrouck Heights", "state": "NJ", "area-code": "201"}, {"id": "3decc6bfadaa436a105714c6bac5f305", "number": "5038585204", "date": "2021-01-20 10:44:00", "subject": "3", "recorded-or-robo": "", "city": "", "state": "OR", "area-code": "503"}, {"id": "03e293b3df9e35eadf15c561195bdbfd", "number": "5038585204", "date": "2021-01-20 10:44:00", "subject": "3", "recorded-or-robo": "", "city": "", "state": "OR", "area-code": "503"}, {"id": "3decc6bfadaa436a105714c6bac5fc1d", "number": "2012941739", "date": "2021-01-19 15:10:00", "subject": "2", "recorded-or-robo": "", "city": "Hasbrouck Heights", "state": "NJ", "area-code": "201"}, {"id": "03e293b3df9e35eadf15c561195beed3", "number": "2012941739", "date": "2021-01-19 15:10:00", "subject": "2", "recorded-or-robo": "", "city": "Hasbrouck Heights", "state": "NJ", "area-code": "201"}]}