{"data": [{"id": "deca54a6651fb9add5b4a9816caf40d1", "number": "8186292076", "date": "2021-01-22 17:21:00", "subject": "1", "recorded-or-robo": "N", "city": "Port Saint Lucie", "state": "FL", "area-code": "772"}, {"id": "e81c9350d54f66c6d33b3747ee19bd46", "number": "9094763860", "date": "2021-01-22 02:24:00", "subject": "2", "recorded-or-robo": "N", "city": "alta loma", "state": "CA", "area-code": "415"}, {"id": "deca54a6651fb9add5b4a9816caf35eb", "number": "9094763860", "date": "2021-01-22 02:24:00", "subject": "2", "recorded-or-robo": "N", "city": "alta loma", "state": "CA", "area-code": "415"}, {"id": "e81c9350d54f66c6d33b3747ee19bb62", "number": "6167108469", "date": "2021-01-22 00:00:00", "subject": "2", "recorded-or-robo": "Y", "city": "", "state": "MI", "area-code": "616"}, {"id": "deca54a6651fb9add5b4a9816caf2bec", "number": "6167108469", "date": "2021-01-22 00:00:00", "subject": "2", "recorded-or-robo": "Y", "city": "", "state": "MI", "area-code": "616"}, {"id": "e81c9350d54f66c6d33b3747ee19b21a", "number": "2032044152", "date": "2021-01-22 17:32:00", "subject": "0", "recorded-or-robo": "Y", "city": "", "state": "CT", "area-code": "203"}, {"id": "e81c9350d54f66c6d33b3747ee19ad24", "number": "3023305931", "date": "2021-01-19 15:39:00", "subject": "0", "recorded-or-robo": "", "city": "Millsboro", "state": "DE", "area-code": "302"}, {"id": "deca54a6651fb9add5b4a9816caf2344", "number": "2032044152", "date": "2021-01-22 17:32:00", "subject": "0", "recorded-or-robo": "Y", "city": "", "state": "CT", "area-code": "203"}, {"id": "deca54a6651fb9add5b4a9816caf140c", "number": "3023305931", "date": "2021-01-19 15:39:00", "subject": "0", "recorded-or-robo": "", "city": "Millsboro", "state": "DE", "area-code": "302"}, {"id": "e81c9350d54f66c6d33b3747ee5398bf", "number": "3304430746", "date": "2021-01-22 17:45:12", "subject": "3", "recorded-or-robo": "N", "city": "", "state": "OH", "area-code": "330"}, {"id": "deca54a6651fb9add5b4a9816ce7fb83", "number": "3304430746", "date": "2021-01-22 17:45:12", "subject": "3", "recorded-or-robo": "N", "city": "", "state": "OH", "area-code": "330"}, {"id": "e81c9350d54f66c6d33b3747ee53a36c", "number": "9093041168", "date": "2021-01-22 17:45:11", "subject": "3", "recorded-or-robo": "Y", "city": "", "state": "CA", "area-code": "323"}, {"id": "deca54a6651fb9add5b4a9816ce80761", "number": "9093041168", "date": "2021-01-22 17:45:11", "subject": "3", "recorded-or-robo": "Y", "city": "", "state": "CA", "area-code": "323"}, {"id": "e81c9350d54f66c6d33b3747ee19a938", "number": "2023077936", "date": "2021-01-22 02:38:00", "subject": "1", "recorded-or-robo": "", "city": "Sacramrnto", "state": "CA", "area-code": "916"}, {"id": "e81c9350d54f66c6d33b3747ee19a53b", "number": "5747727333", "date": "2021-01-22 00:00:00", "subject": "2", "recorded-or-robo": "Y", "city": "Knox", "state": "IN", "area-code": "574"}, {"id": "deca54a6651fb9add5b4a9816caf1241", "number": "2023077936", "date": "2021-01-22 02:38:00", "subject": "1", "recorded-or-robo": "", "city": "Sacramrnto", "state": "CA", "area-code": "916"}, {"id": "deca54a6651fb9add5b4a9816caf0669", "number": "5747727333", "date": "2021-01-22 00:00:00", "subject": "2", "recorded-or-robo": "Y", "city": "Knox", "state": "IN", "area-code": "574"}, {"id": "e81c9350d54f66c6d33b3747ee1939ac", "number": "", "date": "2021-01-22 16:04:00", "subject": "3", "recorded-or-robo": "", "city": "", "state": "NE", "area-code": "402"}, {"id": "deca54a6651fb9add5b4a9816cae8d4d", "number": "", "date": "2021-01-22 16:04:00", "subject": "3", "recorded-or-robo": "", "city": "", "state": "NE", "area-code": "402"}, {"id": "e81c9350d54f66c6d33b3747ee19a3f3", "number": "8638661858", "date": "2021-01-19 11:31:00", "subject": "0", "recorded-or-robo": "Y", "city": "Mahtomedi", "state": "MN", "area-code": "651"}, {"id": "deca54a6651fb9add5b4a9816caef6ec", "number": "8638661858", "date": "2021-01-19 11:31:00", "subject": "0", "recorded-or-robo": "Y", "city": "Mahtomedi", "state": "MN", "area-code": "651"}, {"id": "e81c9350d54f66c6d33b3747ee199e42", "number": "8605254397", "date": "2021-01-22 16:33:00", "subject": "3", "recorded-or-robo": "", "city": "", "state": "CT", "area-code": "860"}, {"id": "deca54a6651fb9add5b4a9816caef4e2", "number": "8605254397", "date": "2021-01-22 16:33:00", "subject": "3", "recorded-or-robo": "", "city": "", "state": "CT", "area-code": "860"}, {"id": "e81c9350d54f66c6d33b3747ee19963e", "number": "4254339676", "date": "2021-01-20 09:16:00", "subject": "2", "recorded-or-robo": "Y", "city": "Bellevue", "state": "WA", "area-code": "425"}, {"id": "deca54a6651fb9add5b4a9816caeec29", "number": "4254339676", "date": "2021-01-20 09:16:00", "subject": "2", "recorded-or-robo": "Y", "city": "Bellevue", "state": "WA", "area-code": "425"}, {"id": "e81c9350d54f66c6d33b3747ee1993c7", "number": "6602505123", "date": "2021-01-22 16:42:00", "subject": "2", "recorded-or-robo": "Y", "city": "Norborne", "state": "MO", "area-code": "660"}, {"id": "deca54a6651fb9add5b4a9816caee10e", "number": "6602505123", "date": "2021-01-22 16:42:00", "subject": "2", "recorded-or-robo": "Y", "city": "Norborne", "state": "MO", "area-code": "660"}, {"id": "e81c9350d54f66c6d33b3747ee5cbcce", "number": "7182440807", "date": "2021-01-22 09:43:00", "subject": "3", "recorded-or-robo": "N", "city": "", "state": "CA", "area-code": "510"}, {"id": "deca54a6651fb9add5b4a9816cf19139", "number": "7182440807", "date": "2021-01-22 09:43:00", "subject": "3", "recorded-or-robo": "N", "city": "", "state": "CA", "area-code": "510"}, {"id": "e81c9350d54f66c6d33b3747ee5cb35b", "number": "9149992293", "date": "2021-01-22 17:30:00", "subject": "3", "recorded-or-robo": "N", "city": "", "state": "OH", "area-code": "614"}, {"id": "deca54a6651fb9add5b4a9816cf18a44", "number": "9149992293", "date": "2021-01-22 17:30:00", "subject": "3", "recorded-or-robo": "N", "city": "", "state": "OH", "area-code": "614"}, {"id": "e81c9350d54f66c6d33b3747ee198aaf", "number": "2813168056", "date": "2021-01-21 15:18:00", "subject": "0", "recorded-or-robo": "Y", "city": "Kingwood", "state": "TX", "area-code": "281"}, {"id": "deca54a6651fb9add5b4a9816caed8d6", "number": "2813168056", "date": "2021-01-21 15:18:00", "subject": "0", "recorded-or-robo": "Y", "city": "Kingwood", "state": "TX", "area-code": "281"}, {"id": "e81c9350d54f66c6d33b3747ee198463", "number": "6154064419", "date": "2021-01-22 17:34:00", "subject": "1", "recorded-or-robo": "N", "city": "", "state": "Do", "area-code": "202"}, {"id": "deca54a6651fb9add5b4a9816caed540", "number": "6154064419", "date": "2021-01-22 17:34:00", "subject": "1", "recorded-or-robo": "N", "city": "", "state": "Do", "area-code": "202"}, {"id": "e81c9350d54f66c6d33b3747ee197f97", "number": "3024249939", "date": "2021-01-19 10:50:00", "subject": "0", "recorded-or-robo": "", "city": "Millsboro", "state": "DE", "area-code": "302"}, {"id": "deca54a6651fb9add5b4a9816caeca53", "number": "3024249939", "date": "2021-01-19 10:50:00", "subject": "0", "recorded-or-robo": "", "city": "Millsboro", "state": "DE", "area-code": "302"}, {"id": "e81c9350d54f66c6d33b3747ee53dfc6", "number": "4347714911", "date": "2021-01-22 17:44:29", "subject": "3", "recorded-or-robo": "N", "city": "", "state": "VA", "area-code": "434"}, {"id": "deca54a6651fb9add5b4a9816ce83a48", "number": "4347714911", "date": "2021-01-22 17:44:29", "subject": "3", "recorded-or-robo": "N", "city": "", "state": "VA", "area-code": "434"}, {"id": "e81c9350d54f66c6d33b3747ee197955", "number": "4086591404", "date": "2021-01-18 14:57:00", "subject": "4", "recorded-or-robo": "Y", "city": "Saratoga", "state": "CA", "area-code": "408"}, {"id": "deca54a6651fb9add5b4a9816caebd09", "number": "4086591404", "date": "2021-01-18 14:57:00", "subject": "4", "recorded-or-robo": "Y", "city": "Saratoga", "state": "CA", "area-code": "408"}, {"id": "e81c9350d54f66c6d33b3747ee1975ce", "number": "4245017388", "date": "2021-01-22 00:00:00", "subject": "2", "recorded-or-robo": "Y", "city": "St. Johnsbury", "state": "VT", "area-code": "802"}, {"id": "deca54a6651fb9add5b4a9816caebcdd", "number": "4245017388", "date": "2021-01-22 00:00:00", "subject": "2", "recorded-or-robo": "Y", "city": "St. Johnsbury", "state": "VT", "area-code": "802"}, {"id": "e81c9350d54f66c6d33b3747ee1967e2", "number": "3078778093", "date": "2021-01-22 16:27:00", "subject": "2", "recorded-or-robo": "Y", "city": "norman", "state": "OK", "area-code": "405"}, {"id": "deca54a6651fb9add5b4a9816caeba51", "number": "3078778093", "date": "2021-01-22 16:27:00", "subject": "2", "recorded-or-robo": "Y", "city": "norman", "state": "OK", "area-code": "405"}, {"id": "e81c9350d54f66c6d33b3747ee53eb91", "number": "3306818309", "date": "2021-01-22 17:44:20", "subject": "3", "recorded-or-robo": "Y", "city": "", "state": "OH", "area-code": "330"}, {"id": "deca54a6651fb9add5b4a9816ce84dfb", "number": "3306818309", "date": "2021-01-22 17:44:20", "subject": "3", "recorded-or-robo": "Y", "city": "", "state": "OH", "area-code": "330"}, {"id": "e81c9350d54f66c6d33b3747ee195f50", "number": "3862179302", "date": "2021-01-18 10:29:00", "subject": "0", "recorded-or-robo": "Y", "city": "Mahtomedi", "state": "MN", "area-code": "651"}, {"id": "deca54a6651fb9add5b4a9816caeb25b", "number": "3862179302", "date": "2021-01-18 10:29:00", "subject": "0", "recorded-or-robo": "Y", "city": "Mahtomedi", "state": "MN", "area-code": "651"}, {"id": "e81c9350d54f66c6d33b3747ee195d0f", "number": "5085482143", "date": "2021-01-22 14:00:00", "subject": "0", "recorded-or-robo": "N", "city": "", "state": "MA", "area-code": "508"}]}