{"data": [{"id": "3decc6bfadaa436a105714c6ba88e83d", "number": "5593514632", "date": "2021-01-24 03:30:00", "subject": "2", "recorded-or-robo": "N", "city": "", "state": "CA", "area-code": "707"}, {"id": "03e293b3df9e35eadf15c561191f6667", "number": "5593514632", "date": "2021-01-24 03:30:00", "subject": "2", "recorded-or-robo": "N", "city": "", "state": "CA", "area-code": "707"}, {"id": "3decc6bfadaa436a105714c6ba88df33", "number": "8453634599", "date": "2021-01-08 13:07:00", "subject": "11", "recorded-or-robo": "Y", "city": "Pine Bush", "state": "NY", "area-code": "845"}, {"id": "03e293b3df9e35eadf15c561191f5a26", "number": "8453634599", "date": "2021-01-08 13:07:00", "subject": "11", "recorded-or-robo": "Y", "city": "Pine Bush", "state": "NY", "area-code": "845"}, {"id": "3decc6bfadaa436a105714c6ba88d2a2", "number": "6092259243", "date": "2021-01-22 09:39:00", "subject": "0", "recorded-or-robo": "N", "city": "", "state": "NJ", "area-code": "732"}, {"id": "03e293b3df9e35eadf15c561191f4a66", "number": "6092259243", "date": "2021-01-22 09:39:00", "subject": "0", "recorded-or-robo": "N", "city": "", "state": "NJ", "area-code": "732"}, {"id": "3decc6bfadaa436a105714c6ba88c682", "number": "8622579239", "date": "2021-01-22 09:19:00", "subject": "12", "recorded-or-robo": "Y", "city": "", "state": "NJ", "area-code": "732"}, {"id": "03e293b3df9e35eadf15c561191f40a1", "number": "8622579239", "date": "2021-01-22 09:19:00", "subject": "12", "recorded-or-robo": "Y", "city": "", "state": "NJ", "area-code": "732"}, {"id": "3decc6bfadaa436a105714c6ba88c3ad", "number": "6085144335", "date": "2021-01-23 08:14:00", "subject": "2", "recorded-or-robo": "Y", "city": "", "state": "WI", "area-code": "715"}, {"id": "03e293b3df9e35eadf15c561191f32d9", "number": "6085144335", "date": "2021-01-23 08:14:00", "subject": "2", "recorded-or-robo": "Y", "city": "", "state": "WI", "area-code": "715"}, {"id": "3decc6bfadaa436a105714c6ba88bd4e", "number": "7322932857", "date": "2021-01-22 09:07:00", "subject": "0", "recorded-or-robo": "N", "city": "", "state": "NJ", "area-code": "732"}, {"id": "03e293b3df9e35eadf15c561191f28ca", "number": "7322932857", "date": "2021-01-22 09:07:00", "subject": "0", "recorded-or-robo": "N", "city": "", "state": "NJ", "area-code": "732"}, {"id": "3decc6bfadaa436a105714c6ba88b230", "number": "7852647490", "date": "2020-01-20 09:04:00", "subject": "3", "recorded-or-robo": "N", "city": "", "state": "WI", "area-code": "414"}, {"id": "03e293b3df9e35eadf15c561191f2777", "number": "7852647490", "date": "2020-01-20 09:04:00", "subject": "3", "recorded-or-robo": "N", "city": "", "state": "WI", "area-code": "414"}, {"id": "3decc6bfadaa436a105714c6ba88a42d", "number": "4143866960", "date": "2020-01-23 11:44:00", "subject": "3", "recorded-or-robo": "Y", "city": "", "state": "WI", "area-code": "414"}, {"id": "03e293b3df9e35eadf15c561191f2448", "number": "4143866960", "date": "2020-01-23 11:44:00", "subject": "3", "recorded-or-robo": "Y", "city": "", "state": "WI", "area-code": "414"}, {"id": "3decc6bfadaa436a105714c6ba889b72", "number": "8005818600", "date": "2021-01-21 11:43:00", "subject": "4", "recorded-or-robo": "Y", "city": "Kansas CIty", "state": "KS", "area-code": "913"}, {"id": "03e293b3df9e35eadf15c561191f1c8d", "number": "8005818600", "date": "2021-01-21 11:43:00", "subject": "4", "recorded-or-robo": "Y", "city": "Kansas CIty", "state": "KS", "area-code": "913"}, {"id": "3decc6bfadaa436a105714c6ba8897da", "number": "2028880277", "date": "2021-01-24 03:24:00", "subject": "8", "recorded-or-robo": "N", "city": "American Fork", "state": "UT", "area-code": "951"}, {"id": "03e293b3df9e35eadf15c561191f0e6a", "number": "2028880277", "date": "2021-01-24 03:24:00", "subject": "8", "recorded-or-robo": "N", "city": "American Fork", "state": "UT", "area-code": "951"}, {"id": "3decc6bfadaa436a105714c6ba888b2e", "number": "4073384302", "date": "2021-01-23 11:11:00", "subject": "2", "recorded-or-robo": "Y", "city": "Kissimmee", "state": "FL", "area-code": "863"}, {"id": "03e293b3df9e35eadf15c561191f052e", "number": "4073384302", "date": "2021-01-23 11:11:00", "subject": "2", "recorded-or-robo": "Y", "city": "Kissimmee", "state": "FL", "area-code": "863"}, {"id": "3decc6bfadaa436a105714c6ba887d86", "number": "", "date": "2021-01-24 00:08:00", "subject": "11", "recorded-or-robo": "N", "city": "Orwell", "state": "OH", "area-code": "440"}, {"id": "03e293b3df9e35eadf15c561191f0147", "number": "", "date": "2021-01-24 00:08:00", "subject": "11", "recorded-or-robo": "N", "city": "Orwell", "state": "OH", "area-code": "440"}, {"id": "3decc6bfadaa436a105714c6ba88752f", "number": "7072162378", "date": "2021-01-23 13:00:00", "subject": "2", "recorded-or-robo": "Y", "city": "", "state": "AR", "area-code": "501"}, {"id": "03e293b3df9e35eadf15c561191efad4", "number": "7072162378", "date": "2021-01-23 13:00:00", "subject": "2", "recorded-or-robo": "Y", "city": "", "state": "AR", "area-code": "501"}, {"id": "3decc6bfadaa436a105714c6ba886704", "number": "2314034981", "date": "2021-01-22 00:00:00", "subject": "2", "recorded-or-robo": "N", "city": "ARGYLE", "state": "TX", "area-code": "940"}, {"id": "03e293b3df9e35eadf15c561191ef5e3", "number": "2314034981", "date": "2021-01-22 00:00:00", "subject": "2", "recorded-or-robo": "N", "city": "ARGYLE", "state": "TX", "area-code": "940"}, {"id": "3decc6bfadaa436a105714c6ba88668c", "number": "2144840613", "date": "2021-01-22 09:05:00", "subject": "2", "recorded-or-robo": "N", "city": "ARGYLE", "state": "TX", "area-code": "940"}, {"id": "03e293b3df9e35eadf15c561191eeb24", "number": "2144840613", "date": "2021-01-22 09:05:00", "subject": "2", "recorded-or-robo": "N", "city": "ARGYLE", "state": "TX", "area-code": "940"}, {"id": "3decc6bfadaa436a105714c6ba885d10", "number": "2144840613", "date": "2021-01-21 14:35:00", "subject": "2", "recorded-or-robo": "N", "city": "ARGYLE", "state": "TX", "area-code": "940"}, {"id": "03e293b3df9e35eadf15c561191ee499", "number": "2144840613", "date": "2021-01-21 14:35:00", "subject": "2", "recorded-or-robo": "N", "city": "ARGYLE", "state": "TX", "area-code": "940"}, {"id": "3decc6bfadaa436a105714c6ba885ac4", "number": "", "date": "2021-01-22 09:57:00", "subject": "2", "recorded-or-robo": "Y", "city": "Flushing", "state": "NY", "area-code": "516"}, {"id": "03e293b3df9e35eadf15c561191ee389", "number": "", "date": "2021-01-22 09:57:00", "subject": "2", "recorded-or-robo": "Y", "city": "Flushing", "state": "NY", "area-code": "516"}, {"id": "3decc6bfadaa436a105714c6ba884e87", "number": "3606344361", "date": "2021-01-22 10:26:00", "subject": "2", "recorded-or-robo": "Y", "city": "Flushing", "state": "NY", "area-code": "516"}, {"id": "03e293b3df9e35eadf15c561191edda0", "number": "3606344361", "date": "2021-01-22 10:26:00", "subject": "2", "recorded-or-robo": "Y", "city": "Flushing", "state": "NY", "area-code": "516"}, {"id": "3decc6bfadaa436a105714c6ba88458b", "number": "6319373695", "date": "2021-01-22 10:58:00", "subject": "2", "recorded-or-robo": "Y", "city": "Flushing", "state": "NY", "area-code": "516"}, {"id": "03e293b3df9e35eadf15c561191ed300", "number": "6319373695", "date": "2021-01-22 10:58:00", "subject": "2", "recorded-or-robo": "Y", "city": "Flushing", "state": "NY", "area-code": "516"}, {"id": "3decc6bfadaa436a105714c6ba884589", "number": "5164177703", "date": "2021-01-22 18:21:00", "subject": "2", "recorded-or-robo": "Y", "city": "Flushing", "state": "NY", "area-code": "516"}, {"id": "03e293b3df9e35eadf15c561191ecadf", "number": "5164177703", "date": "2021-01-22 18:21:00", "subject": "2", "recorded-or-robo": "Y", "city": "Flushing", "state": "NY", "area-code": "516"}, {"id": "3decc6bfadaa436a105714c6ba884265", "number": "2563694811", "date": "2021-01-23 17:33:00", "subject": "0", "recorded-or-robo": "N", "city": "", "state": "AL", "area-code": "256"}, {"id": "03e293b3df9e35eadf15c561191ec293", "number": "2563694811", "date": "2021-01-23 17:33:00", "subject": "0", "recorded-or-robo": "N", "city": "", "state": "AL", "area-code": "256"}, {"id": "3decc6bfadaa436a105714c6ba883de3", "number": "2067396784", "date": "2021-01-24 23:32:00", "subject": "2", "recorded-or-robo": "N", "city": "Burien", "state": "WA", "area-code": "206"}, {"id": "03e293b3df9e35eadf15c561191ebd02", "number": "2067396784", "date": "2021-01-24 23:32:00", "subject": "2", "recorded-or-robo": "N", "city": "Burien", "state": "WA", "area-code": "206"}, {"id": "3decc6bfadaa436a105714c6ba883c7f", "number": "5412217855", "date": "2021-01-18 09:06:00", "subject": "9", "recorded-or-robo": "Y", "city": "Newberg", "state": "OR", "area-code": "503"}, {"id": "03e293b3df9e35eadf15c561191eb8c5", "number": "5412217855", "date": "2021-01-18 09:06:00", "subject": "9", "recorded-or-robo": "Y", "city": "Newberg", "state": "OR", "area-code": "503"}, {"id": "3decc6bfadaa436a105714c6ba883281", "number": "5416746405", "date": "2021-01-22 09:40:00", "subject": "9", "recorded-or-robo": "Y", "city": "Newberg", "state": "OR", "area-code": "503"}, {"id": "03e293b3df9e35eadf15c561191eb297", "number": "5416746405", "date": "2021-01-22 09:40:00", "subject": "9", "recorded-or-robo": "Y", "city": "Newberg", "state": "OR", "area-code": "503"}, {"id": "3decc6bfadaa436a105714c6ba8828ba", "number": "8883410971", "date": "2021-01-22 11:05:00", "subject": "1", "recorded-or-robo": "Y", "city": "Newberg", "state": "OR", "area-code": "503"}, {"id": "03e293b3df9e35eadf15c561191ea31d", "number": "8883410971", "date": "2021-01-22 11:05:00", "subject": "1", "recorded-or-robo": "Y", "city": "Newberg", "state": "OR", "area-code": "503"}]}