{"data": [{"id": "3decc6bfadaa436a105714c6ba7001e1", "number": "2292103320", "date": "2021-01-23 12:26:00", "subject": "2", "recorded-or-robo": "Y", "city": "Clover", "state": "SC", "area-code": "724"}, {"id": "03e293b3df9e35eadf15c56119062ae9", "number": "2292103320", "date": "2021-01-23 12:26:00", "subject": "2", "recorded-or-robo": "Y", "city": "Clover", "state": "SC", "area-code": "724"}, {"id": "3decc6bfadaa436a105714c6ba83d66f", "number": "+17078671246", "date": "2021-01-23 22:19:17", "subject": "3", "recorded-or-robo": "Y", "city": "", "state": "CA", "area-code": "323"}, {"id": "03e293b3df9e35eadf15c561191a3698", "number": "+17078671246", "date": "2021-01-23 22:19:17", "subject": "3", "recorded-or-robo": "Y", "city": "", "state": "CA", "area-code": "323"}, {"id": "3decc6bfadaa436a105714c6ba6ff981", "number": "8312388508", "date": "2021-01-20 13:11:00", "subject": "1", "recorded-or-robo": "N", "city": "Carmel Valley", "state": "CA", "area-code": "831"}, {"id": "03e293b3df9e35eadf15c5611906228b", "number": "8312388508", "date": "2021-01-20 13:11:00", "subject": "1", "recorded-or-robo": "N", "city": "Carmel Valley", "state": "CA", "area-code": "831"}, {"id": "3decc6bfadaa436a105714c6ba6ff322", "number": "", "date": "2021-01-19 09:39:00", "subject": "2", "recorded-or-robo": "Y", "city": "Appleton", "state": "WI", "area-code": "920"}, {"id": "03e293b3df9e35eadf15c56119061320", "number": "", "date": "2021-01-19 09:39:00", "subject": "2", "recorded-or-robo": "Y", "city": "Appleton", "state": "WI", "area-code": "920"}, {"id": "3decc6bfadaa436a105714c6ba6feb7e", "number": "2069102292", "date": "2021-01-02 13:53:00", "subject": "2", "recorded-or-robo": "Y", "city": "Sammamish", "state": "WA", "area-code": "206"}, {"id": "03e293b3df9e35eadf15c5611906083b", "number": "2069102292", "date": "2021-01-02 13:53:00", "subject": "2", "recorded-or-robo": "Y", "city": "Sammamish", "state": "WA", "area-code": "206"}, {"id": "3decc6bfadaa436a105714c6ba6fe9e7", "number": "2069164844", "date": "2021-01-06 07:03:00", "subject": "2", "recorded-or-robo": "Y", "city": "Sammamish", "state": "WA", "area-code": "206"}, {"id": "03e293b3df9e35eadf15c56119060744", "number": "2069164844", "date": "2021-01-06 07:03:00", "subject": "2", "recorded-or-robo": "Y", "city": "Sammamish", "state": "WA", "area-code": "206"}, {"id": "3decc6bfadaa436a105714c6ba83d066", "number": "4052584650", "date": "2021-01-23 22:16:45", "subject": "3", "recorded-or-robo": "Y", "city": "", "state": "OK", "area-code": "405"}, {"id": "3decc6bfadaa436a105714c6ba6fd9fc", "number": "3026648711", "date": "2021-01-06 08:51:00", "subject": "2", "recorded-or-robo": "Y", "city": "Sammamish", "state": "DE", "area-code": "302"}, {"id": "03e293b3df9e35eadf15c561191a279e", "number": "4052584650", "date": "2021-01-23 22:16:45", "subject": "3", "recorded-or-robo": "Y", "city": "", "state": "OK", "area-code": "405"}, {"id": "03e293b3df9e35eadf15c5611905fdc7", "number": "3026648711", "date": "2021-01-06 08:51:00", "subject": "2", "recorded-or-robo": "Y", "city": "Sammamish", "state": "DE", "area-code": "302"}, {"id": "3decc6bfadaa436a105714c6ba6fd9c4", "number": "6024939243", "date": "2021-01-06 10:28:00", "subject": "2", "recorded-or-robo": "Y", "city": "Sammamish", "state": "AZ", "area-code": "602"}, {"id": "03e293b3df9e35eadf15c5611905f367", "number": "6024939243", "date": "2021-01-06 10:28:00", "subject": "2", "recorded-or-robo": "Y", "city": "Sammamish", "state": "AZ", "area-code": "602"}, {"id": "3decc6bfadaa436a105714c6ba6fcdd8", "number": "3607501589", "date": "2021-01-23 14:07:00", "subject": "1", "recorded-or-robo": "N", "city": "Vancouver", "state": "WA", "area-code": "360"}, {"id": "03e293b3df9e35eadf15c5611905ef3d", "number": "3607501589", "date": "2021-01-23 14:07:00", "subject": "1", "recorded-or-robo": "N", "city": "Vancouver", "state": "WA", "area-code": "360"}, {"id": "3decc6bfadaa436a105714c6ba6fc786", "number": "4805075750", "date": "2021-01-06 14:45:00", "subject": "2", "recorded-or-robo": "Y", "city": "Sammamish", "state": "AZ", "area-code": "480"}, {"id": "03e293b3df9e35eadf15c5611905e8e5", "number": "4805075750", "date": "2021-01-06 14:45:00", "subject": "2", "recorded-or-robo": "Y", "city": "Sammamish", "state": "AZ", "area-code": "480"}, {"id": "3decc6bfadaa436a105714c6ba6fc19e", "number": "1447520670120", "date": "2021-01-23 13:06:00", "subject": "0", "recorded-or-robo": "Y", "city": "Grimes", "state": "IA", "area-code": "515"}, {"id": "03e293b3df9e35eadf15c5611905e76a", "number": "1447520670120", "date": "2021-01-23 13:06:00", "subject": "0", "recorded-or-robo": "Y", "city": "Grimes", "state": "IA", "area-code": "515"}, {"id": "3decc6bfadaa436a105714c6ba6fb2d9", "number": "2038596258", "date": "2021-01-23 21:18:00", "subject": "2", "recorded-or-robo": "Y", "city": "", "state": "CT", "area-code": "203"}, {"id": "03e293b3df9e35eadf15c5611905d9c0", "number": "2038596258", "date": "2021-01-23 21:18:00", "subject": "2", "recorded-or-robo": "Y", "city": "", "state": "CT", "area-code": "203"}, {"id": "3decc6bfadaa436a105714c6ba6fa54e", "number": "2069155197", "date": "2021-01-07 07:07:00", "subject": "2", "recorded-or-robo": "Y", "city": "Sammamish", "state": "WA", "area-code": "206"}, {"id": "03e293b3df9e35eadf15c5611905d3f3", "number": "2069155197", "date": "2021-01-07 07:07:00", "subject": "2", "recorded-or-robo": "Y", "city": "Sammamish", "state": "WA", "area-code": "206"}, {"id": "3decc6bfadaa436a105714c6ba83cd46", "number": "6264141505", "date": "2021-01-23 22:14:14", "subject": "3", "recorded-or-robo": "N", "city": "", "state": "CA", "area-code": "626"}, {"id": "03e293b3df9e35eadf15c561191a2013", "number": "6264141505", "date": "2021-01-23 22:14:14", "subject": "3", "recorded-or-robo": "N", "city": "", "state": "CA", "area-code": "626"}, {"id": "3decc6bfadaa436a105714c6ba6f9b2b", "number": "8456885769", "date": "2021-01-07 08:31:00", "subject": "2", "recorded-or-robo": "Y", "city": "Sammamish", "state": "NY", "area-code": "845"}, {"id": "03e293b3df9e35eadf15c5611905d093", "number": "8456885769", "date": "2021-01-07 08:31:00", "subject": "2", "recorded-or-robo": "Y", "city": "Sammamish", "state": "NY", "area-code": "845"}, {"id": "3decc6bfadaa436a105714c6ba6f8ffb", "number": "9282775775", "date": "2021-01-07 10:59:00", "subject": "2", "recorded-or-robo": "Y", "city": "Sammamish", "state": "AZ", "area-code": "928"}, {"id": "03e293b3df9e35eadf15c5611905c8f6", "number": "9282775775", "date": "2021-01-07 10:59:00", "subject": "2", "recorded-or-robo": "Y", "city": "Sammamish", "state": "AZ", "area-code": "928"}, {"id": "3decc6bfadaa436a105714c6ba6f8ba1", "number": "8155451776", "date": "2021-01-07 12:05:00", "subject": "2", "recorded-or-robo": "Y", "city": "Sammamish", "state": "IL", "area-code": "815"}, {"id": "03e293b3df9e35eadf15c5611905c84a", "number": "8155451776", "date": "2021-01-07 12:05:00", "subject": "2", "recorded-or-robo": "Y", "city": "Sammamish", "state": "IL", "area-code": "815"}, {"id": "3decc6bfadaa436a105714c6ba83d15b", "number": "5022369997", "date": "2021-01-23 22:12:04", "subject": "3", "recorded-or-robo": "Y", "city": "", "state": "KY", "area-code": "502"}, {"id": "03e293b3df9e35eadf15c561191a3555", "number": "5022369997", "date": "2021-01-23 22:12:04", "subject": "3", "recorded-or-robo": "Y", "city": "", "state": "KY", "area-code": "502"}, {"id": "3decc6bfadaa436a105714c6ba6f883a", "number": "4254819727", "date": "2021-01-07 13:01:00", "subject": "2", "recorded-or-robo": "Y", "city": "Sammamish", "state": "WA", "area-code": "425"}, {"id": "03e293b3df9e35eadf15c5611905c1ec", "number": "4254819727", "date": "2021-01-07 13:01:00", "subject": "2", "recorded-or-robo": "Y", "city": "Sammamish", "state": "WA", "area-code": "425"}, {"id": "3decc6bfadaa436a105714c6ba6f8241", "number": "8556781562", "date": "2021-01-23 17:26:00", "subject": "11", "recorded-or-robo": "Y", "city": "", "state": "WA", "area-code": "509"}, {"id": "03e293b3df9e35eadf15c5611905b504", "number": "8556781562", "date": "2021-01-23 17:26:00", "subject": "11", "recorded-or-robo": "Y", "city": "", "state": "WA", "area-code": "509"}, {"id": "3decc6bfadaa436a105714c6ba6f7b8e", "number": "4256261465", "date": "2021-01-08 12:24:00", "subject": "2", "recorded-or-robo": "Y", "city": "Sammamish", "state": "WA", "area-code": "425"}, {"id": "03e293b3df9e35eadf15c5611905a896", "number": "4256261465", "date": "2021-01-08 12:24:00", "subject": "2", "recorded-or-robo": "Y", "city": "Sammamish", "state": "WA", "area-code": "425"}, {"id": "3decc6bfadaa436a105714c6ba6f702f", "number": "2069158674", "date": "2021-01-08 15:40:00", "subject": "2", "recorded-or-robo": "Y", "city": "Sammamish", "state": "WA", "area-code": "206"}, {"id": "03e293b3df9e35eadf15c5611905a522", "number": "2069158674", "date": "2021-01-08 15:40:00", "subject": "2", "recorded-or-robo": "Y", "city": "Sammamish", "state": "WA", "area-code": "206"}, {"id": "3decc6bfadaa436a105714c6ba6f6aee", "number": "", "date": "2021-01-23 20:09:00", "subject": "3", "recorded-or-robo": "Y", "city": "", "state": "NY", "area-code": "917"}, {"id": "03e293b3df9e35eadf15c56119059691", "number": "", "date": "2021-01-23 20:09:00", "subject": "3", "recorded-or-robo": "Y", "city": "", "state": "NY", "area-code": "917"}, {"id": "3decc6bfadaa436a105714c6ba6f693b", "number": "4131508299", "date": "2021-01-11 11:25:00", "subject": "2", "recorded-or-robo": "Y", "city": "Sammamish", "state": "MA", "area-code": "413"}, {"id": "03e293b3df9e35eadf15c56119058739", "number": "4131508299", "date": "2021-01-11 11:25:00", "subject": "2", "recorded-or-robo": "Y", "city": "Sammamish", "state": "MA", "area-code": "413"}]}