{"data": [{"id": "3decc6bfadaa436a105714c6ba600b85", "number": "2405036437", "date": "2021-01-21 09:23:00", "subject": "0", "recorded-or-robo": "", "city": "", "state": "MD", "area-code": "410"}, {"id": "1d36742e3f24f50e4e7ae82801f61f05", "number": "2405036437", "date": "2021-01-21 09:23:00", "subject": "0", "recorded-or-robo": "", "city": "", "state": "MD", "area-code": "410"}, {"id": "3decc6bfadaa436a105714c6ba5ffee5", "number": "6027313085", "date": "2021-01-21 00:00:00", "subject": "3", "recorded-or-robo": "Y", "city": "", "state": "AZ", "area-code": "520"}, {"id": "1d36742e3f24f50e4e7ae82801f61062", "number": "6027313085", "date": "2021-01-21 00:00:00", "subject": "3", "recorded-or-robo": "Y", "city": "", "state": "AZ", "area-code": "520"}, {"id": "3decc6bfadaa436a105714c6ba5ff9ef", "number": "3614153101", "date": "2021-01-23 16:50:00", "subject": "2", "recorded-or-robo": "", "city": "", "state": "NC", "area-code": "252"}, {"id": "1d36742e3f24f50e4e7ae82801f60ce0", "number": "3614153101", "date": "2021-01-23 16:50:00", "subject": "2", "recorded-or-robo": "", "city": "", "state": "NC", "area-code": "252"}, {"id": "3decc6bfadaa436a105714c6ba5ff4c0", "number": "6602219446", "date": "2021-01-23 18:03:00", "subject": "1", "recorded-or-robo": "Y", "city": "Windsor", "state": "MO", "area-code": "660"}, {"id": "1d36742e3f24f50e4e7ae82801f603bd", "number": "6602219446", "date": "2021-01-23 18:03:00", "subject": "1", "recorded-or-robo": "Y", "city": "Windsor", "state": "MO", "area-code": "660"}, {"id": "3decc6bfadaa436a105714c6ba5ff173", "number": "2404004282", "date": "2021-01-22 16:37:00", "subject": "1", "recorded-or-robo": "Y", "city": "Olney", "state": "MD", "area-code": "301"}, {"id": "1d36742e3f24f50e4e7ae82801f5f7e5", "number": "2404004282", "date": "2021-01-22 16:37:00", "subject": "1", "recorded-or-robo": "Y", "city": "Olney", "state": "MD", "area-code": "301"}, {"id": "3decc6bfadaa436a105714c6ba5fea81", "number": "5099284241", "date": "2021-01-23 00:00:00", "subject": "3", "recorded-or-robo": "Y", "city": "", "state": "WA", "area-code": "509"}, {"id": "1d36742e3f24f50e4e7ae82801f5eecc", "number": "5099284241", "date": "2021-01-23 00:00:00", "subject": "3", "recorded-or-robo": "Y", "city": "", "state": "WA", "area-code": "509"}, {"id": "3decc6bfadaa436a105714c6ba5fe93c", "number": "3522805080", "date": "2021-01-23 19:19:00", "subject": "7", "recorded-or-robo": "Y", "city": "Clermont", "state": "FL", "area-code": "352"}, {"id": "1d36742e3f24f50e4e7ae82801f5ea93", "number": "3522805080", "date": "2021-01-23 19:19:00", "subject": "7", "recorded-or-robo": "Y", "city": "Clermont", "state": "FL", "area-code": "352"}, {"id": "3decc6bfadaa436a105714c6ba5fdc61", "number": "4106704477", "date": "2021-01-20 11:47:00", "subject": "0", "recorded-or-robo": "", "city": "", "state": "MD", "area-code": "410"}, {"id": "1d36742e3f24f50e4e7ae82801f5dba9", "number": "4106704477", "date": "2021-01-20 11:47:00", "subject": "0", "recorded-or-robo": "", "city": "", "state": "MD", "area-code": "410"}, {"id": "3decc6bfadaa436a105714c6ba5fd894", "number": "3145405396", "date": "2021-01-23 13:02:00", "subject": "11", "recorded-or-robo": "Y", "city": "", "state": "MO", "area-code": "314"}, {"id": "1d36742e3f24f50e4e7ae82801f5d842", "number": "3145405396", "date": "2021-01-23 13:02:00", "subject": "11", "recorded-or-robo": "Y", "city": "", "state": "MO", "area-code": "314"}, {"id": "3decc6bfadaa436a105714c6ba5fd61b", "number": "", "date": "2021-01-12 10:08:00", "subject": "12", "recorded-or-robo": "Y", "city": "Oceanside", "state": "CA", "area-code": "760"}, {"id": "1d36742e3f24f50e4e7ae82801f5cf33", "number": "", "date": "2021-01-12 10:08:00", "subject": "12", "recorded-or-robo": "Y", "city": "Oceanside", "state": "CA", "area-code": "760"}, {"id": "3decc6bfadaa436a105714c6ba5fcc85", "number": "2133180346", "date": "2021-01-23 14:50:00", "subject": "12", "recorded-or-robo": "Y", "city": "LONG BEACH", "state": "CA", "area-code": "213"}, {"id": "1d36742e3f24f50e4e7ae82801f5c594", "number": "2133180346", "date": "2021-01-23 14:50:00", "subject": "12", "recorded-or-robo": "Y", "city": "LONG BEACH", "state": "CA", "area-code": "213"}, {"id": "3decc6bfadaa436a105714c6ba7fe6ce", "number": "2674860784", "date": "2021-01-23 19:25:27", "subject": "3", "recorded-or-robo": "Y", "city": "", "state": "IL", "area-code": "773"}, {"id": "03e293b3df9e35eadf15c56119165613", "number": "2674860784", "date": "2021-01-23 19:25:27", "subject": "3", "recorded-or-robo": "Y", "city": "", "state": "IL", "area-code": "773"}, {"id": "3decc6bfadaa436a105714c6ba7ffc75", "number": "+13055734895", "date": "2021-01-23 19:25:04", "subject": "3", "recorded-or-robo": "Y", "city": "", "state": "FL", "area-code": "954"}, {"id": "03e293b3df9e35eadf15c561191662b9", "number": "+13055734895", "date": "2021-01-23 19:25:04", "subject": "3", "recorded-or-robo": "Y", "city": "", "state": "FL", "area-code": "954"}, {"id": "3decc6bfadaa436a105714c6ba5fc6b5", "number": "6602214889", "date": "2021-01-23 18:13:00", "subject": "1", "recorded-or-robo": "Y", "city": "Windsor", "state": "MO", "area-code": "660"}, {"id": "1d36742e3f24f50e4e7ae82801f5b64e", "number": "6602214889", "date": "2021-01-23 18:13:00", "subject": "1", "recorded-or-robo": "Y", "city": "Windsor", "state": "MO", "area-code": "660"}, {"id": "3decc6bfadaa436a105714c6ba5fc03a", "number": "8883402911", "date": "2021-01-21 00:00:00", "subject": "0", "recorded-or-robo": "", "city": "Phoenix", "state": "AZ", "area-code": "480"}, {"id": "1d36742e3f24f50e4e7ae82801f5b2ae", "number": "8883402911", "date": "2021-01-21 00:00:00", "subject": "0", "recorded-or-robo": "", "city": "Phoenix", "state": "AZ", "area-code": "480"}, {"id": "3decc6bfadaa436a105714c6ba5fb37d", "number": "534145355", "date": "2021-01-23 16:00:00", "subject": "11", "recorded-or-robo": "Y", "city": "West Richland", "state": "WA", "area-code": "509"}, {"id": "1d36742e3f24f50e4e7ae82801f5aa85", "number": "534145355", "date": "2021-01-23 16:00:00", "subject": "11", "recorded-or-robo": "Y", "city": "West Richland", "state": "WA", "area-code": "509"}, {"id": "3decc6bfadaa436a105714c6ba5fade1", "number": "9092452305", "date": "2021-01-23 19:30:00", "subject": "2", "recorded-or-robo": "Y", "city": "Merritt Island", "state": "FL", "area-code": "321"}, {"id": "1d36742e3f24f50e4e7ae82801f5a01b", "number": "9092452305", "date": "2021-01-23 19:30:00", "subject": "2", "recorded-or-robo": "Y", "city": "Merritt Island", "state": "FL", "area-code": "321"}, {"id": "3decc6bfadaa436a105714c6ba5f9e34", "number": "5596824622", "date": "2021-01-22 11:30:00", "subject": "4", "recorded-or-robo": "Y", "city": "Rch Cucamonga", "state": "CA", "area-code": "909"}, {"id": "1d36742e3f24f50e4e7ae82801f5998c", "number": "5596824622", "date": "2021-01-22 11:30:00", "subject": "4", "recorded-or-robo": "Y", "city": "Rch Cucamonga", "state": "CA", "area-code": "909"}, {"id": "3decc6bfadaa436a105714c6ba5f95b9", "number": "", "date": "2021-01-22 08:00:00", "subject": "2", "recorded-or-robo": "Y", "city": "", "state": "WY", "area-code": "307"}, {"id": "1d36742e3f24f50e4e7ae82801f58d70", "number": "", "date": "2021-01-22 08:00:00", "subject": "2", "recorded-or-robo": "Y", "city": "", "state": "WY", "area-code": "307"}, {"id": "3decc6bfadaa436a105714c6ba7fe34a", "number": "6267903367", "date": "2021-01-23 19:24:34", "subject": "3", "recorded-or-robo": "Y", "city": "", "state": "CA", "area-code": "626"}, {"id": "03e293b3df9e35eadf15c561191642db", "number": "6267903367", "date": "2021-01-23 19:24:34", "subject": "3", "recorded-or-robo": "Y", "city": "", "state": "CA", "area-code": "626"}, {"id": "3decc6bfadaa436a105714c6ba5f8885", "number": "5164475787", "date": "2021-01-20 12:43:00", "subject": "0", "recorded-or-robo": "", "city": "", "state": "MD", "area-code": "410"}, {"id": "1d36742e3f24f50e4e7ae82801f58758", "number": "5164475787", "date": "2021-01-20 12:43:00", "subject": "0", "recorded-or-robo": "", "city": "", "state": "MD", "area-code": "410"}, {"id": "3decc6bfadaa436a105714c6ba5f7d46", "number": "5309988884", "date": "2021-01-23 17:04:00", "subject": "1", "recorded-or-robo": "N", "city": "Parrish", "state": "CA", "area-code": "530"}, {"id": "1d36742e3f24f50e4e7ae82801f57f28", "number": "5309988884", "date": "2021-01-23 17:04:00", "subject": "1", "recorded-or-robo": "N", "city": "Parrish", "state": "CA", "area-code": "530"}, {"id": "3decc6bfadaa436a105714c6ba5f7c2f", "number": "2084529513", "date": "2021-01-22 14:47:00", "subject": "4", "recorded-or-robo": "Y", "city": "Lewiston", "state": "ID", "area-code": "208"}, {"id": "1d36742e3f24f50e4e7ae82801f57a95", "number": "2084529513", "date": "2021-01-22 14:47:00", "subject": "4", "recorded-or-robo": "Y", "city": "Lewiston", "state": "ID", "area-code": "208"}, {"id": "3decc6bfadaa436a105714c6ba5f6c74", "number": "4104006345", "date": "2021-01-19 18:17:00", "subject": "0", "recorded-or-robo": "", "city": "", "state": "MD", "area-code": "410"}, {"id": "1d36742e3f24f50e4e7ae82801f57154", "number": "4104006345", "date": "2021-01-19 18:17:00", "subject": "0", "recorded-or-robo": "", "city": "", "state": "MD", "area-code": "410"}, {"id": "3decc6bfadaa436a105714c6ba5f6093", "number": "6098581482", "date": "2021-01-23 18:27:00", "subject": "0", "recorded-or-robo": "Y", "city": "", "state": "NJ", "area-code": "609"}, {"id": "1d36742e3f24f50e4e7ae82801f570b9", "number": "6098581482", "date": "2021-01-23 18:27:00", "subject": "0", "recorded-or-robo": "Y", "city": "", "state": "NJ", "area-code": "609"}]}