{"data": [{"id": "03e293b3df9e35eadf15c56119508e38", "number": "2103554701", "date": "2021-01-22 15:44:00", "subject": "3", "recorded-or-robo": "N", "city": "", "state": "TX", "area-code": "210"}, {"id": "3decc6bfadaa436a105714c6baba4649", "number": "8326224488", "date": "2021-01-01 14:15:00", "subject": "0", "recorded-or-robo": "N", "city": "", "state": "TX", "area-code": "713"}, {"id": "03e293b3df9e35eadf15c56119508dda", "number": "8326224488", "date": "2021-01-01 14:15:00", "subject": "0", "recorded-or-robo": "N", "city": "", "state": "TX", "area-code": "713"}, {"id": "3decc6bfadaa436a105714c6baba39f6", "number": "2066692937", "date": "2021-01-24 12:13:00", "subject": "1", "recorded-or-robo": "Y", "city": "Bellevue", "state": "WA", "area-code": "206"}, {"id": "03e293b3df9e35eadf15c56119508728", "number": "2066692937", "date": "2021-01-24 12:13:00", "subject": "1", "recorded-or-robo": "Y", "city": "Bellevue", "state": "WA", "area-code": "206"}, {"id": "3decc6bfadaa436a105714c6baba2edf", "number": "", "date": "2021-01-22 16:08:00", "subject": "3", "recorded-or-robo": "Y", "city": "", "state": "MD", "area-code": "410"}, {"id": "03e293b3df9e35eadf15c561195080bc", "number": "", "date": "2021-01-22 16:08:00", "subject": "3", "recorded-or-robo": "Y", "city": "", "state": "MD", "area-code": "410"}, {"id": "3decc6bfadaa436a105714c6baba2ed8", "number": "2108991677", "date": "2021-01-22 13:53:00", "subject": "3", "recorded-or-robo": "N", "city": "", "state": "TX", "area-code": "210"}, {"id": "3decc6bfadaa436a105714c6baba2712", "number": "2082165055", "date": "2021-01-21 15:29:00", "subject": "2", "recorded-or-robo": "Y", "city": "Chesapeake", "state": "VA", "area-code": "757"}, {"id": "03e293b3df9e35eadf15c561195074bc", "number": "2108991677", "date": "2021-01-22 13:53:00", "subject": "3", "recorded-or-robo": "N", "city": "", "state": "TX", "area-code": "210"}, {"id": "03e293b3df9e35eadf15c5611950729c", "number": "2082165055", "date": "2021-01-21 15:29:00", "subject": "2", "recorded-or-robo": "Y", "city": "Chesapeake", "state": "VA", "area-code": "757"}, {"id": "3decc6bfadaa436a105714c6baba1836", "number": "7252397745", "date": "2021-01-23 13:01:00", "subject": "3", "recorded-or-robo": "Y", "city": "", "state": "NV", "area-code": "702"}, {"id": "3decc6bfadaa436a105714c6baba08ba", "number": "8556783826", "date": "2021-01-24 16:34:00", "subject": "11", "recorded-or-robo": "Y", "city": "Wesley Chapel", "state": "FL", "area-code": "813"}, {"id": "03e293b3df9e35eadf15c5611950715d", "number": "7252397745", "date": "2021-01-23 13:01:00", "subject": "3", "recorded-or-robo": "Y", "city": "", "state": "NV", "area-code": "702"}, {"id": "03e293b3df9e35eadf15c56119506999", "number": "8556783826", "date": "2021-01-24 16:34:00", "subject": "11", "recorded-or-robo": "Y", "city": "Wesley Chapel", "state": "FL", "area-code": "813"}, {"id": "3decc6bfadaa436a105714c6baba07ca", "number": "9125007001", "date": "2021-01-22 13:49:00", "subject": "3", "recorded-or-robo": "N", "city": "", "state": "TX", "area-code": "210"}, {"id": "03e293b3df9e35eadf15c56119505cc7", "number": "9125007001", "date": "2021-01-22 13:49:00", "subject": "3", "recorded-or-robo": "N", "city": "", "state": "TX", "area-code": "210"}, {"id": "3decc6bfadaa436a105714c6baba0628", "number": "3145671788", "date": "2021-01-24 15:22:00", "subject": "1", "recorded-or-robo": "Y", "city": "Frontenac", "state": "MO", "area-code": "314"}, {"id": "03e293b3df9e35eadf15c561195057ff", "number": "3145671788", "date": "2021-01-24 15:22:00", "subject": "1", "recorded-or-robo": "Y", "city": "Frontenac", "state": "MO", "area-code": "314"}, {"id": "3decc6bfadaa436a105714c6bab9f8b2", "number": "8556789518", "date": "2021-01-24 16:22:00", "subject": "11", "recorded-or-robo": "Y", "city": "Wesley Chapel", "state": "FL", "area-code": "813"}, {"id": "03e293b3df9e35eadf15c56119504e35", "number": "8556789518", "date": "2021-01-24 16:22:00", "subject": "11", "recorded-or-robo": "Y", "city": "Wesley Chapel", "state": "FL", "area-code": "813"}, {"id": "3decc6bfadaa436a105714c6bab9f670", "number": "2169064071", "date": "2021-01-24 13:56:00", "subject": "0", "recorded-or-robo": "Y", "city": "Ohio", "state": "OH", "area-code": "216"}, {"id": "03e293b3df9e35eadf15c56119504853", "number": "2169064071", "date": "2021-01-24 13:56:00", "subject": "0", "recorded-or-robo": "Y", "city": "Ohio", "state": "OH", "area-code": "216"}, {"id": "3decc6bfadaa436a105714c6bab9ea2d", "number": "2824179872", "date": "2021-01-22 11:18:00", "subject": "3", "recorded-or-robo": "N", "city": "", "state": "TX", "area-code": "210"}, {"id": "03e293b3df9e35eadf15c561195045c1", "number": "2824179872", "date": "2021-01-22 11:18:00", "subject": "3", "recorded-or-robo": "N", "city": "", "state": "TX", "area-code": "210"}, {"id": "3decc6bfadaa436a105714c6bab9e3c7", "number": "7575497591", "date": "2021-01-21 17:06:00", "subject": "2", "recorded-or-robo": "Y", "city": "Chesapeake", "state": "VA", "area-code": "520"}, {"id": "03e293b3df9e35eadf15c56119504432", "number": "7575497591", "date": "2021-01-21 17:06:00", "subject": "2", "recorded-or-robo": "Y", "city": "Chesapeake", "state": "VA", "area-code": "520"}, {"id": "3decc6bfadaa436a105714c6bab9d5ac", "number": "7252397759", "date": "2021-01-22 13:55:00", "subject": "3", "recorded-or-robo": "Y", "city": "", "state": "NV", "area-code": "702"}, {"id": "03e293b3df9e35eadf15c5611950368d", "number": "7252397759", "date": "2021-01-22 13:55:00", "subject": "3", "recorded-or-robo": "Y", "city": "", "state": "NV", "area-code": "702"}, {"id": "3decc6bfadaa436a105714c6bab9c7fb", "number": "8556787401", "date": "2021-01-24 15:31:00", "subject": "11", "recorded-or-robo": "Y", "city": "Wesley Chapel", "state": "FL", "area-code": "813"}, {"id": "03e293b3df9e35eadf15c5611950351d", "number": "8556787401", "date": "2021-01-24 15:31:00", "subject": "11", "recorded-or-robo": "Y", "city": "Wesley Chapel", "state": "FL", "area-code": "813"}, {"id": "3decc6bfadaa436a105714c6bab9c002", "number": "9402606607", "date": "2021-01-24 14:19:00", "subject": "12", "recorded-or-robo": "Y", "city": "Flower Mound", "state": "TX", "area-code": "972"}, {"id": "03e293b3df9e35eadf15c56119502ea5", "number": "9402606607", "date": "2021-01-24 14:19:00", "subject": "12", "recorded-or-robo": "Y", "city": "Flower Mound", "state": "TX", "area-code": "972"}, {"id": "3decc6bfadaa436a105714c6bab9b57d", "number": "8556789780", "date": "2021-01-24 15:25:00", "subject": "11", "recorded-or-robo": "N", "city": "Wesley Chapel", "state": "FL", "area-code": "813"}, {"id": "03e293b3df9e35eadf15c56119502dce", "number": "8556789780", "date": "2021-01-24 15:25:00", "subject": "11", "recorded-or-robo": "N", "city": "Wesley Chapel", "state": "FL", "area-code": "813"}, {"id": "3decc6bfadaa436a105714c6bab9b239", "number": "2169069285", "date": "2021-01-24 13:50:00", "subject": "0", "recorded-or-robo": "Y", "city": "Ohio", "state": "OH", "area-code": "216"}, {"id": "03e293b3df9e35eadf15c5611950256d", "number": "2169069285", "date": "2021-01-24 13:50:00", "subject": "0", "recorded-or-robo": "Y", "city": "Ohio", "state": "OH", "area-code": "216"}, {"id": "3decc6bfadaa436a105714c6bab9b075", "number": "5626325107", "date": "2021-01-24 16:33:00", "subject": "0", "recorded-or-robo": "Y", "city": "Fernandina Beack", "state": "FL", "area-code": "561"}, {"id": "03e293b3df9e35eadf15c5611950207d", "number": "5626325107", "date": "2021-01-24 16:33:00", "subject": "0", "recorded-or-robo": "Y", "city": "Fernandina Beack", "state": "FL", "area-code": "561"}, {"id": "3decc6bfadaa436a105714c6bab9a56c", "number": "9162521805", "date": "2021-01-21 16:30:00", "subject": "2", "recorded-or-robo": "N", "city": "", "state": "CA", "area-code": "530"}, {"id": "03e293b3df9e35eadf15c56119501c17", "number": "9162521805", "date": "2021-01-21 16:30:00", "subject": "2", "recorded-or-robo": "N", "city": "", "state": "CA", "area-code": "530"}, {"id": "3decc6bfadaa436a105714c6bab9a2d8", "number": "7705370567", "date": "2021-01-23 09:07:00", "subject": "1", "recorded-or-robo": "N", "city": "Gilbert", "state": "AZ", "area-code": "770"}, {"id": "03e293b3df9e35eadf15c56119501b59", "number": "7705370567", "date": "2021-01-23 09:07:00", "subject": "1", "recorded-or-robo": "N", "city": "Gilbert", "state": "AZ", "area-code": "770"}, {"id": "3decc6bfadaa436a105714c6bab99f57", "number": "8556781989", "date": "2021-01-24 03:12:00", "subject": "11", "recorded-or-robo": "Y", "city": "Wesley Chapel", "state": "FL", "area-code": "813"}, {"id": "03e293b3df9e35eadf15c56119501927", "number": "8556781989", "date": "2021-01-24 03:12:00", "subject": "11", "recorded-or-robo": "Y", "city": "Wesley Chapel", "state": "FL", "area-code": "813"}, {"id": "3decc6bfadaa436a105714c6bab99e1d", "number": "6072266207", "date": "2021-01-24 16:10:00", "subject": "11", "recorded-or-robo": "Y", "city": "", "state": "NY", "area-code": "607"}, {"id": "03e293b3df9e35eadf15c5611950188d", "number": "6072266207", "date": "2021-01-24 16:10:00", "subject": "11", "recorded-or-robo": "Y", "city": "", "state": "NY", "area-code": "607"}, {"id": "3decc6bfadaa436a105714c6bab9948e", "number": "9402606607", "date": "2021-01-24 14:19:00", "subject": "12", "recorded-or-robo": "Y", "city": "Flower Mound", "state": "TX", "area-code": "972"}, {"id": "03e293b3df9e35eadf15c561195011dc", "number": "9402606607", "date": "2021-01-24 14:19:00", "subject": "12", "recorded-or-robo": "Y", "city": "Flower Mound", "state": "TX", "area-code": "972"}, {"id": "3decc6bfadaa436a105714c6bab989fc", "number": "NA", "date": "2021-01-24 12:30:00", "subject": "1", "recorded-or-robo": "Y", "city": "", "state": "MO", "area-code": "314"}]}