{"data": [{"id": "deca54a6651fb9add5b4a9816cba40df", "number": "8188551275", "date": "2021-01-22 12:59:00", "subject": "0", "recorded-or-robo": "Y", "city": "Sylvan Lake", "state": "MI", "area-code": "248"}, {"id": "e81c9350d54f66c6d33b3747ee56c3f6", "number": "+14796620174", "date": "2021-01-22 18:03:32", "subject": "3", "recorded-or-robo": "Y", "city": "", "state": "AR", "area-code": "479"}, {"id": "deca54a6651fb9add5b4a9816ceb3ab8", "number": "+14796620174", "date": "2021-01-22 18:03:32", "subject": "3", "recorded-or-robo": "Y", "city": "", "state": "AR", "area-code": "479"}, {"id": "e81c9350d54f66c6d33b3747ee24f976", "number": "8772191181", "date": "2021-01-22 09:30:00", "subject": "2", "recorded-or-robo": "Y", "city": "", "state": "CA", "area-code": "424"}, {"id": "deca54a6651fb9add5b4a9816cba3565", "number": "8772191181", "date": "2021-01-22 09:30:00", "subject": "2", "recorded-or-robo": "Y", "city": "", "state": "CA", "area-code": "424"}, {"id": "e81c9350d54f66c6d33b3747ee24eee8", "number": "9125498505", "date": "2020-12-28 08:11:00", "subject": "2", "recorded-or-robo": "Y", "city": "Colorado Springs", "state": "CO", "area-code": "912"}, {"id": "deca54a6651fb9add5b4a9816cba3267", "number": "9125498505", "date": "2020-12-28 08:11:00", "subject": "2", "recorded-or-robo": "Y", "city": "Colorado Springs", "state": "CO", "area-code": "912"}, {"id": "e81c9350d54f66c6d33b3747ee24e88f", "number": "7472242595", "date": "2021-01-21 14:21:00", "subject": "2", "recorded-or-robo": "N", "city": "Huntington Beach", "state": "CA", "area-code": "818"}, {"id": "deca54a6651fb9add5b4a9816cba2590", "number": "7472242595", "date": "2021-01-21 14:21:00", "subject": "2", "recorded-or-robo": "N", "city": "Huntington Beach", "state": "CA", "area-code": "818"}, {"id": "e81c9350d54f66c6d33b3747ee24de50", "number": "6105491600", "date": "2021-01-22 10:27:00", "subject": "3", "recorded-or-robo": "Y", "city": "", "state": "PA", "area-code": "610"}, {"id": "e81c9350d54f66c6d33b3747ee24884f", "number": "9544336851", "date": "2021-01-13 11:33:00", "subject": "3", "recorded-or-robo": "N", "city": "", "state": "CA", "area-code": "209"}, {"id": "deca54a6651fb9add5b4a9816cba1c08", "number": "6105491600", "date": "2021-01-22 10:27:00", "subject": "3", "recorded-or-robo": "Y", "city": "", "state": "PA", "area-code": "610"}, {"id": "deca54a6651fb9add5b4a9816cb9ac70", "number": "9544336851", "date": "2021-01-13 11:33:00", "subject": "3", "recorded-or-robo": "N", "city": "", "state": "CA", "area-code": "209"}, {"id": "e81c9350d54f66c6d33b3747ee5613c3", "number": "9062848694", "date": "2021-01-22 18:03:15", "subject": "3", "recorded-or-robo": "Y", "city": "", "state": "TX", "area-code": "512"}, {"id": "e81c9350d54f66c6d33b3747ee24d08c", "number": "70477301648", "date": "2021-01-22 17:32:00", "subject": "2", "recorded-or-robo": "Y", "city": "Charlotte", "state": "NC", "area-code": "704"}, {"id": "deca54a6651fb9add5b4a9816cea83cb", "number": "9062848694", "date": "2021-01-22 18:03:15", "subject": "3", "recorded-or-robo": "Y", "city": "", "state": "TX", "area-code": "512"}, {"id": "deca54a6651fb9add5b4a9816cba0ce7", "number": "70477301648", "date": "2021-01-22 17:32:00", "subject": "2", "recorded-or-robo": "Y", "city": "Charlotte", "state": "NC", "area-code": "704"}, {"id": "e81c9350d54f66c6d33b3747ee24c5bb", "number": "", "date": "2021-01-22 16:35:00", "subject": "5", "recorded-or-robo": "Y", "city": "", "state": "PA", "area-code": "610"}, {"id": "deca54a6651fb9add5b4a9816cba068a", "number": "", "date": "2021-01-22 16:35:00", "subject": "5", "recorded-or-robo": "Y", "city": "", "state": "PA", "area-code": "610"}, {"id": "e81c9350d54f66c6d33b3747ee24c085", "number": "4017823504", "date": "2021-01-22 04:36:00", "subject": "2", "recorded-or-robo": "N", "city": "", "state": "RI", "area-code": "401"}, {"id": "e81c9350d54f66c6d33b3747ee24bd94", "number": "7132982661", "date": "2021-01-21 00:00:00", "subject": "4", "recorded-or-robo": "N", "city": "Fulshear", "state": "TX", "area-code": "713"}, {"id": "e81c9350d54f66c6d33b3747ee24adb7", "number": "4233754215", "date": "2021-01-22 12:10:00", "subject": "2", "recorded-or-robo": "Y", "city": "Kingsport", "state": "TN", "area-code": "423"}, {"id": "deca54a6651fb9add5b4a9816cb9fa35", "number": "4017823504", "date": "2021-01-22 04:36:00", "subject": "2", "recorded-or-robo": "N", "city": "", "state": "RI", "area-code": "401"}, {"id": "deca54a6651fb9add5b4a9816cb9f099", "number": "7132982661", "date": "2021-01-21 00:00:00", "subject": "4", "recorded-or-robo": "N", "city": "Fulshear", "state": "TX", "area-code": "713"}, {"id": "deca54a6651fb9add5b4a9816cb9edac", "number": "4233754215", "date": "2021-01-22 12:10:00", "subject": "2", "recorded-or-robo": "Y", "city": "Kingsport", "state": "TN", "area-code": "423"}, {"id": "e81c9350d54f66c6d33b3747ee24adad", "number": "7132982661", "date": "2021-01-21 00:00:00", "subject": "4", "recorded-or-robo": "N", "city": "Fulshear", "state": "TX", "area-code": "713"}, {"id": "deca54a6651fb9add5b4a9816cb9e3a6", "number": "7132982661", "date": "2021-01-21 00:00:00", "subject": "4", "recorded-or-robo": "N", "city": "Fulshear", "state": "TX", "area-code": "713"}, {"id": "e81c9350d54f66c6d33b3747ee24adac", "number": "9035585889", "date": "2021-01-22 11:53:00", "subject": "4", "recorded-or-robo": "Y", "city": "", "state": "TX", "area-code": "903"}, {"id": "deca54a6651fb9add5b4a9816cb9d589", "number": "9035585889", "date": "2021-01-22 11:53:00", "subject": "4", "recorded-or-robo": "Y", "city": "", "state": "TX", "area-code": "903"}, {"id": "e81c9350d54f66c6d33b3747ee5626f7", "number": "9167867945", "date": "2021-01-22 18:02:59", "subject": "3", "recorded-or-robo": "Y", "city": "", "state": "CA", "area-code": "310"}, {"id": "deca54a6651fb9add5b4a9816cea8fa0", "number": "9167867945", "date": "2021-01-22 18:02:59", "subject": "3", "recorded-or-robo": "Y", "city": "", "state": "CA", "area-code": "310"}, {"id": "e81c9350d54f66c6d33b3747ee24ad6b", "number": "3152328257", "date": "2021-01-22 15:11:00", "subject": "11", "recorded-or-robo": "Y", "city": "Lake Saint Louis", "state": "MO", "area-code": "636"}, {"id": "deca54a6651fb9add5b4a9816cb9cf73", "number": "3152328257", "date": "2021-01-22 15:11:00", "subject": "11", "recorded-or-robo": "Y", "city": "Lake Saint Louis", "state": "MO", "area-code": "636"}, {"id": "e81c9350d54f66c6d33b3747ee24a2a6", "number": "5039873982", "date": "2021-01-22 00:00:00", "subject": "2", "recorded-or-robo": "N", "city": "Beaverton", "state": "OR", "area-code": "503"}, {"id": "deca54a6651fb9add5b4a9816cb9c3c4", "number": "5039873982", "date": "2021-01-22 00:00:00", "subject": "2", "recorded-or-robo": "N", "city": "Beaverton", "state": "OR", "area-code": "503"}, {"id": "e81c9350d54f66c6d33b3747ee56eb6f", "number": "7157795698", "date": "2021-01-22 18:02:55", "subject": "3", "recorded-or-robo": "Y", "city": "", "state": "WI", "area-code": "262"}, {"id": "deca54a6651fb9add5b4a9816ceb62ed", "number": "7157795698", "date": "2021-01-22 18:02:55", "subject": "3", "recorded-or-robo": "Y", "city": "", "state": "WI", "area-code": "262"}, {"id": "e81c9350d54f66c6d33b3747ee2497d6", "number": "2766635183", "date": "2021-01-22 17:50:00", "subject": "4", "recorded-or-robo": "Y", "city": "Bluff City", "state": "TN", "area-code": "276"}, {"id": "deca54a6651fb9add5b4a9816cb9bb56", "number": "2766635183", "date": "2021-01-22 17:50:00", "subject": "4", "recorded-or-robo": "Y", "city": "Bluff City", "state": "TN", "area-code": "276"}, {"id": "e81c9350d54f66c6d33b3747ee2488ae", "number": "3108468738", "date": "2021-01-22 14:53:00", "subject": "7", "recorded-or-robo": "Y", "city": "Los Angeles", "state": "CA", "area-code": "310"}, {"id": "deca54a6651fb9add5b4a9816cb9b3f0", "number": "3108468738", "date": "2021-01-22 14:53:00", "subject": "7", "recorded-or-robo": "Y", "city": "Los Angeles", "state": "CA", "area-code": "310"}, {"id": "e81c9350d54f66c6d33b3747ee2485b5", "number": "8056008083", "date": "2021-01-22 13:43:00", "subject": "4", "recorded-or-robo": "Y", "city": "", "state": "CA", "area-code": "805"}, {"id": "deca54a6651fb9add5b4a9816cb9a942", "number": "8056008083", "date": "2021-01-22 13:43:00", "subject": "4", "recorded-or-robo": "Y", "city": "", "state": "CA", "area-code": "805"}, {"id": "e81c9350d54f66c6d33b3747ee248581", "number": "3174064101", "date": "2021-01-22 17:54:00", "subject": "2", "recorded-or-robo": "N", "city": "IIndianapolis", "state": "IN", "area-code": "317"}, {"id": "deca54a6651fb9add5b4a9816cb99c93", "number": "3174064101", "date": "2021-01-22 17:54:00", "subject": "2", "recorded-or-robo": "N", "city": "IIndianapolis", "state": "IN", "area-code": "317"}, {"id": "e81c9350d54f66c6d33b3747ee566359", "number": "7818728449", "date": "2021-01-22 18:02:35", "subject": "3", "recorded-or-robo": "Y", "city": "", "state": "IL", "area-code": "708"}, {"id": "deca54a6651fb9add5b4a9816ceacd73", "number": "7818728449", "date": "2021-01-22 18:02:35", "subject": "3", "recorded-or-robo": "Y", "city": "", "state": "IL", "area-code": "708"}, {"id": "e81c9350d54f66c6d33b3747ee248267", "number": "8053940768", "date": "2021-01-22 12:05:00", "subject": "0", "recorded-or-robo": "N", "city": "CAMARILLO", "state": "CA", "area-code": "805"}, {"id": "e81c9350d54f66c6d33b3747ee2478ce", "number": "7082265489", "date": "2021-01-22 00:00:00", "subject": "5", "recorded-or-robo": "Y", "city": "Tinley Park", "state": "IL", "area-code": "708"}, {"id": "deca54a6651fb9add5b4a9816cb98ed7", "number": "8053940768", "date": "2021-01-22 12:05:00", "subject": "0", "recorded-or-robo": "N", "city": "CAMARILLO", "state": "CA", "area-code": "805"}]}