{"data": [{"id": "deca54a6651fb9add5b4a9816cf46fba", "number": "8649166979", "date": "2021-01-22 14:15:00", "subject": "11", "recorded-or-robo": "Y", "city": "Fort  Washington", "state": "MD", "area-code": "301"}, {"id": "e81c9350d54f66c6d33b3747ee9f713f", "number": "3616645591", "date": "2021-01-22 18:56:11", "subject": "3", "recorded-or-robo": "Y", "city": "", "state": "TX", "area-code": "210"}, {"id": "1d36742e3f24f50e4e7ae828013495dc", "number": "3616645591", "date": "2021-01-22 18:56:11", "subject": "3", "recorded-or-robo": "Y", "city": "", "state": "TX", "area-code": "210"}, {"id": "e81c9350d54f66c6d33b3747ee9ff231", "number": "3616645591", "date": "2021-01-22 18:56:10", "subject": "3", "recorded-or-robo": "Y", "city": "", "state": "TX", "area-code": "210"}, {"id": "e81c9350d54f66c6d33b3747ee5f9ca7", "number": "2168515906", "date": "2021-01-22 18:53:00", "subject": "0", "recorded-or-robo": "N", "city": "Madison", "state": "OH", "area-code": "440"}, {"id": "deca54a6651fb9add5b4a9816cf46d09", "number": "2168515906", "date": "2021-01-22 18:53:00", "subject": "0", "recorded-or-robo": "N", "city": "Madison", "state": "OH", "area-code": "440"}, {"id": "1d36742e3f24f50e4e7ae8280134f783", "number": "3616645591", "date": "2021-01-22 18:56:10", "subject": "3", "recorded-or-robo": "Y", "city": "", "state": "TX", "area-code": "210"}, {"id": "e81c9350d54f66c6d33b3747ee9fdb44", "number": "5854178174", "date": "2021-01-22 18:56:07", "subject": "3", "recorded-or-robo": "Y", "city": "", "state": "NY", "area-code": "347"}, {"id": "e81c9350d54f66c6d33b3747ee5f8f1f", "number": "2064992116", "date": "2021-01-22 15:54:00", "subject": "2", "recorded-or-robo": "Y", "city": "", "state": "WA", "area-code": "206"}, {"id": "deca54a6651fb9add5b4a9816cf45d92", "number": "2064992116", "date": "2021-01-22 15:54:00", "subject": "2", "recorded-or-robo": "Y", "city": "", "state": "WA", "area-code": "206"}, {"id": "1d36742e3f24f50e4e7ae8280134e907", "number": "5854178174", "date": "2021-01-22 18:56:07", "subject": "3", "recorded-or-robo": "Y", "city": "", "state": "NY", "area-code": "347"}, {"id": "e81c9350d54f66c6d33b3747eec69dd8", "number": "", "date": "2021-01-22 14:11:00", "subject": "3", "recorded-or-robo": "N", "city": "", "state": "MS", "area-code": "601"}, {"id": "1d36742e3f24f50e4e7ae828015be9e4", "number": "", "date": "2021-01-22 14:11:00", "subject": "3", "recorded-or-robo": "N", "city": "", "state": "MS", "area-code": "601"}, {"id": "e81c9350d54f66c6d33b3747ee9ff8b5", "number": "+19093712062", "date": "2021-01-22 18:55:58", "subject": "3", "recorded-or-robo": "N", "city": "", "state": "CA", "area-code": "909"}, {"id": "1d36742e3f24f50e4e7ae82801350062", "number": "+19093712062", "date": "2021-01-22 18:55:58", "subject": "3", "recorded-or-robo": "N", "city": "", "state": "CA", "area-code": "909"}, {"id": "e81c9350d54f66c6d33b3747ee5f8e9e", "number": "5206894190", "date": "2021-01-22 10:13:00", "subject": "0", "recorded-or-robo": "Y", "city": "Tucson", "state": "AZ", "area-code": "520"}, {"id": "e81c9350d54f66c6d33b3747ee5f8aeb", "number": "4026280630", "date": "2021-01-22 10:48:00", "subject": "2", "recorded-or-robo": "", "city": "", "state": "NE", "area-code": "402"}, {"id": "e81c9350d54f66c6d33b3747ee5f8513", "number": "7084973373", "date": "2021-01-21 10:13:00", "subject": "0", "recorded-or-robo": "", "city": "Monee", "state": "IL", "area-code": "708"}, {"id": "deca54a6651fb9add5b4a9816cf45957", "number": "5206894190", "date": "2021-01-22 10:13:00", "subject": "0", "recorded-or-robo": "Y", "city": "Tucson", "state": "AZ", "area-code": "520"}, {"id": "deca54a6651fb9add5b4a9816cf45725", "number": "4026280630", "date": "2021-01-22 10:48:00", "subject": "2", "recorded-or-robo": "", "city": "", "state": "NE", "area-code": "402"}, {"id": "deca54a6651fb9add5b4a9816cf44ce6", "number": "7084973373", "date": "2021-01-21 10:13:00", "subject": "0", "recorded-or-robo": "", "city": "Monee", "state": "IL", "area-code": "708"}, {"id": "e81c9350d54f66c6d33b3747ee9ff881", "number": "6264693812", "date": "2021-01-22 18:55:53", "subject": "3", "recorded-or-robo": "Y", "city": "", "state": "CA", "area-code": "310"}, {"id": "1d36742e3f24f50e4e7ae8280134fbc5", "number": "6264693812", "date": "2021-01-22 18:55:53", "subject": "3", "recorded-or-robo": "Y", "city": "", "state": "CA", "area-code": "310"}, {"id": "e81c9350d54f66c6d33b3747ee9f8b41", "number": "3252195695", "date": "2021-01-22 18:55:47", "subject": "3", "recorded-or-robo": "N", "city": "", "state": "TX", "area-code": "254"}, {"id": "1d36742e3f24f50e4e7ae82801349c60", "number": "3252195695", "date": "2021-01-22 18:55:47", "subject": "3", "recorded-or-robo": "N", "city": "", "state": "TX", "area-code": "254"}, {"id": "e81c9350d54f66c6d33b3747eea00eb7", "number": "3252195695", "date": "2021-01-22 18:55:46", "subject": "3", "recorded-or-robo": "N", "city": "", "state": "TX", "area-code": "254"}, {"id": "1d36742e3f24f50e4e7ae8280135228f", "number": "3252195695", "date": "2021-01-22 18:55:46", "subject": "3", "recorded-or-robo": "N", "city": "", "state": "TX", "area-code": "254"}, {"id": "e81c9350d54f66c6d33b3747ee5f7e57", "number": "3013079190", "date": "2021-01-18 09:20:00", "subject": "3", "recorded-or-robo": "N", "city": "Waldorf", "state": "MD", "area-code": "301"}, {"id": "e81c9350d54f66c6d33b3747ee5f7798", "number": "8653552008", "date": "2021-01-22 17:13:00", "subject": "2", "recorded-or-robo": "N", "city": "West Memphis", "state": "AR", "area-code": "870"}, {"id": "deca54a6651fb9add5b4a9816cf44ac4", "number": "3013079190", "date": "2021-01-18 09:20:00", "subject": "3", "recorded-or-robo": "N", "city": "Waldorf", "state": "MD", "area-code": "301"}, {"id": "deca54a6651fb9add5b4a9816cf447f7", "number": "8653552008", "date": "2021-01-22 17:13:00", "subject": "2", "recorded-or-robo": "N", "city": "West Memphis", "state": "AR", "area-code": "870"}, {"id": "e81c9350d54f66c6d33b3747ee5f653e", "number": "3144524886", "date": "2021-01-22 17:12:00", "subject": "2", "recorded-or-robo": "Y", "city": "Creve Couer", "state": "MO", "area-code": "314"}, {"id": "deca54a6651fb9add5b4a9816cf4394b", "number": "3144524886", "date": "2021-01-22 17:12:00", "subject": "2", "recorded-or-robo": "Y", "city": "Creve Couer", "state": "MO", "area-code": "314"}, {"id": "e81c9350d54f66c6d33b3747ee5f621a", "number": "2103609048", "date": "2021-01-22 16:59:00", "subject": "2", "recorded-or-robo": "N", "city": "San Antonio", "state": "TX", "area-code": "210"}, {"id": "deca54a6651fb9add5b4a9816cf4327f", "number": "2103609048", "date": "2021-01-22 16:59:00", "subject": "2", "recorded-or-robo": "N", "city": "San Antonio", "state": "TX", "area-code": "210"}, {"id": "e81c9350d54f66c6d33b3747ee5f55f5", "number": "4695445024", "date": "2021-01-22 14:23:00", "subject": "3", "recorded-or-robo": "Y", "city": "Irving", "state": "TX", "area-code": "469"}, {"id": "deca54a6651fb9add5b4a9816cf4319b", "number": "4695445024", "date": "2021-01-22 14:23:00", "subject": "3", "recorded-or-robo": "Y", "city": "Irving", "state": "TX", "area-code": "469"}, {"id": "e81c9350d54f66c6d33b3747ee5f4811", "number": "2022216385", "date": "2021-01-22 06:40:00", "subject": "2", "recorded-or-robo": "N", "city": "", "state": "Do", "area-code": "202"}, {"id": "deca54a6651fb9add5b4a9816cf4283f", "number": "2022216385", "date": "2021-01-22 06:40:00", "subject": "2", "recorded-or-robo": "N", "city": "", "state": "Do", "area-code": "202"}, {"id": "e81c9350d54f66c6d33b3747ee5f3bc9", "number": "4024144421", "date": "2021-01-22 17:04:00", "subject": "2", "recorded-or-robo": "", "city": "", "state": "WI", "area-code": "608"}, {"id": "deca54a6651fb9add5b4a9816cf425d6", "number": "4024144421", "date": "2021-01-22 17:04:00", "subject": "2", "recorded-or-robo": "", "city": "", "state": "WI", "area-code": "608"}, {"id": "e81c9350d54f66c6d33b3747ee9f7c68", "number": "2013806050", "date": "2021-01-22 18:55:25", "subject": "3", "recorded-or-robo": "Y", "city": "", "state": "NJ", "area-code": "201"}, {"id": "1d36742e3f24f50e4e7ae82801349722", "number": "2013806050", "date": "2021-01-22 18:55:25", "subject": "3", "recorded-or-robo": "Y", "city": "", "state": "NJ", "area-code": "201"}, {"id": "e81c9350d54f66c6d33b3747ee5f38ac", "number": "7578566415", "date": "2021-01-22 16:19:00", "subject": "6", "recorded-or-robo": "Y", "city": "Grundy", "state": "VA", "area-code": "276"}, {"id": "deca54a6651fb9add5b4a9816cf422af", "number": "7578566415", "date": "2021-01-22 16:19:00", "subject": "6", "recorded-or-robo": "Y", "city": "Grundy", "state": "VA", "area-code": "276"}, {"id": "e81c9350d54f66c6d33b3747ee5f28cf", "number": "8552507660", "date": "2021-01-22 10:22:00", "subject": "0", "recorded-or-robo": "Y", "city": "Bend", "state": "OR", "area-code": "541"}, {"id": "deca54a6651fb9add5b4a9816cf41433", "number": "8552507660", "date": "2021-01-22 10:22:00", "subject": "0", "recorded-or-robo": "Y", "city": "Bend", "state": "OR", "area-code": "541"}, {"id": "e81c9350d54f66c6d33b3747ee5f27fa", "number": "8504333490", "date": "2021-01-22 00:00:00", "subject": "0", "recorded-or-robo": "N", "city": "", "state": "FL", "area-code": "850"}, {"id": "deca54a6651fb9add5b4a9816cf40472", "number": "8504333490", "date": "2021-01-22 00:00:00", "subject": "0", "recorded-or-robo": "N", "city": "", "state": "FL", "area-code": "850"}, {"id": "e81c9350d54f66c6d33b3747ee5f18c6", "number": "5206894190", "date": "2021-01-21 14:05:00", "subject": "0", "recorded-or-robo": "Y", "city": "Tucson", "state": "AZ", "area-code": "520"}]}