{"data": [{"id": "490dde24b259add1335244cd1b89a3b2", "number": "6369391104", "date": "2021-01-26 12:16:00", "subject": "6", "recorded-or-robo": "Y", "city": "Houston", "state": "TX", "area-code": "281"}, {"id": "490dde24b259add1335244cd1b899b55", "number": "4972508255", "date": "2021-01-26 23:31:00", "subject": "4", "recorded-or-robo": "Y", "city": "Tampa", "state": "FL", "area-code": "407"}, {"id": "490dde24b259add1335244cd1b898dbc", "number": "9259321030", "date": "2021-01-26 09:48:00", "subject": "5", "recorded-or-robo": "Y", "city": "pleasant hill", "state": "CA", "area-code": "925"}, {"id": "490dde24b259add1335244cd1b898b9d", "number": "9513856243", "date": "2021-01-25 17:18:00", "subject": "9", "recorded-or-robo": "Y", "city": "Santa Maria", "state": "CA", "area-code": "805"}, {"id": "490dde24b259add1335244cd1b898b67", "number": "5034772312", "date": "2021-01-26 09:18:00", "subject": "9", "recorded-or-robo": "Y", "city": "Anchorage", "state": "AK", "area-code": "503"}, {"id": "490dde24b259add1335244cd1b898667", "number": "6625243332", "date": "2021-01-26 09:24:00", "subject": "2", "recorded-or-robo": "N", "city": "Starkville", "state": "MS", "area-code": "662"}, {"id": "490dde24b259add1335244cd1b897e99", "number": "5134931616", "date": "2021-01-25 14:18:00", "subject": "0", "recorded-or-robo": "Y", "city": "Allen Park", "state": "MI", "area-code": "313"}, {"id": "490dde24b259add1335244cd1b897dd5", "number": "8004300848", "date": "2021-01-26 13:16:00", "subject": "1", "recorded-or-robo": "Y", "city": "Tamarac", "state": "FL", "area-code": "954"}, {"id": "490dde24b259add1335244cd1b897d50", "number": "4796518675", "date": "2021-01-20 12:20:00", "subject": "5", "recorded-or-robo": "Y", "city": "", "state": "AR", "area-code": "479"}, {"id": "490dde24b259add1335244cd1b89767b", "number": "2246623352", "date": "2021-01-26 12:59:00", "subject": "0", "recorded-or-robo": "", "city": "", "state": "VA", "area-code": "703"}, {"id": "490dde24b259add1335244cd1b896ec1", "number": "9254650548", "date": "2021-01-26 10:20:00", "subject": "4", "recorded-or-robo": "Y", "city": "", "state": "CA", "area-code": "818"}, {"id": "490dde24b259add1335244cd1b8961e6", "number": "6305091931", "date": "2021-01-18 16:01:00", "subject": "2", "recorded-or-robo": "", "city": "Dixon", "state": "IL", "area-code": "630"}, {"id": "490dde24b259add1335244cd1b895acd", "number": "3144479537", "date": "2021-01-26 11:59:00", "subject": "2", "recorded-or-robo": "N", "city": "", "state": "MO", "area-code": "314"}, {"id": "490dde24b259add1335244cd1b890107", "number": "2016546062", "date": "2021-01-26 10:22:00", "subject": "3", "recorded-or-robo": "N", "city": "", "state": "NJ", "area-code": "201"}, {"id": "490dde24b259add1335244cd1b89538e", "number": "", "date": "2021-01-26 11:17:00", "subject": "0", "recorded-or-robo": "Y", "city": "Alexandria", "state": "LA", "area-code": "318"}, {"id": "490dde24b259add1335244cd1b8950ad", "number": "6098263379", "date": "2021-01-25 00:00:00", "subject": "2", "recorded-or-robo": "Y", "city": "sicklerville", "state": "NJ", "area-code": "609"}, {"id": "490dde24b259add1335244cd1b88f609", "number": "5707760022", "date": "2021-01-25 19:44:00", "subject": "3", "recorded-or-robo": "N", "city": "", "state": "PA", "area-code": "570"}, {"id": "490dde24b259add1335244cd1b8948bb", "number": "9548764259", "date": "2021-01-22 12:17:00", "subject": "2", "recorded-or-robo": "Y", "city": "Fort Lauderdale", "state": "FL", "area-code": "954"}, {"id": "490dde24b259add1335244cd1b894111", "number": "6144989145", "date": "2021-01-26 12:18:00", "subject": "1", "recorded-or-robo": "Y", "city": "New Orleans", "state": "LA", "area-code": "614"}, {"id": "490dde24b259add1335244cd1b893ec5", "number": "2673654038", "date": "2020-11-27 10:33:00", "subject": "4", "recorded-or-robo": "Y", "city": "Westminster", "state": "CO", "area-code": "303"}, {"id": "490dde24b259add1335244cd1b893ab9", "number": "2172928211", "date": "2021-01-20 09:57:00", "subject": "2", "recorded-or-robo": "Y", "city": "Kirkland", "state": "IL", "area-code": "815"}, {"id": "490dde24b259add1335244cd1b8937ae", "number": "4078825665", "date": "2021-01-26 10:16:00", "subject": "4", "recorded-or-robo": "Y", "city": "Apopka", "state": "FL", "area-code": "407"}, {"id": "490dde24b259add1335244cd1b893585", "number": "4844424355", "date": "2021-01-26 12:13:00", "subject": "11", "recorded-or-robo": "Y", "city": "", "state": "SD", "area-code": "605"}, {"id": "490dde24b259add1335244cd1b892f4b", "number": "3605122436", "date": "2021-01-26 09:58:00", "subject": "2", "recorded-or-robo": "Y", "city": "", "state": "WA", "area-code": "253"}, {"id": "490dde24b259add1335244cd1b892b26", "number": "61081005610", "date": "2021-01-26 13:19:00", "subject": "4", "recorded-or-robo": "Y", "city": "Bethlehem", "state": "PA", "area-code": "610"}, {"id": "490dde24b259add1335244cd1b891c08", "number": "2074077174", "date": "2021-01-26 13:16:00", "subject": "1", "recorded-or-robo": "Y", "city": "Mansfield", "state": "OH", "area-code": "419"}, {"id": "490dde24b259add1335244cd1b8914e4", "number": "6033805700", "date": "2021-01-26 08:45:00", "subject": "6", "recorded-or-robo": "Y", "city": "Las Vegas", "state": "NV", "area-code": "702"}, {"id": "490dde24b259add1335244cd1b89081b", "number": "7199318661", "date": "2021-01-26 11:13:00", "subject": "2", "recorded-or-robo": "N", "city": "COLORADO SPRINGS", "state": "CO", "area-code": "719"}, {"id": "490dde24b259add1335244cd1b890656", "number": "3217501903", "date": "2021-01-26 12:32:00", "subject": "2", "recorded-or-robo": "Y", "city": "Cape Canaveral", "state": "FL", "area-code": "706"}, {"id": "490dde24b259add1335244cd1b8902a9", "number": "2166667639", "date": "2021-01-26 10:48:00", "subject": "0", "recorded-or-robo": "Y", "city": "elida", "state": "OH", "area-code": "419"}, {"id": "490dde24b259add1335244cd1b88ff11", "number": "7204639414", "date": "2021-01-26 11:16:00", "subject": "4", "recorded-or-robo": "Y", "city": "Brighton", "state": "CO", "area-code": "720"}, {"id": "490dde24b259add1335244cd1b88fbb9", "number": "", "date": "2021-01-25 13:59:00", "subject": "4", "recorded-or-robo": "Y", "city": "Gilbert", "state": "AZ", "area-code": "201"}, {"id": "490dde24b259add1335244cd1b88f391", "number": "2033540023", "date": "2021-01-26 13:12:00", "subject": "2", "recorded-or-robo": "Y", "city": "E Rutherford", "state": "NJ", "area-code": "203"}, {"id": "490dde24b259add1335244cd1b88e42c", "number": "6627344499", "date": "2021-01-26 08:49:00", "subject": "2", "recorded-or-robo": "N", "city": "Starkville", "state": "MS", "area-code": "662"}, {"id": "490dde24b259add1335244cd1b88dfcd", "number": "7042193549", "date": "2021-01-26 10:00:00", "subject": "1", "recorded-or-robo": "Y", "city": "Klamath Falls", "state": "OR", "area-code": "704"}, {"id": "490dde24b259add1335244cd1b88dde4", "number": "6518009094", "date": "2021-01-26 11:21:00", "subject": "1", "recorded-or-robo": "Y", "city": "", "state": "MN", "area-code": "763"}, {"id": "490dde24b259add1335244cd1b88da46", "number": "3135234738", "date": "2021-01-25 18:45:00", "subject": "0", "recorded-or-robo": "Y", "city": "Allen Park", "state": "MI", "area-code": "313"}, {"id": "490dde24b259add1335244cd1b88ce03", "number": "5406980045", "date": "2021-01-26 13:18:00", "subject": "2", "recorded-or-robo": "Y", "city": "Glen Allen", "state": "VA", "area-code": "540"}, {"id": "490dde24b259add1335244cd1b88cc82", "number": "2242493928", "date": "2021-01-26 10:37:00", "subject": "4", "recorded-or-robo": "Y", "city": "Annapolis", "state": "MD", "area-code": "443"}, {"id": "490dde24b259add1335244cd1b88c6d3", "number": "4796514149", "date": "2021-01-19 14:26:00", "subject": "1", "recorded-or-robo": "Y", "city": "", "state": "AR", "area-code": "479"}, {"id": "490dde24b259add1335244cd1b88c2a0", "number": "3608458139", "date": "2021-01-26 10:02:00", "subject": "2", "recorded-or-robo": "Y", "city": "Montesano", "state": "WA", "area-code": "360"}, {"id": "490dde24b259add1335244cd1b88be04", "number": "3146414574", "date": "2021-01-26 13:18:00", "subject": "2", "recorded-or-robo": "Y", "city": "Madrid", "state": "NY", "area-code": "315"}, {"id": "490dde24b259add1335244cd1b88b100", "number": "", "date": "2021-01-26 10:10:00", "subject": "1", "recorded-or-robo": "Y", "city": "Fresno", "state": "CA", "area-code": "559"}, {"id": "490dde24b259add1335244cd1b88a32f", "number": "5302901099", "date": "2021-01-26 12:10:00", "subject": "2", "recorded-or-robo": "Y", "city": "lockhart", "state": "TX", "area-code": "512"}, {"id": "490dde24b259add1335244cd1b889fd3", "number": "2054996888", "date": "2021-01-19 11:12:00", "subject": "3", "recorded-or-robo": "Y", "city": "Great Neck", "state": "NY", "area-code": "347"}, {"id": "490dde24b259add1335244cd1b8893f6", "number": "4052884383", "date": "2021-01-26 12:04:00", "subject": "0", "recorded-or-robo": "Y", "city": "Porum", "state": "OK", "area-code": "405"}, {"id": "490dde24b259add1335244cd1b888d3e", "number": "6196345182", "date": "2021-01-26 10:10:00", "subject": "2", "recorded-or-robo": "Y", "city": "Palo Alto", "state": "CA", "area-code": "650"}, {"id": "490dde24b259add1335244cd1b888b71", "number": "", "date": "2021-01-26 12:14:00", "subject": "1", "recorded-or-robo": "Y", "city": "Minneapolis", "state": "MN", "area-code": "267"}, {"id": "490dde24b259add1335244cd1b87768d", "number": "", "date": "2021-01-26 12:30:00", "subject": "3", "recorded-or-robo": "", "city": "", "state": "PA", "area-code": "717"}, {"id": "490dde24b259add1335244cd1b888794", "number": "8103661006", "date": "2021-01-26 10:37:00", "subject": "8", "recorded-or-robo": "Y", "city": "Taneytown", "state": "MD", "area-code": "410"}]}