{"data": [{"id": "1d36742e3f24f50e4e7ae828011ff3a8", "number": "243840313072", "date": "2021-01-22 17:24:00", "subject": "0", "recorded-or-robo": "N", "city": "Kennewick", "state": "WA", "area-code": "509"}, {"id": "e81c9350d54f66c6d33b3747ee8a13dc", "number": "2621479", "date": "2021-01-21 17:13:00", "subject": "2", "recorded-or-robo": "Y", "city": "Jonestown", "state": "TX", "area-code": "512"}, {"id": "1d36742e3f24f50e4e7ae828011fe498", "number": "2621479", "date": "2021-01-21 17:13:00", "subject": "2", "recorded-or-robo": "Y", "city": "Jonestown", "state": "TX", "area-code": "512"}, {"id": "e81c9350d54f66c6d33b3747eeb259ea", "number": "+14783370582", "date": "2021-01-22 21:13:36", "subject": "3", "recorded-or-robo": "Y", "city": "", "state": "GA", "area-code": "478"}, {"id": "1d36742e3f24f50e4e7ae828014726db", "number": "+14783370582", "date": "2021-01-22 21:13:36", "subject": "3", "recorded-or-robo": "Y", "city": "", "state": "GA", "area-code": "478"}, {"id": "e81c9350d54f66c6d33b3747eeb27c1e", "number": "9722521905", "date": "2021-01-22 21:13:28", "subject": "3", "recorded-or-robo": "Y", "city": "", "state": "TX", "area-code": "972"}, {"id": "1d36742e3f24f50e4e7ae8280147479d", "number": "9722521905", "date": "2021-01-22 21:13:28", "subject": "3", "recorded-or-robo": "Y", "city": "", "state": "TX", "area-code": "972"}, {"id": "e81c9350d54f66c6d33b3747ee8a0fc4", "number": "8339681734", "date": "2021-01-21 13:22:00", "subject": "0", "recorded-or-robo": "Y", "city": "Granbury", "state": "WI", "area-code": "414"}, {"id": "1d36742e3f24f50e4e7ae828011fd7ac", "number": "8339681734", "date": "2021-01-21 13:22:00", "subject": "0", "recorded-or-robo": "Y", "city": "Granbury", "state": "WI", "area-code": "414"}, {"id": "e81c9350d54f66c6d33b3747ee8a05e4", "number": "6614028521", "date": "2021-01-12 16:11:00", "subject": "2", "recorded-or-robo": "Y", "city": "Yucca Valley", "state": "CA", "area-code": "760"}, {"id": "e81c9350d54f66c6d33b3747ee89ff9d", "number": "4134673989", "date": "2021-01-22 15:47:00", "subject": "2", "recorded-or-robo": "N", "city": "Granby", "state": "MA", "area-code": "413"}, {"id": "1d36742e3f24f50e4e7ae828011fcf7f", "number": "6614028521", "date": "2021-01-12 16:11:00", "subject": "2", "recorded-or-robo": "Y", "city": "Yucca Valley", "state": "CA", "area-code": "760"}, {"id": "1d36742e3f24f50e4e7ae828011fc54d", "number": "4134673989", "date": "2021-01-22 15:47:00", "subject": "2", "recorded-or-robo": "N", "city": "Granby", "state": "MA", "area-code": "413"}, {"id": "e81c9350d54f66c6d33b3747eeb29a00", "number": "+13369159052", "date": "2021-01-22 21:13:21", "subject": "3", "recorded-or-robo": "N", "city": "", "state": "NC", "area-code": "336"}, {"id": "1d36742e3f24f50e4e7ae828014782de", "number": "+13369159052", "date": "2021-01-22 21:13:21", "subject": "3", "recorded-or-robo": "N", "city": "", "state": "NC", "area-code": "336"}, {"id": "e81c9350d54f66c6d33b3747ee89f613", "number": "6182916932", "date": "2021-01-22 12:00:00", "subject": "2", "recorded-or-robo": "Y", "city": "Aurora", "state": "IL", "area-code": "630"}, {"id": "1d36742e3f24f50e4e7ae828011fb70c", "number": "6182916932", "date": "2021-01-22 12:00:00", "subject": "2", "recorded-or-robo": "Y", "city": "Aurora", "state": "IL", "area-code": "630"}, {"id": "e81c9350d54f66c6d33b3747eeb2ae90", "number": "+16014881163", "date": "2021-01-22 21:12:55", "subject": "3", "recorded-or-robo": "Y", "city": "", "state": "IL", "area-code": "815"}, {"id": "1d36742e3f24f50e4e7ae8280147974f", "number": "+16014881163", "date": "2021-01-22 21:12:55", "subject": "3", "recorded-or-robo": "Y", "city": "", "state": "IL", "area-code": "815"}, {"id": "e81c9350d54f66c6d33b3747eeb25f3c", "number": "+12675356356", "date": "2021-01-22 21:12:40", "subject": "3", "recorded-or-robo": "Y", "city": "", "state": "PA", "area-code": "267"}, {"id": "1d36742e3f24f50e4e7ae8280147281c", "number": "+12675356356", "date": "2021-01-22 21:12:40", "subject": "3", "recorded-or-robo": "Y", "city": "", "state": "PA", "area-code": "267"}, {"id": "e81c9350d54f66c6d33b3747ee89f057", "number": "4142396282", "date": "2021-01-22 12:40:00", "subject": "0", "recorded-or-robo": "Y", "city": "Granbury", "state": "TX", "area-code": "414"}, {"id": "1d36742e3f24f50e4e7ae828011fac01", "number": "4142396282", "date": "2021-01-22 12:40:00", "subject": "0", "recorded-or-robo": "Y", "city": "Granbury", "state": "TX", "area-code": "414"}, {"id": "e81c9350d54f66c6d33b3747eeb277d4", "number": "+18173306387", "date": "2021-01-22 21:12:34", "subject": "3", "recorded-or-robo": "Y", "city": "", "state": "TX", "area-code": "817"}, {"id": "1d36742e3f24f50e4e7ae828014740dd", "number": "+18173306387", "date": "2021-01-22 21:12:34", "subject": "3", "recorded-or-robo": "Y", "city": "", "state": "TX", "area-code": "817"}, {"id": "e81c9350d54f66c6d33b3747ee89e240", "number": "5407367539", "date": "2021-01-22 21:06:00", "subject": "9", "recorded-or-robo": "Y", "city": "McLean", "state": "VA", "area-code": "703"}, {"id": "1d36742e3f24f50e4e7ae828011f9fa9", "number": "5407367539", "date": "2021-01-22 21:06:00", "subject": "9", "recorded-or-robo": "Y", "city": "McLean", "state": "VA", "area-code": "703"}, {"id": "e81c9350d54f66c6d33b3747ee89dc97", "number": "8155664640", "date": "2021-01-22 18:30:00", "subject": "2", "recorded-or-robo": "Y", "city": "Willowbrook", "state": "IL", "area-code": "815"}, {"id": "1d36742e3f24f50e4e7ae828011f9bb7", "number": "8155664640", "date": "2021-01-22 18:30:00", "subject": "2", "recorded-or-robo": "Y", "city": "Willowbrook", "state": "IL", "area-code": "815"}, {"id": "e81c9350d54f66c6d33b3747eeb29212", "number": "4056055250", "date": "2021-01-22 21:12:22", "subject": "3", "recorded-or-robo": "Y", "city": "", "state": "OK", "area-code": "405"}, {"id": "1d36742e3f24f50e4e7ae8280147741b", "number": "4056055250", "date": "2021-01-22 21:12:22", "subject": "3", "recorded-or-robo": "Y", "city": "", "state": "OK", "area-code": "405"}, {"id": "e81c9350d54f66c6d33b3747ee89d804", "number": "1243840313680", "date": "2021-01-22 17:16:00", "subject": "0", "recorded-or-robo": "N", "city": "Kennewick", "state": "WA", "area-code": "509"}, {"id": "1d36742e3f24f50e4e7ae828011f8bc1", "number": "1243840313680", "date": "2021-01-22 17:16:00", "subject": "0", "recorded-or-robo": "N", "city": "Kennewick", "state": "WA", "area-code": "509"}, {"id": "e81c9350d54f66c6d33b3747ee89d0ae", "number": "7342649248", "date": "2021-01-22 10:49:00", "subject": "6", "recorded-or-robo": "N", "city": "Sterling Heights", "state": "MI", "area-code": "248"}, {"id": "1d36742e3f24f50e4e7ae828011f869f", "number": "7342649248", "date": "2021-01-22 10:49:00", "subject": "6", "recorded-or-robo": "N", "city": "Sterling Heights", "state": "MI", "area-code": "248"}, {"id": "e81c9350d54f66c6d33b3747ee89c35f", "number": "", "date": "2021-01-22 13:37:00", "subject": "2", "recorded-or-robo": "Y", "city": "", "state": "PA", "area-code": "215"}, {"id": "1d36742e3f24f50e4e7ae828011f7e9b", "number": "", "date": "2021-01-22 13:37:00", "subject": "2", "recorded-or-robo": "Y", "city": "", "state": "PA", "area-code": "215"}, {"id": "e81c9350d54f66c6d33b3747ee89b9e4", "number": "9415843678", "date": "2021-01-22 10:58:00", "subject": "2", "recorded-or-robo": "Y", "city": "Lake Suzy", "state": "FL", "area-code": "941"}, {"id": "e81c9350d54f66c6d33b3747ee89b654", "number": "2622996474", "date": "2021-01-22 15:25:00", "subject": "1", "recorded-or-robo": "N", "city": "Indianapolis", "state": "IN", "area-code": "563"}, {"id": "1d36742e3f24f50e4e7ae828011f79d5", "number": "9415843678", "date": "2021-01-22 10:58:00", "subject": "2", "recorded-or-robo": "Y", "city": "Lake Suzy", "state": "FL", "area-code": "941"}, {"id": "1d36742e3f24f50e4e7ae828011f7485", "number": "2622996474", "date": "2021-01-22 15:25:00", "subject": "1", "recorded-or-robo": "N", "city": "Indianapolis", "state": "IN", "area-code": "563"}, {"id": "e81c9350d54f66c6d33b3747eeb24bc8", "number": "5106946652", "date": "2021-01-22 21:12:03", "subject": "3", "recorded-or-robo": "Y", "city": "", "state": "CA", "area-code": "510"}, {"id": "1d36742e3f24f50e4e7ae828014716fe", "number": "5106946652", "date": "2021-01-22 21:12:03", "subject": "3", "recorded-or-robo": "Y", "city": "", "state": "CA", "area-code": "510"}, {"id": "e81c9350d54f66c6d33b3747ee89b55a", "number": "8176178645", "date": "2021-01-22 16:22:00", "subject": "2", "recorded-or-robo": "Y", "city": "", "state": "TX", "area-code": "817"}, {"id": "1d36742e3f24f50e4e7ae828011f6c07", "number": "8176178645", "date": "2021-01-22 16:22:00", "subject": "2", "recorded-or-robo": "Y", "city": "", "state": "TX", "area-code": "817"}, {"id": "e81c9350d54f66c6d33b3747ee89b148", "number": "2542492232", "date": "2021-01-22 09:37:00", "subject": "2", "recorded-or-robo": "Y", "city": "Jonestown", "state": "TX", "area-code": "512"}, {"id": "1d36742e3f24f50e4e7ae828011f6b3c", "number": "2542492232", "date": "2021-01-22 09:37:00", "subject": "2", "recorded-or-robo": "Y", "city": "Jonestown", "state": "TX", "area-code": "512"}, {"id": "e81c9350d54f66c6d33b3747ee89a91f", "number": "2016794986", "date": "2021-01-22 15:23:00", "subject": "1", "recorded-or-robo": "N", "city": "Saddle Brook", "state": "NJ", "area-code": "201"}, {"id": "1d36742e3f24f50e4e7ae828011f5d1b", "number": "2016794986", "date": "2021-01-22 15:23:00", "subject": "1", "recorded-or-robo": "N", "city": "Saddle Brook", "state": "NJ", "area-code": "201"}, {"id": "e81c9350d54f66c6d33b3747ee89a0b1", "number": "3864737604", "date": "2021-01-22 11:31:00", "subject": "2", "recorded-or-robo": "Y", "city": "Lake Suzy", "state": "FL", "area-code": "941"}]}