{"data": [{"id": "deca54a6651fb9add5b4a9816cd35539", "number": "9028876622", "date": "2021-01-21 11:02:00", "subject": "2", "recorded-or-robo": "Y", "city": "Rochelle", "state": "IL", "area-code": "815"}, {"id": "e81c9350d54f66c6d33b3747ee3efbdc", "number": "4049972182", "date": "2021-01-22 07:58:00", "subject": "11", "recorded-or-robo": "Y", "city": "Encinitas", "state": "CA", "area-code": "760"}, {"id": "deca54a6651fb9add5b4a9816cd35147", "number": "4049972182", "date": "2021-01-22 07:58:00", "subject": "11", "recorded-or-robo": "Y", "city": "Encinitas", "state": "CA", "area-code": "760"}, {"id": "e81c9350d54f66c6d33b3747ee3ef86e", "number": "3144527602", "date": "2021-01-22 14:34:00", "subject": "2", "recorded-or-robo": "Y", "city": "Creve Couer", "state": "MO", "area-code": "314"}, {"id": "deca54a6651fb9add5b4a9816cd345ca", "number": "3144527602", "date": "2021-01-22 14:34:00", "subject": "2", "recorded-or-robo": "Y", "city": "Creve Couer", "state": "MO", "area-code": "314"}, {"id": "e81c9350d54f66c6d33b3747ee3eeef1", "number": "9018449553", "date": "2021-01-22 16:15:00", "subject": "2", "recorded-or-robo": "Y", "city": "Huntington", "state": "WV", "area-code": "304"}, {"id": "deca54a6651fb9add5b4a9816cd3424b", "number": "9018449553", "date": "2021-01-22 16:15:00", "subject": "2", "recorded-or-robo": "Y", "city": "Huntington", "state": "WV", "area-code": "304"}, {"id": "e81c9350d54f66c6d33b3747ee9f1652", "number": "+12563888461", "date": "2021-01-22 18:51:22", "subject": "3", "recorded-or-robo": "Y", "city": "", "state": "AL", "area-code": "256"}, {"id": "1d36742e3f24f50e4e7ae82801343cd1", "number": "+12563888461", "date": "2021-01-22 18:51:22", "subject": "3", "recorded-or-robo": "Y", "city": "", "state": "AL", "area-code": "256"}, {"id": "e81c9350d54f66c6d33b3747ee3edb50", "number": "2092449123", "date": "2021-01-22 15:45:00", "subject": "1", "recorded-or-robo": "N", "city": "Santa Ana", "state": "CA", "area-code": "714"}, {"id": "e81c9350d54f66c6d33b3747ee3ed6c1", "number": "6052268565", "date": "2021-01-19 12:06:00", "subject": "0", "recorded-or-robo": "", "city": "Monee", "state": "IL", "area-code": "708"}, {"id": "deca54a6651fb9add5b4a9816cd33e76", "number": "2092449123", "date": "2021-01-22 15:45:00", "subject": "1", "recorded-or-robo": "N", "city": "Santa Ana", "state": "CA", "area-code": "714"}, {"id": "deca54a6651fb9add5b4a9816cd339bb", "number": "6052268565", "date": "2021-01-19 12:06:00", "subject": "0", "recorded-or-robo": "", "city": "Monee", "state": "IL", "area-code": "708"}, {"id": "e81c9350d54f66c6d33b3747ee3ec815", "number": "2622036982", "date": "2021-01-22 16:43:00", "subject": "2", "recorded-or-robo": "Y", "city": "JANESVILLE", "state": "IA", "area-code": "262"}, {"id": "deca54a6651fb9add5b4a9816cd3346d", "number": "2622036982", "date": "2021-01-22 16:43:00", "subject": "2", "recorded-or-robo": "Y", "city": "JANESVILLE", "state": "IA", "area-code": "262"}, {"id": "e81c9350d54f66c6d33b3747ee3ebc5d", "number": "5616542642", "date": "2021-01-21 10:12:00", "subject": "2", "recorded-or-robo": "Y", "city": "west palm beach", "state": "FL", "area-code": "561"}, {"id": "deca54a6651fb9add5b4a9816cd324c4", "number": "5616542642", "date": "2021-01-21 10:12:00", "subject": "2", "recorded-or-robo": "Y", "city": "west palm beach", "state": "FL", "area-code": "561"}, {"id": "e81c9350d54f66c6d33b3747ee3ebc2b", "number": "7145291468", "date": "2021-01-22 11:27:00", "subject": "2", "recorded-or-robo": "N", "city": "Fullerton", "state": "CA", "area-code": "714"}, {"id": "e81c9350d54f66c6d33b3747ee3eb964", "number": "", "date": "2021-01-22 21:00:00", "subject": "0", "recorded-or-robo": "N", "city": "Plymouth", "state": "MA", "area-code": "508"}, {"id": "deca54a6651fb9add5b4a9816cd31e79", "number": "7145291468", "date": "2021-01-22 11:27:00", "subject": "2", "recorded-or-robo": "N", "city": "Fullerton", "state": "CA", "area-code": "714"}, {"id": "deca54a6651fb9add5b4a9816cd316f2", "number": "", "date": "2021-01-22 21:00:00", "subject": "0", "recorded-or-robo": "N", "city": "Plymouth", "state": "MA", "area-code": "508"}, {"id": "e81c9350d54f66c6d33b3747ee3eb558", "number": "9549322999", "date": "2021-01-22 10:30:00", "subject": "6", "recorded-or-robo": "N", "city": "Leeds", "state": "ME", "area-code": "207"}, {"id": "deca54a6651fb9add5b4a9816cd311eb", "number": "9549322999", "date": "2021-01-22 10:30:00", "subject": "6", "recorded-or-robo": "N", "city": "Leeds", "state": "ME", "area-code": "207"}, {"id": "e81c9350d54f66c6d33b3747ee3eaf02", "number": "8649166979", "date": "2021-01-22 10:33:00", "subject": "11", "recorded-or-robo": "Y", "city": "Fort  Washington", "state": "MD", "area-code": "301"}, {"id": "deca54a6651fb9add5b4a9816cd30d7a", "number": "8649166979", "date": "2021-01-22 10:33:00", "subject": "11", "recorded-or-robo": "Y", "city": "Fort  Washington", "state": "MD", "area-code": "301"}, {"id": "e81c9350d54f66c6d33b3747ee9f0249", "number": "8768855175", "date": "2021-01-22 18:50:52", "subject": "3", "recorded-or-robo": "Y", "city": "", "state": "KY", "area-code": "606"}, {"id": "1d36742e3f24f50e4e7ae8280134389c", "number": "8768855175", "date": "2021-01-22 18:50:52", "subject": "3", "recorded-or-robo": "Y", "city": "", "state": "KY", "area-code": "606"}, {"id": "e81c9350d54f66c6d33b3747ee3ea479", "number": "6305945046", "date": "2021-01-22 12:33:00", "subject": "2", "recorded-or-robo": "Y", "city": "Park Forest", "state": "IL", "area-code": "708"}, {"id": "deca54a6651fb9add5b4a9816cd2ff7e", "number": "6305945046", "date": "2021-01-22 12:33:00", "subject": "2", "recorded-or-robo": "Y", "city": "Park Forest", "state": "IL", "area-code": "708"}, {"id": "e81c9350d54f66c6d33b3747ee3e981e", "number": "6617713696", "date": "2021-01-22 16:00:00", "subject": "2", "recorded-or-robo": "Y", "city": "Marana", "state": "AZ", "area-code": "661"}, {"id": "deca54a6651fb9add5b4a9816cd2fb5d", "number": "6617713696", "date": "2021-01-22 16:00:00", "subject": "2", "recorded-or-robo": "Y", "city": "Marana", "state": "AZ", "area-code": "661"}, {"id": "e81c9350d54f66c6d33b3747ee3e8ded", "number": "8030671232", "date": "2021-01-22 16:18:00", "subject": "11", "recorded-or-robo": "Y", "city": "", "state": "AZ", "area-code": "928"}, {"id": "deca54a6651fb9add5b4a9816cd2ef4a", "number": "8030671232", "date": "2021-01-22 16:18:00", "subject": "11", "recorded-or-robo": "Y", "city": "", "state": "AZ", "area-code": "928"}, {"id": "e81c9350d54f66c6d33b3747ee3e8986", "number": "7044998975", "date": "2021-01-04 19:03:00", "subject": "2", "recorded-or-robo": "Y", "city": "Huntersville", "state": "NC", "area-code": "704"}, {"id": "deca54a6651fb9add5b4a9816cd2ec9f", "number": "7044998975", "date": "2021-01-04 19:03:00", "subject": "2", "recorded-or-robo": "Y", "city": "Huntersville", "state": "NC", "area-code": "704"}, {"id": "e81c9350d54f66c6d33b3747ee9ec8bf", "number": "2677150235", "date": "2021-01-22 18:50:34", "subject": "3", "recorded-or-robo": "N", "city": "", "state": "KY", "area-code": "606"}, {"id": "1d36742e3f24f50e4e7ae8280133e5d6", "number": "2677150235", "date": "2021-01-22 18:50:34", "subject": "3", "recorded-or-robo": "N", "city": "", "state": "KY", "area-code": "606"}, {"id": "e81c9350d54f66c6d33b3747ee3e808f", "number": "8507240938", "date": "2021-01-22 17:56:00", "subject": "2", "recorded-or-robo": "Y", "city": "Jupiter", "state": "FL", "area-code": "561"}, {"id": "deca54a6651fb9add5b4a9816cd2e5ed", "number": "8507240938", "date": "2021-01-22 17:56:00", "subject": "2", "recorded-or-robo": "Y", "city": "Jupiter", "state": "FL", "area-code": "561"}, {"id": "e81c9350d54f66c6d33b3747ee3e75ce", "number": "9169996106", "date": "2021-01-21 08:18:00", "subject": "2", "recorded-or-robo": "Y", "city": "San Diego", "state": "CA", "area-code": "949"}, {"id": "deca54a6651fb9add5b4a9816cd2da0d", "number": "9169996106", "date": "2021-01-21 08:18:00", "subject": "2", "recorded-or-robo": "Y", "city": "San Diego", "state": "CA", "area-code": "949"}, {"id": "e81c9350d54f66c6d33b3747ee3e6ff4", "number": "7866779605", "date": "2021-01-22 10:59:00", "subject": "2", "recorded-or-robo": "Y", "city": "west palm beach", "state": "FL", "area-code": "561"}, {"id": "deca54a6651fb9add5b4a9816cd2cdf4", "number": "7866779605", "date": "2021-01-22 10:59:00", "subject": "2", "recorded-or-robo": "Y", "city": "west palm beach", "state": "FL", "area-code": "561"}, {"id": "e81c9350d54f66c6d33b3747ee3e6b2e", "number": "31776947390", "date": "2021-01-22 16:37:00", "subject": "1", "recorded-or-robo": "Y", "city": "Zionsville", "state": "IN", "area-code": "317"}, {"id": "deca54a6651fb9add5b4a9816cd2c180", "number": "31776947390", "date": "2021-01-22 16:37:00", "subject": "1", "recorded-or-robo": "Y", "city": "Zionsville", "state": "IN", "area-code": "317"}, {"id": "e81c9350d54f66c6d33b3747ee3e6003", "number": "5414705018", "date": "2021-01-22 08:16:00", "subject": "8", "recorded-or-robo": "Y", "city": "Springfield", "state": "OR", "area-code": "541"}, {"id": "deca54a6651fb9add5b4a9816cd2bef1", "number": "5414705018", "date": "2021-01-22 08:16:00", "subject": "8", "recorded-or-robo": "Y", "city": "Springfield", "state": "OR", "area-code": "541"}, {"id": "e81c9350d54f66c6d33b3747ee3e5292", "number": "2406605594", "date": "2021-01-22 17:07:00", "subject": "12", "recorded-or-robo": "N", "city": "Gaithersburg", "state": "MD", "area-code": "301"}, {"id": "deca54a6651fb9add5b4a9816cd2b1ff", "number": "2406605594", "date": "2021-01-22 17:07:00", "subject": "12", "recorded-or-robo": "N", "city": "Gaithersburg", "state": "MD", "area-code": "301"}, {"id": "e81c9350d54f66c6d33b3747ee3e433b", "number": "3082093866", "date": "2021-01-22 16:26:00", "subject": "5", "recorded-or-robo": "", "city": "", "state": "NE", "area-code": "402"}]}