{"data": [{"id": "1d36742e3f24f50e4e7ae828014401ad", "number": "+17275731626", "date": "2021-01-22 20:53:23", "subject": "3", "recorded-or-robo": "N", "city": "", "state": "FL", "area-code": "727"}, {"id": "e81c9350d54f66c6d33b3747ee869845", "number": "4254240938", "date": "2021-01-11 11:53:00", "subject": "3", "recorded-or-robo": "Y", "city": "", "state": "WA", "area-code": "425"}, {"id": "e81c9350d54f66c6d33b3747ee8689e4", "number": "3163335637", "date": "2021-01-22 16:06:00", "subject": "0", "recorded-or-robo": "Y", "city": "Euclid", "state": "OH", "area-code": "216"}, {"id": "1d36742e3f24f50e4e7ae828011c22b8", "number": "4254240938", "date": "2021-01-11 11:53:00", "subject": "3", "recorded-or-robo": "Y", "city": "", "state": "WA", "area-code": "425"}, {"id": "1d36742e3f24f50e4e7ae828011c154d", "number": "3163335637", "date": "2021-01-22 16:06:00", "subject": "0", "recorded-or-robo": "Y", "city": "Euclid", "state": "OH", "area-code": "216"}, {"id": "e81c9350d54f66c6d33b3747ee8683b6", "number": "6785728865", "date": "2021-01-22 20:20:00", "subject": "11", "recorded-or-robo": "Y", "city": "Carrollton", "state": "GA", "area-code": "678"}, {"id": "1d36742e3f24f50e4e7ae828011c0c74", "number": "6785728865", "date": "2021-01-22 20:20:00", "subject": "11", "recorded-or-robo": "Y", "city": "Carrollton", "state": "GA", "area-code": "678"}, {"id": "e81c9350d54f66c6d33b3747eeae562e", "number": "+18158871841", "date": "2021-01-22 20:53:11", "subject": "3", "recorded-or-robo": "Y", "city": "", "state": "FL", "area-code": "352"}, {"id": "1d36742e3f24f50e4e7ae8280142fb7c", "number": "+18158871841", "date": "2021-01-22 20:53:11", "subject": "3", "recorded-or-robo": "Y", "city": "", "state": "FL", "area-code": "352"}, {"id": "e81c9350d54f66c6d33b3747eeae5789", "number": "+17704591214", "date": "2021-01-22 20:53:10", "subject": "3", "recorded-or-robo": "Y", "city": "", "state": "GA", "area-code": "770"}, {"id": "1d36742e3f24f50e4e7ae82801430ab4", "number": "+17704591214", "date": "2021-01-22 20:53:10", "subject": "3", "recorded-or-robo": "Y", "city": "", "state": "GA", "area-code": "770"}, {"id": "e81c9350d54f66c6d33b3747ee867c98", "number": "3152328257", "date": "2021-01-22 19:15:00", "subject": "1", "recorded-or-robo": "Y", "city": "North Liberty", "state": "IN", "area-code": "574"}, {"id": "1d36742e3f24f50e4e7ae828011c0306", "number": "3152328257", "date": "2021-01-22 19:15:00", "subject": "1", "recorded-or-robo": "Y", "city": "North Liberty", "state": "IN", "area-code": "574"}, {"id": "e81c9350d54f66c6d33b3747eeae76e6", "number": "9294602145", "date": "2021-01-22 20:53:01", "subject": "3", "recorded-or-robo": "Y", "city": "", "state": "AL", "area-code": "205"}, {"id": "1d36742e3f24f50e4e7ae82801433646", "number": "9294602145", "date": "2021-01-22 20:53:01", "subject": "3", "recorded-or-robo": "Y", "city": "", "state": "AL", "area-code": "205"}, {"id": "e81c9350d54f66c6d33b3747ee867043", "number": "8139999493", "date": "2021-01-18 16:55:00", "subject": "2", "recorded-or-robo": "Y", "city": "TAMPA", "state": "FL", "area-code": "813"}, {"id": "1d36742e3f24f50e4e7ae828011bf56b", "number": "8139999493", "date": "2021-01-18 16:55:00", "subject": "2", "recorded-or-robo": "Y", "city": "TAMPA", "state": "FL", "area-code": "813"}, {"id": "e81c9350d54f66c6d33b3747eeaf0711", "number": "+17733020135", "date": "2021-01-22 20:52:59", "subject": "3", "recorded-or-robo": "Y", "city": "", "state": "IL", "area-code": "773"}, {"id": "1d36742e3f24f50e4e7ae8280143ccfc", "number": "+17733020135", "date": "2021-01-22 20:52:59", "subject": "3", "recorded-or-robo": "Y", "city": "", "state": "IL", "area-code": "773"}, {"id": "e81c9350d54f66c6d33b3747ee866e70", "number": "8573027808", "date": "2021-01-22 09:06:00", "subject": "2", "recorded-or-robo": "Y", "city": "", "state": "TX", "area-code": "214"}, {"id": "1d36742e3f24f50e4e7ae828011bec12", "number": "8573027808", "date": "2021-01-22 09:06:00", "subject": "2", "recorded-or-robo": "Y", "city": "", "state": "TX", "area-code": "214"}, {"id": "e81c9350d54f66c6d33b3747eeae8189", "number": "+18172361974", "date": "2021-01-22 20:52:44", "subject": "3", "recorded-or-robo": "Y", "city": "", "state": "TX", "area-code": "817"}, {"id": "1d36742e3f24f50e4e7ae82801433c80", "number": "+18172361974", "date": "2021-01-22 20:52:44", "subject": "3", "recorded-or-robo": "Y", "city": "", "state": "TX", "area-code": "817"}, {"id": "e81c9350d54f66c6d33b3747ee865f7b", "number": "3043975834", "date": "2021-01-22 05:52:00", "subject": "1", "recorded-or-robo": "Y", "city": "", "state": "WV", "area-code": "304"}, {"id": "1d36742e3f24f50e4e7ae828011bdeb2", "number": "3043975834", "date": "2021-01-22 05:52:00", "subject": "1", "recorded-or-robo": "Y", "city": "", "state": "WV", "area-code": "304"}, {"id": "e81c9350d54f66c6d33b3747eeaed507", "number": "8323515421", "date": "2021-01-22 20:52:36", "subject": "3", "recorded-or-robo": "Y", "city": "", "state": "TX", "area-code": "832"}, {"id": "1d36742e3f24f50e4e7ae82801439b9a", "number": "8323515421", "date": "2021-01-22 20:52:36", "subject": "3", "recorded-or-robo": "Y", "city": "", "state": "TX", "area-code": "832"}, {"id": "e81c9350d54f66c6d33b3747eeae4988", "number": "8323515421", "date": "2021-01-22 20:52:35", "subject": "3", "recorded-or-robo": "Y", "city": "", "state": "TX", "area-code": "832"}, {"id": "1d36742e3f24f50e4e7ae8280142e601", "number": "8323515421", "date": "2021-01-22 20:52:35", "subject": "3", "recorded-or-robo": "Y", "city": "", "state": "TX", "area-code": "832"}, {"id": "e81c9350d54f66c6d33b3747eeaf065b", "number": "+17609381970", "date": "2021-01-22 20:52:29", "subject": "3", "recorded-or-robo": "Y", "city": "", "state": "FL", "area-code": "786"}, {"id": "1d36742e3f24f50e4e7ae8280143bf9e", "number": "+17609381970", "date": "2021-01-22 20:52:29", "subject": "3", "recorded-or-robo": "Y", "city": "", "state": "FL", "area-code": "786"}, {"id": "e81c9350d54f66c6d33b3747eeae759c", "number": "+17275570709", "date": "2021-01-22 20:52:28", "subject": "3", "recorded-or-robo": "Y", "city": "", "state": "FL", "area-code": "727"}, {"id": "e81c9350d54f66c6d33b3747ee865b42", "number": "7047300446", "date": "2021-01-22 18:08:00", "subject": "0", "recorded-or-robo": "N", "city": "Cherryville", "state": "NC", "area-code": "704"}, {"id": "1d36742e3f24f50e4e7ae82801432659", "number": "+17275570709", "date": "2021-01-22 20:52:28", "subject": "3", "recorded-or-robo": "Y", "city": "", "state": "FL", "area-code": "727"}, {"id": "1d36742e3f24f50e4e7ae828011bd602", "number": "7047300446", "date": "2021-01-22 18:08:00", "subject": "0", "recorded-or-robo": "N", "city": "Cherryville", "state": "NC", "area-code": "704"}, {"id": "e81c9350d54f66c6d33b3747ee865063", "number": "2484584585", "date": "2021-01-22 08:39:00", "subject": "0", "recorded-or-robo": "Y", "city": "Euclid", "state": "OH", "area-code": "216"}, {"id": "1d36742e3f24f50e4e7ae828011bd573", "number": "2484584585", "date": "2021-01-22 08:39:00", "subject": "0", "recorded-or-robo": "Y", "city": "Euclid", "state": "OH", "area-code": "216"}, {"id": "e81c9350d54f66c6d33b3747ee864e10", "number": "4302059410", "date": "2021-01-22 15:11:00", "subject": "3", "recorded-or-robo": "Y", "city": "garland", "state": "TX", "area-code": "972"}, {"id": "1d36742e3f24f50e4e7ae828011bcd7f", "number": "4302059410", "date": "2021-01-22 15:11:00", "subject": "3", "recorded-or-robo": "Y", "city": "garland", "state": "TX", "area-code": "972"}, {"id": "e81c9350d54f66c6d33b3747eeae6364", "number": "4096412940", "date": "2021-01-22 20:52:01", "subject": "3", "recorded-or-robo": "Y", "city": "", "state": "TX", "area-code": "713"}, {"id": "1d36742e3f24f50e4e7ae82801431355", "number": "4096412940", "date": "2021-01-22 20:52:01", "subject": "3", "recorded-or-robo": "Y", "city": "", "state": "TX", "area-code": "713"}, {"id": "e81c9350d54f66c6d33b3747ee864723", "number": "9513056379", "date": "2021-01-20 00:00:00", "subject": "3", "recorded-or-robo": "N", "city": "", "state": "CA", "area-code": "619"}, {"id": "1d36742e3f24f50e4e7ae828011bbed7", "number": "9513056379", "date": "2021-01-20 00:00:00", "subject": "3", "recorded-or-robo": "N", "city": "", "state": "CA", "area-code": "619"}, {"id": "e81c9350d54f66c6d33b3747ee864394", "number": "3043975834", "date": "2021-01-22 16:45:00", "subject": "1", "recorded-or-robo": "Y", "city": "", "state": "WV", "area-code": "304"}, {"id": "1d36742e3f24f50e4e7ae828011bb05e", "number": "3043975834", "date": "2021-01-22 16:45:00", "subject": "1", "recorded-or-robo": "Y", "city": "", "state": "WV", "area-code": "304"}, {"id": "e81c9350d54f66c6d33b3747eeaeca28", "number": "+16822282586", "date": "2021-01-22 20:51:47", "subject": "3", "recorded-or-robo": "Y", "city": "", "state": "TX", "area-code": "682"}, {"id": "1d36742e3f24f50e4e7ae82801439360", "number": "+16822282586", "date": "2021-01-22 20:51:47", "subject": "3", "recorded-or-robo": "Y", "city": "", "state": "TX", "area-code": "682"}, {"id": "e81c9350d54f66c6d33b3747eeaebe6e", "number": "+19785718263", "date": "2021-01-22 20:51:42", "subject": "3", "recorded-or-robo": "Y", "city": "", "state": "NY", "area-code": "718"}, {"id": "1d36742e3f24f50e4e7ae828014384a1", "number": "+19785718263", "date": "2021-01-22 20:51:42", "subject": "3", "recorded-or-robo": "Y", "city": "", "state": "NY", "area-code": "718"}, {"id": "e81c9350d54f66c6d33b3747eeaf1971", "number": "7137967659", "date": "2021-01-22 20:51:39", "subject": "3", "recorded-or-robo": "Y", "city": "", "state": "TX", "area-code": "713"}]}