{"data": [{"id": "1d36742e3f24f50e4e7ae828014e061d", "number": "+14246758016", "date": "2021-01-22 22:06:22", "subject": "3", "recorded-or-robo": "Y", "city": "", "state": "TX", "area-code": "915"}, {"id": "e81c9350d54f66c6d33b3747eeb854b9", "number": "+19183022386", "date": "2021-01-22 22:05:51", "subject": "3", "recorded-or-robo": "Y", "city": "", "state": "TX", "area-code": "214"}, {"id": "1d36742e3f24f50e4e7ae828014d40a2", "number": "+19183022386", "date": "2021-01-22 22:05:51", "subject": "3", "recorded-or-robo": "Y", "city": "", "state": "TX", "area-code": "214"}, {"id": "e81c9350d54f66c6d33b3747ee915380", "number": "7348644923", "date": "2021-01-22 17:51:00", "subject": "3", "recorded-or-robo": "Y", "city": "", "state": "MI", "area-code": "734"}, {"id": "1d36742e3f24f50e4e7ae8280126b879", "number": "7348644923", "date": "2021-01-22 17:51:00", "subject": "3", "recorded-or-robo": "Y", "city": "", "state": "MI", "area-code": "734"}, {"id": "e81c9350d54f66c6d33b3747ee914ac1", "number": "3044429483", "date": "2021-01-22 18:17:00", "subject": "0", "recorded-or-robo": "Y", "city": "Clarksburg", "state": "WV", "area-code": "304"}, {"id": "1d36742e3f24f50e4e7ae8280126b1ea", "number": "3044429483", "date": "2021-01-22 18:17:00", "subject": "0", "recorded-or-robo": "Y", "city": "Clarksburg", "state": "WV", "area-code": "304"}, {"id": "e81c9350d54f66c6d33b3747eeb8c72c", "number": "3365138147", "date": "2021-01-22 22:05:08", "subject": "3", "recorded-or-robo": "Y", "city": "", "state": "GA", "area-code": "404"}, {"id": "1d36742e3f24f50e4e7ae828014de069", "number": "3365138147", "date": "2021-01-22 22:05:08", "subject": "3", "recorded-or-robo": "Y", "city": "", "state": "GA", "area-code": "404"}, {"id": "e81c9350d54f66c6d33b3747ee9148bc", "number": "6788974267", "date": "2021-01-22 10:14:00", "subject": "2", "recorded-or-robo": "N", "city": "", "state": "MO", "area-code": "314"}, {"id": "1d36742e3f24f50e4e7ae8280126a69b", "number": "6788974267", "date": "2021-01-22 10:14:00", "subject": "2", "recorded-or-robo": "N", "city": "", "state": "MO", "area-code": "314"}, {"id": "e81c9350d54f66c6d33b3747ee9148b8", "number": "6262936548", "date": "2021-01-22 15:53:00", "subject": "3", "recorded-or-robo": "Y", "city": "", "state": "CA", "area-code": "626"}, {"id": "1d36742e3f24f50e4e7ae82801269d27", "number": "6262936548", "date": "2021-01-22 15:53:00", "subject": "3", "recorded-or-robo": "Y", "city": "", "state": "CA", "area-code": "626"}, {"id": "e81c9350d54f66c6d33b3747eeb87a71", "number": "6506367258", "date": "2021-01-22 22:04:44", "subject": "3", "recorded-or-robo": "Y", "city": "", "state": "CA", "area-code": "415"}, {"id": "1d36742e3f24f50e4e7ae828014d7499", "number": "6506367258", "date": "2021-01-22 22:04:44", "subject": "3", "recorded-or-robo": "Y", "city": "", "state": "CA", "area-code": "415"}, {"id": "e81c9350d54f66c6d33b3747eeb8911e", "number": "+14158389682", "date": "2021-01-22 22:04:39", "subject": "3", "recorded-or-robo": "N", "city": "", "state": "CA", "area-code": "415"}, {"id": "1d36742e3f24f50e4e7ae828014d9216", "number": "+14158389682", "date": "2021-01-22 22:04:39", "subject": "3", "recorded-or-robo": "N", "city": "", "state": "CA", "area-code": "415"}, {"id": "e81c9350d54f66c6d33b3747ee914684", "number": "6105027141", "date": "2021-01-22 12:00:00", "subject": "1", "recorded-or-robo": "N", "city": "Nanuet", "state": "NY", "area-code": "845"}, {"id": "1d36742e3f24f50e4e7ae82801268fc9", "number": "6105027141", "date": "2021-01-22 12:00:00", "subject": "1", "recorded-or-robo": "N", "city": "Nanuet", "state": "NY", "area-code": "845"}, {"id": "e81c9350d54f66c6d33b3747ee913730", "number": "7752093879", "date": "2021-01-22 12:47:00", "subject": "9", "recorded-or-robo": "Y", "city": "Henderson", "state": "NV", "area-code": "702"}, {"id": "1d36742e3f24f50e4e7ae82801268c98", "number": "7752093879", "date": "2021-01-22 12:47:00", "subject": "9", "recorded-or-robo": "Y", "city": "Henderson", "state": "NV", "area-code": "702"}, {"id": "e81c9350d54f66c6d33b3747ee912b56", "number": "3046246745", "date": "2021-01-22 16:14:00", "subject": "0", "recorded-or-robo": "Y", "city": "Clarksburg", "state": "WV", "area-code": "304"}, {"id": "1d36742e3f24f50e4e7ae82801268aba", "number": "3046246745", "date": "2021-01-22 16:14:00", "subject": "0", "recorded-or-robo": "Y", "city": "Clarksburg", "state": "WV", "area-code": "304"}, {"id": "e81c9350d54f66c6d33b3747eeb85b6e", "number": "3234162680", "date": "2021-01-22 22:03:43", "subject": "3", "recorded-or-robo": "Y", "city": "", "state": "CA", "area-code": "323"}, {"id": "1d36742e3f24f50e4e7ae828014d4ff2", "number": "3234162680", "date": "2021-01-22 22:03:43", "subject": "3", "recorded-or-robo": "Y", "city": "", "state": "CA", "area-code": "323"}, {"id": "e81c9350d54f66c6d33b3747ee912611", "number": "", "date": "2021-01-22 10:00:00", "subject": "0", "recorded-or-robo": "Y", "city": "Tennessee", "state": "TN", "area-code": "901"}, {"id": "1d36742e3f24f50e4e7ae828012686c9", "number": "", "date": "2021-01-22 10:00:00", "subject": "0", "recorded-or-robo": "Y", "city": "Tennessee", "state": "TN", "area-code": "901"}, {"id": "e81c9350d54f66c6d33b3747eeb843df", "number": "+18136362805", "date": "2021-01-22 22:03:17", "subject": "3", "recorded-or-robo": "Y", "city": "", "state": "FL", "area-code": "321"}, {"id": "1d36742e3f24f50e4e7ae828014d3592", "number": "+18136362805", "date": "2021-01-22 22:03:17", "subject": "3", "recorded-or-robo": "Y", "city": "", "state": "FL", "area-code": "321"}, {"id": "e81c9350d54f66c6d33b3747eeb8679a", "number": "9182652421", "date": "2021-01-22 22:03:03", "subject": "3", "recorded-or-robo": "Y", "city": "", "state": "OK", "area-code": "918"}, {"id": "1d36742e3f24f50e4e7ae828014d5e10", "number": "9182652421", "date": "2021-01-22 22:03:03", "subject": "3", "recorded-or-robo": "Y", "city": "", "state": "OK", "area-code": "918"}, {"id": "e81c9350d54f66c6d33b3747eeb8504c", "number": "+13379990560", "date": "2021-01-22 22:03:02", "subject": "3", "recorded-or-robo": "Y", "city": "", "state": "FL", "area-code": "321"}, {"id": "1d36742e3f24f50e4e7ae828014d3de9", "number": "+13379990560", "date": "2021-01-22 22:03:02", "subject": "3", "recorded-or-robo": "Y", "city": "", "state": "FL", "area-code": "321"}, {"id": "e81c9350d54f66c6d33b3747eeb8b808", "number": "+19123887836", "date": "2021-01-22 22:02:51", "subject": "3", "recorded-or-robo": "Y", "city": "", "state": "GA", "area-code": "912"}, {"id": "1d36742e3f24f50e4e7ae828014dc539", "number": "+19123887836", "date": "2021-01-22 22:02:51", "subject": "3", "recorded-or-robo": "Y", "city": "", "state": "GA", "area-code": "912"}, {"id": "e81c9350d54f66c6d33b3747ee9108ca", "number": "6269006118", "date": "2021-01-22 14:54:00", "subject": "3", "recorded-or-robo": "N", "city": "", "state": "CA", "area-code": "626"}, {"id": "1d36742e3f24f50e4e7ae828012675ce", "number": "6269006118", "date": "2021-01-22 14:54:00", "subject": "3", "recorded-or-robo": "N", "city": "", "state": "CA", "area-code": "626"}, {"id": "e81c9350d54f66c6d33b3747ee911a92", "number": "5622026788", "date": "2021-01-22 13:15:00", "subject": "4", "recorded-or-robo": "Y", "city": "Long Beach", "state": "CA", "area-code": "562"}, {"id": "1d36742e3f24f50e4e7ae828012684ef", "number": "5622026788", "date": "2021-01-22 13:15:00", "subject": "4", "recorded-or-robo": "Y", "city": "Long Beach", "state": "CA", "area-code": "562"}, {"id": "e81c9350d54f66c6d33b3747eeb822b4", "number": "8055444298", "date": "2021-01-22 22:02:43", "subject": "3", "recorded-or-robo": "Y", "city": "", "state": "CA", "area-code": "805"}, {"id": "1d36742e3f24f50e4e7ae828014d1d92", "number": "8055444298", "date": "2021-01-22 22:02:43", "subject": "3", "recorded-or-robo": "Y", "city": "", "state": "CA", "area-code": "805"}, {"id": "e81c9350d54f66c6d33b3747eeb87691", "number": "4054298351", "date": "2021-01-22 22:02:34", "subject": "3", "recorded-or-robo": "Y", "city": "", "state": "OK", "area-code": "918"}, {"id": "1d36742e3f24f50e4e7ae828014d68e0", "number": "4054298351", "date": "2021-01-22 22:02:34", "subject": "3", "recorded-or-robo": "Y", "city": "", "state": "OK", "area-code": "918"}, {"id": "e81c9350d54f66c6d33b3747eeb8bcb6", "number": "2405707981", "date": "2021-01-22 22:02:31", "subject": "3", "recorded-or-robo": "Y", "city": "", "state": "CO", "area-code": "303"}, {"id": "1d36742e3f24f50e4e7ae828014dd09b", "number": "2405707981", "date": "2021-01-22 22:02:31", "subject": "3", "recorded-or-robo": "Y", "city": "", "state": "CO", "area-code": "303"}, {"id": "e81c9350d54f66c6d33b3747ee911037", "number": "9045064590", "date": "2021-01-22 15:36:00", "subject": "0", "recorded-or-robo": "N", "city": "Bellerose", "state": "NY", "area-code": "718"}, {"id": "1d36742e3f24f50e4e7ae82801268305", "number": "9045064590", "date": "2021-01-22 15:36:00", "subject": "0", "recorded-or-robo": "N", "city": "Bellerose", "state": "NY", "area-code": "718"}, {"id": "e81c9350d54f66c6d33b3747ee910d94", "number": "2243168853", "date": "2021-01-22 20:26:00", "subject": "1", "recorded-or-robo": "Y", "city": "Battle Creek", "state": "MI", "area-code": "815"}, {"id": "1d36742e3f24f50e4e7ae82801267e36", "number": "2243168853", "date": "2021-01-22 20:26:00", "subject": "1", "recorded-or-robo": "Y", "city": "Battle Creek", "state": "MI", "area-code": "815"}, {"id": "e81c9350d54f66c6d33b3747eeb8c4f4", "number": "6614034910", "date": "2021-01-22 22:01:59", "subject": "3", "recorded-or-robo": "N", "city": "", "state": "CA", "area-code": "661"}]}