{"data": [{"id": "deca54a6651fb9add5b4a9816cfa9653", "number": "2029181340", "date": "2021-01-21 18:51:00", "subject": "3", "recorded-or-robo": "N", "city": "Waldorf", "state": "MD", "area-code": "301"}, {"id": "e81c9350d54f66c6d33b3747ee65a247", "number": "2489221209", "date": "2021-01-22 10:16:00", "subject": "2", "recorded-or-robo": "N", "city": "", "state": "MI", "area-code": "248"}, {"id": "deca54a6651fb9add5b4a9816cfa9029", "number": "2489221209", "date": "2021-01-22 10:16:00", "subject": "2", "recorded-or-robo": "N", "city": "", "state": "MI", "area-code": "248"}, {"id": "e81c9350d54f66c6d33b3747eea15e8e", "number": "9898354656", "date": "2021-01-22 19:08:24", "subject": "3", "recorded-or-robo": "Y", "city": "", "state": "MI", "area-code": "989"}, {"id": "e81c9350d54f66c6d33b3747ee6592e6", "number": "5053995645", "date": "2021-01-22 02:25:00", "subject": "2", "recorded-or-robo": "Y", "city": "albuquerque", "state": "NM", "area-code": "505"}, {"id": "deca54a6651fb9add5b4a9816cfa81de", "number": "5053995645", "date": "2021-01-22 02:25:00", "subject": "2", "recorded-or-robo": "Y", "city": "albuquerque", "state": "NM", "area-code": "505"}, {"id": "1d36742e3f24f50e4e7ae82801363f99", "number": "9898354656", "date": "2021-01-22 19:08:24", "subject": "3", "recorded-or-robo": "Y", "city": "", "state": "MI", "area-code": "989"}, {"id": "e81c9350d54f66c6d33b3747ee658688", "number": "9156806805", "date": "2021-01-22 11:00:00", "subject": "2", "recorded-or-robo": "N", "city": "ALLEN", "state": "TX", "area-code": "972"}, {"id": "deca54a6651fb9add5b4a9816cfa803f", "number": "9156806805", "date": "2021-01-22 11:00:00", "subject": "2", "recorded-or-robo": "N", "city": "ALLEN", "state": "TX", "area-code": "972"}, {"id": "e81c9350d54f66c6d33b3747ee657b2d", "number": "3032561031", "date": "2021-01-22 18:03:00", "subject": "2", "recorded-or-robo": "", "city": "Mt.zion", "state": "IL", "area-code": "217"}, {"id": "deca54a6651fb9add5b4a9816cfa7e77", "number": "3032561031", "date": "2021-01-22 18:03:00", "subject": "2", "recorded-or-robo": "", "city": "Mt.zion", "state": "IL", "area-code": "217"}, {"id": "e81c9350d54f66c6d33b3747ee656f91", "number": "3025157529", "date": "2021-01-22 10:35:00", "subject": "2", "recorded-or-robo": "N", "city": "", "state": "CA", "area-code": "909"}, {"id": "deca54a6651fb9add5b4a9816cfa7c46", "number": "3025157529", "date": "2021-01-22 10:35:00", "subject": "2", "recorded-or-robo": "N", "city": "", "state": "CA", "area-code": "909"}, {"id": "e81c9350d54f66c6d33b3747eea20fed", "number": "+17049800501", "date": "2021-01-22 19:08:02", "subject": "3", "recorded-or-robo": "Y", "city": "", "state": "NC", "area-code": "704"}, {"id": "1d36742e3f24f50e4e7ae8280136ddc0", "number": "+17049800501", "date": "2021-01-22 19:08:02", "subject": "3", "recorded-or-robo": "Y", "city": "", "state": "NC", "area-code": "704"}, {"id": "e81c9350d54f66c6d33b3747ee6566b0", "number": "3134793913", "date": "2021-01-22 16:35:00", "subject": "0", "recorded-or-robo": "Y", "city": "ALLEN PARK", "state": "MI", "area-code": "313"}, {"id": "deca54a6651fb9add5b4a9816cfa79af", "number": "3134793913", "date": "2021-01-22 16:35:00", "subject": "0", "recorded-or-robo": "Y", "city": "ALLEN PARK", "state": "MI", "area-code": "313"}, {"id": "e81c9350d54f66c6d33b3747ee65643c", "number": "3013100131", "date": "2021-01-22 17:17:00", "subject": "0", "recorded-or-robo": "Y", "city": "Fort  Washington", "state": "MD", "area-code": "301"}, {"id": "deca54a6651fb9add5b4a9816cfa756b", "number": "3013100131", "date": "2021-01-22 17:17:00", "subject": "0", "recorded-or-robo": "Y", "city": "Fort  Washington", "state": "MD", "area-code": "301"}, {"id": "e81c9350d54f66c6d33b3747ee655991", "number": "9292862602", "date": "2021-01-22 17:51:00", "subject": "4", "recorded-or-robo": "N", "city": "Nashville", "state": "TN", "area-code": "262"}, {"id": "deca54a6651fb9add5b4a9816cfa6d75", "number": "9292862602", "date": "2021-01-22 17:51:00", "subject": "4", "recorded-or-robo": "N", "city": "Nashville", "state": "TN", "area-code": "262"}, {"id": "e81c9350d54f66c6d33b3747ee655780", "number": "3016451778", "date": "2021-01-21 15:42:00", "subject": "3", "recorded-or-robo": "N", "city": "Waldorf", "state": "MD", "area-code": "301"}, {"id": "deca54a6651fb9add5b4a9816cfa68a7", "number": "3016451778", "date": "2021-01-21 15:42:00", "subject": "3", "recorded-or-robo": "N", "city": "Waldorf", "state": "MD", "area-code": "301"}, {"id": "e81c9350d54f66c6d33b3747eea1e77b", "number": "+17028259090", "date": "2021-01-22 19:07:47", "subject": "3", "recorded-or-robo": "Y", "city": "", "state": "CA", "area-code": "818"}, {"id": "1d36742e3f24f50e4e7ae8280136b92d", "number": "+17028259090", "date": "2021-01-22 19:07:47", "subject": "3", "recorded-or-robo": "Y", "city": "", "state": "CA", "area-code": "818"}, {"id": "e81c9350d54f66c6d33b3747ee6547e8", "number": "7344340710", "date": "2021-01-22 03:30:00", "subject": "2", "recorded-or-robo": "", "city": "Rowlett", "state": "TX", "area-code": "214"}, {"id": "deca54a6651fb9add5b4a9816cfa5d05", "number": "7344340710", "date": "2021-01-22 03:30:00", "subject": "2", "recorded-or-robo": "", "city": "Rowlett", "state": "TX", "area-code": "214"}, {"id": "e81c9350d54f66c6d33b3747ee654374", "number": "3048099661", "date": "2021-01-22 15:48:00", "subject": "2", "recorded-or-robo": "", "city": "MEDFORD", "state": "OR", "area-code": "541"}, {"id": "deca54a6651fb9add5b4a9816cfa533b", "number": "3048099661", "date": "2021-01-22 15:48:00", "subject": "2", "recorded-or-robo": "", "city": "MEDFORD", "state": "OR", "area-code": "541"}, {"id": "e81c9350d54f66c6d33b3747ee653bf7", "number": "4434874577", "date": "2021-01-21 10:54:00", "subject": "8", "recorded-or-robo": "Y", "city": "Springfield", "state": "OR", "area-code": "541"}, {"id": "deca54a6651fb9add5b4a9816cfa52fd", "number": "4434874577", "date": "2021-01-21 10:54:00", "subject": "8", "recorded-or-robo": "Y", "city": "Springfield", "state": "OR", "area-code": "541"}, {"id": "e81c9350d54f66c6d33b3747ee6530ce", "number": "8449741793", "date": "2021-01-22 12:00:00", "subject": "1", "recorded-or-robo": "Y", "city": "Salem", "state": "OR", "area-code": "503"}, {"id": "deca54a6651fb9add5b4a9816cfa45e1", "number": "8449741793", "date": "2021-01-22 12:00:00", "subject": "1", "recorded-or-robo": "Y", "city": "Salem", "state": "OR", "area-code": "503"}, {"id": "e81c9350d54f66c6d33b3747ee6529e6", "number": "7024759456", "date": "2021-01-22 00:00:00", "subject": "3", "recorded-or-robo": "Y", "city": "", "state": "MN", "area-code": "507"}, {"id": "deca54a6651fb9add5b4a9816cfa4127", "number": "7024759456", "date": "2021-01-22 00:00:00", "subject": "3", "recorded-or-robo": "Y", "city": "", "state": "MN", "area-code": "507"}, {"id": "e81c9350d54f66c6d33b3747ee651c2f", "number": "9096678947", "date": "2021-01-22 15:51:00", "subject": "2", "recorded-or-robo": "N", "city": "", "state": "CA", "area-code": "909"}, {"id": "deca54a6651fb9add5b4a9816cfa3b73", "number": "9096678947", "date": "2021-01-22 15:51:00", "subject": "2", "recorded-or-robo": "N", "city": "", "state": "CA", "area-code": "909"}, {"id": "e81c9350d54f66c6d33b3747ee65173b", "number": "7744701800", "date": "2021-01-21 16:39:00", "subject": "3", "recorded-or-robo": "Y", "city": "", "state": "UT", "area-code": "801"}, {"id": "deca54a6651fb9add5b4a9816cfa2d46", "number": "7744701800", "date": "2021-01-21 16:39:00", "subject": "3", "recorded-or-robo": "Y", "city": "", "state": "UT", "area-code": "801"}, {"id": "e81c9350d54f66c6d33b3747eea21cb4", "number": "7035964501", "date": "2021-01-22 19:07:13", "subject": "3", "recorded-or-robo": "N", "city": "", "state": "VA", "area-code": "703"}, {"id": "1d36742e3f24f50e4e7ae8280136ec3c", "number": "7035964501", "date": "2021-01-22 19:07:13", "subject": "3", "recorded-or-robo": "N", "city": "", "state": "VA", "area-code": "703"}, {"id": "e81c9350d54f66c6d33b3747ee6516db", "number": "3152328257", "date": "2021-01-22 12:00:00", "subject": "1", "recorded-or-robo": "Y", "city": "Saint Peters", "state": "MO", "area-code": "636"}, {"id": "deca54a6651fb9add5b4a9816cfa200e", "number": "3152328257", "date": "2021-01-22 12:00:00", "subject": "1", "recorded-or-robo": "Y", "city": "Saint Peters", "state": "MO", "area-code": "636"}, {"id": "e81c9350d54f66c6d33b3747eea18348", "number": "+19543629453", "date": "2021-01-22 19:07:10", "subject": "3", "recorded-or-robo": "N", "city": "", "state": "FL", "area-code": "561"}, {"id": "1d36742e3f24f50e4e7ae828013667e2", "number": "+19543629453", "date": "2021-01-22 19:07:10", "subject": "3", "recorded-or-robo": "N", "city": "", "state": "FL", "area-code": "561"}, {"id": "e81c9350d54f66c6d33b3747ee65136c", "number": "9372203861", "date": "2021-01-22 18:21:00", "subject": "4", "recorded-or-robo": "Y", "city": "", "state": "OH", "area-code": "216"}, {"id": "deca54a6651fb9add5b4a9816cfa18f4", "number": "9372203861", "date": "2021-01-22 18:21:00", "subject": "4", "recorded-or-robo": "Y", "city": "", "state": "OH", "area-code": "216"}, {"id": "e81c9350d54f66c6d33b3747ee650a00", "number": "8043523680", "date": "2020-10-31 10:43:00", "subject": "0", "recorded-or-robo": "Y", "city": "Manassas", "state": "VA", "area-code": "703"}, {"id": "deca54a6651fb9add5b4a9816cfa0e25", "number": "8043523680", "date": "2020-10-31 10:43:00", "subject": "0", "recorded-or-robo": "Y", "city": "Manassas", "state": "VA", "area-code": "703"}, {"id": "e81c9350d54f66c6d33b3747ee64fb6c", "number": "8884230900", "date": "2021-01-22 16:36:00", "subject": "4", "recorded-or-robo": "Y", "city": "Fort  Washington", "state": "MD", "area-code": "301"}]}