{"data": [{"id": "1d36742e3f24f50e4e7ae828011aac9b", "number": "9013124033", "date": "2021-01-22 18:37:00", "subject": "2", "recorded-or-robo": "Y", "city": "", "state": "TN", "area-code": "901"}, {"id": "e81c9350d54f66c6d33b3747ee852ccb", "number": "3603128835", "date": "2021-01-22 15:03:00", "subject": "4", "recorded-or-robo": "Y", "city": "", "state": "WA", "area-code": "425"}, {"id": "1d36742e3f24f50e4e7ae828011aa44b", "number": "3603128835", "date": "2021-01-22 15:03:00", "subject": "4", "recorded-or-robo": "Y", "city": "", "state": "WA", "area-code": "425"}, {"id": "e81c9350d54f66c6d33b3747eeae0afa", "number": "+17275131084", "date": "2021-01-22 20:46:59", "subject": "3", "recorded-or-robo": "Y", "city": "", "state": "FL", "area-code": "727"}, {"id": "1d36742e3f24f50e4e7ae8280142a23c", "number": "+17275131084", "date": "2021-01-22 20:46:59", "subject": "3", "recorded-or-robo": "Y", "city": "", "state": "FL", "area-code": "727"}, {"id": "e81c9350d54f66c6d33b3747ee851dcc", "number": "5097962460", "date": "2021-01-21 16:00:00", "subject": "11", "recorded-or-robo": "Y", "city": "Spokane", "state": "WA", "area-code": "509"}, {"id": "1d36742e3f24f50e4e7ae828011a9a6f", "number": "5097962460", "date": "2021-01-21 16:00:00", "subject": "11", "recorded-or-robo": "Y", "city": "Spokane", "state": "WA", "area-code": "509"}, {"id": "e81c9350d54f66c6d33b3747eeadc369", "number": "8598180951", "date": "2021-01-22 20:46:41", "subject": "3", "recorded-or-robo": "Y", "city": "", "state": "GA", "area-code": "404"}, {"id": "e81c9350d54f66c6d33b3747ee851d3f", "number": "8173966065", "date": "2021-01-22 09:24:00", "subject": "3", "recorded-or-robo": "Y", "city": "garland", "state": "TX", "area-code": "972"}, {"id": "1d36742e3f24f50e4e7ae82801426673", "number": "8598180951", "date": "2021-01-22 20:46:41", "subject": "3", "recorded-or-robo": "Y", "city": "", "state": "GA", "area-code": "404"}, {"id": "1d36742e3f24f50e4e7ae828011a90e5", "number": "8173966065", "date": "2021-01-22 09:24:00", "subject": "3", "recorded-or-robo": "Y", "city": "garland", "state": "TX", "area-code": "972"}, {"id": "e81c9350d54f66c6d33b3747ee851ab9", "number": "", "date": "2021-01-22 19:42:00", "subject": "11", "recorded-or-robo": "Y", "city": "Saint Louis", "state": "MO", "area-code": "314"}, {"id": "1d36742e3f24f50e4e7ae828011a8ad3", "number": "", "date": "2021-01-22 19:42:00", "subject": "11", "recorded-or-robo": "Y", "city": "Saint Louis", "state": "MO", "area-code": "314"}, {"id": "e81c9350d54f66c6d33b3747ee850f89", "number": "7634333743", "date": "2021-01-22 19:30:00", "subject": "9", "recorded-or-robo": "Y", "city": "", "state": "MN", "area-code": "952"}, {"id": "1d36742e3f24f50e4e7ae828011a7e6c", "number": "7634333743", "date": "2021-01-22 19:30:00", "subject": "9", "recorded-or-robo": "Y", "city": "", "state": "MN", "area-code": "952"}, {"id": "e81c9350d54f66c6d33b3747eead4e2b", "number": "+18135409336", "date": "2021-01-22 20:46:07", "subject": "3", "recorded-or-robo": "Y", "city": "", "state": "FL", "area-code": "813"}, {"id": "1d36742e3f24f50e4e7ae82801420452", "number": "+18135409336", "date": "2021-01-22 20:46:07", "subject": "3", "recorded-or-robo": "Y", "city": "", "state": "FL", "area-code": "813"}, {"id": "e81c9350d54f66c6d33b3747eeae0e09", "number": "+17136504212", "date": "2021-01-22 20:46:03", "subject": "3", "recorded-or-robo": "Y", "city": "", "state": "TX", "area-code": "713"}, {"id": "1d36742e3f24f50e4e7ae8280142afd6", "number": "+17136504212", "date": "2021-01-22 20:46:03", "subject": "3", "recorded-or-robo": "Y", "city": "", "state": "TX", "area-code": "713"}, {"id": "e81c9350d54f66c6d33b3747ee850384", "number": "8056008059", "date": "2021-01-22 13:25:00", "subject": "2", "recorded-or-robo": "Y", "city": "", "state": "CA", "area-code": "805"}, {"id": "1d36742e3f24f50e4e7ae828011a71b8", "number": "8056008059", "date": "2021-01-22 13:25:00", "subject": "2", "recorded-or-robo": "Y", "city": "", "state": "CA", "area-code": "805"}, {"id": "e81c9350d54f66c6d33b3747eeadf147", "number": "6198240364", "date": "2021-01-22 20:45:58", "subject": "3", "recorded-or-robo": "Y", "city": "", "state": "TX", "area-code": "682"}, {"id": "1d36742e3f24f50e4e7ae828014292d0", "number": "6198240364", "date": "2021-01-22 20:45:58", "subject": "3", "recorded-or-robo": "Y", "city": "", "state": "TX", "area-code": "682"}, {"id": "e81c9350d54f66c6d33b3747eead8d4e", "number": "+18559598491", "date": "2021-01-22 20:45:52", "subject": "3", "recorded-or-robo": "Y", "city": "", "state": "AZ", "area-code": "480"}, {"id": "1d36742e3f24f50e4e7ae828014240b1", "number": "+18559598491", "date": "2021-01-22 20:45:52", "subject": "3", "recorded-or-robo": "Y", "city": "", "state": "AZ", "area-code": "480"}, {"id": "e81c9350d54f66c6d33b3747eead6a51", "number": "8174768650", "date": "2021-01-22 20:45:51", "subject": "3", "recorded-or-robo": "Y", "city": "", "state": "TX", "area-code": "817"}, {"id": "e81c9350d54f66c6d33b3747ee8502d5", "number": "7754389277", "date": "2021-01-22 10:02:00", "subject": "0", "recorded-or-robo": "Y", "city": "", "state": "CA", "area-code": "323"}, {"id": "1d36742e3f24f50e4e7ae82801422cc7", "number": "8174768650", "date": "2021-01-22 20:45:51", "subject": "3", "recorded-or-robo": "Y", "city": "", "state": "TX", "area-code": "817"}, {"id": "1d36742e3f24f50e4e7ae828011a6602", "number": "7754389277", "date": "2021-01-22 10:02:00", "subject": "0", "recorded-or-robo": "Y", "city": "", "state": "CA", "area-code": "323"}, {"id": "e81c9350d54f66c6d33b3747ee84f6e9", "number": "3538042642", "date": "2021-01-22 19:01:00", "subject": "3", "recorded-or-robo": "Y", "city": "", "state": "KY", "area-code": "502"}, {"id": "1d36742e3f24f50e4e7ae828011a5f98", "number": "3538042642", "date": "2021-01-22 19:01:00", "subject": "3", "recorded-or-robo": "Y", "city": "", "state": "KY", "area-code": "502"}, {"id": "e81c9350d54f66c6d33b3747eeae1b49", "number": "+19105935417", "date": "2021-01-22 20:45:47", "subject": "3", "recorded-or-robo": "Y", "city": "", "state": "NC", "area-code": "910"}, {"id": "e81c9350d54f66c6d33b3747ee84e805", "number": "9722783905", "date": "2021-01-22 08:49:00", "subject": "3", "recorded-or-robo": "Y", "city": "garland", "state": "TX", "area-code": "972"}, {"id": "1d36742e3f24f50e4e7ae8280142beca", "number": "+19105935417", "date": "2021-01-22 20:45:47", "subject": "3", "recorded-or-robo": "Y", "city": "", "state": "NC", "area-code": "910"}, {"id": "1d36742e3f24f50e4e7ae828011a5e46", "number": "9722783905", "date": "2021-01-22 08:49:00", "subject": "3", "recorded-or-robo": "Y", "city": "garland", "state": "TX", "area-code": "972"}, {"id": "e81c9350d54f66c6d33b3747eead7d57", "number": "+17146212095", "date": "2021-01-22 20:45:39", "subject": "3", "recorded-or-robo": "Y", "city": "", "state": "CA", "area-code": "619"}, {"id": "1d36742e3f24f50e4e7ae828014237bc", "number": "+17146212095", "date": "2021-01-22 20:45:39", "subject": "3", "recorded-or-robo": "Y", "city": "", "state": "CA", "area-code": "619"}, {"id": "e81c9350d54f66c6d33b3747ee84e48f", "number": "8332337388", "date": "2021-01-14 09:14:00", "subject": "2", "recorded-or-robo": "Y", "city": "Detroit", "state": "MI", "area-code": "313"}, {"id": "1d36742e3f24f50e4e7ae828011a526e", "number": "8332337388", "date": "2021-01-14 09:14:00", "subject": "2", "recorded-or-robo": "Y", "city": "Detroit", "state": "MI", "area-code": "313"}, {"id": "e81c9350d54f66c6d33b3747ee84dc35", "number": "6317297512", "date": "2021-01-20 10:53:00", "subject": "2", "recorded-or-robo": "Y", "city": "TAMPA", "state": "FL", "area-code": "813"}, {"id": "1d36742e3f24f50e4e7ae828011a49c0", "number": "6317297512", "date": "2021-01-20 10:53:00", "subject": "2", "recorded-or-robo": "Y", "city": "TAMPA", "state": "FL", "area-code": "813"}, {"id": "e81c9350d54f66c6d33b3747ee847d82", "number": "2104313727", "date": "2021-01-22 19:38:00", "subject": "3", "recorded-or-robo": "", "city": "", "state": "TX", "area-code": "210"}, {"id": "1d36742e3f24f50e4e7ae828011a04e8", "number": "2104313727", "date": "2021-01-22 19:38:00", "subject": "3", "recorded-or-robo": "", "city": "", "state": "TX", "area-code": "210"}, {"id": "e81c9350d54f66c6d33b3747ee84cc62", "number": "5809705316", "date": "2021-01-22 19:42:00", "subject": "13", "recorded-or-robo": "Y", "city": "Oklahoma City", "state": "OK", "area-code": "405"}, {"id": "1d36742e3f24f50e4e7ae828011a446d", "number": "5809705316", "date": "2021-01-22 19:42:00", "subject": "13", "recorded-or-robo": "Y", "city": "Oklahoma City", "state": "OK", "area-code": "405"}, {"id": "e81c9350d54f66c6d33b3747ee84c479", "number": "", "date": "2021-01-22 20:21:00", "subject": "0", "recorded-or-robo": "Y", "city": "SEYMOUR", "state": "TN", "area-code": "865"}, {"id": "e81c9350d54f66c6d33b3747ee84c392", "number": "6263092939", "date": "2021-01-22 17:30:00", "subject": "7", "recorded-or-robo": "Y", "city": "MOnterey Park", "state": "CA", "area-code": "626"}, {"id": "1d36742e3f24f50e4e7ae828011a387d", "number": "", "date": "2021-01-22 20:21:00", "subject": "0", "recorded-or-robo": "Y", "city": "SEYMOUR", "state": "TN", "area-code": "865"}, {"id": "1d36742e3f24f50e4e7ae828011a35e9", "number": "6263092939", "date": "2021-01-22 17:30:00", "subject": "7", "recorded-or-robo": "Y", "city": "MOnterey Park", "state": "CA", "area-code": "626"}, {"id": "e81c9350d54f66c6d33b3747eeada8f3", "number": "9705533044", "date": "2021-01-22 20:44:56", "subject": "3", "recorded-or-robo": "Y", "city": "", "state": "CO", "area-code": "970"}]}