{"data": [{"id": "e81c9350d54f66c6d33b3747ee31e492", "number": "5123212298", "date": "2021-01-22 11:49:00", "subject": "2", "recorded-or-robo": "Y", "city": "austin", "state": "TX", "area-code": "512"}, {"id": "deca54a6651fb9add5b4a9816cc6be8c", "number": "4807884105", "date": "2021-01-22 00:00:00", "subject": "5", "recorded-or-robo": "Y", "city": "", "state": "AZ", "area-code": "480"}, {"id": "deca54a6651fb9add5b4a9816cc6b9ee", "number": "5123212298", "date": "2021-01-22 11:49:00", "subject": "2", "recorded-or-robo": "Y", "city": "austin", "state": "TX", "area-code": "512"}, {"id": "e81c9350d54f66c6d33b3747ee9c7ea1", "number": "8183373451", "date": "2021-01-22 18:26:49", "subject": "3", "recorded-or-robo": "Y", "city": "", "state": "CA", "area-code": "626"}, {"id": "1d36742e3f24f50e4e7ae8280131b58b", "number": "8183373451", "date": "2021-01-22 18:26:49", "subject": "3", "recorded-or-robo": "Y", "city": "", "state": "CA", "area-code": "626"}, {"id": "e81c9350d54f66c6d33b3747ee31db1d", "number": "", "date": "2021-01-22 16:14:00", "subject": "1", "recorded-or-robo": "Y", "city": "Murray", "state": "UT", "area-code": "801"}, {"id": "deca54a6651fb9add5b4a9816cc6b352", "number": "", "date": "2021-01-22 16:14:00", "subject": "1", "recorded-or-robo": "Y", "city": "Murray", "state": "UT", "area-code": "801"}, {"id": "e81c9350d54f66c6d33b3747ee31d9cc", "number": "8004767293", "date": "2021-01-22 12:12:00", "subject": "2", "recorded-or-robo": "Y", "city": "Plainsboro", "state": "NJ", "area-code": "609"}, {"id": "deca54a6651fb9add5b4a9816cc6aedc", "number": "8004767293", "date": "2021-01-22 12:12:00", "subject": "2", "recorded-or-robo": "Y", "city": "Plainsboro", "state": "NJ", "area-code": "609"}, {"id": "e81c9350d54f66c6d33b3747ee3145a0", "number": "5408798992", "date": "2021-01-22 17:15:00", "subject": "3", "recorded-or-robo": "N", "city": "", "state": "VA", "area-code": "540"}, {"id": "deca54a6651fb9add5b4a9816cc608f7", "number": "5408798992", "date": "2021-01-22 17:15:00", "subject": "3", "recorded-or-robo": "N", "city": "", "state": "VA", "area-code": "540"}, {"id": "e81c9350d54f66c6d33b3747ee31cdd8", "number": "3202013755", "date": "2021-01-22 13:17:00", "subject": "2", "recorded-or-robo": "N", "city": "Farmington", "state": "MN", "area-code": "651"}, {"id": "deca54a6651fb9add5b4a9816cc6ace9", "number": "3202013755", "date": "2021-01-22 13:17:00", "subject": "2", "recorded-or-robo": "N", "city": "Farmington", "state": "MN", "area-code": "651"}, {"id": "e81c9350d54f66c6d33b3747ee31c76f", "number": "4058770647", "date": "2021-01-22 11:00:00", "subject": "8", "recorded-or-robo": "Y", "city": "", "state": "OK", "area-code": "405"}, {"id": "deca54a6651fb9add5b4a9816cc69e7b", "number": "4058770647", "date": "2021-01-22 11:00:00", "subject": "8", "recorded-or-robo": "Y", "city": "", "state": "OK", "area-code": "405"}, {"id": "e81c9350d54f66c6d33b3747ee31c34a", "number": "", "date": "2021-01-20 14:34:00", "subject": "0", "recorded-or-robo": "Y", "city": "Old Bridge", "state": "NJ", "area-code": "973"}, {"id": "deca54a6651fb9add5b4a9816cc6977a", "number": "", "date": "2021-01-20 14:34:00", "subject": "0", "recorded-or-robo": "Y", "city": "Old Bridge", "state": "NJ", "area-code": "973"}, {"id": "e81c9350d54f66c6d33b3747ee31b54e", "number": "2142405746", "date": "2021-01-22 17:02:00", "subject": "1", "recorded-or-robo": "Y", "city": "Frisco", "state": "TX", "area-code": "214"}, {"id": "deca54a6651fb9add5b4a9816cc69088", "number": "2142405746", "date": "2021-01-22 17:02:00", "subject": "1", "recorded-or-robo": "Y", "city": "Frisco", "state": "TX", "area-code": "214"}, {"id": "e81c9350d54f66c6d33b3747ee9cabbb", "number": "+16148463691", "date": "2021-01-22 18:26:24", "subject": "3", "recorded-or-robo": "Y", "city": "", "state": "OH", "area-code": "614"}, {"id": "1d36742e3f24f50e4e7ae8280131da40", "number": "+16148463691", "date": "2021-01-22 18:26:24", "subject": "3", "recorded-or-robo": "Y", "city": "", "state": "OH", "area-code": "614"}, {"id": "e81c9350d54f66c6d33b3747ee31adea", "number": "4156695685", "date": "2021-01-20 19:23:00", "subject": "0", "recorded-or-robo": "Y", "city": "Manlius", "state": "NY", "area-code": "315"}, {"id": "deca54a6651fb9add5b4a9816cc69085", "number": "4156695685", "date": "2021-01-20 19:23:00", "subject": "0", "recorded-or-robo": "Y", "city": "Manlius", "state": "NY", "area-code": "315"}, {"id": "e81c9350d54f66c6d33b3747ee9c951e", "number": "+19562508488", "date": "2021-01-22 18:26:16", "subject": "3", "recorded-or-robo": "Y", "city": "", "state": "TX", "area-code": "956"}, {"id": "1d36742e3f24f50e4e7ae8280131c74b", "number": "+19562508488", "date": "2021-01-22 18:26:16", "subject": "3", "recorded-or-robo": "Y", "city": "", "state": "TX", "area-code": "956"}, {"id": "e81c9350d54f66c6d33b3747ee31a990", "number": "5613696375", "date": "2021-01-22 17:29:00", "subject": "4", "recorded-or-robo": "N", "city": "Bradenton", "state": "FL", "area-code": "941"}, {"id": "deca54a6651fb9add5b4a9816cc68cb8", "number": "5613696375", "date": "2021-01-22 17:29:00", "subject": "4", "recorded-or-robo": "N", "city": "Bradenton", "state": "FL", "area-code": "941"}, {"id": "e81c9350d54f66c6d33b3747ee31a1c3", "number": "8048936156", "date": "2021-01-22 16:14:00", "subject": "0", "recorded-or-robo": "Y", "city": "Vienna", "state": "VA", "area-code": "703"}, {"id": "deca54a6651fb9add5b4a9816cc6891d", "number": "8048936156", "date": "2021-01-22 16:14:00", "subject": "0", "recorded-or-robo": "Y", "city": "Vienna", "state": "VA", "area-code": "703"}, {"id": "e81c9350d54f66c6d33b3747ee319d77", "number": "8006423780", "date": "2021-01-22 11:00:00", "subject": "3", "recorded-or-robo": "Y", "city": "", "state": "NJ", "area-code": "609"}, {"id": "deca54a6651fb9add5b4a9816cc68347", "number": "8006423780", "date": "2021-01-22 11:00:00", "subject": "3", "recorded-or-robo": "Y", "city": "", "state": "NJ", "area-code": "609"}, {"id": "e81c9350d54f66c6d33b3747ee3192d0", "number": "5592021870", "date": "2021-01-22 00:00:00", "subject": "3", "recorded-or-robo": "", "city": "", "state": "CA", "area-code": "760"}, {"id": "deca54a6651fb9add5b4a9816cc6797a", "number": "5592021870", "date": "2021-01-22 00:00:00", "subject": "3", "recorded-or-robo": "", "city": "", "state": "CA", "area-code": "760"}, {"id": "e81c9350d54f66c6d33b3747ee3190c0", "number": "6073062447", "date": "2021-01-22 15:50:00", "subject": "4", "recorded-or-robo": "Y", "city": "Cincinnatus", "state": "NY", "area-code": "607"}, {"id": "deca54a6651fb9add5b4a9816cc66a8a", "number": "6073062447", "date": "2021-01-22 15:50:00", "subject": "4", "recorded-or-robo": "Y", "city": "Cincinnatus", "state": "NY", "area-code": "607"}, {"id": "e81c9350d54f66c6d33b3747ee318d4c", "number": "5592706194", "date": "2021-01-21 12:34:00", "subject": "2", "recorded-or-robo": "Y", "city": "Clovis", "state": "CA", "area-code": "559"}, {"id": "deca54a6651fb9add5b4a9816cc65e1f", "number": "5592706194", "date": "2021-01-21 12:34:00", "subject": "2", "recorded-or-robo": "Y", "city": "Clovis", "state": "CA", "area-code": "559"}, {"id": "e81c9350d54f66c6d33b3747ee31863e", "number": "8449741793", "date": "2021-01-22 13:56:00", "subject": "2", "recorded-or-robo": "Y", "city": "Concord", "state": "NC", "area-code": "704"}, {"id": "deca54a6651fb9add5b4a9816cc64c15", "number": "8449741793", "date": "2021-01-22 13:56:00", "subject": "2", "recorded-or-robo": "Y", "city": "Concord", "state": "NC", "area-code": "704"}, {"id": "e81c9350d54f66c6d33b3747ee9cc90d", "number": "+18009143857", "date": "2021-01-22 18:25:54", "subject": "3", "recorded-or-robo": "Y", "city": "", "state": "CA", "area-code": "925"}, {"id": "e81c9350d54f66c6d33b3747ee317e6e", "number": "8013669862", "date": "2021-01-22 16:00:00", "subject": "3", "recorded-or-robo": "", "city": "Provo", "state": "UT", "area-code": "801"}, {"id": "deca54a6651fb9add5b4a9816cc648e2", "number": "8013669862", "date": "2021-01-22 16:00:00", "subject": "3", "recorded-or-robo": "", "city": "Provo", "state": "UT", "area-code": "801"}, {"id": "1d36742e3f24f50e4e7ae8280131e32f", "number": "+18009143857", "date": "2021-01-22 18:25:54", "subject": "3", "recorded-or-robo": "Y", "city": "", "state": "CA", "area-code": "925"}, {"id": "e81c9350d54f66c6d33b3747ee9c9638", "number": "+15029476780", "date": "2021-01-22 18:25:53", "subject": "3", "recorded-or-robo": "Y", "city": "", "state": "KY", "area-code": "502"}, {"id": "e81c9350d54f66c6d33b3747ee317968", "number": "8042076365", "date": "2021-01-22 05:09:00", "subject": "1", "recorded-or-robo": "Y", "city": "", "state": "MI", "area-code": "616"}, {"id": "e81c9350d54f66c6d33b3747ee3170ad", "number": "8332298432", "date": "2021-01-22 10:04:00", "subject": "2", "recorded-or-robo": "Y", "city": "austin", "state": "TX", "area-code": "512"}, {"id": "deca54a6651fb9add5b4a9816cc647e5", "number": "8042076365", "date": "2021-01-22 05:09:00", "subject": "1", "recorded-or-robo": "Y", "city": "", "state": "MI", "area-code": "616"}, {"id": "deca54a6651fb9add5b4a9816cc64439", "number": "8332298432", "date": "2021-01-22 10:04:00", "subject": "2", "recorded-or-robo": "Y", "city": "austin", "state": "TX", "area-code": "512"}, {"id": "1d36742e3f24f50e4e7ae8280131cb2c", "number": "+15029476780", "date": "2021-01-22 18:25:53", "subject": "3", "recorded-or-robo": "Y", "city": "", "state": "KY", "area-code": "502"}, {"id": "e81c9350d54f66c6d33b3747ee316d19", "number": "7088830124", "date": "2021-01-22 17:24:00", "subject": "4", "recorded-or-robo": "Y", "city": "Streator", "state": "IL", "area-code": "815"}]}