{"data": [{"id": "490dde24b259add1335244cd1b192ae6", "number": "5753290682", "date": "2021-01-26 10:58:00", "subject": "0", "recorded-or-robo": "Y", "city": "", "state": "GA", "area-code": "404"}, {"id": "490dde24b259add1335244cd1b19249d", "number": "3049185066", "date": "2021-01-26 10:58:00", "subject": "4", "recorded-or-robo": "Y", "city": "", "state": "WV", "area-code": "304"}, {"id": "490dde24b259add1335244cd1b1918d5", "number": "4402093387", "date": "2021-01-26 00:00:00", "subject": "13", "recorded-or-robo": "Y", "city": "", "state": "MD", "area-code": "301"}, {"id": "490dde24b259add1335244cd1b191377", "number": "5855043857", "date": "2021-01-26 10:45:00", "subject": "2", "recorded-or-robo": "Y", "city": "Clayton", "state": "NY", "area-code": "315"}, {"id": "490dde24b259add1335244cd1b190f28", "number": "3175630256", "date": "2021-01-26 09:07:00", "subject": "6", "recorded-or-robo": "N", "city": "Indianapolis", "state": "IN", "area-code": "317"}, {"id": "490dde24b259add1335244cd1b190e32", "number": "", "date": "2021-01-26 07:26:00", "subject": "1", "recorded-or-robo": "Y", "city": "vista", "state": "CA", "area-code": "760"}, {"id": "490dde24b259add1335244cd1b190d31", "number": "8333041447", "date": "2021-01-26 09:21:00", "subject": "4", "recorded-or-robo": "Y", "city": "Broken Arrow", "state": "OK", "area-code": "918"}, {"id": "490dde24b259add1335244cd1b190948", "number": "2178338077", "date": "2021-01-26 09:43:00", "subject": "5", "recorded-or-robo": "Y", "city": "Lake Forest", "state": "IL", "area-code": "312"}, {"id": "490dde24b259add1335244cd1b190260", "number": "9891634805", "date": "2021-01-25 19:53:00", "subject": "5", "recorded-or-robo": "N", "city": "Saginaw", "state": "MI", "area-code": "989"}, {"id": "490dde24b259add1335244cd1b18fcbf", "number": "2096212908", "date": "2021-01-25 08:30:00", "subject": "2", "recorded-or-robo": "N", "city": "Ca", "state": "CA", "area-code": "925"}, {"id": "490dde24b259add1335244cd1b18f667", "number": "6103982923", "date": "2021-01-26 10:55:00", "subject": "0", "recorded-or-robo": "N", "city": "", "state": "PA", "area-code": "610"}, {"id": "490dde24b259add1335244cd1b18f04b", "number": "7038445078", "date": "2021-01-26 10:56:00", "subject": "4", "recorded-or-robo": "Y", "city": "Alexandria", "state": "VA", "area-code": "703"}, {"id": "490dde24b259add1335244cd1b18e353", "number": "7062675843", "date": "2021-01-26 09:08:00", "subject": "4", "recorded-or-robo": "Y", "city": "Appling", "state": "GA", "area-code": "706"}, {"id": "490dde24b259add1335244cd1b18d3ee", "number": "9208282077", "date": "2021-01-26 09:49:00", "subject": "2", "recorded-or-robo": "N", "city": "", "state": "WI", "area-code": "920"}, {"id": "490dde24b259add1335244cd1b18c6d2", "number": "9135578447", "date": "2021-01-26 09:39:00", "subject": "4", "recorded-or-robo": "Y", "city": "", "state": "KS", "area-code": "913"}, {"id": "490dde24b259add1335244cd1b18b7d5", "number": "8176638317", "date": "2021-01-26 09:17:00", "subject": "4", "recorded-or-robo": "Y", "city": "", "state": "TX", "area-code": "817"}, {"id": "490dde24b259add1335244cd1b183a7f", "number": "", "date": "2021-01-26 09:40:00", "subject": "3", "recorded-or-robo": "N", "city": "", "state": "NY", "area-code": "631"}, {"id": "490dde24b259add1335244cd1b18a896", "number": "3202384499", "date": "2021-01-26 08:45:00", "subject": "1", "recorded-or-robo": "Y", "city": "Orem", "state": "UT", "area-code": "801"}, {"id": "490dde24b259add1335244cd1b1899b8", "number": "4708750825", "date": "2021-01-26 10:54:00", "subject": "0", "recorded-or-robo": "Y", "city": "Woodstock", "state": "GA", "area-code": "770"}, {"id": "490dde24b259add1335244cd1b1894d4", "number": "2149241214", "date": "2021-01-26 09:00:00", "subject": "1", "recorded-or-robo": "Y", "city": "allen", "state": "TX", "area-code": "214"}, {"id": "490dde24b259add1335244cd1b18885a", "number": "3233803392", "date": "2021-01-25 14:54:00", "subject": "3", "recorded-or-robo": "Y", "city": "", "state": "CA", "area-code": "951"}, {"id": "490dde24b259add1335244cd1b188622", "number": "", "date": "2021-01-26 10:52:00", "subject": "3", "recorded-or-robo": "Y", "city": "", "state": "WV", "area-code": "304"}, {"id": "490dde24b259add1335244cd1b187d45", "number": "5312012953", "date": "2021-01-25 17:45:00", "subject": "2", "recorded-or-robo": "Y", "city": "", "state": "NE", "area-code": "402"}, {"id": "490dde24b259add1335244cd1b186f84", "number": "5635622527", "date": "2021-01-26 00:00:00", "subject": "3", "recorded-or-robo": "", "city": "", "state": "MD", "area-code": "301"}, {"id": "490dde24b259add1335244cd1b1860bd", "number": "4694813116", "date": "2021-01-26 09:54:00", "subject": "4", "recorded-or-robo": "Y", "city": "Tool", "state": "TX", "area-code": "469"}, {"id": "490dde24b259add1335244cd1b18566d", "number": "3043987569", "date": "2021-01-26 10:51:00", "subject": "2", "recorded-or-robo": "N", "city": "MENTORMentor", "state": "OH", "area-code": "440"}, {"id": "490dde24b259add1335244cd1b18528c", "number": "6108398444", "date": "2021-01-26 10:50:00", "subject": "4", "recorded-or-robo": "N", "city": "Reading", "state": "PA", "area-code": "610"}, {"id": "490dde24b259add1335244cd1b184472", "number": "4787778356", "date": "2021-01-22 16:27:00", "subject": "4", "recorded-or-robo": "Y", "city": "broadway", "state": "NC", "area-code": "919"}, {"id": "490dde24b259add1335244cd1b18431f", "number": "8707083354", "date": "2021-01-26 10:55:00", "subject": "1", "recorded-or-robo": "Y", "city": "Emmitsburg", "state": "MD", "area-code": "240"}, {"id": "490dde24b259add1335244cd1b183155", "number": "", "date": "2021-01-26 10:08:00", "subject": "2", "recorded-or-robo": "Y", "city": "Sunderland", "state": "MD", "area-code": "410"}, {"id": "490dde24b259add1335244cd1b182bf9", "number": "7324810863", "date": "2021-01-26 10:54:00", "subject": "0", "recorded-or-robo": "Y", "city": "Middlesex ave", "state": "NJ", "area-code": "732"}, {"id": "490dde24b259add1335244cd1b181dda", "number": "5015092199", "date": "2021-01-26 10:34:00", "subject": "2", "recorded-or-robo": "Y", "city": "", "state": "NJ", "area-code": "732"}, {"id": "490dde24b259add1335244cd1b1811ce", "number": "2255235282", "date": "2021-01-26 09:52:00", "subject": "2", "recorded-or-robo": "Y", "city": "BATON ROUGE", "state": "LA", "area-code": "225"}, {"id": "490dde24b259add1335244cd1b18078d", "number": "6468121580", "date": "2021-01-25 15:31:00", "subject": "2", "recorded-or-robo": "N", "city": "Orlando", "state": "FL", "area-code": "646"}, {"id": "490dde24b259add1335244cd1b18060c", "number": "3108783214", "date": "2021-01-26 12:00:00", "subject": "2", "recorded-or-robo": "N", "city": "San Marcos", "state": "TX", "area-code": "512"}, {"id": "490dde24b259add1335244cd1b17fbd5", "number": "6672449108", "date": "2021-01-22 11:02:00", "subject": "4", "recorded-or-robo": "N", "city": "Venice", "state": "FL", "area-code": "443"}, {"id": "490dde24b259add1335244cd1b17fa13", "number": "2108982781", "date": "2021-01-24 18:08:00", "subject": "2", "recorded-or-robo": "Y", "city": "Houston", "state": "TX", "area-code": "281"}, {"id": "490dde24b259add1335244cd1b17ee06", "number": "5096778001", "date": "2021-01-26 07:21:00", "subject": "4", "recorded-or-robo": "Y", "city": "Olympia", "state": "WA", "area-code": "206"}, {"id": "490dde24b259add1335244cd1b17e3a1", "number": "9184703441", "date": "2021-01-26 09:54:00", "subject": "2", "recorded-or-robo": "Y", "city": "Mcalester", "state": "OK", "area-code": "918"}, {"id": "490dde24b259add1335244cd1b17d8a4", "number": "8038169388", "date": "2021-01-26 10:55:00", "subject": "4", "recorded-or-robo": "Y", "city": "Elgin", "state": "SC", "area-code": "803"}, {"id": "490dde24b259add1335244cd1b17cc0c", "number": "2147667750", "date": "2021-01-25 05:29:00", "subject": "4", "recorded-or-robo": "Y", "city": "Duluth", "state": "GA", "area-code": "214"}, {"id": "490dde24b259add1335244cd1b17bc5b", "number": "4808661014", "date": "2021-01-26 10:43:00", "subject": "0", "recorded-or-robo": "N", "city": "", "state": "PA", "area-code": "610"}, {"id": "490dde24b259add1335244cd1b17b95a", "number": "3074907860", "date": "2021-01-26 10:52:00", "subject": "3", "recorded-or-robo": "Y", "city": "", "state": "VA", "area-code": "757"}, {"id": "490dde24b259add1335244cd1b17af95", "number": "8599359613", "date": "2021-01-26 10:54:00", "subject": "4", "recorded-or-robo": "Y", "city": "Tampa", "state": "FL", "area-code": "813"}, {"id": "490dde24b259add1335244cd1b17aa89", "number": "", "date": "2021-01-26 12:00:00", "subject": "1", "recorded-or-robo": "N", "city": "Denver", "state": "CO", "area-code": "303"}, {"id": "490dde24b259add1335244cd1b17a588", "number": "2012518047", "date": "2021-01-25 18:00:00", "subject": "5", "recorded-or-robo": "Y", "city": "", "state": "VA", "area-code": "540"}, {"id": "490dde24b259add1335244cd1b17a23e", "number": "7605049352", "date": "2021-01-25 15:56:00", "subject": "9", "recorded-or-robo": "Y", "city": "Eustis", "state": "FL", "area-code": "804"}, {"id": "490dde24b259add1335244cd1b173ff0", "number": "2163076890", "date": "2021-01-26 10:32:00", "subject": "3", "recorded-or-robo": "N", "city": "", "state": "OH", "area-code": "330"}, {"id": "490dde24b259add1335244cd1b179247", "number": "9495705570", "date": "2021-01-26 08:45:00", "subject": "5", "recorded-or-robo": "Y", "city": "mesa", "state": "AZ", "area-code": "602"}, {"id": "490dde24b259add1335244cd1b1791a5", "number": "5027350932", "date": "2021-01-26 10:53:00", "subject": "0", "recorded-or-robo": "Y", "city": "Louisville", "state": "KY", "area-code": "502"}]}