{"data": [{"id": "490dde24b259add1335244cd1b1c48d5", "number": "5127686033", "date": "2021-01-26 09:32:00", "subject": "0", "recorded-or-robo": "N", "city": "Round Rock", "state": "TX", "area-code": "512"}, {"id": "490dde24b259add1335244cd1b1c3a5a", "number": "2399701625", "date": "2021-01-26 10:57:00", "subject": "4", "recorded-or-robo": "Y", "city": "", "state": "FL", "area-code": "239"}, {"id": "490dde24b259add1335244cd1b1c3597", "number": "9512461221", "date": "2021-01-26 06:02:00", "subject": "3", "recorded-or-robo": "", "city": "Sun city", "state": "CA", "area-code": "951"}, {"id": "490dde24b259add1335244cd1b1c2aa9", "number": "6026287155", "date": "2021-01-26 08:42:00", "subject": "4", "recorded-or-robo": "Y", "city": "", "state": "PA", "area-code": "570"}, {"id": "490dde24b259add1335244cd1b1c29ca", "number": "6317553701", "date": "2021-01-26 11:03:00", "subject": "7", "recorded-or-robo": "Y", "city": "Floral Park", "state": "NY", "area-code": "631"}, {"id": "490dde24b259add1335244cd1b1c1cb5", "number": "3025665929", "date": "2021-01-26 10:58:00", "subject": "4", "recorded-or-robo": "Y", "city": "", "state": "NY", "area-code": "646"}, {"id": "490dde24b259add1335244cd1b1c0eda", "number": "6094965736", "date": "2021-01-26 11:03:00", "subject": "4", "recorded-or-robo": "N", "city": "", "state": "NJ", "area-code": "609"}, {"id": "490dde24b259add1335244cd1b1c0175", "number": "2163728310", "date": "2021-01-25 16:08:00", "subject": "5", "recorded-or-robo": "Y", "city": "", "state": "TX", "area-code": "254"}, {"id": "490dde24b259add1335244cd1b1bff18", "number": "5672253759", "date": "2021-01-25 11:09:00", "subject": "3", "recorded-or-robo": "Y", "city": "", "state": "OH", "area-code": "937"}, {"id": "490dde24b259add1335244cd1b1bfc74", "number": "4023805510", "date": "2021-01-25 11:57:00", "subject": "2", "recorded-or-robo": "Y", "city": "", "state": "NE", "area-code": "402"}, {"id": "490dde24b259add1335244cd1b1bec95", "number": "2708043210", "date": "2021-01-26 09:00:00", "subject": "1", "recorded-or-robo": "Y", "city": "Rexburg", "state": "ID", "area-code": "520"}, {"id": "490dde24b259add1335244cd1b1be066", "number": "9402133709", "date": "2021-01-26 09:48:00", "subject": "4", "recorded-or-robo": "Y", "city": "Denton", "state": "TX", "area-code": "940"}, {"id": "490dde24b259add1335244cd1b1bdc47", "number": "9738453530", "date": "2021-01-26 10:08:00", "subject": "2", "recorded-or-robo": "N", "city": "Toms River", "state": "NJ", "area-code": "732"}, {"id": "490dde24b259add1335244cd1b1bd739", "number": "9787070643", "date": "2021-01-21 09:33:00", "subject": "4", "recorded-or-robo": "Y", "city": "", "state": "UT", "area-code": "801"}, {"id": "490dde24b259add1335244cd1b1bcda2", "number": "8607102243", "date": "2021-01-26 10:59:00", "subject": "5", "recorded-or-robo": "Y", "city": "Danielson", "state": "CT", "area-code": "860"}, {"id": "490dde24b259add1335244cd1b1bc93d", "number": "6468570665", "date": "2021-01-25 16:28:00", "subject": "2", "recorded-or-robo": "N", "city": "Orlando", "state": "NY", "area-code": "646"}, {"id": "490dde24b259add1335244cd1b1bc068", "number": "5056086257", "date": "2021-01-26 10:03:00", "subject": "0", "recorded-or-robo": "N", "city": "Texarkana", "state": "TX", "area-code": "903"}, {"id": "490dde24b259add1335244cd1b1bb5df", "number": "4238020219", "date": "2021-01-26 09:37:00", "subject": "0", "recorded-or-robo": "Y", "city": "Chickamauga", "state": "GA", "area-code": "423"}, {"id": "490dde24b259add1335244cd1b1ba730", "number": "5162188497", "date": "2021-01-25 20:15:00", "subject": "2", "recorded-or-robo": "", "city": "Floral Park", "state": "NY", "area-code": "516"}, {"id": "490dde24b259add1335244cd1b1ba23f", "number": "9707611217", "date": "2021-01-26 00:00:00", "subject": "4", "recorded-or-robo": "Y", "city": "", "state": "FL", "area-code": "727"}, {"id": "490dde24b259add1335244cd1b1b96d6", "number": "7543450112", "date": "2021-01-26 06:01:00", "subject": "3", "recorded-or-robo": "Y", "city": "Sun city", "state": "CA", "area-code": "951"}, {"id": "490dde24b259add1335244cd1b1b8b89", "number": "8008652201", "date": "2021-01-26 10:58:00", "subject": "2", "recorded-or-robo": "Y", "city": "NASHUA", "state": "NH", "area-code": "603"}, {"id": "490dde24b259add1335244cd1b1b845d", "number": "7735982818", "date": "2021-01-26 10:00:00", "subject": "4", "recorded-or-robo": "Y", "city": "Assumption", "state": "IL", "area-code": "217"}, {"id": "490dde24b259add1335244cd1b1b7553", "number": "6096230022", "date": "2021-01-25 14:07:00", "subject": "6", "recorded-or-robo": "Y", "city": "", "state": "CT", "area-code": "203"}, {"id": "490dde24b259add1335244cd1b1b725d", "number": "2762998916", "date": "2021-01-26 10:59:00", "subject": "4", "recorded-or-robo": "Y", "city": "", "state": "VA", "area-code": "276"}, {"id": "490dde24b259add1335244cd1b1b6837", "number": "3865909134", "date": "2021-01-26 09:47:00", "subject": "0", "recorded-or-robo": "", "city": "DAYTONA BEACH", "state": "FL", "area-code": "386"}, {"id": "490dde24b259add1335244cd1b1b6062", "number": "7866825874", "date": "2021-01-26 11:00:00", "subject": "5", "recorded-or-robo": "N", "city": "Georgetown", "state": "SC", "area-code": "843"}, {"id": "490dde24b259add1335244cd1b1b53a3", "number": "8302833258", "date": "2021-01-26 10:02:00", "subject": "0", "recorded-or-robo": "N", "city": "Helotes", "state": "TX", "area-code": "210"}, {"id": "490dde24b259add1335244cd1b1b4d3d", "number": "8053087171", "date": "2021-01-26 07:11:00", "subject": "1", "recorded-or-robo": "Y", "city": "", "state": "CA", "area-code": "619"}, {"id": "490dde24b259add1335244cd1b1b41e6", "number": "2188946848", "date": "2021-01-22 18:19:00", "subject": "2", "recorded-or-robo": "Y", "city": "", "state": "MN", "area-code": "763"}, {"id": "490dde24b259add1335244cd1b1b350c", "number": "8032672124", "date": "2021-01-26 10:45:00", "subject": "2", "recorded-or-robo": "Y", "city": "", "state": "TN", "area-code": "423"}, {"id": "490dde24b259add1335244cd1b1b2df1", "number": "3176208109", "date": "2021-01-26 10:26:00", "subject": "6", "recorded-or-robo": "N", "city": "Indianapolis", "state": "IN", "area-code": "317"}, {"id": "490dde24b259add1335244cd1b1b2b52", "number": "8176639085", "date": "2021-01-26 08:28:00", "subject": "1", "recorded-or-robo": "Y", "city": "Las Cruces", "state": "NM", "area-code": "575"}, {"id": "490dde24b259add1335244cd1b1b25ee", "number": "6082996041", "date": "2021-01-26 09:53:00", "subject": "4", "recorded-or-robo": "Y", "city": "La Crosse", "state": "WI", "area-code": "608"}, {"id": "490dde24b259add1335244cd1b1b1fcd", "number": "7816279816", "date": "2021-01-26 10:59:00", "subject": "4", "recorded-or-robo": "Y", "city": "Brooklyn", "state": "NY", "area-code": "646"}, {"id": "490dde24b259add1335244cd1b1b1bca", "number": "9142754242", "date": "2021-01-26 10:53:00", "subject": "2", "recorded-or-robo": "Y", "city": "Brooklyn", "state": "NY", "area-code": "914"}, {"id": "490dde24b259add1335244cd1b1b123e", "number": "3364755922", "date": "2021-01-26 10:50:00", "subject": "1", "recorded-or-robo": "Y", "city": "High Point", "state": "NC", "area-code": "336"}, {"id": "490dde24b259add1335244cd1b1b1009", "number": "8019745515", "date": "2021-01-26 08:56:00", "subject": "4", "recorded-or-robo": "Y", "city": "Lindon", "state": "UT", "area-code": "801"}, {"id": "490dde24b259add1335244cd1b1b0d9e", "number": "8287586739", "date": "2021-01-26 00:00:00", "subject": "3", "recorded-or-robo": "", "city": "Lenoir", "state": "NC", "area-code": "828"}, {"id": "490dde24b259add1335244cd1b1b00d9", "number": "12610582600008", "date": "2021-01-26 11:00:00", "subject": "2", "recorded-or-robo": "N", "city": "UNION CITY", "state": "IN", "area-code": "765"}, {"id": "490dde24b259add1335244cd1b1aff21", "number": "2405566754", "date": "2021-01-26 11:00:00", "subject": "12", "recorded-or-robo": "N", "city": "Germantown", "state": "MD", "area-code": "301"}, {"id": "490dde24b259add1335244cd1b1af8ee", "number": "9317746051", "date": "2021-01-26 09:00:00", "subject": "6", "recorded-or-robo": "Y", "city": "", "state": "TX", "area-code": "254"}, {"id": "490dde24b259add1335244cd1b1af048", "number": "5673400920", "date": "2021-01-26 10:53:00", "subject": "4", "recorded-or-robo": "Y", "city": "Blacklick", "state": "OH", "area-code": "614"}, {"id": "490dde24b259add1335244cd1b1ae470", "number": "8564970292", "date": "2021-01-26 08:03:00", "subject": "5", "recorded-or-robo": "Y", "city": "Roanoke", "state": "VA", "area-code": "540"}, {"id": "490dde24b259add1335244cd1b1ad497", "number": "6468128284", "date": "2021-01-25 16:17:00", "subject": "2", "recorded-or-robo": "N", "city": "Orlando", "state": "FL", "area-code": "646"}, {"id": "490dde24b259add1335244cd1b1acc48", "number": "7162218967", "date": "2021-01-26 10:53:00", "subject": "4", "recorded-or-robo": "Y", "city": "BUFFALO", "state": "NY", "area-code": "716"}, {"id": "490dde24b259add1335244cd1b1ac5b3", "number": "8478435862", "date": "2021-01-26 09:57:00", "subject": "7", "recorded-or-robo": "Y", "city": "Skokie", "state": "IL", "area-code": "847"}, {"id": "490dde24b259add1335244cd1b1abcda", "number": "5162188771", "date": "2021-01-26 10:25:00", "subject": "2", "recorded-or-robo": "", "city": "Floral Park", "state": "NY", "area-code": "516"}, {"id": "490dde24b259add1335244cd1b1aafbe", "number": "2034899847", "date": "2021-01-26 11:00:00", "subject": "4", "recorded-or-robo": "Y", "city": "", "state": "CT", "area-code": "203"}, {"id": "490dde24b259add1335244cd1b1aa53f", "number": "", "date": "2021-01-26 10:25:00", "subject": "2", "recorded-or-robo": "Y", "city": "Columbus", "state": "OH", "area-code": "614"}]}