{"data": [{"id": "3decc6bfadaa436a105714c6bae0f793", "number": "5168656470", "date": "2021-01-25 13:10:00", "subject": "3", "recorded-or-robo": "", "city": "", "state": "NY", "area-code": "516"}, {"id": "3decc6bfadaa436a105714c6bae0ee18", "number": "5168212470", "date": "2021-01-25 12:51:00", "subject": "3", "recorded-or-robo": "Y", "city": "", "state": "NY", "area-code": "516"}, {"id": "3decc6bfadaa436a105714c6bae0e333", "number": "7819891000", "date": "2021-01-25 15:45:00", "subject": "2", "recorded-or-robo": "N", "city": "", "state": "OH", "area-code": "419"}, {"id": "3decc6bfadaa436a105714c6bae0d637", "number": "6142624610", "date": "2021-01-25 03:30:00", "subject": "1", "recorded-or-robo": "Y", "city": "", "state": "OH", "area-code": "419"}, {"id": "3decc6bfadaa436a105714c6bae0d299", "number": "5416521196", "date": "2021-01-25 13:00:00", "subject": "2", "recorded-or-robo": "N", "city": "", "state": "OH", "area-code": "419"}, {"id": "3decc6bfadaa436a105714c6bae0ce5d", "number": "6363878693", "date": "2021-01-25 12:00:00", "subject": "2", "recorded-or-robo": "N", "city": "Imperial", "state": "MO", "area-code": "314"}, {"id": "3decc6bfadaa436a105714c6bae0c15e", "number": "7632534054", "date": "2021-01-25 13:42:00", "subject": "2", "recorded-or-robo": "Y", "city": "Clarksville", "state": "TN", "area-code": "609"}, {"id": "3decc6bfadaa436a105714c6bae0b45f", "number": "7329931102", "date": "2021-01-24 16:27:00", "subject": "2", "recorded-or-robo": "Y", "city": "Clarksville", "state": "NJ", "area-code": "609"}, {"id": "3decc6bfadaa436a105714c6bae0af30", "number": "9088512089", "date": "2021-01-25 11:06:00", "subject": "2", "recorded-or-robo": "Y", "city": "Clarksville", "state": "TN", "area-code": "609"}, {"id": "3decc6bfadaa436a105714c6bae0a61e", "number": "6312300664", "date": "2021-01-25 09:22:00", "subject": "2", "recorded-or-robo": "Y", "city": "Carpentersville", "state": "IL", "area-code": "847"}, {"id": "3decc6bfadaa436a105714c6bae099ef", "number": "3853303792", "date": "2021-01-25 15:54:00", "subject": "4", "recorded-or-robo": "Y", "city": "Sandy", "state": "UT", "area-code": "801"}, {"id": "3decc6bfadaa436a105714c6bae08b03", "number": "6187900883", "date": "2021-01-25 17:49:00", "subject": "4", "recorded-or-robo": "Y", "city": "Rantoul", "state": "IL", "area-code": "217"}, {"id": "3decc6bfadaa436a105714c6bae08096", "number": "7572608676", "date": "2021-01-25 18:36:00", "subject": "1", "recorded-or-robo": "Y", "city": "", "state": "VA", "area-code": "757"}, {"id": "3decc6bfadaa436a105714c6bae07a2c", "number": "7572119857", "date": "2021-01-25 18:52:00", "subject": "1", "recorded-or-robo": "Y", "city": "", "state": "VA", "area-code": "757"}, {"id": "3decc6bfadaa436a105714c6bae07990", "number": "9173911885", "date": "2021-01-25 12:00:00", "subject": "2", "recorded-or-robo": "N", "city": "Vancouver", "state": "BC", "area-code": ""}, {"id": "3decc6bfadaa436a105714c6bae06e8d", "number": "8664842614", "date": "2021-01-25 18:26:00", "subject": "0", "recorded-or-robo": "Y", "city": "Buffalo Grove", "state": "IL", "area-code": "847"}, {"id": "3decc6bfadaa436a105714c6bae06144", "number": "7575724312", "date": "2021-01-25 19:59:00", "subject": "1", "recorded-or-robo": "Y", "city": "", "state": "VA", "area-code": "757"}, {"id": "3decc6bfadaa436a105714c6bae05968", "number": "4232051650", "date": "2021-01-26 02:06:00", "subject": "1", "recorded-or-robo": "N", "city": "Inlet", "state": "SC", "area-code": "843"}, {"id": "3decc6bfadaa436a105714c6bae055a9", "number": "3216354208", "date": "2021-01-25 12:39:00", "subject": "2", "recorded-or-robo": "N", "city": "West Palm Beach", "state": "FL", "area-code": "561"}, {"id": "3decc6bfadaa436a105714c6bae0482a", "number": "5616495708", "date": "2021-01-25 10:46:00", "subject": "2", "recorded-or-robo": "N", "city": "West Palm Beach", "state": "FL", "area-code": "561"}, {"id": "3decc6bfadaa436a105714c6bae03f90", "number": "2152861700", "date": "2021-01-25 10:12:00", "subject": "2", "recorded-or-robo": "N", "city": "West Palm Beach", "state": "FL", "area-code": "561"}, {"id": "3decc6bfadaa436a105714c6bae03238", "number": "2099921751", "date": "2021-01-25 13:39:00", "subject": "1", "recorded-or-robo": "Y", "city": "", "state": "CA", "area-code": "209"}, {"id": "3decc6bfadaa436a105714c6bae02dfd", "number": "", "date": "2021-01-19 04:06:00", "subject": "2", "recorded-or-robo": "N", "city": "E Bradenton", "state": "FL", "area-code": "305"}, {"id": "3decc6bfadaa436a105714c6bae0279f", "number": "8888551669", "date": "2021-01-25 17:29:00", "subject": "2", "recorded-or-robo": "Y", "city": "Houston", "state": "TX", "area-code": "281"}, {"id": "3decc6bfadaa436a105714c6bae01d8c", "number": "2818627787", "date": "2021-01-25 15:01:00", "subject": "2", "recorded-or-robo": "N", "city": "Houston", "state": "TX", "area-code": "281"}, {"id": "3decc6bfadaa436a105714c6bae01247", "number": "8886432498", "date": "2021-01-25 14:25:00", "subject": "2", "recorded-or-robo": "Y", "city": "Houston", "state": "TX", "area-code": "281"}, {"id": "3decc6bfadaa436a105714c6bae011db", "number": "4157022248", "date": "2021-01-25 12:04:00", "subject": "2", "recorded-or-robo": "Y", "city": "BROOKLYN", "state": "NY", "area-code": "718"}, {"id": "3decc6bfadaa436a105714c6bae00597", "number": "8176639075", "date": "2021-01-25 14:44:00", "subject": "1", "recorded-or-robo": "Y", "city": "Federal Way", "state": "WA", "area-code": "253"}, {"id": "3decc6bfadaa436a105714c6badff8d9", "number": "9179343935", "date": "2021-01-24 12:04:00", "subject": "2", "recorded-or-robo": "Y", "city": "BROOKLYN", "state": "NY", "area-code": "718"}, {"id": "3decc6bfadaa436a105714c6badff301", "number": "2814390479", "date": "2021-01-25 14:15:00", "subject": "2", "recorded-or-robo": "N", "city": "Houston", "state": "TX", "area-code": "281"}, {"id": "3decc6bfadaa436a105714c6badff116", "number": "7182443694", "date": "2021-01-23 15:38:00", "subject": "2", "recorded-or-robo": "Y", "city": "BROOKLYN", "state": "NY", "area-code": "718"}, {"id": "3decc6bfadaa436a105714c6badfeadc", "number": "9179343935", "date": "2021-01-23 12:03:00", "subject": "2", "recorded-or-robo": "Y", "city": "BROOKLYN", "state": "NY", "area-code": "718"}, {"id": "3decc6bfadaa436a105714c6badfe6b3", "number": "2108163290", "date": "2021-01-25 14:13:00", "subject": "13", "recorded-or-robo": "Y", "city": "Houston", "state": "TX", "area-code": "281"}, {"id": "3decc6bfadaa436a105714c6badfdf0b", "number": "4157022248", "date": "2021-01-22 12:00:00", "subject": "2", "recorded-or-robo": "Y", "city": "BROOKLYN", "state": "NY", "area-code": "718"}, {"id": "3decc6bfadaa436a105714c6badfde23", "number": "4157022248", "date": "2021-01-21 12:02:00", "subject": "2", "recorded-or-robo": "Y", "city": "BROOKLYN", "state": "NY", "area-code": "718"}, {"id": "3decc6bfadaa436a105714c6badfd2fd", "number": "8504090970", "date": "2021-01-25 11:46:00", "subject": "1", "recorded-or-robo": "Y", "city": "Houston", "state": "TX", "area-code": "281"}, {"id": "3decc6bfadaa436a105714c6badfc999", "number": "2814910138", "date": "2021-01-25 11:23:00", "subject": "2", "recorded-or-robo": "Y", "city": "Houston", "state": "TX", "area-code": "281"}, {"id": "3decc6bfadaa436a105714c6badfc5ec", "number": "2814325175", "date": "2021-01-25 10:40:00", "subject": "5", "recorded-or-robo": "Y", "city": "Houston", "state": "TX", "area-code": "281"}, {"id": "3decc6bfadaa436a105714c6badfbae0", "number": "2814983726", "date": "2021-01-25 09:50:00", "subject": "2", "recorded-or-robo": "N", "city": "Houston", "state": "TX", "area-code": "281"}, {"id": "3decc6bfadaa436a105714c6badfabb6", "number": "8003252865", "date": "2021-01-25 15:11:00", "subject": "2", "recorded-or-robo": "Y", "city": "Orinda", "state": "CA", "area-code": "925"}, {"id": "3decc6bfadaa436a105714c6badfaaef", "number": "7856956534", "date": "2021-01-25 08:50:00", "subject": "2", "recorded-or-robo": "Y", "city": "Orinda", "state": "CA", "area-code": "925"}, {"id": "3decc6bfadaa436a105714c6badfa72f", "number": "2086846496", "date": "2021-01-25 10:39:00", "subject": "2", "recorded-or-robo": "Y", "city": "", "state": "KS", "area-code": "785"}, {"id": "3decc6bfadaa436a105714c6badfa5e4", "number": "2187597722", "date": "2021-01-22 10:21:00", "subject": "1", "recorded-or-robo": "Y", "city": "", "state": "MN", "area-code": "651"}, {"id": "3decc6bfadaa436a105714c6badfa51b", "number": "9736945127", "date": "2021-01-25 11:15:00", "subject": "3", "recorded-or-robo": "Y", "city": "", "state": "CA", "area-code": "650"}, {"id": "3decc6bfadaa436a105714c6badfa0e0", "number": "8665281219", "date": "2021-01-25 12:00:00", "subject": "1", "recorded-or-robo": "Y", "city": "Weed", "state": "CA", "area-code": "530"}, {"id": "3decc6bfadaa436a105714c6badf9801", "number": "6504510926", "date": "2021-01-25 13:56:00", "subject": "3", "recorded-or-robo": "N", "city": "", "state": "CA", "area-code": "650"}, {"id": "3decc6bfadaa436a105714c6badf9430", "number": "9282820977", "date": "2021-01-25 20:10:00", "subject": "2", "recorded-or-robo": "N", "city": "Cottonwood", "state": "AZ", "area-code": "928"}, {"id": "3decc6bfadaa436a105714c6badf8bcc", "number": "3235824457", "date": "2020-12-10 11:12:00", "subject": "4", "recorded-or-robo": "Y", "city": "SANTA CLARA", "state": "CA", "area-code": "408"}, {"id": "3decc6bfadaa436a105714c6badf7c50", "number": "7206941182", "date": "2021-01-25 13:29:00", "subject": "3", "recorded-or-robo": "N", "city": "", "state": "CA", "area-code": "650"}, {"id": "3decc6bfadaa436a105714c6badf87e2", "number": "5134931616", "date": "2021-01-25 16:12:00", "subject": "0", "recorded-or-robo": "Y", "city": "WENATCHEE", "state": "WA", "area-code": "509"}]}