{"data": [{"id": "3decc6bfadaa436a105714c6ba64bf5c", "number": "9723992312", "date": "2021-01-21 11:24:00", "subject": "1", "recorded-or-robo": "Y", "city": "", "state": "TX", "area-code": "214"}, {"id": "1d36742e3f24f50e4e7ae82801facfc8", "number": "9723992312", "date": "2021-01-21 11:24:00", "subject": "1", "recorded-or-robo": "Y", "city": "", "state": "TX", "area-code": "214"}, {"id": "3decc6bfadaa436a105714c6ba64b353", "number": "", "date": "2021-01-23 16:42:00", "subject": "2", "recorded-or-robo": "Y", "city": "San Jose", "state": "CA", "area-code": "408"}, {"id": "1d36742e3f24f50e4e7ae82801fac772", "number": "", "date": "2021-01-23 16:42:00", "subject": "2", "recorded-or-robo": "Y", "city": "San Jose", "state": "CA", "area-code": "408"}, {"id": "3decc6bfadaa436a105714c6ba64a683", "number": "8556781090", "date": "2021-01-23 00:00:00", "subject": "11", "recorded-or-robo": "Y", "city": "Spokane", "state": "WA", "area-code": "509"}, {"id": "1d36742e3f24f50e4e7ae82801fabdc2", "number": "8556781090", "date": "2021-01-23 00:00:00", "subject": "11", "recorded-or-robo": "Y", "city": "Spokane", "state": "WA", "area-code": "509"}, {"id": "3decc6bfadaa436a105714c6ba80997b", "number": "+15106556653", "date": "2021-01-23 19:48:58", "subject": "3", "recorded-or-robo": "Y", "city": "", "state": "CA", "area-code": "510"}, {"id": "03e293b3df9e35eadf15c56119170b44", "number": "+15106556653", "date": "2021-01-23 19:48:58", "subject": "3", "recorded-or-robo": "Y", "city": "", "state": "CA", "area-code": "510"}, {"id": "3decc6bfadaa436a105714c6ba649739", "number": "314486970", "date": "2021-01-23 12:00:00", "subject": "2", "recorded-or-robo": "Y", "city": "Ballwin", "state": "MO", "area-code": "314"}, {"id": "1d36742e3f24f50e4e7ae82801fab4f0", "number": "314486970", "date": "2021-01-23 12:00:00", "subject": "2", "recorded-or-robo": "Y", "city": "Ballwin", "state": "MO", "area-code": "314"}, {"id": "3decc6bfadaa436a105714c6ba649521", "number": "9739217997", "date": "2021-01-23 12:09:00", "subject": "0", "recorded-or-robo": "N", "city": "Pompton Lakes", "state": "NJ", "area-code": "973"}, {"id": "1d36742e3f24f50e4e7ae82801faac7c", "number": "9739217997", "date": "2021-01-23 12:09:00", "subject": "0", "recorded-or-robo": "N", "city": "Pompton Lakes", "state": "NJ", "area-code": "973"}, {"id": "3decc6bfadaa436a105714c6ba648e91", "number": "9133016353", "date": "2021-01-22 16:00:00", "subject": "0", "recorded-or-robo": "Y", "city": "", "state": "MD", "area-code": "410"}, {"id": "1d36742e3f24f50e4e7ae82801faa14a", "number": "9133016353", "date": "2021-01-22 16:00:00", "subject": "0", "recorded-or-robo": "Y", "city": "", "state": "MD", "area-code": "410"}, {"id": "3decc6bfadaa436a105714c6ba647f48", "number": "", "date": "2021-01-14 01:18:00", "subject": "2", "recorded-or-robo": "Y", "city": "", "state": "AL", "area-code": "256"}, {"id": "1d36742e3f24f50e4e7ae82801fa9b4f", "number": "", "date": "2021-01-14 01:18:00", "subject": "2", "recorded-or-robo": "Y", "city": "", "state": "AL", "area-code": "256"}, {"id": "3decc6bfadaa436a105714c6ba6474bf", "number": "8556785612", "date": "2021-01-23 00:00:00", "subject": "11", "recorded-or-robo": "Y", "city": "Spokane", "state": "WA", "area-code": "509"}, {"id": "1d36742e3f24f50e4e7ae82801fa9202", "number": "8556785612", "date": "2021-01-23 00:00:00", "subject": "11", "recorded-or-robo": "Y", "city": "Spokane", "state": "WA", "area-code": "509"}, {"id": "3decc6bfadaa436a105714c6ba646d02", "number": "9733158111", "date": "2021-01-22 10:46:00", "subject": "0", "recorded-or-robo": "N", "city": "Pompton Lakes", "state": "NJ", "area-code": "973"}, {"id": "1d36742e3f24f50e4e7ae82801fa89fb", "number": "9733158111", "date": "2021-01-22 10:46:00", "subject": "0", "recorded-or-robo": "N", "city": "Pompton Lakes", "state": "NJ", "area-code": "973"}, {"id": "3decc6bfadaa436a105714c6ba646b67", "number": "8003471000", "date": "2021-01-22 15:00:00", "subject": "0", "recorded-or-robo": "Y", "city": "", "state": "MD", "area-code": "410"}, {"id": "1d36742e3f24f50e4e7ae82801fa7cb5", "number": "8003471000", "date": "2021-01-22 15:00:00", "subject": "0", "recorded-or-robo": "Y", "city": "", "state": "MD", "area-code": "410"}, {"id": "3decc6bfadaa436a105714c6ba807542", "number": "2816634794", "date": "2021-01-23 19:47:04", "subject": "3", "recorded-or-robo": "Y", "city": "", "state": "TX", "area-code": "281"}, {"id": "03e293b3df9e35eadf15c5611916f2fa", "number": "2816634794", "date": "2021-01-23 19:47:04", "subject": "3", "recorded-or-robo": "Y", "city": "", "state": "TX", "area-code": "281"}, {"id": "3decc6bfadaa436a105714c6ba6463d5", "number": "12321", "date": "2021-01-23 11:15:00", "subject": "6", "recorded-or-robo": "Y", "city": "Cassville", "state": "NY", "area-code": "315"}, {"id": "1d36742e3f24f50e4e7ae82801fa73fb", "number": "12321", "date": "2021-01-23 11:15:00", "subject": "6", "recorded-or-robo": "Y", "city": "Cassville", "state": "NY", "area-code": "315"}, {"id": "3decc6bfadaa436a105714c6ba645b7d", "number": "3145568590", "date": "2021-01-23 18:38:00", "subject": "11", "recorded-or-robo": "Y", "city": "", "state": "MO", "area-code": "314"}, {"id": "1d36742e3f24f50e4e7ae82801fa6f1c", "number": "3145568590", "date": "2021-01-23 18:38:00", "subject": "11", "recorded-or-robo": "Y", "city": "", "state": "MO", "area-code": "314"}, {"id": "3decc6bfadaa436a105714c6ba645637", "number": "8286166524", "date": "2021-01-22 15:00:00", "subject": "0", "recorded-or-robo": "Y", "city": "", "state": "MD", "area-code": "410"}, {"id": "1d36742e3f24f50e4e7ae82801fa6dba", "number": "8286166524", "date": "2021-01-22 15:00:00", "subject": "0", "recorded-or-robo": "Y", "city": "", "state": "MD", "area-code": "410"}, {"id": "3decc6bfadaa436a105714c6ba807d92", "number": "2015812663", "date": "2021-01-23 19:46:02", "subject": "3", "recorded-or-robo": "Y", "city": "", "state": "NJ", "area-code": "201"}, {"id": "03e293b3df9e35eadf15c5611916f412", "number": "2015812663", "date": "2021-01-23 19:46:02", "subject": "3", "recorded-or-robo": "Y", "city": "", "state": "NJ", "area-code": "201"}, {"id": "3decc6bfadaa436a105714c6ba80596a", "number": "2015812663", "date": "2021-01-23 19:46:01", "subject": "3", "recorded-or-robo": "Y", "city": "", "state": "NJ", "area-code": "201"}, {"id": "03e293b3df9e35eadf15c5611916ced1", "number": "2015812663", "date": "2021-01-23 19:46:01", "subject": "3", "recorded-or-robo": "Y", "city": "", "state": "NJ", "area-code": "201"}, {"id": "3decc6bfadaa436a105714c6ba644b2d", "number": "3185457239", "date": "2021-01-22 14:00:00", "subject": "0", "recorded-or-robo": "Y", "city": "", "state": "MD", "area-code": "410"}, {"id": "1d36742e3f24f50e4e7ae82801fa6ad7", "number": "3185457239", "date": "2021-01-22 14:00:00", "subject": "0", "recorded-or-robo": "Y", "city": "", "state": "MD", "area-code": "410"}, {"id": "3decc6bfadaa436a105714c6ba644b13", "number": "5415501011", "date": "2021-01-23 15:23:00", "subject": "3", "recorded-or-robo": "Y", "city": "Newport", "state": "OR", "area-code": "541"}, {"id": "1d36742e3f24f50e4e7ae82801fa68aa", "number": "5415501011", "date": "2021-01-23 15:23:00", "subject": "3", "recorded-or-robo": "Y", "city": "Newport", "state": "OR", "area-code": "541"}, {"id": "3decc6bfadaa436a105714c6ba644487", "number": "", "date": "2021-01-22 14:46:00", "subject": "12", "recorded-or-robo": "Y", "city": "Oceanside", "state": "CA", "area-code": "760"}, {"id": "1d36742e3f24f50e4e7ae82801fa6316", "number": "", "date": "2021-01-22 14:46:00", "subject": "12", "recorded-or-robo": "Y", "city": "Oceanside", "state": "CA", "area-code": "760"}, {"id": "3decc6bfadaa436a105714c6ba643df9", "number": "53102244254", "date": "2021-01-18 01:39:00", "subject": "2", "recorded-or-robo": "Y", "city": "", "state": "AL", "area-code": "256"}, {"id": "1d36742e3f24f50e4e7ae82801fa5713", "number": "53102244254", "date": "2021-01-18 01:39:00", "subject": "2", "recorded-or-robo": "Y", "city": "", "state": "AL", "area-code": "256"}, {"id": "3decc6bfadaa436a105714c6ba63f498", "number": "5635523488", "date": "2021-01-21 13:23:00", "subject": "3", "recorded-or-robo": "", "city": "", "state": "IA", "area-code": "563"}, {"id": "1d36742e3f24f50e4e7ae82801fa1c61", "number": "5635523488", "date": "2021-01-21 13:23:00", "subject": "3", "recorded-or-robo": "", "city": "", "state": "IA", "area-code": "563"}, {"id": "3decc6bfadaa436a105714c6ba642e9e", "number": "8322061813", "date": "2021-01-13 00:00:00", "subject": "1", "recorded-or-robo": "Y", "city": "Houston", "state": "TX", "area-code": "832"}, {"id": "1d36742e3f24f50e4e7ae82801fa5173", "number": "8322061813", "date": "2021-01-13 00:00:00", "subject": "1", "recorded-or-robo": "Y", "city": "Houston", "state": "TX", "area-code": "832"}, {"id": "3decc6bfadaa436a105714c6ba6429de", "number": "3036745170", "date": "2021-01-18 09:30:00", "subject": "0", "recorded-or-robo": "N", "city": "Evergreen", "state": "CO", "area-code": "303"}, {"id": "1d36742e3f24f50e4e7ae82801fa436d", "number": "3036745170", "date": "2021-01-18 09:30:00", "subject": "0", "recorded-or-robo": "N", "city": "Evergreen", "state": "CO", "area-code": "303"}, {"id": "3decc6bfadaa436a105714c6ba642107", "number": "4434896193", "date": "2021-01-22 13:00:00", "subject": "0", "recorded-or-robo": "Y", "city": "", "state": "MD", "area-code": "410"}, {"id": "1d36742e3f24f50e4e7ae82801fa42fa", "number": "4434896193", "date": "2021-01-22 13:00:00", "subject": "0", "recorded-or-robo": "Y", "city": "", "state": "MD", "area-code": "410"}]}