{"data": [{"id": "3decc6bfadaa436a105714c6ba900541", "number": "44822835833", "date": "2021-01-23 10:04:00", "subject": "2", "recorded-or-robo": "", "city": "Saratoga Spring", "state": "NY", "area-code": "518"}, {"id": "03e293b3df9e35eadf15c561192675f8", "number": "44822835833", "date": "2021-01-23 10:04:00", "subject": "2", "recorded-or-robo": "", "city": "Saratoga Spring", "state": "NY", "area-code": "518"}, {"id": "3decc6bfadaa436a105714c6ba8ffab7", "number": "8563353322", "date": "2021-01-13 15:00:00", "subject": "0", "recorded-or-robo": "N", "city": "", "state": "NJ", "area-code": "856"}, {"id": "03e293b3df9e35eadf15c56119266fd2", "number": "8563353322", "date": "2021-01-13 15:00:00", "subject": "0", "recorded-or-robo": "N", "city": "", "state": "NJ", "area-code": "856"}, {"id": "3decc6bfadaa436a105714c6ba8ff804", "number": "8009918708", "date": "2021-01-22 14:53:00", "subject": "2", "recorded-or-robo": "Y", "city": "", "state": "IL", "area-code": "815"}, {"id": "03e293b3df9e35eadf15c56119266edd", "number": "8009918708", "date": "2021-01-22 14:53:00", "subject": "2", "recorded-or-robo": "Y", "city": "", "state": "IL", "area-code": "815"}, {"id": "3decc6bfadaa436a105714c6ba8ff077", "number": "6176169931", "date": "2021-01-20 16:58:00", "subject": "2", "recorded-or-robo": "N", "city": "HYDE PARK", "state": "MA", "area-code": "617"}, {"id": "03e293b3df9e35eadf15c56119266304", "number": "6176169931", "date": "2021-01-20 16:58:00", "subject": "2", "recorded-or-robo": "N", "city": "HYDE PARK", "state": "MA", "area-code": "617"}, {"id": "3decc6bfadaa436a105714c6ba8fe862", "number": "8158870318", "date": "2021-01-23 11:01:00", "subject": "2", "recorded-or-robo": "Y", "city": "", "state": "IL", "area-code": "815"}, {"id": "03e293b3df9e35eadf15c5611926610f", "number": "8158870318", "date": "2021-01-23 11:01:00", "subject": "2", "recorded-or-robo": "Y", "city": "", "state": "IL", "area-code": "815"}, {"id": "3decc6bfadaa436a105714c6ba8fdc96", "number": "8562840505", "date": "2021-01-13 14:22:00", "subject": "0", "recorded-or-robo": "N", "city": "", "state": "NJ", "area-code": "856"}, {"id": "03e293b3df9e35eadf15c56119265963", "number": "8562840505", "date": "2021-01-13 14:22:00", "subject": "0", "recorded-or-robo": "N", "city": "", "state": "NJ", "area-code": "856"}, {"id": "3decc6bfadaa436a105714c6ba8fd1cf", "number": "6173888906", "date": "2021-01-20 17:43:00", "subject": "2", "recorded-or-robo": "N", "city": "HYDE PARK", "state": "MA", "area-code": "617"}, {"id": "03e293b3df9e35eadf15c56119265142", "number": "6173888906", "date": "2021-01-20 17:43:00", "subject": "2", "recorded-or-robo": "N", "city": "HYDE PARK", "state": "MA", "area-code": "617"}, {"id": "3decc6bfadaa436a105714c6ba8fce0f", "number": "2155101656", "date": "2021-01-19 16:20:00", "subject": "2", "recorded-or-robo": "Y", "city": "", "state": "IL", "area-code": "815"}, {"id": "03e293b3df9e35eadf15c56119264ddd", "number": "2155101656", "date": "2021-01-19 16:20:00", "subject": "2", "recorded-or-robo": "Y", "city": "", "state": "IL", "area-code": "815"}, {"id": "3decc6bfadaa436a105714c6ba8fcc91", "number": "7815280217", "date": "2021-01-20 18:16:00", "subject": "2", "recorded-or-robo": "N", "city": "HYDE PARK", "state": "MA", "area-code": "617"}, {"id": "03e293b3df9e35eadf15c5611926465d", "number": "7815280217", "date": "2021-01-20 18:16:00", "subject": "2", "recorded-or-robo": "N", "city": "HYDE PARK", "state": "MA", "area-code": "617"}, {"id": "3decc6bfadaa436a105714c6ba8fc19f", "number": "7082524966", "date": "2021-01-14 17:31:00", "subject": "4", "recorded-or-robo": "N", "city": "", "state": "IL", "area-code": "708"}, {"id": "03e293b3df9e35eadf15c56119263eaf", "number": "7082524966", "date": "2021-01-14 17:31:00", "subject": "4", "recorded-or-robo": "N", "city": "", "state": "IL", "area-code": "708"}, {"id": "3decc6bfadaa436a105714c6ba8fb2bc", "number": "815620336", "date": "2021-01-20 09:49:00", "subject": "2", "recorded-or-robo": "Y", "city": "", "state": "IL", "area-code": "815"}, {"id": "03e293b3df9e35eadf15c56119263db0", "number": "815620336", "date": "2021-01-20 09:49:00", "subject": "2", "recorded-or-robo": "Y", "city": "", "state": "IL", "area-code": "815"}, {"id": "3decc6bfadaa436a105714c6ba8fad80", "number": "6176169934", "date": "2021-01-19 18:20:00", "subject": "2", "recorded-or-robo": "N", "city": "HYDE PARK", "state": "MA", "area-code": "617"}, {"id": "03e293b3df9e35eadf15c561192631e4", "number": "6176169934", "date": "2021-01-19 18:20:00", "subject": "2", "recorded-or-robo": "N", "city": "HYDE PARK", "state": "MA", "area-code": "617"}, {"id": "3decc6bfadaa436a105714c6ba8fa2ac", "number": "8563353322", "date": "2021-01-13 11:59:00", "subject": "0", "recorded-or-robo": "N", "city": "", "state": "NJ", "area-code": "856"}, {"id": "03e293b3df9e35eadf15c56119262f64", "number": "8563353322", "date": "2021-01-13 11:59:00", "subject": "0", "recorded-or-robo": "N", "city": "", "state": "NJ", "area-code": "856"}, {"id": "3decc6bfadaa436a105714c6ba8fa235", "number": "4432539300", "date": "2021-01-24 09:01:00", "subject": "2", "recorded-or-robo": "Y", "city": "Annapolis", "state": "MD", "area-code": "410"}, {"id": "03e293b3df9e35eadf15c5611926228f", "number": "4432539300", "date": "2021-01-24 09:01:00", "subject": "2", "recorded-or-robo": "Y", "city": "Annapolis", "state": "MD", "area-code": "410"}, {"id": "3decc6bfadaa436a105714c6ba8f9cb7", "number": "8159104822", "date": "2021-01-20 13:26:00", "subject": "2", "recorded-or-robo": "Y", "city": "", "state": "IL", "area-code": "815"}, {"id": "03e293b3df9e35eadf15c56119261864", "number": "8159104822", "date": "2021-01-20 13:26:00", "subject": "2", "recorded-or-robo": "Y", "city": "", "state": "IL", "area-code": "815"}, {"id": "3decc6bfadaa436a105714c6ba8f8eb4", "number": "5025579590", "date": "2021-01-23 15:07:00", "subject": "6", "recorded-or-robo": "N", "city": "Petersburg", "state": "FL", "area-code": "502"}, {"id": "03e293b3df9e35eadf15c56119260f55", "number": "5025579590", "date": "2021-01-23 15:07:00", "subject": "6", "recorded-or-robo": "N", "city": "Petersburg", "state": "FL", "area-code": "502"}, {"id": "3decc6bfadaa436a105714c6ba8f8ce7", "number": "9034508317", "date": "2021-01-23 10:30:00", "subject": "6", "recorded-or-robo": "N", "city": "Petersburg", "state": "FL", "area-code": "502"}, {"id": "03e293b3df9e35eadf15c561192607ab", "number": "9034508317", "date": "2021-01-23 10:30:00", "subject": "6", "recorded-or-robo": "N", "city": "Petersburg", "state": "FL", "area-code": "502"}, {"id": "3decc6bfadaa436a105714c6ba8f82c7", "number": "7542284278", "date": "2021-01-23 13:39:00", "subject": "3", "recorded-or-robo": "Y", "city": "FORT LEE", "state": "NJ", "area-code": "201"}, {"id": "03e293b3df9e35eadf15c5611926071f", "number": "7542284278", "date": "2021-01-23 13:39:00", "subject": "3", "recorded-or-robo": "Y", "city": "FORT LEE", "state": "NJ", "area-code": "201"}, {"id": "3decc6bfadaa436a105714c6ba8f7981", "number": "5025537564", "date": "2021-01-23 01:47:00", "subject": "6", "recorded-or-robo": "N", "city": "Petersburg", "state": "FL", "area-code": "502"}, {"id": "03e293b3df9e35eadf15c5611925fce1", "number": "5025537564", "date": "2021-01-23 01:47:00", "subject": "6", "recorded-or-robo": "N", "city": "Petersburg", "state": "FL", "area-code": "502"}, {"id": "3decc6bfadaa436a105714c6ba8f76af", "number": "9783074930", "date": "2021-01-20 13:55:00", "subject": "2", "recorded-or-robo": "N", "city": "HYDE PARK", "state": "MA", "area-code": "617"}, {"id": "03e293b3df9e35eadf15c5611925f9b3", "number": "9783074930", "date": "2021-01-20 13:55:00", "subject": "2", "recorded-or-robo": "N", "city": "HYDE PARK", "state": "MA", "area-code": "617"}, {"id": "3decc6bfadaa436a105714c6ba8f7676", "number": "4229304", "date": "2021-01-19 10:34:00", "subject": "2", "recorded-or-robo": "", "city": "ANDOVER", "state": "MN", "area-code": "763"}, {"id": "03e293b3df9e35eadf15c5611925eb49", "number": "4229304", "date": "2021-01-19 10:34:00", "subject": "2", "recorded-or-robo": "", "city": "ANDOVER", "state": "MN", "area-code": "763"}, {"id": "3decc6bfadaa436a105714c6ba8f5cf8", "number": "6093439485", "date": "2021-01-21 11:21:00", "subject": "3", "recorded-or-robo": "N", "city": "", "state": "NJ", "area-code": "609"}, {"id": "03e293b3df9e35eadf15c5611925dbbb", "number": "6093439485", "date": "2021-01-21 11:21:00", "subject": "3", "recorded-or-robo": "N", "city": "", "state": "NJ", "area-code": "609"}, {"id": "3decc6bfadaa436a105714c6ba8f6c1c", "number": "4229863", "date": "2021-01-19 14:49:00", "subject": "2", "recorded-or-robo": "", "city": "ANDOVER", "state": "MN", "area-code": "763"}, {"id": "03e293b3df9e35eadf15c5611925e84c", "number": "4229863", "date": "2021-01-19 14:49:00", "subject": "2", "recorded-or-robo": "", "city": "ANDOVER", "state": "MN", "area-code": "763"}, {"id": "3decc6bfadaa436a105714c6ba8f3204", "number": "6092691244", "date": "2021-01-20 16:27:00", "subject": "3", "recorded-or-robo": "N", "city": "", "state": "NJ", "area-code": "609"}, {"id": "03e293b3df9e35eadf15c5611925c1c9", "number": "6092691244", "date": "2021-01-20 16:27:00", "subject": "3", "recorded-or-robo": "N", "city": "", "state": "NJ", "area-code": "609"}, {"id": "3decc6bfadaa436a105714c6ba8f4d88", "number": "3322328025", "date": "2021-01-23 11:07:00", "subject": "0", "recorded-or-robo": "Y", "city": "Brick", "state": "NJ", "area-code": "732"}, {"id": "03e293b3df9e35eadf15c5611925d259", "number": "3322328025", "date": "2021-01-23 11:07:00", "subject": "0", "recorded-or-robo": "Y", "city": "Brick", "state": "NJ", "area-code": "732"}]}