{"data": [{"id": "1d36742e3f24f50e4e7ae8280149f6af", "number": "3056742121", "date": "2021-01-22 21:32:56", "subject": "3", "recorded-or-robo": "Y", "city": "", "state": "FL", "area-code": "305"}, {"id": "e81c9350d54f66c6d33b3747eeb4ecf7", "number": "+19542484328", "date": "2021-01-22 21:32:55", "subject": "3", "recorded-or-robo": "Y", "city": "", "state": "FL", "area-code": "954"}, {"id": "e81c9350d54f66c6d33b3747ee8de6c0", "number": "5405448480", "date": "2021-01-22 21:07:00", "subject": "4", "recorded-or-robo": "Y", "city": "Leesburg", "state": "VA", "area-code": "571"}, {"id": "1d36742e3f24f50e4e7ae8280149b625", "number": "+19542484328", "date": "2021-01-22 21:32:55", "subject": "3", "recorded-or-robo": "Y", "city": "", "state": "FL", "area-code": "954"}, {"id": "1d36742e3f24f50e4e7ae8280123aad7", "number": "5405448480", "date": "2021-01-22 21:07:00", "subject": "4", "recorded-or-robo": "Y", "city": "Leesburg", "state": "VA", "area-code": "571"}, {"id": "e81c9350d54f66c6d33b3747eeb5386b", "number": "+12403037279", "date": "2021-01-22 21:32:53", "subject": "3", "recorded-or-robo": "Y", "city": "", "state": "MD", "area-code": "301"}, {"id": "1d36742e3f24f50e4e7ae828014a282d", "number": "+12403037279", "date": "2021-01-22 21:32:53", "subject": "3", "recorded-or-robo": "Y", "city": "", "state": "MD", "area-code": "301"}, {"id": "e81c9350d54f66c6d33b3747eeb55251", "number": "9043200389", "date": "2021-01-22 21:32:48", "subject": "3", "recorded-or-robo": "Y", "city": "", "state": "FL", "area-code": "904"}, {"id": "1d36742e3f24f50e4e7ae828014a57f8", "number": "9043200389", "date": "2021-01-22 21:32:48", "subject": "3", "recorded-or-robo": "Y", "city": "", "state": "FL", "area-code": "904"}, {"id": "e81c9350d54f66c6d33b3747eeb51db1", "number": "2087938184", "date": "2021-01-22 21:32:46", "subject": "3", "recorded-or-robo": "Y", "city": "", "state": "ID", "area-code": "208"}, {"id": "1d36742e3f24f50e4e7ae828014a0516", "number": "2087938184", "date": "2021-01-22 21:32:46", "subject": "3", "recorded-or-robo": "Y", "city": "", "state": "ID", "area-code": "208"}, {"id": "e81c9350d54f66c6d33b3747ee8de3ae", "number": "2019757296", "date": "2021-01-20 10:31:00", "subject": "0", "recorded-or-robo": "", "city": "", "state": "NJ", "area-code": "201"}, {"id": "1d36742e3f24f50e4e7ae82801239f68", "number": "2019757296", "date": "2021-01-20 10:31:00", "subject": "0", "recorded-or-robo": "", "city": "", "state": "NJ", "area-code": "201"}, {"id": "e81c9350d54f66c6d33b3747eeb4f6cd", "number": "+13018677605", "date": "2021-01-22 21:32:37", "subject": "3", "recorded-or-robo": "Y", "city": "", "state": "MD", "area-code": "301"}, {"id": "1d36742e3f24f50e4e7ae8280149dd91", "number": "+13018677605", "date": "2021-01-22 21:32:37", "subject": "3", "recorded-or-robo": "Y", "city": "", "state": "MD", "area-code": "301"}, {"id": "e81c9350d54f66c6d33b3747eeb4b0a2", "number": "8662507212", "date": "2021-01-22 21:32:14", "subject": "3", "recorded-or-robo": "Y", "city": "", "state": "CO", "area-code": "720"}, {"id": "1d36742e3f24f50e4e7ae82801497a77", "number": "8662507212", "date": "2021-01-22 21:32:14", "subject": "3", "recorded-or-robo": "Y", "city": "", "state": "CO", "area-code": "720"}, {"id": "e81c9350d54f66c6d33b3747ee8dde01", "number": "22547100850", "date": "2021-01-09 05:04:00", "subject": "0", "recorded-or-robo": "N", "city": "Kennewick", "state": "WA", "area-code": "509"}, {"id": "1d36742e3f24f50e4e7ae82801239761", "number": "22547100850", "date": "2021-01-09 05:04:00", "subject": "0", "recorded-or-robo": "N", "city": "Kennewick", "state": "WA", "area-code": "509"}, {"id": "e81c9350d54f66c6d33b3747eeb4aab4", "number": "+12192553158", "date": "2021-01-22 21:32:05", "subject": "3", "recorded-or-robo": "N", "city": "", "state": "IN", "area-code": "219"}, {"id": "1d36742e3f24f50e4e7ae82801495ab5", "number": "+12192553158", "date": "2021-01-22 21:32:05", "subject": "3", "recorded-or-robo": "N", "city": "", "state": "IN", "area-code": "219"}, {"id": "e81c9350d54f66c6d33b3747ee8dd3a2", "number": "3322326043", "date": "2021-01-20 11:55:00", "subject": "0", "recorded-or-robo": "", "city": "", "state": "NJ", "area-code": "201"}, {"id": "1d36742e3f24f50e4e7ae82801239210", "number": "3322326043", "date": "2021-01-20 11:55:00", "subject": "0", "recorded-or-robo": "", "city": "", "state": "NJ", "area-code": "201"}, {"id": "e81c9350d54f66c6d33b3747eeb4cf72", "number": "+18557868848", "date": "2021-01-22 21:31:48", "subject": "3", "recorded-or-robo": "Y", "city": "", "state": "FL", "area-code": "407"}, {"id": "1d36742e3f24f50e4e7ae828014997de", "number": "+18557868848", "date": "2021-01-22 21:31:48", "subject": "3", "recorded-or-robo": "Y", "city": "", "state": "FL", "area-code": "407"}, {"id": "e81c9350d54f66c6d33b3747ee8dd2a2", "number": "7372456728", "date": "2021-01-21 14:40:00", "subject": "2", "recorded-or-robo": "Y", "city": "Jonestown", "state": "TX", "area-code": "512"}, {"id": "1d36742e3f24f50e4e7ae82801238e52", "number": "7372456728", "date": "2021-01-21 14:40:00", "subject": "2", "recorded-or-robo": "Y", "city": "Jonestown", "state": "TX", "area-code": "512"}, {"id": "e81c9350d54f66c6d33b3747eeb4b95c", "number": "2082644458", "date": "2021-01-22 21:31:33", "subject": "3", "recorded-or-robo": "Y", "city": "", "state": "ID", "area-code": "208"}, {"id": "1d36742e3f24f50e4e7ae828014987e4", "number": "2082644458", "date": "2021-01-22 21:31:33", "subject": "3", "recorded-or-robo": "Y", "city": "", "state": "ID", "area-code": "208"}, {"id": "e81c9350d54f66c6d33b3747eeb4c0c2", "number": "9892797796", "date": "2021-01-22 21:31:24", "subject": "3", "recorded-or-robo": "Y", "city": "", "state": "MI", "area-code": "248"}, {"id": "1d36742e3f24f50e4e7ae82801498b79", "number": "9892797796", "date": "2021-01-22 21:31:24", "subject": "3", "recorded-or-robo": "Y", "city": "", "state": "MI", "area-code": "248"}, {"id": "e81c9350d54f66c6d33b3747ee8dc2cc", "number": "2019269332", "date": "2021-01-20 15:39:00", "subject": "0", "recorded-or-robo": "", "city": "", "state": "NJ", "area-code": "201"}, {"id": "1d36742e3f24f50e4e7ae8280123836c", "number": "2019269332", "date": "2021-01-20 15:39:00", "subject": "0", "recorded-or-robo": "", "city": "", "state": "NJ", "area-code": "201"}, {"id": "e81c9350d54f66c6d33b3747eeb534f8", "number": "2484169160", "date": "2021-01-22 21:31:06", "subject": "3", "recorded-or-robo": "Y", "city": "", "state": "MI", "area-code": "248"}, {"id": "1d36742e3f24f50e4e7ae828014a0b63", "number": "2484169160", "date": "2021-01-22 21:31:06", "subject": "3", "recorded-or-robo": "Y", "city": "", "state": "MI", "area-code": "248"}, {"id": "e81c9350d54f66c6d33b3747ee8db509", "number": "22547942024", "date": "2021-01-09 05:22:00", "subject": "0", "recorded-or-robo": "N", "city": "Kennewick", "state": "WA", "area-code": "509"}, {"id": "1d36742e3f24f50e4e7ae82801237fb4", "number": "22547942024", "date": "2021-01-09 05:22:00", "subject": "0", "recorded-or-robo": "N", "city": "Kennewick", "state": "WA", "area-code": "509"}, {"id": "e81c9350d54f66c6d33b3747eeb50721", "number": "+17734440046", "date": "2021-01-22 21:30:35", "subject": "3", "recorded-or-robo": "Y", "city": "", "state": "IL", "area-code": "773"}, {"id": "1d36742e3f24f50e4e7ae8280149ec43", "number": "+17734440046", "date": "2021-01-22 21:30:35", "subject": "3", "recorded-or-robo": "Y", "city": "", "state": "IL", "area-code": "773"}, {"id": "e81c9350d54f66c6d33b3747eeb4f153", "number": "+14696643704", "date": "2021-01-22 21:30:33", "subject": "3", "recorded-or-robo": "Y", "city": "", "state": "TX", "area-code": "915"}, {"id": "1d36742e3f24f50e4e7ae8280149b9d3", "number": "+14696643704", "date": "2021-01-22 21:30:33", "subject": "3", "recorded-or-robo": "Y", "city": "", "state": "TX", "area-code": "915"}, {"id": "e81c9350d54f66c6d33b3747eeb551db", "number": "7247823345", "date": "2021-01-22 21:30:18", "subject": "3", "recorded-or-robo": "Y", "city": "", "state": "GA", "area-code": "404"}, {"id": "1d36742e3f24f50e4e7ae828014a4a61", "number": "7247823345", "date": "2021-01-22 21:30:18", "subject": "3", "recorded-or-robo": "Y", "city": "", "state": "GA", "area-code": "404"}, {"id": "e81c9350d54f66c6d33b3747ee8da92f", "number": "9544336856", "date": "2021-01-20 17:12:00", "subject": "0", "recorded-or-robo": "", "city": "", "state": "NJ", "area-code": "201"}, {"id": "1d36742e3f24f50e4e7ae8280123759f", "number": "9544336856", "date": "2021-01-20 17:12:00", "subject": "0", "recorded-or-robo": "", "city": "", "state": "NJ", "area-code": "201"}, {"id": "e81c9350d54f66c6d33b3747eeb54609", "number": "8663691384", "date": "2021-01-22 21:30:13", "subject": "3", "recorded-or-robo": "N", "city": "", "state": "TX", "area-code": "512"}, {"id": "1d36742e3f24f50e4e7ae828014a43e2", "number": "8663691384", "date": "2021-01-22 21:30:13", "subject": "3", "recorded-or-robo": "N", "city": "", "state": "TX", "area-code": "512"}, {"id": "e81c9350d54f66c6d33b3747eeb4ff1c", "number": "2172108814", "date": "2021-01-22 21:30:10", "subject": "3", "recorded-or-robo": "Y", "city": "", "state": "FL", "area-code": "305"}, {"id": "1d36742e3f24f50e4e7ae8280149ebbf", "number": "2172108814", "date": "2021-01-22 21:30:10", "subject": "3", "recorded-or-robo": "Y", "city": "", "state": "FL", "area-code": "305"}, {"id": "e81c9350d54f66c6d33b3747ee8d9c20", "number": "3109200314", "date": "2021-01-22 17:54:00", "subject": "2", "recorded-or-robo": "Y", "city": "Springfield", "state": "VA", "area-code": "703"}]}