{"data": [{"id": "490dde24b259add1335244cd1b71620d", "number": "7329923298", "date": "2021-01-25 00:00:00", "subject": "2", "recorded-or-robo": "Y", "city": "Deadwood", "state": "SD", "area-code": "605"}, {"id": "490dde24b259add1335244cd1b71556b", "number": "4696932129", "date": "2021-01-26 11:49:00", "subject": "2", "recorded-or-robo": "Y", "city": "OPELOUSAS", "state": "LA", "area-code": "302"}, {"id": "490dde24b259add1335244cd1b7145ef", "number": "5405063991", "date": "2021-01-25 13:50:00", "subject": "4", "recorded-or-robo": "Y", "city": "", "state": "VA", "area-code": "757"}, {"id": "490dde24b259add1335244cd1b71383e", "number": "2027959579", "date": "2021-01-25 17:57:00", "subject": "2", "recorded-or-robo": "Y", "city": "marion", "state": "TN", "area-code": "901"}, {"id": "490dde24b259add1335244cd1b712a7d", "number": "3305746800", "date": "2021-01-26 11:20:00", "subject": "0", "recorded-or-robo": "", "city": "", "state": "OH", "area-code": "330"}, {"id": "490dde24b259add1335244cd1b7128ba", "number": "8319991626", "date": "2021-01-26 12:00:00", "subject": "4", "recorded-or-robo": "N", "city": "", "state": "CA", "area-code": "831"}, {"id": "490dde24b259add1335244cd1b7125e5", "number": "2172151902", "date": "2021-01-26 12:52:00", "subject": "2", "recorded-or-robo": "N", "city": "White Plains", "state": "NY", "area-code": "914"}, {"id": "490dde24b259add1335244cd1b7124b1", "number": "2816242010", "date": "2021-01-25 12:00:00", "subject": "1", "recorded-or-robo": "N", "city": "", "state": "MO", "area-code": "573"}, {"id": "490dde24b259add1335244cd1b711651", "number": "7136305343", "date": "2021-01-26 10:55:00", "subject": "0", "recorded-or-robo": "Y", "city": "", "state": "TX", "area-code": "713"}, {"id": "490dde24b259add1335244cd1b711639", "number": "3863872014", "date": "2021-01-26 12:50:00", "subject": "4", "recorded-or-robo": "Y", "city": "Salisbury", "state": "MD", "area-code": "410"}, {"id": "490dde24b259add1335244cd1b710ec6", "number": "3154251431", "date": "2021-01-26 09:00:00", "subject": "0", "recorded-or-robo": "Y", "city": "syracuse", "state": "NY", "area-code": "315"}, {"id": "490dde24b259add1335244cd1b7103e8", "number": "6149532385", "date": "2021-01-20 10:54:00", "subject": "4", "recorded-or-robo": "Y", "city": "Dublin", "state": "OH", "area-code": "614"}, {"id": "490dde24b259add1335244cd1b70f6b4", "number": "4076265217", "date": "2021-01-25 12:00:00", "subject": "0", "recorded-or-robo": "Y", "city": "", "state": "FL", "area-code": "407"}, {"id": "490dde24b259add1335244cd1b70f34d", "number": "6167178561", "date": "2021-01-26 12:40:00", "subject": "4", "recorded-or-robo": "Y", "city": "Lowell", "state": "MI", "area-code": "616"}, {"id": "490dde24b259add1335244cd1b70e628", "number": "7038519589", "date": "2021-01-26 11:32:00", "subject": "2", "recorded-or-robo": "Y", "city": "Alexandria", "state": "VA", "area-code": "703"}, {"id": "490dde24b259add1335244cd1b70e0f5", "number": "8332297979", "date": "2021-01-26 12:42:00", "subject": "6", "recorded-or-robo": "N", "city": "Washington", "state": "Do", "area-code": "801"}, {"id": "490dde24b259add1335244cd1b70df0d", "number": "8134544942", "date": "2020-10-19 17:42:00", "subject": "2", "recorded-or-robo": "Y", "city": "", "state": "FL", "area-code": "813"}, {"id": "490dde24b259add1335244cd1b70d05d", "number": "2312016521", "date": "2021-01-16 16:31:00", "subject": "2", "recorded-or-robo": "Y", "city": "Traverse City", "state": "MI", "area-code": "231"}, {"id": "490dde24b259add1335244cd1b70c84d", "number": "7322034728", "date": "2021-01-25 00:00:00", "subject": "2", "recorded-or-robo": "", "city": "Deadwood", "state": "SD", "area-code": "605"}, {"id": "490dde24b259add1335244cd1b70b857", "number": "8282693867", "date": "2021-01-26 11:08:00", "subject": "3", "recorded-or-robo": "", "city": "", "state": "NC", "area-code": "828"}, {"id": "490dde24b259add1335244cd1b70b214", "number": "9787699544", "date": "2021-01-26 11:49:00", "subject": "1", "recorded-or-robo": "Y", "city": "", "state": "WI", "area-code": "608"}, {"id": "490dde24b259add1335244cd1b70aca6", "number": "6093731593", "date": "2021-01-26 11:49:00", "subject": "4", "recorded-or-robo": "Y", "city": "Sewell", "state": "NJ", "area-code": "856"}, {"id": "490dde24b259add1335244cd1b70a378", "number": "7186157764", "date": "2021-01-26 12:47:00", "subject": "3", "recorded-or-robo": "Y", "city": "", "state": "NY", "area-code": "718"}, {"id": "490dde24b259add1335244cd1b709f45", "number": "3523538161", "date": "2021-01-26 11:16:00", "subject": "2", "recorded-or-robo": "Y", "city": "", "state": "FL", "area-code": "407"}, {"id": "490dde24b259add1335244cd1b709102", "number": "5406439945", "date": "2021-01-26 09:43:00", "subject": "6", "recorded-or-robo": "N", "city": "Warrenton", "state": "VA", "area-code": "540"}, {"id": "490dde24b259add1335244cd1b708343", "number": "4234661311", "date": "2021-01-26 12:50:00", "subject": "4", "recorded-or-robo": "Y", "city": "ST JOHNS", "state": "FL", "area-code": "423"}, {"id": "490dde24b259add1335244cd1b707db0", "number": "3306818174", "date": "2021-01-26 10:47:00", "subject": "0", "recorded-or-robo": "", "city": "", "state": "OH", "area-code": "330"}, {"id": "490dde24b259add1335244cd1b707ade", "number": "2232138206", "date": "2021-01-26 12:47:00", "subject": "2", "recorded-or-robo": "Y", "city": "", "state": "MD", "area-code": "443"}, {"id": "490dde24b259add1335244cd1b70773d", "number": "9807371785", "date": "2021-01-26 10:09:00", "subject": "2", "recorded-or-robo": "N", "city": "Baltimore", "state": "MD", "area-code": "410"}, {"id": "490dde24b259add1335244cd1b706963", "number": "4076171733", "date": "2021-01-25 12:54:00", "subject": "0", "recorded-or-robo": "Y", "city": "", "state": "FL", "area-code": "407"}, {"id": "490dde24b259add1335244cd1b70631c", "number": "2085619257", "date": "2021-01-26 10:38:00", "subject": "3", "recorded-or-robo": "", "city": "", "state": "NC", "area-code": "828"}, {"id": "490dde24b259add1335244cd1b705c73", "number": "7707307882", "date": "2021-01-26 00:50:00", "subject": "4", "recorded-or-robo": "N", "city": "longwood", "state": "FL", "area-code": "678"}, {"id": "490dde24b259add1335244cd1b705096", "number": "3142499994", "date": "2021-01-25 11:15:00", "subject": "6", "recorded-or-robo": "Y", "city": "", "state": "IL", "area-code": "708"}, {"id": "490dde24b259add1335244cd1b704476", "number": "8136929085", "date": "2021-01-25 19:42:00", "subject": "3", "recorded-or-robo": "Y", "city": "", "state": "FL", "area-code": "813"}, {"id": "490dde24b259add1335244cd1b7040d7", "number": "7162265365", "date": "2021-01-26 10:21:00", "subject": "2", "recorded-or-robo": "N", "city": "CANANDAIGUA", "state": "NY", "area-code": "585"}, {"id": "490dde24b259add1335244cd1b70363e", "number": "7245918074", "date": "2021-01-26 12:00:00", "subject": "11", "recorded-or-robo": "N", "city": "", "state": "PA", "area-code": "412"}, {"id": "490dde24b259add1335244cd1b702840", "number": "2628852686", "date": "2021-01-26 12:49:00", "subject": "2", "recorded-or-robo": "Y", "city": "Alexandria", "state": "VA", "area-code": "703"}, {"id": "490dde24b259add1335244cd1b701e3c", "number": "8172250663", "date": "2021-01-26 11:43:00", "subject": "2", "recorded-or-robo": "Y", "city": "grapevine", "state": "TX", "area-code": "214"}, {"id": "490dde24b259add1335244cd1b700ecf", "number": "7244912609", "date": "2021-01-25 16:09:00", "subject": "3", "recorded-or-robo": "", "city": "", "state": "NC", "area-code": "828"}, {"id": "490dde24b259add1335244cd1b700da0", "number": "5517582099", "date": "2021-01-26 12:47:00", "subject": "2", "recorded-or-robo": "N", "city": "", "state": "NJ", "area-code": "973"}, {"id": "490dde24b259add1335244cd1b6ffda5", "number": "4692972921", "date": "2021-01-26 11:45:00", "subject": "7", "recorded-or-robo": "Y", "city": "Farmers Branch", "state": "TX", "area-code": "972"}, {"id": "490dde24b259add1335244cd1b6ff560", "number": "7137032650", "date": "2021-01-26 10:46:00", "subject": "2", "recorded-or-robo": "Y", "city": "brookshire", "state": "TX", "area-code": "713"}, {"id": "490dde24b259add1335244cd1b6fea3a", "number": "7322034737", "date": "2021-01-25 12:12:00", "subject": "2", "recorded-or-robo": "Y", "city": "Deadwood", "state": "SD", "area-code": "605"}, {"id": "490dde24b259add1335244cd1b6fdd30", "number": "7156709185", "date": "2021-01-26 11:46:00", "subject": "4", "recorded-or-robo": "Y", "city": "Elkhorn", "state": "WI", "area-code": "262"}, {"id": "490dde24b259add1335244cd1b6fd44b", "number": "2314459971", "date": "2021-01-18 12:22:00", "subject": "2", "recorded-or-robo": "Y", "city": "Traverse City", "state": "MI", "area-code": "231"}, {"id": "490dde24b259add1335244cd1b6fc54d", "number": "2086846496", "date": "2021-01-26 11:41:00", "subject": "2", "recorded-or-robo": "Y", "city": "wichita", "state": "KS", "area-code": "316"}, {"id": "490dde24b259add1335244cd1b6fbe52", "number": "8442437661", "date": "2021-01-26 00:00:00", "subject": "5", "recorded-or-robo": "Y", "city": "", "state": "MI", "area-code": "313"}, {"id": "490dde24b259add1335244cd1b6fbab8", "number": "3307240338", "date": "2021-01-26 10:30:00", "subject": "0", "recorded-or-robo": "", "city": "", "state": "OH", "area-code": "330"}, {"id": "490dde24b259add1335244cd1b6fb11d", "number": "", "date": "2021-01-26 12:50:00", "subject": "3", "recorded-or-robo": "Y", "city": "", "state": "PA", "area-code": "215"}, {"id": "490dde24b259add1335244cd1b6fa524", "number": "7274729389", "date": "2020-12-21 10:49:00", "subject": "3", "recorded-or-robo": "", "city": "Lebanon", "state": "FL", "area-code": "727"}]}