{"data": [{"id": "deca54a6651fb9add5b4a9816cca38ef", "number": "7065285703", "date": "2021-01-22 13:36:00", "subject": "2", "recorded-or-robo": "Y", "city": "Cornelia", "state": "GA", "area-code": "706"}, {"id": "deca54a6651fb9add5b4a9816cca33bf", "number": "", "date": "2021-01-21 11:13:00", "subject": "0", "recorded-or-robo": "Y", "city": "Old Bridge", "state": "NJ", "area-code": "973"}, {"id": "1d36742e3f24f50e4e7ae828013200d7", "number": "7048737214", "date": "2021-01-22 18:32:31", "subject": "3", "recorded-or-robo": "Y", "city": "", "state": "NC", "area-code": "704"}, {"id": "e81c9350d54f66c6d33b3747ee9d171b", "number": "7048737214", "date": "2021-01-22 18:32:30", "subject": "3", "recorded-or-robo": "Y", "city": "", "state": "NC", "area-code": "704"}, {"id": "1d36742e3f24f50e4e7ae828013232f5", "number": "7048737214", "date": "2021-01-22 18:32:30", "subject": "3", "recorded-or-robo": "Y", "city": "", "state": "NC", "area-code": "704"}, {"id": "e81c9350d54f66c6d33b3747ee352362", "number": "5418404390", "date": "2021-01-22 15:15:00", "subject": "2", "recorded-or-robo": "Y", "city": "Central Point", "state": "OR", "area-code": "541"}, {"id": "deca54a6651fb9add5b4a9816cca2fe3", "number": "5418404390", "date": "2021-01-22 15:15:00", "subject": "2", "recorded-or-robo": "Y", "city": "Central Point", "state": "OR", "area-code": "541"}, {"id": "e81c9350d54f66c6d33b3747ee351c6b", "number": "2169313907", "date": "2021-01-22 18:31:00", "subject": "0", "recorded-or-robo": "", "city": "Shaker Heights", "state": "OH", "area-code": "216"}, {"id": "e81c9350d54f66c6d33b3747ee35158b", "number": "5076935904", "date": "2021-01-22 17:28:00", "subject": "2", "recorded-or-robo": "Y", "city": "Luverne", "state": "MN", "area-code": "507"}, {"id": "deca54a6651fb9add5b4a9816cca25fc", "number": "2169313907", "date": "2021-01-22 18:31:00", "subject": "0", "recorded-or-robo": "", "city": "Shaker Heights", "state": "OH", "area-code": "216"}, {"id": "deca54a6651fb9add5b4a9816cca1e83", "number": "5076935904", "date": "2021-01-22 17:28:00", "subject": "2", "recorded-or-robo": "Y", "city": "Luverne", "state": "MN", "area-code": "507"}, {"id": "e81c9350d54f66c6d33b3747ee34ff3f", "number": "8123974961", "date": "2021-01-22 17:29:00", "subject": "0", "recorded-or-robo": "Y", "city": "evansville", "state": "IN", "area-code": "812"}, {"id": "deca54a6651fb9add5b4a9816cca0f75", "number": "8123974961", "date": "2021-01-22 17:29:00", "subject": "0", "recorded-or-robo": "Y", "city": "evansville", "state": "IN", "area-code": "812"}, {"id": "e81c9350d54f66c6d33b3747ee34f728", "number": "5044366131", "date": "2021-01-22 06:48:00", "subject": "2", "recorded-or-robo": "Y", "city": "Bend", "state": "OR", "area-code": "541"}, {"id": "deca54a6651fb9add5b4a9816cca0acb", "number": "5044366131", "date": "2021-01-22 06:48:00", "subject": "2", "recorded-or-robo": "Y", "city": "Bend", "state": "OR", "area-code": "541"}, {"id": "e81c9350d54f66c6d33b3747ee9d90c6", "number": "7576598194", "date": "2021-01-22 18:32:18", "subject": "3", "recorded-or-robo": "Y", "city": "", "state": "VA", "area-code": "757"}, {"id": "1d36742e3f24f50e4e7ae828013292cc", "number": "7576598194", "date": "2021-01-22 18:32:18", "subject": "3", "recorded-or-robo": "Y", "city": "", "state": "VA", "area-code": "757"}, {"id": "e81c9350d54f66c6d33b3747ee34611b", "number": "", "date": "2021-01-22 15:47:00", "subject": "3", "recorded-or-robo": "N", "city": "", "state": "VA", "area-code": "540"}, {"id": "deca54a6651fb9add5b4a9816cc94a84", "number": "", "date": "2021-01-22 15:47:00", "subject": "3", "recorded-or-robo": "N", "city": "", "state": "VA", "area-code": "540"}, {"id": "e81c9350d54f66c6d33b3747ee34f5c8", "number": "5594601021", "date": "2021-01-19 00:00:00", "subject": "3", "recorded-or-robo": "", "city": "", "state": "CA", "area-code": "760"}, {"id": "deca54a6651fb9add5b4a9816cca0972", "number": "5594601021", "date": "2021-01-19 00:00:00", "subject": "3", "recorded-or-robo": "", "city": "", "state": "CA", "area-code": "760"}, {"id": "e81c9350d54f66c6d33b3747ee34f26e", "number": "9892797813", "date": "2021-01-22 18:10:00", "subject": "2", "recorded-or-robo": "N", "city": "Ann Arbor", "state": "MI", "area-code": "313"}, {"id": "e81c9350d54f66c6d33b3747ee34f0a5", "number": "4058772488", "date": "2021-01-22 17:53:00", "subject": "1", "recorded-or-robo": "Y", "city": "", "state": "VA", "area-code": "757"}, {"id": "deca54a6651fb9add5b4a9816cca0167", "number": "9892797813", "date": "2021-01-22 18:10:00", "subject": "2", "recorded-or-robo": "N", "city": "Ann Arbor", "state": "MI", "area-code": "313"}, {"id": "deca54a6651fb9add5b4a9816cc9ffd3", "number": "4058772488", "date": "2021-01-22 17:53:00", "subject": "1", "recorded-or-robo": "Y", "city": "", "state": "VA", "area-code": "757"}, {"id": "e81c9350d54f66c6d33b3747ee34e98f", "number": "", "date": "2021-01-22 17:25:00", "subject": "3", "recorded-or-robo": "Y", "city": "", "state": "ND", "area-code": "701"}, {"id": "deca54a6651fb9add5b4a9816cc9fa05", "number": "", "date": "2021-01-22 17:25:00", "subject": "3", "recorded-or-robo": "Y", "city": "", "state": "ND", "area-code": "701"}, {"id": "e81c9350d54f66c6d33b3747ee34daff", "number": "5072747915", "date": "2021-01-22 08:34:00", "subject": "2", "recorded-or-robo": "N", "city": "Farmington", "state": "MN", "area-code": "651"}, {"id": "deca54a6651fb9add5b4a9816cc9eb84", "number": "5072747915", "date": "2021-01-22 08:34:00", "subject": "2", "recorded-or-robo": "N", "city": "Farmington", "state": "MN", "area-code": "651"}, {"id": "e81c9350d54f66c6d33b3747ee34dab2", "number": "2017309259", "date": "2021-01-18 08:26:00", "subject": "2", "recorded-or-robo": "Y", "city": "Plainsboro", "state": "NJ", "area-code": "609"}, {"id": "e81c9350d54f66c6d33b3747ee34d429", "number": "3107271269", "date": "2021-01-22 08:52:00", "subject": "4", "recorded-or-robo": "Y", "city": "GILROY", "state": "CA", "area-code": "408"}, {"id": "deca54a6651fb9add5b4a9816cc9dc29", "number": "2017309259", "date": "2021-01-18 08:26:00", "subject": "2", "recorded-or-robo": "Y", "city": "Plainsboro", "state": "NJ", "area-code": "609"}, {"id": "deca54a6651fb9add5b4a9816cc9cf88", "number": "3107271269", "date": "2021-01-22 08:52:00", "subject": "4", "recorded-or-robo": "Y", "city": "GILROY", "state": "CA", "area-code": "408"}, {"id": "e81c9350d54f66c6d33b3747ee9d417a", "number": "+19105662123", "date": "2021-01-22 18:32:01", "subject": "3", "recorded-or-robo": "N", "city": "", "state": "NC", "area-code": "252"}, {"id": "e81c9350d54f66c6d33b3747ee34cc30", "number": "7343253498", "date": "2021-01-22 18:22:00", "subject": "2", "recorded-or-robo": "N", "city": "Belleville", "state": "MI", "area-code": "734"}, {"id": "e81c9350d54f66c6d33b3747ee34be03", "number": "5592490063", "date": "2021-01-21 12:46:00", "subject": "2", "recorded-or-robo": "Y", "city": "Clovis", "state": "CA", "area-code": "559"}, {"id": "deca54a6651fb9add5b4a9816cc9ce1a", "number": "7343253498", "date": "2021-01-22 18:22:00", "subject": "2", "recorded-or-robo": "N", "city": "Belleville", "state": "MI", "area-code": "734"}, {"id": "deca54a6651fb9add5b4a9816cc9bf61", "number": "5592490063", "date": "2021-01-21 12:46:00", "subject": "2", "recorded-or-robo": "Y", "city": "Clovis", "state": "CA", "area-code": "559"}, {"id": "1d36742e3f24f50e4e7ae828013260e5", "number": "+19105662123", "date": "2021-01-22 18:32:01", "subject": "3", "recorded-or-robo": "N", "city": "", "state": "NC", "area-code": "252"}, {"id": "e81c9350d54f66c6d33b3747ee34b6bf", "number": "5067850457", "date": "2021-01-22 18:13:00", "subject": "1", "recorded-or-robo": "Y", "city": "Portsmouth", "state": "VA", "area-code": "757"}, {"id": "deca54a6651fb9add5b4a9816cc9bc0f", "number": "5067850457", "date": "2021-01-22 18:13:00", "subject": "1", "recorded-or-robo": "Y", "city": "Portsmouth", "state": "VA", "area-code": "757"}, {"id": "e81c9350d54f66c6d33b3747ee9d756e", "number": "+19189909077", "date": "2021-01-22 18:31:49", "subject": "3", "recorded-or-robo": "N", "city": "", "state": "TX", "area-code": "682"}, {"id": "1d36742e3f24f50e4e7ae82801328682", "number": "+19189909077", "date": "2021-01-22 18:31:49", "subject": "3", "recorded-or-robo": "N", "city": "", "state": "TX", "area-code": "682"}, {"id": "e81c9350d54f66c6d33b3747ee34a75c", "number": "7035141406", "date": "2021-01-22 18:20:00", "subject": "5", "recorded-or-robo": "Y", "city": "Charlottesville", "state": "VA", "area-code": "434"}, {"id": "e81c9350d54f66c6d33b3747ee34a015", "number": "4078394420", "date": "2021-01-20 00:00:00", "subject": "3", "recorded-or-robo": "", "city": "", "state": "CA", "area-code": "760"}, {"id": "deca54a6651fb9add5b4a9816cc9b7bd", "number": "7035141406", "date": "2021-01-22 18:20:00", "subject": "5", "recorded-or-robo": "Y", "city": "Charlottesville", "state": "VA", "area-code": "434"}, {"id": "deca54a6651fb9add5b4a9816cc9b721", "number": "4078394420", "date": "2021-01-20 00:00:00", "subject": "3", "recorded-or-robo": "", "city": "", "state": "CA", "area-code": "760"}, {"id": "e81c9350d54f66c6d33b3747ee34903d", "number": "8053087171", "date": "2021-01-22 11:25:00", "subject": "2", "recorded-or-robo": "Y", "city": "", "state": "CA", "area-code": "707"}, {"id": "deca54a6651fb9add5b4a9816cc9b433", "number": "8053087171", "date": "2021-01-22 11:25:00", "subject": "2", "recorded-or-robo": "Y", "city": "", "state": "CA", "area-code": "707"}, {"id": "e81c9350d54f66c6d33b3747ee348eda", "number": "8554990239", "date": "2021-01-22 12:48:00", "subject": "6", "recorded-or-robo": "N", "city": "Phoenix", "state": "AZ", "area-code": "262"}]}