{"data": [{"id": "490dde24b259add1335244cd1b4ae93c", "number": "8304319293", "date": "2021-01-26 10:05:00", "subject": "2", "recorded-or-robo": "Y", "city": "Santa Fe NM", "state": "NM", "area-code": "830"}, {"id": "490dde24b259add1335244cd1b4adece", "number": "8135787196", "date": "2021-01-26 11:11:00", "subject": "0", "recorded-or-robo": "N", "city": "", "state": "FL", "area-code": "813"}, {"id": "490dde24b259add1335244cd1b4ad623", "number": "8163380156", "date": "2021-01-26 10:49:00", "subject": "2", "recorded-or-robo": "N", "city": "Belton", "state": "MO", "area-code": "816"}, {"id": "490dde24b259add1335244cd1b4ad0b7", "number": "4077293349", "date": "2021-01-26 11:52:00", "subject": "2", "recorded-or-robo": "N", "city": "orlando", "state": "FL", "area-code": "407"}, {"id": "490dde24b259add1335244cd1b4ac480", "number": "2312165153", "date": "2021-01-20 11:36:00", "subject": "2", "recorded-or-robo": "Y", "city": "", "state": "TX", "area-code": "832"}, {"id": "490dde24b259add1335244cd1b4ab69c", "number": "4195009460", "date": "2021-01-22 08:33:00", "subject": "1", "recorded-or-robo": "Y", "city": "Mooresville", "state": "NC", "area-code": "419"}, {"id": "490dde24b259add1335244cd1b4aa714", "number": "3073128340", "date": "2021-01-07 13:26:00", "subject": "4", "recorded-or-robo": "Y", "city": "PHOENIX", "state": "AZ", "area-code": "602"}, {"id": "490dde24b259add1335244cd1b4a9943", "number": "8773808946", "date": "2021-01-26 21:43:00", "subject": "2", "recorded-or-robo": "Y", "city": "", "state": "AL", "area-code": "205"}, {"id": "490dde24b259add1335244cd1b4a92e8", "number": "5754186238", "date": "2021-01-26 12:04:00", "subject": "0", "recorded-or-robo": "Y", "city": "Bel Air", "state": "MD", "area-code": "410"}, {"id": "490dde24b259add1335244cd1b4a8770", "number": "5754186238", "date": "2021-01-26 12:04:00", "subject": "0", "recorded-or-robo": "Y", "city": "Bel Air", "state": "MD", "area-code": "410"}, {"id": "490dde24b259add1335244cd1b4a7aaf", "number": "5754186238", "date": "2021-01-26 12:04:00", "subject": "0", "recorded-or-robo": "Y", "city": "Bel Air", "state": "MD", "area-code": "410"}, {"id": "490dde24b259add1335244cd1b4a72ea", "number": "9013692060", "date": "2021-01-26 10:07:00", "subject": "11", "recorded-or-robo": "Y", "city": "Bronx", "state": "NY", "area-code": "718"}, {"id": "490dde24b259add1335244cd1b4a6a59", "number": "8016316029", "date": "2021-01-26 09:02:00", "subject": "0", "recorded-or-robo": "Y", "city": "Salt Lake City", "state": "UT", "area-code": "801"}, {"id": "490dde24b259add1335244cd1b4a61f1", "number": "7183134911", "date": "2021-01-25 10:18:00", "subject": "0", "recorded-or-robo": "Y", "city": "Mobile", "state": "AL", "area-code": "251"}, {"id": "490dde24b259add1335244cd1b4a5910", "number": "8522882915", "date": "2021-01-26 10:00:00", "subject": "0", "recorded-or-robo": "N", "city": "Pace", "state": "FL", "area-code": "407"}, {"id": "490dde24b259add1335244cd1b4a4bae", "number": "5415768149", "date": "2021-01-25 09:36:00", "subject": "0", "recorded-or-robo": "Y", "city": "Medford", "state": "OR", "area-code": "541"}, {"id": "490dde24b259add1335244cd1b4a4668", "number": "2108126433", "date": "2021-01-26 11:01:00", "subject": "2", "recorded-or-robo": "Y", "city": "SAN ANTONIO", "state": "TX", "area-code": "210"}, {"id": "490dde24b259add1335244cd1b4a4450", "number": "3038484733", "date": "2021-01-26 10:00:00", "subject": "4", "recorded-or-robo": "Y", "city": "wheat ridge", "state": "CO", "area-code": "303"}, {"id": "490dde24b259add1335244cd1b4a3626", "number": "4055481330", "date": "2021-01-26 09:36:00", "subject": "2", "recorded-or-robo": "N", "city": "Edmond", "state": "OK", "area-code": "405"}, {"id": "490dde24b259add1335244cd1b4a29bc", "number": "9725769255", "date": "2021-01-26 10:35:00", "subject": "2", "recorded-or-robo": "", "city": "DALLAS", "state": "TX", "area-code": "972"}, {"id": "490dde24b259add1335244cd1b4a1da5", "number": "9414262946", "date": "2021-01-26 12:06:00", "subject": "5", "recorded-or-robo": "Y", "city": "Port Charlotte", "state": "FL", "area-code": "941"}, {"id": "490dde24b259add1335244cd1b4a1040", "number": "7026802115", "date": "2021-01-26 09:04:00", "subject": "6", "recorded-or-robo": "Y", "city": "", "state": "NV", "area-code": "702"}, {"id": "490dde24b259add1335244cd1b4a0cfa", "number": "4159678579", "date": "2020-12-16 18:50:00", "subject": "7", "recorded-or-robo": "Y", "city": "Portsmouth", "state": "OH", "area-code": "740"}, {"id": "490dde24b259add1335244cd1b499348", "number": "7327251021", "date": "2021-01-26 12:00:00", "subject": "3", "recorded-or-robo": "N", "city": "", "state": "NY", "area-code": "718"}, {"id": "490dde24b259add1335244cd1b4a0c9f", "number": "4792791648", "date": "2021-01-26 10:04:00", "subject": "3", "recorded-or-robo": "", "city": "", "state": "AR", "area-code": "479"}, {"id": "490dde24b259add1335244cd1b4a04d4", "number": "436643079", "date": "2021-01-23 14:13:00", "subject": "6", "recorded-or-robo": "N", "city": "", "state": "MD", "area-code": "443"}, {"id": "490dde24b259add1335244cd1b49ff2f", "number": "8637401873", "date": "2021-01-12 12:45:00", "subject": "3", "recorded-or-robo": "Y", "city": "Las Vegas", "state": "NV", "area-code": "702"}, {"id": "490dde24b259add1335244cd1b49fda8", "number": "5754186238", "date": "2021-01-26 12:04:00", "subject": "0", "recorded-or-robo": "Y", "city": "Bel Air", "state": "MD", "area-code": "410"}, {"id": "490dde24b259add1335244cd1b497e36", "number": "7735170982", "date": "2021-01-25 11:06:00", "subject": "3", "recorded-or-robo": "", "city": "", "state": "IL", "area-code": "773"}, {"id": "490dde24b259add1335244cd1b49f353", "number": "9253262590", "date": "2021-01-26 10:18:00", "subject": "1", "recorded-or-robo": "Y", "city": "Waco", "state": "TX", "area-code": "917"}, {"id": "490dde24b259add1335244cd1b49f0d4", "number": "2157709186", "date": "2021-01-25 16:56:00", "subject": "2", "recorded-or-robo": "Y", "city": "Naylor", "state": "MO", "area-code": "573"}, {"id": "490dde24b259add1335244cd1b49e620", "number": "2183531278", "date": "2021-01-13 09:34:00", "subject": "2", "recorded-or-robo": "N", "city": "Hayward", "state": "MN", "area-code": "218"}, {"id": "490dde24b259add1335244cd1b49de82", "number": "2257250557", "date": "2021-01-26 11:57:00", "subject": "2", "recorded-or-robo": "", "city": "Gaines", "state": "MI", "area-code": "810"}, {"id": "490dde24b259add1335244cd1b49dd84", "number": "8035981648", "date": "2021-01-26 10:19:00", "subject": "0", "recorded-or-robo": "N", "city": "", "state": "SC", "area-code": "843"}, {"id": "490dde24b259add1335244cd1b49cde9", "number": "43566565302", "date": "2021-01-26 10:06:00", "subject": "4", "recorded-or-robo": "Y", "city": "Salt Lake City", "state": "UT", "area-code": "801"}, {"id": "490dde24b259add1335244cd1b49c0e3", "number": "8632591001", "date": "2021-01-26 12:06:00", "subject": "1", "recorded-or-robo": "Y", "city": "", "state": "FL", "area-code": "863"}, {"id": "490dde24b259add1335244cd1b49b457", "number": "7042756996", "date": "2021-01-26 10:39:00", "subject": "0", "recorded-or-robo": "Y", "city": "", "state": "NC", "area-code": "828"}, {"id": "490dde24b259add1335244cd1b49adc9", "number": "7012939829", "date": "2021-01-26 10:00:00", "subject": "2", "recorded-or-robo": "N", "city": "", "state": "ND", "area-code": "701"}, {"id": "490dde24b259add1335244cd1b49a79b", "number": "7065497388", "date": "2021-01-25 00:00:00", "subject": "8", "recorded-or-robo": "Y", "city": "", "state": "FL", "area-code": "813"}, {"id": "490dde24b259add1335244cd1b4999ca", "number": "1262021", "date": "2021-01-26 12:00:00", "subject": "2", "recorded-or-robo": "Y", "city": "Gary", "state": "IN", "area-code": "219"}, {"id": "490dde24b259add1335244cd1b498e62", "number": "3605734860", "date": "2021-01-26 09:00:00", "subject": "3", "recorded-or-robo": "Y", "city": "", "state": "WA", "area-code": "360"}, {"id": "490dde24b259add1335244cd1b49898a", "number": "5165024976", "date": "2021-01-26 12:00:00", "subject": "3", "recorded-or-robo": "N", "city": "", "state": "NY", "area-code": "516"}, {"id": "490dde24b259add1335244cd1b498062", "number": "6616894476", "date": "2021-01-26 10:14:00", "subject": "1", "recorded-or-robo": "Y", "city": "Brookfield", "state": "WI", "area-code": "262"}, {"id": "490dde24b259add1335244cd1b49765a", "number": "8763689423", "date": "2021-01-26 23:30:00", "subject": "16", "recorded-or-robo": "Y", "city": "West Hartford", "state": "CT", "area-code": "646"}, {"id": "490dde24b259add1335244cd1b497290", "number": "4195663335", "date": "2021-01-26 11:50:00", "subject": "0", "recorded-or-robo": "Y", "city": "elida", "state": "OH", "area-code": "419"}, {"id": "490dde24b259add1335244cd1b496a84", "number": "7327122193", "date": "2021-01-25 11:53:00", "subject": "2", "recorded-or-robo": "N", "city": "ELLENDALE", "state": "DE", "area-code": "302"}, {"id": "490dde24b259add1335244cd1b4967c1", "number": "8883544128", "date": "2021-01-26 09:03:00", "subject": "1", "recorded-or-robo": "N", "city": "Folsom", "state": "CA", "area-code": "916"}, {"id": "490dde24b259add1335244cd1b4966d4", "number": "3122100856", "date": "2021-01-26 10:55:00", "subject": "2", "recorded-or-robo": "N", "city": "", "state": "IL", "area-code": "773"}, {"id": "490dde24b259add1335244cd1b4963fc", "number": "3124719512", "date": "2021-01-26 10:56:00", "subject": "2", "recorded-or-robo": "Y", "city": "Barberton", "state": "OH", "area-code": "312"}, {"id": "490dde24b259add1335244cd1b495fb0", "number": "3144937787", "date": "2021-01-26 09:01:00", "subject": "0", "recorded-or-robo": "Y", "city": "Medford", "state": "OR", "area-code": "541"}]}