{"data": [{"id": "3decc6bfadaa436a105714c6ba6bf70a", "number": "2699644692", "date": "2021-01-22 14:45:00", "subject": "0", "recorded-or-robo": "N", "city": "", "state": "MI", "area-code": "269"}, {"id": "03e293b3df9e35eadf15c561190203e0", "number": "2699644692", "date": "2021-01-22 14:45:00", "subject": "0", "recorded-or-robo": "N", "city": "", "state": "MI", "area-code": "269"}, {"id": "3decc6bfadaa436a105714c6ba8262ac", "number": "6367445008", "date": "2021-01-23 21:22:01", "subject": "3", "recorded-or-robo": "Y", "city": "", "state": "MO", "area-code": "636"}, {"id": "03e293b3df9e35eadf15c5611918dc8b", "number": "6367445008", "date": "2021-01-23 21:22:01", "subject": "3", "recorded-or-robo": "Y", "city": "", "state": "MO", "area-code": "636"}, {"id": "3decc6bfadaa436a105714c6ba826dd7", "number": "4124303876", "date": "2021-01-23 21:20:46", "subject": "3", "recorded-or-robo": "Y", "city": "", "state": "WA", "area-code": "206"}, {"id": "03e293b3df9e35eadf15c5611918dec8", "number": "4124303876", "date": "2021-01-23 21:20:46", "subject": "3", "recorded-or-robo": "Y", "city": "", "state": "WA", "area-code": "206"}, {"id": "3decc6bfadaa436a105714c6ba6bec56", "number": "2694763153", "date": "2021-01-22 17:34:00", "subject": "0", "recorded-or-robo": "N", "city": "", "state": "MI", "area-code": "269"}, {"id": "03e293b3df9e35eadf15c5611901fd1c", "number": "2694763153", "date": "2021-01-22 17:34:00", "subject": "0", "recorded-or-robo": "N", "city": "", "state": "MI", "area-code": "269"}, {"id": "3decc6bfadaa436a105714c6ba825c31", "number": "6363370976", "date": "2021-01-23 21:19:43", "subject": "3", "recorded-or-robo": "N", "city": "", "state": "MO", "area-code": "636"}, {"id": "03e293b3df9e35eadf15c5611918d0a8", "number": "6363370976", "date": "2021-01-23 21:19:43", "subject": "3", "recorded-or-robo": "N", "city": "", "state": "MO", "area-code": "636"}, {"id": "3decc6bfadaa436a105714c6ba82476a", "number": "6363370976", "date": "2021-01-23 21:19:42", "subject": "3", "recorded-or-robo": "N", "city": "", "state": "MO", "area-code": "636"}, {"id": "03e293b3df9e35eadf15c5611918ce90", "number": "6363370976", "date": "2021-01-23 21:19:42", "subject": "3", "recorded-or-robo": "N", "city": "", "state": "MO", "area-code": "636"}, {"id": "3decc6bfadaa436a105714c6ba8255b0", "number": "8039562685", "date": "2021-01-23 21:19:39", "subject": "3", "recorded-or-robo": "Y", "city": "", "state": "FL", "area-code": "813"}, {"id": "03e293b3df9e35eadf15c5611918cf99", "number": "8039562685", "date": "2021-01-23 21:19:39", "subject": "3", "recorded-or-robo": "Y", "city": "", "state": "FL", "area-code": "813"}, {"id": "3decc6bfadaa436a105714c6ba6be591", "number": "6199315902", "date": "2021-01-23 12:11:00", "subject": "1", "recorded-or-robo": "Y", "city": "", "state": "CA", "area-code": "619"}, {"id": "03e293b3df9e35eadf15c5611901fb6d", "number": "6199315902", "date": "2021-01-23 12:11:00", "subject": "1", "recorded-or-robo": "Y", "city": "", "state": "CA", "area-code": "619"}, {"id": "3decc6bfadaa436a105714c6ba6be0dd", "number": "2692206995", "date": "2021-01-22 09:13:00", "subject": "0", "recorded-or-robo": "N", "city": "", "state": "MI", "area-code": "269"}, {"id": "03e293b3df9e35eadf15c5611901f48e", "number": "2692206995", "date": "2021-01-22 09:13:00", "subject": "0", "recorded-or-robo": "N", "city": "", "state": "MI", "area-code": "269"}, {"id": "3decc6bfadaa436a105714c6ba828763", "number": "8139748719", "date": "2021-01-23 21:18:33", "subject": "3", "recorded-or-robo": "Y", "city": "", "state": "FL", "area-code": "813"}, {"id": "03e293b3df9e35eadf15c5611918fa4d", "number": "8139748719", "date": "2021-01-23 21:18:33", "subject": "3", "recorded-or-robo": "Y", "city": "", "state": "FL", "area-code": "813"}, {"id": "3decc6bfadaa436a105714c6ba826ff6", "number": "9413511354", "date": "2021-01-23 21:18:04", "subject": "3", "recorded-or-robo": "N", "city": "", "state": "FL", "area-code": "813"}, {"id": "03e293b3df9e35eadf15c5611918e862", "number": "9413511354", "date": "2021-01-23 21:18:04", "subject": "3", "recorded-or-robo": "N", "city": "", "state": "FL", "area-code": "813"}, {"id": "3decc6bfadaa436a105714c6ba823750", "number": "9568437000", "date": "2021-01-23 21:17:50", "subject": "3", "recorded-or-robo": "Y", "city": "", "state": "TX", "area-code": "956"}, {"id": "03e293b3df9e35eadf15c5611918b6dc", "number": "9568437000", "date": "2021-01-23 21:17:50", "subject": "3", "recorded-or-robo": "Y", "city": "", "state": "TX", "area-code": "956"}, {"id": "3decc6bfadaa436a105714c6ba6bda1e", "number": "2699747790", "date": "2021-01-21 15:54:00", "subject": "0", "recorded-or-robo": "N", "city": "", "state": "MI", "area-code": "269"}, {"id": "03e293b3df9e35eadf15c5611901f23d", "number": "2699747790", "date": "2021-01-21 15:54:00", "subject": "0", "recorded-or-robo": "N", "city": "", "state": "MI", "area-code": "269"}, {"id": "3decc6bfadaa436a105714c6ba6bd5f1", "number": "5672149031", "date": "2021-01-22 13:24:00", "subject": "0", "recorded-or-robo": "Y", "city": "", "state": "OH", "area-code": "567"}, {"id": "03e293b3df9e35eadf15c5611901e292", "number": "5672149031", "date": "2021-01-22 13:24:00", "subject": "0", "recorded-or-robo": "Y", "city": "", "state": "OH", "area-code": "567"}, {"id": "3decc6bfadaa436a105714c6ba6bc6db", "number": "3867921560", "date": "2021-01-23 20:25:00", "subject": "0", "recorded-or-robo": "Y", "city": "", "state": "FL", "area-code": "352"}, {"id": "03e293b3df9e35eadf15c5611901d4b8", "number": "3867921560", "date": "2021-01-23 20:25:00", "subject": "0", "recorded-or-robo": "Y", "city": "", "state": "FL", "area-code": "352"}, {"id": "3decc6bfadaa436a105714c6ba6bb4e7", "number": "8009918708", "date": "2021-01-22 10:16:00", "subject": "3", "recorded-or-robo": "N", "city": "", "state": "CA", "area-code": "415"}, {"id": "03e293b3df9e35eadf15c5611901c326", "number": "8009918708", "date": "2021-01-22 10:16:00", "subject": "3", "recorded-or-robo": "N", "city": "", "state": "CA", "area-code": "415"}, {"id": "3decc6bfadaa436a105714c6ba822fcb", "number": "+19142063050", "date": "2021-01-23 21:16:22", "subject": "3", "recorded-or-robo": "Y", "city": "", "state": "NY", "area-code": "347"}, {"id": "03e293b3df9e35eadf15c5611918a48d", "number": "+19142063050", "date": "2021-01-23 21:16:22", "subject": "3", "recorded-or-robo": "Y", "city": "", "state": "NY", "area-code": "347"}, {"id": "3decc6bfadaa436a105714c6ba6bbf01", "number": "8149240227", "date": "2021-01-15 15:30:00", "subject": "4", "recorded-or-robo": "Y", "city": "Erie", "state": "PA", "area-code": "814"}, {"id": "03e293b3df9e35eadf15c5611901d251", "number": "8149240227", "date": "2021-01-15 15:30:00", "subject": "4", "recorded-or-robo": "Y", "city": "Erie", "state": "PA", "area-code": "814"}, {"id": "3decc6bfadaa436a105714c6ba6bbcdd", "number": "6072145470", "date": "2021-01-22 12:19:00", "subject": "0", "recorded-or-robo": "Y", "city": "", "state": "OH", "area-code": "567"}, {"id": "03e293b3df9e35eadf15c5611901ccd9", "number": "6072145470", "date": "2021-01-22 12:19:00", "subject": "0", "recorded-or-robo": "Y", "city": "", "state": "OH", "area-code": "567"}, {"id": "3decc6bfadaa436a105714c6ba8230fb", "number": "+19145664352", "date": "2021-01-23 21:16:01", "subject": "3", "recorded-or-robo": "Y", "city": "", "state": "NY", "area-code": "347"}, {"id": "03e293b3df9e35eadf15c5611918a7c8", "number": "+19145664352", "date": "2021-01-23 21:16:01", "subject": "3", "recorded-or-robo": "Y", "city": "", "state": "NY", "area-code": "347"}, {"id": "3decc6bfadaa436a105714c6ba6ba67b", "number": "2482756895", "date": "2021-01-23 12:48:00", "subject": "0", "recorded-or-robo": "N", "city": "Farmington Hills", "state": "MI", "area-code": "248"}, {"id": "03e293b3df9e35eadf15c5611901becf", "number": "2482756895", "date": "2021-01-23 12:48:00", "subject": "0", "recorded-or-robo": "N", "city": "Farmington Hills", "state": "MI", "area-code": "248"}, {"id": "3decc6bfadaa436a105714c6ba6b9fa2", "number": "2697756809", "date": "2021-01-21 14:32:00", "subject": "0", "recorded-or-robo": "N", "city": "", "state": "MI", "area-code": "269"}, {"id": "03e293b3df9e35eadf15c5611901baa3", "number": "2697756809", "date": "2021-01-21 14:32:00", "subject": "0", "recorded-or-robo": "N", "city": "", "state": "MI", "area-code": "269"}, {"id": "3decc6bfadaa436a105714c6ba6b8f37", "number": "4155612246", "date": "2021-01-22 09:35:00", "subject": "3", "recorded-or-robo": "N", "city": "", "state": "CA", "area-code": "415"}, {"id": "03e293b3df9e35eadf15c5611901a938", "number": "4155612246", "date": "2021-01-22 09:35:00", "subject": "3", "recorded-or-robo": "N", "city": "", "state": "CA", "area-code": "415"}, {"id": "3decc6bfadaa436a105714c6ba6b9838", "number": "8647607543", "date": "2021-01-23 21:04:00", "subject": "1", "recorded-or-robo": "N", "city": "Greenwood", "state": "SC", "area-code": "864"}, {"id": "03e293b3df9e35eadf15c5611901ad36", "number": "8647607543", "date": "2021-01-23 21:04:00", "subject": "1", "recorded-or-robo": "N", "city": "Greenwood", "state": "SC", "area-code": "864"}, {"id": "3decc6bfadaa436a105714c6ba823ea1", "number": "3053503189", "date": "2021-01-23 21:13:05", "subject": "3", "recorded-or-robo": "N", "city": "", "state": "FL", "area-code": "305"}, {"id": "03e293b3df9e35eadf15c5611918c1af", "number": "3053503189", "date": "2021-01-23 21:13:05", "subject": "3", "recorded-or-robo": "N", "city": "", "state": "FL", "area-code": "305"}]}