{"data": [{"id": "490dde24b259add1335244cd1b663e83", "number": "5179695121", "date": "2021-01-22 17:20:00", "subject": "0", "recorded-or-robo": "N", "city": "", "state": "MI", "area-code": "248"}, {"id": "490dde24b259add1335244cd1b663bed", "number": "2392563149", "date": "2021-01-26 10:14:00", "subject": "3", "recorded-or-robo": "Y", "city": "", "state": "FL", "area-code": "321"}, {"id": "490dde24b259add1335244cd1b66357e", "number": "3609978585", "date": "2021-01-26 09:06:00", "subject": "2", "recorded-or-robo": "Y", "city": "Ferndale", "state": "WA", "area-code": "360"}, {"id": "490dde24b259add1335244cd1b6629cc", "number": "8182707589", "date": "2021-01-25 15:11:00", "subject": "2", "recorded-or-robo": "Y", "city": "", "state": "CA", "area-code": "818"}, {"id": "490dde24b259add1335244cd1b661db6", "number": "8059438298", "date": "2021-01-26 09:13:00", "subject": "2", "recorded-or-robo": "N", "city": "Santa barbara", "state": "CA", "area-code": "805"}, {"id": "490dde24b259add1335244cd1b660fc7", "number": "5085980377", "date": "2021-01-26 11:06:00", "subject": "6", "recorded-or-robo": "Y", "city": "FRANKLIN", "state": "MA", "area-code": "508"}, {"id": "490dde24b259add1335244cd1b660cfb", "number": "3157930551", "date": "2020-12-23 19:55:00", "subject": "2", "recorded-or-robo": "", "city": "Portsmouth", "state": "OH", "area-code": "740"}, {"id": "490dde24b259add1335244cd1b65fdd6", "number": "4232053386", "date": "2021-01-26 12:35:00", "subject": "4", "recorded-or-robo": "Y", "city": "Prince George", "state": "VA", "area-code": "804"}, {"id": "490dde24b259add1335244cd1b65f39c", "number": "9197520853", "date": "2021-01-26 11:34:00", "subject": "4", "recorded-or-robo": "Y", "city": "", "state": "NC", "area-code": "252"}, {"id": "490dde24b259add1335244cd1b65e483", "number": "5853129216", "date": "2021-01-26 12:39:00", "subject": "4", "recorded-or-robo": "Y", "city": "", "state": "NY", "area-code": "585"}, {"id": "490dde24b259add1335244cd1b65e093", "number": "5137128208", "date": "2021-01-23 14:35:00", "subject": "3", "recorded-or-robo": "", "city": "RICHARDSON", "state": "TX", "area-code": "469"}, {"id": "490dde24b259add1335244cd1b65dd02", "number": "", "date": "2021-01-26 11:55:00", "subject": "1", "recorded-or-robo": "Y", "city": "Hingham", "state": "MA", "area-code": "781"}, {"id": "490dde24b259add1335244cd1b65dc2e", "number": "7653990068", "date": "2021-01-26 12:01:00", "subject": "8", "recorded-or-robo": "N", "city": "MONCKS CORNER", "state": "SC", "area-code": "843"}, {"id": "490dde24b259add1335244cd1b65d741", "number": "8558262807", "date": "2021-01-25 08:09:00", "subject": "2", "recorded-or-robo": "Y", "city": "St. Albans", "state": "NY", "area-code": "718"}, {"id": "490dde24b259add1335244cd1b65bf59", "number": "8832298984", "date": "2021-01-26 00:00:00", "subject": "3", "recorded-or-robo": "N", "city": "", "state": "OH", "area-code": "614"}, {"id": "490dde24b259add1335244cd1b65d1aa", "number": "6078828211", "date": "2021-01-26 11:00:00", "subject": "3", "recorded-or-robo": "Y", "city": "", "state": "NY", "area-code": "607"}, {"id": "490dde24b259add1335244cd1b65c320", "number": "5024808317", "date": "2021-01-26 11:02:00", "subject": "0", "recorded-or-robo": "Y", "city": "Millburn", "state": "NJ", "area-code": "973"}, {"id": "490dde24b259add1335244cd1b65b50d", "number": "", "date": "2021-01-26 10:28:00", "subject": "4", "recorded-or-robo": "Y", "city": "", "state": "AL", "area-code": "256"}, {"id": "490dde24b259add1335244cd1b65acc9", "number": "8183221354", "date": "2021-01-25 13:39:00", "subject": "2", "recorded-or-robo": "Y", "city": "", "state": "CA", "area-code": "818"}, {"id": "490dde24b259add1335244cd1b65a70c", "number": "9704455723", "date": "2021-01-21 08:53:00", "subject": "4", "recorded-or-robo": "Y", "city": "Montrose", "state": "CO", "area-code": "970"}, {"id": "490dde24b259add1335244cd1b659ede", "number": "2317682992", "date": "2021-01-21 17:55:00", "subject": "2", "recorded-or-robo": "Y", "city": "Traverse City", "state": "MI", "area-code": "231"}, {"id": "490dde24b259add1335244cd1b658f64", "number": "8014959198", "date": "2021-01-26 10:35:00", "subject": "5", "recorded-or-robo": "Y", "city": "", "state": "UT", "area-code": "801"}, {"id": "490dde24b259add1335244cd1b658446", "number": "8883459842", "date": "2021-01-26 10:40:00", "subject": "1", "recorded-or-robo": "Y", "city": "Milton", "state": "FL", "area-code": "513"}, {"id": "490dde24b259add1335244cd1b657da3", "number": "7759646545", "date": "2021-01-26 12:26:00", "subject": "2", "recorded-or-robo": "Y", "city": "Manistee", "state": "MI", "area-code": "231"}, {"id": "490dde24b259add1335244cd1b657360", "number": "7575906987", "date": "2021-01-26 09:23:00", "subject": "2", "recorded-or-robo": "Y", "city": "Hampton", "state": "VA", "area-code": "757"}, {"id": "490dde24b259add1335244cd1b656db0", "number": "3043987569", "date": "2021-01-26 12:37:00", "subject": "1", "recorded-or-robo": "Y", "city": "", "state": "VA", "area-code": "703"}, {"id": "490dde24b259add1335244cd1b6567dd", "number": "9014608086", "date": "2020-12-01 11:36:00", "subject": "2", "recorded-or-robo": "Y", "city": "Memphis", "state": "TN", "area-code": "901"}, {"id": "490dde24b259add1335244cd1b65645c", "number": "", "date": "2021-01-26 11:09:00", "subject": "2", "recorded-or-robo": "Y", "city": "Clayton", "state": "WI", "area-code": "715"}, {"id": "490dde24b259add1335244cd1b6556df", "number": "8773584998", "date": "2021-01-26 10:17:00", "subject": "3", "recorded-or-robo": "N", "city": "", "state": "TX", "area-code": "832"}, {"id": "490dde24b259add1335244cd1b655537", "number": "3039455593", "date": "2021-01-26 12:36:00", "subject": "9", "recorded-or-robo": "N", "city": "Carmel", "state": "IN", "area-code": "720"}, {"id": "490dde24b259add1335244cd1b654d48", "number": "9738692851", "date": "2021-01-26 11:24:00", "subject": "0", "recorded-or-robo": "N", "city": "Clifton", "state": "NJ", "area-code": "973"}, {"id": "490dde24b259add1335244cd1b65402e", "number": "8317868595", "date": "2021-01-25 12:03:00", "subject": "2", "recorded-or-robo": "Y", "city": "FARMINGTON", "state": "AZ", "area-code": "480"}, {"id": "490dde24b259add1335244cd1b65401e", "number": "4696635245", "date": "2021-01-23 08:41:00", "subject": "3", "recorded-or-robo": "", "city": "RICHARDSON", "state": "TX", "area-code": "469"}, {"id": "490dde24b259add1335244cd1b653780", "number": "7322435973", "date": "2021-01-26 09:24:00", "subject": "4", "recorded-or-robo": "N", "city": "Apache Junction", "state": "CA", "area-code": "925"}, {"id": "490dde24b259add1335244cd1b653440", "number": "4092347280", "date": "2021-01-26 09:30:00", "subject": "4", "recorded-or-robo": "Y", "city": "Colma", "state": "CA", "area-code": "415"}, {"id": "490dde24b259add1335244cd1b6526bf", "number": "7243024990", "date": "2021-01-26 12:03:00", "subject": "3", "recorded-or-robo": "Y", "city": "", "state": "MA", "area-code": "978"}, {"id": "490dde24b259add1335244cd1b652345", "number": "8887551778", "date": "2021-01-26 12:00:00", "subject": "1", "recorded-or-robo": "N", "city": "Bristol", "state": "PA", "area-code": "215"}, {"id": "490dde24b259add1335244cd1b6516a0", "number": "7272920455", "date": "2021-01-21 10:27:00", "subject": "3", "recorded-or-robo": "", "city": "Lebanon", "state": "FL", "area-code": "727"}, {"id": "490dde24b259add1335244cd1b651595", "number": "2563888773", "date": "2021-01-26 00:00:00", "subject": "2", "recorded-or-robo": "Y", "city": "Red Bay", "state": "AL", "area-code": "256"}, {"id": "490dde24b259add1335244cd1b65152b", "number": "3166613087", "date": "2021-01-26 12:25:00", "subject": "4", "recorded-or-robo": "Y", "city": "Cottrellville", "state": "MI", "area-code": "810"}, {"id": "490dde24b259add1335244cd1b650de5", "number": "2085652210", "date": "2021-01-26 09:21:00", "subject": "2", "recorded-or-robo": "Y", "city": "Craigmont", "state": "ID", "area-code": "208"}, {"id": "490dde24b259add1335244cd1b64bd6a", "number": "5393523350", "date": "2021-01-26 12:07:00", "subject": "3", "recorded-or-robo": "N", "city": "", "state": "NC", "area-code": "252"}, {"id": "490dde24b259add1335244cd1b650aad", "number": "23217559189", "date": "2021-01-22 11:49:00", "subject": "2", "recorded-or-robo": "Y", "city": "Traverse City", "state": "MI", "area-code": "231"}, {"id": "490dde24b259add1335244cd1b650827", "number": "7123801950", "date": "2021-01-26 09:29:00", "subject": "1", "recorded-or-robo": "Y", "city": "Federal Way", "state": "WA", "area-code": "253"}, {"id": "490dde24b259add1335244cd1b650427", "number": "9035134690", "date": "2021-01-26 11:36:00", "subject": "4", "recorded-or-robo": "Y", "city": "", "state": "TX", "area-code": "903"}, {"id": "490dde24b259add1335244cd1b64fa25", "number": "2056725133", "date": "2021-01-26 11:24:00", "subject": "4", "recorded-or-robo": "Y", "city": "", "state": "AL", "area-code": "205"}, {"id": "490dde24b259add1335244cd1b64f128", "number": "9133487805", "date": "2021-01-25 15:49:00", "subject": "2", "recorded-or-robo": "N", "city": "St. Albans", "state": "NY", "area-code": "718"}, {"id": "490dde24b259add1335244cd1b64ebbe", "number": "2134157647", "date": "2021-01-25 12:49:00", "subject": "2", "recorded-or-robo": "Y", "city": "", "state": "CA", "area-code": "818"}, {"id": "490dde24b259add1335244cd1b64e8e2", "number": "4696635265", "date": "2021-01-22 16:32:00", "subject": "3", "recorded-or-robo": "", "city": "RICHARDSON", "state": "TX", "area-code": "469"}, {"id": "490dde24b259add1335244cd1b64e6ef", "number": "4023075054", "date": "2021-01-26 10:11:00", "subject": "2", "recorded-or-robo": "Y", "city": "Rowlett", "state": "TX", "area-code": "972"}]}