{"data": [{"id": "3decc6bfadaa436a105714c6ba7d6e24", "number": "6466980722", "date": "2021-01-23 18:34:22", "subject": "3", "recorded-or-robo": "Y", "city": "", "state": "CA", "area-code": "626"}, {"id": "03e293b3df9e35eadf15c56119140dd6", "number": "6466980722", "date": "2021-01-23 18:34:22", "subject": "3", "recorded-or-robo": "Y", "city": "", "state": "CA", "area-code": "626"}, {"id": "3decc6bfadaa436a105714c6ba4ad9c6", "number": "3523398009", "date": "2021-01-23 19:11:00", "subject": "0", "recorded-or-robo": "Y", "city": "the villages", "state": "FL", "area-code": "352"}, {"id": "1d36742e3f24f50e4e7ae82801e0f8ef", "number": "3523398009", "date": "2021-01-23 19:11:00", "subject": "0", "recorded-or-robo": "Y", "city": "the villages", "state": "FL", "area-code": "352"}, {"id": "3decc6bfadaa436a105714c6ba4acaf3", "number": "7063976618", "date": "2021-01-23 13:25:00", "subject": "4", "recorded-or-robo": "Y", "city": "Marietta, Ga", "state": "GA", "area-code": "770"}, {"id": "1d36742e3f24f50e4e7ae82801e0ed6d", "number": "7063976618", "date": "2021-01-23 13:25:00", "subject": "4", "recorded-or-robo": "Y", "city": "Marietta, Ga", "state": "GA", "area-code": "770"}, {"id": "3decc6bfadaa436a105714c6ba4ac11b", "number": "2103054809", "date": "2021-01-23 15:42:00", "subject": "0", "recorded-or-robo": "N", "city": "", "state": "TX", "area-code": "210"}, {"id": "1d36742e3f24f50e4e7ae82801e0e1ce", "number": "2103054809", "date": "2021-01-23 15:42:00", "subject": "0", "recorded-or-robo": "N", "city": "", "state": "TX", "area-code": "210"}, {"id": "3decc6bfadaa436a105714c6ba4abe2b", "number": "4802372777", "date": "2021-01-21 14:25:00", "subject": "4", "recorded-or-robo": "Y", "city": "Hesperia", "state": "CA", "area-code": "909"}, {"id": "1d36742e3f24f50e4e7ae82801e0e121", "number": "4802372777", "date": "2021-01-21 14:25:00", "subject": "4", "recorded-or-robo": "Y", "city": "Hesperia", "state": "CA", "area-code": "909"}, {"id": "3decc6bfadaa436a105714c6ba7d3980", "number": "+17863966476", "date": "2021-01-23 18:33:15", "subject": "3", "recorded-or-robo": "Y", "city": "", "state": "FL", "area-code": "786"}, {"id": "03e293b3df9e35eadf15c5611913caae", "number": "+17863966476", "date": "2021-01-23 18:33:15", "subject": "3", "recorded-or-robo": "Y", "city": "", "state": "FL", "area-code": "786"}, {"id": "3decc6bfadaa436a105714c6ba4aaea6", "number": "8475040693", "date": "2021-01-23 14:45:00", "subject": "1", "recorded-or-robo": "Y", "city": "Skokie", "state": "IL", "area-code": "847"}, {"id": "1d36742e3f24f50e4e7ae82801e0dbcf", "number": "8475040693", "date": "2021-01-23 14:45:00", "subject": "1", "recorded-or-robo": "Y", "city": "Skokie", "state": "IL", "area-code": "847"}, {"id": "3decc6bfadaa436a105714c6ba4aa944", "number": "3523273820", "date": "2021-01-23 15:30:00", "subject": "0", "recorded-or-robo": "Y", "city": "the villages", "state": "FL", "area-code": "352"}, {"id": "1d36742e3f24f50e4e7ae82801e0cffd", "number": "3523273820", "date": "2021-01-23 15:30:00", "subject": "0", "recorded-or-robo": "Y", "city": "the villages", "state": "FL", "area-code": "352"}, {"id": "3decc6bfadaa436a105714c6ba7d5323", "number": "3203171592", "date": "2021-01-23 18:32:54", "subject": "3", "recorded-or-robo": "Y", "city": "", "state": "NV", "area-code": "702"}, {"id": "03e293b3df9e35eadf15c5611913ef91", "number": "3203171592", "date": "2021-01-23 18:32:54", "subject": "3", "recorded-or-robo": "Y", "city": "", "state": "NV", "area-code": "702"}, {"id": "3decc6bfadaa436a105714c6ba4aa8b7", "number": "3109949680", "date": "2021-01-23 09:47:00", "subject": "1", "recorded-or-robo": "Y", "city": "Milpitas", "state": "CA", "area-code": "310"}, {"id": "3decc6bfadaa436a105714c6ba4a9e41", "number": "243896883933", "date": "2021-01-23 17:29:00", "subject": "2", "recorded-or-robo": "Y", "city": "Knoxville", "state": "IA", "area-code": "641"}, {"id": "1d36742e3f24f50e4e7ae82801e0cf6d", "number": "3109949680", "date": "2021-01-23 09:47:00", "subject": "1", "recorded-or-robo": "Y", "city": "Milpitas", "state": "CA", "area-code": "310"}, {"id": "1d36742e3f24f50e4e7ae82801e0c0b8", "number": "243896883933", "date": "2021-01-23 17:29:00", "subject": "2", "recorded-or-robo": "Y", "city": "Knoxville", "state": "IA", "area-code": "641"}, {"id": "3decc6bfadaa436a105714c6ba4a930f", "number": "8603590939", "date": "2021-01-14 13:00:00", "subject": "0", "recorded-or-robo": "N", "city": "", "state": "CT", "area-code": "860"}, {"id": "1d36742e3f24f50e4e7ae82801e0bd4a", "number": "8603590939", "date": "2021-01-14 13:00:00", "subject": "0", "recorded-or-robo": "N", "city": "", "state": "CT", "area-code": "860"}, {"id": "3decc6bfadaa436a105714c6ba4a853b", "number": "3523857725", "date": "2021-01-23 11:11:00", "subject": "0", "recorded-or-robo": "Y", "city": "the villages", "state": "FL", "area-code": "352"}, {"id": "1d36742e3f24f50e4e7ae82801e0adbf", "number": "3523857725", "date": "2021-01-23 11:11:00", "subject": "0", "recorded-or-robo": "Y", "city": "the villages", "state": "FL", "area-code": "352"}, {"id": "3decc6bfadaa436a105714c6ba7d5e17", "number": "3252884549", "date": "2021-01-23 18:32:00", "subject": "3", "recorded-or-robo": "Y", "city": "", "state": "TX", "area-code": "469"}, {"id": "03e293b3df9e35eadf15c5611913fbd4", "number": "3252884549", "date": "2021-01-23 18:32:00", "subject": "3", "recorded-or-robo": "Y", "city": "", "state": "TX", "area-code": "469"}, {"id": "3decc6bfadaa436a105714c6ba4a838f", "number": "5136961920", "date": "2021-01-23 00:00:00", "subject": "0", "recorded-or-robo": "N", "city": "", "state": "CT", "area-code": "203"}, {"id": "1d36742e3f24f50e4e7ae82801e0a7ec", "number": "5136961920", "date": "2021-01-23 00:00:00", "subject": "0", "recorded-or-robo": "N", "city": "", "state": "CT", "area-code": "203"}, {"id": "3decc6bfadaa436a105714c6ba4a77f5", "number": "8609730918", "date": "2021-01-22 08:00:00", "subject": "0", "recorded-or-robo": "N", "city": "", "state": "CT", "area-code": "860"}, {"id": "1d36742e3f24f50e4e7ae82801e0a235", "number": "8609730918", "date": "2021-01-22 08:00:00", "subject": "0", "recorded-or-robo": "N", "city": "", "state": "CT", "area-code": "860"}, {"id": "3decc6bfadaa436a105714c6ba4a7463", "number": "5099817783", "date": "2021-01-23 14:39:00", "subject": "1", "recorded-or-robo": "Y", "city": "Colville", "state": "WA", "area-code": "509"}, {"id": "1d36742e3f24f50e4e7ae82801e0a077", "number": "5099817783", "date": "2021-01-23 14:39:00", "subject": "1", "recorded-or-robo": "Y", "city": "Colville", "state": "WA", "area-code": "509"}, {"id": "3decc6bfadaa436a105714c6ba4a70ef", "number": "8608595170", "date": "2021-01-23 15:00:00", "subject": "0", "recorded-or-robo": "N", "city": "", "state": "CT", "area-code": "860"}, {"id": "1d36742e3f24f50e4e7ae82801e099db", "number": "8608595170", "date": "2021-01-23 15:00:00", "subject": "0", "recorded-or-robo": "N", "city": "", "state": "CT", "area-code": "860"}, {"id": "3decc6bfadaa436a105714c6ba7d681a", "number": "+18139631324", "date": "2021-01-23 18:30:51", "subject": "3", "recorded-or-robo": "N", "city": "", "state": "FL", "area-code": "941"}, {"id": "03e293b3df9e35eadf15c56119140761", "number": "+18139631324", "date": "2021-01-23 18:30:51", "subject": "3", "recorded-or-robo": "N", "city": "", "state": "FL", "area-code": "941"}, {"id": "3decc6bfadaa436a105714c6ba7d2a88", "number": "9805805335", "date": "2021-01-23 18:30:47", "subject": "3", "recorded-or-robo": "Y", "city": "", "state": "NC", "area-code": "980"}, {"id": "03e293b3df9e35eadf15c5611913bd68", "number": "9805805335", "date": "2021-01-23 18:30:47", "subject": "3", "recorded-or-robo": "Y", "city": "", "state": "NC", "area-code": "980"}, {"id": "3decc6bfadaa436a105714c6ba7d764c", "number": "+12815952891", "date": "2021-01-23 18:30:33", "subject": "3", "recorded-or-robo": "Y", "city": "", "state": "TX", "area-code": "281"}, {"id": "03e293b3df9e35eadf15c56119141ccc", "number": "+12815952891", "date": "2021-01-23 18:30:33", "subject": "3", "recorded-or-robo": "Y", "city": "", "state": "TX", "area-code": "281"}, {"id": "3decc6bfadaa436a105714c6ba4a69e9", "number": "7344087671", "date": "2021-01-23 15:22:00", "subject": "0", "recorded-or-robo": "Y", "city": "", "state": "CA", "area-code": "858"}, {"id": "1d36742e3f24f50e4e7ae82801e0925e", "number": "7344087671", "date": "2021-01-23 15:22:00", "subject": "0", "recorded-or-robo": "Y", "city": "", "state": "CA", "area-code": "858"}, {"id": "3decc6bfadaa436a105714c6ba7d241a", "number": "6123553908", "date": "2021-01-23 18:30:30", "subject": "3", "recorded-or-robo": "Y", "city": "", "state": "NC", "area-code": "980"}, {"id": "03e293b3df9e35eadf15c5611913aa46", "number": "6123553908", "date": "2021-01-23 18:30:30", "subject": "3", "recorded-or-robo": "Y", "city": "", "state": "NC", "area-code": "980"}, {"id": "3decc6bfadaa436a105714c6ba7d4c4c", "number": "+19417321306", "date": "2021-01-23 18:30:23", "subject": "3", "recorded-or-robo": "Y", "city": "", "state": "FL", "area-code": "941"}, {"id": "03e293b3df9e35eadf15c5611913e78f", "number": "+19417321306", "date": "2021-01-23 18:30:23", "subject": "3", "recorded-or-robo": "Y", "city": "", "state": "FL", "area-code": "941"}, {"id": "3decc6bfadaa436a105714c6ba7d1a82", "number": "2106875270", "date": "2021-01-23 18:30:21", "subject": "3", "recorded-or-robo": "N", "city": "", "state": "TX", "area-code": "512"}, {"id": "03e293b3df9e35eadf15c5611913a239", "number": "2106875270", "date": "2021-01-23 18:30:21", "subject": "3", "recorded-or-robo": "N", "city": "", "state": "TX", "area-code": "512"}]}