{"data": [{"id": "3decc6bfadaa436a105714c6bac80bfa", "number": "4422375653", "date": "2021-01-21 15:42:00", "subject": "2", "recorded-or-robo": "Y", "city": "Granada Hills", "state": "CA", "area-code": "818"}, {"id": "03e293b3df9e35eadf15c561195e4485", "number": "4422375653", "date": "2021-01-21 15:42:00", "subject": "2", "recorded-or-robo": "Y", "city": "Granada Hills", "state": "CA", "area-code": "818"}, {"id": "3decc6bfadaa436a105714c6bac805ca", "number": "", "date": "2021-01-24 17:20:00", "subject": "1", "recorded-or-robo": "Y", "city": "Union Point", "state": "GA", "area-code": "706"}, {"id": "03e293b3df9e35eadf15c561195e42a5", "number": "", "date": "2021-01-24 17:20:00", "subject": "1", "recorded-or-robo": "Y", "city": "Union Point", "state": "GA", "area-code": "706"}, {"id": "3decc6bfadaa436a105714c6bac7e741", "number": "9043415183", "date": "2021-01-24 18:00:00", "subject": "3", "recorded-or-robo": "N", "city": "", "state": "CT", "area-code": "203"}, {"id": "03e293b3df9e35eadf15c561195e18ed", "number": "9043415183", "date": "2021-01-24 18:00:00", "subject": "3", "recorded-or-robo": "N", "city": "", "state": "CT", "area-code": "203"}, {"id": "3decc6bfadaa436a105714c6bac801df", "number": "9039677396", "date": "2021-01-20 17:21:00", "subject": "1", "recorded-or-robo": "Y", "city": "Baldwinville", "state": "MA", "area-code": "978"}, {"id": "03e293b3df9e35eadf15c561195e3e73", "number": "9039677396", "date": "2021-01-20 17:21:00", "subject": "1", "recorded-or-robo": "Y", "city": "Baldwinville", "state": "MA", "area-code": "978"}, {"id": "3decc6bfadaa436a105714c6bac7fca4", "number": "8183523465", "date": "2021-01-21 17:33:00", "subject": "2", "recorded-or-robo": "Y", "city": "Granada Hills", "state": "CA", "area-code": "818"}, {"id": "03e293b3df9e35eadf15c561195e3db6", "number": "8183523465", "date": "2021-01-21 17:33:00", "subject": "2", "recorded-or-robo": "Y", "city": "Granada Hills", "state": "CA", "area-code": "818"}, {"id": "3decc6bfadaa436a105714c6bac7f9b9", "number": "4149433351", "date": "2021-01-24 17:57:00", "subject": "11", "recorded-or-robo": "Y", "city": "West Allis", "state": "WI", "area-code": "414"}, {"id": "03e293b3df9e35eadf15c561195e2f8d", "number": "4149433351", "date": "2021-01-24 17:57:00", "subject": "11", "recorded-or-robo": "Y", "city": "West Allis", "state": "WI", "area-code": "414"}, {"id": "3decc6bfadaa436a105714c6bac7f802", "number": "2022176099", "date": "2021-01-14 11:49:00", "subject": "2", "recorded-or-robo": "Y", "city": "", "state": "CO", "area-code": "303"}, {"id": "03e293b3df9e35eadf15c561195e251a", "number": "2022176099", "date": "2021-01-14 11:49:00", "subject": "2", "recorded-or-robo": "Y", "city": "", "state": "CO", "area-code": "303"}, {"id": "3decc6bfadaa436a105714c6bac7f05d", "number": "", "date": "2021-01-24 12:38:00", "subject": "11", "recorded-or-robo": "Y", "city": "St. Louis", "state": "MO", "area-code": "314"}, {"id": "03e293b3df9e35eadf15c561195e23c0", "number": "", "date": "2021-01-24 12:38:00", "subject": "11", "recorded-or-robo": "Y", "city": "St. Louis", "state": "MO", "area-code": "314"}, {"id": "3decc6bfadaa436a105714c6bac7e481", "number": "3477721388", "date": "2021-01-24 17:57:00", "subject": "8", "recorded-or-robo": "Y", "city": "", "state": "IL", "area-code": "773"}, {"id": "03e293b3df9e35eadf15c561195e11ae", "number": "3477721388", "date": "2021-01-24 17:57:00", "subject": "8", "recorded-or-robo": "Y", "city": "", "state": "IL", "area-code": "773"}, {"id": "3decc6bfadaa436a105714c6bac7e46f", "number": "8182495141", "date": "2021-01-22 12:51:00", "subject": "2", "recorded-or-robo": "Y", "city": "Granada Hills", "state": "CA", "area-code": "818"}, {"id": "03e293b3df9e35eadf15c561195e0c47", "number": "8182495141", "date": "2021-01-22 12:51:00", "subject": "2", "recorded-or-robo": "Y", "city": "Granada Hills", "state": "CA", "area-code": "818"}, {"id": "3decc6bfadaa436a105714c6bac7d694", "number": "3152328257", "date": "2021-01-24 18:02:00", "subject": "11", "recorded-or-robo": "Y", "city": "Cleveland", "state": "GA", "area-code": "706"}, {"id": "03e293b3df9e35eadf15c561195e03a0", "number": "3152328257", "date": "2021-01-24 18:02:00", "subject": "11", "recorded-or-robo": "Y", "city": "Cleveland", "state": "GA", "area-code": "706"}, {"id": "3decc6bfadaa436a105714c6bac7d3f1", "number": "8605063562", "date": "2021-01-24 17:52:00", "subject": "2", "recorded-or-robo": "Y", "city": "Luverne", "state": "MN", "area-code": "507"}, {"id": "03e293b3df9e35eadf15c561195df664", "number": "8605063562", "date": "2021-01-24 17:52:00", "subject": "2", "recorded-or-robo": "Y", "city": "Luverne", "state": "MN", "area-code": "507"}, {"id": "3decc6bfadaa436a105714c6bac7ba4d", "number": "", "date": "2021-01-24 00:00:00", "subject": "3", "recorded-or-robo": "", "city": "", "state": "CA", "area-code": "818"}, {"id": "03e293b3df9e35eadf15c561195db9fb", "number": "", "date": "2021-01-24 00:00:00", "subject": "3", "recorded-or-robo": "", "city": "", "state": "CA", "area-code": "818"}, {"id": "3decc6bfadaa436a105714c6bac7d3ba", "number": "8556786787", "date": "2021-01-24 17:54:00", "subject": "2", "recorded-or-robo": "Y", "city": "", "state": "", "area-code": "855"}, {"id": "03e293b3df9e35eadf15c561195de75c", "number": "8556786787", "date": "2021-01-24 17:54:00", "subject": "2", "recorded-or-robo": "Y", "city": "", "state": "", "area-code": "855"}, {"id": "3decc6bfadaa436a105714c6bac7caef", "number": "8185614963", "date": "2021-01-22 15:08:00", "subject": "2", "recorded-or-robo": "Y", "city": "Granada Hills", "state": "CA", "area-code": "818"}, {"id": "03e293b3df9e35eadf15c561195de06e", "number": "8185614963", "date": "2021-01-22 15:08:00", "subject": "2", "recorded-or-robo": "Y", "city": "Granada Hills", "state": "CA", "area-code": "818"}, {"id": "3decc6bfadaa436a105714c6bac7c916", "number": "4149405784", "date": "2021-01-24 17:53:00", "subject": "11", "recorded-or-robo": "Y", "city": "", "state": "WI", "area-code": "414"}, {"id": "03e293b3df9e35eadf15c561195dd277", "number": "4149405784", "date": "2021-01-24 17:53:00", "subject": "11", "recorded-or-robo": "Y", "city": "", "state": "WI", "area-code": "414"}, {"id": "3decc6bfadaa436a105714c6bac7c288", "number": "", "date": "2021-01-24 00:00:00", "subject": "3", "recorded-or-robo": "Y", "city": "", "state": "NY", "area-code": "845"}, {"id": "03e293b3df9e35eadf15c561195dc9a2", "number": "", "date": "2021-01-24 00:00:00", "subject": "3", "recorded-or-robo": "Y", "city": "", "state": "NY", "area-code": "845"}, {"id": "3decc6bfadaa436a105714c6bac7b594", "number": "9098996789", "date": "2021-01-22 15:51:00", "subject": "2", "recorded-or-robo": "Y", "city": "Granada Hills", "state": "CA", "area-code": "818"}, {"id": "03e293b3df9e35eadf15c561195db1ee", "number": "9098996789", "date": "2021-01-22 15:51:00", "subject": "2", "recorded-or-robo": "Y", "city": "Granada Hills", "state": "CA", "area-code": "818"}, {"id": "3decc6bfadaa436a105714c6bac7afe1", "number": "5093884961", "date": "2021-01-24 14:59:00", "subject": "2", "recorded-or-robo": "Y", "city": "Okanogan", "state": "WA", "area-code": "509"}, {"id": "03e293b3df9e35eadf15c561195db1b6", "number": "5093884961", "date": "2021-01-24 14:59:00", "subject": "2", "recorded-or-robo": "Y", "city": "Okanogan", "state": "WA", "area-code": "509"}, {"id": "3decc6bfadaa436a105714c6bac7a5f5", "number": "5058182324", "date": "2021-01-24 16:52:00", "subject": "2", "recorded-or-robo": "Y", "city": "Albuquerque", "state": "NM", "area-code": "505"}, {"id": "03e293b3df9e35eadf15c561195daa58", "number": "5058182324", "date": "2021-01-24 16:52:00", "subject": "2", "recorded-or-robo": "Y", "city": "Albuquerque", "state": "NM", "area-code": "505"}, {"id": "3decc6bfadaa436a105714c6bac7a072", "number": "", "date": "2021-01-24 15:47:00", "subject": "3", "recorded-or-robo": "Y", "city": "", "state": "WA", "area-code": "509"}, {"id": "03e293b3df9e35eadf15c561195d9b2f", "number": "", "date": "2021-01-24 15:47:00", "subject": "3", "recorded-or-robo": "Y", "city": "", "state": "WA", "area-code": "509"}, {"id": "3decc6bfadaa436a105714c6bac792c6", "number": "7274099382", "date": "2021-01-24 15:24:00", "subject": "1", "recorded-or-robo": "Y", "city": "Saint Petersburg", "state": "FL", "area-code": "727"}, {"id": "03e293b3df9e35eadf15c561195d90a4", "number": "7274099382", "date": "2021-01-24 15:24:00", "subject": "1", "recorded-or-robo": "Y", "city": "Saint Petersburg", "state": "FL", "area-code": "727"}, {"id": "3decc6bfadaa436a105714c6bac78d23", "number": "", "date": "2021-01-24 00:00:00", "subject": "3", "recorded-or-robo": "Y", "city": "", "state": "NY", "area-code": "845"}, {"id": "03e293b3df9e35eadf15c561195d88c0", "number": "", "date": "2021-01-24 00:00:00", "subject": "3", "recorded-or-robo": "Y", "city": "", "state": "NY", "area-code": "845"}, {"id": "3decc6bfadaa436a105714c6bac784b6", "number": "8182085468", "date": "2021-01-22 15:57:00", "subject": "2", "recorded-or-robo": "Y", "city": "Granada Hills", "state": "CA", "area-code": "818"}, {"id": "03e293b3df9e35eadf15c561195d7d6d", "number": "8182085468", "date": "2021-01-22 15:57:00", "subject": "2", "recorded-or-robo": "Y", "city": "Granada Hills", "state": "CA", "area-code": "818"}, {"id": "3decc6bfadaa436a105714c6bac77b54", "number": "8182753701", "date": "2021-01-23 17:47:00", "subject": "2", "recorded-or-robo": "Y", "city": "Granada Hills", "state": "CA", "area-code": "818"}, {"id": "03e293b3df9e35eadf15c561195d7620", "number": "8182753701", "date": "2021-01-23 17:47:00", "subject": "2", "recorded-or-robo": "Y", "city": "Granada Hills", "state": "CA", "area-code": "818"}]}