{"data": [{"id": "e81c9350d54f66c6d33b3747ee78c37e", "number": "8302838555", "date": "2021-01-21 12:00:00", "subject": "1", "recorded-or-robo": "N", "city": "Juneau", "state": "AK", "area-code": "907"}, {"id": "1d36742e3f24f50e4e7ae828013da24e", "number": "4153573116", "date": "2021-01-22 19:54:59", "subject": "3", "recorded-or-robo": "Y", "city": "", "state": "FL", "area-code": "850"}, {"id": "1d36742e3f24f50e4e7ae828010d723a", "number": "8302838555", "date": "2021-01-21 12:00:00", "subject": "1", "recorded-or-robo": "N", "city": "Juneau", "state": "AK", "area-code": "907"}, {"id": "e81c9350d54f66c6d33b3747eea8c19a", "number": "+17659032789", "date": "2021-01-22 19:54:58", "subject": "3", "recorded-or-robo": "Y", "city": "", "state": "KS", "area-code": "913"}, {"id": "e81c9350d54f66c6d33b3747eea877ac", "number": "4153573116", "date": "2021-01-22 19:54:58", "subject": "3", "recorded-or-robo": "Y", "city": "", "state": "FL", "area-code": "850"}, {"id": "1d36742e3f24f50e4e7ae828013dc884", "number": "+17659032789", "date": "2021-01-22 19:54:58", "subject": "3", "recorded-or-robo": "Y", "city": "", "state": "KS", "area-code": "913"}, {"id": "1d36742e3f24f50e4e7ae828013d61a7", "number": "4153573116", "date": "2021-01-22 19:54:58", "subject": "3", "recorded-or-robo": "Y", "city": "", "state": "FL", "area-code": "850"}, {"id": "e81c9350d54f66c6d33b3747ee78bcae", "number": "2242490750", "date": "2021-01-22 18:45:00", "subject": "1", "recorded-or-robo": "Y", "city": "Park Ridge", "state": "IL", "area-code": "847"}, {"id": "1d36742e3f24f50e4e7ae828010d6fd9", "number": "2242490750", "date": "2021-01-22 18:45:00", "subject": "1", "recorded-or-robo": "Y", "city": "Park Ridge", "state": "IL", "area-code": "847"}, {"id": "e81c9350d54f66c6d33b3747eea87330", "number": "+15595942629", "date": "2021-01-22 19:54:45", "subject": "3", "recorded-or-robo": "Y", "city": "", "state": "NM", "area-code": "505"}, {"id": "1d36742e3f24f50e4e7ae828013d540a", "number": "+15595942629", "date": "2021-01-22 19:54:45", "subject": "3", "recorded-or-robo": "Y", "city": "", "state": "NM", "area-code": "505"}, {"id": "e81c9350d54f66c6d33b3747eea87095", "number": "+15803165054", "date": "2021-01-22 19:54:42", "subject": "3", "recorded-or-robo": "Y", "city": "", "state": "FL", "area-code": "954"}, {"id": "1d36742e3f24f50e4e7ae828013d4ef3", "number": "+15803165054", "date": "2021-01-22 19:54:42", "subject": "3", "recorded-or-robo": "Y", "city": "", "state": "FL", "area-code": "954"}, {"id": "e81c9350d54f66c6d33b3747ee78b468", "number": "2019071022", "date": "2021-01-22 14:31:00", "subject": "2", "recorded-or-robo": "Y", "city": "martinsburg", "state": "WV", "area-code": "304"}, {"id": "1d36742e3f24f50e4e7ae828010d6798", "number": "2019071022", "date": "2021-01-22 14:31:00", "subject": "2", "recorded-or-robo": "Y", "city": "martinsburg", "state": "WV", "area-code": "304"}, {"id": "e81c9350d54f66c6d33b3747ee78aef7", "number": "5418407943", "date": "2021-01-13 08:46:00", "subject": "2", "recorded-or-robo": "Y", "city": "Medford", "state": "OR", "area-code": "541"}, {"id": "1d36742e3f24f50e4e7ae828010d5a9b", "number": "5418407943", "date": "2021-01-13 08:46:00", "subject": "2", "recorded-or-robo": "Y", "city": "Medford", "state": "OR", "area-code": "541"}, {"id": "e81c9350d54f66c6d33b3747ee78a6d0", "number": "5074650574", "date": "2021-01-22 15:01:00", "subject": "1", "recorded-or-robo": "Y", "city": "", "state": "NC", "area-code": "336"}, {"id": "e81c9350d54f66c6d33b3747ee78a5ca", "number": "2030060", "date": "2021-01-22 14:14:00", "subject": "0", "recorded-or-robo": "Y", "city": "Chocowinity", "state": "NC", "area-code": "252"}, {"id": "e81c9350d54f66c6d33b3747ee789aa8", "number": "4133864291", "date": "2021-01-21 17:55:00", "subject": "0", "recorded-or-robo": "", "city": "Southampton", "state": "MA", "area-code": "413"}, {"id": "1d36742e3f24f50e4e7ae828010d5542", "number": "5074650574", "date": "2021-01-22 15:01:00", "subject": "1", "recorded-or-robo": "Y", "city": "", "state": "NC", "area-code": "336"}, {"id": "1d36742e3f24f50e4e7ae828010d4ec1", "number": "2030060", "date": "2021-01-22 14:14:00", "subject": "0", "recorded-or-robo": "Y", "city": "Chocowinity", "state": "NC", "area-code": "252"}, {"id": "1d36742e3f24f50e4e7ae828010d49b5", "number": "4133864291", "date": "2021-01-21 17:55:00", "subject": "0", "recorded-or-robo": "", "city": "Southampton", "state": "MA", "area-code": "413"}, {"id": "e81c9350d54f66c6d33b3747ee78908b", "number": "5746642468", "date": "2021-01-22 13:01:00", "subject": "11", "recorded-or-robo": "Y", "city": "Twelve Mile", "state": "IN", "area-code": "574"}, {"id": "1d36742e3f24f50e4e7ae828010d3f56", "number": "5746642468", "date": "2021-01-22 13:01:00", "subject": "11", "recorded-or-robo": "Y", "city": "Twelve Mile", "state": "IN", "area-code": "574"}, {"id": "e81c9350d54f66c6d33b3747ee788791", "number": "4807169772", "date": "2021-01-22 09:24:00", "subject": "0", "recorded-or-robo": "Y", "city": "Westchester", "state": "IL", "area-code": "708"}, {"id": "1d36742e3f24f50e4e7ae828010d321f", "number": "4807169772", "date": "2021-01-22 09:24:00", "subject": "0", "recorded-or-robo": "Y", "city": "Westchester", "state": "IL", "area-code": "708"}, {"id": "e81c9350d54f66c6d33b3747eea8b8fc", "number": "7144053560", "date": "2021-01-22 19:54:07", "subject": "3", "recorded-or-robo": "Y", "city": "", "state": "CA", "area-code": "714"}, {"id": "1d36742e3f24f50e4e7ae828013dba84", "number": "7144053560", "date": "2021-01-22 19:54:07", "subject": "3", "recorded-or-robo": "Y", "city": "", "state": "CA", "area-code": "714"}, {"id": "e81c9350d54f66c6d33b3747ee7885df", "number": "7032574858", "date": "2021-01-22 17:54:00", "subject": "2", "recorded-or-robo": "", "city": "Logansport", "state": "IN", "area-code": "574"}, {"id": "1d36742e3f24f50e4e7ae828010d2af7", "number": "7032574858", "date": "2021-01-22 17:54:00", "subject": "2", "recorded-or-robo": "", "city": "Logansport", "state": "IN", "area-code": "574"}, {"id": "e81c9350d54f66c6d33b3747ee787824", "number": "", "date": "2021-01-22 11:38:00", "subject": "4", "recorded-or-robo": "Y", "city": "Horsham", "state": "PA", "area-code": "610"}, {"id": "e81c9350d54f66c6d33b3747ee786e93", "number": "7862882276", "date": "2021-01-22 18:23:00", "subject": "1", "recorded-or-robo": "Y", "city": "Indianapolis", "state": "IN", "area-code": "317"}, {"id": "1d36742e3f24f50e4e7ae828010d2979", "number": "", "date": "2021-01-22 11:38:00", "subject": "4", "recorded-or-robo": "Y", "city": "Horsham", "state": "PA", "area-code": "610"}, {"id": "1d36742e3f24f50e4e7ae828010d1dfe", "number": "7862882276", "date": "2021-01-22 18:23:00", "subject": "1", "recorded-or-robo": "Y", "city": "Indianapolis", "state": "IN", "area-code": "317"}, {"id": "e81c9350d54f66c6d33b3747eea7f892", "number": "3106967494", "date": "2021-01-22 19:53:47", "subject": "3", "recorded-or-robo": "Y", "city": "", "state": "NV", "area-code": "702"}, {"id": "e81c9350d54f66c6d33b3747ee786323", "number": "3128151171", "date": "2021-01-22 18:22:00", "subject": "0", "recorded-or-robo": "", "city": "Monee", "state": "IL", "area-code": "708"}, {"id": "1d36742e3f24f50e4e7ae828013ce107", "number": "3106967494", "date": "2021-01-22 19:53:47", "subject": "3", "recorded-or-robo": "Y", "city": "", "state": "NV", "area-code": "702"}, {"id": "1d36742e3f24f50e4e7ae828010d193e", "number": "3128151171", "date": "2021-01-22 18:22:00", "subject": "0", "recorded-or-robo": "", "city": "Monee", "state": "IL", "area-code": "708"}, {"id": "e81c9350d54f66c6d33b3747ee7861a0", "number": "6303266351", "date": "2021-01-22 12:34:00", "subject": "4", "recorded-or-robo": "Y", "city": "Hanover Park", "state": "IL", "area-code": "630"}, {"id": "1d36742e3f24f50e4e7ae828010d1282", "number": "6303266351", "date": "2021-01-22 12:34:00", "subject": "4", "recorded-or-robo": "Y", "city": "Hanover Park", "state": "IL", "area-code": "630"}, {"id": "e81c9350d54f66c6d33b3747ee7854aa", "number": "", "date": "2021-01-22 00:00:00", "subject": "6", "recorded-or-robo": "N", "city": "", "state": "MI", "area-code": "586"}, {"id": "1d36742e3f24f50e4e7ae828010d0778", "number": "", "date": "2021-01-22 00:00:00", "subject": "6", "recorded-or-robo": "N", "city": "", "state": "MI", "area-code": "586"}, {"id": "e81c9350d54f66c6d33b3747eea7a5bb", "number": "2406924383", "date": "2021-01-22 19:53:34", "subject": "3", "recorded-or-robo": "Y", "city": "", "state": "MD", "area-code": "443"}, {"id": "1d36742e3f24f50e4e7ae828013c74bd", "number": "2406924383", "date": "2021-01-22 19:53:34", "subject": "3", "recorded-or-robo": "Y", "city": "", "state": "MD", "area-code": "443"}, {"id": "e81c9350d54f66c6d33b3747ee784a13", "number": "6015168783", "date": "2021-01-22 17:00:00", "subject": "2", "recorded-or-robo": "Y", "city": "martinsburg", "state": "WV", "area-code": "304"}, {"id": "1d36742e3f24f50e4e7ae828010cf947", "number": "6015168783", "date": "2021-01-22 17:00:00", "subject": "2", "recorded-or-robo": "Y", "city": "martinsburg", "state": "WV", "area-code": "304"}, {"id": "e81c9350d54f66c6d33b3747eea7ef37", "number": "8007446125", "date": "2021-01-22 19:53:26", "subject": "3", "recorded-or-robo": "Y", "city": "", "state": "MI", "area-code": "313"}, {"id": "1d36742e3f24f50e4e7ae828013ccd45", "number": "8007446125", "date": "2021-01-22 19:53:26", "subject": "3", "recorded-or-robo": "Y", "city": "", "state": "MI", "area-code": "313"}, {"id": "e81c9350d54f66c6d33b3747ee78409c", "number": "8883251", "date": "2021-01-22 14:17:00", "subject": "0", "recorded-or-robo": "Y", "city": "Chocowinity", "state": "NC", "area-code": "252"}]}