{"data": [{"id": "deca54a6651fb9add5b4a9816cc8f3a4", "number": "2075073057", "date": "2021-01-22 18:28:00", "subject": "4", "recorded-or-robo": "Y", "city": "", "state": "ME", "area-code": "207"}, {"id": "e81c9350d54f66c6d33b3747ee9d344e", "number": "+12178033773", "date": "2021-01-22 18:30:49", "subject": "3", "recorded-or-robo": "Y", "city": "", "state": "CO", "area-code": "303"}, {"id": "1d36742e3f24f50e4e7ae82801325084", "number": "+12178033773", "date": "2021-01-22 18:30:49", "subject": "3", "recorded-or-robo": "Y", "city": "", "state": "CO", "area-code": "303"}, {"id": "e81c9350d54f66c6d33b3747ee3405fa", "number": "4243723087", "date": "2021-01-20 00:00:00", "subject": "3", "recorded-or-robo": "", "city": "", "state": "CA", "area-code": "760"}, {"id": "e81c9350d54f66c6d33b3747ee33fcf6", "number": "6367247907", "date": "2021-01-22 17:04:00", "subject": "2", "recorded-or-robo": "Y", "city": "St charles", "state": "MO", "area-code": "636"}, {"id": "deca54a6651fb9add5b4a9816cc8eea4", "number": "4243723087", "date": "2021-01-20 00:00:00", "subject": "3", "recorded-or-robo": "", "city": "", "state": "CA", "area-code": "760"}, {"id": "deca54a6651fb9add5b4a9816cc8ea7c", "number": "6367247907", "date": "2021-01-22 17:04:00", "subject": "2", "recorded-or-robo": "Y", "city": "St charles", "state": "MO", "area-code": "636"}, {"id": "e81c9350d54f66c6d33b3747ee33c3e2", "number": "3122662655", "date": "2021-01-22 17:22:00", "subject": "3", "recorded-or-robo": "N", "city": "", "state": "MI", "area-code": "586"}, {"id": "deca54a6651fb9add5b4a9816cc8a0e7", "number": "3122662655", "date": "2021-01-22 17:22:00", "subject": "3", "recorded-or-robo": "N", "city": "", "state": "MI", "area-code": "586"}, {"id": "e81c9350d54f66c6d33b3747ee9d05f6", "number": "4842639901", "date": "2021-01-22 18:30:38", "subject": "3", "recorded-or-robo": "Y", "city": "", "state": "PA", "area-code": "814"}, {"id": "e81c9350d54f66c6d33b3747ee33e9db", "number": "5125885843", "date": "2021-01-22 15:51:00", "subject": "2", "recorded-or-robo": "Y", "city": "austin", "state": "TX", "area-code": "512"}, {"id": "e81c9350d54f66c6d33b3747ee33dd02", "number": "3236901893", "date": "2021-01-22 09:28:00", "subject": "2", "recorded-or-robo": "Y", "city": "Montebello", "state": "CA", "area-code": "323"}, {"id": "deca54a6651fb9add5b4a9816cc8d376", "number": "5125885843", "date": "2021-01-22 15:51:00", "subject": "2", "recorded-or-robo": "Y", "city": "austin", "state": "TX", "area-code": "512"}, {"id": "deca54a6651fb9add5b4a9816cc8c769", "number": "3236901893", "date": "2021-01-22 09:28:00", "subject": "2", "recorded-or-robo": "Y", "city": "Montebello", "state": "CA", "area-code": "323"}, {"id": "1d36742e3f24f50e4e7ae82801321d98", "number": "4842639901", "date": "2021-01-22 18:30:38", "subject": "3", "recorded-or-robo": "Y", "city": "", "state": "PA", "area-code": "814"}, {"id": "e81c9350d54f66c6d33b3747ee33da8c", "number": "5302168745", "date": "2021-01-20 10:03:00", "subject": "0", "recorded-or-robo": "N", "city": "Los Angeles", "state": "CA", "area-code": "310"}, {"id": "deca54a6651fb9add5b4a9816cc8c294", "number": "5302168745", "date": "2021-01-20 10:03:00", "subject": "0", "recorded-or-robo": "N", "city": "Los Angeles", "state": "CA", "area-code": "310"}, {"id": "e81c9350d54f66c6d33b3747ee33d5a5", "number": "8127880108", "date": "2021-01-22 16:47:00", "subject": "2", "recorded-or-robo": "Y", "city": "", "state": "TX", "area-code": "214"}, {"id": "deca54a6651fb9add5b4a9816cc8bf46", "number": "8127880108", "date": "2021-01-22 16:47:00", "subject": "2", "recorded-or-robo": "Y", "city": "", "state": "TX", "area-code": "214"}, {"id": "e81c9350d54f66c6d33b3747ee33c7f1", "number": "3236901893", "date": "2021-01-22 09:28:00", "subject": "2", "recorded-or-robo": "Y", "city": "Montebello", "state": "CA", "area-code": "323"}, {"id": "deca54a6651fb9add5b4a9816cc8afe7", "number": "3236901893", "date": "2021-01-22 09:28:00", "subject": "2", "recorded-or-robo": "Y", "city": "Montebello", "state": "CA", "area-code": "323"}, {"id": "e81c9350d54f66c6d33b3747ee33bbf5", "number": "2108664916", "date": "2021-01-22 00:00:00", "subject": "3", "recorded-or-robo": "Y", "city": "", "state": "TX", "area-code": "210"}, {"id": "deca54a6651fb9add5b4a9816cc89c85", "number": "2108664916", "date": "2021-01-22 00:00:00", "subject": "3", "recorded-or-robo": "Y", "city": "", "state": "TX", "area-code": "210"}, {"id": "e81c9350d54f66c6d33b3747ee33b200", "number": "8182666811", "date": "2021-01-20 00:00:00", "subject": "3", "recorded-or-robo": "", "city": "", "state": "CA", "area-code": "760"}, {"id": "deca54a6651fb9add5b4a9816cc89304", "number": "8182666811", "date": "2021-01-20 00:00:00", "subject": "3", "recorded-or-robo": "", "city": "", "state": "CA", "area-code": "760"}, {"id": "e81c9350d54f66c6d33b3747ee33a586", "number": "3106957992", "date": "2020-01-22 17:22:00", "subject": "2", "recorded-or-robo": "Y", "city": "Kansas City", "state": "KS", "area-code": "913"}, {"id": "deca54a6651fb9add5b4a9816cc88c62", "number": "3106957992", "date": "2020-01-22 17:22:00", "subject": "2", "recorded-or-robo": "Y", "city": "Kansas City", "state": "KS", "area-code": "913"}, {"id": "e81c9350d54f66c6d33b3747ee33997e", "number": "8009416387", "date": "2021-01-22 18:09:00", "subject": "2", "recorded-or-robo": "Y", "city": "Plainsboro", "state": "NJ", "area-code": "609"}, {"id": "deca54a6651fb9add5b4a9816cc88288", "number": "8009416387", "date": "2021-01-22 18:09:00", "subject": "2", "recorded-or-robo": "Y", "city": "Plainsboro", "state": "NJ", "area-code": "609"}, {"id": "e81c9350d54f66c6d33b3747ee339156", "number": "8665273685", "date": "2021-01-22 15:30:00", "subject": "2", "recorded-or-robo": "Y", "city": "Defiance", "state": "MO", "area-code": "636"}, {"id": "deca54a6651fb9add5b4a9816cc87640", "number": "8665273685", "date": "2021-01-22 15:30:00", "subject": "2", "recorded-or-robo": "Y", "city": "Defiance", "state": "MO", "area-code": "636"}, {"id": "e81c9350d54f66c6d33b3747ee33907a", "number": "2184199661", "date": "2021-01-22 12:46:00", "subject": "2", "recorded-or-robo": "N", "city": "Farmington", "state": "MN", "area-code": "651"}, {"id": "e81c9350d54f66c6d33b3747ee338fd9", "number": "", "date": "2021-01-20 15:40:00", "subject": "0", "recorded-or-robo": "Y", "city": "Old Bridge", "state": "NJ", "area-code": "973"}, {"id": "deca54a6651fb9add5b4a9816cc86ea6", "number": "2184199661", "date": "2021-01-22 12:46:00", "subject": "2", "recorded-or-robo": "N", "city": "Farmington", "state": "MN", "area-code": "651"}, {"id": "deca54a6651fb9add5b4a9816cc85ff0", "number": "", "date": "2021-01-20 15:40:00", "subject": "0", "recorded-or-robo": "Y", "city": "Old Bridge", "state": "NJ", "area-code": "973"}, {"id": "e81c9350d54f66c6d33b3747ee338d76", "number": "", "date": "2021-01-20 18:40:00", "subject": "2", "recorded-or-robo": "Y", "city": "Onalaska", "state": "WI", "area-code": "608"}, {"id": "deca54a6651fb9add5b4a9816cc8588f", "number": "", "date": "2021-01-20 18:40:00", "subject": "2", "recorded-or-robo": "Y", "city": "Onalaska", "state": "WI", "area-code": "608"}, {"id": "e81c9350d54f66c6d33b3747ee9c650d", "number": "+16033748665", "date": "2021-01-22 18:29:56", "subject": "3", "recorded-or-robo": "Y", "city": "", "state": "FL", "area-code": "352"}, {"id": "e81c9350d54f66c6d33b3747ee338a2e", "number": "5302328885", "date": "2021-01-22 10:00:00", "subject": "2", "recorded-or-robo": "Y", "city": "Auburn", "state": "CA", "area-code": "530"}, {"id": "deca54a6651fb9add5b4a9816cc857fa", "number": "5302328885", "date": "2021-01-22 10:00:00", "subject": "2", "recorded-or-robo": "Y", "city": "Auburn", "state": "CA", "area-code": "530"}, {"id": "1d36742e3f24f50e4e7ae8280131913f", "number": "+16033748665", "date": "2021-01-22 18:29:56", "subject": "3", "recorded-or-robo": "Y", "city": "", "state": "FL", "area-code": "352"}, {"id": "e81c9350d54f66c6d33b3747ee337a74", "number": "7734131078", "date": "2021-01-22 15:36:00", "subject": "3", "recorded-or-robo": "Y", "city": "", "state": "IL", "area-code": "773"}, {"id": "deca54a6651fb9add5b4a9816cc84eb1", "number": "7734131078", "date": "2021-01-22 15:36:00", "subject": "3", "recorded-or-robo": "Y", "city": "", "state": "IL", "area-code": "773"}, {"id": "e81c9350d54f66c6d33b3747ee3370aa", "number": "7574233192", "date": "2021-01-22 17:07:00", "subject": "1", "recorded-or-robo": "Y", "city": "", "state": "VA", "area-code": "757"}, {"id": "deca54a6651fb9add5b4a9816cc84bb0", "number": "7574233192", "date": "2021-01-22 17:07:00", "subject": "1", "recorded-or-robo": "Y", "city": "", "state": "VA", "area-code": "757"}, {"id": "e81c9350d54f66c6d33b3747ee336bde", "number": "6615584571", "date": "2021-01-21 00:00:00", "subject": "3", "recorded-or-robo": "", "city": "", "state": "CA", "area-code": "760"}, {"id": "deca54a6651fb9add5b4a9816cc84673", "number": "6615584571", "date": "2021-01-21 00:00:00", "subject": "3", "recorded-or-robo": "", "city": "", "state": "CA", "area-code": "760"}, {"id": "e81c9350d54f66c6d33b3747ee33661b", "number": "3236901893", "date": "2021-01-22 09:28:00", "subject": "2", "recorded-or-robo": "Y", "city": "Montebello", "state": "CA", "area-code": "323"}, {"id": "deca54a6651fb9add5b4a9816cc83837", "number": "3236901893", "date": "2021-01-22 09:28:00", "subject": "2", "recorded-or-robo": "Y", "city": "Montebello", "state": "CA", "area-code": "323"}, {"id": "e81c9350d54f66c6d33b3747ee9ca6bf", "number": "4018681655", "date": "2021-01-22 18:29:49", "subject": "3", "recorded-or-robo": "Y", "city": "", "state": "IL", "area-code": "312"}]}