{"data": [{"id": "490dde24b259add1335244cd1b78df11", "number": "9282264708", "date": "2021-01-26 10:02:00", "subject": "4", "recorded-or-robo": "Y", "city": "PAGE", "state": "AZ", "area-code": "928"}, {"id": "490dde24b259add1335244cd1b78d769", "number": "3612003762", "date": "2021-01-25 11:11:00", "subject": "2", "recorded-or-robo": "Y", "city": "Las Vegas", "state": "NV", "area-code": "325"}, {"id": "490dde24b259add1335244cd1b78cf85", "number": "2564550342", "date": "2021-01-26 11:33:00", "subject": "1", "recorded-or-robo": "N", "city": "", "state": "AL", "area-code": "256"}, {"id": "490dde24b259add1335244cd1b78cb0f", "number": "9167267338", "date": "2021-01-26 09:14:00", "subject": "4", "recorded-or-robo": "Y", "city": "DUBLIN", "state": "CA", "area-code": "408"}, {"id": "490dde24b259add1335244cd1b78c6ae", "number": "9015639189", "date": "2020-12-17 09:12:00", "subject": "2", "recorded-or-robo": "Y", "city": "Memphis", "state": "TN", "area-code": "901"}, {"id": "490dde24b259add1335244cd1b78bf69", "number": "9286518593", "date": "2021-01-26 11:36:00", "subject": "5", "recorded-or-robo": "Y", "city": "", "state": "IA", "area-code": "319"}, {"id": "490dde24b259add1335244cd1b78b9f4", "number": "8448476923", "date": "2021-01-26 11:05:00", "subject": "2", "recorded-or-robo": "Y", "city": "HELENA/LEWIS AND CLARK", "state": "NV", "area-code": "702"}, {"id": "490dde24b259add1335244cd1b78acf2", "number": "8774129523", "date": "2021-01-18 14:05:00", "subject": "6", "recorded-or-robo": "Y", "city": "New Cumberland", "state": "PA", "area-code": "570"}, {"id": "490dde24b259add1335244cd1b78a4f5", "number": "3303897639", "date": "2021-01-26 11:25:00", "subject": "4", "recorded-or-robo": "Y", "city": "Cleveland", "state": "OH", "area-code": "216"}, {"id": "490dde24b259add1335244cd1b789cb5", "number": "7576934133", "date": "2021-01-26 12:58:00", "subject": "2", "recorded-or-robo": "Y", "city": "Hampton", "state": "VA", "area-code": "757"}, {"id": "490dde24b259add1335244cd1b789b85", "number": "31337969?62?", "date": "2021-01-26 10:28:00", "subject": "1", "recorded-or-robo": "Y", "city": "Paulden", "state": "AZ", "area-code": "928"}, {"id": "490dde24b259add1335244cd1b789890", "number": "9727771208", "date": "2021-01-26 11:56:00", "subject": "12", "recorded-or-robo": "N", "city": "Little Elm", "state": "TX", "area-code": "469"}, {"id": "490dde24b259add1335244cd1b789342", "number": "2029982880", "date": "2021-01-25 13:11:00", "subject": "3", "recorded-or-robo": "", "city": "", "state": "IN", "area-code": "260"}, {"id": "490dde24b259add1335244cd1b7883a1", "number": "7017125931", "date": "2021-01-26 11:57:00", "subject": "2", "recorded-or-robo": "Y", "city": "Minot", "state": "ND", "area-code": "701"}, {"id": "490dde24b259add1335244cd1b77b2f7", "number": "4697976368", "date": "2021-01-26 11:00:00", "subject": "3", "recorded-or-robo": "N", "city": "", "state": "PA", "area-code": "570"}, {"id": "490dde24b259add1335244cd1b787c18", "number": "6282417890", "date": "2021-01-26 08:42:00", "subject": "4", "recorded-or-robo": "Y", "city": "HALF MOON BAY", "state": "CA", "area-code": "650"}, {"id": "490dde24b259add1335244cd1b7877a1", "number": "9109001367", "date": "2021-01-26 12:52:00", "subject": "2", "recorded-or-robo": "Y", "city": "Jacksonville", "state": "NC", "area-code": "910"}, {"id": "490dde24b259add1335244cd1b786dee", "number": "9092459085", "date": "2021-01-26 09:00:00", "subject": "2", "recorded-or-robo": "Y", "city": "Redlands", "state": "CA", "area-code": "909"}, {"id": "490dde24b259add1335244cd1b78694c", "number": "8442052138", "date": "2021-01-25 13:05:00", "subject": "2", "recorded-or-robo": "Y", "city": "Fort Lauderdale", "state": "FL", "area-code": "954"}, {"id": "490dde24b259add1335244cd1b78654c", "number": "6107423179", "date": "2021-01-26 12:58:00", "subject": "0", "recorded-or-robo": "Y", "city": "Mohnton", "state": "PA", "area-code": "610"}, {"id": "490dde24b259add1335244cd1b7857b7", "number": "7153402953", "date": "2021-01-26 11:53:00", "subject": "9", "recorded-or-robo": "Y", "city": "Amherst", "state": "WI", "area-code": "715"}, {"id": "490dde24b259add1335244cd1b785052", "number": "6123999481", "date": "2021-01-26 11:24:00", "subject": "4", "recorded-or-robo": "Y", "city": "Maple Grove", "state": "MN", "area-code": "612"}, {"id": "490dde24b259add1335244cd1b7848bb", "number": "8136651908", "date": "2021-01-26 12:56:00", "subject": "2", "recorded-or-robo": "", "city": "sun city center", "state": "FL", "area-code": "813"}, {"id": "490dde24b259add1335244cd1b7838ff", "number": "9493785866", "date": "2021-01-25 13:25:00", "subject": "2", "recorded-or-robo": "Y", "city": "Sacramento", "state": "CA", "area-code": "949"}, {"id": "490dde24b259add1335244cd1b783434", "number": "3108075980", "date": "2021-01-26 10:00:00", "subject": "1", "recorded-or-robo": "Y", "city": "Malibu", "state": "CA", "area-code": "310"}, {"id": "490dde24b259add1335244cd1b782754", "number": "8553366960", "date": "2021-01-26 12:35:00", "subject": "2", "recorded-or-robo": "Y", "city": "Lansdowne", "state": "PA", "area-code": "267"}, {"id": "490dde24b259add1335244cd1b781fff", "number": "9857035277", "date": "2021-01-26 11:26:00", "subject": "1", "recorded-or-robo": "N", "city": "", "state": "AL", "area-code": "256"}, {"id": "490dde24b259add1335244cd1b781e3e", "number": "2155654457", "date": "2021-01-26 12:58:00", "subject": "4", "recorded-or-robo": "Y", "city": "", "state": "NJ", "area-code": "215"}, {"id": "490dde24b259add1335244cd1b781a41", "number": "", "date": "2021-01-26 07:52:00", "subject": "6", "recorded-or-robo": "Y", "city": "Hobbs", "state": "NM", "area-code": "432"}, {"id": "490dde24b259add1335244cd1b780d42", "number": "7407623803", "date": "2021-01-25 13:12:00", "subject": "4", "recorded-or-robo": "Y", "city": "WILKES BARRE", "state": "PA", "area-code": "570"}, {"id": "490dde24b259add1335244cd1b780320", "number": "9735544443", "date": "2021-01-08 10:45:00", "subject": "0", "recorded-or-robo": "Y", "city": "", "state": "NJ", "area-code": "973"}, {"id": "490dde24b259add1335244cd1b77f9ab", "number": "3372428058", "date": "2021-01-26 09:59:00", "subject": "4", "recorded-or-robo": "", "city": "", "state": "OR", "area-code": "503"}, {"id": "490dde24b259add1335244cd1b77ea22", "number": "2604081065", "date": "2021-01-26 11:38:00", "subject": "2", "recorded-or-robo": "Y", "city": "", "state": "IN", "area-code": "260"}, {"id": "490dde24b259add1335244cd1b77dd19", "number": "8039348418", "date": "2021-01-26 08:12:00", "subject": "4", "recorded-or-robo": "Y", "city": "San Diego", "state": "CA", "area-code": "619"}, {"id": "490dde24b259add1335244cd1b77cfc9", "number": "2075791212", "date": "2021-01-26 12:51:00", "subject": "4", "recorded-or-robo": "Y", "city": "Phippsburg", "state": "ME", "area-code": "207"}, {"id": "490dde24b259add1335244cd1b77c623", "number": "6312921950", "date": "2021-01-26 12:58:00", "subject": "2", "recorded-or-robo": "Y", "city": "East Setauket", "state": "NY", "area-code": "631"}, {"id": "490dde24b259add1335244cd1b77bbe8", "number": "2403189339", "date": "2021-01-25 12:00:00", "subject": "1", "recorded-or-robo": "Y", "city": "Laie", "state": "HI", "area-code": "808"}, {"id": "490dde24b259add1335244cd1b77b0a0", "number": "4437132671", "date": "2021-01-26 12:52:00", "subject": "4", "recorded-or-robo": "Y", "city": "", "state": "NJ", "area-code": "732"}, {"id": "490dde24b259add1335244cd1b77a2aa", "number": "7044457162", "date": "2021-01-26 12:55:00", "subject": "11", "recorded-or-robo": "Y", "city": "Charlotte", "state": "NC", "area-code": "704"}, {"id": "490dde24b259add1335244cd1b779e3c", "number": "9094932000", "date": "2021-01-26 08:54:00", "subject": "2", "recorded-or-robo": "Y", "city": "Redlands", "state": "CA", "area-code": "909"}, {"id": "490dde24b259add1335244cd1b77917e", "number": "8152746017", "date": "2021-01-26 12:57:00", "subject": "3", "recorded-or-robo": "", "city": "", "state": "IL", "area-code": "815"}, {"id": "490dde24b259add1335244cd1b779a67", "number": "7622075134", "date": "2021-01-26 11:19:00", "subject": "2", "recorded-or-robo": "Y", "city": "", "state": "NC", "area-code": "704"}, {"id": "490dde24b259add1335244cd1b7786a8", "number": "9013865959", "date": "2020-12-17 08:15:00", "subject": "2", "recorded-or-robo": "Y", "city": "Memphis", "state": "TN", "area-code": "901"}, {"id": "490dde24b259add1335244cd1b77816c", "number": "8084815163", "date": "2021-01-26 07:56:00", "subject": "5", "recorded-or-robo": "Y", "city": "", "state": "HI", "area-code": "808"}, {"id": "490dde24b259add1335244cd1b777a8d", "number": "2176310325", "date": "2021-01-26 10:15:00", "subject": "4", "recorded-or-robo": "Y", "city": "", "state": "IL", "area-code": "217"}, {"id": "490dde24b259add1335244cd1b776c5b", "number": "5597299072", "date": "2021-01-26 10:10:00", "subject": "1", "recorded-or-robo": "Y", "city": "OKC", "state": "OK", "area-code": "405"}, {"id": "490dde24b259add1335244cd1b776bfc", "number": "8179278228", "date": "2021-01-26 11:57:00", "subject": "2", "recorded-or-robo": "Y", "city": "Russellville", "state": "AL", "area-code": "256"}, {"id": "490dde24b259add1335244cd1b775c6c", "number": "9137561064", "date": "2021-01-26 10:59:00", "subject": "4", "recorded-or-robo": "Y", "city": "", "state": "CO", "area-code": "303"}, {"id": "490dde24b259add1335244cd1b775762", "number": "7086401885", "date": "2021-01-26 09:41:00", "subject": "0", "recorded-or-robo": "Y", "city": "Riverdale", "state": "IL", "area-code": "708"}, {"id": "490dde24b259add1335244cd1b7749aa", "number": "", "date": "2021-01-26 12:54:00", "subject": "3", "recorded-or-robo": "Y", "city": "", "state": "OH", "area-code": "937"}]}