{"data": [{"id": "3decc6bfadaa436a105714c6ba84fd6f", "number": "8773782318", "date": "2021-01-23 23:13:16", "subject": "3", "recorded-or-robo": "Y", "city": "", "state": "TX", "area-code": "214"}, {"id": "03e293b3df9e35eadf15c561191b66b8", "number": "8773782318", "date": "2021-01-23 23:13:16", "subject": "3", "recorded-or-robo": "Y", "city": "", "state": "TX", "area-code": "214"}, {"id": "3decc6bfadaa436a105714c6ba84f3d4", "number": "+15756426867", "date": "2021-01-23 23:12:46", "subject": "3", "recorded-or-robo": "Y", "city": "", "state": "NM", "area-code": "575"}, {"id": "03e293b3df9e35eadf15c561191b5ba0", "number": "+15756426867", "date": "2021-01-23 23:12:46", "subject": "3", "recorded-or-robo": "Y", "city": "", "state": "NM", "area-code": "575"}, {"id": "3decc6bfadaa436a105714c6ba71cf74", "number": "7242018879", "date": "2021-01-22 10:41:00", "subject": "4", "recorded-or-robo": "Y", "city": "", "state": "PA", "area-code": "724"}, {"id": "03e293b3df9e35eadf15c56119080b8a", "number": "7242018879", "date": "2021-01-22 10:41:00", "subject": "4", "recorded-or-robo": "Y", "city": "", "state": "PA", "area-code": "724"}, {"id": "3decc6bfadaa436a105714c6ba84ef27", "number": "+12154045950", "date": "2021-01-23 23:11:11", "subject": "3", "recorded-or-robo": "N", "city": "", "state": "PA", "area-code": "484"}, {"id": "03e293b3df9e35eadf15c561191b55e4", "number": "+12154045950", "date": "2021-01-23 23:11:11", "subject": "3", "recorded-or-robo": "N", "city": "", "state": "PA", "area-code": "484"}, {"id": "3decc6bfadaa436a105714c6ba71ca3c", "number": "4058650631", "date": "2021-01-23 11:56:00", "subject": "4", "recorded-or-robo": "Y", "city": "", "state": "OK", "area-code": "405"}, {"id": "03e293b3df9e35eadf15c5611907fe60", "number": "4058650631", "date": "2021-01-23 11:56:00", "subject": "4", "recorded-or-robo": "Y", "city": "", "state": "OK", "area-code": "405"}, {"id": "3decc6bfadaa436a105714c6ba71c481", "number": "4809239744", "date": "2021-01-23 09:46:00", "subject": "4", "recorded-or-robo": "Y", "city": "", "state": "AZ", "area-code": "480"}, {"id": "03e293b3df9e35eadf15c5611907f670", "number": "4809239744", "date": "2021-01-23 09:46:00", "subject": "4", "recorded-or-robo": "Y", "city": "", "state": "AZ", "area-code": "480"}, {"id": "3decc6bfadaa436a105714c6ba71b577", "number": "6206602334", "date": "2021-01-23 22:00:00", "subject": "1", "recorded-or-robo": "N", "city": "VALLEY CENTER", "state": "KS", "area-code": "316"}, {"id": "03e293b3df9e35eadf15c5611907f49e", "number": "6206602334", "date": "2021-01-23 22:00:00", "subject": "1", "recorded-or-robo": "N", "city": "VALLEY CENTER", "state": "KS", "area-code": "316"}, {"id": "3decc6bfadaa436a105714c6ba71b1f6", "number": "5208390094", "date": "2021-01-22 10:55:00", "subject": "2", "recorded-or-robo": "Y", "city": "green valley", "state": "AZ", "area-code": "520"}, {"id": "03e293b3df9e35eadf15c5611907e699", "number": "5208390094", "date": "2021-01-22 10:55:00", "subject": "2", "recorded-or-robo": "Y", "city": "green valley", "state": "AZ", "area-code": "520"}, {"id": "3decc6bfadaa436a105714c6ba84d49c", "number": "+15619683636", "date": "2021-01-23 23:02:30", "subject": "3", "recorded-or-robo": "Y", "city": "", "state": "NJ", "area-code": "551"}, {"id": "03e293b3df9e35eadf15c561191b31ff", "number": "+15619683636", "date": "2021-01-23 23:02:30", "subject": "3", "recorded-or-robo": "Y", "city": "", "state": "NJ", "area-code": "551"}, {"id": "3decc6bfadaa436a105714c6ba84d6b4", "number": "+18133591122", "date": "2021-01-23 23:02:13", "subject": "3", "recorded-or-robo": "Y", "city": "", "state": "FL", "area-code": "813"}, {"id": "03e293b3df9e35eadf15c561191b3898", "number": "+18133591122", "date": "2021-01-23 23:02:13", "subject": "3", "recorded-or-robo": "Y", "city": "", "state": "FL", "area-code": "813"}, {"id": "3decc6bfadaa436a105714c6ba84c8e7", "number": "+17279479428", "date": "2021-01-23 23:01:45", "subject": "3", "recorded-or-robo": "Y", "city": "", "state": "FL", "area-code": "813"}, {"id": "03e293b3df9e35eadf15c561191b2ba7", "number": "+17279479428", "date": "2021-01-23 23:01:45", "subject": "3", "recorded-or-robo": "Y", "city": "", "state": "FL", "area-code": "813"}, {"id": "3decc6bfadaa436a105714c6ba71ab23", "number": "4086751646", "date": "2021-01-22 21:02:00", "subject": "1", "recorded-or-robo": "Y", "city": "San Jose", "state": "CA", "area-code": "408"}, {"id": "03e293b3df9e35eadf15c5611907db73", "number": "4086751646", "date": "2021-01-22 21:02:00", "subject": "1", "recorded-or-robo": "Y", "city": "San Jose", "state": "CA", "area-code": "408"}, {"id": "3decc6bfadaa436a105714c6ba71a330", "number": "8884938140xt", "date": "2021-01-23 12:00:00", "subject": "2", "recorded-or-robo": "Y", "city": "Wills Point", "state": "TX", "area-code": "903"}, {"id": "03e293b3df9e35eadf15c5611907d657", "number": "8884938140xt", "date": "2021-01-23 12:00:00", "subject": "2", "recorded-or-robo": "Y", "city": "Wills Point", "state": "TX", "area-code": "903"}, {"id": "3decc6bfadaa436a105714c6ba84e1d9", "number": "3055749468", "date": "2021-01-23 23:00:25", "subject": "3", "recorded-or-robo": "Y", "city": "", "state": "FL", "area-code": "305"}, {"id": "03e293b3df9e35eadf15c561191b4177", "number": "3055749468", "date": "2021-01-23 23:00:25", "subject": "3", "recorded-or-robo": "Y", "city": "", "state": "FL", "area-code": "305"}, {"id": "3decc6bfadaa436a105714c6ba84e5ca", "number": "+19094904702", "date": "2021-01-23 23:00:20", "subject": "3", "recorded-or-robo": "Y", "city": "", "state": "CA", "area-code": "619"}, {"id": "03e293b3df9e35eadf15c561191b464f", "number": "+19094904702", "date": "2021-01-23 23:00:20", "subject": "3", "recorded-or-robo": "Y", "city": "", "state": "CA", "area-code": "619"}, {"id": "3decc6bfadaa436a105714c6ba84ac3a", "number": "+15203866449", "date": "2021-01-23 22:58:23", "subject": "3", "recorded-or-robo": "Y", "city": "", "state": "AZ", "area-code": "520"}, {"id": "03e293b3df9e35eadf15c561191b10d1", "number": "+15203866449", "date": "2021-01-23 22:58:23", "subject": "3", "recorded-or-robo": "Y", "city": "", "state": "AZ", "area-code": "520"}, {"id": "3decc6bfadaa436a105714c6ba84a746", "number": "6612470643", "date": "2021-01-23 22:56:35", "subject": "3", "recorded-or-robo": "Y", "city": "", "state": "CA", "area-code": "661"}, {"id": "03e293b3df9e35eadf15c561191b05b1", "number": "6612470643", "date": "2021-01-23 22:56:35", "subject": "3", "recorded-or-robo": "Y", "city": "", "state": "CA", "area-code": "661"}, {"id": "3decc6bfadaa436a105714c6ba84ba92", "number": "+13186850769", "date": "2021-01-23 22:56:20", "subject": "3", "recorded-or-robo": "Y", "city": "", "state": "AZ", "area-code": "520"}, {"id": "03e293b3df9e35eadf15c561191b1dcb", "number": "+13186850769", "date": "2021-01-23 22:56:20", "subject": "3", "recorded-or-robo": "Y", "city": "", "state": "AZ", "area-code": "520"}, {"id": "3decc6bfadaa436a105714c6ba87ea52", "number": "7637395710", "date": "2021-01-22 13:14:00", "subject": "3", "recorded-or-robo": "Y", "city": "", "state": "MD", "area-code": "410"}, {"id": "03e293b3df9e35eadf15c561191e6834", "number": "7637395710", "date": "2021-01-22 13:14:00", "subject": "3", "recorded-or-robo": "Y", "city": "", "state": "MD", "area-code": "410"}, {"id": "3decc6bfadaa436a105714c6ba71a32d", "number": "6692323938", "date": "2021-01-23 11:45:00", "subject": "6", "recorded-or-robo": "N", "city": "East Patchogue", "state": "NY", "area-code": "631"}, {"id": "03e293b3df9e35eadf15c5611907d613", "number": "6692323938", "date": "2021-01-23 11:45:00", "subject": "6", "recorded-or-robo": "N", "city": "East Patchogue", "state": "NY", "area-code": "631"}, {"id": "3decc6bfadaa436a105714c6ba71a11d", "number": "8182453003", "date": "2021-01-21 10:24:00", "subject": "0", "recorded-or-robo": "Y", "city": "", "state": "CA", "area-code": "818"}, {"id": "03e293b3df9e35eadf15c5611907d12f", "number": "8182453003", "date": "2021-01-21 10:24:00", "subject": "0", "recorded-or-robo": "Y", "city": "", "state": "CA", "area-code": "818"}, {"id": "3decc6bfadaa436a105714c6ba7198ce", "number": "8152634024", "date": "2021-01-23 12:00:00", "subject": "2", "recorded-or-robo": "Y", "city": "Minneapolis", "state": "MN", "area-code": "612"}, {"id": "03e293b3df9e35eadf15c5611907c72c", "number": "8152634024", "date": "2021-01-23 12:00:00", "subject": "2", "recorded-or-robo": "Y", "city": "Minneapolis", "state": "MN", "area-code": "612"}, {"id": "3decc6bfadaa436a105714c6ba7197ee", "number": "8182609299", "date": "2021-01-22 14:37:00", "subject": "0", "recorded-or-robo": "Y", "city": "", "state": "CA", "area-code": "818"}, {"id": "03e293b3df9e35eadf15c5611907baa6", "number": "8182609299", "date": "2021-01-22 14:37:00", "subject": "0", "recorded-or-robo": "Y", "city": "", "state": "CA", "area-code": "818"}, {"id": "3decc6bfadaa436a105714c6ba718da9", "number": "3239270153", "date": "2021-01-22 09:42:00", "subject": "0", "recorded-or-robo": "Y", "city": "", "state": "CA", "area-code": "818"}, {"id": "03e293b3df9e35eadf15c5611907b83f", "number": "3239270153", "date": "2021-01-22 09:42:00", "subject": "0", "recorded-or-robo": "Y", "city": "", "state": "CA", "area-code": "818"}, {"id": "3decc6bfadaa436a105714c6ba718d58", "number": "8182487322", "date": "2021-01-21 15:41:00", "subject": "0", "recorded-or-robo": "Y", "city": "", "state": "CA", "area-code": "818"}, {"id": "03e293b3df9e35eadf15c5611907b4ee", "number": "8182487322", "date": "2021-01-21 15:41:00", "subject": "0", "recorded-or-robo": "Y", "city": "", "state": "CA", "area-code": "818"}]}