{"data": [{"id": "3decc6bfadaa436a105714c6baf68af3", "number": "8777611556", "date": "2021-01-25 12:47:00", "subject": "2", "recorded-or-robo": "Y", "city": "Brunswick", "state": "GA", "area-code": "912"}, {"id": "3decc6bfadaa436a105714c6baf67d10", "number": "8135375427", "date": "2021-01-25 15:30:00", "subject": "3", "recorded-or-robo": "Y", "city": "", "state": "FL", "area-code": "813"}, {"id": "3decc6bfadaa436a105714c6baf6784a", "number": "2702886619", "date": "2021-01-12 02:02:00", "subject": "2", "recorded-or-robo": "N", "city": "Hopkinsville", "state": "KY", "area-code": "270"}, {"id": "3decc6bfadaa436a105714c6baf66984", "number": "4703971266", "date": "2021-01-26 08:15:00", "subject": "2", "recorded-or-robo": "Y", "city": "Powder Springs", "state": "GA", "area-code": "770"}, {"id": "3decc6bfadaa436a105714c6baf65bb6", "number": "6082521011", "date": "2021-01-26 08:51:00", "subject": "7", "recorded-or-robo": "Y", "city": "", "state": "WI", "area-code": "608"}, {"id": "3decc6bfadaa436a105714c6baf65802", "number": "", "date": "2021-01-26 08:50:00", "subject": "6", "recorded-or-robo": "Y", "city": "Green Bay", "state": "WI", "area-code": "920"}, {"id": "3decc6bfadaa436a105714c6baf656b6", "number": "8324599159", "date": "2021-01-26 08:49:00", "subject": "7", "recorded-or-robo": "Y", "city": "Katy", "state": "TX", "area-code": "832"}, {"id": "3decc6bfadaa436a105714c6baf655f6", "number": "5024414320", "date": "2021-01-26 09:08:00", "subject": "0", "recorded-or-robo": "Y", "city": "LOUISVILLE", "state": "KY", "area-code": "502"}, {"id": "3decc6bfadaa436a105714c6baf64beb", "number": "9045714272", "date": "2021-01-26 09:32:00", "subject": "1", "recorded-or-robo": "Y", "city": "Jacksonville", "state": "FL", "area-code": "904"}, {"id": "3decc6bfadaa436a105714c6baf64574", "number": "8143205010", "date": "2021-01-25 15:07:00", "subject": "0", "recorded-or-robo": "Y", "city": "Dubois", "state": "PA", "area-code": "814"}, {"id": "3decc6bfadaa436a105714c6baf63d9a", "number": "2708866989", "date": "2021-01-22 08:25:00", "subject": "2", "recorded-or-robo": "N", "city": "Hopkinsville", "state": "KY", "area-code": "270"}, {"id": "3decc6bfadaa436a105714c6baf637e3", "number": "8325315000", "date": "2021-01-26 07:40:00", "subject": "1", "recorded-or-robo": "Y", "city": "Theresa", "state": "WI", "area-code": "262"}, {"id": "3decc6bfadaa436a105714c6baf63127", "number": "5612910647", "date": "2021-01-26 09:15:00", "subject": "2", "recorded-or-robo": "Y", "city": "Jupiter", "state": "FL", "area-code": "561"}, {"id": "3decc6bfadaa436a105714c6baf62222", "number": "4426003186", "date": "2021-01-26 09:28:00", "subject": "2", "recorded-or-robo": "Y", "city": "", "state": "NJ", "area-code": "856"}, {"id": "3decc6bfadaa436a105714c6baf6219b", "number": "8163606165", "date": "2021-01-26 08:45:00", "subject": "6", "recorded-or-robo": "N", "city": "Oak Grove", "state": "MO", "area-code": "816"}, {"id": "3decc6bfadaa436a105714c6baf612b8", "number": "8479459247", "date": "2021-01-25 09:52:00", "subject": "0", "recorded-or-robo": "", "city": "Geneva", "state": "IL", "area-code": "847"}, {"id": "3decc6bfadaa436a105714c6baf610ee", "number": "3046308066", "date": "2021-01-26 09:48:00", "subject": "1", "recorded-or-robo": "Y", "city": "Fredericksburg", "state": "VA", "area-code": "540"}, {"id": "3decc6bfadaa436a105714c6baf60ff9", "number": "4234251335", "date": "2021-01-26 00:00:00", "subject": "3", "recorded-or-robo": "", "city": "", "state": "TN", "area-code": "423"}, {"id": "3decc6bfadaa436a105714c6baf6062f", "number": "9156211263", "date": "2021-01-26 09:47:00", "subject": "1", "recorded-or-robo": "Y", "city": "Port Orange", "state": "FL", "area-code": "386"}, {"id": "3decc6bfadaa436a105714c6baf5fa6b", "number": "", "date": "2021-01-26 12:00:00", "subject": "1", "recorded-or-robo": "Y", "city": "valparaiso", "state": "IN", "area-code": "212"}, {"id": "3decc6bfadaa436a105714c6baf5f264", "number": "2708861130", "date": "2021-01-22 08:25:00", "subject": "2", "recorded-or-robo": "Y", "city": "Hopkinsville", "state": "KY", "area-code": "270"}, {"id": "3decc6bfadaa436a105714c6baf5f24d", "number": "5612860107", "date": "2021-01-25 18:54:00", "subject": "2", "recorded-or-robo": "Y", "city": "Jupiter", "state": "FL", "area-code": "561"}, {"id": "3decc6bfadaa436a105714c6baf5e62f", "number": "4104840305", "date": "2021-01-20 10:51:00", "subject": "2", "recorded-or-robo": "", "city": "Baltimore", "state": "MD", "area-code": "410"}, {"id": "3decc6bfadaa436a105714c6baf5dbf7", "number": "4234245540", "date": "2021-01-26 00:00:00", "subject": "3", "recorded-or-robo": "", "city": "", "state": "TN", "area-code": "423"}, {"id": "3decc6bfadaa436a105714c6baf5d771", "number": "8503329254", "date": "2021-01-26 09:38:00", "subject": "3", "recorded-or-robo": "Y", "city": "bentleyville", "state": "OH", "area-code": "216"}, {"id": "3decc6bfadaa436a105714c6baf5d420", "number": "", "date": "2021-01-26 00:00:00", "subject": "3", "recorded-or-robo": "Y", "city": "", "state": "IL", "area-code": "618"}, {"id": "3decc6bfadaa436a105714c6baf587a5", "number": "6302184343", "date": "2021-01-26 09:47:00", "subject": "3", "recorded-or-robo": "N", "city": "", "state": "IL", "area-code": "630"}, {"id": "3decc6bfadaa436a105714c6baf5cd5a", "number": "8332297992", "date": "2021-01-26 09:50:00", "subject": "0", "recorded-or-robo": "N", "city": "Port Matilda", "state": "PA", "area-code": "814"}, {"id": "3decc6bfadaa436a105714c6baf5c328", "number": "6124041363", "date": "2021-01-26 08:43:00", "subject": "4", "recorded-or-robo": "Y", "city": "PLYMOUTH", "state": "MN", "area-code": "763"}, {"id": "3decc6bfadaa436a105714c6baf5b598", "number": "2194914143", "date": "2021-01-26 12:00:00", "subject": "1", "recorded-or-robo": "N", "city": "Kingman", "state": "AZ", "area-code": "928"}, {"id": "3decc6bfadaa436a105714c6baf5a5be", "number": "6099376751", "date": "2021-01-19 15:52:00", "subject": "1", "recorded-or-robo": "Y", "city": "", "state": "CO", "area-code": "720"}, {"id": "3decc6bfadaa436a105714c6baf57b65", "number": "2136523433", "date": "2021-01-26 09:37:00", "subject": "3", "recorded-or-robo": "N", "city": "", "state": "FL", "area-code": "305"}, {"id": "3decc6bfadaa436a105714c6baf59a49", "number": "8067881754", "date": "2021-01-25 12:17:00", "subject": "4", "recorded-or-robo": "Y", "city": "FLORENCE", "state": "TX", "area-code": "512"}, {"id": "3decc6bfadaa436a105714c6baf58b09", "number": "9084528720", "date": "2021-01-26 09:48:00", "subject": "6", "recorded-or-robo": "N", "city": "Chester", "state": "NJ", "area-code": "908"}, {"id": "3decc6bfadaa436a105714c6baf58b08", "number": "2037129896", "date": "2021-01-26 09:36:00", "subject": "1", "recorded-or-robo": "Y", "city": "Stamford", "state": "CT", "area-code": "203"}, {"id": "3decc6bfadaa436a105714c6baf5734c", "number": "", "date": "2021-01-26 09:01:00", "subject": "4", "recorded-or-robo": "Y", "city": "Currie", "state": "NC", "area-code": "910"}, {"id": "3decc6bfadaa436a105714c6baf56503", "number": "5615604108", "date": "2021-01-25 17:09:00", "subject": "0", "recorded-or-robo": "Y", "city": "Jupiter", "state": "FL", "area-code": "561"}, {"id": "3decc6bfadaa436a105714c6baf56231", "number": "8209002349", "date": "2021-01-13 10:56:00", "subject": "2", "recorded-or-robo": "N", "city": "Hopkinsville", "state": "KY", "area-code": "270"}, {"id": "3decc6bfadaa436a105714c6baf55e5b", "number": "7575535058", "date": "2021-01-25 17:06:00", "subject": "2", "recorded-or-robo": "N", "city": "Chesapeake", "state": "VA", "area-code": "757"}, {"id": "3decc6bfadaa436a105714c6baf550a5", "number": "8136701728", "date": "2021-01-26 09:40:00", "subject": "3", "recorded-or-robo": "Y", "city": "", "state": "FL", "area-code": "813"}, {"id": "3decc6bfadaa436a105714c6baf54f02", "number": "9199436107", "date": "2021-01-26 09:45:00", "subject": "1", "recorded-or-robo": "Y", "city": "Durham", "state": "NC", "area-code": "919"}, {"id": "3decc6bfadaa436a105714c6baf5472a", "number": "5053892697", "date": "2021-01-26 08:43:00", "subject": "1", "recorded-or-robo": "N", "city": "Batesville", "state": "AR", "area-code": "870"}, {"id": "3decc6bfadaa436a105714c6baf542f3", "number": "8572731613", "date": "2021-01-26 08:46:00", "subject": "2", "recorded-or-robo": "Y", "city": "Evanston", "state": "IL", "area-code": "224"}, {"id": "3decc6bfadaa436a105714c6baf53ce5", "number": "5406046461", "date": "2021-01-26 09:36:00", "subject": "1", "recorded-or-robo": "Y", "city": "Fredericksburg", "state": "VA", "area-code": "540"}, {"id": "3decc6bfadaa436a105714c6baf53393", "number": "9645674028", "date": "2021-01-25 15:58:00", "subject": "2", "recorded-or-robo": "Y", "city": "Jupiter", "state": "FL", "area-code": "561"}, {"id": "3decc6bfadaa436a105714c6baf52a89", "number": "", "date": "2021-01-26 08:40:00", "subject": "6", "recorded-or-robo": "Y", "city": "", "state": "NE", "area-code": "402"}, {"id": "3decc6bfadaa436a105714c6baf5263b", "number": "9783458080", "date": "2021-01-15 08:40:00", "subject": "2", "recorded-or-robo": "N", "city": "Hopkinsville", "state": "KY", "area-code": "270"}, {"id": "3decc6bfadaa436a105714c6baf52049", "number": "", "date": "2021-01-26 00:00:00", "subject": "3", "recorded-or-robo": "Y", "city": "", "state": "NY", "area-code": "845"}, {"id": "3decc6bfadaa436a105714c6baf51536", "number": "6079767830", "date": "2021-01-26 12:00:00", "subject": "1", "recorded-or-robo": "Y", "city": "El Paso", "state": "TX", "area-code": "915"}, {"id": "3decc6bfadaa436a105714c6baf50a87", "number": "4695290659", "date": "2021-01-25 09:47:00", "subject": "0", "recorded-or-robo": "Y", "city": "CYPRESS", "state": "TX", "area-code": "281"}]}