{"data": [{"id": "deca54a6651fb9add5b4a9816cb84738", "number": "2095090717", "date": "2021-01-13 14:02:00", "subject": "3", "recorded-or-robo": "N", "city": "", "state": "CA", "area-code": "209"}, {"id": "e81c9350d54f66c6d33b3747ee231841", "number": "9705725295", "date": "2021-01-22 11:09:00", "subject": "0", "recorded-or-robo": "Y", "city": "Springfield", "state": "OH", "area-code": "937"}, {"id": "deca54a6651fb9add5b4a9816cb833fc", "number": "9705725295", "date": "2021-01-22 11:09:00", "subject": "0", "recorded-or-robo": "Y", "city": "Springfield", "state": "OH", "area-code": "937"}, {"id": "e81c9350d54f66c6d33b3747ee230893", "number": "2678288149", "date": "2021-01-22 17:57:00", "subject": "0", "recorded-or-robo": "Y", "city": "Flourtown", "state": "PA", "area-code": "215"}, {"id": "deca54a6651fb9add5b4a9816cb82577", "number": "2678288149", "date": "2021-01-22 17:57:00", "subject": "0", "recorded-or-robo": "Y", "city": "Flourtown", "state": "PA", "area-code": "215"}, {"id": "e81c9350d54f66c6d33b3747ee23021e", "number": "6109475111", "date": "2021-01-22 16:45:00", "subject": "3", "recorded-or-robo": "Y", "city": "", "state": "PA", "area-code": "610"}, {"id": "e81c9350d54f66c6d33b3747ee22f7a2", "number": "", "date": "2021-01-22 16:45:00", "subject": "1", "recorded-or-robo": "Y", "city": "URBANA", "state": "IL", "area-code": "217"}, {"id": "deca54a6651fb9add5b4a9816cb81638", "number": "6109475111", "date": "2021-01-22 16:45:00", "subject": "3", "recorded-or-robo": "Y", "city": "", "state": "PA", "area-code": "610"}, {"id": "deca54a6651fb9add5b4a9816cb813f3", "number": "", "date": "2021-01-22 16:45:00", "subject": "1", "recorded-or-robo": "Y", "city": "URBANA", "state": "IL", "area-code": "217"}, {"id": "e81c9350d54f66c6d33b3747ee56e15c", "number": "3856859318", "date": "2021-01-22 18:00:17", "subject": "3", "recorded-or-robo": "Y", "city": "", "state": "UT", "area-code": "801"}, {"id": "deca54a6651fb9add5b4a9816ceb55b8", "number": "3856859318", "date": "2021-01-22 18:00:17", "subject": "3", "recorded-or-robo": "Y", "city": "", "state": "UT", "area-code": "801"}, {"id": "e81c9350d54f66c6d33b3747ee564707", "number": "3856859318", "date": "2021-01-22 18:00:16", "subject": "3", "recorded-or-robo": "Y", "city": "", "state": "UT", "area-code": "801"}, {"id": "deca54a6651fb9add5b4a9816ceab9b0", "number": "3856859318", "date": "2021-01-22 18:00:16", "subject": "3", "recorded-or-robo": "Y", "city": "", "state": "UT", "area-code": "801"}, {"id": "e81c9350d54f66c6d33b3747ee22f0e8", "number": "8176639208", "date": "2021-01-22 12:57:00", "subject": "1", "recorded-or-robo": "Y", "city": "Honolulu", "state": "HI", "area-code": "949"}, {"id": "deca54a6651fb9add5b4a9816cb807fb", "number": "8176639208", "date": "2021-01-22 12:57:00", "subject": "1", "recorded-or-robo": "Y", "city": "Honolulu", "state": "HI", "area-code": "949"}, {"id": "e81c9350d54f66c6d33b3747ee22ec16", "number": "3012042232", "date": "2021-01-15 15:18:00", "subject": "2", "recorded-or-robo": "Y", "city": "Chevy Chase", "state": "MD", "area-code": "301"}, {"id": "deca54a6651fb9add5b4a9816cb802b8", "number": "3012042232", "date": "2021-01-15 15:18:00", "subject": "2", "recorded-or-robo": "Y", "city": "Chevy Chase", "state": "MD", "area-code": "301"}, {"id": "e81c9350d54f66c6d33b3747ee5d255d", "number": "", "date": "2020-02-22 17:22:00", "subject": "3", "recorded-or-robo": "N", "city": "", "state": "PA", "area-code": "610"}, {"id": "deca54a6651fb9add5b4a9816cf1e161", "number": "", "date": "2020-02-22 17:22:00", "subject": "3", "recorded-or-robo": "N", "city": "", "state": "PA", "area-code": "610"}, {"id": "e81c9350d54f66c6d33b3747ee22de07", "number": "7864400288", "date": "2021-01-21 18:09:00", "subject": "3", "recorded-or-robo": "Y", "city": "", "state": "FL", "area-code": "954"}, {"id": "deca54a6651fb9add5b4a9816cb7f8a4", "number": "7864400288", "date": "2021-01-21 18:09:00", "subject": "3", "recorded-or-robo": "Y", "city": "", "state": "FL", "area-code": "954"}, {"id": "e81c9350d54f66c6d33b3747ee22d879", "number": "2133283259", "date": "2021-01-21 16:30:00", "subject": "2", "recorded-or-robo": "N", "city": "Huntington Beach", "state": "CA", "area-code": "818"}, {"id": "deca54a6651fb9add5b4a9816cb7f21e", "number": "2133283259", "date": "2021-01-21 16:30:00", "subject": "2", "recorded-or-robo": "N", "city": "Huntington Beach", "state": "CA", "area-code": "818"}, {"id": "e81c9350d54f66c6d33b3747ee562957", "number": "+18445729494", "date": "2021-01-22 18:00:04", "subject": "3", "recorded-or-robo": "Y", "city": "", "state": "FL", "area-code": "239"}, {"id": "deca54a6651fb9add5b4a9816cea9959", "number": "+18445729494", "date": "2021-01-22 18:00:04", "subject": "3", "recorded-or-robo": "Y", "city": "", "state": "FL", "area-code": "239"}, {"id": "e81c9350d54f66c6d33b3747ee56992d", "number": "3854985398", "date": "2021-01-22 17:59:59", "subject": "3", "recorded-or-robo": "Y", "city": "", "state": "UT", "area-code": "801"}, {"id": "e81c9350d54f66c6d33b3747ee228de9", "number": "8139596656", "date": "2021-01-22 17:56:00", "subject": "3", "recorded-or-robo": "N", "city": "", "state": "FL", "area-code": "813"}, {"id": "deca54a6651fb9add5b4a9816ceb0dd6", "number": "3854985398", "date": "2021-01-22 17:59:59", "subject": "3", "recorded-or-robo": "Y", "city": "", "state": "UT", "area-code": "801"}, {"id": "deca54a6651fb9add5b4a9816cb79f2b", "number": "8139596656", "date": "2021-01-22 17:56:00", "subject": "3", "recorded-or-robo": "N", "city": "", "state": "FL", "area-code": "813"}, {"id": "e81c9350d54f66c6d33b3747ee22ce5f", "number": "8122097792", "date": "2021-01-22 15:55:00", "subject": "2", "recorded-or-robo": "", "city": "", "state": "IN", "area-code": "812"}, {"id": "deca54a6651fb9add5b4a9816cb7ef53", "number": "8122097792", "date": "2021-01-22 15:55:00", "subject": "2", "recorded-or-robo": "", "city": "", "state": "IN", "area-code": "812"}, {"id": "e81c9350d54f66c6d33b3747ee22ca57", "number": "2312440758", "date": "2021-01-22 16:00:00", "subject": "2", "recorded-or-robo": "Y", "city": "", "state": "AL", "area-code": "205"}, {"id": "deca54a6651fb9add5b4a9816cb7e2e9", "number": "2312440758", "date": "2021-01-22 16:00:00", "subject": "2", "recorded-or-robo": "Y", "city": "", "state": "AL", "area-code": "205"}, {"id": "e81c9350d54f66c6d33b3747ee5d373c", "number": "3144812559", "date": "2021-01-22 16:47:00", "subject": "3", "recorded-or-robo": "Y", "city": "", "state": "MO", "area-code": "314"}, {"id": "deca54a6651fb9add5b4a9816cf1fa8a", "number": "3144812559", "date": "2021-01-22 16:47:00", "subject": "3", "recorded-or-robo": "Y", "city": "", "state": "MO", "area-code": "314"}, {"id": "e81c9350d54f66c6d33b3747ee55c72b", "number": "+12056703066", "date": "2021-01-22 17:59:48", "subject": "3", "recorded-or-robo": "Y", "city": "", "state": "AL", "area-code": "205"}, {"id": "deca54a6651fb9add5b4a9816cea3b1d", "number": "+12056703066", "date": "2021-01-22 17:59:48", "subject": "3", "recorded-or-robo": "Y", "city": "", "state": "AL", "area-code": "205"}, {"id": "e81c9350d54f66c6d33b3747ee55aafc", "number": "+19546948129", "date": "2021-01-22 17:59:47", "subject": "3", "recorded-or-robo": "Y", "city": "", "state": "MI", "area-code": "810"}, {"id": "e81c9350d54f66c6d33b3747ee22be56", "number": "8162957531", "date": "2021-01-22 12:40:00", "subject": "2", "recorded-or-robo": "Y", "city": "West Memphis", "state": "AR", "area-code": "870"}, {"id": "deca54a6651fb9add5b4a9816cea1e8b", "number": "+19546948129", "date": "2021-01-22 17:59:47", "subject": "3", "recorded-or-robo": "Y", "city": "", "state": "MI", "area-code": "810"}, {"id": "deca54a6651fb9add5b4a9816cb7d976", "number": "8162957531", "date": "2021-01-22 12:40:00", "subject": "2", "recorded-or-robo": "Y", "city": "West Memphis", "state": "AR", "area-code": "870"}, {"id": "e81c9350d54f66c6d33b3747ee5606d9", "number": "3854985636", "date": "2021-01-22 17:59:46", "subject": "3", "recorded-or-robo": "Y", "city": "", "state": "UT", "area-code": "801"}, {"id": "deca54a6651fb9add5b4a9816cea8042", "number": "3854985636", "date": "2021-01-22 17:59:46", "subject": "3", "recorded-or-robo": "Y", "city": "", "state": "UT", "area-code": "801"}, {"id": "e81c9350d54f66c6d33b3747ee22b392", "number": "8646379757", "date": "2021-01-22 08:33:00", "subject": "2", "recorded-or-robo": "Y", "city": "Fort Scott", "state": "KS", "area-code": "864"}, {"id": "deca54a6651fb9add5b4a9816cb7d0d7", "number": "8646379757", "date": "2021-01-22 08:33:00", "subject": "2", "recorded-or-robo": "Y", "city": "Fort Scott", "state": "KS", "area-code": "864"}, {"id": "e81c9350d54f66c6d33b3747ee558f91", "number": "+13303823678", "date": "2021-01-22 17:59:40", "subject": "3", "recorded-or-robo": "Y", "city": "", "state": "OH", "area-code": "330"}, {"id": "e81c9350d54f66c6d33b3747ee550715", "number": "2158495371", "date": "2021-01-22 17:59:40", "subject": "3", "recorded-or-robo": "Y", "city": "", "state": "WI", "area-code": "262"}, {"id": "deca54a6651fb9add5b4a9816cea0467", "number": "+13303823678", "date": "2021-01-22 17:59:40", "subject": "3", "recorded-or-robo": "Y", "city": "", "state": "OH", "area-code": "330"}, {"id": "deca54a6651fb9add5b4a9816ce99a6e", "number": "2158495371", "date": "2021-01-22 17:59:40", "subject": "3", "recorded-or-robo": "Y", "city": "", "state": "WI", "area-code": "262"}, {"id": "e81c9350d54f66c6d33b3747ee5522fc", "number": "2158495371", "date": "2021-01-22 17:59:39", "subject": "3", "recorded-or-robo": "Y", "city": "", "state": "WI", "area-code": "262"}]}