{"data": [{"id": "03e293b3df9e35eadf15c5611949075a", "number": "26242364185", "date": "2021-01-22 17:42:00", "subject": "1", "recorded-or-robo": "Y", "city": "Edmond", "state": "OK", "area-code": "405"}, {"id": "3decc6bfadaa436a105714c6bab2899b", "number": "7194517144", "date": "2021-01-23 09:52:00", "subject": "4", "recorded-or-robo": "Y", "city": "Leslie", "state": "MI", "area-code": "517"}, {"id": "03e293b3df9e35eadf15c5611948fe1e", "number": "7194517144", "date": "2021-01-23 09:52:00", "subject": "4", "recorded-or-robo": "Y", "city": "Leslie", "state": "MI", "area-code": "517"}, {"id": "3decc6bfadaa436a105714c6bab2862f", "number": "", "date": "2021-01-24 14:11:00", "subject": "1", "recorded-or-robo": "Y", "city": "Saint Louis", "state": "MO", "area-code": "314"}, {"id": "03e293b3df9e35eadf15c5611948f6e0", "number": "", "date": "2021-01-24 14:11:00", "subject": "1", "recorded-or-robo": "Y", "city": "Saint Louis", "state": "MO", "area-code": "314"}, {"id": "3decc6bfadaa436a105714c6bab27d6b", "number": "6265361094", "date": "2021-01-24 07:16:00", "subject": "7", "recorded-or-robo": "Y", "city": "Los Angeles", "state": "CA", "area-code": "626"}, {"id": "03e293b3df9e35eadf15c5611948ed3a", "number": "6265361094", "date": "2021-01-24 07:16:00", "subject": "7", "recorded-or-robo": "Y", "city": "Los Angeles", "state": "CA", "area-code": "626"}, {"id": "3decc6bfadaa436a105714c6bab27996", "number": "9182653011", "date": "2021-01-22 15:40:00", "subject": "0", "recorded-or-robo": "Y", "city": "Edmond", "state": "OK", "area-code": "405"}, {"id": "03e293b3df9e35eadf15c5611948e6f7", "number": "9182653011", "date": "2021-01-22 15:40:00", "subject": "0", "recorded-or-robo": "Y", "city": "Edmond", "state": "OK", "area-code": "405"}, {"id": "3decc6bfadaa436a105714c6bab26aa7", "number": "7213058", "date": "2021-01-24 10:55:00", "subject": "0", "recorded-or-robo": "Y", "city": "", "state": "CA", "area-code": "323"}, {"id": "03e293b3df9e35eadf15c5611948dd25", "number": "7213058", "date": "2021-01-24 10:55:00", "subject": "0", "recorded-or-robo": "Y", "city": "", "state": "CA", "area-code": "323"}, {"id": "3decc6bfadaa436a105714c6bab25b3b", "number": "4052814449", "date": "2021-01-22 15:30:00", "subject": "4", "recorded-or-robo": "Y", "city": "Edmond", "state": "OK", "area-code": "405"}, {"id": "03e293b3df9e35eadf15c5611948d94e", "number": "4052814449", "date": "2021-01-22 15:30:00", "subject": "4", "recorded-or-robo": "Y", "city": "Edmond", "state": "OK", "area-code": "405"}, {"id": "3decc6bfadaa436a105714c6bab24d82", "number": "4052570647", "date": "2021-01-22 15:21:00", "subject": "0", "recorded-or-robo": "", "city": "Edmond", "state": "OK", "area-code": "405"}, {"id": "03e293b3df9e35eadf15c5611948d19c", "number": "4052570647", "date": "2021-01-22 15:21:00", "subject": "0", "recorded-or-robo": "", "city": "Edmond", "state": "OK", "area-code": "405"}, {"id": "3decc6bfadaa436a105714c6bab24a84", "number": "7276479826", "date": "2021-01-24 14:41:00", "subject": "1", "recorded-or-robo": "Y", "city": "Saint Petersburg", "state": "FL", "area-code": "727"}, {"id": "03e293b3df9e35eadf15c5611948c9ae", "number": "7276479826", "date": "2021-01-24 14:41:00", "subject": "1", "recorded-or-robo": "Y", "city": "Saint Petersburg", "state": "FL", "area-code": "727"}, {"id": "3decc6bfadaa436a105714c6bab24931", "number": "5099422440", "date": "2021-01-24 07:49:00", "subject": "1", "recorded-or-robo": "Y", "city": "Richland", "state": "WA", "area-code": "509"}, {"id": "03e293b3df9e35eadf15c5611948be09", "number": "5099422440", "date": "2021-01-24 07:49:00", "subject": "1", "recorded-or-robo": "Y", "city": "Richland", "state": "WA", "area-code": "509"}, {"id": "3decc6bfadaa436a105714c6bab2432f", "number": "8135452613", "date": "2021-01-24 12:40:00", "subject": "2", "recorded-or-robo": "Y", "city": "Wesley Chapel", "state": "FL", "area-code": "813"}, {"id": "03e293b3df9e35eadf15c5611948b472", "number": "8135452613", "date": "2021-01-24 12:40:00", "subject": "2", "recorded-or-robo": "Y", "city": "Wesley Chapel", "state": "FL", "area-code": "813"}, {"id": "3decc6bfadaa436a105714c6bab240d3", "number": "6465151001", "date": "2021-01-24 13:33:00", "subject": "1", "recorded-or-robo": "Y", "city": "", "state": "NY", "area-code": "917"}, {"id": "03e293b3df9e35eadf15c5611948b16d", "number": "6465151001", "date": "2021-01-24 13:33:00", "subject": "1", "recorded-or-robo": "Y", "city": "", "state": "NY", "area-code": "917"}, {"id": "3decc6bfadaa436a105714c6bab23eaf", "number": "", "date": "2021-01-22 00:00:00", "subject": "12", "recorded-or-robo": "Y", "city": "", "state": "CA", "area-code": "909"}, {"id": "03e293b3df9e35eadf15c5611948a3c8", "number": "", "date": "2021-01-22 00:00:00", "subject": "12", "recorded-or-robo": "Y", "city": "", "state": "CA", "area-code": "909"}, {"id": "3decc6bfadaa436a105714c6bab23920", "number": "", "date": "2021-01-17 10:11:00", "subject": "3", "recorded-or-robo": "N", "city": "", "state": "CO", "area-code": "719"}, {"id": "03e293b3df9e35eadf15c5611948967a", "number": "", "date": "2021-01-17 10:11:00", "subject": "3", "recorded-or-robo": "N", "city": "", "state": "CO", "area-code": "719"}, {"id": "3decc6bfadaa436a105714c6bab2344d", "number": "8434743179", "date": "2020-12-11 17:28:00", "subject": "2", "recorded-or-robo": "Y", "city": "Baton Rouge", "state": "LA", "area-code": "225"}, {"id": "03e293b3df9e35eadf15c56119488e7c", "number": "8434743179", "date": "2020-12-11 17:28:00", "subject": "2", "recorded-or-robo": "Y", "city": "Baton Rouge", "state": "LA", "area-code": "225"}, {"id": "3decc6bfadaa436a105714c6bab230ba", "number": "4052814402", "date": "2021-01-22 14:29:00", "subject": "4", "recorded-or-robo": "Y", "city": "Edmond", "state": "OK", "area-code": "405"}, {"id": "03e293b3df9e35eadf15c56119487e94", "number": "4052814402", "date": "2021-01-22 14:29:00", "subject": "4", "recorded-or-robo": "Y", "city": "Edmond", "state": "OK", "area-code": "405"}, {"id": "3decc6bfadaa436a105714c6bab22da9", "number": "8882804331", "date": "2021-01-22 12:00:00", "subject": "2", "recorded-or-robo": "N", "city": "BALDWIN", "state": "NY", "area-code": "718"}, {"id": "03e293b3df9e35eadf15c56119487e3d", "number": "8882804331", "date": "2021-01-22 12:00:00", "subject": "2", "recorded-or-robo": "N", "city": "BALDWIN", "state": "NY", "area-code": "718"}, {"id": "3decc6bfadaa436a105714c6bab22d62", "number": "6692095863", "date": "2021-01-24 02:10:00", "subject": "1", "recorded-or-robo": "Y", "city": "Florissant", "state": "MO", "area-code": "314"}, {"id": "03e293b3df9e35eadf15c56119487d25", "number": "6692095863", "date": "2021-01-24 02:10:00", "subject": "1", "recorded-or-robo": "Y", "city": "Florissant", "state": "MO", "area-code": "314"}, {"id": "3decc6bfadaa436a105714c6bab2219f", "number": "3524180870", "date": "2020-12-16 14:10:00", "subject": "2", "recorded-or-robo": "Y", "city": "Baton Rouge", "state": "LA", "area-code": "225"}, {"id": "03e293b3df9e35eadf15c56119487a42", "number": "3524180870", "date": "2020-12-16 14:10:00", "subject": "2", "recorded-or-robo": "Y", "city": "Baton Rouge", "state": "LA", "area-code": "225"}, {"id": "3decc6bfadaa436a105714c6bab22036", "number": "2245415636", "date": "2020-12-16 15:11:00", "subject": "2", "recorded-or-robo": "Y", "city": "Baton Rouge", "state": "LA", "area-code": "225"}, {"id": "03e293b3df9e35eadf15c56119487608", "number": "2245415636", "date": "2020-12-16 15:11:00", "subject": "2", "recorded-or-robo": "Y", "city": "Baton Rouge", "state": "LA", "area-code": "225"}, {"id": "3decc6bfadaa436a105714c6bab21d21", "number": "4052814446", "date": "2021-01-22 09:50:00", "subject": "4", "recorded-or-robo": "Y", "city": "Edmond", "state": "OK", "area-code": "405"}, {"id": "03e293b3df9e35eadf15c561194875de", "number": "4052814446", "date": "2021-01-22 09:50:00", "subject": "4", "recorded-or-robo": "Y", "city": "Edmond", "state": "OK", "area-code": "405"}, {"id": "3decc6bfadaa436a105714c6bab21b43", "number": "4708090851", "date": "2021-01-13 11:22:00", "subject": "2", "recorded-or-robo": "Y", "city": "Baton Rouge", "state": "LA", "area-code": "225"}, {"id": "03e293b3df9e35eadf15c5611948669a", "number": "4708090851", "date": "2021-01-13 11:22:00", "subject": "2", "recorded-or-robo": "Y", "city": "Baton Rouge", "state": "LA", "area-code": "225"}, {"id": "3decc6bfadaa436a105714c6bab216bb", "number": "4052813625", "date": "2021-01-21 14:47:00", "subject": "4", "recorded-or-robo": "Y", "city": "Edmond", "state": "OK", "area-code": "405"}, {"id": "03e293b3df9e35eadf15c561194862c6", "number": "4052813625", "date": "2021-01-21 14:47:00", "subject": "4", "recorded-or-robo": "Y", "city": "Edmond", "state": "OK", "area-code": "405"}, {"id": "3decc6bfadaa436a105714c6bab21109", "number": "", "date": "2021-01-22 16:19:00", "subject": "7", "recorded-or-robo": "Y", "city": "Dayton", "state": "OH", "area-code": "937"}, {"id": "03e293b3df9e35eadf15c561194854eb", "number": "", "date": "2021-01-22 16:19:00", "subject": "7", "recorded-or-robo": "Y", "city": "Dayton", "state": "OH", "area-code": "937"}, {"id": "3decc6bfadaa436a105714c6bab20d22", "number": "4053696701", "date": "2021-01-24 13:12:00", "subject": "1", "recorded-or-robo": "N", "city": "", "state": "OK", "area-code": "918"}, {"id": "03e293b3df9e35eadf15c5611948469a", "number": "4053696701", "date": "2021-01-24 13:12:00", "subject": "1", "recorded-or-robo": "N", "city": "", "state": "OK", "area-code": "918"}, {"id": "3decc6bfadaa436a105714c6bab1ed33", "number": "7182446826", "date": "2021-01-24 00:00:00", "subject": "3", "recorded-or-robo": "", "city": "", "state": "WA", "area-code": "206"}]}