{"data": [{"id": "b6a8da8b80f26332ed085cca2de58bec", "number": "5308533035", "date": "2021-01-22 13:07:00", "subject": "2", "recorded-or-robo": "Y", "city": "Soda Springs", "state": "CA", "area-code": "530"}, {"id": "deca54a6651fb9add5b4a9816c7ab181", "number": "7033480870", "date": "2021-01-21 14:27:00", "subject": "2", "recorded-or-robo": "Y", "city": "Woodbridge", "state": "VA", "area-code": "703"}, {"id": "b6a8da8b80f26332ed085cca2de581a8", "number": "7033480870", "date": "2021-01-21 14:27:00", "subject": "2", "recorded-or-robo": "Y", "city": "Woodbridge", "state": "VA", "area-code": "703"}, {"id": "e81c9350d54f66c6d33b3747ee49566c", "number": "4059871358", "date": "2021-01-22 16:25:36", "subject": "3", "recorded-or-robo": "N", "city": "", "state": "OK", "area-code": "405"}, {"id": "deca54a6651fb9add5b4a9816cdddc69", "number": "4059871358", "date": "2021-01-22 16:25:36", "subject": "3", "recorded-or-robo": "N", "city": "", "state": "OK", "area-code": "405"}, {"id": "deca54a6651fb9add5b4a9816c7aa65d", "number": "3109007152", "date": "2021-01-20 12:47:00", "subject": "4", "recorded-or-robo": "Y", "city": "Capitola", "state": "CA", "area-code": "831"}, {"id": "b6a8da8b80f26332ed085cca2de5809a", "number": "3109007152", "date": "2021-01-20 12:47:00", "subject": "4", "recorded-or-robo": "Y", "city": "Capitola", "state": "CA", "area-code": "831"}, {"id": "deca54a6651fb9add5b4a9816c79f800", "number": "9186013766", "date": "2021-01-22 12:12:00", "subject": "3", "recorded-or-robo": "N", "city": "", "state": "OK", "area-code": "918"}, {"id": "b6a8da8b80f26332ed085cca2de4e443", "number": "9186013766", "date": "2021-01-22 12:12:00", "subject": "3", "recorded-or-robo": "N", "city": "", "state": "OK", "area-code": "918"}, {"id": "deca54a6651fb9add5b4a9816c7aa200", "number": "5174748771", "date": "2021-01-22 12:00:00", "subject": "1", "recorded-or-robo": "Y", "city": "Roslyn Heights", "state": "NY", "area-code": "631"}, {"id": "deca54a6651fb9add5b4a9816c7a9c9f", "number": "", "date": "2021-01-22 00:00:00", "subject": "8", "recorded-or-robo": "Y", "city": "Houston", "state": "TX", "area-code": "713"}, {"id": "b6a8da8b80f26332ed085cca2de57487", "number": "5174748771", "date": "2021-01-22 12:00:00", "subject": "1", "recorded-or-robo": "Y", "city": "Roslyn Heights", "state": "NY", "area-code": "631"}, {"id": "b6a8da8b80f26332ed085cca2de571f9", "number": "", "date": "2021-01-22 00:00:00", "subject": "8", "recorded-or-robo": "Y", "city": "Houston", "state": "TX", "area-code": "713"}, {"id": "deca54a6651fb9add5b4a9816c7a99b5", "number": "3104717221", "date": "2021-01-22 13:16:00", "subject": "1", "recorded-or-robo": "Y", "city": "Los Angeles", "state": "CA", "area-code": "310"}, {"id": "b6a8da8b80f26332ed085cca2de56e50", "number": "3104717221", "date": "2021-01-22 13:16:00", "subject": "1", "recorded-or-robo": "Y", "city": "Los Angeles", "state": "CA", "area-code": "310"}, {"id": "deca54a6651fb9add5b4a9816c7a8a49", "number": "7042668626", "date": "2021-01-07 02:22:00", "subject": "4", "recorded-or-robo": "Y", "city": "", "state": "NC", "area-code": "704"}, {"id": "b6a8da8b80f26332ed085cca2de55f53", "number": "7042668626", "date": "2021-01-07 02:22:00", "subject": "4", "recorded-or-robo": "Y", "city": "", "state": "NC", "area-code": "704"}, {"id": "e81c9350d54f66c6d33b3747ee4983ab", "number": "5709315072", "date": "2021-01-22 16:25:30", "subject": "3", "recorded-or-robo": "Y", "city": "", "state": "PA", "area-code": "570"}, {"id": "e81c9350d54f66c6d33b3747ee49487d", "number": "7325383470", "date": "2021-01-22 16:25:30", "subject": "3", "recorded-or-robo": "Y", "city": "", "state": "NJ", "area-code": "732"}, {"id": "deca54a6651fb9add5b4a9816cde025e", "number": "5709315072", "date": "2021-01-22 16:25:30", "subject": "3", "recorded-or-robo": "Y", "city": "", "state": "PA", "area-code": "570"}, {"id": "deca54a6651fb9add5b4a9816cddd8af", "number": "7325383470", "date": "2021-01-22 16:25:30", "subject": "3", "recorded-or-robo": "Y", "city": "", "state": "NJ", "area-code": "732"}, {"id": "deca54a6651fb9add5b4a9816c7a859a", "number": "2106364096", "date": "2021-01-22 15:21:00", "subject": "2", "recorded-or-robo": "Y", "city": "Irving", "state": "TX", "area-code": "214"}, {"id": "b6a8da8b80f26332ed085cca2de554b3", "number": "2106364096", "date": "2021-01-22 15:21:00", "subject": "2", "recorded-or-robo": "Y", "city": "Irving", "state": "TX", "area-code": "214"}, {"id": "e81c9350d54f66c6d33b3747ee4965e1", "number": "5709315072", "date": "2021-01-22 16:25:29", "subject": "3", "recorded-or-robo": "Y", "city": "", "state": "PA", "area-code": "570"}, {"id": "deca54a6651fb9add5b4a9816cdde3d4", "number": "5709315072", "date": "2021-01-22 16:25:29", "subject": "3", "recorded-or-robo": "Y", "city": "", "state": "PA", "area-code": "570"}, {"id": "deca54a6651fb9add5b4a9816c7a7966", "number": "3322559040", "date": "2021-01-22 16:19:00", "subject": "4", "recorded-or-robo": "Y", "city": "New York", "state": "NY", "area-code": "212"}, {"id": "b6a8da8b80f26332ed085cca2de54e3e", "number": "3322559040", "date": "2021-01-22 16:19:00", "subject": "4", "recorded-or-robo": "Y", "city": "New York", "state": "NY", "area-code": "212"}, {"id": "deca54a6651fb9add5b4a9816c7a713b", "number": "6185426299", "date": "2021-01-21 14:02:00", "subject": "4", "recorded-or-robo": "Y", "city": "Clarendon Hills", "state": "IL", "area-code": "630"}, {"id": "b6a8da8b80f26332ed085cca2de54758", "number": "6185426299", "date": "2021-01-21 14:02:00", "subject": "4", "recorded-or-robo": "Y", "city": "Clarendon Hills", "state": "IL", "area-code": "630"}, {"id": "deca54a6651fb9add5b4a9816c7a6413", "number": "8154361221", "date": "2021-01-22 15:18:00", "subject": "2", "recorded-or-robo": "Y", "city": "Rockford", "state": "IL", "area-code": "815"}, {"id": "b6a8da8b80f26332ed085cca2de5397e", "number": "8154361221", "date": "2021-01-22 15:18:00", "subject": "2", "recorded-or-robo": "Y", "city": "Rockford", "state": "IL", "area-code": "815"}, {"id": "deca54a6651fb9add5b4a9816c7a5979", "number": "8037285995", "date": "2021-01-22 16:23:00", "subject": "0", "recorded-or-robo": "N", "city": "", "state": "FL", "area-code": "954"}, {"id": "b6a8da8b80f26332ed085cca2de53826", "number": "8037285995", "date": "2021-01-22 16:23:00", "subject": "0", "recorded-or-robo": "N", "city": "", "state": "FL", "area-code": "954"}, {"id": "deca54a6651fb9add5b4a9816c7a542c", "number": "8283869892", "date": "2021-01-22 16:19:00", "subject": "4", "recorded-or-robo": "Y", "city": "", "state": "NC", "area-code": "910"}, {"id": "b6a8da8b80f26332ed085cca2de52e87", "number": "8283869892", "date": "2021-01-22 16:19:00", "subject": "4", "recorded-or-robo": "Y", "city": "", "state": "NC", "area-code": "910"}, {"id": "deca54a6651fb9add5b4a9816c7a4862", "number": "2252501719", "date": "2021-01-22 15:24:00", "subject": "3", "recorded-or-robo": "Y", "city": "San Antonio", "state": "TX", "area-code": "210"}, {"id": "b6a8da8b80f26332ed085cca2de52d1f", "number": "2252501719", "date": "2021-01-22 15:24:00", "subject": "3", "recorded-or-robo": "Y", "city": "San Antonio", "state": "TX", "area-code": "210"}, {"id": "deca54a6651fb9add5b4a9816c7a39d2", "number": "9858055346", "date": "2021-01-22 14:13:00", "subject": "0", "recorded-or-robo": "Y", "city": "Kingman", "state": "AZ", "area-code": "928"}, {"id": "b6a8da8b80f26332ed085cca2de52190", "number": "9858055346", "date": "2021-01-22 14:13:00", "subject": "0", "recorded-or-robo": "Y", "city": "Kingman", "state": "AZ", "area-code": "928"}, {"id": "deca54a6651fb9add5b4a9816c7a3090", "number": "7402276673", "date": "2021-01-22 13:56:00", "subject": "4", "recorded-or-robo": "Y", "city": "", "state": "OH", "area-code": "740"}, {"id": "b6a8da8b80f26332ed085cca2de51883", "number": "7402276673", "date": "2021-01-22 13:56:00", "subject": "4", "recorded-or-robo": "Y", "city": "", "state": "OH", "area-code": "740"}, {"id": "deca54a6651fb9add5b4a9816c7a295c", "number": "3044006408", "date": "2021-01-22 16:08:00", "subject": "11", "recorded-or-robo": "Y", "city": "Mount Hope", "state": "WV", "area-code": "304"}, {"id": "deca54a6651fb9add5b4a9816c7a1f3f", "number": "3152328257", "date": "2021-01-22 12:00:00", "subject": "5", "recorded-or-robo": "Y", "city": "", "state": "VA", "area-code": "202"}, {"id": "b6a8da8b80f26332ed085cca2de510d2", "number": "3044006408", "date": "2021-01-22 16:08:00", "subject": "11", "recorded-or-robo": "Y", "city": "Mount Hope", "state": "WV", "area-code": "304"}, {"id": "b6a8da8b80f26332ed085cca2de50735", "number": "3152328257", "date": "2021-01-22 12:00:00", "subject": "5", "recorded-or-robo": "Y", "city": "", "state": "VA", "area-code": "202"}, {"id": "deca54a6651fb9add5b4a9816c7a117b", "number": "6026789436", "date": "2021-01-22 15:41:00", "subject": "4", "recorded-or-robo": "Y", "city": "VENICE", "state": "FL", "area-code": "602"}, {"id": "b6a8da8b80f26332ed085cca2de503e7", "number": "6026789436", "date": "2021-01-22 15:41:00", "subject": "4", "recorded-or-robo": "Y", "city": "VENICE", "state": "FL", "area-code": "602"}, {"id": "deca54a6651fb9add5b4a9816c7a07d9", "number": "3104139590", "date": "2021-01-22 13:21:00", "subject": "0", "recorded-or-robo": "Y", "city": "", "state": "CA", "area-code": "310"}, {"id": "deca54a6651fb9add5b4a9816c79fda5", "number": "7343554839", "date": "2021-01-22 11:24:00", "subject": "2", "recorded-or-robo": "N", "city": "", "state": "MI", "area-code": "734"}, {"id": "b6a8da8b80f26332ed085cca2de4f450", "number": "3104139590", "date": "2021-01-22 13:21:00", "subject": "0", "recorded-or-robo": "Y", "city": "", "state": "CA", "area-code": "310"}]}