{"data": [{"id": "e81c9350d54f66c6d33b3747ee7ac684", "number": "4795956921", "date": "2021-01-22 18:53:00", "subject": "9", "recorded-or-robo": "Y", "city": "Pearcy", "state": "AR", "area-code": "501"}, {"id": "1d36742e3f24f50e4e7ae828010f79e3", "number": "18299460825985551", "date": "2021-01-20 09:42:00", "subject": "0", "recorded-or-robo": "", "city": "", "state": "CO", "area-code": "720"}, {"id": "1d36742e3f24f50e4e7ae828010f70de", "number": "4795956921", "date": "2021-01-22 18:53:00", "subject": "9", "recorded-or-robo": "Y", "city": "Pearcy", "state": "AR", "area-code": "501"}, {"id": "e81c9350d54f66c6d33b3747ee7abe0f", "number": "8005881659", "date": "2021-01-22 20:00:00", "subject": "2", "recorded-or-robo": "Y", "city": "", "state": "FL", "area-code": "561"}, {"id": "e81c9350d54f66c6d33b3747ee7abd5d", "number": "4138851071", "date": "2021-01-22 17:01:00", "subject": "0", "recorded-or-robo": "", "city": "Southampton", "state": "MA", "area-code": "413"}, {"id": "1d36742e3f24f50e4e7ae828010f6f03", "number": "8005881659", "date": "2021-01-22 20:00:00", "subject": "2", "recorded-or-robo": "Y", "city": "", "state": "FL", "area-code": "561"}, {"id": "1d36742e3f24f50e4e7ae828010f5f5a", "number": "4138851071", "date": "2021-01-22 17:01:00", "subject": "0", "recorded-or-robo": "", "city": "Southampton", "state": "MA", "area-code": "413"}, {"id": "e81c9350d54f66c6d33b3747ee7ab307", "number": "4073597898", "date": "2021-01-22 16:48:00", "subject": "2", "recorded-or-robo": "Y", "city": "", "state": "MA", "area-code": "781"}, {"id": "1d36742e3f24f50e4e7ae828010f5216", "number": "4073597898", "date": "2021-01-22 16:48:00", "subject": "2", "recorded-or-robo": "Y", "city": "", "state": "MA", "area-code": "781"}, {"id": "e81c9350d54f66c6d33b3747ee7aaf42", "number": "7089540253", "date": "2021-01-22 12:13:00", "subject": "1", "recorded-or-robo": "Y", "city": "Elmwood Park", "state": "IL", "area-code": "708"}, {"id": "1d36742e3f24f50e4e7ae828010f4fc0", "number": "7089540253", "date": "2021-01-22 12:13:00", "subject": "1", "recorded-or-robo": "Y", "city": "Elmwood Park", "state": "IL", "area-code": "708"}, {"id": "e81c9350d54f66c6d33b3747ee7aa8a6", "number": "8774785043", "date": "2021-01-20 19:57:00", "subject": "0", "recorded-or-robo": "", "city": "", "state": "CO", "area-code": "720"}, {"id": "1d36742e3f24f50e4e7ae828010f4b10", "number": "8774785043", "date": "2021-01-20 19:57:00", "subject": "0", "recorded-or-robo": "", "city": "", "state": "CO", "area-code": "720"}, {"id": "e81c9350d54f66c6d33b3747ee7a9ced", "number": "2817969836", "date": "2021-01-22 18:15:00", "subject": "7", "recorded-or-robo": "N", "city": "", "state": "TX", "area-code": "281"}, {"id": "1d36742e3f24f50e4e7ae828010f3d6f", "number": "2817969836", "date": "2021-01-22 18:15:00", "subject": "7", "recorded-or-robo": "N", "city": "", "state": "TX", "area-code": "281"}, {"id": "e81c9350d54f66c6d33b3747ee7a99b5", "number": "6574455553", "date": "2021-01-19 09:38:00", "subject": "3", "recorded-or-robo": "Y", "city": "", "state": "AR", "area-code": "479"}, {"id": "1d36742e3f24f50e4e7ae828010f322b", "number": "6574455553", "date": "2021-01-19 09:38:00", "subject": "3", "recorded-or-robo": "Y", "city": "", "state": "AR", "area-code": "479"}, {"id": "e81c9350d54f66c6d33b3747eea90eaa", "number": "+13058902123", "date": "2021-01-22 20:00:56", "subject": "3", "recorded-or-robo": "Y", "city": "", "state": "FL", "area-code": "305"}, {"id": "e81c9350d54f66c6d33b3747ee7a9914", "number": "4133861940", "date": "2021-01-22 16:11:00", "subject": "0", "recorded-or-robo": "", "city": "Southampton", "state": "MA", "area-code": "413"}, {"id": "1d36742e3f24f50e4e7ae828013e11ec", "number": "+13058902123", "date": "2021-01-22 20:00:56", "subject": "3", "recorded-or-robo": "Y", "city": "", "state": "FL", "area-code": "305"}, {"id": "1d36742e3f24f50e4e7ae828010f2f60", "number": "4133861940", "date": "2021-01-22 16:11:00", "subject": "0", "recorded-or-robo": "", "city": "Southampton", "state": "MA", "area-code": "413"}, {"id": "e81c9350d54f66c6d33b3747eec6ce8b", "number": "3364391479", "date": "2021-01-22 15:56:00", "subject": "3", "recorded-or-robo": "Y", "city": "", "state": "NC", "area-code": "336"}, {"id": "e81c9350d54f66c6d33b3747ee7a8ff1", "number": "8774785043", "date": "2021-01-21 16:14:00", "subject": "0", "recorded-or-robo": "", "city": "", "state": "CO", "area-code": "720"}, {"id": "1d36742e3f24f50e4e7ae828015c1a4d", "number": "3364391479", "date": "2021-01-22 15:56:00", "subject": "3", "recorded-or-robo": "Y", "city": "", "state": "NC", "area-code": "336"}, {"id": "1d36742e3f24f50e4e7ae828010f22b3", "number": "8774785043", "date": "2021-01-21 16:14:00", "subject": "0", "recorded-or-robo": "", "city": "", "state": "CO", "area-code": "720"}, {"id": "e81c9350d54f66c6d33b3747ee7a897c", "number": "7089540253", "date": "2021-01-22 14:20:00", "subject": "5", "recorded-or-robo": "Y", "city": "Elmwood Park", "state": "IL", "area-code": "708"}, {"id": "e81c9350d54f66c6d33b3747ee7a7ea3", "number": "3177544014", "date": "2021-01-22 11:18:00", "subject": "0", "recorded-or-robo": "Y", "city": "", "state": "FL", "area-code": "561"}, {"id": "1d36742e3f24f50e4e7ae828010f1f81", "number": "7089540253", "date": "2021-01-22 14:20:00", "subject": "5", "recorded-or-robo": "Y", "city": "Elmwood Park", "state": "IL", "area-code": "708"}, {"id": "1d36742e3f24f50e4e7ae828010f197e", "number": "3177544014", "date": "2021-01-22 11:18:00", "subject": "0", "recorded-or-robo": "Y", "city": "", "state": "FL", "area-code": "561"}, {"id": "e81c9350d54f66c6d33b3747eea8c865", "number": "+16303266099", "date": "2021-01-22 20:00:47", "subject": "3", "recorded-or-robo": "Y", "city": "", "state": "IL", "area-code": "630"}, {"id": "1d36742e3f24f50e4e7ae828013dd544", "number": "+16303266099", "date": "2021-01-22 20:00:47", "subject": "3", "recorded-or-robo": "Y", "city": "", "state": "IL", "area-code": "630"}, {"id": "e81c9350d54f66c6d33b3747ee7a7168", "number": "3144956487", "date": "2021-01-22 14:32:00", "subject": "2", "recorded-or-robo": "Y", "city": "Manchester", "state": "MO", "area-code": "314"}, {"id": "e81c9350d54f66c6d33b3747ee7a7067", "number": "5596229167", "date": "2021-01-22 08:43:00", "subject": "4", "recorded-or-robo": "Y", "city": "San Francisco", "state": "CA", "area-code": "415"}, {"id": "1d36742e3f24f50e4e7ae828010f0ddb", "number": "3144956487", "date": "2021-01-22 14:32:00", "subject": "2", "recorded-or-robo": "Y", "city": "Manchester", "state": "MO", "area-code": "314"}, {"id": "1d36742e3f24f50e4e7ae828010f0b13", "number": "5596229167", "date": "2021-01-22 08:43:00", "subject": "4", "recorded-or-robo": "Y", "city": "San Francisco", "state": "CA", "area-code": "415"}, {"id": "e81c9350d54f66c6d33b3747ee7a6f64", "number": "6179341548", "date": "2021-01-22 11:25:00", "subject": "2", "recorded-or-robo": "Y", "city": "", "state": "MA", "area-code": "781"}, {"id": "1d36742e3f24f50e4e7ae828010f0724", "number": "6179341548", "date": "2021-01-22 11:25:00", "subject": "2", "recorded-or-robo": "Y", "city": "", "state": "MA", "area-code": "781"}, {"id": "e81c9350d54f66c6d33b3747ee7a662b", "number": "5037182703", "date": "2021-01-22 16:51:00", "subject": "2", "recorded-or-robo": "Y", "city": "Albany", "state": "OR", "area-code": "541"}, {"id": "1d36742e3f24f50e4e7ae828010ef793", "number": "5037182703", "date": "2021-01-22 16:51:00", "subject": "2", "recorded-or-robo": "Y", "city": "Albany", "state": "OR", "area-code": "541"}, {"id": "e81c9350d54f66c6d33b3747ee7a5dcd", "number": "7193159729", "date": "2021-01-21 19:10:00", "subject": "0", "recorded-or-robo": "", "city": "", "state": "CO", "area-code": "720"}, {"id": "1d36742e3f24f50e4e7ae828010eed08", "number": "7193159729", "date": "2021-01-21 19:10:00", "subject": "0", "recorded-or-robo": "", "city": "", "state": "CO", "area-code": "720"}, {"id": "e81c9350d54f66c6d33b3747ee7a54b6", "number": "3074643610", "date": "2021-01-14 09:24:00", "subject": "0", "recorded-or-robo": "Y", "city": "Westchester", "state": "IL", "area-code": "708"}, {"id": "1d36742e3f24f50e4e7ae828010ee33f", "number": "3074643610", "date": "2021-01-14 09:24:00", "subject": "0", "recorded-or-robo": "Y", "city": "Westchester", "state": "IL", "area-code": "708"}, {"id": "e81c9350d54f66c6d33b3747ee7a4662", "number": "6319736429", "date": "2021-01-22 12:41:00", "subject": "4", "recorded-or-robo": "Y", "city": "Hampton bays", "state": "NY", "area-code": "631"}, {"id": "1d36742e3f24f50e4e7ae828010ed617", "number": "6319736429", "date": "2021-01-22 12:41:00", "subject": "4", "recorded-or-robo": "Y", "city": "Hampton bays", "state": "NY", "area-code": "631"}, {"id": "e81c9350d54f66c6d33b3747ee7a4271", "number": "4135781231", "date": "2021-01-22 14:56:00", "subject": "0", "recorded-or-robo": "", "city": "Southampton", "state": "MA", "area-code": "413"}, {"id": "1d36742e3f24f50e4e7ae828010ec98e", "number": "4135781231", "date": "2021-01-22 14:56:00", "subject": "0", "recorded-or-robo": "", "city": "Southampton", "state": "MA", "area-code": "413"}, {"id": "e81c9350d54f66c6d33b3747ee7a3afa", "number": "7082778083", "date": "2021-01-22 14:54:00", "subject": "1", "recorded-or-robo": "Y", "city": "Elmwood Park", "state": "IL", "area-code": "708"}, {"id": "1d36742e3f24f50e4e7ae828010ebe27", "number": "7082778083", "date": "2021-01-22 14:54:00", "subject": "1", "recorded-or-robo": "Y", "city": "Elmwood Park", "state": "IL", "area-code": "708"}, {"id": "e81c9350d54f66c6d33b3747ee7a3193", "number": "7736270197", "date": "2021-01-22 16:00:00", "subject": "3", "recorded-or-robo": "Y", "city": "", "state": "IL", "area-code": "773"}]}