{"data": [{"id": "deca54a6651fb9add5b4a9816cba0ce7", "number": "70477301648", "date": "2021-01-22 17:32:00", "subject": "2", "recorded-or-robo": "Y", "city": "Charlotte", "state": "NC", "area-code": "704"}, {"id": "e81c9350d54f66c6d33b3747ee24c5bb", "number": "", "date": "2021-01-22 16:35:00", "subject": "5", "recorded-or-robo": "Y", "city": "", "state": "PA", "area-code": "610"}, {"id": "deca54a6651fb9add5b4a9816cba068a", "number": "", "date": "2021-01-22 16:35:00", "subject": "5", "recorded-or-robo": "Y", "city": "", "state": "PA", "area-code": "610"}, {"id": "e81c9350d54f66c6d33b3747ee24c085", "number": "4017823504", "date": "2021-01-22 04:36:00", "subject": "2", "recorded-or-robo": "N", "city": "", "state": "RI", "area-code": "401"}, {"id": "e81c9350d54f66c6d33b3747ee24bd94", "number": "7132982661", "date": "2021-01-21 00:00:00", "subject": "4", "recorded-or-robo": "N", "city": "Fulshear", "state": "TX", "area-code": "713"}, {"id": "e81c9350d54f66c6d33b3747ee24adb7", "number": "4233754215", "date": "2021-01-22 12:10:00", "subject": "2", "recorded-or-robo": "Y", "city": "Kingsport", "state": "TN", "area-code": "423"}, {"id": "deca54a6651fb9add5b4a9816cb9fa35", "number": "4017823504", "date": "2021-01-22 04:36:00", "subject": "2", "recorded-or-robo": "N", "city": "", "state": "RI", "area-code": "401"}, {"id": "deca54a6651fb9add5b4a9816cb9f099", "number": "7132982661", "date": "2021-01-21 00:00:00", "subject": "4", "recorded-or-robo": "N", "city": "Fulshear", "state": "TX", "area-code": "713"}, {"id": "deca54a6651fb9add5b4a9816cb9edac", "number": "4233754215", "date": "2021-01-22 12:10:00", "subject": "2", "recorded-or-robo": "Y", "city": "Kingsport", "state": "TN", "area-code": "423"}, {"id": "e81c9350d54f66c6d33b3747ee24adad", "number": "7132982661", "date": "2021-01-21 00:00:00", "subject": "4", "recorded-or-robo": "N", "city": "Fulshear", "state": "TX", "area-code": "713"}, {"id": "deca54a6651fb9add5b4a9816cb9e3a6", "number": "7132982661", "date": "2021-01-21 00:00:00", "subject": "4", "recorded-or-robo": "N", "city": "Fulshear", "state": "TX", "area-code": "713"}, {"id": "e81c9350d54f66c6d33b3747ee24adac", "number": "9035585889", "date": "2021-01-22 11:53:00", "subject": "4", "recorded-or-robo": "Y", "city": "", "state": "TX", "area-code": "903"}, {"id": "deca54a6651fb9add5b4a9816cb9d589", "number": "9035585889", "date": "2021-01-22 11:53:00", "subject": "4", "recorded-or-robo": "Y", "city": "", "state": "TX", "area-code": "903"}, {"id": "e81c9350d54f66c6d33b3747ee5626f7", "number": "9167867945", "date": "2021-01-22 18:02:59", "subject": "3", "recorded-or-robo": "Y", "city": "", "state": "CA", "area-code": "310"}, {"id": "deca54a6651fb9add5b4a9816cea8fa0", "number": "9167867945", "date": "2021-01-22 18:02:59", "subject": "3", "recorded-or-robo": "Y", "city": "", "state": "CA", "area-code": "310"}, {"id": "e81c9350d54f66c6d33b3747ee24ad6b", "number": "3152328257", "date": "2021-01-22 15:11:00", "subject": "11", "recorded-or-robo": "Y", "city": "Lake Saint Louis", "state": "MO", "area-code": "636"}, {"id": "deca54a6651fb9add5b4a9816cb9cf73", "number": "3152328257", "date": "2021-01-22 15:11:00", "subject": "11", "recorded-or-robo": "Y", "city": "Lake Saint Louis", "state": "MO", "area-code": "636"}, {"id": "e81c9350d54f66c6d33b3747ee24a2a6", "number": "5039873982", "date": "2021-01-22 00:00:00", "subject": "2", "recorded-or-robo": "N", "city": "Beaverton", "state": "OR", "area-code": "503"}, {"id": "deca54a6651fb9add5b4a9816cb9c3c4", "number": "5039873982", "date": "2021-01-22 00:00:00", "subject": "2", "recorded-or-robo": "N", "city": "Beaverton", "state": "OR", "area-code": "503"}, {"id": "e81c9350d54f66c6d33b3747ee56eb6f", "number": "7157795698", "date": "2021-01-22 18:02:55", "subject": "3", "recorded-or-robo": "Y", "city": "", "state": "WI", "area-code": "262"}, {"id": "deca54a6651fb9add5b4a9816ceb62ed", "number": "7157795698", "date": "2021-01-22 18:02:55", "subject": "3", "recorded-or-robo": "Y", "city": "", "state": "WI", "area-code": "262"}, {"id": "e81c9350d54f66c6d33b3747ee2497d6", "number": "2766635183", "date": "2021-01-22 17:50:00", "subject": "4", "recorded-or-robo": "Y", "city": "Bluff City", "state": "TN", "area-code": "276"}, {"id": "deca54a6651fb9add5b4a9816cb9bb56", "number": "2766635183", "date": "2021-01-22 17:50:00", "subject": "4", "recorded-or-robo": "Y", "city": "Bluff City", "state": "TN", "area-code": "276"}, {"id": "e81c9350d54f66c6d33b3747ee2488ae", "number": "3108468738", "date": "2021-01-22 14:53:00", "subject": "7", "recorded-or-robo": "Y", "city": "Los Angeles", "state": "CA", "area-code": "310"}, {"id": "deca54a6651fb9add5b4a9816cb9b3f0", "number": "3108468738", "date": "2021-01-22 14:53:00", "subject": "7", "recorded-or-robo": "Y", "city": "Los Angeles", "state": "CA", "area-code": "310"}, {"id": "e81c9350d54f66c6d33b3747ee2485b5", "number": "8056008083", "date": "2021-01-22 13:43:00", "subject": "4", "recorded-or-robo": "Y", "city": "", "state": "CA", "area-code": "805"}, {"id": "deca54a6651fb9add5b4a9816cb9a942", "number": "8056008083", "date": "2021-01-22 13:43:00", "subject": "4", "recorded-or-robo": "Y", "city": "", "state": "CA", "area-code": "805"}, {"id": "e81c9350d54f66c6d33b3747ee248581", "number": "3174064101", "date": "2021-01-22 17:54:00", "subject": "2", "recorded-or-robo": "N", "city": "IIndianapolis", "state": "IN", "area-code": "317"}, {"id": "deca54a6651fb9add5b4a9816cb99c93", "number": "3174064101", "date": "2021-01-22 17:54:00", "subject": "2", "recorded-or-robo": "N", "city": "IIndianapolis", "state": "IN", "area-code": "317"}, {"id": "e81c9350d54f66c6d33b3747ee566359", "number": "7818728449", "date": "2021-01-22 18:02:35", "subject": "3", "recorded-or-robo": "Y", "city": "", "state": "IL", "area-code": "708"}, {"id": "deca54a6651fb9add5b4a9816ceacd73", "number": "7818728449", "date": "2021-01-22 18:02:35", "subject": "3", "recorded-or-robo": "Y", "city": "", "state": "IL", "area-code": "708"}, {"id": "e81c9350d54f66c6d33b3747ee248267", "number": "8053940768", "date": "2021-01-22 12:05:00", "subject": "0", "recorded-or-robo": "N", "city": "CAMARILLO", "state": "CA", "area-code": "805"}, {"id": "e81c9350d54f66c6d33b3747ee2478ce", "number": "7082265489", "date": "2021-01-22 00:00:00", "subject": "5", "recorded-or-robo": "Y", "city": "Tinley Park", "state": "IL", "area-code": "708"}, {"id": "deca54a6651fb9add5b4a9816cb98ed7", "number": "8053940768", "date": "2021-01-22 12:05:00", "subject": "0", "recorded-or-robo": "N", "city": "CAMARILLO", "state": "CA", "area-code": "805"}, {"id": "deca54a6651fb9add5b4a9816cb984db", "number": "7082265489", "date": "2021-01-22 00:00:00", "subject": "5", "recorded-or-robo": "Y", "city": "Tinley Park", "state": "IL", "area-code": "708"}, {"id": "e81c9350d54f66c6d33b3747ee246ab9", "number": "", "date": "2021-01-22 18:00:00", "subject": "1", "recorded-or-robo": "Y", "city": "", "state": "CA", "area-code": "831"}, {"id": "deca54a6651fb9add5b4a9816cb97b39", "number": "", "date": "2021-01-22 18:00:00", "subject": "1", "recorded-or-robo": "Y", "city": "", "state": "CA", "area-code": "831"}, {"id": "e81c9350d54f66c6d33b3747ee245cad", "number": "3123481562", "date": "2021-01-22 13:13:00", "subject": "0", "recorded-or-robo": "Y", "city": "CHICAGO", "state": "IL", "area-code": "773"}, {"id": "deca54a6651fb9add5b4a9816cb9794b", "number": "3123481562", "date": "2021-01-22 13:13:00", "subject": "0", "recorded-or-robo": "Y", "city": "CHICAGO", "state": "IL", "area-code": "773"}, {"id": "e81c9350d54f66c6d33b3747ee564c0c", "number": "+14843853861", "date": "2021-01-22 18:02:26", "subject": "3", "recorded-or-robo": "N", "city": "", "state": "PA", "area-code": "484"}, {"id": "e81c9350d54f66c6d33b3747ee245065", "number": "8638551940", "date": "2020-12-28 08:11:00", "subject": "2", "recorded-or-robo": "Y", "city": "Colorado Springs", "state": "CO", "area-code": "912"}, {"id": "deca54a6651fb9add5b4a9816ceac85c", "number": "+14843853861", "date": "2021-01-22 18:02:26", "subject": "3", "recorded-or-robo": "N", "city": "", "state": "PA", "area-code": "484"}, {"id": "deca54a6651fb9add5b4a9816cb97435", "number": "8638551940", "date": "2020-12-28 08:11:00", "subject": "2", "recorded-or-robo": "Y", "city": "Colorado Springs", "state": "CO", "area-code": "912"}, {"id": "e81c9350d54f66c6d33b3747ee56a808", "number": "6155052309", "date": "2021-01-22 18:02:20", "subject": "3", "recorded-or-robo": "N", "city": "", "state": "CA", "area-code": "408"}, {"id": "e81c9350d54f66c6d33b3747ee244a0b", "number": "8332297971", "date": "2021-01-22 12:51:00", "subject": "3", "recorded-or-robo": "Y", "city": "", "state": "PA", "area-code": "610"}, {"id": "deca54a6651fb9add5b4a9816ceb0e82", "number": "6155052309", "date": "2021-01-22 18:02:20", "subject": "3", "recorded-or-robo": "N", "city": "", "state": "CA", "area-code": "408"}, {"id": "deca54a6651fb9add5b4a9816cb96dfe", "number": "8332297971", "date": "2021-01-22 12:51:00", "subject": "3", "recorded-or-robo": "Y", "city": "", "state": "PA", "area-code": "610"}, {"id": "e81c9350d54f66c6d33b3747ee2449e3", "number": "3148384642", "date": "2021-01-21 12:00:00", "subject": "2", "recorded-or-robo": "Y", "city": "Florissant", "state": "MO", "area-code": "314"}, {"id": "deca54a6651fb9add5b4a9816cb967d7", "number": "3148384642", "date": "2021-01-21 12:00:00", "subject": "2", "recorded-or-robo": "Y", "city": "Florissant", "state": "MO", "area-code": "314"}, {"id": "e81c9350d54f66c6d33b3747ee56896d", "number": "8043788637", "date": "2021-01-22 18:02:17", "subject": "3", "recorded-or-robo": "Y", "city": "", "state": "VA", "area-code": "757"}]}