{"data": [{"id": "deca54a6651fb9add5b4a9816ce6f172", "number": "7812988305", "date": "2021-01-22 17:31:25", "subject": "3", "recorded-or-robo": "Y", "city": "", "state": "FL", "area-code": "561"}, {"id": "deca54a6651fb9add5b4a9816ca69bd2", "number": "9164363314", "date": "2021-01-22 08:14:00", "subject": "2", "recorded-or-robo": "Y", "city": "TWENTYNINE PALMS", "state": "CA", "area-code": "916"}, {"id": "deca54a6651fb9add5b4a9816ca69ab2", "number": "7758634894", "date": "2021-01-22 14:57:00", "subject": "2", "recorded-or-robo": "Y", "city": "Colleyville", "state": "TX", "area-code": "817"}, {"id": "e81c9350d54f66c6d33b3747ee5c5577", "number": "7315859023", "date": "2021-01-22 14:16:00", "subject": "3", "recorded-or-robo": "", "city": "", "state": "TN", "area-code": "731"}, {"id": "deca54a6651fb9add5b4a9816cf12510", "number": "7315859023", "date": "2021-01-22 14:16:00", "subject": "3", "recorded-or-robo": "", "city": "", "state": "TN", "area-code": "731"}, {"id": "e81c9350d54f66c6d33b3747ee5261fa", "number": "5613428261", "date": "2021-01-22 17:31:17", "subject": "3", "recorded-or-robo": "Y", "city": "", "state": "FL", "area-code": "561"}, {"id": "deca54a6651fb9add5b4a9816ce6c6de", "number": "5613428261", "date": "2021-01-22 17:31:17", "subject": "3", "recorded-or-robo": "Y", "city": "", "state": "FL", "area-code": "561"}, {"id": "e81c9350d54f66c6d33b3747ee11128b", "number": "", "date": "2021-01-22 09:00:00", "subject": "4", "recorded-or-robo": "Y", "city": "Boise", "state": "ID", "area-code": "208"}, {"id": "deca54a6651fb9add5b4a9816ca682f8", "number": "", "date": "2021-01-22 09:00:00", "subject": "4", "recorded-or-robo": "Y", "city": "Boise", "state": "ID", "area-code": "208"}, {"id": "e81c9350d54f66c6d33b3747ee109575", "number": "6108502742", "date": "2021-01-22 17:27:00", "subject": "3", "recorded-or-robo": "", "city": "", "state": "PA", "area-code": "610"}, {"id": "deca54a6651fb9add5b4a9816ca5f8d4", "number": "6108502742", "date": "2021-01-22 17:27:00", "subject": "3", "recorded-or-robo": "", "city": "", "state": "PA", "area-code": "610"}, {"id": "e81c9350d54f66c6d33b3747ee528aaf", "number": "+14408708307", "date": "2021-01-22 17:31:10", "subject": "3", "recorded-or-robo": "Y", "city": "", "state": "OH", "area-code": "440"}, {"id": "deca54a6651fb9add5b4a9816ce6dff3", "number": "+14408708307", "date": "2021-01-22 17:31:10", "subject": "3", "recorded-or-robo": "Y", "city": "", "state": "OH", "area-code": "440"}, {"id": "e81c9350d54f66c6d33b3747ee1103b3", "number": "6627298095", "date": "2021-01-22 11:16:00", "subject": "4", "recorded-or-robo": "Y", "city": "Roswell", "state": "GA", "area-code": "404"}, {"id": "deca54a6651fb9add5b4a9816ca67957", "number": "6627298095", "date": "2021-01-22 11:16:00", "subject": "4", "recorded-or-robo": "Y", "city": "Roswell", "state": "GA", "area-code": "404"}, {"id": "e81c9350d54f66c6d33b3747ee10f8d5", "number": "2705948303", "date": "2021-01-22 14:02:00", "subject": "4", "recorded-or-robo": "Y", "city": "Ky", "state": "KY", "area-code": "270"}, {"id": "deca54a6651fb9add5b4a9816ca66bf7", "number": "2705948303", "date": "2021-01-22 14:02:00", "subject": "4", "recorded-or-robo": "Y", "city": "Ky", "state": "KY", "area-code": "270"}, {"id": "e81c9350d54f66c6d33b3747ee10e9d4", "number": "5615322890", "date": "2021-01-22 16:46:00", "subject": "9", "recorded-or-robo": "N", "city": "Bradenton", "state": "FL", "area-code": "941"}, {"id": "deca54a6651fb9add5b4a9816ca65df2", "number": "5615322890", "date": "2021-01-22 16:46:00", "subject": "9", "recorded-or-robo": "N", "city": "Bradenton", "state": "FL", "area-code": "941"}, {"id": "e81c9350d54f66c6d33b3747ee10e1a7", "number": "7758634894", "date": "2021-01-22 12:00:00", "subject": "2", "recorded-or-robo": "Y", "city": "Woodbridge", "state": "VA", "area-code": "703"}, {"id": "deca54a6651fb9add5b4a9816ca64e52", "number": "7758634894", "date": "2021-01-22 12:00:00", "subject": "2", "recorded-or-robo": "Y", "city": "Woodbridge", "state": "VA", "area-code": "703"}, {"id": "e81c9350d54f66c6d33b3747ee10d509", "number": "3606205332", "date": "2021-01-22 14:15:00", "subject": "2", "recorded-or-robo": "Y", "city": "Shelton", "state": "WA", "area-code": "360"}, {"id": "deca54a6651fb9add5b4a9816ca63ec6", "number": "3606205332", "date": "2021-01-22 14:15:00", "subject": "2", "recorded-or-robo": "Y", "city": "Shelton", "state": "WA", "area-code": "360"}, {"id": "e81c9350d54f66c6d33b3747ee10d238", "number": "6627168889", "date": "2021-01-22 15:44:00", "subject": "4", "recorded-or-robo": "Y", "city": "Coral Springs", "state": "FL", "area-code": "954"}, {"id": "deca54a6651fb9add5b4a9816ca63134", "number": "6627168889", "date": "2021-01-22 15:44:00", "subject": "4", "recorded-or-robo": "Y", "city": "Coral Springs", "state": "FL", "area-code": "954"}, {"id": "e81c9350d54f66c6d33b3747ee10cacc", "number": "4072226847", "date": "2021-01-22 17:10:00", "subject": "11", "recorded-or-robo": "Y", "city": "Orlando", "state": "FL", "area-code": "407"}, {"id": "deca54a6651fb9add5b4a9816ca62cab", "number": "4072226847", "date": "2021-01-22 17:10:00", "subject": "11", "recorded-or-robo": "Y", "city": "Orlando", "state": "FL", "area-code": "407"}, {"id": "e81c9350d54f66c6d33b3747ee10bb7c", "number": "9087608577", "date": "2021-01-22 16:21:00", "subject": "1", "recorded-or-robo": "Y", "city": "", "state": "NJ", "area-code": "908"}, {"id": "deca54a6651fb9add5b4a9816ca62127", "number": "9087608577", "date": "2021-01-22 16:21:00", "subject": "1", "recorded-or-robo": "Y", "city": "", "state": "NJ", "area-code": "908"}, {"id": "e81c9350d54f66c6d33b3747ee10af72", "number": "7407968322", "date": "2021-01-22 12:55:00", "subject": "2", "recorded-or-robo": "Y", "city": "Waverly", "state": "OH", "area-code": "740"}, {"id": "deca54a6651fb9add5b4a9816ca6123d", "number": "7407968322", "date": "2021-01-22 12:55:00", "subject": "2", "recorded-or-robo": "Y", "city": "Waverly", "state": "OH", "area-code": "740"}, {"id": "e81c9350d54f66c6d33b3747ee10a0a4", "number": "", "date": "2021-01-22 11:39:00", "subject": "4", "recorded-or-robo": "Y", "city": "Honolulu", "state": "HI", "area-code": "830"}, {"id": "deca54a6651fb9add5b4a9816ca60196", "number": "", "date": "2021-01-22 11:39:00", "subject": "4", "recorded-or-robo": "Y", "city": "Honolulu", "state": "HI", "area-code": "830"}, {"id": "e81c9350d54f66c6d33b3747ee108f0a", "number": "7174229539", "date": "2021-01-22 00:00:00", "subject": "3", "recorded-or-robo": "Y", "city": "", "state": "PA", "area-code": "717"}, {"id": "deca54a6651fb9add5b4a9816ca5f54b", "number": "7174229539", "date": "2021-01-22 00:00:00", "subject": "3", "recorded-or-robo": "Y", "city": "", "state": "PA", "area-code": "717"}, {"id": "e81c9350d54f66c6d33b3747ee108a0f", "number": "2082977021", "date": "2020-12-22 08:18:00", "subject": "5", "recorded-or-robo": "N", "city": "Nampa", "state": "ID", "area-code": "208"}, {"id": "deca54a6651fb9add5b4a9816ca5f011", "number": "2082977021", "date": "2020-12-22 08:18:00", "subject": "5", "recorded-or-robo": "N", "city": "Nampa", "state": "ID", "area-code": "208"}, {"id": "e81c9350d54f66c6d33b3747ee52a997", "number": "2172903135", "date": "2021-01-22 17:30:14", "subject": "3", "recorded-or-robo": "Y", "city": "", "state": "NY", "area-code": "646"}, {"id": "e81c9350d54f66c6d33b3747ee107b53", "number": "4403058812", "date": "2021-01-22 14:22:00", "subject": "4", "recorded-or-robo": "Y", "city": "Chardon", "state": "OH", "area-code": "440"}, {"id": "deca54a6651fb9add5b4a9816ce6fa63", "number": "2172903135", "date": "2021-01-22 17:30:14", "subject": "3", "recorded-or-robo": "Y", "city": "", "state": "NY", "area-code": "646"}, {"id": "deca54a6651fb9add5b4a9816ca5e81a", "number": "4403058812", "date": "2021-01-22 14:22:00", "subject": "4", "recorded-or-robo": "Y", "city": "Chardon", "state": "OH", "area-code": "440"}, {"id": "e81c9350d54f66c6d33b3747ee525f61", "number": "2172903135", "date": "2021-01-22 17:30:13", "subject": "3", "recorded-or-robo": "Y", "city": "", "state": "NY", "area-code": "646"}, {"id": "deca54a6651fb9add5b4a9816ce6bd32", "number": "2172903135", "date": "2021-01-22 17:30:13", "subject": "3", "recorded-or-robo": "Y", "city": "", "state": "NY", "area-code": "646"}, {"id": "e81c9350d54f66c6d33b3747ee106e96", "number": "6076521188", "date": "2021-01-19 11:43:00", "subject": "1", "recorded-or-robo": "Y", "city": "Edgerton", "state": "WI", "area-code": "608"}, {"id": "deca54a6651fb9add5b4a9816ca5e146", "number": "6076521188", "date": "2021-01-19 11:43:00", "subject": "1", "recorded-or-robo": "Y", "city": "Edgerton", "state": "WI", "area-code": "608"}, {"id": "e81c9350d54f66c6d33b3747ee106ab4", "number": "995592837748", "date": "2021-01-22 04:36:00", "subject": "2", "recorded-or-robo": "", "city": "", "state": "IL", "area-code": "309"}, {"id": "e81c9350d54f66c6d33b3747ee1068a9", "number": "", "date": "2021-01-22 15:15:00", "subject": "4", "recorded-or-robo": "Y", "city": "Sewell", "state": "NJ", "area-code": "856"}, {"id": "e81c9350d54f66c6d33b3747ee106875", "number": "5753389566", "date": "2021-01-22 12:54:00", "subject": "2", "recorded-or-robo": "Y", "city": "santa Fe", "state": "NM", "area-code": "505"}, {"id": "deca54a6651fb9add5b4a9816ca5dbc8", "number": "995592837748", "date": "2021-01-22 04:36:00", "subject": "2", "recorded-or-robo": "", "city": "", "state": "IL", "area-code": "309"}, {"id": "deca54a6651fb9add5b4a9816ca5da61", "number": "", "date": "2021-01-22 15:15:00", "subject": "4", "recorded-or-robo": "Y", "city": "Sewell", "state": "NJ", "area-code": "856"}]}