{"data": [{"id": "e81c9350d54f66c6d33b3747ee1f590a", "number": "7316814540", "date": "2021-01-22 11:57:00", "subject": "2", "recorded-or-robo": "N", "city": "Huntington Beach", "state": "CA", "area-code": "818"}, {"id": "deca54a6651fb9add5b4a9816ce988d1", "number": "6086904101", "date": "2021-01-22 17:54:06", "subject": "3", "recorded-or-robo": "Y", "city": "", "state": "WI", "area-code": "608"}, {"id": "deca54a6651fb9add5b4a9816cb47292", "number": "7316814540", "date": "2021-01-22 11:57:00", "subject": "2", "recorded-or-robo": "N", "city": "Huntington Beach", "state": "CA", "area-code": "818"}, {"id": "e81c9350d54f66c6d33b3747ee1f54a9", "number": "6193832231", "date": "2021-01-22 13:48:00", "subject": "0", "recorded-or-robo": "Y", "city": "Livingston", "state": "CA", "area-code": "209"}, {"id": "deca54a6651fb9add5b4a9816cb4683a", "number": "6193832231", "date": "2021-01-22 13:48:00", "subject": "0", "recorded-or-robo": "Y", "city": "Livingston", "state": "CA", "area-code": "209"}, {"id": "e81c9350d54f66c6d33b3747ee1f4ab1", "number": "9023470345", "date": "2021-01-21 00:00:00", "subject": "2", "recorded-or-robo": "Y", "city": "", "state": "NJ", "area-code": "609"}, {"id": "deca54a6651fb9add5b4a9816cb45b25", "number": "9023470345", "date": "2021-01-21 00:00:00", "subject": "2", "recorded-or-robo": "Y", "city": "", "state": "NJ", "area-code": "609"}, {"id": "e81c9350d54f66c6d33b3747ee55b21f", "number": "4013436282", "date": "2021-01-22 17:53:58", "subject": "3", "recorded-or-robo": "Y", "city": "", "state": "RI", "area-code": "401"}, {"id": "deca54a6651fb9add5b4a9816cea29e7", "number": "4013436282", "date": "2021-01-22 17:53:58", "subject": "3", "recorded-or-robo": "Y", "city": "", "state": "RI", "area-code": "401"}, {"id": "e81c9350d54f66c6d33b3747ee55d943", "number": "4013436282", "date": "2021-01-22 17:53:57", "subject": "3", "recorded-or-robo": "Y", "city": "", "state": "RI", "area-code": "401"}, {"id": "deca54a6651fb9add5b4a9816cea3ef7", "number": "4013436282", "date": "2021-01-22 17:53:57", "subject": "3", "recorded-or-robo": "Y", "city": "", "state": "RI", "area-code": "401"}, {"id": "e81c9350d54f66c6d33b3747ee53ec79", "number": "8583125657", "date": "2021-01-22 17:53:56", "subject": "3", "recorded-or-robo": "Y", "city": "", "state": "CA", "area-code": "858"}, {"id": "deca54a6651fb9add5b4a9816ce8632f", "number": "8583125657", "date": "2021-01-22 17:53:56", "subject": "3", "recorded-or-robo": "Y", "city": "", "state": "CA", "area-code": "858"}, {"id": "e81c9350d54f66c6d33b3747ee1f4312", "number": "2672259089", "date": "2021-01-21 18:59:00", "subject": "2", "recorded-or-robo": "Y", "city": "", "state": "AL", "area-code": "205"}, {"id": "deca54a6651fb9add5b4a9816cb45293", "number": "2672259089", "date": "2021-01-21 18:59:00", "subject": "2", "recorded-or-robo": "Y", "city": "", "state": "AL", "area-code": "205"}, {"id": "e81c9350d54f66c6d33b3747ee544dca", "number": "+13097770431", "date": "2021-01-22 17:53:42", "subject": "3", "recorded-or-robo": "Y", "city": "", "state": "IL", "area-code": "309"}, {"id": "deca54a6651fb9add5b4a9816ce8bb1f", "number": "+13097770431", "date": "2021-01-22 17:53:42", "subject": "3", "recorded-or-robo": "Y", "city": "", "state": "IL", "area-code": "309"}, {"id": "e81c9350d54f66c6d33b3747ee1f3a53", "number": "5416025270", "date": "2021-01-22 14:14:00", "subject": "9", "recorded-or-robo": "Y", "city": "Central Point", "state": "OR", "area-code": "541"}, {"id": "deca54a6651fb9add5b4a9816cb446c5", "number": "5416025270", "date": "2021-01-22 14:14:00", "subject": "9", "recorded-or-robo": "Y", "city": "Central Point", "state": "OR", "area-code": "541"}, {"id": "e81c9350d54f66c6d33b3747ee1f2ee0", "number": "9592023443", "date": "2021-01-22 11:51:00", "subject": "2", "recorded-or-robo": "N", "city": "Huntington Beach", "state": "CA", "area-code": "818"}, {"id": "deca54a6651fb9add5b4a9816cb4455d", "number": "9592023443", "date": "2021-01-22 11:51:00", "subject": "2", "recorded-or-robo": "N", "city": "Huntington Beach", "state": "CA", "area-code": "818"}, {"id": "e81c9350d54f66c6d33b3747ee54070b", "number": "+13056140868", "date": "2021-01-22 17:53:32", "subject": "3", "recorded-or-robo": "Y", "city": "", "state": "CA", "area-code": "714"}, {"id": "e81c9350d54f66c6d33b3747ee1f219f", "number": "8109548845", "date": "2021-01-22 16:24:00", "subject": "0", "recorded-or-robo": "N", "city": "Metamora", "state": "MI", "area-code": "810"}, {"id": "deca54a6651fb9add5b4a9816ce87cfc", "number": "+13056140868", "date": "2021-01-22 17:53:32", "subject": "3", "recorded-or-robo": "Y", "city": "", "state": "CA", "area-code": "714"}, {"id": "deca54a6651fb9add5b4a9816cb436a0", "number": "8109548845", "date": "2021-01-22 16:24:00", "subject": "0", "recorded-or-robo": "N", "city": "Metamora", "state": "MI", "area-code": "810"}, {"id": "e81c9350d54f66c6d33b3747ee1f2126", "number": "7029003349", "date": "2021-01-22 13:53:00", "subject": "2", "recorded-or-robo": "", "city": "So. Lake Tahoe", "state": "CA", "area-code": "775"}, {"id": "deca54a6651fb9add5b4a9816cb434e6", "number": "7029003349", "date": "2021-01-22 13:53:00", "subject": "2", "recorded-or-robo": "", "city": "So. Lake Tahoe", "state": "CA", "area-code": "775"}, {"id": "e81c9350d54f66c6d33b3747ee53fa81", "number": "4019224334", "date": "2021-01-22 17:53:27", "subject": "3", "recorded-or-robo": "Y", "city": "", "state": "RI", "area-code": "401"}, {"id": "deca54a6651fb9add5b4a9816ce86b9f", "number": "4019224334", "date": "2021-01-22 17:53:27", "subject": "3", "recorded-or-robo": "Y", "city": "", "state": "RI", "area-code": "401"}, {"id": "e81c9350d54f66c6d33b3747ee1e292d", "number": "3304601270", "date": "2021-01-22 10:42:00", "subject": "3", "recorded-or-robo": "N", "city": "", "state": "OH", "area-code": "330"}, {"id": "deca54a6651fb9add5b4a9816cb3518f", "number": "3304601270", "date": "2021-01-22 10:42:00", "subject": "3", "recorded-or-robo": "N", "city": "", "state": "OH", "area-code": "330"}, {"id": "e81c9350d54f66c6d33b3747ee1f1fec", "number": "5014823724", "date": "2021-01-22 16:50:00", "subject": "3", "recorded-or-robo": "Y", "city": "", "state": "AR", "area-code": "870"}, {"id": "e81c9350d54f66c6d33b3747ee1f1387", "number": "9733469932", "date": "2021-01-22 17:05:00", "subject": "2", "recorded-or-robo": "Y", "city": "Parsippany", "state": "NJ", "area-code": "973"}, {"id": "deca54a6651fb9add5b4a9816cb42cdf", "number": "5014823724", "date": "2021-01-22 16:50:00", "subject": "3", "recorded-or-robo": "Y", "city": "", "state": "AR", "area-code": "870"}, {"id": "deca54a6651fb9add5b4a9816cb421e2", "number": "9733469932", "date": "2021-01-22 17:05:00", "subject": "2", "recorded-or-robo": "Y", "city": "Parsippany", "state": "NJ", "area-code": "973"}, {"id": "e81c9350d54f66c6d33b3747ee1f083e", "number": "8653769401", "date": "2021-01-22 10:46:00", "subject": "2", "recorded-or-robo": "Y", "city": "Kingston", "state": "TN", "area-code": "865"}, {"id": "deca54a6651fb9add5b4a9816cb420cd", "number": "8653769401", "date": "2021-01-22 10:46:00", "subject": "2", "recorded-or-robo": "Y", "city": "Kingston", "state": "TN", "area-code": "865"}, {"id": "e81c9350d54f66c6d33b3747ee1f009c", "number": "6613501021", "date": "2021-01-22 07:58:00", "subject": "2", "recorded-or-robo": "Y", "city": "Bakersfield", "state": "CA", "area-code": "661"}, {"id": "e81c9350d54f66c6d33b3747ee1efb0f", "number": "6142136497", "date": "2021-01-22 11:26:00", "subject": "2", "recorded-or-robo": "N", "city": "columbus", "state": "OH", "area-code": "614"}, {"id": "deca54a6651fb9add5b4a9816cb41a12", "number": "6613501021", "date": "2021-01-22 07:58:00", "subject": "2", "recorded-or-robo": "Y", "city": "Bakersfield", "state": "CA", "area-code": "661"}, {"id": "deca54a6651fb9add5b4a9816cb41479", "number": "6142136497", "date": "2021-01-22 11:26:00", "subject": "2", "recorded-or-robo": "N", "city": "columbus", "state": "OH", "area-code": "614"}, {"id": "e81c9350d54f66c6d33b3747ee1ef7b0", "number": "4358114854", "date": "2021-01-22 15:49:00", "subject": "3", "recorded-or-robo": "Y", "city": "", "state": "UT", "area-code": "801"}, {"id": "e81c9350d54f66c6d33b3747ee1eb8e4", "number": "8185245199", "date": "2021-01-22 13:37:00", "subject": "3", "recorded-or-robo": "N", "city": "", "state": "CA", "area-code": "818"}, {"id": "deca54a6651fb9add5b4a9816cb40f27", "number": "4358114854", "date": "2021-01-22 15:49:00", "subject": "3", "recorded-or-robo": "Y", "city": "", "state": "UT", "area-code": "801"}, {"id": "deca54a6651fb9add5b4a9816cb3ce05", "number": "8185245199", "date": "2021-01-22 13:37:00", "subject": "3", "recorded-or-robo": "N", "city": "", "state": "CA", "area-code": "818"}, {"id": "e81c9350d54f66c6d33b3747ee1ef59a", "number": "4342608977", "date": "2021-01-22 13:12:00", "subject": "2", "recorded-or-robo": "N", "city": "Huntington Beach", "state": "CA", "area-code": "818"}, {"id": "deca54a6651fb9add5b4a9816cb40442", "number": "4342608977", "date": "2021-01-22 13:12:00", "subject": "2", "recorded-or-robo": "N", "city": "Huntington Beach", "state": "CA", "area-code": "818"}, {"id": "e81c9350d54f66c6d33b3747ee1ee8bc", "number": "2017304175", "date": "2021-01-22 00:00:00", "subject": "2", "recorded-or-robo": "Y", "city": "", "state": "NJ", "area-code": "609"}, {"id": "deca54a6651fb9add5b4a9816cb40111", "number": "2017304175", "date": "2021-01-22 00:00:00", "subject": "2", "recorded-or-robo": "Y", "city": "", "state": "NJ", "area-code": "609"}, {"id": "e81c9350d54f66c6d33b3747ee1ee12e", "number": "3047597441", "date": "2021-01-22 15:49:00", "subject": "4", "recorded-or-robo": "Y", "city": "", "state": "CO", "area-code": "304"}]}