{"data": [{"id": "deca54a6651fb9add5b4a9816c994b6c", "number": "2127207537", "date": "2021-01-22 16:47:00", "subject": "2", "recorded-or-robo": "Y", "city": "New York", "state": "NY", "area-code": "212"}, {"id": "e81c9350d54f66c6d33b3747ee049213", "number": "8084378440", "date": "2021-01-22 14:00:00", "subject": "2", "recorded-or-robo": "Y", "city": "", "state": "HI", "area-code": "808"}, {"id": "deca54a6651fb9add5b4a9816c994215", "number": "8084378440", "date": "2021-01-22 14:00:00", "subject": "2", "recorded-or-robo": "Y", "city": "", "state": "HI", "area-code": "808"}, {"id": "e81c9350d54f66c6d33b3747ee048b0e", "number": "9842137284", "date": "2021-01-22 17:02:00", "subject": "2", "recorded-or-robo": "Y", "city": "", "state": "SC", "area-code": "843"}, {"id": "deca54a6651fb9add5b4a9816c9933c9", "number": "9842137284", "date": "2021-01-22 17:02:00", "subject": "2", "recorded-or-robo": "Y", "city": "", "state": "SC", "area-code": "843"}, {"id": "e81c9350d54f66c6d33b3747ee048172", "number": "8505012842", "date": "2021-01-22 12:12:00", "subject": "4", "recorded-or-robo": "Y", "city": "Pensacola", "state": "FL", "area-code": "850"}, {"id": "deca54a6651fb9add5b4a9816c992ba0", "number": "8505012842", "date": "2021-01-22 12:12:00", "subject": "4", "recorded-or-robo": "Y", "city": "Pensacola", "state": "FL", "area-code": "850"}, {"id": "e81c9350d54f66c6d33b3747ee047581", "number": "6627073841", "date": "2021-01-22 16:05:00", "subject": "9", "recorded-or-robo": "Y", "city": "", "state": "MS", "area-code": "601"}, {"id": "deca54a6651fb9add5b4a9816c99217c", "number": "6627073841", "date": "2021-01-22 16:05:00", "subject": "9", "recorded-or-robo": "Y", "city": "", "state": "MS", "area-code": "601"}, {"id": "e81c9350d54f66c6d33b3747ee4f4fb7", "number": "2622406313", "date": "2021-01-22 17:10:18", "subject": "3", "recorded-or-robo": "Y", "city": "", "state": "NY", "area-code": "315"}, {"id": "deca54a6651fb9add5b4a9816ce3db39", "number": "2622406313", "date": "2021-01-22 17:10:18", "subject": "3", "recorded-or-robo": "Y", "city": "", "state": "NY", "area-code": "315"}, {"id": "e81c9350d54f66c6d33b3747ee04659b", "number": "5038771123", "date": "2021-01-22 14:06:00", "subject": "6", "recorded-or-robo": "N", "city": "Lake Oswego", "state": "OR", "area-code": "503"}, {"id": "deca54a6651fb9add5b4a9816c9914af", "number": "5038771123", "date": "2021-01-22 14:06:00", "subject": "6", "recorded-or-robo": "N", "city": "Lake Oswego", "state": "OR", "area-code": "503"}, {"id": "e81c9350d54f66c6d33b3747ee0456a7", "number": "5412290439", "date": "2021-01-22 12:48:00", "subject": "5", "recorded-or-robo": "Y", "city": "Oregon", "state": "OR", "area-code": "541"}, {"id": "deca54a6651fb9add5b4a9816c990c1a", "number": "5412290439", "date": "2021-01-22 12:48:00", "subject": "5", "recorded-or-robo": "Y", "city": "Oregon", "state": "OR", "area-code": "541"}, {"id": "e81c9350d54f66c6d33b3747ee5c14de", "number": "4302030100", "date": "2021-01-22 17:06:00", "subject": "3", "recorded-or-robo": "N", "city": "", "state": "NC", "area-code": "336"}, {"id": "e81c9350d54f66c6d33b3747ee4f1634", "number": "7064938455", "date": "2021-01-22 17:10:13", "subject": "3", "recorded-or-robo": "Y", "city": "", "state": "GA", "area-code": "706"}, {"id": "e81c9350d54f66c6d33b3747ee044eed", "number": "3603673063", "date": "2021-01-22 14:01:00", "subject": "2", "recorded-or-robo": "N", "city": "Friday Harbor", "state": "WA", "area-code": "360"}, {"id": "e81c9350d54f66c6d33b3747ee04410f", "number": "4086935612", "date": "2021-01-22 16:07:00", "subject": "2", "recorded-or-robo": "Y", "city": "Houston", "state": "TX", "area-code": "408"}, {"id": "e81c9350d54f66c6d33b3747ee04320f", "number": "7147326276", "date": "2021-01-22 13:57:00", "subject": "1", "recorded-or-robo": "Y", "city": "", "state": "", "area-code": "714"}, {"id": "deca54a6651fb9add5b4a9816cf0d909", "number": "4302030100", "date": "2021-01-22 17:06:00", "subject": "3", "recorded-or-robo": "N", "city": "", "state": "NC", "area-code": "336"}, {"id": "deca54a6651fb9add5b4a9816ce3ac2b", "number": "7064938455", "date": "2021-01-22 17:10:13", "subject": "3", "recorded-or-robo": "Y", "city": "", "state": "GA", "area-code": "706"}, {"id": "deca54a6651fb9add5b4a9816c990772", "number": "3603673063", "date": "2021-01-22 14:01:00", "subject": "2", "recorded-or-robo": "N", "city": "Friday Harbor", "state": "WA", "area-code": "360"}, {"id": "deca54a6651fb9add5b4a9816c9902c9", "number": "4086935612", "date": "2021-01-22 16:07:00", "subject": "2", "recorded-or-robo": "Y", "city": "Houston", "state": "TX", "area-code": "408"}, {"id": "deca54a6651fb9add5b4a9816c98f4d0", "number": "7147326276", "date": "2021-01-22 13:57:00", "subject": "1", "recorded-or-robo": "Y", "city": "", "state": "", "area-code": "714"}, {"id": "e81c9350d54f66c6d33b3747ee4f5b02", "number": "+12167777354", "date": "2021-01-22 17:10:11", "subject": "3", "recorded-or-robo": "Y", "city": "", "state": "OH", "area-code": "216"}, {"id": "deca54a6651fb9add5b4a9816ce3ebe1", "number": "+12167777354", "date": "2021-01-22 17:10:11", "subject": "3", "recorded-or-robo": "Y", "city": "", "state": "OH", "area-code": "216"}, {"id": "e81c9350d54f66c6d33b3747ee0427ab", "number": "5852296684", "date": "2021-01-22 13:44:00", "subject": "4", "recorded-or-robo": "Y", "city": "FT LAUDERDALE", "state": "FL", "area-code": "917"}, {"id": "e81c9350d54f66c6d33b3747ee041ad9", "number": "8452720368", "date": "2021-01-22 10:16:00", "subject": "2", "recorded-or-robo": "Y", "city": "", "state": "NY", "area-code": "845"}, {"id": "deca54a6651fb9add5b4a9816c98e6ba", "number": "5852296684", "date": "2021-01-22 13:44:00", "subject": "4", "recorded-or-robo": "Y", "city": "FT LAUDERDALE", "state": "FL", "area-code": "917"}, {"id": "deca54a6651fb9add5b4a9816c98dbb4", "number": "8452720368", "date": "2021-01-22 10:16:00", "subject": "2", "recorded-or-robo": "Y", "city": "", "state": "NY", "area-code": "845"}, {"id": "e81c9350d54f66c6d33b3747ee040ce2", "number": "1121611611", "date": "2021-01-22 14:57:00", "subject": "2", "recorded-or-robo": "Y", "city": "Cordova", "state": "TN", "area-code": "901"}, {"id": "deca54a6651fb9add5b4a9816c98d2fd", "number": "1121611611", "date": "2021-01-22 14:57:00", "subject": "2", "recorded-or-robo": "Y", "city": "Cordova", "state": "TN", "area-code": "901"}, {"id": "e81c9350d54f66c6d33b3747ee03ff7c", "number": "8603646078", "date": "2021-01-22 13:45:00", "subject": "4", "recorded-or-robo": "Y", "city": "Aurora", "state": "CO", "area-code": "720"}, {"id": "deca54a6651fb9add5b4a9816c98d26d", "number": "8603646078", "date": "2021-01-22 13:45:00", "subject": "4", "recorded-or-robo": "Y", "city": "Aurora", "state": "CO", "area-code": "720"}, {"id": "e81c9350d54f66c6d33b3747ee4ee0c6", "number": "6198778159", "date": "2021-01-22 17:10:03", "subject": "3", "recorded-or-robo": "N", "city": "", "state": "VA", "area-code": "703"}, {"id": "e81c9350d54f66c6d33b3747ee03f347", "number": "7578024696", "date": "2021-01-22 14:08:00", "subject": "0", "recorded-or-robo": "Y", "city": "", "state": "VA", "area-code": "703"}, {"id": "deca54a6651fb9add5b4a9816ce364fa", "number": "6198778159", "date": "2021-01-22 17:10:03", "subject": "3", "recorded-or-robo": "N", "city": "", "state": "VA", "area-code": "703"}, {"id": "deca54a6651fb9add5b4a9816c98d1f0", "number": "7578024696", "date": "2021-01-22 14:08:00", "subject": "0", "recorded-or-robo": "Y", "city": "", "state": "VA", "area-code": "703"}, {"id": "e81c9350d54f66c6d33b3747ee03ea71", "number": "2392190791", "date": "2021-01-22 06:45:00", "subject": "2", "recorded-or-robo": "Y", "city": "Las Vegas", "state": "FL", "area-code": "239"}, {"id": "e81c9350d54f66c6d33b3747ee03ae21", "number": "", "date": "2021-01-20 12:16:00", "subject": "3", "recorded-or-robo": "N", "city": "", "state": "IL", "area-code": "708"}, {"id": "deca54a6651fb9add5b4a9816c98d187", "number": "2392190791", "date": "2021-01-22 06:45:00", "subject": "2", "recorded-or-robo": "Y", "city": "Las Vegas", "state": "FL", "area-code": "239"}, {"id": "deca54a6651fb9add5b4a9816c988d29", "number": "", "date": "2021-01-20 12:16:00", "subject": "3", "recorded-or-robo": "N", "city": "", "state": "IL", "area-code": "708"}, {"id": "e81c9350d54f66c6d33b3747ee4f56e4", "number": "6032639592", "date": "2021-01-22 17:09:55", "subject": "3", "recorded-or-robo": "Y", "city": "", "state": "GA", "area-code": "706"}, {"id": "deca54a6651fb9add5b4a9816ce3eb49", "number": "6032639592", "date": "2021-01-22 17:09:55", "subject": "3", "recorded-or-robo": "Y", "city": "", "state": "GA", "area-code": "706"}, {"id": "e81c9350d54f66c6d33b3747ee03e868", "number": "8605793301", "date": "2021-01-21 13:00:00", "subject": "0", "recorded-or-robo": "Y", "city": "Danville,", "state": "VA", "area-code": "434"}, {"id": "deca54a6651fb9add5b4a9816c98c85f", "number": "8605793301", "date": "2021-01-21 13:00:00", "subject": "0", "recorded-or-robo": "Y", "city": "Danville,", "state": "VA", "area-code": "434"}, {"id": "e81c9350d54f66c6d33b3747ee4f7bcf", "number": "3057681106", "date": "2021-01-22 17:09:53", "subject": "3", "recorded-or-robo": "Y", "city": "", "state": "FL", "area-code": "305"}, {"id": "e81c9350d54f66c6d33b3747ee4f0de0", "number": "5124192729", "date": "2021-01-22 17:09:53", "subject": "3", "recorded-or-robo": "Y", "city": "", "state": "TX", "area-code": "512"}, {"id": "deca54a6651fb9add5b4a9816ce405a6", "number": "3057681106", "date": "2021-01-22 17:09:53", "subject": "3", "recorded-or-robo": "Y", "city": "", "state": "FL", "area-code": "305"}]}