{"data": [{"id": "deca54a6651fb9add5b4a9816cfb93d4", "number": "6618853853", "date": "2021-01-21 12:00:00", "subject": "1", "recorded-or-robo": "N", "city": "Williamsport", "state": "MD", "area-code": "301"}, {"id": "e81c9350d54f66c6d33b3747eea20127", "number": "5138665030", "date": "2021-01-22 19:10:54", "subject": "3", "recorded-or-robo": "Y", "city": "", "state": "NV", "area-code": "702"}, {"id": "1d36742e3f24f50e4e7ae8280136cd18", "number": "5138665030", "date": "2021-01-22 19:10:54", "subject": "3", "recorded-or-robo": "Y", "city": "", "state": "NV", "area-code": "702"}, {"id": "e81c9350d54f66c6d33b3747ee669870", "number": "3013100131", "date": "2021-01-22 18:37:00", "subject": "0", "recorded-or-robo": "Y", "city": "Fort  Washington", "state": "MD", "area-code": "301"}, {"id": "deca54a6651fb9add5b4a9816cfb8cb2", "number": "3013100131", "date": "2021-01-22 18:37:00", "subject": "0", "recorded-or-robo": "Y", "city": "Fort  Washington", "state": "MD", "area-code": "301"}, {"id": "e81c9350d54f66c6d33b3747ee668e34", "number": "4696631546", "date": "2021-01-22 09:44:00", "subject": "2", "recorded-or-robo": "N", "city": "DALLAS", "state": "TX", "area-code": "214"}, {"id": "deca54a6651fb9add5b4a9816cfb87b7", "number": "4696631546", "date": "2021-01-22 09:44:00", "subject": "2", "recorded-or-robo": "N", "city": "DALLAS", "state": "TX", "area-code": "214"}, {"id": "e81c9350d54f66c6d33b3747eea1cd84", "number": "7088744714", "date": "2021-01-22 19:10:40", "subject": "3", "recorded-or-robo": "Y", "city": "", "state": "IL", "area-code": "708"}, {"id": "e81c9350d54f66c6d33b3747ee668872", "number": "7736586388", "date": "2021-01-22 18:06:00", "subject": "3", "recorded-or-robo": "N", "city": "", "state": "IL", "area-code": "773"}, {"id": "deca54a6651fb9add5b4a9816cfb7c62", "number": "7736586388", "date": "2021-01-22 18:06:00", "subject": "3", "recorded-or-robo": "N", "city": "", "state": "IL", "area-code": "773"}, {"id": "1d36742e3f24f50e4e7ae8280136a7d8", "number": "7088744714", "date": "2021-01-22 19:10:40", "subject": "3", "recorded-or-robo": "Y", "city": "", "state": "IL", "area-code": "708"}, {"id": "e81c9350d54f66c6d33b3747eea204b7", "number": "7085058693", "date": "2021-01-22 19:10:39", "subject": "3", "recorded-or-robo": "N", "city": "", "state": "IL", "area-code": "708"}, {"id": "e81c9350d54f66c6d33b3747eea19f0e", "number": "+18595238520", "date": "2021-01-22 19:10:39", "subject": "3", "recorded-or-robo": "Y", "city": "", "state": "KY", "area-code": "859"}, {"id": "1d36742e3f24f50e4e7ae8280136d879", "number": "7085058693", "date": "2021-01-22 19:10:39", "subject": "3", "recorded-or-robo": "N", "city": "", "state": "IL", "area-code": "708"}, {"id": "1d36742e3f24f50e4e7ae828013679d0", "number": "+18595238520", "date": "2021-01-22 19:10:39", "subject": "3", "recorded-or-robo": "Y", "city": "", "state": "KY", "area-code": "859"}, {"id": "e81c9350d54f66c6d33b3747ee667efd", "number": "3013074696", "date": "2021-01-22 15:35:00", "subject": "3", "recorded-or-robo": "N", "city": "Waldorf", "state": "MD", "area-code": "301"}, {"id": "deca54a6651fb9add5b4a9816cfb6dda", "number": "3013074696", "date": "2021-01-22 15:35:00", "subject": "3", "recorded-or-robo": "N", "city": "Waldorf", "state": "MD", "area-code": "301"}, {"id": "e81c9350d54f66c6d33b3747ee666f91", "number": "4407218611", "date": "2021-01-22 17:04:00", "subject": "0", "recorded-or-robo": "Y", "city": "Mayfield Heights", "state": "OH", "area-code": "440"}, {"id": "deca54a6651fb9add5b4a9816cfb63df", "number": "4407218611", "date": "2021-01-22 17:04:00", "subject": "0", "recorded-or-robo": "Y", "city": "Mayfield Heights", "state": "OH", "area-code": "440"}, {"id": "e81c9350d54f66c6d33b3747eea1da91", "number": "7085684410", "date": "2021-01-22 19:10:21", "subject": "3", "recorded-or-robo": "N", "city": "", "state": "IL", "area-code": "708"}, {"id": "1d36742e3f24f50e4e7ae8280136b2f5", "number": "7085684410", "date": "2021-01-22 19:10:21", "subject": "3", "recorded-or-robo": "N", "city": "", "state": "IL", "area-code": "708"}, {"id": "e81c9350d54f66c6d33b3747eea1baca", "number": "8179853882", "date": "2021-01-22 19:10:13", "subject": "3", "recorded-or-robo": "Y", "city": "", "state": "TX", "area-code": "817"}, {"id": "1d36742e3f24f50e4e7ae828013693aa", "number": "8179853882", "date": "2021-01-22 19:10:13", "subject": "3", "recorded-or-robo": "Y", "city": "", "state": "TX", "area-code": "817"}, {"id": "e81c9350d54f66c6d33b3747ee666d57", "number": "3025721484", "date": "2021-01-20 12:01:00", "subject": "2", "recorded-or-robo": "N", "city": "", "state": "CA", "area-code": "909"}, {"id": "deca54a6651fb9add5b4a9816cfb5942", "number": "3025721484", "date": "2021-01-20 12:01:00", "subject": "2", "recorded-or-robo": "N", "city": "", "state": "CA", "area-code": "909"}, {"id": "e81c9350d54f66c6d33b3747ee666126", "number": "9726739323", "date": "2021-01-22 11:14:00", "subject": "2", "recorded-or-robo": "N", "city": "ALLEN", "state": "TX", "area-code": "972"}, {"id": "deca54a6651fb9add5b4a9816cfb5340", "number": "9726739323", "date": "2021-01-22 11:14:00", "subject": "2", "recorded-or-robo": "N", "city": "ALLEN", "state": "TX", "area-code": "972"}, {"id": "e81c9350d54f66c6d33b3747ee665e87", "number": "8888030821", "date": "2021-01-22 12:00:00", "subject": "2", "recorded-or-robo": "Y", "city": "Anaheim", "state": "CA", "area-code": "213"}, {"id": "deca54a6651fb9add5b4a9816cfb5101", "number": "8888030821", "date": "2021-01-22 12:00:00", "subject": "2", "recorded-or-robo": "Y", "city": "Anaheim", "state": "CA", "area-code": "213"}, {"id": "e81c9350d54f66c6d33b3747ee6650e7", "number": "5053477768", "date": "2021-01-22 15:01:00", "subject": "2", "recorded-or-robo": "Y", "city": "albuquerque", "state": "NM", "area-code": "505"}, {"id": "deca54a6651fb9add5b4a9816cfb4556", "number": "5053477768", "date": "2021-01-22 15:01:00", "subject": "2", "recorded-or-robo": "Y", "city": "albuquerque", "state": "NM", "area-code": "505"}, {"id": "e81c9350d54f66c6d33b3747ee66465f", "number": "8884230900", "date": "2021-01-22 18:14:00", "subject": "4", "recorded-or-robo": "Y", "city": "Fort  Washington", "state": "MD", "area-code": "301"}, {"id": "deca54a6651fb9add5b4a9816cfb4018", "number": "8884230900", "date": "2021-01-22 18:14:00", "subject": "4", "recorded-or-robo": "Y", "city": "Fort  Washington", "state": "MD", "area-code": "301"}, {"id": "e81c9350d54f66c6d33b3747eea1fd57", "number": "+16466901022", "date": "2021-01-22 19:09:43", "subject": "3", "recorded-or-robo": "Y", "city": "", "state": "FL", "area-code": "386"}, {"id": "e81c9350d54f66c6d33b3747eea16435", "number": "+14092351483", "date": "2021-01-22 19:09:43", "subject": "3", "recorded-or-robo": "Y", "city": "", "state": "TX", "area-code": "972"}, {"id": "1d36742e3f24f50e4e7ae8280136bfa3", "number": "+16466901022", "date": "2021-01-22 19:09:43", "subject": "3", "recorded-or-robo": "Y", "city": "", "state": "FL", "area-code": "386"}, {"id": "1d36742e3f24f50e4e7ae828013641b6", "number": "+14092351483", "date": "2021-01-22 19:09:43", "subject": "3", "recorded-or-robo": "Y", "city": "", "state": "TX", "area-code": "972"}, {"id": "e81c9350d54f66c6d33b3747ee663e38", "number": "5755402895", "date": "2021-01-22 16:57:00", "subject": "2", "recorded-or-robo": "N", "city": "Silver City", "state": "NM", "area-code": "575"}, {"id": "deca54a6651fb9add5b4a9816cfb319d", "number": "5755402895", "date": "2021-01-22 16:57:00", "subject": "2", "recorded-or-robo": "N", "city": "Silver City", "state": "NM", "area-code": "575"}, {"id": "e81c9350d54f66c6d33b3747eea1cf1b", "number": "+17863862626", "date": "2021-01-22 19:09:36", "subject": "3", "recorded-or-robo": "Y", "city": "", "state": "FL", "area-code": "786"}, {"id": "1d36742e3f24f50e4e7ae8280136a9c5", "number": "+17863862626", "date": "2021-01-22 19:09:36", "subject": "3", "recorded-or-robo": "Y", "city": "", "state": "FL", "area-code": "786"}, {"id": "e81c9350d54f66c6d33b3747ee6633b9", "number": "5103430287", "date": "2021-01-22 08:18:00", "subject": "2", "recorded-or-robo": "N", "city": "San Leandro", "state": "CA", "area-code": "510"}, {"id": "deca54a6651fb9add5b4a9816cfb2c71", "number": "5103430287", "date": "2021-01-22 08:18:00", "subject": "2", "recorded-or-robo": "N", "city": "San Leandro", "state": "CA", "area-code": "510"}, {"id": "e81c9350d54f66c6d33b3747eea17467", "number": "+16088256072", "date": "2021-01-22 19:09:33", "subject": "3", "recorded-or-robo": "Y", "city": "", "state": "MI", "area-code": "313"}, {"id": "1d36742e3f24f50e4e7ae82801365e8c", "number": "+16088256072", "date": "2021-01-22 19:09:33", "subject": "3", "recorded-or-robo": "Y", "city": "", "state": "MI", "area-code": "313"}, {"id": "e81c9350d54f66c6d33b3747ee662dbe", "number": "3019020559", "date": "2021-01-22 09:07:00", "subject": "3", "recorded-or-robo": "Y", "city": "Waldorf", "state": "MD", "area-code": "301"}, {"id": "e81c9350d54f66c6d33b3747ee662c4e", "number": "3152328257", "date": "2021-01-22 17:18:00", "subject": "11", "recorded-or-robo": "Y", "city": "Fenton", "state": "MO", "area-code": "636"}, {"id": "deca54a6651fb9add5b4a9816cfb2464", "number": "3019020559", "date": "2021-01-22 09:07:00", "subject": "3", "recorded-or-robo": "Y", "city": "Waldorf", "state": "MD", "area-code": "301"}, {"id": "deca54a6651fb9add5b4a9816cfb1bc0", "number": "3152328257", "date": "2021-01-22 17:18:00", "subject": "11", "recorded-or-robo": "Y", "city": "Fenton", "state": "MO", "area-code": "636"}, {"id": "e81c9350d54f66c6d33b3747ee662358", "number": "6625486678", "date": "2021-01-22 17:55:00", "subject": "13", "recorded-or-robo": "Y", "city": "Lucedale", "state": "MS", "area-code": "601"}]}