{"data": [{"id": "b6a8da8b80f26332ed085cca2dfc5940", "number": "", "date": "2021-01-22 12:00:00", "subject": "1", "recorded-or-robo": "Y", "city": "Wilton", "state": "CT", "area-code": "203"}, {"id": "deca54a6651fb9add5b4a9816c917aa5", "number": "2538576861", "date": "2021-01-22 10:29:00", "subject": "2", "recorded-or-robo": "Y", "city": "Gig Harbor", "state": "WA", "area-code": "253"}, {"id": "deca54a6651fb9add5b4a9816c916ded", "number": "9782566200", "date": "2021-01-22 00:00:00", "subject": "2", "recorded-or-robo": "Y", "city": "", "state": "MA", "area-code": "978"}, {"id": "b6a8da8b80f26332ed085cca2dfc4d3e", "number": "2538576861", "date": "2021-01-22 10:29:00", "subject": "2", "recorded-or-robo": "Y", "city": "Gig Harbor", "state": "WA", "area-code": "253"}, {"id": "b6a8da8b80f26332ed085cca2dfc4c27", "number": "9782566200", "date": "2021-01-22 00:00:00", "subject": "2", "recorded-or-robo": "Y", "city": "", "state": "MA", "area-code": "978"}, {"id": "e81c9350d54f66c6d33b3747ee4e3110", "number": "7037883819", "date": "2021-01-22 16:58:03", "subject": "3", "recorded-or-robo": "Y", "city": "", "state": "VA", "area-code": "703"}, {"id": "deca54a6651fb9add5b4a9816ce2a279", "number": "7037883819", "date": "2021-01-22 16:58:03", "subject": "3", "recorded-or-robo": "Y", "city": "", "state": "VA", "area-code": "703"}, {"id": "deca54a6651fb9add5b4a9816c916dd4", "number": "2314034981", "date": "2021-01-22 16:03:00", "subject": "2", "recorded-or-robo": "N", "city": "NUTLEY", "state": "NJ", "area-code": "973"}, {"id": "b6a8da8b80f26332ed085cca2dfc3e34", "number": "2314034981", "date": "2021-01-22 16:03:00", "subject": "2", "recorded-or-robo": "N", "city": "NUTLEY", "state": "NJ", "area-code": "973"}, {"id": "deca54a6651fb9add5b4a9816c916a82", "number": "8623257194", "date": "2021-01-22 16:23:00", "subject": "5", "recorded-or-robo": "Y", "city": "", "state": "NJ", "area-code": "908"}, {"id": "b6a8da8b80f26332ed085cca2dfc319a", "number": "8623257194", "date": "2021-01-22 16:23:00", "subject": "5", "recorded-or-robo": "Y", "city": "", "state": "NJ", "area-code": "908"}, {"id": "deca54a6651fb9add5b4a9816c915d7f", "number": "6001869", "date": "2021-01-21 13:15:00", "subject": "2", "recorded-or-robo": "N", "city": "Michigan City", "state": "IN", "area-code": "219"}, {"id": "b6a8da8b80f26332ed085cca2dfc311e", "number": "6001869", "date": "2021-01-21 13:15:00", "subject": "2", "recorded-or-robo": "N", "city": "Michigan City", "state": "IN", "area-code": "219"}, {"id": "deca54a6651fb9add5b4a9816c915cf9", "number": "8478448715", "date": "2021-01-22 15:55:00", "subject": "4", "recorded-or-robo": "Y", "city": "", "state": "IL", "area-code": "815"}, {"id": "b6a8da8b80f26332ed085cca2dfc264b", "number": "8478448715", "date": "2021-01-22 15:55:00", "subject": "4", "recorded-or-robo": "Y", "city": "", "state": "IL", "area-code": "815"}, {"id": "deca54a6651fb9add5b4a9816c914d87", "number": "9194598954", "date": "2021-01-22 14:32:00", "subject": "2", "recorded-or-robo": "Y", "city": "LaGrange", "state": "NC", "area-code": "252"}, {"id": "b6a8da8b80f26332ed085cca2dfc1871", "number": "9194598954", "date": "2021-01-22 14:32:00", "subject": "2", "recorded-or-robo": "Y", "city": "LaGrange", "state": "NC", "area-code": "252"}, {"id": "deca54a6651fb9add5b4a9816c914b03", "number": "2086846504", "date": "2021-01-22 12:12:00", "subject": "3", "recorded-or-robo": "N", "city": "", "state": "KS", "area-code": "316"}, {"id": "b6a8da8b80f26332ed085cca2dfc1119", "number": "2086846504", "date": "2021-01-22 12:12:00", "subject": "3", "recorded-or-robo": "N", "city": "", "state": "KS", "area-code": "316"}, {"id": "deca54a6651fb9add5b4a9816c914719", "number": "7572347853", "date": "2021-01-22 14:06:00", "subject": "1", "recorded-or-robo": "Y", "city": "", "state": "VA", "area-code": "757"}, {"id": "b6a8da8b80f26332ed085cca2dfc1043", "number": "7572347853", "date": "2021-01-22 14:06:00", "subject": "1", "recorded-or-robo": "Y", "city": "", "state": "VA", "area-code": "757"}, {"id": "deca54a6651fb9add5b4a9816c90f508", "number": "8633772790", "date": "2021-01-22 15:51:00", "subject": "3", "recorded-or-robo": "N", "city": "", "state": "MS", "area-code": "601"}, {"id": "b6a8da8b80f26332ed085cca2dfbcb0c", "number": "8633772790", "date": "2021-01-22 15:51:00", "subject": "3", "recorded-or-robo": "N", "city": "", "state": "MS", "area-code": "601"}, {"id": "deca54a6651fb9add5b4a9816c913cd5", "number": "3252764869", "date": "2021-01-22 14:25:00", "subject": "1", "recorded-or-robo": "Y", "city": "Grapeland", "state": "TX", "area-code": "903"}, {"id": "deca54a6651fb9add5b4a9816c913528", "number": "7034407412", "date": "2021-01-21 15:48:00", "subject": "0", "recorded-or-robo": "N", "city": "Woodbridge", "state": "VA", "area-code": "703"}, {"id": "b6a8da8b80f26332ed085cca2dfc0e8a", "number": "3252764869", "date": "2021-01-22 14:25:00", "subject": "1", "recorded-or-robo": "Y", "city": "Grapeland", "state": "TX", "area-code": "903"}, {"id": "b6a8da8b80f26332ed085cca2dfc0290", "number": "7034407412", "date": "2021-01-21 15:48:00", "subject": "0", "recorded-or-robo": "N", "city": "Woodbridge", "state": "VA", "area-code": "703"}, {"id": "e81c9350d54f66c6d33b3747ee4dfc51", "number": "8134903488", "date": "2021-01-22 16:57:46", "subject": "3", "recorded-or-robo": "Y", "city": "", "state": "FL", "area-code": "727"}, {"id": "deca54a6651fb9add5b4a9816ce2600d", "number": "8134903488", "date": "2021-01-22 16:57:46", "subject": "3", "recorded-or-robo": "Y", "city": "", "state": "FL", "area-code": "727"}, {"id": "deca54a6651fb9add5b4a9816c9129de", "number": "8572715825", "date": "2021-01-22 15:47:00", "subject": "2", "recorded-or-robo": "Y", "city": "", "state": "TX", "area-code": "214"}, {"id": "b6a8da8b80f26332ed085cca2dfbffb9", "number": "8572715825", "date": "2021-01-22 15:47:00", "subject": "2", "recorded-or-robo": "Y", "city": "", "state": "TX", "area-code": "214"}, {"id": "deca54a6651fb9add5b4a9816c911e21", "number": "4783953108", "date": "2021-01-22 10:53:00", "subject": "0", "recorded-or-robo": "N", "city": "GREENSBORO", "state": "GA", "area-code": "770"}, {"id": "b6a8da8b80f26332ed085cca2dfbf494", "number": "4783953108", "date": "2021-01-22 10:53:00", "subject": "0", "recorded-or-robo": "N", "city": "GREENSBORO", "state": "GA", "area-code": "770"}, {"id": "deca54a6651fb9add5b4a9816c911c20", "number": "3032147730", "date": "2021-01-22 14:30:00", "subject": "5", "recorded-or-robo": "Y", "city": "Denver", "state": "CO", "area-code": "970"}, {"id": "b6a8da8b80f26332ed085cca2dfbe8a7", "number": "3032147730", "date": "2021-01-22 14:30:00", "subject": "5", "recorded-or-robo": "Y", "city": "Denver", "state": "CO", "area-code": "970"}, {"id": "deca54a6651fb9add5b4a9816c911123", "number": "8059838700", "date": "2020-12-08 08:57:00", "subject": "4", "recorded-or-robo": "Y", "city": "", "state": "CA", "area-code": "909"}, {"id": "b6a8da8b80f26332ed085cca2dfbe7ed", "number": "8059838700", "date": "2020-12-08 08:57:00", "subject": "4", "recorded-or-robo": "Y", "city": "", "state": "CA", "area-code": "909"}, {"id": "deca54a6651fb9add5b4a9816c9107db", "number": "8184333630", "date": "2021-01-22 11:46:00", "subject": "4", "recorded-or-robo": "Y", "city": "", "state": "CA", "area-code": "909"}, {"id": "b6a8da8b80f26332ed085cca2dfbd960", "number": "8184333630", "date": "2021-01-22 11:46:00", "subject": "4", "recorded-or-robo": "Y", "city": "", "state": "CA", "area-code": "909"}, {"id": "deca54a6651fb9add5b4a9816c9093df", "number": "", "date": "2021-01-22 15:19:00", "subject": "3", "recorded-or-robo": "N", "city": "", "state": "VA", "area-code": "540"}, {"id": "b6a8da8b80f26332ed085cca2dfb8421", "number": "", "date": "2021-01-22 15:19:00", "subject": "3", "recorded-or-robo": "N", "city": "", "state": "VA", "area-code": "540"}, {"id": "e81c9350d54f66c6d33b3747ee4e3da8", "number": "+15405950244", "date": "2021-01-22 16:57:18", "subject": "3", "recorded-or-robo": "Y", "city": "", "state": "VA", "area-code": "571"}, {"id": "deca54a6651fb9add5b4a9816ce2a775", "number": "+15405950244", "date": "2021-01-22 16:57:18", "subject": "3", "recorded-or-robo": "Y", "city": "", "state": "VA", "area-code": "571"}, {"id": "deca54a6651fb9add5b4a9816c90fc36", "number": "8445369502", "date": "2021-01-19 16:22:00", "subject": "2", "recorded-or-robo": "", "city": "Haverhill", "state": "MA", "area-code": "978"}, {"id": "b6a8da8b80f26332ed085cca2dfbd485", "number": "8445369502", "date": "2021-01-19 16:22:00", "subject": "2", "recorded-or-robo": "", "city": "Haverhill", "state": "MA", "area-code": "978"}, {"id": "deca54a6651fb9add5b4a9816c90f715", "number": "6183941736", "date": "2021-01-22 14:32:00", "subject": "1", "recorded-or-robo": "Y", "city": "", "state": "IL", "area-code": "618"}, {"id": "b6a8da8b80f26332ed085cca2dfbd17d", "number": "6183941736", "date": "2021-01-22 14:32:00", "subject": "1", "recorded-or-robo": "Y", "city": "", "state": "IL", "area-code": "618"}, {"id": "deca54a6651fb9add5b4a9816c90f6d9", "number": "6095496392", "date": "2021-01-22 06:48:00", "subject": "2", "recorded-or-robo": "Y", "city": "Oskaloosa", "state": "IA", "area-code": "641"}, {"id": "b6a8da8b80f26332ed085cca2dfbd04e", "number": "6095496392", "date": "2021-01-22 06:48:00", "subject": "2", "recorded-or-robo": "Y", "city": "Oskaloosa", "state": "IA", "area-code": "641"}, {"id": "deca54a6651fb9add5b4a9816c90ebab", "number": "5199650416", "date": "2021-01-22 10:24:00", "subject": "2", "recorded-or-robo": "Y", "city": "Orlando", "state": "FL", "area-code": "407"}]}