{"data": [{"id": "1d36742e3f24f50e4e7ae8280101f0fe", "number": "3156958988", "date": "2021-01-20 14:30:00", "subject": "3", "recorded-or-robo": "Y", "city": "Philadelphia", "state": "NY", "area-code": "315"}, {"id": "e81c9350d54f66c6d33b3747ee6d372a", "number": "6623951541", "date": "2021-01-22 17:51:00", "subject": "2", "recorded-or-robo": "Y", "city": "Thompsontown", "state": "PA", "area-code": "717"}, {"id": "1d36742e3f24f50e4e7ae8280101edbf", "number": "6623951541", "date": "2021-01-22 17:51:00", "subject": "2", "recorded-or-robo": "Y", "city": "Thompsontown", "state": "PA", "area-code": "717"}, {"id": "e81c9350d54f66c6d33b3747ee6d29c8", "number": "2029140216", "date": "2021-01-22 09:27:00", "subject": "2", "recorded-or-robo": "Y", "city": "las vegas", "state": "NV", "area-code": "702"}, {"id": "1d36742e3f24f50e4e7ae8280101dffd", "number": "2029140216", "date": "2021-01-22 09:27:00", "subject": "2", "recorded-or-robo": "Y", "city": "las vegas", "state": "NV", "area-code": "702"}, {"id": "e81c9350d54f66c6d33b3747eea4396c", "number": "9547767027", "date": "2021-01-22 19:24:54", "subject": "3", "recorded-or-robo": "Y", "city": "", "state": "FL", "area-code": "954"}, {"id": "1d36742e3f24f50e4e7ae828013935d5", "number": "9547767027", "date": "2021-01-22 19:24:54", "subject": "3", "recorded-or-robo": "Y", "city": "", "state": "FL", "area-code": "954"}, {"id": "e81c9350d54f66c6d33b3747ee6d1b34", "number": "8143488080", "date": "2021-01-22 12:51:00", "subject": "4", "recorded-or-robo": "Y", "city": "", "state": "PA", "area-code": "814"}, {"id": "1d36742e3f24f50e4e7ae8280101dacd", "number": "8143488080", "date": "2021-01-22 12:51:00", "subject": "4", "recorded-or-robo": "Y", "city": "", "state": "PA", "area-code": "814"}, {"id": "e81c9350d54f66c6d33b3747ee6d0e81", "number": "3159512827", "date": "2021-01-18 15:06:00", "subject": "0", "recorded-or-robo": "", "city": "Camillus", "state": "NY", "area-code": "315"}, {"id": "1d36742e3f24f50e4e7ae8280101d5bf", "number": "3159512827", "date": "2021-01-18 15:06:00", "subject": "0", "recorded-or-robo": "", "city": "Camillus", "state": "NY", "area-code": "315"}, {"id": "e81c9350d54f66c6d33b3747ee6d083d", "number": "4145023446", "date": "2021-01-22 13:04:00", "subject": "2", "recorded-or-robo": "", "city": "Watertown", "state": "WI", "area-code": "920"}, {"id": "1d36742e3f24f50e4e7ae8280101d46b", "number": "4145023446", "date": "2021-01-22 13:04:00", "subject": "2", "recorded-or-robo": "", "city": "Watertown", "state": "WI", "area-code": "920"}, {"id": "e81c9350d54f66c6d33b3747eea48fb0", "number": "+19167369688", "date": "2021-01-22 19:24:44", "subject": "3", "recorded-or-robo": "Y", "city": "", "state": "CA", "area-code": "909"}, {"id": "1d36742e3f24f50e4e7ae82801397d5d", "number": "+19167369688", "date": "2021-01-22 19:24:44", "subject": "3", "recorded-or-robo": "Y", "city": "", "state": "CA", "area-code": "909"}, {"id": "e81c9350d54f66c6d33b3747ee6d01ec", "number": "4695290320", "date": "2021-01-22 18:19:00", "subject": "2", "recorded-or-robo": "Y", "city": "", "state": "", "area-code": "972"}, {"id": "1d36742e3f24f50e4e7ae8280101cefe", "number": "4695290320", "date": "2021-01-22 18:19:00", "subject": "2", "recorded-or-robo": "Y", "city": "", "state": "", "area-code": "972"}, {"id": "e81c9350d54f66c6d33b3747ee6cf215", "number": "4404358837", "date": "2021-01-22 19:12:00", "subject": "0", "recorded-or-robo": "N", "city": "Madison", "state": "OH", "area-code": "440"}, {"id": "1d36742e3f24f50e4e7ae8280101c563", "number": "4404358837", "date": "2021-01-22 19:12:00", "subject": "0", "recorded-or-robo": "N", "city": "Madison", "state": "OH", "area-code": "440"}, {"id": "e81c9350d54f66c6d33b3747eea47217", "number": "+17792531273", "date": "2021-01-22 19:24:31", "subject": "3", "recorded-or-robo": "Y", "city": "", "state": "AL", "area-code": "205"}, {"id": "1d36742e3f24f50e4e7ae8280139642c", "number": "+17792531273", "date": "2021-01-22 19:24:31", "subject": "3", "recorded-or-robo": "Y", "city": "", "state": "AL", "area-code": "205"}, {"id": "e81c9350d54f66c6d33b3747ee6ceb7c", "number": "8142056965", "date": "2021-01-22 18:04:00", "subject": "2", "recorded-or-robo": "Y", "city": "", "state": "NJ", "area-code": "201"}, {"id": "1d36742e3f24f50e4e7ae8280101b5c3", "number": "8142056965", "date": "2021-01-22 18:04:00", "subject": "2", "recorded-or-robo": "Y", "city": "", "state": "NJ", "area-code": "201"}, {"id": "e81c9350d54f66c6d33b3747ee6cde53", "number": "7032638022", "date": "2020-10-22 12:58:00", "subject": "0", "recorded-or-robo": "Y", "city": "Manassas", "state": "VA", "area-code": "703"}, {"id": "1d36742e3f24f50e4e7ae8280101afe1", "number": "7032638022", "date": "2020-10-22 12:58:00", "subject": "0", "recorded-or-robo": "Y", "city": "Manassas", "state": "VA", "area-code": "703"}, {"id": "e81c9350d54f66c6d33b3747ee6cd0f9", "number": "7277669973", "date": "2021-01-20 16:00:00", "subject": "5", "recorded-or-robo": "Y", "city": "Clearwater", "state": "FL", "area-code": "727"}, {"id": "e81c9350d54f66c6d33b3747ee6cccc3", "number": "9258235240", "date": "2021-01-22 11:07:00", "subject": "4", "recorded-or-robo": "Y", "city": "BURBANK", "state": "CA", "area-code": "818"}, {"id": "1d36742e3f24f50e4e7ae8280101a403", "number": "7277669973", "date": "2021-01-20 16:00:00", "subject": "5", "recorded-or-robo": "Y", "city": "Clearwater", "state": "FL", "area-code": "727"}, {"id": "1d36742e3f24f50e4e7ae8280101a287", "number": "9258235240", "date": "2021-01-22 11:07:00", "subject": "4", "recorded-or-robo": "Y", "city": "BURBANK", "state": "CA", "area-code": "818"}, {"id": "e81c9350d54f66c6d33b3747ee6cc814", "number": "7027033973", "date": "2021-01-22 15:29:00", "subject": "0", "recorded-or-robo": "", "city": "", "state": "CA", "area-code": "714"}, {"id": "1d36742e3f24f50e4e7ae82801019341", "number": "7027033973", "date": "2021-01-22 15:29:00", "subject": "0", "recorded-or-robo": "", "city": "", "state": "CA", "area-code": "714"}, {"id": "e81c9350d54f66c6d33b3747ee6cb9bc", "number": "3159360733", "date": "2021-01-20 16:01:00", "subject": "3", "recorded-or-robo": "Y", "city": "Philadelphia", "state": "NY", "area-code": "315"}, {"id": "e81c9350d54f66c6d33b3747ee6ca9f9", "number": "8142610735", "date": "2021-01-22 17:27:00", "subject": "2", "recorded-or-robo": "Y", "city": "", "state": "PA", "area-code": "724"}, {"id": "1d36742e3f24f50e4e7ae828010190a2", "number": "3159360733", "date": "2021-01-20 16:01:00", "subject": "3", "recorded-or-robo": "Y", "city": "Philadelphia", "state": "NY", "area-code": "315"}, {"id": "1d36742e3f24f50e4e7ae82801018d7d", "number": "8142610735", "date": "2021-01-22 17:27:00", "subject": "2", "recorded-or-robo": "Y", "city": "", "state": "PA", "area-code": "724"}, {"id": "e81c9350d54f66c6d33b3747ee6ca852", "number": "8146746330", "date": "2021-01-22 16:48:00", "subject": "0", "recorded-or-robo": "", "city": "Erie", "state": "PA", "area-code": "814"}, {"id": "1d36742e3f24f50e4e7ae82801017e4a", "number": "8146746330", "date": "2021-01-22 16:48:00", "subject": "0", "recorded-or-robo": "", "city": "Erie", "state": "PA", "area-code": "814"}, {"id": "e81c9350d54f66c6d33b3747eea459ad", "number": "+18503316995", "date": "2021-01-22 19:24:14", "subject": "3", "recorded-or-robo": "Y", "city": "", "state": "FL", "area-code": "850"}, {"id": "1d36742e3f24f50e4e7ae82801394ae2", "number": "+18503316995", "date": "2021-01-22 19:24:14", "subject": "3", "recorded-or-robo": "Y", "city": "", "state": "FL", "area-code": "850"}, {"id": "e81c9350d54f66c6d33b3747ee6ca1aa", "number": "9104161842", "date": "2021-01-22 19:09:00", "subject": "2", "recorded-or-robo": "Y", "city": "", "state": "MD", "area-code": "410"}, {"id": "1d36742e3f24f50e4e7ae82801017149", "number": "9104161842", "date": "2021-01-22 19:09:00", "subject": "2", "recorded-or-robo": "Y", "city": "", "state": "MD", "area-code": "410"}, {"id": "e81c9350d54f66c6d33b3747eea4dbde", "number": "9143369688", "date": "2021-01-22 19:24:01", "subject": "3", "recorded-or-robo": "Y", "city": "", "state": "KS", "area-code": "913"}, {"id": "1d36742e3f24f50e4e7ae8280139acfc", "number": "9143369688", "date": "2021-01-22 19:24:01", "subject": "3", "recorded-or-robo": "Y", "city": "", "state": "KS", "area-code": "913"}, {"id": "e81c9350d54f66c6d33b3747ee6c9ca0", "number": "3168441713", "date": "2021-01-22 18:18:00", "subject": "2", "recorded-or-robo": "Y", "city": "Thompsontown", "state": "PA", "area-code": "717"}, {"id": "1d36742e3f24f50e4e7ae828010162a4", "number": "3168441713", "date": "2021-01-22 18:18:00", "subject": "2", "recorded-or-robo": "Y", "city": "Thompsontown", "state": "PA", "area-code": "717"}, {"id": "e81c9350d54f66c6d33b3747ee6c8fea", "number": "9205965139", "date": "2021-01-22 14:56:00", "subject": "2", "recorded-or-robo": "", "city": "Watertown", "state": "WI", "area-code": "920"}, {"id": "1d36742e3f24f50e4e7ae82801015ebd", "number": "9205965139", "date": "2021-01-22 14:56:00", "subject": "2", "recorded-or-robo": "", "city": "Watertown", "state": "WI", "area-code": "920"}, {"id": "e81c9350d54f66c6d33b3747ee6c885e", "number": "5167662519", "date": "2021-01-21 18:33:00", "subject": "3", "recorded-or-robo": "Y", "city": "", "state": "NY", "area-code": "516"}, {"id": "1d36742e3f24f50e4e7ae82801015583", "number": "5167662519", "date": "2021-01-21 18:33:00", "subject": "3", "recorded-or-robo": "Y", "city": "", "state": "NY", "area-code": "516"}, {"id": "e81c9350d54f66c6d33b3747ee6c81d1", "number": "4793917173", "date": "2020-12-22 13:34:00", "subject": "3", "recorded-or-robo": "Y", "city": "", "state": "AR", "area-code": "479"}]}