{"data": [{"id": "b6a8da8b80f26332ed085cca2de2a1f5", "number": "4195134484", "date": "2021-01-22 11:30:00", "subject": "1", "recorded-or-robo": "N", "city": "EUCLID", "state": "OH", "area-code": "216"}, {"id": "deca54a6651fb9add5b4a9816c7710a5", "number": "2312629640", "date": "2021-01-22 10:14:00", "subject": "0", "recorded-or-robo": "Y", "city": "Clarkston", "state": "MI", "area-code": "248"}, {"id": "b6a8da8b80f26332ed085cca2de289c1", "number": "2312629640", "date": "2021-01-22 10:14:00", "subject": "0", "recorded-or-robo": "Y", "city": "Clarkston", "state": "MI", "area-code": "248"}, {"id": "e81c9350d54f66c6d33b3747ee5b2dba", "number": "", "date": "2021-01-22 16:18:00", "subject": "3", "recorded-or-robo": "Y", "city": "", "state": "OH", "area-code": "419"}, {"id": "deca54a6651fb9add5b4a9816cf000d7", "number": "", "date": "2021-01-22 16:18:00", "subject": "3", "recorded-or-robo": "Y", "city": "", "state": "OH", "area-code": "419"}, {"id": "deca54a6651fb9add5b4a9816c7704a3", "number": "3342347414", "date": "2021-01-22 16:13:00", "subject": "4", "recorded-or-robo": "Y", "city": "Valley", "state": "AL", "area-code": "334"}, {"id": "b6a8da8b80f26332ed085cca2de28544", "number": "3342347414", "date": "2021-01-22 16:13:00", "subject": "4", "recorded-or-robo": "Y", "city": "Valley", "state": "AL", "area-code": "334"}, {"id": "deca54a6651fb9add5b4a9816c76f78b", "number": "8152879850", "date": "2021-01-22 14:48:00", "subject": "3", "recorded-or-robo": "", "city": "", "state": "IL", "area-code": "815"}, {"id": "b6a8da8b80f26332ed085cca2de277cc", "number": "8152879850", "date": "2021-01-22 14:48:00", "subject": "3", "recorded-or-robo": "", "city": "", "state": "IL", "area-code": "815"}, {"id": "deca54a6651fb9add5b4a9816c76ee78", "number": "6142828736", "date": "2021-01-22 15:55:00", "subject": "2", "recorded-or-robo": "Y", "city": "Pickerington", "state": "OH", "area-code": "614"}, {"id": "b6a8da8b80f26332ed085cca2de271fa", "number": "6142828736", "date": "2021-01-22 15:55:00", "subject": "2", "recorded-or-robo": "Y", "city": "Pickerington", "state": "OH", "area-code": "614"}, {"id": "deca54a6651fb9add5b4a9816c76e7ac", "number": "2567279737", "date": "2021-01-15 11:29:00", "subject": "2", "recorded-or-robo": "Y", "city": "Slatington", "state": "PA", "area-code": "610"}, {"id": "b6a8da8b80f26332ed085cca2de26e9b", "number": "2567279737", "date": "2021-01-15 11:29:00", "subject": "2", "recorded-or-robo": "Y", "city": "Slatington", "state": "PA", "area-code": "610"}, {"id": "deca54a6651fb9add5b4a9816c76de4a", "number": "3152328257", "date": "2021-01-21 18:30:00", "subject": "1", "recorded-or-robo": "Y", "city": "", "state": "MO", "area-code": "573"}, {"id": "b6a8da8b80f26332ed085cca2de265a9", "number": "3152328257", "date": "2021-01-21 18:30:00", "subject": "1", "recorded-or-robo": "Y", "city": "", "state": "MO", "area-code": "573"}, {"id": "deca54a6651fb9add5b4a9816c76d7be", "number": "7704854773", "date": "2021-01-21 15:50:00", "subject": "5", "recorded-or-robo": "Y", "city": "", "state": "TX", "area-code": "940"}, {"id": "b6a8da8b80f26332ed085cca2de26243", "number": "7704854773", "date": "2021-01-21 15:50:00", "subject": "5", "recorded-or-robo": "Y", "city": "", "state": "TX", "area-code": "940"}, {"id": "deca54a6651fb9add5b4a9816c76ce26", "number": "2567190529", "date": "2021-01-22 12:49:00", "subject": "4", "recorded-or-robo": "Y", "city": "Tuscumbia", "state": "AL", "area-code": "256"}, {"id": "deca54a6651fb9add5b4a9816c76cd96", "number": "9732412834", "date": "2021-01-22 16:14:00", "subject": "0", "recorded-or-robo": "N", "city": "", "state": "NJ", "area-code": "973"}, {"id": "b6a8da8b80f26332ed085cca2de2528f", "number": "2567190529", "date": "2021-01-22 12:49:00", "subject": "4", "recorded-or-robo": "Y", "city": "Tuscumbia", "state": "AL", "area-code": "256"}, {"id": "b6a8da8b80f26332ed085cca2de24a50", "number": "9732412834", "date": "2021-01-22 16:14:00", "subject": "0", "recorded-or-robo": "N", "city": "", "state": "NJ", "area-code": "973"}, {"id": "deca54a6651fb9add5b4a9816c76c118", "number": "2288328503", "date": "2021-01-22 14:19:00", "subject": "11", "recorded-or-robo": "Y", "city": "Gulfport", "state": "MS", "area-code": "228"}, {"id": "b6a8da8b80f26332ed085cca2de24573", "number": "2288328503", "date": "2021-01-22 14:19:00", "subject": "11", "recorded-or-robo": "Y", "city": "Gulfport", "state": "MS", "area-code": "228"}, {"id": "deca54a6651fb9add5b4a9816c76bb90", "number": "5416521195", "date": "2021-01-22 01:16:00", "subject": "4", "recorded-or-robo": "Y", "city": "Springfield", "state": "OR", "area-code": "541"}, {"id": "deca54a6651fb9add5b4a9816c76ac36", "number": "7167803357", "date": "2021-01-22 16:15:00", "subject": "4", "recorded-or-robo": "Y", "city": "Lockport", "state": "NY", "area-code": "716"}, {"id": "deca54a6651fb9add5b4a9816c76a80f", "number": "12117562000104", "date": "2021-01-21 17:56:00", "subject": "15", "recorded-or-robo": "Y", "city": "", "state": "NJ", "area-code": "973"}, {"id": "b6a8da8b80f26332ed085cca2de23965", "number": "5416521195", "date": "2021-01-22 01:16:00", "subject": "4", "recorded-or-robo": "Y", "city": "Springfield", "state": "OR", "area-code": "541"}, {"id": "b6a8da8b80f26332ed085cca2de2375c", "number": "7167803357", "date": "2021-01-22 16:15:00", "subject": "4", "recorded-or-robo": "Y", "city": "Lockport", "state": "NY", "area-code": "716"}, {"id": "b6a8da8b80f26332ed085cca2de23463", "number": "12117562000104", "date": "2021-01-21 17:56:00", "subject": "15", "recorded-or-robo": "Y", "city": "", "state": "NJ", "area-code": "973"}, {"id": "deca54a6651fb9add5b4a9816c769910", "number": "4806377165", "date": "2021-01-22 10:05:00", "subject": "2", "recorded-or-robo": "Y", "city": "Chandler", "state": "AZ", "area-code": "480"}, {"id": "deca54a6651fb9add5b4a9816c768fc9", "number": "8507574229", "date": "2021-01-20 10:01:00", "subject": "3", "recorded-or-robo": "Y", "city": "", "state": "FL", "area-code": "850"}, {"id": "deca54a6651fb9add5b4a9816c768e91", "number": "", "date": "2021-01-22 13:18:00", "subject": "2", "recorded-or-robo": "Y", "city": "", "state": "MI", "area-code": "231"}, {"id": "b6a8da8b80f26332ed085cca2de22a43", "number": "4806377165", "date": "2021-01-22 10:05:00", "subject": "2", "recorded-or-robo": "Y", "city": "Chandler", "state": "AZ", "area-code": "480"}, {"id": "b6a8da8b80f26332ed085cca2de221b6", "number": "8507574229", "date": "2021-01-20 10:01:00", "subject": "3", "recorded-or-robo": "Y", "city": "", "state": "FL", "area-code": "850"}, {"id": "b6a8da8b80f26332ed085cca2de2139a", "number": "", "date": "2021-01-22 13:18:00", "subject": "2", "recorded-or-robo": "Y", "city": "", "state": "MI", "area-code": "231"}, {"id": "e81c9350d54f66c6d33b3747ee4895b6", "number": "+13108075586", "date": "2021-01-22 16:20:47", "subject": "3", "recorded-or-robo": "Y", "city": "", "state": "CA", "area-code": "661"}, {"id": "deca54a6651fb9add5b4a9816cdd2d46", "number": "+13108075586", "date": "2021-01-22 16:20:47", "subject": "3", "recorded-or-robo": "Y", "city": "", "state": "CA", "area-code": "661"}, {"id": "deca54a6651fb9add5b4a9816c768421", "number": "6052525746", "date": "2021-01-22 16:00:00", "subject": "1", "recorded-or-robo": "Y", "city": "", "state": "MD", "area-code": "301"}, {"id": "b6a8da8b80f26332ed085cca2de210b8", "number": "6052525746", "date": "2021-01-22 16:00:00", "subject": "1", "recorded-or-robo": "Y", "city": "", "state": "MD", "area-code": "301"}, {"id": "deca54a6651fb9add5b4a9816c7679bd", "number": "2174380720", "date": "2021-01-22 08:06:00", "subject": "3", "recorded-or-robo": "N", "city": "Springfield", "state": "IL", "area-code": "217"}, {"id": "b6a8da8b80f26332ed085cca2de208df", "number": "2174380720", "date": "2021-01-22 08:06:00", "subject": "3", "recorded-or-robo": "N", "city": "Springfield", "state": "IL", "area-code": "217"}, {"id": "deca54a6651fb9add5b4a9816c767338", "number": "5735797529", "date": "2021-01-22 11:53:00", "subject": "11", "recorded-or-robo": "Y", "city": "", "state": "MO", "area-code": "573"}, {"id": "b6a8da8b80f26332ed085cca2de201e0", "number": "5735797529", "date": "2021-01-22 11:53:00", "subject": "11", "recorded-or-robo": "Y", "city": "", "state": "MO", "area-code": "573"}, {"id": "deca54a6651fb9add5b4a9816c767102", "number": "9314008142", "date": "2021-01-22 03:10:00", "subject": "11", "recorded-or-robo": "Y", "city": "Nolensville", "state": "TN", "area-code": "615"}, {"id": "b6a8da8b80f26332ed085cca2de1fb28", "number": "9314008142", "date": "2021-01-22 03:10:00", "subject": "11", "recorded-or-robo": "Y", "city": "Nolensville", "state": "TN", "area-code": "615"}, {"id": "deca54a6651fb9add5b4a9816c7669cf", "number": "2489575126", "date": "2021-01-22 16:17:00", "subject": "5", "recorded-or-robo": "Y", "city": "Novi", "state": "MI", "area-code": "248"}, {"id": "b6a8da8b80f26332ed085cca2de1f00c", "number": "2489575126", "date": "2021-01-22 16:17:00", "subject": "5", "recorded-or-robo": "Y", "city": "Novi", "state": "MI", "area-code": "248"}, {"id": "deca54a6651fb9add5b4a9816c76652d", "number": "6308830757", "date": "2021-01-22 00:00:00", "subject": "2", "recorded-or-robo": "Y", "city": "Irvine", "state": "CA", "area-code": "949"}, {"id": "b6a8da8b80f26332ed085cca2de1e62d", "number": "6308830757", "date": "2021-01-22 00:00:00", "subject": "2", "recorded-or-robo": "Y", "city": "Irvine", "state": "CA", "area-code": "949"}, {"id": "e81c9350d54f66c6d33b3747ee48bb19", "number": "+13108075586", "date": "2021-01-22 16:20:27", "subject": "3", "recorded-or-robo": "Y", "city": "", "state": "CA", "area-code": "661"}]}