{"data": [{"id": "b6a8da8b80f26332ed085cca2df565ea", "number": "", "date": "2021-01-22 15:56:00", "subject": "1", "recorded-or-robo": "Y", "city": "Sugar Hill", "state": "GA", "area-code": "678"}, {"id": "e81c9350d54f66c6d33b3747ee4cfd87", "number": "+16269005550", "date": "2021-01-22 16:48:00", "subject": "3", "recorded-or-robo": "Y", "city": "", "state": "CA", "area-code": "916"}, {"id": "deca54a6651fb9add5b4a9816ce1619f", "number": "+16269005550", "date": "2021-01-22 16:48:00", "subject": "3", "recorded-or-robo": "Y", "city": "", "state": "CA", "area-code": "916"}, {"id": "deca54a6651fb9add5b4a9816c8a3f36", "number": "6152082770", "date": "2021-01-22 16:39:00", "subject": "2", "recorded-or-robo": "N", "city": "fairdale", "state": "KY", "area-code": "502"}, {"id": "b6a8da8b80f26332ed085cca2df56355", "number": "6152082770", "date": "2021-01-22 16:39:00", "subject": "2", "recorded-or-robo": "N", "city": "fairdale", "state": "KY", "area-code": "502"}, {"id": "deca54a6651fb9add5b4a9816c8a2ead", "number": "3523636929", "date": "2021-01-22 16:41:00", "subject": "2", "recorded-or-robo": "Y", "city": "Live Oak", "state": "FL", "area-code": "386"}, {"id": "b6a8da8b80f26332ed085cca2df555ce", "number": "3523636929", "date": "2021-01-22 16:41:00", "subject": "2", "recorded-or-robo": "Y", "city": "Live Oak", "state": "FL", "area-code": "386"}, {"id": "deca54a6651fb9add5b4a9816c8a2acd", "number": "7179903656", "date": "2021-01-22 14:48:00", "subject": "0", "recorded-or-robo": "N", "city": "LANCASTER", "state": "PA", "area-code": "717"}, {"id": "b6a8da8b80f26332ed085cca2df55058", "number": "7179903656", "date": "2021-01-22 14:48:00", "subject": "0", "recorded-or-robo": "N", "city": "LANCASTER", "state": "PA", "area-code": "717"}, {"id": "deca54a6651fb9add5b4a9816c8a2043", "number": "5124984422", "date": "2021-01-22 15:30:00", "subject": "1", "recorded-or-robo": "Y", "city": "Austin", "state": "TX", "area-code": "512"}, {"id": "b6a8da8b80f26332ed085cca2df54874", "number": "5124984422", "date": "2021-01-22 15:30:00", "subject": "1", "recorded-or-robo": "Y", "city": "Austin", "state": "TX", "area-code": "512"}, {"id": "deca54a6651fb9add5b4a9816c8a1f4c", "number": "2543937594", "date": "2021-01-21 18:28:00", "subject": "2", "recorded-or-robo": "Y", "city": "", "state": "TX", "area-code": "832"}, {"id": "b6a8da8b80f26332ed085cca2df53c2f", "number": "2543937594", "date": "2021-01-21 18:28:00", "subject": "2", "recorded-or-robo": "Y", "city": "", "state": "TX", "area-code": "832"}, {"id": "e81c9350d54f66c6d33b3747ee4ca327", "number": "+19162503428", "date": "2021-01-22 16:47:41", "subject": "3", "recorded-or-robo": "Y", "city": "", "state": "CA", "area-code": "916"}, {"id": "deca54a6651fb9add5b4a9816ce0f5c6", "number": "+19162503428", "date": "2021-01-22 16:47:41", "subject": "3", "recorded-or-robo": "Y", "city": "", "state": "CA", "area-code": "916"}, {"id": "deca54a6651fb9add5b4a9816c8a1e0c", "number": "7709438099", "date": "2021-01-22 16:12:00", "subject": "2", "recorded-or-robo": "", "city": "", "state": "GA", "area-code": "770"}, {"id": "deca54a6651fb9add5b4a9816c8a11a1", "number": "8153958025", "date": "2021-01-22 15:26:00", "subject": "4", "recorded-or-robo": "Y", "city": "Chicago", "state": "IL", "area-code": "630"}, {"id": "b6a8da8b80f26332ed085cca2df537b1", "number": "7709438099", "date": "2021-01-22 16:12:00", "subject": "2", "recorded-or-robo": "", "city": "", "state": "GA", "area-code": "770"}, {"id": "b6a8da8b80f26332ed085cca2df536a7", "number": "8153958025", "date": "2021-01-22 15:26:00", "subject": "4", "recorded-or-robo": "Y", "city": "Chicago", "state": "IL", "area-code": "630"}, {"id": "deca54a6651fb9add5b4a9816c8a1191", "number": "2029181575", "date": "2021-01-22 11:16:00", "subject": "8", "recorded-or-robo": "Y", "city": "Clearwater Beach", "state": "FL", "area-code": "727"}, {"id": "deca54a6651fb9add5b4a9816c8a0b8c", "number": "9372104842", "date": "2021-01-22 14:36:00", "subject": "2", "recorded-or-robo": "Y", "city": "", "state": "OH", "area-code": "937"}, {"id": "b6a8da8b80f26332ed085cca2df527e8", "number": "2029181575", "date": "2021-01-22 11:16:00", "subject": "8", "recorded-or-robo": "Y", "city": "Clearwater Beach", "state": "FL", "area-code": "727"}, {"id": "b6a8da8b80f26332ed085cca2df51eb7", "number": "9372104842", "date": "2021-01-22 14:36:00", "subject": "2", "recorded-or-robo": "Y", "city": "", "state": "OH", "area-code": "937"}, {"id": "deca54a6651fb9add5b4a9816c8a0354", "number": "3019995290", "date": "2021-01-22 14:36:00", "subject": "0", "recorded-or-robo": "Y", "city": "Gaithersburg", "state": "MD", "area-code": "301"}, {"id": "b6a8da8b80f26332ed085cca2df51203", "number": "3019995290", "date": "2021-01-22 14:36:00", "subject": "0", "recorded-or-robo": "Y", "city": "Gaithersburg", "state": "MD", "area-code": "301"}, {"id": "deca54a6651fb9add5b4a9816c89f777", "number": "8183380129", "date": "2021-01-22 09:09:00", "subject": "2", "recorded-or-robo": "Y", "city": "Las Cruces", "state": "NM", "area-code": "575"}, {"id": "b6a8da8b80f26332ed085cca2df50faa", "number": "8183380129", "date": "2021-01-22 09:09:00", "subject": "2", "recorded-or-robo": "Y", "city": "Las Cruces", "state": "NM", "area-code": "575"}, {"id": "deca54a6651fb9add5b4a9816c89ea81", "number": "6516151622", "date": "2021-01-22 09:00:00", "subject": "0", "recorded-or-robo": "Y", "city": "", "state": "MN", "area-code": "651"}, {"id": "b6a8da8b80f26332ed085cca2df5093d", "number": "6516151622", "date": "2021-01-22 09:00:00", "subject": "0", "recorded-or-robo": "Y", "city": "", "state": "MN", "area-code": "651"}, {"id": "e81c9350d54f66c6d33b3747ee4cc594", "number": "+18477860792", "date": "2021-01-22 16:47:29", "subject": "3", "recorded-or-robo": "Y", "city": "", "state": "IL", "area-code": "847"}, {"id": "deca54a6651fb9add5b4a9816ce12c0f", "number": "+18477860792", "date": "2021-01-22 16:47:29", "subject": "3", "recorded-or-robo": "Y", "city": "", "state": "IL", "area-code": "847"}, {"id": "deca54a6651fb9add5b4a9816c89e853", "number": "4433473326", "date": "2021-01-22 12:35:00", "subject": "4", "recorded-or-robo": "Y", "city": "Lusby", "state": "MD", "area-code": "443"}, {"id": "b6a8da8b80f26332ed085cca2df4fd52", "number": "4433473326", "date": "2021-01-22 12:35:00", "subject": "4", "recorded-or-robo": "Y", "city": "Lusby", "state": "MD", "area-code": "443"}, {"id": "deca54a6651fb9add5b4a9816c89e620", "number": "6122354915", "date": "2021-01-22 14:23:00", "subject": "2", "recorded-or-robo": "Y", "city": "roseville", "state": "MN", "area-code": "612"}, {"id": "b6a8da8b80f26332ed085cca2df4ee9b", "number": "6122354915", "date": "2021-01-22 14:23:00", "subject": "2", "recorded-or-robo": "Y", "city": "roseville", "state": "MN", "area-code": "612"}, {"id": "deca54a6651fb9add5b4a9816c89e2d2", "number": "2076403146", "date": "2021-01-22 16:43:00", "subject": "2", "recorded-or-robo": "", "city": "", "state": "ME", "area-code": "207"}, {"id": "b6a8da8b80f26332ed085cca2df4edce", "number": "2076403146", "date": "2021-01-22 16:43:00", "subject": "2", "recorded-or-robo": "", "city": "", "state": "ME", "area-code": "207"}, {"id": "e81c9350d54f66c6d33b3747ee4c60ac", "number": "3103106987", "date": "2021-01-22 16:47:24", "subject": "3", "recorded-or-robo": "N", "city": "", "state": "TX", "area-code": "817"}, {"id": "deca54a6651fb9add5b4a9816ce0a476", "number": "3103106987", "date": "2021-01-22 16:47:24", "subject": "3", "recorded-or-robo": "N", "city": "", "state": "TX", "area-code": "817"}, {"id": "deca54a6651fb9add5b4a9816c89d967", "number": "4132594534", "date": "2021-01-22 16:44:00", "subject": "4", "recorded-or-robo": "Y", "city": "Charlemont", "state": "MA", "area-code": "413"}, {"id": "b6a8da8b80f26332ed085cca2df4e47b", "number": "4132594534", "date": "2021-01-22 16:44:00", "subject": "4", "recorded-or-robo": "Y", "city": "Charlemont", "state": "MA", "area-code": "413"}, {"id": "deca54a6651fb9add5b4a9816c89cdad", "number": "6146932737", "date": "2021-01-22 08:51:00", "subject": "4", "recorded-or-robo": "Y", "city": "hideout", "state": "OH", "area-code": "216"}, {"id": "b6a8da8b80f26332ed085cca2df4e470", "number": "6146932737", "date": "2021-01-22 08:51:00", "subject": "4", "recorded-or-robo": "Y", "city": "hideout", "state": "OH", "area-code": "216"}, {"id": "e81c9350d54f66c6d33b3747ee5b988d", "number": "5395389828", "date": "2021-01-22 11:44:00", "subject": "3", "recorded-or-robo": "N", "city": "", "state": "NC", "area-code": "336"}, {"id": "deca54a6651fb9add5b4a9816cf04ad1", "number": "5395389828", "date": "2021-01-22 11:44:00", "subject": "3", "recorded-or-robo": "N", "city": "", "state": "NC", "area-code": "336"}, {"id": "deca54a6651fb9add5b4a9816c89c03b", "number": "9094352195", "date": "2021-01-21 11:50:00", "subject": "2", "recorded-or-robo": "N", "city": "Plymouth", "state": "MN", "area-code": "763"}, {"id": "b6a8da8b80f26332ed085cca2df4dceb", "number": "9094352195", "date": "2021-01-21 11:50:00", "subject": "2", "recorded-or-robo": "N", "city": "Plymouth", "state": "MN", "area-code": "763"}, {"id": "e81c9350d54f66c6d33b3747ee4ce19f", "number": "+18043909132", "date": "2021-01-22 16:47:16", "subject": "3", "recorded-or-robo": "N", "city": "", "state": "VA", "area-code": "804"}, {"id": "deca54a6651fb9add5b4a9816ce14cd8", "number": "+18043909132", "date": "2021-01-22 16:47:16", "subject": "3", "recorded-or-robo": "N", "city": "", "state": "VA", "area-code": "804"}, {"id": "deca54a6651fb9add5b4a9816c89ba4e", "number": "3017208257", "date": "2021-01-22 14:31:00", "subject": "2", "recorded-or-robo": "Y", "city": "Gaithersburg", "state": "MD", "area-code": "301"}]}