{"data": [{"id": "deca54a6651fb9add5b4a9816cc4d2c9", "number": "9087819515", "date": "2021-01-22 15:21:00", "subject": "4", "recorded-or-robo": "Y", "city": "", "state": "NJ", "area-code": "201"}, {"id": "e81c9350d54f66c6d33b3747ee2fae00", "number": "2536457199", "date": "2021-01-22 15:20:00", "subject": "9", "recorded-or-robo": "Y", "city": "Sioux Falls", "state": "SD", "area-code": "253"}, {"id": "deca54a6651fb9add5b4a9816cc4caa5", "number": "2536457199", "date": "2021-01-22 15:20:00", "subject": "9", "recorded-or-robo": "Y", "city": "Sioux Falls", "state": "SD", "area-code": "253"}, {"id": "e81c9350d54f66c6d33b3747ee2fa7df", "number": "7604289207", "date": "2021-01-22 14:19:00", "subject": "2", "recorded-or-robo": "Y", "city": "Trabuco Canyon", "state": "CA", "area-code": "760"}, {"id": "deca54a6651fb9add5b4a9816cc4c037", "number": "7604289207", "date": "2021-01-22 14:19:00", "subject": "2", "recorded-or-robo": "Y", "city": "Trabuco Canyon", "state": "CA", "area-code": "760"}, {"id": "e81c9350d54f66c6d33b3747ee2f9c69", "number": "6163278899", "date": "2021-01-22 18:13:00", "subject": "6", "recorded-or-robo": "N", "city": "Grosse Pointe Farms", "state": "MI", "area-code": "313"}, {"id": "deca54a6651fb9add5b4a9816cc4bcd9", "number": "6163278899", "date": "2021-01-22 18:13:00", "subject": "6", "recorded-or-robo": "N", "city": "Grosse Pointe Farms", "state": "MI", "area-code": "313"}, {"id": "e81c9350d54f66c6d33b3747ee2f963b", "number": "8559483724", "date": "2021-01-22 15:08:00", "subject": "2", "recorded-or-robo": "N", "city": "Oroville", "state": "CA", "area-code": "530"}, {"id": "e81c9350d54f66c6d33b3747ee2f8851", "number": "3132644389", "date": "2021-01-22 19:10:00", "subject": "7", "recorded-or-robo": "Y", "city": "Dearborn", "state": "MI", "area-code": "313"}, {"id": "e81c9350d54f66c6d33b3747ee2f7a10", "number": "6786524838", "date": "2021-01-22 18:20:00", "subject": "3", "recorded-or-robo": "Y", "city": "", "state": "GA", "area-code": "912"}, {"id": "deca54a6651fb9add5b4a9816cc4b5ab", "number": "8559483724", "date": "2021-01-22 15:08:00", "subject": "2", "recorded-or-robo": "N", "city": "Oroville", "state": "CA", "area-code": "530"}, {"id": "deca54a6651fb9add5b4a9816cc4b2b9", "number": "3132644389", "date": "2021-01-22 19:10:00", "subject": "7", "recorded-or-robo": "Y", "city": "Dearborn", "state": "MI", "area-code": "313"}, {"id": "deca54a6651fb9add5b4a9816cc4a85f", "number": "6786524838", "date": "2021-01-22 18:20:00", "subject": "3", "recorded-or-robo": "Y", "city": "", "state": "GA", "area-code": "912"}, {"id": "e81c9350d54f66c6d33b3747ee2f767d", "number": "6095616706", "date": "2021-01-22 07:52:00", "subject": "3", "recorded-or-robo": "Y", "city": "", "state": "NJ", "area-code": "609"}, {"id": "deca54a6651fb9add5b4a9816cc4a37f", "number": "6095616706", "date": "2021-01-22 07:52:00", "subject": "3", "recorded-or-robo": "Y", "city": "", "state": "NJ", "area-code": "609"}, {"id": "e81c9350d54f66c6d33b3747ee2f6cc3", "number": "2106816876", "date": "2021-01-22 03:01:00", "subject": "5", "recorded-or-robo": "Y", "city": "San Antonio", "state": "TX", "area-code": "210"}, {"id": "deca54a6651fb9add5b4a9816cc497b6", "number": "2106816876", "date": "2021-01-22 03:01:00", "subject": "5", "recorded-or-robo": "Y", "city": "San Antonio", "state": "TX", "area-code": "210"}, {"id": "e81c9350d54f66c6d33b3747ee2f62ee", "number": "6033469727", "date": "2021-01-20 09:23:00", "subject": "3", "recorded-or-robo": "Y", "city": "", "state": "CA", "area-code": "310"}, {"id": "deca54a6651fb9add5b4a9816cc494b7", "number": "6033469727", "date": "2021-01-20 09:23:00", "subject": "3", "recorded-or-robo": "Y", "city": "", "state": "CA", "area-code": "310"}, {"id": "e81c9350d54f66c6d33b3747ee2f590b", "number": "", "date": "2021-01-22 13:00:00", "subject": "2", "recorded-or-robo": "Y", "city": "Nappanee", "state": "IN", "area-code": "574"}, {"id": "e81c9350d54f66c6d33b3747ee2f54db", "number": "5303625438", "date": "2021-01-22 16:34:00", "subject": "1", "recorded-or-robo": "Y", "city": "Saint Clair", "state": "MO", "area-code": "314"}, {"id": "e81c9350d54f66c6d33b3747ee2f4e28", "number": "", "date": "2021-01-22 00:00:00", "subject": "3", "recorded-or-robo": "Y", "city": "", "state": "CA", "area-code": "562"}, {"id": "deca54a6651fb9add5b4a9816cc493bd", "number": "", "date": "2021-01-22 13:00:00", "subject": "2", "recorded-or-robo": "Y", "city": "Nappanee", "state": "IN", "area-code": "574"}, {"id": "deca54a6651fb9add5b4a9816cc48801", "number": "5303625438", "date": "2021-01-22 16:34:00", "subject": "1", "recorded-or-robo": "Y", "city": "Saint Clair", "state": "MO", "area-code": "314"}, {"id": "deca54a6651fb9add5b4a9816cc4875e", "number": "", "date": "2021-01-22 00:00:00", "subject": "3", "recorded-or-robo": "Y", "city": "", "state": "CA", "area-code": "562"}, {"id": "e81c9350d54f66c6d33b3747ee5948a1", "number": "+18047942061", "date": "2021-01-22 18:22:12", "subject": "3", "recorded-or-robo": "Y", "city": "", "state": "VA", "area-code": "571"}, {"id": "deca54a6651fb9add5b4a9816cede5bb", "number": "+18047942061", "date": "2021-01-22 18:22:12", "subject": "3", "recorded-or-robo": "Y", "city": "", "state": "VA", "area-code": "571"}, {"id": "e81c9350d54f66c6d33b3747ee2f3e45", "number": "5129800358", "date": "2021-01-21 15:16:00", "subject": "2", "recorded-or-robo": "Y", "city": "austin", "state": "TX", "area-code": "512"}, {"id": "deca54a6651fb9add5b4a9816cc48396", "number": "5129800358", "date": "2021-01-21 15:16:00", "subject": "2", "recorded-or-robo": "Y", "city": "austin", "state": "TX", "area-code": "512"}, {"id": "e81c9350d54f66c6d33b3747ee2f3d9e", "number": "4344047649", "date": "2021-01-12 00:00:00", "subject": "0", "recorded-or-robo": "Y", "city": "Lewiston", "state": "ME", "area-code": "207"}, {"id": "deca54a6651fb9add5b4a9816cc4793e", "number": "4344047649", "date": "2021-01-12 00:00:00", "subject": "0", "recorded-or-robo": "Y", "city": "Lewiston", "state": "ME", "area-code": "207"}, {"id": "e81c9350d54f66c6d33b3747ee2f2fe9", "number": "7602888380", "date": "2021-01-22 00:00:00", "subject": "3", "recorded-or-robo": "", "city": "", "state": "CA", "area-code": "760"}, {"id": "deca54a6651fb9add5b4a9816cc47416", "number": "7602888380", "date": "2021-01-22 00:00:00", "subject": "3", "recorded-or-robo": "", "city": "", "state": "CA", "area-code": "760"}, {"id": "e81c9350d54f66c6d33b3747ee2f2b4e", "number": "4048494332", "date": "2021-01-22 03:21:00", "subject": "5", "recorded-or-robo": "Y", "city": "Vancouver", "state": "WA", "area-code": "360"}, {"id": "deca54a6651fb9add5b4a9816cc46aca", "number": "4048494332", "date": "2021-01-22 03:21:00", "subject": "5", "recorded-or-robo": "Y", "city": "Vancouver", "state": "WA", "area-code": "360"}, {"id": "e81c9350d54f66c6d33b3747ee2ede5c", "number": "5206968990", "date": "2021-01-22 14:36:00", "subject": "3", "recorded-or-robo": "N", "city": "", "state": "AZ", "area-code": "520"}, {"id": "deca54a6651fb9add5b4a9816cc40a6d", "number": "5206968990", "date": "2021-01-22 14:36:00", "subject": "3", "recorded-or-robo": "N", "city": "", "state": "AZ", "area-code": "520"}, {"id": "e81c9350d54f66c6d33b3747ee58ce1f", "number": "+15513075475", "date": "2021-01-22 18:21:42", "subject": "3", "recorded-or-robo": "Y", "city": "", "state": "NJ", "area-code": "732"}, {"id": "deca54a6651fb9add5b4a9816ced0d08", "number": "+15513075475", "date": "2021-01-22 18:21:42", "subject": "3", "recorded-or-robo": "Y", "city": "", "state": "NJ", "area-code": "732"}, {"id": "e81c9350d54f66c6d33b3747ee589f12", "number": "4059444236", "date": "2021-01-22 18:21:38", "subject": "3", "recorded-or-robo": "Y", "city": "", "state": "OK", "area-code": "405"}, {"id": "e81c9350d54f66c6d33b3747ee2f2553", "number": "3108205510", "date": "2021-01-20 13:19:00", "subject": "3", "recorded-or-robo": "Y", "city": "", "state": "CA", "area-code": "310"}, {"id": "deca54a6651fb9add5b4a9816ceceea1", "number": "4059444236", "date": "2021-01-22 18:21:38", "subject": "3", "recorded-or-robo": "Y", "city": "", "state": "OK", "area-code": "405"}, {"id": "deca54a6651fb9add5b4a9816cc46122", "number": "3108205510", "date": "2021-01-20 13:19:00", "subject": "3", "recorded-or-robo": "Y", "city": "", "state": "CA", "area-code": "310"}, {"id": "e81c9350d54f66c6d33b3747ee5879b5", "number": "+14695643427", "date": "2021-01-22 18:21:37", "subject": "3", "recorded-or-robo": "Y", "city": "", "state": "AZ", "area-code": "480"}, {"id": "deca54a6651fb9add5b4a9816cecd317", "number": "+14695643427", "date": "2021-01-22 18:21:37", "subject": "3", "recorded-or-robo": "Y", "city": "", "state": "AZ", "area-code": "480"}, {"id": "e81c9350d54f66c6d33b3747ee2f1be5", "number": "4086503123", "date": "2021-01-19 13:46:00", "subject": "2", "recorded-or-robo": "Y", "city": "Vista", "state": "CA", "area-code": "760"}, {"id": "e81c9350d54f66c6d33b3747ee2f0c96", "number": "8102028972", "date": "2021-01-22 18:09:00", "subject": "4", "recorded-or-robo": "Y", "city": "", "state": "MI", "area-code": "586"}, {"id": "deca54a6651fb9add5b4a9816cc457fd", "number": "4086503123", "date": "2021-01-19 13:46:00", "subject": "2", "recorded-or-robo": "Y", "city": "Vista", "state": "CA", "area-code": "760"}, {"id": "deca54a6651fb9add5b4a9816cc4520b", "number": "8102028972", "date": "2021-01-22 18:09:00", "subject": "4", "recorded-or-robo": "Y", "city": "", "state": "MI", "area-code": "586"}, {"id": "e81c9350d54f66c6d33b3747ee590200", "number": "7342052421", "date": "2021-01-22 18:21:30", "subject": "3", "recorded-or-robo": "Y", "city": "", "state": "TX", "area-code": "210"}]}