{"data": [{"id": "e81c9350d54f66c6d33b3747ee065ac9", "number": "6504566180", "date": "2021-01-22 14:11:00", "subject": "5", "recorded-or-robo": "Y", "city": "", "state": "CA", "area-code": "650"}, {"id": "deca54a6651fb9add5b4a9816c9b5803", "number": "2192902474", "date": "2021-01-22 03:39:00", "subject": "2", "recorded-or-robo": "Y", "city": "", "state": "TX", "area-code": "281"}, {"id": "deca54a6651fb9add5b4a9816c9b57e5", "number": "6504566180", "date": "2021-01-22 14:11:00", "subject": "5", "recorded-or-robo": "Y", "city": "", "state": "CA", "area-code": "650"}, {"id": "e81c9350d54f66c6d33b3747ee06529a", "number": "2133366238", "date": "2021-01-22 11:23:00", "subject": "4", "recorded-or-robo": "Y", "city": "Corona", "state": "CA", "area-code": "714"}, {"id": "e81c9350d54f66c6d33b3747ee064f50", "number": "9514338184", "date": "2021-01-22 14:00:00", "subject": "1", "recorded-or-robo": "N", "city": "modesto", "state": "CA", "area-code": "408"}, {"id": "deca54a6651fb9add5b4a9816c9b4b7d", "number": "2133366238", "date": "2021-01-22 11:23:00", "subject": "4", "recorded-or-robo": "Y", "city": "Corona", "state": "CA", "area-code": "714"}, {"id": "deca54a6651fb9add5b4a9816c9b3faa", "number": "9514338184", "date": "2021-01-22 14:00:00", "subject": "1", "recorded-or-robo": "N", "city": "modesto", "state": "CA", "area-code": "408"}, {"id": "e81c9350d54f66c6d33b3747ee0640fd", "number": "3152635313", "date": "2021-01-22 13:47:00", "subject": "0", "recorded-or-robo": "Y", "city": "DE KALB JUNCTION", "state": "NY", "area-code": "315"}, {"id": "deca54a6651fb9add5b4a9816c9b379f", "number": "3152635313", "date": "2021-01-22 13:47:00", "subject": "0", "recorded-or-robo": "Y", "city": "DE KALB JUNCTION", "state": "NY", "area-code": "315"}, {"id": "e81c9350d54f66c6d33b3747ee063fc5", "number": "8004300848", "date": "2021-01-22 17:05:00", "subject": "1", "recorded-or-robo": "Y", "city": "", "state": "FL", "area-code": "954"}, {"id": "deca54a6651fb9add5b4a9816c9b2a84", "number": "8004300848", "date": "2021-01-22 17:05:00", "subject": "1", "recorded-or-robo": "Y", "city": "", "state": "FL", "area-code": "954"}, {"id": "e81c9350d54f66c6d33b3747ee063a40", "number": "4102204897", "date": "2021-01-20 11:45:00", "subject": "4", "recorded-or-robo": "Y", "city": "", "state": "MD", "area-code": "410"}, {"id": "e81c9350d54f66c6d33b3747ee0635a1", "number": "9132038564", "date": "2021-01-22 11:40:00", "subject": "9", "recorded-or-robo": "N", "city": "ALPINE", "state": "UT", "area-code": "801"}, {"id": "deca54a6651fb9add5b4a9816c9b1f89", "number": "4102204897", "date": "2021-01-20 11:45:00", "subject": "4", "recorded-or-robo": "Y", "city": "", "state": "MD", "area-code": "410"}, {"id": "deca54a6651fb9add5b4a9816c9b15f5", "number": "9132038564", "date": "2021-01-22 11:40:00", "subject": "9", "recorded-or-robo": "N", "city": "ALPINE", "state": "UT", "area-code": "801"}, {"id": "e81c9350d54f66c6d33b3747ee062d73", "number": "8472981457", "date": "2021-01-22 16:08:00", "subject": "4", "recorded-or-robo": "Y", "city": "", "state": "IL", "area-code": "630"}, {"id": "e81c9350d54f66c6d33b3747ee0620a2", "number": "9166591767", "date": "2021-01-22 13:23:00", "subject": "2", "recorded-or-robo": "Y", "city": "Sacramento", "state": "CA", "area-code": "916"}, {"id": "deca54a6651fb9add5b4a9816c9b0e62", "number": "8472981457", "date": "2021-01-22 16:08:00", "subject": "4", "recorded-or-robo": "Y", "city": "", "state": "IL", "area-code": "630"}, {"id": "deca54a6651fb9add5b4a9816c9b026b", "number": "9166591767", "date": "2021-01-22 13:23:00", "subject": "2", "recorded-or-robo": "Y", "city": "Sacramento", "state": "CA", "area-code": "916"}, {"id": "e81c9350d54f66c6d33b3747ee06156f", "number": "3202082316", "date": "2021-01-22 11:03:00", "subject": "0", "recorded-or-robo": "Y", "city": "", "state": "MN", "area-code": "320"}, {"id": "deca54a6651fb9add5b4a9816c9afcb3", "number": "3202082316", "date": "2021-01-22 11:03:00", "subject": "0", "recorded-or-robo": "Y", "city": "", "state": "MN", "area-code": "320"}, {"id": "e81c9350d54f66c6d33b3747ee060fad", "number": "4342074087", "date": "2021-01-22 12:54:00", "subject": "0", "recorded-or-robo": "Y", "city": "Danville,", "state": "VA", "area-code": "434"}, {"id": "deca54a6651fb9add5b4a9816c9af825", "number": "4342074087", "date": "2021-01-22 12:54:00", "subject": "0", "recorded-or-robo": "Y", "city": "Danville,", "state": "VA", "area-code": "434"}, {"id": "e81c9350d54f66c6d33b3747ee5c16d5", "number": "3019692076", "date": "2021-01-22 16:42:00", "subject": "3", "recorded-or-robo": "N", "city": "", "state": "NC", "area-code": "336"}, {"id": "deca54a6651fb9add5b4a9816cf0e7e2", "number": "3019692076", "date": "2021-01-22 16:42:00", "subject": "3", "recorded-or-robo": "N", "city": "", "state": "NC", "area-code": "336"}, {"id": "e81c9350d54f66c6d33b3747ee06073c", "number": "3143569264", "date": "2021-01-22 14:10:00", "subject": "1", "recorded-or-robo": "Y", "city": "", "state": "CA", "area-code": "714"}, {"id": "deca54a6651fb9add5b4a9816c9af18b", "number": "3143569264", "date": "2021-01-22 14:10:00", "subject": "1", "recorded-or-robo": "Y", "city": "", "state": "CA", "area-code": "714"}, {"id": "e81c9350d54f66c6d33b3747ee0603b7", "number": "9318528375", "date": "2021-01-22 15:44:00", "subject": "2", "recorded-or-robo": "", "city": "Leoma", "state": "TN", "area-code": "931"}, {"id": "deca54a6651fb9add5b4a9816c9ae895", "number": "9318528375", "date": "2021-01-22 15:44:00", "subject": "2", "recorded-or-robo": "", "city": "Leoma", "state": "TN", "area-code": "931"}, {"id": "e81c9350d54f66c6d33b3747ee50a8d8", "number": "4046136890", "date": "2021-01-22 17:12:33", "subject": "3", "recorded-or-robo": "Y", "city": "", "state": "GA", "area-code": "706"}, {"id": "deca54a6651fb9add5b4a9816ce4f0fc", "number": "4046136890", "date": "2021-01-22 17:12:33", "subject": "3", "recorded-or-robo": "Y", "city": "", "state": "GA", "area-code": "706"}, {"id": "e81c9350d54f66c6d33b3747ee05fb7d", "number": "6105923087", "date": "2021-01-22 12:08:00", "subject": "2", "recorded-or-robo": "N", "city": "Easton", "state": "PA", "area-code": "484"}, {"id": "deca54a6651fb9add5b4a9816c9ae34c", "number": "6105923087", "date": "2021-01-22 12:08:00", "subject": "2", "recorded-or-robo": "N", "city": "Easton", "state": "PA", "area-code": "484"}, {"id": "e81c9350d54f66c6d33b3747ee50226a", "number": "4046136890", "date": "2021-01-22 17:12:31", "subject": "3", "recorded-or-robo": "Y", "city": "", "state": "GA", "area-code": "706"}, {"id": "e81c9350d54f66c6d33b3747ee05ecce", "number": "2393291326", "date": "2021-01-11 09:04:00", "subject": "2", "recorded-or-robo": "Y", "city": "Las Vegas", "state": "FL", "area-code": "239"}, {"id": "deca54a6651fb9add5b4a9816ce4a038", "number": "4046136890", "date": "2021-01-22 17:12:31", "subject": "3", "recorded-or-robo": "Y", "city": "", "state": "GA", "area-code": "706"}, {"id": "deca54a6651fb9add5b4a9816c9ad702", "number": "2393291326", "date": "2021-01-11 09:04:00", "subject": "2", "recorded-or-robo": "Y", "city": "Las Vegas", "state": "FL", "area-code": "239"}, {"id": "e81c9350d54f66c6d33b3747ee509242", "number": "4046136890", "date": "2021-01-22 17:12:30", "subject": "3", "recorded-or-robo": "Y", "city": "", "state": "GA", "area-code": "706"}, {"id": "deca54a6651fb9add5b4a9816ce4e6d6", "number": "4046136890", "date": "2021-01-22 17:12:30", "subject": "3", "recorded-or-robo": "Y", "city": "", "state": "GA", "area-code": "706"}, {"id": "e81c9350d54f66c6d33b3747ee500fc4", "number": "4046136890", "date": "2021-01-22 17:12:29", "subject": "3", "recorded-or-robo": "Y", "city": "", "state": "GA", "area-code": "706"}, {"id": "e81c9350d54f66c6d33b3747ee05e9db", "number": "2892324292", "date": "2021-01-18 00:00:00", "subject": "3", "recorded-or-robo": "", "city": "HOUSTON", "state": "TX", "area-code": "281"}, {"id": "e81c9350d54f66c6d33b3747ee05e980", "number": "6195403324", "date": "2021-01-22 14:01:00", "subject": "1", "recorded-or-robo": "N", "city": "", "state": "CA", "area-code": "619"}, {"id": "deca54a6651fb9add5b4a9816ce48e18", "number": "4046136890", "date": "2021-01-22 17:12:29", "subject": "3", "recorded-or-robo": "Y", "city": "", "state": "GA", "area-code": "706"}, {"id": "deca54a6651fb9add5b4a9816c9ad3d2", "number": "2892324292", "date": "2021-01-18 00:00:00", "subject": "3", "recorded-or-robo": "", "city": "HOUSTON", "state": "TX", "area-code": "281"}, {"id": "deca54a6651fb9add5b4a9816c9ac920", "number": "6195403324", "date": "2021-01-22 14:01:00", "subject": "1", "recorded-or-robo": "N", "city": "", "state": "CA", "area-code": "619"}, {"id": "e81c9350d54f66c6d33b3747ee05dd76", "number": "6367245655", "date": "2021-01-22 16:05:00", "subject": "2", "recorded-or-robo": "Y", "city": "SAINT CHARLES", "state": "MO", "area-code": "636"}, {"id": "deca54a6651fb9add5b4a9816c9ac08e", "number": "6367245655", "date": "2021-01-22 16:05:00", "subject": "2", "recorded-or-robo": "Y", "city": "SAINT CHARLES", "state": "MO", "area-code": "636"}, {"id": "e81c9350d54f66c6d33b3747ee05cf5d", "number": "7874602391", "date": "2021-01-22 14:42:00", "subject": "2", "recorded-or-robo": "N", "city": "Carolina", "state": "PR", "area-code": "787"}, {"id": "deca54a6651fb9add5b4a9816c9ab38b", "number": "7874602391", "date": "2021-01-22 14:42:00", "subject": "2", "recorded-or-robo": "N", "city": "Carolina", "state": "PR", "area-code": "787"}, {"id": "e81c9350d54f66c6d33b3747ee05cb19", "number": "", "date": "2021-01-22 14:10:00", "subject": "0", "recorded-or-robo": "N", "city": "Wrightwood", "state": "CA", "area-code": "760"}]}