{"data": [{"id": "deca54a6651fb9add5b4a9816c9ef2de", "number": "4109073786", "date": "2021-01-22 13:29:00", "subject": "3", "recorded-or-robo": "Y", "city": "", "state": "MD", "area-code": "410"}, {"id": "e81c9350d54f66c6d33b3747ee50d03a", "number": "7182445018", "date": "2021-01-22 17:18:43", "subject": "3", "recorded-or-robo": "Y", "city": "", "state": "TX", "area-code": "214"}, {"id": "deca54a6651fb9add5b4a9816ce51b09", "number": "7182445018", "date": "2021-01-22 17:18:43", "subject": "3", "recorded-or-robo": "Y", "city": "", "state": "TX", "area-code": "214"}, {"id": "e81c9350d54f66c6d33b3747ee5104ae", "number": "7182445018", "date": "2021-01-22 17:18:42", "subject": "3", "recorded-or-robo": "Y", "city": "", "state": "TX", "area-code": "214"}, {"id": "deca54a6651fb9add5b4a9816ce564b9", "number": "7182445018", "date": "2021-01-22 17:18:42", "subject": "3", "recorded-or-robo": "Y", "city": "", "state": "TX", "area-code": "214"}, {"id": "e81c9350d54f66c6d33b3747ee09f2d4", "number": "", "date": "2021-01-21 15:00:00", "subject": "2", "recorded-or-robo": "Y", "city": "Dorchester", "state": "MA", "area-code": "339"}, {"id": "deca54a6651fb9add5b4a9816c9edbcb", "number": "", "date": "2021-01-21 15:00:00", "subject": "2", "recorded-or-robo": "Y", "city": "Dorchester", "state": "MA", "area-code": "339"}, {"id": "e81c9350d54f66c6d33b3747ee09efa5", "number": "5413956216", "date": "2021-01-22 08:30:00", "subject": "0", "recorded-or-robo": "Y", "city": "Langlois", "state": "OR", "area-code": "541"}, {"id": "deca54a6651fb9add5b4a9816c9ed9ed", "number": "5413956216", "date": "2021-01-22 08:30:00", "subject": "0", "recorded-or-robo": "Y", "city": "Langlois", "state": "OR", "area-code": "541"}, {"id": "e81c9350d54f66c6d33b3747ee09e157", "number": "", "date": "2021-01-22 16:14:00", "subject": "2", "recorded-or-robo": "Y", "city": "Fairview", "state": "TN", "area-code": "615"}, {"id": "deca54a6651fb9add5b4a9816c9ecfdd", "number": "", "date": "2021-01-22 16:14:00", "subject": "2", "recorded-or-robo": "Y", "city": "Fairview", "state": "TN", "area-code": "615"}, {"id": "e81c9350d54f66c6d33b3747ee09e150", "number": "8042076365", "date": "2021-01-22 17:11:00", "subject": "2", "recorded-or-robo": "", "city": "", "state": "CT", "area-code": "203"}, {"id": "deca54a6651fb9add5b4a9816c9ec988", "number": "8042076365", "date": "2021-01-22 17:11:00", "subject": "2", "recorded-or-robo": "", "city": "", "state": "CT", "area-code": "203"}, {"id": "e81c9350d54f66c6d33b3747ee09d161", "number": "3158576076", "date": "2021-01-21 12:40:00", "subject": "0", "recorded-or-robo": "Y", "city": "DE KALB JUNCTION", "state": "NY", "area-code": "315"}, {"id": "deca54a6651fb9add5b4a9816c9ec5d6", "number": "3158576076", "date": "2021-01-21 12:40:00", "subject": "0", "recorded-or-robo": "Y", "city": "DE KALB JUNCTION", "state": "NY", "area-code": "315"}, {"id": "e81c9350d54f66c6d33b3747ee09ccd5", "number": "6147296082", "date": "2021-01-21 19:49:00", "subject": "0", "recorded-or-robo": "N", "city": "", "state": "PA", "area-code": "412"}, {"id": "deca54a6651fb9add5b4a9816c9ec537", "number": "6147296082", "date": "2021-01-21 19:49:00", "subject": "0", "recorded-or-robo": "N", "city": "", "state": "PA", "area-code": "412"}, {"id": "e81c9350d54f66c6d33b3747ee09c3ec", "number": "12215355500342", "date": "2021-01-22 11:33:00", "subject": "2", "recorded-or-robo": "", "city": "Ancorage", "state": "AK", "area-code": "907"}, {"id": "deca54a6651fb9add5b4a9816c9ebceb", "number": "12215355500342", "date": "2021-01-22 11:33:00", "subject": "2", "recorded-or-robo": "", "city": "Ancorage", "state": "AK", "area-code": "907"}, {"id": "e81c9350d54f66c6d33b3747ee512bae", "number": "8595455394", "date": "2021-01-22 17:18:16", "subject": "3", "recorded-or-robo": "Y", "city": "", "state": "FL", "area-code": "305"}, {"id": "deca54a6651fb9add5b4a9816ce594c9", "number": "8595455394", "date": "2021-01-22 17:18:16", "subject": "3", "recorded-or-robo": "Y", "city": "", "state": "FL", "area-code": "305"}, {"id": "e81c9350d54f66c6d33b3747ee09be56", "number": "5126461454", "date": "2021-01-22 16:11:00", "subject": "4", "recorded-or-robo": "Y", "city": "", "state": "TX", "area-code": "512"}, {"id": "deca54a6651fb9add5b4a9816c9ebc87", "number": "5126461454", "date": "2021-01-22 16:11:00", "subject": "4", "recorded-or-robo": "Y", "city": "", "state": "TX", "area-code": "512"}, {"id": "e81c9350d54f66c6d33b3747ee09b613", "number": "9543221710", "date": "2021-01-22 17:12:00", "subject": "2", "recorded-or-robo": "N", "city": "Ft. Lauderdale", "state": "FL", "area-code": "954"}, {"id": "e81c9350d54f66c6d33b3747ee09ae36", "number": "3237042271", "date": "2021-01-22 14:15:00", "subject": "2", "recorded-or-robo": "Y", "city": "", "state": "CA", "area-code": "951"}, {"id": "deca54a6651fb9add5b4a9816c9eb486", "number": "9543221710", "date": "2021-01-22 17:12:00", "subject": "2", "recorded-or-robo": "N", "city": "Ft. Lauderdale", "state": "FL", "area-code": "954"}, {"id": "deca54a6651fb9add5b4a9816c9eaefc", "number": "3237042271", "date": "2021-01-22 14:15:00", "subject": "2", "recorded-or-robo": "Y", "city": "", "state": "CA", "area-code": "951"}, {"id": "e81c9350d54f66c6d33b3747ee099fb0", "number": "8504300326", "date": "2021-01-22 16:15:00", "subject": "4", "recorded-or-robo": "Y", "city": "Panora", "state": "IA", "area-code": "727"}, {"id": "deca54a6651fb9add5b4a9816c9ea83b", "number": "8504300326", "date": "2021-01-22 16:15:00", "subject": "4", "recorded-or-robo": "Y", "city": "Panora", "state": "IA", "area-code": "727"}, {"id": "e81c9350d54f66c6d33b3747ee099d4b", "number": "2567945595", "date": "2021-01-22 12:39:00", "subject": "2", "recorded-or-robo": "N", "city": "", "state": "AL", "area-code": "256"}, {"id": "e81c9350d54f66c6d33b3747ee099398", "number": "4706812430", "date": "2021-01-22 14:25:00", "subject": "2", "recorded-or-robo": "Y", "city": "El Paso", "state": "TX", "area-code": "915"}, {"id": "e81c9350d54f66c6d33b3747ee09931c", "number": "6195817672", "date": "2021-01-22 14:12:00", "subject": "1", "recorded-or-robo": "Y", "city": "", "state": "CA", "area-code": "619"}, {"id": "deca54a6651fb9add5b4a9816c9e9e61", "number": "2567945595", "date": "2021-01-22 12:39:00", "subject": "2", "recorded-or-robo": "N", "city": "", "state": "AL", "area-code": "256"}, {"id": "deca54a6651fb9add5b4a9816c9e940a", "number": "4706812430", "date": "2021-01-22 14:25:00", "subject": "2", "recorded-or-robo": "Y", "city": "El Paso", "state": "TX", "area-code": "915"}, {"id": "deca54a6651fb9add5b4a9816c9e8a75", "number": "6195817672", "date": "2021-01-22 14:12:00", "subject": "1", "recorded-or-robo": "Y", "city": "", "state": "CA", "area-code": "619"}, {"id": "e81c9350d54f66c6d33b3747ee5140e6", "number": "+19258094234", "date": "2021-01-22 17:17:56", "subject": "3", "recorded-or-robo": "Y", "city": "", "state": "KY", "area-code": "502"}, {"id": "deca54a6651fb9add5b4a9816ce5a6fa", "number": "+19258094234", "date": "2021-01-22 17:17:56", "subject": "3", "recorded-or-robo": "Y", "city": "", "state": "KY", "area-code": "502"}, {"id": "e81c9350d54f66c6d33b3747ee0984e7", "number": "7736920890", "date": "2021-01-22 12:11:00", "subject": "0", "recorded-or-robo": "Y", "city": "Beaverton", "state": "OR", "area-code": "503"}, {"id": "e81c9350d54f66c6d33b3747ee09801b", "number": "2293792369", "date": "2021-01-22 17:17:00", "subject": "0", "recorded-or-robo": "Y", "city": "", "state": "GA", "area-code": "229"}, {"id": "deca54a6651fb9add5b4a9816c9e84aa", "number": "7736920890", "date": "2021-01-22 12:11:00", "subject": "0", "recorded-or-robo": "Y", "city": "Beaverton", "state": "OR", "area-code": "503"}, {"id": "deca54a6651fb9add5b4a9816c9e82be", "number": "2293792369", "date": "2021-01-22 17:17:00", "subject": "0", "recorded-or-robo": "Y", "city": "", "state": "GA", "area-code": "229"}, {"id": "e81c9350d54f66c6d33b3747ee0976cf", "number": "7324824806", "date": "2021-01-04 09:08:00", "subject": "2", "recorded-or-robo": "Y", "city": "Colorado Springs", "state": "CO", "area-code": "719"}, {"id": "deca54a6651fb9add5b4a9816c9e76c7", "number": "7324824806", "date": "2021-01-04 09:08:00", "subject": "2", "recorded-or-robo": "Y", "city": "Colorado Springs", "state": "CO", "area-code": "719"}, {"id": "e81c9350d54f66c6d33b3747ee0966e2", "number": "9472075968", "date": "2021-01-21 14:04:00", "subject": "6", "recorded-or-robo": "N", "city": "", "state": "MI", "area-code": "313"}, {"id": "deca54a6651fb9add5b4a9816c9e6a9b", "number": "9472075968", "date": "2021-01-21 14:04:00", "subject": "6", "recorded-or-robo": "N", "city": "", "state": "MI", "area-code": "313"}, {"id": "e81c9350d54f66c6d33b3747ee0959d8", "number": "7866883553", "date": "2021-01-22 09:03:00", "subject": "2", "recorded-or-robo": "N", "city": "", "state": "TX", "area-code": "281"}, {"id": "deca54a6651fb9add5b4a9816c9e6748", "number": "7866883553", "date": "2021-01-22 09:03:00", "subject": "2", "recorded-or-robo": "N", "city": "", "state": "TX", "area-code": "281"}, {"id": "e81c9350d54f66c6d33b3747ee09529a", "number": "4122294375", "date": "2021-01-22 10:43:00", "subject": "6", "recorded-or-robo": "Y", "city": "Pittsburgh", "state": "PA", "area-code": "412"}, {"id": "e81c9350d54f66c6d33b3747ee092088", "number": "2317413774", "date": "2021-01-22 17:08:00", "subject": "3", "recorded-or-robo": "N", "city": "", "state": "MI", "area-code": "989"}, {"id": "deca54a6651fb9add5b4a9816c9e64e0", "number": "4122294375", "date": "2021-01-22 10:43:00", "subject": "6", "recorded-or-robo": "Y", "city": "Pittsburgh", "state": "PA", "area-code": "412"}]}