{"data": [{"id": "b6a8da8b80f26332ed085cca2df3a941", "number": "2076900149", "date": "2021-01-22 10:35:00", "subject": "0", "recorded-or-robo": "Y", "city": "", "state": "ME", "area-code": "207"}, {"id": "deca54a6651fb9add5b4a9816c885088", "number": "2674130572", "date": "2021-01-22 11:31:00", "subject": "2", "recorded-or-robo": "Y", "city": "Las Vegas", "state": "NV", "area-code": "702"}, {"id": "deca54a6651fb9add5b4a9816c88472e", "number": "6193194787", "date": "2021-01-22 13:41:00", "subject": "2", "recorded-or-robo": "Y", "city": "Coronado", "state": "CA", "area-code": "619"}, {"id": "b6a8da8b80f26332ed085cca2df3a8b9", "number": "2674130572", "date": "2021-01-22 11:31:00", "subject": "2", "recorded-or-robo": "Y", "city": "Las Vegas", "state": "NV", "area-code": "702"}, {"id": "b6a8da8b80f26332ed085cca2df39acd", "number": "6193194787", "date": "2021-01-22 13:41:00", "subject": "2", "recorded-or-robo": "Y", "city": "Coronado", "state": "CA", "area-code": "619"}, {"id": "e81c9350d54f66c6d33b3747ee4c8229", "number": "+13022685454", "date": "2021-01-22 16:45:37", "subject": "3", "recorded-or-robo": "Y", "city": "", "state": "DE", "area-code": "302"}, {"id": "deca54a6651fb9add5b4a9816ce0be48", "number": "+13022685454", "date": "2021-01-22 16:45:37", "subject": "3", "recorded-or-robo": "Y", "city": "", "state": "DE", "area-code": "302"}, {"id": "deca54a6651fb9add5b4a9816c8834cb", "number": "5083381418", "date": "2021-01-22 16:03:00", "subject": "2", "recorded-or-robo": "N", "city": "North Grafton", "state": "MA", "area-code": "508"}, {"id": "b6a8da8b80f26332ed085cca2df388ba", "number": "5083381418", "date": "2021-01-22 16:03:00", "subject": "2", "recorded-or-robo": "N", "city": "North Grafton", "state": "MA", "area-code": "508"}, {"id": "deca54a6651fb9add5b4a9816c882f01", "number": "4022435799", "date": "2021-01-22 11:23:00", "subject": "2", "recorded-or-robo": "Y", "city": "McKinney", "state": "TX", "area-code": "469"}, {"id": "deca54a6651fb9add5b4a9816c882675", "number": "9064900305", "date": "2021-01-04 13:38:00", "subject": "1", "recorded-or-robo": "Y", "city": "Gladstone", "state": "MI", "area-code": "906"}, {"id": "b6a8da8b80f26332ed085cca2df37d6f", "number": "4022435799", "date": "2021-01-22 11:23:00", "subject": "2", "recorded-or-robo": "Y", "city": "McKinney", "state": "TX", "area-code": "469"}, {"id": "b6a8da8b80f26332ed085cca2df37a44", "number": "9064900305", "date": "2021-01-04 13:38:00", "subject": "1", "recorded-or-robo": "Y", "city": "Gladstone", "state": "MI", "area-code": "906"}, {"id": "deca54a6651fb9add5b4a9816c8818ee", "number": "", "date": "2021-01-22 15:44:00", "subject": "1", "recorded-or-robo": "Y", "city": "Jackson", "state": "MN", "area-code": "507"}, {"id": "deca54a6651fb9add5b4a9816c8816f0", "number": "3048348236", "date": "2021-01-22 00:00:00", "subject": "3", "recorded-or-robo": "Y", "city": "PARKERSBURG", "state": "WV", "area-code": "304"}, {"id": "deca54a6651fb9add5b4a9816c880e37", "number": "3202147954", "date": "2021-01-22 14:18:00", "subject": "3", "recorded-or-robo": "Y", "city": "", "state": "MN", "area-code": "320"}, {"id": "deca54a6651fb9add5b4a9816c880592", "number": "3014907224", "date": "2021-01-22 15:52:00", "subject": "2", "recorded-or-robo": "Y", "city": "Gaithersburg", "state": "MD", "area-code": "301"}, {"id": "b6a8da8b80f26332ed085cca2df36e81", "number": "", "date": "2021-01-22 15:44:00", "subject": "1", "recorded-or-robo": "Y", "city": "Jackson", "state": "MN", "area-code": "507"}, {"id": "b6a8da8b80f26332ed085cca2df35f9f", "number": "3048348236", "date": "2021-01-22 00:00:00", "subject": "3", "recorded-or-robo": "Y", "city": "PARKERSBURG", "state": "WV", "area-code": "304"}, {"id": "b6a8da8b80f26332ed085cca2df35714", "number": "3202147954", "date": "2021-01-22 14:18:00", "subject": "3", "recorded-or-robo": "Y", "city": "", "state": "MN", "area-code": "320"}, {"id": "b6a8da8b80f26332ed085cca2df353bb", "number": "3014907224", "date": "2021-01-22 15:52:00", "subject": "2", "recorded-or-robo": "Y", "city": "Gaithersburg", "state": "MD", "area-code": "301"}, {"id": "deca54a6651fb9add5b4a9816c88042e", "number": "3146902354", "date": "2021-01-12 15:43:00", "subject": "2", "recorded-or-robo": "Y", "city": "", "state": "MO", "area-code": "314"}, {"id": "b6a8da8b80f26332ed085cca2df3528f", "number": "3146902354", "date": "2021-01-12 15:43:00", "subject": "2", "recorded-or-robo": "Y", "city": "", "state": "MO", "area-code": "314"}, {"id": "deca54a6651fb9add5b4a9816c87c93a", "number": "3047455914", "date": "2021-01-22 14:36:00", "subject": "3", "recorded-or-robo": "N", "city": "", "state": "WV", "area-code": "304"}, {"id": "b6a8da8b80f26332ed085cca2df2ff52", "number": "3047455914", "date": "2021-01-22 14:36:00", "subject": "3", "recorded-or-robo": "N", "city": "", "state": "WV", "area-code": "304"}, {"id": "deca54a6651fb9add5b4a9816c87fcfd", "number": "8563434410", "date": "2021-01-22 16:44:00", "subject": "2", "recorded-or-robo": "Y", "city": "", "state": "NJ", "area-code": "856"}, {"id": "b6a8da8b80f26332ed085cca2df34c96", "number": "8563434410", "date": "2021-01-22 16:44:00", "subject": "2", "recorded-or-robo": "Y", "city": "", "state": "NJ", "area-code": "856"}, {"id": "deca54a6651fb9add5b4a9816c87f0a0", "number": "7574623051", "date": "2021-01-22 09:51:00", "subject": "1", "recorded-or-robo": "Y", "city": "", "state": "VA", "area-code": "757"}, {"id": "deca54a6651fb9add5b4a9816c87ef13", "number": "3144402368", "date": "2021-01-22 15:38:00", "subject": "11", "recorded-or-robo": "Y", "city": "Saint Charles", "state": "MO", "area-code": "314"}, {"id": "b6a8da8b80f26332ed085cca2df34071", "number": "7574623051", "date": "2021-01-22 09:51:00", "subject": "1", "recorded-or-robo": "Y", "city": "", "state": "VA", "area-code": "757"}, {"id": "b6a8da8b80f26332ed085cca2df335aa", "number": "3144402368", "date": "2021-01-22 15:38:00", "subject": "11", "recorded-or-robo": "Y", "city": "Saint Charles", "state": "MO", "area-code": "314"}, {"id": "e81c9350d54f66c6d33b3747ee4cc890", "number": "+18133881207", "date": "2021-01-22 16:45:24", "subject": "3", "recorded-or-robo": "Y", "city": "", "state": "FL", "area-code": "813"}, {"id": "deca54a6651fb9add5b4a9816ce147ee", "number": "+18133881207", "date": "2021-01-22 16:45:24", "subject": "3", "recorded-or-robo": "Y", "city": "", "state": "FL", "area-code": "813"}, {"id": "deca54a6651fb9add5b4a9816c87e89c", "number": "8777675622", "date": "2021-01-19 12:05:00", "subject": "3", "recorded-or-robo": "Y", "city": "", "state": "MD", "area-code": "410"}, {"id": "deca54a6651fb9add5b4a9816c87df12", "number": "9785411760", "date": "2021-01-22 13:40:00", "subject": "2", "recorded-or-robo": "", "city": "Haverhill", "state": "MA", "area-code": "978"}, {"id": "b6a8da8b80f26332ed085cca2df33153", "number": "8777675622", "date": "2021-01-19 12:05:00", "subject": "3", "recorded-or-robo": "Y", "city": "", "state": "MD", "area-code": "410"}, {"id": "b6a8da8b80f26332ed085cca2df323cd", "number": "9785411760", "date": "2021-01-22 13:40:00", "subject": "2", "recorded-or-robo": "", "city": "Haverhill", "state": "MA", "area-code": "978"}, {"id": "deca54a6651fb9add5b4a9816c87dcd7", "number": "3612313020", "date": "2021-01-22 15:16:00", "subject": "3", "recorded-or-robo": "Y", "city": "", "state": "TX", "area-code": "361"}, {"id": "deca54a6651fb9add5b4a9816c87d547", "number": "4423343486", "date": "2021-01-22 13:23:00", "subject": "3", "recorded-or-robo": "Y", "city": "", "state": "CA", "area-code": "747"}, {"id": "b6a8da8b80f26332ed085cca2df322b5", "number": "3612313020", "date": "2021-01-22 15:16:00", "subject": "3", "recorded-or-robo": "Y", "city": "", "state": "TX", "area-code": "361"}, {"id": "b6a8da8b80f26332ed085cca2df316ea", "number": "4423343486", "date": "2021-01-22 13:23:00", "subject": "3", "recorded-or-robo": "Y", "city": "", "state": "CA", "area-code": "747"}, {"id": "deca54a6651fb9add5b4a9816c87d15f", "number": "7272268640", "date": "2021-01-22 16:40:00", "subject": "4", "recorded-or-robo": "Y", "city": "NEW PORT RICHEY", "state": "FL", "area-code": "727"}, {"id": "b6a8da8b80f26332ed085cca2df3072f", "number": "7272268640", "date": "2021-01-22 16:40:00", "subject": "4", "recorded-or-robo": "Y", "city": "NEW PORT RICHEY", "state": "FL", "area-code": "727"}, {"id": "deca54a6651fb9add5b4a9816c87cd70", "number": "9203682023", "date": "2021-01-22 15:41:00", "subject": "2", "recorded-or-robo": "Y", "city": "Kaukauna", "state": "WI", "area-code": "920"}, {"id": "deca54a6651fb9add5b4a9816c87c0f4", "number": "6513699046", "date": "2021-01-22 09:58:00", "subject": "2", "recorded-or-robo": "Y", "city": "Cottage Grove", "state": "MN", "area-code": "651"}, {"id": "b6a8da8b80f26332ed085cca2df3022c", "number": "9203682023", "date": "2021-01-22 15:41:00", "subject": "2", "recorded-or-robo": "Y", "city": "Kaukauna", "state": "WI", "area-code": "920"}, {"id": "b6a8da8b80f26332ed085cca2df2f453", "number": "6513699046", "date": "2021-01-22 09:58:00", "subject": "2", "recorded-or-robo": "Y", "city": "Cottage Grove", "state": "MN", "area-code": "651"}, {"id": "deca54a6651fb9add5b4a9816c87b4ce", "number": "7136507594", "date": "2021-01-22 10:56:00", "subject": "0", "recorded-or-robo": "N", "city": "Jacksonville", "state": "AL", "area-code": "256"}, {"id": "b6a8da8b80f26332ed085cca2df2ea8f", "number": "7136507594", "date": "2021-01-22 10:56:00", "subject": "0", "recorded-or-robo": "N", "city": "Jacksonville", "state": "AL", "area-code": "256"}, {"id": "deca54a6651fb9add5b4a9816c87a5a0", "number": "6466482594", "date": "2021-01-22 16:41:00", "subject": "5", "recorded-or-robo": "Y", "city": "West Hartford", "state": "CT", "area-code": "646"}]}