{"data": [{"id": "b6a8da8b80f26332ed085cca2de8f260", "number": "3217102827", "date": "2021-01-22 07:28:00", "subject": "2", "recorded-or-robo": "Y", "city": "Portland", "state": "FL", "area-code": "321"}, {"id": "deca54a6651fb9add5b4a9816c7de479", "number": "3036129350", "date": "2021-01-22 14:27:00", "subject": "4", "recorded-or-robo": "Y", "city": "Thornton", "state": "CO", "area-code": "303"}, {"id": "b6a8da8b80f26332ed085cca2de8e9eb", "number": "3036129350", "date": "2021-01-22 14:27:00", "subject": "4", "recorded-or-robo": "Y", "city": "Thornton", "state": "CO", "area-code": "303"}, {"id": "deca54a6651fb9add5b4a9816c7dd4aa", "number": "8479168027", "date": "2021-01-22 15:27:00", "subject": "12", "recorded-or-robo": "N", "city": "Arlington Heights", "state": "IL", "area-code": "847"}, {"id": "b6a8da8b80f26332ed085cca2de8da1e", "number": "8479168027", "date": "2021-01-22 15:27:00", "subject": "12", "recorded-or-robo": "N", "city": "Arlington Heights", "state": "IL", "area-code": "847"}, {"id": "e81c9350d54f66c6d33b3747ee49a72d", "number": "3525712602", "date": "2021-01-22 16:29:53", "subject": "3", "recorded-or-robo": "N", "city": "", "state": "FL", "area-code": "305"}, {"id": "deca54a6651fb9add5b4a9816cde387d", "number": "3525712602", "date": "2021-01-22 16:29:53", "subject": "3", "recorded-or-robo": "N", "city": "", "state": "FL", "area-code": "305"}, {"id": "deca54a6651fb9add5b4a9816c7dc846", "number": "8339142170", "date": "2021-01-22 08:00:00", "subject": "2", "recorded-or-robo": "Y", "city": "Kapolei", "state": "HI", "area-code": "833"}, {"id": "b6a8da8b80f26332ed085cca2de8d1f5", "number": "8339142170", "date": "2021-01-22 08:00:00", "subject": "2", "recorded-or-robo": "Y", "city": "Kapolei", "state": "HI", "area-code": "833"}, {"id": "deca54a6651fb9add5b4a9816c7dc0d4", "number": "9544321129", "date": "2021-01-22 16:02:00", "subject": "2", "recorded-or-robo": "N", "city": "Pembroke Pines", "state": "FL", "area-code": "954"}, {"id": "b6a8da8b80f26332ed085cca2de8ced4", "number": "9544321129", "date": "2021-01-22 16:02:00", "subject": "2", "recorded-or-robo": "N", "city": "Pembroke Pines", "state": "FL", "area-code": "954"}, {"id": "deca54a6651fb9add5b4a9816c7dbb7e", "number": "5713710574", "date": "2021-01-22 16:19:00", "subject": "2", "recorded-or-robo": "Y", "city": "Alexandria", "state": "VA", "area-code": "703"}, {"id": "b6a8da8b80f26332ed085cca2de8c3e1", "number": "5713710574", "date": "2021-01-22 16:19:00", "subject": "2", "recorded-or-robo": "Y", "city": "Alexandria", "state": "VA", "area-code": "703"}, {"id": "deca54a6651fb9add5b4a9816c7db3dd", "number": "9378237329", "date": "2021-01-22 16:28:00", "subject": "2", "recorded-or-robo": "N", "city": "Kettering", "state": "OH", "area-code": "937"}, {"id": "b6a8da8b80f26332ed085cca2de8b883", "number": "9378237329", "date": "2021-01-22 16:28:00", "subject": "2", "recorded-or-robo": "N", "city": "Kettering", "state": "OH", "area-code": "937"}, {"id": "e81c9350d54f66c6d33b3747ee49dafa", "number": "8633237858", "date": "2021-01-22 16:29:43", "subject": "3", "recorded-or-robo": "Y", "city": "", "state": "FL", "area-code": "305"}, {"id": "deca54a6651fb9add5b4a9816cde5b1b", "number": "8633237858", "date": "2021-01-22 16:29:43", "subject": "3", "recorded-or-robo": "Y", "city": "", "state": "FL", "area-code": "305"}, {"id": "deca54a6651fb9add5b4a9816c7db2ea", "number": "8449741793", "date": "2021-01-22 10:33:00", "subject": "1", "recorded-or-robo": "Y", "city": "Cedar Rapids", "state": "IA", "area-code": "319"}, {"id": "b6a8da8b80f26332ed085cca2de8b616", "number": "8449741793", "date": "2021-01-22 10:33:00", "subject": "1", "recorded-or-robo": "Y", "city": "Cedar Rapids", "state": "IA", "area-code": "319"}, {"id": "e81c9350d54f66c6d33b3747ee49e320", "number": "8603233604", "date": "2021-01-22 16:29:41", "subject": "3", "recorded-or-robo": "Y", "city": "", "state": "CT", "area-code": "860"}, {"id": "deca54a6651fb9add5b4a9816cde66bb", "number": "8603233604", "date": "2021-01-22 16:29:41", "subject": "3", "recorded-or-robo": "Y", "city": "", "state": "CT", "area-code": "860"}, {"id": "deca54a6651fb9add5b4a9816c7da55d", "number": "7255904936", "date": "2021-01-22 01:27:00", "subject": "4", "recorded-or-robo": "Y", "city": "", "state": "NV", "area-code": "702"}, {"id": "b6a8da8b80f26332ed085cca2de8aedc", "number": "7255904936", "date": "2021-01-22 01:27:00", "subject": "4", "recorded-or-robo": "Y", "city": "", "state": "NV", "area-code": "702"}, {"id": "deca54a6651fb9add5b4a9816c7d9b17", "number": "7637542886", "date": "2021-01-22 03:21:00", "subject": "2", "recorded-or-robo": "Y", "city": "Coon Rapids", "state": "MN", "area-code": "763"}, {"id": "b6a8da8b80f26332ed085cca2de8a22f", "number": "7637542886", "date": "2021-01-22 03:21:00", "subject": "2", "recorded-or-robo": "Y", "city": "Coon Rapids", "state": "MN", "area-code": "763"}, {"id": "deca54a6651fb9add5b4a9816c7d9438", "number": "2815624209", "date": "2021-01-20 07:40:00", "subject": "2", "recorded-or-robo": "Y", "city": "Phoenix", "state": "AZ", "area-code": "281"}, {"id": "b6a8da8b80f26332ed085cca2de895a3", "number": "2815624209", "date": "2021-01-20 07:40:00", "subject": "2", "recorded-or-robo": "Y", "city": "Phoenix", "state": "AZ", "area-code": "281"}, {"id": "deca54a6651fb9add5b4a9816c7d8a2b", "number": "7205913988", "date": "2021-01-21 00:00:00", "subject": "4", "recorded-or-robo": "Y", "city": "", "state": "PA", "area-code": "720"}, {"id": "b6a8da8b80f26332ed085cca2de8929b", "number": "7205913988", "date": "2021-01-21 00:00:00", "subject": "4", "recorded-or-robo": "Y", "city": "", "state": "PA", "area-code": "720"}, {"id": "deca54a6651fb9add5b4a9816c7d8964", "number": "6301043368", "date": "2021-01-22 03:26:00", "subject": "7", "recorded-or-robo": "Y", "city": "katy", "state": "IL", "area-code": "630"}, {"id": "b6a8da8b80f26332ed085cca2de884d9", "number": "6301043368", "date": "2021-01-22 03:26:00", "subject": "7", "recorded-or-robo": "Y", "city": "katy", "state": "IL", "area-code": "630"}, {"id": "deca54a6651fb9add5b4a9816c7d7d06", "number": "3174589744", "date": "2021-01-21 14:03:00", "subject": "2", "recorded-or-robo": "Y", "city": "Noblesville", "state": "IN", "area-code": "317"}, {"id": "b6a8da8b80f26332ed085cca2de87dc1", "number": "3174589744", "date": "2021-01-21 14:03:00", "subject": "2", "recorded-or-robo": "Y", "city": "Noblesville", "state": "IN", "area-code": "317"}, {"id": "deca54a6651fb9add5b4a9816c7d710f", "number": "9062614409", "date": "2021-01-19 14:19:00", "subject": "4", "recorded-or-robo": "Y", "city": "Gladstone", "state": "MI", "area-code": "906"}, {"id": "b6a8da8b80f26332ed085cca2de87387", "number": "9062614409", "date": "2021-01-19 14:19:00", "subject": "4", "recorded-or-robo": "Y", "city": "Gladstone", "state": "MI", "area-code": "906"}, {"id": "deca54a6651fb9add5b4a9816c7d6393", "number": "9205825024", "date": "2021-01-22 15:23:00", "subject": "5", "recorded-or-robo": "Y", "city": "", "state": "WI", "area-code": "920"}, {"id": "b6a8da8b80f26332ed085cca2de868bb", "number": "9205825024", "date": "2021-01-22 15:23:00", "subject": "5", "recorded-or-robo": "Y", "city": "", "state": "WI", "area-code": "920"}, {"id": "deca54a6651fb9add5b4a9816c7d59fd", "number": "7608062354", "date": "2021-01-22 14:22:00", "subject": "7", "recorded-or-robo": "Y", "city": "", "state": "CO", "area-code": "619"}, {"id": "b6a8da8b80f26332ed085cca2de85da0", "number": "7608062354", "date": "2021-01-22 14:22:00", "subject": "7", "recorded-or-robo": "Y", "city": "", "state": "CO", "area-code": "619"}, {"id": "deca54a6651fb9add5b4a9816c7d4f03", "number": "4072152900", "date": "2021-01-20 11:19:00", "subject": "2", "recorded-or-robo": "Y", "city": "Phoenix", "state": "AZ", "area-code": "281"}, {"id": "b6a8da8b80f26332ed085cca2de85639", "number": "4072152900", "date": "2021-01-20 11:19:00", "subject": "2", "recorded-or-robo": "Y", "city": "Phoenix", "state": "AZ", "area-code": "281"}, {"id": "e81c9350d54f66c6d33b3747ee497846", "number": "8643928599", "date": "2021-01-22 16:29:13", "subject": "3", "recorded-or-robo": "Y", "city": "", "state": "SC", "area-code": "864"}, {"id": "deca54a6651fb9add5b4a9816cddfa3e", "number": "8643928599", "date": "2021-01-22 16:29:13", "subject": "3", "recorded-or-robo": "Y", "city": "", "state": "SC", "area-code": "864"}, {"id": "deca54a6651fb9add5b4a9816c7d45b1", "number": "6157521907", "date": "2021-01-22 12:01:00", "subject": "11", "recorded-or-robo": "Y", "city": "Portland", "state": "FL", "area-code": "321"}, {"id": "b6a8da8b80f26332ed085cca2de84ada", "number": "6157521907", "date": "2021-01-22 12:01:00", "subject": "11", "recorded-or-robo": "Y", "city": "Portland", "state": "FL", "area-code": "321"}, {"id": "e81c9350d54f66c6d33b3747ee49dde8", "number": "+12149227100", "date": "2021-01-22 16:29:12", "subject": "3", "recorded-or-robo": "Y", "city": "", "state": "TX", "area-code": "915"}, {"id": "deca54a6651fb9add5b4a9816cde5dde", "number": "+12149227100", "date": "2021-01-22 16:29:12", "subject": "3", "recorded-or-robo": "Y", "city": "", "state": "TX", "area-code": "915"}, {"id": "deca54a6651fb9add5b4a9816c7d43f8", "number": "5633311865", "date": "2021-01-22 13:52:00", "subject": "2", "recorded-or-robo": "Y", "city": "Alexandria", "state": "VA", "area-code": "703"}, {"id": "b6a8da8b80f26332ed085cca2de8413f", "number": "5633311865", "date": "2021-01-22 13:52:00", "subject": "2", "recorded-or-robo": "Y", "city": "Alexandria", "state": "VA", "area-code": "703"}, {"id": "deca54a6651fb9add5b4a9816c7d3794", "number": "8502900136", "date": "2021-01-20 09:13:00", "subject": "3", "recorded-or-robo": "Y", "city": "", "state": "WI", "area-code": "262"}]}