{"data": [{"id": "e81c9350d54f66c6d33b3747ee028cfd", "number": "6163278904", "date": "2021-01-22 13:31:00", "subject": "0", "recorded-or-robo": "N", "city": "Sacramento", "state": "CA", "area-code": "616"}, {"id": "deca54a6651fb9add5b4a9816c97b945", "number": "9373023622", "date": "2021-01-22 16:55:00", "subject": "7", "recorded-or-robo": "Y", "city": "Dayton", "state": "OH", "area-code": "937"}, {"id": "deca54a6651fb9add5b4a9816c97ad83", "number": "6163278904", "date": "2021-01-22 13:31:00", "subject": "0", "recorded-or-robo": "N", "city": "Sacramento", "state": "CA", "area-code": "616"}, {"id": "e81c9350d54f66c6d33b3747ee0289e8", "number": "2407457080", "date": "2021-01-12 12:37:00", "subject": "2", "recorded-or-robo": "Y", "city": "Leonardtown", "state": "MD", "area-code": "240"}, {"id": "deca54a6651fb9add5b4a9816c979d9b", "number": "2407457080", "date": "2021-01-12 12:37:00", "subject": "2", "recorded-or-robo": "Y", "city": "Leonardtown", "state": "MD", "area-code": "240"}, {"id": "e81c9350d54f66c6d33b3747ee02770c", "number": "56713312407", "date": "2021-01-22 14:05:00", "subject": "3", "recorded-or-robo": "Y", "city": "Sylvanbia", "state": "OH", "area-code": "419"}, {"id": "deca54a6651fb9add5b4a9816c97834f", "number": "56713312407", "date": "2021-01-22 14:05:00", "subject": "3", "recorded-or-robo": "Y", "city": "Sylvanbia", "state": "OH", "area-code": "419"}, {"id": "e81c9350d54f66c6d33b3747ee026e22", "number": "8332297966", "date": "2021-01-21 17:54:00", "subject": "2", "recorded-or-robo": "Y", "city": "", "state": "FL", "area-code": "305"}, {"id": "deca54a6651fb9add5b4a9816c97773d", "number": "8332297966", "date": "2021-01-21 17:54:00", "subject": "2", "recorded-or-robo": "Y", "city": "", "state": "FL", "area-code": "305"}, {"id": "e81c9350d54f66c6d33b3747ee026c6a", "number": "5804822786", "date": "2021-01-22 16:53:00", "subject": "2", "recorded-or-robo": "Y", "city": "Farmville", "state": "VA", "area-code": "434"}, {"id": "deca54a6651fb9add5b4a9816c9772b1", "number": "5804822786", "date": "2021-01-22 16:53:00", "subject": "2", "recorded-or-robo": "Y", "city": "Farmville", "state": "VA", "area-code": "434"}, {"id": "e81c9350d54f66c6d33b3747ee026972", "number": "4323766428", "date": "2021-01-22 15:50:00", "subject": "2", "recorded-or-robo": "Y", "city": "Plano", "state": "TX", "area-code": "972"}, {"id": "deca54a6651fb9add5b4a9816c976606", "number": "4323766428", "date": "2021-01-22 15:50:00", "subject": "2", "recorded-or-robo": "Y", "city": "Plano", "state": "TX", "area-code": "972"}, {"id": "e81c9350d54f66c6d33b3747ee0267e2", "number": "", "date": "2021-01-22 02:06:00", "subject": "6", "recorded-or-robo": "Y", "city": "Las Vegas", "state": "NV", "area-code": "725"}, {"id": "deca54a6651fb9add5b4a9816c975c9e", "number": "", "date": "2021-01-22 02:06:00", "subject": "6", "recorded-or-robo": "Y", "city": "Las Vegas", "state": "NV", "area-code": "725"}, {"id": "e81c9350d54f66c6d33b3747ee025e52", "number": "3154004360", "date": "2021-01-22 00:00:00", "subject": "4", "recorded-or-robo": "Y", "city": "Camillus", "state": "NY", "area-code": "315"}, {"id": "e81c9350d54f66c6d33b3747ee024ff9", "number": "2082911404", "date": "2021-01-22 09:59:00", "subject": "4", "recorded-or-robo": "Y", "city": "GARDEN CITY", "state": "ID", "area-code": "208"}, {"id": "deca54a6651fb9add5b4a9816c974d7e", "number": "3154004360", "date": "2021-01-22 00:00:00", "subject": "4", "recorded-or-robo": "Y", "city": "Camillus", "state": "NY", "area-code": "315"}, {"id": "deca54a6651fb9add5b4a9816c974b51", "number": "2082911404", "date": "2021-01-22 09:59:00", "subject": "4", "recorded-or-robo": "Y", "city": "GARDEN CITY", "state": "ID", "area-code": "208"}, {"id": "e81c9350d54f66c6d33b3747ee024c86", "number": "4349599292", "date": "2021-01-21 10:36:00", "subject": "0", "recorded-or-robo": "Y", "city": "Danville,", "state": "VA", "area-code": "434"}, {"id": "deca54a6651fb9add5b4a9816c974578", "number": "4349599292", "date": "2021-01-21 10:36:00", "subject": "0", "recorded-or-robo": "Y", "city": "Danville,", "state": "VA", "area-code": "434"}, {"id": "e81c9350d54f66c6d33b3747ee0240e5", "number": "", "date": "2021-01-22 14:00:00", "subject": "6", "recorded-or-robo": "Y", "city": "Ocean Park", "state": "WA", "area-code": "360"}, {"id": "deca54a6651fb9add5b4a9816c973e0e", "number": "", "date": "2021-01-22 14:00:00", "subject": "6", "recorded-or-robo": "Y", "city": "Ocean Park", "state": "WA", "area-code": "360"}, {"id": "e81c9350d54f66c6d33b3747ee023c93", "number": "6619276443", "date": "2021-01-20 10:17:00", "subject": "0", "recorded-or-robo": "Y", "city": "Redlands", "state": "CA", "area-code": "951"}, {"id": "deca54a6651fb9add5b4a9816c972ed8", "number": "6619276443", "date": "2021-01-20 10:17:00", "subject": "0", "recorded-or-robo": "Y", "city": "Redlands", "state": "CA", "area-code": "951"}, {"id": "e81c9350d54f66c6d33b3747ee0232af", "number": "52864446", "date": "2021-01-22 14:00:00", "subject": "5", "recorded-or-robo": "Y", "city": "", "state": "NC", "area-code": "252"}, {"id": "deca54a6651fb9add5b4a9816c97237b", "number": "52864446", "date": "2021-01-22 14:00:00", "subject": "5", "recorded-or-robo": "Y", "city": "", "state": "NC", "area-code": "252"}, {"id": "e81c9350d54f66c6d33b3747ee02296b", "number": "6194895426", "date": "2021-01-22 15:16:00", "subject": "0", "recorded-or-robo": "Y", "city": "DALLAS", "state": "TX", "area-code": "214"}, {"id": "deca54a6651fb9add5b4a9816c972357", "number": "6194895426", "date": "2021-01-22 15:16:00", "subject": "0", "recorded-or-robo": "Y", "city": "DALLAS", "state": "TX", "area-code": "214"}, {"id": "e81c9350d54f66c6d33b3747ee021cfb", "number": "6094567927", "date": "2021-01-21 00:00:00", "subject": "1", "recorded-or-robo": "Y", "city": "", "state": "NJ", "area-code": "609"}, {"id": "deca54a6651fb9add5b4a9816c9715ae", "number": "6094567927", "date": "2021-01-21 00:00:00", "subject": "1", "recorded-or-robo": "Y", "city": "", "state": "NJ", "area-code": "609"}, {"id": "e81c9350d54f66c6d33b3747ee021cf6", "number": "", "date": "2021-01-22 00:00:00", "subject": "1", "recorded-or-robo": "N", "city": "Hog", "state": "NY", "area-code": "518"}, {"id": "deca54a6651fb9add5b4a9816c971174", "number": "", "date": "2021-01-22 00:00:00", "subject": "1", "recorded-or-robo": "N", "city": "Hog", "state": "NY", "area-code": "518"}, {"id": "e81c9350d54f66c6d33b3747ee021ccf", "number": "9096857862", "date": "2021-01-22 11:22:00", "subject": "5", "recorded-or-robo": "Y", "city": "", "state": "CA", "area-code": "714"}, {"id": "deca54a6651fb9add5b4a9816c9710c5", "number": "9096857862", "date": "2021-01-22 11:22:00", "subject": "5", "recorded-or-robo": "Y", "city": "", "state": "CA", "area-code": "714"}, {"id": "e81c9350d54f66c6d33b3747ee021359", "number": "7572457108", "date": "2021-01-22 16:18:00", "subject": "1", "recorded-or-robo": "Y", "city": "", "state": "VA", "area-code": "757"}, {"id": "deca54a6651fb9add5b4a9816c970289", "number": "7572457108", "date": "2021-01-22 16:18:00", "subject": "1", "recorded-or-robo": "Y", "city": "", "state": "VA", "area-code": "757"}, {"id": "e81c9350d54f66c6d33b3747ee020837", "number": "5022345786", "date": "2021-01-22 16:47:00", "subject": "3", "recorded-or-robo": "Y", "city": "", "state": "KY", "area-code": "502"}, {"id": "deca54a6651fb9add5b4a9816c96f935", "number": "5022345786", "date": "2021-01-22 16:47:00", "subject": "3", "recorded-or-robo": "Y", "city": "", "state": "KY", "area-code": "502"}, {"id": "e81c9350d54f66c6d33b3747ee01fac9", "number": "2403450011", "date": "2021-01-13 13:18:00", "subject": "2", "recorded-or-robo": "Y", "city": "Leonardtown", "state": "MD", "area-code": "240"}, {"id": "deca54a6651fb9add5b4a9816c96f2be", "number": "2403450011", "date": "2021-01-13 13:18:00", "subject": "2", "recorded-or-robo": "Y", "city": "Leonardtown", "state": "MD", "area-code": "240"}, {"id": "e81c9350d54f66c6d33b3747ee01eb72", "number": "8668614707", "date": "2021-01-22 15:49:00", "subject": "2", "recorded-or-robo": "Y", "city": "Fayetteville", "state": "NC", "area-code": "910"}, {"id": "deca54a6651fb9add5b4a9816c96ee89", "number": "8668614707", "date": "2021-01-22 15:49:00", "subject": "2", "recorded-or-robo": "Y", "city": "Fayetteville", "state": "NC", "area-code": "910"}, {"id": "e81c9350d54f66c6d33b3747ee015ebf", "number": "2562712894", "date": "2021-01-22 15:12:00", "subject": "3", "recorded-or-robo": "N", "city": "", "state": "IL", "area-code": "708"}, {"id": "deca54a6651fb9add5b4a9816c967993", "number": "2562712894", "date": "2021-01-22 15:12:00", "subject": "3", "recorded-or-robo": "N", "city": "", "state": "IL", "area-code": "708"}, {"id": "e81c9350d54f66c6d33b3747ee01e1d8", "number": "2052671930", "date": "2021-01-22 08:51:00", "subject": "0", "recorded-or-robo": "Y", "city": "Russellville", "state": "AL", "area-code": "256"}, {"id": "deca54a6651fb9add5b4a9816c96e20e", "number": "2052671930", "date": "2021-01-22 08:51:00", "subject": "0", "recorded-or-robo": "Y", "city": "Russellville", "state": "AL", "area-code": "256"}, {"id": "e81c9350d54f66c6d33b3747ee4fc65b", "number": "9102946714", "date": "2021-01-22 17:06:32", "subject": "3", "recorded-or-robo": "Y", "city": "", "state": "OH", "area-code": "216"}, {"id": "deca54a6651fb9add5b4a9816ce43e6c", "number": "9102946714", "date": "2021-01-22 17:06:32", "subject": "3", "recorded-or-robo": "Y", "city": "", "state": "OH", "area-code": "216"}, {"id": "e81c9350d54f66c6d33b3747ee01d38f", "number": "2762096800", "date": "2021-01-22 17:01:00", "subject": "0", "recorded-or-robo": "Y", "city": "", "state": "VA", "area-code": "703"}]}