{"data": [{"id": "1d36742e3f24f50e4e7ae828013c6d1c", "number": "+12156089071", "date": "2021-01-22 19:50:01", "subject": "3", "recorded-or-robo": "Y", "city": "", "state": "PA", "area-code": "215"}, {"id": "e81c9350d54f66c6d33b3747ee76bb5f", "number": "8636604536", "date": "2021-01-21 18:33:00", "subject": "2", "recorded-or-robo": "Y", "city": "Indianapolis", "state": "IN", "area-code": "317"}, {"id": "1d36742e3f24f50e4e7ae828010ba727", "number": "8636604536", "date": "2021-01-21 18:33:00", "subject": "2", "recorded-or-robo": "Y", "city": "Indianapolis", "state": "IN", "area-code": "317"}, {"id": "e81c9350d54f66c6d33b3747eea81014", "number": "+19542837759", "date": "2021-01-22 19:49:59", "subject": "3", "recorded-or-robo": "Y", "city": "", "state": "FL", "area-code": "954"}, {"id": "1d36742e3f24f50e4e7ae828013cf7a3", "number": "+19542837759", "date": "2021-01-22 19:49:59", "subject": "3", "recorded-or-robo": "Y", "city": "", "state": "FL", "area-code": "954"}, {"id": "e81c9350d54f66c6d33b3747eea7e57b", "number": "+17342452838", "date": "2021-01-22 19:49:44", "subject": "3", "recorded-or-robo": "Y", "city": "", "state": "PA", "area-code": "215"}, {"id": "1d36742e3f24f50e4e7ae828013cae68", "number": "+17342452838", "date": "2021-01-22 19:49:44", "subject": "3", "recorded-or-robo": "Y", "city": "", "state": "PA", "area-code": "215"}, {"id": "e81c9350d54f66c6d33b3747ee76b11e", "number": "3373248081", "date": "2021-01-21 10:36:00", "subject": "3", "recorded-or-robo": "", "city": "", "state": "MD", "area-code": "410"}, {"id": "1d36742e3f24f50e4e7ae828010ba49e", "number": "3373248081", "date": "2021-01-21 10:36:00", "subject": "3", "recorded-or-robo": "", "city": "", "state": "MD", "area-code": "410"}, {"id": "e81c9350d54f66c6d33b3747ee76aedc", "number": "4252154135", "date": "2021-01-21 14:44:00", "subject": "0", "recorded-or-robo": "", "city": "Southampton", "state": "MA", "area-code": "413"}, {"id": "1d36742e3f24f50e4e7ae828010b9a73", "number": "4252154135", "date": "2021-01-21 14:44:00", "subject": "0", "recorded-or-robo": "", "city": "Southampton", "state": "MA", "area-code": "413"}, {"id": "e81c9350d54f66c6d33b3747ee76ab80", "number": "8663586908", "date": "2021-01-17 14:55:00", "subject": "2", "recorded-or-robo": "Y", "city": "Medford", "state": "OR", "area-code": "541"}, {"id": "1d36742e3f24f50e4e7ae828010b91b5", "number": "8663586908", "date": "2021-01-17 14:55:00", "subject": "2", "recorded-or-robo": "Y", "city": "Medford", "state": "OR", "area-code": "541"}, {"id": "e81c9350d54f66c6d33b3747ee76a48e", "number": "8335433997", "date": "2021-01-22 17:19:00", "subject": "0", "recorded-or-robo": "N", "city": "", "state": "NC", "area-code": "704"}, {"id": "e81c9350d54f66c6d33b3747ee769e6f", "number": "9713201326", "date": "2021-01-22 08:07:00", "subject": "0", "recorded-or-robo": "N", "city": "", "state": "CA", "area-code": "971"}, {"id": "1d36742e3f24f50e4e7ae828010b8bea", "number": "8335433997", "date": "2021-01-22 17:19:00", "subject": "0", "recorded-or-robo": "N", "city": "", "state": "NC", "area-code": "704"}, {"id": "1d36742e3f24f50e4e7ae828010b804e", "number": "9713201326", "date": "2021-01-22 08:07:00", "subject": "0", "recorded-or-robo": "N", "city": "", "state": "CA", "area-code": "971"}, {"id": "e81c9350d54f66c6d33b3747ee769781", "number": "4058068001", "date": "2021-01-22 11:22:00", "subject": "5", "recorded-or-robo": "N", "city": "Spencer", "state": "OK", "area-code": "405"}, {"id": "1d36742e3f24f50e4e7ae828010b75cf", "number": "4058068001", "date": "2021-01-22 11:22:00", "subject": "5", "recorded-or-robo": "N", "city": "Spencer", "state": "OK", "area-code": "405"}, {"id": "e81c9350d54f66c6d33b3747ee769675", "number": "7817971151", "date": "2021-01-22 12:00:00", "subject": "2", "recorded-or-robo": "Y", "city": "Winchester", "state": "MA", "area-code": "781"}, {"id": "1d36742e3f24f50e4e7ae828010b6cc5", "number": "7817971151", "date": "2021-01-22 12:00:00", "subject": "2", "recorded-or-robo": "Y", "city": "Winchester", "state": "MA", "area-code": "781"}, {"id": "e81c9350d54f66c6d33b3747ee7689f3", "number": "4156599170", "date": "2021-01-22 08:27:00", "subject": "2", "recorded-or-robo": "N", "city": "", "state": "CA", "area-code": "818"}, {"id": "1d36742e3f24f50e4e7ae828010b6974", "number": "4156599170", "date": "2021-01-22 08:27:00", "subject": "2", "recorded-or-robo": "N", "city": "", "state": "CA", "area-code": "818"}, {"id": "e81c9350d54f66c6d33b3747eea80677", "number": "7754047479", "date": "2021-01-22 19:49:21", "subject": "3", "recorded-or-robo": "N", "city": "", "state": "NV", "area-code": "775"}, {"id": "1d36742e3f24f50e4e7ae828013ced66", "number": "7754047479", "date": "2021-01-22 19:49:21", "subject": "3", "recorded-or-robo": "N", "city": "", "state": "NV", "area-code": "775"}, {"id": "e81c9350d54f66c6d33b3747ee76847f", "number": "7082278317", "date": "2021-01-22 15:50:00", "subject": "0", "recorded-or-robo": "", "city": "Monee", "state": "IL", "area-code": "708"}, {"id": "1d36742e3f24f50e4e7ae828010b665b", "number": "7082278317", "date": "2021-01-22 15:50:00", "subject": "0", "recorded-or-robo": "", "city": "Monee", "state": "IL", "area-code": "708"}, {"id": "e81c9350d54f66c6d33b3747ee767863", "number": "9042206953", "date": "2021-01-22 19:45:00", "subject": "2", "recorded-or-robo": "Y", "city": "Miami Beach", "state": "FL", "area-code": "786"}, {"id": "1d36742e3f24f50e4e7ae828010b5cdc", "number": "9042206953", "date": "2021-01-22 19:45:00", "subject": "2", "recorded-or-robo": "Y", "city": "Miami Beach", "state": "FL", "area-code": "786"}, {"id": "e81c9350d54f66c6d33b3747ee76732d", "number": "2605455162", "date": "2021-01-22 17:07:00", "subject": "5", "recorded-or-robo": "N", "city": "", "state": "NC", "area-code": "704"}, {"id": "1d36742e3f24f50e4e7ae828010b4f6f", "number": "2605455162", "date": "2021-01-22 17:07:00", "subject": "5", "recorded-or-robo": "N", "city": "", "state": "NC", "area-code": "704"}, {"id": "e81c9350d54f66c6d33b3747ee766e82", "number": "3174100129", "date": "2021-01-21 13:50:00", "subject": "2", "recorded-or-robo": "Y", "city": "Indianapolis", "state": "IN", "area-code": "317"}, {"id": "1d36742e3f24f50e4e7ae828010b4f12", "number": "3174100129", "date": "2021-01-21 13:50:00", "subject": "2", "recorded-or-robo": "Y", "city": "Indianapolis", "state": "IN", "area-code": "317"}, {"id": "e81c9350d54f66c6d33b3747ee766899", "number": "3144964934", "date": "2021-01-22 18:35:00", "subject": "1", "recorded-or-robo": "Y", "city": "", "state": "MO", "area-code": "314"}, {"id": "1d36742e3f24f50e4e7ae828010b4b8a", "number": "3144964934", "date": "2021-01-22 18:35:00", "subject": "1", "recorded-or-robo": "Y", "city": "", "state": "MO", "area-code": "314"}, {"id": "e81c9350d54f66c6d33b3747eea78aec", "number": "5166211661", "date": "2021-01-22 19:48:56", "subject": "3", "recorded-or-robo": "Y", "city": "", "state": "MO", "area-code": "314"}, {"id": "1d36742e3f24f50e4e7ae828013c62e8", "number": "5166211661", "date": "2021-01-22 19:48:56", "subject": "3", "recorded-or-robo": "Y", "city": "", "state": "MO", "area-code": "314"}, {"id": "e81c9350d54f66c6d33b3747eea7b4ff", "number": "5166211661", "date": "2021-01-22 19:48:54", "subject": "3", "recorded-or-robo": "Y", "city": "", "state": "MO", "area-code": "314"}, {"id": "1d36742e3f24f50e4e7ae828013c8398", "number": "5166211661", "date": "2021-01-22 19:48:54", "subject": "3", "recorded-or-robo": "Y", "city": "", "state": "MO", "area-code": "314"}, {"id": "e81c9350d54f66c6d33b3747ee765caf", "number": "9285385456", "date": "2021-01-22 15:05:00", "subject": "0", "recorded-or-robo": "Y", "city": "Westchester", "state": "IL", "area-code": "708"}, {"id": "1d36742e3f24f50e4e7ae828010b4701", "number": "9285385456", "date": "2021-01-22 15:05:00", "subject": "0", "recorded-or-robo": "Y", "city": "Westchester", "state": "IL", "area-code": "708"}, {"id": "e81c9350d54f66c6d33b3747eea764dc", "number": "+19522421425", "date": "2021-01-22 19:48:39", "subject": "3", "recorded-or-robo": "Y", "city": "", "state": "MN", "area-code": "952"}, {"id": "1d36742e3f24f50e4e7ae828013c31da", "number": "+19522421425", "date": "2021-01-22 19:48:39", "subject": "3", "recorded-or-robo": "Y", "city": "", "state": "MN", "area-code": "952"}, {"id": "e81c9350d54f66c6d33b3747ee765092", "number": "4133566225", "date": "2021-01-21 14:26:00", "subject": "0", "recorded-or-robo": "", "city": "Southampton", "state": "MA", "area-code": "413"}, {"id": "1d36742e3f24f50e4e7ae828010b3c0c", "number": "4133566225", "date": "2021-01-21 14:26:00", "subject": "0", "recorded-or-robo": "", "city": "Southampton", "state": "MA", "area-code": "413"}, {"id": "e81c9350d54f66c6d33b3747ee764183", "number": "2604120932", "date": "2021-01-22 15:43:00", "subject": "5", "recorded-or-robo": "N", "city": "", "state": "NC", "area-code": "704"}, {"id": "1d36742e3f24f50e4e7ae828010b33d5", "number": "2604120932", "date": "2021-01-22 15:43:00", "subject": "5", "recorded-or-robo": "N", "city": "", "state": "NC", "area-code": "704"}, {"id": "e81c9350d54f66c6d33b3747ee7632bd", "number": "4798712950", "date": "2021-01-12 12:45:00", "subject": "3", "recorded-or-robo": "Y", "city": "", "state": "AR", "area-code": "479"}, {"id": "1d36742e3f24f50e4e7ae828010b333e", "number": "4798712950", "date": "2021-01-12 12:45:00", "subject": "3", "recorded-or-robo": "Y", "city": "", "state": "AR", "area-code": "479"}, {"id": "e81c9350d54f66c6d33b3747eea7f0ec", "number": "7472653530", "date": "2021-01-22 19:48:25", "subject": "3", "recorded-or-robo": "N", "city": "", "state": "CA", "area-code": "626"}]}