{"data": [{"id": "e81c9350d54f66c6d33b3747ee0aaf61", "number": "4072216015", "date": "2021-01-22 00:00:00", "subject": "9", "recorded-or-robo": "Y", "city": "Geneva", "state": "FL", "area-code": "386"}, {"id": "deca54a6651fb9add5b4a9816ce50c96", "number": "+16673448249", "date": "2021-01-22 17:19:36", "subject": "3", "recorded-or-robo": "Y", "city": "", "state": "MD", "area-code": "301"}, {"id": "deca54a6651fb9add5b4a9816c9f8dcb", "number": "4072216015", "date": "2021-01-22 00:00:00", "subject": "9", "recorded-or-robo": "Y", "city": "Geneva", "state": "FL", "area-code": "386"}, {"id": "e81c9350d54f66c6d33b3747ee0aab84", "number": "8762861836", "date": "2021-01-21 06:41:00", "subject": "2", "recorded-or-robo": "", "city": "Ancorage", "state": "AK", "area-code": "907"}, {"id": "e81c9350d54f66c6d33b3747ee0aaa53", "number": "", "date": "2021-01-22 14:11:00", "subject": "2", "recorded-or-robo": "Y", "city": "Chicago", "state": "IL", "area-code": "773"}, {"id": "deca54a6651fb9add5b4a9816c9f8336", "number": "8762861836", "date": "2021-01-21 06:41:00", "subject": "2", "recorded-or-robo": "", "city": "Ancorage", "state": "AK", "area-code": "907"}, {"id": "deca54a6651fb9add5b4a9816c9f7a5d", "number": "", "date": "2021-01-22 14:11:00", "subject": "2", "recorded-or-robo": "Y", "city": "Chicago", "state": "IL", "area-code": "773"}, {"id": "e81c9350d54f66c6d33b3747ee0aa2e7", "number": "9207274620", "date": "2021-01-22 16:08:00", "subject": "2", "recorded-or-robo": "Y", "city": "Neenah", "state": "WI", "area-code": "920"}, {"id": "deca54a6651fb9add5b4a9816c9f7881", "number": "9207274620", "date": "2021-01-22 16:08:00", "subject": "2", "recorded-or-robo": "Y", "city": "Neenah", "state": "WI", "area-code": "920"}, {"id": "e81c9350d54f66c6d33b3747ee0a9613", "number": "9191793167", "date": "2021-01-22 16:16:00", "subject": "0", "recorded-or-robo": "N", "city": "WINCHESTER", "state": "VA", "area-code": "301"}, {"id": "deca54a6651fb9add5b4a9816c9f7412", "number": "9191793167", "date": "2021-01-22 16:16:00", "subject": "0", "recorded-or-robo": "N", "city": "WINCHESTER", "state": "VA", "area-code": "301"}, {"id": "e81c9350d54f66c6d33b3747ee514fdb", "number": "+12172792235", "date": "2021-01-22 17:19:29", "subject": "3", "recorded-or-robo": "Y", "city": "", "state": "IL", "area-code": "847"}, {"id": "e81c9350d54f66c6d33b3747ee0a8a7c", "number": "5104157414", "date": "2021-01-22 14:16:00", "subject": "2", "recorded-or-robo": "Y", "city": "", "state": "CA", "area-code": "510"}, {"id": "deca54a6651fb9add5b4a9816ce5bccb", "number": "+12172792235", "date": "2021-01-22 17:19:29", "subject": "3", "recorded-or-robo": "Y", "city": "", "state": "IL", "area-code": "847"}, {"id": "deca54a6651fb9add5b4a9816c9f6681", "number": "5104157414", "date": "2021-01-22 14:16:00", "subject": "2", "recorded-or-robo": "Y", "city": "", "state": "CA", "area-code": "510"}, {"id": "e81c9350d54f66c6d33b3747ee0a842e", "number": "5126336525", "date": "2021-01-22 16:17:00", "subject": "5", "recorded-or-robo": "Y", "city": "Austin", "state": "TX", "area-code": "512"}, {"id": "e81c9350d54f66c6d33b3747ee0a7a91", "number": "5307706368", "date": "2021-01-22 03:34:00", "subject": "1", "recorded-or-robo": "Y", "city": "Drums", "state": "CA", "area-code": "530"}, {"id": "deca54a6651fb9add5b4a9816c9f5dd6", "number": "5126336525", "date": "2021-01-22 16:17:00", "subject": "5", "recorded-or-robo": "Y", "city": "Austin", "state": "TX", "area-code": "512"}, {"id": "deca54a6651fb9add5b4a9816c9f59d0", "number": "5307706368", "date": "2021-01-22 03:34:00", "subject": "1", "recorded-or-robo": "Y", "city": "Drums", "state": "CA", "area-code": "530"}, {"id": "e81c9350d54f66c6d33b3747ee0a7a0f", "number": "5153234864", "date": "2021-01-22 15:18:00", "subject": "2", "recorded-or-robo": "Y", "city": "", "state": "TX", "area-code": "214"}, {"id": "deca54a6651fb9add5b4a9816c9f594d", "number": "5153234864", "date": "2021-01-22 15:18:00", "subject": "2", "recorded-or-robo": "Y", "city": "", "state": "TX", "area-code": "214"}, {"id": "e81c9350d54f66c6d33b3747ee0a6bda", "number": "9304680154", "date": "2021-01-22 16:00:00", "subject": "2", "recorded-or-robo": "Y", "city": "Dallas", "state": "TX", "area-code": "214"}, {"id": "deca54a6651fb9add5b4a9816c9f53cf", "number": "9304680154", "date": "2021-01-22 16:00:00", "subject": "2", "recorded-or-robo": "Y", "city": "Dallas", "state": "TX", "area-code": "214"}, {"id": "e81c9350d54f66c6d33b3747ee0a655c", "number": "8505226292", "date": "2021-01-20 12:00:00", "subject": "7", "recorded-or-robo": "Y", "city": "Pensacola", "state": "FL", "area-code": "850"}, {"id": "deca54a6651fb9add5b4a9816c9f53c2", "number": "8505226292", "date": "2021-01-20 12:00:00", "subject": "7", "recorded-or-robo": "Y", "city": "Pensacola", "state": "FL", "area-code": "850"}, {"id": "e81c9350d54f66c6d33b3747ee0a5b59", "number": "6692713709", "date": "2021-01-20 12:43:00", "subject": "1", "recorded-or-robo": "N", "city": "modesto", "state": "CA", "area-code": "408"}, {"id": "e81c9350d54f66c6d33b3747ee0a4df6", "number": "7738675734", "date": "2021-01-22 15:22:00", "subject": "4", "recorded-or-robo": "Y", "city": "Oak Forest", "state": "IL", "area-code": "708"}, {"id": "e81c9350d54f66c6d33b3747ee0a43c4", "number": "3379122939", "date": "2020-12-22 10:49:00", "subject": "2", "recorded-or-robo": "Y", "city": "Colorado Springs", "state": "CO", "area-code": "719"}, {"id": "deca54a6651fb9add5b4a9816c9f4d5c", "number": "6692713709", "date": "2021-01-20 12:43:00", "subject": "1", "recorded-or-robo": "N", "city": "modesto", "state": "CA", "area-code": "408"}, {"id": "deca54a6651fb9add5b4a9816c9f4abb", "number": "7738675734", "date": "2021-01-22 15:22:00", "subject": "4", "recorded-or-robo": "Y", "city": "Oak Forest", "state": "IL", "area-code": "708"}, {"id": "deca54a6651fb9add5b4a9816c9f46ba", "number": "3379122939", "date": "2020-12-22 10:49:00", "subject": "2", "recorded-or-robo": "Y", "city": "Colorado Springs", "state": "CO", "area-code": "719"}, {"id": "e81c9350d54f66c6d33b3747ee511cae", "number": "+12172792235", "date": "2021-01-22 17:19:07", "subject": "3", "recorded-or-robo": "Y", "city": "", "state": "IL", "area-code": "847"}, {"id": "deca54a6651fb9add5b4a9816ce5821b", "number": "+12172792235", "date": "2021-01-22 17:19:07", "subject": "3", "recorded-or-robo": "Y", "city": "", "state": "IL", "area-code": "847"}, {"id": "e81c9350d54f66c6d33b3747ee510c05", "number": "+13477050902", "date": "2021-01-22 17:19:05", "subject": "3", "recorded-or-robo": "Y", "city": "", "state": "TX", "area-code": "254"}, {"id": "e81c9350d54f66c6d33b3747ee0a3815", "number": "2392289618", "date": "2020-12-22 10:00:00", "subject": "2", "recorded-or-robo": "Y", "city": "Las Vegas", "state": "FL", "area-code": "239"}, {"id": "deca54a6651fb9add5b4a9816ce56eda", "number": "+13477050902", "date": "2021-01-22 17:19:05", "subject": "3", "recorded-or-robo": "Y", "city": "", "state": "TX", "area-code": "254"}, {"id": "deca54a6651fb9add5b4a9816c9f3cd2", "number": "2392289618", "date": "2020-12-22 10:00:00", "subject": "2", "recorded-or-robo": "Y", "city": "Las Vegas", "state": "FL", "area-code": "239"}, {"id": "e81c9350d54f66c6d33b3747ee0a3624", "number": "9143485041", "date": "2021-01-21 17:27:00", "subject": "9", "recorded-or-robo": "Y", "city": "Melville", "state": "NY", "area-code": "631"}, {"id": "e81c9350d54f66c6d33b3747ee0a3140", "number": "5103805183", "date": "2021-01-18 17:23:00", "subject": "2", "recorded-or-robo": "Y", "city": "", "state": "CA", "area-code": "650"}, {"id": "deca54a6651fb9add5b4a9816c9f3a91", "number": "9143485041", "date": "2021-01-21 17:27:00", "subject": "9", "recorded-or-robo": "Y", "city": "Melville", "state": "NY", "area-code": "631"}, {"id": "deca54a6651fb9add5b4a9816c9f2b53", "number": "5103805183", "date": "2021-01-18 17:23:00", "subject": "2", "recorded-or-robo": "Y", "city": "", "state": "CA", "area-code": "650"}, {"id": "e81c9350d54f66c6d33b3747ee0a21af", "number": "8876922253", "date": "2021-01-22 16:18:00", "subject": "0", "recorded-or-robo": "N", "city": "", "state": "MN", "area-code": "952"}, {"id": "deca54a6651fb9add5b4a9816c9f1ea4", "number": "8876922253", "date": "2021-01-22 16:18:00", "subject": "0", "recorded-or-robo": "N", "city": "", "state": "MN", "area-code": "952"}, {"id": "e81c9350d54f66c6d33b3747ee0a1f91", "number": "8582511434", "date": "2021-01-22 17:15:00", "subject": "2", "recorded-or-robo": "Y", "city": "columbia", "state": "SC", "area-code": "803"}, {"id": "deca54a6651fb9add5b4a9816c9f14d5", "number": "8582511434", "date": "2021-01-22 17:15:00", "subject": "2", "recorded-or-robo": "Y", "city": "columbia", "state": "SC", "area-code": "803"}, {"id": "e81c9350d54f66c6d33b3747ee0a11b1", "number": "3075434424", "date": "2021-01-22 15:03:00", "subject": "2", "recorded-or-robo": "N", "city": "", "state": "AL", "area-code": "256"}, {"id": "deca54a6651fb9add5b4a9816c9f0a0d", "number": "3075434424", "date": "2021-01-22 15:03:00", "subject": "2", "recorded-or-robo": "N", "city": "", "state": "AL", "area-code": "256"}, {"id": "e81c9350d54f66c6d33b3747ee0a02df", "number": "2164084474", "date": "2021-01-20 07:28:00", "subject": "5", "recorded-or-robo": "Y", "city": "Alexandria", "state": "OH", "area-code": "216"}, {"id": "deca54a6651fb9add5b4a9816c9effd8", "number": "2164084474", "date": "2021-01-20 07:28:00", "subject": "5", "recorded-or-robo": "Y", "city": "Alexandria", "state": "OH", "area-code": "216"}, {"id": "e81c9350d54f66c6d33b3747ee0a0098", "number": "4109073786", "date": "2021-01-22 13:29:00", "subject": "3", "recorded-or-robo": "Y", "city": "", "state": "MD", "area-code": "410"}]}