{"data": [{"id": "deca54a6651fb9add5b4a9816c9dd100", "number": "2393298814", "date": "2021-01-04 12:49:00", "subject": "2", "recorded-or-robo": "Y", "city": "Las Vegas", "state": "FL", "area-code": "239"}, {"id": "e81c9350d54f66c6d33b3747ee08b467", "number": "4079092258", "date": "2021-01-22 17:15:00", "subject": "7", "recorded-or-robo": "Y", "city": "Windermere", "state": "FL", "area-code": "407"}, {"id": "e81c9350d54f66c6d33b3747ee08b1e7", "number": "3462898244", "date": "2021-01-22 16:15:00", "subject": "9", "recorded-or-robo": "Y", "city": "The Colony", "state": "TX", "area-code": "469"}, {"id": "deca54a6651fb9add5b4a9816c9dce12", "number": "4079092258", "date": "2021-01-22 17:15:00", "subject": "7", "recorded-or-robo": "Y", "city": "Windermere", "state": "FL", "area-code": "407"}, {"id": "deca54a6651fb9add5b4a9816c9dcac6", "number": "3462898244", "date": "2021-01-22 16:15:00", "subject": "9", "recorded-or-robo": "Y", "city": "The Colony", "state": "TX", "area-code": "469"}, {"id": "e81c9350d54f66c6d33b3747ee08a8cd", "number": "7029972275", "date": "2020-04-01 12:00:00", "subject": "1", "recorded-or-robo": "N", "city": "Cedarville", "state": "CA", "area-code": "530"}, {"id": "deca54a6651fb9add5b4a9816c9dc025", "number": "7029972275", "date": "2020-04-01 12:00:00", "subject": "1", "recorded-or-robo": "N", "city": "Cedarville", "state": "CA", "area-code": "530"}, {"id": "e81c9350d54f66c6d33b3747ee4fcdeb", "number": "+16015653148", "date": "2021-01-22 17:16:40", "subject": "3", "recorded-or-robo": "Y", "city": "", "state": "NY", "area-code": "347"}, {"id": "deca54a6651fb9add5b4a9816ce44c21", "number": "+16015653148", "date": "2021-01-22 17:16:40", "subject": "3", "recorded-or-robo": "Y", "city": "", "state": "NY", "area-code": "347"}, {"id": "e81c9350d54f66c6d33b3747ee08a0de", "number": "2179874244", "date": "2021-01-22 14:08:00", "subject": "7", "recorded-or-robo": "Y", "city": "Niles", "state": "IL", "area-code": "217"}, {"id": "deca54a6651fb9add5b4a9816c9db638", "number": "2179874244", "date": "2021-01-22 14:08:00", "subject": "7", "recorded-or-robo": "Y", "city": "Niles", "state": "IL", "area-code": "217"}, {"id": "e81c9350d54f66c6d33b3747ee503552", "number": "+15672061596", "date": "2021-01-22 17:16:37", "subject": "3", "recorded-or-robo": "N", "city": "", "state": "IL", "area-code": "630"}, {"id": "deca54a6651fb9add5b4a9816ce4b14c", "number": "+15672061596", "date": "2021-01-22 17:16:37", "subject": "3", "recorded-or-robo": "N", "city": "", "state": "IL", "area-code": "630"}, {"id": "e81c9350d54f66c6d33b3747ee08a055", "number": "8009452000", "date": "2021-01-22 12:04:00", "subject": "1", "recorded-or-robo": "N", "city": "Atlanta", "state": "GA", "area-code": "404"}, {"id": "deca54a6651fb9add5b4a9816c9db163", "number": "8009452000", "date": "2021-01-22 12:04:00", "subject": "1", "recorded-or-robo": "N", "city": "Atlanta", "state": "GA", "area-code": "404"}, {"id": "e81c9350d54f66c6d33b3747ee089ba7", "number": "8482515015", "date": "2021-01-22 09:17:00", "subject": "1", "recorded-or-robo": "Y", "city": "West Valley City", "state": "UT", "area-code": "801"}, {"id": "deca54a6651fb9add5b4a9816c9dac84", "number": "8482515015", "date": "2021-01-22 09:17:00", "subject": "1", "recorded-or-robo": "Y", "city": "West Valley City", "state": "UT", "area-code": "801"}, {"id": "e81c9350d54f66c6d33b3747ee088c27", "number": "7405216577", "date": "2021-01-22 14:11:00", "subject": "2", "recorded-or-robo": "Y", "city": "san pedro", "state": "CA", "area-code": "740"}, {"id": "e81c9350d54f66c6d33b3747ee088316", "number": "4088770567", "date": "2021-01-22 11:00:00", "subject": "1", "recorded-or-robo": "N", "city": "modesto", "state": "CA", "area-code": "408"}, {"id": "deca54a6651fb9add5b4a9816c9d9ec5", "number": "7405216577", "date": "2021-01-22 14:11:00", "subject": "2", "recorded-or-robo": "Y", "city": "san pedro", "state": "CA", "area-code": "740"}, {"id": "deca54a6651fb9add5b4a9816c9d92b4", "number": "4088770567", "date": "2021-01-22 11:00:00", "subject": "1", "recorded-or-robo": "N", "city": "modesto", "state": "CA", "area-code": "408"}, {"id": "e81c9350d54f66c6d33b3747ee5031c3", "number": "+16303946881", "date": "2021-01-22 17:16:25", "subject": "3", "recorded-or-robo": "N", "city": "", "state": "IL", "area-code": "630"}, {"id": "deca54a6651fb9add5b4a9816ce4a7ab", "number": "+16303946881", "date": "2021-01-22 17:16:25", "subject": "3", "recorded-or-robo": "N", "city": "", "state": "IL", "area-code": "630"}, {"id": "e81c9350d54f66c6d33b3747ee087fec", "number": "2523483", "date": "2021-01-22 11:57:00", "subject": "8", "recorded-or-robo": "Y", "city": "", "state": "CA", "area-code": "858"}, {"id": "deca54a6651fb9add5b4a9816c9d883d", "number": "2523483", "date": "2021-01-22 11:57:00", "subject": "8", "recorded-or-robo": "Y", "city": "", "state": "CA", "area-code": "858"}, {"id": "e81c9350d54f66c6d33b3747ee087ad1", "number": "7188063465", "date": "2021-01-20 12:25:00", "subject": "9", "recorded-or-robo": "Y", "city": "Andover", "state": "NJ", "area-code": "917"}, {"id": "deca54a6651fb9add5b4a9816c9d81fe", "number": "7188063465", "date": "2021-01-20 12:25:00", "subject": "9", "recorded-or-robo": "Y", "city": "Andover", "state": "NJ", "area-code": "917"}, {"id": "e81c9350d54f66c6d33b3747ee0872ff", "number": "9179000714", "date": "2021-01-22 14:25:00", "subject": "13", "recorded-or-robo": "N", "city": "Lilburn", "state": "GA", "area-code": "770"}, {"id": "deca54a6651fb9add5b4a9816c9d7e3d", "number": "9179000714", "date": "2021-01-22 14:25:00", "subject": "13", "recorded-or-robo": "N", "city": "Lilburn", "state": "GA", "area-code": "770"}, {"id": "e81c9350d54f66c6d33b3747ee086513", "number": "8183380091", "date": "2021-01-22 14:02:00", "subject": "3", "recorded-or-robo": "Y", "city": "", "state": "CA", "area-code": "310"}, {"id": "deca54a6651fb9add5b4a9816c9d753f", "number": "8183380091", "date": "2021-01-22 14:02:00", "subject": "3", "recorded-or-robo": "Y", "city": "", "state": "CA", "area-code": "310"}, {"id": "e81c9350d54f66c6d33b3747ee085e30", "number": "8654248019", "date": "2021-01-19 13:49:00", "subject": "2", "recorded-or-robo": "Y", "city": "KNOXVILLE", "state": "TN", "area-code": "865"}, {"id": "deca54a6651fb9add5b4a9816c9d704d", "number": "8654248019", "date": "2021-01-19 13:49:00", "subject": "2", "recorded-or-robo": "Y", "city": "KNOXVILLE", "state": "TN", "area-code": "865"}, {"id": "e81c9350d54f66c6d33b3747ee085ae3", "number": "4106303294", "date": "2021-01-20 16:47:00", "subject": "5", "recorded-or-robo": "Y", "city": "Alexandria", "state": "OH", "area-code": "216"}, {"id": "deca54a6651fb9add5b4a9816c9d687d", "number": "4106303294", "date": "2021-01-20 16:47:00", "subject": "5", "recorded-or-robo": "Y", "city": "Alexandria", "state": "OH", "area-code": "216"}, {"id": "e81c9350d54f66c6d33b3747ee08538c", "number": "8598008206", "date": "2021-01-22 16:43:00", "subject": "2", "recorded-or-robo": "Y", "city": "Lexington", "state": "KY", "area-code": "859"}, {"id": "deca54a6651fb9add5b4a9816c9d5bf6", "number": "8598008206", "date": "2021-01-22 16:43:00", "subject": "2", "recorded-or-robo": "Y", "city": "Lexington", "state": "KY", "area-code": "859"}, {"id": "e81c9350d54f66c6d33b3747ee4ffd60", "number": "+12486091343", "date": "2021-01-22 17:16:11", "subject": "3", "recorded-or-robo": "Y", "city": "", "state": "MI", "area-code": "248"}, {"id": "e81c9350d54f66c6d33b3747ee084af9", "number": "9253026579", "date": "2021-01-22 10:11:00", "subject": "0", "recorded-or-robo": "Y", "city": "", "state": "CA", "area-code": "925"}, {"id": "deca54a6651fb9add5b4a9816ce48581", "number": "+12486091343", "date": "2021-01-22 17:16:11", "subject": "3", "recorded-or-robo": "Y", "city": "", "state": "MI", "area-code": "248"}, {"id": "deca54a6651fb9add5b4a9816c9d4e38", "number": "9253026579", "date": "2021-01-22 10:11:00", "subject": "0", "recorded-or-robo": "Y", "city": "", "state": "CA", "area-code": "925"}, {"id": "e81c9350d54f66c6d33b3747ee5088d7", "number": "+13093244070", "date": "2021-01-22 17:16:10", "subject": "3", "recorded-or-robo": "N", "city": "", "state": "IL", "area-code": "630"}, {"id": "deca54a6651fb9add5b4a9816ce4dbd9", "number": "+13093244070", "date": "2021-01-22 17:16:10", "subject": "3", "recorded-or-robo": "N", "city": "", "state": "IL", "area-code": "630"}, {"id": "e81c9350d54f66c6d33b3747ee5c2c32", "number": "6362088500", "date": "2021-01-22 03:03:00", "subject": "3", "recorded-or-robo": "Y", "city": "", "state": "MO", "area-code": "636"}, {"id": "deca54a6651fb9add5b4a9816cf0fdee", "number": "6362088500", "date": "2021-01-22 03:03:00", "subject": "3", "recorded-or-robo": "Y", "city": "", "state": "MO", "area-code": "636"}, {"id": "e81c9350d54f66c6d33b3747ee08416a", "number": "7407623042", "date": "2021-01-11 14:39:00", "subject": "8", "recorded-or-robo": "Y", "city": "Colorado Springs", "state": "CO", "area-code": "719"}, {"id": "deca54a6651fb9add5b4a9816c9d42e8", "number": "7407623042", "date": "2021-01-11 14:39:00", "subject": "8", "recorded-or-robo": "Y", "city": "Colorado Springs", "state": "CO", "area-code": "719"}, {"id": "e81c9350d54f66c6d33b3747ee08396e", "number": "9524320124", "date": "2021-01-22 13:09:00", "subject": "2", "recorded-or-robo": "N", "city": "Apple Valley", "state": "MN", "area-code": "952"}, {"id": "e81c9350d54f66c6d33b3747ee083593", "number": "2126685850", "date": "2021-01-22 09:16:00", "subject": "1", "recorded-or-robo": "Y", "city": "Naperville", "state": "IL", "area-code": "773"}, {"id": "e81c9350d54f66c6d33b3747ee082da0", "number": "9087979136", "date": "2021-01-22 16:54:00", "subject": "1", "recorded-or-robo": "N", "city": "Stockton", "state": "NJ", "area-code": "908"}]}