{"data": [{"id": "deca54a6651fb9add5b4a9816cb04498", "number": "4192904541", "date": "2021-01-22 09:15:00", "subject": "2", "recorded-or-robo": "Y", "city": "", "state": "OH", "area-code": "419"}, {"id": "e81c9350d54f66c6d33b3747ee537452", "number": "+19092839625", "date": "2021-01-22 17:46:58", "subject": "3", "recorded-or-robo": "Y", "city": "", "state": "TX", "area-code": "682"}, {"id": "deca54a6651fb9add5b4a9816ce7c12d", "number": "+19092839625", "date": "2021-01-22 17:46:58", "subject": "3", "recorded-or-robo": "Y", "city": "", "state": "TX", "area-code": "682"}, {"id": "e81c9350d54f66c6d33b3747ee538c07", "number": "5416155998", "date": "2021-01-22 17:46:55", "subject": "3", "recorded-or-robo": "Y", "city": "", "state": "KS", "area-code": "785"}, {"id": "deca54a6651fb9add5b4a9816ce7d3fb", "number": "5416155998", "date": "2021-01-22 17:46:55", "subject": "3", "recorded-or-robo": "Y", "city": "", "state": "KS", "area-code": "785"}, {"id": "e81c9350d54f66c6d33b3747ee5399e1", "number": "5416155998", "date": "2021-01-22 17:46:54", "subject": "3", "recorded-or-robo": "Y", "city": "", "state": "KS", "area-code": "785"}, {"id": "deca54a6651fb9add5b4a9816ce7fef5", "number": "5416155998", "date": "2021-01-22 17:46:54", "subject": "3", "recorded-or-robo": "Y", "city": "", "state": "KS", "area-code": "785"}, {"id": "e81c9350d54f66c6d33b3747ee1acfb4", "number": "8136878716", "date": "2021-01-22 17:36:00", "subject": "2", "recorded-or-robo": "N", "city": "", "state": "FL", "area-code": "813"}, {"id": "deca54a6651fb9add5b4a9816cb03b11", "number": "8136878716", "date": "2021-01-22 17:36:00", "subject": "2", "recorded-or-robo": "N", "city": "", "state": "FL", "area-code": "813"}, {"id": "e81c9350d54f66c6d33b3747ee1ac100", "number": "5413031140", "date": "2021-01-22 14:41:00", "subject": "4", "recorded-or-robo": "Y", "city": "GLIDE", "state": "OR", "area-code": "541"}, {"id": "deca54a6651fb9add5b4a9816cb0387f", "number": "5413031140", "date": "2021-01-22 14:41:00", "subject": "4", "recorded-or-robo": "Y", "city": "GLIDE", "state": "OR", "area-code": "541"}, {"id": "e81c9350d54f66c6d33b3747ee1ab1d1", "number": "", "date": "2021-01-22 17:44:00", "subject": "7", "recorded-or-robo": "Y", "city": "brooklyn", "state": "NY", "area-code": "718"}, {"id": "e81c9350d54f66c6d33b3747ee1aa351", "number": "9285893473", "date": "2021-01-22 15:24:00", "subject": "2", "recorded-or-robo": "Y", "city": "", "state": "AZ", "area-code": "480"}, {"id": "deca54a6651fb9add5b4a9816cb02eef", "number": "", "date": "2021-01-22 17:44:00", "subject": "7", "recorded-or-robo": "Y", "city": "brooklyn", "state": "NY", "area-code": "718"}, {"id": "deca54a6651fb9add5b4a9816cb02104", "number": "9285893473", "date": "2021-01-22 15:24:00", "subject": "2", "recorded-or-robo": "Y", "city": "", "state": "AZ", "area-code": "480"}, {"id": "e81c9350d54f66c6d33b3747ee1aa341", "number": "5592575376", "date": "2021-01-22 14:10:00", "subject": "4", "recorded-or-robo": "Y", "city": "San Francisco", "state": "CA", "area-code": "415"}, {"id": "deca54a6651fb9add5b4a9816cb01421", "number": "5592575376", "date": "2021-01-22 14:10:00", "subject": "4", "recorded-or-robo": "Y", "city": "San Francisco", "state": "CA", "area-code": "415"}, {"id": "e81c9350d54f66c6d33b3747ee1a948f", "number": "3096084671", "date": "2021-01-20 09:16:00", "subject": "2", "recorded-or-robo": "N", "city": "", "state": "IL", "area-code": "309"}, {"id": "deca54a6651fb9add5b4a9816cb00c38", "number": "3096084671", "date": "2021-01-20 09:16:00", "subject": "2", "recorded-or-robo": "N", "city": "", "state": "IL", "area-code": "309"}, {"id": "e81c9350d54f66c6d33b3747ee1a8d9a", "number": "7205721717", "date": "2021-01-22 17:00:00", "subject": "0", "recorded-or-robo": "N", "city": "", "state": "MA", "area-code": "508"}, {"id": "deca54a6651fb9add5b4a9816caffff9", "number": "7205721717", "date": "2021-01-22 17:00:00", "subject": "0", "recorded-or-robo": "N", "city": "", "state": "MA", "area-code": "508"}, {"id": "e81c9350d54f66c6d33b3747ee1a7e9f", "number": "7026682662", "date": "2021-01-22 12:10:00", "subject": "1", "recorded-or-robo": "Y", "city": "Las Vegas", "state": "NV", "area-code": "702"}, {"id": "deca54a6651fb9add5b4a9816caffa82", "number": "7026682662", "date": "2021-01-22 12:10:00", "subject": "1", "recorded-or-robo": "Y", "city": "Las Vegas", "state": "NV", "area-code": "702"}, {"id": "e81c9350d54f66c6d33b3747ee1a7ca1", "number": "3023305904", "date": "2021-01-19 18:23:00", "subject": "0", "recorded-or-robo": "", "city": "Millsboro", "state": "DE", "area-code": "302"}, {"id": "deca54a6651fb9add5b4a9816cafeb87", "number": "3023305904", "date": "2021-01-19 18:23:00", "subject": "0", "recorded-or-robo": "", "city": "Millsboro", "state": "DE", "area-code": "302"}, {"id": "e81c9350d54f66c6d33b3747ee1a6de2", "number": "1888280433", "date": "2021-01-22 17:28:00", "subject": "2", "recorded-or-robo": "Y", "city": "Pikeville", "state": "NC", "area-code": "919"}, {"id": "deca54a6651fb9add5b4a9816cafe2ec", "number": "1888280433", "date": "2021-01-22 17:28:00", "subject": "2", "recorded-or-robo": "Y", "city": "Pikeville", "state": "NC", "area-code": "919"}, {"id": "e81c9350d54f66c6d33b3747ee1a69da", "number": "5867313847", "date": "2021-01-20 10:50:00", "subject": "0", "recorded-or-robo": "Y", "city": "Mahtomedi", "state": "MN", "area-code": "651"}, {"id": "deca54a6651fb9add5b4a9816cafdc48", "number": "5867313847", "date": "2021-01-20 10:50:00", "subject": "0", "recorded-or-robo": "Y", "city": "Mahtomedi", "state": "MN", "area-code": "651"}, {"id": "e81c9350d54f66c6d33b3747ee1a5cd6", "number": "6048586681", "date": "2021-01-21 16:15:00", "subject": "0", "recorded-or-robo": "Y", "city": "Kingwood", "state": "TX", "area-code": "281"}, {"id": "deca54a6651fb9add5b4a9816cafd1db", "number": "6048586681", "date": "2021-01-21 16:15:00", "subject": "0", "recorded-or-robo": "Y", "city": "Kingwood", "state": "TX", "area-code": "281"}, {"id": "e81c9350d54f66c6d33b3747ee1a509e", "number": "6469300474", "date": "2021-01-22 17:37:00", "subject": "3", "recorded-or-robo": "Y", "city": "", "state": "CT", "area-code": "860"}, {"id": "e81c9350d54f66c6d33b3747ee1a48ed", "number": "5016044362", "date": "2021-01-22 16:59:00", "subject": "2", "recorded-or-robo": "Y", "city": "Columbus", "state": "OH", "area-code": "614"}, {"id": "deca54a6651fb9add5b4a9816cafc474", "number": "6469300474", "date": "2021-01-22 17:37:00", "subject": "3", "recorded-or-robo": "Y", "city": "", "state": "CT", "area-code": "860"}, {"id": "deca54a6651fb9add5b4a9816cafc04e", "number": "5016044362", "date": "2021-01-22 16:59:00", "subject": "2", "recorded-or-robo": "Y", "city": "Columbus", "state": "OH", "area-code": "614"}, {"id": "e81c9350d54f66c6d33b3747ee1a4582", "number": "2142999757", "date": "2021-01-22 12:00:00", "subject": "5", "recorded-or-robo": "Y", "city": "Dallas", "state": "TX", "area-code": "214"}, {"id": "deca54a6651fb9add5b4a9816cafbda6", "number": "2142999757", "date": "2021-01-22 12:00:00", "subject": "5", "recorded-or-robo": "Y", "city": "Dallas", "state": "TX", "area-code": "214"}, {"id": "e81c9350d54f66c6d33b3747ee535ffa", "number": "9416622501", "date": "2021-01-22 17:46:20", "subject": "3", "recorded-or-robo": "Y", "city": "", "state": "NY", "area-code": "347"}, {"id": "deca54a6651fb9add5b4a9816ce7aede", "number": "9416622501", "date": "2021-01-22 17:46:20", "subject": "3", "recorded-or-robo": "Y", "city": "", "state": "NY", "area-code": "347"}, {"id": "e81c9350d54f66c6d33b3747ee1a39d0", "number": "7609875817", "date": "2021-01-22 14:37:00", "subject": "2", "recorded-or-robo": "N", "city": "", "state": "CA", "area-code": "760"}, {"id": "deca54a6651fb9add5b4a9816cafb2b9", "number": "7609875817", "date": "2021-01-22 14:37:00", "subject": "2", "recorded-or-robo": "N", "city": "", "state": "CA", "area-code": "760"}, {"id": "e81c9350d54f66c6d33b3747ee1a30d9", "number": "7865748101", "date": "2021-01-22 15:18:00", "subject": "2", "recorded-or-robo": "Y", "city": "Glendale", "state": "AZ", "area-code": "602"}, {"id": "deca54a6651fb9add5b4a9816cafa349", "number": "7865748101", "date": "2021-01-22 15:18:00", "subject": "2", "recorded-or-robo": "Y", "city": "Glendale", "state": "AZ", "area-code": "602"}, {"id": "e81c9350d54f66c6d33b3747ee1a2fe9", "number": "3308757053", "date": "2021-01-22 15:23:00", "subject": "6", "recorded-or-robo": "N", "city": "Hubbard", "state": "OH", "area-code": "330"}, {"id": "e81c9350d54f66c6d33b3747ee1a2645", "number": "8074971317", "date": "2021-01-22 11:03:00", "subject": "4", "recorded-or-robo": "Y", "city": "Chenango Bridge", "state": "NY", "area-code": "607"}, {"id": "e81c9350d54f66c6d33b3747ee1a245e", "number": "8632389128", "date": "2021-01-22 15:40:00", "subject": "0", "recorded-or-robo": "Y", "city": "", "state": "AZ", "area-code": "480"}, {"id": "deca54a6651fb9add5b4a9816cafa2b5", "number": "3308757053", "date": "2021-01-22 15:23:00", "subject": "6", "recorded-or-robo": "N", "city": "Hubbard", "state": "OH", "area-code": "330"}, {"id": "deca54a6651fb9add5b4a9816caf9775", "number": "8074971317", "date": "2021-01-22 11:03:00", "subject": "4", "recorded-or-robo": "Y", "city": "Chenango Bridge", "state": "NY", "area-code": "607"}, {"id": "deca54a6651fb9add5b4a9816caf91d1", "number": "8632389128", "date": "2021-01-22 15:40:00", "subject": "0", "recorded-or-robo": "Y", "city": "", "state": "AZ", "area-code": "480"}, {"id": "e81c9350d54f66c6d33b3747ee1a174e", "number": "", "date": "2021-01-22 10:30:00", "subject": "2", "recorded-or-robo": "N", "city": "Bryan", "state": "TX", "area-code": "979"}]}