{"data": [{"id": "1d36742e3f24f50e4e7ae828013eec95", "number": "+15085705457", "date": "2021-01-22 20:13:26", "subject": "3", "recorded-or-robo": "Y", "city": "", "state": "CA", "area-code": "818"}, {"id": "e81c9350d54f66c6d33b3747ee7e2313", "number": "7194963105", "date": "2021-01-22 12:35:00", "subject": "4", "recorded-or-robo": "Y", "city": "Downers Grove", "state": "IL", "area-code": "630"}, {"id": "e81c9350d54f66c6d33b3747ee7e191c", "number": "8333194453", "date": "2021-01-21 09:42:00", "subject": "0", "recorded-or-robo": "Y", "city": "Cumberland Furnace", "state": "TN", "area-code": "615"}, {"id": "1d36742e3f24f50e4e7ae828011302e2", "number": "7194963105", "date": "2021-01-22 12:35:00", "subject": "4", "recorded-or-robo": "Y", "city": "Downers Grove", "state": "IL", "area-code": "630"}, {"id": "1d36742e3f24f50e4e7ae8280112f347", "number": "8333194453", "date": "2021-01-21 09:42:00", "subject": "0", "recorded-or-robo": "Y", "city": "Cumberland Furnace", "state": "TN", "area-code": "615"}, {"id": "e81c9350d54f66c6d33b3747ee7e187f", "number": "8002679515", "date": "2021-01-22 00:00:00", "subject": "2", "recorded-or-robo": "Y", "city": "Lashmeet", "state": "WV", "area-code": "304"}, {"id": "1d36742e3f24f50e4e7ae8280112f29c", "number": "8002679515", "date": "2021-01-22 00:00:00", "subject": "2", "recorded-or-robo": "Y", "city": "Lashmeet", "state": "WV", "area-code": "304"}, {"id": "e81c9350d54f66c6d33b3747eea9e671", "number": "+19527771745", "date": "2021-01-22 20:12:57", "subject": "3", "recorded-or-robo": "Y", "city": "", "state": "MN", "area-code": "612"}, {"id": "1d36742e3f24f50e4e7ae828013ecf1f", "number": "+19527771745", "date": "2021-01-22 20:12:57", "subject": "3", "recorded-or-robo": "Y", "city": "", "state": "MN", "area-code": "612"}, {"id": "e81c9350d54f66c6d33b3747ee7e0ecc", "number": "7324609167", "date": "2021-01-22 10:07:00", "subject": "3", "recorded-or-robo": "Y", "city": "", "state": "NJ", "area-code": "551"}, {"id": "1d36742e3f24f50e4e7ae8280112e781", "number": "7324609167", "date": "2021-01-22 10:07:00", "subject": "3", "recorded-or-robo": "Y", "city": "", "state": "NJ", "area-code": "551"}, {"id": "e81c9350d54f66c6d33b3747ee7e09b4", "number": "2103554701", "date": "2021-01-22 15:44:00", "subject": "3", "recorded-or-robo": "N", "city": "", "state": "TX", "area-code": "210"}, {"id": "1d36742e3f24f50e4e7ae8280112d9ec", "number": "2103554701", "date": "2021-01-22 15:44:00", "subject": "3", "recorded-or-robo": "N", "city": "", "state": "TX", "area-code": "210"}, {"id": "e81c9350d54f66c6d33b3747ee7e0504", "number": "8155877329", "date": "2021-01-19 10:45:00", "subject": "16", "recorded-or-robo": "Y", "city": "", "state": "IL", "area-code": "815"}, {"id": "1d36742e3f24f50e4e7ae8280112d1c5", "number": "8155877329", "date": "2021-01-19 10:45:00", "subject": "16", "recorded-or-robo": "Y", "city": "", "state": "IL", "area-code": "815"}, {"id": "e81c9350d54f66c6d33b3747eeaa18c2", "number": "2167879910", "date": "2021-01-22 20:12:45", "subject": "3", "recorded-or-robo": "Y", "city": "", "state": "OH", "area-code": "216"}, {"id": "1d36742e3f24f50e4e7ae828013f1cc8", "number": "2167879910", "date": "2021-01-22 20:12:45", "subject": "3", "recorded-or-robo": "Y", "city": "", "state": "OH", "area-code": "216"}, {"id": "e81c9350d54f66c6d33b3747ee7dfc80", "number": "4244176055", "date": "2021-01-22 00:00:00", "subject": "3", "recorded-or-robo": "", "city": "", "state": "CA", "area-code": "310"}, {"id": "e81c9350d54f66c6d33b3747ee7df468", "number": "9252123389", "date": "2021-01-22 14:12:00", "subject": "2", "recorded-or-robo": "Y", "city": "Arroyo Grande", "state": "CA", "area-code": "925"}, {"id": "e81c9350d54f66c6d33b3747ee7def2c", "number": "2014788040", "date": "2021-01-21 12:41:00", "subject": "1", "recorded-or-robo": "N", "city": "", "state": "NJ", "area-code": "973"}, {"id": "1d36742e3f24f50e4e7ae8280112d0be", "number": "4244176055", "date": "2021-01-22 00:00:00", "subject": "3", "recorded-or-robo": "", "city": "", "state": "CA", "area-code": "310"}, {"id": "1d36742e3f24f50e4e7ae8280112cd3b", "number": "9252123389", "date": "2021-01-22 14:12:00", "subject": "2", "recorded-or-robo": "Y", "city": "Arroyo Grande", "state": "CA", "area-code": "925"}, {"id": "1d36742e3f24f50e4e7ae8280112bde2", "number": "2014788040", "date": "2021-01-21 12:41:00", "subject": "1", "recorded-or-robo": "N", "city": "", "state": "NJ", "area-code": "973"}, {"id": "e81c9350d54f66c6d33b3747ee7deee8", "number": "8184327949", "date": "2021-01-22 16:28:00", "subject": "0", "recorded-or-robo": "Y", "city": "North Hollywood", "state": "CA", "area-code": "818"}, {"id": "e81c9350d54f66c6d33b3747ee7de512", "number": "6196584796", "date": "2021-01-22 09:21:00", "subject": "0", "recorded-or-robo": "N", "city": "San Diego", "state": "CA", "area-code": "619"}, {"id": "1d36742e3f24f50e4e7ae8280112bd5b", "number": "8184327949", "date": "2021-01-22 16:28:00", "subject": "0", "recorded-or-robo": "Y", "city": "North Hollywood", "state": "CA", "area-code": "818"}, {"id": "1d36742e3f24f50e4e7ae8280112b466", "number": "6196584796", "date": "2021-01-22 09:21:00", "subject": "0", "recorded-or-robo": "N", "city": "San Diego", "state": "CA", "area-code": "619"}, {"id": "e81c9350d54f66c6d33b3747eea9f6f3", "number": "+17274748323", "date": "2021-01-22 20:12:35", "subject": "3", "recorded-or-robo": "Y", "city": "", "state": "FL", "area-code": "727"}, {"id": "1d36742e3f24f50e4e7ae828013ee234", "number": "+17274748323", "date": "2021-01-22 20:12:35", "subject": "3", "recorded-or-robo": "Y", "city": "", "state": "FL", "area-code": "727"}, {"id": "e81c9350d54f66c6d33b3747eeaa30fd", "number": "6098550111", "date": "2021-01-22 20:12:23", "subject": "3", "recorded-or-robo": "Y", "city": "", "state": "NJ", "area-code": "908"}, {"id": "e81c9350d54f66c6d33b3747ee7dda06", "number": "", "date": "2021-01-22 11:14:00", "subject": "0", "recorded-or-robo": "Y", "city": "Milwaukie", "state": "OR", "area-code": "503"}, {"id": "1d36742e3f24f50e4e7ae828013f46aa", "number": "6098550111", "date": "2021-01-22 20:12:23", "subject": "3", "recorded-or-robo": "Y", "city": "", "state": "NJ", "area-code": "908"}, {"id": "1d36742e3f24f50e4e7ae8280112ac48", "number": "", "date": "2021-01-22 11:14:00", "subject": "0", "recorded-or-robo": "Y", "city": "Milwaukie", "state": "OR", "area-code": "503"}, {"id": "e81c9350d54f66c6d33b3747eeaa4294", "number": "+19563787977", "date": "2021-01-22 20:12:22", "subject": "3", "recorded-or-robo": "Y", "city": "", "state": "TX", "area-code": "956"}, {"id": "1d36742e3f24f50e4e7ae828013f4b4e", "number": "+19563787977", "date": "2021-01-22 20:12:22", "subject": "3", "recorded-or-robo": "Y", "city": "", "state": "TX", "area-code": "956"}, {"id": "e81c9350d54f66c6d33b3747ee7dd012", "number": "8138367488", "date": "2021-01-22 18:14:00", "subject": "0", "recorded-or-robo": "Y", "city": "Columbus", "state": "OH", "area-code": "614"}, {"id": "e81c9350d54f66c6d33b3747ee7dc083", "number": "7018291273", "date": "2021-01-20 18:39:00", "subject": "2", "recorded-or-robo": "", "city": "South Orange", "state": "NJ", "area-code": "973"}, {"id": "1d36742e3f24f50e4e7ae8280112a5eb", "number": "8138367488", "date": "2021-01-22 18:14:00", "subject": "0", "recorded-or-robo": "Y", "city": "Columbus", "state": "OH", "area-code": "614"}, {"id": "1d36742e3f24f50e4e7ae828011297de", "number": "7018291273", "date": "2021-01-20 18:39:00", "subject": "2", "recorded-or-robo": "", "city": "South Orange", "state": "NJ", "area-code": "973"}, {"id": "e81c9350d54f66c6d33b3747ee7dba8e", "number": "8575984882", "date": "2021-01-21 21:02:00", "subject": "1", "recorded-or-robo": "Y", "city": "San Jose", "state": "CA", "area-code": "408"}, {"id": "1d36742e3f24f50e4e7ae828011293ff", "number": "8575984882", "date": "2021-01-21 21:02:00", "subject": "1", "recorded-or-robo": "Y", "city": "San Jose", "state": "CA", "area-code": "408"}, {"id": "e81c9350d54f66c6d33b3747ee7dab0a", "number": "4244176055", "date": "2021-01-22 00:00:00", "subject": "3", "recorded-or-robo": "", "city": "", "state": "CA", "area-code": "310"}, {"id": "1d36742e3f24f50e4e7ae8280112895a", "number": "4244176055", "date": "2021-01-22 00:00:00", "subject": "3", "recorded-or-robo": "", "city": "", "state": "CA", "area-code": "310"}, {"id": "e81c9350d54f66c6d33b3747eea9d54e", "number": "9036664624", "date": "2021-01-22 20:11:53", "subject": "3", "recorded-or-robo": "Y", "city": "", "state": "TX", "area-code": "915"}, {"id": "1d36742e3f24f50e4e7ae828013eb858", "number": "9036664624", "date": "2021-01-22 20:11:53", "subject": "3", "recorded-or-robo": "Y", "city": "", "state": "TX", "area-code": "915"}, {"id": "e81c9350d54f66c6d33b3747ee7da6c4", "number": "3044511408", "date": "2021-01-22 18:08:00", "subject": "2", "recorded-or-robo": "Y", "city": "Clarksburg", "state": "WV", "area-code": "304"}, {"id": "1d36742e3f24f50e4e7ae82801127b4b", "number": "3044511408", "date": "2021-01-22 18:08:00", "subject": "2", "recorded-or-robo": "Y", "city": "Clarksburg", "state": "WV", "area-code": "304"}, {"id": "e81c9350d54f66c6d33b3747ee7da4b6", "number": "5592823717", "date": "2021-01-22 12:01:00", "subject": "1", "recorded-or-robo": "Y", "city": "Georgetown", "state": "TX", "area-code": "512"}, {"id": "1d36742e3f24f50e4e7ae82801126bc3", "number": "5592823717", "date": "2021-01-22 12:01:00", "subject": "1", "recorded-or-robo": "Y", "city": "Georgetown", "state": "TX", "area-code": "512"}, {"id": "e81c9350d54f66c6d33b3747ee7d99c8", "number": "9179976447", "date": "2021-01-21 15:27:00", "subject": "1", "recorded-or-robo": "N", "city": "", "state": "NJ", "area-code": "973"}]}