{"data": [{"id": "deca54a6651fb9add5b4a9816ca5cd92", "number": "5753389566", "date": "2021-01-22 12:54:00", "subject": "2", "recorded-or-robo": "Y", "city": "santa Fe", "state": "NM", "area-code": "505"}, {"id": "e81c9350d54f66c6d33b3747ee106779", "number": "", "date": "2021-01-22 12:00:00", "subject": "1", "recorded-or-robo": "Y", "city": "Aspen", "state": "CO", "area-code": "659"}, {"id": "e81c9350d54f66c6d33b3747ee101e63", "number": "2173686113", "date": "2021-01-22 13:18:00", "subject": "3", "recorded-or-robo": "N", "city": "", "state": "IL", "area-code": "847"}, {"id": "deca54a6651fb9add5b4a9816ca5ca8b", "number": "", "date": "2021-01-22 12:00:00", "subject": "1", "recorded-or-robo": "Y", "city": "Aspen", "state": "CO", "area-code": "659"}, {"id": "deca54a6651fb9add5b4a9816ca584bd", "number": "2173686113", "date": "2021-01-22 13:18:00", "subject": "3", "recorded-or-robo": "N", "city": "", "state": "IL", "area-code": "847"}, {"id": "e81c9350d54f66c6d33b3747ee105cca", "number": "2142999757", "date": "2021-01-22 16:20:00", "subject": "6", "recorded-or-robo": "Y", "city": "Dallas", "state": "TX", "area-code": "214"}, {"id": "deca54a6651fb9add5b4a9816ca5c4cf", "number": "2142999757", "date": "2021-01-22 16:20:00", "subject": "6", "recorded-or-robo": "Y", "city": "Dallas", "state": "TX", "area-code": "214"}, {"id": "e81c9350d54f66c6d33b3747ee51cfa9", "number": "+17372719909", "date": "2021-01-22 17:29:49", "subject": "3", "recorded-or-robo": "N", "city": "", "state": "TX", "area-code": "361"}, {"id": "deca54a6651fb9add5b4a9816ce6272b", "number": "+17372719909", "date": "2021-01-22 17:29:49", "subject": "3", "recorded-or-robo": "N", "city": "", "state": "TX", "area-code": "361"}, {"id": "e81c9350d54f66c6d33b3747ee51de33", "number": "+18662349790", "date": "2021-01-22 17:29:46", "subject": "3", "recorded-or-robo": "Y", "city": "", "state": "TX", "area-code": "817"}, {"id": "deca54a6651fb9add5b4a9816ce6337e", "number": "+18662349790", "date": "2021-01-22 17:29:46", "subject": "3", "recorded-or-robo": "Y", "city": "", "state": "TX", "area-code": "817"}, {"id": "e81c9350d54f66c6d33b3747ee105011", "number": "7732766995", "date": "2021-01-22 16:26:00", "subject": "5", "recorded-or-robo": "Y", "city": "", "state": "IL", "area-code": "773"}, {"id": "deca54a6651fb9add5b4a9816ca5c428", "number": "7732766995", "date": "2021-01-22 16:26:00", "subject": "5", "recorded-or-robo": "Y", "city": "", "state": "IL", "area-code": "773"}, {"id": "e81c9350d54f66c6d33b3747ee522022", "number": "+15169902827", "date": "2021-01-22 17:29:34", "subject": "3", "recorded-or-robo": "Y", "city": "", "state": "NY", "area-code": "518"}, {"id": "e81c9350d54f66c6d33b3747ee104e86", "number": "6602507932", "date": "2021-01-22 15:29:00", "subject": "2", "recorded-or-robo": "Y", "city": "Norborne", "state": "MO", "area-code": "660"}, {"id": "deca54a6651fb9add5b4a9816ce66eb3", "number": "+15169902827", "date": "2021-01-22 17:29:34", "subject": "3", "recorded-or-robo": "Y", "city": "", "state": "NY", "area-code": "518"}, {"id": "deca54a6651fb9add5b4a9816ca5c2c1", "number": "6602507932", "date": "2021-01-22 15:29:00", "subject": "2", "recorded-or-robo": "Y", "city": "Norborne", "state": "MO", "area-code": "660"}, {"id": "e81c9350d54f66c6d33b3747ee104d73", "number": "6783024197", "date": "2021-01-22 14:01:00", "subject": "0", "recorded-or-robo": "N", "city": "", "state": "CA", "area-code": "619"}, {"id": "deca54a6651fb9add5b4a9816ca5bd54", "number": "6783024197", "date": "2021-01-22 14:01:00", "subject": "0", "recorded-or-robo": "N", "city": "", "state": "CA", "area-code": "619"}, {"id": "e81c9350d54f66c6d33b3747ee1043d6", "number": "5174686165", "date": "2021-01-22 17:11:00", "subject": "4", "recorded-or-robo": "N", "city": "Clarkston", "state": "MI", "area-code": "248"}, {"id": "e81c9350d54f66c6d33b3747ee103b28", "number": "2543873222", "date": "2021-01-22 14:58:00", "subject": "9", "recorded-or-robo": "Y", "city": "Metairie", "state": "TX", "area-code": "281"}, {"id": "deca54a6651fb9add5b4a9816ca5b308", "number": "5174686165", "date": "2021-01-22 17:11:00", "subject": "4", "recorded-or-robo": "N", "city": "Clarkston", "state": "MI", "area-code": "248"}, {"id": "deca54a6651fb9add5b4a9816ca5ae76", "number": "2543873222", "date": "2021-01-22 14:58:00", "subject": "9", "recorded-or-robo": "Y", "city": "Metairie", "state": "TX", "area-code": "281"}, {"id": "e81c9350d54f66c6d33b3747ee102c0c", "number": "4302045639", "date": "2021-01-22 17:11:00", "subject": "2", "recorded-or-robo": "Y", "city": "Clover", "state": "PA", "area-code": "724"}, {"id": "e81c9350d54f66c6d33b3747ee0fae2a", "number": "8788797123", "date": "2021-01-22 14:59:00", "subject": "3", "recorded-or-robo": "N", "city": "", "state": "NC", "area-code": "336"}, {"id": "deca54a6651fb9add5b4a9816ca5a6b4", "number": "4302045639", "date": "2021-01-22 17:11:00", "subject": "2", "recorded-or-robo": "Y", "city": "Clover", "state": "PA", "area-code": "724"}, {"id": "deca54a6651fb9add5b4a9816ca527fd", "number": "8788797123", "date": "2021-01-22 14:59:00", "subject": "3", "recorded-or-robo": "N", "city": "", "state": "NC", "area-code": "336"}, {"id": "e81c9350d54f66c6d33b3747ee102684", "number": "7404301454", "date": "2021-01-22 13:28:00", "subject": "2", "recorded-or-robo": "Y", "city": "Waverly", "state": "OH", "area-code": "740"}, {"id": "e81c9350d54f66c6d33b3747ee1020f1", "number": "4752923832", "date": "2021-01-22 17:27:00", "subject": "3", "recorded-or-robo": "Y", "city": "", "state": "CT", "area-code": "203"}, {"id": "deca54a6651fb9add5b4a9816ca5976e", "number": "7404301454", "date": "2021-01-22 13:28:00", "subject": "2", "recorded-or-robo": "Y", "city": "Waverly", "state": "OH", "area-code": "740"}, {"id": "deca54a6651fb9add5b4a9816ca58eef", "number": "4752923832", "date": "2021-01-22 17:27:00", "subject": "3", "recorded-or-robo": "Y", "city": "", "state": "CT", "area-code": "203"}, {"id": "e81c9350d54f66c6d33b3747ee5c52f3", "number": "", "date": "2021-01-22 16:15:00", "subject": "3", "recorded-or-robo": "", "city": "", "state": "MO", "area-code": "816"}, {"id": "deca54a6651fb9add5b4a9816cf123b5", "number": "", "date": "2021-01-22 16:15:00", "subject": "3", "recorded-or-robo": "", "city": "", "state": "MO", "area-code": "816"}, {"id": "e81c9350d54f66c6d33b3747ee51a2fb", "number": "+12253886190", "date": "2021-01-22 17:29:22", "subject": "3", "recorded-or-robo": "Y", "city": "", "state": "LA", "area-code": "225"}, {"id": "deca54a6651fb9add5b4a9816ce5f62b", "number": "+12253886190", "date": "2021-01-22 17:29:22", "subject": "3", "recorded-or-robo": "Y", "city": "", "state": "LA", "area-code": "225"}, {"id": "e81c9350d54f66c6d33b3747ee10130c", "number": "", "date": "2021-01-22 17:15:00", "subject": "1", "recorded-or-robo": "Y", "city": "Columbus", "state": "IN", "area-code": "812"}, {"id": "deca54a6651fb9add5b4a9816ca5775e", "number": "", "date": "2021-01-22 17:15:00", "subject": "1", "recorded-or-robo": "Y", "city": "Columbus", "state": "IN", "area-code": "812"}, {"id": "e81c9350d54f66c6d33b3747ee100bad", "number": "7577655249", "date": "2021-01-22 17:22:00", "subject": "0", "recorded-or-robo": "Y", "city": "buchanan", "state": "VA", "area-code": "540"}, {"id": "deca54a6651fb9add5b4a9816ca56d03", "number": "7577655249", "date": "2021-01-22 17:22:00", "subject": "0", "recorded-or-robo": "Y", "city": "buchanan", "state": "VA", "area-code": "540"}, {"id": "e81c9350d54f66c6d33b3747ee10025a", "number": "7754640092", "date": "2021-01-21 12:58:00", "subject": "2", "recorded-or-robo": "", "city": "Fernley", "state": "NV", "area-code": "775"}, {"id": "deca54a6651fb9add5b4a9816ca56bb9", "number": "7754640092", "date": "2021-01-21 12:58:00", "subject": "2", "recorded-or-robo": "", "city": "Fernley", "state": "NV", "area-code": "775"}, {"id": "e81c9350d54f66c6d33b3747ee10011c", "number": "2313429805", "date": "2021-01-22 17:24:00", "subject": "2", "recorded-or-robo": "Y", "city": "Traverse City", "state": "MI", "area-code": "231"}, {"id": "deca54a6651fb9add5b4a9816ca56819", "number": "2313429805", "date": "2021-01-22 17:24:00", "subject": "2", "recorded-or-robo": "Y", "city": "Traverse City", "state": "MI", "area-code": "231"}, {"id": "e81c9350d54f66c6d33b3747ee0ff3f2", "number": "", "date": "2021-01-22 16:23:00", "subject": "3", "recorded-or-robo": "Y", "city": "", "state": "NY", "area-code": "718"}, {"id": "e81c9350d54f66c6d33b3747ee0fea6b", "number": "", "date": "2021-01-22 12:00:00", "subject": "9", "recorded-or-robo": "Y", "city": "Hinsdale", "state": "IL", "area-code": "937"}, {"id": "deca54a6651fb9add5b4a9816ca567c6", "number": "", "date": "2021-01-22 16:23:00", "subject": "3", "recorded-or-robo": "Y", "city": "", "state": "NY", "area-code": "718"}, {"id": "deca54a6651fb9add5b4a9816ca55944", "number": "", "date": "2021-01-22 12:00:00", "subject": "9", "recorded-or-robo": "Y", "city": "Hinsdale", "state": "IL", "area-code": "937"}, {"id": "e81c9350d54f66c6d33b3747ee51788d", "number": "3056026537", "date": "2021-01-22 17:28:59", "subject": "3", "recorded-or-robo": "Y", "city": "", "state": "FL", "area-code": "786"}, {"id": "deca54a6651fb9add5b4a9816ce5d8f2", "number": "3056026537", "date": "2021-01-22 17:28:59", "subject": "3", "recorded-or-robo": "Y", "city": "", "state": "FL", "area-code": "786"}, {"id": "e81c9350d54f66c6d33b3747ee0fdbe2", "number": "4437698823", "date": "2021-01-22 12:06:00", "subject": "4", "recorded-or-robo": "N", "city": "Randallstown", "state": "MD", "area-code": "410"}]}