{"data": [{"id": "1d36742e3f24f50e4e7ae828010534cc", "number": "9084406544", "date": "2020-10-15 14:46:00", "subject": "0", "recorded-or-robo": "Y", "city": "Manassas", "state": "VA", "area-code": "703"}, {"id": "e81c9350d54f66c6d33b3747ee70049c", "number": "9082096849", "date": "2021-01-22 10:18:00", "subject": "1", "recorded-or-robo": "Y", "city": "san francisco", "state": "CA", "area-code": "415"}, {"id": "1d36742e3f24f50e4e7ae82801052909", "number": "9082096849", "date": "2021-01-22 10:18:00", "subject": "1", "recorded-or-robo": "Y", "city": "san francisco", "state": "CA", "area-code": "415"}, {"id": "e81c9350d54f66c6d33b3747ee6ff872", "number": "6188351802", "date": "2021-01-21 16:52:00", "subject": "2", "recorded-or-robo": "Y", "city": "", "state": "PA", "area-code": "814"}, {"id": "1d36742e3f24f50e4e7ae828010528aa", "number": "6188351802", "date": "2021-01-21 16:52:00", "subject": "2", "recorded-or-robo": "Y", "city": "", "state": "PA", "area-code": "814"}, {"id": "e81c9350d54f66c6d33b3747ee6feb93", "number": "3144826495", "date": "2021-01-22 18:30:00", "subject": "1", "recorded-or-robo": "Y", "city": "Saint Louis", "state": "MO", "area-code": "314"}, {"id": "1d36742e3f24f50e4e7ae8280105213d", "number": "3144826495", "date": "2021-01-22 18:30:00", "subject": "1", "recorded-or-robo": "Y", "city": "Saint Louis", "state": "MO", "area-code": "314"}, {"id": "e81c9350d54f66c6d33b3747ee6fe2a0", "number": "6093992024", "date": "2021-01-22 11:58:00", "subject": "2", "recorded-or-robo": "Y", "city": "Egg harbor township", "state": "NJ", "area-code": "609"}, {"id": "1d36742e3f24f50e4e7ae8280105159d", "number": "6093992024", "date": "2021-01-22 11:58:00", "subject": "2", "recorded-or-robo": "Y", "city": "Egg harbor township", "state": "NJ", "area-code": "609"}, {"id": "e81c9350d54f66c6d33b3747ee6fdfab", "number": "6368565708", "date": "2021-01-22 18:15:00", "subject": "11", "recorded-or-robo": "Y", "city": "Wentzville", "state": "MO", "area-code": "636"}, {"id": "1d36742e3f24f50e4e7ae8280105101a", "number": "6368565708", "date": "2021-01-22 18:15:00", "subject": "11", "recorded-or-robo": "Y", "city": "Wentzville", "state": "MO", "area-code": "636"}, {"id": "e81c9350d54f66c6d33b3747ee6fd7df", "number": "7277248675", "date": "2021-01-22 12:14:00", "subject": "0", "recorded-or-robo": "Y", "city": "Clearwater", "state": "FL", "area-code": "727"}, {"id": "1d36742e3f24f50e4e7ae82801050286", "number": "7277248675", "date": "2021-01-22 12:14:00", "subject": "0", "recorded-or-robo": "Y", "city": "Clearwater", "state": "FL", "area-code": "727"}, {"id": "e81c9350d54f66c6d33b3747ee6fce09", "number": "4782195776", "date": "2021-01-22 13:55:00", "subject": "2", "recorded-or-robo": "Y", "city": "", "state": "NJ", "area-code": "201"}, {"id": "1d36742e3f24f50e4e7ae8280105025c", "number": "4782195776", "date": "2021-01-22 13:55:00", "subject": "2", "recorded-or-robo": "Y", "city": "", "state": "NJ", "area-code": "201"}, {"id": "e81c9350d54f66c6d33b3747ee6fc380", "number": "2483474979", "date": "2021-01-22 18:22:00", "subject": "1", "recorded-or-robo": "Y", "city": "Northville", "state": "MI", "area-code": "248"}, {"id": "e81c9350d54f66c6d33b3747ee6fbcbb", "number": "9199463930", "date": "2021-01-22 19:28:00", "subject": "4", "recorded-or-robo": "Y", "city": "Raleigh", "state": "NC", "area-code": "919"}, {"id": "1d36742e3f24f50e4e7ae8280105025a", "number": "2483474979", "date": "2021-01-22 18:22:00", "subject": "1", "recorded-or-robo": "Y", "city": "Northville", "state": "MI", "area-code": "248"}, {"id": "1d36742e3f24f50e4e7ae8280104f7ad", "number": "9199463930", "date": "2021-01-22 19:28:00", "subject": "4", "recorded-or-robo": "Y", "city": "Raleigh", "state": "NC", "area-code": "919"}, {"id": "e81c9350d54f66c6d33b3747ee6fbbaa", "number": "4014064886", "date": "2021-01-22 18:20:00", "subject": "2", "recorded-or-robo": "Y", "city": "", "state": "CT", "area-code": "860"}, {"id": "1d36742e3f24f50e4e7ae8280104f612", "number": "4014064886", "date": "2021-01-22 18:20:00", "subject": "2", "recorded-or-robo": "Y", "city": "", "state": "CT", "area-code": "860"}, {"id": "e81c9350d54f66c6d33b3747eea58325", "number": "8584343501", "date": "2021-01-22 19:30:54", "subject": "3", "recorded-or-robo": "Y", "city": "", "state": "CA", "area-code": "858"}, {"id": "e81c9350d54f66c6d33b3747ee6fba19", "number": "5167662519", "date": "2021-01-22 15:21:00", "subject": "3", "recorded-or-robo": "Y", "city": "", "state": "NY", "area-code": "516"}, {"id": "1d36742e3f24f50e4e7ae828013a6185", "number": "8584343501", "date": "2021-01-22 19:30:54", "subject": "3", "recorded-or-robo": "Y", "city": "", "state": "CA", "area-code": "858"}, {"id": "1d36742e3f24f50e4e7ae8280104e898", "number": "5167662519", "date": "2021-01-22 15:21:00", "subject": "3", "recorded-or-robo": "Y", "city": "", "state": "NY", "area-code": "516"}, {"id": "e81c9350d54f66c6d33b3747eea5a289", "number": "8584343501", "date": "2021-01-22 19:30:52", "subject": "3", "recorded-or-robo": "Y", "city": "", "state": "CA", "area-code": "858"}, {"id": "1d36742e3f24f50e4e7ae828013a90da", "number": "8584343501", "date": "2021-01-22 19:30:52", "subject": "3", "recorded-or-robo": "Y", "city": "", "state": "CA", "area-code": "858"}, {"id": "e81c9350d54f66c6d33b3747eea524d4", "number": "8584343501", "date": "2021-01-22 19:30:50", "subject": "3", "recorded-or-robo": "Y", "city": "", "state": "CA", "area-code": "858"}, {"id": "1d36742e3f24f50e4e7ae828013a015e", "number": "8584343501", "date": "2021-01-22 19:30:50", "subject": "3", "recorded-or-robo": "Y", "city": "", "state": "CA", "area-code": "858"}, {"id": "e81c9350d54f66c6d33b3747eea51e91", "number": "4849394076", "date": "2021-01-22 19:30:49", "subject": "3", "recorded-or-robo": "Y", "city": "", "state": "PA", "area-code": "610"}, {"id": "1d36742e3f24f50e4e7ae8280139f36a", "number": "4849394076", "date": "2021-01-22 19:30:49", "subject": "3", "recorded-or-robo": "Y", "city": "", "state": "PA", "area-code": "610"}, {"id": "e81c9350d54f66c6d33b3747ee6fae89", "number": "9252811622", "date": "2021-01-22 16:11:00", "subject": "2", "recorded-or-robo": "Y", "city": "Dublin", "state": "CA", "area-code": "925"}, {"id": "1d36742e3f24f50e4e7ae8280104decb", "number": "9252811622", "date": "2021-01-22 16:11:00", "subject": "2", "recorded-or-robo": "Y", "city": "Dublin", "state": "CA", "area-code": "925"}, {"id": "e81c9350d54f66c6d33b3747ee6fa240", "number": "8885383518", "date": "2021-01-22 15:13:00", "subject": "2", "recorded-or-robo": "N", "city": "Santa barbara", "state": "CA", "area-code": "805"}, {"id": "1d36742e3f24f50e4e7ae8280104db7f", "number": "8885383518", "date": "2021-01-22 15:13:00", "subject": "2", "recorded-or-robo": "N", "city": "Santa barbara", "state": "CA", "area-code": "805"}, {"id": "e81c9350d54f66c6d33b3747ee6f95ee", "number": "8136185904", "date": "2021-01-22 14:18:00", "subject": "2", "recorded-or-robo": "Y", "city": "", "state": "NJ", "area-code": "201"}, {"id": "1d36742e3f24f50e4e7ae8280104cc9c", "number": "8136185904", "date": "2021-01-22 14:18:00", "subject": "2", "recorded-or-robo": "Y", "city": "", "state": "NJ", "area-code": "201"}, {"id": "e81c9350d54f66c6d33b3747ee6f8d26", "number": "5167662519", "date": "2021-01-22 15:20:00", "subject": "3", "recorded-or-robo": "Y", "city": "", "state": "NY", "area-code": "516"}, {"id": "1d36742e3f24f50e4e7ae8280104c1ed", "number": "5167662519", "date": "2021-01-22 15:20:00", "subject": "3", "recorded-or-robo": "Y", "city": "", "state": "NY", "area-code": "516"}, {"id": "e81c9350d54f66c6d33b3747ee6f8be2", "number": "2293375131", "date": "2021-01-22 18:57:00", "subject": "11", "recorded-or-robo": "Y", "city": "Ellaville", "state": "GA", "area-code": "229"}, {"id": "1d36742e3f24f50e4e7ae8280104b31c", "number": "2293375131", "date": "2021-01-22 18:57:00", "subject": "11", "recorded-or-robo": "Y", "city": "Ellaville", "state": "GA", "area-code": "229"}, {"id": "e81c9350d54f66c6d33b3747ee6f836c", "number": "8337700576", "date": "2021-01-22 12:43:00", "subject": "2", "recorded-or-robo": "Y", "city": "Denver", "state": "CO", "area-code": "303"}, {"id": "e81c9350d54f66c6d33b3747ee6f7afd", "number": "5406154510", "date": "2020-10-16 13:19:00", "subject": "0", "recorded-or-robo": "Y", "city": "Manassas", "state": "VA", "area-code": "703"}, {"id": "1d36742e3f24f50e4e7ae8280104a84d", "number": "8337700576", "date": "2021-01-22 12:43:00", "subject": "2", "recorded-or-robo": "Y", "city": "Denver", "state": "CO", "area-code": "303"}, {"id": "1d36742e3f24f50e4e7ae8280104a077", "number": "5406154510", "date": "2020-10-16 13:19:00", "subject": "0", "recorded-or-robo": "Y", "city": "Manassas", "state": "VA", "area-code": "703"}, {"id": "e81c9350d54f66c6d33b3747ee6f79dd", "number": "8179184730", "date": "2021-01-22 17:32:00", "subject": "12", "recorded-or-robo": "N", "city": "Aledo", "state": "TX", "area-code": "817"}, {"id": "1d36742e3f24f50e4e7ae82801049b7e", "number": "8179184730", "date": "2021-01-22 17:32:00", "subject": "12", "recorded-or-robo": "N", "city": "Aledo", "state": "TX", "area-code": "817"}, {"id": "e81c9350d54f66c6d33b3747ee6f7221", "number": "3144827712", "date": "2021-01-22 17:25:00", "subject": "1", "recorded-or-robo": "Y", "city": "Saint Louis", "state": "MO", "area-code": "314"}, {"id": "1d36742e3f24f50e4e7ae8280104904c", "number": "3144827712", "date": "2021-01-22 17:25:00", "subject": "1", "recorded-or-robo": "Y", "city": "Saint Louis", "state": "MO", "area-code": "314"}, {"id": "e81c9350d54f66c6d33b3747ee6f68a0", "number": "8146843912", "date": "2021-01-22 12:54:00", "subject": "2", "recorded-or-robo": "", "city": "Erie", "state": "PA", "area-code": "814"}]}