{"data": [{"id": "deca54a6651fb9add5b4a9816cc7f61d", "number": "4078394420", "date": "2021-01-22 00:00:00", "subject": "3", "recorded-or-robo": "", "city": "", "state": "CA", "area-code": "760"}, {"id": "e81c9350d54f66c6d33b3747ee33322d", "number": "8004919313", "date": "2021-01-22 17:52:00", "subject": "2", "recorded-or-robo": "Y", "city": "Plainsboro", "state": "NJ", "area-code": "609"}, {"id": "deca54a6651fb9add5b4a9816cc7ef75", "number": "8004919313", "date": "2021-01-22 17:52:00", "subject": "2", "recorded-or-robo": "Y", "city": "Plainsboro", "state": "NJ", "area-code": "609"}, {"id": "e81c9350d54f66c6d33b3747ee332cf7", "number": "2103763084", "date": "2021-01-22 00:00:00", "subject": "3", "recorded-or-robo": "Y", "city": "", "state": "TX", "area-code": "210"}, {"id": "deca54a6651fb9add5b4a9816cc7e9ad", "number": "2103763084", "date": "2021-01-22 00:00:00", "subject": "3", "recorded-or-robo": "Y", "city": "", "state": "TX", "area-code": "210"}, {"id": "e81c9350d54f66c6d33b3747ee332aac", "number": "2075492464", "date": "2021-01-22 00:00:00", "subject": "0", "recorded-or-robo": "Y", "city": "", "state": "IL", "area-code": "309"}, {"id": "e81c9350d54f66c6d33b3747ee332635", "number": "4052166209", "date": "2021-01-22 17:01:00", "subject": "0", "recorded-or-robo": "Y", "city": "Porum", "state": "OK", "area-code": "405"}, {"id": "deca54a6651fb9add5b4a9816cc7e1a6", "number": "2075492464", "date": "2021-01-22 00:00:00", "subject": "0", "recorded-or-robo": "Y", "city": "", "state": "IL", "area-code": "309"}, {"id": "deca54a6651fb9add5b4a9816cc7e115", "number": "4052166209", "date": "2021-01-22 17:01:00", "subject": "0", "recorded-or-robo": "Y", "city": "Porum", "state": "OK", "area-code": "405"}, {"id": "e81c9350d54f66c6d33b3747ee332624", "number": "5072747915", "date": "2021-01-22 11:33:00", "subject": "2", "recorded-or-robo": "N", "city": "Farmington", "state": "MN", "area-code": "651"}, {"id": "e81c9350d54f66c6d33b3747ee331ecc", "number": "4806162002", "date": "2021-01-22 15:44:00", "subject": "1", "recorded-or-robo": "Y", "city": "Glendale", "state": "AZ", "area-code": "623"}, {"id": "deca54a6651fb9add5b4a9816cc7d218", "number": "5072747915", "date": "2021-01-22 11:33:00", "subject": "2", "recorded-or-robo": "N", "city": "Farmington", "state": "MN", "area-code": "651"}, {"id": "deca54a6651fb9add5b4a9816cc7d087", "number": "4806162002", "date": "2021-01-22 15:44:00", "subject": "1", "recorded-or-robo": "Y", "city": "Glendale", "state": "AZ", "area-code": "623"}, {"id": "e81c9350d54f66c6d33b3747ee3312b8", "number": "", "date": "2021-01-20 15:04:00", "subject": "0", "recorded-or-robo": "Y", "city": "Old Bridge", "state": "NJ", "area-code": "973"}, {"id": "deca54a6651fb9add5b4a9816cc7c2e9", "number": "", "date": "2021-01-20 15:04:00", "subject": "0", "recorded-or-robo": "Y", "city": "Old Bridge", "state": "NJ", "area-code": "973"}, {"id": "e81c9350d54f66c6d33b3747ee330996", "number": "5123722987", "date": "2021-01-22 14:02:00", "subject": "2", "recorded-or-robo": "Y", "city": "austin", "state": "TX", "area-code": "512"}, {"id": "e81c9350d54f66c6d33b3747ee33012b", "number": "2766761067", "date": "2021-01-22 14:59:00", "subject": "5", "recorded-or-robo": "Y", "city": "Charlottesville", "state": "VA", "area-code": "434"}, {"id": "deca54a6651fb9add5b4a9816cc7b45c", "number": "5123722987", "date": "2021-01-22 14:02:00", "subject": "2", "recorded-or-robo": "Y", "city": "austin", "state": "TX", "area-code": "512"}, {"id": "deca54a6651fb9add5b4a9816cc7add4", "number": "2766761067", "date": "2021-01-22 14:59:00", "subject": "5", "recorded-or-robo": "Y", "city": "Charlottesville", "state": "VA", "area-code": "434"}, {"id": "e81c9350d54f66c6d33b3747ee3300d2", "number": "8004515788", "date": "2021-01-22 17:10:00", "subject": "2", "recorded-or-robo": "Y", "city": "Plainsboro", "state": "NJ", "area-code": "609"}, {"id": "deca54a6651fb9add5b4a9816cc7a63e", "number": "8004515788", "date": "2021-01-22 17:10:00", "subject": "2", "recorded-or-robo": "Y", "city": "Plainsboro", "state": "NJ", "area-code": "609"}, {"id": "e81c9350d54f66c6d33b3747ee32e552", "number": "7602382086", "date": "2021-01-22 11:47:00", "subject": "0", "recorded-or-robo": "N", "city": "Los Angeles", "state": "CA", "area-code": "310"}, {"id": "deca54a6651fb9add5b4a9816cc79151", "number": "7602382086", "date": "2021-01-22 11:47:00", "subject": "0", "recorded-or-robo": "N", "city": "Los Angeles", "state": "CA", "area-code": "310"}, {"id": "e81c9350d54f66c6d33b3747ee32d6cd", "number": "7608458116", "date": "2021-01-22 00:00:00", "subject": "3", "recorded-or-robo": "", "city": "", "state": "CA", "area-code": "760"}, {"id": "deca54a6651fb9add5b4a9816cc79114", "number": "7608458116", "date": "2021-01-22 00:00:00", "subject": "3", "recorded-or-robo": "", "city": "", "state": "CA", "area-code": "760"}, {"id": "e81c9350d54f66c6d33b3747ee32c9b6", "number": "6093350057", "date": "2021-01-22 18:25:00", "subject": "7", "recorded-or-robo": "Y", "city": "", "state": "", "area-code": "609"}, {"id": "deca54a6651fb9add5b4a9816cc789c9", "number": "6093350057", "date": "2021-01-22 18:25:00", "subject": "7", "recorded-or-robo": "Y", "city": "", "state": "", "area-code": "609"}, {"id": "e81c9350d54f66c6d33b3747ee9c82de", "number": "3058711968", "date": "2021-01-22 18:28:22", "subject": "3", "recorded-or-robo": "Y", "city": "", "state": "FL", "area-code": "407"}, {"id": "1d36742e3f24f50e4e7ae8280131c432", "number": "3058711968", "date": "2021-01-22 18:28:22", "subject": "3", "recorded-or-robo": "Y", "city": "", "state": "FL", "area-code": "407"}, {"id": "e81c9350d54f66c6d33b3747ee32c44f", "number": "9093664126", "date": "2021-01-22 09:44:00", "subject": "0", "recorded-or-robo": "Y", "city": "Manlius", "state": "NY", "area-code": "315"}, {"id": "deca54a6651fb9add5b4a9816cc77fc6", "number": "9093664126", "date": "2021-01-22 09:44:00", "subject": "0", "recorded-or-robo": "Y", "city": "Manlius", "state": "NY", "area-code": "315"}, {"id": "e81c9350d54f66c6d33b3747ee32bf47", "number": "4233567055", "date": "2021-01-22 18:24:00", "subject": "1", "recorded-or-robo": "Y", "city": "", "state": "TN", "area-code": "423"}, {"id": "deca54a6651fb9add5b4a9816cc76fe4", "number": "4233567055", "date": "2021-01-22 18:24:00", "subject": "1", "recorded-or-robo": "Y", "city": "", "state": "TN", "area-code": "423"}, {"id": "e81c9350d54f66c6d33b3747ee32bcf4", "number": "6517714795", "date": "2021-01-22 17:11:00", "subject": "0", "recorded-or-robo": "", "city": "Saint Paul", "state": "MN", "area-code": "651"}, {"id": "deca54a6651fb9add5b4a9816cc76833", "number": "6517714795", "date": "2021-01-22 17:11:00", "subject": "0", "recorded-or-robo": "", "city": "Saint Paul", "state": "MN", "area-code": "651"}, {"id": "e81c9350d54f66c6d33b3747ee32b23e", "number": "5072747915", "date": "2021-01-22 15:37:00", "subject": "2", "recorded-or-robo": "N", "city": "Farmington", "state": "MN", "area-code": "651"}, {"id": "deca54a6651fb9add5b4a9816cc76649", "number": "5072747915", "date": "2021-01-22 15:37:00", "subject": "2", "recorded-or-robo": "N", "city": "Farmington", "state": "MN", "area-code": "651"}, {"id": "e81c9350d54f66c6d33b3747ee32a55c", "number": "2069075886", "date": "2021-01-22 15:22:00", "subject": "9", "recorded-or-robo": "Y", "city": "Bellingham", "state": "WA", "area-code": "360"}, {"id": "deca54a6651fb9add5b4a9816cc75d54", "number": "2069075886", "date": "2021-01-22 15:22:00", "subject": "9", "recorded-or-robo": "Y", "city": "Bellingham", "state": "WA", "area-code": "360"}, {"id": "e81c9350d54f66c6d33b3747ee32973f", "number": "9167241308", "date": "2021-01-22 12:22:00", "subject": "2", "recorded-or-robo": "Y", "city": "austin", "state": "TX", "area-code": "512"}, {"id": "deca54a6651fb9add5b4a9816cc7581a", "number": "9167241308", "date": "2021-01-22 12:22:00", "subject": "2", "recorded-or-robo": "Y", "city": "austin", "state": "TX", "area-code": "512"}, {"id": "e81c9350d54f66c6d33b3747ee328985", "number": "9202273626", "date": "2021-01-22 12:45:00", "subject": "1", "recorded-or-robo": "Y", "city": "", "state": "WI", "area-code": "920"}, {"id": "e81c9350d54f66c6d33b3747ee32813d", "number": "8009656315", "date": "2021-01-22 12:40:00", "subject": "2", "recorded-or-robo": "Y", "city": "Plainsboro", "state": "NJ", "area-code": "609"}, {"id": "deca54a6651fb9add5b4a9816cc74f5b", "number": "9202273626", "date": "2021-01-22 12:45:00", "subject": "1", "recorded-or-robo": "Y", "city": "", "state": "WI", "area-code": "920"}, {"id": "deca54a6651fb9add5b4a9816cc741fc", "number": "8009656315", "date": "2021-01-22 12:40:00", "subject": "2", "recorded-or-robo": "Y", "city": "Plainsboro", "state": "NJ", "area-code": "609"}, {"id": "e81c9350d54f66c6d33b3747ee3271f6", "number": "9786274100", "date": "2021-01-22 17:45:00", "subject": "3", "recorded-or-robo": "Y", "city": "", "state": "MA", "area-code": "774"}, {"id": "deca54a6651fb9add5b4a9816cc736c4", "number": "9786274100", "date": "2021-01-22 17:45:00", "subject": "3", "recorded-or-robo": "Y", "city": "", "state": "MA", "area-code": "774"}, {"id": "e81c9350d54f66c6d33b3747ee326b9a", "number": "", "date": "2021-01-20 14:59:00", "subject": "0", "recorded-or-robo": "Y", "city": "Old Bridge", "state": "NJ", "area-code": "973"}, {"id": "deca54a6651fb9add5b4a9816cc72afc", "number": "", "date": "2021-01-20 14:59:00", "subject": "0", "recorded-or-robo": "Y", "city": "Old Bridge", "state": "NJ", "area-code": "973"}, {"id": "e81c9350d54f66c6d33b3747ee325ce8", "number": "8637844673", "date": "2021-01-22 15:18:00", "subject": "2", "recorded-or-robo": "Y", "city": "Oroville", "state": "CA", "area-code": "530"}]}