{"data": [{"id": "e81c9350d54f66c6d33b3747ee29d64d", "number": "6163278900", "date": "2021-01-22 18:00:00", "subject": "6", "recorded-or-robo": "N", "city": "Farmington Hills", "state": "MI", "area-code": "248"}, {"id": "deca54a6651fb9add5b4a9816cbee271", "number": "7034371395", "date": "2021-01-22 18:04:00", "subject": "2", "recorded-or-robo": "Y", "city": "Ephrata", "state": "PA", "area-code": "717"}, {"id": "deca54a6651fb9add5b4a9816cbedabe", "number": "6163278900", "date": "2021-01-22 18:00:00", "subject": "6", "recorded-or-robo": "N", "city": "Farmington Hills", "state": "MI", "area-code": "248"}, {"id": "e81c9350d54f66c6d33b3747ee29c83a", "number": "2892324227", "date": "2021-01-22 16:52:00", "subject": "2", "recorded-or-robo": "N", "city": "Sturgis", "state": "IN", "area-code": "812"}, {"id": "e81c9350d54f66c6d33b3747ee29c712", "number": "3309130759", "date": "2021-01-21 15:45:00", "subject": "5", "recorded-or-robo": "N", "city": "Uniontown", "state": "OH", "area-code": "330"}, {"id": "deca54a6651fb9add5b4a9816cbecc03", "number": "2892324227", "date": "2021-01-22 16:52:00", "subject": "2", "recorded-or-robo": "N", "city": "Sturgis", "state": "IN", "area-code": "812"}, {"id": "deca54a6651fb9add5b4a9816cbebf48", "number": "3309130759", "date": "2021-01-21 15:45:00", "subject": "5", "recorded-or-robo": "N", "city": "Uniontown", "state": "OH", "area-code": "330"}, {"id": "e81c9350d54f66c6d33b3747ee29c38c", "number": "8646373376", "date": "2021-01-22 09:32:00", "subject": "2", "recorded-or-robo": "Y", "city": "Fort Scott", "state": "SC", "area-code": "864"}, {"id": "deca54a6651fb9add5b4a9816cbeb48c", "number": "8646373376", "date": "2021-01-22 09:32:00", "subject": "2", "recorded-or-robo": "Y", "city": "Fort Scott", "state": "SC", "area-code": "864"}, {"id": "e81c9350d54f66c6d33b3747ee29b85e", "number": "3199752109", "date": "2021-01-11 13:00:00", "subject": "2", "recorded-or-robo": "Y", "city": "Lewiston", "state": "ME", "area-code": "207"}, {"id": "deca54a6651fb9add5b4a9816cbea618", "number": "3199752109", "date": "2021-01-11 13:00:00", "subject": "2", "recorded-or-robo": "Y", "city": "Lewiston", "state": "ME", "area-code": "207"}, {"id": "e81c9350d54f66c6d33b3747ee29b652", "number": "9378588084", "date": "2021-01-22 15:34:00", "subject": "0", "recorded-or-robo": "", "city": "Springboro", "state": "OH", "area-code": "937"}, {"id": "deca54a6651fb9add5b4a9816cbe978d", "number": "9378588084", "date": "2021-01-22 15:34:00", "subject": "0", "recorded-or-robo": "", "city": "Springboro", "state": "OH", "area-code": "937"}, {"id": "e81c9350d54f66c6d33b3747ee29a8dd", "number": "3526124327", "date": "2021-01-22 13:43:00", "subject": "4", "recorded-or-robo": "Y", "city": "The Villages", "state": "FL", "area-code": "352"}, {"id": "deca54a6651fb9add5b4a9816cbe96ae", "number": "3526124327", "date": "2021-01-22 13:43:00", "subject": "4", "recorded-or-robo": "Y", "city": "The Villages", "state": "FL", "area-code": "352"}, {"id": "e81c9350d54f66c6d33b3747ee299df8", "number": "5203415037", "date": "2021-01-15 00:00:00", "subject": "3", "recorded-or-robo": "Y", "city": "Tucson", "state": "AZ", "area-code": "520"}, {"id": "deca54a6651fb9add5b4a9816cbe9619", "number": "5203415037", "date": "2021-01-15 00:00:00", "subject": "3", "recorded-or-robo": "Y", "city": "Tucson", "state": "AZ", "area-code": "520"}, {"id": "e81c9350d54f66c6d33b3747ee299561", "number": "7208914235", "date": "2021-01-21 09:39:00", "subject": "2", "recorded-or-robo": "N", "city": "Lakewood", "state": "CO", "area-code": "303"}, {"id": "e81c9350d54f66c6d33b3747ee298575", "number": "7268002535", "date": "2021-01-20 16:02:00", "subject": "16", "recorded-or-robo": "Y", "city": "Spring", "state": "TX", "area-code": "281"}, {"id": "deca54a6651fb9add5b4a9816cbe8dbc", "number": "7208914235", "date": "2021-01-21 09:39:00", "subject": "2", "recorded-or-robo": "N", "city": "Lakewood", "state": "CO", "area-code": "303"}, {"id": "deca54a6651fb9add5b4a9816cbe844b", "number": "7268002535", "date": "2021-01-20 16:02:00", "subject": "16", "recorded-or-robo": "Y", "city": "Spring", "state": "TX", "area-code": "281"}, {"id": "e81c9350d54f66c6d33b3747ee2976d7", "number": "9546553866", "date": "2021-01-15 00:00:00", "subject": "3", "recorded-or-robo": "Y", "city": "Tucson", "state": "AZ", "area-code": "520"}, {"id": "deca54a6651fb9add5b4a9816cbe8034", "number": "9546553866", "date": "2021-01-15 00:00:00", "subject": "3", "recorded-or-robo": "Y", "city": "Tucson", "state": "AZ", "area-code": "520"}, {"id": "e81c9350d54f66c6d33b3747ee2970a1", "number": "6095987185", "date": "2021-01-20 10:30:00", "subject": "2", "recorded-or-robo": "Y", "city": "Valley Springs", "state": "CA", "area-code": "209"}, {"id": "deca54a6651fb9add5b4a9816cbe7b4c", "number": "6095987185", "date": "2021-01-20 10:30:00", "subject": "2", "recorded-or-robo": "Y", "city": "Valley Springs", "state": "CA", "area-code": "209"}, {"id": "e81c9350d54f66c6d33b3747ee5d61c0", "number": "9899473802", "date": "2021-01-22 12:54:00", "subject": "3", "recorded-or-robo": "", "city": "", "state": "MI", "area-code": "989"}, {"id": "e81c9350d54f66c6d33b3747ee296fb0", "number": "3124197964", "date": "2021-01-11 17:42:00", "subject": "2", "recorded-or-robo": "Y", "city": "Chevy Chase", "state": "MD", "area-code": "301"}, {"id": "deca54a6651fb9add5b4a9816cf21c91", "number": "9899473802", "date": "2021-01-22 12:54:00", "subject": "3", "recorded-or-robo": "", "city": "", "state": "MI", "area-code": "989"}, {"id": "deca54a6651fb9add5b4a9816cbe763b", "number": "3124197964", "date": "2021-01-11 17:42:00", "subject": "2", "recorded-or-robo": "Y", "city": "Chevy Chase", "state": "MD", "area-code": "301"}, {"id": "e81c9350d54f66c6d33b3747ee296818", "number": "6369222749", "date": "2021-01-22 16:25:00", "subject": "2", "recorded-or-robo": "Y", "city": "Saint Peters", "state": "MO", "area-code": "636"}, {"id": "e81c9350d54f66c6d33b3747ee295f3a", "number": "3303043899", "date": "2021-01-22 18:07:00", "subject": "7", "recorded-or-robo": "Y", "city": "Brecksville", "state": "OH", "area-code": "216"}, {"id": "deca54a6651fb9add5b4a9816cbe73ac", "number": "6369222749", "date": "2021-01-22 16:25:00", "subject": "2", "recorded-or-robo": "Y", "city": "Saint Peters", "state": "MO", "area-code": "636"}, {"id": "deca54a6651fb9add5b4a9816cbe6417", "number": "3303043899", "date": "2021-01-22 18:07:00", "subject": "7", "recorded-or-robo": "Y", "city": "Brecksville", "state": "OH", "area-code": "216"}, {"id": "e81c9350d54f66c6d33b3747ee294ffc", "number": "3202075280", "date": "2021-01-22 14:49:00", "subject": "0", "recorded-or-robo": "N", "city": "", "state": "PA", "area-code": "610"}, {"id": "deca54a6651fb9add5b4a9816cbe6242", "number": "3202075280", "date": "2021-01-22 14:49:00", "subject": "0", "recorded-or-robo": "N", "city": "", "state": "PA", "area-code": "610"}, {"id": "e81c9350d54f66c6d33b3747ee294dfd", "number": "9707086069", "date": "2021-01-22 18:08:00", "subject": "1", "recorded-or-robo": "Y", "city": "Hilton Head Island", "state": "SC", "area-code": "970"}, {"id": "e81c9350d54f66c6d33b3747ee294484", "number": "7184941534", "date": "2021-01-22 18:09:00", "subject": "7", "recorded-or-robo": "N", "city": "BROOKLYN", "state": "NY", "area-code": "718"}, {"id": "deca54a6651fb9add5b4a9816cbe6186", "number": "9707086069", "date": "2021-01-22 18:08:00", "subject": "1", "recorded-or-robo": "Y", "city": "Hilton Head Island", "state": "SC", "area-code": "970"}, {"id": "deca54a6651fb9add5b4a9816cbe51c8", "number": "7184941534", "date": "2021-01-22 18:09:00", "subject": "7", "recorded-or-robo": "N", "city": "BROOKLYN", "state": "NY", "area-code": "718"}, {"id": "e81c9350d54f66c6d33b3747ee294127", "number": "6237806961", "date": "2021-01-15 00:00:00", "subject": "3", "recorded-or-robo": "Y", "city": "Tucson", "state": "AZ", "area-code": "520"}, {"id": "deca54a6651fb9add5b4a9816cbe491d", "number": "6237806961", "date": "2021-01-15 00:00:00", "subject": "3", "recorded-or-robo": "Y", "city": "Tucson", "state": "AZ", "area-code": "520"}, {"id": "e81c9350d54f66c6d33b3747ee2932b5", "number": "2142494883", "date": "2021-01-22 17:01:00", "subject": "1", "recorded-or-robo": "Y", "city": "Carrollton", "state": "TX", "area-code": "214"}, {"id": "deca54a6651fb9add5b4a9816cbe4891", "number": "2142494883", "date": "2021-01-22 17:01:00", "subject": "1", "recorded-or-robo": "Y", "city": "Carrollton", "state": "TX", "area-code": "214"}, {"id": "e81c9350d54f66c6d33b3747ee292a50", "number": "9713336572", "date": "2021-01-22 14:53:00", "subject": "4", "recorded-or-robo": "Y", "city": "BEAVERTON", "state": "OR", "area-code": "971"}, {"id": "deca54a6651fb9add5b4a9816cbe4039", "number": "9713336572", "date": "2021-01-22 14:53:00", "subject": "4", "recorded-or-robo": "Y", "city": "BEAVERTON", "state": "OR", "area-code": "971"}, {"id": "e81c9350d54f66c6d33b3747ee2928b2", "number": "3309130759", "date": "2021-01-21 13:45:00", "subject": "5", "recorded-or-robo": "N", "city": "Uniontown", "state": "OH", "area-code": "330"}, {"id": "deca54a6651fb9add5b4a9816cbe3ccb", "number": "3309130759", "date": "2021-01-21 13:45:00", "subject": "5", "recorded-or-robo": "N", "city": "Uniontown", "state": "OH", "area-code": "330"}, {"id": "e81c9350d54f66c6d33b3747ee577377", "number": "7757642357", "date": "2021-01-22 18:10:21", "subject": "3", "recorded-or-robo": "Y", "city": "", "state": "NV", "area-code": "775"}, {"id": "e81c9350d54f66c6d33b3747ee292578", "number": "2108984059", "date": "2021-01-22 15:58:00", "subject": "0", "recorded-or-robo": "Y", "city": "", "state": "TX", "area-code": "210"}, {"id": "deca54a6651fb9add5b4a9816cebecea", "number": "7757642357", "date": "2021-01-22 18:10:21", "subject": "3", "recorded-or-robo": "Y", "city": "", "state": "NV", "area-code": "775"}]}