{"data": [{"id": "e81c9350d54f66c6d33b3747ee0fd863", "number": "", "date": "2021-01-22 16:15:00", "subject": "3", "recorded-or-robo": "Y", "city": "", "state": "MN", "area-code": "218"}, {"id": "deca54a6651fb9add5b4a9816ca5497e", "number": "4437698823", "date": "2021-01-22 12:06:00", "subject": "4", "recorded-or-robo": "N", "city": "Randallstown", "state": "MD", "area-code": "410"}, {"id": "deca54a6651fb9add5b4a9816ca545b1", "number": "", "date": "2021-01-22 16:15:00", "subject": "3", "recorded-or-robo": "Y", "city": "", "state": "MN", "area-code": "218"}, {"id": "e81c9350d54f66c6d33b3747ee5213bd", "number": "4846420050", "date": "2021-01-22 17:28:52", "subject": "3", "recorded-or-robo": "Y", "city": "", "state": "PA", "area-code": "484"}, {"id": "deca54a6651fb9add5b4a9816ce65b0e", "number": "4846420050", "date": "2021-01-22 17:28:52", "subject": "3", "recorded-or-robo": "Y", "city": "", "state": "PA", "area-code": "484"}, {"id": "e81c9350d54f66c6d33b3747ee524794", "number": "4846420050", "date": "2021-01-22 17:28:51", "subject": "3", "recorded-or-robo": "Y", "city": "", "state": "PA", "area-code": "484"}, {"id": "deca54a6651fb9add5b4a9816ce69601", "number": "4846420050", "date": "2021-01-22 17:28:51", "subject": "3", "recorded-or-robo": "Y", "city": "", "state": "PA", "area-code": "484"}, {"id": "e81c9350d54f66c6d33b3747ee0fd114", "number": "7813245794", "date": "2021-01-22 17:20:00", "subject": "2", "recorded-or-robo": "Y", "city": "", "state": "MA", "area-code": "781"}, {"id": "deca54a6651fb9add5b4a9816ca5453f", "number": "7813245794", "date": "2021-01-22 17:20:00", "subject": "2", "recorded-or-robo": "Y", "city": "", "state": "MA", "area-code": "781"}, {"id": "e81c9350d54f66c6d33b3747ee0fcd94", "number": "8684677551", "date": "2021-01-22 06:43:00", "subject": "2", "recorded-or-robo": "", "city": "", "state": "IL", "area-code": "309"}, {"id": "deca54a6651fb9add5b4a9816ca542aa", "number": "8684677551", "date": "2021-01-22 06:43:00", "subject": "2", "recorded-or-robo": "", "city": "", "state": "IL", "area-code": "309"}, {"id": "e81c9350d54f66c6d33b3747ee0fc675", "number": "86645010123", "date": "2021-01-22 15:35:00", "subject": "2", "recorded-or-robo": "Y", "city": "Clover", "state": "PA", "area-code": "724"}, {"id": "deca54a6651fb9add5b4a9816ca53e82", "number": "86645010123", "date": "2021-01-22 15:35:00", "subject": "2", "recorded-or-robo": "Y", "city": "Clover", "state": "PA", "area-code": "724"}, {"id": "e81c9350d54f66c6d33b3747ee0fbabb", "number": "8064998409", "date": "2021-01-20 10:20:00", "subject": "4", "recorded-or-robo": "Y", "city": "Belle Fourche", "state": "TX", "area-code": "210"}, {"id": "deca54a6651fb9add5b4a9816ca53ba1", "number": "8064998409", "date": "2021-01-20 10:20:00", "subject": "4", "recorded-or-robo": "Y", "city": "Belle Fourche", "state": "TX", "area-code": "210"}, {"id": "e81c9350d54f66c6d33b3747ee0fb2ff", "number": "4406758312", "date": "2021-01-22 17:25:00", "subject": "13", "recorded-or-robo": "Y", "city": "Chardon", "state": "OH", "area-code": "440"}, {"id": "deca54a6651fb9add5b4a9816ca53010", "number": "4406758312", "date": "2021-01-22 17:25:00", "subject": "13", "recorded-or-robo": "Y", "city": "Chardon", "state": "OH", "area-code": "440"}, {"id": "e81c9350d54f66c6d33b3747ee51b265", "number": "4158910199", "date": "2021-01-22 17:28:33", "subject": "3", "recorded-or-robo": "N", "city": "", "state": "CA", "area-code": "415"}, {"id": "e81c9350d54f66c6d33b3747ee0fa5d8", "number": "7375378774", "date": "2020-12-15 12:00:00", "subject": "2", "recorded-or-robo": "Y", "city": "Scottsdale", "state": "AZ", "area-code": "480"}, {"id": "deca54a6651fb9add5b4a9816ce60100", "number": "4158910199", "date": "2021-01-22 17:28:33", "subject": "3", "recorded-or-robo": "N", "city": "", "state": "CA", "area-code": "415"}, {"id": "deca54a6651fb9add5b4a9816ca52085", "number": "7375378774", "date": "2020-12-15 12:00:00", "subject": "2", "recorded-or-robo": "Y", "city": "Scottsdale", "state": "AZ", "area-code": "480"}, {"id": "e81c9350d54f66c6d33b3747ee0fa14f", "number": "8449741793", "date": "2021-01-22 16:05:00", "subject": "1", "recorded-or-robo": "Y", "city": "West Des Moines", "state": "IA", "area-code": "515"}, {"id": "deca54a6651fb9add5b4a9816ca51d3d", "number": "8449741793", "date": "2021-01-22 16:05:00", "subject": "1", "recorded-or-robo": "Y", "city": "West Des Moines", "state": "IA", "area-code": "515"}, {"id": "e81c9350d54f66c6d33b3747ee520e7f", "number": "8556467397", "date": "2021-01-22 17:28:26", "subject": "3", "recorded-or-robo": "N", "city": "", "state": "PA", "area-code": "267"}, {"id": "e81c9350d54f66c6d33b3747ee0f9bfb", "number": "2109579460", "date": "2021-01-22 00:00:00", "subject": "3", "recorded-or-robo": "Y", "city": "", "state": "TX", "area-code": "210"}, {"id": "deca54a6651fb9add5b4a9816ce6521d", "number": "8556467397", "date": "2021-01-22 17:28:26", "subject": "3", "recorded-or-robo": "N", "city": "", "state": "PA", "area-code": "267"}, {"id": "deca54a6651fb9add5b4a9816ca51a43", "number": "2109579460", "date": "2021-01-22 00:00:00", "subject": "3", "recorded-or-robo": "Y", "city": "", "state": "TX", "area-code": "210"}, {"id": "e81c9350d54f66c6d33b3747ee0f9929", "number": "4404091665", "date": "2021-01-22 17:14:00", "subject": "5", "recorded-or-robo": "Y", "city": "Alexandria", "state": "OH", "area-code": "216"}, {"id": "deca54a6651fb9add5b4a9816ca50ef3", "number": "4404091665", "date": "2021-01-22 17:14:00", "subject": "5", "recorded-or-robo": "Y", "city": "Alexandria", "state": "OH", "area-code": "216"}, {"id": "e81c9350d54f66c6d33b3747ee522f42", "number": "4156342074", "date": "2021-01-22 17:28:21", "subject": "3", "recorded-or-robo": "N", "city": "", "state": "CA", "area-code": "415"}, {"id": "deca54a6651fb9add5b4a9816ce676d0", "number": "4156342074", "date": "2021-01-22 17:28:21", "subject": "3", "recorded-or-robo": "N", "city": "", "state": "CA", "area-code": "415"}, {"id": "e81c9350d54f66c6d33b3747ee524572", "number": "4156342074", "date": "2021-01-22 17:28:20", "subject": "3", "recorded-or-robo": "N", "city": "", "state": "CA", "area-code": "415"}, {"id": "deca54a6651fb9add5b4a9816ce694a2", "number": "4156342074", "date": "2021-01-22 17:28:20", "subject": "3", "recorded-or-robo": "N", "city": "", "state": "CA", "area-code": "415"}, {"id": "e81c9350d54f66c6d33b3747ee518a04", "number": "+15013979563", "date": "2021-01-22 17:28:17", "subject": "3", "recorded-or-robo": "Y", "city": "", "state": "AZ", "area-code": "602"}, {"id": "deca54a6651fb9add5b4a9816ce5eb2c", "number": "+15013979563", "date": "2021-01-22 17:28:17", "subject": "3", "recorded-or-robo": "Y", "city": "", "state": "AZ", "area-code": "602"}, {"id": "e81c9350d54f66c6d33b3747ee0f98a7", "number": "9196423785", "date": "2021-01-22 12:00:00", "subject": "1", "recorded-or-robo": "Y", "city": "Guymon", "state": "OK", "area-code": "919"}, {"id": "deca54a6651fb9add5b4a9816ca505d0", "number": "9196423785", "date": "2021-01-22 12:00:00", "subject": "1", "recorded-or-robo": "Y", "city": "Guymon", "state": "OK", "area-code": "919"}, {"id": "e81c9350d54f66c6d33b3747ee0f910c", "number": "7403077217", "date": "2021-01-22 13:30:00", "subject": "2", "recorded-or-robo": "Y", "city": "Waverly", "state": "OH", "area-code": "740"}, {"id": "deca54a6651fb9add5b4a9816ca4f743", "number": "7403077217", "date": "2021-01-22 13:30:00", "subject": "2", "recorded-or-robo": "Y", "city": "Waverly", "state": "OH", "area-code": "740"}, {"id": "e81c9350d54f66c6d33b3747ee0f8f48", "number": "", "date": "2021-01-22 04:58:00", "subject": "1", "recorded-or-robo": "Y", "city": "", "state": "FL", "area-code": "305"}, {"id": "e81c9350d54f66c6d33b3747ee0f8b97", "number": "8506798624", "date": "2021-01-22 03:48:00", "subject": "1", "recorded-or-robo": "Y", "city": "Milton", "state": "FL", "area-code": "850"}, {"id": "e81c9350d54f66c6d33b3747ee0f7f1a", "number": "7207455090", "date": "2021-01-22 14:33:00", "subject": "6", "recorded-or-robo": "", "city": "Aurora", "state": "CO", "area-code": "303"}, {"id": "deca54a6651fb9add5b4a9816ca4f052", "number": "", "date": "2021-01-22 04:58:00", "subject": "1", "recorded-or-robo": "Y", "city": "", "state": "FL", "area-code": "305"}, {"id": "deca54a6651fb9add5b4a9816ca4e133", "number": "8506798624", "date": "2021-01-22 03:48:00", "subject": "1", "recorded-or-robo": "Y", "city": "Milton", "state": "FL", "area-code": "850"}, {"id": "deca54a6651fb9add5b4a9816ca4d927", "number": "7207455090", "date": "2021-01-22 14:33:00", "subject": "6", "recorded-or-robo": "", "city": "Aurora", "state": "CO", "area-code": "303"}, {"id": "e81c9350d54f66c6d33b3747ee0f7698", "number": "7754402746", "date": "2021-01-21 15:42:00", "subject": "2", "recorded-or-robo": "", "city": "Fernley", "state": "NV", "area-code": "775"}, {"id": "deca54a6651fb9add5b4a9816ca4c9eb", "number": "7754402746", "date": "2021-01-21 15:42:00", "subject": "2", "recorded-or-robo": "", "city": "Fernley", "state": "NV", "area-code": "775"}, {"id": "e81c9350d54f66c6d33b3747ee51f7b0", "number": "+19042244975", "date": "2021-01-22 17:27:53", "subject": "3", "recorded-or-robo": "Y", "city": "", "state": "FL", "area-code": "305"}, {"id": "deca54a6651fb9add5b4a9816ce6469a", "number": "+19042244975", "date": "2021-01-22 17:27:53", "subject": "3", "recorded-or-robo": "Y", "city": "", "state": "FL", "area-code": "305"}, {"id": "e81c9350d54f66c6d33b3747ee0f70f9", "number": "3153055828", "date": "2021-01-22 13:15:00", "subject": "2", "recorded-or-robo": "Y", "city": "Clover", "state": "SC", "area-code": "724"}]}