{"data": [{"id": "b6a8da8b80f26332ed085cca2de3cfd5", "number": "9418883858", "date": "2021-01-22 11:42:00", "subject": "5", "recorded-or-robo": "Y", "city": "", "state": "FL", "area-code": "386"}, {"id": "deca54a6651fb9add5b4a9816c78bc08", "number": "3152328257", "date": "2021-01-22 00:00:00", "subject": "11", "recorded-or-robo": "Y", "city": "", "state": "IN", "area-code": "574"}, {"id": "b6a8da8b80f26332ed085cca2de3ca21", "number": "3152328257", "date": "2021-01-22 00:00:00", "subject": "11", "recorded-or-robo": "Y", "city": "", "state": "IN", "area-code": "574"}, {"id": "deca54a6651fb9add5b4a9816c78bb2e", "number": "3303043257", "date": "2021-01-22 12:50:00", "subject": "11", "recorded-or-robo": "Y", "city": "San Francisco", "state": "CA", "area-code": "415"}, {"id": "b6a8da8b80f26332ed085cca2de3c6f6", "number": "3303043257", "date": "2021-01-22 12:50:00", "subject": "11", "recorded-or-robo": "Y", "city": "San Francisco", "state": "CA", "area-code": "415"}, {"id": "e81c9350d54f66c6d33b3747ee488d17", "number": "+13149915876", "date": "2021-01-22 16:22:47", "subject": "3", "recorded-or-robo": "Y", "city": "", "state": "MO", "area-code": "314"}, {"id": "deca54a6651fb9add5b4a9816cdd2ae6", "number": "+13149915876", "date": "2021-01-22 16:22:47", "subject": "3", "recorded-or-robo": "Y", "city": "", "state": "MO", "area-code": "314"}, {"id": "deca54a6651fb9add5b4a9816c78ae51", "number": "4787211766", "date": "2021-01-22 10:58:00", "subject": "4", "recorded-or-robo": "Y", "city": "Kathleen", "state": "GA", "area-code": "478"}, {"id": "b6a8da8b80f26332ed085cca2de3c3c8", "number": "4787211766", "date": "2021-01-22 10:58:00", "subject": "4", "recorded-or-robo": "Y", "city": "Kathleen", "state": "GA", "area-code": "478"}, {"id": "deca54a6651fb9add5b4a9816c77dcf3", "number": "7877393571", "date": "2021-01-15 16:15:00", "subject": "3", "recorded-or-robo": "N", "city": "", "state": "TN", "area-code": "423"}, {"id": "b6a8da8b80f26332ed085cca2de337bd", "number": "7877393571", "date": "2021-01-15 16:15:00", "subject": "3", "recorded-or-robo": "N", "city": "", "state": "TN", "area-code": "423"}, {"id": "deca54a6651fb9add5b4a9816c78a172", "number": "", "date": "2021-01-22 15:09:00", "subject": "5", "recorded-or-robo": "Y", "city": "Friendswood", "state": "TX", "area-code": "281"}, {"id": "b6a8da8b80f26332ed085cca2de3c12d", "number": "", "date": "2021-01-22 15:09:00", "subject": "5", "recorded-or-robo": "Y", "city": "Friendswood", "state": "TX", "area-code": "281"}, {"id": "deca54a6651fb9add5b4a9816c78966d", "number": "6096048575", "date": "2021-01-20 14:14:00", "subject": "15", "recorded-or-robo": "Y", "city": "", "state": "NJ", "area-code": "973"}, {"id": "b6a8da8b80f26332ed085cca2de3c077", "number": "6096048575", "date": "2021-01-20 14:14:00", "subject": "15", "recorded-or-robo": "Y", "city": "", "state": "NJ", "area-code": "973"}, {"id": "deca54a6651fb9add5b4a9816c788df7", "number": "", "date": "2021-01-22 15:19:00", "subject": "3", "recorded-or-robo": "Y", "city": "", "state": "MS", "area-code": "228"}, {"id": "b6a8da8b80f26332ed085cca2de3b96a", "number": "", "date": "2021-01-22 15:19:00", "subject": "3", "recorded-or-robo": "Y", "city": "", "state": "MS", "area-code": "228"}, {"id": "deca54a6651fb9add5b4a9816c787f03", "number": "7207978149", "date": "2021-01-22 15:58:00", "subject": "2", "recorded-or-robo": "Y", "city": "Vicksburg", "state": "MI", "area-code": "269"}, {"id": "b6a8da8b80f26332ed085cca2de3b01c", "number": "7207978149", "date": "2021-01-22 15:58:00", "subject": "2", "recorded-or-robo": "Y", "city": "Vicksburg", "state": "MI", "area-code": "269"}, {"id": "deca54a6651fb9add5b4a9816c787c05", "number": "8004664048", "date": "2021-01-21 19:38:00", "subject": "2", "recorded-or-robo": "Y", "city": "Woodbridge", "state": "VA", "area-code": "703"}, {"id": "b6a8da8b80f26332ed085cca2de3ac35", "number": "8004664048", "date": "2021-01-21 19:38:00", "subject": "2", "recorded-or-robo": "Y", "city": "Woodbridge", "state": "VA", "area-code": "703"}, {"id": "deca54a6651fb9add5b4a9816c786dae", "number": "4342141508", "date": "2021-01-22 10:01:00", "subject": "4", "recorded-or-robo": "Y", "city": "", "state": "IL", "area-code": "708"}, {"id": "b6a8da8b80f26332ed085cca2de3ab73", "number": "4342141508", "date": "2021-01-22 10:01:00", "subject": "4", "recorded-or-robo": "Y", "city": "", "state": "IL", "area-code": "708"}, {"id": "deca54a6651fb9add5b4a9816c786b7d", "number": "", "date": "2021-01-22 15:50:00", "subject": "2", "recorded-or-robo": "Y", "city": "Wells", "state": "ME", "area-code": "732"}, {"id": "b6a8da8b80f26332ed085cca2de3aaf8", "number": "", "date": "2021-01-22 15:50:00", "subject": "2", "recorded-or-robo": "Y", "city": "Wells", "state": "ME", "area-code": "732"}, {"id": "deca54a6651fb9add5b4a9816c78698b", "number": "9036481628", "date": "2021-01-22 03:18:00", "subject": "4", "recorded-or-robo": "Y", "city": "", "state": "OK", "area-code": "903"}, {"id": "b6a8da8b80f26332ed085cca2de39f8a", "number": "9036481628", "date": "2021-01-22 03:18:00", "subject": "4", "recorded-or-robo": "Y", "city": "", "state": "OK", "area-code": "903"}, {"id": "deca54a6651fb9add5b4a9816c785c9f", "number": "2182604293", "date": "2021-01-22 15:19:00", "subject": "0", "recorded-or-robo": "N", "city": "Duluth", "state": "MN", "area-code": "218"}, {"id": "b6a8da8b80f26332ed085cca2de39e12", "number": "2182604293", "date": "2021-01-22 15:19:00", "subject": "0", "recorded-or-robo": "N", "city": "Duluth", "state": "MN", "area-code": "218"}, {"id": "deca54a6651fb9add5b4a9816c785936", "number": "5302144033", "date": "2021-01-22 15:30:00", "subject": "2", "recorded-or-robo": "N", "city": "Waynesboro", "state": "VA", "area-code": "703"}, {"id": "b6a8da8b80f26332ed085cca2de394f2", "number": "5302144033", "date": "2021-01-22 15:30:00", "subject": "2", "recorded-or-robo": "N", "city": "Waynesboro", "state": "VA", "area-code": "703"}, {"id": "deca54a6651fb9add5b4a9816c7854f5", "number": "7819122171", "date": "2021-01-22 16:20:00", "subject": "3", "recorded-or-robo": "Y", "city": "", "state": "MA", "area-code": "781"}, {"id": "b6a8da8b80f26332ed085cca2de39096", "number": "7819122171", "date": "2021-01-22 16:20:00", "subject": "3", "recorded-or-robo": "Y", "city": "", "state": "MA", "area-code": "781"}, {"id": "deca54a6651fb9add5b4a9816c784b37", "number": "2567279737", "date": "2021-01-15 13:28:00", "subject": "2", "recorded-or-robo": "Y", "city": "Slatington", "state": "PA", "area-code": "610"}, {"id": "b6a8da8b80f26332ed085cca2de3908b", "number": "2567279737", "date": "2021-01-15 13:28:00", "subject": "2", "recorded-or-robo": "Y", "city": "Slatington", "state": "PA", "area-code": "610"}, {"id": "deca54a6651fb9add5b4a9816c783c8b", "number": "2522129680", "date": "2021-01-22 13:00:00", "subject": "2", "recorded-or-robo": "Y", "city": "huntington beach", "state": "CA", "area-code": "714"}, {"id": "b6a8da8b80f26332ed085cca2de38d26", "number": "2522129680", "date": "2021-01-22 13:00:00", "subject": "2", "recorded-or-robo": "Y", "city": "huntington beach", "state": "CA", "area-code": "714"}, {"id": "deca54a6651fb9add5b4a9816c782e5f", "number": "12210053500210", "date": "2021-01-22 09:05:00", "subject": "1", "recorded-or-robo": "Y", "city": "", "state": "TX", "area-code": "940"}, {"id": "b6a8da8b80f26332ed085cca2de38358", "number": "12210053500210", "date": "2021-01-22 09:05:00", "subject": "1", "recorded-or-robo": "Y", "city": "", "state": "TX", "area-code": "940"}, {"id": "deca54a6651fb9add5b4a9816c782415", "number": "2064716110", "date": "2021-01-22 00:00:00", "subject": "2", "recorded-or-robo": "Y", "city": "Irvine", "state": "CA", "area-code": "949"}, {"id": "deca54a6651fb9add5b4a9816c7817dc", "number": "5014020879", "date": "2021-01-22 15:02:00", "subject": "0", "recorded-or-robo": "Y", "city": "", "state": "IL", "area-code": "847"}, {"id": "b6a8da8b80f26332ed085cca2de37f84", "number": "2064716110", "date": "2021-01-22 00:00:00", "subject": "2", "recorded-or-robo": "Y", "city": "Irvine", "state": "CA", "area-code": "949"}, {"id": "b6a8da8b80f26332ed085cca2de37b97", "number": "5014020879", "date": "2021-01-22 15:02:00", "subject": "0", "recorded-or-robo": "Y", "city": "", "state": "IL", "area-code": "847"}, {"id": "deca54a6651fb9add5b4a9816c780946", "number": "6624155580", "date": "2021-01-22 12:50:00", "subject": "1", "recorded-or-robo": "Y", "city": "", "state": "MS", "area-code": "662"}, {"id": "b6a8da8b80f26332ed085cca2de36bb3", "number": "6624155580", "date": "2021-01-22 12:50:00", "subject": "1", "recorded-or-robo": "Y", "city": "", "state": "MS", "area-code": "662"}, {"id": "deca54a6651fb9add5b4a9816c77faf7", "number": "5105293360", "date": "2021-01-22 11:39:00", "subject": "2", "recorded-or-robo": "", "city": "El Cerrito", "state": "CA", "area-code": "510"}, {"id": "b6a8da8b80f26332ed085cca2de35d23", "number": "5105293360", "date": "2021-01-22 11:39:00", "subject": "2", "recorded-or-robo": "", "city": "El Cerrito", "state": "CA", "area-code": "510"}, {"id": "deca54a6651fb9add5b4a9816c77eebb", "number": "4698514396", "date": "2021-01-22 15:17:00", "subject": "7", "recorded-or-robo": "N", "city": "", "state": "TX", "area-code": "469"}, {"id": "b6a8da8b80f26332ed085cca2de352ca", "number": "4698514396", "date": "2021-01-22 15:17:00", "subject": "7", "recorded-or-robo": "N", "city": "", "state": "TX", "area-code": "469"}, {"id": "deca54a6651fb9add5b4a9816c76df40", "number": "8475984946", "date": "2021-01-22 15:07:00", "subject": "3", "recorded-or-robo": "", "city": "", "state": "IL", "area-code": "309"}]}