{"data": [{"id": "e81c9350d54f66c6d33b3747ee69e1d4", "number": "3013100131", "date": "2021-01-21 17:18:00", "subject": "0", "recorded-or-robo": "Y", "city": "Fort  Washington", "state": "MD", "area-code": "301"}, {"id": "deca54a6651fb9add5b4a9816cff0bb3", "number": "3013100131", "date": "2021-01-21 17:18:00", "subject": "0", "recorded-or-robo": "Y", "city": "Fort  Washington", "state": "MD", "area-code": "301"}, {"id": "1d36742e3f24f50e4e7ae8280138537d", "number": "9792887126", "date": "2021-01-22 19:18:29", "subject": "3", "recorded-or-robo": "Y", "city": "", "state": "TX", "area-code": "817"}, {"id": "e81c9350d54f66c6d33b3747ee69da4d", "number": "3607515347", "date": "2021-01-22 16:07:00", "subject": "9", "recorded-or-robo": "Y", "city": "Seattle", "state": "WA", "area-code": "206"}, {"id": "deca54a6651fb9add5b4a9816cfeffc9", "number": "3607515347", "date": "2021-01-22 16:07:00", "subject": "9", "recorded-or-robo": "Y", "city": "Seattle", "state": "WA", "area-code": "206"}, {"id": "e81c9350d54f66c6d33b3747ee696460", "number": "7149983540", "date": "2021-01-22 14:32:00", "subject": "3", "recorded-or-robo": "N", "city": "", "state": "CA", "area-code": "714"}, {"id": "deca54a6651fb9add5b4a9816cfe7f66", "number": "7149983540", "date": "2021-01-22 14:32:00", "subject": "3", "recorded-or-robo": "N", "city": "", "state": "CA", "area-code": "714"}, {"id": "e81c9350d54f66c6d33b3747ee69d42c", "number": "5167662519", "date": "2021-01-21 12:13:00", "subject": "3", "recorded-or-robo": "Y", "city": "", "state": "NY", "area-code": "516"}, {"id": "e81c9350d54f66c6d33b3747ee69c664", "number": "7546667933", "date": "2021-01-22 14:22:00", "subject": "3", "recorded-or-robo": "N", "city": "", "state": "WV", "area-code": "304"}, {"id": "deca54a6651fb9add5b4a9816cfef9c0", "number": "5167662519", "date": "2021-01-21 12:13:00", "subject": "3", "recorded-or-robo": "Y", "city": "", "state": "NY", "area-code": "516"}, {"id": "deca54a6651fb9add5b4a9816cfeea45", "number": "7546667933", "date": "2021-01-22 14:22:00", "subject": "3", "recorded-or-robo": "N", "city": "", "state": "WV", "area-code": "304"}, {"id": "e81c9350d54f66c6d33b3747ee69d07c", "number": "2312733307", "date": "2021-01-22 19:11:00", "subject": "2", "recorded-or-robo": "Y", "city": "", "state": "MI", "area-code": "586"}, {"id": "deca54a6651fb9add5b4a9816cfeeeea", "number": "2312733307", "date": "2021-01-22 19:11:00", "subject": "2", "recorded-or-robo": "Y", "city": "", "state": "MI", "area-code": "586"}, {"id": "e81c9350d54f66c6d33b3747eea37b95", "number": "+14015672018", "date": "2021-01-22 19:18:14", "subject": "3", "recorded-or-robo": "Y", "city": "", "state": "NY", "area-code": "631"}, {"id": "1d36742e3f24f50e4e7ae82801386e43", "number": "+14015672018", "date": "2021-01-22 19:18:14", "subject": "3", "recorded-or-robo": "Y", "city": "", "state": "NY", "area-code": "631"}, {"id": "e81c9350d54f66c6d33b3747eea3485e", "number": "3168005222", "date": "2021-01-22 19:18:11", "subject": "3", "recorded-or-robo": "Y", "city": "", "state": "KS", "area-code": "316"}, {"id": "1d36742e3f24f50e4e7ae828013829d6", "number": "3168005222", "date": "2021-01-22 19:18:11", "subject": "3", "recorded-or-robo": "Y", "city": "", "state": "KS", "area-code": "316"}, {"id": "e81c9350d54f66c6d33b3747eea3d4fa", "number": "3168005222", "date": "2021-01-22 19:18:10", "subject": "3", "recorded-or-robo": "Y", "city": "", "state": "KS", "area-code": "316"}, {"id": "1d36742e3f24f50e4e7ae8280138e980", "number": "3168005222", "date": "2021-01-22 19:18:10", "subject": "3", "recorded-or-robo": "Y", "city": "", "state": "KS", "area-code": "316"}, {"id": "e81c9350d54f66c6d33b3747eea381b0", "number": "3175982361", "date": "2021-01-22 19:18:00", "subject": "3", "recorded-or-robo": "Y", "city": "", "state": "IN", "area-code": "317"}, {"id": "1d36742e3f24f50e4e7ae82801386eab", "number": "3175982361", "date": "2021-01-22 19:18:00", "subject": "3", "recorded-or-robo": "Y", "city": "", "state": "IN", "area-code": "317"}, {"id": "e81c9350d54f66c6d33b3747ee69d00d", "number": "5613428288", "date": "2021-01-19 16:17:00", "subject": "4", "recorded-or-robo": "Y", "city": "", "state": "FL", "area-code": "561"}, {"id": "e81c9350d54f66c6d33b3747ee6948b3", "number": "5135892746", "date": "2021-01-22 15:26:00", "subject": "3", "recorded-or-robo": "", "city": "", "state": "MT", "area-code": "406"}, {"id": "deca54a6651fb9add5b4a9816cfeec6f", "number": "5613428288", "date": "2021-01-19 16:17:00", "subject": "4", "recorded-or-robo": "Y", "city": "", "state": "FL", "area-code": "561"}, {"id": "deca54a6651fb9add5b4a9816cfe6588", "number": "5135892746", "date": "2021-01-22 15:26:00", "subject": "3", "recorded-or-robo": "", "city": "", "state": "MT", "area-code": "406"}, {"id": "e81c9350d54f66c6d33b3747eea2fc93", "number": "+18605661163", "date": "2021-01-22 19:17:57", "subject": "3", "recorded-or-robo": "Y", "city": "", "state": "CT", "area-code": "860"}, {"id": "1d36742e3f24f50e4e7ae8280137d8c8", "number": "+18605661163", "date": "2021-01-22 19:17:57", "subject": "3", "recorded-or-robo": "Y", "city": "", "state": "CT", "area-code": "860"}, {"id": "e81c9350d54f66c6d33b3747ee69bd7b", "number": "8606724196", "date": "2021-01-21 10:14:00", "subject": "3", "recorded-or-robo": "Y", "city": "", "state": "CT", "area-code": "860"}, {"id": "deca54a6651fb9add5b4a9816cfedba9", "number": "8606724196", "date": "2021-01-21 10:14:00", "subject": "3", "recorded-or-robo": "Y", "city": "", "state": "CT", "area-code": "860"}, {"id": "e81c9350d54f66c6d33b3747ee69bb53", "number": "5167662519", "date": "2021-01-21 12:13:00", "subject": "3", "recorded-or-robo": "Y", "city": "", "state": "NY", "area-code": "516"}, {"id": "deca54a6651fb9add5b4a9816cfecf9b", "number": "5167662519", "date": "2021-01-21 12:13:00", "subject": "3", "recorded-or-robo": "Y", "city": "", "state": "NY", "area-code": "516"}, {"id": "e81c9350d54f66c6d33b3747ee69acad", "number": "6155763347", "date": "2020-10-28 12:47:00", "subject": "0", "recorded-or-robo": "Y", "city": "Manassas", "state": "VA", "area-code": "703"}, {"id": "e81c9350d54f66c6d33b3747ee69a9e6", "number": "8884230900", "date": "2021-01-21 13:05:00", "subject": "4", "recorded-or-robo": "Y", "city": "Fort  Washington", "state": "MD", "area-code": "301"}, {"id": "deca54a6651fb9add5b4a9816cfec37b", "number": "6155763347", "date": "2020-10-28 12:47:00", "subject": "0", "recorded-or-robo": "Y", "city": "Manassas", "state": "VA", "area-code": "703"}, {"id": "deca54a6651fb9add5b4a9816cfebd15", "number": "8884230900", "date": "2021-01-21 13:05:00", "subject": "4", "recorded-or-robo": "Y", "city": "Fort  Washington", "state": "MD", "area-code": "301"}, {"id": "e81c9350d54f66c6d33b3747ee69a860", "number": "6184318876", "date": "2021-01-22 11:58:00", "subject": "2", "recorded-or-robo": "N", "city": "CARBONDALE", "state": "IL", "area-code": "618"}, {"id": "deca54a6651fb9add5b4a9816cfeb5c2", "number": "6184318876", "date": "2021-01-22 11:58:00", "subject": "2", "recorded-or-robo": "N", "city": "CARBONDALE", "state": "IL", "area-code": "618"}, {"id": "e81c9350d54f66c6d33b3747eea2e536", "number": "+18603782656", "date": "2021-01-22 19:17:40", "subject": "3", "recorded-or-robo": "Y", "city": "", "state": "CT", "area-code": "860"}, {"id": "1d36742e3f24f50e4e7ae8280137c1bb", "number": "+18603782656", "date": "2021-01-22 19:17:40", "subject": "3", "recorded-or-robo": "Y", "city": "", "state": "CT", "area-code": "860"}, {"id": "e81c9350d54f66c6d33b3747ee6999d2", "number": "6198266317", "date": "2021-01-21 18:36:00", "subject": "8", "recorded-or-robo": "N", "city": "Rochelle", "state": "IL", "area-code": "815"}, {"id": "deca54a6651fb9add5b4a9816cfeb533", "number": "6198266317", "date": "2021-01-21 18:36:00", "subject": "8", "recorded-or-robo": "N", "city": "Rochelle", "state": "IL", "area-code": "815"}, {"id": "e81c9350d54f66c6d33b3747ee69903b", "number": "2029982896", "date": "2021-01-21 13:25:00", "subject": "3", "recorded-or-robo": "Y", "city": "", "state": "UT", "area-code": "801"}, {"id": "deca54a6651fb9add5b4a9816cfea642", "number": "2029982896", "date": "2021-01-21 13:25:00", "subject": "3", "recorded-or-robo": "Y", "city": "", "state": "UT", "area-code": "801"}, {"id": "e81c9350d54f66c6d33b3747ee6981bf", "number": "3156252009", "date": "2021-01-22 15:15:00", "subject": "0", "recorded-or-robo": "", "city": "Camillus", "state": "NY", "area-code": "315"}, {"id": "deca54a6651fb9add5b4a9816cfe9894", "number": "3156252009", "date": "2021-01-22 15:15:00", "subject": "0", "recorded-or-robo": "", "city": "Camillus", "state": "NY", "area-code": "315"}, {"id": "e81c9350d54f66c6d33b3747ee69795b", "number": "3864366413", "date": "2021-01-22 12:27:00", "subject": "3", "recorded-or-robo": "", "city": "", "state": "AR", "area-code": "870"}, {"id": "deca54a6651fb9add5b4a9816cfe8c8a", "number": "3864366413", "date": "2021-01-22 12:27:00", "subject": "3", "recorded-or-robo": "", "city": "", "state": "AR", "area-code": "870"}, {"id": "e81c9350d54f66c6d33b3747eea26b0d", "number": "+18603524525", "date": "2021-01-22 19:17:26", "subject": "3", "recorded-or-robo": "Y", "city": "", "state": "CT", "area-code": "860"}, {"id": "1d36742e3f24f50e4e7ae82801375976", "number": "+18603524525", "date": "2021-01-22 19:17:26", "subject": "3", "recorded-or-robo": "Y", "city": "", "state": "CT", "area-code": "860"}, {"id": "e81c9350d54f66c6d33b3747ee6972d0", "number": "8008419322", "date": "2021-01-22 17:16:00", "subject": "1", "recorded-or-robo": "Y", "city": "Lewisville", "state": "TX", "area-code": "800"}]}