{"data": [{"id": "deca54a6651fb9add5b4a9816c951539", "number": "2295895340", "date": "2021-01-22 15:00:00", "subject": "9", "recorded-or-robo": "Y", "city": "", "state": "GA", "area-code": "678"}, {"id": "deca54a6651fb9add5b4a9816c950b6e", "number": "2063344624", "date": "2021-01-22 17:01:00", "subject": "6", "recorded-or-robo": "Y", "city": "BASKING RIDGE", "state": "NJ", "area-code": "571"}, {"id": "b6a8da8b80f26332ed085cca2dfffdf3", "number": "2063344624", "date": "2021-01-22 17:01:00", "subject": "6", "recorded-or-robo": "Y", "city": "BASKING RIDGE", "state": "NJ", "area-code": "571"}, {"id": "deca54a6651fb9add5b4a9816c9501ba", "number": "2093973418", "date": "2021-01-22 13:40:00", "subject": "2", "recorded-or-robo": "Y", "city": "Foster City", "state": "CA", "area-code": "415"}, {"id": "b6a8da8b80f26332ed085cca2dffef59", "number": "2093973418", "date": "2021-01-22 13:40:00", "subject": "2", "recorded-or-robo": "Y", "city": "Foster City", "state": "CA", "area-code": "415"}, {"id": "deca54a6651fb9add5b4a9816c94feb7", "number": "9378807694", "date": "2021-01-22 11:51:00", "subject": "2", "recorded-or-robo": "Y", "city": "Germantown", "state": "OH", "area-code": "937"}, {"id": "b6a8da8b80f26332ed085cca2dffe757", "number": "9378807694", "date": "2021-01-22 11:51:00", "subject": "2", "recorded-or-robo": "Y", "city": "Germantown", "state": "OH", "area-code": "937"}, {"id": "deca54a6651fb9add5b4a9816c94f54f", "number": "4332979169", "date": "2021-01-21 15:54:00", "subject": "1", "recorded-or-robo": "Y", "city": "Greenwood", "state": "AR", "area-code": "907"}, {"id": "b6a8da8b80f26332ed085cca2dffe275", "number": "4332979169", "date": "2021-01-21 15:54:00", "subject": "1", "recorded-or-robo": "Y", "city": "Greenwood", "state": "AR", "area-code": "907"}, {"id": "deca54a6651fb9add5b4a9816c94f3ef", "number": "2143701873", "date": "2021-01-22 16:00:00", "subject": "7", "recorded-or-robo": "Y", "city": "Princeton", "state": "TX", "area-code": "214"}, {"id": "b6a8da8b80f26332ed085cca2dffd67e", "number": "2143701873", "date": "2021-01-22 16:00:00", "subject": "7", "recorded-or-robo": "Y", "city": "Princeton", "state": "TX", "area-code": "214"}, {"id": "deca54a6651fb9add5b4a9816c94e26e", "number": "7252397731", "date": "2021-01-22 02:00:00", "subject": "8", "recorded-or-robo": "Y", "city": "Las Vegas", "state": "NV", "area-code": "702"}, {"id": "b6a8da8b80f26332ed085cca2dffd332", "number": "7252397731", "date": "2021-01-22 02:00:00", "subject": "8", "recorded-or-robo": "Y", "city": "Las Vegas", "state": "NV", "area-code": "702"}, {"id": "deca54a6651fb9add5b4a9816c94e0f1", "number": "2029982903", "date": "2021-01-22 13:52:00", "subject": "2", "recorded-or-robo": "", "city": "El Cerrito", "state": "CA", "area-code": "510"}, {"id": "b6a8da8b80f26332ed085cca2dffc7ed", "number": "2029982903", "date": "2021-01-22 13:52:00", "subject": "2", "recorded-or-robo": "", "city": "El Cerrito", "state": "CA", "area-code": "510"}, {"id": "deca54a6651fb9add5b4a9816c94d44c", "number": "7579552778", "date": "2021-01-22 02:57:00", "subject": "1", "recorded-or-robo": "Y", "city": "", "state": "VA", "area-code": "757"}, {"id": "b6a8da8b80f26332ed085cca2dffc12c", "number": "7579552778", "date": "2021-01-22 02:57:00", "subject": "1", "recorded-or-robo": "Y", "city": "", "state": "VA", "area-code": "757"}, {"id": "e81c9350d54f66c6d33b3747ee4e4b0e", "number": "+19042765916", "date": "2021-01-22 17:02:59", "subject": "3", "recorded-or-robo": "Y", "city": "", "state": "FL", "area-code": "954"}, {"id": "deca54a6651fb9add5b4a9816ce2b57f", "number": "+19042765916", "date": "2021-01-22 17:02:59", "subject": "3", "recorded-or-robo": "Y", "city": "", "state": "FL", "area-code": "954"}, {"id": "e81c9350d54f66c6d33b3747ee4e70ac", "number": "4073072444", "date": "2021-01-22 17:02:57", "subject": "3", "recorded-or-robo": "N", "city": "", "state": "FL", "area-code": "352"}, {"id": "deca54a6651fb9add5b4a9816ce2e089", "number": "4073072444", "date": "2021-01-22 17:02:57", "subject": "3", "recorded-or-robo": "N", "city": "", "state": "FL", "area-code": "352"}, {"id": "deca54a6651fb9add5b4a9816c94d271", "number": "", "date": "2021-01-22 16:16:00", "subject": "1", "recorded-or-robo": "Y", "city": "Erie", "state": "PA", "area-code": "814"}, {"id": "b6a8da8b80f26332ed085cca2dffb3b0", "number": "", "date": "2021-01-22 16:16:00", "subject": "1", "recorded-or-robo": "Y", "city": "Erie", "state": "PA", "area-code": "814"}, {"id": "deca54a6651fb9add5b4a9816c94cc00", "number": "3184267618", "date": "2021-01-22 04:48:00", "subject": "4", "recorded-or-robo": "Y", "city": "Ringgold", "state": "LA", "area-code": "318"}, {"id": "b6a8da8b80f26332ed085cca2dffb347", "number": "3184267618", "date": "2021-01-22 04:48:00", "subject": "4", "recorded-or-robo": "Y", "city": "Ringgold", "state": "LA", "area-code": "318"}, {"id": "deca54a6651fb9add5b4a9816c94c16c", "number": "4029044290", "date": "2021-01-22 15:25:00", "subject": "2", "recorded-or-robo": "Y", "city": "Fairbury", "state": "NE", "area-code": "402"}, {"id": "b6a8da8b80f26332ed085cca2dffae1e", "number": "4029044290", "date": "2021-01-22 15:25:00", "subject": "2", "recorded-or-robo": "Y", "city": "Fairbury", "state": "NE", "area-code": "402"}, {"id": "deca54a6651fb9add5b4a9816c94bcb8", "number": "3159318068", "date": "2021-01-22 16:58:00", "subject": "2", "recorded-or-robo": "Y", "city": "", "state": "MO", "area-code": "636"}, {"id": "b6a8da8b80f26332ed085cca2dff9fb8", "number": "3159318068", "date": "2021-01-22 16:58:00", "subject": "2", "recorded-or-robo": "Y", "city": "", "state": "MO", "area-code": "636"}, {"id": "deca54a6651fb9add5b4a9816c94b50a", "number": "", "date": "2021-01-22 15:01:00", "subject": "1", "recorded-or-robo": "Y", "city": "", "state": "AZ", "area-code": "520"}, {"id": "b6a8da8b80f26332ed085cca2dff9722", "number": "", "date": "2021-01-22 15:01:00", "subject": "1", "recorded-or-robo": "Y", "city": "", "state": "AZ", "area-code": "520"}, {"id": "deca54a6651fb9add5b4a9816c94a59e", "number": "2407877540", "date": "2021-01-20 10:13:00", "subject": "2", "recorded-or-robo": "Y", "city": "Leonardtown", "state": "MD", "area-code": "240"}, {"id": "b6a8da8b80f26332ed085cca2dff8cac", "number": "2407877540", "date": "2021-01-20 10:13:00", "subject": "2", "recorded-or-robo": "Y", "city": "Leonardtown", "state": "MD", "area-code": "240"}, {"id": "deca54a6651fb9add5b4a9816c949c4c", "number": "9408469623", "date": "2021-01-22 12:43:00", "subject": "4", "recorded-or-robo": "Y", "city": "Bronx", "state": "NY", "area-code": "512"}, {"id": "b6a8da8b80f26332ed085cca2dff8c48", "number": "9408469623", "date": "2021-01-22 12:43:00", "subject": "4", "recorded-or-robo": "Y", "city": "Bronx", "state": "NY", "area-code": "512"}, {"id": "e81c9350d54f66c6d33b3747ee4e84a6", "number": "+15017034421", "date": "2021-01-22 17:02:34", "subject": "3", "recorded-or-robo": "Y", "city": "", "state": "TX", "area-code": "915"}, {"id": "deca54a6651fb9add5b4a9816ce2f4fd", "number": "+15017034421", "date": "2021-01-22 17:02:34", "subject": "3", "recorded-or-robo": "Y", "city": "", "state": "TX", "area-code": "915"}, {"id": "deca54a6651fb9add5b4a9816c949982", "number": "2063905985", "date": "2021-01-22 14:00:00", "subject": "1", "recorded-or-robo": "Y", "city": "", "state": "WA", "area-code": "206"}, {"id": "deca54a6651fb9add5b4a9816c9493be", "number": "3138218214", "date": "2021-01-22 16:00:00", "subject": "2", "recorded-or-robo": "N", "city": "Detroit", "state": "MI", "area-code": "313"}, {"id": "b6a8da8b80f26332ed085cca2dff8b64", "number": "2063905985", "date": "2021-01-22 14:00:00", "subject": "1", "recorded-or-robo": "Y", "city": "", "state": "WA", "area-code": "206"}, {"id": "b6a8da8b80f26332ed085cca2dff8aa5", "number": "3138218214", "date": "2021-01-22 16:00:00", "subject": "2", "recorded-or-robo": "N", "city": "Detroit", "state": "MI", "area-code": "313"}, {"id": "deca54a6651fb9add5b4a9816c949113", "number": "5746549377", "date": "2021-01-22 16:50:00", "subject": "2", "recorded-or-robo": "Y", "city": "Indiana", "state": "IN", "area-code": "575"}, {"id": "b6a8da8b80f26332ed085cca2dff7b4b", "number": "5746549377", "date": "2021-01-22 16:50:00", "subject": "2", "recorded-or-robo": "Y", "city": "Indiana", "state": "IN", "area-code": "575"}, {"id": "deca54a6651fb9add5b4a9816c9487b4", "number": "8585868357", "date": "2021-01-22 13:58:00", "subject": "1", "recorded-or-robo": "Y", "city": "San Diego", "state": "CA", "area-code": "858"}, {"id": "b6a8da8b80f26332ed085cca2dff79ed", "number": "8585868357", "date": "2021-01-22 13:58:00", "subject": "1", "recorded-or-robo": "Y", "city": "San Diego", "state": "CA", "area-code": "858"}, {"id": "deca54a6651fb9add5b4a9816c947b7f", "number": "9169260207", "date": "2021-01-22 13:44:00", "subject": "0", "recorded-or-robo": "N", "city": "Redding", "state": "CA", "area-code": "530"}, {"id": "b6a8da8b80f26332ed085cca2dff6fe9", "number": "9169260207", "date": "2021-01-22 13:44:00", "subject": "0", "recorded-or-robo": "N", "city": "Redding", "state": "CA", "area-code": "530"}, {"id": "e81c9350d54f66c6d33b3747ee4eb0aa", "number": "+18503912612", "date": "2021-01-22 17:02:09", "subject": "3", "recorded-or-robo": "Y", "city": "", "state": "TX", "area-code": "915"}, {"id": "deca54a6651fb9add5b4a9816ce31ced", "number": "+18503912612", "date": "2021-01-22 17:02:09", "subject": "3", "recorded-or-robo": "Y", "city": "", "state": "TX", "area-code": "915"}, {"id": "deca54a6651fb9add5b4a9816c9470ef", "number": "4632291067", "date": "2021-01-21 10:52:00", "subject": "2", "recorded-or-robo": "N", "city": "Michigan City", "state": "IN", "area-code": "219"}]}