{"data": [{"id": "deca54a6651fb9add5b4a9816cbd0cea", "number": "9785747066", "date": "2021-01-22 16:57:00", "subject": "2", "recorded-or-robo": "Y", "city": "dania", "state": "FL", "area-code": "954"}, {"id": "e81c9350d54f66c6d33b3747ee27ca55", "number": "6198417349", "date": "2021-01-22 09:41:00", "subject": "0", "recorded-or-robo": "N", "city": "", "state": "PA", "area-code": "610"}, {"id": "deca54a6651fb9add5b4a9816cbcf908", "number": "6198417349", "date": "2021-01-22 09:41:00", "subject": "0", "recorded-or-robo": "N", "city": "", "state": "PA", "area-code": "610"}, {"id": "e81c9350d54f66c6d33b3747ee27c299", "number": "2103388952", "date": "2021-01-22 16:21:00", "subject": "3", "recorded-or-robo": "Y", "city": "", "state": "TX", "area-code": "210"}, {"id": "deca54a6651fb9add5b4a9816cbcf2f3", "number": "2103388952", "date": "2021-01-22 16:21:00", "subject": "3", "recorded-or-robo": "Y", "city": "", "state": "TX", "area-code": "210"}, {"id": "e81c9350d54f66c6d33b3747ee27be47", "number": "5204414104", "date": "2021-01-14 00:00:00", "subject": "3", "recorded-or-robo": "Y", "city": "", "state": "AZ", "area-code": "520"}, {"id": "deca54a6651fb9add5b4a9816cbced32", "number": "5204414104", "date": "2021-01-14 00:00:00", "subject": "3", "recorded-or-robo": "Y", "city": "", "state": "AZ", "area-code": "520"}, {"id": "e81c9350d54f66c6d33b3747ee26a008", "number": "6412067162", "date": "2021-01-22 17:05:00", "subject": "3", "recorded-or-robo": "N", "city": "", "state": "IA", "area-code": "563"}, {"id": "deca54a6651fb9add5b4a9816cbbdbe4", "number": "6412067162", "date": "2021-01-22 17:05:00", "subject": "3", "recorded-or-robo": "N", "city": "", "state": "IA", "area-code": "563"}, {"id": "e81c9350d54f66c6d33b3747ee5d3b4b", "number": "2148844357", "date": "2021-01-21 17:52:00", "subject": "3", "recorded-or-robo": "N", "city": "", "state": "TX", "area-code": "214"}, {"id": "deca54a6651fb9add5b4a9816cf20aac", "number": "2148844357", "date": "2021-01-21 17:52:00", "subject": "3", "recorded-or-robo": "N", "city": "", "state": "TX", "area-code": "214"}, {"id": "e81c9350d54f66c6d33b3747ee27af2b", "number": "918408060", "date": "2021-01-21 13:04:00", "subject": "2", "recorded-or-robo": "N", "city": "Huntington Beach", "state": "CA", "area-code": "818"}, {"id": "deca54a6651fb9add5b4a9816cbce6b9", "number": "918408060", "date": "2021-01-21 13:04:00", "subject": "2", "recorded-or-robo": "N", "city": "Huntington Beach", "state": "CA", "area-code": "818"}, {"id": "e81c9350d54f66c6d33b3747ee577aa2", "number": "+18312695831", "date": "2021-01-22 18:08:11", "subject": "3", "recorded-or-robo": "N", "city": "", "state": "CA", "area-code": "949"}, {"id": "e81c9350d54f66c6d33b3747ee27a78b", "number": "8646374751", "date": "2021-01-22 09:19:00", "subject": "2", "recorded-or-robo": "Y", "city": "Fort Scott", "state": "SC", "area-code": "864"}, {"id": "deca54a6651fb9add5b4a9816cebf0af", "number": "+18312695831", "date": "2021-01-22 18:08:11", "subject": "3", "recorded-or-robo": "N", "city": "", "state": "CA", "area-code": "949"}, {"id": "deca54a6651fb9add5b4a9816cbcded9", "number": "8646374751", "date": "2021-01-22 09:19:00", "subject": "2", "recorded-or-robo": "Y", "city": "Fort Scott", "state": "SC", "area-code": "864"}, {"id": "e81c9350d54f66c6d33b3747ee571788", "number": "3027211203", "date": "2021-01-22 18:08:10", "subject": "3", "recorded-or-robo": "N", "city": "", "state": "DE", "area-code": "302"}, {"id": "e81c9350d54f66c6d33b3747ee279f94", "number": "7193016772", "date": "2021-01-22 11:43:00", "subject": "4", "recorded-or-robo": "Y", "city": "CLINTON", "state": "UT", "area-code": "719"}, {"id": "deca54a6651fb9add5b4a9816ceb8a5d", "number": "3027211203", "date": "2021-01-22 18:08:10", "subject": "3", "recorded-or-robo": "N", "city": "", "state": "DE", "area-code": "302"}, {"id": "deca54a6651fb9add5b4a9816cbcde93", "number": "7193016772", "date": "2021-01-22 11:43:00", "subject": "4", "recorded-or-robo": "Y", "city": "CLINTON", "state": "UT", "area-code": "719"}, {"id": "e81c9350d54f66c6d33b3747ee2792dc", "number": "3153101841", "date": "2021-01-22 14:40:00", "subject": "1", "recorded-or-robo": "Y", "city": "Mesquite", "state": "NV", "area-code": "435"}, {"id": "deca54a6651fb9add5b4a9816cbcd404", "number": "3153101841", "date": "2021-01-22 14:40:00", "subject": "1", "recorded-or-robo": "Y", "city": "Mesquite", "state": "NV", "area-code": "435"}, {"id": "e81c9350d54f66c6d33b3747ee278b66", "number": "3309130759", "date": "2021-01-21 11:28:00", "subject": "5", "recorded-or-robo": "N", "city": "Uniontown", "state": "OH", "area-code": "330"}, {"id": "deca54a6651fb9add5b4a9816cbcd231", "number": "3309130759", "date": "2021-01-21 11:28:00", "subject": "5", "recorded-or-robo": "N", "city": "Uniontown", "state": "OH", "area-code": "330"}, {"id": "e81c9350d54f66c6d33b3747ee278317", "number": "6506128152", "date": "2021-01-21 11:42:00", "subject": "1", "recorded-or-robo": "Y", "city": "Valley Springs", "state": "CA", "area-code": "650"}, {"id": "e81c9350d54f66c6d33b3747ee2775ba", "number": "2175132724", "date": "2021-01-22 17:04:00", "subject": "4", "recorded-or-robo": "Y", "city": "St. Paul", "state": "MN", "area-code": "217"}, {"id": "deca54a6651fb9add5b4a9816cbccf9c", "number": "6506128152", "date": "2021-01-21 11:42:00", "subject": "1", "recorded-or-robo": "Y", "city": "Valley Springs", "state": "CA", "area-code": "650"}, {"id": "deca54a6651fb9add5b4a9816cbcc485", "number": "2175132724", "date": "2021-01-22 17:04:00", "subject": "4", "recorded-or-robo": "Y", "city": "St. Paul", "state": "MN", "area-code": "217"}, {"id": "e81c9350d54f66c6d33b3747ee575c7c", "number": "3027211203", "date": "2021-01-22 18:08:02", "subject": "3", "recorded-or-robo": "Y", "city": "", "state": "DE", "area-code": "302"}, {"id": "deca54a6651fb9add5b4a9816cebd7f2", "number": "3027211203", "date": "2021-01-22 18:08:02", "subject": "3", "recorded-or-robo": "Y", "city": "", "state": "DE", "area-code": "302"}, {"id": "e81c9350d54f66c6d33b3747ee2770ce", "number": "5048268308", "date": "2021-01-22 00:00:00", "subject": "3", "recorded-or-robo": "Y", "city": "", "state": "AZ", "area-code": "520"}, {"id": "deca54a6651fb9add5b4a9816cbcbec7", "number": "5048268308", "date": "2021-01-22 00:00:00", "subject": "3", "recorded-or-robo": "Y", "city": "", "state": "AZ", "area-code": "520"}, {"id": "e81c9350d54f66c6d33b3747ee27664a", "number": "9162315378", "date": "2021-01-22 14:52:00", "subject": "0", "recorded-or-robo": "Y", "city": "", "state": "CA", "area-code": "916"}, {"id": "deca54a6651fb9add5b4a9816cbcb9ca", "number": "9162315378", "date": "2021-01-22 14:52:00", "subject": "0", "recorded-or-robo": "Y", "city": "", "state": "CA", "area-code": "916"}, {"id": "e81c9350d54f66c6d33b3747ee276020", "number": "6787840738", "date": "2021-01-21 18:00:00", "subject": "4", "recorded-or-robo": "Y", "city": "Loganville", "state": "GA", "area-code": "678"}, {"id": "deca54a6651fb9add5b4a9816cbcac9a", "number": "6787840738", "date": "2021-01-21 18:00:00", "subject": "4", "recorded-or-robo": "Y", "city": "Loganville", "state": "GA", "area-code": "678"}, {"id": "e81c9350d54f66c6d33b3747ee2752df", "number": "", "date": "2021-01-13 13:17:00", "subject": "0", "recorded-or-robo": "Y", "city": "Old Bridge", "state": "NJ", "area-code": "973"}, {"id": "deca54a6651fb9add5b4a9816cbc9f54", "number": "", "date": "2021-01-13 13:17:00", "subject": "0", "recorded-or-robo": "Y", "city": "Old Bridge", "state": "NJ", "area-code": "973"}, {"id": "e81c9350d54f66c6d33b3747ee572548", "number": "3022060008", "date": "2021-01-22 18:07:52", "subject": "3", "recorded-or-robo": "Y", "city": "", "state": "DE", "area-code": "302"}, {"id": "deca54a6651fb9add5b4a9816ceb9a07", "number": "3022060008", "date": "2021-01-22 18:07:52", "subject": "3", "recorded-or-robo": "Y", "city": "", "state": "DE", "area-code": "302"}, {"id": "e81c9350d54f66c6d33b3747ee2749f6", "number": "5048146424", "date": "2021-01-22 16:39:00", "subject": "0", "recorded-or-robo": "Y", "city": "", "state": "TX", "area-code": "210"}, {"id": "deca54a6651fb9add5b4a9816cbc959c", "number": "5048146424", "date": "2021-01-22 16:39:00", "subject": "0", "recorded-or-robo": "Y", "city": "", "state": "TX", "area-code": "210"}, {"id": "e81c9350d54f66c6d33b3747ee273a40", "number": "9544336857", "date": "2021-01-21 09:14:00", "subject": "0", "recorded-or-robo": "Y", "city": "Spring", "state": "TX", "area-code": "281"}, {"id": "e81c9350d54f66c6d33b3747ee272a48", "number": "6369224182", "date": "2021-01-22 16:38:00", "subject": "1", "recorded-or-robo": "Y", "city": "St Charles", "state": "MO", "area-code": "636"}, {"id": "deca54a6651fb9add5b4a9816cbc87c6", "number": "9544336857", "date": "2021-01-21 09:14:00", "subject": "0", "recorded-or-robo": "Y", "city": "Spring", "state": "TX", "area-code": "281"}, {"id": "deca54a6651fb9add5b4a9816cbc820e", "number": "6369224182", "date": "2021-01-22 16:38:00", "subject": "1", "recorded-or-robo": "Y", "city": "St Charles", "state": "MO", "area-code": "636"}, {"id": "e81c9350d54f66c6d33b3747ee27290b", "number": "8646408997", "date": "2021-01-22 00:00:00", "subject": "3", "recorded-or-robo": "Y", "city": "", "state": "AZ", "area-code": "520"}, {"id": "e81c9350d54f66c6d33b3747ee272056", "number": "6152289440", "date": "2021-01-22 17:03:00", "subject": "2", "recorded-or-robo": "Y", "city": "", "state": "TN", "area-code": "615"}, {"id": "deca54a6651fb9add5b4a9816cbc7d1b", "number": "8646408997", "date": "2021-01-22 00:00:00", "subject": "3", "recorded-or-robo": "Y", "city": "", "state": "AZ", "area-code": "520"}]}