{"data": [{"id": "e81c9350d54f66c6d33b3747ee20376b", "number": "6198417921", "date": "2021-01-22 09:30:00", "subject": "0", "recorded-or-robo": "N", "city": "CAMARILLO", "state": "CA", "area-code": "805"}, {"id": "deca54a6651fb9add5b4a9816cb5685d", "number": "8024513238", "date": "2021-01-22 00:00:00", "subject": "9", "recorded-or-robo": "Y", "city": "New Windsor", "state": "NY", "area-code": "802"}, {"id": "deca54a6651fb9add5b4a9816cb567fa", "number": "6198417921", "date": "2021-01-22 09:30:00", "subject": "0", "recorded-or-robo": "N", "city": "CAMARILLO", "state": "CA", "area-code": "805"}, {"id": "e81c9350d54f66c6d33b3747ee54c380", "number": "4125380592", "date": "2021-01-22 17:55:47", "subject": "3", "recorded-or-robo": "Y", "city": "", "state": "PA", "area-code": "412"}, {"id": "deca54a6651fb9add5b4a9816ce94eff", "number": "4125380592", "date": "2021-01-22 17:55:47", "subject": "3", "recorded-or-robo": "Y", "city": "", "state": "PA", "area-code": "412"}, {"id": "e81c9350d54f66c6d33b3747ee55c180", "number": "4125380592", "date": "2021-01-22 17:55:46", "subject": "3", "recorded-or-robo": "Y", "city": "", "state": "PA", "area-code": "412"}, {"id": "e81c9350d54f66c6d33b3747ee203664", "number": "8063974932", "date": "2021-01-22 04:55:00", "subject": "4", "recorded-or-robo": "Y", "city": "", "state": "TX", "area-code": "806"}, {"id": "deca54a6651fb9add5b4a9816cea31ad", "number": "4125380592", "date": "2021-01-22 17:55:46", "subject": "3", "recorded-or-robo": "Y", "city": "", "state": "PA", "area-code": "412"}, {"id": "deca54a6651fb9add5b4a9816cb56770", "number": "8063974932", "date": "2021-01-22 04:55:00", "subject": "4", "recorded-or-robo": "Y", "city": "", "state": "TX", "area-code": "806"}, {"id": "e81c9350d54f66c6d33b3747ee554914", "number": "8505230913", "date": "2021-01-22 17:55:42", "subject": "3", "recorded-or-robo": "Y", "city": "", "state": "FL", "area-code": "850"}, {"id": "deca54a6651fb9add5b4a9816ce9c2fd", "number": "8505230913", "date": "2021-01-22 17:55:42", "subject": "3", "recorded-or-robo": "Y", "city": "", "state": "FL", "area-code": "850"}, {"id": "e81c9350d54f66c6d33b3747ee5d0bad", "number": "3144817210", "date": "2021-01-22 16:06:00", "subject": "3", "recorded-or-robo": "Y", "city": "", "state": "MO", "area-code": "314"}, {"id": "deca54a6651fb9add5b4a9816cf1d496", "number": "3144817210", "date": "2021-01-22 16:06:00", "subject": "3", "recorded-or-robo": "Y", "city": "", "state": "MO", "area-code": "314"}, {"id": "e81c9350d54f66c6d33b3747ee202eeb", "number": "7372418908", "date": "2021-01-22 11:15:00", "subject": "2", "recorded-or-robo": "N", "city": "Huntington Beach", "state": "CA", "area-code": "818"}, {"id": "deca54a6651fb9add5b4a9816cb55cb0", "number": "7372418908", "date": "2021-01-22 11:15:00", "subject": "2", "recorded-or-robo": "N", "city": "Huntington Beach", "state": "CA", "area-code": "818"}, {"id": "e81c9350d54f66c6d33b3747ee5cfdd3", "number": "", "date": "2021-01-21 14:30:00", "subject": "3", "recorded-or-robo": "Y", "city": "", "state": "NC", "area-code": "919"}, {"id": "deca54a6651fb9add5b4a9816cf1cf76", "number": "", "date": "2021-01-21 14:30:00", "subject": "3", "recorded-or-robo": "Y", "city": "", "state": "NC", "area-code": "919"}, {"id": "e81c9350d54f66c6d33b3747ee202aa3", "number": "9377473677", "date": "2021-01-22 05:52:00", "subject": "9", "recorded-or-robo": "Y", "city": "Galloway", "state": "OH", "area-code": "614"}, {"id": "deca54a6651fb9add5b4a9816cb55256", "number": "9377473677", "date": "2021-01-22 05:52:00", "subject": "9", "recorded-or-robo": "Y", "city": "Galloway", "state": "OH", "area-code": "614"}, {"id": "e81c9350d54f66c6d33b3747ee202982", "number": "6315450708", "date": "2021-01-22 17:52:00", "subject": "0", "recorded-or-robo": "Y", "city": "", "state": "NY", "area-code": "631"}, {"id": "e81c9350d54f66c6d33b3747ee202761", "number": "6264111678", "date": "2021-01-22 08:20:00", "subject": "4", "recorded-or-robo": "Y", "city": "Orange", "state": "CA", "area-code": "714"}, {"id": "deca54a6651fb9add5b4a9816cb54d9e", "number": "6315450708", "date": "2021-01-22 17:52:00", "subject": "0", "recorded-or-robo": "Y", "city": "", "state": "NY", "area-code": "631"}, {"id": "deca54a6651fb9add5b4a9816cb54074", "number": "6264111678", "date": "2021-01-22 08:20:00", "subject": "4", "recorded-or-robo": "Y", "city": "Orange", "state": "CA", "area-code": "714"}, {"id": "e81c9350d54f66c6d33b3747ee552ed8", "number": "+13033371459", "date": "2021-01-22 17:55:25", "subject": "3", "recorded-or-robo": "N", "city": "", "state": "CA", "area-code": "626"}, {"id": "e81c9350d54f66c6d33b3747ee2026bd", "number": "2059078519", "date": "2021-01-22 09:19:00", "subject": "2", "recorded-or-robo": "Y", "city": "", "state": "AL", "area-code": "205"}, {"id": "deca54a6651fb9add5b4a9816ce9b021", "number": "+13033371459", "date": "2021-01-22 17:55:25", "subject": "3", "recorded-or-robo": "N", "city": "", "state": "CA", "area-code": "626"}, {"id": "deca54a6651fb9add5b4a9816cb53d4f", "number": "2059078519", "date": "2021-01-22 09:19:00", "subject": "2", "recorded-or-robo": "Y", "city": "", "state": "AL", "area-code": "205"}, {"id": "e81c9350d54f66c6d33b3747ee2022f2", "number": "2693094403", "date": "2021-01-22 14:52:00", "subject": "0", "recorded-or-robo": "Y", "city": "Plymouth", "state": "MI", "area-code": "734"}, {"id": "deca54a6651fb9add5b4a9816cb52de0", "number": "2693094403", "date": "2021-01-22 14:52:00", "subject": "0", "recorded-or-robo": "Y", "city": "Plymouth", "state": "MI", "area-code": "734"}, {"id": "e81c9350d54f66c6d33b3747ee201e80", "number": "3152147099", "date": "2021-01-22 17:39:00", "subject": "0", "recorded-or-robo": "Y", "city": "DE KALB JUNCTION", "state": "NY", "area-code": "315"}, {"id": "deca54a6651fb9add5b4a9816cb52776", "number": "3152147099", "date": "2021-01-22 17:39:00", "subject": "0", "recorded-or-robo": "Y", "city": "DE KALB JUNCTION", "state": "NY", "area-code": "315"}, {"id": "e81c9350d54f66c6d33b3747ee55a3e1", "number": "8504275300", "date": "2021-01-22 17:55:15", "subject": "3", "recorded-or-robo": "Y", "city": "", "state": "FL", "area-code": "850"}, {"id": "e81c9350d54f66c6d33b3747ee2014b2", "number": "7153385926", "date": "2021-01-22 11:10:00", "subject": "2", "recorded-or-robo": "N", "city": "River Falls", "state": "WI", "area-code": "715"}, {"id": "deca54a6651fb9add5b4a9816cea15ff", "number": "8504275300", "date": "2021-01-22 17:55:15", "subject": "3", "recorded-or-robo": "Y", "city": "", "state": "FL", "area-code": "850"}, {"id": "deca54a6651fb9add5b4a9816cb524a7", "number": "7153385926", "date": "2021-01-22 11:10:00", "subject": "2", "recorded-or-robo": "N", "city": "River Falls", "state": "WI", "area-code": "715"}, {"id": "e81c9350d54f66c6d33b3747ee200cac", "number": "8656744020", "date": "2021-01-22 10:35:00", "subject": "2", "recorded-or-robo": "Y", "city": "Kingston", "state": "TN", "area-code": "865"}, {"id": "e81c9350d54f66c6d33b3747ee1fffde", "number": "7574228476", "date": "2021-01-22 17:06:00", "subject": "2", "recorded-or-robo": "Y", "city": "Alexandria", "state": "VA", "area-code": "703"}, {"id": "deca54a6651fb9add5b4a9816cb51562", "number": "8656744020", "date": "2021-01-22 10:35:00", "subject": "2", "recorded-or-robo": "Y", "city": "Kingston", "state": "TN", "area-code": "865"}, {"id": "deca54a6651fb9add5b4a9816cb51374", "number": "7574228476", "date": "2021-01-22 17:06:00", "subject": "2", "recorded-or-robo": "Y", "city": "Alexandria", "state": "VA", "area-code": "703"}, {"id": "e81c9350d54f66c6d33b3747ee1fff4f", "number": "8182494467", "date": "2021-01-22 11:20:00", "subject": "2", "recorded-or-robo": "N", "city": "Huntington Beach", "state": "CA", "area-code": "818"}, {"id": "deca54a6651fb9add5b4a9816cb50485", "number": "8182494467", "date": "2021-01-22 11:20:00", "subject": "2", "recorded-or-robo": "N", "city": "Huntington Beach", "state": "CA", "area-code": "818"}, {"id": "e81c9350d54f66c6d33b3747ee1ff0d0", "number": "8026525638", "date": "2021-01-19 16:36:00", "subject": "2", "recorded-or-robo": "Y", "city": "Chevy Chase", "state": "MD", "area-code": "301"}, {"id": "deca54a6651fb9add5b4a9816cb4ffc7", "number": "8026525638", "date": "2021-01-19 16:36:00", "subject": "2", "recorded-or-robo": "Y", "city": "Chevy Chase", "state": "MD", "area-code": "301"}, {"id": "e81c9350d54f66c6d33b3747ee5cf038", "number": "9891556506", "date": "2021-01-21 14:04:00", "subject": "3", "recorded-or-robo": "", "city": "", "state": "MI", "area-code": "989"}, {"id": "e81c9350d54f66c6d33b3747ee1ff02b", "number": "7405552312", "date": "2021-01-22 14:32:00", "subject": "2", "recorded-or-robo": "Y", "city": "san pedro", "state": "CA", "area-code": "740"}, {"id": "e81c9350d54f66c6d33b3747ee1fe69e", "number": "9495858267", "date": "2021-01-22 14:24:00", "subject": "4", "recorded-or-robo": "Y", "city": "Orange", "state": "CA", "area-code": "714"}, {"id": "deca54a6651fb9add5b4a9816cf1c88a", "number": "9891556506", "date": "2021-01-21 14:04:00", "subject": "3", "recorded-or-robo": "", "city": "", "state": "MI", "area-code": "989"}, {"id": "deca54a6651fb9add5b4a9816cb4f64d", "number": "7405552312", "date": "2021-01-22 14:32:00", "subject": "2", "recorded-or-robo": "Y", "city": "san pedro", "state": "CA", "area-code": "740"}, {"id": "deca54a6651fb9add5b4a9816cb4ee2a", "number": "9495858267", "date": "2021-01-22 14:24:00", "subject": "4", "recorded-or-robo": "Y", "city": "Orange", "state": "CA", "area-code": "714"}, {"id": "e81c9350d54f66c6d33b3747ee1fdfdb", "number": "2019320640", "date": "2021-01-21 00:00:00", "subject": "2", "recorded-or-robo": "Y", "city": "", "state": "NJ", "area-code": "609"}]}