{"data": [{"id": "e81c9350d54f66c6d33b3747ee010d45", "number": "6503501805", "date": "2021-01-22 14:04:00", "subject": "2", "recorded-or-robo": "Y", "city": "", "state": "CA", "area-code": "650"}, {"id": "deca54a6651fb9add5b4a9816c962cd4", "number": "2029083097", "date": "2021-01-22 16:00:00", "subject": "8", "recorded-or-robo": "Y", "city": "", "state": "MN", "area-code": "763"}, {"id": "deca54a6651fb9add5b4a9816c962a27", "number": "6503501805", "date": "2021-01-22 14:04:00", "subject": "2", "recorded-or-robo": "Y", "city": "", "state": "CA", "area-code": "650"}, {"id": "e81c9350d54f66c6d33b3747ee010c23", "number": "2577806", "date": "2021-01-22 17:00:00", "subject": "5", "recorded-or-robo": "Y", "city": "", "state": "NC", "area-code": "252"}, {"id": "deca54a6651fb9add5b4a9816c9627e2", "number": "2577806", "date": "2021-01-22 17:00:00", "subject": "5", "recorded-or-robo": "Y", "city": "", "state": "NC", "area-code": "252"}, {"id": "e81c9350d54f66c6d33b3747ee4ecc16", "number": "+15865257938", "date": "2021-01-22 17:05:41", "subject": "3", "recorded-or-robo": "N", "city": "", "state": "MI", "area-code": "248"}, {"id": "deca54a6651fb9add5b4a9816ce34696", "number": "+15865257938", "date": "2021-01-22 17:05:41", "subject": "3", "recorded-or-robo": "N", "city": "", "state": "MI", "area-code": "248"}, {"id": "e81c9350d54f66c6d33b3747ee4e9a0b", "number": "7184680514", "date": "2021-01-22 17:05:37", "subject": "3", "recorded-or-robo": "Y", "city": "", "state": "NY", "area-code": "718"}, {"id": "deca54a6651fb9add5b4a9816ce30826", "number": "7184680514", "date": "2021-01-22 17:05:37", "subject": "3", "recorded-or-robo": "Y", "city": "", "state": "NY", "area-code": "718"}, {"id": "e81c9350d54f66c6d33b3747ee010a94", "number": "3035961395", "date": "2021-01-22 13:22:00", "subject": "4", "recorded-or-robo": "Y", "city": "Longmont", "state": "CO", "area-code": "720"}, {"id": "deca54a6651fb9add5b4a9816c9623d9", "number": "3035961395", "date": "2021-01-22 13:22:00", "subject": "4", "recorded-or-robo": "Y", "city": "Longmont", "state": "CO", "area-code": "720"}, {"id": "e81c9350d54f66c6d33b3747ee0106cd", "number": "5058145543", "date": "2021-01-22 14:54:00", "subject": "2", "recorded-or-robo": "Y", "city": "Colorado Springs", "state": "CO", "area-code": "719"}, {"id": "deca54a6651fb9add5b4a9816c9618d7", "number": "5058145543", "date": "2021-01-22 14:54:00", "subject": "2", "recorded-or-robo": "Y", "city": "Colorado Springs", "state": "CO", "area-code": "719"}, {"id": "e81c9350d54f66c6d33b3747ee00fad9", "number": "3602043819", "date": "2021-01-22 14:01:00", "subject": "1", "recorded-or-robo": "Y", "city": "Port Orchard", "state": "WA", "area-code": "360"}, {"id": "e81c9350d54f66c6d33b3747ee00f3c3", "number": "7572454772", "date": "2021-01-22 15:28:00", "subject": "1", "recorded-or-robo": "Y", "city": "", "state": "VA", "area-code": "757"}, {"id": "deca54a6651fb9add5b4a9816c961604", "number": "3602043819", "date": "2021-01-22 14:01:00", "subject": "1", "recorded-or-robo": "Y", "city": "Port Orchard", "state": "WA", "area-code": "360"}, {"id": "deca54a6651fb9add5b4a9816c9606a4", "number": "7572454772", "date": "2021-01-22 15:28:00", "subject": "1", "recorded-or-robo": "Y", "city": "", "state": "VA", "area-code": "757"}, {"id": "e81c9350d54f66c6d33b3747ee00e5e6", "number": "8885240692", "date": "2021-01-20 23:58:00", "subject": "1", "recorded-or-robo": "Y", "city": "Las Vegas", "state": "NV", "area-code": "702"}, {"id": "deca54a6651fb9add5b4a9816c960093", "number": "8885240692", "date": "2021-01-20 23:58:00", "subject": "1", "recorded-or-robo": "Y", "city": "Las Vegas", "state": "NV", "area-code": "702"}, {"id": "e81c9350d54f66c6d33b3747ee00df60", "number": "7547682544", "date": "2021-01-22 02:57:00", "subject": "2", "recorded-or-robo": "N", "city": "Albuquerque", "state": "NM", "area-code": "505"}, {"id": "deca54a6651fb9add5b4a9816c95f24b", "number": "7547682544", "date": "2021-01-22 02:57:00", "subject": "2", "recorded-or-robo": "N", "city": "Albuquerque", "state": "NM", "area-code": "505"}, {"id": "e81c9350d54f66c6d33b3747ee00d607", "number": "8189219431", "date": "2021-01-22 14:03:00", "subject": "5", "recorded-or-robo": "N", "city": "Los Angeles", "state": "CA", "area-code": "323"}, {"id": "e81c9350d54f66c6d33b3747ee00ad4f", "number": "4404790652", "date": "2021-01-22 11:44:00", "subject": "3", "recorded-or-robo": "N", "city": "", "state": "OH", "area-code": "440"}, {"id": "deca54a6651fb9add5b4a9816c95f1e1", "number": "8189219431", "date": "2021-01-22 14:03:00", "subject": "5", "recorded-or-robo": "N", "city": "Los Angeles", "state": "CA", "area-code": "323"}, {"id": "deca54a6651fb9add5b4a9816c95b38b", "number": "4404790652", "date": "2021-01-22 11:44:00", "subject": "3", "recorded-or-robo": "N", "city": "", "state": "OH", "area-code": "440"}, {"id": "e81c9350d54f66c6d33b3747ee00d1ff", "number": "7184681867", "date": "2021-01-20 12:54:00", "subject": "2", "recorded-or-robo": "Y", "city": "", "state": "NY", "area-code": "718"}, {"id": "deca54a6651fb9add5b4a9816c95eeba", "number": "7184681867", "date": "2021-01-20 12:54:00", "subject": "2", "recorded-or-robo": "Y", "city": "", "state": "NY", "area-code": "718"}, {"id": "e81c9350d54f66c6d33b3747ee00cfad", "number": "6019099774", "date": "2021-01-14 17:12:00", "subject": "2", "recorded-or-robo": "N", "city": "Leonardtown", "state": "MD", "area-code": "240"}, {"id": "e81c9350d54f66c6d33b3747ee00cd27", "number": "5107054164", "date": "2021-01-22 13:58:00", "subject": "5", "recorded-or-robo": "Y", "city": "El Cerrito", "state": "CA", "area-code": "510"}, {"id": "deca54a6651fb9add5b4a9816c95ebce", "number": "6019099774", "date": "2021-01-14 17:12:00", "subject": "2", "recorded-or-robo": "N", "city": "Leonardtown", "state": "MD", "area-code": "240"}, {"id": "deca54a6651fb9add5b4a9816c95e6fa", "number": "5107054164", "date": "2021-01-22 13:58:00", "subject": "5", "recorded-or-robo": "Y", "city": "El Cerrito", "state": "CA", "area-code": "510"}, {"id": "e81c9350d54f66c6d33b3747ee00cc42", "number": "8304837450", "date": "2021-01-22 15:03:00", "subject": "5", "recorded-or-robo": "Y", "city": "DALLAS", "state": "TX", "area-code": "214"}, {"id": "deca54a6651fb9add5b4a9816c95daf8", "number": "8304837450", "date": "2021-01-22 15:03:00", "subject": "5", "recorded-or-robo": "Y", "city": "DALLAS", "state": "TX", "area-code": "214"}, {"id": "e81c9350d54f66c6d33b3747ee5c1385", "number": "2675191486", "date": "2021-01-22 16:59:00", "subject": "3", "recorded-or-robo": "Y", "city": "", "state": "PA", "area-code": "267"}, {"id": "deca54a6651fb9add5b4a9816cf0d211", "number": "2675191486", "date": "2021-01-22 16:59:00", "subject": "3", "recorded-or-robo": "Y", "city": "", "state": "PA", "area-code": "267"}, {"id": "e81c9350d54f66c6d33b3747ee4e9075", "number": "8562118937", "date": "2021-01-22 17:05:02", "subject": "3", "recorded-or-robo": "Y", "city": "", "state": "NJ", "area-code": "732"}, {"id": "deca54a6651fb9add5b4a9816ce3057c", "number": "8562118937", "date": "2021-01-22 17:05:02", "subject": "3", "recorded-or-robo": "Y", "city": "", "state": "NJ", "area-code": "732"}, {"id": "e81c9350d54f66c6d33b3747ee00c252", "number": "5512984226", "date": "2021-01-22 16:59:00", "subject": "2", "recorded-or-robo": "Y", "city": "NUTLEY", "state": "NJ", "area-code": "973"}, {"id": "deca54a6651fb9add5b4a9816c95cd5d", "number": "5512984226", "date": "2021-01-22 16:59:00", "subject": "2", "recorded-or-robo": "Y", "city": "NUTLEY", "state": "NJ", "area-code": "973"}, {"id": "e81c9350d54f66c6d33b3747ee00be5a", "number": "9102754252", "date": "2021-01-22 17:03:00", "subject": "1", "recorded-or-robo": "Y", "city": "Fayetteville", "state": "NC", "area-code": "910"}, {"id": "deca54a6651fb9add5b4a9816c95ca4e", "number": "9102754252", "date": "2021-01-22 17:03:00", "subject": "1", "recorded-or-robo": "Y", "city": "Fayetteville", "state": "NC", "area-code": "910"}, {"id": "e81c9350d54f66c6d33b3747ee00bd3c", "number": "9132433380", "date": "2021-01-22 15:13:00", "subject": "6", "recorded-or-robo": "N", "city": "Olathe", "state": "KS", "area-code": "913"}, {"id": "deca54a6651fb9add5b4a9816c95bd31", "number": "9132433380", "date": "2021-01-22 15:13:00", "subject": "6", "recorded-or-robo": "N", "city": "Olathe", "state": "KS", "area-code": "913"}, {"id": "e81c9350d54f66c6d33b3747ee4e67b9", "number": "+15865257938", "date": "2021-01-22 17:04:48", "subject": "3", "recorded-or-robo": "N", "city": "", "state": "MI", "area-code": "248"}, {"id": "deca54a6651fb9add5b4a9816ce2d77c", "number": "+15865257938", "date": "2021-01-22 17:04:48", "subject": "3", "recorded-or-robo": "N", "city": "", "state": "MI", "area-code": "248"}, {"id": "e81c9350d54f66c6d33b3747ee00a121", "number": "9252321715", "date": "2021-01-22 11:14:00", "subject": "4", "recorded-or-robo": "Y", "city": "La Honda", "state": "CA", "area-code": "650"}, {"id": "deca54a6651fb9add5b4a9816c95a3e2", "number": "9252321715", "date": "2021-01-22 11:14:00", "subject": "4", "recorded-or-robo": "Y", "city": "La Honda", "state": "CA", "area-code": "650"}, {"id": "e81c9350d54f66c6d33b3747ee0095e5", "number": "3184269244", "date": "2021-01-22 03:50:00", "subject": "2", "recorded-or-robo": "N", "city": "Ringgold", "state": "LA", "area-code": "318"}, {"id": "deca54a6651fb9add5b4a9816c95a1db", "number": "3184269244", "date": "2021-01-22 03:50:00", "subject": "2", "recorded-or-robo": "N", "city": "Ringgold", "state": "LA", "area-code": "318"}, {"id": "e81c9350d54f66c6d33b3747ee008641", "number": "6306899863", "date": "2021-01-22 15:59:00", "subject": "1", "recorded-or-robo": "Y", "city": "DeKalb", "state": "IL", "area-code": "630"}]}