{"data": [{"id": "deca54a6651fb9add5b4a9816cb29d62", "number": "3013291738", "date": "2021-01-22 12:28:00", "subject": "4", "recorded-or-robo": "Y", "city": "Chevy Chase", "state": "MD", "area-code": "301"}, {"id": "e81c9350d54f66c6d33b3747ee1d688d", "number": "7029003349", "date": "2021-01-22 13:14:00", "subject": "2", "recorded-or-robo": "N", "city": "So. Lake Tahoe", "state": "CA", "area-code": "775"}, {"id": "e81c9350d54f66c6d33b3747ee1d5f47", "number": "9736095166", "date": "2021-01-22 17:15:00", "subject": "3", "recorded-or-robo": "Y", "city": "Parsippany", "state": "NJ", "area-code": "973"}, {"id": "deca54a6651fb9add5b4a9816cb29176", "number": "7029003349", "date": "2021-01-22 13:14:00", "subject": "2", "recorded-or-robo": "N", "city": "So. Lake Tahoe", "state": "CA", "area-code": "775"}, {"id": "deca54a6651fb9add5b4a9816cb28ec8", "number": "9736095166", "date": "2021-01-22 17:15:00", "subject": "3", "recorded-or-robo": "Y", "city": "Parsippany", "state": "NJ", "area-code": "973"}, {"id": "e81c9350d54f66c6d33b3747ee1d5300", "number": "5126410377", "date": "2021-01-21 18:08:00", "subject": "2", "recorded-or-robo": "N", "city": "", "state": "TX", "area-code": "512"}, {"id": "deca54a6651fb9add5b4a9816cb28c2b", "number": "5126410377", "date": "2021-01-21 18:08:00", "subject": "2", "recorded-or-robo": "N", "city": "", "state": "TX", "area-code": "512"}, {"id": "e81c9350d54f66c6d33b3747ee53ec6b", "number": "+17865721719", "date": "2021-01-22 17:50:52", "subject": "3", "recorded-or-robo": "N", "city": "", "state": "FL", "area-code": "407"}, {"id": "deca54a6651fb9add5b4a9816ce855f2", "number": "+17865721719", "date": "2021-01-22 17:50:52", "subject": "3", "recorded-or-robo": "N", "city": "", "state": "FL", "area-code": "407"}, {"id": "e81c9350d54f66c6d33b3747ee1d4f3d", "number": "8645031429", "date": "2021-01-22 17:40:00", "subject": "6", "recorded-or-robo": "Y", "city": "", "state": "MI", "area-code": "517"}, {"id": "deca54a6651fb9add5b4a9816cb27ef1", "number": "8645031429", "date": "2021-01-22 17:40:00", "subject": "6", "recorded-or-robo": "Y", "city": "", "state": "MI", "area-code": "517"}, {"id": "e81c9350d54f66c6d33b3747ee1d4654", "number": "8861446087", "date": "2021-01-22 13:24:00", "subject": "2", "recorded-or-robo": "Y", "city": "", "state": "MS", "area-code": "662"}, {"id": "deca54a6651fb9add5b4a9816cb27c25", "number": "8861446087", "date": "2021-01-22 13:24:00", "subject": "2", "recorded-or-robo": "Y", "city": "", "state": "MS", "area-code": "662"}, {"id": "e81c9350d54f66c6d33b3747ee1d3664", "number": "6145154032", "date": "2021-01-22 14:20:00", "subject": "2", "recorded-or-robo": "N", "city": "columbus", "state": "OH", "area-code": "614"}, {"id": "deca54a6651fb9add5b4a9816cb27174", "number": "6145154032", "date": "2021-01-22 14:20:00", "subject": "2", "recorded-or-robo": "N", "city": "columbus", "state": "OH", "area-code": "614"}, {"id": "e81c9350d54f66c6d33b3747ee540a18", "number": "+17865721719", "date": "2021-01-22 17:50:34", "subject": "3", "recorded-or-robo": "N", "city": "", "state": "FL", "area-code": "407"}, {"id": "e81c9350d54f66c6d33b3747ee1d2d6f", "number": "6052266520", "date": "2021-01-22 15:54:00", "subject": "5", "recorded-or-robo": "Y", "city": "Greenfield", "state": "WI", "area-code": "414"}, {"id": "deca54a6651fb9add5b4a9816ce87eaa", "number": "+17865721719", "date": "2021-01-22 17:50:34", "subject": "3", "recorded-or-robo": "N", "city": "", "state": "FL", "area-code": "407"}, {"id": "deca54a6651fb9add5b4a9816cb26c7d", "number": "6052266520", "date": "2021-01-22 15:54:00", "subject": "5", "recorded-or-robo": "Y", "city": "Greenfield", "state": "WI", "area-code": "414"}, {"id": "e81c9350d54f66c6d33b3747ee1d2a81", "number": "9737862428", "date": "2021-01-22 16:11:00", "subject": "0", "recorded-or-robo": "", "city": "Millsboro", "state": "DE", "area-code": "302"}, {"id": "deca54a6651fb9add5b4a9816cb2618f", "number": "9737862428", "date": "2021-01-22 16:11:00", "subject": "0", "recorded-or-robo": "", "city": "Millsboro", "state": "DE", "area-code": "302"}, {"id": "e81c9350d54f66c6d33b3747ee1d1f49", "number": "8182304065", "date": "2021-01-21 19:01:00", "subject": "3", "recorded-or-robo": "N", "city": "", "state": "CA", "area-code": "818"}, {"id": "deca54a6651fb9add5b4a9816cb25b5e", "number": "8182304065", "date": "2021-01-21 19:01:00", "subject": "3", "recorded-or-robo": "N", "city": "", "state": "CA", "area-code": "818"}, {"id": "e81c9350d54f66c6d33b3747ee1d16a9", "number": "8603564644", "date": "2021-01-22 16:52:00", "subject": "7", "recorded-or-robo": "N", "city": "Jacksonville", "state": "FL", "area-code": "860"}, {"id": "deca54a6651fb9add5b4a9816cb251fe", "number": "8603564644", "date": "2021-01-22 16:52:00", "subject": "7", "recorded-or-robo": "N", "city": "Jacksonville", "state": "FL", "area-code": "860"}, {"id": "e81c9350d54f66c6d33b3747ee545baf", "number": "+12153853930", "date": "2021-01-22 17:50:15", "subject": "3", "recorded-or-robo": "Y", "city": "", "state": "PA", "area-code": "484"}, {"id": "deca54a6651fb9add5b4a9816ce8ce7c", "number": "+12153853930", "date": "2021-01-22 17:50:15", "subject": "3", "recorded-or-robo": "Y", "city": "", "state": "PA", "area-code": "484"}, {"id": "e81c9350d54f66c6d33b3747ee1d0c6c", "number": "6613518631", "date": "2021-01-21 13:34:00", "subject": "2", "recorded-or-robo": "Y", "city": "Bakersfield", "state": "CA", "area-code": "661"}, {"id": "deca54a6651fb9add5b4a9816cb24fef", "number": "6613518631", "date": "2021-01-21 13:34:00", "subject": "2", "recorded-or-robo": "Y", "city": "Bakersfield", "state": "CA", "area-code": "661"}, {"id": "e81c9350d54f66c6d33b3747ee5404a7", "number": "+17279778964", "date": "2021-01-22 17:50:01", "subject": "3", "recorded-or-robo": "Y", "city": "", "state": "FL", "area-code": "727"}, {"id": "deca54a6651fb9add5b4a9816ce86d83", "number": "+17279778964", "date": "2021-01-22 17:50:01", "subject": "3", "recorded-or-robo": "Y", "city": "", "state": "FL", "area-code": "727"}, {"id": "e81c9350d54f66c6d33b3747ee1d0ae9", "number": "3234703809", "date": "2021-01-21 17:13:00", "subject": "4", "recorded-or-robo": "", "city": "Anderson", "state": "CA", "area-code": "530"}, {"id": "deca54a6651fb9add5b4a9816cb2464f", "number": "3234703809", "date": "2021-01-21 17:13:00", "subject": "4", "recorded-or-robo": "", "city": "Anderson", "state": "CA", "area-code": "530"}, {"id": "e81c9350d54f66c6d33b3747ee54a07c", "number": "3025651959", "date": "2021-01-22 17:49:53", "subject": "3", "recorded-or-robo": "Y", "city": "", "state": "TX", "area-code": "713"}, {"id": "deca54a6651fb9add5b4a9816ce925de", "number": "3025651959", "date": "2021-01-22 17:49:53", "subject": "3", "recorded-or-robo": "Y", "city": "", "state": "TX", "area-code": "713"}, {"id": "e81c9350d54f66c6d33b3747ee1d079d", "number": "", "date": "2021-01-22 12:00:00", "subject": "1", "recorded-or-robo": "Y", "city": "", "state": "TX", "area-code": "432"}, {"id": "deca54a6651fb9add5b4a9816cb241e5", "number": "", "date": "2021-01-22 12:00:00", "subject": "1", "recorded-or-robo": "Y", "city": "", "state": "TX", "area-code": "432"}, {"id": "e81c9350d54f66c6d33b3747ee1d047f", "number": "8653764816", "date": "2021-01-22 16:59:00", "subject": "2", "recorded-or-robo": "Y", "city": "Kingston", "state": "TN", "area-code": "865"}, {"id": "e81c9350d54f66c6d33b3747ee1d0475", "number": "8315313411", "date": "2021-01-22 11:46:00", "subject": "4", "recorded-or-robo": "Y", "city": "Council Bluffs", "state": "IA", "area-code": "402"}, {"id": "deca54a6651fb9add5b4a9816cb23c5e", "number": "8653764816", "date": "2021-01-22 16:59:00", "subject": "2", "recorded-or-robo": "Y", "city": "Kingston", "state": "TN", "area-code": "865"}, {"id": "deca54a6651fb9add5b4a9816cb236ef", "number": "8315313411", "date": "2021-01-22 11:46:00", "subject": "4", "recorded-or-robo": "Y", "city": "Council Bluffs", "state": "IA", "area-code": "402"}, {"id": "e81c9350d54f66c6d33b3747ee1d00eb", "number": "3025493731", "date": "2021-01-20 10:56:00", "subject": "0", "recorded-or-robo": "", "city": "Millsboro", "state": "DE", "area-code": "302"}, {"id": "deca54a6651fb9add5b4a9816cb22e12", "number": "3025493731", "date": "2021-01-20 10:56:00", "subject": "0", "recorded-or-robo": "", "city": "Millsboro", "state": "DE", "area-code": "302"}, {"id": "e81c9350d54f66c6d33b3747ee1cf207", "number": "8433461068", "date": "2021-01-22 17:09:00", "subject": "3", "recorded-or-robo": "Y", "city": "", "state": "SC", "area-code": "843"}, {"id": "deca54a6651fb9add5b4a9816cb222ca", "number": "8433461068", "date": "2021-01-22 17:09:00", "subject": "3", "recorded-or-robo": "Y", "city": "", "state": "SC", "area-code": "843"}, {"id": "e81c9350d54f66c6d33b3747ee5499a5", "number": "+18177616963", "date": "2021-01-22 17:49:33", "subject": "3", "recorded-or-robo": "Y", "city": "", "state": "TX", "area-code": "214"}, {"id": "deca54a6651fb9add5b4a9816ce917e0", "number": "+18177616963", "date": "2021-01-22 17:49:33", "subject": "3", "recorded-or-robo": "Y", "city": "", "state": "TX", "area-code": "214"}, {"id": "e81c9350d54f66c6d33b3747ee1ce61b", "number": "3852185443", "date": "2021-01-22 14:44:00", "subject": "1", "recorded-or-robo": "Y", "city": "West Valley City", "state": "UT", "area-code": "385"}, {"id": "deca54a6651fb9add5b4a9816cb22163", "number": "3852185443", "date": "2021-01-22 14:44:00", "subject": "1", "recorded-or-robo": "Y", "city": "West Valley City", "state": "UT", "area-code": "385"}, {"id": "e81c9350d54f66c6d33b3747ee1cdb3a", "number": "8177411134", "date": "2021-01-22 16:45:00", "subject": "4", "recorded-or-robo": "Y", "city": "Lindale", "state": "TX", "area-code": "903"}]}