{"data": [{"id": "deca54a6651fb9add5b4a9816cf7a6ad", "number": "7658101938", "date": "2021-01-22 18:40:00", "subject": "5", "recorded-or-robo": "N", "city": "Massapequa", "state": "NY", "area-code": "516"}, {"id": "e81c9350d54f66c6d33b3747ee628a5c", "number": "2174509562", "date": "2021-01-22 13:21:00", "subject": "3", "recorded-or-robo": "N", "city": "Mt.zion", "state": "IL", "area-code": "217"}, {"id": "deca54a6651fb9add5b4a9816cf798d9", "number": "2174509562", "date": "2021-01-22 13:21:00", "subject": "3", "recorded-or-robo": "N", "city": "Mt.zion", "state": "IL", "area-code": "217"}, {"id": "e81c9350d54f66c6d33b3747ee627d8b", "number": "7709969149", "date": "2021-01-21 16:31:00", "subject": "2", "recorded-or-robo": "Y", "city": "Atlanta", "state": "GA", "area-code": "770"}, {"id": "deca54a6651fb9add5b4a9816cf78d48", "number": "7709969149", "date": "2021-01-21 16:31:00", "subject": "2", "recorded-or-robo": "Y", "city": "Atlanta", "state": "GA", "area-code": "770"}, {"id": "e81c9350d54f66c6d33b3747eea06b55", "number": "4709997922", "date": "2021-01-22 19:01:05", "subject": "3", "recorded-or-robo": "N", "city": "", "state": "GA", "area-code": "470"}, {"id": "e81c9350d54f66c6d33b3747ee627002", "number": "9209493058", "date": "2021-01-21 12:06:00", "subject": "4", "recorded-or-robo": "N", "city": "houston", "state": "CA", "area-code": "415"}, {"id": "e81c9350d54f66c6d33b3747ee6268f2", "number": "8884230900", "date": "2021-01-22 16:32:00", "subject": "4", "recorded-or-robo": "Y", "city": "Fort  Washington", "state": "MD", "area-code": "301"}, {"id": "deca54a6651fb9add5b4a9816cf78608", "number": "9209493058", "date": "2021-01-21 12:06:00", "subject": "4", "recorded-or-robo": "N", "city": "houston", "state": "CA", "area-code": "415"}, {"id": "deca54a6651fb9add5b4a9816cf77f7d", "number": "8884230900", "date": "2021-01-22 16:32:00", "subject": "4", "recorded-or-robo": "Y", "city": "Fort  Washington", "state": "MD", "area-code": "301"}, {"id": "1d36742e3f24f50e4e7ae828013591cf", "number": "4709997922", "date": "2021-01-22 19:01:05", "subject": "3", "recorded-or-robo": "N", "city": "", "state": "GA", "area-code": "470"}, {"id": "e81c9350d54f66c6d33b3747eea0d4f0", "number": "+14435907809", "date": "2021-01-22 19:01:03", "subject": "3", "recorded-or-robo": "Y", "city": "", "state": "MD", "area-code": "443"}, {"id": "1d36742e3f24f50e4e7ae8280135d7f3", "number": "+14435907809", "date": "2021-01-22 19:01:03", "subject": "3", "recorded-or-robo": "Y", "city": "", "state": "MD", "area-code": "443"}, {"id": "e81c9350d54f66c6d33b3747ee626039", "number": "3014538281", "date": "2021-01-20 11:29:00", "subject": "3", "recorded-or-robo": "N", "city": "Waldorf", "state": "MD", "area-code": "301"}, {"id": "deca54a6651fb9add5b4a9816cf7710b", "number": "3014538281", "date": "2021-01-20 11:29:00", "subject": "3", "recorded-or-robo": "N", "city": "Waldorf", "state": "MD", "area-code": "301"}, {"id": "e81c9350d54f66c6d33b3747ee625c4a", "number": "5619008904", "date": "2021-01-22 15:37:00", "subject": "2", "recorded-or-robo": "Y", "city": "Hyattville", "state": "MD", "area-code": "561"}, {"id": "deca54a6651fb9add5b4a9816cf76ab3", "number": "5619008904", "date": "2021-01-22 15:37:00", "subject": "2", "recorded-or-robo": "Y", "city": "Hyattville", "state": "MD", "area-code": "561"}, {"id": "e81c9350d54f66c6d33b3747ee625a45", "number": "8666626885", "date": "2021-01-22 08:20:00", "subject": "2", "recorded-or-robo": "Y", "city": "WHEAT RIDGE", "state": "CO", "area-code": "303"}, {"id": "deca54a6651fb9add5b4a9816cf76409", "number": "8666626885", "date": "2021-01-22 08:20:00", "subject": "2", "recorded-or-robo": "Y", "city": "WHEAT RIDGE", "state": "CO", "area-code": "303"}, {"id": "e81c9350d54f66c6d33b3747ee624f4c", "number": "7372253916", "date": "2021-01-22 13:41:00", "subject": "2", "recorded-or-robo": "N", "city": "", "state": "WI", "area-code": "608"}, {"id": "e81c9350d54f66c6d33b3747ee624208", "number": "3177694935", "date": "2021-01-22 06:44:00", "subject": "1", "recorded-or-robo": "N", "city": "Zionsville", "state": "IN", "area-code": "317"}, {"id": "deca54a6651fb9add5b4a9816cf758a1", "number": "7372253916", "date": "2021-01-22 13:41:00", "subject": "2", "recorded-or-robo": "N", "city": "", "state": "WI", "area-code": "608"}, {"id": "deca54a6651fb9add5b4a9816cf755dc", "number": "3177694935", "date": "2021-01-22 06:44:00", "subject": "1", "recorded-or-robo": "N", "city": "Zionsville", "state": "IN", "area-code": "317"}, {"id": "e81c9350d54f66c6d33b3747ee6232d3", "number": "7032148361", "date": "2021-01-20 14:50:00", "subject": "0", "recorded-or-robo": "Y", "city": "Manassas", "state": "VA", "area-code": "703"}, {"id": "e81c9350d54f66c6d33b3747ee622de3", "number": "7073060717", "date": "2021-01-22 16:48:00", "subject": "0", "recorded-or-robo": "Y", "city": "Santa Fe", "state": "NM", "area-code": "505"}, {"id": "deca54a6651fb9add5b4a9816cf74663", "number": "7032148361", "date": "2021-01-20 14:50:00", "subject": "0", "recorded-or-robo": "Y", "city": "Manassas", "state": "VA", "area-code": "703"}, {"id": "deca54a6651fb9add5b4a9816cf73b60", "number": "7073060717", "date": "2021-01-22 16:48:00", "subject": "0", "recorded-or-robo": "Y", "city": "Santa Fe", "state": "NM", "area-code": "505"}, {"id": "e81c9350d54f66c6d33b3747ee621df7", "number": "", "date": "2021-01-22 17:30:00", "subject": "1", "recorded-or-robo": "Y", "city": "Kingwood", "state": "TX", "area-code": "832"}, {"id": "deca54a6651fb9add5b4a9816cf72e81", "number": "", "date": "2021-01-22 17:30:00", "subject": "1", "recorded-or-robo": "Y", "city": "Kingwood", "state": "TX", "area-code": "832"}, {"id": "e81c9350d54f66c6d33b3747eea0f088", "number": "6146995158", "date": "2021-01-22 19:00:42", "subject": "3", "recorded-or-robo": "Y", "city": "", "state": "OH", "area-code": "614"}, {"id": "1d36742e3f24f50e4e7ae8280135eb05", "number": "6146995158", "date": "2021-01-22 19:00:42", "subject": "3", "recorded-or-robo": "Y", "city": "", "state": "OH", "area-code": "614"}, {"id": "e81c9350d54f66c6d33b3747ee621ce8", "number": "5078685179", "date": "2021-01-22 14:27:00", "subject": "0", "recorded-or-robo": "Y", "city": "Rochester", "state": "MN", "area-code": "507"}, {"id": "deca54a6651fb9add5b4a9816cf72c7d", "number": "5078685179", "date": "2021-01-22 14:27:00", "subject": "0", "recorded-or-robo": "Y", "city": "Rochester", "state": "MN", "area-code": "507"}, {"id": "e81c9350d54f66c6d33b3747ee621833", "number": "2083092751", "date": "2021-01-22 14:42:00", "subject": "0", "recorded-or-robo": "Y", "city": "Hailey", "state": "ID", "area-code": "208"}, {"id": "deca54a6651fb9add5b4a9816cf72beb", "number": "2083092751", "date": "2021-01-22 14:42:00", "subject": "0", "recorded-or-robo": "Y", "city": "Hailey", "state": "ID", "area-code": "208"}, {"id": "e81c9350d54f66c6d33b3747ee621076", "number": "9013206830", "date": "2021-01-22 18:55:00", "subject": "13", "recorded-or-robo": "Y", "city": "harrogate", "state": "TN", "area-code": "423"}, {"id": "deca54a6651fb9add5b4a9816cf72a12", "number": "9013206830", "date": "2021-01-22 18:55:00", "subject": "13", "recorded-or-robo": "Y", "city": "harrogate", "state": "TN", "area-code": "423"}, {"id": "e81c9350d54f66c6d33b3747eea05059", "number": "3208184109", "date": "2021-01-22 19:00:29", "subject": "3", "recorded-or-robo": "Y", "city": "", "state": "GA", "area-code": "404"}, {"id": "1d36742e3f24f50e4e7ae82801357115", "number": "3208184109", "date": "2021-01-22 19:00:29", "subject": "3", "recorded-or-robo": "Y", "city": "", "state": "GA", "area-code": "404"}, {"id": "e81c9350d54f66c6d33b3747ee620cf8", "number": "2058502653", "date": "2021-01-22 13:49:00", "subject": "0", "recorded-or-robo": "Y", "city": "Troy", "state": "MI", "area-code": "248"}, {"id": "deca54a6651fb9add5b4a9816cf720ab", "number": "2058502653", "date": "2021-01-22 13:49:00", "subject": "0", "recorded-or-robo": "Y", "city": "Troy", "state": "MI", "area-code": "248"}, {"id": "e81c9350d54f66c6d33b3747ee620294", "number": "7205906797", "date": "2021-01-22 15:53:00", "subject": "2", "recorded-or-robo": "Y", "city": "Thornton", "state": "CO", "area-code": "720"}, {"id": "deca54a6651fb9add5b4a9816cf71d24", "number": "7205906797", "date": "2021-01-22 15:53:00", "subject": "2", "recorded-or-robo": "Y", "city": "Thornton", "state": "CO", "area-code": "720"}, {"id": "e81c9350d54f66c6d33b3747ee61fa6c", "number": "2023015520", "date": "2021-01-22 11:21:00", "subject": "11", "recorded-or-robo": "Y", "city": "", "state": "Do", "area-code": "202"}, {"id": "deca54a6651fb9add5b4a9816cf71807", "number": "2023015520", "date": "2021-01-22 11:21:00", "subject": "11", "recorded-or-robo": "Y", "city": "", "state": "Do", "area-code": "202"}, {"id": "e81c9350d54f66c6d33b3747ee61ee7f", "number": "8328396928", "date": "2021-01-22 12:11:00", "subject": "4", "recorded-or-robo": "Y", "city": "BENBROOK", "state": "TX", "area-code": "817"}, {"id": "deca54a6651fb9add5b4a9816cf710d8", "number": "8328396928", "date": "2021-01-22 12:11:00", "subject": "4", "recorded-or-robo": "Y", "city": "BENBROOK", "state": "TX", "area-code": "817"}, {"id": "e81c9350d54f66c6d33b3747ee61e9ea", "number": "2172869320", "date": "2021-01-22 11:52:00", "subject": "2", "recorded-or-robo": "N", "city": "Mt.zion", "state": "IL", "area-code": "217"}, {"id": "deca54a6651fb9add5b4a9816cf70407", "number": "2172869320", "date": "2021-01-22 11:52:00", "subject": "2", "recorded-or-robo": "N", "city": "Mt.zion", "state": "IL", "area-code": "217"}, {"id": "e81c9350d54f66c6d33b3747eea14762", "number": "+12017977297", "date": "2021-01-22 19:00:04", "subject": "3", "recorded-or-robo": "Y", "city": "", "state": "NJ", "area-code": "201"}]}