{"data": [{"id": "deca54a6651fb9add5b4a9816ccda335", "number": "4137304745", "date": "2021-01-22 17:52:00", "subject": "3", "recorded-or-robo": "N", "city": "Seminole", "state": "MA", "area-code": "978"}, {"id": "e81c9350d54f66c6d33b3747ee38a7cf", "number": "7205721717", "date": "2021-01-22 15:26:00", "subject": "2", "recorded-or-robo": "Y", "city": "Clovis", "state": "CA", "area-code": "559"}, {"id": "deca54a6651fb9add5b4a9816ccda096", "number": "7205721717", "date": "2021-01-22 15:26:00", "subject": "2", "recorded-or-robo": "Y", "city": "Clovis", "state": "CA", "area-code": "559"}, {"id": "e81c9350d54f66c6d33b3747ee389e83", "number": "2088575458", "date": "2021-01-22 15:13:00", "subject": "4", "recorded-or-robo": "Y", "city": "Nampa", "state": "ID", "area-code": "208"}, {"id": "deca54a6651fb9add5b4a9816ccd980d", "number": "2088575458", "date": "2021-01-22 15:13:00", "subject": "4", "recorded-or-robo": "Y", "city": "Nampa", "state": "ID", "area-code": "208"}, {"id": "e81c9350d54f66c6d33b3747eec6538e", "number": "3042211970", "date": "2021-01-22 18:30:00", "subject": "3", "recorded-or-robo": "Y", "city": "", "state": "WV", "area-code": "304"}, {"id": "1d36742e3f24f50e4e7ae828015bb008", "number": "3042211970", "date": "2021-01-22 18:30:00", "subject": "3", "recorded-or-robo": "Y", "city": "", "state": "WV", "area-code": "304"}, {"id": "e81c9350d54f66c6d33b3747ee389636", "number": "5613322058", "date": "2021-01-22 10:36:00", "subject": "2", "recorded-or-robo": "Y", "city": "Jupiter", "state": "FL", "area-code": "561"}, {"id": "e81c9350d54f66c6d33b3747ee388a07", "number": "5594621010", "date": "2021-01-08 00:00:00", "subject": "3", "recorded-or-robo": "", "city": "", "state": "CA", "area-code": "760"}, {"id": "deca54a6651fb9add5b4a9816ccd8b7f", "number": "5613322058", "date": "2021-01-22 10:36:00", "subject": "2", "recorded-or-robo": "Y", "city": "Jupiter", "state": "FL", "area-code": "561"}, {"id": "deca54a6651fb9add5b4a9816ccd7dc3", "number": "5594621010", "date": "2021-01-08 00:00:00", "subject": "3", "recorded-or-robo": "", "city": "", "state": "CA", "area-code": "760"}, {"id": "e81c9350d54f66c6d33b3747ee38863a", "number": "", "date": "2021-01-22 17:59:00", "subject": "0", "recorded-or-robo": "Y", "city": "Old Bridge", "state": "NJ", "area-code": "973"}, {"id": "deca54a6651fb9add5b4a9816ccd7ae8", "number": "", "date": "2021-01-22 17:59:00", "subject": "0", "recorded-or-robo": "Y", "city": "Old Bridge", "state": "NJ", "area-code": "973"}, {"id": "e81c9350d54f66c6d33b3747ee9df75f", "number": "+13525103412", "date": "2021-01-22 18:38:49", "subject": "3", "recorded-or-robo": "N", "city": "", "state": "FL", "area-code": "352"}, {"id": "e81c9350d54f66c6d33b3747ee38771b", "number": "5612077491", "date": "2021-01-22 14:00:00", "subject": "1", "recorded-or-robo": "Y", "city": "Los Angeles", "state": "CA", "area-code": "323"}, {"id": "deca54a6651fb9add5b4a9816ccd734d", "number": "5612077491", "date": "2021-01-22 14:00:00", "subject": "1", "recorded-or-robo": "Y", "city": "Los Angeles", "state": "CA", "area-code": "323"}, {"id": "1d36742e3f24f50e4e7ae82801330525", "number": "+13525103412", "date": "2021-01-22 18:38:49", "subject": "3", "recorded-or-robo": "N", "city": "", "state": "FL", "area-code": "352"}, {"id": "e81c9350d54f66c6d33b3747ee3874f0", "number": "3345022865", "date": "2021-01-13 14:00:00", "subject": "4", "recorded-or-robo": "Y", "city": "GILROY", "state": "CA", "area-code": "408"}, {"id": "deca54a6651fb9add5b4a9816ccd6ba8", "number": "3345022865", "date": "2021-01-13 14:00:00", "subject": "4", "recorded-or-robo": "Y", "city": "GILROY", "state": "CA", "area-code": "408"}, {"id": "e81c9350d54f66c6d33b3747ee9e1037", "number": "8324716482", "date": "2021-01-22 18:38:41", "subject": "3", "recorded-or-robo": "Y", "city": "", "state": "TX", "area-code": "832"}, {"id": "1d36742e3f24f50e4e7ae828013321b7", "number": "8324716482", "date": "2021-01-22 18:38:41", "subject": "3", "recorded-or-robo": "Y", "city": "", "state": "TX", "area-code": "832"}, {"id": "e81c9350d54f66c6d33b3747ee386f00", "number": "9402242447", "date": "2021-01-20 14:43:00", "subject": "5", "recorded-or-robo": "Y", "city": "San Marcos", "state": "NH", "area-code": "603"}, {"id": "deca54a6651fb9add5b4a9816ccd5bf1", "number": "9402242447", "date": "2021-01-20 14:43:00", "subject": "5", "recorded-or-robo": "Y", "city": "San Marcos", "state": "NH", "area-code": "603"}, {"id": "e81c9350d54f66c6d33b3747ee386c06", "number": "4156599170", "date": "2021-01-22 13:23:00", "subject": "0", "recorded-or-robo": "N", "city": "philadelphia", "state": "PA", "area-code": "215"}, {"id": "deca54a6651fb9add5b4a9816ccd5aa7", "number": "4156599170", "date": "2021-01-22 13:23:00", "subject": "0", "recorded-or-robo": "N", "city": "philadelphia", "state": "PA", "area-code": "215"}, {"id": "e81c9350d54f66c6d33b3747ee9d9991", "number": "+16198240630", "date": "2021-01-22 18:38:28", "subject": "3", "recorded-or-robo": "Y", "city": "", "state": "CA", "area-code": "619"}, {"id": "1d36742e3f24f50e4e7ae8280132a013", "number": "+16198240630", "date": "2021-01-22 18:38:28", "subject": "3", "recorded-or-robo": "Y", "city": "", "state": "CA", "area-code": "619"}, {"id": "e81c9350d54f66c6d33b3747ee385e78", "number": "7603540317", "date": "2021-01-08 00:00:00", "subject": "3", "recorded-or-robo": "", "city": "", "state": "CA", "area-code": "760"}, {"id": "e81c9350d54f66c6d33b3747ee385a7e", "number": "4086499138", "date": "2021-01-22 15:28:00", "subject": "2", "recorded-or-robo": "N", "city": "", "state": "CA", "area-code": "408"}, {"id": "e81c9350d54f66c6d33b3747ee38538f", "number": "8103882148", "date": "2021-01-22 16:48:00", "subject": "1", "recorded-or-robo": "Y", "city": "Jeddo", "state": "MI", "area-code": "810"}, {"id": "deca54a6651fb9add5b4a9816ccd5314", "number": "7603540317", "date": "2021-01-08 00:00:00", "subject": "3", "recorded-or-robo": "", "city": "", "state": "CA", "area-code": "760"}, {"id": "deca54a6651fb9add5b4a9816ccd45f2", "number": "4086499138", "date": "2021-01-22 15:28:00", "subject": "2", "recorded-or-robo": "N", "city": "", "state": "CA", "area-code": "408"}, {"id": "deca54a6651fb9add5b4a9816ccd4115", "number": "8103882148", "date": "2021-01-22 16:48:00", "subject": "1", "recorded-or-robo": "Y", "city": "Jeddo", "state": "MI", "area-code": "810"}, {"id": "e81c9350d54f66c6d33b3747ee38498f", "number": "7025634467", "date": "2021-01-22 14:08:00", "subject": "2", "recorded-or-robo": "Y", "city": "Santee", "state": "CA", "area-code": "702"}, {"id": "deca54a6651fb9add5b4a9816ccd3282", "number": "7025634467", "date": "2021-01-22 14:08:00", "subject": "2", "recorded-or-robo": "Y", "city": "Santee", "state": "CA", "area-code": "702"}, {"id": "e81c9350d54f66c6d33b3747ee3848cd", "number": "8335400307", "date": "2021-01-22 00:00:00", "subject": "3", "recorded-or-robo": "", "city": "Broken Arrow", "state": "OK", "area-code": "918"}, {"id": "deca54a6651fb9add5b4a9816ccd2c32", "number": "8335400307", "date": "2021-01-22 00:00:00", "subject": "3", "recorded-or-robo": "", "city": "Broken Arrow", "state": "OK", "area-code": "918"}, {"id": "e81c9350d54f66c6d33b3747ee9dc5f8", "number": "8324123863", "date": "2021-01-22 18:38:17", "subject": "3", "recorded-or-robo": "N", "city": "", "state": "TX", "area-code": "832"}, {"id": "1d36742e3f24f50e4e7ae8280132dbc1", "number": "8324123863", "date": "2021-01-22 18:38:17", "subject": "3", "recorded-or-robo": "N", "city": "", "state": "TX", "area-code": "832"}, {"id": "e81c9350d54f66c6d33b3747ee383ff4", "number": "7603723293", "date": "2021-01-22 15:23:00", "subject": "7", "recorded-or-robo": "Y", "city": "", "state": "CA", "area-code": "310"}, {"id": "deca54a6651fb9add5b4a9816ccd1ec5", "number": "7603723293", "date": "2021-01-22 15:23:00", "subject": "7", "recorded-or-robo": "Y", "city": "", "state": "CA", "area-code": "310"}, {"id": "e81c9350d54f66c6d33b3747ee383d2b", "number": "2562060863", "date": "2021-01-22 11:21:00", "subject": "0", "recorded-or-robo": "N", "city": "Anniston", "state": "AL", "area-code": "256"}, {"id": "deca54a6651fb9add5b4a9816ccd19a7", "number": "2562060863", "date": "2021-01-22 11:21:00", "subject": "0", "recorded-or-robo": "N", "city": "Anniston", "state": "AL", "area-code": "256"}, {"id": "e81c9350d54f66c6d33b3747ee383004", "number": "4405531882", "date": "2021-01-22 06:44:00", "subject": "2", "recorded-or-robo": "Y", "city": "Honolulu", "state": "HI", "area-code": "808"}, {"id": "deca54a6651fb9add5b4a9816ccd1602", "number": "4405531882", "date": "2021-01-22 06:44:00", "subject": "2", "recorded-or-robo": "Y", "city": "Honolulu", "state": "HI", "area-code": "808"}, {"id": "e81c9350d54f66c6d33b3747ee9da343", "number": "+17173408854", "date": "2021-01-22 18:38:05", "subject": "3", "recorded-or-robo": "Y", "city": "", "state": "NV", "area-code": "702"}, {"id": "1d36742e3f24f50e4e7ae8280132a596", "number": "+17173408854", "date": "2021-01-22 18:38:05", "subject": "3", "recorded-or-robo": "Y", "city": "", "state": "NV", "area-code": "702"}, {"id": "e81c9350d54f66c6d33b3747ee382cdb", "number": "4422807490", "date": "2021-01-14 13:00:00", "subject": "4", "recorded-or-robo": "Y", "city": "GILROY", "state": "CA", "area-code": "408"}, {"id": "e81c9350d54f66c6d33b3747ee381eee", "number": "9255806060", "date": "2021-01-22 03:15:00", "subject": "9", "recorded-or-robo": "Y", "city": "Ca", "state": "CA", "area-code": "925"}, {"id": "deca54a6651fb9add5b4a9816ccd0b67", "number": "4422807490", "date": "2021-01-14 13:00:00", "subject": "4", "recorded-or-robo": "Y", "city": "GILROY", "state": "CA", "area-code": "408"}]}