{"data": [{"id": "e81c9350d54f66c6d33b3747ee2dbce3", "number": "3526327659", "date": "2021-01-22 14:37:00", "subject": "2", "recorded-or-robo": "Y", "city": "Minneola", "state": "FL", "area-code": "352"}, {"id": "deca54a6651fb9add5b4a9816cc31b4b", "number": "7073432509", "date": "2021-01-22 15:16:00", "subject": "1", "recorded-or-robo": "Y", "city": "", "state": "CA", "area-code": "707"}, {"id": "deca54a6651fb9add5b4a9816cc3118f", "number": "3526327659", "date": "2021-01-22 14:37:00", "subject": "2", "recorded-or-robo": "Y", "city": "Minneola", "state": "FL", "area-code": "352"}, {"id": "e81c9350d54f66c6d33b3747ee2db71b", "number": "", "date": "2021-01-22 10:30:00", "subject": "1", "recorded-or-robo": "Y", "city": "", "state": "IL", "area-code": "217"}, {"id": "e81c9350d54f66c6d33b3747ee2db112", "number": "9254952593", "date": "2021-01-21 16:18:00", "subject": "2", "recorded-or-robo": "Y", "city": "rio vista", "state": "CA", "area-code": "707"}, {"id": "deca54a6651fb9add5b4a9816cc30cbf", "number": "", "date": "2021-01-22 10:30:00", "subject": "1", "recorded-or-robo": "Y", "city": "", "state": "IL", "area-code": "217"}, {"id": "deca54a6651fb9add5b4a9816cc2fe83", "number": "9254952593", "date": "2021-01-21 16:18:00", "subject": "2", "recorded-or-robo": "Y", "city": "rio vista", "state": "CA", "area-code": "707"}, {"id": "e81c9350d54f66c6d33b3747ee2dab03", "number": "2815351107", "date": "2021-01-22 10:22:00", "subject": "0", "recorded-or-robo": "Y", "city": "Spring", "state": "TX", "area-code": "281"}, {"id": "e81c9350d54f66c6d33b3747ee2d9de3", "number": "", "date": "2021-01-18 19:53:00", "subject": "0", "recorded-or-robo": "Y", "city": "Old Bridge", "state": "NJ", "area-code": "973"}, {"id": "deca54a6651fb9add5b4a9816cc2f944", "number": "2815351107", "date": "2021-01-22 10:22:00", "subject": "0", "recorded-or-robo": "Y", "city": "Spring", "state": "TX", "area-code": "281"}, {"id": "deca54a6651fb9add5b4a9816cc2eda3", "number": "", "date": "2021-01-18 19:53:00", "subject": "0", "recorded-or-robo": "Y", "city": "Old Bridge", "state": "NJ", "area-code": "973"}, {"id": "e81c9350d54f66c6d33b3747ee2d9653", "number": "9493042263", "date": "2021-01-22 17:17:00", "subject": "3", "recorded-or-robo": "Y", "city": "", "state": "TX", "area-code": "281"}, {"id": "deca54a6651fb9add5b4a9816cc2e3ed", "number": "9493042263", "date": "2021-01-22 17:17:00", "subject": "3", "recorded-or-robo": "Y", "city": "", "state": "TX", "area-code": "281"}, {"id": "e81c9350d54f66c6d33b3747ee2d90c6", "number": "4407324779", "date": "2021-01-22 18:11:00", "subject": "2", "recorded-or-robo": "Y", "city": "", "state": "MI", "area-code": "906"}, {"id": "deca54a6651fb9add5b4a9816cc2dab8", "number": "4407324779", "date": "2021-01-22 18:11:00", "subject": "2", "recorded-or-robo": "Y", "city": "", "state": "MI", "area-code": "906"}, {"id": "e81c9350d54f66c6d33b3747ee2d82b6", "number": "8646377441", "date": "2021-01-22 16:01:00", "subject": "2", "recorded-or-robo": "Y", "city": "Fort Scott", "state": "SC", "area-code": "864"}, {"id": "deca54a6651fb9add5b4a9816cc2d740", "number": "8646377441", "date": "2021-01-22 16:01:00", "subject": "2", "recorded-or-robo": "Y", "city": "Fort Scott", "state": "SC", "area-code": "864"}, {"id": "e81c9350d54f66c6d33b3747ee2d7341", "number": "3107683013", "date": "2021-01-21 14:30:00", "subject": "3", "recorded-or-robo": "Y", "city": "", "state": "CA", "area-code": "310"}, {"id": "deca54a6651fb9add5b4a9816cc2cb2b", "number": "3107683013", "date": "2021-01-21 14:30:00", "subject": "3", "recorded-or-robo": "Y", "city": "", "state": "CA", "area-code": "310"}, {"id": "e81c9350d54f66c6d33b3747ee58d50a", "number": "4238141142", "date": "2021-01-22 18:18:56", "subject": "3", "recorded-or-robo": "N", "city": "", "state": "TN", "area-code": "423"}, {"id": "e81c9350d54f66c6d33b3747ee2d6eb6", "number": "5136856407", "date": "2021-01-21 11:44:00", "subject": "2", "recorded-or-robo": "Y", "city": "Kellyville", "state": "ME", "area-code": "207"}, {"id": "deca54a6651fb9add5b4a9816ced2953", "number": "4238141142", "date": "2021-01-22 18:18:56", "subject": "3", "recorded-or-robo": "N", "city": "", "state": "TN", "area-code": "423"}, {"id": "deca54a6651fb9add5b4a9816cc2c494", "number": "5136856407", "date": "2021-01-21 11:44:00", "subject": "2", "recorded-or-robo": "Y", "city": "Kellyville", "state": "ME", "area-code": "207"}, {"id": "e81c9350d54f66c6d33b3747ee2d6d5b", "number": "5127682901", "date": "2021-01-20 17:36:00", "subject": "2", "recorded-or-robo": "Y", "city": "austin", "state": "TX", "area-code": "512"}, {"id": "deca54a6651fb9add5b4a9816cc2bfca", "number": "5127682901", "date": "2021-01-20 17:36:00", "subject": "2", "recorded-or-robo": "Y", "city": "austin", "state": "TX", "area-code": "512"}, {"id": "e81c9350d54f66c6d33b3747ee592d7c", "number": "4238141142", "date": "2021-01-22 18:18:51", "subject": "3", "recorded-or-robo": "N", "city": "", "state": "TN", "area-code": "423"}, {"id": "deca54a6651fb9add5b4a9816cedb160", "number": "4238141142", "date": "2021-01-22 18:18:51", "subject": "3", "recorded-or-robo": "N", "city": "", "state": "TN", "area-code": "423"}, {"id": "e81c9350d54f66c6d33b3747ee590fb4", "number": "4238141142", "date": "2021-01-22 18:18:50", "subject": "3", "recorded-or-robo": "N", "city": "", "state": "TN", "area-code": "423"}, {"id": "deca54a6651fb9add5b4a9816ced8734", "number": "4238141142", "date": "2021-01-22 18:18:50", "subject": "3", "recorded-or-robo": "N", "city": "", "state": "TN", "area-code": "423"}, {"id": "e81c9350d54f66c6d33b3747ee58e05f", "number": "4238141142", "date": "2021-01-22 18:18:49", "subject": "3", "recorded-or-robo": "N", "city": "", "state": "TN", "area-code": "423"}, {"id": "e81c9350d54f66c6d33b3747ee2d6705", "number": "9472226427", "date": "2021-01-22 17:24:00", "subject": "0", "recorded-or-robo": "Y", "city": "", "state": "MI", "area-code": "586"}, {"id": "deca54a6651fb9add5b4a9816ced3f73", "number": "4238141142", "date": "2021-01-22 18:18:49", "subject": "3", "recorded-or-robo": "N", "city": "", "state": "TN", "area-code": "423"}, {"id": "deca54a6651fb9add5b4a9816cc2b46d", "number": "9472226427", "date": "2021-01-22 17:24:00", "subject": "0", "recorded-or-robo": "Y", "city": "", "state": "MI", "area-code": "586"}, {"id": "e81c9350d54f66c6d33b3747ee587741", "number": "4238141142", "date": "2021-01-22 18:18:48", "subject": "3", "recorded-or-robo": "N", "city": "", "state": "TN", "area-code": "423"}, {"id": "deca54a6651fb9add5b4a9816ceccf31", "number": "4238141142", "date": "2021-01-22 18:18:48", "subject": "3", "recorded-or-robo": "N", "city": "", "state": "TN", "area-code": "423"}, {"id": "e81c9350d54f66c6d33b3747ee589fd7", "number": "6177555835", "date": "2021-01-22 18:18:46", "subject": "3", "recorded-or-robo": "Y", "city": "", "state": "MA", "area-code": "617"}, {"id": "deca54a6651fb9add5b4a9816cecfb76", "number": "6177555835", "date": "2021-01-22 18:18:46", "subject": "3", "recorded-or-robo": "Y", "city": "", "state": "MA", "area-code": "617"}, {"id": "e81c9350d54f66c6d33b3747ee591bfa", "number": "3304981726", "date": "2021-01-22 18:18:38", "subject": "3", "recorded-or-robo": "Y", "city": "", "state": "OH", "area-code": "330"}, {"id": "e81c9350d54f66c6d33b3747ee2d639d", "number": "9282284627", "date": "2021-01-05 18:00:00", "subject": "0", "recorded-or-robo": "Y", "city": "Lewiston", "state": "ME", "area-code": "207"}, {"id": "deca54a6651fb9add5b4a9816ced96b5", "number": "3304981726", "date": "2021-01-22 18:18:38", "subject": "3", "recorded-or-robo": "Y", "city": "", "state": "OH", "area-code": "330"}, {"id": "deca54a6651fb9add5b4a9816cc2a9fd", "number": "9282284627", "date": "2021-01-05 18:00:00", "subject": "0", "recorded-or-robo": "Y", "city": "Lewiston", "state": "ME", "area-code": "207"}, {"id": "e81c9350d54f66c6d33b3747ee2d5f85", "number": "8014698527", "date": "2021-01-22 14:33:00", "subject": "1", "recorded-or-robo": "N", "city": "Kaysville", "state": "UT", "area-code": "801"}, {"id": "deca54a6651fb9add5b4a9816cc2a165", "number": "8014698527", "date": "2021-01-22 14:33:00", "subject": "1", "recorded-or-robo": "N", "city": "Kaysville", "state": "UT", "area-code": "801"}, {"id": "e81c9350d54f66c6d33b3747ee2d54bf", "number": "2165417273", "date": "2021-01-21 14:42:00", "subject": "3", "recorded-or-robo": "Y", "city": "", "state": "CA", "area-code": "310"}, {"id": "deca54a6651fb9add5b4a9816cc2943d", "number": "2165417273", "date": "2021-01-21 14:42:00", "subject": "3", "recorded-or-robo": "Y", "city": "", "state": "CA", "area-code": "310"}, {"id": "e81c9350d54f66c6d33b3747ee2d4d07", "number": "3233663536", "date": "2021-01-22 15:15:00", "subject": "2", "recorded-or-robo": "N", "city": "Los Angeles", "state": "CA", "area-code": "323"}, {"id": "deca54a6651fb9add5b4a9816cc28a5e", "number": "3233663536", "date": "2021-01-22 15:15:00", "subject": "2", "recorded-or-robo": "N", "city": "Los Angeles", "state": "CA", "area-code": "323"}, {"id": "e81c9350d54f66c6d33b3747ee5939ce", "number": "+13256575777", "date": "2021-01-22 18:18:29", "subject": "3", "recorded-or-robo": "Y", "city": "", "state": "TX", "area-code": "817"}, {"id": "e81c9350d54f66c6d33b3747ee58d83f", "number": "8062237021", "date": "2021-01-22 18:18:29", "subject": "3", "recorded-or-robo": "Y", "city": "", "state": "TX", "area-code": "281"}, {"id": "e81c9350d54f66c6d33b3747ee2d4ca0", "number": "9794871818", "date": "2021-01-22 10:47:00", "subject": "0", "recorded-or-robo": "Y", "city": "Spring", "state": "TX", "area-code": "281"}]}