{"data": [{"id": "deca54a6651fb9add5b4a9816ca851ab", "number": "290487329", "date": "2021-01-17 11:08:00", "subject": "2", "recorded-or-robo": "", "city": "", "state": "IL", "area-code": "309"}, {"id": "e81c9350d54f66c6d33b3747ee132ce8", "number": "2486172039", "date": "2021-01-22 17:33:00", "subject": "0", "recorded-or-robo": "N", "city": "", "state": "FL", "area-code": "904"}, {"id": "deca54a6651fb9add5b4a9816ca84f0f", "number": "2486172039", "date": "2021-01-22 17:33:00", "subject": "0", "recorded-or-robo": "N", "city": "", "state": "FL", "area-code": "904"}, {"id": "e81c9350d54f66c6d33b3747ee131feb", "number": "6188082022", "date": "2021-01-22 15:39:00", "subject": "2", "recorded-or-robo": "Y", "city": "", "state": "IL", "area-code": "773"}, {"id": "deca54a6651fb9add5b4a9816ca847a2", "number": "6188082022", "date": "2021-01-22 15:39:00", "subject": "2", "recorded-or-robo": "Y", "city": "", "state": "IL", "area-code": "773"}, {"id": "e81c9350d54f66c6d33b3747ee131114", "number": "6318530184", "date": "2021-01-22 16:49:00", "subject": "4", "recorded-or-robo": "Y", "city": "Wappingers Falls", "state": "NY", "area-code": "631"}, {"id": "deca54a6651fb9add5b4a9816ca84579", "number": "6318530184", "date": "2021-01-22 16:49:00", "subject": "4", "recorded-or-robo": "Y", "city": "Wappingers Falls", "state": "NY", "area-code": "631"}, {"id": "e81c9350d54f66c6d33b3747ee1305d1", "number": "2133285483", "date": "2021-01-22 11:06:00", "subject": "2", "recorded-or-robo": "Y", "city": "oswego", "state": "IL", "area-code": "630"}, {"id": "deca54a6651fb9add5b4a9816ca83b52", "number": "2133285483", "date": "2021-01-22 11:06:00", "subject": "2", "recorded-or-robo": "Y", "city": "oswego", "state": "IL", "area-code": "630"}, {"id": "e81c9350d54f66c6d33b3747ee12f8e6", "number": "4022203988", "date": "2021-01-22 15:35:00", "subject": "3", "recorded-or-robo": "", "city": "", "state": "NY", "area-code": "585"}, {"id": "deca54a6651fb9add5b4a9816ca83859", "number": "4022203988", "date": "2021-01-22 15:35:00", "subject": "3", "recorded-or-robo": "", "city": "", "state": "NY", "area-code": "585"}, {"id": "e81c9350d54f66c6d33b3747ee12f145", "number": "4403787507", "date": "2021-01-22 17:22:00", "subject": "4", "recorded-or-robo": "Y", "city": "Columbus", "state": "OH", "area-code": "614"}, {"id": "deca54a6651fb9add5b4a9816ca82908", "number": "4403787507", "date": "2021-01-22 17:22:00", "subject": "4", "recorded-or-robo": "Y", "city": "Columbus", "state": "OH", "area-code": "614"}, {"id": "e81c9350d54f66c6d33b3747ee12efc3", "number": "9199225684", "date": "2021-01-22 17:31:00", "subject": "2", "recorded-or-robo": "Y", "city": "WINCHESTER", "state": "VA", "area-code": "301"}, {"id": "deca54a6651fb9add5b4a9816ca82246", "number": "9199225684", "date": "2021-01-22 17:31:00", "subject": "2", "recorded-or-robo": "Y", "city": "WINCHESTER", "state": "VA", "area-code": "301"}, {"id": "e81c9350d54f66c6d33b3747ee12e42b", "number": "3084026677", "date": "2021-01-22 16:27:00", "subject": "13", "recorded-or-robo": "Y", "city": "Omaha", "state": "NE", "area-code": "402"}, {"id": "deca54a6651fb9add5b4a9816ca8202b", "number": "3084026677", "date": "2021-01-22 16:27:00", "subject": "13", "recorded-or-robo": "Y", "city": "Omaha", "state": "NE", "area-code": "402"}, {"id": "e81c9350d54f66c6d33b3747ee12d4c5", "number": "2178263698", "date": "2021-01-22 16:30:00", "subject": "5", "recorded-or-robo": "Y", "city": "Marshall", "state": "IL", "area-code": "217"}, {"id": "deca54a6651fb9add5b4a9816ca81d5b", "number": "2178263698", "date": "2021-01-22 16:30:00", "subject": "5", "recorded-or-robo": "Y", "city": "Marshall", "state": "IL", "area-code": "217"}, {"id": "e81c9350d54f66c6d33b3747ee12d2bf", "number": "7403145723", "date": "2021-01-22 11:04:00", "subject": "2", "recorded-or-robo": "Y", "city": "Waverly", "state": "OH", "area-code": "740"}, {"id": "deca54a6651fb9add5b4a9816ca818f1", "number": "7403145723", "date": "2021-01-22 11:04:00", "subject": "2", "recorded-or-robo": "Y", "city": "Waverly", "state": "OH", "area-code": "740"}, {"id": "e81c9350d54f66c6d33b3747ee12cdd2", "number": "6602502046", "date": "2021-01-22 15:48:00", "subject": "2", "recorded-or-robo": "Y", "city": "Norborne", "state": "MO", "area-code": "660"}, {"id": "deca54a6651fb9add5b4a9816ca80ee1", "number": "6602502046", "date": "2021-01-22 15:48:00", "subject": "2", "recorded-or-robo": "Y", "city": "Norborne", "state": "MO", "area-code": "660"}, {"id": "e81c9350d54f66c6d33b3747ee5c6f1d", "number": "2099561993", "date": "2021-01-22 15:45:00", "subject": "3", "recorded-or-robo": "Y", "city": "", "state": "PA", "area-code": "570"}, {"id": "deca54a6651fb9add5b4a9816cf14058", "number": "2099561993", "date": "2021-01-22 15:45:00", "subject": "3", "recorded-or-robo": "Y", "city": "", "state": "PA", "area-code": "570"}, {"id": "e81c9350d54f66c6d33b3747ee12c11e", "number": "2314442016", "date": "2021-01-22 08:56:00", "subject": "3", "recorded-or-robo": "Y", "city": "", "state": "MS", "area-code": "662"}, {"id": "deca54a6651fb9add5b4a9816ca80d80", "number": "2314442016", "date": "2021-01-22 08:56:00", "subject": "3", "recorded-or-robo": "Y", "city": "", "state": "MS", "area-code": "662"}, {"id": "e81c9350d54f66c6d33b3747ee12b7eb", "number": "9103996622", "date": "2021-01-22 17:08:00", "subject": "2", "recorded-or-robo": "Y", "city": "Wilmington", "state": "NC", "area-code": "910"}, {"id": "e81c9350d54f66c6d33b3747ee11e2f4", "number": "2763233150", "date": "2021-01-22 10:58:00", "subject": "3", "recorded-or-robo": "", "city": "", "state": "VA", "area-code": "540"}, {"id": "deca54a6651fb9add5b4a9816ca80a85", "number": "9103996622", "date": "2021-01-22 17:08:00", "subject": "2", "recorded-or-robo": "Y", "city": "Wilmington", "state": "NC", "area-code": "910"}, {"id": "deca54a6651fb9add5b4a9816ca73eaf", "number": "2763233150", "date": "2021-01-22 10:58:00", "subject": "3", "recorded-or-robo": "", "city": "", "state": "VA", "area-code": "540"}, {"id": "e81c9350d54f66c6d33b3747ee52aef1", "number": "9406841159", "date": "2021-01-22 17:33:51", "subject": "3", "recorded-or-robo": "Y", "city": "", "state": "TX", "area-code": "214"}, {"id": "deca54a6651fb9add5b4a9816ce6fd7f", "number": "9406841159", "date": "2021-01-22 17:33:51", "subject": "3", "recorded-or-robo": "Y", "city": "", "state": "TX", "area-code": "214"}, {"id": "e81c9350d54f66c6d33b3747ee12a566", "number": "8565288498", "date": "2021-01-22 13:49:00", "subject": "4", "recorded-or-robo": "Y", "city": "Sewell", "state": "NJ", "area-code": "856"}, {"id": "deca54a6651fb9add5b4a9816ca7f96c", "number": "8565288498", "date": "2021-01-22 13:49:00", "subject": "4", "recorded-or-robo": "Y", "city": "Sewell", "state": "NJ", "area-code": "856"}, {"id": "e81c9350d54f66c6d33b3747ee129b10", "number": "8303567350", "date": "2021-01-22 16:26:00", "subject": "3", "recorded-or-robo": "N", "city": "Friendswood", "state": "TX", "area-code": "832"}, {"id": "deca54a6651fb9add5b4a9816ca7f66d", "number": "8303567350", "date": "2021-01-22 16:26:00", "subject": "3", "recorded-or-robo": "N", "city": "Friendswood", "state": "TX", "area-code": "832"}, {"id": "e81c9350d54f66c6d33b3747ee129706", "number": "", "date": "2021-01-22 17:33:00", "subject": "5", "recorded-or-robo": "Y", "city": "", "state": "IN", "area-code": "317"}, {"id": "deca54a6651fb9add5b4a9816ca7eb4d", "number": "", "date": "2021-01-22 17:33:00", "subject": "5", "recorded-or-robo": "Y", "city": "", "state": "IN", "area-code": "317"}, {"id": "e81c9350d54f66c6d33b3747ee128daa", "number": "290421024", "date": "2021-01-17 11:31:00", "subject": "2", "recorded-or-robo": "", "city": "", "state": "IL", "area-code": "309"}, {"id": "deca54a6651fb9add5b4a9816ca7e087", "number": "290421024", "date": "2021-01-17 11:31:00", "subject": "2", "recorded-or-robo": "", "city": "", "state": "IL", "area-code": "309"}, {"id": "e81c9350d54f66c6d33b3747ee124cd5", "number": "8216058738", "date": "2021-01-22 17:25:00", "subject": "3", "recorded-or-robo": "N", "city": "", "state": "VA", "area-code": "703"}, {"id": "deca54a6651fb9add5b4a9816ca79e17", "number": "8216058738", "date": "2021-01-22 17:25:00", "subject": "3", "recorded-or-robo": "N", "city": "", "state": "VA", "area-code": "703"}, {"id": "e81c9350d54f66c6d33b3747ee529900", "number": "+12396660084", "date": "2021-01-22 17:33:29", "subject": "3", "recorded-or-robo": "Y", "city": "", "state": "FL", "area-code": "239"}, {"id": "deca54a6651fb9add5b4a9816ce6ee6e", "number": "+12396660084", "date": "2021-01-22 17:33:29", "subject": "3", "recorded-or-robo": "Y", "city": "", "state": "FL", "area-code": "239"}, {"id": "e81c9350d54f66c6d33b3747ee128515", "number": "6019397662", "date": "2021-01-22 16:26:00", "subject": "11", "recorded-or-robo": "Y", "city": "Pearl", "state": "MS", "area-code": "601"}, {"id": "deca54a6651fb9add5b4a9816ca7d434", "number": "6019397662", "date": "2021-01-22 16:26:00", "subject": "11", "recorded-or-robo": "Y", "city": "Pearl", "state": "MS", "area-code": "601"}, {"id": "e81c9350d54f66c6d33b3747ee127fbf", "number": "4692700003", "date": "2021-01-22 10:00:00", "subject": "15", "recorded-or-robo": "N", "city": "Fort Collins", "state": "CO", "area-code": "970"}, {"id": "deca54a6651fb9add5b4a9816ca7d134", "number": "4692700003", "date": "2021-01-22 10:00:00", "subject": "15", "recorded-or-robo": "N", "city": "Fort Collins", "state": "CO", "area-code": "970"}, {"id": "e81c9350d54f66c6d33b3747ee127abb", "number": "6627298095", "date": "2021-01-22 12:53:00", "subject": "4", "recorded-or-robo": "Y", "city": "Roswell", "state": "GA", "area-code": "404"}]}