{"data": [{"id": "deca54a6651fb9add5b4a9816cca901a", "number": "8032441398", "date": "2021-01-22 15:28:00", "subject": "2", "recorded-or-robo": "Y", "city": "Bend", "state": "OR", "area-code": "541"}, {"id": "e81c9350d54f66c6d33b3747ee358e78", "number": "6073062447", "date": "2021-01-22 12:57:00", "subject": "4", "recorded-or-robo": "Y", "city": "Cincinnatus", "state": "NY", "area-code": "607"}, {"id": "deca54a6651fb9add5b4a9816cca8987", "number": "6073062447", "date": "2021-01-22 12:57:00", "subject": "4", "recorded-or-robo": "Y", "city": "Cincinnatus", "state": "NY", "area-code": "607"}, {"id": "e81c9350d54f66c6d33b3747ee358ace", "number": "8445020014", "date": "2021-01-22 18:25:00", "subject": "2", "recorded-or-robo": "N", "city": "", "state": "FL", "area-code": "850"}, {"id": "deca54a6651fb9add5b4a9816cca7be9", "number": "8445020014", "date": "2021-01-22 18:25:00", "subject": "2", "recorded-or-robo": "N", "city": "", "state": "FL", "area-code": "850"}, {"id": "e81c9350d54f66c6d33b3747ee35820f", "number": "2814179872", "date": "2021-01-22 12:55:00", "subject": "1", "recorded-or-robo": "Y", "city": "", "state": "TX", "area-code": "210"}, {"id": "deca54a6651fb9add5b4a9816cca7844", "number": "2814179872", "date": "2021-01-22 12:55:00", "subject": "1", "recorded-or-robo": "Y", "city": "", "state": "TX", "area-code": "210"}, {"id": "e81c9350d54f66c6d33b3747ee357933", "number": "5072034141", "date": "2021-01-21 16:05:00", "subject": "2", "recorded-or-robo": "N", "city": "Farmington", "state": "MN", "area-code": "651"}, {"id": "e81c9350d54f66c6d33b3747ee356dd8", "number": "6094600416", "date": "2021-01-15 13:38:00", "subject": "2", "recorded-or-robo": "Y", "city": "Plainsboro", "state": "NJ", "area-code": "609"}, {"id": "deca54a6651fb9add5b4a9816cca6d38", "number": "5072034141", "date": "2021-01-21 16:05:00", "subject": "2", "recorded-or-robo": "N", "city": "Farmington", "state": "MN", "area-code": "651"}, {"id": "deca54a6651fb9add5b4a9816cca6c8f", "number": "6094600416", "date": "2021-01-15 13:38:00", "subject": "2", "recorded-or-robo": "Y", "city": "Plainsboro", "state": "NJ", "area-code": "609"}, {"id": "e81c9350d54f66c6d33b3747ee355ef6", "number": "9163481531", "date": "2021-01-21 13:07:00", "subject": "4", "recorded-or-robo": "Y", "city": "GILROY", "state": "CA", "area-code": "408"}, {"id": "e81c9350d54f66c6d33b3747ee355560", "number": "8667270473", "date": "2021-01-22 12:48:00", "subject": "6", "recorded-or-robo": "N", "city": "Phoenix", "state": "AZ", "area-code": "262"}, {"id": "deca54a6651fb9add5b4a9816cca68df", "number": "9163481531", "date": "2021-01-21 13:07:00", "subject": "4", "recorded-or-robo": "Y", "city": "GILROY", "state": "CA", "area-code": "408"}, {"id": "deca54a6651fb9add5b4a9816cca64c7", "number": "8667270473", "date": "2021-01-22 12:48:00", "subject": "6", "recorded-or-robo": "N", "city": "Phoenix", "state": "AZ", "area-code": "262"}, {"id": "e81c9350d54f66c6d33b3747ee354bf4", "number": "7608452499", "date": "2021-01-13 00:00:00", "subject": "3", "recorded-or-robo": "", "city": "", "state": "CA", "area-code": "760"}, {"id": "deca54a6651fb9add5b4a9816cca5658", "number": "7608452499", "date": "2021-01-13 00:00:00", "subject": "3", "recorded-or-robo": "", "city": "", "state": "CA", "area-code": "760"}, {"id": "e81c9350d54f66c6d33b3747ee9d140a", "number": "3258102200", "date": "2021-01-22 18:32:46", "subject": "3", "recorded-or-robo": "Y", "city": "", "state": "TX", "area-code": "325"}, {"id": "e81c9350d54f66c6d33b3747ee353dfb", "number": "4439240036", "date": "2021-01-22 17:33:00", "subject": "2", "recorded-or-robo": "", "city": "Fort Washington", "state": "MD", "area-code": "301"}, {"id": "deca54a6651fb9add5b4a9816cca5379", "number": "4439240036", "date": "2021-01-22 17:33:00", "subject": "2", "recorded-or-robo": "", "city": "Fort Washington", "state": "MD", "area-code": "301"}, {"id": "1d36742e3f24f50e4e7ae8280132236b", "number": "3258102200", "date": "2021-01-22 18:32:46", "subject": "3", "recorded-or-robo": "Y", "city": "", "state": "TX", "area-code": "325"}, {"id": "e81c9350d54f66c6d33b3747ee9d1795", "number": "3258102200", "date": "2021-01-22 18:32:45", "subject": "3", "recorded-or-robo": "Y", "city": "", "state": "TX", "area-code": "325"}, {"id": "1d36742e3f24f50e4e7ae82801323c81", "number": "3258102200", "date": "2021-01-22 18:32:45", "subject": "3", "recorded-or-robo": "Y", "city": "", "state": "TX", "area-code": "325"}, {"id": "e81c9350d54f66c6d33b3747ee9cd848", "number": "3258102200", "date": "2021-01-22 18:32:44", "subject": "3", "recorded-or-robo": "Y", "city": "", "state": "TX", "area-code": "325"}, {"id": "1d36742e3f24f50e4e7ae8280131f504", "number": "3258102200", "date": "2021-01-22 18:32:44", "subject": "3", "recorded-or-robo": "Y", "city": "", "state": "TX", "area-code": "325"}, {"id": "e81c9350d54f66c6d33b3747ee9d3da8", "number": "3258102200", "date": "2021-01-22 18:32:43", "subject": "3", "recorded-or-robo": "Y", "city": "", "state": "TX", "area-code": "325"}, {"id": "1d36742e3f24f50e4e7ae82801325f91", "number": "3258102200", "date": "2021-01-22 18:32:43", "subject": "3", "recorded-or-robo": "Y", "city": "", "state": "TX", "area-code": "325"}, {"id": "e81c9350d54f66c6d33b3747ee9d4acd", "number": "3258102200", "date": "2021-01-22 18:32:42", "subject": "3", "recorded-or-robo": "Y", "city": "", "state": "TX", "area-code": "325"}, {"id": "1d36742e3f24f50e4e7ae82801326f9f", "number": "3258102200", "date": "2021-01-22 18:32:42", "subject": "3", "recorded-or-robo": "Y", "city": "", "state": "TX", "area-code": "325"}, {"id": "e81c9350d54f66c6d33b3747ee353935", "number": "8038187252", "date": "2021-01-22 10:15:00", "subject": "11", "recorded-or-robo": "Y", "city": "Las Vegas", "state": "NV", "area-code": "702"}, {"id": "deca54a6651fb9add5b4a9816cca4489", "number": "8038187252", "date": "2021-01-22 10:15:00", "subject": "11", "recorded-or-robo": "Y", "city": "Las Vegas", "state": "NV", "area-code": "702"}, {"id": "e81c9350d54f66c6d33b3747ee9ce8e2", "number": "7048737214", "date": "2021-01-22 18:32:31", "subject": "3", "recorded-or-robo": "Y", "city": "", "state": "NC", "area-code": "704"}, {"id": "e81c9350d54f66c6d33b3747ee353846", "number": "7065285703", "date": "2021-01-22 13:36:00", "subject": "2", "recorded-or-robo": "Y", "city": "Cornelia", "state": "GA", "area-code": "706"}, {"id": "e81c9350d54f66c6d33b3747ee3531a6", "number": "", "date": "2021-01-21 11:13:00", "subject": "0", "recorded-or-robo": "Y", "city": "Old Bridge", "state": "NJ", "area-code": "973"}, {"id": "deca54a6651fb9add5b4a9816cca38ef", "number": "7065285703", "date": "2021-01-22 13:36:00", "subject": "2", "recorded-or-robo": "Y", "city": "Cornelia", "state": "GA", "area-code": "706"}, {"id": "deca54a6651fb9add5b4a9816cca33bf", "number": "", "date": "2021-01-21 11:13:00", "subject": "0", "recorded-or-robo": "Y", "city": "Old Bridge", "state": "NJ", "area-code": "973"}, {"id": "1d36742e3f24f50e4e7ae828013200d7", "number": "7048737214", "date": "2021-01-22 18:32:31", "subject": "3", "recorded-or-robo": "Y", "city": "", "state": "NC", "area-code": "704"}, {"id": "e81c9350d54f66c6d33b3747ee9d171b", "number": "7048737214", "date": "2021-01-22 18:32:30", "subject": "3", "recorded-or-robo": "Y", "city": "", "state": "NC", "area-code": "704"}, {"id": "1d36742e3f24f50e4e7ae828013232f5", "number": "7048737214", "date": "2021-01-22 18:32:30", "subject": "3", "recorded-or-robo": "Y", "city": "", "state": "NC", "area-code": "704"}, {"id": "e81c9350d54f66c6d33b3747ee352362", "number": "5418404390", "date": "2021-01-22 15:15:00", "subject": "2", "recorded-or-robo": "Y", "city": "Central Point", "state": "OR", "area-code": "541"}, {"id": "deca54a6651fb9add5b4a9816cca2fe3", "number": "5418404390", "date": "2021-01-22 15:15:00", "subject": "2", "recorded-or-robo": "Y", "city": "Central Point", "state": "OR", "area-code": "541"}, {"id": "e81c9350d54f66c6d33b3747ee351c6b", "number": "2169313907", "date": "2021-01-22 18:31:00", "subject": "0", "recorded-or-robo": "", "city": "Shaker Heights", "state": "OH", "area-code": "216"}, {"id": "e81c9350d54f66c6d33b3747ee35158b", "number": "5076935904", "date": "2021-01-22 17:28:00", "subject": "2", "recorded-or-robo": "Y", "city": "Luverne", "state": "MN", "area-code": "507"}, {"id": "deca54a6651fb9add5b4a9816cca25fc", "number": "2169313907", "date": "2021-01-22 18:31:00", "subject": "0", "recorded-or-robo": "", "city": "Shaker Heights", "state": "OH", "area-code": "216"}, {"id": "deca54a6651fb9add5b4a9816cca1e83", "number": "5076935904", "date": "2021-01-22 17:28:00", "subject": "2", "recorded-or-robo": "Y", "city": "Luverne", "state": "MN", "area-code": "507"}, {"id": "e81c9350d54f66c6d33b3747ee34ff3f", "number": "8123974961", "date": "2021-01-22 17:29:00", "subject": "0", "recorded-or-robo": "Y", "city": "evansville", "state": "IN", "area-code": "812"}, {"id": "deca54a6651fb9add5b4a9816cca0f75", "number": "8123974961", "date": "2021-01-22 17:29:00", "subject": "0", "recorded-or-robo": "Y", "city": "evansville", "state": "IN", "area-code": "812"}, {"id": "e81c9350d54f66c6d33b3747ee34f728", "number": "5044366131", "date": "2021-01-22 06:48:00", "subject": "2", "recorded-or-robo": "Y", "city": "Bend", "state": "OR", "area-code": "541"}, {"id": "deca54a6651fb9add5b4a9816cca0acb", "number": "5044366131", "date": "2021-01-22 06:48:00", "subject": "2", "recorded-or-robo": "Y", "city": "Bend", "state": "OR", "area-code": "541"}, {"id": "e81c9350d54f66c6d33b3747ee9d90c6", "number": "7576598194", "date": "2021-01-22 18:32:18", "subject": "3", "recorded-or-robo": "Y", "city": "", "state": "VA", "area-code": "757"}]}