{"data": [{"id": "deca54a6651fb9add5b4a9816cababbe", "number": "7814396872", "date": "2021-01-22 17:31:00", "subject": "5", "recorded-or-robo": "N", "city": "Mansfield", "state": "MA", "area-code": "508"}, {"id": "e81c9350d54f66c6d33b3747ee52b785", "number": "6263411701", "date": "2021-01-22 17:39:36", "subject": "3", "recorded-or-robo": "Y", "city": "", "state": "CA", "area-code": "714"}, {"id": "deca54a6651fb9add5b4a9816ce6fda8", "number": "6263411701", "date": "2021-01-22 17:39:36", "subject": "3", "recorded-or-robo": "Y", "city": "", "state": "CA", "area-code": "714"}, {"id": "e81c9350d54f66c6d33b3747ee535860", "number": "7279400885", "date": "2021-01-22 17:39:34", "subject": "3", "recorded-or-robo": "Y", "city": "", "state": "FL", "area-code": "727"}, {"id": "deca54a6651fb9add5b4a9816ce7a5b4", "number": "7279400885", "date": "2021-01-22 17:39:34", "subject": "3", "recorded-or-robo": "Y", "city": "", "state": "FL", "area-code": "727"}, {"id": "e81c9350d54f66c6d33b3747ee52c7e3", "number": "6614020212", "date": "2021-01-22 17:39:30", "subject": "3", "recorded-or-robo": "Y", "city": "", "state": "CA", "area-code": "661"}, {"id": "deca54a6651fb9add5b4a9816ce70dd8", "number": "6614020212", "date": "2021-01-22 17:39:30", "subject": "3", "recorded-or-robo": "Y", "city": "", "state": "CA", "area-code": "661"}, {"id": "e81c9350d54f66c6d33b3747ee165ce8", "number": "2436415", "date": "2021-01-22 14:14:00", "subject": "0", "recorded-or-robo": "Y", "city": "buchanan", "state": "VA", "area-code": "540"}, {"id": "e81c9350d54f66c6d33b3747ee165250", "number": "5614937303", "date": "2021-01-22 06:35:00", "subject": "4", "recorded-or-robo": "N", "city": "", "state": "FL", "area-code": "561"}, {"id": "deca54a6651fb9add5b4a9816caba5ce", "number": "2436415", "date": "2021-01-22 14:14:00", "subject": "0", "recorded-or-robo": "Y", "city": "buchanan", "state": "VA", "area-code": "540"}, {"id": "deca54a6651fb9add5b4a9816cab96ce", "number": "5614937303", "date": "2021-01-22 06:35:00", "subject": "4", "recorded-or-robo": "N", "city": "", "state": "FL", "area-code": "561"}, {"id": "e81c9350d54f66c6d33b3747ee1643c5", "number": "9543150770", "date": "2021-01-22 17:27:00", "subject": "1", "recorded-or-robo": "Y", "city": "Margate", "state": "FL", "area-code": "954"}, {"id": "deca54a6651fb9add5b4a9816cab86e4", "number": "9543150770", "date": "2021-01-22 17:27:00", "subject": "1", "recorded-or-robo": "Y", "city": "Margate", "state": "FL", "area-code": "954"}, {"id": "e81c9350d54f66c6d33b3747ee163964", "number": "5107926677", "date": "2021-01-22 14:38:00", "subject": "5", "recorded-or-robo": "Y", "city": "Fremont", "state": "CA", "area-code": "510"}, {"id": "deca54a6651fb9add5b4a9816cab7b2b", "number": "5107926677", "date": "2021-01-22 14:38:00", "subject": "5", "recorded-or-robo": "Y", "city": "Fremont", "state": "CA", "area-code": "510"}, {"id": "e81c9350d54f66c6d33b3747ee5c8709", "number": "", "date": "2021-01-22 15:32:00", "subject": "3", "recorded-or-robo": "N", "city": "", "state": "AZ", "area-code": "480"}, {"id": "deca54a6651fb9add5b4a9816cf15c82", "number": "", "date": "2021-01-22 15:32:00", "subject": "3", "recorded-or-robo": "N", "city": "", "state": "AZ", "area-code": "480"}, {"id": "e81c9350d54f66c6d33b3747ee1637c3", "number": "6157524796", "date": "2021-01-22 15:29:00", "subject": "3", "recorded-or-robo": "Y", "city": "", "state": "MO", "area-code": "314"}, {"id": "deca54a6651fb9add5b4a9816cab6e30", "number": "6157524796", "date": "2021-01-22 15:29:00", "subject": "3", "recorded-or-robo": "Y", "city": "", "state": "MO", "area-code": "314"}, {"id": "e81c9350d54f66c6d33b3747ee162c18", "number": "4348853584", "date": "2021-01-22 13:30:00", "subject": "2", "recorded-or-robo": "Y", "city": "", "state": "AL", "area-code": "334"}, {"id": "e81c9350d54f66c6d33b3747ee162b34", "number": "3033515629", "date": "2021-01-22 14:43:00", "subject": "2", "recorded-or-robo": "Y", "city": "Aurora", "state": "CO", "area-code": "303"}, {"id": "deca54a6651fb9add5b4a9816cab5ed4", "number": "4348853584", "date": "2021-01-22 13:30:00", "subject": "2", "recorded-or-robo": "Y", "city": "", "state": "AL", "area-code": "334"}, {"id": "deca54a6651fb9add5b4a9816cab5740", "number": "3033515629", "date": "2021-01-22 14:43:00", "subject": "2", "recorded-or-robo": "Y", "city": "Aurora", "state": "CO", "area-code": "303"}, {"id": "e81c9350d54f66c6d33b3747ee162831", "number": "8880300812", "date": "2021-01-22 14:19:00", "subject": "1", "recorded-or-robo": "Y", "city": "SAN LUIS OBISPO", "state": "CA", "area-code": "209"}, {"id": "e81c9350d54f66c6d33b3747ee1619a3", "number": "7815253158", "date": "2021-01-22 16:30:00", "subject": "4", "recorded-or-robo": "Y", "city": "", "state": "MA", "area-code": "781"}, {"id": "deca54a6651fb9add5b4a9816cab4d7f", "number": "8880300812", "date": "2021-01-22 14:19:00", "subject": "1", "recorded-or-robo": "Y", "city": "SAN LUIS OBISPO", "state": "CA", "area-code": "209"}, {"id": "deca54a6651fb9add5b4a9816cab3fbe", "number": "7815253158", "date": "2021-01-22 16:30:00", "subject": "4", "recorded-or-robo": "Y", "city": "", "state": "MA", "area-code": "781"}, {"id": "e81c9350d54f66c6d33b3747ee161974", "number": "", "date": "2021-01-22 17:23:00", "subject": "2", "recorded-or-robo": "Y", "city": "Columbus", "state": "GA", "area-code": "706"}, {"id": "deca54a6651fb9add5b4a9816cab321c", "number": "", "date": "2021-01-22 17:23:00", "subject": "2", "recorded-or-robo": "Y", "city": "Columbus", "state": "GA", "area-code": "706"}, {"id": "e81c9350d54f66c6d33b3747ee160c2a", "number": "", "date": "2021-01-22 17:16:00", "subject": "1", "recorded-or-robo": "Y", "city": "Inver Grove Heights", "state": "MN", "area-code": "651"}, {"id": "deca54a6651fb9add5b4a9816cab2ebc", "number": "", "date": "2021-01-22 17:16:00", "subject": "1", "recorded-or-robo": "Y", "city": "Inver Grove Heights", "state": "MN", "area-code": "651"}, {"id": "e81c9350d54f66c6d33b3747ee1607e2", "number": "5707438210", "date": "2021-01-22 09:15:00", "subject": "2", "recorded-or-robo": "Y", "city": "", "state": "PA", "area-code": "570"}, {"id": "e81c9350d54f66c6d33b3747ee16019d", "number": "3092501959", "date": "2021-01-22 12:20:00", "subject": "0", "recorded-or-robo": "Y", "city": "", "state": "IL", "area-code": "309"}, {"id": "deca54a6651fb9add5b4a9816cab20fc", "number": "5707438210", "date": "2021-01-22 09:15:00", "subject": "2", "recorded-or-robo": "Y", "city": "", "state": "PA", "area-code": "570"}, {"id": "deca54a6651fb9add5b4a9816cab12c5", "number": "3092501959", "date": "2021-01-22 12:20:00", "subject": "0", "recorded-or-robo": "Y", "city": "", "state": "IL", "area-code": "309"}, {"id": "e81c9350d54f66c6d33b3747ee15f733", "number": "6183295700", "date": "2021-01-22 16:37:00", "subject": "4", "recorded-or-robo": "Y", "city": "MOUNT VERNON", "state": "IL", "area-code": "618"}, {"id": "deca54a6651fb9add5b4a9816cab074f", "number": "6183295700", "date": "2021-01-22 16:37:00", "subject": "4", "recorded-or-robo": "Y", "city": "MOUNT VERNON", "state": "IL", "area-code": "618"}, {"id": "e81c9350d54f66c6d33b3747ee15f4ed", "number": "4049979410", "date": "2021-01-22 16:00:00", "subject": "11", "recorded-or-robo": "Y", "city": "", "state": "MO", "area-code": "636"}, {"id": "e81c9350d54f66c6d33b3747ee15e5e9", "number": "7146607971", "date": "2021-01-22 14:33:00", "subject": "8", "recorded-or-robo": "Y", "city": "Trabuco Canyon", "state": "CA", "area-code": "714"}, {"id": "e81c9350d54f66c6d33b3747ee155e95", "number": "3373853385", "date": "2021-01-22 17:03:00", "subject": "3", "recorded-or-robo": "", "city": "", "state": "OH", "area-code": "419"}, {"id": "deca54a6651fb9add5b4a9816cab0504", "number": "4049979410", "date": "2021-01-22 16:00:00", "subject": "11", "recorded-or-robo": "Y", "city": "", "state": "MO", "area-code": "636"}, {"id": "deca54a6651fb9add5b4a9816cab0207", "number": "7146607971", "date": "2021-01-22 14:33:00", "subject": "8", "recorded-or-robo": "Y", "city": "Trabuco Canyon", "state": "CA", "area-code": "714"}, {"id": "deca54a6651fb9add5b4a9816caa8053", "number": "3373853385", "date": "2021-01-22 17:03:00", "subject": "3", "recorded-or-robo": "", "city": "", "state": "OH", "area-code": "419"}, {"id": "e81c9350d54f66c6d33b3747ee52f1c9", "number": "+15137251810", "date": "2021-01-22 17:38:45", "subject": "3", "recorded-or-robo": "Y", "city": "", "state": "OH", "area-code": "513"}, {"id": "deca54a6651fb9add5b4a9816ce739fb", "number": "+15137251810", "date": "2021-01-22 17:38:45", "subject": "3", "recorded-or-robo": "Y", "city": "", "state": "OH", "area-code": "513"}, {"id": "e81c9350d54f66c6d33b3747ee15dcd0", "number": "8015796183", "date": "2021-01-22 15:34:00", "subject": "9", "recorded-or-robo": "Y", "city": "Bountiful", "state": "UT", "area-code": "801"}, {"id": "deca54a6651fb9add5b4a9816cab005a", "number": "8015796183", "date": "2021-01-22 15:34:00", "subject": "9", "recorded-or-robo": "Y", "city": "Bountiful", "state": "UT", "area-code": "801"}, {"id": "e81c9350d54f66c6d33b3747ee15cf8f", "number": "8663201474", "date": "2021-01-22 13:20:00", "subject": "0", "recorded-or-robo": "Y", "city": "", "state": "CA", "area-code": "916"}, {"id": "deca54a6651fb9add5b4a9816caafaf8", "number": "8663201474", "date": "2021-01-22 13:20:00", "subject": "0", "recorded-or-robo": "Y", "city": "", "state": "CA", "area-code": "916"}, {"id": "e81c9350d54f66c6d33b3747ee15c6ef", "number": "9099768238", "date": "2021-01-22 14:28:00", "subject": "1", "recorded-or-robo": "Y", "city": "Los Angeles", "state": "CA", "area-code": "510"}]}