{"data": [{"id": "1d36742e3f24f50e4e7ae8280103dc18", "number": "8059022277", "date": "2021-01-22 15:39:00", "subject": "3", "recorded-or-robo": "Y", "city": "Philadelphia", "state": "NY", "area-code": "315"}, {"id": "e81c9350d54f66c6d33b3747eea3fdce", "number": "+17739068692", "date": "2021-01-22 19:28:48", "subject": "3", "recorded-or-robo": "Y", "city": "", "state": "IL", "area-code": "773"}, {"id": "1d36742e3f24f50e4e7ae8280138fa40", "number": "+17739068692", "date": "2021-01-22 19:28:48", "subject": "3", "recorded-or-robo": "Y", "city": "", "state": "IL", "area-code": "773"}, {"id": "e81c9350d54f66c6d33b3747ee6ec8e5", "number": "", "date": "2021-01-21 10:22:00", "subject": "3", "recorded-or-robo": "Y", "city": "Rochelle", "state": "IL", "area-code": "815"}, {"id": "1d36742e3f24f50e4e7ae8280103d9bc", "number": "", "date": "2021-01-21 10:22:00", "subject": "3", "recorded-or-robo": "Y", "city": "Rochelle", "state": "IL", "area-code": "815"}, {"id": "e81c9350d54f66c6d33b3747eea41c09", "number": "2407605616", "date": "2021-01-22 19:28:38", "subject": "3", "recorded-or-robo": "Y", "city": "", "state": "MD", "area-code": "240"}, {"id": "e81c9350d54f66c6d33b3747ee6ebf6a", "number": "5167662519", "date": "2021-01-22 12:14:00", "subject": "3", "recorded-or-robo": "Y", "city": "", "state": "NY", "area-code": "516"}, {"id": "1d36742e3f24f50e4e7ae82801392b3a", "number": "2407605616", "date": "2021-01-22 19:28:38", "subject": "3", "recorded-or-robo": "Y", "city": "", "state": "MD", "area-code": "240"}, {"id": "1d36742e3f24f50e4e7ae8280103d226", "number": "5167662519", "date": "2021-01-22 12:14:00", "subject": "3", "recorded-or-robo": "Y", "city": "", "state": "NY", "area-code": "516"}, {"id": "e81c9350d54f66c6d33b3747ee6eb3e9", "number": "2293378029", "date": "2021-01-22 21:14:00", "subject": "11", "recorded-or-robo": "Y", "city": "Ellaville", "state": "GA", "area-code": "229"}, {"id": "e81c9350d54f66c6d33b3747ee6eab8b", "number": "4802230875", "date": "2021-01-20 15:07:00", "subject": "2", "recorded-or-robo": "Y", "city": "Tempe", "state": "AZ", "area-code": "602"}, {"id": "1d36742e3f24f50e4e7ae8280103cefa", "number": "2293378029", "date": "2021-01-22 21:14:00", "subject": "11", "recorded-or-robo": "Y", "city": "Ellaville", "state": "GA", "area-code": "229"}, {"id": "1d36742e3f24f50e4e7ae8280103c9af", "number": "4802230875", "date": "2021-01-20 15:07:00", "subject": "2", "recorded-or-robo": "Y", "city": "Tempe", "state": "AZ", "area-code": "602"}, {"id": "e81c9350d54f66c6d33b3747ee6ea499", "number": "3144822753", "date": "2021-01-22 15:38:00", "subject": "1", "recorded-or-robo": "Y", "city": "Saint Louis", "state": "MO", "area-code": "314"}, {"id": "1d36742e3f24f50e4e7ae8280103bfed", "number": "3144822753", "date": "2021-01-22 15:38:00", "subject": "1", "recorded-or-robo": "Y", "city": "Saint Louis", "state": "MO", "area-code": "314"}, {"id": "e81c9350d54f66c6d33b3747ee6e9d80", "number": "", "date": "2021-01-22 00:00:00", "subject": "2", "recorded-or-robo": "Y", "city": "", "state": "LA", "area-code": "225"}, {"id": "1d36742e3f24f50e4e7ae8280103b525", "number": "", "date": "2021-01-22 00:00:00", "subject": "2", "recorded-or-robo": "Y", "city": "", "state": "LA", "area-code": "225"}, {"id": "e81c9350d54f66c6d33b3747ee6e9411", "number": "5418231856", "date": "2021-01-22 11:17:00", "subject": "2", "recorded-or-robo": "Y", "city": "", "state": "PA", "area-code": "814"}, {"id": "1d36742e3f24f50e4e7ae8280103af09", "number": "5418231856", "date": "2021-01-22 11:17:00", "subject": "2", "recorded-or-robo": "Y", "city": "", "state": "PA", "area-code": "814"}, {"id": "e81c9350d54f66c6d33b3747ee6e8d51", "number": "5398190870", "date": "2021-01-22 15:54:00", "subject": "2", "recorded-or-robo": "Y", "city": "", "state": "NJ", "area-code": "201"}, {"id": "e81c9350d54f66c6d33b3747ee6e83e7", "number": "7145102138", "date": "2021-01-22 10:00:00", "subject": "2", "recorded-or-robo": "Y", "city": "", "state": "CA", "area-code": "562"}, {"id": "1d36742e3f24f50e4e7ae8280103ac6f", "number": "5398190870", "date": "2021-01-22 15:54:00", "subject": "2", "recorded-or-robo": "Y", "city": "", "state": "NJ", "area-code": "201"}, {"id": "1d36742e3f24f50e4e7ae82801039d5a", "number": "7145102138", "date": "2021-01-22 10:00:00", "subject": "2", "recorded-or-robo": "Y", "city": "", "state": "CA", "area-code": "562"}, {"id": "e81c9350d54f66c6d33b3747eea405be", "number": "5052300621", "date": "2021-01-22 19:28:11", "subject": "3", "recorded-or-robo": "Y", "city": "", "state": "FL", "area-code": "561"}, {"id": "1d36742e3f24f50e4e7ae82801390b91", "number": "5052300621", "date": "2021-01-22 19:28:11", "subject": "3", "recorded-or-robo": "Y", "city": "", "state": "FL", "area-code": "561"}, {"id": "e81c9350d54f66c6d33b3747ee6e8002", "number": "5167662519", "date": "2021-01-22 12:14:00", "subject": "3", "recorded-or-robo": "Y", "city": "", "state": "NY", "area-code": "516"}, {"id": "1d36742e3f24f50e4e7ae828010398ce", "number": "5167662519", "date": "2021-01-22 12:14:00", "subject": "3", "recorded-or-robo": "Y", "city": "", "state": "NY", "area-code": "516"}, {"id": "e81c9350d54f66c6d33b3747ee6e7d77", "number": "4145291573", "date": "2020-10-19 00:00:00", "subject": "0", "recorded-or-robo": "Y", "city": "Manassas", "state": "VA", "area-code": "703"}, {"id": "1d36742e3f24f50e4e7ae8280103942b", "number": "4145291573", "date": "2020-10-19 00:00:00", "subject": "0", "recorded-or-robo": "Y", "city": "Manassas", "state": "VA", "area-code": "703"}, {"id": "e81c9350d54f66c6d33b3747ee6e7773", "number": "5853089763", "date": "2021-01-21 12:21:00", "subject": "3", "recorded-or-robo": "Y", "city": "Philadelphia", "state": "NY", "area-code": "315"}, {"id": "1d36742e3f24f50e4e7ae82801038436", "number": "5853089763", "date": "2021-01-21 12:21:00", "subject": "3", "recorded-or-robo": "Y", "city": "Philadelphia", "state": "NY", "area-code": "315"}, {"id": "e81c9350d54f66c6d33b3747ee6e6a91", "number": "5135512883", "date": "2021-01-22 14:34:00", "subject": "3", "recorded-or-robo": "N", "city": "", "state": "OH", "area-code": "513"}, {"id": "1d36742e3f24f50e4e7ae828010375de", "number": "5135512883", "date": "2021-01-22 14:34:00", "subject": "3", "recorded-or-robo": "N", "city": "", "state": "OH", "area-code": "513"}, {"id": "e81c9350d54f66c6d33b3747ee6e6458", "number": "6574146149", "date": "2021-01-22 16:20:00", "subject": "2", "recorded-or-robo": "Y", "city": "El cajon", "state": "CA", "area-code": "619"}, {"id": "1d36742e3f24f50e4e7ae828010367bd", "number": "6574146149", "date": "2021-01-22 16:20:00", "subject": "2", "recorded-or-robo": "Y", "city": "El cajon", "state": "CA", "area-code": "619"}, {"id": "e81c9350d54f66c6d33b3747ee6e5543", "number": "2283258130", "date": "2021-01-22 11:00:00", "subject": "4", "recorded-or-robo": "Y", "city": "Gautier", "state": "MS", "area-code": "228"}, {"id": "1d36742e3f24f50e4e7ae82801035885", "number": "2283258130", "date": "2021-01-22 11:00:00", "subject": "4", "recorded-or-robo": "Y", "city": "Gautier", "state": "MS", "area-code": "228"}, {"id": "e81c9350d54f66c6d33b3747eea445d7", "number": "3094666112", "date": "2021-01-22 19:27:51", "subject": "3", "recorded-or-robo": "Y", "city": "", "state": "IL", "area-code": "309"}, {"id": "1d36742e3f24f50e4e7ae8280139376a", "number": "3094666112", "date": "2021-01-22 19:27:51", "subject": "3", "recorded-or-robo": "Y", "city": "", "state": "IL", "area-code": "309"}, {"id": "e81c9350d54f66c6d33b3747ee6e4f88", "number": "5067759669", "date": "2021-01-22 13:40:00", "subject": "2", "recorded-or-robo": "Y", "city": "las vegas", "state": "NV", "area-code": "702"}, {"id": "1d36742e3f24f50e4e7ae82801034f14", "number": "5067759669", "date": "2021-01-22 13:40:00", "subject": "2", "recorded-or-robo": "Y", "city": "las vegas", "state": "NV", "area-code": "702"}, {"id": "e81c9350d54f66c6d33b3747ee6e4728", "number": "2293377382", "date": "2021-01-22 19:22:00", "subject": "11", "recorded-or-robo": "Y", "city": "Ellaville", "state": "GA", "area-code": "229"}, {"id": "1d36742e3f24f50e4e7ae82801034527", "number": "2293377382", "date": "2021-01-22 19:22:00", "subject": "11", "recorded-or-robo": "Y", "city": "Ellaville", "state": "GA", "area-code": "229"}, {"id": "e81c9350d54f66c6d33b3747ee6e3c3e", "number": "5167662519", "date": "2021-01-22 10:08:00", "subject": "3", "recorded-or-robo": "Y", "city": "", "state": "NY", "area-code": "516"}, {"id": "1d36742e3f24f50e4e7ae82801033614", "number": "5167662519", "date": "2021-01-22 10:08:00", "subject": "3", "recorded-or-robo": "Y", "city": "", "state": "NY", "area-code": "516"}, {"id": "e81c9350d54f66c6d33b3747ee6e3547", "number": "3159633934", "date": "2021-01-15 13:31:00", "subject": "4", "recorded-or-robo": "N", "city": "Camillus", "state": "NY", "area-code": "315"}, {"id": "1d36742e3f24f50e4e7ae82801032640", "number": "3159633934", "date": "2021-01-15 13:31:00", "subject": "4", "recorded-or-robo": "N", "city": "Camillus", "state": "NY", "area-code": "315"}, {"id": "e81c9350d54f66c6d33b3747ee6e27b2", "number": "8134375174", "date": "2021-01-21 16:11:00", "subject": "2", "recorded-or-robo": "N", "city": "LOS ANGELES", "state": "CA", "area-code": "863"}, {"id": "e81c9350d54f66c6d33b3747ee6e2211", "number": "2294750222", "date": "2021-01-21 12:10:00", "subject": "3", "recorded-or-robo": "Y", "city": "Philadelphia", "state": "NY", "area-code": "315"}, {"id": "1d36742e3f24f50e4e7ae8280103170d", "number": "8134375174", "date": "2021-01-21 16:11:00", "subject": "2", "recorded-or-robo": "N", "city": "LOS ANGELES", "state": "CA", "area-code": "863"}]}