{"data": [{"id": "deca54a6651fb9add5b4a9816cadbfd8", "number": "6239372683", "date": "2021-01-22 15:40:00", "subject": "3", "recorded-or-robo": "N", "city": "", "state": "AZ", "area-code": "623"}, {"id": "e81c9350d54f66c6d33b3747ee1923d2", "number": "3024249939", "date": "2021-01-18 13:38:00", "subject": "0", "recorded-or-robo": "", "city": "Millsboro", "state": "DE", "area-code": "302"}, {"id": "deca54a6651fb9add5b4a9816cae7961", "number": "3024249939", "date": "2021-01-18 13:38:00", "subject": "0", "recorded-or-robo": "", "city": "Millsboro", "state": "DE", "area-code": "302"}, {"id": "e81c9350d54f66c6d33b3747ee191531", "number": "8129677887", "date": "2021-01-22 11:41:00", "subject": "2", "recorded-or-robo": "Y", "city": "Yarmouthport", "state": "MA", "area-code": "508"}, {"id": "deca54a6651fb9add5b4a9816cae69ca", "number": "8129677887", "date": "2021-01-22 11:41:00", "subject": "2", "recorded-or-robo": "Y", "city": "Yarmouthport", "state": "MA", "area-code": "508"}, {"id": "e81c9350d54f66c6d33b3747ee5cac54", "number": "3144283698", "date": "2021-01-22 16:27:00", "subject": "3", "recorded-or-robo": "", "city": "", "state": "MO", "area-code": "314"}, {"id": "deca54a6651fb9add5b4a9816cf17e7b", "number": "3144283698", "date": "2021-01-22 16:27:00", "subject": "3", "recorded-or-robo": "", "city": "", "state": "MO", "area-code": "314"}, {"id": "e81c9350d54f66c6d33b3747ee18c5e2", "number": "3144583808", "date": "2021-01-22 16:01:00", "subject": "3", "recorded-or-robo": "N", "city": "", "state": "MO", "area-code": "314"}, {"id": "deca54a6651fb9add5b4a9816cae17c5", "number": "3144583808", "date": "2021-01-22 16:01:00", "subject": "3", "recorded-or-robo": "N", "city": "", "state": "MO", "area-code": "314"}, {"id": "e81c9350d54f66c6d33b3747ee190a36", "number": "3077277636", "date": "2021-01-22 15:18:00", "subject": "2", "recorded-or-robo": "Y", "city": "riverton", "state": "WY", "area-code": "307"}, {"id": "deca54a6651fb9add5b4a9816cae6176", "number": "3077277636", "date": "2021-01-22 15:18:00", "subject": "2", "recorded-or-robo": "Y", "city": "riverton", "state": "WY", "area-code": "307"}, {"id": "e81c9350d54f66c6d33b3747ee190202", "number": "0544495219", "date": "2021-01-22 14:10:00", "subject": "1", "recorded-or-robo": "Y", "city": "", "state": "CA", "area-code": "805"}, {"id": "deca54a6651fb9add5b4a9816cae5570", "number": "0544495219", "date": "2021-01-22 14:10:00", "subject": "1", "recorded-or-robo": "Y", "city": "", "state": "CA", "area-code": "805"}, {"id": "e81c9350d54f66c6d33b3747ee18f5c3", "number": "6088843606", "date": "2021-01-19 11:43:00", "subject": "1", "recorded-or-robo": "Y", "city": "Edgerton", "state": "WI", "area-code": "608"}, {"id": "deca54a6651fb9add5b4a9816cae4bee", "number": "6088843606", "date": "2021-01-19 11:43:00", "subject": "1", "recorded-or-robo": "Y", "city": "Edgerton", "state": "WI", "area-code": "608"}, {"id": "e81c9350d54f66c6d33b3747ee537f2c", "number": "+19095391513", "date": "2021-01-22 17:43:17", "subject": "3", "recorded-or-robo": "Y", "city": "", "state": "CA", "area-code": "916"}, {"id": "e81c9350d54f66c6d33b3747ee18f39e", "number": "7323774965", "date": "2021-01-22 17:37:00", "subject": "5", "recorded-or-robo": "Y", "city": "Long Branch", "state": "NJ", "area-code": "732"}, {"id": "e81c9350d54f66c6d33b3747ee18eda9", "number": "7168709042", "date": "2021-01-22 16:13:00", "subject": "2", "recorded-or-robo": "Y", "city": "Kingwood", "state": "TX", "area-code": "281"}, {"id": "deca54a6651fb9add5b4a9816ce7cbed", "number": "+19095391513", "date": "2021-01-22 17:43:17", "subject": "3", "recorded-or-robo": "Y", "city": "", "state": "CA", "area-code": "916"}, {"id": "deca54a6651fb9add5b4a9816cae4393", "number": "7323774965", "date": "2021-01-22 17:37:00", "subject": "5", "recorded-or-robo": "Y", "city": "Long Branch", "state": "NJ", "area-code": "732"}, {"id": "deca54a6651fb9add5b4a9816cae35e6", "number": "7168709042", "date": "2021-01-22 16:13:00", "subject": "2", "recorded-or-robo": "Y", "city": "Kingwood", "state": "TX", "area-code": "281"}, {"id": "e81c9350d54f66c6d33b3747ee18ea88", "number": "6059739024", "date": "2021-01-22 04:34:00", "subject": "2", "recorded-or-robo": "Y", "city": "Sioux Falls", "state": "SD", "area-code": "605"}, {"id": "deca54a6651fb9add5b4a9816cae2c69", "number": "6059739024", "date": "2021-01-22 04:34:00", "subject": "2", "recorded-or-robo": "Y", "city": "Sioux Falls", "state": "SD", "area-code": "605"}, {"id": "e81c9350d54f66c6d33b3747ee18db47", "number": "", "date": "2021-01-22 14:40:00", "subject": "5", "recorded-or-robo": "Y", "city": "Port Orchard", "state": "WA", "area-code": "360"}, {"id": "deca54a6651fb9add5b4a9816cae2c27", "number": "", "date": "2021-01-22 14:40:00", "subject": "5", "recorded-or-robo": "Y", "city": "Port Orchard", "state": "WA", "area-code": "360"}, {"id": "e81c9350d54f66c6d33b3747ee18cc8e", "number": "8083744118", "date": "2021-01-22 10:49:00", "subject": "0", "recorded-or-robo": "Y", "city": "Riverdale", "state": "IL", "area-code": "708"}, {"id": "deca54a6651fb9add5b4a9816cae232b", "number": "8083744118", "date": "2021-01-22 10:49:00", "subject": "0", "recorded-or-robo": "Y", "city": "Riverdale", "state": "IL", "area-code": "708"}, {"id": "e81c9350d54f66c6d33b3747ee18b935", "number": "2812400458", "date": "2021-01-22 16:07:00", "subject": "7", "recorded-or-robo": "Y", "city": "", "state": "TX", "area-code": "281"}, {"id": "e81c9350d54f66c6d33b3747ee18ae28", "number": "9135993200", "date": "2021-01-22 16:41:00", "subject": "9", "recorded-or-robo": "Y", "city": "kansas city", "state": "KS", "area-code": "913"}, {"id": "e81c9350d54f66c6d33b3747ee189edb", "number": "9162124568", "date": "2021-01-22 14:28:00", "subject": "1", "recorded-or-robo": "N", "city": "Elk Grove", "state": "CA", "area-code": "916"}, {"id": "deca54a6651fb9add5b4a9816cae1495", "number": "2812400458", "date": "2021-01-22 16:07:00", "subject": "7", "recorded-or-robo": "Y", "city": "", "state": "TX", "area-code": "281"}, {"id": "deca54a6651fb9add5b4a9816cae0c61", "number": "9135993200", "date": "2021-01-22 16:41:00", "subject": "9", "recorded-or-robo": "Y", "city": "kansas city", "state": "KS", "area-code": "913"}, {"id": "deca54a6651fb9add5b4a9816cadfc9d", "number": "9162124568", "date": "2021-01-22 14:28:00", "subject": "1", "recorded-or-robo": "N", "city": "Elk Grove", "state": "CA", "area-code": "916"}, {"id": "e81c9350d54f66c6d33b3747ee1896f5", "number": "7861704307", "date": "2021-01-22 14:32:00", "subject": "1", "recorded-or-robo": "Y", "city": "san pedro", "state": "CA", "area-code": "740"}, {"id": "deca54a6651fb9add5b4a9816cadedf6", "number": "7861704307", "date": "2021-01-22 14:32:00", "subject": "1", "recorded-or-robo": "Y", "city": "san pedro", "state": "CA", "area-code": "740"}, {"id": "e81c9350d54f66c6d33b3747ee188f5b", "number": "5096393173", "date": "2021-01-21 14:04:00", "subject": "2", "recorded-or-robo": "N", "city": "Shoreline", "state": "WA", "area-code": "206"}, {"id": "deca54a6651fb9add5b4a9816cadec7e", "number": "5096393173", "date": "2021-01-21 14:04:00", "subject": "2", "recorded-or-robo": "N", "city": "Shoreline", "state": "WA", "area-code": "206"}, {"id": "e81c9350d54f66c6d33b3747ee188430", "number": "3155042375", "date": "2021-01-22 15:04:00", "subject": "3", "recorded-or-robo": "Y", "city": "", "state": "NY", "area-code": "212"}, {"id": "deca54a6651fb9add5b4a9816cadea1a", "number": "3155042375", "date": "2021-01-22 15:04:00", "subject": "3", "recorded-or-robo": "Y", "city": "", "state": "NY", "area-code": "212"}, {"id": "e81c9350d54f66c6d33b3747ee188046", "number": "2038225792", "date": "2021-01-22 17:39:00", "subject": "3", "recorded-or-robo": "Y", "city": "", "state": "CT", "area-code": "203"}, {"id": "e81c9350d54f66c6d33b3747ee187b04", "number": "2144487358", "date": "2021-01-22 16:00:00", "subject": "2", "recorded-or-robo": "", "city": "Henderson", "state": "TX", "area-code": "214"}, {"id": "deca54a6651fb9add5b4a9816cade4ef", "number": "2038225792", "date": "2021-01-22 17:39:00", "subject": "3", "recorded-or-robo": "Y", "city": "", "state": "CT", "area-code": "203"}, {"id": "deca54a6651fb9add5b4a9816cadde4e", "number": "2144487358", "date": "2021-01-22 16:00:00", "subject": "2", "recorded-or-robo": "", "city": "Henderson", "state": "TX", "area-code": "214"}, {"id": "e81c9350d54f66c6d33b3747ee187289", "number": "8046434825", "date": "2021-01-22 17:40:00", "subject": "6", "recorded-or-robo": "Y", "city": "Statesboro", "state": "GA", "area-code": "912"}, {"id": "deca54a6651fb9add5b4a9816cadd931", "number": "8046434825", "date": "2021-01-22 17:40:00", "subject": "6", "recorded-or-robo": "Y", "city": "Statesboro", "state": "GA", "area-code": "912"}, {"id": "e81c9350d54f66c6d33b3747ee186c7b", "number": "6179340949", "date": "2021-01-22 12:00:00", "subject": "0", "recorded-or-robo": "N", "city": "", "state": "MA", "area-code": "508"}, {"id": "e81c9350d54f66c6d33b3747ee1863ad", "number": "8152678600", "date": "2021-01-22 14:20:00", "subject": "6", "recorded-or-robo": "Y", "city": "Dixon", "state": "IL", "area-code": "815"}, {"id": "deca54a6651fb9add5b4a9816cadc968", "number": "6179340949", "date": "2021-01-22 12:00:00", "subject": "0", "recorded-or-robo": "N", "city": "", "state": "MA", "area-code": "508"}, {"id": "deca54a6651fb9add5b4a9816cadc8cf", "number": "8152678600", "date": "2021-01-22 14:20:00", "subject": "6", "recorded-or-robo": "Y", "city": "Dixon", "state": "IL", "area-code": "815"}, {"id": "e81c9350d54f66c6d33b3747ee185a18", "number": "2022342435", "date": "2021-01-22 17:24:00", "subject": "1", "recorded-or-robo": "N", "city": "Hockessin", "state": "DE", "area-code": "302"}]}