{"data": [{"id": "1d36742e3f24f50e4e7ae828013aec6e", "number": "6313397268", "date": "2021-01-22 19:36:00", "subject": "3", "recorded-or-robo": "Y", "city": "", "state": "NY", "area-code": "516"}, {"id": "e81c9350d54f66c6d33b3747eea5747b", "number": "5108999150", "date": "2021-01-22 19:35:48", "subject": "3", "recorded-or-robo": "Y", "city": "", "state": "CA", "area-code": "310"}, {"id": "e81c9350d54f66c6d33b3747eea5286e", "number": "+12135298191", "date": "2021-01-22 19:35:48", "subject": "3", "recorded-or-robo": "Y", "city": "", "state": "AZ", "area-code": "480"}, {"id": "1d36742e3f24f50e4e7ae828013a46b4", "number": "5108999150", "date": "2021-01-22 19:35:48", "subject": "3", "recorded-or-robo": "Y", "city": "", "state": "CA", "area-code": "310"}, {"id": "1d36742e3f24f50e4e7ae828013a0845", "number": "+12135298191", "date": "2021-01-22 19:35:48", "subject": "3", "recorded-or-robo": "Y", "city": "", "state": "AZ", "area-code": "480"}, {"id": "e81c9350d54f66c6d33b3747eea59cea", "number": "5108999150", "date": "2021-01-22 19:35:46", "subject": "3", "recorded-or-robo": "Y", "city": "", "state": "CA", "area-code": "310"}, {"id": "e81c9350d54f66c6d33b3747ee71c9ea", "number": "8146560831", "date": "2021-01-20 13:33:00", "subject": "2", "recorded-or-robo": "Y", "city": "", "state": "PA", "area-code": "814"}, {"id": "1d36742e3f24f50e4e7ae828013a7f15", "number": "5108999150", "date": "2021-01-22 19:35:46", "subject": "3", "recorded-or-robo": "Y", "city": "", "state": "CA", "area-code": "310"}, {"id": "1d36742e3f24f50e4e7ae8280107066f", "number": "8146560831", "date": "2021-01-20 13:33:00", "subject": "2", "recorded-or-robo": "Y", "city": "", "state": "PA", "area-code": "814"}, {"id": "e81c9350d54f66c6d33b3747eea57955", "number": "972772011195", "date": "2021-01-22 19:35:44", "subject": "3", "recorded-or-robo": "Y", "city": "", "state": "NY", "area-code": "516"}, {"id": "1d36742e3f24f50e4e7ae828013a5695", "number": "972772011195", "date": "2021-01-22 19:35:44", "subject": "3", "recorded-or-robo": "Y", "city": "", "state": "NY", "area-code": "516"}, {"id": "e81c9350d54f66c6d33b3747ee71bf0c", "number": "9787552748", "date": "2021-01-21 09:05:00", "subject": "0", "recorded-or-robo": "", "city": "Southampton", "state": "MA", "area-code": "413"}, {"id": "1d36742e3f24f50e4e7ae8280106fbe0", "number": "9787552748", "date": "2021-01-21 09:05:00", "subject": "0", "recorded-or-robo": "", "city": "Southampton", "state": "MA", "area-code": "413"}, {"id": "e81c9350d54f66c6d33b3747ee71badf", "number": "7038289501", "date": "2021-01-22 14:21:00", "subject": "2", "recorded-or-robo": "N", "city": "", "state": "VA", "area-code": "703"}, {"id": "1d36742e3f24f50e4e7ae8280106edda", "number": "7038289501", "date": "2021-01-22 14:21:00", "subject": "2", "recorded-or-robo": "N", "city": "", "state": "VA", "area-code": "703"}, {"id": "e81c9350d54f66c6d33b3747ee71aba1", "number": "4792444711", "date": "2021-01-07 11:27:00", "subject": "3", "recorded-or-robo": "Y", "city": "", "state": "AR", "area-code": "479"}, {"id": "1d36742e3f24f50e4e7ae8280106e137", "number": "4792444711", "date": "2021-01-07 11:27:00", "subject": "3", "recorded-or-robo": "Y", "city": "", "state": "AR", "area-code": "479"}, {"id": "e81c9350d54f66c6d33b3747eea526f6", "number": "+18135301310", "date": "2021-01-22 19:35:27", "subject": "3", "recorded-or-robo": "Y", "city": "", "state": "FL", "area-code": "813"}, {"id": "1d36742e3f24f50e4e7ae828013a05b5", "number": "+18135301310", "date": "2021-01-22 19:35:27", "subject": "3", "recorded-or-robo": "Y", "city": "", "state": "FL", "area-code": "813"}, {"id": "e81c9350d54f66c6d33b3747ee719be7", "number": "5704702267", "date": "2021-01-22 17:12:00", "subject": "2", "recorded-or-robo": "Y", "city": "", "state": "PA", "area-code": "570"}, {"id": "1d36742e3f24f50e4e7ae8280106d85e", "number": "5704702267", "date": "2021-01-22 17:12:00", "subject": "2", "recorded-or-robo": "Y", "city": "", "state": "PA", "area-code": "570"}, {"id": "e81c9350d54f66c6d33b3747ee719864", "number": "8323876279", "date": "2021-01-22 10:37:00", "subject": "1", "recorded-or-robo": "Y", "city": "san francisco", "state": "CA", "area-code": "415"}, {"id": "1d36742e3f24f50e4e7ae8280106d264", "number": "8323876279", "date": "2021-01-22 10:37:00", "subject": "1", "recorded-or-robo": "Y", "city": "san francisco", "state": "CA", "area-code": "415"}, {"id": "e81c9350d54f66c6d33b3747eea53b8d", "number": "+17043253107", "date": "2021-01-22 19:35:18", "subject": "3", "recorded-or-robo": "Y", "city": "", "state": "NC", "area-code": "704"}, {"id": "1d36742e3f24f50e4e7ae828013a1564", "number": "+17043253107", "date": "2021-01-22 19:35:18", "subject": "3", "recorded-or-robo": "Y", "city": "", "state": "NC", "area-code": "704"}, {"id": "e81c9350d54f66c6d33b3747ee7197ac", "number": "9178853528", "date": "2021-01-22 18:53:00", "subject": "1", "recorded-or-robo": "Y", "city": "Glendale", "state": "NY", "area-code": "917"}, {"id": "1d36742e3f24f50e4e7ae8280106c71a", "number": "9178853528", "date": "2021-01-22 18:53:00", "subject": "1", "recorded-or-robo": "Y", "city": "Glendale", "state": "NY", "area-code": "917"}, {"id": "e81c9350d54f66c6d33b3747ee718ebc", "number": "6784991701", "date": "2021-01-22 08:15:00", "subject": "2", "recorded-or-robo": "Y", "city": "Harrisburg", "state": "PA", "area-code": "678"}, {"id": "1d36742e3f24f50e4e7ae8280106c0b1", "number": "6784991701", "date": "2021-01-22 08:15:00", "subject": "2", "recorded-or-robo": "Y", "city": "Harrisburg", "state": "PA", "area-code": "678"}, {"id": "e81c9350d54f66c6d33b3747ee7186cf", "number": "6152035158", "date": "2020-10-12 13:38:00", "subject": "0", "recorded-or-robo": "Y", "city": "Manassas", "state": "VA", "area-code": "703"}, {"id": "1d36742e3f24f50e4e7ae8280106b546", "number": "6152035158", "date": "2020-10-12 13:38:00", "subject": "0", "recorded-or-robo": "Y", "city": "Manassas", "state": "VA", "area-code": "703"}, {"id": "e81c9350d54f66c6d33b3747eea52bce", "number": "+19402006508", "date": "2021-01-22 19:35:10", "subject": "3", "recorded-or-robo": "Y", "city": "", "state": "TX", "area-code": "817"}, {"id": "1d36742e3f24f50e4e7ae828013a0c36", "number": "+19402006508", "date": "2021-01-22 19:35:10", "subject": "3", "recorded-or-robo": "Y", "city": "", "state": "TX", "area-code": "817"}, {"id": "e81c9350d54f66c6d33b3747ee717df3", "number": "5204670869", "date": "2021-01-22 15:52:00", "subject": "2", "recorded-or-robo": "N", "city": "Lake Stevens", "state": "WA", "area-code": "602"}, {"id": "1d36742e3f24f50e4e7ae8280106abdf", "number": "5204670869", "date": "2021-01-22 15:52:00", "subject": "2", "recorded-or-robo": "N", "city": "Lake Stevens", "state": "WA", "area-code": "602"}, {"id": "e81c9350d54f66c6d33b3747ee71789a", "number": "9044184392", "date": "2021-01-22 09:00:00", "subject": "6", "recorded-or-robo": "Y", "city": "JACKSONVILLE", "state": "FL", "area-code": "904"}, {"id": "1d36742e3f24f50e4e7ae8280106a459", "number": "9044184392", "date": "2021-01-22 09:00:00", "subject": "6", "recorded-or-robo": "Y", "city": "JACKSONVILLE", "state": "FL", "area-code": "904"}, {"id": "e81c9350d54f66c6d33b3747eea51d6e", "number": "7162144405", "date": "2021-01-22 19:34:55", "subject": "3", "recorded-or-robo": "Y", "city": "", "state": "NY", "area-code": "917"}, {"id": "1d36742e3f24f50e4e7ae8280139ed20", "number": "7162144405", "date": "2021-01-22 19:34:55", "subject": "3", "recorded-or-robo": "Y", "city": "", "state": "NY", "area-code": "917"}, {"id": "e81c9350d54f66c6d33b3747ee717186", "number": "4079309916", "date": "2021-01-22 16:31:00", "subject": "2", "recorded-or-robo": "Y", "city": "Charleston", "state": "SC", "area-code": "843"}, {"id": "1d36742e3f24f50e4e7ae82801069a6b", "number": "4079309916", "date": "2021-01-22 16:31:00", "subject": "2", "recorded-or-robo": "Y", "city": "Charleston", "state": "SC", "area-code": "843"}, {"id": "e81c9350d54f66c6d33b3747eea51913", "number": "5715005188", "date": "2021-01-22 19:34:51", "subject": "3", "recorded-or-robo": "Y", "city": "", "state": "VA", "area-code": "571"}, {"id": "1d36742e3f24f50e4e7ae8280139e85c", "number": "5715005188", "date": "2021-01-22 19:34:51", "subject": "3", "recorded-or-robo": "Y", "city": "", "state": "VA", "area-code": "571"}, {"id": "e81c9350d54f66c6d33b3747ee71619d", "number": "8146924289", "date": "2021-01-22 09:58:00", "subject": "2", "recorded-or-robo": "", "city": "Erie", "state": "PA", "area-code": "814"}, {"id": "1d36742e3f24f50e4e7ae828010692e3", "number": "8146924289", "date": "2021-01-22 09:58:00", "subject": "2", "recorded-or-robo": "", "city": "Erie", "state": "PA", "area-code": "814"}, {"id": "e81c9350d54f66c6d33b3747ee713663", "number": "2089252982", "date": "2021-01-22 15:17:00", "subject": "3", "recorded-or-robo": "N", "city": "", "state": "OH", "area-code": "513"}, {"id": "1d36742e3f24f50e4e7ae82801065f90", "number": "2089252982", "date": "2021-01-22 15:17:00", "subject": "3", "recorded-or-robo": "N", "city": "", "state": "OH", "area-code": "513"}, {"id": "e81c9350d54f66c6d33b3747ee716009", "number": "6197921497", "date": "2021-01-22 16:25:00", "subject": "2", "recorded-or-robo": "", "city": "San Diego", "state": "CA", "area-code": "619"}, {"id": "1d36742e3f24f50e4e7ae82801068b37", "number": "6197921497", "date": "2021-01-22 16:25:00", "subject": "2", "recorded-or-robo": "", "city": "San Diego", "state": "CA", "area-code": "619"}, {"id": "e81c9350d54f66c6d33b3747ee7153fc", "number": "7194512908", "date": "2021-01-22 15:34:00", "subject": "0", "recorded-or-robo": "N", "city": "Highlands Ranch", "state": "CO", "area-code": "303"}]}