{"data": [{"id": "b6a8da8b80f26332ed085cca2df02ec0", "number": "2033348662", "date": "2021-01-22 16:09:00", "subject": "4", "recorded-or-robo": "Y", "city": "Milford", "state": "CT", "area-code": "203"}, {"id": "deca54a6651fb9add5b4a9816c84b836", "number": "9085734154", "date": "2021-01-22 11:13:00", "subject": "2", "recorded-or-robo": "Y", "city": "kutztown", "state": "PA", "area-code": "610"}, {"id": "b6a8da8b80f26332ed085cca2df023fc", "number": "9085734154", "date": "2021-01-22 11:13:00", "subject": "2", "recorded-or-robo": "Y", "city": "kutztown", "state": "PA", "area-code": "610"}, {"id": "deca54a6651fb9add5b4a9816c84b7cb", "number": "8332297910", "date": "2021-01-20 00:00:00", "subject": "3", "recorded-or-robo": "", "city": "Lakeland", "state": "TN", "area-code": "901"}, {"id": "b6a8da8b80f26332ed085cca2df01ebd", "number": "8332297910", "date": "2021-01-20 00:00:00", "subject": "3", "recorded-or-robo": "", "city": "Lakeland", "state": "TN", "area-code": "901"}, {"id": "deca54a6651fb9add5b4a9816c84af39", "number": "8552627505", "date": "2021-01-22 14:36:00", "subject": "1", "recorded-or-robo": "Y", "city": "", "state": "CO", "area-code": "970"}, {"id": "b6a8da8b80f26332ed085cca2df0160c", "number": "8552627505", "date": "2021-01-22 14:36:00", "subject": "1", "recorded-or-robo": "Y", "city": "", "state": "CO", "area-code": "970"}, {"id": "deca54a6651fb9add5b4a9816c84a9ec", "number": "5107379236", "date": "2021-01-22 13:37:00", "subject": "1", "recorded-or-robo": "Y", "city": "El Cerrito", "state": "CA", "area-code": "510"}, {"id": "b6a8da8b80f26332ed085cca2df00f97", "number": "5107379236", "date": "2021-01-22 13:37:00", "subject": "1", "recorded-or-robo": "Y", "city": "El Cerrito", "state": "CA", "area-code": "510"}, {"id": "deca54a6651fb9add5b4a9816c84a933", "number": "8664560436", "date": "2021-01-22 15:35:00", "subject": "1", "recorded-or-robo": "Y", "city": "Bridgeton", "state": "MO", "area-code": "314"}, {"id": "b6a8da8b80f26332ed085cca2df0079b", "number": "8664560436", "date": "2021-01-22 15:35:00", "subject": "1", "recorded-or-robo": "Y", "city": "Bridgeton", "state": "MO", "area-code": "314"}, {"id": "deca54a6651fb9add5b4a9816c84a076", "number": "8502960447", "date": "2021-01-22 10:19:00", "subject": "0", "recorded-or-robo": "", "city": "", "state": "FL", "area-code": "850"}, {"id": "b6a8da8b80f26332ed085cca2df005ff", "number": "8502960447", "date": "2021-01-22 10:19:00", "subject": "0", "recorded-or-robo": "", "city": "", "state": "FL", "area-code": "850"}, {"id": "deca54a6651fb9add5b4a9816c849d39", "number": "8503329491", "date": "2021-01-13 12:04:00", "subject": "2", "recorded-or-robo": "", "city": "Tallahassee", "state": "FL", "area-code": "850"}, {"id": "b6a8da8b80f26332ed085cca2df001f1", "number": "8503329491", "date": "2021-01-13 12:04:00", "subject": "2", "recorded-or-robo": "", "city": "Tallahassee", "state": "FL", "area-code": "850"}, {"id": "deca54a6651fb9add5b4a9816c848ea5", "number": "7078829765", "date": "2021-01-22 13:38:00", "subject": "2", "recorded-or-robo": "Y", "city": "", "state": "WA", "area-code": "425"}, {"id": "b6a8da8b80f26332ed085cca2defff4d", "number": "7078829765", "date": "2021-01-22 13:38:00", "subject": "2", "recorded-or-robo": "Y", "city": "", "state": "WA", "area-code": "425"}, {"id": "e81c9350d54f66c6d33b3747ee4bdfc0", "number": "+17153735259", "date": "2021-01-22 16:40:58", "subject": "3", "recorded-or-robo": "N", "city": "", "state": "WI", "area-code": "262"}, {"id": "deca54a6651fb9add5b4a9816ce028f9", "number": "+17153735259", "date": "2021-01-22 16:40:58", "subject": "3", "recorded-or-robo": "N", "city": "", "state": "WI", "area-code": "262"}, {"id": "deca54a6651fb9add5b4a9816c848216", "number": "5853860543", "date": "2021-01-22 13:10:00", "subject": "4", "recorded-or-robo": "Y", "city": "", "state": "NV", "area-code": "702"}, {"id": "b6a8da8b80f26332ed085cca2deff7eb", "number": "5853860543", "date": "2021-01-22 13:10:00", "subject": "4", "recorded-or-robo": "Y", "city": "", "state": "NV", "area-code": "702"}, {"id": "e81c9350d54f66c6d33b3747ee4bc28a", "number": "8127816872", "date": "2021-01-22 16:40:56", "subject": "3", "recorded-or-robo": "Y", "city": "", "state": "IN", "area-code": "812"}, {"id": "deca54a6651fb9add5b4a9816ce01792", "number": "8127816872", "date": "2021-01-22 16:40:56", "subject": "3", "recorded-or-robo": "Y", "city": "", "state": "IN", "area-code": "812"}, {"id": "deca54a6651fb9add5b4a9816c847306", "number": "6366142663", "date": "2021-01-22 15:36:00", "subject": "11", "recorded-or-robo": "Y", "city": "Lake St Louis", "state": "MO", "area-code": "636"}, {"id": "b6a8da8b80f26332ed085cca2deff23a", "number": "6366142663", "date": "2021-01-22 15:36:00", "subject": "11", "recorded-or-robo": "Y", "city": "Lake St Louis", "state": "MO", "area-code": "636"}, {"id": "e81c9350d54f66c6d33b3747ee4c56bf", "number": "5054442130", "date": "2021-01-22 16:40:54", "subject": "3", "recorded-or-robo": "Y", "city": "", "state": "NM", "area-code": "505"}, {"id": "deca54a6651fb9add5b4a9816ce09573", "number": "5054442130", "date": "2021-01-22 16:40:54", "subject": "3", "recorded-or-robo": "Y", "city": "", "state": "NM", "area-code": "505"}, {"id": "deca54a6651fb9add5b4a9816c84717f", "number": "5205821839", "date": "2021-01-22 02:35:00", "subject": "5", "recorded-or-robo": "Y", "city": "Scottsdale", "state": "AZ", "area-code": "480"}, {"id": "b6a8da8b80f26332ed085cca2defea8f", "number": "5205821839", "date": "2021-01-22 02:35:00", "subject": "5", "recorded-or-robo": "Y", "city": "Scottsdale", "state": "AZ", "area-code": "480"}, {"id": "e81c9350d54f66c6d33b3747ee4b540e", "number": "+17329262303", "date": "2021-01-22 16:40:51", "subject": "3", "recorded-or-robo": "Y", "city": "", "state": "NJ", "area-code": "732"}, {"id": "deca54a6651fb9add5b4a9816cdfa8ff", "number": "+17329262303", "date": "2021-01-22 16:40:51", "subject": "3", "recorded-or-robo": "Y", "city": "", "state": "NJ", "area-code": "732"}, {"id": "deca54a6651fb9add5b4a9816c8469ba", "number": "8172036588", "date": "2021-01-22 15:35:00", "subject": "4", "recorded-or-robo": "Y", "city": "", "state": "TX", "area-code": "817"}, {"id": "b6a8da8b80f26332ed085cca2defdc59", "number": "8172036588", "date": "2021-01-22 15:35:00", "subject": "4", "recorded-or-robo": "Y", "city": "", "state": "TX", "area-code": "817"}, {"id": "deca54a6651fb9add5b4a9816c845a5d", "number": "8332298423", "date": "2021-01-20 00:00:00", "subject": "3", "recorded-or-robo": "", "city": "Lakeland", "state": "TN", "area-code": "901"}, {"id": "b6a8da8b80f26332ed085cca2defd478", "number": "8332298423", "date": "2021-01-20 00:00:00", "subject": "3", "recorded-or-robo": "", "city": "Lakeland", "state": "TN", "area-code": "901"}, {"id": "deca54a6651fb9add5b4a9816c845200", "number": "2392686317", "date": "2021-01-20 20:01:00", "subject": "0", "recorded-or-robo": "N", "city": "The Villages", "state": "FL", "area-code": "352"}, {"id": "b6a8da8b80f26332ed085cca2defc7a6", "number": "2392686317", "date": "2021-01-20 20:01:00", "subject": "0", "recorded-or-robo": "N", "city": "The Villages", "state": "FL", "area-code": "352"}, {"id": "deca54a6651fb9add5b4a9816c84495f", "number": "5017379388", "date": "2021-01-22 14:17:00", "subject": "0", "recorded-or-robo": "Y", "city": "", "state": "AR", "area-code": "501"}, {"id": "b6a8da8b80f26332ed085cca2defc58e", "number": "5017379388", "date": "2021-01-22 14:17:00", "subject": "0", "recorded-or-robo": "Y", "city": "", "state": "AR", "area-code": "501"}, {"id": "e81c9350d54f66c6d33b3747ee4bde86", "number": "8155528441", "date": "2021-01-22 16:40:41", "subject": "3", "recorded-or-robo": "Y", "city": "", "state": "IL", "area-code": "309"}, {"id": "deca54a6651fb9add5b4a9816ce0241c", "number": "8155528441", "date": "2021-01-22 16:40:41", "subject": "3", "recorded-or-robo": "Y", "city": "", "state": "IL", "area-code": "309"}, {"id": "e81c9350d54f66c6d33b3747ee4c4ad8", "number": "8155528441", "date": "2021-01-22 16:40:40", "subject": "3", "recorded-or-robo": "Y", "city": "", "state": "IL", "area-code": "309"}, {"id": "deca54a6651fb9add5b4a9816ce08044", "number": "8155528441", "date": "2021-01-22 16:40:40", "subject": "3", "recorded-or-robo": "Y", "city": "", "state": "IL", "area-code": "309"}, {"id": "deca54a6651fb9add5b4a9816c84474b", "number": "8084553481", "date": "2021-01-22 07:37:00", "subject": "3", "recorded-or-robo": "Y", "city": "", "state": "HI", "area-code": "808"}, {"id": "deca54a6651fb9add5b4a9816c843e77", "number": "7575433626", "date": "2021-01-21 16:05:00", "subject": "1", "recorded-or-robo": "Y", "city": "", "state": "VA", "area-code": "757"}, {"id": "deca54a6651fb9add5b4a9816c83ef10", "number": "", "date": "2021-01-22 16:36:00", "subject": "3", "recorded-or-robo": "N", "city": "", "state": "NY", "area-code": "914"}, {"id": "b6a8da8b80f26332ed085cca2defbaf5", "number": "8084553481", "date": "2021-01-22 07:37:00", "subject": "3", "recorded-or-robo": "Y", "city": "", "state": "HI", "area-code": "808"}, {"id": "b6a8da8b80f26332ed085cca2defabc6", "number": "7575433626", "date": "2021-01-21 16:05:00", "subject": "1", "recorded-or-robo": "Y", "city": "", "state": "VA", "area-code": "757"}, {"id": "b6a8da8b80f26332ed085cca2def5a2d", "number": "", "date": "2021-01-22 16:36:00", "subject": "3", "recorded-or-robo": "N", "city": "", "state": "NY", "area-code": "914"}, {"id": "deca54a6651fb9add5b4a9816c843ac9", "number": "5123221637", "date": "2021-01-22 15:37:00", "subject": "16", "recorded-or-robo": "Y", "city": "Austin", "state": "TX", "area-code": "512"}]}