{"data": [{"id": "e81c9350d54f66c6d33b3747ee1b7909", "number": "9284747469", "date": "2021-01-22 15:09:00", "subject": "11", "recorded-or-robo": "Y", "city": "MONUMENT VALLEY", "state": "UT", "area-code": "928"}, {"id": "deca54a6651fb9add5b4a9816cb0dcd2", "number": "7193700447", "date": "2021-01-22 00:00:00", "subject": "2", "recorded-or-robo": "Y", "city": "Aurora", "state": "CO", "area-code": "720"}, {"id": "deca54a6651fb9add5b4a9816cb0d188", "number": "9284747469", "date": "2021-01-22 15:09:00", "subject": "11", "recorded-or-robo": "Y", "city": "MONUMENT VALLEY", "state": "UT", "area-code": "928"}, {"id": "e81c9350d54f66c6d33b3747ee1b75b8", "number": "7864060824", "date": "2021-01-21 11:04:00", "subject": "0", "recorded-or-robo": "Y", "city": "Mahtomedi", "state": "MN", "area-code": "651"}, {"id": "e81c9350d54f66c6d33b3747ee1b6df2", "number": "2092990697", "date": "2021-01-21 00:55:00", "subject": "7", "recorded-or-robo": "Y", "city": "Bakersfield", "state": "CA", "area-code": "661"}, {"id": "deca54a6651fb9add5b4a9816cb0cca2", "number": "7864060824", "date": "2021-01-21 11:04:00", "subject": "0", "recorded-or-robo": "Y", "city": "Mahtomedi", "state": "MN", "area-code": "651"}, {"id": "deca54a6651fb9add5b4a9816cb0c6de", "number": "2092990697", "date": "2021-01-21 00:55:00", "subject": "7", "recorded-or-robo": "Y", "city": "Bakersfield", "state": "CA", "area-code": "661"}, {"id": "e81c9350d54f66c6d33b3747ee1b60d7", "number": "3128714241", "date": "2021-01-22 17:20:00", "subject": "1", "recorded-or-robo": "N", "city": "Laurel", "state": "MD", "area-code": "202"}, {"id": "deca54a6651fb9add5b4a9816cb0b758", "number": "3128714241", "date": "2021-01-22 17:20:00", "subject": "1", "recorded-or-robo": "N", "city": "Laurel", "state": "MD", "area-code": "202"}, {"id": "e81c9350d54f66c6d33b3747ee53db0a", "number": "+13165121265", "date": "2021-01-22 17:47:45", "subject": "3", "recorded-or-robo": "Y", "city": "", "state": "KS", "area-code": "316"}, {"id": "deca54a6651fb9add5b4a9816ce82c0e", "number": "+13165121265", "date": "2021-01-22 17:47:45", "subject": "3", "recorded-or-robo": "Y", "city": "", "state": "KS", "area-code": "316"}, {"id": "e81c9350d54f66c6d33b3747ee53e715", "number": "9088836053", "date": "2021-01-22 17:47:43", "subject": "3", "recorded-or-robo": "Y", "city": "", "state": "NJ", "area-code": "908"}, {"id": "deca54a6651fb9add5b4a9816ce84a32", "number": "9088836053", "date": "2021-01-22 17:47:43", "subject": "3", "recorded-or-robo": "Y", "city": "", "state": "NJ", "area-code": "908"}, {"id": "e81c9350d54f66c6d33b3747ee1b5c76", "number": "6235263185", "date": "2021-01-22 14:45:00", "subject": "2", "recorded-or-robo": "Y", "city": "", "state": "AZ", "area-code": "480"}, {"id": "deca54a6651fb9add5b4a9816cb0b109", "number": "6235263185", "date": "2021-01-22 14:45:00", "subject": "2", "recorded-or-robo": "Y", "city": "", "state": "AZ", "area-code": "480"}, {"id": "e81c9350d54f66c6d33b3747ee1b521b", "number": "3097770329", "date": "2021-01-21 13:12:00", "subject": "2", "recorded-or-robo": "N", "city": "", "state": "IL", "area-code": "309"}, {"id": "deca54a6651fb9add5b4a9816cb0a1f7", "number": "3097770329", "date": "2021-01-21 13:12:00", "subject": "2", "recorded-or-robo": "N", "city": "", "state": "IL", "area-code": "309"}, {"id": "e81c9350d54f66c6d33b3747ee1b449b", "number": "3082298654", "date": "2021-01-22 14:31:00", "subject": "2", "recorded-or-robo": "Y", "city": "Riverdale", "state": "MI", "area-code": "989"}, {"id": "deca54a6651fb9add5b4a9816cb09a7c", "number": "3082298654", "date": "2021-01-22 14:31:00", "subject": "2", "recorded-or-robo": "Y", "city": "Riverdale", "state": "MI", "area-code": "989"}, {"id": "e81c9350d54f66c6d33b3747ee1b353c", "number": "7324973420", "date": "2021-01-22 12:00:00", "subject": "1", "recorded-or-robo": "Y", "city": "Tacoma", "state": "WA", "area-code": "347"}, {"id": "deca54a6651fb9add5b4a9816cb09159", "number": "7324973420", "date": "2021-01-22 12:00:00", "subject": "1", "recorded-or-robo": "Y", "city": "Tacoma", "state": "WA", "area-code": "347"}, {"id": "e81c9350d54f66c6d33b3747ee1b26a7", "number": "2202267208", "date": "2021-01-22 16:24:00", "subject": "0", "recorded-or-robo": "N", "city": "columbus", "state": "OH", "area-code": "614"}, {"id": "deca54a6651fb9add5b4a9816cb08300", "number": "2202267208", "date": "2021-01-22 16:24:00", "subject": "0", "recorded-or-robo": "N", "city": "columbus", "state": "OH", "area-code": "614"}, {"id": "e81c9350d54f66c6d33b3747ee53af3f", "number": "+17072845349", "date": "2021-01-22 17:47:28", "subject": "3", "recorded-or-robo": "Y", "city": "", "state": "CA", "area-code": "530"}, {"id": "e81c9350d54f66c6d33b3747ee1b1735", "number": "6366973189", "date": "2021-01-22 14:44:00", "subject": "1", "recorded-or-robo": "Y", "city": "ST. PETERS", "state": "MO", "area-code": "636"}, {"id": "deca54a6651fb9add5b4a9816ce80e0e", "number": "+17072845349", "date": "2021-01-22 17:47:28", "subject": "3", "recorded-or-robo": "Y", "city": "", "state": "CA", "area-code": "530"}, {"id": "deca54a6651fb9add5b4a9816cb0825d", "number": "6366973189", "date": "2021-01-22 14:44:00", "subject": "1", "recorded-or-robo": "Y", "city": "ST. PETERS", "state": "MO", "area-code": "636"}, {"id": "e81c9350d54f66c6d33b3747ee1b0bcb", "number": "", "date": "2021-01-22 09:31:00", "subject": "3", "recorded-or-robo": "Y", "city": "", "state": "NV", "area-code": "702"}, {"id": "deca54a6651fb9add5b4a9816cb08133", "number": "", "date": "2021-01-22 09:31:00", "subject": "3", "recorded-or-robo": "Y", "city": "", "state": "NV", "area-code": "702"}, {"id": "e81c9350d54f66c6d33b3747ee5cd8bc", "number": "5105081374", "date": "2021-01-22 07:53:00", "subject": "3", "recorded-or-robo": "Y", "city": "", "state": "CA", "area-code": "510"}, {"id": "deca54a6651fb9add5b4a9816cf1a69c", "number": "5105081374", "date": "2021-01-22 07:53:00", "subject": "3", "recorded-or-robo": "Y", "city": "", "state": "CA", "area-code": "510"}, {"id": "e81c9350d54f66c6d33b3747ee1affd1", "number": "3022913137", "date": "2021-01-21 11:02:00", "subject": "0", "recorded-or-robo": "", "city": "Millsboro", "state": "DE", "area-code": "302"}, {"id": "deca54a6651fb9add5b4a9816cb07f6b", "number": "3022913137", "date": "2021-01-21 11:02:00", "subject": "0", "recorded-or-robo": "", "city": "Millsboro", "state": "DE", "area-code": "302"}, {"id": "e81c9350d54f66c6d33b3747ee1afa94", "number": "7317276290", "date": "2021-01-22 16:38:00", "subject": "5", "recorded-or-robo": "N", "city": "savannah", "state": "TN", "area-code": "731"}, {"id": "deca54a6651fb9add5b4a9816cb071bc", "number": "7317276290", "date": "2021-01-22 16:38:00", "subject": "5", "recorded-or-robo": "N", "city": "savannah", "state": "TN", "area-code": "731"}, {"id": "e81c9350d54f66c6d33b3747ee1af4d3", "number": "8019406759", "date": "2021-01-20 04:20:00", "subject": "0", "recorded-or-robo": "Y", "city": "Mahtomedi", "state": "MN", "area-code": "651"}, {"id": "deca54a6651fb9add5b4a9816cb068d1", "number": "8019406759", "date": "2021-01-20 04:20:00", "subject": "0", "recorded-or-robo": "Y", "city": "Mahtomedi", "state": "MN", "area-code": "651"}, {"id": "e81c9350d54f66c6d33b3747ee536637", "number": "+19179733731", "date": "2021-01-22 17:47:07", "subject": "3", "recorded-or-robo": "Y", "city": "", "state": "MI", "area-code": "313"}, {"id": "e81c9350d54f66c6d33b3747ee1ae62d", "number": "9543848487", "date": "2021-01-22 17:34:00", "subject": "2", "recorded-or-robo": "N", "city": "Weston", "state": "FL", "area-code": "954"}, {"id": "deca54a6651fb9add5b4a9816ce7be65", "number": "+19179733731", "date": "2021-01-22 17:47:07", "subject": "3", "recorded-or-robo": "Y", "city": "", "state": "MI", "area-code": "313"}, {"id": "deca54a6651fb9add5b4a9816cb065f0", "number": "9543848487", "date": "2021-01-22 17:34:00", "subject": "2", "recorded-or-robo": "N", "city": "Weston", "state": "FL", "area-code": "954"}, {"id": "e81c9350d54f66c6d33b3747ee1ae24a", "number": "7163251299", "date": "2021-01-20 14:40:00", "subject": "4", "recorded-or-robo": "Y", "city": "", "state": "NY", "area-code": "716"}, {"id": "deca54a6651fb9add5b4a9816cb060c5", "number": "7163251299", "date": "2021-01-20 14:40:00", "subject": "4", "recorded-or-robo": "Y", "city": "", "state": "NY", "area-code": "716"}, {"id": "e81c9350d54f66c6d33b3747ee1adcc1", "number": "2065766640", "date": "2021-01-22 14:42:00", "subject": "9", "recorded-or-robo": "Y", "city": "Mill Creek", "state": "WA", "area-code": "425"}, {"id": "deca54a6651fb9add5b4a9816cb05e2e", "number": "2065766640", "date": "2021-01-22 14:42:00", "subject": "9", "recorded-or-robo": "Y", "city": "Mill Creek", "state": "WA", "area-code": "425"}, {"id": "e81c9350d54f66c6d33b3747ee1adcad", "number": "8605063591", "date": "2021-01-22 00:00:00", "subject": "2", "recorded-or-robo": "Y", "city": "", "state": "CT", "area-code": "860"}, {"id": "deca54a6651fb9add5b4a9816cb052c3", "number": "8605063591", "date": "2021-01-22 00:00:00", "subject": "2", "recorded-or-robo": "Y", "city": "", "state": "CT", "area-code": "860"}, {"id": "e81c9350d54f66c6d33b3747ee5cce63", "number": "4696631546", "date": "2021-01-21 11:33:00", "subject": "3", "recorded-or-robo": "N", "city": "", "state": "TX", "area-code": "214"}, {"id": "e81c9350d54f66c6d33b3747ee1ad461", "number": "4192904541", "date": "2021-01-22 09:15:00", "subject": "2", "recorded-or-robo": "Y", "city": "", "state": "OH", "area-code": "419"}, {"id": "deca54a6651fb9add5b4a9816cf19bb2", "number": "4696631546", "date": "2021-01-21 11:33:00", "subject": "3", "recorded-or-robo": "N", "city": "", "state": "TX", "area-code": "214"}]}