{"data": [{"id": "deca54a6651fb9add5b4a9816cfe8ad6", "number": "8008419322", "date": "2021-01-22 17:16:00", "subject": "1", "recorded-or-robo": "Y", "city": "Lewisville", "state": "TX", "area-code": "800"}, {"id": "e81c9350d54f66c6d33b3747ee696f05", "number": "5026176982", "date": "2021-01-22 12:24:00", "subject": "3", "recorded-or-robo": "Y", "city": "", "state": "KY", "area-code": "502"}, {"id": "deca54a6651fb9add5b4a9816cfe8758", "number": "5026176982", "date": "2021-01-22 12:24:00", "subject": "3", "recorded-or-robo": "Y", "city": "", "state": "KY", "area-code": "502"}, {"id": "e81c9350d54f66c6d33b3747ee695f7a", "number": "6508674522", "date": "2021-01-22 17:12:00", "subject": "2", "recorded-or-robo": "Y", "city": "El Paso", "state": "TX", "area-code": "707"}, {"id": "deca54a6651fb9add5b4a9816cfe79e2", "number": "6508674522", "date": "2021-01-22 17:12:00", "subject": "2", "recorded-or-robo": "Y", "city": "El Paso", "state": "TX", "area-code": "707"}, {"id": "e81c9350d54f66c6d33b3747eea3016e", "number": "8604231119", "date": "2021-01-22 19:17:17", "subject": "3", "recorded-or-robo": "Y", "city": "", "state": "CT", "area-code": "860"}, {"id": "e81c9350d54f66c6d33b3747eea2a197", "number": "4793463969", "date": "2021-01-22 19:17:17", "subject": "3", "recorded-or-robo": "Y", "city": "", "state": "AR", "area-code": "479"}, {"id": "1d36742e3f24f50e4e7ae8280137e674", "number": "8604231119", "date": "2021-01-22 19:17:17", "subject": "3", "recorded-or-robo": "Y", "city": "", "state": "CT", "area-code": "860"}, {"id": "1d36742e3f24f50e4e7ae8280137902e", "number": "4793463969", "date": "2021-01-22 19:17:17", "subject": "3", "recorded-or-robo": "Y", "city": "", "state": "AR", "area-code": "479"}, {"id": "e81c9350d54f66c6d33b3747ee6956f1", "number": "", "date": "2021-01-22 15:55:00", "subject": "3", "recorded-or-robo": "Y", "city": "", "state": "CA", "area-code": "661"}, {"id": "deca54a6651fb9add5b4a9816cfe71de", "number": "", "date": "2021-01-22 15:55:00", "subject": "3", "recorded-or-robo": "Y", "city": "", "state": "CA", "area-code": "661"}, {"id": "e81c9350d54f66c6d33b3747ee694823", "number": "4012140203", "date": "2021-01-22 09:36:00", "subject": "2", "recorded-or-robo": "Y", "city": "Rehoboth", "state": "MA", "area-code": "508"}, {"id": "deca54a6651fb9add5b4a9816cfe5c1c", "number": "4012140203", "date": "2021-01-22 09:36:00", "subject": "2", "recorded-or-robo": "Y", "city": "Rehoboth", "state": "MA", "area-code": "508"}, {"id": "e81c9350d54f66c6d33b3747eea26157", "number": "4793463969", "date": "2021-01-22 19:17:14", "subject": "3", "recorded-or-robo": "Y", "city": "", "state": "AR", "area-code": "479"}, {"id": "1d36742e3f24f50e4e7ae82801373f14", "number": "4793463969", "date": "2021-01-22 19:17:14", "subject": "3", "recorded-or-robo": "Y", "city": "", "state": "AR", "area-code": "479"}, {"id": "e81c9350d54f66c6d33b3747eea28787", "number": "9133546600", "date": "2021-01-22 19:17:12", "subject": "3", "recorded-or-robo": "N", "city": "", "state": "KS", "area-code": "913"}, {"id": "e81c9350d54f66c6d33b3747eea25b69", "number": "4107602931", "date": "2021-01-22 19:17:12", "subject": "3", "recorded-or-robo": "Y", "city": "", "state": "MD", "area-code": "410"}, {"id": "1d36742e3f24f50e4e7ae82801378ae3", "number": "9133546600", "date": "2021-01-22 19:17:12", "subject": "3", "recorded-or-robo": "N", "city": "", "state": "KS", "area-code": "913"}, {"id": "1d36742e3f24f50e4e7ae82801373dad", "number": "4107602931", "date": "2021-01-22 19:17:12", "subject": "3", "recorded-or-robo": "Y", "city": "", "state": "MD", "area-code": "410"}, {"id": "e81c9350d54f66c6d33b3747eea2257b", "number": "+18602944174", "date": "2021-01-22 19:17:10", "subject": "3", "recorded-or-robo": "Y", "city": "", "state": "CT", "area-code": "860"}, {"id": "1d36742e3f24f50e4e7ae8280136fd23", "number": "+18602944174", "date": "2021-01-22 19:17:10", "subject": "3", "recorded-or-robo": "Y", "city": "", "state": "CT", "area-code": "860"}, {"id": "e81c9350d54f66c6d33b3747eea31620", "number": "8508447510", "date": "2021-01-22 19:17:09", "subject": "3", "recorded-or-robo": "Y", "city": "", "state": "FL", "area-code": "850"}, {"id": "1d36742e3f24f50e4e7ae8280138114d", "number": "8508447510", "date": "2021-01-22 19:17:09", "subject": "3", "recorded-or-robo": "Y", "city": "", "state": "FL", "area-code": "850"}, {"id": "e81c9350d54f66c6d33b3747ee693c82", "number": "", "date": "2021-01-22 05:44:00", "subject": "0", "recorded-or-robo": "", "city": "Rowlett", "state": "TX", "area-code": "214"}, {"id": "deca54a6651fb9add5b4a9816cfe5200", "number": "", "date": "2021-01-22 05:44:00", "subject": "0", "recorded-or-robo": "", "city": "Rowlett", "state": "TX", "area-code": "214"}, {"id": "e81c9350d54f66c6d33b3747ee6937a0", "number": "5167662519", "date": "2021-01-21 12:13:00", "subject": "3", "recorded-or-robo": "", "city": "", "state": "NY", "area-code": "516"}, {"id": "deca54a6651fb9add5b4a9816cfe4301", "number": "5167662519", "date": "2021-01-21 12:13:00", "subject": "3", "recorded-or-robo": "", "city": "", "state": "NY", "area-code": "516"}, {"id": "e81c9350d54f66c6d33b3747ee69296b", "number": "2628887697", "date": "2021-01-22 09:44:00", "subject": "4", "recorded-or-robo": "N", "city": "", "state": "CA", "area-code": "909"}, {"id": "deca54a6651fb9add5b4a9816cfe3f88", "number": "2628887697", "date": "2021-01-22 09:44:00", "subject": "4", "recorded-or-robo": "N", "city": "", "state": "CA", "area-code": "909"}, {"id": "e81c9350d54f66c6d33b3747eea24b49", "number": "7472653530", "date": "2021-01-22 19:16:56", "subject": "3", "recorded-or-robo": "Y", "city": "", "state": "CA", "area-code": "626"}, {"id": "1d36742e3f24f50e4e7ae82801373410", "number": "7472653530", "date": "2021-01-22 19:16:56", "subject": "3", "recorded-or-robo": "Y", "city": "", "state": "CA", "area-code": "626"}, {"id": "e81c9350d54f66c6d33b3747eea30e4d", "number": "8606786193", "date": "2021-01-22 19:16:55", "subject": "3", "recorded-or-robo": "Y", "city": "", "state": "CT", "area-code": "860"}, {"id": "1d36742e3f24f50e4e7ae828013802d5", "number": "8606786193", "date": "2021-01-22 19:16:55", "subject": "3", "recorded-or-robo": "Y", "city": "", "state": "CT", "area-code": "860"}, {"id": "e81c9350d54f66c6d33b3747eea30d06", "number": "+16172214028", "date": "2021-01-22 19:16:54", "subject": "3", "recorded-or-robo": "Y", "city": "", "state": "CT", "area-code": "860"}, {"id": "1d36742e3f24f50e4e7ae8280137fbf5", "number": "+16172214028", "date": "2021-01-22 19:16:54", "subject": "3", "recorded-or-robo": "Y", "city": "", "state": "CT", "area-code": "860"}, {"id": "e81c9350d54f66c6d33b3747ee691c5a", "number": "8649166979", "date": "2021-01-21 11:13:00", "subject": "11", "recorded-or-robo": "Y", "city": "Fort  Washington", "state": "MD", "area-code": "301"}, {"id": "deca54a6651fb9add5b4a9816cfe3443", "number": "8649166979", "date": "2021-01-21 11:13:00", "subject": "11", "recorded-or-robo": "Y", "city": "Fort  Washington", "state": "MD", "area-code": "301"}, {"id": "e81c9350d54f66c6d33b3747ee68ae65", "number": "", "date": "2021-01-22 19:11:00", "subject": "3", "recorded-or-robo": "N", "city": "", "state": "VA", "area-code": "804"}, {"id": "deca54a6651fb9add5b4a9816cfde0dc", "number": "", "date": "2021-01-22 19:11:00", "subject": "3", "recorded-or-robo": "N", "city": "", "state": "VA", "area-code": "804"}, {"id": "e81c9350d54f66c6d33b3747ee690d38", "number": "3309744210", "date": "2021-01-22 19:00:00", "subject": "7", "recorded-or-robo": "Y", "city": "", "state": "OH", "area-code": "330"}, {"id": "deca54a6651fb9add5b4a9816cfe2506", "number": "3309744210", "date": "2021-01-22 19:00:00", "subject": "7", "recorded-or-robo": "Y", "city": "", "state": "OH", "area-code": "330"}, {"id": "e81c9350d54f66c6d33b3747ee6902e3", "number": "5056086257", "date": "2021-01-22 13:11:00", "subject": "6", "recorded-or-robo": "N", "city": "Los Angeles", "state": "CA", "area-code": "714"}, {"id": "deca54a6651fb9add5b4a9816cfe1f57", "number": "5056086257", "date": "2021-01-22 13:11:00", "subject": "6", "recorded-or-robo": "N", "city": "Los Angeles", "state": "CA", "area-code": "714"}, {"id": "e81c9350d54f66c6d33b3747eea225cd", "number": "+18605499154", "date": "2021-01-22 19:16:38", "subject": "3", "recorded-or-robo": "Y", "city": "", "state": "CT", "area-code": "860"}, {"id": "1d36742e3f24f50e4e7ae82801370c34", "number": "+18605499154", "date": "2021-01-22 19:16:38", "subject": "3", "recorded-or-robo": "Y", "city": "", "state": "CT", "area-code": "860"}, {"id": "e81c9350d54f66c6d33b3747ee68f51b", "number": "7819573421", "date": "2021-01-20 13:07:00", "subject": "3", "recorded-or-robo": "Y", "city": "", "state": "CT", "area-code": "860"}, {"id": "deca54a6651fb9add5b4a9816cfe1552", "number": "7819573421", "date": "2021-01-20 13:07:00", "subject": "3", "recorded-or-robo": "Y", "city": "", "state": "CT", "area-code": "860"}, {"id": "e81c9350d54f66c6d33b3747ee68e7ec", "number": "7038556731", "date": "2020-10-28 17:30:00", "subject": "0", "recorded-or-robo": "Y", "city": "Manassas", "state": "VA", "area-code": "703"}, {"id": "deca54a6651fb9add5b4a9816cfe0a7f", "number": "7038556731", "date": "2020-10-28 17:30:00", "subject": "0", "recorded-or-robo": "Y", "city": "Manassas", "state": "VA", "area-code": "703"}, {"id": "e81c9350d54f66c6d33b3747ee68e3e7", "number": "4079013802", "date": "2021-01-22 13:23:00", "subject": "2", "recorded-or-robo": "Y", "city": "", "state": "TN", "area-code": "615"}]}