{"data": [{"id": "b6a8da8b80f26332ed085cca2de26759", "number": "8475984946", "date": "2021-01-22 15:07:00", "subject": "3", "recorded-or-robo": "", "city": "", "state": "IL", "area-code": "309"}, {"id": "deca54a6651fb9add5b4a9816c77e9ee", "number": "2172039720", "date": "2021-01-21 09:19:00", "subject": "3", "recorded-or-robo": "N", "city": "Springfield", "state": "IL", "area-code": "217"}, {"id": "b6a8da8b80f26332ed085cca2de348e4", "number": "2172039720", "date": "2021-01-21 09:19:00", "subject": "3", "recorded-or-robo": "N", "city": "Springfield", "state": "IL", "area-code": "217"}, {"id": "deca54a6651fb9add5b4a9816c77e663", "number": "3152328257", "date": "2020-10-24 16:13:00", "subject": "1", "recorded-or-robo": "Y", "city": "Indianapolis", "state": "IN", "area-code": "317"}, {"id": "b6a8da8b80f26332ed085cca2de33ebb", "number": "3152328257", "date": "2020-10-24 16:13:00", "subject": "1", "recorded-or-robo": "Y", "city": "Indianapolis", "state": "IN", "area-code": "317"}, {"id": "e81c9350d54f66c6d33b3747ee5b2be3", "number": "", "date": "2021-01-22 12:49:00", "subject": "3", "recorded-or-robo": "", "city": "", "state": "MO", "area-code": "816"}, {"id": "deca54a6651fb9add5b4a9816ceff982", "number": "", "date": "2021-01-22 12:49:00", "subject": "3", "recorded-or-robo": "", "city": "", "state": "MO", "area-code": "816"}, {"id": "deca54a6651fb9add5b4a9816c77d56e", "number": "8326527139", "date": "2021-01-22 15:15:00", "subject": "2", "recorded-or-robo": "Y", "city": "North Richland Hills", "state": "TX", "area-code": "214"}, {"id": "deca54a6651fb9add5b4a9816c7713ec", "number": "9023211009", "date": "2021-01-21 12:11:00", "subject": "3", "recorded-or-robo": "N", "city": "", "state": "OK", "area-code": "918"}, {"id": "b6a8da8b80f26332ed085cca2de32c16", "number": "8326527139", "date": "2021-01-22 15:15:00", "subject": "2", "recorded-or-robo": "Y", "city": "North Richland Hills", "state": "TX", "area-code": "214"}, {"id": "b6a8da8b80f26332ed085cca2de295fb", "number": "9023211009", "date": "2021-01-21 12:11:00", "subject": "3", "recorded-or-robo": "N", "city": "", "state": "OK", "area-code": "918"}, {"id": "deca54a6651fb9add5b4a9816c77cddf", "number": "", "date": "2021-01-22 10:57:00", "subject": "0", "recorded-or-robo": "Y", "city": "BOWLING GREEN", "state": "OH", "area-code": "937"}, {"id": "b6a8da8b80f26332ed085cca2de31e3b", "number": "", "date": "2021-01-22 10:57:00", "subject": "0", "recorded-or-robo": "Y", "city": "BOWLING GREEN", "state": "OH", "area-code": "937"}, {"id": "e81c9350d54f66c6d33b3747ee48be05", "number": "+19282393085", "date": "2021-01-22 16:21:56", "subject": "3", "recorded-or-robo": "Y", "city": "", "state": "CA", "area-code": "619"}, {"id": "deca54a6651fb9add5b4a9816cdd671f", "number": "+19282393085", "date": "2021-01-22 16:21:56", "subject": "3", "recorded-or-robo": "Y", "city": "", "state": "CA", "area-code": "619"}, {"id": "deca54a6651fb9add5b4a9816c77c75e", "number": "8622278319", "date": "2021-01-21 09:30:00", "subject": "1", "recorded-or-robo": "Y", "city": "Minneapolis", "state": "MN", "area-code": "218"}, {"id": "deca54a6651fb9add5b4a9816c77b827", "number": "8156228813", "date": "2021-01-22 13:32:00", "subject": "3", "recorded-or-robo": "", "city": "", "state": "IL", "area-code": "815"}, {"id": "b6a8da8b80f26332ed085cca2de3158f", "number": "8622278319", "date": "2021-01-21 09:30:00", "subject": "1", "recorded-or-robo": "Y", "city": "Minneapolis", "state": "MN", "area-code": "218"}, {"id": "b6a8da8b80f26332ed085cca2de3101e", "number": "8156228813", "date": "2021-01-22 13:32:00", "subject": "3", "recorded-or-robo": "", "city": "", "state": "IL", "area-code": "815"}, {"id": "deca54a6651fb9add5b4a9816c77b2af", "number": "9732438567", "date": "2021-01-21 14:46:00", "subject": "15", "recorded-or-robo": "Y", "city": "", "state": "NJ", "area-code": "973"}, {"id": "b6a8da8b80f26332ed085cca2de304a3", "number": "9732438567", "date": "2021-01-21 14:46:00", "subject": "15", "recorded-or-robo": "Y", "city": "", "state": "NJ", "area-code": "973"}, {"id": "deca54a6651fb9add5b4a9816c77a860", "number": "8049660919", "date": "2021-01-22 16:09:00", "subject": "3", "recorded-or-robo": "Y", "city": "", "state": "VA", "area-code": "804"}, {"id": "deca54a6651fb9add5b4a9816c77a3ac", "number": "8709059270", "date": "2021-01-22 14:42:00", "subject": "4", "recorded-or-robo": "Y", "city": "COTTER", "state": "AR", "area-code": "870"}, {"id": "b6a8da8b80f26332ed085cca2de2f9ef", "number": "8049660919", "date": "2021-01-22 16:09:00", "subject": "3", "recorded-or-robo": "Y", "city": "", "state": "VA", "area-code": "804"}, {"id": "b6a8da8b80f26332ed085cca2de2f37d", "number": "8709059270", "date": "2021-01-22 14:42:00", "subject": "4", "recorded-or-robo": "Y", "city": "COTTER", "state": "AR", "area-code": "870"}, {"id": "deca54a6651fb9add5b4a9816c7795cb", "number": "2815297687", "date": "2021-01-22 15:05:00", "subject": "6", "recorded-or-robo": "Y", "city": "Katy", "state": "TX", "area-code": "281"}, {"id": "b6a8da8b80f26332ed085cca2de2e721", "number": "2815297687", "date": "2021-01-22 15:05:00", "subject": "6", "recorded-or-robo": "Y", "city": "Katy", "state": "TX", "area-code": "281"}, {"id": "deca54a6651fb9add5b4a9816c779115", "number": "5709847196", "date": "2021-01-22 15:49:00", "subject": "5", "recorded-or-robo": "Y", "city": "", "state": "PA", "area-code": "484"}, {"id": "deca54a6651fb9add5b4a9816c7787ed", "number": "3048090439", "date": "2021-01-22 17:53:00", "subject": "9", "recorded-or-robo": "N", "city": "Morgantown", "state": "WV", "area-code": "304"}, {"id": "b6a8da8b80f26332ed085cca2de2e492", "number": "5709847196", "date": "2021-01-22 15:49:00", "subject": "5", "recorded-or-robo": "Y", "city": "", "state": "PA", "area-code": "484"}, {"id": "b6a8da8b80f26332ed085cca2de2e3d7", "number": "3048090439", "date": "2021-01-22 17:53:00", "subject": "9", "recorded-or-robo": "N", "city": "Morgantown", "state": "WV", "area-code": "304"}, {"id": "deca54a6651fb9add5b4a9816c777fbc", "number": "6199889903", "date": "2021-01-22 13:21:00", "subject": "1", "recorded-or-robo": "Y", "city": "El Cajon", "state": "CA", "area-code": "619"}, {"id": "b6a8da8b80f26332ed085cca2de2e19b", "number": "6199889903", "date": "2021-01-22 13:21:00", "subject": "1", "recorded-or-robo": "Y", "city": "El Cajon", "state": "CA", "area-code": "619"}, {"id": "deca54a6651fb9add5b4a9816c777cb2", "number": "4787211766", "date": "2021-01-22 10:58:00", "subject": "2", "recorded-or-robo": "Y", "city": "Kathleen", "state": "GA", "area-code": "478"}, {"id": "deca54a6651fb9add5b4a9816c776f06", "number": "", "date": "2021-01-22 12:47:00", "subject": "2", "recorded-or-robo": "Y", "city": "Redding", "state": "CA", "area-code": "530"}, {"id": "b6a8da8b80f26332ed085cca2de2d23f", "number": "4787211766", "date": "2021-01-22 10:58:00", "subject": "2", "recorded-or-robo": "Y", "city": "Kathleen", "state": "GA", "area-code": "478"}, {"id": "b6a8da8b80f26332ed085cca2de2c833", "number": "", "date": "2021-01-22 12:47:00", "subject": "2", "recorded-or-robo": "Y", "city": "Redding", "state": "CA", "area-code": "530"}, {"id": "deca54a6651fb9add5b4a9816c7760d4", "number": "8509373559", "date": "2021-01-22 11:36:00", "subject": "2", "recorded-or-robo": "", "city": "Tallahassee", "state": "FL", "area-code": "850"}, {"id": "b6a8da8b80f26332ed085cca2de2c575", "number": "8509373559", "date": "2021-01-22 11:36:00", "subject": "2", "recorded-or-robo": "", "city": "Tallahassee", "state": "FL", "area-code": "850"}, {"id": "deca54a6651fb9add5b4a9816c77524a", "number": "3044204243", "date": "2021-01-22 16:18:00", "subject": "2", "recorded-or-robo": "Y", "city": "New Port Richey", "state": "FL", "area-code": "727"}, {"id": "b6a8da8b80f26332ed085cca2de2c2ee", "number": "3044204243", "date": "2021-01-22 16:18:00", "subject": "2", "recorded-or-robo": "Y", "city": "New Port Richey", "state": "FL", "area-code": "727"}, {"id": "deca54a6651fb9add5b4a9816c774a09", "number": "6182884388", "date": "2021-01-21 12:36:00", "subject": "6", "recorded-or-robo": "Y", "city": "DuQuoin", "state": "IL", "area-code": "618"}, {"id": "b6a8da8b80f26332ed085cca2de2bd4f", "number": "6182884388", "date": "2021-01-21 12:36:00", "subject": "6", "recorded-or-robo": "Y", "city": "DuQuoin", "state": "IL", "area-code": "618"}, {"id": "deca54a6651fb9add5b4a9816c773f5b", "number": "5085283544", "date": "2021-01-22 16:19:00", "subject": "6", "recorded-or-robo": "Y", "city": "Norfolk", "state": "MA", "area-code": "508"}, {"id": "b6a8da8b80f26332ed085cca2de2b59e", "number": "5085283544", "date": "2021-01-22 16:19:00", "subject": "6", "recorded-or-robo": "Y", "city": "Norfolk", "state": "MA", "area-code": "508"}, {"id": "deca54a6651fb9add5b4a9816c773c09", "number": "", "date": "2021-01-22 16:10:00", "subject": "1", "recorded-or-robo": "Y", "city": "Shelburn", "state": "IN", "area-code": "812"}, {"id": "deca54a6651fb9add5b4a9816c772fd2", "number": "7322226340", "date": "2021-01-22 16:17:00", "subject": "0", "recorded-or-robo": "N", "city": "", "state": "NJ", "area-code": "732"}, {"id": "b6a8da8b80f26332ed085cca2de2b236", "number": "", "date": "2021-01-22 16:10:00", "subject": "1", "recorded-or-robo": "Y", "city": "Shelburn", "state": "IN", "area-code": "812"}, {"id": "b6a8da8b80f26332ed085cca2de2a8f0", "number": "7322226340", "date": "2021-01-22 16:17:00", "subject": "0", "recorded-or-robo": "N", "city": "", "state": "NJ", "area-code": "732"}, {"id": "deca54a6651fb9add5b4a9816c77232a", "number": "4195134484", "date": "2021-01-22 11:30:00", "subject": "1", "recorded-or-robo": "N", "city": "EUCLID", "state": "OH", "area-code": "216"}]}