{"data": [{"id": "deca54a6651fb9add5b4a9816ced80c6", "number": "7342052421", "date": "2021-01-22 18:21:30", "subject": "3", "recorded-or-robo": "Y", "city": "", "state": "TX", "area-code": "210"}, {"id": "e81c9350d54f66c6d33b3747ee2f00dd", "number": "", "date": "2021-01-19 14:45:00", "subject": "0", "recorded-or-robo": "Y", "city": "Old Bridge", "state": "NJ", "area-code": "973"}, {"id": "e81c9350d54f66c6d33b3747ee2ef163", "number": "8109016486", "date": "2021-01-22 18:20:00", "subject": "4", "recorded-or-robo": "Y", "city": "Hartland", "state": "MI", "area-code": "810"}, {"id": "deca54a6651fb9add5b4a9816cc44b76", "number": "", "date": "2021-01-19 14:45:00", "subject": "0", "recorded-or-robo": "Y", "city": "Old Bridge", "state": "NJ", "area-code": "973"}, {"id": "deca54a6651fb9add5b4a9816cc44a72", "number": "8109016486", "date": "2021-01-22 18:20:00", "subject": "4", "recorded-or-robo": "Y", "city": "Hartland", "state": "MI", "area-code": "810"}, {"id": "e81c9350d54f66c6d33b3747ee2ef035", "number": "7753681760", "date": "2021-01-21 13:18:00", "subject": "2", "recorded-or-robo": "Y", "city": "", "state": "NV", "area-code": "775"}, {"id": "deca54a6651fb9add5b4a9816cc43e9e", "number": "7753681760", "date": "2021-01-21 13:18:00", "subject": "2", "recorded-or-robo": "Y", "city": "", "state": "NV", "area-code": "775"}, {"id": "e81c9350d54f66c6d33b3747ee2eeba8", "number": "5748489737", "date": "2021-01-22 16:31:00", "subject": "1", "recorded-or-robo": "Y", "city": "", "state": "IN", "area-code": "574"}, {"id": "deca54a6651fb9add5b4a9816cc430bb", "number": "5748489737", "date": "2021-01-22 16:31:00", "subject": "1", "recorded-or-robo": "Y", "city": "", "state": "IN", "area-code": "574"}, {"id": "e81c9350d54f66c6d33b3747ee588855", "number": "2158934532", "date": "2021-01-22 18:21:09", "subject": "3", "recorded-or-robo": "N", "city": "", "state": "NV", "area-code": "702"}, {"id": "e81c9350d54f66c6d33b3747ee2ee66e", "number": "", "date": "2021-01-22 15:16:00", "subject": "1", "recorded-or-robo": "Y", "city": "La Mesa", "state": "CA", "area-code": "619"}, {"id": "deca54a6651fb9add5b4a9816cecd659", "number": "2158934532", "date": "2021-01-22 18:21:09", "subject": "3", "recorded-or-robo": "N", "city": "", "state": "NV", "area-code": "702"}, {"id": "deca54a6651fb9add5b4a9816cc42f24", "number": "", "date": "2021-01-22 15:16:00", "subject": "1", "recorded-or-robo": "Y", "city": "La Mesa", "state": "CA", "area-code": "619"}, {"id": "e81c9350d54f66c6d33b3747ee58e50d", "number": "+13522683750", "date": "2021-01-22 18:21:06", "subject": "3", "recorded-or-robo": "Y", "city": "", "state": "FL", "area-code": "941"}, {"id": "deca54a6651fb9add5b4a9816ced4e8c", "number": "+13522683750", "date": "2021-01-22 18:21:06", "subject": "3", "recorded-or-robo": "Y", "city": "", "state": "FL", "area-code": "941"}, {"id": "e81c9350d54f66c6d33b3747ee5873aa", "number": "4058250718", "date": "2021-01-22 18:21:02", "subject": "3", "recorded-or-robo": "Y", "city": "", "state": "OK", "area-code": "405"}, {"id": "deca54a6651fb9add5b4a9816ceccc13", "number": "4058250718", "date": "2021-01-22 18:21:02", "subject": "3", "recorded-or-robo": "Y", "city": "", "state": "OK", "area-code": "405"}, {"id": "e81c9350d54f66c6d33b3747ee593b2e", "number": "4058250718", "date": "2021-01-22 18:21:00", "subject": "3", "recorded-or-robo": "Y", "city": "", "state": "OK", "area-code": "405"}, {"id": "deca54a6651fb9add5b4a9816cedd8b0", "number": "4058250718", "date": "2021-01-22 18:21:00", "subject": "3", "recorded-or-robo": "Y", "city": "", "state": "OK", "area-code": "405"}, {"id": "e81c9350d54f66c6d33b3747ee2ee65e", "number": "3105869267", "date": "2021-01-20 13:56:00", "subject": "3", "recorded-or-robo": "Y", "city": "", "state": "CA", "area-code": "310"}, {"id": "deca54a6651fb9add5b4a9816cc42348", "number": "3105869267", "date": "2021-01-20 13:56:00", "subject": "3", "recorded-or-robo": "Y", "city": "", "state": "CA", "area-code": "310"}, {"id": "e81c9350d54f66c6d33b3747ee2edfc4", "number": "5125598091", "date": "2021-01-21 12:19:00", "subject": "2", "recorded-or-robo": "Y", "city": "austin", "state": "TX", "area-code": "512"}, {"id": "deca54a6651fb9add5b4a9816cc413a2", "number": "5125598091", "date": "2021-01-21 12:19:00", "subject": "2", "recorded-or-robo": "Y", "city": "austin", "state": "TX", "area-code": "512"}, {"id": "e81c9350d54f66c6d33b3747ee2ed36c", "number": "7348022586", "date": "2021-01-06 00:00:00", "subject": "2", "recorded-or-robo": "", "city": "Lewiston", "state": "ME", "area-code": "207"}, {"id": "e81c9350d54f66c6d33b3747ee2eccb5", "number": "7603480496", "date": "2021-01-22 00:00:00", "subject": "3", "recorded-or-robo": "", "city": "", "state": "CA", "area-code": "760"}, {"id": "deca54a6651fb9add5b4a9816cc409da", "number": "7348022586", "date": "2021-01-06 00:00:00", "subject": "2", "recorded-or-robo": "", "city": "Lewiston", "state": "ME", "area-code": "207"}, {"id": "deca54a6651fb9add5b4a9816cc3fac4", "number": "7603480496", "date": "2021-01-22 00:00:00", "subject": "3", "recorded-or-robo": "", "city": "", "state": "CA", "area-code": "760"}, {"id": "e81c9350d54f66c6d33b3747ee2ebe40", "number": "5104623368", "date": "2021-01-22 14:56:00", "subject": "2", "recorded-or-robo": "N", "city": "Washougal", "state": "WA", "area-code": "360"}, {"id": "deca54a6651fb9add5b4a9816cc3f2a5", "number": "5104623368", "date": "2021-01-22 14:56:00", "subject": "2", "recorded-or-robo": "N", "city": "Washougal", "state": "WA", "area-code": "360"}, {"id": "e81c9350d54f66c6d33b3747ee2ebde4", "number": "7608863566", "date": "2021-01-19 10:58:00", "subject": "2", "recorded-or-robo": "Y", "city": "Vista", "state": "CA", "area-code": "760"}, {"id": "deca54a6651fb9add5b4a9816cc3e853", "number": "7608863566", "date": "2021-01-19 10:58:00", "subject": "2", "recorded-or-robo": "Y", "city": "Vista", "state": "CA", "area-code": "760"}, {"id": "e81c9350d54f66c6d33b3747ee2eaf6c", "number": "8015203595", "date": "2021-01-22 16:19:00", "subject": "5", "recorded-or-robo": "Y", "city": "Spanish Fork", "state": "UT", "area-code": "801"}, {"id": "e81c9350d54f66c6d33b3747ee2eae6f", "number": "6193832231", "date": "2021-01-22 15:17:00", "subject": "0", "recorded-or-robo": "Y", "city": "Livingston", "state": "CA", "area-code": "209"}, {"id": "deca54a6651fb9add5b4a9816cc3e851", "number": "8015203595", "date": "2021-01-22 16:19:00", "subject": "5", "recorded-or-robo": "Y", "city": "Spanish Fork", "state": "UT", "area-code": "801"}, {"id": "deca54a6651fb9add5b4a9816cc3dd25", "number": "6193832231", "date": "2021-01-22 15:17:00", "subject": "0", "recorded-or-robo": "Y", "city": "Livingston", "state": "CA", "area-code": "209"}, {"id": "e81c9350d54f66c6d33b3747ee2ea3aa", "number": "2075873053", "date": "2021-01-22 17:18:00", "subject": "2", "recorded-or-robo": "Y", "city": "Kellyville", "state": "ME", "area-code": "207"}, {"id": "deca54a6651fb9add5b4a9816cc3d772", "number": "2075873053", "date": "2021-01-22 17:18:00", "subject": "2", "recorded-or-robo": "Y", "city": "Kellyville", "state": "ME", "area-code": "207"}, {"id": "e81c9350d54f66c6d33b3747ee2e9f0a", "number": "7242508055", "date": "2021-01-22 18:13:00", "subject": "0", "recorded-or-robo": "Y", "city": "Kershaw", "state": "SC", "area-code": "803"}, {"id": "deca54a6651fb9add5b4a9816cc3d6c6", "number": "7242508055", "date": "2021-01-22 18:13:00", "subject": "0", "recorded-or-robo": "Y", "city": "Kershaw", "state": "SC", "area-code": "803"}, {"id": "e81c9350d54f66c6d33b3747ee2e9d2c", "number": "8646373101", "date": "2021-01-22 16:24:00", "subject": "2", "recorded-or-robo": "Y", "city": "Fort Scott", "state": "SC", "area-code": "864"}, {"id": "deca54a6651fb9add5b4a9816cc3cf1a", "number": "8646373101", "date": "2021-01-22 16:24:00", "subject": "2", "recorded-or-robo": "Y", "city": "Fort Scott", "state": "SC", "area-code": "864"}, {"id": "e81c9350d54f66c6d33b3747ee58ae80", "number": "6269007721", "date": "2021-01-22 18:20:27", "subject": "3", "recorded-or-robo": "Y", "city": "", "state": "CA", "area-code": "626"}, {"id": "deca54a6651fb9add5b4a9816ced04d3", "number": "6269007721", "date": "2021-01-22 18:20:27", "subject": "3", "recorded-or-robo": "Y", "city": "", "state": "CA", "area-code": "626"}, {"id": "e81c9350d54f66c6d33b3747ee2e8ee6", "number": "", "date": "2021-01-22 18:13:00", "subject": "7", "recorded-or-robo": "Y", "city": "Beavercreek", "state": "OH", "area-code": "850"}, {"id": "e81c9350d54f66c6d33b3747ee2e83f0", "number": "6507256831", "date": "2021-01-22 17:15:00", "subject": "9", "recorded-or-robo": "Y", "city": "Granbury", "state": "TX", "area-code": "661"}, {"id": "deca54a6651fb9add5b4a9816cc3c474", "number": "", "date": "2021-01-22 18:13:00", "subject": "7", "recorded-or-robo": "Y", "city": "Beavercreek", "state": "OH", "area-code": "850"}, {"id": "deca54a6651fb9add5b4a9816cc3bec3", "number": "6507256831", "date": "2021-01-22 17:15:00", "subject": "9", "recorded-or-robo": "Y", "city": "Granbury", "state": "TX", "area-code": "661"}, {"id": "e81c9350d54f66c6d33b3747ee2e77c9", "number": "6034967704", "date": "2021-01-21 07:52:00", "subject": "3", "recorded-or-robo": "Y", "city": "", "state": "CA", "area-code": "310"}, {"id": "e81c9350d54f66c6d33b3747ee2e6bc4", "number": "", "date": "2021-01-19 10:43:00", "subject": "3", "recorded-or-robo": "Y", "city": "Old Bridge", "state": "NJ", "area-code": "973"}, {"id": "deca54a6651fb9add5b4a9816cc3b602", "number": "6034967704", "date": "2021-01-21 07:52:00", "subject": "3", "recorded-or-robo": "Y", "city": "", "state": "CA", "area-code": "310"}]}