{"data": [{"id": "b6a8da8b80f26332ed085cca2dee637d", "number": "5024888780", "date": "2021-01-22 14:38:00", "subject": "4", "recorded-or-robo": "N", "city": "", "state": "KY", "area-code": "502"}, {"id": "deca54a6651fb9add5b4a9816c832cf4", "number": "3324567438", "date": "2021-01-22 12:00:00", "subject": "2", "recorded-or-robo": "Y", "city": "", "state": "WI", "area-code": "608"}, {"id": "b6a8da8b80f26332ed085cca2dee5b9f", "number": "3324567438", "date": "2021-01-22 12:00:00", "subject": "2", "recorded-or-robo": "Y", "city": "", "state": "WI", "area-code": "608"}, {"id": "deca54a6651fb9add5b4a9816c8327db", "number": "7736932054", "date": "2021-01-22 14:24:00", "subject": "2", "recorded-or-robo": "Y", "city": "Rolling meadows", "state": "IL", "area-code": "773"}, {"id": "b6a8da8b80f26332ed085cca2dee57db", "number": "7736932054", "date": "2021-01-22 14:24:00", "subject": "2", "recorded-or-robo": "Y", "city": "Rolling meadows", "state": "IL", "area-code": "773"}, {"id": "deca54a6651fb9add5b4a9816c831cb0", "number": "8084552246", "date": "2021-01-22 11:30:00", "subject": "1", "recorded-or-robo": "Y", "city": "", "state": "HI", "area-code": "808"}, {"id": "b6a8da8b80f26332ed085cca2dee42ca", "number": "8084552246", "date": "2021-01-22 11:30:00", "subject": "1", "recorded-or-robo": "Y", "city": "", "state": "HI", "area-code": "808"}, {"id": "deca54a6651fb9add5b4a9816c831803", "number": "9014054703", "date": "2021-01-22 11:30:00", "subject": "2", "recorded-or-robo": "Y", "city": "Olive Branch", "state": "MS", "area-code": "901"}, {"id": "b6a8da8b80f26332ed085cca2dee3d05", "number": "9014054703", "date": "2021-01-22 11:30:00", "subject": "2", "recorded-or-robo": "Y", "city": "Olive Branch", "state": "MS", "area-code": "901"}, {"id": "deca54a6651fb9add5b4a9816c83098e", "number": "2075314054", "date": "2021-01-22 16:35:00", "subject": "6", "recorded-or-robo": "N", "city": "Searsmont", "state": "ME", "area-code": "207"}, {"id": "b6a8da8b80f26332ed085cca2dee338d", "number": "2075314054", "date": "2021-01-22 16:35:00", "subject": "6", "recorded-or-robo": "N", "city": "Searsmont", "state": "ME", "area-code": "207"}, {"id": "deca54a6651fb9add5b4a9816c8304ba", "number": "6513017423", "date": "2021-01-22 14:36:00", "subject": "2", "recorded-or-robo": "Y", "city": "", "state": "MN", "area-code": "612"}, {"id": "b6a8da8b80f26332ed085cca2dee28a5", "number": "6513017423", "date": "2021-01-22 14:36:00", "subject": "2", "recorded-or-robo": "Y", "city": "", "state": "MN", "area-code": "612"}, {"id": "deca54a6651fb9add5b4a9816c82f957", "number": "", "date": "2021-01-22 15:11:00", "subject": "3", "recorded-or-robo": "N", "city": "", "state": "IL", "area-code": "773"}, {"id": "b6a8da8b80f26332ed085cca2dee2736", "number": "", "date": "2021-01-22 15:11:00", "subject": "3", "recorded-or-robo": "N", "city": "", "state": "IL", "area-code": "773"}, {"id": "deca54a6651fb9add5b4a9816c82f8c9", "number": "2622617646", "date": "2021-01-22 11:44:00", "subject": "4", "recorded-or-robo": "Y", "city": "Gainesville", "state": "TX", "area-code": "262"}, {"id": "b6a8da8b80f26332ed085cca2dee2709", "number": "2622617646", "date": "2021-01-22 11:44:00", "subject": "4", "recorded-or-robo": "Y", "city": "Gainesville", "state": "TX", "area-code": "262"}, {"id": "deca54a6651fb9add5b4a9816c82efbf", "number": "8332298907", "date": "2021-01-19 00:00:00", "subject": "3", "recorded-or-robo": "", "city": "Lakeland", "state": "TN", "area-code": "901"}, {"id": "b6a8da8b80f26332ed085cca2dee1937", "number": "8332298907", "date": "2021-01-19 00:00:00", "subject": "3", "recorded-or-robo": "", "city": "Lakeland", "state": "TN", "area-code": "901"}, {"id": "deca54a6651fb9add5b4a9816c82e271", "number": "6155511679", "date": "2021-01-22 11:14:00", "subject": "2", "recorded-or-robo": "Y", "city": "", "state": "TN", "area-code": "615"}, {"id": "b6a8da8b80f26332ed085cca2dee0d54", "number": "6155511679", "date": "2021-01-22 11:14:00", "subject": "2", "recorded-or-robo": "Y", "city": "", "state": "TN", "area-code": "615"}, {"id": "deca54a6651fb9add5b4a9816c82d5a0", "number": "7634931481", "date": "2021-01-22 09:52:00", "subject": "2", "recorded-or-robo": "Y", "city": "MAPLE GROVE", "state": "MN", "area-code": "763"}, {"id": "b6a8da8b80f26332ed085cca2dee061c", "number": "7634931481", "date": "2021-01-22 09:52:00", "subject": "2", "recorded-or-robo": "Y", "city": "MAPLE GROVE", "state": "MN", "area-code": "763"}, {"id": "deca54a6651fb9add5b4a9816c82ca47", "number": "6162682727", "date": "2021-01-22 04:27:00", "subject": "1", "recorded-or-robo": "Y", "city": "Mason", "state": "OH", "area-code": "513"}, {"id": "b6a8da8b80f26332ed085cca2dee0107", "number": "6162682727", "date": "2021-01-22 04:27:00", "subject": "1", "recorded-or-robo": "Y", "city": "Mason", "state": "OH", "area-code": "513"}, {"id": "e81c9350d54f66c6d33b3747ee4b0b49", "number": "2673564685", "date": "2021-01-22 16:37:57", "subject": "3", "recorded-or-robo": "Y", "city": "", "state": "NY", "area-code": "347"}, {"id": "deca54a6651fb9add5b4a9816cdf692d", "number": "2673564685", "date": "2021-01-22 16:37:57", "subject": "3", "recorded-or-robo": "Y", "city": "", "state": "NY", "area-code": "347"}, {"id": "e81c9350d54f66c6d33b3747ee4b6cb9", "number": "2673564685", "date": "2021-01-22 16:37:56", "subject": "3", "recorded-or-robo": "Y", "city": "", "state": "NY", "area-code": "347"}, {"id": "deca54a6651fb9add5b4a9816cdfba01", "number": "2673564685", "date": "2021-01-22 16:37:56", "subject": "3", "recorded-or-robo": "Y", "city": "", "state": "NY", "area-code": "347"}, {"id": "deca54a6651fb9add5b4a9816c82c31d", "number": "6186009", "date": "2021-01-20 10:01:00", "subject": "0", "recorded-or-robo": "N", "city": "The Villages", "state": "FL", "area-code": "352"}, {"id": "deca54a6651fb9add5b4a9816c82c132", "number": "3152328257", "date": "2021-01-21 13:00:00", "subject": "2", "recorded-or-robo": "Y", "city": "Walton", "state": "IN", "area-code": "574"}, {"id": "b6a8da8b80f26332ed085cca2dedfa55", "number": "6186009", "date": "2021-01-20 10:01:00", "subject": "0", "recorded-or-robo": "N", "city": "The Villages", "state": "FL", "area-code": "352"}, {"id": "b6a8da8b80f26332ed085cca2dedf54e", "number": "3152328257", "date": "2021-01-21 13:00:00", "subject": "2", "recorded-or-robo": "Y", "city": "Walton", "state": "IN", "area-code": "574"}, {"id": "deca54a6651fb9add5b4a9816c82b582", "number": "2142563548", "date": "2021-01-22 15:35:00", "subject": "2", "recorded-or-robo": "Y", "city": "Flower Mound", "state": "TX", "area-code": "214"}, {"id": "b6a8da8b80f26332ed085cca2dedee44", "number": "2142563548", "date": "2021-01-22 15:35:00", "subject": "2", "recorded-or-robo": "Y", "city": "Flower Mound", "state": "TX", "area-code": "214"}, {"id": "deca54a6651fb9add5b4a9816c82a7ae", "number": "9784141829", "date": "2021-01-22 15:50:00", "subject": "0", "recorded-or-robo": "Y", "city": "TEWKSBURY", "state": "MA", "area-code": "978"}, {"id": "b6a8da8b80f26332ed085cca2dede2fd", "number": "9784141829", "date": "2021-01-22 15:50:00", "subject": "0", "recorded-or-robo": "Y", "city": "TEWKSBURY", "state": "MA", "area-code": "978"}, {"id": "deca54a6651fb9add5b4a9816c829f9b", "number": "3193305974onmy", "date": "2021-01-21 12:00:00", "subject": "2", "recorded-or-robo": "Y", "city": "West Liberty", "state": "IA", "area-code": "319"}, {"id": "b6a8da8b80f26332ed085cca2dede029", "number": "3193305974onmy", "date": "2021-01-21 12:00:00", "subject": "2", "recorded-or-robo": "Y", "city": "West Liberty", "state": "IA", "area-code": "319"}, {"id": "e81c9350d54f66c6d33b3747ee4c493e", "number": "2628246358", "date": "2021-01-22 16:37:42", "subject": "3", "recorded-or-robo": "Y", "city": "", "state": "NY", "area-code": "347"}, {"id": "deca54a6651fb9add5b4a9816ce07f73", "number": "2628246358", "date": "2021-01-22 16:37:42", "subject": "3", "recorded-or-robo": "Y", "city": "", "state": "NY", "area-code": "347"}, {"id": "e81c9350d54f66c6d33b3747ee4b86a2", "number": "2628246358", "date": "2021-01-22 16:37:41", "subject": "3", "recorded-or-robo": "Y", "city": "", "state": "NY", "area-code": "347"}, {"id": "deca54a6651fb9add5b4a9816cdfdb4f", "number": "2628246358", "date": "2021-01-22 16:37:41", "subject": "3", "recorded-or-robo": "Y", "city": "", "state": "NY", "area-code": "347"}, {"id": "deca54a6651fb9add5b4a9816c828fb7", "number": "", "date": "2021-01-22 15:30:00", "subject": "2", "recorded-or-robo": "Y", "city": "Amarillo", "state": "TX", "area-code": "806"}, {"id": "b6a8da8b80f26332ed085cca2dedd469", "number": "", "date": "2021-01-22 15:30:00", "subject": "2", "recorded-or-robo": "Y", "city": "Amarillo", "state": "TX", "area-code": "806"}, {"id": "deca54a6651fb9add5b4a9816c82890a", "number": "8332298420", "date": "2021-01-19 00:00:00", "subject": "3", "recorded-or-robo": "", "city": "Lakeland", "state": "TN", "area-code": "901"}, {"id": "deca54a6651fb9add5b4a9816c827c4c", "number": "5172103809", "date": "2021-01-11 14:02:00", "subject": "2", "recorded-or-robo": "Y", "city": "Gladstone", "state": "MI", "area-code": "906"}, {"id": "b6a8da8b80f26332ed085cca2dedc6e6", "number": "8332298420", "date": "2021-01-19 00:00:00", "subject": "3", "recorded-or-robo": "", "city": "Lakeland", "state": "TN", "area-code": "901"}, {"id": "b6a8da8b80f26332ed085cca2dedbb33", "number": "5172103809", "date": "2021-01-11 14:02:00", "subject": "2", "recorded-or-robo": "Y", "city": "Gladstone", "state": "MI", "area-code": "906"}, {"id": "deca54a6651fb9add5b4a9816c8279fa", "number": "2402175082", "date": "2021-01-22 15:29:00", "subject": "3", "recorded-or-robo": "N", "city": "", "state": "IL", "area-code": "708"}]}