{"data": [{"id": "deca54a6651fb9add5b4a9816cbbd763", "number": "2093212317", "date": "2021-01-22 14:33:00", "subject": "1", "recorded-or-robo": "Y", "city": "Stockton", "state": "CA", "area-code": "209"}, {"id": "e81c9350d54f66c6d33b3747ee269884", "number": "4439185051", "date": "2021-01-21 00:00:00", "subject": "3", "recorded-or-robo": "Y", "city": "", "state": "AZ", "area-code": "520"}, {"id": "deca54a6651fb9add5b4a9816cbbd256", "number": "4439185051", "date": "2021-01-21 00:00:00", "subject": "3", "recorded-or-robo": "Y", "city": "", "state": "AZ", "area-code": "520"}, {"id": "e81c9350d54f66c6d33b3747ee5d3b0f", "number": "8008952188", "date": "2021-01-22 12:52:00", "subject": "3", "recorded-or-robo": "N", "city": "", "state": "AZ", "area-code": "623"}, {"id": "deca54a6651fb9add5b4a9816cf1fb64", "number": "8008952188", "date": "2021-01-22 12:52:00", "subject": "3", "recorded-or-robo": "N", "city": "", "state": "AZ", "area-code": "623"}, {"id": "e81c9350d54f66c6d33b3747ee25f30b", "number": "7043275343", "date": "2021-01-22 17:23:00", "subject": "3", "recorded-or-robo": "N", "city": "", "state": "NC", "area-code": "704"}, {"id": "deca54a6651fb9add5b4a9816cbb2c2c", "number": "7043275343", "date": "2021-01-22 17:23:00", "subject": "3", "recorded-or-robo": "N", "city": "", "state": "NC", "area-code": "704"}, {"id": "e81c9350d54f66c6d33b3747ee268f23", "number": "8136925257", "date": "2021-01-22 15:49:00", "subject": "0", "recorded-or-robo": "Y", "city": "Columbus", "state": "OH", "area-code": "614"}, {"id": "deca54a6651fb9add5b4a9816cbbca2c", "number": "8136925257", "date": "2021-01-22 15:49:00", "subject": "0", "recorded-or-robo": "Y", "city": "Columbus", "state": "OH", "area-code": "614"}, {"id": "e81c9350d54f66c6d33b3747ee268247", "number": "639221481", "date": "2021-01-22 17:01:00", "subject": "1", "recorded-or-robo": "Y", "city": "St Charles", "state": "MO", "area-code": "636"}, {"id": "deca54a6651fb9add5b4a9816cbbbf16", "number": "639221481", "date": "2021-01-22 17:01:00", "subject": "1", "recorded-or-robo": "Y", "city": "St Charles", "state": "MO", "area-code": "636"}, {"id": "e81c9350d54f66c6d33b3747ee267cb9", "number": "6173316543", "date": "2021-01-22 17:42:00", "subject": "2", "recorded-or-robo": "Y", "city": "", "state": "MA", "area-code": "617"}, {"id": "deca54a6651fb9add5b4a9816cbbbb13", "number": "6173316543", "date": "2021-01-22 17:42:00", "subject": "2", "recorded-or-robo": "Y", "city": "", "state": "MA", "area-code": "617"}, {"id": "e81c9350d54f66c6d33b3747ee261042", "number": "2099467552", "date": "2021-01-16 14:55:00", "subject": "3", "recorded-or-robo": "N", "city": "", "state": "CA", "area-code": "209"}, {"id": "deca54a6651fb9add5b4a9816cbb39c9", "number": "2099467552", "date": "2021-01-16 14:55:00", "subject": "3", "recorded-or-robo": "N", "city": "", "state": "CA", "area-code": "209"}, {"id": "e81c9350d54f66c6d33b3747ee266cec", "number": "8002662278", "date": "2021-01-22 18:02:00", "subject": "0", "recorded-or-robo": "N", "city": "", "state": "MI", "area-code": "734"}, {"id": "deca54a6651fb9add5b4a9816cbbaffe", "number": "8002662278", "date": "2021-01-22 18:02:00", "subject": "0", "recorded-or-robo": "N", "city": "", "state": "MI", "area-code": "734"}, {"id": "e81c9350d54f66c6d33b3747ee26624c", "number": "5022640102", "date": "2021-01-22 15:04:00", "subject": "2", "recorded-or-robo": "Y", "city": "HUNTINGTON BEACH", "state": "CA", "area-code": "714"}, {"id": "deca54a6651fb9add5b4a9816cbba08f", "number": "5022640102", "date": "2021-01-22 15:04:00", "subject": "2", "recorded-or-robo": "Y", "city": "HUNTINGTON BEACH", "state": "CA", "area-code": "714"}, {"id": "e81c9350d54f66c6d33b3747ee26607c", "number": "9127129134", "date": "2020-12-10 10:37:00", "subject": "2", "recorded-or-robo": "Y", "city": "Colorado Springs", "state": "CO", "area-code": "912"}, {"id": "deca54a6651fb9add5b4a9816cbb9a74", "number": "9127129134", "date": "2020-12-10 10:37:00", "subject": "2", "recorded-or-robo": "Y", "city": "Colorado Springs", "state": "CO", "area-code": "912"}, {"id": "e81c9350d54f66c6d33b3747ee2658ec", "number": "3158546916", "date": "2021-01-22 17:27:00", "subject": "2", "recorded-or-robo": "Y", "city": "Ogdensburg", "state": "NY", "area-code": "315"}, {"id": "deca54a6651fb9add5b4a9816cbb8fb1", "number": "3158546916", "date": "2021-01-22 17:27:00", "subject": "2", "recorded-or-robo": "Y", "city": "Ogdensburg", "state": "NY", "area-code": "315"}, {"id": "e81c9350d54f66c6d33b3747ee56f6ec", "number": "3616645591", "date": "2021-01-22 18:06:09", "subject": "3", "recorded-or-robo": "Y", "city": "", "state": "TX", "area-code": "210"}, {"id": "deca54a6651fb9add5b4a9816ceb6f2a", "number": "3616645591", "date": "2021-01-22 18:06:09", "subject": "3", "recorded-or-robo": "Y", "city": "", "state": "TX", "area-code": "210"}, {"id": "e81c9350d54f66c6d33b3747ee26517c", "number": "7207978149", "date": "2021-01-22 12:00:00", "subject": "2", "recorded-or-robo": "Y", "city": "Mount Pleasant", "state": "SC", "area-code": "843"}, {"id": "deca54a6651fb9add5b4a9816cbb80f8", "number": "7207978149", "date": "2021-01-22 12:00:00", "subject": "2", "recorded-or-robo": "Y", "city": "Mount Pleasant", "state": "SC", "area-code": "843"}, {"id": "e81c9350d54f66c6d33b3747ee264d8d", "number": "2814043673", "date": "2021-01-21 13:51:00", "subject": "0", "recorded-or-robo": "Y", "city": "Spring", "state": "TX", "area-code": "281"}, {"id": "deca54a6651fb9add5b4a9816cbb7fa7", "number": "2814043673", "date": "2021-01-21 13:51:00", "subject": "0", "recorded-or-robo": "Y", "city": "Spring", "state": "TX", "area-code": "281"}, {"id": "e81c9350d54f66c6d33b3747ee263f5f", "number": "8185614299", "date": "2021-01-21 14:17:00", "subject": "2", "recorded-or-robo": "N", "city": "Huntington Beach", "state": "CA", "area-code": "818"}, {"id": "deca54a6651fb9add5b4a9816cbb719c", "number": "8185614299", "date": "2021-01-21 14:17:00", "subject": "2", "recorded-or-robo": "N", "city": "Huntington Beach", "state": "CA", "area-code": "818"}, {"id": "e81c9350d54f66c6d33b3747ee578447", "number": "3165357304", "date": "2021-01-22 18:06:01", "subject": "3", "recorded-or-robo": "N", "city": "", "state": "KS", "area-code": "316"}, {"id": "e81c9350d54f66c6d33b3747ee2638ee", "number": "6315381590", "date": "2021-01-22 18:02:00", "subject": "6", "recorded-or-robo": "Y", "city": "Sound Beach", "state": "NY", "area-code": "631"}, {"id": "deca54a6651fb9add5b4a9816cebf221", "number": "3165357304", "date": "2021-01-22 18:06:01", "subject": "3", "recorded-or-robo": "N", "city": "", "state": "KS", "area-code": "316"}, {"id": "deca54a6651fb9add5b4a9816cbb6875", "number": "6315381590", "date": "2021-01-22 18:02:00", "subject": "6", "recorded-or-robo": "Y", "city": "Sound Beach", "state": "NY", "area-code": "631"}, {"id": "e81c9350d54f66c6d33b3747ee26329e", "number": "", "date": "2021-01-22 14:43:00", "subject": "3", "recorded-or-robo": "Y", "city": "", "state": "MI", "area-code": "517"}, {"id": "deca54a6651fb9add5b4a9816cbb5f27", "number": "", "date": "2021-01-22 14:43:00", "subject": "3", "recorded-or-robo": "Y", "city": "", "state": "MI", "area-code": "517"}, {"id": "e81c9350d54f66c6d33b3747ee26250b", "number": "6315865182", "date": "2021-01-22 18:02:00", "subject": "7", "recorded-or-robo": "Y", "city": "Provo", "state": "UT", "area-code": "631"}, {"id": "deca54a6651fb9add5b4a9816cbb50b3", "number": "6315865182", "date": "2021-01-22 18:02:00", "subject": "7", "recorded-or-robo": "Y", "city": "Provo", "state": "UT", "area-code": "631"}, {"id": "e81c9350d54f66c6d33b3747ee261ba6", "number": "2487690493", "date": "2021-01-22 15:38:00", "subject": "0", "recorded-or-robo": "Y", "city": "Sylvan Lake", "state": "MI", "area-code": "248"}, {"id": "e81c9350d54f66c6d33b3747ee2615fb", "number": "5074664626", "date": "2021-01-22 12:39:00", "subject": "11", "recorded-or-robo": "Y", "city": "San Simeon", "state": "CA", "area-code": "805"}, {"id": "deca54a6651fb9add5b4a9816cbb4df0", "number": "2487690493", "date": "2021-01-22 15:38:00", "subject": "0", "recorded-or-robo": "Y", "city": "Sylvan Lake", "state": "MI", "area-code": "248"}, {"id": "deca54a6651fb9add5b4a9816cbb43d9", "number": "5074664626", "date": "2021-01-22 12:39:00", "subject": "11", "recorded-or-robo": "Y", "city": "San Simeon", "state": "CA", "area-code": "805"}, {"id": "e81c9350d54f66c6d33b3747ee26089a", "number": "9544978386", "date": "2021-01-22 10:24:00", "subject": "2", "recorded-or-robo": "N", "city": "Cypress", "state": "FL", "area-code": "904"}, {"id": "deca54a6651fb9add5b4a9816cbb3577", "number": "9544978386", "date": "2021-01-22 10:24:00", "subject": "2", "recorded-or-robo": "N", "city": "Cypress", "state": "FL", "area-code": "904"}, {"id": "e81c9350d54f66c6d33b3747ee25fc04", "number": "9014227997", "date": "2021-01-21 10:28:00", "subject": "4", "recorded-or-robo": "Y", "city": "Hernando", "state": "MS", "area-code": "901"}, {"id": "deca54a6651fb9add5b4a9816cbb2ebc", "number": "9014227997", "date": "2021-01-21 10:28:00", "subject": "4", "recorded-or-robo": "Y", "city": "Hernando", "state": "MS", "area-code": "901"}, {"id": "e81c9350d54f66c6d33b3747ee25f5a6", "number": "7627285088", "date": "2021-01-22 17:58:00", "subject": "0", "recorded-or-robo": "Y", "city": "Columbus", "state": "OH", "area-code": "614"}, {"id": "deca54a6651fb9add5b4a9816cbb2c4e", "number": "7627285088", "date": "2021-01-22 17:58:00", "subject": "0", "recorded-or-robo": "Y", "city": "Columbus", "state": "OH", "area-code": "614"}, {"id": "e81c9350d54f66c6d33b3747ee25ebb5", "number": "", "date": "2021-01-22 18:11:00", "subject": "3", "recorded-or-robo": "Y", "city": "", "state": "NY", "area-code": "585"}]}