{"data": [{"id": "deca54a6651fb9add5b4a9816cfcd4b8", "number": "7186386964", "date": "2021-01-22 18:40:00", "subject": "2", "recorded-or-robo": "N", "city": "", "state": "NY", "area-code": "718"}, {"id": "e81c9350d54f66c6d33b3747ee67fdcd", "number": "7063789989", "date": "2021-01-22 14:29:00", "subject": "2", "recorded-or-robo": "Y", "city": "Meansville", "state": "GA", "area-code": "706"}, {"id": "e81c9350d54f66c6d33b3747ee67f26f", "number": "4806740554", "date": "2021-01-22 17:06:00", "subject": "7", "recorded-or-robo": "N", "city": "Tempe", "state": "AZ", "area-code": "602"}, {"id": "deca54a6651fb9add5b4a9816cfcce53", "number": "7063789989", "date": "2021-01-22 14:29:00", "subject": "2", "recorded-or-robo": "Y", "city": "Meansville", "state": "GA", "area-code": "706"}, {"id": "deca54a6651fb9add5b4a9816cfccb0b", "number": "4806740554", "date": "2021-01-22 17:06:00", "subject": "7", "recorded-or-robo": "N", "city": "Tempe", "state": "AZ", "area-code": "602"}, {"id": "e81c9350d54f66c6d33b3747ee67e45a", "number": "8663201474", "date": "2021-01-22 16:03:00", "subject": "0", "recorded-or-robo": "Y", "city": "", "state": "CA", "area-code": "916"}, {"id": "e81c9350d54f66c6d33b3747ee67dd75", "number": "3512472725", "date": "2021-01-20 15:22:00", "subject": "2", "recorded-or-robo": "Y", "city": "Rehoboth", "state": "MA", "area-code": "774"}, {"id": "deca54a6651fb9add5b4a9816cfcc4d5", "number": "8663201474", "date": "2021-01-22 16:03:00", "subject": "0", "recorded-or-robo": "Y", "city": "", "state": "CA", "area-code": "916"}, {"id": "deca54a6651fb9add5b4a9816cfcbcba", "number": "3512472725", "date": "2021-01-20 15:22:00", "subject": "2", "recorded-or-robo": "Y", "city": "Rehoboth", "state": "MA", "area-code": "774"}, {"id": "e81c9350d54f66c6d33b3747ee67ced4", "number": "3854496739", "date": "2021-01-21 09:13:00", "subject": "3", "recorded-or-robo": "Y", "city": "", "state": "UT", "area-code": "801"}, {"id": "e81c9350d54f66c6d33b3747ee67ca07", "number": "", "date": "2021-01-22 07:06:00", "subject": "3", "recorded-or-robo": "Y", "city": "", "state": "CA", "area-code": "661"}, {"id": "deca54a6651fb9add5b4a9816cfcb290", "number": "3854496739", "date": "2021-01-21 09:13:00", "subject": "3", "recorded-or-robo": "Y", "city": "", "state": "UT", "area-code": "801"}, {"id": "deca54a6651fb9add5b4a9816cfcb1db", "number": "", "date": "2021-01-22 07:06:00", "subject": "3", "recorded-or-robo": "Y", "city": "", "state": "CA", "area-code": "661"}, {"id": "e81c9350d54f66c6d33b3747eea2a1ed", "number": "6263325498", "date": "2021-01-22 19:13:53", "subject": "3", "recorded-or-robo": "Y", "city": "", "state": "CA", "area-code": "626"}, {"id": "1d36742e3f24f50e4e7ae828013791c4", "number": "6263325498", "date": "2021-01-22 19:13:53", "subject": "3", "recorded-or-robo": "Y", "city": "", "state": "CA", "area-code": "626"}, {"id": "e81c9350d54f66c6d33b3747ee67c2d3", "number": "9142815915", "date": "2021-01-22 10:29:00", "subject": "4", "recorded-or-robo": "Y", "city": "Rio Grande City", "state": "TX", "area-code": "956"}, {"id": "deca54a6651fb9add5b4a9816cfca576", "number": "9142815915", "date": "2021-01-22 10:29:00", "subject": "4", "recorded-or-robo": "Y", "city": "Rio Grande City", "state": "TX", "area-code": "956"}, {"id": "e81c9350d54f66c6d33b3747ee67babf", "number": "6266627489", "date": "2021-01-20 10:40:00", "subject": "4", "recorded-or-robo": "N", "city": "", "state": "CA", "area-code": "909"}, {"id": "deca54a6651fb9add5b4a9816cfc99b7", "number": "6266627489", "date": "2021-01-20 10:40:00", "subject": "4", "recorded-or-robo": "N", "city": "", "state": "CA", "area-code": "909"}, {"id": "e81c9350d54f66c6d33b3747ee67b63b", "number": "6513696760", "date": "2021-01-22 16:23:00", "subject": "1", "recorded-or-robo": "Y", "city": "Cottage Grove", "state": "MN", "area-code": "651"}, {"id": "deca54a6651fb9add5b4a9816cfc91b2", "number": "6513696760", "date": "2021-01-22 16:23:00", "subject": "1", "recorded-or-robo": "Y", "city": "Cottage Grove", "state": "MN", "area-code": "651"}, {"id": "e81c9350d54f66c6d33b3747ee67a7e9", "number": "6073474138", "date": "2021-01-22 18:59:00", "subject": "1", "recorded-or-robo": "Y", "city": "GARDEN CITY", "state": "NY", "area-code": "516"}, {"id": "deca54a6651fb9add5b4a9816cfc9097", "number": "6073474138", "date": "2021-01-22 18:59:00", "subject": "1", "recorded-or-robo": "Y", "city": "GARDEN CITY", "state": "NY", "area-code": "516"}, {"id": "e81c9350d54f66c6d33b3747ee679b9e", "number": "5054843048", "date": "2021-01-22 17:08:00", "subject": "5", "recorded-or-robo": "Y", "city": "Santa Fe", "state": "NM", "area-code": "505"}, {"id": "deca54a6651fb9add5b4a9816cfc8469", "number": "5054843048", "date": "2021-01-22 17:08:00", "subject": "5", "recorded-or-robo": "Y", "city": "Santa Fe", "state": "NM", "area-code": "505"}, {"id": "e81c9350d54f66c6d33b3747ee679161", "number": "8632264739", "date": "2021-01-22 18:35:00", "subject": "2", "recorded-or-robo": "Y", "city": "Meansville", "state": "GA", "area-code": "706"}, {"id": "deca54a6651fb9add5b4a9816cfc7ecd", "number": "8632264739", "date": "2021-01-22 18:35:00", "subject": "2", "recorded-or-robo": "Y", "city": "Meansville", "state": "GA", "area-code": "706"}, {"id": "e81c9350d54f66c6d33b3747eea264cf", "number": "4109343177", "date": "2021-01-22 19:13:21", "subject": "3", "recorded-or-robo": "Y", "city": "", "state": "MD", "area-code": "410"}, {"id": "1d36742e3f24f50e4e7ae82801374b56", "number": "4109343177", "date": "2021-01-22 19:13:21", "subject": "3", "recorded-or-robo": "Y", "city": "", "state": "MD", "area-code": "410"}, {"id": "e81c9350d54f66c6d33b3747eea234bb", "number": "4109343177", "date": "2021-01-22 19:13:20", "subject": "3", "recorded-or-robo": "Y", "city": "", "state": "MD", "area-code": "410"}, {"id": "1d36742e3f24f50e4e7ae82801371c55", "number": "4109343177", "date": "2021-01-22 19:13:20", "subject": "3", "recorded-or-robo": "Y", "city": "", "state": "MD", "area-code": "410"}, {"id": "e81c9350d54f66c6d33b3747ee6782d1", "number": "7145268160", "date": "2021-01-22 13:45:00", "subject": "2", "recorded-or-robo": "Y", "city": "Fullerton", "state": "CA", "area-code": "714"}, {"id": "deca54a6651fb9add5b4a9816cfc74d2", "number": "7145268160", "date": "2021-01-22 13:45:00", "subject": "2", "recorded-or-robo": "Y", "city": "Fullerton", "state": "CA", "area-code": "714"}, {"id": "e81c9350d54f66c6d33b3747ee6777e3", "number": "4109257118", "date": "2020-10-30 08:41:00", "subject": "0", "recorded-or-robo": "Y", "city": "Manassas", "state": "VA", "area-code": "703"}, {"id": "deca54a6651fb9add5b4a9816cfc6e7e", "number": "4109257118", "date": "2020-10-30 08:41:00", "subject": "0", "recorded-or-robo": "Y", "city": "Manassas", "state": "VA", "area-code": "703"}, {"id": "e81c9350d54f66c6d33b3747eea2b403", "number": "7083989883", "date": "2021-01-22 19:13:09", "subject": "3", "recorded-or-robo": "Y", "city": "", "state": "IL", "area-code": "708"}, {"id": "1d36742e3f24f50e4e7ae8280137aedb", "number": "7083989883", "date": "2021-01-22 19:13:09", "subject": "3", "recorded-or-robo": "Y", "city": "", "state": "IL", "area-code": "708"}, {"id": "e81c9350d54f66c6d33b3747ee67292d", "number": "5131138316", "date": "2021-01-22 16:04:00", "subject": "3", "recorded-or-robo": "", "city": "", "state": "MT", "area-code": "406"}, {"id": "deca54a6651fb9add5b4a9816cfc32ba", "number": "5131138316", "date": "2021-01-22 16:04:00", "subject": "3", "recorded-or-robo": "", "city": "", "state": "MT", "area-code": "406"}, {"id": "e81c9350d54f66c6d33b3747ee676cc5", "number": "2147366103", "date": "2021-01-22 17:33:00", "subject": "0", "recorded-or-robo": "Y", "city": "DALLAS", "state": "TX", "area-code": "214"}, {"id": "deca54a6651fb9add5b4a9816cfc60dc", "number": "2147366103", "date": "2021-01-22 17:33:00", "subject": "0", "recorded-or-robo": "Y", "city": "DALLAS", "state": "TX", "area-code": "214"}, {"id": "e81c9350d54f66c6d33b3747ee675f13", "number": "2142715342", "date": "2021-01-22 05:10:00", "subject": "2", "recorded-or-robo": "", "city": "Rowlett", "state": "TX", "area-code": "214"}, {"id": "deca54a6651fb9add5b4a9816cfc5c89", "number": "2142715342", "date": "2021-01-22 05:10:00", "subject": "2", "recorded-or-robo": "", "city": "Rowlett", "state": "TX", "area-code": "214"}, {"id": "e81c9350d54f66c6d33b3747eea2c492", "number": "+16094286143", "date": "2021-01-22 19:12:35", "subject": "3", "recorded-or-robo": "Y", "city": "", "state": "OH", "area-code": "216"}, {"id": "1d36742e3f24f50e4e7ae8280137b78a", "number": "+16094286143", "date": "2021-01-22 19:12:35", "subject": "3", "recorded-or-robo": "Y", "city": "", "state": "OH", "area-code": "216"}, {"id": "e81c9350d54f66c6d33b3747ee6757ec", "number": "", "date": "2021-01-22 14:46:00", "subject": "9", "recorded-or-robo": "Y", "city": "", "state": "OR", "area-code": "503"}, {"id": "e81c9350d54f66c6d33b3747ee674e30", "number": "9729695809", "date": "2021-01-22 16:24:00", "subject": "2", "recorded-or-robo": "N", "city": "ALLEN", "state": "TX", "area-code": "972"}, {"id": "deca54a6651fb9add5b4a9816cfc526a", "number": "", "date": "2021-01-22 14:46:00", "subject": "9", "recorded-or-robo": "Y", "city": "", "state": "OR", "area-code": "503"}, {"id": "deca54a6651fb9add5b4a9816cfc4e80", "number": "9729695809", "date": "2021-01-22 16:24:00", "subject": "2", "recorded-or-robo": "N", "city": "ALLEN", "state": "TX", "area-code": "972"}, {"id": "e81c9350d54f66c6d33b3747ee67496d", "number": "8052594380", "date": "2021-01-22 15:06:00", "subject": "2", "recorded-or-robo": "N", "city": "Fullerton", "state": "CA", "area-code": "714"}]}