{"data": [{"id": "b6a8da8b80f26332ed085cca2def00af", "number": "8087583179", "date": "2021-01-22 09:34:00", "subject": "1", "recorded-or-robo": "Y", "city": "", "state": "HI", "area-code": "808"}, {"id": "deca54a6651fb9add5b4a9816c83966c", "number": "8509333833", "date": "2021-01-14 12:05:00", "subject": "2", "recorded-or-robo": "", "city": "Tallahassee", "state": "FL", "area-code": "850"}, {"id": "b6a8da8b80f26332ed085cca2def0088", "number": "8509333833", "date": "2021-01-14 12:05:00", "subject": "2", "recorded-or-robo": "", "city": "Tallahassee", "state": "FL", "area-code": "850"}, {"id": "deca54a6651fb9add5b4a9816c838ed5", "number": "5023172069", "date": "2021-01-22 15:33:00", "subject": "4", "recorded-or-robo": "N", "city": "Good Thunder", "state": "MN", "area-code": "507"}, {"id": "b6a8da8b80f26332ed085cca2deef919", "number": "5023172069", "date": "2021-01-22 15:33:00", "subject": "4", "recorded-or-robo": "N", "city": "Good Thunder", "state": "MN", "area-code": "507"}, {"id": "deca54a6651fb9add5b4a9816c838c88", "number": "9066957383", "date": "2021-01-11 13:56:00", "subject": "1", "recorded-or-robo": "Y", "city": "Gladstone", "state": "MI", "area-code": "906"}, {"id": "b6a8da8b80f26332ed085cca2deef60f", "number": "9066957383", "date": "2021-01-11 13:56:00", "subject": "1", "recorded-or-robo": "Y", "city": "Gladstone", "state": "MI", "area-code": "906"}, {"id": "deca54a6651fb9add5b4a9816c838ad2", "number": "8194356765", "date": "2021-01-22 12:29:00", "subject": "1", "recorded-or-robo": "Y", "city": "Apex", "state": "NC", "area-code": "919"}, {"id": "b6a8da8b80f26332ed085cca2deee91a", "number": "8194356765", "date": "2021-01-22 12:29:00", "subject": "1", "recorded-or-robo": "Y", "city": "Apex", "state": "NC", "area-code": "919"}, {"id": "deca54a6651fb9add5b4a9816c838685", "number": "5746020", "date": "2021-01-20 15:01:00", "subject": "0", "recorded-or-robo": "N", "city": "The Villages", "state": "FL", "area-code": "352"}, {"id": "b6a8da8b80f26332ed085cca2deedb7a", "number": "5746020", "date": "2021-01-20 15:01:00", "subject": "0", "recorded-or-robo": "N", "city": "The Villages", "state": "FL", "area-code": "352"}, {"id": "deca54a6651fb9add5b4a9816c838673", "number": "7853972386", "date": "2021-01-21 13:05:00", "subject": "0", "recorded-or-robo": "", "city": "Hays", "state": "KS", "area-code": "785"}, {"id": "b6a8da8b80f26332ed085cca2deed8c6", "number": "7853972386", "date": "2021-01-21 13:05:00", "subject": "0", "recorded-or-robo": "", "city": "Hays", "state": "KS", "area-code": "785"}, {"id": "deca54a6651fb9add5b4a9816c838372", "number": "8332298906", "date": "2021-01-19 00:00:00", "subject": "3", "recorded-or-robo": "", "city": "Lakeland", "state": "TN", "area-code": "901"}, {"id": "b6a8da8b80f26332ed085cca2deecb7b", "number": "8332298906", "date": "2021-01-19 00:00:00", "subject": "3", "recorded-or-robo": "", "city": "Lakeland", "state": "TN", "area-code": "901"}, {"id": "e81c9350d54f66c6d33b3747ee4bb733", "number": "+17343392220", "date": "2021-01-22 16:39:13", "subject": "3", "recorded-or-robo": "Y", "city": "", "state": "CA", "area-code": "916"}, {"id": "deca54a6651fb9add5b4a9816ce01144", "number": "+17343392220", "date": "2021-01-22 16:39:13", "subject": "3", "recorded-or-robo": "Y", "city": "", "state": "CA", "area-code": "916"}, {"id": "deca54a6651fb9add5b4a9816c838279", "number": "6469339568", "date": "2021-01-22 13:10:00", "subject": "1", "recorded-or-robo": "Y", "city": "", "state": "CA", "area-code": "408"}, {"id": "b6a8da8b80f26332ed085cca2deec4b2", "number": "6469339568", "date": "2021-01-22 13:10:00", "subject": "1", "recorded-or-robo": "Y", "city": "", "state": "CA", "area-code": "408"}, {"id": "deca54a6651fb9add5b4a9816c83754a", "number": "3156583088", "date": "2021-01-22 15:42:00", "subject": "4", "recorded-or-robo": "Y", "city": "Bridgehampton", "state": "NY", "area-code": "631"}, {"id": "b6a8da8b80f26332ed085cca2deeba94", "number": "3156583088", "date": "2021-01-22 15:42:00", "subject": "4", "recorded-or-robo": "Y", "city": "Bridgehampton", "state": "NY", "area-code": "631"}, {"id": "e81c9350d54f66c6d33b3747ee4b8430", "number": "+13184415994", "date": "2021-01-22 16:39:06", "subject": "3", "recorded-or-robo": "Y", "city": "", "state": "LA", "area-code": "318"}, {"id": "deca54a6651fb9add5b4a9816cdfcdcc", "number": "+13184415994", "date": "2021-01-22 16:39:06", "subject": "3", "recorded-or-robo": "Y", "city": "", "state": "LA", "area-code": "318"}, {"id": "deca54a6651fb9add5b4a9816c836f3e", "number": "3028788210", "date": "2021-01-22 11:33:00", "subject": "2", "recorded-or-robo": "N", "city": "", "state": "DE", "area-code": "302"}, {"id": "b6a8da8b80f26332ed085cca2deeb0e6", "number": "3028788210", "date": "2021-01-22 11:33:00", "subject": "2", "recorded-or-robo": "N", "city": "", "state": "DE", "area-code": "302"}, {"id": "e81c9350d54f66c6d33b3747ee4be7c3", "number": "+17343392220", "date": "2021-01-22 16:38:58", "subject": "3", "recorded-or-robo": "Y", "city": "", "state": "CA", "area-code": "916"}, {"id": "deca54a6651fb9add5b4a9816ce03692", "number": "+17343392220", "date": "2021-01-22 16:38:58", "subject": "3", "recorded-or-robo": "Y", "city": "", "state": "CA", "area-code": "916"}, {"id": "deca54a6651fb9add5b4a9816c836f1d", "number": "4195669076", "date": "2021-01-17 16:48:00", "subject": "4", "recorded-or-robo": "Y", "city": "Lima", "state": "OH", "area-code": "419"}, {"id": "b6a8da8b80f26332ed085cca2deeabb8", "number": "4195669076", "date": "2021-01-17 16:48:00", "subject": "4", "recorded-or-robo": "Y", "city": "Lima", "state": "OH", "area-code": "419"}, {"id": "deca54a6651fb9add5b4a9816c836bea", "number": "9403021710", "date": "2021-01-22 13:57:00", "subject": "1", "recorded-or-robo": "Y", "city": "ft worth", "state": "TX", "area-code": "817"}, {"id": "b6a8da8b80f26332ed085cca2deea66c", "number": "9403021710", "date": "2021-01-22 13:57:00", "subject": "1", "recorded-or-robo": "Y", "city": "ft worth", "state": "TX", "area-code": "817"}, {"id": "deca54a6651fb9add5b4a9816c83641f", "number": "6513643562", "date": "2021-01-22 14:34:00", "subject": "2", "recorded-or-robo": "N", "city": "Scottsdale", "state": "AZ", "area-code": "763"}, {"id": "b6a8da8b80f26332ed085cca2dee96e1", "number": "6513643562", "date": "2021-01-22 14:34:00", "subject": "2", "recorded-or-robo": "N", "city": "Scottsdale", "state": "AZ", "area-code": "763"}, {"id": "deca54a6651fb9add5b4a9816c83553e", "number": "8648943278", "date": "2021-01-22 16:37:00", "subject": "9", "recorded-or-robo": "N", "city": "", "state": "FL", "area-code": "386"}, {"id": "b6a8da8b80f26332ed085cca2dee8c1c", "number": "8648943278", "date": "2021-01-22 16:37:00", "subject": "9", "recorded-or-robo": "N", "city": "", "state": "FL", "area-code": "386"}, {"id": "e81c9350d54f66c6d33b3747ee4c1e5a", "number": "2405821626", "date": "2021-01-22 16:38:47", "subject": "3", "recorded-or-robo": "Y", "city": "", "state": "MD", "area-code": "240"}, {"id": "deca54a6651fb9add5b4a9816ce06555", "number": "2405821626", "date": "2021-01-22 16:38:47", "subject": "3", "recorded-or-robo": "Y", "city": "", "state": "MD", "area-code": "240"}, {"id": "e81c9350d54f66c6d33b3747ee5b71e8", "number": "7064303072", "date": "2021-01-22 13:00:00", "subject": "3", "recorded-or-robo": "Y", "city": "", "state": "FL", "area-code": "850"}, {"id": "deca54a6651fb9add5b4a9816cf02704", "number": "7064303072", "date": "2021-01-22 13:00:00", "subject": "3", "recorded-or-robo": "Y", "city": "", "state": "FL", "area-code": "850"}, {"id": "deca54a6651fb9add5b4a9816c834fea", "number": "8332297965", "date": "2021-01-19 00:00:00", "subject": "3", "recorded-or-robo": "", "city": "Lakeland", "state": "TN", "area-code": "901"}, {"id": "b6a8da8b80f26332ed085cca2dee769d", "number": "8332297965", "date": "2021-01-19 00:00:00", "subject": "3", "recorded-or-robo": "", "city": "Lakeland", "state": "TN", "area-code": "901"}, {"id": "e81c9350d54f66c6d33b3747ee4b257a", "number": "6292221173", "date": "2021-01-22 16:38:39", "subject": "3", "recorded-or-robo": "Y", "city": "", "state": "NY", "area-code": "347"}, {"id": "deca54a6651fb9add5b4a9816cdf86a1", "number": "6292221173", "date": "2021-01-22 16:38:39", "subject": "3", "recorded-or-robo": "Y", "city": "", "state": "NY", "area-code": "347"}, {"id": "e81c9350d54f66c6d33b3747ee4bac4b", "number": "6292221173", "date": "2021-01-22 16:38:38", "subject": "3", "recorded-or-robo": "Y", "city": "", "state": "NY", "area-code": "347"}, {"id": "deca54a6651fb9add5b4a9816ce0016a", "number": "6292221173", "date": "2021-01-22 16:38:38", "subject": "3", "recorded-or-robo": "Y", "city": "", "state": "NY", "area-code": "347"}, {"id": "deca54a6651fb9add5b4a9816c833dbd", "number": "4803006663", "date": "2021-01-22 13:00:00", "subject": "4", "recorded-or-robo": "Y", "city": "Fountain Hills", "state": "AZ", "area-code": "480"}, {"id": "deca54a6651fb9add5b4a9816c82bde7", "number": "3304358100", "date": "2021-01-22 15:58:00", "subject": "3", "recorded-or-robo": "N", "city": "", "state": "OH", "area-code": "330"}, {"id": "b6a8da8b80f26332ed085cca2dee662a", "number": "4803006663", "date": "2021-01-22 13:00:00", "subject": "4", "recorded-or-robo": "Y", "city": "Fountain Hills", "state": "AZ", "area-code": "480"}, {"id": "b6a8da8b80f26332ed085cca2dedf39e", "number": "3304358100", "date": "2021-01-22 15:58:00", "subject": "3", "recorded-or-robo": "N", "city": "", "state": "OH", "area-code": "330"}, {"id": "deca54a6651fb9add5b4a9816c833a5a", "number": "5024888780", "date": "2021-01-22 14:38:00", "subject": "4", "recorded-or-robo": "N", "city": "", "state": "KY", "area-code": "502"}]}