{"data": [{"id": "deca54a6651fb9add5b4a9816c88f5f6", "number": "9378645732", "date": "2021-01-22 15:36:00", "subject": "2", "recorded-or-robo": "Y", "city": "", "state": "OH", "area-code": "937"}, {"id": "b6a8da8b80f26332ed085cca2df443dd", "number": "5093556048", "date": "2021-01-22 16:43:00", "subject": "5", "recorded-or-robo": "Y", "city": "", "state": "PA", "area-code": "215"}, {"id": "b6a8da8b80f26332ed085cca2df42c3d", "number": "9378645732", "date": "2021-01-22 15:36:00", "subject": "2", "recorded-or-robo": "Y", "city": "", "state": "OH", "area-code": "937"}, {"id": "e81c9350d54f66c6d33b3747ee4cceaa", "number": "+19012173419", "date": "2021-01-22 16:46:27", "subject": "3", "recorded-or-robo": "Y", "city": "", "state": "TN", "area-code": "901"}, {"id": "deca54a6651fb9add5b4a9816ce148ee", "number": "+19012173419", "date": "2021-01-22 16:46:27", "subject": "3", "recorded-or-robo": "Y", "city": "", "state": "TN", "area-code": "901"}, {"id": "deca54a6651fb9add5b4a9816c88f137", "number": "7608390382", "date": "2021-01-22 01:44:00", "subject": "4", "recorded-or-robo": "Y", "city": "La Quinta", "state": "CA", "area-code": "805"}, {"id": "deca54a6651fb9add5b4a9816c88e8ec", "number": "2626833530", "date": "2021-01-22 15:00:00", "subject": "2", "recorded-or-robo": "", "city": "", "state": "WI", "area-code": "262"}, {"id": "b6a8da8b80f26332ed085cca2df42bc9", "number": "7608390382", "date": "2021-01-22 01:44:00", "subject": "4", "recorded-or-robo": "Y", "city": "La Quinta", "state": "CA", "area-code": "805"}, {"id": "b6a8da8b80f26332ed085cca2df425f1", "number": "2626833530", "date": "2021-01-22 15:00:00", "subject": "2", "recorded-or-robo": "", "city": "", "state": "WI", "area-code": "262"}, {"id": "deca54a6651fb9add5b4a9816c88e2c0", "number": "7277893187", "date": "2021-01-22 12:15:00", "subject": "2", "recorded-or-robo": "Y", "city": "Clearwater Beach", "state": "FL", "area-code": "727"}, {"id": "deca54a6651fb9add5b4a9816c88d84d", "number": "6122841755", "date": "2021-01-22 11:26:00", "subject": "2", "recorded-or-robo": "Y", "city": "roseville", "state": "MN", "area-code": "612"}, {"id": "b6a8da8b80f26332ed085cca2df41b1d", "number": "7277893187", "date": "2021-01-22 12:15:00", "subject": "2", "recorded-or-robo": "Y", "city": "Clearwater Beach", "state": "FL", "area-code": "727"}, {"id": "b6a8da8b80f26332ed085cca2df40e18", "number": "6122841755", "date": "2021-01-22 11:26:00", "subject": "2", "recorded-or-robo": "Y", "city": "roseville", "state": "MN", "area-code": "612"}, {"id": "deca54a6651fb9add5b4a9816c88d5d6", "number": "7252099641", "date": "2021-01-22 10:25:00", "subject": "2", "recorded-or-robo": "Y", "city": "Las Vegas", "state": "NV", "area-code": "702"}, {"id": "b6a8da8b80f26332ed085cca2df40504", "number": "7252099641", "date": "2021-01-22 10:25:00", "subject": "2", "recorded-or-robo": "Y", "city": "Las Vegas", "state": "NV", "area-code": "702"}, {"id": "e81c9350d54f66c6d33b3747ee4c8c42", "number": "5095033562", "date": "2021-01-22 16:46:23", "subject": "3", "recorded-or-robo": "Y", "city": "", "state": "WA", "area-code": "425"}, {"id": "deca54a6651fb9add5b4a9816ce0c60c", "number": "5095033562", "date": "2021-01-22 16:46:23", "subject": "3", "recorded-or-robo": "Y", "city": "", "state": "WA", "area-code": "425"}, {"id": "deca54a6651fb9add5b4a9816c88c8c3", "number": "2697750364", "date": "2021-01-21 16:42:00", "subject": "1", "recorded-or-robo": "Y", "city": "Ledyard", "state": "OH", "area-code": "330"}, {"id": "b6a8da8b80f26332ed085cca2df40071", "number": "2697750364", "date": "2021-01-21 16:42:00", "subject": "1", "recorded-or-robo": "Y", "city": "Ledyard", "state": "OH", "area-code": "330"}, {"id": "deca54a6651fb9add5b4a9816c88bd38", "number": "8333620391", "date": "2021-01-20 09:51:00", "subject": "0", "recorded-or-robo": "Y", "city": "", "state": "OR", "area-code": "541"}, {"id": "deca54a6651fb9add5b4a9816c88b90f", "number": "5402100210", "date": "2021-01-22 13:19:00", "subject": "2", "recorded-or-robo": "Y", "city": "", "state": "VA", "area-code": "540"}, {"id": "b6a8da8b80f26332ed085cca2df3f56e", "number": "8333620391", "date": "2021-01-20 09:51:00", "subject": "0", "recorded-or-robo": "Y", "city": "", "state": "OR", "area-code": "541"}, {"id": "b6a8da8b80f26332ed085cca2df3ea31", "number": "5402100210", "date": "2021-01-22 13:19:00", "subject": "2", "recorded-or-robo": "Y", "city": "", "state": "VA", "area-code": "540"}, {"id": "deca54a6651fb9add5b4a9816c88a9e4", "number": "9514338184", "date": "2021-01-22 13:44:00", "subject": "2", "recorded-or-robo": "Y", "city": "Ventura", "state": "CA", "area-code": "805"}, {"id": "b6a8da8b80f26332ed085cca2df3e60b", "number": "9514338184", "date": "2021-01-22 13:44:00", "subject": "2", "recorded-or-robo": "Y", "city": "Ventura", "state": "CA", "area-code": "805"}, {"id": "deca54a6651fb9add5b4a9816c88a854", "number": "7578368816", "date": "2021-01-22 15:39:00", "subject": "2", "recorded-or-robo": "N", "city": "rockport", "state": "TX", "area-code": "361"}, {"id": "b6a8da8b80f26332ed085cca2df3dae0", "number": "7578368816", "date": "2021-01-22 15:39:00", "subject": "2", "recorded-or-robo": "N", "city": "rockport", "state": "TX", "area-code": "361"}, {"id": "e81c9350d54f66c6d33b3747ee4c97cf", "number": "+17207978062", "date": "2021-01-22 16:46:07", "subject": "3", "recorded-or-robo": "N", "city": "", "state": "FL", "area-code": "727"}, {"id": "deca54a6651fb9add5b4a9816ce0e0dc", "number": "+17207978062", "date": "2021-01-22 16:46:07", "subject": "3", "recorded-or-robo": "N", "city": "", "state": "FL", "area-code": "727"}, {"id": "deca54a6651fb9add5b4a9816c88a3d3", "number": "3202281396", "date": "2021-01-22 16:00:00", "subject": "2", "recorded-or-robo": "N", "city": "", "state": "PA", "area-code": "412"}, {"id": "b6a8da8b80f26332ed085cca2df3cb61", "number": "3202281396", "date": "2021-01-22 16:00:00", "subject": "2", "recorded-or-robo": "N", "city": "", "state": "PA", "area-code": "412"}, {"id": "deca54a6651fb9add5b4a9816c889d53", "number": "7548168622", "date": "2021-01-22 16:36:00", "subject": "4", "recorded-or-robo": "Y", "city": "Winter Haven", "state": "FL", "area-code": "863"}, {"id": "b6a8da8b80f26332ed085cca2df3ca3f", "number": "7548168622", "date": "2021-01-22 16:36:00", "subject": "4", "recorded-or-robo": "Y", "city": "Winter Haven", "state": "FL", "area-code": "863"}, {"id": "deca54a6651fb9add5b4a9816c888f93", "number": "8083380129", "date": "2021-01-22 15:34:00", "subject": "1", "recorded-or-robo": "Y", "city": "Gaithersburg", "state": "MD", "area-code": "301"}, {"id": "b6a8da8b80f26332ed085cca2df3c5a2", "number": "8083380129", "date": "2021-01-22 15:34:00", "subject": "1", "recorded-or-robo": "Y", "city": "Gaithersburg", "state": "MD", "area-code": "301"}, {"id": "e81c9350d54f66c6d33b3747ee4cac0a", "number": "+16234716723", "date": "2021-01-22 16:45:59", "subject": "3", "recorded-or-robo": "Y", "city": "", "state": "AZ", "area-code": "623"}, {"id": "deca54a6651fb9add5b4a9816ce0fc19", "number": "+16234716723", "date": "2021-01-22 16:45:59", "subject": "3", "recorded-or-robo": "Y", "city": "", "state": "AZ", "area-code": "623"}, {"id": "deca54a6651fb9add5b4a9816c888714", "number": "7067440003", "date": "2021-01-22 13:36:00", "subject": "6", "recorded-or-robo": "Y", "city": "", "state": "TX", "area-code": "817"}, {"id": "b6a8da8b80f26332ed085cca2df3c05f", "number": "7067440003", "date": "2021-01-22 13:36:00", "subject": "6", "recorded-or-robo": "Y", "city": "", "state": "TX", "area-code": "817"}, {"id": "deca54a6651fb9add5b4a9816c887d0f", "number": "7158988935", "date": "2021-01-22 10:24:00", "subject": "0", "recorded-or-robo": "N", "city": "Black River Falls", "state": "WI", "area-code": "715"}, {"id": "deca54a6651fb9add5b4a9816c887697", "number": "8586103817", "date": "2021-01-04 15:46:00", "subject": "2", "recorded-or-robo": "Y", "city": "SAN DIEGO", "state": "CA", "area-code": "619"}, {"id": "b6a8da8b80f26332ed085cca2df3beab", "number": "7158988935", "date": "2021-01-22 10:24:00", "subject": "0", "recorded-or-robo": "N", "city": "Black River Falls", "state": "WI", "area-code": "715"}, {"id": "b6a8da8b80f26332ed085cca2df3bca1", "number": "8586103817", "date": "2021-01-04 15:46:00", "subject": "2", "recorded-or-robo": "Y", "city": "SAN DIEGO", "state": "CA", "area-code": "619"}, {"id": "e81c9350d54f66c6d33b3747ee4c8720", "number": "+13018677630", "date": "2021-01-22 16:45:52", "subject": "3", "recorded-or-robo": "Y", "city": "", "state": "MD", "area-code": "301"}, {"id": "deca54a6651fb9add5b4a9816ce0c005", "number": "+13018677630", "date": "2021-01-22 16:45:52", "subject": "3", "recorded-or-robo": "Y", "city": "", "state": "MD", "area-code": "301"}, {"id": "deca54a6651fb9add5b4a9816c886ee6", "number": "7323638072", "date": "2021-01-22 16:22:00", "subject": "2", "recorded-or-robo": "Y", "city": "SHAKER HEIGHTS", "state": "OH", "area-code": "216"}, {"id": "deca54a6651fb9add5b4a9816c8860a3", "number": "3307567363", "date": "2021-01-21 17:51:00", "subject": "0", "recorded-or-robo": "N", "city": "Barberton", "state": "OH", "area-code": "330"}, {"id": "deca54a6651fb9add5b4a9816c88585b", "number": "2076900149", "date": "2021-01-22 10:35:00", "subject": "0", "recorded-or-robo": "Y", "city": "", "state": "ME", "area-code": "207"}, {"id": "b6a8da8b80f26332ed085cca2df3b9c9", "number": "7323638072", "date": "2021-01-22 16:22:00", "subject": "2", "recorded-or-robo": "Y", "city": "SHAKER HEIGHTS", "state": "OH", "area-code": "216"}, {"id": "b6a8da8b80f26332ed085cca2df3ac61", "number": "3307567363", "date": "2021-01-21 17:51:00", "subject": "0", "recorded-or-robo": "N", "city": "Barberton", "state": "OH", "area-code": "330"}]}