{"data": [{"id": "deca54a6651fb9add5b4a9816c946e66", "number": "7039222444", "date": "2021-01-22 16:54:00", "subject": "6", "recorded-or-robo": "N", "city": "Woodbridge", "state": "VA", "area-code": "703"}, {"id": "b6a8da8b80f26332ed085cca2dff65e7", "number": "4632291067", "date": "2021-01-21 10:52:00", "subject": "2", "recorded-or-robo": "N", "city": "Michigan City", "state": "IN", "area-code": "219"}, {"id": "b6a8da8b80f26332ed085cca2dff5af1", "number": "7039222444", "date": "2021-01-22 16:54:00", "subject": "6", "recorded-or-robo": "N", "city": "Woodbridge", "state": "VA", "area-code": "703"}, {"id": "e81c9350d54f66c6d33b3747ee4e74b4", "number": "+18043159670", "date": "2021-01-22 17:02:07", "subject": "3", "recorded-or-robo": "Y", "city": "", "state": "VA", "area-code": "804"}, {"id": "deca54a6651fb9add5b4a9816ce2ec5d", "number": "+18043159670", "date": "2021-01-22 17:02:07", "subject": "3", "recorded-or-robo": "Y", "city": "", "state": "VA", "area-code": "804"}, {"id": "deca54a6651fb9add5b4a9816c94651f", "number": "6104047082", "date": "2021-01-22 11:46:00", "subject": "2", "recorded-or-robo": "N", "city": "Easton", "state": "PA", "area-code": "610"}, {"id": "b6a8da8b80f26332ed085cca2dff524b", "number": "6104047082", "date": "2021-01-22 11:46:00", "subject": "2", "recorded-or-robo": "N", "city": "Easton", "state": "PA", "area-code": "610"}, {"id": "e81c9350d54f66c6d33b3747ee4e8d04", "number": "+15676012005", "date": "2021-01-22 17:02:02", "subject": "3", "recorded-or-robo": "N", "city": "", "state": "KS", "area-code": "913"}, {"id": "deca54a6651fb9add5b4a9816ce2f5e4", "number": "+15676012005", "date": "2021-01-22 17:02:02", "subject": "3", "recorded-or-robo": "N", "city": "", "state": "KS", "area-code": "913"}, {"id": "deca54a6651fb9add5b4a9816c945550", "number": "8052091176", "date": "2021-01-22 01:56:00", "subject": "7", "recorded-or-robo": "Y", "city": "Oxnard", "state": "CA", "area-code": "805"}, {"id": "deca54a6651fb9add5b4a9816c944efc", "number": "5713892402", "date": "2021-01-21 17:26:00", "subject": "0", "recorded-or-robo": "N", "city": "Woodbridge", "state": "VA", "area-code": "703"}, {"id": "b6a8da8b80f26332ed085cca2dff4ac5", "number": "8052091176", "date": "2021-01-22 01:56:00", "subject": "7", "recorded-or-robo": "Y", "city": "Oxnard", "state": "CA", "area-code": "805"}, {"id": "b6a8da8b80f26332ed085cca2dff3e4a", "number": "5713892402", "date": "2021-01-21 17:26:00", "subject": "0", "recorded-or-robo": "N", "city": "Woodbridge", "state": "VA", "area-code": "703"}, {"id": "e81c9350d54f66c6d33b3747ee4e4021", "number": "+14693117355", "date": "2021-01-22 17:02:00", "subject": "3", "recorded-or-robo": "Y", "city": "", "state": "TX", "area-code": "469"}, {"id": "deca54a6651fb9add5b4a9816ce2ad5c", "number": "+14693117355", "date": "2021-01-22 17:02:00", "subject": "3", "recorded-or-robo": "Y", "city": "", "state": "TX", "area-code": "469"}, {"id": "deca54a6651fb9add5b4a9816c943f7a", "number": "7578556497", "date": "2021-01-22 14:33:00", "subject": "1", "recorded-or-robo": "Y", "city": "", "state": "VA", "area-code": "757"}, {"id": "deca54a6651fb9add5b4a9816c943c33", "number": "", "date": "2021-01-22 16:50:00", "subject": "15", "recorded-or-robo": "Y", "city": "", "state": "NY", "area-code": "518"}, {"id": "b6a8da8b80f26332ed085cca2dff346e", "number": "7578556497", "date": "2021-01-22 14:33:00", "subject": "1", "recorded-or-robo": "Y", "city": "", "state": "VA", "area-code": "757"}, {"id": "b6a8da8b80f26332ed085cca2dff26ee", "number": "", "date": "2021-01-22 16:50:00", "subject": "15", "recorded-or-robo": "Y", "city": "", "state": "NY", "area-code": "518"}, {"id": "deca54a6651fb9add5b4a9816c943435", "number": "9378807694", "date": "2021-01-22 11:51:00", "subject": "2", "recorded-or-robo": "Y", "city": "Germantown", "state": "OH", "area-code": "937"}, {"id": "b6a8da8b80f26332ed085cca2dff1ec6", "number": "9378807694", "date": "2021-01-22 11:51:00", "subject": "2", "recorded-or-robo": "Y", "city": "Germantown", "state": "OH", "area-code": "937"}, {"id": "deca54a6651fb9add5b4a9816c94323c", "number": "8637931744", "date": "2021-01-22 13:52:00", "subject": "0", "recorded-or-robo": "", "city": "", "state": "CA", "area-code": "530"}, {"id": "deca54a6651fb9add5b4a9816c94242a", "number": "8008952188", "date": "2021-01-22 00:00:00", "subject": "6", "recorded-or-robo": "Y", "city": "Scottsdale", "state": "AZ", "area-code": "480"}, {"id": "b6a8da8b80f26332ed085cca2dff1198", "number": "8637931744", "date": "2021-01-22 13:52:00", "subject": "0", "recorded-or-robo": "", "city": "", "state": "CA", "area-code": "530"}, {"id": "b6a8da8b80f26332ed085cca2dff0fc6", "number": "8008952188", "date": "2021-01-22 00:00:00", "subject": "6", "recorded-or-robo": "Y", "city": "Scottsdale", "state": "AZ", "area-code": "480"}, {"id": "deca54a6651fb9add5b4a9816c941960", "number": "8436624435", "date": "2021-01-22 11:51:00", "subject": "2", "recorded-or-robo": "Y", "city": "", "state": "SC", "area-code": "843"}, {"id": "deca54a6651fb9add5b4a9816c940f25", "number": "2035636549", "date": "2021-01-22 09:19:00", "subject": "4", "recorded-or-robo": "Y", "city": "", "state": "CT", "area-code": "203"}, {"id": "b6a8da8b80f26332ed085cca2dff05d7", "number": "8436624435", "date": "2021-01-22 11:51:00", "subject": "2", "recorded-or-robo": "Y", "city": "", "state": "SC", "area-code": "843"}, {"id": "b6a8da8b80f26332ed085cca2dfefa6b", "number": "2035636549", "date": "2021-01-22 09:19:00", "subject": "4", "recorded-or-robo": "Y", "city": "", "state": "CT", "area-code": "203"}, {"id": "deca54a6651fb9add5b4a9816c9402d1", "number": "8003392397", "date": "2021-01-22 03:43:00", "subject": "11", "recorded-or-robo": "Y", "city": "Welton", "state": "IA", "area-code": "563"}, {"id": "deca54a6651fb9add5b4a9816c940029", "number": "3015613415", "date": "2021-01-22 16:53:00", "subject": "2", "recorded-or-robo": "Y", "city": "Leonardtown", "state": "MD", "area-code": "240"}, {"id": "b6a8da8b80f26332ed085cca2dfeec09", "number": "8003392397", "date": "2021-01-22 03:43:00", "subject": "11", "recorded-or-robo": "Y", "city": "Welton", "state": "IA", "area-code": "563"}, {"id": "b6a8da8b80f26332ed085cca2dfee509", "number": "3015613415", "date": "2021-01-22 16:53:00", "subject": "2", "recorded-or-robo": "Y", "city": "Leonardtown", "state": "MD", "area-code": "240"}, {"id": "deca54a6651fb9add5b4a9816c93f2cd", "number": "5856764254", "date": "2021-01-22 17:00:00", "subject": "4", "recorded-or-robo": "N", "city": "Manhasset Hills", "state": "NY", "area-code": "646"}, {"id": "deca54a6651fb9add5b4a9816c93ec6c", "number": "3034823887", "date": "2021-01-22 14:55:00", "subject": "4", "recorded-or-robo": "", "city": "Littleton", "state": "CO", "area-code": "303"}, {"id": "b6a8da8b80f26332ed085cca2dfed8f2", "number": "5856764254", "date": "2021-01-22 17:00:00", "subject": "4", "recorded-or-robo": "N", "city": "Manhasset Hills", "state": "NY", "area-code": "646"}, {"id": "b6a8da8b80f26332ed085cca2dfed28a", "number": "3034823887", "date": "2021-01-22 14:55:00", "subject": "4", "recorded-or-robo": "", "city": "Littleton", "state": "CO", "area-code": "303"}, {"id": "deca54a6651fb9add5b4a9816c93e136", "number": "3323344943", "date": "2021-01-22 14:34:00", "subject": "6", "recorded-or-robo": "N", "city": "Hudson", "state": "NH", "area-code": "603"}, {"id": "b6a8da8b80f26332ed085cca2dfec38b", "number": "3323344943", "date": "2021-01-22 14:34:00", "subject": "6", "recorded-or-robo": "N", "city": "Hudson", "state": "NH", "area-code": "603"}, {"id": "e81c9350d54f66c6d33b3747ee5bfb01", "number": "2569131728", "date": "2021-01-22 14:25:00", "subject": "3", "recorded-or-robo": "N", "city": "", "state": "NC", "area-code": "336"}, {"id": "deca54a6651fb9add5b4a9816cf0a0c5", "number": "2569131728", "date": "2021-01-22 14:25:00", "subject": "3", "recorded-or-robo": "N", "city": "", "state": "NC", "area-code": "336"}, {"id": "e81c9350d54f66c6d33b3747ee4eaf15", "number": "+14694090339", "date": "2021-01-22 17:01:38", "subject": "3", "recorded-or-robo": "Y", "city": "", "state": "TX", "area-code": "469"}, {"id": "deca54a6651fb9add5b4a9816ce3140d", "number": "+14694090339", "date": "2021-01-22 17:01:38", "subject": "3", "recorded-or-robo": "Y", "city": "", "state": "TX", "area-code": "469"}, {"id": "deca54a6651fb9add5b4a9816c93dc45", "number": "2168988361", "date": "2020-01-22 16:56:00", "subject": "3", "recorded-or-robo": "Y", "city": "", "state": "OH", "area-code": "216"}, {"id": "b6a8da8b80f26332ed085cca2dfeb3f5", "number": "2168988361", "date": "2020-01-22 16:56:00", "subject": "3", "recorded-or-robo": "Y", "city": "", "state": "OH", "area-code": "216"}, {"id": "e81c9350d54f66c6d33b3747ee4e5880", "number": "9157733612", "date": "2021-01-22 17:01:31", "subject": "3", "recorded-or-robo": "Y", "city": "", "state": "TX", "area-code": "956"}, {"id": "deca54a6651fb9add5b4a9816ce2c394", "number": "9157733612", "date": "2021-01-22 17:01:31", "subject": "3", "recorded-or-robo": "Y", "city": "", "state": "TX", "area-code": "956"}, {"id": "deca54a6651fb9add5b4a9816c93d761", "number": "", "date": "2021-01-21 10:36:00", "subject": "2", "recorded-or-robo": "Y", "city": "Miami", "state": "NY", "area-code": "917"}, {"id": "b6a8da8b80f26332ed085cca2dfeb015", "number": "", "date": "2021-01-21 10:36:00", "subject": "2", "recorded-or-robo": "Y", "city": "Miami", "state": "NY", "area-code": "917"}, {"id": "e81c9350d54f66c6d33b3747ee5bfb45", "number": "3193180616", "date": "2021-01-22 15:14:00", "subject": "3", "recorded-or-robo": "Y", "city": "", "state": "IA", "area-code": "319"}]}