{"data": [{"id": "b6a8da8b80f26332ed085cca2dfb1ba0", "number": "8648839361", "date": "2021-01-19 18:13:00", "subject": "2", "recorded-or-robo": "", "city": "Haverhill", "state": "MA", "area-code": "978"}, {"id": "deca54a6651fb9add5b4a9816c8fff56", "number": "5139731684", "date": "2021-01-20 16:07:00", "subject": "4", "recorded-or-robo": "Y", "city": "", "state": "OH", "area-code": "513"}, {"id": "b6a8da8b80f26332ed085cca2dfb175e", "number": "5139731684", "date": "2021-01-20 16:07:00", "subject": "4", "recorded-or-robo": "Y", "city": "", "state": "OH", "area-code": "513"}, {"id": "deca54a6651fb9add5b4a9816c8ff92b", "number": "9782563650", "date": "2021-01-22 00:00:00", "subject": "2", "recorded-or-robo": "Y", "city": "", "state": "MA", "area-code": "978"}, {"id": "b6a8da8b80f26332ed085cca2dfb0e24", "number": "9782563650", "date": "2021-01-22 00:00:00", "subject": "2", "recorded-or-robo": "Y", "city": "", "state": "MA", "area-code": "978"}, {"id": "deca54a6651fb9add5b4a9816c8fec03", "number": "7652450491", "date": "2021-01-21 14:10:00", "subject": "2", "recorded-or-robo": "N", "city": "Michigan City", "state": "IN", "area-code": "219"}, {"id": "b6a8da8b80f26332ed085cca2dfafee5", "number": "7652450491", "date": "2021-01-21 14:10:00", "subject": "2", "recorded-or-robo": "N", "city": "Michigan City", "state": "IN", "area-code": "219"}, {"id": "deca54a6651fb9add5b4a9816c8fe8f6", "number": "7637350185", "date": "2021-01-22 15:45:00", "subject": "0", "recorded-or-robo": "N", "city": "", "state": "LA", "area-code": "318"}, {"id": "b6a8da8b80f26332ed085cca2dfafcf1", "number": "7637350185", "date": "2021-01-22 15:45:00", "subject": "0", "recorded-or-robo": "N", "city": "", "state": "LA", "area-code": "318"}, {"id": "deca54a6651fb9add5b4a9816c8fdd0b", "number": "9382011059", "date": "2021-01-21 17:55:00", "subject": "4", "recorded-or-robo": "N", "city": "Sylacauga", "state": "AL", "area-code": "256"}, {"id": "deca54a6651fb9add5b4a9816c8fd411", "number": "9016176374", "date": "2021-01-22 12:02:00", "subject": "1", "recorded-or-robo": "Y", "city": "Stratford", "state": "CT", "area-code": "203"}, {"id": "b6a8da8b80f26332ed085cca2dfafc97", "number": "9382011059", "date": "2021-01-21 17:55:00", "subject": "4", "recorded-or-robo": "N", "city": "Sylacauga", "state": "AL", "area-code": "256"}, {"id": "b6a8da8b80f26332ed085cca2dfaf48b", "number": "9016176374", "date": "2021-01-22 12:02:00", "subject": "1", "recorded-or-robo": "Y", "city": "Stratford", "state": "CT", "area-code": "203"}, {"id": "deca54a6651fb9add5b4a9816c8fd06a", "number": "4694106295", "date": "2021-01-22 14:34:00", "subject": "2", "recorded-or-robo": "Y", "city": "PLANO", "state": "TX", "area-code": "469"}, {"id": "b6a8da8b80f26332ed085cca2dfaeea5", "number": "4694106295", "date": "2021-01-22 14:34:00", "subject": "2", "recorded-or-robo": "Y", "city": "PLANO", "state": "TX", "area-code": "469"}, {"id": "deca54a6651fb9add5b4a9816c8fc9d6", "number": "7066642206", "date": "2021-01-21 10:50:00", "subject": "4", "recorded-or-robo": "Y", "city": "GREENSBORO", "state": "GA", "area-code": "770"}, {"id": "deca54a6651fb9add5b4a9816c8fbcbf", "number": "5402023423", "date": "2021-01-22 13:00:00", "subject": "5", "recorded-or-robo": "Y", "city": "", "state": "VA", "area-code": "540"}, {"id": "b6a8da8b80f26332ed085cca2dfae482", "number": "7066642206", "date": "2021-01-21 10:50:00", "subject": "4", "recorded-or-robo": "Y", "city": "GREENSBORO", "state": "GA", "area-code": "770"}, {"id": "b6a8da8b80f26332ed085cca2dfae003", "number": "5402023423", "date": "2021-01-22 13:00:00", "subject": "5", "recorded-or-robo": "Y", "city": "", "state": "VA", "area-code": "540"}, {"id": "deca54a6651fb9add5b4a9816c8fa5f6", "number": "3348365428", "date": "2021-01-22 15:53:00", "subject": "4", "recorded-or-robo": "Y", "city": "Hoover", "state": "AL", "area-code": "205"}, {"id": "b6a8da8b80f26332ed085cca2dfac4e1", "number": "3348365428", "date": "2021-01-22 15:53:00", "subject": "4", "recorded-or-robo": "Y", "city": "Hoover", "state": "AL", "area-code": "205"}, {"id": "deca54a6651fb9add5b4a9816c8f9637", "number": "7432002311", "date": "2021-01-22 16:02:00", "subject": "2", "recorded-or-robo": "N", "city": "", "state": "NC", "area-code": "336"}, {"id": "b6a8da8b80f26332ed085cca2dfac2c8", "number": "7432002311", "date": "2021-01-22 16:02:00", "subject": "2", "recorded-or-robo": "N", "city": "", "state": "NC", "area-code": "336"}, {"id": "deca54a6651fb9add5b4a9816c8f8af9", "number": "6123891939", "date": "2021-01-22 12:14:00", "subject": "0", "recorded-or-robo": "Y", "city": "", "state": "MN", "area-code": "612"}, {"id": "b6a8da8b80f26332ed085cca2dfabc5c", "number": "6123891939", "date": "2021-01-22 12:14:00", "subject": "0", "recorded-or-robo": "Y", "city": "", "state": "MN", "area-code": "612"}, {"id": "e81c9350d54f66c6d33b3747ee4e04ff", "number": "+14078622875", "date": "2021-01-22 16:55:21", "subject": "3", "recorded-or-robo": "Y", "city": "", "state": "FL", "area-code": "407"}, {"id": "deca54a6651fb9add5b4a9816ce26dc6", "number": "+14078622875", "date": "2021-01-22 16:55:21", "subject": "3", "recorded-or-robo": "Y", "city": "", "state": "FL", "area-code": "407"}, {"id": "e81c9350d54f66c6d33b3747ee5bc898", "number": "7697686580", "date": "2021-01-22 15:29:00", "subject": "3", "recorded-or-robo": "", "city": "", "state": "MS", "area-code": "601"}, {"id": "e81c9350d54f66c6d33b3747ee4e26bf", "number": "8135788785", "date": "2021-01-22 16:55:19", "subject": "3", "recorded-or-robo": "Y", "city": "", "state": "GA", "area-code": "404"}, {"id": "deca54a6651fb9add5b4a9816cf075a3", "number": "7697686580", "date": "2021-01-22 15:29:00", "subject": "3", "recorded-or-robo": "", "city": "", "state": "MS", "area-code": "601"}, {"id": "deca54a6651fb9add5b4a9816ce28a3a", "number": "8135788785", "date": "2021-01-22 16:55:19", "subject": "3", "recorded-or-robo": "Y", "city": "", "state": "GA", "area-code": "404"}, {"id": "deca54a6651fb9add5b4a9816c8f7bda", "number": "6075874920", "date": "2021-01-22 16:42:00", "subject": "4", "recorded-or-robo": "Y", "city": "Miami", "state": "FL", "area-code": "917"}, {"id": "b6a8da8b80f26332ed085cca2dfab34e", "number": "6075874920", "date": "2021-01-22 16:42:00", "subject": "4", "recorded-or-robo": "Y", "city": "Miami", "state": "FL", "area-code": "917"}, {"id": "deca54a6651fb9add5b4a9816c8f70e3", "number": "6193839355", "date": "2021-01-22 13:46:00", "subject": "0", "recorded-or-robo": "", "city": "San Diego", "state": "CA", "area-code": "619"}, {"id": "b6a8da8b80f26332ed085cca2dfaa97c", "number": "6193839355", "date": "2021-01-22 13:46:00", "subject": "0", "recorded-or-robo": "", "city": "San Diego", "state": "CA", "area-code": "619"}, {"id": "deca54a6651fb9add5b4a9816c8f6b9c", "number": "9738333568", "date": "2021-01-22 15:50:00", "subject": "5", "recorded-or-robo": "Y", "city": "", "state": "NJ", "area-code": "908"}, {"id": "deca54a6651fb9add5b4a9816c8f60f3", "number": "2816724248", "date": "2021-01-21 15:06:00", "subject": "1", "recorded-or-robo": "Y", "city": "", "state": "TX", "area-code": "281"}, {"id": "b6a8da8b80f26332ed085cca2dfaa548", "number": "9738333568", "date": "2021-01-22 15:50:00", "subject": "5", "recorded-or-robo": "Y", "city": "", "state": "NJ", "area-code": "908"}, {"id": "b6a8da8b80f26332ed085cca2dfa9bd0", "number": "2816724248", "date": "2021-01-21 15:06:00", "subject": "1", "recorded-or-robo": "Y", "city": "", "state": "TX", "area-code": "281"}, {"id": "deca54a6651fb9add5b4a9816c8f5b14", "number": "7159978046", "date": "2021-01-22 15:49:00", "subject": "2", "recorded-or-robo": "N", "city": "Black River Falls", "state": "WI", "area-code": "715"}, {"id": "deca54a6651fb9add5b4a9816c8f504d", "number": "3162215480", "date": "2021-01-22 11:13:00", "subject": "2", "recorded-or-robo": "N", "city": "", "state": "KS", "area-code": "316"}, {"id": "b6a8da8b80f26332ed085cca2dfa99a8", "number": "7159978046", "date": "2021-01-22 15:49:00", "subject": "2", "recorded-or-robo": "N", "city": "Black River Falls", "state": "WI", "area-code": "715"}, {"id": "b6a8da8b80f26332ed085cca2dfa95f3", "number": "3162215480", "date": "2021-01-22 11:13:00", "subject": "2", "recorded-or-robo": "N", "city": "", "state": "KS", "area-code": "316"}, {"id": "e81c9350d54f66c6d33b3747ee4e120e", "number": "9726605716", "date": "2021-01-22 16:55:04", "subject": "3", "recorded-or-robo": "Y", "city": "", "state": "IL", "area-code": "708"}, {"id": "deca54a6651fb9add5b4a9816ce28274", "number": "9726605716", "date": "2021-01-22 16:55:04", "subject": "3", "recorded-or-robo": "Y", "city": "", "state": "IL", "area-code": "708"}, {"id": "deca54a6651fb9add5b4a9816c8f45ce", "number": "2436996456", "date": "2021-01-22 04:51:00", "subject": "1", "recorded-or-robo": "Y", "city": "NOBLESVILLE", "state": "IN", "area-code": "254"}, {"id": "b6a8da8b80f26332ed085cca2dfa9049", "number": "2436996456", "date": "2021-01-22 04:51:00", "subject": "1", "recorded-or-robo": "Y", "city": "NOBLESVILLE", "state": "IN", "area-code": "254"}, {"id": "deca54a6651fb9add5b4a9816c8ef71f", "number": "9892401010", "date": "2021-01-22 16:29:00", "subject": "3", "recorded-or-robo": "N", "city": "", "state": "MI", "area-code": "989"}, {"id": "b6a8da8b80f26332ed085cca2dfa1f57", "number": "9892401010", "date": "2021-01-22 16:29:00", "subject": "3", "recorded-or-robo": "N", "city": "", "state": "MI", "area-code": "989"}, {"id": "deca54a6651fb9add5b4a9816c8f3cde", "number": "", "date": "2021-01-22 00:00:00", "subject": "2", "recorded-or-robo": "Y", "city": "", "state": "MA", "area-code": "978"}]}