{"data": [{"id": "e81c9350d54f66c6d33b3747ee5f8aeb", "number": "4026280630", "date": "2021-01-22 10:48:00", "subject": "2", "recorded-or-robo": "", "city": "", "state": "NE", "area-code": "402"}, {"id": "e81c9350d54f66c6d33b3747ee5f8513", "number": "7084973373", "date": "2021-01-21 10:13:00", "subject": "0", "recorded-or-robo": "", "city": "Monee", "state": "IL", "area-code": "708"}, {"id": "deca54a6651fb9add5b4a9816cf45957", "number": "5206894190", "date": "2021-01-22 10:13:00", "subject": "0", "recorded-or-robo": "Y", "city": "Tucson", "state": "AZ", "area-code": "520"}, {"id": "deca54a6651fb9add5b4a9816cf45725", "number": "4026280630", "date": "2021-01-22 10:48:00", "subject": "2", "recorded-or-robo": "", "city": "", "state": "NE", "area-code": "402"}, {"id": "deca54a6651fb9add5b4a9816cf44ce6", "number": "7084973373", "date": "2021-01-21 10:13:00", "subject": "0", "recorded-or-robo": "", "city": "Monee", "state": "IL", "area-code": "708"}, {"id": "e81c9350d54f66c6d33b3747ee9ff881", "number": "6264693812", "date": "2021-01-22 18:55:53", "subject": "3", "recorded-or-robo": "Y", "city": "", "state": "CA", "area-code": "310"}, {"id": "1d36742e3f24f50e4e7ae8280134fbc5", "number": "6264693812", "date": "2021-01-22 18:55:53", "subject": "3", "recorded-or-robo": "Y", "city": "", "state": "CA", "area-code": "310"}, {"id": "e81c9350d54f66c6d33b3747ee9f8b41", "number": "3252195695", "date": "2021-01-22 18:55:47", "subject": "3", "recorded-or-robo": "N", "city": "", "state": "TX", "area-code": "254"}, {"id": "1d36742e3f24f50e4e7ae82801349c60", "number": "3252195695", "date": "2021-01-22 18:55:47", "subject": "3", "recorded-or-robo": "N", "city": "", "state": "TX", "area-code": "254"}, {"id": "e81c9350d54f66c6d33b3747eea00eb7", "number": "3252195695", "date": "2021-01-22 18:55:46", "subject": "3", "recorded-or-robo": "N", "city": "", "state": "TX", "area-code": "254"}, {"id": "1d36742e3f24f50e4e7ae8280135228f", "number": "3252195695", "date": "2021-01-22 18:55:46", "subject": "3", "recorded-or-robo": "N", "city": "", "state": "TX", "area-code": "254"}, {"id": "e81c9350d54f66c6d33b3747ee5f7e57", "number": "3013079190", "date": "2021-01-18 09:20:00", "subject": "3", "recorded-or-robo": "N", "city": "Waldorf", "state": "MD", "area-code": "301"}, {"id": "e81c9350d54f66c6d33b3747ee5f7798", "number": "8653552008", "date": "2021-01-22 17:13:00", "subject": "2", "recorded-or-robo": "N", "city": "West Memphis", "state": "AR", "area-code": "870"}, {"id": "deca54a6651fb9add5b4a9816cf44ac4", "number": "3013079190", "date": "2021-01-18 09:20:00", "subject": "3", "recorded-or-robo": "N", "city": "Waldorf", "state": "MD", "area-code": "301"}, {"id": "deca54a6651fb9add5b4a9816cf447f7", "number": "8653552008", "date": "2021-01-22 17:13:00", "subject": "2", "recorded-or-robo": "N", "city": "West Memphis", "state": "AR", "area-code": "870"}, {"id": "e81c9350d54f66c6d33b3747ee5f653e", "number": "3144524886", "date": "2021-01-22 17:12:00", "subject": "2", "recorded-or-robo": "Y", "city": "Creve Couer", "state": "MO", "area-code": "314"}, {"id": "deca54a6651fb9add5b4a9816cf4394b", "number": "3144524886", "date": "2021-01-22 17:12:00", "subject": "2", "recorded-or-robo": "Y", "city": "Creve Couer", "state": "MO", "area-code": "314"}, {"id": "e81c9350d54f66c6d33b3747ee5f621a", "number": "2103609048", "date": "2021-01-22 16:59:00", "subject": "2", "recorded-or-robo": "N", "city": "San Antonio", "state": "TX", "area-code": "210"}, {"id": "deca54a6651fb9add5b4a9816cf4327f", "number": "2103609048", "date": "2021-01-22 16:59:00", "subject": "2", "recorded-or-robo": "N", "city": "San Antonio", "state": "TX", "area-code": "210"}, {"id": "e81c9350d54f66c6d33b3747ee5f55f5", "number": "4695445024", "date": "2021-01-22 14:23:00", "subject": "3", "recorded-or-robo": "Y", "city": "Irving", "state": "TX", "area-code": "469"}, {"id": "deca54a6651fb9add5b4a9816cf4319b", "number": "4695445024", "date": "2021-01-22 14:23:00", "subject": "3", "recorded-or-robo": "Y", "city": "Irving", "state": "TX", "area-code": "469"}, {"id": "e81c9350d54f66c6d33b3747ee5f4811", "number": "2022216385", "date": "2021-01-22 06:40:00", "subject": "2", "recorded-or-robo": "N", "city": "", "state": "Do", "area-code": "202"}, {"id": "deca54a6651fb9add5b4a9816cf4283f", "number": "2022216385", "date": "2021-01-22 06:40:00", "subject": "2", "recorded-or-robo": "N", "city": "", "state": "Do", "area-code": "202"}, {"id": "e81c9350d54f66c6d33b3747ee5f3bc9", "number": "4024144421", "date": "2021-01-22 17:04:00", "subject": "2", "recorded-or-robo": "", "city": "", "state": "WI", "area-code": "608"}, {"id": "deca54a6651fb9add5b4a9816cf425d6", "number": "4024144421", "date": "2021-01-22 17:04:00", "subject": "2", "recorded-or-robo": "", "city": "", "state": "WI", "area-code": "608"}, {"id": "e81c9350d54f66c6d33b3747ee9f7c68", "number": "2013806050", "date": "2021-01-22 18:55:25", "subject": "3", "recorded-or-robo": "Y", "city": "", "state": "NJ", "area-code": "201"}, {"id": "1d36742e3f24f50e4e7ae82801349722", "number": "2013806050", "date": "2021-01-22 18:55:25", "subject": "3", "recorded-or-robo": "Y", "city": "", "state": "NJ", "area-code": "201"}, {"id": "e81c9350d54f66c6d33b3747ee5f38ac", "number": "7578566415", "date": "2021-01-22 16:19:00", "subject": "6", "recorded-or-robo": "Y", "city": "Grundy", "state": "VA", "area-code": "276"}, {"id": "deca54a6651fb9add5b4a9816cf422af", "number": "7578566415", "date": "2021-01-22 16:19:00", "subject": "6", "recorded-or-robo": "Y", "city": "Grundy", "state": "VA", "area-code": "276"}, {"id": "e81c9350d54f66c6d33b3747ee5f28cf", "number": "8552507660", "date": "2021-01-22 10:22:00", "subject": "0", "recorded-or-robo": "Y", "city": "Bend", "state": "OR", "area-code": "541"}, {"id": "deca54a6651fb9add5b4a9816cf41433", "number": "8552507660", "date": "2021-01-22 10:22:00", "subject": "0", "recorded-or-robo": "Y", "city": "Bend", "state": "OR", "area-code": "541"}, {"id": "e81c9350d54f66c6d33b3747ee5f27fa", "number": "8504333490", "date": "2021-01-22 00:00:00", "subject": "0", "recorded-or-robo": "N", "city": "", "state": "FL", "area-code": "850"}, {"id": "deca54a6651fb9add5b4a9816cf40472", "number": "8504333490", "date": "2021-01-22 00:00:00", "subject": "0", "recorded-or-robo": "N", "city": "", "state": "FL", "area-code": "850"}, {"id": "e81c9350d54f66c6d33b3747ee5f18c6", "number": "5206894190", "date": "2021-01-21 14:05:00", "subject": "0", "recorded-or-robo": "Y", "city": "Tucson", "state": "AZ", "area-code": "520"}, {"id": "deca54a6651fb9add5b4a9816cf3f6c7", "number": "5206894190", "date": "2021-01-21 14:05:00", "subject": "0", "recorded-or-robo": "Y", "city": "Tucson", "state": "AZ", "area-code": "520"}, {"id": "e81c9350d54f66c6d33b3747ee5f17dd", "number": "8884782845", "date": "2021-01-19 10:40:00", "subject": "6", "recorded-or-robo": "Y", "city": "San Diego", "state": "CA", "area-code": "949"}, {"id": "deca54a6651fb9add5b4a9816cf3ebd6", "number": "8884782845", "date": "2021-01-19 10:40:00", "subject": "6", "recorded-or-robo": "Y", "city": "San Diego", "state": "CA", "area-code": "949"}, {"id": "e81c9350d54f66c6d33b3747ee9fbbbe", "number": "2015946503", "date": "2021-01-22 18:55:07", "subject": "3", "recorded-or-robo": "Y", "city": "", "state": "NJ", "area-code": "201"}, {"id": "e81c9350d54f66c6d33b3747ee5f105e", "number": "87073532903", "date": "2021-01-22 16:14:00", "subject": "2", "recorded-or-robo": "N", "city": "West Memphis", "state": "AR", "area-code": "870"}, {"id": "deca54a6651fb9add5b4a9816cf3e907", "number": "87073532903", "date": "2021-01-22 16:14:00", "subject": "2", "recorded-or-robo": "N", "city": "West Memphis", "state": "AR", "area-code": "870"}, {"id": "1d36742e3f24f50e4e7ae8280134cdce", "number": "2015946503", "date": "2021-01-22 18:55:07", "subject": "3", "recorded-or-robo": "Y", "city": "", "state": "NJ", "area-code": "201"}, {"id": "e81c9350d54f66c6d33b3747ee5f02e7", "number": "5735847624", "date": "2021-01-22 16:44:00", "subject": "2", "recorded-or-robo": "Y", "city": "CENTERTOWN", "state": "MO", "area-code": "573"}, {"id": "deca54a6651fb9add5b4a9816cf3dd9f", "number": "5735847624", "date": "2021-01-22 16:44:00", "subject": "2", "recorded-or-robo": "Y", "city": "CENTERTOWN", "state": "MO", "area-code": "573"}, {"id": "e81c9350d54f66c6d33b3747ee5ef312", "number": "3144524886", "date": "2021-01-22 16:38:00", "subject": "3", "recorded-or-robo": "Y", "city": "Creve Couer", "state": "MO", "area-code": "314"}, {"id": "deca54a6651fb9add5b4a9816cf3d6db", "number": "3144524886", "date": "2021-01-22 16:38:00", "subject": "3", "recorded-or-robo": "Y", "city": "Creve Couer", "state": "MO", "area-code": "314"}, {"id": "e81c9350d54f66c6d33b3747ee5ef2f2", "number": "2083099395", "date": "2021-01-22 09:46:00", "subject": "0", "recorded-or-robo": "Y", "city": "Hailey", "state": "ID", "area-code": "208"}, {"id": "deca54a6651fb9add5b4a9816cf3c8ca", "number": "2083099395", "date": "2021-01-22 09:46:00", "subject": "0", "recorded-or-robo": "Y", "city": "Hailey", "state": "ID", "area-code": "208"}, {"id": "e81c9350d54f66c6d33b3747ee5ee490", "number": "3019607882", "date": "2021-01-16 09:25:00", "subject": "3", "recorded-or-robo": "N", "city": "Waldorf", "state": "MD", "area-code": "301"}, {"id": "deca54a6651fb9add5b4a9816cf3ba9d", "number": "3019607882", "date": "2021-01-16 09:25:00", "subject": "3", "recorded-or-robo": "N", "city": "Waldorf", "state": "MD", "area-code": "301"}, {"id": "e81c9350d54f66c6d33b3747ee9fa178", "number": "9083897791", "date": "2021-01-22 18:54:50", "subject": "3", "recorded-or-robo": "Y", "city": "", "state": "NJ", "area-code": "201"}]}