{"data": [{"id": "b6a8da8b80f26332ed085cca2df2e303", "number": "6466482594", "date": "2021-01-22 16:41:00", "subject": "5", "recorded-or-robo": "Y", "city": "West Hartford", "state": "CT", "area-code": "646"}, {"id": "deca54a6651fb9add5b4a9816c879f39", "number": "5618248707", "date": "2021-01-22 16:40:00", "subject": "2", "recorded-or-robo": "Y", "city": "Clearwater Beach", "state": "FL", "area-code": "727"}, {"id": "deca54a6651fb9add5b4a9816c87939e", "number": "2098852179", "date": "2021-01-22 13:39:00", "subject": "2", "recorded-or-robo": "Y", "city": "", "state": "CA", "area-code": "619"}, {"id": "b6a8da8b80f26332ed085cca2df2daa0", "number": "5618248707", "date": "2021-01-22 16:40:00", "subject": "2", "recorded-or-robo": "Y", "city": "Clearwater Beach", "state": "FL", "area-code": "727"}, {"id": "b6a8da8b80f26332ed085cca2df2d710", "number": "2098852179", "date": "2021-01-22 13:39:00", "subject": "2", "recorded-or-robo": "Y", "city": "", "state": "CA", "area-code": "619"}, {"id": "deca54a6651fb9add5b4a9816c8784be", "number": "5015092442", "date": "2021-01-22 00:00:00", "subject": "3", "recorded-or-robo": "", "city": "Lakeland", "state": "TN", "area-code": "901"}, {"id": "b6a8da8b80f26332ed085cca2df2cf58", "number": "5015092442", "date": "2021-01-22 00:00:00", "subject": "3", "recorded-or-robo": "", "city": "Lakeland", "state": "TN", "area-code": "901"}, {"id": "e81c9350d54f66c6d33b3747ee5b874c", "number": "2032932503", "date": "2021-01-22 11:17:00", "subject": "3", "recorded-or-robo": "N", "city": "", "state": "NC", "area-code": "336"}, {"id": "deca54a6651fb9add5b4a9816cf03d6b", "number": "2032932503", "date": "2021-01-22 11:17:00", "subject": "3", "recorded-or-robo": "N", "city": "", "state": "NC", "area-code": "336"}, {"id": "deca54a6651fb9add5b4a9816c877b08", "number": "2105334582", "date": "2021-01-22 15:16:00", "subject": "2", "recorded-or-robo": "Y", "city": "San Antonio", "state": "TX", "area-code": "210"}, {"id": "b6a8da8b80f26332ed085cca2df2ce56", "number": "2105334582", "date": "2021-01-22 15:16:00", "subject": "2", "recorded-or-robo": "Y", "city": "San Antonio", "state": "TX", "area-code": "210"}, {"id": "deca54a6651fb9add5b4a9816c877a3e", "number": "6304978469", "date": "2021-01-22 15:43:00", "subject": "2", "recorded-or-robo": "Y", "city": "", "state": "IL", "area-code": "630"}, {"id": "b6a8da8b80f26332ed085cca2df2c976", "number": "6304978469", "date": "2021-01-22 15:43:00", "subject": "2", "recorded-or-robo": "Y", "city": "", "state": "IL", "area-code": "630"}, {"id": "deca54a6651fb9add5b4a9816c87703c", "number": "9202341487", "date": "2021-01-22 14:47:00", "subject": "2", "recorded-or-robo": "Y", "city": "Kaukauna", "state": "WI", "area-code": "920"}, {"id": "deca54a6651fb9add5b4a9816c876ead", "number": "3203182811", "date": "2021-01-22 16:30:00", "subject": "4", "recorded-or-robo": "Y", "city": "Staten Island", "state": "NY", "area-code": "718"}, {"id": "b6a8da8b80f26332ed085cca2df2c577", "number": "9202341487", "date": "2021-01-22 14:47:00", "subject": "2", "recorded-or-robo": "Y", "city": "Kaukauna", "state": "WI", "area-code": "920"}, {"id": "b6a8da8b80f26332ed085cca2df2ba2f", "number": "3203182811", "date": "2021-01-22 16:30:00", "subject": "4", "recorded-or-robo": "Y", "city": "Staten Island", "state": "NY", "area-code": "718"}, {"id": "deca54a6651fb9add5b4a9816c87630a", "number": "9549322999", "date": "2021-01-22 11:10:00", "subject": "0", "recorded-or-robo": "Y", "city": "", "state": "ME", "area-code": "207"}, {"id": "b6a8da8b80f26332ed085cca2df2b794", "number": "9549322999", "date": "2021-01-22 11:10:00", "subject": "0", "recorded-or-robo": "Y", "city": "", "state": "ME", "area-code": "207"}, {"id": "deca54a6651fb9add5b4a9816c875ae4", "number": "7034956882", "date": "2021-01-22 16:39:00", "subject": "3", "recorded-or-robo": "Y", "city": "", "state": "VA", "area-code": "276"}, {"id": "b6a8da8b80f26332ed085cca2df2aa03", "number": "7034956882", "date": "2021-01-22 16:39:00", "subject": "3", "recorded-or-robo": "Y", "city": "", "state": "VA", "area-code": "276"}, {"id": "e81c9350d54f66c6d33b3747ee4c8e03", "number": "7577028228", "date": "2021-01-22 16:44:32", "subject": "3", "recorded-or-robo": "Y", "city": "", "state": "VA", "area-code": "571"}, {"id": "deca54a6651fb9add5b4a9816ce0d1bd", "number": "7577028228", "date": "2021-01-22 16:44:32", "subject": "3", "recorded-or-robo": "Y", "city": "", "state": "VA", "area-code": "571"}, {"id": "deca54a6651fb9add5b4a9816c87540b", "number": "4073373120", "date": "2021-01-22 13:09:00", "subject": "0", "recorded-or-robo": "N", "city": "Black River Falls", "state": "WI", "area-code": "715"}, {"id": "b6a8da8b80f26332ed085cca2df2a7dd", "number": "4073373120", "date": "2021-01-22 13:09:00", "subject": "0", "recorded-or-robo": "N", "city": "Black River Falls", "state": "WI", "area-code": "715"}, {"id": "deca54a6651fb9add5b4a9816c8747bf", "number": "2186181013", "date": "2021-01-22 00:00:00", "subject": "3", "recorded-or-robo": "", "city": "Lakeland", "state": "TN", "area-code": "901"}, {"id": "deca54a6651fb9add5b4a9816c874059", "number": "9892633981", "date": "2021-01-04 19:13:00", "subject": "4", "recorded-or-robo": "Y", "city": "Gladstone", "state": "MI", "area-code": "906"}, {"id": "b6a8da8b80f26332ed085cca2df29c77", "number": "2186181013", "date": "2021-01-22 00:00:00", "subject": "3", "recorded-or-robo": "", "city": "Lakeland", "state": "TN", "area-code": "901"}, {"id": "b6a8da8b80f26332ed085cca2df28ebe", "number": "9892633981", "date": "2021-01-04 19:13:00", "subject": "4", "recorded-or-robo": "Y", "city": "Gladstone", "state": "MI", "area-code": "906"}, {"id": "deca54a6651fb9add5b4a9816c8739c3", "number": "3307567363", "date": "2021-01-21 14:40:00", "subject": "0", "recorded-or-robo": "N", "city": "Barberton", "state": "OH", "area-code": "330"}, {"id": "b6a8da8b80f26332ed085cca2df289df", "number": "3307567363", "date": "2021-01-21 14:40:00", "subject": "0", "recorded-or-robo": "N", "city": "Barberton", "state": "OH", "area-code": "330"}, {"id": "deca54a6651fb9add5b4a9816c8729fb", "number": "8333620391", "date": "2021-01-21 12:45:00", "subject": "2", "recorded-or-robo": "Y", "city": "", "state": "OR", "area-code": "541"}, {"id": "b6a8da8b80f26332ed085cca2df27d6b", "number": "8333620391", "date": "2021-01-21 12:45:00", "subject": "2", "recorded-or-robo": "Y", "city": "", "state": "OR", "area-code": "541"}, {"id": "deca54a6651fb9add5b4a9816c87254f", "number": "", "date": "2021-01-22 13:42:00", "subject": "1", "recorded-or-robo": "Y", "city": "", "state": "CA", "area-code": "626"}, {"id": "deca54a6651fb9add5b4a9816c871d09", "number": "5853022209", "date": "2021-01-22 14:10:00", "subject": "4", "recorded-or-robo": "Y", "city": "", "state": "NY", "area-code": "585"}, {"id": "b6a8da8b80f26332ed085cca2df26f53", "number": "", "date": "2021-01-22 13:42:00", "subject": "1", "recorded-or-robo": "Y", "city": "", "state": "CA", "area-code": "626"}, {"id": "b6a8da8b80f26332ed085cca2df267d5", "number": "5853022209", "date": "2021-01-22 14:10:00", "subject": "4", "recorded-or-robo": "Y", "city": "", "state": "NY", "area-code": "585"}, {"id": "deca54a6651fb9add5b4a9816c870f25", "number": "8633259965", "date": "2021-01-22 14:08:00", "subject": "7", "recorded-or-robo": "Y", "city": "Winter Haven", "state": "FL", "area-code": "863"}, {"id": "b6a8da8b80f26332ed085cca2df26663", "number": "8633259965", "date": "2021-01-22 14:08:00", "subject": "7", "recorded-or-robo": "Y", "city": "Winter Haven", "state": "FL", "area-code": "863"}, {"id": "e81c9350d54f66c6d33b3747ee4cc106", "number": "6096638196", "date": "2021-01-22 16:44:16", "subject": "3", "recorded-or-robo": "Y", "city": "", "state": "NJ", "area-code": "609"}, {"id": "deca54a6651fb9add5b4a9816ce11eac", "number": "6096638196", "date": "2021-01-22 16:44:16", "subject": "3", "recorded-or-robo": "Y", "city": "", "state": "NJ", "area-code": "609"}, {"id": "deca54a6651fb9add5b4a9816c86ffdf", "number": "6052647321", "date": "2021-01-22 04:32:00", "subject": "2", "recorded-or-robo": "N", "city": "", "state": "MD", "area-code": "410"}, {"id": "deca54a6651fb9add5b4a9816c86a73a", "number": "3047453187", "date": "2021-01-22 15:46:00", "subject": "3", "recorded-or-robo": "N", "city": "", "state": "WV", "area-code": "304"}, {"id": "b6a8da8b80f26332ed085cca2df25aa0", "number": "6052647321", "date": "2021-01-22 04:32:00", "subject": "2", "recorded-or-robo": "N", "city": "", "state": "MD", "area-code": "410"}, {"id": "b6a8da8b80f26332ed085cca2df1e4b6", "number": "3047453187", "date": "2021-01-22 15:46:00", "subject": "3", "recorded-or-robo": "N", "city": "", "state": "WV", "area-code": "304"}, {"id": "deca54a6651fb9add5b4a9816c86f8d2", "number": "8316032439", "date": "2021-01-22 04:30:00", "subject": "2", "recorded-or-robo": "Y", "city": "Palmyra", "state": "VA", "area-code": "434"}, {"id": "b6a8da8b80f26332ed085cca2df2514c", "number": "8316032439", "date": "2021-01-22 04:30:00", "subject": "2", "recorded-or-robo": "Y", "city": "Palmyra", "state": "VA", "area-code": "434"}, {"id": "e81c9350d54f66c6d33b3747ee4c65b5", "number": "5128052976", "date": "2021-01-22 16:44:08", "subject": "3", "recorded-or-robo": "Y", "city": "", "state": "TX", "area-code": "512"}, {"id": "deca54a6651fb9add5b4a9816ce0b134", "number": "5128052976", "date": "2021-01-22 16:44:08", "subject": "3", "recorded-or-robo": "Y", "city": "", "state": "TX", "area-code": "512"}, {"id": "deca54a6651fb9add5b4a9816c86e961", "number": "2674158019", "date": "2021-01-21 11:20:00", "subject": "2", "recorded-or-robo": "Y", "city": "", "state": "PA", "area-code": "610"}]}