{"data": [{"id": "deca54a6651fb9add5b4a9816ca020a3", "number": "5014244338", "date": "2021-01-22 11:19:00", "subject": "2", "recorded-or-robo": "N", "city": "Mills River", "state": "NC", "area-code": "828"}, {"id": "e81c9350d54f66c6d33b3747ee0b2dd6", "number": "9197080448", "date": "2021-01-22 16:43:00", "subject": "0", "recorded-or-robo": "N", "city": "WINCHESTER", "state": "MD", "area-code": "301"}, {"id": "deca54a6651fb9add5b4a9816ca0174b", "number": "9197080448", "date": "2021-01-22 16:43:00", "subject": "0", "recorded-or-robo": "N", "city": "WINCHESTER", "state": "MD", "area-code": "301"}, {"id": "e81c9350d54f66c6d33b3747ee0b213f", "number": "8178573453", "date": "2021-01-22 16:15:00", "subject": "5", "recorded-or-robo": "Y", "city": "Plano", "state": "TX", "area-code": "469"}, {"id": "e81c9350d54f66c6d33b3747ee0b1b2a", "number": "5125951703", "date": "2021-01-22 09:29:00", "subject": "9", "recorded-or-robo": "Y", "city": "", "state": "TX", "area-code": "512"}, {"id": "deca54a6651fb9add5b4a9816ca01226", "number": "8178573453", "date": "2021-01-22 16:15:00", "subject": "5", "recorded-or-robo": "Y", "city": "Plano", "state": "TX", "area-code": "469"}, {"id": "deca54a6651fb9add5b4a9816ca0066d", "number": "5125951703", "date": "2021-01-22 09:29:00", "subject": "9", "recorded-or-robo": "Y", "city": "", "state": "TX", "area-code": "512"}, {"id": "e81c9350d54f66c6d33b3747ee0b0e2d", "number": "2146442251", "date": "2021-01-22 16:18:00", "subject": "1", "recorded-or-robo": "Y", "city": "Plano", "state": "TX", "area-code": "214"}, {"id": "deca54a6651fb9add5b4a9816c9ffb11", "number": "2146442251", "date": "2021-01-22 16:18:00", "subject": "1", "recorded-or-robo": "Y", "city": "Plano", "state": "TX", "area-code": "214"}, {"id": "e81c9350d54f66c6d33b3747ee0b0721", "number": "2402130736", "date": "2021-01-22 16:40:00", "subject": "2", "recorded-or-robo": "Y", "city": "Topsham", "state": "ME", "area-code": "207"}, {"id": "deca54a6651fb9add5b4a9816c9ff4cf", "number": "2402130736", "date": "2021-01-22 16:40:00", "subject": "2", "recorded-or-robo": "Y", "city": "Topsham", "state": "ME", "area-code": "207"}, {"id": "e81c9350d54f66c6d33b3747ee0b0489", "number": "", "date": "2021-01-22 02:08:00", "subject": "2", "recorded-or-robo": "Y", "city": "New Smyrna Beach", "state": "FL", "area-code": "386"}, {"id": "deca54a6651fb9add5b4a9816c9fe7b7", "number": "", "date": "2021-01-22 02:08:00", "subject": "2", "recorded-or-robo": "Y", "city": "New Smyrna Beach", "state": "FL", "area-code": "386"}, {"id": "e81c9350d54f66c6d33b3747ee50c401", "number": "+13017083082", "date": "2021-01-22 17:20:04", "subject": "3", "recorded-or-robo": "Y", "city": "", "state": "MD", "area-code": "301"}, {"id": "e81c9350d54f66c6d33b3747ee0b00fe", "number": "7344391151", "date": "2020-12-19 13:00:00", "subject": "2", "recorded-or-robo": "Y", "city": "Colorado Springs", "state": "CO", "area-code": "719"}, {"id": "deca54a6651fb9add5b4a9816ce51577", "number": "+13017083082", "date": "2021-01-22 17:20:04", "subject": "3", "recorded-or-robo": "Y", "city": "", "state": "MD", "area-code": "301"}, {"id": "deca54a6651fb9add5b4a9816c9fe2f0", "number": "7344391151", "date": "2020-12-19 13:00:00", "subject": "2", "recorded-or-robo": "Y", "city": "Colorado Springs", "state": "CO", "area-code": "719"}, {"id": "e81c9350d54f66c6d33b3747ee51238a", "number": "+13015035062", "date": "2021-01-22 17:20:03", "subject": "3", "recorded-or-robo": "Y", "city": "", "state": "MD", "area-code": "301"}, {"id": "e81c9350d54f66c6d33b3747ee0af120", "number": "2189993149", "date": "2021-01-22 13:53:00", "subject": "3", "recorded-or-robo": "Y", "city": "", "state": "MN", "area-code": "320"}, {"id": "deca54a6651fb9add5b4a9816ce592ef", "number": "+13015035062", "date": "2021-01-22 17:20:03", "subject": "3", "recorded-or-robo": "Y", "city": "", "state": "MD", "area-code": "301"}, {"id": "deca54a6651fb9add5b4a9816c9fd720", "number": "2189993149", "date": "2021-01-22 13:53:00", "subject": "3", "recorded-or-robo": "Y", "city": "", "state": "MN", "area-code": "320"}, {"id": "e81c9350d54f66c6d33b3747ee0aebaa", "number": "3528746799", "date": "2021-01-22 12:00:00", "subject": "2", "recorded-or-robo": "N", "city": "Gallup", "state": "NM", "area-code": "505"}, {"id": "deca54a6651fb9add5b4a9816c9fd2a5", "number": "3528746799", "date": "2021-01-22 12:00:00", "subject": "2", "recorded-or-robo": "N", "city": "Gallup", "state": "NM", "area-code": "505"}, {"id": "e81c9350d54f66c6d33b3747ee5c2d30", "number": "8662329153", "date": "2021-01-22 08:26:00", "subject": "3", "recorded-or-robo": "", "city": "", "state": "NY", "area-code": "718"}, {"id": "deca54a6651fb9add5b4a9816cf104b5", "number": "8662329153", "date": "2021-01-22 08:26:00", "subject": "3", "recorded-or-robo": "", "city": "", "state": "NY", "area-code": "718"}, {"id": "e81c9350d54f66c6d33b3747ee511248", "number": "2677540033", "date": "2021-01-22 17:19:59", "subject": "3", "recorded-or-robo": "Y", "city": "", "state": "PA", "area-code": "267"}, {"id": "deca54a6651fb9add5b4a9816ce57ac1", "number": "2677540033", "date": "2021-01-22 17:19:59", "subject": "3", "recorded-or-robo": "Y", "city": "", "state": "PA", "area-code": "267"}, {"id": "e81c9350d54f66c6d33b3747ee51327f", "number": "7192989299", "date": "2021-01-22 17:19:58", "subject": "3", "recorded-or-robo": "Y", "city": "", "state": "CO", "area-code": "719"}, {"id": "e81c9350d54f66c6d33b3747ee50e8f0", "number": "9546947537", "date": "2021-01-22 17:19:58", "subject": "3", "recorded-or-robo": "Y", "city": "", "state": "NM", "area-code": "505"}, {"id": "deca54a6651fb9add5b4a9816ce5a283", "number": "7192989299", "date": "2021-01-22 17:19:58", "subject": "3", "recorded-or-robo": "Y", "city": "", "state": "CO", "area-code": "719"}, {"id": "deca54a6651fb9add5b4a9816ce548c5", "number": "9546947537", "date": "2021-01-22 17:19:58", "subject": "3", "recorded-or-robo": "Y", "city": "", "state": "NM", "area-code": "505"}, {"id": "e81c9350d54f66c6d33b3747ee0ae4f7", "number": "8884014492", "date": "2021-01-22 13:57:00", "subject": "1", "recorded-or-robo": "Y", "city": "", "state": "CA", "area-code": "951"}, {"id": "deca54a6651fb9add5b4a9816c9fce22", "number": "8884014492", "date": "2021-01-22 13:57:00", "subject": "1", "recorded-or-robo": "Y", "city": "", "state": "CA", "area-code": "951"}, {"id": "e81c9350d54f66c6d33b3747ee0ad75f", "number": "4106661128", "date": "2021-01-21 11:43:00", "subject": "5", "recorded-or-robo": "Y", "city": "Alexandria", "state": "OH", "area-code": "216"}, {"id": "e81c9350d54f66c6d33b3747ee0ad394", "number": "9294146108", "date": "2021-01-22 13:45:00", "subject": "9", "recorded-or-robo": "Y", "city": "Andover", "state": "NJ", "area-code": "917"}, {"id": "deca54a6651fb9add5b4a9816c9fc89c", "number": "4106661128", "date": "2021-01-21 11:43:00", "subject": "5", "recorded-or-robo": "Y", "city": "Alexandria", "state": "OH", "area-code": "216"}, {"id": "deca54a6651fb9add5b4a9816c9fc356", "number": "9294146108", "date": "2021-01-22 13:45:00", "subject": "9", "recorded-or-robo": "Y", "city": "Andover", "state": "NJ", "area-code": "917"}, {"id": "e81c9350d54f66c6d33b3747ee0ad10a", "number": "8332297970", "date": "2021-01-22 11:25:00", "subject": "6", "recorded-or-robo": "Y", "city": "Pittsburgh", "state": "PA", "area-code": "412"}, {"id": "deca54a6651fb9add5b4a9816c9fb4c2", "number": "8332297970", "date": "2021-01-22 11:25:00", "subject": "6", "recorded-or-robo": "Y", "city": "Pittsburgh", "state": "PA", "area-code": "412"}, {"id": "e81c9350d54f66c6d33b3747ee0ac4ca", "number": "8334350253", "date": "2021-01-22 09:40:00", "subject": "2", "recorded-or-robo": "N", "city": "Santa barbara", "state": "CA", "area-code": "805"}, {"id": "deca54a6651fb9add5b4a9816c9fa8a3", "number": "8334350253", "date": "2021-01-22 09:40:00", "subject": "2", "recorded-or-robo": "N", "city": "Santa barbara", "state": "CA", "area-code": "805"}, {"id": "e81c9350d54f66c6d33b3747ee0ab507", "number": "6506483179", "date": "2021-01-22 14:07:00", "subject": "9", "recorded-or-robo": "Y", "city": "SACRAMENTO", "state": "CA", "area-code": "530"}, {"id": "deca54a6651fb9add5b4a9816c9f999c", "number": "6506483179", "date": "2021-01-22 14:07:00", "subject": "9", "recorded-or-robo": "Y", "city": "SACRAMENTO", "state": "CA", "area-code": "530"}, {"id": "e81c9350d54f66c6d33b3747ee50e31e", "number": "8143770933", "date": "2021-01-22 17:19:41", "subject": "3", "recorded-or-robo": "Y", "city": "", "state": "PA", "area-code": "267"}, {"id": "e81c9350d54f66c6d33b3747ee0ab1f1", "number": "9382017638", "date": "2021-01-22 09:29:00", "subject": "2", "recorded-or-robo": "N", "city": "", "state": "AL", "area-code": "256"}, {"id": "deca54a6651fb9add5b4a9816ce52d8f", "number": "8143770933", "date": "2021-01-22 17:19:41", "subject": "3", "recorded-or-robo": "Y", "city": "", "state": "PA", "area-code": "267"}, {"id": "deca54a6651fb9add5b4a9816c9f9996", "number": "9382017638", "date": "2021-01-22 09:29:00", "subject": "2", "recorded-or-robo": "N", "city": "", "state": "AL", "area-code": "256"}, {"id": "e81c9350d54f66c6d33b3747ee09f879", "number": "4806511445", "date": "2021-01-22 16:10:00", "subject": "3", "recorded-or-robo": "N", "city": "", "state": "MO", "area-code": "636"}, {"id": "deca54a6651fb9add5b4a9816c9ee9da", "number": "4806511445", "date": "2021-01-22 16:10:00", "subject": "3", "recorded-or-robo": "N", "city": "", "state": "MO", "area-code": "636"}, {"id": "e81c9350d54f66c6d33b3747ee50c0c0", "number": "+16673448249", "date": "2021-01-22 17:19:36", "subject": "3", "recorded-or-robo": "Y", "city": "", "state": "MD", "area-code": "301"}]}