{"data": [{"id": "deca54a6651fb9add5b4a9816ccc8e2f", "number": "5073184024", "date": "2021-01-15 12:56:00", "subject": "2", "recorded-or-robo": "Y", "city": "Faribault", "state": "MN", "area-code": "507"}, {"id": "e81c9350d54f66c6d33b3747ee378930", "number": "7346363073", "date": "2021-01-22 18:30:00", "subject": "1", "recorded-or-robo": "Y", "city": "", "state": "MI", "area-code": "734"}, {"id": "deca54a6651fb9add5b4a9816ccc8cd8", "number": "7346363073", "date": "2021-01-22 18:30:00", "subject": "1", "recorded-or-robo": "Y", "city": "", "state": "MI", "area-code": "734"}, {"id": "e81c9350d54f66c6d33b3747ee3782fa", "number": "8183380091", "date": "2021-01-22 17:01:00", "subject": "1", "recorded-or-robo": "Y", "city": "Nevada", "state": "IA", "area-code": "515"}, {"id": "deca54a6651fb9add5b4a9816ccc87ce", "number": "8183380091", "date": "2021-01-22 17:01:00", "subject": "1", "recorded-or-robo": "Y", "city": "Nevada", "state": "IA", "area-code": "515"}, {"id": "e81c9350d54f66c6d33b3747ee377a58", "number": "8045755304", "date": "2021-01-04 15:22:00", "subject": "2", "recorded-or-robo": "Y", "city": "Plainsboro", "state": "NJ", "area-code": "609"}, {"id": "deca54a6651fb9add5b4a9816ccc85e3", "number": "8045755304", "date": "2021-01-04 15:22:00", "subject": "2", "recorded-or-robo": "Y", "city": "Plainsboro", "state": "NJ", "area-code": "609"}, {"id": "e81c9350d54f66c6d33b3747ee377356", "number": "646544955", "date": "2021-01-22 17:30:00", "subject": "2", "recorded-or-robo": "Y", "city": "Kirksville", "state": "CA", "area-code": "650"}, {"id": "deca54a6651fb9add5b4a9816ccc7f0c", "number": "646544955", "date": "2021-01-22 17:30:00", "subject": "2", "recorded-or-robo": "Y", "city": "Kirksville", "state": "CA", "area-code": "650"}, {"id": "e81c9350d54f66c6d33b3747ee9e0498", "number": "8172036348", "date": "2021-01-22 18:36:24", "subject": "3", "recorded-or-robo": "N", "city": "", "state": "TX", "area-code": "817"}, {"id": "1d36742e3f24f50e4e7ae82801331104", "number": "8172036348", "date": "2021-01-22 18:36:24", "subject": "3", "recorded-or-robo": "N", "city": "", "state": "TX", "area-code": "817"}, {"id": "e81c9350d54f66c6d33b3747ee376ae3", "number": "6034696974", "date": "2021-01-22 10:21:00", "subject": "2", "recorded-or-robo": "Y", "city": "San Marcos", "state": "TX", "area-code": "603"}, {"id": "deca54a6651fb9add5b4a9816ccc7c4f", "number": "6034696974", "date": "2021-01-22 10:21:00", "subject": "2", "recorded-or-robo": "Y", "city": "San Marcos", "state": "TX", "area-code": "603"}, {"id": "e81c9350d54f66c6d33b3747ee37667b", "number": "2054185847", "date": "2021-01-22 17:30:00", "subject": "2", "recorded-or-robo": "Y", "city": "Pelham", "state": "AL", "area-code": "205"}, {"id": "deca54a6651fb9add5b4a9816ccc5f0f", "number": "2054185847", "date": "2021-01-22 17:30:00", "subject": "2", "recorded-or-robo": "Y", "city": "Pelham", "state": "AL", "area-code": "205"}, {"id": "e81c9350d54f66c6d33b3747ee37633a", "number": "5748423689", "date": "2021-01-22 18:32:00", "subject": "1", "recorded-or-robo": "Y", "city": "", "state": "", "area-code": "855"}, {"id": "deca54a6651fb9add5b4a9816ccc53fc", "number": "5748423689", "date": "2021-01-22 18:32:00", "subject": "1", "recorded-or-robo": "Y", "city": "", "state": "", "area-code": "855"}, {"id": "e81c9350d54f66c6d33b3747ee375fa4", "number": "", "date": "2021-01-22 11:01:00", "subject": "0", "recorded-or-robo": "Y", "city": "Old Bridge", "state": "NJ", "area-code": "973"}, {"id": "deca54a6651fb9add5b4a9816ccc49c8", "number": "", "date": "2021-01-22 11:01:00", "subject": "0", "recorded-or-robo": "Y", "city": "Old Bridge", "state": "NJ", "area-code": "973"}, {"id": "e81c9350d54f66c6d33b3747ee374fc1", "number": "8556019954", "date": "2021-01-22 10:55:00", "subject": "2", "recorded-or-robo": "Y", "city": "Clovis", "state": "CA", "area-code": "559"}, {"id": "deca54a6651fb9add5b4a9816ccc3ace", "number": "8556019954", "date": "2021-01-22 10:55:00", "subject": "2", "recorded-or-robo": "Y", "city": "Clovis", "state": "CA", "area-code": "559"}, {"id": "e81c9350d54f66c6d33b3747ee374e4d", "number": "5032374562", "date": "2021-01-22 15:32:00", "subject": "9", "recorded-or-robo": "Y", "city": "Pottland", "state": "OR", "area-code": "503"}, {"id": "deca54a6651fb9add5b4a9816ccc3443", "number": "5032374562", "date": "2021-01-22 15:32:00", "subject": "9", "recorded-or-robo": "Y", "city": "Pottland", "state": "OR", "area-code": "503"}, {"id": "e81c9350d54f66c6d33b3747ee37495c", "number": "9122266003", "date": "2021-01-22 17:07:00", "subject": "2", "recorded-or-robo": "Y", "city": "Houston", "state": "TX", "area-code": "281"}, {"id": "deca54a6651fb9add5b4a9816ccc245e", "number": "9122266003", "date": "2021-01-22 17:07:00", "subject": "2", "recorded-or-robo": "Y", "city": "Houston", "state": "TX", "area-code": "281"}, {"id": "e81c9350d54f66c6d33b3747ee373c0a", "number": "7636133974", "date": "2021-01-22 12:00:00", "subject": "5", "recorded-or-robo": "N", "city": "Chicago", "state": "IL", "area-code": "763"}, {"id": "deca54a6651fb9add5b4a9816ccc1dc5", "number": "7636133974", "date": "2021-01-22 12:00:00", "subject": "5", "recorded-or-robo": "N", "city": "Chicago", "state": "IL", "area-code": "763"}, {"id": "e81c9350d54f66c6d33b3747ee9cfade", "number": "8138125953", "date": "2021-01-22 18:35:46", "subject": "3", "recorded-or-robo": "Y", "city": "", "state": "FL", "area-code": "813"}, {"id": "1d36742e3f24f50e4e7ae82801320ba5", "number": "8138125953", "date": "2021-01-22 18:35:46", "subject": "3", "recorded-or-robo": "Y", "city": "", "state": "FL", "area-code": "813"}, {"id": "e81c9350d54f66c6d33b3747ee373687", "number": "5618940775", "date": "2021-01-22 09:34:00", "subject": "0", "recorded-or-robo": "Y", "city": "Jupiter", "state": "FL", "area-code": "561"}, {"id": "deca54a6651fb9add5b4a9816ccc1221", "number": "5618940775", "date": "2021-01-22 09:34:00", "subject": "0", "recorded-or-robo": "Y", "city": "Jupiter", "state": "FL", "area-code": "561"}, {"id": "e81c9350d54f66c6d33b3747ee373345", "number": "4695770555", "date": "2021-01-22 04:54:00", "subject": "2", "recorded-or-robo": "", "city": "Sterling Heights", "state": "MI", "area-code": "214"}, {"id": "deca54a6651fb9add5b4a9816ccc0b1c", "number": "4695770555", "date": "2021-01-22 04:54:00", "subject": "2", "recorded-or-robo": "", "city": "Sterling Heights", "state": "MI", "area-code": "214"}, {"id": "e81c9350d54f66c6d33b3747ee372591", "number": "7012374837", "date": "2021-01-22 17:31:00", "subject": "2", "recorded-or-robo": "Y", "city": "Bismarck", "state": "ND", "area-code": "701"}, {"id": "e81c9350d54f66c6d33b3747ee371e15", "number": "6303610063", "date": "2021-01-22 14:15:00", "subject": "2", "recorded-or-robo": "N", "city": "Lewis Center", "state": "OH", "area-code": "614"}, {"id": "deca54a6651fb9add5b4a9816ccbfded", "number": "7012374837", "date": "2021-01-22 17:31:00", "subject": "2", "recorded-or-robo": "Y", "city": "Bismarck", "state": "ND", "area-code": "701"}, {"id": "deca54a6651fb9add5b4a9816ccbfc88", "number": "6303610063", "date": "2021-01-22 14:15:00", "subject": "2", "recorded-or-robo": "N", "city": "Lewis Center", "state": "OH", "area-code": "614"}, {"id": "e81c9350d54f66c6d33b3747ee371b46", "number": "9892797803", "date": "2021-01-22 10:25:00", "subject": "2", "recorded-or-robo": "N", "city": "Ann Arbor", "state": "MI", "area-code": "313"}, {"id": "deca54a6651fb9add5b4a9816ccbf591", "number": "9892797803", "date": "2021-01-22 10:25:00", "subject": "2", "recorded-or-robo": "N", "city": "Ann Arbor", "state": "MI", "area-code": "313"}, {"id": "e81c9350d54f66c6d33b3747ee9ccc77", "number": "+13862227284", "date": "2021-01-22 18:35:37", "subject": "3", "recorded-or-robo": "Y", "city": "", "state": "FL", "area-code": "386"}, {"id": "e81c9350d54f66c6d33b3747ee371aeb", "number": "7632442241", "date": "2021-01-21 15:19:00", "subject": "2", "recorded-or-robo": "N", "city": "Farmington", "state": "MN", "area-code": "651"}, {"id": "deca54a6651fb9add5b4a9816ccbf075", "number": "7632442241", "date": "2021-01-21 15:19:00", "subject": "2", "recorded-or-robo": "N", "city": "Farmington", "state": "MN", "area-code": "651"}, {"id": "1d36742e3f24f50e4e7ae8280131e884", "number": "+13862227284", "date": "2021-01-22 18:35:37", "subject": "3", "recorded-or-robo": "Y", "city": "", "state": "FL", "area-code": "386"}, {"id": "e81c9350d54f66c6d33b3747ee370f3f", "number": "4243818948", "date": "2021-01-22 15:15:00", "subject": "9", "recorded-or-robo": "Y", "city": "", "state": "CA", "area-code": "619"}, {"id": "deca54a6651fb9add5b4a9816ccbe660", "number": "4243818948", "date": "2021-01-22 15:15:00", "subject": "9", "recorded-or-robo": "Y", "city": "", "state": "CA", "area-code": "619"}, {"id": "e81c9350d54f66c6d33b3747ee9d6fc9", "number": "+16093426922", "date": "2021-01-22 18:35:23", "subject": "3", "recorded-or-robo": "Y", "city": "", "state": "NY", "area-code": "347"}, {"id": "1d36742e3f24f50e4e7ae82801327f4d", "number": "+16093426922", "date": "2021-01-22 18:35:23", "subject": "3", "recorded-or-robo": "Y", "city": "", "state": "NY", "area-code": "347"}, {"id": "e81c9350d54f66c6d33b3747ee370c8f", "number": "4255253217", "date": "2021-01-22 15:29:00", "subject": "9", "recorded-or-robo": "Y", "city": "Colbert", "state": "WA", "area-code": "509"}, {"id": "e81c9350d54f66c6d33b3747ee36fcd2", "number": "4359155656", "date": "2021-01-22 11:35:00", "subject": "2", "recorded-or-robo": "Y", "city": "", "state": "TX", "area-code": "210"}, {"id": "deca54a6651fb9add5b4a9816ccbde49", "number": "4255253217", "date": "2021-01-22 15:29:00", "subject": "9", "recorded-or-robo": "Y", "city": "Colbert", "state": "WA", "area-code": "509"}]}