{"data": [{"id": "deca54a6651fb9add5b4a9816ce3a330", "number": "5124192729", "date": "2021-01-22 17:09:53", "subject": "3", "recorded-or-robo": "Y", "city": "", "state": "TX", "area-code": "512"}, {"id": "e81c9350d54f66c6d33b3747ee4f23c3", "number": "3057681106", "date": "2021-01-22 17:09:52", "subject": "3", "recorded-or-robo": "Y", "city": "", "state": "FL", "area-code": "305"}, {"id": "deca54a6651fb9add5b4a9816ce3afe5", "number": "3057681106", "date": "2021-01-22 17:09:52", "subject": "3", "recorded-or-robo": "Y", "city": "", "state": "FL", "area-code": "305"}, {"id": "e81c9350d54f66c6d33b3747ee03ddde", "number": "3153043134", "date": "2021-01-18 15:45:00", "subject": "2", "recorded-or-robo": "N", "city": "clayville", "state": "NY", "area-code": "315"}, {"id": "deca54a6651fb9add5b4a9816c98bb14", "number": "3153043134", "date": "2021-01-18 15:45:00", "subject": "2", "recorded-or-robo": "N", "city": "clayville", "state": "NY", "area-code": "315"}, {"id": "e81c9350d54f66c6d33b3747ee4eef6a", "number": "+19549163836", "date": "2021-01-22 17:09:43", "subject": "3", "recorded-or-robo": "Y", "city": "", "state": "NJ", "area-code": "551"}, {"id": "e81c9350d54f66c6d33b3747ee03da6d", "number": "6418008761", "date": "2021-01-22 16:00:00", "subject": "4", "recorded-or-robo": "Y", "city": "", "state": "IA", "area-code": "319"}, {"id": "deca54a6651fb9add5b4a9816ce37971", "number": "+19549163836", "date": "2021-01-22 17:09:43", "subject": "3", "recorded-or-robo": "Y", "city": "", "state": "NJ", "area-code": "551"}, {"id": "deca54a6651fb9add5b4a9816c98b541", "number": "6418008761", "date": "2021-01-22 16:00:00", "subject": "4", "recorded-or-robo": "Y", "city": "", "state": "IA", "area-code": "319"}, {"id": "e81c9350d54f66c6d33b3747ee03ce31", "number": "3202285165", "date": "2021-01-22 11:39:00", "subject": "1", "recorded-or-robo": "N", "city": "", "state": "MN", "area-code": "320"}, {"id": "deca54a6651fb9add5b4a9816c98ab96", "number": "3202285165", "date": "2021-01-22 11:39:00", "subject": "1", "recorded-or-robo": "N", "city": "", "state": "MN", "area-code": "320"}, {"id": "e81c9350d54f66c6d33b3747ee03cc74", "number": "9195517659", "date": "2021-01-18 12:07:00", "subject": "4", "recorded-or-robo": "Y", "city": "", "state": "NC", "area-code": "919"}, {"id": "deca54a6651fb9add5b4a9816c98ab2b", "number": "9195517659", "date": "2021-01-18 12:07:00", "subject": "4", "recorded-or-robo": "Y", "city": "", "state": "NC", "area-code": "919"}, {"id": "e81c9350d54f66c6d33b3747ee03c81b", "number": "", "date": "2021-01-22 10:00:00", "subject": "4", "recorded-or-robo": "Y", "city": "Hogansburg", "state": "NY", "area-code": "518"}, {"id": "deca54a6651fb9add5b4a9816c98a485", "number": "", "date": "2021-01-22 10:00:00", "subject": "4", "recorded-or-robo": "Y", "city": "Hogansburg", "state": "NY", "area-code": "518"}, {"id": "e81c9350d54f66c6d33b3747ee4f92e2", "number": "+14348295813", "date": "2021-01-22 17:09:35", "subject": "3", "recorded-or-robo": "Y", "city": "", "state": "VA", "area-code": "434"}, {"id": "deca54a6651fb9add5b4a9816ce41884", "number": "+14348295813", "date": "2021-01-22 17:09:35", "subject": "3", "recorded-or-robo": "Y", "city": "", "state": "VA", "area-code": "434"}, {"id": "e81c9350d54f66c6d33b3747ee4ee8bf", "number": "+12167777144", "date": "2021-01-22 17:09:31", "subject": "3", "recorded-or-robo": "N", "city": "", "state": "OH", "area-code": "614"}, {"id": "deca54a6651fb9add5b4a9816ce369ac", "number": "+12167777144", "date": "2021-01-22 17:09:31", "subject": "3", "recorded-or-robo": "N", "city": "", "state": "OH", "area-code": "614"}, {"id": "e81c9350d54f66c6d33b3747ee03c028", "number": "8452720368", "date": "2021-01-22 07:12:00", "subject": "2", "recorded-or-robo": "Y", "city": "", "state": "NY", "area-code": "845"}, {"id": "deca54a6651fb9add5b4a9816c98a0fb", "number": "8452720368", "date": "2021-01-22 07:12:00", "subject": "2", "recorded-or-robo": "Y", "city": "", "state": "NY", "area-code": "845"}, {"id": "e81c9350d54f66c6d33b3747ee4f65ce", "number": "9724764426", "date": "2021-01-22 17:09:27", "subject": "3", "recorded-or-robo": "Y", "city": "", "state": "TX", "area-code": "972"}, {"id": "deca54a6651fb9add5b4a9816ce3f309", "number": "9724764426", "date": "2021-01-22 17:09:27", "subject": "3", "recorded-or-robo": "Y", "city": "", "state": "TX", "area-code": "972"}, {"id": "e81c9350d54f66c6d33b3747ee03b105", "number": "", "date": "2021-01-22 14:00:00", "subject": "11", "recorded-or-robo": "Y", "city": "", "state": "IN", "area-code": "574"}, {"id": "deca54a6651fb9add5b4a9816c98961f", "number": "", "date": "2021-01-22 14:00:00", "subject": "11", "recorded-or-robo": "Y", "city": "", "state": "IN", "area-code": "574"}, {"id": "e81c9350d54f66c6d33b3747ee03a6b9", "number": "8506790260", "date": "2021-01-22 16:00:00", "subject": "2", "recorded-or-robo": "Y", "city": "Pensacola", "state": "FL", "area-code": "850"}, {"id": "deca54a6651fb9add5b4a9816c987efe", "number": "8506790260", "date": "2021-01-22 16:00:00", "subject": "2", "recorded-or-robo": "Y", "city": "Pensacola", "state": "FL", "area-code": "850"}, {"id": "e81c9350d54f66c6d33b3747ee039b4a", "number": "3016636325", "date": "2021-01-22 17:07:00", "subject": "2", "recorded-or-robo": "Y", "city": "", "state": "MD", "area-code": "301"}, {"id": "deca54a6651fb9add5b4a9816c98738f", "number": "3016636325", "date": "2021-01-22 17:07:00", "subject": "2", "recorded-or-robo": "Y", "city": "", "state": "MD", "area-code": "301"}, {"id": "e81c9350d54f66c6d33b3747ee4fc62c", "number": "+12054987383", "date": "2021-01-22 17:09:18", "subject": "3", "recorded-or-robo": "Y", "city": "", "state": "AL", "area-code": "205"}, {"id": "deca54a6651fb9add5b4a9816ce43c38", "number": "+12054987383", "date": "2021-01-22 17:09:18", "subject": "3", "recorded-or-robo": "Y", "city": "", "state": "AL", "area-code": "205"}, {"id": "e81c9350d54f66c6d33b3747ee039359", "number": "7037423457", "date": "2021-01-22 16:48:00", "subject": "0", "recorded-or-robo": "Y", "city": "", "state": "VA", "area-code": "703"}, {"id": "deca54a6651fb9add5b4a9816c986672", "number": "7037423457", "date": "2021-01-22 16:48:00", "subject": "0", "recorded-or-robo": "Y", "city": "", "state": "VA", "area-code": "703"}, {"id": "e81c9350d54f66c6d33b3747ee4f7017", "number": "7038444693", "date": "2021-01-22 17:09:13", "subject": "3", "recorded-or-robo": "N", "city": "", "state": "VA", "area-code": "703"}, {"id": "deca54a6651fb9add5b4a9816ce3f3ec", "number": "7038444693", "date": "2021-01-22 17:09:13", "subject": "3", "recorded-or-robo": "N", "city": "", "state": "VA", "area-code": "703"}, {"id": "e81c9350d54f66c6d33b3747ee038b5b", "number": "6023926702", "date": "2021-01-22 15:01:00", "subject": "1", "recorded-or-robo": "Y", "city": "chandler", "state": "AZ", "area-code": "602"}, {"id": "deca54a6651fb9add5b4a9816c9861ca", "number": "6023926702", "date": "2021-01-22 15:01:00", "subject": "1", "recorded-or-robo": "Y", "city": "chandler", "state": "AZ", "area-code": "602"}, {"id": "e81c9350d54f66c6d33b3747ee4f62d0", "number": "8139309613", "date": "2021-01-22 17:08:53", "subject": "3", "recorded-or-robo": "Y", "city": "", "state": "FL", "area-code": "813"}, {"id": "deca54a6651fb9add5b4a9816ce3ef66", "number": "8139309613", "date": "2021-01-22 17:08:53", "subject": "3", "recorded-or-robo": "Y", "city": "", "state": "FL", "area-code": "813"}, {"id": "e81c9350d54f66c6d33b3747ee037f1d", "number": "7198667381", "date": "2021-01-22 15:00:00", "subject": "4", "recorded-or-robo": "Y", "city": "Longmont", "state": "CO", "area-code": "303"}, {"id": "deca54a6651fb9add5b4a9816c985d68", "number": "7198667381", "date": "2021-01-22 15:00:00", "subject": "4", "recorded-or-robo": "Y", "city": "Longmont", "state": "CO", "area-code": "303"}, {"id": "e81c9350d54f66c6d33b3747ee037260", "number": "9198919358", "date": "2021-01-22 14:10:00", "subject": "1", "recorded-or-robo": "Y", "city": "Pittsburgh", "state": "PA", "area-code": "412"}, {"id": "deca54a6651fb9add5b4a9816c985b2f", "number": "9198919358", "date": "2021-01-22 14:10:00", "subject": "1", "recorded-or-robo": "Y", "city": "Pittsburgh", "state": "PA", "area-code": "412"}, {"id": "e81c9350d54f66c6d33b3747ee036312", "number": "2892321830", "date": "2021-01-22 14:08:00", "subject": "5", "recorded-or-robo": "Y", "city": "GARDEN CITY", "state": "ID", "area-code": "208"}, {"id": "deca54a6651fb9add5b4a9816c9853b8", "number": "2892321830", "date": "2021-01-22 14:08:00", "subject": "5", "recorded-or-robo": "Y", "city": "GARDEN CITY", "state": "ID", "area-code": "208"}, {"id": "e81c9350d54f66c6d33b3747ee4fb692", "number": "4699081727", "date": "2021-01-22 17:08:38", "subject": "3", "recorded-or-robo": "Y", "city": "", "state": "TX", "area-code": "469"}, {"id": "deca54a6651fb9add5b4a9816ce42ead", "number": "4699081727", "date": "2021-01-22 17:08:38", "subject": "3", "recorded-or-robo": "Y", "city": "", "state": "TX", "area-code": "469"}, {"id": "e81c9350d54f66c6d33b3747ee035c09", "number": "4702983078", "date": "2021-01-22 13:57:00", "subject": "2", "recorded-or-robo": "Y", "city": "", "state": "FL", "area-code": "305"}, {"id": "e81c9350d54f66c6d33b3747ee034da2", "number": "4253617779", "date": "2021-01-22 15:00:00", "subject": "5", "recorded-or-robo": "Y", "city": "Denver", "state": "CO", "area-code": "425"}, {"id": "deca54a6651fb9add5b4a9816c984657", "number": "4702983078", "date": "2021-01-22 13:57:00", "subject": "2", "recorded-or-robo": "Y", "city": "", "state": "FL", "area-code": "305"}]}