{"data": [{"id": "e81c9350d54f66c6d33b3747ee14a339", "number": "7027071819", "date": "2021-01-22 13:13:00", "subject": "4", "recorded-or-robo": "Y", "city": "", "state": "NV", "area-code": "702"}, {"id": "deca54a6651fb9add5b4a9816ce7377b", "number": "5756361094", "date": "2021-01-22 17:36:51", "subject": "3", "recorded-or-robo": "Y", "city": "", "state": "NM", "area-code": "505"}, {"id": "deca54a6651fb9add5b4a9816ca9b379", "number": "7027071819", "date": "2021-01-22 13:13:00", "subject": "4", "recorded-or-robo": "Y", "city": "", "state": "NV", "area-code": "702"}, {"id": "e81c9350d54f66c6d33b3747ee14a176", "number": "5183949750", "date": "2021-01-22 17:34:00", "subject": "5", "recorded-or-robo": "Y", "city": "Caucasian", "state": "NY", "area-code": "585"}, {"id": "e81c9350d54f66c6d33b3747ee1498a5", "number": "7602237223", "date": "2021-01-22 11:03:00", "subject": "1", "recorded-or-robo": "Y", "city": "Borger", "state": "TX", "area-code": "806"}, {"id": "e81c9350d54f66c6d33b3747ee1490e8", "number": "8687902650", "date": "2021-01-14 12:36:00", "subject": "2", "recorded-or-robo": "", "city": "", "state": "IL", "area-code": "309"}, {"id": "deca54a6651fb9add5b4a9816ca9a8ec", "number": "5183949750", "date": "2021-01-22 17:34:00", "subject": "5", "recorded-or-robo": "Y", "city": "Caucasian", "state": "NY", "area-code": "585"}, {"id": "deca54a6651fb9add5b4a9816ca999e9", "number": "7602237223", "date": "2021-01-22 11:03:00", "subject": "1", "recorded-or-robo": "Y", "city": "Borger", "state": "TX", "area-code": "806"}, {"id": "deca54a6651fb9add5b4a9816ca9967c", "number": "8687902650", "date": "2021-01-14 12:36:00", "subject": "2", "recorded-or-robo": "", "city": "", "state": "IL", "area-code": "309"}, {"id": "e81c9350d54f66c6d33b3747ee148847", "number": "", "date": "2021-01-22 15:23:00", "subject": "2", "recorded-or-robo": "N", "city": "Holly Springs", "state": "MS", "area-code": "662"}, {"id": "deca54a6651fb9add5b4a9816ca9875a", "number": "", "date": "2021-01-22 15:23:00", "subject": "2", "recorded-or-robo": "N", "city": "Holly Springs", "state": "MS", "area-code": "662"}, {"id": "e81c9350d54f66c6d33b3747ee147caf", "number": "9499967642", "date": "2021-01-22 00:00:00", "subject": "2", "recorded-or-robo": "Y", "city": "", "state": "PA", "area-code": "570"}, {"id": "e81c9350d54f66c6d33b3747ee14768d", "number": "0000000000", "date": "2021-01-22 14:27:00", "subject": "2", "recorded-or-robo": "Y", "city": "CARSON CITY", "state": "NV", "area-code": "775"}, {"id": "deca54a6651fb9add5b4a9816ca978d1", "number": "9499967642", "date": "2021-01-22 00:00:00", "subject": "2", "recorded-or-robo": "Y", "city": "", "state": "PA", "area-code": "570"}, {"id": "deca54a6651fb9add5b4a9816ca97783", "number": "0000000000", "date": "2021-01-22 14:27:00", "subject": "2", "recorded-or-robo": "Y", "city": "CARSON CITY", "state": "NV", "area-code": "775"}, {"id": "e81c9350d54f66c6d33b3747ee5c74b1", "number": "5755587349", "date": "2021-01-22 13:25:00", "subject": "3", "recorded-or-robo": "N", "city": "", "state": "CA", "area-code": "510"}, {"id": "deca54a6651fb9add5b4a9816cf14a87", "number": "5755587349", "date": "2021-01-22 13:25:00", "subject": "3", "recorded-or-robo": "N", "city": "", "state": "CA", "area-code": "510"}, {"id": "e81c9350d54f66c6d33b3747ee147608", "number": "6076936053", "date": "2021-01-22 05:25:00", "subject": "1", "recorded-or-robo": "Y", "city": "Uniontown", "state": "OH", "area-code": "330"}, {"id": "deca54a6651fb9add5b4a9816ca96794", "number": "6076936053", "date": "2021-01-22 05:25:00", "subject": "1", "recorded-or-robo": "Y", "city": "Uniontown", "state": "OH", "area-code": "330"}, {"id": "e81c9350d54f66c6d33b3747ee1466be", "number": "5067067379", "date": "2021-01-22 16:49:00", "subject": "2", "recorded-or-robo": "N", "city": "Lake Panasoffkee", "state": "FL", "area-code": "352"}, {"id": "deca54a6651fb9add5b4a9816ca95dc8", "number": "5067067379", "date": "2021-01-22 16:49:00", "subject": "2", "recorded-or-robo": "N", "city": "Lake Panasoffkee", "state": "FL", "area-code": "352"}, {"id": "e81c9350d54f66c6d33b3747ee145f56", "number": "3304463493", "date": "2021-01-22 17:33:00", "subject": "2", "recorded-or-robo": "N", "city": "", "state": "OH", "area-code": "330"}, {"id": "deca54a6651fb9add5b4a9816ca9520a", "number": "3304463493", "date": "2021-01-22 17:33:00", "subject": "2", "recorded-or-robo": "N", "city": "", "state": "OH", "area-code": "330"}, {"id": "e81c9350d54f66c6d33b3747ee1456a9", "number": "8882180804", "date": "2021-01-22 14:29:00", "subject": "2", "recorded-or-robo": "Y", "city": "", "state": "CA", "area-code": "213"}, {"id": "deca54a6651fb9add5b4a9816ca94771", "number": "8882180804", "date": "2021-01-22 14:29:00", "subject": "2", "recorded-or-robo": "Y", "city": "", "state": "CA", "area-code": "213"}, {"id": "e81c9350d54f66c6d33b3747ee144e02", "number": "9107563084", "date": "2021-01-22 15:43:00", "subject": "0", "recorded-or-robo": "Y", "city": "Wilmington", "state": "NC", "area-code": "910"}, {"id": "e81c9350d54f66c6d33b3747ee1448e4", "number": "3463885181", "date": "2021-01-22 16:43:00", "subject": "1", "recorded-or-robo": "Y", "city": "Mount Morris", "state": "MI", "area-code": "810"}, {"id": "deca54a6651fb9add5b4a9816ca94467", "number": "9107563084", "date": "2021-01-22 15:43:00", "subject": "0", "recorded-or-robo": "Y", "city": "Wilmington", "state": "NC", "area-code": "910"}, {"id": "deca54a6651fb9add5b4a9816ca93abf", "number": "3463885181", "date": "2021-01-22 16:43:00", "subject": "1", "recorded-or-robo": "Y", "city": "Mount Morris", "state": "MI", "area-code": "810"}, {"id": "e81c9350d54f66c6d33b3747ee52f527", "number": "8177858797", "date": "2021-01-22 17:36:13", "subject": "3", "recorded-or-robo": "N", "city": "", "state": "TX", "area-code": "214"}, {"id": "deca54a6651fb9add5b4a9816ce74a82", "number": "8177858797", "date": "2021-01-22 17:36:13", "subject": "3", "recorded-or-robo": "N", "city": "", "state": "TX", "area-code": "214"}, {"id": "e81c9350d54f66c6d33b3747ee144038", "number": "995570468142", "date": "2021-01-16 11:50:00", "subject": "2", "recorded-or-robo": "", "city": "", "state": "IL", "area-code": "309"}, {"id": "deca54a6651fb9add5b4a9816ca932ec", "number": "995570468142", "date": "2021-01-16 11:50:00", "subject": "2", "recorded-or-robo": "", "city": "", "state": "IL", "area-code": "309"}, {"id": "e81c9350d54f66c6d33b3747ee143176", "number": "6505386384", "date": "2021-01-22 14:26:00", "subject": "9", "recorded-or-robo": "Y", "city": "Glendale", "state": "CA", "area-code": "818"}, {"id": "e81c9350d54f66c6d33b3747ee142fb9", "number": "4423474131", "date": "2021-01-22 16:30:00", "subject": "2", "recorded-or-robo": "Y", "city": "", "state": "AL", "area-code": "334"}, {"id": "e81c9350d54f66c6d33b3747ee1428cc", "number": "7147423952", "date": "2021-01-22 14:28:00", "subject": "1", "recorded-or-robo": "Y", "city": "", "state": "CA", "area-code": "714"}, {"id": "deca54a6651fb9add5b4a9816ca91cc4", "number": "6505386384", "date": "2021-01-22 14:26:00", "subject": "9", "recorded-or-robo": "Y", "city": "Glendale", "state": "CA", "area-code": "818"}, {"id": "deca54a6651fb9add5b4a9816ca913fc", "number": "4423474131", "date": "2021-01-22 16:30:00", "subject": "2", "recorded-or-robo": "Y", "city": "", "state": "AL", "area-code": "334"}, {"id": "deca54a6651fb9add5b4a9816ca90c2e", "number": "7147423952", "date": "2021-01-22 14:28:00", "subject": "1", "recorded-or-robo": "Y", "city": "", "state": "CA", "area-code": "714"}, {"id": "e81c9350d54f66c6d33b3747ee142244", "number": "4142644367", "date": "2021-01-22 16:28:00", "subject": "2", "recorded-or-robo": "Y", "city": "MILWAUKEE", "state": "WI", "area-code": "414"}, {"id": "deca54a6651fb9add5b4a9816ca909c0", "number": "4142644367", "date": "2021-01-22 16:28:00", "subject": "2", "recorded-or-robo": "Y", "city": "MILWAUKEE", "state": "WI", "area-code": "414"}, {"id": "e81c9350d54f66c6d33b3747ee1421a2", "number": "6602502544", "date": "2021-01-22 16:15:00", "subject": "2", "recorded-or-robo": "Y", "city": "Norborne", "state": "MO", "area-code": "660"}, {"id": "deca54a6651fb9add5b4a9816ca8fe7e", "number": "6602502544", "date": "2021-01-22 16:15:00", "subject": "2", "recorded-or-robo": "Y", "city": "Norborne", "state": "MO", "area-code": "660"}, {"id": "e81c9350d54f66c6d33b3747ee141466", "number": "4157753531", "date": "2021-01-22 14:04:00", "subject": "0", "recorded-or-robo": "Y", "city": "San Rafael", "state": "CA", "area-code": "415"}, {"id": "deca54a6651fb9add5b4a9816ca8face", "number": "4157753531", "date": "2021-01-22 14:04:00", "subject": "0", "recorded-or-robo": "Y", "city": "San Rafael", "state": "CA", "area-code": "415"}, {"id": "e81c9350d54f66c6d33b3747ee14085c", "number": "6199663197", "date": "2021-01-22 02:19:00", "subject": "0", "recorded-or-robo": "Y", "city": "", "state": "CA", "area-code": "619"}, {"id": "deca54a6651fb9add5b4a9816ca8f0e0", "number": "6199663197", "date": "2021-01-22 02:19:00", "subject": "0", "recorded-or-robo": "Y", "city": "", "state": "CA", "area-code": "619"}, {"id": "e81c9350d54f66c6d33b3747ee13f934", "number": "8888030812", "date": "2021-01-22 14:14:00", "subject": "1", "recorded-or-robo": "Y", "city": "South SAn Francisco", "state": "CA", "area-code": "650"}, {"id": "deca54a6651fb9add5b4a9816ca8e173", "number": "8888030812", "date": "2021-01-22 14:14:00", "subject": "1", "recorded-or-robo": "Y", "city": "South SAn Francisco", "state": "CA", "area-code": "650"}, {"id": "e81c9350d54f66c6d33b3747ee13ee9a", "number": "7159210962", "date": "2021-01-22 16:33:00", "subject": "0", "recorded-or-robo": "Y", "city": "", "state": "WI", "area-code": "715"}]}