{"data": [{"id": "deca54a6651fb9add5b4a9816cdfb19b", "number": "9312297830", "date": "2021-01-22 16:36:49", "subject": "3", "recorded-or-robo": "Y", "city": "", "state": "NY", "area-code": "347"}, {"id": "deca54a6651fb9add5b4a9816c81e8a9", "number": "7856142648", "date": "2021-01-22 14:58:00", "subject": "1", "recorded-or-robo": "N", "city": "Concordia", "state": "KS", "area-code": "785"}, {"id": "b6a8da8b80f26332ed085cca2ded19e3", "number": "7856142648", "date": "2021-01-22 14:58:00", "subject": "1", "recorded-or-robo": "N", "city": "Concordia", "state": "KS", "area-code": "785"}, {"id": "e81c9350d54f66c6d33b3747ee4c4168", "number": "+12156431295", "date": "2021-01-22 16:36:42", "subject": "3", "recorded-or-robo": "Y", "city": "", "state": "CA", "area-code": "310"}, {"id": "deca54a6651fb9add5b4a9816ce07af1", "number": "+12156431295", "date": "2021-01-22 16:36:42", "subject": "3", "recorded-or-robo": "Y", "city": "", "state": "CA", "area-code": "310"}, {"id": "e81c9350d54f66c6d33b3747ee4bf499", "number": "+12198365654", "date": "2021-01-22 16:36:41", "subject": "3", "recorded-or-robo": "Y", "city": "", "state": "IL", "area-code": "773"}, {"id": "deca54a6651fb9add5b4a9816ce04339", "number": "+12198365654", "date": "2021-01-22 16:36:41", "subject": "3", "recorded-or-robo": "Y", "city": "", "state": "IL", "area-code": "773"}, {"id": "e81c9350d54f66c6d33b3747ee4ba8db", "number": "7329074017", "date": "2021-01-22 16:36:38", "subject": "3", "recorded-or-robo": "Y", "city": "", "state": "NJ", "area-code": "732"}, {"id": "deca54a6651fb9add5b4a9816cdff255", "number": "7329074017", "date": "2021-01-22 16:36:38", "subject": "3", "recorded-or-robo": "Y", "city": "", "state": "NJ", "area-code": "732"}, {"id": "deca54a6651fb9add5b4a9816c81d8ca", "number": "2103753224", "date": "2021-01-22 15:31:00", "subject": "2", "recorded-or-robo": "Y", "city": "San Antonio", "state": "TX", "area-code": "210"}, {"id": "deca54a6651fb9add5b4a9816c81d376", "number": "6418008761", "date": "2021-01-22 15:30:00", "subject": "2", "recorded-or-robo": "", "city": "", "state": "IA", "area-code": "319"}, {"id": "b6a8da8b80f26332ed085cca2ded0ae4", "number": "2103753224", "date": "2021-01-22 15:31:00", "subject": "2", "recorded-or-robo": "Y", "city": "San Antonio", "state": "TX", "area-code": "210"}, {"id": "b6a8da8b80f26332ed085cca2ded0602", "number": "6418008761", "date": "2021-01-22 15:30:00", "subject": "2", "recorded-or-robo": "", "city": "", "state": "IA", "area-code": "319"}, {"id": "e81c9350d54f66c6d33b3747ee4c4d88", "number": "9312297830", "date": "2021-01-22 16:36:34", "subject": "3", "recorded-or-robo": "Y", "city": "", "state": "NY", "area-code": "347"}, {"id": "deca54a6651fb9add5b4a9816ce085fe", "number": "9312297830", "date": "2021-01-22 16:36:34", "subject": "3", "recorded-or-robo": "Y", "city": "", "state": "NY", "area-code": "347"}, {"id": "deca54a6651fb9add5b4a9816c81ce4c", "number": "6082058746", "date": "2021-01-22 14:37:00", "subject": "2", "recorded-or-robo": "N", "city": "Verona", "state": "WI", "area-code": "608"}, {"id": "b6a8da8b80f26332ed085cca2decf806", "number": "6082058746", "date": "2021-01-22 14:37:00", "subject": "2", "recorded-or-robo": "N", "city": "Verona", "state": "WI", "area-code": "608"}, {"id": "deca54a6651fb9add5b4a9816c81c86d", "number": "8289290188", "date": "2021-01-12 12:28:00", "subject": "2", "recorded-or-robo": "Y", "city": "Gladstone", "state": "MI", "area-code": "906"}, {"id": "b6a8da8b80f26332ed085cca2decf2ed", "number": "8289290188", "date": "2021-01-12 12:28:00", "subject": "2", "recorded-or-robo": "Y", "city": "Gladstone", "state": "MI", "area-code": "906"}, {"id": "deca54a6651fb9add5b4a9816c81c653", "number": "4156471705", "date": "2021-01-20 09:35:00", "subject": "4", "recorded-or-robo": "Y", "city": "", "state": "CA", "area-code": "916"}, {"id": "deca54a6651fb9add5b4a9816c81baf5", "number": "8508447684", "date": "2021-01-16 09:21:00", "subject": "2", "recorded-or-robo": "", "city": "Tallahassee", "state": "FL", "area-code": "850"}, {"id": "b6a8da8b80f26332ed085cca2deced01", "number": "4156471705", "date": "2021-01-20 09:35:00", "subject": "4", "recorded-or-robo": "Y", "city": "", "state": "CA", "area-code": "916"}, {"id": "b6a8da8b80f26332ed085cca2dece21a", "number": "8508447684", "date": "2021-01-16 09:21:00", "subject": "2", "recorded-or-robo": "", "city": "Tallahassee", "state": "FL", "area-code": "850"}, {"id": "deca54a6651fb9add5b4a9816c81b69e", "number": "7406709702", "date": "2021-01-22 13:12:00", "subject": "3", "recorded-or-robo": "Y", "city": "", "state": "OH", "area-code": "330"}, {"id": "deca54a6651fb9add5b4a9816c81a7af", "number": "9033767685", "date": "2021-01-22 15:28:00", "subject": "2", "recorded-or-robo": "N", "city": "Wills Point", "state": "TX", "area-code": "903"}, {"id": "b6a8da8b80f26332ed085cca2decd9c7", "number": "7406709702", "date": "2021-01-22 13:12:00", "subject": "3", "recorded-or-robo": "Y", "city": "", "state": "OH", "area-code": "330"}, {"id": "b6a8da8b80f26332ed085cca2decd3e4", "number": "9033767685", "date": "2021-01-22 15:28:00", "subject": "2", "recorded-or-robo": "N", "city": "Wills Point", "state": "TX", "area-code": "903"}, {"id": "deca54a6651fb9add5b4a9816c81a0ec", "number": "7866779695", "date": "2021-01-22 16:14:00", "subject": "2", "recorded-or-robo": "Y", "city": "Tampa", "state": "FL", "area-code": "910"}, {"id": "b6a8da8b80f26332ed085cca2decd326", "number": "7866779695", "date": "2021-01-22 16:14:00", "subject": "2", "recorded-or-robo": "Y", "city": "Tampa", "state": "FL", "area-code": "910"}, {"id": "deca54a6651fb9add5b4a9816c81918b", "number": "8332297906", "date": "2021-01-19 00:00:00", "subject": "3", "recorded-or-robo": "", "city": "Lakeland", "state": "TN", "area-code": "901"}, {"id": "b6a8da8b80f26332ed085cca2decc53f", "number": "8332297906", "date": "2021-01-19 00:00:00", "subject": "3", "recorded-or-robo": "", "city": "Lakeland", "state": "TN", "area-code": "901"}, {"id": "e81c9350d54f66c6d33b3747ee4b56f3", "number": "7323079861", "date": "2021-01-22 16:36:23", "subject": "3", "recorded-or-robo": "Y", "city": "", "state": "NJ", "area-code": "732"}, {"id": "deca54a6651fb9add5b4a9816cdfa91e", "number": "7323079861", "date": "2021-01-22 16:36:23", "subject": "3", "recorded-or-robo": "Y", "city": "", "state": "NJ", "area-code": "732"}, {"id": "deca54a6651fb9add5b4a9816c8181d7", "number": "9194150583", "date": "2021-01-22 15:34:00", "subject": "0", "recorded-or-robo": "Y", "city": "CHAPEL HILL", "state": "NC", "area-code": "919"}, {"id": "b6a8da8b80f26332ed085cca2decc082", "number": "9194150583", "date": "2021-01-22 15:34:00", "subject": "0", "recorded-or-robo": "Y", "city": "CHAPEL HILL", "state": "NC", "area-code": "919"}, {"id": "e81c9350d54f66c6d33b3747ee4b485a", "number": "9312297830", "date": "2021-01-22 16:36:22", "subject": "3", "recorded-or-robo": "Y", "city": "", "state": "NY", "area-code": "347"}, {"id": "e81c9350d54f66c6d33b3747ee4b0f96", "number": "7323079861", "date": "2021-01-22 16:36:22", "subject": "3", "recorded-or-robo": "Y", "city": "", "state": "NJ", "area-code": "732"}, {"id": "deca54a6651fb9add5b4a9816cdf9a40", "number": "9312297830", "date": "2021-01-22 16:36:22", "subject": "3", "recorded-or-robo": "Y", "city": "", "state": "NY", "area-code": "347"}, {"id": "deca54a6651fb9add5b4a9816cdf7292", "number": "7323079861", "date": "2021-01-22 16:36:22", "subject": "3", "recorded-or-robo": "Y", "city": "", "state": "NJ", "area-code": "732"}, {"id": "deca54a6651fb9add5b4a9816c8179ff", "number": "7725898972", "date": "2021-01-22 16:32:00", "subject": "4", "recorded-or-robo": "Y", "city": "", "state": "FL", "area-code": "772"}, {"id": "b6a8da8b80f26332ed085cca2decbd66", "number": "7725898972", "date": "2021-01-22 16:32:00", "subject": "4", "recorded-or-robo": "Y", "city": "", "state": "FL", "area-code": "772"}, {"id": "e81c9350d54f66c6d33b3747ee4b955b", "number": "9312297830", "date": "2021-01-22 16:36:21", "subject": "3", "recorded-or-robo": "Y", "city": "", "state": "NY", "area-code": "347"}, {"id": "deca54a6651fb9add5b4a9816cdff107", "number": "9312297830", "date": "2021-01-22 16:36:21", "subject": "3", "recorded-or-robo": "Y", "city": "", "state": "NY", "area-code": "347"}, {"id": "deca54a6651fb9add5b4a9816c816c5e", "number": "9705286039", "date": "2021-01-22 02:29:00", "subject": "2", "recorded-or-robo": "", "city": "Grand Junction", "state": "CO", "area-code": "970"}, {"id": "b6a8da8b80f26332ed085cca2decae80", "number": "9705286039", "date": "2021-01-22 02:29:00", "subject": "2", "recorded-or-robo": "", "city": "Grand Junction", "state": "CO", "area-code": "970"}, {"id": "e81c9350d54f66c6d33b3747ee4bdffe", "number": "3038187381", "date": "2021-01-22 16:36:11", "subject": "3", "recorded-or-robo": "Y", "city": "", "state": "CO", "area-code": "303"}, {"id": "deca54a6651fb9add5b4a9816ce03311", "number": "3038187381", "date": "2021-01-22 16:36:11", "subject": "3", "recorded-or-robo": "Y", "city": "", "state": "CO", "area-code": "303"}, {"id": "deca54a6651fb9add5b4a9816c815c93", "number": "9414210857", "date": "2021-01-21 12:00:00", "subject": "2", "recorded-or-robo": "Y", "city": "Port Charlotte", "state": "FL", "area-code": "941"}, {"id": "b6a8da8b80f26332ed085cca2decad83", "number": "9414210857", "date": "2021-01-21 12:00:00", "subject": "2", "recorded-or-robo": "Y", "city": "Port Charlotte", "state": "FL", "area-code": "941"}, {"id": "e81c9350d54f66c6d33b3747ee4b9ad7", "number": "8642516147", "date": "2021-01-22 16:36:09", "subject": "3", "recorded-or-robo": "Y", "city": "", "state": "NY", "area-code": "347"}]}