{"data": [{"id": "deca54a6651fb9add5b4a9816cf8ac66", "number": "", "date": "2021-01-22 16:02:00", "subject": "11", "recorded-or-robo": "Y", "city": "", "state": "WA", "area-code": "360"}, {"id": "e81c9350d54f66c6d33b3747ee639809", "number": "1410446400", "date": "2021-01-22 17:54:00", "subject": "1", "recorded-or-robo": "Y", "city": "Sykesville", "state": "MD", "area-code": "410"}, {"id": "deca54a6651fb9add5b4a9816cf8aa6a", "number": "1410446400", "date": "2021-01-22 17:54:00", "subject": "1", "recorded-or-robo": "Y", "city": "Sykesville", "state": "MD", "area-code": "410"}, {"id": "e81c9350d54f66c6d33b3747ee63977a", "number": "4805203980", "date": "2021-01-21 14:57:00", "subject": "2", "recorded-or-robo": "Y", "city": "West Fargo", "state": "ND", "area-code": "612"}, {"id": "deca54a6651fb9add5b4a9816cf89b35", "number": "4805203980", "date": "2021-01-21 14:57:00", "subject": "2", "recorded-or-robo": "Y", "city": "West Fargo", "state": "ND", "area-code": "612"}, {"id": "e81c9350d54f66c6d33b3747ee639000", "number": "4438364927", "date": "2020-10-31 19:37:00", "subject": "0", "recorded-or-robo": "Y", "city": "Manassas", "state": "VA", "area-code": "703"}, {"id": "deca54a6651fb9add5b4a9816cf89843", "number": "4438364927", "date": "2020-10-31 19:37:00", "subject": "0", "recorded-or-robo": "Y", "city": "Manassas", "state": "VA", "area-code": "703"}, {"id": "e81c9350d54f66c6d33b3747ee6385b1", "number": "4142867999", "date": "2021-01-22 11:58:00", "subject": "2", "recorded-or-robo": "N", "city": "", "state": "WI", "area-code": "608"}, {"id": "deca54a6651fb9add5b4a9816cf88d28", "number": "4142867999", "date": "2021-01-22 11:58:00", "subject": "2", "recorded-or-robo": "N", "city": "", "state": "WI", "area-code": "608"}, {"id": "e81c9350d54f66c6d33b3747eea14c6c", "number": "5673024834", "date": "2021-01-22 19:03:26", "subject": "3", "recorded-or-robo": "Y", "city": "", "state": "OH", "area-code": "419"}, {"id": "1d36742e3f24f50e4e7ae82801363623", "number": "5673024834", "date": "2021-01-22 19:03:26", "subject": "3", "recorded-or-robo": "Y", "city": "", "state": "OH", "area-code": "419"}, {"id": "e81c9350d54f66c6d33b3747ee63843d", "number": "6154068424", "date": "2021-01-22 11:24:00", "subject": "11", "recorded-or-robo": "Y", "city": "", "state": "Do", "area-code": "202"}, {"id": "deca54a6651fb9add5b4a9816cf88664", "number": "6154068424", "date": "2021-01-22 11:24:00", "subject": "11", "recorded-or-robo": "Y", "city": "", "state": "Do", "area-code": "202"}, {"id": "e81c9350d54f66c6d33b3747ee638335", "number": "8143770686", "date": "2021-01-22 10:53:00", "subject": "4", "recorded-or-robo": "Y", "city": "Aaronsburg", "state": "PA", "area-code": "814"}, {"id": "deca54a6651fb9add5b4a9816cf883d1", "number": "8143770686", "date": "2021-01-22 10:53:00", "subject": "4", "recorded-or-robo": "Y", "city": "Aaronsburg", "state": "PA", "area-code": "814"}, {"id": "e81c9350d54f66c6d33b3747ee637b21", "number": "6166495059", "date": "2021-01-21 12:42:00", "subject": "3", "recorded-or-robo": "N", "city": "Waldorf", "state": "MD", "area-code": "301"}, {"id": "deca54a6651fb9add5b4a9816cf881ea", "number": "6166495059", "date": "2021-01-21 12:42:00", "subject": "3", "recorded-or-robo": "N", "city": "Waldorf", "state": "MD", "area-code": "301"}, {"id": "e81c9350d54f66c6d33b3747eea0a154", "number": "+14435907809", "date": "2021-01-22 19:02:59", "subject": "3", "recorded-or-robo": "Y", "city": "", "state": "MD", "area-code": "443"}, {"id": "1d36742e3f24f50e4e7ae8280135ac1f", "number": "+14435907809", "date": "2021-01-22 19:02:59", "subject": "3", "recorded-or-robo": "Y", "city": "", "state": "MD", "area-code": "443"}, {"id": "e81c9350d54f66c6d33b3747ee6373fb", "number": "6464600087", "date": "2021-01-22 12:19:00", "subject": "1", "recorded-or-robo": "Y", "city": "", "state": "NY", "area-code": "646"}, {"id": "deca54a6651fb9add5b4a9816cf87fde", "number": "6464600087", "date": "2021-01-22 12:19:00", "subject": "1", "recorded-or-robo": "Y", "city": "", "state": "NY", "area-code": "646"}, {"id": "e81c9350d54f66c6d33b3747ee636db8", "number": "7744606070", "date": "2021-01-21 10:31:00", "subject": "4", "recorded-or-robo": "N", "city": "houston", "state": "CA", "area-code": "415"}, {"id": "e81c9350d54f66c6d33b3747ee635ffa", "number": "7158632875", "date": "2021-01-22 12:32:00", "subject": "2", "recorded-or-robo": "N", "city": "", "state": "WI", "area-code": "608"}, {"id": "deca54a6651fb9add5b4a9816cf87aca", "number": "7744606070", "date": "2021-01-21 10:31:00", "subject": "4", "recorded-or-robo": "N", "city": "houston", "state": "CA", "area-code": "415"}, {"id": "deca54a6651fb9add5b4a9816cf87204", "number": "7158632875", "date": "2021-01-22 12:32:00", "subject": "2", "recorded-or-robo": "N", "city": "", "state": "WI", "area-code": "608"}, {"id": "e81c9350d54f66c6d33b3747eea1449a", "number": "9547174132", "date": "2021-01-22 19:02:48", "subject": "3", "recorded-or-robo": "Y", "city": "", "state": "FL", "area-code": "305"}, {"id": "1d36742e3f24f50e4e7ae828013632db", "number": "9547174132", "date": "2021-01-22 19:02:48", "subject": "3", "recorded-or-robo": "Y", "city": "", "state": "FL", "area-code": "305"}, {"id": "e81c9350d54f66c6d33b3747eea07257", "number": "+19542832636", "date": "2021-01-22 19:02:45", "subject": "3", "recorded-or-robo": "N", "city": "", "state": "FL", "area-code": "561"}, {"id": "e81c9350d54f66c6d33b3747ee6354a7", "number": "2172900348", "date": "2021-01-22 15:32:00", "subject": "3", "recorded-or-robo": "N", "city": "Mt.zion", "state": "IL", "area-code": "217"}, {"id": "deca54a6651fb9add5b4a9816cf86c85", "number": "2172900348", "date": "2021-01-22 15:32:00", "subject": "3", "recorded-or-robo": "N", "city": "Mt.zion", "state": "IL", "area-code": "217"}, {"id": "1d36742e3f24f50e4e7ae8280135940b", "number": "+19542832636", "date": "2021-01-22 19:02:45", "subject": "3", "recorded-or-robo": "N", "city": "", "state": "FL", "area-code": "561"}, {"id": "e81c9350d54f66c6d33b3747eea12c57", "number": "+18437435973", "date": "2021-01-22 19:02:42", "subject": "3", "recorded-or-robo": "Y", "city": "", "state": "SC", "area-code": "843"}, {"id": "1d36742e3f24f50e4e7ae828013625ba", "number": "+18437435973", "date": "2021-01-22 19:02:42", "subject": "3", "recorded-or-robo": "Y", "city": "", "state": "SC", "area-code": "843"}, {"id": "e81c9350d54f66c6d33b3747ee63457a", "number": "3144515221", "date": "2021-01-22 17:50:00", "subject": "6", "recorded-or-robo": "Y", "city": "", "state": "MO", "area-code": "314"}, {"id": "deca54a6651fb9add5b4a9816cf86273", "number": "3144515221", "date": "2021-01-22 17:50:00", "subject": "6", "recorded-or-robo": "Y", "city": "", "state": "MO", "area-code": "314"}, {"id": "e81c9350d54f66c6d33b3747eea10755", "number": "6317601991", "date": "2021-01-22 19:02:32", "subject": "3", "recorded-or-robo": "Y", "city": "", "state": "NY", "area-code": "631"}, {"id": "1d36742e3f24f50e4e7ae8280135ff53", "number": "6317601991", "date": "2021-01-22 19:02:32", "subject": "3", "recorded-or-robo": "Y", "city": "", "state": "NY", "area-code": "631"}, {"id": "e81c9350d54f66c6d33b3747ee633e1d", "number": "8707055821", "date": "2021-01-22 17:58:00", "subject": "2", "recorded-or-robo": "Y", "city": "W. Memphis", "state": "AR", "area-code": "870"}, {"id": "deca54a6651fb9add5b4a9816cf85e66", "number": "8707055821", "date": "2021-01-22 17:58:00", "subject": "2", "recorded-or-robo": "Y", "city": "W. Memphis", "state": "AR", "area-code": "870"}, {"id": "e81c9350d54f66c6d33b3747eea08389", "number": "2176198173", "date": "2021-01-22 19:02:30", "subject": "3", "recorded-or-robo": "Y", "city": "", "state": "OH", "area-code": "330"}, {"id": "e81c9350d54f66c6d33b3747ee633228", "number": "5072460380", "date": "2021-01-22 09:59:00", "subject": "0", "recorded-or-robo": "Y", "city": "Rochester", "state": "MN", "area-code": "507"}, {"id": "deca54a6651fb9add5b4a9816cf84f22", "number": "5072460380", "date": "2021-01-22 09:59:00", "subject": "0", "recorded-or-robo": "Y", "city": "Rochester", "state": "MN", "area-code": "507"}, {"id": "1d36742e3f24f50e4e7ae8280135a4ef", "number": "2176198173", "date": "2021-01-22 19:02:30", "subject": "3", "recorded-or-robo": "Y", "city": "", "state": "OH", "area-code": "330"}, {"id": "e81c9350d54f66c6d33b3747eec6b78d", "number": "8508001087", "date": "2021-01-22 17:30:00", "subject": "3", "recorded-or-robo": "N", "city": "", "state": "FL", "area-code": "941"}, {"id": "1d36742e3f24f50e4e7ae828015bf488", "number": "8508001087", "date": "2021-01-22 17:30:00", "subject": "3", "recorded-or-robo": "N", "city": "", "state": "FL", "area-code": "941"}, {"id": "e81c9350d54f66c6d33b3747ee632288", "number": "8179168387", "date": "2021-01-22 08:41:00", "subject": "2", "recorded-or-robo": "N", "city": "Crowley", "state": "TX", "area-code": "817"}, {"id": "deca54a6651fb9add5b4a9816cf843ac", "number": "8179168387", "date": "2021-01-22 08:41:00", "subject": "2", "recorded-or-robo": "N", "city": "Crowley", "state": "TX", "area-code": "817"}, {"id": "e81c9350d54f66c6d33b3747eea0c1da", "number": "2695869782", "date": "2021-01-22 19:02:25", "subject": "3", "recorded-or-robo": "Y", "city": "", "state": "MI", "area-code": "269"}, {"id": "1d36742e3f24f50e4e7ae8280135c10c", "number": "2695869782", "date": "2021-01-22 19:02:25", "subject": "3", "recorded-or-robo": "Y", "city": "", "state": "MI", "area-code": "269"}, {"id": "e81c9350d54f66c6d33b3747ee631610", "number": "8155804367", "date": "2021-01-21 10:22:00", "subject": "6", "recorded-or-robo": "N", "city": "Rochelle", "state": "IL", "area-code": "815"}]}