{"data": [{"id": "deca54a6651fb9add5b4a9816ca2ad87", "number": "4802288421", "date": "2021-01-22 08:23:00", "subject": "4", "recorded-or-robo": "Y", "city": "Belle Fourche", "state": "SD", "area-code": "210"}, {"id": "e81c9350d54f66c6d33b3747ee0d9482", "number": "6158754879", "date": "2021-01-22 16:39:00", "subject": "2", "recorded-or-robo": "Y", "city": "Clearwater", "state": "FL", "area-code": "615"}, {"id": "deca54a6651fb9add5b4a9816ca2a1cf", "number": "6158754879", "date": "2021-01-22 16:39:00", "subject": "2", "recorded-or-robo": "Y", "city": "Clearwater", "state": "FL", "area-code": "615"}, {"id": "e81c9350d54f66c6d33b3747ee519e38", "number": "8593495169", "date": "2021-01-22 17:24:09", "subject": "3", "recorded-or-robo": "Y", "city": "", "state": "KY", "area-code": "859"}, {"id": "e81c9350d54f66c6d33b3747ee0d5908", "number": "9175553465", "date": "2021-01-22 16:12:00", "subject": "3", "recorded-or-robo": "N", "city": "", "state": "NY", "area-code": "716"}, {"id": "deca54a6651fb9add5b4a9816ce5ef42", "number": "8593495169", "date": "2021-01-22 17:24:09", "subject": "3", "recorded-or-robo": "Y", "city": "", "state": "KY", "area-code": "859"}, {"id": "deca54a6651fb9add5b4a9816ca26151", "number": "9175553465", "date": "2021-01-22 16:12:00", "subject": "3", "recorded-or-robo": "N", "city": "", "state": "NY", "area-code": "716"}, {"id": "e81c9350d54f66c6d33b3747ee0d920a", "number": "3129669371", "date": "2021-01-22 17:21:00", "subject": "2", "recorded-or-robo": "Y", "city": "Barberton", "state": "OH", "area-code": "312"}, {"id": "deca54a6651fb9add5b4a9816ca29c74", "number": "3129669371", "date": "2021-01-22 17:21:00", "subject": "2", "recorded-or-robo": "Y", "city": "Barberton", "state": "OH", "area-code": "312"}, {"id": "e81c9350d54f66c6d33b3747ee0d83cc", "number": "3024781701", "date": "2021-01-21 16:17:00", "subject": "3", "recorded-or-robo": "", "city": "", "state": "DE", "area-code": "302"}, {"id": "deca54a6651fb9add5b4a9816ca2922c", "number": "3024781701", "date": "2021-01-21 16:17:00", "subject": "3", "recorded-or-robo": "", "city": "", "state": "DE", "area-code": "302"}, {"id": "e81c9350d54f66c6d33b3747ee519504", "number": "+14844700501", "date": "2021-01-22 17:24:03", "subject": "3", "recorded-or-robo": "Y", "city": "", "state": "PA", "area-code": "215"}, {"id": "deca54a6651fb9add5b4a9816ce5ebd4", "number": "+14844700501", "date": "2021-01-22 17:24:03", "subject": "3", "recorded-or-robo": "Y", "city": "", "state": "PA", "area-code": "215"}, {"id": "e81c9350d54f66c6d33b3747ee5218dc", "number": "7242357255", "date": "2021-01-22 17:24:01", "subject": "3", "recorded-or-robo": "Y", "city": "", "state": "PA", "area-code": "724"}, {"id": "e81c9350d54f66c6d33b3747ee51ba31", "number": "+19208978937", "date": "2021-01-22 17:24:01", "subject": "3", "recorded-or-robo": "Y", "city": "", "state": "MD", "area-code": "301"}, {"id": "deca54a6651fb9add5b4a9816ce66115", "number": "7242357255", "date": "2021-01-22 17:24:01", "subject": "3", "recorded-or-robo": "Y", "city": "", "state": "PA", "area-code": "724"}, {"id": "deca54a6651fb9add5b4a9816ce60531", "number": "+19208978937", "date": "2021-01-22 17:24:01", "subject": "3", "recorded-or-robo": "Y", "city": "", "state": "MD", "area-code": "301"}, {"id": "e81c9350d54f66c6d33b3747ee5181bd", "number": "7242357255", "date": "2021-01-22 17:24:00", "subject": "3", "recorded-or-robo": "Y", "city": "", "state": "PA", "area-code": "724"}, {"id": "deca54a6651fb9add5b4a9816ce5e6e5", "number": "7242357255", "date": "2021-01-22 17:24:00", "subject": "3", "recorded-or-robo": "Y", "city": "", "state": "PA", "area-code": "724"}, {"id": "e81c9350d54f66c6d33b3747ee0d7bb9", "number": "3475499156", "date": "2021-01-22 17:18:00", "subject": "5", "recorded-or-robo": "Y", "city": "Staten Island", "state": "NY", "area-code": "347"}, {"id": "deca54a6651fb9add5b4a9816ca29216", "number": "3475499156", "date": "2021-01-22 17:18:00", "subject": "5", "recorded-or-robo": "Y", "city": "Staten Island", "state": "NY", "area-code": "347"}, {"id": "e81c9350d54f66c6d33b3747ee0d7518", "number": "", "date": "2021-01-22 16:12:00", "subject": "5", "recorded-or-robo": "Y", "city": "Alexandria", "state": "LA", "area-code": "318"}, {"id": "deca54a6651fb9add5b4a9816ca2886e", "number": "", "date": "2021-01-22 16:12:00", "subject": "5", "recorded-or-robo": "Y", "city": "Alexandria", "state": "LA", "area-code": "318"}, {"id": "e81c9350d54f66c6d33b3747ee0d721d", "number": "8439852955", "date": "2021-01-22 14:21:00", "subject": "5", "recorded-or-robo": "Y", "city": "Springville", "state": "NY", "area-code": "716"}, {"id": "deca54a6651fb9add5b4a9816ca27ce0", "number": "8439852955", "date": "2021-01-22 14:21:00", "subject": "5", "recorded-or-robo": "Y", "city": "Springville", "state": "NY", "area-code": "716"}, {"id": "e81c9350d54f66c6d33b3747ee5c3b42", "number": "3088581974", "date": "2021-01-22 00:00:00", "subject": "3", "recorded-or-robo": "", "city": "", "state": "NE", "area-code": "308"}, {"id": "deca54a6651fb9add5b4a9816cf10d5e", "number": "3088581974", "date": "2021-01-22 00:00:00", "subject": "3", "recorded-or-robo": "", "city": "", "state": "NE", "area-code": "308"}, {"id": "e81c9350d54f66c6d33b3747ee5c485d", "number": "7069286310", "date": "2021-01-22 16:15:00", "subject": "3", "recorded-or-robo": "Y", "city": "", "state": "TX", "area-code": "903"}, {"id": "e81c9350d54f66c6d33b3747ee0d64f4", "number": "8062914060", "date": "2021-01-22 16:18:00", "subject": "4", "recorded-or-robo": "Y", "city": "Houston", "state": "TX", "area-code": "832"}, {"id": "deca54a6651fb9add5b4a9816cf1154d", "number": "7069286310", "date": "2021-01-22 16:15:00", "subject": "3", "recorded-or-robo": "Y", "city": "", "state": "TX", "area-code": "903"}, {"id": "deca54a6651fb9add5b4a9816ca276fc", "number": "8062914060", "date": "2021-01-22 16:18:00", "subject": "4", "recorded-or-robo": "Y", "city": "Houston", "state": "TX", "area-code": "832"}, {"id": "e81c9350d54f66c6d33b3747ee50ff10", "number": "4806374740", "date": "2021-01-22 17:23:41", "subject": "3", "recorded-or-robo": "Y", "city": "", "state": "AZ", "area-code": "480"}, {"id": "e81c9350d54f66c6d33b3747ee0d60ab", "number": "4106661128", "date": "2021-01-21 11:43:00", "subject": "5", "recorded-or-robo": "Y", "city": "Alexandria", "state": "OH", "area-code": "216"}, {"id": "deca54a6651fb9add5b4a9816ce56135", "number": "4806374740", "date": "2021-01-22 17:23:41", "subject": "3", "recorded-or-robo": "Y", "city": "", "state": "AZ", "area-code": "480"}, {"id": "deca54a6651fb9add5b4a9816ca273ac", "number": "4106661128", "date": "2021-01-21 11:43:00", "subject": "5", "recorded-or-robo": "Y", "city": "Alexandria", "state": "OH", "area-code": "216"}, {"id": "e81c9350d54f66c6d33b3747ee0d5fb8", "number": "6312308023", "date": "2021-01-22 10:42:00", "subject": "3", "recorded-or-robo": "", "city": "", "state": "NY", "area-code": "631"}, {"id": "deca54a6651fb9add5b4a9816ca26f5b", "number": "6312308023", "date": "2021-01-22 10:42:00", "subject": "3", "recorded-or-robo": "", "city": "", "state": "NY", "area-code": "631"}, {"id": "e81c9350d54f66c6d33b3747ee0d5875", "number": "5023786032", "date": "2021-01-22 15:15:00", "subject": "1", "recorded-or-robo": "Y", "city": "San Antonio", "state": "TX", "area-code": "210"}, {"id": "deca54a6651fb9add5b4a9816ca2612f", "number": "5023786032", "date": "2021-01-22 15:15:00", "subject": "1", "recorded-or-robo": "Y", "city": "San Antonio", "state": "TX", "area-code": "210"}, {"id": "e81c9350d54f66c6d33b3747ee0d4c77", "number": "3033166820", "date": "2021-01-22 13:59:00", "subject": "9", "recorded-or-robo": "Y", "city": "", "state": "CO", "area-code": "719"}, {"id": "e81c9350d54f66c6d33b3747ee0d4277", "number": "3164266951", "date": "2021-01-22 00:00:00", "subject": "1", "recorded-or-robo": "Y", "city": "WICHITA", "state": "KS", "area-code": "316"}, {"id": "deca54a6651fb9add5b4a9816ca25ec8", "number": "3033166820", "date": "2021-01-22 13:59:00", "subject": "9", "recorded-or-robo": "Y", "city": "", "state": "CO", "area-code": "719"}, {"id": "deca54a6651fb9add5b4a9816ca253eb", "number": "3164266951", "date": "2021-01-22 00:00:00", "subject": "1", "recorded-or-robo": "Y", "city": "WICHITA", "state": "KS", "area-code": "316"}, {"id": "e81c9350d54f66c6d33b3747ee0d3810", "number": "3022735374", "date": "2021-01-21 18:30:00", "subject": "3", "recorded-or-robo": "", "city": "", "state": "DE", "area-code": "302"}, {"id": "e81c9350d54f66c6d33b3747ee0d3073", "number": "9703418246", "date": "2021-01-22 13:30:00", "subject": "2", "recorded-or-robo": "Y", "city": "Fort Collins", "state": "CO", "area-code": "970"}, {"id": "deca54a6651fb9add5b4a9816ca248db", "number": "3022735374", "date": "2021-01-21 18:30:00", "subject": "3", "recorded-or-robo": "", "city": "", "state": "DE", "area-code": "302"}, {"id": "deca54a6651fb9add5b4a9816ca23a0a", "number": "9703418246", "date": "2021-01-22 13:30:00", "subject": "2", "recorded-or-robo": "Y", "city": "Fort Collins", "state": "CO", "area-code": "970"}, {"id": "e81c9350d54f66c6d33b3747ee50e87b", "number": "7037537642", "date": "2021-01-22 17:23:28", "subject": "3", "recorded-or-robo": "N", "city": "", "state": "VA", "area-code": "703"}, {"id": "deca54a6651fb9add5b4a9816ce53a93", "number": "7037537642", "date": "2021-01-22 17:23:28", "subject": "3", "recorded-or-robo": "N", "city": "", "state": "VA", "area-code": "703"}, {"id": "e81c9350d54f66c6d33b3747ee0d2dff", "number": "8332297973", "date": "2021-01-22 15:05:00", "subject": "6", "recorded-or-robo": "Y", "city": "Pittsburgh", "state": "PA", "area-code": "412"}]}