{"data": [{"id": "deca54a6651fb9add5b4a9816c75c417", "number": "5163427277", "date": "2021-01-20 16:03:00", "subject": "2", "recorded-or-robo": "Y", "city": "", "state": "NY", "area-code": "518"}, {"id": "b6a8da8b80f26332ed085cca2de12919", "number": "5415664287", "date": "2021-01-22 13:16:00", "subject": "4", "recorded-or-robo": "Y", "city": "Roseburg", "state": "OR", "area-code": "541"}, {"id": "b6a8da8b80f26332ed085cca2de124ca", "number": "5163427277", "date": "2021-01-20 16:03:00", "subject": "2", "recorded-or-robo": "Y", "city": "", "state": "NY", "area-code": "518"}, {"id": "deca54a6651fb9add5b4a9816c75bd62", "number": "9167948052", "date": "2021-01-22 16:16:00", "subject": "4", "recorded-or-robo": "Y", "city": "Port St Lucie", "state": "MI", "area-code": "248"}, {"id": "b6a8da8b80f26332ed085cca2de117f2", "number": "9167948052", "date": "2021-01-22 16:16:00", "subject": "4", "recorded-or-robo": "Y", "city": "Port St Lucie", "state": "MI", "area-code": "248"}, {"id": "deca54a6651fb9add5b4a9816c75b3d4", "number": "9314693217", "date": "2021-01-22 14:25:00", "subject": "2", "recorded-or-robo": "Y", "city": "Crossville", "state": "TN", "area-code": "931"}, {"id": "b6a8da8b80f26332ed085cca2de114a3", "number": "9314693217", "date": "2021-01-22 14:25:00", "subject": "2", "recorded-or-robo": "Y", "city": "Crossville", "state": "TN", "area-code": "931"}, {"id": "deca54a6651fb9add5b4a9816c75b3bf", "number": "9892633086", "date": "2021-01-22 14:25:00", "subject": "3", "recorded-or-robo": "Y", "city": "", "state": "FL", "area-code": "850"}, {"id": "deca54a6651fb9add5b4a9816c75b15d", "number": "7876280603", "date": "2021-01-17 15:47:00", "subject": "2", "recorded-or-robo": "Y", "city": "Slatington", "state": "PA", "area-code": "610"}, {"id": "b6a8da8b80f26332ed085cca2de10833", "number": "9892633086", "date": "2021-01-22 14:25:00", "subject": "3", "recorded-or-robo": "Y", "city": "", "state": "FL", "area-code": "850"}, {"id": "b6a8da8b80f26332ed085cca2de0fe4d", "number": "7876280603", "date": "2021-01-17 15:47:00", "subject": "2", "recorded-or-robo": "Y", "city": "Slatington", "state": "PA", "area-code": "610"}, {"id": "deca54a6651fb9add5b4a9816c75a3a2", "number": "6104770426", "date": "2021-01-22 16:16:00", "subject": "2", "recorded-or-robo": "Y", "city": "ALLENTOWN", "state": "PA", "area-code": "610"}, {"id": "b6a8da8b80f26332ed085cca2de0f2ed", "number": "6104770426", "date": "2021-01-22 16:16:00", "subject": "2", "recorded-or-robo": "Y", "city": "ALLENTOWN", "state": "PA", "area-code": "610"}, {"id": "deca54a6651fb9add5b4a9816c7595dd", "number": "8552050329", "date": "2021-01-22 16:04:00", "subject": "2", "recorded-or-robo": "Y", "city": "Philadelphia", "state": "PA", "area-code": "406"}, {"id": "b6a8da8b80f26332ed085cca2de0e741", "number": "8552050329", "date": "2021-01-22 16:04:00", "subject": "2", "recorded-or-robo": "Y", "city": "Philadelphia", "state": "PA", "area-code": "406"}, {"id": "e81c9350d54f66c6d33b3747ee48e227", "number": "+12026070148", "date": "2021-01-22 16:19:22", "subject": "3", "recorded-or-robo": "Y", "city": "", "state": "NY", "area-code": "646"}, {"id": "deca54a6651fb9add5b4a9816cdd8b12", "number": "+12026070148", "date": "2021-01-22 16:19:22", "subject": "3", "recorded-or-robo": "Y", "city": "", "state": "NY", "area-code": "646"}, {"id": "deca54a6651fb9add5b4a9816c759059", "number": "9512525617", "date": "2021-01-22 11:22:00", "subject": "1", "recorded-or-robo": "Y", "city": "Siloam Springs", "state": "AR", "area-code": "951"}, {"id": "b6a8da8b80f26332ed085cca2de0df9a", "number": "9512525617", "date": "2021-01-22 11:22:00", "subject": "1", "recorded-or-robo": "Y", "city": "Siloam Springs", "state": "AR", "area-code": "951"}, {"id": "deca54a6651fb9add5b4a9816c7581a2", "number": "3345653774", "date": "2021-01-22 16:03:00", "subject": "6", "recorded-or-robo": "N", "city": "Petersburg", "state": "FL", "area-code": "502"}, {"id": "b6a8da8b80f26332ed085cca2de0de95", "number": "3345653774", "date": "2021-01-22 16:03:00", "subject": "6", "recorded-or-robo": "N", "city": "Petersburg", "state": "FL", "area-code": "502"}, {"id": "deca54a6651fb9add5b4a9816c757d5e", "number": "4783137084", "date": "2021-01-15 12:02:00", "subject": "2", "recorded-or-robo": "", "city": "Kathleen", "state": "GA", "area-code": "478"}, {"id": "b6a8da8b80f26332ed085cca2de0d511", "number": "4783137084", "date": "2021-01-15 12:02:00", "subject": "2", "recorded-or-robo": "", "city": "Kathleen", "state": "GA", "area-code": "478"}, {"id": "deca54a6651fb9add5b4a9816c757129", "number": "4128666057", "date": "2021-01-22 04:10:00", "subject": "4", "recorded-or-robo": "Y", "city": "McKeesport", "state": "PA", "area-code": "412"}, {"id": "b6a8da8b80f26332ed085cca2de0ced6", "number": "4128666057", "date": "2021-01-22 04:10:00", "subject": "4", "recorded-or-robo": "Y", "city": "McKeesport", "state": "PA", "area-code": "412"}, {"id": "deca54a6651fb9add5b4a9816c756e46", "number": "8507481853", "date": "2021-01-22 15:14:00", "subject": "4", "recorded-or-robo": "Y", "city": "Pensacola", "state": "FL", "area-code": "850"}, {"id": "b6a8da8b80f26332ed085cca2de0c413", "number": "8507481853", "date": "2021-01-22 15:14:00", "subject": "4", "recorded-or-robo": "Y", "city": "Pensacola", "state": "FL", "area-code": "850"}, {"id": "e81c9350d54f66c6d33b3747ee48cbfd", "number": "2892324861", "date": "2021-01-22 16:18:58", "subject": "3", "recorded-or-robo": "Y", "city": "", "state": "TX", "area-code": "469"}, {"id": "deca54a6651fb9add5b4a9816cdd7647", "number": "2892324861", "date": "2021-01-22 16:18:58", "subject": "3", "recorded-or-robo": "Y", "city": "", "state": "TX", "area-code": "469"}, {"id": "deca54a6651fb9add5b4a9816c7566dc", "number": "9472226427", "date": "2021-01-22 10:16:00", "subject": "0", "recorded-or-robo": "Y", "city": "Clarkston", "state": "MI", "area-code": "248"}, {"id": "deca54a6651fb9add5b4a9816c755ae7", "number": "2176364467", "date": "2021-01-22 15:16:00", "subject": "1", "recorded-or-robo": "Y", "city": "Champaign", "state": "IL", "area-code": "217"}, {"id": "b6a8da8b80f26332ed085cca2de0c08d", "number": "9472226427", "date": "2021-01-22 10:16:00", "subject": "0", "recorded-or-robo": "Y", "city": "Clarkston", "state": "MI", "area-code": "248"}, {"id": "b6a8da8b80f26332ed085cca2de0bd49", "number": "2176364467", "date": "2021-01-22 15:16:00", "subject": "1", "recorded-or-robo": "Y", "city": "Champaign", "state": "IL", "area-code": "217"}, {"id": "deca54a6651fb9add5b4a9816c754c5d", "number": "", "date": "2021-01-22 14:35:00", "subject": "2", "recorded-or-robo": "Y", "city": "Saint Louis", "state": "MO", "area-code": "314"}, {"id": "b6a8da8b80f26332ed085cca2de0b8e2", "number": "", "date": "2021-01-22 14:35:00", "subject": "2", "recorded-or-robo": "Y", "city": "Saint Louis", "state": "MO", "area-code": "314"}, {"id": "deca54a6651fb9add5b4a9816c754a39", "number": "7035236994", "date": "2021-01-22 14:11:00", "subject": "2", "recorded-or-robo": "Y", "city": "Woodbridge", "state": "VA", "area-code": "703"}, {"id": "b6a8da8b80f26332ed085cca2de0b143", "number": "7035236994", "date": "2021-01-22 14:11:00", "subject": "2", "recorded-or-robo": "Y", "city": "Woodbridge", "state": "VA", "area-code": "703"}, {"id": "deca54a6651fb9add5b4a9816c753d9b", "number": "1469809757", "date": "2021-01-22 15:11:00", "subject": "1", "recorded-or-robo": "Y", "city": "Dallas", "state": "TX", "area-code": "469"}, {"id": "b6a8da8b80f26332ed085cca2de0a39e", "number": "1469809757", "date": "2021-01-22 15:11:00", "subject": "1", "recorded-or-robo": "Y", "city": "Dallas", "state": "TX", "area-code": "469"}, {"id": "deca54a6651fb9add5b4a9816c753529", "number": "2033448811", "date": "2021-01-12 10:43:00", "subject": "3", "recorded-or-robo": "Y", "city": "", "state": "CT", "area-code": "203"}, {"id": "b6a8da8b80f26332ed085cca2de0942d", "number": "2033448811", "date": "2021-01-12 10:43:00", "subject": "3", "recorded-or-robo": "Y", "city": "", "state": "CT", "area-code": "203"}, {"id": "e81c9350d54f66c6d33b3747ee48a1d8", "number": "5162089404", "date": "2021-01-22 16:18:48", "subject": "3", "recorded-or-robo": "N", "city": "", "state": "NY", "area-code": "845"}, {"id": "deca54a6651fb9add5b4a9816cdd374f", "number": "5162089404", "date": "2021-01-22 16:18:48", "subject": "3", "recorded-or-robo": "N", "city": "", "state": "NY", "area-code": "845"}, {"id": "deca54a6651fb9add5b4a9816c7533b9", "number": "4253284990", "date": "2021-01-22 13:15:00", "subject": "2", "recorded-or-robo": "Y", "city": "Oak Harbor", "state": "WA", "area-code": "425"}, {"id": "b6a8da8b80f26332ed085cca2de08e1a", "number": "4253284990", "date": "2021-01-22 13:15:00", "subject": "2", "recorded-or-robo": "Y", "city": "Oak Harbor", "state": "WA", "area-code": "425"}, {"id": "deca54a6651fb9add5b4a9816c7525e3", "number": "6027553544", "date": "2021-01-22 14:10:00", "subject": "2", "recorded-or-robo": "Y", "city": "Chandler", "state": "AZ", "area-code": "480"}, {"id": "b6a8da8b80f26332ed085cca2de082ad", "number": "6027553544", "date": "2021-01-22 14:10:00", "subject": "2", "recorded-or-robo": "Y", "city": "Chandler", "state": "AZ", "area-code": "480"}, {"id": "deca54a6651fb9add5b4a9816c751c15", "number": "7192254554", "date": "2021-01-22 14:17:00", "subject": "0", "recorded-or-robo": "N", "city": "Kaysville", "state": "UT", "area-code": "801"}, {"id": "deca54a6651fb9add5b4a9816c75126f", "number": "", "date": "2021-01-22 13:18:00", "subject": "3", "recorded-or-robo": "Y", "city": "", "state": "CA", "area-code": "442"}, {"id": "b6a8da8b80f26332ed085cca2de0778a", "number": "7192254554", "date": "2021-01-22 14:17:00", "subject": "0", "recorded-or-robo": "N", "city": "Kaysville", "state": "UT", "area-code": "801"}]}