{"data": [{"id": "b6a8da8b80f26332ed085cca2df4d7cb", "number": "3017208257", "date": "2021-01-22 14:31:00", "subject": "2", "recorded-or-robo": "Y", "city": "Gaithersburg", "state": "MD", "area-code": "301"}, {"id": "deca54a6651fb9add5b4a9816c89ac31", "number": "7026372225", "date": "2021-01-22 04:40:00", "subject": "2", "recorded-or-robo": "N", "city": "", "state": "NC", "area-code": "910"}, {"id": "b6a8da8b80f26332ed085cca2df4c7f6", "number": "7026372225", "date": "2021-01-22 04:40:00", "subject": "2", "recorded-or-robo": "N", "city": "", "state": "NC", "area-code": "910"}, {"id": "deca54a6651fb9add5b4a9816c89a116", "number": "2108197555", "date": "2021-01-22 15:11:00", "subject": "2", "recorded-or-robo": "Y", "city": "San Antonio", "state": "TX", "area-code": "210"}, {"id": "b6a8da8b80f26332ed085cca2df4c60c", "number": "2108197555", "date": "2021-01-22 15:11:00", "subject": "2", "recorded-or-robo": "Y", "city": "San Antonio", "state": "TX", "area-code": "210"}, {"id": "deca54a6651fb9add5b4a9816c899338", "number": "3038006469", "date": "2021-01-22 13:30:00", "subject": "4", "recorded-or-robo": "Y", "city": "", "state": "CO", "area-code": "303"}, {"id": "b6a8da8b80f26332ed085cca2df4c308", "number": "3038006469", "date": "2021-01-22 13:30:00", "subject": "4", "recorded-or-robo": "Y", "city": "", "state": "CO", "area-code": "303"}, {"id": "deca54a6651fb9add5b4a9816c899121", "number": "3307679024", "date": "2021-01-22 12:07:00", "subject": "0", "recorded-or-robo": "Y", "city": "Streetsboro", "state": "OH", "area-code": "330"}, {"id": "b6a8da8b80f26332ed085cca2df4bd80", "number": "3307679024", "date": "2021-01-22 12:07:00", "subject": "0", "recorded-or-robo": "Y", "city": "Streetsboro", "state": "OH", "area-code": "330"}, {"id": "deca54a6651fb9add5b4a9816c898a02", "number": "3307339953", "date": "2021-01-21 19:47:00", "subject": "0", "recorded-or-robo": "N", "city": "Barberton", "state": "OH", "area-code": "330"}, {"id": "deca54a6651fb9add5b4a9816c8988cd", "number": "9408148983", "date": "2021-01-22 16:42:00", "subject": "1", "recorded-or-robo": "Y", "city": "Damariscotta", "state": "ME", "area-code": "207"}, {"id": "b6a8da8b80f26332ed085cca2df4b922", "number": "3307339953", "date": "2021-01-21 19:47:00", "subject": "0", "recorded-or-robo": "N", "city": "Barberton", "state": "OH", "area-code": "330"}, {"id": "b6a8da8b80f26332ed085cca2df4a93b", "number": "9408148983", "date": "2021-01-22 16:42:00", "subject": "1", "recorded-or-robo": "Y", "city": "Damariscotta", "state": "ME", "area-code": "207"}, {"id": "e81c9350d54f66c6d33b3747ee5b9243", "number": "3152328257", "date": "2020-01-21 00:00:00", "subject": "3", "recorded-or-robo": "", "city": "", "state": "IN", "area-code": "260"}, {"id": "deca54a6651fb9add5b4a9816cf0409b", "number": "3152328257", "date": "2020-01-21 00:00:00", "subject": "3", "recorded-or-robo": "", "city": "", "state": "IN", "area-code": "260"}, {"id": "deca54a6651fb9add5b4a9816c89877e", "number": "8007680513", "date": "2021-01-22 15:29:00", "subject": "0", "recorded-or-robo": "Y", "city": "Killeen", "state": "TX", "area-code": "512"}, {"id": "b6a8da8b80f26332ed085cca2df49d44", "number": "8007680513", "date": "2021-01-22 15:29:00", "subject": "0", "recorded-or-robo": "Y", "city": "Killeen", "state": "TX", "area-code": "512"}, {"id": "deca54a6651fb9add5b4a9816c8977a6", "number": "8632934941", "date": "2021-01-22 14:44:00", "subject": "1", "recorded-or-robo": "Y", "city": "Colorado Springs", "state": "CO", "area-code": "719"}, {"id": "b6a8da8b80f26332ed085cca2df4902a", "number": "8632934941", "date": "2021-01-22 14:44:00", "subject": "1", "recorded-or-robo": "Y", "city": "Colorado Springs", "state": "CO", "area-code": "719"}, {"id": "deca54a6651fb9add5b4a9816c896a08", "number": "7027480663", "date": "2021-01-22 16:00:00", "subject": "2", "recorded-or-robo": "", "city": "Pittsburgh", "state": "PA", "area-code": "702"}, {"id": "deca54a6651fb9add5b4a9816c88f912", "number": "3047456290", "date": "2021-01-22 13:44:00", "subject": "3", "recorded-or-robo": "N", "city": "", "state": "WV", "area-code": "304"}, {"id": "b6a8da8b80f26332ed085cca2df48ca0", "number": "7027480663", "date": "2021-01-22 16:00:00", "subject": "2", "recorded-or-robo": "", "city": "Pittsburgh", "state": "PA", "area-code": "702"}, {"id": "b6a8da8b80f26332ed085cca2df4382e", "number": "3047456290", "date": "2021-01-22 13:44:00", "subject": "3", "recorded-or-robo": "N", "city": "", "state": "WV", "area-code": "304"}, {"id": "deca54a6651fb9add5b4a9816c8963fd", "number": "5083406858", "date": "2021-01-22 16:23:00", "subject": "2", "recorded-or-robo": "N", "city": "North Grafton", "state": "MA", "area-code": "508"}, {"id": "b6a8da8b80f26332ed085cca2df48637", "number": "5083406858", "date": "2021-01-22 16:23:00", "subject": "2", "recorded-or-robo": "N", "city": "North Grafton", "state": "MA", "area-code": "508"}, {"id": "deca54a6651fb9add5b4a9816c895d99", "number": "9068467393", "date": "2021-01-04 09:20:00", "subject": "4", "recorded-or-robo": "Y", "city": "Gladstone", "state": "MI", "area-code": "906"}, {"id": "b6a8da8b80f26332ed085cca2df480ea", "number": "9068467393", "date": "2021-01-04 09:20:00", "subject": "4", "recorded-or-robo": "Y", "city": "Gladstone", "state": "MI", "area-code": "906"}, {"id": "deca54a6651fb9add5b4a9816c894e7b", "number": "8596632273", "date": "2021-01-22 16:32:00", "subject": "7", "recorded-or-robo": "Y", "city": "Louisville", "state": "KY", "area-code": "859"}, {"id": "b6a8da8b80f26332ed085cca2df47c99", "number": "8596632273", "date": "2021-01-22 16:32:00", "subject": "7", "recorded-or-robo": "Y", "city": "Louisville", "state": "KY", "area-code": "859"}, {"id": "e81c9350d54f66c6d33b3747ee4ca24a", "number": "+12024908485", "date": "2021-01-22 16:46:43", "subject": "3", "recorded-or-robo": "Y", "city": "", "state": "MD", "area-code": "301"}, {"id": "deca54a6651fb9add5b4a9816ce0e881", "number": "+12024908485", "date": "2021-01-22 16:46:43", "subject": "3", "recorded-or-robo": "Y", "city": "", "state": "MD", "area-code": "301"}, {"id": "deca54a6651fb9add5b4a9816c883d63", "number": "7702640525", "date": "2021-01-22 11:00:00", "subject": "3", "recorded-or-robo": "", "city": "", "state": "GA", "area-code": "770"}, {"id": "b6a8da8b80f26332ed085cca2df38b25", "number": "7702640525", "date": "2021-01-22 11:00:00", "subject": "3", "recorded-or-robo": "", "city": "", "state": "GA", "area-code": "770"}, {"id": "deca54a6651fb9add5b4a9816c894a12", "number": "4582922710", "date": "2021-01-22 10:08:00", "subject": "2", "recorded-or-robo": "", "city": "Haverhill", "state": "MA", "area-code": "978"}, {"id": "b6a8da8b80f26332ed085cca2df46e53", "number": "4582922710", "date": "2021-01-22 10:08:00", "subject": "2", "recorded-or-robo": "", "city": "Haverhill", "state": "MA", "area-code": "978"}, {"id": "deca54a6651fb9add5b4a9816c894302", "number": "4106373057", "date": "2021-01-21 13:30:00", "subject": "3", "recorded-or-robo": "Y", "city": "", "state": "MD", "area-code": "410"}, {"id": "b6a8da8b80f26332ed085cca2df45f3b", "number": "4106373057", "date": "2021-01-21 13:30:00", "subject": "3", "recorded-or-robo": "Y", "city": "", "state": "MD", "area-code": "410"}, {"id": "deca54a6651fb9add5b4a9816c893740", "number": "7758634894", "date": "2021-01-22 13:15:00", "subject": "2", "recorded-or-robo": "Y", "city": "LAS VEGAS", "state": "NV", "area-code": "702"}, {"id": "b6a8da8b80f26332ed085cca2df45612", "number": "7758634894", "date": "2021-01-22 13:15:00", "subject": "2", "recorded-or-robo": "Y", "city": "LAS VEGAS", "state": "NV", "area-code": "702"}, {"id": "deca54a6651fb9add5b4a9816c893118", "number": "4104066599", "date": "2021-01-22 15:06:00", "subject": "6", "recorded-or-robo": "Y", "city": "Gaithersburg", "state": "MD", "area-code": "301"}, {"id": "b6a8da8b80f26332ed085cca2df44f84", "number": "4104066599", "date": "2021-01-22 15:06:00", "subject": "6", "recorded-or-robo": "Y", "city": "Gaithersburg", "state": "MD", "area-code": "301"}, {"id": "e81c9350d54f66c6d33b3747ee4c73cd", "number": "3202169789", "date": "2021-01-22 16:46:36", "subject": "3", "recorded-or-robo": "Y", "city": "", "state": "GA", "area-code": "404"}, {"id": "deca54a6651fb9add5b4a9816ce0b542", "number": "3202169789", "date": "2021-01-22 16:46:36", "subject": "3", "recorded-or-robo": "Y", "city": "", "state": "GA", "area-code": "404"}, {"id": "deca54a6651fb9add5b4a9816c892330", "number": "", "date": "2021-01-22 15:42:00", "subject": "1", "recorded-or-robo": "Y", "city": "", "state": "TX", "area-code": "214"}, {"id": "deca54a6651fb9add5b4a9816c89160c", "number": "8055813379", "date": "2021-01-22 10:09:00", "subject": "2", "recorded-or-robo": "N", "city": "", "state": "CO", "area-code": "805"}, {"id": "b6a8da8b80f26332ed085cca2df44aeb", "number": "", "date": "2021-01-22 15:42:00", "subject": "1", "recorded-or-robo": "Y", "city": "", "state": "TX", "area-code": "214"}, {"id": "b6a8da8b80f26332ed085cca2df446a2", "number": "8055813379", "date": "2021-01-22 10:09:00", "subject": "2", "recorded-or-robo": "N", "city": "", "state": "CO", "area-code": "805"}, {"id": "deca54a6651fb9add5b4a9816c890809", "number": "6516151622", "date": "2021-01-22 14:00:00", "subject": "0", "recorded-or-robo": "Y", "city": "", "state": "MN", "area-code": "651"}, {"id": "b6a8da8b80f26332ed085cca2df444ab", "number": "6516151622", "date": "2021-01-22 14:00:00", "subject": "0", "recorded-or-robo": "Y", "city": "", "state": "MN", "area-code": "651"}, {"id": "deca54a6651fb9add5b4a9816c88fae6", "number": "5093556048", "date": "2021-01-22 16:43:00", "subject": "5", "recorded-or-robo": "Y", "city": "", "state": "PA", "area-code": "215"}]}