{"data": [{"id": "1d36742e3f24f50e4e7ae828016d57a0", "number": "2539936299", "date": "2021-01-21 15:36:00", "subject": "2", "recorded-or-robo": "Y", "city": "Edmond", "state": "OK", "area-code": "405"}, {"id": "e81c9350d54f66c6d33b3747eed851f9", "number": "7184994206", "date": "2021-01-23 09:47:00", "subject": "11", "recorded-or-robo": "N", "city": "", "state": "NY", "area-code": "718"}, {"id": "1d36742e3f24f50e4e7ae828016d5196", "number": "7184994206", "date": "2021-01-23 09:47:00", "subject": "11", "recorded-or-robo": "N", "city": "", "state": "NY", "area-code": "718"}, {"id": "e81c9350d54f66c6d33b3747eed85069", "number": "7323895500", "date": "2021-01-22 16:30:00", "subject": "0", "recorded-or-robo": "Y", "city": "Brick", "state": "NJ", "area-code": "732"}, {"id": "1d36742e3f24f50e4e7ae828016d49b7", "number": "7323895500", "date": "2021-01-22 16:30:00", "subject": "0", "recorded-or-robo": "Y", "city": "Brick", "state": "NJ", "area-code": "732"}, {"id": "e81c9350d54f66c6d33b3747eed840be", "number": "8188625246", "date": "2020-12-03 09:18:00", "subject": "1", "recorded-or-robo": "Y", "city": "Tujunga", "state": "CA", "area-code": "818"}, {"id": "1d36742e3f24f50e4e7ae828016d34e4", "number": "8188625246", "date": "2020-12-03 09:18:00", "subject": "1", "recorded-or-robo": "Y", "city": "Tujunga", "state": "CA", "area-code": "818"}, {"id": "e81c9350d54f66c6d33b3747eed832e3", "number": "", "date": "2020-12-06 17:51:00", "subject": "3", "recorded-or-robo": "Y", "city": "", "state": "MD", "area-code": "410"}, {"id": "1d36742e3f24f50e4e7ae828016d27b4", "number": "", "date": "2020-12-06 17:51:00", "subject": "3", "recorded-or-robo": "Y", "city": "", "state": "MD", "area-code": "410"}, {"id": "e81c9350d54f66c6d33b3747eed82cc6", "number": "8043787530", "date": "2021-01-22 19:49:00", "subject": "2", "recorded-or-robo": "Y", "city": "Midlothian", "state": "VA", "area-code": "804"}, {"id": "1d36742e3f24f50e4e7ae828016d19fb", "number": "8043787530", "date": "2021-01-22 19:49:00", "subject": "2", "recorded-or-robo": "Y", "city": "Midlothian", "state": "VA", "area-code": "804"}, {"id": "e81c9350d54f66c6d33b3747eed82b37", "number": "8627743511", "date": "2021-01-22 13:37:00", "subject": "0", "recorded-or-robo": "Y", "city": "Brick", "state": "NJ", "area-code": "732"}, {"id": "1d36742e3f24f50e4e7ae828016d11ad", "number": "8627743511", "date": "2021-01-22 13:37:00", "subject": "0", "recorded-or-robo": "Y", "city": "Brick", "state": "NJ", "area-code": "732"}, {"id": "e81c9350d54f66c6d33b3747eed8227d", "number": "7245714223", "date": "2021-01-22 11:32:00", "subject": "3", "recorded-or-robo": "N", "city": "", "state": "PA", "area-code": "724"}, {"id": "1d36742e3f24f50e4e7ae828016d096c", "number": "7245714223", "date": "2021-01-22 11:32:00", "subject": "3", "recorded-or-robo": "N", "city": "", "state": "PA", "area-code": "724"}, {"id": "e81c9350d54f66c6d33b3747eed81fdf", "number": "5614918400", "date": "2021-01-01 16:01:00", "subject": "1", "recorded-or-robo": "Y", "city": "Lockport", "state": "IL", "area-code": "708"}, {"id": "1d36742e3f24f50e4e7ae828016cfd3b", "number": "5614918400", "date": "2021-01-01 16:01:00", "subject": "1", "recorded-or-robo": "Y", "city": "Lockport", "state": "IL", "area-code": "708"}, {"id": "e81c9350d54f66c6d33b3747eed813fe", "number": "9128782187", "date": "2021-01-22 11:30:00", "subject": "5", "recorded-or-robo": "Y", "city": "savannah", "state": "GA", "area-code": "912"}, {"id": "1d36742e3f24f50e4e7ae828016cfb92", "number": "9128782187", "date": "2021-01-22 11:30:00", "subject": "5", "recorded-or-robo": "Y", "city": "savannah", "state": "GA", "area-code": "912"}, {"id": "e81c9350d54f66c6d33b3747eed8094a", "number": "3238162035", "date": "2020-12-10 07:36:00", "subject": "1", "recorded-or-robo": "Y", "city": "Tujunga", "state": "CA", "area-code": "818"}, {"id": "1d36742e3f24f50e4e7ae828016cf398", "number": "3238162035", "date": "2020-12-10 07:36:00", "subject": "1", "recorded-or-robo": "Y", "city": "Tujunga", "state": "CA", "area-code": "818"}, {"id": "e81c9350d54f66c6d33b3747eed805b3", "number": "5518883462", "date": "2021-01-22 13:21:00", "subject": "0", "recorded-or-robo": "Y", "city": "Brick", "state": "NJ", "area-code": "732"}, {"id": "1d36742e3f24f50e4e7ae828016cee72", "number": "5518883462", "date": "2021-01-22 13:21:00", "subject": "0", "recorded-or-robo": "Y", "city": "Brick", "state": "NJ", "area-code": "732"}, {"id": "e81c9350d54f66c6d33b3747eed7fd91", "number": "7245437972", "date": "2021-01-22 14:52:00", "subject": "3", "recorded-or-robo": "N", "city": "", "state": "PA", "area-code": "724"}, {"id": "1d36742e3f24f50e4e7ae828016cecfe", "number": "7245437972", "date": "2021-01-22 14:52:00", "subject": "3", "recorded-or-robo": "N", "city": "", "state": "PA", "area-code": "724"}, {"id": "e81c9350d54f66c6d33b3747eed7ef6f", "number": "2545626823", "date": "2021-01-23 08:00:00", "subject": "1", "recorded-or-robo": "Y", "city": "Dallas", "state": "TX", "area-code": "214"}, {"id": "1d36742e3f24f50e4e7ae828016ce6b1", "number": "2545626823", "date": "2021-01-23 08:00:00", "subject": "1", "recorded-or-robo": "Y", "city": "Dallas", "state": "TX", "area-code": "214"}, {"id": "e81c9350d54f66c6d33b3747eed7ecc9", "number": "3322233359", "date": "2021-01-22 12:56:00", "subject": "0", "recorded-or-robo": "Y", "city": "Brick", "state": "NJ", "area-code": "732"}, {"id": "e81c9350d54f66c6d33b3747eed7e4ec", "number": "2535382722", "date": "2021-01-21 13:10:00", "subject": "2", "recorded-or-robo": "Y", "city": "Edmond", "state": "OK", "area-code": "405"}, {"id": "1d36742e3f24f50e4e7ae828016cdb20", "number": "3322233359", "date": "2021-01-22 12:56:00", "subject": "0", "recorded-or-robo": "Y", "city": "Brick", "state": "NJ", "area-code": "732"}, {"id": "1d36742e3f24f50e4e7ae828016cda36", "number": "2535382722", "date": "2021-01-21 13:10:00", "subject": "2", "recorded-or-robo": "Y", "city": "Edmond", "state": "OK", "area-code": "405"}, {"id": "e81c9350d54f66c6d33b3747eed7e04d", "number": "2406078524", "date": "2021-01-23 09:40:00", "subject": "2", "recorded-or-robo": "N", "city": "Detroit", "state": "MI", "area-code": "313"}, {"id": "e81c9350d54f66c6d33b3747eed7da87", "number": "9312766298", "date": "2021-01-23 08:15:00", "subject": "1", "recorded-or-robo": "N", "city": "Belfast", "state": "TN", "area-code": "931"}, {"id": "e81c9350d54f66c6d33b3747eed7c40d", "number": "8553968939", "date": "2021-01-21 00:00:00", "subject": "3", "recorded-or-robo": "", "city": "", "state": "MA", "area-code": "508"}, {"id": "1d36742e3f24f50e4e7ae828016cd99c", "number": "2406078524", "date": "2021-01-23 09:40:00", "subject": "2", "recorded-or-robo": "N", "city": "Detroit", "state": "MI", "area-code": "313"}, {"id": "1d36742e3f24f50e4e7ae828016cd8af", "number": "9312766298", "date": "2021-01-23 08:15:00", "subject": "1", "recorded-or-robo": "N", "city": "Belfast", "state": "TN", "area-code": "931"}, {"id": "1d36742e3f24f50e4e7ae828016cc46d", "number": "8553968939", "date": "2021-01-21 00:00:00", "subject": "3", "recorded-or-robo": "", "city": "", "state": "MA", "area-code": "508"}, {"id": "e81c9350d54f66c6d33b3747eed7cabc", "number": "7152805966", "date": "2021-01-22 11:00:00", "subject": "2", "recorded-or-robo": "Y", "city": "Marinette", "state": "WI", "area-code": "715"}, {"id": "e81c9350d54f66c6d33b3747eed7c7dd", "number": "8188629091", "date": "2020-12-15 11:09:00", "subject": "4", "recorded-or-robo": "Y", "city": "Tujunga", "state": "CA", "area-code": "818"}, {"id": "1d36742e3f24f50e4e7ae828016cca1d", "number": "7152805966", "date": "2021-01-22 11:00:00", "subject": "2", "recorded-or-robo": "Y", "city": "Marinette", "state": "WI", "area-code": "715"}, {"id": "1d36742e3f24f50e4e7ae828016cc9ea", "number": "8188629091", "date": "2020-12-15 11:09:00", "subject": "4", "recorded-or-robo": "Y", "city": "Tujunga", "state": "CA", "area-code": "818"}, {"id": "e81c9350d54f66c6d33b3747eed7c31e", "number": "3322233359", "date": "2021-01-22 08:34:00", "subject": "0", "recorded-or-robo": "Y", "city": "Brick", "state": "NJ", "area-code": "732"}, {"id": "1d36742e3f24f50e4e7ae828016cb7c2", "number": "3322233359", "date": "2021-01-22 08:34:00", "subject": "0", "recorded-or-robo": "Y", "city": "Brick", "state": "NJ", "area-code": "732"}, {"id": "e81c9350d54f66c6d33b3747eed7be1f", "number": "8188629091", "date": "2020-12-15 12:34:00", "subject": "4", "recorded-or-robo": "Y", "city": "Tujunga", "state": "CA", "area-code": "818"}, {"id": "1d36742e3f24f50e4e7ae828016ca828", "number": "8188629091", "date": "2020-12-15 12:34:00", "subject": "4", "recorded-or-robo": "Y", "city": "Tujunga", "state": "CA", "area-code": "818"}, {"id": "e81c9350d54f66c6d33b3747eed7b3a4", "number": "6473757706", "date": "2021-01-23 08:19:00", "subject": "0", "recorded-or-robo": "Y", "city": "West Fargo", "state": "ND", "area-code": "701"}, {"id": "1d36742e3f24f50e4e7ae828016c9c44", "number": "6473757706", "date": "2021-01-23 08:19:00", "subject": "0", "recorded-or-robo": "Y", "city": "West Fargo", "state": "ND", "area-code": "701"}, {"id": "e81c9350d54f66c6d33b3747eed7b1fd", "number": "3203554746", "date": "2021-01-20 16:02:00", "subject": "2", "recorded-or-robo": "Y", "city": "Brainerd", "state": "MN", "area-code": "218"}, {"id": "1d36742e3f24f50e4e7ae828016c911e", "number": "3203554746", "date": "2021-01-20 16:02:00", "subject": "2", "recorded-or-robo": "Y", "city": "Brainerd", "state": "MN", "area-code": "218"}, {"id": "e81c9350d54f66c6d33b3747eed7b0c5", "number": "7325682063", "date": "2021-01-22 13:58:00", "subject": "0", "recorded-or-robo": "Y", "city": "Brick", "state": "NJ", "area-code": "732"}]}