{"data": [{"id": "b6a8da8b80f26332ed085cca2de77f0f", "number": "8635553452", "date": "2021-01-22 12:34:00", "subject": "0", "recorded-or-robo": "N", "city": "Loveland", "state": "CO", "area-code": "970"}, {"id": "deca54a6651fb9add5b4a9816c7c97f0", "number": "6157526074", "date": "2021-01-22 11:37:00", "subject": "11", "recorded-or-robo": "Y", "city": "Portland", "state": "FL", "area-code": "321"}, {"id": "b6a8da8b80f26332ed085cca2de77128", "number": "6157526074", "date": "2021-01-22 11:37:00", "subject": "11", "recorded-or-robo": "Y", "city": "Portland", "state": "FL", "area-code": "321"}, {"id": "deca54a6651fb9add5b4a9816c7c8e48", "number": "4088251434", "date": "2021-01-22 12:48:00", "subject": "2", "recorded-or-robo": "Y", "city": "Santa Clara", "state": "CA", "area-code": "408"}, {"id": "b6a8da8b80f26332ed085cca2de76d41", "number": "4088251434", "date": "2021-01-22 12:48:00", "subject": "2", "recorded-or-robo": "Y", "city": "Santa Clara", "state": "CA", "area-code": "408"}, {"id": "e81c9350d54f66c6d33b3747ee497569", "number": "+18044608676", "date": "2021-01-22 16:28:11", "subject": "3", "recorded-or-robo": "Y", "city": "", "state": "VA", "area-code": "804"}, {"id": "deca54a6651fb9add5b4a9816cddf463", "number": "+18044608676", "date": "2021-01-22 16:28:11", "subject": "3", "recorded-or-robo": "Y", "city": "", "state": "VA", "area-code": "804"}, {"id": "deca54a6651fb9add5b4a9816c7c800a", "number": "6419996743", "date": "2021-01-22 03:25:00", "subject": "4", "recorded-or-robo": "Y", "city": "Newton", "state": "IA", "area-code": "641"}, {"id": "b6a8da8b80f26332ed085cca2de7676e", "number": "6419996743", "date": "2021-01-22 03:25:00", "subject": "4", "recorded-or-robo": "Y", "city": "Newton", "state": "IA", "area-code": "641"}, {"id": "deca54a6651fb9add5b4a9816c7c7cf6", "number": "6615264802", "date": "2021-01-22 12:52:00", "subject": "2", "recorded-or-robo": "Y", "city": "Palmdale", "state": "CA", "area-code": "661"}, {"id": "b6a8da8b80f26332ed085cca2de7625d", "number": "6615264802", "date": "2021-01-22 12:52:00", "subject": "2", "recorded-or-robo": "Y", "city": "Palmdale", "state": "CA", "area-code": "661"}, {"id": "e81c9350d54f66c6d33b3747ee49c1df", "number": "+19019486567", "date": "2021-01-22 16:28:05", "subject": "3", "recorded-or-robo": "Y", "city": "", "state": "TN", "area-code": "865"}, {"id": "deca54a6651fb9add5b4a9816cde5277", "number": "+19019486567", "date": "2021-01-22 16:28:05", "subject": "3", "recorded-or-robo": "Y", "city": "", "state": "TN", "area-code": "865"}, {"id": "deca54a6651fb9add5b4a9816c7c6ee3", "number": "4195878084", "date": "2021-01-22 16:17:00", "subject": "2", "recorded-or-robo": "N", "city": "Tiffin", "state": "OH", "area-code": "567"}, {"id": "b6a8da8b80f26332ed085cca2de75747", "number": "4195878084", "date": "2021-01-22 16:17:00", "subject": "2", "recorded-or-robo": "N", "city": "Tiffin", "state": "OH", "area-code": "567"}, {"id": "e81c9350d54f66c6d33b3747ee49d1a5", "number": "4084679984", "date": "2021-01-22 16:28:01", "subject": "3", "recorded-or-robo": "Y", "city": "", "state": "CA", "area-code": "424"}, {"id": "deca54a6651fb9add5b4a9816cde5a47", "number": "4084679984", "date": "2021-01-22 16:28:01", "subject": "3", "recorded-or-robo": "Y", "city": "", "state": "CA", "area-code": "424"}, {"id": "deca54a6651fb9add5b4a9816c7c6807", "number": "3213423879", "date": "2021-01-22 11:17:00", "subject": "3", "recorded-or-robo": "Y", "city": "", "state": "WI", "area-code": "262"}, {"id": "b6a8da8b80f26332ed085cca2de7495e", "number": "3213423879", "date": "2021-01-22 11:17:00", "subject": "3", "recorded-or-robo": "Y", "city": "", "state": "WI", "area-code": "262"}, {"id": "deca54a6651fb9add5b4a9816c7c63d9", "number": "7722856201", "date": "2021-01-22 10:40:00", "subject": "6", "recorded-or-robo": "Y", "city": "Noblesville", "state": "IN", "area-code": "317"}, {"id": "b6a8da8b80f26332ed085cca2de741f2", "number": "7722856201", "date": "2021-01-22 10:40:00", "subject": "6", "recorded-or-robo": "Y", "city": "Noblesville", "state": "IN", "area-code": "317"}, {"id": "deca54a6651fb9add5b4a9816c7c5f57", "number": "7577994900", "date": "2021-01-21 10:19:00", "subject": "2", "recorded-or-robo": "Y", "city": "Woodbridge", "state": "VA", "area-code": "703"}, {"id": "b6a8da8b80f26332ed085cca2de73357", "number": "7577994900", "date": "2021-01-21 10:19:00", "subject": "2", "recorded-or-robo": "Y", "city": "Woodbridge", "state": "VA", "area-code": "703"}, {"id": "deca54a6651fb9add5b4a9816c7c58d0", "number": "6017567657", "date": "2021-01-22 13:39:00", "subject": "0", "recorded-or-robo": "N", "city": "Pace", "state": "FL", "area-code": "407"}, {"id": "b6a8da8b80f26332ed085cca2de731d3", "number": "6017567657", "date": "2021-01-22 13:39:00", "subject": "0", "recorded-or-robo": "N", "city": "Pace", "state": "FL", "area-code": "407"}, {"id": "deca54a6651fb9add5b4a9816c7c4a84", "number": "9064288909", "date": "2021-01-20 13:20:00", "subject": "13", "recorded-or-robo": "Y", "city": "Gladstone", "state": "MI", "area-code": "906"}, {"id": "b6a8da8b80f26332ed085cca2de72532", "number": "9064288909", "date": "2021-01-20 13:20:00", "subject": "13", "recorded-or-robo": "Y", "city": "Gladstone", "state": "MI", "area-code": "906"}, {"id": "deca54a6651fb9add5b4a9816c7c4332", "number": "8178391789", "date": "2021-01-22 12:20:00", "subject": "2", "recorded-or-robo": "Y", "city": "", "state": "CA", "area-code": "510"}, {"id": "b6a8da8b80f26332ed085cca2de71832", "number": "8178391789", "date": "2021-01-22 12:20:00", "subject": "2", "recorded-or-robo": "Y", "city": "", "state": "CA", "area-code": "510"}, {"id": "deca54a6651fb9add5b4a9816c7c34b1", "number": "4697975462", "date": "2021-01-21 00:00:00", "subject": "3", "recorded-or-robo": "Y", "city": "", "state": "TX", "area-code": "469"}, {"id": "b6a8da8b80f26332ed085cca2de7132f", "number": "4697975462", "date": "2021-01-21 00:00:00", "subject": "3", "recorded-or-robo": "Y", "city": "", "state": "TX", "area-code": "469"}, {"id": "deca54a6651fb9add5b4a9816c7c2d9a", "number": "8323443089", "date": "2021-01-21 14:51:00", "subject": "2", "recorded-or-robo": "Y", "city": "Phoenix", "state": "AZ", "area-code": "281"}, {"id": "b6a8da8b80f26332ed085cca2de70a91", "number": "8323443089", "date": "2021-01-21 14:51:00", "subject": "2", "recorded-or-robo": "Y", "city": "Phoenix", "state": "AZ", "area-code": "281"}, {"id": "deca54a6651fb9add5b4a9816c7c248b", "number": "7205809201", "date": "2021-01-22 16:25:00", "subject": "4", "recorded-or-robo": "Y", "city": "", "state": "PA", "area-code": "720"}, {"id": "b6a8da8b80f26332ed085cca2de7072b", "number": "7205809201", "date": "2021-01-22 16:25:00", "subject": "4", "recorded-or-robo": "Y", "city": "", "state": "PA", "area-code": "720"}, {"id": "deca54a6651fb9add5b4a9816c7c19e1", "number": "6263695867", "date": "2021-01-22 08:00:00", "subject": "0", "recorded-or-robo": "Y", "city": "", "state": "CA", "area-code": "626"}, {"id": "b6a8da8b80f26332ed085cca2de70192", "number": "6263695867", "date": "2021-01-22 08:00:00", "subject": "0", "recorded-or-robo": "Y", "city": "", "state": "CA", "area-code": "626"}, {"id": "deca54a6651fb9add5b4a9816c7c1752", "number": "9732412540", "date": "2021-01-22 04:20:00", "subject": "4", "recorded-or-robo": "Y", "city": "Basking Ridge", "state": "NJ", "area-code": "973"}, {"id": "b6a8da8b80f26332ed085cca2de6f882", "number": "9732412540", "date": "2021-01-22 04:20:00", "subject": "4", "recorded-or-robo": "Y", "city": "Basking Ridge", "state": "NJ", "area-code": "973"}, {"id": "deca54a6651fb9add5b4a9816c7c1384", "number": "7603020355", "date": "2021-01-22 13:22:00", "subject": "2", "recorded-or-robo": "Y", "city": "Norco", "state": "CA", "area-code": "714"}, {"id": "b6a8da8b80f26332ed085cca2de6f09f", "number": "7603020355", "date": "2021-01-22 13:22:00", "subject": "2", "recorded-or-robo": "Y", "city": "Norco", "state": "CA", "area-code": "714"}, {"id": "deca54a6651fb9add5b4a9816c7c0a73", "number": "9494822606", "date": "2021-01-22 13:18:00", "subject": "1", "recorded-or-robo": "Y", "city": "", "state": "CA", "area-code": "949"}, {"id": "b6a8da8b80f26332ed085cca2de6e943", "number": "9494822606", "date": "2021-01-22 13:18:00", "subject": "1", "recorded-or-robo": "Y", "city": "", "state": "CA", "area-code": "949"}, {"id": "deca54a6651fb9add5b4a9816c7c0288", "number": "7206529788", "date": "2021-01-22 02:22:00", "subject": "4", "recorded-or-robo": "Y", "city": "", "state": "CO", "area-code": "303"}, {"id": "b6a8da8b80f26332ed085cca2de6e851", "number": "7206529788", "date": "2021-01-22 02:22:00", "subject": "4", "recorded-or-robo": "Y", "city": "", "state": "CO", "area-code": "303"}, {"id": "deca54a6651fb9add5b4a9816c7bf4f8", "number": "4094021006", "date": "2021-01-22 14:11:00", "subject": "6", "recorded-or-robo": "Y", "city": "Orange", "state": "TX", "area-code": "409"}, {"id": "b6a8da8b80f26332ed085cca2de6de74", "number": "4094021006", "date": "2021-01-22 14:11:00", "subject": "6", "recorded-or-robo": "Y", "city": "Orange", "state": "TX", "area-code": "409"}, {"id": "deca54a6651fb9add5b4a9816c7be7db", "number": "8322419004", "date": "2021-01-22 07:50:00", "subject": "2", "recorded-or-robo": "Y", "city": "Phoenix", "state": "AZ", "area-code": "281"}, {"id": "b6a8da8b80f26332ed085cca2de6d8ac", "number": "8322419004", "date": "2021-01-22 07:50:00", "subject": "2", "recorded-or-robo": "Y", "city": "Phoenix", "state": "AZ", "area-code": "281"}, {"id": "deca54a6651fb9add5b4a9816c7bdc72", "number": "3343588433", "date": "2021-01-22 16:09:00", "subject": "6", "recorded-or-robo": "Y", "city": "Noblesville", "state": "IN", "area-code": "317"}]}