{"data": [{"id": "deca54a6651fb9add5b4a9816cf11df9", "number": "9732412347", "date": "2021-01-22 14:02:00", "subject": "3", "recorded-or-robo": "Y", "city": "", "state": "NJ", "area-code": "973"}, {"id": "e81c9350d54f66c6d33b3747ee0eb66f", "number": "6898883123", "date": "2021-01-22 02:08:00", "subject": "2", "recorded-or-robo": "N", "city": "New Smyrna Beach", "state": "FL", "area-code": "386"}, {"id": "deca54a6651fb9add5b4a9816ca4020c", "number": "6898883123", "date": "2021-01-22 02:08:00", "subject": "2", "recorded-or-robo": "N", "city": "New Smyrna Beach", "state": "FL", "area-code": "386"}, {"id": "e81c9350d54f66c6d33b3747ee0eb3e7", "number": "4153323923", "date": "2021-01-22 14:22:00", "subject": "3", "recorded-or-robo": "Y", "city": "", "state": "CA", "area-code": "661"}, {"id": "e81c9350d54f66c6d33b3747ee0eb1b1", "number": "6314321917", "date": "2021-01-22 17:23:00", "subject": "1", "recorded-or-robo": "Y", "city": "Huntington", "state": "NY", "area-code": "631"}, {"id": "deca54a6651fb9add5b4a9816ca3f87a", "number": "4153323923", "date": "2021-01-22 14:22:00", "subject": "3", "recorded-or-robo": "Y", "city": "", "state": "CA", "area-code": "661"}, {"id": "deca54a6651fb9add5b4a9816ca3ebfa", "number": "6314321917", "date": "2021-01-22 17:23:00", "subject": "1", "recorded-or-robo": "Y", "city": "Huntington", "state": "NY", "area-code": "631"}, {"id": "e81c9350d54f66c6d33b3747ee0eb196", "number": "6098628641", "date": "2021-01-22 12:52:00", "subject": "3", "recorded-or-robo": "Y", "city": "", "state": "NY", "area-code": "718"}, {"id": "deca54a6651fb9add5b4a9816ca3e11b", "number": "6098628641", "date": "2021-01-22 12:52:00", "subject": "3", "recorded-or-robo": "Y", "city": "", "state": "NY", "area-code": "718"}, {"id": "e81c9350d54f66c6d33b3747ee0ea340", "number": "7245297388", "date": "2021-01-22 11:01:00", "subject": "1", "recorded-or-robo": "Y", "city": "San Diego", "state": "CA", "area-code": "619"}, {"id": "deca54a6651fb9add5b4a9816ca3d537", "number": "7245297388", "date": "2021-01-22 11:01:00", "subject": "1", "recorded-or-robo": "Y", "city": "San Diego", "state": "CA", "area-code": "619"}, {"id": "e81c9350d54f66c6d33b3747ee0e9e06", "number": "", "date": "2021-01-22 17:00:00", "subject": "1", "recorded-or-robo": "Y", "city": "Andover", "state": "MA", "area-code": "518"}, {"id": "deca54a6651fb9add5b4a9816ca3d0a5", "number": "", "date": "2021-01-22 17:00:00", "subject": "1", "recorded-or-robo": "Y", "city": "Andover", "state": "MA", "area-code": "518"}, {"id": "e81c9350d54f66c6d33b3747ee0e90ce", "number": "5625123842", "date": "2021-01-22 14:24:00", "subject": "2", "recorded-or-robo": "N", "city": "Los Angeles", "state": "CA", "area-code": "323"}, {"id": "deca54a6651fb9add5b4a9816ca3c93e", "number": "5625123842", "date": "2021-01-22 14:24:00", "subject": "2", "recorded-or-robo": "N", "city": "Los Angeles", "state": "CA", "area-code": "323"}, {"id": "e81c9350d54f66c6d33b3747ee0e8ebc", "number": "8552050329", "date": "2021-01-22 13:50:00", "subject": "1", "recorded-or-robo": "Y", "city": "Pewaukee", "state": "WI", "area-code": "262"}, {"id": "deca54a6651fb9add5b4a9816ca3c30b", "number": "8552050329", "date": "2021-01-22 13:50:00", "subject": "1", "recorded-or-robo": "Y", "city": "Pewaukee", "state": "WI", "area-code": "262"}, {"id": "e81c9350d54f66c6d33b3747ee0e8aa4", "number": "9523563487", "date": "2021-01-22 14:26:00", "subject": "3", "recorded-or-robo": "Y", "city": "", "state": "MN", "area-code": "320"}, {"id": "deca54a6651fb9add5b4a9816ca3b35f", "number": "9523563487", "date": "2021-01-22 14:26:00", "subject": "3", "recorded-or-robo": "Y", "city": "", "state": "MN", "area-code": "320"}, {"id": "e81c9350d54f66c6d33b3747ee0e8799", "number": "7246981283", "date": "2020-12-08 15:33:00", "subject": "8", "recorded-or-robo": "Y", "city": "Colorado Springs", "state": "CO", "area-code": "719"}, {"id": "deca54a6651fb9add5b4a9816ca3b14a", "number": "7246981283", "date": "2020-12-08 15:33:00", "subject": "8", "recorded-or-robo": "Y", "city": "Colorado Springs", "state": "CO", "area-code": "719"}, {"id": "e81c9350d54f66c6d33b3747ee0e7c7d", "number": "8553512274", "date": "2021-01-22 16:47:00", "subject": "1", "recorded-or-robo": "Y", "city": "Avon", "state": "MA", "area-code": "617"}, {"id": "e81c9350d54f66c6d33b3747ee0e78df", "number": "7708749736", "date": "2021-01-22 17:20:00", "subject": "6", "recorded-or-robo": "Y", "city": "Conyers", "state": "GA", "area-code": "770"}, {"id": "deca54a6651fb9add5b4a9816ca3a92f", "number": "8553512274", "date": "2021-01-22 16:47:00", "subject": "1", "recorded-or-robo": "Y", "city": "Avon", "state": "MA", "area-code": "617"}, {"id": "deca54a6651fb9add5b4a9816ca3a736", "number": "7708749736", "date": "2021-01-22 17:20:00", "subject": "6", "recorded-or-robo": "Y", "city": "Conyers", "state": "GA", "area-code": "770"}, {"id": "e81c9350d54f66c6d33b3747ee0e76ed", "number": "8659630366", "date": "2021-01-22 12:01:00", "subject": "0", "recorded-or-robo": "N", "city": "Knoxville", "state": "TN", "area-code": "865"}, {"id": "deca54a6651fb9add5b4a9816ca3976b", "number": "8659630366", "date": "2021-01-22 12:01:00", "subject": "0", "recorded-or-robo": "N", "city": "Knoxville", "state": "TN", "area-code": "865"}, {"id": "e81c9350d54f66c6d33b3747ee0e6ce8", "number": "", "date": "2020-01-22 16:15:00", "subject": "3", "recorded-or-robo": "Y", "city": "", "state": "MN", "area-code": "218"}, {"id": "deca54a6651fb9add5b4a9816ca3877f", "number": "", "date": "2020-01-22 16:15:00", "subject": "3", "recorded-or-robo": "Y", "city": "", "state": "MN", "area-code": "218"}, {"id": "e81c9350d54f66c6d33b3747ee0e626f", "number": "2162669158", "date": "2021-01-22 15:15:00", "subject": "5", "recorded-or-robo": "Y", "city": "Alexandria", "state": "OH", "area-code": "216"}, {"id": "e81c9350d54f66c6d33b3747ee0e624d", "number": "8606823301", "date": "2021-01-22 07:46:00", "subject": "6", "recorded-or-robo": "N", "city": "", "state": "CT", "area-code": "860"}, {"id": "deca54a6651fb9add5b4a9816ca379e1", "number": "2162669158", "date": "2021-01-22 15:15:00", "subject": "5", "recorded-or-robo": "Y", "city": "Alexandria", "state": "OH", "area-code": "216"}, {"id": "deca54a6651fb9add5b4a9816ca37512", "number": "8606823301", "date": "2021-01-22 07:46:00", "subject": "6", "recorded-or-robo": "N", "city": "", "state": "CT", "area-code": "860"}, {"id": "e81c9350d54f66c6d33b3747ee0e5568", "number": "2188959482", "date": "2021-01-22 16:17:00", "subject": "4", "recorded-or-robo": "Y", "city": "SAINT PAUL", "state": "MN", "area-code": "218"}, {"id": "deca54a6651fb9add5b4a9816ca368f6", "number": "2188959482", "date": "2021-01-22 16:17:00", "subject": "4", "recorded-or-robo": "Y", "city": "SAINT PAUL", "state": "MN", "area-code": "218"}, {"id": "e81c9350d54f66c6d33b3747ee0e5205", "number": "8038397725", "date": "2021-01-22 12:33:00", "subject": "2", "recorded-or-robo": "N", "city": "CLOVER", "state": "SC", "area-code": "803"}, {"id": "deca54a6651fb9add5b4a9816ca35e17", "number": "8038397725", "date": "2021-01-22 12:33:00", "subject": "2", "recorded-or-robo": "N", "city": "CLOVER", "state": "SC", "area-code": "803"}, {"id": "e81c9350d54f66c6d33b3747ee0e4c56", "number": "8775978514", "date": "2021-01-22 05:20:00", "subject": "2", "recorded-or-robo": "N", "city": "Centerville", "state": "OH", "area-code": "937"}, {"id": "deca54a6651fb9add5b4a9816ca34f90", "number": "8775978514", "date": "2021-01-22 05:20:00", "subject": "2", "recorded-or-robo": "N", "city": "Centerville", "state": "OH", "area-code": "937"}, {"id": "e81c9350d54f66c6d33b3747ee0e4c41", "number": "5305932023", "date": "2021-01-22 14:22:00", "subject": "2", "recorded-or-robo": "N", "city": "Redding", "state": "CA", "area-code": "530"}, {"id": "deca54a6651fb9add5b4a9816ca34c76", "number": "5305932023", "date": "2021-01-22 14:22:00", "subject": "2", "recorded-or-robo": "N", "city": "Redding", "state": "CA", "area-code": "530"}, {"id": "e81c9350d54f66c6d33b3747ee520630", "number": "4152231210", "date": "2021-01-22 17:25:27", "subject": "3", "recorded-or-robo": "N", "city": "", "state": "CA", "area-code": "415"}, {"id": "deca54a6651fb9add5b4a9816ce648a8", "number": "4152231210", "date": "2021-01-22 17:25:27", "subject": "3", "recorded-or-robo": "N", "city": "", "state": "CA", "area-code": "415"}, {"id": "e81c9350d54f66c6d33b3747ee0e3f70", "number": "7816461251", "date": "2021-01-21 10:42:00", "subject": "4", "recorded-or-robo": "Y", "city": "Belle Fourche", "state": "TX", "area-code": "210"}, {"id": "deca54a6651fb9add5b4a9816ca348c1", "number": "7816461251", "date": "2021-01-21 10:42:00", "subject": "4", "recorded-or-robo": "Y", "city": "Belle Fourche", "state": "TX", "area-code": "210"}, {"id": "e81c9350d54f66c6d33b3747ee0e21f5", "number": "8635553452", "date": "2021-01-22 17:20:00", "subject": "3", "recorded-or-robo": "N", "city": "", "state": "NY", "area-code": "716"}, {"id": "deca54a6651fb9add5b4a9816ca32858", "number": "8635553452", "date": "2021-01-22 17:20:00", "subject": "3", "recorded-or-robo": "N", "city": "", "state": "NY", "area-code": "716"}, {"id": "e81c9350d54f66c6d33b3747ee516948", "number": "9152597616", "date": "2021-01-22 17:25:23", "subject": "3", "recorded-or-robo": "Y", "city": "", "state": "TX", "area-code": "915"}, {"id": "deca54a6651fb9add5b4a9816ce5d13c", "number": "9152597616", "date": "2021-01-22 17:25:23", "subject": "3", "recorded-or-robo": "Y", "city": "", "state": "TX", "area-code": "915"}, {"id": "e81c9350d54f66c6d33b3747ee0e3e8c", "number": "", "date": "2021-01-22 00:00:00", "subject": "3", "recorded-or-robo": "Y", "city": "", "state": "TX", "area-code": "210"}]}