{"data": [{"id": "deca54a6651fb9add5b4a9816ca23992", "number": "8332297973", "date": "2021-01-22 15:05:00", "subject": "6", "recorded-or-robo": "Y", "city": "Pittsburgh", "state": "PA", "area-code": "412"}, {"id": "e81c9350d54f66c6d33b3747ee5c4843", "number": "5202205264", "date": "2021-01-22 09:32:00", "subject": "3", "recorded-or-robo": "Y", "city": "", "state": "AZ", "area-code": "520"}, {"id": "e81c9350d54f66c6d33b3747ee0d2c27", "number": "3025319454", "date": "2021-01-22 16:22:00", "subject": "4", "recorded-or-robo": "Y", "city": "", "state": "DE", "area-code": "302"}, {"id": "deca54a6651fb9add5b4a9816cf11115", "number": "5202205264", "date": "2021-01-22 09:32:00", "subject": "3", "recorded-or-robo": "Y", "city": "", "state": "AZ", "area-code": "520"}, {"id": "deca54a6651fb9add5b4a9816ca23355", "number": "3025319454", "date": "2021-01-22 16:22:00", "subject": "4", "recorded-or-robo": "Y", "city": "", "state": "DE", "area-code": "302"}, {"id": "e81c9350d54f66c6d33b3747ee0d200c", "number": "", "date": "2021-01-22 12:00:00", "subject": "1", "recorded-or-robo": "Y", "city": "LINCOLN", "state": "NE", "area-code": "402"}, {"id": "deca54a6651fb9add5b4a9816ca22741", "number": "", "date": "2021-01-22 12:00:00", "subject": "1", "recorded-or-robo": "Y", "city": "LINCOLN", "state": "NE", "area-code": "402"}, {"id": "e81c9350d54f66c6d33b3747ee0d17be", "number": "6509848878", "date": "2021-01-22 20:00:00", "subject": "5", "recorded-or-robo": "Y", "city": "Bozeman", "state": "MT", "area-code": "406"}, {"id": "e81c9350d54f66c6d33b3747ee0d0c6f", "number": "8064686421", "date": "2021-01-22 15:59:00", "subject": "2", "recorded-or-robo": "Y", "city": "Plano", "state": "TX", "area-code": "214"}, {"id": "e81c9350d54f66c6d33b3747ee0d073b", "number": "Variousnumbers", "date": "2021-01-22 13:30:00", "subject": "2", "recorded-or-robo": "Y", "city": "Saint Louis", "state": "MO", "area-code": "314"}, {"id": "deca54a6651fb9add5b4a9816ca22316", "number": "6509848878", "date": "2021-01-22 20:00:00", "subject": "5", "recorded-or-robo": "Y", "city": "Bozeman", "state": "MT", "area-code": "406"}, {"id": "deca54a6651fb9add5b4a9816ca219bf", "number": "8064686421", "date": "2021-01-22 15:59:00", "subject": "2", "recorded-or-robo": "Y", "city": "Plano", "state": "TX", "area-code": "214"}, {"id": "deca54a6651fb9add5b4a9816ca20a45", "number": "Variousnumbers", "date": "2021-01-22 13:30:00", "subject": "2", "recorded-or-robo": "Y", "city": "Saint Louis", "state": "MO", "area-code": "314"}, {"id": "e81c9350d54f66c6d33b3747ee0d059a", "number": "5628045383", "date": "2021-01-22 14:18:00", "subject": "3", "recorded-or-robo": "Y", "city": "", "state": "CA", "area-code": "562"}, {"id": "deca54a6651fb9add5b4a9816ca204b8", "number": "5628045383", "date": "2021-01-22 14:18:00", "subject": "3", "recorded-or-robo": "Y", "city": "", "state": "CA", "area-code": "562"}, {"id": "e81c9350d54f66c6d33b3747ee0cf941", "number": "2792012979", "date": "2021-01-22 14:15:00", "subject": "1", "recorded-or-robo": "Y", "city": "Grass Valley", "state": "CA", "area-code": "530"}, {"id": "deca54a6651fb9add5b4a9816ca1f74a", "number": "2792012979", "date": "2021-01-22 14:15:00", "subject": "1", "recorded-or-robo": "Y", "city": "Grass Valley", "state": "CA", "area-code": "530"}, {"id": "e81c9350d54f66c6d33b3747ee0cf232", "number": "7133082948", "date": "2021-01-22 18:19:00", "subject": "4", "recorded-or-robo": "Y", "city": "LEWISVILLE", "state": "TX", "area-code": "214"}, {"id": "deca54a6651fb9add5b4a9816ca1f48f", "number": "7133082948", "date": "2021-01-22 18:19:00", "subject": "4", "recorded-or-robo": "Y", "city": "LEWISVILLE", "state": "TX", "area-code": "214"}, {"id": "e81c9350d54f66c6d33b3747ee0ce461", "number": "2082543642", "date": "2021-01-22 10:55:00", "subject": "4", "recorded-or-robo": "N", "city": "Nampa", "state": "ID", "area-code": "208"}, {"id": "deca54a6651fb9add5b4a9816ca1f1b6", "number": "2082543642", "date": "2021-01-22 10:55:00", "subject": "4", "recorded-or-robo": "N", "city": "Nampa", "state": "ID", "area-code": "208"}, {"id": "e81c9350d54f66c6d33b3747ee0ce2eb", "number": "9527371327", "date": "2021-01-22 14:10:00", "subject": "3", "recorded-or-robo": "Y", "city": "", "state": "MN", "area-code": "320"}, {"id": "deca54a6651fb9add5b4a9816ca1eb8c", "number": "9527371327", "date": "2021-01-22 14:10:00", "subject": "3", "recorded-or-robo": "Y", "city": "", "state": "MN", "area-code": "320"}, {"id": "e81c9350d54f66c6d33b3747ee5159d2", "number": "6149548022", "date": "2021-01-22 17:23:07", "subject": "3", "recorded-or-robo": "Y", "city": "", "state": "OH", "area-code": "614"}, {"id": "deca54a6651fb9add5b4a9816ce5c90a", "number": "6149548022", "date": "2021-01-22 17:23:07", "subject": "3", "recorded-or-robo": "Y", "city": "", "state": "OH", "area-code": "614"}, {"id": "e81c9350d54f66c6d33b3747ee0cda0c", "number": "2022176629", "date": "2021-01-22 09:45:00", "subject": "1", "recorded-or-robo": "Y", "city": "Brooklyn", "state": "NY", "area-code": "323"}, {"id": "deca54a6651fb9add5b4a9816ca1e522", "number": "2022176629", "date": "2021-01-22 09:45:00", "subject": "1", "recorded-or-robo": "Y", "city": "Brooklyn", "state": "NY", "area-code": "323"}, {"id": "e81c9350d54f66c6d33b3747ee0cd2b6", "number": "5412578558", "date": "2021-01-22 14:21:00", "subject": "9", "recorded-or-robo": "Y", "city": "Eugene", "state": "OR", "area-code": "541"}, {"id": "deca54a6651fb9add5b4a9816ca1df33", "number": "5412578558", "date": "2021-01-22 14:21:00", "subject": "9", "recorded-or-robo": "Y", "city": "Eugene", "state": "OR", "area-code": "541"}, {"id": "e81c9350d54f66c6d33b3747ee0cd23d", "number": "5856705293", "date": "2021-01-22 17:13:00", "subject": "2", "recorded-or-robo": "Y", "city": "", "state": "NY", "area-code": "585"}, {"id": "deca54a6651fb9add5b4a9816ca1d770", "number": "5856705293", "date": "2021-01-22 17:13:00", "subject": "2", "recorded-or-robo": "Y", "city": "", "state": "NY", "area-code": "585"}, {"id": "e81c9350d54f66c6d33b3747ee0cc30a", "number": "5016044362", "date": "2021-01-22 12:06:00", "subject": "1", "recorded-or-robo": "N", "city": "Cudahy", "state": "WI", "area-code": "414"}, {"id": "deca54a6651fb9add5b4a9816ca1cbd5", "number": "5016044362", "date": "2021-01-22 12:06:00", "subject": "1", "recorded-or-robo": "N", "city": "Cudahy", "state": "WI", "area-code": "414"}, {"id": "e81c9350d54f66c6d33b3747ee0cbe5e", "number": "3022735374", "date": "2021-01-21 18:30:00", "subject": "3", "recorded-or-robo": "", "city": "", "state": "DE", "area-code": "302"}, {"id": "deca54a6651fb9add5b4a9816ca1be45", "number": "3022735374", "date": "2021-01-21 18:30:00", "subject": "3", "recorded-or-robo": "", "city": "", "state": "DE", "area-code": "302"}, {"id": "e81c9350d54f66c6d33b3747ee0cb9d3", "number": "6193500997", "date": "2021-01-22 02:20:00", "subject": "12", "recorded-or-robo": "Y", "city": "", "state": "CA", "area-code": "619"}, {"id": "deca54a6651fb9add5b4a9816ca1b672", "number": "6193500997", "date": "2021-01-22 02:20:00", "subject": "12", "recorded-or-robo": "Y", "city": "", "state": "CA", "area-code": "619"}, {"id": "e81c9350d54f66c6d33b3747ee0cb7d0", "number": "6313948392", "date": "2021-01-22 10:27:00", "subject": "3", "recorded-or-robo": "", "city": "", "state": "NY", "area-code": "631"}, {"id": "e81c9350d54f66c6d33b3747ee0caade", "number": "3032753427", "date": "2021-01-22 15:20:00", "subject": "13", "recorded-or-robo": "Y", "city": "", "state": "CO", "area-code": "719"}, {"id": "deca54a6651fb9add5b4a9816ca1b27c", "number": "6313948392", "date": "2021-01-22 10:27:00", "subject": "3", "recorded-or-robo": "", "city": "", "state": "NY", "area-code": "631"}, {"id": "deca54a6651fb9add5b4a9816ca1b0f9", "number": "3032753427", "date": "2021-01-22 15:20:00", "subject": "13", "recorded-or-robo": "Y", "city": "", "state": "CO", "area-code": "719"}, {"id": "e81c9350d54f66c6d33b3747ee0c9e88", "number": "", "date": "2021-01-22 11:23:00", "subject": "2", "recorded-or-robo": "Y", "city": "Port Jervis", "state": "NY", "area-code": "423"}, {"id": "deca54a6651fb9add5b4a9816ca1a636", "number": "", "date": "2021-01-22 11:23:00", "subject": "2", "recorded-or-robo": "Y", "city": "Port Jervis", "state": "NY", "area-code": "423"}, {"id": "e81c9350d54f66c6d33b3747ee0c95ab", "number": "7208914235", "date": "2021-01-22 15:00:00", "subject": "2", "recorded-or-robo": "Y", "city": "", "state": "CO", "area-code": "970"}, {"id": "deca54a6651fb9add5b4a9816ca19dcf", "number": "7208914235", "date": "2021-01-22 15:00:00", "subject": "2", "recorded-or-robo": "Y", "city": "", "state": "CO", "area-code": "970"}, {"id": "e81c9350d54f66c6d33b3747ee0c8c57", "number": "9146693022", "date": "2021-01-19 20:45:00", "subject": "9", "recorded-or-robo": "Y", "city": "Melville", "state": "NY", "area-code": "631"}, {"id": "e81c9350d54f66c6d33b3747ee0c8b0b", "number": "3025164007", "date": "2021-01-22 10:52:00", "subject": "3", "recorded-or-robo": "", "city": "", "state": "DE", "area-code": "302"}, {"id": "deca54a6651fb9add5b4a9816ca19659", "number": "9146693022", "date": "2021-01-19 20:45:00", "subject": "9", "recorded-or-robo": "Y", "city": "Melville", "state": "NY", "area-code": "631"}, {"id": "deca54a6651fb9add5b4a9816ca19371", "number": "3025164007", "date": "2021-01-22 10:52:00", "subject": "3", "recorded-or-robo": "", "city": "", "state": "DE", "area-code": "302"}, {"id": "e81c9350d54f66c6d33b3747ee514a83", "number": "3186850566", "date": "2021-01-22 17:22:26", "subject": "3", "recorded-or-robo": "Y", "city": "", "state": "IL", "area-code": "630"}]}