{"data": [{"id": "b6a8da8b80f26332ed085cca2df68976", "number": "7026376919", "date": "2021-01-21 08:30:00", "subject": "0", "recorded-or-robo": "Y", "city": "", "state": "MN", "area-code": "651"}, {"id": "deca54a6651fb9add5b4a9816c8b368f", "number": "7192837417", "date": "2021-01-21 16:28:00", "subject": "2", "recorded-or-robo": "Y", "city": "Friendswood", "state": "TX", "area-code": "281"}, {"id": "b6a8da8b80f26332ed085cca2df68668", "number": "7192837417", "date": "2021-01-21 16:28:00", "subject": "2", "recorded-or-robo": "Y", "city": "Friendswood", "state": "TX", "area-code": "281"}, {"id": "deca54a6651fb9add5b4a9816c8b3189", "number": "8138333063", "date": "2021-01-22 10:29:00", "subject": "4", "recorded-or-robo": "Y", "city": "Plant City", "state": "FL", "area-code": "813"}, {"id": "b6a8da8b80f26332ed085cca2df676bc", "number": "8138333063", "date": "2021-01-22 10:29:00", "subject": "4", "recorded-or-robo": "Y", "city": "Plant City", "state": "FL", "area-code": "813"}, {"id": "deca54a6651fb9add5b4a9816c8b289c", "number": "9145640074", "date": "2021-01-22 00:00:00", "subject": "1", "recorded-or-robo": "N", "city": "", "state": "NY", "area-code": "914"}, {"id": "b6a8da8b80f26332ed085cca2df66a3f", "number": "9145640074", "date": "2021-01-22 00:00:00", "subject": "1", "recorded-or-robo": "N", "city": "", "state": "NY", "area-code": "914"}, {"id": "deca54a6651fb9add5b4a9816c8a7af5", "number": "7153526734", "date": "2021-01-22 15:30:00", "subject": "3", "recorded-or-robo": "N", "city": "", "state": "WI", "area-code": "715"}, {"id": "b6a8da8b80f26332ed085cca2df5bbab", "number": "7153526734", "date": "2021-01-22 15:30:00", "subject": "3", "recorded-or-robo": "N", "city": "", "state": "WI", "area-code": "715"}, {"id": "deca54a6651fb9add5b4a9816c8b26a7", "number": "5134962280", "date": "2021-01-21 12:40:00", "subject": "2", "recorded-or-robo": "N", "city": "hideout", "state": "OH", "area-code": "216"}, {"id": "b6a8da8b80f26332ed085cca2df66350", "number": "5134962280", "date": "2021-01-21 12:40:00", "subject": "2", "recorded-or-robo": "N", "city": "hideout", "state": "OH", "area-code": "216"}, {"id": "deca54a6651fb9add5b4a9816c8b2414", "number": "8009170460", "date": "2021-01-22 14:36:00", "subject": "6", "recorded-or-robo": "Y", "city": "Pueblo", "state": "CO", "area-code": "719"}, {"id": "b6a8da8b80f26332ed085cca2df6557b", "number": "8009170460", "date": "2021-01-22 14:36:00", "subject": "6", "recorded-or-robo": "Y", "city": "Pueblo", "state": "CO", "area-code": "719"}, {"id": "e81c9350d54f66c6d33b3747ee4cfcf0", "number": "8188423434", "date": "2021-01-22 16:49:25", "subject": "3", "recorded-or-robo": "Y", "city": "", "state": "TX", "area-code": "210"}, {"id": "deca54a6651fb9add5b4a9816ce15b9e", "number": "8188423434", "date": "2021-01-22 16:49:25", "subject": "3", "recorded-or-robo": "Y", "city": "", "state": "TX", "area-code": "210"}, {"id": "deca54a6651fb9add5b4a9816c8b171b", "number": "3364257799", "date": "2021-01-22 09:53:00", "subject": "2", "recorded-or-robo": "N", "city": "Las Cruces", "state": "NM", "area-code": "575"}, {"id": "b6a8da8b80f26332ed085cca2df64dab", "number": "3364257799", "date": "2021-01-22 09:53:00", "subject": "2", "recorded-or-robo": "N", "city": "Las Cruces", "state": "NM", "area-code": "575"}, {"id": "deca54a6651fb9add5b4a9816c8b04cd", "number": "9378645578", "date": "2021-01-22 14:35:00", "subject": "2", "recorded-or-robo": "Y", "city": "", "state": "OH", "area-code": "937"}, {"id": "b6a8da8b80f26332ed085cca2df63d22", "number": "9378645578", "date": "2021-01-22 14:35:00", "subject": "2", "recorded-or-robo": "Y", "city": "", "state": "OH", "area-code": "937"}, {"id": "deca54a6651fb9add5b4a9816c8b0496", "number": "3307679024", "date": "2021-01-22 16:31:00", "subject": "0", "recorded-or-robo": "Y", "city": "Streetsboro", "state": "OH", "area-code": "330"}, {"id": "b6a8da8b80f26332ed085cca2df6359d", "number": "3307679024", "date": "2021-01-22 16:31:00", "subject": "0", "recorded-or-robo": "Y", "city": "Streetsboro", "state": "OH", "area-code": "330"}, {"id": "deca54a6651fb9add5b4a9816c8afa63", "number": "", "date": "2021-01-22 04:14:00", "subject": "4", "recorded-or-robo": "Y", "city": "Circleville", "state": "NY", "area-code": "845"}, {"id": "b6a8da8b80f26332ed085cca2df63387", "number": "", "date": "2021-01-22 04:14:00", "subject": "4", "recorded-or-robo": "Y", "city": "Circleville", "state": "NY", "area-code": "845"}, {"id": "e81c9350d54f66c6d33b3747ee4d5600", "number": "+12816243459", "date": "2021-01-22 16:49:06", "subject": "3", "recorded-or-robo": "Y", "city": "", "state": "TX", "area-code": "512"}, {"id": "deca54a6651fb9add5b4a9816ce1bed7", "number": "+12816243459", "date": "2021-01-22 16:49:06", "subject": "3", "recorded-or-robo": "Y", "city": "", "state": "TX", "area-code": "512"}, {"id": "deca54a6651fb9add5b4a9816c8aeedc", "number": "8006423780", "date": "2021-01-22 16:38:00", "subject": "7", "recorded-or-robo": "Y", "city": "Bridgeton", "state": "NJ", "area-code": "856"}, {"id": "b6a8da8b80f26332ed085cca2df62500", "number": "8006423780", "date": "2021-01-22 16:38:00", "subject": "7", "recorded-or-robo": "Y", "city": "Bridgeton", "state": "NJ", "area-code": "856"}, {"id": "deca54a6651fb9add5b4a9816c8ae6cd", "number": "7027071116", "date": "2021-01-22 14:40:00", "subject": "4", "recorded-or-robo": "Y", "city": "Laughlin", "state": "NV", "area-code": "702"}, {"id": "b6a8da8b80f26332ed085cca2df61f66", "number": "7027071116", "date": "2021-01-22 14:40:00", "subject": "4", "recorded-or-robo": "Y", "city": "Laughlin", "state": "NV", "area-code": "702"}, {"id": "e81c9350d54f66c6d33b3747ee4ceb68", "number": "+14433423991", "date": "2021-01-22 16:48:57", "subject": "3", "recorded-or-robo": "Y", "city": "", "state": "MD", "area-code": "301"}, {"id": "deca54a6651fb9add5b4a9816ce15336", "number": "+14433423991", "date": "2021-01-22 16:48:57", "subject": "3", "recorded-or-robo": "Y", "city": "", "state": "MD", "area-code": "301"}, {"id": "deca54a6651fb9add5b4a9816c8ae185", "number": "2562334713", "date": "2021-01-22 15:42:00", "subject": "1", "recorded-or-robo": "Y", "city": "Sylacauga", "state": "AL", "area-code": "256"}, {"id": "b6a8da8b80f26332ed085cca2df619e5", "number": "2562334713", "date": "2021-01-22 15:42:00", "subject": "1", "recorded-or-robo": "Y", "city": "Sylacauga", "state": "AL", "area-code": "256"}, {"id": "deca54a6651fb9add5b4a9816c8ade4a", "number": "5094117462", "date": "2021-01-22 13:45:00", "subject": "2", "recorded-or-robo": "N", "city": "Three Forks", "state": "MT", "area-code": "509"}, {"id": "b6a8da8b80f26332ed085cca2df6133a", "number": "5094117462", "date": "2021-01-22 13:45:00", "subject": "2", "recorded-or-robo": "N", "city": "Three Forks", "state": "MT", "area-code": "509"}, {"id": "deca54a6651fb9add5b4a9816c8ad4b0", "number": "8283304326", "date": "2021-01-22 16:04:00", "subject": "3", "recorded-or-robo": "", "city": "", "state": "NC", "area-code": "828"}, {"id": "b6a8da8b80f26332ed085cca2df60bc9", "number": "8283304326", "date": "2021-01-22 16:04:00", "subject": "3", "recorded-or-robo": "", "city": "", "state": "NC", "area-code": "828"}, {"id": "deca54a6651fb9add5b4a9816c8ad0ff", "number": "", "date": "2021-01-22 13:00:00", "subject": "4", "recorded-or-robo": "Y", "city": "", "state": "CA", "area-code": "831"}, {"id": "b6a8da8b80f26332ed085cca2df5fc38", "number": "", "date": "2021-01-22 13:00:00", "subject": "4", "recorded-or-robo": "Y", "city": "", "state": "CA", "area-code": "831"}, {"id": "e81c9350d54f66c6d33b3747ee4dbb7e", "number": "+18772558049", "date": "2021-01-22 16:48:47", "subject": "3", "recorded-or-robo": "N", "city": "", "state": "NC", "area-code": "910"}, {"id": "deca54a6651fb9add5b4a9816ce22cda", "number": "+18772558049", "date": "2021-01-22 16:48:47", "subject": "3", "recorded-or-robo": "N", "city": "", "state": "NC", "area-code": "910"}, {"id": "deca54a6651fb9add5b4a9816c8acccd", "number": "9739782", "date": "2021-01-22 09:22:00", "subject": "2", "recorded-or-robo": "", "city": "Haverhill", "state": "MA", "area-code": "978"}, {"id": "deca54a6651fb9add5b4a9816c8abff2", "number": "", "date": "2021-01-22 10:00:00", "subject": "2", "recorded-or-robo": "Y", "city": "Pasadena", "state": "CA", "area-code": "626"}, {"id": "deca54a6651fb9add5b4a9816c8abfd4", "number": "6282615396", "date": "2021-01-22 13:45:00", "subject": "2", "recorded-or-robo": "Y", "city": "", "state": "CA", "area-code": "510"}, {"id": "b6a8da8b80f26332ed085cca2df5eef4", "number": "9739782", "date": "2021-01-22 09:22:00", "subject": "2", "recorded-or-robo": "", "city": "Haverhill", "state": "MA", "area-code": "978"}, {"id": "b6a8da8b80f26332ed085cca2df5ea2e", "number": "", "date": "2021-01-22 10:00:00", "subject": "2", "recorded-or-robo": "Y", "city": "Pasadena", "state": "CA", "area-code": "626"}, {"id": "b6a8da8b80f26332ed085cca2df5e7d0", "number": "6282615396", "date": "2021-01-22 13:45:00", "subject": "2", "recorded-or-robo": "Y", "city": "", "state": "CA", "area-code": "510"}, {"id": "deca54a6651fb9add5b4a9816c8abf41", "number": "2162944960", "date": "2021-01-22 10:11:00", "subject": "2", "recorded-or-robo": "N", "city": "hideout", "state": "OH", "area-code": "216"}, {"id": "deca54a6651fb9add5b4a9816c8ab6ca", "number": "2799580225", "date": "2021-01-22 10:53:00", "subject": "13", "recorded-or-robo": "Y", "city": "El Cerrito", "state": "CA", "area-code": "510"}, {"id": "b6a8da8b80f26332ed085cca2df5dec2", "number": "2162944960", "date": "2021-01-22 10:11:00", "subject": "2", "recorded-or-robo": "N", "city": "hideout", "state": "OH", "area-code": "216"}]}