{"data": [{"id": "b6a8da8b80f26332ed085cca2df24413", "number": "2674158019", "date": "2021-01-21 11:20:00", "subject": "2", "recorded-or-robo": "Y", "city": "", "state": "PA", "area-code": "610"}, {"id": "deca54a6651fb9add5b4a9816c86e90a", "number": "3307679024", "date": "2021-01-22 10:00:00", "subject": "0", "recorded-or-robo": "Y", "city": "Streetsboro", "state": "OH", "area-code": "330"}, {"id": "b6a8da8b80f26332ed085cca2df2376d", "number": "3307679024", "date": "2021-01-22 10:00:00", "subject": "0", "recorded-or-robo": "Y", "city": "Streetsboro", "state": "OH", "area-code": "330"}, {"id": "deca54a6651fb9add5b4a9816c86de54", "number": "7207978149", "date": "2021-01-22 12:00:00", "subject": "2", "recorded-or-robo": "Y", "city": "New Paris", "state": "PA", "area-code": "814"}, {"id": "b6a8da8b80f26332ed085cca2df2360d", "number": "7207978149", "date": "2021-01-22 12:00:00", "subject": "2", "recorded-or-robo": "Y", "city": "New Paris", "state": "PA", "area-code": "814"}, {"id": "deca54a6651fb9add5b4a9816c86d17e", "number": "9203694334", "date": "2021-01-22 13:11:00", "subject": "2", "recorded-or-robo": "Y", "city": "Kaukauna", "state": "WI", "area-code": "920"}, {"id": "b6a8da8b80f26332ed085cca2df22664", "number": "9203694334", "date": "2021-01-22 13:11:00", "subject": "2", "recorded-or-robo": "Y", "city": "Kaukauna", "state": "WI", "area-code": "920"}, {"id": "e81c9350d54f66c6d33b3747ee4cbae3", "number": "9738340121", "date": "2021-01-22 16:43:59", "subject": "3", "recorded-or-robo": "Y", "city": "", "state": "NJ", "area-code": "973"}, {"id": "deca54a6651fb9add5b4a9816ce114de", "number": "9738340121", "date": "2021-01-22 16:43:59", "subject": "3", "recorded-or-robo": "Y", "city": "", "state": "NJ", "area-code": "973"}, {"id": "deca54a6651fb9add5b4a9816c86c1b1", "number": "7579063001", "date": "2021-01-21 20:05:00", "subject": "1", "recorded-or-robo": "Y", "city": "", "state": "VA", "area-code": "757"}, {"id": "deca54a6651fb9add5b4a9816c86c05a", "number": "9014723778", "date": "2021-01-22 00:00:00", "subject": "4", "recorded-or-robo": "", "city": "Lakeland", "state": "TN", "area-code": "901"}, {"id": "b6a8da8b80f26332ed085cca2df2261e", "number": "7579063001", "date": "2021-01-21 20:05:00", "subject": "1", "recorded-or-robo": "Y", "city": "", "state": "VA", "area-code": "757"}, {"id": "b6a8da8b80f26332ed085cca2df216a0", "number": "9014723778", "date": "2021-01-22 00:00:00", "subject": "4", "recorded-or-robo": "", "city": "Lakeland", "state": "TN", "area-code": "901"}, {"id": "e81c9350d54f66c6d33b3747ee4cdbef", "number": "9036483079", "date": "2021-01-22 16:43:53", "subject": "3", "recorded-or-robo": "Y", "city": "", "state": "TX", "area-code": "915"}, {"id": "deca54a6651fb9add5b4a9816ce14a0c", "number": "9036483079", "date": "2021-01-22 16:43:53", "subject": "3", "recorded-or-robo": "Y", "city": "", "state": "TX", "area-code": "915"}, {"id": "deca54a6651fb9add5b4a9816c86bd77", "number": "2282001821", "date": "2021-01-22 14:19:00", "subject": "2", "recorded-or-robo": "", "city": "Haverhill", "state": "MA", "area-code": "978"}, {"id": "b6a8da8b80f26332ed085cca2df20a08", "number": "2282001821", "date": "2021-01-22 14:19:00", "subject": "2", "recorded-or-robo": "", "city": "Haverhill", "state": "MA", "area-code": "978"}, {"id": "deca54a6651fb9add5b4a9816c86bb1e", "number": "6513699046", "date": "2021-01-21 10:05:00", "subject": "2", "recorded-or-robo": "Y", "city": "Cottage Grove", "state": "MN", "area-code": "651"}, {"id": "b6a8da8b80f26332ed085cca2df1faa4", "number": "6513699046", "date": "2021-01-21 10:05:00", "subject": "2", "recorded-or-robo": "Y", "city": "Cottage Grove", "state": "MN", "area-code": "651"}, {"id": "deca54a6651fb9add5b4a9816c86b532", "number": "9412086761", "date": "2021-01-22 16:16:00", "subject": "4", "recorded-or-robo": "Y", "city": "venice", "state": "FL", "area-code": "941"}, {"id": "deca54a6651fb9add5b4a9816c86b48a", "number": "3013401802", "date": "2021-01-22 15:34:00", "subject": "0", "recorded-or-robo": "", "city": "Annapolis", "state": "MD", "area-code": "410"}, {"id": "b6a8da8b80f26332ed085cca2df1f801", "number": "9412086761", "date": "2021-01-22 16:16:00", "subject": "4", "recorded-or-robo": "Y", "city": "venice", "state": "FL", "area-code": "941"}, {"id": "b6a8da8b80f26332ed085cca2df1f48c", "number": "3013401802", "date": "2021-01-22 15:34:00", "subject": "0", "recorded-or-robo": "", "city": "Annapolis", "state": "MD", "area-code": "410"}, {"id": "deca54a6651fb9add5b4a9816c869c1b", "number": "6626709316", "date": "2021-01-22 15:38:00", "subject": "2", "recorded-or-robo": "N", "city": "JACKSON", "state": "MS", "area-code": "601"}, {"id": "deca54a6651fb9add5b4a9816c8696e3", "number": "2696996966", "date": "2021-01-22 16:29:00", "subject": "3", "recorded-or-robo": "", "city": "", "state": "MI", "area-code": "269"}, {"id": "b6a8da8b80f26332ed085cca2df1e22b", "number": "6626709316", "date": "2021-01-22 15:38:00", "subject": "2", "recorded-or-robo": "N", "city": "JACKSON", "state": "MS", "area-code": "601"}, {"id": "b6a8da8b80f26332ed085cca2df1d45b", "number": "2696996966", "date": "2021-01-22 16:29:00", "subject": "3", "recorded-or-robo": "", "city": "", "state": "MI", "area-code": "269"}, {"id": "deca54a6651fb9add5b4a9816c868b14", "number": "8333620391", "date": "2021-01-21 13:50:00", "subject": "4", "recorded-or-robo": "Y", "city": "", "state": "OR", "area-code": "541"}, {"id": "b6a8da8b80f26332ed085cca2df1c869", "number": "8333620391", "date": "2021-01-21 13:50:00", "subject": "4", "recorded-or-robo": "Y", "city": "", "state": "OR", "area-code": "541"}, {"id": "deca54a6651fb9add5b4a9816c868569", "number": "9529489225", "date": "2021-01-22 15:38:00", "subject": "2", "recorded-or-robo": "Y", "city": "Lucedale", "state": "MS", "area-code": "228"}, {"id": "b6a8da8b80f26332ed085cca2df1c07a", "number": "9529489225", "date": "2021-01-22 15:38:00", "subject": "2", "recorded-or-robo": "Y", "city": "Lucedale", "state": "MS", "area-code": "228"}, {"id": "e81c9350d54f66c6d33b3747ee4c6afb", "number": "7546667970", "date": "2021-01-22 16:43:27", "subject": "3", "recorded-or-robo": "N", "city": "", "state": "TX", "area-code": "210"}, {"id": "deca54a6651fb9add5b4a9816ce0b538", "number": "7546667970", "date": "2021-01-22 16:43:27", "subject": "3", "recorded-or-robo": "N", "city": "", "state": "TX", "area-code": "210"}, {"id": "deca54a6651fb9add5b4a9816c868306", "number": "8005691648", "date": "2021-01-22 16:37:00", "subject": "11", "recorded-or-robo": "Y", "city": "Slingerlands", "state": "NY", "area-code": "518"}, {"id": "b6a8da8b80f26332ed085cca2df1b9f5", "number": "8005691648", "date": "2021-01-22 16:37:00", "subject": "11", "recorded-or-robo": "Y", "city": "Slingerlands", "state": "NY", "area-code": "518"}, {"id": "deca54a6651fb9add5b4a9816c867dfc", "number": "5083990529", "date": "2021-01-22 15:33:00", "subject": "2", "recorded-or-robo": "N", "city": "North Grafton", "state": "MA", "area-code": "508"}, {"id": "b6a8da8b80f26332ed085cca2df1b9d5", "number": "5083990529", "date": "2021-01-22 15:33:00", "subject": "2", "recorded-or-robo": "N", "city": "North Grafton", "state": "MA", "area-code": "508"}, {"id": "e81c9350d54f66c6d33b3747ee5b800a", "number": "5057588134", "date": "2020-01-22 01:25:00", "subject": "3", "recorded-or-robo": "Y", "city": "", "state": "GA", "area-code": "770"}, {"id": "deca54a6651fb9add5b4a9816cf030c7", "number": "5057588134", "date": "2020-01-22 01:25:00", "subject": "3", "recorded-or-robo": "Y", "city": "", "state": "GA", "area-code": "770"}, {"id": "deca54a6651fb9add5b4a9816c867c35", "number": "9174539017", "date": "2021-01-22 16:35:00", "subject": "1", "recorded-or-robo": "Y", "city": "Brooklyn", "state": "NY", "area-code": "917"}, {"id": "b6a8da8b80f26332ed085cca2df1b5aa", "number": "9174539017", "date": "2021-01-22 16:35:00", "subject": "1", "recorded-or-robo": "Y", "city": "Brooklyn", "state": "NY", "area-code": "917"}, {"id": "deca54a6651fb9add5b4a9816c867ac5", "number": "3104657323", "date": "2021-01-22 09:35:00", "subject": "13", "recorded-or-robo": "Y", "city": "", "state": "CA", "area-code": "951"}, {"id": "b6a8da8b80f26332ed085cca2df1b1a8", "number": "3104657323", "date": "2021-01-22 09:35:00", "subject": "13", "recorded-or-robo": "Y", "city": "", "state": "CA", "area-code": "951"}, {"id": "e81c9350d54f66c6d33b3747ee4cca95", "number": "+17658622282", "date": "2021-01-22 16:43:13", "subject": "3", "recorded-or-robo": "Y", "city": "", "state": "MI", "area-code": "586"}, {"id": "deca54a6651fb9add5b4a9816ce1483c", "number": "+17658622282", "date": "2021-01-22 16:43:13", "subject": "3", "recorded-or-robo": "Y", "city": "", "state": "MI", "area-code": "586"}, {"id": "deca54a6651fb9add5b4a9816c866cb5", "number": "9067776064", "date": "2021-01-07 11:54:00", "subject": "4", "recorded-or-robo": "Y", "city": "Gladstone", "state": "MI", "area-code": "906"}, {"id": "deca54a6651fb9add5b4a9816c865f38", "number": "8333620391", "date": "2021-01-22 10:57:00", "subject": "4", "recorded-or-robo": "Y", "city": "", "state": "OR", "area-code": "541"}, {"id": "b6a8da8b80f26332ed085cca2df1afc5", "number": "9067776064", "date": "2021-01-07 11:54:00", "subject": "4", "recorded-or-robo": "Y", "city": "Gladstone", "state": "MI", "area-code": "906"}, {"id": "b6a8da8b80f26332ed085cca2df1a137", "number": "8333620391", "date": "2021-01-22 10:57:00", "subject": "4", "recorded-or-robo": "Y", "city": "", "state": "OR", "area-code": "541"}, {"id": "deca54a6651fb9add5b4a9816c864fb5", "number": "3072782059", "date": "2021-01-22 09:10:00", "subject": "1", "recorded-or-robo": "Y", "city": "Lincoln", "state": "CA", "area-code": "916"}]}