{"data": [{"id": "deca54a6651fb9add5b4a9816cfc4af3", "number": "8052594380", "date": "2021-01-22 15:06:00", "subject": "2", "recorded-or-robo": "N", "city": "Fullerton", "state": "CA", "area-code": "714"}, {"id": "e81c9350d54f66c6d33b3747ee673bc9", "number": "2153185919", "date": "2021-01-22 17:43:00", "subject": "0", "recorded-or-robo": "Y", "city": "PHILA", "state": "PA", "area-code": "215"}, {"id": "deca54a6651fb9add5b4a9816cfc3d27", "number": "2153185919", "date": "2021-01-22 17:43:00", "subject": "0", "recorded-or-robo": "Y", "city": "PHILA", "state": "PA", "area-code": "215"}, {"id": "e81c9350d54f66c6d33b3747ee672e33", "number": "6122867905", "date": "2021-01-22 09:02:00", "subject": "0", "recorded-or-robo": "", "city": "", "state": "MN", "area-code": "612"}, {"id": "deca54a6651fb9add5b4a9816cfc3b8c", "number": "6122867905", "date": "2021-01-22 09:02:00", "subject": "0", "recorded-or-robo": "", "city": "", "state": "MN", "area-code": "612"}, {"id": "e81c9350d54f66c6d33b3747ee6725c8", "number": "4408206874", "date": "2021-01-21 11:46:00", "subject": "0", "recorded-or-robo": "Y", "city": "Mayfield Heights", "state": "OH", "area-code": "440"}, {"id": "deca54a6651fb9add5b4a9816cfc23ea", "number": "4408206874", "date": "2021-01-21 11:46:00", "subject": "0", "recorded-or-robo": "Y", "city": "Mayfield Heights", "state": "OH", "area-code": "440"}, {"id": "e81c9350d54f66c6d33b3747eea21d64", "number": "8582837941", "date": "2021-01-22 19:12:16", "subject": "3", "recorded-or-robo": "Y", "city": "", "state": "CA", "area-code": "213"}, {"id": "1d36742e3f24f50e4e7ae8280136f6e3", "number": "8582837941", "date": "2021-01-22 19:12:16", "subject": "3", "recorded-or-robo": "Y", "city": "", "state": "CA", "area-code": "213"}, {"id": "e81c9350d54f66c6d33b3747ee671bbe", "number": "2395432242", "date": "2020-10-30 15:02:00", "subject": "0", "recorded-or-robo": "Y", "city": "Manassas", "state": "VA", "area-code": "703"}, {"id": "deca54a6651fb9add5b4a9816cfc1a23", "number": "2395432242", "date": "2020-10-30 15:02:00", "subject": "0", "recorded-or-robo": "Y", "city": "Manassas", "state": "VA", "area-code": "703"}, {"id": "e81c9350d54f66c6d33b3747ee6715f0", "number": "2141822649", "date": "2021-01-22 17:40:00", "subject": "0", "recorded-or-robo": "Y", "city": "DALLAS", "state": "TX", "area-code": "214"}, {"id": "deca54a6651fb9add5b4a9816cfc1360", "number": "2141822649", "date": "2021-01-22 17:40:00", "subject": "0", "recorded-or-robo": "Y", "city": "DALLAS", "state": "TX", "area-code": "214"}, {"id": "e81c9350d54f66c6d33b3747eea23f8f", "number": "8582902903", "date": "2021-01-22 19:12:03", "subject": "3", "recorded-or-robo": "Y", "city": "", "state": "CA", "area-code": "858"}, {"id": "1d36742e3f24f50e4e7ae82801372d81", "number": "8582902903", "date": "2021-01-22 19:12:03", "subject": "3", "recorded-or-robo": "Y", "city": "", "state": "CA", "area-code": "858"}, {"id": "e81c9350d54f66c6d33b3747eea30c0f", "number": "+15134973576", "date": "2021-01-22 19:12:02", "subject": "3", "recorded-or-robo": "Y", "city": "", "state": "AZ", "area-code": "480"}, {"id": "1d36742e3f24f50e4e7ae8280137f473", "number": "+15134973576", "date": "2021-01-22 19:12:02", "subject": "3", "recorded-or-robo": "Y", "city": "", "state": "AZ", "area-code": "480"}, {"id": "e81c9350d54f66c6d33b3747ee6709d6", "number": "2038135919", "date": "2021-01-22 18:55:00", "subject": "7", "recorded-or-robo": "Y", "city": "Shelton", "state": "CT", "area-code": "203"}, {"id": "deca54a6651fb9add5b4a9816cfc06de", "number": "2038135919", "date": "2021-01-22 18:55:00", "subject": "7", "recorded-or-robo": "Y", "city": "Shelton", "state": "CT", "area-code": "203"}, {"id": "e81c9350d54f66c6d33b3747eea1c094", "number": "+14057868812", "date": "2021-01-22 19:11:49", "subject": "3", "recorded-or-robo": "Y", "city": "", "state": "OK", "area-code": "405"}, {"id": "1d36742e3f24f50e4e7ae82801369f71", "number": "+14057868812", "date": "2021-01-22 19:11:49", "subject": "3", "recorded-or-robo": "Y", "city": "", "state": "OK", "area-code": "405"}, {"id": "e81c9350d54f66c6d33b3747eea18710", "number": "8122748608", "date": "2021-01-22 19:11:42", "subject": "3", "recorded-or-robo": "N", "city": "", "state": "NV", "area-code": "775"}, {"id": "1d36742e3f24f50e4e7ae8280136681c", "number": "8122748608", "date": "2021-01-22 19:11:42", "subject": "3", "recorded-or-robo": "N", "city": "", "state": "NV", "area-code": "775"}, {"id": "e81c9350d54f66c6d33b3747ee66fcb9", "number": "605853075", "date": "2021-01-22 18:00:00", "subject": "6", "recorded-or-robo": "Y", "city": "SOUTH HOLLAND", "state": "IL", "area-code": "605"}, {"id": "deca54a6651fb9add5b4a9816cfbfd89", "number": "605853075", "date": "2021-01-22 18:00:00", "subject": "6", "recorded-or-robo": "Y", "city": "SOUTH HOLLAND", "state": "IL", "area-code": "605"}, {"id": "e81c9350d54f66c6d33b3747ee66edf8", "number": "8152018629", "date": "2021-01-21 16:40:00", "subject": "6", "recorded-or-robo": "Y", "city": "Rochelle", "state": "IL", "area-code": "815"}, {"id": "deca54a6651fb9add5b4a9816cfbf509", "number": "8152018629", "date": "2021-01-21 16:40:00", "subject": "6", "recorded-or-robo": "Y", "city": "Rochelle", "state": "IL", "area-code": "815"}, {"id": "e81c9350d54f66c6d33b3747ee66e797", "number": "9097512876", "date": "2021-01-19 12:24:00", "subject": "2", "recorded-or-robo": "N", "city": "", "state": "CA", "area-code": "909"}, {"id": "deca54a6651fb9add5b4a9816cfbe94a", "number": "9097512876", "date": "2021-01-19 12:24:00", "subject": "2", "recorded-or-robo": "N", "city": "", "state": "CA", "area-code": "909"}, {"id": "e81c9350d54f66c6d33b3747ee66e2a0", "number": "4404616410", "date": "2021-01-22 13:06:00", "subject": "0", "recorded-or-robo": "Y", "city": "Mayfield Heights", "state": "OH", "area-code": "440"}, {"id": "deca54a6651fb9add5b4a9816cfbe5c4", "number": "4404616410", "date": "2021-01-22 13:06:00", "subject": "0", "recorded-or-robo": "Y", "city": "Mayfield Heights", "state": "OH", "area-code": "440"}, {"id": "e81c9350d54f66c6d33b3747eea1f468", "number": "+15018173456", "date": "2021-01-22 19:11:18", "subject": "3", "recorded-or-robo": "Y", "city": "", "state": "TX", "area-code": "214"}, {"id": "e81c9350d54f66c6d33b3747ee66dfb1", "number": "", "date": "2021-01-22 18:30:00", "subject": "5", "recorded-or-robo": "Y", "city": "Centreville", "state": "VA", "area-code": "800"}, {"id": "e81c9350d54f66c6d33b3747ee66d9ef", "number": "8608612932", "date": "2021-01-22 19:10:00", "subject": "2", "recorded-or-robo": "Y", "city": "", "state": "CT", "area-code": "203"}, {"id": "deca54a6651fb9add5b4a9816cfbda90", "number": "", "date": "2021-01-22 18:30:00", "subject": "5", "recorded-or-robo": "Y", "city": "Centreville", "state": "VA", "area-code": "800"}, {"id": "deca54a6651fb9add5b4a9816cfbceed", "number": "8608612932", "date": "2021-01-22 19:10:00", "subject": "2", "recorded-or-robo": "Y", "city": "", "state": "CT", "area-code": "203"}, {"id": "1d36742e3f24f50e4e7ae8280136bf8d", "number": "+15018173456", "date": "2021-01-22 19:11:18", "subject": "3", "recorded-or-robo": "Y", "city": "", "state": "TX", "area-code": "214"}, {"id": "e81c9350d54f66c6d33b3747ee66ce6f", "number": "7032537000", "date": "2021-01-22 16:42:00", "subject": "3", "recorded-or-robo": "Y", "city": "Waldorf", "state": "MD", "area-code": "301"}, {"id": "deca54a6651fb9add5b4a9816cfbbfe6", "number": "7032537000", "date": "2021-01-22 16:42:00", "subject": "3", "recorded-or-robo": "Y", "city": "Waldorf", "state": "MD", "area-code": "301"}, {"id": "e81c9350d54f66c6d33b3747eea21051", "number": "+16147861299", "date": "2021-01-22 19:11:09", "subject": "3", "recorded-or-robo": "Y", "city": "", "state": "AZ", "area-code": "480"}, {"id": "1d36742e3f24f50e4e7ae8280136e467", "number": "+16147861299", "date": "2021-01-22 19:11:09", "subject": "3", "recorded-or-robo": "Y", "city": "", "state": "AZ", "area-code": "480"}, {"id": "e81c9350d54f66c6d33b3747ee66c008", "number": "3854496739", "date": "2021-01-21 13:44:00", "subject": "3", "recorded-or-robo": "Y", "city": "", "state": "UT", "area-code": "801"}, {"id": "deca54a6651fb9add5b4a9816cfbb41f", "number": "3854496739", "date": "2021-01-21 13:44:00", "subject": "3", "recorded-or-robo": "Y", "city": "", "state": "UT", "area-code": "801"}, {"id": "e81c9350d54f66c6d33b3747ee66bf46", "number": "5715171077", "date": "2020-10-31 14:38:00", "subject": "0", "recorded-or-robo": "Y", "city": "Manassas", "state": "VA", "area-code": "703"}, {"id": "deca54a6651fb9add5b4a9816cfba488", "number": "5715171077", "date": "2020-10-31 14:38:00", "subject": "0", "recorded-or-robo": "Y", "city": "Manassas", "state": "VA", "area-code": "703"}, {"id": "e81c9350d54f66c6d33b3747ee66b7a0", "number": "3143568865", "date": "2021-01-22 16:37:00", "subject": "2", "recorded-or-robo": "Y", "city": "ALLEN PARK", "state": "MI", "area-code": "313"}, {"id": "deca54a6651fb9add5b4a9816cfba3fc", "number": "3143568865", "date": "2021-01-22 16:37:00", "subject": "2", "recorded-or-robo": "Y", "city": "ALLEN PARK", "state": "MI", "area-code": "313"}, {"id": "e81c9350d54f66c6d33b3747ee66acb4", "number": "8589234104", "date": "2021-01-22 16:02:00", "subject": "3", "recorded-or-robo": "", "city": "", "state": "CA", "area-code": "858"}, {"id": "deca54a6651fb9add5b4a9816cfb99cb", "number": "8589234104", "date": "2021-01-22 16:02:00", "subject": "3", "recorded-or-robo": "", "city": "", "state": "CA", "area-code": "858"}, {"id": "e81c9350d54f66c6d33b3747ee66a395", "number": "6618853853", "date": "2021-01-21 12:00:00", "subject": "1", "recorded-or-robo": "N", "city": "Williamsport", "state": "MD", "area-code": "301"}]}