{"data": [{"id": "deca54a6651fb9add5b4a9816ca71438", "number": "7579988426", "date": "2021-01-22 13:36:00", "subject": "4", "recorded-or-robo": "Y", "city": "", "state": "VA", "area-code": "757"}, {"id": "e81c9350d54f66c6d33b3747ee11b3c8", "number": "8565288498", "date": "2021-01-22 14:19:00", "subject": "4", "recorded-or-robo": "Y", "city": "Sewell", "state": "NJ", "area-code": "856"}, {"id": "e81c9350d54f66c6d33b3747ee115d81", "number": "7035278209", "date": "2021-01-22 11:33:00", "subject": "3", "recorded-or-robo": "N", "city": "", "state": "VA", "area-code": "703"}, {"id": "deca54a6651fb9add5b4a9816ca7125c", "number": "8565288498", "date": "2021-01-22 14:19:00", "subject": "4", "recorded-or-robo": "Y", "city": "Sewell", "state": "NJ", "area-code": "856"}, {"id": "deca54a6651fb9add5b4a9816ca6d679", "number": "7035278209", "date": "2021-01-22 11:33:00", "subject": "3", "recorded-or-robo": "N", "city": "", "state": "VA", "area-code": "703"}, {"id": "e81c9350d54f66c6d33b3747ee11b292", "number": "8332045319", "date": "2021-01-15 14:10:00", "subject": "2", "recorded-or-robo": "N", "city": "Langhorne", "state": "PA", "area-code": "267"}, {"id": "deca54a6651fb9add5b4a9816ca711d6", "number": "8332045319", "date": "2021-01-15 14:10:00", "subject": "2", "recorded-or-robo": "N", "city": "Langhorne", "state": "PA", "area-code": "267"}, {"id": "e81c9350d54f66c6d33b3747ee527fa5", "number": "+19104150481", "date": "2021-01-22 17:31:58", "subject": "3", "recorded-or-robo": "Y", "city": "", "state": "NC", "area-code": "910"}, {"id": "deca54a6651fb9add5b4a9816ce6d98d", "number": "+19104150481", "date": "2021-01-22 17:31:58", "subject": "3", "recorded-or-robo": "Y", "city": "", "state": "NC", "area-code": "910"}, {"id": "e81c9350d54f66c6d33b3747ee5c6768", "number": "2105269581", "date": "2021-01-22 13:17:00", "subject": "3", "recorded-or-robo": "Y", "city": "", "state": "PA", "area-code": "570"}, {"id": "deca54a6651fb9add5b4a9816cf12daf", "number": "2105269581", "date": "2021-01-22 13:17:00", "subject": "3", "recorded-or-robo": "Y", "city": "", "state": "PA", "area-code": "570"}, {"id": "e81c9350d54f66c6d33b3747ee11a4f0", "number": "5748495954", "date": "2021-01-22 05:28:00", "subject": "1", "recorded-or-robo": "Y", "city": "GOSHEN", "state": "IN", "area-code": "315"}, {"id": "deca54a6651fb9add5b4a9816ca71189", "number": "5748495954", "date": "2021-01-22 05:28:00", "subject": "1", "recorded-or-robo": "Y", "city": "GOSHEN", "state": "IN", "area-code": "315"}, {"id": "e81c9350d54f66c6d33b3747ee119d5e", "number": "9413364270", "date": "2021-01-22 11:23:00", "subject": "3", "recorded-or-robo": "Y", "city": "", "state": "FL", "area-code": "941"}, {"id": "deca54a6651fb9add5b4a9816ca707e4", "number": "9413364270", "date": "2021-01-22 11:23:00", "subject": "3", "recorded-or-robo": "Y", "city": "", "state": "FL", "area-code": "941"}, {"id": "e81c9350d54f66c6d33b3747ee11967a", "number": "7865812855", "date": "2021-01-22 16:52:00", "subject": "2", "recorded-or-robo": "Y", "city": "", "state": "FL", "area-code": "954"}, {"id": "deca54a6651fb9add5b4a9816ca7008d", "number": "7865812855", "date": "2021-01-22 16:52:00", "subject": "2", "recorded-or-robo": "Y", "city": "", "state": "FL", "area-code": "954"}, {"id": "e81c9350d54f66c6d33b3747ee11889d", "number": "8062743599", "date": "2021-01-22 16:24:00", "subject": "2", "recorded-or-robo": "N", "city": "Borger", "state": "TX", "area-code": "806"}, {"id": "e81c9350d54f66c6d33b3747ee117c8a", "number": "8062217734", "date": "2021-01-22 14:29:00", "subject": "5", "recorded-or-robo": "Y", "city": "", "state": "IL", "area-code": "630"}, {"id": "e81c9350d54f66c6d33b3747ee1175ae", "number": "290226480", "date": "2021-01-18 07:17:00", "subject": "2", "recorded-or-robo": "", "city": "", "state": "IL", "area-code": "309"}, {"id": "deca54a6651fb9add5b4a9816ca6f55d", "number": "8062743599", "date": "2021-01-22 16:24:00", "subject": "2", "recorded-or-robo": "N", "city": "Borger", "state": "TX", "area-code": "806"}, {"id": "deca54a6651fb9add5b4a9816ca6ecc0", "number": "8062217734", "date": "2021-01-22 14:29:00", "subject": "5", "recorded-or-robo": "Y", "city": "", "state": "IL", "area-code": "630"}, {"id": "deca54a6651fb9add5b4a9816ca6e0b0", "number": "290226480", "date": "2021-01-18 07:17:00", "subject": "2", "recorded-or-robo": "", "city": "", "state": "IL", "area-code": "309"}, {"id": "e81c9350d54f66c6d33b3747ee116b4e", "number": "6362457666", "date": "2021-01-22 16:29:00", "subject": "2", "recorded-or-robo": "Y", "city": "St Peters", "state": "MO", "area-code": "636"}, {"id": "deca54a6651fb9add5b4a9816ca6df33", "number": "6362457666", "date": "2021-01-22 16:29:00", "subject": "2", "recorded-or-robo": "Y", "city": "St Peters", "state": "MO", "area-code": "636"}, {"id": "e81c9350d54f66c6d33b3747ee115558", "number": "2722172006", "date": "2021-01-22 14:37:00", "subject": "0", "recorded-or-robo": "Y", "city": "buchanan", "state": "VA", "area-code": "540"}, {"id": "e81c9350d54f66c6d33b3747ee10aac7", "number": "", "date": "2020-12-10 12:00:00", "subject": "3", "recorded-or-robo": "N", "city": "", "state": "CA", "area-code": "510"}, {"id": "deca54a6651fb9add5b4a9816ca6cb37", "number": "2722172006", "date": "2021-01-22 14:37:00", "subject": "0", "recorded-or-robo": "Y", "city": "buchanan", "state": "VA", "area-code": "540"}, {"id": "deca54a6651fb9add5b4a9816ca60253", "number": "", "date": "2020-12-10 12:00:00", "subject": "3", "recorded-or-robo": "N", "city": "", "state": "CA", "area-code": "510"}, {"id": "e81c9350d54f66c6d33b3747ee525026", "number": "4697528202", "date": "2021-01-22 17:31:34", "subject": "3", "recorded-or-robo": "Y", "city": "", "state": "TX", "area-code": "832"}, {"id": "deca54a6651fb9add5b4a9816ce6b4f5", "number": "4697528202", "date": "2021-01-22 17:31:34", "subject": "3", "recorded-or-robo": "Y", "city": "", "state": "TX", "area-code": "832"}, {"id": "e81c9350d54f66c6d33b3747ee115452", "number": "8002262226", "date": "2021-01-22 12:34:00", "subject": "2", "recorded-or-robo": "Y", "city": "Waverly", "state": "OH", "area-code": "740"}, {"id": "e81c9350d54f66c6d33b3747ee114c8c", "number": "", "date": "2021-01-22 14:28:00", "subject": "3", "recorded-or-robo": "Y", "city": "", "state": "CA", "area-code": "818"}, {"id": "e81c9350d54f66c6d33b3747ee113dff", "number": "4698676605", "date": "2021-01-22 15:40:00", "subject": "2", "recorded-or-robo": "Y", "city": "Mesquite", "state": "TX", "area-code": "214"}, {"id": "deca54a6651fb9add5b4a9816ca6c3d1", "number": "8002262226", "date": "2021-01-22 12:34:00", "subject": "2", "recorded-or-robo": "Y", "city": "Waverly", "state": "OH", "area-code": "740"}, {"id": "deca54a6651fb9add5b4a9816ca6b7cd", "number": "", "date": "2021-01-22 14:28:00", "subject": "3", "recorded-or-robo": "Y", "city": "", "state": "CA", "area-code": "818"}, {"id": "deca54a6651fb9add5b4a9816ca6aeab", "number": "4698676605", "date": "2021-01-22 15:40:00", "subject": "2", "recorded-or-robo": "Y", "city": "Mesquite", "state": "TX", "area-code": "214"}, {"id": "e81c9350d54f66c6d33b3747ee112f3d", "number": "8303601706", "date": "2021-01-22 14:57:00", "subject": "1", "recorded-or-robo": "", "city": "Metairie", "state": "TX", "area-code": "281"}, {"id": "deca54a6651fb9add5b4a9816ca6a3e4", "number": "8303601706", "date": "2021-01-22 14:57:00", "subject": "1", "recorded-or-robo": "", "city": "Metairie", "state": "TX", "area-code": "281"}, {"id": "e81c9350d54f66c6d33b3747ee112d0b", "number": "7182360085", "date": "2021-01-22 16:23:00", "subject": "3", "recorded-or-robo": "Y", "city": "", "state": "NY", "area-code": "718"}, {"id": "deca54a6651fb9add5b4a9816ca6a25f", "number": "7182360085", "date": "2021-01-22 16:23:00", "subject": "3", "recorded-or-robo": "Y", "city": "", "state": "NY", "area-code": "718"}, {"id": "e81c9350d54f66c6d33b3747ee5c5781", "number": "9738218538", "date": "2021-01-22 14:37:00", "subject": "3", "recorded-or-robo": "Y", "city": "", "state": "NJ", "area-code": "973"}, {"id": "e81c9350d54f66c6d33b3747ee112c0e", "number": "5612865015", "date": "2021-01-22 17:09:00", "subject": "2", "recorded-or-robo": "N", "city": "Staten Island", "state": "NY", "area-code": "954"}, {"id": "deca54a6651fb9add5b4a9816cf125b1", "number": "9738218538", "date": "2021-01-22 14:37:00", "subject": "3", "recorded-or-robo": "Y", "city": "", "state": "NJ", "area-code": "973"}, {"id": "deca54a6651fb9add5b4a9816ca6a00e", "number": "5612865015", "date": "2021-01-22 17:09:00", "subject": "2", "recorded-or-robo": "N", "city": "Staten Island", "state": "NY", "area-code": "954"}, {"id": "e81c9350d54f66c6d33b3747ee1122f8", "number": "9798208819", "date": "2021-01-22 13:32:00", "subject": "1", "recorded-or-robo": "Y", "city": "Bozeman", "state": "MT", "area-code": "979"}, {"id": "deca54a6651fb9add5b4a9816ca69fd8", "number": "9798208819", "date": "2021-01-22 13:32:00", "subject": "1", "recorded-or-robo": "Y", "city": "Bozeman", "state": "MT", "area-code": "979"}, {"id": "e81c9350d54f66c6d33b3747ee52a060", "number": "7812988305", "date": "2021-01-22 17:31:25", "subject": "3", "recorded-or-robo": "Y", "city": "", "state": "FL", "area-code": "561"}, {"id": "e81c9350d54f66c6d33b3747ee111fcf", "number": "9164363314", "date": "2021-01-22 08:14:00", "subject": "2", "recorded-or-robo": "Y", "city": "TWENTYNINE PALMS", "state": "CA", "area-code": "916"}, {"id": "e81c9350d54f66c6d33b3747ee111c07", "number": "7758634894", "date": "2021-01-22 14:57:00", "subject": "2", "recorded-or-robo": "Y", "city": "Colleyville", "state": "TX", "area-code": "817"}]}