{"data": [{"id": "deca54a6651fb9add5b4a9816cdf3541", "number": "+16234739128", "date": "2021-01-22 16:33:07", "subject": "3", "recorded-or-robo": "Y", "city": "", "state": "AZ", "area-code": "623"}, {"id": "deca54a6651fb9add5b4a9816c7fbf8c", "number": "6029992560", "date": "2021-01-22 14:23:00", "subject": "4", "recorded-or-robo": "N", "city": "Santa Fe", "state": "NM", "area-code": "505"}, {"id": "b6a8da8b80f26332ed085cca2dead0c7", "number": "6029992560", "date": "2021-01-22 14:23:00", "subject": "4", "recorded-or-robo": "N", "city": "Santa Fe", "state": "NM", "area-code": "505"}, {"id": "e81c9350d54f66c6d33b3747ee4aa495", "number": "7038446541", "date": "2021-01-22 16:33:06", "subject": "3", "recorded-or-robo": "Y", "city": "", "state": "VA", "area-code": "703"}, {"id": "e81c9350d54f66c6d33b3747ee4a03d7", "number": "+15203173766", "date": "2021-01-22 16:33:06", "subject": "3", "recorded-or-robo": "Y", "city": "", "state": "AZ", "area-code": "520"}, {"id": "deca54a6651fb9add5b4a9816cdf295b", "number": "7038446541", "date": "2021-01-22 16:33:06", "subject": "3", "recorded-or-robo": "Y", "city": "", "state": "VA", "area-code": "703"}, {"id": "deca54a6651fb9add5b4a9816cde8c4b", "number": "+15203173766", "date": "2021-01-22 16:33:06", "subject": "3", "recorded-or-robo": "Y", "city": "", "state": "AZ", "area-code": "520"}, {"id": "e81c9350d54f66c6d33b3747ee4aefdd", "number": "+14783379706", "date": "2021-01-22 16:33:01", "subject": "3", "recorded-or-robo": "Y", "city": "", "state": "NY", "area-code": "347"}, {"id": "deca54a6651fb9add5b4a9816cdf524f", "number": "+14783379706", "date": "2021-01-22 16:33:01", "subject": "3", "recorded-or-robo": "Y", "city": "", "state": "NY", "area-code": "347"}, {"id": "e81c9350d54f66c6d33b3747ee4a7990", "number": "+16092259243", "date": "2021-01-22 16:33:00", "subject": "3", "recorded-or-robo": "Y", "city": "", "state": "NJ", "area-code": "732"}, {"id": "deca54a6651fb9add5b4a9816cdf0700", "number": "+16092259243", "date": "2021-01-22 16:33:00", "subject": "3", "recorded-or-robo": "Y", "city": "", "state": "NJ", "area-code": "732"}, {"id": "deca54a6651fb9add5b4a9816c7fab79", "number": "2883987", "date": "2021-01-19 09:01:00", "subject": "0", "recorded-or-robo": "N", "city": "The Villages", "state": "FL", "area-code": "352"}, {"id": "b6a8da8b80f26332ed085cca2deab514", "number": "2883987", "date": "2021-01-19 09:01:00", "subject": "0", "recorded-or-robo": "N", "city": "The Villages", "state": "FL", "area-code": "352"}, {"id": "deca54a6651fb9add5b4a9816c7fa9d4", "number": "5415756192", "date": "2021-01-22 10:18:00", "subject": "2", "recorded-or-robo": "Y", "city": "Cave Junction", "state": "OR", "area-code": "541"}, {"id": "b6a8da8b80f26332ed085cca2deaa68f", "number": "5415756192", "date": "2021-01-22 10:18:00", "subject": "2", "recorded-or-robo": "Y", "city": "Cave Junction", "state": "OR", "area-code": "541"}, {"id": "deca54a6651fb9add5b4a9816c7fa6de", "number": "2569351535", "date": "2021-01-22 15:30:00", "subject": "4", "recorded-or-robo": "Y", "city": "Harvest", "state": "AL", "area-code": "256"}, {"id": "b6a8da8b80f26332ed085cca2deaa2b4", "number": "2569351535", "date": "2021-01-22 15:30:00", "subject": "4", "recorded-or-robo": "Y", "city": "Harvest", "state": "AL", "area-code": "256"}, {"id": "deca54a6651fb9add5b4a9816c7fa276", "number": "", "date": "2021-01-22 16:20:00", "subject": "4", "recorded-or-robo": "Y", "city": "", "state": "NJ", "area-code": "201"}, {"id": "deca54a6651fb9add5b4a9816c7f9c4c", "number": "9094975724", "date": "2021-01-19 09:54:00", "subject": "3", "recorded-or-robo": "", "city": "", "state": "CA", "area-code": "925"}, {"id": "deca54a6651fb9add5b4a9816c7f9abe", "number": "8285635923", "date": "2021-01-22 16:00:00", "subject": "2", "recorded-or-robo": "Y", "city": "Glenville", "state": "NC", "area-code": "828"}, {"id": "b6a8da8b80f26332ed085cca2dea9e92", "number": "", "date": "2021-01-22 16:20:00", "subject": "4", "recorded-or-robo": "Y", "city": "", "state": "NJ", "area-code": "201"}, {"id": "b6a8da8b80f26332ed085cca2dea943d", "number": "9094975724", "date": "2021-01-19 09:54:00", "subject": "3", "recorded-or-robo": "", "city": "", "state": "CA", "area-code": "925"}, {"id": "b6a8da8b80f26332ed085cca2dea9118", "number": "8285635923", "date": "2021-01-22 16:00:00", "subject": "2", "recorded-or-robo": "Y", "city": "Glenville", "state": "NC", "area-code": "828"}, {"id": "deca54a6651fb9add5b4a9816c7f91ef", "number": "9252453639", "date": "2021-01-22 13:11:00", "subject": "3", "recorded-or-robo": "Y", "city": "", "state": "CA", "area-code": "310"}, {"id": "b6a8da8b80f26332ed085cca2dea8cb2", "number": "9252453639", "date": "2021-01-22 13:11:00", "subject": "3", "recorded-or-robo": "Y", "city": "", "state": "CA", "area-code": "310"}, {"id": "deca54a6651fb9add5b4a9816c7f8aff", "number": "2314996115", "date": "2021-01-22 16:09:00", "subject": "11", "recorded-or-robo": "Y", "city": "", "state": "MI", "area-code": "231"}, {"id": "b6a8da8b80f26332ed085cca2dea817b", "number": "2314996115", "date": "2021-01-22 16:09:00", "subject": "11", "recorded-or-robo": "Y", "city": "", "state": "MI", "area-code": "231"}, {"id": "deca54a6651fb9add5b4a9816c7f7b5c", "number": "9252847578", "date": "2021-01-22 13:25:00", "subject": "16", "recorded-or-robo": "Y", "city": "Concord", "state": "CA", "area-code": "925"}, {"id": "b6a8da8b80f26332ed085cca2dea7ad5", "number": "9252847578", "date": "2021-01-22 13:25:00", "subject": "16", "recorded-or-robo": "Y", "city": "Concord", "state": "CA", "area-code": "925"}, {"id": "deca54a6651fb9add5b4a9816c7f74dd", "number": "4695393701", "date": "2021-01-22 15:27:00", "subject": "4", "recorded-or-robo": "Y", "city": "San Antonio", "state": "TX", "area-code": "210"}, {"id": "b6a8da8b80f26332ed085cca2dea6d5f", "number": "4695393701", "date": "2021-01-22 15:27:00", "subject": "4", "recorded-or-robo": "Y", "city": "San Antonio", "state": "TX", "area-code": "210"}, {"id": "e81c9350d54f66c6d33b3747ee4a1707", "number": "9034655305", "date": "2021-01-22 16:32:38", "subject": "3", "recorded-or-robo": "Y", "city": "", "state": "TX", "area-code": "214"}, {"id": "deca54a6651fb9add5b4a9816cde98ff", "number": "9034655305", "date": "2021-01-22 16:32:38", "subject": "3", "recorded-or-robo": "Y", "city": "", "state": "TX", "area-code": "214"}, {"id": "deca54a6651fb9add5b4a9816c7f65d6", "number": "9379720564", "date": "2021-01-22 00:00:00", "subject": "4", "recorded-or-robo": "Y", "city": "Dayton", "state": "OH", "area-code": "937"}, {"id": "b6a8da8b80f26332ed085cca2dea6b15", "number": "9379720564", "date": "2021-01-22 00:00:00", "subject": "4", "recorded-or-robo": "Y", "city": "Dayton", "state": "OH", "area-code": "937"}, {"id": "deca54a6651fb9add5b4a9816c7f5b1b", "number": "2023917457", "date": "2021-01-22 15:49:00", "subject": "4", "recorded-or-robo": "Y", "city": "", "state": "Do", "area-code": "202"}, {"id": "b6a8da8b80f26332ed085cca2dea647d", "number": "2023917457", "date": "2021-01-22 15:49:00", "subject": "4", "recorded-or-robo": "Y", "city": "", "state": "Do", "area-code": "202"}, {"id": "deca54a6651fb9add5b4a9816c7f510f", "number": "3216668527", "date": "2021-01-22 13:37:00", "subject": "3", "recorded-or-robo": "Y", "city": "Portland", "state": "OR", "area-code": "321"}, {"id": "b6a8da8b80f26332ed085cca2dea6325", "number": "3216668527", "date": "2021-01-22 13:37:00", "subject": "3", "recorded-or-robo": "Y", "city": "Portland", "state": "OR", "area-code": "321"}, {"id": "deca54a6651fb9add5b4a9816c7f50d6", "number": "2137971448", "date": "2021-01-20 00:17:00", "subject": "2", "recorded-or-robo": "N", "city": "mtn view", "state": "AR", "area-code": "870"}, {"id": "deca54a6651fb9add5b4a9816c7f4d76", "number": "8508115175", "date": "2021-01-19 09:31:00", "subject": "2", "recorded-or-robo": "", "city": "Tallahassee", "state": "FL", "area-code": "850"}, {"id": "b6a8da8b80f26332ed085cca2dea5c92", "number": "2137971448", "date": "2021-01-20 00:17:00", "subject": "2", "recorded-or-robo": "N", "city": "mtn view", "state": "AR", "area-code": "870"}, {"id": "b6a8da8b80f26332ed085cca2dea5791", "number": "8508115175", "date": "2021-01-19 09:31:00", "subject": "2", "recorded-or-robo": "", "city": "Tallahassee", "state": "FL", "area-code": "850"}, {"id": "deca54a6651fb9add5b4a9816c7f44fb", "number": "8475400022", "date": "2021-01-20 08:32:00", "subject": "2", "recorded-or-robo": "Y", "city": "MAPLE GROVE", "state": "MN", "area-code": "763"}, {"id": "b6a8da8b80f26332ed085cca2dea4a0e", "number": "8475400022", "date": "2021-01-20 08:32:00", "subject": "2", "recorded-or-robo": "Y", "city": "MAPLE GROVE", "state": "MN", "area-code": "763"}, {"id": "deca54a6651fb9add5b4a9816c7f3c2e", "number": "5185072282", "date": "2021-01-12 12:12:00", "subject": "2", "recorded-or-robo": "Y", "city": "Brooklyn", "state": "NY", "area-code": "718"}, {"id": "b6a8da8b80f26332ed085cca2dea401e", "number": "5185072282", "date": "2021-01-12 12:12:00", "subject": "2", "recorded-or-robo": "Y", "city": "Brooklyn", "state": "NY", "area-code": "718"}, {"id": "deca54a6651fb9add5b4a9816c7f3144", "number": "7246737154", "date": "2021-01-22 14:15:00", "subject": "4", "recorded-or-robo": "Y", "city": "HARMONY", "state": "PA", "area-code": "724"}, {"id": "b6a8da8b80f26332ed085cca2dea38b4", "number": "7246737154", "date": "2021-01-22 14:15:00", "subject": "4", "recorded-or-robo": "Y", "city": "HARMONY", "state": "PA", "area-code": "724"}, {"id": "deca54a6651fb9add5b4a9816c7f2505", "number": "9142823331", "date": "2021-01-22 16:19:00", "subject": "1", "recorded-or-robo": "Y", "city": "Ardsley", "state": "NY", "area-code": "914"}]}