{"data": [{"id": "deca54a6651fb9add5b4a9816ce5a99c", "number": "3186850566", "date": "2021-01-22 17:22:26", "subject": "3", "recorded-or-robo": "Y", "city": "", "state": "IL", "area-code": "630"}, {"id": "e81c9350d54f66c6d33b3747ee0c81ec", "number": "9704695834", "date": "2021-01-22 14:17:00", "subject": "4", "recorded-or-robo": "Y", "city": "Fort Collins", "state": "CO", "area-code": "970"}, {"id": "deca54a6651fb9add5b4a9816ca18ff8", "number": "9704695834", "date": "2021-01-22 14:17:00", "subject": "4", "recorded-or-robo": "Y", "city": "Fort Collins", "state": "CO", "area-code": "970"}, {"id": "e81c9350d54f66c6d33b3747ee0c7f56", "number": "8332298912", "date": "2021-01-22 13:24:00", "subject": "6", "recorded-or-robo": "Y", "city": "Pittsburgh", "state": "PA", "area-code": "412"}, {"id": "deca54a6651fb9add5b4a9816ca18100", "number": "8332298912", "date": "2021-01-22 13:24:00", "subject": "6", "recorded-or-robo": "Y", "city": "Pittsburgh", "state": "PA", "area-code": "412"}, {"id": "e81c9350d54f66c6d33b3747ee0c7b33", "number": "8134990307", "date": "2021-01-22 17:20:00", "subject": "6", "recorded-or-robo": "Y", "city": "", "state": "FL", "area-code": "813"}, {"id": "e81c9350d54f66c6d33b3747ee0c6ea2", "number": "9712418779", "date": "2021-01-22 11:54:00", "subject": "2", "recorded-or-robo": "Y", "city": "Sheridan", "state": "OR", "area-code": "971"}, {"id": "deca54a6651fb9add5b4a9816ca17493", "number": "8134990307", "date": "2021-01-22 17:20:00", "subject": "6", "recorded-or-robo": "Y", "city": "", "state": "FL", "area-code": "813"}, {"id": "deca54a6651fb9add5b4a9816ca165c1", "number": "9712418779", "date": "2021-01-22 11:54:00", "subject": "2", "recorded-or-robo": "Y", "city": "Sheridan", "state": "OR", "area-code": "971"}, {"id": "e81c9350d54f66c6d33b3747ee0c6ba7", "number": "5134567436", "date": "2021-01-22 17:20:00", "subject": "7", "recorded-or-robo": "N", "city": "Cincinnati", "state": "OH", "area-code": "513"}, {"id": "deca54a6651fb9add5b4a9816ca158c6", "number": "5134567436", "date": "2021-01-22 17:20:00", "subject": "7", "recorded-or-robo": "N", "city": "Cincinnati", "state": "OH", "area-code": "513"}, {"id": "e81c9350d54f66c6d33b3747ee0c5d00", "number": "5136204064", "date": "2021-01-22 16:05:00", "subject": "1", "recorded-or-robo": "Y", "city": "Clarksville", "state": "TN", "area-code": "917"}, {"id": "deca54a6651fb9add5b4a9816ca1544f", "number": "5136204064", "date": "2021-01-22 16:05:00", "subject": "1", "recorded-or-robo": "Y", "city": "Clarksville", "state": "TN", "area-code": "917"}, {"id": "e81c9350d54f66c6d33b3747ee0c5236", "number": "8605907296", "date": "2021-01-22 16:06:00", "subject": "2", "recorded-or-robo": "N", "city": "Middletown", "state": "CT", "area-code": "860"}, {"id": "deca54a6651fb9add5b4a9816ca14a81", "number": "8605907296", "date": "2021-01-22 16:06:00", "subject": "2", "recorded-or-robo": "N", "city": "Middletown", "state": "CT", "area-code": "860"}, {"id": "e81c9350d54f66c6d33b3747ee50b268", "number": "2147364006", "date": "2021-01-22 17:22:03", "subject": "3", "recorded-or-robo": "Y", "city": "", "state": "TX", "area-code": "214"}, {"id": "e81c9350d54f66c6d33b3747ee0c4da4", "number": "7202870913", "date": "2021-01-22 01:27:00", "subject": "2", "recorded-or-robo": "Y", "city": "Broomfield", "state": "CO", "area-code": "720"}, {"id": "deca54a6651fb9add5b4a9816ce50624", "number": "2147364006", "date": "2021-01-22 17:22:03", "subject": "3", "recorded-or-robo": "Y", "city": "", "state": "TX", "area-code": "214"}, {"id": "deca54a6651fb9add5b4a9816ca14788", "number": "7202870913", "date": "2021-01-22 01:27:00", "subject": "2", "recorded-or-robo": "Y", "city": "Broomfield", "state": "CO", "area-code": "720"}, {"id": "e81c9350d54f66c6d33b3747ee50d54f", "number": "+14109416613", "date": "2021-01-22 17:22:02", "subject": "3", "recorded-or-robo": "Y", "city": "", "state": "MD", "area-code": "410"}, {"id": "deca54a6651fb9add5b4a9816ce5243a", "number": "+14109416613", "date": "2021-01-22 17:22:02", "subject": "3", "recorded-or-robo": "Y", "city": "", "state": "MD", "area-code": "410"}, {"id": "e81c9350d54f66c6d33b3747ee0c4841", "number": "2135241116", "date": "2021-01-22 15:13:00", "subject": "1", "recorded-or-robo": "Y", "city": "", "state": "AZ", "area-code": "480"}, {"id": "e81c9350d54f66c6d33b3747ee0c3d22", "number": "2102955065", "date": "2021-01-22 16:16:00", "subject": "1", "recorded-or-robo": "Y", "city": "San Antonio", "state": "TX", "area-code": "210"}, {"id": "deca54a6651fb9add5b4a9816ca13cc6", "number": "2135241116", "date": "2021-01-22 15:13:00", "subject": "1", "recorded-or-robo": "Y", "city": "", "state": "AZ", "area-code": "480"}, {"id": "deca54a6651fb9add5b4a9816ca132f3", "number": "2102955065", "date": "2021-01-22 16:16:00", "subject": "1", "recorded-or-robo": "Y", "city": "San Antonio", "state": "TX", "area-code": "210"}, {"id": "e81c9350d54f66c6d33b3747ee0bed8e", "number": "6012999233", "date": "2021-01-22 16:19:00", "subject": "3", "recorded-or-robo": "N", "city": "", "state": "MS", "area-code": "601"}, {"id": "deca54a6651fb9add5b4a9816ca0c236", "number": "6012999233", "date": "2021-01-22 16:19:00", "subject": "3", "recorded-or-robo": "N", "city": "", "state": "MS", "area-code": "601"}, {"id": "e81c9350d54f66c6d33b3747ee514ce7", "number": "2253610634", "date": "2021-01-22 17:21:53", "subject": "3", "recorded-or-robo": "Y", "city": "", "state": "TX", "area-code": "214"}, {"id": "deca54a6651fb9add5b4a9816ce5ad36", "number": "2253610634", "date": "2021-01-22 17:21:53", "subject": "3", "recorded-or-robo": "Y", "city": "", "state": "TX", "area-code": "214"}, {"id": "e81c9350d54f66c6d33b3747ee0c32c5", "number": "2163580672", "date": "2021-01-21 14:19:00", "subject": "5", "recorded-or-robo": "Y", "city": "Alexandria", "state": "OH", "area-code": "216"}, {"id": "deca54a6651fb9add5b4a9816ca13184", "number": "2163580672", "date": "2021-01-21 14:19:00", "subject": "5", "recorded-or-robo": "Y", "city": "Alexandria", "state": "OH", "area-code": "216"}, {"id": "e81c9350d54f66c6d33b3747ee0c24bb", "number": "3159958411", "date": "2021-01-22 17:19:00", "subject": "9", "recorded-or-robo": "Y", "city": "Springville", "state": "NY", "area-code": "716"}, {"id": "deca54a6651fb9add5b4a9816ca12273", "number": "3159958411", "date": "2021-01-22 17:19:00", "subject": "9", "recorded-or-robo": "Y", "city": "Springville", "state": "NY", "area-code": "716"}, {"id": "e81c9350d54f66c6d33b3747ee0c1681", "number": "3128727944", "date": "2021-01-22 15:35:00", "subject": "12", "recorded-or-robo": "Y", "city": "Barberton", "state": "OH", "area-code": "312"}, {"id": "e81c9350d54f66c6d33b3747ee0c0c07", "number": "8005363726", "date": "2020-12-14 13:42:00", "subject": "2", "recorded-or-robo": "Y", "city": "Colorado Springs", "state": "CO", "area-code": "719"}, {"id": "deca54a6651fb9add5b4a9816ca11533", "number": "3128727944", "date": "2021-01-22 15:35:00", "subject": "12", "recorded-or-robo": "Y", "city": "Barberton", "state": "OH", "area-code": "312"}, {"id": "deca54a6651fb9add5b4a9816ca10f3b", "number": "8005363726", "date": "2020-12-14 13:42:00", "subject": "2", "recorded-or-robo": "Y", "city": "Colorado Springs", "state": "CO", "area-code": "719"}, {"id": "e81c9350d54f66c6d33b3747ee0c0937", "number": "3022896032", "date": "2021-01-22 00:00:00", "subject": "3", "recorded-or-robo": "", "city": "", "state": "DE", "area-code": "302"}, {"id": "deca54a6651fb9add5b4a9816ca107de", "number": "3022896032", "date": "2021-01-22 00:00:00", "subject": "3", "recorded-or-robo": "", "city": "", "state": "DE", "area-code": "302"}, {"id": "e81c9350d54f66c6d33b3747ee0c0696", "number": "5754186238", "date": "2021-01-22 12:33:00", "subject": "2", "recorded-or-robo": "Y", "city": "Las Animas", "state": "CO", "area-code": "719"}, {"id": "e81c9350d54f66c6d33b3747ee0c0025", "number": "2246537295", "date": "2021-01-22 16:57:00", "subject": "3", "recorded-or-robo": "", "city": "", "state": "UT", "area-code": "801"}, {"id": "e81c9350d54f66c6d33b3747ee0bff15", "number": "2522453384", "date": "2021-01-22 12:23:00", "subject": "1", "recorded-or-robo": "Y", "city": "Bakersfield", "state": "CA", "area-code": "661"}, {"id": "deca54a6651fb9add5b4a9816ca0fdfd", "number": "5754186238", "date": "2021-01-22 12:33:00", "subject": "2", "recorded-or-robo": "Y", "city": "Las Animas", "state": "CO", "area-code": "719"}, {"id": "deca54a6651fb9add5b4a9816ca0f48f", "number": "2246537295", "date": "2021-01-22 16:57:00", "subject": "3", "recorded-or-robo": "", "city": "", "state": "UT", "area-code": "801"}, {"id": "deca54a6651fb9add5b4a9816ca0e8fd", "number": "2522453384", "date": "2021-01-22 12:23:00", "subject": "1", "recorded-or-robo": "Y", "city": "Bakersfield", "state": "CA", "area-code": "661"}, {"id": "e81c9350d54f66c6d33b3747ee0bfe43", "number": "6828888129", "date": "2021-01-22 16:16:00", "subject": "1", "recorded-or-robo": "Y", "city": "Arlington", "state": "TX", "area-code": "682"}, {"id": "deca54a6651fb9add5b4a9816ca0dbfd", "number": "6828888129", "date": "2021-01-22 16:16:00", "subject": "1", "recorded-or-robo": "Y", "city": "Arlington", "state": "TX", "area-code": "682"}, {"id": "e81c9350d54f66c6d33b3747ee50ab13", "number": "+16823075398", "date": "2021-01-22 17:21:34", "subject": "3", "recorded-or-robo": "Y", "city": "", "state": "TX", "area-code": "903"}, {"id": "deca54a6651fb9add5b4a9816ce4f93b", "number": "+16823075398", "date": "2021-01-22 17:21:34", "subject": "3", "recorded-or-robo": "Y", "city": "", "state": "TX", "area-code": "903"}, {"id": "e81c9350d54f66c6d33b3747ee50c330", "number": "4702930781", "date": "2021-01-22 17:21:33", "subject": "3", "recorded-or-robo": "Y", "city": "", "state": "GA", "area-code": "404"}]}