{"data": [{"id": "deca54a6651fb9add5b4a9816cf0aa9b", "number": "3193180616", "date": "2021-01-22 15:14:00", "subject": "3", "recorded-or-robo": "Y", "city": "", "state": "IA", "area-code": "319"}, {"id": "deca54a6651fb9add5b4a9816c9318a5", "number": "6043919922", "date": "2021-01-22 12:02:00", "subject": "3", "recorded-or-robo": "N", "city": "", "state": "GA", "area-code": "678"}, {"id": "b6a8da8b80f26332ed085cca2dfdec44", "number": "6043919922", "date": "2021-01-22 12:02:00", "subject": "3", "recorded-or-robo": "N", "city": "", "state": "GA", "area-code": "678"}, {"id": "deca54a6651fb9add5b4a9816c93ceab", "number": "", "date": "2021-01-21 11:00:00", "subject": "2", "recorded-or-robo": "Y", "city": "Portland", "state": "OR", "area-code": "503"}, {"id": "b6a8da8b80f26332ed085cca2dfea7b4", "number": "", "date": "2021-01-21 11:00:00", "subject": "2", "recorded-or-robo": "Y", "city": "Portland", "state": "OR", "area-code": "503"}, {"id": "deca54a6651fb9add5b4a9816c93bf2c", "number": "8609051677", "date": "2021-01-22 12:54:00", "subject": "4", "recorded-or-robo": "Y", "city": "", "state": "CT", "area-code": "203"}, {"id": "b6a8da8b80f26332ed085cca2dfe9ab1", "number": "8609051677", "date": "2021-01-22 12:54:00", "subject": "4", "recorded-or-robo": "Y", "city": "", "state": "CT", "area-code": "203"}, {"id": "deca54a6651fb9add5b4a9816c93b6dc", "number": "", "date": "2021-01-22 14:47:00", "subject": "5", "recorded-or-robo": "Y", "city": "Overland Park", "state": "KS", "area-code": "913"}, {"id": "deca54a6651fb9add5b4a9816c93b110", "number": "8009562616", "date": "2021-01-14 12:00:00", "subject": "0", "recorded-or-robo": "Y", "city": "", "state": "MN", "area-code": "612"}, {"id": "b6a8da8b80f26332ed085cca2dfe97de", "number": "", "date": "2021-01-22 14:47:00", "subject": "5", "recorded-or-robo": "Y", "city": "Overland Park", "state": "KS", "area-code": "913"}, {"id": "b6a8da8b80f26332ed085cca2dfe8c7a", "number": "8009562616", "date": "2021-01-14 12:00:00", "subject": "0", "recorded-or-robo": "Y", "city": "", "state": "MN", "area-code": "612"}, {"id": "e81c9350d54f66c6d33b3747ee4e707d", "number": "+16312485611", "date": "2021-01-22 17:00:53", "subject": "3", "recorded-or-robo": "Y", "city": "", "state": "CT", "area-code": "860"}, {"id": "deca54a6651fb9add5b4a9816ce2d9ae", "number": "+16312485611", "date": "2021-01-22 17:00:53", "subject": "3", "recorded-or-robo": "Y", "city": "", "state": "CT", "area-code": "860"}, {"id": "deca54a6651fb9add5b4a9816c93a414", "number": "9378648699", "date": "2021-01-22 14:28:00", "subject": "2", "recorded-or-robo": "Y", "city": "Germantown", "state": "OH", "area-code": "937"}, {"id": "b6a8da8b80f26332ed085cca2dfe7e5d", "number": "9378648699", "date": "2021-01-22 14:28:00", "subject": "2", "recorded-or-robo": "Y", "city": "Germantown", "state": "OH", "area-code": "937"}, {"id": "deca54a6651fb9add5b4a9816c939455", "number": "7703032269", "date": "2021-01-22 13:15:00", "subject": "0", "recorded-or-robo": "N", "city": "GREENSBORO", "state": "GA", "area-code": "770"}, {"id": "b6a8da8b80f26332ed085cca2dfe770a", "number": "7703032269", "date": "2021-01-22 13:15:00", "subject": "0", "recorded-or-robo": "N", "city": "GREENSBORO", "state": "GA", "area-code": "770"}, {"id": "deca54a6651fb9add5b4a9816c938b11", "number": "9032281414", "date": "2021-01-22 15:54:00", "subject": "0", "recorded-or-robo": "Y", "city": "Grapeland", "state": "TX", "area-code": "903"}, {"id": "deca54a6651fb9add5b4a9816c93833d", "number": "8008952188", "date": "2021-01-22 13:03:00", "subject": "6", "recorded-or-robo": "N", "city": "TUCSON", "state": "AZ", "area-code": "520"}, {"id": "b6a8da8b80f26332ed085cca2dfe6f05", "number": "9032281414", "date": "2021-01-22 15:54:00", "subject": "0", "recorded-or-robo": "Y", "city": "Grapeland", "state": "TX", "area-code": "903"}, {"id": "b6a8da8b80f26332ed085cca2dfe64b5", "number": "8008952188", "date": "2021-01-22 13:03:00", "subject": "6", "recorded-or-robo": "N", "city": "TUCSON", "state": "AZ", "area-code": "520"}, {"id": "deca54a6651fb9add5b4a9816c93765f", "number": "3022913137", "date": "2021-01-22 14:11:00", "subject": "2", "recorded-or-robo": "N", "city": "Newark", "state": "DE", "area-code": "302"}, {"id": "b6a8da8b80f26332ed085cca2dfe5aa2", "number": "3022913137", "date": "2021-01-22 14:11:00", "subject": "2", "recorded-or-robo": "N", "city": "Newark", "state": "DE", "area-code": "302"}, {"id": "deca54a6651fb9add5b4a9816c937024", "number": "9733116556", "date": "2021-01-22 16:58:00", "subject": "7", "recorded-or-robo": "N", "city": "LITTLE FALLS", "state": "NJ", "area-code": "973"}, {"id": "b6a8da8b80f26332ed085cca2dfe4c5d", "number": "9733116556", "date": "2021-01-22 16:58:00", "subject": "7", "recorded-or-robo": "N", "city": "LITTLE FALLS", "state": "NJ", "area-code": "973"}, {"id": "deca54a6651fb9add5b4a9816c936ccd", "number": "3179329298", "date": "2021-01-21 11:08:00", "subject": "2", "recorded-or-robo": "N", "city": "Michigan City", "state": "IN", "area-code": "219"}, {"id": "b6a8da8b80f26332ed085cca2dfe3e11", "number": "3179329298", "date": "2021-01-21 11:08:00", "subject": "2", "recorded-or-robo": "N", "city": "Michigan City", "state": "IN", "area-code": "219"}, {"id": "deca54a6651fb9add5b4a9816c936b34", "number": "6416580351", "date": "2021-01-21 08:03:00", "subject": "2", "recorded-or-robo": "N", "city": "Oskaloosa", "state": "IA", "area-code": "641"}, {"id": "b6a8da8b80f26332ed085cca2dfe3984", "number": "6416580351", "date": "2021-01-21 08:03:00", "subject": "2", "recorded-or-robo": "N", "city": "Oskaloosa", "state": "IA", "area-code": "641"}, {"id": "deca54a6651fb9add5b4a9816c9368c6", "number": "3152328257", "date": "2021-01-22 14:11:00", "subject": "1", "recorded-or-robo": "Y", "city": "Upper Marlboro", "state": "MD", "area-code": "202"}, {"id": "b6a8da8b80f26332ed085cca2dfe3918", "number": "3152328257", "date": "2021-01-22 14:11:00", "subject": "1", "recorded-or-robo": "Y", "city": "Upper Marlboro", "state": "MD", "area-code": "202"}, {"id": "deca54a6651fb9add5b4a9816c935d18", "number": "4044620175", "date": "2021-01-22 16:56:00", "subject": "2", "recorded-or-robo": "N", "city": "", "state": "GA", "area-code": "404"}, {"id": "deca54a6651fb9add5b4a9816c935266", "number": "4243843581", "date": "2021-01-22 13:57:00", "subject": "9", "recorded-or-robo": "Y", "city": "West Hills", "state": "CA", "area-code": "310"}, {"id": "b6a8da8b80f26332ed085cca2dfe2a00", "number": "4044620175", "date": "2021-01-22 16:56:00", "subject": "2", "recorded-or-robo": "N", "city": "", "state": "GA", "area-code": "404"}, {"id": "b6a8da8b80f26332ed085cca2dfe2831", "number": "4243843581", "date": "2021-01-22 13:57:00", "subject": "9", "recorded-or-robo": "Y", "city": "West Hills", "state": "CA", "area-code": "310"}, {"id": "deca54a6651fb9add5b4a9816c9347db", "number": "5034939700", "date": "2021-01-22 16:55:00", "subject": "6", "recorded-or-robo": "Y", "city": "", "state": "SC", "area-code": "843"}, {"id": "b6a8da8b80f26332ed085cca2dfe1d50", "number": "5034939700", "date": "2021-01-22 16:55:00", "subject": "6", "recorded-or-robo": "Y", "city": "", "state": "SC", "area-code": "843"}, {"id": "deca54a6651fb9add5b4a9816c934149", "number": "8122488138", "date": "2021-01-22 15:55:00", "subject": "5", "recorded-or-robo": "Y", "city": "", "state": "IN", "area-code": "812"}, {"id": "b6a8da8b80f26332ed085cca2dfe14f3", "number": "8122488138", "date": "2021-01-22 15:55:00", "subject": "5", "recorded-or-robo": "Y", "city": "", "state": "IN", "area-code": "812"}, {"id": "deca54a6651fb9add5b4a9816c933ea9", "number": "2038067256", "date": "2021-01-22 14:39:00", "subject": "4", "recorded-or-robo": "N", "city": "", "state": "CT", "area-code": "203"}, {"id": "b6a8da8b80f26332ed085cca2dfe0c03", "number": "2038067256", "date": "2021-01-22 14:39:00", "subject": "4", "recorded-or-robo": "N", "city": "", "state": "CT", "area-code": "203"}, {"id": "deca54a6651fb9add5b4a9816c9336a0", "number": "3139217084", "date": "2021-01-22 16:57:00", "subject": "2", "recorded-or-robo": "Y", "city": "Detroit", "state": "MI", "area-code": "313"}, {"id": "deca54a6651fb9add5b4a9816c932721", "number": "2029982862", "date": "2021-01-22 16:59:00", "subject": "2", "recorded-or-robo": "N", "city": "Broad Channel", "state": "NY", "area-code": "718"}, {"id": "b6a8da8b80f26332ed085cca2dfdffb4", "number": "3139217084", "date": "2021-01-22 16:57:00", "subject": "2", "recorded-or-robo": "Y", "city": "Detroit", "state": "MI", "area-code": "313"}, {"id": "b6a8da8b80f26332ed085cca2dfdf5f6", "number": "2029982862", "date": "2021-01-22 16:59:00", "subject": "2", "recorded-or-robo": "N", "city": "Broad Channel", "state": "NY", "area-code": "718"}, {"id": "deca54a6651fb9add5b4a9816c931f7c", "number": "9782564706", "date": "2021-01-22 00:00:00", "subject": "2", "recorded-or-robo": "Y", "city": "", "state": "MA", "area-code": "978"}, {"id": "b6a8da8b80f26332ed085cca2dfded47", "number": "9782564706", "date": "2021-01-22 00:00:00", "subject": "2", "recorded-or-robo": "Y", "city": "", "state": "MA", "area-code": "978"}, {"id": "deca54a6651fb9add5b4a9816c931756", "number": "7083001266", "date": "2020-10-20 14:13:00", "subject": "1", "recorded-or-robo": "Y", "city": "", "state": "CA", "area-code": "909"}, {"id": "b6a8da8b80f26332ed085cca2dfde4e1", "number": "7083001266", "date": "2020-10-20 14:13:00", "subject": "1", "recorded-or-robo": "Y", "city": "", "state": "CA", "area-code": "909"}, {"id": "deca54a6651fb9add5b4a9816c9308b0", "number": "9014461765", "date": "2021-01-22 15:25:00", "subject": "2", "recorded-or-robo": "Y", "city": "Lakeland", "state": "TN", "area-code": "901"}]}