{"data": [{"id": "deca54a6651fb9add5b4a9816cdd5af3", "number": "+13108075586", "date": "2021-01-22 16:20:27", "subject": "3", "recorded-or-robo": "Y", "city": "", "state": "CA", "area-code": "661"}, {"id": "deca54a6651fb9add5b4a9816c765d39", "number": "8436323065", "date": "2021-01-22 16:16:00", "subject": "1", "recorded-or-robo": "Y", "city": "Cayce", "state": "SC", "area-code": "843"}, {"id": "b6a8da8b80f26332ed085cca2de1e17e", "number": "8436323065", "date": "2021-01-22 16:16:00", "subject": "1", "recorded-or-robo": "Y", "city": "Cayce", "state": "SC", "area-code": "843"}, {"id": "deca54a6651fb9add5b4a9816c76546b", "number": "8573064594", "date": "2021-01-14 13:44:00", "subject": "1", "recorded-or-robo": "N", "city": "Lancaster", "state": "FL", "area-code": "772"}, {"id": "deca54a6651fb9add5b4a9816c764b23", "number": "6366973079", "date": "2021-01-22 15:17:00", "subject": "11", "recorded-or-robo": "Y", "city": "", "state": "MO", "area-code": "636"}, {"id": "b6a8da8b80f26332ed085cca2de1e145", "number": "8573064594", "date": "2021-01-14 13:44:00", "subject": "1", "recorded-or-robo": "N", "city": "Lancaster", "state": "FL", "area-code": "772"}, {"id": "b6a8da8b80f26332ed085cca2de1dd33", "number": "6366973079", "date": "2021-01-22 15:17:00", "subject": "11", "recorded-or-robo": "Y", "city": "", "state": "MO", "area-code": "636"}, {"id": "deca54a6651fb9add5b4a9816c76430c", "number": "7876280603", "date": "2021-01-17 15:52:00", "subject": "2", "recorded-or-robo": "Y", "city": "Slatington", "state": "PA", "area-code": "610"}, {"id": "b6a8da8b80f26332ed085cca2de1d504", "number": "7876280603", "date": "2021-01-17 15:52:00", "subject": "2", "recorded-or-robo": "Y", "city": "Slatington", "state": "PA", "area-code": "610"}, {"id": "deca54a6651fb9add5b4a9816c763f83", "number": "9147645535", "date": "2021-01-22 16:15:00", "subject": "5", "recorded-or-robo": "Y", "city": "Mamaroneck", "state": "NY", "area-code": "914"}, {"id": "b6a8da8b80f26332ed085cca2de1cd12", "number": "9147645535", "date": "2021-01-22 16:15:00", "subject": "5", "recorded-or-robo": "Y", "city": "Mamaroneck", "state": "NY", "area-code": "914"}, {"id": "deca54a6651fb9add5b4a9816c763248", "number": "8475970428", "date": "2021-01-22 15:15:00", "subject": "4", "recorded-or-robo": "Y", "city": "Palatine", "state": "IL", "area-code": "847"}, {"id": "b6a8da8b80f26332ed085cca2de1c917", "number": "8475970428", "date": "2021-01-22 15:15:00", "subject": "4", "recorded-or-robo": "Y", "city": "Palatine", "state": "IL", "area-code": "847"}, {"id": "deca54a6651fb9add5b4a9816c762da0", "number": "8133783058", "date": "2021-01-22 16:04:00", "subject": "2", "recorded-or-robo": "N", "city": "TAMPA", "state": "FL", "area-code": "813"}, {"id": "b6a8da8b80f26332ed085cca2de1c117", "number": "8133783058", "date": "2021-01-22 16:04:00", "subject": "2", "recorded-or-robo": "N", "city": "TAMPA", "state": "FL", "area-code": "813"}, {"id": "deca54a6651fb9add5b4a9816c762493", "number": "1866number", "date": "2021-01-22 13:58:00", "subject": "2", "recorded-or-robo": "Y", "city": "Towson", "state": "Do", "area-code": "202"}, {"id": "b6a8da8b80f26332ed085cca2de1b777", "number": "1866number", "date": "2021-01-22 13:58:00", "subject": "2", "recorded-or-robo": "Y", "city": "Towson", "state": "Do", "area-code": "202"}, {"id": "deca54a6651fb9add5b4a9816c76203c", "number": "3369041196", "date": "2021-01-22 09:24:00", "subject": "3", "recorded-or-robo": "Y", "city": "", "state": "TN", "area-code": "423"}, {"id": "b6a8da8b80f26332ed085cca2de1a7f1", "number": "3369041196", "date": "2021-01-22 09:24:00", "subject": "3", "recorded-or-robo": "Y", "city": "", "state": "TN", "area-code": "423"}, {"id": "deca54a6651fb9add5b4a9816c761d24", "number": "3032927205", "date": "2021-01-22 10:11:00", "subject": "4", "recorded-or-robo": "Y", "city": "Golden", "state": "CO", "area-code": "303"}, {"id": "b6a8da8b80f26332ed085cca2de19c3f", "number": "3032927205", "date": "2021-01-22 10:11:00", "subject": "4", "recorded-or-robo": "Y", "city": "Golden", "state": "CO", "area-code": "303"}, {"id": "deca54a6651fb9add5b4a9816c761bb1", "number": "8508783256", "date": "2021-01-22 12:20:00", "subject": "2", "recorded-or-robo": "", "city": "Tallahassee", "state": "FL", "area-code": "850"}, {"id": "b6a8da8b80f26332ed085cca2de18dfa", "number": "8508783256", "date": "2021-01-22 12:20:00", "subject": "2", "recorded-or-robo": "", "city": "Tallahassee", "state": "FL", "area-code": "850"}, {"id": "e81c9350d54f66c6d33b3747ee4907bc", "number": "+14844736132", "date": "2021-01-22 16:20:01", "subject": "3", "recorded-or-robo": "Y", "city": "", "state": "GA", "area-code": "770"}, {"id": "deca54a6651fb9add5b4a9816cddad43", "number": "+14844736132", "date": "2021-01-22 16:20:01", "subject": "3", "recorded-or-robo": "Y", "city": "", "state": "GA", "area-code": "770"}, {"id": "deca54a6651fb9add5b4a9816c7617b2", "number": "2396937315", "date": "2021-01-22 15:42:00", "subject": "7", "recorded-or-robo": "Y", "city": "cape coral", "state": "FL", "area-code": "239"}, {"id": "deca54a6651fb9add5b4a9816c7613b3", "number": "4706812423", "date": "2021-01-22 13:11:00", "subject": "3", "recorded-or-robo": "Y", "city": "", "state": "OR", "area-code": "541"}, {"id": "b6a8da8b80f26332ed085cca2de1891d", "number": "2396937315", "date": "2021-01-22 15:42:00", "subject": "7", "recorded-or-robo": "Y", "city": "cape coral", "state": "FL", "area-code": "239"}, {"id": "b6a8da8b80f26332ed085cca2de18119", "number": "4706812423", "date": "2021-01-22 13:11:00", "subject": "3", "recorded-or-robo": "Y", "city": "", "state": "OR", "area-code": "541"}, {"id": "deca54a6651fb9add5b4a9816c7606a5", "number": "9377207483", "date": "2021-01-22 12:58:00", "subject": "4", "recorded-or-robo": "Y", "city": "EUCLID", "state": "OH", "area-code": "216"}, {"id": "b6a8da8b80f26332ed085cca2de17a9e", "number": "9377207483", "date": "2021-01-22 12:58:00", "subject": "4", "recorded-or-robo": "Y", "city": "EUCLID", "state": "OH", "area-code": "216"}, {"id": "deca54a6651fb9add5b4a9816c76034f", "number": "3342531115", "date": "2021-01-22 15:18:00", "subject": "4", "recorded-or-robo": "Y", "city": "", "state": "", "area-code": "334"}, {"id": "b6a8da8b80f26332ed085cca2de1723b", "number": "3342531115", "date": "2021-01-22 15:18:00", "subject": "4", "recorded-or-robo": "Y", "city": "", "state": "", "area-code": "334"}, {"id": "e81c9350d54f66c6d33b3747ee48b04f", "number": "9786736407", "date": "2021-01-22 16:19:54", "subject": "3", "recorded-or-robo": "Y", "city": "", "state": "NY", "area-code": "917"}, {"id": "deca54a6651fb9add5b4a9816cdd4da4", "number": "9786736407", "date": "2021-01-22 16:19:54", "subject": "3", "recorded-or-robo": "Y", "city": "", "state": "NY", "area-code": "917"}, {"id": "deca54a6651fb9add5b4a9816c75f47a", "number": "", "date": "2021-01-22 15:17:00", "subject": "2", "recorded-or-robo": "Y", "city": "Florissant", "state": "MO", "area-code": "314"}, {"id": "b6a8da8b80f26332ed085cca2de16be9", "number": "", "date": "2021-01-22 15:17:00", "subject": "2", "recorded-or-robo": "Y", "city": "Florissant", "state": "MO", "area-code": "314"}, {"id": "deca54a6651fb9add5b4a9816c75f053", "number": "6233033609", "date": "2021-01-22 12:05:00", "subject": "2", "recorded-or-robo": "Y", "city": "Chandler", "state": "AZ", "area-code": "480"}, {"id": "b6a8da8b80f26332ed085cca2de15eea", "number": "6233033609", "date": "2021-01-22 12:05:00", "subject": "2", "recorded-or-robo": "Y", "city": "Chandler", "state": "AZ", "area-code": "480"}, {"id": "deca54a6651fb9add5b4a9816c75ef07", "number": "6803332630", "date": "2021-01-20 11:49:00", "subject": "2", "recorded-or-robo": "Y", "city": "Ocean County", "state": "NJ", "area-code": "609"}, {"id": "b6a8da8b80f26332ed085cca2de15a30", "number": "6803332630", "date": "2021-01-20 11:49:00", "subject": "2", "recorded-or-robo": "Y", "city": "Ocean County", "state": "NJ", "area-code": "609"}, {"id": "deca54a6651fb9add5b4a9816c75e5a3", "number": "3012039792", "date": "2021-01-22 15:26:00", "subject": "5", "recorded-or-robo": "Y", "city": "Bowie", "state": "MD", "area-code": "301"}, {"id": "b6a8da8b80f26332ed085cca2de14cd6", "number": "3012039792", "date": "2021-01-22 15:26:00", "subject": "5", "recorded-or-robo": "Y", "city": "Bowie", "state": "MD", "area-code": "301"}, {"id": "deca54a6651fb9add5b4a9816c75db49", "number": "2173686077", "date": "2021-01-22 11:38:00", "subject": "3", "recorded-or-robo": "N", "city": "Springfield", "state": "IL", "area-code": "217"}, {"id": "b6a8da8b80f26332ed085cca2de141c3", "number": "2173686077", "date": "2021-01-22 11:38:00", "subject": "3", "recorded-or-robo": "N", "city": "Springfield", "state": "IL", "area-code": "217"}, {"id": "e81c9350d54f66c6d33b3747ee48fafb", "number": "+17258885219", "date": "2021-01-22 16:19:41", "subject": "3", "recorded-or-robo": "Y", "city": "", "state": "GA", "area-code": "404"}, {"id": "deca54a6651fb9add5b4a9816cdda801", "number": "+17258885219", "date": "2021-01-22 16:19:41", "subject": "3", "recorded-or-robo": "Y", "city": "", "state": "GA", "area-code": "404"}, {"id": "deca54a6651fb9add5b4a9816c75d4b8", "number": "5134344059", "date": "2021-01-22 14:08:00", "subject": "0", "recorded-or-robo": "Y", "city": "Reading", "state": "OH", "area-code": "513"}, {"id": "b6a8da8b80f26332ed085cca2de1327a", "number": "5134344059", "date": "2021-01-22 14:08:00", "subject": "0", "recorded-or-robo": "Y", "city": "Reading", "state": "OH", "area-code": "513"}, {"id": "deca54a6651fb9add5b4a9816c75cdfd", "number": "5415664287", "date": "2021-01-22 13:16:00", "subject": "4", "recorded-or-robo": "Y", "city": "Roseburg", "state": "OR", "area-code": "541"}]}