{"data": [{"id": "deca54a6651fb9add5b4a9816ccb2799", "number": "424327277", "date": "2021-01-21 04:05:00", "subject": "2", "recorded-or-robo": "Y", "city": "Kirksville", "state": "MO", "area-code": "650"}, {"id": "e81c9350d54f66c6d33b3747ee3648d6", "number": "3155220322", "date": "2021-01-22 15:21:00", "subject": "0", "recorded-or-robo": "", "city": "Amherst", "state": "NY", "area-code": "716"}, {"id": "e81c9350d54f66c6d33b3747ee363930", "number": "7632442241", "date": "2021-01-21 15:19:00", "subject": "2", "recorded-or-robo": "N", "city": "Farmington", "state": "MN", "area-code": "651"}, {"id": "deca54a6651fb9add5b4a9816ccb2024", "number": "3155220322", "date": "2021-01-22 15:21:00", "subject": "0", "recorded-or-robo": "", "city": "Amherst", "state": "NY", "area-code": "716"}, {"id": "deca54a6651fb9add5b4a9816ccb1f2b", "number": "7632442241", "date": "2021-01-21 15:19:00", "subject": "2", "recorded-or-robo": "N", "city": "Farmington", "state": "MN", "area-code": "651"}, {"id": "e81c9350d54f66c6d33b3747ee36295f", "number": "", "date": "2021-01-21 16:48:00", "subject": "0", "recorded-or-robo": "Y", "city": "Old Bridge", "state": "NJ", "area-code": "973"}, {"id": "deca54a6651fb9add5b4a9816ccb14bb", "number": "", "date": "2021-01-21 16:48:00", "subject": "0", "recorded-or-robo": "Y", "city": "Old Bridge", "state": "NJ", "area-code": "973"}, {"id": "e81c9350d54f66c6d33b3747ee9ce05c", "number": "+17815367262", "date": "2021-01-22 18:33:44", "subject": "3", "recorded-or-robo": "Y", "city": "", "state": "MA", "area-code": "781"}, {"id": "1d36742e3f24f50e4e7ae8280131f9c0", "number": "+17815367262", "date": "2021-01-22 18:33:44", "subject": "3", "recorded-or-robo": "Y", "city": "", "state": "MA", "area-code": "781"}, {"id": "e81c9350d54f66c6d33b3747ee9d0172", "number": "+19049014163", "date": "2021-01-22 18:33:43", "subject": "3", "recorded-or-robo": "Y", "city": "", "state": "FL", "area-code": "352"}, {"id": "e81c9350d54f66c6d33b3747ee361a16", "number": "3237434087", "date": "2021-01-21 13:41:00", "subject": "2", "recorded-or-robo": "Y", "city": "Montebello", "state": "CA", "area-code": "323"}, {"id": "e81c9350d54f66c6d33b3747ee360e30", "number": "5092345786", "date": "2021-01-22 15:28:00", "subject": "1", "recorded-or-robo": "Y", "city": "Los Angeles", "state": "WA", "area-code": "509"}, {"id": "deca54a6651fb9add5b4a9816ccb1020", "number": "3237434087", "date": "2021-01-21 13:41:00", "subject": "2", "recorded-or-robo": "Y", "city": "Montebello", "state": "CA", "area-code": "323"}, {"id": "deca54a6651fb9add5b4a9816ccb0349", "number": "5092345786", "date": "2021-01-22 15:28:00", "subject": "1", "recorded-or-robo": "Y", "city": "Los Angeles", "state": "WA", "area-code": "509"}, {"id": "1d36742e3f24f50e4e7ae82801320dbd", "number": "+19049014163", "date": "2021-01-22 18:33:43", "subject": "3", "recorded-or-robo": "Y", "city": "", "state": "FL", "area-code": "352"}, {"id": "e81c9350d54f66c6d33b3747ee36026f", "number": "6094600416", "date": "2021-01-15 16:12:00", "subject": "2", "recorded-or-robo": "Y", "city": "Plainsboro", "state": "NJ", "area-code": "609"}, {"id": "e81c9350d54f66c6d33b3747ee35f32c", "number": "5713390211", "date": "2021-01-22 18:00:00", "subject": "1", "recorded-or-robo": "Y", "city": "Bumpass", "state": "VA", "area-code": "804"}, {"id": "e81c9350d54f66c6d33b3747ee35ed5d", "number": "4029595513", "date": "2021-01-22 10:27:00", "subject": "2", "recorded-or-robo": "Y", "city": "Strasburg", "state": "CO", "area-code": "308"}, {"id": "deca54a6651fb9add5b4a9816ccafd72", "number": "6094600416", "date": "2021-01-15 16:12:00", "subject": "2", "recorded-or-robo": "Y", "city": "Plainsboro", "state": "NJ", "area-code": "609"}, {"id": "deca54a6651fb9add5b4a9816ccaef9f", "number": "5713390211", "date": "2021-01-22 18:00:00", "subject": "1", "recorded-or-robo": "Y", "city": "Bumpass", "state": "VA", "area-code": "804"}, {"id": "deca54a6651fb9add5b4a9816ccae1af", "number": "4029595513", "date": "2021-01-22 10:27:00", "subject": "2", "recorded-or-robo": "Y", "city": "Strasburg", "state": "CO", "area-code": "308"}, {"id": "e81c9350d54f66c6d33b3747ee9ccccc", "number": "+19186621048", "date": "2021-01-22 18:33:40", "subject": "3", "recorded-or-robo": "Y", "city": "", "state": "FL", "area-code": "386"}, {"id": "1d36742e3f24f50e4e7ae8280131ec55", "number": "+19186621048", "date": "2021-01-22 18:33:40", "subject": "3", "recorded-or-robo": "Y", "city": "", "state": "FL", "area-code": "386"}, {"id": "e81c9350d54f66c6d33b3747ee9d57f3", "number": "2142605504", "date": "2021-01-22 18:33:37", "subject": "3", "recorded-or-robo": "Y", "city": "", "state": "TX", "area-code": "214"}, {"id": "1d36742e3f24f50e4e7ae8280132700d", "number": "2142605504", "date": "2021-01-22 18:33:37", "subject": "3", "recorded-or-robo": "Y", "city": "", "state": "TX", "area-code": "214"}, {"id": "e81c9350d54f66c6d33b3747ee35ebbf", "number": "9723452406", "date": "2021-01-01 17:53:00", "subject": "2", "recorded-or-robo": "Y", "city": "Lake Mary", "state": "FL", "area-code": "972"}, {"id": "deca54a6651fb9add5b4a9816ccad815", "number": "9723452406", "date": "2021-01-01 17:53:00", "subject": "2", "recorded-or-robo": "Y", "city": "Lake Mary", "state": "FL", "area-code": "972"}, {"id": "e81c9350d54f66c6d33b3747ee35e82d", "number": "4403071375", "date": "2021-01-22 18:30:00", "subject": "0", "recorded-or-robo": "Y", "city": "Shake Heights", "state": "OH", "area-code": "216"}, {"id": "deca54a6651fb9add5b4a9816ccacfc7", "number": "4403071375", "date": "2021-01-22 18:30:00", "subject": "0", "recorded-or-robo": "Y", "city": "Shake Heights", "state": "OH", "area-code": "216"}, {"id": "e81c9350d54f66c6d33b3747ee35dad0", "number": "", "date": "2021-01-22 05:15:00", "subject": "2", "recorded-or-robo": "Y", "city": "", "state": "NJ", "area-code": "848"}, {"id": "deca54a6651fb9add5b4a9816ccac7d9", "number": "", "date": "2021-01-22 05:15:00", "subject": "2", "recorded-or-robo": "Y", "city": "", "state": "NJ", "area-code": "848"}, {"id": "e81c9350d54f66c6d33b3747ee35d1d5", "number": "5597254053", "date": "2021-01-21 15:05:00", "subject": "2", "recorded-or-robo": "Y", "city": "Clovis", "state": "CA", "area-code": "559"}, {"id": "deca54a6651fb9add5b4a9816ccac613", "number": "5597254053", "date": "2021-01-21 15:05:00", "subject": "2", "recorded-or-robo": "Y", "city": "Clovis", "state": "CA", "area-code": "559"}, {"id": "e81c9350d54f66c6d33b3747ee35c8a6", "number": "9016176374", "date": "2021-01-22 12:00:00", "subject": "1", "recorded-or-robo": "Y", "city": "Clinton", "state": "MA", "area-code": "978"}, {"id": "deca54a6651fb9add5b4a9816ccac1e4", "number": "9016176374", "date": "2021-01-22 12:00:00", "subject": "1", "recorded-or-robo": "Y", "city": "Clinton", "state": "MA", "area-code": "978"}, {"id": "e81c9350d54f66c6d33b3747ee35b8cf", "number": "7064179078", "date": "2021-01-22 12:35:00", "subject": "2", "recorded-or-robo": "Y", "city": "Cornelia", "state": "GA", "area-code": "706"}, {"id": "deca54a6651fb9add5b4a9816ccabe19", "number": "7064179078", "date": "2021-01-22 12:35:00", "subject": "2", "recorded-or-robo": "Y", "city": "Cornelia", "state": "GA", "area-code": "706"}, {"id": "e81c9350d54f66c6d33b3747ee35ab91", "number": "", "date": "2021-01-22 15:30:00", "subject": "11", "recorded-or-robo": "Y", "city": "Purcellville", "state": "VA", "area-code": "540"}, {"id": "e81c9350d54f66c6d33b3747ee35a0a3", "number": "7608343304", "date": "2021-01-12 00:00:00", "subject": "3", "recorded-or-robo": "", "city": "", "state": "CA", "area-code": "760"}, {"id": "deca54a6651fb9add5b4a9816ccaaf95", "number": "", "date": "2021-01-22 15:30:00", "subject": "11", "recorded-or-robo": "Y", "city": "Purcellville", "state": "VA", "area-code": "540"}, {"id": "deca54a6651fb9add5b4a9816ccaa571", "number": "7608343304", "date": "2021-01-12 00:00:00", "subject": "3", "recorded-or-robo": "", "city": "", "state": "CA", "area-code": "760"}, {"id": "e81c9350d54f66c6d33b3747eec648fe", "number": "9362808500", "date": "2021-01-22 09:33:00", "subject": "3", "recorded-or-robo": "N", "city": "", "state": "TX", "area-code": "214"}, {"id": "1d36742e3f24f50e4e7ae828015ba32c", "number": "9362808500", "date": "2021-01-22 09:33:00", "subject": "3", "recorded-or-robo": "N", "city": "", "state": "TX", "area-code": "214"}, {"id": "e81c9350d54f66c6d33b3747ee35a020", "number": "2088042020", "date": "2021-01-22 16:26:00", "subject": "0", "recorded-or-robo": "Y", "city": "Parker", "state": "AZ", "area-code": "928"}, {"id": "e81c9350d54f66c6d33b3747ee350b93", "number": "3148665039", "date": "2021-01-22 09:45:00", "subject": "3", "recorded-or-robo": "N", "city": "", "state": "MO", "area-code": "314"}, {"id": "deca54a6651fb9add5b4a9816cca9b7a", "number": "2088042020", "date": "2021-01-22 16:26:00", "subject": "0", "recorded-or-robo": "Y", "city": "Parker", "state": "AZ", "area-code": "928"}, {"id": "deca54a6651fb9add5b4a9816cca14d5", "number": "3148665039", "date": "2021-01-22 09:45:00", "subject": "3", "recorded-or-robo": "N", "city": "", "state": "MO", "area-code": "314"}, {"id": "e81c9350d54f66c6d33b3747ee359155", "number": "5304802063", "date": "2021-01-22 15:00:00", "subject": "2", "recorded-or-robo": "Y", "city": "Auburn", "state": "CA", "area-code": "530"}, {"id": "deca54a6651fb9add5b4a9816cca9aa0", "number": "5304802063", "date": "2021-01-22 15:00:00", "subject": "2", "recorded-or-robo": "Y", "city": "Auburn", "state": "CA", "area-code": "530"}, {"id": "e81c9350d54f66c6d33b3747ee35914a", "number": "8032441398", "date": "2021-01-22 15:28:00", "subject": "2", "recorded-or-robo": "Y", "city": "Bend", "state": "OR", "area-code": "541"}]}