{"data": [{"id": "e81c9350d54f66c6d33b3747ee126cc7", "number": "9544208433", "date": "2021-01-22 00:00:00", "subject": "6", "recorded-or-robo": "Y", "city": "", "state": "FL", "area-code": "954"}, {"id": "deca54a6651fb9add5b4a9816ca7c481", "number": "6627298095", "date": "2021-01-22 12:53:00", "subject": "4", "recorded-or-robo": "Y", "city": "Roswell", "state": "GA", "area-code": "404"}, {"id": "deca54a6651fb9add5b4a9816ca7c15d", "number": "9544208433", "date": "2021-01-22 00:00:00", "subject": "6", "recorded-or-robo": "Y", "city": "", "state": "FL", "area-code": "954"}, {"id": "e81c9350d54f66c6d33b3747ee126242", "number": "2022358", "date": "2021-01-22 12:44:00", "subject": "0", "recorded-or-robo": "Y", "city": "buchanan", "state": "VA", "area-code": "540"}, {"id": "deca54a6651fb9add5b4a9816ca7ba5e", "number": "2022358", "date": "2021-01-22 12:44:00", "subject": "0", "recorded-or-robo": "Y", "city": "buchanan", "state": "VA", "area-code": "540"}, {"id": "e81c9350d54f66c6d33b3747ee12538d", "number": "9495850040", "date": "2021-01-22 12:48:00", "subject": "4", "recorded-or-robo": "Y", "city": "San Rafael", "state": "CA", "area-code": "415"}, {"id": "e81c9350d54f66c6d33b3747ee124e5e", "number": "7404075758", "date": "2021-01-22 17:26:00", "subject": "2", "recorded-or-robo": "Y", "city": "Waverly", "state": "OH", "area-code": "740"}, {"id": "deca54a6651fb9add5b4a9816ca7ab48", "number": "9495850040", "date": "2021-01-22 12:48:00", "subject": "4", "recorded-or-robo": "Y", "city": "San Rafael", "state": "CA", "area-code": "415"}, {"id": "deca54a6651fb9add5b4a9816ca79e62", "number": "7404075758", "date": "2021-01-22 17:26:00", "subject": "2", "recorded-or-robo": "Y", "city": "Waverly", "state": "OH", "area-code": "740"}, {"id": "e81c9350d54f66c6d33b3747ee124c19", "number": "8437761276", "date": "2021-01-22 15:53:00", "subject": "5", "recorded-or-robo": "Y", "city": "evanston", "state": "IL", "area-code": "847"}, {"id": "deca54a6651fb9add5b4a9816ca78e7d", "number": "8437761276", "date": "2021-01-22 15:53:00", "subject": "5", "recorded-or-robo": "Y", "city": "evanston", "state": "IL", "area-code": "847"}, {"id": "e81c9350d54f66c6d33b3747ee1243c9", "number": "5134931616", "date": "2021-01-22 16:31:00", "subject": "3", "recorded-or-robo": "N", "city": "", "state": "IL", "area-code": "773"}, {"id": "e81c9350d54f66c6d33b3747ee1239b7", "number": "4238100555", "date": "2021-01-22 11:43:00", "subject": "4", "recorded-or-robo": "Y", "city": "", "state": "IL", "area-code": "630"}, {"id": "deca54a6651fb9add5b4a9816ca7899a", "number": "5134931616", "date": "2021-01-22 16:31:00", "subject": "3", "recorded-or-robo": "N", "city": "", "state": "IL", "area-code": "773"}, {"id": "deca54a6651fb9add5b4a9816ca77ac1", "number": "4238100555", "date": "2021-01-22 11:43:00", "subject": "4", "recorded-or-robo": "Y", "city": "", "state": "IL", "area-code": "630"}, {"id": "e81c9350d54f66c6d33b3747ee1230d7", "number": "3155364229", "date": "2021-01-22 17:20:00", "subject": "1", "recorded-or-robo": "Y", "city": "penn yan", "state": "NY", "area-code": "315"}, {"id": "deca54a6651fb9add5b4a9816ca7739b", "number": "3155364229", "date": "2021-01-22 17:20:00", "subject": "1", "recorded-or-robo": "Y", "city": "penn yan", "state": "NY", "area-code": "315"}, {"id": "e81c9350d54f66c6d33b3747ee122789", "number": "", "date": "2021-01-21 17:30:00", "subject": "1", "recorded-or-robo": "Y", "city": "Fairview", "state": "MO", "area-code": "417"}, {"id": "deca54a6651fb9add5b4a9816ca76f2a", "number": "", "date": "2021-01-21 17:30:00", "subject": "1", "recorded-or-robo": "Y", "city": "Fairview", "state": "MO", "area-code": "417"}, {"id": "e81c9350d54f66c6d33b3747ee121900", "number": "3095932955", "date": "2021-01-22 16:03:00", "subject": "4", "recorded-or-robo": "Y", "city": "Danville", "state": "IL", "area-code": "217"}, {"id": "deca54a6651fb9add5b4a9816ca764d6", "number": "3095932955", "date": "2021-01-22 16:03:00", "subject": "4", "recorded-or-robo": "Y", "city": "Danville", "state": "IL", "area-code": "217"}, {"id": "e81c9350d54f66c6d33b3747ee120a89", "number": "3463885181", "date": "2021-01-22 13:26:00", "subject": "1", "recorded-or-robo": "Y", "city": "Portland", "state": "OR", "area-code": "503"}, {"id": "deca54a6651fb9add5b4a9816ca75bcd", "number": "3463885181", "date": "2021-01-22 13:26:00", "subject": "1", "recorded-or-robo": "Y", "city": "Portland", "state": "OR", "area-code": "503"}, {"id": "e81c9350d54f66c6d33b3747ee12021b", "number": "2363685469", "date": "2021-01-18 17:15:00", "subject": "2", "recorded-or-robo": "Y", "city": "", "state": "PA", "area-code": "215"}, {"id": "e81c9350d54f66c6d33b3747ee11fdab", "number": "3202154655", "date": "2021-01-22 16:23:00", "subject": "1", "recorded-or-robo": "Y", "city": "", "state": "MN", "area-code": "320"}, {"id": "deca54a6651fb9add5b4a9816ca75bc1", "number": "2363685469", "date": "2021-01-18 17:15:00", "subject": "2", "recorded-or-robo": "Y", "city": "", "state": "PA", "area-code": "215"}, {"id": "deca54a6651fb9add5b4a9816ca75768", "number": "3202154655", "date": "2021-01-22 16:23:00", "subject": "1", "recorded-or-robo": "Y", "city": "", "state": "MN", "area-code": "320"}, {"id": "e81c9350d54f66c6d33b3747ee11f946", "number": "290636956", "date": "2021-01-18 07:02:00", "subject": "2", "recorded-or-robo": "Y", "city": "", "state": "IL", "area-code": "309"}, {"id": "deca54a6651fb9add5b4a9816ca75463", "number": "290636956", "date": "2021-01-18 07:02:00", "subject": "2", "recorded-or-robo": "Y", "city": "", "state": "IL", "area-code": "309"}, {"id": "e81c9350d54f66c6d33b3747ee11f3dd", "number": "3174497514", "date": "2021-01-22 12:49:00", "subject": "3", "recorded-or-robo": "Y", "city": "", "state": "FL", "area-code": "941"}, {"id": "deca54a6651fb9add5b4a9816ca74dd0", "number": "3174497514", "date": "2021-01-22 12:49:00", "subject": "3", "recorded-or-robo": "Y", "city": "", "state": "FL", "area-code": "941"}, {"id": "e81c9350d54f66c6d33b3747ee11ef6b", "number": "9049034319", "date": "2021-01-21 08:35:00", "subject": "2", "recorded-or-robo": "N", "city": "Fort Walton Beach", "state": "FL", "area-code": "850"}, {"id": "deca54a6651fb9add5b4a9816ca73ec5", "number": "9049034319", "date": "2021-01-21 08:35:00", "subject": "2", "recorded-or-robo": "N", "city": "Fort Walton Beach", "state": "FL", "area-code": "850"}, {"id": "e81c9350d54f66c6d33b3747ee526d25", "number": "+12149837545", "date": "2021-01-22 17:32:39", "subject": "3", "recorded-or-robo": "Y", "city": "", "state": "TX", "area-code": "214"}, {"id": "deca54a6651fb9add5b4a9816ce6d037", "number": "+12149837545", "date": "2021-01-22 17:32:39", "subject": "3", "recorded-or-robo": "Y", "city": "", "state": "TX", "area-code": "214"}, {"id": "e81c9350d54f66c6d33b3747ee5c6c65", "number": "9099768238", "date": "2021-01-22 14:30:00", "subject": "3", "recorded-or-robo": "Y", "city": "", "state": "CA", "area-code": "510"}, {"id": "deca54a6651fb9add5b4a9816cf13b55", "number": "9099768238", "date": "2021-01-22 14:30:00", "subject": "3", "recorded-or-robo": "Y", "city": "", "state": "CA", "area-code": "510"}, {"id": "e81c9350d54f66c6d33b3747ee11d950", "number": "7198005480", "date": "2021-01-22 10:58:00", "subject": "2", "recorded-or-robo": "Y", "city": "", "state": "OR", "area-code": "541"}, {"id": "deca54a6651fb9add5b4a9816ca7315d", "number": "7198005480", "date": "2021-01-22 10:58:00", "subject": "2", "recorded-or-robo": "Y", "city": "", "state": "OR", "area-code": "541"}, {"id": "e81c9350d54f66c6d33b3747ee11cbb2", "number": "2563079779", "date": "2021-01-22 02:01:00", "subject": "1", "recorded-or-robo": "N", "city": "alex city", "state": "AL", "area-code": "256"}, {"id": "deca54a6651fb9add5b4a9816ca728b6", "number": "2563079779", "date": "2021-01-22 02:01:00", "subject": "1", "recorded-or-robo": "N", "city": "alex city", "state": "AL", "area-code": "256"}, {"id": "e81c9350d54f66c6d33b3747ee524b1c", "number": "+17044139504", "date": "2021-01-22 17:32:19", "subject": "3", "recorded-or-robo": "Y", "city": "", "state": "NC", "area-code": "704"}, {"id": "deca54a6651fb9add5b4a9816ce6a58b", "number": "+17044139504", "date": "2021-01-22 17:32:19", "subject": "3", "recorded-or-robo": "Y", "city": "", "state": "NC", "area-code": "704"}, {"id": "e81c9350d54f66c6d33b3747ee111565", "number": "8283761095", "date": "2021-01-22 17:21:00", "subject": "3", "recorded-or-robo": "N", "city": "", "state": "NC", "area-code": "336"}, {"id": "deca54a6651fb9add5b4a9816ca69261", "number": "8283761095", "date": "2021-01-22 17:21:00", "subject": "3", "recorded-or-robo": "N", "city": "", "state": "NC", "area-code": "336"}, {"id": "e81c9350d54f66c6d33b3747ee11c583", "number": "3202154655", "date": "2021-01-22 16:23:00", "subject": "1", "recorded-or-robo": "Y", "city": "", "state": "MN", "area-code": "320"}, {"id": "deca54a6651fb9add5b4a9816ca72612", "number": "3202154655", "date": "2021-01-22 16:23:00", "subject": "1", "recorded-or-robo": "Y", "city": "", "state": "MN", "area-code": "320"}, {"id": "e81c9350d54f66c6d33b3747ee11c1be", "number": "7142703946", "date": "2021-01-22 14:30:00", "subject": "2", "recorded-or-robo": "Y", "city": "", "state": "CA", "area-code": "714"}, {"id": "deca54a6651fb9add5b4a9816ca71844", "number": "7142703946", "date": "2021-01-22 14:30:00", "subject": "2", "recorded-or-robo": "Y", "city": "", "state": "CA", "area-code": "714"}, {"id": "e81c9350d54f66c6d33b3747ee11c1af", "number": "7579988426", "date": "2021-01-22 13:36:00", "subject": "4", "recorded-or-robo": "Y", "city": "", "state": "VA", "area-code": "757"}]}