{"data": [{"id": "1d36742e3f24f50e4e7ae8280131e109", "number": "+12674483985", "date": "2021-01-22 18:24:07", "subject": "3", "recorded-or-robo": "N", "city": "", "state": "PA", "area-code": "610"}, {"id": "e81c9350d54f66c6d33b3747ee306cb0", "number": "3216519476", "date": "2021-01-20 09:47:00", "subject": "2", "recorded-or-robo": "Y", "city": "Vista", "state": "CA", "area-code": "760"}, {"id": "deca54a6651fb9add5b4a9816cc573e8", "number": "3216519476", "date": "2021-01-20 09:47:00", "subject": "2", "recorded-or-robo": "Y", "city": "Vista", "state": "CA", "area-code": "760"}, {"id": "e81c9350d54f66c6d33b3747ee30662a", "number": "8598384921", "date": "2021-01-21 15:56:00", "subject": "2", "recorded-or-robo": "Y", "city": "austin", "state": "TX", "area-code": "512"}, {"id": "deca54a6651fb9add5b4a9816cc56b1f", "number": "8598384921", "date": "2021-01-21 15:56:00", "subject": "2", "recorded-or-robo": "Y", "city": "austin", "state": "TX", "area-code": "512"}, {"id": "e81c9350d54f66c6d33b3747ee3056c6", "number": "4423098173", "date": "2021-01-22 17:50:00", "subject": "2", "recorded-or-robo": "Y", "city": "Hampton", "state": "VA", "area-code": "757"}, {"id": "e81c9350d54f66c6d33b3747ee304ba6", "number": "3342197247", "date": "2021-01-20 11:00:00", "subject": "1", "recorded-or-robo": "Y", "city": "Sioux Falls", "state": "WA", "area-code": "253"}, {"id": "deca54a6651fb9add5b4a9816cc56700", "number": "4423098173", "date": "2021-01-22 17:50:00", "subject": "2", "recorded-or-robo": "Y", "city": "Hampton", "state": "VA", "area-code": "757"}, {"id": "deca54a6651fb9add5b4a9816cc55e8d", "number": "3342197247", "date": "2021-01-20 11:00:00", "subject": "1", "recorded-or-robo": "Y", "city": "Sioux Falls", "state": "WA", "area-code": "253"}, {"id": "e81c9350d54f66c6d33b3747ee303c75", "number": "3157566538", "date": "2021-01-15 16:08:00", "subject": "4", "recorded-or-robo": "Y", "city": "Manlius", "state": "NY", "area-code": "315"}, {"id": "deca54a6651fb9add5b4a9816cc550d5", "number": "3157566538", "date": "2021-01-15 16:08:00", "subject": "4", "recorded-or-robo": "Y", "city": "Manlius", "state": "NY", "area-code": "315"}, {"id": "e81c9350d54f66c6d33b3747ee303c44", "number": "8586830201", "date": "2021-01-22 00:00:00", "subject": "3", "recorded-or-robo": "", "city": "", "state": "CA", "area-code": "760"}, {"id": "deca54a6651fb9add5b4a9816cc54d4d", "number": "8586830201", "date": "2021-01-22 00:00:00", "subject": "3", "recorded-or-robo": "", "city": "", "state": "CA", "area-code": "760"}, {"id": "e81c9350d54f66c6d33b3747ee9c4604", "number": "+18135484308", "date": "2021-01-22 18:23:35", "subject": "3", "recorded-or-robo": "Y", "city": "", "state": "FL", "area-code": "407"}, {"id": "1d36742e3f24f50e4e7ae82801318423", "number": "+18135484308", "date": "2021-01-22 18:23:35", "subject": "3", "recorded-or-robo": "Y", "city": "", "state": "FL", "area-code": "407"}, {"id": "e81c9350d54f66c6d33b3747ee9c55b8", "number": "+16614036124", "date": "2021-01-22 18:23:32", "subject": "3", "recorded-or-robo": "Y", "city": "", "state": "CA", "area-code": "310"}, {"id": "e81c9350d54f66c6d33b3747ee2fd778", "number": "8035933237", "date": "2021-01-22 17:32:00", "subject": "3", "recorded-or-robo": "", "city": "", "state": "SC", "area-code": "803"}, {"id": "deca54a6651fb9add5b4a9816cc5000b", "number": "8035933237", "date": "2021-01-22 17:32:00", "subject": "3", "recorded-or-robo": "", "city": "", "state": "SC", "area-code": "803"}, {"id": "1d36742e3f24f50e4e7ae82801318440", "number": "+16614036124", "date": "2021-01-22 18:23:32", "subject": "3", "recorded-or-robo": "Y", "city": "", "state": "CA", "area-code": "310"}, {"id": "e81c9350d54f66c6d33b3747ee302f6b", "number": "3109792500", "date": "2021-01-19 17:54:00", "subject": "3", "recorded-or-robo": "Y", "city": "", "state": "CA", "area-code": "310"}, {"id": "deca54a6651fb9add5b4a9816cc54196", "number": "3109792500", "date": "2021-01-19 17:54:00", "subject": "3", "recorded-or-robo": "Y", "city": "", "state": "CA", "area-code": "310"}, {"id": "e81c9350d54f66c6d33b3747ee302c0f", "number": "8885240691", "date": "2021-01-22 18:10:00", "subject": "2", "recorded-or-robo": "N", "city": "", "state": "CT", "area-code": "203"}, {"id": "deca54a6651fb9add5b4a9816cc53c75", "number": "8885240691", "date": "2021-01-22 18:10:00", "subject": "2", "recorded-or-robo": "N", "city": "", "state": "CT", "area-code": "203"}, {"id": "e81c9350d54f66c6d33b3747ee9c4489", "number": "+15053759570", "date": "2021-01-22 18:23:19", "subject": "3", "recorded-or-robo": "Y", "city": "", "state": "NM", "area-code": "505"}, {"id": "1d36742e3f24f50e4e7ae8280131797f", "number": "+15053759570", "date": "2021-01-22 18:23:19", "subject": "3", "recorded-or-robo": "Y", "city": "", "state": "NM", "area-code": "505"}, {"id": "e81c9350d54f66c6d33b3747eec6457c", "number": "3524334446", "date": "2021-01-22 14:32:00", "subject": "3", "recorded-or-robo": "N", "city": "", "state": "FL", "area-code": "352"}, {"id": "e81c9350d54f66c6d33b3747ee301c8f", "number": "6099009169", "date": "2021-01-19 12:20:00", "subject": "2", "recorded-or-robo": "Y", "city": "", "state": "NJ", "area-code": "609"}, {"id": "deca54a6651fb9add5b4a9816cc5352d", "number": "6099009169", "date": "2021-01-19 12:20:00", "subject": "2", "recorded-or-robo": "Y", "city": "", "state": "NJ", "area-code": "609"}, {"id": "1d36742e3f24f50e4e7ae828015b94e0", "number": "3524334446", "date": "2021-01-22 14:32:00", "subject": "3", "recorded-or-robo": "N", "city": "", "state": "FL", "area-code": "352"}, {"id": "e81c9350d54f66c6d33b3747ee301299", "number": "2524475369", "date": "2021-01-22 18:18:00", "subject": "9", "recorded-or-robo": "Y", "city": "COVE CITY", "state": "NC", "area-code": "252"}, {"id": "deca54a6651fb9add5b4a9816cc532ce", "number": "2524475369", "date": "2021-01-22 18:18:00", "subject": "9", "recorded-or-robo": "Y", "city": "COVE CITY", "state": "NC", "area-code": "252"}, {"id": "e81c9350d54f66c6d33b3747ee300654", "number": "5067056510", "date": "2021-01-22 15:15:00", "subject": "1", "recorded-or-robo": "Y", "city": "Santa Monica", "state": "CA", "area-code": "203"}, {"id": "deca54a6651fb9add5b4a9816cc524da", "number": "5067056510", "date": "2021-01-22 15:15:00", "subject": "1", "recorded-or-robo": "Y", "city": "Santa Monica", "state": "CA", "area-code": "203"}, {"id": "e81c9350d54f66c6d33b3747ee3000fe", "number": "5592455791", "date": "2021-01-21 08:22:00", "subject": "2", "recorded-or-robo": "Y", "city": "Clovis", "state": "CA", "area-code": "559"}, {"id": "deca54a6651fb9add5b4a9816cc51c5f", "number": "5592455791", "date": "2021-01-21 08:22:00", "subject": "2", "recorded-or-robo": "Y", "city": "Clovis", "state": "CA", "area-code": "559"}, {"id": "e81c9350d54f66c6d33b3747ee2ff5c0", "number": "7608520252", "date": "2021-01-21 11:33:00", "subject": "1", "recorded-or-robo": "Y", "city": "BETHANY-RESURRECTION", "state": "WV", "area-code": "304"}, {"id": "deca54a6651fb9add5b4a9816cc51774", "number": "7608520252", "date": "2021-01-21 11:33:00", "subject": "1", "recorded-or-robo": "Y", "city": "BETHANY-RESURRECTION", "state": "WV", "area-code": "304"}, {"id": "e81c9350d54f66c6d33b3747ee2fe9ee", "number": "8332298905", "date": "2021-01-21 15:28:00", "subject": "2", "recorded-or-robo": "Y", "city": "austin", "state": "TX", "area-code": "512"}, {"id": "deca54a6651fb9add5b4a9816cc508e8", "number": "8332298905", "date": "2021-01-21 15:28:00", "subject": "2", "recorded-or-robo": "Y", "city": "austin", "state": "TX", "area-code": "512"}, {"id": "e81c9350d54f66c6d33b3747ee2fda74", "number": "6083445010", "date": "2021-01-18 09:00:00", "subject": "0", "recorded-or-robo": "Y", "city": "Lewiston", "state": "ME", "area-code": "207"}, {"id": "deca54a6651fb9add5b4a9816cc5035b", "number": "6083445010", "date": "2021-01-18 09:00:00", "subject": "0", "recorded-or-robo": "Y", "city": "Lewiston", "state": "ME", "area-code": "207"}, {"id": "e81c9350d54f66c6d33b3747ee2fd328", "number": "", "date": "2021-01-19 17:37:00", "subject": "0", "recorded-or-robo": "Y", "city": "Old Bridge", "state": "NJ", "area-code": "973"}, {"id": "deca54a6651fb9add5b4a9816cc4f154", "number": "", "date": "2021-01-19 17:37:00", "subject": "0", "recorded-or-robo": "Y", "city": "Old Bridge", "state": "NJ", "area-code": "973"}, {"id": "e81c9350d54f66c6d33b3747ee2fceb6", "number": "6033661750", "date": "2021-01-20 08:30:00", "subject": "3", "recorded-or-robo": "Y", "city": "", "state": "CA", "area-code": "310"}, {"id": "deca54a6651fb9add5b4a9816cc4ea5a", "number": "6033661750", "date": "2021-01-20 08:30:00", "subject": "3", "recorded-or-robo": "Y", "city": "", "state": "CA", "area-code": "310"}, {"id": "e81c9350d54f66c6d33b3747ee2fc357", "number": "8587124914", "date": "2021-01-20 08:30:00", "subject": "4", "recorded-or-robo": "Y", "city": "MANTECA", "state": "CA", "area-code": "209"}, {"id": "deca54a6651fb9add5b4a9816cc4dacd", "number": "8587124914", "date": "2021-01-20 08:30:00", "subject": "4", "recorded-or-robo": "Y", "city": "MANTECA", "state": "CA", "area-code": "209"}, {"id": "e81c9350d54f66c6d33b3747ee2fbf8f", "number": "6052265493", "date": "2021-01-22 15:21:00", "subject": "1", "recorded-or-robo": "Y", "city": "SEATTLE", "state": "WA", "area-code": "319"}, {"id": "deca54a6651fb9add5b4a9816cc4d7da", "number": "6052265493", "date": "2021-01-22 15:21:00", "subject": "1", "recorded-or-robo": "Y", "city": "SEATTLE", "state": "WA", "area-code": "319"}, {"id": "e81c9350d54f66c6d33b3747ee2fb38e", "number": "9087819515", "date": "2021-01-22 15:21:00", "subject": "4", "recorded-or-robo": "Y", "city": "", "state": "NJ", "area-code": "201"}]}