{"data": [{"id": "deca54a6651fb9add5b4a9816cba9026", "number": "8176384720", "date": "2021-01-22 18:00:00", "subject": "9", "recorded-or-robo": "Y", "city": "California", "state": "MD", "area-code": "254"}, {"id": "e81c9350d54f66c6d33b3747ee254729", "number": "8006119833", "date": "2021-01-22 17:47:00", "subject": "2", "recorded-or-robo": "Y", "city": "Saranac Lake", "state": "NY", "area-code": "518"}, {"id": "deca54a6651fb9add5b4a9816cba8ed1", "number": "8006119833", "date": "2021-01-22 17:47:00", "subject": "2", "recorded-or-robo": "Y", "city": "Saranac Lake", "state": "NY", "area-code": "518"}, {"id": "e81c9350d54f66c6d33b3747ee253a73", "number": "3215593293", "date": "2021-01-22 12:00:00", "subject": "2", "recorded-or-robo": "N", "city": "Beaverton", "state": "OR", "area-code": "503"}, {"id": "deca54a6651fb9add5b4a9816cba7f45", "number": "3215593293", "date": "2021-01-22 12:00:00", "subject": "2", "recorded-or-robo": "N", "city": "Beaverton", "state": "OR", "area-code": "503"}, {"id": "e81c9350d54f66c6d33b3747ee566d56", "number": "+15593661653", "date": "2021-01-22 18:04:21", "subject": "3", "recorded-or-robo": "N", "city": "", "state": "CA", "area-code": "559"}, {"id": "deca54a6651fb9add5b4a9816ceae1e6", "number": "+15593661653", "date": "2021-01-22 18:04:21", "subject": "3", "recorded-or-robo": "N", "city": "", "state": "CA", "area-code": "559"}, {"id": "e81c9350d54f66c6d33b3747ee253655", "number": "8886384580", "date": "2021-01-22 11:30:00", "subject": "0", "recorded-or-robo": "Y", "city": "Richmond", "state": "VA", "area-code": "804"}, {"id": "e81c9350d54f66c6d33b3747ee252cff", "number": "4808974767", "date": "2021-01-22 12:23:00", "subject": "2", "recorded-or-robo": "N", "city": "Waukesha", "state": "WI", "area-code": "262"}, {"id": "deca54a6651fb9add5b4a9816cba73ca", "number": "8886384580", "date": "2021-01-22 11:30:00", "subject": "0", "recorded-or-robo": "Y", "city": "Richmond", "state": "VA", "area-code": "804"}, {"id": "deca54a6651fb9add5b4a9816cba70a3", "number": "4808974767", "date": "2021-01-22 12:23:00", "subject": "2", "recorded-or-robo": "N", "city": "Waukesha", "state": "WI", "area-code": "262"}, {"id": "e81c9350d54f66c6d33b3747ee25230b", "number": "9129132602", "date": "2020-12-18 10:11:00", "subject": "2", "recorded-or-robo": "Y", "city": "Colorado Springs", "state": "CO", "area-code": "912"}, {"id": "deca54a6651fb9add5b4a9816cba6f2c", "number": "9129132602", "date": "2020-12-18 10:11:00", "subject": "2", "recorded-or-robo": "Y", "city": "Colorado Springs", "state": "CO", "area-code": "912"}, {"id": "e81c9350d54f66c6d33b3747ee56cee3", "number": "7139137603", "date": "2021-01-22 18:04:17", "subject": "3", "recorded-or-robo": "Y", "city": "", "state": "TX", "area-code": "832"}, {"id": "deca54a6651fb9add5b4a9816ceb3bd6", "number": "7139137603", "date": "2021-01-22 18:04:17", "subject": "3", "recorded-or-robo": "Y", "city": "", "state": "TX", "area-code": "832"}, {"id": "e81c9350d54f66c6d33b3747ee56649c", "number": "7139137603", "date": "2021-01-22 18:04:16", "subject": "3", "recorded-or-robo": "Y", "city": "", "state": "TX", "area-code": "832"}, {"id": "deca54a6651fb9add5b4a9816cead49f", "number": "7139137603", "date": "2021-01-22 18:04:16", "subject": "3", "recorded-or-robo": "Y", "city": "", "state": "TX", "area-code": "832"}, {"id": "e81c9350d54f66c6d33b3747ee25223c", "number": "4102895684", "date": "2021-01-22 17:58:00", "subject": "2", "recorded-or-robo": "Y", "city": "Baltimore", "state": "MD", "area-code": "410"}, {"id": "deca54a6651fb9add5b4a9816cba6538", "number": "4102895684", "date": "2021-01-22 17:58:00", "subject": "2", "recorded-or-robo": "Y", "city": "Baltimore", "state": "MD", "area-code": "410"}, {"id": "e81c9350d54f66c6d33b3747ee25215f", "number": "8646374381", "date": "2021-01-22 09:02:00", "subject": "2", "recorded-or-robo": "Y", "city": "Fort Scott", "state": "SC", "area-code": "864"}, {"id": "e81c9350d54f66c6d33b3747ee2519fb", "number": "9032022244", "date": "2021-01-22 11:47:00", "subject": "3", "recorded-or-robo": "Y", "city": "", "state": "TX", "area-code": "903"}, {"id": "deca54a6651fb9add5b4a9816cba603f", "number": "8646374381", "date": "2021-01-22 09:02:00", "subject": "2", "recorded-or-robo": "Y", "city": "Fort Scott", "state": "SC", "area-code": "864"}, {"id": "deca54a6651fb9add5b4a9816cba5ca1", "number": "9032022244", "date": "2021-01-22 11:47:00", "subject": "3", "recorded-or-robo": "Y", "city": "", "state": "TX", "area-code": "903"}, {"id": "e81c9350d54f66c6d33b3747ee25173a", "number": "1000004042", "date": "2021-01-22 18:00:00", "subject": "2", "recorded-or-robo": "N", "city": "", "state": "MI", "area-code": "616"}, {"id": "deca54a6651fb9add5b4a9816cba5bd6", "number": "1000004042", "date": "2021-01-22 18:00:00", "subject": "2", "recorded-or-robo": "N", "city": "", "state": "MI", "area-code": "616"}, {"id": "e81c9350d54f66c6d33b3747ee251095", "number": "8185614299", "date": "2021-01-21 14:17:00", "subject": "2", "recorded-or-robo": "N", "city": "Huntington Beach", "state": "CA", "area-code": "818"}, {"id": "deca54a6651fb9add5b4a9816cba541e", "number": "8185614299", "date": "2021-01-21 14:17:00", "subject": "2", "recorded-or-robo": "N", "city": "Huntington Beach", "state": "CA", "area-code": "818"}, {"id": "e81c9350d54f66c6d33b3747ee250fed", "number": "7164686260", "date": "2021-01-22 17:44:00", "subject": "7", "recorded-or-robo": "Y", "city": "Blasdell", "state": "NY", "area-code": "716"}, {"id": "deca54a6651fb9add5b4a9816cba5245", "number": "7164686260", "date": "2021-01-22 17:44:00", "subject": "7", "recorded-or-robo": "Y", "city": "Blasdell", "state": "NY", "area-code": "716"}, {"id": "e81c9350d54f66c6d33b3747ee250872", "number": "9044734211", "date": "2021-01-22 15:38:00", "subject": "2", "recorded-or-robo": "N", "city": "Cypress", "state": "TX", "area-code": "904"}, {"id": "e81c9350d54f66c6d33b3747ee2503c4", "number": "", "date": "2021-01-22 16:58:00", "subject": "9", "recorded-or-robo": "Y", "city": "", "state": "TX", "area-code": "936"}, {"id": "deca54a6651fb9add5b4a9816cba477d", "number": "9044734211", "date": "2021-01-22 15:38:00", "subject": "2", "recorded-or-robo": "N", "city": "Cypress", "state": "TX", "area-code": "904"}, {"id": "deca54a6651fb9add5b4a9816cba4465", "number": "", "date": "2021-01-22 16:58:00", "subject": "9", "recorded-or-robo": "Y", "city": "", "state": "TX", "area-code": "936"}, {"id": "e81c9350d54f66c6d33b3747ee24ff36", "number": "8188551275", "date": "2021-01-22 12:59:00", "subject": "0", "recorded-or-robo": "Y", "city": "Sylvan Lake", "state": "MI", "area-code": "248"}, {"id": "deca54a6651fb9add5b4a9816cba40df", "number": "8188551275", "date": "2021-01-22 12:59:00", "subject": "0", "recorded-or-robo": "Y", "city": "Sylvan Lake", "state": "MI", "area-code": "248"}, {"id": "e81c9350d54f66c6d33b3747ee56c3f6", "number": "+14796620174", "date": "2021-01-22 18:03:32", "subject": "3", "recorded-or-robo": "Y", "city": "", "state": "AR", "area-code": "479"}, {"id": "deca54a6651fb9add5b4a9816ceb3ab8", "number": "+14796620174", "date": "2021-01-22 18:03:32", "subject": "3", "recorded-or-robo": "Y", "city": "", "state": "AR", "area-code": "479"}, {"id": "e81c9350d54f66c6d33b3747ee24f976", "number": "8772191181", "date": "2021-01-22 09:30:00", "subject": "2", "recorded-or-robo": "Y", "city": "", "state": "CA", "area-code": "424"}, {"id": "deca54a6651fb9add5b4a9816cba3565", "number": "8772191181", "date": "2021-01-22 09:30:00", "subject": "2", "recorded-or-robo": "Y", "city": "", "state": "CA", "area-code": "424"}, {"id": "e81c9350d54f66c6d33b3747ee24eee8", "number": "9125498505", "date": "2020-12-28 08:11:00", "subject": "2", "recorded-or-robo": "Y", "city": "Colorado Springs", "state": "CO", "area-code": "912"}, {"id": "deca54a6651fb9add5b4a9816cba3267", "number": "9125498505", "date": "2020-12-28 08:11:00", "subject": "2", "recorded-or-robo": "Y", "city": "Colorado Springs", "state": "CO", "area-code": "912"}, {"id": "e81c9350d54f66c6d33b3747ee24e88f", "number": "7472242595", "date": "2021-01-21 14:21:00", "subject": "2", "recorded-or-robo": "N", "city": "Huntington Beach", "state": "CA", "area-code": "818"}, {"id": "deca54a6651fb9add5b4a9816cba2590", "number": "7472242595", "date": "2021-01-21 14:21:00", "subject": "2", "recorded-or-robo": "N", "city": "Huntington Beach", "state": "CA", "area-code": "818"}, {"id": "e81c9350d54f66c6d33b3747ee24de50", "number": "6105491600", "date": "2021-01-22 10:27:00", "subject": "3", "recorded-or-robo": "Y", "city": "", "state": "PA", "area-code": "610"}, {"id": "e81c9350d54f66c6d33b3747ee24884f", "number": "9544336851", "date": "2021-01-13 11:33:00", "subject": "3", "recorded-or-robo": "N", "city": "", "state": "CA", "area-code": "209"}, {"id": "deca54a6651fb9add5b4a9816cba1c08", "number": "6105491600", "date": "2021-01-22 10:27:00", "subject": "3", "recorded-or-robo": "Y", "city": "", "state": "PA", "area-code": "610"}, {"id": "deca54a6651fb9add5b4a9816cb9ac70", "number": "9544336851", "date": "2021-01-13 11:33:00", "subject": "3", "recorded-or-robo": "N", "city": "", "state": "CA", "area-code": "209"}, {"id": "e81c9350d54f66c6d33b3747ee5613c3", "number": "9062848694", "date": "2021-01-22 18:03:15", "subject": "3", "recorded-or-robo": "Y", "city": "", "state": "TX", "area-code": "512"}, {"id": "e81c9350d54f66c6d33b3747ee24d08c", "number": "70477301648", "date": "2021-01-22 17:32:00", "subject": "2", "recorded-or-robo": "Y", "city": "Charlotte", "state": "NC", "area-code": "704"}, {"id": "deca54a6651fb9add5b4a9816cea83cb", "number": "9062848694", "date": "2021-01-22 18:03:15", "subject": "3", "recorded-or-robo": "Y", "city": "", "state": "TX", "area-code": "512"}]}