{"data": [{"id": "deca54a6651fb9add5b4a9816caaf98a", "number": "9099768238", "date": "2021-01-22 14:28:00", "subject": "1", "recorded-or-robo": "Y", "city": "Los Angeles", "state": "CA", "area-code": "510"}, {"id": "e81c9350d54f66c6d33b3747ee15c3e2", "number": "6062599002", "date": "2021-01-22 15:27:00", "subject": "12", "recorded-or-robo": "N", "city": "Bentonville", "state": "AR", "area-code": "479"}, {"id": "deca54a6651fb9add5b4a9816caaecc9", "number": "6062599002", "date": "2021-01-22 15:27:00", "subject": "12", "recorded-or-robo": "N", "city": "Bentonville", "state": "AR", "area-code": "479"}, {"id": "e81c9350d54f66c6d33b3747ee1531cc", "number": "5628030519", "date": "2021-01-22 17:37:00", "subject": "3", "recorded-or-robo": "N", "city": "", "state": "WA", "area-code": "509"}, {"id": "deca54a6651fb9add5b4a9816caa4178", "number": "5628030519", "date": "2021-01-22 17:37:00", "subject": "3", "recorded-or-robo": "N", "city": "", "state": "WA", "area-code": "509"}, {"id": "e81c9350d54f66c6d33b3747ee533848", "number": "+13379990208", "date": "2021-01-22 17:38:36", "subject": "3", "recorded-or-robo": "Y", "city": "", "state": "PA", "area-code": "215"}, {"id": "deca54a6651fb9add5b4a9816ce78dfb", "number": "+13379990208", "date": "2021-01-22 17:38:36", "subject": "3", "recorded-or-robo": "Y", "city": "", "state": "PA", "area-code": "215"}, {"id": "e81c9350d54f66c6d33b3747ee15ba8c", "number": "5594611097", "date": "2021-01-05 09:00:00", "subject": "6", "recorded-or-robo": "Y", "city": "Saratoga", "state": "CA", "area-code": "408"}, {"id": "deca54a6651fb9add5b4a9816caae432", "number": "5594611097", "date": "2021-01-05 09:00:00", "subject": "6", "recorded-or-robo": "Y", "city": "Saratoga", "state": "CA", "area-code": "408"}, {"id": "e81c9350d54f66c6d33b3747ee5c841d", "number": "", "date": "2021-01-22 16:06:00", "subject": "3", "recorded-or-robo": "N", "city": "", "state": "GA", "area-code": "706"}, {"id": "deca54a6651fb9add5b4a9816cf1571b", "number": "", "date": "2021-01-22 16:06:00", "subject": "3", "recorded-or-robo": "N", "city": "", "state": "GA", "area-code": "706"}, {"id": "e81c9350d54f66c6d33b3747ee15b31e", "number": "6157522234", "date": "2021-01-22 15:12:00", "subject": "1", "recorded-or-robo": "Y", "city": "Florissant", "state": "MO", "area-code": "314"}, {"id": "deca54a6651fb9add5b4a9816caae067", "number": "6157522234", "date": "2021-01-22 15:12:00", "subject": "1", "recorded-or-robo": "Y", "city": "Florissant", "state": "MO", "area-code": "314"}, {"id": "e81c9350d54f66c6d33b3747ee15acc4", "number": "8137334215", "date": "2021-01-22 16:56:00", "subject": "2", "recorded-or-robo": "Y", "city": "", "state": "FL", "area-code": "904"}, {"id": "deca54a6651fb9add5b4a9816caad63b", "number": "8137334215", "date": "2021-01-22 16:56:00", "subject": "2", "recorded-or-robo": "Y", "city": "", "state": "FL", "area-code": "904"}, {"id": "e81c9350d54f66c6d33b3747ee15a6b0", "number": "6052034118", "date": "2021-01-19 15:06:00", "subject": "2", "recorded-or-robo": "Y", "city": "Sioux Falls", "state": "SD", "area-code": "605"}, {"id": "deca54a6651fb9add5b4a9816caac939", "number": "6052034118", "date": "2021-01-19 15:06:00", "subject": "2", "recorded-or-robo": "Y", "city": "Sioux Falls", "state": "SD", "area-code": "605"}, {"id": "e81c9350d54f66c6d33b3747ee532d90", "number": "+14056483783", "date": "2021-01-22 17:38:22", "subject": "3", "recorded-or-robo": "Y", "city": "", "state": "OK", "area-code": "405"}, {"id": "e81c9350d54f66c6d33b3747ee52d7af", "number": "+16035231473", "date": "2021-01-22 17:38:22", "subject": "3", "recorded-or-robo": "Y", "city": "", "state": "NH", "area-code": "603"}, {"id": "deca54a6651fb9add5b4a9816ce77448", "number": "+14056483783", "date": "2021-01-22 17:38:22", "subject": "3", "recorded-or-robo": "Y", "city": "", "state": "OK", "area-code": "405"}, {"id": "deca54a6651fb9add5b4a9816ce72801", "number": "+16035231473", "date": "2021-01-22 17:38:22", "subject": "3", "recorded-or-robo": "Y", "city": "", "state": "NH", "area-code": "603"}, {"id": "e81c9350d54f66c6d33b3747ee15a166", "number": "4157413467", "date": "2021-01-22 14:34:00", "subject": "4", "recorded-or-robo": "Y", "city": "Los Altos", "state": "CA", "area-code": "415"}, {"id": "deca54a6651fb9add5b4a9816caabe62", "number": "4157413467", "date": "2021-01-22 14:34:00", "subject": "4", "recorded-or-robo": "Y", "city": "Los Altos", "state": "CA", "area-code": "415"}, {"id": "e81c9350d54f66c6d33b3747ee159fc7", "number": "3345815191", "date": "2021-01-22 14:30:00", "subject": "2", "recorded-or-robo": "Y", "city": "", "state": "AL", "area-code": "334"}, {"id": "deca54a6651fb9add5b4a9816caab982", "number": "3345815191", "date": "2021-01-22 14:30:00", "subject": "2", "recorded-or-robo": "Y", "city": "", "state": "AL", "area-code": "334"}, {"id": "e81c9350d54f66c6d33b3747ee15930e", "number": "5067634647", "date": "2021-01-22 17:10:00", "subject": "2", "recorded-or-robo": "N", "city": "Lake Panasoffkee", "state": "FL", "area-code": "352"}, {"id": "deca54a6651fb9add5b4a9816caaab50", "number": "5067634647", "date": "2021-01-22 17:10:00", "subject": "2", "recorded-or-robo": "N", "city": "Lake Panasoffkee", "state": "FL", "area-code": "352"}, {"id": "e81c9350d54f66c6d33b3747ee158bba", "number": "4696633416", "date": "2021-01-22 11:37:00", "subject": "6", "recorded-or-robo": "N", "city": "", "state": "TX", "area-code": "469"}, {"id": "deca54a6651fb9add5b4a9816caaa2e3", "number": "4696633416", "date": "2021-01-22 11:37:00", "subject": "6", "recorded-or-robo": "N", "city": "", "state": "TX", "area-code": "469"}, {"id": "e81c9350d54f66c6d33b3747ee15802e", "number": "6197911977", "date": "2021-01-22 09:47:00", "subject": "2", "recorded-or-robo": "N", "city": "", "state": "CA", "area-code": "619"}, {"id": "deca54a6651fb9add5b4a9816caaa1ed", "number": "6197911977", "date": "2021-01-22 09:47:00", "subject": "2", "recorded-or-robo": "N", "city": "", "state": "CA", "area-code": "619"}, {"id": "e81c9350d54f66c6d33b3747ee15724a", "number": "7633476471", "date": "2021-01-22 14:35:00", "subject": "6", "recorded-or-robo": "N", "city": "Golden Valley", "state": "MN", "area-code": "763"}, {"id": "deca54a6651fb9add5b4a9816caa9b77", "number": "7633476471", "date": "2021-01-22 14:35:00", "subject": "6", "recorded-or-robo": "N", "city": "Golden Valley", "state": "MN", "area-code": "763"}, {"id": "e81c9350d54f66c6d33b3747ee1570b5", "number": "2023017367", "date": "2021-01-22 16:40:00", "subject": "1", "recorded-or-robo": "Y", "city": "Sandy Springs", "state": "GA", "area-code": "401"}, {"id": "e81c9350d54f66c6d33b3747ee156bc0", "number": "2195961206", "date": "2021-01-22 16:36:00", "subject": "4", "recorded-or-robo": "N", "city": "Michigan City", "state": "IN", "area-code": "219"}, {"id": "deca54a6651fb9add5b4a9816caa99d4", "number": "2023017367", "date": "2021-01-22 16:40:00", "subject": "1", "recorded-or-robo": "Y", "city": "Sandy Springs", "state": "GA", "area-code": "401"}, {"id": "deca54a6651fb9add5b4a9816caa8d7c", "number": "2195961206", "date": "2021-01-22 16:36:00", "subject": "4", "recorded-or-robo": "N", "city": "Michigan City", "state": "IN", "area-code": "219"}, {"id": "e81c9350d54f66c6d33b3747ee53252f", "number": "+16028770120", "date": "2021-01-22 17:38:01", "subject": "3", "recorded-or-robo": "Y", "city": "", "state": "AZ", "area-code": "602"}, {"id": "deca54a6651fb9add5b4a9816ce76aa0", "number": "+16028770120", "date": "2021-01-22 17:38:01", "subject": "3", "recorded-or-robo": "Y", "city": "", "state": "AZ", "area-code": "602"}, {"id": "e81c9350d54f66c6d33b3747ee155fb1", "number": "", "date": "2021-01-22 17:26:00", "subject": "2", "recorded-or-robo": "Y", "city": "Silver Spring", "state": "Do", "area-code": "202"}, {"id": "deca54a6651fb9add5b4a9816caa8bf9", "number": "", "date": "2021-01-22 17:26:00", "subject": "2", "recorded-or-robo": "Y", "city": "Silver Spring", "state": "Do", "area-code": "202"}, {"id": "e81c9350d54f66c6d33b3747ee1559c7", "number": "4157363558", "date": "2021-01-22 14:30:00", "subject": "9", "recorded-or-robo": "Y", "city": "Ventura", "state": "CA", "area-code": "805"}, {"id": "deca54a6651fb9add5b4a9816caa793a", "number": "4157363558", "date": "2021-01-22 14:30:00", "subject": "9", "recorded-or-robo": "Y", "city": "Ventura", "state": "CA", "area-code": "805"}, {"id": "e81c9350d54f66c6d33b3747ee15597e", "number": "7862883787", "date": "2021-01-21 13:46:00", "subject": "2", "recorded-or-robo": "Y", "city": "Wesley Chapel", "state": "FL", "area-code": "321"}, {"id": "deca54a6651fb9add5b4a9816caa76b6", "number": "7862883787", "date": "2021-01-21 13:46:00", "subject": "2", "recorded-or-robo": "Y", "city": "Wesley Chapel", "state": "FL", "area-code": "321"}, {"id": "e81c9350d54f66c6d33b3747ee151e34", "number": "3144581631", "date": "2021-01-22 15:13:00", "subject": "3", "recorded-or-robo": "N", "city": "", "state": "MO", "area-code": "314"}, {"id": "deca54a6651fb9add5b4a9816caa3537", "number": "3144581631", "date": "2021-01-22 15:13:00", "subject": "3", "recorded-or-robo": "N", "city": "", "state": "MO", "area-code": "314"}, {"id": "e81c9350d54f66c6d33b3747ee52d369", "number": "7042668685", "date": "2021-01-22 17:37:44", "subject": "3", "recorded-or-robo": "Y", "city": "", "state": "NC", "area-code": "704"}, {"id": "deca54a6651fb9add5b4a9816ce71b13", "number": "7042668685", "date": "2021-01-22 17:37:44", "subject": "3", "recorded-or-robo": "Y", "city": "", "state": "NC", "area-code": "704"}, {"id": "e81c9350d54f66c6d33b3747ee534c45", "number": "5026033249", "date": "2021-01-22 17:37:42", "subject": "3", "recorded-or-robo": "Y", "city": "", "state": "KY", "area-code": "502"}]}