{"data": [{"id": "deca54a6651fb9add5b4a9816cccfe93", "number": "9255806060", "date": "2021-01-22 03:15:00", "subject": "9", "recorded-or-robo": "Y", "city": "Ca", "state": "CA", "area-code": "925"}, {"id": "e81c9350d54f66c6d33b3747ee381807", "number": "7605642002", "date": "2021-01-11 00:00:00", "subject": "3", "recorded-or-robo": "", "city": "", "state": "CA", "area-code": "760"}, {"id": "deca54a6651fb9add5b4a9816cccfd92", "number": "7605642002", "date": "2021-01-11 00:00:00", "subject": "3", "recorded-or-robo": "", "city": "", "state": "CA", "area-code": "760"}, {"id": "e81c9350d54f66c6d33b3747ee9dd20f", "number": "+13616070038", "date": "2021-01-22 18:37:49", "subject": "3", "recorded-or-robo": "Y", "city": "", "state": "TX", "area-code": "361"}, {"id": "1d36742e3f24f50e4e7ae8280132e30a", "number": "+13616070038", "date": "2021-01-22 18:37:49", "subject": "3", "recorded-or-robo": "Y", "city": "", "state": "TX", "area-code": "361"}, {"id": "e81c9350d54f66c6d33b3747ee380b0d", "number": "8008922253", "date": "2021-01-22 17:16:00", "subject": "1", "recorded-or-robo": "Y", "city": "Shawnee", "state": "KS", "area-code": "913"}, {"id": "deca54a6651fb9add5b4a9816cccf82a", "number": "8008922253", "date": "2021-01-22 17:16:00", "subject": "1", "recorded-or-robo": "Y", "city": "Shawnee", "state": "KS", "area-code": "913"}, {"id": "e81c9350d54f66c6d33b3747ee9e07f3", "number": "+19514774101", "date": "2021-01-22 18:37:40", "subject": "3", "recorded-or-robo": "N", "city": "", "state": "CA", "area-code": "951"}, {"id": "1d36742e3f24f50e4e7ae828013312c7", "number": "+19514774101", "date": "2021-01-22 18:37:40", "subject": "3", "recorded-or-robo": "N", "city": "", "state": "CA", "area-code": "951"}, {"id": "e81c9350d54f66c6d33b3747ee9dc192", "number": "+19723385156", "date": "2021-01-22 18:37:39", "subject": "3", "recorded-or-robo": "Y", "city": "", "state": "TX", "area-code": "972"}, {"id": "1d36742e3f24f50e4e7ae8280132d937", "number": "+19723385156", "date": "2021-01-22 18:37:39", "subject": "3", "recorded-or-robo": "Y", "city": "", "state": "TX", "area-code": "972"}, {"id": "e81c9350d54f66c6d33b3747ee9da518", "number": "6264106261", "date": "2021-01-22 18:37:33", "subject": "3", "recorded-or-robo": "N", "city": "", "state": "TX", "area-code": "469"}, {"id": "e81c9350d54f66c6d33b3747ee37ff96", "number": "5592367467", "date": "2021-01-22 11:39:00", "subject": "2", "recorded-or-robo": "Y", "city": "Clovis", "state": "CA", "area-code": "559"}, {"id": "e81c9350d54f66c6d33b3747ee37faf9", "number": "4137304745", "date": "2021-01-22 00:00:00", "subject": "3", "recorded-or-robo": "N", "city": "Seminole", "state": "FL", "area-code": "978"}, {"id": "deca54a6651fb9add5b4a9816cccf483", "number": "5592367467", "date": "2021-01-22 11:39:00", "subject": "2", "recorded-or-robo": "Y", "city": "Clovis", "state": "CA", "area-code": "559"}, {"id": "deca54a6651fb9add5b4a9816ccce9dd", "number": "4137304745", "date": "2021-01-22 00:00:00", "subject": "3", "recorded-or-robo": "N", "city": "Seminole", "state": "FL", "area-code": "978"}, {"id": "1d36742e3f24f50e4e7ae8280132b471", "number": "6264106261", "date": "2021-01-22 18:37:33", "subject": "3", "recorded-or-robo": "N", "city": "", "state": "TX", "area-code": "469"}, {"id": "e81c9350d54f66c6d33b3747ee37f7f0", "number": "2142471405", "date": "2021-01-22 18:35:00", "subject": "0", "recorded-or-robo": "Y", "city": "", "state": "NY", "area-code": "917"}, {"id": "deca54a6651fb9add5b4a9816cccda2d", "number": "2142471405", "date": "2021-01-22 18:35:00", "subject": "0", "recorded-or-robo": "Y", "city": "", "state": "NY", "area-code": "917"}, {"id": "e81c9350d54f66c6d33b3747ee9dbf71", "number": "8158602148", "date": "2021-01-22 18:37:30", "subject": "3", "recorded-or-robo": "Y", "city": "", "state": "IL", "area-code": "815"}, {"id": "1d36742e3f24f50e4e7ae8280132cd93", "number": "8158602148", "date": "2021-01-22 18:37:30", "subject": "3", "recorded-or-robo": "Y", "city": "", "state": "IL", "area-code": "815"}, {"id": "e81c9350d54f66c6d33b3747ee37eeef", "number": "4438989891", "date": "2021-01-22 14:43:00", "subject": "2", "recorded-or-robo": "Y", "city": "Medford", "state": "OR", "area-code": "541"}, {"id": "deca54a6651fb9add5b4a9816cccd3c5", "number": "4438989891", "date": "2021-01-22 14:43:00", "subject": "2", "recorded-or-robo": "Y", "city": "Medford", "state": "OR", "area-code": "541"}, {"id": "e81c9350d54f66c6d33b3747ee37e3b0", "number": "", "date": "2021-01-22 11:39:00", "subject": "0", "recorded-or-robo": "Y", "city": "Old Bridge", "state": "NJ", "area-code": "973"}, {"id": "deca54a6651fb9add5b4a9816cccd119", "number": "", "date": "2021-01-22 11:39:00", "subject": "0", "recorded-or-robo": "Y", "city": "Old Bridge", "state": "NJ", "area-code": "973"}, {"id": "e81c9350d54f66c6d33b3747ee9dddfb", "number": "+12189673376", "date": "2021-01-22 18:37:23", "subject": "3", "recorded-or-robo": "Y", "city": "", "state": "MD", "area-code": "443"}, {"id": "1d36742e3f24f50e4e7ae8280132ed3d", "number": "+12189673376", "date": "2021-01-22 18:37:23", "subject": "3", "recorded-or-robo": "Y", "city": "", "state": "MD", "area-code": "443"}, {"id": "e81c9350d54f66c6d33b3747ee37e04c", "number": "7604803524", "date": "2021-01-11 00:00:00", "subject": "3", "recorded-or-robo": "", "city": "", "state": "CA", "area-code": "760"}, {"id": "deca54a6651fb9add5b4a9816ccccd45", "number": "7604803524", "date": "2021-01-11 00:00:00", "subject": "3", "recorded-or-robo": "", "city": "", "state": "CA", "area-code": "760"}, {"id": "e81c9350d54f66c6d33b3747ee37d746", "number": "4026806294", "date": "2021-01-22 14:32:00", "subject": "2", "recorded-or-robo": "N", "city": "Three Forks", "state": "WA", "area-code": "509"}, {"id": "deca54a6651fb9add5b4a9816cccc32c", "number": "4026806294", "date": "2021-01-22 14:32:00", "subject": "2", "recorded-or-robo": "N", "city": "Three Forks", "state": "WA", "area-code": "509"}, {"id": "e81c9350d54f66c6d33b3747ee37cf0d", "number": "3479906999", "date": "2021-01-22 18:33:00", "subject": "2", "recorded-or-robo": "Y", "city": "Mastic", "state": "NY", "area-code": "631"}, {"id": "deca54a6651fb9add5b4a9816cccb339", "number": "3479906999", "date": "2021-01-22 18:33:00", "subject": "2", "recorded-or-robo": "Y", "city": "Mastic", "state": "NY", "area-code": "631"}, {"id": "e81c9350d54f66c6d33b3747ee37c15c", "number": "8045755304", "date": "2021-01-04 16:42:00", "subject": "2", "recorded-or-robo": "Y", "city": "Plainsboro", "state": "NJ", "area-code": "609"}, {"id": "deca54a6651fb9add5b4a9816cccb169", "number": "8045755304", "date": "2021-01-04 16:42:00", "subject": "2", "recorded-or-robo": "Y", "city": "Plainsboro", "state": "NJ", "area-code": "609"}, {"id": "e81c9350d54f66c6d33b3747ee37bf63", "number": "4134226162", "date": "2021-01-22 18:30:00", "subject": "0", "recorded-or-robo": "Y", "city": "", "state": "MA", "area-code": "978"}, {"id": "deca54a6651fb9add5b4a9816cccabe5", "number": "4134226162", "date": "2021-01-22 18:30:00", "subject": "0", "recorded-or-robo": "Y", "city": "", "state": "MA", "area-code": "978"}, {"id": "e81c9350d54f66c6d33b3747ee37b256", "number": "4359155656", "date": "2021-01-22 14:16:00", "subject": "2", "recorded-or-robo": "Y", "city": "", "state": "TX", "area-code": "210"}, {"id": "deca54a6651fb9add5b4a9816ccc9e77", "number": "4359155656", "date": "2021-01-22 14:16:00", "subject": "2", "recorded-or-robo": "Y", "city": "", "state": "TX", "area-code": "210"}, {"id": "e81c9350d54f66c6d33b3747ee37a28c", "number": "5169081927", "date": "2021-01-22 07:20:00", "subject": "2", "recorded-or-robo": "Y", "city": "Los Angeles", "state": "WA", "area-code": "509"}, {"id": "e81c9350d54f66c6d33b3747ee379e01", "number": "4087406642", "date": "2021-01-18 09:00:00", "subject": "4", "recorded-or-robo": "Y", "city": "GILROY", "state": "CA", "area-code": "408"}, {"id": "deca54a6651fb9add5b4a9816ccc9a95", "number": "5169081927", "date": "2021-01-22 07:20:00", "subject": "2", "recorded-or-robo": "Y", "city": "Los Angeles", "state": "WA", "area-code": "509"}, {"id": "deca54a6651fb9add5b4a9816ccc93f5", "number": "4087406642", "date": "2021-01-18 09:00:00", "subject": "4", "recorded-or-robo": "Y", "city": "GILROY", "state": "CA", "area-code": "408"}, {"id": "e81c9350d54f66c6d33b3747ee9de82a", "number": "+18507062272", "date": "2021-01-22 18:37:00", "subject": "3", "recorded-or-robo": "Y", "city": "", "state": "OR", "area-code": "503"}, {"id": "1d36742e3f24f50e4e7ae8280132efcf", "number": "+18507062272", "date": "2021-01-22 18:37:00", "subject": "3", "recorded-or-robo": "Y", "city": "", "state": "OR", "area-code": "503"}, {"id": "e81c9350d54f66c6d33b3747ee379c30", "number": "8605643983", "date": "2021-01-22 15:55:00", "subject": "3", "recorded-or-robo": "Y", "city": "", "state": "CT", "area-code": "860"}, {"id": "deca54a6651fb9add5b4a9816ccc925e", "number": "8605643983", "date": "2021-01-22 15:55:00", "subject": "3", "recorded-or-robo": "Y", "city": "", "state": "CT", "area-code": "860"}, {"id": "e81c9350d54f66c6d33b3747ee376887", "number": "3145618435", "date": "2021-01-22 12:03:00", "subject": "3", "recorded-or-robo": "N", "city": "", "state": "MO", "area-code": "314"}, {"id": "deca54a6651fb9add5b4a9816ccc6dbc", "number": "3145618435", "date": "2021-01-22 12:03:00", "subject": "3", "recorded-or-robo": "N", "city": "", "state": "MO", "area-code": "314"}, {"id": "e81c9350d54f66c6d33b3747ee378e62", "number": "5073184024", "date": "2021-01-15 12:56:00", "subject": "2", "recorded-or-robo": "Y", "city": "Faribault", "state": "MN", "area-code": "507"}]}