{"data": [{"id": "b6a8da8b80f26332ed085cca2df198f0", "number": "3072782059", "date": "2021-01-22 09:10:00", "subject": "1", "recorded-or-robo": "Y", "city": "Lincoln", "state": "CA", "area-code": "916"}, {"id": "deca54a6651fb9add5b4a9816c864be1", "number": "8598384921", "date": "2021-01-21 00:00:00", "subject": "3", "recorded-or-robo": "", "city": "Lakeland", "state": "TN", "area-code": "901"}, {"id": "b6a8da8b80f26332ed085cca2df18a71", "number": "8598384921", "date": "2021-01-21 00:00:00", "subject": "3", "recorded-or-robo": "", "city": "Lakeland", "state": "TN", "area-code": "901"}, {"id": "deca54a6651fb9add5b4a9816c864963", "number": "3039610748", "date": "2021-01-22 14:33:00", "subject": "4", "recorded-or-robo": "Y", "city": "", "state": "CO", "area-code": "303"}, {"id": "b6a8da8b80f26332ed085cca2df17e3a", "number": "3039610748", "date": "2021-01-22 14:33:00", "subject": "4", "recorded-or-robo": "Y", "city": "", "state": "CO", "area-code": "303"}, {"id": "deca54a6651fb9add5b4a9816c8641f6", "number": "8583672013", "date": "2021-01-22 13:35:00", "subject": "2", "recorded-or-robo": "N", "city": "SAN DIEGO", "state": "CA", "area-code": "858"}, {"id": "b6a8da8b80f26332ed085cca2df178eb", "number": "8583672013", "date": "2021-01-22 13:35:00", "subject": "2", "recorded-or-robo": "N", "city": "SAN DIEGO", "state": "CA", "area-code": "858"}, {"id": "deca54a6651fb9add5b4a9816c863202", "number": "3213433177", "date": "2021-01-22 15:01:00", "subject": "0", "recorded-or-robo": "N", "city": "The Villages", "state": "FL", "area-code": "352"}, {"id": "b6a8da8b80f26332ed085cca2df16f70", "number": "3213433177", "date": "2021-01-22 15:01:00", "subject": "0", "recorded-or-robo": "N", "city": "The Villages", "state": "FL", "area-code": "352"}, {"id": "deca54a6651fb9add5b4a9816c8624ff", "number": "7157085045", "date": "2021-01-22 09:10:00", "subject": "0", "recorded-or-robo": "N", "city": "Black River Falls", "state": "WI", "area-code": "715"}, {"id": "b6a8da8b80f26332ed085cca2df164bf", "number": "7157085045", "date": "2021-01-22 09:10:00", "subject": "0", "recorded-or-robo": "N", "city": "Black River Falls", "state": "WI", "area-code": "715"}, {"id": "deca54a6651fb9add5b4a9816c86181a", "number": "5754242638", "date": "2021-01-22 13:34:00", "subject": "1", "recorded-or-robo": "Y", "city": "", "state": "CA", "area-code": "626"}, {"id": "b6a8da8b80f26332ed085cca2df160ec", "number": "5754242638", "date": "2021-01-22 13:34:00", "subject": "1", "recorded-or-robo": "Y", "city": "", "state": "CA", "area-code": "626"}, {"id": "deca54a6651fb9add5b4a9816c860eb2", "number": "", "date": "2021-01-22 15:35:00", "subject": "4", "recorded-or-robo": "Y", "city": "Victoria", "state": "TX", "area-code": "940"}, {"id": "deca54a6651fb9add5b4a9816c85ccaa", "number": "3047459344", "date": "2021-01-22 16:13:00", "subject": "3", "recorded-or-robo": "N", "city": "", "state": "WV", "area-code": "304"}, {"id": "b6a8da8b80f26332ed085cca2df1572e", "number": "", "date": "2021-01-22 15:35:00", "subject": "4", "recorded-or-robo": "Y", "city": "Victoria", "state": "TX", "area-code": "940"}, {"id": "b6a8da8b80f26332ed085cca2df10564", "number": "3047459344", "date": "2021-01-22 16:13:00", "subject": "3", "recorded-or-robo": "N", "city": "", "state": "WV", "area-code": "304"}, {"id": "deca54a6651fb9add5b4a9816c86060e", "number": "2106941365", "date": "2021-01-22 15:29:00", "subject": "4", "recorded-or-robo": "Y", "city": "", "state": "TX", "area-code": "210"}, {"id": "b6a8da8b80f26332ed085cca2df1496b", "number": "2106941365", "date": "2021-01-22 15:29:00", "subject": "4", "recorded-or-robo": "Y", "city": "", "state": "TX", "area-code": "210"}, {"id": "deca54a6651fb9add5b4a9816c85fd16", "number": "9195594525", "date": "2021-01-22 16:01:00", "subject": "2", "recorded-or-robo": "N", "city": "Durham", "state": "NC", "area-code": "919"}, {"id": "b6a8da8b80f26332ed085cca2df13f6f", "number": "9195594525", "date": "2021-01-22 16:01:00", "subject": "2", "recorded-or-robo": "N", "city": "Durham", "state": "NC", "area-code": "919"}, {"id": "deca54a6651fb9add5b4a9816c85f6d4", "number": "8502960447", "date": "2021-01-20 10:31:00", "subject": "0", "recorded-or-robo": "", "city": "", "state": "FL", "area-code": "850"}, {"id": "b6a8da8b80f26332ed085cca2df13df1", "number": "8502960447", "date": "2021-01-20 10:31:00", "subject": "0", "recorded-or-robo": "", "city": "", "state": "FL", "area-code": "850"}, {"id": "deca54a6651fb9add5b4a9816c85e989", "number": "9032248245", "date": "2021-01-22 15:49:00", "subject": "2", "recorded-or-robo": "", "city": "Haverhill", "state": "MA", "area-code": "978"}, {"id": "b6a8da8b80f26332ed085cca2df13291", "number": "9032248245", "date": "2021-01-22 15:49:00", "subject": "2", "recorded-or-robo": "", "city": "Haverhill", "state": "MA", "area-code": "978"}, {"id": "deca54a6651fb9add5b4a9816c85e5e7", "number": "3444031", "date": "2021-01-22 13:39:00", "subject": "6", "recorded-or-robo": "Y", "city": "Port Townsend", "state": "WA", "area-code": "360"}, {"id": "b6a8da8b80f26332ed085cca2df129d1", "number": "3444031", "date": "2021-01-22 13:39:00", "subject": "6", "recorded-or-robo": "Y", "city": "Port Townsend", "state": "WA", "area-code": "360"}, {"id": "deca54a6651fb9add5b4a9816c85e532", "number": "8652239750", "date": "2021-01-21 00:00:00", "subject": "3", "recorded-or-robo": "", "city": "Lakeland", "state": "TN", "area-code": "901"}, {"id": "b6a8da8b80f26332ed085cca2df12307", "number": "8652239750", "date": "2021-01-21 00:00:00", "subject": "3", "recorded-or-robo": "", "city": "Lakeland", "state": "TN", "area-code": "901"}, {"id": "deca54a6651fb9add5b4a9816c85dc45", "number": "8333620391", "date": "2021-01-22 12:23:00", "subject": "4", "recorded-or-robo": "Y", "city": "", "state": "OR", "area-code": "541"}, {"id": "b6a8da8b80f26332ed085cca2df1145b", "number": "8333620391", "date": "2021-01-22 12:23:00", "subject": "4", "recorded-or-robo": "Y", "city": "", "state": "OR", "area-code": "541"}, {"id": "deca54a6651fb9add5b4a9816c85d7f2", "number": "8064170566", "date": "2021-01-21 15:06:00", "subject": "1", "recorded-or-robo": "Y", "city": "Altadena", "state": "CA", "area-code": "626"}, {"id": "b6a8da8b80f26332ed085cca2df10da5", "number": "8064170566", "date": "2021-01-21 15:06:00", "subject": "1", "recorded-or-robo": "Y", "city": "Altadena", "state": "CA", "area-code": "626"}, {"id": "deca54a6651fb9add5b4a9816c85cac9", "number": "6305924687", "date": "2021-01-22 15:40:00", "subject": "2", "recorded-or-robo": "Y", "city": "Sugar Grove", "state": "IL", "area-code": "630"}, {"id": "b6a8da8b80f26332ed085cca2df104eb", "number": "6305924687", "date": "2021-01-22 15:40:00", "subject": "2", "recorded-or-robo": "Y", "city": "Sugar Grove", "state": "IL", "area-code": "630"}, {"id": "deca54a6651fb9add5b4a9816c85bf7e", "number": "6094938775", "date": "2021-01-22 16:19:00", "subject": "4", "recorded-or-robo": "Y", "city": "", "state": "NY", "area-code": "347"}, {"id": "b6a8da8b80f26332ed085cca2df0f50b", "number": "6094938775", "date": "2021-01-22 16:19:00", "subject": "4", "recorded-or-robo": "Y", "city": "", "state": "NY", "area-code": "347"}, {"id": "deca54a6651fb9add5b4a9816c85b287", "number": "7034721107", "date": "2021-01-22 16:39:00", "subject": "3", "recorded-or-robo": "", "city": "", "state": "VA", "area-code": "703"}, {"id": "b6a8da8b80f26332ed085cca2df0e986", "number": "7034721107", "date": "2021-01-22 16:39:00", "subject": "3", "recorded-or-robo": "", "city": "", "state": "VA", "area-code": "703"}, {"id": "e81c9350d54f66c6d33b3747ee4cb9a9", "number": "+14133418764", "date": "2021-01-22 16:42:17", "subject": "3", "recorded-or-robo": "Y", "city": "", "state": "MA", "area-code": "617"}, {"id": "deca54a6651fb9add5b4a9816ce106d3", "number": "+14133418764", "date": "2021-01-22 16:42:17", "subject": "3", "recorded-or-robo": "Y", "city": "", "state": "MA", "area-code": "617"}, {"id": "deca54a6651fb9add5b4a9816c85a4ad", "number": "8332282175", "date": "2020-09-19 12:00:00", "subject": "11", "recorded-or-robo": "N", "city": "Portland", "state": "OR", "area-code": "503"}, {"id": "deca54a6651fb9add5b4a9816c8598ec", "number": "7126616413", "date": "2021-01-20 11:32:00", "subject": "0", "recorded-or-robo": "", "city": "", "state": "FL", "area-code": "850"}, {"id": "deca54a6651fb9add5b4a9816c85918d", "number": "6364413902", "date": "2021-01-22 15:39:00", "subject": "2", "recorded-or-robo": "Y", "city": "St Peters", "state": "MO", "area-code": "636"}, {"id": "deca54a6651fb9add5b4a9816c8581c6", "number": "8168957870", "date": "2021-01-21 00:00:00", "subject": "3", "recorded-or-robo": "", "city": "Lakeland", "state": "TN", "area-code": "901"}, {"id": "b6a8da8b80f26332ed085cca2df0e6b9", "number": "8332282175", "date": "2020-09-19 12:00:00", "subject": "11", "recorded-or-robo": "N", "city": "Portland", "state": "OR", "area-code": "503"}, {"id": "b6a8da8b80f26332ed085cca2df0e57a", "number": "7126616413", "date": "2021-01-20 11:32:00", "subject": "0", "recorded-or-robo": "", "city": "", "state": "FL", "area-code": "850"}, {"id": "b6a8da8b80f26332ed085cca2df0da5d", "number": "6364413902", "date": "2021-01-22 15:39:00", "subject": "2", "recorded-or-robo": "Y", "city": "St Peters", "state": "MO", "area-code": "636"}, {"id": "b6a8da8b80f26332ed085cca2df0cafb", "number": "8168957870", "date": "2021-01-21 00:00:00", "subject": "3", "recorded-or-robo": "", "city": "Lakeland", "state": "TN", "area-code": "901"}, {"id": "deca54a6651fb9add5b4a9816c857706", "number": "8332298920", "date": "2021-01-22 03:32:00", "subject": "2", "recorded-or-robo": "N", "city": "Trussville", "state": "AL", "area-code": "205"}]}