{"data": [{"id": "deca54a6651fb9add5b4a9816c98428c", "number": "4253617779", "date": "2021-01-22 15:00:00", "subject": "5", "recorded-or-robo": "Y", "city": "Denver", "state": "CO", "area-code": "425"}, {"id": "e81c9350d54f66c6d33b3747ee034018", "number": "4696137700", "date": "2021-01-22 13:29:00", "subject": "2", "recorded-or-robo": "N", "city": "SAN FRANCISCO", "state": "CA", "area-code": "415"}, {"id": "deca54a6651fb9add5b4a9816c98401a", "number": "4696137700", "date": "2021-01-22 13:29:00", "subject": "2", "recorded-or-robo": "N", "city": "SAN FRANCISCO", "state": "CA", "area-code": "415"}, {"id": "e81c9350d54f66c6d33b3747ee033841", "number": "6094569795", "date": "2021-01-22 00:00:00", "subject": "1", "recorded-or-robo": "N", "city": "", "state": "NJ", "area-code": "609"}, {"id": "e81c9350d54f66c6d33b3747ee032af0", "number": "6084072094", "date": "2021-01-22 16:00:00", "subject": "2", "recorded-or-robo": "Y", "city": "Madison", "state": "WI", "area-code": "608"}, {"id": "deca54a6651fb9add5b4a9816c983b24", "number": "6094569795", "date": "2021-01-22 00:00:00", "subject": "1", "recorded-or-robo": "N", "city": "", "state": "NJ", "area-code": "609"}, {"id": "deca54a6651fb9add5b4a9816c982ee1", "number": "6084072094", "date": "2021-01-22 16:00:00", "subject": "2", "recorded-or-robo": "Y", "city": "Madison", "state": "WI", "area-code": "608"}, {"id": "e81c9350d54f66c6d33b3747ee032480", "number": "8182671785", "date": "2021-01-20 11:58:00", "subject": "2", "recorded-or-robo": "N", "city": "Las Vegas", "state": "NV", "area-code": "702"}, {"id": "deca54a6651fb9add5b4a9816c982c4e", "number": "8182671785", "date": "2021-01-20 11:58:00", "subject": "2", "recorded-or-robo": "N", "city": "Las Vegas", "state": "NV", "area-code": "702"}, {"id": "e81c9350d54f66c6d33b3747ee0317fc", "number": "3168303907", "date": "2021-01-22 10:55:00", "subject": "0", "recorded-or-robo": "Y", "city": "Redlands", "state": "CA", "area-code": "951"}, {"id": "e81c9350d54f66c6d33b3747ee031742", "number": "2402199148", "date": "2021-01-11 12:26:00", "subject": "2", "recorded-or-robo": "Y", "city": "Leonardtown", "state": "MD", "area-code": "240"}, {"id": "deca54a6651fb9add5b4a9816c982aad", "number": "3168303907", "date": "2021-01-22 10:55:00", "subject": "0", "recorded-or-robo": "Y", "city": "Redlands", "state": "CA", "area-code": "951"}, {"id": "deca54a6651fb9add5b4a9816c981c44", "number": "2402199148", "date": "2021-01-11 12:26:00", "subject": "2", "recorded-or-robo": "Y", "city": "Leonardtown", "state": "MD", "area-code": "240"}, {"id": "e81c9350d54f66c6d33b3747ee030c09", "number": "8001734828", "date": "2021-01-22 14:35:00", "subject": "1", "recorded-or-robo": "Y", "city": "austin", "state": "TX", "area-code": "512"}, {"id": "deca54a6651fb9add5b4a9816c981487", "number": "8001734828", "date": "2021-01-22 14:35:00", "subject": "1", "recorded-or-robo": "Y", "city": "austin", "state": "TX", "area-code": "512"}, {"id": "e81c9350d54f66c6d33b3747ee0301bb", "number": "9132433570", "date": "2021-01-22 12:26:00", "subject": "6", "recorded-or-robo": "Y", "city": "Olathe", "state": "KS", "area-code": "913"}, {"id": "deca54a6651fb9add5b4a9816c9813b5", "number": "9132433570", "date": "2021-01-22 12:26:00", "subject": "6", "recorded-or-robo": "Y", "city": "Olathe", "state": "KS", "area-code": "913"}, {"id": "e81c9350d54f66c6d33b3747ee4f7a95", "number": "4402731273", "date": "2021-01-22 17:08:16", "subject": "3", "recorded-or-robo": "Y", "city": "", "state": "OH", "area-code": "440"}, {"id": "e81c9350d54f66c6d33b3747ee030084", "number": "8594973828", "date": "2021-01-22 17:02:00", "subject": "9", "recorded-or-robo": "Y", "city": "Nicholasville", "state": "KY", "area-code": "859"}, {"id": "e81c9350d54f66c6d33b3747ee02fef2", "number": "8138629449", "date": "2021-01-22 17:05:00", "subject": "2", "recorded-or-robo": "N", "city": "Ponte Vedra", "state": "FL", "area-code": "813"}, {"id": "deca54a6651fb9add5b4a9816ce3ff32", "number": "4402731273", "date": "2021-01-22 17:08:16", "subject": "3", "recorded-or-robo": "Y", "city": "", "state": "OH", "area-code": "440"}, {"id": "deca54a6651fb9add5b4a9816c98113a", "number": "8594973828", "date": "2021-01-22 17:02:00", "subject": "9", "recorded-or-robo": "Y", "city": "Nicholasville", "state": "KY", "area-code": "859"}, {"id": "deca54a6651fb9add5b4a9816c980928", "number": "8138629449", "date": "2021-01-22 17:05:00", "subject": "2", "recorded-or-robo": "N", "city": "Ponte Vedra", "state": "FL", "area-code": "813"}, {"id": "e81c9350d54f66c6d33b3747ee02f4a0", "number": "5707768649", "date": "2021-01-22 12:06:00", "subject": "4", "recorded-or-robo": "Y", "city": "Easton", "state": "PA", "area-code": "484"}, {"id": "deca54a6651fb9add5b4a9816c9802ea", "number": "5707768649", "date": "2021-01-22 12:06:00", "subject": "4", "recorded-or-robo": "Y", "city": "Easton", "state": "PA", "area-code": "484"}, {"id": "e81c9350d54f66c6d33b3747ee02f35a", "number": "5412978479", "date": "2021-01-22 14:01:00", "subject": "9", "recorded-or-robo": "Y", "city": "Tigard", "state": "OR", "area-code": "541"}, {"id": "deca54a6651fb9add5b4a9816c97ff54", "number": "5412978479", "date": "2021-01-22 14:01:00", "subject": "9", "recorded-or-robo": "Y", "city": "Tigard", "state": "OR", "area-code": "541"}, {"id": "e81c9350d54f66c6d33b3747ee02e4fd", "number": "3612167839", "date": "2021-01-22 17:05:00", "subject": "2", "recorded-or-robo": "Y", "city": "Prince Frederick", "state": "MD", "area-code": "443"}, {"id": "deca54a6651fb9add5b4a9816c97f927", "number": "3612167839", "date": "2021-01-22 17:05:00", "subject": "2", "recorded-or-robo": "Y", "city": "Prince Frederick", "state": "MD", "area-code": "443"}, {"id": "e81c9350d54f66c6d33b3747ee027eea", "number": "7084998115", "date": "2021-01-22 11:47:00", "subject": "3", "recorded-or-robo": "N", "city": "", "state": "IL", "area-code": "708"}, {"id": "deca54a6651fb9add5b4a9816c979100", "number": "7084998115", "date": "2021-01-22 11:47:00", "subject": "3", "recorded-or-robo": "N", "city": "", "state": "IL", "area-code": "708"}, {"id": "e81c9350d54f66c6d33b3747ee02db42", "number": "", "date": "2021-01-22 16:40:00", "subject": "1", "recorded-or-robo": "Y", "city": "Abington", "state": "PA", "area-code": "215"}, {"id": "deca54a6651fb9add5b4a9816c97f454", "number": "", "date": "2021-01-22 16:40:00", "subject": "1", "recorded-or-robo": "Y", "city": "Abington", "state": "PA", "area-code": "215"}, {"id": "e81c9350d54f66c6d33b3747ee02ce98", "number": "", "date": "2021-01-22 09:20:00", "subject": "0", "recorded-or-robo": "Y", "city": "Saginaw", "state": "MI", "area-code": "989"}, {"id": "e81c9350d54f66c6d33b3747ee02c2c7", "number": "3156696794", "date": "2021-01-21 07:52:00", "subject": "2", "recorded-or-robo": "Y", "city": "", "state": "NY", "area-code": "845"}, {"id": "e81c9350d54f66c6d33b3747ee02b53a", "number": "9197015272", "date": "2021-01-19 11:17:00", "subject": "4", "recorded-or-robo": "Y", "city": "", "state": "NC", "area-code": "919"}, {"id": "deca54a6651fb9add5b4a9816c97e4eb", "number": "", "date": "2021-01-22 09:20:00", "subject": "0", "recorded-or-robo": "Y", "city": "Saginaw", "state": "MI", "area-code": "989"}, {"id": "deca54a6651fb9add5b4a9816c97e1ff", "number": "3156696794", "date": "2021-01-21 07:52:00", "subject": "2", "recorded-or-robo": "Y", "city": "", "state": "NY", "area-code": "845"}, {"id": "deca54a6651fb9add5b4a9816c97dde0", "number": "9197015272", "date": "2021-01-19 11:17:00", "subject": "4", "recorded-or-robo": "Y", "city": "", "state": "NC", "area-code": "919"}, {"id": "e81c9350d54f66c6d33b3747ee02b215", "number": "9088290085", "date": "2021-01-22 17:02:00", "subject": "0", "recorded-or-robo": "Y", "city": "Scotch Plains", "state": "NJ", "area-code": "917"}, {"id": "deca54a6651fb9add5b4a9816c97d8ac", "number": "9088290085", "date": "2021-01-22 17:02:00", "subject": "0", "recorded-or-robo": "Y", "city": "Scotch Plains", "state": "NJ", "area-code": "917"}, {"id": "e81c9350d54f66c6d33b3747ee02aea9", "number": "6232538493", "date": "2021-01-22 15:00:00", "subject": "2", "recorded-or-robo": "Y", "city": "Chandler", "state": "AZ", "area-code": "623"}, {"id": "deca54a6651fb9add5b4a9816c97d336", "number": "6232538493", "date": "2021-01-22 15:00:00", "subject": "2", "recorded-or-robo": "Y", "city": "Chandler", "state": "AZ", "area-code": "623"}, {"id": "e81c9350d54f66c6d33b3747ee02a895", "number": "9164762304", "date": "2021-01-20 16:28:00", "subject": "0", "recorded-or-robo": "Y", "city": "Redlands", "state": "CA", "area-code": "951"}, {"id": "deca54a6651fb9add5b4a9816c97c438", "number": "9164762304", "date": "2021-01-20 16:28:00", "subject": "0", "recorded-or-robo": "Y", "city": "Redlands", "state": "CA", "area-code": "951"}, {"id": "e81c9350d54f66c6d33b3747ee4f00aa", "number": "6615896806", "date": "2021-01-22 17:07:52", "subject": "3", "recorded-or-robo": "N", "city": "", "state": "CA", "area-code": "661"}, {"id": "e81c9350d54f66c6d33b3747ee029bde", "number": "6094564872", "date": "2021-01-21 00:00:00", "subject": "1", "recorded-or-robo": "N", "city": "", "state": "NJ", "area-code": "609"}, {"id": "deca54a6651fb9add5b4a9816ce39784", "number": "6615896806", "date": "2021-01-22 17:07:52", "subject": "3", "recorded-or-robo": "N", "city": "", "state": "CA", "area-code": "661"}, {"id": "deca54a6651fb9add5b4a9816c97bea7", "number": "6094564872", "date": "2021-01-21 00:00:00", "subject": "1", "recorded-or-robo": "N", "city": "", "state": "NJ", "area-code": "609"}, {"id": "e81c9350d54f66c6d33b3747ee029b2a", "number": "9373023622", "date": "2021-01-22 16:55:00", "subject": "7", "recorded-or-robo": "Y", "city": "Dayton", "state": "OH", "area-code": "937"}]}