{"data": [{"id": "deca54a6651fb9add5b4a9816cb60400", "number": "9736095166", "date": "2021-01-22 17:45:00", "subject": "4", "recorded-or-robo": "N", "city": "Parsippany", "state": "NJ", "area-code": "973"}, {"id": "e81c9350d54f66c6d33b3747ee55ccaa", "number": "+16612159447", "date": "2021-01-22 17:56:29", "subject": "3", "recorded-or-robo": "N", "city": "", "state": "CA", "area-code": "626"}, {"id": "e81c9350d54f66c6d33b3747ee5557c8", "number": "6035423929", "date": "2021-01-22 17:56:29", "subject": "3", "recorded-or-robo": "Y", "city": "", "state": "NH", "area-code": "603"}, {"id": "e81c9350d54f66c6d33b3747ee20db1c", "number": "2105269581", "date": "2021-01-22 09:55:00", "subject": "1", "recorded-or-robo": "Y", "city": "Owings Mills", "state": "MD", "area-code": "443"}, {"id": "deca54a6651fb9add5b4a9816cea3e13", "number": "+16612159447", "date": "2021-01-22 17:56:29", "subject": "3", "recorded-or-robo": "N", "city": "", "state": "CA", "area-code": "626"}, {"id": "deca54a6651fb9add5b4a9816ce9d66f", "number": "6035423929", "date": "2021-01-22 17:56:29", "subject": "3", "recorded-or-robo": "Y", "city": "", "state": "NH", "area-code": "603"}, {"id": "deca54a6651fb9add5b4a9816cb5facf", "number": "2105269581", "date": "2021-01-22 09:55:00", "subject": "1", "recorded-or-robo": "Y", "city": "Owings Mills", "state": "MD", "area-code": "443"}, {"id": "e81c9350d54f66c6d33b3747ee550bab", "number": "+18502514292", "date": "2021-01-22 17:56:28", "subject": "3", "recorded-or-robo": "Y", "city": "", "state": "FL", "area-code": "727"}, {"id": "deca54a6651fb9add5b4a9816ce9a681", "number": "+18502514292", "date": "2021-01-22 17:56:28", "subject": "3", "recorded-or-robo": "Y", "city": "", "state": "FL", "area-code": "727"}, {"id": "e81c9350d54f66c6d33b3747ee20da39", "number": "6615921670", "date": "2021-01-22 10:55:00", "subject": "6", "recorded-or-robo": "Y", "city": "Bakersfield", "state": "CA", "area-code": "661"}, {"id": "deca54a6651fb9add5b4a9816cb5f18d", "number": "6615921670", "date": "2021-01-22 10:55:00", "subject": "6", "recorded-or-robo": "Y", "city": "Bakersfield", "state": "CA", "area-code": "661"}, {"id": "e81c9350d54f66c6d33b3747ee5d19f9", "number": "2523184174", "date": "2021-01-22 00:00:00", "subject": "3", "recorded-or-robo": "Y", "city": "", "state": "IL", "area-code": "815"}, {"id": "deca54a6651fb9add5b4a9816cf1dbe2", "number": "2523184174", "date": "2021-01-22 00:00:00", "subject": "3", "recorded-or-robo": "Y", "city": "", "state": "IL", "area-code": "815"}, {"id": "e81c9350d54f66c6d33b3747ee55ec90", "number": "+13374761417", "date": "2021-01-22 17:56:20", "subject": "3", "recorded-or-robo": "Y", "city": "", "state": "SC", "area-code": "864"}, {"id": "deca54a6651fb9add5b4a9816cea5b51", "number": "+13374761417", "date": "2021-01-22 17:56:20", "subject": "3", "recorded-or-robo": "Y", "city": "", "state": "SC", "area-code": "864"}, {"id": "e81c9350d54f66c6d33b3747ee20d62d", "number": "8438929754", "date": "2021-01-22 10:29:00", "subject": "2", "recorded-or-robo": "Y", "city": "", "state": "AL", "area-code": "205"}, {"id": "deca54a6651fb9add5b4a9816cb5d590", "number": "8438929754", "date": "2021-01-22 10:29:00", "subject": "2", "recorded-or-robo": "Y", "city": "", "state": "AL", "area-code": "205"}, {"id": "e81c9350d54f66c6d33b3747ee20d407", "number": "8102045249", "date": "2021-01-22 12:48:00", "subject": "0", "recorded-or-robo": "Y", "city": "Plymouth", "state": "MI", "area-code": "734"}, {"id": "deca54a6651fb9add5b4a9816cb5d503", "number": "8102045249", "date": "2021-01-22 12:48:00", "subject": "0", "recorded-or-robo": "Y", "city": "Plymouth", "state": "MI", "area-code": "734"}, {"id": "e81c9350d54f66c6d33b3747ee54fddb", "number": "+15312207678", "date": "2021-01-22 17:56:13", "subject": "3", "recorded-or-robo": "Y", "city": "", "state": "CA", "area-code": "714"}, {"id": "deca54a6651fb9add5b4a9816ce99274", "number": "+15312207678", "date": "2021-01-22 17:56:13", "subject": "3", "recorded-or-robo": "Y", "city": "", "state": "CA", "area-code": "714"}, {"id": "e81c9350d54f66c6d33b3747ee20d161", "number": "6504464101", "date": "2021-01-22 10:53:00", "subject": "2", "recorded-or-robo": "N", "city": "Huntington Beach", "state": "CA", "area-code": "818"}, {"id": "deca54a6651fb9add5b4a9816cb5c708", "number": "6504464101", "date": "2021-01-22 10:53:00", "subject": "2", "recorded-or-robo": "N", "city": "Huntington Beach", "state": "CA", "area-code": "818"}, {"id": "e81c9350d54f66c6d33b3747ee20c2eb", "number": "2076979572", "date": "2021-01-22 17:52:00", "subject": "4", "recorded-or-robo": "Y", "city": "", "state": "ME", "area-code": "207"}, {"id": "e81c9350d54f66c6d33b3747ee20b43d", "number": "4153954496", "date": "2021-01-22 17:22:00", "subject": "4", "recorded-or-robo": "N", "city": "Deltona", "state": "CA", "area-code": "714"}, {"id": "deca54a6651fb9add5b4a9816cb5bcc5", "number": "2076979572", "date": "2021-01-22 17:52:00", "subject": "4", "recorded-or-robo": "Y", "city": "", "state": "ME", "area-code": "207"}, {"id": "deca54a6651fb9add5b4a9816cb5b740", "number": "4153954496", "date": "2021-01-22 17:22:00", "subject": "4", "recorded-or-robo": "N", "city": "Deltona", "state": "CA", "area-code": "714"}, {"id": "e81c9350d54f66c6d33b3747ee20a7a5", "number": "3304390889", "date": "2021-01-22 17:21:00", "subject": "2", "recorded-or-robo": "Y", "city": "", "state": "OH", "area-code": "440"}, {"id": "e81c9350d54f66c6d33b3747ee20a059", "number": "9492848076", "date": "2021-01-22 12:00:00", "subject": "2", "recorded-or-robo": "Y", "city": "Agua Dulce", "state": "CA", "area-code": "661"}, {"id": "deca54a6651fb9add5b4a9816cb5b6ef", "number": "3304390889", "date": "2021-01-22 17:21:00", "subject": "2", "recorded-or-robo": "Y", "city": "", "state": "OH", "area-code": "440"}, {"id": "deca54a6651fb9add5b4a9816cb5b217", "number": "9492848076", "date": "2021-01-22 12:00:00", "subject": "2", "recorded-or-robo": "Y", "city": "Agua Dulce", "state": "CA", "area-code": "661"}, {"id": "e81c9350d54f66c6d33b3747ee208a8d", "number": "5302649074", "date": "2021-01-21 12:48:00", "subject": "4", "recorded-or-robo": "Y", "city": "Orange", "state": "CA", "area-code": "714"}, {"id": "e81c9350d54f66c6d33b3747ee208224", "number": "4017198998", "date": "2021-01-22 06:00:00", "subject": "3", "recorded-or-robo": "Y", "city": "", "state": "IL", "area-code": "618"}, {"id": "deca54a6651fb9add5b4a9816cb5a3dd", "number": "5302649074", "date": "2021-01-21 12:48:00", "subject": "4", "recorded-or-robo": "Y", "city": "Orange", "state": "CA", "area-code": "714"}, {"id": "deca54a6651fb9add5b4a9816cb59da5", "number": "4017198998", "date": "2021-01-22 06:00:00", "subject": "3", "recorded-or-robo": "Y", "city": "", "state": "IL", "area-code": "618"}, {"id": "e81c9350d54f66c6d33b3747ee20770f", "number": "6092690959", "date": "2021-01-14 00:00:00", "subject": "2", "recorded-or-robo": "Y", "city": "", "state": "NJ", "area-code": "609"}, {"id": "deca54a6651fb9add5b4a9816cb594a5", "number": "6092690959", "date": "2021-01-14 00:00:00", "subject": "2", "recorded-or-robo": "Y", "city": "", "state": "NJ", "area-code": "609"}, {"id": "e81c9350d54f66c6d33b3747ee54d535", "number": "+19033463371", "date": "2021-01-22 17:55:55", "subject": "3", "recorded-or-robo": "Y", "city": "", "state": "TX", "area-code": "817"}, {"id": "e81c9350d54f66c6d33b3747ee20752a", "number": "8007883058", "date": "2021-01-22 09:04:00", "subject": "2", "recorded-or-robo": "Y", "city": "Menands", "state": "NY", "area-code": "518"}, {"id": "deca54a6651fb9add5b4a9816ce96991", "number": "+19033463371", "date": "2021-01-22 17:55:55", "subject": "3", "recorded-or-robo": "Y", "city": "", "state": "TX", "area-code": "817"}, {"id": "deca54a6651fb9add5b4a9816cb5944e", "number": "8007883058", "date": "2021-01-22 09:04:00", "subject": "2", "recorded-or-robo": "Y", "city": "Menands", "state": "NY", "area-code": "518"}, {"id": "e81c9350d54f66c6d33b3747ee206170", "number": "9013887081", "date": "2021-01-22 16:47:00", "subject": "11", "recorded-or-robo": "Y", "city": "Bartlett", "state": "TN", "area-code": "901"}, {"id": "e81c9350d54f66c6d33b3747ee2058b1", "number": "9092562976", "date": "2021-01-22 14:37:00", "subject": "5", "recorded-or-robo": "Y", "city": "Chino", "state": "CA", "area-code": "909"}, {"id": "deca54a6651fb9add5b4a9816cb583ca", "number": "9013887081", "date": "2021-01-22 16:47:00", "subject": "11", "recorded-or-robo": "Y", "city": "Bartlett", "state": "TN", "area-code": "901"}, {"id": "deca54a6651fb9add5b4a9816cb57bd2", "number": "9092562976", "date": "2021-01-22 14:37:00", "subject": "5", "recorded-or-robo": "Y", "city": "Chino", "state": "CA", "area-code": "909"}, {"id": "e81c9350d54f66c6d33b3747ee205388", "number": "8017831137", "date": "2021-01-21 00:00:00", "subject": "3", "recorded-or-robo": "", "city": "West Memphis", "state": "AR", "area-code": "870"}, {"id": "e81c9350d54f66c6d33b3747ee20445c", "number": "2036337934", "date": "2021-01-22 17:50:00", "subject": "0", "recorded-or-robo": "Y", "city": "Darien", "state": "CT", "area-code": "203"}, {"id": "deca54a6651fb9add5b4a9816cb5707f", "number": "8017831137", "date": "2021-01-21 00:00:00", "subject": "3", "recorded-or-robo": "", "city": "West Memphis", "state": "AR", "area-code": "870"}, {"id": "deca54a6651fb9add5b4a9816cb56b68", "number": "2036337934", "date": "2021-01-22 17:50:00", "subject": "0", "recorded-or-robo": "Y", "city": "Darien", "state": "CT", "area-code": "203"}, {"id": "e81c9350d54f66c6d33b3747ee20398b", "number": "8024513238", "date": "2021-01-22 00:00:00", "subject": "9", "recorded-or-robo": "Y", "city": "New Windsor", "state": "NY", "area-code": "802"}]}