{"data": [{"id": "b6a8da8b80f26332ed085cca2de6213f", "number": "None", "date": "2021-01-21 10:25:00", "subject": "1", "recorded-or-robo": "Y", "city": "Salem", "state": "OR", "area-code": "503"}, {"id": "e81c9350d54f66c6d33b3747ee49bde4", "number": "3852473315", "date": "2021-01-22 16:26:34", "subject": "3", "recorded-or-robo": "Y", "city": "", "state": "UT", "area-code": "801"}, {"id": "e81c9350d54f66c6d33b3747ee493592", "number": "+15107285509", "date": "2021-01-22 16:26:34", "subject": "3", "recorded-or-robo": "Y", "city": "", "state": "CA", "area-code": "951"}, {"id": "deca54a6651fb9add5b4a9816cde518a", "number": "3852473315", "date": "2021-01-22 16:26:34", "subject": "3", "recorded-or-robo": "Y", "city": "", "state": "UT", "area-code": "801"}, {"id": "deca54a6651fb9add5b4a9816cddd6a1", "number": "+15107285509", "date": "2021-01-22 16:26:34", "subject": "3", "recorded-or-robo": "Y", "city": "", "state": "CA", "area-code": "951"}, {"id": "deca54a6651fb9add5b4a9816c7b43e7", "number": "5612549601", "date": "2021-01-22 00:00:00", "subject": "4", "recorded-or-robo": "Y", "city": "West Palm Beach", "state": "FL", "area-code": "561"}, {"id": "b6a8da8b80f26332ed085cca2de6142f", "number": "5612549601", "date": "2021-01-22 00:00:00", "subject": "4", "recorded-or-robo": "Y", "city": "West Palm Beach", "state": "FL", "area-code": "561"}, {"id": "deca54a6651fb9add5b4a9816c7b374b", "number": "7733774361", "date": "2021-01-22 15:22:00", "subject": "6", "recorded-or-robo": "N", "city": "Chicago", "state": "IL", "area-code": "773"}, {"id": "b6a8da8b80f26332ed085cca2de60da4", "number": "7733774361", "date": "2021-01-22 15:22:00", "subject": "6", "recorded-or-robo": "N", "city": "Chicago", "state": "IL", "area-code": "773"}, {"id": "e81c9350d54f66c6d33b3747ee49241d", "number": "4356126680", "date": "2021-01-22 16:26:23", "subject": "3", "recorded-or-robo": "Y", "city": "", "state": "UT", "area-code": "801"}, {"id": "deca54a6651fb9add5b4a9816cddbdda", "number": "4356126680", "date": "2021-01-22 16:26:23", "subject": "3", "recorded-or-robo": "Y", "city": "", "state": "UT", "area-code": "801"}, {"id": "deca54a6651fb9add5b4a9816c7b2d67", "number": "2817597303", "date": "2021-01-22 14:22:00", "subject": "2", "recorded-or-robo": "Y", "city": "Phoenix", "state": "AZ", "area-code": "281"}, {"id": "b6a8da8b80f26332ed085cca2de60137", "number": "2817597303", "date": "2021-01-22 14:22:00", "subject": "2", "recorded-or-robo": "Y", "city": "Phoenix", "state": "AZ", "area-code": "281"}, {"id": "deca54a6651fb9add5b4a9816c7b2b8e", "number": "8801700692271", "date": "2021-01-22 13:21:00", "subject": "2", "recorded-or-robo": "Y", "city": "Palmdale", "state": "CA", "area-code": "661"}, {"id": "b6a8da8b80f26332ed085cca2de5fc83", "number": "8801700692271", "date": "2021-01-22 13:21:00", "subject": "2", "recorded-or-robo": "Y", "city": "Palmdale", "state": "CA", "area-code": "661"}, {"id": "deca54a6651fb9add5b4a9816c7b21e1", "number": "5419294132", "date": "2021-01-22 13:21:00", "subject": "1", "recorded-or-robo": "Y", "city": "Philomath", "state": "OR", "area-code": "541"}, {"id": "deca54a6651fb9add5b4a9816c7b1653", "number": "323173999", "date": "2021-01-22 15:16:00", "subject": "2", "recorded-or-robo": "", "city": "", "state": "MN", "area-code": "320"}, {"id": "deca54a6651fb9add5b4a9816c7b0c6b", "number": "8502900136", "date": "2021-01-22 15:19:00", "subject": "2", "recorded-or-robo": "Y", "city": "", "state": "WI", "area-code": "262"}, {"id": "b6a8da8b80f26332ed085cca2de5f0a3", "number": "5419294132", "date": "2021-01-22 13:21:00", "subject": "1", "recorded-or-robo": "Y", "city": "Philomath", "state": "OR", "area-code": "541"}, {"id": "b6a8da8b80f26332ed085cca2de5e693", "number": "323173999", "date": "2021-01-22 15:16:00", "subject": "2", "recorded-or-robo": "", "city": "", "state": "MN", "area-code": "320"}, {"id": "b6a8da8b80f26332ed085cca2de5e219", "number": "8502900136", "date": "2021-01-22 15:19:00", "subject": "2", "recorded-or-robo": "Y", "city": "", "state": "WI", "area-code": "262"}, {"id": "e81c9350d54f66c6d33b3747ee4989b7", "number": "9093085242", "date": "2021-01-22 16:26:17", "subject": "3", "recorded-or-robo": "Y", "city": "", "state": "CA", "area-code": "909"}, {"id": "deca54a6651fb9add5b4a9816cde11ac", "number": "9093085242", "date": "2021-01-22 16:26:17", "subject": "3", "recorded-or-robo": "Y", "city": "", "state": "CA", "area-code": "909"}, {"id": "deca54a6651fb9add5b4a9816c7afe18", "number": "2818299989", "date": "2021-01-22 15:22:00", "subject": "7", "recorded-or-robo": "Y", "city": "Katy", "state": "TX", "area-code": "281"}, {"id": "b6a8da8b80f26332ed085cca2de5d653", "number": "2818299989", "date": "2021-01-22 15:22:00", "subject": "7", "recorded-or-robo": "Y", "city": "Katy", "state": "TX", "area-code": "281"}, {"id": "deca54a6651fb9add5b4a9816c7af4e2", "number": "9179576914", "date": "2021-01-22 16:18:00", "subject": "0", "recorded-or-robo": "Y", "city": "Brooklyn", "state": "NY", "area-code": "917"}, {"id": "deca54a6651fb9add5b4a9816c7af33d", "number": "", "date": "2021-01-22 13:45:00", "subject": "0", "recorded-or-robo": "Y", "city": "Hilton Head Island", "state": "SC", "area-code": "754"}, {"id": "b6a8da8b80f26332ed085cca2de5cb74", "number": "9179576914", "date": "2021-01-22 16:18:00", "subject": "0", "recorded-or-robo": "Y", "city": "Brooklyn", "state": "NY", "area-code": "917"}, {"id": "b6a8da8b80f26332ed085cca2de5c3d3", "number": "", "date": "2021-01-22 13:45:00", "subject": "0", "recorded-or-robo": "Y", "city": "Hilton Head Island", "state": "SC", "area-code": "754"}, {"id": "deca54a6651fb9add5b4a9816c7af2d3", "number": "7654807991", "date": "2021-01-22 12:00:00", "subject": "1", "recorded-or-robo": "N", "city": "Russiaville", "state": "IN", "area-code": "765"}, {"id": "b6a8da8b80f26332ed085cca2de5b62b", "number": "7654807991", "date": "2021-01-22 12:00:00", "subject": "1", "recorded-or-robo": "N", "city": "Russiaville", "state": "IN", "area-code": "765"}, {"id": "e81c9350d54f66c6d33b3747ee49e949", "number": "5412457666", "date": "2021-01-22 16:26:08", "subject": "3", "recorded-or-robo": "Y", "city": "", "state": "OR", "area-code": "541"}, {"id": "deca54a6651fb9add5b4a9816cde66cc", "number": "5412457666", "date": "2021-01-22 16:26:08", "subject": "3", "recorded-or-robo": "Y", "city": "", "state": "OR", "area-code": "541"}, {"id": "deca54a6651fb9add5b4a9816c7af284", "number": "3322559040", "date": "2021-01-22 13:07:00", "subject": "4", "recorded-or-robo": "N", "city": "New York", "state": "NY", "area-code": "212"}, {"id": "b6a8da8b80f26332ed085cca2de5b0b3", "number": "3322559040", "date": "2021-01-22 13:07:00", "subject": "4", "recorded-or-robo": "N", "city": "New York", "state": "NY", "area-code": "212"}, {"id": "deca54a6651fb9add5b4a9816c7ae6e8", "number": "", "date": "2021-01-22 13:37:00", "subject": "1", "recorded-or-robo": "Y", "city": "Denver", "state": "CO", "area-code": "720"}, {"id": "b6a8da8b80f26332ed085cca2de5af59", "number": "", "date": "2021-01-22 13:37:00", "subject": "1", "recorded-or-robo": "Y", "city": "Denver", "state": "CO", "area-code": "720"}, {"id": "deca54a6651fb9add5b4a9816c7ade86", "number": "3024850942", "date": "2021-01-22 15:55:00", "subject": "1", "recorded-or-robo": "Y", "city": "Lewisburg", "state": "PA", "area-code": "302"}, {"id": "b6a8da8b80f26332ed085cca2de5a534", "number": "3024850942", "date": "2021-01-22 15:55:00", "subject": "1", "recorded-or-robo": "Y", "city": "Lewisburg", "state": "PA", "area-code": "302"}, {"id": "deca54a6651fb9add5b4a9816c7ad824", "number": "3075434424", "date": "2021-01-21 12:37:00", "subject": "2", "recorded-or-robo": "", "city": "Golden", "state": "CO", "area-code": "303"}, {"id": "deca54a6651fb9add5b4a9816c7ad16a", "number": "9145367782", "date": "2021-01-22 15:20:00", "subject": "1", "recorded-or-robo": "Y", "city": "", "state": "NY", "area-code": "914"}, {"id": "b6a8da8b80f26332ed085cca2de59c7a", "number": "3075434424", "date": "2021-01-21 12:37:00", "subject": "2", "recorded-or-robo": "", "city": "Golden", "state": "CO", "area-code": "303"}, {"id": "b6a8da8b80f26332ed085cca2de59b77", "number": "9145367782", "date": "2021-01-22 15:20:00", "subject": "1", "recorded-or-robo": "Y", "city": "", "state": "NY", "area-code": "914"}, {"id": "deca54a6651fb9add5b4a9816c7acd74", "number": "6028140884", "date": "2021-01-22 14:03:00", "subject": "2", "recorded-or-robo": "N", "city": "Scottsdale", "state": "AZ", "area-code": "602"}, {"id": "b6a8da8b80f26332ed085cca2de59a7d", "number": "6028140884", "date": "2021-01-22 14:03:00", "subject": "2", "recorded-or-robo": "N", "city": "Scottsdale", "state": "AZ", "area-code": "602"}, {"id": "e81c9350d54f66c6d33b3747ee499e17", "number": "8045714196", "date": "2021-01-22 16:25:47", "subject": "3", "recorded-or-robo": "N", "city": "", "state": "VA", "area-code": "804"}, {"id": "deca54a6651fb9add5b4a9816cde24df", "number": "8045714196", "date": "2021-01-22 16:25:47", "subject": "3", "recorded-or-robo": "N", "city": "", "state": "VA", "area-code": "804"}, {"id": "deca54a6651fb9add5b4a9816c7ac45d", "number": "7402276673", "date": "2021-01-22 16:23:00", "subject": "4", "recorded-or-robo": "Y", "city": "", "state": "OH", "area-code": "740"}, {"id": "b6a8da8b80f26332ed085cca2de59772", "number": "7402276673", "date": "2021-01-22 16:23:00", "subject": "4", "recorded-or-robo": "Y", "city": "", "state": "OH", "area-code": "740"}, {"id": "deca54a6651fb9add5b4a9816c7ab922", "number": "5308533035", "date": "2021-01-22 13:07:00", "subject": "2", "recorded-or-robo": "Y", "city": "Soda Springs", "state": "CA", "area-code": "530"}]}