{"data": [{"id": "deca54a6651fb9add5b4a9816c9aa72b", "number": "", "date": "2021-01-22 14:10:00", "subject": "0", "recorded-or-robo": "N", "city": "Wrightwood", "state": "CA", "area-code": "760"}, {"id": "e81c9350d54f66c6d33b3747ee05c947", "number": "9016171368", "date": "2021-01-22 15:06:00", "subject": "15", "recorded-or-robo": "N", "city": "Cordova", "state": "TN", "area-code": "901"}, {"id": "deca54a6651fb9add5b4a9816c9aa0f1", "number": "9016171368", "date": "2021-01-22 15:06:00", "subject": "15", "recorded-or-robo": "N", "city": "Cordova", "state": "TN", "area-code": "901"}, {"id": "e81c9350d54f66c6d33b3747ee05bbe7", "number": "5094862169", "date": "2021-01-22 16:02:00", "subject": "6", "recorded-or-robo": "Y", "city": "Memphis", "state": "TN", "area-code": "901"}, {"id": "deca54a6651fb9add5b4a9816c9a9982", "number": "5094862169", "date": "2021-01-22 16:02:00", "subject": "6", "recorded-or-robo": "Y", "city": "Memphis", "state": "TN", "area-code": "901"}, {"id": "e81c9350d54f66c6d33b3747ee05b62f", "number": "press2", "date": "2021-01-22 14:30:00", "subject": "2", "recorded-or-robo": "N", "city": "Sugar Grove", "state": "IL", "area-code": "630"}, {"id": "deca54a6651fb9add5b4a9816c9a910c", "number": "press2", "date": "2021-01-22 14:30:00", "subject": "2", "recorded-or-robo": "N", "city": "Sugar Grove", "state": "IL", "area-code": "630"}, {"id": "e81c9350d54f66c6d33b3747ee05ac51", "number": "9252572174", "date": "2021-01-22 13:58:00", "subject": "4", "recorded-or-robo": "Y", "city": "", "state": "CA", "area-code": "707"}, {"id": "deca54a6651fb9add5b4a9816c9a842a", "number": "9252572174", "date": "2021-01-22 13:58:00", "subject": "4", "recorded-or-robo": "Y", "city": "", "state": "CA", "area-code": "707"}, {"id": "e81c9350d54f66c6d33b3747ee059f17", "number": "6012515886", "date": "2021-01-21 09:50:00", "subject": "4", "recorded-or-robo": "Y", "city": "", "state": "MS", "area-code": "601"}, {"id": "deca54a6651fb9add5b4a9816c9a7dab", "number": "6012515886", "date": "2021-01-21 09:50:00", "subject": "4", "recorded-or-robo": "Y", "city": "", "state": "MS", "area-code": "601"}, {"id": "e81c9350d54f66c6d33b3747ee058f47", "number": "4079822624", "date": "2021-01-22 13:40:00", "subject": "1", "recorded-or-robo": "N", "city": "Conesus", "state": "NY", "area-code": "585"}, {"id": "deca54a6651fb9add5b4a9816c9a7002", "number": "4079822624", "date": "2021-01-22 13:40:00", "subject": "1", "recorded-or-robo": "N", "city": "Conesus", "state": "NY", "area-code": "585"}, {"id": "e81c9350d54f66c6d33b3747ee058507", "number": "8162345786", "date": "2021-01-22 16:04:00", "subject": "2", "recorded-or-robo": "Y", "city": "Pleasant Hill", "state": "MO", "area-code": "816"}, {"id": "deca54a6651fb9add5b4a9816c9a6c1f", "number": "8162345786", "date": "2021-01-22 16:04:00", "subject": "2", "recorded-or-robo": "Y", "city": "Pleasant Hill", "state": "MO", "area-code": "816"}, {"id": "e81c9350d54f66c6d33b3747ee0577e5", "number": "8332297973", "date": "2021-01-22 15:48:00", "subject": "2", "recorded-or-robo": "", "city": "", "state": "IL", "area-code": "630"}, {"id": "e81c9350d54f66c6d33b3747ee057566", "number": "?120924237", "date": "2021-01-22 13:58:00", "subject": "2", "recorded-or-robo": "Y", "city": "", "state": "CA", "area-code": "909"}, {"id": "deca54a6651fb9add5b4a9816c9a669e", "number": "8332297973", "date": "2021-01-22 15:48:00", "subject": "2", "recorded-or-robo": "", "city": "", "state": "IL", "area-code": "630"}, {"id": "deca54a6651fb9add5b4a9816c9a58e7", "number": "?120924237", "date": "2021-01-22 13:58:00", "subject": "2", "recorded-or-robo": "Y", "city": "", "state": "CA", "area-code": "909"}, {"id": "e81c9350d54f66c6d33b3747ee508153", "number": "7038445153", "date": "2021-01-22 17:12:06", "subject": "3", "recorded-or-robo": "Y", "city": "", "state": "VA", "area-code": "703"}, {"id": "deca54a6651fb9add5b4a9816ce4d9b9", "number": "7038445153", "date": "2021-01-22 17:12:06", "subject": "3", "recorded-or-robo": "Y", "city": "", "state": "VA", "area-code": "703"}, {"id": "e81c9350d54f66c6d33b3747ee505100", "number": "+18604210676", "date": "2021-01-22 17:12:05", "subject": "3", "recorded-or-robo": "Y", "city": "", "state": "CT", "area-code": "860"}, {"id": "deca54a6651fb9add5b4a9816ce4c560", "number": "+18604210676", "date": "2021-01-22 17:12:05", "subject": "3", "recorded-or-robo": "Y", "city": "", "state": "CT", "area-code": "860"}, {"id": "e81c9350d54f66c6d33b3747ee057090", "number": "8039078111", "date": "2021-01-22 15:32:00", "subject": "11", "recorded-or-robo": "Y", "city": "Conroe", "state": "TX", "area-code": "281"}, {"id": "deca54a6651fb9add5b4a9816c9a4a09", "number": "8039078111", "date": "2021-01-22 15:32:00", "subject": "11", "recorded-or-robo": "Y", "city": "Conroe", "state": "TX", "area-code": "281"}, {"id": "e81c9350d54f66c6d33b3747ee056554", "number": "7272752610", "date": "2021-01-22 17:01:00", "subject": "6", "recorded-or-robo": "N", "city": "Groton", "state": "CT", "area-code": "860"}, {"id": "deca54a6651fb9add5b4a9816c9a40b7", "number": "7272752610", "date": "2021-01-22 17:01:00", "subject": "6", "recorded-or-robo": "N", "city": "Groton", "state": "CT", "area-code": "860"}, {"id": "e81c9350d54f66c6d33b3747ee0558ec", "number": "6187688481", "date": "2021-01-22 13:25:00", "subject": "4", "recorded-or-robo": "Y", "city": "", "state": "IL", "area-code": "618"}, {"id": "deca54a6651fb9add5b4a9816c9a356f", "number": "6187688481", "date": "2021-01-22 13:25:00", "subject": "4", "recorded-or-robo": "Y", "city": "", "state": "IL", "area-code": "618"}, {"id": "e81c9350d54f66c6d33b3747ee055877", "number": "9732412760", "date": "2021-01-22 11:00:00", "subject": "0", "recorded-or-robo": "N", "city": "", "state": "NJ", "area-code": "973"}, {"id": "deca54a6651fb9add5b4a9816c9a294b", "number": "9732412760", "date": "2021-01-22 11:00:00", "subject": "0", "recorded-or-robo": "N", "city": "", "state": "NJ", "area-code": "973"}, {"id": "e81c9350d54f66c6d33b3747ee05097a", "number": "7088805381", "date": "2021-01-20 12:16:00", "subject": "3", "recorded-or-robo": "N", "city": "", "state": "IL", "area-code": "708"}, {"id": "deca54a6651fb9add5b4a9816c99c737", "number": "7088805381", "date": "2021-01-20 12:16:00", "subject": "3", "recorded-or-robo": "N", "city": "", "state": "IL", "area-code": "708"}, {"id": "e81c9350d54f66c6d33b3747ee0553f4", "number": "4697253684", "date": "2021-01-20 00:00:00", "subject": "3", "recorded-or-robo": "", "city": "HOUSTON", "state": "TX", "area-code": "281"}, {"id": "deca54a6651fb9add5b4a9816c9a1b70", "number": "4697253684", "date": "2021-01-20 00:00:00", "subject": "3", "recorded-or-robo": "", "city": "HOUSTON", "state": "TX", "area-code": "281"}, {"id": "e81c9350d54f66c6d33b3747ee055205", "number": "8479778515", "date": "2021-01-22 15:37:00", "subject": "2", "recorded-or-robo": "Y", "city": "vernon hills", "state": "IL", "area-code": "847"}, {"id": "deca54a6651fb9add5b4a9816c9a1adf", "number": "8479778515", "date": "2021-01-22 15:37:00", "subject": "2", "recorded-or-robo": "Y", "city": "vernon hills", "state": "IL", "area-code": "847"}, {"id": "e81c9350d54f66c6d33b3747ee0543f3", "number": "8662016313", "date": "2021-01-21 10:53:00", "subject": "4", "recorded-or-robo": "Y", "city": "FT LAUDERDALE", "state": "NY", "area-code": "917"}, {"id": "e81c9350d54f66c6d33b3747ee053f47", "number": "2393297767", "date": "2021-01-18 10:58:00", "subject": "2", "recorded-or-robo": "Y", "city": "Las Vegas", "state": "FL", "area-code": "239"}, {"id": "deca54a6651fb9add5b4a9816c9a1229", "number": "8662016313", "date": "2021-01-21 10:53:00", "subject": "4", "recorded-or-robo": "Y", "city": "FT LAUDERDALE", "state": "NY", "area-code": "917"}, {"id": "deca54a6651fb9add5b4a9816c9a0d66", "number": "2393297767", "date": "2021-01-18 10:58:00", "subject": "2", "recorded-or-robo": "Y", "city": "Las Vegas", "state": "FL", "area-code": "239"}, {"id": "e81c9350d54f66c6d33b3747ee0537c1", "number": "8334350253", "date": "2021-01-22 09:34:00", "subject": "2", "recorded-or-robo": "N", "city": "Santa barbara", "state": "CA", "area-code": "805"}, {"id": "deca54a6651fb9add5b4a9816c9a0281", "number": "8334350253", "date": "2021-01-22 09:34:00", "subject": "2", "recorded-or-robo": "N", "city": "Santa barbara", "state": "CA", "area-code": "805"}, {"id": "e81c9350d54f66c6d33b3747ee0536c4", "number": "2029982872", "date": "2021-01-21 15:49:00", "subject": "0", "recorded-or-robo": "Y", "city": "", "state": "VA", "area-code": "703"}, {"id": "deca54a6651fb9add5b4a9816c99faf9", "number": "2029982872", "date": "2021-01-21 15:49:00", "subject": "0", "recorded-or-robo": "Y", "city": "", "state": "VA", "area-code": "703"}, {"id": "e81c9350d54f66c6d33b3747ee053029", "number": "7743040292", "date": "2021-01-22 12:00:00", "subject": "1", "recorded-or-robo": "Y", "city": "", "state": "CO", "area-code": "719"}, {"id": "deca54a6651fb9add5b4a9816c99f714", "number": "7743040292", "date": "2021-01-22 12:00:00", "subject": "1", "recorded-or-robo": "Y", "city": "", "state": "CO", "area-code": "719"}, {"id": "e81c9350d54f66c6d33b3747ee052e9c", "number": "3525193990", "date": "2021-01-22 17:08:00", "subject": "2", "recorded-or-robo": "Y", "city": "LECANTO", "state": "FL", "area-code": "352"}, {"id": "deca54a6651fb9add5b4a9816c99e7ea", "number": "3525193990", "date": "2021-01-22 17:08:00", "subject": "2", "recorded-or-robo": "Y", "city": "LECANTO", "state": "FL", "area-code": "352"}, {"id": "e81c9350d54f66c6d33b3747ee052071", "number": "2298059831", "date": "2021-01-22 14:13:00", "subject": "2", "recorded-or-robo": "N", "city": "", "state": "GA", "area-code": "229"}]}