{"data": [{"id": "1d36742e3f24f50e4e7ae82801151921", "number": "8003471000", "date": "2021-01-22 12:50:00", "subject": "2", "recorded-or-robo": "Y", "city": "campbell", "state": "CA", "area-code": "408"}, {"id": "e81c9350d54f66c6d33b3747ee803464", "number": "2176325625", "date": "2021-01-22 17:06:00", "subject": "2", "recorded-or-robo": "Y", "city": "Middletown", "state": "DE", "area-code": "302"}, {"id": "1d36742e3f24f50e4e7ae8280115182b", "number": "2176325625", "date": "2021-01-22 17:06:00", "subject": "2", "recorded-or-robo": "Y", "city": "Middletown", "state": "DE", "area-code": "302"}, {"id": "e81c9350d54f66c6d33b3747ee80332c", "number": "7344468238", "date": "2021-01-22 17:18:00", "subject": "4", "recorded-or-robo": "Y", "city": "Banks", "state": "OR", "area-code": "503"}, {"id": "1d36742e3f24f50e4e7ae828011513d1", "number": "7344468238", "date": "2021-01-22 17:18:00", "subject": "4", "recorded-or-robo": "Y", "city": "Banks", "state": "OR", "area-code": "503"}, {"id": "e81c9350d54f66c6d33b3747ee802e42", "number": "7035707685", "date": "2020-12-23 10:56:00", "subject": "3", "recorded-or-robo": "N", "city": "", "state": "VA", "area-code": "703"}, {"id": "1d36742e3f24f50e4e7ae82801150d0c", "number": "7035707685", "date": "2020-12-23 10:56:00", "subject": "3", "recorded-or-robo": "N", "city": "", "state": "VA", "area-code": "703"}, {"id": "e81c9350d54f66c6d33b3747eeab9c71", "number": "8006423780", "date": "2021-01-22 20:20:36", "subject": "3", "recorded-or-robo": "Y", "city": "", "state": "NJ", "area-code": "856"}, {"id": "1d36742e3f24f50e4e7ae82801407dbc", "number": "8006423780", "date": "2021-01-22 20:20:36", "subject": "3", "recorded-or-robo": "Y", "city": "", "state": "NJ", "area-code": "856"}, {"id": "e81c9350d54f66c6d33b3747eeaa9155", "number": "+12065386169", "date": "2021-01-22 20:20:35", "subject": "3", "recorded-or-robo": "Y", "city": "", "state": "NV", "area-code": "702"}, {"id": "1d36742e3f24f50e4e7ae828013f84c2", "number": "+12065386169", "date": "2021-01-22 20:20:35", "subject": "3", "recorded-or-robo": "Y", "city": "", "state": "NV", "area-code": "702"}, {"id": "e81c9350d54f66c6d33b3747eeab79f8", "number": "2137887124", "date": "2021-01-22 20:20:34", "subject": "3", "recorded-or-robo": "Y", "city": "", "state": "CA", "area-code": "805"}, {"id": "1d36742e3f24f50e4e7ae82801406925", "number": "2137887124", "date": "2021-01-22 20:20:34", "subject": "3", "recorded-or-robo": "Y", "city": "", "state": "CA", "area-code": "805"}, {"id": "e81c9350d54f66c6d33b3747eeaa9e57", "number": "+18622254128", "date": "2021-01-22 20:20:32", "subject": "3", "recorded-or-robo": "Y", "city": "", "state": "NJ", "area-code": "862"}, {"id": "1d36742e3f24f50e4e7ae828013f84eb", "number": "+18622254128", "date": "2021-01-22 20:20:32", "subject": "3", "recorded-or-robo": "Y", "city": "", "state": "NJ", "area-code": "862"}, {"id": "e81c9350d54f66c6d33b3747eeaa875a", "number": "9158030453", "date": "2021-01-22 20:20:22", "subject": "3", "recorded-or-robo": "Y", "city": "", "state": "TX", "area-code": "214"}, {"id": "1d36742e3f24f50e4e7ae828013f7a0f", "number": "9158030453", "date": "2021-01-22 20:20:22", "subject": "3", "recorded-or-robo": "Y", "city": "", "state": "TX", "area-code": "214"}, {"id": "e81c9350d54f66c6d33b3747ee802456", "number": "7323780373", "date": "2021-01-22 15:37:00", "subject": "2", "recorded-or-robo": "N", "city": "", "state": "NJ", "area-code": "732"}, {"id": "1d36742e3f24f50e4e7ae828011501f4", "number": "7323780373", "date": "2021-01-22 15:37:00", "subject": "2", "recorded-or-robo": "N", "city": "", "state": "NJ", "area-code": "732"}, {"id": "e81c9350d54f66c6d33b3747ee8014fa", "number": "2705580276", "date": "2021-01-12 09:21:00", "subject": "0", "recorded-or-robo": "N", "city": "Oldtown", "state": "MD", "area-code": "301"}, {"id": "1d36742e3f24f50e4e7ae8280114f512", "number": "2705580276", "date": "2021-01-12 09:21:00", "subject": "0", "recorded-or-robo": "N", "city": "Oldtown", "state": "MD", "area-code": "301"}, {"id": "e81c9350d54f66c6d33b3747eeab0e58", "number": "+15134370085", "date": "2021-01-22 20:20:08", "subject": "3", "recorded-or-robo": "Y", "city": "", "state": "OH", "area-code": "513"}, {"id": "1d36742e3f24f50e4e7ae828014004dc", "number": "+15134370085", "date": "2021-01-22 20:20:08", "subject": "3", "recorded-or-robo": "Y", "city": "", "state": "OH", "area-code": "513"}, {"id": "e81c9350d54f66c6d33b3747eeab0dce", "number": "2675238538", "date": "2021-01-22 20:19:58", "subject": "3", "recorded-or-robo": "Y", "city": "", "state": "PA", "area-code": "267"}, {"id": "1d36742e3f24f50e4e7ae828013ffffc", "number": "2675238538", "date": "2021-01-22 20:19:58", "subject": "3", "recorded-or-robo": "Y", "city": "", "state": "PA", "area-code": "267"}, {"id": "e81c9350d54f66c6d33b3747eeab6262", "number": "2675238538", "date": "2021-01-22 20:19:57", "subject": "3", "recorded-or-robo": "Y", "city": "", "state": "PA", "area-code": "267"}, {"id": "1d36742e3f24f50e4e7ae82801405a16", "number": "2675238538", "date": "2021-01-22 20:19:57", "subject": "3", "recorded-or-robo": "Y", "city": "", "state": "PA", "area-code": "267"}, {"id": "e81c9350d54f66c6d33b3747eeaaa00d", "number": "2675238538", "date": "2021-01-22 20:19:56", "subject": "3", "recorded-or-robo": "Y", "city": "", "state": "PA", "area-code": "267"}, {"id": "1d36742e3f24f50e4e7ae828013f8fac", "number": "2675238538", "date": "2021-01-22 20:19:56", "subject": "3", "recorded-or-robo": "Y", "city": "", "state": "PA", "area-code": "267"}, {"id": "e81c9350d54f66c6d33b3747ee800f85", "number": "6033254304", "date": "2021-01-22 14:10:00", "subject": "8", "recorded-or-robo": "Y", "city": "Peyton", "state": "CO", "area-code": "719"}, {"id": "1d36742e3f24f50e4e7ae8280114eff3", "number": "6033254304", "date": "2021-01-22 14:10:00", "subject": "8", "recorded-or-robo": "Y", "city": "Peyton", "state": "CO", "area-code": "719"}, {"id": "e81c9350d54f66c6d33b3747ee8005ab", "number": "5643764261", "date": "2021-01-22 17:18:00", "subject": "9", "recorded-or-robo": "Y", "city": "Tacoma", "state": "WA", "area-code": "253"}, {"id": "1d36742e3f24f50e4e7ae8280114e488", "number": "5643764261", "date": "2021-01-22 17:18:00", "subject": "9", "recorded-or-robo": "Y", "city": "Tacoma", "state": "WA", "area-code": "253"}, {"id": "e81c9350d54f66c6d33b3747ee7ff5ef", "number": "9793358353", "date": "2021-01-22 19:00:00", "subject": "3", "recorded-or-robo": "Y", "city": "", "state": "TX", "area-code": "979"}, {"id": "1d36742e3f24f50e4e7ae8280114dbb6", "number": "9793358353", "date": "2021-01-22 19:00:00", "subject": "3", "recorded-or-robo": "Y", "city": "", "state": "TX", "area-code": "979"}, {"id": "e81c9350d54f66c6d33b3747eeaae9b5", "number": "2039564155", "date": "2021-01-22 20:19:40", "subject": "3", "recorded-or-robo": "Y", "city": "", "state": "CT", "area-code": "203"}, {"id": "1d36742e3f24f50e4e7ae828013fcadd", "number": "2039564155", "date": "2021-01-22 20:19:40", "subject": "3", "recorded-or-robo": "Y", "city": "", "state": "CT", "area-code": "203"}, {"id": "e81c9350d54f66c6d33b3747ee7fee5d", "number": "6232553600", "date": "2021-01-14 17:34:00", "subject": "3", "recorded-or-robo": "N", "city": "", "state": "TX", "area-code": "210"}, {"id": "1d36742e3f24f50e4e7ae8280114db16", "number": "6232553600", "date": "2021-01-14 17:34:00", "subject": "3", "recorded-or-robo": "N", "city": "", "state": "TX", "area-code": "210"}, {"id": "e81c9350d54f66c6d33b3747ee7fdf0f", "number": "8558102015", "date": "2021-01-22 17:16:00", "subject": "2", "recorded-or-robo": "N", "city": "Woodland Hills", "state": "CA", "area-code": "310"}, {"id": "1d36742e3f24f50e4e7ae8280114ce69", "number": "8558102015", "date": "2021-01-22 17:16:00", "subject": "2", "recorded-or-robo": "N", "city": "Woodland Hills", "state": "CA", "area-code": "310"}, {"id": "e81c9350d54f66c6d33b3747eeab573d", "number": "+18664516615", "date": "2021-01-22 20:18:58", "subject": "3", "recorded-or-robo": "Y", "city": "", "state": "WA", "area-code": "206"}, {"id": "1d36742e3f24f50e4e7ae828014053a6", "number": "+18664516615", "date": "2021-01-22 20:18:58", "subject": "3", "recorded-or-robo": "Y", "city": "", "state": "WA", "area-code": "206"}, {"id": "e81c9350d54f66c6d33b3747ee7fd484", "number": "5189076726", "date": "2021-01-18 11:45:00", "subject": "2", "recorded-or-robo": "Y", "city": "", "state": "NY", "area-code": "716"}, {"id": "1d36742e3f24f50e4e7ae8280114c9f7", "number": "5189076726", "date": "2021-01-18 11:45:00", "subject": "2", "recorded-or-robo": "Y", "city": "", "state": "NY", "area-code": "716"}, {"id": "e81c9350d54f66c6d33b3747eeab7002", "number": "+18666772706", "date": "2021-01-22 20:18:50", "subject": "3", "recorded-or-robo": "Y", "city": "", "state": "TX", "area-code": "972"}, {"id": "1d36742e3f24f50e4e7ae82801405b42", "number": "+18666772706", "date": "2021-01-22 20:18:50", "subject": "3", "recorded-or-robo": "Y", "city": "", "state": "TX", "area-code": "972"}, {"id": "e81c9350d54f66c6d33b3747ee7fd2c0", "number": "3176016343", "date": "2021-01-18 10:08:00", "subject": "5", "recorded-or-robo": "N", "city": "SYLMAR", "state": "CA", "area-code": "818"}, {"id": "1d36742e3f24f50e4e7ae8280114c5dd", "number": "3176016343", "date": "2021-01-18 10:08:00", "subject": "5", "recorded-or-robo": "N", "city": "SYLMAR", "state": "CA", "area-code": "818"}, {"id": "e81c9350d54f66c6d33b3747eeab85fd", "number": "+12084692309", "date": "2021-01-22 20:18:46", "subject": "3", "recorded-or-robo": "Y", "city": "", "state": "MD", "area-code": "443"}]}