{"data": [{"id": "e81c9350d54f66c6d33b3747ee2a72c6", "number": "7545573", "date": "2021-01-22 15:33:00", "subject": "2", "recorded-or-robo": "Y", "city": "Live Oak", "state": "FL", "area-code": "386"}, {"id": "deca54a6651fb9add5b4a9816cec0427", "number": "8598387494", "date": "2021-01-22 18:12:32", "subject": "3", "recorded-or-robo": "Y", "city": "", "state": "KY", "area-code": "859"}, {"id": "deca54a6651fb9add5b4a9816cbf8a7c", "number": "7545573", "date": "2021-01-22 15:33:00", "subject": "2", "recorded-or-robo": "Y", "city": "Live Oak", "state": "FL", "area-code": "386"}, {"id": "e81c9350d54f66c6d33b3747ee57cfca", "number": "8598387494", "date": "2021-01-22 18:12:31", "subject": "3", "recorded-or-robo": "Y", "city": "", "state": "KY", "area-code": "859"}, {"id": "deca54a6651fb9add5b4a9816cec3141", "number": "8598387494", "date": "2021-01-22 18:12:31", "subject": "3", "recorded-or-robo": "Y", "city": "", "state": "KY", "area-code": "859"}, {"id": "e81c9350d54f66c6d33b3747ee2a6d82", "number": "8646375644", "date": "2021-01-22 12:59:00", "subject": "2", "recorded-or-robo": "Y", "city": "Fort Scott", "state": "SC", "area-code": "864"}, {"id": "deca54a6651fb9add5b4a9816cbf80c7", "number": "8646375644", "date": "2021-01-22 12:59:00", "subject": "2", "recorded-or-robo": "Y", "city": "Fort Scott", "state": "SC", "area-code": "864"}, {"id": "e81c9350d54f66c6d33b3747ee2a68b3", "number": "8765896643", "date": "2021-01-20 15:26:00", "subject": "2", "recorded-or-robo": "", "city": "Sandy", "state": "UT", "area-code": "801"}, {"id": "deca54a6651fb9add5b4a9816cbf73c3", "number": "8765896643", "date": "2021-01-20 15:26:00", "subject": "2", "recorded-or-robo": "", "city": "Sandy", "state": "UT", "area-code": "801"}, {"id": "e81c9350d54f66c6d33b3747ee2a61a1", "number": "3309130759", "date": "2021-01-21 16:42:00", "subject": "5", "recorded-or-robo": "N", "city": "Uniontown", "state": "OH", "area-code": "330"}, {"id": "deca54a6651fb9add5b4a9816cbf6bc4", "number": "3309130759", "date": "2021-01-21 16:42:00", "subject": "5", "recorded-or-robo": "N", "city": "Uniontown", "state": "OH", "area-code": "330"}, {"id": "e81c9350d54f66c6d33b3747ee2a5561", "number": "2692665608", "date": "2021-01-12 14:00:00", "subject": "2", "recorded-or-robo": "Y", "city": "Lewiston", "state": "ME", "area-code": "207"}, {"id": "deca54a6651fb9add5b4a9816cbf67f1", "number": "2692665608", "date": "2021-01-12 14:00:00", "subject": "2", "recorded-or-robo": "Y", "city": "Lewiston", "state": "ME", "area-code": "207"}, {"id": "e81c9350d54f66c6d33b3747ee2a4b4f", "number": "", "date": "2021-01-13 14:06:00", "subject": "0", "recorded-or-robo": "Y", "city": "Old Bridge", "state": "NJ", "area-code": "973"}, {"id": "deca54a6651fb9add5b4a9816cbf6677", "number": "", "date": "2021-01-13 14:06:00", "subject": "0", "recorded-or-robo": "Y", "city": "Old Bridge", "state": "NJ", "area-code": "973"}, {"id": "e81c9350d54f66c6d33b3747ee57d72b", "number": "+13023030062", "date": "2021-01-22 18:12:15", "subject": "3", "recorded-or-robo": "N", "city": "", "state": "DE", "area-code": "302"}, {"id": "deca54a6651fb9add5b4a9816cec31c4", "number": "+13023030062", "date": "2021-01-22 18:12:15", "subject": "3", "recorded-or-robo": "N", "city": "", "state": "DE", "area-code": "302"}, {"id": "e81c9350d54f66c6d33b3747ee2a41e5", "number": "2083288115", "date": "2021-01-22 17:08:00", "subject": "13", "recorded-or-robo": "Y", "city": "", "state": "IL", "area-code": "312"}, {"id": "deca54a6651fb9add5b4a9816cbf6032", "number": "2083288115", "date": "2021-01-22 17:08:00", "subject": "13", "recorded-or-robo": "Y", "city": "", "state": "IL", "area-code": "312"}, {"id": "e81c9350d54f66c6d33b3747ee2a41d5", "number": "9493884506", "date": "2021-01-21 17:03:00", "subject": "3", "recorded-or-robo": "N", "city": "Irvine", "state": "CA", "area-code": "949"}, {"id": "deca54a6651fb9add5b4a9816cbf509d", "number": "9493884506", "date": "2021-01-21 17:03:00", "subject": "3", "recorded-or-robo": "N", "city": "Irvine", "state": "CA", "area-code": "949"}, {"id": "e81c9350d54f66c6d33b3747ee2a35a4", "number": "2107918645", "date": "2021-01-22 05:07:00", "subject": "2", "recorded-or-robo": "N", "city": "San Antonio", "state": "TX", "area-code": "210"}, {"id": "deca54a6651fb9add5b4a9816cbf48e7", "number": "2107918645", "date": "2021-01-22 05:07:00", "subject": "2", "recorded-or-robo": "N", "city": "San Antonio", "state": "TX", "area-code": "210"}, {"id": "e81c9350d54f66c6d33b3747ee2a2d56", "number": "9373320300", "date": "2021-01-22 17:24:00", "subject": "0", "recorded-or-robo": "", "city": "Springboro", "state": "OH", "area-code": "937"}, {"id": "deca54a6651fb9add5b4a9816cbf4738", "number": "9373320300", "date": "2021-01-22 17:24:00", "subject": "0", "recorded-or-robo": "", "city": "Springboro", "state": "OH", "area-code": "937"}, {"id": "e81c9350d54f66c6d33b3747ee5d6dcb", "number": "3608075095", "date": "2021-01-21 18:05:00", "subject": "3", "recorded-or-robo": "N", "city": "", "state": "TX", "area-code": "214"}, {"id": "deca54a6651fb9add5b4a9816cf22b92", "number": "3608075095", "date": "2021-01-21 18:05:00", "subject": "3", "recorded-or-robo": "N", "city": "", "state": "TX", "area-code": "214"}, {"id": "e81c9350d54f66c6d33b3747ee2a2250", "number": "2142416809", "date": "2021-01-22 12:01:00", "subject": "1", "recorded-or-robo": "Y", "city": "Carrollton", "state": "TX", "area-code": "214"}, {"id": "deca54a6651fb9add5b4a9816cbf3b7b", "number": "2142416809", "date": "2021-01-22 12:01:00", "subject": "1", "recorded-or-robo": "Y", "city": "Carrollton", "state": "TX", "area-code": "214"}, {"id": "e81c9350d54f66c6d33b3747ee2a1515", "number": "9075319886", "date": "2021-01-22 14:06:00", "subject": "6", "recorded-or-robo": "N", "city": "ANCHORAGE", "state": "AK", "area-code": "907"}, {"id": "deca54a6651fb9add5b4a9816cbf2f2c", "number": "9075319886", "date": "2021-01-22 14:06:00", "subject": "6", "recorded-or-robo": "N", "city": "ANCHORAGE", "state": "AK", "area-code": "907"}, {"id": "e81c9350d54f66c6d33b3747ee2a1233", "number": "5134070672", "date": "2021-01-22 13:38:00", "subject": "2", "recorded-or-robo": "Y", "city": "Kellyville", "state": "ME", "area-code": "207"}, {"id": "deca54a6651fb9add5b4a9816cbf2e9b", "number": "5134070672", "date": "2021-01-22 13:38:00", "subject": "2", "recorded-or-robo": "Y", "city": "Kellyville", "state": "ME", "area-code": "207"}, {"id": "e81c9350d54f66c6d33b3747ee56f19b", "number": "+18302132436", "date": "2021-01-22 18:11:55", "subject": "3", "recorded-or-robo": "Y", "city": "", "state": "TX", "area-code": "361"}, {"id": "e81c9350d54f66c6d33b3747ee2a107d", "number": "2567868476", "date": "2021-01-21 09:48:00", "subject": "2", "recorded-or-robo": "N", "city": "Lakewood", "state": "CO", "area-code": "303"}, {"id": "deca54a6651fb9add5b4a9816ceb6dcc", "number": "+18302132436", "date": "2021-01-22 18:11:55", "subject": "3", "recorded-or-robo": "Y", "city": "", "state": "TX", "area-code": "361"}, {"id": "deca54a6651fb9add5b4a9816cbf2abd", "number": "2567868476", "date": "2021-01-21 09:48:00", "subject": "2", "recorded-or-robo": "N", "city": "Lakewood", "state": "CO", "area-code": "303"}, {"id": "e81c9350d54f66c6d33b3747ee2a0d90", "number": "3254221039", "date": "2021-01-20 13:19:00", "subject": "0", "recorded-or-robo": "Y", "city": "Spring", "state": "TX", "area-code": "281"}, {"id": "deca54a6651fb9add5b4a9816cbf1d5d", "number": "3254221039", "date": "2021-01-20 13:19:00", "subject": "0", "recorded-or-robo": "Y", "city": "Spring", "state": "TX", "area-code": "281"}, {"id": "e81c9350d54f66c6d33b3747ee2a080b", "number": "5133625085", "date": "2021-01-21 12:19:00", "subject": "11", "recorded-or-robo": "Y", "city": "Cincinnati", "state": "OH", "area-code": "513"}, {"id": "deca54a6651fb9add5b4a9816cbf164d", "number": "5133625085", "date": "2021-01-21 12:19:00", "subject": "11", "recorded-or-robo": "Y", "city": "Cincinnati", "state": "OH", "area-code": "513"}, {"id": "e81c9350d54f66c6d33b3747ee29fb76", "number": "8057327863", "date": "2021-01-22 15:06:00", "subject": "9", "recorded-or-robo": "Y", "city": "Long Beach", "state": "CA", "area-code": "562"}, {"id": "deca54a6651fb9add5b4a9816cbf100a", "number": "8057327863", "date": "2021-01-22 15:06:00", "subject": "9", "recorded-or-robo": "Y", "city": "Long Beach", "state": "CA", "area-code": "562"}, {"id": "e81c9350d54f66c6d33b3747ee29efac", "number": "7158041005", "date": "2021-01-22 12:35:00", "subject": "2", "recorded-or-robo": "Y", "city": "Eugene", "state": "OR", "area-code": "541"}, {"id": "deca54a6651fb9add5b4a9816cbf09dd", "number": "7158041005", "date": "2021-01-22 12:35:00", "subject": "2", "recorded-or-robo": "Y", "city": "Eugene", "state": "OR", "area-code": "541"}, {"id": "e81c9350d54f66c6d33b3747ee29e5a5", "number": "8665684619", "date": "2021-01-22 11:43:00", "subject": "0", "recorded-or-robo": "N", "city": "", "state": "PA", "area-code": "610"}, {"id": "deca54a6651fb9add5b4a9816cbf0133", "number": "8665684619", "date": "2021-01-22 11:43:00", "subject": "0", "recorded-or-robo": "N", "city": "", "state": "PA", "area-code": "610"}, {"id": "e81c9350d54f66c6d33b3747ee29e24c", "number": "9543722248", "date": "2021-01-22 18:06:00", "subject": "4", "recorded-or-robo": "Y", "city": "", "state": "FL", "area-code": "954"}, {"id": "deca54a6651fb9add5b4a9816cbef145", "number": "9543722248", "date": "2021-01-22 18:06:00", "subject": "4", "recorded-or-robo": "Y", "city": "", "state": "FL", "area-code": "954"}, {"id": "e81c9350d54f66c6d33b3747ee29d90f", "number": "7034371395", "date": "2021-01-22 18:04:00", "subject": "2", "recorded-or-robo": "Y", "city": "Ephrata", "state": "PA", "area-code": "717"}]}