{"data": [{"id": "e81c9350d54f66c6d33b3747ee2bb747", "number": "", "date": "2021-01-22 16:55:00", "subject": "1", "recorded-or-robo": "Y", "city": "Houston", "state": "TX", "area-code": "832"}, {"id": "deca54a6651fb9add5b4a9816cec6424", "number": "+12543210677", "date": "2021-01-22 18:14:58", "subject": "3", "recorded-or-robo": "Y", "city": "", "state": "TX", "area-code": "817"}, {"id": "deca54a6651fb9add5b4a9816cc0c530", "number": "", "date": "2021-01-22 16:55:00", "subject": "1", "recorded-or-robo": "Y", "city": "Houston", "state": "TX", "area-code": "832"}, {"id": "e81c9350d54f66c6d33b3747ee2bb2f5", "number": "9174873219", "date": "2021-01-22 11:24:00", "subject": "2", "recorded-or-robo": "Y", "city": "Kellyville", "state": "ME", "area-code": "207"}, {"id": "deca54a6651fb9add5b4a9816cc0be91", "number": "9174873219", "date": "2021-01-22 11:24:00", "subject": "2", "recorded-or-robo": "Y", "city": "Kellyville", "state": "ME", "area-code": "207"}, {"id": "e81c9350d54f66c6d33b3747ee2ba388", "number": "662218822", "date": "2021-01-22 18:11:00", "subject": "5", "recorded-or-robo": "Y", "city": "Virginia Beach", "state": "VA", "area-code": "757"}, {"id": "deca54a6651fb9add5b4a9816cc0afaa", "number": "662218822", "date": "2021-01-22 18:11:00", "subject": "5", "recorded-or-robo": "Y", "city": "Virginia Beach", "state": "VA", "area-code": "757"}, {"id": "e81c9350d54f66c6d33b3747ee2b964a", "number": "7243641225", "date": "2021-01-22 13:40:00", "subject": "4", "recorded-or-robo": "Y", "city": "", "state": "PA", "area-code": "724"}, {"id": "deca54a6651fb9add5b4a9816cc0adde", "number": "7243641225", "date": "2021-01-22 13:40:00", "subject": "4", "recorded-or-robo": "Y", "city": "", "state": "PA", "area-code": "724"}, {"id": "e81c9350d54f66c6d33b3747ee2b8cab", "number": "7038446277", "date": "2021-01-21 13:42:00", "subject": "4", "recorded-or-robo": "Y", "city": "Manassas", "state": "VA", "area-code": "703"}, {"id": "deca54a6651fb9add5b4a9816cc0a809", "number": "7038446277", "date": "2021-01-21 13:42:00", "subject": "4", "recorded-or-robo": "Y", "city": "Manassas", "state": "VA", "area-code": "703"}, {"id": "e81c9350d54f66c6d33b3747ee57888b", "number": "+17277346150", "date": "2021-01-22 18:14:49", "subject": "3", "recorded-or-robo": "Y", "city": "", "state": "FL", "area-code": "305"}, {"id": "e81c9350d54f66c6d33b3747ee2b8a3a", "number": "8646377596", "date": "2021-01-22 14:31:00", "subject": "2", "recorded-or-robo": "Y", "city": "Fort Scott", "state": "SC", "area-code": "864"}, {"id": "deca54a6651fb9add5b4a9816cebfcaa", "number": "+17277346150", "date": "2021-01-22 18:14:49", "subject": "3", "recorded-or-robo": "Y", "city": "", "state": "FL", "area-code": "305"}, {"id": "deca54a6651fb9add5b4a9816cc0a04c", "number": "8646377596", "date": "2021-01-22 14:31:00", "subject": "2", "recorded-or-robo": "Y", "city": "Fort Scott", "state": "SC", "area-code": "864"}, {"id": "e81c9350d54f66c6d33b3747ee2b86e0", "number": "2202266105", "date": "2021-01-22 00:00:00", "subject": "2", "recorded-or-robo": "Y", "city": "DENVER", "state": "CO", "area-code": "303"}, {"id": "e81c9350d54f66c6d33b3747ee2b77ab", "number": "6173177849", "date": "2021-01-22 14:22:00", "subject": "3", "recorded-or-robo": "", "city": "", "state": "MA", "area-code": "617"}, {"id": "deca54a6651fb9add5b4a9816cc09913", "number": "2202266105", "date": "2021-01-22 00:00:00", "subject": "2", "recorded-or-robo": "Y", "city": "DENVER", "state": "CO", "area-code": "303"}, {"id": "deca54a6651fb9add5b4a9816cc07eb3", "number": "6173177849", "date": "2021-01-22 14:22:00", "subject": "3", "recorded-or-robo": "", "city": "", "state": "MA", "area-code": "617"}, {"id": "e81c9350d54f66c6d33b3747ee2b8563", "number": "5703727928", "date": "2021-01-22 18:12:00", "subject": "7", "recorded-or-robo": "Y", "city": "mount carmel", "state": "PA", "area-code": "570"}, {"id": "deca54a6651fb9add5b4a9816cc09544", "number": "5703727928", "date": "2021-01-22 18:12:00", "subject": "7", "recorded-or-robo": "Y", "city": "mount carmel", "state": "PA", "area-code": "570"}, {"id": "e81c9350d54f66c6d33b3747ee2b80a3", "number": "9037166680", "date": "2021-01-22 19:12:00", "subject": "2", "recorded-or-robo": "Y", "city": "", "state": "TX", "area-code": "806"}, {"id": "deca54a6651fb9add5b4a9816cc09047", "number": "9037166680", "date": "2021-01-22 19:12:00", "subject": "2", "recorded-or-robo": "Y", "city": "", "state": "TX", "area-code": "806"}, {"id": "e81c9350d54f66c6d33b3747ee586cb0", "number": "+19124544859", "date": "2021-01-22 18:14:35", "subject": "3", "recorded-or-robo": "Y", "city": "", "state": "GA", "area-code": "678"}, {"id": "e81c9350d54f66c6d33b3747ee2b7d04", "number": "8706866961", "date": "2021-01-22 17:12:00", "subject": "2", "recorded-or-robo": "Y", "city": "West Memphis", "state": "AR", "area-code": "870"}, {"id": "deca54a6651fb9add5b4a9816cecbf18", "number": "+19124544859", "date": "2021-01-22 18:14:35", "subject": "3", "recorded-or-robo": "Y", "city": "", "state": "GA", "area-code": "678"}, {"id": "deca54a6651fb9add5b4a9816cc08e51", "number": "8706866961", "date": "2021-01-22 17:12:00", "subject": "2", "recorded-or-robo": "Y", "city": "West Memphis", "state": "AR", "area-code": "870"}, {"id": "e81c9350d54f66c6d33b3747ee2b7ad8", "number": "7798010790", "date": "2021-01-22 18:00:00", "subject": "9", "recorded-or-robo": "N", "city": "Berea", "state": "KY", "area-code": "859"}, {"id": "deca54a6651fb9add5b4a9816cc08822", "number": "7798010790", "date": "2021-01-22 18:00:00", "subject": "9", "recorded-or-robo": "N", "city": "Berea", "state": "KY", "area-code": "859"}, {"id": "e81c9350d54f66c6d33b3747ee5d753d", "number": "3156503195", "date": "2021-01-22 11:42:00", "subject": "3", "recorded-or-robo": "Y", "city": "", "state": "NY", "area-code": "315"}, {"id": "deca54a6651fb9add5b4a9816cf22d7a", "number": "3156503195", "date": "2021-01-22 11:42:00", "subject": "3", "recorded-or-robo": "Y", "city": "", "state": "NY", "area-code": "315"}, {"id": "e81c9350d54f66c6d33b3747ee581ee7", "number": "+12543210677", "date": "2021-01-22 18:14:22", "subject": "3", "recorded-or-robo": "Y", "city": "", "state": "TX", "area-code": "817"}, {"id": "deca54a6651fb9add5b4a9816cec8693", "number": "+12543210677", "date": "2021-01-22 18:14:22", "subject": "3", "recorded-or-robo": "Y", "city": "", "state": "TX", "area-code": "817"}, {"id": "e81c9350d54f66c6d33b3747ee2b6926", "number": "9122908638", "date": "2020-11-27 11:50:00", "subject": "2", "recorded-or-robo": "Y", "city": "Colorado Springs", "state": "CO", "area-code": "912"}, {"id": "deca54a6651fb9add5b4a9816cc0758c", "number": "9122908638", "date": "2020-11-27 11:50:00", "subject": "2", "recorded-or-robo": "Y", "city": "Colorado Springs", "state": "CO", "area-code": "912"}, {"id": "e81c9350d54f66c6d33b3747ee2b629c", "number": "7604917492", "date": "2021-01-22 10:51:00", "subject": "4", "recorded-or-robo": "Y", "city": "Kernville", "state": "CA", "area-code": "760"}, {"id": "e81c9350d54f66c6d33b3747ee2b5d55", "number": "2029649536", "date": "2021-01-22 03:47:00", "subject": "5", "recorded-or-robo": "Y", "city": "Castle Rock", "state": "CO", "area-code": "720"}, {"id": "deca54a6651fb9add5b4a9816cc06fd3", "number": "7604917492", "date": "2021-01-22 10:51:00", "subject": "4", "recorded-or-robo": "Y", "city": "Kernville", "state": "CA", "area-code": "760"}, {"id": "deca54a6651fb9add5b4a9816cc0600a", "number": "2029649536", "date": "2021-01-22 03:47:00", "subject": "5", "recorded-or-robo": "Y", "city": "Castle Rock", "state": "CO", "area-code": "720"}, {"id": "e81c9350d54f66c6d33b3747ee2b5a41", "number": "4353349999", "date": "2021-01-22 08:37:00", "subject": "2", "recorded-or-robo": "", "city": "Sandy", "state": "UT", "area-code": "801"}, {"id": "deca54a6651fb9add5b4a9816cc0572d", "number": "4353349999", "date": "2021-01-22 08:37:00", "subject": "2", "recorded-or-robo": "", "city": "Sandy", "state": "UT", "area-code": "801"}, {"id": "e81c9350d54f66c6d33b3747ee2b4edb", "number": "9292841072", "date": "2021-01-13 15:00:00", "subject": "2", "recorded-or-robo": "Y", "city": "Lewiston", "state": "ME", "area-code": "207"}, {"id": "deca54a6651fb9add5b4a9816cc04c37", "number": "9292841072", "date": "2021-01-13 15:00:00", "subject": "2", "recorded-or-robo": "Y", "city": "Lewiston", "state": "ME", "area-code": "207"}, {"id": "e81c9350d54f66c6d33b3747ee2b4c82", "number": "8329370397", "date": "2021-01-20 09:59:00", "subject": "0", "recorded-or-robo": "Y", "city": "Spring", "state": "TX", "area-code": "281"}, {"id": "deca54a6651fb9add5b4a9816cc04948", "number": "8329370397", "date": "2021-01-20 09:59:00", "subject": "0", "recorded-or-robo": "Y", "city": "Spring", "state": "TX", "area-code": "281"}, {"id": "e81c9350d54f66c6d33b3747ee2b3ed4", "number": "8132917352", "date": "2021-01-22 12:08:00", "subject": "1", "recorded-or-robo": "Y", "city": "", "state": "MI", "area-code": "616"}, {"id": "deca54a6651fb9add5b4a9816cc041dd", "number": "8132917352", "date": "2021-01-22 12:08:00", "subject": "1", "recorded-or-robo": "Y", "city": "", "state": "MI", "area-code": "616"}, {"id": "e81c9350d54f66c6d33b3747ee58407c", "number": "+18303962207", "date": "2021-01-22 18:14:08", "subject": "3", "recorded-or-robo": "Y", "city": "", "state": "TX", "area-code": "469"}, {"id": "deca54a6651fb9add5b4a9816ceca720", "number": "+18303962207", "date": "2021-01-22 18:14:08", "subject": "3", "recorded-or-robo": "Y", "city": "", "state": "TX", "area-code": "469"}, {"id": "e81c9350d54f66c6d33b3747ee2b30e9", "number": "6676775093", "date": "2021-01-22 09:06:00", "subject": "2", "recorded-or-robo": "N", "city": "", "state": "VA", "area-code": "703"}]}