{"data": [{"id": "deca54a6651fb9add5b4a9816c99e38b", "number": "2298059831", "date": "2021-01-22 14:13:00", "subject": "2", "recorded-or-robo": "N", "city": "", "state": "GA", "area-code": "229"}, {"id": "e81c9350d54f66c6d33b3747ee051894", "number": "3155283499", "date": "2021-01-22 17:00:00", "subject": "0", "recorded-or-robo": "Y", "city": "DE KALB JUNCTION", "state": "NY", "area-code": "315"}, {"id": "deca54a6651fb9add5b4a9816c99da07", "number": "3155283499", "date": "2021-01-22 17:00:00", "subject": "0", "recorded-or-robo": "Y", "city": "DE KALB JUNCTION", "state": "NY", "area-code": "315"}, {"id": "e81c9350d54f66c6d33b3747ee4f4225", "number": "9734356465", "date": "2021-01-22 17:11:28", "subject": "3", "recorded-or-robo": "Y", "city": "", "state": "NJ", "area-code": "973"}, {"id": "deca54a6651fb9add5b4a9816ce3cbe9", "number": "9734356465", "date": "2021-01-22 17:11:28", "subject": "3", "recorded-or-robo": "Y", "city": "", "state": "NJ", "area-code": "973"}, {"id": "e81c9350d54f66c6d33b3747ee4f565b", "number": "+18136945711", "date": "2021-01-22 17:11:26", "subject": "3", "recorded-or-robo": "Y", "city": "", "state": "FL", "area-code": "850"}, {"id": "deca54a6651fb9add5b4a9816ce3e58a", "number": "+18136945711", "date": "2021-01-22 17:11:26", "subject": "3", "recorded-or-robo": "Y", "city": "", "state": "FL", "area-code": "850"}, {"id": "e81c9350d54f66c6d33b3747ee4fa8d9", "number": "3525802778", "date": "2021-01-22 17:11:22", "subject": "3", "recorded-or-robo": "Y", "city": "", "state": "FL", "area-code": "954"}, {"id": "e81c9350d54f66c6d33b3747ee04b640", "number": "7205721717", "date": "2021-01-22 17:07:00", "subject": "3", "recorded-or-robo": "N", "city": "", "state": "CT", "area-code": "203"}, {"id": "deca54a6651fb9add5b4a9816ce42215", "number": "3525802778", "date": "2021-01-22 17:11:22", "subject": "3", "recorded-or-robo": "Y", "city": "", "state": "FL", "area-code": "954"}, {"id": "deca54a6651fb9add5b4a9816c995bf7", "number": "7205721717", "date": "2021-01-22 17:07:00", "subject": "3", "recorded-or-robo": "N", "city": "", "state": "CT", "area-code": "203"}, {"id": "e81c9350d54f66c6d33b3747ee0517b8", "number": "", "date": "2021-01-22 15:57:00", "subject": "5", "recorded-or-robo": "Y", "city": "Myrtle Beach", "state": "SC", "area-code": "843"}, {"id": "deca54a6651fb9add5b4a9816c99d0b9", "number": "", "date": "2021-01-22 15:57:00", "subject": "5", "recorded-or-robo": "Y", "city": "Myrtle Beach", "state": "SC", "area-code": "843"}, {"id": "e81c9350d54f66c6d33b3747ee05082c", "number": "8332298914", "date": "2021-01-22 16:03:00", "subject": "2", "recorded-or-robo": "", "city": "", "state": "IL", "area-code": "630"}, {"id": "deca54a6651fb9add5b4a9816c99c0e1", "number": "8332298914", "date": "2021-01-22 16:03:00", "subject": "2", "recorded-or-robo": "", "city": "", "state": "IL", "area-code": "630"}, {"id": "e81c9350d54f66c6d33b3747ee4f4b7e", "number": "5028296497", "date": "2021-01-22 17:11:08", "subject": "3", "recorded-or-robo": "Y", "city": "", "state": "KY", "area-code": "502"}, {"id": "e81c9350d54f66c6d33b3747ee04f865", "number": "", "date": "2021-01-22 12:30:00", "subject": "2", "recorded-or-robo": "Y", "city": "", "state": "MN", "area-code": "218"}, {"id": "e81c9350d54f66c6d33b3747ee04eb35", "number": "3617829918", "date": "2021-01-22 00:00:00", "subject": "3", "recorded-or-robo": "", "city": "HOUSTON", "state": "TX", "area-code": "281"}, {"id": "deca54a6651fb9add5b4a9816ce3d507", "number": "5028296497", "date": "2021-01-22 17:11:08", "subject": "3", "recorded-or-robo": "Y", "city": "", "state": "KY", "area-code": "502"}, {"id": "deca54a6651fb9add5b4a9816c99b24d", "number": "", "date": "2021-01-22 12:30:00", "subject": "2", "recorded-or-robo": "Y", "city": "", "state": "MN", "area-code": "218"}, {"id": "deca54a6651fb9add5b4a9816c99a353", "number": "3617829918", "date": "2021-01-22 00:00:00", "subject": "3", "recorded-or-robo": "", "city": "HOUSTON", "state": "TX", "area-code": "281"}, {"id": "e81c9350d54f66c6d33b3747ee04e7a0", "number": "6506223665", "date": "2021-01-07 10:33:00", "subject": "4", "recorded-or-robo": "Y", "city": "Sacramento", "state": "CA", "area-code": "916"}, {"id": "deca54a6651fb9add5b4a9816c9997f8", "number": "6506223665", "date": "2021-01-07 10:33:00", "subject": "4", "recorded-or-robo": "Y", "city": "Sacramento", "state": "CA", "area-code": "916"}, {"id": "e81c9350d54f66c6d33b3747ee4ef3bc", "number": "6198778159", "date": "2021-01-22 17:11:02", "subject": "3", "recorded-or-robo": "N", "city": "", "state": "VA", "area-code": "703"}, {"id": "e81c9350d54f66c6d33b3747ee04da9b", "number": "8448327572", "date": "2021-01-22 14:01:00", "subject": "2", "recorded-or-robo": "Y", "city": "", "state": "CA", "area-code": "909"}, {"id": "deca54a6651fb9add5b4a9816ce388ff", "number": "6198778159", "date": "2021-01-22 17:11:02", "subject": "3", "recorded-or-robo": "N", "city": "", "state": "VA", "area-code": "703"}, {"id": "deca54a6651fb9add5b4a9816c999514", "number": "8448327572", "date": "2021-01-22 14:01:00", "subject": "2", "recorded-or-robo": "Y", "city": "", "state": "CA", "area-code": "909"}, {"id": "e81c9350d54f66c6d33b3747ee04d749", "number": "8337700567", "date": "2021-01-22 15:05:00", "subject": "2", "recorded-or-robo": "Y", "city": "Litchfield Park", "state": "AZ", "area-code": "623"}, {"id": "deca54a6651fb9add5b4a9816c998bc2", "number": "8337700567", "date": "2021-01-22 15:05:00", "subject": "2", "recorded-or-robo": "Y", "city": "Litchfield Park", "state": "AZ", "area-code": "623"}, {"id": "e81c9350d54f66c6d33b3747ee04cffd", "number": "2393291107", "date": "2021-01-20 12:51:00", "subject": "2", "recorded-or-robo": "Y", "city": "Las Vegas", "state": "FL", "area-code": "239"}, {"id": "deca54a6651fb9add5b4a9816c998104", "number": "2393291107", "date": "2021-01-20 12:51:00", "subject": "2", "recorded-or-robo": "Y", "city": "Las Vegas", "state": "FL", "area-code": "239"}, {"id": "e81c9350d54f66c6d33b3747ee04cbb5", "number": "8605420326", "date": "2021-01-20 13:26:00", "subject": "2", "recorded-or-robo": "N", "city": "Ansonia", "state": "CT", "area-code": "203"}, {"id": "deca54a6651fb9add5b4a9816c997685", "number": "8605420326", "date": "2021-01-20 13:26:00", "subject": "2", "recorded-or-robo": "N", "city": "Ansonia", "state": "CT", "area-code": "203"}, {"id": "e81c9350d54f66c6d33b3747ee04cb09", "number": "7205008242", "date": "2021-01-22 14:55:00", "subject": "2", "recorded-or-robo": "N", "city": "Longmont", "state": "CO", "area-code": "303"}, {"id": "deca54a6651fb9add5b4a9816c996c9f", "number": "7205008242", "date": "2021-01-22 14:55:00", "subject": "2", "recorded-or-robo": "N", "city": "Longmont", "state": "CO", "area-code": "303"}, {"id": "e81c9350d54f66c6d33b3747ee04bd3b", "number": "8479778515", "date": "2021-01-22 15:36:00", "subject": "2", "recorded-or-robo": "Y", "city": "vernon hills", "state": "IL", "area-code": "847"}, {"id": "deca54a6651fb9add5b4a9816c996076", "number": "8479778515", "date": "2021-01-22 15:36:00", "subject": "2", "recorded-or-robo": "Y", "city": "vernon hills", "state": "IL", "area-code": "847"}, {"id": "e81c9350d54f66c6d33b3747ee04bc87", "number": "6509848878", "date": "2021-01-22 13:33:00", "subject": "5", "recorded-or-robo": "Y", "city": "San Jose", "state": "CA", "area-code": "408"}, {"id": "deca54a6651fb9add5b4a9816c995e48", "number": "6509848878", "date": "2021-01-22 13:33:00", "subject": "5", "recorded-or-robo": "Y", "city": "San Jose", "state": "CA", "area-code": "408"}, {"id": "e81c9350d54f66c6d33b3747ee4f7dcf", "number": "8005694822", "date": "2021-01-22 17:10:41", "subject": "3", "recorded-or-robo": "Y", "city": "", "state": "OH", "area-code": "216"}, {"id": "deca54a6651fb9add5b4a9816ce4084c", "number": "8005694822", "date": "2021-01-22 17:10:41", "subject": "3", "recorded-or-robo": "Y", "city": "", "state": "OH", "area-code": "216"}, {"id": "e81c9350d54f66c6d33b3747ee04a721", "number": "", "date": "2021-01-22 09:10:00", "subject": "3", "recorded-or-robo": "Y", "city": "", "state": "TX", "area-code": "806"}, {"id": "deca54a6651fb9add5b4a9816c994c1a", "number": "", "date": "2021-01-22 09:10:00", "subject": "3", "recorded-or-robo": "Y", "city": "", "state": "TX", "area-code": "806"}, {"id": "e81c9350d54f66c6d33b3747ee4f2a6b", "number": "3159940185", "date": "2021-01-22 17:10:33", "subject": "3", "recorded-or-robo": "Y", "city": "", "state": "NY", "area-code": "315"}, {"id": "deca54a6651fb9add5b4a9816ce3b042", "number": "3159940185", "date": "2021-01-22 17:10:33", "subject": "3", "recorded-or-robo": "Y", "city": "", "state": "NY", "area-code": "315"}, {"id": "e81c9350d54f66c6d33b3747ee4f00eb", "number": "3159940185", "date": "2021-01-22 17:10:32", "subject": "3", "recorded-or-robo": "Y", "city": "", "state": "NY", "area-code": "315"}, {"id": "deca54a6651fb9add5b4a9816ce39dc4", "number": "3159940185", "date": "2021-01-22 17:10:32", "subject": "3", "recorded-or-robo": "Y", "city": "", "state": "NY", "area-code": "315"}, {"id": "e81c9350d54f66c6d33b3747ee4f362e", "number": "8882698851", "date": "2021-01-22 17:10:30", "subject": "3", "recorded-or-robo": "Y", "city": "", "state": "TX", "area-code": "214"}, {"id": "deca54a6651fb9add5b4a9816ce3bfc5", "number": "8882698851", "date": "2021-01-22 17:10:30", "subject": "3", "recorded-or-robo": "Y", "city": "", "state": "TX", "area-code": "214"}, {"id": "e81c9350d54f66c6d33b3747ee04988f", "number": "2127207537", "date": "2021-01-22 16:47:00", "subject": "2", "recorded-or-robo": "Y", "city": "New York", "state": "NY", "area-code": "212"}]}