{"data": [{"id": "e81c9350d54f66c6d33b3747ee6c2496", "number": "7542204828", "date": "2021-01-22 18:15:00", "subject": "3", "recorded-or-robo": "N", "city": "", "state": "WV", "area-code": "304"}, {"id": "1d36742e3f24f50e4e7ae82801015169", "number": "4793917173", "date": "2020-12-22 13:34:00", "subject": "3", "recorded-or-robo": "Y", "city": "", "state": "AR", "area-code": "479"}, {"id": "1d36742e3f24f50e4e7ae828010112d3", "number": "7542204828", "date": "2021-01-22 18:15:00", "subject": "3", "recorded-or-robo": "N", "city": "", "state": "WV", "area-code": "304"}, {"id": "e81c9350d54f66c6d33b3747ee6c8111", "number": "9195894434", "date": "2021-01-22 18:30:00", "subject": "2", "recorded-or-robo": "Y", "city": "", "state": "NJ", "area-code": "201"}, {"id": "1d36742e3f24f50e4e7ae828010145b4", "number": "9195894434", "date": "2021-01-22 18:30:00", "subject": "2", "recorded-or-robo": "Y", "city": "", "state": "NJ", "area-code": "201"}, {"id": "e81c9350d54f66c6d33b3747ee6c7d3f", "number": "6317168054", "date": "2021-01-22 18:08:00", "subject": "9", "recorded-or-robo": "Y", "city": "", "state": "NY", "area-code": "631"}, {"id": "1d36742e3f24f50e4e7ae828010137b9", "number": "6317168054", "date": "2021-01-22 18:08:00", "subject": "9", "recorded-or-robo": "Y", "city": "", "state": "NY", "area-code": "631"}, {"id": "e81c9350d54f66c6d33b3747eea31bc3", "number": "9854667028", "date": "2021-01-22 19:23:42", "subject": "3", "recorded-or-robo": "Y", "city": "", "state": "NY", "area-code": "917"}, {"id": "1d36742e3f24f50e4e7ae828013817bb", "number": "9854667028", "date": "2021-01-22 19:23:42", "subject": "3", "recorded-or-robo": "Y", "city": "", "state": "NY", "area-code": "917"}, {"id": "e81c9350d54f66c6d33b3747ee6c6e5c", "number": "2068009899", "date": "2021-01-22 13:06:00", "subject": "2", "recorded-or-robo": "N", "city": "Pasco", "state": "WA", "area-code": "509"}, {"id": "1d36742e3f24f50e4e7ae82801012f5d", "number": "2068009899", "date": "2021-01-22 13:06:00", "subject": "2", "recorded-or-robo": "N", "city": "Pasco", "state": "WA", "area-code": "509"}, {"id": "e81c9350d54f66c6d33b3747eea3a733", "number": "+17136734409", "date": "2021-01-22 19:23:39", "subject": "3", "recorded-or-robo": "Y", "city": "", "state": "TX", "area-code": "915"}, {"id": "1d36742e3f24f50e4e7ae8280138af5d", "number": "+17136734409", "date": "2021-01-22 19:23:39", "subject": "3", "recorded-or-robo": "Y", "city": "", "state": "TX", "area-code": "915"}, {"id": "e81c9350d54f66c6d33b3747ee6c66f6", "number": "5167662519", "date": "2021-01-21 18:32:00", "subject": "3", "recorded-or-robo": "Y", "city": "", "state": "NY", "area-code": "516"}, {"id": "1d36742e3f24f50e4e7ae82801012d88", "number": "5167662519", "date": "2021-01-21 18:32:00", "subject": "3", "recorded-or-robo": "Y", "city": "", "state": "NY", "area-code": "516"}, {"id": "e81c9350d54f66c6d33b3747ee6c5842", "number": "4014935165", "date": "2021-01-22 19:01:00", "subject": "9", "recorded-or-robo": "Y", "city": "Pawtucket", "state": "RI", "area-code": "401"}, {"id": "1d36742e3f24f50e4e7ae82801011e70", "number": "4014935165", "date": "2021-01-22 19:01:00", "subject": "9", "recorded-or-robo": "Y", "city": "Pawtucket", "state": "RI", "area-code": "401"}, {"id": "e81c9350d54f66c6d33b3747ee6c4d5c", "number": "5714104742", "date": "2020-10-23 12:38:00", "subject": "0", "recorded-or-robo": "Y", "city": "Manassas", "state": "VA", "area-code": "703"}, {"id": "1d36742e3f24f50e4e7ae82801011bf6", "number": "5714104742", "date": "2020-10-23 12:38:00", "subject": "0", "recorded-or-robo": "Y", "city": "Manassas", "state": "VA", "area-code": "703"}, {"id": "e81c9350d54f66c6d33b3747ee6c3f6d", "number": "8555881136", "date": "2021-01-22 13:21:00", "subject": "2", "recorded-or-robo": "N", "city": "WOOSTER", "state": "OH", "area-code": "330"}, {"id": "1d36742e3f24f50e4e7ae8280101133c", "number": "8555881136", "date": "2021-01-22 13:21:00", "subject": "2", "recorded-or-robo": "N", "city": "WOOSTER", "state": "OH", "area-code": "330"}, {"id": "e81c9350d54f66c6d33b3747ee6c31e0", "number": "4806740554", "date": "2021-01-21 16:48:00", "subject": "7", "recorded-or-robo": "N", "city": "Tempe", "state": "AZ", "area-code": "602"}, {"id": "1d36742e3f24f50e4e7ae8280101130f", "number": "4806740554", "date": "2021-01-21 16:48:00", "subject": "7", "recorded-or-robo": "N", "city": "Tempe", "state": "AZ", "area-code": "602"}, {"id": "e81c9350d54f66c6d33b3747ee6c1a9e", "number": "8432771888", "date": "2021-01-21 14:45:00", "subject": "2", "recorded-or-robo": "", "city": "Camillus", "state": "NY", "area-code": "315"}, {"id": "1d36742e3f24f50e4e7ae828010106d6", "number": "8432771888", "date": "2021-01-21 14:45:00", "subject": "2", "recorded-or-robo": "", "city": "Camillus", "state": "NY", "area-code": "315"}, {"id": "e81c9350d54f66c6d33b3747ee6c0f45", "number": "6185645589", "date": "2021-01-22 15:48:00", "subject": "2", "recorded-or-robo": "N", "city": "CARBONDALE", "state": "IL", "area-code": "618"}, {"id": "1d36742e3f24f50e4e7ae8280100f8d0", "number": "6185645589", "date": "2021-01-22 15:48:00", "subject": "2", "recorded-or-robo": "N", "city": "CARBONDALE", "state": "IL", "area-code": "618"}, {"id": "e81c9350d54f66c6d33b3747ee6c08cb", "number": "9546668106", "date": "2021-01-22 18:50:00", "subject": "2", "recorded-or-robo": "Y", "city": "", "state": "NJ", "area-code": "201"}, {"id": "1d36742e3f24f50e4e7ae8280100e926", "number": "9546668106", "date": "2021-01-22 18:50:00", "subject": "2", "recorded-or-robo": "Y", "city": "", "state": "NJ", "area-code": "201"}, {"id": "e81c9350d54f66c6d33b3747ee6c00bf", "number": "4028753257", "date": "2021-01-22 16:17:00", "subject": "2", "recorded-or-robo": "N", "city": "Spokane", "state": "WA", "area-code": "509"}, {"id": "1d36742e3f24f50e4e7ae8280100e298", "number": "4028753257", "date": "2021-01-22 16:17:00", "subject": "2", "recorded-or-robo": "N", "city": "Spokane", "state": "WA", "area-code": "509"}, {"id": "e81c9350d54f66c6d33b3747ee6bf5c7", "number": "4063435767", "date": "2021-01-22 17:00:00", "subject": "9", "recorded-or-robo": "Y", "city": "Missoula", "state": "MT", "area-code": "406"}, {"id": "1d36742e3f24f50e4e7ae8280100df50", "number": "4063435767", "date": "2021-01-22 17:00:00", "subject": "9", "recorded-or-robo": "Y", "city": "Missoula", "state": "MT", "area-code": "406"}, {"id": "e81c9350d54f66c6d33b3747ee6bf2bb", "number": "9204778170", "date": "2021-01-22 13:26:00", "subject": "2", "recorded-or-robo": "", "city": "Watertown", "state": "WI", "area-code": "920"}, {"id": "1d36742e3f24f50e4e7ae8280100db8e", "number": "9204778170", "date": "2021-01-22 13:26:00", "subject": "2", "recorded-or-robo": "", "city": "Watertown", "state": "WI", "area-code": "920"}, {"id": "e81c9350d54f66c6d33b3747ee6be9e8", "number": "2146180955", "date": "2021-01-22 18:21:00", "subject": "2", "recorded-or-robo": "", "city": "", "state": "TX", "area-code": "972"}, {"id": "1d36742e3f24f50e4e7ae8280100d6ad", "number": "2146180955", "date": "2021-01-22 18:21:00", "subject": "2", "recorded-or-robo": "", "city": "", "state": "TX", "area-code": "972"}, {"id": "e81c9350d54f66c6d33b3747ee6be661", "number": "5167662519", "date": "2021-01-21 18:32:00", "subject": "3", "recorded-or-robo": "Y", "city": "", "state": "NY", "area-code": "516"}, {"id": "1d36742e3f24f50e4e7ae8280100d3d7", "number": "5167662519", "date": "2021-01-21 18:32:00", "subject": "3", "recorded-or-robo": "Y", "city": "", "state": "NY", "area-code": "516"}, {"id": "e81c9350d54f66c6d33b3747eea38521", "number": "6504855037", "date": "2021-01-22 19:22:51", "subject": "3", "recorded-or-robo": "Y", "city": "", "state": "CA", "area-code": "415"}, {"id": "e81c9350d54f66c6d33b3747ee6be04a", "number": "7247922081", "date": "2021-01-22 10:35:00", "subject": "1", "recorded-or-robo": "Y", "city": "", "state": "PA", "area-code": "724"}, {"id": "1d36742e3f24f50e4e7ae82801388ac9", "number": "6504855037", "date": "2021-01-22 19:22:51", "subject": "3", "recorded-or-robo": "Y", "city": "", "state": "CA", "area-code": "415"}, {"id": "1d36742e3f24f50e4e7ae8280100ce6c", "number": "7247922081", "date": "2021-01-22 10:35:00", "subject": "1", "recorded-or-robo": "Y", "city": "", "state": "PA", "area-code": "724"}, {"id": "e81c9350d54f66c6d33b3747ee6bdfb6", "number": "7245128411", "date": "2021-01-22 18:43:00", "subject": "2", "recorded-or-robo": "Y", "city": "", "state": "PA", "area-code": "724"}, {"id": "1d36742e3f24f50e4e7ae8280100c82a", "number": "7245128411", "date": "2021-01-22 18:43:00", "subject": "2", "recorded-or-robo": "Y", "city": "", "state": "PA", "area-code": "724"}, {"id": "e81c9350d54f66c6d33b3747ee6bd06c", "number": "4089634340", "date": "2021-01-22 13:34:00", "subject": "4", "recorded-or-robo": "Y", "city": "", "state": "CA", "area-code": "949"}, {"id": "1d36742e3f24f50e4e7ae8280100c734", "number": "4089634340", "date": "2021-01-22 13:34:00", "subject": "4", "recorded-or-robo": "Y", "city": "", "state": "CA", "area-code": "949"}, {"id": "e81c9350d54f66c6d33b3747ee6bcc53", "number": "3642025121", "date": "2021-01-22 18:43:00", "subject": "2", "recorded-or-robo": "Y", "city": "Thompsontown", "state": "PA", "area-code": "717"}, {"id": "1d36742e3f24f50e4e7ae8280100c3a5", "number": "3642025121", "date": "2021-01-22 18:43:00", "subject": "2", "recorded-or-robo": "Y", "city": "Thompsontown", "state": "PA", "area-code": "717"}, {"id": "e81c9350d54f66c6d33b3747ee6bcb66", "number": "9155841369", "date": "2021-01-22 15:45:00", "subject": "3", "recorded-or-robo": "Y", "city": "", "state": "AL", "area-code": "256"}]}