{"data": [{"id": "deca54a6651fb9add5b4a9816cd0aa5d", "number": "3615708160", "date": "2021-01-22 17:32:00", "subject": "3", "recorded-or-robo": "N", "city": "", "state": "IL", "area-code": "773"}, {"id": "e81c9350d54f66c6d33b3747ee3c2f73", "number": "9284887764", "date": "2021-01-22 16:45:00", "subject": "9", "recorded-or-robo": "Y", "city": "TEMPE", "state": "AZ", "area-code": "480"}, {"id": "deca54a6651fb9add5b4a9816cd0bbf5", "number": "9284887764", "date": "2021-01-22 16:45:00", "subject": "9", "recorded-or-robo": "Y", "city": "TEMPE", "state": "AZ", "area-code": "480"}, {"id": "e81c9350d54f66c6d33b3747ee3c2e2e", "number": "2547804386", "date": "2021-01-22 16:16:00", "subject": "2", "recorded-or-robo": "Y", "city": "Belton", "state": "TX", "area-code": "254"}, {"id": "deca54a6651fb9add5b4a9816cd0b433", "number": "2547804386", "date": "2021-01-22 16:16:00", "subject": "2", "recorded-or-robo": "Y", "city": "Belton", "state": "TX", "area-code": "254"}, {"id": "e81c9350d54f66c6d33b3747ee3c2209", "number": "8182749254", "date": "2021-01-22 03:43:00", "subject": "2", "recorded-or-robo": "N", "city": "", "state": "CA", "area-code": "818"}, {"id": "deca54a6651fb9add5b4a9816cd0b257", "number": "8182749254", "date": "2021-01-22 03:43:00", "subject": "2", "recorded-or-robo": "N", "city": "", "state": "CA", "area-code": "818"}, {"id": "e81c9350d54f66c6d33b3747ee3bba02", "number": "7198524002", "date": "2021-01-22 15:41:00", "subject": "3", "recorded-or-robo": "N", "city": "", "state": "CO", "area-code": "719"}, {"id": "deca54a6651fb9add5b4a9816cd05522", "number": "7198524002", "date": "2021-01-22 15:41:00", "subject": "3", "recorded-or-robo": "N", "city": "", "state": "CO", "area-code": "719"}, {"id": "e81c9350d54f66c6d33b3747ee3c1107", "number": "7079464356", "date": "2020-12-30 00:00:00", "subject": "3", "recorded-or-robo": "", "city": "", "state": "CA", "area-code": "760"}, {"id": "e81c9350d54f66c6d33b3747ee3c0969", "number": "7079314174", "date": "2021-01-22 15:22:00", "subject": "3", "recorded-or-robo": "Y", "city": "", "state": "CA", "area-code": "510"}, {"id": "deca54a6651fb9add5b4a9816cd0a63c", "number": "7079464356", "date": "2020-12-30 00:00:00", "subject": "3", "recorded-or-robo": "", "city": "", "state": "CA", "area-code": "760"}, {"id": "deca54a6651fb9add5b4a9816cd0a0cb", "number": "7079314174", "date": "2021-01-22 15:22:00", "subject": "3", "recorded-or-robo": "Y", "city": "", "state": "CA", "area-code": "510"}, {"id": "e81c9350d54f66c6d33b3747ee3c00f2", "number": "5617573972", "date": "2021-01-22 12:31:00", "subject": "2", "recorded-or-robo": "Y", "city": "Jupiter", "state": "FL", "area-code": "561"}, {"id": "deca54a6651fb9add5b4a9816cd0986c", "number": "5617573972", "date": "2021-01-22 12:31:00", "subject": "2", "recorded-or-robo": "Y", "city": "Jupiter", "state": "FL", "area-code": "561"}, {"id": "e81c9350d54f66c6d33b3747ee3bfc1c", "number": "8337080542", "date": "2021-01-22 12:09:00", "subject": "0", "recorded-or-robo": "Y", "city": "TAMPA", "state": "FL", "area-code": "941"}, {"id": "deca54a6651fb9add5b4a9816cd08b4e", "number": "8337080542", "date": "2021-01-22 12:09:00", "subject": "0", "recorded-or-robo": "Y", "city": "TAMPA", "state": "FL", "area-code": "941"}, {"id": "e81c9350d54f66c6d33b3747ee3bed29", "number": "8438723093", "date": "2021-01-22 18:37:00", "subject": "2", "recorded-or-robo": "Y", "city": "Hilton Head", "state": "SC", "area-code": "843"}, {"id": "deca54a6651fb9add5b4a9816cd08940", "number": "8438723093", "date": "2021-01-22 18:37:00", "subject": "2", "recorded-or-robo": "Y", "city": "Hilton Head", "state": "SC", "area-code": "843"}, {"id": "e81c9350d54f66c6d33b3747ee3be2d0", "number": "5416743042", "date": "2021-01-22 15:17:00", "subject": "8", "recorded-or-robo": "Y", "city": "Springfield", "state": "OR", "area-code": "541"}, {"id": "deca54a6651fb9add5b4a9816cd07a0c", "number": "5416743042", "date": "2021-01-22 15:17:00", "subject": "8", "recorded-or-robo": "Y", "city": "Springfield", "state": "OR", "area-code": "541"}, {"id": "e81c9350d54f66c6d33b3747ee3bd496", "number": "2813173659", "date": "2021-01-22 17:38:00", "subject": "0", "recorded-or-robo": "Y", "city": "Missouri City", "state": "TX", "area-code": "281"}, {"id": "deca54a6651fb9add5b4a9816cd0710b", "number": "2813173659", "date": "2021-01-22 17:38:00", "subject": "0", "recorded-or-robo": "Y", "city": "Missouri City", "state": "TX", "area-code": "281"}, {"id": "e81c9350d54f66c6d33b3747ee3bc4af", "number": "4156350408", "date": "2021-01-22 18:15:00", "subject": "3", "recorded-or-robo": "Y", "city": "Orlando", "state": "FL", "area-code": "321"}, {"id": "deca54a6651fb9add5b4a9816cd0637a", "number": "4156350408", "date": "2021-01-22 18:15:00", "subject": "3", "recorded-or-robo": "Y", "city": "Orlando", "state": "FL", "area-code": "321"}, {"id": "e81c9350d54f66c6d33b3747ee3bb719", "number": "8053852328", "date": "2021-01-22 11:28:00", "subject": "3", "recorded-or-robo": "Y", "city": "Camarillo", "state": "CA", "area-code": "805"}, {"id": "e81c9350d54f66c6d33b3747ee3bad44", "number": "2136039053", "date": "2021-01-21 10:00:00", "subject": "3", "recorded-or-robo": "Y", "city": "BARSTOW", "state": "CA", "area-code": "760"}, {"id": "deca54a6651fb9add5b4a9816cd04ad3", "number": "8053852328", "date": "2021-01-22 11:28:00", "subject": "3", "recorded-or-robo": "Y", "city": "Camarillo", "state": "CA", "area-code": "805"}, {"id": "deca54a6651fb9add5b4a9816cd0407b", "number": "2136039053", "date": "2021-01-21 10:00:00", "subject": "3", "recorded-or-robo": "Y", "city": "BARSTOW", "state": "CA", "area-code": "760"}, {"id": "e81c9350d54f66c6d33b3747ee3babb4", "number": "2764675046", "date": "2021-01-22 17:52:00", "subject": "2", "recorded-or-robo": "Y", "city": "Grundy", "state": "VA", "area-code": "276"}, {"id": "deca54a6651fb9add5b4a9816cd03411", "number": "2764675046", "date": "2021-01-22 17:52:00", "subject": "2", "recorded-or-robo": "Y", "city": "Grundy", "state": "VA", "area-code": "276"}, {"id": "e81c9350d54f66c6d33b3747ee9e615a", "number": "7575428480", "date": "2021-01-22 18:45:00", "subject": "3", "recorded-or-robo": "Y", "city": "", "state": "VA", "area-code": "757"}, {"id": "1d36742e3f24f50e4e7ae82801336578", "number": "7575428480", "date": "2021-01-22 18:45:00", "subject": "3", "recorded-or-robo": "Y", "city": "", "state": "VA", "area-code": "757"}, {"id": "e81c9350d54f66c6d33b3747ee9e3384", "number": "7575428480", "date": "2021-01-22 18:44:59", "subject": "3", "recorded-or-robo": "Y", "city": "", "state": "VA", "area-code": "757"}, {"id": "e81c9350d54f66c6d33b3747ee3ba7cd", "number": "8337080542", "date": "2021-01-22 08:37:00", "subject": "0", "recorded-or-robo": "Y", "city": "TAMPA", "state": "FL", "area-code": "941"}, {"id": "deca54a6651fb9add5b4a9816cd02997", "number": "8337080542", "date": "2021-01-22 08:37:00", "subject": "0", "recorded-or-robo": "Y", "city": "TAMPA", "state": "FL", "area-code": "941"}, {"id": "1d36742e3f24f50e4e7ae82801334438", "number": "7575428480", "date": "2021-01-22 18:44:59", "subject": "3", "recorded-or-robo": "Y", "city": "", "state": "VA", "area-code": "757"}, {"id": "e81c9350d54f66c6d33b3747ee3b9bf8", "number": "4695290320", "date": "2021-01-22 16:48:00", "subject": "2", "recorded-or-robo": "", "city": "", "state": "TX", "area-code": "972"}, {"id": "deca54a6651fb9add5b4a9816cd02660", "number": "4695290320", "date": "2021-01-22 16:48:00", "subject": "2", "recorded-or-robo": "", "city": "", "state": "TX", "area-code": "972"}, {"id": "e81c9350d54f66c6d33b3747ee3b5f91", "number": "3615708160", "date": "2021-01-22 17:32:00", "subject": "3", "recorded-or-robo": "N", "city": "", "state": "IL", "area-code": "773"}, {"id": "deca54a6651fb9add5b4a9816ccfdf1e", "number": "3615708160", "date": "2021-01-22 17:32:00", "subject": "3", "recorded-or-robo": "N", "city": "", "state": "IL", "area-code": "773"}, {"id": "e81c9350d54f66c6d33b3747ee3b98bb", "number": "8179184730", "date": "2021-01-22 17:42:00", "subject": "12", "recorded-or-robo": "N", "city": "Fort Worth TX", "state": "TX", "area-code": "631"}, {"id": "deca54a6651fb9add5b4a9816cd023ad", "number": "8179184730", "date": "2021-01-22 17:42:00", "subject": "12", "recorded-or-robo": "N", "city": "Fort Worth TX", "state": "TX", "area-code": "631"}, {"id": "e81c9350d54f66c6d33b3747ee3b8d2b", "number": "7868378721", "date": "2021-01-22 18:00:00", "subject": "2", "recorded-or-robo": "Y", "city": "Deerfield Beach", "state": "FL", "area-code": "954"}, {"id": "deca54a6651fb9add5b4a9816cd01816", "number": "7868378721", "date": "2021-01-22 18:00:00", "subject": "2", "recorded-or-robo": "Y", "city": "Deerfield Beach", "state": "FL", "area-code": "954"}, {"id": "e81c9350d54f66c6d33b3747eec666eb", "number": "3372695700", "date": "2021-01-22 09:00:00", "subject": "3", "recorded-or-robo": "N", "city": "", "state": "LA", "area-code": "337"}, {"id": "e81c9350d54f66c6d33b3747ee3b8bab", "number": "2547808396", "date": "2021-01-22 15:39:00", "subject": "2", "recorded-or-robo": "Y", "city": "Belton", "state": "TX", "area-code": "254"}, {"id": "deca54a6651fb9add5b4a9816cd010c2", "number": "2547808396", "date": "2021-01-22 15:39:00", "subject": "2", "recorded-or-robo": "Y", "city": "Belton", "state": "TX", "area-code": "254"}, {"id": "1d36742e3f24f50e4e7ae828015bc1e2", "number": "3372695700", "date": "2021-01-22 09:00:00", "subject": "3", "recorded-or-robo": "N", "city": "", "state": "LA", "area-code": "337"}, {"id": "e81c9350d54f66c6d33b3747ee3b8665", "number": "5616280937", "date": "2021-01-22 13:51:00", "subject": "2", "recorded-or-robo": "Y", "city": "west palm beach", "state": "FL", "area-code": "561"}]}