{"data": [{"id": "deca54a6651fb9add5b4a9816ceafe76", "number": "8043788637", "date": "2021-01-22 18:02:17", "subject": "3", "recorded-or-robo": "Y", "city": "", "state": "VA", "area-code": "757"}, {"id": "e81c9350d54f66c6d33b3747ee563e1b", "number": "8043788637", "date": "2021-01-22 18:02:16", "subject": "3", "recorded-or-robo": "Y", "city": "", "state": "VA", "area-code": "757"}, {"id": "deca54a6651fb9add5b4a9816ceab0d0", "number": "8043788637", "date": "2021-01-22 18:02:16", "subject": "3", "recorded-or-robo": "Y", "city": "", "state": "VA", "area-code": "757"}, {"id": "e81c9350d54f66c6d33b3747ee2444cc", "number": "4233700976", "date": "2021-01-22 17:29:00", "subject": "2", "recorded-or-robo": "Y", "city": "Kingsport", "state": "TN", "area-code": "423"}, {"id": "deca54a6651fb9add5b4a9816cb957eb", "number": "4233700976", "date": "2021-01-22 17:29:00", "subject": "2", "recorded-or-robo": "Y", "city": "Kingsport", "state": "TN", "area-code": "423"}, {"id": "e81c9350d54f66c6d33b3747ee2443ac", "number": "7204646382", "date": "2021-01-22 03:59:00", "subject": "9", "recorded-or-robo": "Y", "city": "Aurora", "state": "CO", "area-code": "720"}, {"id": "e81c9350d54f66c6d33b3747ee243a60", "number": "4699476403", "date": "2021-01-22 16:37:00", "subject": "5", "recorded-or-robo": "Y", "city": "", "state": "TX", "area-code": "512"}, {"id": "e81c9350d54f66c6d33b3747ee2430f1", "number": "8029229080", "date": "2021-01-22 17:08:00", "subject": "3", "recorded-or-robo": "Y", "city": "", "state": "NY", "area-code": "631"}, {"id": "deca54a6651fb9add5b4a9816cb94a5f", "number": "7204646382", "date": "2021-01-22 03:59:00", "subject": "9", "recorded-or-robo": "Y", "city": "Aurora", "state": "CO", "area-code": "720"}, {"id": "deca54a6651fb9add5b4a9816cb93ae5", "number": "4699476403", "date": "2021-01-22 16:37:00", "subject": "5", "recorded-or-robo": "Y", "city": "", "state": "TX", "area-code": "512"}, {"id": "deca54a6651fb9add5b4a9816cb937bd", "number": "8029229080", "date": "2021-01-22 17:08:00", "subject": "3", "recorded-or-robo": "Y", "city": "", "state": "NY", "area-code": "631"}, {"id": "e81c9350d54f66c6d33b3747ee2423ff", "number": "6109296519", "date": "2021-01-22 17:55:00", "subject": "5", "recorded-or-robo": "Y", "city": "", "state": "PA", "area-code": "610"}, {"id": "e81c9350d54f66c6d33b3747ee241cc9", "number": "9255351049", "date": "2021-01-22 00:46:00", "subject": "4", "recorded-or-robo": "Y", "city": "", "state": "CA", "area-code": "925"}, {"id": "deca54a6651fb9add5b4a9816cb92a18", "number": "6109296519", "date": "2021-01-22 17:55:00", "subject": "5", "recorded-or-robo": "Y", "city": "", "state": "PA", "area-code": "610"}, {"id": "deca54a6651fb9add5b4a9816cb925b0", "number": "9255351049", "date": "2021-01-22 00:46:00", "subject": "4", "recorded-or-robo": "Y", "city": "", "state": "CA", "area-code": "925"}, {"id": "e81c9350d54f66c6d33b3747ee241638", "number": "6018978130", "date": "2021-01-21 13:29:00", "subject": "2", "recorded-or-robo": "Y", "city": "", "state": "OR", "area-code": "541"}, {"id": "deca54a6651fb9add5b4a9816cb923f2", "number": "6018978130", "date": "2021-01-21 13:29:00", "subject": "2", "recorded-or-robo": "Y", "city": "", "state": "OR", "area-code": "541"}, {"id": "e81c9350d54f66c6d33b3747ee240d2f", "number": "8646376436", "date": "2021-01-22 08:54:00", "subject": "2", "recorded-or-robo": "Y", "city": "Fort Scott", "state": "SC", "area-code": "864"}, {"id": "deca54a6651fb9add5b4a9816cb91bf6", "number": "8646376436", "date": "2021-01-22 08:54:00", "subject": "2", "recorded-or-robo": "Y", "city": "Fort Scott", "state": "SC", "area-code": "864"}, {"id": "e81c9350d54f66c6d33b3747ee56b65b", "number": "+19546947266", "date": "2021-01-22 18:01:56", "subject": "3", "recorded-or-robo": "Y", "city": "", "state": "MI", "area-code": "810"}, {"id": "deca54a6651fb9add5b4a9816ceb2d99", "number": "+19546947266", "date": "2021-01-22 18:01:56", "subject": "3", "recorded-or-robo": "Y", "city": "", "state": "MI", "area-code": "810"}, {"id": "e81c9350d54f66c6d33b3747ee568f80", "number": "5102985881", "date": "2021-01-22 18:01:53", "subject": "3", "recorded-or-robo": "N", "city": "", "state": "CA", "area-code": "626"}, {"id": "deca54a6651fb9add5b4a9816ceb01ff", "number": "5102985881", "date": "2021-01-22 18:01:53", "subject": "3", "recorded-or-robo": "N", "city": "", "state": "CA", "area-code": "626"}, {"id": "e81c9350d54f66c6d33b3747ee24050d", "number": "4582003823", "date": "2021-01-22 12:00:00", "subject": "1", "recorded-or-robo": "Y", "city": "San Diego", "state": "CA", "area-code": "503"}, {"id": "deca54a6651fb9add5b4a9816cb91b05", "number": "4582003823", "date": "2021-01-22 12:00:00", "subject": "1", "recorded-or-robo": "Y", "city": "San Diego", "state": "CA", "area-code": "503"}, {"id": "e81c9350d54f66c6d33b3747ee567a1b", "number": "5033573445", "date": "2021-01-22 18:01:42", "subject": "3", "recorded-or-robo": "Y", "city": "", "state": "OR", "area-code": "541"}, {"id": "deca54a6651fb9add5b4a9816ceaf01f", "number": "5033573445", "date": "2021-01-22 18:01:42", "subject": "3", "recorded-or-robo": "Y", "city": "", "state": "OR", "area-code": "541"}, {"id": "e81c9350d54f66c6d33b3747ee2400b2", "number": "2082878792", "date": "2020-12-29 08:30:00", "subject": "1", "recorded-or-robo": "N", "city": "Nampa", "state": "ID", "area-code": "208"}, {"id": "deca54a6651fb9add5b4a9816cb90b38", "number": "2082878792", "date": "2020-12-29 08:30:00", "subject": "1", "recorded-or-robo": "N", "city": "Nampa", "state": "ID", "area-code": "208"}, {"id": "e81c9350d54f66c6d33b3747ee56ab0f", "number": "+19543883308", "date": "2021-01-22 18:01:35", "subject": "3", "recorded-or-robo": "Y", "city": "", "state": "MI", "area-code": "810"}, {"id": "e81c9350d54f66c6d33b3747ee23f431", "number": "7692400981", "date": "2021-01-21 15:06:00", "subject": "2", "recorded-or-robo": "N", "city": "Huntington Beach", "state": "CA", "area-code": "818"}, {"id": "deca54a6651fb9add5b4a9816ceb1c6e", "number": "+19543883308", "date": "2021-01-22 18:01:35", "subject": "3", "recorded-or-robo": "Y", "city": "", "state": "MI", "area-code": "810"}, {"id": "deca54a6651fb9add5b4a9816cb9070a", "number": "7692400981", "date": "2021-01-21 15:06:00", "subject": "2", "recorded-or-robo": "N", "city": "Huntington Beach", "state": "CA", "area-code": "818"}, {"id": "e81c9350d54f66c6d33b3747ee23f3b4", "number": "5136443543", "date": "2021-01-19 10:10:00", "subject": "4", "recorded-or-robo": "Y", "city": "Cleveland", "state": "OH", "area-code": "440"}, {"id": "deca54a6651fb9add5b4a9816cb90205", "number": "5136443543", "date": "2021-01-19 10:10:00", "subject": "4", "recorded-or-robo": "Y", "city": "Cleveland", "state": "OH", "area-code": "440"}, {"id": "e81c9350d54f66c6d33b3747ee23ebc5", "number": "9374682885", "date": "2021-01-22 11:33:00", "subject": "0", "recorded-or-robo": "Y", "city": "Springfield", "state": "OH", "area-code": "937"}, {"id": "deca54a6651fb9add5b4a9816cb8f647", "number": "9374682885", "date": "2021-01-22 11:33:00", "subject": "0", "recorded-or-robo": "Y", "city": "Springfield", "state": "OH", "area-code": "937"}, {"id": "e81c9350d54f66c6d33b3747ee23de3b", "number": "9127120750", "date": "2021-01-06 10:33:00", "subject": "2", "recorded-or-robo": "Y", "city": "Colorado Springs", "state": "CO", "area-code": "912"}, {"id": "deca54a6651fb9add5b4a9816cb8f1fe", "number": "9127120750", "date": "2021-01-06 10:33:00", "subject": "2", "recorded-or-robo": "Y", "city": "Colorado Springs", "state": "CO", "area-code": "912"}, {"id": "e81c9350d54f66c6d33b3747ee23d565", "number": "4057547536", "date": "2021-01-22 13:10:00", "subject": "2", "recorded-or-robo": "Y", "city": "Valliant", "state": "OK", "area-code": "580"}, {"id": "deca54a6651fb9add5b4a9816cb8e817", "number": "4057547536", "date": "2021-01-22 13:10:00", "subject": "2", "recorded-or-robo": "Y", "city": "Valliant", "state": "OK", "area-code": "580"}, {"id": "e81c9350d54f66c6d33b3747ee23c597", "number": "8054209750", "date": "2021-01-22 09:51:00", "subject": "0", "recorded-or-robo": "N", "city": "CAMARILLO", "state": "CA", "area-code": "805"}, {"id": "deca54a6651fb9add5b4a9816cb8dc50", "number": "8054209750", "date": "2021-01-22 09:51:00", "subject": "0", "recorded-or-robo": "N", "city": "CAMARILLO", "state": "CA", "area-code": "805"}, {"id": "e81c9350d54f66c6d33b3747ee23c2a2", "number": "8332298903", "date": "2021-01-22 14:40:00", "subject": "3", "recorded-or-robo": "Y", "city": "", "state": "PA", "area-code": "610"}, {"id": "deca54a6651fb9add5b4a9816cb8d0f6", "number": "8332298903", "date": "2021-01-22 14:40:00", "subject": "3", "recorded-or-robo": "Y", "city": "", "state": "PA", "area-code": "610"}, {"id": "e81c9350d54f66c6d33b3747ee23b2aa", "number": "4057670891", "date": "2021-01-22 14:32:00", "subject": "4", "recorded-or-robo": "Y", "city": "", "state": "OH", "area-code": "419"}, {"id": "deca54a6651fb9add5b4a9816cb8caf0", "number": "4057670891", "date": "2021-01-22 14:32:00", "subject": "4", "recorded-or-robo": "Y", "city": "", "state": "OH", "area-code": "419"}, {"id": "e81c9350d54f66c6d33b3747ee23a3aa", "number": "8122045151", "date": "2021-01-22 16:12:00", "subject": "2", "recorded-or-robo": "", "city": "", "state": "IN", "area-code": "812"}, {"id": "deca54a6651fb9add5b4a9816cb8bce0", "number": "8122045151", "date": "2021-01-22 16:12:00", "subject": "2", "recorded-or-robo": "", "city": "", "state": "IN", "area-code": "812"}, {"id": "e81c9350d54f66c6d33b3747ee239fee", "number": "65004206982", "date": "2021-01-21 15:34:00", "subject": "2", "recorded-or-robo": "N", "city": "Huntington Beach", "state": "CA", "area-code": "818"}]}