{"data": [{"id": "deca54a6651fb9add5b4a9816ccbd58a", "number": "4359155656", "date": "2021-01-22 11:35:00", "subject": "2", "recorded-or-robo": "Y", "city": "", "state": "TX", "area-code": "210"}, {"id": "e81c9350d54f66c6d33b3747ee36efd4", "number": "6508998694", "date": "2021-01-22 13:42:00", "subject": "2", "recorded-or-robo": "Y", "city": "Kirksville", "state": "CA", "area-code": "650"}, {"id": "deca54a6651fb9add5b4a9816ccbcdf7", "number": "6508998694", "date": "2021-01-22 13:42:00", "subject": "2", "recorded-or-robo": "Y", "city": "Kirksville", "state": "CA", "area-code": "650"}, {"id": "e81c9350d54f66c6d33b3747ee36e831", "number": "6094600416", "date": "2021-01-15 10:42:00", "subject": "2", "recorded-or-robo": "Y", "city": "Plainsboro", "state": "NJ", "area-code": "609"}, {"id": "deca54a6651fb9add5b4a9816ccbc7a4", "number": "6094600416", "date": "2021-01-15 10:42:00", "subject": "2", "recorded-or-robo": "Y", "city": "Plainsboro", "state": "NJ", "area-code": "609"}, {"id": "e81c9350d54f66c6d33b3747ee36dde2", "number": "", "date": "2021-01-21 18:51:00", "subject": "0", "recorded-or-robo": "Y", "city": "Old Bridge", "state": "NJ", "area-code": "973"}, {"id": "e81c9350d54f66c6d33b3747ee36d2cd", "number": "7188501054", "date": "2021-01-22 18:31:00", "subject": "0", "recorded-or-robo": "N", "city": "", "state": "NY", "area-code": "718"}, {"id": "deca54a6651fb9add5b4a9816ccbc491", "number": "", "date": "2021-01-21 18:51:00", "subject": "0", "recorded-or-robo": "Y", "city": "Old Bridge", "state": "NJ", "area-code": "973"}, {"id": "deca54a6651fb9add5b4a9816ccbb665", "number": "7188501054", "date": "2021-01-22 18:31:00", "subject": "0", "recorded-or-robo": "N", "city": "", "state": "NY", "area-code": "718"}, {"id": "e81c9350d54f66c6d33b3747ee36c9dd", "number": "6303586356", "date": "2021-01-22 17:21:00", "subject": "6", "recorded-or-robo": "Y", "city": "Broken Arrow", "state": "OK", "area-code": "918"}, {"id": "deca54a6651fb9add5b4a9816ccbaff6", "number": "6303586356", "date": "2021-01-22 17:21:00", "subject": "6", "recorded-or-robo": "Y", "city": "Broken Arrow", "state": "OK", "area-code": "918"}, {"id": "e81c9350d54f66c6d33b3747ee36c7bf", "number": "5109488838", "date": "2021-01-22 17:20:00", "subject": "1", "recorded-or-robo": "Y", "city": "San Antonio", "state": "TX", "area-code": "510"}, {"id": "deca54a6651fb9add5b4a9816ccbab20", "number": "5109488838", "date": "2021-01-22 17:20:00", "subject": "1", "recorded-or-robo": "Y", "city": "San Antonio", "state": "TX", "area-code": "510"}, {"id": "e81c9350d54f66c6d33b3747ee36c71f", "number": "5592571714", "date": "2021-01-22 08:35:00", "subject": "2", "recorded-or-robo": "Y", "city": "Clovis", "state": "CA", "area-code": "559"}, {"id": "e81c9350d54f66c6d33b3747ee36c4e9", "number": "5072747915", "date": "2021-01-21 09:42:00", "subject": "2", "recorded-or-robo": "N", "city": "Farmington", "state": "MN", "area-code": "651"}, {"id": "deca54a6651fb9add5b4a9816ccb9ff1", "number": "5592571714", "date": "2021-01-22 08:35:00", "subject": "2", "recorded-or-robo": "Y", "city": "Clovis", "state": "CA", "area-code": "559"}, {"id": "deca54a6651fb9add5b4a9816ccb9b32", "number": "5072747915", "date": "2021-01-21 09:42:00", "subject": "2", "recorded-or-robo": "N", "city": "Farmington", "state": "MN", "area-code": "651"}, {"id": "e81c9350d54f66c6d33b3747ee36b50d", "number": "5618563798", "date": "2021-01-22 18:20:00", "subject": "2", "recorded-or-robo": "Y", "city": "South Plainfield", "state": "NJ", "area-code": "908"}, {"id": "deca54a6651fb9add5b4a9816ccb93b9", "number": "5618563798", "date": "2021-01-22 18:20:00", "subject": "2", "recorded-or-robo": "Y", "city": "South Plainfield", "state": "NJ", "area-code": "908"}, {"id": "e81c9350d54f66c6d33b3747ee9d64cd", "number": "+14072739263", "date": "2021-01-22 18:34:45", "subject": "3", "recorded-or-robo": "Y", "city": "", "state": "FL", "area-code": "305"}, {"id": "1d36742e3f24f50e4e7ae828013279b6", "number": "+14072739263", "date": "2021-01-22 18:34:45", "subject": "3", "recorded-or-robo": "Y", "city": "", "state": "FL", "area-code": "305"}, {"id": "e81c9350d54f66c6d33b3747ee36a6b4", "number": "6692097199", "date": "2021-01-22 00:00:00", "subject": "0", "recorded-or-robo": "", "city": "Amherst", "state": "NY", "area-code": "716"}, {"id": "deca54a6651fb9add5b4a9816ccb926f", "number": "6692097199", "date": "2021-01-22 00:00:00", "subject": "0", "recorded-or-robo": "", "city": "Amherst", "state": "NY", "area-code": "716"}, {"id": "e81c9350d54f66c6d33b3747ee369893", "number": "6094600416", "date": "2021-01-15 10:15:00", "subject": "3", "recorded-or-robo": "Y", "city": "Plainsboro", "state": "NJ", "area-code": "609"}, {"id": "deca54a6651fb9add5b4a9816ccb8e7a", "number": "6094600416", "date": "2021-01-15 10:15:00", "subject": "3", "recorded-or-robo": "Y", "city": "Plainsboro", "state": "NJ", "area-code": "609"}, {"id": "e81c9350d54f66c6d33b3747ee369634", "number": "5095398781", "date": "2021-01-22 11:29:00", "subject": "2", "recorded-or-robo": "N", "city": "Three Forks", "state": "MT", "area-code": "509"}, {"id": "deca54a6651fb9add5b4a9816ccb8373", "number": "5095398781", "date": "2021-01-22 11:29:00", "subject": "2", "recorded-or-robo": "N", "city": "Three Forks", "state": "MT", "area-code": "509"}, {"id": "e81c9350d54f66c6d33b3747ee368ddb", "number": "7064179079", "date": "2021-01-22 11:07:00", "subject": "2", "recorded-or-robo": "Y", "city": "Cornelia", "state": "GA", "area-code": "706"}, {"id": "deca54a6651fb9add5b4a9816ccb792d", "number": "7064179079", "date": "2021-01-22 11:07:00", "subject": "2", "recorded-or-robo": "Y", "city": "Cornelia", "state": "GA", "area-code": "706"}, {"id": "e81c9350d54f66c6d33b3747ee368291", "number": "4082714485", "date": "2021-01-19 08:00:00", "subject": "4", "recorded-or-robo": "Y", "city": "GILROY", "state": "CA", "area-code": "408"}, {"id": "deca54a6651fb9add5b4a9816ccb6de4", "number": "4082714485", "date": "2021-01-19 08:00:00", "subject": "4", "recorded-or-robo": "Y", "city": "GILROY", "state": "CA", "area-code": "408"}, {"id": "e81c9350d54f66c6d33b3747ee36752e", "number": "5614278144", "date": "2021-01-22 09:27:00", "subject": "2", "recorded-or-robo": "Y", "city": "Jupiter", "state": "FL", "area-code": "561"}, {"id": "deca54a6651fb9add5b4a9816ccb6d7f", "number": "5614278144", "date": "2021-01-22 09:27:00", "subject": "2", "recorded-or-robo": "Y", "city": "Jupiter", "state": "FL", "area-code": "561"}, {"id": "e81c9350d54f66c6d33b3747ee366f14", "number": "2076900155", "date": "2021-01-22 18:27:00", "subject": "0", "recorded-or-robo": "", "city": "Cape Elizabeth", "state": "ME", "area-code": "207"}, {"id": "deca54a6651fb9add5b4a9816ccb6b27", "number": "2076900155", "date": "2021-01-22 18:27:00", "subject": "0", "recorded-or-robo": "", "city": "Cape Elizabeth", "state": "ME", "area-code": "207"}, {"id": "e81c9350d54f66c6d33b3747ee36689f", "number": "8176160082", "date": "2021-01-22 12:00:00", "subject": "1", "recorded-or-robo": "Y", "city": "Merton", "state": "WI", "area-code": "262"}, {"id": "deca54a6651fb9add5b4a9816ccb6317", "number": "8176160082", "date": "2021-01-22 12:00:00", "subject": "1", "recorded-or-robo": "Y", "city": "Merton", "state": "WI", "area-code": "262"}, {"id": "e81c9350d54f66c6d33b3747ee36642c", "number": "2029649536", "date": "2021-01-22 15:29:00", "subject": "2", "recorded-or-robo": "Y", "city": "", "state": "CA", "area-code": "619"}, {"id": "deca54a6651fb9add5b4a9816ccb56be", "number": "2029649536", "date": "2021-01-22 15:29:00", "subject": "2", "recorded-or-robo": "Y", "city": "", "state": "CA", "area-code": "619"}, {"id": "e81c9350d54f66c6d33b3747ee9d277a", "number": "9802586884", "date": "2021-01-22 18:34:03", "subject": "3", "recorded-or-robo": "Y", "city": "", "state": "NC", "area-code": "704"}, {"id": "1d36742e3f24f50e4e7ae82801324a9d", "number": "9802586884", "date": "2021-01-22 18:34:03", "subject": "3", "recorded-or-robo": "Y", "city": "", "state": "NC", "area-code": "704"}, {"id": "e81c9350d54f66c6d33b3747ee36641e", "number": "2068018570", "date": "2021-01-22 15:06:00", "subject": "9", "recorded-or-robo": "Y", "city": "Colbert", "state": "WA", "area-code": "509"}, {"id": "deca54a6651fb9add5b4a9816ccb4851", "number": "2068018570", "date": "2021-01-22 15:06:00", "subject": "9", "recorded-or-robo": "Y", "city": "Colbert", "state": "WA", "area-code": "509"}, {"id": "e81c9350d54f66c6d33b3747ee365de3", "number": "3237434087", "date": "2021-01-21 13:41:00", "subject": "2", "recorded-or-robo": "Y", "city": "Montebello", "state": "CA", "area-code": "323"}, {"id": "deca54a6651fb9add5b4a9816ccb3fa0", "number": "3237434087", "date": "2021-01-21 13:41:00", "subject": "2", "recorded-or-robo": "Y", "city": "Montebello", "state": "CA", "area-code": "323"}, {"id": "e81c9350d54f66c6d33b3747ee3651b4", "number": "3133051326", "date": "2021-01-22 17:45:00", "subject": "2", "recorded-or-robo": "N", "city": "Ann Arbor", "state": "MI", "area-code": "313"}, {"id": "e81c9350d54f66c6d33b3747ee36510a", "number": "5088136060", "date": "2021-01-22 02:09:00", "subject": "2", "recorded-or-robo": "Y", "city": "FRANKLIN", "state": "MA", "area-code": "508"}, {"id": "deca54a6651fb9add5b4a9816ccb3f10", "number": "3133051326", "date": "2021-01-22 17:45:00", "subject": "2", "recorded-or-robo": "N", "city": "Ann Arbor", "state": "MI", "area-code": "313"}, {"id": "deca54a6651fb9add5b4a9816ccb343a", "number": "5088136060", "date": "2021-01-22 02:09:00", "subject": "2", "recorded-or-robo": "Y", "city": "FRANKLIN", "state": "MA", "area-code": "508"}, {"id": "e81c9350d54f66c6d33b3747ee364e59", "number": "424327277", "date": "2021-01-21 04:05:00", "subject": "2", "recorded-or-robo": "Y", "city": "Kirksville", "state": "MO", "area-code": "650"}]}