{"data": [{"id": "b6a8da8b80f26332ed085cca2df7d7b0", "number": "8582617500", "date": "2021-01-22 13:44:00", "subject": "3", "recorded-or-robo": "", "city": "", "state": "CA", "area-code": "858"}, {"id": "deca54a6651fb9add5b4a9816c8d45f8", "number": "8506482856", "date": "2021-01-22 15:47:00", "subject": "0", "recorded-or-robo": "N", "city": "Pensacola", "state": "FL", "area-code": "850"}, {"id": "b6a8da8b80f26332ed085cca2df867ac", "number": "8506482856", "date": "2021-01-22 15:47:00", "subject": "0", "recorded-or-robo": "N", "city": "Pensacola", "state": "FL", "area-code": "850"}, {"id": "deca54a6651fb9add5b4a9816c8d3c6c", "number": "9166256882", "date": "2021-01-19 14:37:00", "subject": "5", "recorded-or-robo": "Y", "city": "", "state": "CA", "area-code": "909"}, {"id": "b6a8da8b80f26332ed085cca2df861f7", "number": "9166256882", "date": "2021-01-19 14:37:00", "subject": "5", "recorded-or-robo": "Y", "city": "", "state": "CA", "area-code": "909"}, {"id": "deca54a6651fb9add5b4a9816c8c9a5d", "number": "7152124122", "date": "2021-01-22 15:45:00", "subject": "3", "recorded-or-robo": "N", "city": "", "state": "WI", "area-code": "715"}, {"id": "b6a8da8b80f26332ed085cca2df7ca13", "number": "7152124122", "date": "2021-01-22 15:45:00", "subject": "3", "recorded-or-robo": "N", "city": "", "state": "WI", "area-code": "715"}, {"id": "e81c9350d54f66c6d33b3747ee4dcf01", "number": "+17247543452", "date": "2021-01-22 16:52:21", "subject": "3", "recorded-or-robo": "Y", "city": "", "state": "GA", "area-code": "404"}, {"id": "deca54a6651fb9add5b4a9816ce23e0e", "number": "+17247543452", "date": "2021-01-22 16:52:21", "subject": "3", "recorded-or-robo": "Y", "city": "", "state": "GA", "area-code": "404"}, {"id": "deca54a6651fb9add5b4a9816c8d3550", "number": "6052026549", "date": "2021-01-22 04:37:00", "subject": "5", "recorded-or-robo": "Y", "city": "Silver Spring", "state": "MD", "area-code": "410"}, {"id": "b6a8da8b80f26332ed085cca2df86047", "number": "6052026549", "date": "2021-01-22 04:37:00", "subject": "5", "recorded-or-robo": "Y", "city": "Silver Spring", "state": "MD", "area-code": "410"}, {"id": "deca54a6651fb9add5b4a9816c8d28e8", "number": "4582180064", "date": "2021-01-22 15:36:00", "subject": "2", "recorded-or-robo": "Y", "city": "McKinney", "state": "TX", "area-code": "469"}, {"id": "deca54a6651fb9add5b4a9816c8d282f", "number": "5129103775", "date": "2021-01-22 14:08:00", "subject": "8", "recorded-or-robo": "N", "city": "", "state": "TX", "area-code": "512"}, {"id": "b6a8da8b80f26332ed085cca2df850a2", "number": "4582180064", "date": "2021-01-22 15:36:00", "subject": "2", "recorded-or-robo": "Y", "city": "McKinney", "state": "TX", "area-code": "469"}, {"id": "b6a8da8b80f26332ed085cca2df84753", "number": "5129103775", "date": "2021-01-22 14:08:00", "subject": "8", "recorded-or-robo": "N", "city": "", "state": "TX", "area-code": "512"}, {"id": "deca54a6651fb9add5b4a9816c8d19cb", "number": "6516151653", "date": "2021-01-20 09:22:00", "subject": "0", "recorded-or-robo": "Y", "city": "", "state": "MN", "area-code": "651"}, {"id": "b6a8da8b80f26332ed085cca2df84035", "number": "6516151653", "date": "2021-01-20 09:22:00", "subject": "0", "recorded-or-robo": "Y", "city": "", "state": "MN", "area-code": "651"}, {"id": "deca54a6651fb9add5b4a9816c8d0f4f", "number": "5109367327", "date": "2021-01-22 16:47:00", "subject": "2", "recorded-or-robo": "N", "city": "Hendersonville", "state": "NC", "area-code": "484"}, {"id": "b6a8da8b80f26332ed085cca2df838fd", "number": "5109367327", "date": "2021-01-22 16:47:00", "subject": "2", "recorded-or-robo": "N", "city": "Hendersonville", "state": "NC", "area-code": "484"}, {"id": "deca54a6651fb9add5b4a9816c8d0c07", "number": "7073060717", "date": "2021-01-22 16:35:00", "subject": "1", "recorded-or-robo": "Y", "city": "Sarasota", "state": "FL", "area-code": "941"}, {"id": "b6a8da8b80f26332ed085cca2df8333c", "number": "7073060717", "date": "2021-01-22 16:35:00", "subject": "1", "recorded-or-robo": "Y", "city": "Sarasota", "state": "FL", "area-code": "941"}, {"id": "deca54a6651fb9add5b4a9816c8d08da", "number": "7037120194", "date": "2021-01-22 16:50:00", "subject": "1", "recorded-or-robo": "Y", "city": "", "state": "VA", "area-code": "703"}, {"id": "deca54a6651fb9add5b4a9816c8cf98b", "number": "8006593035", "date": "2021-01-22 00:00:00", "subject": "3", "recorded-or-robo": "", "city": "", "state": "IA", "area-code": "319"}, {"id": "b6a8da8b80f26332ed085cca2df82987", "number": "7037120194", "date": "2021-01-22 16:50:00", "subject": "1", "recorded-or-robo": "Y", "city": "", "state": "VA", "area-code": "703"}, {"id": "b6a8da8b80f26332ed085cca2df81b26", "number": "8006593035", "date": "2021-01-22 00:00:00", "subject": "3", "recorded-or-robo": "", "city": "", "state": "IA", "area-code": "319"}, {"id": "e81c9350d54f66c6d33b3747ee4dbf5b", "number": "+14075735881", "date": "2021-01-22 16:52:09", "subject": "3", "recorded-or-robo": "Y", "city": "", "state": "FL", "area-code": "407"}, {"id": "deca54a6651fb9add5b4a9816ce23c03", "number": "+14075735881", "date": "2021-01-22 16:52:09", "subject": "3", "recorded-or-robo": "Y", "city": "", "state": "FL", "area-code": "407"}, {"id": "deca54a6651fb9add5b4a9816c8cf4e6", "number": "7038260094", "date": "2021-01-21 09:32:00", "subject": "0", "recorded-or-robo": "N", "city": "Woodbridge", "state": "VA", "area-code": "703"}, {"id": "b6a8da8b80f26332ed085cca2df81614", "number": "7038260094", "date": "2021-01-21 09:32:00", "subject": "0", "recorded-or-robo": "N", "city": "Woodbridge", "state": "VA", "area-code": "703"}, {"id": "e81c9350d54f66c6d33b3747ee5bb2c9", "number": "5302901634", "date": "2021-01-22 12:49:00", "subject": "3", "recorded-or-robo": "N", "city": "", "state": "NC", "area-code": "336"}, {"id": "deca54a6651fb9add5b4a9816cf063a9", "number": "5302901634", "date": "2021-01-22 12:49:00", "subject": "3", "recorded-or-robo": "N", "city": "", "state": "NC", "area-code": "336"}, {"id": "e81c9350d54f66c6d33b3747ee4d47f6", "number": "6315997798", "date": "2021-01-22 16:52:01", "subject": "3", "recorded-or-robo": "Y", "city": "", "state": "NY", "area-code": "631"}, {"id": "deca54a6651fb9add5b4a9816ce1bc83", "number": "6315997798", "date": "2021-01-22 16:52:01", "subject": "3", "recorded-or-robo": "Y", "city": "", "state": "NY", "area-code": "631"}, {"id": "deca54a6651fb9add5b4a9816c8ce9a5", "number": "3049380756", "date": "2021-01-20 17:55:00", "subject": "2", "recorded-or-robo": "", "city": "Haverhill", "state": "MA", "area-code": "978"}, {"id": "b6a8da8b80f26332ed085cca2df80e65", "number": "3049380756", "date": "2021-01-20 17:55:00", "subject": "2", "recorded-or-robo": "", "city": "Haverhill", "state": "MA", "area-code": "978"}, {"id": "e81c9350d54f66c6d33b3747ee4ddce0", "number": "6315997798", "date": "2021-01-22 16:52:00", "subject": "3", "recorded-or-robo": "Y", "city": "", "state": "NY", "area-code": "631"}, {"id": "e81c9350d54f66c6d33b3747ee4d735d", "number": "2149837738", "date": "2021-01-22 16:52:00", "subject": "3", "recorded-or-robo": "Y", "city": "", "state": "TX", "area-code": "817"}, {"id": "deca54a6651fb9add5b4a9816ce24919", "number": "6315997798", "date": "2021-01-22 16:52:00", "subject": "3", "recorded-or-robo": "Y", "city": "", "state": "NY", "area-code": "631"}, {"id": "deca54a6651fb9add5b4a9816ce1d879", "number": "2149837738", "date": "2021-01-22 16:52:00", "subject": "3", "recorded-or-robo": "Y", "city": "", "state": "TX", "area-code": "817"}, {"id": "deca54a6651fb9add5b4a9816c8cda8d", "number": "8583765399", "date": "2021-01-22 12:17:00", "subject": "12", "recorded-or-robo": "N", "city": "San Diego", "state": "CA", "area-code": "858"}, {"id": "b6a8da8b80f26332ed085cca2df801b0", "number": "8583765399", "date": "2021-01-22 12:17:00", "subject": "12", "recorded-or-robo": "N", "city": "San Diego", "state": "CA", "area-code": "858"}, {"id": "deca54a6651fb9add5b4a9816c8ccfba", "number": "6195271492", "date": "2021-01-22 11:11:00", "subject": "1", "recorded-or-robo": "Y", "city": "", "state": "VA", "area-code": "757"}, {"id": "b6a8da8b80f26332ed085cca2df7fc47", "number": "6195271492", "date": "2021-01-22 11:11:00", "subject": "1", "recorded-or-robo": "Y", "city": "", "state": "VA", "area-code": "757"}, {"id": "deca54a6651fb9add5b4a9816c8cc24a", "number": "6266843419", "date": "2021-01-22 08:37:00", "subject": "4", "recorded-or-robo": "Y", "city": "", "state": "CA", "area-code": "415"}, {"id": "b6a8da8b80f26332ed085cca2df7ee7e", "number": "6266843419", "date": "2021-01-22 08:37:00", "subject": "4", "recorded-or-robo": "Y", "city": "", "state": "CA", "area-code": "415"}, {"id": "deca54a6651fb9add5b4a9816c8cb458", "number": "6505429437", "date": "2021-01-20 13:44:00", "subject": "2", "recorded-or-robo": "Y", "city": "Fairfield", "state": "CA", "area-code": "650"}, {"id": "b6a8da8b80f26332ed085cca2df7ed01", "number": "6505429437", "date": "2021-01-20 13:44:00", "subject": "2", "recorded-or-robo": "Y", "city": "Fairfield", "state": "CA", "area-code": "650"}, {"id": "e81c9350d54f66c6d33b3747ee4d0f81", "number": "+12677664006", "date": "2021-01-22 16:51:52", "subject": "3", "recorded-or-robo": "Y", "city": "", "state": "IL", "area-code": "630"}, {"id": "deca54a6651fb9add5b4a9816ce171f3", "number": "+12677664006", "date": "2021-01-22 16:51:52", "subject": "3", "recorded-or-robo": "Y", "city": "", "state": "IL", "area-code": "630"}, {"id": "deca54a6651fb9add5b4a9816c8ca880", "number": "9144916495", "date": "2021-01-22 16:51:00", "subject": "2", "recorded-or-robo": "Y", "city": "Cleveland", "state": "OH", "area-code": "440"}]}