{"data": [{"id": "b6a8da8b80f26332ed085cca2dec1833", "number": "9725057633", "date": "2021-01-22 13:24:00", "subject": "1", "recorded-or-robo": "Y", "city": "", "state": "TX", "area-code": "972"}, {"id": "deca54a6651fb9add5b4a9816c80d829", "number": "6142103903", "date": "2021-01-22 15:31:00", "subject": "2", "recorded-or-robo": "Y", "city": "", "state": "TN", "area-code": "615"}, {"id": "b6a8da8b80f26332ed085cca2dec0d50", "number": "6142103903", "date": "2021-01-22 15:31:00", "subject": "2", "recorded-or-robo": "Y", "city": "", "state": "TN", "area-code": "615"}, {"id": "deca54a6651fb9add5b4a9816c80cfc3", "number": "", "date": "2021-01-22 14:58:00", "subject": "1", "recorded-or-robo": "Y", "city": "SAINT LOUIS", "state": "MO", "area-code": "314"}, {"id": "b6a8da8b80f26332ed085cca2dec0025", "number": "", "date": "2021-01-22 14:58:00", "subject": "1", "recorded-or-robo": "Y", "city": "SAINT LOUIS", "state": "MO", "area-code": "314"}, {"id": "deca54a6651fb9add5b4a9816c80ceec", "number": "8949784059", "date": "2021-01-22 15:23:00", "subject": "1", "recorded-or-robo": "Y", "city": "Webster", "state": "TX", "area-code": "281"}, {"id": "b6a8da8b80f26332ed085cca2debf751", "number": "8949784059", "date": "2021-01-22 15:23:00", "subject": "1", "recorded-or-robo": "Y", "city": "Webster", "state": "TX", "area-code": "281"}, {"id": "deca54a6651fb9add5b4a9816c80c597", "number": "8503539264", "date": "2021-01-16 12:20:00", "subject": "2", "recorded-or-robo": "", "city": "Tallahassee", "state": "FL", "area-code": "850"}, {"id": "b6a8da8b80f26332ed085cca2debe946", "number": "8503539264", "date": "2021-01-16 12:20:00", "subject": "2", "recorded-or-robo": "", "city": "Tallahassee", "state": "FL", "area-code": "850"}, {"id": "deca54a6651fb9add5b4a9816c80b936", "number": "6163276470", "date": "2021-01-12 15:47:00", "subject": "1", "recorded-or-robo": "Y", "city": "Gladstone", "state": "MI", "area-code": "906"}, {"id": "b6a8da8b80f26332ed085cca2debda31", "number": "6163276470", "date": "2021-01-12 15:47:00", "subject": "1", "recorded-or-robo": "Y", "city": "Gladstone", "state": "MI", "area-code": "906"}, {"id": "deca54a6651fb9add5b4a9816c80b8f2", "number": "8643928606", "date": "2021-01-22 16:24:00", "subject": "2", "recorded-or-robo": "Y", "city": "Marietta", "state": "GA", "area-code": "864"}, {"id": "b6a8da8b80f26332ed085cca2debd30b", "number": "8643928606", "date": "2021-01-22 16:24:00", "subject": "2", "recorded-or-robo": "Y", "city": "Marietta", "state": "GA", "area-code": "864"}, {"id": "deca54a6651fb9add5b4a9816c80b10a", "number": "4846730053", "date": "2021-01-22 16:27:00", "subject": "4", "recorded-or-robo": "Y", "city": "Philadelphia", "state": "PA", "area-code": "215"}, {"id": "b6a8da8b80f26332ed085cca2debd2cd", "number": "4846730053", "date": "2021-01-22 16:27:00", "subject": "4", "recorded-or-robo": "Y", "city": "Philadelphia", "state": "PA", "area-code": "215"}, {"id": "e81c9350d54f66c6d33b3747ee4a552d", "number": "+13853081902", "date": "2021-01-22 16:34:49", "subject": "3", "recorded-or-robo": "N", "city": "", "state": "AZ", "area-code": "602"}, {"id": "deca54a6651fb9add5b4a9816cdedf1a", "number": "+13853081902", "date": "2021-01-22 16:34:49", "subject": "3", "recorded-or-robo": "N", "city": "", "state": "AZ", "area-code": "602"}, {"id": "e81c9350d54f66c6d33b3747ee5b5f89", "number": "9137283705", "date": "2021-01-22 14:27:00", "subject": "3", "recorded-or-robo": "Y", "city": "", "state": "KS", "area-code": "913"}, {"id": "deca54a6651fb9add5b4a9816cf01917", "number": "9137283705", "date": "2021-01-22 14:27:00", "subject": "3", "recorded-or-robo": "Y", "city": "", "state": "KS", "area-code": "913"}, {"id": "deca54a6651fb9add5b4a9816c80b0e1", "number": "2127721555", "date": "2021-01-22 16:31:00", "subject": "5", "recorded-or-robo": "Y", "city": "", "state": "NY", "area-code": "914"}, {"id": "b6a8da8b80f26332ed085cca2debc5f8", "number": "2127721555", "date": "2021-01-22 16:31:00", "subject": "5", "recorded-or-robo": "Y", "city": "", "state": "NY", "area-code": "914"}, {"id": "deca54a6651fb9add5b4a9816c7fb379", "number": "9185092869", "date": "2021-01-22 00:00:00", "subject": "3", "recorded-or-robo": "N", "city": "", "state": "OK", "area-code": "918"}, {"id": "b6a8da8b80f26332ed085cca2deac59a", "number": "9185092869", "date": "2021-01-22 00:00:00", "subject": "3", "recorded-or-robo": "N", "city": "", "state": "OK", "area-code": "918"}, {"id": "deca54a6651fb9add5b4a9816c80a276", "number": "6122483678", "date": "2021-01-22 15:29:00", "subject": "4", "recorded-or-robo": "Y", "city": "Maple Grove", "state": "MN", "area-code": "612"}, {"id": "b6a8da8b80f26332ed085cca2debc2ea", "number": "6122483678", "date": "2021-01-22 15:29:00", "subject": "4", "recorded-or-robo": "Y", "city": "Maple Grove", "state": "MN", "area-code": "612"}, {"id": "deca54a6651fb9add5b4a9816c809f40", "number": "8482173859", "date": "2021-01-22 12:49:00", "subject": "2", "recorded-or-robo": "Y", "city": "Stephens city", "state": "VA", "area-code": "540"}, {"id": "b6a8da8b80f26332ed085cca2debbf8f", "number": "8482173859", "date": "2021-01-22 12:49:00", "subject": "2", "recorded-or-robo": "Y", "city": "Stephens city", "state": "VA", "area-code": "540"}, {"id": "deca54a6651fb9add5b4a9816c809174", "number": "8332129160", "date": "2021-01-22 15:27:00", "subject": "2", "recorded-or-robo": "N", "city": "SHEBOYGAN", "state": "WI", "area-code": "920"}, {"id": "b6a8da8b80f26332ed085cca2debb9b9", "number": "8332129160", "date": "2021-01-22 15:27:00", "subject": "2", "recorded-or-robo": "N", "city": "SHEBOYGAN", "state": "WI", "area-code": "920"}, {"id": "e81c9350d54f66c6d33b3747ee49fdd0", "number": "+17027791684", "date": "2021-01-22 16:34:36", "subject": "3", "recorded-or-robo": "Y", "city": "", "state": "UT", "area-code": "801"}, {"id": "deca54a6651fb9add5b4a9816cde8912", "number": "+17027791684", "date": "2021-01-22 16:34:36", "subject": "3", "recorded-or-robo": "Y", "city": "", "state": "UT", "area-code": "801"}, {"id": "deca54a6651fb9add5b4a9816c808658", "number": "5177562391", "date": "2021-01-22 11:55:00", "subject": "2", "recorded-or-robo": "Y", "city": "hillsdale", "state": "MI", "area-code": "517"}, {"id": "b6a8da8b80f26332ed085cca2debb0bc", "number": "5177562391", "date": "2021-01-22 11:55:00", "subject": "2", "recorded-or-robo": "Y", "city": "hillsdale", "state": "MI", "area-code": "517"}, {"id": "deca54a6651fb9add5b4a9816c808376", "number": "2136343139", "date": "2021-01-22 13:10:00", "subject": "4", "recorded-or-robo": "Y", "city": "", "state": "CA", "area-code": "916"}, {"id": "b6a8da8b80f26332ed085cca2deba630", "number": "2136343139", "date": "2021-01-22 13:10:00", "subject": "4", "recorded-or-robo": "Y", "city": "", "state": "CA", "area-code": "916"}, {"id": "deca54a6651fb9add5b4a9816c807747", "number": "8086985813", "date": "2021-01-21 19:54:00", "subject": "2", "recorded-or-robo": "Y", "city": "Kapolei", "state": "HI", "area-code": "808"}, {"id": "b6a8da8b80f26332ed085cca2deba2a3", "number": "8086985813", "date": "2021-01-21 19:54:00", "subject": "2", "recorded-or-robo": "Y", "city": "Kapolei", "state": "HI", "area-code": "808"}, {"id": "deca54a6651fb9add5b4a9816c807616", "number": "3039514231", "date": "2021-01-22 11:41:00", "subject": "2", "recorded-or-robo": "Y", "city": "Penrose", "state": "CO", "area-code": "719"}, {"id": "b6a8da8b80f26332ed085cca2deb9cbe", "number": "3039514231", "date": "2021-01-22 11:41:00", "subject": "2", "recorded-or-robo": "Y", "city": "Penrose", "state": "CO", "area-code": "719"}, {"id": "deca54a6651fb9add5b4a9816c80664a", "number": "8722581641", "date": "2021-01-22 13:41:00", "subject": "4", "recorded-or-robo": "N", "city": "Biddeford", "state": "ME", "area-code": "312"}, {"id": "deca54a6651fb9add5b4a9816c8025b7", "number": "6108105499", "date": "2021-01-22 14:14:00", "subject": "3", "recorded-or-robo": "N", "city": "", "state": "PA", "area-code": "610"}, {"id": "b6a8da8b80f26332ed085cca2deb9b94", "number": "8722581641", "date": "2021-01-22 13:41:00", "subject": "4", "recorded-or-robo": "N", "city": "Biddeford", "state": "ME", "area-code": "312"}, {"id": "b6a8da8b80f26332ed085cca2deb3dee", "number": "6108105499", "date": "2021-01-22 14:14:00", "subject": "3", "recorded-or-robo": "N", "city": "", "state": "PA", "area-code": "610"}, {"id": "e81c9350d54f66c6d33b3747ee5b518e", "number": "8009001361", "date": "2021-01-22 15:03:00", "subject": "3", "recorded-or-robo": "", "city": "", "state": "TX", "area-code": "817"}, {"id": "deca54a6651fb9add5b4a9816cf014c0", "number": "8009001361", "date": "2021-01-22 15:03:00", "subject": "3", "recorded-or-robo": "", "city": "", "state": "TX", "area-code": "817"}, {"id": "deca54a6651fb9add5b4a9816c80643d", "number": "5237512597", "date": "2021-01-22 00:00:00", "subject": "2", "recorded-or-robo": "Y", "city": "Show Low", "state": "AZ", "area-code": "928"}, {"id": "b6a8da8b80f26332ed085cca2deb8d3a", "number": "5237512597", "date": "2021-01-22 00:00:00", "subject": "2", "recorded-or-robo": "Y", "city": "Show Low", "state": "AZ", "area-code": "928"}, {"id": "deca54a6651fb9add5b4a9816c8062d1", "number": "2188888620", "date": "2021-01-21 13:32:00", "subject": "2", "recorded-or-robo": "Y", "city": "MAPLE GROVE", "state": "MN", "area-code": "763"}, {"id": "b6a8da8b80f26332ed085cca2deb89fc", "number": "2188888620", "date": "2021-01-21 13:32:00", "subject": "2", "recorded-or-robo": "Y", "city": "MAPLE GROVE", "state": "MN", "area-code": "763"}, {"id": "e81c9350d54f66c6d33b3747ee4a649e", "number": "+18102060410", "date": "2021-01-22 16:34:07", "subject": "3", "recorded-or-robo": "Y", "city": "", "state": "MI", "area-code": "313"}]}