{"data": [{"id": "e81c9350d54f66c6d33b3747ee7273bb", "number": "8018915872", "date": "2021-01-22 15:17:00", "subject": "2", "recorded-or-robo": "Y", "city": "Grantsville", "state": "UT", "area-code": "801"}, {"id": "1d36742e3f24f50e4e7ae82801079bd5", "number": "5867792112", "date": "2021-01-22 11:52:00", "subject": "3", "recorded-or-robo": "Y", "city": "", "state": "MI", "area-code": "586"}, {"id": "1d36742e3f24f50e4e7ae828010798ff", "number": "8018915872", "date": "2021-01-22 15:17:00", "subject": "2", "recorded-or-robo": "Y", "city": "Grantsville", "state": "UT", "area-code": "801"}, {"id": "e81c9350d54f66c6d33b3747eea5d1b8", "number": "+15052071778", "date": "2021-01-22 19:37:39", "subject": "3", "recorded-or-robo": "Y", "city": "", "state": "NM", "area-code": "505"}, {"id": "e81c9350d54f66c6d33b3747ee726412", "number": "7038444990", "date": "2021-01-21 12:36:00", "subject": "2", "recorded-or-robo": "N", "city": "", "state": "VA", "area-code": "703"}, {"id": "1d36742e3f24f50e4e7ae828013ab50e", "number": "+15052071778", "date": "2021-01-22 19:37:39", "subject": "3", "recorded-or-robo": "Y", "city": "", "state": "NM", "area-code": "505"}, {"id": "1d36742e3f24f50e4e7ae828010798e6", "number": "7038444990", "date": "2021-01-21 12:36:00", "subject": "2", "recorded-or-robo": "N", "city": "", "state": "VA", "area-code": "703"}, {"id": "e81c9350d54f66c6d33b3747ee725dac", "number": "5712006930", "date": "2020-10-08 11:51:00", "subject": "0", "recorded-or-robo": "Y", "city": "Manassas", "state": "VA", "area-code": "703"}, {"id": "1d36742e3f24f50e4e7ae8280107952e", "number": "5712006930", "date": "2020-10-08 11:51:00", "subject": "0", "recorded-or-robo": "Y", "city": "Manassas", "state": "VA", "area-code": "703"}, {"id": "e81c9350d54f66c6d33b3747ee724e08", "number": "3373888047", "date": "2021-01-19 12:00:00", "subject": "1", "recorded-or-robo": "Y", "city": "Moreno Valley", "state": "CA", "area-code": "805"}, {"id": "1d36742e3f24f50e4e7ae82801078569", "number": "3373888047", "date": "2021-01-19 12:00:00", "subject": "1", "recorded-or-robo": "Y", "city": "Moreno Valley", "state": "CA", "area-code": "805"}, {"id": "e81c9350d54f66c6d33b3747eea66e41", "number": "+12709366172", "date": "2021-01-22 19:37:30", "subject": "3", "recorded-or-robo": "Y", "city": "", "state": "KY", "area-code": "270"}, {"id": "1d36742e3f24f50e4e7ae828013b59fc", "number": "+12709366172", "date": "2021-01-22 19:37:30", "subject": "3", "recorded-or-robo": "Y", "city": "", "state": "KY", "area-code": "270"}, {"id": "e81c9350d54f66c6d33b3747ee723f37", "number": "3039514231", "date": "2021-01-22 14:00:00", "subject": "1", "recorded-or-robo": "Y", "city": "Ann Arbor", "state": "MI", "area-code": "734"}, {"id": "1d36742e3f24f50e4e7ae82801077df3", "number": "3039514231", "date": "2021-01-22 14:00:00", "subject": "1", "recorded-or-robo": "Y", "city": "Ann Arbor", "state": "MI", "area-code": "734"}, {"id": "e81c9350d54f66c6d33b3747ee723b3c", "number": "8442212339", "date": "2021-01-18 15:18:00", "subject": "2", "recorded-or-robo": "Y", "city": "", "state": "PA", "area-code": "814"}, {"id": "1d36742e3f24f50e4e7ae828010775fc", "number": "8442212339", "date": "2021-01-18 15:18:00", "subject": "2", "recorded-or-robo": "Y", "city": "", "state": "PA", "area-code": "814"}, {"id": "e81c9350d54f66c6d33b3747ee723291", "number": "6783001381", "date": "2021-01-22 15:00:00", "subject": "2", "recorded-or-robo": "Y", "city": "Harrisburg", "state": "GA", "area-code": "678"}, {"id": "e81c9350d54f66c6d33b3747ee723228", "number": "7652334124", "date": "2021-01-21 09:21:00", "subject": "0", "recorded-or-robo": "", "city": "Southampton", "state": "MA", "area-code": "413"}, {"id": "1d36742e3f24f50e4e7ae828010768a1", "number": "6783001381", "date": "2021-01-22 15:00:00", "subject": "2", "recorded-or-robo": "Y", "city": "Harrisburg", "state": "GA", "area-code": "678"}, {"id": "1d36742e3f24f50e4e7ae8280107683e", "number": "7652334124", "date": "2021-01-21 09:21:00", "subject": "0", "recorded-or-robo": "", "city": "Southampton", "state": "MA", "area-code": "413"}, {"id": "e81c9350d54f66c6d33b3747eea5fbbb", "number": "4692046800", "date": "2021-01-22 19:36:50", "subject": "3", "recorded-or-robo": "Y", "city": "", "state": "GA", "area-code": "404"}, {"id": "e81c9350d54f66c6d33b3747ee72278a", "number": "", "date": "2021-01-21 12:04:00", "subject": "1", "recorded-or-robo": "Y", "city": "san francisco", "state": "CA", "area-code": "415"}, {"id": "1d36742e3f24f50e4e7ae828013adadd", "number": "4692046800", "date": "2021-01-22 19:36:50", "subject": "3", "recorded-or-robo": "Y", "city": "", "state": "GA", "area-code": "404"}, {"id": "1d36742e3f24f50e4e7ae82801076707", "number": "", "date": "2021-01-21 12:04:00", "subject": "1", "recorded-or-robo": "Y", "city": "san francisco", "state": "CA", "area-code": "415"}, {"id": "e81c9350d54f66c6d33b3747ee722582", "number": "3362305618", "date": "2021-01-22 19:34:00", "subject": "7", "recorded-or-robo": "Y", "city": "Jamestown", "state": "NC", "area-code": "336"}, {"id": "1d36742e3f24f50e4e7ae8280107629e", "number": "3362305618", "date": "2021-01-22 19:34:00", "subject": "7", "recorded-or-robo": "Y", "city": "Jamestown", "state": "NC", "area-code": "336"}, {"id": "e81c9350d54f66c6d33b3747ee721ef7", "number": "37162792275", "date": "2020-10-11 00:00:00", "subject": "0", "recorded-or-robo": "Y", "city": "Manassas", "state": "VA", "area-code": "703"}, {"id": "1d36742e3f24f50e4e7ae82801075812", "number": "37162792275", "date": "2020-10-11 00:00:00", "subject": "0", "recorded-or-robo": "Y", "city": "Manassas", "state": "VA", "area-code": "703"}, {"id": "e81c9350d54f66c6d33b3747ee721044", "number": "1434505495", "date": "2021-01-22 00:00:00", "subject": "3", "recorded-or-robo": "", "city": "La Crosse", "state": "VA", "area-code": "434"}, {"id": "e81c9350d54f66c6d33b3747ee720421", "number": "3233447579", "date": "2021-01-22 16:30:00", "subject": "2", "recorded-or-robo": "Y", "city": "", "state": "CA", "area-code": "626"}, {"id": "1d36742e3f24f50e4e7ae8280107548e", "number": "1434505495", "date": "2021-01-22 00:00:00", "subject": "3", "recorded-or-robo": "", "city": "La Crosse", "state": "VA", "area-code": "434"}, {"id": "1d36742e3f24f50e4e7ae82801075247", "number": "3233447579", "date": "2021-01-22 16:30:00", "subject": "2", "recorded-or-robo": "Y", "city": "", "state": "CA", "area-code": "626"}, {"id": "e81c9350d54f66c6d33b3747eea6397b", "number": "+16264259424", "date": "2021-01-22 19:36:25", "subject": "3", "recorded-or-robo": "Y", "city": "", "state": "CA", "area-code": "626"}, {"id": "e81c9350d54f66c6d33b3747ee72016c", "number": "5704706248", "date": "2021-01-22 17:24:00", "subject": "2", "recorded-or-robo": "Y", "city": "", "state": "PA", "area-code": "570"}, {"id": "e81c9350d54f66c6d33b3747ee71f85d", "number": "7344750923", "date": "2021-01-22 17:25:00", "subject": "11", "recorded-or-robo": "Y", "city": "PEYTON", "state": "CO", "area-code": "734"}, {"id": "1d36742e3f24f50e4e7ae828013b11c0", "number": "+16264259424", "date": "2021-01-22 19:36:25", "subject": "3", "recorded-or-robo": "Y", "city": "", "state": "CA", "area-code": "626"}, {"id": "1d36742e3f24f50e4e7ae8280107425b", "number": "5704706248", "date": "2021-01-22 17:24:00", "subject": "2", "recorded-or-robo": "Y", "city": "", "state": "PA", "area-code": "570"}, {"id": "1d36742e3f24f50e4e7ae82801073f0e", "number": "7344750923", "date": "2021-01-22 17:25:00", "subject": "11", "recorded-or-robo": "Y", "city": "PEYTON", "state": "CO", "area-code": "734"}, {"id": "e81c9350d54f66c6d33b3747ee71efe8", "number": "5742167976", "date": "2021-01-21 16:11:00", "subject": "2", "recorded-or-robo": "N", "city": "Maumelle", "state": "AR", "area-code": "501"}, {"id": "1d36742e3f24f50e4e7ae82801073622", "number": "5742167976", "date": "2021-01-21 16:11:00", "subject": "2", "recorded-or-robo": "N", "city": "Maumelle", "state": "AR", "area-code": "501"}, {"id": "e81c9350d54f66c6d33b3747ee71ea2e", "number": "6787852537", "date": "2021-01-22 14:00:00", "subject": "2", "recorded-or-robo": "Y", "city": "Harrisburg", "state": "GA", "area-code": "678"}, {"id": "1d36742e3f24f50e4e7ae828010728f6", "number": "6787852537", "date": "2021-01-22 14:00:00", "subject": "2", "recorded-or-robo": "Y", "city": "Harrisburg", "state": "GA", "area-code": "678"}, {"id": "e81c9350d54f66c6d33b3747ee71e1d6", "number": "0000000000", "date": "2021-01-22 09:54:00", "subject": "1", "recorded-or-robo": "Y", "city": "san francisco", "state": "CA", "area-code": "415"}, {"id": "e81c9350d54f66c6d33b3747ee71dad4", "number": "3213223167", "date": "2021-01-22 14:30:00", "subject": "4", "recorded-or-robo": "Y", "city": "Lakewood", "state": "NJ", "area-code": "727"}, {"id": "1d36742e3f24f50e4e7ae82801071993", "number": "0000000000", "date": "2021-01-22 09:54:00", "subject": "1", "recorded-or-robo": "Y", "city": "san francisco", "state": "CA", "area-code": "415"}, {"id": "1d36742e3f24f50e4e7ae82801071928", "number": "3213223167", "date": "2021-01-22 14:30:00", "subject": "4", "recorded-or-robo": "Y", "city": "Lakewood", "state": "NJ", "area-code": "727"}, {"id": "e81c9350d54f66c6d33b3747ee71d7f8", "number": "5392036866", "date": "2021-01-22 10:35:00", "subject": "2", "recorded-or-robo": "N", "city": "Spokane", "state": "WA", "area-code": "509"}, {"id": "1d36742e3f24f50e4e7ae82801070bec", "number": "5392036866", "date": "2021-01-22 10:35:00", "subject": "2", "recorded-or-robo": "N", "city": "Spokane", "state": "WA", "area-code": "509"}, {"id": "e81c9350d54f66c6d33b3747eea60907", "number": "6313397268", "date": "2021-01-22 19:36:00", "subject": "3", "recorded-or-robo": "Y", "city": "", "state": "NY", "area-code": "516"}]}