{"data": [{"id": "b6a8da8b80f26332ed085cca2df9d6b6", "number": "", "date": "2021-01-22 16:15:00", "subject": "11", "recorded-or-robo": "Y", "city": "middlebury", "state": "IN", "area-code": "574"}, {"id": "deca54a6651fb9add5b4a9816c8eb160", "number": "6783299996", "date": "2021-01-22 15:37:00", "subject": "2", "recorded-or-robo": "Y", "city": "", "state": "FL", "area-code": "561"}, {"id": "b6a8da8b80f26332ed085cca2df9d53c", "number": "6783299996", "date": "2021-01-22 15:37:00", "subject": "2", "recorded-or-robo": "Y", "city": "", "state": "FL", "area-code": "561"}, {"id": "deca54a6651fb9add5b4a9816c8ea184", "number": "2096726506", "date": "2021-01-22 13:50:00", "subject": "4", "recorded-or-robo": "Y", "city": "APPLE VALLEY", "state": "CA", "area-code": "714"}, {"id": "b6a8da8b80f26332ed085cca2df9d008", "number": "2096726506", "date": "2021-01-22 13:50:00", "subject": "4", "recorded-or-robo": "Y", "city": "APPLE VALLEY", "state": "CA", "area-code": "714"}, {"id": "deca54a6651fb9add5b4a9816c8e9d2a", "number": "5129811133", "date": "2021-01-22 15:43:00", "subject": "1", "recorded-or-robo": "Y", "city": "", "state": "TX", "area-code": "512"}, {"id": "b6a8da8b80f26332ed085cca2df9cb7f", "number": "5129811133", "date": "2021-01-22 15:43:00", "subject": "1", "recorded-or-robo": "Y", "city": "", "state": "TX", "area-code": "512"}, {"id": "deca54a6651fb9add5b4a9816c8e90b2", "number": "6505743324", "date": "2021-01-22 11:53:00", "subject": "2", "recorded-or-robo": "Y", "city": "Fairfield", "state": "CA", "area-code": "650"}, {"id": "b6a8da8b80f26332ed085cca2df9c3c8", "number": "6505743324", "date": "2021-01-22 11:53:00", "subject": "2", "recorded-or-robo": "Y", "city": "Fairfield", "state": "CA", "area-code": "650"}, {"id": "deca54a6651fb9add5b4a9816c8e9005", "number": "4842905513", "date": "2021-01-22 16:50:00", "subject": "0", "recorded-or-robo": "Y", "city": "BROOKLYN", "state": "NY", "area-code": "215"}, {"id": "deca54a6651fb9add5b4a9816c8e8b41", "number": "8332296920", "date": "2021-01-22 00:00:00", "subject": "3", "recorded-or-robo": "Y", "city": "", "state": "IL", "area-code": "630"}, {"id": "b6a8da8b80f26332ed085cca2df9c1db", "number": "4842905513", "date": "2021-01-22 16:50:00", "subject": "0", "recorded-or-robo": "Y", "city": "BROOKLYN", "state": "NY", "area-code": "215"}, {"id": "b6a8da8b80f26332ed085cca2df9b993", "number": "8332296920", "date": "2021-01-22 00:00:00", "subject": "3", "recorded-or-robo": "Y", "city": "", "state": "IL", "area-code": "630"}, {"id": "deca54a6651fb9add5b4a9816c8e8530", "number": "5752150189", "date": "2021-01-22 14:50:00", "subject": "2", "recorded-or-robo": "Y", "city": "Red River", "state": "NM", "area-code": "575"}, {"id": "b6a8da8b80f26332ed085cca2df9afc0", "number": "5752150189", "date": "2021-01-22 14:50:00", "subject": "2", "recorded-or-robo": "Y", "city": "Red River", "state": "NM", "area-code": "575"}, {"id": "deca54a6651fb9add5b4a9816c8e7d7f", "number": "", "date": "2021-01-22 15:41:00", "subject": "1", "recorded-or-robo": "Y", "city": "Downers Grove", "state": "IL", "area-code": "630"}, {"id": "b6a8da8b80f26332ed085cca2df9a718", "number": "", "date": "2021-01-22 15:41:00", "subject": "1", "recorded-or-robo": "Y", "city": "Downers Grove", "state": "IL", "area-code": "630"}, {"id": "deca54a6651fb9add5b4a9816c8e6f3d", "number": "2154406395", "date": "2021-01-22 16:27:00", "subject": "1", "recorded-or-robo": "N", "city": "Philadelphia", "state": "PA", "area-code": "215"}, {"id": "deca54a6651fb9add5b4a9816c8e638c", "number": "8506377196", "date": "2021-01-21 16:10:00", "subject": "2", "recorded-or-robo": "N", "city": "Pensacola", "state": "FL", "area-code": "850"}, {"id": "b6a8da8b80f26332ed085cca2df99f06", "number": "2154406395", "date": "2021-01-22 16:27:00", "subject": "1", "recorded-or-robo": "N", "city": "Philadelphia", "state": "PA", "area-code": "215"}, {"id": "b6a8da8b80f26332ed085cca2df99141", "number": "8506377196", "date": "2021-01-21 16:10:00", "subject": "2", "recorded-or-robo": "N", "city": "Pensacola", "state": "FL", "area-code": "850"}, {"id": "e81c9350d54f66c6d33b3747ee4d8f2a", "number": "2403731541", "date": "2021-01-22 16:53:55", "subject": "3", "recorded-or-robo": "Y", "city": "", "state": "MD", "area-code": "301"}, {"id": "deca54a6651fb9add5b4a9816ce1fc54", "number": "2403731541", "date": "2021-01-22 16:53:55", "subject": "3", "recorded-or-robo": "Y", "city": "", "state": "MD", "area-code": "301"}, {"id": "deca54a6651fb9add5b4a9816c8e5d6a", "number": "9127714115", "date": "2021-01-22 12:40:00", "subject": "1", "recorded-or-robo": "Y", "city": "", "state": "VA", "area-code": "757"}, {"id": "b6a8da8b80f26332ed085cca2df98481", "number": "9127714115", "date": "2021-01-22 12:40:00", "subject": "1", "recorded-or-robo": "Y", "city": "", "state": "VA", "area-code": "757"}, {"id": "deca54a6651fb9add5b4a9816c8e5b55", "number": "4073389295", "date": "2021-01-21 00:00:00", "subject": "3", "recorded-or-robo": "Y", "city": "", "state": "IA", "area-code": "319"}, {"id": "b6a8da8b80f26332ed085cca2df9819b", "number": "4073389295", "date": "2021-01-21 00:00:00", "subject": "3", "recorded-or-robo": "Y", "city": "", "state": "IA", "area-code": "319"}, {"id": "deca54a6651fb9add5b4a9816c8e4d6f", "number": "6167270630", "date": "2021-01-22 14:22:00", "subject": "6", "recorded-or-robo": "N", "city": "Battle Creek", "state": "MI", "area-code": "269"}, {"id": "b6a8da8b80f26332ed085cca2df97d68", "number": "6167270630", "date": "2021-01-22 14:22:00", "subject": "6", "recorded-or-robo": "N", "city": "Battle Creek", "state": "MI", "area-code": "269"}, {"id": "deca54a6651fb9add5b4a9816c8e4649", "number": "7732286590", "date": "2021-01-22 10:14:00", "subject": "2", "recorded-or-robo": "Y", "city": "CHICAGO", "state": "IL", "area-code": "773"}, {"id": "deca54a6651fb9add5b4a9816c8dedae", "number": "5176189468", "date": "2021-01-22 14:15:00", "subject": "3", "recorded-or-robo": "N", "city": "", "state": "MI", "area-code": "989"}, {"id": "b6a8da8b80f26332ed085cca2df97cab", "number": "7732286590", "date": "2021-01-22 10:14:00", "subject": "2", "recorded-or-robo": "Y", "city": "CHICAGO", "state": "IL", "area-code": "773"}, {"id": "b6a8da8b80f26332ed085cca2df905f0", "number": "5176189468", "date": "2021-01-22 14:15:00", "subject": "3", "recorded-or-robo": "N", "city": "", "state": "MI", "area-code": "989"}, {"id": "deca54a6651fb9add5b4a9816c8e3f6d", "number": "9083657066", "date": "2021-01-22 12:30:00", "subject": "5", "recorded-or-robo": "Y", "city": "", "state": "NJ", "area-code": "908"}, {"id": "b6a8da8b80f26332ed085cca2df96ed8", "number": "9083657066", "date": "2021-01-22 12:30:00", "subject": "5", "recorded-or-robo": "Y", "city": "", "state": "NJ", "area-code": "908"}, {"id": "deca54a6651fb9add5b4a9816c8e376a", "number": "9102946558", "date": "2021-01-22 09:31:00", "subject": "2", "recorded-or-robo": "Y", "city": "Orlando", "state": "FL", "area-code": "321"}, {"id": "b6a8da8b80f26332ed085cca2df96c87", "number": "9102946558", "date": "2021-01-22 09:31:00", "subject": "2", "recorded-or-robo": "Y", "city": "Orlando", "state": "FL", "area-code": "321"}, {"id": "deca54a6651fb9add5b4a9816c8e2f42", "number": "3206845210", "date": "2021-01-22 00:00:00", "subject": "3", "recorded-or-robo": "Y", "city": "", "state": "IL", "area-code": "630"}, {"id": "b6a8da8b80f26332ed085cca2df95d73", "number": "3206845210", "date": "2021-01-22 00:00:00", "subject": "3", "recorded-or-robo": "Y", "city": "", "state": "IL", "area-code": "630"}, {"id": "deca54a6651fb9add5b4a9816c8e2409", "number": "2253728134", "date": "2021-01-22 15:50:00", "subject": "5", "recorded-or-robo": "Y", "city": "Baton Rouge", "state": "LA", "area-code": "225"}, {"id": "deca54a6651fb9add5b4a9816c8e1b4c", "number": "7155143484", "date": "2021-01-22 15:46:00", "subject": "2", "recorded-or-robo": "N", "city": "", "state": "WI", "area-code": "715"}, {"id": "b6a8da8b80f26332ed085cca2df9590e", "number": "2253728134", "date": "2021-01-22 15:50:00", "subject": "5", "recorded-or-robo": "Y", "city": "Baton Rouge", "state": "LA", "area-code": "225"}, {"id": "b6a8da8b80f26332ed085cca2df94d87", "number": "7155143484", "date": "2021-01-22 15:46:00", "subject": "2", "recorded-or-robo": "N", "city": "", "state": "WI", "area-code": "715"}, {"id": "e81c9350d54f66c6d33b3747ee4dbb16", "number": "3019710952", "date": "2021-01-22 16:53:31", "subject": "3", "recorded-or-robo": "Y", "city": "", "state": "MD", "area-code": "301"}, {"id": "deca54a6651fb9add5b4a9816ce22558", "number": "3019710952", "date": "2021-01-22 16:53:31", "subject": "3", "recorded-or-robo": "Y", "city": "", "state": "MD", "area-code": "301"}, {"id": "deca54a6651fb9add5b4a9816c8e126c", "number": "2513253276", "date": "2021-01-22 11:58:00", "subject": "2", "recorded-or-robo": "Y", "city": "", "state": "FL", "area-code": "561"}, {"id": "deca54a6651fb9add5b4a9816c8e09c3", "number": "8555313493", "date": "2021-01-22 11:01:00", "subject": "2", "recorded-or-robo": "Y", "city": "Fairfield", "state": "CA", "area-code": "650"}, {"id": "b6a8da8b80f26332ed085cca2df94221", "number": "2513253276", "date": "2021-01-22 11:58:00", "subject": "2", "recorded-or-robo": "Y", "city": "", "state": "FL", "area-code": "561"}, {"id": "b6a8da8b80f26332ed085cca2df9406d", "number": "8555313493", "date": "2021-01-22 11:01:00", "subject": "2", "recorded-or-robo": "Y", "city": "Fairfield", "state": "CA", "area-code": "650"}, {"id": "deca54a6651fb9add5b4a9816c8e015e", "number": "4174494826", "date": "2021-01-22 09:43:00", "subject": "1", "recorded-or-robo": "Y", "city": "Dallas", "state": "TX", "area-code": "832"}]}