{"data": [{"id": "1d36742e3f24f50e4e7ae828010dd6e6", "number": "9046157162", "date": "2021-01-22 18:07:00", "subject": "2", "recorded-or-robo": "", "city": "Jacksonville", "state": "FL", "area-code": "904"}, {"id": "e81c9350d54f66c6d33b3747ee7925a4", "number": "3183928024", "date": "2021-01-21 19:18:00", "subject": "0", "recorded-or-robo": "", "city": "Southampton", "state": "MA", "area-code": "413"}, {"id": "1d36742e3f24f50e4e7ae828010dd492", "number": "3183928024", "date": "2021-01-21 19:18:00", "subject": "0", "recorded-or-robo": "", "city": "Southampton", "state": "MA", "area-code": "413"}, {"id": "e81c9350d54f66c6d33b3747ee79231a", "number": "3302833818", "date": "2021-01-22 18:21:00", "subject": "1", "recorded-or-robo": "Y", "city": "", "state": "OH", "area-code": "330"}, {"id": "1d36742e3f24f50e4e7ae828010dd079", "number": "3302833818", "date": "2021-01-22 18:21:00", "subject": "1", "recorded-or-robo": "Y", "city": "", "state": "OH", "area-code": "330"}, {"id": "e81c9350d54f66c6d33b3747eea88b5e", "number": "8434094004", "date": "2021-01-22 19:55:49", "subject": "3", "recorded-or-robo": "Y", "city": "", "state": "TX", "area-code": "512"}, {"id": "e81c9350d54f66c6d33b3747ee79195a", "number": "9802949924", "date": "2021-01-22 11:00:00", "subject": "4", "recorded-or-robo": "N", "city": "Conover", "state": "NC", "area-code": "980"}, {"id": "1d36742e3f24f50e4e7ae828013d8c10", "number": "8434094004", "date": "2021-01-22 19:55:49", "subject": "3", "recorded-or-robo": "Y", "city": "", "state": "TX", "area-code": "512"}, {"id": "1d36742e3f24f50e4e7ae828010dc2d1", "number": "9802949924", "date": "2021-01-22 11:00:00", "subject": "4", "recorded-or-robo": "N", "city": "Conover", "state": "NC", "area-code": "980"}, {"id": "e81c9350d54f66c6d33b3747ee791895", "number": "9093167657", "date": "2021-01-22 16:52:00", "subject": "7", "recorded-or-robo": "N", "city": "San Dimas", "state": "CA", "area-code": "909"}, {"id": "1d36742e3f24f50e4e7ae828010db922", "number": "9093167657", "date": "2021-01-22 16:52:00", "subject": "7", "recorded-or-robo": "N", "city": "San Dimas", "state": "CA", "area-code": "909"}, {"id": "e81c9350d54f66c6d33b3747eea835a0", "number": "8589663660", "date": "2021-01-22 19:55:35", "subject": "3", "recorded-or-robo": "Y", "city": "", "state": "CA", "area-code": "562"}, {"id": "e81c9350d54f66c6d33b3747eea81e2a", "number": "+15595942629", "date": "2021-01-22 19:55:35", "subject": "3", "recorded-or-robo": "Y", "city": "", "state": "NM", "area-code": "505"}, {"id": "1d36742e3f24f50e4e7ae828013d1ffa", "number": "8589663660", "date": "2021-01-22 19:55:35", "subject": "3", "recorded-or-robo": "Y", "city": "", "state": "CA", "area-code": "562"}, {"id": "1d36742e3f24f50e4e7ae828013d0b41", "number": "+15595942629", "date": "2021-01-22 19:55:35", "subject": "3", "recorded-or-robo": "Y", "city": "", "state": "NM", "area-code": "505"}, {"id": "e81c9350d54f66c6d33b3747ee7912a3", "number": "121966349", "date": "2021-01-22 15:26:00", "subject": "2", "recorded-or-robo": "", "city": "Logansport", "state": "IN", "area-code": "574"}, {"id": "1d36742e3f24f50e4e7ae828010db6c8", "number": "121966349", "date": "2021-01-22 15:26:00", "subject": "2", "recorded-or-robo": "", "city": "Logansport", "state": "IN", "area-code": "574"}, {"id": "e81c9350d54f66c6d33b3747ee790611", "number": "2030060", "date": "2021-01-22 14:14:00", "subject": "0", "recorded-or-robo": "Y", "city": "Chocowinity", "state": "NC", "area-code": "252"}, {"id": "1d36742e3f24f50e4e7ae828010db5fe", "number": "2030060", "date": "2021-01-22 14:14:00", "subject": "0", "recorded-or-robo": "Y", "city": "Chocowinity", "state": "NC", "area-code": "252"}, {"id": "e81c9350d54f66c6d33b3747ee78f8fb", "number": "9042588210", "date": "2021-01-22 11:13:00", "subject": "2", "recorded-or-robo": "", "city": "Jacksonville", "state": "FL", "area-code": "904"}, {"id": "1d36742e3f24f50e4e7ae828010da7f7", "number": "9042588210", "date": "2021-01-22 11:13:00", "subject": "2", "recorded-or-robo": "", "city": "Jacksonville", "state": "FL", "area-code": "904"}, {"id": "e81c9350d54f66c6d33b3747ee78ea39", "number": "7273376471", "date": "2020-12-01 11:52:00", "subject": "15", "recorded-or-robo": "N", "city": "", "state": "VA", "area-code": "757"}, {"id": "1d36742e3f24f50e4e7ae828010d9f85", "number": "7273376471", "date": "2020-12-01 11:52:00", "subject": "15", "recorded-or-robo": "N", "city": "", "state": "VA", "area-code": "757"}, {"id": "e81c9350d54f66c6d33b3747ee78e45d", "number": "5418407365", "date": "2021-01-13 08:32:00", "subject": "2", "recorded-or-robo": "Y", "city": "Medford", "state": "OR", "area-code": "541"}, {"id": "1d36742e3f24f50e4e7ae828010d9d0f", "number": "5418407365", "date": "2021-01-13 08:32:00", "subject": "2", "recorded-or-robo": "Y", "city": "Medford", "state": "OR", "area-code": "541"}, {"id": "e81c9350d54f66c6d33b3747ee78e2f9", "number": "7082278317", "date": "2021-01-22 18:48:00", "subject": "0", "recorded-or-robo": "", "city": "Monee", "state": "IL", "area-code": "708"}, {"id": "1d36742e3f24f50e4e7ae828010d9051", "number": "7082278317", "date": "2021-01-22 18:48:00", "subject": "0", "recorded-or-robo": "", "city": "Monee", "state": "IL", "area-code": "708"}, {"id": "e81c9350d54f66c6d33b3747ee78d80f", "number": "4133861064", "date": "2021-01-21 18:31:00", "subject": "0", "recorded-or-robo": "", "city": "Southampton", "state": "MA", "area-code": "413"}, {"id": "1d36742e3f24f50e4e7ae828010d8687", "number": "4133861064", "date": "2021-01-21 18:31:00", "subject": "0", "recorded-or-robo": "", "city": "Southampton", "state": "MA", "area-code": "413"}, {"id": "e81c9350d54f66c6d33b3747ee78cf26", "number": "7406477074", "date": "2021-01-22 19:45:00", "subject": "2", "recorded-or-robo": "Y", "city": "Steubenville", "state": "OH", "area-code": "740"}, {"id": "1d36742e3f24f50e4e7ae828010d7cf6", "number": "7406477074", "date": "2021-01-22 19:45:00", "subject": "2", "recorded-or-robo": "Y", "city": "Steubenville", "state": "OH", "area-code": "740"}, {"id": "e81c9350d54f66c6d33b3747ee78ca63", "number": "5107262375", "date": "2021-01-22 17:39:00", "subject": "3", "recorded-or-robo": "N", "city": "LAKEWOOD", "state": "CO", "area-code": "303"}, {"id": "1d36742e3f24f50e4e7ae828010d746d", "number": "5107262375", "date": "2021-01-22 17:39:00", "subject": "3", "recorded-or-robo": "N", "city": "LAKEWOOD", "state": "CO", "area-code": "303"}, {"id": "e81c9350d54f66c6d33b3747eea89d23", "number": "4153573116", "date": "2021-01-22 19:54:59", "subject": "3", "recorded-or-robo": "Y", "city": "", "state": "FL", "area-code": "850"}, {"id": "e81c9350d54f66c6d33b3747ee78c37e", "number": "8302838555", "date": "2021-01-21 12:00:00", "subject": "1", "recorded-or-robo": "N", "city": "Juneau", "state": "AK", "area-code": "907"}, {"id": "1d36742e3f24f50e4e7ae828013da24e", "number": "4153573116", "date": "2021-01-22 19:54:59", "subject": "3", "recorded-or-robo": "Y", "city": "", "state": "FL", "area-code": "850"}, {"id": "1d36742e3f24f50e4e7ae828010d723a", "number": "8302838555", "date": "2021-01-21 12:00:00", "subject": "1", "recorded-or-robo": "N", "city": "Juneau", "state": "AK", "area-code": "907"}, {"id": "e81c9350d54f66c6d33b3747eea8c19a", "number": "+17659032789", "date": "2021-01-22 19:54:58", "subject": "3", "recorded-or-robo": "Y", "city": "", "state": "KS", "area-code": "913"}, {"id": "e81c9350d54f66c6d33b3747eea877ac", "number": "4153573116", "date": "2021-01-22 19:54:58", "subject": "3", "recorded-or-robo": "Y", "city": "", "state": "FL", "area-code": "850"}, {"id": "1d36742e3f24f50e4e7ae828013dc884", "number": "+17659032789", "date": "2021-01-22 19:54:58", "subject": "3", "recorded-or-robo": "Y", "city": "", "state": "KS", "area-code": "913"}, {"id": "1d36742e3f24f50e4e7ae828013d61a7", "number": "4153573116", "date": "2021-01-22 19:54:58", "subject": "3", "recorded-or-robo": "Y", "city": "", "state": "FL", "area-code": "850"}, {"id": "e81c9350d54f66c6d33b3747ee78bcae", "number": "2242490750", "date": "2021-01-22 18:45:00", "subject": "1", "recorded-or-robo": "Y", "city": "Park Ridge", "state": "IL", "area-code": "847"}, {"id": "1d36742e3f24f50e4e7ae828010d6fd9", "number": "2242490750", "date": "2021-01-22 18:45:00", "subject": "1", "recorded-or-robo": "Y", "city": "Park Ridge", "state": "IL", "area-code": "847"}, {"id": "e81c9350d54f66c6d33b3747eea87330", "number": "+15595942629", "date": "2021-01-22 19:54:45", "subject": "3", "recorded-or-robo": "Y", "city": "", "state": "NM", "area-code": "505"}, {"id": "1d36742e3f24f50e4e7ae828013d540a", "number": "+15595942629", "date": "2021-01-22 19:54:45", "subject": "3", "recorded-or-robo": "Y", "city": "", "state": "NM", "area-code": "505"}, {"id": "e81c9350d54f66c6d33b3747eea87095", "number": "+15803165054", "date": "2021-01-22 19:54:42", "subject": "3", "recorded-or-robo": "Y", "city": "", "state": "FL", "area-code": "954"}, {"id": "1d36742e3f24f50e4e7ae828013d4ef3", "number": "+15803165054", "date": "2021-01-22 19:54:42", "subject": "3", "recorded-or-robo": "Y", "city": "", "state": "FL", "area-code": "954"}, {"id": "e81c9350d54f66c6d33b3747ee78b468", "number": "2019071022", "date": "2021-01-22 14:31:00", "subject": "2", "recorded-or-robo": "Y", "city": "martinsburg", "state": "WV", "area-code": "304"}, {"id": "1d36742e3f24f50e4e7ae828010d6798", "number": "2019071022", "date": "2021-01-22 14:31:00", "subject": "2", "recorded-or-robo": "Y", "city": "martinsburg", "state": "WV", "area-code": "304"}, {"id": "e81c9350d54f66c6d33b3747ee78aef7", "number": "5418407943", "date": "2021-01-13 08:46:00", "subject": "2", "recorded-or-robo": "Y", "city": "Medford", "state": "OR", "area-code": "541"}]}