{"data": [{"id": "deca54a6651fb9add5b4a9816cbc72e0", "number": "6152289440", "date": "2021-01-22 17:03:00", "subject": "2", "recorded-or-robo": "Y", "city": "", "state": "TN", "area-code": "615"}, {"id": "e81c9350d54f66c6d33b3747ee271092", "number": "5074677364", "date": "2021-01-06 11:10:00", "subject": "11", "recorded-or-robo": "Y", "city": "San Simeon", "state": "CA", "area-code": "805"}, {"id": "deca54a6651fb9add5b4a9816cbc69df", "number": "5074677364", "date": "2021-01-06 11:10:00", "subject": "11", "recorded-or-robo": "Y", "city": "San Simeon", "state": "CA", "area-code": "805"}, {"id": "e81c9350d54f66c6d33b3747ee270c97", "number": "2072686569", "date": "2021-01-22 17:58:00", "subject": "4", "recorded-or-robo": "Y", "city": "Salem", "state": "MA", "area-code": "207"}, {"id": "deca54a6651fb9add5b4a9816cbc5b57", "number": "2072686569", "date": "2021-01-22 17:58:00", "subject": "4", "recorded-or-robo": "Y", "city": "Salem", "state": "MA", "area-code": "207"}, {"id": "e81c9350d54f66c6d33b3747ee571c99", "number": "2018908783", "date": "2021-01-22 18:07:36", "subject": "3", "recorded-or-robo": "N", "city": "", "state": "NJ", "area-code": "201"}, {"id": "deca54a6651fb9add5b4a9816ceb93b3", "number": "2018908783", "date": "2021-01-22 18:07:36", "subject": "3", "recorded-or-robo": "N", "city": "", "state": "NJ", "area-code": "201"}, {"id": "e81c9350d54f66c6d33b3747ee5d537c", "number": "3144818563", "date": "2021-01-22 17:01:00", "subject": "3", "recorded-or-robo": "Y", "city": "", "state": "MO", "area-code": "314"}, {"id": "deca54a6651fb9add5b4a9816cf2123b", "number": "3144818563", "date": "2021-01-22 17:01:00", "subject": "3", "recorded-or-robo": "Y", "city": "", "state": "MO", "area-code": "314"}, {"id": "e81c9350d54f66c6d33b3747ee270b1c", "number": "8103701", "date": "2021-01-22 17:58:00", "subject": "4", "recorded-or-robo": "Y", "city": "Birmingham", "state": "MI", "area-code": "248"}, {"id": "e81c9350d54f66c6d33b3747ee27005c", "number": "9363679381", "date": "2021-01-21 13:32:00", "subject": "2", "recorded-or-robo": "N", "city": "Huntington Beach", "state": "CA", "area-code": "818"}, {"id": "deca54a6651fb9add5b4a9816cbc5573", "number": "8103701", "date": "2021-01-22 17:58:00", "subject": "4", "recorded-or-robo": "Y", "city": "Birmingham", "state": "MI", "area-code": "248"}, {"id": "deca54a6651fb9add5b4a9816cbc4581", "number": "9363679381", "date": "2021-01-21 13:32:00", "subject": "2", "recorded-or-robo": "N", "city": "Huntington Beach", "state": "CA", "area-code": "818"}, {"id": "e81c9350d54f66c6d33b3747ee26ff61", "number": "7735334263", "date": "2021-01-22 14:13:00", "subject": "0", "recorded-or-robo": "Y", "city": "CHICAGO", "state": "IL", "area-code": "773"}, {"id": "deca54a6651fb9add5b4a9816cbc4510", "number": "7735334263", "date": "2021-01-22 14:13:00", "subject": "0", "recorded-or-robo": "Y", "city": "CHICAGO", "state": "IL", "area-code": "773"}, {"id": "e81c9350d54f66c6d33b3747ee5d45b9", "number": "", "date": "2021-01-22 15:02:00", "subject": "3", "recorded-or-robo": "Y", "city": "", "state": "CA", "area-code": "415"}, {"id": "deca54a6651fb9add5b4a9816cf20ac7", "number": "", "date": "2021-01-22 15:02:00", "subject": "3", "recorded-or-robo": "Y", "city": "", "state": "CA", "area-code": "415"}, {"id": "e81c9350d54f66c6d33b3747ee26f4ec", "number": "5203805815", "date": "2021-01-22 00:00:00", "subject": "3", "recorded-or-robo": "Y", "city": "", "state": "AZ", "area-code": "520"}, {"id": "deca54a6651fb9add5b4a9816cbc3c5e", "number": "5203805815", "date": "2021-01-22 00:00:00", "subject": "3", "recorded-or-robo": "Y", "city": "", "state": "AZ", "area-code": "520"}, {"id": "e81c9350d54f66c6d33b3747ee26eb7f", "number": "5013125674", "date": "2021-01-20 09:37:00", "subject": "2", "recorded-or-robo": "Y", "city": "Cincinnati", "state": "OH", "area-code": "513"}, {"id": "deca54a6651fb9add5b4a9816cbc38c4", "number": "5013125674", "date": "2021-01-20 09:37:00", "subject": "2", "recorded-or-robo": "Y", "city": "Cincinnati", "state": "OH", "area-code": "513"}, {"id": "e81c9350d54f66c6d33b3747ee5734b0", "number": "7574935365", "date": "2021-01-22 18:07:22", "subject": "3", "recorded-or-robo": "N", "city": "", "state": "VA", "area-code": "757"}, {"id": "deca54a6651fb9add5b4a9816ceba966", "number": "7574935365", "date": "2021-01-22 18:07:22", "subject": "3", "recorded-or-robo": "N", "city": "", "state": "VA", "area-code": "757"}, {"id": "e81c9350d54f66c6d33b3747ee26e86a", "number": "3014765551", "date": "2021-01-22 13:22:00", "subject": "0", "recorded-or-robo": "", "city": "", "state": "MD", "area-code": "443"}, {"id": "deca54a6651fb9add5b4a9816cbc293e", "number": "3014765551", "date": "2021-01-22 13:22:00", "subject": "0", "recorded-or-robo": "", "city": "", "state": "MD", "area-code": "443"}, {"id": "e81c9350d54f66c6d33b3747ee26e0c0", "number": "3155091775", "date": "2021-01-22 16:32:00", "subject": "2", "recorded-or-robo": "Y", "city": "Ogdensburg", "state": "NY", "area-code": "315"}, {"id": "deca54a6651fb9add5b4a9816cbc1e94", "number": "3155091775", "date": "2021-01-22 16:32:00", "subject": "2", "recorded-or-robo": "Y", "city": "Ogdensburg", "state": "NY", "area-code": "315"}, {"id": "e81c9350d54f66c6d33b3747ee574d8a", "number": "9182359684", "date": "2021-01-22 18:07:10", "subject": "3", "recorded-or-robo": "Y", "city": "", "state": "OK", "area-code": "918"}, {"id": "deca54a6651fb9add5b4a9816cebccf6", "number": "9182359684", "date": "2021-01-22 18:07:10", "subject": "3", "recorded-or-robo": "Y", "city": "", "state": "OK", "area-code": "918"}, {"id": "e81c9350d54f66c6d33b3747ee26d20d", "number": "9177942010", "date": "2021-01-22 00:00:00", "subject": "2", "recorded-or-robo": "Y", "city": "Kellyville", "state": "OK", "area-code": "207"}, {"id": "e81c9350d54f66c6d33b3747ee26d204", "number": "9803389575", "date": "2021-01-22 18:00:00", "subject": "8", "recorded-or-robo": "Y", "city": "", "state": "VA", "area-code": "757"}, {"id": "deca54a6651fb9add5b4a9816cbc146f", "number": "9177942010", "date": "2021-01-22 00:00:00", "subject": "2", "recorded-or-robo": "Y", "city": "Kellyville", "state": "OK", "area-code": "207"}, {"id": "deca54a6651fb9add5b4a9816cbc09dc", "number": "9803389575", "date": "2021-01-22 18:00:00", "subject": "8", "recorded-or-robo": "Y", "city": "", "state": "VA", "area-code": "757"}, {"id": "e81c9350d54f66c6d33b3747ee56f13a", "number": "+18559784336", "date": "2021-01-22 18:07:05", "subject": "3", "recorded-or-robo": "Y", "city": "", "state": "CA", "area-code": "818"}, {"id": "e81c9350d54f66c6d33b3747ee26c5db", "number": "7076782816", "date": "2021-01-22 17:05:00", "subject": "5", "recorded-or-robo": "Y", "city": "", "state": "OK", "area-code": "918"}, {"id": "deca54a6651fb9add5b4a9816ceb6c5c", "number": "+18559784336", "date": "2021-01-22 18:07:05", "subject": "3", "recorded-or-robo": "Y", "city": "", "state": "CA", "area-code": "818"}, {"id": "deca54a6651fb9add5b4a9816cbc04e5", "number": "7076782816", "date": "2021-01-22 17:05:00", "subject": "5", "recorded-or-robo": "Y", "city": "", "state": "OK", "area-code": "918"}, {"id": "e81c9350d54f66c6d33b3747ee26c18b", "number": "5203115104", "date": "2021-01-21 00:00:00", "subject": "3", "recorded-or-robo": "Y", "city": "", "state": "AZ", "area-code": "520"}, {"id": "e81c9350d54f66c6d33b3747ee26c033", "number": "9724317881", "date": "2021-01-22 17:00:00", "subject": "5", "recorded-or-robo": "Y", "city": "Plano TX", "state": "TX", "area-code": "972"}, {"id": "deca54a6651fb9add5b4a9816cbbff50", "number": "5203115104", "date": "2021-01-21 00:00:00", "subject": "3", "recorded-or-robo": "Y", "city": "", "state": "AZ", "area-code": "520"}, {"id": "deca54a6651fb9add5b4a9816cbbf067", "number": "9724317881", "date": "2021-01-22 17:00:00", "subject": "5", "recorded-or-robo": "Y", "city": "Plano TX", "state": "TX", "area-code": "972"}, {"id": "e81c9350d54f66c6d33b3747ee26b9d1", "number": "9123547676", "date": "2020-12-09 14:19:00", "subject": "2", "recorded-or-robo": "Y", "city": "Colorado Springs", "state": "CO", "area-code": "912"}, {"id": "deca54a6651fb9add5b4a9816cbbebc2", "number": "9123547676", "date": "2020-12-09 14:19:00", "subject": "2", "recorded-or-robo": "Y", "city": "Colorado Springs", "state": "CO", "area-code": "912"}, {"id": "e81c9350d54f66c6d33b3747ee26b28e", "number": "8173493194", "date": "2021-01-22 16:49:00", "subject": "3", "recorded-or-robo": "Y", "city": "", "state": "TX", "area-code": "817"}, {"id": "deca54a6651fb9add5b4a9816cbbe30e", "number": "8173493194", "date": "2021-01-22 16:49:00", "subject": "3", "recorded-or-robo": "Y", "city": "", "state": "TX", "area-code": "817"}, {"id": "e81c9350d54f66c6d33b3747ee26a692", "number": "959222358", "date": "2021-01-21 14:00:00", "subject": "2", "recorded-or-robo": "N", "city": "Huntington Beach", "state": "CA", "area-code": "818"}, {"id": "deca54a6651fb9add5b4a9816cbbe17f", "number": "959222358", "date": "2021-01-21 14:00:00", "subject": "2", "recorded-or-robo": "N", "city": "Huntington Beach", "state": "CA", "area-code": "818"}, {"id": "e81c9350d54f66c6d33b3747ee26a310", "number": "2813707808", "date": "2021-01-21 12:45:00", "subject": "0", "recorded-or-robo": "Y", "city": "Spring", "state": "TX", "area-code": "281"}, {"id": "deca54a6651fb9add5b4a9816cbbde5a", "number": "2813707808", "date": "2021-01-21 12:45:00", "subject": "0", "recorded-or-robo": "Y", "city": "Spring", "state": "TX", "area-code": "281"}, {"id": "e81c9350d54f66c6d33b3747ee269a08", "number": "2093212317", "date": "2021-01-22 14:33:00", "subject": "1", "recorded-or-robo": "Y", "city": "Stockton", "state": "CA", "area-code": "209"}]}