{"data": [{"id": "deca54a6651fb9add5b4a9816cc1eae8", "number": "6033662678", "date": "2021-01-22 09:23:00", "subject": "3", "recorded-or-robo": "Y", "city": "", "state": "CA", "area-code": "310"}, {"id": "e81c9350d54f66c6d33b3747ee57c5f9", "number": "6317091403", "date": "2021-01-22 18:17:17", "subject": "3", "recorded-or-robo": "N", "city": "", "state": "TX", "area-code": "210"}, {"id": "deca54a6651fb9add5b4a9816cec24fc", "number": "6317091403", "date": "2021-01-22 18:17:17", "subject": "3", "recorded-or-robo": "N", "city": "", "state": "TX", "area-code": "210"}, {"id": "e81c9350d54f66c6d33b3747ee2cd807", "number": "2029982903", "date": "2021-01-22 00:00:00", "subject": "3", "recorded-or-robo": "", "city": "", "state": "CA", "area-code": "310"}, {"id": "deca54a6651fb9add5b4a9816cc1ddf4", "number": "2029982903", "date": "2021-01-22 00:00:00", "subject": "3", "recorded-or-robo": "", "city": "", "state": "CA", "area-code": "310"}, {"id": "e81c9350d54f66c6d33b3747ee584dae", "number": "4692963869", "date": "2021-01-22 18:17:00", "subject": "3", "recorded-or-robo": "Y", "city": "", "state": "TX", "area-code": "469"}, {"id": "deca54a6651fb9add5b4a9816cecb03f", "number": "4692963869", "date": "2021-01-22 18:17:00", "subject": "3", "recorded-or-robo": "Y", "city": "", "state": "TX", "area-code": "469"}, {"id": "e81c9350d54f66c6d33b3747ee2cc965", "number": "6143186439", "date": "2021-01-22 11:38:00", "subject": "0", "recorded-or-robo": "Y", "city": "Vienna", "state": "VA", "area-code": "703"}, {"id": "deca54a6651fb9add5b4a9816cc1d105", "number": "6143186439", "date": "2021-01-22 11:38:00", "subject": "0", "recorded-or-robo": "Y", "city": "Vienna", "state": "VA", "area-code": "703"}, {"id": "e81c9350d54f66c6d33b3747ee2cba06", "number": "2023017385", "date": "2021-01-22 17:10:00", "subject": "1", "recorded-or-robo": "Y", "city": "", "state": "WI", "area-code": "414"}, {"id": "e81c9350d54f66c6d33b3747ee2cb73d", "number": "9362657962", "date": "2021-01-22 12:59:00", "subject": "0", "recorded-or-robo": "Y", "city": "Spring", "state": "TX", "area-code": "281"}, {"id": "deca54a6651fb9add5b4a9816cc1c93f", "number": "2023017385", "date": "2021-01-22 17:10:00", "subject": "1", "recorded-or-robo": "Y", "city": "", "state": "WI", "area-code": "414"}, {"id": "deca54a6651fb9add5b4a9816cc1c045", "number": "9362657962", "date": "2021-01-22 12:59:00", "subject": "0", "recorded-or-robo": "Y", "city": "Spring", "state": "TX", "area-code": "281"}, {"id": "e81c9350d54f66c6d33b3747ee2c4bc5", "number": "4409554997", "date": "2021-01-22 18:15:00", "subject": "3", "recorded-or-robo": "N", "city": "", "state": "OH", "area-code": "440"}, {"id": "deca54a6651fb9add5b4a9816cc15675", "number": "4409554997", "date": "2021-01-22 18:15:00", "subject": "3", "recorded-or-robo": "N", "city": "", "state": "OH", "area-code": "440"}, {"id": "e81c9350d54f66c6d33b3747ee2cb183", "number": "8332298427", "date": "2021-01-20 16:34:00", "subject": "2", "recorded-or-robo": "Y", "city": "austin", "state": "TX", "area-code": "512"}, {"id": "deca54a6651fb9add5b4a9816cc1bb87", "number": "8332298427", "date": "2021-01-20 16:34:00", "subject": "2", "recorded-or-robo": "Y", "city": "austin", "state": "TX", "area-code": "512"}, {"id": "e81c9350d54f66c6d33b3747ee581118", "number": "7757642357", "date": "2021-01-22 18:16:50", "subject": "3", "recorded-or-robo": "Y", "city": "", "state": "NV", "area-code": "775"}, {"id": "e81c9350d54f66c6d33b3747ee2ca9b9", "number": "4106726483", "date": "2021-01-22 18:13:00", "subject": "2", "recorded-or-robo": "Y", "city": "Gambrills", "state": "MD", "area-code": "833"}, {"id": "deca54a6651fb9add5b4a9816cec7297", "number": "7757642357", "date": "2021-01-22 18:16:50", "subject": "3", "recorded-or-robo": "Y", "city": "", "state": "NV", "area-code": "775"}, {"id": "deca54a6651fb9add5b4a9816cc1b63d", "number": "4106726483", "date": "2021-01-22 18:13:00", "subject": "2", "recorded-or-robo": "Y", "city": "Gambrills", "state": "MD", "area-code": "833"}, {"id": "e81c9350d54f66c6d33b3747ee2ca324", "number": "6168662052", "date": "2021-01-22 13:15:00", "subject": "1", "recorded-or-robo": "Y", "city": "", "state": "MI", "area-code": "616"}, {"id": "e81c9350d54f66c6d33b3747ee2c9e9f", "number": "5713671722", "date": "2021-01-21 09:28:00", "subject": "4", "recorded-or-robo": "Y", "city": "Manassas", "state": "VA", "area-code": "703"}, {"id": "deca54a6651fb9add5b4a9816cc1a949", "number": "6168662052", "date": "2021-01-22 13:15:00", "subject": "1", "recorded-or-robo": "Y", "city": "", "state": "MI", "area-code": "616"}, {"id": "deca54a6651fb9add5b4a9816cc1a4f5", "number": "5713671722", "date": "2021-01-21 09:28:00", "subject": "4", "recorded-or-robo": "Y", "city": "Manassas", "state": "VA", "area-code": "703"}, {"id": "e81c9350d54f66c6d33b3747ee5786ef", "number": "6302978806", "date": "2021-01-22 18:16:47", "subject": "3", "recorded-or-robo": "Y", "city": "", "state": "CA", "area-code": "415"}, {"id": "deca54a6651fb9add5b4a9816cebf4b6", "number": "6302978806", "date": "2021-01-22 18:16:47", "subject": "3", "recorded-or-robo": "Y", "city": "", "state": "CA", "area-code": "415"}, {"id": "e81c9350d54f66c6d33b3747ee57f165", "number": "+19562601183", "date": "2021-01-22 18:16:43", "subject": "3", "recorded-or-robo": "Y", "city": "", "state": "TX", "area-code": "956"}, {"id": "e81c9350d54f66c6d33b3747ee2c86a2", "number": "8702167089", "date": "2021-01-22 18:11:00", "subject": "4", "recorded-or-robo": "Y", "city": "MARICOPA", "state": "AZ", "area-code": "870"}, {"id": "deca54a6651fb9add5b4a9816cec4e36", "number": "+19562601183", "date": "2021-01-22 18:16:43", "subject": "3", "recorded-or-robo": "Y", "city": "", "state": "TX", "area-code": "956"}, {"id": "deca54a6651fb9add5b4a9816cc19300", "number": "8702167089", "date": "2021-01-22 18:11:00", "subject": "4", "recorded-or-robo": "Y", "city": "MARICOPA", "state": "AZ", "area-code": "870"}, {"id": "e81c9350d54f66c6d33b3747ee2c7c86", "number": "", "date": "2021-01-16 15:42:00", "subject": "0", "recorded-or-robo": "Y", "city": "Old Bridge", "state": "NJ", "area-code": "973"}, {"id": "deca54a6651fb9add5b4a9816cc18d53", "number": "", "date": "2021-01-16 15:42:00", "subject": "0", "recorded-or-robo": "Y", "city": "Old Bridge", "state": "NJ", "area-code": "973"}, {"id": "e81c9350d54f66c6d33b3747ee582ab8", "number": "+16264693835", "date": "2021-01-22 18:16:39", "subject": "3", "recorded-or-robo": "Y", "city": "", "state": "CA", "area-code": "714"}, {"id": "deca54a6651fb9add5b4a9816cec8e20", "number": "+16264693835", "date": "2021-01-22 18:16:39", "subject": "3", "recorded-or-robo": "Y", "city": "", "state": "CA", "area-code": "714"}, {"id": "e81c9350d54f66c6d33b3747ee2c724e", "number": "8559483724", "date": "2021-01-22 15:06:00", "subject": "2", "recorded-or-robo": "N", "city": "Oroville", "state": "CA", "area-code": "530"}, {"id": "deca54a6651fb9add5b4a9816cc17e26", "number": "8559483724", "date": "2021-01-22 15:06:00", "subject": "2", "recorded-or-robo": "N", "city": "Oroville", "state": "CA", "area-code": "530"}, {"id": "e81c9350d54f66c6d33b3747ee2c703f", "number": "3109338729", "date": "2021-01-22 14:54:00", "subject": "3", "recorded-or-robo": "Y", "city": "", "state": "CA", "area-code": "310"}, {"id": "deca54a6651fb9add5b4a9816cc17a44", "number": "3109338729", "date": "2021-01-22 14:54:00", "subject": "3", "recorded-or-robo": "Y", "city": "", "state": "CA", "area-code": "310"}, {"id": "e81c9350d54f66c6d33b3747ee2c6b41", "number": "5087281408", "date": "2021-01-22 17:48:00", "subject": "1", "recorded-or-robo": "Y", "city": "Danville", "state": "VA", "area-code": "508"}, {"id": "deca54a6651fb9add5b4a9816cc17703", "number": "5087281408", "date": "2021-01-22 17:48:00", "subject": "1", "recorded-or-robo": "Y", "city": "Danville", "state": "VA", "area-code": "508"}, {"id": "e81c9350d54f66c6d33b3747ee5858e3", "number": "4158653751", "date": "2021-01-22 18:16:29", "subject": "3", "recorded-or-robo": "Y", "city": "", "state": "CA", "area-code": "415"}, {"id": "deca54a6651fb9add5b4a9816cecb517", "number": "4158653751", "date": "2021-01-22 18:16:29", "subject": "3", "recorded-or-robo": "Y", "city": "", "state": "CA", "area-code": "415"}, {"id": "e81c9350d54f66c6d33b3747ee581c07", "number": "+19562646183", "date": "2021-01-22 18:16:27", "subject": "3", "recorded-or-robo": "Y", "city": "", "state": "TX", "area-code": "956"}, {"id": "e81c9350d54f66c6d33b3747ee2c67e1", "number": "3138655698", "date": "2021-01-22 18:13:00", "subject": "2", "recorded-or-robo": "Y", "city": "Berwick", "state": "PA", "area-code": "313"}, {"id": "deca54a6651fb9add5b4a9816cec7bbb", "number": "+19562646183", "date": "2021-01-22 18:16:27", "subject": "3", "recorded-or-robo": "Y", "city": "", "state": "TX", "area-code": "956"}, {"id": "deca54a6651fb9add5b4a9816cc1676c", "number": "3138655698", "date": "2021-01-22 18:13:00", "subject": "2", "recorded-or-robo": "Y", "city": "Berwick", "state": "PA", "area-code": "313"}, {"id": "e81c9350d54f66c6d33b3747ee2c59e7", "number": "3216077336", "date": "2021-01-20 16:00:00", "subject": "0", "recorded-or-robo": "Y", "city": "Lewiston", "state": "ME", "area-code": "207"}, {"id": "deca54a6651fb9add5b4a9816cc165ce", "number": "3216077336", "date": "2021-01-20 16:00:00", "subject": "0", "recorded-or-robo": "Y", "city": "Lewiston", "state": "ME", "area-code": "207"}, {"id": "e81c9350d54f66c6d33b3747ee2c3bfd", "number": "", "date": "2021-01-22 17:00:00", "subject": "4", "recorded-or-robo": "Y", "city": "", "state": "IL", "area-code": "217"}]}