{"data": [{"id": "1d36742e3f24f50e4e7ae828013292cc", "number": "7576598194", "date": "2021-01-22 18:32:18", "subject": "3", "recorded-or-robo": "Y", "city": "", "state": "VA", "area-code": "757"}, {"id": "e81c9350d54f66c6d33b3747ee34611b", "number": "", "date": "2021-01-22 15:47:00", "subject": "3", "recorded-or-robo": "N", "city": "", "state": "VA", "area-code": "540"}, {"id": "deca54a6651fb9add5b4a9816cc94a84", "number": "", "date": "2021-01-22 15:47:00", "subject": "3", "recorded-or-robo": "N", "city": "", "state": "VA", "area-code": "540"}, {"id": "e81c9350d54f66c6d33b3747ee34f5c8", "number": "5594601021", "date": "2021-01-19 00:00:00", "subject": "3", "recorded-or-robo": "", "city": "", "state": "CA", "area-code": "760"}, {"id": "deca54a6651fb9add5b4a9816cca0972", "number": "5594601021", "date": "2021-01-19 00:00:00", "subject": "3", "recorded-or-robo": "", "city": "", "state": "CA", "area-code": "760"}, {"id": "e81c9350d54f66c6d33b3747ee34f26e", "number": "9892797813", "date": "2021-01-22 18:10:00", "subject": "2", "recorded-or-robo": "N", "city": "Ann Arbor", "state": "MI", "area-code": "313"}, {"id": "e81c9350d54f66c6d33b3747ee34f0a5", "number": "4058772488", "date": "2021-01-22 17:53:00", "subject": "1", "recorded-or-robo": "Y", "city": "", "state": "VA", "area-code": "757"}, {"id": "deca54a6651fb9add5b4a9816cca0167", "number": "9892797813", "date": "2021-01-22 18:10:00", "subject": "2", "recorded-or-robo": "N", "city": "Ann Arbor", "state": "MI", "area-code": "313"}, {"id": "deca54a6651fb9add5b4a9816cc9ffd3", "number": "4058772488", "date": "2021-01-22 17:53:00", "subject": "1", "recorded-or-robo": "Y", "city": "", "state": "VA", "area-code": "757"}, {"id": "e81c9350d54f66c6d33b3747ee34e98f", "number": "", "date": "2021-01-22 17:25:00", "subject": "3", "recorded-or-robo": "Y", "city": "", "state": "ND", "area-code": "701"}, {"id": "deca54a6651fb9add5b4a9816cc9fa05", "number": "", "date": "2021-01-22 17:25:00", "subject": "3", "recorded-or-robo": "Y", "city": "", "state": "ND", "area-code": "701"}, {"id": "e81c9350d54f66c6d33b3747ee34daff", "number": "5072747915", "date": "2021-01-22 08:34:00", "subject": "2", "recorded-or-robo": "N", "city": "Farmington", "state": "MN", "area-code": "651"}, {"id": "deca54a6651fb9add5b4a9816cc9eb84", "number": "5072747915", "date": "2021-01-22 08:34:00", "subject": "2", "recorded-or-robo": "N", "city": "Farmington", "state": "MN", "area-code": "651"}, {"id": "e81c9350d54f66c6d33b3747ee34dab2", "number": "2017309259", "date": "2021-01-18 08:26:00", "subject": "2", "recorded-or-robo": "Y", "city": "Plainsboro", "state": "NJ", "area-code": "609"}, {"id": "e81c9350d54f66c6d33b3747ee34d429", "number": "3107271269", "date": "2021-01-22 08:52:00", "subject": "4", "recorded-or-robo": "Y", "city": "GILROY", "state": "CA", "area-code": "408"}, {"id": "deca54a6651fb9add5b4a9816cc9dc29", "number": "2017309259", "date": "2021-01-18 08:26:00", "subject": "2", "recorded-or-robo": "Y", "city": "Plainsboro", "state": "NJ", "area-code": "609"}, {"id": "deca54a6651fb9add5b4a9816cc9cf88", "number": "3107271269", "date": "2021-01-22 08:52:00", "subject": "4", "recorded-or-robo": "Y", "city": "GILROY", "state": "CA", "area-code": "408"}, {"id": "e81c9350d54f66c6d33b3747ee9d417a", "number": "+19105662123", "date": "2021-01-22 18:32:01", "subject": "3", "recorded-or-robo": "N", "city": "", "state": "NC", "area-code": "252"}, {"id": "e81c9350d54f66c6d33b3747ee34cc30", "number": "7343253498", "date": "2021-01-22 18:22:00", "subject": "2", "recorded-or-robo": "N", "city": "Belleville", "state": "MI", "area-code": "734"}, {"id": "e81c9350d54f66c6d33b3747ee34be03", "number": "5592490063", "date": "2021-01-21 12:46:00", "subject": "2", "recorded-or-robo": "Y", "city": "Clovis", "state": "CA", "area-code": "559"}, {"id": "deca54a6651fb9add5b4a9816cc9ce1a", "number": "7343253498", "date": "2021-01-22 18:22:00", "subject": "2", "recorded-or-robo": "N", "city": "Belleville", "state": "MI", "area-code": "734"}, {"id": "deca54a6651fb9add5b4a9816cc9bf61", "number": "5592490063", "date": "2021-01-21 12:46:00", "subject": "2", "recorded-or-robo": "Y", "city": "Clovis", "state": "CA", "area-code": "559"}, {"id": "1d36742e3f24f50e4e7ae828013260e5", "number": "+19105662123", "date": "2021-01-22 18:32:01", "subject": "3", "recorded-or-robo": "N", "city": "", "state": "NC", "area-code": "252"}, {"id": "e81c9350d54f66c6d33b3747ee34b6bf", "number": "5067850457", "date": "2021-01-22 18:13:00", "subject": "1", "recorded-or-robo": "Y", "city": "Portsmouth", "state": "VA", "area-code": "757"}, {"id": "deca54a6651fb9add5b4a9816cc9bc0f", "number": "5067850457", "date": "2021-01-22 18:13:00", "subject": "1", "recorded-or-robo": "Y", "city": "Portsmouth", "state": "VA", "area-code": "757"}, {"id": "e81c9350d54f66c6d33b3747ee9d756e", "number": "+19189909077", "date": "2021-01-22 18:31:49", "subject": "3", "recorded-or-robo": "N", "city": "", "state": "TX", "area-code": "682"}, {"id": "1d36742e3f24f50e4e7ae82801328682", "number": "+19189909077", "date": "2021-01-22 18:31:49", "subject": "3", "recorded-or-robo": "N", "city": "", "state": "TX", "area-code": "682"}, {"id": "e81c9350d54f66c6d33b3747ee34a75c", "number": "7035141406", "date": "2021-01-22 18:20:00", "subject": "5", "recorded-or-robo": "Y", "city": "Charlottesville", "state": "VA", "area-code": "434"}, {"id": "e81c9350d54f66c6d33b3747ee34a015", "number": "4078394420", "date": "2021-01-20 00:00:00", "subject": "3", "recorded-or-robo": "", "city": "", "state": "CA", "area-code": "760"}, {"id": "deca54a6651fb9add5b4a9816cc9b7bd", "number": "7035141406", "date": "2021-01-22 18:20:00", "subject": "5", "recorded-or-robo": "Y", "city": "Charlottesville", "state": "VA", "area-code": "434"}, {"id": "deca54a6651fb9add5b4a9816cc9b721", "number": "4078394420", "date": "2021-01-20 00:00:00", "subject": "3", "recorded-or-robo": "", "city": "", "state": "CA", "area-code": "760"}, {"id": "e81c9350d54f66c6d33b3747ee34903d", "number": "8053087171", "date": "2021-01-22 11:25:00", "subject": "2", "recorded-or-robo": "Y", "city": "", "state": "CA", "area-code": "707"}, {"id": "deca54a6651fb9add5b4a9816cc9b433", "number": "8053087171", "date": "2021-01-22 11:25:00", "subject": "2", "recorded-or-robo": "Y", "city": "", "state": "CA", "area-code": "707"}, {"id": "e81c9350d54f66c6d33b3747ee348eda", "number": "8554990239", "date": "2021-01-22 12:48:00", "subject": "6", "recorded-or-robo": "N", "city": "Phoenix", "state": "AZ", "area-code": "262"}, {"id": "deca54a6651fb9add5b4a9816cc9a884", "number": "8554990239", "date": "2021-01-22 12:48:00", "subject": "6", "recorded-or-robo": "N", "city": "Phoenix", "state": "AZ", "area-code": "262"}, {"id": "e81c9350d54f66c6d33b3747ee9d8447", "number": "+19103485023", "date": "2021-01-22 18:31:37", "subject": "3", "recorded-or-robo": "N", "city": "", "state": "NC", "area-code": "252"}, {"id": "1d36742e3f24f50e4e7ae82801328c1b", "number": "+19103485023", "date": "2021-01-22 18:31:37", "subject": "3", "recorded-or-robo": "N", "city": "", "state": "NC", "area-code": "252"}, {"id": "e81c9350d54f66c6d33b3747ee348a28", "number": "8178377241", "date": "2021-01-22 16:21:00", "subject": "2", "recorded-or-robo": "Y", "city": "", "state": "TX", "area-code": "214"}, {"id": "deca54a6651fb9add5b4a9816cc999ae", "number": "8178377241", "date": "2021-01-22 16:21:00", "subject": "2", "recorded-or-robo": "Y", "city": "", "state": "TX", "area-code": "214"}, {"id": "e81c9350d54f66c6d33b3747ee9d2336", "number": "4013159346", "date": "2021-01-22 18:31:34", "subject": "3", "recorded-or-robo": "Y", "city": "", "state": "RI", "area-code": "401"}, {"id": "e81c9350d54f66c6d33b3747ee33f778", "number": "7245128172", "date": "2021-01-21 18:30:00", "subject": "3", "recorded-or-robo": "N", "city": "", "state": "PA", "area-code": "724"}, {"id": "deca54a6651fb9add5b4a9816cc8e090", "number": "7245128172", "date": "2021-01-21 18:30:00", "subject": "3", "recorded-or-robo": "N", "city": "", "state": "PA", "area-code": "724"}, {"id": "1d36742e3f24f50e4e7ae82801324599", "number": "4013159346", "date": "2021-01-22 18:31:34", "subject": "3", "recorded-or-robo": "Y", "city": "", "state": "RI", "area-code": "401"}, {"id": "e81c9350d54f66c6d33b3747ee9cef7d", "number": "4013159346", "date": "2021-01-22 18:31:33", "subject": "3", "recorded-or-robo": "Y", "city": "", "state": "RI", "area-code": "401"}, {"id": "e81c9350d54f66c6d33b3747ee3489e4", "number": "7064179079", "date": "2021-01-22 15:20:00", "subject": "2", "recorded-or-robo": "Y", "city": "Cornelia", "state": "GA", "area-code": "706"}, {"id": "e81c9350d54f66c6d33b3747ee34879a", "number": "2074426526", "date": "2021-01-22 18:28:00", "subject": "4", "recorded-or-robo": "Y", "city": "", "state": "NY", "area-code": "207"}, {"id": "e81c9350d54f66c6d33b3747ee33d3d3", "number": "9415628518", "date": "2021-01-22 13:21:00", "subject": "3", "recorded-or-robo": "N", "city": "", "state": "FL", "area-code": "941"}, {"id": "deca54a6651fb9add5b4a9816cc98c3f", "number": "7064179079", "date": "2021-01-22 15:20:00", "subject": "2", "recorded-or-robo": "Y", "city": "Cornelia", "state": "GA", "area-code": "706"}, {"id": "deca54a6651fb9add5b4a9816cc97e8a", "number": "2074426526", "date": "2021-01-22 18:28:00", "subject": "4", "recorded-or-robo": "Y", "city": "", "state": "NY", "area-code": "207"}, {"id": "deca54a6651fb9add5b4a9816cc8be15", "number": "9415628518", "date": "2021-01-22 13:21:00", "subject": "3", "recorded-or-robo": "N", "city": "", "state": "FL", "area-code": "941"}]}