{"data": [{"id": "e81c9350d54f66c6d33b3747ee3ad63b", "number": "", "date": "2021-01-19 12:19:00", "subject": "2", "recorded-or-robo": "Y", "city": "columbus", "state": "NE", "area-code": "402"}, {"id": "deca54a6651fb9add5b4a9816ccf6a18", "number": "", "date": "2021-01-19 12:19:00", "subject": "2", "recorded-or-robo": "Y", "city": "columbus", "state": "NE", "area-code": "402"}, {"id": "1d36742e3f24f50e4e7ae82801335515", "number": "+19543155900", "date": "2021-01-22 18:43:17", "subject": "3", "recorded-or-robo": "N", "city": "", "state": "TX", "area-code": "346"}, {"id": "e81c9350d54f66c6d33b3747ee3ac8fb", "number": "7197710474", "date": "2021-01-22 09:11:00", "subject": "0", "recorded-or-robo": "Y", "city": "Livingston", "state": "CA", "area-code": "209"}, {"id": "deca54a6651fb9add5b4a9816ccf5cfb", "number": "7197710474", "date": "2021-01-22 09:11:00", "subject": "0", "recorded-or-robo": "Y", "city": "Livingston", "state": "CA", "area-code": "209"}, {"id": "e81c9350d54f66c6d33b3747ee3abe19", "number": "5307565394", "date": "2021-01-22 15:41:00", "subject": "13", "recorded-or-robo": "Y", "city": "HUNTINGTON BEACH", "state": "CA", "area-code": "714"}, {"id": "deca54a6651fb9add5b4a9816ccf59dc", "number": "5307565394", "date": "2021-01-22 15:41:00", "subject": "13", "recorded-or-robo": "Y", "city": "HUNTINGTON BEACH", "state": "CA", "area-code": "714"}, {"id": "e81c9350d54f66c6d33b3747ee3ab28b", "number": "6505574310", "date": "2021-01-22 10:35:00", "subject": "3", "recorded-or-robo": "N", "city": "Seminole", "state": "MA", "area-code": "978"}, {"id": "deca54a6651fb9add5b4a9816ccf4b40", "number": "6505574310", "date": "2021-01-22 10:35:00", "subject": "3", "recorded-or-robo": "N", "city": "Seminole", "state": "MA", "area-code": "978"}, {"id": "e81c9350d54f66c6d33b3747ee3aa8ea", "number": "5402547710", "date": "2021-01-20 14:44:00", "subject": "4", "recorded-or-robo": "N", "city": "Fredericksburg", "state": "VA", "area-code": "540"}, {"id": "deca54a6651fb9add5b4a9816ccf46c9", "number": "5402547710", "date": "2021-01-20 14:44:00", "subject": "4", "recorded-or-robo": "N", "city": "Fredericksburg", "state": "VA", "area-code": "540"}, {"id": "e81c9350d54f66c6d33b3747ee3a9ef8", "number": "7144075119", "date": "2021-01-22 14:33:00", "subject": "3", "recorded-or-robo": "", "city": "", "state": "CA", "area-code": "714"}, {"id": "deca54a6651fb9add5b4a9816ccf4430", "number": "7144075119", "date": "2021-01-22 14:33:00", "subject": "3", "recorded-or-robo": "", "city": "", "state": "CA", "area-code": "714"}, {"id": "e81c9350d54f66c6d33b3747ee3a8f18", "number": "2029649536", "date": "2021-01-22 15:05:00", "subject": "5", "recorded-or-robo": "Y", "city": "Scottsdale", "state": "AZ", "area-code": "602"}, {"id": "deca54a6651fb9add5b4a9816ccf34cd", "number": "2029649536", "date": "2021-01-22 15:05:00", "subject": "5", "recorded-or-robo": "Y", "city": "Scottsdale", "state": "AZ", "area-code": "602"}, {"id": "e81c9350d54f66c6d33b3747ee3a8638", "number": "4694051687", "date": "2021-01-22 10:03:00", "subject": "2", "recorded-or-robo": "", "city": "", "state": "TX", "area-code": "972"}, {"id": "deca54a6651fb9add5b4a9816ccf26ea", "number": "4694051687", "date": "2021-01-22 10:03:00", "subject": "2", "recorded-or-robo": "", "city": "", "state": "TX", "area-code": "972"}, {"id": "e81c9350d54f66c6d33b3747ee3a7870", "number": "6032874110", "date": "2021-01-22 16:25:00", "subject": "2", "recorded-or-robo": "N", "city": "", "state": "NH", "area-code": "603"}, {"id": "deca54a6651fb9add5b4a9816ccf1d52", "number": "6032874110", "date": "2021-01-22 16:25:00", "subject": "2", "recorded-or-robo": "N", "city": "", "state": "NH", "area-code": "603"}, {"id": "e81c9350d54f66c6d33b3747ee9ec2da", "number": "+12155158274", "date": "2021-01-22 18:42:33", "subject": "3", "recorded-or-robo": "Y", "city": "", "state": "PA", "area-code": "215"}, {"id": "e81c9350d54f66c6d33b3747ee3a72bf", "number": "2547805898", "date": "2021-01-22 15:03:00", "subject": "2", "recorded-or-robo": "Y", "city": "Belton", "state": "TX", "area-code": "254"}, {"id": "deca54a6651fb9add5b4a9816ccf1457", "number": "2547805898", "date": "2021-01-22 15:03:00", "subject": "2", "recorded-or-robo": "Y", "city": "Belton", "state": "TX", "area-code": "254"}, {"id": "1d36742e3f24f50e4e7ae8280133d7f5", "number": "+12155158274", "date": "2021-01-22 18:42:33", "subject": "3", "recorded-or-robo": "Y", "city": "", "state": "PA", "area-code": "215"}, {"id": "e81c9350d54f66c6d33b3747ee9e5263", "number": "+17577028298", "date": "2021-01-22 18:42:32", "subject": "3", "recorded-or-robo": "Y", "city": "", "state": "VA", "area-code": "757"}, {"id": "1d36742e3f24f50e4e7ae828013355d6", "number": "+17577028298", "date": "2021-01-22 18:42:32", "subject": "3", "recorded-or-robo": "Y", "city": "", "state": "VA", "area-code": "757"}, {"id": "e81c9350d54f66c6d33b3747ee3a4cde", "number": "3615708160", "date": "2021-01-22 17:32:00", "subject": "3", "recorded-or-robo": "N", "city": "", "state": "IL", "area-code": "773"}, {"id": "deca54a6651fb9add5b4a9816ccefff5", "number": "3615708160", "date": "2021-01-22 17:32:00", "subject": "3", "recorded-or-robo": "N", "city": "", "state": "IL", "area-code": "773"}, {"id": "e81c9350d54f66c6d33b3747ee9e864b", "number": "+18176683115", "date": "2021-01-22 18:42:28", "subject": "3", "recorded-or-robo": "Y", "city": "", "state": "TX", "area-code": "817"}, {"id": "1d36742e3f24f50e4e7ae82801339459", "number": "+18176683115", "date": "2021-01-22 18:42:28", "subject": "3", "recorded-or-robo": "Y", "city": "", "state": "TX", "area-code": "817"}, {"id": "e81c9350d54f66c6d33b3747ee3a0f2d", "number": "6109785618", "date": "2021-01-22 14:03:00", "subject": "3", "recorded-or-robo": "N", "city": "", "state": "PA", "area-code": "570"}, {"id": "deca54a6651fb9add5b4a9816cced76e", "number": "6109785618", "date": "2021-01-22 14:03:00", "subject": "3", "recorded-or-robo": "N", "city": "", "state": "PA", "area-code": "570"}, {"id": "e81c9350d54f66c6d33b3747ee3a668e", "number": "2816405271", "date": "2021-01-22 17:38:00", "subject": "4", "recorded-or-robo": "Y", "city": "", "state": "TX", "area-code": "214"}, {"id": "deca54a6651fb9add5b4a9816ccf0fb1", "number": "2816405271", "date": "2021-01-22 17:38:00", "subject": "4", "recorded-or-robo": "Y", "city": "", "state": "TX", "area-code": "214"}, {"id": "e81c9350d54f66c6d33b3747eec6582d", "number": "3372328211", "date": "2021-01-21 08:00:00", "subject": "3", "recorded-or-robo": "N", "city": "", "state": "LA", "area-code": "337"}, {"id": "1d36742e3f24f50e4e7ae828015bbf7b", "number": "3372328211", "date": "2021-01-21 08:00:00", "subject": "3", "recorded-or-robo": "N", "city": "", "state": "LA", "area-code": "337"}, {"id": "e81c9350d54f66c6d33b3747ee3a5f75", "number": "4806726574", "date": "2021-01-22 15:02:00", "subject": "12", "recorded-or-robo": "Y", "city": "Scottsdale", "state": "AZ", "area-code": "480"}, {"id": "e81c9350d54f66c6d33b3747ee3a5442", "number": "9516667506", "date": "2021-01-22 15:39:00", "subject": "6", "recorded-or-robo": "Y", "city": "Riverside", "state": "CA", "area-code": "951"}, {"id": "deca54a6651fb9add5b4a9816ccf0f8d", "number": "4806726574", "date": "2021-01-22 15:02:00", "subject": "12", "recorded-or-robo": "Y", "city": "Scottsdale", "state": "AZ", "area-code": "480"}, {"id": "deca54a6651fb9add5b4a9816ccf0113", "number": "9516667506", "date": "2021-01-22 15:39:00", "subject": "6", "recorded-or-robo": "Y", "city": "Riverside", "state": "CA", "area-code": "951"}, {"id": "e81c9350d54f66c6d33b3747ee3a425d", "number": "2676014784", "date": "2021-01-20 18:27:00", "subject": "0", "recorded-or-robo": "N", "city": "philadelphia", "state": "PA", "area-code": "215"}, {"id": "deca54a6651fb9add5b4a9816ccef708", "number": "2676014784", "date": "2021-01-20 18:27:00", "subject": "0", "recorded-or-robo": "N", "city": "philadelphia", "state": "PA", "area-code": "215"}, {"id": "e81c9350d54f66c6d33b3747ee3a334f", "number": "", "date": "2021-01-22 09:00:00", "subject": "0", "recorded-or-robo": "Y", "city": "", "state": "GA", "area-code": "470"}, {"id": "deca54a6651fb9add5b4a9816ccee990", "number": "", "date": "2021-01-22 09:00:00", "subject": "0", "recorded-or-robo": "Y", "city": "", "state": "GA", "area-code": "470"}, {"id": "e81c9350d54f66c6d33b3747ee3a2b54", "number": "5716002581", "date": "2021-01-20 17:04:00", "subject": "4", "recorded-or-robo": "Y", "city": "Fredericksburg", "state": "VA", "area-code": "540"}, {"id": "deca54a6651fb9add5b4a9816ccee5fb", "number": "5716002581", "date": "2021-01-20 17:04:00", "subject": "4", "recorded-or-robo": "Y", "city": "Fredericksburg", "state": "VA", "area-code": "540"}, {"id": "e81c9350d54f66c6d33b3747ee9e2422", "number": "+18003477000", "date": "2021-01-22 18:41:50", "subject": "3", "recorded-or-robo": "N", "city": "", "state": "CA", "area-code": "760"}, {"id": "1d36742e3f24f50e4e7ae828013332c3", "number": "+18003477000", "date": "2021-01-22 18:41:50", "subject": "3", "recorded-or-robo": "N", "city": "", "state": "CA", "area-code": "760"}, {"id": "e81c9350d54f66c6d33b3747ee3a1cf1", "number": "8008196125", "date": "2021-01-22 11:43:00", "subject": "2", "recorded-or-robo": "Y", "city": "Clovis", "state": "CA", "area-code": "559"}, {"id": "deca54a6651fb9add5b4a9816cceddca", "number": "8008196125", "date": "2021-01-22 11:43:00", "subject": "2", "recorded-or-robo": "Y", "city": "Clovis", "state": "CA", "area-code": "559"}, {"id": "e81c9350d54f66c6d33b3747ee3a0995", "number": "3463811394", "date": "2021-01-22 15:12:00", "subject": "1", "recorded-or-robo": "Y", "city": "Glendale", "state": "AZ", "area-code": "623"}]}