{"data": [{"id": "deca54a6651fb9add5b4a9816ca3477a", "number": "", "date": "2021-01-22 00:00:00", "subject": "3", "recorded-or-robo": "Y", "city": "", "state": "TX", "area-code": "210"}, {"id": "e81c9350d54f66c6d33b3747ee0e2f23", "number": "4696334103", "date": "2021-01-22 15:37:00", "subject": "6", "recorded-or-robo": "N", "city": "", "state": "TX", "area-code": "469"}, {"id": "deca54a6651fb9add5b4a9816ca341d4", "number": "4696334103", "date": "2021-01-22 15:37:00", "subject": "6", "recorded-or-robo": "N", "city": "", "state": "TX", "area-code": "469"}, {"id": "e81c9350d54f66c6d33b3747ee0e2dd5", "number": "8606818153", "date": "2021-01-22 14:20:00", "subject": "5", "recorded-or-robo": "N", "city": "", "state": "CT", "area-code": "860"}, {"id": "deca54a6651fb9add5b4a9816ca33392", "number": "8606818153", "date": "2021-01-22 14:20:00", "subject": "5", "recorded-or-robo": "N", "city": "", "state": "CT", "area-code": "860"}, {"id": "e81c9350d54f66c6d33b3747ee0e157a", "number": "5708745460", "date": "2021-01-22 17:05:00", "subject": "1", "recorded-or-robo": "Y", "city": "Frackville", "state": "PA", "area-code": "570"}, {"id": "deca54a6651fb9add5b4a9816ca322b8", "number": "5708745460", "date": "2021-01-22 17:05:00", "subject": "1", "recorded-or-robo": "Y", "city": "Frackville", "state": "PA", "area-code": "570"}, {"id": "e81c9350d54f66c6d33b3747ee0e1570", "number": "2029181642", "date": "2020-12-09 14:01:00", "subject": "8", "recorded-or-robo": "Y", "city": "Colorado Springs", "state": "CO", "area-code": "719"}, {"id": "deca54a6651fb9add5b4a9816ca321d5", "number": "2029181642", "date": "2020-12-09 14:01:00", "subject": "8", "recorded-or-robo": "Y", "city": "Colorado Springs", "state": "CO", "area-code": "719"}, {"id": "e81c9350d54f66c6d33b3747ee51ea6c", "number": "7248192427", "date": "2021-01-22 17:25:08", "subject": "3", "recorded-or-robo": "Y", "city": "", "state": "PA", "area-code": "724"}, {"id": "deca54a6651fb9add5b4a9816ce6465e", "number": "7248192427", "date": "2021-01-22 17:25:08", "subject": "3", "recorded-or-robo": "Y", "city": "", "state": "PA", "area-code": "724"}, {"id": "e81c9350d54f66c6d33b3747ee0e14c2", "number": "9704988524", "date": "2021-01-22 13:23:00", "subject": "2", "recorded-or-robo": "Y", "city": "Fort Collins", "state": "CO", "area-code": "970"}, {"id": "deca54a6651fb9add5b4a9816ca317ad", "number": "9704988524", "date": "2021-01-22 13:23:00", "subject": "2", "recorded-or-robo": "Y", "city": "Fort Collins", "state": "CO", "area-code": "970"}, {"id": "e81c9350d54f66c6d33b3747ee0e0ab4", "number": "8005691836", "date": "2021-01-22 17:22:00", "subject": "2", "recorded-or-robo": "Y", "city": "Waverly", "state": "OH", "area-code": "740"}, {"id": "deca54a6651fb9add5b4a9816ca3103c", "number": "8005691836", "date": "2021-01-22 17:22:00", "subject": "2", "recorded-or-robo": "Y", "city": "Waverly", "state": "OH", "area-code": "740"}, {"id": "e81c9350d54f66c6d33b3747ee0e0987", "number": "8160218347", "date": "2021-01-22 10:24:00", "subject": "5", "recorded-or-robo": "Y", "city": "Alexandria", "state": "OH", "area-code": "216"}, {"id": "deca54a6651fb9add5b4a9816ca30d5b", "number": "8160218347", "date": "2021-01-22 10:24:00", "subject": "5", "recorded-or-robo": "Y", "city": "Alexandria", "state": "OH", "area-code": "216"}, {"id": "e81c9350d54f66c6d33b3747ee0dccd0", "number": "9492712979", "date": "2021-01-22 14:21:00", "subject": "3", "recorded-or-robo": "N", "city": "", "state": "CA", "area-code": "949"}, {"id": "deca54a6651fb9add5b4a9816ca2c7f3", "number": "9492712979", "date": "2021-01-22 14:21:00", "subject": "3", "recorded-or-robo": "N", "city": "", "state": "CA", "area-code": "949"}, {"id": "e81c9350d54f66c6d33b3747ee0e07e2", "number": "2163430795", "date": "2021-01-22 17:23:00", "subject": "0", "recorded-or-robo": "", "city": "Shaker Heights", "state": "OH", "area-code": "216"}, {"id": "deca54a6651fb9add5b4a9816ca30a65", "number": "2163430795", "date": "2021-01-22 17:23:00", "subject": "0", "recorded-or-robo": "", "city": "Shaker Heights", "state": "OH", "area-code": "216"}, {"id": "e81c9350d54f66c6d33b3747ee0e0504", "number": "6306219979", "date": "2021-01-22 16:22:00", "subject": "1", "recorded-or-robo": "Y", "city": "Lombard", "state": "IL", "area-code": "630"}, {"id": "deca54a6651fb9add5b4a9816ca3047d", "number": "6306219979", "date": "2021-01-22 16:22:00", "subject": "1", "recorded-or-robo": "Y", "city": "Lombard", "state": "IL", "area-code": "630"}, {"id": "e81c9350d54f66c6d33b3747ee0df7f7", "number": "5204570107", "date": "2021-01-22 09:51:00", "subject": "3", "recorded-or-robo": "Y", "city": "", "state": "AZ", "area-code": "520"}, {"id": "deca54a6651fb9add5b4a9816ca30217", "number": "5204570107", "date": "2021-01-22 09:51:00", "subject": "3", "recorded-or-robo": "Y", "city": "", "state": "AZ", "area-code": "520"}, {"id": "e81c9350d54f66c6d33b3747ee0dea79", "number": "8556403876", "date": "2021-01-18 23:21:00", "subject": "2", "recorded-or-robo": "Y", "city": "Bozeman", "state": "MT", "area-code": "203"}, {"id": "deca54a6651fb9add5b4a9816ca2f4de", "number": "8556403876", "date": "2021-01-18 23:21:00", "subject": "2", "recorded-or-robo": "Y", "city": "Bozeman", "state": "MT", "area-code": "203"}, {"id": "e81c9350d54f66c6d33b3747ee0ddb1a", "number": "3374223817", "date": "2021-01-22 16:19:00", "subject": "4", "recorded-or-robo": "Y", "city": "Lucedale", "state": "MS", "area-code": "228"}, {"id": "deca54a6651fb9add5b4a9816ca2edb9", "number": "3374223817", "date": "2021-01-22 16:19:00", "subject": "4", "recorded-or-robo": "Y", "city": "Lucedale", "state": "MS", "area-code": "228"}, {"id": "e81c9350d54f66c6d33b3747ee0dd592", "number": "8609286541", "date": "2021-01-19 12:00:00", "subject": "4", "recorded-or-robo": "N", "city": "", "state": "CT", "area-code": "860"}, {"id": "deca54a6651fb9add5b4a9816ca2e4e4", "number": "8609286541", "date": "2021-01-19 12:00:00", "subject": "4", "recorded-or-robo": "N", "city": "", "state": "CT", "area-code": "860"}, {"id": "e81c9350d54f66c6d33b3747ee0dcdad", "number": "5014244338", "date": "2021-01-22 12:33:00", "subject": "2", "recorded-or-robo": "N", "city": "Mills River", "state": "NC", "area-code": "828"}, {"id": "deca54a6651fb9add5b4a9816ca2d52e", "number": "5014244338", "date": "2021-01-22 12:33:00", "subject": "2", "recorded-or-robo": "N", "city": "Mills River", "state": "NC", "area-code": "828"}, {"id": "e81c9350d54f66c6d33b3747ee0dc0e0", "number": "9514435941", "date": "2021-01-22 14:00:00", "subject": "5", "recorded-or-robo": "Y", "city": "Banning", "state": "CA", "area-code": "951"}, {"id": "deca54a6651fb9add5b4a9816ca2c4a9", "number": "9514435941", "date": "2021-01-22 14:00:00", "subject": "5", "recorded-or-robo": "Y", "city": "Banning", "state": "CA", "area-code": "951"}, {"id": "e81c9350d54f66c6d33b3747ee0dbb08", "number": "7574097270", "date": "2021-01-22 16:08:00", "subject": "2", "recorded-or-robo": "N", "city": "NORFOLK", "state": "VA", "area-code": "757"}, {"id": "deca54a6651fb9add5b4a9816ca2c189", "number": "7574097270", "date": "2021-01-22 16:08:00", "subject": "2", "recorded-or-robo": "N", "city": "NORFOLK", "state": "VA", "area-code": "757"}, {"id": "e81c9350d54f66c6d33b3747ee0db995", "number": "4126132808", "date": "2021-01-22 17:20:00", "subject": "5", "recorded-or-robo": "Y", "city": "", "state": "PA", "area-code": "412"}, {"id": "deca54a6651fb9add5b4a9816ca2b519", "number": "4126132808", "date": "2021-01-22 17:20:00", "subject": "5", "recorded-or-robo": "Y", "city": "", "state": "PA", "area-code": "412"}, {"id": "e81c9350d54f66c6d33b3747ee0db3ed", "number": "2628122086", "date": "2020-12-09 17:49:00", "subject": "2", "recorded-or-robo": "Y", "city": "Colorado Springs", "state": "CO", "area-code": "719"}, {"id": "e81c9350d54f66c6d33b3747ee0dab4c", "number": "2188123535", "date": "2021-01-22 13:17:00", "subject": "4", "recorded-or-robo": "Y", "city": "Portland", "state": "OR", "area-code": "503"}, {"id": "deca54a6651fb9add5b4a9816ca2b424", "number": "2628122086", "date": "2020-12-09 17:49:00", "subject": "2", "recorded-or-robo": "Y", "city": "Colorado Springs", "state": "CO", "area-code": "719"}, {"id": "deca54a6651fb9add5b4a9816ca2aff8", "number": "2188123535", "date": "2021-01-22 13:17:00", "subject": "4", "recorded-or-robo": "Y", "city": "Portland", "state": "OR", "area-code": "503"}, {"id": "e81c9350d54f66c6d33b3747ee51df6f", "number": "+18622254128", "date": "2021-01-22 17:24:16", "subject": "3", "recorded-or-robo": "Y", "city": "", "state": "NJ", "area-code": "862"}, {"id": "deca54a6651fb9add5b4a9816ce63ba9", "number": "+18622254128", "date": "2021-01-22 17:24:16", "subject": "3", "recorded-or-robo": "Y", "city": "", "state": "NJ", "area-code": "862"}, {"id": "e81c9350d54f66c6d33b3747ee51df57", "number": "7242357255", "date": "2021-01-22 17:24:15", "subject": "3", "recorded-or-robo": "Y", "city": "", "state": "PA", "area-code": "724"}, {"id": "deca54a6651fb9add5b4a9816ce638ec", "number": "7242357255", "date": "2021-01-22 17:24:15", "subject": "3", "recorded-or-robo": "Y", "city": "", "state": "PA", "area-code": "724"}, {"id": "e81c9350d54f66c6d33b3747ee51ca83", "number": "7242357255", "date": "2021-01-22 17:24:14", "subject": "3", "recorded-or-robo": "Y", "city": "", "state": "PA", "area-code": "724"}, {"id": "e81c9350d54f66c6d33b3747ee0da24f", "number": "4802288421", "date": "2021-01-22 08:23:00", "subject": "4", "recorded-or-robo": "Y", "city": "Belle Fourche", "state": "SD", "area-code": "210"}, {"id": "deca54a6651fb9add5b4a9816ce61ae7", "number": "7242357255", "date": "2021-01-22 17:24:14", "subject": "3", "recorded-or-robo": "Y", "city": "", "state": "PA", "area-code": "724"}]}