{"data": [{"id": "e81c9350d54f66c6d33b3747ee01c900", "number": "2574332", "date": "2021-01-22 14:00:00", "subject": "1", "recorded-or-robo": "Y", "city": "", "state": "NC", "area-code": "252"}, {"id": "deca54a6651fb9add5b4a9816c96d471", "number": "2762096800", "date": "2021-01-22 17:01:00", "subject": "0", "recorded-or-robo": "Y", "city": "", "state": "VA", "area-code": "703"}, {"id": "deca54a6651fb9add5b4a9816c96c778", "number": "2574332", "date": "2021-01-22 14:00:00", "subject": "1", "recorded-or-robo": "Y", "city": "", "state": "NC", "area-code": "252"}, {"id": "e81c9350d54f66c6d33b3747ee01bc28", "number": "4194522511", "date": "2021-01-22 15:01:00", "subject": "8", "recorded-or-robo": "N", "city": "BILOXI", "state": "MS", "area-code": "228"}, {"id": "e81c9350d54f66c6d33b3747ee01b345", "number": "3369663487", "date": "2021-01-22 16:34:00", "subject": "4", "recorded-or-robo": "Y", "city": "", "state": "NC", "area-code": "919"}, {"id": "deca54a6651fb9add5b4a9816c96c318", "number": "4194522511", "date": "2021-01-22 15:01:00", "subject": "8", "recorded-or-robo": "N", "city": "BILOXI", "state": "MS", "area-code": "228"}, {"id": "deca54a6651fb9add5b4a9816c96b6e2", "number": "3369663487", "date": "2021-01-22 16:34:00", "subject": "4", "recorded-or-robo": "Y", "city": "", "state": "NC", "area-code": "919"}, {"id": "e81c9350d54f66c6d33b3747ee01aecf", "number": "9096589243", "date": "2021-01-22 14:03:00", "subject": "5", "recorded-or-robo": "Y", "city": "", "state": "CA", "area-code": "714"}, {"id": "deca54a6651fb9add5b4a9816c96b375", "number": "9096589243", "date": "2021-01-22 14:03:00", "subject": "5", "recorded-or-robo": "Y", "city": "", "state": "CA", "area-code": "714"}, {"id": "e81c9350d54f66c6d33b3747ee4f8dca", "number": "8314288017", "date": "2021-01-22 17:06:22", "subject": "3", "recorded-or-robo": "Y", "city": "", "state": "CA", "area-code": "831"}, {"id": "deca54a6651fb9add5b4a9816ce4155d", "number": "8314288017", "date": "2021-01-22 17:06:22", "subject": "3", "recorded-or-robo": "Y", "city": "", "state": "CA", "area-code": "831"}, {"id": "e81c9350d54f66c6d33b3747ee4f9ebe", "number": "9417321255", "date": "2021-01-22 17:06:19", "subject": "3", "recorded-or-robo": "Y", "city": "", "state": "OH", "area-code": "216"}, {"id": "deca54a6651fb9add5b4a9816ce41c7c", "number": "9417321255", "date": "2021-01-22 17:06:19", "subject": "3", "recorded-or-robo": "Y", "city": "", "state": "OH", "area-code": "216"}, {"id": "e81c9350d54f66c6d33b3747ee019f5f", "number": "9766534070", "date": "2021-01-22 12:33:00", "subject": "1", "recorded-or-robo": "N", "city": "Los Angeles", "state": "CA", "area-code": "323"}, {"id": "e81c9350d54f66c6d33b3747ee019797", "number": "3023433314", "date": "2021-01-22 14:03:00", "subject": "4", "recorded-or-robo": "Y", "city": "Hockessin", "state": "DE", "area-code": "302"}, {"id": "deca54a6651fb9add5b4a9816c96a56c", "number": "9766534070", "date": "2021-01-22 12:33:00", "subject": "1", "recorded-or-robo": "N", "city": "Los Angeles", "state": "CA", "area-code": "323"}, {"id": "deca54a6651fb9add5b4a9816c96a009", "number": "3023433314", "date": "2021-01-22 14:03:00", "subject": "4", "recorded-or-robo": "Y", "city": "Hockessin", "state": "DE", "area-code": "302"}, {"id": "e81c9350d54f66c6d33b3747ee018a9c", "number": "5078816082", "date": "2021-01-22 15:24:00", "subject": "3", "recorded-or-robo": "Y", "city": "", "state": "MN", "area-code": "507"}, {"id": "deca54a6651fb9add5b4a9816c969cff", "number": "5078816082", "date": "2021-01-22 15:24:00", "subject": "3", "recorded-or-robo": "Y", "city": "", "state": "MN", "area-code": "507"}, {"id": "e81c9350d54f66c6d33b3747ee0181c3", "number": "3152734374", "date": "2021-01-22 17:02:00", "subject": "4", "recorded-or-robo": "Y", "city": "Camillus", "state": "NY", "area-code": "315"}, {"id": "deca54a6651fb9add5b4a9816c969ad5", "number": "3152734374", "date": "2021-01-22 17:02:00", "subject": "4", "recorded-or-robo": "Y", "city": "Camillus", "state": "NY", "area-code": "315"}, {"id": "e81c9350d54f66c6d33b3747ee01748e", "number": "9496884028", "date": "2021-01-18 09:27:00", "subject": "0", "recorded-or-robo": "Y", "city": "Redlands", "state": "CA", "area-code": "951"}, {"id": "deca54a6651fb9add5b4a9816c9693e0", "number": "9496884028", "date": "2021-01-18 09:27:00", "subject": "0", "recorded-or-robo": "Y", "city": "Redlands", "state": "CA", "area-code": "951"}, {"id": "e81c9350d54f66c6d33b3747ee5c0c0b", "number": "7572766876", "date": "2021-01-22 16:18:00", "subject": "3", "recorded-or-robo": "N", "city": "", "state": "NC", "area-code": "336"}, {"id": "deca54a6651fb9add5b4a9816cf0c4da", "number": "7572766876", "date": "2021-01-22 16:18:00", "subject": "3", "recorded-or-robo": "N", "city": "", "state": "NC", "area-code": "336"}, {"id": "e81c9350d54f66c6d33b3747ee016a3d", "number": "7067440003", "date": "2021-01-21 14:28:00", "subject": "2", "recorded-or-robo": "Y", "city": "", "state": "FL", "area-code": "305"}, {"id": "deca54a6651fb9add5b4a9816c968575", "number": "7067440003", "date": "2021-01-21 14:28:00", "subject": "2", "recorded-or-robo": "Y", "city": "", "state": "FL", "area-code": "305"}, {"id": "e81c9350d54f66c6d33b3747ee4f3d26", "number": "+15757295113", "date": "2021-01-22 17:06:04", "subject": "3", "recorded-or-robo": "Y", "city": "", "state": "NY", "area-code": "607"}, {"id": "deca54a6651fb9add5b4a9816ce3c06a", "number": "+15757295113", "date": "2021-01-22 17:06:04", "subject": "3", "recorded-or-robo": "Y", "city": "", "state": "NY", "area-code": "607"}, {"id": "e81c9350d54f66c6d33b3747ee015c25", "number": "8473804055", "date": "2021-01-22 16:54:00", "subject": "4", "recorded-or-robo": "Y", "city": "", "state": "SC", "area-code": "803"}, {"id": "deca54a6651fb9add5b4a9816c96772a", "number": "8473804055", "date": "2021-01-22 16:54:00", "subject": "4", "recorded-or-robo": "Y", "city": "", "state": "SC", "area-code": "803"}, {"id": "e81c9350d54f66c6d33b3747ee014e94", "number": "3148451994", "date": "2021-01-21 09:48:00", "subject": "3", "recorded-or-robo": "Y", "city": "Saint Louis", "state": "MO", "area-code": "314"}, {"id": "e81c9350d54f66c6d33b3747ee01402f", "number": "6019099774", "date": "2021-01-14 13:30:00", "subject": "2", "recorded-or-robo": "Y", "city": "Leonardtown", "state": "MD", "area-code": "240"}, {"id": "deca54a6651fb9add5b4a9816c966a3e", "number": "3148451994", "date": "2021-01-21 09:48:00", "subject": "3", "recorded-or-robo": "Y", "city": "Saint Louis", "state": "MO", "area-code": "314"}, {"id": "deca54a6651fb9add5b4a9816c966277", "number": "6019099774", "date": "2021-01-14 13:30:00", "subject": "2", "recorded-or-robo": "Y", "city": "Leonardtown", "state": "MD", "area-code": "240"}, {"id": "e81c9350d54f66c6d33b3747ee013aa7", "number": "7069286310", "date": "2021-01-22 15:58:00", "subject": "0", "recorded-or-robo": "Y", "city": "DALLAS", "state": "TX", "area-code": "214"}, {"id": "deca54a6651fb9add5b4a9816c965e32", "number": "7069286310", "date": "2021-01-22 15:58:00", "subject": "0", "recorded-or-robo": "Y", "city": "DALLAS", "state": "TX", "area-code": "214"}, {"id": "e81c9350d54f66c6d33b3747ee4ec037", "number": "7188473784", "date": "2021-01-22 17:05:55", "subject": "3", "recorded-or-robo": "Y", "city": "", "state": "NY", "area-code": "718"}, {"id": "deca54a6651fb9add5b4a9816ce33ac4", "number": "7188473784", "date": "2021-01-22 17:05:55", "subject": "3", "recorded-or-robo": "Y", "city": "", "state": "NY", "area-code": "718"}, {"id": "e81c9350d54f66c6d33b3747ee0136c5", "number": "9102404020", "date": "2021-01-22 13:48:00", "subject": "2", "recorded-or-robo": "Y", "city": "Fayetteville", "state": "NC", "area-code": "910"}, {"id": "deca54a6651fb9add5b4a9816c964fcc", "number": "9102404020", "date": "2021-01-22 13:48:00", "subject": "2", "recorded-or-robo": "Y", "city": "Fayetteville", "state": "NC", "area-code": "910"}, {"id": "e81c9350d54f66c6d33b3747ee01343c", "number": "5136833769", "date": "2021-01-22 17:00:00", "subject": "5", "recorded-or-robo": "N", "city": "Miramar", "state": "FL", "area-code": "954"}, {"id": "e81c9350d54f66c6d33b3747ee0128cd", "number": "2563694811", "date": "2021-01-22 15:06:00", "subject": "0", "recorded-or-robo": "N", "city": "", "state": "AL", "area-code": "256"}, {"id": "deca54a6651fb9add5b4a9816c96411c", "number": "5136833769", "date": "2021-01-22 17:00:00", "subject": "5", "recorded-or-robo": "N", "city": "Miramar", "state": "FL", "area-code": "954"}, {"id": "deca54a6651fb9add5b4a9816c96367a", "number": "2563694811", "date": "2021-01-22 15:06:00", "subject": "0", "recorded-or-robo": "N", "city": "", "state": "AL", "area-code": "256"}, {"id": "e81c9350d54f66c6d33b3747ee4ed5f6", "number": "9599005734", "date": "2021-01-22 17:05:49", "subject": "3", "recorded-or-robo": "Y", "city": "", "state": "CT", "area-code": "860"}, {"id": "e81c9350d54f66c6d33b3747ee0121fd", "number": "3184268807", "date": "2021-01-22 03:01:00", "subject": "2", "recorded-or-robo": "Y", "city": "Ringgold", "state": "LA", "area-code": "318"}, {"id": "deca54a6651fb9add5b4a9816ce36400", "number": "9599005734", "date": "2021-01-22 17:05:49", "subject": "3", "recorded-or-robo": "Y", "city": "", "state": "CT", "area-code": "860"}, {"id": "deca54a6651fb9add5b4a9816c962ce9", "number": "3184268807", "date": "2021-01-22 03:01:00", "subject": "2", "recorded-or-robo": "Y", "city": "Ringgold", "state": "LA", "area-code": "318"}, {"id": "e81c9350d54f66c6d33b3747ee011a4c", "number": "2029083097", "date": "2021-01-22 16:00:00", "subject": "8", "recorded-or-robo": "Y", "city": "", "state": "MN", "area-code": "763"}]}