{"data": [{"id": "1d36742e3f24f50e4e7ae828010a8f7b", "number": "8552796790", "date": "2021-01-21 11:33:00", "subject": "0", "recorded-or-robo": "", "city": "Southampton", "state": "MA", "area-code": "413"}, {"id": "e81c9350d54f66c6d33b3747ee75b81c", "number": "6305479401", "date": "2021-01-22 00:00:00", "subject": "4", "recorded-or-robo": "Y", "city": "Buffalo Grove", "state": "IL", "area-code": "847"}, {"id": "1d36742e3f24f50e4e7ae828010a8e32", "number": "6305479401", "date": "2021-01-22 00:00:00", "subject": "4", "recorded-or-robo": "Y", "city": "Buffalo Grove", "state": "IL", "area-code": "847"}, {"id": "e81c9350d54f66c6d33b3747ee75ae08", "number": "2624234185", "date": "2021-01-22 17:28:00", "subject": "8", "recorded-or-robo": "Y", "city": "Spencer", "state": "OK", "area-code": "405"}, {"id": "1d36742e3f24f50e4e7ae828010a85f5", "number": "2624234185", "date": "2021-01-22 17:28:00", "subject": "8", "recorded-or-robo": "Y", "city": "Spencer", "state": "OK", "area-code": "405"}, {"id": "e81c9350d54f66c6d33b3747ee759f23", "number": "3144961702", "date": "2021-01-22 17:32:00", "subject": "1", "recorded-or-robo": "Y", "city": "", "state": "MO", "area-code": "314"}, {"id": "1d36742e3f24f50e4e7ae828010a84f1", "number": "3144961702", "date": "2021-01-22 17:32:00", "subject": "1", "recorded-or-robo": "Y", "city": "", "state": "MO", "area-code": "314"}, {"id": "e81c9350d54f66c6d33b3747ee7593e8", "number": "8015297076", "date": "2021-01-22 17:13:00", "subject": "0", "recorded-or-robo": "N", "city": "Kaysville", "state": "UT", "area-code": "801"}, {"id": "1d36742e3f24f50e4e7ae828010a7f2c", "number": "8015297076", "date": "2021-01-22 17:13:00", "subject": "0", "recorded-or-robo": "N", "city": "Kaysville", "state": "UT", "area-code": "801"}, {"id": "e81c9350d54f66c6d33b3747ee758d1b", "number": "7736614219", "date": "2021-01-22 13:23:00", "subject": "0", "recorded-or-robo": "N", "city": "Monee", "state": "IL", "area-code": "708"}, {"id": "1d36742e3f24f50e4e7ae828010a7008", "number": "7736614219", "date": "2021-01-22 13:23:00", "subject": "0", "recorded-or-robo": "N", "city": "Monee", "state": "IL", "area-code": "708"}, {"id": "e81c9350d54f66c6d33b3747ee757de4", "number": "8663582265", "date": "2021-01-17 15:25:00", "subject": "2", "recorded-or-robo": "Y", "city": "Medford", "state": "OR", "area-code": "541"}, {"id": "1d36742e3f24f50e4e7ae828010a6718", "number": "8663582265", "date": "2021-01-17 15:25:00", "subject": "2", "recorded-or-robo": "Y", "city": "Medford", "state": "OR", "area-code": "541"}, {"id": "e81c9350d54f66c6d33b3747eea722e3", "number": "8604835308", "date": "2021-01-22 19:46:10", "subject": "3", "recorded-or-robo": "Y", "city": "", "state": "CT", "area-code": "860"}, {"id": "e81c9350d54f66c6d33b3747ee757564", "number": "8135225727", "date": "2021-01-22 15:18:00", "subject": "3", "recorded-or-robo": "N", "city": "APOLLO BEACH", "state": "FL", "area-code": "813"}, {"id": "1d36742e3f24f50e4e7ae828013c06bb", "number": "8604835308", "date": "2021-01-22 19:46:10", "subject": "3", "recorded-or-robo": "Y", "city": "", "state": "CT", "area-code": "860"}, {"id": "1d36742e3f24f50e4e7ae828010a64d0", "number": "8135225727", "date": "2021-01-22 15:18:00", "subject": "3", "recorded-or-robo": "N", "city": "APOLLO BEACH", "state": "FL", "area-code": "813"}, {"id": "e81c9350d54f66c6d33b3747eea6b6e1", "number": "8604835308", "date": "2021-01-22 19:46:09", "subject": "3", "recorded-or-robo": "Y", "city": "", "state": "CT", "area-code": "860"}, {"id": "1d36742e3f24f50e4e7ae828013b997e", "number": "8604835308", "date": "2021-01-22 19:46:09", "subject": "3", "recorded-or-robo": "Y", "city": "", "state": "CT", "area-code": "860"}, {"id": "e81c9350d54f66c6d33b3747eea6e69b", "number": "+12816032290", "date": "2021-01-22 19:45:59", "subject": "3", "recorded-or-robo": "Y", "city": "", "state": "TX", "area-code": "214"}, {"id": "1d36742e3f24f50e4e7ae828013bcd31", "number": "+12816032290", "date": "2021-01-22 19:45:59", "subject": "3", "recorded-or-robo": "Y", "city": "", "state": "TX", "area-code": "214"}, {"id": "e81c9350d54f66c6d33b3747ee756c91", "number": "5619359054", "date": "2021-01-22 18:40:00", "subject": "0", "recorded-or-robo": "Y", "city": "", "state": "FL", "area-code": "561"}, {"id": "1d36742e3f24f50e4e7ae828010a63b5", "number": "5619359054", "date": "2021-01-22 18:40:00", "subject": "0", "recorded-or-robo": "Y", "city": "", "state": "FL", "area-code": "561"}, {"id": "e81c9350d54f66c6d33b3747eea6abbd", "number": "7044781421", "date": "2021-01-22 19:45:55", "subject": "3", "recorded-or-robo": "Y", "city": "", "state": "TX", "area-code": "972"}, {"id": "1d36742e3f24f50e4e7ae828013b8f23", "number": "7044781421", "date": "2021-01-22 19:45:55", "subject": "3", "recorded-or-robo": "Y", "city": "", "state": "TX", "area-code": "972"}, {"id": "e81c9350d54f66c6d33b3747ee755ed7", "number": "4136875196", "date": "2021-01-21 11:22:00", "subject": "0", "recorded-or-robo": "", "city": "Southampton", "state": "MA", "area-code": "413"}, {"id": "1d36742e3f24f50e4e7ae828010a61f3", "number": "4136875196", "date": "2021-01-21 11:22:00", "subject": "0", "recorded-or-robo": "", "city": "Southampton", "state": "MA", "area-code": "413"}, {"id": "e81c9350d54f66c6d33b3747ee755cea", "number": "2293373089", "date": "2021-01-22 19:41:00", "subject": "11", "recorded-or-robo": "Y", "city": "Ellaville", "state": "GA", "area-code": "229"}, {"id": "1d36742e3f24f50e4e7ae828010a61e4", "number": "2293373089", "date": "2021-01-22 19:41:00", "subject": "11", "recorded-or-robo": "Y", "city": "Ellaville", "state": "GA", "area-code": "229"}, {"id": "e81c9350d54f66c6d33b3747ee7554bd", "number": "4702027378", "date": "2021-01-22 17:03:00", "subject": "0", "recorded-or-robo": "N", "city": "Kaysville", "state": "UT", "area-code": "801"}, {"id": "e81c9350d54f66c6d33b3747ee75517b", "number": "5076822067", "date": "2021-01-22 18:39:00", "subject": "13", "recorded-or-robo": "Y", "city": "South Range", "state": "WI", "area-code": "218"}, {"id": "1d36742e3f24f50e4e7ae828010a61e3", "number": "4702027378", "date": "2021-01-22 17:03:00", "subject": "0", "recorded-or-robo": "N", "city": "Kaysville", "state": "UT", "area-code": "801"}, {"id": "1d36742e3f24f50e4e7ae828010a577a", "number": "5076822067", "date": "2021-01-22 18:39:00", "subject": "13", "recorded-or-robo": "Y", "city": "South Range", "state": "WI", "area-code": "218"}, {"id": "e81c9350d54f66c6d33b3747ee7541fb", "number": "3179537039", "date": "2021-01-20 09:27:00", "subject": "3", "recorded-or-robo": "Y", "city": "Indianapolis", "state": "IN", "area-code": "317"}, {"id": "e81c9350d54f66c6d33b3747ee752684", "number": "", "date": "2021-01-22 17:19:00", "subject": "3", "recorded-or-robo": "N", "city": "", "state": "TX", "area-code": "214"}, {"id": "1d36742e3f24f50e4e7ae828010a4ae7", "number": "3179537039", "date": "2021-01-20 09:27:00", "subject": "3", "recorded-or-robo": "Y", "city": "Indianapolis", "state": "IN", "area-code": "317"}, {"id": "1d36742e3f24f50e4e7ae828010a359e", "number": "", "date": "2021-01-22 17:19:00", "subject": "3", "recorded-or-robo": "N", "city": "", "state": "TX", "area-code": "214"}, {"id": "e81c9350d54f66c6d33b3747eea6e592", "number": "8609877071", "date": "2021-01-22 19:45:31", "subject": "3", "recorded-or-robo": "Y", "city": "", "state": "CT", "area-code": "860"}, {"id": "1d36742e3f24f50e4e7ae828013bc081", "number": "8609877071", "date": "2021-01-22 19:45:31", "subject": "3", "recorded-or-robo": "Y", "city": "", "state": "CT", "area-code": "860"}, {"id": "e81c9350d54f66c6d33b3747ee7540f5", "number": "9564832378", "date": "2021-01-22 18:42:00", "subject": "9", "recorded-or-robo": "Y", "city": "Houston", "state": "TX", "area-code": "713"}, {"id": "1d36742e3f24f50e4e7ae828010a451e", "number": "9564832378", "date": "2021-01-22 18:42:00", "subject": "9", "recorded-or-robo": "Y", "city": "Houston", "state": "TX", "area-code": "713"}, {"id": "e81c9350d54f66c6d33b3747ee753641", "number": "8663585973", "date": "2021-01-17 15:39:00", "subject": "2", "recorded-or-robo": "Y", "city": "Medford", "state": "OR", "area-code": "541"}, {"id": "1d36742e3f24f50e4e7ae828010a3a58", "number": "8663585973", "date": "2021-01-17 15:39:00", "subject": "2", "recorded-or-robo": "Y", "city": "Medford", "state": "OR", "area-code": "541"}, {"id": "e81c9350d54f66c6d33b3747eea6a66a", "number": "6502399486", "date": "2021-01-22 19:45:14", "subject": "3", "recorded-or-robo": "Y", "city": "", "state": "TX", "area-code": "972"}, {"id": "1d36742e3f24f50e4e7ae828013b88cb", "number": "6502399486", "date": "2021-01-22 19:45:14", "subject": "3", "recorded-or-robo": "Y", "city": "", "state": "TX", "area-code": "972"}, {"id": "e81c9350d54f66c6d33b3747eea72f59", "number": "8605304787", "date": "2021-01-22 19:45:09", "subject": "3", "recorded-or-robo": "Y", "city": "", "state": "CT", "area-code": "860"}, {"id": "1d36742e3f24f50e4e7ae828013c0747", "number": "8605304787", "date": "2021-01-22 19:45:09", "subject": "3", "recorded-or-robo": "Y", "city": "", "state": "CT", "area-code": "860"}, {"id": "e81c9350d54f66c6d33b3747eea735f1", "number": "8605304787", "date": "2021-01-22 19:45:08", "subject": "3", "recorded-or-robo": "Y", "city": "", "state": "CT", "area-code": "860"}, {"id": "1d36742e3f24f50e4e7ae828013c1007", "number": "8605304787", "date": "2021-01-22 19:45:08", "subject": "3", "recorded-or-robo": "Y", "city": "", "state": "CT", "area-code": "860"}, {"id": "e81c9350d54f66c6d33b3747ee75262d", "number": "8018453439", "date": "2021-01-22 15:27:00", "subject": "0", "recorded-or-robo": "N", "city": "Kaysville", "state": "UT", "area-code": "801"}]}