{"data": [{"id": "1d36742e3f24f50e4e7ae82801048f68", "number": "8146843912", "date": "2021-01-22 12:54:00", "subject": "2", "recorded-or-robo": "", "city": "Erie", "state": "PA", "area-code": "814"}, {"id": "e81c9350d54f66c6d33b3747ee6f5b27", "number": "", "date": "2021-01-22 19:04:00", "subject": "1", "recorded-or-robo": "N", "city": " Bellmore", "state": "NY", "area-code": "917"}, {"id": "1d36742e3f24f50e4e7ae828010482d3", "number": "", "date": "2021-01-22 19:04:00", "subject": "1", "recorded-or-robo": "N", "city": " Bellmore", "state": "NY", "area-code": "917"}, {"id": "e81c9350d54f66c6d33b3747ee6f571a", "number": "8144315311", "date": "2021-01-21 17:56:00", "subject": "2", "recorded-or-robo": "Y", "city": "", "state": "PA", "area-code": "814"}, {"id": "1d36742e3f24f50e4e7ae828010476a5", "number": "8144315311", "date": "2021-01-21 17:56:00", "subject": "2", "recorded-or-robo": "Y", "city": "", "state": "PA", "area-code": "814"}, {"id": "e81c9350d54f66c6d33b3747ee6f4c02", "number": "3159512826", "date": "2021-01-12 05:58:00", "subject": "0", "recorded-or-robo": "", "city": "Camillus", "state": "NY", "area-code": "315"}, {"id": "1d36742e3f24f50e4e7ae8280104675e", "number": "3159512826", "date": "2021-01-12 05:58:00", "subject": "0", "recorded-or-robo": "", "city": "Camillus", "state": "NY", "area-code": "315"}, {"id": "e81c9350d54f66c6d33b3747eea505ff", "number": "4702201414", "date": "2021-01-22 19:29:55", "subject": "3", "recorded-or-robo": "Y", "city": "", "state": "CA", "area-code": "209"}, {"id": "1d36742e3f24f50e4e7ae8280139c3f9", "number": "4702201414", "date": "2021-01-22 19:29:55", "subject": "3", "recorded-or-robo": "Y", "city": "", "state": "CA", "area-code": "209"}, {"id": "e81c9350d54f66c6d33b3747ee6f3dfb", "number": "5167662519", "date": "2021-01-22 15:20:00", "subject": "3", "recorded-or-robo": "Y", "city": "", "state": "NY", "area-code": "516"}, {"id": "1d36742e3f24f50e4e7ae82801045bc1", "number": "5167662519", "date": "2021-01-22 15:20:00", "subject": "3", "recorded-or-robo": "Y", "city": "", "state": "NY", "area-code": "516"}, {"id": "e81c9350d54f66c6d33b3747eea42ec1", "number": "4702201414", "date": "2021-01-22 19:29:53", "subject": "3", "recorded-or-robo": "Y", "city": "", "state": "CA", "area-code": "209"}, {"id": "e81c9350d54f66c6d33b3747ee6f3c61", "number": "7604417097", "date": "2021-01-22 14:41:00", "subject": "2", "recorded-or-robo": "Y", "city": "", "state": "NJ", "area-code": "201"}, {"id": "1d36742e3f24f50e4e7ae8280139334b", "number": "4702201414", "date": "2021-01-22 19:29:53", "subject": "3", "recorded-or-robo": "Y", "city": "", "state": "CA", "area-code": "209"}, {"id": "1d36742e3f24f50e4e7ae82801045402", "number": "7604417097", "date": "2021-01-22 14:41:00", "subject": "2", "recorded-or-robo": "Y", "city": "", "state": "NJ", "area-code": "201"}, {"id": "e81c9350d54f66c6d33b3747eea5084e", "number": "4702201414", "date": "2021-01-22 19:29:52", "subject": "3", "recorded-or-robo": "Y", "city": "", "state": "CA", "area-code": "209"}, {"id": "1d36742e3f24f50e4e7ae8280139d637", "number": "4702201414", "date": "2021-01-22 19:29:52", "subject": "3", "recorded-or-robo": "Y", "city": "", "state": "CA", "area-code": "209"}, {"id": "e81c9350d54f66c6d33b3747eea42bec", "number": "+16264694318", "date": "2021-01-22 19:29:49", "subject": "3", "recorded-or-robo": "Y", "city": "", "state": "CA", "area-code": "626"}, {"id": "1d36742e3f24f50e4e7ae82801392b90", "number": "+16264694318", "date": "2021-01-22 19:29:49", "subject": "3", "recorded-or-robo": "Y", "city": "", "state": "CA", "area-code": "626"}, {"id": "e81c9350d54f66c6d33b3747ee6f3b42", "number": "5138132154", "date": "2021-01-22 11:21:00", "subject": "3", "recorded-or-robo": "N", "city": "", "state": "OH", "area-code": "513"}, {"id": "1d36742e3f24f50e4e7ae8280104479c", "number": "5138132154", "date": "2021-01-22 11:21:00", "subject": "3", "recorded-or-robo": "N", "city": "", "state": "OH", "area-code": "513"}, {"id": "e81c9350d54f66c6d33b3747ee6f35f8", "number": "7044865022", "date": "2021-01-20 10:58:00", "subject": "6", "recorded-or-robo": "Y", "city": "", "state": "NC", "area-code": "704"}, {"id": "1d36742e3f24f50e4e7ae828010442eb", "number": "7044865022", "date": "2021-01-20 10:58:00", "subject": "6", "recorded-or-robo": "Y", "city": "", "state": "NC", "area-code": "704"}, {"id": "e81c9350d54f66c6d33b3747ee6f2f6a", "number": "4025937107", "date": "2021-01-22 14:47:00", "subject": "3", "recorded-or-robo": "Y", "city": "Philadelphia", "state": "NY", "area-code": "315"}, {"id": "1d36742e3f24f50e4e7ae82801043c1f", "number": "4025937107", "date": "2021-01-22 14:47:00", "subject": "3", "recorded-or-robo": "Y", "city": "Philadelphia", "state": "NY", "area-code": "315"}, {"id": "e81c9350d54f66c6d33b3747ee6f291f", "number": "7572055287", "date": "2021-01-22 15:06:00", "subject": "2", "recorded-or-robo": "Y", "city": "", "state": "CA", "area-code": "805"}, {"id": "1d36742e3f24f50e4e7ae82801042cfa", "number": "7572055287", "date": "2021-01-22 15:06:00", "subject": "2", "recorded-or-robo": "Y", "city": "", "state": "CA", "area-code": "805"}, {"id": "e81c9350d54f66c6d33b3747ee6f1a1b", "number": "", "date": "2021-01-22 02:05:00", "subject": "3", "recorded-or-robo": "Y", "city": "", "state": "MO", "area-code": "314"}, {"id": "1d36742e3f24f50e4e7ae8280104295b", "number": "", "date": "2021-01-22 02:05:00", "subject": "3", "recorded-or-robo": "Y", "city": "", "state": "MO", "area-code": "314"}, {"id": "e81c9350d54f66c6d33b3747ee6f1509", "number": "9014728924", "date": "2021-01-22 13:23:00", "subject": "2", "recorded-or-robo": "Y", "city": "Austin", "state": "MN", "area-code": "507"}, {"id": "1d36742e3f24f50e4e7ae82801041d1e", "number": "9014728924", "date": "2021-01-22 13:23:00", "subject": "2", "recorded-or-robo": "Y", "city": "Austin", "state": "MN", "area-code": "507"}, {"id": "e81c9350d54f66c6d33b3747eea41112", "number": "8332211584", "date": "2021-01-22 19:29:16", "subject": "3", "recorded-or-robo": "Y", "city": "", "state": "MD", "area-code": "240"}, {"id": "1d36742e3f24f50e4e7ae82801391f64", "number": "8332211584", "date": "2021-01-22 19:29:16", "subject": "3", "recorded-or-robo": "Y", "city": "", "state": "MD", "area-code": "240"}, {"id": "e81c9350d54f66c6d33b3747eea417bf", "number": "8333620388", "date": "2021-01-22 19:29:15", "subject": "3", "recorded-or-robo": "N", "city": "", "state": "MN", "area-code": "651"}, {"id": "1d36742e3f24f50e4e7ae82801392023", "number": "8333620388", "date": "2021-01-22 19:29:15", "subject": "3", "recorded-or-robo": "N", "city": "", "state": "MN", "area-code": "651"}, {"id": "e81c9350d54f66c6d33b3747ee6f0a66", "number": "", "date": "2021-01-21 10:26:00", "subject": "1", "recorded-or-robo": "N", "city": "Clearwater", "state": "FL", "area-code": "727"}, {"id": "1d36742e3f24f50e4e7ae8280104198f", "number": "", "date": "2021-01-21 10:26:00", "subject": "1", "recorded-or-robo": "N", "city": "Clearwater", "state": "FL", "area-code": "727"}, {"id": "e81c9350d54f66c6d33b3747ee6efedc", "number": "7703686242", "date": "2021-01-22 15:33:00", "subject": "2", "recorded-or-robo": "Y", "city": "", "state": "NJ", "area-code": "201"}, {"id": "1d36742e3f24f50e4e7ae82801040dc8", "number": "7703686242", "date": "2021-01-22 15:33:00", "subject": "2", "recorded-or-robo": "Y", "city": "", "state": "NJ", "area-code": "201"}, {"id": "e81c9350d54f66c6d33b3747ee6ef871", "number": "4796951191", "date": "2021-01-04 15:44:00", "subject": "3", "recorded-or-robo": "Y", "city": "", "state": "AR", "area-code": "479"}, {"id": "e81c9350d54f66c6d33b3747ee6ef1be", "number": "5715200244", "date": "2020-10-16 13:52:00", "subject": "0", "recorded-or-robo": "Y", "city": "Manassas", "state": "VA", "area-code": "703"}, {"id": "1d36742e3f24f50e4e7ae828010400ac", "number": "4796951191", "date": "2021-01-04 15:44:00", "subject": "3", "recorded-or-robo": "Y", "city": "", "state": "AR", "area-code": "479"}, {"id": "1d36742e3f24f50e4e7ae8280103f76d", "number": "5715200244", "date": "2020-10-16 13:52:00", "subject": "0", "recorded-or-robo": "Y", "city": "Manassas", "state": "VA", "area-code": "703"}, {"id": "e81c9350d54f66c6d33b3747ee6eef14", "number": "5167662519", "date": "2021-01-22 12:14:00", "subject": "3", "recorded-or-robo": "Y", "city": "", "state": "NY", "area-code": "516"}, {"id": "1d36742e3f24f50e4e7ae8280103ed02", "number": "5167662519", "date": "2021-01-22 12:14:00", "subject": "3", "recorded-or-robo": "Y", "city": "", "state": "NY", "area-code": "516"}, {"id": "e81c9350d54f66c6d33b3747eea49dd5", "number": "+12563888461", "date": "2021-01-22 19:29:01", "subject": "3", "recorded-or-robo": "Y", "city": "", "state": "AL", "area-code": "256"}, {"id": "1d36742e3f24f50e4e7ae82801397eda", "number": "+12563888461", "date": "2021-01-22 19:29:01", "subject": "3", "recorded-or-robo": "Y", "city": "", "state": "AL", "area-code": "256"}, {"id": "e81c9350d54f66c6d33b3747ee6ee2d8", "number": "8885383518", "date": "2021-01-22 15:10:00", "subject": "2", "recorded-or-robo": "N", "city": "Santa barbara", "state": "CA", "area-code": "805"}, {"id": "1d36742e3f24f50e4e7ae8280103dfc3", "number": "8885383518", "date": "2021-01-22 15:10:00", "subject": "2", "recorded-or-robo": "N", "city": "Santa barbara", "state": "CA", "area-code": "805"}, {"id": "e81c9350d54f66c6d33b3747ee6ed71f", "number": "8059022277", "date": "2021-01-22 15:39:00", "subject": "3", "recorded-or-robo": "Y", "city": "Philadelphia", "state": "NY", "area-code": "315"}]}