{"data": [{"id": "e81c9350d54f66c6d33b3747ee709b37", "number": "8016365147", "date": "2021-01-22 17:28:00", "subject": "9", "recorded-or-robo": "Y", "city": "Grantsville", "state": "UT", "area-code": "801"}, {"id": "1d36742e3f24f50e4e7ae828013a39a1", "number": "+12674853999", "date": "2021-01-22 19:32:55", "subject": "3", "recorded-or-robo": "Y", "city": "", "state": "FL", "area-code": "954"}, {"id": "1d36742e3f24f50e4e7ae8280105da37", "number": "8016365147", "date": "2021-01-22 17:28:00", "subject": "9", "recorded-or-robo": "Y", "city": "Grantsville", "state": "UT", "area-code": "801"}, {"id": "e81c9350d54f66c6d33b3747ee7094b7", "number": "9164204823", "date": "2021-01-22 09:37:00", "subject": "1", "recorded-or-robo": "Y", "city": "san francisco", "state": "CA", "area-code": "415"}, {"id": "1d36742e3f24f50e4e7ae8280105d895", "number": "9164204823", "date": "2021-01-22 09:37:00", "subject": "1", "recorded-or-robo": "Y", "city": "san francisco", "state": "CA", "area-code": "415"}, {"id": "e81c9350d54f66c6d33b3747ee70923e", "number": "8143488079", "date": "2021-01-21 16:17:00", "subject": "2", "recorded-or-robo": "Y", "city": "", "state": "PA", "area-code": "814"}, {"id": "1d36742e3f24f50e4e7ae8280105d445", "number": "8143488079", "date": "2021-01-21 16:17:00", "subject": "2", "recorded-or-robo": "Y", "city": "", "state": "PA", "area-code": "814"}, {"id": "e81c9350d54f66c6d33b3747ee708f92", "number": "4253389616", "date": "2020-10-13 14:25:00", "subject": "0", "recorded-or-robo": "Y", "city": "Manassas", "state": "VA", "area-code": "703"}, {"id": "e81c9350d54f66c6d33b3747ee708271", "number": "5139407778", "date": "2021-01-22 10:56:00", "subject": "3", "recorded-or-robo": "N", "city": "", "state": "OH", "area-code": "513"}, {"id": "1d36742e3f24f50e4e7ae8280105cd43", "number": "4253389616", "date": "2020-10-13 14:25:00", "subject": "0", "recorded-or-robo": "Y", "city": "Manassas", "state": "VA", "area-code": "703"}, {"id": "1d36742e3f24f50e4e7ae8280105cb98", "number": "5139407778", "date": "2021-01-22 10:56:00", "subject": "3", "recorded-or-robo": "N", "city": "", "state": "OH", "area-code": "513"}, {"id": "e81c9350d54f66c6d33b3747ee7078ad", "number": "7196308230", "date": "2021-01-19 16:12:00", "subject": "2", "recorded-or-robo": "Y", "city": "Lafayette", "state": "CO", "area-code": "720"}, {"id": "1d36742e3f24f50e4e7ae8280105c03e", "number": "7196308230", "date": "2021-01-19 16:12:00", "subject": "2", "recorded-or-robo": "Y", "city": "Lafayette", "state": "CO", "area-code": "720"}, {"id": "e81c9350d54f66c6d33b3747ee706aa2", "number": "5167662519", "date": "2021-01-22 16:27:00", "subject": "3", "recorded-or-robo": "Y", "city": "", "state": "NY", "area-code": "516"}, {"id": "1d36742e3f24f50e4e7ae8280105bd06", "number": "5167662519", "date": "2021-01-22 16:27:00", "subject": "3", "recorded-or-robo": "Y", "city": "", "state": "NY", "area-code": "516"}, {"id": "e81c9350d54f66c6d33b3747eea591cb", "number": "+12107283350", "date": "2021-01-22 19:32:39", "subject": "3", "recorded-or-robo": "N", "city": "", "state": "AZ", "area-code": "602"}, {"id": "1d36742e3f24f50e4e7ae828013a78e8", "number": "+12107283350", "date": "2021-01-22 19:32:39", "subject": "3", "recorded-or-robo": "N", "city": "", "state": "AZ", "area-code": "602"}, {"id": "e81c9350d54f66c6d33b3747ee706784", "number": "", "date": "2021-01-22 10:18:00", "subject": "4", "recorded-or-robo": "N", "city": "Aledo", "state": "TX", "area-code": "817"}, {"id": "1d36742e3f24f50e4e7ae8280105ae7c", "number": "", "date": "2021-01-22 10:18:00", "subject": "4", "recorded-or-robo": "N", "city": "Aledo", "state": "TX", "area-code": "817"}, {"id": "e81c9350d54f66c6d33b3747ee705da9", "number": "8885240691", "date": "2021-01-21 08:11:00", "subject": "2", "recorded-or-robo": "N", "city": "", "state": "NJ", "area-code": "201"}, {"id": "1d36742e3f24f50e4e7ae8280105a6d8", "number": "8885240691", "date": "2021-01-21 08:11:00", "subject": "2", "recorded-or-robo": "N", "city": "", "state": "NJ", "area-code": "201"}, {"id": "e81c9350d54f66c6d33b3747ee7058b0", "number": "2565705114", "date": "2021-01-14 13:34:00", "subject": "4", "recorded-or-robo": "Y", "city": "", "state": "AL", "area-code": "205"}, {"id": "1d36742e3f24f50e4e7ae82801059bd1", "number": "2565705114", "date": "2021-01-14 13:34:00", "subject": "4", "recorded-or-robo": "Y", "city": "", "state": "AL", "area-code": "205"}, {"id": "e81c9350d54f66c6d33b3747ee7057f4", "number": "6076930226", "date": "2021-01-22 19:24:00", "subject": "1", "recorded-or-robo": "Y", "city": "Silver Spring", "state": "MD", "area-code": "240"}, {"id": "1d36742e3f24f50e4e7ae82801058f5f", "number": "6076930226", "date": "2021-01-22 19:24:00", "subject": "1", "recorded-or-robo": "Y", "city": "Silver Spring", "state": "MD", "area-code": "240"}, {"id": "e81c9350d54f66c6d33b3747eea54fa7", "number": "6312647647", "date": "2021-01-22 19:32:23", "subject": "3", "recorded-or-robo": "Y", "city": "", "state": "NY", "area-code": "347"}, {"id": "1d36742e3f24f50e4e7ae828013a2afe", "number": "6312647647", "date": "2021-01-22 19:32:23", "subject": "3", "recorded-or-robo": "Y", "city": "", "state": "NY", "area-code": "347"}, {"id": "e81c9350d54f66c6d33b3747ee70490f", "number": "6094453136", "date": "2021-01-22 17:16:00", "subject": "2", "recorded-or-robo": "Y", "city": "Egg harbor township", "state": "NJ", "area-code": "609"}, {"id": "1d36742e3f24f50e4e7ae82801057471", "number": "6094453136", "date": "2021-01-22 17:16:00", "subject": "2", "recorded-or-robo": "Y", "city": "Egg harbor township", "state": "NJ", "area-code": "609"}, {"id": "e81c9350d54f66c6d33b3747ee7045a2", "number": "5105136625", "date": "2021-01-22 09:55:00", "subject": "1", "recorded-or-robo": "Y", "city": "san francisco", "state": "CA", "area-code": "415"}, {"id": "1d36742e3f24f50e4e7ae82801056ae8", "number": "5105136625", "date": "2021-01-22 09:55:00", "subject": "1", "recorded-or-robo": "Y", "city": "san francisco", "state": "CA", "area-code": "415"}, {"id": "e81c9350d54f66c6d33b3747ee704493", "number": "5167662519", "date": "2021-01-22 16:27:00", "subject": "3", "recorded-or-robo": "Y", "city": "", "state": "NY", "area-code": "516"}, {"id": "1d36742e3f24f50e4e7ae82801055b7e", "number": "5167662519", "date": "2021-01-22 16:27:00", "subject": "3", "recorded-or-robo": "Y", "city": "", "state": "NY", "area-code": "516"}, {"id": "e81c9350d54f66c6d33b3747ee703ff5", "number": "9192160092", "date": "2021-01-22 18:01:00", "subject": "0", "recorded-or-robo": "Y", "city": "Raleigh", "state": "NC", "area-code": "919"}, {"id": "1d36742e3f24f50e4e7ae82801055ac8", "number": "9192160092", "date": "2021-01-22 18:01:00", "subject": "0", "recorded-or-robo": "Y", "city": "Raleigh", "state": "NC", "area-code": "919"}, {"id": "e81c9350d54f66c6d33b3747ee703071", "number": "8885383518", "date": "2021-01-22 15:14:00", "subject": "2", "recorded-or-robo": "N", "city": "Santa barbara", "state": "CA", "area-code": "805"}, {"id": "1d36742e3f24f50e4e7ae828010559a8", "number": "8885383518", "date": "2021-01-22 15:14:00", "subject": "2", "recorded-or-robo": "N", "city": "Santa barbara", "state": "CA", "area-code": "805"}, {"id": "e81c9350d54f66c6d33b3747ee70226a", "number": "2622926462", "date": "2021-01-22 13:13:00", "subject": "2", "recorded-or-robo": "Y", "city": "", "state": "WI", "area-code": "262"}, {"id": "e81c9350d54f66c6d33b3747ee7020da", "number": "8183380091", "date": "2021-01-22 12:00:00", "subject": "2", "recorded-or-robo": "Y", "city": "Dermott", "state": "AR", "area-code": "870"}, {"id": "1d36742e3f24f50e4e7ae8280105527f", "number": "2622926462", "date": "2021-01-22 13:13:00", "subject": "2", "recorded-or-robo": "Y", "city": "", "state": "WI", "area-code": "262"}, {"id": "1d36742e3f24f50e4e7ae82801054568", "number": "8183380091", "date": "2021-01-22 12:00:00", "subject": "2", "recorded-or-robo": "Y", "city": "Dermott", "state": "AR", "area-code": "870"}, {"id": "e81c9350d54f66c6d33b3747eea564c1", "number": "4582038662", "date": "2021-01-22 19:31:53", "subject": "3", "recorded-or-robo": "Y", "city": "", "state": "OR", "area-code": "541"}, {"id": "1d36742e3f24f50e4e7ae828013a3b2a", "number": "4582038662", "date": "2021-01-22 19:31:53", "subject": "3", "recorded-or-robo": "Y", "city": "", "state": "OR", "area-code": "541"}, {"id": "e81c9350d54f66c6d33b3747eea544a3", "number": "4582038662", "date": "2021-01-22 19:31:52", "subject": "3", "recorded-or-robo": "Y", "city": "", "state": "OR", "area-code": "541"}, {"id": "1d36742e3f24f50e4e7ae828013a219b", "number": "4582038662", "date": "2021-01-22 19:31:52", "subject": "3", "recorded-or-robo": "Y", "city": "", "state": "OR", "area-code": "541"}, {"id": "e81c9350d54f66c6d33b3747eea58e17", "number": "5168656722", "date": "2021-01-22 19:31:46", "subject": "3", "recorded-or-robo": "Y", "city": "", "state": "NY", "area-code": "516"}, {"id": "1d36742e3f24f50e4e7ae828013a7679", "number": "5168656722", "date": "2021-01-22 19:31:46", "subject": "3", "recorded-or-robo": "Y", "city": "", "state": "NY", "area-code": "516"}, {"id": "e81c9350d54f66c6d33b3747ee7015d5", "number": "5167662519", "date": "2021-01-22 16:27:00", "subject": "3", "recorded-or-robo": "Y", "city": "", "state": "NY", "area-code": "516"}, {"id": "1d36742e3f24f50e4e7ae8280105395e", "number": "5167662519", "date": "2021-01-22 16:27:00", "subject": "3", "recorded-or-robo": "Y", "city": "", "state": "NY", "area-code": "516"}, {"id": "e81c9350d54f66c6d33b3747ee700b7d", "number": "9084406544", "date": "2020-10-15 14:46:00", "subject": "0", "recorded-or-robo": "Y", "city": "Manassas", "state": "VA", "area-code": "703"}]}