{"data": [{"id": "deca54a6651fb9add5b4a9816cfe0937", "number": "4079013802", "date": "2021-01-22 13:23:00", "subject": "2", "recorded-or-robo": "Y", "city": "", "state": "TN", "area-code": "615"}, {"id": "e81c9350d54f66c6d33b3747eec6ba8e", "number": "6319943543", "date": "2021-01-22 00:00:00", "subject": "3", "recorded-or-robo": "N", "city": "", "state": "NY", "area-code": "631"}, {"id": "1d36742e3f24f50e4e7ae828015c0107", "number": "6319943543", "date": "2021-01-22 00:00:00", "subject": "3", "recorded-or-robo": "N", "city": "", "state": "NY", "area-code": "631"}, {"id": "e81c9350d54f66c6d33b3747ee68e37a", "number": "8664842614", "date": "2021-01-22 16:30:00", "subject": "5", "recorded-or-robo": "Y", "city": "BLOOMINGTON", "state": "MN", "area-code": "952"}, {"id": "deca54a6651fb9add5b4a9816cfdfcfd", "number": "8664842614", "date": "2021-01-22 16:30:00", "subject": "5", "recorded-or-robo": "Y", "city": "BLOOMINGTON", "state": "MN", "area-code": "952"}, {"id": "e81c9350d54f66c6d33b3747eea2f4ea", "number": "7813845157", "date": "2021-01-22 19:16:10", "subject": "3", "recorded-or-robo": "N", "city": "", "state": "IA", "area-code": "319"}, {"id": "1d36742e3f24f50e4e7ae8280137cac5", "number": "7813845157", "date": "2021-01-22 19:16:10", "subject": "3", "recorded-or-robo": "N", "city": "", "state": "IA", "area-code": "319"}, {"id": "e81c9350d54f66c6d33b3747eea274f0", "number": "7146254931", "date": "2021-01-22 19:16:08", "subject": "3", "recorded-or-robo": "Y", "city": "", "state": "CA", "area-code": "714"}, {"id": "e81c9350d54f66c6d33b3747ee68dfa7", "number": "8602738630", "date": "2021-01-22 15:58:00", "subject": "4", "recorded-or-robo": "Y", "city": "Seymour", "state": "CT", "area-code": "203"}, {"id": "e81c9350d54f66c6d33b3747ee68dba9", "number": "8304680154", "date": "2021-01-22 18:01:00", "subject": "2", "recorded-or-robo": "N", "city": "ALLEN", "state": "TX", "area-code": "972"}, {"id": "deca54a6651fb9add5b4a9816cfdf427", "number": "8602738630", "date": "2021-01-22 15:58:00", "subject": "4", "recorded-or-robo": "Y", "city": "Seymour", "state": "CT", "area-code": "203"}, {"id": "deca54a6651fb9add5b4a9816cfdf3cc", "number": "8304680154", "date": "2021-01-22 18:01:00", "subject": "2", "recorded-or-robo": "N", "city": "ALLEN", "state": "TX", "area-code": "972"}, {"id": "1d36742e3f24f50e4e7ae82801377517", "number": "7146254931", "date": "2021-01-22 19:16:08", "subject": "3", "recorded-or-robo": "Y", "city": "", "state": "CA", "area-code": "714"}, {"id": "e81c9350d54f66c6d33b3747ee68d123", "number": "3254221039", "date": "2021-01-22 15:43:00", "subject": "3", "recorded-or-robo": "", "city": "", "state": "TX", "area-code": "512"}, {"id": "e81c9350d54f66c6d33b3747ee68c77c", "number": "8285518262", "date": "2021-01-22 15:47:00", "subject": "0", "recorded-or-robo": "N", "city": "Chula Vista", "state": "CA", "area-code": "619"}, {"id": "deca54a6651fb9add5b4a9816cfdf3bb", "number": "3254221039", "date": "2021-01-22 15:43:00", "subject": "3", "recorded-or-robo": "", "city": "", "state": "TX", "area-code": "512"}, {"id": "deca54a6651fb9add5b4a9816cfdf388", "number": "8285518262", "date": "2021-01-22 15:47:00", "subject": "0", "recorded-or-robo": "N", "city": "Chula Vista", "state": "CA", "area-code": "619"}, {"id": "e81c9350d54f66c6d33b3747ee68b9d2", "number": "3028322361", "date": "2021-01-22 15:46:00", "subject": "3", "recorded-or-robo": "", "city": "Newark", "state": "DE", "area-code": "302"}, {"id": "deca54a6651fb9add5b4a9816cfde9fd", "number": "3028322361", "date": "2021-01-22 15:46:00", "subject": "3", "recorded-or-robo": "", "city": "Newark", "state": "DE", "area-code": "302"}, {"id": "e81c9350d54f66c6d33b3747eea254d7", "number": "7813845157", "date": "2021-01-22 19:15:57", "subject": "3", "recorded-or-robo": "N", "city": "", "state": "IA", "area-code": "319"}, {"id": "1d36742e3f24f50e4e7ae82801373d61", "number": "7813845157", "date": "2021-01-22 19:15:57", "subject": "3", "recorded-or-robo": "N", "city": "", "state": "IA", "area-code": "319"}, {"id": "e81c9350d54f66c6d33b3747ee68b4f4", "number": "5084911327", "date": "2021-01-21 16:31:00", "subject": "2", "recorded-or-robo": "Y", "city": "Rehoboth", "state": "MA", "area-code": "508"}, {"id": "deca54a6651fb9add5b4a9816cfde342", "number": "5084911327", "date": "2021-01-21 16:31:00", "subject": "2", "recorded-or-robo": "Y", "city": "Rehoboth", "state": "MA", "area-code": "508"}, {"id": "e81c9350d54f66c6d33b3747ee687886", "number": "8707714489", "date": "2021-01-22 15:51:00", "subject": "3", "recorded-or-robo": "", "city": "", "state": "MT", "area-code": "406"}, {"id": "deca54a6651fb9add5b4a9816cfd91ea", "number": "8707714489", "date": "2021-01-22 15:51:00", "subject": "3", "recorded-or-robo": "", "city": "", "state": "MT", "area-code": "406"}, {"id": "e81c9350d54f66c6d33b3747ee689f66", "number": "2624234185", "date": "2021-01-21 13:40:00", "subject": "3", "recorded-or-robo": "Y", "city": "", "state": "UT", "area-code": "801"}, {"id": "deca54a6651fb9add5b4a9816cfdd441", "number": "2624234185", "date": "2021-01-21 13:40:00", "subject": "3", "recorded-or-robo": "Y", "city": "", "state": "UT", "area-code": "801"}, {"id": "e81c9350d54f66c6d33b3747eea2b078", "number": "+12037600962", "date": "2021-01-22 19:15:47", "subject": "3", "recorded-or-robo": "Y", "city": "", "state": "CT", "area-code": "203"}, {"id": "1d36742e3f24f50e4e7ae8280137a0f0", "number": "+12037600962", "date": "2021-01-22 19:15:47", "subject": "3", "recorded-or-robo": "Y", "city": "", "state": "CT", "area-code": "203"}, {"id": "e81c9350d54f66c6d33b3747eea27535", "number": "+17703598350", "date": "2021-01-22 19:15:38", "subject": "3", "recorded-or-robo": "Y", "city": "", "state": "GA", "area-code": "770"}, {"id": "1d36742e3f24f50e4e7ae82801377545", "number": "+17703598350", "date": "2021-01-22 19:15:38", "subject": "3", "recorded-or-robo": "Y", "city": "", "state": "GA", "area-code": "770"}, {"id": "e81c9350d54f66c6d33b3747ee689d07", "number": "7034132226", "date": "2020-10-29 12:57:00", "subject": "0", "recorded-or-robo": "Y", "city": "Manassas", "state": "VA", "area-code": "703"}, {"id": "deca54a6651fb9add5b4a9816cfdd12a", "number": "7034132226", "date": "2020-10-29 12:57:00", "subject": "0", "recorded-or-robo": "Y", "city": "Manassas", "state": "VA", "area-code": "703"}, {"id": "e81c9350d54f66c6d33b3747ee689c7f", "number": "", "date": "2021-01-20 09:01:00", "subject": "2", "recorded-or-robo": "Y", "city": "LAS VEGAS NV", "state": "NV", "area-code": "702"}, {"id": "deca54a6651fb9add5b4a9816cfdc9cf", "number": "", "date": "2021-01-20 09:01:00", "subject": "2", "recorded-or-robo": "Y", "city": "LAS VEGAS NV", "state": "NV", "area-code": "702"}, {"id": "e81c9350d54f66c6d33b3747ee68947c", "number": "6614093489", "date": "2021-01-22 13:51:00", "subject": "3", "recorded-or-robo": "Y", "city": "", "state": "CA", "area-code": "661"}, {"id": "deca54a6651fb9add5b4a9816cfdc2b3", "number": "6614093489", "date": "2021-01-22 13:51:00", "subject": "3", "recorded-or-robo": "Y", "city": "", "state": "CA", "area-code": "661"}, {"id": "e81c9350d54f66c6d33b3747eea236cd", "number": "2312165061", "date": "2021-01-22 19:15:29", "subject": "3", "recorded-or-robo": "Y", "city": "", "state": "MD", "area-code": "443"}, {"id": "1d36742e3f24f50e4e7ae82801372711", "number": "2312165061", "date": "2021-01-22 19:15:29", "subject": "3", "recorded-or-robo": "Y", "city": "", "state": "MD", "area-code": "443"}, {"id": "e81c9350d54f66c6d33b3747ee6885ab", "number": "5103278412", "date": "2021-01-19 08:40:00", "subject": "2", "recorded-or-robo": "N", "city": "San Leandro", "state": "CA", "area-code": "510"}, {"id": "e81c9350d54f66c6d33b3747ee6881b2", "number": "7162066409", "date": "2021-01-22 14:19:00", "subject": "0", "recorded-or-robo": "", "city": "Camillus", "state": "NY", "area-code": "315"}, {"id": "deca54a6651fb9add5b4a9816cfdb974", "number": "5103278412", "date": "2021-01-19 08:40:00", "subject": "2", "recorded-or-robo": "N", "city": "San Leandro", "state": "CA", "area-code": "510"}, {"id": "deca54a6651fb9add5b4a9816cfdaccd", "number": "7162066409", "date": "2021-01-22 14:19:00", "subject": "0", "recorded-or-robo": "", "city": "Camillus", "state": "NY", "area-code": "315"}, {"id": "e81c9350d54f66c6d33b3747ee687eb2", "number": "5109780153", "date": "2021-01-22 01:03:00", "subject": "3", "recorded-or-robo": "Y", "city": "", "state": "CA", "area-code": "510"}, {"id": "deca54a6651fb9add5b4a9816cfd9f83", "number": "5109780153", "date": "2021-01-22 01:03:00", "subject": "3", "recorded-or-robo": "Y", "city": "", "state": "CA", "area-code": "510"}, {"id": "e81c9350d54f66c6d33b3747eea2c2dd", "number": "+16783091769", "date": "2021-01-22 19:15:21", "subject": "3", "recorded-or-robo": "Y", "city": "", "state": "IL", "area-code": "224"}, {"id": "1d36742e3f24f50e4e7ae8280137af0c", "number": "+16783091769", "date": "2021-01-22 19:15:21", "subject": "3", "recorded-or-robo": "Y", "city": "", "state": "IL", "area-code": "224"}, {"id": "e81c9350d54f66c6d33b3747ee68704a", "number": "3072136321", "date": "2021-01-22 12:15:00", "subject": "3", "recorded-or-robo": "N", "city": "", "state": "CA", "area-code": "714"}, {"id": "deca54a6651fb9add5b4a9816cfd8e02", "number": "3072136321", "date": "2021-01-22 12:15:00", "subject": "3", "recorded-or-robo": "N", "city": "", "state": "CA", "area-code": "714"}, {"id": "e81c9350d54f66c6d33b3747ee686859", "number": "5023883068", "date": "2021-01-20 13:12:00", "subject": "3", "recorded-or-robo": "Y", "city": "", "state": "KY", "area-code": "502"}]}