{"data": [{"id": "deca54a6651fb9add5b4a9816cf83cc9", "number": "8155804367", "date": "2021-01-21 10:22:00", "subject": "6", "recorded-or-robo": "N", "city": "Rochelle", "state": "IL", "area-code": "815"}, {"id": "e81c9350d54f66c6d33b3747ee630aa4", "number": "9379821695", "date": "2021-01-22 07:08:00", "subject": "8", "recorded-or-robo": "N", "city": "Englewood", "state": "OH", "area-code": "937"}, {"id": "deca54a6651fb9add5b4a9816cf83745", "number": "9379821695", "date": "2021-01-22 07:08:00", "subject": "8", "recorded-or-robo": "N", "city": "Englewood", "state": "OH", "area-code": "937"}, {"id": "e81c9350d54f66c6d33b3747eea10c33", "number": "6317968077", "date": "2021-01-22 19:02:11", "subject": "3", "recorded-or-robo": "Y", "city": "", "state": "NY", "area-code": "631"}, {"id": "1d36742e3f24f50e4e7ae8280135ff5b", "number": "6317968077", "date": "2021-01-22 19:02:11", "subject": "3", "recorded-or-robo": "Y", "city": "", "state": "NY", "area-code": "631"}, {"id": "e81c9350d54f66c6d33b3747ee62fba2", "number": "7032148361", "date": "2021-01-20 12:57:00", "subject": "0", "recorded-or-robo": "Y", "city": "Manassas", "state": "VA", "area-code": "703"}, {"id": "deca54a6651fb9add5b4a9816cf8282b", "number": "7032148361", "date": "2021-01-20 12:57:00", "subject": "0", "recorded-or-robo": "Y", "city": "Manassas", "state": "VA", "area-code": "703"}, {"id": "e81c9350d54f66c6d33b3747eea128ad", "number": "4708632424", "date": "2021-01-22 19:02:09", "subject": "3", "recorded-or-robo": "N", "city": "", "state": "GA", "area-code": "470"}, {"id": "e81c9350d54f66c6d33b3747eea0e31f", "number": "3306818103", "date": "2021-01-22 19:02:09", "subject": "3", "recorded-or-robo": "Y", "city": "", "state": "OH", "area-code": "330"}, {"id": "1d36742e3f24f50e4e7ae82801362280", "number": "4708632424", "date": "2021-01-22 19:02:09", "subject": "3", "recorded-or-robo": "N", "city": "", "state": "GA", "area-code": "470"}, {"id": "1d36742e3f24f50e4e7ae8280135db75", "number": "3306818103", "date": "2021-01-22 19:02:09", "subject": "3", "recorded-or-robo": "Y", "city": "", "state": "OH", "area-code": "330"}, {"id": "e81c9350d54f66c6d33b3747ee62f501", "number": "3015477819", "date": "2021-01-21 09:05:00", "subject": "3", "recorded-or-robo": "N", "city": "Waldorf", "state": "MD", "area-code": "301"}, {"id": "deca54a6651fb9add5b4a9816cf81bc6", "number": "3015477819", "date": "2021-01-21 09:05:00", "subject": "3", "recorded-or-robo": "N", "city": "Waldorf", "state": "MD", "area-code": "301"}, {"id": "e81c9350d54f66c6d33b3747eea06780", "number": "9516386752", "date": "2021-01-22 19:02:07", "subject": "3", "recorded-or-robo": "Y", "city": "", "state": "CA", "area-code": "951"}, {"id": "1d36742e3f24f50e4e7ae82801358c5a", "number": "9516386752", "date": "2021-01-22 19:02:07", "subject": "3", "recorded-or-robo": "Y", "city": "", "state": "CA", "area-code": "951"}, {"id": "e81c9350d54f66c6d33b3747ee62e606", "number": "7158632875", "date": "2021-01-22 12:55:00", "subject": "2", "recorded-or-robo": "N", "city": "", "state": "WI", "area-code": "608"}, {"id": "deca54a6651fb9add5b4a9816cf812b2", "number": "7158632875", "date": "2021-01-22 12:55:00", "subject": "2", "recorded-or-robo": "N", "city": "", "state": "WI", "area-code": "608"}, {"id": "e81c9350d54f66c6d33b3747ee62e0aa", "number": "8435807931", "date": "2021-01-21 11:24:00", "subject": "4", "recorded-or-robo": "N", "city": "houston", "state": "CA", "area-code": "415"}, {"id": "deca54a6651fb9add5b4a9816cf804ce", "number": "8435807931", "date": "2021-01-21 11:24:00", "subject": "4", "recorded-or-robo": "N", "city": "houston", "state": "CA", "area-code": "415"}, {"id": "e81c9350d54f66c6d33b3747ee62d3ff", "number": "2083093202", "date": "2021-01-22 16:12:00", "subject": "0", "recorded-or-robo": "Y", "city": "Hailey", "state": "ID", "area-code": "208"}, {"id": "deca54a6651fb9add5b4a9816cf7fe8c", "number": "2083093202", "date": "2021-01-22 16:12:00", "subject": "0", "recorded-or-robo": "Y", "city": "Hailey", "state": "ID", "area-code": "208"}, {"id": "e81c9350d54f66c6d33b3747eea0b5b6", "number": "6317695038", "date": "2021-01-22 19:01:55", "subject": "3", "recorded-or-robo": "Y", "city": "", "state": "NY", "area-code": "631"}, {"id": "1d36742e3f24f50e4e7ae8280135b66a", "number": "6317695038", "date": "2021-01-22 19:01:55", "subject": "3", "recorded-or-robo": "Y", "city": "", "state": "NY", "area-code": "631"}, {"id": "e81c9350d54f66c6d33b3747eea0b007", "number": "6317695038", "date": "2021-01-22 19:01:54", "subject": "3", "recorded-or-robo": "Y", "city": "", "state": "NY", "area-code": "631"}, {"id": "1d36742e3f24f50e4e7ae8280135b385", "number": "6317695038", "date": "2021-01-22 19:01:54", "subject": "3", "recorded-or-robo": "Y", "city": "", "state": "NY", "area-code": "631"}, {"id": "e81c9350d54f66c6d33b3747ee62cd08", "number": "3463811049", "date": "2021-01-22 17:45:00", "subject": "0", "recorded-or-robo": "N", "city": "CHICAGO", "state": "IL", "area-code": "312"}, {"id": "deca54a6651fb9add5b4a9816cf7f8ef", "number": "3463811049", "date": "2021-01-22 17:45:00", "subject": "0", "recorded-or-robo": "N", "city": "CHICAGO", "state": "IL", "area-code": "312"}, {"id": "e81c9350d54f66c6d33b3747ee62c438", "number": "5204670450", "date": "2021-01-22 16:56:00", "subject": "2", "recorded-or-robo": "N", "city": "Maricopa", "state": "AZ", "area-code": "520"}, {"id": "e81c9350d54f66c6d33b3747ee62b59c", "number": "6366976306", "date": "2021-01-22 18:00:00", "subject": "11", "recorded-or-robo": "Y", "city": "", "state": "MO", "area-code": "636"}, {"id": "deca54a6651fb9add5b4a9816cf7ed10", "number": "5204670450", "date": "2021-01-22 16:56:00", "subject": "2", "recorded-or-robo": "N", "city": "Maricopa", "state": "AZ", "area-code": "520"}, {"id": "deca54a6651fb9add5b4a9816cf7e7f7", "number": "6366976306", "date": "2021-01-22 18:00:00", "subject": "11", "recorded-or-robo": "Y", "city": "", "state": "MO", "area-code": "636"}, {"id": "e81c9350d54f66c6d33b3747ee62b0ed", "number": "8005556382", "date": "2021-01-22 18:57:00", "subject": "2", "recorded-or-robo": "Y", "city": "north wilkesboro", "state": "NC", "area-code": "336"}, {"id": "e81c9350d54f66c6d33b3747ee62a6d4", "number": "6154064492", "date": "2021-01-22 10:56:00", "subject": "11", "recorded-or-robo": "Y", "city": "", "state": "Do", "area-code": "202"}, {"id": "e81c9350d54f66c6d33b3747ee62a30b", "number": "4075843746", "date": "2021-01-22 19:00:00", "subject": "2", "recorded-or-robo": "N", "city": "", "state": "NC", "area-code": "336"}, {"id": "deca54a6651fb9add5b4a9816cf7e3ca", "number": "8005556382", "date": "2021-01-22 18:57:00", "subject": "2", "recorded-or-robo": "Y", "city": "north wilkesboro", "state": "NC", "area-code": "336"}, {"id": "deca54a6651fb9add5b4a9816cf7d3d2", "number": "6154064492", "date": "2021-01-22 10:56:00", "subject": "11", "recorded-or-robo": "Y", "city": "", "state": "Do", "area-code": "202"}, {"id": "deca54a6651fb9add5b4a9816cf7c857", "number": "4075843746", "date": "2021-01-22 19:00:00", "subject": "2", "recorded-or-robo": "N", "city": "", "state": "NC", "area-code": "336"}, {"id": "e81c9350d54f66c6d33b3747ee62a1c2", "number": "", "date": "2021-01-22 15:54:00", "subject": "2", "recorded-or-robo": "Y", "city": "Ca", "state": "CA", "area-code": "949"}, {"id": "deca54a6651fb9add5b4a9816cf7ba45", "number": "", "date": "2021-01-22 15:54:00", "subject": "2", "recorded-or-robo": "Y", "city": "Ca", "state": "CA", "area-code": "949"}, {"id": "e81c9350d54f66c6d33b3747ee629782", "number": "9286122989", "date": "2021-01-21 09:58:00", "subject": "0", "recorded-or-robo": "Y", "city": "Troy", "state": "MI", "area-code": "248"}, {"id": "deca54a6651fb9add5b4a9816cf7b685", "number": "9286122989", "date": "2021-01-21 09:58:00", "subject": "0", "recorded-or-robo": "Y", "city": "Troy", "state": "MI", "area-code": "248"}, {"id": "e81c9350d54f66c6d33b3747eea13c50", "number": "2038461491", "date": "2021-01-22 19:01:32", "subject": "3", "recorded-or-robo": "Y", "city": "", "state": "CT", "area-code": "203"}, {"id": "1d36742e3f24f50e4e7ae8280136291a", "number": "2038461491", "date": "2021-01-22 19:01:32", "subject": "3", "recorded-or-robo": "Y", "city": "", "state": "CT", "area-code": "203"}, {"id": "e81c9350d54f66c6d33b3747eea0cd79", "number": "4709997922", "date": "2021-01-22 19:01:30", "subject": "3", "recorded-or-robo": "N", "city": "", "state": "GA", "area-code": "470"}, {"id": "1d36742e3f24f50e4e7ae8280135ceb6", "number": "4709997922", "date": "2021-01-22 19:01:30", "subject": "3", "recorded-or-robo": "N", "city": "", "state": "GA", "area-code": "470"}, {"id": "e81c9350d54f66c6d33b3747eea05ebb", "number": "+14848455623", "date": "2021-01-22 19:01:27", "subject": "3", "recorded-or-robo": "Y", "city": "", "state": "PA", "area-code": "484"}, {"id": "e81c9350d54f66c6d33b3747ee629394", "number": "8009274138", "date": "2021-01-22 11:17:00", "subject": "0", "recorded-or-robo": "Y", "city": "Rochester", "state": "MN", "area-code": "507"}, {"id": "deca54a6651fb9add5b4a9816cf7ae5d", "number": "8009274138", "date": "2021-01-22 11:17:00", "subject": "0", "recorded-or-robo": "Y", "city": "Rochester", "state": "MN", "area-code": "507"}, {"id": "1d36742e3f24f50e4e7ae82801357c9e", "number": "+14848455623", "date": "2021-01-22 19:01:27", "subject": "3", "recorded-or-robo": "Y", "city": "", "state": "PA", "area-code": "484"}, {"id": "e81c9350d54f66c6d33b3747ee628d22", "number": "7658101938", "date": "2021-01-22 18:40:00", "subject": "5", "recorded-or-robo": "N", "city": "Massapequa", "state": "NY", "area-code": "516"}]}