{"data": [{"id": "deca54a6651fb9add5b4a9816cc14e39", "number": "", "date": "2021-01-22 17:00:00", "subject": "4", "recorded-or-robo": "Y", "city": "", "state": "IL", "area-code": "217"}, {"id": "e81c9350d54f66c6d33b3747ee2c2ece", "number": "", "date": "2021-01-22 16:11:00", "subject": "1", "recorded-or-robo": "Y", "city": "", "state": "CO", "area-code": "970"}, {"id": "deca54a6651fb9add5b4a9816cc140cc", "number": "", "date": "2021-01-22 16:11:00", "subject": "1", "recorded-or-robo": "Y", "city": "", "state": "CO", "area-code": "970"}, {"id": "e81c9350d54f66c6d33b3747ee2c2a63", "number": "5131868785", "date": "2021-01-22 08:53:00", "subject": "2", "recorded-or-robo": "Y", "city": "Kellyville", "state": "ME", "area-code": "207"}, {"id": "deca54a6651fb9add5b4a9816cc1342c", "number": "5131868785", "date": "2021-01-22 08:53:00", "subject": "2", "recorded-or-robo": "Y", "city": "Kellyville", "state": "ME", "area-code": "207"}, {"id": "e81c9350d54f66c6d33b3747ee2c2726", "number": "2813763390", "date": "2021-01-22 15:06:00", "subject": "0", "recorded-or-robo": "Y", "city": "Spring", "state": "TX", "area-code": "281"}, {"id": "deca54a6651fb9add5b4a9816cc12b59", "number": "2813763390", "date": "2021-01-22 15:06:00", "subject": "0", "recorded-or-robo": "Y", "city": "Spring", "state": "TX", "area-code": "281"}, {"id": "e81c9350d54f66c6d33b3747ee2c1790", "number": "8649574507", "date": "2021-01-22 18:06:00", "subject": "1", "recorded-or-robo": "N", "city": "Campobello", "state": "SC", "area-code": "864"}, {"id": "deca54a6651fb9add5b4a9816cc11fef", "number": "8649574507", "date": "2021-01-22 18:06:00", "subject": "1", "recorded-or-robo": "N", "city": "Campobello", "state": "SC", "area-code": "864"}, {"id": "e81c9350d54f66c6d33b3747ee2c0e81", "number": "6369223800", "date": "2021-01-22 17:04:00", "subject": "2", "recorded-or-robo": "Y", "city": "St Peters", "state": "MO", "area-code": "636"}, {"id": "deca54a6651fb9add5b4a9816cc11b33", "number": "6369223800", "date": "2021-01-22 17:04:00", "subject": "2", "recorded-or-robo": "Y", "city": "St Peters", "state": "MO", "area-code": "636"}, {"id": "e81c9350d54f66c6d33b3747ee57fb73", "number": "+16265822834", "date": "2021-01-22 18:15:56", "subject": "3", "recorded-or-robo": "Y", "city": "", "state": "CO", "area-code": "720"}, {"id": "e81c9350d54f66c6d33b3747ee2c0598", "number": "2029982903", "date": "2021-01-22 00:00:00", "subject": "3", "recorded-or-robo": "", "city": "", "state": "CA", "area-code": "310"}, {"id": "deca54a6651fb9add5b4a9816cec5bc8", "number": "+16265822834", "date": "2021-01-22 18:15:56", "subject": "3", "recorded-or-robo": "Y", "city": "", "state": "CO", "area-code": "720"}, {"id": "deca54a6651fb9add5b4a9816cc10f21", "number": "2029982903", "date": "2021-01-22 00:00:00", "subject": "3", "recorded-or-robo": "", "city": "", "state": "CA", "area-code": "310"}, {"id": "e81c9350d54f66c6d33b3747ee2bfabe", "number": "2133285318", "date": "2021-01-22 12:17:00", "subject": "1", "recorded-or-robo": "Y", "city": "Kaysville", "state": "UT", "area-code": "801"}, {"id": "deca54a6651fb9add5b4a9816cc103ac", "number": "2133285318", "date": "2021-01-22 12:17:00", "subject": "1", "recorded-or-robo": "Y", "city": "Kaysville", "state": "UT", "area-code": "801"}, {"id": "e81c9350d54f66c6d33b3747ee58606d", "number": "6124009642", "date": "2021-01-22 18:15:51", "subject": "3", "recorded-or-robo": "Y", "city": "", "state": "MN", "area-code": "612"}, {"id": "deca54a6651fb9add5b4a9816cecb5b5", "number": "6124009642", "date": "2021-01-22 18:15:51", "subject": "3", "recorded-or-robo": "Y", "city": "", "state": "MN", "area-code": "612"}, {"id": "e81c9350d54f66c6d33b3747ee2bf4f5", "number": "7038305020", "date": "2021-01-22 18:10:00", "subject": "9", "recorded-or-robo": "Y", "city": "Cedar Bluff", "state": "VA", "area-code": "276"}, {"id": "deca54a6651fb9add5b4a9816cc0f919", "number": "7038305020", "date": "2021-01-22 18:10:00", "subject": "9", "recorded-or-robo": "Y", "city": "Cedar Bluff", "state": "VA", "area-code": "276"}, {"id": "e81c9350d54f66c6d33b3747ee2bf397", "number": "7038446277", "date": "2021-01-21 10:04:00", "subject": "4", "recorded-or-robo": "Y", "city": "Manassas", "state": "VA", "area-code": "703"}, {"id": "deca54a6651fb9add5b4a9816cc0f07f", "number": "7038446277", "date": "2021-01-21 10:04:00", "subject": "4", "recorded-or-robo": "Y", "city": "Manassas", "state": "VA", "area-code": "703"}, {"id": "e81c9350d54f66c6d33b3747ee2bea3d", "number": "2298913470", "date": "2021-01-22 18:00:00", "subject": "2", "recorded-or-robo": "Y", "city": "Fairburn", "state": "GA", "area-code": "678"}, {"id": "e81c9350d54f66c6d33b3747ee2be9d8", "number": "", "date": "2021-01-16 13:52:00", "subject": "0", "recorded-or-robo": "Y", "city": "Old Bridge", "state": "NJ", "area-code": "973"}, {"id": "e81c9350d54f66c6d33b3747ee2be028", "number": "5123802736", "date": "2021-01-20 15:50:00", "subject": "2", "recorded-or-robo": "Y", "city": "austin", "state": "TX", "area-code": "512"}, {"id": "deca54a6651fb9add5b4a9816cc0f07b", "number": "2298913470", "date": "2021-01-22 18:00:00", "subject": "2", "recorded-or-robo": "Y", "city": "Fairburn", "state": "GA", "area-code": "678"}, {"id": "deca54a6651fb9add5b4a9816cc0efe1", "number": "", "date": "2021-01-16 13:52:00", "subject": "0", "recorded-or-robo": "Y", "city": "Old Bridge", "state": "NJ", "area-code": "973"}, {"id": "deca54a6651fb9add5b4a9816cc0ed3b", "number": "5123802736", "date": "2021-01-20 15:50:00", "subject": "2", "recorded-or-robo": "Y", "city": "austin", "state": "TX", "area-code": "512"}, {"id": "e81c9350d54f66c6d33b3747ee2bdb69", "number": "9165261755", "date": "2021-01-18 15:00:00", "subject": "0", "recorded-or-robo": "Y", "city": "Lewiston", "state": "ME", "area-code": "207"}, {"id": "e81c9350d54f66c6d33b3747ee2bd898", "number": "2029789967", "date": "2021-01-22 15:44:00", "subject": "5", "recorded-or-robo": "Y", "city": "", "state": "NE", "area-code": "308"}, {"id": "deca54a6651fb9add5b4a9816cc0dec4", "number": "9165261755", "date": "2021-01-18 15:00:00", "subject": "0", "recorded-or-robo": "Y", "city": "Lewiston", "state": "ME", "area-code": "207"}, {"id": "deca54a6651fb9add5b4a9816cc0d875", "number": "2029789967", "date": "2021-01-22 15:44:00", "subject": "5", "recorded-or-robo": "Y", "city": "", "state": "NE", "area-code": "308"}, {"id": "e81c9350d54f66c6d33b3747ee2bd865", "number": "6676775093", "date": "2021-01-22 18:13:00", "subject": "2", "recorded-or-robo": "Y", "city": "", "state": "VA", "area-code": "703"}, {"id": "deca54a6651fb9add5b4a9816cc0d7ae", "number": "6676775093", "date": "2021-01-22 18:13:00", "subject": "2", "recorded-or-robo": "Y", "city": "", "state": "VA", "area-code": "703"}, {"id": "e81c9350d54f66c6d33b3747ee57b7a3", "number": "2028000190", "date": "2021-01-22 18:15:20", "subject": "3", "recorded-or-robo": "Y", "city": "", "state": "NY", "area-code": "347"}, {"id": "deca54a6651fb9add5b4a9816cec1e39", "number": "2028000190", "date": "2021-01-22 18:15:20", "subject": "3", "recorded-or-robo": "Y", "city": "", "state": "NY", "area-code": "347"}, {"id": "e81c9350d54f66c6d33b3747ee579859", "number": "2028000190", "date": "2021-01-22 18:15:19", "subject": "3", "recorded-or-robo": "Y", "city": "", "state": "NY", "area-code": "347"}, {"id": "deca54a6651fb9add5b4a9816cebfd1c", "number": "2028000190", "date": "2021-01-22 18:15:19", "subject": "3", "recorded-or-robo": "Y", "city": "", "state": "NY", "area-code": "347"}, {"id": "e81c9350d54f66c6d33b3747ee2bd4bf", "number": "7064303072", "date": "2021-01-22 13:33:00", "subject": "2", "recorded-or-robo": "Y", "city": "Houston", "state": "TX", "area-code": "281"}, {"id": "deca54a6651fb9add5b4a9816cc0d018", "number": "7064303072", "date": "2021-01-22 13:33:00", "subject": "2", "recorded-or-robo": "Y", "city": "Houston", "state": "TX", "area-code": "281"}, {"id": "e81c9350d54f66c6d33b3747ee2bc7d0", "number": "3463365430", "date": "2021-01-22 16:31:00", "subject": "0", "recorded-or-robo": "Y", "city": "Spring", "state": "TX", "area-code": "281"}, {"id": "deca54a6651fb9add5b4a9816cc0cd35", "number": "3463365430", "date": "2021-01-22 16:31:00", "subject": "0", "recorded-or-robo": "Y", "city": "Spring", "state": "TX", "area-code": "281"}, {"id": "e81c9350d54f66c6d33b3747ee2bbecc", "number": "9155945907", "date": "2021-01-22 17:12:00", "subject": "2", "recorded-or-robo": "Y", "city": "Flower Mound", "state": "TX", "area-code": "214"}, {"id": "deca54a6651fb9add5b4a9816cc0c630", "number": "9155945907", "date": "2021-01-22 17:12:00", "subject": "2", "recorded-or-robo": "Y", "city": "Flower Mound", "state": "TX", "area-code": "214"}, {"id": "e81c9350d54f66c6d33b3747ee57afb0", "number": "8437711402", "date": "2021-01-22 18:15:07", "subject": "3", "recorded-or-robo": "Y", "city": "", "state": "NJ", "area-code": "732"}, {"id": "deca54a6651fb9add5b4a9816cec0f50", "number": "8437711402", "date": "2021-01-22 18:15:07", "subject": "3", "recorded-or-robo": "Y", "city": "", "state": "NJ", "area-code": "732"}, {"id": "e81c9350d54f66c6d33b3747ee57dd12", "number": "4422542303", "date": "2021-01-22 18:15:05", "subject": "3", "recorded-or-robo": "Y", "city": "", "state": "CA", "area-code": "760"}, {"id": "deca54a6651fb9add5b4a9816cec3a14", "number": "4422542303", "date": "2021-01-22 18:15:05", "subject": "3", "recorded-or-robo": "Y", "city": "", "state": "CA", "area-code": "760"}, {"id": "e81c9350d54f66c6d33b3747ee58062c", "number": "+12543210677", "date": "2021-01-22 18:14:58", "subject": "3", "recorded-or-robo": "Y", "city": "", "state": "TX", "area-code": "817"}]}