{"data": [{"id": "deca54a6651fb9add5b4a9816cf93912", "number": "8002252183", "date": "2021-01-22 14:29:00", "subject": "2", "recorded-or-robo": "Y", "city": "Friendswood", "state": "TX", "area-code": "313"}, {"id": "e81c9350d54f66c6d33b3747eea0deaf", "number": "+13013291999", "date": "2021-01-22 19:04:56", "subject": "3", "recorded-or-robo": "Y", "city": "", "state": "MD", "area-code": "301"}, {"id": "e81c9350d54f66c6d33b3747ee63fed2", "number": "9316031029", "date": "2021-01-19 11:44:00", "subject": "4", "recorded-or-robo": "N", "city": "houston", "state": "CA", "area-code": "415"}, {"id": "deca54a6651fb9add5b4a9816cf92ab8", "number": "9316031029", "date": "2021-01-19 11:44:00", "subject": "4", "recorded-or-robo": "N", "city": "houston", "state": "CA", "area-code": "415"}, {"id": "1d36742e3f24f50e4e7ae8280135d859", "number": "+13013291999", "date": "2021-01-22 19:04:56", "subject": "3", "recorded-or-robo": "Y", "city": "", "state": "MD", "area-code": "301"}, {"id": "e81c9350d54f66c6d33b3747eea112e2", "number": "+18322847003", "date": "2021-01-22 19:04:48", "subject": "3", "recorded-or-robo": "Y", "city": "", "state": "TX", "area-code": "832"}, {"id": "1d36742e3f24f50e4e7ae82801360c40", "number": "+18322847003", "date": "2021-01-22 19:04:48", "subject": "3", "recorded-or-robo": "Y", "city": "", "state": "TX", "area-code": "832"}, {"id": "e81c9350d54f66c6d33b3747ee63f775", "number": "6154065102", "date": "2021-01-22 11:45:00", "subject": "11", "recorded-or-robo": "Y", "city": "", "state": "Do", "area-code": "202"}, {"id": "deca54a6651fb9add5b4a9816cf92930", "number": "6154065102", "date": "2021-01-22 11:45:00", "subject": "11", "recorded-or-robo": "Y", "city": "", "state": "Do", "area-code": "202"}, {"id": "e81c9350d54f66c6d33b3747ee63eee4", "number": "2149191916", "date": "2021-01-22 12:29:00", "subject": "2", "recorded-or-robo": "", "city": "Rowlett", "state": "TX", "area-code": "214"}, {"id": "deca54a6651fb9add5b4a9816cf9269f", "number": "2149191916", "date": "2021-01-22 12:29:00", "subject": "2", "recorded-or-robo": "", "city": "Rowlett", "state": "TX", "area-code": "214"}, {"id": "e81c9350d54f66c6d33b3747ee63ea55", "number": "4089136349", "date": "2021-01-18 09:21:00", "subject": "4", "recorded-or-robo": "Y", "city": "", "state": "CA", "area-code": "408"}, {"id": "deca54a6651fb9add5b4a9816cf92676", "number": "4089136349", "date": "2021-01-18 09:21:00", "subject": "4", "recorded-or-robo": "Y", "city": "", "state": "CA", "area-code": "408"}, {"id": "e81c9350d54f66c6d33b3747ee63e9c9", "number": "8765624729", "date": "2021-01-22 05:52:00", "subject": "2", "recorded-or-robo": "N", "city": "Portland", "state": "OR", "area-code": "503"}, {"id": "deca54a6651fb9add5b4a9816cf91d07", "number": "8765624729", "date": "2021-01-22 05:52:00", "subject": "2", "recorded-or-robo": "N", "city": "Portland", "state": "OR", "area-code": "503"}, {"id": "e81c9350d54f66c6d33b3747ee63e9c6", "number": "5158428011", "date": "2021-01-21 13:40:00", "subject": "3", "recorded-or-robo": "N", "city": "Waldorf", "state": "MD", "area-code": "301"}, {"id": "deca54a6651fb9add5b4a9816cf915bc", "number": "5158428011", "date": "2021-01-21 13:40:00", "subject": "3", "recorded-or-robo": "N", "city": "Waldorf", "state": "MD", "area-code": "301"}, {"id": "e81c9350d54f66c6d33b3747eea0fb88", "number": "+12512188815", "date": "2021-01-22 19:04:30", "subject": "3", "recorded-or-robo": "Y", "city": "", "state": "AL", "area-code": "256"}, {"id": "1d36742e3f24f50e4e7ae8280135f3ff", "number": "+12512188815", "date": "2021-01-22 19:04:30", "subject": "3", "recorded-or-robo": "Y", "city": "", "state": "AL", "area-code": "256"}, {"id": "e81c9350d54f66c6d33b3747ee63e0d7", "number": "5306712180", "date": "2021-01-22 11:55:00", "subject": "2", "recorded-or-robo": "N", "city": "Crowley", "state": "TX", "area-code": "817"}, {"id": "deca54a6651fb9add5b4a9816cf9135c", "number": "5306712180", "date": "2021-01-22 11:55:00", "subject": "2", "recorded-or-robo": "N", "city": "Crowley", "state": "TX", "area-code": "817"}, {"id": "e81c9350d54f66c6d33b3747ee63dd1c", "number": "8889773860", "date": "2021-01-22 17:00:00", "subject": "1", "recorded-or-robo": "N", "city": "Maricopa", "state": "AZ", "area-code": "480"}, {"id": "deca54a6651fb9add5b4a9816cf90930", "number": "8889773860", "date": "2021-01-22 17:00:00", "subject": "1", "recorded-or-robo": "N", "city": "Maricopa", "state": "AZ", "area-code": "480"}, {"id": "e81c9350d54f66c6d33b3747ee63d52e", "number": "4696683317", "date": "2021-01-22 18:47:00", "subject": "5", "recorded-or-robo": "Y", "city": "", "state": "FL", "area-code": "352"}, {"id": "deca54a6651fb9add5b4a9816cf8fa64", "number": "4696683317", "date": "2021-01-22 18:47:00", "subject": "5", "recorded-or-robo": "Y", "city": "", "state": "FL", "area-code": "352"}, {"id": "e81c9350d54f66c6d33b3747ee63d17e", "number": "6086880336", "date": "2021-01-22 11:34:00", "subject": "2", "recorded-or-robo": "N", "city": "", "state": "WI", "area-code": "608"}, {"id": "e81c9350d54f66c6d33b3747ee63d12c", "number": "8008722657", "date": "2021-01-21 14:37:00", "subject": "1", "recorded-or-robo": "Y", "city": "Atlanta", "state": "GA", "area-code": "770"}, {"id": "deca54a6651fb9add5b4a9816cf8ed38", "number": "6086880336", "date": "2021-01-22 11:34:00", "subject": "2", "recorded-or-robo": "N", "city": "", "state": "WI", "area-code": "608"}, {"id": "deca54a6651fb9add5b4a9816cf8e7fa", "number": "8008722657", "date": "2021-01-21 14:37:00", "subject": "1", "recorded-or-robo": "Y", "city": "Atlanta", "state": "GA", "area-code": "770"}, {"id": "e81c9350d54f66c6d33b3747eea15896", "number": "9522067636", "date": "2021-01-22 19:04:19", "subject": "3", "recorded-or-robo": "Y", "city": "", "state": "MN", "area-code": "952"}, {"id": "1d36742e3f24f50e4e7ae82801363b83", "number": "9522067636", "date": "2021-01-22 19:04:19", "subject": "3", "recorded-or-robo": "Y", "city": "", "state": "MN", "area-code": "952"}, {"id": "e81c9350d54f66c6d33b3747eea07dcf", "number": "7852848062", "date": "2021-01-22 19:04:18", "subject": "3", "recorded-or-robo": "Y", "city": "", "state": "KS", "area-code": "785"}, {"id": "1d36742e3f24f50e4e7ae82801359c82", "number": "7852848062", "date": "2021-01-22 19:04:18", "subject": "3", "recorded-or-robo": "Y", "city": "", "state": "KS", "area-code": "785"}, {"id": "e81c9350d54f66c6d33b3747ee63cd7d", "number": "3208647935", "date": "2021-01-22 14:26:00", "subject": "0", "recorded-or-robo": "Y", "city": "Rochester", "state": "MN", "area-code": "507"}, {"id": "deca54a6651fb9add5b4a9816cf8e59e", "number": "3208647935", "date": "2021-01-22 14:26:00", "subject": "0", "recorded-or-robo": "Y", "city": "Rochester", "state": "MN", "area-code": "507"}, {"id": "e81c9350d54f66c6d33b3747ee63cb28", "number": "8002258083", "date": "2021-01-22 17:59:00", "subject": "2", "recorded-or-robo": "Y", "city": "Friendswood", "state": "TX", "area-code": "313"}, {"id": "deca54a6651fb9add5b4a9816cf8e1de", "number": "8002258083", "date": "2021-01-22 17:59:00", "subject": "2", "recorded-or-robo": "Y", "city": "Friendswood", "state": "TX", "area-code": "313"}, {"id": "e81c9350d54f66c6d33b3747ee63c192", "number": "2173022874", "date": "2021-01-22 16:38:00", "subject": "2", "recorded-or-robo": "N", "city": "Mt.zion", "state": "IL", "area-code": "217"}, {"id": "deca54a6651fb9add5b4a9816cf8de80", "number": "2173022874", "date": "2021-01-22 16:38:00", "subject": "2", "recorded-or-robo": "N", "city": "Mt.zion", "state": "IL", "area-code": "217"}, {"id": "e81c9350d54f66c6d33b3747ee63be19", "number": "8556783950", "date": "2020-01-22 19:02:00", "subject": "3", "recorded-or-robo": "Y", "city": "", "state": "IN", "area-code": "574"}, {"id": "deca54a6651fb9add5b4a9816cf8dc02", "number": "8556783950", "date": "2020-01-22 19:02:00", "subject": "3", "recorded-or-robo": "Y", "city": "", "state": "IN", "area-code": "574"}, {"id": "e81c9350d54f66c6d33b3747ee63af44", "number": "5745951562", "date": "2021-01-22 18:32:00", "subject": "6", "recorded-or-robo": "N", "city": "Kewanna", "state": "IN", "area-code": "574"}, {"id": "deca54a6651fb9add5b4a9816cf8cc84", "number": "5745951562", "date": "2021-01-22 18:32:00", "subject": "6", "recorded-or-robo": "N", "city": "Kewanna", "state": "IN", "area-code": "574"}, {"id": "e81c9350d54f66c6d33b3747eea09158", "number": "+14805717835", "date": "2021-01-22 19:03:58", "subject": "3", "recorded-or-robo": "Y", "city": "", "state": "AZ", "area-code": "480"}, {"id": "e81c9350d54f66c6d33b3747ee63adeb", "number": "5054661733", "date": "2021-01-22 13:40:00", "subject": "4", "recorded-or-robo": "Y", "city": "SANTA FE", "state": "NM", "area-code": "513"}, {"id": "e81c9350d54f66c6d33b3747ee63a7c1", "number": "5612901852", "date": "2021-01-21 11:04:00", "subject": "2", "recorded-or-robo": "Y", "city": "Hyattville", "state": "FL", "area-code": "561"}, {"id": "deca54a6651fb9add5b4a9816cf8bcab", "number": "5054661733", "date": "2021-01-22 13:40:00", "subject": "4", "recorded-or-robo": "Y", "city": "SANTA FE", "state": "NM", "area-code": "513"}, {"id": "deca54a6651fb9add5b4a9816cf8b6c6", "number": "5612901852", "date": "2021-01-21 11:04:00", "subject": "2", "recorded-or-robo": "Y", "city": "Hyattville", "state": "FL", "area-code": "561"}, {"id": "1d36742e3f24f50e4e7ae8280135a50d", "number": "+14805717835", "date": "2021-01-22 19:03:58", "subject": "3", "recorded-or-robo": "Y", "city": "", "state": "AZ", "area-code": "480"}, {"id": "e81c9350d54f66c6d33b3747ee63a524", "number": "", "date": "2021-01-22 16:02:00", "subject": "11", "recorded-or-robo": "Y", "city": "", "state": "WA", "area-code": "360"}]}