{"data": [{"id": "deca54a6651fb9add5b4a9816ce9df3b", "number": "8016917924", "date": "2021-01-22 17:59:31", "subject": "3", "recorded-or-robo": "N", "city": "", "state": "UT", "area-code": "801"}, {"id": "e81c9350d54f66c6d33b3747ee54aa14", "number": "+19546943695", "date": "2021-01-22 17:59:29", "subject": "3", "recorded-or-robo": "Y", "city": "", "state": "MI", "area-code": "810"}, {"id": "deca54a6651fb9add5b4a9816ce92bbc", "number": "+19546943695", "date": "2021-01-22 17:59:29", "subject": "3", "recorded-or-robo": "Y", "city": "", "state": "MI", "area-code": "810"}, {"id": "e81c9350d54f66c6d33b3747ee22884a", "number": "5618264103", "date": "2021-01-22 17:56:00", "subject": "5", "recorded-or-robo": "Y", "city": "BOCA RATON", "state": "FL", "area-code": "561"}, {"id": "deca54a6651fb9add5b4a9816cb7918e", "number": "5618264103", "date": "2021-01-22 17:56:00", "subject": "5", "recorded-or-robo": "Y", "city": "BOCA RATON", "state": "FL", "area-code": "561"}, {"id": "e81c9350d54f66c6d33b3747ee227c83", "number": "8656696225537", "date": "2021-01-22 13:40:00", "subject": "2", "recorded-or-robo": "", "city": "", "state": "IN", "area-code": "812"}, {"id": "deca54a6651fb9add5b4a9816cb78be5", "number": "8656696225537", "date": "2021-01-22 13:40:00", "subject": "2", "recorded-or-robo": "", "city": "", "state": "IN", "area-code": "812"}, {"id": "e81c9350d54f66c6d33b3747ee2277d8", "number": "9362558611", "date": "2021-01-22 15:53:00", "subject": "4", "recorded-or-robo": "N", "city": "", "state": "TX", "area-code": "254"}, {"id": "deca54a6651fb9add5b4a9816cb787ef", "number": "9362558611", "date": "2021-01-22 15:53:00", "subject": "4", "recorded-or-robo": "N", "city": "", "state": "TX", "area-code": "254"}, {"id": "e81c9350d54f66c6d33b3747ee5576ec", "number": "+17605482825", "date": "2021-01-22 17:59:18", "subject": "3", "recorded-or-robo": "Y", "city": "", "state": "FL", "area-code": "239"}, {"id": "deca54a6651fb9add5b4a9816ce9ed19", "number": "+17605482825", "date": "2021-01-22 17:59:18", "subject": "3", "recorded-or-robo": "Y", "city": "", "state": "FL", "area-code": "239"}, {"id": "e81c9350d54f66c6d33b3747ee227354", "number": "6469937297", "date": "2021-01-22 12:40:00", "subject": "5", "recorded-or-robo": "N", "city": "Brooklyn", "state": "NY", "area-code": "929"}, {"id": "deca54a6651fb9add5b4a9816cb77b86", "number": "6469937297", "date": "2021-01-22 12:40:00", "subject": "5", "recorded-or-robo": "N", "city": "Brooklyn", "state": "NY", "area-code": "929"}, {"id": "e81c9350d54f66c6d33b3747ee226cf1", "number": "4352332210", "date": "2021-01-22 14:15:00", "subject": "2", "recorded-or-robo": "Y", "city": "", "state": "AL", "area-code": "205"}, {"id": "e81c9350d54f66c6d33b3747ee225fe0", "number": "8182304065", "date": "2021-01-21 19:01:00", "subject": "2", "recorded-or-robo": "N", "city": "Huntington Beach", "state": "CA", "area-code": "818"}, {"id": "deca54a6651fb9add5b4a9816cb778a1", "number": "4352332210", "date": "2021-01-22 14:15:00", "subject": "2", "recorded-or-robo": "Y", "city": "", "state": "AL", "area-code": "205"}, {"id": "deca54a6651fb9add5b4a9816cb7698d", "number": "8182304065", "date": "2021-01-21 19:01:00", "subject": "2", "recorded-or-robo": "N", "city": "Huntington Beach", "state": "CA", "area-code": "818"}, {"id": "e81c9350d54f66c6d33b3747ee2257e2", "number": "4015153071", "date": "2021-01-22 14:04:00", "subject": "0", "recorded-or-robo": "Y", "city": "Springfield", "state": "OH", "area-code": "937"}, {"id": "e81c9350d54f66c6d33b3747ee21ac40", "number": "6315852829", "date": "2021-01-22 16:59:00", "subject": "3", "recorded-or-robo": "N", "city": "", "state": "NY", "area-code": "631"}, {"id": "deca54a6651fb9add5b4a9816cb7681f", "number": "4015153071", "date": "2021-01-22 14:04:00", "subject": "0", "recorded-or-robo": "Y", "city": "Springfield", "state": "OH", "area-code": "937"}, {"id": "deca54a6651fb9add5b4a9816cb6b89b", "number": "6315852829", "date": "2021-01-22 16:59:00", "subject": "3", "recorded-or-robo": "N", "city": "", "state": "NY", "area-code": "631"}, {"id": "e81c9350d54f66c6d33b3747ee553024", "number": "+18663218180", "date": "2021-01-22 17:59:09", "subject": "3", "recorded-or-robo": "Y", "city": "", "state": "NY", "area-code": "646"}, {"id": "deca54a6651fb9add5b4a9816ce9b3ef", "number": "+18663218180", "date": "2021-01-22 17:59:09", "subject": "3", "recorded-or-robo": "Y", "city": "", "state": "NY", "area-code": "646"}, {"id": "e81c9350d54f66c6d33b3747ee224e62", "number": "4432003330", "date": "2021-01-22 14:33:00", "subject": "5", "recorded-or-robo": "Y", "city": "Lakewood", "state": "CA", "area-code": "562"}, {"id": "deca54a6651fb9add5b4a9816cb764a0", "number": "4432003330", "date": "2021-01-22 14:33:00", "subject": "5", "recorded-or-robo": "Y", "city": "Lakewood", "state": "CA", "area-code": "562"}, {"id": "e81c9350d54f66c6d33b3747ee224878", "number": "3252313558", "date": "2021-01-22 16:53:00", "subject": "4", "recorded-or-robo": "N", "city": "Austin", "state": "TX", "area-code": "512"}, {"id": "deca54a6651fb9add5b4a9816cb75944", "number": "3252313558", "date": "2021-01-22 16:53:00", "subject": "4", "recorded-or-robo": "N", "city": "Austin", "state": "TX", "area-code": "512"}, {"id": "e81c9350d54f66c6d33b3747ee22458e", "number": "", "date": "2021-01-22 17:50:00", "subject": "2", "recorded-or-robo": "Y", "city": "Dayton", "state": "OH", "area-code": "937"}, {"id": "deca54a6651fb9add5b4a9816cb7562c", "number": "", "date": "2021-01-22 17:50:00", "subject": "2", "recorded-or-robo": "Y", "city": "Dayton", "state": "OH", "area-code": "937"}, {"id": "e81c9350d54f66c6d33b3747ee21ca24", "number": "8182481132", "date": "2021-01-22 10:21:00", "subject": "3", "recorded-or-robo": "N", "city": "", "state": "CA", "area-code": "818"}, {"id": "deca54a6651fb9add5b4a9816cb6e87c", "number": "8182481132", "date": "2021-01-22 10:21:00", "subject": "3", "recorded-or-robo": "N", "city": "", "state": "CA", "area-code": "818"}, {"id": "e81c9350d54f66c6d33b3747ee224060", "number": "2146534085", "date": "2021-01-22 16:08:00", "subject": "1", "recorded-or-robo": "Y", "city": "Frisco", "state": "TX", "area-code": "214"}, {"id": "deca54a6651fb9add5b4a9816cb7473c", "number": "2146534085", "date": "2021-01-22 16:08:00", "subject": "1", "recorded-or-robo": "Y", "city": "Frisco", "state": "TX", "area-code": "214"}, {"id": "e81c9350d54f66c6d33b3747ee22349a", "number": "6692032793", "date": "2021-01-22 12:40:00", "subject": "11", "recorded-or-robo": "Y", "city": "Florissant", "state": "MO", "area-code": "669"}, {"id": "e81c9350d54f66c6d33b3747ee222932", "number": "7158041005", "date": "2021-01-22 11:02:00", "subject": "2", "recorded-or-robo": "Y", "city": "Eugene", "state": "OR", "area-code": "541"}, {"id": "deca54a6651fb9add5b4a9816cb73775", "number": "6692032793", "date": "2021-01-22 12:40:00", "subject": "11", "recorded-or-robo": "Y", "city": "Florissant", "state": "MO", "area-code": "669"}, {"id": "deca54a6651fb9add5b4a9816cb73602", "number": "7158041005", "date": "2021-01-22 11:02:00", "subject": "2", "recorded-or-robo": "Y", "city": "Eugene", "state": "OR", "area-code": "541"}, {"id": "e81c9350d54f66c6d33b3747ee5d1d56", "number": "9727185269", "date": "2021-01-21 13:11:00", "subject": "3", "recorded-or-robo": "N", "city": "", "state": "TX", "area-code": "214"}, {"id": "deca54a6651fb9add5b4a9816cf1e0bd", "number": "9727185269", "date": "2021-01-21 13:11:00", "subject": "3", "recorded-or-robo": "N", "city": "", "state": "TX", "area-code": "214"}, {"id": "e81c9350d54f66c6d33b3747ee222222", "number": "9125491571", "date": "2021-01-20 10:13:00", "subject": "2", "recorded-or-robo": "Y", "city": "Colorado Springs", "state": "CO", "area-code": "912"}, {"id": "e81c9350d54f66c6d33b3747ee221cf8", "number": "7862040136", "date": "2021-01-22 11:06:00", "subject": "2", "recorded-or-robo": "Y", "city": "Valliant", "state": "OK", "area-code": "580"}, {"id": "deca54a6651fb9add5b4a9816cb72fb9", "number": "9125491571", "date": "2021-01-20 10:13:00", "subject": "2", "recorded-or-robo": "Y", "city": "Colorado Springs", "state": "CO", "area-code": "912"}, {"id": "deca54a6651fb9add5b4a9816cb7262b", "number": "7862040136", "date": "2021-01-22 11:06:00", "subject": "2", "recorded-or-robo": "Y", "city": "Valliant", "state": "OK", "area-code": "580"}, {"id": "e81c9350d54f66c6d33b3747ee2212e7", "number": "8008675379", "date": "2021-01-22 16:38:00", "subject": "1", "recorded-or-robo": "Y", "city": "", "state": "IA", "area-code": "563"}, {"id": "deca54a6651fb9add5b4a9816cb71ae1", "number": "8008675379", "date": "2021-01-22 16:38:00", "subject": "1", "recorded-or-robo": "Y", "city": "", "state": "IA", "area-code": "563"}, {"id": "e81c9350d54f66c6d33b3747ee220499", "number": "3134793889", "date": "2021-01-21 17:41:00", "subject": "0", "recorded-or-robo": "Y", "city": "Plymouth", "state": "MI", "area-code": "734"}, {"id": "deca54a6651fb9add5b4a9816cb70e44", "number": "3134793889", "date": "2021-01-21 17:41:00", "subject": "0", "recorded-or-robo": "Y", "city": "Plymouth", "state": "MI", "area-code": "734"}, {"id": "e81c9350d54f66c6d33b3747ee55c377", "number": "+13195693800", "date": "2021-01-22 17:58:35", "subject": "3", "recorded-or-robo": "Y", "city": "", "state": "IA", "area-code": "319"}, {"id": "e81c9350d54f66c6d33b3747ee54d8bf", "number": "+16302959338", "date": "2021-01-22 17:58:35", "subject": "3", "recorded-or-robo": "N", "city": "", "state": "IL", "area-code": "630"}, {"id": "deca54a6651fb9add5b4a9816cea36f9", "number": "+13195693800", "date": "2021-01-22 17:58:35", "subject": "3", "recorded-or-robo": "Y", "city": "", "state": "IA", "area-code": "319"}]}