{"data": [{"id": "b6a8da8b80f26332ed085cca2dfbc665", "number": "5199650416", "date": "2021-01-22 10:24:00", "subject": "2", "recorded-or-robo": "Y", "city": "Orlando", "state": "FL", "area-code": "407"}, {"id": "deca54a6651fb9add5b4a9816c90dfd3", "number": "7348233305", "date": "2021-01-22 16:42:00", "subject": "1", "recorded-or-robo": "Y", "city": "Livonia", "state": "MI", "area-code": "734"}, {"id": "b6a8da8b80f26332ed085cca2dfbc46e", "number": "7348233305", "date": "2021-01-22 16:42:00", "subject": "1", "recorded-or-robo": "Y", "city": "Livonia", "state": "MI", "area-code": "734"}, {"id": "deca54a6651fb9add5b4a9816c8faf2d", "number": "2454933180", "date": "2021-01-22 16:47:00", "subject": "3", "recorded-or-robo": "", "city": "", "state": "PA", "area-code": "215"}, {"id": "b6a8da8b80f26332ed085cca2dfad148", "number": "2454933180", "date": "2021-01-22 16:47:00", "subject": "3", "recorded-or-robo": "", "city": "", "state": "PA", "area-code": "215"}, {"id": "deca54a6651fb9add5b4a9816c90d6cc", "number": "9782565511", "date": "2021-01-22 00:00:00", "subject": "2", "recorded-or-robo": "Y", "city": "", "state": "MA", "area-code": "978"}, {"id": "deca54a6651fb9add5b4a9816c90c6f8", "number": "7572627084", "date": "2021-01-22 13:23:00", "subject": "1", "recorded-or-robo": "Y", "city": "", "state": "VA", "area-code": "757"}, {"id": "b6a8da8b80f26332ed085cca2dfbbb7f", "number": "9782565511", "date": "2021-01-22 00:00:00", "subject": "2", "recorded-or-robo": "Y", "city": "", "state": "MA", "area-code": "978"}, {"id": "b6a8da8b80f26332ed085cca2dfbadbd", "number": "7572627084", "date": "2021-01-22 13:23:00", "subject": "1", "recorded-or-robo": "Y", "city": "", "state": "VA", "area-code": "757"}, {"id": "e81c9350d54f66c6d33b3747ee5be10b", "number": "9287937346", "date": "2021-01-22 13:29:00", "subject": "3", "recorded-or-robo": "N", "city": "", "state": "NC", "area-code": "336"}, {"id": "deca54a6651fb9add5b4a9816cf08835", "number": "9287937346", "date": "2021-01-22 13:29:00", "subject": "3", "recorded-or-robo": "N", "city": "", "state": "NC", "area-code": "336"}, {"id": "deca54a6651fb9add5b4a9816c90c34a", "number": "2609001122", "date": "2021-01-21 13:35:00", "subject": "3", "recorded-or-robo": "N", "city": "Michigan City", "state": "IN", "area-code": "219"}, {"id": "b6a8da8b80f26332ed085cca2dfba5fa", "number": "2609001122", "date": "2021-01-21 13:35:00", "subject": "3", "recorded-or-robo": "N", "city": "Michigan City", "state": "IN", "area-code": "219"}, {"id": "deca54a6651fb9add5b4a9816c90b71a", "number": "8504091888", "date": "2021-01-22 10:27:00", "subject": "1", "recorded-or-robo": "Y", "city": "Chepachet", "state": "RI", "area-code": "401"}, {"id": "b6a8da8b80f26332ed085cca2dfba5cc", "number": "8504091888", "date": "2021-01-22 10:27:00", "subject": "1", "recorded-or-robo": "Y", "city": "Chepachet", "state": "RI", "area-code": "401"}, {"id": "deca54a6651fb9add5b4a9816c90aadf", "number": "9198681", "date": "2021-01-21 11:47:00", "subject": "0", "recorded-or-robo": "", "city": "Louisville", "state": "KY", "area-code": "502"}, {"id": "b6a8da8b80f26332ed085cca2dfb97af", "number": "9198681", "date": "2021-01-21 11:47:00", "subject": "0", "recorded-or-robo": "", "city": "Louisville", "state": "KY", "area-code": "502"}, {"id": "deca54a6651fb9add5b4a9816c90a1d5", "number": "6123891939", "date": "2021-01-22 10:15:00", "subject": "0", "recorded-or-robo": "Y", "city": "", "state": "MN", "area-code": "612"}, {"id": "deca54a6651fb9add5b4a9816c909dea", "number": "9738333568", "date": "2021-01-22 16:07:00", "subject": "5", "recorded-or-robo": "Y", "city": "", "state": "NJ", "area-code": "908"}, {"id": "b6a8da8b80f26332ed085cca2dfb95a3", "number": "6123891939", "date": "2021-01-22 10:15:00", "subject": "0", "recorded-or-robo": "Y", "city": "", "state": "MN", "area-code": "612"}, {"id": "b6a8da8b80f26332ed085cca2dfb8934", "number": "9738333568", "date": "2021-01-22 16:07:00", "subject": "5", "recorded-or-robo": "Y", "city": "", "state": "NJ", "area-code": "908"}, {"id": "deca54a6651fb9add5b4a9816c9088aa", "number": "7262017979", "date": "2021-01-22 15:52:00", "subject": "2", "recorded-or-robo": "Y", "city": "", "state": "TX", "area-code": "830"}, {"id": "b6a8da8b80f26332ed085cca2dfb7bb4", "number": "7262017979", "date": "2021-01-22 15:52:00", "subject": "2", "recorded-or-robo": "Y", "city": "", "state": "TX", "area-code": "830"}, {"id": "deca54a6651fb9add5b4a9816c907e84", "number": "5039285167", "date": "2021-01-22 01:54:00", "subject": "5", "recorded-or-robo": "Y", "city": "oregon city", "state": "OR", "area-code": "503"}, {"id": "b6a8da8b80f26332ed085cca2dfb6fd9", "number": "5039285167", "date": "2021-01-22 01:54:00", "subject": "5", "recorded-or-robo": "Y", "city": "oregon city", "state": "OR", "area-code": "503"}, {"id": "deca54a6651fb9add5b4a9816c907a80", "number": "6032623492", "date": "2021-01-22 16:53:00", "subject": "2", "recorded-or-robo": "N", "city": "Hudson", "state": "NH", "area-code": "603"}, {"id": "deca54a6651fb9add5b4a9816c907652", "number": "3124177651", "date": "2021-01-22 13:12:00", "subject": "4", "recorded-or-robo": "Y", "city": "", "state": "IL", "area-code": "847"}, {"id": "b6a8da8b80f26332ed085cca2dfb6877", "number": "6032623492", "date": "2021-01-22 16:53:00", "subject": "2", "recorded-or-robo": "N", "city": "Hudson", "state": "NH", "area-code": "603"}, {"id": "b6a8da8b80f26332ed085cca2dfb676f", "number": "3124177651", "date": "2021-01-22 13:12:00", "subject": "4", "recorded-or-robo": "Y", "city": "", "state": "IL", "area-code": "847"}, {"id": "deca54a6651fb9add5b4a9816c906840", "number": "5629846471", "date": "2020-12-17 10:06:00", "subject": "4", "recorded-or-robo": "Y", "city": "", "state": "CA", "area-code": "909"}, {"id": "b6a8da8b80f26332ed085cca2dfb5d23", "number": "5629846471", "date": "2020-12-17 10:06:00", "subject": "4", "recorded-or-robo": "Y", "city": "", "state": "CA", "area-code": "909"}, {"id": "e81c9350d54f66c6d33b3747ee4e065b", "number": "+15022594842", "date": "2021-01-22 16:56:21", "subject": "3", "recorded-or-robo": "Y", "city": "", "state": "KY", "area-code": "502"}, {"id": "deca54a6651fb9add5b4a9816ce27aa7", "number": "+15022594842", "date": "2021-01-22 16:56:21", "subject": "3", "recorded-or-robo": "Y", "city": "", "state": "KY", "area-code": "502"}, {"id": "deca54a6651fb9add5b4a9816c905b1f", "number": "4057047100", "date": "2021-01-22 14:48:00", "subject": "2", "recorded-or-robo": "Y", "city": "PLANO", "state": "TX", "area-code": "469"}, {"id": "deca54a6651fb9add5b4a9816c904d82", "number": "3233072721", "date": "2021-01-22 13:52:00", "subject": "12", "recorded-or-robo": "", "city": "Los Angeles", "state": "CA", "area-code": "323"}, {"id": "b6a8da8b80f26332ed085cca2dfb51c6", "number": "4057047100", "date": "2021-01-22 14:48:00", "subject": "2", "recorded-or-robo": "Y", "city": "PLANO", "state": "TX", "area-code": "469"}, {"id": "b6a8da8b80f26332ed085cca2dfb4b3f", "number": "3233072721", "date": "2021-01-22 13:52:00", "subject": "12", "recorded-or-robo": "", "city": "Los Angeles", "state": "CA", "area-code": "323"}, {"id": "deca54a6651fb9add5b4a9816c9049dd", "number": "7084864161", "date": "2021-01-22 15:42:00", "subject": "7", "recorded-or-robo": "Y", "city": "North Riverside", "state": "IL", "area-code": "708"}, {"id": "b6a8da8b80f26332ed085cca2dfb4939", "number": "7084864161", "date": "2021-01-22 15:42:00", "subject": "7", "recorded-or-robo": "Y", "city": "North Riverside", "state": "IL", "area-code": "708"}, {"id": "deca54a6651fb9add5b4a9816c9044ae", "number": "2173243268", "date": "2021-01-22 15:16:00", "subject": "2", "recorded-or-robo": "N", "city": "Litchfield", "state": "IL", "area-code": "217"}, {"id": "b6a8da8b80f26332ed085cca2dfb3bc4", "number": "2173243268", "date": "2021-01-22 15:16:00", "subject": "2", "recorded-or-robo": "N", "city": "Litchfield", "state": "IL", "area-code": "217"}, {"id": "deca54a6651fb9add5b4a9816c903f38", "number": "8047290507", "date": "2021-01-22 12:45:00", "subject": "4", "recorded-or-robo": "Y", "city": "Whitesboro", "state": "NY", "area-code": "315"}, {"id": "b6a8da8b80f26332ed085cca2dfb34af", "number": "8047290507", "date": "2021-01-22 12:45:00", "subject": "4", "recorded-or-robo": "Y", "city": "Whitesboro", "state": "NY", "area-code": "315"}, {"id": "deca54a6651fb9add5b4a9816c9032b6", "number": "2675313262", "date": "2021-01-22 16:26:00", "subject": "4", "recorded-or-robo": "Y", "city": "Philadelphia", "state": "PA", "area-code": "215"}, {"id": "b6a8da8b80f26332ed085cca2dfb2ca0", "number": "2675313262", "date": "2021-01-22 16:26:00", "subject": "4", "recorded-or-robo": "Y", "city": "Philadelphia", "state": "PA", "area-code": "215"}, {"id": "deca54a6651fb9add5b4a9816c9024d7", "number": "6164010456", "date": "2021-01-22 15:43:00", "subject": "2", "recorded-or-robo": "", "city": "Spring Lake", "state": "MI", "area-code": "616"}, {"id": "b6a8da8b80f26332ed085cca2dfb2516", "number": "6164010456", "date": "2021-01-22 15:43:00", "subject": "2", "recorded-or-robo": "", "city": "Spring Lake", "state": "MI", "area-code": "616"}, {"id": "deca54a6651fb9add5b4a9816c9015a4", "number": "2562853262", "date": "2021-01-22 15:53:00", "subject": "0", "recorded-or-robo": "", "city": "Boaz", "state": "AL", "area-code": "256"}, {"id": "b6a8da8b80f26332ed085cca2dfb247c", "number": "2562853262", "date": "2021-01-22 15:53:00", "subject": "0", "recorded-or-robo": "", "city": "Boaz", "state": "AL", "area-code": "256"}, {"id": "deca54a6651fb9add5b4a9816c900c7b", "number": "8648839361", "date": "2021-01-19 18:13:00", "subject": "2", "recorded-or-robo": "", "city": "Haverhill", "state": "MA", "area-code": "978"}]}