{"data": [{"id": "b6a8da8b80f26332ed085cca2df70d12", "number": "6512377716", "date": "2021-01-20 14:00:00", "subject": "0", "recorded-or-robo": "Y", "city": "", "state": "MN", "area-code": "651"}, {"id": "deca54a6651fb9add5b4a9816c8bf354", "number": "8606847401", "date": "2021-01-22 09:00:00", "subject": "1", "recorded-or-robo": "Y", "city": "", "state": "CT", "area-code": "860"}, {"id": "b6a8da8b80f26332ed085cca2df704db", "number": "8606847401", "date": "2021-01-22 09:00:00", "subject": "1", "recorded-or-robo": "Y", "city": "", "state": "CT", "area-code": "860"}, {"id": "deca54a6651fb9add5b4a9816c8be664", "number": "2622617599", "date": "2021-01-22 10:00:00", "subject": "4", "recorded-or-robo": "N", "city": "Phoenix", "state": "AZ", "area-code": "262"}, {"id": "b6a8da8b80f26332ed085cca2df6fe86", "number": "2622617599", "date": "2021-01-22 10:00:00", "subject": "4", "recorded-or-robo": "N", "city": "Phoenix", "state": "AZ", "area-code": "262"}, {"id": "deca54a6651fb9add5b4a9816c8bd8be", "number": "6316374753", "date": "2021-01-21 14:00:00", "subject": "1", "recorded-or-robo": "Y", "city": "Louisville", "state": "KY", "area-code": "502"}, {"id": "b6a8da8b80f26332ed085cca2df6ef5a", "number": "6316374753", "date": "2021-01-21 14:00:00", "subject": "1", "recorded-or-robo": "Y", "city": "Louisville", "state": "KY", "area-code": "502"}, {"id": "deca54a6651fb9add5b4a9816c8bc9ef", "number": "8322637910", "date": "2021-01-22 15:47:00", "subject": "2", "recorded-or-robo": "Y", "city": "Houston", "state": "TX", "area-code": "832"}, {"id": "b6a8da8b80f26332ed085cca2df6e3be", "number": "8322637910", "date": "2021-01-22 15:47:00", "subject": "2", "recorded-or-robo": "Y", "city": "Houston", "state": "TX", "area-code": "832"}, {"id": "deca54a6651fb9add5b4a9816c8bc266", "number": "8552050329", "date": "2021-01-22 13:41:00", "subject": "1", "recorded-or-robo": "Y", "city": "San Diego", "state": "CA", "area-code": "858"}, {"id": "b6a8da8b80f26332ed085cca2df6e32a", "number": "8552050329", "date": "2021-01-22 13:41:00", "subject": "1", "recorded-or-robo": "Y", "city": "San Diego", "state": "CA", "area-code": "858"}, {"id": "deca54a6651fb9add5b4a9816c8bbb55", "number": "5732600593", "date": "2021-01-22 15:38:00", "subject": "2", "recorded-or-robo": "N", "city": "Fredericktown", "state": "MO", "area-code": "573"}, {"id": "b6a8da8b80f26332ed085cca2df6dac5", "number": "5732600593", "date": "2021-01-22 15:38:00", "subject": "2", "recorded-or-robo": "N", "city": "Fredericktown", "state": "MO", "area-code": "573"}, {"id": "e81c9350d54f66c6d33b3747ee4dbd63", "number": "+19545701432", "date": "2021-01-22 16:50:31", "subject": "3", "recorded-or-robo": "Y", "city": "", "state": "AL", "area-code": "205"}, {"id": "deca54a6651fb9add5b4a9816ce23ae6", "number": "+19545701432", "date": "2021-01-22 16:50:31", "subject": "3", "recorded-or-robo": "Y", "city": "", "state": "AL", "area-code": "205"}, {"id": "deca54a6651fb9add5b4a9816c8baee1", "number": "8665276346", "date": "2021-01-22 15:44:00", "subject": "1", "recorded-or-robo": "Y", "city": "Saint Louis", "state": "MO", "area-code": "314"}, {"id": "b6a8da8b80f26332ed085cca2df6d939", "number": "8665276346", "date": "2021-01-22 15:44:00", "subject": "1", "recorded-or-robo": "Y", "city": "Saint Louis", "state": "MO", "area-code": "314"}, {"id": "deca54a6651fb9add5b4a9816c8bab7e", "number": "4808485627", "date": "2021-01-22 16:36:00", "subject": "3", "recorded-or-robo": "Y", "city": "Newark", "state": "DE", "area-code": "717"}, {"id": "b6a8da8b80f26332ed085cca2df6cea7", "number": "4808485627", "date": "2021-01-22 16:36:00", "subject": "3", "recorded-or-robo": "Y", "city": "Newark", "state": "DE", "area-code": "717"}, {"id": "deca54a6651fb9add5b4a9816c8ba053", "number": "8009505114", "date": "2021-01-22 16:40:00", "subject": "2", "recorded-or-robo": "N", "city": "greenback", "state": "TN", "area-code": "865"}, {"id": "b6a8da8b80f26332ed085cca2df6c557", "number": "8009505114", "date": "2021-01-22 16:40:00", "subject": "2", "recorded-or-robo": "N", "city": "greenback", "state": "TN", "area-code": "865"}, {"id": "deca54a6651fb9add5b4a9816c8b96f4", "number": "9095986767", "date": "2021-01-22 09:06:00", "subject": "4", "recorded-or-robo": "Y", "city": "", "state": "CA", "area-code": "415"}, {"id": "b6a8da8b80f26332ed085cca2df6b92e", "number": "9095986767", "date": "2021-01-22 09:06:00", "subject": "4", "recorded-or-robo": "Y", "city": "", "state": "CA", "area-code": "415"}, {"id": "deca54a6651fb9add5b4a9816c8b874a", "number": "6509848878", "date": "2021-01-22 16:45:00", "subject": "1", "recorded-or-robo": "Y", "city": "Reynoldsburg", "state": "OH", "area-code": "414"}, {"id": "deca54a6651fb9add5b4a9816c8b7adf", "number": "4438644771", "date": "2021-01-22 16:44:00", "subject": "6", "recorded-or-robo": "N", "city": "Battle Creek", "state": "MI", "area-code": "269"}, {"id": "b6a8da8b80f26332ed085cca2df6af12", "number": "6509848878", "date": "2021-01-22 16:45:00", "subject": "1", "recorded-or-robo": "Y", "city": "Reynoldsburg", "state": "OH", "area-code": "414"}, {"id": "b6a8da8b80f26332ed085cca2df6a323", "number": "4438644771", "date": "2021-01-22 16:44:00", "subject": "6", "recorded-or-robo": "N", "city": "Battle Creek", "state": "MI", "area-code": "269"}, {"id": "deca54a6651fb9add5b4a9816c8b72d4", "number": "9786503029", "date": "2021-01-20 18:10:00", "subject": "2", "recorded-or-robo": "", "city": "Haverhill", "state": "MA", "area-code": "978"}, {"id": "b6a8da8b80f26332ed085cca2df69fbd", "number": "9786503029", "date": "2021-01-20 18:10:00", "subject": "2", "recorded-or-robo": "", "city": "Haverhill", "state": "MA", "area-code": "978"}, {"id": "deca54a6651fb9add5b4a9816c8b6dd8", "number": "9374103317", "date": "2021-01-22 12:12:00", "subject": "2", "recorded-or-robo": "Y", "city": "", "state": "OH", "area-code": "937"}, {"id": "b6a8da8b80f26332ed085cca2df69fba", "number": "9374103317", "date": "2021-01-22 12:12:00", "subject": "2", "recorded-or-robo": "Y", "city": "", "state": "OH", "area-code": "937"}, {"id": "deca54a6651fb9add5b4a9816c8b646a", "number": "3025651451", "date": "2021-01-22 13:45:00", "subject": "2", "recorded-or-robo": "Y", "city": "McKinney", "state": "TX", "area-code": "469"}, {"id": "deca54a6651fb9add5b4a9816c8b1053", "number": "8582617500", "date": "2021-01-22 13:43:00", "subject": "3", "recorded-or-robo": "", "city": "", "state": "CA", "area-code": "858"}, {"id": "b6a8da8b80f26332ed085cca2df69cef", "number": "3025651451", "date": "2021-01-22 13:45:00", "subject": "2", "recorded-or-robo": "Y", "city": "McKinney", "state": "TX", "area-code": "469"}, {"id": "b6a8da8b80f26332ed085cca2df64c3d", "number": "8582617500", "date": "2021-01-22 13:43:00", "subject": "3", "recorded-or-robo": "", "city": "", "state": "CA", "area-code": "858"}, {"id": "e81c9350d54f66c6d33b3747ee4da683", "number": "3016239259", "date": "2021-01-22 16:50:03", "subject": "3", "recorded-or-robo": "Y", "city": "", "state": "MD", "area-code": "301"}, {"id": "deca54a6651fb9add5b4a9816ce21a66", "number": "3016239259", "date": "2021-01-22 16:50:03", "subject": "3", "recorded-or-robo": "Y", "city": "", "state": "MD", "area-code": "301"}, {"id": "e81c9350d54f66c6d33b3747ee4d3f36", "number": "7863966312", "date": "2021-01-22 16:50:02", "subject": "3", "recorded-or-robo": "Y", "city": "", "state": "FL", "area-code": "786"}, {"id": "deca54a6651fb9add5b4a9816ce1ad79", "number": "7863966312", "date": "2021-01-22 16:50:02", "subject": "3", "recorded-or-robo": "Y", "city": "", "state": "FL", "area-code": "786"}, {"id": "e81c9350d54f66c6d33b3747ee4d97ff", "number": "5806243049", "date": "2021-01-22 16:50:00", "subject": "3", "recorded-or-robo": "Y", "city": "", "state": "FL", "area-code": "904"}, {"id": "deca54a6651fb9add5b4a9816ce20ac7", "number": "5806243049", "date": "2021-01-22 16:50:00", "subject": "3", "recorded-or-robo": "Y", "city": "", "state": "FL", "area-code": "904"}, {"id": "deca54a6651fb9add5b4a9816c8b568f", "number": "5098332706", "date": "2021-01-22 14:23:00", "subject": "2", "recorded-or-robo": "N", "city": "Three Forks", "state": "WA", "area-code": "509"}, {"id": "deca54a6651fb9add5b4a9816c8b482d", "number": "7572304069", "date": "2021-01-22 10:55:00", "subject": "1", "recorded-or-robo": "Y", "city": "", "state": "VA", "area-code": "757"}, {"id": "b6a8da8b80f26332ed085cca2df692db", "number": "5098332706", "date": "2021-01-22 14:23:00", "subject": "2", "recorded-or-robo": "N", "city": "Three Forks", "state": "WA", "area-code": "509"}, {"id": "b6a8da8b80f26332ed085cca2df69012", "number": "7572304069", "date": "2021-01-22 10:55:00", "subject": "1", "recorded-or-robo": "Y", "city": "", "state": "VA", "area-code": "757"}, {"id": "e81c9350d54f66c6d33b3747ee4d65bb", "number": "6148970789", "date": "2021-01-22 16:49:57", "subject": "3", "recorded-or-robo": "Y", "city": "", "state": "OH", "area-code": "614"}, {"id": "deca54a6651fb9add5b4a9816ce1c8d1", "number": "6148970789", "date": "2021-01-22 16:49:57", "subject": "3", "recorded-or-robo": "Y", "city": "", "state": "OH", "area-code": "614"}, {"id": "e81c9350d54f66c6d33b3747ee5bad0c", "number": "2034030843", "date": "2021-01-22 12:16:00", "subject": "3", "recorded-or-robo": "N", "city": "", "state": "NC", "area-code": "336"}, {"id": "deca54a6651fb9add5b4a9816cf05b1f", "number": "2034030843", "date": "2021-01-22 12:16:00", "subject": "3", "recorded-or-robo": "N", "city": "", "state": "NC", "area-code": "336"}, {"id": "deca54a6651fb9add5b4a9816c8b3e38", "number": "7026376919", "date": "2021-01-21 08:30:00", "subject": "0", "recorded-or-robo": "Y", "city": "", "state": "MN", "area-code": "651"}]}