{"data": [{"id": "1d36742e3f24f50e4e7ae8280138d619", "number": "+17042669087", "date": "2021-01-22 19:20:49", "subject": "3", "recorded-or-robo": "Y", "city": "", "state": "NC", "area-code": "704"}, {"id": "e81c9350d54f66c6d33b3747ee6b084e", "number": "24384031323", "date": "2021-01-22 18:09:00", "subject": "0", "recorded-or-robo": "Y", "city": "Valliant", "state": "OK", "area-code": "580"}, {"id": "1d36742e3f24f50e4e7ae82801003f3d", "number": "24384031323", "date": "2021-01-22 18:09:00", "subject": "0", "recorded-or-robo": "Y", "city": "Valliant", "state": "OK", "area-code": "580"}, {"id": "e81c9350d54f66c6d33b3747eea37760", "number": "+16313068935", "date": "2021-01-22 19:20:46", "subject": "3", "recorded-or-robo": "Y", "city": "", "state": "FL", "area-code": "786"}, {"id": "1d36742e3f24f50e4e7ae8280138680f", "number": "+16313068935", "date": "2021-01-22 19:20:46", "subject": "3", "recorded-or-robo": "Y", "city": "", "state": "FL", "area-code": "786"}, {"id": "e81c9350d54f66c6d33b3747ee6b05d6", "number": "72045567415", "date": "2021-01-22 19:05:00", "subject": "1", "recorded-or-robo": "Y", "city": "", "state": "PA", "area-code": "724"}, {"id": "1d36742e3f24f50e4e7ae82801003257", "number": "72045567415", "date": "2021-01-22 19:05:00", "subject": "1", "recorded-or-robo": "Y", "city": "", "state": "PA", "area-code": "724"}, {"id": "e81c9350d54f66c6d33b3747ee6af9d0", "number": "6143624961", "date": "2021-01-22 19:17:00", "subject": "2", "recorded-or-robo": "Y", "city": "Thompsontown", "state": "PA", "area-code": "717"}, {"id": "1d36742e3f24f50e4e7ae82801002e1d", "number": "6143624961", "date": "2021-01-22 19:17:00", "subject": "2", "recorded-or-robo": "Y", "city": "Thompsontown", "state": "PA", "area-code": "717"}, {"id": "e81c9350d54f66c6d33b3747ee6af1a9", "number": "5054363380", "date": "2021-01-22 13:19:00", "subject": "2", "recorded-or-robo": "Y", "city": "Santa Fe", "state": "NM", "area-code": "505"}, {"id": "1d36742e3f24f50e4e7ae82801001e25", "number": "5054363380", "date": "2021-01-22 13:19:00", "subject": "2", "recorded-or-robo": "Y", "city": "Santa Fe", "state": "NM", "area-code": "505"}, {"id": "e81c9350d54f66c6d33b3747ee6ae5f0", "number": "4423098601", "date": "2021-01-22 18:18:00", "subject": "2", "recorded-or-robo": "Y", "city": "W. Memphis", "state": "AR", "area-code": "870"}, {"id": "1d36742e3f24f50e4e7ae82801001040", "number": "4423098601", "date": "2021-01-22 18:18:00", "subject": "2", "recorded-or-robo": "Y", "city": "W. Memphis", "state": "AR", "area-code": "870"}, {"id": "e81c9350d54f66c6d33b3747ee6ae2b3", "number": "8605063597", "date": "2021-01-21 19:33:00", "subject": "3", "recorded-or-robo": "Y", "city": "west cornwall", "state": "CT", "area-code": "860"}, {"id": "1d36742e3f24f50e4e7ae82801000186", "number": "8605063597", "date": "2021-01-21 19:33:00", "subject": "3", "recorded-or-robo": "Y", "city": "west cornwall", "state": "CT", "area-code": "860"}, {"id": "e81c9350d54f66c6d33b3747ee6adcbf", "number": "5167662519", "date": "2021-01-21 14:20:00", "subject": "3", "recorded-or-robo": "Y", "city": "", "state": "NY", "area-code": "516"}, {"id": "deca54a6651fb9add5b4a9816cfff91c", "number": "5167662519", "date": "2021-01-21 14:20:00", "subject": "3", "recorded-or-robo": "Y", "city": "", "state": "NY", "area-code": "516"}, {"id": "e81c9350d54f66c6d33b3747ee6ad538", "number": "8649166979", "date": "2021-01-21 18:16:00", "subject": "4", "recorded-or-robo": "Y", "city": "Fort  Washington", "state": "MD", "area-code": "301"}, {"id": "deca54a6651fb9add5b4a9816cffea27", "number": "8649166979", "date": "2021-01-21 18:16:00", "subject": "4", "recorded-or-robo": "Y", "city": "Fort  Washington", "state": "MD", "area-code": "301"}, {"id": "e81c9350d54f66c6d33b3747eea3b3f3", "number": "4694231665", "date": "2021-01-22 19:20:17", "subject": "3", "recorded-or-robo": "Y", "city": "", "state": "TX", "area-code": "469"}, {"id": "1d36742e3f24f50e4e7ae8280138be35", "number": "4694231665", "date": "2021-01-22 19:20:17", "subject": "3", "recorded-or-robo": "Y", "city": "", "state": "TX", "area-code": "469"}, {"id": "e81c9350d54f66c6d33b3747ee6ac954", "number": "7325603324", "date": "2021-01-22 11:28:00", "subject": "2", "recorded-or-robo": "Y", "city": "", "state": "NJ", "area-code": "201"}, {"id": "deca54a6651fb9add5b4a9816cffdaa7", "number": "7325603324", "date": "2021-01-22 11:28:00", "subject": "2", "recorded-or-robo": "Y", "city": "", "state": "NJ", "area-code": "201"}, {"id": "e81c9350d54f66c6d33b3747ee6abfe8", "number": "3144438368", "date": "2021-01-21 15:54:00", "subject": "2", "recorded-or-robo": "Y", "city": "", "state": "MO", "area-code": "314"}, {"id": "deca54a6651fb9add5b4a9816cffd5ee", "number": "3144438368", "date": "2021-01-21 15:54:00", "subject": "2", "recorded-or-robo": "Y", "city": "", "state": "MO", "area-code": "314"}, {"id": "e81c9350d54f66c6d33b3747eea351a6", "number": "2175744961", "date": "2021-01-22 19:20:07", "subject": "3", "recorded-or-robo": "N", "city": "", "state": "FL", "area-code": "305"}, {"id": "1d36742e3f24f50e4e7ae828013834bd", "number": "2175744961", "date": "2021-01-22 19:20:07", "subject": "3", "recorded-or-robo": "N", "city": "", "state": "FL", "area-code": "305"}, {"id": "e81c9350d54f66c6d33b3747ee6ab196", "number": "2193334524", "date": "2021-01-12 15:27:00", "subject": "1", "recorded-or-robo": "Y", "city": "Chandler", "state": "AZ", "area-code": "480"}, {"id": "e81c9350d54f66c6d33b3747ee6ab03b", "number": "5415593377", "date": "2021-01-22 14:46:00", "subject": "9", "recorded-or-robo": "Y", "city": "", "state": "OR", "area-code": "541"}, {"id": "deca54a6651fb9add5b4a9816cffd0fc", "number": "2193334524", "date": "2021-01-12 15:27:00", "subject": "1", "recorded-or-robo": "Y", "city": "Chandler", "state": "AZ", "area-code": "480"}, {"id": "deca54a6651fb9add5b4a9816cffc5aa", "number": "5415593377", "date": "2021-01-22 14:46:00", "subject": "9", "recorded-or-robo": "Y", "city": "", "state": "OR", "area-code": "541"}, {"id": "e81c9350d54f66c6d33b3747ee6aa669", "number": "7609197043", "date": "2020-10-26 00:00:00", "subject": "0", "recorded-or-robo": "Y", "city": "Manassas", "state": "VA", "area-code": "703"}, {"id": "deca54a6651fb9add5b4a9816cffbb01", "number": "7609197043", "date": "2020-10-26 00:00:00", "subject": "0", "recorded-or-robo": "Y", "city": "Manassas", "state": "VA", "area-code": "703"}, {"id": "e81c9350d54f66c6d33b3747ee6a99c2", "number": "5086767779", "date": "2021-01-22 12:42:00", "subject": "2", "recorded-or-robo": "Y", "city": "Rehoboth", "state": "MA", "area-code": "774"}, {"id": "deca54a6651fb9add5b4a9816cffb538", "number": "5086767779", "date": "2021-01-22 12:42:00", "subject": "2", "recorded-or-robo": "Y", "city": "Rehoboth", "state": "MA", "area-code": "774"}, {"id": "e81c9350d54f66c6d33b3747ee6a902d", "number": "5167662519", "date": "2021-01-21 14:20:00", "subject": "3", "recorded-or-robo": "Y", "city": "", "state": "NY", "area-code": "516"}, {"id": "deca54a6651fb9add5b4a9816cffaac2", "number": "5167662519", "date": "2021-01-21 14:20:00", "subject": "3", "recorded-or-robo": "Y", "city": "", "state": "NY", "area-code": "516"}, {"id": "e81c9350d54f66c6d33b3747ee6a900f", "number": "2142503818", "date": "2021-01-22 00:00:00", "subject": "0", "recorded-or-robo": "Y", "city": "Mckinney", "state": "TX", "area-code": "972"}, {"id": "deca54a6651fb9add5b4a9816cff9b56", "number": "2142503818", "date": "2021-01-22 00:00:00", "subject": "0", "recorded-or-robo": "Y", "city": "Mckinney", "state": "TX", "area-code": "972"}, {"id": "e81c9350d54f66c6d33b3747eea37428", "number": "7038445422", "date": "2021-01-22 19:19:52", "subject": "3", "recorded-or-robo": "N", "city": "", "state": "VA", "area-code": "703"}, {"id": "1d36742e3f24f50e4e7ae828013862ee", "number": "7038445422", "date": "2021-01-22 19:19:52", "subject": "3", "recorded-or-robo": "N", "city": "", "state": "VA", "area-code": "703"}, {"id": "e81c9350d54f66c6d33b3747ee6a86c9", "number": "9043159384", "date": "2021-01-22 12:00:00", "subject": "2", "recorded-or-robo": "Y", "city": "St augustine", "state": "FL", "area-code": "904"}, {"id": "deca54a6651fb9add5b4a9816cff9542", "number": "9043159384", "date": "2021-01-22 12:00:00", "subject": "2", "recorded-or-robo": "Y", "city": "St augustine", "state": "FL", "area-code": "904"}, {"id": "e81c9350d54f66c6d33b3747ee6a81d2", "number": "4806740554", "date": "2021-01-22 15:17:00", "subject": "7", "recorded-or-robo": "N", "city": "Tempe", "state": "AZ", "area-code": "602"}, {"id": "deca54a6651fb9add5b4a9816cff927c", "number": "4806740554", "date": "2021-01-22 15:17:00", "subject": "7", "recorded-or-robo": "N", "city": "Tempe", "state": "AZ", "area-code": "602"}, {"id": "e81c9350d54f66c6d33b3747ee6a742a", "number": "9725718738", "date": "2021-01-22 18:18:00", "subject": "2", "recorded-or-robo": "Y", "city": "Plano", "state": "TX", "area-code": "972"}, {"id": "deca54a6651fb9add5b4a9816cff84c1", "number": "9725718738", "date": "2021-01-22 18:18:00", "subject": "2", "recorded-or-robo": "Y", "city": "Plano", "state": "TX", "area-code": "972"}, {"id": "e81c9350d54f66c6d33b3747ee6a734e", "number": "8606455067", "date": "2021-01-22 18:58:00", "subject": "7", "recorded-or-robo": "N", "city": "Norwich", "state": "CT", "area-code": "860"}, {"id": "deca54a6651fb9add5b4a9816cff80f6", "number": "8606455067", "date": "2021-01-22 18:58:00", "subject": "7", "recorded-or-robo": "N", "city": "Norwich", "state": "CT", "area-code": "860"}, {"id": "e81c9350d54f66c6d33b3747ee6a6653", "number": "5167662519", "date": "2021-01-21 14:19:00", "subject": "3", "recorded-or-robo": "Y", "city": "", "state": "NY", "area-code": "516"}]}