{"data": [{"id": "deca54a6651fb9add5b4a9816cbb217c", "number": "", "date": "2021-01-22 18:11:00", "subject": "3", "recorded-or-robo": "Y", "city": "", "state": "NY", "area-code": "585"}, {"id": "e81c9350d54f66c6d33b3747ee25e91a", "number": "8052442425", "date": "2021-01-22 13:05:00", "subject": "0", "recorded-or-robo": "N", "city": "CAMARILLO", "state": "CA", "area-code": "805"}, {"id": "deca54a6651fb9add5b4a9816cbb1efd", "number": "8052442425", "date": "2021-01-22 13:05:00", "subject": "0", "recorded-or-robo": "N", "city": "CAMARILLO", "state": "CA", "area-code": "805"}, {"id": "e81c9350d54f66c6d33b3747ee25e607", "number": "7752766316", "date": "2021-01-22 14:52:00", "subject": "7", "recorded-or-robo": "Y", "city": "HENDERSON", "state": "NV", "area-code": "775"}, {"id": "deca54a6651fb9add5b4a9816cbb1df6", "number": "7752766316", "date": "2021-01-22 14:52:00", "subject": "7", "recorded-or-robo": "Y", "city": "HENDERSON", "state": "NV", "area-code": "775"}, {"id": "e81c9350d54f66c6d33b3747ee561b71", "number": "9846000798", "date": "2021-01-22 18:05:24", "subject": "3", "recorded-or-robo": "Y", "city": "", "state": "FL", "area-code": "904"}, {"id": "e81c9350d54f66c6d33b3747ee25dc14", "number": "4012148349", "date": "2021-01-22 16:52:00", "subject": "2", "recorded-or-robo": "Y", "city": "Richmond", "state": "VA", "area-code": "804"}, {"id": "deca54a6651fb9add5b4a9816cea8824", "number": "9846000798", "date": "2021-01-22 18:05:24", "subject": "3", "recorded-or-robo": "Y", "city": "", "state": "FL", "area-code": "904"}, {"id": "deca54a6651fb9add5b4a9816cbb1cf8", "number": "4012148349", "date": "2021-01-22 16:52:00", "subject": "2", "recorded-or-robo": "Y", "city": "Richmond", "state": "VA", "area-code": "804"}, {"id": "e81c9350d54f66c6d33b3747ee25daea", "number": "7168222016", "date": "2021-01-22 17:27:00", "subject": "4", "recorded-or-robo": "N", "city": "Blasdell", "state": "NY", "area-code": "716"}, {"id": "deca54a6651fb9add5b4a9816cbb1794", "number": "7168222016", "date": "2021-01-22 17:27:00", "subject": "4", "recorded-or-robo": "N", "city": "Blasdell", "state": "NY", "area-code": "716"}, {"id": "e81c9350d54f66c6d33b3747ee25d0a4", "number": "9124548287", "date": "2020-12-15 08:22:00", "subject": "2", "recorded-or-robo": "Y", "city": "Colorado Springs", "state": "CO", "area-code": "912"}, {"id": "deca54a6651fb9add5b4a9816cbb0a69", "number": "9124548287", "date": "2020-12-15 08:22:00", "subject": "2", "recorded-or-robo": "Y", "city": "Colorado Springs", "state": "CO", "area-code": "912"}, {"id": "e81c9350d54f66c6d33b3747ee565519", "number": "2702251494", "date": "2021-01-22 18:05:12", "subject": "3", "recorded-or-robo": "Y", "city": "", "state": "KY", "area-code": "502"}, {"id": "e81c9350d54f66c6d33b3747ee25c194", "number": "2813702002", "date": "2021-01-21 15:51:00", "subject": "0", "recorded-or-robo": "Y", "city": "Spring", "state": "TX", "area-code": "281"}, {"id": "deca54a6651fb9add5b4a9816ceacce7", "number": "2702251494", "date": "2021-01-22 18:05:12", "subject": "3", "recorded-or-robo": "Y", "city": "", "state": "KY", "area-code": "502"}, {"id": "deca54a6651fb9add5b4a9816cbafcc2", "number": "2813702002", "date": "2021-01-21 15:51:00", "subject": "0", "recorded-or-robo": "Y", "city": "Spring", "state": "TX", "area-code": "281"}, {"id": "e81c9350d54f66c6d33b3747ee56355b", "number": "2702251494", "date": "2021-01-22 18:05:11", "subject": "3", "recorded-or-robo": "Y", "city": "", "state": "KY", "area-code": "502"}, {"id": "deca54a6651fb9add5b4a9816ceaa462", "number": "2702251494", "date": "2021-01-22 18:05:11", "subject": "3", "recorded-or-robo": "Y", "city": "", "state": "KY", "area-code": "502"}, {"id": "e81c9350d54f66c6d33b3747ee25b9eb", "number": "8652900455", "date": "2021-01-22 15:02:00", "subject": "0", "recorded-or-robo": "N", "city": "Huntington Beach", "state": "CA", "area-code": "818"}, {"id": "deca54a6651fb9add5b4a9816cbafa3b", "number": "8652900455", "date": "2021-01-22 15:02:00", "subject": "0", "recorded-or-robo": "N", "city": "Huntington Beach", "state": "CA", "area-code": "818"}, {"id": "e81c9350d54f66c6d33b3747ee25b0d4", "number": "2067841661", "date": "2021-01-22 17:53:00", "subject": "6", "recorded-or-robo": "Y", "city": "Marion", "state": "OH", "area-code": "740"}, {"id": "deca54a6651fb9add5b4a9816cbaf671", "number": "2067841661", "date": "2021-01-22 17:53:00", "subject": "6", "recorded-or-robo": "Y", "city": "Marion", "state": "OH", "area-code": "740"}, {"id": "e81c9350d54f66c6d33b3747ee25ac91", "number": "2052878972", "date": "2021-01-17 07:45:00", "subject": "3", "recorded-or-robo": "Y", "city": "", "state": "CA", "area-code": "209"}, {"id": "deca54a6651fb9add5b4a9816cbae7fd", "number": "2052878972", "date": "2021-01-17 07:45:00", "subject": "3", "recorded-or-robo": "Y", "city": "", "state": "CA", "area-code": "209"}, {"id": "e81c9350d54f66c6d33b3747ee259d7e", "number": "4432392030", "date": "2021-01-12 15:51:00", "subject": "0", "recorded-or-robo": "", "city": "", "state": "MD", "area-code": "443"}, {"id": "deca54a6651fb9add5b4a9816cbae78d", "number": "4432392030", "date": "2021-01-12 15:51:00", "subject": "0", "recorded-or-robo": "", "city": "", "state": "MD", "area-code": "443"}, {"id": "e81c9350d54f66c6d33b3747ee563e71", "number": "5027170548", "date": "2021-01-22 18:04:57", "subject": "3", "recorded-or-robo": "Y", "city": "", "state": "KY", "area-code": "502"}, {"id": "e81c9350d54f66c6d33b3747ee259b22", "number": "6319738676", "date": "2021-01-22 17:12:00", "subject": "3", "recorded-or-robo": "Y", "city": "", "state": "NY", "area-code": "631"}, {"id": "deca54a6651fb9add5b4a9816ceab182", "number": "5027170548", "date": "2021-01-22 18:04:57", "subject": "3", "recorded-or-robo": "Y", "city": "", "state": "KY", "area-code": "502"}, {"id": "deca54a6651fb9add5b4a9816cbadf42", "number": "6319738676", "date": "2021-01-22 17:12:00", "subject": "3", "recorded-or-robo": "Y", "city": "", "state": "NY", "area-code": "631"}, {"id": "e81c9350d54f66c6d33b3747ee258e83", "number": "5093588872", "date": "2021-01-22 16:39:00", "subject": "0", "recorded-or-robo": "", "city": "", "state": "NJ", "area-code": "973"}, {"id": "deca54a6651fb9add5b4a9816cbad8cd", "number": "5093588872", "date": "2021-01-22 16:39:00", "subject": "0", "recorded-or-robo": "", "city": "", "state": "NJ", "area-code": "973"}, {"id": "e81c9350d54f66c6d33b3747ee25862a", "number": "8303601698", "date": "2021-01-22 17:00:00", "subject": "1", "recorded-or-robo": "Y", "city": "mills river NC", "state": "NC", "area-code": "828"}, {"id": "deca54a6651fb9add5b4a9816cbacc5a", "number": "8303601698", "date": "2021-01-22 17:00:00", "subject": "1", "recorded-or-robo": "Y", "city": "mills river NC", "state": "NC", "area-code": "828"}, {"id": "e81c9350d54f66c6d33b3747ee257efd", "number": "6095474038", "date": "2021-01-22 18:02:00", "subject": "2", "recorded-or-robo": "Y", "city": "rio grande", "state": "NJ", "area-code": "609"}, {"id": "deca54a6651fb9add5b4a9816cbac86b", "number": "6095474038", "date": "2021-01-22 18:02:00", "subject": "2", "recorded-or-robo": "Y", "city": "rio grande", "state": "NJ", "area-code": "609"}, {"id": "e81c9350d54f66c6d33b3747ee257840", "number": "6022517737", "date": "2021-01-22 17:57:00", "subject": "1", "recorded-or-robo": "Y", "city": "Soperton", "state": "GA", "area-code": "912"}, {"id": "deca54a6651fb9add5b4a9816cbac5a5", "number": "6022517737", "date": "2021-01-22 17:57:00", "subject": "1", "recorded-or-robo": "Y", "city": "Soperton", "state": "GA", "area-code": "912"}, {"id": "e81c9350d54f66c6d33b3747ee2572a9", "number": "7077010062", "date": "2021-01-22 11:42:00", "subject": "4", "recorded-or-robo": "Y", "city": "Salem", "state": "OR", "area-code": "707"}, {"id": "deca54a6651fb9add5b4a9816cbab7d8", "number": "7077010062", "date": "2021-01-22 11:42:00", "subject": "4", "recorded-or-robo": "Y", "city": "Salem", "state": "OR", "area-code": "707"}, {"id": "e81c9350d54f66c6d33b3747ee2566b8", "number": "7206816731", "date": "2021-01-22 15:50:00", "subject": "1", "recorded-or-robo": "Y", "city": "", "state": "CO", "area-code": "970"}, {"id": "deca54a6651fb9add5b4a9816cbaabcc", "number": "7206816731", "date": "2021-01-22 15:50:00", "subject": "1", "recorded-or-robo": "Y", "city": "", "state": "CO", "area-code": "970"}, {"id": "e81c9350d54f66c6d33b3747ee256308", "number": "1213524118", "date": "2021-01-22 14:45:00", "subject": "2", "recorded-or-robo": "Y", "city": "Vancouver", "state": "WA", "area-code": "213"}, {"id": "deca54a6651fb9add5b4a9816cbaa0a7", "number": "1213524118", "date": "2021-01-22 14:45:00", "subject": "2", "recorded-or-robo": "Y", "city": "Vancouver", "state": "WA", "area-code": "213"}, {"id": "e81c9350d54f66c6d33b3747ee255d95", "number": "2296860796", "date": "2021-01-22 17:58:00", "subject": "2", "recorded-or-robo": "Y", "city": "GREENSBORO", "state": "GA", "area-code": "770"}, {"id": "deca54a6651fb9add5b4a9816cba958f", "number": "2296860796", "date": "2021-01-22 17:58:00", "subject": "2", "recorded-or-robo": "Y", "city": "GREENSBORO", "state": "GA", "area-code": "770"}, {"id": "e81c9350d54f66c6d33b3747ee25592f", "number": "8582511434", "date": "2021-01-22 12:55:00", "subject": "0", "recorded-or-robo": "N", "city": "CAMARILLO", "state": "CA", "area-code": "805"}, {"id": "deca54a6651fb9add5b4a9816cba93c1", "number": "8582511434", "date": "2021-01-22 12:55:00", "subject": "0", "recorded-or-robo": "N", "city": "CAMARILLO", "state": "CA", "area-code": "805"}, {"id": "e81c9350d54f66c6d33b3747ee254cfa", "number": "8176384720", "date": "2021-01-22 18:00:00", "subject": "9", "recorded-or-robo": "Y", "city": "California", "state": "MD", "area-code": "254"}]}