{"data": [{"id": "b6a8da8b80f26332ed085cca2de6c9a6", "number": "3343588433", "date": "2021-01-22 16:09:00", "subject": "6", "recorded-or-robo": "Y", "city": "Noblesville", "state": "IN", "area-code": "317"}, {"id": "deca54a6651fb9add5b4a9816c7bd5d9", "number": "6604387904", "date": "2021-01-18 18:39:00", "subject": "2", "recorded-or-robo": "Y", "city": "Florence", "state": "KY", "area-code": "859"}, {"id": "b6a8da8b80f26332ed085cca2de6be88", "number": "6604387904", "date": "2021-01-18 18:39:00", "subject": "2", "recorded-or-robo": "Y", "city": "Florence", "state": "KY", "area-code": "859"}, {"id": "deca54a6651fb9add5b4a9816c7bc7fe", "number": "9365887635", "date": "2021-01-22 13:07:00", "subject": "11", "recorded-or-robo": "Y", "city": "", "state": "TX", "area-code": "936"}, {"id": "b6a8da8b80f26332ed085cca2de6b032", "number": "9365887635", "date": "2021-01-22 13:07:00", "subject": "11", "recorded-or-robo": "Y", "city": "", "state": "TX", "area-code": "936"}, {"id": "deca54a6651fb9add5b4a9816c7bc462", "number": "", "date": "2021-01-22 15:01:00", "subject": "1", "recorded-or-robo": "Y", "city": "Dallas", "state": "TX", "area-code": "214"}, {"id": "b6a8da8b80f26332ed085cca2de6ab4f", "number": "", "date": "2021-01-22 15:01:00", "subject": "1", "recorded-or-robo": "Y", "city": "Dallas", "state": "TX", "area-code": "214"}, {"id": "deca54a6651fb9add5b4a9816c7bc18c", "number": "6615358105", "date": "2021-01-22 13:14:00", "subject": "2", "recorded-or-robo": "Y", "city": "Palmdale", "state": "CA", "area-code": "661"}, {"id": "deca54a6651fb9add5b4a9816c7bc147", "number": "2623316440", "date": "2021-01-22 11:34:00", "subject": "4", "recorded-or-robo": "Y", "city": "", "state": "WI", "area-code": "262"}, {"id": "b6a8da8b80f26332ed085cca2de6a406", "number": "6615358105", "date": "2021-01-22 13:14:00", "subject": "2", "recorded-or-robo": "Y", "city": "Palmdale", "state": "CA", "area-code": "661"}, {"id": "b6a8da8b80f26332ed085cca2de694b1", "number": "2623316440", "date": "2021-01-22 11:34:00", "subject": "4", "recorded-or-robo": "Y", "city": "", "state": "WI", "area-code": "262"}, {"id": "deca54a6651fb9add5b4a9816c7bbe0b", "number": "6157526531", "date": "2021-01-22 13:23:00", "subject": "11", "recorded-or-robo": "Y", "city": "Portland", "state": "OR", "area-code": "321"}, {"id": "b6a8da8b80f26332ed085cca2de68b33", "number": "6157526531", "date": "2021-01-22 13:23:00", "subject": "11", "recorded-or-robo": "Y", "city": "Portland", "state": "OR", "area-code": "321"}, {"id": "deca54a6651fb9add5b4a9816c7bbae4", "number": "4439185051", "date": "2021-01-21 16:28:00", "subject": "1", "recorded-or-robo": "Y", "city": "Green Valley", "state": "AZ", "area-code": "520"}, {"id": "b6a8da8b80f26332ed085cca2de68a2e", "number": "4439185051", "date": "2021-01-21 16:28:00", "subject": "1", "recorded-or-robo": "Y", "city": "Green Valley", "state": "AZ", "area-code": "520"}, {"id": "deca54a6651fb9add5b4a9816c7bac1c", "number": "9704477754", "date": "2021-01-21 11:03:00", "subject": "2", "recorded-or-robo": "", "city": "Golden", "state": "CO", "area-code": "303"}, {"id": "b6a8da8b80f26332ed085cca2de67e3a", "number": "9704477754", "date": "2021-01-21 11:03:00", "subject": "2", "recorded-or-robo": "", "city": "Golden", "state": "CO", "area-code": "303"}, {"id": "e81c9350d54f66c6d33b3747ee497337", "number": "+12063398770", "date": "2021-01-22 16:26:54", "subject": "3", "recorded-or-robo": "Y", "city": "", "state": "WA", "area-code": "253"}, {"id": "deca54a6651fb9add5b4a9816cddf213", "number": "+12063398770", "date": "2021-01-22 16:26:54", "subject": "3", "recorded-or-robo": "Y", "city": "", "state": "WA", "area-code": "253"}, {"id": "deca54a6651fb9add5b4a9816c7b9d89", "number": "7038446436", "date": "2021-01-21 12:07:00", "subject": "2", "recorded-or-robo": "Y", "city": "Woodbridge", "state": "VA", "area-code": "703"}, {"id": "b6a8da8b80f26332ed085cca2de67546", "number": "7038446436", "date": "2021-01-21 12:07:00", "subject": "2", "recorded-or-robo": "Y", "city": "Woodbridge", "state": "VA", "area-code": "703"}, {"id": "deca54a6651fb9add5b4a9816c7b99a3", "number": "7876178491", "date": "2021-01-20 17:27:00", "subject": "2", "recorded-or-robo": "Y", "city": "SAN LORENZO", "state": "PR", "area-code": "787"}, {"id": "deca54a6651fb9add5b4a9816c7b8c99", "number": "5035233534", "date": "2021-01-22 14:24:00", "subject": "4", "recorded-or-robo": "Y", "city": "", "state": "OR", "area-code": "503"}, {"id": "b6a8da8b80f26332ed085cca2de66d65", "number": "7876178491", "date": "2021-01-20 17:27:00", "subject": "2", "recorded-or-robo": "Y", "city": "SAN LORENZO", "state": "PR", "area-code": "787"}, {"id": "b6a8da8b80f26332ed085cca2de66d11", "number": "5035233534", "date": "2021-01-22 14:24:00", "subject": "4", "recorded-or-robo": "Y", "city": "", "state": "OR", "area-code": "503"}, {"id": "e81c9350d54f66c6d33b3747ee49100e", "number": "4356126680", "date": "2021-01-22 16:26:49", "subject": "3", "recorded-or-robo": "Y", "city": "", "state": "UT", "area-code": "801"}, {"id": "deca54a6651fb9add5b4a9816cddb40e", "number": "4356126680", "date": "2021-01-22 16:26:49", "subject": "3", "recorded-or-robo": "Y", "city": "", "state": "UT", "area-code": "801"}, {"id": "e81c9350d54f66c6d33b3747ee4960f3", "number": "7863041152", "date": "2021-01-22 16:26:48", "subject": "3", "recorded-or-robo": "Y", "city": "", "state": "FL", "area-code": "786"}, {"id": "deca54a6651fb9add5b4a9816cddddc0", "number": "7863041152", "date": "2021-01-22 16:26:48", "subject": "3", "recorded-or-robo": "Y", "city": "", "state": "FL", "area-code": "786"}, {"id": "e81c9350d54f66c6d33b3747ee49a675", "number": "7863041152", "date": "2021-01-22 16:26:47", "subject": "3", "recorded-or-robo": "Y", "city": "", "state": "FL", "area-code": "786"}, {"id": "deca54a6651fb9add5b4a9816cde346a", "number": "7863041152", "date": "2021-01-22 16:26:47", "subject": "3", "recorded-or-robo": "Y", "city": "", "state": "FL", "area-code": "786"}, {"id": "deca54a6651fb9add5b4a9816c7b8705", "number": "2818005407", "date": "2021-01-22 14:09:00", "subject": "2", "recorded-or-robo": "Y", "city": "Phoenix", "state": "AZ", "area-code": "281"}, {"id": "b6a8da8b80f26332ed085cca2de6675d", "number": "2818005407", "date": "2021-01-22 14:09:00", "subject": "2", "recorded-or-robo": "Y", "city": "Phoenix", "state": "AZ", "area-code": "281"}, {"id": "e81c9350d54f66c6d33b3747ee4919c3", "number": "+18562056314", "date": "2021-01-22 16:26:43", "subject": "3", "recorded-or-robo": "Y", "city": "", "state": "NY", "area-code": "716"}, {"id": "deca54a6651fb9add5b4a9816cddba12", "number": "+18562056314", "date": "2021-01-22 16:26:43", "subject": "3", "recorded-or-robo": "Y", "city": "", "state": "NY", "area-code": "716"}, {"id": "deca54a6651fb9add5b4a9816c7b859b", "number": "8039131600", "date": "2021-01-22 09:04:00", "subject": "2", "recorded-or-robo": "", "city": "Dallas", "state": "TX", "area-code": "469"}, {"id": "b6a8da8b80f26332ed085cca2de662f4", "number": "8039131600", "date": "2021-01-22 09:04:00", "subject": "2", "recorded-or-robo": "", "city": "Dallas", "state": "TX", "area-code": "469"}, {"id": "deca54a6651fb9add5b4a9816c7b7e19", "number": "9282637646", "date": "2021-01-22 12:33:00", "subject": "0", "recorded-or-robo": "Y", "city": "Kingman", "state": "AZ", "area-code": "928"}, {"id": "b6a8da8b80f26332ed085cca2de66032", "number": "9282637646", "date": "2021-01-22 12:33:00", "subject": "0", "recorded-or-robo": "Y", "city": "Kingman", "state": "AZ", "area-code": "928"}, {"id": "deca54a6651fb9add5b4a9816c7b7cdf", "number": "", "date": "2021-01-22 12:50:00", "subject": "1", "recorded-or-robo": "Y", "city": "", "state": "MS", "area-code": "662"}, {"id": "deca54a6651fb9add5b4a9816c7b78ff", "number": "3212835209", "date": "2021-01-22 11:01:00", "subject": "2", "recorded-or-robo": "N", "city": "", "state": "FL", "area-code": "407"}, {"id": "b6a8da8b80f26332ed085cca2de65392", "number": "", "date": "2021-01-22 12:50:00", "subject": "1", "recorded-or-robo": "Y", "city": "", "state": "MS", "area-code": "662"}, {"id": "b6a8da8b80f26332ed085cca2de6445e", "number": "3212835209", "date": "2021-01-22 11:01:00", "subject": "2", "recorded-or-robo": "N", "city": "", "state": "FL", "area-code": "407"}, {"id": "deca54a6651fb9add5b4a9816c7b6fe3", "number": "4092237978", "date": "2021-01-22 00:00:00", "subject": "3", "recorded-or-robo": "Y", "city": "", "state": "TX", "area-code": "469"}, {"id": "b6a8da8b80f26332ed085cca2de6398e", "number": "4092237978", "date": "2021-01-22 00:00:00", "subject": "3", "recorded-or-robo": "Y", "city": "", "state": "TX", "area-code": "469"}, {"id": "deca54a6651fb9add5b4a9816c7b63a9", "number": "3322559040", "date": "2021-01-22 10:53:00", "subject": "4", "recorded-or-robo": "Y", "city": "New York", "state": "NY", "area-code": "212"}, {"id": "b6a8da8b80f26332ed085cca2de62ab8", "number": "3322559040", "date": "2021-01-22 10:53:00", "subject": "4", "recorded-or-robo": "Y", "city": "New York", "state": "NY", "area-code": "212"}, {"id": "deca54a6651fb9add5b4a9816c7b5520", "number": "7758634854", "date": "2021-01-22 15:00:00", "subject": "2", "recorded-or-robo": "Y", "city": "", "state": "IL", "area-code": "815"}, {"id": "deca54a6651fb9add5b4a9816c7b4c92", "number": "None", "date": "2021-01-21 10:25:00", "subject": "1", "recorded-or-robo": "Y", "city": "Salem", "state": "OR", "area-code": "503"}, {"id": "b6a8da8b80f26332ed085cca2de62a89", "number": "7758634854", "date": "2021-01-22 15:00:00", "subject": "2", "recorded-or-robo": "Y", "city": "", "state": "IL", "area-code": "815"}]}