{"data": [{"id": "e81c9350d54f66c6d33b3747ee7624e5", "number": "2254785326", "date": "2021-01-22 18:40:00", "subject": "2", "recorded-or-robo": "Y", "city": "", "state": "LA", "area-code": "225"}, {"id": "1d36742e3f24f50e4e7ae828013cd551", "number": "7472653530", "date": "2021-01-22 19:48:25", "subject": "3", "recorded-or-robo": "N", "city": "", "state": "CA", "area-code": "626"}, {"id": "1d36742e3f24f50e4e7ae828010b240c", "number": "2254785326", "date": "2021-01-22 18:40:00", "subject": "2", "recorded-or-robo": "Y", "city": "", "state": "LA", "area-code": "225"}, {"id": "e81c9350d54f66c6d33b3747eea77e18", "number": "+13162046632", "date": "2021-01-22 19:48:22", "subject": "3", "recorded-or-robo": "N", "city": "", "state": "KS", "area-code": "316"}, {"id": "1d36742e3f24f50e4e7ae828013c4de8", "number": "+13162046632", "date": "2021-01-22 19:48:22", "subject": "3", "recorded-or-robo": "N", "city": "", "state": "KS", "area-code": "316"}, {"id": "e81c9350d54f66c6d33b3747ee761f83", "number": "8663581808", "date": "2021-01-17 15:06:00", "subject": "2", "recorded-or-robo": "Y", "city": "Medford", "state": "OR", "area-code": "541"}, {"id": "1d36742e3f24f50e4e7ae828010b1428", "number": "8663581808", "date": "2021-01-17 15:06:00", "subject": "2", "recorded-or-robo": "Y", "city": "Medford", "state": "OR", "area-code": "541"}, {"id": "e81c9350d54f66c6d33b3747ee761928", "number": "4057733897", "date": "2021-01-22 14:10:00", "subject": "5", "recorded-or-robo": "N", "city": "Spencer", "state": "OK", "area-code": "405"}, {"id": "1d36742e3f24f50e4e7ae828010b08cd", "number": "4057733897", "date": "2021-01-22 14:10:00", "subject": "5", "recorded-or-robo": "N", "city": "Spencer", "state": "OK", "area-code": "405"}, {"id": "e81c9350d54f66c6d33b3747eea7eaad", "number": "+13162601240", "date": "2021-01-22 19:48:06", "subject": "3", "recorded-or-robo": "N", "city": "", "state": "KS", "area-code": "316"}, {"id": "1d36742e3f24f50e4e7ae828013cbb82", "number": "+13162601240", "date": "2021-01-22 19:48:06", "subject": "3", "recorded-or-robo": "N", "city": "", "state": "KS", "area-code": "316"}, {"id": "e81c9350d54f66c6d33b3747ee7616d1", "number": "2034120932", "date": "2021-01-22 15:38:00", "subject": "0", "recorded-or-robo": "N", "city": "", "state": "NC", "area-code": "704"}, {"id": "1d36742e3f24f50e4e7ae828010afbcf", "number": "2034120932", "date": "2021-01-22 15:38:00", "subject": "0", "recorded-or-robo": "N", "city": "", "state": "NC", "area-code": "704"}, {"id": "e81c9350d54f66c6d33b3747ee760f03", "number": "7137671162", "date": "2021-01-22 16:08:00", "subject": "6", "recorded-or-robo": "Y", "city": "Houston", "state": "TX", "area-code": "713"}, {"id": "1d36742e3f24f50e4e7ae828010af498", "number": "7137671162", "date": "2021-01-22 16:08:00", "subject": "6", "recorded-or-robo": "Y", "city": "Houston", "state": "TX", "area-code": "713"}, {"id": "e81c9350d54f66c6d33b3747ee76042f", "number": "", "date": "2021-01-22 16:31:00", "subject": "5", "recorded-or-robo": "Y", "city": "", "state": "LA", "area-code": "337"}, {"id": "1d36742e3f24f50e4e7ae828010af37a", "number": "", "date": "2021-01-22 16:31:00", "subject": "5", "recorded-or-robo": "Y", "city": "", "state": "LA", "area-code": "337"}, {"id": "e81c9350d54f66c6d33b3747ee75f839", "number": "6302215363", "date": "2021-01-22 13:23:00", "subject": "2", "recorded-or-robo": "Y", "city": "Hanover Park", "state": "IL", "area-code": "630"}, {"id": "1d36742e3f24f50e4e7ae828010ae4ab", "number": "6302215363", "date": "2021-01-22 13:23:00", "subject": "2", "recorded-or-robo": "Y", "city": "Hanover Park", "state": "IL", "area-code": "630"}, {"id": "e81c9350d54f66c6d33b3747ee75f6aa", "number": "3144963343", "date": "2021-01-22 18:16:00", "subject": "1", "recorded-or-robo": "Y", "city": "", "state": "MO", "area-code": "314"}, {"id": "e81c9350d54f66c6d33b3747ee75ee31", "number": "2175504239", "date": "2021-01-22 14:51:00", "subject": "2", "recorded-or-robo": "", "city": "", "state": "IL", "area-code": "217"}, {"id": "e81c9350d54f66c6d33b3747ee75ee05", "number": "5074676973", "date": "2021-01-21 13:53:00", "subject": "0", "recorded-or-robo": "", "city": "Southampton", "state": "MA", "area-code": "413"}, {"id": "1d36742e3f24f50e4e7ae828010ad924", "number": "3144963343", "date": "2021-01-22 18:16:00", "subject": "1", "recorded-or-robo": "Y", "city": "", "state": "MO", "area-code": "314"}, {"id": "1d36742e3f24f50e4e7ae828010ad415", "number": "2175504239", "date": "2021-01-22 14:51:00", "subject": "2", "recorded-or-robo": "", "city": "", "state": "IL", "area-code": "217"}, {"id": "1d36742e3f24f50e4e7ae828010ad3bb", "number": "5074676973", "date": "2021-01-21 13:53:00", "subject": "0", "recorded-or-robo": "", "city": "Southampton", "state": "MA", "area-code": "413"}, {"id": "e81c9350d54f66c6d33b3747ee75ec5b", "number": "6098481489", "date": "2021-01-22 17:58:00", "subject": "2", "recorded-or-robo": "N", "city": "", "state": "NJ", "area-code": "973"}, {"id": "1d36742e3f24f50e4e7ae828010ad00a", "number": "6098481489", "date": "2021-01-22 17:58:00", "subject": "2", "recorded-or-robo": "N", "city": "", "state": "NJ", "area-code": "973"}, {"id": "e81c9350d54f66c6d33b3747ee75ec1c", "number": "7082275269", "date": "2021-01-22 14:27:00", "subject": "0", "recorded-or-robo": "", "city": "Monee", "state": "IL", "area-code": "708"}, {"id": "1d36742e3f24f50e4e7ae828010ac158", "number": "7082275269", "date": "2021-01-22 14:27:00", "subject": "0", "recorded-or-robo": "", "city": "Monee", "state": "IL", "area-code": "708"}, {"id": "e81c9350d54f66c6d33b3747ee75e80f", "number": "8663585107", "date": "2021-01-17 15:13:00", "subject": "2", "recorded-or-robo": "Y", "city": "Medford", "state": "OR", "area-code": "541"}, {"id": "1d36742e3f24f50e4e7ae828010ab833", "number": "8663585107", "date": "2021-01-17 15:13:00", "subject": "2", "recorded-or-robo": "Y", "city": "Medford", "state": "OR", "area-code": "541"}, {"id": "e81c9350d54f66c6d33b3747ee75da2f", "number": "6467401560", "date": "2021-01-22 00:00:00", "subject": "3", "recorded-or-robo": "Y", "city": "", "state": "NY", "area-code": "212"}, {"id": "1d36742e3f24f50e4e7ae828010ab129", "number": "6467401560", "date": "2021-01-22 00:00:00", "subject": "3", "recorded-or-robo": "Y", "city": "", "state": "NY", "area-code": "212"}, {"id": "e81c9350d54f66c6d33b3747eea69acd", "number": "8603216816", "date": "2021-01-22 19:47:16", "subject": "3", "recorded-or-robo": "Y", "city": "", "state": "CT", "area-code": "860"}, {"id": "e81c9350d54f66c6d33b3747ee75d2ef", "number": "2066547142", "date": "2021-01-22 16:42:00", "subject": "9", "recorded-or-robo": "Y", "city": "", "state": "WA", "area-code": "425"}, {"id": "1d36742e3f24f50e4e7ae828013b8082", "number": "8603216816", "date": "2021-01-22 19:47:16", "subject": "3", "recorded-or-robo": "Y", "city": "", "state": "CT", "area-code": "860"}, {"id": "1d36742e3f24f50e4e7ae828010aa214", "number": "2066547142", "date": "2021-01-22 16:42:00", "subject": "9", "recorded-or-robo": "Y", "city": "", "state": "WA", "area-code": "425"}, {"id": "e81c9350d54f66c6d33b3747eea71034", "number": "8603216816", "date": "2021-01-22 19:47:15", "subject": "3", "recorded-or-robo": "Y", "city": "", "state": "CT", "area-code": "860"}, {"id": "1d36742e3f24f50e4e7ae828013bf7e0", "number": "8603216816", "date": "2021-01-22 19:47:15", "subject": "3", "recorded-or-robo": "Y", "city": "", "state": "CT", "area-code": "860"}, {"id": "e81c9350d54f66c6d33b3747eea73f4f", "number": "+19724763745", "date": "2021-01-22 19:47:11", "subject": "3", "recorded-or-robo": "Y", "city": "", "state": "TX", "area-code": "972"}, {"id": "1d36742e3f24f50e4e7ae828013c138d", "number": "+19724763745", "date": "2021-01-22 19:47:11", "subject": "3", "recorded-or-robo": "Y", "city": "", "state": "TX", "area-code": "972"}, {"id": "e81c9350d54f66c6d33b3747ee75c867", "number": "1973963963", "date": "2021-01-20 00:00:00", "subject": "3", "recorded-or-robo": "N", "city": "", "state": "NJ", "area-code": "973"}, {"id": "1d36742e3f24f50e4e7ae828010a9c24", "number": "1973963963", "date": "2021-01-20 00:00:00", "subject": "3", "recorded-or-robo": "N", "city": "", "state": "NJ", "area-code": "973"}, {"id": "e81c9350d54f66c6d33b3747ee75c586", "number": "3178347160", "date": "2021-01-20 16:11:00", "subject": "2", "recorded-or-robo": "Y", "city": "Indianapolis", "state": "IN", "area-code": "317"}, {"id": "1d36742e3f24f50e4e7ae828010a8fba", "number": "3178347160", "date": "2021-01-20 16:11:00", "subject": "2", "recorded-or-robo": "Y", "city": "Indianapolis", "state": "IN", "area-code": "317"}, {"id": "e81c9350d54f66c6d33b3747eea7199b", "number": "8605868367", "date": "2021-01-22 19:46:51", "subject": "3", "recorded-or-robo": "Y", "city": "", "state": "CT", "area-code": "860"}, {"id": "1d36742e3f24f50e4e7ae828013bf922", "number": "8605868367", "date": "2021-01-22 19:46:51", "subject": "3", "recorded-or-robo": "Y", "city": "", "state": "CT", "area-code": "860"}, {"id": "e81c9350d54f66c6d33b3747eea6f7dc", "number": "8605868367", "date": "2021-01-22 19:46:49", "subject": "3", "recorded-or-robo": "Y", "city": "", "state": "CT", "area-code": "860"}, {"id": "e81c9350d54f66c6d33b3747ee75c00f", "number": "8552796790", "date": "2021-01-21 11:33:00", "subject": "0", "recorded-or-robo": "", "city": "Southampton", "state": "MA", "area-code": "413"}, {"id": "1d36742e3f24f50e4e7ae828013be68f", "number": "8605868367", "date": "2021-01-22 19:46:49", "subject": "3", "recorded-or-robo": "Y", "city": "", "state": "CT", "area-code": "860"}]}