{"data": [{"id": "b6a8da8b80f26332ed085cca2de44289", "number": "5418035369", "date": "2021-01-21 14:52:00", "subject": "2", "recorded-or-robo": "", "city": "Golden", "state": "CO", "area-code": "303"}, {"id": "e81c9350d54f66c6d33b3747ee5b49d6", "number": "5635001104", "date": "2021-01-22 15:17:00", "subject": "3", "recorded-or-robo": "Y", "city": "", "state": "IA", "area-code": "563"}, {"id": "deca54a6651fb9add5b4a9816cf008ee", "number": "5635001104", "date": "2021-01-22 15:17:00", "subject": "3", "recorded-or-robo": "Y", "city": "", "state": "IA", "area-code": "563"}, {"id": "e81c9350d54f66c6d33b3747ee48d862", "number": "+13169749961", "date": "2021-01-22 16:23:41", "subject": "3", "recorded-or-robo": "Y", "city": "", "state": "KS", "area-code": "316"}, {"id": "deca54a6651fb9add5b4a9816cdd857e", "number": "+13169749961", "date": "2021-01-22 16:23:41", "subject": "3", "recorded-or-robo": "Y", "city": "", "state": "KS", "area-code": "316"}, {"id": "e81c9350d54f66c6d33b3747ee487906", "number": "+19722601564", "date": "2021-01-22 16:23:38", "subject": "3", "recorded-or-robo": "Y", "city": "", "state": "PA", "area-code": "724"}, {"id": "deca54a6651fb9add5b4a9816cdd225d", "number": "+19722601564", "date": "2021-01-22 16:23:38", "subject": "3", "recorded-or-robo": "Y", "city": "", "state": "PA", "area-code": "724"}, {"id": "deca54a6651fb9add5b4a9816c79593d", "number": "5067139727", "date": "2021-01-22 12:45:00", "subject": "1", "recorded-or-robo": "Y", "city": "", "state": "WA", "area-code": "425"}, {"id": "b6a8da8b80f26332ed085cca2de43cf1", "number": "5067139727", "date": "2021-01-22 12:45:00", "subject": "1", "recorded-or-robo": "Y", "city": "", "state": "WA", "area-code": "425"}, {"id": "e81c9350d54f66c6d33b3747ee4884ba", "number": "+13168441888", "date": "2021-01-22 16:23:31", "subject": "3", "recorded-or-robo": "Y", "city": "", "state": "KS", "area-code": "316"}, {"id": "deca54a6651fb9add5b4a9816cdd2371", "number": "+13168441888", "date": "2021-01-22 16:23:31", "subject": "3", "recorded-or-robo": "Y", "city": "", "state": "KS", "area-code": "316"}, {"id": "deca54a6651fb9add5b4a9816c795214", "number": "3212738254", "date": "2021-01-22 08:46:00", "subject": "4", "recorded-or-robo": "Y", "city": "Indialantic", "state": "FL", "area-code": "321"}, {"id": "deca54a6651fb9add5b4a9816c794690", "number": "9135861984", "date": "2021-01-22 16:21:00", "subject": "4", "recorded-or-robo": "Y", "city": "Raleigh", "state": "NC", "area-code": "919"}, {"id": "b6a8da8b80f26332ed085cca2de438a6", "number": "3212738254", "date": "2021-01-22 08:46:00", "subject": "4", "recorded-or-robo": "Y", "city": "Indialantic", "state": "FL", "area-code": "321"}, {"id": "b6a8da8b80f26332ed085cca2de43707", "number": "9135861984", "date": "2021-01-22 16:21:00", "subject": "4", "recorded-or-robo": "Y", "city": "Raleigh", "state": "NC", "area-code": "919"}, {"id": "deca54a6651fb9add5b4a9816c7944a9", "number": "8592794570", "date": "2021-01-21 12:42:00", "subject": "4", "recorded-or-robo": "Y", "city": "Florence", "state": "KY", "area-code": "859"}, {"id": "b6a8da8b80f26332ed085cca2de42e16", "number": "8592794570", "date": "2021-01-21 12:42:00", "subject": "4", "recorded-or-robo": "Y", "city": "Florence", "state": "KY", "area-code": "859"}, {"id": "deca54a6651fb9add5b4a9816c793fa6", "number": "9144765321", "date": "2021-01-22 12:30:00", "subject": "1", "recorded-or-robo": "Y", "city": "Nanuet", "state": "NY", "area-code": "914"}, {"id": "b6a8da8b80f26332ed085cca2de42c05", "number": "9144765321", "date": "2021-01-22 12:30:00", "subject": "1", "recorded-or-robo": "Y", "city": "Nanuet", "state": "NY", "area-code": "914"}, {"id": "deca54a6651fb9add5b4a9816c79328e", "number": "9139420744", "date": "2021-01-22 14:52:00", "subject": "0", "recorded-or-robo": "Y", "city": "", "state": "IL", "area-code": "847"}, {"id": "b6a8da8b80f26332ed085cca2de4216c", "number": "9139420744", "date": "2021-01-22 14:52:00", "subject": "0", "recorded-or-robo": "Y", "city": "", "state": "IL", "area-code": "847"}, {"id": "deca54a6651fb9add5b4a9816c792771", "number": "7277587053", "date": "2021-01-21 16:46:00", "subject": "4", "recorded-or-robo": "Y", "city": "New Port Richey", "state": "FL", "area-code": "727"}, {"id": "deca54a6651fb9add5b4a9816c791bf7", "number": "9732794728", "date": "2021-01-20 11:27:00", "subject": "1", "recorded-or-robo": "Y", "city": "", "state": "NJ", "area-code": "973"}, {"id": "b6a8da8b80f26332ed085cca2de41578", "number": "7277587053", "date": "2021-01-21 16:46:00", "subject": "4", "recorded-or-robo": "Y", "city": "New Port Richey", "state": "FL", "area-code": "727"}, {"id": "b6a8da8b80f26332ed085cca2de41461", "number": "9732794728", "date": "2021-01-20 11:27:00", "subject": "1", "recorded-or-robo": "Y", "city": "", "state": "NJ", "area-code": "973"}, {"id": "deca54a6651fb9add5b4a9816c7915eb", "number": "6054757988", "date": "2021-01-22 15:35:00", "subject": "5", "recorded-or-robo": "Y", "city": "Norfolk", "state": "MA", "area-code": "508"}, {"id": "b6a8da8b80f26332ed085cca2de413de", "number": "6054757988", "date": "2021-01-22 15:35:00", "subject": "5", "recorded-or-robo": "Y", "city": "Norfolk", "state": "MA", "area-code": "508"}, {"id": "deca54a6651fb9add5b4a9816c79109f", "number": "8507760037", "date": "2021-01-22 14:34:00", "subject": "4", "recorded-or-robo": "Y", "city": "", "state": "AL", "area-code": "251"}, {"id": "b6a8da8b80f26332ed085cca2de40bd4", "number": "8507760037", "date": "2021-01-22 14:34:00", "subject": "4", "recorded-or-robo": "Y", "city": "", "state": "AL", "area-code": "251"}, {"id": "deca54a6651fb9add5b4a9816c78f5da", "number": "8283869892", "date": "2021-01-22 12:22:00", "subject": "4", "recorded-or-robo": "Y", "city": "", "state": "NC", "area-code": "910"}, {"id": "b6a8da8b80f26332ed085cca2de40989", "number": "8283869892", "date": "2021-01-22 12:22:00", "subject": "4", "recorded-or-robo": "Y", "city": "", "state": "NC", "area-code": "910"}, {"id": "deca54a6651fb9add5b4a9816c78f51a", "number": "2055526040", "date": "2021-01-22 14:45:00", "subject": "1", "recorded-or-robo": "Y", "city": "Tuscumbia", "state": "AL", "area-code": "256"}, {"id": "deca54a6651fb9add5b4a9816c78ee70", "number": "7709195306", "date": "2021-01-22 15:14:00", "subject": "2", "recorded-or-robo": "Y", "city": "Shoreview", "state": "MN", "area-code": "770"}, {"id": "b6a8da8b80f26332ed085cca2de40872", "number": "2055526040", "date": "2021-01-22 14:45:00", "subject": "1", "recorded-or-robo": "Y", "city": "Tuscumbia", "state": "AL", "area-code": "256"}, {"id": "b6a8da8b80f26332ed085cca2de3fda2", "number": "7709195306", "date": "2021-01-22 15:14:00", "subject": "2", "recorded-or-robo": "Y", "city": "Shoreview", "state": "MN", "area-code": "770"}, {"id": "deca54a6651fb9add5b4a9816c78e5e6", "number": "8068537205", "date": "2021-01-21 11:43:00", "subject": "4", "recorded-or-robo": "Y", "city": "", "state": "TX", "area-code": "940"}, {"id": "b6a8da8b80f26332ed085cca2de3edd1", "number": "8068537205", "date": "2021-01-21 11:43:00", "subject": "4", "recorded-or-robo": "Y", "city": "", "state": "TX", "area-code": "940"}, {"id": "deca54a6651fb9add5b4a9816c78e37e", "number": "2162149970", "date": "2021-01-22 16:21:00", "subject": "4", "recorded-or-robo": "Y", "city": "Beachwood", "state": "OH", "area-code": "937"}, {"id": "b6a8da8b80f26332ed085cca2de3e9ee", "number": "2162149970", "date": "2021-01-22 16:21:00", "subject": "4", "recorded-or-robo": "Y", "city": "Beachwood", "state": "OH", "area-code": "937"}, {"id": "deca54a6651fb9add5b4a9816c78de85", "number": "9196654319", "date": "2021-01-22 16:18:00", "subject": "1", "recorded-or-robo": "Y", "city": "Chapel Hill", "state": "NC", "area-code": "919"}, {"id": "b6a8da8b80f26332ed085cca2de3e8c1", "number": "9196654319", "date": "2021-01-22 16:18:00", "subject": "1", "recorded-or-robo": "Y", "city": "Chapel Hill", "state": "NC", "area-code": "919"}, {"id": "deca54a6651fb9add5b4a9816c78d46b", "number": "8507385358", "date": "2021-01-22 11:36:00", "subject": "2", "recorded-or-robo": "", "city": "Tallahassee", "state": "FL", "area-code": "850"}, {"id": "b6a8da8b80f26332ed085cca2de3df9d", "number": "8507385358", "date": "2021-01-22 11:36:00", "subject": "2", "recorded-or-robo": "", "city": "Tallahassee", "state": "FL", "area-code": "850"}, {"id": "deca54a6651fb9add5b4a9816c78d135", "number": "9045121259", "date": "2021-01-22 16:22:00", "subject": "2", "recorded-or-robo": "Y", "city": "", "state": "FL", "area-code": "904"}, {"id": "b6a8da8b80f26332ed085cca2de3d681", "number": "9045121259", "date": "2021-01-22 16:22:00", "subject": "2", "recorded-or-robo": "Y", "city": "", "state": "FL", "area-code": "904"}, {"id": "deca54a6651fb9add5b4a9816c78cbcd", "number": "2673767327", "date": "2021-01-15 19:25:00", "subject": "2", "recorded-or-robo": "Y", "city": "Slatington", "state": "PA", "area-code": "610"}, {"id": "b6a8da8b80f26332ed085cca2de3d481", "number": "2673767327", "date": "2021-01-15 19:25:00", "subject": "2", "recorded-or-robo": "Y", "city": "Slatington", "state": "PA", "area-code": "610"}, {"id": "deca54a6651fb9add5b4a9816c78c804", "number": "8326903821", "date": "2021-01-22 03:01:00", "subject": "6", "recorded-or-robo": "Y", "city": "Houston", "state": "TX", "area-code": "281"}, {"id": "deca54a6651fb9add5b4a9816c78bfd4", "number": "9418883858", "date": "2021-01-22 11:42:00", "subject": "5", "recorded-or-robo": "Y", "city": "", "state": "FL", "area-code": "386"}, {"id": "b6a8da8b80f26332ed085cca2de3d2fb", "number": "8326903821", "date": "2021-01-22 03:01:00", "subject": "6", "recorded-or-robo": "Y", "city": "Houston", "state": "TX", "area-code": "281"}]}