{"data": [{"id": "b6a8da8b80f26332ed085cca2df939eb", "number": "4174494826", "date": "2021-01-22 09:43:00", "subject": "1", "recorded-or-robo": "Y", "city": "Dallas", "state": "TX", "area-code": "832"}, {"id": "deca54a6651fb9add5b4a9816c8dfecf", "number": "9782561260", "date": "2021-01-22 00:00:00", "subject": "2", "recorded-or-robo": "Y", "city": "", "state": "MA", "area-code": "978"}, {"id": "b6a8da8b80f26332ed085cca2df92a25", "number": "9782561260", "date": "2021-01-22 00:00:00", "subject": "2", "recorded-or-robo": "Y", "city": "", "state": "MA", "area-code": "978"}, {"id": "deca54a6651fb9add5b4a9816c8dfa50", "number": "4302045639", "date": "2021-01-22 16:49:00", "subject": "7", "recorded-or-robo": "N", "city": "North Augusta", "state": "SC", "area-code": "404"}, {"id": "deca54a6651fb9add5b4a9816c8df340", "number": "8327185965", "date": "2021-01-22 03:50:00", "subject": "7", "recorded-or-robo": "N", "city": "Spring", "state": "TX", "area-code": "832"}, {"id": "b6a8da8b80f26332ed085cca2df9253b", "number": "4302045639", "date": "2021-01-22 16:49:00", "subject": "7", "recorded-or-robo": "N", "city": "North Augusta", "state": "SC", "area-code": "404"}, {"id": "b6a8da8b80f26332ed085cca2df9167d", "number": "8327185965", "date": "2021-01-22 03:50:00", "subject": "7", "recorded-or-robo": "N", "city": "Spring", "state": "TX", "area-code": "832"}, {"id": "deca54a6651fb9add5b4a9816c8dee5f", "number": "7066417820", "date": "2021-01-22 16:50:00", "subject": "2", "recorded-or-robo": "N", "city": "Columbus", "state": "GA", "area-code": "706"}, {"id": "deca54a6651fb9add5b4a9816c8de5e6", "number": "2104464087", "date": "2021-01-20 14:46:00", "subject": "2", "recorded-or-robo": "", "city": "Haverhill", "state": "MA", "area-code": "978"}, {"id": "deca54a6651fb9add5b4a9816c8de093", "number": "6512377716", "date": "2021-01-19 15:00:00", "subject": "0", "recorded-or-robo": "Y", "city": "", "state": "MN", "area-code": "651"}, {"id": "b6a8da8b80f26332ed085cca2df91414", "number": "7066417820", "date": "2021-01-22 16:50:00", "subject": "2", "recorded-or-robo": "N", "city": "Columbus", "state": "GA", "area-code": "706"}, {"id": "b6a8da8b80f26332ed085cca2df8ff91", "number": "2104464087", "date": "2021-01-20 14:46:00", "subject": "2", "recorded-or-robo": "", "city": "Haverhill", "state": "MA", "area-code": "978"}, {"id": "b6a8da8b80f26332ed085cca2df8f7fc", "number": "6512377716", "date": "2021-01-19 15:00:00", "subject": "0", "recorded-or-robo": "Y", "city": "", "state": "MN", "area-code": "651"}, {"id": "deca54a6651fb9add5b4a9816c8dd36a", "number": "7733732846", "date": "2021-01-21 00:00:00", "subject": "3", "recorded-or-robo": "Y", "city": "", "state": "IA", "area-code": "319"}, {"id": "b6a8da8b80f26332ed085cca2df8f7ca", "number": "7733732846", "date": "2021-01-21 00:00:00", "subject": "3", "recorded-or-robo": "Y", "city": "", "state": "IA", "area-code": "319"}, {"id": "deca54a6651fb9add5b4a9816c8dc5ac", "number": "2625556420", "date": "2021-01-22 15:48:00", "subject": "2", "recorded-or-robo": "Y", "city": "Theresa", "state": "WI", "area-code": "262"}, {"id": "b6a8da8b80f26332ed085cca2df8eb62", "number": "2625556420", "date": "2021-01-22 15:48:00", "subject": "2", "recorded-or-robo": "Y", "city": "Theresa", "state": "WI", "area-code": "262"}, {"id": "deca54a6651fb9add5b4a9816c8dbb31", "number": "7199366025", "date": "2021-01-22 09:20:00", "subject": "2", "recorded-or-robo": "Y", "city": "Colorado Springs", "state": "CO", "area-code": "719"}, {"id": "b6a8da8b80f26332ed085cca2df8e19b", "number": "7199366025", "date": "2021-01-22 09:20:00", "subject": "2", "recorded-or-robo": "Y", "city": "Colorado Springs", "state": "CO", "area-code": "719"}, {"id": "deca54a6651fb9add5b4a9816c8dba93", "number": "8038041830", "date": "2021-01-22 13:55:00", "subject": "1", "recorded-or-robo": "Y", "city": "Prior Lake", "state": "MN", "area-code": "651"}, {"id": "deca54a6651fb9add5b4a9816c8daed1", "number": "6028062801", "date": "2021-01-22 14:48:00", "subject": "1", "recorded-or-robo": "Y", "city": "peoria", "state": "AZ", "area-code": "602"}, {"id": "b6a8da8b80f26332ed085cca2df8d400", "number": "8038041830", "date": "2021-01-22 13:55:00", "subject": "1", "recorded-or-robo": "Y", "city": "Prior Lake", "state": "MN", "area-code": "651"}, {"id": "b6a8da8b80f26332ed085cca2df8ca97", "number": "6028062801", "date": "2021-01-22 14:48:00", "subject": "1", "recorded-or-robo": "Y", "city": "peoria", "state": "AZ", "area-code": "602"}, {"id": "deca54a6651fb9add5b4a9816c8da4fc", "number": "6142711847", "date": "2021-01-22 16:31:00", "subject": "2", "recorded-or-robo": "Y", "city": "Columbus", "state": "OH", "area-code": "614"}, {"id": "deca54a6651fb9add5b4a9816c8d9fd8", "number": "8008536485", "date": "2021-01-22 09:36:00", "subject": "6", "recorded-or-robo": "N", "city": "Phoenix", "state": "AZ", "area-code": "262"}, {"id": "b6a8da8b80f26332ed085cca2df8bb06", "number": "6142711847", "date": "2021-01-22 16:31:00", "subject": "2", "recorded-or-robo": "Y", "city": "Columbus", "state": "OH", "area-code": "614"}, {"id": "b6a8da8b80f26332ed085cca2df8b265", "number": "8008536485", "date": "2021-01-22 09:36:00", "subject": "6", "recorded-or-robo": "N", "city": "Phoenix", "state": "AZ", "area-code": "262"}, {"id": "deca54a6651fb9add5b4a9816c8d936a", "number": "7656276779", "date": "2021-01-22 13:21:00", "subject": "2", "recorded-or-robo": "N", "city": "Michigan City", "state": "IN", "area-code": "219"}, {"id": "b6a8da8b80f26332ed085cca2df8a3e0", "number": "7656276779", "date": "2021-01-22 13:21:00", "subject": "2", "recorded-or-robo": "N", "city": "Michigan City", "state": "IN", "area-code": "219"}, {"id": "deca54a6651fb9add5b4a9816c8d908e", "number": "2157093375", "date": "2021-01-22 14:12:00", "subject": "0", "recorded-or-robo": "Y", "city": "Philadelphia", "state": "PA", "area-code": "215"}, {"id": "b6a8da8b80f26332ed085cca2df89666", "number": "2157093375", "date": "2021-01-22 14:12:00", "subject": "0", "recorded-or-robo": "Y", "city": "Philadelphia", "state": "PA", "area-code": "215"}, {"id": "deca54a6651fb9add5b4a9816c8d8fd8", "number": "9363962569", "date": "2021-01-22 09:27:00", "subject": "4", "recorded-or-robo": "Y", "city": "Dallas", "state": "TX", "area-code": "214"}, {"id": "b6a8da8b80f26332ed085cca2df893ce", "number": "9363962569", "date": "2021-01-22 09:27:00", "subject": "4", "recorded-or-robo": "Y", "city": "Dallas", "state": "TX", "area-code": "214"}, {"id": "e81c9350d54f66c6d33b3747ee4cf5ae", "number": "8603456380", "date": "2021-01-22 16:52:46", "subject": "3", "recorded-or-robo": "Y", "city": "", "state": "CT", "area-code": "860"}, {"id": "deca54a6651fb9add5b4a9816ce159e9", "number": "8603456380", "date": "2021-01-22 16:52:46", "subject": "3", "recorded-or-robo": "Y", "city": "", "state": "CT", "area-code": "860"}, {"id": "deca54a6651fb9add5b4a9816c8d808f", "number": "5616347693", "date": "2021-01-22 11:43:00", "subject": "2", "recorded-or-robo": "Y", "city": "", "state": "FL", "area-code": "561"}, {"id": "deca54a6651fb9add5b4a9816c8d79d3", "number": "6692011561", "date": "2021-01-21 15:42:00", "subject": "2", "recorded-or-robo": "Y", "city": "Fairfield", "state": "CA", "area-code": "650"}, {"id": "b6a8da8b80f26332ed085cca2df88d58", "number": "5616347693", "date": "2021-01-22 11:43:00", "subject": "2", "recorded-or-robo": "Y", "city": "", "state": "FL", "area-code": "561"}, {"id": "b6a8da8b80f26332ed085cca2df889f7", "number": "6692011561", "date": "2021-01-21 15:42:00", "subject": "2", "recorded-or-robo": "Y", "city": "Fairfield", "state": "CA", "area-code": "650"}, {"id": "deca54a6651fb9add5b4a9816c8d6ae9", "number": "8888324456", "date": "2021-01-22 12:00:00", "subject": "1", "recorded-or-robo": "Y", "city": "Hanahan", "state": "SC", "area-code": "843"}, {"id": "b6a8da8b80f26332ed085cca2df882c4", "number": "8888324456", "date": "2021-01-22 12:00:00", "subject": "1", "recorded-or-robo": "Y", "city": "Hanahan", "state": "SC", "area-code": "843"}, {"id": "deca54a6651fb9add5b4a9816c8d6a48", "number": "5134931616", "date": "2021-01-22 15:50:00", "subject": "2", "recorded-or-robo": "N", "city": "", "state": "IL", "area-code": "708"}, {"id": "b6a8da8b80f26332ed085cca2df877b9", "number": "5134931616", "date": "2021-01-22 15:50:00", "subject": "2", "recorded-or-robo": "N", "city": "", "state": "IL", "area-code": "708"}, {"id": "deca54a6651fb9add5b4a9816c8d5a93", "number": "3057446135", "date": "2021-01-21 00:00:00", "subject": "3", "recorded-or-robo": "Y", "city": "", "state": "IA", "area-code": "319"}, {"id": "deca54a6651fb9add5b4a9816c8d51b7", "number": "3463821378", "date": "2021-01-22 21:45:00", "subject": "2", "recorded-or-robo": "N", "city": "Amherst", "state": "MA", "area-code": "413"}, {"id": "b6a8da8b80f26332ed085cca2df8709d", "number": "3057446135", "date": "2021-01-21 00:00:00", "subject": "3", "recorded-or-robo": "Y", "city": "", "state": "IA", "area-code": "319"}, {"id": "b6a8da8b80f26332ed085cca2df86cc3", "number": "3463821378", "date": "2021-01-22 21:45:00", "subject": "2", "recorded-or-robo": "N", "city": "Amherst", "state": "MA", "area-code": "413"}, {"id": "deca54a6651fb9add5b4a9816c8d47a0", "number": "2562830554", "date": "2021-01-21 11:00:00", "subject": "4", "recorded-or-robo": "Y", "city": "Sylacauga", "state": "AL", "area-code": "256"}, {"id": "b6a8da8b80f26332ed085cca2df86871", "number": "2562830554", "date": "2021-01-21 11:00:00", "subject": "4", "recorded-or-robo": "Y", "city": "Sylacauga", "state": "AL", "area-code": "256"}, {"id": "deca54a6651fb9add5b4a9816c8ca67b", "number": "8582617500", "date": "2021-01-22 13:44:00", "subject": "3", "recorded-or-robo": "", "city": "", "state": "CA", "area-code": "858"}]}