{"data": [{"id": "deca54a6651fb9add5b4a9816c9e2f00", "number": "2317413774", "date": "2021-01-22 17:08:00", "subject": "3", "recorded-or-robo": "N", "city": "", "state": "MI", "area-code": "989"}, {"id": "e81c9350d54f66c6d33b3747ee0946a0", "number": "3143569264", "date": "2021-01-22 17:13:00", "subject": "1", "recorded-or-robo": "Y", "city": "Drums", "state": "PA", "area-code": "530"}, {"id": "deca54a6651fb9add5b4a9816c9e59b6", "number": "3143569264", "date": "2021-01-22 17:13:00", "subject": "1", "recorded-or-robo": "Y", "city": "Drums", "state": "PA", "area-code": "530"}, {"id": "e81c9350d54f66c6d33b3747ee500cbe", "number": "2026217299", "date": "2021-01-22 17:17:44", "subject": "3", "recorded-or-robo": "Y", "city": "", "state": "IL", "area-code": "312"}, {"id": "deca54a6651fb9add5b4a9816ce48b2c", "number": "2026217299", "date": "2021-01-22 17:17:44", "subject": "3", "recorded-or-robo": "Y", "city": "", "state": "IL", "area-code": "312"}, {"id": "e81c9350d54f66c6d33b3747ee505eec", "number": "2026217299", "date": "2021-01-22 17:17:43", "subject": "3", "recorded-or-robo": "Y", "city": "", "state": "IL", "area-code": "312"}, {"id": "deca54a6651fb9add5b4a9816ce4cd02", "number": "2026217299", "date": "2021-01-22 17:17:43", "subject": "3", "recorded-or-robo": "Y", "city": "", "state": "IL", "area-code": "312"}, {"id": "e81c9350d54f66c6d33b3747ee09437d", "number": "8334350253", "date": "2021-01-22 09:37:00", "subject": "2", "recorded-or-robo": "N", "city": "Santa barbara", "state": "CA", "area-code": "805"}, {"id": "deca54a6651fb9add5b4a9816c9e57f8", "number": "8334350253", "date": "2021-01-22 09:37:00", "subject": "2", "recorded-or-robo": "N", "city": "Santa barbara", "state": "CA", "area-code": "805"}, {"id": "e81c9350d54f66c6d33b3747ee093b41", "number": "8446296811", "date": "2021-01-22 10:39:00", "subject": "1", "recorded-or-robo": "N", "city": "", "state": "FL", "area-code": "954"}, {"id": "deca54a6651fb9add5b4a9816c9e494b", "number": "8446296811", "date": "2021-01-22 10:39:00", "subject": "1", "recorded-or-robo": "N", "city": "", "state": "FL", "area-code": "954"}, {"id": "e81c9350d54f66c6d33b3747ee093150", "number": "8882030397", "date": "2021-01-22 16:46:00", "subject": "2", "recorded-or-robo": "Y", "city": "Ocala", "state": "FL", "area-code": "352"}, {"id": "deca54a6651fb9add5b4a9816c9e40dc", "number": "8882030397", "date": "2021-01-22 16:46:00", "subject": "2", "recorded-or-robo": "Y", "city": "Ocala", "state": "FL", "area-code": "352"}, {"id": "e81c9350d54f66c6d33b3747ee092773", "number": "5614481629", "date": "2021-01-22 16:15:00", "subject": "2", "recorded-or-robo": "", "city": "Clayton", "state": "MO", "area-code": "310"}, {"id": "e81c9350d54f66c6d33b3747ee0925eb", "number": "9199819237", "date": "2021-01-22 17:13:00", "subject": "1", "recorded-or-robo": "N", "city": "Ocean Isle Beach", "state": "NC", "area-code": "919"}, {"id": "deca54a6651fb9add5b4a9816c9e3e5a", "number": "5614481629", "date": "2021-01-22 16:15:00", "subject": "2", "recorded-or-robo": "", "city": "Clayton", "state": "MO", "area-code": "310"}, {"id": "deca54a6651fb9add5b4a9816c9e3e56", "number": "9199819237", "date": "2021-01-22 17:13:00", "subject": "1", "recorded-or-robo": "N", "city": "Ocean Isle Beach", "state": "NC", "area-code": "919"}, {"id": "e81c9350d54f66c6d33b3747ee09117e", "number": "8506712693", "date": "2021-01-21 12:00:00", "subject": "7", "recorded-or-robo": "Y", "city": "Pensacola", "state": "FL", "area-code": "850"}, {"id": "deca54a6651fb9add5b4a9816c9e2715", "number": "8506712693", "date": "2021-01-21 12:00:00", "subject": "7", "recorded-or-robo": "Y", "city": "Pensacola", "state": "FL", "area-code": "850"}, {"id": "e81c9350d54f66c6d33b3747ee0903d3", "number": "7032258831", "date": "2021-01-20 18:28:00", "subject": "5", "recorded-or-robo": "Y", "city": "Alexandria", "state": "OH", "area-code": "216"}, {"id": "deca54a6651fb9add5b4a9816c9e2404", "number": "7032258831", "date": "2021-01-20 18:28:00", "subject": "5", "recorded-or-robo": "Y", "city": "Alexandria", "state": "OH", "area-code": "216"}, {"id": "e81c9350d54f66c6d33b3747ee090307", "number": "8652694040", "date": "2021-01-21 16:16:00", "subject": "2", "recorded-or-robo": "Y", "city": "KNOXVILLE", "state": "TN", "area-code": "865"}, {"id": "deca54a6651fb9add5b4a9816c9e2194", "number": "8652694040", "date": "2021-01-21 16:16:00", "subject": "2", "recorded-or-robo": "Y", "city": "KNOXVILLE", "state": "TN", "area-code": "865"}, {"id": "e81c9350d54f66c6d33b3747ee090090", "number": "5123415739", "date": "2021-01-22 14:18:00", "subject": "0", "recorded-or-robo": "N", "city": "Round Rock", "state": "TX", "area-code": "512"}, {"id": "deca54a6651fb9add5b4a9816c9e1bc5", "number": "5123415739", "date": "2021-01-22 14:18:00", "subject": "0", "recorded-or-robo": "N", "city": "Round Rock", "state": "TX", "area-code": "512"}, {"id": "e81c9350d54f66c6d33b3747ee090028", "number": "9413791954", "date": "2021-01-22 17:12:00", "subject": "2", "recorded-or-robo": "Y", "city": "Rosemont", "state": "PA", "area-code": "610"}, {"id": "deca54a6651fb9add5b4a9816c9e0eaf", "number": "9413791954", "date": "2021-01-22 17:12:00", "subject": "2", "recorded-or-robo": "Y", "city": "Rosemont", "state": "PA", "area-code": "610"}, {"id": "e81c9350d54f66c6d33b3747ee08fecc", "number": "6147544132", "date": "2021-01-21 17:04:00", "subject": "0", "recorded-or-robo": "N", "city": "", "state": "PA", "area-code": "412"}, {"id": "deca54a6651fb9add5b4a9816c9e07e1", "number": "6147544132", "date": "2021-01-21 17:04:00", "subject": "0", "recorded-or-robo": "N", "city": "", "state": "PA", "area-code": "412"}, {"id": "e81c9350d54f66c6d33b3747ee08fb06", "number": "6042422621", "date": "2021-01-22 14:05:00", "subject": "2", "recorded-or-robo": "N", "city": "SAN MATEO", "state": "CA", "area-code": "650"}, {"id": "e81c9350d54f66c6d33b3747ee08f0a7", "number": "3677711134", "date": "2021-01-22 13:35:00", "subject": "9", "recorded-or-robo": "Y", "city": "Andover", "state": "NJ", "area-code": "917"}, {"id": "deca54a6651fb9add5b4a9816c9e049c", "number": "6042422621", "date": "2021-01-22 14:05:00", "subject": "2", "recorded-or-robo": "N", "city": "SAN MATEO", "state": "CA", "area-code": "650"}, {"id": "deca54a6651fb9add5b4a9816c9df7ac", "number": "3677711134", "date": "2021-01-22 13:35:00", "subject": "9", "recorded-or-robo": "Y", "city": "Andover", "state": "NJ", "area-code": "917"}, {"id": "e81c9350d54f66c6d33b3747ee08e60d", "number": "8035992329", "date": "2021-01-05 13:00:00", "subject": "2", "recorded-or-robo": "Y", "city": "Colorado Springs", "state": "CO", "area-code": "719"}, {"id": "deca54a6651fb9add5b4a9816c9df3d4", "number": "8035992329", "date": "2021-01-05 13:00:00", "subject": "2", "recorded-or-robo": "Y", "city": "Colorado Springs", "state": "CO", "area-code": "719"}, {"id": "e81c9350d54f66c6d33b3747ee08e006", "number": "2088042020", "date": "2021-01-22 15:14:00", "subject": "2", "recorded-or-robo": "Y", "city": "", "state": "AZ", "area-code": "480"}, {"id": "deca54a6651fb9add5b4a9816c9df29c", "number": "2088042020", "date": "2021-01-22 15:14:00", "subject": "2", "recorded-or-robo": "Y", "city": "", "state": "AZ", "area-code": "480"}, {"id": "e81c9350d54f66c6d33b3747ee504516", "number": "8188627461", "date": "2021-01-22 17:16:54", "subject": "3", "recorded-or-robo": "Y", "city": "", "state": "CA", "area-code": "818"}, {"id": "e81c9350d54f66c6d33b3747ee08dd0b", "number": "6092691223", "date": "2021-01-22 17:10:00", "subject": "3", "recorded-or-robo": "Y", "city": "", "state": "NJ", "area-code": "732"}, {"id": "deca54a6651fb9add5b4a9816ce4c0a1", "number": "8188627461", "date": "2021-01-22 17:16:54", "subject": "3", "recorded-or-robo": "Y", "city": "", "state": "CA", "area-code": "818"}, {"id": "deca54a6651fb9add5b4a9816c9de303", "number": "6092691223", "date": "2021-01-22 17:10:00", "subject": "3", "recorded-or-robo": "Y", "city": "", "state": "NJ", "area-code": "732"}, {"id": "e81c9350d54f66c6d33b3747ee08d9e1", "number": "3157649632", "date": "2021-01-21 16:15:00", "subject": "0", "recorded-or-robo": "Y", "city": "DE KALB JUNCTION", "state": "NY", "area-code": "315"}, {"id": "deca54a6651fb9add5b4a9816c9de0a7", "number": "3157649632", "date": "2021-01-21 16:15:00", "subject": "0", "recorded-or-robo": "Y", "city": "DE KALB JUNCTION", "state": "NY", "area-code": "315"}, {"id": "e81c9350d54f66c6d33b3747ee08ce51", "number": "7074079748", "date": "2021-01-20 07:04:00", "subject": "4", "recorded-or-robo": "Y", "city": "", "state": "CA", "area-code": "209"}, {"id": "deca54a6651fb9add5b4a9816c9dd3a1", "number": "7074079748", "date": "2021-01-20 07:04:00", "subject": "4", "recorded-or-robo": "Y", "city": "", "state": "CA", "area-code": "209"}, {"id": "e81c9350d54f66c6d33b3747ee08bf95", "number": "9013298274", "date": "2021-01-22 16:14:00", "subject": "2", "recorded-or-robo": "", "city": "Mt Vernon", "state": "IL", "area-code": "618"}, {"id": "deca54a6651fb9add5b4a9816c9dd236", "number": "9013298274", "date": "2021-01-22 16:14:00", "subject": "2", "recorded-or-robo": "", "city": "Mt Vernon", "state": "IL", "area-code": "618"}, {"id": "e81c9350d54f66c6d33b3747ee4ff662", "number": "+16039522372", "date": "2021-01-22 17:16:48", "subject": "3", "recorded-or-robo": "Y", "city": "", "state": "NH", "area-code": "603"}, {"id": "e81c9350d54f66c6d33b3747ee08b501", "number": "2393298814", "date": "2021-01-04 12:49:00", "subject": "2", "recorded-or-robo": "Y", "city": "Las Vegas", "state": "FL", "area-code": "239"}, {"id": "deca54a6651fb9add5b4a9816ce48470", "number": "+16039522372", "date": "2021-01-22 17:16:48", "subject": "3", "recorded-or-robo": "Y", "city": "", "state": "NH", "area-code": "603"}]}