{"data": [{"id": "deca54a6651fb9add5b4a9816cce1b6b", "number": "2088575458", "date": "2021-01-22 15:15:00", "subject": "4", "recorded-or-robo": "Y", "city": "Nampa", "state": "ID", "area-code": "208"}, {"id": "e81c9350d54f66c6d33b3747ee3961b0", "number": "6163278904", "date": "2021-01-22 16:32:00", "subject": "6", "recorded-or-robo": "N", "city": "Grosse Pointe Farms", "state": "MI", "area-code": "313"}, {"id": "deca54a6651fb9add5b4a9816cce1381", "number": "6163278904", "date": "2021-01-22 16:32:00", "subject": "6", "recorded-or-robo": "N", "city": "Grosse Pointe Farms", "state": "MI", "area-code": "313"}, {"id": "e81c9350d54f66c6d33b3747ee395ab4", "number": "3042123037", "date": "2021-01-19 09:54:00", "subject": "2", "recorded-or-robo": "Y", "city": "San Marcos", "state": "TX", "area-code": "603"}, {"id": "deca54a6651fb9add5b4a9816cce122a", "number": "3042123037", "date": "2021-01-19 09:54:00", "subject": "2", "recorded-or-robo": "Y", "city": "San Marcos", "state": "TX", "area-code": "603"}, {"id": "e81c9350d54f66c6d33b3747ee394c91", "number": "8009666546", "date": "2021-01-22 18:21:00", "subject": "2", "recorded-or-robo": "N", "city": "", "state": "NH", "area-code": "603"}, {"id": "e81c9350d54f66c6d33b3747ee39432e", "number": "7146947604", "date": "2021-01-20 01:30:00", "subject": "12", "recorded-or-robo": "Y", "city": "San Bernadino", "state": "CA", "area-code": "323"}, {"id": "deca54a6651fb9add5b4a9816cce08ab", "number": "8009666546", "date": "2021-01-22 18:21:00", "subject": "2", "recorded-or-robo": "N", "city": "", "state": "NH", "area-code": "603"}, {"id": "deca54a6651fb9add5b4a9816cce0155", "number": "7146947604", "date": "2021-01-20 01:30:00", "subject": "12", "recorded-or-robo": "Y", "city": "San Bernadino", "state": "CA", "area-code": "323"}, {"id": "e81c9350d54f66c6d33b3747ee394153", "number": "7866330492", "date": "2021-01-22 17:36:00", "subject": "3", "recorded-or-robo": "Y", "city": "", "state": "IL", "area-code": "708"}, {"id": "deca54a6651fb9add5b4a9816ccdfe7c", "number": "7866330492", "date": "2021-01-22 17:36:00", "subject": "3", "recorded-or-robo": "Y", "city": "", "state": "IL", "area-code": "708"}, {"id": "e81c9350d54f66c6d33b3747ee38e1aa", "number": "3615708160", "date": "2021-01-22 17:32:00", "subject": "3", "recorded-or-robo": "N", "city": "", "state": "IL", "area-code": "773"}, {"id": "deca54a6651fb9add5b4a9816ccdc3ad", "number": "3615708160", "date": "2021-01-22 17:32:00", "subject": "3", "recorded-or-robo": "N", "city": "", "state": "IL", "area-code": "773"}, {"id": "e81c9350d54f66c6d33b3747ee393a85", "number": "5625944858", "date": "2021-01-06 00:00:00", "subject": "3", "recorded-or-robo": "", "city": "", "state": "CA", "area-code": "760"}, {"id": "deca54a6651fb9add5b4a9816ccdf0a3", "number": "5625944858", "date": "2021-01-06 00:00:00", "subject": "3", "recorded-or-robo": "", "city": "", "state": "CA", "area-code": "760"}, {"id": "e81c9350d54f66c6d33b3747ee39340e", "number": "8542051640", "date": "2021-01-22 12:00:00", "subject": "1", "recorded-or-robo": "Y", "city": "COLS", "state": "GA", "area-code": "706"}, {"id": "deca54a6651fb9add5b4a9816ccde987", "number": "8542051640", "date": "2021-01-22 12:00:00", "subject": "1", "recorded-or-robo": "Y", "city": "COLS", "state": "GA", "area-code": "706"}, {"id": "e81c9350d54f66c6d33b3747ee9db34f", "number": "8564005565", "date": "2021-01-22 18:39:44", "subject": "3", "recorded-or-robo": "Y", "city": "", "state": "NC", "area-code": "919"}, {"id": "e81c9350d54f66c6d33b3747ee392571", "number": "", "date": "2021-01-22 14:00:00", "subject": "4", "recorded-or-robo": "Y", "city": "Westminster", "state": "CO", "area-code": "303"}, {"id": "e81c9350d54f66c6d33b3747ee39160a", "number": "8337070220", "date": "2021-01-22 16:48:00", "subject": "1", "recorded-or-robo": "Y", "city": "Battle Creek", "state": "MI", "area-code": "269"}, {"id": "deca54a6651fb9add5b4a9816ccde902", "number": "", "date": "2021-01-22 14:00:00", "subject": "4", "recorded-or-robo": "Y", "city": "Westminster", "state": "CO", "area-code": "303"}, {"id": "deca54a6651fb9add5b4a9816ccde46e", "number": "8337070220", "date": "2021-01-22 16:48:00", "subject": "1", "recorded-or-robo": "Y", "city": "Battle Creek", "state": "MI", "area-code": "269"}, {"id": "1d36742e3f24f50e4e7ae8280132c1d2", "number": "8564005565", "date": "2021-01-22 18:39:44", "subject": "3", "recorded-or-robo": "Y", "city": "", "state": "NC", "area-code": "919"}, {"id": "e81c9350d54f66c6d33b3747ee9dea9f", "number": "+14012752507", "date": "2021-01-22 18:39:41", "subject": "3", "recorded-or-robo": "Y", "city": "", "state": "RI", "area-code": "401"}, {"id": "1d36742e3f24f50e4e7ae8280133021f", "number": "+14012752507", "date": "2021-01-22 18:39:41", "subject": "3", "recorded-or-robo": "Y", "city": "", "state": "RI", "area-code": "401"}, {"id": "e81c9350d54f66c6d33b3747ee390c32", "number": "6367247523", "date": "2021-01-22 17:05:00", "subject": "2", "recorded-or-robo": "Y", "city": "Saint Charles", "state": "MO", "area-code": "636"}, {"id": "deca54a6651fb9add5b4a9816ccde047", "number": "6367247523", "date": "2021-01-22 17:05:00", "subject": "2", "recorded-or-robo": "Y", "city": "Saint Charles", "state": "MO", "area-code": "636"}, {"id": "e81c9350d54f66c6d33b3747ee390231", "number": "9498623242", "date": "2021-01-22 15:30:00", "subject": "9", "recorded-or-robo": "Y", "city": "pioneer", "state": "CA", "area-code": "707"}, {"id": "deca54a6651fb9add5b4a9816ccdda41", "number": "9498623242", "date": "2021-01-22 15:30:00", "subject": "9", "recorded-or-robo": "Y", "city": "pioneer", "state": "CA", "area-code": "707"}, {"id": "e81c9350d54f66c6d33b3747ee38f8fb", "number": "2768892302", "date": "2021-01-22 18:37:00", "subject": "4", "recorded-or-robo": "Y", "city": "Fredericksburg", "state": "VA", "area-code": "540"}, {"id": "deca54a6651fb9add5b4a9816ccdd2fa", "number": "2768892302", "date": "2021-01-22 18:37:00", "subject": "4", "recorded-or-robo": "Y", "city": "Fredericksburg", "state": "VA", "area-code": "540"}, {"id": "e81c9350d54f66c6d33b3747ee9dd069", "number": "+18664656491", "date": "2021-01-22 18:39:32", "subject": "3", "recorded-or-robo": "Y", "city": "", "state": "TX", "area-code": "713"}, {"id": "1d36742e3f24f50e4e7ae8280132dcb0", "number": "+18664656491", "date": "2021-01-22 18:39:32", "subject": "3", "recorded-or-robo": "Y", "city": "", "state": "TX", "area-code": "713"}, {"id": "e81c9350d54f66c6d33b3747ee38ed99", "number": "6197394396", "date": "2021-01-11 13:00:00", "subject": "3", "recorded-or-robo": "Y", "city": "GILROY", "state": "CA", "area-code": "408"}, {"id": "deca54a6651fb9add5b4a9816ccdc634", "number": "6197394396", "date": "2021-01-11 13:00:00", "subject": "3", "recorded-or-robo": "Y", "city": "GILROY", "state": "CA", "area-code": "408"}, {"id": "e81c9350d54f66c6d33b3747ee38d314", "number": "3105047681", "date": "2021-01-20 15:14:00", "subject": "7", "recorded-or-robo": "Y", "city": "", "state": "CA", "area-code": "310"}, {"id": "deca54a6651fb9add5b4a9816ccdb62a", "number": "3105047681", "date": "2021-01-20 15:14:00", "subject": "7", "recorded-or-robo": "Y", "city": "", "state": "CA", "area-code": "310"}, {"id": "e81c9350d54f66c6d33b3747ee38cae2", "number": "5095389822", "date": "2021-01-22 16:23:00", "subject": "1", "recorded-or-robo": "Y", "city": "Willard", "state": "WA", "area-code": "509"}, {"id": "deca54a6651fb9add5b4a9816ccdb193", "number": "5095389822", "date": "2021-01-22 16:23:00", "subject": "1", "recorded-or-robo": "Y", "city": "Willard", "state": "WA", "area-code": "509"}, {"id": "e81c9350d54f66c6d33b3747ee38ca5f", "number": "4242944321", "date": "2021-01-07 00:00:00", "subject": "3", "recorded-or-robo": "", "city": "", "state": "CA", "area-code": "760"}, {"id": "deca54a6651fb9add5b4a9816ccdaf76", "number": "4242944321", "date": "2021-01-07 00:00:00", "subject": "3", "recorded-or-robo": "", "city": "", "state": "CA", "area-code": "760"}, {"id": "e81c9350d54f66c6d33b3747ee38c8ef", "number": "2547801863", "date": "2021-01-22 13:01:00", "subject": "2", "recorded-or-robo": "Y", "city": "Belton", "state": "TX", "area-code": "254"}, {"id": "deca54a6651fb9add5b4a9816ccdacd7", "number": "2547801863", "date": "2021-01-22 13:01:00", "subject": "2", "recorded-or-robo": "Y", "city": "Belton", "state": "TX", "area-code": "254"}, {"id": "e81c9350d54f66c6d33b3747ee38c0ec", "number": "7143421869", "date": "2021-01-22 15:32:00", "subject": "7", "recorded-or-robo": "Y", "city": "Fountain Valley", "state": "CA", "area-code": "714"}, {"id": "deca54a6651fb9add5b4a9816ccdab0b", "number": "7143421869", "date": "2021-01-22 15:32:00", "subject": "7", "recorded-or-robo": "Y", "city": "Fountain Valley", "state": "CA", "area-code": "714"}, {"id": "e81c9350d54f66c6d33b3747ee38bda1", "number": "6505383168", "date": "2021-01-22 02:49:00", "subject": "2", "recorded-or-robo": "N", "city": "", "state": "CA", "area-code": "408"}, {"id": "deca54a6651fb9add5b4a9816ccda973", "number": "6505383168", "date": "2021-01-22 02:49:00", "subject": "2", "recorded-or-robo": "N", "city": "", "state": "CA", "area-code": "408"}, {"id": "e81c9350d54f66c6d33b3747ee38b35f", "number": "", "date": "2021-01-21 17:27:00", "subject": "2", "recorded-or-robo": "Y", "city": "", "state": "TN", "area-code": "615"}, {"id": "deca54a6651fb9add5b4a9816ccda813", "number": "", "date": "2021-01-21 17:27:00", "subject": "2", "recorded-or-robo": "Y", "city": "", "state": "TN", "area-code": "615"}, {"id": "e81c9350d54f66c6d33b3747ee38b13a", "number": "4137304745", "date": "2021-01-22 17:52:00", "subject": "3", "recorded-or-robo": "N", "city": "Seminole", "state": "MA", "area-code": "978"}]}