{"data": [{"id": "b6a8da8b80f26332ed085cca2df5d7e7", "number": "2799580225", "date": "2021-01-22 10:53:00", "subject": "13", "recorded-or-robo": "Y", "city": "El Cerrito", "state": "CA", "area-code": "510"}, {"id": "deca54a6651fb9add5b4a9816c8ab640", "number": "3054393653", "date": "2021-01-22 10:27:00", "subject": "2", "recorded-or-robo": "Y", "city": "Clearwater Beach", "state": "FL", "area-code": "727"}, {"id": "b6a8da8b80f26332ed085cca2df5cdfe", "number": "3054393653", "date": "2021-01-22 10:27:00", "subject": "2", "recorded-or-robo": "Y", "city": "Clearwater Beach", "state": "FL", "area-code": "727"}, {"id": "e81c9350d54f66c6d33b3747ee4d1ba7", "number": "+18005864362", "date": "2021-01-22 16:48:43", "subject": "3", "recorded-or-robo": "Y", "city": "", "state": "TX", "area-code": "281"}, {"id": "deca54a6651fb9add5b4a9816ce17d8a", "number": "+18005864362", "date": "2021-01-22 16:48:43", "subject": "3", "recorded-or-robo": "Y", "city": "", "state": "TX", "area-code": "281"}, {"id": "deca54a6651fb9add5b4a9816c8aa8d4", "number": "4433473326", "date": "2021-01-22 13:15:00", "subject": "4", "recorded-or-robo": "Y", "city": "Lusby", "state": "MD", "area-code": "443"}, {"id": "b6a8da8b80f26332ed085cca2df5cdb0", "number": "4433473326", "date": "2021-01-22 13:15:00", "subject": "4", "recorded-or-robo": "Y", "city": "Lusby", "state": "MD", "area-code": "443"}, {"id": "deca54a6651fb9add5b4a9816c8a9a91", "number": "8054653529", "date": "2021-01-21 11:04:00", "subject": "11", "recorded-or-robo": "N", "city": "La Quinta", "state": "CA", "area-code": "805"}, {"id": "b6a8da8b80f26332ed085cca2df5ca81", "number": "8054653529", "date": "2021-01-21 11:04:00", "subject": "11", "recorded-or-robo": "N", "city": "La Quinta", "state": "CA", "area-code": "805"}, {"id": "deca54a6651fb9add5b4a9816c8a9a7a", "number": "6516151622", "date": "2021-01-21 09:00:00", "subject": "0", "recorded-or-robo": "Y", "city": "", "state": "MN", "area-code": "651"}, {"id": "b6a8da8b80f26332ed085cca2df5c8af", "number": "6516151622", "date": "2021-01-21 09:00:00", "subject": "0", "recorded-or-robo": "Y", "city": "", "state": "MN", "area-code": "651"}, {"id": "deca54a6651fb9add5b4a9816c8a9114", "number": "6613452542", "date": "2021-01-22 13:40:00", "subject": "3", "recorded-or-robo": "Y", "city": "", "state": "CA", "area-code": "661"}, {"id": "b6a8da8b80f26332ed085cca2df5c54f", "number": "6613452542", "date": "2021-01-22 13:40:00", "subject": "3", "recorded-or-robo": "Y", "city": "", "state": "CA", "area-code": "661"}, {"id": "deca54a6651fb9add5b4a9816c8a8667", "number": "9372104842", "date": "2021-01-22 14:34:00", "subject": "2", "recorded-or-robo": "Y", "city": "", "state": "OH", "area-code": "937"}, {"id": "b6a8da8b80f26332ed085cca2df5bc6c", "number": "9372104842", "date": "2021-01-22 14:34:00", "subject": "2", "recorded-or-robo": "Y", "city": "", "state": "OH", "area-code": "937"}, {"id": "e81c9350d54f66c6d33b3747ee4d15d1", "number": "+13165318999", "date": "2021-01-22 16:48:29", "subject": "3", "recorded-or-robo": "Y", "city": "", "state": "KS", "area-code": "316"}, {"id": "deca54a6651fb9add5b4a9816ce17449", "number": "+13165318999", "date": "2021-01-22 16:48:29", "subject": "3", "recorded-or-robo": "Y", "city": "", "state": "KS", "area-code": "316"}, {"id": "e81c9350d54f66c6d33b3747ee5b9fc9", "number": "", "date": "2021-01-22 14:15:00", "subject": "3", "recorded-or-robo": "N", "city": "", "state": "IL", "area-code": "773"}, {"id": "deca54a6651fb9add5b4a9816cf052ea", "number": "", "date": "2021-01-22 14:15:00", "subject": "3", "recorded-or-robo": "N", "city": "", "state": "IL", "area-code": "773"}, {"id": "e81c9350d54f66c6d33b3747ee4d897d", "number": "+18324817418", "date": "2021-01-22 16:48:23", "subject": "3", "recorded-or-robo": "Y", "city": "", "state": "TX", "area-code": "281"}, {"id": "deca54a6651fb9add5b4a9816ce1f02d", "number": "+18324817418", "date": "2021-01-22 16:48:23", "subject": "3", "recorded-or-robo": "Y", "city": "", "state": "TX", "area-code": "281"}, {"id": "e81c9350d54f66c6d33b3747ee4da2a7", "number": "+18443651033", "date": "2021-01-22 16:48:21", "subject": "3", "recorded-or-robo": "Y", "city": "", "state": "CA", "area-code": "916"}, {"id": "deca54a6651fb9add5b4a9816ce213db", "number": "+18443651033", "date": "2021-01-22 16:48:21", "subject": "3", "recorded-or-robo": "Y", "city": "", "state": "CA", "area-code": "916"}, {"id": "deca54a6651fb9add5b4a9816c8a352b", "number": "3047455834", "date": "2021-01-22 11:59:00", "subject": "3", "recorded-or-robo": "N", "city": "", "state": "WV", "area-code": "304"}, {"id": "b6a8da8b80f26332ed085cca2df55ce8", "number": "3047455834", "date": "2021-01-22 11:59:00", "subject": "3", "recorded-or-robo": "N", "city": "", "state": "WV", "area-code": "304"}, {"id": "deca54a6651fb9add5b4a9816c8a724e", "number": "9098074519", "date": "2021-01-22 13:45:00", "subject": "5", "recorded-or-robo": "Y", "city": "", "state": "CA", "area-code": "909"}, {"id": "b6a8da8b80f26332ed085cca2df5adbe", "number": "9098074519", "date": "2021-01-22 13:45:00", "subject": "5", "recorded-or-robo": "Y", "city": "", "state": "CA", "area-code": "909"}, {"id": "deca54a6651fb9add5b4a9816c8a70b3", "number": "7035707796", "date": "2021-01-18 16:04:00", "subject": "0", "recorded-or-robo": "N", "city": "Woodbridge", "state": "VA", "area-code": "703"}, {"id": "b6a8da8b80f26332ed085cca2df5ab08", "number": "7035707796", "date": "2021-01-18 16:04:00", "subject": "0", "recorded-or-robo": "N", "city": "Woodbridge", "state": "VA", "area-code": "703"}, {"id": "e81c9350d54f66c6d33b3747ee4d07ef", "number": "+17027071001", "date": "2021-01-22 16:48:14", "subject": "3", "recorded-or-robo": "Y", "city": "", "state": "NV", "area-code": "702"}, {"id": "deca54a6651fb9add5b4a9816ce16b55", "number": "+17027071001", "date": "2021-01-22 16:48:14", "subject": "3", "recorded-or-robo": "Y", "city": "", "state": "NV", "area-code": "702"}, {"id": "e81c9350d54f66c6d33b3747ee4d301c", "number": "+19035965097", "date": "2021-01-22 16:48:12", "subject": "3", "recorded-or-robo": "Y", "city": "", "state": "TX", "area-code": "956"}, {"id": "deca54a6651fb9add5b4a9816ce1a03b", "number": "+19035965097", "date": "2021-01-22 16:48:12", "subject": "3", "recorded-or-robo": "Y", "city": "", "state": "TX", "area-code": "956"}, {"id": "deca54a6651fb9add5b4a9816c8a6f58", "number": "2060119923", "date": "2021-01-22 00:00:00", "subject": "6", "recorded-or-robo": "Y", "city": "Lafayette", "state": "LA", "area-code": "337"}, {"id": "b6a8da8b80f26332ed085cca2df59fd8", "number": "2060119923", "date": "2021-01-22 00:00:00", "subject": "6", "recorded-or-robo": "Y", "city": "Lafayette", "state": "LA", "area-code": "337"}, {"id": "deca54a6651fb9add5b4a9816c8a6bf6", "number": "9282129873", "date": "2021-01-22 02:47:00", "subject": "4", "recorded-or-robo": "N", "city": "Glendale", "state": "AZ", "area-code": "602"}, {"id": "b6a8da8b80f26332ed085cca2df591e0", "number": "9282129873", "date": "2021-01-22 02:47:00", "subject": "4", "recorded-or-robo": "N", "city": "Glendale", "state": "AZ", "area-code": "602"}, {"id": "deca54a6651fb9add5b4a9816c8a5fe5", "number": "6513722036", "date": "2021-01-22 11:21:00", "subject": "4", "recorded-or-robo": "Y", "city": "Cottage Grove", "state": "MN", "area-code": "651"}, {"id": "b6a8da8b80f26332ed085cca2df58b38", "number": "6513722036", "date": "2021-01-22 11:21:00", "subject": "4", "recorded-or-robo": "Y", "city": "Cottage Grove", "state": "MN", "area-code": "651"}, {"id": "deca54a6651fb9add5b4a9816c8a5001", "number": "2722006334", "date": "2021-01-22 13:27:00", "subject": "2", "recorded-or-robo": "Y", "city": "McKinney", "state": "TX", "area-code": "469"}, {"id": "b6a8da8b80f26332ed085cca2df5847d", "number": "2722006334", "date": "2021-01-22 13:27:00", "subject": "2", "recorded-or-robo": "Y", "city": "McKinney", "state": "TX", "area-code": "469"}, {"id": "e81c9350d54f66c6d33b3747ee4d2b1e", "number": "2394155104", "date": "2021-01-22 16:48:06", "subject": "3", "recorded-or-robo": "Y", "city": "", "state": "FL", "area-code": "786"}, {"id": "deca54a6651fb9add5b4a9816ce198d7", "number": "2394155104", "date": "2021-01-22 16:48:06", "subject": "3", "recorded-or-robo": "Y", "city": "", "state": "FL", "area-code": "786"}, {"id": "deca54a6651fb9add5b4a9816c8a494e", "number": "7208934200", "date": "2021-01-22 14:10:00", "subject": "4", "recorded-or-robo": "Y", "city": "", "state": "CO", "area-code": "720"}, {"id": "deca54a6651fb9add5b4a9816c8a4433", "number": "4752681901", "date": "2021-01-22 09:07:00", "subject": "3", "recorded-or-robo": "Y", "city": "", "state": "MD", "area-code": "410"}, {"id": "b6a8da8b80f26332ed085cca2df57f99", "number": "7208934200", "date": "2021-01-22 14:10:00", "subject": "4", "recorded-or-robo": "Y", "city": "", "state": "CO", "area-code": "720"}, {"id": "b6a8da8b80f26332ed085cca2df57184", "number": "4752681901", "date": "2021-01-22 09:07:00", "subject": "3", "recorded-or-robo": "Y", "city": "", "state": "MD", "area-code": "410"}, {"id": "e81c9350d54f66c6d33b3747ee4dab9e", "number": "+14699043064", "date": "2021-01-22 16:48:04", "subject": "3", "recorded-or-robo": "Y", "city": "", "state": "TX", "area-code": "469"}, {"id": "deca54a6651fb9add5b4a9816ce22511", "number": "+14699043064", "date": "2021-01-22 16:48:04", "subject": "3", "recorded-or-robo": "Y", "city": "", "state": "TX", "area-code": "469"}, {"id": "deca54a6651fb9add5b4a9816c8a42ef", "number": "", "date": "2021-01-22 15:56:00", "subject": "1", "recorded-or-robo": "Y", "city": "Sugar Hill", "state": "GA", "area-code": "678"}]}