{"data": [{"id": "1d36742e3f24f50e4e7ae82801080d37", "number": "4793832425", "date": "2021-01-11 11:33:00", "subject": "3", "recorded-or-robo": "Y", "city": "", "state": "AR", "area-code": "479"}, {"id": "e81c9350d54f66c6d33b3747ee72e976", "number": "", "date": "2021-01-21 00:00:00", "subject": "3", "recorded-or-robo": "Y", "city": "", "state": "OH", "area-code": "513"}, {"id": "1d36742e3f24f50e4e7ae828010809fb", "number": "", "date": "2021-01-21 00:00:00", "subject": "3", "recorded-or-robo": "Y", "city": "", "state": "OH", "area-code": "513"}, {"id": "e81c9350d54f66c6d33b3747ee72e42c", "number": "7207388998", "date": "2021-01-22 16:51:00", "subject": "2", "recorded-or-robo": "Y", "city": "Wheat Ridge", "state": "CO", "area-code": "303"}, {"id": "1d36742e3f24f50e4e7ae82801080395", "number": "7207388998", "date": "2021-01-22 16:51:00", "subject": "2", "recorded-or-robo": "Y", "city": "Wheat Ridge", "state": "CO", "area-code": "303"}, {"id": "e81c9350d54f66c6d33b3747eec6bde8", "number": "3374123084", "date": "2021-01-21 01:11:00", "subject": "3", "recorded-or-robo": "Y", "city": "", "state": "LA", "area-code": "337"}, {"id": "1d36742e3f24f50e4e7ae828015c0547", "number": "3374123084", "date": "2021-01-21 01:11:00", "subject": "3", "recorded-or-robo": "Y", "city": "", "state": "LA", "area-code": "337"}, {"id": "e81c9350d54f66c6d33b3747ee72de95", "number": "9256658414", "date": "2021-01-22 16:00:00", "subject": "2", "recorded-or-robo": "Y", "city": "rio vista", "state": "CA", "area-code": "707"}, {"id": "1d36742e3f24f50e4e7ae8280107f3ca", "number": "9256658414", "date": "2021-01-22 16:00:00", "subject": "2", "recorded-or-robo": "Y", "city": "rio vista", "state": "CA", "area-code": "707"}, {"id": "e81c9350d54f66c6d33b3747ee72d8c2", "number": "5712006930", "date": "2020-10-08 11:51:00", "subject": "0", "recorded-or-robo": "Y", "city": "Manassas", "state": "VA", "area-code": "703"}, {"id": "1d36742e3f24f50e4e7ae8280107e6dd", "number": "5712006930", "date": "2020-10-08 11:51:00", "subject": "0", "recorded-or-robo": "Y", "city": "Manassas", "state": "VA", "area-code": "703"}, {"id": "e81c9350d54f66c6d33b3747eea68cf8", "number": "3017479036", "date": "2021-01-22 19:38:33", "subject": "3", "recorded-or-robo": "N", "city": "", "state": "PR", "area-code": "787"}, {"id": "1d36742e3f24f50e4e7ae828013b7bd2", "number": "3017479036", "date": "2021-01-22 19:38:33", "subject": "3", "recorded-or-robo": "N", "city": "", "state": "PR", "area-code": "787"}, {"id": "e81c9350d54f66c6d33b3747eea67272", "number": "3017479036", "date": "2021-01-22 19:38:32", "subject": "3", "recorded-or-robo": "N", "city": "", "state": "PR", "area-code": "787"}, {"id": "e81c9350d54f66c6d33b3747ee72d355", "number": "2073807910", "date": "2021-01-22 19:31:00", "subject": "2", "recorded-or-robo": "", "city": "", "state": "ME", "area-code": "207"}, {"id": "1d36742e3f24f50e4e7ae828013b5d7a", "number": "3017479036", "date": "2021-01-22 19:38:32", "subject": "3", "recorded-or-robo": "N", "city": "", "state": "PR", "area-code": "787"}, {"id": "1d36742e3f24f50e4e7ae8280107e155", "number": "2073807910", "date": "2021-01-22 19:31:00", "subject": "2", "recorded-or-robo": "", "city": "", "state": "ME", "area-code": "207"}, {"id": "e81c9350d54f66c6d33b3747eea600b7", "number": "3104895725", "date": "2021-01-22 19:38:28", "subject": "3", "recorded-or-robo": "N", "city": "", "state": "CA", "area-code": "310"}, {"id": "e81c9350d54f66c6d33b3747ee72d277", "number": "8048280431", "date": "2021-01-22 00:00:00", "subject": "3", "recorded-or-robo": "", "city": "La Crosse", "state": "VA", "area-code": "434"}, {"id": "1d36742e3f24f50e4e7ae828013adc28", "number": "3104895725", "date": "2021-01-22 19:38:28", "subject": "3", "recorded-or-robo": "N", "city": "", "state": "CA", "area-code": "310"}, {"id": "1d36742e3f24f50e4e7ae8280107db02", "number": "8048280431", "date": "2021-01-22 00:00:00", "subject": "3", "recorded-or-robo": "", "city": "La Crosse", "state": "VA", "area-code": "434"}, {"id": "e81c9350d54f66c6d33b3747ee72cd78", "number": "8144560220", "date": "2021-01-18 13:32:00", "subject": "2", "recorded-or-robo": "Y", "city": "", "state": "PA", "area-code": "814"}, {"id": "1d36742e3f24f50e4e7ae8280107cff2", "number": "8144560220", "date": "2021-01-18 13:32:00", "subject": "2", "recorded-or-robo": "Y", "city": "", "state": "PA", "area-code": "814"}, {"id": "e81c9350d54f66c6d33b3747ee72bed6", "number": "4132163271", "date": "2021-01-21 09:38:00", "subject": "0", "recorded-or-robo": "", "city": "Southampton", "state": "MA", "area-code": "413"}, {"id": "1d36742e3f24f50e4e7ae8280107cf95", "number": "4132163271", "date": "2021-01-21 09:38:00", "subject": "0", "recorded-or-robo": "", "city": "Southampton", "state": "MA", "area-code": "413"}, {"id": "e81c9350d54f66c6d33b3747ee72b6f3", "number": "995592837535", "date": "2021-01-22 09:55:00", "subject": "0", "recorded-or-robo": "Y", "city": "Grimes", "state": "IA", "area-code": "515"}, {"id": "1d36742e3f24f50e4e7ae8280107cc91", "number": "995592837535", "date": "2021-01-22 09:55:00", "subject": "0", "recorded-or-robo": "Y", "city": "Grimes", "state": "IA", "area-code": "515"}, {"id": "e81c9350d54f66c6d33b3747eea616fb", "number": "+15093003039", "date": "2021-01-22 19:38:01", "subject": "3", "recorded-or-robo": "Y", "city": "", "state": "KY", "area-code": "270"}, {"id": "e81c9350d54f66c6d33b3747ee72ac70", "number": "2699069156", "date": "2021-01-22 06:57:00", "subject": "4", "recorded-or-robo": "Y", "city": "", "state": "MI", "area-code": "269"}, {"id": "1d36742e3f24f50e4e7ae828013b00f5", "number": "+15093003039", "date": "2021-01-22 19:38:01", "subject": "3", "recorded-or-robo": "Y", "city": "", "state": "KY", "area-code": "270"}, {"id": "1d36742e3f24f50e4e7ae8280107c48a", "number": "2699069156", "date": "2021-01-22 06:57:00", "subject": "4", "recorded-or-robo": "Y", "city": "", "state": "MI", "area-code": "269"}, {"id": "e81c9350d54f66c6d33b3747eea5bb81", "number": "8594793932", "date": "2021-01-22 19:37:58", "subject": "3", "recorded-or-robo": "Y", "city": "", "state": "KY", "area-code": "859"}, {"id": "1d36742e3f24f50e4e7ae828013aa041", "number": "8594793932", "date": "2021-01-22 19:37:58", "subject": "3", "recorded-or-robo": "Y", "city": "", "state": "KY", "area-code": "859"}, {"id": "e81c9350d54f66c6d33b3747eea65069", "number": "8594793932", "date": "2021-01-22 19:37:57", "subject": "3", "recorded-or-robo": "Y", "city": "", "state": "KY", "area-code": "859"}, {"id": "1d36742e3f24f50e4e7ae828013b39ba", "number": "8594793932", "date": "2021-01-22 19:37:57", "subject": "3", "recorded-or-robo": "Y", "city": "", "state": "KY", "area-code": "859"}, {"id": "e81c9350d54f66c6d33b3747ee72a0b2", "number": "7085430584", "date": "2021-01-21 17:34:00", "subject": "0", "recorded-or-robo": "", "city": "Monee", "state": "IL", "area-code": "708"}, {"id": "1d36742e3f24f50e4e7ae8280107b5ca", "number": "7085430584", "date": "2021-01-21 17:34:00", "subject": "0", "recorded-or-robo": "", "city": "Monee", "state": "IL", "area-code": "708"}, {"id": "e81c9350d54f66c6d33b3747eea6243d", "number": "+15053752446", "date": "2021-01-22 19:37:53", "subject": "3", "recorded-or-robo": "Y", "city": "", "state": "NM", "area-code": "505"}, {"id": "1d36742e3f24f50e4e7ae828013b0b0b", "number": "+15053752446", "date": "2021-01-22 19:37:53", "subject": "3", "recorded-or-robo": "Y", "city": "", "state": "NM", "area-code": "505"}, {"id": "e81c9350d54f66c6d33b3747ee72923e", "number": "5126016224", "date": "2021-01-22 17:49:00", "subject": "0", "recorded-or-robo": "N", "city": "Round Rock", "state": "TX", "area-code": "512"}, {"id": "1d36742e3f24f50e4e7ae8280107b430", "number": "5126016224", "date": "2021-01-22 17:49:00", "subject": "0", "recorded-or-robo": "N", "city": "Round Rock", "state": "TX", "area-code": "512"}, {"id": "e81c9350d54f66c6d33b3747eea62c48", "number": "+12703357105", "date": "2021-01-22 19:37:47", "subject": "3", "recorded-or-robo": "Y", "city": "", "state": "KY", "area-code": "270"}, {"id": "e81c9350d54f66c6d33b3747ee729069", "number": "6167104681", "date": "2021-01-18 10:03:00", "subject": "0", "recorded-or-robo": "N", "city": "", "state": "MI", "area-code": "616"}, {"id": "1d36742e3f24f50e4e7ae828013b0d29", "number": "+12703357105", "date": "2021-01-22 19:37:47", "subject": "3", "recorded-or-robo": "Y", "city": "", "state": "KY", "area-code": "270"}, {"id": "1d36742e3f24f50e4e7ae8280107a8c5", "number": "6167104681", "date": "2021-01-18 10:03:00", "subject": "0", "recorded-or-robo": "N", "city": "", "state": "MI", "area-code": "616"}, {"id": "e81c9350d54f66c6d33b3747eea65f80", "number": "2892323407", "date": "2021-01-22 19:37:42", "subject": "3", "recorded-or-robo": "Y", "city": "", "state": "KY", "area-code": "859"}, {"id": "1d36742e3f24f50e4e7ae828013b44b5", "number": "2892323407", "date": "2021-01-22 19:37:42", "subject": "3", "recorded-or-robo": "Y", "city": "", "state": "KY", "area-code": "859"}, {"id": "e81c9350d54f66c6d33b3747eea5eb02", "number": "+15104621031", "date": "2021-01-22 19:37:41", "subject": "3", "recorded-or-robo": "Y", "city": "", "state": "CA", "area-code": "559"}, {"id": "1d36742e3f24f50e4e7ae828013acf5a", "number": "+15104621031", "date": "2021-01-22 19:37:41", "subject": "3", "recorded-or-robo": "Y", "city": "", "state": "CA", "area-code": "559"}, {"id": "e81c9350d54f66c6d33b3747ee72827b", "number": "5867792112", "date": "2021-01-22 11:52:00", "subject": "3", "recorded-or-robo": "Y", "city": "", "state": "MI", "area-code": "586"}]}