{"data": [{"id": "1d36742e3f24f50e4e7ae82801089623", "number": "5402816841", "date": "2021-01-08 00:00:00", "subject": "3", "recorded-or-robo": "Y", "city": "La Crosse", "state": "VA", "area-code": "434"}, {"id": "e81c9350d54f66c6d33b3747ee737eeb", "number": "8556571563", "date": "2021-01-22 19:12:00", "subject": "0", "recorded-or-robo": "N", "city": "", "state": "MI", "area-code": "616"}, {"id": "1d36742e3f24f50e4e7ae8280108945f", "number": "8556571563", "date": "2021-01-22 19:12:00", "subject": "0", "recorded-or-robo": "N", "city": "", "state": "MI", "area-code": "616"}, {"id": "e81c9350d54f66c6d33b3747ee7375e2", "number": "3477354046", "date": "2021-01-21 09:43:00", "subject": "0", "recorded-or-robo": "", "city": "Southampton", "state": "MA", "area-code": "413"}, {"id": "1d36742e3f24f50e4e7ae8280108877f", "number": "3477354046", "date": "2021-01-21 09:43:00", "subject": "0", "recorded-or-robo": "", "city": "Southampton", "state": "MA", "area-code": "413"}, {"id": "e81c9350d54f66c6d33b3747ee736af7", "number": "8137589114", "date": "2021-01-21 17:33:00", "subject": "3", "recorded-or-robo": "N", "city": "APOLLO BEACH", "state": "FL", "area-code": "813"}, {"id": "1d36742e3f24f50e4e7ae82801087cbd", "number": "8137589114", "date": "2021-01-21 17:33:00", "subject": "3", "recorded-or-robo": "N", "city": "APOLLO BEACH", "state": "FL", "area-code": "813"}, {"id": "e81c9350d54f66c6d33b3747ee7361e9", "number": "4157232450", "date": "2021-01-21 15:43:00", "subject": "2", "recorded-or-robo": "N", "city": "Maumelle", "state": "AR", "area-code": "501"}, {"id": "1d36742e3f24f50e4e7ae8280108796b", "number": "4157232450", "date": "2021-01-21 15:43:00", "subject": "2", "recorded-or-robo": "N", "city": "Maumelle", "state": "AR", "area-code": "501"}, {"id": "e81c9350d54f66c6d33b3747eea68778", "number": "+17252418480", "date": "2021-01-22 19:40:08", "subject": "3", "recorded-or-robo": "Y", "city": "", "state": "NV", "area-code": "702"}, {"id": "1d36742e3f24f50e4e7ae828013b78a9", "number": "+17252418480", "date": "2021-01-22 19:40:08", "subject": "3", "recorded-or-robo": "Y", "city": "", "state": "NV", "area-code": "702"}, {"id": "e81c9350d54f66c6d33b3747eea667c5", "number": "7604892957", "date": "2021-01-22 19:40:07", "subject": "3", "recorded-or-robo": "N", "city": "", "state": "CA", "area-code": "760"}, {"id": "1d36742e3f24f50e4e7ae828013b4d17", "number": "7604892957", "date": "2021-01-22 19:40:07", "subject": "3", "recorded-or-robo": "N", "city": "", "state": "CA", "area-code": "760"}, {"id": "e81c9350d54f66c6d33b3747eea646d5", "number": "+16158736939", "date": "2021-01-22 19:40:05", "subject": "3", "recorded-or-robo": "Y", "city": "", "state": "TN", "area-code": "615"}, {"id": "e81c9350d54f66c6d33b3747eea5e1a5", "number": "+18475510477", "date": "2021-01-22 19:40:05", "subject": "3", "recorded-or-robo": "Y", "city": "", "state": "IL", "area-code": "847"}, {"id": "1d36742e3f24f50e4e7ae828013b1d8b", "number": "+16158736939", "date": "2021-01-22 19:40:05", "subject": "3", "recorded-or-robo": "Y", "city": "", "state": "TN", "area-code": "615"}, {"id": "1d36742e3f24f50e4e7ae828013ac16f", "number": "+18475510477", "date": "2021-01-22 19:40:05", "subject": "3", "recorded-or-robo": "Y", "city": "", "state": "IL", "area-code": "847"}, {"id": "e81c9350d54f66c6d33b3747ee73600a", "number": "8008952188", "date": "2021-01-21 00:00:00", "subject": "3", "recorded-or-robo": "N", "city": "", "state": "NJ", "area-code": "973"}, {"id": "1d36742e3f24f50e4e7ae82801086eca", "number": "8008952188", "date": "2021-01-21 00:00:00", "subject": "3", "recorded-or-robo": "N", "city": "", "state": "NJ", "area-code": "973"}, {"id": "e81c9350d54f66c6d33b3747ee7354f4", "number": "6149547971", "date": "2021-01-22 15:06:00", "subject": "0", "recorded-or-robo": "Y", "city": "Kettering", "state": "OH", "area-code": "937"}, {"id": "e81c9350d54f66c6d33b3747ee734f65", "number": "3036862650", "date": "2020-10-07 12:43:00", "subject": "0", "recorded-or-robo": "Y", "city": "Manassas", "state": "VA", "area-code": "703"}, {"id": "1d36742e3f24f50e4e7ae82801086b2b", "number": "6149547971", "date": "2021-01-22 15:06:00", "subject": "0", "recorded-or-robo": "Y", "city": "Kettering", "state": "OH", "area-code": "937"}, {"id": "1d36742e3f24f50e4e7ae82801085bf0", "number": "3036862650", "date": "2020-10-07 12:43:00", "subject": "0", "recorded-or-robo": "Y", "city": "Manassas", "state": "VA", "area-code": "703"}, {"id": "e81c9350d54f66c6d33b3747ee7348a2", "number": "7038444990", "date": "2021-01-21 13:50:00", "subject": "3", "recorded-or-robo": "N", "city": "", "state": "VA", "area-code": "703"}, {"id": "1d36742e3f24f50e4e7ae82801085632", "number": "7038444990", "date": "2021-01-21 13:50:00", "subject": "3", "recorded-or-robo": "N", "city": "", "state": "VA", "area-code": "703"}, {"id": "e81c9350d54f66c6d33b3747ee72eef9", "number": "5139100320", "date": "2021-01-22 16:10:00", "subject": "3", "recorded-or-robo": "", "city": "", "state": "OH", "area-code": "513"}, {"id": "1d36742e3f24f50e4e7ae82801080a64", "number": "5139100320", "date": "2021-01-22 16:10:00", "subject": "3", "recorded-or-robo": "", "city": "", "state": "OH", "area-code": "513"}, {"id": "e81c9350d54f66c6d33b3747ee7345f6", "number": "", "date": "2021-01-22 18:35:00", "subject": "2", "recorded-or-robo": "Y", "city": "", "state": "MO", "area-code": "314"}, {"id": "1d36742e3f24f50e4e7ae8280108508e", "number": "", "date": "2021-01-22 18:35:00", "subject": "2", "recorded-or-robo": "Y", "city": "", "state": "MO", "area-code": "314"}, {"id": "e81c9350d54f66c6d33b3747ee73411d", "number": "4133706699", "date": "2021-01-21 09:41:00", "subject": "0", "recorded-or-robo": "", "city": "Southampton", "state": "MA", "area-code": "413"}, {"id": "1d36742e3f24f50e4e7ae828010848ef", "number": "4133706699", "date": "2021-01-21 09:41:00", "subject": "0", "recorded-or-robo": "", "city": "Southampton", "state": "MA", "area-code": "413"}, {"id": "e81c9350d54f66c6d33b3747ee73324d", "number": "", "date": "2021-01-22 19:30:00", "subject": "9", "recorded-or-robo": "Y", "city": "", "state": "NY", "area-code": "718"}, {"id": "1d36742e3f24f50e4e7ae8280108472f", "number": "", "date": "2021-01-22 19:30:00", "subject": "9", "recorded-or-robo": "Y", "city": "", "state": "NY", "area-code": "718"}, {"id": "e81c9350d54f66c6d33b3747ee732caf", "number": "8663588610", "date": "2021-01-18 07:10:00", "subject": "2", "recorded-or-robo": "Y", "city": "Medford", "state": "OR", "area-code": "541"}, {"id": "1d36742e3f24f50e4e7ae82801083a4c", "number": "8663588610", "date": "2021-01-18 07:10:00", "subject": "2", "recorded-or-robo": "Y", "city": "Medford", "state": "OR", "area-code": "541"}, {"id": "e81c9350d54f66c6d33b3747eea64de9", "number": "5628663063", "date": "2021-01-22 19:39:21", "subject": "3", "recorded-or-robo": "Y", "city": "", "state": "CA", "area-code": "310"}, {"id": "e81c9350d54f66c6d33b3747eea5adae", "number": "3105633329", "date": "2021-01-22 19:39:21", "subject": "3", "recorded-or-robo": "Y", "city": "", "state": "CA", "area-code": "310"}, {"id": "e81c9350d54f66c6d33b3747ee731edc", "number": "7084992027", "date": "2021-01-21 17:57:00", "subject": "0", "recorded-or-robo": "", "city": "Monee", "state": "IL", "area-code": "708"}, {"id": "1d36742e3f24f50e4e7ae828013b36aa", "number": "5628663063", "date": "2021-01-22 19:39:21", "subject": "3", "recorded-or-robo": "Y", "city": "", "state": "CA", "area-code": "310"}, {"id": "1d36742e3f24f50e4e7ae828013a950a", "number": "3105633329", "date": "2021-01-22 19:39:21", "subject": "3", "recorded-or-robo": "Y", "city": "", "state": "CA", "area-code": "310"}, {"id": "1d36742e3f24f50e4e7ae828010837b8", "number": "7084992027", "date": "2021-01-21 17:57:00", "subject": "0", "recorded-or-robo": "", "city": "Monee", "state": "IL", "area-code": "708"}, {"id": "e81c9350d54f66c6d33b3747ee7317c2", "number": "6264581313", "date": "2021-01-12 17:23:00", "subject": "13", "recorded-or-robo": "Y", "city": "", "state": "CA", "area-code": "626"}, {"id": "1d36742e3f24f50e4e7ae8280108325a", "number": "6264581313", "date": "2021-01-12 17:23:00", "subject": "13", "recorded-or-robo": "Y", "city": "", "state": "CA", "area-code": "626"}, {"id": "e81c9350d54f66c6d33b3747ee730adf", "number": "5755873491", "date": "2021-01-22 12:35:00", "subject": "1", "recorded-or-robo": "Y", "city": "MARYSVILLE", "state": "CA", "area-code": "530"}, {"id": "1d36742e3f24f50e4e7ae828010826e1", "number": "5755873491", "date": "2021-01-22 12:35:00", "subject": "1", "recorded-or-robo": "Y", "city": "MARYSVILLE", "state": "CA", "area-code": "530"}, {"id": "e81c9350d54f66c6d33b3747ee72feed", "number": "2484221694", "date": "2021-01-18 16:08:00", "subject": "0", "recorded-or-robo": "N", "city": "", "state": "MI", "area-code": "616"}, {"id": "1d36742e3f24f50e4e7ae82801081941", "number": "2484221694", "date": "2021-01-18 16:08:00", "subject": "0", "recorded-or-robo": "N", "city": "", "state": "MI", "area-code": "616"}, {"id": "e81c9350d54f66c6d33b3747ee72f213", "number": "6785381365", "date": "2021-01-22 19:36:00", "subject": "2", "recorded-or-robo": "Y", "city": "Senoia", "state": "GA", "area-code": "678"}, {"id": "1d36742e3f24f50e4e7ae82801081810", "number": "6785381365", "date": "2021-01-22 19:36:00", "subject": "2", "recorded-or-robo": "Y", "city": "Senoia", "state": "GA", "area-code": "678"}, {"id": "e81c9350d54f66c6d33b3747ee72ef16", "number": "4793832425", "date": "2021-01-11 11:33:00", "subject": "3", "recorded-or-robo": "Y", "city": "", "state": "AR", "area-code": "479"}]}