{"data": [{"id": "b6a8da8b80f26332ed085cca2de83764", "number": "8502900136", "date": "2021-01-20 09:13:00", "subject": "3", "recorded-or-robo": "Y", "city": "", "state": "WI", "area-code": "262"}, {"id": "deca54a6651fb9add5b4a9816c7d33dd", "number": "8508552788", "date": "2021-01-19 16:53:00", "subject": "2", "recorded-or-robo": "", "city": "Tallahassee", "state": "FL", "area-code": "850"}, {"id": "b6a8da8b80f26332ed085cca2de827bb", "number": "8508552788", "date": "2021-01-19 16:53:00", "subject": "2", "recorded-or-robo": "", "city": "Tallahassee", "state": "FL", "area-code": "850"}, {"id": "deca54a6651fb9add5b4a9816c7d30b2", "number": "9099618128", "date": "2021-01-21 00:00:00", "subject": "3", "recorded-or-robo": "Y", "city": "", "state": "TX", "area-code": "469"}, {"id": "b6a8da8b80f26332ed085cca2de819f8", "number": "9099618128", "date": "2021-01-21 00:00:00", "subject": "3", "recorded-or-robo": "Y", "city": "", "state": "TX", "area-code": "469"}, {"id": "e81c9350d54f66c6d33b3747ee493afc", "number": "+12404392427", "date": "2021-01-22 16:29:01", "subject": "3", "recorded-or-robo": "N", "city": "", "state": "MD", "area-code": "301"}, {"id": "deca54a6651fb9add5b4a9816cddd6a3", "number": "+12404392427", "date": "2021-01-22 16:29:01", "subject": "3", "recorded-or-robo": "N", "city": "", "state": "MD", "area-code": "301"}, {"id": "e81c9350d54f66c6d33b3747ee492c1d", "number": "+18282554778", "date": "2021-01-22 16:28:55", "subject": "3", "recorded-or-robo": "Y", "city": "", "state": "AZ", "area-code": "480"}, {"id": "deca54a6651fb9add5b4a9816cddc7ca", "number": "+18282554778", "date": "2021-01-22 16:28:55", "subject": "3", "recorded-or-robo": "Y", "city": "", "state": "AZ", "area-code": "480"}, {"id": "deca54a6651fb9add5b4a9816c7d25e2", "number": "", "date": "2021-01-20 00:00:00", "subject": "16", "recorded-or-robo": "N", "city": "Mesa", "state": "AZ", "area-code": "480"}, {"id": "b6a8da8b80f26332ed085cca2de814af", "number": "", "date": "2021-01-20 00:00:00", "subject": "16", "recorded-or-robo": "N", "city": "Mesa", "state": "AZ", "area-code": "480"}, {"id": "e81c9350d54f66c6d33b3747ee49988e", "number": "8655685081", "date": "2021-01-22 16:28:53", "subject": "3", "recorded-or-robo": "Y", "city": "", "state": "TN", "area-code": "865"}, {"id": "deca54a6651fb9add5b4a9816cde19d5", "number": "8655685081", "date": "2021-01-22 16:28:53", "subject": "3", "recorded-or-robo": "Y", "city": "", "state": "TN", "area-code": "865"}, {"id": "deca54a6651fb9add5b4a9816c7d2235", "number": "9095000843", "date": "2021-01-22 10:02:00", "subject": "2", "recorded-or-robo": "Y", "city": "", "state": "CA", "area-code": "925"}, {"id": "b6a8da8b80f26332ed085cca2de80e67", "number": "9095000843", "date": "2021-01-22 10:02:00", "subject": "2", "recorded-or-robo": "Y", "city": "", "state": "CA", "area-code": "925"}, {"id": "deca54a6651fb9add5b4a9816c7d217c", "number": "2815376856", "date": "2021-01-20 12:37:00", "subject": "2", "recorded-or-robo": "Y", "city": "Phoenix", "state": "AZ", "area-code": "281"}, {"id": "b6a8da8b80f26332ed085cca2de80ddb", "number": "2815376856", "date": "2021-01-20 12:37:00", "subject": "2", "recorded-or-robo": "Y", "city": "Phoenix", "state": "AZ", "area-code": "281"}, {"id": "deca54a6651fb9add5b4a9816c7d14d9", "number": "9733520281", "date": "2021-01-22 16:26:00", "subject": "2", "recorded-or-robo": "", "city": "", "state": "NJ", "area-code": "973"}, {"id": "b6a8da8b80f26332ed085cca2de7fe56", "number": "9733520281", "date": "2021-01-22 16:26:00", "subject": "2", "recorded-or-robo": "", "city": "", "state": "NJ", "area-code": "973"}, {"id": "deca54a6651fb9add5b4a9816c7d0d7a", "number": "9498307309", "date": "2021-01-22 12:53:00", "subject": "1", "recorded-or-robo": "Y", "city": "Mission Viejo", "state": "CA", "area-code": "949"}, {"id": "b6a8da8b80f26332ed085cca2de7f7c8", "number": "9498307309", "date": "2021-01-22 12:53:00", "subject": "1", "recorded-or-robo": "Y", "city": "Mission Viejo", "state": "CA", "area-code": "949"}, {"id": "deca54a6651fb9add5b4a9816c7d04c7", "number": "3324567268", "date": "2021-01-22 10:55:00", "subject": "2", "recorded-or-robo": "Y", "city": "Chicago", "state": "IL", "area-code": "312"}, {"id": "b6a8da8b80f26332ed085cca2de7ea18", "number": "3324567268", "date": "2021-01-22 10:55:00", "subject": "2", "recorded-or-robo": "Y", "city": "Chicago", "state": "IL", "area-code": "312"}, {"id": "deca54a6651fb9add5b4a9816c7cf720", "number": "8042942114", "date": "2021-01-22 16:03:00", "subject": "2", "recorded-or-robo": "Y", "city": "", "state": "VA", "area-code": "804"}, {"id": "b6a8da8b80f26332ed085cca2de7dda7", "number": "8042942114", "date": "2021-01-22 16:03:00", "subject": "2", "recorded-or-robo": "Y", "city": "", "state": "VA", "area-code": "804"}, {"id": "deca54a6651fb9add5b4a9816c7ce926", "number": "4142991708", "date": "2021-01-21 17:15:00", "subject": "3", "recorded-or-robo": "Y", "city": "", "state": "WI", "area-code": "262"}, {"id": "b6a8da8b80f26332ed085cca2de7d9af", "number": "4142991708", "date": "2021-01-21 17:15:00", "subject": "3", "recorded-or-robo": "Y", "city": "", "state": "WI", "area-code": "262"}, {"id": "deca54a6651fb9add5b4a9816c7ce779", "number": "6507557255", "date": "2021-01-22 14:22:00", "subject": "11", "recorded-or-robo": "N", "city": "", "state": "CO", "area-code": "719"}, {"id": "b6a8da8b80f26332ed085cca2de7d26c", "number": "6507557255", "date": "2021-01-22 14:22:00", "subject": "11", "recorded-or-robo": "N", "city": "", "state": "CO", "area-code": "719"}, {"id": "deca54a6651fb9add5b4a9816c7cde77", "number": "7032896107", "date": "2021-01-22 16:10:00", "subject": "5", "recorded-or-robo": "Y", "city": "Alexandria", "state": "VA", "area-code": "703"}, {"id": "b6a8da8b80f26332ed085cca2de7c550", "number": "7032896107", "date": "2021-01-22 16:10:00", "subject": "5", "recorded-or-robo": "Y", "city": "Alexandria", "state": "VA", "area-code": "703"}, {"id": "deca54a6651fb9add5b4a9816c7ccfe7", "number": "8044691702", "date": "2021-01-22 10:00:00", "subject": "3", "recorded-or-robo": "Y", "city": "", "state": "VA", "area-code": "804"}, {"id": "b6a8da8b80f26332ed085cca2de7bafb", "number": "8044691702", "date": "2021-01-22 10:00:00", "subject": "3", "recorded-or-robo": "Y", "city": "", "state": "VA", "area-code": "804"}, {"id": "deca54a6651fb9add5b4a9816c7ccd0b", "number": "7867253760", "date": "2021-01-22 04:30:00", "subject": "1", "recorded-or-robo": "N", "city": "", "state": "FL", "area-code": "786"}, {"id": "b6a8da8b80f26332ed085cca2de7b6c8", "number": "7867253760", "date": "2021-01-22 04:30:00", "subject": "1", "recorded-or-robo": "N", "city": "", "state": "FL", "area-code": "786"}, {"id": "deca54a6651fb9add5b4a9816c7cc521", "number": "7205809201", "date": "2021-01-22 12:47:00", "subject": "4", "recorded-or-robo": "Y", "city": "", "state": "PA", "area-code": "720"}, {"id": "b6a8da8b80f26332ed085cca2de7b2e1", "number": "7205809201", "date": "2021-01-22 12:47:00", "subject": "4", "recorded-or-robo": "Y", "city": "", "state": "PA", "area-code": "720"}, {"id": "deca54a6651fb9add5b4a9816c7cb618", "number": "9097662532", "date": "2021-01-21 00:00:00", "subject": "3", "recorded-or-robo": "Y", "city": "", "state": "TX", "area-code": "469"}, {"id": "deca54a6651fb9add5b4a9816c7cb4c4", "number": "6096232857", "date": "2021-01-22 03:52:00", "subject": "4", "recorded-or-robo": "Y", "city": "", "state": "NY", "area-code": "518"}, {"id": "b6a8da8b80f26332ed085cca2de7a8a8", "number": "9097662532", "date": "2021-01-21 00:00:00", "subject": "3", "recorded-or-robo": "Y", "city": "", "state": "TX", "area-code": "469"}, {"id": "b6a8da8b80f26332ed085cca2de79ec2", "number": "6096232857", "date": "2021-01-22 03:52:00", "subject": "4", "recorded-or-robo": "Y", "city": "", "state": "NY", "area-code": "518"}, {"id": "deca54a6651fb9add5b4a9816c7cab79", "number": "9739638365", "date": "2021-01-22 16:26:00", "subject": "4", "recorded-or-robo": "Y", "city": "Bayville", "state": "NJ", "area-code": "973"}, {"id": "b6a8da8b80f26332ed085cca2de790b7", "number": "9739638365", "date": "2021-01-22 16:26:00", "subject": "4", "recorded-or-robo": "Y", "city": "Bayville", "state": "NJ", "area-code": "973"}, {"id": "e81c9350d54f66c6d33b3747ee49b072", "number": "8283958480", "date": "2021-01-22 16:28:19", "subject": "3", "recorded-or-robo": "N", "city": "", "state": "MD", "area-code": "301"}, {"id": "deca54a6651fb9add5b4a9816cde41f3", "number": "8283958480", "date": "2021-01-22 16:28:19", "subject": "3", "recorded-or-robo": "N", "city": "", "state": "MD", "area-code": "301"}, {"id": "deca54a6651fb9add5b4a9816c7ca691", "number": "6304917169", "date": "2021-01-22 15:20:00", "subject": "4", "recorded-or-robo": "Y", "city": "Addison", "state": "IL", "area-code": "630"}, {"id": "b6a8da8b80f26332ed085cca2de7901f", "number": "6304917169", "date": "2021-01-22 15:20:00", "subject": "4", "recorded-or-robo": "Y", "city": "Addison", "state": "IL", "area-code": "630"}, {"id": "deca54a6651fb9add5b4a9816c7ca65e", "number": "4073598828", "date": "2021-01-20 15:15:00", "subject": "2", "recorded-or-robo": "Y", "city": "Phoenix", "state": "AZ", "area-code": "281"}, {"id": "deca54a6651fb9add5b4a9816c7ca546", "number": "8635553452", "date": "2021-01-22 12:34:00", "subject": "0", "recorded-or-robo": "N", "city": "Loveland", "state": "CO", "area-code": "970"}, {"id": "b6a8da8b80f26332ed085cca2de785fb", "number": "4073598828", "date": "2021-01-20 15:15:00", "subject": "2", "recorded-or-robo": "Y", "city": "Phoenix", "state": "AZ", "area-code": "281"}]}