{"data": [{"id": "1d36742e3f24f50e4e7ae828016e1414", "number": "8174128472", "date": "2021-01-23 09:00:00", "subject": "12", "recorded-or-robo": "N", "city": "fort worth", "state": "TX", "area-code": "817"}, {"id": "e81c9350d54f66c6d33b3747eed90f4d", "number": "8607437446", "date": "2021-01-22 09:57:00", "subject": "3", "recorded-or-robo": "", "city": "", "state": "CT", "area-code": "860"}, {"id": "1d36742e3f24f50e4e7ae828016e02ce", "number": "8607437446", "date": "2021-01-22 09:57:00", "subject": "3", "recorded-or-robo": "", "city": "", "state": "CT", "area-code": "860"}, {"id": "e81c9350d54f66c6d33b3747eed92522", "number": "7148449903", "date": "2020-10-30 13:58:00", "subject": "5", "recorded-or-robo": "Y", "city": "Tujunga", "state": "CA", "area-code": "818"}, {"id": "1d36742e3f24f50e4e7ae828016e0a94", "number": "7148449903", "date": "2020-10-30 13:58:00", "subject": "5", "recorded-or-robo": "Y", "city": "Tujunga", "state": "CA", "area-code": "818"}, {"id": "e81c9350d54f66c6d33b3747eed9173f", "number": "6127595821", "date": "2021-01-22 12:07:00", "subject": "0", "recorded-or-robo": "Y", "city": "", "state": "MN", "area-code": "612"}, {"id": "1d36742e3f24f50e4e7ae828016e0573", "number": "6127595821", "date": "2021-01-22 12:07:00", "subject": "0", "recorded-or-robo": "Y", "city": "", "state": "MN", "area-code": "612"}, {"id": "e81c9350d54f66c6d33b3747eed902ae", "number": "7047545673", "date": "2021-01-22 18:04:00", "subject": "1", "recorded-or-robo": "N", "city": "China Grove", "state": "NC", "area-code": "704"}, {"id": "1d36742e3f24f50e4e7ae828016dfc24", "number": "7047545673", "date": "2021-01-22 18:04:00", "subject": "1", "recorded-or-robo": "N", "city": "China Grove", "state": "NC", "area-code": "704"}, {"id": "e81c9350d54f66c6d33b3747eed8f4f2", "number": "2168596855", "date": "2021-01-22 17:51:00", "subject": "6", "recorded-or-robo": "N", "city": "Cleveland", "state": "OH", "area-code": "216"}, {"id": "1d36742e3f24f50e4e7ae828016df4c1", "number": "2168596855", "date": "2021-01-22 17:51:00", "subject": "6", "recorded-or-robo": "N", "city": "Cleveland", "state": "OH", "area-code": "216"}, {"id": "3decc6bfadaa436a105714c6ba574061", "number": "7185268505", "date": "2021-01-22 13:13:00", "subject": "3", "recorded-or-robo": "Y", "city": "", "state": "NY", "area-code": "718"}, {"id": "1d36742e3f24f50e4e7ae82801edbdbc", "number": "7185268505", "date": "2021-01-22 13:13:00", "subject": "3", "recorded-or-robo": "Y", "city": "", "state": "NY", "area-code": "718"}, {"id": "e81c9350d54f66c6d33b3747eed8dcc3", "number": "8603155208", "date": "2021-01-20 12:08:00", "subject": "3", "recorded-or-robo": "", "city": "", "state": "CT", "area-code": "860"}, {"id": "1d36742e3f24f50e4e7ae828016dc7bb", "number": "8603155208", "date": "2021-01-20 12:08:00", "subject": "3", "recorded-or-robo": "", "city": "", "state": "CT", "area-code": "860"}, {"id": "e81c9350d54f66c6d33b3747eed8eb9d", "number": "6316245302", "date": "2021-01-21 01:38:00", "subject": "1", "recorded-or-robo": "Y", "city": "", "state": "NY", "area-code": "631"}, {"id": "e81c9350d54f66c6d33b3747eed8e431", "number": "9498912233", "date": "2020-11-04 09:00:00", "subject": "4", "recorded-or-robo": "Y", "city": "Tujunga", "state": "CA", "area-code": "818"}, {"id": "1d36742e3f24f50e4e7ae828016de1a0", "number": "6316245302", "date": "2021-01-21 01:38:00", "subject": "1", "recorded-or-robo": "Y", "city": "", "state": "NY", "area-code": "631"}, {"id": "1d36742e3f24f50e4e7ae828016dd1ef", "number": "9498912233", "date": "2020-11-04 09:00:00", "subject": "4", "recorded-or-robo": "Y", "city": "Tujunga", "state": "CA", "area-code": "818"}, {"id": "e81c9350d54f66c6d33b3747eed8da82", "number": "7272056355", "date": "2021-01-23 09:53:00", "subject": "2", "recorded-or-robo": "N", "city": "Deland", "state": "FL", "area-code": "407"}, {"id": "1d36742e3f24f50e4e7ae828016dc2bc", "number": "7272056355", "date": "2021-01-23 09:53:00", "subject": "2", "recorded-or-robo": "N", "city": "Deland", "state": "FL", "area-code": "407"}, {"id": "e81c9350d54f66c6d33b3747eed8d589", "number": "3609403529", "date": "2021-01-22 17:55:00", "subject": "3", "recorded-or-robo": "Y", "city": "", "state": "MA", "area-code": "978"}, {"id": "1d36742e3f24f50e4e7ae828016dbadb", "number": "3609403529", "date": "2021-01-22 17:55:00", "subject": "3", "recorded-or-robo": "Y", "city": "", "state": "MA", "area-code": "978"}, {"id": "e81c9350d54f66c6d33b3747eed8cd87", "number": "7604841829", "date": "2020-11-11 06:47:00", "subject": "5", "recorded-or-robo": "Y", "city": "Tujunga", "state": "CA", "area-code": "818"}, {"id": "1d36742e3f24f50e4e7ae828016db0d7", "number": "7604841829", "date": "2020-11-11 06:47:00", "subject": "5", "recorded-or-robo": "Y", "city": "Tujunga", "state": "CA", "area-code": "818"}, {"id": "e81c9350d54f66c6d33b3747eed8bd54", "number": "8603225476", "date": "2021-01-19 17:21:00", "subject": "3", "recorded-or-robo": "", "city": "", "state": "CT", "area-code": "860"}, {"id": "1d36742e3f24f50e4e7ae828016d97d6", "number": "8603225476", "date": "2021-01-19 17:21:00", "subject": "3", "recorded-or-robo": "", "city": "", "state": "CT", "area-code": "860"}, {"id": "e81c9350d54f66c6d33b3747eed8c0d9", "number": "9143509873", "date": "2021-01-23 09:07:00", "subject": "2", "recorded-or-robo": "Y", "city": "New Rochelle", "state": "NY", "area-code": "914"}, {"id": "1d36742e3f24f50e4e7ae828016da59b", "number": "9143509873", "date": "2021-01-23 09:07:00", "subject": "2", "recorded-or-robo": "Y", "city": "New Rochelle", "state": "NY", "area-code": "914"}, {"id": "e81c9350d54f66c6d33b3747eed8ae57", "number": "2162795996", "date": "2021-01-22 14:10:00", "subject": "6", "recorded-or-robo": "N", "city": "Cleveland", "state": "OH", "area-code": "216"}, {"id": "1d36742e3f24f50e4e7ae828016d8fbc", "number": "2162795996", "date": "2021-01-22 14:10:00", "subject": "6", "recorded-or-robo": "N", "city": "Cleveland", "state": "OH", "area-code": "216"}, {"id": "e81c9350d54f66c6d33b3747eed8a6b8", "number": "8315028227", "date": "2020-11-25 13:49:00", "subject": "4", "recorded-or-robo": "Y", "city": "Tujunga", "state": "CA", "area-code": "818"}, {"id": "1d36742e3f24f50e4e7ae828016d8b54", "number": "8315028227", "date": "2020-11-25 13:49:00", "subject": "4", "recorded-or-robo": "Y", "city": "Tujunga", "state": "CA", "area-code": "818"}, {"id": "e81c9350d54f66c6d33b3747eed8860d", "number": "5085525044", "date": "2021-01-21 00:00:00", "subject": "3", "recorded-or-robo": "", "city": "", "state": "MA", "area-code": "508"}, {"id": "1d36742e3f24f50e4e7ae828016d6ee2", "number": "5085525044", "date": "2021-01-21 00:00:00", "subject": "3", "recorded-or-robo": "", "city": "", "state": "MA", "area-code": "508"}, {"id": "e81c9350d54f66c6d33b3747eed8a26b", "number": "9167556193", "date": "2021-01-23 09:19:00", "subject": "1", "recorded-or-robo": "Y", "city": "Chapel Hill", "state": "NC", "area-code": "919"}, {"id": "1d36742e3f24f50e4e7ae828016d8617", "number": "9167556193", "date": "2021-01-23 09:19:00", "subject": "1", "recorded-or-robo": "Y", "city": "Chapel Hill", "state": "NC", "area-code": "919"}, {"id": "e81c9350d54f66c6d33b3747eed89a6c", "number": "4030519584", "date": "2021-01-23 09:43:00", "subject": "1", "recorded-or-robo": "Y", "city": "Cleveland", "state": "OH", "area-code": "216"}, {"id": "1d36742e3f24f50e4e7ae828016d83bc", "number": "4030519584", "date": "2021-01-23 09:43:00", "subject": "1", "recorded-or-robo": "Y", "city": "Cleveland", "state": "OH", "area-code": "216"}, {"id": "e81c9350d54f66c6d33b3747eed88d23", "number": "4052862089", "date": "2021-01-22 14:38:00", "subject": "2", "recorded-or-robo": "Y", "city": "Edmond", "state": "OK", "area-code": "405"}, {"id": "1d36742e3f24f50e4e7ae828016d76bb", "number": "4052862089", "date": "2021-01-22 14:38:00", "subject": "2", "recorded-or-robo": "Y", "city": "Edmond", "state": "OK", "area-code": "405"}, {"id": "e81c9350d54f66c6d33b3747eed88691", "number": "4108856032", "date": "2021-01-22 16:11:00", "subject": "2", "recorded-or-robo": "Y", "city": "", "state": "MD", "area-code": "410"}, {"id": "1d36742e3f24f50e4e7ae828016d765b", "number": "4108856032", "date": "2021-01-22 16:11:00", "subject": "2", "recorded-or-robo": "Y", "city": "", "state": "MD", "area-code": "410"}, {"id": "e81c9350d54f66c6d33b3747eed878b1", "number": "3322233240", "date": "2021-01-23 08:25:00", "subject": "0", "recorded-or-robo": "Y", "city": "Brick", "state": "NJ", "area-code": "732"}, {"id": "1d36742e3f24f50e4e7ae828016d6d85", "number": "3322233240", "date": "2021-01-23 08:25:00", "subject": "0", "recorded-or-robo": "Y", "city": "Brick", "state": "NJ", "area-code": "732"}, {"id": "e81c9350d54f66c6d33b3747eed8482d", "number": "5178834886", "date": "2021-01-22 16:59:00", "subject": "3", "recorded-or-robo": "", "city": "", "state": "MI", "area-code": "517"}, {"id": "1d36742e3f24f50e4e7ae828016d4280", "number": "5178834886", "date": "2021-01-22 16:59:00", "subject": "3", "recorded-or-robo": "", "city": "", "state": "MI", "area-code": "517"}, {"id": "e81c9350d54f66c6d33b3747eed86b7a", "number": "8059022277", "date": "2021-01-22 14:11:00", "subject": "2", "recorded-or-robo": "Y", "city": "Marinette", "state": "WI", "area-code": "715"}, {"id": "1d36742e3f24f50e4e7ae828016d6764", "number": "8059022277", "date": "2021-01-22 14:11:00", "subject": "2", "recorded-or-robo": "Y", "city": "Marinette", "state": "WI", "area-code": "715"}, {"id": "e81c9350d54f66c6d33b3747eed85d53", "number": "2539936299", "date": "2021-01-21 15:36:00", "subject": "2", "recorded-or-robo": "Y", "city": "Edmond", "state": "OK", "area-code": "405"}]}