{"data": [{"id": "deca54a6651fb9add5b4a9816cb3f6f6", "number": "3047597441", "date": "2021-01-22 15:49:00", "subject": "4", "recorded-or-robo": "Y", "city": "", "state": "CO", "area-code": "304"}, {"id": "e81c9350d54f66c6d33b3747ee1ee0ab", "number": "6197569579", "date": "2021-01-22 17:48:00", "subject": "2", "recorded-or-robo": "Y", "city": "", "state": "CA", "area-code": "619"}, {"id": "deca54a6651fb9add5b4a9816cb3e76b", "number": "6197569579", "date": "2021-01-22 17:48:00", "subject": "2", "recorded-or-robo": "Y", "city": "", "state": "CA", "area-code": "619"}, {"id": "e81c9350d54f66c6d33b3747ee1ed97f", "number": "5414282461", "date": "2021-01-22 14:53:00", "subject": "2", "recorded-or-robo": "Y", "city": "Bend", "state": "OR", "area-code": "541"}, {"id": "deca54a6651fb9add5b4a9816cb3e4c8", "number": "5414282461", "date": "2021-01-22 14:53:00", "subject": "2", "recorded-or-robo": "Y", "city": "Bend", "state": "OR", "area-code": "541"}, {"id": "e81c9350d54f66c6d33b3747ee5cebe9", "number": "3373888043", "date": "2021-01-21 12:55:00", "subject": "3", "recorded-or-robo": "N", "city": "", "state": "TX", "area-code": "214"}, {"id": "deca54a6651fb9add5b4a9816cf1c034", "number": "3373888043", "date": "2021-01-21 12:55:00", "subject": "3", "recorded-or-robo": "N", "city": "", "state": "TX", "area-code": "214"}, {"id": "e81c9350d54f66c6d33b3747ee1ecad4", "number": "6093586697", "date": "2021-01-22 15:58:00", "subject": "4", "recorded-or-robo": "Y", "city": "Rio Grande", "state": "NJ", "area-code": "609"}, {"id": "deca54a6651fb9add5b4a9816cb3dde4", "number": "6093586697", "date": "2021-01-22 15:58:00", "subject": "4", "recorded-or-robo": "Y", "city": "Rio Grande", "state": "NJ", "area-code": "609"}, {"id": "e81c9350d54f66c6d33b3747ee1ec6fc", "number": "6193832231", "date": "2021-01-22 11:17:00", "subject": "0", "recorded-or-robo": "Y", "city": "Livingston", "state": "CA", "area-code": "209"}, {"id": "deca54a6651fb9add5b4a9816cb3d02b", "number": "6193832231", "date": "2021-01-22 11:17:00", "subject": "0", "recorded-or-robo": "Y", "city": "Livingston", "state": "CA", "area-code": "209"}, {"id": "e81c9350d54f66c6d33b3747ee545937", "number": "+17573802341", "date": "2021-01-22 17:52:39", "subject": "3", "recorded-or-robo": "Y", "city": "", "state": "VA", "area-code": "757"}, {"id": "deca54a6651fb9add5b4a9816ce8c1da", "number": "+17573802341", "date": "2021-01-22 17:52:39", "subject": "3", "recorded-or-robo": "Y", "city": "", "state": "VA", "area-code": "757"}, {"id": "e81c9350d54f66c6d33b3747ee1ea998", "number": "6058414290", "date": "2021-01-22 14:10:00", "subject": "2", "recorded-or-robo": "Y", "city": "Las Vegas", "state": "NV", "area-code": "702"}, {"id": "deca54a6651fb9add5b4a9816cb3c5a8", "number": "6058414290", "date": "2021-01-22 14:10:00", "subject": "2", "recorded-or-robo": "Y", "city": "Las Vegas", "state": "NV", "area-code": "702"}, {"id": "e81c9350d54f66c6d33b3747ee1ea767", "number": "2624969244", "date": "2021-01-22 13:36:00", "subject": "6", "recorded-or-robo": "Y", "city": "", "state": "CA", "area-code": "805"}, {"id": "e81c9350d54f66c6d33b3747ee1e9ada", "number": "7158632888", "date": "2021-01-22 12:39:00", "subject": "2", "recorded-or-robo": "N", "city": "Huntington Beach", "state": "CA", "area-code": "818"}, {"id": "deca54a6651fb9add5b4a9816cb3be41", "number": "2624969244", "date": "2021-01-22 13:36:00", "subject": "6", "recorded-or-robo": "Y", "city": "", "state": "CA", "area-code": "805"}, {"id": "deca54a6651fb9add5b4a9816cb3b6ab", "number": "7158632888", "date": "2021-01-22 12:39:00", "subject": "2", "recorded-or-robo": "N", "city": "Huntington Beach", "state": "CA", "area-code": "818"}, {"id": "e81c9350d54f66c6d33b3747ee1e9a28", "number": "3473839981", "date": "2021-01-22 16:49:00", "subject": "2", "recorded-or-robo": "Y", "city": "", "state": "NY", "area-code": "347"}, {"id": "deca54a6651fb9add5b4a9816cb3b469", "number": "3473839981", "date": "2021-01-22 16:49:00", "subject": "2", "recorded-or-robo": "Y", "city": "", "state": "NY", "area-code": "347"}, {"id": "e81c9350d54f66c6d33b3747ee1e8e60", "number": "4048910330", "date": "2021-01-22 17:38:00", "subject": "2", "recorded-or-robo": "N", "city": "covington", "state": "GA", "area-code": "678"}, {"id": "deca54a6651fb9add5b4a9816cb3a78b", "number": "4048910330", "date": "2021-01-22 17:38:00", "subject": "2", "recorded-or-robo": "N", "city": "covington", "state": "GA", "area-code": "678"}, {"id": "e81c9350d54f66c6d33b3747ee1e85c6", "number": "9856874301", "date": "2021-01-22 04:44:00", "subject": "5", "recorded-or-robo": "Y", "city": "", "state": "LA", "area-code": "985"}, {"id": "deca54a6651fb9add5b4a9816cb3a47b", "number": "9856874301", "date": "2021-01-22 04:44:00", "subject": "5", "recorded-or-robo": "Y", "city": "", "state": "LA", "area-code": "985"}, {"id": "e81c9350d54f66c6d33b3747ee1dd316", "number": "5402037617", "date": "2021-01-22 17:46:00", "subject": "3", "recorded-or-robo": "N", "city": "", "state": "FL", "area-code": "561"}, {"id": "deca54a6651fb9add5b4a9816cb30231", "number": "5402037617", "date": "2021-01-22 17:46:00", "subject": "3", "recorded-or-robo": "N", "city": "", "state": "FL", "area-code": "561"}, {"id": "e81c9350d54f66c6d33b3747ee1e76f6", "number": "4802634935", "date": "2021-01-22 15:50:00", "subject": "7", "recorded-or-robo": "N", "city": "Mesa", "state": "AZ", "area-code": "480"}, {"id": "deca54a6651fb9add5b4a9816cb3a0b6", "number": "4802634935", "date": "2021-01-22 15:50:00", "subject": "7", "recorded-or-robo": "N", "city": "Mesa", "state": "AZ", "area-code": "480"}, {"id": "e81c9350d54f66c6d33b3747ee544028", "number": "+19316479595", "date": "2021-01-22 17:52:22", "subject": "3", "recorded-or-robo": "Y", "city": "", "state": "KS", "area-code": "785"}, {"id": "e81c9350d54f66c6d33b3747ee1e6f2a", "number": "3022124762", "date": "2021-01-22 09:09:00", "subject": "0", "recorded-or-robo": "", "city": "Millsboro", "state": "DE", "area-code": "302"}, {"id": "deca54a6651fb9add5b4a9816ce8b194", "number": "+19316479595", "date": "2021-01-22 17:52:22", "subject": "3", "recorded-or-robo": "Y", "city": "", "state": "KS", "area-code": "785"}, {"id": "deca54a6651fb9add5b4a9816cb3947c", "number": "3022124762", "date": "2021-01-22 09:09:00", "subject": "0", "recorded-or-robo": "", "city": "Millsboro", "state": "DE", "area-code": "302"}, {"id": "e81c9350d54f66c6d33b3747ee1e694f", "number": "8303601706", "date": "2021-01-22 16:10:00", "subject": "4", "recorded-or-robo": "Y", "city": "South berwick", "state": "ME", "area-code": "207"}, {"id": "deca54a6651fb9add5b4a9816cb38be7", "number": "8303601706", "date": "2021-01-22 16:10:00", "subject": "4", "recorded-or-robo": "Y", "city": "South berwick", "state": "ME", "area-code": "207"}, {"id": "e81c9350d54f66c6d33b3747ee1e6819", "number": "3013291738", "date": "2021-01-22 10:23:00", "subject": "4", "recorded-or-robo": "Y", "city": "Chevy Chase", "state": "MD", "area-code": "301"}, {"id": "deca54a6651fb9add5b4a9816cb384dc", "number": "3013291738", "date": "2021-01-22 10:23:00", "subject": "4", "recorded-or-robo": "Y", "city": "Chevy Chase", "state": "MD", "area-code": "301"}, {"id": "e81c9350d54f66c6d33b3747ee1e5bda", "number": "9713431022", "date": "2021-01-22 11:42:00", "subject": "3", "recorded-or-robo": "", "city": "Princeville", "state": "HI", "area-code": "913"}, {"id": "e81c9350d54f66c6d33b3747ee1e59d0", "number": "7604417109", "date": "2021-01-22 14:01:00", "subject": "2", "recorded-or-robo": "N", "city": "Huntington Beach", "state": "CA", "area-code": "818"}, {"id": "deca54a6651fb9add5b4a9816cb384bd", "number": "9713431022", "date": "2021-01-22 11:42:00", "subject": "3", "recorded-or-robo": "", "city": "Princeville", "state": "HI", "area-code": "913"}, {"id": "deca54a6651fb9add5b4a9816cb37a50", "number": "7604417109", "date": "2021-01-22 14:01:00", "subject": "2", "recorded-or-robo": "N", "city": "Huntington Beach", "state": "CA", "area-code": "818"}, {"id": "e81c9350d54f66c6d33b3747ee1e5875", "number": "3473723311", "date": "2021-01-22 16:10:00", "subject": "2", "recorded-or-robo": "Y", "city": "", "state": "NY", "area-code": "347"}, {"id": "deca54a6651fb9add5b4a9816cb36bd5", "number": "3473723311", "date": "2021-01-22 16:10:00", "subject": "2", "recorded-or-robo": "Y", "city": "", "state": "NY", "area-code": "347"}, {"id": "e81c9350d54f66c6d33b3747ee1e4d2e", "number": "6145240557", "date": "2021-01-22 13:51:00", "subject": "2", "recorded-or-robo": "N", "city": "columbus", "state": "OH", "area-code": "614"}, {"id": "e81c9350d54f66c6d33b3747ee1e3fbf", "number": "3522058574", "date": "2021-01-22 10:24:00", "subject": "0", "recorded-or-robo": "N", "city": "", "state": "OH", "area-code": "419"}, {"id": "e81c9350d54f66c6d33b3747ee1e369c", "number": "6099288807", "date": "2021-01-22 00:00:00", "subject": "2", "recorded-or-robo": "Y", "city": "", "state": "NJ", "area-code": "609"}, {"id": "deca54a6651fb9add5b4a9816cb36688", "number": "6145240557", "date": "2021-01-22 13:51:00", "subject": "2", "recorded-or-robo": "N", "city": "columbus", "state": "OH", "area-code": "614"}, {"id": "deca54a6651fb9add5b4a9816cb36155", "number": "3522058574", "date": "2021-01-22 10:24:00", "subject": "0", "recorded-or-robo": "N", "city": "", "state": "OH", "area-code": "419"}, {"id": "deca54a6651fb9add5b4a9816cb35ea9", "number": "6099288807", "date": "2021-01-22 00:00:00", "subject": "2", "recorded-or-robo": "Y", "city": "", "state": "NJ", "area-code": "609"}, {"id": "e81c9350d54f66c6d33b3747ee1e2370", "number": "8882180804", "date": "2021-01-22 17:35:00", "subject": "4", "recorded-or-robo": "N", "city": "Warren", "state": "MI", "area-code": "586"}]}