{"data": [{"id": "deca54a6651fb9add5b4a9816cfb13a6", "number": "6625486678", "date": "2021-01-22 17:55:00", "subject": "13", "recorded-or-robo": "Y", "city": "Lucedale", "state": "MS", "area-code": "601"}, {"id": "e81c9350d54f66c6d33b3747eea19312", "number": "4074695107", "date": "2021-01-22 19:09:26", "subject": "3", "recorded-or-robo": "Y", "city": "", "state": "FL", "area-code": "407"}, {"id": "1d36742e3f24f50e4e7ae82801367056", "number": "4074695107", "date": "2021-01-22 19:09:26", "subject": "3", "recorded-or-robo": "Y", "city": "", "state": "FL", "area-code": "407"}, {"id": "e81c9350d54f66c6d33b3747ee661a81", "number": "6309745334", "date": "2021-01-22 18:54:00", "subject": "0", "recorded-or-robo": "Y", "city": "Mayfield Heights", "state": "OH", "area-code": "440"}, {"id": "deca54a6651fb9add5b4a9816cfb1124", "number": "6309745334", "date": "2021-01-22 18:54:00", "subject": "0", "recorded-or-robo": "Y", "city": "Mayfield Heights", "state": "OH", "area-code": "440"}, {"id": "e81c9350d54f66c6d33b3747ee660e14", "number": "8188567928", "date": "2021-01-22 18:52:00", "subject": "6", "recorded-or-robo": "Y", "city": "Sleepy Hollow", "state": "CA", "area-code": "310"}, {"id": "deca54a6651fb9add5b4a9816cfb016c", "number": "8188567928", "date": "2021-01-22 18:52:00", "subject": "6", "recorded-or-robo": "Y", "city": "Sleepy Hollow", "state": "CA", "area-code": "310"}, {"id": "e81c9350d54f66c6d33b3747ee660643", "number": "", "date": "2021-01-22 12:00:00", "subject": "2", "recorded-or-robo": "Y", "city": "Pikeville", "state": "TN", "area-code": "423"}, {"id": "deca54a6651fb9add5b4a9816cfaf478", "number": "", "date": "2021-01-22 12:00:00", "subject": "2", "recorded-or-robo": "Y", "city": "Pikeville", "state": "TN", "area-code": "423"}, {"id": "e81c9350d54f66c6d33b3747eea216a3", "number": "8882804331", "date": "2021-01-22 19:09:06", "subject": "3", "recorded-or-robo": "Y", "city": "", "state": "NY", "area-code": "347"}, {"id": "e81c9350d54f66c6d33b3747ee6602bc", "number": "5754186238", "date": "2021-01-21 15:39:00", "subject": "3", "recorded-or-robo": "Y", "city": "", "state": "UT", "area-code": "801"}, {"id": "deca54a6651fb9add5b4a9816cfaefd5", "number": "5754186238", "date": "2021-01-21 15:39:00", "subject": "3", "recorded-or-robo": "Y", "city": "", "state": "UT", "area-code": "801"}, {"id": "1d36742e3f24f50e4e7ae8280136e5cb", "number": "8882804331", "date": "2021-01-22 19:09:06", "subject": "3", "recorded-or-robo": "Y", "city": "", "state": "NY", "area-code": "347"}, {"id": "e81c9350d54f66c6d33b3747eea1acb6", "number": "8882804331", "date": "2021-01-22 19:09:04", "subject": "3", "recorded-or-robo": "Y", "city": "", "state": "NY", "area-code": "347"}, {"id": "1d36742e3f24f50e4e7ae82801367ef7", "number": "8882804331", "date": "2021-01-22 19:09:04", "subject": "3", "recorded-or-robo": "Y", "city": "", "state": "NY", "area-code": "347"}, {"id": "e81c9350d54f66c6d33b3747ee65f651", "number": "8043523680", "date": "2020-10-24 16:14:00", "subject": "0", "recorded-or-robo": "Y", "city": "Manassas", "state": "VA", "area-code": "703"}, {"id": "deca54a6651fb9add5b4a9816cfae3a0", "number": "8043523680", "date": "2020-10-24 16:14:00", "subject": "0", "recorded-or-robo": "Y", "city": "Manassas", "state": "VA", "area-code": "703"}, {"id": "e81c9350d54f66c6d33b3747ee65f624", "number": "5094848189", "date": "2021-01-22 10:35:00", "subject": "2", "recorded-or-robo": "N", "city": "Spokane", "state": "WA", "area-code": "509"}, {"id": "deca54a6651fb9add5b4a9816cfada8d", "number": "5094848189", "date": "2021-01-22 10:35:00", "subject": "2", "recorded-or-robo": "N", "city": "Spokane", "state": "WA", "area-code": "509"}, {"id": "e81c9350d54f66c6d33b3747ee65f408", "number": "2029982894", "date": "2021-01-22 10:41:00", "subject": "2", "recorded-or-robo": "Y", "city": "MEDFORD", "state": "OR", "area-code": "541"}, {"id": "deca54a6651fb9add5b4a9816cface64", "number": "2029982894", "date": "2021-01-22 10:41:00", "subject": "2", "recorded-or-robo": "Y", "city": "MEDFORD", "state": "OR", "area-code": "541"}, {"id": "e81c9350d54f66c6d33b3747ee65edf2", "number": "8649166979", "date": "2021-01-22 17:53:00", "subject": "11", "recorded-or-robo": "Y", "city": "Fort  Washington", "state": "MD", "area-code": "301"}, {"id": "e81c9350d54f66c6d33b3747ee65e976", "number": "8055701819", "date": "2021-01-22 00:00:00", "subject": "3", "recorded-or-robo": "Y", "city": "", "state": "CA", "area-code": "805"}, {"id": "deca54a6651fb9add5b4a9816cfac64d", "number": "8649166979", "date": "2021-01-22 17:53:00", "subject": "11", "recorded-or-robo": "Y", "city": "Fort  Washington", "state": "MD", "area-code": "301"}, {"id": "deca54a6651fb9add5b4a9816cfac3ab", "number": "8055701819", "date": "2021-01-22 00:00:00", "subject": "3", "recorded-or-robo": "Y", "city": "", "state": "CA", "area-code": "805"}, {"id": "e81c9350d54f66c6d33b3747ee65d9a5", "number": "4107759259", "date": "2021-01-22 10:22:00", "subject": "2", "recorded-or-robo": "Y", "city": "", "state": "MD", "area-code": "410"}, {"id": "deca54a6651fb9add5b4a9816cfaba98", "number": "4107759259", "date": "2021-01-22 10:22:00", "subject": "2", "recorded-or-robo": "Y", "city": "", "state": "MD", "area-code": "410"}, {"id": "e81c9350d54f66c6d33b3747ee65cb41", "number": "6264246360", "date": "2021-01-22 09:36:00", "subject": "2", "recorded-or-robo": "N", "city": "", "state": "CA", "area-code": "909"}, {"id": "deca54a6651fb9add5b4a9816cfab965", "number": "6264246360", "date": "2021-01-22 09:36:00", "subject": "2", "recorded-or-robo": "N", "city": "", "state": "CA", "area-code": "909"}, {"id": "e81c9350d54f66c6d33b3747ee65bcb9", "number": "6148236730", "date": "2021-01-22 16:14:00", "subject": "4", "recorded-or-robo": "N", "city": "", "state": "OH", "area-code": "513"}, {"id": "deca54a6651fb9add5b4a9816cfaaa3e", "number": "6148236730", "date": "2021-01-22 16:14:00", "subject": "4", "recorded-or-robo": "N", "city": "", "state": "OH", "area-code": "513"}, {"id": "e81c9350d54f66c6d33b3747ee65b1ae", "number": "", "date": "2021-01-20 12:00:00", "subject": "1", "recorded-or-robo": "N", "city": "Minturn", "state": "CO", "area-code": "970"}, {"id": "deca54a6651fb9add5b4a9816cfa9aa4", "number": "", "date": "2021-01-20 12:00:00", "subject": "1", "recorded-or-robo": "N", "city": "Minturn", "state": "CO", "area-code": "970"}, {"id": "e81c9350d54f66c6d33b3747ee65aaf1", "number": "2029181340", "date": "2021-01-21 18:51:00", "subject": "3", "recorded-or-robo": "N", "city": "Waldorf", "state": "MD", "area-code": "301"}, {"id": "deca54a6651fb9add5b4a9816cfa9653", "number": "2029181340", "date": "2021-01-21 18:51:00", "subject": "3", "recorded-or-robo": "N", "city": "Waldorf", "state": "MD", "area-code": "301"}, {"id": "e81c9350d54f66c6d33b3747ee65a247", "number": "2489221209", "date": "2021-01-22 10:16:00", "subject": "2", "recorded-or-robo": "N", "city": "", "state": "MI", "area-code": "248"}, {"id": "deca54a6651fb9add5b4a9816cfa9029", "number": "2489221209", "date": "2021-01-22 10:16:00", "subject": "2", "recorded-or-robo": "N", "city": "", "state": "MI", "area-code": "248"}, {"id": "e81c9350d54f66c6d33b3747eea15e8e", "number": "9898354656", "date": "2021-01-22 19:08:24", "subject": "3", "recorded-or-robo": "Y", "city": "", "state": "MI", "area-code": "989"}, {"id": "e81c9350d54f66c6d33b3747ee6592e6", "number": "5053995645", "date": "2021-01-22 02:25:00", "subject": "2", "recorded-or-robo": "Y", "city": "albuquerque", "state": "NM", "area-code": "505"}, {"id": "deca54a6651fb9add5b4a9816cfa81de", "number": "5053995645", "date": "2021-01-22 02:25:00", "subject": "2", "recorded-or-robo": "Y", "city": "albuquerque", "state": "NM", "area-code": "505"}, {"id": "1d36742e3f24f50e4e7ae82801363f99", "number": "9898354656", "date": "2021-01-22 19:08:24", "subject": "3", "recorded-or-robo": "Y", "city": "", "state": "MI", "area-code": "989"}, {"id": "e81c9350d54f66c6d33b3747ee658688", "number": "9156806805", "date": "2021-01-22 11:00:00", "subject": "2", "recorded-or-robo": "N", "city": "ALLEN", "state": "TX", "area-code": "972"}, {"id": "deca54a6651fb9add5b4a9816cfa803f", "number": "9156806805", "date": "2021-01-22 11:00:00", "subject": "2", "recorded-or-robo": "N", "city": "ALLEN", "state": "TX", "area-code": "972"}, {"id": "e81c9350d54f66c6d33b3747ee657b2d", "number": "3032561031", "date": "2021-01-22 18:03:00", "subject": "2", "recorded-or-robo": "", "city": "Mt.zion", "state": "IL", "area-code": "217"}, {"id": "deca54a6651fb9add5b4a9816cfa7e77", "number": "3032561031", "date": "2021-01-22 18:03:00", "subject": "2", "recorded-or-robo": "", "city": "Mt.zion", "state": "IL", "area-code": "217"}, {"id": "e81c9350d54f66c6d33b3747ee656f91", "number": "3025157529", "date": "2021-01-22 10:35:00", "subject": "2", "recorded-or-robo": "N", "city": "", "state": "CA", "area-code": "909"}, {"id": "deca54a6651fb9add5b4a9816cfa7c46", "number": "3025157529", "date": "2021-01-22 10:35:00", "subject": "2", "recorded-or-robo": "N", "city": "", "state": "CA", "area-code": "909"}, {"id": "e81c9350d54f66c6d33b3747eea20fed", "number": "+17049800501", "date": "2021-01-22 19:08:02", "subject": "3", "recorded-or-robo": "Y", "city": "", "state": "NC", "area-code": "704"}, {"id": "1d36742e3f24f50e4e7ae8280136ddc0", "number": "+17049800501", "date": "2021-01-22 19:08:02", "subject": "3", "recorded-or-robo": "Y", "city": "", "state": "NC", "area-code": "704"}, {"id": "e81c9350d54f66c6d33b3747ee6566b0", "number": "3134793913", "date": "2021-01-22 16:35:00", "subject": "0", "recorded-or-robo": "Y", "city": "ALLEN PARK", "state": "MI", "area-code": "313"}]}