{"data": [{"id": "deca54a6651fb9add5b4a9816c9d37b7", "number": "9524320124", "date": "2021-01-22 13:09:00", "subject": "2", "recorded-or-robo": "N", "city": "Apple Valley", "state": "MN", "area-code": "952"}, {"id": "deca54a6651fb9add5b4a9816c9d34f7", "number": "2126685850", "date": "2021-01-22 09:16:00", "subject": "1", "recorded-or-robo": "Y", "city": "Naperville", "state": "IL", "area-code": "773"}, {"id": "deca54a6651fb9add5b4a9816c9d298f", "number": "9087979136", "date": "2021-01-22 16:54:00", "subject": "1", "recorded-or-robo": "N", "city": "Stockton", "state": "NJ", "area-code": "908"}, {"id": "e81c9350d54f66c6d33b3747ee082a21", "number": "7032605459", "date": "2021-01-22 17:13:00", "subject": "5", "recorded-or-robo": "Y", "city": "Sterling", "state": "VA", "area-code": "703"}, {"id": "deca54a6651fb9add5b4a9816c9d24f3", "number": "7032605459", "date": "2021-01-22 17:13:00", "subject": "5", "recorded-or-robo": "Y", "city": "Sterling", "state": "VA", "area-code": "703"}, {"id": "e81c9350d54f66c6d33b3747ee08273d", "number": "6692771838", "date": "2021-01-22 14:08:00", "subject": "4", "recorded-or-robo": "Y", "city": "", "state": "CA", "area-code": "415"}, {"id": "e81c9350d54f66c6d33b3747ee081c70", "number": "2069604944", "date": "2021-01-22 14:05:00", "subject": "5", "recorded-or-robo": "N", "city": "Spokane", "state": "WA", "area-code": "509"}, {"id": "deca54a6651fb9add5b4a9816c9d248e", "number": "6692771838", "date": "2021-01-22 14:08:00", "subject": "4", "recorded-or-robo": "Y", "city": "", "state": "CA", "area-code": "415"}, {"id": "deca54a6651fb9add5b4a9816c9d208b", "number": "2069604944", "date": "2021-01-22 14:05:00", "subject": "5", "recorded-or-robo": "N", "city": "Spokane", "state": "WA", "area-code": "509"}, {"id": "e81c9350d54f66c6d33b3747ee08155a", "number": "8143742207", "date": "2021-01-22 16:46:00", "subject": "2", "recorded-or-robo": "N", "city": "Waynesboro", "state": "VA", "area-code": "703"}, {"id": "deca54a6651fb9add5b4a9816c9d1f9b", "number": "8143742207", "date": "2021-01-22 16:46:00", "subject": "2", "recorded-or-robo": "N", "city": "Waynesboro", "state": "VA", "area-code": "703"}, {"id": "e81c9350d54f66c6d33b3747ee0805a6", "number": "8334350253", "date": "2021-01-22 09:39:00", "subject": "2", "recorded-or-robo": "N", "city": "Santa barbara", "state": "CA", "area-code": "805"}, {"id": "e81c9350d54f66c6d33b3747ee0801b3", "number": "2393291389", "date": "2021-01-05 08:49:00", "subject": "2", "recorded-or-robo": "Y", "city": "Las Vegas", "state": "FL", "area-code": "239"}, {"id": "deca54a6651fb9add5b4a9816c9d17fd", "number": "8334350253", "date": "2021-01-22 09:39:00", "subject": "2", "recorded-or-robo": "N", "city": "Santa barbara", "state": "CA", "area-code": "805"}, {"id": "deca54a6651fb9add5b4a9816c9d1423", "number": "2393291389", "date": "2021-01-05 08:49:00", "subject": "2", "recorded-or-robo": "Y", "city": "Las Vegas", "state": "FL", "area-code": "239"}, {"id": "e81c9350d54f66c6d33b3747ee07f567", "number": "7207283200", "date": "2021-01-21 14:06:00", "subject": "0", "recorded-or-robo": "N", "city": "", "state": "PA", "area-code": "412"}, {"id": "deca54a6651fb9add5b4a9816c9d092b", "number": "7207283200", "date": "2021-01-21 14:06:00", "subject": "0", "recorded-or-robo": "N", "city": "", "state": "PA", "area-code": "412"}, {"id": "e81c9350d54f66c6d33b3747ee07f2bc", "number": "5126464568", "date": "2021-01-22 14:14:00", "subject": "0", "recorded-or-robo": "N", "city": "Round Rock", "state": "TX", "area-code": "512"}, {"id": "deca54a6651fb9add5b4a9816c9d0656", "number": "5126464568", "date": "2021-01-22 14:14:00", "subject": "0", "recorded-or-robo": "N", "city": "Round Rock", "state": "TX", "area-code": "512"}, {"id": "e81c9350d54f66c6d33b3747ee07f001", "number": "7149642952", "date": "2021-01-22 12:22:00", "subject": "4", "recorded-or-robo": "Y", "city": "Ventura", "state": "CA", "area-code": "805"}, {"id": "deca54a6651fb9add5b4a9816c9cf70f", "number": "7149642952", "date": "2021-01-22 12:22:00", "subject": "4", "recorded-or-robo": "Y", "city": "Ventura", "state": "CA", "area-code": "805"}, {"id": "e81c9350d54f66c6d33b3747ee07ea4c", "number": "", "date": "2021-01-21 12:30:00", "subject": "11", "recorded-or-robo": "Y", "city": "DeSoto", "state": "MO", "area-code": "636"}, {"id": "deca54a6651fb9add5b4a9816c9cf155", "number": "", "date": "2021-01-21 12:30:00", "subject": "11", "recorded-or-robo": "Y", "city": "DeSoto", "state": "MO", "area-code": "636"}, {"id": "e81c9350d54f66c6d33b3747ee4fcdf5", "number": "+12402336318", "date": "2021-01-22 17:15:45", "subject": "3", "recorded-or-robo": "Y", "city": "", "state": "CA", "area-code": "661"}, {"id": "e81c9350d54f66c6d33b3747ee07e480", "number": "8505477781", "date": "2021-01-22 16:00:00", "subject": "7", "recorded-or-robo": "Y", "city": "Pensacola", "state": "FL", "area-code": "850"}, {"id": "deca54a6651fb9add5b4a9816ce453db", "number": "+12402336318", "date": "2021-01-22 17:15:45", "subject": "3", "recorded-or-robo": "Y", "city": "", "state": "CA", "area-code": "661"}, {"id": "deca54a6651fb9add5b4a9816c9ce67c", "number": "8505477781", "date": "2021-01-22 16:00:00", "subject": "7", "recorded-or-robo": "Y", "city": "Pensacola", "state": "FL", "area-code": "850"}, {"id": "e81c9350d54f66c6d33b3747ee07d9d2", "number": "5158541067", "date": "2021-01-22 13:26:00", "subject": "0", "recorded-or-robo": "Y", "city": "Danville,", "state": "VA", "area-code": "434"}, {"id": "deca54a6651fb9add5b4a9816c9ce3bd", "number": "5158541067", "date": "2021-01-22 13:26:00", "subject": "0", "recorded-or-robo": "Y", "city": "Danville,", "state": "VA", "area-code": "434"}, {"id": "e81c9350d54f66c6d33b3747ee07d21b", "number": "3159950191", "date": "2021-01-22 12:14:00", "subject": "0", "recorded-or-robo": "Y", "city": "DE KALB JUNCTION", "state": "NY", "area-code": "315"}, {"id": "deca54a6651fb9add5b4a9816c9cde85", "number": "3159950191", "date": "2021-01-22 12:14:00", "subject": "0", "recorded-or-robo": "Y", "city": "DE KALB JUNCTION", "state": "NY", "area-code": "315"}, {"id": "e81c9350d54f66c6d33b3747ee07c775", "number": "2159994064", "date": "2021-01-22 14:55:00", "subject": "4", "recorded-or-robo": "Y", "city": "Philadelphia", "state": "PA", "area-code": "215"}, {"id": "deca54a6651fb9add5b4a9816c9cd625", "number": "2159994064", "date": "2021-01-22 14:55:00", "subject": "4", "recorded-or-robo": "Y", "city": "Philadelphia", "state": "PA", "area-code": "215"}, {"id": "e81c9350d54f66c6d33b3747ee07c562", "number": "8655565721", "date": "2021-01-17 09:27:00", "subject": "2", "recorded-or-robo": "Y", "city": "KNOXVILLE", "state": "TN", "area-code": "865"}, {"id": "deca54a6651fb9add5b4a9816c9ccff5", "number": "8655565721", "date": "2021-01-17 09:27:00", "subject": "2", "recorded-or-robo": "Y", "city": "KNOXVILLE", "state": "TN", "area-code": "865"}, {"id": "e81c9350d54f66c6d33b3747ee07beba", "number": "8332298908", "date": "2021-01-22 09:36:00", "subject": "6", "recorded-or-robo": "Y", "city": "Pittsburgh", "state": "PA", "area-code": "412"}, {"id": "deca54a6651fb9add5b4a9816c9cc8e5", "number": "8332298908", "date": "2021-01-22 09:36:00", "subject": "6", "recorded-or-robo": "Y", "city": "Pittsburgh", "state": "PA", "area-code": "412"}, {"id": "e81c9350d54f66c6d33b3747ee4fce92", "number": "+14197923265", "date": "2021-01-22 17:15:30", "subject": "3", "recorded-or-robo": "Y", "city": "", "state": "SC", "area-code": "843"}, {"id": "deca54a6651fb9add5b4a9816ce462d5", "number": "+14197923265", "date": "2021-01-22 17:15:30", "subject": "3", "recorded-or-robo": "Y", "city": "", "state": "SC", "area-code": "843"}, {"id": "e81c9350d54f66c6d33b3747ee07b886", "number": "2163406880", "date": "2021-01-22 00:00:00", "subject": "2", "recorded-or-robo": "Y", "city": "", "state": "OH", "area-code": "513"}, {"id": "e81c9350d54f66c6d33b3747ee07acdc", "number": "4404091665", "date": "2021-01-20 10:14:00", "subject": "5", "recorded-or-robo": "Y", "city": "Alexandria", "state": "OH", "area-code": "216"}, {"id": "deca54a6651fb9add5b4a9816c9cc690", "number": "2163406880", "date": "2021-01-22 00:00:00", "subject": "2", "recorded-or-robo": "Y", "city": "", "state": "OH", "area-code": "513"}, {"id": "deca54a6651fb9add5b4a9816c9cbc07", "number": "4404091665", "date": "2021-01-20 10:14:00", "subject": "5", "recorded-or-robo": "Y", "city": "Alexandria", "state": "OH", "area-code": "216"}, {"id": "e81c9350d54f66c6d33b3747ee07a892", "number": "", "date": "2021-01-20 10:51:00", "subject": "2", "recorded-or-robo": "Y", "city": "Pleasant Hill", "state": "MO", "area-code": "816"}, {"id": "deca54a6651fb9add5b4a9816c9cb454", "number": "", "date": "2021-01-20 10:51:00", "subject": "2", "recorded-or-robo": "Y", "city": "Pleasant Hill", "state": "MO", "area-code": "816"}, {"id": "e81c9350d54f66c6d33b3747ee07a355", "number": "3144846808", "date": "2021-01-22 11:04:00", "subject": "1", "recorded-or-robo": "Y", "city": "St. Louis", "state": "MO", "area-code": "314"}, {"id": "deca54a6651fb9add5b4a9816c9caffb", "number": "3144846808", "date": "2021-01-22 11:04:00", "subject": "1", "recorded-or-robo": "Y", "city": "St. Louis", "state": "MO", "area-code": "314"}, {"id": "e81c9350d54f66c6d33b3747ee07a240", "number": "2624234173", "date": "2021-01-13 15:33:00", "subject": "8", "recorded-or-robo": "Y", "city": "Colorado Springs", "state": "CO", "area-code": "719"}, {"id": "deca54a6651fb9add5b4a9816c9ca520", "number": "2624234173", "date": "2021-01-13 15:33:00", "subject": "8", "recorded-or-robo": "Y", "city": "Colorado Springs", "state": "CO", "area-code": "719"}, {"id": "e81c9350d54f66c6d33b3747ee079659", "number": "3089771743", "date": "2021-01-22 15:33:00", "subject": "2", "recorded-or-robo": "Y", "city": "Hutto", "state": "TX", "area-code": "737"}]}