{"data": [{"id": "e81c9350d54f66c6d33b3747ee611314", "number": "7144190657", "date": "2021-01-22 13:41:00", "subject": "0", "recorded-or-robo": "N", "city": "Fullerton", "state": "CA", "area-code": "714"}, {"id": "deca54a6651fb9add5b4a9816cf65a3f", "number": "8888030812", "date": "2021-01-22 13:43:00", "subject": "1", "recorded-or-robo": "Y", "city": "San Francisco", "state": "CA", "area-code": "415"}, {"id": "deca54a6651fb9add5b4a9816cf64ea1", "number": "7144190657", "date": "2021-01-22 13:41:00", "subject": "0", "recorded-or-robo": "N", "city": "Fullerton", "state": "CA", "area-code": "714"}, {"id": "e81c9350d54f66c6d33b3747ee610e1f", "number": "2083099718", "date": "2021-01-22 07:33:00", "subject": "0", "recorded-or-robo": "Y", "city": "Hailey", "state": "ID", "area-code": "208"}, {"id": "deca54a6651fb9add5b4a9816cf64822", "number": "2083099718", "date": "2021-01-22 07:33:00", "subject": "0", "recorded-or-robo": "Y", "city": "Hailey", "state": "ID", "area-code": "208"}, {"id": "e81c9350d54f66c6d33b3747ee610b58", "number": "5078685179", "date": "2021-01-22 09:41:00", "subject": "0", "recorded-or-robo": "Y", "city": "Rochester", "state": "MN", "area-code": "507"}, {"id": "deca54a6651fb9add5b4a9816cf64036", "number": "5078685179", "date": "2021-01-22 09:41:00", "subject": "0", "recorded-or-robo": "Y", "city": "Rochester", "state": "MN", "area-code": "507"}, {"id": "e81c9350d54f66c6d33b3747ee610b14", "number": "6089120036", "date": "2021-01-22 15:14:00", "subject": "2", "recorded-or-robo": "N", "city": "", "state": "WI", "area-code": "608"}, {"id": "deca54a6651fb9add5b4a9816cf63f81", "number": "6089120036", "date": "2021-01-22 15:14:00", "subject": "2", "recorded-or-robo": "N", "city": "", "state": "WI", "area-code": "608"}, {"id": "e81c9350d54f66c6d33b3747ee61038e", "number": "5103956711", "date": "2021-01-22 07:13:00", "subject": "2", "recorded-or-robo": "N", "city": "San Leandro", "state": "CA", "area-code": "510"}, {"id": "deca54a6651fb9add5b4a9816cf63462", "number": "5103956711", "date": "2021-01-22 07:13:00", "subject": "2", "recorded-or-robo": "N", "city": "San Leandro", "state": "CA", "area-code": "510"}, {"id": "e81c9350d54f66c6d33b3747ee60ff6c", "number": "5108262162", "date": "2021-01-22 12:51:00", "subject": "2", "recorded-or-robo": "N", "city": "", "state": "CA", "area-code": "510"}, {"id": "deca54a6651fb9add5b4a9816cf6249d", "number": "5108262162", "date": "2021-01-22 12:51:00", "subject": "2", "recorded-or-robo": "N", "city": "", "state": "CA", "area-code": "510"}, {"id": "e81c9350d54f66c6d33b3747eea01aa1", "number": "3527060033", "date": "2021-01-22 18:58:54", "subject": "3", "recorded-or-robo": "Y", "city": "", "state": "OH", "area-code": "513"}, {"id": "1d36742e3f24f50e4e7ae82801352955", "number": "3527060033", "date": "2021-01-22 18:58:54", "subject": "3", "recorded-or-robo": "Y", "city": "", "state": "OH", "area-code": "513"}, {"id": "e81c9350d54f66c6d33b3747ee60f32a", "number": "2174509562", "date": "2021-01-22 11:14:00", "subject": "2", "recorded-or-robo": "N", "city": "Mt.zion", "state": "IL", "area-code": "217"}, {"id": "deca54a6651fb9add5b4a9816cf6165d", "number": "2174509562", "date": "2021-01-22 11:14:00", "subject": "2", "recorded-or-robo": "N", "city": "Mt.zion", "state": "IL", "area-code": "217"}, {"id": "e81c9350d54f66c6d33b3747eea04757", "number": "3105048535", "date": "2021-01-22 18:58:47", "subject": "3", "recorded-or-robo": "Y", "city": "", "state": "CA", "area-code": "310"}, {"id": "1d36742e3f24f50e4e7ae82801356721", "number": "3105048535", "date": "2021-01-22 18:58:47", "subject": "3", "recorded-or-robo": "Y", "city": "", "state": "CA", "area-code": "310"}, {"id": "e81c9350d54f66c6d33b3747ee60e600", "number": "3032205998", "date": "2021-01-22 14:55:00", "subject": "2", "recorded-or-robo": "Y", "city": "WHEAT RIDGE", "state": "CO", "area-code": "303"}, {"id": "e81c9350d54f66c6d33b3747ee60e57a", "number": "4434874577", "date": "2021-01-21 10:54:00", "subject": "8", "recorded-or-robo": "Y", "city": "Springfield", "state": "OR", "area-code": "541"}, {"id": "deca54a6651fb9add5b4a9816cf6099c", "number": "3032205998", "date": "2021-01-22 14:55:00", "subject": "2", "recorded-or-robo": "Y", "city": "WHEAT RIDGE", "state": "CO", "area-code": "303"}, {"id": "deca54a6651fb9add5b4a9816cf60038", "number": "4434874577", "date": "2021-01-21 10:54:00", "subject": "8", "recorded-or-robo": "Y", "city": "Springfield", "state": "OR", "area-code": "541"}, {"id": "e81c9350d54f66c6d33b3747ee60e46f", "number": "4695445024", "date": "2021-01-22 12:12:00", "subject": "3", "recorded-or-robo": "Y", "city": "Irving", "state": "TX", "area-code": "682"}, {"id": "deca54a6651fb9add5b4a9816cf5fa09", "number": "4695445024", "date": "2021-01-22 12:12:00", "subject": "3", "recorded-or-robo": "Y", "city": "Irving", "state": "TX", "area-code": "682"}, {"id": "e81c9350d54f66c6d33b3747ee60d4df", "number": "6412173031", "date": "2021-01-22 10:07:00", "subject": "4", "recorded-or-robo": "N", "city": "houston", "state": "CA", "area-code": "415"}, {"id": "deca54a6651fb9add5b4a9816cf5ef67", "number": "6412173031", "date": "2021-01-22 10:07:00", "subject": "4", "recorded-or-robo": "N", "city": "houston", "state": "CA", "area-code": "415"}, {"id": "e81c9350d54f66c6d33b3747ee60c60f", "number": "3016238857", "date": "2021-01-19 16:04:00", "subject": "3", "recorded-or-robo": "N", "city": "Waldorf", "state": "MD", "area-code": "301"}, {"id": "deca54a6651fb9add5b4a9816cf5e808", "number": "3016238857", "date": "2021-01-19 16:04:00", "subject": "3", "recorded-or-robo": "N", "city": "Waldorf", "state": "MD", "area-code": "301"}, {"id": "e81c9350d54f66c6d33b3747ee9facde", "number": "8185146644", "date": "2021-01-22 18:58:18", "subject": "3", "recorded-or-robo": "Y", "city": "", "state": "CA", "area-code": "818"}, {"id": "e81c9350d54f66c6d33b3747ee60ba95", "number": "8004852398", "date": "2021-01-22 14:49:00", "subject": "0", "recorded-or-robo": "Y", "city": "Rochester", "state": "MN", "area-code": "507"}, {"id": "deca54a6651fb9add5b4a9816cf5dd94", "number": "8004852398", "date": "2021-01-22 14:49:00", "subject": "0", "recorded-or-robo": "Y", "city": "Rochester", "state": "MN", "area-code": "507"}, {"id": "1d36742e3f24f50e4e7ae8280134c2bf", "number": "8185146644", "date": "2021-01-22 18:58:18", "subject": "3", "recorded-or-robo": "Y", "city": "", "state": "CA", "area-code": "818"}, {"id": "e81c9350d54f66c6d33b3747ee60ae72", "number": "2022358550", "date": "2021-01-22 06:38:00", "subject": "2", "recorded-or-robo": "Y", "city": "", "state": "Do", "area-code": "202"}, {"id": "e81c9350d54f66c6d33b3747ee60a3f3", "number": "", "date": "2021-01-22 12:26:00", "subject": "1", "recorded-or-robo": "Y", "city": "brooklyn", "state": "NY", "area-code": "718"}, {"id": "e81c9350d54f66c6d33b3747ee609985", "number": "", "date": "2021-01-07 09:42:00", "subject": "4", "recorded-or-robo": "Y", "city": "San Diego", "state": "CA", "area-code": "949"}, {"id": "deca54a6651fb9add5b4a9816cf5d2d0", "number": "2022358550", "date": "2021-01-22 06:38:00", "subject": "2", "recorded-or-robo": "Y", "city": "", "state": "Do", "area-code": "202"}, {"id": "deca54a6651fb9add5b4a9816cf5c515", "number": "", "date": "2021-01-22 12:26:00", "subject": "1", "recorded-or-robo": "Y", "city": "brooklyn", "state": "NY", "area-code": "718"}, {"id": "deca54a6651fb9add5b4a9816cf5b608", "number": "", "date": "2021-01-07 09:42:00", "subject": "4", "recorded-or-robo": "Y", "city": "San Diego", "state": "CA", "area-code": "949"}, {"id": "e81c9350d54f66c6d33b3747ee60970b", "number": "5057679572", "date": "2021-01-22 11:55:00", "subject": "0", "recorded-or-robo": "Y", "city": "Santa Fe", "state": "NM", "area-code": "505"}, {"id": "e81c9350d54f66c6d33b3747ee60939e", "number": "7578590646", "date": "2021-01-22 13:05:00", "subject": "6", "recorded-or-robo": "Y", "city": "Grundy", "state": "VA", "area-code": "276"}, {"id": "deca54a6651fb9add5b4a9816cf5b549", "number": "5057679572", "date": "2021-01-22 11:55:00", "subject": "0", "recorded-or-robo": "Y", "city": "Santa Fe", "state": "NM", "area-code": "505"}, {"id": "deca54a6651fb9add5b4a9816cf5a660", "number": "7578590646", "date": "2021-01-22 13:05:00", "subject": "6", "recorded-or-robo": "Y", "city": "Grundy", "state": "VA", "area-code": "276"}, {"id": "e81c9350d54f66c6d33b3747ee608de7", "number": "2145614660", "date": "2021-01-22 17:54:00", "subject": "7", "recorded-or-robo": "N", "city": "Plano", "state": "TX", "area-code": "214"}, {"id": "e81c9350d54f66c6d33b3747ee608651", "number": "7656757740", "date": "2021-01-22 18:24:00", "subject": "2", "recorded-or-robo": "Y", "city": "Knightstown", "state": "IN", "area-code": "317"}, {"id": "deca54a6651fb9add5b4a9816cf597dc", "number": "2145614660", "date": "2021-01-22 17:54:00", "subject": "7", "recorded-or-robo": "N", "city": "Plano", "state": "TX", "area-code": "214"}, {"id": "deca54a6651fb9add5b4a9816cf593b8", "number": "7656757740", "date": "2021-01-22 18:24:00", "subject": "2", "recorded-or-robo": "Y", "city": "Knightstown", "state": "IN", "area-code": "317"}, {"id": "e81c9350d54f66c6d33b3747ee607929", "number": "", "date": "2021-01-22 17:43:00", "subject": "2", "recorded-or-robo": "Y", "city": "Olathe", "state": "KS", "area-code": "314"}, {"id": "deca54a6651fb9add5b4a9816cf58cbe", "number": "", "date": "2021-01-22 17:43:00", "subject": "2", "recorded-or-robo": "Y", "city": "Olathe", "state": "KS", "area-code": "314"}, {"id": "e81c9350d54f66c6d33b3747ee606a51", "number": "", "date": "2021-01-22 18:07:00", "subject": "1", "recorded-or-robo": "Y", "city": "Laurel", "state": "MD", "area-code": "301"}]}