{"data": [{"id": "deca54a6651fb9add5b4a9816cebc115", "number": "8134744193", "date": "2021-01-22 18:09:34", "subject": "3", "recorded-or-robo": "Y", "city": "", "state": "FL", "area-code": "813"}, {"id": "e81c9350d54f66c6d33b3747ee287d8b", "number": "3019710936", "date": "2021-01-14 10:11:00", "subject": "2", "recorded-or-robo": "Y", "city": "Chevy Chase", "state": "MD", "area-code": "301"}, {"id": "deca54a6651fb9add5b4a9816cbdb4a4", "number": "3019710936", "date": "2021-01-14 10:11:00", "subject": "2", "recorded-or-robo": "Y", "city": "Chevy Chase", "state": "MD", "area-code": "301"}, {"id": "e81c9350d54f66c6d33b3747ee286e0b", "number": "6198417349", "date": "2021-01-22 10:46:00", "subject": "0", "recorded-or-robo": "N", "city": "", "state": "PA", "area-code": "610"}, {"id": "deca54a6651fb9add5b4a9816cbda4f9", "number": "6198417349", "date": "2021-01-22 10:46:00", "subject": "0", "recorded-or-robo": "N", "city": "", "state": "PA", "area-code": "610"}, {"id": "e81c9350d54f66c6d33b3747ee286d33", "number": "09422159", "date": "2021-01-22 16:34:00", "subject": "2", "recorded-or-robo": "Y", "city": "", "state": "TX", "area-code": "210"}, {"id": "deca54a6651fb9add5b4a9816cbd9e45", "number": "09422159", "date": "2021-01-22 16:34:00", "subject": "2", "recorded-or-robo": "Y", "city": "", "state": "TX", "area-code": "210"}, {"id": "e81c9350d54f66c6d33b3747ee28632f", "number": "8473592395", "date": "2021-01-22 17:07:00", "subject": "2", "recorded-or-robo": "Y", "city": "Wheaton", "state": "IL", "area-code": "847"}, {"id": "deca54a6651fb9add5b4a9816cbd9968", "number": "8473592395", "date": "2021-01-22 17:07:00", "subject": "2", "recorded-or-robo": "Y", "city": "Wheaton", "state": "IL", "area-code": "847"}, {"id": "e81c9350d54f66c6d33b3747ee285c24", "number": "", "date": "2021-01-22 09:00:00", "subject": "4", "recorded-or-robo": "Y", "city": "Hernando", "state": "MS", "area-code": "662"}, {"id": "deca54a6651fb9add5b4a9816cbd9598", "number": "", "date": "2021-01-22 09:00:00", "subject": "4", "recorded-or-robo": "Y", "city": "Hernando", "state": "MS", "area-code": "662"}, {"id": "e81c9350d54f66c6d33b3747ee285767", "number": "2484184978", "date": "2021-01-22 17:59:00", "subject": "16", "recorded-or-robo": "N", "city": "White Lake", "state": "MI", "area-code": "248"}, {"id": "deca54a6651fb9add5b4a9816cbd8896", "number": "2484184978", "date": "2021-01-22 17:59:00", "subject": "16", "recorded-or-robo": "N", "city": "White Lake", "state": "MI", "area-code": "248"}, {"id": "e81c9350d54f66c6d33b3747ee572f56", "number": "8134981095", "date": "2021-01-22 18:09:20", "subject": "3", "recorded-or-robo": "Y", "city": "", "state": "FL", "area-code": "813"}, {"id": "e81c9350d54f66c6d33b3747ee284a5d", "number": "3526124327", "date": "2021-01-22 15:39:00", "subject": "4", "recorded-or-robo": "Y", "city": "The Villages", "state": "FL", "area-code": "352"}, {"id": "deca54a6651fb9add5b4a9816ceba8c8", "number": "8134981095", "date": "2021-01-22 18:09:20", "subject": "3", "recorded-or-robo": "Y", "city": "", "state": "FL", "area-code": "813"}, {"id": "deca54a6651fb9add5b4a9816cbd84cc", "number": "3526124327", "date": "2021-01-22 15:39:00", "subject": "4", "recorded-or-robo": "Y", "city": "The Villages", "state": "FL", "area-code": "352"}, {"id": "e81c9350d54f66c6d33b3747ee283f0a", "number": "3605845293", "date": "2021-01-22 14:55:00", "subject": "2", "recorded-or-robo": "Y", "city": "", "state": "WA", "area-code": "509"}, {"id": "deca54a6651fb9add5b4a9816cbd76c3", "number": "3605845293", "date": "2021-01-22 14:55:00", "subject": "2", "recorded-or-robo": "Y", "city": "", "state": "WA", "area-code": "509"}, {"id": "e81c9350d54f66c6d33b3747ee2838e6", "number": "2342553426", "date": "2021-01-21 11:14:00", "subject": "2", "recorded-or-robo": "N", "city": "Huntington Beach", "state": "CA", "area-code": "818"}, {"id": "deca54a6651fb9add5b4a9816cbd751b", "number": "2342553426", "date": "2021-01-21 11:14:00", "subject": "2", "recorded-or-robo": "N", "city": "Huntington Beach", "state": "CA", "area-code": "818"}, {"id": "e81c9350d54f66c6d33b3747ee283259", "number": "9514338184", "date": "2021-01-22 00:00:00", "subject": "3", "recorded-or-robo": "Y", "city": "", "state": "CA", "area-code": "909"}, {"id": "e81c9350d54f66c6d33b3747ee282cce", "number": "7606713421", "date": "2020-12-30 08:18:00", "subject": "4", "recorded-or-robo": "Y", "city": "San Simeon", "state": "CA", "area-code": "805"}, {"id": "deca54a6651fb9add5b4a9816cbd6553", "number": "9514338184", "date": "2021-01-22 00:00:00", "subject": "3", "recorded-or-robo": "Y", "city": "", "state": "CA", "area-code": "909"}, {"id": "deca54a6651fb9add5b4a9816cbd5c22", "number": "7606713421", "date": "2020-12-30 08:18:00", "subject": "4", "recorded-or-robo": "Y", "city": "San Simeon", "state": "CA", "area-code": "805"}, {"id": "e81c9350d54f66c6d33b3747ee2821d5", "number": "", "date": "2020-12-03 14:52:00", "subject": "3", "recorded-or-robo": "Y", "city": "", "state": "MD", "area-code": "410"}, {"id": "deca54a6651fb9add5b4a9816cbd5b49", "number": "", "date": "2020-12-03 14:52:00", "subject": "3", "recorded-or-robo": "Y", "city": "", "state": "MD", "area-code": "410"}, {"id": "e81c9350d54f66c6d33b3747ee281298", "number": "8880000000", "date": "2021-01-22 14:58:00", "subject": "2", "recorded-or-robo": "Y", "city": "CARSON CITY", "state": "NV", "area-code": "775"}, {"id": "deca54a6651fb9add5b4a9816cbd5a7f", "number": "8880000000", "date": "2021-01-22 14:58:00", "subject": "2", "recorded-or-robo": "Y", "city": "CARSON CITY", "state": "NV", "area-code": "775"}, {"id": "e81c9350d54f66c6d33b3747ee280fc8", "number": "3309130759", "date": "2021-01-21 13:23:00", "subject": "5", "recorded-or-robo": "N", "city": "Uniontown", "state": "OH", "area-code": "330"}, {"id": "deca54a6651fb9add5b4a9816cbd5310", "number": "3309130759", "date": "2021-01-21 13:23:00", "subject": "5", "recorded-or-robo": "N", "city": "Uniontown", "state": "OH", "area-code": "330"}, {"id": "e81c9350d54f66c6d33b3747ee280e3b", "number": "4072461335", "date": "2021-01-22 13:28:00", "subject": "7", "recorded-or-robo": "Y", "city": "Saint Petersburg", "state": "FL", "area-code": "407"}, {"id": "deca54a6651fb9add5b4a9816cbd47eb", "number": "4072461335", "date": "2021-01-22 13:28:00", "subject": "7", "recorded-or-robo": "Y", "city": "Saint Petersburg", "state": "FL", "area-code": "407"}, {"id": "e81c9350d54f66c6d33b3747ee576e69", "number": "8432429061", "date": "2021-01-22 18:09:01", "subject": "3", "recorded-or-robo": "Y", "city": "", "state": "MI", "area-code": "734"}, {"id": "deca54a6651fb9add5b4a9816cebe20a", "number": "8432429061", "date": "2021-01-22 18:09:01", "subject": "3", "recorded-or-robo": "Y", "city": "", "state": "MI", "area-code": "734"}, {"id": "e81c9350d54f66c6d33b3747ee2800c0", "number": "5134996466", "date": "2021-01-22 03:26:00", "subject": "2", "recorded-or-robo": "Y", "city": "Kellyville", "state": "ME", "area-code": "207"}, {"id": "deca54a6651fb9add5b4a9816cbd380d", "number": "5134996466", "date": "2021-01-22 03:26:00", "subject": "2", "recorded-or-robo": "Y", "city": "Kellyville", "state": "ME", "area-code": "207"}, {"id": "e81c9350d54f66c6d33b3747ee570af0", "number": "7703776699", "date": "2021-01-22 18:08:49", "subject": "3", "recorded-or-robo": "Y", "city": "", "state": "GA", "area-code": "770"}, {"id": "e81c9350d54f66c6d33b3747ee27f508", "number": "7574842538", "date": "2021-01-22 18:03:00", "subject": "5", "recorded-or-robo": "Y", "city": "Manassas", "state": "VA", "area-code": "703"}, {"id": "e81c9350d54f66c6d33b3747ee27e565", "number": "5137388683", "date": "2021-01-20 15:49:00", "subject": "7", "recorded-or-robo": "Y", "city": "Cincinnati", "state": "OH", "area-code": "513"}, {"id": "deca54a6651fb9add5b4a9816ceb81d1", "number": "7703776699", "date": "2021-01-22 18:08:49", "subject": "3", "recorded-or-robo": "Y", "city": "", "state": "GA", "area-code": "770"}, {"id": "deca54a6651fb9add5b4a9816cbd37d9", "number": "7574842538", "date": "2021-01-22 18:03:00", "subject": "5", "recorded-or-robo": "Y", "city": "Manassas", "state": "VA", "area-code": "703"}, {"id": "deca54a6651fb9add5b4a9816cbd2cac", "number": "5137388683", "date": "2021-01-20 15:49:00", "subject": "7", "recorded-or-robo": "Y", "city": "Cincinnati", "state": "OH", "area-code": "513"}, {"id": "e81c9350d54f66c6d33b3747ee27e2e0", "number": "6369229710", "date": "2021-01-22 16:31:00", "subject": "1", "recorded-or-robo": "Y", "city": "St Charles", "state": "MO", "area-code": "636"}, {"id": "deca54a6651fb9add5b4a9816cbd2aa4", "number": "6369229710", "date": "2021-01-22 16:31:00", "subject": "1", "recorded-or-robo": "Y", "city": "St Charles", "state": "MO", "area-code": "636"}, {"id": "e81c9350d54f66c6d33b3747ee27e184", "number": "4439185051", "date": "2021-01-14 00:00:00", "subject": "3", "recorded-or-robo": "Y", "city": "", "state": "AZ", "area-code": "520"}, {"id": "deca54a6651fb9add5b4a9816cbd2058", "number": "4439185051", "date": "2021-01-14 00:00:00", "subject": "3", "recorded-or-robo": "Y", "city": "", "state": "AZ", "area-code": "520"}, {"id": "e81c9350d54f66c6d33b3747ee27e0b4", "number": "8183307001", "date": "2021-01-21 12:23:00", "subject": "2", "recorded-or-robo": "N", "city": "Huntington Beach", "state": "CA", "area-code": "818"}, {"id": "deca54a6651fb9add5b4a9816cbd168f", "number": "8183307001", "date": "2021-01-21 12:23:00", "subject": "2", "recorded-or-robo": "N", "city": "Huntington Beach", "state": "CA", "area-code": "818"}, {"id": "e81c9350d54f66c6d33b3747ee27dcff", "number": "9785747066", "date": "2021-01-22 16:57:00", "subject": "2", "recorded-or-robo": "Y", "city": "dania", "state": "FL", "area-code": "954"}]}