{"data": [{"id": "e81c9350d54f66c6d33b3747ee0bf63a", "number": "7146947603", "date": "2021-01-22 09:45:00", "subject": "12", "recorded-or-robo": "Y", "city": "Bonita", "state": "CA", "area-code": "619"}, {"id": "deca54a6651fb9add5b4a9816ce51470", "number": "4702930781", "date": "2021-01-22 17:21:33", "subject": "3", "recorded-or-robo": "Y", "city": "", "state": "GA", "area-code": "404"}, {"id": "deca54a6651fb9add5b4a9816ca0d512", "number": "7146947603", "date": "2021-01-22 09:45:00", "subject": "12", "recorded-or-robo": "Y", "city": "Bonita", "state": "CA", "area-code": "619"}, {"id": "e81c9350d54f66c6d33b3747ee50f6e8", "number": "4059871358", "date": "2021-01-22 17:21:32", "subject": "3", "recorded-or-robo": "Y", "city": "", "state": "OK", "area-code": "405"}, {"id": "e81c9350d54f66c6d33b3747ee0bf27f", "number": "6193256078", "date": "2021-01-21 13:19:00", "subject": "2", "recorded-or-robo": "N", "city": "San Diego", "state": "CA", "area-code": "619"}, {"id": "deca54a6651fb9add5b4a9816ce557ad", "number": "4059871358", "date": "2021-01-22 17:21:32", "subject": "3", "recorded-or-robo": "Y", "city": "", "state": "OK", "area-code": "405"}, {"id": "deca54a6651fb9add5b4a9816ca0cf67", "number": "6193256078", "date": "2021-01-21 13:19:00", "subject": "2", "recorded-or-robo": "N", "city": "San Diego", "state": "CA", "area-code": "619"}, {"id": "e81c9350d54f66c6d33b3747ee5c388c", "number": "5392081358", "date": "2021-01-21 15:20:00", "subject": "3", "recorded-or-robo": "N", "city": "", "state": "KY", "area-code": "859"}, {"id": "deca54a6651fb9add5b4a9816cf10793", "number": "5392081358", "date": "2021-01-21 15:20:00", "subject": "3", "recorded-or-robo": "N", "city": "", "state": "KY", "area-code": "859"}, {"id": "e81c9350d54f66c6d33b3747ee0be330", "number": "9190755085", "date": "2021-01-22 17:16:00", "subject": "0", "recorded-or-robo": "N", "city": "WINCHESTER", "state": "VA", "area-code": "301"}, {"id": "deca54a6651fb9add5b4a9816ca0c092", "number": "9190755085", "date": "2021-01-22 17:16:00", "subject": "0", "recorded-or-robo": "N", "city": "WINCHESTER", "state": "VA", "area-code": "301"}, {"id": "e81c9350d54f66c6d33b3747ee0bdf76", "number": "2065572128", "date": "2021-01-22 15:30:00", "subject": "2", "recorded-or-robo": "Y", "city": "New Holstein", "state": "WI", "area-code": "920"}, {"id": "deca54a6651fb9add5b4a9816ca0bf64", "number": "2065572128", "date": "2021-01-22 15:30:00", "subject": "2", "recorded-or-robo": "Y", "city": "New Holstein", "state": "WI", "area-code": "920"}, {"id": "e81c9350d54f66c6d33b3747ee0bd491", "number": "6239794169", "date": "2021-01-22 12:47:00", "subject": "1", "recorded-or-robo": "Y", "city": "Peoria", "state": "AZ", "area-code": "623"}, {"id": "deca54a6651fb9add5b4a9816ca0b769", "number": "6239794169", "date": "2021-01-22 12:47:00", "subject": "1", "recorded-or-robo": "Y", "city": "Peoria", "state": "AZ", "area-code": "623"}, {"id": "e81c9350d54f66c6d33b3747ee0bc530", "number": "6504202623", "date": "2021-01-20 08:06:00", "subject": "1", "recorded-or-robo": "N", "city": "modesto", "state": "CA", "area-code": "408"}, {"id": "deca54a6651fb9add5b4a9816ca0a8b8", "number": "6504202623", "date": "2021-01-20 08:06:00", "subject": "1", "recorded-or-robo": "N", "city": "modesto", "state": "CA", "area-code": "408"}, {"id": "e81c9350d54f66c6d33b3747ee0bbe9d", "number": "2133285160", "date": "2021-01-21 17:40:00", "subject": "1", "recorded-or-robo": "Y", "city": "Drums", "state": "PA", "area-code": "530"}, {"id": "e81c9350d54f66c6d33b3747ee0bb211", "number": "3612565363", "date": "2021-01-22 17:12:00", "subject": "2", "recorded-or-robo": "N", "city": "Waynesboro", "state": "VA", "area-code": "703"}, {"id": "deca54a6651fb9add5b4a9816ca09ded", "number": "2133285160", "date": "2021-01-21 17:40:00", "subject": "1", "recorded-or-robo": "Y", "city": "Drums", "state": "PA", "area-code": "530"}, {"id": "deca54a6651fb9add5b4a9816ca0975e", "number": "3612565363", "date": "2021-01-22 17:12:00", "subject": "2", "recorded-or-robo": "N", "city": "Waynesboro", "state": "VA", "area-code": "703"}, {"id": "e81c9350d54f66c6d33b3747ee513266", "number": "6618885438", "date": "2021-01-22 17:21:02", "subject": "3", "recorded-or-robo": "Y", "city": "", "state": "CA", "area-code": "661"}, {"id": "e81c9350d54f66c6d33b3747ee511f74", "number": "5713883323", "date": "2021-01-22 17:21:02", "subject": "3", "recorded-or-robo": "Y", "city": "", "state": "VA", "area-code": "571"}, {"id": "e81c9350d54f66c6d33b3747ee0ba944", "number": "3362571402", "date": "2021-01-22 10:30:00", "subject": "1", "recorded-or-robo": "Y", "city": "Norfolk", "state": "CT", "area-code": "516"}, {"id": "deca54a6651fb9add5b4a9816ce5a016", "number": "6618885438", "date": "2021-01-22 17:21:02", "subject": "3", "recorded-or-robo": "Y", "city": "", "state": "CA", "area-code": "661"}, {"id": "deca54a6651fb9add5b4a9816ce586d6", "number": "5713883323", "date": "2021-01-22 17:21:02", "subject": "3", "recorded-or-robo": "Y", "city": "", "state": "VA", "area-code": "571"}, {"id": "deca54a6651fb9add5b4a9816ca088fa", "number": "3362571402", "date": "2021-01-22 10:30:00", "subject": "1", "recorded-or-robo": "Y", "city": "Norfolk", "state": "CT", "area-code": "516"}, {"id": "e81c9350d54f66c6d33b3747ee0ba369", "number": "8332298432", "date": "2021-01-22 12:13:00", "subject": "6", "recorded-or-robo": "Y", "city": "Pittsburgh", "state": "PA", "area-code": "412"}, {"id": "deca54a6651fb9add5b4a9816ca0793c", "number": "8332298432", "date": "2021-01-22 12:13:00", "subject": "6", "recorded-or-robo": "Y", "city": "Pittsburgh", "state": "PA", "area-code": "412"}, {"id": "e81c9350d54f66c6d33b3747ee0b997a", "number": "7863605510", "date": "2021-01-22 17:13:00", "subject": "4", "recorded-or-robo": "N", "city": "", "state": "NY", "area-code": "929"}, {"id": "deca54a6651fb9add5b4a9816ca06a1d", "number": "7863605510", "date": "2021-01-22 17:13:00", "subject": "4", "recorded-or-robo": "N", "city": "", "state": "NY", "area-code": "929"}, {"id": "e81c9350d54f66c6d33b3747ee0b9453", "number": "2163580672", "date": "2021-01-21 12:17:00", "subject": "5", "recorded-or-robo": "Y", "city": "Alexandria", "state": "OH", "area-code": "216"}, {"id": "deca54a6651fb9add5b4a9816ca05dce", "number": "2163580672", "date": "2021-01-21 12:17:00", "subject": "5", "recorded-or-robo": "Y", "city": "Alexandria", "state": "OH", "area-code": "216"}, {"id": "e81c9350d54f66c6d33b3747ee0b8706", "number": "9189980245", "date": "2021-01-21 16:00:00", "subject": "2", "recorded-or-robo": "N", "city": "Bixby", "state": "OK", "area-code": "918"}, {"id": "e81c9350d54f66c6d33b3747ee0b7f29", "number": "8609946867", "date": "2021-01-22 17:06:00", "subject": "7", "recorded-or-robo": "N", "city": "", "state": "CT", "area-code": "860"}, {"id": "deca54a6651fb9add5b4a9816ca05a3f", "number": "9189980245", "date": "2021-01-21 16:00:00", "subject": "2", "recorded-or-robo": "N", "city": "Bixby", "state": "OK", "area-code": "918"}, {"id": "deca54a6651fb9add5b4a9816ca05a29", "number": "8609946867", "date": "2021-01-22 17:06:00", "subject": "7", "recorded-or-robo": "N", "city": "", "state": "CT", "area-code": "860"}, {"id": "e81c9350d54f66c6d33b3747ee0b6fb7", "number": "7192121679", "date": "2020-12-15 13:29:00", "subject": "2", "recorded-or-robo": "Y", "city": "Colorado Springs", "state": "CO", "area-code": "719"}, {"id": "deca54a6651fb9add5b4a9816ca04b2f", "number": "7192121679", "date": "2020-12-15 13:29:00", "subject": "2", "recorded-or-robo": "Y", "city": "Colorado Springs", "state": "CO", "area-code": "719"}, {"id": "e81c9350d54f66c6d33b3747ee0b6388", "number": "8019942823", "date": "2021-01-22 17:19:00", "subject": "0", "recorded-or-robo": "", "city": "", "state": "UT", "area-code": "801"}, {"id": "deca54a6651fb9add5b4a9816ca049e9", "number": "8019942823", "date": "2021-01-22 17:19:00", "subject": "0", "recorded-or-robo": "", "city": "", "state": "UT", "area-code": "801"}, {"id": "e81c9350d54f66c6d33b3747ee0b5cf0", "number": "9175278226", "date": "2021-01-20 20:17:00", "subject": "9", "recorded-or-robo": "Y", "city": "Melville", "state": "NY", "area-code": "631"}, {"id": "deca54a6651fb9add5b4a9816ca045df", "number": "9175278226", "date": "2021-01-20 20:17:00", "subject": "9", "recorded-or-robo": "Y", "city": "Melville", "state": "NY", "area-code": "631"}, {"id": "e81c9350d54f66c6d33b3747ee0b4fbb", "number": "7087920296", "date": "2021-01-22 01:22:00", "subject": "0", "recorded-or-robo": "Y", "city": "Oak Forest", "state": "IL", "area-code": "708"}, {"id": "deca54a6651fb9add5b4a9816ca03893", "number": "7087920296", "date": "2021-01-22 01:22:00", "subject": "0", "recorded-or-robo": "Y", "city": "Oak Forest", "state": "IL", "area-code": "708"}, {"id": "e81c9350d54f66c6d33b3747ee0b4716", "number": "8506167373", "date": "2021-01-19 00:00:00", "subject": "7", "recorded-or-robo": "Y", "city": "Pensacola", "state": "FL", "area-code": "850"}, {"id": "deca54a6651fb9add5b4a9816ca02979", "number": "8506167373", "date": "2021-01-19 00:00:00", "subject": "7", "recorded-or-robo": "Y", "city": "Pensacola", "state": "FL", "area-code": "850"}, {"id": "e81c9350d54f66c6d33b3747ee0b4248", "number": "3154591232", "date": "2021-01-20 17:20:00", "subject": "0", "recorded-or-robo": "Y", "city": "DE KALB JUNCTION", "state": "NY", "area-code": "315"}, {"id": "deca54a6651fb9add5b4a9816ca0210a", "number": "3154591232", "date": "2021-01-20 17:20:00", "subject": "0", "recorded-or-robo": "Y", "city": "DE KALB JUNCTION", "state": "NY", "area-code": "315"}, {"id": "e81c9350d54f66c6d33b3747ee0b36c1", "number": "5014244338", "date": "2021-01-22 11:19:00", "subject": "2", "recorded-or-robo": "N", "city": "Mills River", "state": "NC", "area-code": "828"}]}