{"data": [{"id": "deca54a6651fb9add5b4a9816cadc277", "number": "2022342435", "date": "2021-01-22 17:24:00", "subject": "1", "recorded-or-robo": "N", "city": "Hockessin", "state": "DE", "area-code": "302"}, {"id": "e81c9350d54f66c6d33b3747ee1852e8", "number": "7195622958", "date": "2021-01-22 08:45:00", "subject": "0", "recorded-or-robo": "Y", "city": "", "state": "CO", "area-code": "303"}, {"id": "deca54a6651fb9add5b4a9816cadb5a4", "number": "7195622958", "date": "2021-01-22 08:45:00", "subject": "0", "recorded-or-robo": "Y", "city": "", "state": "CO", "area-code": "303"}, {"id": "e81c9350d54f66c6d33b3747ee184650", "number": "8605337064", "date": "2021-01-22 12:00:00", "subject": "4", "recorded-or-robo": "Y", "city": "PUNTA GORDA", "state": "FL", "area-code": "860"}, {"id": "deca54a6651fb9add5b4a9816cadb37d", "number": "8605337064", "date": "2021-01-22 12:00:00", "subject": "4", "recorded-or-robo": "Y", "city": "PUNTA GORDA", "state": "FL", "area-code": "860"}, {"id": "e81c9350d54f66c6d33b3747ee536f4b", "number": "4782954195", "date": "2021-01-22 17:42:22", "subject": "3", "recorded-or-robo": "Y", "city": "", "state": "GA", "area-code": "478"}, {"id": "deca54a6651fb9add5b4a9816ce7c0a2", "number": "4782954195", "date": "2021-01-22 17:42:22", "subject": "3", "recorded-or-robo": "Y", "city": "", "state": "GA", "area-code": "478"}, {"id": "e81c9350d54f66c6d33b3747ee53968a", "number": "4782954195", "date": "2021-01-22 17:42:21", "subject": "3", "recorded-or-robo": "Y", "city": "", "state": "GA", "area-code": "478"}, {"id": "deca54a6651fb9add5b4a9816ce7e53d", "number": "4782954195", "date": "2021-01-22 17:42:21", "subject": "3", "recorded-or-robo": "Y", "city": "", "state": "GA", "area-code": "478"}, {"id": "e81c9350d54f66c6d33b3747ee5ca1f9", "number": "9018086520", "date": "2021-01-22 15:18:00", "subject": "3", "recorded-or-robo": "", "city": "", "state": "TN", "area-code": "731"}, {"id": "deca54a6651fb9add5b4a9816cf17b4f", "number": "9018086520", "date": "2021-01-22 15:18:00", "subject": "3", "recorded-or-robo": "", "city": "", "state": "TN", "area-code": "731"}, {"id": "e81c9350d54f66c6d33b3747ee18453c", "number": "7273169351", "date": "2021-01-21 17:13:00", "subject": "0", "recorded-or-robo": "Y", "city": "St Pete Beach", "state": "FL", "area-code": "727"}, {"id": "deca54a6651fb9add5b4a9816cada45f", "number": "7273169351", "date": "2021-01-21 17:13:00", "subject": "0", "recorded-or-robo": "Y", "city": "St Pete Beach", "state": "FL", "area-code": "727"}, {"id": "e81c9350d54f66c6d33b3747ee18431c", "number": "9549842530", "date": "2021-01-22 16:34:00", "subject": "2", "recorded-or-robo": "N", "city": "Tomball", "state": "TX", "area-code": "956"}, {"id": "deca54a6651fb9add5b4a9816cada007", "number": "9549842530", "date": "2021-01-22 16:34:00", "subject": "2", "recorded-or-robo": "N", "city": "Tomball", "state": "TX", "area-code": "956"}, {"id": "e81c9350d54f66c6d33b3747ee53b9c4", "number": "4154800907", "date": "2021-01-22 17:42:05", "subject": "3", "recorded-or-robo": "N", "city": "", "state": "CA", "area-code": "415"}, {"id": "deca54a6651fb9add5b4a9816ce8132d", "number": "4154800907", "date": "2021-01-22 17:42:05", "subject": "3", "recorded-or-robo": "N", "city": "", "state": "CA", "area-code": "415"}, {"id": "e81c9350d54f66c6d33b3747ee184174", "number": "3019999537", "date": "2021-01-22 17:40:00", "subject": "2", "recorded-or-robo": "Y", "city": "Austin", "state": "TX", "area-code": "301"}, {"id": "e81c9350d54f66c6d33b3747ee183835", "number": "2371535", "date": "2021-01-21 18:38:00", "subject": "0", "recorded-or-robo": "Y", "city": "buchanan", "state": "VA", "area-code": "540"}, {"id": "deca54a6651fb9add5b4a9816cad9fed", "number": "3019999537", "date": "2021-01-22 17:40:00", "subject": "2", "recorded-or-robo": "Y", "city": "Austin", "state": "TX", "area-code": "301"}, {"id": "deca54a6651fb9add5b4a9816cad9b71", "number": "2371535", "date": "2021-01-21 18:38:00", "subject": "0", "recorded-or-robo": "Y", "city": "buchanan", "state": "VA", "area-code": "540"}, {"id": "e81c9350d54f66c6d33b3747ee18324c", "number": "5708572061", "date": "2021-01-22 13:36:00", "subject": "0", "recorded-or-robo": "Y", "city": "Jermyn", "state": "PA", "area-code": "570"}, {"id": "deca54a6651fb9add5b4a9816cad8ce9", "number": "5708572061", "date": "2021-01-22 13:36:00", "subject": "0", "recorded-or-robo": "Y", "city": "Jermyn", "state": "PA", "area-code": "570"}, {"id": "e81c9350d54f66c6d33b3747ee182b03", "number": "", "date": "2021-01-22 15:41:00", "subject": "2", "recorded-or-robo": "Y", "city": "riverton", "state": "WY", "area-code": "307"}, {"id": "deca54a6651fb9add5b4a9816cad8169", "number": "", "date": "2021-01-22 15:41:00", "subject": "2", "recorded-or-robo": "Y", "city": "riverton", "state": "WY", "area-code": "307"}, {"id": "e81c9350d54f66c6d33b3747ee18272e", "number": "4058973428", "date": "2021-01-22 16:36:00", "subject": "3", "recorded-or-robo": "Y", "city": "", "state": "OK", "area-code": "405"}, {"id": "e81c9350d54f66c6d33b3747ee181b21", "number": "8005008384", "date": "2021-01-22 13:09:00", "subject": "3", "recorded-or-robo": "N", "city": "PHOENIX", "state": "AZ", "area-code": "480"}, {"id": "deca54a6651fb9add5b4a9816cad7d8d", "number": "4058973428", "date": "2021-01-22 16:36:00", "subject": "3", "recorded-or-robo": "Y", "city": "", "state": "OK", "area-code": "405"}, {"id": "deca54a6651fb9add5b4a9816cad71f6", "number": "8005008384", "date": "2021-01-22 13:09:00", "subject": "3", "recorded-or-robo": "N", "city": "PHOENIX", "state": "AZ", "area-code": "480"}, {"id": "e81c9350d54f66c6d33b3747ee1818e4", "number": "4156888024", "date": "2021-01-22 15:10:00", "subject": "2", "recorded-or-robo": "Y", "city": "", "state": "AL", "area-code": "334"}, {"id": "deca54a6651fb9add5b4a9816cad63c1", "number": "4156888024", "date": "2021-01-22 15:10:00", "subject": "2", "recorded-or-robo": "Y", "city": "", "state": "AL", "area-code": "334"}, {"id": "e81c9350d54f66c6d33b3747ee52f1f6", "number": "+17866755255", "date": "2021-01-22 17:41:51", "subject": "3", "recorded-or-robo": "Y", "city": "", "state": "FL", "area-code": "305"}, {"id": "e81c9350d54f66c6d33b3747ee180ee0", "number": "", "date": "2021-01-22 16:37:00", "subject": "5", "recorded-or-robo": "Y", "city": "W. St. Paul", "state": "MN", "area-code": "651"}, {"id": "deca54a6651fb9add5b4a9816ce73f64", "number": "+17866755255", "date": "2021-01-22 17:41:51", "subject": "3", "recorded-or-robo": "Y", "city": "", "state": "FL", "area-code": "305"}, {"id": "deca54a6651fb9add5b4a9816cad6027", "number": "", "date": "2021-01-22 16:37:00", "subject": "5", "recorded-or-robo": "Y", "city": "W. St. Paul", "state": "MN", "area-code": "651"}, {"id": "e81c9350d54f66c6d33b3747ee17b207", "number": "3144585823", "date": "2021-01-22 16:17:00", "subject": "3", "recorded-or-robo": "N", "city": "", "state": "MO", "area-code": "314"}, {"id": "deca54a6651fb9add5b4a9816cacf375", "number": "3144585823", "date": "2021-01-22 16:17:00", "subject": "3", "recorded-or-robo": "N", "city": "", "state": "MO", "area-code": "314"}, {"id": "e81c9350d54f66c6d33b3747ee17d3b2", "number": "", "date": "2021-01-22 09:43:00", "subject": "3", "recorded-or-robo": "N", "city": "", "state": "CA", "area-code": "510"}, {"id": "deca54a6651fb9add5b4a9816cad14e3", "number": "", "date": "2021-01-22 09:43:00", "subject": "3", "recorded-or-robo": "N", "city": "", "state": "CA", "area-code": "510"}, {"id": "e81c9350d54f66c6d33b3747ee180af2", "number": "4012148329", "date": "2021-01-22 13:14:00", "subject": "1", "recorded-or-robo": "Y", "city": "Anchorage", "state": "AK", "area-code": "907"}, {"id": "deca54a6651fb9add5b4a9816cad5230", "number": "4012148329", "date": "2021-01-22 13:14:00", "subject": "1", "recorded-or-robo": "Y", "city": "Anchorage", "state": "AK", "area-code": "907"}, {"id": "e81c9350d54f66c6d33b3747ee180166", "number": "8176639182", "date": "2021-01-22 08:50:00", "subject": "1", "recorded-or-robo": "Y", "city": "", "state": "MN", "area-code": "320"}, {"id": "deca54a6651fb9add5b4a9816cad4a9d", "number": "8176639182", "date": "2021-01-22 08:50:00", "subject": "1", "recorded-or-robo": "Y", "city": "", "state": "MN", "area-code": "320"}, {"id": "e81c9350d54f66c6d33b3747ee17f985", "number": "2015483137", "date": "2021-01-22 17:00:00", "subject": "6", "recorded-or-robo": "N", "city": "", "state": "NJ", "area-code": "201"}, {"id": "deca54a6651fb9add5b4a9816cad45c8", "number": "2015483137", "date": "2021-01-22 17:00:00", "subject": "6", "recorded-or-robo": "N", "city": "", "state": "NJ", "area-code": "201"}, {"id": "e81c9350d54f66c6d33b3747ee17f0aa", "number": "6198391038", "date": "2021-01-21 07:18:00", "subject": "1", "recorded-or-robo": "N", "city": "San Francisco", "state": "IL", "area-code": "630"}, {"id": "deca54a6651fb9add5b4a9816cad419c", "number": "6198391038", "date": "2021-01-21 07:18:00", "subject": "1", "recorded-or-robo": "N", "city": "San Francisco", "state": "IL", "area-code": "630"}, {"id": "e81c9350d54f66c6d33b3747ee17e66d", "number": "", "date": "2021-01-22 17:39:00", "subject": "3", "recorded-or-robo": "Y", "city": "", "state": "CT", "area-code": "203"}, {"id": "deca54a6651fb9add5b4a9816cad3245", "number": "", "date": "2021-01-22 17:39:00", "subject": "3", "recorded-or-robo": "Y", "city": "", "state": "CT", "area-code": "203"}, {"id": "e81c9350d54f66c6d33b3747ee17e3a9", "number": "3182046375", "date": "2021-01-22 16:36:00", "subject": "9", "recorded-or-robo": "Y", "city": "", "state": "LA", "area-code": "504"}]}