{"data": [{"id": "deca54a6651fb9add5b4a9816cf584e8", "number": "", "date": "2021-01-22 18:07:00", "subject": "1", "recorded-or-robo": "Y", "city": "Laurel", "state": "MD", "area-code": "301"}, {"id": "e81c9350d54f66c6d33b3747eea02d13", "number": "4848483196", "date": "2021-01-22 18:57:53", "subject": "3", "recorded-or-robo": "Y", "city": "", "state": "NY", "area-code": "917"}, {"id": "1d36742e3f24f50e4e7ae82801354d15", "number": "4848483196", "date": "2021-01-22 18:57:53", "subject": "3", "recorded-or-robo": "Y", "city": "", "state": "NY", "area-code": "917"}, {"id": "e81c9350d54f66c6d33b3747ee606040", "number": "8082073093", "date": "2021-01-22 10:02:00", "subject": "2", "recorded-or-robo": "Y", "city": "Hilo", "state": "HI", "area-code": "808"}, {"id": "deca54a6651fb9add5b4a9816cf5800a", "number": "8082073093", "date": "2021-01-22 10:02:00", "subject": "2", "recorded-or-robo": "Y", "city": "Hilo", "state": "HI", "area-code": "808"}, {"id": "e81c9350d54f66c6d33b3747ee605ba2", "number": "9707053004", "date": "2021-01-22 11:43:00", "subject": "4", "recorded-or-robo": "N", "city": "houston", "state": "CA", "area-code": "415"}, {"id": "deca54a6651fb9add5b4a9816cf5741b", "number": "9707053004", "date": "2021-01-22 11:43:00", "subject": "4", "recorded-or-robo": "N", "city": "houston", "state": "CA", "area-code": "415"}, {"id": "e81c9350d54f66c6d33b3747ee605782", "number": "7703344405", "date": "2021-01-22 10:34:00", "subject": "5", "recorded-or-robo": "N", "city": "Atlanta", "state": "GA", "area-code": "770"}, {"id": "deca54a6651fb9add5b4a9816cf56bce", "number": "7703344405", "date": "2021-01-22 10:34:00", "subject": "5", "recorded-or-robo": "N", "city": "Atlanta", "state": "GA", "area-code": "770"}, {"id": "e81c9350d54f66c6d33b3747ee604c4c", "number": "9093664126", "date": "2021-01-22 18:46:00", "subject": "0", "recorded-or-robo": "Y", "city": "Toms River", "state": "NJ", "area-code": "973"}, {"id": "e81c9350d54f66c6d33b3747ee604521", "number": "7088346609", "date": "2021-01-22 13:38:00", "subject": "0", "recorded-or-robo": "N", "city": "CHICAGO", "state": "IL", "area-code": "312"}, {"id": "deca54a6651fb9add5b4a9816cf56a8d", "number": "9093664126", "date": "2021-01-22 18:46:00", "subject": "0", "recorded-or-robo": "Y", "city": "Toms River", "state": "NJ", "area-code": "973"}, {"id": "deca54a6651fb9add5b4a9816cf55d36", "number": "7088346609", "date": "2021-01-22 13:38:00", "subject": "0", "recorded-or-robo": "N", "city": "CHICAGO", "state": "IL", "area-code": "312"}, {"id": "e81c9350d54f66c6d33b3747ee60405b", "number": "5103407198", "date": "2021-01-22 09:38:00", "subject": "2", "recorded-or-robo": "N", "city": "", "state": "CA", "area-code": "510"}, {"id": "e81c9350d54f66c6d33b3747ee603bbe", "number": "7472185310", "date": "2021-01-22 16:03:00", "subject": "2", "recorded-or-robo": "N", "city": "", "state": "WI", "area-code": "608"}, {"id": "deca54a6651fb9add5b4a9816cf5557e", "number": "5103407198", "date": "2021-01-22 09:38:00", "subject": "2", "recorded-or-robo": "N", "city": "", "state": "CA", "area-code": "510"}, {"id": "deca54a6651fb9add5b4a9816cf55158", "number": "7472185310", "date": "2021-01-22 16:03:00", "subject": "2", "recorded-or-robo": "N", "city": "", "state": "WI", "area-code": "608"}, {"id": "e81c9350d54f66c6d33b3747ee6032eb", "number": "5092043794", "date": "2021-01-22 16:32:00", "subject": "2", "recorded-or-robo": "N", "city": "Boise", "state": "ID", "area-code": "208"}, {"id": "e81c9350d54f66c6d33b3747ee6024f5", "number": "6153975231", "date": "2021-01-22 16:37:00", "subject": "1", "recorded-or-robo": "N", "city": "Nashville", "state": "TN", "area-code": "615"}, {"id": "deca54a6651fb9add5b4a9816cf549db", "number": "5092043794", "date": "2021-01-22 16:32:00", "subject": "2", "recorded-or-robo": "N", "city": "Boise", "state": "ID", "area-code": "208"}, {"id": "deca54a6651fb9add5b4a9816cf543aa", "number": "6153975231", "date": "2021-01-22 16:37:00", "subject": "1", "recorded-or-robo": "N", "city": "Nashville", "state": "TN", "area-code": "615"}, {"id": "e81c9350d54f66c6d33b3747ee601ef3", "number": "3013079560", "date": "2021-01-19 10:29:00", "subject": "3", "recorded-or-robo": "N", "city": "Waldorf", "state": "MD", "area-code": "301"}, {"id": "deca54a6651fb9add5b4a9816cf534ae", "number": "3013079560", "date": "2021-01-19 10:29:00", "subject": "3", "recorded-or-robo": "N", "city": "Waldorf", "state": "MD", "area-code": "301"}, {"id": "e81c9350d54f66c6d33b3747ee601498", "number": "2089972375", "date": "2021-01-21 12:41:00", "subject": "2", "recorded-or-robo": "N", "city": "Rochelle", "state": "IL", "area-code": "815"}, {"id": "deca54a6651fb9add5b4a9816cf527dc", "number": "2089972375", "date": "2021-01-21 12:41:00", "subject": "2", "recorded-or-robo": "N", "city": "Rochelle", "state": "IL", "area-code": "815"}, {"id": "e81c9350d54f66c6d33b3747ee600b17", "number": "", "date": "2021-01-22 18:30:00", "subject": "1", "recorded-or-robo": "N", "city": "Newburg", "state": "MD", "area-code": "301"}, {"id": "deca54a6651fb9add5b4a9816cf52060", "number": "", "date": "2021-01-22 18:30:00", "subject": "1", "recorded-or-robo": "N", "city": "Newburg", "state": "MD", "area-code": "301"}, {"id": "e81c9350d54f66c6d33b3747ee60082a", "number": "3128151141", "date": "2021-01-21 12:37:00", "subject": "0", "recorded-or-robo": "", "city": "Monee", "state": "IL", "area-code": "708"}, {"id": "e81c9350d54f66c6d33b3747ee600450", "number": "8009712669", "date": "2021-01-22 16:45:00", "subject": "0", "recorded-or-robo": "Y", "city": "Rochester", "state": "MN", "area-code": "507"}, {"id": "deca54a6651fb9add5b4a9816cf51260", "number": "3128151141", "date": "2021-01-21 12:37:00", "subject": "0", "recorded-or-robo": "", "city": "Monee", "state": "IL", "area-code": "708"}, {"id": "deca54a6651fb9add5b4a9816cf50366", "number": "8009712669", "date": "2021-01-22 16:45:00", "subject": "0", "recorded-or-robo": "Y", "city": "Rochester", "state": "MN", "area-code": "507"}, {"id": "e81c9350d54f66c6d33b3747ee5ff62e", "number": "7603723288", "date": "2021-01-22 15:34:00", "subject": "12", "recorded-or-robo": "Y", "city": "Rancho Mirage", "state": "CA", "area-code": "760"}, {"id": "deca54a6651fb9add5b4a9816cf4f471", "number": "7603723288", "date": "2021-01-22 15:34:00", "subject": "12", "recorded-or-robo": "Y", "city": "Rancho Mirage", "state": "CA", "area-code": "760"}, {"id": "e81c9350d54f66c6d33b3747ee5ff35d", "number": "3013100131", "date": "2021-01-22 14:47:00", "subject": "0", "recorded-or-robo": "Y", "city": "Fort  Washington", "state": "MD", "area-code": "301"}, {"id": "deca54a6651fb9add5b4a9816cf4f21e", "number": "3013100131", "date": "2021-01-22 14:47:00", "subject": "0", "recorded-or-robo": "Y", "city": "Fort  Washington", "state": "MD", "area-code": "301"}, {"id": "e81c9350d54f66c6d33b3747eea0232d", "number": "+18664276566", "date": "2021-01-22 18:57:08", "subject": "3", "recorded-or-robo": "Y", "city": "", "state": "CA", "area-code": "213"}, {"id": "1d36742e3f24f50e4e7ae82801352f9e", "number": "+18664276566", "date": "2021-01-22 18:57:08", "subject": "3", "recorded-or-robo": "Y", "city": "", "state": "CA", "area-code": "213"}, {"id": "e81c9350d54f66c6d33b3747ee5fee2e", "number": "6104977049", "date": "2021-01-22 18:52:00", "subject": "11", "recorded-or-robo": "Y", "city": "", "state": "PA", "area-code": "610"}, {"id": "e81c9350d54f66c6d33b3747ee5febf2", "number": "3025360403", "date": "2021-01-22 15:23:00", "subject": "0", "recorded-or-robo": "Y", "city": "Bend", "state": "OR", "area-code": "541"}, {"id": "deca54a6651fb9add5b4a9816cf4e2e9", "number": "6104977049", "date": "2021-01-22 18:52:00", "subject": "11", "recorded-or-robo": "Y", "city": "", "state": "PA", "area-code": "610"}, {"id": "deca54a6651fb9add5b4a9816cf4e2aa", "number": "3025360403", "date": "2021-01-22 15:23:00", "subject": "0", "recorded-or-robo": "Y", "city": "Bend", "state": "OR", "area-code": "541"}, {"id": "e81c9350d54f66c6d33b3747eec6ab0c", "number": "7326539592", "date": "2021-01-22 18:52:00", "subject": "3", "recorded-or-robo": "N", "city": "", "state": "NJ", "area-code": "732"}, {"id": "1d36742e3f24f50e4e7ae828015bf126", "number": "7326539592", "date": "2021-01-22 18:52:00", "subject": "3", "recorded-or-robo": "N", "city": "", "state": "NJ", "area-code": "732"}, {"id": "e81c9350d54f66c6d33b3747ee5fe0c0", "number": "3144522396", "date": "2021-01-22 17:44:00", "subject": "2", "recorded-or-robo": "Y", "city": "Creve Couer", "state": "MO", "area-code": "314"}, {"id": "deca54a6651fb9add5b4a9816cf4e29d", "number": "3144522396", "date": "2021-01-22 17:44:00", "subject": "2", "recorded-or-robo": "Y", "city": "Creve Couer", "state": "MO", "area-code": "314"}, {"id": "e81c9350d54f66c6d33b3747eea001b5", "number": "2492255251", "date": "2021-01-22 18:57:03", "subject": "3", "recorded-or-robo": "Y", "city": "", "state": "OH", "area-code": "614"}, {"id": "1d36742e3f24f50e4e7ae828013509f7", "number": "2492255251", "date": "2021-01-22 18:57:03", "subject": "3", "recorded-or-robo": "Y", "city": "", "state": "OH", "area-code": "614"}, {"id": "e81c9350d54f66c6d33b3747ee5fdd34", "number": "5206894190", "date": "2021-01-19 14:41:00", "subject": "2", "recorded-or-robo": "Y", "city": "Tucson", "state": "AZ", "area-code": "520"}, {"id": "deca54a6651fb9add5b4a9816cf4d625", "number": "5206894190", "date": "2021-01-19 14:41:00", "subject": "2", "recorded-or-robo": "Y", "city": "Tucson", "state": "AZ", "area-code": "520"}, {"id": "e81c9350d54f66c6d33b3747eea03491", "number": "+14087605383", "date": "2021-01-22 18:56:50", "subject": "3", "recorded-or-robo": "Y", "city": "", "state": "CA", "area-code": "916"}]}