{"data": [{"id": "1d36742e3f24f50e4e7ae82801031165", "number": "2294750222", "date": "2021-01-21 12:10:00", "subject": "3", "recorded-or-robo": "Y", "city": "Philadelphia", "state": "NY", "area-code": "315"}, {"id": "e81c9350d54f66c6d33b3747ee6e1c08", "number": "6197665173", "date": "2021-01-22 18:39:00", "subject": "5", "recorded-or-robo": "Y", "city": "Lansdowne", "state": "PA", "area-code": "267"}, {"id": "1d36742e3f24f50e4e7ae8280103026b", "number": "6197665173", "date": "2021-01-22 18:39:00", "subject": "5", "recorded-or-robo": "Y", "city": "Lansdowne", "state": "PA", "area-code": "267"}, {"id": "e81c9350d54f66c6d33b3747eea407a3", "number": "7575480066", "date": "2021-01-22 19:27:26", "subject": "3", "recorded-or-robo": "Y", "city": "", "state": "VA", "area-code": "757"}, {"id": "e81c9350d54f66c6d33b3747ee6e15ed", "number": "4802230875", "date": "2021-01-21 10:34:00", "subject": "2", "recorded-or-robo": "Y", "city": "Tempe", "state": "AZ", "area-code": "602"}, {"id": "1d36742e3f24f50e4e7ae82801391258", "number": "7575480066", "date": "2021-01-22 19:27:26", "subject": "3", "recorded-or-robo": "Y", "city": "", "state": "VA", "area-code": "757"}, {"id": "1d36742e3f24f50e4e7ae8280102f896", "number": "4802230875", "date": "2021-01-21 10:34:00", "subject": "2", "recorded-or-robo": "Y", "city": "Tempe", "state": "AZ", "area-code": "602"}, {"id": "e81c9350d54f66c6d33b3747ee6e08c0", "number": "8885383518", "date": "2021-01-22 15:09:00", "subject": "2", "recorded-or-robo": "N", "city": "Santa barbara", "state": "CA", "area-code": "805"}, {"id": "1d36742e3f24f50e4e7ae8280102eeae", "number": "8885383518", "date": "2021-01-22 15:09:00", "subject": "2", "recorded-or-robo": "N", "city": "Santa barbara", "state": "CA", "area-code": "805"}, {"id": "e81c9350d54f66c6d33b3747ee6dfd98", "number": "6693054856", "date": "2021-01-22 16:15:00", "subject": "2", "recorded-or-robo": "Y", "city": "", "state": "NJ", "area-code": "201"}, {"id": "e81c9350d54f66c6d33b3747ee6def70", "number": "6232004556", "date": "2021-01-22 15:27:00", "subject": "0", "recorded-or-robo": "", "city": "Mesa", "state": "AZ", "area-code": "480"}, {"id": "1d36742e3f24f50e4e7ae8280102ee83", "number": "6693054856", "date": "2021-01-22 16:15:00", "subject": "2", "recorded-or-robo": "Y", "city": "", "state": "NJ", "area-code": "201"}, {"id": "1d36742e3f24f50e4e7ae8280102e4c8", "number": "6232004556", "date": "2021-01-22 15:27:00", "subject": "0", "recorded-or-robo": "", "city": "Mesa", "state": "AZ", "area-code": "480"}, {"id": "e81c9350d54f66c6d33b3747eea44dd7", "number": "7575862184", "date": "2021-01-22 19:27:10", "subject": "3", "recorded-or-robo": "Y", "city": "", "state": "VA", "area-code": "757"}, {"id": "1d36742e3f24f50e4e7ae82801394443", "number": "7575862184", "date": "2021-01-22 19:27:10", "subject": "3", "recorded-or-robo": "Y", "city": "", "state": "VA", "area-code": "757"}, {"id": "e81c9350d54f66c6d33b3747eea5074e", "number": "7182444803", "date": "2021-01-22 19:27:08", "subject": "3", "recorded-or-robo": "Y", "city": "", "state": "TX", "area-code": "214"}, {"id": "1d36742e3f24f50e4e7ae8280139c680", "number": "7182444803", "date": "2021-01-22 19:27:08", "subject": "3", "recorded-or-robo": "Y", "city": "", "state": "TX", "area-code": "214"}, {"id": "e81c9350d54f66c6d33b3747eea5107f", "number": "+19794711184", "date": "2021-01-22 19:27:07", "subject": "3", "recorded-or-robo": "Y", "city": "", "state": "TX", "area-code": "832"}, {"id": "1d36742e3f24f50e4e7ae8280139de47", "number": "+19794711184", "date": "2021-01-22 19:27:07", "subject": "3", "recorded-or-robo": "Y", "city": "", "state": "TX", "area-code": "832"}, {"id": "e81c9350d54f66c6d33b3747ee6de0f6", "number": "5167662519", "date": "2021-01-22 10:07:00", "subject": "3", "recorded-or-robo": "Y", "city": "", "state": "NY", "area-code": "516"}, {"id": "1d36742e3f24f50e4e7ae8280102d646", "number": "5167662519", "date": "2021-01-22 10:07:00", "subject": "3", "recorded-or-robo": "Y", "city": "", "state": "NY", "area-code": "516"}, {"id": "e81c9350d54f66c6d33b3747eea4c807", "number": "7192202943", "date": "2021-01-22 19:27:04", "subject": "3", "recorded-or-robo": "Y", "city": "", "state": "CO", "area-code": "970"}, {"id": "1d36742e3f24f50e4e7ae82801398d91", "number": "7192202943", "date": "2021-01-22 19:27:04", "subject": "3", "recorded-or-robo": "Y", "city": "", "state": "CO", "area-code": "970"}, {"id": "e81c9350d54f66c6d33b3747eea4d660", "number": "7575862184", "date": "2021-01-22 19:27:01", "subject": "3", "recorded-or-robo": "Y", "city": "", "state": "VA", "area-code": "757"}, {"id": "1d36742e3f24f50e4e7ae8280139a766", "number": "7575862184", "date": "2021-01-22 19:27:01", "subject": "3", "recorded-or-robo": "Y", "city": "", "state": "VA", "area-code": "757"}, {"id": "e81c9350d54f66c6d33b3747ee6ddfdf", "number": "7179138749", "date": "2020-10-20 10:27:00", "subject": "0", "recorded-or-robo": "Y", "city": "Manassas", "state": "VA", "area-code": "703"}, {"id": "1d36742e3f24f50e4e7ae8280102cde7", "number": "7179138749", "date": "2020-10-20 10:27:00", "subject": "0", "recorded-or-robo": "Y", "city": "Manassas", "state": "VA", "area-code": "703"}, {"id": "e81c9350d54f66c6d33b3747eea3e40f", "number": "7182443937", "date": "2021-01-22 19:26:58", "subject": "3", "recorded-or-robo": "Y", "city": "", "state": "TX", "area-code": "214"}, {"id": "1d36742e3f24f50e4e7ae8280138f3a3", "number": "7182443937", "date": "2021-01-22 19:26:58", "subject": "3", "recorded-or-robo": "Y", "city": "", "state": "TX", "area-code": "214"}, {"id": "e81c9350d54f66c6d33b3747eea401e5", "number": "+14435853682", "date": "2021-01-22 19:26:56", "subject": "3", "recorded-or-robo": "Y", "city": "", "state": "MD", "area-code": "443"}, {"id": "1d36742e3f24f50e4e7ae8280138fc36", "number": "+14435853682", "date": "2021-01-22 19:26:56", "subject": "3", "recorded-or-robo": "Y", "city": "", "state": "MD", "area-code": "443"}, {"id": "e81c9350d54f66c6d33b3747ee6dd951", "number": "5185174097", "date": "2021-01-21 10:16:00", "subject": "3", "recorded-or-robo": "Y", "city": "Philadelphia", "state": "NY", "area-code": "315"}, {"id": "1d36742e3f24f50e4e7ae8280102c9a6", "number": "5185174097", "date": "2021-01-21 10:16:00", "subject": "3", "recorded-or-robo": "Y", "city": "Philadelphia", "state": "NY", "area-code": "315"}, {"id": "e81c9350d54f66c6d33b3747eea3f17e", "number": "2892328101", "date": "2021-01-22 19:26:53", "subject": "3", "recorded-or-robo": "Y", "city": "", "state": "OH", "area-code": "419"}, {"id": "1d36742e3f24f50e4e7ae8280138f5d4", "number": "2892328101", "date": "2021-01-22 19:26:53", "subject": "3", "recorded-or-robo": "Y", "city": "", "state": "OH", "area-code": "419"}, {"id": "e81c9350d54f66c6d33b3747ee6dcac4", "number": "7147377457", "date": "2021-01-22 16:22:00", "subject": "9", "recorded-or-robo": "Y", "city": "Santa Monica", "state": "CA", "area-code": "310"}, {"id": "1d36742e3f24f50e4e7ae8280102c0cd", "number": "7147377457", "date": "2021-01-22 16:22:00", "subject": "9", "recorded-or-robo": "Y", "city": "Santa Monica", "state": "CA", "area-code": "310"}, {"id": "e81c9350d54f66c6d33b3747eea4b47c", "number": "+14435853682", "date": "2021-01-22 19:26:44", "subject": "3", "recorded-or-robo": "Y", "city": "", "state": "MD", "area-code": "443"}, {"id": "1d36742e3f24f50e4e7ae82801398058", "number": "+14435853682", "date": "2021-01-22 19:26:44", "subject": "3", "recorded-or-robo": "Y", "city": "", "state": "MD", "area-code": "443"}, {"id": "e81c9350d54f66c6d33b3747ee6dc93f", "number": "7728377889", "date": "2021-01-22 16:41:00", "subject": "0", "recorded-or-robo": "Y", "city": "", "state": "NJ", "area-code": "201"}, {"id": "1d36742e3f24f50e4e7ae8280102b36f", "number": "7728377889", "date": "2021-01-22 16:41:00", "subject": "0", "recorded-or-robo": "Y", "city": "", "state": "NJ", "area-code": "201"}, {"id": "e81c9350d54f66c6d33b3747eea4d657", "number": "+19409886651", "date": "2021-01-22 19:26:38", "subject": "3", "recorded-or-robo": "Y", "city": "", "state": "TX", "area-code": "817"}, {"id": "1d36742e3f24f50e4e7ae8280139a61e", "number": "+19409886651", "date": "2021-01-22 19:26:38", "subject": "3", "recorded-or-robo": "Y", "city": "", "state": "TX", "area-code": "817"}, {"id": "e81c9350d54f66c6d33b3747eea4d56d", "number": "7868141759", "date": "2021-01-22 19:26:37", "subject": "3", "recorded-or-robo": "Y", "city": "", "state": "FL", "area-code": "954"}, {"id": "1d36742e3f24f50e4e7ae828013996f9", "number": "7868141759", "date": "2021-01-22 19:26:37", "subject": "3", "recorded-or-robo": "Y", "city": "", "state": "FL", "area-code": "954"}, {"id": "e81c9350d54f66c6d33b3747ee6db9bc", "number": "5167662519", "date": "2021-01-22 10:07:00", "subject": "3", "recorded-or-robo": "Y", "city": "", "state": "NY", "area-code": "516"}, {"id": "1d36742e3f24f50e4e7ae8280102a621", "number": "5167662519", "date": "2021-01-22 10:07:00", "subject": "3", "recorded-or-robo": "Y", "city": "", "state": "NY", "area-code": "516"}, {"id": "e81c9350d54f66c6d33b3747eea4ebcd", "number": "+16036099602", "date": "2021-01-22 19:26:25", "subject": "3", "recorded-or-robo": "Y", "city": "", "state": "NH", "area-code": "603"}, {"id": "1d36742e3f24f50e4e7ae8280139b33d", "number": "+16036099602", "date": "2021-01-22 19:26:25", "subject": "3", "recorded-or-robo": "Y", "city": "", "state": "NH", "area-code": "603"}, {"id": "e81c9350d54f66c6d33b3747ee6db840", "number": "3175656713", "date": "2021-01-20 12:15:00", "subject": "3", "recorded-or-robo": "Y", "city": "Philadelphia", "state": "NY", "area-code": "315"}]}