{"data": [{"id": "1d36742e3f24f50e4e7ae828010298be", "number": "3175656713", "date": "2021-01-20 12:15:00", "subject": "3", "recorded-or-robo": "Y", "city": "Philadelphia", "state": "NY", "area-code": "315"}, {"id": "e81c9350d54f66c6d33b3747ee6db2cf", "number": "5093833790", "date": "2021-01-21 14:45:00", "subject": "2", "recorded-or-robo": "N", "city": "Pasco", "state": "WA", "area-code": "509"}, {"id": "e81c9350d54f66c6d33b3747ee6da6f3", "number": "4195134484", "date": "2021-01-22 14:14:00", "subject": "2", "recorded-or-robo": "N", "city": "WOOSTER", "state": "OH", "area-code": "330"}, {"id": "1d36742e3f24f50e4e7ae82801028b47", "number": "5093833790", "date": "2021-01-21 14:45:00", "subject": "2", "recorded-or-robo": "N", "city": "Pasco", "state": "WA", "area-code": "509"}, {"id": "1d36742e3f24f50e4e7ae828010282b9", "number": "4195134484", "date": "2021-01-22 14:14:00", "subject": "2", "recorded-or-robo": "N", "city": "WOOSTER", "state": "OH", "area-code": "330"}, {"id": "e81c9350d54f66c6d33b3747ee6da49f", "number": "9387778440", "date": "2021-01-22 16:59:00", "subject": "3", "recorded-or-robo": "Y", "city": "", "state": "AL", "area-code": "256"}, {"id": "1d36742e3f24f50e4e7ae82801027434", "number": "9387778440", "date": "2021-01-22 16:59:00", "subject": "3", "recorded-or-robo": "Y", "city": "", "state": "AL", "area-code": "256"}, {"id": "e81c9350d54f66c6d33b3747ee6d9ded", "number": "3037927314", "date": "2021-01-20 17:09:00", "subject": "0", "recorded-or-robo": "Y", "city": "Clearwater", "state": "FL", "area-code": "727"}, {"id": "1d36742e3f24f50e4e7ae82801026946", "number": "3037927314", "date": "2021-01-20 17:09:00", "subject": "0", "recorded-or-robo": "Y", "city": "Clearwater", "state": "FL", "area-code": "727"}, {"id": "e81c9350d54f66c6d33b3747ee6d983f", "number": "4058772504", "date": "2021-01-22 17:03:00", "subject": "0", "recorded-or-robo": "Y", "city": "", "state": "NJ", "area-code": "201"}, {"id": "1d36742e3f24f50e4e7ae82801025cfc", "number": "4058772504", "date": "2021-01-22 17:03:00", "subject": "0", "recorded-or-robo": "Y", "city": "", "state": "NJ", "area-code": "201"}, {"id": "e81c9350d54f66c6d33b3747ee6d952f", "number": "9203630204", "date": "2021-01-22 17:14:00", "subject": "2", "recorded-or-robo": "Y", "city": "Thompsontown", "state": "PA", "area-code": "717"}, {"id": "1d36742e3f24f50e4e7ae8280102587a", "number": "9203630204", "date": "2021-01-22 17:14:00", "subject": "2", "recorded-or-robo": "Y", "city": "Thompsontown", "state": "PA", "area-code": "717"}, {"id": "e81c9350d54f66c6d33b3747ee6d8f9f", "number": "2152341601", "date": "2021-01-22 12:33:00", "subject": "2", "recorded-or-robo": "Y", "city": "las vegas", "state": "NV", "area-code": "702"}, {"id": "1d36742e3f24f50e4e7ae82801025463", "number": "2152341601", "date": "2021-01-22 12:33:00", "subject": "2", "recorded-or-robo": "Y", "city": "las vegas", "state": "NV", "area-code": "702"}, {"id": "e81c9350d54f66c6d33b3747eea48128", "number": "+14092471518", "date": "2021-01-22 19:25:44", "subject": "3", "recorded-or-robo": "Y", "city": "", "state": "TX", "area-code": "972"}, {"id": "1d36742e3f24f50e4e7ae82801397018", "number": "+14092471518", "date": "2021-01-22 19:25:44", "subject": "3", "recorded-or-robo": "Y", "city": "", "state": "TX", "area-code": "972"}, {"id": "e81c9350d54f66c6d33b3747ee6d8075", "number": "7179138749", "date": "2020-10-20 14:11:00", "subject": "0", "recorded-or-robo": "Y", "city": "Manassas", "state": "VA", "area-code": "703"}, {"id": "1d36742e3f24f50e4e7ae82801024c1f", "number": "7179138749", "date": "2020-10-20 14:11:00", "subject": "0", "recorded-or-robo": "Y", "city": "Manassas", "state": "VA", "area-code": "703"}, {"id": "e81c9350d54f66c6d33b3747ee6d7e3e", "number": "5512951334", "date": "2021-01-20 12:19:00", "subject": "3", "recorded-or-robo": "Y", "city": "Philadelphia", "state": "NY", "area-code": "315"}, {"id": "e81c9350d54f66c6d33b3747ee6d3ee9", "number": "7152749833", "date": "2021-01-22 18:22:00", "subject": "3", "recorded-or-robo": "N", "city": "", "state": "WI", "area-code": "715"}, {"id": "1d36742e3f24f50e4e7ae82801023d51", "number": "5512951334", "date": "2021-01-20 12:19:00", "subject": "3", "recorded-or-robo": "Y", "city": "Philadelphia", "state": "NY", "area-code": "315"}, {"id": "1d36742e3f24f50e4e7ae828010200a7", "number": "7152749833", "date": "2021-01-22 18:22:00", "subject": "3", "recorded-or-robo": "N", "city": "", "state": "WI", "area-code": "715"}, {"id": "e81c9350d54f66c6d33b3747eea4c468", "number": "+12025527130", "date": "2021-01-22 19:25:39", "subject": "3", "recorded-or-robo": "Y", "city": "", "state": "TX", "area-code": "713"}, {"id": "e81c9350d54f66c6d33b3747ee6d718b", "number": "8474236934", "date": "2021-01-22 17:32:00", "subject": "0", "recorded-or-robo": "Y", "city": "CHICAGO", "state": "IL", "area-code": "773"}, {"id": "1d36742e3f24f50e4e7ae82801398b60", "number": "+12025527130", "date": "2021-01-22 19:25:39", "subject": "3", "recorded-or-robo": "Y", "city": "", "state": "TX", "area-code": "713"}, {"id": "1d36742e3f24f50e4e7ae82801023153", "number": "8474236934", "date": "2021-01-22 17:32:00", "subject": "0", "recorded-or-robo": "Y", "city": "CHICAGO", "state": "IL", "area-code": "773"}, {"id": "e81c9350d54f66c6d33b3747ee6d6ef7", "number": "4802230875", "date": "2021-01-21 14:07:00", "subject": "2", "recorded-or-robo": "Y", "city": "Tempe", "state": "AZ", "area-code": "602"}, {"id": "1d36742e3f24f50e4e7ae82801022e2e", "number": "4802230875", "date": "2021-01-21 14:07:00", "subject": "2", "recorded-or-robo": "Y", "city": "Tempe", "state": "AZ", "area-code": "602"}, {"id": "e81c9350d54f66c6d33b3747eea4f65a", "number": "4128666140", "date": "2021-01-22 19:25:29", "subject": "3", "recorded-or-robo": "Y", "city": "", "state": "PA", "area-code": "412"}, {"id": "e81c9350d54f66c6d33b3747ee6d62a9", "number": "8048255171", "date": "2021-01-22 16:49:00", "subject": "3", "recorded-or-robo": "N", "city": "", "state": "OH", "area-code": "513"}, {"id": "e81c9350d54f66c6d33b3747ee6d5ac6", "number": "2017750430", "date": "2021-01-22 16:15:00", "subject": "4", "recorded-or-robo": "Y", "city": "Cliffside Park", "state": "NJ", "area-code": "201"}, {"id": "1d36742e3f24f50e4e7ae8280139b96e", "number": "4128666140", "date": "2021-01-22 19:25:29", "subject": "3", "recorded-or-robo": "Y", "city": "", "state": "PA", "area-code": "412"}, {"id": "1d36742e3f24f50e4e7ae82801022279", "number": "8048255171", "date": "2021-01-22 16:49:00", "subject": "3", "recorded-or-robo": "N", "city": "", "state": "OH", "area-code": "513"}, {"id": "1d36742e3f24f50e4e7ae82801021f9e", "number": "2017750430", "date": "2021-01-22 16:15:00", "subject": "4", "recorded-or-robo": "Y", "city": "Cliffside Park", "state": "NJ", "area-code": "201"}, {"id": "e81c9350d54f66c6d33b3747eea468b7", "number": "4128666140", "date": "2021-01-22 19:25:28", "subject": "3", "recorded-or-robo": "Y", "city": "", "state": "PA", "area-code": "412"}, {"id": "e81c9350d54f66c6d33b3747ee6d5230", "number": "7243139740", "date": "2021-01-22 16:11:00", "subject": "2", "recorded-or-robo": "Y", "city": "", "state": "PA", "area-code": "724"}, {"id": "1d36742e3f24f50e4e7ae82801395ac4", "number": "4128666140", "date": "2021-01-22 19:25:28", "subject": "3", "recorded-or-robo": "Y", "city": "", "state": "PA", "area-code": "412"}, {"id": "1d36742e3f24f50e4e7ae82801021202", "number": "7243139740", "date": "2021-01-22 16:11:00", "subject": "2", "recorded-or-robo": "Y", "city": "", "state": "PA", "area-code": "724"}, {"id": "e81c9350d54f66c6d33b3747ee6d4db4", "number": "5138102636", "date": "2021-01-22 19:23:00", "subject": "2", "recorded-or-robo": "Y", "city": "Cincinnati", "state": "OH", "area-code": "513"}, {"id": "e81c9350d54f66c6d33b3747ee6d3ca3", "number": "3044863001", "date": "2021-01-22 18:43:00", "subject": "3", "recorded-or-robo": "N", "city": "", "state": "WV", "area-code": "304"}, {"id": "1d36742e3f24f50e4e7ae82801020fed", "number": "5138102636", "date": "2021-01-22 19:23:00", "subject": "2", "recorded-or-robo": "Y", "city": "Cincinnati", "state": "OH", "area-code": "513"}, {"id": "1d36742e3f24f50e4e7ae8280101fb7b", "number": "3044863001", "date": "2021-01-22 18:43:00", "subject": "3", "recorded-or-robo": "N", "city": "", "state": "WV", "area-code": "304"}, {"id": "e81c9350d54f66c6d33b3747ee6d3f6a", "number": "6092913311", "date": "2021-01-22 17:28:00", "subject": "0", "recorded-or-robo": "Y", "city": "", "state": "NJ", "area-code": "201"}, {"id": "1d36742e3f24f50e4e7ae82801020cf5", "number": "6092913311", "date": "2021-01-22 17:28:00", "subject": "0", "recorded-or-robo": "Y", "city": "", "state": "NJ", "area-code": "201"}, {"id": "e81c9350d54f66c6d33b3747eea4a97f", "number": "+13203071905", "date": "2021-01-22 19:25:11", "subject": "3", "recorded-or-robo": "Y", "city": "", "state": "FL", "area-code": "561"}, {"id": "1d36742e3f24f50e4e7ae82801397fd5", "number": "+13203071905", "date": "2021-01-22 19:25:11", "subject": "3", "recorded-or-robo": "Y", "city": "", "state": "FL", "area-code": "561"}, {"id": "e81c9350d54f66c6d33b3747ee6d3c70", "number": "4192819692", "date": "2021-01-22 13:32:00", "subject": "2", "recorded-or-robo": "N", "city": "WOOSTER", "state": "OH", "area-code": "330"}, {"id": "1d36742e3f24f50e4e7ae8280101f854", "number": "4192819692", "date": "2021-01-22 13:32:00", "subject": "2", "recorded-or-robo": "N", "city": "WOOSTER", "state": "OH", "area-code": "330"}, {"id": "e81c9350d54f66c6d33b3747ee6d3b9a", "number": "3156958988", "date": "2021-01-20 14:30:00", "subject": "3", "recorded-or-robo": "Y", "city": "Philadelphia", "state": "NY", "area-code": "315"}]}