{"data": [{"id": "1d36742e3f24f50e4e7ae8280109c191", "number": "7184518857", "date": "2021-01-13 12:06:00", "subject": "3", "recorded-or-robo": "Y", "city": "", "state": "NY", "area-code": "718"}, {"id": "e81c9350d54f66c6d33b3747ee748eaa", "number": "7022584767", "date": "2021-01-22 04:29:00", "subject": "9", "recorded-or-robo": "Y", "city": "", "state": "NV", "area-code": "702"}, {"id": "1d36742e3f24f50e4e7ae8280109b79b", "number": "7022584767", "date": "2021-01-22 04:29:00", "subject": "9", "recorded-or-robo": "Y", "city": "", "state": "NV", "area-code": "702"}, {"id": "e81c9350d54f66c6d33b3747ee746a7e", "number": "", "date": "2021-01-22 16:01:00", "subject": "3", "recorded-or-robo": "N", "city": "", "state": "TX", "area-code": "214"}, {"id": "1d36742e3f24f50e4e7ae82801098cde", "number": "", "date": "2021-01-22 16:01:00", "subject": "3", "recorded-or-robo": "N", "city": "", "state": "TX", "area-code": "214"}, {"id": "e81c9350d54f66c6d33b3747ee748b6f", "number": "8135225727", "date": "2021-01-22 11:39:00", "subject": "3", "recorded-or-robo": "N", "city": "APOLLO BEACH", "state": "FL", "area-code": "813"}, {"id": "1d36742e3f24f50e4e7ae8280109a8ae", "number": "8135225727", "date": "2021-01-22 11:39:00", "subject": "3", "recorded-or-robo": "N", "city": "APOLLO BEACH", "state": "FL", "area-code": "813"}, {"id": "e81c9350d54f66c6d33b3747ee7487f6", "number": "7082277092", "date": "2021-01-22 10:38:00", "subject": "0", "recorded-or-robo": "", "city": "Monee", "state": "IL", "area-code": "708"}, {"id": "1d36742e3f24f50e4e7ae8280109a7a0", "number": "7082277092", "date": "2021-01-22 10:38:00", "subject": "0", "recorded-or-robo": "", "city": "Monee", "state": "IL", "area-code": "708"}, {"id": "e81c9350d54f66c6d33b3747ee747bda", "number": "4092471305", "date": "2021-01-22 17:31:00", "subject": "6", "recorded-or-robo": "Y", "city": "Orange", "state": "TX", "area-code": "409"}, {"id": "1d36742e3f24f50e4e7ae82801099fde", "number": "4092471305", "date": "2021-01-22 17:31:00", "subject": "6", "recorded-or-robo": "Y", "city": "Orange", "state": "TX", "area-code": "409"}, {"id": "e81c9350d54f66c6d33b3747ee747684", "number": "8663587504", "date": "2021-01-17 16:07:00", "subject": "2", "recorded-or-robo": "Y", "city": "Medford", "state": "OR", "area-code": "541"}, {"id": "1d36742e3f24f50e4e7ae82801099b29", "number": "8663587504", "date": "2021-01-17 16:07:00", "subject": "2", "recorded-or-robo": "Y", "city": "Medford", "state": "OR", "area-code": "541"}, {"id": "e81c9350d54f66c6d33b3747ee745def", "number": "8889103833", "date": "2021-01-20 14:27:00", "subject": "2", "recorded-or-robo": "N", "city": "edison", "state": "NJ", "area-code": "732"}, {"id": "1d36742e3f24f50e4e7ae82801098903", "number": "8889103833", "date": "2021-01-20 14:27:00", "subject": "2", "recorded-or-robo": "N", "city": "edison", "state": "NJ", "area-code": "732"}, {"id": "e81c9350d54f66c6d33b3747ee7450a5", "number": "9703796464", "date": "2021-01-22 17:39:00", "subject": "2", "recorded-or-robo": "Y", "city": "Aspen", "state": "CO", "area-code": "970"}, {"id": "1d36742e3f24f50e4e7ae82801097946", "number": "9703796464", "date": "2021-01-22 17:39:00", "subject": "2", "recorded-or-robo": "Y", "city": "Aspen", "state": "CO", "area-code": "970"}, {"id": "e81c9350d54f66c6d33b3747ee7447e3", "number": "6609240725", "date": "2021-01-21 11:45:00", "subject": "2", "recorded-or-robo": "N", "city": "Maumelle", "state": "AR", "area-code": "501"}, {"id": "1d36742e3f24f50e4e7ae828010977aa", "number": "6609240725", "date": "2021-01-21 11:45:00", "subject": "2", "recorded-or-robo": "N", "city": "Maumelle", "state": "AR", "area-code": "501"}, {"id": "e81c9350d54f66c6d33b3747ee743dbe", "number": "4133543274", "date": "2021-01-21 10:23:00", "subject": "0", "recorded-or-robo": "", "city": "Southampton", "state": "MA", "area-code": "413"}, {"id": "1d36742e3f24f50e4e7ae828010969c6", "number": "4133543274", "date": "2021-01-21 10:23:00", "subject": "0", "recorded-or-robo": "", "city": "Southampton", "state": "MA", "area-code": "413"}, {"id": "e81c9350d54f66c6d33b3747ee742e79", "number": "8653287308", "date": "2021-01-22 19:39:00", "subject": "0", "recorded-or-robo": "Y", "city": "Maryville", "state": "TN", "area-code": "865"}, {"id": "1d36742e3f24f50e4e7ae828010967f5", "number": "8653287308", "date": "2021-01-22 19:39:00", "subject": "0", "recorded-or-robo": "Y", "city": "Maryville", "state": "TN", "area-code": "865"}, {"id": "e81c9350d54f66c6d33b3747ee742b70", "number": "3144509041", "date": "2021-01-22 18:11:00", "subject": "1", "recorded-or-robo": "Y", "city": "Byrnes Mill", "state": "MO", "area-code": "314"}, {"id": "1d36742e3f24f50e4e7ae82801096798", "number": "3144509041", "date": "2021-01-22 18:11:00", "subject": "1", "recorded-or-robo": "Y", "city": "Byrnes Mill", "state": "MO", "area-code": "314"}, {"id": "e81c9350d54f66c6d33b3747ee74264d", "number": "3179785277", "date": "2021-01-21 15:48:00", "subject": "0", "recorded-or-robo": "Y", "city": "Fishers", "state": "IN", "area-code": "317"}, {"id": "1d36742e3f24f50e4e7ae8280109630e", "number": "3179785277", "date": "2021-01-21 15:48:00", "subject": "0", "recorded-or-robo": "Y", "city": "Fishers", "state": "IN", "area-code": "317"}, {"id": "e81c9350d54f66c6d33b3747ee742130", "number": "3144965804", "date": "2021-01-22 02:59:00", "subject": "1", "recorded-or-robo": "Y", "city": "", "state": "MO", "area-code": "314"}, {"id": "1d36742e3f24f50e4e7ae82801095a30", "number": "3144965804", "date": "2021-01-22 02:59:00", "subject": "1", "recorded-or-robo": "Y", "city": "", "state": "MO", "area-code": "314"}, {"id": "e81c9350d54f66c6d33b3747ee741277", "number": "9206277871", "date": "2021-01-22 18:40:00", "subject": "9", "recorded-or-robo": "Y", "city": "", "state": "WI", "area-code": "715"}, {"id": "1d36742e3f24f50e4e7ae82801095456", "number": "9206277871", "date": "2021-01-22 18:40:00", "subject": "9", "recorded-or-robo": "Y", "city": "", "state": "WI", "area-code": "715"}, {"id": "e81c9350d54f66c6d33b3747ee741250", "number": "6092847019", "date": "2021-01-22 18:07:00", "subject": "4", "recorded-or-robo": "Y", "city": "Berlin", "state": "NJ", "area-code": "609"}, {"id": "1d36742e3f24f50e4e7ae828010950b1", "number": "6092847019", "date": "2021-01-22 18:07:00", "subject": "4", "recorded-or-robo": "Y", "city": "Berlin", "state": "NJ", "area-code": "609"}, {"id": "e81c9350d54f66c6d33b3747ee740417", "number": "", "date": "2021-01-22 12:50:00", "subject": "3", "recorded-or-robo": "N", "city": "", "state": "TX", "area-code": "214"}, {"id": "1d36742e3f24f50e4e7ae8280109304d", "number": "", "date": "2021-01-22 12:50:00", "subject": "3", "recorded-or-robo": "N", "city": "", "state": "TX", "area-code": "214"}, {"id": "e81c9350d54f66c6d33b3747ee740baf", "number": "8663580285", "date": "2021-01-17 16:41:00", "subject": "2", "recorded-or-robo": "Y", "city": "Medford", "state": "OR", "area-code": "541"}, {"id": "e81c9350d54f66c6d33b3747ee73e414", "number": "5133421622", "date": "2021-01-22 16:24:00", "subject": "3", "recorded-or-robo": "", "city": "", "state": "OH", "area-code": "513"}, {"id": "1d36742e3f24f50e4e7ae8280109435d", "number": "8663580285", "date": "2021-01-17 16:41:00", "subject": "2", "recorded-or-robo": "Y", "city": "Medford", "state": "OR", "area-code": "541"}, {"id": "1d36742e3f24f50e4e7ae828010917cb", "number": "5133421622", "date": "2021-01-22 16:24:00", "subject": "3", "recorded-or-robo": "", "city": "", "state": "OH", "area-code": "513"}, {"id": "e81c9350d54f66c6d33b3747ee74060c", "number": "6305010804", "date": "2021-01-20 16:39:00", "subject": "2", "recorded-or-robo": "Y", "city": "Hanover Park", "state": "IL", "area-code": "630"}, {"id": "1d36742e3f24f50e4e7ae82801093e0e", "number": "6305010804", "date": "2021-01-20 16:39:00", "subject": "2", "recorded-or-robo": "Y", "city": "Hanover Park", "state": "IL", "area-code": "630"}, {"id": "e81c9350d54f66c6d33b3747ee7404c2", "number": "6263090609", "date": "2021-01-22 18:38:00", "subject": "7", "recorded-or-robo": "Y", "city": "Glendale", "state": "CA", "area-code": "626"}, {"id": "1d36742e3f24f50e4e7ae82801093458", "number": "6263090609", "date": "2021-01-22 18:38:00", "subject": "7", "recorded-or-robo": "Y", "city": "Glendale", "state": "CA", "area-code": "626"}, {"id": "e81c9350d54f66c6d33b3747eea6e11d", "number": "3159481279", "date": "2021-01-22 19:42:14", "subject": "3", "recorded-or-robo": "N", "city": "", "state": "NY", "area-code": "315"}, {"id": "1d36742e3f24f50e4e7ae828013bb3d9", "number": "3159481279", "date": "2021-01-22 19:42:14", "subject": "3", "recorded-or-robo": "N", "city": "", "state": "NY", "area-code": "315"}, {"id": "e81c9350d54f66c6d33b3747ee73f87d", "number": "7082276073", "date": "2021-01-22 09:05:00", "subject": "0", "recorded-or-robo": "", "city": "Monee", "state": "IL", "area-code": "708"}, {"id": "1d36742e3f24f50e4e7ae82801092d9b", "number": "7082276073", "date": "2021-01-22 09:05:00", "subject": "0", "recorded-or-robo": "", "city": "Monee", "state": "IL", "area-code": "708"}, {"id": "e81c9350d54f66c6d33b3747eec6c396", "number": "3374123084", "date": "2021-01-22 11:34:00", "subject": "3", "recorded-or-robo": "N", "city": "", "state": "LA", "area-code": "337"}, {"id": "1d36742e3f24f50e4e7ae828015c12e2", "number": "3374123084", "date": "2021-01-22 11:34:00", "subject": "3", "recorded-or-robo": "N", "city": "", "state": "LA", "area-code": "337"}, {"id": "e81c9350d54f66c6d33b3747ee73f00a", "number": "4352556579", "date": "2021-01-21 14:34:00", "subject": "2", "recorded-or-robo": "N", "city": "Maumelle", "state": "AR", "area-code": "501"}]}