{"data": [{"id": "b6a8da8b80f26332ed085cca2de99c10", "number": "3023228876", "date": "2021-01-22 13:40:00", "subject": "0", "recorded-or-robo": "Y", "city": "Fargo", "state": "ND", "area-code": "701"}, {"id": "e81c9350d54f66c6d33b3747ee4a4065", "number": "+13104927796", "date": "2021-01-22 16:31:12", "subject": "3", "recorded-or-robo": "Y", "city": "", "state": "CA", "area-code": "760"}, {"id": "deca54a6651fb9add5b4a9816cdec961", "number": "+13104927796", "date": "2021-01-22 16:31:12", "subject": "3", "recorded-or-robo": "Y", "city": "", "state": "CA", "area-code": "760"}, {"id": "deca54a6651fb9add5b4a9816c7ea17b", "number": "7852688101", "date": "2021-01-22 15:23:00", "subject": "2", "recorded-or-robo": "N", "city": "Lawrence", "state": "KS", "area-code": "785"}, {"id": "b6a8da8b80f26332ed085cca2de997c3", "number": "7852688101", "date": "2021-01-22 15:23:00", "subject": "2", "recorded-or-robo": "N", "city": "Lawrence", "state": "KS", "area-code": "785"}, {"id": "e81c9350d54f66c6d33b3747ee4a69a3", "number": "8652564258", "date": "2021-01-22 16:31:10", "subject": "3", "recorded-or-robo": "N", "city": "", "state": "TN", "area-code": "865"}, {"id": "deca54a6651fb9add5b4a9816cdf0191", "number": "8652564258", "date": "2021-01-22 16:31:10", "subject": "3", "recorded-or-robo": "N", "city": "", "state": "TN", "area-code": "865"}, {"id": "deca54a6651fb9add5b4a9816c7e94e6", "number": "9702775765", "date": "2021-01-22 14:20:00", "subject": "4", "recorded-or-robo": "Y", "city": "Thornton", "state": "CO", "area-code": "303"}, {"id": "b6a8da8b80f26332ed085cca2de996ba", "number": "9702775765", "date": "2021-01-22 14:20:00", "subject": "4", "recorded-or-robo": "Y", "city": "Thornton", "state": "CO", "area-code": "303"}, {"id": "e81c9350d54f66c6d33b3747ee4ad5df", "number": "+14236006110", "date": "2021-01-22 16:31:08", "subject": "3", "recorded-or-robo": "Y", "city": "", "state": "VA", "area-code": "757"}, {"id": "deca54a6651fb9add5b4a9816cdf3ccb", "number": "+14236006110", "date": "2021-01-22 16:31:08", "subject": "3", "recorded-or-robo": "Y", "city": "", "state": "VA", "area-code": "757"}, {"id": "e81c9350d54f66c6d33b3747ee4a1f19", "number": "3522680172", "date": "2021-01-22 16:31:06", "subject": "3", "recorded-or-robo": "N", "city": "", "state": "IL", "area-code": "708"}, {"id": "deca54a6651fb9add5b4a9816cdea712", "number": "3522680172", "date": "2021-01-22 16:31:06", "subject": "3", "recorded-or-robo": "N", "city": "", "state": "IL", "area-code": "708"}, {"id": "deca54a6651fb9add5b4a9816c7e8b5f", "number": "2015783110", "date": "2021-01-22 16:26:00", "subject": "4", "recorded-or-robo": "Y", "city": "", "state": "NJ", "area-code": "201"}, {"id": "b6a8da8b80f26332ed085cca2de98a9d", "number": "2015783110", "date": "2021-01-22 16:26:00", "subject": "4", "recorded-or-robo": "Y", "city": "", "state": "NJ", "area-code": "201"}, {"id": "deca54a6651fb9add5b4a9816c7e7cd6", "number": "9498447020", "date": "2021-01-22 13:04:00", "subject": "8", "recorded-or-robo": "Y", "city": "", "state": "CA", "area-code": "760"}, {"id": "b6a8da8b80f26332ed085cca2de9860c", "number": "9498447020", "date": "2021-01-22 13:04:00", "subject": "8", "recorded-or-robo": "Y", "city": "", "state": "CA", "area-code": "760"}, {"id": "deca54a6651fb9add5b4a9816c7e728e", "number": "6183154", "date": "2021-01-18 17:01:00", "subject": "0", "recorded-or-robo": "N", "city": "The Villages", "state": "FL", "area-code": "352"}, {"id": "deca54a6651fb9add5b4a9816c7e659e", "number": "2178033296", "date": "2021-01-22 15:25:00", "subject": "4", "recorded-or-robo": "Y", "city": "San Antonio", "state": "TX", "area-code": "210"}, {"id": "b6a8da8b80f26332ed085cca2de97f89", "number": "6183154", "date": "2021-01-18 17:01:00", "subject": "0", "recorded-or-robo": "N", "city": "The Villages", "state": "FL", "area-code": "352"}, {"id": "b6a8da8b80f26332ed085cca2de97627", "number": "2178033296", "date": "2021-01-22 15:25:00", "subject": "4", "recorded-or-robo": "Y", "city": "San Antonio", "state": "TX", "area-code": "210"}, {"id": "deca54a6651fb9add5b4a9816c7e61d3", "number": "8593272991", "date": "2021-01-22 15:30:00", "subject": "1", "recorded-or-robo": "Y", "city": "Louisville", "state": "KY", "area-code": "859"}, {"id": "b6a8da8b80f26332ed085cca2de96768", "number": "8593272991", "date": "2021-01-22 15:30:00", "subject": "1", "recorded-or-robo": "Y", "city": "Louisville", "state": "KY", "area-code": "859"}, {"id": "deca54a6651fb9add5b4a9816c7e5b50", "number": "6302127466", "date": "2021-01-20 14:45:00", "subject": "7", "recorded-or-robo": "Y", "city": "katy", "state": "IL", "area-code": "630"}, {"id": "b6a8da8b80f26332ed085cca2de95b90", "number": "6302127466", "date": "2021-01-20 14:45:00", "subject": "7", "recorded-or-robo": "Y", "city": "katy", "state": "IL", "area-code": "630"}, {"id": "deca54a6651fb9add5b4a9816c7e4d42", "number": "3152328257", "date": "2021-01-22 03:05:00", "subject": "1", "recorded-or-robo": "Y", "city": "LAKE SAINT LOUIS", "state": "MO", "area-code": "636"}, {"id": "b6a8da8b80f26332ed085cca2de95b32", "number": "3152328257", "date": "2021-01-22 03:05:00", "subject": "1", "recorded-or-robo": "Y", "city": "LAKE SAINT LOUIS", "state": "MO", "area-code": "636"}, {"id": "deca54a6651fb9add5b4a9816c7e49ba", "number": "8477289562", "date": "2021-01-22 15:25:00", "subject": "7", "recorded-or-robo": "Y", "city": "", "state": "IL", "area-code": "847"}, {"id": "b6a8da8b80f26332ed085cca2de9517b", "number": "8477289562", "date": "2021-01-22 15:25:00", "subject": "7", "recorded-or-robo": "Y", "city": "", "state": "IL", "area-code": "847"}, {"id": "deca54a6651fb9add5b4a9816c7e3d16", "number": "8508789052", "date": "2021-01-19 15:07:00", "subject": "2", "recorded-or-robo": "", "city": "Tallahassee", "state": "FL", "area-code": "850"}, {"id": "b6a8da8b80f26332ed085cca2de94bb9", "number": "8508789052", "date": "2021-01-19 15:07:00", "subject": "2", "recorded-or-robo": "", "city": "Tallahassee", "state": "FL", "area-code": "850"}, {"id": "deca54a6651fb9add5b4a9816c7e3088", "number": "8449741793", "date": "2021-01-22 12:00:00", "subject": "2", "recorded-or-robo": "Y", "city": "Oak Park", "state": "MI", "area-code": "248"}, {"id": "b6a8da8b80f26332ed085cca2de941a7", "number": "8449741793", "date": "2021-01-22 12:00:00", "subject": "2", "recorded-or-robo": "Y", "city": "Oak Park", "state": "MI", "area-code": "248"}, {"id": "deca54a6651fb9add5b4a9816c7e2756", "number": "2486771784", "date": "2021-01-14 16:49:00", "subject": "1", "recorded-or-robo": "Y", "city": "Gladstone", "state": "MI", "area-code": "906"}, {"id": "b6a8da8b80f26332ed085cca2de938c7", "number": "2486771784", "date": "2021-01-14 16:49:00", "subject": "1", "recorded-or-robo": "Y", "city": "Gladstone", "state": "MI", "area-code": "906"}, {"id": "deca54a6651fb9add5b4a9816c7e22c1", "number": "", "date": "2021-01-22 15:24:00", "subject": "2", "recorded-or-robo": "Y", "city": "Lake Saint Louis", "state": "MO", "area-code": "636"}, {"id": "b6a8da8b80f26332ed085cca2de93089", "number": "", "date": "2021-01-22 15:24:00", "subject": "2", "recorded-or-robo": "Y", "city": "Lake Saint Louis", "state": "MO", "area-code": "636"}, {"id": "deca54a6651fb9add5b4a9816c7e1a6f", "number": "5592720114", "date": "2021-01-21 15:27:00", "subject": "2", "recorded-or-robo": "Y", "city": "", "state": "CA", "area-code": "925"}, {"id": "b6a8da8b80f26332ed085cca2de9281a", "number": "5592720114", "date": "2021-01-21 15:27:00", "subject": "2", "recorded-or-robo": "Y", "city": "", "state": "CA", "area-code": "925"}, {"id": "deca54a6651fb9add5b4a9816c7e0cc0", "number": "", "date": "2021-01-22 03:25:00", "subject": "1", "recorded-or-robo": "Y", "city": "Daphne", "state": "AL", "area-code": "615"}, {"id": "b6a8da8b80f26332ed085cca2de91962", "number": "", "date": "2021-01-22 03:25:00", "subject": "1", "recorded-or-robo": "Y", "city": "Daphne", "state": "AL", "area-code": "615"}, {"id": "deca54a6651fb9add5b4a9816c7e0640", "number": "8004664048", "date": "2021-01-20 20:33:00", "subject": "2", "recorded-or-robo": "Y", "city": "Woodbridge", "state": "VA", "area-code": "703"}, {"id": "b6a8da8b80f26332ed085cca2de90b4a", "number": "8004664048", "date": "2021-01-20 20:33:00", "subject": "2", "recorded-or-robo": "Y", "city": "Woodbridge", "state": "VA", "area-code": "703"}, {"id": "e81c9350d54f66c6d33b3747ee49e957", "number": "3103143216", "date": "2021-01-22 16:30:14", "subject": "3", "recorded-or-robo": "Y", "city": "", "state": "NY", "area-code": "716"}, {"id": "deca54a6651fb9add5b4a9816cde69c6", "number": "3103143216", "date": "2021-01-22 16:30:14", "subject": "3", "recorded-or-robo": "Y", "city": "", "state": "NY", "area-code": "716"}, {"id": "deca54a6651fb9add5b4a9816c7df6c8", "number": "3214521539", "date": "2021-01-22 15:45:00", "subject": "4", "recorded-or-robo": "Y", "city": "Merritt Island", "state": "FL", "area-code": "321"}, {"id": "b6a8da8b80f26332ed085cca2de90a7b", "number": "3214521539", "date": "2021-01-22 15:45:00", "subject": "4", "recorded-or-robo": "Y", "city": "Merritt Island", "state": "FL", "area-code": "321"}, {"id": "deca54a6651fb9add5b4a9816c7df654", "number": "509745138", "date": "2021-01-22 01:24:00", "subject": "5", "recorded-or-robo": "N", "city": "", "state": "WA", "area-code": "509"}, {"id": "b6a8da8b80f26332ed085cca2de8fc2c", "number": "509745138", "date": "2021-01-22 01:24:00", "subject": "5", "recorded-or-robo": "N", "city": "", "state": "WA", "area-code": "509"}, {"id": "deca54a6651fb9add5b4a9816c7dedf1", "number": "3217102827", "date": "2021-01-22 07:28:00", "subject": "2", "recorded-or-robo": "Y", "city": "Portland", "state": "FL", "area-code": "321"}]}