{"data": [{"id": "b6a8da8b80f26332ed085cca2dfde4cd", "number": "9014461765", "date": "2021-01-22 15:25:00", "subject": "2", "recorded-or-robo": "Y", "city": "Lakeland", "state": "TN", "area-code": "901"}, {"id": "e81c9350d54f66c6d33b3747ee5bf405", "number": "4102193636", "date": "2021-01-22 16:17:00", "subject": "3", "recorded-or-robo": "N", "city": "", "state": "VA", "area-code": "540"}, {"id": "deca54a6651fb9add5b4a9816cf09892", "number": "4102193636", "date": "2021-01-22 16:17:00", "subject": "3", "recorded-or-robo": "N", "city": "", "state": "VA", "area-code": "540"}, {"id": "deca54a6651fb9add5b4a9816c930463", "number": "9330268", "date": "2021-01-21 10:18:00", "subject": "0", "recorded-or-robo": "", "city": "Louisville", "state": "KY", "area-code": "502"}, {"id": "b6a8da8b80f26332ed085cca2dfddd2d", "number": "9330268", "date": "2021-01-21 10:18:00", "subject": "0", "recorded-or-robo": "", "city": "Louisville", "state": "KY", "area-code": "502"}, {"id": "deca54a6651fb9add5b4a9816c92fc4d", "number": "3133970138", "date": "2021-01-22 16:11:00", "subject": "2", "recorded-or-robo": "Y", "city": "Chelsea", "state": "MI", "area-code": "734"}, {"id": "b6a8da8b80f26332ed085cca2dfdcd94", "number": "3133970138", "date": "2021-01-22 16:11:00", "subject": "2", "recorded-or-robo": "Y", "city": "Chelsea", "state": "MI", "area-code": "734"}, {"id": "deca54a6651fb9add5b4a9816c92ecb2", "number": "9192891056", "date": "2021-01-22 16:56:00", "subject": "4", "recorded-or-robo": "Y", "city": "Peachland", "state": "NC", "area-code": "704"}, {"id": "b6a8da8b80f26332ed085cca2dfdc774", "number": "9192891056", "date": "2021-01-22 16:56:00", "subject": "4", "recorded-or-robo": "Y", "city": "Peachland", "state": "NC", "area-code": "704"}, {"id": "deca54a6651fb9add5b4a9816c92df80", "number": "8457485285", "date": "2021-01-22 15:50:00", "subject": "5", "recorded-or-robo": "Y", "city": "Wappingers Falls", "state": "NY", "area-code": "845"}, {"id": "b6a8da8b80f26332ed085cca2dfdc454", "number": "8457485285", "date": "2021-01-22 15:50:00", "subject": "5", "recorded-or-robo": "Y", "city": "Wappingers Falls", "state": "NY", "area-code": "845"}, {"id": "deca54a6651fb9add5b4a9816c92d12a", "number": "9292019193", "date": "2021-01-22 16:14:00", "subject": "2", "recorded-or-robo": "Y", "city": "NEW YORK", "state": "NY", "area-code": "347"}, {"id": "b6a8da8b80f26332ed085cca2dfdb856", "number": "9292019193", "date": "2021-01-22 16:14:00", "subject": "2", "recorded-or-robo": "Y", "city": "NEW YORK", "state": "NY", "area-code": "347"}, {"id": "deca54a6651fb9add5b4a9816c92c41c", "number": "8653287308", "date": "2021-01-22 16:30:00", "subject": "0", "recorded-or-robo": "Y", "city": "Maryville", "state": "TN", "area-code": "865"}, {"id": "b6a8da8b80f26332ed085cca2dfdac3c", "number": "8653287308", "date": "2021-01-22 16:30:00", "subject": "0", "recorded-or-robo": "Y", "city": "Maryville", "state": "TN", "area-code": "865"}, {"id": "deca54a6651fb9add5b4a9816c92c360", "number": "7578556497", "date": "2021-01-22 14:33:00", "subject": "1", "recorded-or-robo": "Y", "city": "", "state": "VA", "area-code": "757"}, {"id": "b6a8da8b80f26332ed085cca2dfda241", "number": "7578556497", "date": "2021-01-22 14:33:00", "subject": "1", "recorded-or-robo": "Y", "city": "", "state": "VA", "area-code": "757"}, {"id": "deca54a6651fb9add5b4a9816c92bb86", "number": "2538571670", "date": "2021-01-20 11:08:00", "subject": "2", "recorded-or-robo": "Y", "city": "Gig Harbor", "state": "WA", "area-code": "253"}, {"id": "b6a8da8b80f26332ed085cca2dfd9fce", "number": "2538571670", "date": "2021-01-20 11:08:00", "subject": "2", "recorded-or-robo": "Y", "city": "Gig Harbor", "state": "WA", "area-code": "253"}, {"id": "deca54a6651fb9add5b4a9816c92b42f", "number": "7035707744", "date": "2021-01-21 16:11:00", "subject": "0", "recorded-or-robo": "N", "city": "Woodbridge", "state": "VA", "area-code": "703"}, {"id": "b6a8da8b80f26332ed085cca2dfd9253", "number": "7035707744", "date": "2021-01-21 16:11:00", "subject": "0", "recorded-or-robo": "N", "city": "Woodbridge", "state": "VA", "area-code": "703"}, {"id": "deca54a6651fb9add5b4a9816c92a876", "number": "8585247196", "date": "2021-01-22 13:56:00", "subject": "4", "recorded-or-robo": "Y", "city": "Kirkland", "state": "WA", "area-code": "909"}, {"id": "b6a8da8b80f26332ed085cca2dfd8894", "number": "8585247196", "date": "2021-01-22 13:56:00", "subject": "4", "recorded-or-robo": "Y", "city": "Kirkland", "state": "WA", "area-code": "909"}, {"id": "e81c9350d54f66c6d33b3747ee4e20da", "number": "+18044292710", "date": "2021-01-22 16:59:49", "subject": "3", "recorded-or-robo": "N", "city": "", "state": "VA", "area-code": "804"}, {"id": "e81c9350d54f66c6d33b3747ee4def55", "number": "6147989699", "date": "2021-01-22 16:59:49", "subject": "3", "recorded-or-robo": "Y", "city": "", "state": "OH", "area-code": "614"}, {"id": "deca54a6651fb9add5b4a9816ce282b0", "number": "+18044292710", "date": "2021-01-22 16:59:49", "subject": "3", "recorded-or-robo": "N", "city": "", "state": "VA", "area-code": "804"}, {"id": "deca54a6651fb9add5b4a9816ce25a80", "number": "6147989699", "date": "2021-01-22 16:59:49", "subject": "3", "recorded-or-robo": "Y", "city": "", "state": "OH", "area-code": "614"}, {"id": "deca54a6651fb9add5b4a9816c929c8e", "number": "2450217", "date": "2021-01-21 11:31:00", "subject": "2", "recorded-or-robo": "N", "city": "Michigan City", "state": "IN", "area-code": "219"}, {"id": "b6a8da8b80f26332ed085cca2dfd7cc6", "number": "2450217", "date": "2021-01-21 11:31:00", "subject": "2", "recorded-or-robo": "N", "city": "Michigan City", "state": "IN", "area-code": "219"}, {"id": "deca54a6651fb9add5b4a9816c92901f", "number": "8009562616", "date": "2021-01-14 02:00:00", "subject": "3", "recorded-or-robo": "Y", "city": "", "state": "MN", "area-code": "612"}, {"id": "b6a8da8b80f26332ed085cca2dfd7476", "number": "8009562616", "date": "2021-01-14 02:00:00", "subject": "3", "recorded-or-robo": "Y", "city": "", "state": "MN", "area-code": "612"}, {"id": "deca54a6651fb9add5b4a9816c9287e0", "number": "4693095732", "date": "2021-01-22 15:09:00", "subject": "2", "recorded-or-robo": "Y", "city": "PLANO", "state": "TX", "area-code": "469"}, {"id": "b6a8da8b80f26332ed085cca2dfd65ee", "number": "4693095732", "date": "2021-01-22 15:09:00", "subject": "2", "recorded-or-robo": "Y", "city": "PLANO", "state": "TX", "area-code": "469"}, {"id": "deca54a6651fb9add5b4a9816c92842a", "number": "4804772601", "date": "2021-01-22 14:56:00", "subject": "9", "recorded-or-robo": "Y", "city": "Buckeye", "state": "AZ", "area-code": "602"}, {"id": "b6a8da8b80f26332ed085cca2dfd58de", "number": "4804772601", "date": "2021-01-22 14:56:00", "subject": "9", "recorded-or-robo": "Y", "city": "Buckeye", "state": "AZ", "area-code": "602"}, {"id": "deca54a6651fb9add5b4a9816c92833f", "number": "", "date": "2021-01-22 16:52:00", "subject": "1", "recorded-or-robo": "Y", "city": "", "state": "MD", "area-code": "410"}, {"id": "b6a8da8b80f26332ed085cca2dfd53c2", "number": "", "date": "2021-01-22 16:52:00", "subject": "1", "recorded-or-robo": "Y", "city": "", "state": "MD", "area-code": "410"}, {"id": "deca54a6651fb9add5b4a9816c9274e9", "number": "", "date": "2021-01-22 16:53:00", "subject": "3", "recorded-or-robo": "Y", "city": "", "state": "FL", "area-code": "904"}, {"id": "deca54a6651fb9add5b4a9816c926964", "number": "2036599702", "date": "2021-01-22 15:06:00", "subject": "4", "recorded-or-robo": "Y", "city": "", "state": "CT", "area-code": "203"}, {"id": "b6a8da8b80f26332ed085cca2dfd47ae", "number": "", "date": "2021-01-22 16:53:00", "subject": "3", "recorded-or-robo": "Y", "city": "", "state": "FL", "area-code": "904"}, {"id": "b6a8da8b80f26332ed085cca2dfd4139", "number": "2036599702", "date": "2021-01-22 15:06:00", "subject": "4", "recorded-or-robo": "Y", "city": "", "state": "CT", "area-code": "203"}, {"id": "deca54a6651fb9add5b4a9816c926295", "number": "9403783114", "date": "2021-01-22 15:55:00", "subject": "2", "recorded-or-robo": "Y", "city": "Bowie", "state": "TX", "area-code": "940"}, {"id": "b6a8da8b80f26332ed085cca2dfd3b4b", "number": "9403783114", "date": "2021-01-22 15:55:00", "subject": "2", "recorded-or-robo": "Y", "city": "Bowie", "state": "TX", "area-code": "940"}, {"id": "deca54a6651fb9add5b4a9816c925fec", "number": "7246392297", "date": "2021-01-22 16:52:00", "subject": "2", "recorded-or-robo": "", "city": "", "state": "PA", "area-code": "724"}, {"id": "b6a8da8b80f26332ed085cca2dfd2c34", "number": "7246392297", "date": "2021-01-22 16:52:00", "subject": "2", "recorded-or-robo": "", "city": "", "state": "PA", "area-code": "724"}, {"id": "deca54a6651fb9add5b4a9816c925068", "number": "5128214141", "date": "2021-01-22 03:55:00", "subject": "2", "recorded-or-robo": "Y", "city": "Austin", "state": "TX", "area-code": "512"}, {"id": "b6a8da8b80f26332ed085cca2dfd2622", "number": "5128214141", "date": "2021-01-22 03:55:00", "subject": "2", "recorded-or-robo": "Y", "city": "Austin", "state": "TX", "area-code": "512"}, {"id": "deca54a6651fb9add5b4a9816c925031", "number": "5702986957", "date": "2021-01-22 14:45:00", "subject": "0", "recorded-or-robo": "Y", "city": "Grapeland", "state": "TX", "area-code": "903"}, {"id": "deca54a6651fb9add5b4a9816c924ab7", "number": "7344388016", "date": "2021-01-22 16:01:00", "subject": "2", "recorded-or-robo": "Y", "city": "Germantown", "state": "OH", "area-code": "937"}, {"id": "b6a8da8b80f26332ed085cca2dfd1aea", "number": "5702986957", "date": "2021-01-22 14:45:00", "subject": "0", "recorded-or-robo": "Y", "city": "Grapeland", "state": "TX", "area-code": "903"}]}