{"data": [{"id": "1d36742e3f24f50e4e7ae828013d39ff", "number": "8188627944", "date": "2021-01-22 19:57:55", "subject": "3", "recorded-or-robo": "Y", "city": "", "state": "CA", "area-code": "818"}, {"id": "e81c9350d54f66c6d33b3747eea890d8", "number": "9404002800", "date": "2021-01-22 19:57:45", "subject": "3", "recorded-or-robo": "Y", "city": "", "state": "NY", "area-code": "917"}, {"id": "e81c9350d54f66c6d33b3747ee79a06d", "number": "3852469660", "date": "2021-01-22 01:14:00", "subject": "7", "recorded-or-robo": "Y", "city": "magna", "state": "UT", "area-code": "385"}, {"id": "1d36742e3f24f50e4e7ae828013d97db", "number": "9404002800", "date": "2021-01-22 19:57:45", "subject": "3", "recorded-or-robo": "Y", "city": "", "state": "NY", "area-code": "917"}, {"id": "1d36742e3f24f50e4e7ae828010e55b6", "number": "3852469660", "date": "2021-01-22 01:14:00", "subject": "7", "recorded-or-robo": "Y", "city": "magna", "state": "UT", "area-code": "385"}, {"id": "e81c9350d54f66c6d33b3747ee799a46", "number": "4132871125", "date": "2021-01-22 09:30:00", "subject": "0", "recorded-or-robo": "", "city": "Southampton", "state": "MA", "area-code": "413"}, {"id": "1d36742e3f24f50e4e7ae828010e5590", "number": "4132871125", "date": "2021-01-22 09:30:00", "subject": "0", "recorded-or-robo": "", "city": "Southampton", "state": "MA", "area-code": "413"}, {"id": "e81c9350d54f66c6d33b3747eea87fd5", "number": "6264702785", "date": "2021-01-22 19:57:31", "subject": "3", "recorded-or-robo": "Y", "city": "", "state": "CA", "area-code": "818"}, {"id": "1d36742e3f24f50e4e7ae828013d61fe", "number": "6264702785", "date": "2021-01-22 19:57:31", "subject": "3", "recorded-or-robo": "Y", "city": "", "state": "CA", "area-code": "818"}, {"id": "e81c9350d54f66c6d33b3747ee798b9d", "number": "5034365375", "date": "2021-01-22 08:35:00", "subject": "4", "recorded-or-robo": "Y", "city": "Astoria", "state": "OR", "area-code": "503"}, {"id": "1d36742e3f24f50e4e7ae828010e5358", "number": "5034365375", "date": "2021-01-22 08:35:00", "subject": "4", "recorded-or-robo": "Y", "city": "Astoria", "state": "OR", "area-code": "503"}, {"id": "e81c9350d54f66c6d33b3747eea89dfe", "number": "4125385065", "date": "2021-01-22 19:57:16", "subject": "3", "recorded-or-robo": "Y", "city": "", "state": "PA", "area-code": "412"}, {"id": "1d36742e3f24f50e4e7ae828013dabcd", "number": "4125385065", "date": "2021-01-22 19:57:16", "subject": "3", "recorded-or-robo": "Y", "city": "", "state": "PA", "area-code": "412"}, {"id": "e81c9350d54f66c6d33b3747ee798340", "number": "8448419", "date": "2021-01-22 11:58:00", "subject": "0", "recorded-or-robo": "Y", "city": "Chocowinity", "state": "NC", "area-code": "252"}, {"id": "1d36742e3f24f50e4e7ae828010e447b", "number": "8448419", "date": "2021-01-22 11:58:00", "subject": "0", "recorded-or-robo": "Y", "city": "Chocowinity", "state": "NC", "area-code": "252"}, {"id": "e81c9350d54f66c6d33b3747ee798204", "number": "5418401255", "date": "2020-12-12 16:15:00", "subject": "2", "recorded-or-robo": "Y", "city": "Medford", "state": "OR", "area-code": "541"}, {"id": "1d36742e3f24f50e4e7ae828010e3763", "number": "5418401255", "date": "2020-12-12 16:15:00", "subject": "2", "recorded-or-robo": "Y", "city": "Medford", "state": "OR", "area-code": "541"}, {"id": "e81c9350d54f66c6d33b3747eea8abe5", "number": "5417511850", "date": "2021-01-22 19:57:07", "subject": "3", "recorded-or-robo": "Y", "city": "", "state": "OR", "area-code": "541"}, {"id": "1d36742e3f24f50e4e7ae828013db6af", "number": "5417511850", "date": "2021-01-22 19:57:07", "subject": "3", "recorded-or-robo": "Y", "city": "", "state": "OR", "area-code": "541"}, {"id": "e81c9350d54f66c6d33b3747ee797a94", "number": "8637958707", "date": "2021-01-22 10:30:00", "subject": "1", "recorded-or-robo": "Y", "city": "Colorado Springs", "state": "CO", "area-code": "719"}, {"id": "1d36742e3f24f50e4e7ae828010e3118", "number": "8637958707", "date": "2021-01-22 10:30:00", "subject": "1", "recorded-or-robo": "Y", "city": "Colorado Springs", "state": "CO", "area-code": "719"}, {"id": "e81c9350d54f66c6d33b3747ee797796", "number": "6263376753", "date": "2021-01-22 16:55:00", "subject": "0", "recorded-or-robo": "Y", "city": "Covina", "state": "CA", "area-code": "626"}, {"id": "1d36742e3f24f50e4e7ae828010e2212", "number": "6263376753", "date": "2021-01-22 16:55:00", "subject": "0", "recorded-or-robo": "Y", "city": "Covina", "state": "CA", "area-code": "626"}, {"id": "e81c9350d54f66c6d33b3747ee796c6b", "number": "", "date": "2021-01-22 18:00:00", "subject": "2", "recorded-or-robo": "Y", "city": "Grand Rapids", "state": "MI", "area-code": "616"}, {"id": "1d36742e3f24f50e4e7ae828010e159c", "number": "", "date": "2021-01-22 18:00:00", "subject": "2", "recorded-or-robo": "Y", "city": "Grand Rapids", "state": "MI", "area-code": "616"}, {"id": "e81c9350d54f66c6d33b3747ee79654c", "number": "8632987259", "date": "2021-01-22 17:58:00", "subject": "4", "recorded-or-robo": "Y", "city": "Riverview", "state": "FL", "area-code": "813"}, {"id": "1d36742e3f24f50e4e7ae828010e0d3a", "number": "8632987259", "date": "2021-01-22 17:58:00", "subject": "4", "recorded-or-robo": "Y", "city": "Riverview", "state": "FL", "area-code": "813"}, {"id": "e81c9350d54f66c6d33b3747ee795de5", "number": "5802170513", "date": "2021-01-21 19:49:00", "subject": "0", "recorded-or-robo": "", "city": "Southampton", "state": "MA", "area-code": "413"}, {"id": "1d36742e3f24f50e4e7ae828010e05cd", "number": "5802170513", "date": "2021-01-21 19:49:00", "subject": "0", "recorded-or-robo": "", "city": "Southampton", "state": "MA", "area-code": "413"}, {"id": "e81c9350d54f66c6d33b3747eea82825", "number": "+16462732008", "date": "2021-01-22 19:56:32", "subject": "3", "recorded-or-robo": "Y", "city": "", "state": "FL", "area-code": "386"}, {"id": "1d36742e3f24f50e4e7ae828013d13cc", "number": "+16462732008", "date": "2021-01-22 19:56:32", "subject": "3", "recorded-or-robo": "Y", "city": "", "state": "FL", "area-code": "386"}, {"id": "e81c9350d54f66c6d33b3747ee795a56", "number": "8448419", "date": "2021-01-22 11:59:00", "subject": "0", "recorded-or-robo": "Y", "city": "Chocowinity", "state": "NC", "area-code": "252"}, {"id": "1d36742e3f24f50e4e7ae828010dffee", "number": "8448419", "date": "2021-01-22 11:59:00", "subject": "0", "recorded-or-robo": "Y", "city": "Chocowinity", "state": "NC", "area-code": "252"}, {"id": "e81c9350d54f66c6d33b3747eea8b936", "number": "+16612159574", "date": "2021-01-22 19:56:19", "subject": "3", "recorded-or-robo": "Y", "city": "", "state": "CA", "area-code": "310"}, {"id": "e81c9350d54f66c6d33b3747ee795107", "number": "6305091054", "date": "2021-01-22 12:29:00", "subject": "0", "recorded-or-robo": "Y", "city": "Downers Grove", "state": "IL", "area-code": "630"}, {"id": "1d36742e3f24f50e4e7ae828013dc42b", "number": "+16612159574", "date": "2021-01-22 19:56:19", "subject": "3", "recorded-or-robo": "Y", "city": "", "state": "CA", "area-code": "310"}, {"id": "1d36742e3f24f50e4e7ae828010df66c", "number": "6305091054", "date": "2021-01-22 12:29:00", "subject": "0", "recorded-or-robo": "Y", "city": "Downers Grove", "state": "IL", "area-code": "630"}, {"id": "e81c9350d54f66c6d33b3747ee794b42", "number": "8009888938", "date": "2021-01-22 12:20:00", "subject": "1", "recorded-or-robo": "Y", "city": "South Windsor", "state": "CT", "area-code": "732"}, {"id": "1d36742e3f24f50e4e7ae828010de9a8", "number": "8009888938", "date": "2021-01-22 12:20:00", "subject": "1", "recorded-or-robo": "Y", "city": "South Windsor", "state": "CT", "area-code": "732"}, {"id": "e81c9350d54f66c6d33b3747ee794640", "number": "9093033650", "date": "2021-01-22 16:52:00", "subject": "9", "recorded-or-robo": "Y", "city": "Culver City", "state": "CA", "area-code": "310"}, {"id": "1d36742e3f24f50e4e7ae828010de9a4", "number": "9093033650", "date": "2021-01-22 16:52:00", "subject": "9", "recorded-or-robo": "Y", "city": "Culver City", "state": "CA", "area-code": "310"}, {"id": "e81c9350d54f66c6d33b3747ee794041", "number": "8153121842", "date": "2021-01-15 15:52:00", "subject": "3", "recorded-or-robo": "Y", "city": "", "state": "AR", "area-code": "479"}, {"id": "e81c9350d54f66c6d33b3747ee793eec", "number": "5418408758", "date": "2021-01-12 16:46:00", "subject": "2", "recorded-or-robo": "Y", "city": "Medford", "state": "OR", "area-code": "541"}, {"id": "1d36742e3f24f50e4e7ae828010de418", "number": "8153121842", "date": "2021-01-15 15:52:00", "subject": "3", "recorded-or-robo": "Y", "city": "", "state": "AR", "area-code": "479"}, {"id": "1d36742e3f24f50e4e7ae828010de403", "number": "5418408758", "date": "2021-01-12 16:46:00", "subject": "2", "recorded-or-robo": "Y", "city": "Medford", "state": "OR", "area-code": "541"}, {"id": "e81c9350d54f66c6d33b3747ee7934d2", "number": "2126034173", "date": "2021-01-22 19:52:00", "subject": "2", "recorded-or-robo": "Y", "city": "", "state": "NY", "area-code": "212"}, {"id": "1d36742e3f24f50e4e7ae828010dda16", "number": "2126034173", "date": "2021-01-22 19:52:00", "subject": "2", "recorded-or-robo": "Y", "city": "", "state": "NY", "area-code": "212"}, {"id": "e81c9350d54f66c6d33b3747eea881ac", "number": "+13238250270", "date": "2021-01-22 19:56:06", "subject": "3", "recorded-or-robo": "N", "city": "", "state": "CA", "area-code": "323"}, {"id": "1d36742e3f24f50e4e7ae828013d8782", "number": "+13238250270", "date": "2021-01-22 19:56:06", "subject": "3", "recorded-or-robo": "N", "city": "", "state": "CA", "area-code": "323"}, {"id": "e81c9350d54f66c6d33b3747ee7933d0", "number": "9046157162", "date": "2021-01-22 18:07:00", "subject": "2", "recorded-or-robo": "", "city": "Jacksonville", "state": "FL", "area-code": "904"}]}