{"data": [{"id": "deca54a6651fb9add5b4a9816c959a8f", "number": "6306899863", "date": "2021-01-22 15:59:00", "subject": "1", "recorded-or-robo": "Y", "city": "DeKalb", "state": "IL", "area-code": "630"}, {"id": "e81c9350d54f66c6d33b3747ee007ad1", "number": "9378404607", "date": "2021-01-22 10:48:00", "subject": "2", "recorded-or-robo": "Y", "city": "Germantown", "state": "OH", "area-code": "937"}, {"id": "deca54a6651fb9add5b4a9816c959874", "number": "9378404607", "date": "2021-01-22 10:48:00", "subject": "2", "recorded-or-robo": "Y", "city": "Germantown", "state": "OH", "area-code": "937"}, {"id": "e81c9350d54f66c6d33b3747ee0074bc", "number": "8177677735", "date": "2021-01-22 15:48:00", "subject": "2", "recorded-or-robo": "Y", "city": "Fort Worth", "state": "TX", "area-code": "817"}, {"id": "e81c9350d54f66c6d33b3747ee006701", "number": "6602545828", "date": "2021-01-22 15:55:00", "subject": "2", "recorded-or-robo": "Y", "city": "Hopkins", "state": "MO", "area-code": "660"}, {"id": "deca54a6651fb9add5b4a9816c95922e", "number": "8177677735", "date": "2021-01-22 15:48:00", "subject": "2", "recorded-or-robo": "Y", "city": "Fort Worth", "state": "TX", "area-code": "817"}, {"id": "deca54a6651fb9add5b4a9816c958ba6", "number": "6602545828", "date": "2021-01-22 15:55:00", "subject": "2", "recorded-or-robo": "Y", "city": "Hopkins", "state": "MO", "area-code": "660"}, {"id": "e81c9350d54f66c6d33b3747ee006379", "number": "8587419117", "date": "2021-01-22 00:00:00", "subject": "3", "recorded-or-robo": "Y", "city": "", "state": "CA", "area-code": "858"}, {"id": "deca54a6651fb9add5b4a9816c958add", "number": "8587419117", "date": "2021-01-22 00:00:00", "subject": "3", "recorded-or-robo": "Y", "city": "", "state": "CA", "area-code": "858"}, {"id": "e81c9350d54f66c6d33b3747ee0057c7", "number": "2405091811", "date": "2021-01-15 13:41:00", "subject": "2", "recorded-or-robo": "N", "city": "Leonardtown", "state": "MD", "area-code": "240"}, {"id": "deca54a6651fb9add5b4a9816c957edd", "number": "2405091811", "date": "2021-01-15 13:41:00", "subject": "2", "recorded-or-robo": "N", "city": "Leonardtown", "state": "MD", "area-code": "240"}, {"id": "e81c9350d54f66c6d33b3747ee4e66ff", "number": "+19564056473", "date": "2021-01-22 17:04:23", "subject": "3", "recorded-or-robo": "N", "city": "", "state": "TX", "area-code": "956"}, {"id": "deca54a6651fb9add5b4a9816ce2c9cb", "number": "+19564056473", "date": "2021-01-22 17:04:23", "subject": "3", "recorded-or-robo": "N", "city": "", "state": "TX", "area-code": "956"}, {"id": "deca54a6651fb9add5b4a9816c94f173", "number": "8603677704", "date": "2021-01-22 15:55:00", "subject": "3", "recorded-or-robo": "N", "city": "", "state": "MO", "area-code": "816"}, {"id": "b6a8da8b80f26332ed085cca2dffd581", "number": "8603677704", "date": "2021-01-22 15:55:00", "subject": "3", "recorded-or-robo": "N", "city": "", "state": "MO", "area-code": "816"}, {"id": "e81c9350d54f66c6d33b3747ee4eb8e7", "number": "+19736100791", "date": "2021-01-22 17:04:21", "subject": "3", "recorded-or-robo": "Y", "city": "", "state": "MO", "area-code": "816"}, {"id": "deca54a6651fb9add5b4a9816ce32b27", "number": "+19736100791", "date": "2021-01-22 17:04:21", "subject": "3", "recorded-or-robo": "Y", "city": "", "state": "MO", "area-code": "816"}, {"id": "e81c9350d54f66c6d33b3747ee4ea3d4", "number": "+17208765020", "date": "2021-01-22 17:04:19", "subject": "3", "recorded-or-robo": "Y", "city": "", "state": "CO", "area-code": "720"}, {"id": "deca54a6651fb9add5b4a9816ce30c9f", "number": "+17208765020", "date": "2021-01-22 17:04:19", "subject": "3", "recorded-or-robo": "Y", "city": "", "state": "CO", "area-code": "720"}, {"id": "e81c9350d54f66c6d33b3747ee0004b0", "number": "2029202823", "date": "2021-01-22 09:35:00", "subject": "3", "recorded-or-robo": "N", "city": "", "state": "NJ", "area-code": "201"}, {"id": "deca54a6651fb9add5b4a9816c950e6d", "number": "2029202823", "date": "2021-01-22 09:35:00", "subject": "3", "recorded-or-robo": "N", "city": "", "state": "NJ", "area-code": "201"}, {"id": "e81c9350d54f66c6d33b3747ee4ed4a0", "number": "+14805717835", "date": "2021-01-22 17:04:16", "subject": "3", "recorded-or-robo": "Y", "city": "", "state": "AZ", "area-code": "480"}, {"id": "deca54a6651fb9add5b4a9816ce354ae", "number": "+14805717835", "date": "2021-01-22 17:04:16", "subject": "3", "recorded-or-robo": "Y", "city": "", "state": "AZ", "area-code": "480"}, {"id": "e81c9350d54f66c6d33b3747ee005367", "number": "5128651516", "date": "2021-01-22 16:00:00", "subject": "4", "recorded-or-robo": "N", "city": "Austin", "state": "TX", "area-code": "512"}, {"id": "deca54a6651fb9add5b4a9816c957e0c", "number": "5128651516", "date": "2021-01-22 16:00:00", "subject": "4", "recorded-or-robo": "N", "city": "Austin", "state": "TX", "area-code": "512"}, {"id": "e81c9350d54f66c6d33b3747ee4e9f7b", "number": "+19565692574", "date": "2021-01-22 17:04:08", "subject": "3", "recorded-or-robo": "N", "city": "", "state": "TX", "area-code": "956"}, {"id": "deca54a6651fb9add5b4a9816ce308b3", "number": "+19565692574", "date": "2021-01-22 17:04:08", "subject": "3", "recorded-or-robo": "N", "city": "", "state": "TX", "area-code": "956"}, {"id": "e81c9350d54f66c6d33b3747ee004f63", "number": "3055916119", "date": "2020-12-22 13:11:00", "subject": "4", "recorded-or-robo": "Y", "city": "", "state": "FL", "area-code": "561"}, {"id": "deca54a6651fb9add5b4a9816c957162", "number": "3055916119", "date": "2020-12-22 13:11:00", "subject": "4", "recorded-or-robo": "Y", "city": "", "state": "FL", "area-code": "561"}, {"id": "e81c9350d54f66c6d33b3747ee00428e", "number": "8042452040", "date": "2021-01-22 17:02:00", "subject": "0", "recorded-or-robo": "Y", "city": "", "state": "VA", "area-code": "703"}, {"id": "e81c9350d54f66c6d33b3747ee0039fb", "number": "7203306317", "date": "2021-01-22 15:00:00", "subject": "13", "recorded-or-robo": "Y", "city": "", "state": "CO", "area-code": "970"}, {"id": "deca54a6651fb9add5b4a9816c956a34", "number": "8042452040", "date": "2021-01-22 17:02:00", "subject": "0", "recorded-or-robo": "Y", "city": "", "state": "VA", "area-code": "703"}, {"id": "deca54a6651fb9add5b4a9816c955f3b", "number": "7203306317", "date": "2021-01-22 15:00:00", "subject": "13", "recorded-or-robo": "Y", "city": "", "state": "CO", "area-code": "970"}, {"id": "e81c9350d54f66c6d33b3747ee00322a", "number": "4347939125", "date": "2021-01-21 09:11:00", "subject": "0", "recorded-or-robo": "Y", "city": "Danville,", "state": "VA", "area-code": "434"}, {"id": "deca54a6651fb9add5b4a9816c955927", "number": "4347939125", "date": "2021-01-21 09:11:00", "subject": "0", "recorded-or-robo": "Y", "city": "Danville,", "state": "VA", "area-code": "434"}, {"id": "e81c9350d54f66c6d33b3747ee5c0890", "number": "4197460139", "date": "2021-01-22 14:55:00", "subject": "3", "recorded-or-robo": "N", "city": "", "state": "NC", "area-code": "336"}, {"id": "e81c9350d54f66c6d33b3747ee002fdd", "number": "9734888665", "date": "2021-01-22 12:21:00", "subject": "4", "recorded-or-robo": "N", "city": "LITTLE FALLS", "state": "NJ", "area-code": "973"}, {"id": "deca54a6651fb9add5b4a9816cf0b98a", "number": "4197460139", "date": "2021-01-22 14:55:00", "subject": "3", "recorded-or-robo": "N", "city": "", "state": "NC", "area-code": "336"}, {"id": "deca54a6651fb9add5b4a9816c955283", "number": "9734888665", "date": "2021-01-22 12:21:00", "subject": "4", "recorded-or-robo": "N", "city": "LITTLE FALLS", "state": "NJ", "area-code": "973"}, {"id": "e81c9350d54f66c6d33b3747ee00267c", "number": "9045952541", "date": "2021-01-22 10:44:00", "subject": "4", "recorded-or-robo": "Y", "city": "Nazareth", "state": "PA", "area-code": "904"}, {"id": "deca54a6651fb9add5b4a9816c95491d", "number": "9045952541", "date": "2021-01-22 10:44:00", "subject": "4", "recorded-or-robo": "Y", "city": "Nazareth", "state": "PA", "area-code": "904"}, {"id": "e81c9350d54f66c6d33b3747ee00266c", "number": "6193264699", "date": "2021-01-22 13:57:00", "subject": "4", "recorded-or-robo": "Y", "city": "IMPERIAL BEACH", "state": "CA", "area-code": "619"}, {"id": "deca54a6651fb9add5b4a9816c954369", "number": "6193264699", "date": "2021-01-22 13:57:00", "subject": "4", "recorded-or-robo": "Y", "city": "IMPERIAL BEACH", "state": "CA", "area-code": "619"}, {"id": "e81c9350d54f66c6d33b3747ee001c3e", "number": "7206199445", "date": "2021-01-22 10:15:00", "subject": "4", "recorded-or-robo": "Y", "city": "Aurora", "state": "CO", "area-code": "720"}, {"id": "deca54a6651fb9add5b4a9816c953626", "number": "7206199445", "date": "2021-01-22 10:15:00", "subject": "4", "recorded-or-robo": "Y", "city": "Aurora", "state": "CO", "area-code": "720"}, {"id": "e81c9350d54f66c6d33b3747ee0012d1", "number": "9709990676", "date": "2021-01-16 12:57:00", "subject": "2", "recorded-or-robo": "Y", "city": "Leonardtown", "state": "MD", "area-code": "240"}, {"id": "deca54a6651fb9add5b4a9816c95294f", "number": "9709990676", "date": "2021-01-16 12:57:00", "subject": "2", "recorded-or-robo": "Y", "city": "Leonardtown", "state": "MD", "area-code": "240"}, {"id": "e81c9350d54f66c6d33b3747ee0009e3", "number": "8003949881", "date": "2021-01-22 14:59:00", "subject": "3", "recorded-or-robo": "Y", "city": "Peoria", "state": "AZ", "area-code": "623"}, {"id": "e81c9350d54f66c6d33b3747ee0005b4", "number": "2295895340", "date": "2021-01-22 15:00:00", "subject": "9", "recorded-or-robo": "Y", "city": "", "state": "GA", "area-code": "678"}, {"id": "deca54a6651fb9add5b4a9816c951d29", "number": "8003949881", "date": "2021-01-22 14:59:00", "subject": "3", "recorded-or-robo": "Y", "city": "Peoria", "state": "AZ", "area-code": "623"}]}