{"data": [{"id": "b6a8da8b80f26332ed085cca2dea2fd5", "number": "9142823331", "date": "2021-01-22 16:19:00", "subject": "1", "recorded-or-robo": "Y", "city": "Ardsley", "state": "NY", "area-code": "914"}, {"id": "deca54a6651fb9add5b4a9816c7f21cf", "number": "3212901983", "date": "2021-01-19 09:01:00", "subject": "0", "recorded-or-robo": "N", "city": "The Villages", "state": "FL", "area-code": "352"}, {"id": "deca54a6651fb9add5b4a9816c7f1e1f", "number": "4088984310", "date": "2021-01-22 13:20:00", "subject": "2", "recorded-or-robo": "Y", "city": "Santa Clara", "state": "CA", "area-code": "408"}, {"id": "b6a8da8b80f26332ed085cca2dea28eb", "number": "3212901983", "date": "2021-01-19 09:01:00", "subject": "0", "recorded-or-robo": "N", "city": "The Villages", "state": "FL", "area-code": "352"}, {"id": "b6a8da8b80f26332ed085cca2dea20ae", "number": "4088984310", "date": "2021-01-22 13:20:00", "subject": "2", "recorded-or-robo": "Y", "city": "Santa Clara", "state": "CA", "area-code": "408"}, {"id": "deca54a6651fb9add5b4a9816c7f1cec", "number": "4155927645", "date": "2021-01-22 10:31:00", "subject": "4", "recorded-or-robo": "Y", "city": "", "state": "CA", "area-code": "415"}, {"id": "deca54a6651fb9add5b4a9816c7f14e6", "number": "3096586909", "date": "2021-01-22 13:22:00", "subject": "1", "recorded-or-robo": "Y", "city": "Bothell", "state": "WA", "area-code": "425"}, {"id": "b6a8da8b80f26332ed085cca2dea1ed0", "number": "4155927645", "date": "2021-01-22 10:31:00", "subject": "4", "recorded-or-robo": "Y", "city": "", "state": "CA", "area-code": "415"}, {"id": "b6a8da8b80f26332ed085cca2dea1957", "number": "3096586909", "date": "2021-01-22 13:22:00", "subject": "1", "recorded-or-robo": "Y", "city": "Bothell", "state": "WA", "area-code": "425"}, {"id": "deca54a6651fb9add5b4a9816c7f0ea9", "number": "9064424801", "date": "2021-01-14 11:22:00", "subject": "4", "recorded-or-robo": "Y", "city": "Gladstone", "state": "MI", "area-code": "906"}, {"id": "b6a8da8b80f26332ed085cca2dea0afb", "number": "9064424801", "date": "2021-01-14 11:22:00", "subject": "4", "recorded-or-robo": "Y", "city": "Gladstone", "state": "MI", "area-code": "906"}, {"id": "deca54a6651fb9add5b4a9816c7f0ab0", "number": "2314991301", "date": "2021-01-22 12:08:00", "subject": "11", "recorded-or-robo": "Y", "city": "", "state": "MI", "area-code": "231"}, {"id": "b6a8da8b80f26332ed085cca2de9fec4", "number": "2314991301", "date": "2021-01-22 12:08:00", "subject": "11", "recorded-or-robo": "Y", "city": "", "state": "MI", "area-code": "231"}, {"id": "e81c9350d54f66c6d33b3747ee4aad65", "number": "5408581532", "date": "2021-01-22 16:32:01", "subject": "3", "recorded-or-robo": "Y", "city": "", "state": "NY", "area-code": "347"}, {"id": "deca54a6651fb9add5b4a9816cdf33d8", "number": "5408581532", "date": "2021-01-22 16:32:01", "subject": "3", "recorded-or-robo": "Y", "city": "", "state": "NY", "area-code": "347"}, {"id": "deca54a6651fb9add5b4a9816c7f09e8", "number": "8643997911", "date": "2021-01-22 00:00:00", "subject": "1", "recorded-or-robo": "Y", "city": "Greenville", "state": "SC", "area-code": "864"}, {"id": "b6a8da8b80f26332ed085cca2de9fcac", "number": "8643997911", "date": "2021-01-22 00:00:00", "subject": "1", "recorded-or-robo": "Y", "city": "Greenville", "state": "SC", "area-code": "864"}, {"id": "deca54a6651fb9add5b4a9816c7efe1d", "number": "7069271947", "date": "2021-01-22 12:35:00", "subject": "4", "recorded-or-robo": "Y", "city": "Philadelphia", "state": "PA", "area-code": "215"}, {"id": "b6a8da8b80f26332ed085cca2de9f7c3", "number": "7069271947", "date": "2021-01-22 12:35:00", "subject": "4", "recorded-or-robo": "Y", "city": "Philadelphia", "state": "PA", "area-code": "215"}, {"id": "deca54a6651fb9add5b4a9816c7ef5df", "number": "2075735612", "date": "2021-01-22 16:23:00", "subject": "3", "recorded-or-robo": "Y", "city": "Chelsea", "state": "ME", "area-code": "207"}, {"id": "b6a8da8b80f26332ed085cca2de9f61f", "number": "2075735612", "date": "2021-01-22 16:23:00", "subject": "3", "recorded-or-robo": "Y", "city": "Chelsea", "state": "ME", "area-code": "207"}, {"id": "e81c9350d54f66c6d33b3747ee4a57cd", "number": "8308543135", "date": "2021-01-22 16:31:41", "subject": "3", "recorded-or-robo": "Y", "city": "", "state": "TX", "area-code": "210"}, {"id": "deca54a6651fb9add5b4a9816cdeee80", "number": "8308543135", "date": "2021-01-22 16:31:41", "subject": "3", "recorded-or-robo": "Y", "city": "", "state": "TX", "area-code": "210"}, {"id": "e81c9350d54f66c6d33b3747ee4abbff", "number": "8308543135", "date": "2021-01-22 16:31:40", "subject": "3", "recorded-or-robo": "Y", "city": "", "state": "TX", "area-code": "210"}, {"id": "deca54a6651fb9add5b4a9816cdf3455", "number": "8308543135", "date": "2021-01-22 16:31:40", "subject": "3", "recorded-or-robo": "Y", "city": "", "state": "TX", "area-code": "210"}, {"id": "deca54a6651fb9add5b4a9816c7eedec", "number": "1669281469", "date": "2021-01-22 16:13:00", "subject": "2", "recorded-or-robo": "Y", "city": "", "state": "Do", "area-code": "202"}, {"id": "deca54a6651fb9add5b4a9816c7ee2e7", "number": "8438728516", "date": "2021-01-22 16:26:00", "subject": "6", "recorded-or-robo": "N", "city": "", "state": "SC", "area-code": "843"}, {"id": "b6a8da8b80f26332ed085cca2de9edd2", "number": "1669281469", "date": "2021-01-22 16:13:00", "subject": "2", "recorded-or-robo": "Y", "city": "", "state": "Do", "area-code": "202"}, {"id": "b6a8da8b80f26332ed085cca2de9eccd", "number": "8438728516", "date": "2021-01-22 16:26:00", "subject": "6", "recorded-or-robo": "N", "city": "", "state": "SC", "area-code": "843"}, {"id": "deca54a6651fb9add5b4a9816c7edf2f", "number": "6263075290", "date": "2021-01-22 13:28:00", "subject": "3", "recorded-or-robo": "Y", "city": "", "state": "CA", "area-code": "626"}, {"id": "b6a8da8b80f26332ed085cca2de9e7b9", "number": "6263075290", "date": "2021-01-22 13:28:00", "subject": "3", "recorded-or-robo": "Y", "city": "", "state": "CA", "area-code": "626"}, {"id": "e81c9350d54f66c6d33b3747ee4a8d5e", "number": "+16305091986", "date": "2021-01-22 16:31:35", "subject": "3", "recorded-or-robo": "Y", "city": "", "state": "IL", "area-code": "630"}, {"id": "deca54a6651fb9add5b4a9816cdf2054", "number": "+16305091986", "date": "2021-01-22 16:31:35", "subject": "3", "recorded-or-robo": "Y", "city": "", "state": "IL", "area-code": "630"}, {"id": "deca54a6651fb9add5b4a9816c7ed95a", "number": "", "date": "2021-01-22 03:41:00", "subject": "2", "recorded-or-robo": "Y", "city": "Oakton", "state": "VA", "area-code": "818"}, {"id": "b6a8da8b80f26332ed085cca2de9d8f0", "number": "", "date": "2021-01-22 03:41:00", "subject": "2", "recorded-or-robo": "Y", "city": "Oakton", "state": "VA", "area-code": "818"}, {"id": "e81c9350d54f66c6d33b3747ee4a533a", "number": "8308543135", "date": "2021-01-22 16:31:20", "subject": "3", "recorded-or-robo": "N", "city": "", "state": "TX", "area-code": "210"}, {"id": "deca54a6651fb9add5b4a9816cded69e", "number": "8308543135", "date": "2021-01-22 16:31:20", "subject": "3", "recorded-or-robo": "N", "city": "", "state": "TX", "area-code": "210"}, {"id": "deca54a6651fb9add5b4a9816c7ecc31", "number": "3177964938", "date": "2021-01-22 16:21:00", "subject": "2", "recorded-or-robo": "Y", "city": "Zionsville", "state": "IN", "area-code": "317"}, {"id": "b6a8da8b80f26332ed085cca2de9ccb8", "number": "3177964938", "date": "2021-01-22 16:21:00", "subject": "2", "recorded-or-robo": "Y", "city": "Zionsville", "state": "IN", "area-code": "317"}, {"id": "deca54a6651fb9add5b4a9816c7ebcda", "number": "9344002024", "date": "2021-01-22 16:24:00", "subject": "4", "recorded-or-robo": "N", "city": "Brooklyn", "state": "NY", "area-code": "347"}, {"id": "deca54a6651fb9add5b4a9816c7ebada", "number": "6086206732", "date": "2021-01-19 14:33:00", "subject": "2", "recorded-or-robo": "N", "city": "Verona", "state": "WI", "area-code": "608"}, {"id": "deca54a6651fb9add5b4a9816c7ebac4", "number": "4142608805", "date": "2021-01-22 09:54:00", "subject": "1", "recorded-or-robo": "Y", "city": "", "state": "MN", "area-code": "952"}, {"id": "b6a8da8b80f26332ed085cca2de9c919", "number": "9344002024", "date": "2021-01-22 16:24:00", "subject": "4", "recorded-or-robo": "N", "city": "Brooklyn", "state": "NY", "area-code": "347"}, {"id": "b6a8da8b80f26332ed085cca2de9ba2e", "number": "6086206732", "date": "2021-01-19 14:33:00", "subject": "2", "recorded-or-robo": "N", "city": "Verona", "state": "WI", "area-code": "608"}, {"id": "b6a8da8b80f26332ed085cca2de9b5b7", "number": "4142608805", "date": "2021-01-22 09:54:00", "subject": "1", "recorded-or-robo": "Y", "city": "", "state": "MN", "area-code": "952"}, {"id": "deca54a6651fb9add5b4a9816c7eaec1", "number": "2314993557", "date": "2021-01-22 11:55:00", "subject": "11", "recorded-or-robo": "Y", "city": "", "state": "MI", "area-code": "231"}, {"id": "deca54a6651fb9add5b4a9816c7ea695", "number": "8475417734", "date": "2021-01-21 23:05:00", "subject": "3", "recorded-or-robo": "Y", "city": "", "state": "IL", "area-code": "847"}, {"id": "b6a8da8b80f26332ed085cca2de9b48c", "number": "2314993557", "date": "2021-01-22 11:55:00", "subject": "11", "recorded-or-robo": "Y", "city": "", "state": "MI", "area-code": "231"}, {"id": "b6a8da8b80f26332ed085cca2de9a9cb", "number": "8475417734", "date": "2021-01-21 23:05:00", "subject": "3", "recorded-or-robo": "Y", "city": "", "state": "IL", "area-code": "847"}, {"id": "deca54a6651fb9add5b4a9816c7ea297", "number": "3023228876", "date": "2021-01-22 13:40:00", "subject": "0", "recorded-or-robo": "Y", "city": "Fargo", "state": "ND", "area-code": "701"}]}