{"data": [{"id": "deca54a6651fb9add5b4a9816cd13a76", "number": "7142838515", "date": "2021-01-22 10:58:00", "subject": "2", "recorded-or-robo": "N", "city": "Fullerton", "state": "CA", "area-code": "714"}, {"id": "e81c9350d54f66c6d33b3747ee3cab01", "number": "7168693917", "date": "2021-01-22 02:40:00", "subject": "4", "recorded-or-robo": "Y", "city": "", "state": "NY", "area-code": "716"}, {"id": "deca54a6651fb9add5b4a9816cd1359f", "number": "7168693917", "date": "2021-01-22 02:40:00", "subject": "4", "recorded-or-robo": "Y", "city": "", "state": "NY", "area-code": "716"}, {"id": "e81c9350d54f66c6d33b3747ee3c9bef", "number": "", "date": "2021-01-22 18:38:00", "subject": "2", "recorded-or-robo": "Y", "city": "St. Johns", "state": "FL", "area-code": "630"}, {"id": "deca54a6651fb9add5b4a9816cd12e52", "number": "", "date": "2021-01-22 18:38:00", "subject": "2", "recorded-or-robo": "Y", "city": "St. Johns", "state": "FL", "area-code": "630"}, {"id": "e81c9350d54f66c6d33b3747ee3c9a58", "number": "8337080542", "date": "2021-01-22 16:44:00", "subject": "0", "recorded-or-robo": "Y", "city": "TAMPA", "state": "FL", "area-code": "941"}, {"id": "deca54a6651fb9add5b4a9816cd11f07", "number": "8337080542", "date": "2021-01-22 16:44:00", "subject": "0", "recorded-or-robo": "Y", "city": "TAMPA", "state": "FL", "area-code": "941"}, {"id": "e81c9350d54f66c6d33b3747ee9eba4b", "number": "7026154566", "date": "2021-01-22 18:47:04", "subject": "3", "recorded-or-robo": "Y", "city": "", "state": "NV", "area-code": "702"}, {"id": "1d36742e3f24f50e4e7ae8280133c985", "number": "7026154566", "date": "2021-01-22 18:47:04", "subject": "3", "recorded-or-robo": "Y", "city": "", "state": "NV", "area-code": "702"}, {"id": "e81c9350d54f66c6d33b3747eec670dc", "number": "6509848878", "date": "2020-01-22 03:20:00", "subject": "3", "recorded-or-robo": "Y", "city": "", "state": "NY", "area-code": "845"}, {"id": "1d36742e3f24f50e4e7ae828015bc865", "number": "6509848878", "date": "2020-01-22 03:20:00", "subject": "3", "recorded-or-robo": "Y", "city": "", "state": "NY", "area-code": "845"}, {"id": "e81c9350d54f66c6d33b3747ee3c93da", "number": "3013100131", "date": "2021-01-22 10:13:00", "subject": "0", "recorded-or-robo": "Y", "city": "Fort  Washington", "state": "MD", "area-code": "301"}, {"id": "deca54a6651fb9add5b4a9816cd11df2", "number": "3013100131", "date": "2021-01-22 10:13:00", "subject": "0", "recorded-or-robo": "Y", "city": "Fort  Washington", "state": "MD", "area-code": "301"}, {"id": "e81c9350d54f66c6d33b3747ee3c8c5f", "number": "76037232888", "date": "2021-01-22 15:25:00", "subject": "2", "recorded-or-robo": "N", "city": "Carlsbad", "state": "CA", "area-code": "760"}, {"id": "deca54a6651fb9add5b4a9816cd11955", "number": "76037232888", "date": "2021-01-22 15:25:00", "subject": "2", "recorded-or-robo": "N", "city": "Carlsbad", "state": "CA", "area-code": "760"}, {"id": "e81c9350d54f66c6d33b3747ee3c7cf5", "number": "8174143155", "date": "2021-01-22 16:26:00", "subject": "3", "recorded-or-robo": "Y", "city": "", "state": "TX", "area-code": "817"}, {"id": "deca54a6651fb9add5b4a9816cd110b8", "number": "8174143155", "date": "2021-01-22 16:26:00", "subject": "3", "recorded-or-robo": "Y", "city": "", "state": "TX", "area-code": "817"}, {"id": "e81c9350d54f66c6d33b3747ee3c747d", "number": "42467583827", "date": "2021-01-22 16:29:00", "subject": "2", "recorded-or-robo": "", "city": "Clayton", "state": "MO", "area-code": "310"}, {"id": "e81c9350d54f66c6d33b3747ee3c66b0", "number": "7727322266", "date": "2021-01-22 13:24:00", "subject": "0", "recorded-or-robo": "Y", "city": "Jupiter", "state": "FL", "area-code": "561"}, {"id": "deca54a6651fb9add5b4a9816cd10bbb", "number": "42467583827", "date": "2021-01-22 16:29:00", "subject": "2", "recorded-or-robo": "", "city": "Clayton", "state": "MO", "area-code": "310"}, {"id": "deca54a6651fb9add5b4a9816cd0fd8b", "number": "7727322266", "date": "2021-01-22 13:24:00", "subject": "0", "recorded-or-robo": "Y", "city": "Jupiter", "state": "FL", "area-code": "561"}, {"id": "e81c9350d54f66c6d33b3747ee3c6285", "number": "8006786792", "date": "2021-01-22 18:41:00", "subject": "1", "recorded-or-robo": "Y", "city": "", "state": "IN", "area-code": "574"}, {"id": "deca54a6651fb9add5b4a9816cd0edb6", "number": "8006786792", "date": "2021-01-22 18:41:00", "subject": "1", "recorded-or-robo": "Y", "city": "", "state": "IN", "area-code": "574"}, {"id": "e81c9350d54f66c6d33b3747ee3c60c9", "number": "8435807931", "date": "2021-01-22 16:41:00", "subject": "4", "recorded-or-robo": "Y", "city": "CINCINNATI", "state": "OH", "area-code": "513"}, {"id": "deca54a6651fb9add5b4a9816cd0e6bd", "number": "8435807931", "date": "2021-01-22 16:41:00", "subject": "4", "recorded-or-robo": "Y", "city": "CINCINNATI", "state": "OH", "area-code": "513"}, {"id": "e81c9350d54f66c6d33b3747ee9e8372", "number": "3017603019", "date": "2021-01-22 18:46:34", "subject": "3", "recorded-or-robo": "N", "city": "", "state": "MD", "area-code": "301"}, {"id": "e81c9350d54f66c6d33b3747ee3c540a", "number": "5307096140", "date": "2021-01-22 12:59:00", "subject": "3", "recorded-or-robo": "Y", "city": "Camarillo", "state": "CA", "area-code": "805"}, {"id": "deca54a6651fb9add5b4a9816cd0d7a7", "number": "5307096140", "date": "2021-01-22 12:59:00", "subject": "3", "recorded-or-robo": "Y", "city": "Camarillo", "state": "CA", "area-code": "805"}, {"id": "1d36742e3f24f50e4e7ae82801338eb7", "number": "3017603019", "date": "2021-01-22 18:46:34", "subject": "3", "recorded-or-robo": "N", "city": "", "state": "MD", "area-code": "301"}, {"id": "e81c9350d54f66c6d33b3747ee3c5207", "number": "6572132503", "date": "2021-01-22 15:30:00", "subject": "3", "recorded-or-robo": "Y", "city": "BARSTOW", "state": "CA", "area-code": "760"}, {"id": "deca54a6651fb9add5b4a9816cd0cf3d", "number": "6572132503", "date": "2021-01-22 15:30:00", "subject": "3", "recorded-or-robo": "Y", "city": "BARSTOW", "state": "CA", "area-code": "760"}, {"id": "e81c9350d54f66c6d33b3747ee9e60c8", "number": "6264693893", "date": "2021-01-22 18:46:28", "subject": "3", "recorded-or-robo": "Y", "city": "", "state": "CA", "area-code": "714"}, {"id": "1d36742e3f24f50e4e7ae8280133653d", "number": "6264693893", "date": "2021-01-22 18:46:28", "subject": "3", "recorded-or-robo": "Y", "city": "", "state": "CA", "area-code": "714"}, {"id": "e81c9350d54f66c6d33b3747ee9ea7f3", "number": "+19182359734", "date": "2021-01-22 18:46:27", "subject": "3", "recorded-or-robo": "Y", "city": "", "state": "OK", "area-code": "918"}, {"id": "1d36742e3f24f50e4e7ae8280133b275", "number": "+19182359734", "date": "2021-01-22 18:46:27", "subject": "3", "recorded-or-robo": "Y", "city": "", "state": "OK", "area-code": "918"}, {"id": "e81c9350d54f66c6d33b3747ee3c4ebd", "number": "3234167113", "date": "2021-01-21 14:10:00", "subject": "4", "recorded-or-robo": "Y", "city": "", "state": "CA", "area-code": "510"}, {"id": "deca54a6651fb9add5b4a9816cd0cc27", "number": "3234167113", "date": "2021-01-21 14:10:00", "subject": "4", "recorded-or-robo": "Y", "city": "", "state": "CA", "area-code": "510"}, {"id": "e81c9350d54f66c6d33b3747ee3c4052", "number": "8182749610", "date": "2021-01-22 15:10:00", "subject": "2", "recorded-or-robo": "N", "city": "", "state": "CA", "area-code": "818"}, {"id": "deca54a6651fb9add5b4a9816cd0caee", "number": "8182749610", "date": "2021-01-22 15:10:00", "subject": "2", "recorded-or-robo": "N", "city": "", "state": "CA", "area-code": "818"}, {"id": "e81c9350d54f66c6d33b3747ee3c39ce", "number": "9412480638", "date": "2021-01-22 13:52:00", "subject": "0", "recorded-or-robo": "N", "city": "TAMPA", "state": "FL", "area-code": "941"}, {"id": "deca54a6651fb9add5b4a9816cd0c75c", "number": "9412480638", "date": "2021-01-22 13:52:00", "subject": "0", "recorded-or-robo": "N", "city": "TAMPA", "state": "FL", "area-code": "941"}, {"id": "e81c9350d54f66c6d33b3747ee3bbc54", "number": "7202597163", "date": "2021-01-21 00:00:00", "subject": "3", "recorded-or-robo": "N", "city": "", "state": "CO", "area-code": "719"}, {"id": "deca54a6651fb9add5b4a9816cd0586c", "number": "7202597163", "date": "2021-01-21 00:00:00", "subject": "3", "recorded-or-robo": "N", "city": "", "state": "CO", "area-code": "719"}, {"id": "e81c9350d54f66c6d33b3747ee9eab17", "number": "6168965833", "date": "2021-01-22 18:46:14", "subject": "3", "recorded-or-robo": "Y", "city": "", "state": "NY", "area-code": "718"}, {"id": "1d36742e3f24f50e4e7ae8280133befd", "number": "6168965833", "date": "2021-01-22 18:46:14", "subject": "3", "recorded-or-robo": "Y", "city": "", "state": "NY", "area-code": "718"}, {"id": "e81c9350d54f66c6d33b3747ee3c38b3", "number": "2069886927", "date": "2020-12-28 00:00:00", "subject": "3", "recorded-or-robo": "", "city": "", "state": "CA", "area-code": "760"}, {"id": "deca54a6651fb9add5b4a9816cd0c439", "number": "2069886927", "date": "2020-12-28 00:00:00", "subject": "3", "recorded-or-robo": "", "city": "", "state": "CA", "area-code": "760"}, {"id": "e81c9350d54f66c6d33b3747ee9e986e", "number": "7206494006", "date": "2021-01-22 18:46:11", "subject": "3", "recorded-or-robo": "Y", "city": "", "state": "CO", "area-code": "720"}, {"id": "1d36742e3f24f50e4e7ae8280133a944", "number": "7206494006", "date": "2021-01-22 18:46:11", "subject": "3", "recorded-or-robo": "Y", "city": "", "state": "CO", "area-code": "720"}, {"id": "e81c9350d54f66c6d33b3747ee3c1595", "number": "3615708160", "date": "2021-01-22 17:32:00", "subject": "3", "recorded-or-robo": "N", "city": "", "state": "IL", "area-code": "773"}]}