{"data": [{"id": "b6a8da8b80f26332ed085cca2df0ca61", "number": "8332298920", "date": "2021-01-22 03:32:00", "subject": "2", "recorded-or-robo": "N", "city": "Trussville", "state": "AL", "area-code": "205"}, {"id": "deca54a6651fb9add5b4a9816c85714a", "number": "8008670904", "date": "2021-01-22 16:30:00", "subject": "5", "recorded-or-robo": "Y", "city": "Erie", "state": "MI", "area-code": "734"}, {"id": "b6a8da8b80f26332ed085cca2df0c7d4", "number": "8008670904", "date": "2021-01-22 16:30:00", "subject": "5", "recorded-or-robo": "Y", "city": "Erie", "state": "MI", "area-code": "734"}, {"id": "deca54a6651fb9add5b4a9816c856f05", "number": "7572672157", "date": "2021-01-21 16:12:00", "subject": "1", "recorded-or-robo": "Y", "city": "", "state": "VA", "area-code": "757"}, {"id": "b6a8da8b80f26332ed085cca2df0c507", "number": "7572672157", "date": "2021-01-21 16:12:00", "subject": "1", "recorded-or-robo": "Y", "city": "", "state": "VA", "area-code": "757"}, {"id": "deca54a6651fb9add5b4a9816c8562df", "number": "6163276320", "date": "2021-01-08 12:19:00", "subject": "1", "recorded-or-robo": "Y", "city": "Gladstone", "state": "MI", "area-code": "906"}, {"id": "b6a8da8b80f26332ed085cca2df0ba56", "number": "6163276320", "date": "2021-01-08 12:19:00", "subject": "1", "recorded-or-robo": "Y", "city": "Gladstone", "state": "MI", "area-code": "906"}, {"id": "e81c9350d54f66c6d33b3747ee4cc604", "number": "+17658622282", "date": "2021-01-22 16:42:03", "subject": "3", "recorded-or-robo": "Y", "city": "", "state": "MI", "area-code": "586"}, {"id": "deca54a6651fb9add5b4a9816ce13998", "number": "+17658622282", "date": "2021-01-22 16:42:03", "subject": "3", "recorded-or-robo": "Y", "city": "", "state": "MI", "area-code": "586"}, {"id": "deca54a6651fb9add5b4a9816c855745", "number": "2149022718", "date": "2021-01-22 07:59:00", "subject": "4", "recorded-or-robo": "Y", "city": "", "state": "TX", "area-code": "832"}, {"id": "deca54a6651fb9add5b4a9816c854832", "number": "8507670675", "date": "2021-01-13 10:16:00", "subject": "2", "recorded-or-robo": "", "city": "Tallahassee", "state": "FL", "area-code": "850"}, {"id": "b6a8da8b80f26332ed085cca2df0b8d3", "number": "2149022718", "date": "2021-01-22 07:59:00", "subject": "4", "recorded-or-robo": "Y", "city": "", "state": "TX", "area-code": "832"}, {"id": "b6a8da8b80f26332ed085cca2df0ab7a", "number": "8507670675", "date": "2021-01-13 10:16:00", "subject": "2", "recorded-or-robo": "", "city": "Tallahassee", "state": "FL", "area-code": "850"}, {"id": "deca54a6651fb9add5b4a9816c853ade", "number": "4079822624", "date": "2021-01-22 12:00:00", "subject": "1", "recorded-or-robo": "Y", "city": "Columbia South Carolina", "state": "SC", "area-code": "803"}, {"id": "deca54a6651fb9add5b4a9816c852c45", "number": "9549390476", "date": "2021-01-22 15:10:00", "subject": "4", "recorded-or-robo": "Y", "city": "EASLEY", "state": "SC", "area-code": "239"}, {"id": "b6a8da8b80f26332ed085cca2df09e93", "number": "4079822624", "date": "2021-01-22 12:00:00", "subject": "1", "recorded-or-robo": "Y", "city": "Columbia South Carolina", "state": "SC", "area-code": "803"}, {"id": "b6a8da8b80f26332ed085cca2df096ff", "number": "9549390476", "date": "2021-01-22 15:10:00", "subject": "4", "recorded-or-robo": "Y", "city": "EASLEY", "state": "SC", "area-code": "239"}, {"id": "e81c9350d54f66c6d33b3747ee4bd062", "number": "9418413201", "date": "2021-01-22 16:41:50", "subject": "3", "recorded-or-robo": "Y", "city": "", "state": "FL", "area-code": "727"}, {"id": "deca54a6651fb9add5b4a9816ce018c8", "number": "9418413201", "date": "2021-01-22 16:41:50", "subject": "3", "recorded-or-robo": "Y", "city": "", "state": "FL", "area-code": "727"}, {"id": "deca54a6651fb9add5b4a9816c8522f6", "number": "9205473003", "date": "2021-01-21 00:00:00", "subject": "3", "recorded-or-robo": "", "city": "Lakeland", "state": "TN", "area-code": "901"}, {"id": "b6a8da8b80f26332ed085cca2df09135", "number": "9205473003", "date": "2021-01-21 00:00:00", "subject": "3", "recorded-or-robo": "", "city": "Lakeland", "state": "TN", "area-code": "901"}, {"id": "deca54a6651fb9add5b4a9816c851ae4", "number": "8764227313", "date": "2021-01-22 12:00:00", "subject": "1", "recorded-or-robo": "Y", "city": "Kent", "state": "OH", "area-code": "330"}, {"id": "b6a8da8b80f26332ed085cca2df08874", "number": "8764227313", "date": "2021-01-22 12:00:00", "subject": "1", "recorded-or-robo": "Y", "city": "Kent", "state": "OH", "area-code": "330"}, {"id": "e81c9350d54f66c6d33b3747ee4b1635", "number": "+14075548445", "date": "2021-01-22 16:41:42", "subject": "3", "recorded-or-robo": "Y", "city": "", "state": "FL", "area-code": "904"}, {"id": "deca54a6651fb9add5b4a9816cdf7e09", "number": "+14075548445", "date": "2021-01-22 16:41:42", "subject": "3", "recorded-or-robo": "Y", "city": "", "state": "FL", "area-code": "904"}, {"id": "deca54a6651fb9add5b4a9816c850cbb", "number": "5733533576", "date": "2021-01-22 15:00:00", "subject": "1", "recorded-or-robo": "N", "city": "", "state": "MO", "area-code": "573"}, {"id": "b6a8da8b80f26332ed085cca2df084b4", "number": "5733533576", "date": "2021-01-22 15:00:00", "subject": "1", "recorded-or-robo": "N", "city": "", "state": "MO", "area-code": "573"}, {"id": "deca54a6651fb9add5b4a9816c850043", "number": "8502736084", "date": "2021-01-21 10:20:00", "subject": "0", "recorded-or-robo": "", "city": "", "state": "FL", "area-code": "850"}, {"id": "b6a8da8b80f26332ed085cca2df07629", "number": "8502736084", "date": "2021-01-21 10:20:00", "subject": "0", "recorded-or-robo": "", "city": "", "state": "FL", "area-code": "850"}, {"id": "deca54a6651fb9add5b4a9816c84f7d9", "number": "8652903287", "date": "2021-01-22 16:22:00", "subject": "5", "recorded-or-robo": "", "city": "", "state": "NJ", "area-code": "908"}, {"id": "b6a8da8b80f26332ed085cca2df06c4a", "number": "8652903287", "date": "2021-01-22 16:22:00", "subject": "5", "recorded-or-robo": "", "city": "", "state": "NJ", "area-code": "908"}, {"id": "e81c9350d54f66c6d33b3747ee4c23a8", "number": "+15612734222", "date": "2021-01-22 16:41:28", "subject": "3", "recorded-or-robo": "Y", "city": "", "state": "FL", "area-code": "904"}, {"id": "deca54a6651fb9add5b4a9816ce067d3", "number": "+15612734222", "date": "2021-01-22 16:41:28", "subject": "3", "recorded-or-robo": "Y", "city": "", "state": "FL", "area-code": "904"}, {"id": "deca54a6651fb9add5b4a9816c84f510", "number": "3152328257", "date": "2021-01-21 15:32:00", "subject": "11", "recorded-or-robo": "Y", "city": "", "state": "MO", "area-code": "314"}, {"id": "b6a8da8b80f26332ed085cca2df063e2", "number": "3152328257", "date": "2021-01-21 15:32:00", "subject": "11", "recorded-or-robo": "Y", "city": "", "state": "MO", "area-code": "314"}, {"id": "e81c9350d54f66c6d33b3747ee4b2fe3", "number": "+18136994873", "date": "2021-01-22 16:41:26", "subject": "3", "recorded-or-robo": "N", "city": "", "state": "KS", "area-code": "620"}, {"id": "deca54a6651fb9add5b4a9816cdf8d08", "number": "+18136994873", "date": "2021-01-22 16:41:26", "subject": "3", "recorded-or-robo": "N", "city": "", "state": "KS", "area-code": "620"}, {"id": "deca54a6651fb9add5b4a9816c84e586", "number": "8086534457", "date": "2021-01-22 11:34:00", "subject": "5", "recorded-or-robo": "Y", "city": "Holualoa", "state": "HI", "area-code": "808"}, {"id": "b6a8da8b80f26332ed085cca2df058d0", "number": "8086534457", "date": "2021-01-22 11:34:00", "subject": "5", "recorded-or-robo": "Y", "city": "Holualoa", "state": "HI", "area-code": "808"}, {"id": "deca54a6651fb9add5b4a9816c84e251", "number": "3167452287", "date": "2021-01-22 16:24:00", "subject": "2", "recorded-or-robo": "", "city": "Haverhill", "state": "MA", "area-code": "978"}, {"id": "deca54a6651fb9add5b4a9816c84d26b", "number": "7182805652", "date": "2021-01-22 16:01:00", "subject": "0", "recorded-or-robo": "Y", "city": "", "state": "NY", "area-code": "718"}, {"id": "b6a8da8b80f26332ed085cca2df04f96", "number": "3167452287", "date": "2021-01-22 16:24:00", "subject": "2", "recorded-or-robo": "", "city": "Haverhill", "state": "MA", "area-code": "978"}, {"id": "b6a8da8b80f26332ed085cca2df0493f", "number": "7182805652", "date": "2021-01-22 16:01:00", "subject": "0", "recorded-or-robo": "Y", "city": "", "state": "NY", "area-code": "718"}, {"id": "deca54a6651fb9add5b4a9816c84cc88", "number": "2027651919", "date": "2021-01-22 10:48:00", "subject": "2", "recorded-or-robo": "Y", "city": "MAPLE GROVE", "state": "MN", "area-code": "763"}, {"id": "b6a8da8b80f26332ed085cca2df04572", "number": "2027651919", "date": "2021-01-22 10:48:00", "subject": "2", "recorded-or-robo": "Y", "city": "MAPLE GROVE", "state": "MN", "area-code": "763"}, {"id": "deca54a6651fb9add5b4a9816c84c77e", "number": "2174190370", "date": "2021-01-22 15:40:00", "subject": "2", "recorded-or-robo": "N", "city": "", "state": "TX", "area-code": "972"}, {"id": "b6a8da8b80f26332ed085cca2df04314", "number": "2174190370", "date": "2021-01-22 15:40:00", "subject": "2", "recorded-or-robo": "N", "city": "", "state": "TX", "area-code": "972"}, {"id": "deca54a6651fb9add5b4a9816c84c764", "number": "9169834796", "date": "2021-01-22 13:39:00", "subject": "4", "recorded-or-robo": "Y", "city": "San Diego", "state": "CA", "area-code": "858"}, {"id": "deca54a6651fb9add5b4a9816c84c20b", "number": "2033348662", "date": "2021-01-22 16:09:00", "subject": "4", "recorded-or-robo": "Y", "city": "Milford", "state": "CT", "area-code": "203"}, {"id": "b6a8da8b80f26332ed085cca2df03818", "number": "9169834796", "date": "2021-01-22 13:39:00", "subject": "4", "recorded-or-robo": "Y", "city": "San Diego", "state": "CA", "area-code": "858"}]}