{"data": [{"id": "deca54a6651fb9add5b4a9816cc60b5b", "number": "5748487526", "date": "2021-01-22 17:02:00", "subject": "1", "recorded-or-robo": "Y", "city": "", "state": "IN", "area-code": "574"}, {"id": "e81c9350d54f66c6d33b3747ee31415d", "number": "", "date": "2021-01-20 11:00:00", "subject": "0", "recorded-or-robo": "Y", "city": "Old Bridge", "state": "NJ", "area-code": "973"}, {"id": "deca54a6651fb9add5b4a9816cc60665", "number": "", "date": "2021-01-20 11:00:00", "subject": "0", "recorded-or-robo": "Y", "city": "Old Bridge", "state": "NJ", "area-code": "973"}, {"id": "e81c9350d54f66c6d33b3747ee3131db", "number": "6172249493", "date": "2021-01-22 08:11:00", "subject": "3", "recorded-or-robo": "Y", "city": "", "state": "MA", "area-code": "617"}, {"id": "e81c9350d54f66c6d33b3747ee31240e", "number": "9852675593", "date": "2021-01-22 17:00:00", "subject": "3", "recorded-or-robo": "Y", "city": "", "state": "LA", "area-code": "985"}, {"id": "deca54a6651fb9add5b4a9816cc605d2", "number": "6172249493", "date": "2021-01-22 08:11:00", "subject": "3", "recorded-or-robo": "Y", "city": "", "state": "MA", "area-code": "617"}, {"id": "deca54a6651fb9add5b4a9816cc603f9", "number": "9852675593", "date": "2021-01-22 17:00:00", "subject": "3", "recorded-or-robo": "Y", "city": "", "state": "LA", "area-code": "985"}, {"id": "e81c9350d54f66c6d33b3747ee3116b9", "number": "8008281624", "date": "2021-01-22 10:37:00", "subject": "2", "recorded-or-robo": "Y", "city": "Plainsboro", "state": "NJ", "area-code": "609"}, {"id": "deca54a6651fb9add5b4a9816cc602f7", "number": "8008281624", "date": "2021-01-22 10:37:00", "subject": "2", "recorded-or-robo": "Y", "city": "Plainsboro", "state": "NJ", "area-code": "609"}, {"id": "e81c9350d54f66c6d33b3747ee310a80", "number": "4067192759", "date": "2021-01-22 09:00:00", "subject": "4", "recorded-or-robo": "Y", "city": "Phillipsburg", "state": "MT", "area-code": "406"}, {"id": "deca54a6651fb9add5b4a9816cc601e8", "number": "4067192759", "date": "2021-01-22 09:00:00", "subject": "4", "recorded-or-robo": "Y", "city": "Phillipsburg", "state": "MT", "area-code": "406"}, {"id": "e81c9350d54f66c6d33b3747ee30fd89", "number": "7659698562", "date": "2021-01-22 18:15:00", "subject": "6", "recorded-or-robo": "N", "city": "", "state": "IN", "area-code": "765"}, {"id": "deca54a6651fb9add5b4a9816cc600dc", "number": "7659698562", "date": "2021-01-22 18:15:00", "subject": "6", "recorded-or-robo": "N", "city": "", "state": "IN", "area-code": "765"}, {"id": "e81c9350d54f66c6d33b3747ee30f732", "number": "8332298907", "date": "2021-01-21 00:00:00", "subject": "2", "recorded-or-robo": "Y", "city": "austin", "state": "TX", "area-code": "512"}, {"id": "deca54a6651fb9add5b4a9816cc5f108", "number": "8332298907", "date": "2021-01-21 00:00:00", "subject": "2", "recorded-or-robo": "Y", "city": "austin", "state": "TX", "area-code": "512"}, {"id": "e81c9350d54f66c6d33b3747ee30edfe", "number": "9733147663", "date": "2021-01-22 18:20:00", "subject": "3", "recorded-or-robo": "N", "city": "Parsippany", "state": "NJ", "area-code": "973"}, {"id": "deca54a6651fb9add5b4a9816cc5e7ff", "number": "9733147663", "date": "2021-01-22 18:20:00", "subject": "3", "recorded-or-robo": "N", "city": "Parsippany", "state": "NJ", "area-code": "973"}, {"id": "e81c9350d54f66c6d33b3747ee30ed5a", "number": "8773210008", "date": "2021-01-22 04:06:00", "subject": "2", "recorded-or-robo": "Y", "city": "Cordova", "state": "MD", "area-code": "410"}, {"id": "e81c9350d54f66c6d33b3747ee30e71e", "number": "7602576312", "date": "2021-01-22 15:20:00", "subject": "4", "recorded-or-robo": "Y", "city": "Carlsbad", "state": "CA", "area-code": "760"}, {"id": "deca54a6651fb9add5b4a9816cc5dab9", "number": "8773210008", "date": "2021-01-22 04:06:00", "subject": "2", "recorded-or-robo": "Y", "city": "Cordova", "state": "MD", "area-code": "410"}, {"id": "deca54a6651fb9add5b4a9816cc5d134", "number": "7602576312", "date": "2021-01-22 15:20:00", "subject": "4", "recorded-or-robo": "Y", "city": "Carlsbad", "state": "CA", "area-code": "760"}, {"id": "e81c9350d54f66c6d33b3747ee30df36", "number": "7754367708", "date": "2021-01-22 00:00:00", "subject": "6", "recorded-or-robo": "Y", "city": "", "state": "NV", "area-code": "775"}, {"id": "e81c9350d54f66c6d33b3747ee30dd04", "number": "6172867818", "date": "2021-01-22 11:21:00", "subject": "3", "recorded-or-robo": "Y", "city": "", "state": "MA", "area-code": "617"}, {"id": "deca54a6651fb9add5b4a9816cc5cfd8", "number": "7754367708", "date": "2021-01-22 00:00:00", "subject": "6", "recorded-or-robo": "Y", "city": "", "state": "NV", "area-code": "775"}, {"id": "deca54a6651fb9add5b4a9816cc5c26c", "number": "6172867818", "date": "2021-01-22 11:21:00", "subject": "3", "recorded-or-robo": "Y", "city": "", "state": "MA", "area-code": "617"}, {"id": "e81c9350d54f66c6d33b3747ee30d09f", "number": "7039120453", "date": "2021-01-22 16:11:00", "subject": "0", "recorded-or-robo": "Y", "city": "Vienna", "state": "VA", "area-code": "703"}, {"id": "e81c9350d54f66c6d33b3747ee30c356", "number": "7604344406", "date": "2021-01-22 00:00:00", "subject": "3", "recorded-or-robo": "", "city": "", "state": "CA", "area-code": "760"}, {"id": "deca54a6651fb9add5b4a9816cc5c147", "number": "7039120453", "date": "2021-01-22 16:11:00", "subject": "0", "recorded-or-robo": "Y", "city": "Vienna", "state": "VA", "area-code": "703"}, {"id": "deca54a6651fb9add5b4a9816cc5b7b1", "number": "7604344406", "date": "2021-01-22 00:00:00", "subject": "3", "recorded-or-robo": "", "city": "", "state": "CA", "area-code": "760"}, {"id": "e81c9350d54f66c6d33b3747ee30c250", "number": "3157277060", "date": "2021-01-22 00:00:00", "subject": "0", "recorded-or-robo": "Y", "city": "Manlius", "state": "NY", "area-code": "315"}, {"id": "deca54a6651fb9add5b4a9816cc5b4f3", "number": "3157277060", "date": "2021-01-22 00:00:00", "subject": "0", "recorded-or-robo": "Y", "city": "Manlius", "state": "NY", "area-code": "315"}, {"id": "e81c9350d54f66c6d33b3747ee30b75d", "number": "8888379716", "date": "2021-01-21 08:28:00", "subject": "2", "recorded-or-robo": "Y", "city": "Clovis", "state": "CA", "area-code": "559"}, {"id": "deca54a6651fb9add5b4a9816cc5b3ff", "number": "8888379716", "date": "2021-01-21 08:28:00", "subject": "2", "recorded-or-robo": "Y", "city": "Clovis", "state": "CA", "area-code": "559"}, {"id": "e81c9350d54f66c6d33b3747ee30adac", "number": "6159080251", "date": "2021-01-22 15:01:00", "subject": "4", "recorded-or-robo": "Y", "city": "", "state": "TN", "area-code": "615"}, {"id": "deca54a6651fb9add5b4a9816cc5a4c4", "number": "6159080251", "date": "2021-01-22 15:01:00", "subject": "4", "recorded-or-robo": "Y", "city": "", "state": "TN", "area-code": "615"}, {"id": "e81c9350d54f66c6d33b3747ee9c7222", "number": "+12392601249", "date": "2021-01-22 18:24:30", "subject": "3", "recorded-or-robo": "Y", "city": "", "state": "FL", "area-code": "239"}, {"id": "1d36742e3f24f50e4e7ae828013197a1", "number": "+12392601249", "date": "2021-01-22 18:24:30", "subject": "3", "recorded-or-robo": "Y", "city": "", "state": "FL", "area-code": "239"}, {"id": "e81c9350d54f66c6d33b3747ee30a395", "number": "8184536270", "date": "2021-01-22 15:23:00", "subject": "4", "recorded-or-robo": "Y", "city": "Redmond", "state": "OR", "area-code": "818"}, {"id": "e81c9350d54f66c6d33b3747ee309a3c", "number": "2187590062", "date": "2021-01-22 10:19:00", "subject": "0", "recorded-or-robo": "N", "city": "RAPID CITY", "state": "SD", "area-code": "605"}, {"id": "deca54a6651fb9add5b4a9816cc59c3d", "number": "8184536270", "date": "2021-01-22 15:23:00", "subject": "4", "recorded-or-robo": "Y", "city": "Redmond", "state": "OR", "area-code": "818"}, {"id": "deca54a6651fb9add5b4a9816cc59283", "number": "2187590062", "date": "2021-01-22 10:19:00", "subject": "0", "recorded-or-robo": "N", "city": "RAPID CITY", "state": "SD", "area-code": "605"}, {"id": "e81c9350d54f66c6d33b3747ee308eb2", "number": "5748489080", "date": "2021-01-22 16:47:00", "subject": "1", "recorded-or-robo": "Y", "city": "", "state": "IN", "area-code": "574"}, {"id": "deca54a6651fb9add5b4a9816cc586ca", "number": "5748489080", "date": "2021-01-22 16:47:00", "subject": "1", "recorded-or-robo": "Y", "city": "", "state": "IN", "area-code": "574"}, {"id": "e81c9350d54f66c6d33b3747ee9cbd1d", "number": "+17196255082", "date": "2021-01-22 18:24:22", "subject": "3", "recorded-or-robo": "Y", "city": "", "state": "CO", "area-code": "719"}, {"id": "1d36742e3f24f50e4e7ae8280131e1ff", "number": "+17196255082", "date": "2021-01-22 18:24:22", "subject": "3", "recorded-or-robo": "Y", "city": "", "state": "CO", "area-code": "719"}, {"id": "e81c9350d54f66c6d33b3747ee3080bb", "number": "", "date": "2021-01-20 10:17:00", "subject": "0", "recorded-or-robo": "Y", "city": "Old Bridge", "state": "NJ", "area-code": "973"}, {"id": "deca54a6651fb9add5b4a9816cc58046", "number": "", "date": "2021-01-20 10:17:00", "subject": "0", "recorded-or-robo": "Y", "city": "Old Bridge", "state": "NJ", "area-code": "973"}, {"id": "e81c9350d54f66c6d33b3747ee3077ae", "number": "9096396177", "date": "2021-01-11 07:00:00", "subject": "0", "recorded-or-robo": "Y", "city": "Lewiston", "state": "ME", "area-code": "207"}, {"id": "deca54a6651fb9add5b4a9816cc57467", "number": "9096396177", "date": "2021-01-11 07:00:00", "subject": "0", "recorded-or-robo": "Y", "city": "Lewiston", "state": "ME", "area-code": "207"}, {"id": "e81c9350d54f66c6d33b3747ee9cb9d3", "number": "+12674483985", "date": "2021-01-22 18:24:07", "subject": "3", "recorded-or-robo": "N", "city": "", "state": "PA", "area-code": "610"}]}