{"data": [{"id": "deca54a6651fb9add5b4a9816ca4c203", "number": "3153055828", "date": "2021-01-22 13:15:00", "subject": "2", "recorded-or-robo": "Y", "city": "Clover", "state": "SC", "area-code": "724"}, {"id": "e81c9350d54f66c6d33b3747ee0f66fd", "number": "8886435668", "date": "2021-01-22 15:22:00", "subject": "1", "recorded-or-robo": "Y", "city": "Kansas City", "state": "KS", "area-code": "309"}, {"id": "deca54a6651fb9add5b4a9816ca4b304", "number": "8886435668", "date": "2021-01-22 15:22:00", "subject": "1", "recorded-or-robo": "Y", "city": "Kansas City", "state": "KS", "area-code": "309"}, {"id": "e81c9350d54f66c6d33b3747ee0f5719", "number": "5205007514", "date": "2021-01-22 09:32:00", "subject": "3", "recorded-or-robo": "Y", "city": "", "state": "AZ", "area-code": "520"}, {"id": "e81c9350d54f66c6d33b3747ee0f4a4f", "number": "651427045", "date": "2021-01-22 16:20:00", "subject": "6", "recorded-or-robo": "N", "city": "Faribault", "state": "MN", "area-code": "507"}, {"id": "deca54a6651fb9add5b4a9816ca4aa18", "number": "5205007514", "date": "2021-01-22 09:32:00", "subject": "3", "recorded-or-robo": "Y", "city": "", "state": "AZ", "area-code": "520"}, {"id": "deca54a6651fb9add5b4a9816ca4a98c", "number": "651427045", "date": "2021-01-22 16:20:00", "subject": "6", "recorded-or-robo": "N", "city": "Faribault", "state": "MN", "area-code": "507"}, {"id": "e81c9350d54f66c6d33b3747ee0f3ec5", "number": "7402028350", "date": "2021-01-22 16:45:00", "subject": "1", "recorded-or-robo": "Y", "city": "Marion", "state": "OH", "area-code": "740"}, {"id": "e81c9350d54f66c6d33b3747ee0f3439", "number": "", "date": "2021-01-22 16:24:00", "subject": "4", "recorded-or-robo": "Y", "city": "Alabama", "state": "AL", "area-code": "256"}, {"id": "deca54a6651fb9add5b4a9816ca49eef", "number": "7402028350", "date": "2021-01-22 16:45:00", "subject": "1", "recorded-or-robo": "Y", "city": "Marion", "state": "OH", "area-code": "740"}, {"id": "deca54a6651fb9add5b4a9816ca4925a", "number": "", "date": "2021-01-22 16:24:00", "subject": "4", "recorded-or-robo": "Y", "city": "Alabama", "state": "AL", "area-code": "256"}, {"id": "e81c9350d54f66c6d33b3747ee0f340a", "number": "8023244465", "date": "2021-01-22 15:21:00", "subject": "2", "recorded-or-robo": "N", "city": "Scottsdale", "state": "AZ", "area-code": "802"}, {"id": "deca54a6651fb9add5b4a9816ca48a00", "number": "8023244465", "date": "2021-01-22 15:21:00", "subject": "2", "recorded-or-robo": "N", "city": "Scottsdale", "state": "AZ", "area-code": "802"}, {"id": "e81c9350d54f66c6d33b3747ee0f33de", "number": "3092501959", "date": "2021-01-22 14:26:00", "subject": "4", "recorded-or-robo": "Y", "city": "", "state": "IL", "area-code": "309"}, {"id": "deca54a6651fb9add5b4a9816ca4835d", "number": "3092501959", "date": "2021-01-22 14:26:00", "subject": "4", "recorded-or-robo": "Y", "city": "", "state": "IL", "area-code": "309"}, {"id": "e81c9350d54f66c6d33b3747ee0f3014", "number": "4696810239", "date": "2021-01-22 13:37:00", "subject": "6", "recorded-or-robo": "N", "city": "", "state": "TX", "area-code": "469"}, {"id": "deca54a6651fb9add5b4a9816ca47827", "number": "4696810239", "date": "2021-01-22 13:37:00", "subject": "6", "recorded-or-robo": "N", "city": "", "state": "TX", "area-code": "469"}, {"id": "e81c9350d54f66c6d33b3747ee0f2cd4", "number": "6197549424", "date": "2021-01-22 17:05:00", "subject": "2", "recorded-or-robo": "Y", "city": "", "state": "FL", "area-code": "904"}, {"id": "deca54a6651fb9add5b4a9816ca46ab1", "number": "6197549424", "date": "2021-01-22 17:05:00", "subject": "2", "recorded-or-robo": "Y", "city": "", "state": "FL", "area-code": "904"}, {"id": "e81c9350d54f66c6d33b3747ee51c0c8", "number": "+16123514513", "date": "2021-01-22 17:27:19", "subject": "3", "recorded-or-robo": "Y", "city": "", "state": "MN", "area-code": "612"}, {"id": "deca54a6651fb9add5b4a9816ce611c6", "number": "+16123514513", "date": "2021-01-22 17:27:19", "subject": "3", "recorded-or-robo": "Y", "city": "", "state": "MN", "area-code": "612"}, {"id": "e81c9350d54f66c6d33b3747ee0f278d", "number": "7405282155", "date": "2021-01-22 02:21:00", "subject": "2", "recorded-or-robo": "Y", "city": "Waverly", "state": "OH", "area-code": "740"}, {"id": "e81c9350d54f66c6d33b3747ee0f2281", "number": "7135677134", "date": "2021-01-22 15:20:00", "subject": "4", "recorded-or-robo": "Y", "city": "Belle Fourche", "state": "TX", "area-code": "210"}, {"id": "deca54a6651fb9add5b4a9816ca46949", "number": "7405282155", "date": "2021-01-22 02:21:00", "subject": "2", "recorded-or-robo": "Y", "city": "Waverly", "state": "OH", "area-code": "740"}, {"id": "deca54a6651fb9add5b4a9816ca4642e", "number": "7135677134", "date": "2021-01-22 15:20:00", "subject": "4", "recorded-or-robo": "Y", "city": "Belle Fourche", "state": "TX", "area-code": "210"}, {"id": "e81c9350d54f66c6d33b3747ee0f1a18", "number": "9892797707", "date": "2021-01-22 17:19:00", "subject": "0", "recorded-or-robo": "Y", "city": "Clarkston", "state": "MI", "area-code": "248"}, {"id": "deca54a6651fb9add5b4a9816ca4603a", "number": "9892797707", "date": "2021-01-22 17:19:00", "subject": "0", "recorded-or-robo": "Y", "city": "Clarkston", "state": "MI", "area-code": "248"}, {"id": "e81c9350d54f66c6d33b3747ee0f0cda", "number": "3152328257", "date": "2021-01-22 03:26:00", "subject": "11", "recorded-or-robo": "Y", "city": "Overland Park", "state": "KS", "area-code": "636"}, {"id": "deca54a6651fb9add5b4a9816ca450df", "number": "3152328257", "date": "2021-01-22 03:26:00", "subject": "11", "recorded-or-robo": "Y", "city": "Overland Park", "state": "KS", "area-code": "636"}, {"id": "e81c9350d54f66c6d33b3747ee523c68", "number": "4695233456", "date": "2021-01-22 17:27:06", "subject": "3", "recorded-or-robo": "Y", "city": "", "state": "TX", "area-code": "214"}, {"id": "e81c9350d54f66c6d33b3747ee0f0727", "number": "6161676507", "date": "2021-01-22 11:22:00", "subject": "1", "recorded-or-robo": "Y", "city": "", "state": "MI", "area-code": "616"}, {"id": "e81c9350d54f66c6d33b3747ee0efc3d", "number": "8556720886", "date": "2021-01-22 15:55:00", "subject": "11", "recorded-or-robo": "Y", "city": "Bonita Springs", "state": "FL", "area-code": "217"}, {"id": "deca54a6651fb9add5b4a9816ce67d51", "number": "4695233456", "date": "2021-01-22 17:27:06", "subject": "3", "recorded-or-robo": "Y", "city": "", "state": "TX", "area-code": "214"}, {"id": "deca54a6651fb9add5b4a9816ca441f1", "number": "6161676507", "date": "2021-01-22 11:22:00", "subject": "1", "recorded-or-robo": "Y", "city": "", "state": "MI", "area-code": "616"}, {"id": "deca54a6651fb9add5b4a9816ca43fcc", "number": "8556720886", "date": "2021-01-22 15:55:00", "subject": "11", "recorded-or-robo": "Y", "city": "Bonita Springs", "state": "FL", "area-code": "217"}, {"id": "e81c9350d54f66c6d33b3747ee0eedd9", "number": "2169997140", "date": "2021-01-22 16:13:00", "subject": "5", "recorded-or-robo": "Y", "city": "Alexandria", "state": "OH", "area-code": "216"}, {"id": "deca54a6651fb9add5b4a9816ca4320f", "number": "2169997140", "date": "2021-01-22 16:13:00", "subject": "5", "recorded-or-robo": "Y", "city": "Alexandria", "state": "OH", "area-code": "216"}, {"id": "e81c9350d54f66c6d33b3747ee5241b8", "number": "8608214310", "date": "2021-01-22 17:27:04", "subject": "3", "recorded-or-robo": "N", "city": "", "state": "CT", "area-code": "203"}, {"id": "e81c9350d54f66c6d33b3747ee0ee0b1", "number": "2176325625", "date": "2021-01-22 17:06:00", "subject": "2", "recorded-or-robo": "Y", "city": "Middletown", "state": "DE", "area-code": "302"}, {"id": "deca54a6651fb9add5b4a9816ce6863e", "number": "8608214310", "date": "2021-01-22 17:27:04", "subject": "3", "recorded-or-robo": "N", "city": "", "state": "CT", "area-code": "203"}, {"id": "deca54a6651fb9add5b4a9816ca428ce", "number": "2176325625", "date": "2021-01-22 17:06:00", "subject": "2", "recorded-or-robo": "Y", "city": "Middletown", "state": "DE", "area-code": "302"}, {"id": "e81c9350d54f66c6d33b3747ee0ed8af", "number": "", "date": "2021-01-22 16:13:00", "subject": "1", "recorded-or-robo": "Y", "city": "Grayslake", "state": "IL", "area-code": "847"}, {"id": "deca54a6651fb9add5b4a9816ca42369", "number": "", "date": "2021-01-22 16:13:00", "subject": "1", "recorded-or-robo": "Y", "city": "Grayslake", "state": "IL", "area-code": "847"}, {"id": "e81c9350d54f66c6d33b3747ee0ecec8", "number": "7754640092", "date": "2021-01-22 09:45:00", "subject": "2", "recorded-or-robo": "", "city": "Fernley", "state": "NV", "area-code": "775"}, {"id": "deca54a6651fb9add5b4a9816ca41a06", "number": "7754640092", "date": "2021-01-22 09:45:00", "subject": "2", "recorded-or-robo": "", "city": "Fernley", "state": "NV", "area-code": "775"}, {"id": "e81c9350d54f66c6d33b3747ee0ecbce", "number": "9192145513", "date": "2021-01-22 10:12:00", "subject": "1", "recorded-or-robo": "N", "city": "Concord", "state": "NC", "area-code": "704"}, {"id": "deca54a6651fb9add5b4a9816ca40d5e", "number": "9192145513", "date": "2021-01-22 10:12:00", "subject": "1", "recorded-or-robo": "N", "city": "Concord", "state": "NC", "area-code": "704"}, {"id": "e81c9350d54f66c6d33b3747ee0ec1e3", "number": "9372654226", "date": "2021-01-22 17:23:00", "subject": "3", "recorded-or-robo": "Y", "city": "", "state": "OH", "area-code": "937"}, {"id": "deca54a6651fb9add5b4a9816ca40235", "number": "9372654226", "date": "2021-01-22 17:23:00", "subject": "3", "recorded-or-robo": "Y", "city": "", "state": "OH", "area-code": "937"}, {"id": "e81c9350d54f66c6d33b3747ee5c4efe", "number": "9732412347", "date": "2021-01-22 14:02:00", "subject": "3", "recorded-or-robo": "Y", "city": "", "state": "NJ", "area-code": "973"}]}