{"data": [{"id": "deca54a6651fb9add5b4a9816cb682b5", "number": "9133086397", "date": "2021-01-22 09:31:00", "subject": "2", "recorded-or-robo": "N", "city": "Huntington Beach", "state": "CA", "area-code": "818"}, {"id": "e81c9350d54f66c6d33b3747ee54f548", "number": "7312608748", "date": "2021-01-22 17:57:38", "subject": "3", "recorded-or-robo": "Y", "city": "", "state": "NY", "area-code": "631"}, {"id": "e81c9350d54f66c6d33b3747ee2178d1", "number": "5032382111", "date": "2021-01-22 14:11:00", "subject": "5", "recorded-or-robo": "Y", "city": "", "state": "OH", "area-code": "419"}, {"id": "deca54a6651fb9add5b4a9816ce9858b", "number": "7312608748", "date": "2021-01-22 17:57:38", "subject": "3", "recorded-or-robo": "Y", "city": "", "state": "NY", "area-code": "631"}, {"id": "deca54a6651fb9add5b4a9816cb68188", "number": "5032382111", "date": "2021-01-22 14:11:00", "subject": "5", "recorded-or-robo": "Y", "city": "", "state": "OH", "area-code": "419"}, {"id": "e81c9350d54f66c6d33b3747ee54ca25", "number": "+16074633788", "date": "2021-01-22 17:57:32", "subject": "3", "recorded-or-robo": "Y", "city": "", "state": "NY", "area-code": "607"}, {"id": "e81c9350d54f66c6d33b3747ee216d0e", "number": "3018571019", "date": "2021-01-21 00:00:00", "subject": "3", "recorded-or-robo": "", "city": "West Memphis", "state": "AR", "area-code": "870"}, {"id": "e81c9350d54f66c6d33b3747ee2169ad", "number": "3045410634", "date": "2021-01-22 13:19:00", "subject": "6", "recorded-or-robo": "Y", "city": "Bakersfield", "state": "CA", "area-code": "661"}, {"id": "deca54a6651fb9add5b4a9816ce95eaa", "number": "+16074633788", "date": "2021-01-22 17:57:32", "subject": "3", "recorded-or-robo": "Y", "city": "", "state": "NY", "area-code": "607"}, {"id": "deca54a6651fb9add5b4a9816cb67cfc", "number": "3018571019", "date": "2021-01-21 00:00:00", "subject": "3", "recorded-or-robo": "", "city": "West Memphis", "state": "AR", "area-code": "870"}, {"id": "deca54a6651fb9add5b4a9816cb67bf0", "number": "3045410634", "date": "2021-01-22 13:19:00", "subject": "6", "recorded-or-robo": "Y", "city": "Bakersfield", "state": "CA", "area-code": "661"}, {"id": "e81c9350d54f66c6d33b3747ee215db4", "number": "8184034874", "date": "2021-01-22 11:55:00", "subject": "1", "recorded-or-robo": "Y", "city": "Elk Grove", "state": "CA", "area-code": "916"}, {"id": "deca54a6651fb9add5b4a9816cb66fcb", "number": "8184034874", "date": "2021-01-22 11:55:00", "subject": "1", "recorded-or-robo": "Y", "city": "Elk Grove", "state": "CA", "area-code": "916"}, {"id": "e81c9350d54f66c6d33b3747ee55df08", "number": "+14013134774", "date": "2021-01-22 17:57:30", "subject": "3", "recorded-or-robo": "Y", "city": "", "state": "CO", "area-code": "720"}, {"id": "deca54a6651fb9add5b4a9816cea4a3c", "number": "+14013134774", "date": "2021-01-22 17:57:30", "subject": "3", "recorded-or-robo": "Y", "city": "", "state": "CO", "area-code": "720"}, {"id": "e81c9350d54f66c6d33b3747ee556b2f", "number": "6017461646", "date": "2021-01-22 17:57:26", "subject": "3", "recorded-or-robo": "Y", "city": "", "state": "NY", "area-code": "631"}, {"id": "e81c9350d54f66c6d33b3747ee21584c", "number": "4084303865", "date": "2021-01-22 14:11:00", "subject": "5", "recorded-or-robo": "Y", "city": "Lakewood", "state": "CA", "area-code": "562"}, {"id": "deca54a6651fb9add5b4a9816ce9e986", "number": "6017461646", "date": "2021-01-22 17:57:26", "subject": "3", "recorded-or-robo": "Y", "city": "", "state": "NY", "area-code": "631"}, {"id": "deca54a6651fb9add5b4a9816cb669b5", "number": "4084303865", "date": "2021-01-22 14:11:00", "subject": "5", "recorded-or-robo": "Y", "city": "Lakewood", "state": "CA", "area-code": "562"}, {"id": "e81c9350d54f66c6d33b3747ee553cd1", "number": "5855101299", "date": "2021-01-22 17:57:18", "subject": "3", "recorded-or-robo": "Y", "city": "", "state": "NY", "area-code": "315"}, {"id": "deca54a6651fb9add5b4a9816ce9b64e", "number": "5855101299", "date": "2021-01-22 17:57:18", "subject": "3", "recorded-or-robo": "Y", "city": "", "state": "NY", "area-code": "315"}, {"id": "e81c9350d54f66c6d33b3747ee206606", "number": "3304601402", "date": "2021-01-22 09:17:00", "subject": "3", "recorded-or-robo": "N", "city": "", "state": "OH", "area-code": "330"}, {"id": "deca54a6651fb9add5b4a9816cb59182", "number": "3304601402", "date": "2021-01-22 09:17:00", "subject": "3", "recorded-or-robo": "N", "city": "", "state": "OH", "area-code": "330"}, {"id": "e81c9350d54f66c6d33b3747ee214b02", "number": "3018428962", "date": "2021-01-22 09:56:00", "subject": "2", "recorded-or-robo": "N", "city": "Huntington Beach", "state": "CA", "area-code": "818"}, {"id": "deca54a6651fb9add5b4a9816cb65ddb", "number": "3018428962", "date": "2021-01-22 09:56:00", "subject": "2", "recorded-or-robo": "N", "city": "Huntington Beach", "state": "CA", "area-code": "818"}, {"id": "e81c9350d54f66c6d33b3747ee214682", "number": "5172472598", "date": "2021-01-22 10:29:00", "subject": "0", "recorded-or-robo": "Y", "city": "Plymouth", "state": "MI", "area-code": "734"}, {"id": "deca54a6651fb9add5b4a9816cb65abf", "number": "5172472598", "date": "2021-01-22 10:29:00", "subject": "0", "recorded-or-robo": "Y", "city": "Plymouth", "state": "MI", "area-code": "734"}, {"id": "e81c9350d54f66c6d33b3747ee213f2b", "number": "7405552312", "date": "2021-01-22 14:33:00", "subject": "2", "recorded-or-robo": "Y", "city": "san pedro", "state": "CA", "area-code": "740"}, {"id": "e81c9350d54f66c6d33b3747ee213126", "number": "2082714833", "date": "2021-01-04 09:30:00", "subject": "4", "recorded-or-robo": "Y", "city": "Nampa", "state": "ID", "area-code": "208"}, {"id": "deca54a6651fb9add5b4a9816cb65262", "number": "7405552312", "date": "2021-01-22 14:33:00", "subject": "2", "recorded-or-robo": "Y", "city": "san pedro", "state": "CA", "area-code": "740"}, {"id": "deca54a6651fb9add5b4a9816cb64e1c", "number": "2082714833", "date": "2021-01-04 09:30:00", "subject": "4", "recorded-or-robo": "Y", "city": "Nampa", "state": "ID", "area-code": "208"}, {"id": "e81c9350d54f66c6d33b3747ee21261e", "number": "5807142471", "date": "2021-01-22 10:25:00", "subject": "2", "recorded-or-robo": "Y", "city": "Valliant", "state": "OK", "area-code": "580"}, {"id": "deca54a6651fb9add5b4a9816cb6452e", "number": "5807142471", "date": "2021-01-22 10:25:00", "subject": "2", "recorded-or-robo": "Y", "city": "Valliant", "state": "OK", "area-code": "580"}, {"id": "e81c9350d54f66c6d33b3747ee2093f0", "number": "8055016312", "date": "2021-01-22 16:46:00", "subject": "3", "recorded-or-robo": "", "city": "", "state": "CA", "area-code": "760"}, {"id": "deca54a6651fb9add5b4a9816cb5a4ec", "number": "8055016312", "date": "2021-01-22 16:46:00", "subject": "3", "recorded-or-robo": "", "city": "", "state": "CA", "area-code": "760"}, {"id": "e81c9350d54f66c6d33b3747ee21195c", "number": "2487858182", "date": "2021-01-22 09:23:00", "subject": "0", "recorded-or-robo": "Y", "city": "Sylvan Lake", "state": "MI", "area-code": "248"}, {"id": "deca54a6651fb9add5b4a9816cb63bab", "number": "2487858182", "date": "2021-01-22 09:23:00", "subject": "0", "recorded-or-robo": "Y", "city": "Sylvan Lake", "state": "MI", "area-code": "248"}, {"id": "e81c9350d54f66c6d33b3747ee211452", "number": "2606235003", "date": "2021-01-22 12:38:00", "subject": "2", "recorded-or-robo": "Y", "city": "", "state": "AL", "area-code": "205"}, {"id": "deca54a6651fb9add5b4a9816cb633d3", "number": "2606235003", "date": "2021-01-22 12:38:00", "subject": "2", "recorded-or-robo": "Y", "city": "", "state": "AL", "area-code": "205"}, {"id": "e81c9350d54f66c6d33b3747ee210c9e", "number": "3379440494", "date": "2021-01-22 00:00:00", "subject": "2", "recorded-or-robo": "Y", "city": "Altus", "state": "OK", "area-code": "337"}, {"id": "deca54a6651fb9add5b4a9816cb62a42", "number": "3379440494", "date": "2021-01-22 00:00:00", "subject": "2", "recorded-or-robo": "Y", "city": "Altus", "state": "OK", "area-code": "337"}, {"id": "e81c9350d54f66c6d33b3747ee20fef7", "number": "5716852634", "date": "2021-01-22 16:43:00", "subject": "3", "recorded-or-robo": "Y", "city": "", "state": "IA", "area-code": "563"}, {"id": "deca54a6651fb9add5b4a9816cb6224c", "number": "5716852634", "date": "2021-01-22 16:43:00", "subject": "3", "recorded-or-robo": "Y", "city": "", "state": "IA", "area-code": "563"}, {"id": "e81c9350d54f66c6d33b3747ee20efc5", "number": "8055008680", "date": "2021-01-22 09:13:00", "subject": "0", "recorded-or-robo": "N", "city": "CAMARILLO", "state": "CA", "area-code": "805"}, {"id": "deca54a6651fb9add5b4a9816cb61e3f", "number": "8055008680", "date": "2021-01-22 09:13:00", "subject": "0", "recorded-or-robo": "N", "city": "CAMARILLO", "state": "CA", "area-code": "805"}, {"id": "e81c9350d54f66c6d33b3747ee20d637", "number": "2095692127", "date": "2021-01-22 10:36:00", "subject": "3", "recorded-or-robo": "N", "city": "", "state": "CA", "area-code": "818"}, {"id": "deca54a6651fb9add5b4a9816cb5e33b", "number": "2095692127", "date": "2021-01-22 10:36:00", "subject": "3", "recorded-or-robo": "N", "city": "", "state": "CA", "area-code": "818"}, {"id": "e81c9350d54f66c6d33b3747ee20ea09", "number": "8582522721", "date": "2021-01-22 10:29:00", "subject": "2", "recorded-or-robo": "N", "city": "Huntington Beach", "state": "CA", "area-code": "818"}, {"id": "deca54a6651fb9add5b4a9816cb60e70", "number": "8582522721", "date": "2021-01-22 10:29:00", "subject": "2", "recorded-or-robo": "N", "city": "Huntington Beach", "state": "CA", "area-code": "818"}, {"id": "e81c9350d54f66c6d33b3747ee20db91", "number": "9736095166", "date": "2021-01-22 17:45:00", "subject": "4", "recorded-or-robo": "N", "city": "Parsippany", "state": "NJ", "area-code": "973"}]}