{"data": [{"id": "1d36742e3f24f50e4e7ae828016c909a", "number": "7325682063", "date": "2021-01-22 13:58:00", "subject": "0", "recorded-or-robo": "Y", "city": "Brick", "state": "NJ", "area-code": "732"}, {"id": "e81c9350d54f66c6d33b3747eed7af16", "number": "", "date": "2021-01-22 14:09:00", "subject": "2", "recorded-or-robo": "N", "city": "", "state": "MI", "area-code": "313"}, {"id": "1d36742e3f24f50e4e7ae828016c848e", "number": "", "date": "2021-01-22 14:09:00", "subject": "2", "recorded-or-robo": "N", "city": "", "state": "MI", "area-code": "313"}, {"id": "e81c9350d54f66c6d33b3747eed7a890", "number": "9166914872", "date": "2020-12-16 14:06:00", "subject": "4", "recorded-or-robo": "Y", "city": "Tujunga", "state": "CA", "area-code": "818"}, {"id": "1d36742e3f24f50e4e7ae828016c821e", "number": "9166914872", "date": "2020-12-16 14:06:00", "subject": "4", "recorded-or-robo": "Y", "city": "Tujunga", "state": "CA", "area-code": "818"}, {"id": "e81c9350d54f66c6d33b3747eed79c33", "number": "5162605104", "date": "2021-01-23 00:00:00", "subject": "3", "recorded-or-robo": "", "city": "", "state": "TX", "area-code": "806"}, {"id": "1d36742e3f24f50e4e7ae828016c8025", "number": "5162605104", "date": "2021-01-23 00:00:00", "subject": "3", "recorded-or-robo": "", "city": "", "state": "TX", "area-code": "806"}, {"id": "e81c9350d54f66c6d33b3747eed78e68", "number": "8156732565", "date": "2021-01-22 10:00:00", "subject": "4", "recorded-or-robo": "Y", "city": "", "state": "IL", "area-code": "217"}, {"id": "1d36742e3f24f50e4e7ae828016c7e7f", "number": "8156732565", "date": "2021-01-22 10:00:00", "subject": "4", "recorded-or-robo": "Y", "city": "", "state": "IL", "area-code": "217"}, {"id": "e81c9350d54f66c6d33b3747eed77ed8", "number": "2184057590", "date": "2021-01-22 10:16:00", "subject": "4", "recorded-or-robo": "Y", "city": "Brainerd", "state": "MN", "area-code": "218"}, {"id": "1d36742e3f24f50e4e7ae828016c7817", "number": "2184057590", "date": "2021-01-22 10:16:00", "subject": "4", "recorded-or-robo": "Y", "city": "Brainerd", "state": "MN", "area-code": "218"}, {"id": "e81c9350d54f66c6d33b3747eed779c1", "number": "7322859701", "date": "2021-01-22 16:08:00", "subject": "2", "recorded-or-robo": "Y", "city": "Kingston", "state": "NY", "area-code": "845"}, {"id": "1d36742e3f24f50e4e7ae828016c6a1f", "number": "7322859701", "date": "2021-01-22 16:08:00", "subject": "2", "recorded-or-robo": "Y", "city": "Kingston", "state": "NY", "area-code": "845"}, {"id": "e81c9350d54f66c6d33b3747eed774ba", "number": "9725725077", "date": "2021-01-22 09:45:00", "subject": "2", "recorded-or-robo": "Y", "city": "new bern", "state": "CO", "area-code": "970"}, {"id": "1d36742e3f24f50e4e7ae828016c5d98", "number": "9725725077", "date": "2021-01-22 09:45:00", "subject": "2", "recorded-or-robo": "Y", "city": "new bern", "state": "CO", "area-code": "970"}, {"id": "e81c9350d54f66c6d33b3747eed77149", "number": "7036313556", "date": "2021-01-23 00:00:00", "subject": "3", "recorded-or-robo": "", "city": "", "state": "TX", "area-code": "806"}, {"id": "1d36742e3f24f50e4e7ae828016c503a", "number": "7036313556", "date": "2021-01-23 00:00:00", "subject": "3", "recorded-or-robo": "", "city": "", "state": "TX", "area-code": "806"}, {"id": "e81c9350d54f66c6d33b3747eed76617", "number": "7088751296", "date": "2021-01-21 17:57:00", "subject": "0", "recorded-or-robo": "N", "city": "Orland Park", "state": "IL", "area-code": "708"}, {"id": "1d36742e3f24f50e4e7ae828016c412d", "number": "7088751296", "date": "2021-01-21 17:57:00", "subject": "0", "recorded-or-robo": "N", "city": "Orland Park", "state": "IL", "area-code": "708"}, {"id": "e81c9350d54f66c6d33b3747eed7603b", "number": "7372047293", "date": "2021-01-23 08:43:00", "subject": "3", "recorded-or-robo": "Y", "city": "", "state": "TX", "area-code": "281"}, {"id": "1d36742e3f24f50e4e7ae828016c3389", "number": "7372047293", "date": "2021-01-23 08:43:00", "subject": "3", "recorded-or-robo": "Y", "city": "", "state": "TX", "area-code": "281"}, {"id": "e81c9350d54f66c6d33b3747eed75e0f", "number": "6612414260", "date": "2020-12-30 13:26:00", "subject": "4", "recorded-or-robo": "Y", "city": "Tujunga", "state": "CA", "area-code": "818"}, {"id": "1d36742e3f24f50e4e7ae828016c2772", "number": "6612414260", "date": "2020-12-30 13:26:00", "subject": "4", "recorded-or-robo": "Y", "city": "Tujunga", "state": "CA", "area-code": "818"}, {"id": "e81c9350d54f66c6d33b3747eed74ee2", "number": "8009272291", "date": "2021-01-22 20:20:00", "subject": "0", "recorded-or-robo": "Y", "city": "Glassport", "state": "PA", "area-code": "412"}, {"id": "1d36742e3f24f50e4e7ae828016c17c5", "number": "8009272291", "date": "2021-01-22 20:20:00", "subject": "0", "recorded-or-robo": "Y", "city": "Glassport", "state": "PA", "area-code": "412"}, {"id": "e81c9350d54f66c6d33b3747eed73f3b", "number": "2184057590", "date": "2021-01-22 09:47:00", "subject": "4", "recorded-or-robo": "Y", "city": "Brainerd", "state": "MN", "area-code": "218"}, {"id": "1d36742e3f24f50e4e7ae828016c0b69", "number": "2184057590", "date": "2021-01-22 09:47:00", "subject": "4", "recorded-or-robo": "Y", "city": "Brainerd", "state": "MN", "area-code": "218"}, {"id": "e81c9350d54f66c6d33b3747eed6fd5c", "number": "5082833434", "date": "2021-01-21 00:00:00", "subject": "3", "recorded-or-robo": "", "city": "", "state": "MA", "area-code": "508"}, {"id": "1d36742e3f24f50e4e7ae828016bdbe6", "number": "5082833434", "date": "2021-01-21 00:00:00", "subject": "3", "recorded-or-robo": "", "city": "", "state": "MA", "area-code": "508"}, {"id": "e81c9350d54f66c6d33b3747eed73311", "number": "", "date": "2021-01-23 12:00:00", "subject": "1", "recorded-or-robo": "N", "city": "Grand Island", "state": "NE", "area-code": "308"}, {"id": "1d36742e3f24f50e4e7ae828016c0296", "number": "", "date": "2021-01-23 12:00:00", "subject": "1", "recorded-or-robo": "N", "city": "Grand Island", "state": "NE", "area-code": "308"}, {"id": "e81c9350d54f66c6d33b3747eed72c89", "number": "2678311479", "date": "2021-01-22 11:43:00", "subject": "0", "recorded-or-robo": "Y", "city": "Glassport", "state": "PA", "area-code": "412"}, {"id": "1d36742e3f24f50e4e7ae828016bfcc5", "number": "2678311479", "date": "2021-01-22 11:43:00", "subject": "0", "recorded-or-robo": "Y", "city": "Glassport", "state": "PA", "area-code": "412"}, {"id": "e81c9350d54f66c6d33b3747eed72170", "number": "4123757674", "date": "2021-01-05 10:51:00", "subject": "4", "recorded-or-robo": "Y", "city": "Tujunga", "state": "CA", "area-code": "818"}, {"id": "1d36742e3f24f50e4e7ae828016bf41a", "number": "4123757674", "date": "2021-01-05 10:51:00", "subject": "4", "recorded-or-robo": "Y", "city": "Tujunga", "state": "CA", "area-code": "818"}, {"id": "e81c9350d54f66c6d33b3747eed71337", "number": "6787649922", "date": "2020-01-01 00:00:00", "subject": "5", "recorded-or-robo": "Y", "city": "Hopkinsville", "state": "KY", "area-code": "270"}, {"id": "1d36742e3f24f50e4e7ae828016bf2bd", "number": "6787649922", "date": "2020-01-01 00:00:00", "subject": "5", "recorded-or-robo": "Y", "city": "Hopkinsville", "state": "KY", "area-code": "270"}, {"id": "e81c9350d54f66c6d33b3747eed70fc1", "number": "7086933678", "date": "2021-01-21 11:02:00", "subject": "0", "recorded-or-robo": "N", "city": "Orland Park", "state": "IL", "area-code": "708"}, {"id": "1d36742e3f24f50e4e7ae828016be92a", "number": "7086933678", "date": "2021-01-21 11:02:00", "subject": "0", "recorded-or-robo": "N", "city": "Orland Park", "state": "IL", "area-code": "708"}, {"id": "e81c9350d54f66c6d33b3747eed70c17", "number": "2152365525", "date": "2021-01-23 09:45:00", "subject": "2", "recorded-or-robo": "Y", "city": "", "state": "PA", "area-code": "215"}, {"id": "1d36742e3f24f50e4e7ae828016be099", "number": "2152365525", "date": "2021-01-23 09:45:00", "subject": "2", "recorded-or-robo": "Y", "city": "", "state": "PA", "area-code": "215"}, {"id": "e81c9350d54f66c6d33b3747eed6f678", "number": "2628322096", "date": "2021-01-22 17:54:00", "subject": "3", "recorded-or-robo": "Y", "city": "new bern", "state": "NC", "area-code": "252"}, {"id": "1d36742e3f24f50e4e7ae828016bd9fa", "number": "2628322096", "date": "2021-01-22 17:54:00", "subject": "3", "recorded-or-robo": "Y", "city": "new bern", "state": "NC", "area-code": "252"}, {"id": "e81c9350d54f66c6d33b3747eed6f5a6", "number": "8009272291", "date": "2021-01-21 16:47:00", "subject": "0", "recorded-or-robo": "Y", "city": "Glassport", "state": "PA", "area-code": "412"}, {"id": "1d36742e3f24f50e4e7ae828016bd3f7", "number": "8009272291", "date": "2021-01-21 16:47:00", "subject": "0", "recorded-or-robo": "Y", "city": "Glassport", "state": "PA", "area-code": "412"}, {"id": "e81c9350d54f66c6d33b3747eed6e788", "number": "5103606998", "date": "2021-01-07 11:40:00", "subject": "4", "recorded-or-robo": "Y", "city": "Tujunga", "state": "CA", "area-code": "818"}, {"id": "1d36742e3f24f50e4e7ae828016bc5a3", "number": "5103606998", "date": "2021-01-07 11:40:00", "subject": "4", "recorded-or-robo": "Y", "city": "Tujunga", "state": "CA", "area-code": "818"}, {"id": "e81c9350d54f66c6d33b3747eed6d88c", "number": "6054726390", "date": "2021-01-19 11:30:00", "subject": "0", "recorded-or-robo": "N", "city": "Orland Park", "state": "IL", "area-code": "708"}, {"id": "1d36742e3f24f50e4e7ae828016bb6bd", "number": "6054726390", "date": "2021-01-19 11:30:00", "subject": "0", "recorded-or-robo": "N", "city": "Orland Park", "state": "IL", "area-code": "708"}, {"id": "e81c9350d54f66c6d33b3747eed6d103", "number": "9123557039", "date": "2021-01-22 19:00:00", "subject": "4", "recorded-or-robo": "Y", "city": "SAVANNAH", "state": "GA", "area-code": "478"}]}