{"data": [{"id": "b6a8da8b80f26332ed085cca2dfd15b5", "number": "7344388016", "date": "2021-01-22 16:01:00", "subject": "2", "recorded-or-robo": "Y", "city": "Germantown", "state": "OH", "area-code": "937"}, {"id": "deca54a6651fb9add5b4a9816c9247fb", "number": "8153625150", "date": "2021-01-22 15:48:00", "subject": "4", "recorded-or-robo": "N", "city": "Fort Walton Beach", "state": "FL", "area-code": "847"}, {"id": "b6a8da8b80f26332ed085cca2dfd14ff", "number": "8153625150", "date": "2021-01-22 15:48:00", "subject": "4", "recorded-or-robo": "N", "city": "Fort Walton Beach", "state": "FL", "area-code": "847"}, {"id": "deca54a6651fb9add5b4a9816c924016", "number": "4134552023", "date": "2021-01-22 15:56:00", "subject": "1", "recorded-or-robo": "Y", "city": "Woodbury", "state": "MN", "area-code": "651"}, {"id": "b6a8da8b80f26332ed085cca2dfd1246", "number": "4134552023", "date": "2021-01-22 15:56:00", "subject": "1", "recorded-or-robo": "Y", "city": "Woodbury", "state": "MN", "area-code": "651"}, {"id": "deca54a6651fb9add5b4a9816c923fc8", "number": "9782562511", "date": "2021-01-22 00:00:00", "subject": "2", "recorded-or-robo": "Y", "city": "", "state": "MA", "area-code": "978"}, {"id": "b6a8da8b80f26332ed085cca2dfd080f", "number": "9782562511", "date": "2021-01-22 00:00:00", "subject": "2", "recorded-or-robo": "Y", "city": "", "state": "MA", "area-code": "978"}, {"id": "deca54a6651fb9add5b4a9816c9236a5", "number": "4698120040", "date": "2021-01-22 14:56:00", "subject": "2", "recorded-or-robo": "Y", "city": "PLANO", "state": "TX", "area-code": "469"}, {"id": "b6a8da8b80f26332ed085cca2dfcfd8c", "number": "4698120040", "date": "2021-01-22 14:56:00", "subject": "2", "recorded-or-robo": "Y", "city": "PLANO", "state": "TX", "area-code": "469"}, {"id": "deca54a6651fb9add5b4a9816c923105", "number": "9032643000", "date": "2021-01-22 15:54:00", "subject": "6", "recorded-or-robo": "N", "city": "", "state": "TX", "area-code": "903"}, {"id": "b6a8da8b80f26332ed085cca2dfcfb76", "number": "9032643000", "date": "2021-01-22 15:54:00", "subject": "6", "recorded-or-robo": "N", "city": "", "state": "TX", "area-code": "903"}, {"id": "e81c9350d54f66c6d33b3747ee5beb18", "number": "7624413171", "date": "2021-01-22 13:59:00", "subject": "3", "recorded-or-robo": "N", "city": "", "state": "NC", "area-code": "336"}, {"id": "deca54a6651fb9add5b4a9816cf08a69", "number": "7624413171", "date": "2021-01-22 13:59:00", "subject": "3", "recorded-or-robo": "N", "city": "", "state": "NC", "area-code": "336"}, {"id": "deca54a6651fb9add5b4a9816c923007", "number": "7707413548", "date": "2021-01-22 11:49:00", "subject": "0", "recorded-or-robo": "N", "city": "GREENSBORO", "state": "GA", "area-code": "770"}, {"id": "b6a8da8b80f26332ed085cca2dfcf75d", "number": "7707413548", "date": "2021-01-22 11:49:00", "subject": "0", "recorded-or-robo": "N", "city": "GREENSBORO", "state": "GA", "area-code": "770"}, {"id": "deca54a6651fb9add5b4a9816c92251a", "number": "6059525110", "date": "2021-01-22 13:57:00", "subject": "6", "recorded-or-robo": "N", "city": "Kings Beach", "state": "CA", "area-code": "530"}, {"id": "b6a8da8b80f26332ed085cca2dfceeff", "number": "6059525110", "date": "2021-01-22 13:57:00", "subject": "6", "recorded-or-robo": "N", "city": "Kings Beach", "state": "CA", "area-code": "530"}, {"id": "deca54a6651fb9add5b4a9816c921f80", "number": "7796665181", "date": "2021-01-22 08:30:00", "subject": "2", "recorded-or-robo": "N", "city": "", "state": "IL", "area-code": "779"}, {"id": "deca54a6651fb9add5b4a9816c92102c", "number": "5138312600", "date": "2021-01-22 14:50:00", "subject": "2", "recorded-or-robo": "N", "city": "Longmont", "state": "CO", "area-code": "303"}, {"id": "b6a8da8b80f26332ed085cca2dfcee7d", "number": "7796665181", "date": "2021-01-22 08:30:00", "subject": "2", "recorded-or-robo": "N", "city": "", "state": "IL", "area-code": "779"}, {"id": "b6a8da8b80f26332ed085cca2dfced44", "number": "5138312600", "date": "2021-01-22 14:50:00", "subject": "2", "recorded-or-robo": "N", "city": "Longmont", "state": "CO", "area-code": "303"}, {"id": "deca54a6651fb9add5b4a9816c920397", "number": "2603029024", "date": "2021-01-21 11:45:00", "subject": "2", "recorded-or-robo": "N", "city": "Michigan City", "state": "IN", "area-code": "219"}, {"id": "b6a8da8b80f26332ed085cca2dfcde5a", "number": "2603029024", "date": "2021-01-21 11:45:00", "subject": "2", "recorded-or-robo": "N", "city": "Michigan City", "state": "IN", "area-code": "219"}, {"id": "deca54a6651fb9add5b4a9816c91ffc4", "number": "6416963102", "date": "2021-01-22 08:41:00", "subject": "2", "recorded-or-robo": "Y", "city": "Oskaloosa", "state": "IA", "area-code": "641"}, {"id": "b6a8da8b80f26332ed085cca2dfccf8e", "number": "6416963102", "date": "2021-01-22 08:41:00", "subject": "2", "recorded-or-robo": "Y", "city": "Oskaloosa", "state": "IA", "area-code": "641"}, {"id": "deca54a6651fb9add5b4a9816c91fd31", "number": "9788178660", "date": "2021-01-21 10:11:00", "subject": "4", "recorded-or-robo": "Y", "city": "Las Cruces", "state": "NM", "area-code": "575"}, {"id": "b6a8da8b80f26332ed085cca2dfcc18e", "number": "9788178660", "date": "2021-01-21 10:11:00", "subject": "4", "recorded-or-robo": "Y", "city": "Las Cruces", "state": "NM", "area-code": "575"}, {"id": "deca54a6651fb9add5b4a9816c91ef10", "number": "4022337138", "date": "2021-01-22 13:33:00", "subject": "4", "recorded-or-robo": "Y", "city": "Cincinnati", "state": "OH", "area-code": "308"}, {"id": "b6a8da8b80f26332ed085cca2dfcb856", "number": "4022337138", "date": "2021-01-22 13:33:00", "subject": "4", "recorded-or-robo": "Y", "city": "Cincinnati", "state": "OH", "area-code": "308"}, {"id": "deca54a6651fb9add5b4a9816c91e9e1", "number": "3214458872", "date": "2021-01-22 13:49:00", "subject": "2", "recorded-or-robo": "Y", "city": "Oakland", "state": "CA", "area-code": "510"}, {"id": "b6a8da8b80f26332ed085cca2dfcac46", "number": "3214458872", "date": "2021-01-22 13:49:00", "subject": "2", "recorded-or-robo": "Y", "city": "Oakland", "state": "CA", "area-code": "510"}, {"id": "deca54a6651fb9add5b4a9816c91e6fd", "number": "2034552365", "date": "2021-01-22 00:00:00", "subject": "2", "recorded-or-robo": "", "city": "Ansonia", "state": "CT", "area-code": "203"}, {"id": "deca54a6651fb9add5b4a9816c91db5e", "number": "", "date": "2021-01-22 16:46:00", "subject": "12", "recorded-or-robo": "Y", "city": "Springfield", "state": "OH", "area-code": "937"}, {"id": "b6a8da8b80f26332ed085cca2dfcabe0", "number": "2034552365", "date": "2021-01-22 00:00:00", "subject": "2", "recorded-or-robo": "", "city": "Ansonia", "state": "CT", "area-code": "203"}, {"id": "b6a8da8b80f26332ed085cca2dfca170", "number": "", "date": "2021-01-22 16:46:00", "subject": "12", "recorded-or-robo": "Y", "city": "Springfield", "state": "OH", "area-code": "937"}, {"id": "deca54a6651fb9add5b4a9816c91d3f3", "number": "5622612125", "date": "2021-01-22 10:53:00", "subject": "0", "recorded-or-robo": "Y", "city": "Long Beach", "state": "CA", "area-code": "562"}, {"id": "b6a8da8b80f26332ed085cca2dfc99a2", "number": "5622612125", "date": "2021-01-22 10:53:00", "subject": "0", "recorded-or-robo": "Y", "city": "Long Beach", "state": "CA", "area-code": "562"}, {"id": "deca54a6651fb9add5b4a9816c91c823", "number": "4146002686", "date": "2021-01-22 15:22:00", "subject": "4", "recorded-or-robo": "Y", "city": "Farmers Branch", "state": "TX", "area-code": "414"}, {"id": "b6a8da8b80f26332ed085cca2dfc8d09", "number": "4146002686", "date": "2021-01-22 15:22:00", "subject": "4", "recorded-or-robo": "Y", "city": "Farmers Branch", "state": "TX", "area-code": "414"}, {"id": "deca54a6651fb9add5b4a9816c91b9d6", "number": "8477188986", "date": "2021-01-22 15:42:00", "subject": "6", "recorded-or-robo": "N", "city": "", "state": "IL", "area-code": "847"}, {"id": "b6a8da8b80f26332ed085cca2dfc8a6a", "number": "8477188986", "date": "2021-01-22 15:42:00", "subject": "6", "recorded-or-robo": "N", "city": "", "state": "IL", "area-code": "847"}, {"id": "deca54a6651fb9add5b4a9816c91b820", "number": "2139341084", "date": "2020-11-04 14:31:00", "subject": "2", "recorded-or-robo": "Y", "city": "", "state": "CA", "area-code": "909"}, {"id": "b6a8da8b80f26332ed085cca2dfc7cd3", "number": "2139341084", "date": "2020-11-04 14:31:00", "subject": "2", "recorded-or-robo": "Y", "city": "", "state": "CA", "area-code": "909"}, {"id": "deca54a6651fb9add5b4a9816c91ae48", "number": "", "date": "2021-01-22 14:32:00", "subject": "1", "recorded-or-robo": "Y", "city": "SAINT LOUIS", "state": "MO", "area-code": "314"}, {"id": "b6a8da8b80f26332ed085cca2dfc768e", "number": "", "date": "2021-01-22 14:32:00", "subject": "1", "recorded-or-robo": "Y", "city": "SAINT LOUIS", "state": "MO", "area-code": "314"}, {"id": "deca54a6651fb9add5b4a9816c91a10b", "number": "9563055811", "date": "2021-01-22 15:02:00", "subject": "3", "recorded-or-robo": "Y", "city": "", "state": "TX", "area-code": "254"}, {"id": "b6a8da8b80f26332ed085cca2dfc66ba", "number": "9563055811", "date": "2021-01-22 15:02:00", "subject": "3", "recorded-or-robo": "Y", "city": "", "state": "TX", "area-code": "254"}, {"id": "deca54a6651fb9add5b4a9816c919258", "number": "4403161671", "date": "2021-01-22 15:16:00", "subject": "6", "recorded-or-robo": "Y", "city": "Lorain", "state": "OH", "area-code": "440"}, {"id": "b6a8da8b80f26332ed085cca2dfc6185", "number": "4403161671", "date": "2021-01-22 15:16:00", "subject": "6", "recorded-or-robo": "Y", "city": "Lorain", "state": "OH", "area-code": "440"}, {"id": "deca54a6651fb9add5b4a9816c9186cf", "number": "", "date": "2021-01-22 12:00:00", "subject": "1", "recorded-or-robo": "Y", "city": "Wilton", "state": "CT", "area-code": "203"}]}