{"data": [{"id": "deca54a6651fb9add5b4a9816cd00356", "number": "5616280937", "date": "2021-01-22 13:51:00", "subject": "2", "recorded-or-robo": "Y", "city": "west palm beach", "state": "FL", "area-code": "561"}, {"id": "e81c9350d54f66c6d33b3747ee3b83e7", "number": "8335931237", "date": "2021-01-22 09:00:00", "subject": "7", "recorded-or-robo": "Y", "city": "Berwyn", "state": "PA", "area-code": "610"}, {"id": "deca54a6651fb9add5b4a9816ccffe7c", "number": "8335931237", "date": "2021-01-22 09:00:00", "subject": "7", "recorded-or-robo": "Y", "city": "Berwyn", "state": "PA", "area-code": "610"}, {"id": "e81c9350d54f66c6d33b3747ee9e68b7", "number": "+14696760835", "date": "2021-01-22 18:44:32", "subject": "3", "recorded-or-robo": "Y", "city": "", "state": "TX", "area-code": "214"}, {"id": "1d36742e3f24f50e4e7ae82801336e0c", "number": "+14696760835", "date": "2021-01-22 18:44:32", "subject": "3", "recorded-or-robo": "Y", "city": "", "state": "TX", "area-code": "214"}, {"id": "e81c9350d54f66c6d33b3747ee3b78a4", "number": "5617061199", "date": "2021-01-22 18:36:00", "subject": "2", "recorded-or-robo": "Y", "city": "Merritt Island", "state": "FL", "area-code": "561"}, {"id": "deca54a6651fb9add5b4a9816ccff1d9", "number": "5617061199", "date": "2021-01-22 18:36:00", "subject": "2", "recorded-or-robo": "Y", "city": "Merritt Island", "state": "FL", "area-code": "561"}, {"id": "e81c9350d54f66c6d33b3747ee3b6f5f", "number": "4075648633", "date": "2021-01-22 15:01:00", "subject": "6", "recorded-or-robo": "N", "city": "Grosse Pointe Farms", "state": "MI", "area-code": "313"}, {"id": "deca54a6651fb9add5b4a9816ccfeb6b", "number": "4075648633", "date": "2021-01-22 15:01:00", "subject": "6", "recorded-or-robo": "N", "city": "Grosse Pointe Farms", "state": "MI", "area-code": "313"}, {"id": "e81c9350d54f66c6d33b3747ee9e720a", "number": "9514338184", "date": "2021-01-22 18:44:27", "subject": "3", "recorded-or-robo": "Y", "city": "", "state": "CA", "area-code": "650"}, {"id": "1d36742e3f24f50e4e7ae82801337589", "number": "9514338184", "date": "2021-01-22 18:44:27", "subject": "3", "recorded-or-robo": "Y", "city": "", "state": "CA", "area-code": "650"}, {"id": "e81c9350d54f66c6d33b3747ee3b5011", "number": "3122662655", "date": "2021-01-22 16:01:00", "subject": "2", "recorded-or-robo": "N", "city": "", "state": "LA", "area-code": "318"}, {"id": "deca54a6651fb9add5b4a9816ccfd53d", "number": "3122662655", "date": "2021-01-22 16:01:00", "subject": "2", "recorded-or-robo": "N", "city": "", "state": "LA", "area-code": "318"}, {"id": "e81c9350d54f66c6d33b3747ee3b4a0b", "number": "", "date": "2021-01-22 12:00:00", "subject": "2", "recorded-or-robo": "Y", "city": "Thermopolis", "state": "WY", "area-code": "307"}, {"id": "deca54a6651fb9add5b4a9816ccfcb8d", "number": "", "date": "2021-01-22 12:00:00", "subject": "2", "recorded-or-robo": "Y", "city": "Thermopolis", "state": "WY", "area-code": "307"}, {"id": "e81c9350d54f66c6d33b3747ee9e25f7", "number": "+15035066816", "date": "2021-01-22 18:44:12", "subject": "3", "recorded-or-robo": "Y", "city": "", "state": "OR", "area-code": "503"}, {"id": "1d36742e3f24f50e4e7ae828013341d8", "number": "+15035066816", "date": "2021-01-22 18:44:12", "subject": "3", "recorded-or-robo": "Y", "city": "", "state": "OR", "area-code": "503"}, {"id": "e81c9350d54f66c6d33b3747ee3b3b5c", "number": "7403833492", "date": "2021-01-22 18:34:00", "subject": "4", "recorded-or-robo": "N", "city": "Marion", "state": "OH", "area-code": "740"}, {"id": "e81c9350d54f66c6d33b3747ee3b326a", "number": "7603048432", "date": "2021-01-22 12:21:00", "subject": "0", "recorded-or-robo": "N", "city": "San Marcos", "state": "CA", "area-code": "760"}, {"id": "deca54a6651fb9add5b4a9816ccfbc06", "number": "7403833492", "date": "2021-01-22 18:34:00", "subject": "4", "recorded-or-robo": "N", "city": "Marion", "state": "OH", "area-code": "740"}, {"id": "deca54a6651fb9add5b4a9816ccfacb3", "number": "7603048432", "date": "2021-01-22 12:21:00", "subject": "0", "recorded-or-robo": "N", "city": "San Marcos", "state": "CA", "area-code": "760"}, {"id": "e81c9350d54f66c6d33b3747ee3b2893", "number": "9104072620", "date": "2021-01-22 16:27:00", "subject": "1", "recorded-or-robo": "Y", "city": "St. Cloud", "state": "FL", "area-code": "407"}, {"id": "deca54a6651fb9add5b4a9816ccfa9aa", "number": "9104072620", "date": "2021-01-22 16:27:00", "subject": "1", "recorded-or-robo": "Y", "city": "St. Cloud", "state": "FL", "area-code": "407"}, {"id": "e81c9350d54f66c6d33b3747ee9e7616", "number": "+19378294967", "date": "2021-01-22 18:44:01", "subject": "3", "recorded-or-robo": "Y", "city": "", "state": "OH", "area-code": "937"}, {"id": "e81c9350d54f66c6d33b3747ee3b22c2", "number": "9728136461", "date": "2021-01-22 12:53:00", "subject": "2", "recorded-or-robo": "", "city": "", "state": "TX", "area-code": "972"}, {"id": "deca54a6651fb9add5b4a9816ccfa774", "number": "9728136461", "date": "2021-01-22 12:53:00", "subject": "2", "recorded-or-robo": "", "city": "", "state": "TX", "area-code": "972"}, {"id": "1d36742e3f24f50e4e7ae828013381b8", "number": "+19378294967", "date": "2021-01-22 18:44:01", "subject": "3", "recorded-or-robo": "Y", "city": "", "state": "OH", "area-code": "937"}, {"id": "e81c9350d54f66c6d33b3747ee3b1fe1", "number": "9473339055", "date": "2021-01-22 16:36:00", "subject": "0", "recorded-or-robo": "Y", "city": "", "state": "CO", "area-code": "970"}, {"id": "deca54a6651fb9add5b4a9816ccfa616", "number": "9473339055", "date": "2021-01-22 16:36:00", "subject": "0", "recorded-or-robo": "Y", "city": "", "state": "CO", "area-code": "970"}, {"id": "e81c9350d54f66c6d33b3747ee3b155c", "number": "9513662377", "date": "2021-01-21 13:19:00", "subject": "0", "recorded-or-robo": "Y", "city": "", "state": "CA", "area-code": "951"}, {"id": "e81c9350d54f66c6d33b3747ee3b06bf", "number": "8053820929", "date": "2021-01-22 10:54:00", "subject": "3", "recorded-or-robo": "Y", "city": "Camarillo", "state": "CA", "area-code": "805"}, {"id": "deca54a6651fb9add5b4a9816ccf9bd7", "number": "9513662377", "date": "2021-01-21 13:19:00", "subject": "0", "recorded-or-robo": "Y", "city": "", "state": "CA", "area-code": "951"}, {"id": "deca54a6651fb9add5b4a9816ccf9661", "number": "8053820929", "date": "2021-01-22 10:54:00", "subject": "3", "recorded-or-robo": "Y", "city": "Camarillo", "state": "CA", "area-code": "805"}, {"id": "e81c9350d54f66c6d33b3747ee3afa8f", "number": "5615604122", "date": "2021-01-22 11:32:00", "subject": "0", "recorded-or-robo": "Y", "city": "Jupiter", "state": "FL", "area-code": "561"}, {"id": "deca54a6651fb9add5b4a9816ccf88ca", "number": "5615604122", "date": "2021-01-22 11:32:00", "subject": "0", "recorded-or-robo": "Y", "city": "Jupiter", "state": "FL", "area-code": "561"}, {"id": "e81c9350d54f66c6d33b3747ee3af481", "number": "4583002326", "date": "2021-01-14 14:22:00", "subject": "0", "recorded-or-robo": "Y", "city": "Bend", "state": "OR", "area-code": "541"}, {"id": "deca54a6651fb9add5b4a9816ccf8158", "number": "4583002326", "date": "2021-01-14 14:22:00", "subject": "0", "recorded-or-robo": "Y", "city": "Bend", "state": "OR", "area-code": "541"}, {"id": "e81c9350d54f66c6d33b3747ee3af150", "number": "9728136461", "date": "2021-01-22 12:52:00", "subject": "2", "recorded-or-robo": "", "city": "", "state": "TX", "area-code": "972"}, {"id": "deca54a6651fb9add5b4a9816ccf7528", "number": "9728136461", "date": "2021-01-22 12:52:00", "subject": "2", "recorded-or-robo": "", "city": "", "state": "TX", "area-code": "972"}, {"id": "e81c9350d54f66c6d33b3747ee3ae625", "number": "3615708160", "date": "2021-01-22 17:32:00", "subject": "3", "recorded-or-robo": "Y", "city": "", "state": "IL", "area-code": "773"}, {"id": "deca54a6651fb9add5b4a9816ccf7292", "number": "3615708160", "date": "2021-01-22 17:32:00", "subject": "3", "recorded-or-robo": "Y", "city": "", "state": "IL", "area-code": "773"}, {"id": "e81c9350d54f66c6d33b3747ee9e36e7", "number": "8285288486", "date": "2021-01-22 18:43:42", "subject": "3", "recorded-or-robo": "Y", "city": "", "state": "MN", "area-code": "612"}, {"id": "1d36742e3f24f50e4e7ae8280133520f", "number": "8285288486", "date": "2021-01-22 18:43:42", "subject": "3", "recorded-or-robo": "Y", "city": "", "state": "MN", "area-code": "612"}, {"id": "e81c9350d54f66c6d33b3747ee3ae19d", "number": "5616783575", "date": "2021-01-22 13:51:00", "subject": "2", "recorded-or-robo": "Y", "city": "west palm beach", "state": "FL", "area-code": "561"}, {"id": "deca54a6651fb9add5b4a9816ccf7014", "number": "5616783575", "date": "2021-01-22 13:51:00", "subject": "2", "recorded-or-robo": "Y", "city": "west palm beach", "state": "FL", "area-code": "561"}, {"id": "e81c9350d54f66c6d33b3747ee9e92a0", "number": "2084435462", "date": "2021-01-22 18:43:37", "subject": "3", "recorded-or-robo": "N", "city": "", "state": "ID", "area-code": "208"}, {"id": "1d36742e3f24f50e4e7ae82801339cd9", "number": "2084435462", "date": "2021-01-22 18:43:37", "subject": "3", "recorded-or-robo": "N", "city": "", "state": "ID", "area-code": "208"}, {"id": "e81c9350d54f66c6d33b3747ee3adfea", "number": "7606737633", "date": "2021-01-22 15:34:00", "subject": "7", "recorded-or-robo": "Y", "city": "", "state": "CA", "area-code": "760"}, {"id": "deca54a6651fb9add5b4a9816ccf6bc4", "number": "7606737633", "date": "2021-01-22 15:34:00", "subject": "7", "recorded-or-robo": "Y", "city": "", "state": "CA", "area-code": "760"}, {"id": "e81c9350d54f66c6d33b3747ee9e456a", "number": "+19543155900", "date": "2021-01-22 18:43:17", "subject": "3", "recorded-or-robo": "N", "city": "", "state": "TX", "area-code": "346"}]}