{"data": [{"id": "1d36742e3f24f50e4e7ae828013208a6", "number": "4013159346", "date": "2021-01-22 18:31:33", "subject": "3", "recorded-or-robo": "Y", "city": "", "state": "RI", "area-code": "401"}, {"id": "e81c9350d54f66c6d33b3747ee34867e", "number": "5622865244", "date": "2021-01-21 14:40:00", "subject": "2", "recorded-or-robo": "Y", "city": "", "state": "DE", "area-code": "302"}, {"id": "deca54a6651fb9add5b4a9816cc97916", "number": "5622865244", "date": "2021-01-21 14:40:00", "subject": "2", "recorded-or-robo": "Y", "city": "", "state": "DE", "area-code": "302"}, {"id": "e81c9350d54f66c6d33b3747ee9d1b8e", "number": "4702983078", "date": "2021-01-22 18:31:28", "subject": "3", "recorded-or-robo": "Y", "city": "", "state": "FL", "area-code": "727"}, {"id": "1d36742e3f24f50e4e7ae82801323faf", "number": "4702983078", "date": "2021-01-22 18:31:28", "subject": "3", "recorded-or-robo": "Y", "city": "", "state": "FL", "area-code": "727"}, {"id": "e81c9350d54f66c6d33b3747ee3478bc", "number": "8332298918", "date": "2021-01-22 16:56:00", "subject": "2", "recorded-or-robo": "Y", "city": "austin", "state": "TX", "area-code": "512"}, {"id": "e81c9350d54f66c6d33b3747ee3472b3", "number": "6302721444", "date": "2021-01-22 17:28:00", "subject": "1", "recorded-or-robo": "Y", "city": "Hoffman Estates", "state": "IL", "area-code": "630"}, {"id": "deca54a6651fb9add5b4a9816cc96d26", "number": "8332298918", "date": "2021-01-22 16:56:00", "subject": "2", "recorded-or-robo": "Y", "city": "austin", "state": "TX", "area-code": "512"}, {"id": "deca54a6651fb9add5b4a9816cc96ad5", "number": "6302721444", "date": "2021-01-22 17:28:00", "subject": "1", "recorded-or-robo": "Y", "city": "Hoffman Estates", "state": "IL", "area-code": "630"}, {"id": "e81c9350d54f66c6d33b3747ee347061", "number": "", "date": "2021-01-21 09:53:00", "subject": "0", "recorded-or-robo": "Y", "city": "Old Bridge", "state": "NJ", "area-code": "973"}, {"id": "deca54a6651fb9add5b4a9816cc95dc6", "number": "", "date": "2021-01-21 09:53:00", "subject": "0", "recorded-or-robo": "Y", "city": "Old Bridge", "state": "NJ", "area-code": "973"}, {"id": "e81c9350d54f66c6d33b3747ee34621d", "number": "4072042135", "date": "2021-01-20 00:00:00", "subject": "3", "recorded-or-robo": "", "city": "", "state": "CA", "area-code": "760"}, {"id": "deca54a6651fb9add5b4a9816cc94e9c", "number": "4072042135", "date": "2021-01-20 00:00:00", "subject": "3", "recorded-or-robo": "", "city": "", "state": "CA", "area-code": "760"}, {"id": "e81c9350d54f66c6d33b3747ee345f66", "number": "6303586356", "date": "2021-01-21 17:21:00", "subject": "2", "recorded-or-robo": "Y", "city": "Broken Arrow", "state": "OK", "area-code": "918"}, {"id": "e81c9350d54f66c6d33b3747ee34589a", "number": "", "date": "2021-01-22 00:00:00", "subject": "2", "recorded-or-robo": "Y", "city": "Auburn", "state": "CA", "area-code": "530"}, {"id": "e81c9350d54f66c6d33b3747ee3448e0", "number": "8302713845", "date": "2021-01-22 00:00:00", "subject": "3", "recorded-or-robo": "Y", "city": "", "state": "TX", "area-code": "210"}, {"id": "deca54a6651fb9add5b4a9816cc9466a", "number": "6303586356", "date": "2021-01-21 17:21:00", "subject": "2", "recorded-or-robo": "Y", "city": "Broken Arrow", "state": "OK", "area-code": "918"}, {"id": "deca54a6651fb9add5b4a9816cc93e28", "number": "", "date": "2021-01-22 00:00:00", "subject": "2", "recorded-or-robo": "Y", "city": "Auburn", "state": "CA", "area-code": "530"}, {"id": "deca54a6651fb9add5b4a9816cc93073", "number": "8302713845", "date": "2021-01-22 00:00:00", "subject": "3", "recorded-or-robo": "Y", "city": "", "state": "TX", "area-code": "210"}, {"id": "e81c9350d54f66c6d33b3747ee3444d5", "number": "5022369746", "date": "2021-01-22 14:31:00", "subject": "5", "recorded-or-robo": "N", "city": "Fremont", "state": "CA", "area-code": "510"}, {"id": "deca54a6651fb9add5b4a9816cc9220c", "number": "5022369746", "date": "2021-01-22 14:31:00", "subject": "5", "recorded-or-robo": "N", "city": "Fremont", "state": "CA", "area-code": "510"}, {"id": "e81c9350d54f66c6d33b3747ee343edf", "number": "2892327834", "date": "2021-01-22 15:25:00", "subject": "5", "recorded-or-robo": "Y", "city": "GILROY", "state": "CA", "area-code": "408"}, {"id": "deca54a6651fb9add5b4a9816cc9162c", "number": "2892327834", "date": "2021-01-22 15:25:00", "subject": "5", "recorded-or-robo": "Y", "city": "GILROY", "state": "CA", "area-code": "408"}, {"id": "e81c9350d54f66c6d33b3747ee34321a", "number": "6148649708", "date": "2021-01-21 06:43:00", "subject": "2", "recorded-or-robo": "Y", "city": "Bend", "state": "OR", "area-code": "541"}, {"id": "deca54a6651fb9add5b4a9816cc911b9", "number": "6148649708", "date": "2021-01-21 06:43:00", "subject": "2", "recorded-or-robo": "Y", "city": "Bend", "state": "OR", "area-code": "541"}, {"id": "e81c9350d54f66c6d33b3747ee342ad5", "number": "8885240691", "date": "2021-01-22 17:39:00", "subject": "1", "recorded-or-robo": "Y", "city": "", "state": "VA", "area-code": "757"}, {"id": "e81c9350d54f66c6d33b3747ee342138", "number": "6093164506", "date": "2021-01-18 15:51:00", "subject": "2", "recorded-or-robo": "Y", "city": "Plainsboro", "state": "NJ", "area-code": "609"}, {"id": "deca54a6651fb9add5b4a9816cc90ad9", "number": "8885240691", "date": "2021-01-22 17:39:00", "subject": "1", "recorded-or-robo": "Y", "city": "", "state": "VA", "area-code": "757"}, {"id": "deca54a6651fb9add5b4a9816cc907b9", "number": "6093164506", "date": "2021-01-18 15:51:00", "subject": "2", "recorded-or-robo": "Y", "city": "Plainsboro", "state": "NJ", "area-code": "609"}, {"id": "e81c9350d54f66c6d33b3747ee341f2c", "number": "9703999108", "date": "2021-01-22 16:17:00", "subject": "8", "recorded-or-robo": "N", "city": "Pagosa Springs", "state": "CO", "area-code": "970"}, {"id": "deca54a6651fb9add5b4a9816cc8fecb", "number": "9703999108", "date": "2021-01-22 16:17:00", "subject": "8", "recorded-or-robo": "N", "city": "Pagosa Springs", "state": "CO", "area-code": "970"}, {"id": "e81c9350d54f66c6d33b3747ee341b19", "number": "7632442241", "date": "2021-01-22 10:43:00", "subject": "2", "recorded-or-robo": "N", "city": "Farmington", "state": "MN", "area-code": "651"}, {"id": "deca54a6651fb9add5b4a9816cc8fc47", "number": "7632442241", "date": "2021-01-22 10:43:00", "subject": "2", "recorded-or-robo": "N", "city": "Farmington", "state": "MN", "area-code": "651"}, {"id": "e81c9350d54f66c6d33b3747ee341052", "number": "2075073057", "date": "2021-01-22 18:28:00", "subject": "4", "recorded-or-robo": "Y", "city": "", "state": "ME", "area-code": "207"}, {"id": "deca54a6651fb9add5b4a9816cc8f3a4", "number": "2075073057", "date": "2021-01-22 18:28:00", "subject": "4", "recorded-or-robo": "Y", "city": "", "state": "ME", "area-code": "207"}, {"id": "e81c9350d54f66c6d33b3747ee9d344e", "number": "+12178033773", "date": "2021-01-22 18:30:49", "subject": "3", "recorded-or-robo": "Y", "city": "", "state": "CO", "area-code": "303"}, {"id": "1d36742e3f24f50e4e7ae82801325084", "number": "+12178033773", "date": "2021-01-22 18:30:49", "subject": "3", "recorded-or-robo": "Y", "city": "", "state": "CO", "area-code": "303"}, {"id": "e81c9350d54f66c6d33b3747ee3405fa", "number": "4243723087", "date": "2021-01-20 00:00:00", "subject": "3", "recorded-or-robo": "", "city": "", "state": "CA", "area-code": "760"}, {"id": "e81c9350d54f66c6d33b3747ee33fcf6", "number": "6367247907", "date": "2021-01-22 17:04:00", "subject": "2", "recorded-or-robo": "Y", "city": "St charles", "state": "MO", "area-code": "636"}, {"id": "deca54a6651fb9add5b4a9816cc8eea4", "number": "4243723087", "date": "2021-01-20 00:00:00", "subject": "3", "recorded-or-robo": "", "city": "", "state": "CA", "area-code": "760"}, {"id": "deca54a6651fb9add5b4a9816cc8ea7c", "number": "6367247907", "date": "2021-01-22 17:04:00", "subject": "2", "recorded-or-robo": "Y", "city": "St charles", "state": "MO", "area-code": "636"}, {"id": "e81c9350d54f66c6d33b3747ee33c3e2", "number": "3122662655", "date": "2021-01-22 17:22:00", "subject": "3", "recorded-or-robo": "N", "city": "", "state": "MI", "area-code": "586"}, {"id": "deca54a6651fb9add5b4a9816cc8a0e7", "number": "3122662655", "date": "2021-01-22 17:22:00", "subject": "3", "recorded-or-robo": "N", "city": "", "state": "MI", "area-code": "586"}, {"id": "e81c9350d54f66c6d33b3747ee9d05f6", "number": "4842639901", "date": "2021-01-22 18:30:38", "subject": "3", "recorded-or-robo": "Y", "city": "", "state": "PA", "area-code": "814"}, {"id": "e81c9350d54f66c6d33b3747ee33e9db", "number": "5125885843", "date": "2021-01-22 15:51:00", "subject": "2", "recorded-or-robo": "Y", "city": "austin", "state": "TX", "area-code": "512"}, {"id": "e81c9350d54f66c6d33b3747ee33dd02", "number": "3236901893", "date": "2021-01-22 09:28:00", "subject": "2", "recorded-or-robo": "Y", "city": "Montebello", "state": "CA", "area-code": "323"}, {"id": "deca54a6651fb9add5b4a9816cc8d376", "number": "5125885843", "date": "2021-01-22 15:51:00", "subject": "2", "recorded-or-robo": "Y", "city": "austin", "state": "TX", "area-code": "512"}, {"id": "deca54a6651fb9add5b4a9816cc8c769", "number": "3236901893", "date": "2021-01-22 09:28:00", "subject": "2", "recorded-or-robo": "Y", "city": "Montebello", "state": "CA", "area-code": "323"}, {"id": "1d36742e3f24f50e4e7ae82801321d98", "number": "4842639901", "date": "2021-01-22 18:30:38", "subject": "3", "recorded-or-robo": "Y", "city": "", "state": "PA", "area-code": "814"}, {"id": "e81c9350d54f66c6d33b3747ee33da8c", "number": "5302168745", "date": "2021-01-20 10:03:00", "subject": "0", "recorded-or-robo": "N", "city": "Los Angeles", "state": "CA", "area-code": "310"}]}