{"data": [{"id": "deca54a6651fb9add5b4a9816ce47fc9", "number": "+17377479312", "date": "2021-01-22 17:13:53", "subject": "3", "recorded-or-robo": "Y", "city": "", "state": "MD", "area-code": "443"}, {"id": "e81c9350d54f66c6d33b3747ee509fe7", "number": "+19096967744", "date": "2021-01-22 17:13:52", "subject": "3", "recorded-or-robo": "Y", "city": "", "state": "CA", "area-code": "909"}, {"id": "e81c9350d54f66c6d33b3747ee06f49a", "number": "9525924951", "date": "2021-01-21 11:02:00", "subject": "2", "recorded-or-robo": "N", "city": "Apple Valley", "state": "MN", "area-code": "952"}, {"id": "deca54a6651fb9add5b4a9816ce4eb90", "number": "+19096967744", "date": "2021-01-22 17:13:52", "subject": "3", "recorded-or-robo": "Y", "city": "", "state": "CA", "area-code": "909"}, {"id": "deca54a6651fb9add5b4a9816c9bc94b", "number": "9525924951", "date": "2021-01-21 11:02:00", "subject": "2", "recorded-or-robo": "N", "city": "Apple Valley", "state": "MN", "area-code": "952"}, {"id": "e81c9350d54f66c6d33b3747ee06ebee", "number": "5105294888", "date": "2021-01-22 14:12:00", "subject": "9", "recorded-or-robo": "Y", "city": "Hayward", "state": "CA", "area-code": "510"}, {"id": "deca54a6651fb9add5b4a9816c9bc749", "number": "5105294888", "date": "2021-01-22 14:12:00", "subject": "9", "recorded-or-robo": "Y", "city": "Hayward", "state": "CA", "area-code": "510"}, {"id": "e81c9350d54f66c6d33b3747ee06ddc6", "number": "7209262494", "date": "2021-01-22 15:10:00", "subject": "1", "recorded-or-robo": "Y", "city": "", "state": "CO", "area-code": "720"}, {"id": "deca54a6651fb9add5b4a9816c9bbe77", "number": "7209262494", "date": "2021-01-22 15:10:00", "subject": "1", "recorded-or-robo": "Y", "city": "", "state": "CO", "area-code": "720"}, {"id": "e81c9350d54f66c6d33b3747ee06d13c", "number": "", "date": "2021-01-22 03:41:00", "subject": "3", "recorded-or-robo": "N", "city": "Saint Catharine", "state": "MO", "area-code": "660"}, {"id": "deca54a6651fb9add5b4a9816c9bb197", "number": "", "date": "2021-01-22 03:41:00", "subject": "3", "recorded-or-robo": "N", "city": "Saint Catharine", "state": "MO", "area-code": "660"}, {"id": "e81c9350d54f66c6d33b3747ee4fe590", "number": "+13128204879", "date": "2021-01-22 17:13:27", "subject": "3", "recorded-or-robo": "Y", "city": "", "state": "IL", "area-code": "773"}, {"id": "e81c9350d54f66c6d33b3747ee06c8c4", "number": "2299417130", "date": "2021-01-22 16:58:00", "subject": "2", "recorded-or-robo": "N", "city": "", "state": "GA", "area-code": "229"}, {"id": "deca54a6651fb9add5b4a9816ce47494", "number": "+13128204879", "date": "2021-01-22 17:13:27", "subject": "3", "recorded-or-robo": "Y", "city": "", "state": "IL", "area-code": "773"}, {"id": "deca54a6651fb9add5b4a9816c9bad3a", "number": "2299417130", "date": "2021-01-22 16:58:00", "subject": "2", "recorded-or-robo": "N", "city": "", "state": "GA", "area-code": "229"}, {"id": "e81c9350d54f66c6d33b3747ee4fdc2f", "number": "7722220197", "date": "2021-01-22 17:13:26", "subject": "3", "recorded-or-robo": "Y", "city": "", "state": "FL", "area-code": "305"}, {"id": "e81c9350d54f66c6d33b3747ee06c7cc", "number": "8885444877", "date": "2021-01-22 14:00:00", "subject": "0", "recorded-or-robo": "N", "city": "", "state": "NJ", "area-code": "973"}, {"id": "deca54a6651fb9add5b4a9816ce4722e", "number": "7722220197", "date": "2021-01-22 17:13:26", "subject": "3", "recorded-or-robo": "Y", "city": "", "state": "FL", "area-code": "305"}, {"id": "deca54a6651fb9add5b4a9816c9ba84a", "number": "8885444877", "date": "2021-01-22 14:00:00", "subject": "0", "recorded-or-robo": "N", "city": "", "state": "NJ", "area-code": "973"}, {"id": "e81c9350d54f66c6d33b3747ee06c688", "number": "2162662447", "date": "2021-01-19 10:26:00", "subject": "5", "recorded-or-robo": "Y", "city": "Alexandria", "state": "VA", "area-code": "216"}, {"id": "deca54a6651fb9add5b4a9816c9ba222", "number": "2162662447", "date": "2021-01-19 10:26:00", "subject": "5", "recorded-or-robo": "Y", "city": "Alexandria", "state": "VA", "area-code": "216"}, {"id": "e81c9350d54f66c6d33b3747ee501508", "number": "7722220197", "date": "2021-01-22 17:13:24", "subject": "3", "recorded-or-robo": "Y", "city": "", "state": "FL", "area-code": "305"}, {"id": "deca54a6651fb9add5b4a9816ce495d5", "number": "7722220197", "date": "2021-01-22 17:13:24", "subject": "3", "recorded-or-robo": "Y", "city": "", "state": "FL", "area-code": "305"}, {"id": "e81c9350d54f66c6d33b3747ee06b94e", "number": "2393298814", "date": "2021-01-08 11:50:00", "subject": "2", "recorded-or-robo": "Y", "city": "Las Vegas", "state": "FL", "area-code": "239"}, {"id": "deca54a6651fb9add5b4a9816c9b9dd3", "number": "2393298814", "date": "2021-01-08 11:50:00", "subject": "2", "recorded-or-robo": "Y", "city": "Las Vegas", "state": "FL", "area-code": "239"}, {"id": "e81c9350d54f66c6d33b3747ee5c26e4", "number": "5708952190", "date": "2021-01-22 17:05:00", "subject": "3", "recorded-or-robo": "Y", "city": "", "state": "PA", "area-code": "570"}, {"id": "e81c9350d54f66c6d33b3747ee06ab29", "number": "9039676899", "date": "2021-01-22 02:05:00", "subject": "1", "recorded-or-robo": "N", "city": "Roseburg", "state": "OR", "area-code": "760"}, {"id": "deca54a6651fb9add5b4a9816cf0fad6", "number": "5708952190", "date": "2021-01-22 17:05:00", "subject": "3", "recorded-or-robo": "Y", "city": "", "state": "PA", "area-code": "570"}, {"id": "deca54a6651fb9add5b4a9816c9b9c2d", "number": "9039676899", "date": "2021-01-22 02:05:00", "subject": "1", "recorded-or-robo": "N", "city": "Roseburg", "state": "OR", "area-code": "760"}, {"id": "e81c9350d54f66c6d33b3747ee06a780", "number": "7069286314", "date": "2021-01-22 16:05:00", "subject": "2", "recorded-or-robo": "Y", "city": "Houston", "state": "TX", "area-code": "281"}, {"id": "deca54a6651fb9add5b4a9816c9b92d9", "number": "7069286314", "date": "2021-01-22 16:05:00", "subject": "2", "recorded-or-robo": "Y", "city": "Houston", "state": "TX", "area-code": "281"}, {"id": "e81c9350d54f66c6d33b3747ee0697b0", "number": "6233034504", "date": "2021-01-22 15:33:00", "subject": "1", "recorded-or-robo": "N", "city": "Glendale", "state": "AZ", "area-code": "602"}, {"id": "deca54a6651fb9add5b4a9816c9b8a8d", "number": "6233034504", "date": "2021-01-22 15:33:00", "subject": "1", "recorded-or-robo": "N", "city": "Glendale", "state": "AZ", "area-code": "602"}, {"id": "e81c9350d54f66c6d33b3747ee5c26ba", "number": "5033879808", "date": "2021-01-22 06:58:00", "subject": "3", "recorded-or-robo": "Y", "city": "", "state": "OR", "area-code": "503"}, {"id": "deca54a6651fb9add5b4a9816cf0f729", "number": "5033879808", "date": "2021-01-22 06:58:00", "subject": "3", "recorded-or-robo": "Y", "city": "", "state": "OR", "area-code": "503"}, {"id": "e81c9350d54f66c6d33b3747ee068eca", "number": "4109073286", "date": "2021-01-22 13:29:00", "subject": "3", "recorded-or-robo": "Y", "city": "", "state": "MD", "area-code": "410"}, {"id": "deca54a6651fb9add5b4a9816c9b84fd", "number": "4109073286", "date": "2021-01-22 13:29:00", "subject": "3", "recorded-or-robo": "Y", "city": "", "state": "MD", "area-code": "410"}, {"id": "e81c9350d54f66c6d33b3747ee068827", "number": "4697253684", "date": "2021-01-20 00:00:00", "subject": "3", "recorded-or-robo": "", "city": "HOUSTON", "state": "TX", "area-code": "281"}, {"id": "deca54a6651fb9add5b4a9816c9b7e15", "number": "4697253684", "date": "2021-01-20 00:00:00", "subject": "3", "recorded-or-robo": "", "city": "HOUSTON", "state": "TX", "area-code": "281"}, {"id": "e81c9350d54f66c6d33b3747ee067ddb", "number": "9707163847", "date": "2021-01-22 12:02:00", "subject": "2", "recorded-or-robo": "Y", "city": "Milliken", "state": "CO", "area-code": "970"}, {"id": "deca54a6651fb9add5b4a9816c9b73b1", "number": "9707163847", "date": "2021-01-22 12:02:00", "subject": "2", "recorded-or-robo": "Y", "city": "Milliken", "state": "CO", "area-code": "970"}, {"id": "e81c9350d54f66c6d33b3747ee067d66", "number": "3324568220", "date": "2021-01-22 17:04:00", "subject": "1", "recorded-or-robo": "", "city": "", "state": "PA", "area-code": "215"}, {"id": "deca54a6651fb9add5b4a9816c9b701a", "number": "3324568220", "date": "2021-01-22 17:04:00", "subject": "1", "recorded-or-robo": "", "city": "", "state": "PA", "area-code": "215"}, {"id": "e81c9350d54f66c6d33b3747ee067a31", "number": "9198915614", "date": "2021-01-22 17:03:00", "subject": "1", "recorded-or-robo": "Y", "city": "Pittsburgh", "state": "PA", "area-code": "412"}, {"id": "deca54a6651fb9add5b4a9816c9b6bff", "number": "9198915614", "date": "2021-01-22 17:03:00", "subject": "1", "recorded-or-robo": "Y", "city": "Pittsburgh", "state": "PA", "area-code": "412"}, {"id": "e81c9350d54f66c6d33b3747ee067295", "number": "6308701524", "date": "2021-01-22 13:55:00", "subject": "2", "recorded-or-robo": "", "city": "", "state": "IL", "area-code": "630"}, {"id": "e81c9350d54f66c6d33b3747ee066e9f", "number": "8479778515", "date": "2021-01-22 15:37:00", "subject": "2", "recorded-or-robo": "Y", "city": "vernon hills", "state": "IL", "area-code": "847"}, {"id": "deca54a6651fb9add5b4a9816c9b6893", "number": "6308701524", "date": "2021-01-22 13:55:00", "subject": "2", "recorded-or-robo": "", "city": "", "state": "IL", "area-code": "630"}, {"id": "deca54a6651fb9add5b4a9816c9b628e", "number": "8479778515", "date": "2021-01-22 15:37:00", "subject": "2", "recorded-or-robo": "Y", "city": "vernon hills", "state": "IL", "area-code": "847"}, {"id": "e81c9350d54f66c6d33b3747ee066414", "number": "2192902474", "date": "2021-01-22 03:39:00", "subject": "2", "recorded-or-robo": "Y", "city": "", "state": "TX", "area-code": "281"}]}