{"data": [{"id": "deca54a6651fb9add5b4a9816cb802b8", "number": "3012042232", "date": "2021-01-15 15:18:00", "subject": "2", "recorded-or-robo": "Y", "city": "Chevy Chase", "state": "MD", "area-code": "301"}, {"id": "e81c9350d54f66c6d33b3747ee5d255d", "number": "", "date": "2020-02-22 17:22:00", "subject": "3", "recorded-or-robo": "N", "city": "", "state": "PA", "area-code": "610"}, {"id": "deca54a6651fb9add5b4a9816cf1e161", "number": "", "date": "2020-02-22 17:22:00", "subject": "3", "recorded-or-robo": "N", "city": "", "state": "PA", "area-code": "610"}, {"id": "e81c9350d54f66c6d33b3747ee22de07", "number": "7864400288", "date": "2021-01-21 18:09:00", "subject": "3", "recorded-or-robo": "Y", "city": "", "state": "FL", "area-code": "954"}, {"id": "deca54a6651fb9add5b4a9816cb7f8a4", "number": "7864400288", "date": "2021-01-21 18:09:00", "subject": "3", "recorded-or-robo": "Y", "city": "", "state": "FL", "area-code": "954"}, {"id": "e81c9350d54f66c6d33b3747ee22d879", "number": "2133283259", "date": "2021-01-21 16:30:00", "subject": "2", "recorded-or-robo": "N", "city": "Huntington Beach", "state": "CA", "area-code": "818"}, {"id": "deca54a6651fb9add5b4a9816cb7f21e", "number": "2133283259", "date": "2021-01-21 16:30:00", "subject": "2", "recorded-or-robo": "N", "city": "Huntington Beach", "state": "CA", "area-code": "818"}, {"id": "e81c9350d54f66c6d33b3747ee562957", "number": "+18445729494", "date": "2021-01-22 18:00:04", "subject": "3", "recorded-or-robo": "Y", "city": "", "state": "FL", "area-code": "239"}, {"id": "deca54a6651fb9add5b4a9816cea9959", "number": "+18445729494", "date": "2021-01-22 18:00:04", "subject": "3", "recorded-or-robo": "Y", "city": "", "state": "FL", "area-code": "239"}, {"id": "e81c9350d54f66c6d33b3747ee56992d", "number": "3854985398", "date": "2021-01-22 17:59:59", "subject": "3", "recorded-or-robo": "Y", "city": "", "state": "UT", "area-code": "801"}, {"id": "e81c9350d54f66c6d33b3747ee228de9", "number": "8139596656", "date": "2021-01-22 17:56:00", "subject": "3", "recorded-or-robo": "N", "city": "", "state": "FL", "area-code": "813"}, {"id": "deca54a6651fb9add5b4a9816ceb0dd6", "number": "3854985398", "date": "2021-01-22 17:59:59", "subject": "3", "recorded-or-robo": "Y", "city": "", "state": "UT", "area-code": "801"}, {"id": "deca54a6651fb9add5b4a9816cb79f2b", "number": "8139596656", "date": "2021-01-22 17:56:00", "subject": "3", "recorded-or-robo": "N", "city": "", "state": "FL", "area-code": "813"}, {"id": "e81c9350d54f66c6d33b3747ee22ce5f", "number": "8122097792", "date": "2021-01-22 15:55:00", "subject": "2", "recorded-or-robo": "", "city": "", "state": "IN", "area-code": "812"}, {"id": "deca54a6651fb9add5b4a9816cb7ef53", "number": "8122097792", "date": "2021-01-22 15:55:00", "subject": "2", "recorded-or-robo": "", "city": "", "state": "IN", "area-code": "812"}, {"id": "e81c9350d54f66c6d33b3747ee22ca57", "number": "2312440758", "date": "2021-01-22 16:00:00", "subject": "2", "recorded-or-robo": "Y", "city": "", "state": "AL", "area-code": "205"}, {"id": "deca54a6651fb9add5b4a9816cb7e2e9", "number": "2312440758", "date": "2021-01-22 16:00:00", "subject": "2", "recorded-or-robo": "Y", "city": "", "state": "AL", "area-code": "205"}, {"id": "e81c9350d54f66c6d33b3747ee5d373c", "number": "3144812559", "date": "2021-01-22 16:47:00", "subject": "3", "recorded-or-robo": "Y", "city": "", "state": "MO", "area-code": "314"}, {"id": "deca54a6651fb9add5b4a9816cf1fa8a", "number": "3144812559", "date": "2021-01-22 16:47:00", "subject": "3", "recorded-or-robo": "Y", "city": "", "state": "MO", "area-code": "314"}, {"id": "e81c9350d54f66c6d33b3747ee55c72b", "number": "+12056703066", "date": "2021-01-22 17:59:48", "subject": "3", "recorded-or-robo": "Y", "city": "", "state": "AL", "area-code": "205"}, {"id": "deca54a6651fb9add5b4a9816cea3b1d", "number": "+12056703066", "date": "2021-01-22 17:59:48", "subject": "3", "recorded-or-robo": "Y", "city": "", "state": "AL", "area-code": "205"}, {"id": "e81c9350d54f66c6d33b3747ee55aafc", "number": "+19546948129", "date": "2021-01-22 17:59:47", "subject": "3", "recorded-or-robo": "Y", "city": "", "state": "MI", "area-code": "810"}, {"id": "e81c9350d54f66c6d33b3747ee22be56", "number": "8162957531", "date": "2021-01-22 12:40:00", "subject": "2", "recorded-or-robo": "Y", "city": "West Memphis", "state": "AR", "area-code": "870"}, {"id": "deca54a6651fb9add5b4a9816cea1e8b", "number": "+19546948129", "date": "2021-01-22 17:59:47", "subject": "3", "recorded-or-robo": "Y", "city": "", "state": "MI", "area-code": "810"}, {"id": "deca54a6651fb9add5b4a9816cb7d976", "number": "8162957531", "date": "2021-01-22 12:40:00", "subject": "2", "recorded-or-robo": "Y", "city": "West Memphis", "state": "AR", "area-code": "870"}, {"id": "e81c9350d54f66c6d33b3747ee5606d9", "number": "3854985636", "date": "2021-01-22 17:59:46", "subject": "3", "recorded-or-robo": "Y", "city": "", "state": "UT", "area-code": "801"}, {"id": "deca54a6651fb9add5b4a9816cea8042", "number": "3854985636", "date": "2021-01-22 17:59:46", "subject": "3", "recorded-or-robo": "Y", "city": "", "state": "UT", "area-code": "801"}, {"id": "e81c9350d54f66c6d33b3747ee22b392", "number": "8646379757", "date": "2021-01-22 08:33:00", "subject": "2", "recorded-or-robo": "Y", "city": "Fort Scott", "state": "KS", "area-code": "864"}, {"id": "deca54a6651fb9add5b4a9816cb7d0d7", "number": "8646379757", "date": "2021-01-22 08:33:00", "subject": "2", "recorded-or-robo": "Y", "city": "Fort Scott", "state": "KS", "area-code": "864"}, {"id": "e81c9350d54f66c6d33b3747ee558f91", "number": "+13303823678", "date": "2021-01-22 17:59:40", "subject": "3", "recorded-or-robo": "Y", "city": "", "state": "OH", "area-code": "330"}, {"id": "e81c9350d54f66c6d33b3747ee550715", "number": "2158495371", "date": "2021-01-22 17:59:40", "subject": "3", "recorded-or-robo": "Y", "city": "", "state": "WI", "area-code": "262"}, {"id": "deca54a6651fb9add5b4a9816cea0467", "number": "+13303823678", "date": "2021-01-22 17:59:40", "subject": "3", "recorded-or-robo": "Y", "city": "", "state": "OH", "area-code": "330"}, {"id": "deca54a6651fb9add5b4a9816ce99a6e", "number": "2158495371", "date": "2021-01-22 17:59:40", "subject": "3", "recorded-or-robo": "Y", "city": "", "state": "WI", "area-code": "262"}, {"id": "e81c9350d54f66c6d33b3747ee5522fc", "number": "2158495371", "date": "2021-01-22 17:59:39", "subject": "3", "recorded-or-robo": "Y", "city": "", "state": "WI", "area-code": "262"}, {"id": "e81c9350d54f66c6d33b3747ee22aa98", "number": "8482596513", "date": "2021-01-22 17:52:00", "subject": "2", "recorded-or-robo": "Y", "city": "", "state": "NJ", "area-code": "848"}, {"id": "e81c9350d54f66c6d33b3747ee229ed2", "number": "2767011169", "date": "2021-01-22 12:25:00", "subject": "1", "recorded-or-robo": "N", "city": "Grundy", "state": "VA", "area-code": "276"}, {"id": "deca54a6651fb9add5b4a9816ce9acd8", "number": "2158495371", "date": "2021-01-22 17:59:39", "subject": "3", "recorded-or-robo": "Y", "city": "", "state": "WI", "area-code": "262"}, {"id": "deca54a6651fb9add5b4a9816cb7c6a3", "number": "8482596513", "date": "2021-01-22 17:52:00", "subject": "2", "recorded-or-robo": "Y", "city": "", "state": "NJ", "area-code": "848"}, {"id": "deca54a6651fb9add5b4a9816cb7ba48", "number": "2767011169", "date": "2021-01-22 12:25:00", "subject": "1", "recorded-or-robo": "N", "city": "Grundy", "state": "VA", "area-code": "276"}, {"id": "e81c9350d54f66c6d33b3747ee229e26", "number": "8183810093", "date": "2021-01-21 16:39:00", "subject": "0", "recorded-or-robo": "N", "city": "Huntington Beach", "state": "CA", "area-code": "818"}, {"id": "deca54a6651fb9add5b4a9816cb7aedd", "number": "8183810093", "date": "2021-01-21 16:39:00", "subject": "0", "recorded-or-robo": "N", "city": "Huntington Beach", "state": "CA", "area-code": "818"}, {"id": "e81c9350d54f66c6d33b3747ee55fd0c", "number": "+18328396686", "date": "2021-01-22 17:59:37", "subject": "3", "recorded-or-robo": "Y", "city": "", "state": "TX", "area-code": "832"}, {"id": "e81c9350d54f66c6d33b3747ee5565c9", "number": "7272934026", "date": "2021-01-22 17:59:37", "subject": "3", "recorded-or-robo": "Y", "city": "", "state": "FL", "area-code": "727"}, {"id": "deca54a6651fb9add5b4a9816cea7695", "number": "+18328396686", "date": "2021-01-22 17:59:37", "subject": "3", "recorded-or-robo": "Y", "city": "", "state": "TX", "area-code": "832"}, {"id": "deca54a6651fb9add5b4a9816ce9e0f5", "number": "7272934026", "date": "2021-01-22 17:59:37", "subject": "3", "recorded-or-robo": "Y", "city": "", "state": "FL", "area-code": "727"}, {"id": "e81c9350d54f66c6d33b3747ee2298fe", "number": "9123441639", "date": "2021-01-19 08:48:00", "subject": "2", "recorded-or-robo": "Y", "city": "Colorado Springs", "state": "CO", "area-code": "912"}, {"id": "deca54a6651fb9add5b4a9816cb79f9e", "number": "9123441639", "date": "2021-01-19 08:48:00", "subject": "2", "recorded-or-robo": "Y", "city": "Colorado Springs", "state": "CO", "area-code": "912"}, {"id": "e81c9350d54f66c6d33b3747ee5d3531", "number": "", "date": "2021-01-21 12:22:00", "subject": "3", "recorded-or-robo": "Y", "city": "", "state": "NC", "area-code": "919"}, {"id": "deca54a6651fb9add5b4a9816cf1f1df", "number": "", "date": "2021-01-21 12:22:00", "subject": "3", "recorded-or-robo": "Y", "city": "", "state": "NC", "area-code": "919"}, {"id": "e81c9350d54f66c6d33b3747ee555b9b", "number": "8016917924", "date": "2021-01-22 17:59:31", "subject": "3", "recorded-or-robo": "N", "city": "", "state": "UT", "area-code": "801"}]}