{"data": [{"id": "b6a8da8b80f26332ed085cca2df7e2d6", "number": "9144916495", "date": "2021-01-22 16:51:00", "subject": "2", "recorded-or-robo": "Y", "city": "Cleveland", "state": "OH", "area-code": "440"}, {"id": "deca54a6651fb9add5b4a9816c8c9657", "number": "6692214551", "date": "2021-01-22 11:28:00", "subject": "2", "recorded-or-robo": "Y", "city": "Aptos", "state": "CA", "area-code": "831"}, {"id": "b6a8da8b80f26332ed085cca2df7c766", "number": "6692214551", "date": "2021-01-22 11:28:00", "subject": "2", "recorded-or-robo": "Y", "city": "Aptos", "state": "CA", "area-code": "831"}, {"id": "e81c9350d54f66c6d33b3747ee4d754d", "number": "5034685511", "date": "2021-01-22 16:51:37", "subject": "3", "recorded-or-robo": "Y", "city": "", "state": "OR", "area-code": "503"}, {"id": "deca54a6651fb9add5b4a9816ce1e0fc", "number": "5034685511", "date": "2021-01-22 16:51:37", "subject": "3", "recorded-or-robo": "Y", "city": "", "state": "OR", "area-code": "503"}, {"id": "deca54a6651fb9add5b4a9816c8c873f", "number": "8883256970", "date": "2021-01-22 00:00:00", "subject": "3", "recorded-or-robo": "Y", "city": "", "state": "IA", "area-code": "319"}, {"id": "b6a8da8b80f26332ed085cca2df7baed", "number": "8883256970", "date": "2021-01-22 00:00:00", "subject": "3", "recorded-or-robo": "Y", "city": "", "state": "IA", "area-code": "319"}, {"id": "deca54a6651fb9add5b4a9816c8c7d8f", "number": "6463780795", "date": "2021-01-22 15:34:00", "subject": "2", "recorded-or-robo": "Y", "city": "CHICAGO", "state": "IL", "area-code": "773"}, {"id": "deca54a6651fb9add5b4a9816c8b9e4c", "number": "7738468395", "date": "2021-01-22 14:36:00", "subject": "3", "recorded-or-robo": "N", "city": "", "state": "IL", "area-code": "773"}, {"id": "b6a8da8b80f26332ed085cca2df7aff2", "number": "6463780795", "date": "2021-01-22 15:34:00", "subject": "2", "recorded-or-robo": "Y", "city": "CHICAGO", "state": "IL", "area-code": "773"}, {"id": "b6a8da8b80f26332ed085cca2df6bc3f", "number": "7738468395", "date": "2021-01-22 14:36:00", "subject": "3", "recorded-or-robo": "N", "city": "", "state": "IL", "area-code": "773"}, {"id": "deca54a6651fb9add5b4a9816c8c773c", "number": "4254583090", "date": "2021-01-22 14:41:00", "subject": "11", "recorded-or-robo": "N", "city": "HELENA", "state": "MT", "area-code": "406"}, {"id": "deca54a6651fb9add5b4a9816c8c6a60", "number": "3344546194", "date": "2021-01-22 09:47:00", "subject": "1", "recorded-or-robo": "Y", "city": "Santa Ana", "state": "CA", "area-code": "714"}, {"id": "deca54a6651fb9add5b4a9816c8c5ba9", "number": "2142810035", "date": "2021-01-22 03:49:00", "subject": "11", "recorded-or-robo": "Y", "city": "Dallas", "state": "TX", "area-code": "214"}, {"id": "b6a8da8b80f26332ed085cca2df7acc0", "number": "4254583090", "date": "2021-01-22 14:41:00", "subject": "11", "recorded-or-robo": "N", "city": "HELENA", "state": "MT", "area-code": "406"}, {"id": "b6a8da8b80f26332ed085cca2df7a374", "number": "3344546194", "date": "2021-01-22 09:47:00", "subject": "1", "recorded-or-robo": "Y", "city": "Santa Ana", "state": "CA", "area-code": "714"}, {"id": "b6a8da8b80f26332ed085cca2df79fd6", "number": "2142810035", "date": "2021-01-22 03:49:00", "subject": "11", "recorded-or-robo": "Y", "city": "Dallas", "state": "TX", "area-code": "214"}, {"id": "e81c9350d54f66c6d33b3747ee4d8454", "number": "9416622208", "date": "2021-01-22 16:51:27", "subject": "3", "recorded-or-robo": "Y", "city": "", "state": "NJ", "area-code": "848"}, {"id": "deca54a6651fb9add5b4a9816ce1ed7a", "number": "9416622208", "date": "2021-01-22 16:51:27", "subject": "3", "recorded-or-robo": "Y", "city": "", "state": "NJ", "area-code": "848"}, {"id": "deca54a6651fb9add5b4a9816c8c5993", "number": "2622617599", "date": "2021-01-22 10:00:00", "subject": "4", "recorded-or-robo": "N", "city": "Phoenix", "state": "AZ", "area-code": "262"}, {"id": "b6a8da8b80f26332ed085cca2df79dd4", "number": "2622617599", "date": "2021-01-22 10:00:00", "subject": "4", "recorded-or-robo": "N", "city": "Phoenix", "state": "AZ", "area-code": "262"}, {"id": "deca54a6651fb9add5b4a9816c8c556b", "number": "", "date": "2021-01-22 16:46:00", "subject": "1", "recorded-or-robo": "Y", "city": "", "state": "FL", "area-code": "904"}, {"id": "b6a8da8b80f26332ed085cca2df790de", "number": "", "date": "2021-01-22 16:46:00", "subject": "1", "recorded-or-robo": "Y", "city": "", "state": "FL", "area-code": "904"}, {"id": "deca54a6651fb9add5b4a9816c8c51fb", "number": "3038045398", "date": "2021-01-22 13:54:00", "subject": "4", "recorded-or-robo": "Y", "city": "", "state": "CO", "area-code": "303"}, {"id": "b6a8da8b80f26332ed085cca2df7853f", "number": "3038045398", "date": "2021-01-22 13:54:00", "subject": "4", "recorded-or-robo": "Y", "city": "", "state": "CO", "area-code": "303"}, {"id": "deca54a6651fb9add5b4a9816c8c4c72", "number": "7207978149", "date": "2021-01-22 02:35:00", "subject": "5", "recorded-or-robo": "Y", "city": "BLOOMINGTON", "state": "MN", "area-code": "952"}, {"id": "deca54a6651fb9add5b4a9816c8c4b0b", "number": "3015981739", "date": "2021-01-22 13:04:00", "subject": "1", "recorded-or-robo": "Y", "city": "Silver Spring", "state": "MD", "area-code": "301"}, {"id": "b6a8da8b80f26332ed085cca2df77568", "number": "7207978149", "date": "2021-01-22 02:35:00", "subject": "5", "recorded-or-robo": "Y", "city": "BLOOMINGTON", "state": "MN", "area-code": "952"}, {"id": "b6a8da8b80f26332ed085cca2df765b0", "number": "3015981739", "date": "2021-01-22 13:04:00", "subject": "1", "recorded-or-robo": "Y", "city": "Silver Spring", "state": "MD", "area-code": "301"}, {"id": "deca54a6651fb9add5b4a9816c8c4823", "number": "7866232787", "date": "2021-01-22 15:58:00", "subject": "1", "recorded-or-robo": "Y", "city": "", "state": "MI", "area-code": "616"}, {"id": "b6a8da8b80f26332ed085cca2df7621f", "number": "7866232787", "date": "2021-01-22 15:58:00", "subject": "1", "recorded-or-robo": "Y", "city": "", "state": "MI", "area-code": "616"}, {"id": "deca54a6651fb9add5b4a9816c8c3ec1", "number": "5625128606", "date": "2021-01-20 17:55:00", "subject": "2", "recorded-or-robo": "Y", "city": "Fairfield", "state": "CA", "area-code": "650"}, {"id": "b6a8da8b80f26332ed085cca2df75601", "number": "5625128606", "date": "2021-01-20 17:55:00", "subject": "2", "recorded-or-robo": "Y", "city": "Fairfield", "state": "CA", "area-code": "650"}, {"id": "deca54a6651fb9add5b4a9816c8c3eaa", "number": "8134411814", "date": "2021-01-22 11:51:00", "subject": "1", "recorded-or-robo": "Y", "city": "north Riverside", "state": "IL", "area-code": "708"}, {"id": "b6a8da8b80f26332ed085cca2df7501c", "number": "8134411814", "date": "2021-01-22 11:51:00", "subject": "1", "recorded-or-robo": "Y", "city": "north Riverside", "state": "IL", "area-code": "708"}, {"id": "deca54a6651fb9add5b4a9816c8c3a27", "number": "7602378409", "date": "2021-01-22 15:47:00", "subject": "4", "recorded-or-robo": "Y", "city": "Kemah", "state": "TX", "area-code": "949"}, {"id": "b6a8da8b80f26332ed085cca2df74029", "number": "7602378409", "date": "2021-01-22 15:47:00", "subject": "4", "recorded-or-robo": "Y", "city": "Kemah", "state": "TX", "area-code": "949"}, {"id": "e81c9350d54f66c6d33b3747ee4d2107", "number": "+12023296796", "date": "2021-01-22 16:51:02", "subject": "3", "recorded-or-robo": "Y", "city": "", "state": "OH", "area-code": "614"}, {"id": "deca54a6651fb9add5b4a9816ce18c55", "number": "+12023296796", "date": "2021-01-22 16:51:02", "subject": "3", "recorded-or-robo": "Y", "city": "", "state": "OH", "area-code": "614"}, {"id": "deca54a6651fb9add5b4a9816c8c2a79", "number": "5204260056", "date": "2021-01-22 00:00:00", "subject": "3", "recorded-or-robo": "Y", "city": "", "state": "IA", "area-code": "319"}, {"id": "b6a8da8b80f26332ed085cca2df73bd1", "number": "5204260056", "date": "2021-01-22 00:00:00", "subject": "3", "recorded-or-robo": "Y", "city": "", "state": "IA", "area-code": "319"}, {"id": "deca54a6651fb9add5b4a9816c8c20ca", "number": "4026806294", "date": "2021-01-22 14:32:00", "subject": "2", "recorded-or-robo": "N", "city": "Three Forks", "state": "WA", "area-code": "509"}, {"id": "b6a8da8b80f26332ed085cca2df72deb", "number": "4026806294", "date": "2021-01-22 14:32:00", "subject": "2", "recorded-or-robo": "N", "city": "Three Forks", "state": "WA", "area-code": "509"}, {"id": "deca54a6651fb9add5b4a9816c8c19b5", "number": "5747737645", "date": "2021-01-22 15:10:00", "subject": "3", "recorded-or-robo": "Y", "city": "", "state": "IN", "area-code": "574"}, {"id": "b6a8da8b80f26332ed085cca2df71e85", "number": "5747737645", "date": "2021-01-22 15:10:00", "subject": "3", "recorded-or-robo": "Y", "city": "", "state": "IN", "area-code": "574"}, {"id": "deca54a6651fb9add5b4a9816c8c1105", "number": "8008722657", "date": "2021-01-22 07:25:00", "subject": "5", "recorded-or-robo": "Y", "city": "", "state": "CA", "area-code": "650"}, {"id": "b6a8da8b80f26332ed085cca2df717e8", "number": "8008722657", "date": "2021-01-22 07:25:00", "subject": "5", "recorded-or-robo": "Y", "city": "", "state": "CA", "area-code": "650"}, {"id": "deca54a6651fb9add5b4a9816c8c02d4", "number": "4198755075", "date": "2021-01-22 16:02:00", "subject": "2", "recorded-or-robo": "Y", "city": "TIRO", "state": "OH", "area-code": "419"}, {"id": "b6a8da8b80f26332ed085cca2df71644", "number": "4198755075", "date": "2021-01-22 16:02:00", "subject": "2", "recorded-or-robo": "Y", "city": "TIRO", "state": "OH", "area-code": "419"}, {"id": "deca54a6651fb9add5b4a9816c8bf51e", "number": "6512377716", "date": "2021-01-20 14:00:00", "subject": "0", "recorded-or-robo": "Y", "city": "", "state": "MN", "area-code": "651"}]}