{"data": [{"id": "deca54a6651fb9add5b4a9816cb34890", "number": "8882180804", "date": "2021-01-22 17:35:00", "subject": "4", "recorded-or-robo": "N", "city": "Warren", "state": "MI", "area-code": "586"}, {"id": "e81c9350d54f66c6d33b3747ee1e22e4", "number": "3152328257", "date": "2021-01-22 17:45:00", "subject": "1", "recorded-or-robo": "Y", "city": "", "state": "MD", "area-code": "202"}, {"id": "e81c9350d54f66c6d33b3747ee1e2112", "number": "8437722938", "date": "2021-01-22 14:15:00", "subject": "3", "recorded-or-robo": "Y", "city": "", "state": "SC", "area-code": "843"}, {"id": "deca54a6651fb9add5b4a9816cb343a9", "number": "3152328257", "date": "2021-01-22 17:45:00", "subject": "1", "recorded-or-robo": "Y", "city": "", "state": "MD", "area-code": "202"}, {"id": "deca54a6651fb9add5b4a9816cb33c17", "number": "8437722938", "date": "2021-01-22 14:15:00", "subject": "3", "recorded-or-robo": "Y", "city": "", "state": "SC", "area-code": "843"}, {"id": "e81c9350d54f66c6d33b3747ee1e1d00", "number": "6617772513", "date": "2021-01-21 15:36:00", "subject": "6", "recorded-or-robo": "Y", "city": "Bakersfield", "state": "CA", "area-code": "661"}, {"id": "e81c9350d54f66c6d33b3747ee1e0f62", "number": "5107316793", "date": "2021-01-22 14:50:00", "subject": "1", "recorded-or-robo": "Y", "city": "", "state": "CA", "area-code": "510"}, {"id": "deca54a6651fb9add5b4a9816cb33bb9", "number": "6617772513", "date": "2021-01-21 15:36:00", "subject": "6", "recorded-or-robo": "Y", "city": "Bakersfield", "state": "CA", "area-code": "661"}, {"id": "deca54a6651fb9add5b4a9816cb331f1", "number": "5107316793", "date": "2021-01-22 14:50:00", "subject": "1", "recorded-or-robo": "Y", "city": "", "state": "CA", "area-code": "510"}, {"id": "e81c9350d54f66c6d33b3747ee5475f2", "number": "4408981388", "date": "2021-01-22 17:51:50", "subject": "3", "recorded-or-robo": "Y", "city": "", "state": "OH", "area-code": "440"}, {"id": "deca54a6651fb9add5b4a9816ce8e215", "number": "4408981388", "date": "2021-01-22 17:51:50", "subject": "3", "recorded-or-robo": "Y", "city": "", "state": "OH", "area-code": "440"}, {"id": "e81c9350d54f66c6d33b3747ee1e0097", "number": "3025494882", "date": "2021-01-22 10:11:00", "subject": "0", "recorded-or-robo": "", "city": "Millsboro", "state": "DE", "area-code": "302"}, {"id": "deca54a6651fb9add5b4a9816cb32613", "number": "3025494882", "date": "2021-01-22 10:11:00", "subject": "0", "recorded-or-robo": "", "city": "Millsboro", "state": "DE", "area-code": "302"}, {"id": "e81c9350d54f66c6d33b3747ee1df588", "number": "9016104249", "date": "2021-01-22 16:49:00", "subject": "2", "recorded-or-robo": "", "city": "Mt Vernon", "state": "IL", "area-code": "618"}, {"id": "e81c9350d54f66c6d33b3747ee1d7b3c", "number": "8187365369", "date": "2021-01-22 14:03:00", "subject": "3", "recorded-or-robo": "N", "city": "", "state": "CA", "area-code": "818"}, {"id": "deca54a6651fb9add5b4a9816cb32249", "number": "9016104249", "date": "2021-01-22 16:49:00", "subject": "2", "recorded-or-robo": "", "city": "Mt Vernon", "state": "IL", "area-code": "618"}, {"id": "deca54a6651fb9add5b4a9816cb2a753", "number": "8187365369", "date": "2021-01-22 14:03:00", "subject": "3", "recorded-or-robo": "N", "city": "", "state": "CA", "area-code": "818"}, {"id": "e81c9350d54f66c6d33b3747ee1df2ad", "number": "4157813767", "date": "2021-01-22 14:46:00", "subject": "1", "recorded-or-robo": "Y", "city": "Los Altos", "state": "CA", "area-code": "415"}, {"id": "deca54a6651fb9add5b4a9816cb315a7", "number": "4157813767", "date": "2021-01-22 14:46:00", "subject": "1", "recorded-or-robo": "Y", "city": "Los Altos", "state": "CA", "area-code": "415"}, {"id": "e81c9350d54f66c6d33b3747ee1deee1", "number": "6418576872", "date": "2021-01-22 14:46:00", "subject": "2", "recorded-or-robo": "Y", "city": "Poway", "state": "CA", "area-code": "858"}, {"id": "deca54a6651fb9add5b4a9816cb30995", "number": "6418576872", "date": "2021-01-22 14:46:00", "subject": "2", "recorded-or-robo": "Y", "city": "Poway", "state": "CA", "area-code": "858"}, {"id": "e81c9350d54f66c6d33b3747ee1de020", "number": "5028346718", "date": "2021-01-22 14:25:00", "subject": "2", "recorded-or-robo": "N", "city": "Huntington Beach", "state": "CA", "area-code": "818"}, {"id": "deca54a6651fb9add5b4a9816cb304a0", "number": "5028346718", "date": "2021-01-22 14:25:00", "subject": "2", "recorded-or-robo": "N", "city": "Huntington Beach", "state": "CA", "area-code": "818"}, {"id": "e81c9350d54f66c6d33b3747ee1dccb5", "number": "7574525647", "date": "2021-01-22 17:50:00", "subject": "12", "recorded-or-robo": "N", "city": "Virginia Beach", "state": "VA", "area-code": "757"}, {"id": "deca54a6651fb9add5b4a9816cb2f88f", "number": "7574525647", "date": "2021-01-22 17:50:00", "subject": "12", "recorded-or-robo": "N", "city": "Virginia Beach", "state": "VA", "area-code": "757"}, {"id": "e81c9350d54f66c6d33b3747ee1dc1c6", "number": "3473997994", "date": "2021-01-22 14:38:00", "subject": "2", "recorded-or-robo": "Y", "city": "", "state": "NY", "area-code": "347"}, {"id": "deca54a6651fb9add5b4a9816cb2f217", "number": "3473997994", "date": "2021-01-22 14:38:00", "subject": "2", "recorded-or-robo": "Y", "city": "", "state": "NY", "area-code": "347"}, {"id": "e81c9350d54f66c6d33b3747ee1dc1ac", "number": "5107889136", "date": "2021-01-22 14:17:00", "subject": "1", "recorded-or-robo": "Y", "city": "", "state": "CA", "area-code": "510"}, {"id": "e81c9350d54f66c6d33b3747ee1db340", "number": "2484300188", "date": "2021-01-22 17:30:00", "subject": "5", "recorded-or-robo": "Y", "city": "Farmington Hills", "state": "MI", "area-code": "248"}, {"id": "deca54a6651fb9add5b4a9816cb2edb1", "number": "5107889136", "date": "2021-01-22 14:17:00", "subject": "1", "recorded-or-robo": "Y", "city": "", "state": "CA", "area-code": "510"}, {"id": "deca54a6651fb9add5b4a9816cb2e901", "number": "2484300188", "date": "2021-01-22 17:30:00", "subject": "5", "recorded-or-robo": "Y", "city": "Farmington Hills", "state": "MI", "area-code": "248"}, {"id": "e81c9350d54f66c6d33b3747ee1dac9f", "number": "1345793439", "date": "2021-01-22 13:31:00", "subject": "0", "recorded-or-robo": "Y", "city": "Sylvan Lake", "state": "MI", "area-code": "248"}, {"id": "deca54a6651fb9add5b4a9816cb2e112", "number": "1345793439", "date": "2021-01-22 13:31:00", "subject": "0", "recorded-or-robo": "Y", "city": "Sylvan Lake", "state": "MI", "area-code": "248"}, {"id": "e81c9350d54f66c6d33b3747ee1dac7c", "number": "8654357203", "date": "2021-01-22 15:47:00", "subject": "2", "recorded-or-robo": "Y", "city": "Kingston", "state": "TN", "area-code": "865"}, {"id": "deca54a6651fb9add5b4a9816cb2db90", "number": "8654357203", "date": "2021-01-22 15:47:00", "subject": "2", "recorded-or-robo": "Y", "city": "Kingston", "state": "TN", "area-code": "865"}, {"id": "e81c9350d54f66c6d33b3747ee1d9dcf", "number": "9092708144", "date": "2021-01-22 14:23:00", "subject": "2", "recorded-or-robo": "Y", "city": "Anderson", "state": "CA", "area-code": "530"}, {"id": "deca54a6651fb9add5b4a9816cb2d5b8", "number": "9092708144", "date": "2021-01-22 14:23:00", "subject": "2", "recorded-or-robo": "Y", "city": "Anderson", "state": "CA", "area-code": "530"}, {"id": "e81c9350d54f66c6d33b3747ee1d96b0", "number": "6052265834", "date": "2021-01-22 16:49:00", "subject": "2", "recorded-or-robo": "Y", "city": "Chicago", "state": "IL", "area-code": "312"}, {"id": "deca54a6651fb9add5b4a9816cb2c9a8", "number": "6052265834", "date": "2021-01-22 16:49:00", "subject": "2", "recorded-or-robo": "Y", "city": "Chicago", "state": "IL", "area-code": "312"}, {"id": "e81c9350d54f66c6d33b3747ee5ce3cf", "number": "", "date": "2021-01-22 17:32:00", "subject": "3", "recorded-or-robo": "Y", "city": "", "state": "FL", "area-code": "561"}, {"id": "deca54a6651fb9add5b4a9816cf1b19e", "number": "", "date": "2021-01-22 17:32:00", "subject": "3", "recorded-or-robo": "Y", "city": "", "state": "FL", "area-code": "561"}, {"id": "e81c9350d54f66c6d33b3747ee1d8e51", "number": "3124873248", "date": "2021-01-22 17:35:00", "subject": "2", "recorded-or-robo": "Y", "city": "Barberton", "state": "OH", "area-code": "312"}, {"id": "e81c9350d54f66c6d33b3747ee1d86f3", "number": "8173989782", "date": "2021-01-22 11:54:00", "subject": "0", "recorded-or-robo": "", "city": "Millsboro", "state": "DE", "area-code": "302"}, {"id": "deca54a6651fb9add5b4a9816cb2c388", "number": "3124873248", "date": "2021-01-22 17:35:00", "subject": "2", "recorded-or-robo": "Y", "city": "Barberton", "state": "OH", "area-code": "312"}, {"id": "deca54a6651fb9add5b4a9816cb2bc24", "number": "8173989782", "date": "2021-01-22 11:54:00", "subject": "0", "recorded-or-robo": "", "city": "Millsboro", "state": "DE", "area-code": "302"}, {"id": "e81c9350d54f66c6d33b3747ee1d81f1", "number": "8183507607", "date": "2021-01-22 14:33:00", "subject": "2", "recorded-or-robo": "N", "city": "Huntington Beach", "state": "CA", "area-code": "818"}, {"id": "deca54a6651fb9add5b4a9816cb2b5b9", "number": "8183507607", "date": "2021-01-22 14:33:00", "subject": "2", "recorded-or-robo": "N", "city": "Huntington Beach", "state": "CA", "area-code": "818"}, {"id": "e81c9350d54f66c6d33b3747ee1d7da2", "number": "9089224413", "date": "2021-01-21 19:05:00", "subject": "1", "recorded-or-robo": "Y", "city": "Whitehouse Station", "state": "NJ", "area-code": "908"}, {"id": "deca54a6651fb9add5b4a9816cb2a820", "number": "9089224413", "date": "2021-01-21 19:05:00", "subject": "1", "recorded-or-robo": "Y", "city": "Whitehouse Station", "state": "NJ", "area-code": "908"}, {"id": "e81c9350d54f66c6d33b3747ee1d7699", "number": "3013291738", "date": "2021-01-22 12:28:00", "subject": "4", "recorded-or-robo": "Y", "city": "Chevy Chase", "state": "MD", "area-code": "301"}]}