{"data": [{"id": "b6a8da8b80f26332ed085cca2de4eb89", "number": "7343554839", "date": "2021-01-22 11:24:00", "subject": "2", "recorded-or-robo": "N", "city": "", "state": "MI", "area-code": "734"}, {"id": "e81c9350d54f66c6d33b3747ee49b7e4", "number": "+13479788694", "date": "2021-01-22 16:24:55", "subject": "3", "recorded-or-robo": "Y", "city": "", "state": "NY", "area-code": "347"}, {"id": "deca54a6651fb9add5b4a9816cde4c52", "number": "+13479788694", "date": "2021-01-22 16:24:55", "subject": "3", "recorded-or-robo": "Y", "city": "", "state": "NY", "area-code": "347"}, {"id": "deca54a6651fb9add5b4a9816c79f248", "number": "8032189122", "date": "2021-01-22 13:58:00", "subject": "2", "recorded-or-robo": "N", "city": "Martin", "state": "SC", "area-code": "803"}, {"id": "b6a8da8b80f26332ed085cca2de4d9bf", "number": "8032189122", "date": "2021-01-22 13:58:00", "subject": "2", "recorded-or-robo": "N", "city": "Martin", "state": "SC", "area-code": "803"}, {"id": "deca54a6651fb9add5b4a9816c79efe9", "number": "3012623143", "date": "2021-01-22 15:23:00", "subject": "5", "recorded-or-robo": "Y", "city": "Bowie", "state": "MD", "area-code": "301"}, {"id": "b6a8da8b80f26332ed085cca2de4cffc", "number": "3012623143", "date": "2021-01-22 15:23:00", "subject": "5", "recorded-or-robo": "Y", "city": "Bowie", "state": "MD", "area-code": "301"}, {"id": "e81c9350d54f66c6d33b3747ee5b3c45", "number": "4102614950", "date": "2021-01-22 16:20:00", "subject": "3", "recorded-or-robo": "N", "city": "", "state": "PA", "area-code": "717"}, {"id": "deca54a6651fb9add5b4a9816cf005a1", "number": "4102614950", "date": "2021-01-22 16:20:00", "subject": "3", "recorded-or-robo": "N", "city": "", "state": "PA", "area-code": "717"}, {"id": "deca54a6651fb9add5b4a9816c79e85f", "number": "5709084591", "date": "2021-01-22 04:14:00", "subject": "4", "recorded-or-robo": "Y", "city": "Nicholson", "state": "PA", "area-code": "570"}, {"id": "b6a8da8b80f26332ed085cca2de4c978", "number": "5709084591", "date": "2021-01-22 04:14:00", "subject": "4", "recorded-or-robo": "Y", "city": "Nicholson", "state": "PA", "area-code": "570"}, {"id": "deca54a6651fb9add5b4a9816c79e1a1", "number": "8019439959", "date": "2021-01-22 14:18:00", "subject": "5", "recorded-or-robo": "Y", "city": "", "state": "UT", "area-code": "801"}, {"id": "deca54a6651fb9add5b4a9816c79d885", "number": "8505192676", "date": "2021-01-22 11:14:00", "subject": "2", "recorded-or-robo": "", "city": "Tallahassee", "state": "FL", "area-code": "850"}, {"id": "deca54a6651fb9add5b4a9816c79d3dd", "number": "3015401886", "date": "2021-01-22 15:00:00", "subject": "2", "recorded-or-robo": "N", "city": "", "state": "MD", "area-code": "301"}, {"id": "deca54a6651fb9add5b4a9816c79cabf", "number": "2162149970", "date": "2021-01-22 12:39:00", "subject": "4", "recorded-or-robo": "Y", "city": "Beachwood", "state": "OH", "area-code": "419"}, {"id": "deca54a6651fb9add5b4a9816c79c2e2", "number": "9857201160", "date": "2021-01-22 16:22:00", "subject": "2", "recorded-or-robo": "N", "city": "Newport", "state": "RI", "area-code": "401"}, {"id": "b6a8da8b80f26332ed085cca2de4bcdc", "number": "8019439959", "date": "2021-01-22 14:18:00", "subject": "5", "recorded-or-robo": "Y", "city": "", "state": "UT", "area-code": "801"}, {"id": "b6a8da8b80f26332ed085cca2de4afa4", "number": "8505192676", "date": "2021-01-22 11:14:00", "subject": "2", "recorded-or-robo": "", "city": "Tallahassee", "state": "FL", "area-code": "850"}, {"id": "b6a8da8b80f26332ed085cca2de4adcf", "number": "3015401886", "date": "2021-01-22 15:00:00", "subject": "2", "recorded-or-robo": "N", "city": "", "state": "MD", "area-code": "301"}, {"id": "b6a8da8b80f26332ed085cca2de4aba3", "number": "2162149970", "date": "2021-01-22 12:39:00", "subject": "4", "recorded-or-robo": "Y", "city": "Beachwood", "state": "OH", "area-code": "419"}, {"id": "b6a8da8b80f26332ed085cca2de4aadd", "number": "9857201160", "date": "2021-01-22 16:22:00", "subject": "2", "recorded-or-robo": "N", "city": "Newport", "state": "RI", "area-code": "401"}, {"id": "deca54a6651fb9add5b4a9816c79b991", "number": "4699976947", "date": "2021-01-22 15:22:00", "subject": "0", "recorded-or-robo": "N", "city": "", "state": "TX", "area-code": "409"}, {"id": "b6a8da8b80f26332ed085cca2de4aace", "number": "4699976947", "date": "2021-01-22 15:22:00", "subject": "0", "recorded-or-robo": "N", "city": "", "state": "TX", "area-code": "409"}, {"id": "deca54a6651fb9add5b4a9816c79b10b", "number": "3303362532", "date": "2020-01-22 16:16:00", "subject": "3", "recorded-or-robo": "Y", "city": "", "state": "OH", "area-code": "330"}, {"id": "b6a8da8b80f26332ed085cca2de4a863", "number": "3303362532", "date": "2020-01-22 16:16:00", "subject": "3", "recorded-or-robo": "Y", "city": "", "state": "OH", "area-code": "330"}, {"id": "deca54a6651fb9add5b4a9816c79ab91", "number": "8172103548", "date": "2021-01-21 09:42:00", "subject": "5", "recorded-or-robo": "Y", "city": "", "state": "TX", "area-code": "940"}, {"id": "b6a8da8b80f26332ed085cca2de49fa0", "number": "8172103548", "date": "2021-01-21 09:42:00", "subject": "5", "recorded-or-robo": "Y", "city": "", "state": "TX", "area-code": "940"}, {"id": "e81c9350d54f66c6d33b3747ee4976d0", "number": "2105701156", "date": "2021-01-22 16:24:13", "subject": "3", "recorded-or-robo": "Y", "city": "", "state": "TX", "area-code": "210"}, {"id": "deca54a6651fb9add5b4a9816cddf59e", "number": "2105701156", "date": "2021-01-22 16:24:13", "subject": "3", "recorded-or-robo": "Y", "city": "", "state": "TX", "area-code": "210"}, {"id": "deca54a6651fb9add5b4a9816c79a7e1", "number": "8665372358", "date": "2021-01-22 14:00:00", "subject": "11", "recorded-or-robo": "Y", "city": "", "state": "MO", "area-code": "314"}, {"id": "b6a8da8b80f26332ed085cca2de49918", "number": "8665372358", "date": "2021-01-22 14:00:00", "subject": "11", "recorded-or-robo": "Y", "city": "", "state": "MO", "area-code": "314"}, {"id": "deca54a6651fb9add5b4a9816c799bd6", "number": "", "date": "2021-01-22 16:18:00", "subject": "4", "recorded-or-robo": "Y", "city": "Brooksville", "state": "FL", "area-code": "314"}, {"id": "b6a8da8b80f26332ed085cca2de48b05", "number": "", "date": "2021-01-22 16:18:00", "subject": "4", "recorded-or-robo": "Y", "city": "Brooksville", "state": "FL", "area-code": "314"}, {"id": "deca54a6651fb9add5b4a9816c799a41", "number": "7169839471", "date": "2021-01-22 15:00:00", "subject": "3", "recorded-or-robo": "", "city": "Franklinville", "state": "NY", "area-code": "716"}, {"id": "b6a8da8b80f26332ed085cca2de483cc", "number": "7169839471", "date": "2021-01-22 15:00:00", "subject": "3", "recorded-or-robo": "", "city": "Franklinville", "state": "NY", "area-code": "716"}, {"id": "deca54a6651fb9add5b4a9816c799807", "number": "9316344489", "date": "2021-01-22 15:10:00", "subject": "4", "recorded-or-robo": "Y", "city": "Belfast", "state": "TN", "area-code": "931"}, {"id": "b6a8da8b80f26332ed085cca2de47b36", "number": "9316344489", "date": "2021-01-22 15:10:00", "subject": "4", "recorded-or-robo": "Y", "city": "Belfast", "state": "TN", "area-code": "931"}, {"id": "deca54a6651fb9add5b4a9816c798fcf", "number": "01222021", "date": "2021-01-22 14:11:00", "subject": "1", "recorded-or-robo": "Y", "city": "Mesquite", "state": "NV", "area-code": "719"}, {"id": "b6a8da8b80f26332ed085cca2de47121", "number": "01222021", "date": "2021-01-22 14:11:00", "subject": "1", "recorded-or-robo": "Y", "city": "Mesquite", "state": "NV", "area-code": "719"}, {"id": "deca54a6651fb9add5b4a9816c7903ab", "number": "9186013766", "date": "2021-01-22 09:20:00", "subject": "3", "recorded-or-robo": "N", "city": "", "state": "OK", "area-code": "918"}, {"id": "b6a8da8b80f26332ed085cca2de409db", "number": "9186013766", "date": "2021-01-22 09:20:00", "subject": "3", "recorded-or-robo": "N", "city": "", "state": "OK", "area-code": "918"}, {"id": "deca54a6651fb9add5b4a9816c7982a9", "number": "7147339438", "date": "2021-01-22 15:54:00", "subject": "2", "recorded-or-robo": "N", "city": "Waynesboro", "state": "VA", "area-code": "703"}, {"id": "b6a8da8b80f26332ed085cca2de4636d", "number": "7147339438", "date": "2021-01-22 15:54:00", "subject": "2", "recorded-or-robo": "N", "city": "Waynesboro", "state": "VA", "area-code": "703"}, {"id": "deca54a6651fb9add5b4a9816c7973cb", "number": "4068687927", "date": "2021-01-22 12:10:00", "subject": "2", "recorded-or-robo": "Y", "city": "", "state": "MT", "area-code": "406"}, {"id": "deca54a6651fb9add5b4a9816c796ff3", "number": "3462755972", "date": "2021-01-22 14:03:00", "subject": "2", "recorded-or-robo": "Y", "city": "Phoenix", "state": "AZ", "area-code": "281"}, {"id": "b6a8da8b80f26332ed085cca2de45780", "number": "4068687927", "date": "2021-01-22 12:10:00", "subject": "2", "recorded-or-robo": "Y", "city": "", "state": "MT", "area-code": "406"}, {"id": "b6a8da8b80f26332ed085cca2de44886", "number": "3462755972", "date": "2021-01-22 14:03:00", "subject": "2", "recorded-or-robo": "Y", "city": "Phoenix", "state": "AZ", "area-code": "281"}, {"id": "deca54a6651fb9add5b4a9816c7968f3", "number": "8552050329", "date": "2021-01-22 13:04:00", "subject": "1", "recorded-or-robo": "Y", "city": "Appleton", "state": "WI", "area-code": "847"}, {"id": "b6a8da8b80f26332ed085cca2de447cd", "number": "8552050329", "date": "2021-01-22 13:04:00", "subject": "1", "recorded-or-robo": "Y", "city": "Appleton", "state": "WI", "area-code": "847"}, {"id": "deca54a6651fb9add5b4a9816c79616f", "number": "5418035369", "date": "2021-01-21 14:52:00", "subject": "2", "recorded-or-robo": "", "city": "Golden", "state": "CO", "area-code": "303"}]}