{"data": [{"id": "deca54a6651fb9add5b4a9816cdefb23", "number": "+18102060410", "date": "2021-01-22 16:34:07", "subject": "3", "recorded-or-robo": "Y", "city": "", "state": "MI", "area-code": "313"}, {"id": "deca54a6651fb9add5b4a9816c7fb2d5", "number": "9096245039", "date": "2021-01-22 13:29:00", "subject": "3", "recorded-or-robo": "N", "city": "", "state": "CA", "area-code": "909"}, {"id": "b6a8da8b80f26332ed085cca2deabfd0", "number": "9096245039", "date": "2021-01-22 13:29:00", "subject": "3", "recorded-or-robo": "N", "city": "", "state": "CA", "area-code": "909"}, {"id": "deca54a6651fb9add5b4a9816c806270", "number": "5854178314", "date": "2021-01-22 12:53:00", "subject": "2", "recorded-or-robo": "Y", "city": "Fairportr", "state": "NY", "area-code": "585"}, {"id": "b6a8da8b80f26332ed085cca2deb8074", "number": "5854178314", "date": "2021-01-22 12:53:00", "subject": "2", "recorded-or-robo": "Y", "city": "Fairportr", "state": "NY", "area-code": "585"}, {"id": "e81c9350d54f66c6d33b3747ee4ae1d7", "number": "+16822923856", "date": "2021-01-22 16:34:03", "subject": "3", "recorded-or-robo": "Y", "city": "", "state": "TX", "area-code": "817"}, {"id": "deca54a6651fb9add5b4a9816cdf4a07", "number": "+16822923856", "date": "2021-01-22 16:34:03", "subject": "3", "recorded-or-robo": "Y", "city": "", "state": "TX", "area-code": "817"}, {"id": "deca54a6651fb9add5b4a9816c805e1f", "number": "6029992560", "date": "2021-01-22 14:24:00", "subject": "4", "recorded-or-robo": "N", "city": "Santa Fe", "state": "NM", "area-code": "505"}, {"id": "b6a8da8b80f26332ed085cca2deb7862", "number": "6029992560", "date": "2021-01-22 14:24:00", "subject": "4", "recorded-or-robo": "N", "city": "Santa Fe", "state": "NM", "area-code": "505"}, {"id": "e81c9350d54f66c6d33b3747ee4a898a", "number": "+18102060410", "date": "2021-01-22 16:33:54", "subject": "3", "recorded-or-robo": "Y", "city": "", "state": "MI", "area-code": "313"}, {"id": "deca54a6651fb9add5b4a9816cdf133f", "number": "+18102060410", "date": "2021-01-22 16:33:54", "subject": "3", "recorded-or-robo": "Y", "city": "", "state": "MI", "area-code": "313"}, {"id": "deca54a6651fb9add5b4a9816c805cdc", "number": "9375004083", "date": "2021-01-22 12:10:00", "subject": "4", "recorded-or-robo": "Y", "city": "Bellbrook", "state": "OH", "area-code": "937"}, {"id": "deca54a6651fb9add5b4a9816c805182", "number": "4805426455", "date": "2021-01-22 09:23:00", "subject": "2", "recorded-or-robo": "Y", "city": "Tempe", "state": "AZ", "area-code": "480"}, {"id": "b6a8da8b80f26332ed085cca2deb6b8f", "number": "9375004083", "date": "2021-01-22 12:10:00", "subject": "4", "recorded-or-robo": "Y", "city": "Bellbrook", "state": "OH", "area-code": "937"}, {"id": "b6a8da8b80f26332ed085cca2deb5fdd", "number": "4805426455", "date": "2021-01-22 09:23:00", "subject": "2", "recorded-or-robo": "Y", "city": "Tempe", "state": "AZ", "area-code": "480"}, {"id": "deca54a6651fb9add5b4a9816c804abc", "number": "2533450893", "date": "2021-01-22 16:26:00", "subject": "1", "recorded-or-robo": "Y", "city": "Columbus", "state": "OH", "area-code": "614"}, {"id": "b6a8da8b80f26332ed085cca2deb5484", "number": "2533450893", "date": "2021-01-22 16:26:00", "subject": "1", "recorded-or-robo": "Y", "city": "Columbus", "state": "OH", "area-code": "614"}, {"id": "deca54a6651fb9add5b4a9816c803f4d", "number": "5165902866", "date": "2021-01-22 01:50:00", "subject": "4", "recorded-or-robo": "Y", "city": "Sayville", "state": "NY", "area-code": "516"}, {"id": "b6a8da8b80f26332ed085cca2deb49ee", "number": "5165902866", "date": "2021-01-22 01:50:00", "subject": "4", "recorded-or-robo": "Y", "city": "Sayville", "state": "NY", "area-code": "516"}, {"id": "deca54a6651fb9add5b4a9816c803472", "number": "2128973657", "date": "2021-01-22 14:07:00", "subject": "2", "recorded-or-robo": "Y", "city": "Sierra Vista", "state": "AZ", "area-code": "530"}, {"id": "b6a8da8b80f26332ed085cca2deb3f63", "number": "2128973657", "date": "2021-01-22 14:07:00", "subject": "2", "recorded-or-robo": "Y", "city": "Sierra Vista", "state": "AZ", "area-code": "530"}, {"id": "deca54a6651fb9add5b4a9816c801f17", "number": "8507240131", "date": "2021-01-18 18:30:00", "subject": "2", "recorded-or-robo": "", "city": "Tallahassee", "state": "FL", "area-code": "850"}, {"id": "b6a8da8b80f26332ed085cca2deb3ad3", "number": "8507240131", "date": "2021-01-18 18:30:00", "subject": "2", "recorded-or-robo": "", "city": "Tallahassee", "state": "FL", "area-code": "850"}, {"id": "deca54a6651fb9add5b4a9816c8017ba", "number": "3204611145", "date": "2021-01-14 10:43:00", "subject": "1", "recorded-or-robo": "Y", "city": "Gladstone", "state": "MI", "area-code": "906"}, {"id": "deca54a6651fb9add5b4a9816c801429", "number": "4155927645", "date": "2021-01-22 11:12:00", "subject": "4", "recorded-or-robo": "Y", "city": "", "state": "CA", "area-code": "415"}, {"id": "b6a8da8b80f26332ed085cca2deb3575", "number": "3204611145", "date": "2021-01-14 10:43:00", "subject": "1", "recorded-or-robo": "Y", "city": "Gladstone", "state": "MI", "area-code": "906"}, {"id": "b6a8da8b80f26332ed085cca2deb2e32", "number": "4155927645", "date": "2021-01-22 11:12:00", "subject": "4", "recorded-or-robo": "Y", "city": "", "state": "CA", "area-code": "415"}, {"id": "deca54a6651fb9add5b4a9816c8013aa", "number": "6148456702", "date": "2021-01-22 14:17:00", "subject": "2", "recorded-or-robo": "N", "city": "Columbus", "state": "OH", "area-code": "614"}, {"id": "b6a8da8b80f26332ed085cca2deb2c72", "number": "6148456702", "date": "2021-01-22 14:17:00", "subject": "2", "recorded-or-robo": "N", "city": "Columbus", "state": "OH", "area-code": "614"}, {"id": "deca54a6651fb9add5b4a9816c800b27", "number": "8003471000", "date": "2021-01-22 13:18:00", "subject": "5", "recorded-or-robo": "Y", "city": "pleasant hill", "state": "CA", "area-code": "925"}, {"id": "deca54a6651fb9add5b4a9816c7ffb8f", "number": "6082058746", "date": "2021-01-20 13:45:00", "subject": "2", "recorded-or-robo": "N", "city": "Verona", "state": "WI", "area-code": "608"}, {"id": "b6a8da8b80f26332ed085cca2deb2c27", "number": "8003471000", "date": "2021-01-22 13:18:00", "subject": "5", "recorded-or-robo": "Y", "city": "pleasant hill", "state": "CA", "area-code": "925"}, {"id": "b6a8da8b80f26332ed085cca2deb1eb0", "number": "6082058746", "date": "2021-01-20 13:45:00", "subject": "2", "recorded-or-robo": "N", "city": "Verona", "state": "WI", "area-code": "608"}, {"id": "deca54a6651fb9add5b4a9816c7ff902", "number": "5177081612", "date": "2021-01-22 10:59:00", "subject": "2", "recorded-or-robo": "Y", "city": "hillsdale", "state": "MI", "area-code": "517"}, {"id": "b6a8da8b80f26332ed085cca2deb1c92", "number": "5177081612", "date": "2021-01-22 10:59:00", "subject": "2", "recorded-or-robo": "Y", "city": "hillsdale", "state": "MI", "area-code": "517"}, {"id": "e81c9350d54f66c6d33b3747ee4a35b8", "number": "+19842082338", "date": "2021-01-22 16:33:24", "subject": "3", "recorded-or-robo": "Y", "city": "", "state": "GA", "area-code": "706"}, {"id": "deca54a6651fb9add5b4a9816cdebffd", "number": "+19842082338", "date": "2021-01-22 16:33:24", "subject": "3", "recorded-or-robo": "Y", "city": "", "state": "GA", "area-code": "706"}, {"id": "deca54a6651fb9add5b4a9816c7fea7d", "number": "", "date": "2021-01-22 09:15:00", "subject": "11", "recorded-or-robo": "Y", "city": "", "state": "MI", "area-code": "269"}, {"id": "b6a8da8b80f26332ed085cca2deb1012", "number": "", "date": "2021-01-22 09:15:00", "subject": "11", "recorded-or-robo": "Y", "city": "", "state": "MI", "area-code": "269"}, {"id": "deca54a6651fb9add5b4a9816c7fe883", "number": "2314999392", "date": "2021-01-22 16:18:00", "subject": "11", "recorded-or-robo": "Y", "city": "", "state": "MI", "area-code": "231"}, {"id": "b6a8da8b80f26332ed085cca2deb0d9f", "number": "2314999392", "date": "2021-01-22 16:18:00", "subject": "11", "recorded-or-robo": "Y", "city": "", "state": "MI", "area-code": "231"}, {"id": "deca54a6651fb9add5b4a9816c7fdc93", "number": "3144525779", "date": "2021-01-22 12:00:00", "subject": "1", "recorded-or-robo": "Y", "city": "St. Louis", "state": "MO", "area-code": "314"}, {"id": "b6a8da8b80f26332ed085cca2deafe7d", "number": "3144525779", "date": "2021-01-22 12:00:00", "subject": "1", "recorded-or-robo": "Y", "city": "St. Louis", "state": "MO", "area-code": "314"}, {"id": "deca54a6651fb9add5b4a9816c7fcead", "number": "4846730053", "date": "2021-01-22 16:27:00", "subject": "4", "recorded-or-robo": "Y", "city": "Philadelphia", "state": "PA", "area-code": "215"}, {"id": "b6a8da8b80f26332ed085cca2deafad5", "number": "4846730053", "date": "2021-01-22 16:27:00", "subject": "4", "recorded-or-robo": "Y", "city": "Philadelphia", "state": "PA", "area-code": "215"}, {"id": "deca54a6651fb9add5b4a9816c7fcd57", "number": "", "date": "2021-01-22 15:28:00", "subject": "1", "recorded-or-robo": "Y", "city": "Oak Park", "state": "IL", "area-code": "708"}, {"id": "deca54a6651fb9add5b4a9816c7fc137", "number": "8019964661", "date": "2021-01-22 14:29:00", "subject": "4", "recorded-or-robo": "Y", "city": "", "state": "UT", "area-code": "801"}, {"id": "b6a8da8b80f26332ed085cca2deaec97", "number": "", "date": "2021-01-22 15:28:00", "subject": "1", "recorded-or-robo": "Y", "city": "Oak Park", "state": "IL", "area-code": "708"}, {"id": "b6a8da8b80f26332ed085cca2deaddbc", "number": "8019964661", "date": "2021-01-22 14:29:00", "subject": "4", "recorded-or-robo": "Y", "city": "", "state": "UT", "area-code": "801"}, {"id": "e81c9350d54f66c6d33b3747ee4acbd0", "number": "+16234739128", "date": "2021-01-22 16:33:07", "subject": "3", "recorded-or-robo": "Y", "city": "", "state": "AZ", "area-code": "623"}]}