{"data": [{"id": "b6a8da8b80f26332ed085cca2dfa8348", "number": "", "date": "2021-01-22 00:00:00", "subject": "2", "recorded-or-robo": "Y", "city": "", "state": "MA", "area-code": "978"}, {"id": "deca54a6651fb9add5b4a9816c8f3c08", "number": "8337070220", "date": "2021-01-21 11:38:00", "subject": "1", "recorded-or-robo": "Y", "city": "", "state": "HI", "area-code": "808"}, {"id": "b6a8da8b80f26332ed085cca2dfa7ea3", "number": "8337070220", "date": "2021-01-21 11:38:00", "subject": "1", "recorded-or-robo": "Y", "city": "", "state": "HI", "area-code": "808"}, {"id": "deca54a6651fb9add5b4a9816c8f3a3c", "number": "", "date": "2021-01-22 13:50:00", "subject": "12", "recorded-or-robo": "N", "city": "Culver City", "state": "CA", "area-code": "310"}, {"id": "b6a8da8b80f26332ed085cca2dfa7018", "number": "", "date": "2021-01-22 13:50:00", "subject": "12", "recorded-or-robo": "N", "city": "Culver City", "state": "CA", "area-code": "310"}, {"id": "deca54a6651fb9add5b4a9816c8f37ab", "number": "3366436216", "date": "2021-01-22 16:45:00", "subject": "1", "recorded-or-robo": "Y", "city": "", "state": "NC", "area-code": "336"}, {"id": "b6a8da8b80f26332ed085cca2dfa68fe", "number": "3366436216", "date": "2021-01-22 16:45:00", "subject": "1", "recorded-or-robo": "Y", "city": "", "state": "NC", "area-code": "336"}, {"id": "deca54a6651fb9add5b4a9816c8f2996", "number": "6506732738", "date": "2021-01-22 13:54:00", "subject": "2", "recorded-or-robo": "Y", "city": "Fairfield", "state": "CA", "area-code": "650"}, {"id": "deca54a6651fb9add5b4a9816c8f2981", "number": "6183725265", "date": "2021-01-22 15:50:00", "subject": "1", "recorded-or-robo": "Y", "city": "", "state": "IL", "area-code": "618"}, {"id": "b6a8da8b80f26332ed085cca2dfa5fa5", "number": "6506732738", "date": "2021-01-22 13:54:00", "subject": "2", "recorded-or-robo": "Y", "city": "Fairfield", "state": "CA", "area-code": "650"}, {"id": "b6a8da8b80f26332ed085cca2dfa5733", "number": "6183725265", "date": "2021-01-22 15:50:00", "subject": "1", "recorded-or-robo": "Y", "city": "", "state": "IL", "area-code": "618"}, {"id": "deca54a6651fb9add5b4a9816c8f1c3b", "number": "7038575447", "date": "2021-01-21 11:03:00", "subject": "0", "recorded-or-robo": "N", "city": "Woodbridge", "state": "VA", "area-code": "703"}, {"id": "b6a8da8b80f26332ed085cca2dfa4d48", "number": "7038575447", "date": "2021-01-21 11:03:00", "subject": "0", "recorded-or-robo": "N", "city": "Woodbridge", "state": "VA", "area-code": "703"}, {"id": "deca54a6651fb9add5b4a9816c8f1306", "number": "3852940453", "date": "2021-01-22 14:48:00", "subject": "5", "recorded-or-robo": "Y", "city": "", "state": "UT", "area-code": "385"}, {"id": "b6a8da8b80f26332ed085cca2dfa4348", "number": "3852940453", "date": "2021-01-22 14:48:00", "subject": "5", "recorded-or-robo": "Y", "city": "", "state": "UT", "area-code": "385"}, {"id": "deca54a6651fb9add5b4a9816c8f0ee2", "number": "9784141998", "date": "2021-01-19 18:57:00", "subject": "2", "recorded-or-robo": "", "city": "Haverhill", "state": "MA", "area-code": "978"}, {"id": "b6a8da8b80f26332ed085cca2dfa3aff", "number": "9784141998", "date": "2021-01-19 18:57:00", "subject": "2", "recorded-or-robo": "", "city": "Haverhill", "state": "MA", "area-code": "978"}, {"id": "e81c9350d54f66c6d33b3747ee5bdff9", "number": "3368847882", "date": "2021-01-22 16:45:00", "subject": "3", "recorded-or-robo": "Y", "city": "", "state": "NC", "area-code": "336"}, {"id": "deca54a6651fb9add5b4a9816cf08494", "number": "3368847882", "date": "2021-01-22 16:45:00", "subject": "3", "recorded-or-robo": "Y", "city": "", "state": "NC", "area-code": "336"}, {"id": "e81c9350d54f66c6d33b3747ee4de94d", "number": "+12022772868", "date": "2021-01-22 16:54:37", "subject": "3", "recorded-or-robo": "Y", "city": "", "state": "Do", "area-code": "202"}, {"id": "deca54a6651fb9add5b4a9816ce24c55", "number": "+12022772868", "date": "2021-01-22 16:54:37", "subject": "3", "recorded-or-robo": "Y", "city": "", "state": "Do", "area-code": "202"}, {"id": "e81c9350d54f66c6d33b3747ee4de8fb", "number": "8709121442", "date": "2021-01-22 16:54:35", "subject": "3", "recorded-or-robo": "Y", "city": "", "state": "NY", "area-code": "914"}, {"id": "deca54a6651fb9add5b4a9816ce24a2b", "number": "8709121442", "date": "2021-01-22 16:54:35", "subject": "3", "recorded-or-robo": "Y", "city": "", "state": "NY", "area-code": "914"}, {"id": "deca54a6651fb9add5b4a9816c8f00a4", "number": "", "date": "2021-01-22 15:50:00", "subject": "2", "recorded-or-robo": "Y", "city": "", "state": "TX", "area-code": "832"}, {"id": "b6a8da8b80f26332ed085cca2dfa2f51", "number": "", "date": "2021-01-22 15:50:00", "subject": "2", "recorded-or-robo": "Y", "city": "", "state": "TX", "area-code": "832"}, {"id": "e81c9350d54f66c6d33b3747ee4e2ce3", "number": "8709121442", "date": "2021-01-22 16:54:34", "subject": "3", "recorded-or-robo": "Y", "city": "", "state": "NY", "area-code": "914"}, {"id": "deca54a6651fb9add5b4a9816ce2977f", "number": "8709121442", "date": "2021-01-22 16:54:34", "subject": "3", "recorded-or-robo": "Y", "city": "", "state": "NY", "area-code": "914"}, {"id": "deca54a6651fb9add5b4a9816c8efa30", "number": "9895398430", "date": "2021-01-22 15:53:00", "subject": "2", "recorded-or-robo": "Y", "city": "Hoover", "state": "AL", "area-code": "989"}, {"id": "b6a8da8b80f26332ed085cca2dfa276e", "number": "9895398430", "date": "2021-01-22 15:53:00", "subject": "2", "recorded-or-robo": "Y", "city": "Hoover", "state": "AL", "area-code": "989"}, {"id": "deca54a6651fb9add5b4a9816c8eef4b", "number": "8019285762", "date": "2021-01-22 14:52:00", "subject": "3", "recorded-or-robo": "Y", "city": "", "state": "UT", "area-code": "801"}, {"id": "b6a8da8b80f26332ed085cca2dfa11e1", "number": "8019285762", "date": "2021-01-22 14:52:00", "subject": "3", "recorded-or-robo": "Y", "city": "", "state": "UT", "area-code": "801"}, {"id": "deca54a6651fb9add5b4a9816c8ee916", "number": "8556448131", "date": "2021-01-21 00:00:00", "subject": "3", "recorded-or-robo": "", "city": "", "state": "IA", "area-code": "319"}, {"id": "b6a8da8b80f26332ed085cca2dfa0aaa", "number": "8556448131", "date": "2021-01-21 00:00:00", "subject": "3", "recorded-or-robo": "", "city": "", "state": "IA", "area-code": "319"}, {"id": "e81c9350d54f66c6d33b3747ee5bd03e", "number": "7634285042", "date": "2021-01-22 16:38:00", "subject": "3", "recorded-or-robo": "Y", "city": "", "state": "IL", "area-code": "773"}, {"id": "deca54a6651fb9add5b4a9816cf07942", "number": "7634285042", "date": "2021-01-22 16:38:00", "subject": "3", "recorded-or-robo": "Y", "city": "", "state": "IL", "area-code": "773"}, {"id": "deca54a6651fb9add5b4a9816c8edf2b", "number": "2192650558", "date": "2021-01-22 12:16:00", "subject": "2", "recorded-or-robo": "N", "city": "Michigan City", "state": "IN", "area-code": "219"}, {"id": "b6a8da8b80f26332ed085cca2dfa03c3", "number": "2192650558", "date": "2021-01-22 12:16:00", "subject": "2", "recorded-or-robo": "N", "city": "Michigan City", "state": "IN", "area-code": "219"}, {"id": "e81c9350d54f66c6d33b3747ee5bc20b", "number": "9287937346", "date": "2021-01-22 13:27:00", "subject": "3", "recorded-or-robo": "N", "city": "", "state": "NC", "area-code": "336"}, {"id": "deca54a6651fb9add5b4a9816cf065a8", "number": "9287937346", "date": "2021-01-22 13:27:00", "subject": "3", "recorded-or-robo": "N", "city": "", "state": "NC", "area-code": "336"}, {"id": "deca54a6651fb9add5b4a9816c8ed5a2", "number": "9782569908", "date": "2021-01-22 00:00:00", "subject": "2", "recorded-or-robo": "Y", "city": "", "state": "MA", "area-code": "978"}, {"id": "deca54a6651fb9add5b4a9816c8ecd12", "number": "9993465", "date": "2021-01-21 13:21:00", "subject": "0", "recorded-or-robo": "", "city": "Louisville", "state": "KY", "area-code": "502"}, {"id": "b6a8da8b80f26332ed085cca2dfa026b", "number": "9782569908", "date": "2021-01-22 00:00:00", "subject": "2", "recorded-or-robo": "Y", "city": "", "state": "MA", "area-code": "978"}, {"id": "b6a8da8b80f26332ed085cca2df9f6f8", "number": "9993465", "date": "2021-01-21 13:21:00", "subject": "0", "recorded-or-robo": "", "city": "Louisville", "state": "KY", "area-code": "502"}, {"id": "deca54a6651fb9add5b4a9816c8ec454", "number": "5136415184", "date": "2021-01-22 16:08:00", "subject": "5", "recorded-or-robo": "Y", "city": "", "state": "OH", "area-code": "513"}, {"id": "deca54a6651fb9add5b4a9816c8eb902", "number": "6282035072", "date": "2021-01-21 13:51:00", "subject": "2", "recorded-or-robo": "Y", "city": "Amherst", "state": "MA", "area-code": "413"}, {"id": "b6a8da8b80f26332ed085cca2df9e729", "number": "5136415184", "date": "2021-01-22 16:08:00", "subject": "5", "recorded-or-robo": "Y", "city": "", "state": "OH", "area-code": "513"}, {"id": "b6a8da8b80f26332ed085cca2df9df4a", "number": "6282035072", "date": "2021-01-21 13:51:00", "subject": "2", "recorded-or-robo": "Y", "city": "Amherst", "state": "MA", "area-code": "413"}, {"id": "deca54a6651fb9add5b4a9816c8eb7d0", "number": "8882804331", "date": "2021-01-20 12:00:00", "subject": "2", "recorded-or-robo": "Y", "city": "", "state": "NY", "area-code": "718"}, {"id": "deca54a6651fb9add5b4a9816c8eb655", "number": "", "date": "2021-01-22 16:15:00", "subject": "11", "recorded-or-robo": "Y", "city": "middlebury", "state": "IN", "area-code": "574"}, {"id": "b6a8da8b80f26332ed085cca2df9dafb", "number": "8882804331", "date": "2021-01-20 12:00:00", "subject": "2", "recorded-or-robo": "Y", "city": "", "state": "NY", "area-code": "718"}]}