{"data": [{"id": "e81c9350d54f66c6d33b3747ee6a5fb2", "number": "8603187717", "date": "2021-01-21 17:53:00", "subject": "3", "recorded-or-robo": "Y", "city": "west cornwall", "state": "CT", "area-code": "860"}, {"id": "deca54a6651fb9add5b4a9816cff7302", "number": "5167662519", "date": "2021-01-21 14:19:00", "subject": "3", "recorded-or-robo": "Y", "city": "", "state": "NY", "area-code": "516"}, {"id": "deca54a6651fb9add5b4a9816cff6f96", "number": "8603187717", "date": "2021-01-21 17:53:00", "subject": "3", "recorded-or-robo": "Y", "city": "west cornwall", "state": "CT", "area-code": "860"}, {"id": "e81c9350d54f66c6d33b3747ee6a5090", "number": "4073675961", "date": "2021-01-22 19:18:00", "subject": "7", "recorded-or-robo": "Y", "city": "", "state": "FL", "area-code": "407"}, {"id": "e81c9350d54f66c6d33b3747ee6a4250", "number": "7855481784", "date": "2021-01-22 18:00:00", "subject": "2", "recorded-or-robo": "N", "city": "Princeton", "state": "KS", "area-code": "785"}, {"id": "deca54a6651fb9add5b4a9816cff6f0e", "number": "4073675961", "date": "2021-01-22 19:18:00", "subject": "7", "recorded-or-robo": "Y", "city": "", "state": "FL", "area-code": "407"}, {"id": "deca54a6651fb9add5b4a9816cff6e72", "number": "7855481784", "date": "2021-01-22 18:00:00", "subject": "2", "recorded-or-robo": "N", "city": "Princeton", "state": "KS", "area-code": "785"}, {"id": "e81c9350d54f66c6d33b3747eea35d0d", "number": "2812014567", "date": "2021-01-22 19:19:18", "subject": "3", "recorded-or-robo": "Y", "city": "", "state": "TX", "area-code": "832"}, {"id": "e81c9350d54f66c6d33b3747ee6a4103", "number": "9715442398", "date": "2021-01-22 16:08:00", "subject": "9", "recorded-or-robo": "Y", "city": "", "state": "OR", "area-code": "971"}, {"id": "deca54a6651fb9add5b4a9816cff6bf1", "number": "9715442398", "date": "2021-01-22 16:08:00", "subject": "9", "recorded-or-robo": "Y", "city": "", "state": "OR", "area-code": "971"}, {"id": "1d36742e3f24f50e4e7ae82801384c5d", "number": "2812014567", "date": "2021-01-22 19:19:18", "subject": "3", "recorded-or-robo": "Y", "city": "", "state": "TX", "area-code": "832"}, {"id": "e81c9350d54f66c6d33b3747ee6a3ff3", "number": "5053054662", "date": "2021-01-21 08:32:00", "subject": "4", "recorded-or-robo": "Y", "city": "Santa Fe", "state": "NM", "area-code": "505"}, {"id": "deca54a6651fb9add5b4a9816cff5d56", "number": "5053054662", "date": "2021-01-21 08:32:00", "subject": "4", "recorded-or-robo": "Y", "city": "Santa Fe", "state": "NM", "area-code": "505"}, {"id": "e81c9350d54f66c6d33b3747ee6a3024", "number": "8003252865", "date": "2021-01-22 15:49:00", "subject": "5", "recorded-or-robo": "Y", "city": "Clearwater", "state": "FL", "area-code": "727"}, {"id": "deca54a6651fb9add5b4a9816cff56e8", "number": "8003252865", "date": "2021-01-22 15:49:00", "subject": "5", "recorded-or-robo": "Y", "city": "Clearwater", "state": "FL", "area-code": "727"}, {"id": "e81c9350d54f66c6d33b3747ee6a21d1", "number": "3156252009", "date": "2021-01-22 13:30:00", "subject": "0", "recorded-or-robo": "", "city": "Camillus", "state": "NY", "area-code": "315"}, {"id": "deca54a6651fb9add5b4a9816cff5666", "number": "3156252009", "date": "2021-01-22 13:30:00", "subject": "0", "recorded-or-robo": "", "city": "Camillus", "state": "NY", "area-code": "315"}, {"id": "e81c9350d54f66c6d33b3747eea3397e", "number": "7244260162", "date": "2021-01-22 19:19:06", "subject": "3", "recorded-or-robo": "Y", "city": "", "state": "PA", "area-code": "724"}, {"id": "1d36742e3f24f50e4e7ae82801381e1e", "number": "7244260162", "date": "2021-01-22 19:19:06", "subject": "3", "recorded-or-robo": "Y", "city": "", "state": "PA", "area-code": "724"}, {"id": "e81c9350d54f66c6d33b3747eea39282", "number": "2122598881", "date": "2021-01-22 19:19:03", "subject": "3", "recorded-or-robo": "Y", "city": "", "state": "NY", "area-code": "347"}, {"id": "1d36742e3f24f50e4e7ae82801388f65", "number": "2122598881", "date": "2021-01-22 19:19:03", "subject": "3", "recorded-or-robo": "Y", "city": "", "state": "NY", "area-code": "347"}, {"id": "e81c9350d54f66c6d33b3747eea355d4", "number": "+15128862310", "date": "2021-01-22 19:18:58", "subject": "3", "recorded-or-robo": "Y", "city": "", "state": "TX", "area-code": "469"}, {"id": "e81c9350d54f66c6d33b3747ee6a1ee5", "number": "9038917952", "date": "2021-01-22 18:17:00", "subject": "2", "recorded-or-robo": "Y", "city": "Plano", "state": "TX", "area-code": "972"}, {"id": "deca54a6651fb9add5b4a9816cff4692", "number": "9038917952", "date": "2021-01-22 18:17:00", "subject": "2", "recorded-or-robo": "Y", "city": "Plano", "state": "TX", "area-code": "972"}, {"id": "1d36742e3f24f50e4e7ae82801384263", "number": "+15128862310", "date": "2021-01-22 19:18:58", "subject": "3", "recorded-or-robo": "Y", "city": "", "state": "TX", "area-code": "469"}, {"id": "e81c9350d54f66c6d33b3747eea37337", "number": "+17862047649", "date": "2021-01-22 19:18:53", "subject": "3", "recorded-or-robo": "Y", "city": "", "state": "FL", "area-code": "786"}, {"id": "1d36742e3f24f50e4e7ae8280138600b", "number": "+17862047649", "date": "2021-01-22 19:18:53", "subject": "3", "recorded-or-robo": "Y", "city": "", "state": "FL", "area-code": "786"}, {"id": "e81c9350d54f66c6d33b3747eea3d017", "number": "9149085222", "date": "2021-01-22 19:18:52", "subject": "3", "recorded-or-robo": "N", "city": "", "state": "NY", "area-code": "914"}, {"id": "1d36742e3f24f50e4e7ae8280138e18e", "number": "9149085222", "date": "2021-01-22 19:18:52", "subject": "3", "recorded-or-robo": "N", "city": "", "state": "NY", "area-code": "914"}, {"id": "e81c9350d54f66c6d33b3747eea3a2a6", "number": "+16097388243", "date": "2021-01-22 19:18:51", "subject": "3", "recorded-or-robo": "Y", "city": "", "state": "NJ", "area-code": "609"}, {"id": "e81c9350d54f66c6d33b3747ee6a1165", "number": "1222021", "date": "2021-01-22 15:19:00", "subject": "1", "recorded-or-robo": "N", "city": "Orange", "state": "CA", "area-code": "714"}, {"id": "deca54a6651fb9add5b4a9816cff442c", "number": "1222021", "date": "2021-01-22 15:19:00", "subject": "1", "recorded-or-robo": "N", "city": "Orange", "state": "CA", "area-code": "714"}, {"id": "1d36742e3f24f50e4e7ae82801389f72", "number": "+16097388243", "date": "2021-01-22 19:18:51", "subject": "3", "recorded-or-robo": "Y", "city": "", "state": "NJ", "area-code": "609"}, {"id": "e81c9350d54f66c6d33b3747ee6a03e9", "number": "2134687628", "date": "2021-01-22 15:31:00", "subject": "1", "recorded-or-robo": "N", "city": "Fullerton", "state": "CA", "area-code": "714"}, {"id": "deca54a6651fb9add5b4a9816cff3e8f", "number": "2134687628", "date": "2021-01-22 15:31:00", "subject": "1", "recorded-or-robo": "N", "city": "Fullerton", "state": "CA", "area-code": "714"}, {"id": "e81c9350d54f66c6d33b3747eea3ac65", "number": "5058055451", "date": "2021-01-22 19:18:40", "subject": "3", "recorded-or-robo": "Y", "city": "", "state": "NM", "area-code": "505"}, {"id": "1d36742e3f24f50e4e7ae8280138bc1b", "number": "5058055451", "date": "2021-01-22 19:18:40", "subject": "3", "recorded-or-robo": "Y", "city": "", "state": "NM", "area-code": "505"}, {"id": "e81c9350d54f66c6d33b3747ee6a011d", "number": "5082528037", "date": "2021-01-22 15:17:00", "subject": "1", "recorded-or-robo": "Y", "city": "Rehoboth", "state": "MA", "area-code": "508"}, {"id": "deca54a6651fb9add5b4a9816cff333b", "number": "5082528037", "date": "2021-01-22 15:17:00", "subject": "1", "recorded-or-robo": "Y", "city": "Rehoboth", "state": "MA", "area-code": "508"}, {"id": "e81c9350d54f66c6d33b3747ee69fba2", "number": "7636340324", "date": "2021-01-22 12:08:00", "subject": "2", "recorded-or-robo": "Y", "city": "Maple Grove", "state": "MN", "area-code": "763"}, {"id": "deca54a6651fb9add5b4a9816cff2df7", "number": "7636340324", "date": "2021-01-22 12:08:00", "subject": "2", "recorded-or-robo": "Y", "city": "Maple Grove", "state": "MN", "area-code": "763"}, {"id": "e81c9350d54f66c6d33b3747ee69ed1d", "number": "4062951919", "date": "2020-10-27 13:45:00", "subject": "0", "recorded-or-robo": "Y", "city": "Manassas", "state": "VA", "area-code": "703"}, {"id": "deca54a6651fb9add5b4a9816cff24a9", "number": "4062951919", "date": "2020-10-27 13:45:00", "subject": "0", "recorded-or-robo": "Y", "city": "Manassas", "state": "VA", "area-code": "703"}, {"id": "e81c9350d54f66c6d33b3747eea39322", "number": "4109384582", "date": "2021-01-22 19:18:32", "subject": "3", "recorded-or-robo": "Y", "city": "", "state": "MD", "area-code": "410"}, {"id": "1d36742e3f24f50e4e7ae82801389c7f", "number": "4109384582", "date": "2021-01-22 19:18:32", "subject": "3", "recorded-or-robo": "Y", "city": "", "state": "MD", "area-code": "410"}, {"id": "e81c9350d54f66c6d33b3747eea3c3ab", "number": "5089276656", "date": "2021-01-22 19:18:30", "subject": "3", "recorded-or-robo": "Y", "city": "", "state": "CA", "area-code": "408"}, {"id": "e81c9350d54f66c6d33b3747ee69e729", "number": "5414417549", "date": "2021-01-22 16:16:00", "subject": "4", "recorded-or-robo": "Y", "city": "Cottage Grove", "state": "OR", "area-code": "541"}, {"id": "deca54a6651fb9add5b4a9816cff1644", "number": "5414417549", "date": "2021-01-22 16:16:00", "subject": "4", "recorded-or-robo": "Y", "city": "Cottage Grove", "state": "OR", "area-code": "541"}, {"id": "1d36742e3f24f50e4e7ae8280138c55f", "number": "5089276656", "date": "2021-01-22 19:18:30", "subject": "3", "recorded-or-robo": "Y", "city": "", "state": "CA", "area-code": "408"}, {"id": "e81c9350d54f66c6d33b3747eea36995", "number": "9792887126", "date": "2021-01-22 19:18:29", "subject": "3", "recorded-or-robo": "Y", "city": "", "state": "TX", "area-code": "817"}]}