{"data": [{"id": "b6a8da8b80f26332ed085cca2def9f7d", "number": "5123221637", "date": "2021-01-22 15:37:00", "subject": "16", "recorded-or-robo": "Y", "city": "Austin", "state": "TX", "area-code": "512"}, {"id": "deca54a6651fb9add5b4a9816c84319c", "number": "8183380091", "date": "2021-01-22 16:35:00", "subject": "1", "recorded-or-robo": "Y", "city": "PHILA", "state": "PA", "area-code": "215"}, {"id": "deca54a6651fb9add5b4a9816c8430da", "number": "8502049145", "date": "2021-01-22 14:19:00", "subject": "0", "recorded-or-robo": "", "city": "", "state": "FL", "area-code": "850"}, {"id": "b6a8da8b80f26332ed085cca2def963e", "number": "8183380091", "date": "2021-01-22 16:35:00", "subject": "1", "recorded-or-robo": "Y", "city": "PHILA", "state": "PA", "area-code": "215"}, {"id": "b6a8da8b80f26332ed085cca2def8b0c", "number": "8502049145", "date": "2021-01-22 14:19:00", "subject": "0", "recorded-or-robo": "", "city": "", "state": "FL", "area-code": "850"}, {"id": "e81c9350d54f66c6d33b3747ee4b3aa9", "number": "5054616943", "date": "2021-01-22 16:40:29", "subject": "3", "recorded-or-robo": "Y", "city": "", "state": "NM", "area-code": "505"}, {"id": "deca54a6651fb9add5b4a9816cdf996d", "number": "5054616943", "date": "2021-01-22 16:40:29", "subject": "3", "recorded-or-robo": "Y", "city": "", "state": "NM", "area-code": "505"}, {"id": "deca54a6651fb9add5b4a9816c842c88", "number": "9067685000", "date": "2021-01-09 11:53:00", "subject": "4", "recorded-or-robo": "Y", "city": "Gladstone", "state": "MI", "area-code": "906"}, {"id": "b6a8da8b80f26332ed085cca2def7c59", "number": "9067685000", "date": "2021-01-09 11:53:00", "subject": "4", "recorded-or-robo": "Y", "city": "Gladstone", "state": "MI", "area-code": "906"}, {"id": "e81c9350d54f66c6d33b3747ee4bfd04", "number": "+12892329296", "date": "2021-01-22 16:40:25", "subject": "3", "recorded-or-robo": "Y", "city": "", "state": "MI", "area-code": "586"}, {"id": "deca54a6651fb9add5b4a9816ce04744", "number": "+12892329296", "date": "2021-01-22 16:40:25", "subject": "3", "recorded-or-robo": "Y", "city": "", "state": "MI", "area-code": "586"}, {"id": "deca54a6651fb9add5b4a9816c842278", "number": "586382858691833", "date": "2021-01-22 14:17:00", "subject": "2", "recorded-or-robo": "N", "city": "", "state": "MO", "area-code": "636"}, {"id": "b6a8da8b80f26332ed085cca2def76f1", "number": "586382858691833", "date": "2021-01-22 14:17:00", "subject": "2", "recorded-or-robo": "N", "city": "", "state": "MO", "area-code": "636"}, {"id": "deca54a6651fb9add5b4a9816c841520", "number": "2065940641", "date": "2021-01-22 13:58:00", "subject": "3", "recorded-or-robo": "Y", "city": "", "state": "WA", "area-code": "206"}, {"id": "b6a8da8b80f26332ed085cca2def7452", "number": "2065940641", "date": "2021-01-22 13:58:00", "subject": "3", "recorded-or-robo": "Y", "city": "", "state": "WA", "area-code": "206"}, {"id": "deca54a6651fb9add5b4a9816c84062c", "number": "8332297973", "date": "2021-01-20 00:00:00", "subject": "3", "recorded-or-robo": "", "city": "Lakeland", "state": "TN", "area-code": "901"}, {"id": "b6a8da8b80f26332ed085cca2def6529", "number": "8332297973", "date": "2021-01-20 00:00:00", "subject": "3", "recorded-or-robo": "", "city": "Lakeland", "state": "TN", "area-code": "901"}, {"id": "deca54a6651fb9add5b4a9816c83fb3e", "number": "8136312747", "date": "2021-01-22 16:36:00", "subject": "7", "recorded-or-robo": "Y", "city": "", "state": "FL", "area-code": "813"}, {"id": "deca54a6651fb9add5b4a9816c83f0f7", "number": "5733533576", "date": "2021-01-22 14:00:00", "subject": "1", "recorded-or-robo": "N", "city": "", "state": "MO", "area-code": "573"}, {"id": "b6a8da8b80f26332ed085cca2def6119", "number": "8136312747", "date": "2021-01-22 16:36:00", "subject": "7", "recorded-or-robo": "Y", "city": "", "state": "FL", "area-code": "813"}, {"id": "b6a8da8b80f26332ed085cca2def5bf6", "number": "5733533576", "date": "2021-01-22 14:00:00", "subject": "1", "recorded-or-robo": "N", "city": "", "state": "MO", "area-code": "573"}, {"id": "deca54a6651fb9add5b4a9816c83eec9", "number": "hunguptoosoon", "date": "2021-01-22 12:00:00", "subject": "1", "recorded-or-robo": "Y", "city": "", "state": "AK", "area-code": "907"}, {"id": "b6a8da8b80f26332ed085cca2def5198", "number": "hunguptoosoon", "date": "2021-01-22 12:00:00", "subject": "1", "recorded-or-robo": "Y", "city": "", "state": "AK", "area-code": "907"}, {"id": "deca54a6651fb9add5b4a9816c83e98b", "number": "9017132110", "date": "2021-01-22 14:19:00", "subject": "4", "recorded-or-robo": "Y", "city": "Olive Branch", "state": "MS", "area-code": "901"}, {"id": "b6a8da8b80f26332ed085cca2def49fa", "number": "9017132110", "date": "2021-01-22 14:19:00", "subject": "4", "recorded-or-robo": "Y", "city": "Olive Branch", "state": "MS", "area-code": "901"}, {"id": "deca54a6651fb9add5b4a9816c83e6dd", "number": "8883821222", "date": "2021-01-21 00:00:00", "subject": "3", "recorded-or-robo": "Y", "city": "", "state": "OK", "area-code": "580"}, {"id": "b6a8da8b80f26332ed085cca2def42e1", "number": "8883821222", "date": "2021-01-21 00:00:00", "subject": "3", "recorded-or-robo": "Y", "city": "", "state": "OK", "area-code": "580"}, {"id": "deca54a6651fb9add5b4a9816c8341de", "number": "6037681496", "date": "2021-01-22 13:34:00", "subject": "3", "recorded-or-robo": "N", "city": "", "state": "CA", "area-code": "858"}, {"id": "b6a8da8b80f26332ed085cca2dee672d", "number": "6037681496", "date": "2021-01-22 13:34:00", "subject": "3", "recorded-or-robo": "N", "city": "", "state": "CA", "area-code": "858"}, {"id": "deca54a6651fb9add5b4a9816c83de92", "number": "", "date": "2021-01-22 15:32:00", "subject": "5", "recorded-or-robo": "Y", "city": "", "state": "TX", "area-code": "832"}, {"id": "deca54a6651fb9add5b4a9816c83d8b0", "number": "6088485009", "date": "2021-01-22 15:33:00", "subject": "3", "recorded-or-robo": "Y", "city": "WISCONSIN DELLS", "state": "WI", "area-code": "608"}, {"id": "b6a8da8b80f26332ed085cca2def4033", "number": "", "date": "2021-01-22 15:32:00", "subject": "5", "recorded-or-robo": "Y", "city": "", "state": "TX", "area-code": "832"}, {"id": "b6a8da8b80f26332ed085cca2def3602", "number": "6088485009", "date": "2021-01-22 15:33:00", "subject": "3", "recorded-or-robo": "Y", "city": "WISCONSIN DELLS", "state": "WI", "area-code": "608"}, {"id": "e81c9350d54f66c6d33b3747ee4b5e13", "number": "8172036408", "date": "2021-01-22 16:39:58", "subject": "3", "recorded-or-robo": "Y", "city": "", "state": "NY", "area-code": "347"}, {"id": "deca54a6651fb9add5b4a9816cdfa9f3", "number": "8172036408", "date": "2021-01-22 16:39:58", "subject": "3", "recorded-or-robo": "Y", "city": "", "state": "NY", "area-code": "347"}, {"id": "deca54a6651fb9add5b4a9816c83500e", "number": "9789955379", "date": "2021-01-22 16:27:00", "subject": "3", "recorded-or-robo": "N", "city": "", "state": "FL", "area-code": "813"}, {"id": "b6a8da8b80f26332ed085cca2dee8321", "number": "9789955379", "date": "2021-01-22 16:27:00", "subject": "3", "recorded-or-robo": "N", "city": "", "state": "FL", "area-code": "813"}, {"id": "deca54a6651fb9add5b4a9816c83d00c", "number": "8632229046", "date": "2021-01-22 11:30:00", "subject": "4", "recorded-or-robo": "Y", "city": "Philadelphia", "state": "PA", "area-code": "215"}, {"id": "b6a8da8b80f26332ed085cca2def290f", "number": "8632229046", "date": "2021-01-22 11:30:00", "subject": "4", "recorded-or-robo": "Y", "city": "Philadelphia", "state": "PA", "area-code": "215"}, {"id": "deca54a6651fb9add5b4a9816c83c198", "number": "8332297969", "date": "2021-01-20 00:00:00", "subject": "3", "recorded-or-robo": "", "city": "Lakeland", "state": "TN", "area-code": "901"}, {"id": "b6a8da8b80f26332ed085cca2def2006", "number": "8332297969", "date": "2021-01-20 00:00:00", "subject": "3", "recorded-or-robo": "", "city": "Lakeland", "state": "TN", "area-code": "901"}, {"id": "deca54a6651fb9add5b4a9816c83b24f", "number": "6027774818", "date": "2021-01-22 14:30:00", "subject": "4", "recorded-or-robo": "Y", "city": "PHOENIX", "state": "AZ", "area-code": "602"}, {"id": "b6a8da8b80f26332ed085cca2def1ccf", "number": "6027774818", "date": "2021-01-22 14:30:00", "subject": "4", "recorded-or-robo": "Y", "city": "PHOENIX", "state": "AZ", "area-code": "602"}, {"id": "deca54a6651fb9add5b4a9816c83a2ec", "number": "", "date": "2021-01-22 16:05:00", "subject": "2", "recorded-or-robo": "Y", "city": "Washington", "state": "Do", "area-code": "202"}, {"id": "b6a8da8b80f26332ed085cca2def0d93", "number": "", "date": "2021-01-22 16:05:00", "subject": "2", "recorded-or-robo": "Y", "city": "Washington", "state": "Do", "area-code": "202"}, {"id": "deca54a6651fb9add5b4a9816c838460", "number": "4017817614", "date": "2021-01-22 15:13:00", "subject": "3", "recorded-or-robo": "N", "city": "", "state": "RI", "area-code": "401"}, {"id": "b6a8da8b80f26332ed085cca2deed490", "number": "4017817614", "date": "2021-01-22 15:13:00", "subject": "3", "recorded-or-robo": "N", "city": "", "state": "RI", "area-code": "401"}, {"id": "deca54a6651fb9add5b4a9816c831edf", "number": "9014567064", "date": "2021-01-22 00:00:00", "subject": "3", "recorded-or-robo": "", "city": "", "state": "TN", "area-code": "901"}, {"id": "b6a8da8b80f26332ed085cca2dee50fa", "number": "9014567064", "date": "2021-01-22 00:00:00", "subject": "3", "recorded-or-robo": "", "city": "", "state": "TN", "area-code": "901"}, {"id": "deca54a6651fb9add5b4a9816c83a295", "number": "8087583179", "date": "2021-01-22 09:34:00", "subject": "1", "recorded-or-robo": "Y", "city": "", "state": "HI", "area-code": "808"}]}