{"data": [{"id": "1d36742e3f24f50e4e7ae82801340abe", "number": "6196553893", "date": "2021-01-22 18:52:34", "subject": "3", "recorded-or-robo": "Y", "city": "", "state": "CA", "area-code": "619"}, {"id": "e81c9350d54f66c6d33b3747ee9f2ef0", "number": "6102544836", "date": "2021-01-22 18:52:27", "subject": "3", "recorded-or-robo": "N", "city": "", "state": "PA", "area-code": "610"}, {"id": "1d36742e3f24f50e4e7ae8280134428b", "number": "6102544836", "date": "2021-01-22 18:52:27", "subject": "3", "recorded-or-robo": "N", "city": "", "state": "PA", "area-code": "610"}, {"id": "e81c9350d54f66c6d33b3747ee5d84a3", "number": "8552151831", "date": "2021-01-22 12:00:00", "subject": "6", "recorded-or-robo": "Y", "city": "Ithaca", "state": "NY", "area-code": "607"}, {"id": "deca54a6651fb9add5b4a9816cf235d1", "number": "8552151831", "date": "2021-01-22 12:00:00", "subject": "6", "recorded-or-robo": "Y", "city": "Ithaca", "state": "NY", "area-code": "607"}, {"id": "e81c9350d54f66c6d33b3747ee9ed0e0", "number": "6196553934", "date": "2021-01-22 18:52:25", "subject": "3", "recorded-or-robo": "Y", "city": "", "state": "CA", "area-code": "619"}, {"id": "e81c9350d54f66c6d33b3747ee3f3561", "number": "5172103470", "date": "2021-01-22 19:45:00", "subject": "5", "recorded-or-robo": "Y", "city": "Jerome", "state": "MI", "area-code": "517"}, {"id": "deca54a6651fb9add5b4a9816cd39eff", "number": "5172103470", "date": "2021-01-22 19:45:00", "subject": "5", "recorded-or-robo": "Y", "city": "Jerome", "state": "MI", "area-code": "517"}, {"id": "1d36742e3f24f50e4e7ae8280133fa56", "number": "6196553934", "date": "2021-01-22 18:52:25", "subject": "3", "recorded-or-robo": "Y", "city": "", "state": "CA", "area-code": "619"}, {"id": "e81c9350d54f66c6d33b3747eec68968", "number": "9850000000", "date": "2021-01-11 07:00:00", "subject": "3", "recorded-or-robo": "Y", "city": "", "state": "LA", "area-code": "337"}, {"id": "e81c9350d54f66c6d33b3747ee9f387d", "number": "7707413197", "date": "2021-01-22 18:52:21", "subject": "3", "recorded-or-robo": "N", "city": "", "state": "GA", "area-code": "770"}, {"id": "1d36742e3f24f50e4e7ae828015bdc78", "number": "9850000000", "date": "2021-01-11 07:00:00", "subject": "3", "recorded-or-robo": "Y", "city": "", "state": "LA", "area-code": "337"}, {"id": "1d36742e3f24f50e4e7ae8280134541b", "number": "7707413197", "date": "2021-01-22 18:52:21", "subject": "3", "recorded-or-robo": "N", "city": "", "state": "GA", "area-code": "770"}, {"id": "e81c9350d54f66c6d33b3747ee9f5998", "number": "+18174673104", "date": "2021-01-22 18:52:16", "subject": "3", "recorded-or-robo": "Y", "city": "", "state": "TX", "area-code": "817"}, {"id": "1d36742e3f24f50e4e7ae82801347311", "number": "+18174673104", "date": "2021-01-22 18:52:16", "subject": "3", "recorded-or-robo": "Y", "city": "", "state": "TX", "area-code": "817"}, {"id": "e81c9350d54f66c6d33b3747ee9ece72", "number": "6196553932", "date": "2021-01-22 18:52:11", "subject": "3", "recorded-or-robo": "Y", "city": "", "state": "CA", "area-code": "619"}, {"id": "1d36742e3f24f50e4e7ae8280133f2ba", "number": "6196553932", "date": "2021-01-22 18:52:11", "subject": "3", "recorded-or-robo": "Y", "city": "", "state": "CA", "area-code": "619"}, {"id": "e81c9350d54f66c6d33b3747ee3f2e1d", "number": "7245128167", "date": "2021-01-22 18:16:00", "subject": "3", "recorded-or-robo": "Y", "city": "", "state": "PA", "area-code": "724"}, {"id": "deca54a6651fb9add5b4a9816cd392e6", "number": "7245128167", "date": "2021-01-22 18:16:00", "subject": "3", "recorded-or-robo": "Y", "city": "", "state": "PA", "area-code": "724"}, {"id": "e81c9350d54f66c6d33b3747ee3f2b56", "number": "6026713498", "date": "2021-01-22 16:47:00", "subject": "0", "recorded-or-robo": "Y", "city": "Tucson", "state": "AZ", "area-code": "520"}, {"id": "deca54a6651fb9add5b4a9816cd38f49", "number": "6026713498", "date": "2021-01-22 16:47:00", "subject": "0", "recorded-or-robo": "Y", "city": "Tucson", "state": "AZ", "area-code": "520"}, {"id": "e81c9350d54f66c6d33b3747ee3f289d", "number": "8582168564", "date": "2021-01-22 15:43:00", "subject": "4", "recorded-or-robo": "Y", "city": "El Dorado Hills", "state": "CA", "area-code": "858"}, {"id": "deca54a6651fb9add5b4a9816cd380a2", "number": "8582168564", "date": "2021-01-22 15:43:00", "subject": "4", "recorded-or-robo": "Y", "city": "El Dorado Hills", "state": "CA", "area-code": "858"}, {"id": "e81c9350d54f66c6d33b3747ee3f22dc", "number": "8173741827", "date": "2021-01-22 17:44:00", "subject": "6", "recorded-or-robo": "Y", "city": "Arlington", "state": "TX", "area-code": "817"}, {"id": "deca54a6651fb9add5b4a9816cd37626", "number": "8173741827", "date": "2021-01-22 17:44:00", "subject": "6", "recorded-or-robo": "Y", "city": "Arlington", "state": "TX", "area-code": "817"}, {"id": "e81c9350d54f66c6d33b3747ee3ee2f9", "number": "7062033032", "date": "2021-01-22 16:54:00", "subject": "3", "recorded-or-robo": "N", "city": "", "state": "GA", "area-code": "706"}, {"id": "deca54a6651fb9add5b4a9816cd34174", "number": "7062033032", "date": "2021-01-22 16:54:00", "subject": "3", "recorded-or-robo": "N", "city": "", "state": "GA", "area-code": "706"}, {"id": "e81c9350d54f66c6d33b3747ee9f6497", "number": "7322580280", "date": "2021-01-22 18:51:51", "subject": "3", "recorded-or-robo": "Y", "city": "", "state": "NJ", "area-code": "732"}, {"id": "1d36742e3f24f50e4e7ae82801348bf4", "number": "7322580280", "date": "2021-01-22 18:51:51", "subject": "3", "recorded-or-robo": "Y", "city": "", "state": "NJ", "area-code": "732"}, {"id": "e81c9350d54f66c6d33b3747ee3f1cb1", "number": "3013100131", "date": "2021-01-22 10:54:00", "subject": "0", "recorded-or-robo": "Y", "city": "Fort  Washington", "state": "MD", "area-code": "301"}, {"id": "deca54a6651fb9add5b4a9816cd36949", "number": "3013100131", "date": "2021-01-22 10:54:00", "subject": "0", "recorded-or-robo": "Y", "city": "Fort  Washington", "state": "MD", "area-code": "301"}, {"id": "e81c9350d54f66c6d33b3747ee3f146f", "number": "2547805681", "date": "2021-01-22 17:39:00", "subject": "2", "recorded-or-robo": "Y", "city": "Belton", "state": "TX", "area-code": "254"}, {"id": "deca54a6651fb9add5b4a9816cd35eb2", "number": "2547805681", "date": "2021-01-22 17:39:00", "subject": "2", "recorded-or-robo": "Y", "city": "Belton", "state": "TX", "area-code": "254"}, {"id": "e81c9350d54f66c6d33b3747ee3f06be", "number": "9028876622", "date": "2021-01-21 11:02:00", "subject": "2", "recorded-or-robo": "Y", "city": "Rochelle", "state": "IL", "area-code": "815"}, {"id": "deca54a6651fb9add5b4a9816cd35539", "number": "9028876622", "date": "2021-01-21 11:02:00", "subject": "2", "recorded-or-robo": "Y", "city": "Rochelle", "state": "IL", "area-code": "815"}, {"id": "e81c9350d54f66c6d33b3747ee3efbdc", "number": "4049972182", "date": "2021-01-22 07:58:00", "subject": "11", "recorded-or-robo": "Y", "city": "Encinitas", "state": "CA", "area-code": "760"}, {"id": "deca54a6651fb9add5b4a9816cd35147", "number": "4049972182", "date": "2021-01-22 07:58:00", "subject": "11", "recorded-or-robo": "Y", "city": "Encinitas", "state": "CA", "area-code": "760"}, {"id": "e81c9350d54f66c6d33b3747ee3ef86e", "number": "3144527602", "date": "2021-01-22 14:34:00", "subject": "2", "recorded-or-robo": "Y", "city": "Creve Couer", "state": "MO", "area-code": "314"}, {"id": "deca54a6651fb9add5b4a9816cd345ca", "number": "3144527602", "date": "2021-01-22 14:34:00", "subject": "2", "recorded-or-robo": "Y", "city": "Creve Couer", "state": "MO", "area-code": "314"}, {"id": "e81c9350d54f66c6d33b3747ee3eeef1", "number": "9018449553", "date": "2021-01-22 16:15:00", "subject": "2", "recorded-or-robo": "Y", "city": "Huntington", "state": "WV", "area-code": "304"}, {"id": "deca54a6651fb9add5b4a9816cd3424b", "number": "9018449553", "date": "2021-01-22 16:15:00", "subject": "2", "recorded-or-robo": "Y", "city": "Huntington", "state": "WV", "area-code": "304"}, {"id": "e81c9350d54f66c6d33b3747ee9f1652", "number": "+12563888461", "date": "2021-01-22 18:51:22", "subject": "3", "recorded-or-robo": "Y", "city": "", "state": "AL", "area-code": "256"}, {"id": "1d36742e3f24f50e4e7ae82801343cd1", "number": "+12563888461", "date": "2021-01-22 18:51:22", "subject": "3", "recorded-or-robo": "Y", "city": "", "state": "AL", "area-code": "256"}, {"id": "e81c9350d54f66c6d33b3747ee3edb50", "number": "2092449123", "date": "2021-01-22 15:45:00", "subject": "1", "recorded-or-robo": "N", "city": "Santa Ana", "state": "CA", "area-code": "714"}, {"id": "e81c9350d54f66c6d33b3747ee3ed6c1", "number": "6052268565", "date": "2021-01-19 12:06:00", "subject": "0", "recorded-or-robo": "", "city": "Monee", "state": "IL", "area-code": "708"}, {"id": "deca54a6651fb9add5b4a9816cd33e76", "number": "2092449123", "date": "2021-01-22 15:45:00", "subject": "1", "recorded-or-robo": "N", "city": "Santa Ana", "state": "CA", "area-code": "714"}, {"id": "deca54a6651fb9add5b4a9816cd339bb", "number": "6052268565", "date": "2021-01-19 12:06:00", "subject": "0", "recorded-or-robo": "", "city": "Monee", "state": "IL", "area-code": "708"}, {"id": "e81c9350d54f66c6d33b3747ee3ec815", "number": "2622036982", "date": "2021-01-22 16:43:00", "subject": "2", "recorded-or-robo": "Y", "city": "JANESVILLE", "state": "IA", "area-code": "262"}, {"id": "deca54a6651fb9add5b4a9816cd3346d", "number": "2622036982", "date": "2021-01-22 16:43:00", "subject": "2", "recorded-or-robo": "Y", "city": "JANESVILLE", "state": "IA", "area-code": "262"}, {"id": "e81c9350d54f66c6d33b3747ee3ebc5d", "number": "5616542642", "date": "2021-01-21 10:12:00", "subject": "2", "recorded-or-robo": "Y", "city": "west palm beach", "state": "FL", "area-code": "561"}]}