{"data": [{"id": "deca54a6651fb9add5b4a9816cdff22b", "number": "8642516147", "date": "2021-01-22 16:36:09", "subject": "3", "recorded-or-robo": "Y", "city": "", "state": "NY", "area-code": "347"}, {"id": "deca54a6651fb9add5b4a9816c815067", "number": "6354341", "date": "2021-01-19 11:01:00", "subject": "0", "recorded-or-robo": "N", "city": "The Villages", "state": "FL", "area-code": "352"}, {"id": "b6a8da8b80f26332ed085cca2dec9edb", "number": "6354341", "date": "2021-01-19 11:01:00", "subject": "0", "recorded-or-robo": "N", "city": "The Villages", "state": "FL", "area-code": "352"}, {"id": "deca54a6651fb9add5b4a9816c814da1", "number": "2819232721", "date": "2021-01-22 03:31:00", "subject": "2", "recorded-or-robo": "", "city": "Richmond", "state": "TX", "area-code": "936"}, {"id": "b6a8da8b80f26332ed085cca2dec948d", "number": "2819232721", "date": "2021-01-22 03:31:00", "subject": "2", "recorded-or-robo": "", "city": "Richmond", "state": "TX", "area-code": "936"}, {"id": "deca54a6651fb9add5b4a9816c814cb0", "number": "8449741793", "date": "2021-01-22 14:08:00", "subject": "2", "recorded-or-robo": "Y", "city": "", "state": "TX", "area-code": "830"}, {"id": "b6a8da8b80f26332ed085cca2dec8e4f", "number": "8449741793", "date": "2021-01-22 14:08:00", "subject": "2", "recorded-or-robo": "Y", "city": "", "state": "TX", "area-code": "830"}, {"id": "deca54a6651fb9add5b4a9816c81433d", "number": "8183329782", "date": "2021-01-22 00:00:00", "subject": "5", "recorded-or-robo": "Y", "city": "", "state": "CA", "area-code": "818"}, {"id": "b6a8da8b80f26332ed085cca2dec8259", "number": "8183329782", "date": "2021-01-22 00:00:00", "subject": "5", "recorded-or-robo": "Y", "city": "", "state": "CA", "area-code": "818"}, {"id": "e81c9350d54f66c6d33b3747ee4b3a3e", "number": "2255223400", "date": "2021-01-22 16:35:59", "subject": "3", "recorded-or-robo": "Y", "city": "", "state": "NY", "area-code": "347"}, {"id": "deca54a6651fb9add5b4a9816cdf9576", "number": "2255223400", "date": "2021-01-22 16:35:59", "subject": "3", "recorded-or-robo": "Y", "city": "", "state": "NY", "area-code": "347"}, {"id": "deca54a6651fb9add5b4a9816c81428c", "number": "6142103903", "date": "2021-01-22 14:56:00", "subject": "2", "recorded-or-robo": "Y", "city": "", "state": "TN", "area-code": "615"}, {"id": "b6a8da8b80f26332ed085cca2dec7321", "number": "6142103903", "date": "2021-01-22 14:56:00", "subject": "2", "recorded-or-robo": "Y", "city": "", "state": "TN", "area-code": "615"}, {"id": "e81c9350d54f66c6d33b3747ee49f768", "number": "5408581532", "date": "2021-01-22 16:35:51", "subject": "3", "recorded-or-robo": "Y", "city": "", "state": "NY", "area-code": "347"}, {"id": "deca54a6651fb9add5b4a9816cde8318", "number": "5408581532", "date": "2021-01-22 16:35:51", "subject": "3", "recorded-or-robo": "Y", "city": "", "state": "NY", "area-code": "347"}, {"id": "e81c9350d54f66c6d33b3747ee4aff29", "number": "5408581532", "date": "2021-01-22 16:35:50", "subject": "3", "recorded-or-robo": "N", "city": "", "state": "NY", "area-code": "347"}, {"id": "deca54a6651fb9add5b4a9816cdf599e", "number": "5408581532", "date": "2021-01-22 16:35:50", "subject": "3", "recorded-or-robo": "N", "city": "", "state": "NY", "area-code": "347"}, {"id": "deca54a6651fb9add5b4a9816c8140e8", "number": "7034179400", "date": "2021-01-22 14:22:00", "subject": "2", "recorded-or-robo": "Y", "city": "Stephens city", "state": "VA", "area-code": "540"}, {"id": "b6a8da8b80f26332ed085cca2dec6bc9", "number": "7034179400", "date": "2021-01-22 14:22:00", "subject": "2", "recorded-or-robo": "Y", "city": "Stephens city", "state": "VA", "area-code": "540"}, {"id": "deca54a6651fb9add5b4a9816c813944", "number": "4698444986", "date": "2021-01-22 15:35:00", "subject": "7", "recorded-or-robo": "Y", "city": "", "state": "TX", "area-code": "469"}, {"id": "b6a8da8b80f26332ed085cca2dec5dea", "number": "4698444986", "date": "2021-01-22 15:35:00", "subject": "7", "recorded-or-robo": "Y", "city": "", "state": "TX", "area-code": "469"}, {"id": "e81c9350d54f66c6d33b3747ee49f4b3", "number": "+13853081902", "date": "2021-01-22 16:35:45", "subject": "3", "recorded-or-robo": "N", "city": "", "state": "AZ", "area-code": "602"}, {"id": "deca54a6651fb9add5b4a9816cde74ac", "number": "+13853081902", "date": "2021-01-22 16:35:45", "subject": "3", "recorded-or-robo": "N", "city": "", "state": "AZ", "area-code": "602"}, {"id": "deca54a6651fb9add5b4a9816c812c34", "number": "6366996886", "date": "2021-01-22 14:44:00", "subject": "2", "recorded-or-robo": "Y", "city": "", "state": "MO", "area-code": "636"}, {"id": "b6a8da8b80f26332ed085cca2dec5127", "number": "6366996886", "date": "2021-01-22 14:44:00", "subject": "2", "recorded-or-robo": "Y", "city": "", "state": "MO", "area-code": "636"}, {"id": "deca54a6651fb9add5b4a9816c811f4f", "number": "2082254943", "date": "2021-01-20 12:00:00", "subject": "1", "recorded-or-robo": "N", "city": "", "state": "OR", "area-code": "503"}, {"id": "b6a8da8b80f26332ed085cca2dec4c06", "number": "2082254943", "date": "2021-01-20 12:00:00", "subject": "1", "recorded-or-robo": "N", "city": "", "state": "OR", "area-code": "503"}, {"id": "e81c9350d54f66c6d33b3747ee4a2bad", "number": "6822440299", "date": "2021-01-22 16:35:38", "subject": "3", "recorded-or-robo": "Y", "city": "", "state": "NY", "area-code": "347"}, {"id": "deca54a6651fb9add5b4a9816cdeb3b1", "number": "6822440299", "date": "2021-01-22 16:35:38", "subject": "3", "recorded-or-robo": "Y", "city": "", "state": "NY", "area-code": "347"}, {"id": "deca54a6651fb9add5b4a9816c8115b7", "number": "5303625438", "date": "2021-01-22 12:13:00", "subject": "1", "recorded-or-robo": "Y", "city": "", "state": "FL", "area-code": "352"}, {"id": "b6a8da8b80f26332ed085cca2dec48c7", "number": "5303625438", "date": "2021-01-22 12:13:00", "subject": "1", "recorded-or-robo": "Y", "city": "", "state": "FL", "area-code": "352"}, {"id": "deca54a6651fb9add5b4a9816c810f5b", "number": "5172552746", "date": "2021-01-22 11:55:00", "subject": "2", "recorded-or-robo": "Y", "city": "hillsdale", "state": "MI", "area-code": "517"}, {"id": "b6a8da8b80f26332ed085cca2dec39bf", "number": "5172552746", "date": "2021-01-22 11:55:00", "subject": "2", "recorded-or-robo": "Y", "city": "hillsdale", "state": "MI", "area-code": "517"}, {"id": "deca54a6651fb9add5b4a9816c8109af", "number": "5103747270", "date": "2021-01-22 13:27:00", "subject": "4", "recorded-or-robo": "Y", "city": "", "state": "CA", "area-code": "510"}, {"id": "b6a8da8b80f26332ed085cca2dec397c", "number": "5103747270", "date": "2021-01-22 13:27:00", "subject": "4", "recorded-or-robo": "Y", "city": "", "state": "CA", "area-code": "510"}, {"id": "deca54a6651fb9add5b4a9816c810202", "number": "8184156291", "date": "2021-01-22 13:29:00", "subject": "5", "recorded-or-robo": "Y", "city": "", "state": "CA", "area-code": "818"}, {"id": "b6a8da8b80f26332ed085cca2dec34ae", "number": "8184156291", "date": "2021-01-22 13:29:00", "subject": "5", "recorded-or-robo": "Y", "city": "", "state": "CA", "area-code": "818"}, {"id": "deca54a6651fb9add5b4a9816c8101ce", "number": "4017150062", "date": "2021-01-22 16:30:00", "subject": "4", "recorded-or-robo": "Y", "city": "Coventry", "state": "RI", "area-code": "401"}, {"id": "b6a8da8b80f26332ed085cca2dec2b10", "number": "4017150062", "date": "2021-01-22 16:30:00", "subject": "4", "recorded-or-robo": "Y", "city": "Coventry", "state": "RI", "area-code": "401"}, {"id": "deca54a6651fb9add5b4a9816c80fac3", "number": "9416557201", "date": "2021-01-22 16:34:00", "subject": "2", "recorded-or-robo": "Y", "city": "Port Charlotte", "state": "FL", "area-code": "941"}, {"id": "b6a8da8b80f26332ed085cca2dec2098", "number": "9416557201", "date": "2021-01-22 16:34:00", "subject": "2", "recorded-or-robo": "Y", "city": "Port Charlotte", "state": "FL", "area-code": "941"}, {"id": "e81c9350d54f66c6d33b3747ee4a959e", "number": "523333213689", "date": "2021-01-22 16:35:16", "subject": "3", "recorded-or-robo": "Y", "city": "", "state": "FL", "area-code": "239"}, {"id": "e81c9350d54f66c6d33b3747ee4a4f78", "number": "+19087317355", "date": "2021-01-22 16:35:16", "subject": "3", "recorded-or-robo": "Y", "city": "", "state": "PA", "area-code": "215"}, {"id": "deca54a6651fb9add5b4a9816cdf242d", "number": "523333213689", "date": "2021-01-22 16:35:16", "subject": "3", "recorded-or-robo": "Y", "city": "", "state": "FL", "area-code": "239"}, {"id": "deca54a6651fb9add5b4a9816cded3cb", "number": "+19087317355", "date": "2021-01-22 16:35:16", "subject": "3", "recorded-or-robo": "Y", "city": "", "state": "PA", "area-code": "215"}, {"id": "deca54a6651fb9add5b4a9816c80f1cb", "number": "8135760436", "date": "2021-01-19 11:01:00", "subject": "0", "recorded-or-robo": "N", "city": "The Villages", "state": "FL", "area-code": "352"}, {"id": "b6a8da8b80f26332ed085cca2dec1efd", "number": "8135760436", "date": "2021-01-19 11:01:00", "subject": "0", "recorded-or-robo": "N", "city": "The Villages", "state": "FL", "area-code": "352"}, {"id": "e81c9350d54f66c6d33b3747ee4a123d", "number": "+17276820392", "date": "2021-01-22 16:35:11", "subject": "3", "recorded-or-robo": "N", "city": "", "state": "FL", "area-code": "407"}, {"id": "deca54a6651fb9add5b4a9816cde961c", "number": "+17276820392", "date": "2021-01-22 16:35:11", "subject": "3", "recorded-or-robo": "N", "city": "", "state": "FL", "area-code": "407"}, {"id": "deca54a6651fb9add5b4a9816c80e604", "number": "9725057633", "date": "2021-01-22 13:24:00", "subject": "1", "recorded-or-robo": "Y", "city": "", "state": "TX", "area-code": "972"}]}