{"data": [{"id": "deca54a6651fb9add5b4a9816cf9dbbf", "number": "3104511722", "date": "2021-01-21 11:11:00", "subject": "1", "recorded-or-robo": "Y", "city": "Inglewood", "state": "CA", "area-code": "310"}, {"id": "e81c9350d54f66c6d33b3747ee64ad13", "number": "2029649703", "date": "2021-01-22 14:48:00", "subject": "0", "recorded-or-robo": "Y", "city": "", "state": "Do", "area-code": "202"}, {"id": "deca54a6651fb9add5b4a9816cf9d4f3", "number": "2029649703", "date": "2021-01-22 14:48:00", "subject": "0", "recorded-or-robo": "Y", "city": "", "state": "Do", "area-code": "202"}, {"id": "e81c9350d54f66c6d33b3747ee64a8d4", "number": "5183367574", "date": "2021-01-22 12:00:00", "subject": "2", "recorded-or-robo": "N", "city": "Mission Viejo", "state": "CA", "area-code": "949"}, {"id": "deca54a6651fb9add5b4a9816cf9c69b", "number": "5183367574", "date": "2021-01-22 12:00:00", "subject": "2", "recorded-or-robo": "N", "city": "Mission Viejo", "state": "CA", "area-code": "949"}, {"id": "e81c9350d54f66c6d33b3747ee6412c0", "number": "3046665006", "date": "2021-01-22 17:05:00", "subject": "3", "recorded-or-robo": "", "city": "", "state": "IA", "area-code": "319"}, {"id": "deca54a6651fb9add5b4a9816cf93eb6", "number": "3046665006", "date": "2021-01-22 17:05:00", "subject": "3", "recorded-or-robo": "", "city": "", "state": "IA", "area-code": "319"}, {"id": "e81c9350d54f66c6d33b3747ee649adc", "number": "5053863392", "date": "2021-01-22 01:32:00", "subject": "0", "recorded-or-robo": "Y", "city": "Albuquerque", "state": "NM", "area-code": "505"}, {"id": "deca54a6651fb9add5b4a9816cf9bb2b", "number": "5053863392", "date": "2021-01-22 01:32:00", "subject": "0", "recorded-or-robo": "Y", "city": "Albuquerque", "state": "NM", "area-code": "505"}, {"id": "e81c9350d54f66c6d33b3747ee649596", "number": "", "date": "2021-01-22 09:59:00", "subject": "2", "recorded-or-robo": "N", "city": "Morgan", "state": "UT", "area-code": "801"}, {"id": "deca54a6651fb9add5b4a9816cf9ba8d", "number": "", "date": "2021-01-22 09:59:00", "subject": "2", "recorded-or-robo": "N", "city": "Morgan", "state": "UT", "area-code": "801"}, {"id": "e81c9350d54f66c6d33b3747ee6492b0", "number": "8172742256", "date": "2021-01-22 17:53:00", "subject": "2", "recorded-or-robo": "Y", "city": "Valliant", "state": "OK", "area-code": "580"}, {"id": "deca54a6651fb9add5b4a9816cf9b9fb", "number": "8172742256", "date": "2021-01-22 17:53:00", "subject": "2", "recorded-or-robo": "Y", "city": "Valliant", "state": "OK", "area-code": "580"}, {"id": "e81c9350d54f66c6d33b3747ee648a27", "number": "5615038428", "date": "2021-01-21 09:36:00", "subject": "2", "recorded-or-robo": "Y", "city": "Hyattville", "state": "FL", "area-code": "561"}, {"id": "deca54a6651fb9add5b4a9816cf9b504", "number": "5615038428", "date": "2021-01-21 09:36:00", "subject": "2", "recorded-or-robo": "Y", "city": "Hyattville", "state": "FL", "area-code": "561"}, {"id": "e81c9350d54f66c6d33b3747ee6486d9", "number": "6464223016", "date": "2021-01-20 15:06:00", "subject": "1", "recorded-or-robo": "Y", "city": "", "state": "NY", "area-code": "646"}, {"id": "deca54a6651fb9add5b4a9816cf9a8c7", "number": "6464223016", "date": "2021-01-20 15:06:00", "subject": "1", "recorded-or-robo": "Y", "city": "", "state": "NY", "area-code": "646"}, {"id": "e81c9350d54f66c6d33b3747eea1b1e8", "number": "6232551394", "date": "2021-01-22 19:06:07", "subject": "3", "recorded-or-robo": "Y", "city": "", "state": "AZ", "area-code": "623"}, {"id": "1d36742e3f24f50e4e7ae82801368c07", "number": "6232551394", "date": "2021-01-22 19:06:07", "subject": "3", "recorded-or-robo": "Y", "city": "", "state": "AZ", "area-code": "623"}, {"id": "e81c9350d54f66c6d33b3747ee647a06", "number": "8007434040", "date": "2021-01-22 13:00:00", "subject": "2", "recorded-or-robo": "Y", "city": "Friendswood", "state": "TX", "area-code": "313"}, {"id": "deca54a6651fb9add5b4a9816cf99f2b", "number": "8007434040", "date": "2021-01-22 13:00:00", "subject": "2", "recorded-or-robo": "Y", "city": "Friendswood", "state": "TX", "area-code": "313"}, {"id": "e81c9350d54f66c6d33b3747ee646f52", "number": "8043523680", "date": "2020-10-31 16:34:00", "subject": "0", "recorded-or-robo": "Y", "city": "Manassas", "state": "VA", "area-code": "703"}, {"id": "deca54a6651fb9add5b4a9816cf99d62", "number": "8043523680", "date": "2020-10-31 16:34:00", "subject": "0", "recorded-or-robo": "Y", "city": "Manassas", "state": "VA", "area-code": "703"}, {"id": "e81c9350d54f66c6d33b3747ee64687d", "number": "2485823211", "date": "2021-01-22 13:10:00", "subject": "2", "recorded-or-robo": "N", "city": "", "state": "MI", "area-code": "248"}, {"id": "deca54a6651fb9add5b4a9816cf98f70", "number": "2485823211", "date": "2021-01-22 13:10:00", "subject": "2", "recorded-or-robo": "N", "city": "", "state": "MI", "area-code": "248"}, {"id": "e81c9350d54f66c6d33b3747ee645bd3", "number": "4103787769", "date": "2021-01-22 12:18:00", "subject": "2", "recorded-or-robo": "Y", "city": "", "state": "MD", "area-code": "410"}, {"id": "deca54a6651fb9add5b4a9816cf9818f", "number": "4103787769", "date": "2021-01-22 12:18:00", "subject": "2", "recorded-or-robo": "Y", "city": "", "state": "MD", "area-code": "410"}, {"id": "e81c9350d54f66c6d33b3747ee6458aa", "number": "8556787931", "date": "2021-01-22 18:53:00", "subject": "1", "recorded-or-robo": "Y", "city": "Culver", "state": "IN", "area-code": "574"}, {"id": "deca54a6651fb9add5b4a9816cf97b71", "number": "8556787931", "date": "2021-01-22 18:53:00", "subject": "1", "recorded-or-robo": "Y", "city": "Culver", "state": "IN", "area-code": "574"}, {"id": "e81c9350d54f66c6d33b3747eea10da5", "number": "8176970470", "date": "2021-01-22 19:05:51", "subject": "3", "recorded-or-robo": "Y", "city": "", "state": "TX", "area-code": "214"}, {"id": "1d36742e3f24f50e4e7ae828013604b5", "number": "8176970470", "date": "2021-01-22 19:05:51", "subject": "3", "recorded-or-robo": "Y", "city": "", "state": "TX", "area-code": "214"}, {"id": "e81c9350d54f66c6d33b3747ee644b63", "number": "2819691811", "date": "2021-01-22 16:09:00", "subject": "2", "recorded-or-robo": "N", "city": "Houston", "state": "TX", "area-code": "281"}, {"id": "e81c9350d54f66c6d33b3747ee6442d8", "number": "8168399886", "date": "2021-01-22 00:00:00", "subject": "3", "recorded-or-robo": "Y", "city": "", "state": "MN", "area-code": "507"}, {"id": "deca54a6651fb9add5b4a9816cf97ac5", "number": "2819691811", "date": "2021-01-22 16:09:00", "subject": "2", "recorded-or-robo": "N", "city": "Houston", "state": "TX", "area-code": "281"}, {"id": "deca54a6651fb9add5b4a9816cf971df", "number": "8168399886", "date": "2021-01-22 00:00:00", "subject": "3", "recorded-or-robo": "Y", "city": "", "state": "MN", "area-code": "507"}, {"id": "e81c9350d54f66c6d33b3747eea11c19", "number": "+18888312835", "date": "2021-01-22 19:05:44", "subject": "3", "recorded-or-robo": "N", "city": "", "state": "PA", "area-code": "215"}, {"id": "1d36742e3f24f50e4e7ae828013618f1", "number": "+18888312835", "date": "2021-01-22 19:05:44", "subject": "3", "recorded-or-robo": "N", "city": "", "state": "PA", "area-code": "215"}, {"id": "e81c9350d54f66c6d33b3747ee643c4b", "number": "3159954701", "date": "2021-01-22 18:11:00", "subject": "2", "recorded-or-robo": "N", "city": "Burton", "state": "MI", "area-code": "810"}, {"id": "deca54a6651fb9add5b4a9816cf96ead", "number": "3159954701", "date": "2021-01-22 18:11:00", "subject": "2", "recorded-or-robo": "N", "city": "Burton", "state": "MI", "area-code": "810"}, {"id": "e81c9350d54f66c6d33b3747ee6433ef", "number": "9514338184", "date": "2021-01-19 10:07:00", "subject": "4", "recorded-or-robo": "N", "city": "houston", "state": "CA", "area-code": "415"}, {"id": "deca54a6651fb9add5b4a9816cf9679e", "number": "9514338184", "date": "2021-01-19 10:07:00", "subject": "4", "recorded-or-robo": "N", "city": "houston", "state": "CA", "area-code": "415"}, {"id": "e81c9350d54f66c6d33b3747ee6431a0", "number": "2142806899", "date": "2021-01-22 17:30:00", "subject": "2", "recorded-or-robo": "Y", "city": "Dallas", "state": "TX", "area-code": "214"}, {"id": "deca54a6651fb9add5b4a9816cf960ba", "number": "2142806899", "date": "2021-01-22 17:30:00", "subject": "2", "recorded-or-robo": "Y", "city": "Dallas", "state": "TX", "area-code": "214"}, {"id": "e81c9350d54f66c6d33b3747ee643173", "number": "3012925599", "date": "2021-01-21 15:11:00", "subject": "3", "recorded-or-robo": "Y", "city": "Waldorf", "state": "MD", "area-code": "301"}, {"id": "deca54a6651fb9add5b4a9816cf95585", "number": "3012925599", "date": "2021-01-21 15:11:00", "subject": "3", "recorded-or-robo": "Y", "city": "Waldorf", "state": "MD", "area-code": "301"}, {"id": "e81c9350d54f66c6d33b3747ee6423db", "number": "2027156684", "date": "2021-01-21 16:15:00", "subject": "6", "recorded-or-robo": "N", "city": "Rochelle", "state": "IL", "area-code": "815"}, {"id": "e81c9350d54f66c6d33b3747ee642047", "number": "2086846476", "date": "2021-01-22 12:21:00", "subject": "3", "recorded-or-robo": "Y", "city": "", "state": "UT", "area-code": "801"}, {"id": "deca54a6651fb9add5b4a9816cf947a3", "number": "2027156684", "date": "2021-01-21 16:15:00", "subject": "6", "recorded-or-robo": "N", "city": "Rochelle", "state": "IL", "area-code": "815"}, {"id": "deca54a6651fb9add5b4a9816cf93ff9", "number": "2086846476", "date": "2021-01-22 12:21:00", "subject": "3", "recorded-or-robo": "Y", "city": "", "state": "UT", "area-code": "801"}, {"id": "e81c9350d54f66c6d33b3747ee640920", "number": "8002252183", "date": "2021-01-22 14:29:00", "subject": "2", "recorded-or-robo": "Y", "city": "Friendswood", "state": "TX", "area-code": "313"}]}