{"data": [{"id": "b6a8da8b80f26332ed085cca2dedba1d", "number": "2402175082", "date": "2021-01-22 15:29:00", "subject": "3", "recorded-or-robo": "N", "city": "", "state": "IL", "area-code": "708"}, {"id": "deca54a6651fb9add5b4a9816c8276b9", "number": "", "date": "2021-01-22 12:10:00", "subject": "1", "recorded-or-robo": "Y", "city": "Palm Beach Gardens", "state": "FL", "area-code": "561"}, {"id": "b6a8da8b80f26332ed085cca2dedb192", "number": "", "date": "2021-01-22 12:10:00", "subject": "1", "recorded-or-robo": "Y", "city": "Palm Beach Gardens", "state": "FL", "area-code": "561"}, {"id": "deca54a6651fb9add5b4a9816c8270d9", "number": "5203458242", "date": "2021-01-22 14:34:00", "subject": "4", "recorded-or-robo": "Y", "city": "Oro Valley", "state": "AZ", "area-code": "520"}, {"id": "deca54a6651fb9add5b4a9816c8267bc", "number": "6156829007", "date": "2021-01-22 13:18:00", "subject": "2", "recorded-or-robo": "Y", "city": "", "state": "TN", "area-code": "615"}, {"id": "b6a8da8b80f26332ed085cca2deda8d3", "number": "5203458242", "date": "2021-01-22 14:34:00", "subject": "4", "recorded-or-robo": "Y", "city": "Oro Valley", "state": "AZ", "area-code": "520"}, {"id": "b6a8da8b80f26332ed085cca2deda3bf", "number": "6156829007", "date": "2021-01-22 13:18:00", "subject": "2", "recorded-or-robo": "Y", "city": "", "state": "TN", "area-code": "615"}, {"id": "e81c9350d54f66c6d33b3747ee4c0eb8", "number": "9312297830", "date": "2021-01-22 16:37:31", "subject": "3", "recorded-or-robo": "Y", "city": "", "state": "NY", "area-code": "347"}, {"id": "deca54a6651fb9add5b4a9816ce0584d", "number": "9312297830", "date": "2021-01-22 16:37:31", "subject": "3", "recorded-or-robo": "Y", "city": "", "state": "NY", "area-code": "347"}, {"id": "deca54a6651fb9add5b4a9816c825a44", "number": "4785592030", "date": "2021-01-22 14:48:00", "subject": "6", "recorded-or-robo": "Y", "city": "Fort Walton Beach", "state": "FL", "area-code": "478"}, {"id": "b6a8da8b80f26332ed085cca2ded9821", "number": "4785592030", "date": "2021-01-22 14:48:00", "subject": "6", "recorded-or-robo": "Y", "city": "Fort Walton Beach", "state": "FL", "area-code": "478"}, {"id": "e81c9350d54f66c6d33b3747ee4b8893", "number": "+14072980343", "date": "2021-01-22 16:37:27", "subject": "3", "recorded-or-robo": "Y", "city": "", "state": "FL", "area-code": "407"}, {"id": "deca54a6651fb9add5b4a9816cdfe245", "number": "+14072980343", "date": "2021-01-22 16:37:27", "subject": "3", "recorded-or-robo": "Y", "city": "", "state": "FL", "area-code": "407"}, {"id": "deca54a6651fb9add5b4a9816c82576e", "number": "9379716727", "date": "2021-01-22 16:00:00", "subject": "4", "recorded-or-robo": "Y", "city": "WEST CARROLLTON", "state": "OH", "area-code": "937"}, {"id": "b6a8da8b80f26332ed085cca2ded8f85", "number": "9379716727", "date": "2021-01-22 16:00:00", "subject": "4", "recorded-or-robo": "Y", "city": "WEST CARROLLTON", "state": "OH", "area-code": "937"}, {"id": "deca54a6651fb9add5b4a9816c8248c2", "number": "5072370503", "date": "2021-01-22 15:30:00", "subject": "2", "recorded-or-robo": "Y", "city": "", "state": "MN", "area-code": "507"}, {"id": "b6a8da8b80f26332ed085cca2ded8ea9", "number": "5072370503", "date": "2021-01-22 15:30:00", "subject": "2", "recorded-or-robo": "Y", "city": "", "state": "MN", "area-code": "507"}, {"id": "deca54a6651fb9add5b4a9816c8240a4", "number": "6175222710", "date": "2021-01-22 16:33:00", "subject": "1", "recorded-or-robo": "Y", "city": "", "state": "MA", "area-code": "617"}, {"id": "b6a8da8b80f26332ed085cca2ded8af5", "number": "6175222710", "date": "2021-01-22 16:33:00", "subject": "1", "recorded-or-robo": "Y", "city": "", "state": "MA", "area-code": "617"}, {"id": "e81c9350d54f66c6d33b3747ee4b77bf", "number": "7322268889", "date": "2021-01-22 16:37:09", "subject": "3", "recorded-or-robo": "Y", "city": "", "state": "NJ", "area-code": "732"}, {"id": "deca54a6651fb9add5b4a9816cdfc771", "number": "7322268889", "date": "2021-01-22 16:37:09", "subject": "3", "recorded-or-robo": "Y", "city": "", "state": "NJ", "area-code": "732"}, {"id": "deca54a6651fb9add5b4a9816c823236", "number": "2135241002", "date": "2021-01-22 16:06:00", "subject": "1", "recorded-or-robo": "Y", "city": "Hillsborough", "state": "NJ", "area-code": "732"}, {"id": "deca54a6651fb9add5b4a9816c822cf5", "number": "7324778962", "date": "2021-01-22 16:15:00", "subject": "2", "recorded-or-robo": "Y", "city": "Brick", "state": "NJ", "area-code": "347"}, {"id": "b6a8da8b80f26332ed085cca2ded7d85", "number": "2135241002", "date": "2021-01-22 16:06:00", "subject": "1", "recorded-or-robo": "Y", "city": "Hillsborough", "state": "NJ", "area-code": "732"}, {"id": "b6a8da8b80f26332ed085cca2ded7b61", "number": "7324778962", "date": "2021-01-22 16:15:00", "subject": "2", "recorded-or-robo": "Y", "city": "Brick", "state": "NJ", "area-code": "347"}, {"id": "deca54a6651fb9add5b4a9816c822193", "number": "2087596364", "date": "2021-01-22 14:33:00", "subject": "4", "recorded-or-robo": "Y", "city": "", "state": "", "area-code": "208"}, {"id": "b6a8da8b80f26332ed085cca2ded78d3", "number": "2087596364", "date": "2021-01-22 14:33:00", "subject": "4", "recorded-or-robo": "Y", "city": "", "state": "", "area-code": "208"}, {"id": "deca54a6651fb9add5b4a9816c821eb1", "number": "8332297894", "date": "2021-01-19 00:00:00", "subject": "3", "recorded-or-robo": "", "city": "Lakeland", "state": "TN", "area-code": "901"}, {"id": "b6a8da8b80f26332ed085cca2ded6ab7", "number": "8332297894", "date": "2021-01-19 00:00:00", "subject": "3", "recorded-or-robo": "", "city": "Lakeland", "state": "TN", "area-code": "901"}, {"id": "e81c9350d54f66c6d33b3747ee5b6984", "number": "8508480482", "date": "2021-01-22 12:44:00", "subject": "3", "recorded-or-robo": "Y", "city": "", "state": "FL", "area-code": "850"}, {"id": "deca54a6651fb9add5b4a9816cf021f8", "number": "8508480482", "date": "2021-01-22 12:44:00", "subject": "3", "recorded-or-robo": "Y", "city": "", "state": "FL", "area-code": "850"}, {"id": "e81c9350d54f66c6d33b3747ee4b9373", "number": "9312297830", "date": "2021-01-22 16:36:58", "subject": "3", "recorded-or-robo": "Y", "city": "", "state": "NY", "area-code": "347"}, {"id": "deca54a6651fb9add5b4a9816cdfe3d0", "number": "9312297830", "date": "2021-01-22 16:36:58", "subject": "3", "recorded-or-robo": "Y", "city": "", "state": "NY", "area-code": "347"}, {"id": "deca54a6651fb9add5b4a9816c821dd1", "number": "9036276946", "date": "2021-01-22 15:28:00", "subject": "4", "recorded-or-robo": "Y", "city": "Cypress", "state": "TX", "area-code": "281"}, {"id": "b6a8da8b80f26332ed085cca2ded60cd", "number": "9036276946", "date": "2021-01-22 15:28:00", "subject": "4", "recorded-or-robo": "Y", "city": "Cypress", "state": "TX", "area-code": "281"}, {"id": "deca54a6651fb9add5b4a9816c820e62", "number": "8179106142", "date": "2021-01-22 13:56:00", "subject": "2", "recorded-or-robo": "Y", "city": "", "state": "TN", "area-code": "615"}, {"id": "b6a8da8b80f26332ed085cca2ded5e78", "number": "8179106142", "date": "2021-01-22 13:56:00", "subject": "2", "recorded-or-robo": "Y", "city": "", "state": "TN", "area-code": "615"}, {"id": "deca54a6651fb9add5b4a9816c81ff4f", "number": "9108794388", "date": "2021-01-22 16:27:00", "subject": "1", "recorded-or-robo": "N", "city": "Apex", "state": "NC", "area-code": "910"}, {"id": "b6a8da8b80f26332ed085cca2ded530a", "number": "9108794388", "date": "2021-01-22 16:27:00", "subject": "1", "recorded-or-robo": "N", "city": "Apex", "state": "NC", "area-code": "910"}, {"id": "e81c9350d54f66c6d33b3747ee4c044b", "number": "+12037601934", "date": "2021-01-22 16:36:53", "subject": "3", "recorded-or-robo": "Y", "city": "", "state": "CT", "area-code": "203"}, {"id": "deca54a6651fb9add5b4a9816ce0564a", "number": "+12037601934", "date": "2021-01-22 16:36:53", "subject": "3", "recorded-or-robo": "Y", "city": "", "state": "CT", "area-code": "203"}, {"id": "deca54a6651fb9add5b4a9816c81f6de", "number": "", "date": "2021-01-22 12:12:00", "subject": "3", "recorded-or-robo": "N", "city": "", "state": "IL", "area-code": "773"}, {"id": "b6a8da8b80f26332ed085cca2ded445f", "number": "", "date": "2021-01-22 12:12:00", "subject": "3", "recorded-or-robo": "N", "city": "", "state": "IL", "area-code": "773"}, {"id": "deca54a6651fb9add5b4a9816c81f262", "number": "2066022539", "date": "2021-01-22 13:37:00", "subject": "4", "recorded-or-robo": "N", "city": "", "state": "KY", "area-code": "502"}, {"id": "b6a8da8b80f26332ed085cca2ded3477", "number": "2066022539", "date": "2021-01-22 13:37:00", "subject": "4", "recorded-or-robo": "N", "city": "", "state": "KY", "area-code": "502"}, {"id": "deca54a6651fb9add5b4a9816c81f076", "number": "8016221631", "date": "2021-01-22 14:31:00", "subject": "6", "recorded-or-robo": "N", "city": "COTTONWOOD HEIGHTS", "state": "UT", "area-code": "801"}, {"id": "b6a8da8b80f26332ed085cca2ded273e", "number": "8016221631", "date": "2021-01-22 14:31:00", "subject": "6", "recorded-or-robo": "N", "city": "COTTONWOOD HEIGHTS", "state": "UT", "area-code": "801"}, {"id": "e81c9350d54f66c6d33b3747ee4c31b2", "number": "9312297830", "date": "2021-01-22 16:36:50", "subject": "3", "recorded-or-robo": "Y", "city": "", "state": "NY", "area-code": "347"}, {"id": "deca54a6651fb9add5b4a9816ce06f7b", "number": "9312297830", "date": "2021-01-22 16:36:50", "subject": "3", "recorded-or-robo": "Y", "city": "", "state": "NY", "area-code": "347"}, {"id": "e81c9350d54f66c6d33b3747ee4b6176", "number": "9312297830", "date": "2021-01-22 16:36:49", "subject": "3", "recorded-or-robo": "Y", "city": "", "state": "NY", "area-code": "347"}]}