{"data": [{"id": "deca54a6651fb9add5b4a9816c9c9bb0", "number": "3089771743", "date": "2021-01-22 15:33:00", "subject": "2", "recorded-or-robo": "Y", "city": "Hutto", "state": "TX", "area-code": "737"}, {"id": "e81c9350d54f66c6d33b3747ee078dff", "number": "2393291326", "date": "2021-01-06 06:33:00", "subject": "2", "recorded-or-robo": "Y", "city": "Las Vegas", "state": "FL", "area-code": "239"}, {"id": "deca54a6651fb9add5b4a9816c9c939e", "number": "2393291326", "date": "2021-01-06 06:33:00", "subject": "2", "recorded-or-robo": "Y", "city": "Las Vegas", "state": "FL", "area-code": "239"}, {"id": "e81c9350d54f66c6d33b3747ee078a1e", "number": "7320361257", "date": "2021-01-22 12:00:00", "subject": "1", "recorded-or-robo": "Y", "city": "", "state": "NJ", "area-code": "732"}, {"id": "e81c9350d54f66c6d33b3747ee0785df", "number": "8704640328", "date": "2021-01-20 15:00:00", "subject": "2", "recorded-or-robo": "Y", "city": "Dorchester", "state": "MA", "area-code": "339"}, {"id": "deca54a6651fb9add5b4a9816c9c86ec", "number": "7320361257", "date": "2021-01-22 12:00:00", "subject": "1", "recorded-or-robo": "Y", "city": "", "state": "NJ", "area-code": "732"}, {"id": "deca54a6651fb9add5b4a9816c9c7720", "number": "8704640328", "date": "2021-01-20 15:00:00", "subject": "2", "recorded-or-robo": "Y", "city": "Dorchester", "state": "MA", "area-code": "339"}, {"id": "e81c9350d54f66c6d33b3747ee077bcb", "number": "9179663708", "date": "2021-01-08 10:35:00", "subject": "5", "recorded-or-robo": "Y", "city": "Andover", "state": "NJ", "area-code": "917"}, {"id": "deca54a6651fb9add5b4a9816c9c74c3", "number": "9179663708", "date": "2021-01-08 10:35:00", "subject": "5", "recorded-or-robo": "Y", "city": "Andover", "state": "NJ", "area-code": "917"}, {"id": "e81c9350d54f66c6d33b3747ee0779b9", "number": "2063103806", "date": "2021-01-22 16:06:00", "subject": "6", "recorded-or-robo": "Y", "city": "Luling", "state": "LA", "area-code": "504"}, {"id": "deca54a6651fb9add5b4a9816c9c696a", "number": "2063103806", "date": "2021-01-22 16:06:00", "subject": "6", "recorded-or-robo": "Y", "city": "Luling", "state": "LA", "area-code": "504"}, {"id": "e81c9350d54f66c6d33b3747ee077955", "number": "8004300848", "date": "2021-01-22 16:42:00", "subject": "1", "recorded-or-robo": "Y", "city": "", "state": "FL", "area-code": "954"}, {"id": "deca54a6651fb9add5b4a9816c9c5b07", "number": "8004300848", "date": "2021-01-22 16:42:00", "subject": "1", "recorded-or-robo": "Y", "city": "", "state": "FL", "area-code": "954"}, {"id": "e81c9350d54f66c6d33b3747ee0772c9", "number": "3147889737", "date": "2021-01-22 16:03:00", "subject": "5", "recorded-or-robo": "Y", "city": "", "state": "MO", "area-code": "314"}, {"id": "e81c9350d54f66c6d33b3747ee076d77", "number": "5635572080", "date": "2021-01-22 15:00:00", "subject": "0", "recorded-or-robo": "", "city": "", "state": "NJ", "area-code": "973"}, {"id": "deca54a6651fb9add5b4a9816c9c5a99", "number": "3147889737", "date": "2021-01-22 16:03:00", "subject": "5", "recorded-or-robo": "Y", "city": "", "state": "MO", "area-code": "314"}, {"id": "deca54a6651fb9add5b4a9816c9c4fb1", "number": "5635572080", "date": "2021-01-22 15:00:00", "subject": "0", "recorded-or-robo": "", "city": "", "state": "NJ", "area-code": "973"}, {"id": "e81c9350d54f66c6d33b3747ee075e8e", "number": "2815337483", "date": "2021-01-22 16:12:00", "subject": "2", "recorded-or-robo": "Y", "city": "", "state": "TX", "area-code": "281"}, {"id": "e81c9350d54f66c6d33b3747ee0752c6", "number": "8655609282", "date": "2021-01-16 13:27:00", "subject": "2", "recorded-or-robo": "Y", "city": "KNOXVILLE", "state": "TN", "area-code": "865"}, {"id": "deca54a6651fb9add5b4a9816c9c40d8", "number": "2815337483", "date": "2021-01-22 16:12:00", "subject": "2", "recorded-or-robo": "Y", "city": "", "state": "TX", "area-code": "281"}, {"id": "deca54a6651fb9add5b4a9816c9c3335", "number": "8655609282", "date": "2021-01-16 13:27:00", "subject": "2", "recorded-or-robo": "Y", "city": "KNOXVILLE", "state": "TN", "area-code": "865"}, {"id": "e81c9350d54f66c6d33b3747ee0747f1", "number": "3159950191", "date": "2021-01-22 10:28:00", "subject": "0", "recorded-or-robo": "Y", "city": "DE KALB JUNCTION", "state": "NY", "area-code": "315"}, {"id": "deca54a6651fb9add5b4a9816c9c2f2d", "number": "3159950191", "date": "2021-01-22 10:28:00", "subject": "0", "recorded-or-robo": "Y", "city": "DE KALB JUNCTION", "state": "NY", "area-code": "315"}, {"id": "e81c9350d54f66c6d33b3747ee074229", "number": "7405216577", "date": "2021-01-22 14:11:00", "subject": "2", "recorded-or-robo": "Y", "city": "san pedro", "state": "CA", "area-code": "740"}, {"id": "deca54a6651fb9add5b4a9816c9c2c0f", "number": "7405216577", "date": "2021-01-22 14:11:00", "subject": "2", "recorded-or-robo": "Y", "city": "san pedro", "state": "CA", "area-code": "740"}, {"id": "e81c9350d54f66c6d33b3747ee073766", "number": "", "date": "2021-01-22 12:00:00", "subject": "11", "recorded-or-robo": "Y", "city": "St.Charles", "state": "MO", "area-code": "636"}, {"id": "deca54a6651fb9add5b4a9816c9c2211", "number": "", "date": "2021-01-22 12:00:00", "subject": "11", "recorded-or-robo": "Y", "city": "St.Charles", "state": "MO", "area-code": "636"}, {"id": "e81c9350d54f66c6d33b3747ee4fe7e1", "number": "3127279042", "date": "2021-01-22 17:14:43", "subject": "3", "recorded-or-robo": "Y", "city": "", "state": "IL", "area-code": "312"}, {"id": "deca54a6651fb9add5b4a9816ce476d1", "number": "3127279042", "date": "2021-01-22 17:14:43", "subject": "3", "recorded-or-robo": "Y", "city": "", "state": "IL", "area-code": "312"}, {"id": "e81c9350d54f66c6d33b3747ee07307f", "number": "3144062887", "date": "2021-01-22 15:59:00", "subject": "2", "recorded-or-robo": "Y", "city": "Ballwin", "state": "MO", "area-code": "314"}, {"id": "deca54a6651fb9add5b4a9816c9c1789", "number": "3144062887", "date": "2021-01-22 15:59:00", "subject": "2", "recorded-or-robo": "Y", "city": "Ballwin", "state": "MO", "area-code": "314"}, {"id": "e81c9350d54f66c6d33b3747ee072d86", "number": "5674853928", "date": "2021-01-19 12:33:00", "subject": "5", "recorded-or-robo": "Y", "city": "Alexandria", "state": "OH", "area-code": "216"}, {"id": "deca54a6651fb9add5b4a9816c9c177f", "number": "5674853928", "date": "2021-01-19 12:33:00", "subject": "5", "recorded-or-robo": "Y", "city": "Alexandria", "state": "OH", "area-code": "216"}, {"id": "e81c9350d54f66c6d33b3747ee072ad9", "number": "8334350253", "date": "2021-01-22 09:37:00", "subject": "2", "recorded-or-robo": "N", "city": "Santa barbara", "state": "CA", "area-code": "805"}, {"id": "deca54a6651fb9add5b4a9816c9c11d9", "number": "8334350253", "date": "2021-01-22 09:37:00", "subject": "2", "recorded-or-robo": "N", "city": "Santa barbara", "state": "CA", "area-code": "805"}, {"id": "e81c9350d54f66c6d33b3747ee072427", "number": "2393291398", "date": "2021-01-07 08:55:00", "subject": "2", "recorded-or-robo": "Y", "city": "Las Vegas", "state": "FL", "area-code": "239"}, {"id": "deca54a6651fb9add5b4a9816c9c031d", "number": "2393291398", "date": "2021-01-07 08:55:00", "subject": "2", "recorded-or-robo": "Y", "city": "Las Vegas", "state": "FL", "area-code": "239"}, {"id": "e81c9350d54f66c6d33b3747ee0714b1", "number": "8653546220", "date": "2021-01-15 16:29:00", "subject": "2", "recorded-or-robo": "Y", "city": "KNOXVILLE", "state": "TN", "area-code": "865"}, {"id": "e81c9350d54f66c6d33b3747ee0704bb", "number": "7062237227", "date": "2021-01-22 16:14:00", "subject": "5", "recorded-or-robo": "N", "city": "Topeka", "state": "KS", "area-code": "785"}, {"id": "deca54a6651fb9add5b4a9816c9bf661", "number": "8653546220", "date": "2021-01-15 16:29:00", "subject": "2", "recorded-or-robo": "Y", "city": "KNOXVILLE", "state": "TN", "area-code": "865"}, {"id": "deca54a6651fb9add5b4a9816c9beae8", "number": "7062237227", "date": "2021-01-22 16:14:00", "subject": "5", "recorded-or-robo": "N", "city": "Topeka", "state": "KS", "area-code": "785"}, {"id": "e81c9350d54f66c6d33b3747ee50756e", "number": "4108875912", "date": "2021-01-22 17:14:10", "subject": "3", "recorded-or-robo": "Y", "city": "", "state": "MD", "area-code": "410"}, {"id": "e81c9350d54f66c6d33b3747ee5067b5", "number": "3014461606", "date": "2021-01-22 17:14:10", "subject": "3", "recorded-or-robo": "Y", "city": "", "state": "MD", "area-code": "301"}, {"id": "deca54a6651fb9add5b4a9816ce4d3d5", "number": "4108875912", "date": "2021-01-22 17:14:10", "subject": "3", "recorded-or-robo": "Y", "city": "", "state": "MD", "area-code": "410"}, {"id": "deca54a6651fb9add5b4a9816ce4cd68", "number": "3014461606", "date": "2021-01-22 17:14:10", "subject": "3", "recorded-or-robo": "Y", "city": "", "state": "MD", "area-code": "301"}, {"id": "e81c9350d54f66c6d33b3747ee06fa6e", "number": "3162176915", "date": "2021-01-22 16:26:00", "subject": "0", "recorded-or-robo": "Y", "city": "", "state": "NY", "area-code": "516"}, {"id": "deca54a6651fb9add5b4a9816c9bdce3", "number": "3162176915", "date": "2021-01-22 16:26:00", "subject": "0", "recorded-or-robo": "Y", "city": "", "state": "NY", "area-code": "516"}, {"id": "e81c9350d54f66c6d33b3747ee06f7aa", "number": "8332298905", "date": "2021-01-21 15:21:00", "subject": "2", "recorded-or-robo": "", "city": "", "state": "IL", "area-code": "630"}, {"id": "deca54a6651fb9add5b4a9816c9bd763", "number": "8332298905", "date": "2021-01-21 15:21:00", "subject": "2", "recorded-or-robo": "", "city": "", "state": "IL", "area-code": "630"}, {"id": "e81c9350d54f66c6d33b3747ee4fef1c", "number": "+17377479312", "date": "2021-01-22 17:13:53", "subject": "3", "recorded-or-robo": "Y", "city": "", "state": "MD", "area-code": "443"}]}