{"data": [{"id": "03e293b3df9e35eadf15c561193eb124", "number": "3347391387", "date": "2021-01-22 10:14:00", "subject": "2\n", "recorded-or-robo": "", "city": "Eclectic", "state": "AL", "area-code": "334"}, {"id": "03e293b3df9e35eadf15c561193eac1d", "number": "5176889494", "date": "2021-01-24 13:50:00", "subject": "1\n", "recorded-or-robo": "N", "city": "Fremont", "state": "IN", "area-code": "260"}, {"id": "03e293b3df9e35eadf15c561193eab85", "number": "9258913327", "date": "2021-01-21 10:17:00", "subject": "2\n", "recorded-or-robo": "Y", "city": "LOS ALTOS", "state": "CA", "area-code": "650"}, {"id": "03e293b3df9e35eadf15c561193e9c6f", "number": "989059697440", "date": "2020-05-10 12:00:00", "subject": "15\n", "recorded-or-robo": "Y", "city": "semnan", "state": "", "area-code": ""}, {"id": "03e293b3df9e35eadf15c561193e941b", "number": "8002103534", "date": "2021-01-23 09:06:00", "subject": "2\n", "recorded-or-robo": "Y", "city": "", "state": "AZ", "area-code": "520"}, {"id": "03e293b3df9e35eadf15c561193e8764", "number": "9416270555", "date": "2021-01-23 17:14:00", "subject": "2\n", "recorded-or-robo": "Y", "city": "", "state": "FL", "area-code": "941"}, {"id": "03e293b3df9e35eadf15c561193e81cc", "number": "6505676224", "date": "2021-01-22 11:21:00", "subject": "2\n", "recorded-or-robo": "Y", "city": "LOS ALTOS", "state": "CA", "area-code": "650"}, {"id": "03e293b3df9e35eadf15c561193e7dee", "number": "3152328257", "date": "2021-01-23 12:00:00", "subject": "11\n", "recorded-or-robo": "Y", "city": "Yakima", "state": "WA", "area-code": "509"}, {"id": "03e293b3df9e35eadf15c561193e7dd5", "number": "3347391387", "date": "2021-01-22 11:50:00", "subject": "2\n", "recorded-or-robo": "", "city": "Eclectic", "state": "AL", "area-code": "334"}, {"id": "03e293b3df9e35eadf15c561193e7820", "number": "2018908611", "date": "2021-01-22 16:12:00", "subject": "0\n", "recorded-or-robo": "Y", "city": "", "state": "NJ", "area-code": "201"}, {"id": "03e293b3df9e35eadf15c561193e755b", "number": "6312033821", "date": "2021-01-20 16:54:00", "subject": "0\n", "recorded-or-robo": "N", "city": "N. Babylon", "state": "NY", "area-code": "631"}, {"id": "03e293b3df9e35eadf15c561193e657a", "number": "4089905840", "date": "2021-01-23 10:39:00", "subject": "2\n", "recorded-or-robo": "Y", "city": "LOS ALTOS", "state": "CA", "area-code": "650"}, {"id": "03e293b3df9e35eadf15c561193e63e4", "number": "6603514155", "date": "2021-01-24 12:48:00", "subject": "2\n", "recorded-or-robo": "Y", "city": "", "state": "MO", "area-code": "660"}, {"id": "03e293b3df9e35eadf15c561193e5eaf", "number": "3345881341", "date": "2021-01-22 12:08:00", "subject": "2\n", "recorded-or-robo": "", "city": "Eclectic", "state": "AL", "area-code": "334"}, {"id": "03e293b3df9e35eadf15c561193e4f14", "number": "", "date": "2021-01-22 12:00:00", "subject": "1\n", "recorded-or-robo": "Y", "city": "New Carlisle", "state": "IN", "area-code": "574"}, {"id": "03e293b3df9e35eadf15c561193e407c", "number": "3362760755", "date": "2021-01-20 19:24:00", "subject": "0\n", "recorded-or-robo": "N", "city": "N. Babylon", "state": "NY", "area-code": "631"}, {"id": "03e293b3df9e35eadf15c561193e3839", "number": "6363236702", "date": "2021-01-15 15:22:00", "subject": "0\n", "recorded-or-robo": "Y", "city": "", "state": "MO", "area-code": "636"}, {"id": "03e293b3df9e35eadf15c561193e28f8", "number": "", "date": "2021-01-24 09:34:00", "subject": "11\n", "recorded-or-robo": "Y", "city": "Roseburg", "state": "OR", "area-code": "509"}, {"id": "03e293b3df9e35eadf15c561193e2087", "number": "3156260510", "date": "2021-01-22 13:26:00", "subject": "4\n", "recorded-or-robo": "Y", "city": "New York", "state": "NY", "area-code": "212"}, {"id": "03e293b3df9e35eadf15c561193e12aa", "number": "4155023199", "date": "2021-01-21 08:08:00", "subject": "2\n", "recorded-or-robo": "Y", "city": "LOS ALTOS", "state": "CA", "area-code": "650"}, {"id": "03e293b3df9e35eadf15c561193e06cc", "number": "3345131285", "date": "2021-01-22 12:32:00", "subject": "2\n", "recorded-or-robo": "", "city": "Eclectic", "state": "AL", "area-code": "334"}, {"id": "03e293b3df9e35eadf15c561193df96b", "number": "6312033821", "date": "2021-01-21 13:48:00", "subject": "0\n", "recorded-or-robo": "N", "city": "N. Babylon", "state": "NY", "area-code": "631"}, {"id": "03e293b3df9e35eadf15c561193defd3", "number": "5204152595", "date": "2021-01-23 10:31:00", "subject": "2\n", "recorded-or-robo": "Y", "city": "", "state": "AZ", "area-code": "520"}, {"id": "03e293b3df9e35eadf15c561193dee68", "number": "537578200", "date": "2021-01-22 07:57:00", "subject": "2\n", "recorded-or-robo": "Y", "city": "Portland", "state": "OR", "area-code": "503"}, {"id": "03e293b3df9e35eadf15c561193de977", "number": "6072640305", "date": "2021-01-22 15:04:00", "subject": "4\n", "recorded-or-robo": "Y", "city": "New York", "state": "NY", "area-code": "212"}, {"id": "03e293b3df9e35eadf15c561193de7e5", "number": "6362495797", "date": "2021-01-18 11:38:00", "subject": "0\n", "recorded-or-robo": "Y", "city": "", "state": "MO", "area-code": "636"}, {"id": "03e293b3df9e35eadf15c561193de425", "number": "2018908611", "date": "2021-01-22 13:37:00", "subject": "0\n", "recorded-or-robo": "Y", "city": "", "state": "NJ", "area-code": "201"}, {"id": "03e293b3df9e35eadf15c561193ddf59", "number": "5203867306", "date": "2021-01-23 18:49:00", "subject": "2\n", "recorded-or-robo": "Y", "city": "", "state": "AZ", "area-code": "520"}, {"id": "03e293b3df9e35eadf15c561193ddc94", "number": "3367348009", "date": "2021-01-23 12:21:00", "subject": "0\n", "recorded-or-robo": "N", "city": "N. Babylon", "state": "NY", "area-code": "631"}, {"id": "03e293b3df9e35eadf15c561193dd358", "number": "3345140257", "date": "2021-01-22 12:47:00", "subject": "2\n", "recorded-or-robo": "", "city": "Eclectic", "state": "AL", "area-code": "334"}, {"id": "03e293b3df9e35eadf15c561193dc877", "number": "6364525135", "date": "2021-01-19 11:22:00", "subject": "0\n", "recorded-or-robo": "Y", "city": "", "state": "", "area-code": "636"}, {"id": "03e293b3df9e35eadf15c561193dc3fa", "number": "2312511273", "date": "2021-01-18 08:18:00", "subject": "2\n", "recorded-or-robo": "Y", "city": "LOS ALTOS", "state": "CA", "area-code": "650"}, {"id": "03e293b3df9e35eadf15c561193db690", "number": "2016273846", "date": "2021-01-22 16:20:00", "subject": "0\n", "recorded-or-robo": "Y", "city": "", "state": "NJ", "area-code": "201"}, {"id": "03e293b3df9e35eadf15c561193da847", "number": "4109099762", "date": "2021-01-22 03:25:00", "subject": "2\n", "recorded-or-robo": "", "city": "Eclectic", "state": "AL", "area-code": "334"}, {"id": "03e293b3df9e35eadf15c561193d9910", "number": "5203867306", "date": "2021-01-24 11:15:00", "subject": "2\n", "recorded-or-robo": "Y", "city": "", "state": "AZ", "area-code": "520"}, {"id": "03e293b3df9e35eadf15c561193d9445", "number": "6506733231", "date": "2021-01-18 09:28:00", "subject": "2\n", "recorded-or-robo": "Y", "city": "LOS ALTOS", "state": "CA", "area-code": "650"}, {"id": "03e293b3df9e35eadf15c561193d9129", "number": "3023875653", "date": "2021-01-24 12:48:00", "subject": "0\n", "recorded-or-robo": "Y", "city": "", "state": "TN", "area-code": "615"}, {"id": "03e293b3df9e35eadf15c561193d8ff7", "number": "", "date": "2021-01-24 10:27:00", "subject": "13\n", "recorded-or-robo": "N", "city": "Anderson Island", "state": "WA", "area-code": "253"}, {"id": "03e293b3df9e35eadf15c561193d87d1", "number": "8139434117", "date": "2021-01-24 13:36:00", "subject": "2\n", "recorded-or-robo": "Y", "city": "", "state": "FL", "area-code": "813"}, {"id": "03e293b3df9e35eadf15c561193d7a2f", "number": "4408454917", "date": "2021-01-21 18:43:00", "subject": "2\n", "recorded-or-robo": "N", "city": "", "state": "OH", "area-code": "440"}, {"id": "03e293b3df9e35eadf15c561193d70e7", "number": "5025639987", "date": "2021-01-22 18:40:00", "subject": "2\n", "recorded-or-robo": "N", "city": "fairdale", "state": "KY", "area-code": "502"}, {"id": "03e293b3df9e35eadf15c561193d6800", "number": "5302328844", "date": "2021-01-18 10:42:00", "subject": "2\n", "recorded-or-robo": "Y", "city": "LOS ALTOS", "state": "CA", "area-code": "650"}, {"id": "03e293b3df9e35eadf15c561193d64ff", "number": "2013573639", "date": "2021-01-21 13:51:00", "subject": "0\n", "recorded-or-robo": "Y", "city": "", "state": "NJ", "area-code": "201"}, {"id": "03e293b3df9e35eadf15c561193d64e9", "number": "5053766915", "date": "2021-01-23 00:00:00", "subject": "2\n", "recorded-or-robo": "Y", "city": "Owasso", "state": "OK", "area-code": "918"}, {"id": "03e293b3df9e35eadf15c561193d5ca2", "number": "2605083274", "date": "2021-01-18 13:24:00", "subject": "2\n", "recorded-or-robo": "Y", "city": "LOS ALTOS", "state": "CA", "area-code": "650"}, {"id": "03e293b3df9e35eadf15c561193d54eb", "number": "4408476521", "date": "2021-01-22 12:33:00", "subject": "2\n", "recorded-or-robo": "", "city": "", "state": "OH", "area-code": "440"}, {"id": "03e293b3df9e35eadf15c561193d495d", "number": "6366516424", "date": "2021-01-20 11:37:00", "subject": "0\n", "recorded-or-robo": "Y", "city": "", "state": "MO", "area-code": "636"}, {"id": "03e293b3df9e35eadf15c561193d3d95", "number": "7324019918", "date": "2021-01-24 13:02:00", "subject": "2\n", "recorded-or-robo": "Y", "city": "Point Pleasant Boro", "state": "NJ", "area-code": "732"}, {"id": "03e293b3df9e35eadf15c561193d35b5", "number": "5032068119", "date": "2021-01-22 14:00:00", "subject": "6\n", "recorded-or-robo": "Y", "city": "Portland", "state": "OR", "area-code": "503"}, {"id": "03e293b3df9e35eadf15c561193d2e27", "number": "3853604219", "date": "2021-01-23 00:00:00", "subject": "2\n", "recorded-or-robo": "Y", "city": "Owasso", "state": "OK", "area-code": "918"}]}