{"data": [{"id": "03e293b3df9e35eadf15c561192c94b1", "number": "3463821191", "date": "2021-01-21 13:10:00", "subject": "2\n", "recorded-or-robo": "Y", "city": "San Antonio", "state": "TX", "area-code": "210"}, {"id": "03e293b3df9e35eadf15c561192c86fd", "number": "9787773962", "date": "2021-01-24 11:15:00", "subject": "3\n", "recorded-or-robo": "Y", "city": "", "state": "MA", "area-code": "781"}, {"id": "03e293b3df9e35eadf15c561192c80f4", "number": "9107244498", "date": "2021-01-23 03:02:00", "subject": "4\n", "recorded-or-robo": "Y", "city": "Raeford", "state": "NC", "area-code": "855"}, {"id": "03e293b3df9e35eadf15c561192c79ac", "number": "6512678814", "date": "2021-01-21 09:37:00", "subject": "2\n", "recorded-or-robo": "Y", "city": "St. Paul", "state": "MN", "area-code": "651"}, {"id": "03e293b3df9e35eadf15c561192c69d8", "number": "8037089564", "date": "2021-01-21 11:25:00", "subject": "2\n", "recorded-or-robo": "Y", "city": "San Antonio", "state": "TX", "area-code": "210"}, {"id": "03e293b3df9e35eadf15c561192c5c0f", "number": "4693678786", "date": "2021-01-17 22:02:00", "subject": "3\n", "recorded-or-robo": "Y", "city": "", "state": "PA", "area-code": "570"}, {"id": "03e293b3df9e35eadf15c561192c57e5", "number": "5099457197", "date": "2021-01-24 08:28:00", "subject": "2\n", "recorded-or-robo": "Y", "city": "", "state": "WA", "area-code": "509"}, {"id": "03e293b3df9e35eadf15c561192c4a7f", "number": "6122357198", "date": "2021-01-21 12:13:00", "subject": "2\n", "recorded-or-robo": "Y", "city": "St. Paul", "state": "MN", "area-code": "651"}, {"id": "03e293b3df9e35eadf15c561192c3e6c", "number": "3037699806", "date": "2021-01-21 11:02:00", "subject": "2\n", "recorded-or-robo": "Y", "city": "San Antonio", "state": "TX", "area-code": "210"}, {"id": "03e293b3df9e35eadf15c561192c3726", "number": "2065313320", "date": "2021-01-24 10:58:00", "subject": "1\n", "recorded-or-robo": "N", "city": "GREENSBORO", "state": "NC", "area-code": "336"}, {"id": "03e293b3df9e35eadf15c561192c36f1", "number": "", "date": "2021-01-24 03:00:00", "subject": "3\n", "recorded-or-robo": "Y", "city": "", "state": "LA", "area-code": "337"}, {"id": "03e293b3df9e35eadf15c561192c2f0b", "number": "7815981638", "date": "2021-01-24 11:15:00", "subject": "3\n", "recorded-or-robo": "Y", "city": "", "state": "MA", "area-code": "781"}, {"id": "03e293b3df9e35eadf15c561192c2989", "number": "6122357198", "date": "2021-01-21 14:17:00", "subject": "2\n", "recorded-or-robo": "Y", "city": "St. Paul", "state": "MN", "area-code": "651"}, {"id": "03e293b3df9e35eadf15c561192c2785", "number": "2107121252", "date": "2021-01-24 11:22:00", "subject": "6\n", "recorded-or-robo": "N", "city": "Saxonburg", "state": "PA", "area-code": "724"}, {"id": "03e293b3df9e35eadf15c561192c2211", "number": "8038015454", "date": "2021-01-21 10:51:00", "subject": "2\n", "recorded-or-robo": "Y", "city": "San Antonio", "state": "TX", "area-code": "210"}, {"id": "03e293b3df9e35eadf15c561192c1ec8", "number": "8556786885", "date": "2021-01-24 09:13:00", "subject": "11\n", "recorded-or-robo": "Y", "city": "Commerce City", "state": "CO", "area-code": "509"}, {"id": "03e293b3df9e35eadf15c561192c1d9e", "number": "4697825013", "date": "2021-01-17 05:08:00", "subject": "3\n", "recorded-or-robo": "Y", "city": "", "state": "PA", "area-code": "570"}, {"id": "03e293b3df9e35eadf15c561192c13b3", "number": "3144346127", "date": "2021-01-23 16:10:00", "subject": "2\n", "recorded-or-robo": "", "city": "Maryland Heights", "state": "MO", "area-code": "314"}, {"id": "03e293b3df9e35eadf15c561192c05a6", "number": "2034807893", "date": "2021-01-21 18:49:00", "subject": "2\n", "recorded-or-robo": "Y", "city": "St. Paul", "state": "MN", "area-code": "651"}, {"id": "03e293b3df9e35eadf15c561192be83e", "number": "", "date": "2021-01-24 11:13:00", "subject": "3\n", "recorded-or-robo": "", "city": "", "state": "NY", "area-code": "718"}, {"id": "03e293b3df9e35eadf15c561192bf99f", "number": "3144343710", "date": "2021-01-23 14:37:00", "subject": "2\n", "recorded-or-robo": "", "city": "Maryland Heights", "state": "MO", "area-code": "314"}, {"id": "03e293b3df9e35eadf15c561192bf65d", "number": "8036655803", "date": "2021-01-21 10:26:00", "subject": "2\n", "recorded-or-robo": "Y", "city": "San Antonio", "state": "TX", "area-code": "210"}, {"id": "03e293b3df9e35eadf15c561192bf4fd", "number": "9738692833", "date": "2021-01-24 10:50:00", "subject": "0\n", "recorded-or-robo": "Y", "city": "", "state": "NJ", "area-code": "973"}, {"id": "03e293b3df9e35eadf15c561192bf38d", "number": "6517796384", "date": "2021-01-22 12:39:00", "subject": "2\n", "recorded-or-robo": "Y", "city": "St. Paul", "state": "MN", "area-code": "651"}, {"id": "03e293b3df9e35eadf15c561192bdfa7", "number": "3144344213", "date": "2021-01-23 14:28:00", "subject": "2\n", "recorded-or-robo": "", "city": "Maryland Heights", "state": "MO", "area-code": "314"}, {"id": "03e293b3df9e35eadf15c561192bd9dd", "number": "8035755066", "date": "2021-01-20 20:34:00", "subject": "2\n", "recorded-or-robo": "Y", "city": "San Antonio", "state": "TX", "area-code": "210"}, {"id": "03e293b3df9e35eadf15c561192bcdc6", "number": "", "date": "2021-01-12 16:21:00", "subject": "1\n", "recorded-or-robo": "Y", "city": "Miami", "state": "FL", "area-code": "305"}, {"id": "03e293b3df9e35eadf15c561192bcc3c", "number": "9546767827", "date": "2021-01-23 12:07:00", "subject": "2\n", "recorded-or-robo": "Y", "city": "St. Paul", "state": "MN", "area-code": "651"}, {"id": "03e293b3df9e35eadf15c561192bbf1e", "number": "", "date": "2021-01-04 17:00:00", "subject": "4\n", "recorded-or-robo": "Y", "city": "", "state": "VA", "area-code": "804"}, {"id": "03e293b3df9e35eadf15c561192bbe7b", "number": "4693181659", "date": "2021-01-17 06:56:00", "subject": "3\n", "recorded-or-robo": "Y", "city": "", "state": "PA", "area-code": "570"}, {"id": "03e293b3df9e35eadf15c561192bb79e", "number": "7032783178", "date": "2021-01-24 00:00:00", "subject": "2\n", "recorded-or-robo": "N", "city": "Glen Allen", "state": "VA", "area-code": "804"}, {"id": "03e293b3df9e35eadf15c561192ba941", "number": "8075267009", "date": "2021-01-14 09:46:00", "subject": "0\n", "recorded-or-robo": "Y", "city": "Bethlehem", "state": "PA", "area-code": "484"}, {"id": "03e293b3df9e35eadf15c561192b9ce2", "number": "8778365629", "date": "2021-01-24 11:25:00", "subject": "0\n", "recorded-or-robo": "N", "city": "", "state": "MA", "area-code": "781"}, {"id": "03e293b3df9e35eadf15c561192b97a8", "number": "8003826903", "date": "2021-01-23 14:05:00", "subject": "2\n", "recorded-or-robo": "Y", "city": "St. Paul", "state": "MN", "area-code": "651"}, {"id": "03e293b3df9e35eadf15c561192b9063", "number": "21084619982", "date": "2021-01-20 19:54:00", "subject": "2\n", "recorded-or-robo": "Y", "city": "San Antonio", "state": "TX", "area-code": "210"}, {"id": "03e293b3df9e35eadf15c561192b8450", "number": "8665278307", "date": "2021-01-23 12:39:00", "subject": "2\n", "recorded-or-robo": "", "city": "Maryland Heights", "state": "MO", "area-code": "314"}, {"id": "03e293b3df9e35eadf15c561192b7541", "number": "5099464780", "date": "2021-01-24 08:19:00", "subject": "2\n", "recorded-or-robo": "Y", "city": "", "state": "WA", "area-code": "509"}, {"id": "03e293b3df9e35eadf15c561192b6583", "number": "2184207005", "date": "2021-01-20 19:44:00", "subject": "2\n", "recorded-or-robo": "Y", "city": "San Antonio", "state": "TX", "area-code": "210"}, {"id": "03e293b3df9e35eadf15c561192b6567", "number": "8665276657", "date": "2021-01-23 12:02:00", "subject": "2\n", "recorded-or-robo": "", "city": "Maryland Heights", "state": "MO", "area-code": "314"}, {"id": "03e293b3df9e35eadf15c561192b5924", "number": "3123802943", "date": "2021-01-23 15:45:00", "subject": "2\n", "recorded-or-robo": "Y", "city": "CHICAGO", "state": "IL", "area-code": "773"}, {"id": "03e293b3df9e35eadf15c561192b5779", "number": "6108105798", "date": "2021-01-13 11:15:00", "subject": "4\n", "recorded-or-robo": "Y", "city": "Bethlehem", "state": "PA", "area-code": "610"}, {"id": "03e293b3df9e35eadf15c561192b5023", "number": "8037887100", "date": "2021-01-20 18:49:00", "subject": "2\n", "recorded-or-robo": "Y", "city": "San Antonio", "state": "TX", "area-code": "210"}, {"id": "03e293b3df9e35eadf15c561192b4871", "number": "7147675799", "date": "2021-01-24 05:27:00", "subject": "3\n", "recorded-or-robo": "Y", "city": "", "state": "PA", "area-code": "570"}, {"id": "03e293b3df9e35eadf15c561192b3ed0", "number": "8665271057", "date": "2021-01-23 11:49:00", "subject": "1\n", "recorded-or-robo": "Y", "city": "Maryland Heights", "state": "MO", "area-code": "314"}, {"id": "03e293b3df9e35eadf15c561192b349e", "number": "6107078072", "date": "2021-01-20 10:19:00", "subject": "4\n", "recorded-or-robo": "Y", "city": "Bethlehem", "state": "PA", "area-code": "610"}, {"id": "03e293b3df9e35eadf15c561192b2e59", "number": "7117664468", "date": "2021-01-20 17:02:00", "subject": "2\n", "recorded-or-robo": "Y", "city": "San Antonio", "state": "TX", "area-code": "210"}, {"id": "03e293b3df9e35eadf15c561192affd6", "number": "", "date": "2021-01-20 14:09:00", "subject": "3\n", "recorded-or-robo": "", "city": "", "state": "NJ", "area-code": "201"}, {"id": "03e293b3df9e35eadf15c561192b278a", "number": "2196822759", "date": "2021-01-22 11:58:00", "subject": "0\n", "recorded-or-robo": "Y", "city": "Peoria", "state": "AZ", "area-code": "623"}, {"id": "03e293b3df9e35eadf15c561192b1908", "number": "9492538829", "date": "2021-01-19 13:23:00", "subject": "9\n", "recorded-or-robo": "Y", "city": "", "state": "CA", "area-code": "559"}, {"id": "03e293b3df9e35eadf15c561192b0add", "number": "6108105655", "date": "2021-01-21 10:23:00", "subject": "4\n", "recorded-or-robo": "Y", "city": "Bethlehem", "state": "PA", "area-code": "610"}]}