{"data": [{"id": "03e293b3df9e35eadf15c5611935bbbe", "number": "", "date": "2021-01-24 10:00:00", "subject": "3\n", "recorded-or-robo": "N", "city": "", "state": "NY", "area-code": "718"}, {"id": "03e293b3df9e35eadf15c5611935b5ba", "number": "4254177235", "date": "2021-01-24 09:54:00", "subject": "1\n", "recorded-or-robo": "Y", "city": "Bellevue", "state": "WA", "area-code": "425"}, {"id": "03e293b3df9e35eadf15c5611935ae5e", "number": "5099464525", "date": "2021-01-24 09:55:00", "subject": "2\n", "recorded-or-robo": "Y", "city": "Richland", "state": "WA", "area-code": "509"}, {"id": "03e293b3df9e35eadf15c5611935a630", "number": "7086658511", "date": "2021-01-18 10:00:00", "subject": "0\n", "recorded-or-robo": "Y", "city": "Des Plaines", "state": "IL", "area-code": "847"}, {"id": "03e293b3df9e35eadf15c56119359b2b", "number": "5099431587", "date": "2021-01-24 09:51:00", "subject": "11\n", "recorded-or-robo": "Y", "city": "", "state": "WA", "area-code": "509"}, {"id": "03e293b3df9e35eadf15c56119358ffb", "number": "", "date": "2021-01-23 06:10:00", "subject": "2\n", "recorded-or-robo": "Y", "city": "Dillon", "state": "MT", "area-code": "509"}, {"id": "03e293b3df9e35eadf15c561193588b3", "number": "9372411078", "date": "2021-01-18 12:30:00", "subject": "0\n", "recorded-or-robo": "Y", "city": "Des Plaines", "state": "IL", "area-code": "847"}, {"id": "03e293b3df9e35eadf15c561193579a4", "number": "4582374878", "date": "2021-01-14 10:03:00", "subject": "5\n", "recorded-or-robo": "Y", "city": "Eugene", "state": "OR", "area-code": "541"}, {"id": "03e293b3df9e35eadf15c56119356c64", "number": "6465365285", "date": "2021-01-24 07:03:00", "subject": "1\n", "recorded-or-robo": "Y", "city": "", "state": "MI", "area-code": "248"}, {"id": "03e293b3df9e35eadf15c561193566b6", "number": "2406614841", "date": "2021-01-24 12:52:00", "subject": "1\n", "recorded-or-robo": "Y", "city": "", "state": "MD", "area-code": "240"}, {"id": "03e293b3df9e35eadf15c56119355c5c", "number": "3144356700", "date": "2021-01-24 09:00:00", "subject": "2\n", "recorded-or-robo": "Y", "city": "", "state": "MO", "area-code": "636"}, {"id": "03e293b3df9e35eadf15c56119354c96", "number": "3145033827", "date": "2021-01-23 11:05:00", "subject": "2\n", "recorded-or-robo": "Y", "city": "Pacific", "state": "MO", "area-code": "314"}, {"id": "03e293b3df9e35eadf15c561193548a8", "number": "1111111111", "date": "2021-01-24 11:30:00", "subject": "2\n", "recorded-or-robo": "Y", "city": "Brick Township", "state": "NJ", "area-code": "732"}, {"id": "03e293b3df9e35eadf15c561193540d5", "number": "2677373971", "date": "2021-01-21 15:18:00", "subject": "0\n", "recorded-or-robo": "Y", "city": "Bethel Park", "state": "PA", "area-code": "412"}, {"id": "03e293b3df9e35eadf15c56119354086", "number": "9039120207", "date": "2021-01-23 11:15:00", "subject": "2\n", "recorded-or-robo": "Y", "city": "Chandler", "state": "TX", "area-code": "903"}, {"id": "03e293b3df9e35eadf15c56119354022", "number": "5418964203", "date": "2021-01-14 10:18:00", "subject": "4\n", "recorded-or-robo": "Y", "city": "Eugene", "state": "OR", "area-code": "541"}, {"id": "03e293b3df9e35eadf15c56119353d29", "number": "5092004841", "date": "2021-01-24 09:46:00", "subject": "2\n", "recorded-or-robo": "Y", "city": "", "state": "WA", "area-code": "509"}, {"id": "03e293b3df9e35eadf15c56119353b56", "number": "3013737173", "date": "2021-01-24 12:47:00", "subject": "11\n", "recorded-or-robo": "Y", "city": "", "state": "MD", "area-code": "301"}, {"id": "03e293b3df9e35eadf15c561193536a6", "number": "", "date": "2021-01-23 11:43:00", "subject": "4\n", "recorded-or-robo": "Y", "city": "Grapevine", "state": "TX", "area-code": "817"}, {"id": "03e293b3df9e35eadf15c56119352786", "number": "7022190675", "date": "2021-01-24 05:19:00", "subject": "2\n", "recorded-or-robo": "", "city": "Mililani", "state": "HI", "area-code": "808"}, {"id": "03e293b3df9e35eadf15c56119352357", "number": "", "date": "2021-01-24 09:52:00", "subject": "7\n", "recorded-or-robo": "Y", "city": "Fullerton", "state": "CA", "area-code": "714"}, {"id": "03e293b3df9e35eadf15c56119351597", "number": "9033475325", "date": "2021-01-24 11:22:00", "subject": "2\n", "recorded-or-robo": "Y", "city": "Chandler", "state": "TX", "area-code": "903"}, {"id": "03e293b3df9e35eadf15c561193511fa", "number": "6154060429", "date": "2021-01-24 11:42:00", "subject": "11\n", "recorded-or-robo": "Y", "city": "Brooksville", "state": "FL", "area-code": "315"}, {"id": "03e293b3df9e35eadf15c56119350f60", "number": "3083829119", "date": "2021-01-21 13:40:00", "subject": "0\n", "recorded-or-robo": "Y", "city": "Bethel Park", "state": "PA", "area-code": "412"}, {"id": "03e293b3df9e35eadf15c56119350708", "number": "", "date": "2121-01-24 11:17:00", "subject": "3\n", "recorded-or-robo": "Y", "city": "Wildwood", "state": "MO", "area-code": "314"}, {"id": "03e293b3df9e35eadf15c56119350181", "number": "3152328257", "date": "2021-01-23 12:00:00", "subject": "11\n", "recorded-or-robo": "Y", "city": "", "state": "KS", "area-code": "316"}, {"id": "03e293b3df9e35eadf15c5611934fbbb", "number": "8556782910", "date": "2021-01-24 12:33:00", "subject": "1\n", "recorded-or-robo": "Y", "city": "Osceola", "state": "IN", "area-code": "574"}, {"id": "03e293b3df9e35eadf15c5611934efa4", "number": "6154069307", "date": "2021-01-23 15:06:00", "subject": "2\n", "recorded-or-robo": "Y", "city": "Seattle", "state": "WA", "area-code": "509"}, {"id": "03e293b3df9e35eadf15c5611934ec17", "number": "4125950128", "date": "2021-01-21 13:27:00", "subject": "0\n", "recorded-or-robo": "Y", "city": "Bethel Park", "state": "PA", "area-code": "412"}, {"id": "03e293b3df9e35eadf15c5611934ec00", "number": "3144357953", "date": "2021-01-24 11:38:00", "subject": "3\n", "recorded-or-robo": "Y", "city": "", "state": "MO", "area-code": "314"}, {"id": "03e293b3df9e35eadf15c5611934e2da", "number": "", "date": "2021-01-23 16:36:00", "subject": "2\n", "recorded-or-robo": "Y", "city": "Saint Louis", "state": "MO", "area-code": "314"}, {"id": "03e293b3df9e35eadf15c5611934d741", "number": "2406615351", "date": "2021-01-24 00:41:00", "subject": "11\n", "recorded-or-robo": "Y", "city": "", "state": "MD", "area-code": "240"}, {"id": "03e293b3df9e35eadf15c5611934d4db", "number": "9366351518", "date": "2021-01-24 11:26:00", "subject": "1\n", "recorded-or-robo": "Y", "city": "Pollok", "state": "TX", "area-code": "936"}, {"id": "03e293b3df9e35eadf15c5611934d239", "number": "4123808818", "date": "2021-01-21 09:58:00", "subject": "0\n", "recorded-or-robo": "Y", "city": "Bethel Park", "state": "PA", "area-code": "412"}, {"id": "03e293b3df9e35eadf15c5611934cac0", "number": "7123801959", "date": "2021-01-22 12:00:00", "subject": "1\n", "recorded-or-robo": "Y", "city": "SAN ANTONIO", "state": "TX", "area-code": "210"}, {"id": "03e293b3df9e35eadf15c5611934c7f0", "number": "8182494920", "date": "2021-01-24 09:42:00", "subject": "3\n", "recorded-or-robo": "Y", "city": "", "state": "CA", "area-code": "818"}, {"id": "03e293b3df9e35eadf15c5611934c419", "number": "5172948807", "date": "2021-01-23 12:57:00", "subject": "1\n", "recorded-or-robo": "Y", "city": "Webberville", "state": "MI", "area-code": "517"}, {"id": "03e293b3df9e35eadf15c5611934baae", "number": "5099799321", "date": "2021-01-24 09:37:00", "subject": "11\n", "recorded-or-robo": "Y", "city": "", "state": "", "area-code": "855"}, {"id": "03e293b3df9e35eadf15c5611934b85f", "number": "8556785685", "date": "2021-01-24 12:30:00", "subject": "2\n", "recorded-or-robo": "Y", "city": "Pickerington", "state": "OH", "area-code": "740"}, {"id": "03e293b3df9e35eadf15c5611934b3d6", "number": "7866232787", "date": "2021-01-23 12:55:00", "subject": "2\n", "recorded-or-robo": "Y", "city": "", "state": "NH", "area-code": "603"}, {"id": "03e293b3df9e35eadf15c5611934b07e", "number": "5092019318", "date": "2021-01-24 08:05:00", "subject": "1\n", "recorded-or-robo": "Y", "city": "Ellensburg", "state": "WA", "area-code": "509"}, {"id": "03e293b3df9e35eadf15c5611934b03c", "number": "", "date": "2021-01-23 12:00:00", "subject": "2\n", "recorded-or-robo": "Y", "city": "West Richland", "state": "WA", "area-code": "509"}, {"id": "03e293b3df9e35eadf15c5611934ae6b", "number": "3602081082", "date": "2021-01-24 09:40:00", "subject": "2\n", "recorded-or-robo": "N", "city": "Ferndale", "state": "WA", "area-code": "360"}, {"id": "03e293b3df9e35eadf15c5611934a5fe", "number": "3526222501", "date": "2021-01-23 13:21:00", "subject": "2\n", "recorded-or-robo": "Y", "city": "Ocala", "state": "FL", "area-code": "352"}, {"id": "03e293b3df9e35eadf15c5611934991a", "number": "3865232612", "date": "2021-01-24 11:07:00", "subject": "1\n", "recorded-or-robo": "Y", "city": "Pacific", "state": "MO", "area-code": "386"}, {"id": "03e293b3df9e35eadf15c56119348d61", "number": "3145707522", "date": "2021-01-23 16:40:00", "subject": "2\n", "recorded-or-robo": "Y", "city": "New Haven", "state": "MO", "area-code": "314"}, {"id": "03e293b3df9e35eadf15c561193488c4", "number": "4158874232", "date": "2021-01-22 00:00:00", "subject": "0\n", "recorded-or-robo": "N", "city": "Carmel", "state": "CA", "area-code": "415"}, {"id": "03e293b3df9e35eadf15c561193486e9", "number": "4406693500", "date": "2021-01-24 12:19:00", "subject": "2\n", "recorded-or-robo": "Y", "city": "Bay village", "state": "OH", "area-code": "440"}, {"id": "03e293b3df9e35eadf15c56119347c23", "number": "8442049279", "date": "2021-01-24 11:17:00", "subject": "1\n", "recorded-or-robo": "Y", "city": "Houston", "state": "TX", "area-code": "713"}, {"id": "03e293b3df9e35eadf15c561193472a3", "number": "8609369747", "date": "2021-01-24 12:39:00", "subject": "2\n", "recorded-or-robo": "N", "city": "Torrington", "state": "CT", "area-code": "860"}]}