{"data": [{"id": "03e293b3df9e35eadf15c561192e5d1f", "number": "8178965338", "date": "2021-01-23 11:04:00", "subject": "2\n", "recorded-or-robo": "Y", "city": "San Antonio", "state": "TX", "area-code": "210"}, {"id": "03e293b3df9e35eadf15c561192e54fe", "number": "509431187", "date": "2021-01-24 20:12:00", "subject": "1\n", "recorded-or-robo": "Y", "city": "", "state": "WA", "area-code": "509"}, {"id": "03e293b3df9e35eadf15c561192e4ac8", "number": "5099439939", "date": "2021-01-24 20:17:00", "subject": "1\n", "recorded-or-robo": "Y", "city": "", "state": "WA", "area-code": "509"}, {"id": "03e293b3df9e35eadf15c561192e3bbe", "number": "3107526205", "date": "2021-01-22 13:01:00", "subject": "2\n", "recorded-or-robo": "Y", "city": "Manhattan Beach", "state": "CA", "area-code": "310"}, {"id": "03e293b3df9e35eadf15c561192e3562", "number": "6304813470", "date": "2021-01-24 10:49:00", "subject": "11\n", "recorded-or-robo": "Y", "city": "englewood", "state": "FL", "area-code": "941"}, {"id": "03e293b3df9e35eadf15c561192e2917", "number": "2109422648", "date": "2021-01-21 14:14:00", "subject": "2\n", "recorded-or-robo": "Y", "city": "San Antonio", "state": "TX", "area-code": "210"}, {"id": "03e293b3df9e35eadf15c561192e1b53", "number": "", "date": "2021-01-23 09:03:00", "subject": "11\n", "recorded-or-robo": "Y", "city": "Bridge city", "state": "TX", "area-code": "409"}, {"id": "03e293b3df9e35eadf15c561192e15a5", "number": "5099439860", "date": "2021-01-24 20:24:00", "subject": "1\n", "recorded-or-robo": "Y", "city": "", "state": "WA", "area-code": "509"}, {"id": "03e293b3df9e35eadf15c561192e05f7", "number": "4695629785", "date": "2021-01-21 08:58:00", "subject": "3\n", "recorded-or-robo": "N", "city": "", "state": "PA", "area-code": "570"}, {"id": "03e293b3df9e35eadf15c561192dfc42", "number": "8449891711", "date": "2021-01-21 08:26:00", "subject": "2\n", "recorded-or-robo": "Y", "city": "San Antonio", "state": "TX", "area-code": "210"}, {"id": "03e293b3df9e35eadf15c561192df6a5", "number": "6461806446", "date": "2021-01-24 06:12:00", "subject": "2\n", "recorded-or-robo": "Y", "city": "San Francisco", "state": "CA", "area-code": "415"}, {"id": "03e293b3df9e35eadf15c561192deb69", "number": "", "date": "2021-01-20 10:30:00", "subject": "2\n", "recorded-or-robo": "Y", "city": "", "state": "CA", "area-code": "949"}, {"id": "03e293b3df9e35eadf15c561192de857", "number": "2166667647", "date": "2021-01-23 12:01:00", "subject": "4\n", "recorded-or-robo": "Y", "city": "", "state": "MN", "area-code": "612"}, {"id": "03e293b3df9e35eadf15c561192ddee4", "number": "8133616515", "date": "2021-01-24 11:08:00", "subject": "2\n", "recorded-or-robo": "Y", "city": "Spring Hill", "state": "FL", "area-code": "813"}, {"id": "03e293b3df9e35eadf15c561192dcfed", "number": "2109422678", "date": "2021-01-21 08:25:00", "subject": "2\n", "recorded-or-robo": "Y", "city": "San Antonio", "state": "TX", "area-code": "210"}, {"id": "03e293b3df9e35eadf15c561192dc1fc", "number": "5099482371", "date": "2021-01-24 08:40:00", "subject": "1\n", "recorded-or-robo": "Y", "city": "West Richland", "state": "WA", "area-code": "615"}, {"id": "03e293b3df9e35eadf15c561192db732", "number": "", "date": "2021-01-24 08:30:00", "subject": "11\n", "recorded-or-robo": "Y", "city": "", "state": "WA", "area-code": "509"}, {"id": "03e293b3df9e35eadf15c561192db2a4", "number": "4697976404", "date": "2021-01-21 06:51:00", "subject": "3\n", "recorded-or-robo": "Y", "city": "", "state": "PA", "area-code": "570"}, {"id": "03e293b3df9e35eadf15c561192da4df", "number": "2109422678", "date": "2021-01-18 09:12:00", "subject": "2\n", "recorded-or-robo": "Y", "city": "San Antonio", "state": "TX", "area-code": "210"}, {"id": "03e293b3df9e35eadf15c561192d9d9b", "number": "8801700912717", "date": "2021-01-23 00:00:00", "subject": "11\n", "recorded-or-robo": "Y", "city": "Arnold", "state": "MO", "area-code": "314"}, {"id": "03e293b3df9e35eadf15c561192d8dc4", "number": "9208978927", "date": "2021-01-22 15:26:00", "subject": "2\n", "recorded-or-robo": "Y", "city": "San Antonio", "state": "TX", "area-code": "210"}, {"id": "03e293b3df9e35eadf15c561192d8b3d", "number": "8156912783", "date": "2021-01-23 14:31:00", "subject": "4\n", "recorded-or-robo": "Y", "city": "Union", "state": "KY", "area-code": "859"}, {"id": "03e293b3df9e35eadf15c561192d84e3", "number": "6154067964", "date": "2021-01-24 08:06:00", "subject": "11\n", "recorded-or-robo": "Y", "city": "", "state": "WA", "area-code": "509"}, {"id": "03e293b3df9e35eadf15c561192d84c7", "number": "", "date": "2021-01-24 08:40:00", "subject": "11\n", "recorded-or-robo": "Y", "city": "Richland", "state": "WA", "area-code": "509"}, {"id": "03e293b3df9e35eadf15c561192d6fea", "number": "4697976495", "date": "2021-01-20 20:19:00", "subject": "3\n", "recorded-or-robo": "N", "city": "", "state": "PA", "area-code": "570"}, {"id": "03e293b3df9e35eadf15c561192d7e9b", "number": "8559590129", "date": "2021-01-22 04:29:00", "subject": "2\n", "recorded-or-robo": "N", "city": "Carrollton", "state": "TX", "area-code": "214"}, {"id": "03e293b3df9e35eadf15c561192d6f5d", "number": "4805465705", "date": "2021-01-24 08:29:00", "subject": "0\n", "recorded-or-robo": "Y", "city": "", "state": "CO", "area-code": "303"}, {"id": "03e293b3df9e35eadf15c561192d6232", "number": "2106642772", "date": "2021-01-22 09:20:00", "subject": "2\n", "recorded-or-robo": "Y", "city": "San Antonio", "state": "TX", "area-code": "210"}, {"id": "03e293b3df9e35eadf15c561192d5e42", "number": "3145562668", "date": "2021-01-24 10:37:00", "subject": "11\n", "recorded-or-robo": "Y", "city": "St. Louis", "state": "MO", "area-code": "314"}, {"id": "03e293b3df9e35eadf15c561192d5759", "number": "4078337862", "date": "2021-01-22 16:15:00", "subject": "2\n", "recorded-or-robo": "Y", "city": "Altamonte Spg", "state": "FL", "area-code": "407"}, {"id": "03e293b3df9e35eadf15c561192d2dd2", "number": "6572376514", "date": "2021-01-20 16:14:00", "subject": "3\n", "recorded-or-robo": "N", "city": "", "state": "PA", "area-code": "570"}, {"id": "03e293b3df9e35eadf15c561192d5090", "number": "8304602180", "date": "2021-01-22 07:53:00", "subject": "2\n", "recorded-or-robo": "Y", "city": "San Antonio", "state": "TX", "area-code": "210"}, {"id": "03e293b3df9e35eadf15c561192d4184", "number": "", "date": "2021-01-01 09:01:00", "subject": "2\n", "recorded-or-robo": "Y", "city": "Spokane Valley", "state": "WA", "area-code": "509"}, {"id": "03e293b3df9e35eadf15c561192d3417", "number": "3604743296", "date": "2021-01-24 12:00:00", "subject": "11\n", "recorded-or-robo": "Y", "city": "Sunbury", "state": "OH", "area-code": "740"}, {"id": "03e293b3df9e35eadf15c561192d24b3", "number": "8765910888", "date": "2021-01-24 08:23:00", "subject": "13\n", "recorded-or-robo": "", "city": "", "state": "CA", "area-code": "619"}, {"id": "03e293b3df9e35eadf15c561192cf042", "number": "4695438438", "date": "2021-01-18 18:22:00", "subject": "3\n", "recorded-or-robo": "N", "city": "", "state": "PA", "area-code": "570"}, {"id": "03e293b3df9e35eadf15c561192d1e3c", "number": "7815984344", "date": "2021-01-24 11:15:00", "subject": "3\n", "recorded-or-robo": "Y", "city": "", "state": "MA", "area-code": "781"}, {"id": "03e293b3df9e35eadf15c561192d1c90", "number": "8036405105", "date": "2021-01-21 18:51:00", "subject": "2\n", "recorded-or-robo": "Y", "city": "San Antonio", "state": "TX", "area-code": "210"}, {"id": "03e293b3df9e35eadf15c561192d0d8b", "number": "8572327686", "date": "2021-01-24 11:06:00", "subject": "2\n", "recorded-or-robo": "Y", "city": "Groton", "state": "MA", "area-code": "978"}, {"id": "03e293b3df9e35eadf15c561192d015f", "number": "", "date": "2021-01-24 12:00:00", "subject": "1\n", "recorded-or-robo": "Y", "city": "", "state": "MO", "area-code": "417"}, {"id": "03e293b3df9e35eadf15c561192cf86b", "number": "8765751157", "date": "2021-01-24 12:00:00", "subject": "1\n", "recorded-or-robo": "N", "city": "", "state": "NY", "area-code": "347"}, {"id": "03e293b3df9e35eadf15c561192ce175", "number": "6572376514", "date": "2021-01-18 05:09:00", "subject": "3\n", "recorded-or-robo": "Y", "city": "", "state": "PA", "area-code": "570"}, {"id": "03e293b3df9e35eadf15c561192cdd21", "number": "9405264781", "date": "2021-01-21 16:47:00", "subject": "2\n", "recorded-or-robo": "Y", "city": "San Antonio", "state": "TX", "area-code": "210"}, {"id": "03e293b3df9e35eadf15c561192ccffa", "number": "5712014013", "date": "2021-01-24 11:32:00", "subject": "1\n", "recorded-or-robo": "Y", "city": "PURCELLVILLE", "state": "VA", "area-code": "571"}, {"id": "03e293b3df9e35eadf15c561192ccd6d", "number": "2108982781", "date": "2021-01-21 13:12:00", "subject": "2\n", "recorded-or-robo": "Y", "city": "San Antonio", "state": "TX", "area-code": "210"}, {"id": "03e293b3df9e35eadf15c561192cc2a5", "number": "6154065470", "date": "2021-01-24 07:00:00", "subject": "11\n", "recorded-or-robo": "Y", "city": "west richland", "state": "WA", "area-code": "509"}, {"id": "03e293b3df9e35eadf15c561192cb574", "number": "4695628130", "date": "2021-01-17 22:02:00", "subject": "3\n", "recorded-or-robo": "Y", "city": "", "state": "PA", "area-code": "570"}, {"id": "03e293b3df9e35eadf15c561192caf02", "number": "6199164134", "date": "2021-01-24 00:00:00", "subject": "1\n", "recorded-or-robo": "Y", "city": "Lemon Grove", "state": "CA", "area-code": "619"}, {"id": "03e293b3df9e35eadf15c561192ca578", "number": "3152328257", "date": "2021-01-23 13:03:00", "subject": "2\n", "recorded-or-robo": "Y", "city": "", "state": "WA", "area-code": "509"}, {"id": "03e293b3df9e35eadf15c561192c99e0", "number": "2147402269", "date": "2021-01-24 10:08:00", "subject": "2\n", "recorded-or-robo": "N", "city": "Carrollton", "state": "TX", "area-code": "214"}]}