{"data": [{"id": "3decc6bfadaa436a105714c6bab047f6", "number": "7182448181", "date": "2021-01-24 14:54:00", "subject": "2", "recorded-or-robo": "Y", "city": "COLUMBIA", "state": "SC", "area-code": "315"}, {"id": "03e293b3df9e35eadf15c56119468cf2", "number": "7182448181", "date": "2021-01-24 14:54:00", "subject": "2", "recorded-or-robo": "Y", "city": "COLUMBIA", "state": "SC", "area-code": "315"}, {"id": "3decc6bfadaa436a105714c6bab03976", "number": "2762586344", "date": "2021-01-21 12:50:00", "subject": "2", "recorded-or-robo": "N", "city": "Stuart", "state": "VA", "area-code": "276"}, {"id": "03e293b3df9e35eadf15c56119467de9", "number": "2762586344", "date": "2021-01-21 12:50:00", "subject": "2", "recorded-or-robo": "N", "city": "Stuart", "state": "VA", "area-code": "276"}, {"id": "3decc6bfadaa436a105714c6bab02273", "number": "2037797017", "date": "2021-01-23 14:15:00", "subject": "3", "recorded-or-robo": "N", "city": "", "state": "CT", "area-code": "203"}, {"id": "03e293b3df9e35eadf15c561194668d8", "number": "2037797017", "date": "2021-01-23 14:15:00", "subject": "3", "recorded-or-robo": "N", "city": "", "state": "CT", "area-code": "203"}, {"id": "3decc6bfadaa436a105714c6bab02f47", "number": "4124351088", "date": "2021-01-15 10:46:00", "subject": "0", "recorded-or-robo": "N", "city": "Pittsburgh", "state": "PA", "area-code": "412"}, {"id": "03e293b3df9e35eadf15c561194671e8", "number": "4124351088", "date": "2021-01-15 10:46:00", "subject": "0", "recorded-or-robo": "N", "city": "Pittsburgh", "state": "PA", "area-code": "412"}, {"id": "3decc6bfadaa436a105714c6bab02204", "number": "2762586344", "date": "2021-01-21 16:51:00", "subject": "2", "recorded-or-robo": "N", "city": "Stuart", "state": "VA", "area-code": "276"}, {"id": "03e293b3df9e35eadf15c56119465edd", "number": "2762586344", "date": "2021-01-21 16:51:00", "subject": "2", "recorded-or-robo": "N", "city": "Stuart", "state": "VA", "area-code": "276"}, {"id": "3decc6bfadaa436a105714c6bab016e3", "number": "9708248893", "date": "2021-01-22 14:22:00", "subject": "4", "recorded-or-robo": "Y", "city": "", "state": "CO", "area-code": "303"}, {"id": "03e293b3df9e35eadf15c561194653db", "number": "9708248893", "date": "2021-01-22 14:22:00", "subject": "4", "recorded-or-robo": "Y", "city": "", "state": "CO", "area-code": "303"}, {"id": "3decc6bfadaa436a105714c6bab014a0", "number": "8782288295", "date": "2021-01-20 20:35:00", "subject": "0", "recorded-or-robo": "N", "city": "Pittsburgh", "state": "PA", "area-code": "412"}, {"id": "03e293b3df9e35eadf15c5611946445f", "number": "8782288295", "date": "2021-01-20 20:35:00", "subject": "0", "recorded-or-robo": "N", "city": "Pittsburgh", "state": "PA", "area-code": "412"}, {"id": "3decc6bfadaa436a105714c6bab01432", "number": "3152328257", "date": "2021-01-24 09:43:00", "subject": "2", "recorded-or-robo": "Y", "city": "Lumberton", "state": "TX", "area-code": "409"}, {"id": "03e293b3df9e35eadf15c56119463fe3", "number": "3152328257", "date": "2021-01-24 09:43:00", "subject": "2", "recorded-or-robo": "Y", "city": "Lumberton", "state": "TX", "area-code": "409"}, {"id": "3decc6bfadaa436a105714c6bab0051e", "number": "", "date": "2021-01-24 11:40:00", "subject": "1", "recorded-or-robo": "Y", "city": "Graham", "state": "WA", "area-code": "253"}, {"id": "03e293b3df9e35eadf15c56119463df8", "number": "", "date": "2021-01-24 11:40:00", "subject": "1", "recorded-or-robo": "Y", "city": "Graham", "state": "WA", "area-code": "253"}, {"id": "3decc6bfadaa436a105714c6baaffdf6", "number": "9182687563", "date": "2021-01-12 15:41:00", "subject": "2", "recorded-or-robo": "Y", "city": "Edmond", "state": "OK", "area-code": "405"}, {"id": "03e293b3df9e35eadf15c5611946348c", "number": "9182687563", "date": "2021-01-12 15:41:00", "subject": "2", "recorded-or-robo": "Y", "city": "Edmond", "state": "OK", "area-code": "405"}, {"id": "3decc6bfadaa436a105714c6baaff2e2", "number": "7275768923", "date": "2021-01-24 14:21:00", "subject": "2", "recorded-or-robo": "Y", "city": "St Petersburg", "state": "FL", "area-code": "727"}, {"id": "03e293b3df9e35eadf15c56119462aaa", "number": "7275768923", "date": "2021-01-24 14:21:00", "subject": "2", "recorded-or-robo": "Y", "city": "St Petersburg", "state": "FL", "area-code": "727"}, {"id": "3decc6bfadaa436a105714c6baafefd0", "number": "2764450962", "date": "2021-01-22 13:56:00", "subject": "2", "recorded-or-robo": "N", "city": "Stuart", "state": "VA", "area-code": "276"}, {"id": "03e293b3df9e35eadf15c56119462678", "number": "2764450962", "date": "2021-01-22 13:56:00", "subject": "2", "recorded-or-robo": "N", "city": "Stuart", "state": "VA", "area-code": "276"}, {"id": "3decc6bfadaa436a105714c6baafedb9", "number": "6052296217", "date": "2021-01-22 13:25:00", "subject": "0", "recorded-or-robo": "N", "city": "Pittsburgh", "state": "PA", "area-code": "412"}, {"id": "03e293b3df9e35eadf15c56119461eec", "number": "6052296217", "date": "2021-01-22 13:25:00", "subject": "0", "recorded-or-robo": "N", "city": "Pittsburgh", "state": "PA", "area-code": "412"}, {"id": "3decc6bfadaa436a105714c6baafe046", "number": "8185627872", "date": "2021-01-24 11:54:00", "subject": "3", "recorded-or-robo": "N", "city": "", "state": "CA", "area-code": "818"}, {"id": "03e293b3df9e35eadf15c561194614e5", "number": "8185627872", "date": "2021-01-24 11:54:00", "subject": "3", "recorded-or-robo": "N", "city": "", "state": "CA", "area-code": "818"}, {"id": "3decc6bfadaa436a105714c6baafe9d8", "number": "7205104852", "date": "2021-01-21 16:51:00", "subject": "3", "recorded-or-robo": "Y", "city": "", "state": "CO", "area-code": "303"}, {"id": "03e293b3df9e35eadf15c561194616cd", "number": "7205104852", "date": "2021-01-21 16:51:00", "subject": "3", "recorded-or-robo": "Y", "city": "", "state": "CO", "area-code": "303"}, {"id": "3decc6bfadaa436a105714c6baafd604", "number": "6368757651", "date": "2021-01-24 12:32:00", "subject": "2", "recorded-or-robo": "Y", "city": "St. Peters", "state": "MO", "area-code": "636"}, {"id": "03e293b3df9e35eadf15c561194612dc", "number": "6368757651", "date": "2021-01-24 12:32:00", "subject": "2", "recorded-or-robo": "Y", "city": "St. Peters", "state": "MO", "area-code": "636"}, {"id": "3decc6bfadaa436a105714c6baafcc60", "number": "6603322069", "date": "2021-01-24 11:36:00", "subject": "2", "recorded-or-robo": "Y", "city": "laplata", "state": "MO", "area-code": "660"}, {"id": "03e293b3df9e35eadf15c5611946074c", "number": "6603322069", "date": "2021-01-24 11:36:00", "subject": "2", "recorded-or-robo": "Y", "city": "laplata", "state": "MO", "area-code": "660"}, {"id": "3decc6bfadaa436a105714c6baafc45b", "number": "4128767188", "date": "2021-01-21 11:55:00", "subject": "0", "recorded-or-robo": "N", "city": "Pittsburgh", "state": "PA", "area-code": "412"}, {"id": "03e293b3df9e35eadf15c5611945f8c9", "number": "4128767188", "date": "2021-01-21 11:55:00", "subject": "0", "recorded-or-robo": "N", "city": "Pittsburgh", "state": "PA", "area-code": "412"}, {"id": "3decc6bfadaa436a105714c6baafb660", "number": "4014143744", "date": "2021-01-24 14:43:00", "subject": "2", "recorded-or-robo": "Y", "city": "North Kingstown", "state": "RI", "area-code": "401"}, {"id": "3decc6bfadaa436a105714c6baafaa15", "number": "7208189846", "date": "2021-01-18 17:24:00", "subject": "4", "recorded-or-robo": "Y", "city": "", "state": "CO", "area-code": "303"}, {"id": "03e293b3df9e35eadf15c5611945ed58", "number": "4014143744", "date": "2021-01-24 14:43:00", "subject": "2", "recorded-or-robo": "Y", "city": "North Kingstown", "state": "RI", "area-code": "401"}, {"id": "03e293b3df9e35eadf15c5611945e4ec", "number": "7208189846", "date": "2021-01-18 17:24:00", "subject": "4", "recorded-or-robo": "Y", "city": "", "state": "CO", "area-code": "303"}, {"id": "3decc6bfadaa436a105714c6baaf9e3d", "number": "6154060068", "date": "2021-01-24 11:52:00", "subject": "2", "recorded-or-robo": "Y", "city": "GIBSONTON", "state": "FL", "area-code": "813"}, {"id": "03e293b3df9e35eadf15c5611945d6de", "number": "6154060068", "date": "2021-01-24 11:52:00", "subject": "2", "recorded-or-robo": "Y", "city": "GIBSONTON", "state": "FL", "area-code": "813"}, {"id": "3decc6bfadaa436a105714c6baaf9431", "number": "3144879567", "date": "2021-01-15 00:00:00", "subject": "2", "recorded-or-robo": "Y", "city": "ST. LOUIS", "state": "MO", "area-code": "314"}, {"id": "03e293b3df9e35eadf15c5611945cec1", "number": "3144879567", "date": "2021-01-15 00:00:00", "subject": "2", "recorded-or-robo": "Y", "city": "ST. LOUIS", "state": "MO", "area-code": "314"}, {"id": "3decc6bfadaa436a105714c6baaf9156", "number": "6109982923", "date": "2021-01-21 15:29:00", "subject": "0", "recorded-or-robo": "N", "city": "Pittsburgh", "state": "PA", "area-code": "412"}, {"id": "03e293b3df9e35eadf15c5611945ca23", "number": "6109982923", "date": "2021-01-21 15:29:00", "subject": "0", "recorded-or-robo": "N", "city": "Pittsburgh", "state": "PA", "area-code": "412"}, {"id": "3decc6bfadaa436a105714c6baaf8bd1", "number": "3144234957", "date": "2021-01-24 13:12:00", "subject": "2", "recorded-or-robo": "Y", "city": "Saint Louis", "state": "MO", "area-code": "314"}, {"id": "03e293b3df9e35eadf15c5611945be79", "number": "3144234957", "date": "2021-01-24 13:12:00", "subject": "2", "recorded-or-robo": "Y", "city": "Saint Louis", "state": "MO", "area-code": "314"}, {"id": "3decc6bfadaa436a105714c6baaf836c", "number": "4125788789", "date": "2021-01-22 19:43:00", "subject": "0", "recorded-or-robo": "N", "city": "Pittsburgh", "state": "PA", "area-code": "412"}, {"id": "03e293b3df9e35eadf15c5611945be38", "number": "4125788789", "date": "2021-01-22 19:43:00", "subject": "0", "recorded-or-robo": "N", "city": "Pittsburgh", "state": "PA", "area-code": "412"}]}