{"data": [{"id": "03e293b3df9e35eadf15c5611932fd31", "number": "5624049786", "date": "2021-01-24 00:00:00", "subject": "0\n", "recorded-or-robo": "Y", "city": "Cerritos", "state": "CA", "area-code": "562"}, {"id": "03e293b3df9e35eadf15c5611932fccd", "number": "5099464978", "date": "2021-01-24 09:07:00", "subject": "2\n", "recorded-or-robo": "Y", "city": "Richland", "state": "WA", "area-code": "509"}, {"id": "03e293b3df9e35eadf15c5611932f6d3", "number": "2408087620", "date": "2021-01-21 18:15:00", "subject": "3\n", "recorded-or-robo": "", "city": "Fairfax Station", "state": "VA", "area-code": "703"}, {"id": "03e293b3df9e35eadf15c5611932f3f9", "number": "2314991681", "date": "2021-01-24 12:16:00", "subject": "2\n", "recorded-or-robo": "Y", "city": "Kaleva", "state": "MI", "area-code": "231"}, {"id": "03e293b3df9e35eadf15c5611932e4d5", "number": "2086863195", "date": "2021-01-22 11:07:00", "subject": "3\n", "recorded-or-robo": "", "city": "Fairfax Station", "state": "VA", "area-code": "703"}, {"id": "03e293b3df9e35eadf15c5611932e391", "number": "5747357261", "date": "2021-01-24 10:30:00", "subject": "2\n", "recorded-or-robo": "Y", "city": "Logansport", "state": "IN", "area-code": "574"}, {"id": "03e293b3df9e35eadf15c5611932dc8f", "number": "3019004551", "date": "2021-01-15 00:00:00", "subject": "2\n", "recorded-or-robo": "N", "city": "", "state": "MD", "area-code": "301"}, {"id": "03e293b3df9e35eadf15c5611932d0bd", "number": "2029304281", "date": "2021-01-22 13:10:00", "subject": "3\n", "recorded-or-robo": "", "city": "Fairfax Station", "state": "VA", "area-code": "703"}, {"id": "03e293b3df9e35eadf15c5611932c6a7", "number": "6062120352", "date": "2021-01-21 09:44:00", "subject": "15\n", "recorded-or-robo": "N", "city": "LOUISVILLE", "state": "KY", "area-code": "502"}, {"id": "03e293b3df9e35eadf15c5611932c12e", "number": "5099467376", "date": "2021-01-24 09:01:00", "subject": "2\n", "recorded-or-robo": "Y", "city": "Richland", "state": "WA", "area-code": "509"}, {"id": "03e293b3df9e35eadf15c5611932b7dd", "number": "3019059177", "date": "2021-01-15 00:00:00", "subject": "2\n", "recorded-or-robo": "N", "city": "", "state": "MD", "area-code": "301"}, {"id": "03e293b3df9e35eadf15c5611932b647", "number": "", "date": "2021-01-24 12:20:00", "subject": "3\n", "recorded-or-robo": "Y", "city": "", "state": "NC", "area-code": "704"}, {"id": "03e293b3df9e35eadf15c5611932a9c6", "number": "5715202589", "date": "2021-01-23 23:24:00", "subject": "3\n", "recorded-or-robo": "", "city": "Fairfax Station", "state": "VA", "area-code": "703"}, {"id": "03e293b3df9e35eadf15c5611932a378", "number": "3478449338", "date": "2021-01-21 16:56:00", "subject": "1\n", "recorded-or-robo": "Y", "city": "Fremont", "state": "NE", "area-code": "347"}, {"id": "03e293b3df9e35eadf15c561193296a0", "number": "", "date": "2021-01-24 00:00:00", "subject": "15\n", "recorded-or-robo": "N", "city": "Beaumont", "state": "TX", "area-code": "409"}, {"id": "03e293b3df9e35eadf15c5611932890c", "number": "", "date": "2021-01-24 11:33:00", "subject": "2\n", "recorded-or-robo": "Y", "city": "Au Gres", "state": "MI", "area-code": "630"}, {"id": "03e293b3df9e35eadf15c5611932807b", "number": "5016044362", "date": "2021-01-22 15:49:00", "subject": "3\n", "recorded-or-robo": "", "city": "Fairfax Station", "state": "VA", "area-code": "703"}, {"id": "03e293b3df9e35eadf15c56119327e9c", "number": "3019607077", "date": "2021-01-15 00:00:00", "subject": "2\n", "recorded-or-robo": "N", "city": "", "state": "MD", "area-code": "301"}, {"id": "03e293b3df9e35eadf15c56119327e97", "number": "3034314516", "date": "2021-01-22 09:40:00", "subject": "4\n", "recorded-or-robo": "Y", "city": "", "state": "CO", "area-code": "303"}, {"id": "03e293b3df9e35eadf15c56119327a1e", "number": "50999461831", "date": "2021-01-24 08:54:00", "subject": "2\n", "recorded-or-robo": "Y", "city": "Richland", "state": "WA", "area-code": "509"}, {"id": "03e293b3df9e35eadf15c56119327270", "number": "5856393092", "date": "2021-01-23 10:51:00", "subject": "0\n", "recorded-or-robo": "N", "city": "", "state": "NY", "area-code": "212"}, {"id": "03e293b3df9e35eadf15c56119326957", "number": "4027274792", "date": "2021-01-22 12:46:00", "subject": "1\n", "recorded-or-robo": "Y", "city": "Fremont", "state": "NE", "area-code": "402"}, {"id": "03e293b3df9e35eadf15c56119325e54", "number": "5136961920", "date": "2021-01-23 11:46:00", "subject": "3\n", "recorded-or-robo": "", "city": "Fairfax Station", "state": "VA", "area-code": "703"}, {"id": "03e293b3df9e35eadf15c561193250fb", "number": "3012358178", "date": "2021-01-15 00:00:00", "subject": "2\n", "recorded-or-robo": "N", "city": "", "state": "MD", "area-code": "301"}, {"id": "03e293b3df9e35eadf15c56119324875", "number": "7320317840", "date": "2021-01-22 09:06:00", "subject": "2\n", "recorded-or-robo": "", "city": "", "state": "NJ", "area-code": "732"}, {"id": "03e293b3df9e35eadf15c561193241ea", "number": "5099462095", "date": "2021-01-24 08:47:00", "subject": "2\n", "recorded-or-robo": "Y", "city": "Richland", "state": "WA", "area-code": "509"}, {"id": "03e293b3df9e35eadf15c56119324041", "number": "2094210263", "date": "2021-01-22 00:00:00", "subject": "3\n", "recorded-or-robo": "Y", "city": "", "state": "CA", "area-code": "209"}, {"id": "03e293b3df9e35eadf15c561193230b7", "number": "2019197781", "date": "2021-01-24 12:00:00", "subject": "11\n", "recorded-or-robo": "Y", "city": "Upper Saddle River", "state": "NJ", "area-code": "201"}, {"id": "03e293b3df9e35eadf15c5611932244e", "number": "3152328257", "date": "2021-01-24 11:09:00", "subject": "11\n", "recorded-or-robo": "Y", "city": "", "state": "MO", "area-code": "314"}, {"id": "03e293b3df9e35eadf15c561193207da", "number": "", "date": "2021-01-24 12:10:00", "subject": "3\n", "recorded-or-robo": "N", "city": "", "state": "NJ", "area-code": "732"}, {"id": "03e293b3df9e35eadf15c5611932177d", "number": "", "date": "2021-01-24 08:33:00", "subject": "1\n", "recorded-or-robo": "Y", "city": "UNION GAP", "state": "WA", "area-code": "509"}, {"id": "03e293b3df9e35eadf15c5611932140b", "number": "5594959363", "date": "2021-01-20 00:00:00", "subject": "3\n", "recorded-or-robo": "Y", "city": "", "state": "CA", "area-code": "209"}, {"id": "03e293b3df9e35eadf15c5611932120e", "number": "2098387974", "date": "2021-01-18 00:00:00", "subject": "3\n", "recorded-or-robo": "Y", "city": "", "state": "CA", "area-code": "209"}, {"id": "03e293b3df9e35eadf15c5611931fcf9", "number": "8556780916", "date": "2021-01-23 13:26:00", "subject": "2\n", "recorded-or-robo": "Y", "city": "Pickerington", "state": "OH", "area-code": "740"}, {"id": "03e293b3df9e35eadf15c5611931f45f", "number": "2035990011", "date": "2021-01-22 15:00:00", "subject": "5\n", "recorded-or-robo": "N", "city": "WEST HAVEN", "state": "CT", "area-code": "203"}, {"id": "03e293b3df9e35eadf15c5611931f2a6", "number": "7577603431", "date": "2021-01-22 17:03:00", "subject": "3\n", "recorded-or-robo": "", "city": "Fairfax Station", "state": "VA", "area-code": "703"}, {"id": "03e293b3df9e35eadf15c5611931e5c5", "number": "6368874611", "date": "2021-01-24 11:12:00", "subject": "1\n", "recorded-or-robo": "Y", "city": "Wentzville", "state": "MO", "area-code": "636"}, {"id": "03e293b3df9e35eadf15c5611931d62b", "number": "4792693152", "date": "2021-01-24 12:17:00", "subject": "7\n", "recorded-or-robo": "Y", "city": "Clover", "state": "SC", "area-code": "724"}, {"id": "03e293b3df9e35eadf15c5611931c88a", "number": "8556550811", "date": "2021-01-17 00:07:00", "subject": "11\n", "recorded-or-robo": "N", "city": "Ashville", "state": "OH", "area-code": "855"}, {"id": "03e293b3df9e35eadf15c5611931bdf0", "number": "5866005340", "date": "2021-01-22 00:00:00", "subject": "2\n", "recorded-or-robo": "Y", "city": "Muskegon", "state": "MI", "area-code": "231"}, {"id": "03e293b3df9e35eadf15c5611931b029", "number": "5099463504", "date": "2021-01-24 08:40:00", "subject": "2\n", "recorded-or-robo": "Y", "city": "Richland", "state": "WA", "area-code": "509"}, {"id": "03e293b3df9e35eadf15c5611931a0ac", "number": "8556785711", "date": "2021-01-23 19:56:00", "subject": "2\n", "recorded-or-robo": "Y", "city": "Pickerington", "state": "OH", "area-code": "740"}, {"id": "03e293b3df9e35eadf15c561193197c4", "number": "8665320423", "date": "2021-01-24 08:16:00", "subject": "4\n", "recorded-or-robo": "Y", "city": "Chula Vista", "state": "CA", "area-code": "619"}, {"id": "03e293b3df9e35eadf15c56119318fff", "number": "2562421179", "date": "2021-01-24 11:00:00", "subject": "8\n", "recorded-or-robo": "N", "city": "BIRMINGHAM", "state": "AL", "area-code": "205"}, {"id": "03e293b3df9e35eadf15c56119318542", "number": "8556787416", "date": "2021-01-24 00:05:00", "subject": "11\n", "recorded-or-robo": "N", "city": "Ashville", "state": "OH", "area-code": "855"}, {"id": "03e293b3df9e35eadf15c56119317fec", "number": "8556786953", "date": "2021-01-24 07:14:00", "subject": "2\n", "recorded-or-robo": "Y", "city": "West Richland", "state": "WA", "area-code": "509"}, {"id": "03e293b3df9e35eadf15c561193175c3", "number": "3152328257", "date": "2021-01-23 13:47:00", "subject": "2\n", "recorded-or-robo": "Y", "city": "Selah", "state": "WA", "area-code": "509"}, {"id": "03e293b3df9e35eadf15c56119316dea", "number": "8556787793", "date": "2021-01-24 11:07:00", "subject": "2\n", "recorded-or-robo": "Y", "city": "Pickerington", "state": "OH", "area-code": "740"}, {"id": "03e293b3df9e35eadf15c561193166fe", "number": "6195030594", "date": "2021-01-24 11:42:00", "subject": "3\n", "recorded-or-robo": "Y", "city": "", "state": "NJ", "area-code": "201"}, {"id": "03e293b3df9e35eadf15c56119315e05", "number": "9892797815", "date": "2021-01-22 00:00:00", "subject": "2\n", "recorded-or-robo": "Y", "city": "Muskegon", "state": "MI", "area-code": "231"}]}