{"data": [{"id": "03e293b3df9e35eadf15c561195d6a06", "number": "8442049279", "date": "2021-01-24 12:00:00", "subject": "1\n", "recorded-or-robo": "Y", "city": "Houston", "state": "TX", "area-code": "713"}, {"id": "03e293b3df9e35eadf15c561195d5a8d", "number": "4149401186", "date": "2021-01-24 17:47:00", "subject": "11\n", "recorded-or-robo": "Y", "city": "", "state": "WI", "area-code": "414"}, {"id": "03e293b3df9e35eadf15c561195d49dc", "number": "5039444220", "date": "2021-01-22 16:48:00", "subject": "3\n", "recorded-or-robo": "", "city": "", "state": "OR", "area-code": "503"}, {"id": "03e293b3df9e35eadf15c561195d4fec", "number": "", "date": "2021-01-24 14:12:00", "subject": "2\n", "recorded-or-robo": "Y", "city": "Granada Hills", "state": "CA", "area-code": "818"}, {"id": "03e293b3df9e35eadf15c561195d4498", "number": "4149404577", "date": "2021-01-24 17:25:00", "subject": "11\n", "recorded-or-robo": "Y", "city": "", "state": "WI", "area-code": "414"}, {"id": "03e293b3df9e35eadf15c561195d3cf5", "number": "6604411575", "date": "2021-01-24 17:28:00", "subject": "1\n", "recorded-or-robo": "Y", "city": "Warrensburg", "state": "MO", "area-code": "660"}, {"id": "03e293b3df9e35eadf15c561195d378f", "number": "3124925131", "date": "2021-01-22 15:46:00", "subject": "4\n", "recorded-or-robo": "Y", "city": "", "state": "IL", "area-code": "847"}, {"id": "03e293b3df9e35eadf15c561195d2f0c", "number": "1855678436", "date": "2021-01-24 17:15:00", "subject": "2\n", "recorded-or-robo": "Y", "city": "", "state": "WI", "area-code": "414"}, {"id": "03e293b3df9e35eadf15c561195d277b", "number": "7022752049", "date": "2021-01-22 14:07:00", "subject": "2\n", "recorded-or-robo": "N", "city": "", "state": "CO", "area-code": "720"}, {"id": "03e293b3df9e35eadf15c561195d2369", "number": "3023875653", "date": "2021-01-24 15:56:00", "subject": "0\n", "recorded-or-robo": "Y", "city": "", "state": "TN", "area-code": "615"}, {"id": "03e293b3df9e35eadf15c561195d1c8c", "number": "8182759970", "date": "2021-01-24 14:12:00", "subject": "2\n", "recorded-or-robo": "Y", "city": "Granada Hills", "state": "CA", "area-code": "818"}, {"id": "03e293b3df9e35eadf15c561195d10d7", "number": "9274025", "date": "2021-01-11 16:12:00", "subject": "2\n", "recorded-or-robo": "Y", "city": "Winchester", "state": "KY", "area-code": "859"}, {"id": "03e293b3df9e35eadf15c561195d0cba", "number": "2133285093", "date": "2021-01-19 10:15:00", "subject": "2\n", "recorded-or-robo": "Y", "city": "", "state": "IL", "area-code": "847"}, {"id": "03e293b3df9e35eadf15c561195d00b4", "number": "", "date": "2021-01-24 14:24:00", "subject": "1\n", "recorded-or-robo": "Y", "city": "Valley Grande", "state": "AL", "area-code": "334"}, {"id": "03e293b3df9e35eadf15c561195cfe58", "number": "3023875653", "date": "2021-01-24 15:12:00", "subject": "0\n", "recorded-or-robo": "Y", "city": "", "state": "TN", "area-code": "615"}, {"id": "03e293b3df9e35eadf15c561195cf61b", "number": "8185756526", "date": "2021-01-24 12:31:00", "subject": "3\n", "recorded-or-robo": "N", "city": "", "state": "NJ", "area-code": "201"}, {"id": "03e293b3df9e35eadf15c561195ced73", "number": "2199164461", "date": "2021-01-24 11:00:00", "subject": "11\n", "recorded-or-robo": "Y", "city": "Fortville", "state": "IN", "area-code": "219"}, {"id": "03e293b3df9e35eadf15c561195ce465", "number": "6062202231", "date": "2021-01-12 15:01:00", "subject": "2\n", "recorded-or-robo": "Y", "city": "Winchester", "state": "KY", "area-code": "859"}, {"id": "03e293b3df9e35eadf15c561195cdf31", "number": "", "date": "2021-01-24 18:44:00", "subject": "11\n", "recorded-or-robo": "Y", "city": "Fishers", "state": "IN", "area-code": "317"}, {"id": "03e293b3df9e35eadf15c561195cd1b1", "number": "8882804331", "date": "2021-01-24 15:41:00", "subject": "2\n", "recorded-or-robo": "Y", "city": "New York", "state": "NY", "area-code": "718"}, {"id": "03e293b3df9e35eadf15c561195cce54", "number": "8556780909", "date": "2021-01-24 18:34:00", "subject": "16", "recorded-or-robo": "Y", "city": "Ruskin", "state": "FL", "area-code": "813"}, {"id": "03e293b3df9e35eadf15c561195cc865", "number": "3145179470", "date": "2021-01-24 17:18:00", "subject": "2\n", "recorded-or-robo": "Y", "city": "St Louis", "state": "MO", "area-code": "314"}, {"id": "03e293b3df9e35eadf15c561195cbbc3", "number": "4149404577", "date": "2021-01-24 16:46:00", "subject": "11\n", "recorded-or-robo": "Y", "city": "Greendale", "state": "WI", "area-code": "414"}, {"id": "03e293b3df9e35eadf15c561195cb663", "number": "3174966158", "date": "2021-01-24 18:43:00", "subject": "2\n", "recorded-or-robo": "Y", "city": "Fishers", "state": "IN", "area-code": "317"}, {"id": "03e293b3df9e35eadf15c561195cafc6", "number": "2029181056", "date": "2021-01-23 15:02:00", "subject": "8\n", "recorded-or-robo": "Y", "city": "", "state": "MN", "area-code": "763"}, {"id": "03e293b3df9e35eadf15c561195ca891", "number": "3174967384", "date": "2021-01-24 16:54:00", "subject": "2\n", "recorded-or-robo": "Y", "city": "Fishers", "state": "IN", "area-code": "317"}, {"id": "03e293b3df9e35eadf15c561195c9bdb", "number": "9302082112", "date": "2021-01-24 17:20:00", "subject": "7\n", "recorded-or-robo": "Y", "city": "", "state": "IN", "area-code": "930"}, {"id": "03e293b3df9e35eadf15c561195c7bc5", "number": "", "date": "2021-01-23 09:02:00", "subject": "3\n", "recorded-or-robo": "", "city": "", "state": "CO", "area-code": "303"}, {"id": "03e293b3df9e35eadf15c561195c8de2", "number": "4149403377", "date": "2021-01-24 14:00:00", "subject": "2\n", "recorded-or-robo": "Y", "city": "MUKWONAGO", "state": "WI", "area-code": "414"}, {"id": "03e293b3df9e35eadf15c561195c8524", "number": "6604229135", "date": "2021-01-24 16:41:00", "subject": "2\n", "recorded-or-robo": "Y", "city": "", "state": "MO", "area-code": "660"}, {"id": "03e293b3df9e35eadf15c561195c78e0", "number": "3174969058", "date": "2021-01-24 17:27:00", "subject": "2\n", "recorded-or-robo": "Y", "city": "Fishers", "state": "IN", "area-code": "317"}, {"id": "03e293b3df9e35eadf15c561195c7776", "number": "4149437023", "date": "2021-01-24 05:40:00", "subject": "11\n", "recorded-or-robo": "Y", "city": "West Allis", "state": "WI", "area-code": "414"}, {"id": "03e293b3df9e35eadf15c561195c6d49", "number": "3105048036", "date": "2021-01-20 13:27:00", "subject": "2\n", "recorded-or-robo": "Y", "city": "", "state": "CA", "area-code": "310"}, {"id": "03e293b3df9e35eadf15c561195c62ca", "number": "5595963906", "date": "2021-01-23 12:29:00", "subject": "0\n", "recorded-or-robo": "Y", "city": "", "state": "CA", "area-code": "310"}, {"id": "03e293b3df9e35eadf15c561195c571c", "number": "6612148838", "date": "2021-01-24 17:41:00", "subject": "0\n", "recorded-or-robo": "Y", "city": "", "state": "FL", "area-code": "941"}, {"id": "03e293b3df9e35eadf15c561195c496d", "number": "3174963841", "date": "2021-01-24 18:21:00", "subject": "2\n", "recorded-or-robo": "Y", "city": "Fishers", "state": "IN", "area-code": "317"}, {"id": "03e293b3df9e35eadf15c561195c3f47", "number": "5628189755", "date": "2021-01-24 15:00:00", "subject": "3\n", "recorded-or-robo": "Y", "city": "", "state": "CA", "area-code": "562"}, {"id": "03e293b3df9e35eadf15c561195c39e8", "number": "3174963441", "date": "2021-01-24 18:36:00", "subject": "2\n", "recorded-or-robo": "Y", "city": "Fishers", "state": "IN", "area-code": "317"}, {"id": "03e293b3df9e35eadf15c561195c354d", "number": "9736217199", "date": "2021-01-24 18:34:00", "subject": "2\n", "recorded-or-robo": "Y", "city": "", "state": "NJ", "area-code": "973"}, {"id": "03e293b3df9e35eadf15c561195c31e1", "number": "9894826626", "date": "2021-01-24 18:26:00", "subject": "0\n", "recorded-or-robo": "Y", "city": "", "state": "MI", "area-code": "989"}, {"id": "03e293b3df9e35eadf15c561195c2a43", "number": "5628189755", "date": "2021-01-24 15:29:00", "subject": "2\n", "recorded-or-robo": "Y", "city": "", "state": "CA", "area-code": "562"}, {"id": "03e293b3df9e35eadf15c561195c22d9", "number": "8641798355", "date": "2021-01-24 17:00:00", "subject": "2\n", "recorded-or-robo": "N", "city": "Northwood", "state": "NH", "area-code": "978"}, {"id": "03e293b3df9e35eadf15c561195c153e", "number": "4097912273", "date": "2021-01-24 16:17:00", "subject": "11\n", "recorded-or-robo": "Y", "city": "", "state": "TX", "area-code": "409"}, {"id": "03e293b3df9e35eadf15c561195c1321", "number": "", "date": "2021-01-24 17:30:00", "subject": "2\n", "recorded-or-robo": "N", "city": "Reeds Spring", "state": "MO", "area-code": "417"}, {"id": "03e293b3df9e35eadf15c561195c0553", "number": "2012380471", "date": "2021-01-19 14:09:00", "subject": "2\n", "recorded-or-robo": "", "city": "Hasbrouck Heights", "state": "NJ", "area-code": "201"}, {"id": "03e293b3df9e35eadf15c561195c0330", "number": "4809248404", "date": "2021-01-22 18:11:00", "subject": "13\n", "recorded-or-robo": "Y", "city": "Tempe", "state": "AZ", "area-code": "520"}, {"id": "03e293b3df9e35eadf15c561195c02d0", "number": "9894829296", "date": "2021-01-24 17:38:00", "subject": "2\n", "recorded-or-robo": "Y", "city": "", "state": "MI", "area-code": "989"}, {"id": "03e293b3df9e35eadf15c561195bf4ef", "number": "2012499252", "date": "2021-01-19 14:10:00", "subject": "2\n", "recorded-or-robo": "", "city": "Hasbrouck Heights", "state": "NJ", "area-code": "201"}, {"id": "03e293b3df9e35eadf15c561195bdbfd", "number": "5038585204", "date": "2021-01-20 10:44:00", "subject": "3\n", "recorded-or-robo": "", "city": "", "state": "OR", "area-code": "503"}, {"id": "03e293b3df9e35eadf15c561195beed3", "number": "2012941739", "date": "2021-01-19 15:10:00", "subject": "2\n", "recorded-or-robo": "", "city": "Hasbrouck Heights", "state": "NJ", "area-code": "201"}]}