{"data": [{"id": "03e293b3df9e35eadf15c5611960b3d2", "number": "8189584512", "date": "2021-01-20 09:23:00", "subject": "2\n", "recorded-or-robo": "Y", "city": "Granada Hills", "state": "CA", "area-code": "818"}, {"id": "03e293b3df9e35eadf15c5611960a573", "number": "3343125635", "date": "2021-01-24 17:57:00", "subject": "1\n", "recorded-or-robo": "Y", "city": "", "state": "AL", "area-code": "334"}, {"id": "03e293b3df9e35eadf15c56119609968", "number": "2814179872", "date": "2021-01-22 12:40:00", "subject": "2\n", "recorded-or-robo": "Y", "city": "Dallas", "state": "TX", "area-code": "817"}, {"id": "03e293b3df9e35eadf15c5611960972d", "number": "8478028388", "date": "2021-01-24 12:45:00", "subject": "15\n", "recorded-or-robo": "Y", "city": "", "state": "", "area-code": "646"}, {"id": "03e293b3df9e35eadf15c56119609102", "number": "5092335201", "date": "2021-01-24 16:10:00", "subject": "2\n", "recorded-or-robo": "Y", "city": "LOON LAKE", "state": "WA", "area-code": "509"}, {"id": "03e293b3df9e35eadf15c5611960905e", "number": "2763303499", "date": "2021-01-19 12:58:00", "subject": "2\n", "recorded-or-robo": "Y", "city": "Alexandria", "state": "VA", "area-code": "703"}, {"id": "03e293b3df9e35eadf15c5611960813e", "number": "3343142202", "date": "2021-01-24 16:30:00", "subject": "1\n", "recorded-or-robo": "Y", "city": "", "state": "AL", "area-code": "334"}, {"id": "03e293b3df9e35eadf15c561196080c5", "number": "9493590393", "date": "2021-01-24 11:39:00", "subject": "0\n", "recorded-or-robo": "N", "city": "Lansing", "state": "KS", "area-code": "913"}, {"id": "03e293b3df9e35eadf15c56119608078", "number": "6822060747", "date": "2021-01-22 16:54:00", "subject": "2\n", "recorded-or-robo": "Y", "city": "Dallas", "state": "TX", "area-code": "817"}, {"id": "03e293b3df9e35eadf15c5611960744b", "number": "8507362950", "date": "2021-01-24 00:00:00", "subject": "2\n", "recorded-or-robo": "N", "city": "", "state": "IL", "area-code": "630"}, {"id": "03e293b3df9e35eadf15c5611960678c", "number": "3162741042", "date": "2020-12-14 09:21:00", "subject": "2\n", "recorded-or-robo": "", "city": "", "state": "KS", "area-code": "316"}, {"id": "03e293b3df9e35eadf15c56119606145", "number": "5625964138", "date": "2021-01-24 14:02:00", "subject": "2\n", "recorded-or-robo": "Y", "city": "", "state": "CA", "area-code": "562"}, {"id": "03e293b3df9e35eadf15c56119605248", "number": "8188426846", "date": "2021-01-20 09:50:00", "subject": "2\n", "recorded-or-robo": "Y", "city": "Granada Hills", "state": "CA", "area-code": "818"}, {"id": "03e293b3df9e35eadf15c56119604c2c", "number": "9894847109", "date": "2021-01-24 19:00:00", "subject": "11\n", "recorded-or-robo": "Y", "city": "Millington", "state": "MI", "area-code": "989"}, {"id": "03e293b3df9e35eadf15c56119604442", "number": "8449741793", "date": "2021-01-24 12:00:00", "subject": "2\n", "recorded-or-robo": "Y", "city": "Lake Oswego", "state": "OR", "area-code": "503"}, {"id": "03e293b3df9e35eadf15c56119604243", "number": "3144283286", "date": "2021-01-24 06:12:00", "subject": "4\n", "recorded-or-robo": "Y", "city": "St. Louis", "state": "MO", "area-code": "314"}, {"id": "03e293b3df9e35eadf15c5611960355a", "number": "2143934957", "date": "2021-01-22 16:54:00", "subject": "2\n", "recorded-or-robo": "Y", "city": "Dallas", "state": "TX", "area-code": "817"}, {"id": "03e293b3df9e35eadf15c561196032e2", "number": "8605063562", "date": "2021-01-24 18:30:00", "subject": "2\n", "recorded-or-robo": "Y", "city": "Luverne", "state": "MN", "area-code": "507"}, {"id": "03e293b3df9e35eadf15c56119602f9e", "number": "6157523576", "date": "2021-01-24 18:00:00", "subject": "2\n", "recorded-or-robo": "", "city": "FESTUS", "state": "MO", "area-code": "314"}, {"id": "03e293b3df9e35eadf15c56119602077", "number": "8182482685", "date": "2021-01-20 11:37:00", "subject": "2\n", "recorded-or-robo": "Y", "city": "Granada Hills", "state": "CA", "area-code": "818"}, {"id": "03e293b3df9e35eadf15c561196015e9", "number": "4103644126", "date": "2021-01-24 18:45:00", "subject": "0\n", "recorded-or-robo": "", "city": "Annapolis", "state": "MD", "area-code": "410"}, {"id": "03e293b3df9e35eadf15c5611960062b", "number": "2143934957", "date": "2021-01-23 09:39:00", "subject": "2\n", "recorded-or-robo": "Y", "city": "Dallas", "state": "TX", "area-code": "214"}, {"id": "03e293b3df9e35eadf15c561195ff7bc", "number": "4012148349", "date": "2021-01-22 00:00:00", "subject": "11\n", "recorded-or-robo": "Y", "city": "", "state": "RI", "area-code": "401"}, {"id": "03e293b3df9e35eadf15c561195fedaf", "number": "8182086013", "date": "2021-01-20 11:40:00", "subject": "2\n", "recorded-or-robo": "Y", "city": "Granada Hills", "state": "CA", "area-code": "818"}, {"id": "03e293b3df9e35eadf15c561195fe8ed", "number": "4103768119", "date": "2021-01-24 18:36:00", "subject": "0\n", "recorded-or-robo": "", "city": "Annapolis", "state": "MD", "area-code": "410"}, {"id": "03e293b3df9e35eadf15c561195fd9f6", "number": "3023878706", "date": "2021-01-18 16:50:00", "subject": "2\n", "recorded-or-robo": "Y", "city": "Alexandria", "state": "VA", "area-code": "703"}, {"id": "03e293b3df9e35eadf15c561195fd006", "number": "8182085468", "date": "2021-01-21 15:43:00", "subject": "2\n", "recorded-or-robo": "Y", "city": "Granada Hills", "state": "CA", "area-code": "818"}, {"id": "03e293b3df9e35eadf15c561195fc7e4", "number": "6085647782", "date": "2021-01-24 18:19:00", "subject": "2\n", "recorded-or-robo": "Y", "city": "Arkdale", "state": "WI", "area-code": "608"}, {"id": "03e293b3df9e35eadf15c561195fc2ed", "number": "8188413712", "date": "2021-01-20 17:10:00", "subject": "2\n", "recorded-or-robo": "Y", "city": "Granada Hills", "state": "CA", "area-code": "818"}, {"id": "03e293b3df9e35eadf15c561195fb650", "number": "9495831458", "date": "2021-01-24 15:34:00", "subject": "3\n", "recorded-or-robo": "N", "city": "", "state": "CA", "area-code": "949"}, {"id": "03e293b3df9e35eadf15c561195fad42", "number": "8189379353", "date": "2021-01-20 17:20:00", "subject": "2\n", "recorded-or-robo": "Y", "city": "Granada Hills", "state": "CA", "area-code": "818"}, {"id": "03e293b3df9e35eadf15c561195f84c6", "number": "8556786277", "date": "2021-01-24 00:00:00", "subject": "3\n", "recorded-or-robo": "", "city": "", "state": "MO", "area-code": "660"}, {"id": "03e293b3df9e35eadf15c561195f9f51", "number": "5626920434", "date": "2021-01-21 12:24:00", "subject": "2\n", "recorded-or-robo": "Y", "city": "", "state": "CA", "area-code": "562"}, {"id": "03e293b3df9e35eadf15c561195f9df5", "number": "", "date": "2021-01-23 15:06:00", "subject": "4\n", "recorded-or-robo": "N", "city": "Arkdale", "state": "WI", "area-code": "608"}, {"id": "03e293b3df9e35eadf15c561195f9774", "number": "8556786129", "date": "2021-01-24 02:56:00", "subject": "1\n", "recorded-or-robo": "Y", "city": "Anderson", "state": "IN", "area-code": "317"}, {"id": "03e293b3df9e35eadf15c561195f940a", "number": "3152328257", "date": "2021-01-24 16:51:00", "subject": "1\n", "recorded-or-robo": "Y", "city": "O'Fallon", "state": "MO", "area-code": "314"}, {"id": "03e293b3df9e35eadf15c561195f69b2", "number": "9496541856", "date": "2021-01-23 10:13:00", "subject": "3\n", "recorded-or-robo": "N", "city": "", "state": "CA", "area-code": "949"}, {"id": "03e293b3df9e35eadf15c561195f8d87", "number": "6085647782", "date": "2021-01-24 21:15:00", "subject": "2\n", "recorded-or-robo": "Y", "city": "Arkdale", "state": "WI", "area-code": "608"}, {"id": "03e293b3df9e35eadf15c561195f86fa", "number": "3143087385", "date": "2021-01-21 07:19:00", "subject": "1\n", "recorded-or-robo": "Y", "city": "", "state": "MO", "area-code": "314"}, {"id": "03e293b3df9e35eadf15c561195f7987", "number": "4422375653", "date": "2021-01-21 10:26:00", "subject": "2\n", "recorded-or-robo": "Y", "city": "Granada Hills", "state": "CA", "area-code": "818"}, {"id": "03e293b3df9e35eadf15c561195f5c3c", "number": "", "date": "2021-01-24 12:00:00", "subject": "3\n", "recorded-or-robo": "Y", "city": "Eudora", "state": "KS", "area-code": "855"}, {"id": "03e293b3df9e35eadf15c561195f4f69", "number": "4149433351", "date": "2021-01-24 17:56:00", "subject": "11\n", "recorded-or-robo": "Y", "city": "West Allis", "state": "WI", "area-code": "414"}, {"id": "03e293b3df9e35eadf15c561195f4f1c", "number": "8183534649", "date": "2021-01-21 11:07:00", "subject": "2\n", "recorded-or-robo": "Y", "city": "Granada Hills", "state": "CA", "area-code": "818"}, {"id": "03e293b3df9e35eadf15c561195f4c41", "number": "4149432705", "date": "2021-01-24 18:13:00", "subject": "11\n", "recorded-or-robo": "Y", "city": "West Allis", "state": "WI", "area-code": "414"}, {"id": "03e293b3df9e35eadf15c561195f4332", "number": "24314355892", "date": "2021-01-21 16:51:00", "subject": "1\n", "recorded-or-robo": "Y", "city": "", "state": "NC", "area-code": "931"}, {"id": "03e293b3df9e35eadf15c561195f4249", "number": "3477721388", "date": "2021-01-20 00:00:00", "subject": "3\n", "recorded-or-robo": "Y", "city": "", "state": "NY", "area-code": "845"}, {"id": "03e293b3df9e35eadf15c561195f3ddb", "number": "8188436815", "date": "2021-01-21 12:06:00", "subject": "2\n", "recorded-or-robo": "Y", "city": "Granada Hills", "state": "CA", "area-code": "818"}, {"id": "03e293b3df9e35eadf15c561195f3889", "number": "8036305586", "date": "2021-01-23 11:02:00", "subject": "2\n", "recorded-or-robo": "Y", "city": "Lonaconing", "state": "MD", "area-code": "240"}, {"id": "03e293b3df9e35eadf15c561195f37ee", "number": "5628630949", "date": "2021-01-21 10:21:00", "subject": "2\n", "recorded-or-robo": "Y", "city": "", "state": "CA", "area-code": "562"}, {"id": "03e293b3df9e35eadf15c561195f2b6e", "number": "78791979534", "date": "2021-01-22 13:26:00", "subject": "1\n", "recorded-or-robo": "Y", "city": "", "state": "NC", "area-code": "931"}]}