{"data": [{"id": "03e293b3df9e35eadf15c5611966b17f", "number": "8608699037", "date": "2021-01-23 15:53:00", "subject": "6\n", "recorded-or-robo": "N", "city": "Groton", "state": "CT", "area-code": "860"}, {"id": "03e293b3df9e35eadf15c5611966a639", "number": "8185627681", "date": "2021-01-21 15:04:00", "subject": "2\n", "recorded-or-robo": "Y", "city": "Calabasas", "state": "CA", "area-code": "818"}, {"id": "03e293b3df9e35eadf15c561196696bc", "number": "3144352035", "date": "2021-01-24 14:12:00", "subject": "11\n", "recorded-or-robo": "Y", "city": "", "state": "MO", "area-code": "314"}, {"id": "03e293b3df9e35eadf15c56119668961", "number": "8183307199", "date": "2021-01-22 11:16:00", "subject": "2\n", "recorded-or-robo": "Y", "city": "Calabasas", "state": "CA", "area-code": "818"}, {"id": "03e293b3df9e35eadf15c56119668752", "number": "3144356874", "date": "2021-01-24 13:37:00", "subject": "11\n", "recorded-or-robo": "Y", "city": "", "state": "MO", "area-code": "314"}, {"id": "03e293b3df9e35eadf15c5611966813e", "number": "5418721470", "date": "2021-01-21 00:00:00", "subject": "2\n", "recorded-or-robo": "Y", "city": "", "state": "NY", "area-code": "646"}, {"id": "03e293b3df9e35eadf15c56119667d12", "number": "8183345879", "date": "2021-01-24 09:34:00", "subject": "2\n", "recorded-or-robo": "Y", "city": "Calabasas", "state": "CA", "area-code": "818"}, {"id": "03e293b3df9e35eadf15c56119667264", "number": "", "date": "2021-01-23 14:05:00", "subject": "1\n", "recorded-or-robo": "Y", "city": "KENNEWICK", "state": "WA", "area-code": "509"}, {"id": "03e293b3df9e35eadf15c5611966629f", "number": "3144359279", "date": "2021-01-24 12:48:00", "subject": "11\n", "recorded-or-robo": "Y", "city": "", "state": "MO", "area-code": "314"}, {"id": "03e293b3df9e35eadf15c5611966620b", "number": "8184781625", "date": "2021-01-19 09:53:00", "subject": "2\n", "recorded-or-robo": "Y", "city": "Calabasas", "state": "CA", "area-code": "818"}, {"id": "03e293b3df9e35eadf15c56119665a4b", "number": "4149405322", "date": "2021-01-24 15:29:00", "subject": "11\n", "recorded-or-robo": "Y", "city": "milwaukee", "state": "WI", "area-code": "414"}, {"id": "03e293b3df9e35eadf15c56119664ba3", "number": "6465729562", "date": "2021-01-22 00:00:00", "subject": "2\n", "recorded-or-robo": "Y", "city": "", "state": "NY", "area-code": "646"}, {"id": "03e293b3df9e35eadf15c561196636c1", "number": "6604778698", "date": "2021-01-24 00:00:00", "subject": "3\n", "recorded-or-robo": "", "city": "", "state": "MO", "area-code": "660"}, {"id": "03e293b3df9e35eadf15c561196643fe", "number": "6232633231", "date": "2021-01-20 16:40:00", "subject": "0\n", "recorded-or-robo": "Y", "city": "", "state": "AZ", "area-code": "602"}, {"id": "03e293b3df9e35eadf15c56119663fa1", "number": "3144359865", "date": "2021-01-24 12:00:00", "subject": "11\n", "recorded-or-robo": "Y", "city": "", "state": "MO", "area-code": "314"}, {"id": "03e293b3df9e35eadf15c56119663622", "number": "8014162885", "date": "2021-01-24 14:48:00", "subject": "7\n", "recorded-or-robo": "Y", "city": "Ogden", "state": "GA", "area-code": "912"}, {"id": "03e293b3df9e35eadf15c56119662ba3", "number": "3144352755", "date": "2021-01-24 10:41:00", "subject": "11\n", "recorded-or-robo": "Y", "city": "", "state": "MO", "area-code": "314"}, {"id": "03e293b3df9e35eadf15c56119661f2d", "number": "5205235258", "date": "2021-01-20 10:43:00", "subject": "0\n", "recorded-or-robo": "Y", "city": "", "state": "AZ", "area-code": "602"}, {"id": "03e293b3df9e35eadf15c56119661ed6", "number": "3144357536", "date": "2021-01-24 11:26:00", "subject": "11\n", "recorded-or-robo": "Y", "city": "", "state": "MO", "area-code": "314"}, {"id": "03e293b3df9e35eadf15c561196619d1", "number": "7275287016", "date": "2021-01-24 20:08:00", "subject": "2\n", "recorded-or-robo": "Y", "city": "Saint Petersburg", "state": "FL", "area-code": "727"}, {"id": "03e293b3df9e35eadf15c56119660b4d", "number": "3522680172", "date": "2021-01-23 14:16:00", "subject": "4\n", "recorded-or-robo": "Y", "city": "Alexandria", "state": "VA", "area-code": "703"}, {"id": "03e293b3df9e35eadf15c5611965feb4", "number": "3854213005", "date": "2021-01-24 16:18:00", "subject": "7\n", "recorded-or-robo": "N", "city": "Ogden", "state": "GA", "area-code": "912"}, {"id": "03e293b3df9e35eadf15c5611965fbfd", "number": "5168623388", "date": "2021-01-23 00:00:00", "subject": "2\n", "recorded-or-robo": "Y", "city": "", "state": "NY", "area-code": "646"}, {"id": "03e293b3df9e35eadf15c5611965f136", "number": "9282641043", "date": "2021-01-20 09:10:00", "subject": "0\n", "recorded-or-robo": "Y", "city": "", "state": "AZ", "area-code": "602"}, {"id": "03e293b3df9e35eadf15c5611965e683", "number": "8556987137", "date": "2021-01-24 19:06:00", "subject": "11\n", "recorded-or-robo": "Y", "city": "Hazelwood", "state": "MO", "area-code": "314"}, {"id": "03e293b3df9e35eadf15c5611965db73", "number": "9282206440", "date": "2021-01-19 13:36:00", "subject": "0\n", "recorded-or-robo": "Y", "city": "", "state": "AZ", "area-code": "602"}, {"id": "03e293b3df9e35eadf15c5611965d2ab", "number": "8156753663", "date": "2021-01-21 17:57:00", "subject": "2\n", "recorded-or-robo": "N", "city": "", "state": "IL", "area-code": "815"}, {"id": "03e293b3df9e35eadf15c5611965d07b", "number": "3854212419", "date": "2021-01-24 18:04:00", "subject": "7\n", "recorded-or-robo": "Y", "city": "Ogden", "state": "UT", "area-code": "912"}, {"id": "03e293b3df9e35eadf15c5611965cd20", "number": "8188420384", "date": "2021-01-17 09:25:00", "subject": "2\n", "recorded-or-robo": "Y", "city": "Calabasas", "state": "CA", "area-code": "818"}, {"id": "03e293b3df9e35eadf15c5611965c6af", "number": "6465727906", "date": "2021-01-22 00:00:00", "subject": "2\n", "recorded-or-robo": "Y", "city": "", "state": "NY", "area-code": "646"}, {"id": "03e293b3df9e35eadf15c5611965b9d4", "number": "8556782423", "date": "2021-01-24 19:07:00", "subject": "2\n", "recorded-or-robo": "Y", "city": "Carol Stream", "state": "IL", "area-code": "630"}, {"id": "03e293b3df9e35eadf15c5611965aca9", "number": "3144356816", "date": "2021-01-24 19:00:00", "subject": "11\n", "recorded-or-robo": "Y", "city": "Saint Louis", "state": "MO", "area-code": "314"}, {"id": "03e293b3df9e35eadf15c56119659fce", "number": "3144355181", "date": "2021-01-24 11:05:00", "subject": "11\n", "recorded-or-robo": "Y", "city": "", "state": "MO", "area-code": "314"}, {"id": "03e293b3df9e35eadf15c56119659c84", "number": "8159643661", "date": "2021-01-22 09:47:00", "subject": "2\n", "recorded-or-robo": "N", "city": "", "state": "IL", "area-code": "815"}, {"id": "03e293b3df9e35eadf15c561196597ad", "number": "8185667475", "date": "2021-01-16 12:08:00", "subject": "2\n", "recorded-or-robo": "Y", "city": "Calabasas", "state": "CA", "area-code": "818"}, {"id": "03e293b3df9e35eadf15c5611965926f", "number": "5205955119", "date": "2021-01-15 17:28:00", "subject": "0\n", "recorded-or-robo": "Y", "city": "", "state": "AZ", "area-code": "602"}, {"id": "03e293b3df9e35eadf15c5611965882e", "number": "3144404039", "date": "2021-01-24 00:00:00", "subject": "2\n", "recorded-or-robo": "Y", "city": "", "state": "MO", "area-code": "314"}, {"id": "03e293b3df9e35eadf15c56119657da5", "number": "4697976661", "date": "2021-01-24 10:37:00", "subject": "1\n", "recorded-or-robo": "Y", "city": "", "state": "CA", "area-code": "916"}, {"id": "03e293b3df9e35eadf15c56119657d93", "number": "8154637020", "date": "2021-01-22 09:32:00", "subject": "2\n", "recorded-or-robo": "N", "city": "", "state": "IL", "area-code": "815"}, {"id": "03e293b3df9e35eadf15c56119657341", "number": "8189638698", "date": "2021-01-15 15:30:00", "subject": "2\n", "recorded-or-robo": "Y", "city": "Calabasas", "state": "CA", "area-code": "818"}, {"id": "03e293b3df9e35eadf15c56119656c25", "number": "8664763643", "date": "2021-01-05 14:59:00", "subject": "1\n", "recorded-or-robo": "N", "city": "Apex", "state": "NC", "area-code": "919"}, {"id": "03e293b3df9e35eadf15c56119656be2", "number": "6465727906", "date": "2021-01-23 00:00:00", "subject": "2\n", "recorded-or-robo": "Y", "city": "", "state": "NY", "area-code": "646"}, {"id": "03e293b3df9e35eadf15c561196560a0", "number": "6029755333", "date": "2021-01-14 17:18:00", "subject": "0\n", "recorded-or-robo": "Y", "city": "", "state": "AZ", "area-code": "602"}, {"id": "03e293b3df9e35eadf15c561196559f0", "number": "6303898498", "date": "2021-01-22 10:40:00", "subject": "2\n", "recorded-or-robo": "N", "city": "", "state": "IL", "area-code": "815"}, {"id": "03e293b3df9e35eadf15c56119654f38", "number": "9282206440", "date": "2021-01-14 15:35:00", "subject": "0\n", "recorded-or-robo": "Y", "city": "", "state": "AZ", "area-code": "602"}, {"id": "03e293b3df9e35eadf15c56119654ca3", "number": "8188878568", "date": "2021-01-15 15:46:00", "subject": "2\n", "recorded-or-robo": "Y", "city": "Calabasas", "state": "CA", "area-code": "818"}, {"id": "03e293b3df9e35eadf15c56119654c69", "number": "3527353313", "date": "2021-01-22 14:42:00", "subject": "2\n", "recorded-or-robo": "N", "city": "", "state": "IL", "area-code": "815"}, {"id": "03e293b3df9e35eadf15c56119654a28", "number": "60255091607", "date": "2021-01-13 19:07:00", "subject": "0\n", "recorded-or-robo": "Y", "city": "", "state": "AZ", "area-code": "602"}, {"id": "03e293b3df9e35eadf15c56119654574", "number": "3144404580", "date": "2021-01-24 19:00:00", "subject": "1\n", "recorded-or-robo": "Y", "city": "St louis", "state": "MO", "area-code": "314"}, {"id": "03e293b3df9e35eadf15c561196543f4", "number": "8187769232", "date": "2021-01-14 13:50:00", "subject": "2\n", "recorded-or-robo": "Y", "city": "Calabasas", "state": "CA", "area-code": "818"}]}