{"data": [{"id": "3decc6bfadaa436a105714c6baa8b456", "number": "3347391387", "date": "2021-01-22 10:14:00", "subject": "2", "recorded-or-robo": "", "city": "Eclectic", "state": "AL", "area-code": "334"}, {"id": "03e293b3df9e35eadf15c561193eb124", "number": "3347391387", "date": "2021-01-22 10:14:00", "subject": "2", "recorded-or-robo": "", "city": "Eclectic", "state": "AL", "area-code": "334"}, {"id": "3decc6bfadaa436a105714c6baa8aac7", "number": "5176889494", "date": "2021-01-24 13:50:00", "subject": "1", "recorded-or-robo": "N", "city": "Fremont", "state": "IN", "area-code": "260"}, {"id": "03e293b3df9e35eadf15c561193eac1d", "number": "5176889494", "date": "2021-01-24 13:50:00", "subject": "1", "recorded-or-robo": "N", "city": "Fremont", "state": "IN", "area-code": "260"}, {"id": "3decc6bfadaa436a105714c6baa8a553", "number": "9258913327", "date": "2021-01-21 10:17:00", "subject": "2", "recorded-or-robo": "Y", "city": "LOS ALTOS", "state": "CA", "area-code": "650"}, {"id": "03e293b3df9e35eadf15c561193eab85", "number": "9258913327", "date": "2021-01-21 10:17:00", "subject": "2", "recorded-or-robo": "Y", "city": "LOS ALTOS", "state": "CA", "area-code": "650"}, {"id": "3decc6bfadaa436a105714c6baa8a0a6", "number": "989059697440", "date": "2020-05-10 12:00:00", "subject": "15", "recorded-or-robo": "Y", "city": "semnan", "state": "", "area-code": ""}, {"id": "03e293b3df9e35eadf15c561193e9c6f", "number": "989059697440", "date": "2020-05-10 12:00:00", "subject": "15", "recorded-or-robo": "Y", "city": "semnan", "state": "", "area-code": ""}, {"id": "3decc6bfadaa436a105714c6baa89508", "number": "8002103534", "date": "2021-01-23 09:06:00", "subject": "2", "recorded-or-robo": "Y", "city": "", "state": "AZ", "area-code": "520"}, {"id": "03e293b3df9e35eadf15c561193e941b", "number": "8002103534", "date": "2021-01-23 09:06:00", "subject": "2", "recorded-or-robo": "Y", "city": "", "state": "AZ", "area-code": "520"}, {"id": "3decc6bfadaa436a105714c6baa89340", "number": "9416270555", "date": "2021-01-23 17:14:00", "subject": "2", "recorded-or-robo": "Y", "city": "", "state": "FL", "area-code": "941"}, {"id": "03e293b3df9e35eadf15c561193e8764", "number": "9416270555", "date": "2021-01-23 17:14:00", "subject": "2", "recorded-or-robo": "Y", "city": "", "state": "FL", "area-code": "941"}, {"id": "3decc6bfadaa436a105714c6baa8919f", "number": "6505676224", "date": "2021-01-22 11:21:00", "subject": "2", "recorded-or-robo": "Y", "city": "LOS ALTOS", "state": "CA", "area-code": "650"}, {"id": "03e293b3df9e35eadf15c561193e81cc", "number": "6505676224", "date": "2021-01-22 11:21:00", "subject": "2", "recorded-or-robo": "Y", "city": "LOS ALTOS", "state": "CA", "area-code": "650"}, {"id": "3decc6bfadaa436a105714c6baa883a4", "number": "3152328257", "date": "2021-01-23 12:00:00", "subject": "11", "recorded-or-robo": "Y", "city": "Yakima", "state": "WA", "area-code": "509"}, {"id": "3decc6bfadaa436a105714c6baa87e52", "number": "3347391387", "date": "2021-01-22 11:50:00", "subject": "2", "recorded-or-robo": "", "city": "Eclectic", "state": "AL", "area-code": "334"}, {"id": "03e293b3df9e35eadf15c561193e7dee", "number": "3152328257", "date": "2021-01-23 12:00:00", "subject": "11", "recorded-or-robo": "Y", "city": "Yakima", "state": "WA", "area-code": "509"}, {"id": "03e293b3df9e35eadf15c561193e7dd5", "number": "3347391387", "date": "2021-01-22 11:50:00", "subject": "2", "recorded-or-robo": "", "city": "Eclectic", "state": "AL", "area-code": "334"}, {"id": "3decc6bfadaa436a105714c6baa87871", "number": "2018908611", "date": "2021-01-22 16:12:00", "subject": "0", "recorded-or-robo": "Y", "city": "", "state": "NJ", "area-code": "201"}, {"id": "03e293b3df9e35eadf15c561193e7820", "number": "2018908611", "date": "2021-01-22 16:12:00", "subject": "0", "recorded-or-robo": "Y", "city": "", "state": "NJ", "area-code": "201"}, {"id": "3decc6bfadaa436a105714c6baa86f3a", "number": "6312033821", "date": "2021-01-20 16:54:00", "subject": "0", "recorded-or-robo": "N", "city": "N. Babylon", "state": "NY", "area-code": "631"}, {"id": "03e293b3df9e35eadf15c561193e755b", "number": "6312033821", "date": "2021-01-20 16:54:00", "subject": "0", "recorded-or-robo": "N", "city": "N. Babylon", "state": "NY", "area-code": "631"}, {"id": "3decc6bfadaa436a105714c6baa8679b", "number": "4089905840", "date": "2021-01-23 10:39:00", "subject": "2", "recorded-or-robo": "Y", "city": "LOS ALTOS", "state": "CA", "area-code": "650"}, {"id": "03e293b3df9e35eadf15c561193e657a", "number": "4089905840", "date": "2021-01-23 10:39:00", "subject": "2", "recorded-or-robo": "Y", "city": "LOS ALTOS", "state": "CA", "area-code": "650"}, {"id": "3decc6bfadaa436a105714c6baa85d0f", "number": "6603514155", "date": "2021-01-24 12:48:00", "subject": "2", "recorded-or-robo": "Y", "city": "", "state": "MO", "area-code": "660"}, {"id": "03e293b3df9e35eadf15c561193e63e4", "number": "6603514155", "date": "2021-01-24 12:48:00", "subject": "2", "recorded-or-robo": "Y", "city": "", "state": "MO", "area-code": "660"}, {"id": "3decc6bfadaa436a105714c6baa856ea", "number": "3345881341", "date": "2021-01-22 12:08:00", "subject": "2", "recorded-or-robo": "", "city": "Eclectic", "state": "AL", "area-code": "334"}, {"id": "03e293b3df9e35eadf15c561193e5eaf", "number": "3345881341", "date": "2021-01-22 12:08:00", "subject": "2", "recorded-or-robo": "", "city": "Eclectic", "state": "AL", "area-code": "334"}, {"id": "3decc6bfadaa436a105714c6baa8558d", "number": "", "date": "2021-01-22 12:00:00", "subject": "1", "recorded-or-robo": "Y", "city": "New Carlisle", "state": "IN", "area-code": "574"}, {"id": "03e293b3df9e35eadf15c561193e4f14", "number": "", "date": "2021-01-22 12:00:00", "subject": "1", "recorded-or-robo": "Y", "city": "New Carlisle", "state": "IN", "area-code": "574"}, {"id": "3decc6bfadaa436a105714c6baa846cd", "number": "3362760755", "date": "2021-01-20 19:24:00", "subject": "0", "recorded-or-robo": "N", "city": "N. Babylon", "state": "NY", "area-code": "631"}, {"id": "03e293b3df9e35eadf15c561193e407c", "number": "3362760755", "date": "2021-01-20 19:24:00", "subject": "0", "recorded-or-robo": "N", "city": "N. Babylon", "state": "NY", "area-code": "631"}, {"id": "3decc6bfadaa436a105714c6baa841db", "number": "6363236702", "date": "2021-01-15 15:22:00", "subject": "0", "recorded-or-robo": "Y", "city": "", "state": "MO", "area-code": "636"}, {"id": "03e293b3df9e35eadf15c561193e3839", "number": "6363236702", "date": "2021-01-15 15:22:00", "subject": "0", "recorded-or-robo": "Y", "city": "", "state": "MO", "area-code": "636"}, {"id": "3decc6bfadaa436a105714c6baa83f78", "number": "", "date": "2021-01-24 09:34:00", "subject": "11", "recorded-or-robo": "Y", "city": "Roseburg", "state": "OR", "area-code": "509"}, {"id": "03e293b3df9e35eadf15c561193e28f8", "number": "", "date": "2021-01-24 09:34:00", "subject": "11", "recorded-or-robo": "Y", "city": "Roseburg", "state": "OR", "area-code": "509"}, {"id": "3decc6bfadaa436a105714c6baa839ca", "number": "3156260510", "date": "2021-01-22 13:26:00", "subject": "4", "recorded-or-robo": "Y", "city": "New York", "state": "NY", "area-code": "212"}, {"id": "03e293b3df9e35eadf15c561193e2087", "number": "3156260510", "date": "2021-01-22 13:26:00", "subject": "4", "recorded-or-robo": "Y", "city": "New York", "state": "NY", "area-code": "212"}, {"id": "3decc6bfadaa436a105714c6baa82f43", "number": "4155023199", "date": "2021-01-21 08:08:00", "subject": "2", "recorded-or-robo": "Y", "city": "LOS ALTOS", "state": "CA", "area-code": "650"}, {"id": "03e293b3df9e35eadf15c561193e12aa", "number": "4155023199", "date": "2021-01-21 08:08:00", "subject": "2", "recorded-or-robo": "Y", "city": "LOS ALTOS", "state": "CA", "area-code": "650"}, {"id": "3decc6bfadaa436a105714c6baa8221f", "number": "3345131285", "date": "2021-01-22 12:32:00", "subject": "2", "recorded-or-robo": "", "city": "Eclectic", "state": "AL", "area-code": "334"}, {"id": "03e293b3df9e35eadf15c561193e06cc", "number": "3345131285", "date": "2021-01-22 12:32:00", "subject": "2", "recorded-or-robo": "", "city": "Eclectic", "state": "AL", "area-code": "334"}, {"id": "3decc6bfadaa436a105714c6baa81304", "number": "6312033821", "date": "2021-01-21 13:48:00", "subject": "0", "recorded-or-robo": "N", "city": "N. Babylon", "state": "NY", "area-code": "631"}, {"id": "03e293b3df9e35eadf15c561193df96b", "number": "6312033821", "date": "2021-01-21 13:48:00", "subject": "0", "recorded-or-robo": "N", "city": "N. Babylon", "state": "NY", "area-code": "631"}, {"id": "3decc6bfadaa436a105714c6baa80902", "number": "5204152595", "date": "2021-01-23 10:31:00", "subject": "2", "recorded-or-robo": "Y", "city": "", "state": "AZ", "area-code": "520"}, {"id": "03e293b3df9e35eadf15c561193defd3", "number": "5204152595", "date": "2021-01-23 10:31:00", "subject": "2", "recorded-or-robo": "Y", "city": "", "state": "AZ", "area-code": "520"}, {"id": "3decc6bfadaa436a105714c6baa8030b", "number": "537578200", "date": "2021-01-22 07:57:00", "subject": "2", "recorded-or-robo": "Y", "city": "Portland", "state": "OR", "area-code": "503"}, {"id": "03e293b3df9e35eadf15c561193dee68", "number": "537578200", "date": "2021-01-22 07:57:00", "subject": "2", "recorded-or-robo": "Y", "city": "Portland", "state": "OR", "area-code": "503"}, {"id": "3decc6bfadaa436a105714c6baa7fc48", "number": "6072640305", "date": "2021-01-22 15:04:00", "subject": "4", "recorded-or-robo": "Y", "city": "New York", "state": "NY", "area-code": "212"}, {"id": "03e293b3df9e35eadf15c561193de977", "number": "6072640305", "date": "2021-01-22 15:04:00", "subject": "4", "recorded-or-robo": "Y", "city": "New York", "state": "NY", "area-code": "212"}]}