{"data": [{"id": "3decc6bfadaa436a105714c6baa5b45c", "number": "6602989696", "date": "2021-01-24 11:00:00", "subject": "1", "recorded-or-robo": "Y", "city": "Tipton", "state": "MO", "area-code": "660"}, {"id": "03e293b3df9e35eadf15c561193bd920", "number": "6602989696", "date": "2021-01-24 11:00:00", "subject": "1", "recorded-or-robo": "Y", "city": "Tipton", "state": "MO", "area-code": "660"}, {"id": "3decc6bfadaa436a105714c6baa5a7e2", "number": "9292832566", "date": "2020-09-28 19:07:00", "subject": "3", "recorded-or-robo": "Y", "city": "", "state": "NJ", "area-code": "201"}, {"id": "03e293b3df9e35eadf15c561193bd57e", "number": "9292832566", "date": "2020-09-28 19:07:00", "subject": "3", "recorded-or-robo": "Y", "city": "", "state": "NJ", "area-code": "201"}, {"id": "3decc6bfadaa436a105714c6baa5a332", "number": "7272611564", "date": "2021-01-22 10:39:00", "subject": "2", "recorded-or-robo": "Y", "city": "Clearwater", "state": "FL", "area-code": "727"}, {"id": "03e293b3df9e35eadf15c561193bd4fa", "number": "7272611564", "date": "2021-01-22 10:39:00", "subject": "2", "recorded-or-robo": "Y", "city": "Clearwater", "state": "FL", "area-code": "727"}, {"id": "3decc6bfadaa436a105714c6baa5a0c0", "number": "7208991350", "date": "2021-01-24 10:17:00", "subject": "1", "recorded-or-robo": "Y", "city": "Boulder", "state": "CO", "area-code": "303"}, {"id": "03e293b3df9e35eadf15c561193bc744", "number": "7208991350", "date": "2021-01-24 10:17:00", "subject": "1", "recorded-or-robo": "Y", "city": "Boulder", "state": "CO", "area-code": "303"}, {"id": "3decc6bfadaa436a105714c6baa59fe6", "number": "8138504220", "date": "2021-01-22 17:26:00", "subject": "2", "recorded-or-robo": "N", "city": "tampa", "state": "FL", "area-code": "813"}, {"id": "03e293b3df9e35eadf15c561193bb814", "number": "8138504220", "date": "2021-01-22 17:26:00", "subject": "2", "recorded-or-robo": "N", "city": "tampa", "state": "FL", "area-code": "813"}, {"id": "3decc6bfadaa436a105714c6baa59f21", "number": "3522041990", "date": "2021-01-24 07:00:00", "subject": "2", "recorded-or-robo": "N", "city": "", "state": "GA", "area-code": "404"}, {"id": "03e293b3df9e35eadf15c561193baa09", "number": "3522041990", "date": "2021-01-24 07:00:00", "subject": "2", "recorded-or-robo": "N", "city": "", "state": "GA", "area-code": "404"}, {"id": "3decc6bfadaa436a105714c6baa58f34", "number": "", "date": "2021-01-24 11:30:00", "subject": "1", "recorded-or-robo": "Y", "city": "North Grafton", "state": "MA", "area-code": "813"}, {"id": "03e293b3df9e35eadf15c561193ba167", "number": "", "date": "2021-01-24 11:30:00", "subject": "1", "recorded-or-robo": "Y", "city": "North Grafton", "state": "MA", "area-code": "813"}, {"id": "3decc6bfadaa436a105714c6baa58ed6", "number": "3165408336", "date": "2021-01-22 12:24:00", "subject": "2", "recorded-or-robo": "Y", "city": "Clearwater", "state": "FL", "area-code": "727"}, {"id": "03e293b3df9e35eadf15c561193b9f98", "number": "3165408336", "date": "2021-01-22 12:24:00", "subject": "2", "recorded-or-robo": "Y", "city": "Clearwater", "state": "FL", "area-code": "727"}, {"id": "3decc6bfadaa436a105714c6baa58c52", "number": "3152328257", "date": "2021-01-22 12:00:00", "subject": "1", "recorded-or-robo": "Y", "city": "New Carlisle", "state": "IN", "area-code": "574"}, {"id": "03e293b3df9e35eadf15c561193b9702", "number": "3152328257", "date": "2021-01-22 12:00:00", "subject": "1", "recorded-or-robo": "Y", "city": "New Carlisle", "state": "IN", "area-code": "574"}, {"id": "3decc6bfadaa436a105714c6baa58820", "number": "5302328844", "date": "2021-01-21 09:37:00", "subject": "2", "recorded-or-robo": "Y", "city": "LOS ALTOS", "state": "CA", "area-code": "650"}, {"id": "03e293b3df9e35eadf15c561193b9641", "number": "5302328844", "date": "2021-01-21 09:37:00", "subject": "2", "recorded-or-robo": "Y", "city": "LOS ALTOS", "state": "CA", "area-code": "650"}, {"id": "3decc6bfadaa436a105714c6baa585c0", "number": "9542396960", "date": "2021-01-22 14:29:00", "subject": "2", "recorded-or-robo": "Y", "city": "Clearwater", "state": "FL", "area-code": "727"}, {"id": "3decc6bfadaa436a105714c6baa57f02", "number": "3152328257", "date": "2021-01-24 10:03:00", "subject": "11", "recorded-or-robo": "Y", "city": "North Liberty", "state": "IN", "area-code": "574"}, {"id": "3decc6bfadaa436a105714c6baa57e20", "number": "3152328257", "date": "2021-01-24 10:18:00", "subject": "1", "recorded-or-robo": "Y", "city": "SAINT CHARLES", "state": "MO", "area-code": "855"}, {"id": "03e293b3df9e35eadf15c561193b9012", "number": "9542396960", "date": "2021-01-22 14:29:00", "subject": "2", "recorded-or-robo": "Y", "city": "Clearwater", "state": "FL", "area-code": "727"}, {"id": "03e293b3df9e35eadf15c561193b8857", "number": "3152328257", "date": "2021-01-24 10:03:00", "subject": "11", "recorded-or-robo": "Y", "city": "North Liberty", "state": "IN", "area-code": "574"}, {"id": "03e293b3df9e35eadf15c561193b83c6", "number": "3152328257", "date": "2021-01-24 10:18:00", "subject": "1", "recorded-or-robo": "Y", "city": "SAINT CHARLES", "state": "MO", "area-code": "855"}, {"id": "3decc6bfadaa436a105714c6baa57388", "number": "2562008933", "date": "2021-01-24 13:30:00", "subject": "3", "recorded-or-robo": "Y", "city": "", "state": "FL", "area-code": "941"}, {"id": "03e293b3df9e35eadf15c561193b7817", "number": "2562008933", "date": "2021-01-24 13:30:00", "subject": "3", "recorded-or-robo": "Y", "city": "", "state": "FL", "area-code": "941"}, {"id": "3decc6bfadaa436a105714c6baa56e64", "number": "9317163077", "date": "2021-01-22 16:58:00", "subject": "2", "recorded-or-robo": "N", "city": "tampa", "state": "FL", "area-code": "813"}, {"id": "03e293b3df9e35eadf15c561193b6daa", "number": "9317163077", "date": "2021-01-22 16:58:00", "subject": "2", "recorded-or-robo": "N", "city": "tampa", "state": "FL", "area-code": "813"}, {"id": "3decc6bfadaa436a105714c6baa5653b", "number": "6508990026", "date": "2021-01-21 13:48:00", "subject": "2", "recorded-or-robo": "Y", "city": "LOS ALTOS", "state": "CA", "area-code": "650"}, {"id": "03e293b3df9e35eadf15c561193b696b", "number": "6508990026", "date": "2021-01-21 13:48:00", "subject": "2", "recorded-or-robo": "Y", "city": "LOS ALTOS", "state": "CA", "area-code": "650"}, {"id": "3decc6bfadaa436a105714c6baa5606b", "number": "5623060160", "date": "2021-01-21 14:36:00", "subject": "2", "recorded-or-robo": "Y", "city": "LOS ALTOS", "state": "CA", "area-code": "650"}, {"id": "3decc6bfadaa436a105714c6baa5592a", "number": "9103953658", "date": "2021-01-21 10:12:00", "subject": "4", "recorded-or-robo": "Y", "city": "fayetteville", "state": "NC", "area-code": "910"}, {"id": "03e293b3df9e35eadf15c561193b5c83", "number": "5623060160", "date": "2021-01-21 14:36:00", "subject": "2", "recorded-or-robo": "Y", "city": "LOS ALTOS", "state": "CA", "area-code": "650"}, {"id": "03e293b3df9e35eadf15c561193b4e7c", "number": "9103953658", "date": "2021-01-21 10:12:00", "subject": "4", "recorded-or-robo": "Y", "city": "fayetteville", "state": "NC", "area-code": "910"}, {"id": "3decc6bfadaa436a105714c6baa54fc2", "number": "7409644337", "date": "2021-01-24 13:34:00", "subject": "0", "recorded-or-robo": "Y", "city": "Pickerington", "state": "OH", "area-code": "740"}, {"id": "03e293b3df9e35eadf15c561193b40bc", "number": "7409644337", "date": "2021-01-24 13:34:00", "subject": "0", "recorded-or-robo": "Y", "city": "Pickerington", "state": "OH", "area-code": "740"}, {"id": "3decc6bfadaa436a105714c6baa54705", "number": "5052300832", "date": "2021-01-22 14:41:00", "subject": "6", "recorded-or-robo": "Y", "city": "Clearwater", "state": "FL", "area-code": "727"}, {"id": "3decc6bfadaa436a105714c6baa53927", "number": "6154065328", "date": "2021-01-24 11:24:00", "subject": "2", "recorded-or-robo": "Y", "city": "Zephyrhills", "state": "FL", "area-code": "813"}, {"id": "03e293b3df9e35eadf15c561193b352b", "number": "5052300832", "date": "2021-01-22 14:41:00", "subject": "6", "recorded-or-robo": "Y", "city": "Clearwater", "state": "FL", "area-code": "727"}, {"id": "03e293b3df9e35eadf15c561193b338d", "number": "6154065328", "date": "2021-01-24 11:24:00", "subject": "2", "recorded-or-robo": "Y", "city": "Zephyrhills", "state": "FL", "area-code": "813"}, {"id": "3decc6bfadaa436a105714c6baa52fde", "number": "8442049279", "date": "2021-01-24 13:30:00", "subject": "1", "recorded-or-robo": "Y", "city": "", "state": "FL", "area-code": "941"}, {"id": "03e293b3df9e35eadf15c561193b2b04", "number": "8442049279", "date": "2021-01-24 13:30:00", "subject": "1", "recorded-or-robo": "Y", "city": "", "state": "FL", "area-code": "941"}, {"id": "3decc6bfadaa436a105714c6baa526eb", "number": "2542712755", "date": "2021-01-23 09:21:00", "subject": "2", "recorded-or-robo": "N", "city": "tampa", "state": "FL", "area-code": "813"}, {"id": "03e293b3df9e35eadf15c561193b1b9b", "number": "2542712755", "date": "2021-01-23 09:21:00", "subject": "2", "recorded-or-robo": "N", "city": "tampa", "state": "FL", "area-code": "813"}, {"id": "3decc6bfadaa436a105714c6baa51dde", "number": "3308241243", "date": "2021-01-24 12:23:00", "subject": "3", "recorded-or-robo": "N", "city": "", "state": "OH", "area-code": "330"}, {"id": "03e293b3df9e35eadf15c561193b0e7d", "number": "3308241243", "date": "2021-01-24 12:23:00", "subject": "3", "recorded-or-robo": "N", "city": "", "state": "OH", "area-code": "330"}, {"id": "3decc6bfadaa436a105714c6baa51928", "number": "5043696727", "date": "2021-01-22 08:13:00", "subject": "2", "recorded-or-robo": "Y", "city": "LOS ALTOS", "state": "CA", "area-code": "650"}, {"id": "03e293b3df9e35eadf15c561193b0086", "number": "5043696727", "date": "2021-01-22 08:13:00", "subject": "2", "recorded-or-robo": "Y", "city": "LOS ALTOS", "state": "CA", "area-code": "650"}]}