{"data": [{"id": "3decc6bfadaa436a105714c6bab4d4eb", "number": "8801700741870", "date": "2021-01-23 13:06:00", "subject": "1", "recorded-or-robo": "Y", "city": "FERGUSON", "state": "MO", "area-code": "314"}, {"id": "03e293b3df9e35eadf15c561194b497e", "number": "8801700741870", "date": "2021-01-23 13:06:00", "subject": "1", "recorded-or-robo": "Y", "city": "FERGUSON", "state": "MO", "area-code": "314"}, {"id": "3decc6bfadaa436a105714c6bab4ca12", "number": "01242021", "date": "2021-01-24 14:30:00", "subject": "1", "recorded-or-robo": "Y", "city": "Fayette", "state": "MO", "area-code": "660"}, {"id": "03e293b3df9e35eadf15c561194b3a87", "number": "01242021", "date": "2021-01-24 14:30:00", "subject": "1", "recorded-or-robo": "Y", "city": "Fayette", "state": "MO", "area-code": "660"}, {"id": "3decc6bfadaa436a105714c6bab4c2d2", "number": "7275777815", "date": "2021-01-24 12:00:00", "subject": "1", "recorded-or-robo": "Y", "city": "Saint Petersburg", "state": "FL", "area-code": "727"}, {"id": "03e293b3df9e35eadf15c561194b3a45", "number": "7275777815", "date": "2021-01-24 12:00:00", "subject": "1", "recorded-or-robo": "Y", "city": "Saint Petersburg", "state": "FL", "area-code": "727"}, {"id": "3decc6bfadaa436a105714c6bab4bbb2", "number": "3177483924", "date": "2021-01-16 17:16:00", "subject": "1", "recorded-or-robo": "Y", "city": "Indianapolis", "state": "IN", "area-code": "317"}, {"id": "03e293b3df9e35eadf15c561194b38ca", "number": "3177483924", "date": "2021-01-16 17:16:00", "subject": "1", "recorded-or-robo": "Y", "city": "Indianapolis", "state": "IN", "area-code": "317"}, {"id": "3decc6bfadaa436a105714c6bab4b34b", "number": "3022625820", "date": "2021-01-24 15:34:00", "subject": "2", "recorded-or-robo": "N", "city": "Newark", "state": "DE", "area-code": "302"}, {"id": "03e293b3df9e35eadf15c561194b3289", "number": "3022625820", "date": "2021-01-24 15:34:00", "subject": "2", "recorded-or-robo": "N", "city": "Newark", "state": "DE", "area-code": "302"}, {"id": "3decc6bfadaa436a105714c6bab4aaa9", "number": "6269002435", "date": "2021-01-23 17:53:00", "subject": "1", "recorded-or-robo": "Y", "city": "Conway", "state": "SC", "area-code": "843"}, {"id": "03e293b3df9e35eadf15c561194b3070", "number": "6269002435", "date": "2021-01-23 17:53:00", "subject": "1", "recorded-or-robo": "Y", "city": "Conway", "state": "SC", "area-code": "843"}, {"id": "3decc6bfadaa436a105714c6bab4a236", "number": "", "date": "2021-01-23 13:45:00", "subject": "2", "recorded-or-robo": "N", "city": "", "state": "FL", "area-code": "813"}, {"id": "03e293b3df9e35eadf15c561194b2251", "number": "", "date": "2021-01-23 13:45:00", "subject": "2", "recorded-or-robo": "N", "city": "", "state": "FL", "area-code": "813"}, {"id": "3decc6bfadaa436a105714c6bab4978f", "number": "2232015264", "date": "2021-01-23 20:27:00", "subject": "2", "recorded-or-robo": "N", "city": "", "state": "PA", "area-code": "814"}, {"id": "03e293b3df9e35eadf15c561194b1962", "number": "2232015264", "date": "2021-01-23 20:27:00", "subject": "2", "recorded-or-robo": "N", "city": "", "state": "PA", "area-code": "814"}, {"id": "3decc6bfadaa436a105714c6bab4709b", "number": "6892233943", "date": "2021-01-24 15:36:00", "subject": "3", "recorded-or-robo": "", "city": "", "state": "WV", "area-code": "304"}, {"id": "03e293b3df9e35eadf15c561194ae0b6", "number": "6892233943", "date": "2021-01-24 15:36:00", "subject": "3", "recorded-or-robo": "", "city": "", "state": "WV", "area-code": "304"}, {"id": "3decc6bfadaa436a105714c6bab48e65", "number": "3013290464", "date": "2021-01-20 11:20:00", "subject": "2", "recorded-or-robo": "Y", "city": "", "state": "MD", "area-code": "301"}, {"id": "03e293b3df9e35eadf15c561194b096a", "number": "3013290464", "date": "2021-01-20 11:20:00", "subject": "2", "recorded-or-robo": "Y", "city": "", "state": "MD", "area-code": "301"}, {"id": "3decc6bfadaa436a105714c6bab486b0", "number": "5402990365", "date": "2021-01-24 03:35:00", "subject": "2", "recorded-or-robo": "Y", "city": "", "state": "VA", "area-code": "703"}, {"id": "03e293b3df9e35eadf15c561194b033b", "number": "5402990365", "date": "2021-01-24 03:35:00", "subject": "2", "recorded-or-robo": "Y", "city": "", "state": "VA", "area-code": "703"}, {"id": "3decc6bfadaa436a105714c6bab47d2a", "number": "2567728860", "date": "2021-01-24 14:33:00", "subject": "2", "recorded-or-robo": "N", "city": "", "state": "IA", "area-code": "515"}, {"id": "03e293b3df9e35eadf15c561194af9f9", "number": "2567728860", "date": "2021-01-24 14:33:00", "subject": "2", "recorded-or-robo": "N", "city": "", "state": "IA", "area-code": "515"}, {"id": "3decc6bfadaa436a105714c6bab47940", "number": "5098847148", "date": "2021-01-24 09:29:00", "subject": "2", "recorded-or-robo": "Y", "city": "East Wenatchee", "state": "WA", "area-code": "509"}, {"id": "03e293b3df9e35eadf15c561194aeae1", "number": "5098847148", "date": "2021-01-24 09:29:00", "subject": "2", "recorded-or-robo": "Y", "city": "East Wenatchee", "state": "WA", "area-code": "509"}, {"id": "3decc6bfadaa436a105714c6bab470aa", "number": "7023407747", "date": "2020-12-27 11:30:00", "subject": "11", "recorded-or-robo": "Y", "city": "", "state": "NV", "area-code": "702"}, {"id": "03e293b3df9e35eadf15c561194ae446", "number": "7023407747", "date": "2020-12-27 11:30:00", "subject": "11", "recorded-or-robo": "Y", "city": "", "state": "NV", "area-code": "702"}, {"id": "3decc6bfadaa436a105714c6bab463bd", "number": "8143770068", "date": "2021-01-22 13:59:00", "subject": "2", "recorded-or-robo": "N", "city": "", "state": "PA", "area-code": "814"}, {"id": "03e293b3df9e35eadf15c561194ad7e1", "number": "8143770068", "date": "2021-01-22 13:59:00", "subject": "2", "recorded-or-robo": "N", "city": "", "state": "PA", "area-code": "814"}, {"id": "3decc6bfadaa436a105714c6bab45887", "number": "6107238105", "date": "2021-01-23 14:22:00", "subject": "0", "recorded-or-robo": "Y", "city": "", "state": "", "area-code": "610"}, {"id": "03e293b3df9e35eadf15c561194ad73a", "number": "6107238105", "date": "2021-01-23 14:22:00", "subject": "0", "recorded-or-robo": "Y", "city": "", "state": "", "area-code": "610"}, {"id": "3decc6bfadaa436a105714c6bab4526f", "number": "3152328257", "date": "2021-01-24 14:25:00", "subject": "1", "recorded-or-robo": "Y", "city": "Nashville", "state": "TN", "area-code": "217"}, {"id": "03e293b3df9e35eadf15c561194acbc0", "number": "3152328257", "date": "2021-01-24 14:25:00", "subject": "1", "recorded-or-robo": "Y", "city": "Nashville", "state": "TN", "area-code": "217"}, {"id": "3decc6bfadaa436a105714c6bab44bb4", "number": "8143770068", "date": "2021-01-22 13:59:00", "subject": "2", "recorded-or-robo": "N", "city": "", "state": "PA", "area-code": "814"}, {"id": "03e293b3df9e35eadf15c561194ac9c8", "number": "8143770068", "date": "2021-01-22 13:59:00", "subject": "2", "recorded-or-robo": "N", "city": "", "state": "PA", "area-code": "814"}, {"id": "3decc6bfadaa436a105714c6bab44b4c", "number": "3152328257", "date": "2021-01-24 08:57:00", "subject": "1", "recorded-or-robo": "Y", "city": "Bellevue", "state": "WA", "area-code": "425"}, {"id": "03e293b3df9e35eadf15c561194abc49", "number": "3152328257", "date": "2021-01-24 08:57:00", "subject": "1", "recorded-or-robo": "Y", "city": "Bellevue", "state": "WA", "area-code": "425"}, {"id": "3decc6bfadaa436a105714c6bab44014", "number": "3152328257", "date": "2021-01-24 14:00:00", "subject": "1", "recorded-or-robo": "Y", "city": "Cudahy", "state": "WI", "area-code": "414"}, {"id": "03e293b3df9e35eadf15c561194ab0a8", "number": "3152328257", "date": "2021-01-24 14:00:00", "subject": "1", "recorded-or-robo": "Y", "city": "Cudahy", "state": "WI", "area-code": "414"}, {"id": "3decc6bfadaa436a105714c6bab438c4", "number": "3023875653", "date": "2021-01-24 15:20:00", "subject": "11", "recorded-or-robo": "N", "city": "Fort Mlll", "state": "SC", "area-code": "803"}, {"id": "03e293b3df9e35eadf15c561194aa5c8", "number": "3023875653", "date": "2021-01-24 15:20:00", "subject": "11", "recorded-or-robo": "N", "city": "Fort Mlll", "state": "SC", "area-code": "803"}, {"id": "3decc6bfadaa436a105714c6bab43429", "number": "4848915781", "date": "2021-01-10 19:09:00", "subject": "2", "recorded-or-robo": "N", "city": "", "state": "PA", "area-code": "814"}, {"id": "03e293b3df9e35eadf15c561194a990f", "number": "4848915781", "date": "2021-01-10 19:09:00", "subject": "2", "recorded-or-robo": "N", "city": "", "state": "PA", "area-code": "814"}, {"id": "3decc6bfadaa436a105714c6bab42523", "number": "7199411431", "date": "2021-01-24 13:07:00", "subject": "2", "recorded-or-robo": "N", "city": "Colorado Spgs", "state": "CO", "area-code": "719"}, {"id": "03e293b3df9e35eadf15c561194a949e", "number": "7199411431", "date": "2021-01-24 13:07:00", "subject": "2", "recorded-or-robo": "N", "city": "Colorado Spgs", "state": "CO", "area-code": "719"}, {"id": "3decc6bfadaa436a105714c6bab41d42", "number": "8887463423", "date": "2021-01-23 14:11:00", "subject": "2", "recorded-or-robo": "Y", "city": "Jefferson", "state": "GA", "area-code": "706"}, {"id": "03e293b3df9e35eadf15c561194a86f4", "number": "8887463423", "date": "2021-01-23 14:11:00", "subject": "2", "recorded-or-robo": "Y", "city": "Jefferson", "state": "GA", "area-code": "706"}, {"id": "3decc6bfadaa436a105714c6bab4130c", "number": "9154715054", "date": "2021-01-24 13:19:00", "subject": "11", "recorded-or-robo": "Y", "city": "El Paso", "state": "TX", "area-code": "915"}, {"id": "03e293b3df9e35eadf15c561194a84c4", "number": "9154715054", "date": "2021-01-24 13:19:00", "subject": "11", "recorded-or-robo": "Y", "city": "El Paso", "state": "TX", "area-code": "915"}]}