{"data": [{"id": "03e293b3df9e35eadf15c56119296d2b", "number": "3145034571", "date": "2021-01-24 09:55:00", "subject": "1\n", "recorded-or-robo": "Y", "city": "Saint Charles", "state": "MO", "area-code": "314"}, {"id": "03e293b3df9e35eadf15c56119296584", "number": "8882804331", "date": "2021-01-24 09:45:00", "subject": "2\n", "recorded-or-robo": "Y", "city": "New York", "state": "NY", "area-code": "347"}, {"id": "03e293b3df9e35eadf15c56119295f66", "number": "4697976400", "date": "2021-01-24 00:00:00", "subject": "6\n", "recorded-or-robo": "Y", "city": "", "state": "NY", "area-code": "917"}, {"id": "03e293b3df9e35eadf15c56119294fd6", "number": "3178059137", "date": "2021-01-22 15:00:00", "subject": "2\n", "recorded-or-robo": "", "city": "underwood", "state": "WA", "area-code": "509"}, {"id": "03e293b3df9e35eadf15c561192943be", "number": "8778365629", "date": "2021-01-24 08:00:00", "subject": "4\n", "recorded-or-robo": "Y", "city": "playa del rey", "state": "CA", "area-code": "310"}, {"id": "03e293b3df9e35eadf15c56119293f76", "number": "6602815666", "date": "2021-01-24 09:50:00", "subject": "2\n", "recorded-or-robo": "Y", "city": "Springfield", "state": "MO", "area-code": "660"}, {"id": "03e293b3df9e35eadf15c56119293825", "number": "3145046949", "date": "2021-01-24 09:59:00", "subject": "1\n", "recorded-or-robo": "Y", "city": "Florissant", "state": "MO", "area-code": "314"}, {"id": "03e293b3df9e35eadf15c56119292494", "number": "8454078212", "date": "2021-01-23 12:13:00", "subject": "3\n", "recorded-or-robo": "N", "city": "", "state": "AZ", "area-code": "602"}, {"id": "03e293b3df9e35eadf15c56119292ffc", "number": "", "date": "2021-01-24 12:00:00", "subject": "2\n", "recorded-or-robo": "Y", "city": "Paris", "state": "MO", "area-code": "660"}, {"id": "03e293b3df9e35eadf15c56119292ab4", "number": "6602811692", "date": "2021-01-24 09:25:00", "subject": "2\n", "recorded-or-robo": "Y", "city": "Springfield", "state": "MO", "area-code": "660"}, {"id": "03e293b3df9e35eadf15c561192919d4", "number": "6602815749", "date": "2021-01-24 09:22:00", "subject": "2\n", "recorded-or-robo": "Y", "city": "Springfield", "state": "MO", "area-code": "660"}, {"id": "03e293b3df9e35eadf15c56119290e95", "number": "6602816159", "date": "2021-01-24 09:06:00", "subject": "2\n", "recorded-or-robo": "Y", "city": "Springfield", "state": "MO", "area-code": "660"}, {"id": "03e293b3df9e35eadf15c56119290e73", "number": "7034038620", "date": "2021-01-22 00:00:00", "subject": "12\n", "recorded-or-robo": "N", "city": "Gain", "state": "VA", "area-code": "703"}, {"id": "03e293b3df9e35eadf15c56119290dfe", "number": "2149835964", "date": "2021-01-20 00:00:00", "subject": "2\n", "recorded-or-robo": "N", "city": "", "state": "TX", "area-code": "214"}, {"id": "03e293b3df9e35eadf15c561192908cc", "number": "6602815989", "date": "2021-01-23 19:21:00", "subject": "2\n", "recorded-or-robo": "Y", "city": "Springfield", "state": "MO", "area-code": "660"}, {"id": "03e293b3df9e35eadf15c5611928fd84", "number": "3374285486", "date": "2019-09-19 12:29:00", "subject": "0\n", "recorded-or-robo": "Y", "city": "", "state": "LA", "area-code": "337"}, {"id": "03e293b3df9e35eadf15c5611928f7b8", "number": "8135464759", "date": "2021-01-24 00:01:00", "subject": "4\n", "recorded-or-robo": "Y", "city": "Tampa", "state": "FL", "area-code": "813"}, {"id": "03e293b3df9e35eadf15c5611928eaaf", "number": "8862983510", "date": "2021-01-22 05:50:00", "subject": "2\n", "recorded-or-robo": "Y", "city": "Philadelphia", "state": "PA", "area-code": "215"}, {"id": "03e293b3df9e35eadf15c5611928e9de", "number": "", "date": "2021-01-20 12:00:00", "subject": "1\n", "recorded-or-robo": "Y", "city": "Lakewood", "state": "CO", "area-code": "509"}, {"id": "03e293b3df9e35eadf15c5611928db7a", "number": "7176226124", "date": "2021-01-23 12:23:00", "subject": "2\n", "recorded-or-robo": "Y", "city": "", "state": "PA", "area-code": "717"}, {"id": "03e293b3df9e35eadf15c5611928d752", "number": "5162205423", "date": "2021-01-11 14:03:00", "subject": "2\n", "recorded-or-robo": "Y", "city": "", "state": "PA", "area-code": "717"}, {"id": "03e293b3df9e35eadf15c5611928d735", "number": "7173408574", "date": "2021-01-05 14:31:00", "subject": "2\n", "recorded-or-robo": "Y", "city": "", "state": "PA", "area-code": "717"}, {"id": "03e293b3df9e35eadf15c5611928cb5f", "number": "", "date": "2021-01-24 10:47:00", "subject": "3\n", "recorded-or-robo": "Y", "city": "New York", "state": "NY", "area-code": "646"}, {"id": "03e293b3df9e35eadf15c5611928c8f3", "number": "8605063562", "date": "2021-01-24 09:45:00", "subject": "2\n", "recorded-or-robo": "Y", "city": "Luverne", "state": "MN", "area-code": "507"}, {"id": "03e293b3df9e35eadf15c5611928bc85", "number": "8133559017", "date": "2021-01-24 10:35:00", "subject": "2\n", "recorded-or-robo": "Y", "city": "", "state": "FL", "area-code": "813"}, {"id": "03e293b3df9e35eadf15c5611928af55", "number": "4198904127", "date": "2021-01-21 13:21:00", "subject": "3\n", "recorded-or-robo": "Y", "city": "", "state": "OH", "area-code": "440"}, {"id": "03e293b3df9e35eadf15c5611928aae5", "number": "5099794430", "date": "2021-01-24 07:04:00", "subject": "11\n", "recorded-or-robo": "Y", "city": "SPOKANE", "state": "WA", "area-code": "509"}, {"id": "03e293b3df9e35eadf15c56119289f30", "number": "9147741328", "date": "2021-01-24 10:42:00", "subject": "2\n", "recorded-or-robo": "", "city": "", "state": "NY", "area-code": "914"}, {"id": "03e293b3df9e35eadf15c56119289b7c", "number": "7149555830", "date": "2021-01-21 17:18:00", "subject": "5\n", "recorded-or-robo": "Y", "city": "", "state": "CA", "area-code": "714"}, {"id": "03e293b3df9e35eadf15c56119289a84", "number": "", "date": "2021-01-23 12:00:00", "subject": "1\n", "recorded-or-robo": "Y", "city": "SANTA MARGARITA", "state": "CA", "area-code": "805"}, {"id": "03e293b3df9e35eadf15c56119289958", "number": "", "date": "2021-01-23 13:31:00", "subject": "11\n", "recorded-or-robo": "Y", "city": "", "state": "MO", "area-code": "636"}, {"id": "03e293b3df9e35eadf15c56119288d9d", "number": "7149861563", "date": "2021-01-22 17:52:00", "subject": "5\n", "recorded-or-robo": "Y", "city": "", "state": "CA", "area-code": "714"}, {"id": "03e293b3df9e35eadf15c561192882d4", "number": "4407912521", "date": "2021-01-20 17:04:00", "subject": "3\n", "recorded-or-robo": "Y", "city": "", "state": "OH", "area-code": "440"}, {"id": "03e293b3df9e35eadf15c5611928829f", "number": "5027350932", "date": "2021-01-24 10:36:00", "subject": "2\n", "recorded-or-robo": "Y", "city": "Louisville", "state": "KY", "area-code": "502"}, {"id": "03e293b3df9e35eadf15c56119287875", "number": "", "date": "2021-01-24 12:00:00", "subject": "2\n", "recorded-or-robo": "Y", "city": "Cheyenne", "state": "WY", "area-code": "202"}, {"id": "03e293b3df9e35eadf15c5611928703e", "number": "", "date": "2021-01-24 09:30:00", "subject": "3\n", "recorded-or-robo": "Y", "city": "", "state": "MO", "area-code": "314"}, {"id": "03e293b3df9e35eadf15c56119286f70", "number": "7194510025", "date": "2021-01-23 16:45:00", "subject": "0\n", "recorded-or-robo": "Y", "city": "Milford", "state": "CT", "area-code": "203"}, {"id": "03e293b3df9e35eadf15c56119286d3d", "number": "4348185840", "date": "2021-01-21 09:58:00", "subject": "2\n", "recorded-or-robo": "Y", "city": "Chesapeake", "state": "VA", "area-code": "757"}, {"id": "03e293b3df9e35eadf15c5611928658e", "number": "", "date": "2021-01-23 09:30:00", "subject": "2\n", "recorded-or-robo": "Y", "city": "St Louis", "state": "MO", "area-code": "314"}, {"id": "03e293b3df9e35eadf15c56119285fee", "number": "7124811326", "date": "2021-01-22 00:00:00", "subject": "4\n", "recorded-or-robo": "Y", "city": "", "state": "IA", "area-code": "712"}, {"id": "03e293b3df9e35eadf15c56119285501", "number": "5099456556", "date": "2021-01-23 17:18:00", "subject": "1\n", "recorded-or-robo": "Y", "city": "", "state": "WA", "area-code": "509"}, {"id": "03e293b3df9e35eadf15c561192850bb", "number": "3048290558", "date": "2021-01-22 12:42:00", "subject": "3\n", "recorded-or-robo": "Y", "city": "", "state": "WV", "area-code": "304"}, {"id": "03e293b3df9e35eadf15c56119284333", "number": "3152328257", "date": "2021-01-23 11:45:00", "subject": "1\n", "recorded-or-robo": "Y", "city": "Wentzville", "state": "MO", "area-code": "314"}, {"id": "03e293b3df9e35eadf15c5611928342e", "number": "3145042861", "date": "2021-01-24 09:32:00", "subject": "1\n", "recorded-or-robo": "Y", "city": "Florissant", "state": "MO", "area-code": "314"}, {"id": "03e293b3df9e35eadf15c56119282ff0", "number": "6602813644", "date": "2021-01-23 19:11:00", "subject": "2\n", "recorded-or-robo": "Y", "city": "Springfield", "state": "MO", "area-code": "660"}, {"id": "03e293b3df9e35eadf15c56119282a1a", "number": "6602814755", "date": "2021-01-23 19:06:00", "subject": "2\n", "recorded-or-robo": "Y", "city": "Springfield", "state": "MO", "area-code": "660"}, {"id": "03e293b3df9e35eadf15c56119282431", "number": "6602818498", "date": "2021-01-23 18:54:00", "subject": "2\n", "recorded-or-robo": "Y", "city": "Springfield", "state": "MO", "area-code": "660"}, {"id": "03e293b3df9e35eadf15c56119281878", "number": "3145034359", "date": "2021-01-24 04:03:00", "subject": "2\n", "recorded-or-robo": "Y", "city": "Saint Louis", "state": "MO", "area-code": "314"}, {"id": "03e293b3df9e35eadf15c56119280fd6", "number": "6602812220", "date": "2021-01-23 18:25:00", "subject": "2\n", "recorded-or-robo": "N", "city": "Springfield", "state": "MO", "area-code": "660"}, {"id": "03e293b3df9e35eadf15c56119280874", "number": "3145038919", "date": "2021-01-24 02:04:00", "subject": "2\n", "recorded-or-robo": "Y", "city": "Saint Louis", "state": "MO", "area-code": "314"}]}