{"data": [{"id": "03e293b3df9e35eadf15c561195473cb", "number": "243909761955", "date": "2021-01-22 12:19:00", "subject": "2\n", "recorded-or-robo": "Y", "city": "Waterloo", "state": "IA", "area-code": "319"}, {"id": "03e293b3df9e35eadf15c5611954535e", "number": "9295476002", "date": "2021-01-23 20:36:00", "subject": "3\n", "recorded-or-robo": "", "city": "", "state": "NY", "area-code": "212"}, {"id": "03e293b3df9e35eadf15c56119546549", "number": "0123456789", "date": "2021-01-24 01:00:00", "subject": "0\n", "recorded-or-robo": "N", "city": "", "state": "CA", "area-code": "510"}, {"id": "03e293b3df9e35eadf15c561195458df", "number": "3174964628", "date": "2021-01-24 17:06:00", "subject": "2\n", "recorded-or-robo": "Y", "city": "Fishers", "state": "IN", "area-code": "317"}, {"id": "03e293b3df9e35eadf15c56119545006", "number": "3909761957", "date": "2021-01-22 12:04:00", "subject": "2\n", "recorded-or-robo": "Y", "city": "Waterloo", "state": "IA", "area-code": "319"}, {"id": "03e293b3df9e35eadf15c56119544930", "number": "4148036543", "date": "2021-01-24 00:00:00", "subject": "11\n", "recorded-or-robo": "Y", "city": "Brown Deer", "state": "WI", "area-code": "414"}, {"id": "03e293b3df9e35eadf15c56119544854", "number": "8801700931555", "date": "2021-01-24 15:43:00", "subject": "11\n", "recorded-or-robo": "Y", "city": "Brandon", "state": "FL", "area-code": "727"}, {"id": "03e293b3df9e35eadf15c5611954398f", "number": "4155982110", "date": "2020-10-08 17:26:00", "subject": "4\n", "recorded-or-robo": "Y", "city": "Dallas", "state": "CA", "area-code": "415"}, {"id": "03e293b3df9e35eadf15c56119542adb", "number": "", "date": "2021-01-24 17:07:00", "subject": "2\n", "recorded-or-robo": "Y", "city": "", "state": "OH", "area-code": "740"}, {"id": "03e293b3df9e35eadf15c56119541ecc", "number": "1727641667", "date": "2021-01-24 14:16:00", "subject": "1\n", "recorded-or-robo": "Y", "city": "Saint Petersburg", "state": "FL", "area-code": "727"}, {"id": "03e293b3df9e35eadf15c5611954144f", "number": "672391410", "date": "2021-01-22 15:29:00", "subject": "2\n", "recorded-or-robo": "Y", "city": "Waterloo", "state": "IA", "area-code": "319"}, {"id": "03e293b3df9e35eadf15c56119540864", "number": "3256176202", "date": "2021-01-24 15:47:00", "subject": "2\n", "recorded-or-robo": "Y", "city": "San Angelo", "state": "TX", "area-code": "325"}, {"id": "03e293b3df9e35eadf15c5611953f802", "number": "3021023875", "date": "2021-01-24 10:52:00", "subject": "3\n", "recorded-or-robo": "", "city": "", "state": "NY", "area-code": "212"}, {"id": "03e293b3df9e35eadf15c56119540252", "number": "9707245334", "date": "2021-01-24 15:00:00", "subject": "1\n", "recorded-or-robo": "Y", "city": "Kremmling", "state": "CO", "area-code": "970"}, {"id": "03e293b3df9e35eadf15c5611953ef5f", "number": "4012393964", "date": "2021-01-22 12:00:00", "subject": "13\n", "recorded-or-robo": "N", "city": "", "state": "SC", "area-code": "803"}, {"id": "03e293b3df9e35eadf15c5611953e6fc", "number": "8556986913", "date": "2021-01-24 16:23:00", "subject": "11\n", "recorded-or-robo": "Y", "city": "HARPER WOODS", "state": "MI", "area-code": "313"}, {"id": "03e293b3df9e35eadf15c5611953e16e", "number": "5926527843", "date": "2021-01-22 18:23:00", "subject": "2\n", "recorded-or-robo": "Y", "city": "Waterloo", "state": "IA", "area-code": "319"}, {"id": "03e293b3df9e35eadf15c5611953d424", "number": "37065003419", "date": "2021-01-22 20:58:00", "subject": "2\n", "recorded-or-robo": "Y", "city": "Waterloo", "state": "IA", "area-code": "319"}, {"id": "03e293b3df9e35eadf15c5611953c771", "number": "9543884461", "date": "2021-01-22 11:30:00", "subject": "6\n", "recorded-or-robo": "Y", "city": "Tyler", "state": "TX", "area-code": "866"}, {"id": "03e293b3df9e35eadf15c5611953b828", "number": "4023050375", "date": "2021-01-20 00:00:00", "subject": "2\n", "recorded-or-robo": "", "city": "Fort Lupton", "state": "CO", "area-code": "303"}, {"id": "03e293b3df9e35eadf15c5611953adf0", "number": "4152234687", "date": "2020-10-23 12:41:00", "subject": "4\n", "recorded-or-robo": "Y", "city": "Dallas", "state": "CA", "area-code": "415"}, {"id": "03e293b3df9e35eadf15c5611953aae6", "number": "", "date": "2021-01-24 14:51:00", "subject": "1\n", "recorded-or-robo": "Y", "city": "Trinity", "state": "FL", "area-code": "727"}, {"id": "03e293b3df9e35eadf15c5611953a20d", "number": "37065003365", "date": "2021-01-22 21:15:00", "subject": "2\n", "recorded-or-robo": "Y", "city": "Waterloo", "state": "IA", "area-code": "319"}, {"id": "03e293b3df9e35eadf15c56119539a0a", "number": "7274308772", "date": "2021-01-24 16:20:00", "subject": "2\n", "recorded-or-robo": "Y", "city": "Brandon", "state": "FL", "area-code": "727"}, {"id": "03e293b3df9e35eadf15c561195373e4", "number": "3021023875", "date": "2021-01-24 10:52:00", "subject": "3\n", "recorded-or-robo": "", "city": "", "state": "NY", "area-code": "212"}, {"id": "03e293b3df9e35eadf15c561195392c6", "number": "6073393157", "date": "2021-01-24 00:00:00", "subject": "11\n", "recorded-or-robo": "Y", "city": "", "state": "WI", "area-code": "608"}, {"id": "03e293b3df9e35eadf15c56119538675", "number": "0123456789", "date": "2021-01-24 01:00:00", "subject": "0\n", "recorded-or-robo": "N", "city": "", "state": "CA", "area-code": "510"}, {"id": "03e293b3df9e35eadf15c56119537c40", "number": "37065003129", "date": "2021-01-22 22:54:00", "subject": "2\n", "recorded-or-robo": "Y", "city": "Waterloo", "state": "IA", "area-code": "319"}, {"id": "03e293b3df9e35eadf15c56119536914", "number": "9712178428", "date": "2021-01-22 18:04:00", "subject": "9\n", "recorded-or-robo": "Y", "city": "", "state": "OR", "area-code": "503"}, {"id": "03e293b3df9e35eadf15c56119535b95", "number": "2424378067", "date": "2021-01-23 18:18:00", "subject": "2\n", "recorded-or-robo": "Y", "city": "Waterloo", "state": "IA", "area-code": "319"}, {"id": "03e293b3df9e35eadf15c56119534b7b", "number": "3023875653", "date": "2021-01-24 15:57:00", "subject": "3\n", "recorded-or-robo": "", "city": "", "state": "NY", "area-code": "212"}, {"id": "03e293b3df9e35eadf15c561195354aa", "number": "4154964527", "date": "2020-11-20 11:06:00", "subject": "4\n", "recorded-or-robo": "Y", "city": "Dallas", "state": "CA", "area-code": "415"}, {"id": "03e293b3df9e35eadf15c56119534a84", "number": "7675018474", "date": "2021-01-23 08:41:00", "subject": "2\n", "recorded-or-robo": "Y", "city": "Waterloo", "state": "IA", "area-code": "319"}, {"id": "03e293b3df9e35eadf15c56119533aa1", "number": "7149742618", "date": "2021-01-24 13:14:00", "subject": "2\n", "recorded-or-robo": "N", "city": "Fullerton", "state": "CA", "area-code": "714"}, {"id": "03e293b3df9e35eadf15c561195333b7", "number": "7675018194", "date": "2021-01-23 09:20:00", "subject": "2\n", "recorded-or-robo": "Y", "city": "Waterloo", "state": "IA", "area-code": "319"}, {"id": "03e293b3df9e35eadf15c56119532bab", "number": "3023875653", "date": "2021-01-24 14:22:00", "subject": "3\n", "recorded-or-robo": "", "city": "", "state": "NY", "area-code": "212"}, {"id": "03e293b3df9e35eadf15c561195330cd", "number": "4232051015651429773", "date": "2021-01-21 07:30:00", "subject": "11\n", "recorded-or-robo": "Y", "city": "Vadnais Heights", "state": "MN", "area-code": "651"}, {"id": "03e293b3df9e35eadf15c5611953237f", "number": "7675018628", "date": "2021-01-23 10:20:00", "subject": "0\n", "recorded-or-robo": "Y", "city": "Waterloo", "state": "IA", "area-code": "319"}, {"id": "03e293b3df9e35eadf15c56119531be4", "number": "4154964527", "date": "2020-11-23 17:01:00", "subject": "4\n", "recorded-or-robo": "Y", "city": "Dallas", "state": "CA", "area-code": "415"}, {"id": "03e293b3df9e35eadf15c561195311ec", "number": "2703187130", "date": "2021-01-24 11:57:00", "subject": "2\n", "recorded-or-robo": "Y", "city": "", "state": "KY", "area-code": "270"}, {"id": "03e293b3df9e35eadf15c56119530593", "number": "3569799070", "date": "2021-01-23 14:44:00", "subject": "2\n", "recorded-or-robo": "Y", "city": "Waterloo", "state": "IA", "area-code": "319"}, {"id": "03e293b3df9e35eadf15c5611952f93c", "number": "7207727550", "date": "2021-01-24 11:45:00", "subject": "3\n", "recorded-or-robo": "Y", "city": "Eastvale", "state": "CA", "area-code": "561"}, {"id": "03e293b3df9e35eadf15c5611952e9d8", "number": "3023875653", "date": "2021-01-24 12:38:00", "subject": "3\n", "recorded-or-robo": "", "city": "", "state": "NY", "area-code": "212"}, {"id": "03e293b3df9e35eadf15c5611952ea5e", "number": "2722059669", "date": "2021-01-24 15:32:00", "subject": "11\n", "recorded-or-robo": "Y", "city": "saint louis", "state": "MO", "area-code": "314"}, {"id": "03e293b3df9e35eadf15c5611952daac", "number": "2169068163", "date": "2021-01-24 16:03:00", "subject": "0\n", "recorded-or-robo": "Y", "city": "Ohio", "state": "OH", "area-code": "216"}, {"id": "03e293b3df9e35eadf15c5611952cc54", "number": "6492311135", "date": "2021-01-23 16:04:00", "subject": "0\n", "recorded-or-robo": "Y", "city": "Waterloo", "state": "IA", "area-code": "319"}, {"id": "03e293b3df9e35eadf15c5611952bddf", "number": "4154885518", "date": "2020-12-02 16:57:00", "subject": "1\n", "recorded-or-robo": "Y", "city": "Dallas", "state": "TX", "area-code": "415"}, {"id": "03e293b3df9e35eadf15c5611952bb71", "number": "6492311736", "date": "2021-01-24 15:59:00", "subject": "2\n", "recorded-or-robo": "Y", "city": "Janesville", "state": "WI", "area-code": "608"}, {"id": "03e293b3df9e35eadf15c5611952b080", "number": "7251835624", "date": "2021-01-24 00:00:00", "subject": "6\n", "recorded-or-robo": "N", "city": "HAYSVILLE", "state": "KS", "area-code": "316"}, {"id": "03e293b3df9e35eadf15c5611952aa6d", "number": "", "date": "2021-01-24 15:40:00", "subject": "2\n", "recorded-or-robo": "Y", "city": "Mesquite", "state": "TX", "area-code": "228"}]}