{"data": [{"id": "3decc6bfadaa436a105714c6baa669e1", "number": "6366852149", "date": "2021-01-22 15:25:00", "subject": "0", "recorded-or-robo": "N", "city": "", "state": "", "area-code": "636"}, {"id": "03e293b3df9e35eadf15c561193c7e40", "number": "6366852149", "date": "2021-01-22 15:25:00", "subject": "0", "recorded-or-robo": "N", "city": "", "state": "", "area-code": "636"}, {"id": "3decc6bfadaa436a105714c6baa6690b", "number": "8203332066", "date": "2021-01-20 08:09:00", "subject": "2", "recorded-or-robo": "Y", "city": "LOS ALTOS", "state": "CA", "area-code": "650"}, {"id": "03e293b3df9e35eadf15c561193c797d", "number": "8203332066", "date": "2021-01-20 08:09:00", "subject": "2", "recorded-or-robo": "Y", "city": "LOS ALTOS", "state": "CA", "area-code": "650"}, {"id": "3decc6bfadaa436a105714c6baa65c30", "number": "8448943951", "date": "2021-01-23 00:00:00", "subject": "3", "recorded-or-robo": "Y", "city": "", "state": "CO", "area-code": "303"}, {"id": "03e293b3df9e35eadf15c561193c6e26", "number": "8448943951", "date": "2021-01-23 00:00:00", "subject": "3", "recorded-or-robo": "Y", "city": "", "state": "CO", "area-code": "303"}, {"id": "3decc6bfadaa436a105714c6baa65ab5", "number": "7273395036", "date": "2021-01-21 14:14:00", "subject": "2", "recorded-or-robo": "Y", "city": "Clearwater", "state": "FL", "area-code": "727"}, {"id": "3decc6bfadaa436a105714c6baa654ac", "number": "2104680881", "date": "2021-01-20 09:28:00", "subject": "2", "recorded-or-robo": "Y", "city": "LOS ALTOS", "state": "CA", "area-code": "650"}, {"id": "03e293b3df9e35eadf15c561193c682b", "number": "7273395036", "date": "2021-01-21 14:14:00", "subject": "2", "recorded-or-robo": "Y", "city": "Clearwater", "state": "FL", "area-code": "727"}, {"id": "03e293b3df9e35eadf15c561193c6022", "number": "2104680881", "date": "2021-01-20 09:28:00", "subject": "2", "recorded-or-robo": "Y", "city": "LOS ALTOS", "state": "CA", "area-code": "650"}, {"id": "3decc6bfadaa436a105714c6baa646bf", "number": "4355033504", "date": "2021-01-21 19:22:00", "subject": "0", "recorded-or-robo": "Y", "city": "ELKTON", "state": "MD", "area-code": "410"}, {"id": "03e293b3df9e35eadf15c561193c56a9", "number": "4355033504", "date": "2021-01-21 19:22:00", "subject": "0", "recorded-or-robo": "Y", "city": "ELKTON", "state": "MD", "area-code": "410"}, {"id": "3decc6bfadaa436a105714c6baa640b8", "number": "3018635561", "date": "2021-01-24 13:23:00", "subject": "2", "recorded-or-robo": "Y", "city": "California", "state": "MD", "area-code": "301"}, {"id": "03e293b3df9e35eadf15c561193c5623", "number": "3018635561", "date": "2021-01-24 13:23:00", "subject": "2", "recorded-or-robo": "Y", "city": "California", "state": "MD", "area-code": "301"}, {"id": "3decc6bfadaa436a105714c6baa63f70", "number": "2014208183", "date": "2021-01-18 12:09:00", "subject": "0", "recorded-or-robo": "Y", "city": "", "state": "NJ", "area-code": "201"}, {"id": "03e293b3df9e35eadf15c561193c50b4", "number": "2014208183", "date": "2021-01-18 12:09:00", "subject": "0", "recorded-or-robo": "Y", "city": "", "state": "NJ", "area-code": "201"}, {"id": "3decc6bfadaa436a105714c6baa63e20", "number": "5623060160", "date": "2021-01-20 12:42:00", "subject": "2", "recorded-or-robo": "Y", "city": "LOS ALTOS", "state": "CA", "area-code": "650"}, {"id": "03e293b3df9e35eadf15c561193c4972", "number": "5623060160", "date": "2021-01-20 12:42:00", "subject": "2", "recorded-or-robo": "Y", "city": "LOS ALTOS", "state": "CA", "area-code": "650"}, {"id": "3decc6bfadaa436a105714c6baa637bd", "number": "7142699202", "date": "2021-01-23 12:00:00", "subject": "2", "recorded-or-robo": "Y", "city": "Sapulpa", "state": "OK", "area-code": "918"}, {"id": "03e293b3df9e35eadf15c561193c46cd", "number": "7142699202", "date": "2021-01-23 12:00:00", "subject": "2", "recorded-or-robo": "Y", "city": "Sapulpa", "state": "OK", "area-code": "918"}, {"id": "3decc6bfadaa436a105714c6baa6361a", "number": "8507039782", "date": "2021-01-22 03:54:00", "subject": "2", "recorded-or-robo": "N", "city": "", "state": "FL", "area-code": "407"}, {"id": "3decc6bfadaa436a105714c6baa62906", "number": "3145676991", "date": "2021-01-24 12:00:00", "subject": "11", "recorded-or-robo": "", "city": "St. Louis", "state": "MO", "area-code": "314"}, {"id": "03e293b3df9e35eadf15c561193c37a9", "number": "8507039782", "date": "2021-01-22 03:54:00", "subject": "2", "recorded-or-robo": "N", "city": "", "state": "FL", "area-code": "407"}, {"id": "03e293b3df9e35eadf15c561193c27c5", "number": "3145676991", "date": "2021-01-24 12:00:00", "subject": "11", "recorded-or-robo": "", "city": "St. Louis", "state": "MO", "area-code": "314"}, {"id": "3decc6bfadaa436a105714c6baa61f36", "number": "9415410387", "date": "2021-01-21 17:06:00", "subject": "2", "recorded-or-robo": "Y", "city": "Clearwater", "state": "FL", "area-code": "727"}, {"id": "03e293b3df9e35eadf15c561193c2799", "number": "9415410387", "date": "2021-01-21 17:06:00", "subject": "2", "recorded-or-robo": "Y", "city": "Clearwater", "state": "FL", "area-code": "727"}, {"id": "3decc6bfadaa436a105714c6baa61edf", "number": "", "date": "2021-01-24 12:18:00", "subject": "1", "recorded-or-robo": "Y", "city": "Saint Louis", "state": "MO", "area-code": "314"}, {"id": "03e293b3df9e35eadf15c561193c2187", "number": "", "date": "2021-01-24 12:18:00", "subject": "1", "recorded-or-robo": "Y", "city": "Saint Louis", "state": "MO", "area-code": "314"}, {"id": "3decc6bfadaa436a105714c6baa61817", "number": "9727376741", "date": "2021-01-20 13:31:00", "subject": "2", "recorded-or-robo": "Y", "city": "LOS ALTOS", "state": "CA", "area-code": "650"}, {"id": "03e293b3df9e35eadf15c561193c19d7", "number": "9727376741", "date": "2021-01-20 13:31:00", "subject": "2", "recorded-or-robo": "Y", "city": "LOS ALTOS", "state": "CA", "area-code": "650"}, {"id": "3decc6bfadaa436a105714c6baa609ac", "number": "9046670067", "date": "2021-01-22 10:17:00", "subject": "2", "recorded-or-robo": "Y", "city": "Clearwater", "state": "FL", "area-code": "727"}, {"id": "03e293b3df9e35eadf15c561193c189e", "number": "9046670067", "date": "2021-01-22 10:17:00", "subject": "2", "recorded-or-robo": "Y", "city": "Clearwater", "state": "FL", "area-code": "727"}, {"id": "3decc6bfadaa436a105714c6baa601c0", "number": "5512027752", "date": "2021-01-13 12:10:00", "subject": "0", "recorded-or-robo": "Y", "city": "", "state": "NJ", "area-code": "201"}, {"id": "03e293b3df9e35eadf15c561193c17af", "number": "5512027752", "date": "2021-01-13 12:10:00", "subject": "0", "recorded-or-robo": "Y", "city": "", "state": "NJ", "area-code": "201"}, {"id": "3decc6bfadaa436a105714c6baa6009e", "number": "4087899030", "date": "2021-01-20 15:23:00", "subject": "2", "recorded-or-robo": "Y", "city": "LOS ALTOS", "state": "CA", "area-code": "650"}, {"id": "03e293b3df9e35eadf15c561193c0804", "number": "4087899030", "date": "2021-01-20 15:23:00", "subject": "2", "recorded-or-robo": "Y", "city": "LOS ALTOS", "state": "CA", "area-code": "650"}, {"id": "3decc6bfadaa436a105714c6baa5f250", "number": "6148971316", "date": "2021-01-24 13:40:00", "subject": "2", "recorded-or-robo": "N", "city": "", "state": "OH", "area-code": "614"}, {"id": "03e293b3df9e35eadf15c561193c0370", "number": "6148971316", "date": "2021-01-24 13:40:00", "subject": "2", "recorded-or-robo": "N", "city": "", "state": "OH", "area-code": "614"}, {"id": "3decc6bfadaa436a105714c6baa5e6f9", "number": "5102282647", "date": "2021-01-24 04:14:00", "subject": "2", "recorded-or-robo": "", "city": "San Ramon", "state": "CA", "area-code": "925"}, {"id": "03e293b3df9e35eadf15c561193c00d7", "number": "5102282647", "date": "2021-01-24 04:14:00", "subject": "2", "recorded-or-robo": "", "city": "San Ramon", "state": "CA", "area-code": "925"}, {"id": "3decc6bfadaa436a105714c6baa5e69d", "number": "2107121483", "date": "2021-01-22 10:38:00", "subject": "2", "recorded-or-robo": "Y", "city": "Clearwater", "state": "FL", "area-code": "727"}, {"id": "03e293b3df9e35eadf15c561193bfecf", "number": "2107121483", "date": "2021-01-22 10:38:00", "subject": "2", "recorded-or-robo": "Y", "city": "Clearwater", "state": "FL", "area-code": "727"}, {"id": "3decc6bfadaa436a105714c6baa5dc59", "number": "4073760613", "date": "2021-01-10 11:14:00", "subject": "2", "recorded-or-robo": "N", "city": "", "state": "FL", "area-code": "407"}, {"id": "03e293b3df9e35eadf15c561193bfdbe", "number": "4073760613", "date": "2021-01-10 11:14:00", "subject": "2", "recorded-or-robo": "N", "city": "", "state": "FL", "area-code": "407"}, {"id": "3decc6bfadaa436a105714c6baa5cfcb", "number": "8556783109", "date": "2021-01-24 11:54:00", "subject": "11", "recorded-or-robo": "Y", "city": "", "state": "OH", "area-code": "740"}, {"id": "03e293b3df9e35eadf15c561193befb9", "number": "8556783109", "date": "2021-01-24 11:54:00", "subject": "11", "recorded-or-robo": "Y", "city": "", "state": "OH", "area-code": "740"}, {"id": "3decc6bfadaa436a105714c6baa5c4fb", "number": "2402130107", "date": "2021-01-13 12:04:00", "subject": "0", "recorded-or-robo": "Y", "city": "", "state": "NJ", "area-code": "201"}, {"id": "03e293b3df9e35eadf15c561193be7c6", "number": "2402130107", "date": "2021-01-13 12:04:00", "subject": "0", "recorded-or-robo": "Y", "city": "", "state": "NJ", "area-code": "201"}, {"id": "3decc6bfadaa436a105714c6baa5c126", "number": "3152328257", "date": "2021-01-24 13:31:00", "subject": "2", "recorded-or-robo": "Y", "city": "Zephyrhills", "state": "FL", "area-code": "315"}, {"id": "03e293b3df9e35eadf15c561193bdfec", "number": "3152328257", "date": "2021-01-24 13:31:00", "subject": "2", "recorded-or-robo": "Y", "city": "Zephyrhills", "state": "FL", "area-code": "315"}]}