{"data": [{"id": "03e293b3df9e35eadf15c56119624946", "number": "2892325723", "date": "2021-01-19 17:44:00", "subject": "2\n", "recorded-or-robo": "", "city": "", "state": "KS", "area-code": "316"}, {"id": "03e293b3df9e35eadf15c56119624292", "number": "4149439888", "date": "2021-01-24 18:40:00", "subject": "11\n", "recorded-or-robo": "Y", "city": "West Allis", "state": "WI", "area-code": "414"}, {"id": "03e293b3df9e35eadf15c56119623d8c", "number": "6092255799", "date": "2021-01-19 15:28:00", "subject": "2\n", "recorded-or-robo": "", "city": "", "state": "KS", "area-code": "316"}, {"id": "03e293b3df9e35eadf15c56119623168", "number": "7252881617", "date": "2021-01-24 19:29:00", "subject": "2\n", "recorded-or-robo": "Y", "city": "Saint Petersburg", "state": "FL", "area-code": "727"}, {"id": "03e293b3df9e35eadf15c561196230d8", "number": "2025246238", "date": "2021-01-23 12:31:00", "subject": "2\n", "recorded-or-robo": "N", "city": "Aledo", "state": "IL", "area-code": "309"}, {"id": "03e293b3df9e35eadf15c56119622201", "number": "", "date": "2021-01-14 16:53:00", "subject": "7\n", "recorded-or-robo": "Y", "city": "Woodcliff Lake", "state": "NJ", "area-code": "201"}, {"id": "03e293b3df9e35eadf15c56119621db9", "number": "3144266403", "date": "2021-01-24 18:30:00", "subject": "11\n", "recorded-or-robo": "Y", "city": "Overland", "state": "MO", "area-code": "314"}, {"id": "03e293b3df9e35eadf15c56119621aff", "number": "2025284623", "date": "2021-01-23 09:28:00", "subject": "2\n", "recorded-or-robo": "N", "city": "Aledo", "state": "IL", "area-code": "309"}, {"id": "03e293b3df9e35eadf15c56119620e42", "number": "5613259219", "date": "2021-01-18 17:54:00", "subject": "4\n", "recorded-or-robo": "Y", "city": "saint cloud", "state": "FL", "area-code": "407"}, {"id": "03e293b3df9e35eadf15c56119620271", "number": "3018636960", "date": "2021-01-24 13:52:00", "subject": "2\n", "recorded-or-robo": "Y", "city": "California", "state": "MD", "area-code": "301"}, {"id": "03e293b3df9e35eadf15c5611961fdc5", "number": "3162741790", "date": "2021-01-18 15:48:00", "subject": "2\n", "recorded-or-robo": "", "city": "", "state": "KS", "area-code": "316"}, {"id": "03e293b3df9e35eadf15c5611961ee78", "number": "3165393239", "date": "2021-01-16 14:43:00", "subject": "2\n", "recorded-or-robo": "", "city": "", "state": "KS", "area-code": "316"}, {"id": "03e293b3df9e35eadf15c5611961e53e", "number": "7275288869", "date": "2021-01-24 19:25:00", "subject": "2\n", "recorded-or-robo": "Y", "city": "Saint Petersburg", "state": "FL", "area-code": "727"}, {"id": "03e293b3df9e35eadf15c5611961d9c7", "number": "", "date": "2021-01-13 17:21:00", "subject": "5\n", "recorded-or-robo": "Y", "city": "Woodcliff Lake", "state": "NJ", "area-code": "201"}, {"id": "03e293b3df9e35eadf15c5611961cc6a", "number": "3165376483", "date": "2021-01-15 15:33:00", "subject": "2\n", "recorded-or-robo": "", "city": "", "state": "KS", "area-code": "316"}, {"id": "03e293b3df9e35eadf15c5611961c036", "number": "8556783121", "date": "2021-01-24 18:32:00", "subject": "2\n", "recorded-or-robo": "Y", "city": "Carol Stream", "state": "IL", "area-code": "630"}, {"id": "03e293b3df9e35eadf15c5611961bcdc", "number": "7036633951", "date": "2021-01-19 15:51:00", "subject": "2\n", "recorded-or-robo": "Y", "city": "Alexandria", "state": "VA", "area-code": "703"}, {"id": "03e293b3df9e35eadf15c5611961b121", "number": "", "date": "2021-01-13 12:11:00", "subject": "2\n", "recorded-or-robo": "Y", "city": "Woodcliff Lake", "state": "NJ", "area-code": "201"}, {"id": "03e293b3df9e35eadf15c5611961aaa5", "number": "6126823187", "date": "2021-01-24 18:26:00", "subject": "0\n", "recorded-or-robo": "Y", "city": "Saint Paul", "state": "MN", "area-code": "651"}, {"id": "03e293b3df9e35eadf15c5611961aaa4", "number": "", "date": "2021-01-24 06:57:00", "subject": "1\n", "recorded-or-robo": "Y", "city": "Rome", "state": "GA", "area-code": "706"}, {"id": "03e293b3df9e35eadf15c56119619c54", "number": "7275281189", "date": "2021-01-24 19:05:00", "subject": "0\n", "recorded-or-robo": "N", "city": "Saint Petersburg", "state": "FL", "area-code": "727"}, {"id": "03e293b3df9e35eadf15c56119618fed", "number": "3166000407", "date": "2021-01-15 10:42:00", "subject": "2\n", "recorded-or-robo": "", "city": "", "state": "KS", "area-code": "316"}, {"id": "03e293b3df9e35eadf15c561196186ed", "number": "7275284376", "date": "2021-01-24 18:58:00", "subject": "0\n", "recorded-or-robo": "N", "city": "Saint Petersburg", "state": "FL", "area-code": "727"}, {"id": "03e293b3df9e35eadf15c56119618555", "number": "8665760546", "date": "2021-01-14 16:51:00", "subject": "2\n", "recorded-or-robo": "", "city": "", "state": "KS", "area-code": "316"}, {"id": "03e293b3df9e35eadf15c56119617d5e", "number": "7275285942", "date": "2021-01-24 18:48:00", "subject": "0\n", "recorded-or-robo": "N", "city": "Saint Petersburg", "state": "FL", "area-code": "727"}, {"id": "03e293b3df9e35eadf15c561196177fc", "number": "7275289840", "date": "2021-01-24 18:04:00", "subject": "0\n", "recorded-or-robo": "N", "city": "Saint Petersburg", "state": "FL", "area-code": "727"}, {"id": "03e293b3df9e35eadf15c5611961725d", "number": "3168579564", "date": "2021-01-14 16:48:00", "subject": "2\n", "recorded-or-robo": "", "city": "", "state": "KS", "area-code": "316"}, {"id": "03e293b3df9e35eadf15c56119616a30", "number": "4693093652", "date": "2021-01-06 17:12:00", "subject": "2\n", "recorded-or-robo": "Y", "city": "Dallas", "state": "TX", "area-code": "817"}, {"id": "03e293b3df9e35eadf15c56119615af2", "number": "8556788490", "date": "2021-01-24 18:11:00", "subject": "2\n", "recorded-or-robo": "Y", "city": "Carol Stream", "state": "IL", "area-code": "630"}, {"id": "03e293b3df9e35eadf15c56119614b59", "number": "2149193445", "date": "2021-01-09 12:04:00", "subject": "2\n", "recorded-or-robo": "Y", "city": "Dallas", "state": "TX", "area-code": "817"}, {"id": "03e293b3df9e35eadf15c561196140b8", "number": "7148372064", "date": "2021-01-24 16:20:00", "subject": "2\n", "recorded-or-robo": "Y", "city": "Huntington beach", "state": "CA", "area-code": "714"}, {"id": "03e293b3df9e35eadf15c56119613bed", "number": "", "date": "2021-01-24 05:42:00", "subject": "11\n", "recorded-or-robo": "Y", "city": "", "state": "IN", "area-code": "317"}, {"id": "03e293b3df9e35eadf15c561196133d5", "number": "3168605589", "date": "2021-01-11 13:26:00", "subject": "2\n", "recorded-or-robo": "", "city": "", "state": "KS", "area-code": "316"}, {"id": "03e293b3df9e35eadf15c56119612ab0", "number": "6823181294", "date": "2021-01-11 10:44:00", "subject": "2\n", "recorded-or-robo": "Y", "city": "Dallas", "state": "TX", "area-code": "817"}, {"id": "03e293b3df9e35eadf15c561196127a2", "number": "6149928245", "date": "2021-01-24 16:31:00", "subject": "2\n", "recorded-or-robo": "Y", "city": "", "state": "NY", "area-code": "917"}, {"id": "03e293b3df9e35eadf15c56119612697", "number": "8009001361", "date": "2021-01-24 19:15:00", "subject": "3\n", "recorded-or-robo": "", "city": "Reddick", "state": "FL", "area-code": "352"}, {"id": "03e293b3df9e35eadf15c561196121c9", "number": "7868236463", "date": "2021-01-11 17:40:00", "subject": "2\n", "recorded-or-robo": "Y", "city": "Dallas", "state": "TX", "area-code": "817"}, {"id": "03e293b3df9e35eadf15c56119611da6", "number": "3166721042", "date": "2021-01-11 09:27:00", "subject": "2\n", "recorded-or-robo": "", "city": "", "state": "KS", "area-code": "316"}, {"id": "03e293b3df9e35eadf15c561196116a9", "number": "9565526188", "date": "2021-01-20 18:46:00", "subject": "2\n", "recorded-or-robo": "Y", "city": "Dallas", "state": "TX", "area-code": "817"}, {"id": "03e293b3df9e35eadf15c56119610968", "number": "", "date": "2021-01-22 12:00:00", "subject": "1\n", "recorded-or-robo": "Y", "city": "", "state": "CA", "area-code": "408"}, {"id": "03e293b3df9e35eadf15c561196106f2", "number": "5094404127", "date": "2021-01-24 16:22:00", "subject": "1\n", "recorded-or-robo": "Y", "city": "Spokane", "state": "WA", "area-code": "509"}, {"id": "03e293b3df9e35eadf15c5611960f8c0", "number": "5092355196", "date": "2021-01-24 16:26:00", "subject": "2\n", "recorded-or-robo": "Y", "city": "Cheney", "state": "WA", "area-code": "509"}, {"id": "03e293b3df9e35eadf15c5611960eaa9", "number": "8556783220", "date": "2021-01-24 13:37:00", "subject": "2\n", "recorded-or-robo": "Y", "city": "Saint Louis", "state": "MO", "area-code": "314"}, {"id": "03e293b3df9e35eadf15c5611960e8ec", "number": "5613159398", "date": "2021-01-06 14:57:00", "subject": "2\n", "recorded-or-robo": "", "city": "", "state": "KS", "area-code": "316"}, {"id": "03e293b3df9e35eadf15c5611960e4bc", "number": "9726325456", "date": "2021-01-09 15:32:00", "subject": "2\n", "recorded-or-robo": "Y", "city": "Dallas", "state": "TX", "area-code": "817"}, {"id": "03e293b3df9e35eadf15c5611960d573", "number": "8185614330", "date": "2021-01-19 15:15:00", "subject": "2\n", "recorded-or-robo": "Y", "city": "Granada Hills", "state": "CA", "area-code": "818"}, {"id": "03e293b3df9e35eadf15c5611960d407", "number": "", "date": "2021-01-22 09:09:00", "subject": "0\n", "recorded-or-robo": "N", "city": "Lansing", "state": "KS", "area-code": "913"}, {"id": "03e293b3df9e35eadf15c5611960c562", "number": "8179106103", "date": "2021-01-21 19:28:00", "subject": "2\n", "recorded-or-robo": "Y", "city": "Dallas", "state": "TX", "area-code": "817"}, {"id": "03e293b3df9e35eadf15c5611960bad5", "number": "3343528860", "date": "2021-01-24 18:21:00", "subject": "1\n", "recorded-or-robo": "Y", "city": "", "state": "AL", "area-code": "334"}, {"id": "03e293b3df9e35eadf15c5611960b56f", "number": "5092357661", "date": "2021-01-24 16:20:00", "subject": "2\n", "recorded-or-robo": "Y", "city": "Cheney", "state": "WA", "area-code": "509"}]}