{"data": [{"id": "03e293b3df9e35eadf15c56119416dc5", "number": "3527470248", "date": "2021-01-24 13:17:00", "subject": "3\n", "recorded-or-robo": "N", "city": "", "state": "FL", "area-code": "352"}, {"id": "03e293b3df9e35eadf15c5611941a51e", "number": "8166011122", "date": "2021-01-08 14:25:00", "subject": "2\n", "recorded-or-robo": "", "city": "", "state": "FL", "area-code": "813"}, {"id": "03e293b3df9e35eadf15c561194199d8", "number": "8302830999", "date": "2021-01-21 17:40:00", "subject": "2\n", "recorded-or-robo": "Y", "city": "", "state": "TX", "area-code": "512"}, {"id": "03e293b3df9e35eadf15c56119417212", "number": "", "date": "2021-01-24 11:13:00", "subject": "3\n", "recorded-or-robo": "N", "city": "", "state": "CA", "area-code": "925"}, {"id": "03e293b3df9e35eadf15c56119418eed", "number": "8556782858", "date": "2021-01-23 14:22:00", "subject": "2\n", "recorded-or-robo": "Y", "city": "Beaumont", "state": "TX", "area-code": "409"}, {"id": "03e293b3df9e35eadf15c56119418d2a", "number": "8774766301", "date": "2021-01-14 11:41:00", "subject": "2\n", "recorded-or-robo": "Y", "city": "", "state": "AZ", "area-code": "520"}, {"id": "03e293b3df9e35eadf15c561194184c1", "number": "6603724944", "date": "2021-01-24 13:10:00", "subject": "1\n", "recorded-or-robo": "Y", "city": "Moberly, MO", "state": "MO", "area-code": "660"}, {"id": "03e293b3df9e35eadf15c56119417bb7", "number": "7158041007", "date": "2021-01-21 13:45:00", "subject": "2\n", "recorded-or-robo": "Y", "city": "", "state": "TX", "area-code": "512"}, {"id": "03e293b3df9e35eadf15c56119417b95", "number": "4798603522", "date": "2021-01-24 13:14:00", "subject": "7\n", "recorded-or-robo": "Y", "city": "", "state": "AR", "area-code": "479"}, {"id": "03e293b3df9e35eadf15c5611941661e", "number": "8035522", "date": "2021-01-21 10:54:00", "subject": "0\n", "recorded-or-robo": "Y", "city": "Reedsport", "state": "OR", "area-code": "541"}, {"id": "03e293b3df9e35eadf15c56119415c84", "number": "", "date": "2021-01-22 18:15:00", "subject": "3\n", "recorded-or-robo": "N", "city": "", "state": "TX", "area-code": "214"}, {"id": "03e293b3df9e35eadf15c5611941648e", "number": "3616453546", "date": "2021-01-21 10:57:00", "subject": "2\n", "recorded-or-robo": "Y", "city": "", "state": "TX", "area-code": "512"}, {"id": "03e293b3df9e35eadf15c561194159b2", "number": "4065647601", "date": "2021-01-14 12:12:00", "subject": "2\n", "recorded-or-robo": "Y", "city": "", "state": "AZ", "area-code": "520"}, {"id": "03e293b3df9e35eadf15c561194156ca", "number": "8137932208", "date": "2021-01-16 12:43:00", "subject": "4\n", "recorded-or-robo": "Y", "city": "", "state": "FL", "area-code": "813"}, {"id": "03e293b3df9e35eadf15c56119414997", "number": "", "date": "2021-01-24 16:35:00", "subject": "2\n", "recorded-or-robo": "Y", "city": "Saint Louis", "state": "MO", "area-code": "314"}, {"id": "03e293b3df9e35eadf15c561194146f1", "number": "6464921644", "date": "2021-01-24 10:34:00", "subject": "2\n", "recorded-or-robo": "Y", "city": "new york", "state": "NY", "area-code": "917"}, {"id": "03e293b3df9e35eadf15c56119414291", "number": "8556780924", "date": "2021-01-23 14:59:00", "subject": "2\n", "recorded-or-robo": "Y", "city": "Beaumont", "state": "TX", "area-code": "409"}, {"id": "03e293b3df9e35eadf15c561194136d1", "number": "8022662748", "date": "2021-01-22 01:08:00", "subject": "4\n", "recorded-or-robo": "Y", "city": "st george", "state": "VT", "area-code": "802"}, {"id": "03e293b3df9e35eadf15c561194134c3", "number": "", "date": "2021-01-24 13:36:00", "subject": "2\n", "recorded-or-robo": "Y", "city": "Saint Petersburg", "state": "FL", "area-code": "727"}, {"id": "03e293b3df9e35eadf15c5611941302d", "number": "8003839484", "date": "2021-01-14 15:26:00", "subject": "2\n", "recorded-or-robo": "Y", "city": "", "state": "AZ", "area-code": "520"}, {"id": "03e293b3df9e35eadf15c56119412ac7", "number": "", "date": "2021-01-22 16:46:00", "subject": "3\n", "recorded-or-robo": "N", "city": "", "state": "TX", "area-code": "214"}, {"id": "03e293b3df9e35eadf15c561194124c3", "number": "", "date": "2021-01-04 11:30:00", "subject": "2\n", "recorded-or-robo": "Y", "city": "Huntington Beach", "state": "CA", "area-code": "714"}, {"id": "03e293b3df9e35eadf15c56119411dcb", "number": "8556786787", "date": "2021-01-23 15:15:00", "subject": "2\n", "recorded-or-robo": "Y", "city": "Beaumont", "state": "TX", "area-code": "409"}, {"id": "03e293b3df9e35eadf15c56119411097", "number": "2099844956", "date": "2021-01-22 13:24:00", "subject": "1\n", "recorded-or-robo": "Y", "city": "", "state": "CA", "area-code": "209"}, {"id": "03e293b3df9e35eadf15c5611941087a", "number": "2073895189", "date": "2021-01-23 12:20:00", "subject": "2\n", "recorded-or-robo": "N", "city": "Bedford", "state": "VA", "area-code": "540"}, {"id": "03e293b3df9e35eadf15c561194102b4", "number": "8763798148", "date": "2021-01-22 18:45:00", "subject": "13\n", "recorded-or-robo": "N", "city": "Roosevelt", "state": "NJ", "area-code": "609"}, {"id": "03e293b3df9e35eadf15c5611940f790", "number": "5202774245", "date": "2021-01-16 10:55:00", "subject": "2\n", "recorded-or-robo": "Y", "city": "", "state": "AZ", "area-code": "520"}, {"id": "03e293b3df9e35eadf15c5611940f1c5", "number": "8027689036", "date": "2021-01-18 13:52:00", "subject": "1\n", "recorded-or-robo": "N", "city": "", "state": "FL", "area-code": "813"}, {"id": "03e293b3df9e35eadf15c5611940dd5d", "number": "", "date": "2021-01-22 16:02:00", "subject": "3\n", "recorded-or-robo": "N", "city": "", "state": "TX", "area-code": "214"}, {"id": "03e293b3df9e35eadf15c5611940ea8c", "number": "2315577615", "date": "2021-01-24 14:08:00", "subject": "1\n", "recorded-or-robo": "Y", "city": "Muskegon", "state": "MI", "area-code": "231"}, {"id": "03e293b3df9e35eadf15c5611940d427", "number": "6269002435", "date": "2021-01-23 17:53:00", "subject": "1\n", "recorded-or-robo": "Y", "city": "", "state": "SC", "area-code": "843"}, {"id": "03e293b3df9e35eadf15c5611940cbe7", "number": "5203146205", "date": "2021-01-17 14:20:00", "subject": "2\n", "recorded-or-robo": "Y", "city": "", "state": "AZ", "area-code": "520"}, {"id": "03e293b3df9e35eadf15c5611940cbaa", "number": "8882804331", "date": "2021-01-23 11:44:00", "subject": "2\n", "recorded-or-robo": "Y", "city": "Staten Island", "state": "NY", "area-code": "718"}, {"id": "03e293b3df9e35eadf15c5611940997c", "number": "", "date": "2021-01-22 14:59:00", "subject": "3\n", "recorded-or-robo": "N", "city": "", "state": "TX", "area-code": "214"}, {"id": "03e293b3df9e35eadf15c5611940c32d", "number": "8556785096", "date": "2021-01-23 16:31:00", "subject": "2\n", "recorded-or-robo": "Y", "city": "Beaumont", "state": "TX", "area-code": "409"}, {"id": "03e293b3df9e35eadf15c5611940b7dc", "number": "6613282545", "date": "2021-01-22 12:45:00", "subject": "5\n", "recorded-or-robo": "Y", "city": "", "state": "CA", "area-code": "209"}, {"id": "03e293b3df9e35eadf15c5611940aaba", "number": "7622007350", "date": "2021-01-24 13:56:00", "subject": "1\n", "recorded-or-robo": "N", "city": "Bedford", "state": "VA", "area-code": "540"}, {"id": "03e293b3df9e35eadf15c5611940a224", "number": "5672028737", "date": "2021-01-18 16:14:00", "subject": "2\n", "recorded-or-robo": "N", "city": "", "state": "FL", "area-code": "813"}, {"id": "03e293b3df9e35eadf15c56119409962", "number": "2524291367", "date": "2021-01-24 14:10:00", "subject": "2\n", "recorded-or-robo": "N", "city": "", "state": "NC", "area-code": "704"}, {"id": "03e293b3df9e35eadf15c56119408fb3", "number": "5208331606", "date": "2021-01-18 10:09:00", "subject": "2\n", "recorded-or-robo": "Y", "city": "", "state": "AZ", "area-code": "520"}, {"id": "03e293b3df9e35eadf15c561194088f2", "number": "8556787910", "date": "2021-01-24 09:36:00", "subject": "2\n", "recorded-or-robo": "Y", "city": "Beaumont", "state": "TX", "area-code": "409"}, {"id": "03e293b3df9e35eadf15c561194079f8", "number": "2128637670", "date": "2021-01-24 13:05:00", "subject": "2\n", "recorded-or-robo": "Y", "city": "new york", "state": "NY", "area-code": "212"}, {"id": "03e293b3df9e35eadf15c56119406e17", "number": "5204674117", "date": "2021-01-20 17:20:00", "subject": "2\n", "recorded-or-robo": "Y", "city": "", "state": "AZ", "area-code": "520"}, {"id": "03e293b3df9e35eadf15c56119406acb", "number": "6144998375", "date": "2021-01-24 13:04:00", "subject": "4\n", "recorded-or-robo": "Y", "city": "COLUMBUS", "state": "OH", "area-code": "614"}, {"id": "03e293b3df9e35eadf15c56119405bc0", "number": "8778900759", "date": "2021-01-24 12:30:00", "subject": "3\n", "recorded-or-robo": "N", "city": "", "state": "WV", "area-code": "304"}, {"id": "03e293b3df9e35eadf15c561194062b6", "number": "3152328257", "date": "2021-01-24 12:00:00", "subject": "1\n", "recorded-or-robo": "Y", "city": "Saint Louis", "state": "MO", "area-code": "314"}, {"id": "03e293b3df9e35eadf15c5611940625a", "number": "8556782059", "date": "2021-01-24 09:52:00", "subject": "2\n", "recorded-or-robo": "Y", "city": "Beaumont", "state": "TX", "area-code": "409"}, {"id": "03e293b3df9e35eadf15c56119405aa4", "number": "9316383122", "date": "2021-01-24 13:04:00", "subject": "2\n", "recorded-or-robo": "Y", "city": "Vanleer", "state": "TN", "area-code": "931"}, {"id": "03e293b3df9e35eadf15c5611940547b", "number": "", "date": "2021-01-24 12:00:00", "subject": "1\n", "recorded-or-robo": "Y", "city": "Wildwood", "state": "MO", "area-code": "314"}, {"id": "03e293b3df9e35eadf15c561193ff303", "number": "2614144024", "date": "2020-09-14 12:02:00", "subject": "3\n", "recorded-or-robo": "", "city": "", "state": "NJ", "area-code": "201"}]}