{"data": [{"id": "03e293b3df9e35eadf15c56119529ae9", "number": "243909761588", "date": "2021-01-24 09:37:00", "subject": "2\n", "recorded-or-robo": "Y", "city": "Waterloo", "state": "IA", "area-code": "319"}, {"id": "03e293b3df9e35eadf15c56119529895", "number": "7206604079", "date": "2021-01-24 11:46:00", "subject": "2\n", "recorded-or-robo": "Y", "city": "Eastvale", "state": "CA", "area-code": "561"}, {"id": "03e293b3df9e35eadf15c56119528f11", "number": "6202637882", "date": "2021-01-21 10:03:00", "subject": "6\n", "recorded-or-robo": "N", "city": "HAYSVILLE", "state": "KS", "area-code": "316"}, {"id": "03e293b3df9e35eadf15c56119528570", "number": "2169066767", "date": "2021-01-24 15:50:00", "subject": "0\n", "recorded-or-robo": "Y", "city": "Ohio", "state": "OH", "area-code": "216"}, {"id": "03e293b3df9e35eadf15c56119528560", "number": "6492318287", "date": "2021-01-24 15:43:00", "subject": "0\n", "recorded-or-robo": "Y", "city": "Waterloo", "state": "IA", "area-code": "319"}, {"id": "03e293b3df9e35eadf15c561195272a4", "number": "5163198265", "date": "2021-01-22 12:00:00", "subject": "3\n", "recorded-or-robo": "", "city": "", "state": "NY", "area-code": "516"}, {"id": "03e293b3df9e35eadf15c56119527d6e", "number": "4693421995", "date": "2021-01-23 14:36:00", "subject": "0\n", "recorded-or-robo": "N", "city": "Jasper", "state": "AL", "area-code": "205"}, {"id": "03e293b3df9e35eadf15c5611952674f", "number": "3606319594", "date": "2021-01-21 14:24:00", "subject": "6\n", "recorded-or-robo": "Y", "city": "Olympia", "state": "WA", "area-code": "360"}, {"id": "03e293b3df9e35eadf15c56119525c91", "number": "8556787186", "date": "2021-01-24 04:39:00", "subject": "11\n", "recorded-or-robo": "Y", "city": "", "state": "FL", "area-code": "813"}, {"id": "03e293b3df9e35eadf15c56119525a60", "number": "3168359215", "date": "2021-01-21 12:31:00", "subject": "6\n", "recorded-or-robo": "N", "city": "HAYSVILLE", "state": "KS", "area-code": "316"}, {"id": "03e293b3df9e35eadf15c56119525571", "number": "4693421995", "date": "2021-01-23 10:28:00", "subject": "0\n", "recorded-or-robo": "N", "city": "Jasper", "state": "AL", "area-code": "205"}, {"id": "03e293b3df9e35eadf15c56119525420", "number": "6029222551", "date": "2021-01-22 11:42:00", "subject": "2\n", "recorded-or-robo": "Y", "city": "Garden City", "state": "KS", "area-code": "620"}, {"id": "03e293b3df9e35eadf15c5611952500e", "number": "7164950014", "date": "2021-01-24 16:49:00", "subject": "11\n", "recorded-or-robo": "N", "city": "Jacksonville", "state": "FL", "area-code": "904"}, {"id": "03e293b3df9e35eadf15c5611952498f", "number": "8884521605", "date": "2021-01-24 13:55:00", "subject": "2\n", "recorded-or-robo": "Y", "city": "Redmond", "state": "WA", "area-code": "425"}, {"id": "03e293b3df9e35eadf15c56119524521", "number": "4693421995", "date": "2021-01-23 08:18:00", "subject": "0\n", "recorded-or-robo": "N", "city": "Jasper", "state": "AL", "area-code": "205"}, {"id": "03e293b3df9e35eadf15c5611952361b", "number": "2307724", "date": "2021-01-21 09:30:00", "subject": "4\n", "recorded-or-robo": "Y", "city": "GARDEN CITY", "state": "KS", "area-code": "620"}, {"id": "03e293b3df9e35eadf15c561195230ef", "number": "9362233278", "date": "2021-01-23 15:28:00", "subject": "0\n", "recorded-or-robo": "Y", "city": "", "state": "TX", "area-code": "936"}, {"id": "03e293b3df9e35eadf15c5611952244d", "number": "5303629543", "date": "2021-01-21 12:00:00", "subject": "15\n", "recorded-or-robo": "N", "city": "Henderson", "state": "NV", "area-code": "702"}, {"id": "03e293b3df9e35eadf15c56119521fbc", "number": "7182446820", "date": "2021-01-24 13:23:00", "subject": "1\n", "recorded-or-robo": "Y", "city": "Savoy", "state": "IL", "area-code": "217"}, {"id": "03e293b3df9e35eadf15c56119521221", "number": "9362067638", "date": "2021-01-23 15:26:00", "subject": "0\n", "recorded-or-robo": "Y", "city": "", "state": "TX", "area-code": "936"}, {"id": "03e293b3df9e35eadf15c56119520437", "number": "2169062714", "date": "2021-01-24 15:39:00", "subject": "0\n", "recorded-or-robo": "Y", "city": "Ohio", "state": "OH", "area-code": "216"}, {"id": "03e293b3df9e35eadf15c5611951fdf1", "number": "6467803465", "date": "2021-01-24 12:34:00", "subject": "2\n", "recorded-or-robo": "Y", "city": "NEW YORK", "state": "NY", "area-code": "646"}, {"id": "03e293b3df9e35eadf15c5611951f700", "number": "9362067638", "date": "2021-01-23 15:29:00", "subject": "0\n", "recorded-or-robo": "Y", "city": "", "state": "TX", "area-code": "936"}, {"id": "03e293b3df9e35eadf15c5611951e648", "number": "5162422461", "date": "2021-01-22 13:16:00", "subject": "3\n", "recorded-or-robo": "", "city": "", "state": "NY", "area-code": "516"}, {"id": "03e293b3df9e35eadf15c5611951f08d", "number": "9362139048", "date": "2021-01-23 15:35:00", "subject": "2\n", "recorded-or-robo": "Y", "city": "", "state": "TX", "area-code": "936"}, {"id": "03e293b3df9e35eadf15c5611951d864", "number": "8705710745", "date": "2021-01-24 15:13:00", "subject": "2\n", "recorded-or-robo": "Y", "city": "Texarkana", "state": "AR", "area-code": "870"}, {"id": "03e293b3df9e35eadf15c5611951d5a5", "number": "", "date": "2021-01-24 00:00:00", "subject": "3\n", "recorded-or-robo": "Y", "city": "", "state": "NY", "area-code": "845"}, {"id": "03e293b3df9e35eadf15c5611951d27b", "number": "6075631414", "date": "2021-01-22 12:40:00", "subject": "1\n", "recorded-or-robo": "Y", "city": "GARDEN CITY", "state": "KS", "area-code": "620"}, {"id": "03e293b3df9e35eadf15c5611951ca1b", "number": "", "date": "2020-12-22 16:20:00", "subject": "3\n", "recorded-or-robo": "Y", "city": "", "state": "MD", "area-code": "410"}, {"id": "03e293b3df9e35eadf15c5611951c35d", "number": "9362270629", "date": "2021-01-23 19:35:00", "subject": "2\n", "recorded-or-robo": "Y", "city": "", "state": "TX", "area-code": "936"}, {"id": "03e293b3df9e35eadf15c5611951ba41", "number": "", "date": "2021-01-24 00:00:00", "subject": "3\n", "recorded-or-robo": "Y", "city": "", "state": "NY", "area-code": "845"}, {"id": "03e293b3df9e35eadf15c5611951adee", "number": "2169064710", "date": "2021-01-24 14:52:00", "subject": "0\n", "recorded-or-robo": "Y", "city": "Ohio", "state": "OH", "area-code": "216"}, {"id": "03e293b3df9e35eadf15c5611951aae7", "number": "9362270629", "date": "2021-01-23 18:24:00", "subject": "2\n", "recorded-or-robo": "Y", "city": "", "state": "TX", "area-code": "936"}, {"id": "03e293b3df9e35eadf15c56119519f00", "number": "5166422461", "date": "2021-01-22 13:16:00", "subject": "3\n", "recorded-or-robo": "", "city": "", "state": "NY", "area-code": "516"}, {"id": "03e293b3df9e35eadf15c5611951a9b2", "number": "9362270629", "date": "2021-01-23 17:33:00", "subject": "2\n", "recorded-or-robo": "Y", "city": "", "state": "TX", "area-code": "936"}, {"id": "03e293b3df9e35eadf15c5611951a71d", "number": "8556783144", "date": "2021-01-24 11:50:00", "subject": "1\n", "recorded-or-robo": "Y", "city": "", "state": "FL", "area-code": "813"}, {"id": "03e293b3df9e35eadf15c56119519f24", "number": "", "date": "2020-12-22 15:44:00", "subject": "3\n", "recorded-or-robo": "Y", "city": "", "state": "MD", "area-code": "410"}, {"id": "03e293b3df9e35eadf15c561195192b8", "number": "", "date": "2021-01-24 00:00:00", "subject": "3\n", "recorded-or-robo": "N", "city": "", "state": "AR", "area-code": "501"}, {"id": "03e293b3df9e35eadf15c561195184e6", "number": "5154198245", "date": "2021-01-24 16:40:00", "subject": "2\n", "recorded-or-robo": "Y", "city": "Jefferson IA", "state": "IA", "area-code": "515"}, {"id": "03e293b3df9e35eadf15c561195184cb", "number": "7753007967", "date": "2021-01-22 17:59:00", "subject": "3\n", "recorded-or-robo": "Y", "city": "", "state": "NV", "area-code": "702"}, {"id": "03e293b3df9e35eadf15c56119517548", "number": "9362270630", "date": "2021-01-24 10:12:00", "subject": "2\n", "recorded-or-robo": "Y", "city": "", "state": "TX", "area-code": "936"}, {"id": "03e293b3df9e35eadf15c561195174d5", "number": "5152193739", "date": "2021-01-21 09:15:00", "subject": "2\n", "recorded-or-robo": "Y", "city": "Chesapeake", "state": "VA", "area-code": "757"}, {"id": "03e293b3df9e35eadf15c56119516bec", "number": "9362270630", "date": "2021-01-24 09:12:00", "subject": "2\n", "recorded-or-robo": "Y", "city": "", "state": "TX", "area-code": "936"}, {"id": "03e293b3df9e35eadf15c561195161cb", "number": "6603492318", "date": "2021-01-24 15:35:00", "subject": "1\n", "recorded-or-robo": "Y", "city": "Panama City Beach", "state": "FL", "area-code": "660"}, {"id": "03e293b3df9e35eadf15c56119515fa5", "number": "3147892368", "date": "2021-01-24 15:43:00", "subject": "2\n", "recorded-or-robo": "", "city": "", "state": "WI", "area-code": "920"}, {"id": "03e293b3df9e35eadf15c561195158d3", "number": "8556783268", "date": "2021-01-24 16:20:00", "subject": "2\n", "recorded-or-robo": "Y", "city": "", "state": "PA", "area-code": "412"}, {"id": "03e293b3df9e35eadf15c56119515146", "number": "6164252307", "date": "2021-01-20 17:06:00", "subject": "2\n", "recorded-or-robo": "Y", "city": "Chesapeake", "state": "VA", "area-code": "757"}, {"id": "03e293b3df9e35eadf15c56119514475", "number": "", "date": "2021-01-22 00:00:00", "subject": "2\n", "recorded-or-robo": "Y", "city": "Ft. Worth", "state": "TX", "area-code": "817"}, {"id": "03e293b3df9e35eadf15c5611951391f", "number": "2169064710", "date": "2021-01-24 14:41:00", "subject": "0\n", "recorded-or-robo": "Y", "city": "Ohio", "state": "OH", "area-code": "216"}, {"id": "03e293b3df9e35eadf15c561195133b5", "number": "3252679282", "date": "2021-01-20 18:44:00", "subject": "2\n", "recorded-or-robo": "Y", "city": "Chesapeake", "state": "VA", "area-code": "757"}]}