{"data": [{"id": "03e293b3df9e35eadf15c561194cd360", "number": "2043062890", "date": "2021-01-23 12:23:00", "subject": "0\n", "recorded-or-robo": "Y", "city": "CATHEDRAL CITY", "state": "CA", "area-code": "760"}, {"id": "03e293b3df9e35eadf15c561194cc864", "number": "8137882639", "date": "2021-01-24 13:00:00", "subject": "11\n", "recorded-or-robo": "Y", "city": "", "state": "FL", "area-code": "813"}, {"id": "03e293b3df9e35eadf15c561194cbcf6", "number": "", "date": "2021-01-24 14:00:00", "subject": "11\n", "recorded-or-robo": "Y", "city": "Lake Saint Louis", "state": "MO", "area-code": "314"}, {"id": "03e293b3df9e35eadf15c561194cb924", "number": "5303091633", "date": "2021-01-21 13:15:00", "subject": "2\n", "recorded-or-robo": "N", "city": "", "state": "CA", "area-code": "530"}, {"id": "03e293b3df9e35eadf15c561194cb0dc", "number": "4158940988", "date": "2021-01-12 11:30:00", "subject": "2\n", "recorded-or-robo": "Y", "city": "Pacheco", "state": "CA", "area-code": "925"}, {"id": "03e293b3df9e35eadf15c561194ca690", "number": "", "date": "2021-01-24 12:54:00", "subject": "2\n", "recorded-or-robo": "Y", "city": "", "state": "CA", "area-code": "408"}, {"id": "03e293b3df9e35eadf15c561194c9f55", "number": "3605487715", "date": "2021-01-22 09:15:00", "subject": "6\n", "recorded-or-robo": "Y", "city": "Bremerton", "state": "WA", "area-code": "360"}, {"id": "03e293b3df9e35eadf15c561194c9517", "number": "8632501010", "date": "2020-12-22 10:02:00", "subject": "6\n", "recorded-or-robo": "Y", "city": "Lincolndale, n.y.", "state": "NY", "area-code": "912"}, {"id": "03e293b3df9e35eadf15c561194c9505", "number": "7273645509", "date": "2021-01-24 15:32:00", "subject": "1\n", "recorded-or-robo": "Y", "city": "New port richey", "state": "FL", "area-code": "727"}, {"id": "03e293b3df9e35eadf15c561194c905a", "number": "5304470732", "date": "2021-01-19 20:21:00", "subject": "2\n", "recorded-or-robo": "N", "city": "", "state": "CA", "area-code": "530"}, {"id": "03e293b3df9e35eadf15c561194c8bcd", "number": "", "date": "2021-01-20 12:00:00", "subject": "3\n", "recorded-or-robo": "Y", "city": "Cal", "state": "MO", "area-code": "619"}, {"id": "03e293b3df9e35eadf15c561194c820b", "number": "", "date": "2021-01-23 12:35:00", "subject": "2\n", "recorded-or-robo": "Y", "city": "", "state": "CA", "area-code": "408"}, {"id": "03e293b3df9e35eadf15c561194c792c", "number": "8154768715", "date": "2021-01-23 15:44:00", "subject": "1\n", "recorded-or-robo": "N", "city": "Glendale", "state": "AZ", "area-code": "602"}, {"id": "03e293b3df9e35eadf15c561194c6ee8", "number": "7246861712", "date": "2021-01-24 12:22:00", "subject": "2\n", "recorded-or-robo": "Y", "city": "", "state": "CA", "area-code": "925"}, {"id": "03e293b3df9e35eadf15c561194c602f", "number": "", "date": "2021-01-23 15:56:00", "subject": "2\n", "recorded-or-robo": "Y", "city": "Bad Axe", "state": "MI", "area-code": "989"}, {"id": "03e293b3df9e35eadf15c561194c5934", "number": "6287772477", "date": "2021-01-19 13:52:00", "subject": "6\n", "recorded-or-robo": "Y", "city": "Pacheco", "state": "CA", "area-code": "925"}, {"id": "03e293b3df9e35eadf15c561194c4ab3", "number": "3237410538", "date": "2021-01-24 10:26:00", "subject": "2\n", "recorded-or-robo": "N", "city": "", "state": "CA", "area-code": "323"}, {"id": "03e293b3df9e35eadf15c561194c49bb", "number": "9516567264", "date": "2021-01-07 14:28:00", "subject": "4\n", "recorded-or-robo": "Y", "city": "San Jose", "state": "CA", "area-code": "408"}, {"id": "03e293b3df9e35eadf15c561194c4978", "number": "7278629235", "date": "2021-01-23 11:00:00", "subject": "2\n", "recorded-or-robo": "Y", "city": "Hudson", "state": "FL", "area-code": "727"}, {"id": "03e293b3df9e35eadf15c561194c3d47", "number": "8887463423", "date": "2021-01-23 14:11:00", "subject": "2\n", "recorded-or-robo": "Y", "city": "Jefferson", "state": "GA", "area-code": "706"}, {"id": "03e293b3df9e35eadf15c561194c303c", "number": "5304470732", "date": "2021-01-19 18:10:00", "subject": "2\n", "recorded-or-robo": "N", "city": "", "state": "CA", "area-code": "530"}, {"id": "03e293b3df9e35eadf15c561194c2423", "number": "", "date": "2021-01-24 03:29:00", "subject": "11\n", "recorded-or-robo": "Y", "city": "The Plains", "state": "OH", "area-code": "740"}, {"id": "03e293b3df9e35eadf15c561194c1b76", "number": "3144401675", "date": "2021-01-24 14:43:00", "subject": "11\n", "recorded-or-robo": "Y", "city": "St. Louis", "state": "MO", "area-code": "314"}, {"id": "03e293b3df9e35eadf15c561194c1804", "number": "2252307967", "date": "2021-01-22 11:34:00", "subject": "0\n", "recorded-or-robo": "Y", "city": "Sorrento", "state": "LA", "area-code": "225"}, {"id": "03e293b3df9e35eadf15c561194c0f47", "number": "3045078231", "date": "2021-01-23 13:00:00", "subject": "1\n", "recorded-or-robo": "Y", "city": "Columbia", "state": "MO", "area-code": "573"}, {"id": "03e293b3df9e35eadf15c561194c0684", "number": "8183525610", "date": "2021-01-22 08:43:00", "subject": "3\n", "recorded-or-robo": "", "city": "", "state": "CA", "area-code": "818"}, {"id": "03e293b3df9e35eadf15c561194bfa99", "number": "2087688870", "date": "2021-01-24 14:52:00", "subject": "1\n", "recorded-or-robo": "Y", "city": "", "state": "MO", "area-code": "816"}, {"id": "03e293b3df9e35eadf15c561194bebbd", "number": "4154675851", "date": "2021-01-22 07:26:00", "subject": "4\n", "recorded-or-robo": "Y", "city": "", "state": "CA", "area-code": "818"}, {"id": "03e293b3df9e35eadf15c561194bdfef", "number": "3177489627", "date": "2021-01-16 18:59:00", "subject": "1\n", "recorded-or-robo": "Y", "city": "Indianapolis", "state": "IN", "area-code": "317"}, {"id": "03e293b3df9e35eadf15c561194bd30b", "number": "", "date": "2021-01-24 12:10:00", "subject": "1\n", "recorded-or-robo": "Y", "city": "Saint Louis", "state": "MO", "area-code": "314"}, {"id": "03e293b3df9e35eadf15c561194bc9af", "number": "", "date": "2021-01-17 00:00:00", "subject": "2\n", "recorded-or-robo": "Y", "city": "", "state": "CA", "area-code": "310"}, {"id": "03e293b3df9e35eadf15c561194bbff2", "number": "3463881581", "date": "2021-01-08 12:00:00", "subject": "5\n", "recorded-or-robo": "Y", "city": "Woodland Park", "state": "CO", "area-code": "719"}, {"id": "03e293b3df9e35eadf15c561194bba6f", "number": "5746743028", "date": "2021-01-22 14:00:00", "subject": "11\n", "recorded-or-robo": "Y", "city": "Mishawaka", "state": "IN", "area-code": "574"}, {"id": "03e293b3df9e35eadf15c561194badfb", "number": "2763021868", "date": "2021-01-23 15:35:00", "subject": "3\n", "recorded-or-robo": "Y", "city": "Columbia", "state": "MO", "area-code": "573"}, {"id": "03e293b3df9e35eadf15c561194b9fd3", "number": "7196896662", "date": "2021-01-24 01:33:00", "subject": "2\n", "recorded-or-robo": "Y", "city": "Cripple Creek", "state": "CO", "area-code": "719"}, {"id": "03e293b3df9e35eadf15c561194b9592", "number": "3177487494", "date": "2021-01-16 17:50:00", "subject": "1\n", "recorded-or-robo": "Y", "city": "Indianapolis", "state": "IN", "area-code": "317"}, {"id": "03e293b3df9e35eadf15c561194b917e", "number": "", "date": "2021-01-24 15:33:00", "subject": "2\n", "recorded-or-robo": "N", "city": "New Port Richey", "state": "FL", "area-code": "727"}, {"id": "03e293b3df9e35eadf15c561194b8e67", "number": "8763776138", "date": "2021-01-24 14:37:00", "subject": "13\n", "recorded-or-robo": "Y", "city": "Grant", "state": "AL", "area-code": "256"}, {"id": "03e293b3df9e35eadf15c561194b8b47", "number": "2566497320", "date": "2021-01-24 13:45:00", "subject": "3\n", "recorded-or-robo": "Y", "city": "", "state": "UT", "area-code": "801"}, {"id": "03e293b3df9e35eadf15c561194b86a5", "number": "6073548070", "date": "2021-01-04 16:21:00", "subject": "5\n", "recorded-or-robo": "Y", "city": "Herndon", "state": "NY", "area-code": "607"}, {"id": "03e293b3df9e35eadf15c561194b8247", "number": "5306629259", "date": "2021-01-19 13:55:00", "subject": "2\n", "recorded-or-robo": "N", "city": "", "state": "CA", "area-code": "530"}, {"id": "03e293b3df9e35eadf15c561194b77fd", "number": "3152328527", "date": "2021-01-03 08:01:00", "subject": "11\n", "recorded-or-robo": "Y", "city": "", "state": "MO", "area-code": "314"}, {"id": "03e293b3df9e35eadf15c561194b72e6", "number": "6079485843", "date": "2021-01-06 17:24:00", "subject": "5\n", "recorded-or-robo": "Y", "city": "Herndon", "state": "NY", "area-code": "607"}, {"id": "03e293b3df9e35eadf15c561194b6f2e", "number": "6072109373", "date": "2021-01-20 12:00:00", "subject": "5\n", "recorded-or-robo": "Y", "city": "Herndon", "state": "VA", "area-code": "607"}, {"id": "03e293b3df9e35eadf15c561194b6e89", "number": "3154129554", "date": "2021-01-22 15:15:00", "subject": "4\n", "recorded-or-robo": "Y", "city": "willseyville", "state": "NY", "area-code": "315"}, {"id": "03e293b3df9e35eadf15c561194b696e", "number": "", "date": "2021-01-22 10:15:00", "subject": "1\n", "recorded-or-robo": "Y", "city": "", "state": "IL", "area-code": "217"}, {"id": "03e293b3df9e35eadf15c561194b5fac", "number": "8509604801", "date": "2021-01-24 15:00:00", "subject": "11\n", "recorded-or-robo": "Y", "city": "ODESSA", "state": "FL", "area-code": "850"}, {"id": "03e293b3df9e35eadf15c561194b5745", "number": "6812015484", "date": "2021-01-22 16:19:00", "subject": "5\n", "recorded-or-robo": "Y", "city": "Colorado Springs", "state": "CO", "area-code": "719"}, {"id": "03e293b3df9e35eadf15c561194b542f", "number": "5561202198", "date": "2021-01-24 03:45:00", "subject": "2\n", "recorded-or-robo": "", "city": "", "state": "SD", "area-code": "605"}, {"id": "03e293b3df9e35eadf15c561194b5405", "number": "3177484787", "date": "2021-01-16 17:24:00", "subject": "1\n", "recorded-or-robo": "Y", "city": "Indianapolis", "state": "IN", "area-code": "317"}]}