{"data": [{"id": "3decc6bfadaa436a105714c6bab10b05", "number": "3152328257", "date": "2021-01-24 10:01:00", "subject": "11", "recorded-or-robo": "Y", "city": "Richland", "state": "WA", "area-code": "509"}, {"id": "03e293b3df9e35eadf15c561194746f3", "number": "3152328257", "date": "2021-01-24 10:01:00", "subject": "11", "recorded-or-robo": "Y", "city": "Richland", "state": "WA", "area-code": "509"}, {"id": "3decc6bfadaa436a105714c6bab1064b", "number": "2253516005", "date": "2020-10-15 15:34:00", "subject": "2", "recorded-or-robo": "Y", "city": "Baton Rouge", "state": "LA", "area-code": "225"}, {"id": "03e293b3df9e35eadf15c561194744e9", "number": "2253516005", "date": "2020-10-15 15:34:00", "subject": "2", "recorded-or-robo": "Y", "city": "Baton Rouge", "state": "LA", "area-code": "225"}, {"id": "3decc6bfadaa436a105714c6bab10414", "number": "2769703410", "date": "2021-01-19 15:14:00", "subject": "2", "recorded-or-robo": "N", "city": "Stuart", "state": "VA", "area-code": "276"}, {"id": "03e293b3df9e35eadf15c56119473b79", "number": "2769703410", "date": "2021-01-19 15:14:00", "subject": "2", "recorded-or-robo": "N", "city": "Stuart", "state": "VA", "area-code": "276"}, {"id": "3decc6bfadaa436a105714c6bab0f89b", "number": "4052814426", "date": "2021-01-13 09:55:00", "subject": "4", "recorded-or-robo": "Y", "city": "Edmond", "state": "OK", "area-code": "405"}, {"id": "03e293b3df9e35eadf15c5611947389e", "number": "4052814426", "date": "2021-01-13 09:55:00", "subject": "4", "recorded-or-robo": "Y", "city": "Edmond", "state": "OK", "area-code": "405"}, {"id": "3decc6bfadaa436a105714c6bab0f122", "number": "3155373510", "date": "2021-01-19 12:11:00", "subject": "4", "recorded-or-robo": "Y", "city": "COLUMBIA", "state": "NY", "area-code": "315"}, {"id": "03e293b3df9e35eadf15c56119473565", "number": "3155373510", "date": "2021-01-19 12:11:00", "subject": "4", "recorded-or-robo": "Y", "city": "COLUMBIA", "state": "NY", "area-code": "315"}, {"id": "3decc6bfadaa436a105714c6bab0e9bf", "number": "7144614039", "date": "2021-01-23 17:00:00", "subject": "4", "recorded-or-robo": "N", "city": "Oceanside", "state": "CA", "area-code": "760"}, {"id": "03e293b3df9e35eadf15c561194731b2", "number": "7144614039", "date": "2021-01-23 17:00:00", "subject": "4", "recorded-or-robo": "N", "city": "Oceanside", "state": "CA", "area-code": "760"}, {"id": "3decc6bfadaa436a105714c6bab0e218", "number": "8135458292", "date": "2021-01-24 14:54:00", "subject": "4", "recorded-or-robo": "Y", "city": "Lithia", "state": "FL", "area-code": "813"}, {"id": "03e293b3df9e35eadf15c56119473143", "number": "8135458292", "date": "2021-01-24 14:54:00", "subject": "4", "recorded-or-robo": "Y", "city": "Lithia", "state": "FL", "area-code": "813"}, {"id": "3decc6bfadaa436a105714c6bab0e212", "number": "5407517172", "date": "2021-01-21 10:08:00", "subject": "2", "recorded-or-robo": "N", "city": "Stuart", "state": "VA", "area-code": "276"}, {"id": "03e293b3df9e35eadf15c5611947274a", "number": "5407517172", "date": "2021-01-21 10:08:00", "subject": "2", "recorded-or-robo": "N", "city": "Stuart", "state": "VA", "area-code": "276"}, {"id": "3decc6bfadaa436a105714c6bab0d778", "number": "2252172330", "date": "2020-10-19 11:16:00", "subject": "2", "recorded-or-robo": "Y", "city": "Baton Rouge", "state": "LA", "area-code": "225"}, {"id": "03e293b3df9e35eadf15c561194724c0", "number": "2252172330", "date": "2020-10-19 11:16:00", "subject": "2", "recorded-or-robo": "Y", "city": "Baton Rouge", "state": "LA", "area-code": "225"}, {"id": "3decc6bfadaa436a105714c6bab0cf08", "number": "8556781771", "date": "2021-01-24 00:00:00", "subject": "2", "recorded-or-robo": "Y", "city": "", "state": "FL", "area-code": "813"}, {"id": "03e293b3df9e35eadf15c561194717a4", "number": "8556781771", "date": "2021-01-24 00:00:00", "subject": "2", "recorded-or-robo": "Y", "city": "", "state": "FL", "area-code": "813"}, {"id": "3decc6bfadaa436a105714c6bab0c539", "number": "2029982870", "date": "2021-01-23 16:51:00", "subject": "2", "recorded-or-robo": "Y", "city": "", "state": "MN", "area-code": "952"}, {"id": "03e293b3df9e35eadf15c56119470ad3", "number": "2029982870", "date": "2021-01-23 16:51:00", "subject": "2", "recorded-or-robo": "Y", "city": "", "state": "MN", "area-code": "952"}, {"id": "3decc6bfadaa436a105714c6bab0b769", "number": "5099447609", "date": "2021-01-24 08:44:00", "subject": "11", "recorded-or-robo": "Y", "city": "Spokane", "state": "WA", "area-code": "509"}, {"id": "03e293b3df9e35eadf15c56119470ad0", "number": "5099447609", "date": "2021-01-24 08:44:00", "subject": "11", "recorded-or-robo": "Y", "city": "Spokane", "state": "WA", "area-code": "509"}, {"id": "3decc6bfadaa436a105714c6bab0ac79", "number": "3155373510", "date": "2021-01-19 13:37:00", "subject": "4", "recorded-or-robo": "Y", "city": "COLUMBIA", "state": "NY", "area-code": "315"}, {"id": "03e293b3df9e35eadf15c561194709ce", "number": "3155373510", "date": "2021-01-19 13:37:00", "subject": "4", "recorded-or-robo": "Y", "city": "COLUMBIA", "state": "NY", "area-code": "315"}, {"id": "3decc6bfadaa436a105714c6bab0a94c", "number": "8133207743", "date": "2021-01-24 11:54:00", "subject": "0", "recorded-or-robo": "Y", "city": "Reno", "state": "CA", "area-code": "916"}, {"id": "03e293b3df9e35eadf15c561194700f2", "number": "8133207743", "date": "2021-01-24 11:54:00", "subject": "0", "recorded-or-robo": "Y", "city": "Reno", "state": "CA", "area-code": "916"}, {"id": "3decc6bfadaa436a105714c6bab0a7d4", "number": "7346215002", "date": "2021-01-24 15:00:00", "subject": "5", "recorded-or-robo": "Y", "city": "Berlin", "state": "NJ", "area-code": "702"}, {"id": "03e293b3df9e35eadf15c5611946f1c4", "number": "7346215002", "date": "2021-01-24 15:00:00", "subject": "5", "recorded-or-robo": "Y", "city": "Berlin", "state": "NJ", "area-code": "702"}, {"id": "3decc6bfadaa436a105714c6bab09ad3", "number": "2762586344", "date": "2021-01-21 11:30:00", "subject": "2", "recorded-or-robo": "N", "city": "Stuart", "state": "VA", "area-code": "276"}, {"id": "03e293b3df9e35eadf15c5611946e613", "number": "2762586344", "date": "2021-01-21 11:30:00", "subject": "2", "recorded-or-robo": "N", "city": "Stuart", "state": "VA", "area-code": "276"}, {"id": "3decc6bfadaa436a105714c6bab097e6", "number": "3103823484", "date": "2021-01-18 15:56:00", "subject": "2", "recorded-or-robo": "Y", "city": "Baton Rouge", "state": "LA", "area-code": "225"}, {"id": "03e293b3df9e35eadf15c5611946d864", "number": "3103823484", "date": "2021-01-18 15:56:00", "subject": "2", "recorded-or-robo": "Y", "city": "Baton Rouge", "state": "LA", "area-code": "225"}, {"id": "3decc6bfadaa436a105714c6bab089b5", "number": "4052814449", "date": "2021-01-13 08:53:00", "subject": "4", "recorded-or-robo": "Y", "city": "Edmond", "state": "OK", "area-code": "405"}, {"id": "3decc6bfadaa436a105714c6bab08845", "number": "2034643741", "date": "2021-01-23 16:22:00", "subject": "3", "recorded-or-robo": "Y", "city": "", "state": "CT", "area-code": "203"}, {"id": "03e293b3df9e35eadf15c5611946d5f2", "number": "4052814449", "date": "2021-01-13 08:53:00", "subject": "4", "recorded-or-robo": "Y", "city": "Edmond", "state": "OK", "area-code": "405"}, {"id": "03e293b3df9e35eadf15c5611946cd1a", "number": "2034643741", "date": "2021-01-23 16:22:00", "subject": "3", "recorded-or-robo": "Y", "city": "", "state": "CT", "area-code": "203"}, {"id": "3decc6bfadaa436a105714c6bab07877", "number": "72777855754", "date": "2021-01-24 12:32:00", "subject": "11", "recorded-or-robo": "Y", "city": "Oldsmar", "state": "FL", "area-code": "727"}, {"id": "03e293b3df9e35eadf15c5611946c1c2", "number": "72777855754", "date": "2021-01-24 12:32:00", "subject": "11", "recorded-or-robo": "Y", "city": "Oldsmar", "state": "FL", "area-code": "727"}, {"id": "3decc6bfadaa436a105714c6bab077e9", "number": "5713216061", "date": "2021-01-21 11:45:00", "subject": "2", "recorded-or-robo": "N", "city": "Stuart", "state": "VA", "area-code": "276"}, {"id": "03e293b3df9e35eadf15c5611946ba51", "number": "5713216061", "date": "2021-01-21 11:45:00", "subject": "2", "recorded-or-robo": "N", "city": "Stuart", "state": "VA", "area-code": "276"}, {"id": "3decc6bfadaa436a105714c6bab06a57", "number": "7076153272", "date": "2021-01-18 16:35:00", "subject": "2", "recorded-or-robo": "Y", "city": "Baton Rouge", "state": "LA", "area-code": "225"}, {"id": "3decc6bfadaa436a105714c6bab05eec", "number": "7603597903", "date": "2021-01-24 11:58:00", "subject": "2", "recorded-or-robo": "N", "city": "Oceanside", "state": "CA", "area-code": "760"}, {"id": "03e293b3df9e35eadf15c5611946aa70", "number": "7076153272", "date": "2021-01-18 16:35:00", "subject": "2", "recorded-or-robo": "Y", "city": "Baton Rouge", "state": "LA", "area-code": "225"}, {"id": "03e293b3df9e35eadf15c5611946a007", "number": "7603597903", "date": "2021-01-24 11:58:00", "subject": "2", "recorded-or-robo": "N", "city": "Oceanside", "state": "CA", "area-code": "760"}, {"id": "3decc6bfadaa436a105714c6bab0536d", "number": "4122588232", "date": "2021-01-15 09:54:00", "subject": "0", "recorded-or-robo": "N", "city": "Pittsburgh", "state": "PA", "area-code": "412"}, {"id": "03e293b3df9e35eadf15c56119469a86", "number": "4122588232", "date": "2021-01-15 09:54:00", "subject": "0", "recorded-or-robo": "N", "city": "Pittsburgh", "state": "PA", "area-code": "412"}, {"id": "3decc6bfadaa436a105714c6bab048c3", "number": "5703046588", "date": "2021-01-24 14:00:00", "subject": "8", "recorded-or-robo": "N", "city": "Montoursville", "state": "PA", "area-code": "570"}, {"id": "03e293b3df9e35eadf15c56119469281", "number": "5703046588", "date": "2021-01-24 14:00:00", "subject": "8", "recorded-or-robo": "N", "city": "Montoursville", "state": "PA", "area-code": "570"}]}