{"data": [{"id": "03e293b3df9e35eadf15c56119681979", "number": "3146080203", "date": "2021-01-13 14:44:00", "subject": "0\n", "recorded-or-robo": "N", "city": "Trinity", "state": "FL", "area-code": "727"}, {"id": "03e293b3df9e35eadf15c56119681604", "number": "", "date": "2021-01-24 19:25:00", "subject": "2\n", "recorded-or-robo": "Y", "city": "WOODRIDGE", "state": "IL", "area-code": "630"}, {"id": "03e293b3df9e35eadf15c5611968142c", "number": "3143076325", "date": "2021-01-24 14:00:00", "subject": "2\n", "recorded-or-robo": "Y", "city": "Edwardsville", "state": "MO", "area-code": "314"}, {"id": "03e293b3df9e35eadf15c56119681191", "number": "8189281209", "date": "2021-01-19 14:17:00", "subject": "2\n", "recorded-or-robo": "Y", "city": "Calabasas", "state": "CA", "area-code": "818"}, {"id": "03e293b3df9e35eadf15c561196809eb", "number": "5092544001", "date": "2021-01-24 15:54:00", "subject": "2\n", "recorded-or-robo": "Y", "city": "Freeland", "state": "WA", "area-code": "509"}, {"id": "03e293b3df9e35eadf15c5611967ce79", "number": "4057797259", "date": "2021-01-24 16:40:00", "subject": "3\n", "recorded-or-robo": "", "city": "", "state": "MO", "area-code": "417"}, {"id": "03e293b3df9e35eadf15c5611967faf3", "number": "870484744", "date": "2021-01-24 19:24:00", "subject": "2\n", "recorded-or-robo": "N", "city": "Maynard", "state": "AR", "area-code": "870"}, {"id": "03e293b3df9e35eadf15c5611967eddf", "number": "8189617787", "date": "2021-01-19 05:45:00", "subject": "2\n", "recorded-or-robo": "Y", "city": "Calabasas", "state": "CA", "area-code": "818"}, {"id": "03e293b3df9e35eadf15c5611967e8e3", "number": "", "date": "2021-01-23 10:15:00", "subject": "1\n", "recorded-or-robo": "Y", "city": "Middleburg Hts.", "state": "OH", "area-code": "216"}, {"id": "03e293b3df9e35eadf15c5611967da50", "number": "7866779695", "date": "2021-01-22 14:43:00", "subject": "11\n", "recorded-or-robo": "Y", "city": "Williamstown", "state": "NJ", "area-code": "856"}, {"id": "03e293b3df9e35eadf15c5611967ce6a", "number": "3149333333", "date": "2021-01-24 14:07:00", "subject": "2\n", "recorded-or-robo": "Y", "city": "Edwardsville", "state": "IL", "area-code": "314"}, {"id": "03e293b3df9e35eadf15c5611967cbfe", "number": "4693835780", "date": "2021-01-24 15:17:00", "subject": "2\n", "recorded-or-robo": "Y", "city": "Cedar Hill", "state": "TX", "area-code": "972"}, {"id": "03e293b3df9e35eadf15c5611967c68f", "number": "", "date": "2021-01-24 19:07:00", "subject": "1\n", "recorded-or-robo": "Y", "city": "clinton", "state": "MO", "area-code": "660"}, {"id": "03e293b3df9e35eadf15c5611967bd10", "number": "8183568791", "date": "2021-01-18 11:34:00", "subject": "2\n", "recorded-or-robo": "Y", "city": "Calabasas", "state": "CA", "area-code": "818"}, {"id": "03e293b3df9e35eadf15c5611967ad9f", "number": "4057796011", "date": "2021-01-24 05:57:00", "subject": "3\n", "recorded-or-robo": "Y", "city": "", "state": "MO", "area-code": "417"}, {"id": "03e293b3df9e35eadf15c56119679e76", "number": "5016289449", "date": "2021-01-09 15:29:00", "subject": "0\n", "recorded-or-robo": "N", "city": "Trinity", "state": "FL", "area-code": "727"}, {"id": "03e293b3df9e35eadf15c56119679881", "number": "3152328257", "date": "2021-01-24 08:08:00", "subject": "11\n", "recorded-or-robo": "Y", "city": "Blue Ash", "state": "OH", "area-code": "314"}, {"id": "03e293b3df9e35eadf15c56119678a4d", "number": "529621240670", "date": "2021-01-24 17:44:00", "subject": "0\n", "recorded-or-robo": "Y", "city": "", "state": "IL", "area-code": "773"}, {"id": "03e293b3df9e35eadf15c561196788d0", "number": "3143078291", "date": "2021-01-24 14:53:00", "subject": "2\n", "recorded-or-robo": "Y", "city": "Edwardsville", "state": "IL", "area-code": "314"}, {"id": "03e293b3df9e35eadf15c56119677a0e", "number": "8189784897", "date": "2021-01-18 08:15:00", "subject": "2\n", "recorded-or-robo": "Y", "city": "Calabasas", "state": "CA", "area-code": "818"}, {"id": "03e293b3df9e35eadf15c561196774e2", "number": "8174715289", "date": "2021-01-21 22:06:00", "subject": "3\n", "recorded-or-robo": "Y", "city": "", "state": "MO", "area-code": "417"}, {"id": "03e293b3df9e35eadf15c561196774ad", "number": "4352504272", "date": "2021-01-09 15:15:00", "subject": "0\n", "recorded-or-robo": "N", "city": "Trinity", "state": "FL", "area-code": "727"}, {"id": "03e293b3df9e35eadf15c56119676a4a", "number": "8186398555", "date": "2021-01-15 13:44:00", "subject": "2\n", "recorded-or-robo": "Y", "city": "Calabasas", "state": "CA", "area-code": "818"}, {"id": "03e293b3df9e35eadf15c561196763db", "number": "8186292076", "date": "2021-01-23 17:22:00", "subject": "3\n", "recorded-or-robo": "", "city": "Wyoming", "state": "DE", "area-code": "302"}, {"id": "03e293b3df9e35eadf15c5611967621e", "number": "3143074056", "date": "2021-01-24 15:12:00", "subject": "2\n", "recorded-or-robo": "Y", "city": "Edwardsville", "state": "IL", "area-code": "314"}, {"id": "03e293b3df9e35eadf15c56119675c54", "number": "8188627635", "date": "2021-01-14 10:45:00", "subject": "2\n", "recorded-or-robo": "Y", "city": "Calabasas", "state": "CA", "area-code": "818"}, {"id": "03e293b3df9e35eadf15c56119675c27", "number": "9167267361", "date": "2021-01-24 17:21:00", "subject": "1\n", "recorded-or-robo": "Y", "city": "citrus heights.", "state": "CA", "area-code": "916"}, {"id": "03e293b3df9e35eadf15c561196752c0", "number": "6027550146", "date": "2021-01-22 13:32:00", "subject": "0\n", "recorded-or-robo": "Y", "city": "", "state": "AZ", "area-code": "602"}, {"id": "03e293b3df9e35eadf15c5611967240b", "number": "4172002692", "date": "2021-01-21 12:25:00", "subject": "3\n", "recorded-or-robo": "", "city": "", "state": "MO", "area-code": "417"}, {"id": "03e293b3df9e35eadf15c5611967470b", "number": "8556788388", "date": "2021-01-24 20:19:00", "subject": "11\n", "recorded-or-robo": "Y", "city": "Gainesville", "state": "FL", "area-code": "352"}, {"id": "03e293b3df9e35eadf15c56119673e11", "number": "9043056882", "date": "2021-01-03 00:00:00", "subject": "11\n", "recorded-or-robo": "Y", "city": "Lagos", "state": "VT", "area-code": "904"}, {"id": "03e293b3df9e35eadf15c561196735e4", "number": "9782343919", "date": "2021-01-22 12:41:00", "subject": "0\n", "recorded-or-robo": "Y", "city": "", "state": "AZ", "area-code": "602"}, {"id": "03e293b3df9e35eadf15c56119673245", "number": "2487443391", "date": "2021-01-24 10:53:00", "subject": "2\n", "recorded-or-robo": "Y", "city": "Rochester Hills", "state": "MI", "area-code": "248"}, {"id": "03e293b3df9e35eadf15c561196725d6", "number": "6613061849", "date": "2021-01-14 07:29:00", "subject": "2\n", "recorded-or-robo": "Y", "city": "Calabasas", "state": "CA", "area-code": "818"}, {"id": "03e293b3df9e35eadf15c56119671513", "number": "5092339803", "date": "2021-01-24 16:10:00", "subject": "2\n", "recorded-or-robo": "Y", "city": "LOON LAKE", "state": "WA", "area-code": "509"}, {"id": "03e293b3df9e35eadf15c561196713f4", "number": "9782343919", "date": "2021-01-22 11:37:00", "subject": "0\n", "recorded-or-robo": "Y", "city": "", "state": "AZ", "area-code": "602"}, {"id": "03e293b3df9e35eadf15c56119671095", "number": "3234869440", "date": "2021-01-13 10:31:00", "subject": "2\n", "recorded-or-robo": "Y", "city": "Calabasas", "state": "CA", "area-code": "818"}, {"id": "03e293b3df9e35eadf15c561196708e8", "number": "6154863620", "date": "2021-01-12 00:00:00", "subject": "3\n", "recorded-or-robo": "Y", "city": "", "state": "CA", "area-code": "669"}, {"id": "03e293b3df9e35eadf15c56119670585", "number": "4147325913", "date": "2021-01-24 19:20:00", "subject": "1\n", "recorded-or-robo": "Y", "city": "", "state": "WI", "area-code": "414"}, {"id": "03e293b3df9e35eadf15c561196701c4", "number": "6108947192", "date": "2021-01-22 16:15:00", "subject": "4\n", "recorded-or-robo": "Y", "city": "ROYERSFORD", "state": "PA", "area-code": "610"}, {"id": "03e293b3df9e35eadf15c5611966fd36", "number": "8605493741", "date": "2021-01-23 16:23:00", "subject": "6\n", "recorded-or-robo": "N", "city": "Groton", "state": "CT", "area-code": "860"}, {"id": "03e293b3df9e35eadf15c5611966f912", "number": "3143086806", "date": "2021-01-24 19:17:00", "subject": "2\n", "recorded-or-robo": "Y", "city": "St Louis", "state": "MO", "area-code": "314"}, {"id": "03e293b3df9e35eadf15c5611966ec55", "number": "8186101844", "date": "2021-01-13 17:47:00", "subject": "2\n", "recorded-or-robo": "Y", "city": "Calabasas", "state": "CA", "area-code": "818"}, {"id": "03e293b3df9e35eadf15c5611966dcdc", "number": "7163376697", "date": "2021-01-22 09:00:00", "subject": "1\n", "recorded-or-robo": "Y", "city": "Loveland", "state": "CO", "area-code": "970"}, {"id": "03e293b3df9e35eadf15c5611966d7d8", "number": "6027550146", "date": "2021-01-20 20:23:00", "subject": "0\n", "recorded-or-robo": "Y", "city": "", "state": "AZ", "area-code": "602"}, {"id": "03e293b3df9e35eadf15c5611966d545", "number": "8556987934", "date": "2021-01-24 00:00:00", "subject": "11\n", "recorded-or-robo": "Y", "city": "Hazelwood", "state": "MO", "area-code": "314"}, {"id": "03e293b3df9e35eadf15c5611966c5a7", "number": "9496030479", "date": "2021-01-24 17:19:00", "subject": "0\n", "recorded-or-robo": "Y", "city": "", "state": "CA", "area-code": "949"}, {"id": "03e293b3df9e35eadf15c5611966c267", "number": "3152328257", "date": "2021-01-24 12:30:00", "subject": "1\n", "recorded-or-robo": "Y", "city": "", "state": "MO", "area-code": "314"}, {"id": "03e293b3df9e35eadf15c5611966c0f8", "number": "9726560958", "date": "2021-01-21 18:40:00", "subject": "2\n", "recorded-or-robo": "N", "city": "Irving", "state": "TX", "area-code": "972"}, {"id": "03e293b3df9e35eadf15c5611966bf15", "number": "6469185925", "date": "2021-01-21 00:00:00", "subject": "2\n", "recorded-or-robo": "Y", "city": "", "state": "NY", "area-code": "646"}]}