{"data": [{"id": "03e293b3df9e35eadf15c56119468cf2", "number": "7182448181", "date": "2021-01-24 14:54:00", "subject": "2\n", "recorded-or-robo": "Y", "city": "COLUMBIA", "state": "SC", "area-code": "315"}, {"id": "03e293b3df9e35eadf15c56119467de9", "number": "2762586344", "date": "2021-01-21 12:50:00", "subject": "2\n", "recorded-or-robo": "N", "city": "Stuart", "state": "VA", "area-code": "276"}, {"id": "03e293b3df9e35eadf15c561194668d8", "number": "2037797017", "date": "2021-01-23 14:15:00", "subject": "3\n", "recorded-or-robo": "N", "city": "", "state": "CT", "area-code": "203"}, {"id": "03e293b3df9e35eadf15c561194671e8", "number": "4124351088", "date": "2021-01-15 10:46:00", "subject": "0\n", "recorded-or-robo": "N", "city": "Pittsburgh", "state": "PA", "area-code": "412"}, {"id": "03e293b3df9e35eadf15c56119465edd", "number": "2762586344", "date": "2021-01-21 16:51:00", "subject": "2\n", "recorded-or-robo": "N", "city": "Stuart", "state": "VA", "area-code": "276"}, {"id": "03e293b3df9e35eadf15c561194653db", "number": "9708248893", "date": "2021-01-22 14:22:00", "subject": "4\n", "recorded-or-robo": "Y", "city": "", "state": "CO", "area-code": "303"}, {"id": "03e293b3df9e35eadf15c5611946445f", "number": "8782288295", "date": "2021-01-20 20:35:00", "subject": "0\n", "recorded-or-robo": "N", "city": "Pittsburgh", "state": "PA", "area-code": "412"}, {"id": "03e293b3df9e35eadf15c56119463fe3", "number": "3152328257", "date": "2021-01-24 09:43:00", "subject": "2\n", "recorded-or-robo": "Y", "city": "Lumberton", "state": "TX", "area-code": "409"}, {"id": "03e293b3df9e35eadf15c56119463df8", "number": "", "date": "2021-01-24 11:40:00", "subject": "1\n", "recorded-or-robo": "Y", "city": "Graham", "state": "WA", "area-code": "253"}, {"id": "03e293b3df9e35eadf15c5611946348c", "number": "9182687563", "date": "2021-01-12 15:41:00", "subject": "2\n", "recorded-or-robo": "Y", "city": "Edmond", "state": "OK", "area-code": "405"}, {"id": "03e293b3df9e35eadf15c56119462aaa", "number": "7275768923", "date": "2021-01-24 14:21:00", "subject": "2\n", "recorded-or-robo": "Y", "city": "St Petersburg", "state": "FL", "area-code": "727"}, {"id": "03e293b3df9e35eadf15c56119462678", "number": "2764450962", "date": "2021-01-22 13:56:00", "subject": "2\n", "recorded-or-robo": "N", "city": "Stuart", "state": "VA", "area-code": "276"}, {"id": "03e293b3df9e35eadf15c56119461eec", "number": "6052296217", "date": "2021-01-22 13:25:00", "subject": "0\n", "recorded-or-robo": "N", "city": "Pittsburgh", "state": "PA", "area-code": "412"}, {"id": "03e293b3df9e35eadf15c561194614e5", "number": "8185627872", "date": "2021-01-24 11:54:00", "subject": "3\n", "recorded-or-robo": "N", "city": "", "state": "CA", "area-code": "818"}, {"id": "03e293b3df9e35eadf15c561194616cd", "number": "7205104852", "date": "2021-01-21 16:51:00", "subject": "3\n", "recorded-or-robo": "Y", "city": "", "state": "CO", "area-code": "303"}, {"id": "03e293b3df9e35eadf15c561194612dc", "number": "6368757651", "date": "2021-01-24 12:32:00", "subject": "2\n", "recorded-or-robo": "Y", "city": "St. Peters", "state": "MO", "area-code": "636"}, {"id": "03e293b3df9e35eadf15c5611946074c", "number": "6603322069", "date": "2021-01-24 11:36:00", "subject": "2\n", "recorded-or-robo": "Y", "city": "laplata", "state": "MO", "area-code": "660"}, {"id": "03e293b3df9e35eadf15c5611945f8c9", "number": "4128767188", "date": "2021-01-21 11:55:00", "subject": "0\n", "recorded-or-robo": "N", "city": "Pittsburgh", "state": "PA", "area-code": "412"}, {"id": "03e293b3df9e35eadf15c5611945ed58", "number": "4014143744", "date": "2021-01-24 14:43:00", "subject": "2\n", "recorded-or-robo": "Y", "city": "North Kingstown", "state": "RI", "area-code": "401"}, {"id": "03e293b3df9e35eadf15c5611945e4ec", "number": "7208189846", "date": "2021-01-18 17:24:00", "subject": "4\n", "recorded-or-robo": "Y", "city": "", "state": "CO", "area-code": "303"}, {"id": "03e293b3df9e35eadf15c5611945d6de", "number": "6154060068", "date": "2021-01-24 11:52:00", "subject": "2\n", "recorded-or-robo": "Y", "city": "GIBSONTON", "state": "FL", "area-code": "813"}, {"id": "03e293b3df9e35eadf15c5611945cec1", "number": "3144879567", "date": "2021-01-15 00:00:00", "subject": "2\n", "recorded-or-robo": "Y", "city": "ST. LOUIS", "state": "MO", "area-code": "314"}, {"id": "03e293b3df9e35eadf15c5611945ca23", "number": "6109982923", "date": "2021-01-21 15:29:00", "subject": "0\n", "recorded-or-robo": "N", "city": "Pittsburgh", "state": "PA", "area-code": "412"}, {"id": "03e293b3df9e35eadf15c5611945be79", "number": "3144234957", "date": "2021-01-24 13:12:00", "subject": "2\n", "recorded-or-robo": "Y", "city": "Saint Louis", "state": "MO", "area-code": "314"}, {"id": "03e293b3df9e35eadf15c5611945be38", "number": "4125788789", "date": "2021-01-22 19:43:00", "subject": "0\n", "recorded-or-robo": "N", "city": "Pittsburgh", "state": "PA", "area-code": "412"}, {"id": "03e293b3df9e35eadf15c5611945b17f", "number": "7182440723", "date": "2021-01-24 11:48:00", "subject": "2\n", "recorded-or-robo": "Y", "city": "", "state": "CA", "area-code": "310"}, {"id": "03e293b3df9e35eadf15c5611945a828", "number": "8882804331", "date": "2021-01-24 14:09:00", "subject": "1\n", "recorded-or-robo": "N", "city": "Wheatley Heights", "state": "NY", "area-code": "718"}, {"id": "03e293b3df9e35eadf15c5611945991f", "number": "9196799455", "date": "2021-01-22 11:22:00", "subject": "0\n", "recorded-or-robo": "N", "city": "", "state": "NC", "area-code": "919"}, {"id": "03e293b3df9e35eadf15c56119458bc7", "number": "8453160093", "date": "2021-01-23 15:44:00", "subject": "3\n", "recorded-or-robo": "N", "city": "", "state": "NY", "area-code": "845"}, {"id": "03e293b3df9e35eadf15c56119459510", "number": "7274796044", "date": "2021-01-24 13:00:00", "subject": "1\n", "recorded-or-robo": "Y", "city": "", "state": "FL", "area-code": "727"}, {"id": "03e293b3df9e35eadf15c56119457f4d", "number": "8556980025", "date": "2021-01-24 13:22:00", "subject": "11\n", "recorded-or-robo": "Y", "city": "St. Louis", "state": "MO", "area-code": "314"}, {"id": "03e293b3df9e35eadf15c56119456fb5", "number": "9196799455", "date": "2021-01-22 12:57:00", "subject": "0\n", "recorded-or-robo": "", "city": "", "state": "NC", "area-code": "919"}, {"id": "03e293b3df9e35eadf15c56119456ad4", "number": "8022662773", "date": "2021-01-21 13:27:00", "subject": "4\n", "recorded-or-robo": "Y", "city": "Jericho", "state": "VT", "area-code": "802"}, {"id": "03e293b3df9e35eadf15c56119456649", "number": "9196799455", "date": "2021-01-22 14:46:00", "subject": "0\n", "recorded-or-robo": "N", "city": "", "state": "NC", "area-code": "919"}, {"id": "03e293b3df9e35eadf15c56119455afb", "number": "", "date": "2020-01-23 13:25:00", "subject": "3\n", "recorded-or-robo": "Y", "city": "", "state": "MO", "area-code": "314"}, {"id": "03e293b3df9e35eadf15c56119455719", "number": "7147469051", "date": "2021-01-24 11:15:00", "subject": "3\n", "recorded-or-robo": "Y", "city": "", "state": "WA", "area-code": "206"}, {"id": "03e293b3df9e35eadf15c56119454edc", "number": "8183507067", "date": "2021-01-24 11:46:00", "subject": "12\n", "recorded-or-robo": "N", "city": "Altadena", "state": "CA", "area-code": "626"}, {"id": "03e293b3df9e35eadf15c561194542d0", "number": "8666682551", "date": "2021-01-24 12:01:00", "subject": "11\n", "recorded-or-robo": "Y", "city": "Fenton", "state": "MO", "area-code": "314"}, {"id": "03e293b3df9e35eadf15c56119453b5d", "number": "8022662773", "date": "2021-01-21 15:29:00", "subject": "4\n", "recorded-or-robo": "Y", "city": "Jericho", "state": "VT", "area-code": "802"}, {"id": "03e293b3df9e35eadf15c56119453818", "number": "", "date": "2021-01-24 13:39:00", "subject": "1\n", "recorded-or-robo": "Y", "city": "Macon", "state": "MO", "area-code": "660"}, {"id": "03e293b3df9e35eadf15c56119452e5e", "number": "3152328257", "date": "2021-01-23 01:00:00", "subject": "2\n", "recorded-or-robo": "Y", "city": "Richland", "state": "WA", "area-code": "509"}, {"id": "03e293b3df9e35eadf15c5611945284f", "number": "2152328257", "date": "2021-01-24 14:00:00", "subject": "2\n", "recorded-or-robo": "Y", "city": "Great Mills", "state": "MD", "area-code": "301"}, {"id": "03e293b3df9e35eadf15c56119452263", "number": "3145745034", "date": "2021-01-24 00:00:00", "subject": "2\n", "recorded-or-robo": "Y", "city": "Imperial", "state": "MO", "area-code": "314"}, {"id": "03e293b3df9e35eadf15c56119451ef5", "number": "727564499", "date": "2021-01-24 13:43:00", "subject": "1\n", "recorded-or-robo": "Y", "city": "St Petersburg", "state": "FL", "area-code": "727"}, {"id": "03e293b3df9e35eadf15c561194510c0", "number": "8003837214", "date": "2021-01-24 12:20:00", "subject": "2\n", "recorded-or-robo": "", "city": "Wichita", "state": "KS", "area-code": "316"}, {"id": "03e293b3df9e35eadf15c56119450dfb", "number": "3852845689", "date": "2021-01-24 12:29:00", "subject": "1\n", "recorded-or-robo": "Y", "city": "", "state": "GA", "area-code": "912"}, {"id": "03e293b3df9e35eadf15c561194505d3", "number": "9108359734", "date": "2021-01-23 18:53:00", "subject": "0\n", "recorded-or-robo": "Y", "city": "", "state": "SC", "area-code": "843"}, {"id": "03e293b3df9e35eadf15c5611944feab", "number": "3148394329", "date": "2021-01-11 12:00:00", "subject": "1\n", "recorded-or-robo": "Y", "city": "", "state": "MO", "area-code": "314"}, {"id": "03e293b3df9e35eadf15c5611944f6a1", "number": "2078273746", "date": "2021-01-24 13:50:00", "subject": "1\n", "recorded-or-robo": "Y", "city": "Old Town", "state": "ME", "area-code": "207"}, {"id": "03e293b3df9e35eadf15c5611944ea53", "number": "", "date": "2021-01-24 13:53:00", "subject": "2\n", "recorded-or-robo": "Y", "city": "Saint Petersburg", "state": "FL", "area-code": "727"}]}