{"data": [{"id": "03e293b3df9e35eadf15c5611947ef1d", "number": "4052814447", "date": "2021-01-21 08:55:00", "subject": "4\n", "recorded-or-robo": "Y", "city": "Edmond", "state": "OK", "area-code": "405"}, {"id": "03e293b3df9e35eadf15c5611947e585", "number": "7065532137", "date": "2021-01-18 12:17:00", "subject": "2\n", "recorded-or-robo": "Y", "city": "Baton Rouge", "state": "LA", "area-code": "225"}, {"id": "03e293b3df9e35eadf15c5611947e193", "number": "4439176304", "date": "2021-01-08 15:39:00", "subject": "2\n", "recorded-or-robo": "N", "city": "Stuart", "state": "VA", "area-code": "276"}, {"id": "03e293b3df9e35eadf15c5611947e0e4", "number": "", "date": "2021-01-24 12:00:00", "subject": "2\n", "recorded-or-robo": "Y", "city": "Yakima", "state": "WA", "area-code": "509"}, {"id": "03e293b3df9e35eadf15c5611947da03", "number": "9852899450", "date": "2021-01-22 13:51:00", "subject": "2\n", "recorded-or-robo": "Y", "city": "Baton Rouge", "state": "LA", "area-code": "225"}, {"id": "03e293b3df9e35eadf15c5611947cc1b", "number": "4054787097", "date": "2021-01-20 09:00:00", "subject": "11\n", "recorded-or-robo": "Y", "city": "Edmond", "state": "OK", "area-code": "405"}, {"id": "03e293b3df9e35eadf15c5611947c5ad", "number": "9162489570", "date": "2021-01-08 11:27:00", "subject": "2\n", "recorded-or-robo": "N", "city": "Stuart", "state": "VA", "area-code": "276"}, {"id": "03e293b3df9e35eadf15c5611947b9b1", "number": "8135454783", "date": "2021-01-24 14:00:00", "subject": "11\n", "recorded-or-robo": "Y", "city": "Tampa", "state": "FL", "area-code": "813"}, {"id": "03e293b3df9e35eadf15c5611947aae6", "number": "2253415073", "date": "2021-01-23 10:08:00", "subject": "2\n", "recorded-or-robo": "Y", "city": "Baton Rouge", "state": "LA", "area-code": "225"}, {"id": "03e293b3df9e35eadf15c5611947a249", "number": "662290\u20134918", "date": "2021-01-23 09:20:00", "subject": "1\n", "recorded-or-robo": "N", "city": "Kosciusko", "state": "MS", "area-code": "662"}, {"id": "03e293b3df9e35eadf15c5611947925a", "number": "4439176304", "date": "2021-01-08 15:39:00", "subject": "2\n", "recorded-or-robo": "N", "city": "Stuart", "state": "VA", "area-code": "276"}, {"id": "03e293b3df9e35eadf15c56119478af4", "number": "8573045526", "date": "2021-01-15 11:11:00", "subject": "2\n", "recorded-or-robo": "Y", "city": "Baton Rouge", "state": "LA", "area-code": "225"}, {"id": "03e293b3df9e35eadf15c56119478441", "number": "9544336857", "date": "2021-01-19 09:18:00", "subject": "0\n", "recorded-or-robo": "Y", "city": "Edmond", "state": "OK", "area-code": "405"}, {"id": "03e293b3df9e35eadf15c561194780b3", "number": "3152328257", "date": "2021-01-24 12:00:00", "subject": "1\n", "recorded-or-robo": "Y", "city": "Trinity", "state": "FL", "area-code": "813"}, {"id": "03e293b3df9e35eadf15c561194775e3", "number": "7194185066", "date": "2021-01-13 10:34:00", "subject": "2\n", "recorded-or-robo": "N", "city": "Stuart", "state": "VA", "area-code": "276"}, {"id": "03e293b3df9e35eadf15c561194770a3", "number": "2023331167", "date": "2021-01-16 13:02:00", "subject": "2\n", "recorded-or-robo": "Y", "city": "COLUMBIA", "state": "SC", "area-code": "315"}, {"id": "03e293b3df9e35eadf15c56119476b64", "number": "9189910003", "date": "2021-01-21 11:19:00", "subject": "0\n", "recorded-or-robo": "Y", "city": "", "state": "ID", "area-code": "208"}, {"id": "03e293b3df9e35eadf15c56119475de4", "number": "7148685238", "date": "2021-01-23 14:00:00", "subject": "0\n", "recorded-or-robo": "Y", "city": "Oceanside", "state": "CA", "area-code": "760"}, {"id": "03e293b3df9e35eadf15c56119475c98", "number": "7149416678", "date": "2021-01-24 11:52:00", "subject": "2\n", "recorded-or-robo": "Y", "city": "Pasadena", "state": "CA", "area-code": "714"}, {"id": "03e293b3df9e35eadf15c56119475338", "number": "8882804331", "date": "2020-11-23 00:00:00", "subject": "2\n", "recorded-or-robo": "Y", "city": "", "state": "NY", "area-code": "718"}, {"id": "03e293b3df9e35eadf15c56119474eab", "number": "5803088066", "date": "2021-01-13 12:52:00", "subject": "0\n", "recorded-or-robo": "Y", "city": "Edmond", "state": "OK", "area-code": "405"}, {"id": "03e293b3df9e35eadf15c56119474c65", "number": "7047323744", "date": "2021-01-15 11:32:00", "subject": "2\n", "recorded-or-robo": "N", "city": "Stuart", "state": "VA", "area-code": "276"}, {"id": "03e293b3df9e35eadf15c56119474b8b", "number": "2252091319", "date": "2020-09-29 17:00:00", "subject": "2\n", "recorded-or-robo": "Y", "city": "Baton Rouge", "state": "LA", "area-code": "225"}, {"id": "03e293b3df9e35eadf15c561194748cc", "number": "2086425489", "date": "2021-01-21 16:05:00", "subject": "0\n", "recorded-or-robo": "Y", "city": "", "state": "ID", "area-code": "208"}, {"id": "03e293b3df9e35eadf15c56119474807", "number": "3155373510", "date": "2021-01-19 11:52:00", "subject": "4\n", "recorded-or-robo": "Y", "city": "COLUMBIA", "state": "SC", "area-code": "315"}, {"id": "03e293b3df9e35eadf15c561194746f3", "number": "3152328257", "date": "2021-01-24 10:01:00", "subject": "11\n", "recorded-or-robo": "Y", "city": "Richland", "state": "WA", "area-code": "509"}, {"id": "03e293b3df9e35eadf15c561194744e9", "number": "2253516005", "date": "2020-10-15 15:34:00", "subject": "2\n", "recorded-or-robo": "Y", "city": "Baton Rouge", "state": "LA", "area-code": "225"}, {"id": "03e293b3df9e35eadf15c56119473b79", "number": "2769703410", "date": "2021-01-19 15:14:00", "subject": "2\n", "recorded-or-robo": "N", "city": "Stuart", "state": "VA", "area-code": "276"}, {"id": "03e293b3df9e35eadf15c5611947389e", "number": "4052814426", "date": "2021-01-13 09:55:00", "subject": "4\n", "recorded-or-robo": "Y", "city": "Edmond", "state": "OK", "area-code": "405"}, {"id": "03e293b3df9e35eadf15c56119473565", "number": "3155373510", "date": "2021-01-19 12:11:00", "subject": "4\n", "recorded-or-robo": "Y", "city": "COLUMBIA", "state": "NY", "area-code": "315"}, {"id": "03e293b3df9e35eadf15c561194731b2", "number": "7144614039", "date": "2021-01-23 17:00:00", "subject": "4\n", "recorded-or-robo": "N", "city": "Oceanside", "state": "CA", "area-code": "760"}, {"id": "03e293b3df9e35eadf15c56119473143", "number": "8135458292", "date": "2021-01-24 14:54:00", "subject": "4\n", "recorded-or-robo": "Y", "city": "Lithia", "state": "FL", "area-code": "813"}, {"id": "03e293b3df9e35eadf15c5611947274a", "number": "5407517172", "date": "2021-01-21 10:08:00", "subject": "2\n", "recorded-or-robo": "N", "city": "Stuart", "state": "VA", "area-code": "276"}, {"id": "03e293b3df9e35eadf15c561194724c0", "number": "2252172330", "date": "2020-10-19 11:16:00", "subject": "2\n", "recorded-or-robo": "Y", "city": "Baton Rouge", "state": "LA", "area-code": "225"}, {"id": "03e293b3df9e35eadf15c561194717a4", "number": "8556781771", "date": "2021-01-24 00:00:00", "subject": "2\n", "recorded-or-robo": "Y", "city": "", "state": "FL", "area-code": "813"}, {"id": "03e293b3df9e35eadf15c56119470ad3", "number": "2029982870", "date": "2021-01-23 16:51:00", "subject": "2\n", "recorded-or-robo": "Y", "city": "", "state": "MN", "area-code": "952"}, {"id": "03e293b3df9e35eadf15c56119470ad0", "number": "5099447609", "date": "2021-01-24 08:44:00", "subject": "11\n", "recorded-or-robo": "Y", "city": "Spokane", "state": "WA", "area-code": "509"}, {"id": "03e293b3df9e35eadf15c561194709ce", "number": "3155373510", "date": "2021-01-19 13:37:00", "subject": "4\n", "recorded-or-robo": "Y", "city": "COLUMBIA", "state": "NY", "area-code": "315"}, {"id": "03e293b3df9e35eadf15c561194700f2", "number": "8133207743", "date": "2021-01-24 11:54:00", "subject": "0\n", "recorded-or-robo": "Y", "city": "Reno", "state": "CA", "area-code": "916"}, {"id": "03e293b3df9e35eadf15c5611946f1c4", "number": "7346215002", "date": "2021-01-24 15:00:00", "subject": "5\n", "recorded-or-robo": "Y", "city": "Berlin", "state": "NJ", "area-code": "702"}, {"id": "03e293b3df9e35eadf15c5611946e613", "number": "2762586344", "date": "2021-01-21 11:30:00", "subject": "2\n", "recorded-or-robo": "N", "city": "Stuart", "state": "VA", "area-code": "276"}, {"id": "03e293b3df9e35eadf15c5611946d864", "number": "3103823484", "date": "2021-01-18 15:56:00", "subject": "2\n", "recorded-or-robo": "Y", "city": "Baton Rouge", "state": "LA", "area-code": "225"}, {"id": "03e293b3df9e35eadf15c5611946d5f2", "number": "4052814449", "date": "2021-01-13 08:53:00", "subject": "4\n", "recorded-or-robo": "Y", "city": "Edmond", "state": "OK", "area-code": "405"}, {"id": "03e293b3df9e35eadf15c5611946cd1a", "number": "2034643741", "date": "2021-01-23 16:22:00", "subject": "3\n", "recorded-or-robo": "Y", "city": "", "state": "CT", "area-code": "203"}, {"id": "03e293b3df9e35eadf15c5611946c1c2", "number": "72777855754", "date": "2021-01-24 12:32:00", "subject": "11\n", "recorded-or-robo": "Y", "city": "Oldsmar", "state": "FL", "area-code": "727"}, {"id": "03e293b3df9e35eadf15c5611946ba51", "number": "5713216061", "date": "2021-01-21 11:45:00", "subject": "2\n", "recorded-or-robo": "N", "city": "Stuart", "state": "VA", "area-code": "276"}, {"id": "03e293b3df9e35eadf15c5611946aa70", "number": "7076153272", "date": "2021-01-18 16:35:00", "subject": "2\n", "recorded-or-robo": "Y", "city": "Baton Rouge", "state": "LA", "area-code": "225"}, {"id": "03e293b3df9e35eadf15c5611946a007", "number": "7603597903", "date": "2021-01-24 11:58:00", "subject": "2\n", "recorded-or-robo": "N", "city": "Oceanside", "state": "CA", "area-code": "760"}, {"id": "03e293b3df9e35eadf15c56119469a86", "number": "4122588232", "date": "2021-01-15 09:54:00", "subject": "0\n", "recorded-or-robo": "N", "city": "Pittsburgh", "state": "PA", "area-code": "412"}, {"id": "03e293b3df9e35eadf15c56119469281", "number": "5703046588", "date": "2021-01-24 14:00:00", "subject": "8\n", "recorded-or-robo": "N", "city": "Montoursville", "state": "PA", "area-code": "570"}]}