{"data": [{"id": "03e293b3df9e35eadf15c5611971781c", "number": "7149416038", "date": "2021-01-24 14:34:00", "subject": "2\n", "recorded-or-robo": "Y", "city": "Huntington Beach", "state": "CA", "area-code": "714"}, {"id": "03e293b3df9e35eadf15c56119716b2b", "number": "5159937203", "date": "2021-01-23 10:20:00", "subject": "2\n", "recorded-or-robo": "Y", "city": "Huntington Beach", "state": "CA", "area-code": "714"}, {"id": "03e293b3df9e35eadf15c561197161cb", "number": "7143403376", "date": "2021-01-22 14:34:00", "subject": "2\n", "recorded-or-robo": "Y", "city": "Huntington Beach", "state": "CA", "area-code": "714"}, {"id": "03e293b3df9e35eadf15c56119715d57", "number": "7133767810", "date": "2021-01-14 16:32:00", "subject": "0\n", "recorded-or-robo": "Y", "city": "BAYOU VISTA", "state": "TX", "area-code": "713"}, {"id": "03e293b3df9e35eadf15c56119714fb6", "number": "9096523436", "date": "2021-01-22 12:45:00", "subject": "2\n", "recorded-or-robo": "Y", "city": "Huntington Beach", "state": "CA", "area-code": "714"}, {"id": "03e293b3df9e35eadf15c5611971465e", "number": "2028971710", "date": "2021-01-19 14:33:00", "subject": "Computer & technical support", "recorded-or-robo": "N", "city": "Lyons", "state": "CO", "area-code": "303"}, {"id": "03e293b3df9e35eadf15c5611971448e", "number": "2135241067", "date": "2021-01-22 13:47:00", "subject": "1\n", "recorded-or-robo": "Y", "city": "Campbell", "state": "CA", "area-code": "408"}, {"id": "03e293b3df9e35eadf15c56119713caa", "number": "6616744627", "date": "2021-01-22 11:35:00", "subject": "2\n", "recorded-or-robo": "Y", "city": "Huntington Beach", "state": "CA", "area-code": "714"}, {"id": "03e293b3df9e35eadf15c56119712d2e", "number": "7146671117", "date": "2021-01-22 08:53:00", "subject": "Home improvement & cleaning", "recorded-or-robo": "Y", "city": "Huntington Beach", "state": "CA", "area-code": "714"}, {"id": "03e293b3df9e35eadf15c56119712357", "number": "", "date": "2021-01-20 12:42:00", "subject": "2\n", "recorded-or-robo": "Y", "city": "Brookhaven", "state": "GA", "area-code": "404"}, {"id": "03e293b3df9e35eadf15c56119711511", "number": "7142516609", "date": "2021-01-21 18:59:00", "subject": "2\n", "recorded-or-robo": "Y", "city": "Huntington Beach", "state": "CA", "area-code": "714"}, {"id": "03e293b3df9e35eadf15c561197114db", "number": "", "date": "2021-01-23 14:36:00", "subject": "3\n", "recorded-or-robo": "Y", "city": "Jupiter", "state": "FL", "area-code": "314"}, {"id": "03e293b3df9e35eadf15c56119710a97", "number": "2027541428", "date": "2021-01-23 14:25:00", "subject": "1\n", "recorded-or-robo": "N", "city": "", "state": "CA", "area-code": "619"}, {"id": "03e293b3df9e35eadf15c561197109f7", "number": "7142827208", "date": "2021-01-21 12:51:00", "subject": "2\n", "recorded-or-robo": "Y", "city": "Huntington Beach", "state": "CA", "area-code": "714"}, {"id": "03e293b3df9e35eadf15c56119710233", "number": "7143861079", "date": "2021-01-21 12:39:00", "subject": "2\n", "recorded-or-robo": "Y", "city": "Huntington Beach", "state": "CA", "area-code": "714"}, {"id": "03e293b3df9e35eadf15c5611970fb11", "number": "", "date": "2021-01-20 09:27:00", "subject": "2\n", "recorded-or-robo": "Y", "city": "Brookhaven", "state": "GA", "area-code": "404"}, {"id": "03e293b3df9e35eadf15c5611970ef26", "number": "7145288555", "date": "2021-01-21 11:28:00", "subject": "2\n", "recorded-or-robo": "Y", "city": "Huntington Beach", "state": "CA", "area-code": "714"}, {"id": "03e293b3df9e35eadf15c5611970e8e3", "number": "5302302161", "date": "2021-01-21 07:18:00", "subject": "2\n", "recorded-or-robo": "Y", "city": "Huntington Beach", "state": "CA", "area-code": "714"}, {"id": "03e293b3df9e35eadf15c5611970db5d", "number": "3474676191", "date": "2021-01-24 15:38:00", "subject": "Lotteries, prizes & sweepstakes", "recorded-or-robo": "N", "city": "RAPID CITY", "state": "SD", "area-code": "605"}, {"id": "03e293b3df9e35eadf15c5611970d0cb", "number": "", "date": "2021-01-21 16:18:00", "subject": "Home improvement & cleaning", "recorded-or-robo": "N", "city": "Brookhaven", "state": "GA", "area-code": "404"}, {"id": "03e293b3df9e35eadf15c5611970cfd9", "number": "1928542697", "date": "2021-01-24 12:00:00", "subject": "2\n", "recorded-or-robo": "Y", "city": "", "state": "WI", "area-code": "262"}, {"id": "03e293b3df9e35eadf15c5611970cf62", "number": "8762798869", "date": "2021-01-22 09:35:00", "subject": "0\n", "recorded-or-robo": "Y", "city": "LINCOLN CITY", "state": "OR", "area-code": "541"}, {"id": "03e293b3df9e35eadf15c5611970cef2", "number": "8185842597", "date": "2021-01-15 14:34:00", "subject": "2\n", "recorded-or-robo": "Y", "city": "North Hollywood", "state": "CA", "area-code": "818"}, {"id": "03e293b3df9e35eadf15c5611970c596", "number": "7142516609", "date": "2021-01-20 18:05:00", "subject": "2\n", "recorded-or-robo": "Y", "city": "Huntington Beach", "state": "CA", "area-code": "714"}, {"id": "03e293b3df9e35eadf15c5611970bf6b", "number": "4584001665", "date": "2021-01-21 09:50:00", "subject": "0\n", "recorded-or-robo": "Y", "city": "LINCOLN CITY", "state": "OR", "area-code": "541"}, {"id": "03e293b3df9e35eadf15c5611970b5ae", "number": "5034036053", "date": "2021-01-16 12:16:00", "subject": "2\n", "recorded-or-robo": "Y", "city": "Richmond", "state": "TX", "area-code": "409"}, {"id": "03e293b3df9e35eadf15c5611970acaa", "number": "7146859810", "date": "2021-01-20 11:19:00", "subject": "2\n", "recorded-or-robo": "Y", "city": "Huntington Beach", "state": "CA", "area-code": "714"}, {"id": "03e293b3df9e35eadf15c56119709dd2", "number": "4355033503", "date": "2021-01-12 16:14:00", "subject": "2\n", "recorded-or-robo": "Y", "city": "North Hollywood", "state": "CA", "area-code": "818"}, {"id": "03e293b3df9e35eadf15c561197098b5", "number": "9802173150", "date": "2021-01-16 17:39:00", "subject": "2\n", "recorded-or-robo": "Y", "city": "Richmond", "state": "TX", "area-code": "409"}, {"id": "03e293b3df9e35eadf15c56119708f89", "number": "7653990068", "date": "2021-01-12 19:52:00", "subject": "2\n", "recorded-or-robo": "Y", "city": "North Hollywood", "state": "CA", "area-code": "818"}, {"id": "03e293b3df9e35eadf15c56119708130", "number": "7192193872", "date": "2021-01-18 12:46:00", "subject": "6\n", "recorded-or-robo": "Y", "city": "Richmond", "state": "TX", "area-code": "409"}, {"id": "03e293b3df9e35eadf15c561197075bf", "number": "8337600450", "date": "2021-01-22 11:28:00", "subject": "2\n", "recorded-or-robo": "Y", "city": "Monrovia", "state": "CA", "area-code": "626"}, {"id": "03e293b3df9e35eadf15c56119707085", "number": "7145246652", "date": "2021-01-20 10:03:00", "subject": "2\n", "recorded-or-robo": "Y", "city": "Huntington Beach", "state": "CA", "area-code": "714"}, {"id": "03e293b3df9e35eadf15c56119706da1", "number": "4423098360", "date": "2021-01-20 09:51:00", "subject": "2\n", "recorded-or-robo": "Y", "city": "Huntington Beach", "state": "CA", "area-code": "714"}, {"id": "03e293b3df9e35eadf15c56119705f84", "number": "", "date": "2021-01-22 14:11:00", "subject": "2\n", "recorded-or-robo": "N", "city": "Brookhaven", "state": "GA", "area-code": "404"}, {"id": "03e293b3df9e35eadf15c56119705c8b", "number": "7142311118", "date": "2021-01-19 14:07:00", "subject": "2\n", "recorded-or-robo": "Y", "city": "Huntington Beach", "state": "CA", "area-code": "714"}, {"id": "03e293b3df9e35eadf15c56119704d47", "number": "5306456678", "date": "2021-01-23 18:33:00", "subject": "1\n", "recorded-or-robo": "Y", "city": "RED BLUFF", "state": "CA", "area-code": "530"}, {"id": "03e293b3df9e35eadf15c56119704696", "number": "7865049911", "date": "2021-01-23 17:36:00", "subject": "2\n", "recorded-or-robo": "Y", "city": "Columbia", "state": "SC", "area-code": "803"}, {"id": "03e293b3df9e35eadf15c56119703d12", "number": "7472815458", "date": "2021-01-18 11:21:00", "subject": "2\n", "recorded-or-robo": "Y", "city": "Huntington Beach", "state": "CA", "area-code": "714"}, {"id": "03e293b3df9e35eadf15c561197036b3", "number": "7327769777", "date": "2021-01-24 18:16:00", "subject": "2\n", "recorded-or-robo": "", "city": "", "state": "MI", "area-code": "586"}, {"id": "03e293b3df9e35eadf15c56119702d3c", "number": "9495743533", "date": "2021-01-18 10:18:00", "subject": "2\n", "recorded-or-robo": "Y", "city": "Huntington Beach", "state": "CA", "area-code": "714"}, {"id": "03e293b3df9e35eadf15c561197020df", "number": "7146920594", "date": "2021-01-17 13:08:00", "subject": "2\n", "recorded-or-robo": "Y", "city": "Huntington Beach", "state": "CA", "area-code": "714"}, {"id": "03e293b3df9e35eadf15c56119701870", "number": "2489258270", "date": "2021-01-24 20:02:00", "subject": "2\n", "recorded-or-robo": "N", "city": "", "state": "MI", "area-code": "586"}, {"id": "03e293b3df9e35eadf15c56119700e38", "number": "", "date": "2021-01-21 12:00:00", "subject": "1\n", "recorded-or-robo": "N", "city": "Rosemead", "state": "CA", "area-code": "770"}, {"id": "03e293b3df9e35eadf15c56119700ddb", "number": "5185951519", "date": "2021-01-22 16:27:00", "subject": "4\n", "recorded-or-robo": "Y", "city": "", "state": "NY", "area-code": "585"}, {"id": "03e293b3df9e35eadf15c56119700a8f", "number": "8556786716", "date": "2021-01-24 17:52:00", "subject": "Computer & technical support", "recorded-or-robo": "Y", "city": "", "state": "FL", "area-code": "813"}, {"id": "03e293b3df9e35eadf15c56119700157", "number": "9495815894", "date": "2021-01-23 16:02:00", "subject": "3\n", "recorded-or-robo": "", "city": "", "state": "CA", "area-code": "949"}, {"id": "03e293b3df9e35eadf15c561196ff337", "number": "8556786790", "date": "2021-01-24 17:27:00", "subject": "Computer & technical support", "recorded-or-robo": "Y", "city": "", "state": "FL", "area-code": "813"}, {"id": "03e293b3df9e35eadf15c561196ff0ee", "number": "9493745879", "date": "2021-01-18 09:26:00", "subject": "3\n", "recorded-or-robo": "", "city": "", "state": "CA", "area-code": "949"}, {"id": "03e293b3df9e35eadf15c561196fe7ae", "number": "8556785403", "date": "2021-01-24 16:37:00", "subject": "Computer & technical support", "recorded-or-robo": "Y", "city": "", "state": "FL", "area-code": "813"}]}