{"data": [{"id": "03e293b3df9e35eadf15c56119577870", "number": "8562271400", "date": "2021-01-24 17:48:00", "subject": "2\n", "recorded-or-robo": "Y", "city": "", "state": "NJ", "area-code": "856"}, {"id": "03e293b3df9e35eadf15c56119576e34", "number": "2019559317", "date": "2021-01-23 10:59:00", "subject": "2\n", "recorded-or-robo": "", "city": "Hasbrouck Heights", "state": "NJ", "area-code": "201"}, {"id": "03e293b3df9e35eadf15c56119575ee0", "number": "8446304779", "date": "2021-01-24 17:54:00", "subject": "1\n", "recorded-or-robo": "Y", "city": "CLAY", "state": "WV", "area-code": "304"}, {"id": "03e293b3df9e35eadf15c561195758f6", "number": "", "date": "2021-01-24 17:34:00", "subject": "1\n", "recorded-or-robo": "Y", "city": "", "state": "PA", "area-code": "412"}, {"id": "03e293b3df9e35eadf15c56119574ea9", "number": "", "date": "2021-01-24 15:59:00", "subject": "1\n", "recorded-or-robo": "Y", "city": "Florissant", "state": "MO", "area-code": "314"}, {"id": "03e293b3df9e35eadf15c5611957421a", "number": "5629029502", "date": "2021-01-21 15:03:00", "subject": "2\n", "recorded-or-robo": "Y", "city": "", "state": "CA", "area-code": "562"}, {"id": "03e293b3df9e35eadf15c56119573c9b", "number": "3107644318", "date": "2021-01-24 12:49:00", "subject": "2\n", "recorded-or-robo": "Y", "city": "PVE", "state": "CA", "area-code": "310"}, {"id": "03e293b3df9e35eadf15c5611957362e", "number": "", "date": "2021-01-23 16:23:00", "subject": "2\n", "recorded-or-robo": "Y", "city": "St. Louis", "state": "MO", "area-code": "314"}, {"id": "03e293b3df9e35eadf15c56119573500", "number": "3343128907", "date": "2021-01-24 15:20:00", "subject": "1\n", "recorded-or-robo": "Y", "city": "Saint Petersburg", "state": "AL", "area-code": "334"}, {"id": "03e293b3df9e35eadf15c56119572984", "number": "3107920011", "date": "2021-01-24 13:59:00", "subject": "2\n", "recorded-or-robo": "Y", "city": "", "state": "CA", "area-code": "310"}, {"id": "03e293b3df9e35eadf15c56119571cf4", "number": "7272672162", "date": "2021-01-24 17:30:00", "subject": "2\n", "recorded-or-robo": "Y", "city": "", "state": "FL", "area-code": "727"}, {"id": "03e293b3df9e35eadf15c56119570ea9", "number": "3343123327", "date": "2021-01-24 15:15:00", "subject": "1\n", "recorded-or-robo": "Y", "city": "Saint Petersburg", "state": "AL", "area-code": "334"}, {"id": "03e293b3df9e35eadf15c5611957080c", "number": "3343126019", "date": "2021-01-24 15:02:00", "subject": "1\n", "recorded-or-robo": "Y", "city": "Saint Petersburg", "state": "AL", "area-code": "334"}, {"id": "03e293b3df9e35eadf15c5611956fba2", "number": "2696353804", "date": "2021-01-22 20:55:00", "subject": "9\n", "recorded-or-robo": "Y", "city": "Big Rapids", "state": "MI", "area-code": "231"}, {"id": "03e293b3df9e35eadf15c5611956f3cb", "number": "8885442715", "date": "2021-01-14 15:48:00", "subject": "6\n", "recorded-or-robo": "Y", "city": "Gretna", "state": "LA", "area-code": "504"}, {"id": "03e293b3df9e35eadf15c5611956e4a9", "number": "5626325107", "date": "2021-01-24 17:49:00", "subject": "2\n", "recorded-or-robo": "", "city": "Limington", "state": "ME", "area-code": "207"}, {"id": "03e293b3df9e35eadf15c5611956d714", "number": "6234008988", "date": "2021-01-24 13:26:00", "subject": "2\n", "recorded-or-robo": "Y", "city": "Phoenix", "state": "AZ", "area-code": "623"}, {"id": "03e293b3df9e35eadf15c5611956ceee", "number": "3343122991", "date": "2021-01-24 14:54:00", "subject": "1\n", "recorded-or-robo": "Y", "city": "Saint Petersburg", "state": "AL", "area-code": "334"}, {"id": "03e293b3df9e35eadf15c5611956bf90", "number": "5136133218", "date": "2021-01-24 17:44:00", "subject": "2\n", "recorded-or-robo": "Y", "city": "Cincinnati", "state": "OH", "area-code": "513"}, {"id": "03e293b3df9e35eadf15c5611956bd6f", "number": "6692218217", "date": "2021-01-24 12:00:00", "subject": "5\n", "recorded-or-robo": "N", "city": "Laredo", "state": "MO", "area-code": "660"}, {"id": "03e293b3df9e35eadf15c5611956b122", "number": "7654653406", "date": "2021-01-21 13:27:00", "subject": "2\n", "recorded-or-robo": "Y", "city": "", "state": "CA", "area-code": "562"}, {"id": "03e293b3df9e35eadf15c5611956aa10", "number": "4079427020", "date": "2021-01-21 10:51:00", "subject": "4\n", "recorded-or-robo": "Y", "city": "", "state": "FL", "area-code": "407"}, {"id": "03e293b3df9e35eadf15c56119569d87", "number": "6032893437", "date": "2021-01-24 00:00:00", "subject": "4\n", "recorded-or-robo": "Y", "city": "Odessa", "state": "FL", "area-code": "603"}, {"id": "03e293b3df9e35eadf15c56119569d12", "number": "3343127660", "date": "2021-01-24 14:37:00", "subject": "1\n", "recorded-or-robo": "Y", "city": "Saint Petersburg", "state": "AL", "area-code": "334"}, {"id": "03e293b3df9e35eadf15c561195695c9", "number": "3175018840", "date": "2021-01-24 12:29:00", "subject": "11\n", "recorded-or-robo": "Y", "city": "Fishers", "state": "IN", "area-code": "317"}, {"id": "03e293b3df9e35eadf15c561195692e8", "number": "2677562053", "date": "2021-01-23 07:10:00", "subject": "2\n", "recorded-or-robo": "N", "city": "Missouri City", "state": "TX", "area-code": "281"}, {"id": "03e293b3df9e35eadf15c56119568f14", "number": "3864472585", "date": "2021-01-23 11:23:00", "subject": "3\n", "recorded-or-robo": "N", "city": "", "state": "AR", "area-code": "501"}, {"id": "03e293b3df9e35eadf15c56119568d80", "number": "6076984500", "date": "2021-01-23 21:59:00", "subject": "3\n", "recorded-or-robo": "Y", "city": "", "state": "NY", "area-code": "585"}, {"id": "03e293b3df9e35eadf15c56119568d18", "number": "3343129753", "date": "2021-01-24 14:25:00", "subject": "1\n", "recorded-or-robo": "Y", "city": "Saint Petersburg", "state": "AL", "area-code": "334"}, {"id": "03e293b3df9e35eadf15c56119568cfc", "number": "8558044115", "date": "2021-01-21 09:02:00", "subject": "1\n", "recorded-or-robo": "Y", "city": "Rancho Palos Verdes", "state": "CA", "area-code": "310"}, {"id": "03e293b3df9e35eadf15c56119568bd1", "number": "3145838831", "date": "2021-01-24 16:39:00", "subject": "2\n", "recorded-or-robo": "Y", "city": "Imperial", "state": "MO", "area-code": "314"}, {"id": "03e293b3df9e35eadf15c561195688bc", "number": "3152328257", "date": "2021-01-24 10:12:00", "subject": "1\n", "recorded-or-robo": "Y", "city": "Wauwatosa", "state": "WI", "area-code": "414"}, {"id": "03e293b3df9e35eadf15c561195681db", "number": "3343124149", "date": "2021-01-24 14:23:00", "subject": "1\n", "recorded-or-robo": "Y", "city": "Saint Petersburg", "state": "AL", "area-code": "334"}, {"id": "03e293b3df9e35eadf15c5611956793c", "number": "8801701200465", "date": "2021-01-24 11:00:00", "subject": "2\n", "recorded-or-robo": "", "city": "", "state": "FL", "area-code": "813"}, {"id": "03e293b3df9e35eadf15c56119567557", "number": "4055669240", "date": "2021-01-24 17:43:00", "subject": "2\n", "recorded-or-robo": "Y", "city": "", "state": "OK", "area-code": "405"}, {"id": "03e293b3df9e35eadf15c56119566ff0", "number": "3343121882", "date": "2021-01-24 14:16:00", "subject": "1\n", "recorded-or-robo": "Y", "city": "Saint Petersburg", "state": "AL", "area-code": "334"}, {"id": "03e293b3df9e35eadf15c5611956684e", "number": "2188755565", "date": "2020-12-27 14:30:00", "subject": "2\n", "recorded-or-robo": "Y", "city": "My. Pleasant", "state": "UT", "area-code": "801"}, {"id": "03e293b3df9e35eadf15c56119565d57", "number": "5512436330", "date": "2021-01-23 12:42:00", "subject": "2\n", "recorded-or-robo": "Y", "city": "", "state": "TX", "area-code": "210"}, {"id": "03e293b3df9e35eadf15c561195658f8", "number": "3152328257", "date": "2021-01-24 16:28:00", "subject": "1\n", "recorded-or-robo": "Y", "city": "Vienna", "state": "VA", "area-code": "703"}, {"id": "03e293b3df9e35eadf15c561195649db", "number": "2133180346", "date": "2021-01-24 13:30:00", "subject": "2\n", "recorded-or-robo": "Y", "city": "LONG BEACH", "state": "CA", "area-code": "213"}, {"id": "03e293b3df9e35eadf15c561195641a7", "number": "2143242223", "date": "2021-01-24 16:35:00", "subject": "2\n", "recorded-or-robo": "N", "city": "Richardson", "state": "TX", "area-code": "214"}, {"id": "03e293b3df9e35eadf15c561195640c8", "number": "3152328257", "date": "2021-01-24 14:45:00", "subject": "1\n", "recorded-or-robo": "Y", "city": "", "state": "PA", "area-code": "412"}, {"id": "03e293b3df9e35eadf15c56119563e6e", "number": "3343128505", "date": "2021-01-24 14:11:00", "subject": "1\n", "recorded-or-robo": "Y", "city": "Saint Petersburg", "state": "AL", "area-code": "334"}, {"id": "03e293b3df9e35eadf15c56119562e9d", "number": "", "date": "2021-01-23 18:30:00", "subject": "2\n", "recorded-or-robo": "Y", "city": "Fontana", "state": "WI", "area-code": "262"}, {"id": "03e293b3df9e35eadf15c56119561f7e", "number": "8552248928", "date": "2021-01-24 17:28:00", "subject": "0\n", "recorded-or-robo": "Y", "city": "", "state": "FL", "area-code": "386"}, {"id": "03e293b3df9e35eadf15c5611956104b", "number": "", "date": "2021-01-23 11:19:00", "subject": "3\n", "recorded-or-robo": "N", "city": "", "state": "CA", "area-code": "323"}, {"id": "03e293b3df9e35eadf15c56119560bc0", "number": "8086985953", "date": "2021-01-24 12:35:00", "subject": "6\n", "recorded-or-robo": "Y", "city": "", "state": "HI", "area-code": "808"}, {"id": "03e293b3df9e35eadf15c56119560171", "number": "2892069767", "date": "2021-01-24 17:31:00", "subject": "3\n", "recorded-or-robo": "Y", "city": "", "state": "FL", "area-code": "305"}, {"id": "03e293b3df9e35eadf15c5611955f8bc", "number": "3343123972", "date": "2021-01-24 13:47:00", "subject": "1\n", "recorded-or-robo": "Y", "city": "Saint Petersburg", "state": "AL", "area-code": "334"}, {"id": "03e293b3df9e35eadf15c5611955f5d2", "number": "", "date": "2021-01-24 12:00:00", "subject": "1\n", "recorded-or-robo": "Y", "city": "Ashland", "state": "KY", "area-code": "606"}]}