{"data": [{"id": "03e293b3df9e35eadf15c5611973447f", "number": "7752272721", "date": "2021-01-19 08:43:00", "subject": "2\n", "recorded-or-robo": "Y", "city": "", "state": "CA", "area-code": "213"}, {"id": "03e293b3df9e35eadf15c561197334ab", "number": "3129400611", "date": "2021-01-19 12:00:00", "subject": "3\n", "recorded-or-robo": "Y", "city": "CHICAGO", "state": "IL", "area-code": "312"}, {"id": "03e293b3df9e35eadf15c5611973314a", "number": "7736925074", "date": "2021-01-19 09:15:00", "subject": "3\n", "recorded-or-robo": "Y", "city": "CHICAGO", "state": "IL", "area-code": "312"}, {"id": "03e293b3df9e35eadf15c56119732444", "number": "3129400611", "date": "2021-01-19 09:13:00", "subject": "3\n", "recorded-or-robo": "Y", "city": "CHICAGO", "state": "IL", "area-code": "312"}, {"id": "03e293b3df9e35eadf15c5611973161a", "number": "7736925074", "date": "2021-01-18 09:41:00", "subject": "3\n", "recorded-or-robo": "Y", "city": "CHICAGO", "state": "IL", "area-code": "312"}, {"id": "03e293b3df9e35eadf15c561197314d7", "number": "7732322316", "date": "2021-01-17 15:41:00", "subject": "3\n", "recorded-or-robo": "Y", "city": "CHICAGO", "state": "IL", "area-code": "312"}, {"id": "03e293b3df9e35eadf15c56119730cb1", "number": "3104665215", "date": "2021-01-06 12:39:00", "subject": "2\n", "recorded-or-robo": "Y", "city": "", "state": "CA", "area-code": "213"}, {"id": "03e293b3df9e35eadf15c56119730b72", "number": "7736925074", "date": "2021-01-16 19:46:00", "subject": "3\n", "recorded-or-robo": "Y", "city": "CHICAGO", "state": "IL", "area-code": "312"}, {"id": "03e293b3df9e35eadf15c5611972fdd1", "number": "8005212010", "date": "2021-01-22 17:00:00", "subject": "2\n", "recorded-or-robo": "Y", "city": "chatsworth", "state": "GA", "area-code": "706"}, {"id": "03e293b3df9e35eadf15c5611972f60b", "number": "8474649875", "date": "2021-01-16 11:05:00", "subject": "3\n", "recorded-or-robo": "Y", "city": "CHICAGO", "state": "IL", "area-code": "312"}, {"id": "03e293b3df9e35eadf15c5611972e619", "number": "3105742611", "date": "2021-01-06 12:15:00", "subject": "7\n", "recorded-or-robo": "Y", "city": "", "state": "CA", "area-code": "213"}, {"id": "03e293b3df9e35eadf15c5611972e1a0", "number": "7736925074", "date": "2021-01-15 11:11:00", "subject": "3\n", "recorded-or-robo": "Y", "city": "CHICAGO", "state": "IL", "area-code": "312"}, {"id": "03e293b3df9e35eadf15c5611972d60e", "number": "", "date": "2021-01-23 13:10:00", "subject": "2\n", "recorded-or-robo": "Y", "city": "Saint Louis", "state": "MO", "area-code": "314"}, {"id": "03e293b3df9e35eadf15c5611972d4f4", "number": "8474649875", "date": "2021-01-21 15:32:00", "subject": "3\n", "recorded-or-robo": "Y", "city": "CHICAGO", "state": "IL", "area-code": "312"}, {"id": "03e293b3df9e35eadf15c5611972cc89", "number": "2136408828", "date": "2021-01-05 12:22:00", "subject": "2\n", "recorded-or-robo": "Y", "city": "", "state": "CA", "area-code": "213"}, {"id": "03e293b3df9e35eadf15c5611972c4e0", "number": "3125022642", "date": "2021-01-22 10:47:00", "subject": "3\n", "recorded-or-robo": "Y", "city": "CHICAGO", "state": "IL", "area-code": "312"}, {"id": "03e293b3df9e35eadf15c5611972b9c8", "number": "8166006420", "date": "2021-01-18 13:44:00", "subject": "1\n", "recorded-or-robo": "Y", "city": "Loveland", "state": "CO", "area-code": "970"}, {"id": "03e293b3df9e35eadf15c5611972ab10", "number": "8183691114", "date": "2021-01-05 12:50:00", "subject": "2\n", "recorded-or-robo": "Y", "city": "", "state": "CA", "area-code": "213"}, {"id": "03e293b3df9e35eadf15c5611972a98f", "number": "7736925074", "date": "2021-01-22 12:45:00", "subject": "3\n", "recorded-or-robo": "Y", "city": "CHICAGO", "state": "IL", "area-code": "312"}, {"id": "03e293b3df9e35eadf15c56119729ce1", "number": "6197051081", "date": "2021-01-24 21:01:00", "subject": "0\n", "recorded-or-robo": "Y", "city": "", "state": "CA", "area-code": "805"}, {"id": "03e293b3df9e35eadf15c561197292e4", "number": "8474649875", "date": "2021-01-22 10:26:00", "subject": "3\n", "recorded-or-robo": "Y", "city": "CHICAGO", "state": "IL", "area-code": "312"}, {"id": "03e293b3df9e35eadf15c56119728417", "number": "4108810674", "date": "2021-01-05 12:00:00", "subject": "2\n", "recorded-or-robo": "Y", "city": "", "state": "CA", "area-code": "213"}, {"id": "03e293b3df9e35eadf15c56119727e73", "number": "8313092301", "date": "2021-01-05 11:44:00", "subject": "2\n", "recorded-or-robo": "Y", "city": "", "state": "CA", "area-code": "213"}, {"id": "03e293b3df9e35eadf15c56119727b7c", "number": "8474649875", "date": "2021-01-23 09:32:00", "subject": "3\n", "recorded-or-robo": "Y", "city": "CHICAGO", "state": "IL", "area-code": "312"}, {"id": "03e293b3df9e35eadf15c5611972709a", "number": "3106727750", "date": "2021-01-04 14:30:00", "subject": "2\n", "recorded-or-robo": "Y", "city": "", "state": "CA", "area-code": "213"}, {"id": "03e293b3df9e35eadf15c56119726903", "number": "3103755683", "date": "2021-01-03 10:48:00", "subject": "2\n", "recorded-or-robo": "Y", "city": "", "state": "CA", "area-code": "213"}, {"id": "03e293b3df9e35eadf15c56119725acb", "number": "3103755683", "date": "2021-01-05 16:15:00", "subject": "2\n", "recorded-or-robo": "Y", "city": "", "state": "CA", "area-code": "213"}, {"id": "03e293b3df9e35eadf15c561197251ed", "number": "7862570686", "date": "2021-01-02 14:54:00", "subject": "2\n", "recorded-or-robo": "Y", "city": "", "state": "CA", "area-code": "213"}, {"id": "03e293b3df9e35eadf15c56119724640", "number": "", "date": "2021-01-22 07:54:00", "subject": "4\n", "recorded-or-robo": "Y", "city": "Solana Beach", "state": "CA", "area-code": "760"}, {"id": "03e293b3df9e35eadf15c561197237bd", "number": "8027317297", "date": "2021-01-02 14:42:00", "subject": "2\n", "recorded-or-robo": "Y", "city": "", "state": "CA", "area-code": "213"}, {"id": "03e293b3df9e35eadf15c56119722d38", "number": "4101000003", "date": "2020-12-28 14:55:00", "subject": "0\n", "recorded-or-robo": "N", "city": "Calverton", "state": "MD", "area-code": "301"}, {"id": "03e293b3df9e35eadf15c561197224f5", "number": "3104790062", "date": "2021-01-02 13:53:00", "subject": "2\n", "recorded-or-robo": "Y", "city": "", "state": "CA", "area-code": "213"}, {"id": "03e293b3df9e35eadf15c5611972178f", "number": "3024464416", "date": "2020-12-30 15:40:00", "subject": "2\n", "recorded-or-robo": "Y", "city": "", "state": "CA", "area-code": "213"}, {"id": "03e293b3df9e35eadf15c56119720f92", "number": "6156820109", "date": "2021-01-23 00:00:00", "subject": "2\n", "recorded-or-robo": "Y", "city": "Knoxville", "state": "TN", "area-code": "865"}, {"id": "03e293b3df9e35eadf15c56119720a45", "number": "4697975287", "date": "2020-12-28 11:44:00", "subject": "0\n", "recorded-or-robo": "N", "city": "Calverton", "state": "MD", "area-code": "301"}, {"id": "03e293b3df9e35eadf15c5611971fef9", "number": "3105458201", "date": "2020-12-30 15:08:00", "subject": "2\n", "recorded-or-robo": "Y", "city": "", "state": "CA", "area-code": "213"}, {"id": "03e293b3df9e35eadf15c5611971f24c", "number": "3103900969", "date": "2020-12-30 10:14:00", "subject": "2\n", "recorded-or-robo": "Y", "city": "", "state": "CA", "area-code": "213"}, {"id": "03e293b3df9e35eadf15c5611971effe", "number": "3108416335", "date": "2020-12-30 09:10:00", "subject": "2\n", "recorded-or-robo": "Y", "city": "", "state": "CA", "area-code": "213"}, {"id": "03e293b3df9e35eadf15c5611971e51e", "number": "3103745346", "date": "2020-12-29 10:09:00", "subject": "2\n", "recorded-or-robo": "Y", "city": "", "state": "CA", "area-code": "213"}, {"id": "03e293b3df9e35eadf15c5611971d672", "number": "3105908403", "date": "2020-12-28 14:03:00", "subject": "2\n", "recorded-or-robo": "Y", "city": "", "state": "CA", "area-code": "213"}, {"id": "03e293b3df9e35eadf15c5611971cfc9", "number": "8003052252", "date": "2020-12-28 13:38:00", "subject": "2\n", "recorded-or-robo": "Y", "city": "", "state": "CA", "area-code": "213"}, {"id": "03e293b3df9e35eadf15c5611971c842", "number": "3145916753", "date": "2021-01-24 11:14:00", "subject": "1\n", "recorded-or-robo": "Y", "city": "Rocheport", "state": "MO", "area-code": "314"}, {"id": "03e293b3df9e35eadf15c5611971c7c1", "number": "3106368331", "date": "2020-12-28 11:52:00", "subject": "2\n", "recorded-or-robo": "Y", "city": "", "state": "CA", "area-code": "213"}, {"id": "03e293b3df9e35eadf15c5611971c0e4", "number": "", "date": "2021-01-24 15:10:00", "subject": "1\n", "recorded-or-robo": "Y", "city": "Gainesville", "state": "MO", "area-code": "417"}, {"id": "03e293b3df9e35eadf15c5611971b20e", "number": "7027071882", "date": "2020-12-28 09:01:00", "subject": "2\n", "recorded-or-robo": "Y", "city": "", "state": "CA", "area-code": "213"}, {"id": "03e293b3df9e35eadf15c5611971a360", "number": "3367384083", "date": "2021-01-24 12:00:00", "subject": "1\n", "recorded-or-robo": "Y", "city": "Moorpark", "state": "CA", "area-code": "805"}, {"id": "03e293b3df9e35eadf15c5611971a26c", "number": "7038289501", "date": "2021-01-23 15:37:00", "subject": "2\n", "recorded-or-robo": "N", "city": "", "state": "VA", "area-code": "703"}, {"id": "03e293b3df9e35eadf15c56119719620", "number": "3105134012", "date": "2020-12-28 08:14:00", "subject": "2\n", "recorded-or-robo": "Y", "city": "", "state": "CA", "area-code": "213"}, {"id": "03e293b3df9e35eadf15c56119719330", "number": "3105134012", "date": "2021-01-05 09:07:00", "subject": "2\n", "recorded-or-robo": "Y", "city": "", "state": "CA", "area-code": "213"}, {"id": "03e293b3df9e35eadf15c5611971871a", "number": "7038289501", "date": "2021-01-23 10:39:00", "subject": "2\n", "recorded-or-robo": "N", "city": "", "state": "VA", "area-code": "703"}]}