{"data": [{"id": "03e293b3df9e35eadf15c5611955edf0", "number": "8554189359", "date": "2021-01-24 14:30:00", "subject": "1\n", "recorded-or-robo": "Y", "city": "Plano", "state": "TX", "area-code": "972"}, {"id": "03e293b3df9e35eadf15c5611955e9d3", "number": "4256442225", "date": "2021-01-24 14:20:00", "subject": "1\n", "recorded-or-robo": "Y", "city": "BELLEVUE", "state": "WA", "area-code": "425"}, {"id": "03e293b3df9e35eadf15c5611955dcd1", "number": "2108982790", "date": "2021-01-24 15:51:00", "subject": "2\n", "recorded-or-robo": "N", "city": "Houston", "state": "TX", "area-code": "281"}, {"id": "03e293b3df9e35eadf15c5611955d3f4", "number": "3343126503", "date": "2021-01-24 13:45:00", "subject": "1\n", "recorded-or-robo": "Y", "city": "Saint Petersburg", "state": "AL", "area-code": "334"}, {"id": "03e293b3df9e35eadf15c5611955d268", "number": "9096647159", "date": "2021-01-24 14:35:00", "subject": "3\n", "recorded-or-robo": "Y", "city": "", "state": "CA", "area-code": "909"}, {"id": "03e293b3df9e35eadf15c5611955c3fb", "number": "3152328257", "date": "2021-01-24 12:53:00", "subject": "11\n", "recorded-or-robo": "Y", "city": "Saint Louis", "state": "MO", "area-code": "314"}, {"id": "03e293b3df9e35eadf15c5611955c15e", "number": "3343126503", "date": "2021-01-24 13:44:00", "subject": "1\n", "recorded-or-robo": "Y", "city": "Saint Petersburg", "state": "AL", "area-code": "334"}, {"id": "03e293b3df9e35eadf15c5611955bf3d", "number": "8086985953", "date": "2021-01-24 12:34:00", "subject": "6\n", "recorded-or-robo": "Y", "city": "Hilo", "state": "HI", "area-code": "808"}, {"id": "03e293b3df9e35eadf15c5611955b241", "number": "7572481212", "date": "2021-01-23 14:59:00", "subject": "1\n", "recorded-or-robo": "Y", "city": "", "state": "VA", "area-code": "757"}, {"id": "03e293b3df9e35eadf15c5611955afb5", "number": "6015334215", "date": "2021-01-24 16:27:00", "subject": "4\n", "recorded-or-robo": "Y", "city": "Meridian", "state": "MS", "area-code": "601"}, {"id": "03e293b3df9e35eadf15c5611955a427", "number": "4437826917", "date": "2021-01-24 17:07:00", "subject": "2\n", "recorded-or-robo": "N", "city": "", "state": "MD", "area-code": "410"}, {"id": "03e293b3df9e35eadf15c56119559f40", "number": "3343121870", "date": "2021-01-24 13:14:00", "subject": "1\n", "recorded-or-robo": "Y", "city": "Saint Petersburg", "state": "FL", "area-code": "334"}, {"id": "03e293b3df9e35eadf15c56119559284", "number": "7019370019", "date": "2021-01-24 16:10:00", "subject": "2\n", "recorded-or-robo": "Y", "city": "", "state": "ND", "area-code": "701"}, {"id": "03e293b3df9e35eadf15c56119558a3c", "number": "", "date": "2021-01-13 10:05:00", "subject": "11\n", "recorded-or-robo": "Y", "city": "Gretna", "state": "LA", "area-code": "504"}, {"id": "03e293b3df9e35eadf15c561195580ab", "number": "", "date": "2021-01-24 17:20:00", "subject": "2\n", "recorded-or-robo": "Y", "city": "Brice", "state": "OH", "area-code": "614"}, {"id": "03e293b3df9e35eadf15c56119557cb3", "number": "5099793403", "date": "2021-01-23 14:01:00", "subject": "4\n", "recorded-or-robo": "Y", "city": "Spokane", "state": "WA", "area-code": "509"}, {"id": "03e293b3df9e35eadf15c5611955738d", "number": "8882804331", "date": "2021-01-24 16:00:00", "subject": "1\n", "recorded-or-robo": "Y", "city": "New York", "state": "NY", "area-code": "888"}, {"id": "03e293b3df9e35eadf15c561195565bb", "number": "3148084347", "date": "2021-01-24 15:15:00", "subject": "2\n", "recorded-or-robo": "Y", "city": "Cedar Hill", "state": "MO", "area-code": "314"}, {"id": "03e293b3df9e35eadf15c5611955650f", "number": "3147164941", "date": "2021-01-24 15:23:00", "subject": "2\n", "recorded-or-robo": "Y", "city": "St Louis", "state": "MO", "area-code": "314"}, {"id": "03e293b3df9e35eadf15c56119555c38", "number": "8887443839", "date": "2021-01-23 20:27:00", "subject": "2\n", "recorded-or-robo": "Y", "city": "", "state": "IL", "area-code": "773"}, {"id": "03e293b3df9e35eadf15c56119554e7a", "number": "5626325701", "date": "2021-01-17 17:30:00", "subject": "2\n", "recorded-or-robo": "Y", "city": "", "state": "NJ", "area-code": "609"}, {"id": "03e293b3df9e35eadf15c56119554cd2", "number": "4355718296", "date": "2021-01-23 00:00:00", "subject": "9\n", "recorded-or-robo": "Y", "city": "PRICE", "state": "UT", "area-code": "435"}, {"id": "03e293b3df9e35eadf15c56119553f6d", "number": "3152328257", "date": "2021-01-24 12:02:00", "subject": "2\n", "recorded-or-robo": "Y", "city": "saint charles", "state": "MO", "area-code": "314"}, {"id": "03e293b3df9e35eadf15c5611955310a", "number": "3059692645", "date": "2021-01-24 05:28:00", "subject": "1\n", "recorded-or-robo": "Y", "city": "FL  Miami", "state": "FL", "area-code": "305"}, {"id": "03e293b3df9e35eadf15c56119553065", "number": "4152234687", "date": "2020-10-23 17:05:00", "subject": "4\n", "recorded-or-robo": "Y", "city": "Dallas", "state": "CA", "area-code": "415"}, {"id": "03e293b3df9e35eadf15c561195525b2", "number": "7406845673", "date": "2021-01-24 15:58:00", "subject": "11\n", "recorded-or-robo": "Y", "city": "Shawnee", "state": "OH", "area-code": "740"}, {"id": "03e293b3df9e35eadf15c56119552333", "number": "8443625476", "date": "2020-05-29 15:21:00", "subject": "0\n", "recorded-or-robo": "Y", "city": "Dallas", "state": "CA", "area-code": "415"}, {"id": "03e293b3df9e35eadf15c56119551d20", "number": "4149404129", "date": "2021-01-24 16:03:00", "subject": "2\n", "recorded-or-robo": "Y", "city": "Caledonia", "state": "WI", "area-code": "414"}, {"id": "03e293b3df9e35eadf15c561195516c1", "number": "3023875653", "date": "2021-01-24 17:24:00", "subject": "3\n", "recorded-or-robo": "", "city": "", "state": "NY", "area-code": "212"}, {"id": "03e293b3df9e35eadf15c56119551bb4", "number": "7203613101", "date": "2021-01-24 14:27:00", "subject": "3\n", "recorded-or-robo": "Y", "city": "Eastvale", "state": "CA", "area-code": "561"}, {"id": "03e293b3df9e35eadf15c561195515e2", "number": "7852093558", "date": "2021-01-20 10:36:00", "subject": "2\n", "recorded-or-robo": "Y", "city": "", "state": "KS", "area-code": "785"}, {"id": "03e293b3df9e35eadf15c56119550875", "number": "6234008988", "date": "2021-01-24 15:00:00", "subject": "2\n", "recorded-or-robo": "Y", "city": "Glendale", "state": "AZ", "area-code": "602"}, {"id": "03e293b3df9e35eadf15c56119550288", "number": "7089959227", "date": "2021-01-22 14:27:00", "subject": "4\n", "recorded-or-robo": "Y", "city": "new york", "state": "NY", "area-code": "212"}, {"id": "03e293b3df9e35eadf15c5611954f4fd", "number": "6029961244", "date": "2021-01-24 17:21:00", "subject": "0\n", "recorded-or-robo": "Y", "city": "Elida", "state": "OH", "area-code": "419"}, {"id": "03e293b3df9e35eadf15c5611954f408", "number": "8028108110", "date": "2021-01-24 17:16:00", "subject": "2\n", "recorded-or-robo": "N", "city": "Apex", "state": "NC", "area-code": "919"}, {"id": "03e293b3df9e35eadf15c5611954e6fe", "number": "6603492251", "date": "2021-01-24 15:30:00", "subject": "2\n", "recorded-or-robo": "Y", "city": "Novinger", "state": "MO", "area-code": "660"}, {"id": "03e293b3df9e35eadf15c5611954d741", "number": "7199411431", "date": "2021-01-24 03:13:00", "subject": "2\n", "recorded-or-robo": "N", "city": "Colorado Spgs", "state": "CO", "area-code": "719"}, {"id": "03e293b3df9e35eadf15c5611954d6e8", "number": "7204563686", "date": "2020-09-18 12:56:00", "subject": "5\n", "recorded-or-robo": "Y", "city": "Dallas", "state": "CA", "area-code": "415"}, {"id": "03e293b3df9e35eadf15c5611954d0f9", "number": "6469761438", "date": "2021-01-24 14:02:00", "subject": "2\n", "recorded-or-robo": "Y", "city": "santa cruz", "state": "CA", "area-code": "408"}, {"id": "03e293b3df9e35eadf15c5611954ced4", "number": "", "date": "2021-01-24 08:09:00", "subject": "11\n", "recorded-or-robo": "Y", "city": "Richland", "state": "WA", "area-code": "509"}, {"id": "03e293b3df9e35eadf15c5611954c38a", "number": "4155982399", "date": "2020-09-23 16:52:00", "subject": "4\n", "recorded-or-robo": "Y", "city": "Dallas", "state": "CA", "area-code": "415"}, {"id": "03e293b3df9e35eadf15c5611954b3e5", "number": "37064517445", "date": "2021-01-22 04:58:00", "subject": "2\n", "recorded-or-robo": "Y", "city": "Waterloo", "state": "IA", "area-code": "319"}, {"id": "03e293b3df9e35eadf15c5611954ad64", "number": "", "date": "2021-01-24 00:00:00", "subject": "11\n", "recorded-or-robo": "Y", "city": "Creve Coeur", "state": "MO", "area-code": "314"}, {"id": "03e293b3df9e35eadf15c56119549f42", "number": "", "date": "2021-01-13 09:15:00", "subject": "11\n", "recorded-or-robo": "Y", "city": "Gretna", "state": "LA", "area-code": "504"}, {"id": "03e293b3df9e35eadf15c5611954941c", "number": "37066816147", "date": "2021-01-22 05:05:00", "subject": "2\n", "recorded-or-robo": "Y", "city": "Waterloo", "state": "IA", "area-code": "319"}, {"id": "03e293b3df9e35eadf15c561195487ca", "number": "995577881595", "date": "2021-01-22 09:00:00", "subject": "2\n", "recorded-or-robo": "Y", "city": "Waterloo", "state": "IA", "area-code": "319"}, {"id": "03e293b3df9e35eadf15c561195482ae", "number": "9133123280", "date": "2020-10-02 11:56:00", "subject": "5\n", "recorded-or-robo": "Y", "city": "Dallas", "state": "CA", "area-code": "415"}, {"id": "03e293b3df9e35eadf15c56119547f54", "number": "8556789439", "date": "2021-01-24 15:42:00", "subject": "1\n", "recorded-or-robo": "Y", "city": "St. Louis", "state": "MO", "area-code": "314"}, {"id": "03e293b3df9e35eadf15c5611954755b", "number": "243909761462", "date": "2021-01-22 12:17:00", "subject": "2\n", "recorded-or-robo": "Y", "city": "Waterloo", "state": "IA", "area-code": "319"}, {"id": "03e293b3df9e35eadf15c561195474e4", "number": "", "date": "2021-01-24 15:00:00", "subject": "1\n", "recorded-or-robo": "Y", "city": "", "state": "", "area-code": "888"}]}