{"data": [{"id": "03e293b3df9e35eadf15c56119653a40", "number": "7733028350", "date": "2021-01-22 14:06:00", "subject": "2\n", "recorded-or-robo": "N", "city": "", "state": "IL", "area-code": "815"}, {"id": "03e293b3df9e35eadf15c5611965394c", "number": "", "date": "2021-01-24 17:00:00", "subject": "2\n", "recorded-or-robo": "Y", "city": "YAKIMA", "state": "WA", "area-code": "509"}, {"id": "03e293b3df9e35eadf15c56119652e62", "number": "9179972778", "date": "2021-01-23 00:00:00", "subject": "2\n", "recorded-or-robo": "Y", "city": "", "state": "NY", "area-code": "646"}, {"id": "03e293b3df9e35eadf15c56119652c86", "number": "", "date": "2021-01-24 00:00:00", "subject": "3\n", "recorded-or-robo": "Y", "city": "", "state": "NY", "area-code": "845"}, {"id": "03e293b3df9e35eadf15c5611964f3ba", "number": "6604779099", "date": "2021-01-24 00:00:00", "subject": "3\n", "recorded-or-robo": "", "city": "", "state": "MO", "area-code": "660"}, {"id": "03e293b3df9e35eadf15c56119652487", "number": "2028864004", "date": "2021-01-22 15:18:00", "subject": "2\n", "recorded-or-robo": "N", "city": "", "state": "IL", "area-code": "815"}, {"id": "03e293b3df9e35eadf15c5611965173f", "number": "8575982274", "date": "2021-01-14 13:21:00", "subject": "2\n", "recorded-or-robo": "Y", "city": "Calabasas", "state": "CA", "area-code": "818"}, {"id": "03e293b3df9e35eadf15c56119650b6d", "number": "2192359135", "date": "2021-01-22 15:52:00", "subject": "2\n", "recorded-or-robo": "N", "city": "", "state": "IL", "area-code": "815"}, {"id": "03e293b3df9e35eadf15c561196500b2", "number": "", "date": "2021-01-24 19:01:00", "subject": "1\n", "recorded-or-robo": "Y", "city": "", "state": "WI", "area-code": "414"}, {"id": "03e293b3df9e35eadf15c5611964e4a2", "number": "7702130796", "date": "2021-01-23 12:00:00", "subject": "2\n", "recorded-or-robo": "Y", "city": "Alexandria", "state": "VA", "area-code": "703"}, {"id": "03e293b3df9e35eadf15c5611964e0ca", "number": "", "date": "2021-01-24 00:00:00", "subject": "3\n", "recorded-or-robo": "Y", "city": "", "state": "NY", "area-code": "845"}, {"id": "03e293b3df9e35eadf15c5611964d36f", "number": "8453639105", "date": "2021-01-23 00:00:00", "subject": "2\n", "recorded-or-robo": "Y", "city": "", "state": "NY", "area-code": "646"}, {"id": "03e293b3df9e35eadf15c5611964cd40", "number": "4807191422", "date": "2021-01-11 12:16:00", "subject": "0\n", "recorded-or-robo": "Y", "city": "", "state": "AZ", "area-code": "602"}, {"id": "03e293b3df9e35eadf15c5611964cad9", "number": "8156430378", "date": "2021-01-22 17:10:00", "subject": "2\n", "recorded-or-robo": "N", "city": "", "state": "IL", "area-code": "815"}, {"id": "03e293b3df9e35eadf15c5611964c947", "number": "4028671179", "date": "2021-01-14 11:22:00", "subject": "2\n", "recorded-or-robo": "Y", "city": "Calabasas", "state": "CA", "area-code": "818"}, {"id": "03e293b3df9e35eadf15c5611964c92c", "number": "8556987519", "date": "2021-01-24 19:00:00", "subject": "11\n", "recorded-or-robo": "Y", "city": "", "state": "", "area-code": "855"}, {"id": "03e293b3df9e35eadf15c5611964c8a4", "number": "6604738044", "date": "2021-01-24 19:01:00", "subject": "1\n", "recorded-or-robo": "Y", "city": "", "state": "MO", "area-code": "660"}, {"id": "03e293b3df9e35eadf15c5611964c2ac", "number": "9282206440", "date": "2021-01-11 08:57:00", "subject": "0\n", "recorded-or-robo": "Y", "city": "", "state": "AZ", "area-code": "602"}, {"id": "03e293b3df9e35eadf15c5611964b774", "number": "8159420127", "date": "2021-01-23 10:46:00", "subject": "2\n", "recorded-or-robo": "N", "city": "", "state": "IL", "area-code": "815"}, {"id": "03e293b3df9e35eadf15c5611964b11c", "number": "8453639105", "date": "2021-01-24 00:00:00", "subject": "2\n", "recorded-or-robo": "Y", "city": "", "state": "NY", "area-code": "646"}, {"id": "03e293b3df9e35eadf15c5611964ae36", "number": "", "date": "2021-01-24 10:43:00", "subject": "11\n", "recorded-or-robo": "Y", "city": "Fayetteville", "state": "NC", "area-code": "910"}, {"id": "03e293b3df9e35eadf15c5611964aa85", "number": "6053219754", "date": "2021-01-24 09:25:00", "subject": "0\n", "recorded-or-robo": "N", "city": "Sioux Falls", "state": "SD", "area-code": "605"}, {"id": "03e293b3df9e35eadf15c5611964a8c8", "number": "8189638829", "date": "2021-01-14 12:29:00", "subject": "2\n", "recorded-or-robo": "Y", "city": "Calabasas", "state": "CA", "area-code": "818"}, {"id": "03e293b3df9e35eadf15c56119649f58", "number": "3144359458", "date": "2021-01-24 08:01:00", "subject": "11\n", "recorded-or-robo": "Y", "city": "", "state": "MO", "area-code": "314"}, {"id": "03e293b3df9e35eadf15c561196492c2", "number": "8155679510", "date": "2021-01-23 09:58:00", "subject": "2\n", "recorded-or-robo": "N", "city": "", "state": "IL", "area-code": "815"}, {"id": "03e293b3df9e35eadf15c561196484ae", "number": "8009336262", "date": "2021-01-24 00:00:00", "subject": "2\n", "recorded-or-robo": "Y", "city": "", "state": "NY", "area-code": "646"}, {"id": "03e293b3df9e35eadf15c56119648422", "number": "8556789567", "date": "2021-01-24 19:00:00", "subject": "2\n", "recorded-or-robo": "Y", "city": "Carol Stream", "state": "IL", "area-code": "630"}, {"id": "03e293b3df9e35eadf15c56119647c12", "number": "4016180245", "date": "2021-01-24 00:00:00", "subject": "6\n", "recorded-or-robo": "N", "city": "", "state": "MD", "area-code": "240"}, {"id": "03e293b3df9e35eadf15c561196479cf", "number": "", "date": "2021-01-22 12:23:00", "subject": "4\n", "recorded-or-robo": "Y", "city": "Woodcliff Lake", "state": "NJ", "area-code": "201"}, {"id": "03e293b3df9e35eadf15c561196472d2", "number": "8153177058", "date": "2021-01-23 10:23:00", "subject": "2\n", "recorded-or-robo": "N", "city": "", "state": "IL", "area-code": "815"}, {"id": "03e293b3df9e35eadf15c56119646e01", "number": "8159742519", "date": "2021-01-23 12:30:00", "subject": "2\n", "recorded-or-robo": "N", "city": "", "state": "IL", "area-code": "815"}, {"id": "03e293b3df9e35eadf15c56119646158", "number": "4149431199", "date": "2021-01-24 18:39:00", "subject": "11\n", "recorded-or-robo": "Y", "city": "Wauwatosa", "state": "WI", "area-code": "414"}, {"id": "03e293b3df9e35eadf15c561196452d8", "number": "6085647782", "date": "2021-01-24 19:01:00", "subject": "2\n", "recorded-or-robo": "Y", "city": "Arkdale", "state": "WI", "area-code": "608"}, {"id": "03e293b3df9e35eadf15c5611963f67b", "number": "8556789444", "date": "2021-01-24 00:00:00", "subject": "3\n", "recorded-or-robo": "", "city": "", "state": "MO", "area-code": "660"}, {"id": "03e293b3df9e35eadf15c56119644aac", "number": "8009336262", "date": "2021-01-24 00:00:00", "subject": "3\n", "recorded-or-robo": "Y", "city": "", "state": "NY", "area-code": "646"}, {"id": "03e293b3df9e35eadf15c561196440c8", "number": "8159611737", "date": "2021-01-23 12:35:00", "subject": "2\n", "recorded-or-robo": "N", "city": "", "state": "IL", "area-code": "815"}, {"id": "03e293b3df9e35eadf15c561196439ac", "number": "6625544500", "date": "2021-01-12 15:34:00", "subject": "2\n", "recorded-or-robo": "Y", "city": "Calabasas", "state": "CA", "area-code": "818"}, {"id": "03e293b3df9e35eadf15c56119642aa5", "number": "", "date": "2021-01-24 16:53:00", "subject": "1\n", "recorded-or-robo": "Y", "city": "Spokane", "state": "WA", "area-code": "509"}, {"id": "03e293b3df9e35eadf15c56119641f9a", "number": "2486531093", "date": "2021-01-22 17:12:00", "subject": "2\n", "recorded-or-robo": "Y", "city": "Alexandria", "state": "VA", "area-code": "703"}, {"id": "03e293b3df9e35eadf15c561196415a1", "number": "", "date": "2021-01-21 17:22:00", "subject": "11\n", "recorded-or-robo": "Y", "city": "Woodcliff Lake", "state": "NJ", "area-code": "201"}, {"id": "03e293b3df9e35eadf15c56119640b2a", "number": "6076259077", "date": "2021-01-24 20:00:00", "subject": "2\n", "recorded-or-robo": "Y", "city": "Apalachin", "state": "NY", "area-code": "607"}, {"id": "03e293b3df9e35eadf15c56119640282", "number": "3123802943", "date": "2021-01-23 17:41:00", "subject": "2\n", "recorded-or-robo": "N", "city": "", "state": "IL", "area-code": "815"}, {"id": "03e293b3df9e35eadf15c5611963f3b5", "number": "8556786169", "date": "2021-01-17 18:30:00", "subject": "11\n", "recorded-or-robo": "Y", "city": "David City", "state": "NE", "area-code": "402"}, {"id": "03e293b3df9e35eadf15c5611963f294", "number": "8664691354", "date": "2021-01-24 11:39:00", "subject": "3\n", "recorded-or-robo": "Y", "city": "Honolulu", "state": "HI", "area-code": "808"}, {"id": "03e293b3df9e35eadf15c5611963ede8", "number": "3152328257", "date": "2021-01-24 18:50:00", "subject": "2\n", "recorded-or-robo": "Y", "city": "Hazelwood", "state": "MO", "area-code": "855"}, {"id": "03e293b3df9e35eadf15c5611963de25", "number": "6304715556", "date": "2021-01-22 12:48:00", "subject": "0\n", "recorded-or-robo": "N", "city": "Sioux Falls", "state": "SD", "area-code": "605"}, {"id": "03e293b3df9e35eadf15c5611963d365", "number": "", "date": "2021-01-18 10:15:00", "subject": "5\n", "recorded-or-robo": "Y", "city": "Woodcliff Lake", "state": "NJ", "area-code": "201"}, {"id": "03e293b3df9e35eadf15c5611963d119", "number": "5092557144", "date": "2021-01-24 16:02:00", "subject": "2\n", "recorded-or-robo": "Y", "city": "Liberty Lake", "state": "WA", "area-code": "509"}, {"id": "03e293b3df9e35eadf15c5611963c743", "number": "9152003835", "date": "2021-01-15 16:08:00", "subject": "1\n", "recorded-or-robo": "Y", "city": "MAUMEE", "state": "OH", "area-code": "419"}, {"id": "03e293b3df9e35eadf15c5611963c643", "number": "", "date": "2021-01-18 12:06:00", "subject": "6\n", "recorded-or-robo": "Y", "city": "Woodcliff Lake", "state": "NJ", "area-code": "201"}]}