{"data": [{"id": "03e293b3df9e35eadf15c561195126d6", "number": "9362770629", "date": "2021-01-24 13:33:00", "subject": "2\n", "recorded-or-robo": "Y", "city": "", "state": "TX", "area-code": "936"}, {"id": "03e293b3df9e35eadf15c56119511767", "number": "3152328257", "date": "2021-01-24 11:42:00", "subject": "2\n", "recorded-or-robo": "Y", "city": "Zephyrhills", "state": "FL", "area-code": "813"}, {"id": "03e293b3df9e35eadf15c56119510bf0", "number": "5402163610", "date": "2021-01-24 00:00:00", "subject": "2\n", "recorded-or-robo": "Y", "city": "Culpeper", "state": "VA", "area-code": "540"}, {"id": "03e293b3df9e35eadf15c56119510488", "number": "7024253619", "date": "2021-01-23 11:51:00", "subject": "3\n", "recorded-or-robo": "Y", "city": "", "state": "NV", "area-code": "702"}, {"id": "03e293b3df9e35eadf15c5611950fb9b", "number": "1314740754", "date": "2021-01-24 15:40:00", "subject": "1\n", "recorded-or-robo": "Y", "city": "Chicago", "state": "IL", "area-code": "314"}, {"id": "03e293b3df9e35eadf15c5611950eee5", "number": "9362270625", "date": "2021-01-24 00:00:00", "subject": "2\n", "recorded-or-robo": "Y", "city": "", "state": "TX", "area-code": "936"}, {"id": "03e293b3df9e35eadf15c5611950e67a", "number": "6184333734", "date": "2021-01-21 09:08:00", "subject": "2\n", "recorded-or-robo": "Y", "city": "Chesapeake", "state": "VA", "area-code": "757"}, {"id": "03e293b3df9e35eadf15c5611950db61", "number": "7324019918", "date": "2021-01-24 16:03:00", "subject": "0\n", "recorded-or-robo": "Y", "city": "", "state": "NJ", "area-code": "732"}, {"id": "03e293b3df9e35eadf15c5611950d9ff", "number": "8885454199", "date": "2021-01-21 03:59:00", "subject": "2\n", "recorded-or-robo": "Y", "city": "Apollo Beach", "state": "FL", "area-code": "443"}, {"id": "03e293b3df9e35eadf15c5611950cb37", "number": "6058243323", "date": "2021-01-21 10:29:00", "subject": "2\n", "recorded-or-robo": "Y", "city": "Chesapeake", "state": "VA", "area-code": "757"}, {"id": "03e293b3df9e35eadf15c5611950c6de", "number": "8042076361", "date": "2021-01-21 19:55:00", "subject": "2\n", "recorded-or-robo": "", "city": "Fort Lupton", "state": "CO", "area-code": "303"}, {"id": "03e293b3df9e35eadf15c5611950b9e7", "number": "7252397745", "date": "2021-01-23 13:01:00", "subject": "3\n", "recorded-or-robo": "Y", "city": "", "state": "NV", "area-code": "702"}, {"id": "03e293b3df9e35eadf15c5611950b747", "number": "2169061138", "date": "2021-01-24 14:02:00", "subject": "0\n", "recorded-or-robo": "Y", "city": "Ohio", "state": "OH", "area-code": "216"}, {"id": "03e293b3df9e35eadf15c5611950b057", "number": "", "date": "2021-01-22 14:04:00", "subject": "3\n", "recorded-or-robo": "Y", "city": "", "state": "MD", "area-code": "410"}, {"id": "03e293b3df9e35eadf15c5611950af03", "number": "9413791954", "date": "2021-01-23 10:25:00", "subject": "3\n", "recorded-or-robo": "N", "city": "", "state": "TX", "area-code": "210"}, {"id": "03e293b3df9e35eadf15c5611950a8b7", "number": "4063093377", "date": "2021-01-21 12:18:00", "subject": "2\n", "recorded-or-robo": "Y", "city": "Chesapeake", "state": "VA", "area-code": "757"}, {"id": "03e293b3df9e35eadf15c56119509db6", "number": "3034486318", "date": "2021-01-23 08:43:00", "subject": "2\n", "recorded-or-robo": "", "city": "Fort Lupton", "state": "CO", "area-code": "303"}, {"id": "03e293b3df9e35eadf15c56119508e38", "number": "2103554701", "date": "2021-01-22 15:44:00", "subject": "3\n", "recorded-or-robo": "N", "city": "", "state": "TX", "area-code": "210"}, {"id": "03e293b3df9e35eadf15c56119508dda", "number": "8326224488", "date": "2021-01-01 14:15:00", "subject": "0\n", "recorded-or-robo": "N", "city": "", "state": "TX", "area-code": "713"}, {"id": "03e293b3df9e35eadf15c56119508728", "number": "2066692937", "date": "2021-01-24 12:13:00", "subject": "1\n", "recorded-or-robo": "Y", "city": "Bellevue", "state": "WA", "area-code": "206"}, {"id": "03e293b3df9e35eadf15c561195080bc", "number": "", "date": "2021-01-22 16:08:00", "subject": "3\n", "recorded-or-robo": "Y", "city": "", "state": "MD", "area-code": "410"}, {"id": "03e293b3df9e35eadf15c561195074bc", "number": "2108991677", "date": "2021-01-22 13:53:00", "subject": "3\n", "recorded-or-robo": "N", "city": "", "state": "TX", "area-code": "210"}, {"id": "03e293b3df9e35eadf15c5611950729c", "number": "2082165055", "date": "2021-01-21 15:29:00", "subject": "2\n", "recorded-or-robo": "Y", "city": "Chesapeake", "state": "VA", "area-code": "757"}, {"id": "03e293b3df9e35eadf15c5611950715d", "number": "7252397745", "date": "2021-01-23 13:01:00", "subject": "3\n", "recorded-or-robo": "Y", "city": "", "state": "NV", "area-code": "702"}, {"id": "03e293b3df9e35eadf15c56119506999", "number": "8556783826", "date": "2021-01-24 16:34:00", "subject": "11\n", "recorded-or-robo": "Y", "city": "Wesley Chapel", "state": "FL", "area-code": "813"}, {"id": "03e293b3df9e35eadf15c56119505cc7", "number": "9125007001", "date": "2021-01-22 13:49:00", "subject": "3\n", "recorded-or-robo": "N", "city": "", "state": "TX", "area-code": "210"}, {"id": "03e293b3df9e35eadf15c561195057ff", "number": "3145671788", "date": "2021-01-24 15:22:00", "subject": "1\n", "recorded-or-robo": "Y", "city": "Frontenac", "state": "MO", "area-code": "314"}, {"id": "03e293b3df9e35eadf15c56119504e35", "number": "8556789518", "date": "2021-01-24 16:22:00", "subject": "11\n", "recorded-or-robo": "Y", "city": "Wesley Chapel", "state": "FL", "area-code": "813"}, {"id": "03e293b3df9e35eadf15c56119504853", "number": "2169064071", "date": "2021-01-24 13:56:00", "subject": "0\n", "recorded-or-robo": "Y", "city": "Ohio", "state": "OH", "area-code": "216"}, {"id": "03e293b3df9e35eadf15c561195045c1", "number": "2824179872", "date": "2021-01-22 11:18:00", "subject": "3\n", "recorded-or-robo": "N", "city": "", "state": "TX", "area-code": "210"}, {"id": "03e293b3df9e35eadf15c56119504432", "number": "7575497591", "date": "2021-01-21 17:06:00", "subject": "2\n", "recorded-or-robo": "Y", "city": "Chesapeake", "state": "VA", "area-code": "520"}, {"id": "03e293b3df9e35eadf15c5611950368d", "number": "7252397759", "date": "2021-01-22 13:55:00", "subject": "3\n", "recorded-or-robo": "Y", "city": "", "state": "NV", "area-code": "702"}, {"id": "03e293b3df9e35eadf15c5611950351d", "number": "8556787401", "date": "2021-01-24 15:31:00", "subject": "11\n", "recorded-or-robo": "Y", "city": "Wesley Chapel", "state": "FL", "area-code": "813"}, {"id": "03e293b3df9e35eadf15c56119502ea5", "number": "9402606607", "date": "2021-01-24 14:19:00", "subject": "12\n", "recorded-or-robo": "Y", "city": "Flower Mound", "state": "TX", "area-code": "972"}, {"id": "03e293b3df9e35eadf15c56119502dce", "number": "8556789780", "date": "2021-01-24 15:25:00", "subject": "11\n", "recorded-or-robo": "N", "city": "Wesley Chapel", "state": "FL", "area-code": "813"}, {"id": "03e293b3df9e35eadf15c5611950256d", "number": "2169069285", "date": "2021-01-24 13:50:00", "subject": "0\n", "recorded-or-robo": "Y", "city": "Ohio", "state": "OH", "area-code": "216"}, {"id": "03e293b3df9e35eadf15c5611950207d", "number": "5626325107", "date": "2021-01-24 16:33:00", "subject": "0\n", "recorded-or-robo": "Y", "city": "Fernandina Beack", "state": "FL", "area-code": "561"}, {"id": "03e293b3df9e35eadf15c56119501c17", "number": "9162521805", "date": "2021-01-21 16:30:00", "subject": "2\n", "recorded-or-robo": "N", "city": "", "state": "CA", "area-code": "530"}, {"id": "03e293b3df9e35eadf15c56119501b59", "number": "7705370567", "date": "2021-01-23 09:07:00", "subject": "1\n", "recorded-or-robo": "N", "city": "Gilbert", "state": "AZ", "area-code": "770"}, {"id": "03e293b3df9e35eadf15c56119501927", "number": "8556781989", "date": "2021-01-24 03:12:00", "subject": "11\n", "recorded-or-robo": "Y", "city": "Wesley Chapel", "state": "FL", "area-code": "813"}, {"id": "03e293b3df9e35eadf15c5611950188d", "number": "6072266207", "date": "2021-01-24 16:10:00", "subject": "11\n", "recorded-or-robo": "Y", "city": "", "state": "NY", "area-code": "607"}, {"id": "03e293b3df9e35eadf15c561195011dc", "number": "9402606607", "date": "2021-01-24 14:19:00", "subject": "12\n", "recorded-or-robo": "Y", "city": "Flower Mound", "state": "TX", "area-code": "972"}, {"id": "03e293b3df9e35eadf15c56119500d0b", "number": "NA", "date": "2021-01-24 12:30:00", "subject": "1\n", "recorded-or-robo": "Y", "city": "", "state": "MO", "area-code": "314"}, {"id": "03e293b3df9e35eadf15c561195009c7", "number": "7705654390", "date": "2021-01-23 11:25:00", "subject": "1\n", "recorded-or-robo": "N", "city": "Gilbert", "state": "AZ", "area-code": "770"}, {"id": "03e293b3df9e35eadf15c56119500286", "number": "2169062053", "date": "2021-01-24 18:17:00", "subject": "0\n", "recorded-or-robo": "Y", "city": "Ohio", "state": "OH", "area-code": "216"}, {"id": "03e293b3df9e35eadf15c561194ffbf4", "number": "8556783129", "date": "2021-01-24 02:59:00", "subject": "11\n", "recorded-or-robo": "Y", "city": "Wesley Chapel", "state": "FL", "area-code": "813"}, {"id": "03e293b3df9e35eadf15c561194ffb80", "number": "9706696076", "date": "2021-01-23 10:39:00", "subject": "1\n", "recorded-or-robo": "Y", "city": "Loveland", "state": "CO", "area-code": "970"}, {"id": "03e293b3df9e35eadf15c561194ff7b0", "number": "7268002535", "date": "2021-01-22 10:02:00", "subject": "2\n", "recorded-or-robo": "Y", "city": "", "state": "OH", "area-code": "330"}, {"id": "03e293b3df9e35eadf15c561194fe9d0", "number": "2163745067", "date": "2021-01-24 16:30:00", "subject": "11\n", "recorded-or-robo": "Y", "city": "Bay Village", "state": "OH", "area-code": "440"}, {"id": "03e293b3df9e35eadf15c561194fdb68", "number": "", "date": "2021-01-24 16:22:00", "subject": "3\n", "recorded-or-robo": "Y", "city": "", "state": "NY", "area-code": "917"}]}