{"data": [{"id": "3decc6bfadaa436a105714c6baae8d56", "number": "7182456727", "date": "2021-01-24 00:00:00", "subject": "2", "recorded-or-robo": "Y", "city": "Plymouth", "state": "MN", "area-code": "763"}, {"id": "03e293b3df9e35eadf15c5611944e356", "number": "7182456727", "date": "2021-01-24 00:00:00", "subject": "2", "recorded-or-robo": "Y", "city": "Plymouth", "state": "MN", "area-code": "763"}, {"id": "3decc6bfadaa436a105714c6baae7e71", "number": "7044865548", "date": "2021-01-19 16:19:00", "subject": "2", "recorded-or-robo": "Y", "city": "Shelby", "state": "NC", "area-code": "704"}, {"id": "03e293b3df9e35eadf15c5611944d789", "number": "7044865548", "date": "2021-01-19 16:19:00", "subject": "2", "recorded-or-robo": "Y", "city": "Shelby", "state": "NC", "area-code": "704"}, {"id": "3decc6bfadaa436a105714c6baae7400", "number": "7190662358", "date": "2021-01-15 08:01:00", "subject": "2", "recorded-or-robo": "", "city": "Long Beach", "state": "CA", "area-code": "562"}, {"id": "03e293b3df9e35eadf15c5611944d24d", "number": "7190662358", "date": "2021-01-15 08:01:00", "subject": "2", "recorded-or-robo": "", "city": "Long Beach", "state": "CA", "area-code": "562"}, {"id": "3decc6bfadaa436a105714c6baae6f87", "number": "9104270560", "date": "2021-01-23 18:52:00", "subject": "0", "recorded-or-robo": "Y", "city": "", "state": "SC", "area-code": "843"}, {"id": "03e293b3df9e35eadf15c5611944c400", "number": "9104270560", "date": "2021-01-23 18:52:00", "subject": "0", "recorded-or-robo": "Y", "city": "", "state": "SC", "area-code": "843"}, {"id": "3decc6bfadaa436a105714c6baae6236", "number": "4103210264", "date": "2021-01-19 17:52:00", "subject": "3", "recorded-or-robo": "Y", "city": "Shelby", "state": "NC", "area-code": "704"}, {"id": "03e293b3df9e35eadf15c5611944b667", "number": "4103210264", "date": "2021-01-19 17:52:00", "subject": "3", "recorded-or-robo": "Y", "city": "Shelby", "state": "NC", "area-code": "704"}, {"id": "3decc6bfadaa436a105714c6baae5bc7", "number": "9108432533", "date": "2021-01-22 17:52:00", "subject": "0", "recorded-or-robo": "Y", "city": "", "state": "SC", "area-code": "843"}, {"id": "03e293b3df9e35eadf15c5611944aca8", "number": "9108432533", "date": "2021-01-22 17:52:00", "subject": "0", "recorded-or-robo": "Y", "city": "", "state": "SC", "area-code": "843"}, {"id": "3decc6bfadaa436a105714c6baae58b3", "number": "9102484846", "date": "2021-01-20 10:06:00", "subject": "8", "recorded-or-robo": "Y", "city": "Shelby", "state": "NC", "area-code": "704"}, {"id": "03e293b3df9e35eadf15c5611944a852", "number": "9102484846", "date": "2021-01-20 10:06:00", "subject": "8", "recorded-or-robo": "Y", "city": "Shelby", "state": "NC", "area-code": "704"}, {"id": "3decc6bfadaa436a105714c6baae48e4", "number": "5862465055", "date": "2021-01-24 14:34:00", "subject": "3", "recorded-or-robo": "Y", "city": "", "state": "MI", "area-code": "586"}, {"id": "03e293b3df9e35eadf15c56119449fbe", "number": "5862465055", "date": "2021-01-24 14:34:00", "subject": "3", "recorded-or-robo": "Y", "city": "", "state": "MI", "area-code": "586"}, {"id": "3decc6bfadaa436a105714c6baae3fe3", "number": "7182448475", "date": "2021-01-24 13:21:00", "subject": "1", "recorded-or-robo": "Y", "city": "Plymouth", "state": "MN", "area-code": "763"}, {"id": "03e293b3df9e35eadf15c56119449647", "number": "7182448475", "date": "2021-01-24 13:21:00", "subject": "1", "recorded-or-robo": "Y", "city": "Plymouth", "state": "MN", "area-code": "763"}, {"id": "3decc6bfadaa436a105714c6baae3db1", "number": "9104270560", "date": "2021-01-22 17:50:00", "subject": "0", "recorded-or-robo": "Y", "city": "", "state": "SC", "area-code": "843"}, {"id": "03e293b3df9e35eadf15c5611944955d", "number": "9104270560", "date": "2021-01-22 17:50:00", "subject": "0", "recorded-or-robo": "Y", "city": "", "state": "SC", "area-code": "843"}, {"id": "3decc6bfadaa436a105714c6baae3db0", "number": "7044514871", "date": "2021-01-20 14:09:00", "subject": "2", "recorded-or-robo": "Y", "city": "Shelby", "state": "NC", "area-code": "704"}, {"id": "03e293b3df9e35eadf15c5611944923d", "number": "7044514871", "date": "2021-01-20 14:09:00", "subject": "2", "recorded-or-robo": "Y", "city": "Shelby", "state": "NC", "area-code": "704"}, {"id": "3decc6bfadaa436a105714c6baae3a8f", "number": "7042457063", "date": "2021-01-20 17:04:00", "subject": "2", "recorded-or-robo": "Y", "city": "Shelby", "state": "NC", "area-code": "704"}, {"id": "03e293b3df9e35eadf15c56119448f5c", "number": "7042457063", "date": "2021-01-20 17:04:00", "subject": "2", "recorded-or-robo": "Y", "city": "Shelby", "state": "NC", "area-code": "704"}, {"id": "3decc6bfadaa436a105714c6baae3912", "number": "8853066998", "date": "2021-01-24 14:00:00", "subject": "0", "recorded-or-robo": "N", "city": "cheektowaga", "state": "NY", "area-code": "716"}, {"id": "03e293b3df9e35eadf15c56119448b5c", "number": "8853066998", "date": "2021-01-24 14:00:00", "subject": "0", "recorded-or-robo": "N", "city": "cheektowaga", "state": "NY", "area-code": "716"}, {"id": "3decc6bfadaa436a105714c6baae2991", "number": "5418092710", "date": "2021-01-21 19:01:00", "subject": "0", "recorded-or-robo": "Y", "city": "ELKTON", "state": "MD", "area-code": "410"}, {"id": "03e293b3df9e35eadf15c5611944851a", "number": "5418092710", "date": "2021-01-21 19:01:00", "subject": "0", "recorded-or-robo": "Y", "city": "ELKTON", "state": "MD", "area-code": "410"}, {"id": "3decc6bfadaa436a105714c6baae27c5", "number": "6149289020", "date": "2021-01-19 14:17:00", "subject": "2", "recorded-or-robo": "Y", "city": "Reynoldsburg", "state": "OH", "area-code": "614"}, {"id": "03e293b3df9e35eadf15c56119447996", "number": "6149289020", "date": "2021-01-19 14:17:00", "subject": "2", "recorded-or-robo": "Y", "city": "Reynoldsburg", "state": "OH", "area-code": "614"}, {"id": "3decc6bfadaa436a105714c6baae17e3", "number": "9108359734", "date": "2021-01-21 18:20:00", "subject": "0", "recorded-or-robo": "Y", "city": "", "state": "SC", "area-code": "843"}, {"id": "03e293b3df9e35eadf15c56119446fa3", "number": "9108359734", "date": "2021-01-21 18:20:00", "subject": "0", "recorded-or-robo": "Y", "city": "", "state": "SC", "area-code": "843"}, {"id": "3decc6bfadaa436a105714c6baae0f26", "number": "9374103650", "date": "2021-01-23 18:30:00", "subject": "4", "recorded-or-robo": "N", "city": "Cincinnati", "state": "OH", "area-code": "513"}, {"id": "03e293b3df9e35eadf15c561194462a5", "number": "9374103650", "date": "2021-01-23 18:30:00", "subject": "4", "recorded-or-robo": "N", "city": "Cincinnati", "state": "OH", "area-code": "513"}, {"id": "3decc6bfadaa436a105714c6baadff97", "number": "3145678110", "date": "2021-01-24 13:34:00", "subject": "2", "recorded-or-robo": "Y", "city": "Frontenac", "state": "MO", "area-code": "314"}, {"id": "03e293b3df9e35eadf15c5611944581a", "number": "3145678110", "date": "2021-01-24 13:34:00", "subject": "2", "recorded-or-robo": "Y", "city": "Frontenac", "state": "MO", "area-code": "314"}, {"id": "3decc6bfadaa436a105714c6baadf986", "number": "", "date": "2021-01-20 09:17:00", "subject": "7", "recorded-or-robo": "N", "city": "Laguna woods", "state": "CA", "area-code": "949"}, {"id": "03e293b3df9e35eadf15c56119444fec", "number": "", "date": "2021-01-20 09:17:00", "subject": "7", "recorded-or-robo": "N", "city": "Laguna woods", "state": "CA", "area-code": "949"}, {"id": "3decc6bfadaa436a105714c6baadeeb5", "number": "7044701473", "date": "2021-01-22 21:05:00", "subject": "3", "recorded-or-robo": "Y", "city": "Shelby", "state": "NC", "area-code": "704"}, {"id": "03e293b3df9e35eadf15c56119444edf", "number": "7044701473", "date": "2021-01-22 21:05:00", "subject": "3", "recorded-or-robo": "Y", "city": "Shelby", "state": "NC", "area-code": "704"}, {"id": "3decc6bfadaa436a105714c6baade271", "number": "7048008394", "date": "2021-01-22 14:30:00", "subject": "2", "recorded-or-robo": "Y", "city": "Shelby", "state": "NC", "area-code": "704"}, {"id": "03e293b3df9e35eadf15c5611944410b", "number": "7048008394", "date": "2021-01-22 14:30:00", "subject": "2", "recorded-or-robo": "Y", "city": "Shelby", "state": "NC", "area-code": "704"}, {"id": "3decc6bfadaa436a105714c6baaddee9", "number": "9108432533", "date": "2021-01-21 18:18:00", "subject": "0", "recorded-or-robo": "Y", "city": "", "state": "SC", "area-code": "843"}, {"id": "03e293b3df9e35eadf15c56119443476", "number": "9108432533", "date": "2021-01-21 18:18:00", "subject": "0", "recorded-or-robo": "Y", "city": "", "state": "SC", "area-code": "843"}, {"id": "3decc6bfadaa436a105714c6baadcef0", "number": "4232532275", "date": "2021-01-21 14:18:00", "subject": "2", "recorded-or-robo": "Y", "city": "baltimore", "state": "MD", "area-code": "410"}, {"id": "03e293b3df9e35eadf15c56119443227", "number": "4232532275", "date": "2021-01-21 14:18:00", "subject": "2", "recorded-or-robo": "Y", "city": "baltimore", "state": "MD", "area-code": "410"}, {"id": "3decc6bfadaa436a105714c6baadc411", "number": "3088307442", "date": "2021-01-21 10:41:00", "subject": "2", "recorded-or-robo": "Y", "city": "ASH LAND CITY", "state": "TN", "area-code": "615"}, {"id": "03e293b3df9e35eadf15c56119442537", "number": "3088307442", "date": "2021-01-21 10:41:00", "subject": "2", "recorded-or-robo": "Y", "city": "ASH LAND CITY", "state": "TN", "area-code": "615"}, {"id": "3decc6bfadaa436a105714c6baadbdfa", "number": "", "date": "2021-01-24 12:00:00", "subject": "1", "recorded-or-robo": "Y", "city": "St Louis", "state": "MO", "area-code": "314"}, {"id": "03e293b3df9e35eadf15c56119441fdb", "number": "", "date": "2021-01-24 12:00:00", "subject": "1", "recorded-or-robo": "Y", "city": "St Louis", "state": "MO", "area-code": "314"}]}