{"data": [{"id": "03e293b3df9e35eadf15c561195f1f67", "number": "8313353767", "date": "2021-01-24 14:53:00", "subject": "2\n", "recorded-or-robo": "N", "city": "Felton", "state": "CA", "area-code": "831"}, {"id": "03e293b3df9e35eadf15c561195f1c58", "number": "3144975255", "date": "2021-01-24 18:01:00", "subject": "11\n", "recorded-or-robo": "Y", "city": "St louis", "state": "MO", "area-code": "314"}, {"id": "03e293b3df9e35eadf15c561195f0cf6", "number": "9417265209", "date": "2021-01-24 00:00:00", "subject": "2\n", "recorded-or-robo": "Y", "city": "", "state": "FL", "area-code": "941"}, {"id": "03e293b3df9e35eadf15c561195f03f4", "number": "9140802424", "date": "2021-01-22 15:47:00", "subject": "1\n", "recorded-or-robo": "Y", "city": "", "state": "NC", "area-code": "931"}, {"id": "03e293b3df9e35eadf15c561195ef5f3", "number": "", "date": "2021-01-24 15:39:00", "subject": "1\n", "recorded-or-robo": "N", "city": "Racine", "state": "WI", "area-code": "262"}, {"id": "03e293b3df9e35eadf15c561195ee8ad", "number": "6099012382", "date": "2021-01-19 15:22:00", "subject": "2\n", "recorded-or-robo": "Y", "city": "", "state": "CO", "area-code": "303"}, {"id": "03e293b3df9e35eadf15c561195ee2b7", "number": "9802067031", "date": "2021-01-21 10:11:00", "subject": "2\n", "recorded-or-robo": "Y", "city": "", "state": "CA", "area-code": "562"}, {"id": "03e293b3df9e35eadf15c561195ed728", "number": "3239864934", "date": "2021-01-24 14:31:00", "subject": "2\n", "recorded-or-robo": "N", "city": "", "state": "CA", "area-code": "323"}, {"id": "03e293b3df9e35eadf15c561195ec821", "number": "6232573662", "date": "2021-01-24 19:05:00", "subject": "2\n", "recorded-or-robo": "Y", "city": "", "state": "NC", "area-code": "704"}, {"id": "03e293b3df9e35eadf15c561195ec667", "number": "1810476", "date": "2021-01-22 16:19:00", "subject": "1\n", "recorded-or-robo": "Y", "city": "", "state": "NC", "area-code": "931"}, {"id": "03e293b3df9e35eadf15c561195ebf68", "number": "5092649426", "date": "2021-01-24 12:00:00", "subject": "1\n", "recorded-or-robo": "Y", "city": "", "state": "WA", "area-code": "509"}, {"id": "03e293b3df9e35eadf15c561195ebbc9", "number": "7088751308", "date": "2021-01-24 17:34:00", "subject": "0\n", "recorded-or-robo": "N", "city": "Orland Park", "state": "IL", "area-code": "708"}, {"id": "03e293b3df9e35eadf15c561195eb419", "number": "3167346393", "date": "2021-01-24 16:47:00", "subject": "11\n", "recorded-or-robo": "Y", "city": "Evans", "state": "GA", "area-code": "316"}, {"id": "03e293b3df9e35eadf15c561195ea6f3", "number": "3034679523", "date": "2021-01-18 15:10:00", "subject": "1\n", "recorded-or-robo": "Y", "city": "", "state": "CO", "area-code": "303"}, {"id": "03e293b3df9e35eadf15c561195ea190", "number": "7088751290", "date": "2021-01-23 19:23:00", "subject": "0\n", "recorded-or-robo": "N", "city": "Orland Park", "state": "IL", "area-code": "708"}, {"id": "03e293b3df9e35eadf15c561195e9c55", "number": "7647525931", "date": "2021-01-22 16:57:00", "subject": "1\n", "recorded-or-robo": "Y", "city": "", "state": "NC", "area-code": "931"}, {"id": "03e293b3df9e35eadf15c561195e909a", "number": "5752190380", "date": "2021-01-24 16:23:00", "subject": "0\n", "recorded-or-robo": "Y", "city": "Corrales", "state": "NM", "area-code": "505"}, {"id": "03e293b3df9e35eadf15c561195e8d0c", "number": "5628189755", "date": "2021-01-24 16:03:00", "subject": "3\n", "recorded-or-robo": "Y", "city": "", "state": "CA", "area-code": "562"}, {"id": "03e293b3df9e35eadf15c561195e85ec", "number": "2142471405", "date": "2021-01-24 18:00:00", "subject": "2\n", "recorded-or-robo": "Y", "city": "", "state": "NE", "area-code": "402"}, {"id": "03e293b3df9e35eadf15c561195e7dcd", "number": "8556786708", "date": "2021-01-24 15:31:00", "subject": "1\n", "recorded-or-robo": "Y", "city": "Dover", "state": "FL", "area-code": "813"}, {"id": "03e293b3df9e35eadf15c561195e7457", "number": "7089383220", "date": "2021-01-23 17:20:00", "subject": "0\n", "recorded-or-robo": "N", "city": "Orland Park", "state": "IL", "area-code": "708"}, {"id": "03e293b3df9e35eadf15c561195e64c1", "number": "NA", "date": "2021-01-24 15:06:00", "subject": "1\n", "recorded-or-robo": "Y", "city": "Seattle", "state": "WA", "area-code": "503"}, {"id": "03e293b3df9e35eadf15c561195e58bf", "number": "3034673119", "date": "2021-01-18 14:18:00", "subject": "2\n", "recorded-or-robo": "Y", "city": "", "state": "CO", "area-code": "303"}, {"id": "03e293b3df9e35eadf15c561195e5123", "number": "8801700845494", "date": "2021-01-24 10:08:00", "subject": "1\n", "recorded-or-robo": "Y", "city": "St. Petersburg", "state": "FL", "area-code": "727"}, {"id": "03e293b3df9e35eadf15c561195e4a87", "number": "3034673185", "date": "2021-01-18 12:56:00", "subject": "2\n", "recorded-or-robo": "Y", "city": "", "state": "CO", "area-code": "303"}, {"id": "03e293b3df9e35eadf15c561195e4485", "number": "4422375653", "date": "2021-01-21 15:42:00", "subject": "2\n", "recorded-or-robo": "Y", "city": "Granada Hills", "state": "CA", "area-code": "818"}, {"id": "03e293b3df9e35eadf15c561195e42a5", "number": "", "date": "2021-01-24 17:20:00", "subject": "1\n", "recorded-or-robo": "Y", "city": "Union Point", "state": "GA", "area-code": "706"}, {"id": "03e293b3df9e35eadf15c561195e18ed", "number": "9043415183", "date": "2021-01-24 18:00:00", "subject": "3\n", "recorded-or-robo": "N", "city": "", "state": "CT", "area-code": "203"}, {"id": "03e293b3df9e35eadf15c561195e3e73", "number": "9039677396", "date": "2021-01-20 17:21:00", "subject": "1\n", "recorded-or-robo": "Y", "city": "Baldwinville", "state": "MA", "area-code": "978"}, {"id": "03e293b3df9e35eadf15c561195e3db6", "number": "8183523465", "date": "2021-01-21 17:33:00", "subject": "2\n", "recorded-or-robo": "Y", "city": "Granada Hills", "state": "CA", "area-code": "818"}, {"id": "03e293b3df9e35eadf15c561195e2f8d", "number": "4149433351", "date": "2021-01-24 17:57:00", "subject": "11\n", "recorded-or-robo": "Y", "city": "West Allis", "state": "WI", "area-code": "414"}, {"id": "03e293b3df9e35eadf15c561195e251a", "number": "2022176099", "date": "2021-01-14 11:49:00", "subject": "2\n", "recorded-or-robo": "Y", "city": "", "state": "CO", "area-code": "303"}, {"id": "03e293b3df9e35eadf15c561195e23c0", "number": "", "date": "2021-01-24 12:38:00", "subject": "11\n", "recorded-or-robo": "Y", "city": "St. Louis", "state": "MO", "area-code": "314"}, {"id": "03e293b3df9e35eadf15c561195e11ae", "number": "3477721388", "date": "2021-01-24 17:57:00", "subject": "8\n", "recorded-or-robo": "Y", "city": "", "state": "IL", "area-code": "773"}, {"id": "03e293b3df9e35eadf15c561195e0c47", "number": "8182495141", "date": "2021-01-22 12:51:00", "subject": "2\n", "recorded-or-robo": "Y", "city": "Granada Hills", "state": "CA", "area-code": "818"}, {"id": "03e293b3df9e35eadf15c561195e03a0", "number": "3152328257", "date": "2021-01-24 18:02:00", "subject": "11\n", "recorded-or-robo": "Y", "city": "Cleveland", "state": "GA", "area-code": "706"}, {"id": "03e293b3df9e35eadf15c561195df664", "number": "8605063562", "date": "2021-01-24 17:52:00", "subject": "2\n", "recorded-or-robo": "Y", "city": "Luverne", "state": "MN", "area-code": "507"}, {"id": "03e293b3df9e35eadf15c561195db9fb", "number": "", "date": "2021-01-24 00:00:00", "subject": "3\n", "recorded-or-robo": "", "city": "", "state": "CA", "area-code": "818"}, {"id": "03e293b3df9e35eadf15c561195de75c", "number": "8556786787", "date": "2021-01-24 17:54:00", "subject": "2\n", "recorded-or-robo": "Y", "city": "", "state": "", "area-code": "855"}, {"id": "03e293b3df9e35eadf15c561195de06e", "number": "8185614963", "date": "2021-01-22 15:08:00", "subject": "2\n", "recorded-or-robo": "Y", "city": "Granada Hills", "state": "CA", "area-code": "818"}, {"id": "03e293b3df9e35eadf15c561195dd277", "number": "4149405784", "date": "2021-01-24 17:53:00", "subject": "11\n", "recorded-or-robo": "Y", "city": "", "state": "WI", "area-code": "414"}, {"id": "03e293b3df9e35eadf15c561195dc9a2", "number": "", "date": "2021-01-24 00:00:00", "subject": "3\n", "recorded-or-robo": "Y", "city": "", "state": "NY", "area-code": "845"}, {"id": "03e293b3df9e35eadf15c561195db1ee", "number": "9098996789", "date": "2021-01-22 15:51:00", "subject": "2\n", "recorded-or-robo": "Y", "city": "Granada Hills", "state": "CA", "area-code": "818"}, {"id": "03e293b3df9e35eadf15c561195db1b6", "number": "5093884961", "date": "2021-01-24 14:59:00", "subject": "2\n", "recorded-or-robo": "Y", "city": "Okanogan", "state": "WA", "area-code": "509"}, {"id": "03e293b3df9e35eadf15c561195daa58", "number": "5058182324", "date": "2021-01-24 16:52:00", "subject": "2\n", "recorded-or-robo": "Y", "city": "Albuquerque", "state": "NM", "area-code": "505"}, {"id": "03e293b3df9e35eadf15c561195d9b2f", "number": "", "date": "2021-01-24 15:47:00", "subject": "3\n", "recorded-or-robo": "Y", "city": "", "state": "WA", "area-code": "509"}, {"id": "03e293b3df9e35eadf15c561195d90a4", "number": "7274099382", "date": "2021-01-24 15:24:00", "subject": "1\n", "recorded-or-robo": "Y", "city": "Saint Petersburg", "state": "FL", "area-code": "727"}, {"id": "03e293b3df9e35eadf15c561195d88c0", "number": "", "date": "2021-01-24 00:00:00", "subject": "3\n", "recorded-or-robo": "Y", "city": "", "state": "NY", "area-code": "845"}, {"id": "03e293b3df9e35eadf15c561195d7d6d", "number": "8182085468", "date": "2021-01-22 15:57:00", "subject": "2\n", "recorded-or-robo": "Y", "city": "Granada Hills", "state": "CA", "area-code": "818"}, {"id": "03e293b3df9e35eadf15c561195d7620", "number": "8182753701", "date": "2021-01-23 17:47:00", "subject": "2\n", "recorded-or-robo": "Y", "city": "Granada Hills", "state": "CA", "area-code": "818"}]}