{"data": [{"id": "03e293b3df9e35eadf15c5611963c336", "number": "5092556422", "date": "2021-01-24 16:34:00", "subject": "2\n", "recorded-or-robo": "Y", "city": "Liberty Lake", "state": "WA", "area-code": "509"}, {"id": "03e293b3df9e35eadf15c5611963b297", "number": "6604778224", "date": "2021-01-24 00:00:00", "subject": "3\n", "recorded-or-robo": "", "city": "", "state": "MO", "area-code": "660"}, {"id": "03e293b3df9e35eadf15c5611963c16e", "number": "", "date": "2021-01-15 12:00:00", "subject": "6\n", "recorded-or-robo": "Y", "city": "Woodcliff Lake", "state": "NJ", "area-code": "201"}, {"id": "03e293b3df9e35eadf15c5611963b5df", "number": "9362324763", "date": "2021-01-24 16:46:00", "subject": "0\n", "recorded-or-robo": "N", "city": "", "state": "WA", "area-code": "509"}, {"id": "03e293b3df9e35eadf15c5611963af3a", "number": "8556782992", "date": "2021-01-24 19:45:00", "subject": "1\n", "recorded-or-robo": "N", "city": "Manassas", "state": "VA", "area-code": "703"}, {"id": "03e293b3df9e35eadf15c5611963a5c8", "number": "5092557704", "date": "2021-01-24 04:21:00", "subject": "2\n", "recorded-or-robo": "Y", "city": "Liberty Lake", "state": "WA", "area-code": "509"}, {"id": "03e293b3df9e35eadf15c56119639f18", "number": "8668721743", "date": "2021-01-24 13:36:00", "subject": "2\n", "recorded-or-robo": "", "city": "", "state": "KS", "area-code": "316"}, {"id": "03e293b3df9e35eadf15c561196397bb", "number": "5712600865", "date": "2021-01-21 12:33:00", "subject": "4\n", "recorded-or-robo": "Y", "city": "Alexandria", "state": "VA", "area-code": "703"}, {"id": "03e293b3df9e35eadf15c56119638fc7", "number": "5092559842", "date": "2021-01-24 16:15:00", "subject": "2\n", "recorded-or-robo": "Y", "city": "Liberty Lake", "state": "WA", "area-code": "509"}, {"id": "03e293b3df9e35eadf15c561196389fa", "number": "2154350835", "date": "2021-01-24 06:50:00", "subject": "0\n", "recorded-or-robo": "Y", "city": "", "state": "AR", "area-code": "479"}, {"id": "03e293b3df9e35eadf15c5611963879c", "number": "8668721743", "date": "2021-01-24 13:36:00", "subject": "2\n", "recorded-or-robo": "", "city": "", "state": "KS", "area-code": "316"}, {"id": "03e293b3df9e35eadf15c561196380ba", "number": "2096536483", "date": "2021-01-24 16:38:00", "subject": "2\n", "recorded-or-robo": "Y", "city": "", "state": "CA", "area-code": "209"}, {"id": "03e293b3df9e35eadf15c5611963792f", "number": "3233098828", "date": "2021-01-24 16:00:00", "subject": "2\n", "recorded-or-robo": "Y", "city": "", "state": "CA", "area-code": "323"}, {"id": "03e293b3df9e35eadf15c56119636e79", "number": "5092552112", "date": "2021-01-24 15:46:00", "subject": "2\n", "recorded-or-robo": "Y", "city": "Liberty Lake", "state": "WA", "area-code": "509"}, {"id": "03e293b3df9e35eadf15c56119636783", "number": "3144351463", "date": "2021-01-24 00:00:00", "subject": "2\n", "recorded-or-robo": "Y", "city": "", "state": "MO", "area-code": "314"}, {"id": "03e293b3df9e35eadf15c56119635bb9", "number": "", "date": "2021-01-24 16:30:00", "subject": "2\n", "recorded-or-robo": "Y", "city": "Loon Lake", "state": "WA", "area-code": "509"}, {"id": "03e293b3df9e35eadf15c56119635688", "number": "", "date": "2021-01-24 19:43:00", "subject": "2\n", "recorded-or-robo": "Y", "city": "Aldie", "state": "VA", "area-code": "301"}, {"id": "03e293b3df9e35eadf15c56119635273", "number": "3169742979", "date": "2021-01-23 11:58:00", "subject": "2\n", "recorded-or-robo": "", "city": "", "state": "KS", "area-code": "316"}, {"id": "03e293b3df9e35eadf15c5611963490e", "number": "5092554426", "date": "2021-01-24 15:31:00", "subject": "2\n", "recorded-or-robo": "Y", "city": "Liberty Lake", "state": "WA", "area-code": "509"}, {"id": "03e293b3df9e35eadf15c561196342ac", "number": "8556783680", "date": "2021-01-24 18:50:00", "subject": "2\n", "recorded-or-robo": "Y", "city": "Carol Stream", "state": "IL", "area-code": "630"}, {"id": "03e293b3df9e35eadf15c561196339a3", "number": "6207723347", "date": "2021-01-22 11:09:00", "subject": "2\n", "recorded-or-robo": "", "city": "", "state": "KS", "area-code": "316"}, {"id": "03e293b3df9e35eadf15c56119632d77", "number": "6054728723", "date": "2021-01-21 17:42:00", "subject": "2\n", "recorded-or-robo": "", "city": "", "state": "KS", "area-code": "316"}, {"id": "03e293b3df9e35eadf15c5611963240d", "number": "5092555897", "date": "2021-01-24 15:54:00", "subject": "2\n", "recorded-or-robo": "Y", "city": "Liberty Lake", "state": "WA", "area-code": "509"}, {"id": "03e293b3df9e35eadf15c5611963190d", "number": "8553308653", "date": "2021-01-21 18:01:00", "subject": "2\n", "recorded-or-robo": "Y", "city": "Altoona", "state": "PA", "area-code": "814"}, {"id": "03e293b3df9e35eadf15c56119630acd", "number": "4057706649", "date": "2021-01-24 19:47:00", "subject": "4\n", "recorded-or-robo": "Y", "city": "Midland", "state": "MI", "area-code": "248"}, {"id": "03e293b3df9e35eadf15c561196301a0", "number": "8143634504", "date": "2021-01-21 15:43:00", "subject": "2\n", "recorded-or-robo": "Y", "city": "Altoona", "state": "PA", "area-code": "814"}, {"id": "03e293b3df9e35eadf15c5611962f6ca", "number": "9137214723", "date": "2021-01-21 15:10:00", "subject": "2\n", "recorded-or-robo": "", "city": "", "state": "KS", "area-code": "316"}, {"id": "03e293b3df9e35eadf15c5611962f4ef", "number": "8562121143", "date": "2021-01-23 19:19:00", "subject": "0\n", "recorded-or-robo": "Y", "city": "Vineland", "state": "NJ", "area-code": "856"}, {"id": "03e293b3df9e35eadf15c5611962ed72", "number": "", "date": "2021-01-14 00:00:00", "subject": "0\n", "recorded-or-robo": "Y", "city": "", "state": "CA", "area-code": "559"}, {"id": "03e293b3df9e35eadf15c5611962ec4e", "number": "8148803556", "date": "2021-01-19 14:46:00", "subject": "2\n", "recorded-or-robo": "Y", "city": "Altoona", "state": "PA", "area-code": "814"}, {"id": "03e293b3df9e35eadf15c5611962e6af", "number": "7542261287", "date": "2021-01-21 14:00:00", "subject": "2\n", "recorded-or-robo": "", "city": "", "state": "KS", "area-code": "316"}, {"id": "03e293b3df9e35eadf15c5611962df48", "number": "5092552325", "date": "2021-01-24 16:08:00", "subject": "2\n", "recorded-or-robo": "Y", "city": "Liberty Lake", "state": "WA", "area-code": "509"}, {"id": "03e293b3df9e35eadf15c5611962d2ae", "number": "8556782449", "date": "2021-01-24 19:45:00", "subject": "11\n", "recorded-or-robo": "Y", "city": "homosassa", "state": "FL", "area-code": "352"}, {"id": "03e293b3df9e35eadf15c5611962d182", "number": "8149615170", "date": "2021-01-19 09:59:00", "subject": "2\n", "recorded-or-robo": "Y", "city": "Altoona", "state": "PA", "area-code": "814"}, {"id": "03e293b3df9e35eadf15c5611962ce3d", "number": "4149438503", "date": "2021-01-24 18:46:00", "subject": "11\n", "recorded-or-robo": "Y", "city": "West Allis", "state": "WI", "area-code": "414"}, {"id": "03e293b3df9e35eadf15c5611962ce19", "number": "7275255381", "date": "2021-01-24 19:42:00", "subject": "1\n", "recorded-or-robo": "Y", "city": "St. Petersburg", "state": "FL", "area-code": "727"}, {"id": "03e293b3df9e35eadf15c5611962c755", "number": "7035895525", "date": "2021-01-21 11:14:00", "subject": "2\n", "recorded-or-robo": "Y", "city": "Alexandria", "state": "VA", "area-code": "703"}, {"id": "03e293b3df9e35eadf15c5611962bf04", "number": "7852434723", "date": "2021-01-21 13:41:00", "subject": "2\n", "recorded-or-robo": "", "city": "", "state": "KS", "area-code": "316"}, {"id": "03e293b3df9e35eadf15c5611962b00d", "number": "", "date": "2021-01-21 00:00:00", "subject": "4\n", "recorded-or-robo": "Y", "city": "", "state": "CA", "area-code": "559"}, {"id": "03e293b3df9e35eadf15c5611962ad3d", "number": "6077615797", "date": "2021-01-24 02:00:00", "subject": "2\n", "recorded-or-robo": "N", "city": "APALACHIN", "state": "NY", "area-code": "607"}, {"id": "03e293b3df9e35eadf15c5611962a9b1", "number": "3023875653", "date": "2021-01-24 11:44:00", "subject": "2\n", "recorded-or-robo": "N", "city": "Aledo", "state": "IL", "area-code": "309"}, {"id": "03e293b3df9e35eadf15c5611962a578", "number": "2892325723", "date": "2021-01-20 13:33:00", "subject": "2\n", "recorded-or-robo": "", "city": "", "state": "KS", "area-code": "316"}, {"id": "03e293b3df9e35eadf15c561196283ec", "number": "8556782940", "date": "2021-01-24 00:00:00", "subject": "3\n", "recorded-or-robo": "", "city": "", "state": "MO", "area-code": "660"}, {"id": "03e293b3df9e35eadf15c5611962996a", "number": "3167684723", "date": "2021-01-20 13:33:00", "subject": "2\n", "recorded-or-robo": "", "city": "", "state": "KS", "area-code": "316"}, {"id": "03e293b3df9e35eadf15c56119628b6e", "number": "", "date": "2021-01-21 19:11:00", "subject": "7\n", "recorded-or-robo": "Y", "city": "Woodcliff Lake", "state": "NJ", "area-code": "201"}, {"id": "03e293b3df9e35eadf15c561196264c0", "number": "", "date": "2020-01-15 00:00:00", "subject": "3\n", "recorded-or-robo": "N", "city": "", "state": "VA", "area-code": "757"}, {"id": "03e293b3df9e35eadf15c56119628288", "number": "5853009258", "date": "2021-01-20 10:06:00", "subject": "2\n", "recorded-or-robo": "", "city": "", "state": "KS", "area-code": "316"}, {"id": "03e293b3df9e35eadf15c561196277ff", "number": "8556784872", "date": "2021-01-24 18:40:00", "subject": "2\n", "recorded-or-robo": "Y", "city": "Carol Stream", "state": "IL", "area-code": "630"}, {"id": "03e293b3df9e35eadf15c5611962693d", "number": "4149434092", "date": "2021-01-24 18:34:00", "subject": "11\n", "recorded-or-robo": "Y", "city": "West Allis", "state": "WI", "area-code": "414"}, {"id": "03e293b3df9e35eadf15c561196254e5", "number": "3021023875", "date": "2021-01-24 09:56:00", "subject": "2\n", "recorded-or-robo": "N", "city": "Aledo", "state": "IL", "area-code": "309"}]}