{"data": [{"id": "03e293b3df9e35eadf15c5611938adc5", "number": "5154988655", "date": "2021-01-22 12:44:00", "subject": "0\n", "recorded-or-robo": "N", "city": "Des Moines", "state": "IA", "area-code": "515"}, {"id": "03e293b3df9e35eadf15c5611938ab9c", "number": "31458878492929", "date": "2021-01-24 23:59:00", "subject": "2\n", "recorded-or-robo": "Y", "city": "St Louis", "state": "MO", "area-code": "314"}, {"id": "03e293b3df9e35eadf15c5611938a8c3", "number": "8334910850", "date": "2021-01-22 00:00:00", "subject": "5\n", "recorded-or-robo": "N", "city": "", "state": "OR", "area-code": "541"}, {"id": "03e293b3df9e35eadf15c56119389e3d", "number": "3158153237", "date": "2021-01-24 12:00:00", "subject": "1\n", "recorded-or-robo": "Y", "city": "", "state": "FL", "area-code": "813"}, {"id": "03e293b3df9e35eadf15c56119389a40", "number": "5716852447", "date": "2021-01-22 14:47:00", "subject": "0\n", "recorded-or-robo": "N", "city": "Des Moines", "state": "IA", "area-code": "515"}, {"id": "03e293b3df9e35eadf15c5611938909f", "number": "5204414104", "date": "2021-01-21 00:00:00", "subject": "3\n", "recorded-or-robo": "Y", "city": "", "state": "AZ", "area-code": "520"}, {"id": "03e293b3df9e35eadf15c56119388743", "number": "5048268328", "date": "2021-01-20 00:00:00", "subject": "3\n", "recorded-or-robo": "Y", "city": "", "state": "AZ", "area-code": "520"}, {"id": "03e293b3df9e35eadf15c561193882db", "number": "7652129550", "date": "2021-01-24 12:41:00", "subject": "13\n", "recorded-or-robo": "N", "city": "Yorktown", "state": "IN", "area-code": "765"}, {"id": "03e293b3df9e35eadf15c56119387bee", "number": "6099343443", "date": "2021-01-23 13:48:00", "subject": "11\n", "recorded-or-robo": "Y", "city": "East Windsor", "state": "NJ", "area-code": "609"}, {"id": "03e293b3df9e35eadf15c561193874aa", "number": "5152854943", "date": "2021-01-22 15:34:00", "subject": "0\n", "recorded-or-robo": "N", "city": "Des Moines", "state": "IA", "area-code": "515"}, {"id": "03e293b3df9e35eadf15c56119386775", "number": "8646408997", "date": "2021-01-14 00:00:00", "subject": "3\n", "recorded-or-robo": "Y", "city": "", "state": "AZ", "area-code": "520"}, {"id": "03e293b3df9e35eadf15c5611938625e", "number": "8888030812", "date": "2021-01-24 12:04:00", "subject": "2\n", "recorded-or-robo": "Y", "city": "Jermyn", "state": "PA", "area-code": "570"}, {"id": "03e293b3df9e35eadf15c56119385a9a", "number": "4422469085", "date": "2021-01-23 15:37:00", "subject": "0\n", "recorded-or-robo": "N", "city": "Madison", "state": "CT", "area-code": "203"}, {"id": "03e293b3df9e35eadf15c56119384bcc", "number": "5203805815", "date": "2021-01-19 00:00:00", "subject": "3\n", "recorded-or-robo": "Y", "city": "", "state": "AZ", "area-code": "520"}, {"id": "03e293b3df9e35eadf15c56119384788", "number": "", "date": "2021-01-24 11:33:00", "subject": "1\n", "recorded-or-robo": "Y", "city": "Spring Lake", "state": "MI", "area-code": "231"}, {"id": "03e293b3df9e35eadf15c56119383d9f", "number": "5203715104", "date": "2021-01-20 00:00:00", "subject": "3\n", "recorded-or-robo": "Y", "city": "", "state": "AZ", "area-code": "520"}, {"id": "03e293b3df9e35eadf15c56119383506", "number": "4014045408", "date": "2021-01-23 09:16:00", "subject": "0\n", "recorded-or-robo": "", "city": "Des Moines", "state": "IA", "area-code": "515"}, {"id": "03e293b3df9e35eadf15c56119382973", "number": "6366006427", "date": "2021-01-22 13:26:00", "subject": "0\n", "recorded-or-robo": "Y", "city": "fenton", "state": "MO", "area-code": "636"}, {"id": "03e293b3df9e35eadf15c561193820e9", "number": "4439185051", "date": "2021-01-21 00:00:00", "subject": "3\n", "recorded-or-robo": "Y", "city": "", "state": "AZ", "area-code": "520"}, {"id": "03e293b3df9e35eadf15c56119381e26", "number": "4439185051", "date": "2021-01-21 00:00:00", "subject": "3\n", "recorded-or-robo": "Y", "city": "", "state": "AZ", "area-code": "520"}, {"id": "03e293b3df9e35eadf15c56119381c1b", "number": "7203777686", "date": "2021-01-22 17:18:00", "subject": "2\n", "recorded-or-robo": "Y", "city": "Lafayette", "state": "CO", "area-code": "720"}, {"id": "03e293b3df9e35eadf15c56119380cd9", "number": "4012567138", "date": "2021-01-24 12:30:00", "subject": "1\n", "recorded-or-robo": "Y", "city": "", "state": "CT", "area-code": "401"}, {"id": "03e293b3df9e35eadf15c56119380bc6", "number": "2096663133", "date": "2021-01-23 14:50:00", "subject": "2\n", "recorded-or-robo": "Y", "city": "New Smyrna Beach", "state": "FL", "area-code": "209"}, {"id": "03e293b3df9e35eadf15c56119380833", "number": "5159814170", "date": "2021-01-20 12:52:00", "subject": "0\n", "recorded-or-robo": "N", "city": "Des Moines", "state": "IA", "area-code": "515"}, {"id": "03e293b3df9e35eadf15c56119380148", "number": "7409647080", "date": "2021-01-24 13:13:00", "subject": "11\n", "recorded-or-robo": "Y", "city": "Pickerington", "state": "OH", "area-code": "740"}, {"id": "03e293b3df9e35eadf15c5611937fce3", "number": "4254174363", "date": "2021-01-24 10:12:00", "subject": "1\n", "recorded-or-robo": "Y", "city": "Bellevue", "state": "WA", "area-code": "425"}, {"id": "03e293b3df9e35eadf15c5611937f3cb", "number": "450552", "date": "2021-01-24 13:05:00", "subject": "2\n", "recorded-or-robo": "Y", "city": "Springfield", "state": "PA", "area-code": "484"}, {"id": "03e293b3df9e35eadf15c5611937f092", "number": "6094486512", "date": "2021-01-23 13:01:00", "subject": "11\n", "recorded-or-robo": "Y", "city": "East Windsor", "state": "NJ", "area-code": "609"}, {"id": "03e293b3df9e35eadf15c5611937eb2c", "number": "2107121374", "date": "2021-01-23 13:31:00", "subject": "6\n", "recorded-or-robo": "Y", "city": "Madison", "state": "CT", "area-code": "203"}, {"id": "03e293b3df9e35eadf15c5611937e2ef", "number": "4806906539", "date": "2021-01-24 11:09:00", "subject": "2\n", "recorded-or-robo": "Y", "city": "Chandler", "state": "AZ", "area-code": "480"}, {"id": "03e293b3df9e35eadf15c5611937e2a7", "number": "3304762400", "date": "2021-01-19 12:51:00", "subject": "7\n", "recorded-or-robo": "Y", "city": "Akron", "state": "OH", "area-code": "330"}, {"id": "03e293b3df9e35eadf15c5611937e2a6", "number": "9717122975", "date": "2021-01-19 13:42:00", "subject": "7\n", "recorded-or-robo": "Y", "city": "Akron", "state": "OH", "area-code": "330"}, {"id": "03e293b3df9e35eadf15c5611937d57f", "number": "8609244003", "date": "2021-01-23 11:43:00", "subject": "12\n", "recorded-or-robo": "Y", "city": "Madison", "state": "CT", "area-code": "203"}, {"id": "03e293b3df9e35eadf15c5611937c609", "number": "", "date": "2021-01-22 12:43:00", "subject": "3\n", "recorded-or-robo": "Y", "city": "", "state": "AR", "area-code": "501"}, {"id": "03e293b3df9e35eadf15c5611937b852", "number": "2622792544", "date": "2021-01-24 11:30:00", "subject": "2\n", "recorded-or-robo": "Y", "city": "Twin Lakes", "state": "WI", "area-code": "262"}, {"id": "03e293b3df9e35eadf15c5611937a867", "number": "", "date": "2021-01-23 12:00:00", "subject": "2\n", "recorded-or-robo": "Y", "city": "Walla Walla", "state": "WA", "area-code": "509"}, {"id": "03e293b3df9e35eadf15c5611937a751", "number": "3309557189", "date": "2021-01-20 11:56:00", "subject": "7\n", "recorded-or-robo": "Y", "city": "Akron", "state": "OH", "area-code": "330"}, {"id": "03e293b3df9e35eadf15c56119379dad", "number": "3865238166", "date": "2021-01-24 12:05:00", "subject": "1\n", "recorded-or-robo": "Y", "city": "Pacific", "state": "MO", "area-code": "386"}, {"id": "03e293b3df9e35eadf15c56119379caa", "number": "", "date": "2021-01-01 12:00:00", "subject": "13\n", "recorded-or-robo": "Y", "city": "costa mesa", "state": "CA", "area-code": "714"}, {"id": "03e293b3df9e35eadf15c561193799b8", "number": "8440499279", "date": "2021-01-24 12:16:00", "subject": "1\n", "recorded-or-robo": "Y", "city": "", "state": "FL", "area-code": "941"}, {"id": "03e293b3df9e35eadf15c561193773f0", "number": "9254316647", "date": "2021-01-23 12:57:00", "subject": "3\n", "recorded-or-robo": "N", "city": "", "state": "CA", "area-code": "925"}, {"id": "03e293b3df9e35eadf15c56119379632", "number": "9298224002", "date": "2021-01-20 19:07:00", "subject": "2\n", "recorded-or-robo": "Y", "city": "", "state": "NY", "area-code": "718"}, {"id": "03e293b3df9e35eadf15c56119378f46", "number": "3306378420", "date": "2021-01-20 12:06:00", "subject": "7\n", "recorded-or-robo": "Y", "city": "Akron", "state": "OH", "area-code": "330"}, {"id": "03e293b3df9e35eadf15c5611937822f", "number": "7182209559", "date": "2021-01-21 16:31:00", "subject": "4\n", "recorded-or-robo": "Y", "city": "", "state": "NY", "area-code": "718"}, {"id": "03e293b3df9e35eadf15c56119377be6", "number": "2324368245", "date": "2021-01-24 12:18:00", "subject": "1\n", "recorded-or-robo": "Y", "city": "", "state": "FL", "area-code": "941"}, {"id": "03e293b3df9e35eadf15c56119376530", "number": "4254178835", "date": "2021-01-24 10:05:00", "subject": "1\n", "recorded-or-robo": "Y", "city": "Bellevue", "state": "WA", "area-code": "425"}, {"id": "03e293b3df9e35eadf15c56119375b47", "number": "6012288962", "date": "2021-01-23 10:39:00", "subject": "6\n", "recorded-or-robo": "Y", "city": "Madison", "state": "CT", "area-code": "203"}, {"id": "03e293b3df9e35eadf15c5611937548a", "number": "9294160089", "date": "2021-01-21 11:10:00", "subject": "3\n", "recorded-or-robo": "N", "city": "", "state": "NJ", "area-code": "201"}, {"id": "03e293b3df9e35eadf15c561193748da", "number": "7184953132", "date": "2021-01-22 16:00:00", "subject": "4\n", "recorded-or-robo": "Y", "city": "", "state": "NY", "area-code": "718"}, {"id": "03e293b3df9e35eadf15c5611937480e", "number": "5165708326", "date": "2021-01-23 13:55:00", "subject": "2\n", "recorded-or-robo": "Y", "city": "", "state": "NY", "area-code": "718"}]}