{"data": [{"id": "03e293b3df9e35eadf15c561193a4100", "number": "6505675264", "date": "2021-01-22 18:55:00", "subject": "2\n", "recorded-or-robo": "Y", "city": "LOS ALTOS", "state": "CA", "area-code": "650"}, {"id": "03e293b3df9e35eadf15c561193a3d9e", "number": "3074334588", "date": "2021-01-23 11:11:00", "subject": "2\n", "recorded-or-robo": "N", "city": "tampa", "state": "FL", "area-code": "813"}, {"id": "03e293b3df9e35eadf15c561193a32e1", "number": "", "date": "2021-01-23 12:00:00", "subject": "1\n", "recorded-or-robo": "Y", "city": "Genoa City", "state": "WI", "area-code": "262"}, {"id": "03e293b3df9e35eadf15c561193a2b6c", "number": "5056478022", "date": "2021-01-24 12:06:00", "subject": "2\n", "recorded-or-robo": "Y", "city": "Hopewell Junction", "state": "NY", "area-code": "914"}, {"id": "03e293b3df9e35eadf15c561193a29cd", "number": "6106382882", "date": "2021-01-23 19:29:00", "subject": "6\n", "recorded-or-robo": "N", "city": "Macungie", "state": "PA", "area-code": "610"}, {"id": "03e293b3df9e35eadf15c561193a1f1b", "number": "8134774909", "date": "2021-01-24 12:30:00", "subject": "1\n", "recorded-or-robo": "Y", "city": "Mint Hill", "state": "FL", "area-code": "813"}, {"id": "03e293b3df9e35eadf15c561193a12f5", "number": "2014206351", "date": "2021-01-12 11:46:00", "subject": "0\n", "recorded-or-robo": "Y", "city": "", "state": "NJ", "area-code": "201"}, {"id": "03e293b3df9e35eadf15c561193a0fd9", "number": "813809818711", "date": "2021-01-23 04:48:00", "subject": "0\n", "recorded-or-robo": "Y", "city": "", "state": "IL", "area-code": "847"}, {"id": "03e293b3df9e35eadf15c561193a0dd8", "number": "3134668475", "date": "2021-01-24 12:56:00", "subject": "1\n", "recorded-or-robo": "Y", "city": "Henrico", "state": "VA", "area-code": "804"}, {"id": "03e293b3df9e35eadf15c561193a020e", "number": "81337106057", "date": "2021-01-23 11:15:00", "subject": "2\n", "recorded-or-robo": "N", "city": "tampa", "state": "FL", "area-code": "813"}, {"id": "03e293b3df9e35eadf15c5611939f823", "number": "2018775671", "date": "2021-01-07 11:31:00", "subject": "0\n", "recorded-or-robo": "Y", "city": "", "state": "NJ", "area-code": "201"}, {"id": "03e293b3df9e35eadf15c5611939ef2b", "number": "8589265928", "date": "2021-01-22 12:47:00", "subject": "1\n", "recorded-or-robo": "Y", "city": "Henrico", "state": "VA", "area-code": "804"}, {"id": "03e293b3df9e35eadf15c5611939e36d", "number": "8134772180", "date": "2021-01-24 12:08:00", "subject": "1\n", "recorded-or-robo": "Y", "city": "Mint Hill", "state": "FL", "area-code": "813"}, {"id": "03e293b3df9e35eadf15c5611939ded7", "number": "8137802762", "date": "2021-01-24 13:14:00", "subject": "2\n", "recorded-or-robo": "Y", "city": "Zephyrhills", "state": "FL", "area-code": "813"}, {"id": "03e293b3df9e35eadf15c5611939ddbf", "number": "5718331318", "date": "2021-01-24 13:20:00", "subject": "2\n", "recorded-or-robo": "Y", "city": "", "state": "NC", "area-code": "910"}, {"id": "03e293b3df9e35eadf15c5611939d8f6", "number": "4254175822", "date": "2021-01-24 10:17:00", "subject": "1\n", "recorded-or-robo": "Y", "city": "Bellevue", "state": "WA", "area-code": "425"}, {"id": "03e293b3df9e35eadf15c5611939d2e6", "number": "3152328257", "date": "2021-01-24 12:00:00", "subject": "11\n", "recorded-or-robo": "Y", "city": "", "state": "FL", "area-code": "813"}, {"id": "03e293b3df9e35eadf15c5611939c629", "number": "2015541064", "date": "2021-01-06 12:08:00", "subject": "0\n", "recorded-or-robo": "Y", "city": "", "state": "NJ", "area-code": "201"}, {"id": "03e293b3df9e35eadf15c5611939c416", "number": "4358683565", "date": "2021-01-23 11:45:00", "subject": "2\n", "recorded-or-robo": "N", "city": "tampa", "state": "FL", "area-code": "813"}, {"id": "03e293b3df9e35eadf15c5611939c01b", "number": "6154064313", "date": "2021-01-24 12:50:00", "subject": "1\n", "recorded-or-robo": "Y", "city": "Gibsonton", "state": "FL", "area-code": "813"}, {"id": "03e293b3df9e35eadf15c5611939b367", "number": "4075533077", "date": "2021-01-23 13:17:00", "subject": "2\n", "recorded-or-robo": "N", "city": "tampa", "state": "FL", "area-code": "813"}, {"id": "03e293b3df9e35eadf15c5611939b300", "number": "8556981470", "date": "2021-01-24 13:07:00", "subject": "11\n", "recorded-or-robo": "Y", "city": "", "state": "MI", "area-code": "313"}, {"id": "03e293b3df9e35eadf15c5611939a6b5", "number": "8066026518", "date": "2021-01-22 12:30:00", "subject": "2\n", "recorded-or-robo": "N", "city": "Columbia", "state": "MD", "area-code": "410"}, {"id": "03e293b3df9e35eadf15c5611939a471", "number": "8177304039", "date": "2021-01-24 11:01:00", "subject": "2\n", "recorded-or-robo": "Y", "city": "Bedford", "state": "TX", "area-code": "817"}, {"id": "03e293b3df9e35eadf15c5611939a2e7", "number": "8134777581", "date": "2021-01-24 11:40:00", "subject": "1\n", "recorded-or-robo": "Y", "city": "Mint Hill", "state": "FL", "area-code": "813"}, {"id": "03e293b3df9e35eadf15c561193997a3", "number": "4016492746", "date": "2021-01-24 13:18:00", "subject": "1\n", "recorded-or-robo": "Y", "city": "cumberland", "state": "RI", "area-code": "312"}, {"id": "03e293b3df9e35eadf15c561193995e9", "number": "8556787635", "date": "2021-01-24 13:15:00", "subject": "11\n", "recorded-or-robo": "Y", "city": "thonotosassa", "state": "FL", "area-code": "813"}, {"id": "03e293b3df9e35eadf15c56119398b70", "number": "3022898561", "date": "2021-01-24 13:15:00", "subject": "3\n", "recorded-or-robo": "", "city": "", "state": "DE", "area-code": "302"}, {"id": "03e293b3df9e35eadf15c5611939828a", "number": "3152328257", "date": "2021-01-24 01:16:00", "subject": "1\n", "recorded-or-robo": "Y", "city": "Dover", "state": "FL", "area-code": "813"}, {"id": "03e293b3df9e35eadf15c56119397b7f", "number": "3093245237", "date": "2021-01-24 12:03:00", "subject": "8\n", "recorded-or-robo": "Y", "city": "Peoria", "state": "IL", "area-code": "309"}, {"id": "03e293b3df9e35eadf15c56119396c9d", "number": "5152066560", "date": "2021-01-20 13:56:00", "subject": "0\n", "recorded-or-robo": "N", "city": "Des Moines", "state": "IA", "area-code": "515"}, {"id": "03e293b3df9e35eadf15c56119396442", "number": "20640154404", "date": "2021-01-16 15:53:00", "subject": "2\n", "recorded-or-robo": "N", "city": "tampa", "state": "FL", "area-code": "813"}, {"id": "03e293b3df9e35eadf15c56119395687", "number": "4848003063", "date": "2021-01-24 12:52:00", "subject": "1\n", "recorded-or-robo": "N", "city": "Irwin", "state": "PA", "area-code": "724"}, {"id": "03e293b3df9e35eadf15c561193930ac", "number": "9802923904", "date": "2021-01-24 13:07:00", "subject": "3\n", "recorded-or-robo": "N", "city": "", "state": "SC", "area-code": "864"}, {"id": "03e293b3df9e35eadf15c5611939530e", "number": "5152066560", "date": "2021-01-20 13:57:00", "subject": "0\n", "recorded-or-robo": "N", "city": "Des Moines", "state": "IA", "area-code": "515"}, {"id": "03e293b3df9e35eadf15c561193943bd", "number": "8134779797", "date": "2021-01-24 11:27:00", "subject": "1\n", "recorded-or-robo": "Y", "city": "Mint Hill", "state": "NC", "area-code": "813"}, {"id": "03e293b3df9e35eadf15c56119393c5f", "number": "", "date": "2021-01-24 13:10:00", "subject": "2\n", "recorded-or-robo": "Y", "city": "CLINTON", "state": "PA", "area-code": "724"}, {"id": "03e293b3df9e35eadf15c56119392a19", "number": "5154988655", "date": "2021-01-20 17:16:00", "subject": "0\n", "recorded-or-robo": "N", "city": "Des Moines", "state": "IA", "area-code": "515"}, {"id": "03e293b3df9e35eadf15c56119391a71", "number": "5747212215", "date": "2021-01-24 11:42:00", "subject": "1\n", "recorded-or-robo": "Y", "city": "Camden", "state": "IN", "area-code": "574"}, {"id": "03e293b3df9e35eadf15c56119391028", "number": "6154064223", "date": "2021-01-24 13:06:00", "subject": "11\n", "recorded-or-robo": "Y", "city": "", "state": "FL", "area-code": "813"}, {"id": "03e293b3df9e35eadf15c56119390bc2", "number": "", "date": "2021-01-24 12:00:00", "subject": "13\n", "recorded-or-robo": "Y", "city": "Haymarket", "state": "VA", "area-code": "469"}, {"id": "03e293b3df9e35eadf15c5611938fc6f", "number": "5154166009", "date": "2021-01-21 10:30:00", "subject": "0\n", "recorded-or-robo": "N", "city": "Des Moines", "state": "IA", "area-code": "515"}, {"id": "03e293b3df9e35eadf15c5611938ec8b", "number": "9203194443", "date": "2021-01-21 13:30:00", "subject": "4\n", "recorded-or-robo": "N", "city": "BLANCHARDVILLE", "state": "WI", "area-code": "262"}, {"id": "03e293b3df9e35eadf15c5611938eb77", "number": "6692813456", "date": "2021-01-24 13:00:00", "subject": "1\n", "recorded-or-robo": "Y", "city": "Gibsonton", "state": "FL", "area-code": "813"}, {"id": "03e293b3df9e35eadf15c5611938e055", "number": "8136558543*", "date": "2021-01-24 12:38:00", "subject": "2\n", "recorded-or-robo": "Y", "city": "Brandon", "state": "FL", "area-code": "813"}, {"id": "03e293b3df9e35eadf15c5611938db43", "number": "3152328257", "date": "2021-01-22 12:00:00", "subject": "1\n", "recorded-or-robo": "Y", "city": "New Carlisle", "state": "IN", "area-code": "574"}, {"id": "03e293b3df9e35eadf15c5611938cdc3", "number": "7409646236", "date": "2021-01-24 00:00:00", "subject": "2\n", "recorded-or-robo": "Y", "city": "Pickerington", "state": "OH", "area-code": "740"}, {"id": "03e293b3df9e35eadf15c5611938c01b", "number": "5154988669", "date": "2021-01-21 17:46:00", "subject": "0\n", "recorded-or-robo": "N", "city": "Des Moines", "state": "IA", "area-code": "515"}, {"id": "03e293b3df9e35eadf15c5611938b487", "number": "", "date": "2021-01-24 12:00:00", "subject": "1\n", "recorded-or-robo": "Y", "city": "Blue Springs", "state": "MO", "area-code": "660"}, {"id": "03e293b3df9e35eadf15c5611938b263", "number": "5635387405", "date": "2021-01-22 09:17:00", "subject": "0\n", "recorded-or-robo": "N", "city": "Des Moines", "state": "IA", "area-code": "515"}]}