{"data": [{"id": "3decc6bfadaa436a105714c6baa2e815", "number": "5154988655", "date": "2021-01-22 12:44:00", "subject": "0", "recorded-or-robo": "N", "city": "Des Moines", "state": "IA", "area-code": "515"}, {"id": "03e293b3df9e35eadf15c5611938adc5", "number": "5154988655", "date": "2021-01-22 12:44:00", "subject": "0", "recorded-or-robo": "N", "city": "Des Moines", "state": "IA", "area-code": "515"}, {"id": "3decc6bfadaa436a105714c6baa2d8b3", "number": "31458878492929", "date": "2021-01-24 23:59:00", "subject": "2", "recorded-or-robo": "Y", "city": "St Louis", "state": "MO", "area-code": "314"}, {"id": "03e293b3df9e35eadf15c5611938ab9c", "number": "31458878492929", "date": "2021-01-24 23:59:00", "subject": "2", "recorded-or-robo": "Y", "city": "St Louis", "state": "MO", "area-code": "314"}, {"id": "3decc6bfadaa436a105714c6baa2d2f6", "number": "8334910850", "date": "2021-01-22 00:00:00", "subject": "5", "recorded-or-robo": "N", "city": "", "state": "OR", "area-code": "541"}, {"id": "03e293b3df9e35eadf15c5611938a8c3", "number": "8334910850", "date": "2021-01-22 00:00:00", "subject": "5", "recorded-or-robo": "N", "city": "", "state": "OR", "area-code": "541"}, {"id": "3decc6bfadaa436a105714c6baa2c9a0", "number": "3158153237", "date": "2021-01-24 12:00:00", "subject": "1", "recorded-or-robo": "Y", "city": "", "state": "FL", "area-code": "813"}, {"id": "03e293b3df9e35eadf15c56119389e3d", "number": "3158153237", "date": "2021-01-24 12:00:00", "subject": "1", "recorded-or-robo": "Y", "city": "", "state": "FL", "area-code": "813"}, {"id": "3decc6bfadaa436a105714c6baa2c827", "number": "5716852447", "date": "2021-01-22 14:47:00", "subject": "0", "recorded-or-robo": "N", "city": "Des Moines", "state": "IA", "area-code": "515"}, {"id": "03e293b3df9e35eadf15c56119389a40", "number": "5716852447", "date": "2021-01-22 14:47:00", "subject": "0", "recorded-or-robo": "N", "city": "Des Moines", "state": "IA", "area-code": "515"}, {"id": "3decc6bfadaa436a105714c6baa2c1bb", "number": "5204414104", "date": "2021-01-21 00:00:00", "subject": "3", "recorded-or-robo": "Y", "city": "", "state": "AZ", "area-code": "520"}, {"id": "03e293b3df9e35eadf15c5611938909f", "number": "5204414104", "date": "2021-01-21 00:00:00", "subject": "3", "recorded-or-robo": "Y", "city": "", "state": "AZ", "area-code": "520"}, {"id": "3decc6bfadaa436a105714c6baa2bf49", "number": "5048268328", "date": "2021-01-20 00:00:00", "subject": "3", "recorded-or-robo": "Y", "city": "", "state": "AZ", "area-code": "520"}, {"id": "03e293b3df9e35eadf15c56119388743", "number": "5048268328", "date": "2021-01-20 00:00:00", "subject": "3", "recorded-or-robo": "Y", "city": "", "state": "AZ", "area-code": "520"}, {"id": "3decc6bfadaa436a105714c6baa2b87a", "number": "7652129550", "date": "2021-01-24 12:41:00", "subject": "13", "recorded-or-robo": "N", "city": "Yorktown", "state": "IN", "area-code": "765"}, {"id": "03e293b3df9e35eadf15c561193882db", "number": "7652129550", "date": "2021-01-24 12:41:00", "subject": "13", "recorded-or-robo": "N", "city": "Yorktown", "state": "IN", "area-code": "765"}, {"id": "3decc6bfadaa436a105714c6baa2b115", "number": "6099343443", "date": "2021-01-23 13:48:00", "subject": "11", "recorded-or-robo": "Y", "city": "East Windsor", "state": "NJ", "area-code": "609"}, {"id": "03e293b3df9e35eadf15c56119387bee", "number": "6099343443", "date": "2021-01-23 13:48:00", "subject": "11", "recorded-or-robo": "Y", "city": "East Windsor", "state": "NJ", "area-code": "609"}, {"id": "3decc6bfadaa436a105714c6baa2ab8d", "number": "5152854943", "date": "2021-01-22 15:34:00", "subject": "0", "recorded-or-robo": "N", "city": "Des Moines", "state": "IA", "area-code": "515"}, {"id": "3decc6bfadaa436a105714c6baa29e2d", "number": "8646408997", "date": "2021-01-14 00:00:00", "subject": "3", "recorded-or-robo": "Y", "city": "", "state": "AZ", "area-code": "520"}, {"id": "03e293b3df9e35eadf15c561193874aa", "number": "5152854943", "date": "2021-01-22 15:34:00", "subject": "0", "recorded-or-robo": "N", "city": "Des Moines", "state": "IA", "area-code": "515"}, {"id": "03e293b3df9e35eadf15c56119386775", "number": "8646408997", "date": "2021-01-14 00:00:00", "subject": "3", "recorded-or-robo": "Y", "city": "", "state": "AZ", "area-code": "520"}, {"id": "3decc6bfadaa436a105714c6baa29171", "number": "8888030812", "date": "2021-01-24 12:04:00", "subject": "2", "recorded-or-robo": "Y", "city": "Jermyn", "state": "PA", "area-code": "570"}, {"id": "03e293b3df9e35eadf15c5611938625e", "number": "8888030812", "date": "2021-01-24 12:04:00", "subject": "2", "recorded-or-robo": "Y", "city": "Jermyn", "state": "PA", "area-code": "570"}, {"id": "3decc6bfadaa436a105714c6baa28dd2", "number": "4422469085", "date": "2021-01-23 15:37:00", "subject": "0", "recorded-or-robo": "N", "city": "Madison", "state": "CT", "area-code": "203"}, {"id": "03e293b3df9e35eadf15c56119385a9a", "number": "4422469085", "date": "2021-01-23 15:37:00", "subject": "0", "recorded-or-robo": "N", "city": "Madison", "state": "CT", "area-code": "203"}, {"id": "3decc6bfadaa436a105714c6baa27ece", "number": "5203805815", "date": "2021-01-19 00:00:00", "subject": "3", "recorded-or-robo": "Y", "city": "", "state": "AZ", "area-code": "520"}, {"id": "03e293b3df9e35eadf15c56119384bcc", "number": "5203805815", "date": "2021-01-19 00:00:00", "subject": "3", "recorded-or-robo": "Y", "city": "", "state": "AZ", "area-code": "520"}, {"id": "3decc6bfadaa436a105714c6baa27590", "number": "", "date": "2021-01-24 11:33:00", "subject": "1", "recorded-or-robo": "Y", "city": "Spring Lake", "state": "MI", "area-code": "231"}, {"id": "03e293b3df9e35eadf15c56119384788", "number": "", "date": "2021-01-24 11:33:00", "subject": "1", "recorded-or-robo": "Y", "city": "Spring Lake", "state": "MI", "area-code": "231"}, {"id": "3decc6bfadaa436a105714c6baa268bf", "number": "5203715104", "date": "2021-01-20 00:00:00", "subject": "3", "recorded-or-robo": "Y", "city": "", "state": "AZ", "area-code": "520"}, {"id": "03e293b3df9e35eadf15c56119383d9f", "number": "5203715104", "date": "2021-01-20 00:00:00", "subject": "3", "recorded-or-robo": "Y", "city": "", "state": "AZ", "area-code": "520"}, {"id": "3decc6bfadaa436a105714c6baa2600f", "number": "4014045408", "date": "2021-01-23 09:16:00", "subject": "0", "recorded-or-robo": "", "city": "Des Moines", "state": "IA", "area-code": "515"}, {"id": "03e293b3df9e35eadf15c56119383506", "number": "4014045408", "date": "2021-01-23 09:16:00", "subject": "0", "recorded-or-robo": "", "city": "Des Moines", "state": "IA", "area-code": "515"}, {"id": "3decc6bfadaa436a105714c6baa25bce", "number": "6366006427", "date": "2021-01-22 13:26:00", "subject": "0", "recorded-or-robo": "Y", "city": "fenton", "state": "MO", "area-code": "636"}, {"id": "03e293b3df9e35eadf15c56119382973", "number": "6366006427", "date": "2021-01-22 13:26:00", "subject": "0", "recorded-or-robo": "Y", "city": "fenton", "state": "MO", "area-code": "636"}, {"id": "3decc6bfadaa436a105714c6baa25996", "number": "4439185051", "date": "2021-01-21 00:00:00", "subject": "3", "recorded-or-robo": "Y", "city": "", "state": "AZ", "area-code": "520"}, {"id": "03e293b3df9e35eadf15c561193820e9", "number": "4439185051", "date": "2021-01-21 00:00:00", "subject": "3", "recorded-or-robo": "Y", "city": "", "state": "AZ", "area-code": "520"}, {"id": "3decc6bfadaa436a105714c6baa24dcb", "number": "4439185051", "date": "2021-01-21 00:00:00", "subject": "3", "recorded-or-robo": "Y", "city": "", "state": "AZ", "area-code": "520"}, {"id": "03e293b3df9e35eadf15c56119381e26", "number": "4439185051", "date": "2021-01-21 00:00:00", "subject": "3", "recorded-or-robo": "Y", "city": "", "state": "AZ", "area-code": "520"}, {"id": "3decc6bfadaa436a105714c6baa24bc2", "number": "7203777686", "date": "2021-01-22 17:18:00", "subject": "2", "recorded-or-robo": "Y", "city": "Lafayette", "state": "CO", "area-code": "720"}, {"id": "03e293b3df9e35eadf15c56119381c1b", "number": "7203777686", "date": "2021-01-22 17:18:00", "subject": "2", "recorded-or-robo": "Y", "city": "Lafayette", "state": "CO", "area-code": "720"}, {"id": "3decc6bfadaa436a105714c6baa23df2", "number": "4012567138", "date": "2021-01-24 12:30:00", "subject": "1", "recorded-or-robo": "Y", "city": "", "state": "CT", "area-code": "401"}, {"id": "03e293b3df9e35eadf15c56119380cd9", "number": "4012567138", "date": "2021-01-24 12:30:00", "subject": "1", "recorded-or-robo": "Y", "city": "", "state": "CT", "area-code": "401"}, {"id": "3decc6bfadaa436a105714c6baa23339", "number": "2096663133", "date": "2021-01-23 14:50:00", "subject": "2", "recorded-or-robo": "Y", "city": "New Smyrna Beach", "state": "FL", "area-code": "209"}, {"id": "03e293b3df9e35eadf15c56119380bc6", "number": "2096663133", "date": "2021-01-23 14:50:00", "subject": "2", "recorded-or-robo": "Y", "city": "New Smyrna Beach", "state": "FL", "area-code": "209"}, {"id": "3decc6bfadaa436a105714c6baa22535", "number": "5159814170", "date": "2021-01-20 12:52:00", "subject": "0", "recorded-or-robo": "N", "city": "Des Moines", "state": "IA", "area-code": "515"}, {"id": "03e293b3df9e35eadf15c56119380833", "number": "5159814170", "date": "2021-01-20 12:52:00", "subject": "0", "recorded-or-robo": "N", "city": "Des Moines", "state": "IA", "area-code": "515"}, {"id": "3decc6bfadaa436a105714c6baa21a29", "number": "7409647080", "date": "2021-01-24 13:13:00", "subject": "11", "recorded-or-robo": "Y", "city": "Pickerington", "state": "OH", "area-code": "740"}, {"id": "03e293b3df9e35eadf15c56119380148", "number": "7409647080", "date": "2021-01-24 13:13:00", "subject": "11", "recorded-or-robo": "Y", "city": "Pickerington", "state": "OH", "area-code": "740"}]}