{"data": [{"id": "03e293b3df9e35eadf15c561193744fe", "number": "3307241151", "date": "2021-01-21 12:01:00", "subject": "7\n", "recorded-or-robo": "Y", "city": "Akron", "state": "OH", "area-code": "330"}, {"id": "03e293b3df9e35eadf15c561193741c9", "number": "8556781325", "date": "2021-01-24 00:55:00", "subject": "2\n", "recorded-or-robo": "Y", "city": "Zephyrhills", "state": "FL", "area-code": "813"}, {"id": "03e293b3df9e35eadf15c56119373e1f", "number": "3194503229", "date": "2021-01-21 11:35:00", "subject": "3\n", "recorded-or-robo": "N", "city": "", "state": "NJ", "area-code": "201"}, {"id": "03e293b3df9e35eadf15c56119373959", "number": "", "date": "2021-01-24 11:34:00", "subject": "2\n", "recorded-or-robo": "Y", "city": "Twin Lakes", "state": "WI", "area-code": "262"}, {"id": "03e293b3df9e35eadf15c5611937360e", "number": "7876733009", "date": "2021-01-21 12:00:00", "subject": "1\n", "recorded-or-robo": "N", "city": "Mayaguez", "state": "PR", "area-code": "939"}, {"id": "03e293b3df9e35eadf15c56119373588", "number": "3157281368", "date": "2021-01-22 14:49:00", "subject": "6\n", "recorded-or-robo": "Y", "city": "Madison", "state": "CT", "area-code": "203"}, {"id": "03e293b3df9e35eadf15c56119373317", "number": "8773715378", "date": "2021-01-24 23:43:00", "subject": "2\n", "recorded-or-robo": "Y", "city": "palatine", "state": "IL", "area-code": "847"}, {"id": "03e293b3df9e35eadf15c5611937259a", "number": "", "date": "2021-01-22 08:00:00", "subject": "2\n", "recorded-or-robo": "Y", "city": "North Liberty", "state": "IN", "area-code": "574"}, {"id": "03e293b3df9e35eadf15c56119371e0d", "number": "8008489136", "date": "2021-01-21 12:46:00", "subject": "3\n", "recorded-or-robo": "N", "city": "", "state": "NJ", "area-code": "201"}, {"id": "03e293b3df9e35eadf15c5611937179a", "number": "3308691115", "date": "2021-01-22 17:04:00", "subject": "7\n", "recorded-or-robo": "Y", "city": "Akron", "state": "OH", "area-code": "330"}, {"id": "03e293b3df9e35eadf15c5611937133e", "number": "7658404057", "date": "2021-01-24 10:37:00", "subject": "2\n", "recorded-or-robo": "Y", "city": "Vaiden", "state": "MS", "area-code": "601"}, {"id": "03e293b3df9e35eadf15c5611937085d", "number": "2095541509", "date": "2021-01-23 10:20:00", "subject": "2\n", "recorded-or-robo": "Y", "city": "", "state": "CA", "area-code": "209"}, {"id": "03e293b3df9e35eadf15c56119370330", "number": "8801701447087", "date": "2021-01-23 16:20:00", "subject": "1\n", "recorded-or-robo": "Y", "city": "Bellevue", "state": "WA", "area-code": "425"}, {"id": "03e293b3df9e35eadf15c5611936fb53", "number": "7146396987", "date": "2021-01-24 09:48:00", "subject": "11\n", "recorded-or-robo": "N", "city": "Fullerton", "state": "CA", "area-code": "714"}, {"id": "03e293b3df9e35eadf15c5611936ef44", "number": "3369080972", "date": "2021-01-21 12:58:00", "subject": "3\n", "recorded-or-robo": "N", "city": "", "state": "NJ", "area-code": "201"}, {"id": "03e293b3df9e35eadf15c5611936e416", "number": "3045073155", "date": "2021-01-22 18:56:00", "subject": "6\n", "recorded-or-robo": "Y", "city": "Madison", "state": "CT", "area-code": "203"}, {"id": "03e293b3df9e35eadf15c5611936dfcb", "number": "3024316263", "date": "2021-01-22 09:42:00", "subject": "6\n", "recorded-or-robo": "N", "city": "", "state": "DE", "area-code": "302"}, {"id": "03e293b3df9e35eadf15c5611936dbe8", "number": "4254171838", "date": "2021-01-23 03:45:00", "subject": "1\n", "recorded-or-robo": "Y", "city": "Bellevue", "state": "WA", "area-code": "425"}, {"id": "03e293b3df9e35eadf15c5611936cd4c", "number": "8472125930", "date": "2021-01-23 10:00:00", "subject": "11\n", "recorded-or-robo": "Y", "city": "Des Plaines", "state": "IL", "area-code": "847"}, {"id": "03e293b3df9e35eadf15c5611936be4b", "number": "", "date": "2021-01-22 12:13:00", "subject": "2\n", "recorded-or-robo": "Y", "city": "Oklahoma City", "state": "OK", "area-code": "314"}, {"id": "03e293b3df9e35eadf15c5611936b4b0", "number": "", "date": "2021-01-24 08:06:00", "subject": "1\n", "recorded-or-robo": "Y", "city": "PASCO", "state": "WA", "area-code": "509"}, {"id": "03e293b3df9e35eadf15c5611936b048", "number": "3308251031", "date": "2021-01-23 10:44:00", "subject": "7\n", "recorded-or-robo": "Y", "city": "Akron", "state": "OH", "area-code": "330"}, {"id": "03e293b3df9e35eadf15c5611936a546", "number": "4254176570", "date": "2021-01-24 08:55:00", "subject": "1\n", "recorded-or-robo": "Y", "city": "Bellevue", "state": "WA", "area-code": "425"}, {"id": "03e293b3df9e35eadf15c561193696ec", "number": "2095730930", "date": "2021-01-22 12:44:00", "subject": "2\n", "recorded-or-robo": "Y", "city": "", "state": "CA", "area-code": "209"}, {"id": "03e293b3df9e35eadf15c56119368703", "number": "9787074408", "date": "2021-01-21 13:11:00", "subject": "3\n", "recorded-or-robo": "N", "city": "", "state": "NJ", "area-code": "201"}, {"id": "03e293b3df9e35eadf15c56119367df4", "number": "3152328257", "date": "2021-01-23 12:00:00", "subject": "2\n", "recorded-or-robo": "Y", "city": "Binghamton", "state": "NY", "area-code": "607"}, {"id": "03e293b3df9e35eadf15c56119366fd4", "number": "8003252865", "date": "2021-01-22 11:29:00", "subject": "2\n", "recorded-or-robo": "Y", "city": "Eugene", "state": "OR", "area-code": "541"}, {"id": "03e293b3df9e35eadf15c56119366f4d", "number": "4254171634", "date": "2021-01-24 09:11:00", "subject": "1\n", "recorded-or-robo": "Y", "city": "Bellevue", "state": "WA", "area-code": "425"}, {"id": "03e293b3df9e35eadf15c56119366115", "number": "4069497919", "date": "2021-01-24 10:10:00", "subject": "2\n", "recorded-or-robo": "Y", "city": "Townsend", "state": "MT", "area-code": "406"}, {"id": "03e293b3df9e35eadf15c5611936604b", "number": "5105080926", "date": "2021-01-20 11:00:00", "subject": "2\n", "recorded-or-robo": "N", "city": "Sutter Creek", "state": "CA", "area-code": "209"}, {"id": "03e293b3df9e35eadf15c56119365e8a", "number": "3152328257", "date": "2021-01-24 12:00:00", "subject": "2\n", "recorded-or-robo": "Y", "city": "St. Louis", "state": "MO", "area-code": "314"}, {"id": "03e293b3df9e35eadf15c56119364ece", "number": "7752107183", "date": "2021-01-23 13:30:00", "subject": "0\n", "recorded-or-robo": "Y", "city": "Des Plaines", "state": "IL", "area-code": "847"}, {"id": "03e293b3df9e35eadf15c56119364da0", "number": "7027451640", "date": "2021-01-22 12:10:00", "subject": "0\n", "recorded-or-robo": "N", "city": "Madison", "state": "CT", "area-code": "203"}, {"id": "03e293b3df9e35eadf15c56119364774", "number": "3152328257", "date": "2021-01-24 09:34:00", "subject": "11\n", "recorded-or-robo": "Y", "city": "", "state": "WA", "area-code": "509"}, {"id": "03e293b3df9e35eadf15c561193637f7", "number": "3609403529", "date": "2021-01-22 13:05:00", "subject": "2\n", "recorded-or-robo": "Y", "city": "Eugene", "state": "OR", "area-code": "541"}, {"id": "03e293b3df9e35eadf15c5611936379e", "number": "7086658243", "date": "2021-01-22 10:30:00", "subject": "0\n", "recorded-or-robo": "Y", "city": "Des Plaines", "state": "IL", "area-code": "847"}, {"id": "03e293b3df9e35eadf15c56119362811", "number": "6093574716", "date": "2021-01-20 14:08:00", "subject": "3\n", "recorded-or-robo": "N", "city": "", "state": "NJ", "area-code": "201"}, {"id": "03e293b3df9e35eadf15c56119361bd7", "number": "2064795531", "date": "2021-01-24 11:44:00", "subject": "2\n", "recorded-or-robo": "Y", "city": "Canton", "state": "OH", "area-code": "330"}, {"id": "03e293b3df9e35eadf15c56119361590", "number": "4254179547", "date": "2021-01-24 09:39:00", "subject": "1\n", "recorded-or-robo": "Y", "city": "Bellevue", "state": "WA", "area-code": "425"}, {"id": "03e293b3df9e35eadf15c5611936067d", "number": "3092332805", "date": "2021-01-21 17:30:00", "subject": "11\n", "recorded-or-robo": "Y", "city": "Des Plaines", "state": "IL", "area-code": "847"}, {"id": "03e293b3df9e35eadf15c561193602e2", "number": "8134937370", "date": "2021-01-24 11:22:00", "subject": "2\n", "recorded-or-robo": "Y", "city": "", "state": "FL", "area-code": "813"}, {"id": "03e293b3df9e35eadf15c5611935fb59", "number": "8556789284", "date": "2021-01-09 11:00:00", "subject": "11\n", "recorded-or-robo": "Y", "city": "Mishawaka", "state": "IN", "area-code": "574"}, {"id": "03e293b3df9e35eadf15c5611935f59b", "number": "5415811596", "date": "2021-01-22 09:17:00", "subject": "4\n", "recorded-or-robo": "Y", "city": "Eugene", "state": "OR", "area-code": "541"}, {"id": "03e293b3df9e35eadf15c5611935f110", "number": "8882804331", "date": "2021-01-24 12:20:00", "subject": "2\n", "recorded-or-robo": "N", "city": "No", "state": "NY", "area-code": "917"}, {"id": "03e293b3df9e35eadf15c5611935e173", "number": "4254171205", "date": "2021-01-24 09:44:00", "subject": "1\n", "recorded-or-robo": "Y", "city": "Bellevue", "state": "WA", "area-code": "425"}, {"id": "03e293b3df9e35eadf15c5611935dd61", "number": "9892666383", "date": "2021-01-24 12:57:00", "subject": "2\n", "recorded-or-robo": "Y", "city": "", "state": "MI", "area-code": "989"}, {"id": "03e293b3df9e35eadf15c5611935d57b", "number": "4195225011", "date": "2021-01-20 13:45:00", "subject": "0\n", "recorded-or-robo": "Y", "city": "Des Plaines", "state": "IL", "area-code": "847"}, {"id": "03e293b3df9e35eadf15c5611935cc11", "number": "5413613144", "date": "2021-01-14 20:55:00", "subject": "2\n", "recorded-or-robo": "Y", "city": "Eugene", "state": "OR", "area-code": "541"}, {"id": "03e293b3df9e35eadf15c5611935c774", "number": "3865235023", "date": "2021-01-24 11:49:00", "subject": "1\n", "recorded-or-robo": "Y", "city": "Pacific", "state": "MO", "area-code": "386"}, {"id": "03e293b3df9e35eadf15c5611935bbd6", "number": "8136612690", "date": "2021-01-24 12:01:00", "subject": "1\n", "recorded-or-robo": "Y", "city": "Brandon", "state": "FL", "area-code": "813"}]}