{"data": [{"id": "03e293b3df9e35eadf15c5611969bd7b", "number": "5092332478", "date": "2021-01-24 16:57:00", "subject": "2\n", "recorded-or-robo": "Y", "city": "", "state": "WA", "area-code": "509"}, {"id": "03e293b3df9e35eadf15c5611969af5f", "number": "5095573073", "date": "2021-01-24 08:54:00", "subject": "11\n", "recorded-or-robo": "N", "city": "St. John", "state": "WA", "area-code": "509"}, {"id": "03e293b3df9e35eadf15c5611969a3cb", "number": "7205943524", "date": "2021-01-18 14:04:00", "subject": "3\n", "recorded-or-robo": "", "city": "", "state": "CO", "area-code": "719"}, {"id": "03e293b3df9e35eadf15c56119699594", "number": "7202594520", "date": "2021-01-18 17:01:00", "subject": "3\n", "recorded-or-robo": "", "city": "", "state": "CO", "area-code": "719"}, {"id": "03e293b3df9e35eadf15c56119699381", "number": "5092339017", "date": "2021-01-24 17:24:00", "subject": "2\n", "recorded-or-robo": "Y", "city": "", "state": "WA", "area-code": "509"}, {"id": "03e293b3df9e35eadf15c56119698ced", "number": "", "date": "2021-01-24 17:34:00", "subject": "3\n", "recorded-or-robo": "N", "city": "", "state": "CA", "area-code": "650"}, {"id": "03e293b3df9e35eadf15c561196974ab", "number": "6159469776", "date": "2021-01-24 00:00:00", "subject": "3\n", "recorded-or-robo": "", "city": "", "state": "CA", "area-code": "916"}, {"id": "03e293b3df9e35eadf15c56119698a7d", "number": "7193159729", "date": "2021-01-18 17:02:00", "subject": "3\n", "recorded-or-robo": "", "city": "", "state": "CO", "area-code": "719"}, {"id": "03e293b3df9e35eadf15c56119698a77", "number": "", "date": "2021-01-24 10:00:00", "subject": "3\n", "recorded-or-robo": "Y", "city": "Wildwood", "state": "MO", "area-code": "314"}, {"id": "03e293b3df9e35eadf15c56119698946", "number": "7193565609", "date": "2021-01-19 10:00:00", "subject": "1\n", "recorded-or-robo": "", "city": "", "state": "CO", "area-code": "719"}, {"id": "03e293b3df9e35eadf15c5611969824b", "number": "2162938899", "date": "2021-01-23 11:42:00", "subject": "3\n", "recorded-or-robo": "Y", "city": "", "state": "AZ", "area-code": "623"}, {"id": "03e293b3df9e35eadf15c5611969702e", "number": "7193284698", "date": "2021-01-20 10:54:00", "subject": "3\n", "recorded-or-robo": "", "city": "", "state": "CO", "area-code": "719"}, {"id": "03e293b3df9e35eadf15c561196967b7", "number": "7193319467", "date": "2021-01-21 11:42:00", "subject": "3\n", "recorded-or-robo": "", "city": "", "state": "CO", "area-code": "719"}, {"id": "03e293b3df9e35eadf15c56119696129", "number": "3013688980", "date": "2021-01-23 15:26:00", "subject": "3\n", "recorded-or-robo": "Y", "city": "", "state": "AZ", "area-code": "623"}, {"id": "03e293b3df9e35eadf15c56119695185", "number": "9704231601", "date": "2021-01-21 12:16:00", "subject": "3\n", "recorded-or-robo": "", "city": "", "state": "CO", "area-code": "719"}, {"id": "03e293b3df9e35eadf15c56119694cb4", "number": "6468672624", "date": "2021-01-24 15:00:00", "subject": "2\n", "recorded-or-robo": "", "city": "", "state": "NY", "area-code": "917"}, {"id": "03e293b3df9e35eadf15c5611969486f", "number": "7195423105", "date": "2021-01-21 13:23:00", "subject": "3\n", "recorded-or-robo": "", "city": "", "state": "CO", "area-code": "719"}, {"id": "03e293b3df9e35eadf15c56119694109", "number": "8058550403", "date": "2021-01-21 13:16:00", "subject": "4\n", "recorded-or-robo": "Y", "city": "santa Barbara", "state": "CA", "area-code": "805"}, {"id": "03e293b3df9e35eadf15c5611969351b", "number": "7207434697", "date": "2021-01-21 19:33:00", "subject": "3\n", "recorded-or-robo": "Y", "city": "", "state": "CO", "area-code": "719"}, {"id": "03e293b3df9e35eadf15c56119692837", "number": "4692701319", "date": "2021-01-22 19:46:00", "subject": "2\n", "recorded-or-robo": "N", "city": "Irving", "state": "TX", "area-code": "972"}, {"id": "03e293b3df9e35eadf15c5611969194f", "number": "7193319855", "date": "2021-01-22 09:56:00", "subject": "3\n", "recorded-or-robo": "", "city": "", "state": "CO", "area-code": "719"}, {"id": "03e293b3df9e35eadf15c56119690d00", "number": "7273816132", "date": "2021-01-16 18:49:00", "subject": "0\n", "recorded-or-robo": "N", "city": "Trinity", "state": "FL", "area-code": "727"}, {"id": "03e293b3df9e35eadf15c56119690b19", "number": "3033510098", "date": "2021-01-22 20:25:00", "subject": "3\n", "recorded-or-robo": "Y", "city": "", "state": "CO", "area-code": "719"}, {"id": "03e293b3df9e35eadf15c56119690ad8", "number": "7228460", "date": "2021-01-24 12:23:00", "subject": "0\n", "recorded-or-robo": "Y", "city": "", "state": "CA", "area-code": "323"}, {"id": "03e293b3df9e35eadf15c561196906c1", "number": "3035697746", "date": "2021-01-23 14:18:00", "subject": "3\n", "recorded-or-robo": "", "city": "", "state": "CO", "area-code": "719"}, {"id": "03e293b3df9e35eadf15c5611968dd90", "number": "3176509547", "date": "2021-01-24 00:00:00", "subject": "3\n", "recorded-or-robo": "N", "city": "", "state": "CA", "area-code": "916"}, {"id": "03e293b3df9e35eadf15c5611968fc16", "number": "6197549498", "date": "2021-01-22 14:57:00", "subject": "2\n", "recorded-or-robo": "Y", "city": "Long Beach", "state": "CA", "area-code": "562"}, {"id": "03e293b3df9e35eadf15c5611968f351", "number": "7272152285", "date": "2021-01-24 20:32:00", "subject": "1\n", "recorded-or-robo": "Y", "city": "", "state": "FL", "area-code": "727"}, {"id": "03e293b3df9e35eadf15c5611968ecb3", "number": "", "date": "2021-01-24 17:23:00", "subject": "2\n", "recorded-or-robo": "Y", "city": "Mission Viejo", "state": "CA", "area-code": "949"}, {"id": "03e293b3df9e35eadf15c5611968cdbf", "number": "7194175873", "date": "2021-01-22 11:14:00", "subject": "1\n", "recorded-or-robo": "", "city": "", "state": "CO", "area-code": "719"}, {"id": "03e293b3df9e35eadf15c5611968c8e7", "number": "7273702244", "date": "2021-01-15 18:08:00", "subject": "0\n", "recorded-or-robo": "N", "city": "Trinity", "state": "FL", "area-code": "727"}, {"id": "03e293b3df9e35eadf15c5611968be34", "number": "6769163", "date": "2021-01-23 16:40:00", "subject": "0\n", "recorded-or-robo": "Y", "city": "", "state": "CA", "area-code": "323"}, {"id": "03e293b3df9e35eadf15c5611968af8e", "number": "7194175468", "date": "2021-01-22 10:28:00", "subject": "1\n", "recorded-or-robo": "", "city": "", "state": "CO", "area-code": "719"}, {"id": "03e293b3df9e35eadf15c5611968a3da", "number": "3103199574", "date": "2021-01-15 14:18:00", "subject": "0\n", "recorded-or-robo": "N", "city": "Trinity", "state": "FL", "area-code": "727"}, {"id": "03e293b3df9e35eadf15c56119689741", "number": "", "date": "2021-01-24 17:59:00", "subject": "2\n", "recorded-or-robo": "Y", "city": "Menomonee Falls", "state": "WI", "area-code": "414"}, {"id": "03e293b3df9e35eadf15c56119688955", "number": "7202597487", "date": "2021-01-19 15:28:00", "subject": "3\n", "recorded-or-robo": "", "city": "", "state": "CO", "area-code": "719"}, {"id": "03e293b3df9e35eadf15c561196881f2", "number": "7193700360", "date": "2021-01-21 19:27:00", "subject": "3\n", "recorded-or-robo": "", "city": "", "state": "CO", "area-code": "719"}, {"id": "03e293b3df9e35eadf15c5611968795c", "number": "3216229225", "date": "2021-01-15 13:33:00", "subject": "0\n", "recorded-or-robo": "N", "city": "Trinity", "state": "FL", "area-code": "727"}, {"id": "03e293b3df9e35eadf15c56119686aca", "number": "7192205161", "date": "2021-01-22 08:15:00", "subject": "3\n", "recorded-or-robo": "", "city": "", "state": "CO", "area-code": "719"}, {"id": "03e293b3df9e35eadf15c561196863d2", "number": "7194174374", "date": "2021-01-22 19:24:00", "subject": "3\n", "recorded-or-robo": "", "city": "", "state": "CO", "area-code": "719"}, {"id": "03e293b3df9e35eadf15c56119685839", "number": "6157524065", "date": "2021-01-24 17:00:00", "subject": "2\n", "recorded-or-robo": "Y", "city": "Sappington", "state": "MO", "area-code": "314"}, {"id": "03e293b3df9e35eadf15c561196851e1", "number": "7273355092", "date": "2021-01-15 10:44:00", "subject": "0\n", "recorded-or-robo": "N", "city": "Trinity", "state": "FL", "area-code": "727"}, {"id": "03e293b3df9e35eadf15c5611968509b", "number": "5627023980", "date": "2021-01-24 11:00:00", "subject": "2\n", "recorded-or-robo": "Y", "city": "Long Beach", "state": "CA", "area-code": "562"}, {"id": "03e293b3df9e35eadf15c5611968486c", "number": "5615322890", "date": "2021-01-24 20:34:00", "subject": "0\n", "recorded-or-robo": "Y", "city": "LUTZ", "state": "FL", "area-code": "813"}, {"id": "03e293b3df9e35eadf15c56119683e67", "number": "7139532343", "date": "2021-01-22 16:44:00", "subject": "2\n", "recorded-or-robo": "Y", "city": "Irving", "state": "TX", "area-code": "972"}, {"id": "03e293b3df9e35eadf15c561196838be", "number": "7273726304", "date": "2021-01-15 10:30:00", "subject": "0\n", "recorded-or-robo": "N", "city": "Trinity", "state": "FL", "area-code": "727"}, {"id": "03e293b3df9e35eadf15c5611968320d", "number": "7472564824", "date": "2021-01-21 10:38:00", "subject": "2\n", "recorded-or-robo": "Y", "city": "Calabasas", "state": "CA", "area-code": "818"}, {"id": "03e293b3df9e35eadf15c56119682b19", "number": "9162802705", "date": "2021-01-20 11:52:00", "subject": "4\n", "recorded-or-robo": "Y", "city": "Calabasas", "state": "CA", "area-code": "818"}, {"id": "03e293b3df9e35eadf15c56119682981", "number": "5092419119", "date": "2021-01-24 17:03:00", "subject": "2\n", "recorded-or-robo": "Y", "city": "", "state": "WA", "area-code": "509"}, {"id": "03e293b3df9e35eadf15c56119681e57", "number": "3234869438", "date": "2021-01-20 09:26:00", "subject": "2\n", "recorded-or-robo": "Y", "city": "Calabasas", "state": "CA", "area-code": "818"}]}