{"data": [{"id": "03e293b3df9e35eadf15c561194fcfe8", "number": "4436763030", "date": "2021-01-24 04:16:00", "subject": "2\n", "recorded-or-robo": "N", "city": "Apollo Beach", "state": "FL", "area-code": "443"}, {"id": "03e293b3df9e35eadf15c561194fc758", "number": "5037208836", "date": "2021-01-24 13:24:00", "subject": "2\n", "recorded-or-robo": "Y", "city": "", "state": "OR", "area-code": "503"}, {"id": "03e293b3df9e35eadf15c561194fb7f0", "number": "4704286808", "date": "2021-01-24 13:38:00", "subject": "1\n", "recorded-or-robo": "N", "city": "Gilbert", "state": "AZ", "area-code": "770"}, {"id": "03e293b3df9e35eadf15c561194fa9f8", "number": "8556789524", "date": "2021-01-24 14:48:00", "subject": "11\n", "recorded-or-robo": "Y", "city": "Wesley Chapel", "state": "FL", "area-code": "813"}, {"id": "03e293b3df9e35eadf15c561194fa6f5", "number": "", "date": "2021-01-24 16:26:00", "subject": "3\n", "recorded-or-robo": "Y", "city": "", "state": "NY", "area-code": "917"}, {"id": "03e293b3df9e35eadf15c561194f9905", "number": "4704286808", "date": "2021-01-24 13:08:00", "subject": "1\n", "recorded-or-robo": "N", "city": "Gilbert", "state": "AZ", "area-code": "770"}, {"id": "03e293b3df9e35eadf15c561194f9671", "number": "3169064387", "date": "2021-01-24 13:11:00", "subject": "0\n", "recorded-or-robo": "Y", "city": "Ohio", "state": "OH", "area-code": "216"}, {"id": "03e293b3df9e35eadf15c561194f9447", "number": "", "date": "2021-01-24 16:13:00", "subject": "1\n", "recorded-or-robo": "Y", "city": "Lakewood", "state": "NJ", "area-code": "347"}, {"id": "03e293b3df9e35eadf15c561194f90cb", "number": "6303693120", "date": "2021-01-16 14:20:00", "subject": "0\n", "recorded-or-robo": "Y", "city": "", "state": "IL", "area-code": "630"}, {"id": "03e293b3df9e35eadf15c561194f8711", "number": "6028061274", "date": "2021-01-23 17:18:00", "subject": "0\n", "recorded-or-robo": "Y", "city": "cave creek", "state": "AZ", "area-code": "602"}, {"id": "03e293b3df9e35eadf15c561194f7d27", "number": "4436766630", "date": "2021-01-24 10:15:00", "subject": "0\n", "recorded-or-robo": "Y", "city": "Apollo Beach", "state": "FL", "area-code": "443"}, {"id": "03e293b3df9e35eadf15c561194f7cee", "number": "7086833658", "date": "2021-01-15 15:33:00", "subject": "0\n", "recorded-or-robo": "Y", "city": "", "state": "IL", "area-code": "630"}, {"id": "03e293b3df9e35eadf15c561194f7998", "number": "", "date": "2021-01-22 17:10:00", "subject": "4\n", "recorded-or-robo": "Y", "city": "", "state": "FL", "area-code": "813"}, {"id": "03e293b3df9e35eadf15c561194f781e", "number": "4245316178", "date": "2021-01-22 15:23:00", "subject": "3\n", "recorded-or-robo": "Y", "city": "", "state": "CA", "area-code": "310"}, {"id": "03e293b3df9e35eadf15c561194f7771", "number": "5403998636", "date": "2021-01-24 16:19:00", "subject": "1\n", "recorded-or-robo": "Y", "city": "", "state": "VA", "area-code": "540"}, {"id": "03e293b3df9e35eadf15c561194f6cd3", "number": "2169061947", "date": "2021-01-24 12:54:00", "subject": "0\n", "recorded-or-robo": "Y", "city": "Ohio", "state": "OH", "area-code": "216"}, {"id": "03e293b3df9e35eadf15c561194f5eb1", "number": "", "date": "2021-01-23 13:32:00", "subject": "2\n", "recorded-or-robo": "Y", "city": "Greenfield", "state": "IN", "area-code": "317"}, {"id": "03e293b3df9e35eadf15c561194f5212", "number": "3152328257", "date": "2021-01-24 12:00:00", "subject": "1\n", "recorded-or-robo": "Y", "city": "Pittsburgh", "state": "PA", "area-code": "412"}, {"id": "03e293b3df9e35eadf15c561194f4cf5", "number": "6183717414", "date": "2021-01-15 15:07:00", "subject": "0\n", "recorded-or-robo": "Y", "city": "", "state": "IL", "area-code": "630"}, {"id": "03e293b3df9e35eadf15c561194f451d", "number": "6463780795", "date": "2021-01-24 16:10:00", "subject": "2\n", "recorded-or-robo": "Y", "city": "Winder", "state": "GA", "area-code": "678"}, {"id": "03e293b3df9e35eadf15c561194f4271", "number": "3143087458", "date": "2021-01-24 15:12:00", "subject": "3\n", "recorded-or-robo": "Y", "city": "", "state": "MO", "area-code": "314"}, {"id": "03e293b3df9e35eadf15c561194f39bc", "number": "9294291115", "date": "2021-01-23 09:30:00", "subject": "2\n", "recorded-or-robo": "Y", "city": "Bristol", "state": "RI", "area-code": "401"}, {"id": "03e293b3df9e35eadf15c561194f364a", "number": "3108952268", "date": "2021-01-24 13:24:00", "subject": "3\n", "recorded-or-robo": "Y", "city": "", "state": "CA", "area-code": "310"}, {"id": "03e293b3df9e35eadf15c561194f3326", "number": "3128373260", "date": "2021-01-15 15:53:00", "subject": "0\n", "recorded-or-robo": "Y", "city": "", "state": "IL", "area-code": "630"}, {"id": "03e293b3df9e35eadf15c561194f2f53", "number": "8709059012", "date": "2021-01-22 00:00:00", "subject": "4\n", "recorded-or-robo": "Y", "city": "Paragould", "state": "AR", "area-code": "870"}, {"id": "03e293b3df9e35eadf15c561194f2b56", "number": "3152328257", "date": "2021-01-23 17:00:00", "subject": "2\n", "recorded-or-robo": "Y", "city": "Richland", "state": "WA", "area-code": "509"}, {"id": "03e293b3df9e35eadf15c561194f29da", "number": "4252438617", "date": "2021-01-20 14:04:00", "subject": "1\n", "recorded-or-robo": "Y", "city": "Saint Louis", "state": "MO", "area-code": "314"}, {"id": "03e293b3df9e35eadf15c561194f1ff7", "number": "9294291115", "date": "2021-01-24 10:33:00", "subject": "2\n", "recorded-or-robo": "Y", "city": "Bristol", "state": "RI", "area-code": "401"}, {"id": "03e293b3df9e35eadf15c561194f1a60", "number": "9737899237", "date": "2021-01-22 00:00:00", "subject": "1\n", "recorded-or-robo": "Y", "city": "Wharton", "state": "NJ", "area-code": "973"}, {"id": "03e293b3df9e35eadf15c561194f15c5", "number": "2169066575", "date": "2021-01-24 14:49:00", "subject": "0\n", "recorded-or-robo": "Y", "city": "Ohio", "state": "OH", "area-code": "216"}, {"id": "03e293b3df9e35eadf15c561194f128e", "number": "3149733358", "date": "2021-01-24 13:00:00", "subject": "2\n", "recorded-or-robo": "Y", "city": "hillsboro", "state": "MO", "area-code": "314"}, {"id": "03e293b3df9e35eadf15c561194f10de", "number": "3126472819", "date": "2021-01-21 17:36:00", "subject": "0\n", "recorded-or-robo": "Y", "city": "", "state": "IL", "area-code": "630"}, {"id": "03e293b3df9e35eadf15c561194f0bf8", "number": "3152328257", "date": "2021-01-24 10:10:00", "subject": "2\n", "recorded-or-robo": "Y", "city": "CHAMPAIGN", "state": "IL", "area-code": "217"}, {"id": "03e293b3df9e35eadf15c561194f0921", "number": "8009332566", "date": "2021-01-24 16:22:00", "subject": "0\n", "recorded-or-robo": "Y", "city": "Wharton", "state": "NJ", "area-code": "973"}, {"id": "03e293b3df9e35eadf15c561194efe76", "number": "8006935433", "date": "2020-08-10 12:00:00", "subject": "2\n", "recorded-or-robo": "N", "city": "Madera", "state": "CA", "area-code": "800"}, {"id": "03e293b3df9e35eadf15c561194ef9d2", "number": "3153091928", "date": "2021-01-23 13:52:00", "subject": "3\n", "recorded-or-robo": "N", "city": "", "state": "WI", "area-code": "414"}, {"id": "03e293b3df9e35eadf15c561194ef6a5", "number": "6305758554", "date": "2021-01-22 18:10:00", "subject": "2\n", "recorded-or-robo": "Y", "city": "Worcester", "state": "MA", "area-code": "312"}, {"id": "03e293b3df9e35eadf15c561194ef219", "number": "3149411192", "date": "2021-01-24 15:20:00", "subject": "2\n", "recorded-or-robo": "Y", "city": "", "state": "MO", "area-code": "314"}, {"id": "03e293b3df9e35eadf15c561194ee316", "number": "6096075180", "date": "2021-01-22 14:03:00", "subject": "2\n", "recorded-or-robo": "N", "city": "Keyport", "state": "NJ", "area-code": "908"}, {"id": "03e293b3df9e35eadf15c561194ed844", "number": "3148788192", "date": "2021-01-24 15:18:00", "subject": "11\n", "recorded-or-robo": "Y", "city": "St Louis", "state": "MO", "area-code": "314"}, {"id": "03e293b3df9e35eadf15c561194ec553", "number": "4148522792", "date": "2021-01-24 14:19:00", "subject": "3\n", "recorded-or-robo": "N", "city": "", "state": "WI", "area-code": "414"}, {"id": "03e293b3df9e35eadf15c561194ece28", "number": "9294291115", "date": "2021-01-24 16:06:00", "subject": "2\n", "recorded-or-robo": "Y", "city": "Bristol", "state": "RI", "area-code": "401"}, {"id": "03e293b3df9e35eadf15c561194eb6de", "number": "", "date": "2021-01-24 12:39:00", "subject": "2\n", "recorded-or-robo": "Y", "city": "Ohio", "state": "OH", "area-code": "216"}, {"id": "03e293b3df9e35eadf15c561194eab53", "number": "5414264865", "date": "2021-01-21 05:11:00", "subject": "9\n", "recorded-or-robo": "Y", "city": "Salem", "state": "OR", "area-code": "503"}, {"id": "03e293b3df9e35eadf15c561194ea6b2", "number": "5623713491", "date": "2021-01-06 09:12:00", "subject": "0\n", "recorded-or-robo": "", "city": "Buffalo", "state": "NY", "area-code": "716"}, {"id": "03e293b3df9e35eadf15c561194e9e1d", "number": "254713296935", "date": "2021-01-24 00:00:00", "subject": "3\n", "recorded-or-robo": "", "city": "", "state": "MO", "area-code": "816"}, {"id": "03e293b3df9e35eadf15c561194e9d60", "number": "7163251301", "date": "2021-01-19 13:48:00", "subject": "0\n", "recorded-or-robo": "", "city": "Buffalo", "state": "NY", "area-code": "716"}, {"id": "03e293b3df9e35eadf15c561194e9966", "number": "4693691491", "date": "2021-01-24 15:17:00", "subject": "12\n", "recorded-or-robo": "Y", "city": "Plano", "state": "TX", "area-code": "972"}, {"id": "03e293b3df9e35eadf15c561194e8f14", "number": "8174974315", "date": "2021-01-23 09:58:00", "subject": "2\n", "recorded-or-robo": "N", "city": "Dallas", "state": "TX", "area-code": "817"}, {"id": "03e293b3df9e35eadf15c561194e8e74", "number": "2169069033", "date": "2021-01-24 11:55:00", "subject": "2\n", "recorded-or-robo": "Y", "city": "Ohio", "state": "OH", "area-code": "216"}]}