{"data": [{"id": "3decc6bfadaa436a105714c6baab4399", "number": "3527470248", "date": "2021-01-24 13:17:00", "subject": "3", "recorded-or-robo": "N", "city": "", "state": "FL", "area-code": "352"}, {"id": "03e293b3df9e35eadf15c56119416dc5", "number": "3527470248", "date": "2021-01-24 13:17:00", "subject": "3", "recorded-or-robo": "N", "city": "", "state": "FL", "area-code": "352"}, {"id": "3decc6bfadaa436a105714c6baab87c7", "number": "8166011122", "date": "2021-01-08 14:25:00", "subject": "2", "recorded-or-robo": "", "city": "", "state": "FL", "area-code": "813"}, {"id": "03e293b3df9e35eadf15c5611941a51e", "number": "8166011122", "date": "2021-01-08 14:25:00", "subject": "2", "recorded-or-robo": "", "city": "", "state": "FL", "area-code": "813"}, {"id": "3decc6bfadaa436a105714c6baab7f99", "number": "8302830999", "date": "2021-01-21 17:40:00", "subject": "2", "recorded-or-robo": "Y", "city": "", "state": "TX", "area-code": "512"}, {"id": "03e293b3df9e35eadf15c561194199d8", "number": "8302830999", "date": "2021-01-21 17:40:00", "subject": "2", "recorded-or-robo": "Y", "city": "", "state": "TX", "area-code": "512"}, {"id": "3decc6bfadaa436a105714c6baab4daf", "number": "", "date": "2021-01-24 11:13:00", "subject": "3", "recorded-or-robo": "N", "city": "", "state": "CA", "area-code": "925"}, {"id": "03e293b3df9e35eadf15c56119417212", "number": "", "date": "2021-01-24 11:13:00", "subject": "3", "recorded-or-robo": "N", "city": "", "state": "CA", "area-code": "925"}, {"id": "3decc6bfadaa436a105714c6baab74c2", "number": "8556782858", "date": "2021-01-23 14:22:00", "subject": "2", "recorded-or-robo": "Y", "city": "Beaumont", "state": "TX", "area-code": "409"}, {"id": "03e293b3df9e35eadf15c56119418eed", "number": "8556782858", "date": "2021-01-23 14:22:00", "subject": "2", "recorded-or-robo": "Y", "city": "Beaumont", "state": "TX", "area-code": "409"}, {"id": "3decc6bfadaa436a105714c6baab6b9d", "number": "8774766301", "date": "2021-01-14 11:41:00", "subject": "2", "recorded-or-robo": "Y", "city": "", "state": "AZ", "area-code": "520"}, {"id": "03e293b3df9e35eadf15c56119418d2a", "number": "8774766301", "date": "2021-01-14 11:41:00", "subject": "2", "recorded-or-robo": "Y", "city": "", "state": "AZ", "area-code": "520"}, {"id": "3decc6bfadaa436a105714c6baab5e09", "number": "6603724944", "date": "2021-01-24 13:10:00", "subject": "1", "recorded-or-robo": "Y", "city": "Moberly, MO", "state": "MO", "area-code": "660"}, {"id": "03e293b3df9e35eadf15c561194184c1", "number": "6603724944", "date": "2021-01-24 13:10:00", "subject": "1", "recorded-or-robo": "Y", "city": "Moberly, MO", "state": "MO", "area-code": "660"}, {"id": "3decc6bfadaa436a105714c6baab58c4", "number": "7158041007", "date": "2021-01-21 13:45:00", "subject": "2", "recorded-or-robo": "Y", "city": "", "state": "TX", "area-code": "512"}, {"id": "03e293b3df9e35eadf15c56119417bb7", "number": "7158041007", "date": "2021-01-21 13:45:00", "subject": "2", "recorded-or-robo": "Y", "city": "", "state": "TX", "area-code": "512"}, {"id": "3decc6bfadaa436a105714c6baab51b4", "number": "4798603522", "date": "2021-01-24 13:14:00", "subject": "7", "recorded-or-robo": "Y", "city": "", "state": "AR", "area-code": "479"}, {"id": "03e293b3df9e35eadf15c56119417b95", "number": "4798603522", "date": "2021-01-24 13:14:00", "subject": "7", "recorded-or-robo": "Y", "city": "", "state": "AR", "area-code": "479"}, {"id": "3decc6bfadaa436a105714c6baab3785", "number": "8035522", "date": "2021-01-21 10:54:00", "subject": "0", "recorded-or-robo": "Y", "city": "Reedsport", "state": "OR", "area-code": "541"}, {"id": "03e293b3df9e35eadf15c5611941661e", "number": "8035522", "date": "2021-01-21 10:54:00", "subject": "0", "recorded-or-robo": "Y", "city": "Reedsport", "state": "OR", "area-code": "541"}, {"id": "3decc6bfadaa436a105714c6baab2a3a", "number": "", "date": "2021-01-22 18:15:00", "subject": "3", "recorded-or-robo": "N", "city": "", "state": "TX", "area-code": "214"}, {"id": "03e293b3df9e35eadf15c56119415c84", "number": "", "date": "2021-01-22 18:15:00", "subject": "3", "recorded-or-robo": "N", "city": "", "state": "TX", "area-code": "214"}, {"id": "3decc6bfadaa436a105714c6baab3543", "number": "3616453546", "date": "2021-01-21 10:57:00", "subject": "2", "recorded-or-robo": "Y", "city": "", "state": "TX", "area-code": "512"}, {"id": "03e293b3df9e35eadf15c5611941648e", "number": "3616453546", "date": "2021-01-21 10:57:00", "subject": "2", "recorded-or-robo": "Y", "city": "", "state": "TX", "area-code": "512"}, {"id": "3decc6bfadaa436a105714c6baab2647", "number": "4065647601", "date": "2021-01-14 12:12:00", "subject": "2", "recorded-or-robo": "Y", "city": "", "state": "AZ", "area-code": "520"}, {"id": "03e293b3df9e35eadf15c561194159b2", "number": "4065647601", "date": "2021-01-14 12:12:00", "subject": "2", "recorded-or-robo": "Y", "city": "", "state": "AZ", "area-code": "520"}, {"id": "3decc6bfadaa436a105714c6baab16e2", "number": "8137932208", "date": "2021-01-16 12:43:00", "subject": "4", "recorded-or-robo": "Y", "city": "", "state": "FL", "area-code": "813"}, {"id": "3decc6bfadaa436a105714c6baab10d9", "number": "", "date": "2021-01-24 16:35:00", "subject": "2", "recorded-or-robo": "Y", "city": "Saint Louis", "state": "MO", "area-code": "314"}, {"id": "03e293b3df9e35eadf15c561194156ca", "number": "8137932208", "date": "2021-01-16 12:43:00", "subject": "4", "recorded-or-robo": "Y", "city": "", "state": "FL", "area-code": "813"}, {"id": "03e293b3df9e35eadf15c56119414997", "number": "", "date": "2021-01-24 16:35:00", "subject": "2", "recorded-or-robo": "Y", "city": "Saint Louis", "state": "MO", "area-code": "314"}, {"id": "3decc6bfadaa436a105714c6baab0143", "number": "6464921644", "date": "2021-01-24 10:34:00", "subject": "2", "recorded-or-robo": "Y", "city": "new york", "state": "NY", "area-code": "917"}, {"id": "03e293b3df9e35eadf15c561194146f1", "number": "6464921644", "date": "2021-01-24 10:34:00", "subject": "2", "recorded-or-robo": "Y", "city": "new york", "state": "NY", "area-code": "917"}, {"id": "3decc6bfadaa436a105714c6baaaf75e", "number": "8556780924", "date": "2021-01-23 14:59:00", "subject": "2", "recorded-or-robo": "Y", "city": "Beaumont", "state": "TX", "area-code": "409"}, {"id": "03e293b3df9e35eadf15c56119414291", "number": "8556780924", "date": "2021-01-23 14:59:00", "subject": "2", "recorded-or-robo": "Y", "city": "Beaumont", "state": "TX", "area-code": "409"}, {"id": "3decc6bfadaa436a105714c6baaaf077", "number": "8022662748", "date": "2021-01-22 01:08:00", "subject": "4", "recorded-or-robo": "Y", "city": "st george", "state": "VT", "area-code": "802"}, {"id": "03e293b3df9e35eadf15c561194136d1", "number": "8022662748", "date": "2021-01-22 01:08:00", "subject": "4", "recorded-or-robo": "Y", "city": "st george", "state": "VT", "area-code": "802"}, {"id": "3decc6bfadaa436a105714c6baaaeb9e", "number": "", "date": "2021-01-24 13:36:00", "subject": "2", "recorded-or-robo": "Y", "city": "Saint Petersburg", "state": "FL", "area-code": "727"}, {"id": "03e293b3df9e35eadf15c561194134c3", "number": "", "date": "2021-01-24 13:36:00", "subject": "2", "recorded-or-robo": "Y", "city": "Saint Petersburg", "state": "FL", "area-code": "727"}, {"id": "3decc6bfadaa436a105714c6baaae770", "number": "8003839484", "date": "2021-01-14 15:26:00", "subject": "2", "recorded-or-robo": "Y", "city": "", "state": "AZ", "area-code": "520"}, {"id": "03e293b3df9e35eadf15c5611941302d", "number": "8003839484", "date": "2021-01-14 15:26:00", "subject": "2", "recorded-or-robo": "Y", "city": "", "state": "AZ", "area-code": "520"}, {"id": "3decc6bfadaa436a105714c6baaadb86", "number": "", "date": "2021-01-22 16:46:00", "subject": "3", "recorded-or-robo": "N", "city": "", "state": "TX", "area-code": "214"}, {"id": "03e293b3df9e35eadf15c56119412ac7", "number": "", "date": "2021-01-22 16:46:00", "subject": "3", "recorded-or-robo": "N", "city": "", "state": "TX", "area-code": "214"}, {"id": "3decc6bfadaa436a105714c6baaad2d3", "number": "", "date": "2021-01-04 11:30:00", "subject": "2", "recorded-or-robo": "Y", "city": "Huntington Beach", "state": "CA", "area-code": "714"}, {"id": "03e293b3df9e35eadf15c561194124c3", "number": "", "date": "2021-01-04 11:30:00", "subject": "2", "recorded-or-robo": "Y", "city": "Huntington Beach", "state": "CA", "area-code": "714"}, {"id": "3decc6bfadaa436a105714c6baaac6f3", "number": "8556786787", "date": "2021-01-23 15:15:00", "subject": "2", "recorded-or-robo": "Y", "city": "Beaumont", "state": "TX", "area-code": "409"}, {"id": "3decc6bfadaa436a105714c6baaac007", "number": "2099844956", "date": "2021-01-22 13:24:00", "subject": "1", "recorded-or-robo": "Y", "city": "", "state": "CA", "area-code": "209"}, {"id": "03e293b3df9e35eadf15c56119411dcb", "number": "8556786787", "date": "2021-01-23 15:15:00", "subject": "2", "recorded-or-robo": "Y", "city": "Beaumont", "state": "TX", "area-code": "409"}, {"id": "03e293b3df9e35eadf15c56119411097", "number": "2099844956", "date": "2021-01-22 13:24:00", "subject": "1", "recorded-or-robo": "Y", "city": "", "state": "CA", "area-code": "209"}, {"id": "3decc6bfadaa436a105714c6baaab83d", "number": "2073895189", "date": "2021-01-23 12:20:00", "subject": "2", "recorded-or-robo": "N", "city": "Bedford", "state": "VA", "area-code": "540"}, {"id": "03e293b3df9e35eadf15c5611941087a", "number": "2073895189", "date": "2021-01-23 12:20:00", "subject": "2", "recorded-or-robo": "N", "city": "Bedford", "state": "VA", "area-code": "540"}]}