{"data": [{"id": "03e293b3df9e35eadf15c561193471b7", "number": "4707650093", "date": "2021-01-23 12:30:00", "subject": "9\n", "recorded-or-robo": "Y", "city": "", "state": "GA", "area-code": "770"}, {"id": "03e293b3df9e35eadf15c56119346b48", "number": "3144351434", "date": "2021-01-24 10:30:00", "subject": "1\n", "recorded-or-robo": "Y", "city": "", "state": "NY", "area-code": "315"}, {"id": "03e293b3df9e35eadf15c5611934609d", "number": "2314994424", "date": "2021-01-24 12:37:00", "subject": "2\n", "recorded-or-robo": "Y", "city": "Kaleva", "state": "MI", "area-code": "231"}, {"id": "03e293b3df9e35eadf15c56119345db1", "number": "3152328257", "date": "2021-01-24 09:13:00", "subject": "2\n", "recorded-or-robo": "Y", "city": "Logansport", "state": "IN", "area-code": "574"}, {"id": "03e293b3df9e35eadf15c56119344e89", "number": "8329988083", "date": "2021-01-24 11:34:00", "subject": "8\n", "recorded-or-robo": "Y", "city": "Southlake", "state": "TX", "area-code": "817"}, {"id": "03e293b3df9e35eadf15c56119343eb0", "number": "7062523194", "date": "2021-01-24 12:16:00", "subject": "9\n", "recorded-or-robo": "Y", "city": "", "state": "GA", "area-code": "770"}, {"id": "03e293b3df9e35eadf15c56119343e4c", "number": "8137561262", "date": "2021-01-24 12:34:00", "subject": "0\n", "recorded-or-robo": "Y", "city": "Winter Haven", "state": "FL", "area-code": "863"}, {"id": "03e293b3df9e35eadf15c56119343266", "number": "2019198304", "date": "2021-01-24 11:52:00", "subject": "11\n", "recorded-or-robo": "Y", "city": "", "state": "MD", "area-code": "201"}, {"id": "03e293b3df9e35eadf15c56119342749", "number": "", "date": "2020-01-20 11:08:00", "subject": "3\n", "recorded-or-robo": "Y", "city": "", "state": "FL", "area-code": "305"}, {"id": "03e293b3df9e35eadf15c561193418fe", "number": "2019232939", "date": "2021-01-23 16:31:00", "subject": "2\n", "recorded-or-robo": "", "city": "Pompton Plains", "state": "NJ", "area-code": "201"}, {"id": "03e293b3df9e35eadf15c56119340e5e", "number": "3012358054", "date": "2021-01-19 00:00:00", "subject": "2\n", "recorded-or-robo": "N", "city": "", "state": "MD", "area-code": "301"}, {"id": "03e293b3df9e35eadf15c56119340cc2", "number": "", "date": "2021-01-24 12:00:00", "subject": "1\n", "recorded-or-robo": "Y", "city": "Olathe", "state": "KS", "area-code": "913"}, {"id": "03e293b3df9e35eadf15c5611934086a", "number": "8135037931", "date": "2021-01-24 12:35:00", "subject": "11\n", "recorded-or-robo": "N", "city": "", "state": "FL", "area-code": "813"}, {"id": "03e293b3df9e35eadf15c56119340187", "number": "3152328257", "date": "2021-01-24 12:12:00", "subject": "11\n", "recorded-or-robo": "Y", "city": "New Carlisle", "state": "IN", "area-code": "574"}, {"id": "03e293b3df9e35eadf15c5611933ff3a", "number": "2036107029", "date": "2021-01-22 17:52:00", "subject": "0\n", "recorded-or-robo": "Y", "city": "", "state": "CT", "area-code": "203"}, {"id": "03e293b3df9e35eadf15c5611933f762", "number": "3019088438", "date": "2021-01-19 00:00:00", "subject": "3\n", "recorded-or-robo": "N", "city": "", "state": "MD", "area-code": "301"}, {"id": "03e293b3df9e35eadf15c5611933e7d1", "number": "8007707657", "date": "2021-01-23 00:00:00", "subject": "1\n", "recorded-or-robo": "Y", "city": "Reston", "state": "VA", "area-code": "517"}, {"id": "03e293b3df9e35eadf15c5611933e6b2", "number": "2887123262", "date": "2021-01-24 08:20:00", "subject": "1\n", "recorded-or-robo": "Y", "city": "Scottsdale", "state": "AZ", "area-code": "480"}, {"id": "03e293b3df9e35eadf15c5611933dd82", "number": "2019195615", "date": "2021-01-24 11:17:00", "subject": "11\n", "recorded-or-robo": "Y", "city": "", "state": "MD", "area-code": "201"}, {"id": "03e293b3df9e35eadf15c5611933d763", "number": "3012153275", "date": "2021-01-19 00:00:00", "subject": "2\n", "recorded-or-robo": "N", "city": "", "state": "MD", "area-code": "301"}, {"id": "03e293b3df9e35eadf15c5611933d6e7", "number": "5625992920", "date": "2021-01-22 00:00:00", "subject": "0\n", "recorded-or-robo": "Y", "city": "Cerritos", "state": "CA", "area-code": "562"}, {"id": "03e293b3df9e35eadf15c5611933d28f", "number": "2025584964", "date": "2021-01-23 20:12:00", "subject": "0\n", "recorded-or-robo": "Y", "city": "Hendersonville", "state": "NC", "area-code": "828"}, {"id": "03e293b3df9e35eadf15c5611933cbd2", "number": "7284563741", "date": "2021-01-23 12:09:00", "subject": "1\n", "recorded-or-robo": "Y", "city": "Scottsdale", "state": "AZ", "area-code": "480"}, {"id": "03e293b3df9e35eadf15c5611933cba3", "number": "5628684999", "date": "2021-01-22 00:00:00", "subject": "0\n", "recorded-or-robo": "Y", "city": "Cerritos", "state": "CA", "area-code": "562"}, {"id": "03e293b3df9e35eadf15c5611933c16d", "number": "5036974097", "date": "2021-01-19 14:10:00", "subject": "3\n", "recorded-or-robo": "", "city": "Fairfax Station", "state": "VA", "area-code": "703"}, {"id": "03e293b3df9e35eadf15c5611933c0b5", "number": "3367384083", "date": "2021-01-23 00:00:00", "subject": "0\n", "recorded-or-robo": "Y", "city": "Cerritos", "state": "CA", "area-code": "562"}, {"id": "03e293b3df9e35eadf15c5611933be13", "number": "2622755305", "date": "2021-01-24 11:22:00", "subject": "2\n", "recorded-or-robo": "Y", "city": "", "state": "WI", "area-code": "262"}, {"id": "03e293b3df9e35eadf15c5611933ae83", "number": "8556782118", "date": "2021-01-24 12:31:00", "subject": "11\n", "recorded-or-robo": "Y", "city": "Pickerington", "state": "OH", "area-code": "740"}, {"id": "03e293b3df9e35eadf15c5611933a398", "number": "2765312220", "date": "2021-01-21 13:40:00", "subject": "3\n", "recorded-or-robo": "", "city": "Fairfax Station", "state": "VA", "area-code": "703"}, {"id": "03e293b3df9e35eadf15c561193397c4", "number": "5629428562", "date": "2021-01-24 00:00:00", "subject": "0\n", "recorded-or-robo": "Y", "city": "Cerritos", "state": "CA", "area-code": "562"}, {"id": "03e293b3df9e35eadf15c56119338af2", "number": "6145342520", "date": "2021-01-21 08:10:00", "subject": "1\n", "recorded-or-robo": "Y", "city": "Scottsdale", "state": "AZ", "area-code": "480"}, {"id": "03e293b3df9e35eadf15c561193388a5", "number": "8556782089", "date": "2021-01-24 12:13:00", "subject": "11\n", "recorded-or-robo": "Y", "city": "GALENA", "state": "OH", "area-code": "740"}, {"id": "03e293b3df9e35eadf15c56119338774", "number": "3012351387", "date": "2021-01-21 00:00:00", "subject": "2\n", "recorded-or-robo": "N", "city": "", "state": "MD", "area-code": "301"}, {"id": "03e293b3df9e35eadf15c561193386fa", "number": "5624041149", "date": "2021-01-24 00:00:00", "subject": "0\n", "recorded-or-robo": "Y", "city": "Cerritos", "state": "CA", "area-code": "562"}, {"id": "03e293b3df9e35eadf15c5611933810f", "number": "", "date": "2021-01-21 12:54:00", "subject": "3\n", "recorded-or-robo": "", "city": "Fairfax Station", "state": "VA", "area-code": "703"}, {"id": "03e293b3df9e35eadf15c5611933737e", "number": "7257262585", "date": "2021-01-21 12:23:00", "subject": "3\n", "recorded-or-robo": "", "city": "Fairfax Station", "state": "VA", "area-code": "703"}, {"id": "03e293b3df9e35eadf15c56119336c9f", "number": "5624045591", "date": "2021-01-24 00:00:00", "subject": "0\n", "recorded-or-robo": "Y", "city": "Cerritos", "state": "CA", "area-code": "562"}, {"id": "03e293b3df9e35eadf15c56119335cce", "number": "3016792476", "date": "2021-01-22 00:00:00", "subject": "2\n", "recorded-or-robo": "N", "city": "", "state": "MD", "area-code": "301"}, {"id": "03e293b3df9e35eadf15c56119335c38", "number": "5099469938", "date": "2021-01-24 09:15:00", "subject": "2\n", "recorded-or-robo": "Y", "city": "Richland", "state": "WA", "area-code": "509"}, {"id": "03e293b3df9e35eadf15c56119334e3d", "number": "9869464332", "date": "2021-01-20 20:00:00", "subject": "3\n", "recorded-or-robo": "", "city": "Fairfax Station", "state": "VA", "area-code": "703"}, {"id": "03e293b3df9e35eadf15c561193341fc", "number": "5624043881", "date": "2021-01-24 00:00:00", "subject": "0\n", "recorded-or-robo": "Y", "city": "Cerritos", "state": "CA", "area-code": "562"}, {"id": "03e293b3df9e35eadf15c561193333db", "number": "", "date": "2020-01-24 12:26:00", "subject": "3\n", "recorded-or-robo": "Y", "city": "", "state": "OH", "area-code": "740"}, {"id": "03e293b3df9e35eadf15c56119333316", "number": "3152328257", "date": "2021-01-24 11:30:00", "subject": "1\n", "recorded-or-robo": "Y", "city": "", "state": "MO", "area-code": "314"}, {"id": "03e293b3df9e35eadf15c561193330da", "number": "5099435794", "date": "2021-01-24 09:15:00", "subject": "11\n", "recorded-or-robo": "Y", "city": "Richland", "state": "WA", "area-code": "509"}, {"id": "03e293b3df9e35eadf15c56119332707", "number": "9738692849", "date": "2021-01-24 12:33:00", "subject": "0\n", "recorded-or-robo": "N", "city": "Clifton", "state": "NJ", "area-code": "973"}, {"id": "03e293b3df9e35eadf15c56119332349", "number": "8043777464", "date": "2021-01-20 18:39:00", "subject": "3\n", "recorded-or-robo": "", "city": "Fairfax Station", "state": "VA", "area-code": "703"}, {"id": "03e293b3df9e35eadf15c561193315fa", "number": "5624047027", "date": "2021-01-24 00:00:00", "subject": "0\n", "recorded-or-robo": "Y", "city": "Cerritos", "state": "CA", "area-code": "562"}, {"id": "03e293b3df9e35eadf15c561193315d1", "number": "8132308513", "date": "2021-01-24 12:15:00", "subject": "2\n", "recorded-or-robo": "Y", "city": "Brandon", "state": "FL", "area-code": "813"}, {"id": "03e293b3df9e35eadf15c56119330ed8", "number": "3017013548", "date": "2021-01-15 00:00:00", "subject": "2\n", "recorded-or-robo": "N", "city": "", "state": "MD", "area-code": "301"}, {"id": "03e293b3df9e35eadf15c56119330241", "number": "8009272291", "date": "2021-01-24 12:26:00", "subject": "2\n", "recorded-or-robo": "", "city": "", "state": "NY", "area-code": "518"}]}