{"data": [{"id": "03e293b3df9e35eadf15c561194e812b", "number": "7163251301", "date": "2021-01-19 16:13:00", "subject": "0\n", "recorded-or-robo": "", "city": "Buffalo", "state": "NY", "area-code": "716"}, {"id": "03e293b3df9e35eadf15c561194e781c", "number": "4696527721", "date": "2021-01-19 00:00:00", "subject": "2\n", "recorded-or-robo": "Y", "city": "Athens", "state": "AL", "area-code": "817"}, {"id": "03e293b3df9e35eadf15c561194e69bd", "number": "", "date": "2021-01-12 12:00:00", "subject": "1\n", "recorded-or-robo": "Y", "city": "BROKEN ARROW", "state": "OH", "area-code": "918"}, {"id": "03e293b3df9e35eadf15c561194e5fdd", "number": "4803972161", "date": "2021-01-15 09:14:00", "subject": "0\n", "recorded-or-robo": "", "city": "Mesa", "state": "AZ", "area-code": "480"}, {"id": "03e293b3df9e35eadf15c561194e59c7", "number": "5055334270", "date": "2021-01-05 17:44:00", "subject": "0\n", "recorded-or-robo": "", "city": "Buffalo", "state": "NY", "area-code": "716"}, {"id": "03e293b3df9e35eadf15c561194e5567", "number": "9177682248", "date": "2021-01-20 19:20:00", "subject": "13\n", "recorded-or-robo": "N", "city": "", "state": "OH", "area-code": "330"}, {"id": "03e293b3df9e35eadf15c561194e4858", "number": "2169065702", "date": "2021-01-23 07:08:00", "subject": "2\n", "recorded-or-robo": "Y", "city": "Ohio", "state": "OH", "area-code": "216"}, {"id": "03e293b3df9e35eadf15c561194e3996", "number": "9202217732", "date": "2021-01-21 05:11:00", "subject": "4\n", "recorded-or-robo": "Y", "city": "", "state": "WI", "area-code": "920"}, {"id": "03e293b3df9e35eadf15c561194e398c", "number": "7168690442", "date": "2021-01-07 10:20:00", "subject": "0\n", "recorded-or-robo": "", "city": "Buffalo", "state": "NY", "area-code": "716"}, {"id": "03e293b3df9e35eadf15c561194e31b4", "number": "", "date": "2021-01-24 14:00:00", "subject": "1\n", "recorded-or-robo": "Y", "city": "Mesa", "state": "AZ", "area-code": "480"}, {"id": "03e293b3df9e35eadf15c561194e2335", "number": "4253157307", "date": "2021-01-24 01:08:00", "subject": "2\n", "recorded-or-robo": "Y", "city": "Arlington", "state": "WA", "area-code": "425"}, {"id": "03e293b3df9e35eadf15c561194e1930", "number": "", "date": "2021-01-24 16:10:00", "subject": "1\n", "recorded-or-robo": "Y", "city": "Indianapolis", "state": "IN", "area-code": "317"}, {"id": "03e293b3df9e35eadf15c561194e1350", "number": "4803051111", "date": "2021-01-19 16:40:00", "subject": "0\n", "recorded-or-robo": "", "city": "Mesa", "state": "AZ", "area-code": "480"}, {"id": "03e293b3df9e35eadf15c561194e0529", "number": "7164624541", "date": "2021-01-07 18:20:00", "subject": "0\n", "recorded-or-robo": "", "city": "Buffalo", "state": "NY", "area-code": "716"}, {"id": "03e293b3df9e35eadf15c561194dfa1e", "number": "3152328257", "date": "2021-01-24 15:04:00", "subject": "1\n", "recorded-or-robo": "Y", "city": "Wildwood", "state": "MO", "area-code": "314"}, {"id": "03e293b3df9e35eadf15c561194df778", "number": "9522100377", "date": "2021-01-21 10:32:00", "subject": "2\n", "recorded-or-robo": "Y", "city": "Athens", "state": "TX", "area-code": "817"}, {"id": "03e293b3df9e35eadf15c561194df6ae", "number": "4802967193", "date": "2021-01-22 08:42:00", "subject": "0\n", "recorded-or-robo": "", "city": "Mesa", "state": "AZ", "area-code": "480"}, {"id": "03e293b3df9e35eadf15c561194de7fd", "number": "7164987057", "date": "2021-01-14 11:22:00", "subject": "0\n", "recorded-or-robo": "", "city": "Buffalo", "state": "NY", "area-code": "716"}, {"id": "03e293b3df9e35eadf15c561194ddc13", "number": "4129102673", "date": "2021-01-22 00:00:00", "subject": "4\n", "recorded-or-robo": "Y", "city": "", "state": "TX", "area-code": "215"}, {"id": "03e293b3df9e35eadf15c561194dd2fa", "number": "8882804331", "date": "2021-01-17 12:14:00", "subject": "11\n", "recorded-or-robo": "Y", "city": "Buffalo", "state": "NY", "area-code": "716"}, {"id": "03e293b3df9e35eadf15c561194dce23", "number": "", "date": "2021-01-19 11:30:00", "subject": "4\n", "recorded-or-robo": "Y", "city": "Fond du Lac", "state": "WI", "area-code": "920"}, {"id": "03e293b3df9e35eadf15c561194dc84a", "number": "4807445975", "date": "2021-01-22 09:28:00", "subject": "2\n", "recorded-or-robo": "", "city": "Mesa", "state": "AZ", "area-code": "480"}, {"id": "03e293b3df9e35eadf15c561194dc3a6", "number": "3143105139", "date": "2021-01-23 18:08:00", "subject": "2\n", "recorded-or-robo": "Y", "city": "Chino", "state": "CA", "area-code": "909"}, {"id": "03e293b3df9e35eadf15c561194db3c1", "number": "5033585982", "date": "2021-01-22 15:57:00", "subject": "4\n", "recorded-or-robo": "Y", "city": "", "state": "OR", "area-code": "503"}, {"id": "03e293b3df9e35eadf15c561194da562", "number": "4803762837", "date": "2021-01-24 14:05:00", "subject": "2\n", "recorded-or-robo": "Y", "city": "", "state": "AZ", "area-code": "520"}, {"id": "03e293b3df9e35eadf15c561194d9f95", "number": "5099469311", "date": "2021-01-24 12:00:00", "subject": "1\n", "recorded-or-robo": "Y", "city": "New Port Richey", "state": "FL", "area-code": "727"}, {"id": "03e293b3df9e35eadf15c561194d94cb", "number": "6234713155", "date": "2021-01-24 13:05:00", "subject": "2\n", "recorded-or-robo": "N", "city": "", "state": "NV", "area-code": "702"}, {"id": "03e293b3df9e35eadf15c561194d8a95", "number": "3143105139", "date": "2021-01-22 00:00:00", "subject": "2\n", "recorded-or-robo": "Y", "city": "Chino", "state": "CA", "area-code": "909"}, {"id": "03e293b3df9e35eadf15c561194d826e", "number": "8556786227", "date": "2021-01-24 16:05:00", "subject": "11\n", "recorded-or-robo": "Y", "city": "Brandon", "state": "FL", "area-code": "813"}, {"id": "03e293b3df9e35eadf15c561194d77df", "number": "9375391202", "date": "2021-01-24 12:00:00", "subject": "1\n", "recorded-or-robo": "Y", "city": "", "state": "CA", "area-code": "619"}, {"id": "03e293b3df9e35eadf15c561194d7000", "number": "7164937173", "date": "2021-01-19 15:10:00", "subject": "0\n", "recorded-or-robo": "", "city": "Buffalo", "state": "NY", "area-code": "716"}, {"id": "03e293b3df9e35eadf15c561194d6792", "number": "4053582399", "date": "2021-01-24 15:06:00", "subject": "0\n", "recorded-or-robo": "Y", "city": "Porum", "state": "OK", "area-code": "405"}, {"id": "03e293b3df9e35eadf15c561194d5b0d", "number": "7575350534", "date": "2021-01-24 14:59:00", "subject": "0\n", "recorded-or-robo": "Y", "city": "Chesapeake", "state": "VA", "area-code": "757"}, {"id": "03e293b3df9e35eadf15c561194d4d35", "number": "3148392746", "date": "2021-01-24 13:54:00", "subject": "11\n", "recorded-or-robo": "Y", "city": "Florissant", "state": "MO", "area-code": "314"}, {"id": "03e293b3df9e35eadf15c561194d3f04", "number": "6313102840", "date": "2021-01-21 14:50:00", "subject": "9\n", "recorded-or-robo": "Y", "city": "Buffalo", "state": "NY", "area-code": "716"}, {"id": "03e293b3df9e35eadf15c561194d32ac", "number": "", "date": "2021-01-24 12:00:00", "subject": "3\n", "recorded-or-robo": "Y", "city": "St Petersburg", "state": "FL", "area-code": "727"}, {"id": "03e293b3df9e35eadf15c561194d3141", "number": "8173819902", "date": "2021-01-22 10:23:00", "subject": "2\n", "recorded-or-robo": "Y", "city": "Athens", "state": "AL", "area-code": "817"}, {"id": "03e293b3df9e35eadf15c561194d274f", "number": "7312480053", "date": "2021-01-22 14:06:00", "subject": "4\n", "recorded-or-robo": "Y", "city": "", "state": "NY", "area-code": "347"}, {"id": "03e293b3df9e35eadf15c561194d2123", "number": "8882804331", "date": "2021-01-24 02:02:00", "subject": "2\n", "recorded-or-robo": "Y", "city": "Middle Village", "state": "NY", "area-code": "718"}, {"id": "03e293b3df9e35eadf15c561194d1dc8", "number": "7275766095", "date": "2021-01-24 12:00:00", "subject": "2\n", "recorded-or-robo": "Y", "city": "Saint Petersburg", "state": "FL", "area-code": "727"}, {"id": "03e293b3df9e35eadf15c561194d1b5b", "number": "315232857", "date": "2021-01-23 11:15:00", "subject": "4\n", "recorded-or-robo": "Y", "city": "Camarillo", "state": "CA", "area-code": "315"}, {"id": "03e293b3df9e35eadf15c561194d0e98", "number": "6463974311", "date": "2021-01-24 12:57:00", "subject": "2\n", "recorded-or-robo": "Y", "city": "Arroyo Grande", "state": "CA", "area-code": "805"}, {"id": "03e293b3df9e35eadf15c561194d0d54", "number": "6064034992", "date": "2021-01-15 22:00:00", "subject": "4\n", "recorded-or-robo": "N", "city": "Melrose", "state": "WI", "area-code": "608"}, {"id": "03e293b3df9e35eadf15c561194cfe40", "number": "8882804331", "date": "2021-01-23 20:42:00", "subject": "2\n", "recorded-or-robo": "Y", "city": "Manteno", "state": "IL", "area-code": "815"}, {"id": "03e293b3df9e35eadf15c561194cf6d6", "number": "3152328257", "date": "2021-01-24 15:00:00", "subject": "1\n", "recorded-or-robo": "Y", "city": "Zephyrhills", "state": "FL", "area-code": "813"}, {"id": "03e293b3df9e35eadf15c561194cf110", "number": "5593827333", "date": "2021-01-24 12:42:00", "subject": "6\n", "recorded-or-robo": "N", "city": "Chicago", "state": "IL", "area-code": "773"}, {"id": "03e293b3df9e35eadf15c561194cef1e", "number": "8772810416", "date": "2021-01-24 12:40:00", "subject": "2\n", "recorded-or-robo": "Y", "city": "LA", "state": "CA", "area-code": "917"}, {"id": "03e293b3df9e35eadf15c561194cea2a", "number": "7869751928", "date": "2021-01-24 14:55:00", "subject": "0\n", "recorded-or-robo": "Y", "city": "Saint Paul", "state": "MN", "area-code": "651"}, {"id": "03e293b3df9e35eadf15c561194ce79d", "number": "pressoneonph", "date": "2021-01-24 12:00:00", "subject": "2\n", "recorded-or-robo": "Y", "city": "", "state": "GA", "area-code": "678"}, {"id": "03e293b3df9e35eadf15c561194cdc6f", "number": "7146923420", "date": "2021-01-24 13:00:00", "subject": "7\n", "recorded-or-robo": "Y", "city": "", "state": "CA", "area-code": "714"}]}