{"data": [{"id": "3decc6bfadaa436a105714c6baa7ecad", "number": "6362495797", "date": "2021-01-18 11:38:00", "subject": "0", "recorded-or-robo": "Y", "city": "", "state": "MO", "area-code": "636"}, {"id": "03e293b3df9e35eadf15c561193de7e5", "number": "6362495797", "date": "2021-01-18 11:38:00", "subject": "0", "recorded-or-robo": "Y", "city": "", "state": "MO", "area-code": "636"}, {"id": "3decc6bfadaa436a105714c6baa7e0e2", "number": "2018908611", "date": "2021-01-22 13:37:00", "subject": "0", "recorded-or-robo": "Y", "city": "", "state": "NJ", "area-code": "201"}, {"id": "03e293b3df9e35eadf15c561193de425", "number": "2018908611", "date": "2021-01-22 13:37:00", "subject": "0", "recorded-or-robo": "Y", "city": "", "state": "NJ", "area-code": "201"}, {"id": "3decc6bfadaa436a105714c6baa7dc2e", "number": "5203867306", "date": "2021-01-23 18:49:00", "subject": "2", "recorded-or-robo": "Y", "city": "", "state": "AZ", "area-code": "520"}, {"id": "03e293b3df9e35eadf15c561193ddf59", "number": "5203867306", "date": "2021-01-23 18:49:00", "subject": "2", "recorded-or-robo": "Y", "city": "", "state": "AZ", "area-code": "520"}, {"id": "3decc6bfadaa436a105714c6baa7d4b5", "number": "3367348009", "date": "2021-01-23 12:21:00", "subject": "0", "recorded-or-robo": "N", "city": "N. Babylon", "state": "NY", "area-code": "631"}, {"id": "03e293b3df9e35eadf15c561193ddc94", "number": "3367348009", "date": "2021-01-23 12:21:00", "subject": "0", "recorded-or-robo": "N", "city": "N. Babylon", "state": "NY", "area-code": "631"}, {"id": "3decc6bfadaa436a105714c6baa7d0ba", "number": "3345140257", "date": "2021-01-22 12:47:00", "subject": "2", "recorded-or-robo": "", "city": "Eclectic", "state": "AL", "area-code": "334"}, {"id": "03e293b3df9e35eadf15c561193dd358", "number": "3345140257", "date": "2021-01-22 12:47:00", "subject": "2", "recorded-or-robo": "", "city": "Eclectic", "state": "AL", "area-code": "334"}, {"id": "3decc6bfadaa436a105714c6baa7c43b", "number": "6364525135", "date": "2021-01-19 11:22:00", "subject": "0", "recorded-or-robo": "Y", "city": "", "state": "", "area-code": "636"}, {"id": "03e293b3df9e35eadf15c561193dc877", "number": "6364525135", "date": "2021-01-19 11:22:00", "subject": "0", "recorded-or-robo": "Y", "city": "", "state": "", "area-code": "636"}, {"id": "3decc6bfadaa436a105714c6baa7bd64", "number": "2312511273", "date": "2021-01-18 08:18:00", "subject": "2", "recorded-or-robo": "Y", "city": "LOS ALTOS", "state": "CA", "area-code": "650"}, {"id": "03e293b3df9e35eadf15c561193dc3fa", "number": "2312511273", "date": "2021-01-18 08:18:00", "subject": "2", "recorded-or-robo": "Y", "city": "LOS ALTOS", "state": "CA", "area-code": "650"}, {"id": "3decc6bfadaa436a105714c6baa7af23", "number": "2016273846", "date": "2021-01-22 16:20:00", "subject": "0", "recorded-or-robo": "Y", "city": "", "state": "NJ", "area-code": "201"}, {"id": "03e293b3df9e35eadf15c561193db690", "number": "2016273846", "date": "2021-01-22 16:20:00", "subject": "0", "recorded-or-robo": "Y", "city": "", "state": "NJ", "area-code": "201"}, {"id": "3decc6bfadaa436a105714c6baa7a56f", "number": "4109099762", "date": "2021-01-22 03:25:00", "subject": "2", "recorded-or-robo": "", "city": "Eclectic", "state": "AL", "area-code": "334"}, {"id": "03e293b3df9e35eadf15c561193da847", "number": "4109099762", "date": "2021-01-22 03:25:00", "subject": "2", "recorded-or-robo": "", "city": "Eclectic", "state": "AL", "area-code": "334"}, {"id": "3decc6bfadaa436a105714c6baa79ac6", "number": "5203867306", "date": "2021-01-24 11:15:00", "subject": "2", "recorded-or-robo": "Y", "city": "", "state": "AZ", "area-code": "520"}, {"id": "03e293b3df9e35eadf15c561193d9910", "number": "5203867306", "date": "2021-01-24 11:15:00", "subject": "2", "recorded-or-robo": "Y", "city": "", "state": "AZ", "area-code": "520"}, {"id": "3decc6bfadaa436a105714c6baa7915f", "number": "6506733231", "date": "2021-01-18 09:28:00", "subject": "2", "recorded-or-robo": "Y", "city": "LOS ALTOS", "state": "CA", "area-code": "650"}, {"id": "03e293b3df9e35eadf15c561193d9445", "number": "6506733231", "date": "2021-01-18 09:28:00", "subject": "2", "recorded-or-robo": "Y", "city": "LOS ALTOS", "state": "CA", "area-code": "650"}, {"id": "3decc6bfadaa436a105714c6baa78a01", "number": "3023875653", "date": "2021-01-24 12:48:00", "subject": "0", "recorded-or-robo": "Y", "city": "", "state": "TN", "area-code": "615"}, {"id": "03e293b3df9e35eadf15c561193d9129", "number": "3023875653", "date": "2021-01-24 12:48:00", "subject": "0", "recorded-or-robo": "Y", "city": "", "state": "TN", "area-code": "615"}, {"id": "3decc6bfadaa436a105714c6baa77da4", "number": "", "date": "2021-01-24 10:27:00", "subject": "13", "recorded-or-robo": "N", "city": "Anderson Island", "state": "WA", "area-code": "253"}, {"id": "03e293b3df9e35eadf15c561193d8ff7", "number": "", "date": "2021-01-24 10:27:00", "subject": "13", "recorded-or-robo": "N", "city": "Anderson Island", "state": "WA", "area-code": "253"}, {"id": "3decc6bfadaa436a105714c6baa77758", "number": "8139434117", "date": "2021-01-24 13:36:00", "subject": "2", "recorded-or-robo": "Y", "city": "", "state": "FL", "area-code": "813"}, {"id": "03e293b3df9e35eadf15c561193d87d1", "number": "8139434117", "date": "2021-01-24 13:36:00", "subject": "2", "recorded-or-robo": "Y", "city": "", "state": "FL", "area-code": "813"}, {"id": "3decc6bfadaa436a105714c6baa76770", "number": "4408454917", "date": "2021-01-21 18:43:00", "subject": "2", "recorded-or-robo": "N", "city": "", "state": "OH", "area-code": "440"}, {"id": "03e293b3df9e35eadf15c561193d7a2f", "number": "4408454917", "date": "2021-01-21 18:43:00", "subject": "2", "recorded-or-robo": "N", "city": "", "state": "OH", "area-code": "440"}, {"id": "3decc6bfadaa436a105714c6baa75fe6", "number": "5025639987", "date": "2021-01-22 18:40:00", "subject": "2", "recorded-or-robo": "N", "city": "fairdale", "state": "KY", "area-code": "502"}, {"id": "03e293b3df9e35eadf15c561193d70e7", "number": "5025639987", "date": "2021-01-22 18:40:00", "subject": "2", "recorded-or-robo": "N", "city": "fairdale", "state": "KY", "area-code": "502"}, {"id": "3decc6bfadaa436a105714c6baa75310", "number": "5302328844", "date": "2021-01-18 10:42:00", "subject": "2", "recorded-or-robo": "Y", "city": "LOS ALTOS", "state": "CA", "area-code": "650"}, {"id": "03e293b3df9e35eadf15c561193d6800", "number": "5302328844", "date": "2021-01-18 10:42:00", "subject": "2", "recorded-or-robo": "Y", "city": "LOS ALTOS", "state": "CA", "area-code": "650"}, {"id": "3decc6bfadaa436a105714c6baa74b69", "number": "2013573639", "date": "2021-01-21 13:51:00", "subject": "0", "recorded-or-robo": "Y", "city": "", "state": "NJ", "area-code": "201"}, {"id": "03e293b3df9e35eadf15c561193d64ff", "number": "2013573639", "date": "2021-01-21 13:51:00", "subject": "0", "recorded-or-robo": "Y", "city": "", "state": "NJ", "area-code": "201"}, {"id": "3decc6bfadaa436a105714c6baa74adb", "number": "5053766915", "date": "2021-01-23 00:00:00", "subject": "2", "recorded-or-robo": "Y", "city": "Owasso", "state": "OK", "area-code": "918"}, {"id": "03e293b3df9e35eadf15c561193d64e9", "number": "5053766915", "date": "2021-01-23 00:00:00", "subject": "2", "recorded-or-robo": "Y", "city": "Owasso", "state": "OK", "area-code": "918"}, {"id": "3decc6bfadaa436a105714c6baa74a01", "number": "2605083274", "date": "2021-01-18 13:24:00", "subject": "2", "recorded-or-robo": "Y", "city": "LOS ALTOS", "state": "CA", "area-code": "650"}, {"id": "03e293b3df9e35eadf15c561193d5ca2", "number": "2605083274", "date": "2021-01-18 13:24:00", "subject": "2", "recorded-or-robo": "Y", "city": "LOS ALTOS", "state": "CA", "area-code": "650"}, {"id": "3decc6bfadaa436a105714c6baa73c77", "number": "4408476521", "date": "2021-01-22 12:33:00", "subject": "2", "recorded-or-robo": "", "city": "", "state": "OH", "area-code": "440"}, {"id": "3decc6bfadaa436a105714c6baa7383e", "number": "6366516424", "date": "2021-01-20 11:37:00", "subject": "0", "recorded-or-robo": "Y", "city": "", "state": "MO", "area-code": "636"}, {"id": "03e293b3df9e35eadf15c561193d54eb", "number": "4408476521", "date": "2021-01-22 12:33:00", "subject": "2", "recorded-or-robo": "", "city": "", "state": "OH", "area-code": "440"}, {"id": "03e293b3df9e35eadf15c561193d495d", "number": "6366516424", "date": "2021-01-20 11:37:00", "subject": "0", "recorded-or-robo": "Y", "city": "", "state": "MO", "area-code": "636"}, {"id": "3decc6bfadaa436a105714c6baa735ac", "number": "7324019918", "date": "2021-01-24 13:02:00", "subject": "2", "recorded-or-robo": "Y", "city": "Point Pleasant Boro", "state": "NJ", "area-code": "732"}, {"id": "03e293b3df9e35eadf15c561193d3d95", "number": "7324019918", "date": "2021-01-24 13:02:00", "subject": "2", "recorded-or-robo": "Y", "city": "Point Pleasant Boro", "state": "NJ", "area-code": "732"}, {"id": "3decc6bfadaa436a105714c6baa732ab", "number": "5032068119", "date": "2021-01-22 14:00:00", "subject": "6", "recorded-or-robo": "Y", "city": "Portland", "state": "OR", "area-code": "503"}, {"id": "03e293b3df9e35eadf15c561193d35b5", "number": "5032068119", "date": "2021-01-22 14:00:00", "subject": "6", "recorded-or-robo": "Y", "city": "Portland", "state": "OR", "area-code": "503"}, {"id": "3decc6bfadaa436a105714c6baa7301c", "number": "3853604219", "date": "2021-01-23 00:00:00", "subject": "2", "recorded-or-robo": "Y", "city": "Owasso", "state": "OK", "area-code": "918"}, {"id": "03e293b3df9e35eadf15c561193d2e27", "number": "3853604219", "date": "2021-01-23 00:00:00", "subject": "2", "recorded-or-robo": "Y", "city": "Owasso", "state": "OK", "area-code": "918"}]}