{"data": [{"id": "03e293b3df9e35eadf15c561192fcaf3", "number": "3612136933", "date": "2021-01-21 12:53:00", "subject": "4\n", "recorded-or-robo": "Y", "city": "San Antonio", "state": "TX", "area-code": "210"}, {"id": "03e293b3df9e35eadf15c561192fc530", "number": "8137824225", "date": "2021-01-24 12:02:00", "subject": "11\n", "recorded-or-robo": "Y", "city": "zephyrhills", "state": "FL", "area-code": "615"}, {"id": "03e293b3df9e35eadf15c561192fb9bc", "number": "", "date": "2021-01-24 11:50:00", "subject": "11\n", "recorded-or-robo": "Y", "city": "Pickerington", "state": "OH", "area-code": "740"}, {"id": "03e293b3df9e35eadf15c561192fae68", "number": "3023875653", "date": "2021-01-24 10:58:00", "subject": "2\n", "recorded-or-robo": "N", "city": "Munster", "state": "IN", "area-code": "347"}, {"id": "03e293b3df9e35eadf15c561192fad5b", "number": "3145033277", "date": "2021-01-23 16:21:00", "subject": "3\n", "recorded-or-robo": "Y", "city": "St. Louis", "state": "MO", "area-code": "314"}, {"id": "03e293b3df9e35eadf15c561192fa638", "number": "00000000000000000000", "date": "2021-01-24 10:56:00", "subject": "2\n", "recorded-or-robo": "N", "city": "San Antonio", "state": "TX", "area-code": "210"}, {"id": "03e293b3df9e35eadf15c561192fa5bb", "number": "9039008647", "date": "2021-01-22 09:33:00", "subject": "2\n", "recorded-or-robo": "Y", "city": "Longview", "state": "TX", "area-code": "903"}, {"id": "03e293b3df9e35eadf15c561192fa0e0", "number": "10", "date": "2021-01-23 20:25:00", "subject": "1\n", "recorded-or-robo": "Y", "city": "", "state": "WI", "area-code": "262"}, {"id": "03e293b3df9e35eadf15c561192f9773", "number": "1509216293", "date": "2021-01-24 12:00:00", "subject": "1\n", "recorded-or-robo": "Y", "city": "Spokane", "state": "WA", "area-code": "509"}, {"id": "03e293b3df9e35eadf15c561192f95ae", "number": "5406025542", "date": "2021-01-22 14:11:00", "subject": "5\n", "recorded-or-robo": "Y", "city": "norfolk", "state": "VA", "area-code": "757"}, {"id": "03e293b3df9e35eadf15c561192f85e3", "number": "", "date": "2021-01-23 16:42:00", "subject": "1\n", "recorded-or-robo": "Y", "city": "Spokane Valley", "state": "WA", "area-code": "509"}, {"id": "03e293b3df9e35eadf15c561192f7e74", "number": "", "date": "2021-01-24 12:00:00", "subject": "1\n", "recorded-or-robo": "N", "city": "texas city", "state": "TX", "area-code": "409"}, {"id": "03e293b3df9e35eadf15c561192f7382", "number": "", "date": "2021-01-24 08:01:00", "subject": "11\n", "recorded-or-robo": "Y", "city": "Richland", "state": "WA", "area-code": "509"}, {"id": "03e293b3df9e35eadf15c561192f6895", "number": "3152328257", "date": "2021-01-22 12:00:00", "subject": "11\n", "recorded-or-robo": "Y", "city": "New Carlisle", "state": "IN", "area-code": "574"}, {"id": "03e293b3df9e35eadf15c561192f676d", "number": "6178759413", "date": "2021-01-22 16:40:00", "subject": "1\n", "recorded-or-robo": "Y", "city": "Randolph", "state": "MA", "area-code": "781"}, {"id": "03e293b3df9e35eadf15c561192f5e74", "number": "8502479986", "date": "2021-01-23 18:25:00", "subject": "1\n", "recorded-or-robo": "N", "city": "", "state": "AL", "area-code": "251"}, {"id": "03e293b3df9e35eadf15c561192f5e6e", "number": "4073109384", "date": "2021-01-23 13:00:00", "subject": "2\n", "recorded-or-robo": "Y", "city": "Altamonte Spg", "state": "FL", "area-code": "407"}, {"id": "03e293b3df9e35eadf15c561192f54aa", "number": "8762928327", "date": "2021-01-23 10:21:00", "subject": "13\n", "recorded-or-robo": "N", "city": "Cleveland", "state": "MS", "area-code": "662"}, {"id": "03e293b3df9e35eadf15c561192f44ee", "number": "4045512242", "date": "2021-01-22 16:24:00", "subject": "2\n", "recorded-or-robo": "N", "city": "Carrollton", "state": "TX", "area-code": "214"}, {"id": "03e293b3df9e35eadf15c561192f23c6", "number": "4696137700", "date": "2021-01-21 18:37:00", "subject": "3\n", "recorded-or-robo": "N", "city": "", "state": "PA", "area-code": "570"}, {"id": "03e293b3df9e35eadf15c561192f3f98", "number": "2029262853", "date": "2021-01-06 10:52:00", "subject": "2\n", "recorded-or-robo": "Y", "city": "", "state": "OH", "area-code": "440"}, {"id": "03e293b3df9e35eadf15c561192f385f", "number": "2155986092", "date": "2021-01-22 20:47:00", "subject": "1\n", "recorded-or-robo": "Y", "city": "Tarentum", "state": "PA", "area-code": "724"}, {"id": "03e293b3df9e35eadf15c561192f323d", "number": "7027513400", "date": "2021-01-22 18:22:00", "subject": "13\n", "recorded-or-robo": "N", "city": "Cleveland", "state": "MS", "area-code": "662"}, {"id": "03e293b3df9e35eadf15c561192f2f89", "number": "2164785415", "date": "2021-01-23 15:30:00", "subject": "0\n", "recorded-or-robo": "Y", "city": "west hartford", "state": "CT", "area-code": "860"}, {"id": "03e293b3df9e35eadf15c561192f1dbe", "number": "4697976470", "date": "2021-01-22 13:23:00", "subject": "3\n", "recorded-or-robo": "Y", "city": "", "state": "CO", "area-code": "719"}, {"id": "03e293b3df9e35eadf15c561192f1d11", "number": "3214733009", "date": "2021-01-22 09:30:00", "subject": "13\n", "recorded-or-robo": "N", "city": "Cleveland", "state": "MS", "area-code": "662"}, {"id": "03e293b3df9e35eadf15c561192f195e", "number": "4073108796", "date": "2021-01-23 13:18:00", "subject": "2\n", "recorded-or-robo": "Y", "city": "Altamonte Spg", "state": "FL", "area-code": "407"}, {"id": "03e293b3df9e35eadf15c561192f13fe", "number": "6307562485", "date": "2021-01-24 08:15:00", "subject": "2\n", "recorded-or-robo": "Y", "city": "Manhattan Beach", "state": "CA", "area-code": "310"}, {"id": "03e293b3df9e35eadf15c561192f0ca6", "number": "6624787622", "date": "2021-01-22 09:20:00", "subject": "13\n", "recorded-or-robo": "N", "city": "Cleveland", "state": "MS", "area-code": "662"}, {"id": "03e293b3df9e35eadf15c561192f0330", "number": "4212608289", "date": "2021-01-23 11:38:00", "subject": "1\n", "recorded-or-robo": "Y", "city": "Tarentum", "state": "PA", "area-code": "724"}, {"id": "03e293b3df9e35eadf15c561192efd1f", "number": "8556785255", "date": "2021-01-24 11:49:00", "subject": "11\n", "recorded-or-robo": "Y", "city": "Galena", "state": "OH", "area-code": "740"}, {"id": "03e293b3df9e35eadf15c561192ef5a0", "number": "7549993706", "date": "2021-01-06 16:45:00", "subject": "4\n", "recorded-or-robo": "Y", "city": "Bethlehem", "state": "PA", "area-code": "610"}, {"id": "03e293b3df9e35eadf15c561192eeab2", "number": "85585674477", "date": "2021-01-23 08:00:00", "subject": "11\n", "recorded-or-robo": "", "city": "", "state": "WA", "area-code": "509"}, {"id": "03e293b3df9e35eadf15c561192ec7e0", "number": "4693440445", "date": "2021-01-21 16:01:00", "subject": "3\n", "recorded-or-robo": "N", "city": "", "state": "PA", "area-code": "570"}, {"id": "03e293b3df9e35eadf15c561192edd13", "number": "4092425424", "date": "2021-01-22 15:14:00", "subject": "8\n", "recorded-or-robo": "Y", "city": "Southlake", "state": "TX", "area-code": "817"}, {"id": "03e293b3df9e35eadf15c561192edc2f", "number": "8768465260", "date": "2021-01-21 10:10:00", "subject": "13\n", "recorded-or-robo": "N", "city": "Cleveland", "state": "MS", "area-code": "662"}, {"id": "03e293b3df9e35eadf15c561192ecf7c", "number": "", "date": "2021-01-24 11:40:00", "subject": "2\n", "recorded-or-robo": "Y", "city": "Blacklick", "state": "OH", "area-code": "509"}, {"id": "03e293b3df9e35eadf15c561192ecf21", "number": "3105471440", "date": "2021-01-23 16:22:00", "subject": "2\n", "recorded-or-robo": "Y", "city": "Manhattan Beach", "state": "CA", "area-code": "310"}, {"id": "03e293b3df9e35eadf15c561192ebd6b", "number": "8764200655", "date": "2021-01-21 08:15:00", "subject": "13\n", "recorded-or-robo": "N", "city": "Cleveland", "state": "MS", "area-code": "662"}, {"id": "03e293b3df9e35eadf15c561192eb421", "number": "6105974098", "date": "2021-01-06 11:04:00", "subject": "4\n", "recorded-or-robo": "Y", "city": "Bethlehem", "state": "PA", "area-code": "610"}, {"id": "03e293b3df9e35eadf15c561192eb14d", "number": "7244576256", "date": "2021-01-23 12:01:00", "subject": "5\n", "recorded-or-robo": "Y", "city": "Tarentum", "state": "PA", "area-code": "724"}, {"id": "03e293b3df9e35eadf15c561192ea719", "number": "3522498718", "date": "2021-01-24 09:50:00", "subject": "3\n", "recorded-or-robo": "Y", "city": "", "state": "CO", "area-code": "719"}, {"id": "03e293b3df9e35eadf15c561192e9b1f", "number": "5344000294", "date": "2021-01-23 13:53:00", "subject": "2\n", "recorded-or-robo": "Y", "city": "San Antonio", "state": "TX", "area-code": "210"}, {"id": "03e293b3df9e35eadf15c561192e9ae0", "number": "9544336858", "date": "2021-01-23 15:15:00", "subject": "2\n", "recorded-or-robo": "Y", "city": "Manhattan Beach", "state": "CA", "area-code": "310"}, {"id": "03e293b3df9e35eadf15c561192e8f5a", "number": "5099432463", "date": "2021-01-24 07:50:00", "subject": "1\n", "recorded-or-robo": "Y", "city": "", "state": "WA", "area-code": "509"}, {"id": "03e293b3df9e35eadf15c561192e8833", "number": "8173447467", "date": "2021-01-22 15:15:00", "subject": "4\n", "recorded-or-robo": "Y", "city": "Southlake", "state": "TX", "area-code": "817"}, {"id": "03e293b3df9e35eadf15c561192e833a", "number": "5098439528", "date": "2021-01-24 20:06:00", "subject": "1\n", "recorded-or-robo": "Y", "city": "", "state": "WA", "area-code": "509"}, {"id": "03e293b3df9e35eadf15c561192e79a1", "number": "2537805860", "date": "2021-01-23 10:59:00", "subject": "1\n", "recorded-or-robo": "N", "city": "", "state": "Do", "area-code": "202"}, {"id": "03e293b3df9e35eadf15c561192e3e94", "number": "4697976456", "date": "2021-01-21 13:37:00", "subject": "3\n", "recorded-or-robo": "N", "city": "", "state": "PA", "area-code": "570"}, {"id": "03e293b3df9e35eadf15c561192e6bef", "number": "8603456731", "date": "2021-01-16 14:02:00", "subject": "2\n", "recorded-or-robo": "Y", "city": "Manhattan Beach", "state": "CA", "area-code": "310"}]}