{"data": [{"id": "3decc6bfadaa436a105714c6baaf78bb", "number": "7182440723", "date": "2021-01-24 11:48:00", "subject": "2", "recorded-or-robo": "Y", "city": "", "state": "CA", "area-code": "310"}, {"id": "03e293b3df9e35eadf15c5611945b17f", "number": "7182440723", "date": "2021-01-24 11:48:00", "subject": "2", "recorded-or-robo": "Y", "city": "", "state": "CA", "area-code": "310"}, {"id": "3decc6bfadaa436a105714c6baaf7093", "number": "8882804331", "date": "2021-01-24 14:09:00", "subject": "1", "recorded-or-robo": "N", "city": "Wheatley Heights", "state": "NY", "area-code": "718"}, {"id": "03e293b3df9e35eadf15c5611945a828", "number": "8882804331", "date": "2021-01-24 14:09:00", "subject": "1", "recorded-or-robo": "N", "city": "Wheatley Heights", "state": "NY", "area-code": "718"}, {"id": "3decc6bfadaa436a105714c6baaf6bcb", "number": "9196799455", "date": "2021-01-22 11:22:00", "subject": "0", "recorded-or-robo": "N", "city": "", "state": "NC", "area-code": "919"}, {"id": "3decc6bfadaa436a105714c6baaf5766", "number": "8453160093", "date": "2021-01-23 15:44:00", "subject": "3", "recorded-or-robo": "N", "city": "", "state": "NY", "area-code": "845"}, {"id": "03e293b3df9e35eadf15c5611945991f", "number": "9196799455", "date": "2021-01-22 11:22:00", "subject": "0", "recorded-or-robo": "N", "city": "", "state": "NC", "area-code": "919"}, {"id": "03e293b3df9e35eadf15c56119458bc7", "number": "8453160093", "date": "2021-01-23 15:44:00", "subject": "3", "recorded-or-robo": "N", "city": "", "state": "NY", "area-code": "845"}, {"id": "3decc6bfadaa436a105714c6baaf6329", "number": "7274796044", "date": "2021-01-24 13:00:00", "subject": "1", "recorded-or-robo": "Y", "city": "", "state": "FL", "area-code": "727"}, {"id": "03e293b3df9e35eadf15c56119459510", "number": "7274796044", "date": "2021-01-24 13:00:00", "subject": "1", "recorded-or-robo": "Y", "city": "", "state": "FL", "area-code": "727"}, {"id": "3decc6bfadaa436a105714c6baaf4fc4", "number": "8556980025", "date": "2021-01-24 13:22:00", "subject": "11", "recorded-or-robo": "Y", "city": "St. Louis", "state": "MO", "area-code": "314"}, {"id": "03e293b3df9e35eadf15c56119457f4d", "number": "8556980025", "date": "2021-01-24 13:22:00", "subject": "11", "recorded-or-robo": "Y", "city": "St. Louis", "state": "MO", "area-code": "314"}, {"id": "3decc6bfadaa436a105714c6baaf40a7", "number": "9196799455", "date": "2021-01-22 12:57:00", "subject": "0", "recorded-or-robo": "", "city": "", "state": "NC", "area-code": "919"}, {"id": "03e293b3df9e35eadf15c56119456fb5", "number": "9196799455", "date": "2021-01-22 12:57:00", "subject": "0", "recorded-or-robo": "", "city": "", "state": "NC", "area-code": "919"}, {"id": "3decc6bfadaa436a105714c6baaf3775", "number": "8022662773", "date": "2021-01-21 13:27:00", "subject": "4", "recorded-or-robo": "Y", "city": "Jericho", "state": "VT", "area-code": "802"}, {"id": "03e293b3df9e35eadf15c56119456ad4", "number": "8022662773", "date": "2021-01-21 13:27:00", "subject": "4", "recorded-or-robo": "Y", "city": "Jericho", "state": "VT", "area-code": "802"}, {"id": "3decc6bfadaa436a105714c6baaf2946", "number": "9196799455", "date": "2021-01-22 14:46:00", "subject": "0", "recorded-or-robo": "N", "city": "", "state": "NC", "area-code": "919"}, {"id": "03e293b3df9e35eadf15c56119456649", "number": "9196799455", "date": "2021-01-22 14:46:00", "subject": "0", "recorded-or-robo": "N", "city": "", "state": "NC", "area-code": "919"}, {"id": "3decc6bfadaa436a105714c6baaf2253", "number": "", "date": "2020-01-23 13:25:00", "subject": "3", "recorded-or-robo": "Y", "city": "", "state": "MO", "area-code": "314"}, {"id": "03e293b3df9e35eadf15c56119455afb", "number": "", "date": "2020-01-23 13:25:00", "subject": "3", "recorded-or-robo": "Y", "city": "", "state": "MO", "area-code": "314"}, {"id": "3decc6bfadaa436a105714c6baaf1f1a", "number": "7147469051", "date": "2021-01-24 11:15:00", "subject": "3", "recorded-or-robo": "Y", "city": "", "state": "WA", "area-code": "206"}, {"id": "03e293b3df9e35eadf15c56119455719", "number": "7147469051", "date": "2021-01-24 11:15:00", "subject": "3", "recorded-or-robo": "Y", "city": "", "state": "WA", "area-code": "206"}, {"id": "3decc6bfadaa436a105714c6baaf0f63", "number": "8183507067", "date": "2021-01-24 11:46:00", "subject": "12", "recorded-or-robo": "N", "city": "Altadena", "state": "CA", "area-code": "626"}, {"id": "03e293b3df9e35eadf15c56119454edc", "number": "8183507067", "date": "2021-01-24 11:46:00", "subject": "12", "recorded-or-robo": "N", "city": "Altadena", "state": "CA", "area-code": "626"}, {"id": "3decc6bfadaa436a105714c6baaf04ab", "number": "8666682551", "date": "2021-01-24 12:01:00", "subject": "11", "recorded-or-robo": "Y", "city": "Fenton", "state": "MO", "area-code": "314"}, {"id": "03e293b3df9e35eadf15c561194542d0", "number": "8666682551", "date": "2021-01-24 12:01:00", "subject": "11", "recorded-or-robo": "Y", "city": "Fenton", "state": "MO", "area-code": "314"}, {"id": "3decc6bfadaa436a105714c6baaf0037", "number": "8022662773", "date": "2021-01-21 15:29:00", "subject": "4", "recorded-or-robo": "Y", "city": "Jericho", "state": "VT", "area-code": "802"}, {"id": "03e293b3df9e35eadf15c56119453b5d", "number": "8022662773", "date": "2021-01-21 15:29:00", "subject": "4", "recorded-or-robo": "Y", "city": "Jericho", "state": "VT", "area-code": "802"}, {"id": "3decc6bfadaa436a105714c6baaef358", "number": "", "date": "2021-01-24 13:39:00", "subject": "1", "recorded-or-robo": "Y", "city": "Macon", "state": "MO", "area-code": "660"}, {"id": "03e293b3df9e35eadf15c56119453818", "number": "", "date": "2021-01-24 13:39:00", "subject": "1", "recorded-or-robo": "Y", "city": "Macon", "state": "MO", "area-code": "660"}, {"id": "3decc6bfadaa436a105714c6baaeea77", "number": "3152328257", "date": "2021-01-23 01:00:00", "subject": "2", "recorded-or-robo": "Y", "city": "Richland", "state": "WA", "area-code": "509"}, {"id": "03e293b3df9e35eadf15c56119452e5e", "number": "3152328257", "date": "2021-01-23 01:00:00", "subject": "2", "recorded-or-robo": "Y", "city": "Richland", "state": "WA", "area-code": "509"}, {"id": "3decc6bfadaa436a105714c6baaedc71", "number": "2152328257", "date": "2021-01-24 14:00:00", "subject": "2", "recorded-or-robo": "Y", "city": "Great Mills", "state": "MD", "area-code": "301"}, {"id": "03e293b3df9e35eadf15c5611945284f", "number": "2152328257", "date": "2021-01-24 14:00:00", "subject": "2", "recorded-or-robo": "Y", "city": "Great Mills", "state": "MD", "area-code": "301"}, {"id": "3decc6bfadaa436a105714c6baaecf36", "number": "3145745034", "date": "2021-01-24 00:00:00", "subject": "2", "recorded-or-robo": "Y", "city": "Imperial", "state": "MO", "area-code": "314"}, {"id": "03e293b3df9e35eadf15c56119452263", "number": "3145745034", "date": "2021-01-24 00:00:00", "subject": "2", "recorded-or-robo": "Y", "city": "Imperial", "state": "MO", "area-code": "314"}, {"id": "3decc6bfadaa436a105714c6baaeca94", "number": "727564499", "date": "2021-01-24 13:43:00", "subject": "1", "recorded-or-robo": "Y", "city": "St Petersburg", "state": "FL", "area-code": "727"}, {"id": "03e293b3df9e35eadf15c56119451ef5", "number": "727564499", "date": "2021-01-24 13:43:00", "subject": "1", "recorded-or-robo": "Y", "city": "St Petersburg", "state": "FL", "area-code": "727"}, {"id": "3decc6bfadaa436a105714c6baaec91b", "number": "8003837214", "date": "2021-01-24 12:20:00", "subject": "2", "recorded-or-robo": "", "city": "Wichita", "state": "KS", "area-code": "316"}, {"id": "03e293b3df9e35eadf15c561194510c0", "number": "8003837214", "date": "2021-01-24 12:20:00", "subject": "2", "recorded-or-robo": "", "city": "Wichita", "state": "KS", "area-code": "316"}, {"id": "3decc6bfadaa436a105714c6baaebac3", "number": "3852845689", "date": "2021-01-24 12:29:00", "subject": "1", "recorded-or-robo": "Y", "city": "", "state": "GA", "area-code": "912"}, {"id": "03e293b3df9e35eadf15c56119450dfb", "number": "3852845689", "date": "2021-01-24 12:29:00", "subject": "1", "recorded-or-robo": "Y", "city": "", "state": "GA", "area-code": "912"}, {"id": "3decc6bfadaa436a105714c6baaeaf43", "number": "9108359734", "date": "2021-01-23 18:53:00", "subject": "0", "recorded-or-robo": "Y", "city": "", "state": "SC", "area-code": "843"}, {"id": "03e293b3df9e35eadf15c561194505d3", "number": "9108359734", "date": "2021-01-23 18:53:00", "subject": "0", "recorded-or-robo": "Y", "city": "", "state": "SC", "area-code": "843"}, {"id": "3decc6bfadaa436a105714c6baaea7de", "number": "3148394329", "date": "2021-01-11 12:00:00", "subject": "1", "recorded-or-robo": "Y", "city": "", "state": "MO", "area-code": "314"}, {"id": "03e293b3df9e35eadf15c5611944feab", "number": "3148394329", "date": "2021-01-11 12:00:00", "subject": "1", "recorded-or-robo": "Y", "city": "", "state": "MO", "area-code": "314"}, {"id": "3decc6bfadaa436a105714c6baaea5d9", "number": "2078273746", "date": "2021-01-24 13:50:00", "subject": "1", "recorded-or-robo": "Y", "city": "Old Town", "state": "ME", "area-code": "207"}, {"id": "03e293b3df9e35eadf15c5611944f6a1", "number": "2078273746", "date": "2021-01-24 13:50:00", "subject": "1", "recorded-or-robo": "Y", "city": "Old Town", "state": "ME", "area-code": "207"}, {"id": "3decc6bfadaa436a105714c6baae962c", "number": "", "date": "2021-01-24 13:53:00", "subject": "2", "recorded-or-robo": "Y", "city": "Saint Petersburg", "state": "FL", "area-code": "727"}, {"id": "03e293b3df9e35eadf15c5611944ea53", "number": "", "date": "2021-01-24 13:53:00", "subject": "2", "recorded-or-robo": "Y", "city": "Saint Petersburg", "state": "FL", "area-code": "727"}]}