{"data": [{"id": "3decc6bfadaa436a105714c6baadb746", "number": "7048127638", "date": "2021-01-23 11:18:00", "subject": "2", "recorded-or-robo": "Y", "city": "Shelby", "state": "NC", "area-code": "704"}, {"id": "03e293b3df9e35eadf15c56119441db0", "number": "7048127638", "date": "2021-01-23 11:18:00", "subject": "2", "recorded-or-robo": "Y", "city": "Shelby", "state": "NC", "area-code": "704"}, {"id": "3decc6bfadaa436a105714c6baadb61a", "number": "7272375447", "date": "2021-01-24 14:30:00", "subject": "1", "recorded-or-robo": "Y", "city": "New Port Richey", "state": "FL", "area-code": "727"}, {"id": "03e293b3df9e35eadf15c56119440f82", "number": "7272375447", "date": "2021-01-24 14:30:00", "subject": "1", "recorded-or-robo": "Y", "city": "New Port Richey", "state": "FL", "area-code": "727"}, {"id": "3decc6bfadaa436a105714c6baadb1cc", "number": "6196378291", "date": "2021-01-09 09:21:00", "subject": "4", "recorded-or-robo": "Y", "city": "San Marcos", "state": "CA", "area-code": "619"}, {"id": "03e293b3df9e35eadf15c561194402e7", "number": "6196378291", "date": "2021-01-09 09:21:00", "subject": "4", "recorded-or-robo": "Y", "city": "San Marcos", "state": "CA", "area-code": "619"}, {"id": "3decc6bfadaa436a105714c6baada934", "number": "3022898566", "date": "2021-01-24 14:32:00", "subject": "0", "recorded-or-robo": "Y", "city": "", "state": "DE", "area-code": "302"}, {"id": "03e293b3df9e35eadf15c5611943fd45", "number": "3022898566", "date": "2021-01-24 14:32:00", "subject": "0", "recorded-or-robo": "Y", "city": "", "state": "DE", "area-code": "302"}, {"id": "3decc6bfadaa436a105714c6baada173", "number": "7044435960", "date": "2021-01-23 16:29:00", "subject": "2", "recorded-or-robo": "Y", "city": "Shelby", "state": "NC", "area-code": "704"}, {"id": "03e293b3df9e35eadf15c5611943f02a", "number": "7044435960", "date": "2021-01-23 16:29:00", "subject": "2", "recorded-or-robo": "Y", "city": "Shelby", "state": "NC", "area-code": "704"}, {"id": "3decc6bfadaa436a105714c6baad9b55", "number": "2067363543", "date": "2021-01-24 11:29:00", "subject": "3", "recorded-or-robo": "Y", "city": "Seattle", "state": "WA", "area-code": "206"}, {"id": "03e293b3df9e35eadf15c5611943eb65", "number": "2067363543", "date": "2021-01-24 11:29:00", "subject": "3", "recorded-or-robo": "Y", "city": "Seattle", "state": "WA", "area-code": "206"}, {"id": "3decc6bfadaa436a105714c6baad95f6", "number": "3022625753", "date": "2021-01-23 17:34:00", "subject": "2", "recorded-or-robo": "Y", "city": "Newark", "state": "DE", "area-code": "302"}, {"id": "03e293b3df9e35eadf15c5611943df59", "number": "3022625753", "date": "2021-01-23 17:34:00", "subject": "2", "recorded-or-robo": "Y", "city": "Newark", "state": "DE", "area-code": "302"}, {"id": "3decc6bfadaa436a105714c6baad9559", "number": "7149855575", "date": "2021-01-07 10:42:00", "subject": "4", "recorded-or-robo": "Y", "city": "San Marcos", "state": "CA", "area-code": "619"}, {"id": "03e293b3df9e35eadf15c5611943d70e", "number": "7149855575", "date": "2021-01-07 10:42:00", "subject": "4", "recorded-or-robo": "Y", "city": "San Marcos", "state": "CA", "area-code": "619"}, {"id": "3decc6bfadaa436a105714c6baad89ae", "number": "8556784267", "date": "2021-01-24 10:54:00", "subject": "2", "recorded-or-robo": "Y", "city": "Osceola", "state": "IN", "area-code": "574"}, {"id": "03e293b3df9e35eadf15c5611943ca0f", "number": "8556784267", "date": "2021-01-24 10:54:00", "subject": "2", "recorded-or-robo": "Y", "city": "Osceola", "state": "IN", "area-code": "574"}, {"id": "3decc6bfadaa436a105714c6baad8548", "number": "5099286193", "date": "2021-01-24 08:01:00", "subject": "1", "recorded-or-robo": "Y", "city": "Spokane Valley", "state": "WA", "area-code": "509"}, {"id": "03e293b3df9e35eadf15c5611943bb8a", "number": "5099286193", "date": "2021-01-24 08:01:00", "subject": "1", "recorded-or-robo": "Y", "city": "Spokane Valley", "state": "WA", "area-code": "509"}, {"id": "3decc6bfadaa436a105714c6baad7bfc", "number": "3145885491", "date": "2021-01-24 12:00:00", "subject": "2", "recorded-or-robo": "Y", "city": "", "state": "", "area-code": "314"}, {"id": "03e293b3df9e35eadf15c5611943b7a5", "number": "3145885491", "date": "2021-01-24 12:00:00", "subject": "2", "recorded-or-robo": "Y", "city": "", "state": "", "area-code": "314"}, {"id": "3decc6bfadaa436a105714c6baad7af0", "number": "3152328257", "date": "2021-01-22 12:00:00", "subject": "1", "recorded-or-robo": "Y", "city": "Kent", "state": "WA", "area-code": "253"}, {"id": "03e293b3df9e35eadf15c5611943ace8", "number": "3152328257", "date": "2021-01-22 12:00:00", "subject": "1", "recorded-or-robo": "Y", "city": "Kent", "state": "WA", "area-code": "253"}, {"id": "3decc6bfadaa436a105714c6baad7179", "number": "8327401143", "date": "2021-01-21 15:34:00", "subject": "0", "recorded-or-robo": "Y", "city": "ASH LAND CITY", "state": "TN", "area-code": "615"}, {"id": "03e293b3df9e35eadf15c5611943a1da", "number": "8327401143", "date": "2021-01-21 15:34:00", "subject": "0", "recorded-or-robo": "Y", "city": "ASH LAND CITY", "state": "TN", "area-code": "615"}, {"id": "3decc6bfadaa436a105714c6baad669d", "number": "2485476535", "date": "2021-01-23 19:30:00", "subject": "2", "recorded-or-robo": "Y", "city": "Berkley", "state": "MI", "area-code": "248"}, {"id": "03e293b3df9e35eadf15c56119439579", "number": "2485476535", "date": "2021-01-23 19:30:00", "subject": "2", "recorded-or-robo": "Y", "city": "Berkley", "state": "MI", "area-code": "248"}, {"id": "3decc6bfadaa436a105714c6baad5c7e", "number": "8882804331", "date": "2021-01-24 13:53:00", "subject": "3", "recorded-or-robo": "N", "city": "baltimore", "state": "MD", "area-code": "410"}, {"id": "03e293b3df9e35eadf15c5611943928d", "number": "8882804331", "date": "2021-01-24 13:53:00", "subject": "3", "recorded-or-robo": "N", "city": "baltimore", "state": "MD", "area-code": "410"}, {"id": "3decc6bfadaa436a105714c6baad4f86", "number": "5624337048", "date": "2021-01-21 07:01:00", "subject": "2", "recorded-or-robo": "N", "city": "Long Beach", "state": "CA", "area-code": "562"}, {"id": "03e293b3df9e35eadf15c56119438429", "number": "5624337048", "date": "2021-01-21 07:01:00", "subject": "2", "recorded-or-robo": "N", "city": "Long Beach", "state": "CA", "area-code": "562"}, {"id": "3decc6bfadaa436a105714c6baad4e62", "number": "9044673908", "date": "2021-01-24 04:40:00", "subject": "2", "recorded-or-robo": "N", "city": "Jacksonville", "state": "FL", "area-code": "904"}, {"id": "03e293b3df9e35eadf15c561194381f7", "number": "9044673908", "date": "2021-01-24 04:40:00", "subject": "2", "recorded-or-robo": "N", "city": "Jacksonville", "state": "FL", "area-code": "904"}, {"id": "3decc6bfadaa436a105714c6baad4b46", "number": "5626325107", "date": "2021-01-24 10:58:00", "subject": "0", "recorded-or-robo": "Y", "city": "Fernandina Beack", "state": "FL", "area-code": "561"}, {"id": "03e293b3df9e35eadf15c56119437918", "number": "5626325107", "date": "2021-01-24 10:58:00", "subject": "0", "recorded-or-robo": "Y", "city": "Fernandina Beack", "state": "FL", "area-code": "561"}, {"id": "3decc6bfadaa436a105714c6baad3c08", "number": "6622422584", "date": "2021-01-21 13:23:00", "subject": "2", "recorded-or-robo": "Y", "city": "ASH LAND CITY", "state": "TN", "area-code": "615"}, {"id": "03e293b3df9e35eadf15c56119437323", "number": "6622422584", "date": "2021-01-21 13:23:00", "subject": "2", "recorded-or-robo": "Y", "city": "ASH LAND CITY", "state": "TN", "area-code": "615"}, {"id": "3decc6bfadaa436a105714c6baad3974", "number": "8801700807068", "date": "2021-01-24 11:29:00", "subject": "2", "recorded-or-robo": "Y", "city": "Bellevue", "state": "WA", "area-code": "425"}, {"id": "03e293b3df9e35eadf15c56119436b50", "number": "8801700807068", "date": "2021-01-24 11:29:00", "subject": "2", "recorded-or-robo": "Y", "city": "Bellevue", "state": "WA", "area-code": "425"}, {"id": "3decc6bfadaa436a105714c6baad310f", "number": "7015159311", "date": "2021-01-22 09:41:00", "subject": "1", "recorded-or-robo": "Y", "city": "Grand Prairie", "state": "TX", "area-code": "951"}, {"id": "03e293b3df9e35eadf15c561194361eb", "number": "7015159311", "date": "2021-01-22 09:41:00", "subject": "1", "recorded-or-robo": "Y", "city": "Grand Prairie", "state": "TX", "area-code": "951"}, {"id": "3decc6bfadaa436a105714c6baad30a8", "number": "8556987001", "date": "2021-01-24 12:37:00", "subject": "1", "recorded-or-robo": "Y", "city": "Shrewsbury", "state": "MO", "area-code": "314"}, {"id": "03e293b3df9e35eadf15c56119435590", "number": "8556987001", "date": "2021-01-24 12:37:00", "subject": "1", "recorded-or-robo": "Y", "city": "Shrewsbury", "state": "MO", "area-code": "314"}, {"id": "3decc6bfadaa436a105714c6baad303a", "number": "5104224613", "date": "2021-01-19 10:15:00", "subject": "2", "recorded-or-robo": "", "city": "", "state": "CA", "area-code": "530"}, {"id": "03e293b3df9e35eadf15c56119434f20", "number": "5104224613", "date": "2021-01-19 10:15:00", "subject": "2", "recorded-or-robo": "", "city": "", "state": "CA", "area-code": "530"}, {"id": "3decc6bfadaa436a105714c6baad22d4", "number": "9163161962", "date": "2020-12-18 11:20:00", "subject": "2", "recorded-or-robo": "N", "city": "", "state": "CA", "area-code": "530"}, {"id": "03e293b3df9e35eadf15c56119434584", "number": "9163161962", "date": "2020-12-18 11:20:00", "subject": "2", "recorded-or-robo": "N", "city": "", "state": "CA", "area-code": "530"}, {"id": "3decc6bfadaa436a105714c6baad1b59", "number": "8135466488", "date": "2021-01-24 14:22:00", "subject": "2", "recorded-or-robo": "Y", "city": "Tampa", "state": "FL", "area-code": "813"}, {"id": "03e293b3df9e35eadf15c561194336dd", "number": "8135466488", "date": "2021-01-24 14:22:00", "subject": "2", "recorded-or-robo": "Y", "city": "Tampa", "state": "FL", "area-code": "813"}]}