{"data": [{"id": "03e293b3df9e35eadf15c561195be73c", "number": "4254242433", "date": "2021-01-24 00:00:00", "subject": "7\n", "recorded-or-robo": "Y", "city": "Salt Lake City", "state": "UT", "area-code": "425"}, {"id": "03e293b3df9e35eadf15c561195bd9ab", "number": "2017750924", "date": "2021-01-19 16:50:00", "subject": "2\n", "recorded-or-robo": "", "city": "Hasbrouck Heights", "state": "NJ", "area-code": "201"}, {"id": "03e293b3df9e35eadf15c561195bd889", "number": "3182523085", "date": "2021-01-20 19:32:00", "subject": "2\n", "recorded-or-robo": "Y", "city": "Fort Mill", "state": "KY", "area-code": "502"}, {"id": "03e293b3df9e35eadf15c561195bccef", "number": "2012922663", "date": "2021-01-19 18:43:00", "subject": "2\n", "recorded-or-robo": "", "city": "Hasbrouck Heights", "state": "NJ", "area-code": "201"}, {"id": "03e293b3df9e35eadf15c561195bbd3c", "number": "9412135513", "date": "2021-01-23 11:07:00", "subject": "2\n", "recorded-or-robo": "Y", "city": "", "state": "DE", "area-code": "302"}, {"id": "03e293b3df9e35eadf15c561195bae7d", "number": "2012700254", "date": "2021-01-20 10:35:00", "subject": "2\n", "recorded-or-robo": "", "city": "Hasbrouck Heights", "state": "NJ", "area-code": "201"}, {"id": "03e293b3df9e35eadf15c561195ba737", "number": "7737957370", "date": "2021-01-24 18:29:00", "subject": "3\n", "recorded-or-robo": "Y", "city": "NEW YORK", "state": "NY", "area-code": "212"}, {"id": "03e293b3df9e35eadf15c561195ba2a8", "number": "5419091222", "date": "2021-01-24 18:25:00", "subject": "2\n", "recorded-or-robo": "Y", "city": "Fort Mill", "state": "SC", "area-code": "502"}, {"id": "03e293b3df9e35eadf15c561195b9701", "number": "", "date": "2021-01-24 12:30:00", "subject": "11\n", "recorded-or-robo": "Y", "city": "", "state": "IN", "area-code": "317"}, {"id": "03e293b3df9e35eadf15c561195b8748", "number": "2012363239", "date": "2021-01-20 11:06:00", "subject": "2\n", "recorded-or-robo": "", "city": "Hasbrouck Heights", "state": "NJ", "area-code": "201"}, {"id": "03e293b3df9e35eadf15c561195b825f", "number": "3152328257", "date": "2021-01-24 18:30:00", "subject": "2\n", "recorded-or-robo": "Y", "city": "", "state": "OH", "area-code": "740"}, {"id": "03e293b3df9e35eadf15c561195b8039", "number": "8082130835", "date": "2021-01-21 18:48:00", "subject": "2\n", "recorded-or-robo": "Y", "city": "", "state": "DE", "area-code": "302"}, {"id": "03e293b3df9e35eadf15c561195b6b12", "number": "6672267437", "date": "2021-01-19 10:36:00", "subject": "3\n", "recorded-or-robo": "", "city": "", "state": "OR", "area-code": "503"}, {"id": "03e293b3df9e35eadf15c561195b79d7", "number": "6604413066", "date": "2021-01-24 17:19:00", "subject": "2\n", "recorded-or-robo": "Y", "city": "Warrensburg", "state": "MO", "area-code": "660"}, {"id": "03e293b3df9e35eadf15c561195b6986", "number": "8556783003", "date": "2021-01-24 17:09:00", "subject": "11\n", "recorded-or-robo": "Y", "city": "Bentonville", "state": "AR", "area-code": "503"}, {"id": "03e293b3df9e35eadf15c561195b66d4", "number": "3143634923", "date": "2021-01-24 13:30:00", "subject": "1\n", "recorded-or-robo": "Y", "city": "St Louis", "state": "MO", "area-code": "314"}, {"id": "03e293b3df9e35eadf15c561195b5f75", "number": "5202779226", "date": "2021-01-20 13:30:00", "subject": "2\n", "recorded-or-robo": "Y", "city": "", "state": "DE", "area-code": "302"}, {"id": "03e293b3df9e35eadf15c561195b5ce3", "number": "8056377243", "date": "2021-01-24 17:37:00", "subject": "4\n", "recorded-or-robo": "Y", "city": "LINCOLN", "state": "NE", "area-code": "805"}, {"id": "03e293b3df9e35eadf15c561195b4498", "number": "5033952178", "date": "2021-01-19 11:42:00", "subject": "3\n", "recorded-or-robo": "", "city": "", "state": "OR", "area-code": "503"}, {"id": "03e293b3df9e35eadf15c561195b547e", "number": "3143638673", "date": "2021-01-24 13:53:00", "subject": "1\n", "recorded-or-robo": "Y", "city": "St Louis", "state": "MO", "area-code": "314"}, {"id": "03e293b3df9e35eadf15c561195b50e0", "number": "4697976676", "date": "2021-01-24 11:50:00", "subject": "2\n", "recorded-or-robo": "N", "city": "Chickasha", "state": "OK", "area-code": "360"}, {"id": "03e293b3df9e35eadf15c561195b4329", "number": "5512711399", "date": "2021-01-24 18:28:00", "subject": "0\n", "recorded-or-robo": "", "city": "", "state": "NJ", "area-code": "201"}, {"id": "03e293b3df9e35eadf15c561195b406e", "number": "3143634959", "date": "2021-01-24 14:00:00", "subject": "1\n", "recorded-or-robo": "Y", "city": "St Louis", "state": "MO", "area-code": "314"}, {"id": "03e293b3df9e35eadf15c561195b3092", "number": "7724475702", "date": "2021-01-22 15:59:00", "subject": "3\n", "recorded-or-robo": "Y", "city": "", "state": "FL", "area-code": "772"}, {"id": "03e293b3df9e35eadf15c561195b2a32", "number": "6162078888", "date": "2021-01-24 17:56:00", "subject": "2\n", "recorded-or-robo": "", "city": "", "state": "MI", "area-code": "616"}, {"id": "03e293b3df9e35eadf15c561195b2622", "number": "3143635332", "date": "2021-01-24 14:15:00", "subject": "1\n", "recorded-or-robo": "Y", "city": "St Louis", "state": "MO", "area-code": "314"}, {"id": "03e293b3df9e35eadf15c561195b1cf4", "number": "2396881036", "date": "2021-01-23 13:25:00", "subject": "3\n", "recorded-or-robo": "Y", "city": "", "state": "FL", "area-code": "772"}, {"id": "03e293b3df9e35eadf15c561195b12d0", "number": "3143637547", "date": "2021-01-24 14:37:00", "subject": "1\n", "recorded-or-robo": "Y", "city": "St Louis", "state": "MO", "area-code": "314"}, {"id": "03e293b3df9e35eadf15c561195b0b59", "number": "4405423014", "date": "2021-01-24 18:24:00", "subject": "1\n", "recorded-or-robo": "Y", "city": "", "state": "OH", "area-code": "440"}, {"id": "03e293b3df9e35eadf15c561195b09c5", "number": "6079672284", "date": "2021-01-24 18:23:00", "subject": "1\n", "recorded-or-robo": "Y", "city": "", "state": "NY", "area-code": "607"}, {"id": "03e293b3df9e35eadf15c561195afc92", "number": "2396881594", "date": "2021-01-23 13:31:00", "subject": "3\n", "recorded-or-robo": "Y", "city": "", "state": "FL", "area-code": "772"}, {"id": "03e293b3df9e35eadf15c561195af6f8", "number": "2063337641", "date": "2021-01-24 03:00:00", "subject": "2\n", "recorded-or-robo": "N", "city": "Trinity", "state": "FL", "area-code": "727"}, {"id": "03e293b3df9e35eadf15c561195aeb2e", "number": "8556783003", "date": "2021-01-24 17:09:00", "subject": "1\n", "recorded-or-robo": "Y", "city": "Bentonville", "state": "AR", "area-code": "503"}, {"id": "03e293b3df9e35eadf15c561195aea71", "number": "", "date": "2021-01-24 16:41:00", "subject": "1\n", "recorded-or-robo": "Y", "city": "Warrensburg", "state": "MO", "area-code": "660"}, {"id": "03e293b3df9e35eadf15c561195aea50", "number": "4417902", "date": "2021-01-13 11:04:00", "subject": "2\n", "recorded-or-robo": "Y", "city": "Winchester", "state": "KY", "area-code": "859"}, {"id": "03e293b3df9e35eadf15c561195ae133", "number": "2316802492", "date": "2021-01-24 18:06:00", "subject": "0\n", "recorded-or-robo": "Y", "city": "", "state": "", "area-code": "866"}, {"id": "03e293b3df9e35eadf15c561195ad96b", "number": "", "date": "2021-01-24 15:26:00", "subject": "1\n", "recorded-or-robo": "Y", "city": "Ballwin", "state": "MO", "area-code": "314"}, {"id": "03e293b3df9e35eadf15c561195acf4a", "number": "4417902", "date": "2021-01-13 11:04:00", "subject": "2\n", "recorded-or-robo": "Y", "city": "Winchester", "state": "KY", "area-code": "859"}, {"id": "03e293b3df9e35eadf15c561195ac5df", "number": "3143636933", "date": "2021-01-24 17:20:00", "subject": "1\n", "recorded-or-robo": "Y", "city": "St Louis", "state": "MO", "area-code": "314"}, {"id": "03e293b3df9e35eadf15c561195abaaf", "number": "2053581", "date": "2021-01-13 13:17:00", "subject": "2\n", "recorded-or-robo": "Y", "city": "Winchester", "state": "KY", "area-code": "859"}, {"id": "03e293b3df9e35eadf15c561195ab201", "number": "7203173563", "date": "2021-01-18 13:56:00", "subject": "2\n", "recorded-or-robo": "Y", "city": "Irving", "state": "TX", "area-code": "972"}, {"id": "03e293b3df9e35eadf15c561195aab90", "number": "3758176", "date": "2021-01-13 18:18:00", "subject": "2\n", "recorded-or-robo": "Y", "city": "Winchester", "state": "KY", "area-code": "859"}, {"id": "03e293b3df9e35eadf15c561195aa7eb", "number": "8089835832", "date": "2021-01-22 11:30:00", "subject": "2\n", "recorded-or-robo": "N", "city": "Kailua", "state": "HI", "area-code": "808"}, {"id": "03e293b3df9e35eadf15c561195a9d31", "number": "0153771", "date": "2021-01-14 10:19:00", "subject": "2\n", "recorded-or-robo": "Y", "city": "Winchester", "state": "KY", "area-code": "859"}, {"id": "03e293b3df9e35eadf15c561195a95eb", "number": "2017750780", "date": "2021-01-20 11:10:00", "subject": "2\n", "recorded-or-robo": "", "city": "Hasbrouck Heights", "state": "NJ", "area-code": "201"}, {"id": "03e293b3df9e35eadf15c561195a9458", "number": "2012897882", "date": "2021-01-20 11:54:00", "subject": "2\n", "recorded-or-robo": "", "city": "Hasbrouck Heights", "state": "NJ", "area-code": "201"}, {"id": "03e293b3df9e35eadf15c561195a846a", "number": "9101917", "date": "2021-01-16 11:04:00", "subject": "2\n", "recorded-or-robo": "Y", "city": "Winchester", "state": "KY", "area-code": "859"}, {"id": "03e293b3df9e35eadf15c561195a76e7", "number": "6074341762", "date": "2021-01-24 18:07:00", "subject": "2\n", "recorded-or-robo": "Y", "city": "Clinton", "state": "NY", "area-code": "607"}, {"id": "03e293b3df9e35eadf15c561195a73db", "number": "8084707186", "date": "2021-01-22 11:54:00", "subject": "0\n", "recorded-or-robo": "N", "city": "", "state": "HI", "area-code": "808"}, {"id": "03e293b3df9e35eadf15c561195a6894", "number": "2012884704", "date": "2021-01-20 13:06:00", "subject": "2\n", "recorded-or-robo": "", "city": "Hasbrouck Heights", "state": "NJ", "area-code": "201"}]}