{"data": [{"id": "03e293b3df9e35eadf15c561193bd920", "number": "6602989696", "date": "2021-01-24 11:00:00", "subject": "1\n", "recorded-or-robo": "Y", "city": "Tipton", "state": "MO", "area-code": "660"}, {"id": "03e293b3df9e35eadf15c561193bd57e", "number": "9292832566", "date": "2020-09-28 19:07:00", "subject": "3\n", "recorded-or-robo": "Y", "city": "", "state": "NJ", "area-code": "201"}, {"id": "03e293b3df9e35eadf15c561193bd4fa", "number": "7272611564", "date": "2021-01-22 10:39:00", "subject": "2\n", "recorded-or-robo": "Y", "city": "Clearwater", "state": "FL", "area-code": "727"}, {"id": "03e293b3df9e35eadf15c561193bc744", "number": "7208991350", "date": "2021-01-24 10:17:00", "subject": "1\n", "recorded-or-robo": "Y", "city": "Boulder", "state": "CO", "area-code": "303"}, {"id": "03e293b3df9e35eadf15c561193bb814", "number": "8138504220", "date": "2021-01-22 17:26:00", "subject": "2\n", "recorded-or-robo": "N", "city": "tampa", "state": "FL", "area-code": "813"}, {"id": "03e293b3df9e35eadf15c561193baa09", "number": "3522041990", "date": "2021-01-24 07:00:00", "subject": "2\n", "recorded-or-robo": "N", "city": "", "state": "GA", "area-code": "404"}, {"id": "03e293b3df9e35eadf15c561193ba167", "number": "", "date": "2021-01-24 11:30:00", "subject": "1\n", "recorded-or-robo": "Y", "city": "North Grafton", "state": "MA", "area-code": "813"}, {"id": "03e293b3df9e35eadf15c561193b9f98", "number": "3165408336", "date": "2021-01-22 12:24:00", "subject": "2\n", "recorded-or-robo": "Y", "city": "Clearwater", "state": "FL", "area-code": "727"}, {"id": "03e293b3df9e35eadf15c561193b9702", "number": "3152328257", "date": "2021-01-22 12:00:00", "subject": "1\n", "recorded-or-robo": "Y", "city": "New Carlisle", "state": "IN", "area-code": "574"}, {"id": "03e293b3df9e35eadf15c561193b9641", "number": "5302328844", "date": "2021-01-21 09:37:00", "subject": "2\n", "recorded-or-robo": "Y", "city": "LOS ALTOS", "state": "CA", "area-code": "650"}, {"id": "03e293b3df9e35eadf15c561193b9012", "number": "9542396960", "date": "2021-01-22 14:29:00", "subject": "2\n", "recorded-or-robo": "Y", "city": "Clearwater", "state": "FL", "area-code": "727"}, {"id": "03e293b3df9e35eadf15c561193b8857", "number": "3152328257", "date": "2021-01-24 10:03:00", "subject": "11\n", "recorded-or-robo": "Y", "city": "North Liberty", "state": "IN", "area-code": "574"}, {"id": "03e293b3df9e35eadf15c561193b83c6", "number": "3152328257", "date": "2021-01-24 10:18:00", "subject": "1\n", "recorded-or-robo": "Y", "city": "SAINT CHARLES", "state": "MO", "area-code": "855"}, {"id": "03e293b3df9e35eadf15c561193b7817", "number": "2562008933", "date": "2021-01-24 13:30:00", "subject": "3\n", "recorded-or-robo": "Y", "city": "", "state": "FL", "area-code": "941"}, {"id": "03e293b3df9e35eadf15c561193b6daa", "number": "9317163077", "date": "2021-01-22 16:58:00", "subject": "2\n", "recorded-or-robo": "N", "city": "tampa", "state": "FL", "area-code": "813"}, {"id": "03e293b3df9e35eadf15c561193b696b", "number": "6508990026", "date": "2021-01-21 13:48:00", "subject": "2\n", "recorded-or-robo": "Y", "city": "LOS ALTOS", "state": "CA", "area-code": "650"}, {"id": "03e293b3df9e35eadf15c561193b5c83", "number": "5623060160", "date": "2021-01-21 14:36:00", "subject": "2\n", "recorded-or-robo": "Y", "city": "LOS ALTOS", "state": "CA", "area-code": "650"}, {"id": "03e293b3df9e35eadf15c561193b4e7c", "number": "9103953658", "date": "2021-01-21 10:12:00", "subject": "4\n", "recorded-or-robo": "Y", "city": "fayetteville", "state": "NC", "area-code": "910"}, {"id": "03e293b3df9e35eadf15c561193b40bc", "number": "7409644337", "date": "2021-01-24 13:34:00", "subject": "0\n", "recorded-or-robo": "Y", "city": "Pickerington", "state": "OH", "area-code": "740"}, {"id": "03e293b3df9e35eadf15c561193b352b", "number": "5052300832", "date": "2021-01-22 14:41:00", "subject": "6\n", "recorded-or-robo": "Y", "city": "Clearwater", "state": "FL", "area-code": "727"}, {"id": "03e293b3df9e35eadf15c561193b338d", "number": "6154065328", "date": "2021-01-24 11:24:00", "subject": "2\n", "recorded-or-robo": "Y", "city": "Zephyrhills", "state": "FL", "area-code": "813"}, {"id": "03e293b3df9e35eadf15c561193b2b04", "number": "8442049279", "date": "2021-01-24 13:30:00", "subject": "1\n", "recorded-or-robo": "Y", "city": "", "state": "FL", "area-code": "941"}, {"id": "03e293b3df9e35eadf15c561193b1b9b", "number": "2542712755", "date": "2021-01-23 09:21:00", "subject": "2\n", "recorded-or-robo": "N", "city": "tampa", "state": "FL", "area-code": "813"}, {"id": "03e293b3df9e35eadf15c561193b0e7d", "number": "3308241243", "date": "2021-01-24 12:23:00", "subject": "3\n", "recorded-or-robo": "N", "city": "", "state": "OH", "area-code": "330"}, {"id": "03e293b3df9e35eadf15c561193b0086", "number": "5043696727", "date": "2021-01-22 08:13:00", "subject": "2\n", "recorded-or-robo": "Y", "city": "LOS ALTOS", "state": "CA", "area-code": "650"}, {"id": "03e293b3df9e35eadf15c561193af99c", "number": "", "date": "2021-01-24 12:00:00", "subject": "8\n", "recorded-or-robo": "Y", "city": "Naperville", "state": "IL", "area-code": "312"}, {"id": "03e293b3df9e35eadf15c561193aed39", "number": "8135415967", "date": "2021-01-24 12:42:00", "subject": "3\n", "recorded-or-robo": "Y", "city": "Riverview", "state": "FL", "area-code": "813"}, {"id": "03e293b3df9e35eadf15c561193ae596", "number": "5623060160", "date": "2021-01-22 08:15:00", "subject": "2\n", "recorded-or-robo": "Y", "city": "LOS ALTOS", "state": "CA", "area-code": "650"}, {"id": "03e293b3df9e35eadf15c561193ad8fa", "number": "7274485518", "date": "2021-01-22 14:42:00", "subject": "3\n", "recorded-or-robo": "Y", "city": "Clearwater", "state": "FL", "area-code": "727"}, {"id": "03e293b3df9e35eadf15c561193ad5d1", "number": "4098980226", "date": "2021-01-24 11:40:00", "subject": "11\n", "recorded-or-robo": "Y", "city": "BEAUMONT", "state": "TX", "area-code": "855"}, {"id": "03e293b3df9e35eadf15c561193acec3", "number": "40737672407", "date": "2021-01-24 13:28:00", "subject": "2\n", "recorded-or-robo": "Y", "city": "", "state": "FL", "area-code": "407"}, {"id": "03e293b3df9e35eadf15c561193acb10", "number": "4076524530", "date": "2020-11-15 11:57:00", "subject": "1\n", "recorded-or-robo": "Y", "city": "Lexington", "state": "TN", "area-code": "731"}, {"id": "03e293b3df9e35eadf15c561193abd94", "number": "9787923389", "date": "2021-01-22 13:24:00", "subject": "2\n", "recorded-or-robo": "Y", "city": "LOS ALTOS", "state": "CA", "area-code": "650"}, {"id": "03e293b3df9e35eadf15c561193abbe4", "number": "86692748668", "date": "2021-01-23 21:34:00", "subject": "2\n", "recorded-or-robo": "N", "city": "tampa", "state": "FL", "area-code": "813"}, {"id": "03e293b3df9e35eadf15c561193ab8cc", "number": "8801700583881", "date": "2021-01-24 00:00:00", "subject": "1\n", "recorded-or-robo": "Y", "city": "Mint Hill", "state": "FL", "area-code": "813"}, {"id": "03e293b3df9e35eadf15c561193aab0b", "number": "", "date": "2021-01-24 11:22:00", "subject": "2\n", "recorded-or-robo": "Y", "city": "Surprse", "state": "AZ", "area-code": "623"}, {"id": "03e293b3df9e35eadf15c561193aa2ab", "number": "5623060160", "date": "2021-01-22 14:56:00", "subject": "2\n", "recorded-or-robo": "Y", "city": "LOS ALTOS", "state": "CA", "area-code": "650"}, {"id": "03e293b3df9e35eadf15c561193a976f", "number": "", "date": "2021-01-24 12:00:00", "subject": "2\n", "recorded-or-robo": "Y", "city": "Pattonsburg", "state": "MO", "area-code": "660"}, {"id": "03e293b3df9e35eadf15c561193a8c5c", "number": "2029982908", "date": "2021-01-22 16:45:00", "subject": "2\n", "recorded-or-robo": "Y", "city": "LOS ALTOS", "state": "CA", "area-code": "650"}, {"id": "03e293b3df9e35eadf15c561193a87b4", "number": "8763973878", "date": "2021-01-23 11:35:00", "subject": "13\n", "recorded-or-robo": "N", "city": "Northport", "state": "AL", "area-code": "205"}, {"id": "03e293b3df9e35eadf15c561193a81aa", "number": "8667274868", "date": "2021-01-23 09:34:00", "subject": "2\n", "recorded-or-robo": "N", "city": "tampa", "state": "FL", "area-code": "813"}, {"id": "03e293b3df9e35eadf15c561193a78b3", "number": "", "date": "2021-01-24 12:00:00", "subject": "4\n", "recorded-or-robo": "Y", "city": "Brandon", "state": "FL", "area-code": "813"}, {"id": "03e293b3df9e35eadf15c561193a71f1", "number": "2064141040", "date": "2021-01-23 19:12:00", "subject": "13\n", "recorded-or-robo": "N", "city": "Lubbock", "state": "TX", "area-code": "806"}, {"id": "03e293b3df9e35eadf15c561193a6d4a", "number": "3145759413", "date": "2021-01-24 12:11:00", "subject": "2\n", "recorded-or-robo": "Y", "city": "", "state": "MO", "area-code": "314"}, {"id": "03e293b3df9e35eadf15c561193a6a16", "number": "8443256278", "date": "2021-01-22 14:47:00", "subject": "0\n", "recorded-or-robo": "Y", "city": "", "state": "IL", "area-code": "847"}, {"id": "03e293b3df9e35eadf15c561193a6227", "number": "6505675264", "date": "2021-01-22 18:52:00", "subject": "2\n", "recorded-or-robo": "Y", "city": "LOS ALTOS", "state": "CA", "area-code": "650"}, {"id": "03e293b3df9e35eadf15c561193a5a0e", "number": "2145486793", "date": "2021-01-23 10:12:00", "subject": "6\n", "recorded-or-robo": "Y", "city": "", "state": "NV", "area-code": "702"}, {"id": "03e293b3df9e35eadf15c561193a4fcf", "number": "8134778590", "date": "2021-01-24 12:38:00", "subject": "1\n", "recorded-or-robo": "Y", "city": "Mint Hill", "state": "FL", "area-code": "813"}, {"id": "03e293b3df9e35eadf15c561193a4a31", "number": "6097101398", "date": "2021-01-12 19:13:00", "subject": "0\n", "recorded-or-robo": "Y", "city": "", "state": "NJ", "area-code": "201"}, {"id": "03e293b3df9e35eadf15c561193a461e", "number": "7042669720", "date": "2021-01-07 15:52:00", "subject": "4\n", "recorded-or-robo": "N", "city": "", "state": "NC", "area-code": "704"}]}