{"data": [{"id": "03e293b3df9e35eadf15c5611944e356", "number": "7182456727", "date": "2021-01-24 00:00:00", "subject": "2\n", "recorded-or-robo": "Y", "city": "Plymouth", "state": "MN", "area-code": "763"}, {"id": "03e293b3df9e35eadf15c5611944d789", "number": "7044865548", "date": "2021-01-19 16:19:00", "subject": "2\n", "recorded-or-robo": "Y", "city": "Shelby", "state": "NC", "area-code": "704"}, {"id": "03e293b3df9e35eadf15c5611944d24d", "number": "7190662358", "date": "2021-01-15 08:01:00", "subject": "2\n", "recorded-or-robo": "", "city": "Long Beach", "state": "CA", "area-code": "562"}, {"id": "03e293b3df9e35eadf15c5611944c400", "number": "9104270560", "date": "2021-01-23 18:52:00", "subject": "0\n", "recorded-or-robo": "Y", "city": "", "state": "SC", "area-code": "843"}, {"id": "03e293b3df9e35eadf15c5611944b667", "number": "4103210264", "date": "2021-01-19 17:52:00", "subject": "3\n", "recorded-or-robo": "Y", "city": "Shelby", "state": "NC", "area-code": "704"}, {"id": "03e293b3df9e35eadf15c5611944aca8", "number": "9108432533", "date": "2021-01-22 17:52:00", "subject": "0\n", "recorded-or-robo": "Y", "city": "", "state": "SC", "area-code": "843"}, {"id": "03e293b3df9e35eadf15c5611944a852", "number": "9102484846", "date": "2021-01-20 10:06:00", "subject": "8\n", "recorded-or-robo": "Y", "city": "Shelby", "state": "NC", "area-code": "704"}, {"id": "03e293b3df9e35eadf15c56119449fbe", "number": "5862465055", "date": "2021-01-24 14:34:00", "subject": "3\n", "recorded-or-robo": "Y", "city": "", "state": "MI", "area-code": "586"}, {"id": "03e293b3df9e35eadf15c56119449647", "number": "7182448475", "date": "2021-01-24 13:21:00", "subject": "1\n", "recorded-or-robo": "Y", "city": "Plymouth", "state": "MN", "area-code": "763"}, {"id": "03e293b3df9e35eadf15c5611944955d", "number": "9104270560", "date": "2021-01-22 17:50:00", "subject": "0\n", "recorded-or-robo": "Y", "city": "", "state": "SC", "area-code": "843"}, {"id": "03e293b3df9e35eadf15c5611944923d", "number": "7044514871", "date": "2021-01-20 14:09:00", "subject": "2\n", "recorded-or-robo": "Y", "city": "Shelby", "state": "NC", "area-code": "704"}, {"id": "03e293b3df9e35eadf15c56119448f5c", "number": "7042457063", "date": "2021-01-20 17:04:00", "subject": "2\n", "recorded-or-robo": "Y", "city": "Shelby", "state": "NC", "area-code": "704"}, {"id": "03e293b3df9e35eadf15c56119448b5c", "number": "8853066998", "date": "2021-01-24 14:00:00", "subject": "0\n", "recorded-or-robo": "N", "city": "cheektowaga", "state": "NY", "area-code": "716"}, {"id": "03e293b3df9e35eadf15c5611944851a", "number": "5418092710", "date": "2021-01-21 19:01:00", "subject": "0\n", "recorded-or-robo": "Y", "city": "ELKTON", "state": "MD", "area-code": "410"}, {"id": "03e293b3df9e35eadf15c56119447996", "number": "6149289020", "date": "2021-01-19 14:17:00", "subject": "2\n", "recorded-or-robo": "Y", "city": "Reynoldsburg", "state": "OH", "area-code": "614"}, {"id": "03e293b3df9e35eadf15c56119446fa3", "number": "9108359734", "date": "2021-01-21 18:20:00", "subject": "0\n", "recorded-or-robo": "Y", "city": "", "state": "SC", "area-code": "843"}, {"id": "03e293b3df9e35eadf15c561194462a5", "number": "9374103650", "date": "2021-01-23 18:30:00", "subject": "4\n", "recorded-or-robo": "N", "city": "Cincinnati", "state": "OH", "area-code": "513"}, {"id": "03e293b3df9e35eadf15c5611944581a", "number": "3145678110", "date": "2021-01-24 13:34:00", "subject": "2\n", "recorded-or-robo": "Y", "city": "Frontenac", "state": "MO", "area-code": "314"}, {"id": "03e293b3df9e35eadf15c56119444fec", "number": "", "date": "2021-01-20 09:17:00", "subject": "7\n", "recorded-or-robo": "N", "city": "Laguna woods", "state": "CA", "area-code": "949"}, {"id": "03e293b3df9e35eadf15c56119444edf", "number": "7044701473", "date": "2021-01-22 21:05:00", "subject": "3\n", "recorded-or-robo": "Y", "city": "Shelby", "state": "NC", "area-code": "704"}, {"id": "03e293b3df9e35eadf15c5611944410b", "number": "7048008394", "date": "2021-01-22 14:30:00", "subject": "2\n", "recorded-or-robo": "Y", "city": "Shelby", "state": "NC", "area-code": "704"}, {"id": "03e293b3df9e35eadf15c56119443476", "number": "9108432533", "date": "2021-01-21 18:18:00", "subject": "0\n", "recorded-or-robo": "Y", "city": "", "state": "SC", "area-code": "843"}, {"id": "03e293b3df9e35eadf15c56119443227", "number": "4232532275", "date": "2021-01-21 14:18:00", "subject": "2\n", "recorded-or-robo": "Y", "city": "baltimore", "state": "MD", "area-code": "410"}, {"id": "03e293b3df9e35eadf15c56119442537", "number": "3088307442", "date": "2021-01-21 10:41:00", "subject": "2\n", "recorded-or-robo": "Y", "city": "ASH LAND CITY", "state": "TN", "area-code": "615"}, {"id": "03e293b3df9e35eadf15c56119441fdb", "number": "", "date": "2021-01-24 12:00:00", "subject": "1\n", "recorded-or-robo": "Y", "city": "St Louis", "state": "MO", "area-code": "314"}, {"id": "03e293b3df9e35eadf15c56119441db0", "number": "7048127638", "date": "2021-01-23 11:18:00", "subject": "2\n", "recorded-or-robo": "Y", "city": "Shelby", "state": "NC", "area-code": "704"}, {"id": "03e293b3df9e35eadf15c56119440f82", "number": "7272375447", "date": "2021-01-24 14:30:00", "subject": "1\n", "recorded-or-robo": "Y", "city": "New Port Richey", "state": "FL", "area-code": "727"}, {"id": "03e293b3df9e35eadf15c561194402e7", "number": "6196378291", "date": "2021-01-09 09:21:00", "subject": "4\n", "recorded-or-robo": "Y", "city": "San Marcos", "state": "CA", "area-code": "619"}, {"id": "03e293b3df9e35eadf15c5611943fd45", "number": "3022898566", "date": "2021-01-24 14:32:00", "subject": "0\n", "recorded-or-robo": "Y", "city": "", "state": "DE", "area-code": "302"}, {"id": "03e293b3df9e35eadf15c5611943f02a", "number": "7044435960", "date": "2021-01-23 16:29:00", "subject": "2\n", "recorded-or-robo": "Y", "city": "Shelby", "state": "NC", "area-code": "704"}, {"id": "03e293b3df9e35eadf15c5611943eb65", "number": "2067363543", "date": "2021-01-24 11:29:00", "subject": "3\n", "recorded-or-robo": "Y", "city": "Seattle", "state": "WA", "area-code": "206"}, {"id": "03e293b3df9e35eadf15c5611943df59", "number": "3022625753", "date": "2021-01-23 17:34:00", "subject": "2\n", "recorded-or-robo": "Y", "city": "Newark", "state": "DE", "area-code": "302"}, {"id": "03e293b3df9e35eadf15c5611943d70e", "number": "7149855575", "date": "2021-01-07 10:42:00", "subject": "4\n", "recorded-or-robo": "Y", "city": "San Marcos", "state": "CA", "area-code": "619"}, {"id": "03e293b3df9e35eadf15c5611943ca0f", "number": "8556784267", "date": "2021-01-24 10:54:00", "subject": "2\n", "recorded-or-robo": "Y", "city": "Osceola", "state": "IN", "area-code": "574"}, {"id": "03e293b3df9e35eadf15c5611943bb8a", "number": "5099286193", "date": "2021-01-24 08:01:00", "subject": "1\n", "recorded-or-robo": "Y", "city": "Spokane Valley", "state": "WA", "area-code": "509"}, {"id": "03e293b3df9e35eadf15c5611943b7a5", "number": "3145885491", "date": "2021-01-24 12:00:00", "subject": "2\n", "recorded-or-robo": "Y", "city": "", "state": "", "area-code": "314"}, {"id": "03e293b3df9e35eadf15c5611943ace8", "number": "3152328257", "date": "2021-01-22 12:00:00", "subject": "1\n", "recorded-or-robo": "Y", "city": "Kent", "state": "WA", "area-code": "253"}, {"id": "03e293b3df9e35eadf15c5611943a1da", "number": "8327401143", "date": "2021-01-21 15:34:00", "subject": "0\n", "recorded-or-robo": "Y", "city": "ASH LAND CITY", "state": "TN", "area-code": "615"}, {"id": "03e293b3df9e35eadf15c56119439579", "number": "2485476535", "date": "2021-01-23 19:30:00", "subject": "2\n", "recorded-or-robo": "Y", "city": "Berkley", "state": "MI", "area-code": "248"}, {"id": "03e293b3df9e35eadf15c5611943928d", "number": "8882804331", "date": "2021-01-24 13:53:00", "subject": "3\n", "recorded-or-robo": "N", "city": "baltimore", "state": "MD", "area-code": "410"}, {"id": "03e293b3df9e35eadf15c56119438429", "number": "5624337048", "date": "2021-01-21 07:01:00", "subject": "2\n", "recorded-or-robo": "N", "city": "Long Beach", "state": "CA", "area-code": "562"}, {"id": "03e293b3df9e35eadf15c561194381f7", "number": "9044673908", "date": "2021-01-24 04:40:00", "subject": "2\n", "recorded-or-robo": "N", "city": "Jacksonville", "state": "FL", "area-code": "904"}, {"id": "03e293b3df9e35eadf15c56119437918", "number": "5626325107", "date": "2021-01-24 10:58:00", "subject": "0\n", "recorded-or-robo": "Y", "city": "Fernandina Beack", "state": "FL", "area-code": "561"}, {"id": "03e293b3df9e35eadf15c56119437323", "number": "6622422584", "date": "2021-01-21 13:23:00", "subject": "2\n", "recorded-or-robo": "Y", "city": "ASH LAND CITY", "state": "TN", "area-code": "615"}, {"id": "03e293b3df9e35eadf15c56119436b50", "number": "8801700807068", "date": "2021-01-24 11:29:00", "subject": "2\n", "recorded-or-robo": "Y", "city": "Bellevue", "state": "WA", "area-code": "425"}, {"id": "03e293b3df9e35eadf15c561194361eb", "number": "7015159311", "date": "2021-01-22 09:41:00", "subject": "1\n", "recorded-or-robo": "Y", "city": "Grand Prairie", "state": "TX", "area-code": "951"}, {"id": "03e293b3df9e35eadf15c56119435590", "number": "8556987001", "date": "2021-01-24 12:37:00", "subject": "1\n", "recorded-or-robo": "Y", "city": "Shrewsbury", "state": "MO", "area-code": "314"}, {"id": "03e293b3df9e35eadf15c56119434f20", "number": "5104224613", "date": "2021-01-19 10:15:00", "subject": "2\n", "recorded-or-robo": "", "city": "", "state": "CA", "area-code": "530"}, {"id": "03e293b3df9e35eadf15c56119434584", "number": "9163161962", "date": "2020-12-18 11:20:00", "subject": "2\n", "recorded-or-robo": "N", "city": "", "state": "CA", "area-code": "530"}, {"id": "03e293b3df9e35eadf15c561194336dd", "number": "8135466488", "date": "2021-01-24 14:22:00", "subject": "2\n", "recorded-or-robo": "Y", "city": "Tampa", "state": "FL", "area-code": "813"}]}