{"data": [{"id": "03e293b3df9e35eadf15c561192af718", "number": "8034812753", "date": "2021-01-20 12:55:00", "subject": "2\n", "recorded-or-robo": "Y", "city": "San Antonio", "state": "TX", "area-code": "210"}, {"id": "03e293b3df9e35eadf15c561192aef38", "number": "", "date": "2021-01-24 11:08:00", "subject": "11\n", "recorded-or-robo": "Y", "city": "", "state": "IN", "area-code": "574"}, {"id": "03e293b3df9e35eadf15c561192aecb8", "number": "7318458548", "date": "2021-01-24 09:56:00", "subject": "1\n", "recorded-or-robo": "Y", "city": "Lexington", "state": "TN", "area-code": "731"}, {"id": "03e293b3df9e35eadf15c561192aecab", "number": "5092209194", "date": "2021-01-24 08:14:00", "subject": "2\n", "recorded-or-robo": "N", "city": "", "state": "WA", "area-code": "509"}, {"id": "03e293b3df9e35eadf15c561192ae116", "number": "5099817318", "date": "2021-01-24 07:51:00", "subject": "3\n", "recorded-or-robo": "Y", "city": "", "state": "WA", "area-code": "509"}, {"id": "03e293b3df9e35eadf15c561192ad3b5", "number": "2104480154", "date": "2021-01-20 12:35:00", "subject": "2\n", "recorded-or-robo": "Y", "city": "San Antonio", "state": "TX", "area-code": "210"}, {"id": "03e293b3df9e35eadf15c561192acb32", "number": "6159227507", "date": "2021-01-24 09:00:00", "subject": "2\n", "recorded-or-robo": "Y", "city": "Hendersonville", "state": "TN", "area-code": "615"}, {"id": "03e293b3df9e35eadf15c561192abe8e", "number": "3463821554", "date": "2021-01-24 11:18:00", "subject": "3\n", "recorded-or-robo": "N", "city": "", "state": "CT", "area-code": "860"}, {"id": "03e293b3df9e35eadf15c561192ac4fa", "number": "5099811388", "date": "2021-01-24 07:38:00", "subject": "3\n", "recorded-or-robo": "Y", "city": "", "state": "WA", "area-code": "509"}, {"id": "03e293b3df9e35eadf15c561192a619a", "number": "2019686245", "date": "2020-12-09 11:45:00", "subject": "3\n", "recorded-or-robo": "", "city": "", "state": "NJ", "area-code": "201"}, {"id": "03e293b3df9e35eadf15c561192ab380", "number": "6304548345", "date": "2021-01-24 00:00:00", "subject": "4\n", "recorded-or-robo": "N", "city": "Streamwood", "state": "IL", "area-code": "630"}, {"id": "03e293b3df9e35eadf15c561192aa6cf", "number": "8106678110", "date": "2021-01-23 10:23:00", "subject": "2\n", "recorded-or-robo": "Y", "city": "Flint", "state": "MI", "area-code": "810"}, {"id": "03e293b3df9e35eadf15c561192aa300", "number": "press1", "date": "2021-01-02 12:00:00", "subject": "2\n", "recorded-or-robo": "Y", "city": "Spokane Valley", "state": "WA", "area-code": "209"}, {"id": "03e293b3df9e35eadf15c561192a99f6", "number": "6892021526", "date": "2021-01-24 11:15:00", "subject": "2\n", "recorded-or-robo": "N", "city": "Fl", "state": "FL", "area-code": "407"}, {"id": "03e293b3df9e35eadf15c561192a8ef9", "number": "8665275878", "date": "2021-01-23 11:35:00", "subject": "2\n", "recorded-or-robo": "", "city": "Maryland Heights", "state": "MO", "area-code": "314"}, {"id": "03e293b3df9e35eadf15c561192a86ee", "number": "2109816230", "date": "2021-01-19 13:56:00", "subject": "2\n", "recorded-or-robo": "Y", "city": "San Antonio", "state": "TX", "area-code": "210"}, {"id": "03e293b3df9e35eadf15c561192a80de", "number": "3152328257", "date": "2021-01-22 14:30:00", "subject": "1\n", "recorded-or-robo": "Y", "city": "New Carlisle", "state": "IN", "area-code": "574"}, {"id": "03e293b3df9e35eadf15c561192a7d54", "number": "5099816210", "date": "2021-01-24 07:29:00", "subject": "3\n", "recorded-or-robo": "Y", "city": "", "state": "WA", "area-code": "509"}, {"id": "03e293b3df9e35eadf15c561192a4c07", "number": "7145199021", "date": "2021-01-23 15:48:00", "subject": "3\n", "recorded-or-robo": "N", "city": "", "state": "PA", "area-code": "570"}, {"id": "03e293b3df9e35eadf15c561192a70de", "number": "4073921962", "date": "2021-01-21 16:27:00", "subject": "4\n", "recorded-or-robo": "Y", "city": "NEWARK", "state": "DE", "area-code": "302"}, {"id": "03e293b3df9e35eadf15c561192a6fc4", "number": "8665279106", "date": "2021-01-23 11:27:00", "subject": "2\n", "recorded-or-robo": "", "city": "Maryland Heights", "state": "MO", "area-code": "314"}, {"id": "03e293b3df9e35eadf15c561192a608f", "number": "6154064159", "date": "2021-01-24 08:00:00", "subject": "2\n", "recorded-or-robo": "Y", "city": "Cheney", "state": "WA", "area-code": "509"}, {"id": "03e293b3df9e35eadf15c561192a5d46", "number": "3108783212", "date": "2021-01-23 14:15:00", "subject": "2\n", "recorded-or-robo": "Y", "city": "Newton", "state": "MA", "area-code": "617"}, {"id": "03e293b3df9e35eadf15c561192a58a1", "number": "2393234515", "date": "2021-01-18 04:20:00", "subject": "2\n", "recorded-or-robo": "N", "city": "San Antonio", "state": "TX", "area-code": "210"}, {"id": "03e293b3df9e35eadf15c561192a5833", "number": "5099429799", "date": "2021-01-24 07:57:00", "subject": "2\n", "recorded-or-robo": "Y", "city": "BENTON CITY", "state": "WA", "area-code": "509"}, {"id": "03e293b3df9e35eadf15c561192a3caf", "number": "5099819911", "date": "2021-01-24 07:08:00", "subject": "3\n", "recorded-or-robo": "Y", "city": "", "state": "WA", "area-code": "509"}, {"id": "03e293b3df9e35eadf15c561192a2f1b", "number": "8665278597", "date": "2021-01-23 11:13:00", "subject": "2\n", "recorded-or-robo": "", "city": "Maryland Heights", "state": "MO", "area-code": "314"}, {"id": "03e293b3df9e35eadf15c561192a2da8", "number": "5044366131", "date": "2021-01-22 08:22:00", "subject": "0\n", "recorded-or-robo": "Y", "city": "Peoria", "state": "AZ", "area-code": "623"}, {"id": "03e293b3df9e35eadf15c561192a218e", "number": "8034993414", "date": "2021-01-18 17:04:00", "subject": "2\n", "recorded-or-robo": "Y", "city": "San Antonio", "state": "TX", "area-code": "210"}, {"id": "03e293b3df9e35eadf15c561192a1c2f", "number": "8665271801", "date": "2021-01-23 11:00:00", "subject": "2\n", "recorded-or-robo": "", "city": "Maryland Heights", "state": "MO", "area-code": "314"}, {"id": "03e293b3df9e35eadf15c561192a0de6", "number": "7145832670", "date": "2021-01-24 10:04:00", "subject": "1\n", "recorded-or-robo": "Y", "city": "Saukville", "state": "WI", "area-code": "262"}, {"id": "03e293b3df9e35eadf15c5611929f874", "number": "2018237663", "date": "2020-12-20 10:35:00", "subject": "3\n", "recorded-or-robo": "", "city": "", "state": "NJ", "area-code": "201"}, {"id": "03e293b3df9e35eadf15c5611929fe7c", "number": "6103953200", "date": "2021-01-22 13:23:00", "subject": "2\n", "recorded-or-robo": "N", "city": "Whitehall", "state": "PA", "area-code": "484"}, {"id": "03e293b3df9e35eadf15c5611929f9c6", "number": "8889509737", "date": "2021-01-24 11:09:00", "subject": "1\n", "recorded-or-robo": "Y", "city": "", "state": "FL", "area-code": "941"}, {"id": "03e293b3df9e35eadf15c5611929eda2", "number": "9133487769", "date": "2021-01-18 12:56:00", "subject": "2\n", "recorded-or-robo": "Y", "city": "San Antonio", "state": "TX", "area-code": "210"}, {"id": "03e293b3df9e35eadf15c5611929ec76", "number": "", "date": "2021-01-21 00:00:00", "subject": "11\n", "recorded-or-robo": "Y", "city": "", "state": "WA", "area-code": "509"}, {"id": "03e293b3df9e35eadf15c5611929e645", "number": "9736521144", "date": "2021-01-18 12:23:00", "subject": "2\n", "recorded-or-robo": "N", "city": "San Antonio", "state": "TX", "area-code": "210"}, {"id": "03e293b3df9e35eadf15c5611929df17", "number": "2106506957", "date": "2021-01-18 09:39:00", "subject": "2\n", "recorded-or-robo": "N", "city": "San Antonio", "state": "TX", "area-code": "210"}, {"id": "03e293b3df9e35eadf15c5611929d7db", "number": "7182443534", "date": "2021-01-24 11:07:00", "subject": "2\n", "recorded-or-robo": "Y", "city": "Dale City", "state": "VA", "area-code": "571"}, {"id": "03e293b3df9e35eadf15c5611929cf92", "number": "6029227072", "date": "2021-01-22 14:57:00", "subject": "2\n", "recorded-or-robo": "", "city": "Phoenix", "state": "AZ", "area-code": "815"}, {"id": "03e293b3df9e35eadf15c5611929c4ae", "number": "5856768021", "date": "2021-01-24 10:00:00", "subject": "2\n", "recorded-or-robo": "Y", "city": "Darien", "state": "IL", "area-code": "630"}, {"id": "03e293b3df9e35eadf15c5611929b97d", "number": "8444914763", "date": "2021-01-23 14:02:00", "subject": "2\n", "recorded-or-robo": "Y", "city": "", "state": "WI", "area-code": "715"}, {"id": "03e293b3df9e35eadf15c5611929ab72", "number": "6469810154", "date": "2021-01-24 11:07:00", "subject": "2\n", "recorded-or-robo": "Y", "city": "", "state": "NY", "area-code": "646"}, {"id": "03e293b3df9e35eadf15c5611929a728", "number": "8158578187", "date": "2021-01-20 15:01:00", "subject": "2\n", "recorded-or-robo": "", "city": "Phoenix", "state": "AZ", "area-code": "815"}, {"id": "03e293b3df9e35eadf15c56119299df3", "number": "7202178080", "date": "2021-01-24 08:47:00", "subject": "1\n", "recorded-or-robo": "N", "city": "Fort Collins", "state": "CO", "area-code": "720"}, {"id": "03e293b3df9e35eadf15c561192991ca", "number": "3152328257", "date": "2021-01-24 08:01:00", "subject": "11\n", "recorded-or-robo": "Y", "city": "", "state": "WA", "area-code": "509"}, {"id": "03e293b3df9e35eadf15c56119298c5b", "number": "4079822045", "date": "2021-01-20 12:00:00", "subject": "1\n", "recorded-or-robo": "Y", "city": "", "state": "CA", "area-code": "949"}, {"id": "03e293b3df9e35eadf15c56119297f98", "number": "352328257", "date": "2021-01-24 09:43:00", "subject": "11\n", "recorded-or-robo": "Y", "city": "Lake Saint Louis", "state": "MO", "area-code": "314"}, {"id": "03e293b3df9e35eadf15c56119297b2e", "number": "", "date": "2021-01-24 09:48:00", "subject": "1\n", "recorded-or-robo": "Y", "city": "Ozark", "state": "MO", "area-code": "417"}, {"id": "03e293b3df9e35eadf15c56119296d2f", "number": "8556783073", "date": "2021-01-24 09:00:00", "subject": "2\n", "recorded-or-robo": "Y", "city": "MADISONVILLE", "state": "TX", "area-code": "855"}]}