{"data": [{"id": "03e293b3df9e35eadf15c5611958fb11", "number": "7272515964", "date": "2021-01-24 11:08:00", "subject": "1\n", "recorded-or-robo": "Y", "city": "Panama City Beach", "state": "FL", "area-code": "727"}, {"id": "03e293b3df9e35eadf15c5611958f489", "number": "3152328257", "date": "2021-01-23 12:00:00", "subject": "1\n", "recorded-or-robo": "Y", "city": "Hazelwood", "state": "MO", "area-code": "314"}, {"id": "03e293b3df9e35eadf15c5611958ec4f", "number": "8556784848", "date": "2021-01-24 17:38:00", "subject": "11\n", "recorded-or-robo": "Y", "city": "Wesley Chapel", "state": "FL", "area-code": "813"}, {"id": "03e293b3df9e35eadf15c5611958e678", "number": "", "date": "2021-01-24 12:10:00", "subject": "1\n", "recorded-or-robo": "Y", "city": "Pine Bluff", "state": "AR", "area-code": "870"}, {"id": "03e293b3df9e35eadf15c5611958da59", "number": "3343122647", "date": "2021-01-24 18:07:00", "subject": "1\n", "recorded-or-robo": "Y", "city": "Saint Petersburg", "state": "AL", "area-code": "334"}, {"id": "03e293b3df9e35eadf15c5611958d1c6", "number": "7272513386", "date": "2021-01-24 10:58:00", "subject": "1\n", "recorded-or-robo": "Y", "city": "Panama City Beach", "state": "FL", "area-code": "727"}, {"id": "03e293b3df9e35eadf15c5611958c398", "number": "6062357511", "date": "2021-01-19 09:41:00", "subject": "5\n", "recorded-or-robo": "Y", "city": "Sweetwater", "state": "TX", "area-code": "325"}, {"id": "03e293b3df9e35eadf15c5611958b721", "number": "3343121614", "date": "2021-01-24 17:58:00", "subject": "1\n", "recorded-or-robo": "Y", "city": "Saint Petersburg", "state": "AL", "area-code": "334"}, {"id": "03e293b3df9e35eadf15c5611958b1fe", "number": "7272515379", "date": "2021-01-24 10:26:00", "subject": "1\n", "recorded-or-robo": "Y", "city": "Panama City Beach", "state": "FL", "area-code": "727"}, {"id": "03e293b3df9e35eadf15c5611958ab37", "number": "3145832549", "date": "2021-01-24 18:00:00", "subject": "3\n", "recorded-or-robo": "Y", "city": "", "state": "MO", "area-code": "314"}, {"id": "03e293b3df9e35eadf15c5611958a8f8", "number": "5623846076", "date": "2021-01-21 15:21:00", "subject": "2\n", "recorded-or-robo": "Y", "city": "", "state": "CA", "area-code": "562"}, {"id": "03e293b3df9e35eadf15c56119589fbb", "number": "2012633249", "date": "2021-01-22 11:14:00", "subject": "2\n", "recorded-or-robo": "", "city": "Hasbrouck Heights", "state": "NJ", "area-code": "201"}, {"id": "03e293b3df9e35eadf15c5611958973e", "number": "3152328257", "date": "2021-01-24 17:53:00", "subject": "11\n", "recorded-or-robo": "Y", "city": "Trinity", "state": "FL", "area-code": "727"}, {"id": "03e293b3df9e35eadf15c56119589287", "number": "7272518844", "date": "2021-01-24 10:16:00", "subject": "1\n", "recorded-or-robo": "Y", "city": "Panama City Beach", "state": "FL", "area-code": "727"}, {"id": "03e293b3df9e35eadf15c5611958851a", "number": "7409194128", "date": "2021-01-24 18:03:00", "subject": "3\n", "recorded-or-robo": "", "city": "", "state": "OH", "area-code": "614"}, {"id": "03e293b3df9e35eadf15c56119588518", "number": "3343129938", "date": "2021-01-24 17:51:00", "subject": "1\n", "recorded-or-robo": "Y", "city": "Saint Petersburg", "state": "AL", "area-code": "334"}, {"id": "03e293b3df9e35eadf15c56119587ea9", "number": "2012169821", "date": "2021-01-22 11:53:00", "subject": "2\n", "recorded-or-robo": "", "city": "Hasbrouck Heights", "state": "NJ", "area-code": "201"}, {"id": "03e293b3df9e35eadf15c56119587df3", "number": "4149433242", "date": "2021-01-24 16:22:00", "subject": "2\n", "recorded-or-robo": "Y", "city": "", "state": "WI", "area-code": "414"}, {"id": "03e293b3df9e35eadf15c561195877ee", "number": "9046296468", "date": "2021-01-24 17:50:00", "subject": "2\n", "recorded-or-robo": "Y", "city": "Jacksonville", "state": "FL", "area-code": "904"}, {"id": "03e293b3df9e35eadf15c56119587042", "number": "5013126789", "date": "2021-01-22 11:55:00", "subject": "2\n", "recorded-or-robo": "", "city": "Hasbrouck Heights", "state": "NJ", "area-code": "201"}, {"id": "03e293b3df9e35eadf15c561195868c6", "number": "", "date": "2021-01-24 16:30:00", "subject": "11\n", "recorded-or-robo": "Y", "city": "shelby", "state": "MI", "area-code": "586"}, {"id": "03e293b3df9e35eadf15c561195861e2", "number": "8801701287362", "date": "2021-01-24 14:00:00", "subject": "11\n", "recorded-or-robo": "N", "city": "Holiday", "state": "FL", "area-code": "727"}, {"id": "03e293b3df9e35eadf15c56119585525", "number": "3343122460", "date": "2021-01-24 05:33:00", "subject": "1\n", "recorded-or-robo": "Y", "city": "Saint Petersburg", "state": "AL", "area-code": "334"}, {"id": "03e293b3df9e35eadf15c561195851c4", "number": "2011613834", "date": "2021-01-22 12:41:00", "subject": "2\n", "recorded-or-robo": "", "city": "Hasbrouck Heights", "state": "NJ", "area-code": "201"}, {"id": "03e293b3df9e35eadf15c561195850dc", "number": "9724763880", "date": "2021-01-18 10:31:00", "subject": "4\n", "recorded-or-robo": "Y", "city": "Irving", "state": "TX", "area-code": "972"}, {"id": "03e293b3df9e35eadf15c561195847f3", "number": "6098481489", "date": "2021-01-22 12:42:00", "subject": "2\n", "recorded-or-robo": "", "city": "Hasbrouck Heights", "state": "NJ", "area-code": "201"}, {"id": "03e293b3df9e35eadf15c5611958428b", "number": "9298006046", "date": "2021-01-24 17:51:00", "subject": "2\n", "recorded-or-robo": "", "city": "Jamaica", "state": "NY", "area-code": "718"}, {"id": "03e293b3df9e35eadf15c56119583825", "number": "3343126503", "date": "2021-01-24 17:04:00", "subject": "1\n", "recorded-or-robo": "Y", "city": "Saint Petersburg", "state": "AL", "area-code": "334"}, {"id": "03e293b3df9e35eadf15c56119582c1e", "number": "2012545996", "date": "2021-01-22 13:08:00", "subject": "2\n", "recorded-or-robo": "", "city": "Hasbrouck Heights", "state": "NJ", "area-code": "201"}, {"id": "03e293b3df9e35eadf15c56119582a47", "number": "8174564392", "date": "2021-01-23 09:08:00", "subject": "2\n", "recorded-or-robo": "Y", "city": "", "state": "CA", "area-code": "562"}, {"id": "03e293b3df9e35eadf15c5611958292b", "number": "2012885349", "date": "2021-01-22 13:33:00", "subject": "2\n", "recorded-or-robo": "", "city": "Hasbrouck Heights", "state": "NJ", "area-code": "201"}, {"id": "03e293b3df9e35eadf15c5611958193e", "number": "", "date": "2021-01-24 16:55:00", "subject": "2\n", "recorded-or-robo": "Y", "city": "Eagle", "state": "WA", "area-code": "414"}, {"id": "03e293b3df9e35eadf15c56119581379", "number": "6026871507", "date": "2021-01-24 16:53:00", "subject": "0\n", "recorded-or-robo": "N", "city": "", "state": "NC", "area-code": "919"}, {"id": "03e293b3df9e35eadf15c5611958074c", "number": "2012752449", "date": "2021-01-22 13:56:00", "subject": "2\n", "recorded-or-robo": "", "city": "Hasbrouck Heights", "state": "NJ", "area-code": "201"}, {"id": "03e293b3df9e35eadf15c561195803ab", "number": "3343124470", "date": "2021-01-24 16:56:00", "subject": "1\n", "recorded-or-robo": "Y", "city": "Saint Petersburg", "state": "AL", "area-code": "334"}, {"id": "03e293b3df9e35eadf15c5611957f72c", "number": "2052656705", "date": "2021-01-21 15:45:00", "subject": "2\n", "recorded-or-robo": "Y", "city": "Jasper", "state": "AL", "area-code": "205"}, {"id": "03e293b3df9e35eadf15c5611957ead8", "number": "7273753998", "date": "2021-01-24 17:00:00", "subject": "11\n", "recorded-or-robo": "Y", "city": "Trinity", "state": "FL", "area-code": "727"}, {"id": "03e293b3df9e35eadf15c5611957dc7a", "number": "5803244386", "date": "2021-01-22 15:04:00", "subject": "2\n", "recorded-or-robo": "", "city": "Hasbrouck Heights", "state": "NJ", "area-code": "201"}, {"id": "03e293b3df9e35eadf15c5611957cd51", "number": "4149405649", "date": "2021-01-24 15:29:00", "subject": "1\n", "recorded-or-robo": "Y", "city": "Menomonee Falls", "state": "WI", "area-code": "414"}, {"id": "03e293b3df9e35eadf15c5611957c297", "number": "6233031635", "date": "2021-01-24 17:30:00", "subject": "12\n", "recorded-or-robo": "Y", "city": "Franklin", "state": "MA", "area-code": "623"}, {"id": "03e293b3df9e35eadf15c5611957bba4", "number": "2012429477", "date": "2021-01-22 15:34:00", "subject": "2\n", "recorded-or-robo": "", "city": "Hasbrouck Heights", "state": "NJ", "area-code": "201"}, {"id": "03e293b3df9e35eadf15c5611957b700", "number": "3343123285", "date": "2021-01-24 16:43:00", "subject": "1\n", "recorded-or-robo": "Y", "city": "Saint Petersburg", "state": "AL", "area-code": "334"}, {"id": "03e293b3df9e35eadf15c5611957ab53", "number": "3108307280", "date": "2021-01-24 00:00:00", "subject": "3\n", "recorded-or-robo": "", "city": "", "state": "CA", "area-code": "310"}, {"id": "03e293b3df9e35eadf15c5611957a8ae", "number": "2019982527", "date": "2021-01-22 17:32:00", "subject": "2\n", "recorded-or-robo": "", "city": "Hasbrouck Heights", "state": "NJ", "area-code": "201"}, {"id": "03e293b3df9e35eadf15c56119579b16", "number": "3152328257", "date": "2021-01-24 00:00:00", "subject": "11\n", "recorded-or-robo": "Y", "city": "St Petersburg", "state": "FL", "area-code": "304"}, {"id": "03e293b3df9e35eadf15c561195798f2", "number": "", "date": "2021-01-24 12:00:00", "subject": "1\n", "recorded-or-robo": "Y", "city": "", "state": "MO", "area-code": "314"}, {"id": "03e293b3df9e35eadf15c56119578d44", "number": "6197911547", "date": "2021-01-24 00:00:00", "subject": "3\n", "recorded-or-robo": "", "city": "", "state": "CA", "area-code": "619"}, {"id": "03e293b3df9e35eadf15c56119578923", "number": "", "date": "2021-01-22 11:20:00", "subject": "1\n", "recorded-or-robo": "Y", "city": "White Plains", "state": "NY", "area-code": "914"}, {"id": "03e293b3df9e35eadf15c561195787b5", "number": "2012442642", "date": "2021-01-22 18:36:00", "subject": "2\n", "recorded-or-robo": "", "city": "Hasbrouck Heights", "state": "NJ", "area-code": "201"}, {"id": "03e293b3df9e35eadf15c56119578774", "number": "3343121144", "date": "2021-01-24 15:51:00", "subject": "1\n", "recorded-or-robo": "Y", "city": "Saint Petersburg", "state": "AL", "area-code": "334"}]}