{"data": [{"id": "03e293b3df9e35eadf15c56119404888", "number": "5204674025", "date": "2021-01-21 08:39:00", "subject": "2\n", "recorded-or-robo": "Y", "city": "", "state": "AZ", "area-code": "520"}, {"id": "03e293b3df9e35eadf15c56119404355", "number": "4058770824", "date": "2021-01-21 10:54:00", "subject": "6\n", "recorded-or-robo": "N", "city": "", "state": "FL", "area-code": "813"}, {"id": "03e293b3df9e35eadf15c561193ff900", "number": "2672823445", "date": "2021-01-24 13:32:00", "subject": "3\n", "recorded-or-robo": "N", "city": "", "state": "PA", "area-code": "570"}, {"id": "03e293b3df9e35eadf15c5611940258f", "number": "", "date": "2021-01-24 12:30:00", "subject": "3\n", "recorded-or-robo": "N", "city": "", "state": "WV", "area-code": "304"}, {"id": "03e293b3df9e35eadf15c56119403a7e", "number": "3365965112", "date": "2021-01-23 00:00:00", "subject": "2\n", "recorded-or-robo": "Y", "city": "", "state": "NC", "area-code": "704"}, {"id": "03e293b3df9e35eadf15c56119403495", "number": "6603724745", "date": "2021-01-24 13:00:00", "subject": "1\n", "recorded-or-robo": "Y", "city": "Moberly, MO", "state": "MO", "area-code": "660"}, {"id": "03e293b3df9e35eadf15c5611940173d", "number": "8556783378", "date": "2021-01-24 10:06:00", "subject": "2\n", "recorded-or-robo": "Y", "city": "Beaumont", "state": "TX", "area-code": "409"}, {"id": "03e293b3df9e35eadf15c561194008eb", "number": "", "date": "2021-01-23 18:27:00", "subject": "2\n", "recorded-or-robo": "Y", "city": "GRANDVIEW", "state": "MO", "area-code": "660"}, {"id": "03e293b3df9e35eadf15c561193ff1e8", "number": "7048625575", "date": "2021-01-22 00:00:00", "subject": "2\n", "recorded-or-robo": "Y", "city": "", "state": "NC", "area-code": "704"}, {"id": "03e293b3df9e35eadf15c561193fedde", "number": "5713970334", "date": "2021-01-24 14:02:00", "subject": "12\n", "recorded-or-robo": "N", "city": "Fredericksburg", "state": "VA", "area-code": "540"}, {"id": "03e293b3df9e35eadf15c561193fe091", "number": "5204674025", "date": "2021-01-21 11:05:00", "subject": "2\n", "recorded-or-robo": "Y", "city": "", "state": "AZ", "area-code": "520"}, {"id": "03e293b3df9e35eadf15c561193fdda1", "number": "", "date": "2021-01-24 13:41:00", "subject": "13\n", "recorded-or-robo": "N", "city": "Orange", "state": "NJ", "area-code": "973"}, {"id": "03e293b3df9e35eadf15c561193fd17d", "number": "5136961920", "date": "2021-01-24 14:01:00", "subject": "3\n", "recorded-or-robo": "N", "city": "", "state": "MI", "area-code": "734"}, {"id": "03e293b3df9e35eadf15c561193fda47", "number": "8444738458", "date": "2021-01-22 00:00:00", "subject": "2\n", "recorded-or-robo": "Y", "city": "", "state": "NC", "area-code": "704"}, {"id": "03e293b3df9e35eadf15c561193fd5bf", "number": "8556784392", "date": "2021-01-24 10:23:00", "subject": "2\n", "recorded-or-robo": "Y", "city": "Beaumont", "state": "TX", "area-code": "409"}, {"id": "03e293b3df9e35eadf15c561193fd1e7", "number": "3852193103", "date": "2021-01-22 00:00:00", "subject": "2\n", "recorded-or-robo": "Y", "city": "", "state": "NC", "area-code": "704"}, {"id": "03e293b3df9e35eadf15c561193fce01", "number": "8778758905", "date": "2021-01-21 14:35:00", "subject": "2\n", "recorded-or-robo": "Y", "city": "", "state": "AZ", "area-code": "520"}, {"id": "03e293b3df9e35eadf15c561193fc47b", "number": "9802468418", "date": "2021-01-23 00:00:00", "subject": "2\n", "recorded-or-robo": "N", "city": "", "state": "NC", "area-code": "704"}, {"id": "03e293b3df9e35eadf15c561193fc25f", "number": "8606927400", "date": "2021-01-16 18:57:00", "subject": "0\n", "recorded-or-robo": "", "city": "weatogue", "state": "CT", "area-code": "860"}, {"id": "03e293b3df9e35eadf15c561193fb70f", "number": "7044252043", "date": "2021-01-23 00:00:00", "subject": "3\n", "recorded-or-robo": "", "city": "", "state": "NC", "area-code": "704"}, {"id": "03e293b3df9e35eadf15c561193fab96", "number": "7252173099", "date": "2021-01-24 12:14:00", "subject": "0\n", "recorded-or-robo": "Y", "city": "", "state": "", "area-code": "971"}, {"id": "03e293b3df9e35eadf15c561193fa908", "number": "5204674117", "date": "2021-01-22 08:43:00", "subject": "2\n", "recorded-or-robo": "Y", "city": "", "state": "AZ", "area-code": "520"}, {"id": "03e293b3df9e35eadf15c561193f9c05", "number": "8606592138", "date": "2021-01-19 17:43:00", "subject": "0\n", "recorded-or-robo": "", "city": "weatogue", "state": "CT", "area-code": "860"}, {"id": "03e293b3df9e35eadf15c561193f9bf8", "number": "7577655853", "date": "2021-01-24 13:57:00", "subject": "2\n", "recorded-or-robo": "Y", "city": "Hampton", "state": "VA", "area-code": "757"}, {"id": "03e293b3df9e35eadf15c561193f8cd7", "number": "2524291367", "date": "2021-01-23 00:00:00", "subject": "3\n", "recorded-or-robo": "Y", "city": "", "state": "NC", "area-code": "704"}, {"id": "03e293b3df9e35eadf15c561193f83aa", "number": "8556785772", "date": "2021-01-24 10:53:00", "subject": "11\n", "recorded-or-robo": "Y", "city": "Beaumont", "state": "TX", "area-code": "409"}, {"id": "03e293b3df9e35eadf15c561193f74ab", "number": "7143079578", "date": "2021-01-24 10:58:00", "subject": "1\n", "recorded-or-robo": "N", "city": "", "state": "CA", "area-code": "925"}, {"id": "03e293b3df9e35eadf15c561193f6dc2", "number": "8604216998", "date": "2021-01-21 09:32:00", "subject": "0\n", "recorded-or-robo": "", "city": "weatogue", "state": "CT", "area-code": "860"}, {"id": "03e293b3df9e35eadf15c561193f5f3e", "number": "8509703149", "date": "2021-01-22 13:33:00", "subject": "4\n", "recorded-or-robo": "Y", "city": "PENSACOLA", "state": "FL", "area-code": "850"}, {"id": "03e293b3df9e35eadf15c561193f54e3", "number": "8603187711", "date": "2021-01-21 17:03:00", "subject": "0\n", "recorded-or-robo": "", "city": "weatogue", "state": "CT", "area-code": "860"}, {"id": "03e293b3df9e35eadf15c561193f4adf", "number": "5204674025", "date": "2021-01-21 16:35:00", "subject": "2\n", "recorded-or-robo": "Y", "city": "", "state": "AZ", "area-code": "520"}, {"id": "03e293b3df9e35eadf15c561193f4535", "number": "5096615491", "date": "2021-01-23 13:51:00", "subject": "0\n", "recorded-or-robo": "Y", "city": "Yakima", "state": "WA", "area-code": "509"}, {"id": "03e293b3df9e35eadf15c561193f36a5", "number": "8556780774", "date": "2021-01-24 11:12:00", "subject": "11\n", "recorded-or-robo": "Y", "city": "Beaumont", "state": "TX", "area-code": "409"}, {"id": "03e293b3df9e35eadf15c561193f2ed1", "number": "7043692730", "date": "2021-01-23 00:00:00", "subject": "2\n", "recorded-or-robo": "Y", "city": "", "state": "NC", "area-code": "704"}, {"id": "03e293b3df9e35eadf15c561193f2894", "number": "8882804331", "date": "2021-01-24 13:54:00", "subject": "2\n", "recorded-or-robo": "N", "city": "", "state": "NY", "area-code": "718"}, {"id": "03e293b3df9e35eadf15c561193f21eb", "number": "5099326155", "date": "2021-01-22 13:51:00", "subject": "0\n", "recorded-or-robo": "Y", "city": "Yakima", "state": "WA", "area-code": "509"}, {"id": "03e293b3df9e35eadf15c561193f149e", "number": "1701339329", "date": "2021-01-24 12:52:00", "subject": "11\n", "recorded-or-robo": "Y", "city": "BEAUMONT", "state": "TX", "area-code": "409"}, {"id": "03e293b3df9e35eadf15c561193f0798", "number": "8603744571", "date": "2021-01-20 15:34:00", "subject": "0\n", "recorded-or-robo": "", "city": "weatogue", "state": "CT", "area-code": "860"}, {"id": "03e293b3df9e35eadf15c561193f04d3", "number": "5204150957", "date": "2021-01-22 11:33:00", "subject": "2\n", "recorded-or-robo": "Y", "city": "", "state": "AZ", "area-code": "520"}, {"id": "03e293b3df9e35eadf15c561193f022e", "number": "8608698570", "date": "2021-01-19 11:03:00", "subject": "0\n", "recorded-or-robo": "", "city": "weatogue", "state": "CT", "area-code": "860"}, {"id": "03e293b3df9e35eadf15c561193efddc", "number": "2148460005", "date": "2021-01-24 11:58:00", "subject": "2\n", "recorded-or-robo": "Y", "city": "Mesquite", "state": "TX", "area-code": "214"}, {"id": "03e293b3df9e35eadf15c561193ef7d8", "number": "5512535914", "date": "2021-01-23 10:07:00", "subject": "0\n", "recorded-or-robo": "Y", "city": "", "state": "NJ", "area-code": "201"}, {"id": "03e293b3df9e35eadf15c561193eee31", "number": "8603590151", "date": "2021-01-15 15:30:00", "subject": "0\n", "recorded-or-robo": "", "city": "weatogue", "state": "CT", "area-code": "860"}, {"id": "03e293b3df9e35eadf15c561193edff5", "number": "3152328275", "date": "2021-01-24 07:03:00", "subject": "11\n", "recorded-or-robo": "Y", "city": "Yakima", "state": "WA", "area-code": "509"}, {"id": "03e293b3df9e35eadf15c561193edc33", "number": "8317581540", "date": "2021-01-18 07:23:00", "subject": "2\n", "recorded-or-robo": "Y", "city": "LOS ALTOS", "state": "CA", "area-code": "650"}, {"id": "03e293b3df9e35eadf15c561193ecf01", "number": "6264693844", "date": "2021-01-23 12:09:00", "subject": "7\n", "recorded-or-robo": "Y", "city": "Redondo Beach", "state": "CA", "area-code": "310"}, {"id": "03e293b3df9e35eadf15c561193ece13", "number": "5203867306", "date": "2021-01-23 08:37:00", "subject": "2\n", "recorded-or-robo": "Y", "city": "", "state": "AZ", "area-code": "520"}, {"id": "03e293b3df9e35eadf15c561193ec8e6", "number": "7182449109", "date": "2021-01-24 00:00:00", "subject": "2\n", "recorded-or-robo": "Y", "city": "", "state": "WA", "area-code": "425"}, {"id": "03e293b3df9e35eadf15c561193ebeaa", "number": "4155023199", "date": "2021-01-21 08:06:00", "subject": "2\n", "recorded-or-robo": "Y", "city": "LOS ALTOS", "state": "CA", "area-code": "650"}, {"id": "03e293b3df9e35eadf15c561193eb396", "number": "2018908611", "date": "2021-01-22 09:53:00", "subject": "0\n", "recorded-or-robo": "Y", "city": "", "state": "NJ", "area-code": "201"}]}