{"data": [{"id": "3decc6bfadaa436a105714c6baa45c6a", "number": "6505675264", "date": "2021-01-22 18:55:00", "subject": "2", "recorded-or-robo": "Y", "city": "LOS ALTOS", "state": "CA", "area-code": "650"}, {"id": "03e293b3df9e35eadf15c561193a4100", "number": "6505675264", "date": "2021-01-22 18:55:00", "subject": "2", "recorded-or-robo": "Y", "city": "LOS ALTOS", "state": "CA", "area-code": "650"}, {"id": "3decc6bfadaa436a105714c6baa458be", "number": "3074334588", "date": "2021-01-23 11:11:00", "subject": "2", "recorded-or-robo": "N", "city": "tampa", "state": "FL", "area-code": "813"}, {"id": "03e293b3df9e35eadf15c561193a3d9e", "number": "3074334588", "date": "2021-01-23 11:11:00", "subject": "2", "recorded-or-robo": "N", "city": "tampa", "state": "FL", "area-code": "813"}, {"id": "3decc6bfadaa436a105714c6baa44ead", "number": "", "date": "2021-01-23 12:00:00", "subject": "1", "recorded-or-robo": "Y", "city": "Genoa City", "state": "WI", "area-code": "262"}, {"id": "03e293b3df9e35eadf15c561193a32e1", "number": "", "date": "2021-01-23 12:00:00", "subject": "1", "recorded-or-robo": "Y", "city": "Genoa City", "state": "WI", "area-code": "262"}, {"id": "3decc6bfadaa436a105714c6baa446ce", "number": "5056478022", "date": "2021-01-24 12:06:00", "subject": "2", "recorded-or-robo": "Y", "city": "Hopewell Junction", "state": "NY", "area-code": "914"}, {"id": "03e293b3df9e35eadf15c561193a2b6c", "number": "5056478022", "date": "2021-01-24 12:06:00", "subject": "2", "recorded-or-robo": "Y", "city": "Hopewell Junction", "state": "NY", "area-code": "914"}, {"id": "3decc6bfadaa436a105714c6baa43d1c", "number": "6106382882", "date": "2021-01-23 19:29:00", "subject": "6", "recorded-or-robo": "N", "city": "Macungie", "state": "PA", "area-code": "610"}, {"id": "03e293b3df9e35eadf15c561193a29cd", "number": "6106382882", "date": "2021-01-23 19:29:00", "subject": "6", "recorded-or-robo": "N", "city": "Macungie", "state": "PA", "area-code": "610"}, {"id": "3decc6bfadaa436a105714c6baa42fd9", "number": "8134774909", "date": "2021-01-24 12:30:00", "subject": "1", "recorded-or-robo": "Y", "city": "Mint Hill", "state": "FL", "area-code": "813"}, {"id": "03e293b3df9e35eadf15c561193a1f1b", "number": "8134774909", "date": "2021-01-24 12:30:00", "subject": "1", "recorded-or-robo": "Y", "city": "Mint Hill", "state": "FL", "area-code": "813"}, {"id": "3decc6bfadaa436a105714c6baa425fd", "number": "2014206351", "date": "2021-01-12 11:46:00", "subject": "0", "recorded-or-robo": "Y", "city": "", "state": "NJ", "area-code": "201"}, {"id": "03e293b3df9e35eadf15c561193a12f5", "number": "2014206351", "date": "2021-01-12 11:46:00", "subject": "0", "recorded-or-robo": "Y", "city": "", "state": "NJ", "area-code": "201"}, {"id": "3decc6bfadaa436a105714c6baa416e1", "number": "813809818711", "date": "2021-01-23 04:48:00", "subject": "0", "recorded-or-robo": "Y", "city": "", "state": "IL", "area-code": "847"}, {"id": "03e293b3df9e35eadf15c561193a0fd9", "number": "813809818711", "date": "2021-01-23 04:48:00", "subject": "0", "recorded-or-robo": "Y", "city": "", "state": "IL", "area-code": "847"}, {"id": "3decc6bfadaa436a105714c6baa41678", "number": "3134668475", "date": "2021-01-24 12:56:00", "subject": "1", "recorded-or-robo": "Y", "city": "Henrico", "state": "VA", "area-code": "804"}, {"id": "03e293b3df9e35eadf15c561193a0dd8", "number": "3134668475", "date": "2021-01-24 12:56:00", "subject": "1", "recorded-or-robo": "Y", "city": "Henrico", "state": "VA", "area-code": "804"}, {"id": "3decc6bfadaa436a105714c6baa41147", "number": "81337106057", "date": "2021-01-23 11:15:00", "subject": "2", "recorded-or-robo": "N", "city": "tampa", "state": "FL", "area-code": "813"}, {"id": "03e293b3df9e35eadf15c561193a020e", "number": "81337106057", "date": "2021-01-23 11:15:00", "subject": "2", "recorded-or-robo": "N", "city": "tampa", "state": "FL", "area-code": "813"}, {"id": "3decc6bfadaa436a105714c6baa40eb9", "number": "2018775671", "date": "2021-01-07 11:31:00", "subject": "0", "recorded-or-robo": "Y", "city": "", "state": "NJ", "area-code": "201"}, {"id": "03e293b3df9e35eadf15c5611939f823", "number": "2018775671", "date": "2021-01-07 11:31:00", "subject": "0", "recorded-or-robo": "Y", "city": "", "state": "NJ", "area-code": "201"}, {"id": "3decc6bfadaa436a105714c6baa40ea5", "number": "8589265928", "date": "2021-01-22 12:47:00", "subject": "1", "recorded-or-robo": "Y", "city": "Henrico", "state": "VA", "area-code": "804"}, {"id": "03e293b3df9e35eadf15c5611939ef2b", "number": "8589265928", "date": "2021-01-22 12:47:00", "subject": "1", "recorded-or-robo": "Y", "city": "Henrico", "state": "VA", "area-code": "804"}, {"id": "3decc6bfadaa436a105714c6baa40652", "number": "8134772180", "date": "2021-01-24 12:08:00", "subject": "1", "recorded-or-robo": "Y", "city": "Mint Hill", "state": "FL", "area-code": "813"}, {"id": "03e293b3df9e35eadf15c5611939e36d", "number": "8134772180", "date": "2021-01-24 12:08:00", "subject": "1", "recorded-or-robo": "Y", "city": "Mint Hill", "state": "FL", "area-code": "813"}, {"id": "3decc6bfadaa436a105714c6baa3f75d", "number": "8137802762", "date": "2021-01-24 13:14:00", "subject": "2", "recorded-or-robo": "Y", "city": "Zephyrhills", "state": "FL", "area-code": "813"}, {"id": "3decc6bfadaa436a105714c6baa3f623", "number": "5718331318", "date": "2021-01-24 13:20:00", "subject": "2", "recorded-or-robo": "Y", "city": "", "state": "NC", "area-code": "910"}, {"id": "03e293b3df9e35eadf15c5611939ded7", "number": "8137802762", "date": "2021-01-24 13:14:00", "subject": "2", "recorded-or-robo": "Y", "city": "Zephyrhills", "state": "FL", "area-code": "813"}, {"id": "03e293b3df9e35eadf15c5611939ddbf", "number": "5718331318", "date": "2021-01-24 13:20:00", "subject": "2", "recorded-or-robo": "Y", "city": "", "state": "NC", "area-code": "910"}, {"id": "3decc6bfadaa436a105714c6baa3f234", "number": "4254175822", "date": "2021-01-24 10:17:00", "subject": "1", "recorded-or-robo": "Y", "city": "Bellevue", "state": "WA", "area-code": "425"}, {"id": "03e293b3df9e35eadf15c5611939d8f6", "number": "4254175822", "date": "2021-01-24 10:17:00", "subject": "1", "recorded-or-robo": "Y", "city": "Bellevue", "state": "WA", "area-code": "425"}, {"id": "3decc6bfadaa436a105714c6baa3efa9", "number": "3152328257", "date": "2021-01-24 12:00:00", "subject": "11", "recorded-or-robo": "Y", "city": "", "state": "FL", "area-code": "813"}, {"id": "03e293b3df9e35eadf15c5611939d2e6", "number": "3152328257", "date": "2021-01-24 12:00:00", "subject": "11", "recorded-or-robo": "Y", "city": "", "state": "FL", "area-code": "813"}, {"id": "3decc6bfadaa436a105714c6baa3e1cb", "number": "2015541064", "date": "2021-01-06 12:08:00", "subject": "0", "recorded-or-robo": "Y", "city": "", "state": "NJ", "area-code": "201"}, {"id": "03e293b3df9e35eadf15c5611939c629", "number": "2015541064", "date": "2021-01-06 12:08:00", "subject": "0", "recorded-or-robo": "Y", "city": "", "state": "NJ", "area-code": "201"}, {"id": "3decc6bfadaa436a105714c6baa3e146", "number": "4358683565", "date": "2021-01-23 11:45:00", "subject": "2", "recorded-or-robo": "N", "city": "tampa", "state": "FL", "area-code": "813"}, {"id": "03e293b3df9e35eadf15c5611939c416", "number": "4358683565", "date": "2021-01-23 11:45:00", "subject": "2", "recorded-or-robo": "N", "city": "tampa", "state": "FL", "area-code": "813"}, {"id": "3decc6bfadaa436a105714c6baa3d561", "number": "6154064313", "date": "2021-01-24 12:50:00", "subject": "1", "recorded-or-robo": "Y", "city": "Gibsonton", "state": "FL", "area-code": "813"}, {"id": "03e293b3df9e35eadf15c5611939c01b", "number": "6154064313", "date": "2021-01-24 12:50:00", "subject": "1", "recorded-or-robo": "Y", "city": "Gibsonton", "state": "FL", "area-code": "813"}, {"id": "3decc6bfadaa436a105714c6baa3c8ea", "number": "4075533077", "date": "2021-01-23 13:17:00", "subject": "2", "recorded-or-robo": "N", "city": "tampa", "state": "FL", "area-code": "813"}, {"id": "03e293b3df9e35eadf15c5611939b367", "number": "4075533077", "date": "2021-01-23 13:17:00", "subject": "2", "recorded-or-robo": "N", "city": "tampa", "state": "FL", "area-code": "813"}, {"id": "3decc6bfadaa436a105714c6baa3c8dd", "number": "8556981470", "date": "2021-01-24 13:07:00", "subject": "11", "recorded-or-robo": "Y", "city": "", "state": "MI", "area-code": "313"}, {"id": "03e293b3df9e35eadf15c5611939b300", "number": "8556981470", "date": "2021-01-24 13:07:00", "subject": "11", "recorded-or-robo": "Y", "city": "", "state": "MI", "area-code": "313"}, {"id": "3decc6bfadaa436a105714c6baa3bc78", "number": "8066026518", "date": "2021-01-22 12:30:00", "subject": "2", "recorded-or-robo": "N", "city": "Columbia", "state": "MD", "area-code": "410"}, {"id": "03e293b3df9e35eadf15c5611939a6b5", "number": "8066026518", "date": "2021-01-22 12:30:00", "subject": "2", "recorded-or-robo": "N", "city": "Columbia", "state": "MD", "area-code": "410"}, {"id": "3decc6bfadaa436a105714c6baa3b221", "number": "8177304039", "date": "2021-01-24 11:01:00", "subject": "2", "recorded-or-robo": "Y", "city": "Bedford", "state": "TX", "area-code": "817"}, {"id": "03e293b3df9e35eadf15c5611939a471", "number": "8177304039", "date": "2021-01-24 11:01:00", "subject": "2", "recorded-or-robo": "Y", "city": "Bedford", "state": "TX", "area-code": "817"}, {"id": "3decc6bfadaa436a105714c6baa3a7bd", "number": "8134777581", "date": "2021-01-24 11:40:00", "subject": "1", "recorded-or-robo": "Y", "city": "Mint Hill", "state": "FL", "area-code": "813"}, {"id": "03e293b3df9e35eadf15c5611939a2e7", "number": "8134777581", "date": "2021-01-24 11:40:00", "subject": "1", "recorded-or-robo": "Y", "city": "Mint Hill", "state": "FL", "area-code": "813"}]}