{"data": [{"id": "3decc6bfadaa436a105714c6bab24a84", "number": "7276479826", "date": "2021-01-24 14:41:00", "subject": "1", "recorded-or-robo": "Y", "city": "Saint Petersburg", "state": "FL", "area-code": "727"}, {"id": "03e293b3df9e35eadf15c5611948c9ae", "number": "7276479826", "date": "2021-01-24 14:41:00", "subject": "1", "recorded-or-robo": "Y", "city": "Saint Petersburg", "state": "FL", "area-code": "727"}, {"id": "3decc6bfadaa436a105714c6bab24931", "number": "5099422440", "date": "2021-01-24 07:49:00", "subject": "1", "recorded-or-robo": "Y", "city": "Richland", "state": "WA", "area-code": "509"}, {"id": "03e293b3df9e35eadf15c5611948be09", "number": "5099422440", "date": "2021-01-24 07:49:00", "subject": "1", "recorded-or-robo": "Y", "city": "Richland", "state": "WA", "area-code": "509"}, {"id": "3decc6bfadaa436a105714c6bab2432f", "number": "8135452613", "date": "2021-01-24 12:40:00", "subject": "2", "recorded-or-robo": "Y", "city": "Wesley Chapel", "state": "FL", "area-code": "813"}, {"id": "03e293b3df9e35eadf15c5611948b472", "number": "8135452613", "date": "2021-01-24 12:40:00", "subject": "2", "recorded-or-robo": "Y", "city": "Wesley Chapel", "state": "FL", "area-code": "813"}, {"id": "3decc6bfadaa436a105714c6bab240d3", "number": "6465151001", "date": "2021-01-24 13:33:00", "subject": "1", "recorded-or-robo": "Y", "city": "", "state": "NY", "area-code": "917"}, {"id": "03e293b3df9e35eadf15c5611948b16d", "number": "6465151001", "date": "2021-01-24 13:33:00", "subject": "1", "recorded-or-robo": "Y", "city": "", "state": "NY", "area-code": "917"}, {"id": "3decc6bfadaa436a105714c6bab23eaf", "number": "", "date": "2021-01-22 00:00:00", "subject": "12", "recorded-or-robo": "Y", "city": "", "state": "CA", "area-code": "909"}, {"id": "03e293b3df9e35eadf15c5611948a3c8", "number": "", "date": "2021-01-22 00:00:00", "subject": "12", "recorded-or-robo": "Y", "city": "", "state": "CA", "area-code": "909"}, {"id": "3decc6bfadaa436a105714c6bab23920", "number": "", "date": "2021-01-17 10:11:00", "subject": "3", "recorded-or-robo": "N", "city": "", "state": "CO", "area-code": "719"}, {"id": "03e293b3df9e35eadf15c5611948967a", "number": "", "date": "2021-01-17 10:11:00", "subject": "3", "recorded-or-robo": "N", "city": "", "state": "CO", "area-code": "719"}, {"id": "3decc6bfadaa436a105714c6bab2344d", "number": "8434743179", "date": "2020-12-11 17:28:00", "subject": "2", "recorded-or-robo": "Y", "city": "Baton Rouge", "state": "LA", "area-code": "225"}, {"id": "03e293b3df9e35eadf15c56119488e7c", "number": "8434743179", "date": "2020-12-11 17:28:00", "subject": "2", "recorded-or-robo": "Y", "city": "Baton Rouge", "state": "LA", "area-code": "225"}, {"id": "3decc6bfadaa436a105714c6bab230ba", "number": "4052814402", "date": "2021-01-22 14:29:00", "subject": "4", "recorded-or-robo": "Y", "city": "Edmond", "state": "OK", "area-code": "405"}, {"id": "03e293b3df9e35eadf15c56119487e94", "number": "4052814402", "date": "2021-01-22 14:29:00", "subject": "4", "recorded-or-robo": "Y", "city": "Edmond", "state": "OK", "area-code": "405"}, {"id": "3decc6bfadaa436a105714c6bab22da9", "number": "8882804331", "date": "2021-01-22 12:00:00", "subject": "2", "recorded-or-robo": "N", "city": "BALDWIN", "state": "NY", "area-code": "718"}, {"id": "03e293b3df9e35eadf15c56119487e3d", "number": "8882804331", "date": "2021-01-22 12:00:00", "subject": "2", "recorded-or-robo": "N", "city": "BALDWIN", "state": "NY", "area-code": "718"}, {"id": "3decc6bfadaa436a105714c6bab22d62", "number": "6692095863", "date": "2021-01-24 02:10:00", "subject": "1", "recorded-or-robo": "Y", "city": "Florissant", "state": "MO", "area-code": "314"}, {"id": "03e293b3df9e35eadf15c56119487d25", "number": "6692095863", "date": "2021-01-24 02:10:00", "subject": "1", "recorded-or-robo": "Y", "city": "Florissant", "state": "MO", "area-code": "314"}, {"id": "3decc6bfadaa436a105714c6bab2219f", "number": "3524180870", "date": "2020-12-16 14:10:00", "subject": "2", "recorded-or-robo": "Y", "city": "Baton Rouge", "state": "LA", "area-code": "225"}, {"id": "03e293b3df9e35eadf15c56119487a42", "number": "3524180870", "date": "2020-12-16 14:10:00", "subject": "2", "recorded-or-robo": "Y", "city": "Baton Rouge", "state": "LA", "area-code": "225"}, {"id": "3decc6bfadaa436a105714c6bab22036", "number": "2245415636", "date": "2020-12-16 15:11:00", "subject": "2", "recorded-or-robo": "Y", "city": "Baton Rouge", "state": "LA", "area-code": "225"}, {"id": "03e293b3df9e35eadf15c56119487608", "number": "2245415636", "date": "2020-12-16 15:11:00", "subject": "2", "recorded-or-robo": "Y", "city": "Baton Rouge", "state": "LA", "area-code": "225"}, {"id": "3decc6bfadaa436a105714c6bab21d21", "number": "4052814446", "date": "2021-01-22 09:50:00", "subject": "4", "recorded-or-robo": "Y", "city": "Edmond", "state": "OK", "area-code": "405"}, {"id": "03e293b3df9e35eadf15c561194875de", "number": "4052814446", "date": "2021-01-22 09:50:00", "subject": "4", "recorded-or-robo": "Y", "city": "Edmond", "state": "OK", "area-code": "405"}, {"id": "3decc6bfadaa436a105714c6bab21b43", "number": "4708090851", "date": "2021-01-13 11:22:00", "subject": "2", "recorded-or-robo": "Y", "city": "Baton Rouge", "state": "LA", "area-code": "225"}, {"id": "03e293b3df9e35eadf15c5611948669a", "number": "4708090851", "date": "2021-01-13 11:22:00", "subject": "2", "recorded-or-robo": "Y", "city": "Baton Rouge", "state": "LA", "area-code": "225"}, {"id": "3decc6bfadaa436a105714c6bab216bb", "number": "4052813625", "date": "2021-01-21 14:47:00", "subject": "4", "recorded-or-robo": "Y", "city": "Edmond", "state": "OK", "area-code": "405"}, {"id": "03e293b3df9e35eadf15c561194862c6", "number": "4052813625", "date": "2021-01-21 14:47:00", "subject": "4", "recorded-or-robo": "Y", "city": "Edmond", "state": "OK", "area-code": "405"}, {"id": "3decc6bfadaa436a105714c6bab21109", "number": "", "date": "2021-01-22 16:19:00", "subject": "7", "recorded-or-robo": "Y", "city": "Dayton", "state": "OH", "area-code": "937"}, {"id": "03e293b3df9e35eadf15c561194854eb", "number": "", "date": "2021-01-22 16:19:00", "subject": "7", "recorded-or-robo": "Y", "city": "Dayton", "state": "OH", "area-code": "937"}, {"id": "3decc6bfadaa436a105714c6bab20d22", "number": "4053696701", "date": "2021-01-24 13:12:00", "subject": "1", "recorded-or-robo": "N", "city": "", "state": "OK", "area-code": "918"}, {"id": "03e293b3df9e35eadf15c5611948469a", "number": "4053696701", "date": "2021-01-24 13:12:00", "subject": "1", "recorded-or-robo": "N", "city": "", "state": "OK", "area-code": "918"}, {"id": "3decc6bfadaa436a105714c6bab1ed33", "number": "7182446826", "date": "2021-01-24 00:00:00", "subject": "3", "recorded-or-robo": "", "city": "", "state": "WA", "area-code": "206"}, {"id": "03e293b3df9e35eadf15c56119482543", "number": "7182446826", "date": "2021-01-24 00:00:00", "subject": "3", "recorded-or-robo": "", "city": "", "state": "WA", "area-code": "206"}, {"id": "3decc6bfadaa436a105714c6bab1ff2e", "number": "8773715378", "date": "2021-01-13 15:26:00", "subject": "2", "recorded-or-robo": "Y", "city": "Baton Rouge", "state": "LA", "area-code": "225"}, {"id": "03e293b3df9e35eadf15c5611948415d", "number": "8773715378", "date": "2021-01-13 15:26:00", "subject": "2", "recorded-or-robo": "Y", "city": "Baton Rouge", "state": "LA", "area-code": "225"}, {"id": "3decc6bfadaa436a105714c6bab1fef6", "number": "4052814453", "date": "2021-01-21 14:21:00", "subject": "4", "recorded-or-robo": "Y", "city": "Edmond", "state": "OK", "area-code": "405"}, {"id": "03e293b3df9e35eadf15c56119483f47", "number": "4052814453", "date": "2021-01-21 14:21:00", "subject": "4", "recorded-or-robo": "Y", "city": "Edmond", "state": "OK", "area-code": "405"}, {"id": "3decc6bfadaa436a105714c6bab1f378", "number": "3233353444", "date": "2021-01-13 16:34:00", "subject": "2", "recorded-or-robo": "Y", "city": "Baton Rouge", "state": "LA", "area-code": "225"}, {"id": "03e293b3df9e35eadf15c56119483392", "number": "3233353444", "date": "2021-01-13 16:34:00", "subject": "2", "recorded-or-robo": "Y", "city": "Baton Rouge", "state": "LA", "area-code": "225"}, {"id": "3decc6bfadaa436a105714c6bab1ddaa", "number": "", "date": "2021-01-24 13:55:00", "subject": "11", "recorded-or-robo": "Y", "city": "Bonner Springs", "state": "KS", "area-code": "913"}, {"id": "03e293b3df9e35eadf15c56119481903", "number": "", "date": "2021-01-24 13:55:00", "subject": "11", "recorded-or-robo": "Y", "city": "Bonner Springs", "state": "KS", "area-code": "913"}, {"id": "3decc6bfadaa436a105714c6bab1cfe1", "number": "5802467132", "date": "2021-01-21 10:43:00", "subject": "0", "recorded-or-robo": "Y", "city": "Edmond", "state": "OK", "area-code": "405"}, {"id": "03e293b3df9e35eadf15c5611948124b", "number": "5802467132", "date": "2021-01-21 10:43:00", "subject": "0", "recorded-or-robo": "Y", "city": "Edmond", "state": "OK", "area-code": "405"}, {"id": "3decc6bfadaa436a105714c6bab1ca5a", "number": "3108957592", "date": "2021-01-13 17:13:00", "subject": "2", "recorded-or-robo": "Y", "city": "Baton Rouge", "state": "LA", "area-code": "225"}, {"id": "03e293b3df9e35eadf15c561194804d8", "number": "3108957592", "date": "2021-01-13 17:13:00", "subject": "2", "recorded-or-robo": "Y", "city": "Baton Rouge", "state": "LA", "area-code": "225"}, {"id": "3decc6bfadaa436a105714c6bab1c7c0", "number": "6263253783", "date": "2021-01-14 09:18:00", "subject": "2", "recorded-or-robo": "Y", "city": "Baton Rouge", "state": "LA", "area-code": "225"}, {"id": "03e293b3df9e35eadf15c5611947f6a4", "number": "6263253783", "date": "2021-01-14 09:18:00", "subject": "2", "recorded-or-robo": "Y", "city": "Baton Rouge", "state": "LA", "area-code": "225"}]}