{"data": [{"id": "03e293b3df9e35eadf15c56119499662", "number": "7274328922", "date": "2021-01-24 15:20:00", "subject": "1", "recorded-or-robo": "Y", "city": "St. Petersburg", "state": "FL", "area-code": "727"}, {"id": "03e293b3df9e35eadf15c561194988a3", "number": "5173065351", "date": "2021-01-20 13:59:00", "subject": "4", "recorded-or-robo": "Y", "city": "Leslie", "state": "MI", "area-code": "517"}, {"id": "3decc6bfadaa436a105714c6bab32be0", "number": "6154068688", "date": "2021-01-24 14:35:00", "subject": "11", "recorded-or-robo": "Y", "city": "New Port Richey", "state": "FL", "area-code": "727"}, {"id": "03e293b3df9e35eadf15c56119497baa", "number": "6154068688", "date": "2021-01-24 14:35:00", "subject": "11", "recorded-or-robo": "Y", "city": "New Port Richey", "state": "FL", "area-code": "727"}, {"id": "3decc6bfadaa436a105714c6bab31d95", "number": "3152328257", "date": "2021-01-24 15:07:00", "subject": "2", "recorded-or-robo": "Y", "city": "Newark", "state": "OH", "area-code": "740"}, {"id": "03e293b3df9e35eadf15c561194970c3", "number": "3152328257", "date": "2021-01-24 15:07:00", "subject": "2", "recorded-or-robo": "Y", "city": "Newark", "state": "OH", "area-code": "740"}, {"id": "3decc6bfadaa436a105714c6bab31245", "number": "85567852518556786", "date": "2021-01-24 07:00:00", "subject": "2", "recorded-or-robo": "Y", "city": "West Richland", "state": "WA", "area-code": "509"}, {"id": "03e293b3df9e35eadf15c56119497023", "number": "85567852518556786", "date": "2021-01-24 07:00:00", "subject": "2", "recorded-or-robo": "Y", "city": "West Richland", "state": "WA", "area-code": "509"}, {"id": "3decc6bfadaa436a105714c6bab3070f", "number": "5175811703", "date": "2021-01-21 10:03:00", "subject": "0", "recorded-or-robo": "Y", "city": "Leslie", "state": "MI", "area-code": "517"}, {"id": "03e293b3df9e35eadf15c561194967fe", "number": "5175811703", "date": "2021-01-21 10:03:00", "subject": "0", "recorded-or-robo": "Y", "city": "Leslie", "state": "MI", "area-code": "517"}, {"id": "3decc6bfadaa436a105714c6bab30245", "number": "3152328257", "date": "2021-01-24 14:04:00", "subject": "11", "recorded-or-robo": "Y", "city": "Town and Country", "state": "MO", "area-code": "314"}, {"id": "03e293b3df9e35eadf15c5611949650b", "number": "3152328257", "date": "2021-01-24 14:04:00", "subject": "11", "recorded-or-robo": "Y", "city": "Town and Country", "state": "MO", "area-code": "314"}, {"id": "3decc6bfadaa436a105714c6bab2fa88", "number": "8019302370", "date": "2021-01-21 19:16:00", "subject": "13", "recorded-or-robo": "Y", "city": "MOAB", "state": "UT", "area-code": "801"}, {"id": "03e293b3df9e35eadf15c561194959ee", "number": "8019302370", "date": "2021-01-21 19:16:00", "subject": "13", "recorded-or-robo": "Y", "city": "MOAB", "state": "UT", "area-code": "801"}, {"id": "3decc6bfadaa436a105714c6bab2f6d5", "number": "6058469869", "date": "2021-01-21 12:20:00", "subject": "0", "recorded-or-robo": "Y", "city": "Leslie", "state": "MI", "area-code": "517"}, {"id": "03e293b3df9e35eadf15c56119495135", "number": "6058469869", "date": "2021-01-21 12:20:00", "subject": "0", "recorded-or-robo": "Y", "city": "Leslie", "state": "MI", "area-code": "517"}, {"id": "3decc6bfadaa436a105714c6bab2e6ff", "number": "3028280057", "date": "2021-01-22 12:17:00", "subject": "2", "recorded-or-robo": "Y", "city": "Leslie", "state": "MI", "area-code": "517"}, {"id": "03e293b3df9e35eadf15c5611949458a", "number": "3028280057", "date": "2021-01-22 12:17:00", "subject": "2", "recorded-or-robo": "Y", "city": "Leslie", "state": "MI", "area-code": "517"}, {"id": "3decc6bfadaa436a105714c6bab2e239", "number": "7274328922", "date": "2021-01-24 15:20:00", "subject": "1", "recorded-or-robo": "Y", "city": "Saint Petersburg", "state": "FL", "area-code": "727"}, {"id": "03e293b3df9e35eadf15c56119493d00", "number": "7274328922", "date": "2021-01-24 15:20:00", "subject": "1", "recorded-or-robo": "Y", "city": "Saint Petersburg", "state": "FL", "area-code": "727"}, {"id": "3decc6bfadaa436a105714c6bab2df8f", "number": "5173122993", "date": "2021-01-22 00:00:00", "subject": "0", "recorded-or-robo": "N", "city": "Leslie", "state": "MI", "area-code": "517"}, {"id": "03e293b3df9e35eadf15c56119493b1f", "number": "5173122993", "date": "2021-01-22 00:00:00", "subject": "0", "recorded-or-robo": "N", "city": "Leslie", "state": "MI", "area-code": "517"}, {"id": "3decc6bfadaa436a105714c6bab2d53f", "number": "6154062557", "date": "2021-01-24 03:13:00", "subject": "11", "recorded-or-robo": "Y", "city": "New Port Richey", "state": "FL", "area-code": "727"}, {"id": "03e293b3df9e35eadf15c56119493a09", "number": "6154062557", "date": "2021-01-24 03:13:00", "subject": "11", "recorded-or-robo": "Y", "city": "New Port Richey", "state": "FL", "area-code": "727"}, {"id": "3decc6bfadaa436a105714c6bab2c734", "number": "4052814440", "date": "2021-01-23 10:11:00", "subject": "4", "recorded-or-robo": "Y", "city": "Edmond", "state": "OK", "area-code": "405"}, {"id": "03e293b3df9e35eadf15c5611949344a", "number": "4052814440", "date": "2021-01-23 10:11:00", "subject": "4", "recorded-or-robo": "Y", "city": "Edmond", "state": "OK", "area-code": "405"}, {"id": "3decc6bfadaa436a105714c6bab2bbaa", "number": "3189878480", "date": "2021-01-22 18:38:00", "subject": "4", "recorded-or-robo": "Y", "city": "Leslie", "state": "MI", "area-code": "517"}, {"id": "03e293b3df9e35eadf15c56119492756", "number": "3189878480", "date": "2021-01-22 18:38:00", "subject": "4", "recorded-or-robo": "Y", "city": "Leslie", "state": "MI", "area-code": "517"}, {"id": "3decc6bfadaa436a105714c6bab2ae78", "number": "4019468903", "date": "2021-01-24 13:51:00", "subject": "2", "recorded-or-robo": "Y", "city": "bellingham", "state": "MA", "area-code": "401"}, {"id": "03e293b3df9e35eadf15c56119491ca9", "number": "4019468903", "date": "2021-01-24 13:51:00", "subject": "2", "recorded-or-robo": "Y", "city": "bellingham", "state": "MA", "area-code": "401"}, {"id": "3decc6bfadaa436a105714c6bab2a6bb", "number": "4052814402", "date": "2021-01-23 09:04:00", "subject": "4", "recorded-or-robo": "Y", "city": "Edmond", "state": "OK", "area-code": "405"}, {"id": "03e293b3df9e35eadf15c56119491451", "number": "4052814402", "date": "2021-01-23 09:04:00", "subject": "4", "recorded-or-robo": "Y", "city": "Edmond", "state": "OK", "area-code": "405"}, {"id": "3decc6bfadaa436a105714c6bab297b4", "number": "2017547327", "date": "2021-01-24 10:58:00", "subject": "2", "recorded-or-robo": "Y", "city": "Fort Lee", "state": "NJ", "area-code": "201"}, {"id": "03e293b3df9e35eadf15c56119490c44", "number": "2017547327", "date": "2021-01-24 10:58:00", "subject": "2", "recorded-or-robo": "Y", "city": "Fort Lee", "state": "NJ", "area-code": "201"}, {"id": "3decc6bfadaa436a105714c6bab28c89", "number": "26242364185", "date": "2021-01-22 17:42:00", "subject": "1", "recorded-or-robo": "Y", "city": "Edmond", "state": "OK", "area-code": "405"}, {"id": "03e293b3df9e35eadf15c5611949075a", "number": "26242364185", "date": "2021-01-22 17:42:00", "subject": "1", "recorded-or-robo": "Y", "city": "Edmond", "state": "OK", "area-code": "405"}, {"id": "3decc6bfadaa436a105714c6bab2899b", "number": "7194517144", "date": "2021-01-23 09:52:00", "subject": "4", "recorded-or-robo": "Y", "city": "Leslie", "state": "MI", "area-code": "517"}, {"id": "03e293b3df9e35eadf15c5611948fe1e", "number": "7194517144", "date": "2021-01-23 09:52:00", "subject": "4", "recorded-or-robo": "Y", "city": "Leslie", "state": "MI", "area-code": "517"}, {"id": "3decc6bfadaa436a105714c6bab2862f", "number": "", "date": "2021-01-24 14:11:00", "subject": "1", "recorded-or-robo": "Y", "city": "Saint Louis", "state": "MO", "area-code": "314"}, {"id": "03e293b3df9e35eadf15c5611948f6e0", "number": "", "date": "2021-01-24 14:11:00", "subject": "1", "recorded-or-robo": "Y", "city": "Saint Louis", "state": "MO", "area-code": "314"}, {"id": "3decc6bfadaa436a105714c6bab27d6b", "number": "6265361094", "date": "2021-01-24 07:16:00", "subject": "7", "recorded-or-robo": "Y", "city": "Los Angeles", "state": "CA", "area-code": "626"}, {"id": "03e293b3df9e35eadf15c5611948ed3a", "number": "6265361094", "date": "2021-01-24 07:16:00", "subject": "7", "recorded-or-robo": "Y", "city": "Los Angeles", "state": "CA", "area-code": "626"}, {"id": "3decc6bfadaa436a105714c6bab27996", "number": "9182653011", "date": "2021-01-22 15:40:00", "subject": "0", "recorded-or-robo": "Y", "city": "Edmond", "state": "OK", "area-code": "405"}, {"id": "03e293b3df9e35eadf15c5611948e6f7", "number": "9182653011", "date": "2021-01-22 15:40:00", "subject": "0", "recorded-or-robo": "Y", "city": "Edmond", "state": "OK", "area-code": "405"}, {"id": "3decc6bfadaa436a105714c6bab26aa7", "number": "7213058", "date": "2021-01-24 10:55:00", "subject": "0", "recorded-or-robo": "Y", "city": "", "state": "CA", "area-code": "323"}, {"id": "03e293b3df9e35eadf15c5611948dd25", "number": "7213058", "date": "2021-01-24 10:55:00", "subject": "0", "recorded-or-robo": "Y", "city": "", "state": "CA", "area-code": "323"}, {"id": "3decc6bfadaa436a105714c6bab25b3b", "number": "4052814449", "date": "2021-01-22 15:30:00", "subject": "4", "recorded-or-robo": "Y", "city": "Edmond", "state": "OK", "area-code": "405"}, {"id": "03e293b3df9e35eadf15c5611948d94e", "number": "4052814449", "date": "2021-01-22 15:30:00", "subject": "4", "recorded-or-robo": "Y", "city": "Edmond", "state": "OK", "area-code": "405"}, {"id": "3decc6bfadaa436a105714c6bab24d82", "number": "4052570647", "date": "2021-01-22 15:21:00", "subject": "0", "recorded-or-robo": "", "city": "Edmond", "state": "OK", "area-code": "405"}, {"id": "03e293b3df9e35eadf15c5611948d19c", "number": "4052570647", "date": "2021-01-22 15:21:00", "subject": "0", "recorded-or-robo": "", "city": "Edmond", "state": "OK", "area-code": "405"}]}