{"data": [{"id": "03e293b3df9e35eadf15c561195a64b3", "number": "7327769777", "date": "2021-01-17 20:05:00", "subject": "2\n", "recorded-or-robo": "Y", "city": "Winchester", "state": "KY", "area-code": "859"}, {"id": "03e293b3df9e35eadf15c561195a5dc2", "number": "2017750780", "date": "2021-01-20 13:17:00", "subject": "2\n", "recorded-or-robo": "", "city": "Hasbrouck Heights", "state": "NJ", "area-code": "201"}, {"id": "03e293b3df9e35eadf15c561195a5c8e", "number": "2012409772", "date": "2021-01-20 13:50:00", "subject": "2\n", "recorded-or-robo": "", "city": "Hasbrouck Heights", "state": "NJ", "area-code": "201"}, {"id": "03e293b3df9e35eadf15c561195a5bde", "number": "", "date": "2021-01-24 12:00:00", "subject": "11\n", "recorded-or-robo": "Y", "city": "Plant City", "state": "FL", "area-code": "813"}, {"id": "03e293b3df9e35eadf15c561195a517e", "number": "4496535", "date": "2021-01-19 09:20:00", "subject": "2\n", "recorded-or-robo": "Y", "city": "Winchester", "state": "KY", "area-code": "859"}, {"id": "03e293b3df9e35eadf15c561195a41cc", "number": "20121087793", "date": "2021-01-20 16:56:00", "subject": "2\n", "recorded-or-robo": "", "city": "Hasbrouck Heights", "state": "NJ", "area-code": "201"}, {"id": "03e293b3df9e35eadf15c561195a3e33", "number": "7272511311", "date": "2021-01-24 14:48:00", "subject": "1\n", "recorded-or-robo": "Y", "city": "Panama City Beach", "state": "FL", "area-code": "727"}, {"id": "03e293b3df9e35eadf15c561195a3df8", "number": "5029928275", "date": "2021-01-19 11:56:00", "subject": "2\n", "recorded-or-robo": "Y", "city": "Winchester", "state": "KY", "area-code": "859"}, {"id": "03e293b3df9e35eadf15c561195a3a6b", "number": "7147555888", "date": "2021-01-22 10:12:00", "subject": "4\n", "recorded-or-robo": "Y", "city": "SYLMAR,", "state": "CA", "area-code": "818"}, {"id": "03e293b3df9e35eadf15c561195a392d", "number": "2012970851", "date": "2021-01-20 18:09:00", "subject": "2\n", "recorded-or-robo": "", "city": "Hasbrouck Heights", "state": "NJ", "area-code": "201"}, {"id": "03e293b3df9e35eadf15c561195a3574", "number": "2012882099", "date": "2021-01-21 09:14:00", "subject": "2\n", "recorded-or-robo": "", "city": "Hasbrouck Heights", "state": "NJ", "area-code": "201"}, {"id": "03e293b3df9e35eadf15c561195a2701", "number": "9095512341", "date": "2021-01-22 11:19:00", "subject": "0\n", "recorded-or-robo": "Y", "city": "SYLMAR,", "state": "CA", "area-code": "818"}, {"id": "03e293b3df9e35eadf15c561195a1cb0", "number": "6627541186", "date": "2021-01-23 10:18:00", "subject": "3\n", "recorded-or-robo": "Y", "city": "Camarillo", "state": "CA", "area-code": "805"}, {"id": "03e293b3df9e35eadf15c561195a1596", "number": "7272513267", "date": "2021-01-24 14:35:00", "subject": "1\n", "recorded-or-robo": "Y", "city": "Panama City Beach", "state": "FL", "area-code": "727"}, {"id": "03e293b3df9e35eadf15c561195a13e6", "number": "2012487144", "date": "2021-01-21 10:45:00", "subject": "2\n", "recorded-or-robo": "", "city": "Hasbrouck Heights", "state": "NJ", "area-code": "201"}, {"id": "03e293b3df9e35eadf15c561195a109b", "number": "1822665", "date": "2021-01-21 09:54:00", "subject": "2\n", "recorded-or-robo": "Y", "city": "Winchester", "state": "KY", "area-code": "859"}, {"id": "03e293b3df9e35eadf15c561195a1003", "number": "5304470088", "date": "2021-01-24 15:14:00", "subject": "0\n", "recorded-or-robo": "N", "city": "Livermore", "state": "CA", "area-code": "925"}, {"id": "03e293b3df9e35eadf15c561195a0825", "number": "8187258542", "date": "2021-01-22 12:42:00", "subject": "0\n", "recorded-or-robo": "Y", "city": "SYLMAR,", "state": "CA", "area-code": "818"}, {"id": "03e293b3df9e35eadf15c5611959fbbe", "number": "3176761064", "date": "2021-01-23 13:05:00", "subject": "2\n", "recorded-or-robo": "Y", "city": "Providence", "state": "RI", "area-code": "401"}, {"id": "03e293b3df9e35eadf15c5611959f9cc", "number": "2012515302", "date": "2021-01-21 11:14:00", "subject": "2\n", "recorded-or-robo": "", "city": "Hasbrouck Heights", "state": "NJ", "area-code": "201"}, {"id": "03e293b3df9e35eadf15c5611959f96c", "number": "7272518150", "date": "2021-01-24 13:59:00", "subject": "1\n", "recorded-or-robo": "Y", "city": "Panama City Beach", "state": "FL", "area-code": "727"}, {"id": "03e293b3df9e35eadf15c5611959f041", "number": "8037874248", "date": "2021-01-23 15:52:00", "subject": "3\n", "recorded-or-robo": "Y", "city": "Camarillo", "state": "CA", "area-code": "805"}, {"id": "03e293b3df9e35eadf15c5611959e749", "number": "9128756211", "date": "2021-01-22 17:10:00", "subject": "2\n", "recorded-or-robo": "Y", "city": "Winchester", "state": "KY", "area-code": "859"}, {"id": "03e293b3df9e35eadf15c5611959dcd3", "number": "8185410651", "date": "2021-01-24 10:43:00", "subject": "0\n", "recorded-or-robo": "Y", "city": "SYLMAR,", "state": "CA", "area-code": "818"}, {"id": "03e293b3df9e35eadf15c5611959d6be", "number": "2012532893", "date": "2021-01-21 11:47:00", "subject": "2\n", "recorded-or-robo": "", "city": "Hasbrouck Heights", "state": "NJ", "area-code": "201"}, {"id": "03e293b3df9e35eadf15c5611959d0cc", "number": "4689830796", "date": "2021-01-20 12:00:00", "subject": "1\n", "recorded-or-robo": "N", "city": "Grapevine", "state": "TX", "area-code": "817"}, {"id": "03e293b3df9e35eadf15c5611959c808", "number": "9364171150", "date": "2021-01-24 15:07:00", "subject": "13\n", "recorded-or-robo": "N", "city": "Brooksville", "state": "FL", "area-code": "727"}, {"id": "03e293b3df9e35eadf15c5611959b8e4", "number": "2012651707", "date": "2021-01-21 11:56:00", "subject": "2\n", "recorded-or-robo": "", "city": "Hasbrouck Heights", "state": "NJ", "area-code": "201"}, {"id": "03e293b3df9e35eadf15c5611959aa90", "number": "7272514929", "date": "2021-01-24 13:27:00", "subject": "1\n", "recorded-or-robo": "Y", "city": "Panama City Beach", "state": "FL", "area-code": "727"}, {"id": "03e293b3df9e35eadf15c56119599dd9", "number": "", "date": "2021-01-24 16:57:00", "subject": "3\n", "recorded-or-robo": "Y", "city": "", "state": "MO", "area-code": "314"}, {"id": "03e293b3df9e35eadf15c561195994fc", "number": "3152328257", "date": "2021-01-24 17:00:00", "subject": "11\n", "recorded-or-robo": "Y", "city": "Afton", "state": "NY", "area-code": "607"}, {"id": "03e293b3df9e35eadf15c561195992dc", "number": "2012683483", "date": "2021-01-21 13:37:00", "subject": "2\n", "recorded-or-robo": "", "city": "Hasbrouck Heights", "state": "NJ", "area-code": "201"}, {"id": "03e293b3df9e35eadf15c56119598764", "number": "2245340272", "date": "2021-01-21 13:37:00", "subject": "2\n", "recorded-or-robo": "", "city": "Hasbrouck Heights", "state": "NJ", "area-code": "201"}, {"id": "03e293b3df9e35eadf15c56119597bd6", "number": "4082214599", "date": "2021-01-24 15:15:00", "subject": "2\n", "recorded-or-robo": "N", "city": "", "state": "CA", "area-code": "209"}, {"id": "03e293b3df9e35eadf15c561195972c8", "number": "8184337425", "date": "2021-01-24 13:09:00", "subject": "12\n", "recorded-or-robo": "Y", "city": "SYLMAR,", "state": "CA", "area-code": "818"}, {"id": "03e293b3df9e35eadf15c56119596c94", "number": "6035895340", "date": "2021-01-20 12:20:00", "subject": "0\n", "recorded-or-robo": "", "city": "Manchester", "state": "NH", "area-code": "603"}, {"id": "03e293b3df9e35eadf15c5611959624f", "number": "2012208271", "date": "2021-01-21 15:10:00", "subject": "2\n", "recorded-or-robo": "", "city": "Hasbrouck Heights", "state": "NJ", "area-code": "201"}, {"id": "03e293b3df9e35eadf15c56119595d6b", "number": "7272513600", "date": "2021-01-24 11:55:00", "subject": "1\n", "recorded-or-robo": "Y", "city": "Panama City Beach", "state": "FL", "area-code": "727"}, {"id": "03e293b3df9e35eadf15c56119595939", "number": "2012124012", "date": "2021-01-21 16:40:00", "subject": "2\n", "recorded-or-robo": "", "city": "Hasbrouck Heights", "state": "NJ", "area-code": "201"}, {"id": "03e293b3df9e35eadf15c561195957f8", "number": "7324019934", "date": "2021-01-24 16:24:00", "subject": "0\n", "recorded-or-robo": "N", "city": "", "state": "NJ", "area-code": "732"}, {"id": "03e293b3df9e35eadf15c56119594e7b", "number": "8183309262", "date": "2021-01-24 13:08:00", "subject": "12\n", "recorded-or-robo": "Y", "city": "SYLMAR,", "state": "CA", "area-code": "818"}, {"id": "03e293b3df9e35eadf15c5611959427d", "number": "2012312819", "date": "2021-01-21 17:09:00", "subject": "2\n", "recorded-or-robo": "", "city": "Hasbrouck Heights", "state": "NJ", "area-code": "201"}, {"id": "03e293b3df9e35eadf15c56119593983", "number": "3145173849", "date": "2021-01-24 17:05:00", "subject": "2\n", "recorded-or-robo": "Y", "city": "SAINT LOUIS", "state": "MO", "area-code": "314"}, {"id": "03e293b3df9e35eadf15c56119592e07", "number": "5415460058", "date": "2021-01-20 14:10:00", "subject": "0\n", "recorded-or-robo": "", "city": "Manchester", "state": "NH", "area-code": "603"}, {"id": "03e293b3df9e35eadf15c56119592884", "number": "7272514252", "date": "2021-01-24 11:47:00", "subject": "1\n", "recorded-or-robo": "Y", "city": "Panama City Beach", "state": "FL", "area-code": "727"}, {"id": "03e293b3df9e35eadf15c56119592700", "number": "4173346428", "date": "2021-01-24 16:45:00", "subject": "1\n", "recorded-or-robo": "Y", "city": "", "state": "MO", "area-code": "417"}, {"id": "03e293b3df9e35eadf15c56119591bbe", "number": "2012234516", "date": "2021-01-21 19:17:00", "subject": "2\n", "recorded-or-robo": "", "city": "Hasbrouck Heights", "state": "NJ", "area-code": "201"}, {"id": "03e293b3df9e35eadf15c5611959108d", "number": "8333041447", "date": "2021-01-18 10:31:00", "subject": "2\n", "recorded-or-robo": "Y", "city": "Irving", "state": "TX", "area-code": "972"}, {"id": "03e293b3df9e35eadf15c56119590918", "number": "5415460058", "date": "2021-01-22 14:01:00", "subject": "0\n", "recorded-or-robo": "", "city": "Manchester", "state": "NH", "area-code": "603"}, {"id": "03e293b3df9e35eadf15c5611958fc75", "number": "5419451244", "date": "2021-01-24 14:22:00", "subject": "2\n", "recorded-or-robo": "Y", "city": "Grants Pass", "state": "OR", "area-code": "541"}]}