{"data": [{"id": "03e293b3df9e35eadf15c561194b497e", "number": "8801700741870", "date": "2021-01-23 13:06:00", "subject": "1\n", "recorded-or-robo": "Y", "city": "FERGUSON", "state": "MO", "area-code": "314"}, {"id": "03e293b3df9e35eadf15c561194b3a87", "number": "01242021", "date": "2021-01-24 14:30:00", "subject": "1\n", "recorded-or-robo": "Y", "city": "Fayette", "state": "MO", "area-code": "660"}, {"id": "03e293b3df9e35eadf15c561194b3a45", "number": "7275777815", "date": "2021-01-24 12:00:00", "subject": "1\n", "recorded-or-robo": "Y", "city": "Saint Petersburg", "state": "FL", "area-code": "727"}, {"id": "03e293b3df9e35eadf15c561194b38ca", "number": "3177483924", "date": "2021-01-16 17:16:00", "subject": "1\n", "recorded-or-robo": "Y", "city": "Indianapolis", "state": "IN", "area-code": "317"}, {"id": "03e293b3df9e35eadf15c561194b3289", "number": "3022625820", "date": "2021-01-24 15:34:00", "subject": "2\n", "recorded-or-robo": "N", "city": "Newark", "state": "DE", "area-code": "302"}, {"id": "03e293b3df9e35eadf15c561194b3070", "number": "6269002435", "date": "2021-01-23 17:53:00", "subject": "1\n", "recorded-or-robo": "Y", "city": "Conway", "state": "SC", "area-code": "843"}, {"id": "03e293b3df9e35eadf15c561194b2251", "number": "", "date": "2021-01-23 13:45:00", "subject": "2\n", "recorded-or-robo": "N", "city": "", "state": "FL", "area-code": "813"}, {"id": "03e293b3df9e35eadf15c561194b1962", "number": "2232015264", "date": "2021-01-23 20:27:00", "subject": "2\n", "recorded-or-robo": "N", "city": "", "state": "PA", "area-code": "814"}, {"id": "03e293b3df9e35eadf15c561194ae0b6", "number": "6892233943", "date": "2021-01-24 15:36:00", "subject": "3\n", "recorded-or-robo": "", "city": "", "state": "WV", "area-code": "304"}, {"id": "03e293b3df9e35eadf15c561194b096a", "number": "3013290464", "date": "2021-01-20 11:20:00", "subject": "2\n", "recorded-or-robo": "Y", "city": "", "state": "MD", "area-code": "301"}, {"id": "03e293b3df9e35eadf15c561194b033b", "number": "5402990365", "date": "2021-01-24 03:35:00", "subject": "2\n", "recorded-or-robo": "Y", "city": "", "state": "VA", "area-code": "703"}, {"id": "03e293b3df9e35eadf15c561194af9f9", "number": "2567728860", "date": "2021-01-24 14:33:00", "subject": "2\n", "recorded-or-robo": "N", "city": "", "state": "IA", "area-code": "515"}, {"id": "03e293b3df9e35eadf15c561194aeae1", "number": "5098847148", "date": "2021-01-24 09:29:00", "subject": "2\n", "recorded-or-robo": "Y", "city": "East Wenatchee", "state": "WA", "area-code": "509"}, {"id": "03e293b3df9e35eadf15c561194ae446", "number": "7023407747", "date": "2020-12-27 11:30:00", "subject": "11\n", "recorded-or-robo": "Y", "city": "", "state": "NV", "area-code": "702"}, {"id": "03e293b3df9e35eadf15c561194ad7e1", "number": "8143770068", "date": "2021-01-22 13:59:00", "subject": "2\n", "recorded-or-robo": "N", "city": "", "state": "PA", "area-code": "814"}, {"id": "03e293b3df9e35eadf15c561194ad73a", "number": "6107238105", "date": "2021-01-23 14:22:00", "subject": "0\n", "recorded-or-robo": "Y", "city": "", "state": "", "area-code": "610"}, {"id": "03e293b3df9e35eadf15c561194acbc0", "number": "3152328257", "date": "2021-01-24 14:25:00", "subject": "1\n", "recorded-or-robo": "Y", "city": "Nashville", "state": "TN", "area-code": "217"}, {"id": "03e293b3df9e35eadf15c561194ac9c8", "number": "8143770068", "date": "2021-01-22 13:59:00", "subject": "2\n", "recorded-or-robo": "N", "city": "", "state": "PA", "area-code": "814"}, {"id": "03e293b3df9e35eadf15c561194abc49", "number": "3152328257", "date": "2021-01-24 08:57:00", "subject": "1\n", "recorded-or-robo": "Y", "city": "Bellevue", "state": "WA", "area-code": "425"}, {"id": "03e293b3df9e35eadf15c561194ab0a8", "number": "3152328257", "date": "2021-01-24 14:00:00", "subject": "1\n", "recorded-or-robo": "Y", "city": "Cudahy", "state": "WI", "area-code": "414"}, {"id": "03e293b3df9e35eadf15c561194aa5c8", "number": "3023875653", "date": "2021-01-24 15:20:00", "subject": "11\n", "recorded-or-robo": "N", "city": "Fort Mlll", "state": "SC", "area-code": "803"}, {"id": "03e293b3df9e35eadf15c561194a990f", "number": "4848915781", "date": "2021-01-10 19:09:00", "subject": "2\n", "recorded-or-robo": "N", "city": "", "state": "PA", "area-code": "814"}, {"id": "03e293b3df9e35eadf15c561194a949e", "number": "7199411431", "date": "2021-01-24 13:07:00", "subject": "2\n", "recorded-or-robo": "N", "city": "Colorado Spgs", "state": "CO", "area-code": "719"}, {"id": "03e293b3df9e35eadf15c561194a86f4", "number": "8887463423", "date": "2021-01-23 14:11:00", "subject": "2\n", "recorded-or-robo": "Y", "city": "Jefferson", "state": "GA", "area-code": "706"}, {"id": "03e293b3df9e35eadf15c561194a84c4", "number": "9154715054", "date": "2021-01-24 13:19:00", "subject": "11\n", "recorded-or-robo": "Y", "city": "El Paso", "state": "TX", "area-code": "915"}, {"id": "03e293b3df9e35eadf15c561194a7dc3", "number": "", "date": "2021-01-24 14:59:00", "subject": "2\n", "recorded-or-robo": "N", "city": "Coral Springs", "state": "FL", "area-code": "954"}, {"id": "03e293b3df9e35eadf15c561194a7143", "number": "5052057558", "date": "2021-01-24 13:20:00", "subject": "11\n", "recorded-or-robo": "Y", "city": "Albuquerque", "state": "NM", "area-code": "505"}, {"id": "03e293b3df9e35eadf15c561194a676f", "number": "3145705311", "date": "2021-01-23 12:00:00", "subject": "2\n", "recorded-or-robo": "Y", "city": "Grover", "state": "MO", "area-code": "314"}, {"id": "03e293b3df9e35eadf15c561194a6482", "number": "2724228009", "date": "2021-01-24 15:20:00", "subject": "2\n", "recorded-or-robo": "Y", "city": "hillsborough", "state": "NJ", "area-code": "908"}, {"id": "03e293b3df9e35eadf15c561194a5828", "number": "8587351477", "date": "2021-01-24 12:00:00", "subject": "2\n", "recorded-or-robo": "Y", "city": "C", "state": "CA", "area-code": "858"}, {"id": "03e293b3df9e35eadf15c561194a4c61", "number": "6154062094", "date": "2021-01-24 14:40:00", "subject": "11\n", "recorded-or-robo": "Y", "city": "New Port Richey", "state": "FL", "area-code": "727"}, {"id": "03e293b3df9e35eadf15c561194a45dc", "number": "9515319257", "date": "2020-12-14 12:00:00", "subject": "2\n", "recorded-or-robo": "N", "city": "Fresno", "state": "CA", "area-code": "831"}, {"id": "03e293b3df9e35eadf15c561194a43d9", "number": "6154066228", "date": "2021-01-24 14:47:00", "subject": "11\n", "recorded-or-robo": "Y", "city": "New Port Richey", "state": "FL", "area-code": "727"}, {"id": "03e293b3df9e35eadf15c561194a3708", "number": "7242537973", "date": "2021-01-24 15:27:00", "subject": "1\n", "recorded-or-robo": "Y", "city": "", "state": "PA", "area-code": "724"}, {"id": "03e293b3df9e35eadf15c561194a2942", "number": "5172088057", "date": "2021-01-18 11:34:00", "subject": "0\n", "recorded-or-robo": "Y", "city": "Leslie", "state": "MI", "area-code": "517"}, {"id": "03e293b3df9e35eadf15c561194a1ffc", "number": "", "date": "2021-01-23 12:00:00", "subject": "2\n", "recorded-or-robo": "N", "city": "Crown Point", "state": "IN", "area-code": "219"}, {"id": "03e293b3df9e35eadf15c561194a10cf", "number": "6154069742", "date": "2021-01-24 14:54:00", "subject": "11\n", "recorded-or-robo": "Y", "city": "New Port Richey", "state": "FL", "area-code": "727"}, {"id": "03e293b3df9e35eadf15c561194a06c7", "number": "4842790237", "date": "2021-01-18 15:07:00", "subject": "0\n", "recorded-or-robo": "Y", "city": "Leslie", "state": "MI", "area-code": "517"}, {"id": "03e293b3df9e35eadf15c5611949fcb5", "number": "", "date": "2021-01-22 18:01:00", "subject": "4\n", "recorded-or-robo": "Y", "city": "Ballwin", "state": "MO", "area-code": "314"}, {"id": "03e293b3df9e35eadf15c5611949eea1", "number": "5178513547", "date": "2021-01-19 17:55:00", "subject": "4\n", "recorded-or-robo": "Y", "city": "Leslie", "state": "MI", "area-code": "517"}, {"id": "03e293b3df9e35eadf15c5611949eab1", "number": "6154062557", "date": "2021-01-24 15:06:00", "subject": "11\n", "recorded-or-robo": "Y", "city": "New Port Richey", "state": "FL", "area-code": "727"}, {"id": "03e293b3df9e35eadf15c5611949dacd", "number": "", "date": "2021-01-24 15:12:00", "subject": "2\n", "recorded-or-robo": "Y", "city": "New Port Richey", "state": "FL", "area-code": "727"}, {"id": "03e293b3df9e35eadf15c5611949d402", "number": "3046848916", "date": "2021-01-20 12:20:00", "subject": "0\n", "recorded-or-robo": "Y", "city": "Leslie", "state": "MI", "area-code": "517"}, {"id": "03e293b3df9e35eadf15c5611949c958", "number": "9404545067", "date": "2021-01-14 17:07:00", "subject": "4\n", "recorded-or-robo": "Y", "city": "Cedar Park", "state": "TX", "area-code": "512"}, {"id": "03e293b3df9e35eadf15c5611949c62d", "number": "8772270844", "date": "2021-01-21 20:44:00", "subject": "2\n", "recorded-or-robo": "N", "city": "Miami", "state": "FL", "area-code": "305"}, {"id": "03e293b3df9e35eadf15c5611949b6d0", "number": "", "date": "2021-01-23 12:00:00", "subject": "2\n", "recorded-or-robo": "Y", "city": "Woodbury", "state": "MN", "area-code": "651"}, {"id": "03e293b3df9e35eadf15c5611949aa9e", "number": "5178580411", "date": "2021-01-20 12:40:00", "subject": "0\n", "recorded-or-robo": "Y", "city": "Leslie", "state": "MI", "area-code": "517"}, {"id": "03e293b3df9e35eadf15c5611949a0f5", "number": "3144351621", "date": "2021-01-24 12:14:00", "subject": "2\n", "recorded-or-robo": "Y", "city": "Saint clair", "state": "MO", "area-code": "314"}, {"id": "03e293b3df9e35eadf15c561194996f9", "number": "7275223927", "date": "2021-01-24 12:00:00", "subject": "1\n", "recorded-or-robo": "N", "city": "St Petersburg", "state": "FL", "area-code": "727"}, {"id": "03e293b3df9e35eadf15c56119499662", "number": "7274328922", "date": "2021-01-24 15:20:00", "subject": "1\n", "recorded-or-robo": "Y", "city": "St. Petersburg", "state": "FL", "area-code": "727"}]}