{"data": [{"id": "03e293b3df9e35eadf15c561193150bc", "number": "8556784570", "date": "2021-01-24 11:34:00", "subject": "2\n", "recorded-or-robo": "Y", "city": "Pickerington", "state": "OH", "area-code": "740"}, {"id": "03e293b3df9e35eadf15c56119314402", "number": "4085085500", "date": "2021-01-24 09:55:00", "subject": "1\n", "recorded-or-robo": "N", "city": "", "state": "FL", "area-code": "727"}, {"id": "03e293b3df9e35eadf15c56119314002", "number": "5099462795", "date": "2021-01-24 08:34:00", "subject": "2\n", "recorded-or-robo": "Y", "city": "Richland", "state": "WA", "area-code": "509"}, {"id": "03e293b3df9e35eadf15c5611931345d", "number": "8556788252", "date": "2021-01-24 12:03:00", "subject": "11\n", "recorded-or-robo": "Y", "city": "Sunbury", "state": "OH", "area-code": "740"}, {"id": "03e293b3df9e35eadf15c56119312f6a", "number": "8556785395", "date": "2021-01-24 11:42:00", "subject": "2\n", "recorded-or-robo": "Y", "city": "Pickerington", "state": "OH", "area-code": "740"}, {"id": "03e293b3df9e35eadf15c56119312e26", "number": "3152328257", "date": "2021-01-24 09:03:00", "subject": "1\n", "recorded-or-robo": "Y", "city": "West Richland", "state": "WA", "area-code": "509"}, {"id": "03e293b3df9e35eadf15c561193125cb", "number": "4807162146", "date": "2021-01-24 10:14:00", "subject": "2\n", "recorded-or-robo": "N", "city": "PHOENIX", "state": "AZ", "area-code": "602"}, {"id": "03e293b3df9e35eadf15c561193115e7", "number": "2693094312", "date": "2021-01-24 10:20:00", "subject": "0\n", "recorded-or-robo": "Y", "city": "Muskegon", "state": "MI", "area-code": "231"}, {"id": "03e293b3df9e35eadf15c5611931154d", "number": "2693094446", "date": "2021-01-22 16:53:00", "subject": "2\n", "recorded-or-robo": "Y", "city": "Fort Gratiot", "state": "MI", "area-code": "810"}, {"id": "03e293b3df9e35eadf15c56119310f3e", "number": "8556785355", "date": "2021-01-24 11:48:00", "subject": "2\n", "recorded-or-robo": "Y", "city": "Pickerington", "state": "OH", "area-code": "740"}, {"id": "03e293b3df9e35eadf15c56119310a98", "number": "9034142116", "date": "2021-01-22 09:45:00", "subject": "2\n", "recorded-or-robo": "Y", "city": "Longview", "state": "TX", "area-code": "903"}, {"id": "03e293b3df9e35eadf15c5611930fb9c", "number": "9476667247", "date": "2020-12-23 14:43:00", "subject": "1\n", "recorded-or-robo": "Y", "city": "Fort Gratiot", "state": "MI", "area-code": "810"}, {"id": "03e293b3df9e35eadf15c5611930ecf2", "number": "8556780229", "date": "2021-01-24 11:00:00", "subject": "2\n", "recorded-or-robo": "Y", "city": "Pickerington", "state": "OH", "area-code": "740"}, {"id": "03e293b3df9e35eadf15c5611930dfb8", "number": "5099466961", "date": "2021-01-24 08:09:00", "subject": "2\n", "recorded-or-robo": "Y", "city": "Richland", "state": "WA", "area-code": "509"}, {"id": "03e293b3df9e35eadf15c5611930d4a3", "number": "9476667220", "date": "2020-12-28 15:07:00", "subject": "1\n", "recorded-or-robo": "Y", "city": "Fort Gratiot", "state": "MI", "area-code": "810"}, {"id": "03e293b3df9e35eadf15c5611930c701", "number": "3145032256", "date": "2021-01-24 09:28:00", "subject": "2\n", "recorded-or-robo": "Y", "city": "St. Louis", "state": "MO", "area-code": "314"}, {"id": "03e293b3df9e35eadf15c5611930b888", "number": "4079822624", "date": "2021-01-23 17:24:00", "subject": "1\n", "recorded-or-robo": "Y", "city": "Falls Church", "state": "VA", "area-code": "703"}, {"id": "03e293b3df9e35eadf15c5611930b019", "number": "3152328257", "date": "2021-01-24 11:30:00", "subject": "11\n", "recorded-or-robo": "Y", "city": "New Carlisle", "state": "IN", "area-code": "574"}, {"id": "03e293b3df9e35eadf15c5611930ab57", "number": "2625468912", "date": "2021-01-24 11:00:00", "subject": "3\n", "recorded-or-robo": "", "city": "", "state": "WI", "area-code": "920"}, {"id": "03e293b3df9e35eadf15c5611930ab14", "number": "1243909761521", "date": "2021-01-24 09:45:00", "subject": "2\n", "recorded-or-robo": "Y", "city": "", "state": "IA", "area-code": "515"}, {"id": "03e293b3df9e35eadf15c56119309d75", "number": "8775898809", "date": "2021-01-23 14:11:00", "subject": "0\n", "recorded-or-robo": "", "city": "Monee", "state": "IL", "area-code": "708"}, {"id": "03e293b3df9e35eadf15c56119309050", "number": "5099463266", "date": "2021-01-24 08:01:00", "subject": "2\n", "recorded-or-robo": "Y", "city": "Richland", "state": "WA", "area-code": "509"}, {"id": "03e293b3df9e35eadf15c56119308c7f", "number": "8103571601", "date": "2020-12-23 14:43:00", "subject": "1\n", "recorded-or-robo": "Y", "city": "Fort Gratiot", "state": "MI", "area-code": "947"}, {"id": "03e293b3df9e35eadf15c561193087ca", "number": "4016380474", "date": "2021-01-15 10:43:00", "subject": "4\n", "recorded-or-robo": "Y", "city": "", "state": "RI", "area-code": "401"}, {"id": "03e293b3df9e35eadf15c56119307f15", "number": "8556780507", "date": "2021-01-24 12:00:00", "subject": "11\n", "recorded-or-robo": "Y", "city": "Ashville", "state": "OH", "area-code": "855"}, {"id": "03e293b3df9e35eadf15c56119307bf1", "number": "", "date": "2021-01-24 00:00:00", "subject": "3\n", "recorded-or-robo": "Y", "city": "castle rock", "state": "FL", "area-code": "813"}, {"id": "03e293b3df9e35eadf15c561193070f1", "number": "", "date": "2021-01-24 00:00:00", "subject": "3\n", "recorded-or-robo": "Y", "city": "castle rock", "state": "FL", "area-code": "813"}, {"id": "03e293b3df9e35eadf15c561193066d2", "number": "", "date": "2021-01-24 00:00:00", "subject": "3\n", "recorded-or-robo": "Y", "city": "castle rock", "state": "FL", "area-code": "813"}, {"id": "03e293b3df9e35eadf15c56119305d63", "number": "8132953068", "date": "2021-01-24 00:00:00", "subject": "3\n", "recorded-or-robo": "Y", "city": "castle rock", "state": "CO", "area-code": "813"}, {"id": "03e293b3df9e35eadf15c5611930561f", "number": "3108783212", "date": "2021-01-23 12:00:00", "subject": "2\n", "recorded-or-robo": "Y", "city": "Baltimore", "state": "MD", "area-code": "410"}, {"id": "03e293b3df9e35eadf15c56119304f33", "number": "5099467702", "date": "2021-01-24 07:54:00", "subject": "2\n", "recorded-or-robo": "Y", "city": "Richland", "state": "WA", "area-code": "509"}, {"id": "03e293b3df9e35eadf15c56119304cbd", "number": "9738692842", "date": "2021-01-24 11:52:00", "subject": "2\n", "recorded-or-robo": "Y", "city": "North Caldwell", "state": "NJ", "area-code": "973"}, {"id": "03e293b3df9e35eadf15c561193048f6", "number": "3152328257", "date": "2021-01-24 10:37:00", "subject": "1\n", "recorded-or-robo": "N", "city": "Jeffersonville", "state": "IN", "area-code": "574"}, {"id": "03e293b3df9e35eadf15c56119304460", "number": "3152328257", "date": "2021-01-24 11:21:00", "subject": "11\n", "recorded-or-robo": "Y", "city": "New Carlisle", "state": "IN", "area-code": "574"}, {"id": "03e293b3df9e35eadf15c56119303563", "number": "9564179260", "date": "2021-01-22 09:37:00", "subject": "2\n", "recorded-or-robo": "Y", "city": "Longview", "state": "TX", "area-code": "903"}, {"id": "03e293b3df9e35eadf15c56119302a73", "number": "", "date": "2021-01-24 10:02:00", "subject": "11\n", "recorded-or-robo": "Y", "city": "New Carlisle", "state": "IN", "area-code": "574"}, {"id": "03e293b3df9e35eadf15c5611930273a", "number": "8556781516", "date": "2021-01-24 11:42:00", "subject": "11\n", "recorded-or-robo": "Y", "city": "Granger", "state": "IN", "area-code": "574"}, {"id": "03e293b3df9e35eadf15c56119301d68", "number": "", "date": "2021-01-24 09:30:00", "subject": "2\n", "recorded-or-robo": "Y", "city": "New Carlisle", "state": "IN", "area-code": "574"}, {"id": "03e293b3df9e35eadf15c561193019a4", "number": "22064841874", "date": "2021-01-24 07:22:00", "subject": "2\n", "recorded-or-robo": "Y", "city": "Edmonds", "state": "WA", "area-code": "206"}, {"id": "03e293b3df9e35eadf15c56119301807", "number": "8609531939", "date": "2021-01-23 18:21:00", "subject": "2\n", "recorded-or-robo": "Y", "city": "Enfield", "state": "CT", "area-code": "860"}, {"id": "03e293b3df9e35eadf15c561193012b4", "number": "4012648405", "date": "2021-01-23 12:59:00", "subject": "4\n", "recorded-or-robo": "Y", "city": "", "state": "RI", "area-code": "401"}, {"id": "03e293b3df9e35eadf15c56119300693", "number": "4406699950", "date": "2021-01-24 11:52:00", "subject": "2\n", "recorded-or-robo": "Y", "city": "Bay Village", "state": "OH", "area-code": "440"}, {"id": "03e293b3df9e35eadf15c5611930035d", "number": "8556781042", "date": "2021-01-24 11:56:00", "subject": "11\n", "recorded-or-robo": "Y", "city": "Galena", "state": "OH", "area-code": "740"}, {"id": "03e293b3df9e35eadf15c561192ff387", "number": "6179246971", "date": "2021-01-22 13:40:00", "subject": "0\n", "recorded-or-robo": "Y", "city": "Randolph", "state": "MA", "area-code": "781"}, {"id": "03e293b3df9e35eadf15c561192fecb0", "number": "6603296674", "date": "2021-01-24 12:00:00", "subject": "2\n", "recorded-or-robo": "Y", "city": "Carrollton", "state": "MO", "area-code": "660"}, {"id": "03e293b3df9e35eadf15c561192fe88a", "number": "8556783430", "date": "2021-01-24 06:30:00", "subject": "11\n", "recorded-or-robo": "Y", "city": "YAKIMA", "state": "WA", "area-code": "509"}, {"id": "03e293b3df9e35eadf15c561192fe883", "number": "6892021526", "date": "2021-01-24 09:48:00", "subject": "2\n", "recorded-or-robo": "Y", "city": "", "state": "FL", "area-code": "407"}, {"id": "03e293b3df9e35eadf15c561192fe6af", "number": "8762211356", "date": "2021-01-23 11:18:00", "subject": "2\n", "recorded-or-robo": "N", "city": "", "state": "MN", "area-code": "507"}, {"id": "03e293b3df9e35eadf15c561192fe135", "number": "3152328257", "date": "2021-01-24 10:57:00", "subject": "11\n", "recorded-or-robo": "Y", "city": "New Carlisle", "state": "IN", "area-code": "855"}, {"id": "03e293b3df9e35eadf15c561192fd604", "number": "8103571601", "date": "2021-01-22 16:53:00", "subject": "0\n", "recorded-or-robo": "Y", "city": "Fort Gratiot", "state": "MI", "area-code": "269"}]}