{"data": [{"id": "03e293b3df9e35eadf15c561194988a3", "number": "5173065351", "date": "2021-01-20 13:59:00", "subject": "4\n", "recorded-or-robo": "Y", "city": "Leslie", "state": "MI", "area-code": "517"}, {"id": "03e293b3df9e35eadf15c56119497baa", "number": "6154068688", "date": "2021-01-24 14:35:00", "subject": "11\n", "recorded-or-robo": "Y", "city": "New Port Richey", "state": "FL", "area-code": "727"}, {"id": "03e293b3df9e35eadf15c561194970c3", "number": "3152328257", "date": "2021-01-24 15:07:00", "subject": "2\n", "recorded-or-robo": "Y", "city": "Newark", "state": "OH", "area-code": "740"}, {"id": "03e293b3df9e35eadf15c56119497023", "number": "85567852518556786", "date": "2021-01-24 07:00:00", "subject": "2\n", "recorded-or-robo": "Y", "city": "West Richland", "state": "WA", "area-code": "509"}, {"id": "03e293b3df9e35eadf15c561194967fe", "number": "5175811703", "date": "2021-01-21 10:03:00", "subject": "0\n", "recorded-or-robo": "Y", "city": "Leslie", "state": "MI", "area-code": "517"}, {"id": "03e293b3df9e35eadf15c5611949650b", "number": "3152328257", "date": "2021-01-24 14:04:00", "subject": "11\n", "recorded-or-robo": "Y", "city": "Town and Country", "state": "MO", "area-code": "314"}, {"id": "03e293b3df9e35eadf15c561194959ee", "number": "8019302370", "date": "2021-01-21 19:16:00", "subject": "13\n", "recorded-or-robo": "Y", "city": "MOAB", "state": "UT", "area-code": "801"}, {"id": "03e293b3df9e35eadf15c56119495135", "number": "6058469869", "date": "2021-01-21 12:20:00", "subject": "0\n", "recorded-or-robo": "Y", "city": "Leslie", "state": "MI", "area-code": "517"}, {"id": "03e293b3df9e35eadf15c5611949458a", "number": "3028280057", "date": "2021-01-22 12:17:00", "subject": "2\n", "recorded-or-robo": "Y", "city": "Leslie", "state": "MI", "area-code": "517"}, {"id": "03e293b3df9e35eadf15c56119493d00", "number": "7274328922", "date": "2021-01-24 15:20:00", "subject": "1\n", "recorded-or-robo": "Y", "city": "Saint Petersburg", "state": "FL", "area-code": "727"}, {"id": "03e293b3df9e35eadf15c56119493b1f", "number": "5173122993", "date": "2021-01-22 00:00:00", "subject": "0\n", "recorded-or-robo": "N", "city": "Leslie", "state": "MI", "area-code": "517"}, {"id": "03e293b3df9e35eadf15c56119493a09", "number": "6154062557", "date": "2021-01-24 03:13:00", "subject": "11\n", "recorded-or-robo": "Y", "city": "New Port Richey", "state": "FL", "area-code": "727"}, {"id": "03e293b3df9e35eadf15c5611949344a", "number": "4052814440", "date": "2021-01-23 10:11:00", "subject": "4\n", "recorded-or-robo": "Y", "city": "Edmond", "state": "OK", "area-code": "405"}, {"id": "03e293b3df9e35eadf15c56119492756", "number": "3189878480", "date": "2021-01-22 18:38:00", "subject": "4\n", "recorded-or-robo": "Y", "city": "Leslie", "state": "MI", "area-code": "517"}, {"id": "03e293b3df9e35eadf15c56119491ca9", "number": "4019468903", "date": "2021-01-24 13:51:00", "subject": "2\n", "recorded-or-robo": "Y", "city": "bellingham", "state": "MA", "area-code": "401"}, {"id": "03e293b3df9e35eadf15c56119491451", "number": "4052814402", "date": "2021-01-23 09:04:00", "subject": "4\n", "recorded-or-robo": "Y", "city": "Edmond", "state": "OK", "area-code": "405"}, {"id": "03e293b3df9e35eadf15c56119490c44", "number": "2017547327", "date": "2021-01-24 10:58:00", "subject": "2\n", "recorded-or-robo": "Y", "city": "Fort Lee", "state": "NJ", "area-code": "201"}, {"id": "03e293b3df9e35eadf15c5611949075a", "number": "26242364185", "date": "2021-01-22 17:42:00", "subject": "1\n", "recorded-or-robo": "Y", "city": "Edmond", "state": "OK", "area-code": "405"}, {"id": "03e293b3df9e35eadf15c5611948fe1e", "number": "7194517144", "date": "2021-01-23 09:52:00", "subject": "4\n", "recorded-or-robo": "Y", "city": "Leslie", "state": "MI", "area-code": "517"}, {"id": "03e293b3df9e35eadf15c5611948f6e0", "number": "", "date": "2021-01-24 14:11:00", "subject": "1\n", "recorded-or-robo": "Y", "city": "Saint Louis", "state": "MO", "area-code": "314"}, {"id": "03e293b3df9e35eadf15c5611948ed3a", "number": "6265361094", "date": "2021-01-24 07:16:00", "subject": "7\n", "recorded-or-robo": "Y", "city": "Los Angeles", "state": "CA", "area-code": "626"}, {"id": "03e293b3df9e35eadf15c5611948e6f7", "number": "9182653011", "date": "2021-01-22 15:40:00", "subject": "0\n", "recorded-or-robo": "Y", "city": "Edmond", "state": "OK", "area-code": "405"}, {"id": "03e293b3df9e35eadf15c5611948dd25", "number": "7213058", "date": "2021-01-24 10:55:00", "subject": "0\n", "recorded-or-robo": "Y", "city": "", "state": "CA", "area-code": "323"}, {"id": "03e293b3df9e35eadf15c5611948d94e", "number": "4052814449", "date": "2021-01-22 15:30:00", "subject": "4\n", "recorded-or-robo": "Y", "city": "Edmond", "state": "OK", "area-code": "405"}, {"id": "03e293b3df9e35eadf15c5611948d19c", "number": "4052570647", "date": "2021-01-22 15:21:00", "subject": "0\n", "recorded-or-robo": "", "city": "Edmond", "state": "OK", "area-code": "405"}, {"id": "03e293b3df9e35eadf15c5611948c9ae", "number": "7276479826", "date": "2021-01-24 14:41:00", "subject": "1\n", "recorded-or-robo": "Y", "city": "Saint Petersburg", "state": "FL", "area-code": "727"}, {"id": "03e293b3df9e35eadf15c5611948be09", "number": "5099422440", "date": "2021-01-24 07:49:00", "subject": "1\n", "recorded-or-robo": "Y", "city": "Richland", "state": "WA", "area-code": "509"}, {"id": "03e293b3df9e35eadf15c5611948b472", "number": "8135452613", "date": "2021-01-24 12:40:00", "subject": "2\n", "recorded-or-robo": "Y", "city": "Wesley Chapel", "state": "FL", "area-code": "813"}, {"id": "03e293b3df9e35eadf15c5611948b16d", "number": "6465151001", "date": "2021-01-24 13:33:00", "subject": "1\n", "recorded-or-robo": "Y", "city": "", "state": "NY", "area-code": "917"}, {"id": "03e293b3df9e35eadf15c5611948a3c8", "number": "", "date": "2021-01-22 00:00:00", "subject": "12\n", "recorded-or-robo": "Y", "city": "", "state": "CA", "area-code": "909"}, {"id": "03e293b3df9e35eadf15c5611948967a", "number": "", "date": "2021-01-17 10:11:00", "subject": "3\n", "recorded-or-robo": "N", "city": "", "state": "CO", "area-code": "719"}, {"id": "03e293b3df9e35eadf15c56119488e7c", "number": "8434743179", "date": "2020-12-11 17:28:00", "subject": "2\n", "recorded-or-robo": "Y", "city": "Baton Rouge", "state": "LA", "area-code": "225"}, {"id": "03e293b3df9e35eadf15c56119487e94", "number": "4052814402", "date": "2021-01-22 14:29:00", "subject": "4\n", "recorded-or-robo": "Y", "city": "Edmond", "state": "OK", "area-code": "405"}, {"id": "03e293b3df9e35eadf15c56119487e3d", "number": "8882804331", "date": "2021-01-22 12:00:00", "subject": "2\n", "recorded-or-robo": "N", "city": "BALDWIN", "state": "NY", "area-code": "718"}, {"id": "03e293b3df9e35eadf15c56119487d25", "number": "6692095863", "date": "2021-01-24 02:10:00", "subject": "1\n", "recorded-or-robo": "Y", "city": "Florissant", "state": "MO", "area-code": "314"}, {"id": "03e293b3df9e35eadf15c56119487a42", "number": "3524180870", "date": "2020-12-16 14:10:00", "subject": "2\n", "recorded-or-robo": "Y", "city": "Baton Rouge", "state": "LA", "area-code": "225"}, {"id": "03e293b3df9e35eadf15c56119487608", "number": "2245415636", "date": "2020-12-16 15:11:00", "subject": "2\n", "recorded-or-robo": "Y", "city": "Baton Rouge", "state": "LA", "area-code": "225"}, {"id": "03e293b3df9e35eadf15c561194875de", "number": "4052814446", "date": "2021-01-22 09:50:00", "subject": "4\n", "recorded-or-robo": "Y", "city": "Edmond", "state": "OK", "area-code": "405"}, {"id": "03e293b3df9e35eadf15c5611948669a", "number": "4708090851", "date": "2021-01-13 11:22:00", "subject": "2\n", "recorded-or-robo": "Y", "city": "Baton Rouge", "state": "LA", "area-code": "225"}, {"id": "03e293b3df9e35eadf15c561194862c6", "number": "4052813625", "date": "2021-01-21 14:47:00", "subject": "4\n", "recorded-or-robo": "Y", "city": "Edmond", "state": "OK", "area-code": "405"}, {"id": "03e293b3df9e35eadf15c561194854eb", "number": "", "date": "2021-01-22 16:19:00", "subject": "7\n", "recorded-or-robo": "Y", "city": "Dayton", "state": "OH", "area-code": "937"}, {"id": "03e293b3df9e35eadf15c5611948469a", "number": "4053696701", "date": "2021-01-24 13:12:00", "subject": "1\n", "recorded-or-robo": "N", "city": "", "state": "OK", "area-code": "918"}, {"id": "03e293b3df9e35eadf15c56119482543", "number": "7182446826", "date": "2021-01-24 00:00:00", "subject": "3\n", "recorded-or-robo": "", "city": "", "state": "WA", "area-code": "206"}, {"id": "03e293b3df9e35eadf15c5611948415d", "number": "8773715378", "date": "2021-01-13 15:26:00", "subject": "2\n", "recorded-or-robo": "Y", "city": "Baton Rouge", "state": "LA", "area-code": "225"}, {"id": "03e293b3df9e35eadf15c56119483f47", "number": "4052814453", "date": "2021-01-21 14:21:00", "subject": "4\n", "recorded-or-robo": "Y", "city": "Edmond", "state": "OK", "area-code": "405"}, {"id": "03e293b3df9e35eadf15c56119483392", "number": "3233353444", "date": "2021-01-13 16:34:00", "subject": "2\n", "recorded-or-robo": "Y", "city": "Baton Rouge", "state": "LA", "area-code": "225"}, {"id": "03e293b3df9e35eadf15c56119481903", "number": "", "date": "2021-01-24 13:55:00", "subject": "11\n", "recorded-or-robo": "Y", "city": "Bonner Springs", "state": "KS", "area-code": "913"}, {"id": "03e293b3df9e35eadf15c5611948124b", "number": "5802467132", "date": "2021-01-21 10:43:00", "subject": "0\n", "recorded-or-robo": "Y", "city": "Edmond", "state": "OK", "area-code": "405"}, {"id": "03e293b3df9e35eadf15c561194804d8", "number": "3108957592", "date": "2021-01-13 17:13:00", "subject": "2\n", "recorded-or-robo": "Y", "city": "Baton Rouge", "state": "LA", "area-code": "225"}, {"id": "03e293b3df9e35eadf15c5611947f6a4", "number": "6263253783", "date": "2021-01-14 09:18:00", "subject": "2\n", "recorded-or-robo": "Y", "city": "Baton Rouge", "state": "LA", "area-code": "225"}]}