{"data": [{"id": "03e293b3df9e35eadf15c56119432cef", "number": "6168887253", "date": "2021-01-19 16:54:00", "subject": "2\n", "recorded-or-robo": "Y", "city": "", "state": "TN", "area-code": "615"}, {"id": "03e293b3df9e35eadf15c56119432081", "number": "8139469130", "date": "2020-11-11 00:00:00", "subject": "4\n", "recorded-or-robo": "Y", "city": "", "state": "FL", "area-code": "813"}, {"id": "03e293b3df9e35eadf15c56119431e42", "number": "5716196848", "date": "2021-01-18 18:25:00", "subject": "2\n", "recorded-or-robo": "Y", "city": "", "state": "TN", "area-code": "615"}, {"id": "03e293b3df9e35eadf15c561194317ed", "number": "6154062605", "date": "2021-01-24 14:15:00", "subject": "11\n", "recorded-or-robo": "Y", "city": "Zephyrhills", "state": "FL", "area-code": "813"}, {"id": "03e293b3df9e35eadf15c561194310dd", "number": "8136835563", "date": "2020-10-09 00:00:00", "subject": "4\n", "recorded-or-robo": "Y", "city": "", "state": "FL", "area-code": "813"}, {"id": "03e293b3df9e35eadf15c561194305b1", "number": "", "date": "2021-01-24 13:20:00", "subject": "1\n", "recorded-or-robo": "Y", "city": "", "state": "TX", "area-code": "252"}, {"id": "03e293b3df9e35eadf15c5611942f824", "number": "8066817912", "date": "2021-01-22 16:04:00", "subject": "2\n", "recorded-or-robo": "Y", "city": "", "state": "TX", "area-code": "806"}, {"id": "03e293b3df9e35eadf15c5611942eaf2", "number": "2032154616", "date": "2021-01-24 14:15:00", "subject": "1\n", "recorded-or-robo": "Y", "city": "New Haven", "state": "CT", "area-code": "203"}, {"id": "03e293b3df9e35eadf15c5611942e517", "number": "8605063562", "date": "2021-01-24 13:22:00", "subject": "2\n", "recorded-or-robo": "Y", "city": "Luverne", "state": "MN", "area-code": "507"}, {"id": "03e293b3df9e35eadf15c5611942e2fb", "number": "3144357300", "date": "2021-01-24 13:13:00", "subject": "1\n", "recorded-or-robo": "Y", "city": "St. louis", "state": "MO", "area-code": "314"}, {"id": "03e293b3df9e35eadf15c5611942da25", "number": "5857336073", "date": "2021-01-24 14:17:00", "subject": "1\n", "recorded-or-robo": "Y", "city": "Rochester", "state": "NY", "area-code": "585"}, {"id": "03e293b3df9e35eadf15c5611942d6ab", "number": "4358000917", "date": "2020-09-26 00:00:00", "subject": "15\n", "recorded-or-robo": "Y", "city": "", "state": "FL", "area-code": "813"}, {"id": "03e293b3df9e35eadf15c5611942d418", "number": "5037739415", "date": "2021-01-23 18:31:00", "subject": "0\n", "recorded-or-robo": "Y", "city": "Salem", "state": "OR", "area-code": "503"}, {"id": "03e293b3df9e35eadf15c5611942d0a5", "number": "9738692833", "date": "2021-01-24 10:56:00", "subject": "0\n", "recorded-or-robo": "Y", "city": "KENDALL PARK", "state": "NJ", "area-code": "973"}, {"id": "03e293b3df9e35eadf15c5611942cd85", "number": "9842336212", "date": "2021-01-20 16:45:00", "subject": "6\n", "recorded-or-robo": "Y", "city": "", "state": "TX", "area-code": "806"}, {"id": "03e293b3df9e35eadf15c5611942bef4", "number": "8132451642", "date": "2021-01-24 11:30:00", "subject": "11\n", "recorded-or-robo": "Y", "city": "TAMPA", "state": "FL", "area-code": "813"}, {"id": "03e293b3df9e35eadf15c5611942b49f", "number": "4094033502", "date": "2021-01-21 15:08:00", "subject": "2\n", "recorded-or-robo": "Y", "city": "Beaumont", "state": "TX", "area-code": "409"}, {"id": "03e293b3df9e35eadf15c5611942a85e", "number": "6015506402", "date": "2021-01-24 13:16:00", "subject": "2\n", "recorded-or-robo": "Y", "city": "Flowood", "state": "MS", "area-code": "601"}, {"id": "03e293b3df9e35eadf15c5611942a67d", "number": "2625362678", "date": "2021-01-24 12:01:00", "subject": "1\n", "recorded-or-robo": "Y", "city": "el pso", "state": "TX", "area-code": "915"}, {"id": "03e293b3df9e35eadf15c56119425d0b", "number": "2017543148", "date": "2020-09-29 10:37:00", "subject": "3\n", "recorded-or-robo": "", "city": "", "state": "NJ", "area-code": "201"}, {"id": "03e293b3df9e35eadf15c5611942a3f5", "number": "3373888047", "date": "2021-01-04 16:57:00", "subject": "2\n", "recorded-or-robo": "Y", "city": "", "state": "FL", "area-code": "813"}, {"id": "03e293b3df9e35eadf15c56119429f22", "number": "3152328257", "date": "2021-01-24 11:47:00", "subject": "3\n", "recorded-or-robo": "Y", "city": "", "state": "FL", "area-code": "813"}, {"id": "03e293b3df9e35eadf15c56119429cbd", "number": "", "date": "2021-01-20 10:48:00", "subject": "4\n", "recorded-or-robo": "Y", "city": "Camp Hill", "state": "PA", "area-code": "717"}, {"id": "03e293b3df9e35eadf15c561194292e2", "number": "9402946535", "date": "2021-01-21 14:44:00", "subject": "2\n", "recorded-or-robo": "Y", "city": "", "state": "MN", "area-code": "507"}, {"id": "03e293b3df9e35eadf15c56119428864", "number": "2402934829", "date": "2021-01-22 14:49:00", "subject": "2\n", "recorded-or-robo": "Y", "city": "", "state": "MD", "area-code": "240"}, {"id": "03e293b3df9e35eadf15c56119428000", "number": "4094295504", "date": "2020-12-17 00:00:00", "subject": "2\n", "recorded-or-robo": "N", "city": "", "state": "CA", "area-code": "530"}, {"id": "03e293b3df9e35eadf15c56119427375", "number": "6095987185", "date": "2021-01-21 11:01:00", "subject": "2\n", "recorded-or-robo": "Y", "city": "santa rosa", "state": "CA", "area-code": "707"}, {"id": "03e293b3df9e35eadf15c56119426a5a", "number": "2819731834", "date": "2021-01-22 11:19:00", "subject": "2\n", "recorded-or-robo": "Y", "city": "Beaumont", "state": "TX", "area-code": "409"}, {"id": "03e293b3df9e35eadf15c56119425e34", "number": "", "date": "2021-01-14 10:01:00", "subject": "4\n", "recorded-or-robo": "Y", "city": "", "state": "CA", "area-code": "562"}, {"id": "03e293b3df9e35eadf15c56119425afc", "number": "7865049911", "date": "2021-01-23 17:00:00", "subject": "2\n", "recorded-or-robo": "Y", "city": "Bear Creek Township", "state": "PA", "area-code": "570"}, {"id": "03e293b3df9e35eadf15c56119425882", "number": "7275272513", "date": "2021-01-24 01:57:00", "subject": "2\n", "recorded-or-robo": "N", "city": "Saint Petersburg", "state": "FL", "area-code": "727"}, {"id": "03e293b3df9e35eadf15c56119424f09", "number": "5594713416", "date": "2021-01-22 15:09:00", "subject": "3\n", "recorded-or-robo": "Y", "city": "FREMONT", "state": "CA", "area-code": "510"}, {"id": "03e293b3df9e35eadf15c561194225c7", "number": "8557191599", "date": "2021-01-24 12:10:00", "subject": "3\n", "recorded-or-robo": "N", "city": "", "state": "IL", "area-code": "217"}, {"id": "03e293b3df9e35eadf15c56119424471", "number": "3735853", "date": "2021-01-20 10:36:00", "subject": "2\n", "recorded-or-robo": "Y", "city": "Reedsport", "state": "OR", "area-code": "541"}, {"id": "03e293b3df9e35eadf15c561194240d9", "number": "6612993914", "date": "2020-12-17 09:00:00", "subject": "2\n", "recorded-or-robo": "N", "city": "", "state": "CA", "area-code": "530"}, {"id": "03e293b3df9e35eadf15c5611942350d", "number": "9203016313", "date": "2021-01-13 15:07:00", "subject": "2\n", "recorded-or-robo": "Y", "city": "", "state": "FL", "area-code": "813"}, {"id": "03e293b3df9e35eadf15c56119422d11", "number": "4092198120", "date": "2021-01-22 17:49:00", "subject": "2\n", "recorded-or-robo": "Y", "city": "Beaumont", "state": "TX", "area-code": "409"}, {"id": "03e293b3df9e35eadf15c56119421f94", "number": "4754554052", "date": "2021-01-08 14:13:00", "subject": "2\n", "recorded-or-robo": "N", "city": "", "state": "FL", "area-code": "813"}, {"id": "03e293b3df9e35eadf15c5611942107e", "number": "2105602171", "date": "2021-01-23 09:20:00", "subject": "2\n", "recorded-or-robo": "Y", "city": "", "state": "TX", "area-code": "512"}, {"id": "03e293b3df9e35eadf15c5611942022a", "number": "8778758905", "date": "2021-01-13 14:14:00", "subject": "2\n", "recorded-or-robo": "Y", "city": "", "state": "AZ", "area-code": "520"}, {"id": "03e293b3df9e35eadf15c5611941fdb0", "number": "7149931126", "date": "2021-01-24 11:07:00", "subject": "2\n", "recorded-or-robo": "N", "city": "Fullerton", "state": "CA", "area-code": "714"}, {"id": "03e293b3df9e35eadf15c5611941fb98", "number": "7182449946", "date": "2021-01-24 13:02:00", "subject": "0\n", "recorded-or-robo": "Y", "city": "", "state": "NJ", "area-code": "732"}, {"id": "03e293b3df9e35eadf15c5611941f044", "number": "4098350524", "date": "2021-01-23 10:01:00", "subject": "4\n", "recorded-or-robo": "N", "city": "Beaumont", "state": "TX", "area-code": "409"}, {"id": "03e293b3df9e35eadf15c5611941e1b2", "number": "5127162017", "date": "2021-01-22 13:48:00", "subject": "2\n", "recorded-or-robo": "Y", "city": "", "state": "TX", "area-code": "512"}, {"id": "03e293b3df9e35eadf15c5611941e16e", "number": "6028216717", "date": "2021-01-13 15:30:00", "subject": "2\n", "recorded-or-robo": "Y", "city": "", "state": "AZ", "area-code": "520"}, {"id": "03e293b3df9e35eadf15c5611941ce1c", "number": "", "date": "2021-01-23 08:12:00", "subject": "3\n", "recorded-or-robo": "N", "city": "", "state": "TX", "area-code": "214"}, {"id": "03e293b3df9e35eadf15c5611941db4a", "number": "5126681122", "date": "2021-01-22 11:56:00", "subject": "2\n", "recorded-or-robo": "Y", "city": "", "state": "TX", "area-code": "512"}, {"id": "03e293b3df9e35eadf15c5611941c96d", "number": "8556786108", "date": "2021-01-24 10:05:00", "subject": "11\n", "recorded-or-robo": "Y", "city": "Santa Fe", "state": "TX", "area-code": "409"}, {"id": "03e293b3df9e35eadf15c5611941c1c0", "number": "", "date": "2021-01-24 13:17:00", "subject": "11\n", "recorded-or-robo": "Y", "city": "Princeton", "state": "IN", "area-code": "615"}, {"id": "03e293b3df9e35eadf15c5611941b4af", "number": "7207978149", "date": "2021-01-22 13:54:00", "subject": "3\n", "recorded-or-robo": "Y", "city": "", "state": "MN", "area-code": "952"}]}