{"data": [{"id": "03e293b3df9e35eadf15c56119280871", "number": "8042938577", "date": "2021-01-23 12:01:00", "subject": "4\n", "recorded-or-robo": "Y", "city": "", "state": "GA", "area-code": "770"}, {"id": "03e293b3df9e35eadf15c5611927fbe5", "number": "6602817977", "date": "2021-01-23 18:11:00", "subject": "2\n", "recorded-or-robo": "Y", "city": "Springfield", "state": "MO", "area-code": "660"}, {"id": "03e293b3df9e35eadf15c5611927f238", "number": "6602817977", "date": "2021-01-23 18:04:00", "subject": "2\n", "recorded-or-robo": "Y", "city": "Springfield", "state": "MO", "area-code": "660"}, {"id": "03e293b3df9e35eadf15c5611927ef9c", "number": "9376375643", "date": "2021-01-22 16:58:00", "subject": "4\n", "recorded-or-robo": "Y", "city": "", "state": "OH", "area-code": "937"}, {"id": "03e293b3df9e35eadf15c5611927ec00", "number": "4242867080", "date": "2021-01-23 15:37:00", "subject": "2\n", "recorded-or-robo": "", "city": "Clayton", "state": "MO", "area-code": "310"}, {"id": "03e293b3df9e35eadf15c5611927e668", "number": "6602813644", "date": "2021-01-23 17:55:00", "subject": "2\n", "recorded-or-robo": "Y", "city": "Springfield", "state": "MO", "area-code": "660"}, {"id": "03e293b3df9e35eadf15c5611927de47", "number": "5099796927", "date": "2021-01-23 17:11:00", "subject": "11\n", "recorded-or-robo": "Y", "city": "Commerce City", "state": "CO", "area-code": "509"}, {"id": "03e293b3df9e35eadf15c5611927d5ea", "number": "5623737343", "date": "2021-01-22 15:00:00", "subject": "11\n", "recorded-or-robo": "N", "city": "Euclid", "state": "OH", "area-code": "216"}, {"id": "03e293b3df9e35eadf15c5611927d449", "number": "7242437286", "date": "2021-01-24 10:18:00", "subject": "2\n", "recorded-or-robo": "Y", "city": "Lawrenceville", "state": "GA", "area-code": "678"}, {"id": "03e293b3df9e35eadf15c5611927d063", "number": "2693094312", "date": "2021-01-24 10:17:00", "subject": "3\n", "recorded-or-robo": "Y", "city": "", "state": "MI", "area-code": "248"}, {"id": "03e293b3df9e35eadf15c5611927cea6", "number": "3152328257", "date": "2021-01-23 15:21:00", "subject": "2\n", "recorded-or-robo": "Y", "city": "Saint Louis", "state": "MO", "area-code": "314"}, {"id": "03e293b3df9e35eadf15c5611927b779", "number": "5067383264", "date": "2021-01-23 10:30:00", "subject": "3\n", "recorded-or-robo": "N", "city": "", "state": "NY", "area-code": "518"}, {"id": "03e293b3df9e35eadf15c5611927c615", "number": "2522565441", "date": "2021-01-24 10:19:00", "subject": "11\n", "recorded-or-robo": "Y", "city": "Leland", "state": "NC", "area-code": "910"}, {"id": "03e293b3df9e35eadf15c5611927b44d", "number": "03238768173", "date": "2021-01-24 07:52:00", "subject": "2\n", "recorded-or-robo": "N", "city": "Abdul Hakim", "state": "PA", "area-code": "321"}, {"id": "03e293b3df9e35eadf15c5611927b19e", "number": "3098744009", "date": "2021-01-20 14:45:00", "subject": "4\n", "recorded-or-robo": "Y", "city": "Chicago", "state": "IL", "area-code": "773"}, {"id": "03e293b3df9e35eadf15c5611927aaca", "number": "", "date": "2021-01-02 12:06:00", "subject": "2\n", "recorded-or-robo": "Y", "city": "Dallas", "state": "TX", "area-code": "214"}, {"id": "03e293b3df9e35eadf15c56119279cd9", "number": "6056993054", "date": "2021-01-22 06:40:00", "subject": "2\n", "recorded-or-robo": "N", "city": "Frederick", "state": "MD", "area-code": "301"}, {"id": "03e293b3df9e35eadf15c5611927955e", "number": "8573629193", "date": "2021-01-16 17:30:00", "subject": "2\n", "recorded-or-robo": "N", "city": "Gorham", "state": "NH", "area-code": "603"}, {"id": "03e293b3df9e35eadf15c56119276401", "number": "3528666403", "date": "2021-01-23 10:00:00", "subject": "3\n", "recorded-or-robo": "N", "city": "", "state": "NY", "area-code": "518"}, {"id": "03e293b3df9e35eadf15c561192787db", "number": "2014267425", "date": "2021-01-22 10:59:00", "subject": "2\n", "recorded-or-robo": "Y", "city": "Cleveland Heights", "state": "OH", "area-code": "216"}, {"id": "03e293b3df9e35eadf15c56119277c5b", "number": "6462148268", "date": "2021-01-24 07:09:00", "subject": "1\n", "recorded-or-robo": "Y", "city": "san pedro", "state": "CA", "area-code": "740"}, {"id": "03e293b3df9e35eadf15c561192770f3", "number": "6036003501", "date": "2021-01-21 13:47:00", "subject": "4\n", "recorded-or-robo": "Y", "city": "Gorham", "state": "NH", "area-code": "603"}, {"id": "03e293b3df9e35eadf15c561192762c1", "number": "4056211178", "date": "2021-01-21 00:00:00", "subject": "1\n", "recorded-or-robo": "Y", "city": "", "state": "OK", "area-code": "405"}, {"id": "03e293b3df9e35eadf15c56119275569", "number": "3255220322", "date": "2021-01-21 19:25:00", "subject": "2\n", "recorded-or-robo": "", "city": "Saratoga Spring", "state": "NY", "area-code": "518"}, {"id": "03e293b3df9e35eadf15c56119274671", "number": "9192991483", "date": "2021-01-16 12:00:00", "subject": "13\n", "recorded-or-robo": "N", "city": "Rougemont", "state": "NC", "area-code": "919"}, {"id": "03e293b3df9e35eadf15c56119273dae", "number": "6362012720", "date": "2021-01-22 12:55:00", "subject": "4\n", "recorded-or-robo": "Y", "city": "Salt Point", "state": "NY", "area-code": "845"}, {"id": "03e293b3df9e35eadf15c56119273460", "number": "4059007763", "date": "2021-01-24 00:00:00", "subject": "2\n", "recorded-or-robo": "N", "city": "", "state": "OK", "area-code": "405"}, {"id": "03e293b3df9e35eadf15c56119272f3c", "number": "9734566493", "date": "2021-01-22 15:11:00", "subject": "1\n", "recorded-or-robo": "Y", "city": "Henderson", "state": "NV", "area-code": "702"}, {"id": "03e293b3df9e35eadf15c561192721b7", "number": "6072033638", "date": "2021-01-22 13:23:00", "subject": "2\n", "recorded-or-robo": "", "city": "Saratoga Spring", "state": "NY", "area-code": "518"}, {"id": "03e293b3df9e35eadf15c5611927122d", "number": "8882804331", "date": "2021-01-24 10:11:00", "subject": "1\n", "recorded-or-robo": "N", "city": "Woodside", "state": "NY", "area-code": "347"}, {"id": "03e293b3df9e35eadf15c56119270de4", "number": "4059007722", "date": "2021-01-23 00:00:00", "subject": "2\n", "recorded-or-robo": "N", "city": "", "state": "OK", "area-code": "405"}, {"id": "03e293b3df9e35eadf15c56119270615", "number": "8556986126", "date": "2021-01-23 15:21:00", "subject": "2\n", "recorded-or-robo": "Y", "city": "St. Louis", "state": "MO", "area-code": "314"}, {"id": "03e293b3df9e35eadf15c5611926f674", "number": "8574458562", "date": "2021-01-22 20:08:00", "subject": "13\n", "recorded-or-robo": "Y", "city": "", "state": "MA", "area-code": "617"}, {"id": "03e293b3df9e35eadf15c5611926ec2e", "number": "2484584585", "date": "2021-01-21 14:49:00", "subject": "2\n", "recorded-or-robo": "N", "city": "HYDE PARK", "state": "MA", "area-code": "617"}, {"id": "03e293b3df9e35eadf15c5611926e088", "number": "5183624817", "date": "2021-01-22 15:43:00", "subject": "2\n", "recorded-or-robo": "", "city": "Saratoga Spring", "state": "NY", "area-code": "518"}, {"id": "03e293b3df9e35eadf15c5611926df4d", "number": "7027999729", "date": "2021-01-22 13:54:00", "subject": "5\n", "recorded-or-robo": "Y", "city": "Henderson", "state": "NV", "area-code": "702"}, {"id": "03e293b3df9e35eadf15c5611926d31a", "number": "9419166316", "date": "2021-01-23 17:14:00", "subject": "0\n", "recorded-or-robo": "", "city": "Port Charlotte", "state": "FL", "area-code": "941"}, {"id": "03e293b3df9e35eadf15c5611926c6a0", "number": "5139169290", "date": "2021-01-23 10:07:00", "subject": "4\n", "recorded-or-robo": "Y", "city": "Champaign", "state": "IL", "area-code": "513"}, {"id": "03e293b3df9e35eadf15c5611926c19b", "number": "6461518635", "date": "2021-01-24 10:06:00", "subject": "2\n", "recorded-or-robo": "Y", "city": "", "state": "MA", "area-code": "781"}, {"id": "03e293b3df9e35eadf15c5611926b9af", "number": "5088413978", "date": "2021-01-22 11:47:00", "subject": "2\n", "recorded-or-robo": "N", "city": "HYDE PARK", "state": "MA", "area-code": "617"}, {"id": "03e293b3df9e35eadf15c5611926b65c", "number": "6172371697", "date": "2021-01-22 16:00:00", "subject": "2\n", "recorded-or-robo": "", "city": "Saratoga Spring", "state": "NY", "area-code": "518"}, {"id": "03e293b3df9e35eadf15c5611926ae1f", "number": "", "date": "2021-01-24 09:52:00", "subject": "2\n", "recorded-or-robo": "Y", "city": "Fair Lawn", "state": "NJ", "area-code": "609"}, {"id": "03e293b3df9e35eadf15c5611926acf1", "number": "8009918708", "date": "2021-01-21 10:49:00", "subject": "2\n", "recorded-or-robo": "Y", "city": "", "state": "IL", "area-code": "815"}, {"id": "03e293b3df9e35eadf15c5611926a86a", "number": "3802050998", "date": "2021-01-23 09:25:00", "subject": "2\n", "recorded-or-robo": "N", "city": "HYDE PARK", "state": "MA", "area-code": "617"}, {"id": "03e293b3df9e35eadf15c5611926a0ca", "number": "3133816856", "date": "2021-01-24 10:02:00", "subject": "2\n", "recorded-or-robo": "Y", "city": "Detroit", "state": "MI", "area-code": "313"}, {"id": "03e293b3df9e35eadf15c5611926977f", "number": "8767887803", "date": "2021-01-23 13:08:00", "subject": "1\n", "recorded-or-robo": "N", "city": "Huntsville", "state": "AL", "area-code": "256"}, {"id": "03e293b3df9e35eadf15c56119269178", "number": "8155249094", "date": "2021-01-21 14:00:00", "subject": "2\n", "recorded-or-robo": "Y", "city": "", "state": "IL", "area-code": "815"}, {"id": "03e293b3df9e35eadf15c561192685f9", "number": "2149150554", "date": "2021-01-21 00:00:00", "subject": "1\n", "recorded-or-robo": "Y", "city": "", "state": "TX", "area-code": "214"}, {"id": "03e293b3df9e35eadf15c56119268395", "number": "6173645706", "date": "2021-01-21 11:42:00", "subject": "2\n", "recorded-or-robo": "N", "city": "HYDE PARK", "state": "MA", "area-code": "617"}, {"id": "03e293b3df9e35eadf15c5611926776d", "number": "8003471000", "date": "2021-01-21 15:21:00", "subject": "2\n", "recorded-or-robo": "Y", "city": "", "state": "IL", "area-code": "815"}]}