{"data": [{"id": "03e293b3df9e35eadf15c561193d2626", "number": "5859050240", "date": "2021-01-24 11:53:00", "subject": "1\n", "recorded-or-robo": "Y", "city": "Rochester", "state": "NY", "area-code": "585"}, {"id": "03e293b3df9e35eadf15c561193d2307", "number": "8203332066", "date": "2021-01-18 14:43:00", "subject": "2\n", "recorded-or-robo": "Y", "city": "LOS ALTOS", "state": "CA", "area-code": "650"}, {"id": "03e293b3df9e35eadf15c561193d20e7", "number": "2015815745", "date": "2021-01-20 09:16:00", "subject": "0\n", "recorded-or-robo": "Y", "city": "", "state": "NJ", "area-code": "201"}, {"id": "03e293b3df9e35eadf15c561193d1612", "number": "2169612675", "date": "2021-01-22 14:35:00", "subject": "2\n", "recorded-or-robo": "N", "city": "", "state": "OH", "area-code": "440"}, {"id": "03e293b3df9e35eadf15c561193d14df", "number": "9412093462", "date": "2021-01-19 08:13:00", "subject": "2\n", "recorded-or-robo": "Y", "city": "LOS ALTOS", "state": "CA", "area-code": "650"}, {"id": "03e293b3df9e35eadf15c561193d0cc8", "number": "2543151106", "date": "2021-01-24 12:00:00", "subject": "2\n", "recorded-or-robo": "Y", "city": "Dallas", "state": "TX", "area-code": "214"}, {"id": "03e293b3df9e35eadf15c561193cfcd0", "number": "4105833988", "date": "2021-01-23 11:31:00", "subject": "1\n", "recorded-or-robo": "Y", "city": "Severna Park", "state": "MD", "area-code": "410"}, {"id": "03e293b3df9e35eadf15c561193cf3fc", "number": "4408508676", "date": "2021-01-23 17:40:00", "subject": "2\n", "recorded-or-robo": "N", "city": "", "state": "OH", "area-code": "440"}, {"id": "03e293b3df9e35eadf15c561193ce559", "number": "3603674201", "date": "2021-01-24 10:34:00", "subject": "1\n", "recorded-or-robo": "Y", "city": "Auburn", "state": "WA", "area-code": "360"}, {"id": "03e293b3df9e35eadf15c561193cd81a", "number": "2092792708", "date": "2021-01-19 12:35:00", "subject": "2\n", "recorded-or-robo": "Y", "city": "LOS ALTOS", "state": "CA", "area-code": "650"}, {"id": "03e293b3df9e35eadf15c561193cd5e5", "number": "4109099762", "date": "2021-01-22 15:25:00", "subject": "2\n", "recorded-or-robo": "", "city": "Eclectic", "state": "AL", "area-code": "334"}, {"id": "03e293b3df9e35eadf15c561193ccf55", "number": "2014204271", "date": "2021-01-19 13:28:00", "subject": "0\n", "recorded-or-robo": "Y", "city": "", "state": "NJ", "area-code": "201"}, {"id": "03e293b3df9e35eadf15c561193cca14", "number": "3324567658", "date": "2021-01-24 13:37:00", "subject": "1\n", "recorded-or-robo": "Y", "city": "Cleveland heights", "state": "OH", "area-code": "216"}, {"id": "03e293b3df9e35eadf15c561193cc2e2", "number": "2703701528", "date": "2021-01-19 13:47:00", "subject": "2\n", "recorded-or-robo": "Y", "city": "LOS ALTOS", "state": "CA", "area-code": "650"}, {"id": "03e293b3df9e35eadf15c561193cbaad", "number": "7043348804", "date": "2021-01-16 08:00:00", "subject": "2\n", "recorded-or-robo": "Y", "city": "Owasso", "state": "OK", "area-code": "918"}, {"id": "03e293b3df9e35eadf15c561193cb98a", "number": "3152328257", "date": "2021-01-23 14:04:00", "subject": "11\n", "recorded-or-robo": "Y", "city": "Richland", "state": "WA", "area-code": "509"}, {"id": "03e293b3df9e35eadf15c561193cb7ab", "number": "7409600009", "date": "2021-01-24 13:45:00", "subject": "2\n", "recorded-or-robo": "Y", "city": "Pickerington", "state": "OH", "area-code": "740"}, {"id": "03e293b3df9e35eadf15c561193cb460", "number": "4087595136", "date": "2021-01-19 17:29:00", "subject": "2\n", "recorded-or-robo": "Y", "city": "LOS ALTOS", "state": "CA", "area-code": "650"}, {"id": "03e293b3df9e35eadf15c561193cb2b9", "number": "3148385586", "date": "2021-01-24 10:17:00", "subject": "11\n", "recorded-or-robo": "Y", "city": "Florissant", "state": "MO", "area-code": "314"}, {"id": "03e293b3df9e35eadf15c561193cac39", "number": "2064798186", "date": "2021-01-23 11:13:00", "subject": "2\n", "recorded-or-robo": "Y", "city": "Owasso", "state": "OK", "area-code": "918"}, {"id": "03e293b3df9e35eadf15c561193ca511", "number": "3345414445", "date": "2021-01-23 14:50:00", "subject": "2\n", "recorded-or-robo": "", "city": "Eclectic", "state": "AL", "area-code": "334"}, {"id": "03e293b3df9e35eadf15c561193c9dd8", "number": "8063070303", "date": "2020-12-05 13:39:00", "subject": "13\n", "recorded-or-robo": "Y", "city": "Grenada", "state": "MS", "area-code": "662"}, {"id": "03e293b3df9e35eadf15c561193c9bc9", "number": "4408352415", "date": "2021-01-24 13:31:00", "subject": "2\n", "recorded-or-robo": "N", "city": "", "state": "OH", "area-code": "440"}, {"id": "03e293b3df9e35eadf15c561193c8ea4", "number": "2512122085", "date": "2021-01-21 11:57:00", "subject": "2\n", "recorded-or-robo": "Y", "city": "Clearwater", "state": "FL", "area-code": "727"}, {"id": "03e293b3df9e35eadf15c561193c806e", "number": "2522633089", "date": "2021-01-18 14:13:00", "subject": "0\n", "recorded-or-robo": "Y", "city": "", "state": "NJ", "area-code": "201"}, {"id": "03e293b3df9e35eadf15c561193c7e40", "number": "6366852149", "date": "2021-01-22 15:25:00", "subject": "0\n", "recorded-or-robo": "N", "city": "", "state": "", "area-code": "636"}, {"id": "03e293b3df9e35eadf15c561193c797d", "number": "8203332066", "date": "2021-01-20 08:09:00", "subject": "2\n", "recorded-or-robo": "Y", "city": "LOS ALTOS", "state": "CA", "area-code": "650"}, {"id": "03e293b3df9e35eadf15c561193c6e26", "number": "8448943951", "date": "2021-01-23 00:00:00", "subject": "3\n", "recorded-or-robo": "Y", "city": "", "state": "CO", "area-code": "303"}, {"id": "03e293b3df9e35eadf15c561193c682b", "number": "7273395036", "date": "2021-01-21 14:14:00", "subject": "2\n", "recorded-or-robo": "Y", "city": "Clearwater", "state": "FL", "area-code": "727"}, {"id": "03e293b3df9e35eadf15c561193c6022", "number": "2104680881", "date": "2021-01-20 09:28:00", "subject": "2\n", "recorded-or-robo": "Y", "city": "LOS ALTOS", "state": "CA", "area-code": "650"}, {"id": "03e293b3df9e35eadf15c561193c56a9", "number": "4355033504", "date": "2021-01-21 19:22:00", "subject": "0\n", "recorded-or-robo": "Y", "city": "ELKTON", "state": "MD", "area-code": "410"}, {"id": "03e293b3df9e35eadf15c561193c5623", "number": "3018635561", "date": "2021-01-24 13:23:00", "subject": "2\n", "recorded-or-robo": "Y", "city": "California", "state": "MD", "area-code": "301"}, {"id": "03e293b3df9e35eadf15c561193c50b4", "number": "2014208183", "date": "2021-01-18 12:09:00", "subject": "0\n", "recorded-or-robo": "Y", "city": "", "state": "NJ", "area-code": "201"}, {"id": "03e293b3df9e35eadf15c561193c4972", "number": "5623060160", "date": "2021-01-20 12:42:00", "subject": "2\n", "recorded-or-robo": "Y", "city": "LOS ALTOS", "state": "CA", "area-code": "650"}, {"id": "03e293b3df9e35eadf15c561193c46cd", "number": "7142699202", "date": "2021-01-23 12:00:00", "subject": "2\n", "recorded-or-robo": "Y", "city": "Sapulpa", "state": "OK", "area-code": "918"}, {"id": "03e293b3df9e35eadf15c561193c37a9", "number": "8507039782", "date": "2021-01-22 03:54:00", "subject": "2\n", "recorded-or-robo": "N", "city": "", "state": "FL", "area-code": "407"}, {"id": "03e293b3df9e35eadf15c561193c27c5", "number": "3145676991", "date": "2021-01-24 12:00:00", "subject": "11\n", "recorded-or-robo": "", "city": "St. Louis", "state": "MO", "area-code": "314"}, {"id": "03e293b3df9e35eadf15c561193c2799", "number": "9415410387", "date": "2021-01-21 17:06:00", "subject": "2\n", "recorded-or-robo": "Y", "city": "Clearwater", "state": "FL", "area-code": "727"}, {"id": "03e293b3df9e35eadf15c561193c2187", "number": "", "date": "2021-01-24 12:18:00", "subject": "1\n", "recorded-or-robo": "Y", "city": "Saint Louis", "state": "MO", "area-code": "314"}, {"id": "03e293b3df9e35eadf15c561193c19d7", "number": "9727376741", "date": "2021-01-20 13:31:00", "subject": "2\n", "recorded-or-robo": "Y", "city": "LOS ALTOS", "state": "CA", "area-code": "650"}, {"id": "03e293b3df9e35eadf15c561193c189e", "number": "9046670067", "date": "2021-01-22 10:17:00", "subject": "2\n", "recorded-or-robo": "Y", "city": "Clearwater", "state": "FL", "area-code": "727"}, {"id": "03e293b3df9e35eadf15c561193c17af", "number": "5512027752", "date": "2021-01-13 12:10:00", "subject": "0\n", "recorded-or-robo": "Y", "city": "", "state": "NJ", "area-code": "201"}, {"id": "03e293b3df9e35eadf15c561193c0804", "number": "4087899030", "date": "2021-01-20 15:23:00", "subject": "2\n", "recorded-or-robo": "Y", "city": "LOS ALTOS", "state": "CA", "area-code": "650"}, {"id": "03e293b3df9e35eadf15c561193c0370", "number": "6148971316", "date": "2021-01-24 13:40:00", "subject": "2\n", "recorded-or-robo": "N", "city": "", "state": "OH", "area-code": "614"}, {"id": "03e293b3df9e35eadf15c561193c00d7", "number": "5102282647", "date": "2021-01-24 04:14:00", "subject": "2\n", "recorded-or-robo": "", "city": "San Ramon", "state": "CA", "area-code": "925"}, {"id": "03e293b3df9e35eadf15c561193bfecf", "number": "2107121483", "date": "2021-01-22 10:38:00", "subject": "2\n", "recorded-or-robo": "Y", "city": "Clearwater", "state": "FL", "area-code": "727"}, {"id": "03e293b3df9e35eadf15c561193bfdbe", "number": "4073760613", "date": "2021-01-10 11:14:00", "subject": "2\n", "recorded-or-robo": "N", "city": "", "state": "FL", "area-code": "407"}, {"id": "03e293b3df9e35eadf15c561193befb9", "number": "8556783109", "date": "2021-01-24 11:54:00", "subject": "11\n", "recorded-or-robo": "Y", "city": "", "state": "OH", "area-code": "740"}, {"id": "03e293b3df9e35eadf15c561193be7c6", "number": "2402130107", "date": "2021-01-13 12:04:00", "subject": "0\n", "recorded-or-robo": "Y", "city": "", "state": "NJ", "area-code": "201"}, {"id": "03e293b3df9e35eadf15c561193bdfec", "number": "3152328257", "date": "2021-01-24 13:31:00", "subject": "2\n", "recorded-or-robo": "Y", "city": "Zephyrhills", "state": "FL", "area-code": "315"}]}