{"data": [{"id": "1d36742e3f24f50e4e7ae82801c9bc99", "number": "", "date": "2021-01-23 11:00:00", "subject": "3", "recorded-or-robo": "Y", "city": "castle rock", "state": "FL", "area-code": "813"}, {"id": "3decc6bfadaa436a105714c6ba327570", "number": "355692266089", "date": "2021-01-22 00:00:00", "subject": "2", "recorded-or-robo": "Y", "city": "Waterloo", "state": "IA", "area-code": "319"}, {"id": "1d36742e3f24f50e4e7ae82801c9ba12", "number": "355692266089", "date": "2021-01-22 00:00:00", "subject": "2", "recorded-or-robo": "Y", "city": "Waterloo", "state": "IA", "area-code": "319"}, {"id": "3decc6bfadaa436a105714c6ba3271a4", "number": "6063851499", "date": "2021-01-23 14:19:00", "subject": "0", "recorded-or-robo": "Y", "city": "Shelby", "state": "AL", "area-code": "205"}, {"id": "1d36742e3f24f50e4e7ae82801c9b169", "number": "6063851499", "date": "2021-01-23 14:19:00", "subject": "0", "recorded-or-robo": "Y", "city": "Shelby", "state": "AL", "area-code": "205"}, {"id": "3decc6bfadaa436a105714c6ba781651", "number": "7046247298", "date": "2021-01-23 16:12:25", "subject": "3", "recorded-or-robo": "Y", "city": "", "state": "NC", "area-code": "704"}, {"id": "03e293b3df9e35eadf15c561190e84d1", "number": "7046247298", "date": "2021-01-23 16:12:25", "subject": "3", "recorded-or-robo": "Y", "city": "", "state": "NC", "area-code": "704"}, {"id": "3decc6bfadaa436a105714c6ba7848c7", "number": "+13392256351", "date": "2021-01-23 16:12:24", "subject": "3", "recorded-or-robo": "Y", "city": "", "state": "MA", "area-code": "339"}, {"id": "3decc6bfadaa436a105714c6ba783f48", "number": "4073472047", "date": "2021-01-23 16:12:24", "subject": "3", "recorded-or-robo": "Y", "city": "", "state": "FL", "area-code": "407"}, {"id": "03e293b3df9e35eadf15c561190eb0f3", "number": "+13392256351", "date": "2021-01-23 16:12:24", "subject": "3", "recorded-or-robo": "Y", "city": "", "state": "MA", "area-code": "339"}, {"id": "03e293b3df9e35eadf15c561190ea879", "number": "4073472047", "date": "2021-01-23 16:12:24", "subject": "3", "recorded-or-robo": "Y", "city": "", "state": "FL", "area-code": "407"}, {"id": "3decc6bfadaa436a105714c6ba32633e", "number": "3035363723", "date": "2021-01-21 13:12:00", "subject": "2", "recorded-or-robo": "", "city": "", "state": "CO", "area-code": "303"}, {"id": "1d36742e3f24f50e4e7ae82801c9a3bc", "number": "3035363723", "date": "2021-01-21 13:12:00", "subject": "2", "recorded-or-robo": "", "city": "", "state": "CO", "area-code": "303"}, {"id": "3decc6bfadaa436a105714c6ba325e03", "number": "", "date": "2021-01-23 15:01:00", "subject": "2", "recorded-or-robo": "Y", "city": "Beaumont", "state": "TX", "area-code": "409"}, {"id": "1d36742e3f24f50e4e7ae82801c9996e", "number": "", "date": "2021-01-23 15:01:00", "subject": "2", "recorded-or-robo": "Y", "city": "Beaumont", "state": "TX", "area-code": "409"}, {"id": "3decc6bfadaa436a105714c6ba32589c", "number": "7039362311", "date": "2021-01-23 08:45:00", "subject": "0", "recorded-or-robo": "N", "city": "", "state": "VA", "area-code": "703"}, {"id": "1d36742e3f24f50e4e7ae82801c98b84", "number": "7039362311", "date": "2021-01-23 08:45:00", "subject": "0", "recorded-or-robo": "N", "city": "", "state": "VA", "area-code": "703"}, {"id": "3decc6bfadaa436a105714c6ba324f13", "number": "3526552047", "date": "2021-01-15 11:13:00", "subject": "3", "recorded-or-robo": "", "city": "dewitt", "state": "NY", "area-code": "315"}, {"id": "1d36742e3f24f50e4e7ae82801c98075", "number": "3526552047", "date": "2021-01-15 11:13:00", "subject": "3", "recorded-or-robo": "", "city": "dewitt", "state": "NY", "area-code": "315"}, {"id": "3decc6bfadaa436a105714c6ba324945", "number": "", "date": "2021-01-23 14:00:00", "subject": "4", "recorded-or-robo": "Y", "city": "Ky", "state": "KY", "area-code": "502"}, {"id": "1d36742e3f24f50e4e7ae82801c976e6", "number": "", "date": "2021-01-23 14:00:00", "subject": "4", "recorded-or-robo": "Y", "city": "Ky", "state": "KY", "area-code": "502"}, {"id": "3decc6bfadaa436a105714c6ba323c65", "number": "", "date": "2021-01-23 11:00:00", "subject": "1", "recorded-or-robo": "Y", "city": "castle rock", "state": "FL", "area-code": "813"}, {"id": "1d36742e3f24f50e4e7ae82801c96b7e", "number": "", "date": "2021-01-23 11:00:00", "subject": "1", "recorded-or-robo": "Y", "city": "castle rock", "state": "FL", "area-code": "813"}, {"id": "3decc6bfadaa436a105714c6ba3236c0", "number": "5626951322", "date": "2021-01-22 10:29:00", "subject": "7", "recorded-or-robo": "Y", "city": "Cerritos", "state": "CA", "area-code": "562"}, {"id": "1d36742e3f24f50e4e7ae82801c960a6", "number": "5626951322", "date": "2021-01-22 10:29:00", "subject": "7", "recorded-or-robo": "Y", "city": "Cerritos", "state": "CA", "area-code": "562"}, {"id": "3decc6bfadaa436a105714c6ba77e46a", "number": "+17186647050", "date": "2021-01-23 16:11:39", "subject": "3", "recorded-or-robo": "Y", "city": "", "state": "MD", "area-code": "301"}, {"id": "03e293b3df9e35eadf15c561190e572b", "number": "+17186647050", "date": "2021-01-23 16:11:39", "subject": "3", "recorded-or-robo": "Y", "city": "", "state": "MD", "area-code": "301"}, {"id": "3decc6bfadaa436a105714c6ba778f36", "number": "7046247298", "date": "2021-01-23 16:11:33", "subject": "3", "recorded-or-robo": "Y", "city": "", "state": "NC", "area-code": "704"}, {"id": "3decc6bfadaa436a105714c6ba32273c", "number": "962787145179", "date": "2021-01-04 12:05:00", "subject": "2", "recorded-or-robo": "Y", "city": "Janesville", "state": "WI", "area-code": "608"}, {"id": "1d36742e3f24f50e4e7ae82801c957be", "number": "962787145179", "date": "2021-01-04 12:05:00", "subject": "2", "recorded-or-robo": "Y", "city": "Janesville", "state": "WI", "area-code": "608"}, {"id": "03e293b3df9e35eadf15c561190e0f60", "number": "7046247298", "date": "2021-01-23 16:11:33", "subject": "3", "recorded-or-robo": "Y", "city": "", "state": "NC", "area-code": "704"}, {"id": "3decc6bfadaa436a105714c6ba3222b6", "number": "3144352876", "date": "2021-01-23 14:39:00", "subject": "1", "recorded-or-robo": "Y", "city": "Saint Louis", "state": "MO", "area-code": "314"}, {"id": "1d36742e3f24f50e4e7ae82801c94c97", "number": "3144352876", "date": "2021-01-23 14:39:00", "subject": "1", "recorded-or-robo": "Y", "city": "Saint Louis", "state": "MO", "area-code": "314"}, {"id": "3decc6bfadaa436a105714c6ba321cc8", "number": "7067394800", "date": "2021-01-13 10:29:00", "subject": "4", "recorded-or-robo": "Y", "city": "Evans", "state": "GA", "area-code": "706"}, {"id": "1d36742e3f24f50e4e7ae82801c948e8", "number": "7067394800", "date": "2021-01-13 10:29:00", "subject": "4", "recorded-or-robo": "Y", "city": "Evans", "state": "GA", "area-code": "706"}, {"id": "3decc6bfadaa436a105714c6ba77adc6", "number": "+13529003060", "date": "2021-01-23 16:11:16", "subject": "3", "recorded-or-robo": "Y", "city": "", "state": "FL", "area-code": "352"}, {"id": "3decc6bfadaa436a105714c6ba3212d6", "number": "9093586066", "date": "2021-01-15 08:39:00", "subject": "0", "recorded-or-robo": "Y", "city": "La Mesa", "state": "CA", "area-code": "619"}, {"id": "1d36742e3f24f50e4e7ae82801c93b50", "number": "9093586066", "date": "2021-01-15 08:39:00", "subject": "0", "recorded-or-robo": "Y", "city": "La Mesa", "state": "CA", "area-code": "619"}, {"id": "03e293b3df9e35eadf15c561190e37ef", "number": "+13529003060", "date": "2021-01-23 16:11:16", "subject": "3", "recorded-or-robo": "Y", "city": "", "state": "FL", "area-code": "352"}, {"id": "3decc6bfadaa436a105714c6ba32062e", "number": "", "date": "2021-01-23 12:00:00", "subject": "1", "recorded-or-robo": "Y", "city": "castle rock", "state": "FL", "area-code": "813"}, {"id": "1d36742e3f24f50e4e7ae82801c92d6a", "number": "", "date": "2021-01-23 12:00:00", "subject": "1", "recorded-or-robo": "Y", "city": "castle rock", "state": "FL", "area-code": "813"}, {"id": "3decc6bfadaa436a105714c6ba3203c2", "number": "2424365060", "date": "2021-01-22 20:47:00", "subject": "2", "recorded-or-robo": "Y", "city": "Waterloo", "state": "IA", "area-code": "319"}, {"id": "1d36742e3f24f50e4e7ae82801c92545", "number": "2424365060", "date": "2021-01-22 20:47:00", "subject": "2", "recorded-or-robo": "Y", "city": "Waterloo", "state": "IA", "area-code": "319"}, {"id": "3decc6bfadaa436a105714c6ba779a6b", "number": "+14074904117", "date": "2021-01-23 16:10:52", "subject": "3", "recorded-or-robo": "Y", "city": "", "state": "FL", "area-code": "786"}, {"id": "3decc6bfadaa436a105714c6ba31f56d", "number": "3159360827", "date": "2021-01-13 17:04:00", "subject": "3", "recorded-or-robo": "", "city": "dewitt", "state": "NY", "area-code": "315"}, {"id": "1d36742e3f24f50e4e7ae82801c91764", "number": "3159360827", "date": "2021-01-13 17:04:00", "subject": "3", "recorded-or-robo": "", "city": "dewitt", "state": "NY", "area-code": "315"}, {"id": "03e293b3df9e35eadf15c561190e22c2", "number": "+14074904117", "date": "2021-01-23 16:10:52", "subject": "3", "recorded-or-robo": "Y", "city": "", "state": "FL", "area-code": "786"}, {"id": "3decc6bfadaa436a105714c6ba31f16a", "number": "5628660309", "date": "2021-01-23 10:54:00", "subject": "7", "recorded-or-robo": "Y", "city": "Cerritos", "state": "CA", "area-code": "562"}, {"id": "3decc6bfadaa436a105714c6ba31ee6e", "number": "5857336901", "date": "2021-01-23 16:05:00", "subject": "2", "recorded-or-robo": "Y", "city": "", "state": "NY", "area-code": "585"}, {"id": "1d36742e3f24f50e4e7ae82801c916af", "number": "5628660309", "date": "2021-01-23 10:54:00", "subject": "7", "recorded-or-robo": "Y", "city": "Cerritos", "state": "CA", "area-code": "562"}]}