{"data": [{"id": "03e293b3df9e35eadf15c5611933e6b2", "number": "2887123262", "date": "2021-01-24 08:20:00", "subject": "1", "recorded-or-robo": "Y", "city": "Scottsdale", "state": "AZ", "area-code": "480"}, {"id": "3decc6bfadaa436a105714c6ba9d7bc9", "number": "2019195615", "date": "2021-01-24 11:17:00", "subject": "11", "recorded-or-robo": "Y", "city": "", "state": "MD", "area-code": "201"}, {"id": "03e293b3df9e35eadf15c5611933dd82", "number": "2019195615", "date": "2021-01-24 11:17:00", "subject": "11", "recorded-or-robo": "Y", "city": "", "state": "MD", "area-code": "201"}, {"id": "3decc6bfadaa436a105714c6ba9d7ad4", "number": "3012153275", "date": "2021-01-19 00:00:00", "subject": "2", "recorded-or-robo": "N", "city": "", "state": "MD", "area-code": "301"}, {"id": "03e293b3df9e35eadf15c5611933d763", "number": "3012153275", "date": "2021-01-19 00:00:00", "subject": "2", "recorded-or-robo": "N", "city": "", "state": "MD", "area-code": "301"}, {"id": "3decc6bfadaa436a105714c6ba9d6c3b", "number": "5625992920", "date": "2021-01-22 00:00:00", "subject": "0", "recorded-or-robo": "Y", "city": "Cerritos", "state": "CA", "area-code": "562"}, {"id": "03e293b3df9e35eadf15c5611933d6e7", "number": "5625992920", "date": "2021-01-22 00:00:00", "subject": "0", "recorded-or-robo": "Y", "city": "Cerritos", "state": "CA", "area-code": "562"}, {"id": "3decc6bfadaa436a105714c6ba9d61b1", "number": "2025584964", "date": "2021-01-23 20:12:00", "subject": "0", "recorded-or-robo": "Y", "city": "Hendersonville", "state": "NC", "area-code": "828"}, {"id": "03e293b3df9e35eadf15c5611933d28f", "number": "2025584964", "date": "2021-01-23 20:12:00", "subject": "0", "recorded-or-robo": "Y", "city": "Hendersonville", "state": "NC", "area-code": "828"}, {"id": "3decc6bfadaa436a105714c6ba9d604b", "number": "7284563741", "date": "2021-01-23 12:09:00", "subject": "1", "recorded-or-robo": "Y", "city": "Scottsdale", "state": "AZ", "area-code": "480"}, {"id": "03e293b3df9e35eadf15c5611933cbd2", "number": "7284563741", "date": "2021-01-23 12:09:00", "subject": "1", "recorded-or-robo": "Y", "city": "Scottsdale", "state": "AZ", "area-code": "480"}, {"id": "3decc6bfadaa436a105714c6ba9d5baa", "number": "5628684999", "date": "2021-01-22 00:00:00", "subject": "0", "recorded-or-robo": "Y", "city": "Cerritos", "state": "CA", "area-code": "562"}, {"id": "03e293b3df9e35eadf15c5611933cba3", "number": "5628684999", "date": "2021-01-22 00:00:00", "subject": "0", "recorded-or-robo": "Y", "city": "Cerritos", "state": "CA", "area-code": "562"}, {"id": "3decc6bfadaa436a105714c6ba9d58e9", "number": "5036974097", "date": "2021-01-19 14:10:00", "subject": "3", "recorded-or-robo": "", "city": "Fairfax Station", "state": "VA", "area-code": "703"}, {"id": "03e293b3df9e35eadf15c5611933c16d", "number": "5036974097", "date": "2021-01-19 14:10:00", "subject": "3", "recorded-or-robo": "", "city": "Fairfax Station", "state": "VA", "area-code": "703"}, {"id": "3decc6bfadaa436a105714c6ba9d5198", "number": "3367384083", "date": "2021-01-23 00:00:00", "subject": "0", "recorded-or-robo": "Y", "city": "Cerritos", "state": "CA", "area-code": "562"}, {"id": "03e293b3df9e35eadf15c5611933c0b5", "number": "3367384083", "date": "2021-01-23 00:00:00", "subject": "0", "recorded-or-robo": "Y", "city": "Cerritos", "state": "CA", "area-code": "562"}, {"id": "3decc6bfadaa436a105714c6ba9d41c2", "number": "2622755305", "date": "2021-01-24 11:22:00", "subject": "2", "recorded-or-robo": "Y", "city": "", "state": "WI", "area-code": "262"}, {"id": "03e293b3df9e35eadf15c5611933be13", "number": "2622755305", "date": "2021-01-24 11:22:00", "subject": "2", "recorded-or-robo": "Y", "city": "", "state": "WI", "area-code": "262"}, {"id": "3decc6bfadaa436a105714c6ba9d3f1e", "number": "8556782118", "date": "2021-01-24 12:31:00", "subject": "11", "recorded-or-robo": "Y", "city": "Pickerington", "state": "OH", "area-code": "740"}, {"id": "03e293b3df9e35eadf15c5611933ae83", "number": "8556782118", "date": "2021-01-24 12:31:00", "subject": "11", "recorded-or-robo": "Y", "city": "Pickerington", "state": "OH", "area-code": "740"}, {"id": "3decc6bfadaa436a105714c6ba9d3772", "number": "2765312220", "date": "2021-01-21 13:40:00", "subject": "3", "recorded-or-robo": "", "city": "Fairfax Station", "state": "VA", "area-code": "703"}, {"id": "03e293b3df9e35eadf15c5611933a398", "number": "2765312220", "date": "2021-01-21 13:40:00", "subject": "3", "recorded-or-robo": "", "city": "Fairfax Station", "state": "VA", "area-code": "703"}, {"id": "3decc6bfadaa436a105714c6ba9d305f", "number": "5629428562", "date": "2021-01-24 00:00:00", "subject": "0", "recorded-or-robo": "Y", "city": "Cerritos", "state": "CA", "area-code": "562"}, {"id": "03e293b3df9e35eadf15c561193397c4", "number": "5629428562", "date": "2021-01-24 00:00:00", "subject": "0", "recorded-or-robo": "Y", "city": "Cerritos", "state": "CA", "area-code": "562"}, {"id": "3decc6bfadaa436a105714c6ba9d257e", "number": "6145342520", "date": "2021-01-21 08:10:00", "subject": "1", "recorded-or-robo": "Y", "city": "Scottsdale", "state": "AZ", "area-code": "480"}, {"id": "03e293b3df9e35eadf15c56119338af2", "number": "6145342520", "date": "2021-01-21 08:10:00", "subject": "1", "recorded-or-robo": "Y", "city": "Scottsdale", "state": "AZ", "area-code": "480"}, {"id": "3decc6bfadaa436a105714c6ba9d1c9f", "number": "8556782089", "date": "2021-01-24 12:13:00", "subject": "11", "recorded-or-robo": "Y", "city": "GALENA", "state": "OH", "area-code": "740"}, {"id": "03e293b3df9e35eadf15c561193388a5", "number": "8556782089", "date": "2021-01-24 12:13:00", "subject": "11", "recorded-or-robo": "Y", "city": "GALENA", "state": "OH", "area-code": "740"}, {"id": "3decc6bfadaa436a105714c6ba9d0e86", "number": "3012351387", "date": "2021-01-21 00:00:00", "subject": "2", "recorded-or-robo": "N", "city": "", "state": "MD", "area-code": "301"}, {"id": "03e293b3df9e35eadf15c56119338774", "number": "3012351387", "date": "2021-01-21 00:00:00", "subject": "2", "recorded-or-robo": "N", "city": "", "state": "MD", "area-code": "301"}, {"id": "3decc6bfadaa436a105714c6ba9d02e9", "number": "5624041149", "date": "2021-01-24 00:00:00", "subject": "0", "recorded-or-robo": "Y", "city": "Cerritos", "state": "CA", "area-code": "562"}, {"id": "03e293b3df9e35eadf15c561193386fa", "number": "5624041149", "date": "2021-01-24 00:00:00", "subject": "0", "recorded-or-robo": "Y", "city": "Cerritos", "state": "CA", "area-code": "562"}, {"id": "3decc6bfadaa436a105714c6ba9cfd74", "number": "", "date": "2021-01-21 12:54:00", "subject": "3", "recorded-or-robo": "", "city": "Fairfax Station", "state": "VA", "area-code": "703"}, {"id": "03e293b3df9e35eadf15c5611933810f", "number": "", "date": "2021-01-21 12:54:00", "subject": "3", "recorded-or-robo": "", "city": "Fairfax Station", "state": "VA", "area-code": "703"}, {"id": "3decc6bfadaa436a105714c6ba9cf453", "number": "7257262585", "date": "2021-01-21 12:23:00", "subject": "3", "recorded-or-robo": "", "city": "Fairfax Station", "state": "VA", "area-code": "703"}, {"id": "03e293b3df9e35eadf15c5611933737e", "number": "7257262585", "date": "2021-01-21 12:23:00", "subject": "3", "recorded-or-robo": "", "city": "Fairfax Station", "state": "VA", "area-code": "703"}, {"id": "3decc6bfadaa436a105714c6ba9cf26a", "number": "5624045591", "date": "2021-01-24 00:00:00", "subject": "0", "recorded-or-robo": "Y", "city": "Cerritos", "state": "CA", "area-code": "562"}, {"id": "03e293b3df9e35eadf15c56119336c9f", "number": "5624045591", "date": "2021-01-24 00:00:00", "subject": "0", "recorded-or-robo": "Y", "city": "Cerritos", "state": "CA", "area-code": "562"}, {"id": "3decc6bfadaa436a105714c6ba9ce348", "number": "3016792476", "date": "2021-01-22 00:00:00", "subject": "2", "recorded-or-robo": "N", "city": "", "state": "MD", "area-code": "301"}, {"id": "03e293b3df9e35eadf15c56119335cce", "number": "3016792476", "date": "2021-01-22 00:00:00", "subject": "2", "recorded-or-robo": "N", "city": "", "state": "MD", "area-code": "301"}, {"id": "3decc6bfadaa436a105714c6ba9cd9ff", "number": "5099469938", "date": "2021-01-24 09:15:00", "subject": "2", "recorded-or-robo": "Y", "city": "Richland", "state": "WA", "area-code": "509"}, {"id": "03e293b3df9e35eadf15c56119335c38", "number": "5099469938", "date": "2021-01-24 09:15:00", "subject": "2", "recorded-or-robo": "Y", "city": "Richland", "state": "WA", "area-code": "509"}, {"id": "3decc6bfadaa436a105714c6ba9cd2a1", "number": "9869464332", "date": "2021-01-20 20:00:00", "subject": "3", "recorded-or-robo": "", "city": "Fairfax Station", "state": "VA", "area-code": "703"}, {"id": "03e293b3df9e35eadf15c56119334e3d", "number": "9869464332", "date": "2021-01-20 20:00:00", "subject": "3", "recorded-or-robo": "", "city": "Fairfax Station", "state": "VA", "area-code": "703"}, {"id": "3decc6bfadaa436a105714c6ba9cc64f", "number": "5624043881", "date": "2021-01-24 00:00:00", "subject": "0", "recorded-or-robo": "Y", "city": "Cerritos", "state": "CA", "area-code": "562"}, {"id": "03e293b3df9e35eadf15c561193341fc", "number": "5624043881", "date": "2021-01-24 00:00:00", "subject": "0", "recorded-or-robo": "Y", "city": "Cerritos", "state": "CA", "area-code": "562"}, {"id": "3decc6bfadaa436a105714c6ba9cb9e3", "number": "", "date": "2020-01-24 12:26:00", "subject": "3", "recorded-or-robo": "Y", "city": "", "state": "OH", "area-code": "740"}, {"id": "3decc6bfadaa436a105714c6ba9cb771", "number": "3152328257", "date": "2021-01-24 11:30:00", "subject": "1", "recorded-or-robo": "Y", "city": "", "state": "MO", "area-code": "314"}, {"id": "03e293b3df9e35eadf15c561193333db", "number": "", "date": "2020-01-24 12:26:00", "subject": "3", "recorded-or-robo": "Y", "city": "", "state": "OH", "area-code": "740"}]}