{"data": [{"id": "03e293b3df9e35eadf15c5611909508c", "number": "7732430399", "date": "2021-01-14 13:02:00", "subject": "0", "recorded-or-robo": "Y", "city": "Saint Paul", "state": "MN", "area-code": "651"}, {"id": "3decc6bfadaa436a105714c6ba85725c", "number": "8138898164", "date": "2021-01-23 23:53:29", "subject": "3", "recorded-or-robo": "Y", "city": "", "state": "FL", "area-code": "813"}, {"id": "03e293b3df9e35eadf15c561191c0f46", "number": "8138898164", "date": "2021-01-23 23:53:29", "subject": "3", "recorded-or-robo": "Y", "city": "", "state": "FL", "area-code": "813"}, {"id": "3decc6bfadaa436a105714c6ba73077d", "number": "6519254458", "date": "2021-01-15 13:41:00", "subject": "0", "recorded-or-robo": "Y", "city": "Saint Paul", "state": "MN", "area-code": "651"}, {"id": "03e293b3df9e35eadf15c56119094d06", "number": "6519254458", "date": "2021-01-15 13:41:00", "subject": "0", "recorded-or-robo": "Y", "city": "Saint Paul", "state": "MN", "area-code": "651"}, {"id": "3decc6bfadaa436a105714c6ba856cc3", "number": "8503745343", "date": "2021-01-23 23:51:29", "subject": "3", "recorded-or-robo": "Y", "city": "", "state": "TX", "area-code": "210"}, {"id": "03e293b3df9e35eadf15c561191c036a", "number": "8503745343", "date": "2021-01-23 23:51:29", "subject": "3", "recorded-or-robo": "Y", "city": "", "state": "TX", "area-code": "210"}, {"id": "3decc6bfadaa436a105714c6ba72fbda", "number": "8768567038", "date": "2021-01-16 20:46:00", "subject": "0", "recorded-or-robo": "Y", "city": "Saint Paul", "state": "MN", "area-code": "651"}, {"id": "03e293b3df9e35eadf15c56119093e28", "number": "8768567038", "date": "2021-01-16 20:46:00", "subject": "0", "recorded-or-robo": "Y", "city": "Saint Paul", "state": "MN", "area-code": "651"}, {"id": "3decc6bfadaa436a105714c6ba72f0b6", "number": "7603747718", "date": "2021-01-18 16:34:00", "subject": "0", "recorded-or-robo": "Y", "city": "Saint Paul", "state": "MN", "area-code": "651"}, {"id": "03e293b3df9e35eadf15c5611909306d", "number": "7603747718", "date": "2021-01-18 16:34:00", "subject": "0", "recorded-or-robo": "Y", "city": "Saint Paul", "state": "MN", "area-code": "651"}, {"id": "3decc6bfadaa436a105714c6ba72e94b", "number": "8108772529", "date": "2021-01-22 15:12:00", "subject": "2", "recorded-or-robo": "Y", "city": "", "state": "MI", "area-code": "810"}, {"id": "03e293b3df9e35eadf15c56119092389", "number": "8108772529", "date": "2021-01-22 15:12:00", "subject": "2", "recorded-or-robo": "Y", "city": "", "state": "MI", "area-code": "810"}, {"id": "3decc6bfadaa436a105714c6ba72dcd3", "number": "5245045216", "date": "2021-01-20 14:33:00", "subject": "0", "recorded-or-robo": "Y", "city": "Saint Paul", "state": "MN", "area-code": "651"}, {"id": "03e293b3df9e35eadf15c56119091e93", "number": "5245045216", "date": "2021-01-20 14:33:00", "subject": "0", "recorded-or-robo": "Y", "city": "Saint Paul", "state": "MN", "area-code": "651"}, {"id": "3decc6bfadaa436a105714c6ba72da85", "number": "8108775897", "date": "2021-01-21 11:38:00", "subject": "2", "recorded-or-robo": "Y", "city": "", "state": "MI", "area-code": "810"}, {"id": "03e293b3df9e35eadf15c56119091a86", "number": "8108775897", "date": "2021-01-21 11:38:00", "subject": "2", "recorded-or-robo": "Y", "city": "", "state": "MI", "area-code": "810"}, {"id": "3decc6bfadaa436a105714c6ba72d95b", "number": "6512682461", "date": "2021-01-20 16:24:00", "subject": "0", "recorded-or-robo": "Y", "city": "Saint Paul", "state": "MN", "area-code": "651"}, {"id": "03e293b3df9e35eadf15c56119091203", "number": "6512682461", "date": "2021-01-20 16:24:00", "subject": "0", "recorded-or-robo": "Y", "city": "Saint Paul", "state": "MN", "area-code": "651"}, {"id": "3decc6bfadaa436a105714c6ba72d4ac", "number": "8882804331", "date": "2021-01-13 12:07:00", "subject": "0", "recorded-or-robo": "Y", "city": "Saint Paul", "state": "MN", "area-code": "651"}, {"id": "03e293b3df9e35eadf15c56119090db8", "number": "8882804331", "date": "2021-01-13 12:07:00", "subject": "0", "recorded-or-robo": "Y", "city": "Saint Paul", "state": "MN", "area-code": "651"}, {"id": "3decc6bfadaa436a105714c6ba856b46", "number": "+17604900692", "date": "2021-01-23 23:45:28", "subject": "3", "recorded-or-robo": "Y", "city": "", "state": "CA", "area-code": "760"}, {"id": "03e293b3df9e35eadf15c561191bf3eb", "number": "+17604900692", "date": "2021-01-23 23:45:28", "subject": "3", "recorded-or-robo": "Y", "city": "", "state": "CA", "area-code": "760"}, {"id": "3decc6bfadaa436a105714c6ba72c5c0", "number": "8287997016", "date": "2021-01-22 14:23:00", "subject": "4", "recorded-or-robo": "Y", "city": "Hickory", "state": "NC", "area-code": "828"}, {"id": "03e293b3df9e35eadf15c5611909069e", "number": "8287997016", "date": "2021-01-22 14:23:00", "subject": "4", "recorded-or-robo": "Y", "city": "Hickory", "state": "NC", "area-code": "828"}, {"id": "3decc6bfadaa436a105714c6ba8566f4", "number": "4342527371", "date": "2021-01-23 23:45:18", "subject": "3", "recorded-or-robo": "Y", "city": "", "state": "VA", "area-code": "434"}, {"id": "03e293b3df9e35eadf15c561191bec84", "number": "4342527371", "date": "2021-01-23 23:45:18", "subject": "3", "recorded-or-robo": "Y", "city": "", "state": "VA", "area-code": "434"}, {"id": "3decc6bfadaa436a105714c6ba72c3a8", "number": "8302833193", "date": "2021-01-23 13:21:00", "subject": "2", "recorded-or-robo": "N", "city": "", "state": "TX", "area-code": "281"}, {"id": "03e293b3df9e35eadf15c5611908fcb3", "number": "8302833193", "date": "2021-01-23 13:21:00", "subject": "2", "recorded-or-robo": "N", "city": "", "state": "TX", "area-code": "281"}, {"id": "3decc6bfadaa436a105714c6ba72bb7d", "number": "6517058278", "date": "2021-01-14 13:18:00", "subject": "0", "recorded-or-robo": "Y", "city": "Saint Paul", "state": "MN", "area-code": "651"}, {"id": "03e293b3df9e35eadf15c5611908f6a9", "number": "6517058278", "date": "2021-01-14 13:18:00", "subject": "0", "recorded-or-robo": "Y", "city": "Saint Paul", "state": "MN", "area-code": "651"}, {"id": "3decc6bfadaa436a105714c6ba72b044", "number": "6514875035", "date": "2021-01-15 18:30:00", "subject": "0", "recorded-or-robo": "Y", "city": "Saint Paul", "state": "MN", "area-code": "651"}, {"id": "03e293b3df9e35eadf15c5611908ed75", "number": "6514875035", "date": "2021-01-15 18:30:00", "subject": "0", "recorded-or-robo": "Y", "city": "Saint Paul", "state": "MN", "area-code": "651"}, {"id": "3decc6bfadaa436a105714c6ba72a3fa", "number": "6492311172", "date": "2021-01-23 16:15:00", "subject": "1", "recorded-or-robo": "N", "city": "Marengo", "state": "IA", "area-code": "319"}, {"id": "03e293b3df9e35eadf15c5611908eb46", "number": "6492311172", "date": "2021-01-23 16:15:00", "subject": "1", "recorded-or-robo": "N", "city": "Marengo", "state": "IA", "area-code": "319"}, {"id": "3decc6bfadaa436a105714c6ba72a2c6", "number": "3047846975", "date": "2021-01-14 14:30:00", "subject": "0", "recorded-or-robo": "Y", "city": "Saint Paul", "state": "MN", "area-code": "651"}, {"id": "03e293b3df9e35eadf15c5611908de65", "number": "3047846975", "date": "2021-01-14 14:30:00", "subject": "0", "recorded-or-robo": "Y", "city": "Saint Paul", "state": "MN", "area-code": "651"}, {"id": "3decc6bfadaa436a105714c6ba8555dd", "number": "+14582197272", "date": "2021-01-23 23:41:42", "subject": "3", "recorded-or-robo": "Y", "city": "", "state": "IL", "area-code": "630"}, {"id": "03e293b3df9e35eadf15c561191bb32b", "number": "+14582197272", "date": "2021-01-23 23:41:42", "subject": "3", "recorded-or-robo": "Y", "city": "", "state": "IL", "area-code": "630"}, {"id": "3decc6bfadaa436a105714c6ba729516", "number": "6492311188", "date": "2021-01-23 15:57:00", "subject": "1", "recorded-or-robo": "N", "city": "Marengo", "state": "IA", "area-code": "319"}, {"id": "03e293b3df9e35eadf15c5611908de26", "number": "6492311188", "date": "2021-01-23 15:57:00", "subject": "1", "recorded-or-robo": "N", "city": "Marengo", "state": "IA", "area-code": "319"}, {"id": "3decc6bfadaa436a105714c6ba728c9d", "number": "7402448862", "date": "2021-01-22 13:29:00", "subject": "2", "recorded-or-robo": "Y", "city": "Las Vegas", "state": "NV", "area-code": "325"}, {"id": "03e293b3df9e35eadf15c5611908d6ce", "number": "7402448862", "date": "2021-01-22 13:29:00", "subject": "2", "recorded-or-robo": "Y", "city": "Las Vegas", "state": "NV", "area-code": "325"}, {"id": "3decc6bfadaa436a105714c6ba72839d", "number": "6516151974", "date": "2021-01-13 11:53:00", "subject": "0", "recorded-or-robo": "Y", "city": "Saint Paul", "state": "MN", "area-code": "651"}, {"id": "03e293b3df9e35eadf15c5611908cf42", "number": "6516151974", "date": "2021-01-13 11:53:00", "subject": "0", "recorded-or-robo": "Y", "city": "Saint Paul", "state": "MN", "area-code": "651"}, {"id": "3decc6bfadaa436a105714c6ba728047", "number": "7402448862", "date": "2021-01-22 07:02:00", "subject": "2", "recorded-or-robo": "Y", "city": "Las Vegas", "state": "NV", "area-code": "325"}, {"id": "03e293b3df9e35eadf15c5611908c3e2", "number": "7402448862", "date": "2021-01-22 07:02:00", "subject": "2", "recorded-or-robo": "Y", "city": "Las Vegas", "state": "NV", "area-code": "325"}, {"id": "3decc6bfadaa436a105714c6ba7277c1", "number": "", "date": "2021-01-22 08:11:00", "subject": "2", "recorded-or-robo": "Y", "city": "", "state": "NC", "area-code": "980"}, {"id": "03e293b3df9e35eadf15c5611908c3dd", "number": "", "date": "2021-01-22 08:11:00", "subject": "2", "recorded-or-robo": "Y", "city": "", "state": "NC", "area-code": "980"}, {"id": "3decc6bfadaa436a105714c6ba726add", "number": "9362820754", "date": "2021-01-20 13:34:00", "subject": "2", "recorded-or-robo": "Y", "city": "Las Vegas", "state": "NV", "area-code": "325"}]}