{"data": [{"id": "1d36742e3f24f50e4e7ae82801f6e9d5", "number": "7325383386", "date": "2021-01-21 10:30:00", "subject": "4", "recorded-or-robo": "Y", "city": "", "state": "NJ", "area-code": "732"}, {"id": "3decc6bfadaa436a105714c6ba60f82b", "number": "4434896405", "date": "2021-01-22 08:30:00", "subject": "2", "recorded-or-robo": "Y", "city": "", "state": "MD", "area-code": "410"}, {"id": "1d36742e3f24f50e4e7ae82801f6dcbd", "number": "4434896405", "date": "2021-01-22 08:30:00", "subject": "2", "recorded-or-robo": "Y", "city": "", "state": "MD", "area-code": "410"}, {"id": "3decc6bfadaa436a105714c6ba60eb86", "number": "4105147298", "date": "2021-01-21 10:52:00", "subject": "0", "recorded-or-robo": "", "city": "", "state": "MD", "area-code": "410"}, {"id": "1d36742e3f24f50e4e7ae82801f6dba9", "number": "4105147298", "date": "2021-01-21 10:52:00", "subject": "0", "recorded-or-robo": "", "city": "", "state": "MD", "area-code": "410"}, {"id": "3decc6bfadaa436a105714c6ba60e894", "number": "6602217904", "date": "2021-01-23 17:04:00", "subject": "1", "recorded-or-robo": "Y", "city": "Windsor", "state": "MO", "area-code": "660"}, {"id": "1d36742e3f24f50e4e7ae82801f6d995", "number": "6602217904", "date": "2021-01-23 17:04:00", "subject": "1", "recorded-or-robo": "Y", "city": "Windsor", "state": "MO", "area-code": "660"}, {"id": "3decc6bfadaa436a105714c6ba60db0c", "number": "3152328257", "date": "2021-01-23 18:13:00", "subject": "1", "recorded-or-robo": "Y", "city": "", "state": "MO", "area-code": "314"}, {"id": "1d36742e3f24f50e4e7ae82801f6d05b", "number": "3152328257", "date": "2021-01-23 18:13:00", "subject": "1", "recorded-or-robo": "Y", "city": "", "state": "MO", "area-code": "314"}, {"id": "3decc6bfadaa436a105714c6ba7fd656", "number": "+17623204063", "date": "2021-01-23 19:29:45", "subject": "3", "recorded-or-robo": "Y", "city": "", "state": "GA", "area-code": "404"}, {"id": "3decc6bfadaa436a105714c6ba60ce5a", "number": "6627636077", "date": "2021-01-23 10:53:00", "subject": "2", "recorded-or-robo": "N", "city": "North Apollo", "state": "PA", "area-code": "724"}, {"id": "1d36742e3f24f50e4e7ae82801f6ca72", "number": "6627636077", "date": "2021-01-23 10:53:00", "subject": "2", "recorded-or-robo": "N", "city": "North Apollo", "state": "PA", "area-code": "724"}, {"id": "03e293b3df9e35eadf15c5611916357b", "number": "+17623204063", "date": "2021-01-23 19:29:45", "subject": "3", "recorded-or-robo": "Y", "city": "", "state": "GA", "area-code": "404"}, {"id": "3decc6bfadaa436a105714c6ba607e66", "number": "", "date": "2021-01-23 18:22:00", "subject": "3", "recorded-or-robo": "N", "city": "", "state": "AR", "area-code": "870"}, {"id": "1d36742e3f24f50e4e7ae82801f6812f", "number": "", "date": "2021-01-23 18:22:00", "subject": "3", "recorded-or-robo": "N", "city": "", "state": "AR", "area-code": "870"}, {"id": "3decc6bfadaa436a105714c6ba60bf7b", "number": "8453199567", "date": "2020-12-21 00:00:00", "subject": "3", "recorded-or-robo": "Y", "city": "", "state": "AZ", "area-code": "520"}, {"id": "1d36742e3f24f50e4e7ae82801f6bd90", "number": "8453199567", "date": "2020-12-21 00:00:00", "subject": "3", "recorded-or-robo": "Y", "city": "", "state": "AZ", "area-code": "520"}, {"id": "3decc6bfadaa436a105714c6ba60b1c4", "number": "8003148231", "date": "2021-01-23 04:53:00", "subject": "2", "recorded-or-robo": "N", "city": "Durham", "state": "NC", "area-code": "706"}, {"id": "1d36742e3f24f50e4e7ae82801f6bd5a", "number": "8003148231", "date": "2021-01-23 04:53:00", "subject": "2", "recorded-or-robo": "N", "city": "Durham", "state": "NC", "area-code": "706"}, {"id": "3decc6bfadaa436a105714c6ba60a350", "number": "8122321130", "date": "2021-01-23 08:09:00", "subject": "2", "recorded-or-robo": "Y", "city": "", "state": "CA", "area-code": "310"}, {"id": "1d36742e3f24f50e4e7ae82801f6bb2d", "number": "8122321130", "date": "2021-01-23 08:09:00", "subject": "2", "recorded-or-robo": "Y", "city": "", "state": "CA", "area-code": "310"}, {"id": "3decc6bfadaa436a105714c6ba609772", "number": "3393334034", "date": "2021-01-23 11:24:00", "subject": "3", "recorded-or-robo": "", "city": "", "state": "NC", "area-code": "252"}, {"id": "1d36742e3f24f50e4e7ae82801f6b8c2", "number": "3393334034", "date": "2021-01-23 11:24:00", "subject": "3", "recorded-or-robo": "", "city": "", "state": "NC", "area-code": "252"}, {"id": "3decc6bfadaa436a105714c6ba609260", "number": "7152008443", "date": "2021-01-20 19:56:00", "subject": "0", "recorded-or-robo": "N", "city": "Phoenix", "state": "AZ", "area-code": "480"}, {"id": "1d36742e3f24f50e4e7ae82801f6ae9b", "number": "7152008443", "date": "2021-01-20 19:56:00", "subject": "0", "recorded-or-robo": "N", "city": "Phoenix", "state": "AZ", "area-code": "480"}, {"id": "3decc6bfadaa436a105714c6ba609184", "number": "3044201630", "date": "2021-01-23 19:20:00", "subject": "2", "recorded-or-robo": "N", "city": "Princeton", "state": "WV", "area-code": "304"}, {"id": "1d36742e3f24f50e4e7ae82801f6ae5e", "number": "3044201630", "date": "2021-01-23 19:20:00", "subject": "2", "recorded-or-robo": "N", "city": "Princeton", "state": "WV", "area-code": "304"}, {"id": "3decc6bfadaa436a105714c6ba6090ad", "number": "9083677350", "date": "2021-01-22 08:15:00", "subject": "0", "recorded-or-robo": "Y", "city": "", "state": "MD", "area-code": "410"}, {"id": "1d36742e3f24f50e4e7ae82801f69ffb", "number": "9083677350", "date": "2021-01-22 08:15:00", "subject": "0", "recorded-or-robo": "Y", "city": "", "state": "MD", "area-code": "410"}, {"id": "3decc6bfadaa436a105714c6ba7ff5e0", "number": "+14698377639", "date": "2021-01-23 19:29:11", "subject": "3", "recorded-or-robo": "Y", "city": "", "state": "TX", "area-code": "469"}, {"id": "03e293b3df9e35eadf15c56119165cc5", "number": "+14698377639", "date": "2021-01-23 19:29:11", "subject": "3", "recorded-or-robo": "Y", "city": "", "state": "TX", "area-code": "469"}, {"id": "3decc6bfadaa436a105714c6ba608d31", "number": "4102148756", "date": "2021-01-21 13:22:00", "subject": "0", "recorded-or-robo": "", "city": "", "state": "MD", "area-code": "410"}, {"id": "1d36742e3f24f50e4e7ae82801f690ae", "number": "4102148756", "date": "2021-01-21 13:22:00", "subject": "0", "recorded-or-robo": "", "city": "", "state": "MD", "area-code": "410"}, {"id": "3decc6bfadaa436a105714c6ba6071bd", "number": "6026101964", "date": "2021-01-01 00:00:00", "subject": "3", "recorded-or-robo": "Y", "city": "", "state": "AZ", "area-code": "520"}, {"id": "1d36742e3f24f50e4e7ae82801f67ee1", "number": "6026101964", "date": "2021-01-01 00:00:00", "subject": "3", "recorded-or-robo": "Y", "city": "", "state": "AZ", "area-code": "520"}, {"id": "3decc6bfadaa436a105714c6ba606494", "number": "2523595069", "date": "2021-01-23 11:57:00", "subject": "3", "recorded-or-robo": "N", "city": "", "state": "NC", "area-code": "252"}, {"id": "1d36742e3f24f50e4e7ae82801f67bf3", "number": "2523595069", "date": "2021-01-23 11:57:00", "subject": "3", "recorded-or-robo": "N", "city": "", "state": "NC", "area-code": "252"}, {"id": "3decc6bfadaa436a105714c6ba605d05", "number": "5067795599", "date": "2021-01-23 09:34:00", "subject": "2", "recorded-or-robo": "N", "city": "", "state": "CA", "area-code": "310"}, {"id": "1d36742e3f24f50e4e7ae82801f6731c", "number": "5067795599", "date": "2021-01-23 09:34:00", "subject": "2", "recorded-or-robo": "N", "city": "", "state": "CA", "area-code": "310"}, {"id": "3decc6bfadaa436a105714c6ba604ebd", "number": "3018428969", "date": "2021-01-22 08:00:00", "subject": "0", "recorded-or-robo": "Y", "city": "", "state": "MD", "area-code": "410"}, {"id": "1d36742e3f24f50e4e7ae82801f66c36", "number": "3018428969", "date": "2021-01-22 08:00:00", "subject": "0", "recorded-or-robo": "Y", "city": "", "state": "MD", "area-code": "410"}, {"id": "3decc6bfadaa436a105714c6ba604e00", "number": "6602215569", "date": "2021-01-23 17:15:00", "subject": "1", "recorded-or-robo": "Y", "city": "Windsor", "state": "MO", "area-code": "660"}, {"id": "1d36742e3f24f50e4e7ae82801f66a89", "number": "6602215569", "date": "2021-01-23 17:15:00", "subject": "1", "recorded-or-robo": "Y", "city": "Windsor", "state": "MO", "area-code": "660"}, {"id": "3decc6bfadaa436a105714c6ba60415e", "number": "", "date": "2021-01-14 10:53:00", "subject": "12", "recorded-or-robo": "Y", "city": "Oceanside", "state": "CA", "area-code": "760"}, {"id": "1d36742e3f24f50e4e7ae82801f66570", "number": "", "date": "2021-01-14 10:53:00", "subject": "12", "recorded-or-robo": "Y", "city": "Oceanside", "state": "CA", "area-code": "760"}, {"id": "3decc6bfadaa436a105714c6ba800a67", "number": "+18043549033", "date": "2021-01-23 19:28:11", "subject": "3", "recorded-or-robo": "N", "city": "", "state": "VA", "area-code": "804"}, {"id": "03e293b3df9e35eadf15c56119166576", "number": "+18043549033", "date": "2021-01-23 19:28:11", "subject": "3", "recorded-or-robo": "N", "city": "", "state": "VA", "area-code": "804"}, {"id": "3decc6bfadaa436a105714c6ba603adf", "number": "6232656577", "date": "2021-01-18 00:00:00", "subject": "3", "recorded-or-robo": "Y", "city": "", "state": "AZ", "area-code": "520"}, {"id": "1d36742e3f24f50e4e7ae82801f658e2", "number": "6232656577", "date": "2021-01-18 00:00:00", "subject": "3", "recorded-or-robo": "Y", "city": "", "state": "AZ", "area-code": "520"}, {"id": "3decc6bfadaa436a105714c6ba602cf5", "number": "5309411093", "date": "2021-01-23 17:04:00", "subject": "6", "recorded-or-robo": "N", "city": "Parrish", "state": "CA", "area-code": "530"}]}