{"data": [{"id": "03e293b3df9e35eadf15c56119382973", "number": "6366006427", "date": "2021-01-22 13:26:00", "subject": "0", "recorded-or-robo": "Y", "city": "fenton", "state": "MO", "area-code": "636"}, {"id": "3decc6bfadaa436a105714c6baa25996", "number": "4439185051", "date": "2021-01-21 00:00:00", "subject": "3", "recorded-or-robo": "Y", "city": "", "state": "AZ", "area-code": "520"}, {"id": "03e293b3df9e35eadf15c561193820e9", "number": "4439185051", "date": "2021-01-21 00:00:00", "subject": "3", "recorded-or-robo": "Y", "city": "", "state": "AZ", "area-code": "520"}, {"id": "3decc6bfadaa436a105714c6baa24dcb", "number": "4439185051", "date": "2021-01-21 00:00:00", "subject": "3", "recorded-or-robo": "Y", "city": "", "state": "AZ", "area-code": "520"}, {"id": "03e293b3df9e35eadf15c56119381e26", "number": "4439185051", "date": "2021-01-21 00:00:00", "subject": "3", "recorded-or-robo": "Y", "city": "", "state": "AZ", "area-code": "520"}, {"id": "3decc6bfadaa436a105714c6baa24bc2", "number": "7203777686", "date": "2021-01-22 17:18:00", "subject": "2", "recorded-or-robo": "Y", "city": "Lafayette", "state": "CO", "area-code": "720"}, {"id": "03e293b3df9e35eadf15c56119381c1b", "number": "7203777686", "date": "2021-01-22 17:18:00", "subject": "2", "recorded-or-robo": "Y", "city": "Lafayette", "state": "CO", "area-code": "720"}, {"id": "3decc6bfadaa436a105714c6baa23df2", "number": "4012567138", "date": "2021-01-24 12:30:00", "subject": "1", "recorded-or-robo": "Y", "city": "", "state": "CT", "area-code": "401"}, {"id": "03e293b3df9e35eadf15c56119380cd9", "number": "4012567138", "date": "2021-01-24 12:30:00", "subject": "1", "recorded-or-robo": "Y", "city": "", "state": "CT", "area-code": "401"}, {"id": "3decc6bfadaa436a105714c6baa23339", "number": "2096663133", "date": "2021-01-23 14:50:00", "subject": "2", "recorded-or-robo": "Y", "city": "New Smyrna Beach", "state": "FL", "area-code": "209"}, {"id": "03e293b3df9e35eadf15c56119380bc6", "number": "2096663133", "date": "2021-01-23 14:50:00", "subject": "2", "recorded-or-robo": "Y", "city": "New Smyrna Beach", "state": "FL", "area-code": "209"}, {"id": "3decc6bfadaa436a105714c6baa22535", "number": "5159814170", "date": "2021-01-20 12:52:00", "subject": "0", "recorded-or-robo": "N", "city": "Des Moines", "state": "IA", "area-code": "515"}, {"id": "03e293b3df9e35eadf15c56119380833", "number": "5159814170", "date": "2021-01-20 12:52:00", "subject": "0", "recorded-or-robo": "N", "city": "Des Moines", "state": "IA", "area-code": "515"}, {"id": "3decc6bfadaa436a105714c6baa21a29", "number": "7409647080", "date": "2021-01-24 13:13:00", "subject": "11", "recorded-or-robo": "Y", "city": "Pickerington", "state": "OH", "area-code": "740"}, {"id": "03e293b3df9e35eadf15c56119380148", "number": "7409647080", "date": "2021-01-24 13:13:00", "subject": "11", "recorded-or-robo": "Y", "city": "Pickerington", "state": "OH", "area-code": "740"}, {"id": "3decc6bfadaa436a105714c6baa213a9", "number": "4254174363", "date": "2021-01-24 10:12:00", "subject": "1", "recorded-or-robo": "Y", "city": "Bellevue", "state": "WA", "area-code": "425"}, {"id": "03e293b3df9e35eadf15c5611937fce3", "number": "4254174363", "date": "2021-01-24 10:12:00", "subject": "1", "recorded-or-robo": "Y", "city": "Bellevue", "state": "WA", "area-code": "425"}, {"id": "3decc6bfadaa436a105714c6baa20700", "number": "450552", "date": "2021-01-24 13:05:00", "subject": "2", "recorded-or-robo": "Y", "city": "Springfield", "state": "PA", "area-code": "484"}, {"id": "03e293b3df9e35eadf15c5611937f3cb", "number": "450552", "date": "2021-01-24 13:05:00", "subject": "2", "recorded-or-robo": "Y", "city": "Springfield", "state": "PA", "area-code": "484"}, {"id": "3decc6bfadaa436a105714c6baa1ff6b", "number": "6094486512", "date": "2021-01-23 13:01:00", "subject": "11", "recorded-or-robo": "Y", "city": "East Windsor", "state": "NJ", "area-code": "609"}, {"id": "03e293b3df9e35eadf15c5611937f092", "number": "6094486512", "date": "2021-01-23 13:01:00", "subject": "11", "recorded-or-robo": "Y", "city": "East Windsor", "state": "NJ", "area-code": "609"}, {"id": "3decc6bfadaa436a105714c6baa1f420", "number": "2107121374", "date": "2021-01-23 13:31:00", "subject": "6", "recorded-or-robo": "Y", "city": "Madison", "state": "CT", "area-code": "203"}, {"id": "03e293b3df9e35eadf15c5611937eb2c", "number": "2107121374", "date": "2021-01-23 13:31:00", "subject": "6", "recorded-or-robo": "Y", "city": "Madison", "state": "CT", "area-code": "203"}, {"id": "3decc6bfadaa436a105714c6baa1e905", "number": "4806906539", "date": "2021-01-24 11:09:00", "subject": "2", "recorded-or-robo": "Y", "city": "Chandler", "state": "AZ", "area-code": "480"}, {"id": "03e293b3df9e35eadf15c5611937e2ef", "number": "4806906539", "date": "2021-01-24 11:09:00", "subject": "2", "recorded-or-robo": "Y", "city": "Chandler", "state": "AZ", "area-code": "480"}, {"id": "3decc6bfadaa436a105714c6baa1e0d3", "number": "3304762400", "date": "2021-01-19 12:51:00", "subject": "7", "recorded-or-robo": "Y", "city": "Akron", "state": "OH", "area-code": "330"}, {"id": "03e293b3df9e35eadf15c5611937e2a7", "number": "3304762400", "date": "2021-01-19 12:51:00", "subject": "7", "recorded-or-robo": "Y", "city": "Akron", "state": "OH", "area-code": "330"}, {"id": "3decc6bfadaa436a105714c6baa1d42d", "number": "9717122975", "date": "2021-01-19 13:42:00", "subject": "7", "recorded-or-robo": "Y", "city": "Akron", "state": "OH", "area-code": "330"}, {"id": "03e293b3df9e35eadf15c5611937e2a6", "number": "9717122975", "date": "2021-01-19 13:42:00", "subject": "7", "recorded-or-robo": "Y", "city": "Akron", "state": "OH", "area-code": "330"}, {"id": "3decc6bfadaa436a105714c6baa1cd02", "number": "8609244003", "date": "2021-01-23 11:43:00", "subject": "12", "recorded-or-robo": "Y", "city": "Madison", "state": "CT", "area-code": "203"}, {"id": "03e293b3df9e35eadf15c5611937d57f", "number": "8609244003", "date": "2021-01-23 11:43:00", "subject": "12", "recorded-or-robo": "Y", "city": "Madison", "state": "CT", "area-code": "203"}, {"id": "3decc6bfadaa436a105714c6baa1c485", "number": "", "date": "2021-01-22 12:43:00", "subject": "3", "recorded-or-robo": "Y", "city": "", "state": "AR", "area-code": "501"}, {"id": "03e293b3df9e35eadf15c5611937c609", "number": "", "date": "2021-01-22 12:43:00", "subject": "3", "recorded-or-robo": "Y", "city": "", "state": "AR", "area-code": "501"}, {"id": "3decc6bfadaa436a105714c6baa1bf9e", "number": "2622792544", "date": "2021-01-24 11:30:00", "subject": "2", "recorded-or-robo": "Y", "city": "Twin Lakes", "state": "WI", "area-code": "262"}, {"id": "03e293b3df9e35eadf15c5611937b852", "number": "2622792544", "date": "2021-01-24 11:30:00", "subject": "2", "recorded-or-robo": "Y", "city": "Twin Lakes", "state": "WI", "area-code": "262"}, {"id": "3decc6bfadaa436a105714c6baa1b6e8", "number": "", "date": "2021-01-23 12:00:00", "subject": "2", "recorded-or-robo": "Y", "city": "Walla Walla", "state": "WA", "area-code": "509"}, {"id": "03e293b3df9e35eadf15c5611937a867", "number": "", "date": "2021-01-23 12:00:00", "subject": "2", "recorded-or-robo": "Y", "city": "Walla Walla", "state": "WA", "area-code": "509"}, {"id": "3decc6bfadaa436a105714c6baa1b245", "number": "3309557189", "date": "2021-01-20 11:56:00", "subject": "7", "recorded-or-robo": "Y", "city": "Akron", "state": "OH", "area-code": "330"}, {"id": "03e293b3df9e35eadf15c5611937a751", "number": "3309557189", "date": "2021-01-20 11:56:00", "subject": "7", "recorded-or-robo": "Y", "city": "Akron", "state": "OH", "area-code": "330"}, {"id": "3decc6bfadaa436a105714c6baa1ab2e", "number": "3865238166", "date": "2021-01-24 12:05:00", "subject": "1", "recorded-or-robo": "Y", "city": "Pacific", "state": "MO", "area-code": "386"}, {"id": "03e293b3df9e35eadf15c56119379dad", "number": "3865238166", "date": "2021-01-24 12:05:00", "subject": "1", "recorded-or-robo": "Y", "city": "Pacific", "state": "MO", "area-code": "386"}, {"id": "3decc6bfadaa436a105714c6baa1a395", "number": "", "date": "2021-01-01 12:00:00", "subject": "13", "recorded-or-robo": "Y", "city": "costa mesa", "state": "CA", "area-code": "714"}, {"id": "03e293b3df9e35eadf15c56119379caa", "number": "", "date": "2021-01-01 12:00:00", "subject": "13", "recorded-or-robo": "Y", "city": "costa mesa", "state": "CA", "area-code": "714"}, {"id": "3decc6bfadaa436a105714c6baa19b04", "number": "8440499279", "date": "2021-01-24 12:16:00", "subject": "1", "recorded-or-robo": "Y", "city": "", "state": "FL", "area-code": "941"}, {"id": "03e293b3df9e35eadf15c561193799b8", "number": "8440499279", "date": "2021-01-24 12:16:00", "subject": "1", "recorded-or-robo": "Y", "city": "", "state": "FL", "area-code": "941"}, {"id": "3decc6bfadaa436a105714c6baa183ab", "number": "9254316647", "date": "2021-01-23 12:57:00", "subject": "3", "recorded-or-robo": "N", "city": "", "state": "CA", "area-code": "925"}, {"id": "03e293b3df9e35eadf15c561193773f0", "number": "9254316647", "date": "2021-01-23 12:57:00", "subject": "3", "recorded-or-robo": "N", "city": "", "state": "CA", "area-code": "925"}, {"id": "3decc6bfadaa436a105714c6baa19a30", "number": "9298224002", "date": "2021-01-20 19:07:00", "subject": "2", "recorded-or-robo": "Y", "city": "", "state": "NY", "area-code": "718"}, {"id": "03e293b3df9e35eadf15c56119379632", "number": "9298224002", "date": "2021-01-20 19:07:00", "subject": "2", "recorded-or-robo": "Y", "city": "", "state": "NY", "area-code": "718"}, {"id": "3decc6bfadaa436a105714c6baa18f25", "number": "3306378420", "date": "2021-01-20 12:06:00", "subject": "7", "recorded-or-robo": "Y", "city": "Akron", "state": "OH", "area-code": "330"}]}