{"data": [{"id": "03e293b3df9e35eadf15c561192e9b1f", "number": "5344000294", "date": "2021-01-23 13:53:00", "subject": "2", "recorded-or-robo": "Y", "city": "San Antonio", "state": "TX", "area-code": "210"}, {"id": "3decc6bfadaa436a105714c6ba980fa9", "number": "9544336858", "date": "2021-01-23 15:15:00", "subject": "2", "recorded-or-robo": "Y", "city": "Manhattan Beach", "state": "CA", "area-code": "310"}, {"id": "03e293b3df9e35eadf15c561192e9ae0", "number": "9544336858", "date": "2021-01-23 15:15:00", "subject": "2", "recorded-or-robo": "Y", "city": "Manhattan Beach", "state": "CA", "area-code": "310"}, {"id": "3decc6bfadaa436a105714c6ba98044f", "number": "5099432463", "date": "2021-01-24 07:50:00", "subject": "1", "recorded-or-robo": "Y", "city": "", "state": "WA", "area-code": "509"}, {"id": "03e293b3df9e35eadf15c561192e8f5a", "number": "5099432463", "date": "2021-01-24 07:50:00", "subject": "1", "recorded-or-robo": "Y", "city": "", "state": "WA", "area-code": "509"}, {"id": "3decc6bfadaa436a105714c6ba97faca", "number": "8173447467", "date": "2021-01-22 15:15:00", "subject": "4", "recorded-or-robo": "Y", "city": "Southlake", "state": "TX", "area-code": "817"}, {"id": "03e293b3df9e35eadf15c561192e8833", "number": "8173447467", "date": "2021-01-22 15:15:00", "subject": "4", "recorded-or-robo": "Y", "city": "Southlake", "state": "TX", "area-code": "817"}, {"id": "3decc6bfadaa436a105714c6ba97f1e6", "number": "5098439528", "date": "2021-01-24 20:06:00", "subject": "1", "recorded-or-robo": "Y", "city": "", "state": "WA", "area-code": "509"}, {"id": "03e293b3df9e35eadf15c561192e833a", "number": "5098439528", "date": "2021-01-24 20:06:00", "subject": "1", "recorded-or-robo": "Y", "city": "", "state": "WA", "area-code": "509"}, {"id": "3decc6bfadaa436a105714c6ba97eae1", "number": "2537805860", "date": "2021-01-23 10:59:00", "subject": "1", "recorded-or-robo": "N", "city": "", "state": "Do", "area-code": "202"}, {"id": "03e293b3df9e35eadf15c561192e79a1", "number": "2537805860", "date": "2021-01-23 10:59:00", "subject": "1", "recorded-or-robo": "N", "city": "", "state": "Do", "area-code": "202"}, {"id": "3decc6bfadaa436a105714c6ba97bd7d", "number": "4697976456", "date": "2021-01-21 13:37:00", "subject": "3", "recorded-or-robo": "N", "city": "", "state": "PA", "area-code": "570"}, {"id": "03e293b3df9e35eadf15c561192e3e94", "number": "4697976456", "date": "2021-01-21 13:37:00", "subject": "3", "recorded-or-robo": "N", "city": "", "state": "PA", "area-code": "570"}, {"id": "3decc6bfadaa436a105714c6ba97e36b", "number": "8603456731", "date": "2021-01-16 14:02:00", "subject": "2", "recorded-or-robo": "Y", "city": "Manhattan Beach", "state": "CA", "area-code": "310"}, {"id": "03e293b3df9e35eadf15c561192e6bef", "number": "8603456731", "date": "2021-01-16 14:02:00", "subject": "2", "recorded-or-robo": "Y", "city": "Manhattan Beach", "state": "CA", "area-code": "310"}, {"id": "3decc6bfadaa436a105714c6ba97dbf8", "number": "8178965338", "date": "2021-01-23 11:04:00", "subject": "2", "recorded-or-robo": "Y", "city": "San Antonio", "state": "TX", "area-code": "210"}, {"id": "03e293b3df9e35eadf15c561192e5d1f", "number": "8178965338", "date": "2021-01-23 11:04:00", "subject": "2", "recorded-or-robo": "Y", "city": "San Antonio", "state": "TX", "area-code": "210"}, {"id": "3decc6bfadaa436a105714c6ba97d258", "number": "509431187", "date": "2021-01-24 20:12:00", "subject": "1", "recorded-or-robo": "Y", "city": "", "state": "WA", "area-code": "509"}, {"id": "03e293b3df9e35eadf15c561192e54fe", "number": "509431187", "date": "2021-01-24 20:12:00", "subject": "1", "recorded-or-robo": "Y", "city": "", "state": "WA", "area-code": "509"}, {"id": "3decc6bfadaa436a105714c6ba97c996", "number": "5099439939", "date": "2021-01-24 20:17:00", "subject": "1", "recorded-or-robo": "Y", "city": "", "state": "WA", "area-code": "509"}, {"id": "03e293b3df9e35eadf15c561192e4ac8", "number": "5099439939", "date": "2021-01-24 20:17:00", "subject": "1", "recorded-or-robo": "Y", "city": "", "state": "WA", "area-code": "509"}, {"id": "3decc6bfadaa436a105714c6ba97bd2d", "number": "3107526205", "date": "2021-01-22 13:01:00", "subject": "2", "recorded-or-robo": "Y", "city": "Manhattan Beach", "state": "CA", "area-code": "310"}, {"id": "03e293b3df9e35eadf15c561192e3bbe", "number": "3107526205", "date": "2021-01-22 13:01:00", "subject": "2", "recorded-or-robo": "Y", "city": "Manhattan Beach", "state": "CA", "area-code": "310"}, {"id": "3decc6bfadaa436a105714c6ba97bad7", "number": "6304813470", "date": "2021-01-24 10:49:00", "subject": "11", "recorded-or-robo": "Y", "city": "englewood", "state": "FL", "area-code": "941"}, {"id": "03e293b3df9e35eadf15c561192e3562", "number": "6304813470", "date": "2021-01-24 10:49:00", "subject": "11", "recorded-or-robo": "Y", "city": "englewood", "state": "FL", "area-code": "941"}, {"id": "3decc6bfadaa436a105714c6ba97b458", "number": "2109422648", "date": "2021-01-21 14:14:00", "subject": "2", "recorded-or-robo": "Y", "city": "San Antonio", "state": "TX", "area-code": "210"}, {"id": "03e293b3df9e35eadf15c561192e2917", "number": "2109422648", "date": "2021-01-21 14:14:00", "subject": "2", "recorded-or-robo": "Y", "city": "San Antonio", "state": "TX", "area-code": "210"}, {"id": "3decc6bfadaa436a105714c6ba97a667", "number": "", "date": "2021-01-23 09:03:00", "subject": "11", "recorded-or-robo": "Y", "city": "Bridge city", "state": "TX", "area-code": "409"}, {"id": "03e293b3df9e35eadf15c561192e1b53", "number": "", "date": "2021-01-23 09:03:00", "subject": "11", "recorded-or-robo": "Y", "city": "Bridge city", "state": "TX", "area-code": "409"}, {"id": "3decc6bfadaa436a105714c6ba979f43", "number": "5099439860", "date": "2021-01-24 20:24:00", "subject": "1", "recorded-or-robo": "Y", "city": "", "state": "WA", "area-code": "509"}, {"id": "03e293b3df9e35eadf15c561192e15a5", "number": "5099439860", "date": "2021-01-24 20:24:00", "subject": "1", "recorded-or-robo": "Y", "city": "", "state": "WA", "area-code": "509"}, {"id": "3decc6bfadaa436a105714c6ba97951b", "number": "4695629785", "date": "2021-01-21 08:58:00", "subject": "3", "recorded-or-robo": "N", "city": "", "state": "PA", "area-code": "570"}, {"id": "03e293b3df9e35eadf15c561192e05f7", "number": "4695629785", "date": "2021-01-21 08:58:00", "subject": "3", "recorded-or-robo": "N", "city": "", "state": "PA", "area-code": "570"}, {"id": "3decc6bfadaa436a105714c6ba9793b7", "number": "8449891711", "date": "2021-01-21 08:26:00", "subject": "2", "recorded-or-robo": "Y", "city": "San Antonio", "state": "TX", "area-code": "210"}, {"id": "03e293b3df9e35eadf15c561192dfc42", "number": "8449891711", "date": "2021-01-21 08:26:00", "subject": "2", "recorded-or-robo": "Y", "city": "San Antonio", "state": "TX", "area-code": "210"}, {"id": "3decc6bfadaa436a105714c6ba9788e3", "number": "6461806446", "date": "2021-01-24 06:12:00", "subject": "2", "recorded-or-robo": "Y", "city": "San Francisco", "state": "CA", "area-code": "415"}, {"id": "03e293b3df9e35eadf15c561192df6a5", "number": "6461806446", "date": "2021-01-24 06:12:00", "subject": "2", "recorded-or-robo": "Y", "city": "San Francisco", "state": "CA", "area-code": "415"}, {"id": "3decc6bfadaa436a105714c6ba978564", "number": "", "date": "2021-01-20 10:30:00", "subject": "2", "recorded-or-robo": "Y", "city": "", "state": "CA", "area-code": "949"}, {"id": "03e293b3df9e35eadf15c561192deb69", "number": "", "date": "2021-01-20 10:30:00", "subject": "2", "recorded-or-robo": "Y", "city": "", "state": "CA", "area-code": "949"}, {"id": "3decc6bfadaa436a105714c6ba977ef7", "number": "2166667647", "date": "2021-01-23 12:01:00", "subject": "4", "recorded-or-robo": "Y", "city": "", "state": "MN", "area-code": "612"}, {"id": "03e293b3df9e35eadf15c561192de857", "number": "2166667647", "date": "2021-01-23 12:01:00", "subject": "4", "recorded-or-robo": "Y", "city": "", "state": "MN", "area-code": "612"}, {"id": "3decc6bfadaa436a105714c6ba9779c7", "number": "8133616515", "date": "2021-01-24 11:08:00", "subject": "2", "recorded-or-robo": "Y", "city": "Spring Hill", "state": "FL", "area-code": "813"}, {"id": "03e293b3df9e35eadf15c561192ddee4", "number": "8133616515", "date": "2021-01-24 11:08:00", "subject": "2", "recorded-or-robo": "Y", "city": "Spring Hill", "state": "FL", "area-code": "813"}, {"id": "3decc6bfadaa436a105714c6ba977936", "number": "2109422678", "date": "2021-01-21 08:25:00", "subject": "2", "recorded-or-robo": "Y", "city": "San Antonio", "state": "TX", "area-code": "210"}, {"id": "03e293b3df9e35eadf15c561192dcfed", "number": "2109422678", "date": "2021-01-21 08:25:00", "subject": "2", "recorded-or-robo": "Y", "city": "San Antonio", "state": "TX", "area-code": "210"}, {"id": "3decc6bfadaa436a105714c6ba9769e2", "number": "5099482371", "date": "2021-01-24 08:40:00", "subject": "1", "recorded-or-robo": "Y", "city": "West Richland", "state": "WA", "area-code": "615"}, {"id": "03e293b3df9e35eadf15c561192dc1fc", "number": "5099482371", "date": "2021-01-24 08:40:00", "subject": "1", "recorded-or-robo": "Y", "city": "West Richland", "state": "WA", "area-code": "615"}, {"id": "3decc6bfadaa436a105714c6ba975dda", "number": "", "date": "2021-01-24 08:30:00", "subject": "11", "recorded-or-robo": "Y", "city": "", "state": "WA", "area-code": "509"}, {"id": "03e293b3df9e35eadf15c561192db732", "number": "", "date": "2021-01-24 08:30:00", "subject": "11", "recorded-or-robo": "Y", "city": "", "state": "WA", "area-code": "509"}, {"id": "3decc6bfadaa436a105714c6ba975d02", "number": "4697976404", "date": "2021-01-21 06:51:00", "subject": "3", "recorded-or-robo": "Y", "city": "", "state": "PA", "area-code": "570"}]}