{"data": [{"id": "03e293b3df9e35eadf15c561196f5bdf", "number": "7273725210", "date": "2021-01-24 20:25:00", "subject": "11", "recorded-or-robo": "Y", "city": "Trinity", "state": "FL", "area-code": "727"}, {"id": "3decc6bfadaa436a105714c6bad98e57", "number": "6016061099", "date": "2021-01-24 10:00:00", "subject": "11", "recorded-or-robo": "Y", "city": "WIGGINS", "state": "MS", "area-code": "716"}, {"id": "03e293b3df9e35eadf15c561196f546d", "number": "6016061099", "date": "2021-01-24 10:00:00", "subject": "11", "recorded-or-robo": "Y", "city": "WIGGINS", "state": "MS", "area-code": "716"}, {"id": "3decc6bfadaa436a105714c6bad986bf", "number": "", "date": "2021-01-24 00:00:00", "subject": "3", "recorded-or-robo": "Y", "city": "", "state": "NY", "area-code": "845"}, {"id": "03e293b3df9e35eadf15c561196f48a6", "number": "", "date": "2021-01-24 00:00:00", "subject": "3", "recorded-or-robo": "Y", "city": "", "state": "NY", "area-code": "845"}, {"id": "3decc6bfadaa436a105714c6bad98184", "number": "7273726943", "date": "2021-01-24 20:13:00", "subject": "11", "recorded-or-robo": "Y", "city": "Trinity", "state": "FL", "area-code": "727"}, {"id": "03e293b3df9e35eadf15c561196f3c55", "number": "7273726943", "date": "2021-01-24 20:13:00", "subject": "11", "recorded-or-robo": "Y", "city": "Trinity", "state": "FL", "area-code": "727"}, {"id": "3decc6bfadaa436a105714c6bad97f27", "number": "8333110847", "date": "2021-01-22 11:14:00", "subject": "2", "recorded-or-robo": "Y", "city": "Ogden", "state": "UT", "area-code": "801"}, {"id": "03e293b3df9e35eadf15c561196f336e", "number": "8333110847", "date": "2021-01-22 11:14:00", "subject": "2", "recorded-or-robo": "Y", "city": "Ogden", "state": "UT", "area-code": "801"}, {"id": "3decc6bfadaa436a105714c6bad97997", "number": "2673294837", "date": "2021-01-24 12:48:00", "subject": "2", "recorded-or-robo": "N", "city": "Philadelphia", "state": "PA", "area-code": "215"}, {"id": "03e293b3df9e35eadf15c561196f3171", "number": "2673294837", "date": "2021-01-24 12:48:00", "subject": "2", "recorded-or-robo": "N", "city": "Philadelphia", "state": "PA", "area-code": "215"}, {"id": "3decc6bfadaa436a105714c6bad971e9", "number": "", "date": "2021-01-22 08:53:00", "subject": "2", "recorded-or-robo": "N", "city": "", "state": "CA", "area-code": "510"}, {"id": "03e293b3df9e35eadf15c561196f234e", "number": "", "date": "2021-01-22 08:53:00", "subject": "2", "recorded-or-robo": "N", "city": "", "state": "CA", "area-code": "510"}, {"id": "3decc6bfadaa436a105714c6bad9667f", "number": "", "date": "2021-01-18 00:00:00", "subject": "2", "recorded-or-robo": "Y", "city": "Park Ridge", "state": "IL", "area-code": "847"}, {"id": "03e293b3df9e35eadf15c561196f1c16", "number": "", "date": "2021-01-18 00:00:00", "subject": "2", "recorded-or-robo": "Y", "city": "Park Ridge", "state": "IL", "area-code": "847"}, {"id": "3decc6bfadaa436a105714c6bad96677", "number": "", "date": "2021-01-24 00:00:00", "subject": "3", "recorded-or-robo": "Y", "city": "", "state": "NY", "area-code": "845"}, {"id": "03e293b3df9e35eadf15c561196f1860", "number": "", "date": "2021-01-24 00:00:00", "subject": "3", "recorded-or-robo": "Y", "city": "", "state": "NY", "area-code": "845"}, {"id": "3decc6bfadaa436a105714c6bad95fc7", "number": "4148078233", "date": "2021-01-24 03:15:00", "subject": "2", "recorded-or-robo": "Y", "city": "Sun City Center", "state": "FL", "area-code": "414"}, {"id": "03e293b3df9e35eadf15c561196f167c", "number": "4148078233", "date": "2021-01-24 03:15:00", "subject": "2", "recorded-or-robo": "Y", "city": "Sun City Center", "state": "FL", "area-code": "414"}, {"id": "3decc6bfadaa436a105714c6bad95f44", "number": "2673294799", "date": "2021-01-24 18:44:00", "subject": "2", "recorded-or-robo": "N", "city": "Philadelphia", "state": "PA", "area-code": "215"}, {"id": "03e293b3df9e35eadf15c561196f1410", "number": "2673294799", "date": "2021-01-24 18:44:00", "subject": "2", "recorded-or-robo": "N", "city": "Philadelphia", "state": "PA", "area-code": "215"}, {"id": "3decc6bfadaa436a105714c6bad952d7", "number": "7273722050", "date": "2021-01-24 19:30:00", "subject": "11", "recorded-or-robo": "Y", "city": "Trinity", "state": "FL", "area-code": "727"}, {"id": "03e293b3df9e35eadf15c561196f1402", "number": "7273722050", "date": "2021-01-24 19:30:00", "subject": "11", "recorded-or-robo": "Y", "city": "Trinity", "state": "FL", "area-code": "727"}, {"id": "3decc6bfadaa436a105714c6bad9528a", "number": "", "date": "2021-01-24 11:22:00", "subject": "2", "recorded-or-robo": "Y", "city": "Water Valley", "state": "MS", "area-code": "662"}, {"id": "03e293b3df9e35eadf15c561196f1265", "number": "", "date": "2021-01-24 11:22:00", "subject": "2", "recorded-or-robo": "Y", "city": "Water Valley", "state": "MS", "area-code": "662"}, {"id": "3decc6bfadaa436a105714c6bad94cc0", "number": "7273726589", "date": "2021-01-24 19:16:00", "subject": "11", "recorded-or-robo": "Y", "city": "Trinity", "state": "FL", "area-code": "727"}, {"id": "03e293b3df9e35eadf15c561196f081e", "number": "7273726589", "date": "2021-01-24 19:16:00", "subject": "11", "recorded-or-robo": "Y", "city": "Trinity", "state": "FL", "area-code": "727"}, {"id": "3decc6bfadaa436a105714c6bad93d4b", "number": "4147325785", "date": "2021-01-24 17:15:00", "subject": "1", "recorded-or-robo": "Y", "city": "Cave Creek", "state": "AZ", "area-code": "414"}, {"id": "03e293b3df9e35eadf15c561196f0270", "number": "4147325785", "date": "2021-01-24 17:15:00", "subject": "1", "recorded-or-robo": "Y", "city": "Cave Creek", "state": "AZ", "area-code": "414"}, {"id": "3decc6bfadaa436a105714c6bad932aa", "number": "8885240691", "date": "2021-01-23 21:54:00", "subject": "2", "recorded-or-robo": "N", "city": "", "state": "VA", "area-code": "571"}, {"id": "03e293b3df9e35eadf15c561196efbe9", "number": "8885240691", "date": "2021-01-23 21:54:00", "subject": "2", "recorded-or-robo": "N", "city": "", "state": "VA", "area-code": "571"}, {"id": "3decc6bfadaa436a105714c6bad93144", "number": "5053968100", "date": "2021-01-24 19:13:00", "subject": "1", "recorded-or-robo": "N", "city": "Albuquerque", "state": "NM", "area-code": "408"}, {"id": "03e293b3df9e35eadf15c561196ef6f1", "number": "5053968100", "date": "2021-01-24 19:13:00", "subject": "1", "recorded-or-robo": "N", "city": "Albuquerque", "state": "NM", "area-code": "408"}, {"id": "3decc6bfadaa436a105714c6bad930cd", "number": "7273725175", "date": "2021-01-24 19:02:00", "subject": "11", "recorded-or-robo": "Y", "city": "Trinity", "state": "FL", "area-code": "727"}, {"id": "03e293b3df9e35eadf15c561196eee88", "number": "7273725175", "date": "2021-01-24 19:02:00", "subject": "11", "recorded-or-robo": "Y", "city": "Trinity", "state": "FL", "area-code": "727"}, {"id": "3decc6bfadaa436a105714c6bad92a78", "number": "2142813576", "date": "2021-01-15 16:05:00", "subject": "1", "recorded-or-robo": "Y", "city": "New Boston", "state": "MI", "area-code": "727"}, {"id": "03e293b3df9e35eadf15c561196ee647", "number": "2142813576", "date": "2021-01-15 16:05:00", "subject": "1", "recorded-or-robo": "Y", "city": "New Boston", "state": "MI", "area-code": "727"}, {"id": "3decc6bfadaa436a105714c6bad926cd", "number": "8218215527", "date": "2021-01-23 14:20:00", "subject": "1", "recorded-or-robo": "Y", "city": "University City", "state": "MO", "area-code": "314"}, {"id": "03e293b3df9e35eadf15c561196ed89c", "number": "8218215527", "date": "2021-01-23 14:20:00", "subject": "1", "recorded-or-robo": "Y", "city": "University City", "state": "MO", "area-code": "314"}, {"id": "3decc6bfadaa436a105714c6bad91882", "number": "7279143913", "date": "2021-01-24 20:23:00", "subject": "1", "recorded-or-robo": "Y", "city": "St Petersburg", "state": "FL", "area-code": "727"}, {"id": "03e293b3df9e35eadf15c561196ed6ba", "number": "7279143913", "date": "2021-01-24 20:23:00", "subject": "1", "recorded-or-robo": "Y", "city": "St Petersburg", "state": "FL", "area-code": "727"}, {"id": "3decc6bfadaa436a105714c6bad90dae", "number": "6193051819", "date": "2021-01-23 16:52:00", "subject": "2", "recorded-or-robo": "Y", "city": "", "state": "CA", "area-code": "408"}, {"id": "03e293b3df9e35eadf15c561196ed159", "number": "6193051819", "date": "2021-01-23 16:52:00", "subject": "2", "recorded-or-robo": "Y", "city": "", "state": "CA", "area-code": "408"}, {"id": "3decc6bfadaa436a105714c6bad90b95", "number": "7273727151", "date": "2021-01-24 18:49:00", "subject": "11", "recorded-or-robo": "Y", "city": "Trinity", "state": "FL", "area-code": "727"}, {"id": "03e293b3df9e35eadf15c561196ec70e", "number": "7273727151", "date": "2021-01-24 18:49:00", "subject": "11", "recorded-or-robo": "Y", "city": "Trinity", "state": "FL", "area-code": "727"}, {"id": "3decc6bfadaa436a105714c6bad907bc", "number": "4155099191", "date": "2021-01-24 11:15:00", "subject": "2", "recorded-or-robo": "N", "city": "San Francisco", "state": "CA", "area-code": "415"}, {"id": "03e293b3df9e35eadf15c561196eb735", "number": "4155099191", "date": "2021-01-24 11:15:00", "subject": "2", "recorded-or-robo": "N", "city": "San Francisco", "state": "CA", "area-code": "415"}, {"id": "3decc6bfadaa436a105714c6bad9077d", "number": "9544296687", "date": "2021-01-24 20:03:00", "subject": "0", "recorded-or-robo": "Y", "city": "St Petersburg", "state": "FL", "area-code": "727"}, {"id": "03e293b3df9e35eadf15c561196eb1a7", "number": "9544296687", "date": "2021-01-24 20:03:00", "subject": "0", "recorded-or-robo": "Y", "city": "St Petersburg", "state": "FL", "area-code": "727"}, {"id": "3decc6bfadaa436a105714c6bad8fe7b", "number": "7273729705", "date": "2021-01-24 18:11:00", "subject": "0", "recorded-or-robo": "Y", "city": "Trinity", "state": "FL", "area-code": "727"}]}