{"data": [{"id": "1d36742e3f24f50e4e7ae82801fcd084", "number": "", "date": "2021-01-23 15:42:00", "subject": "5", "recorded-or-robo": "Y", "city": "", "state": "ID", "area-code": "337"}, {"id": "3decc6bfadaa436a105714c6ba81274a", "number": "+16516051604", "date": "2021-01-23 20:13:40", "subject": "3", "recorded-or-robo": "Y", "city": "", "state": "MN", "area-code": "651"}, {"id": "03e293b3df9e35eadf15c5611917a27b", "number": "+16516051604", "date": "2021-01-23 20:13:40", "subject": "3", "recorded-or-robo": "Y", "city": "", "state": "MN", "area-code": "651"}, {"id": "3decc6bfadaa436a105714c6ba66c4f6", "number": "4077370511", "date": "2021-01-23 14:47:00", "subject": "2", "recorded-or-robo": "N", "city": "", "state": "FL", "area-code": "407"}, {"id": "1d36742e3f24f50e4e7ae82801fccf39", "number": "4077370511", "date": "2021-01-23 14:47:00", "subject": "2", "recorded-or-robo": "N", "city": "", "state": "FL", "area-code": "407"}, {"id": "3decc6bfadaa436a105714c6ba8131d6", "number": "8475510254", "date": "2021-01-23 20:13:17", "subject": "3", "recorded-or-robo": "Y", "city": "", "state": "IL", "area-code": "847"}, {"id": "03e293b3df9e35eadf15c5611917bce3", "number": "8475510254", "date": "2021-01-23 20:13:17", "subject": "3", "recorded-or-robo": "Y", "city": "", "state": "IL", "area-code": "847"}, {"id": "3decc6bfadaa436a105714c6ba66ba1f", "number": "2029663399", "date": "2021-01-22 10:57:00", "subject": "2", "recorded-or-robo": "N", "city": "Onamia", "state": "MN", "area-code": "612"}, {"id": "1d36742e3f24f50e4e7ae82801fcc771", "number": "2029663399", "date": "2021-01-22 10:57:00", "subject": "2", "recorded-or-robo": "N", "city": "Onamia", "state": "MN", "area-code": "612"}, {"id": "3decc6bfadaa436a105714c6ba66b003", "number": "3145043450", "date": "2021-01-23 12:00:00", "subject": "2", "recorded-or-robo": "Y", "city": "Ballwin", "state": "MO", "area-code": "314"}, {"id": "1d36742e3f24f50e4e7ae82801fcc4e3", "number": "3145043450", "date": "2021-01-23 12:00:00", "subject": "2", "recorded-or-robo": "Y", "city": "Ballwin", "state": "MO", "area-code": "314"}, {"id": "3decc6bfadaa436a105714c6ba812c4d", "number": "3343364343", "date": "2021-01-23 20:12:35", "subject": "3", "recorded-or-robo": "Y", "city": "", "state": "AL", "area-code": "334"}, {"id": "03e293b3df9e35eadf15c5611917b1bf", "number": "3343364343", "date": "2021-01-23 20:12:35", "subject": "3", "recorded-or-robo": "Y", "city": "", "state": "AL", "area-code": "334"}, {"id": "3decc6bfadaa436a105714c6ba66a374", "number": "6154065467", "date": "2021-01-23 00:00:00", "subject": "11", "recorded-or-robo": "Y", "city": "Richland", "state": "WA", "area-code": "509"}, {"id": "1d36742e3f24f50e4e7ae82801fcc4bc", "number": "6154065467", "date": "2021-01-23 00:00:00", "subject": "11", "recorded-or-robo": "Y", "city": "Richland", "state": "WA", "area-code": "509"}, {"id": "3decc6bfadaa436a105714c6ba669bb7", "number": "5099281623", "date": "2021-01-23 16:16:00", "subject": "1", "recorded-or-robo": "Y", "city": "Spokane Valley", "state": "WA", "area-code": "509"}, {"id": "1d36742e3f24f50e4e7ae82801fcb677", "number": "5099281623", "date": "2021-01-23 16:16:00", "subject": "1", "recorded-or-robo": "Y", "city": "Spokane Valley", "state": "WA", "area-code": "509"}, {"id": "3decc6bfadaa436a105714c6ba669968", "number": "6512669990", "date": "2021-01-22 14:04:00", "subject": "2", "recorded-or-robo": "N", "city": "Onamia", "state": "MN", "area-code": "612"}, {"id": "1d36742e3f24f50e4e7ae82801fcad30", "number": "6512669990", "date": "2021-01-22 14:04:00", "subject": "2", "recorded-or-robo": "N", "city": "Onamia", "state": "MN", "area-code": "612"}, {"id": "3decc6bfadaa436a105714c6ba668a0c", "number": "8165296626", "date": "2021-01-23 17:04:00", "subject": "1", "recorded-or-robo": "Y", "city": "Harrisonville", "state": "MO", "area-code": "816"}, {"id": "1d36742e3f24f50e4e7ae82801fc9e7e", "number": "8165296626", "date": "2021-01-23 17:04:00", "subject": "1", "recorded-or-robo": "Y", "city": "Harrisonville", "state": "MO", "area-code": "816"}, {"id": "3decc6bfadaa436a105714c6ba667db4", "number": "6576570609", "date": "2021-01-20 13:29:00", "subject": "2", "recorded-or-robo": "Y", "city": "", "state": "NC", "area-code": "252"}, {"id": "1d36742e3f24f50e4e7ae82801fc9a95", "number": "6576570609", "date": "2021-01-20 13:29:00", "subject": "2", "recorded-or-robo": "Y", "city": "", "state": "NC", "area-code": "252"}, {"id": "3decc6bfadaa436a105714c6ba666ecf", "number": "3033716676", "date": "2021-01-13 08:58:00", "subject": "0", "recorded-or-robo": "N", "city": "Evergreen", "state": "CO", "area-code": "303"}, {"id": "1d36742e3f24f50e4e7ae82801fc911a", "number": "3033716676", "date": "2021-01-13 08:58:00", "subject": "0", "recorded-or-robo": "N", "city": "Evergreen", "state": "CO", "area-code": "303"}, {"id": "3decc6bfadaa436a105714c6ba80fd06", "number": "7138470040", "date": "2021-01-23 20:10:01", "subject": "3", "recorded-or-robo": "Y", "city": "", "state": "TX", "area-code": "832"}, {"id": "03e293b3df9e35eadf15c56119177421", "number": "7138470040", "date": "2021-01-23 20:10:01", "subject": "3", "recorded-or-robo": "Y", "city": "", "state": "TX", "area-code": "832"}, {"id": "3decc6bfadaa436a105714c6ba6665dd", "number": "", "date": "2021-01-23 12:39:00", "subject": "11", "recorded-or-robo": "Y", "city": "Wenatchee", "state": "WA", "area-code": "509"}, {"id": "1d36742e3f24f50e4e7ae82801fc8d22", "number": "", "date": "2021-01-23 12:39:00", "subject": "11", "recorded-or-robo": "Y", "city": "Wenatchee", "state": "WA", "area-code": "509"}, {"id": "3decc6bfadaa436a105714c6ba66647f", "number": "5099289280", "date": "2021-01-23 16:01:00", "subject": "1", "recorded-or-robo": "Y", "city": "Spokane Valley", "state": "WA", "area-code": "509"}, {"id": "1d36742e3f24f50e4e7ae82801fc88f6", "number": "5099289280", "date": "2021-01-23 16:01:00", "subject": "1", "recorded-or-robo": "Y", "city": "Spokane Valley", "state": "WA", "area-code": "509"}, {"id": "3decc6bfadaa436a105714c6ba80f679", "number": "+18774635346", "date": "2021-01-23 20:09:10", "subject": "3", "recorded-or-robo": "Y", "city": "", "state": "NJ", "area-code": "973"}, {"id": "03e293b3df9e35eadf15c56119176551", "number": "+18774635346", "date": "2021-01-23 20:09:10", "subject": "3", "recorded-or-robo": "Y", "city": "", "state": "NJ", "area-code": "973"}, {"id": "3decc6bfadaa436a105714c6ba6661c3", "number": "", "date": "2021-01-23 13:44:00", "subject": "1", "recorded-or-robo": "Y", "city": "", "state": "WI", "area-code": "920"}, {"id": "1d36742e3f24f50e4e7ae82801fc88b3", "number": "", "date": "2021-01-23 13:44:00", "subject": "1", "recorded-or-robo": "Y", "city": "", "state": "WI", "area-code": "920"}, {"id": "3decc6bfadaa436a105714c6ba665614", "number": "2522467668", "date": "2021-01-22 14:46:00", "subject": "11", "recorded-or-robo": "N", "city": "", "state": "NC", "area-code": "252"}, {"id": "1d36742e3f24f50e4e7ae82801fc7c0d", "number": "2522467668", "date": "2021-01-22 14:46:00", "subject": "11", "recorded-or-robo": "N", "city": "", "state": "NC", "area-code": "252"}, {"id": "3decc6bfadaa436a105714c6ba665451", "number": "", "date": "2021-01-20 09:31:00", "subject": "2", "recorded-or-robo": "Y", "city": "Canton", "state": "MI", "area-code": "734"}, {"id": "1d36742e3f24f50e4e7ae82801fc762f", "number": "", "date": "2021-01-20 09:31:00", "subject": "2", "recorded-or-robo": "Y", "city": "Canton", "state": "MI", "area-code": "734"}, {"id": "3decc6bfadaa436a105714c6ba810108", "number": "2168395598", "date": "2021-01-23 20:08:10", "subject": "3", "recorded-or-robo": "Y", "city": "", "state": "OH", "area-code": "216"}, {"id": "03e293b3df9e35eadf15c56119177cc7", "number": "2168395598", "date": "2021-01-23 20:08:10", "subject": "3", "recorded-or-robo": "Y", "city": "", "state": "OH", "area-code": "216"}, {"id": "3decc6bfadaa436a105714c6ba81031f", "number": "2168395598", "date": "2021-01-23 20:08:09", "subject": "3", "recorded-or-robo": "Y", "city": "", "state": "OH", "area-code": "216"}, {"id": "03e293b3df9e35eadf15c56119178a9a", "number": "2168395598", "date": "2021-01-23 20:08:09", "subject": "3", "recorded-or-robo": "Y", "city": "", "state": "OH", "area-code": "216"}, {"id": "3decc6bfadaa436a105714c6ba664751", "number": "8763028272", "date": "2021-01-23 17:06:00", "subject": "2", "recorded-or-robo": "Y", "city": "Eugene", "state": "OR", "area-code": "541"}, {"id": "1d36742e3f24f50e4e7ae82801fc7014", "number": "8763028272", "date": "2021-01-23 17:06:00", "subject": "2", "recorded-or-robo": "Y", "city": "Eugene", "state": "OR", "area-code": "541"}, {"id": "3decc6bfadaa436a105714c6ba810b13", "number": "+18333880571", "date": "2021-01-23 20:07:59", "subject": "3", "recorded-or-robo": "N", "city": "", "state": "OH", "area-code": "216"}, {"id": "03e293b3df9e35eadf15c5611917937e", "number": "+18333880571", "date": "2021-01-23 20:07:59", "subject": "3", "recorded-or-robo": "N", "city": "", "state": "OH", "area-code": "216"}, {"id": "3decc6bfadaa436a105714c6ba6646a5", "number": "6602873039", "date": "2021-01-23 18:57:00", "subject": "1", "recorded-or-robo": "Y", "city": "Sedalia", "state": "MO", "area-code": "660"}, {"id": "1d36742e3f24f50e4e7ae82801fc656e", "number": "6602873039", "date": "2021-01-23 18:57:00", "subject": "1", "recorded-or-robo": "Y", "city": "Sedalia", "state": "MO", "area-code": "660"}, {"id": "3decc6bfadaa436a105714c6ba663a9a", "number": "4099493798", "date": "2021-01-23 15:25:00", "subject": "2", "recorded-or-robo": "Y", "city": "", "state": "TX", "area-code": "409"}]}