{"data": [{"id": "03e293b3df9e35eadf15c56119013cfd", "number": "9043686411", "date": "2021-01-20 13:46:00", "subject": "0", "recorded-or-robo": "Y", "city": "", "state": "FL", "area-code": "904"}, {"id": "3decc6bfadaa436a105714c6ba81efaa", "number": "3107523523", "date": "2021-01-23 21:01:40", "subject": "3", "recorded-or-robo": "N", "city": "", "state": "CA", "area-code": "424"}, {"id": "03e293b3df9e35eadf15c56119186dee", "number": "3107523523", "date": "2021-01-23 21:01:40", "subject": "3", "recorded-or-robo": "N", "city": "", "state": "CA", "area-code": "424"}, {"id": "3decc6bfadaa436a105714c6ba8210ae", "number": "+12137971655", "date": "2021-01-23 21:01:34", "subject": "3", "recorded-or-robo": "Y", "city": "", "state": "WV", "area-code": "304"}, {"id": "03e293b3df9e35eadf15c56119188444", "number": "+12137971655", "date": "2021-01-23 21:01:34", "subject": "3", "recorded-or-robo": "Y", "city": "", "state": "WV", "area-code": "304"}, {"id": "3decc6bfadaa436a105714c6ba81f5ef", "number": "8178965338", "date": "2021-01-23 21:01:33", "subject": "3", "recorded-or-robo": "Y", "city": "", "state": "TX", "area-code": "210"}, {"id": "03e293b3df9e35eadf15c56119186e72", "number": "8178965338", "date": "2021-01-23 21:01:33", "subject": "3", "recorded-or-robo": "Y", "city": "", "state": "TX", "area-code": "210"}, {"id": "3decc6bfadaa436a105714c6ba820211", "number": "8178965338", "date": "2021-01-23 21:01:30", "subject": "3", "recorded-or-robo": "Y", "city": "", "state": "TX", "area-code": "210"}, {"id": "03e293b3df9e35eadf15c56119187693", "number": "8178965338", "date": "2021-01-23 21:01:30", "subject": "3", "recorded-or-robo": "Y", "city": "", "state": "TX", "area-code": "210"}, {"id": "3decc6bfadaa436a105714c6ba8208f0", "number": "+16672001853", "date": "2021-01-23 21:01:18", "subject": "3", "recorded-or-robo": "Y", "city": "", "state": "MD", "area-code": "443"}, {"id": "03e293b3df9e35eadf15c56119187e92", "number": "+16672001853", "date": "2021-01-23 21:01:18", "subject": "3", "recorded-or-robo": "Y", "city": "", "state": "MD", "area-code": "443"}, {"id": "3decc6bfadaa436a105714c6ba6b0f8b", "number": "5099286785", "date": "2021-01-23 17:11:00", "subject": "1", "recorded-or-robo": "Y", "city": "Spokane Valley", "state": "WA", "area-code": "509"}, {"id": "03e293b3df9e35eadf15c56119013ae0", "number": "5099286785", "date": "2021-01-23 17:11:00", "subject": "1", "recorded-or-robo": "Y", "city": "Spokane Valley", "state": "WA", "area-code": "509"}, {"id": "3decc6bfadaa436a105714c6ba6b0134", "number": "3867423814", "date": "2021-01-23 14:04:00", "subject": "0", "recorded-or-robo": "N", "city": "Raleigh", "state": "NC", "area-code": "386"}, {"id": "03e293b3df9e35eadf15c56119013552", "number": "3867423814", "date": "2021-01-23 14:04:00", "subject": "0", "recorded-or-robo": "N", "city": "Raleigh", "state": "NC", "area-code": "386"}, {"id": "3decc6bfadaa436a105714c6ba6af735", "number": "9044850837", "date": "2021-01-22 10:12:00", "subject": "0", "recorded-or-robo": "Y", "city": "", "state": "FL", "area-code": "904"}, {"id": "3decc6bfadaa436a105714c6ba6af412", "number": "8583583848", "date": "2021-01-16 11:54:00", "subject": "12", "recorded-or-robo": "N", "city": "", "state": "CA", "area-code": "858"}, {"id": "03e293b3df9e35eadf15c56119012e51", "number": "9044850837", "date": "2021-01-22 10:12:00", "subject": "0", "recorded-or-robo": "Y", "city": "", "state": "FL", "area-code": "904"}, {"id": "03e293b3df9e35eadf15c561190125aa", "number": "8583583848", "date": "2021-01-16 11:54:00", "subject": "12", "recorded-or-robo": "N", "city": "", "state": "CA", "area-code": "858"}, {"id": "3decc6bfadaa436a105714c6ba6aefdd", "number": "9514774103", "date": "2021-01-22 15:36:00", "subject": "12", "recorded-or-robo": "Y", "city": "Temecula", "state": "CA", "area-code": "951"}, {"id": "03e293b3df9e35eadf15c56119011bd7", "number": "9514774103", "date": "2021-01-22 15:36:00", "subject": "12", "recorded-or-robo": "Y", "city": "Temecula", "state": "CA", "area-code": "951"}, {"id": "3decc6bfadaa436a105714c6ba81e633", "number": "5344000294", "date": "2021-01-23 20:57:59", "subject": "3", "recorded-or-robo": "Y", "city": "", "state": "TX", "area-code": "210"}, {"id": "03e293b3df9e35eadf15c561191861d1", "number": "5344000294", "date": "2021-01-23 20:57:59", "subject": "3", "recorded-or-robo": "Y", "city": "", "state": "TX", "area-code": "210"}, {"id": "3decc6bfadaa436a105714c6ba6aea45", "number": "5099283897", "date": "2021-01-23 16:58:00", "subject": "1", "recorded-or-robo": "Y", "city": "Spokane Valley", "state": "WA", "area-code": "509"}, {"id": "03e293b3df9e35eadf15c56119010cdd", "number": "5099283897", "date": "2021-01-23 16:58:00", "subject": "1", "recorded-or-robo": "Y", "city": "Spokane Valley", "state": "WA", "area-code": "509"}, {"id": "3decc6bfadaa436a105714c6ba6ae5e3", "number": "3152328257", "date": "2021-01-23 12:00:00", "subject": "11", "recorded-or-robo": "Y", "city": "Twisp", "state": "WA", "area-code": "855"}, {"id": "03e293b3df9e35eadf15c5611901010d", "number": "3152328257", "date": "2021-01-23 12:00:00", "subject": "11", "recorded-or-robo": "Y", "city": "Twisp", "state": "WA", "area-code": "855"}, {"id": "3decc6bfadaa436a105714c6ba6ad6d6", "number": "5099288324", "date": "2021-01-23 16:20:00", "subject": "1", "recorded-or-robo": "Y", "city": "Spokane Valley", "state": "WA", "area-code": "509"}, {"id": "03e293b3df9e35eadf15c5611900f192", "number": "5099288324", "date": "2021-01-23 16:20:00", "subject": "1", "recorded-or-robo": "Y", "city": "Spokane Valley", "state": "WA", "area-code": "509"}, {"id": "3decc6bfadaa436a105714c6ba6ac93b", "number": "5173122241", "date": "2021-01-23 13:09:00", "subject": "2", "recorded-or-robo": "Y", "city": "Hillman", "state": "MI", "area-code": "517"}, {"id": "03e293b3df9e35eadf15c5611900e6a5", "number": "5173122241", "date": "2021-01-23 13:09:00", "subject": "2", "recorded-or-robo": "Y", "city": "Hillman", "state": "MI", "area-code": "517"}, {"id": "3decc6bfadaa436a105714c6ba6ac1cd", "number": "4079822624", "date": "2021-01-23 14:53:00", "subject": "1", "recorded-or-robo": "Y", "city": "Fayetteville", "state": "NC", "area-code": "910"}, {"id": "03e293b3df9e35eadf15c5611900e09b", "number": "4079822624", "date": "2021-01-23 14:53:00", "subject": "1", "recorded-or-robo": "Y", "city": "Fayetteville", "state": "NC", "area-code": "910"}, {"id": "3decc6bfadaa436a105714c6ba6ac169", "number": "5099283378", "date": "2021-01-23 14:40:00", "subject": "1", "recorded-or-robo": "Y", "city": "Spokane Valley", "state": "WA", "area-code": "509"}, {"id": "03e293b3df9e35eadf15c5611900d3f4", "number": "5099283378", "date": "2021-01-23 14:40:00", "subject": "1", "recorded-or-robo": "Y", "city": "Spokane Valley", "state": "WA", "area-code": "509"}, {"id": "3decc6bfadaa436a105714c6ba6ab960", "number": "9544208396", "date": "2021-01-22 11:57:00", "subject": "0", "recorded-or-robo": "Y", "city": "", "state": "FL", "area-code": "904"}, {"id": "03e293b3df9e35eadf15c5611900c412", "number": "9544208396", "date": "2021-01-22 11:57:00", "subject": "0", "recorded-or-robo": "Y", "city": "", "state": "FL", "area-code": "904"}, {"id": "3decc6bfadaa436a105714c6ba6aaf64", "number": "5173122241", "date": "2021-01-23 14:41:00", "subject": "2", "recorded-or-robo": "Y", "city": "Hillman", "state": "MI", "area-code": "517"}, {"id": "03e293b3df9e35eadf15c5611900c36e", "number": "5173122241", "date": "2021-01-23 14:41:00", "subject": "2", "recorded-or-robo": "Y", "city": "Hillman", "state": "MI", "area-code": "517"}, {"id": "3decc6bfadaa436a105714c6ba6aaddb", "number": "5099282726", "date": "2021-01-23 15:29:00", "subject": "1", "recorded-or-robo": "Y", "city": "Spokane Valley", "state": "WA", "area-code": "509"}, {"id": "03e293b3df9e35eadf15c5611900b941", "number": "5099282726", "date": "2021-01-23 15:29:00", "subject": "1", "recorded-or-robo": "Y", "city": "Spokane Valley", "state": "WA", "area-code": "509"}, {"id": "3decc6bfadaa436a105714c6ba6aa28d", "number": "5099288532", "date": "2021-01-23 14:58:00", "subject": "1", "recorded-or-robo": "Y", "city": "Spokane Valley", "state": "WA", "area-code": "509"}, {"id": "03e293b3df9e35eadf15c5611900b006", "number": "5099288532", "date": "2021-01-23 14:58:00", "subject": "1", "recorded-or-robo": "Y", "city": "Spokane Valley", "state": "WA", "area-code": "509"}, {"id": "3decc6bfadaa436a105714c6ba6a99ac", "number": "5099287939", "date": "2021-01-23 16:08:00", "subject": "1", "recorded-or-robo": "Y", "city": "Spokane Valley", "state": "WA", "area-code": "509"}, {"id": "03e293b3df9e35eadf15c5611900a3bf", "number": "5099287939", "date": "2021-01-23 16:08:00", "subject": "1", "recorded-or-robo": "Y", "city": "Spokane Valley", "state": "WA", "area-code": "509"}, {"id": "3decc6bfadaa436a105714c6ba6a8e8d", "number": "5099286762", "date": "2021-01-23 15:58:00", "subject": "1", "recorded-or-robo": "Y", "city": "Spokane Valley", "state": "WA", "area-code": "509"}, {"id": "03e293b3df9e35eadf15c56119009ed2", "number": "5099286762", "date": "2021-01-23 15:58:00", "subject": "1", "recorded-or-robo": "Y", "city": "Spokane Valley", "state": "WA", "area-code": "509"}, {"id": "3decc6bfadaa436a105714c6ba6a7efc", "number": "5099281204", "date": "2021-01-23 15:43:00", "subject": "1", "recorded-or-robo": "Y", "city": "Spokane Valley", "state": "WA", "area-code": "509"}, {"id": "03e293b3df9e35eadf15c56119009d5b", "number": "5099281204", "date": "2021-01-23 15:43:00", "subject": "1", "recorded-or-robo": "Y", "city": "Spokane Valley", "state": "WA", "area-code": "509"}, {"id": "3decc6bfadaa436a105714c6ba6a758d", "number": "2563954937", "date": "2021-01-23 16:57:00", "subject": "2", "recorded-or-robo": "N", "city": "Russellville", "state": "AL", "area-code": "256"}]}