{"data": [{"id": "1d36742e3f24f50e4e7ae82801f4dc37", "number": "3615485904", "date": "2021-01-23 11:04:00", "subject": "0", "recorded-or-robo": "Y", "city": "Abilene", "state": "TX", "area-code": "325"}, {"id": "3decc6bfadaa436a105714c6ba5ece6c", "number": "9594568038", "date": "2021-01-23 18:17:00", "subject": "0", "recorded-or-robo": "Y", "city": "", "state": "CT", "area-code": "860"}, {"id": "1d36742e3f24f50e4e7ae82801f4d58c", "number": "9594568038", "date": "2021-01-23 18:17:00", "subject": "0", "recorded-or-robo": "Y", "city": "", "state": "CT", "area-code": "860"}, {"id": "3decc6bfadaa436a105714c6ba5ec4f1", "number": "3017989090", "date": "2021-01-18 17:40:00", "subject": "0", "recorded-or-robo": "", "city": "", "state": "MD", "area-code": "410"}, {"id": "1d36742e3f24f50e4e7ae82801f4c828", "number": "3017989090", "date": "2021-01-18 17:40:00", "subject": "0", "recorded-or-robo": "", "city": "", "state": "MD", "area-code": "410"}, {"id": "3decc6bfadaa436a105714c6ba5ec3c2", "number": "6514559479", "date": "2021-01-22 14:51:00", "subject": "0", "recorded-or-robo": "Y", "city": "Inver Grove Heights", "state": "MN", "area-code": "651"}, {"id": "1d36742e3f24f50e4e7ae82801f4c365", "number": "6514559479", "date": "2021-01-22 14:51:00", "subject": "0", "recorded-or-robo": "Y", "city": "Inver Grove Heights", "state": "MN", "area-code": "651"}, {"id": "3decc6bfadaa436a105714c6ba7fbf8a", "number": "9546886993", "date": "2021-01-23 19:19:22", "subject": "3", "recorded-or-robo": "Y", "city": "", "state": "FL", "area-code": "954"}, {"id": "03e293b3df9e35eadf15c56119162501", "number": "9546886993", "date": "2021-01-23 19:19:22", "subject": "3", "recorded-or-robo": "Y", "city": "", "state": "FL", "area-code": "954"}, {"id": "3decc6bfadaa436a105714c6ba7faf83", "number": "9546886993", "date": "2021-01-23 19:19:21", "subject": "3", "recorded-or-robo": "Y", "city": "", "state": "FL", "area-code": "954"}, {"id": "03e293b3df9e35eadf15c56119161b4c", "number": "9546886993", "date": "2021-01-23 19:19:21", "subject": "3", "recorded-or-robo": "Y", "city": "", "state": "FL", "area-code": "954"}, {"id": "3decc6bfadaa436a105714c6ba7fb06c", "number": "9546886993", "date": "2021-01-23 19:19:02", "subject": "3", "recorded-or-robo": "N", "city": "", "state": "FL", "area-code": "954"}, {"id": "03e293b3df9e35eadf15c56119161fd0", "number": "9546886993", "date": "2021-01-23 19:19:02", "subject": "3", "recorded-or-robo": "N", "city": "", "state": "FL", "area-code": "954"}, {"id": "3decc6bfadaa436a105714c6ba5eb7f1", "number": "", "date": "2021-01-11 10:21:00", "subject": "12", "recorded-or-robo": "Y", "city": "Oceanside", "state": "CA", "area-code": "760"}, {"id": "1d36742e3f24f50e4e7ae82801f4b4a6", "number": "", "date": "2021-01-11 10:21:00", "subject": "12", "recorded-or-robo": "Y", "city": "Oceanside", "state": "CA", "area-code": "760"}, {"id": "3decc6bfadaa436a105714c6ba5eb3cf", "number": "7328501086", "date": "2021-01-22 16:46:00", "subject": "0", "recorded-or-robo": "Y", "city": "Inver Grove Heights", "state": "MN", "area-code": "651"}, {"id": "1d36742e3f24f50e4e7ae82801f4ae18", "number": "7328501086", "date": "2021-01-22 16:46:00", "subject": "0", "recorded-or-robo": "Y", "city": "Inver Grove Heights", "state": "MN", "area-code": "651"}, {"id": "3decc6bfadaa436a105714c6ba5ea4eb", "number": "4437467046", "date": "2021-01-16 18:58:00", "subject": "0", "recorded-or-robo": "", "city": "", "state": "MD", "area-code": "410"}, {"id": "1d36742e3f24f50e4e7ae82801f4a3dc", "number": "4437467046", "date": "2021-01-16 18:58:00", "subject": "0", "recorded-or-robo": "", "city": "", "state": "MD", "area-code": "410"}, {"id": "3decc6bfadaa436a105714c6ba5e9ee7", "number": "9713101000", "date": "2021-01-20 09:00:00", "subject": "2", "recorded-or-robo": "Y", "city": "Beaverton", "state": "OR", "area-code": "503"}, {"id": "1d36742e3f24f50e4e7ae82801f4986d", "number": "9713101000", "date": "2021-01-20 09:00:00", "subject": "2", "recorded-or-robo": "Y", "city": "Beaverton", "state": "OR", "area-code": "503"}, {"id": "3decc6bfadaa436a105714c6ba5e9120", "number": "5099881276", "date": "2021-01-23 15:01:00", "subject": "1", "recorded-or-robo": "Y", "city": "Odessa", "state": "WA", "area-code": "509"}, {"id": "1d36742e3f24f50e4e7ae82801f488c8", "number": "5099881276", "date": "2021-01-23 15:01:00", "subject": "1", "recorded-or-robo": "Y", "city": "Odessa", "state": "WA", "area-code": "509"}, {"id": "3decc6bfadaa436a105714c6ba5e89df", "number": "", "date": "2021-01-23 18:00:00", "subject": "13", "recorded-or-robo": "Y", "city": "Kearney", "state": "NE", "area-code": "308"}, {"id": "1d36742e3f24f50e4e7ae82801f47a65", "number": "", "date": "2021-01-23 18:00:00", "subject": "13", "recorded-or-robo": "Y", "city": "Kearney", "state": "NE", "area-code": "308"}, {"id": "3decc6bfadaa436a105714c6ba5e7d5d", "number": "6516058709", "date": "2021-01-22 12:02:00", "subject": "0", "recorded-or-robo": "Y", "city": "Inver Grove Heights", "state": "MN", "area-code": "651"}, {"id": "1d36742e3f24f50e4e7ae82801f473bc", "number": "6516058709", "date": "2021-01-22 12:02:00", "subject": "0", "recorded-or-robo": "Y", "city": "Inver Grove Heights", "state": "MN", "area-code": "651"}, {"id": "3decc6bfadaa436a105714c6ba5e7c17", "number": "8666257640", "date": "2021-01-15 18:39:00", "subject": "0", "recorded-or-robo": "", "city": "", "state": "MD", "area-code": "410"}, {"id": "1d36742e3f24f50e4e7ae82801f46cab", "number": "8666257640", "date": "2021-01-15 18:39:00", "subject": "0", "recorded-or-robo": "", "city": "", "state": "MD", "area-code": "410"}, {"id": "3decc6bfadaa436a105714c6ba5e739d", "number": "7372364474", "date": "2021-01-22 19:07:00", "subject": "2", "recorded-or-robo": "N", "city": "tampa", "state": "FL", "area-code": "813"}, {"id": "1d36742e3f24f50e4e7ae82801f4694b", "number": "7372364474", "date": "2021-01-22 19:07:00", "subject": "2", "recorded-or-robo": "N", "city": "tampa", "state": "FL", "area-code": "813"}, {"id": "3decc6bfadaa436a105714c6ba5e6a73", "number": "2084870261", "date": "2021-01-22 08:09:00", "subject": "4", "recorded-or-robo": "Y", "city": "Lewiston", "state": "ID", "area-code": "208"}, {"id": "1d36742e3f24f50e4e7ae82801f460bb", "number": "2084870261", "date": "2021-01-22 08:09:00", "subject": "4", "recorded-or-robo": "Y", "city": "Lewiston", "state": "ID", "area-code": "208"}, {"id": "3decc6bfadaa436a105714c6ba5e6674", "number": "8008722657", "date": "2021-01-22 12:03:00", "subject": "0", "recorded-or-robo": "Y", "city": "Inver Grove Heights", "state": "MN", "area-code": "651"}, {"id": "1d36742e3f24f50e4e7ae82801f4566a", "number": "8008722657", "date": "2021-01-22 12:03:00", "subject": "0", "recorded-or-robo": "Y", "city": "Inver Grove Heights", "state": "MN", "area-code": "651"}, {"id": "3decc6bfadaa436a105714c6ba5e63c0", "number": "3152328257", "date": "2021-01-16 12:00:00", "subject": "11", "recorded-or-robo": "Y", "city": "Saint Louis", "state": "MO", "area-code": "314"}, {"id": "1d36742e3f24f50e4e7ae82801f4495f", "number": "3152328257", "date": "2021-01-16 12:00:00", "subject": "11", "recorded-or-robo": "Y", "city": "Saint Louis", "state": "MO", "area-code": "314"}, {"id": "3decc6bfadaa436a105714c6ba5e5602", "number": "6368613475", "date": "2021-01-22 15:37:00", "subject": "3", "recorded-or-robo": "Y", "city": "", "state": "MO", "area-code": "636"}, {"id": "1d36742e3f24f50e4e7ae82801f43c81", "number": "6368613475", "date": "2021-01-22 15:37:00", "subject": "3", "recorded-or-robo": "Y", "city": "", "state": "MO", "area-code": "636"}, {"id": "3decc6bfadaa436a105714c6ba5e5188", "number": "8556783825", "date": "2021-01-23 16:10:00", "subject": "1", "recorded-or-robo": "Y", "city": "", "state": "WA", "area-code": "509"}, {"id": "1d36742e3f24f50e4e7ae82801f43063", "number": "8556783825", "date": "2021-01-23 16:10:00", "subject": "1", "recorded-or-robo": "Y", "city": "", "state": "WA", "area-code": "509"}, {"id": "3decc6bfadaa436a105714c6ba5e481e", "number": "3616031997", "date": "2021-01-15 12:55:00", "subject": "0", "recorded-or-robo": "", "city": "", "state": "MD", "area-code": "410"}, {"id": "1d36742e3f24f50e4e7ae82801f42751", "number": "3616031997", "date": "2021-01-15 12:55:00", "subject": "0", "recorded-or-robo": "", "city": "", "state": "MD", "area-code": "410"}, {"id": "3decc6bfadaa436a105714c6ba5e42a3", "number": "5043696727", "date": "2021-01-22 09:40:00", "subject": "2", "recorded-or-robo": "N", "city": "tampa", "state": "FL", "area-code": "813"}, {"id": "1d36742e3f24f50e4e7ae82801f4195b", "number": "5043696727", "date": "2021-01-22 09:40:00", "subject": "2", "recorded-or-robo": "N", "city": "tampa", "state": "FL", "area-code": "813"}, {"id": "3decc6bfadaa436a105714c6ba5e3bec", "number": "5032176107", "date": "2021-01-20 10:09:00", "subject": "2", "recorded-or-robo": "Y", "city": "Beaverton", "state": "OR", "area-code": "503"}, {"id": "1d36742e3f24f50e4e7ae82801f40c32", "number": "5032176107", "date": "2021-01-20 10:09:00", "subject": "2", "recorded-or-robo": "Y", "city": "Beaverton", "state": "OR", "area-code": "503"}, {"id": "3decc6bfadaa436a105714c6ba7fa019", "number": "+13046385206", "date": "2021-01-23 19:15:21", "subject": "3", "recorded-or-robo": "Y", "city": "", "state": "MN", "area-code": "507"}, {"id": "03e293b3df9e35eadf15c56119160c10", "number": "+13046385206", "date": "2021-01-23 19:15:21", "subject": "3", "recorded-or-robo": "Y", "city": "", "state": "MN", "area-code": "507"}, {"id": "3decc6bfadaa436a105714c6ba5e3ada", "number": "", "date": "2021-01-23 15:56:00", "subject": "2", "recorded-or-robo": "Y", "city": "Fruita", "state": "CO", "area-code": "623"}]}