{"data": [{"id": "1d36742e3f24f50e4e7ae82801d59055", "number": "", "date": "2021-01-23 15:51:00", "subject": "1", "recorded-or-robo": "Y", "city": "North Chesterfield", "state": "VA", "area-code": "804"}, {"id": "3decc6bfadaa436a105714c6ba7b3a55", "number": "9177206047", "date": "2021-01-23 17:25:34", "subject": "3", "recorded-or-robo": "Y", "city": "", "state": "NJ", "area-code": "201"}, {"id": "03e293b3df9e35eadf15c5611911b7ef", "number": "9177206047", "date": "2021-01-23 17:25:34", "subject": "3", "recorded-or-robo": "Y", "city": "", "state": "NJ", "area-code": "201"}, {"id": "3decc6bfadaa436a105714c6ba3fad64", "number": "5099285955", "date": "2021-01-23 13:07:00", "subject": "1", "recorded-or-robo": "Y", "city": "SPOKANE VALLEY", "state": "WA", "area-code": "509"}, {"id": "1d36742e3f24f50e4e7ae82801d585a0", "number": "5099285955", "date": "2021-01-23 13:07:00", "subject": "1", "recorded-or-robo": "Y", "city": "SPOKANE VALLEY", "state": "WA", "area-code": "509"}, {"id": "3decc6bfadaa436a105714c6ba3fad22", "number": "5103350821", "date": "2021-01-23 11:51:00", "subject": "1", "recorded-or-robo": "Y", "city": "Wickenburg", "state": "AZ", "area-code": "520"}, {"id": "1d36742e3f24f50e4e7ae82801d581fd", "number": "5103350821", "date": "2021-01-23 11:51:00", "subject": "1", "recorded-or-robo": "Y", "city": "Wickenburg", "state": "AZ", "area-code": "520"}, {"id": "3decc6bfadaa436a105714c6ba3fa74e", "number": "6147299019", "date": "2021-01-22 10:54:00", "subject": "0", "recorded-or-robo": "N", "city": "", "state": "PA", "area-code": "412"}, {"id": "1d36742e3f24f50e4e7ae82801d57315", "number": "6147299019", "date": "2021-01-22 10:54:00", "subject": "0", "recorded-or-robo": "N", "city": "", "state": "PA", "area-code": "412"}, {"id": "3decc6bfadaa436a105714c6ba3f9f11", "number": "1992985872825", "date": "2021-01-22 18:29:00", "subject": "2", "recorded-or-robo": "Y", "city": "Runnells", "state": "IA", "area-code": "641"}, {"id": "1d36742e3f24f50e4e7ae82801d57118", "number": "1992985872825", "date": "2021-01-22 18:29:00", "subject": "2", "recorded-or-robo": "Y", "city": "Runnells", "state": "IA", "area-code": "641"}, {"id": "3decc6bfadaa436a105714c6ba7b33d7", "number": "+19044907858", "date": "2021-01-23 17:25:18", "subject": "3", "recorded-or-robo": "Y", "city": "", "state": "FL", "area-code": "352"}, {"id": "03e293b3df9e35eadf15c5611911b67b", "number": "+19044907858", "date": "2021-01-23 17:25:18", "subject": "3", "recorded-or-robo": "Y", "city": "", "state": "FL", "area-code": "352"}, {"id": "3decc6bfadaa436a105714c6ba3f9be1", "number": "9202078889", "date": "2021-01-23 16:19:00", "subject": "1", "recorded-or-robo": "Y", "city": "Cleveland", "state": "WI", "area-code": "920"}, {"id": "3decc6bfadaa436a105714c6ba3f9633", "number": "3239682612", "date": "2021-01-16 10:32:00", "subject": "4", "recorded-or-robo": "Y", "city": "", "state": "CA", "area-code": "323"}, {"id": "1d36742e3f24f50e4e7ae82801d56d66", "number": "9202078889", "date": "2021-01-23 16:19:00", "subject": "1", "recorded-or-robo": "Y", "city": "Cleveland", "state": "WI", "area-code": "920"}, {"id": "1d36742e3f24f50e4e7ae82801d560ad", "number": "3239682612", "date": "2021-01-16 10:32:00", "subject": "4", "recorded-or-robo": "Y", "city": "", "state": "CA", "area-code": "323"}, {"id": "3decc6bfadaa436a105714c6ba3f9289", "number": "", "date": "2021-01-23 16:00:00", "subject": "2", "recorded-or-robo": "Y", "city": "Beaumont", "state": "TX", "area-code": "409"}, {"id": "1d36742e3f24f50e4e7ae82801d5568d", "number": "", "date": "2021-01-23 16:00:00", "subject": "2", "recorded-or-robo": "Y", "city": "Beaumont", "state": "TX", "area-code": "409"}, {"id": "3decc6bfadaa436a105714c6ba3f8455", "number": "69084307", "date": "2021-01-23 00:00:00", "subject": "3", "recorded-or-robo": "", "city": "Philadelphia", "state": "PA", "area-code": "267"}, {"id": "1d36742e3f24f50e4e7ae82801d54af4", "number": "69084307", "date": "2021-01-23 00:00:00", "subject": "3", "recorded-or-robo": "", "city": "Philadelphia", "state": "PA", "area-code": "267"}, {"id": "3decc6bfadaa436a105714c6ba3f7e2e", "number": "7819608055", "date": "2021-01-22 20:55:00", "subject": "2", "recorded-or-robo": "Y", "city": "Warwick", "state": "RI", "area-code": "508"}, {"id": "1d36742e3f24f50e4e7ae82801d54914", "number": "7819608055", "date": "2021-01-22 20:55:00", "subject": "2", "recorded-or-robo": "Y", "city": "Warwick", "state": "RI", "area-code": "508"}, {"id": "3decc6bfadaa436a105714c6ba3f7ddc", "number": "6147299019", "date": "2021-01-22 09:53:00", "subject": "0", "recorded-or-robo": "N", "city": "", "state": "PA", "area-code": "412"}, {"id": "1d36742e3f24f50e4e7ae82801d541f6", "number": "6147299019", "date": "2021-01-22 09:53:00", "subject": "0", "recorded-or-robo": "N", "city": "", "state": "PA", "area-code": "412"}, {"id": "3decc6bfadaa436a105714c6ba3f734c", "number": "4699153061", "date": "2021-01-16 14:55:00", "subject": "2", "recorded-or-robo": "Y", "city": "Rhome", "state": "TX", "area-code": "817"}, {"id": "1d36742e3f24f50e4e7ae82801d539e3", "number": "4699153061", "date": "2021-01-16 14:55:00", "subject": "2", "recorded-or-robo": "Y", "city": "Rhome", "state": "TX", "area-code": "817"}, {"id": "3decc6bfadaa436a105714c6ba3f6f33", "number": "3049704895", "date": "2021-01-23 17:20:00", "subject": "4", "recorded-or-robo": "Y", "city": "Rainelle", "state": "WV", "area-code": "304"}, {"id": "1d36742e3f24f50e4e7ae82801d53555", "number": "3049704895", "date": "2021-01-23 17:20:00", "subject": "4", "recorded-or-robo": "Y", "city": "Rainelle", "state": "WV", "area-code": "304"}, {"id": "3decc6bfadaa436a105714c6ba3f6685", "number": "3239682613", "date": "2021-01-18 10:06:00", "subject": "4", "recorded-or-robo": "Y", "city": "", "state": "CA", "area-code": "323"}, {"id": "1d36742e3f24f50e4e7ae82801d52cd0", "number": "3239682613", "date": "2021-01-18 10:06:00", "subject": "4", "recorded-or-robo": "Y", "city": "", "state": "CA", "area-code": "323"}, {"id": "3decc6bfadaa436a105714c6ba3f6342", "number": "1243897221272", "date": "2021-01-22 18:28:00", "subject": "2", "recorded-or-robo": "Y", "city": "Runnells", "state": "IA", "area-code": "641"}, {"id": "1d36742e3f24f50e4e7ae82801d52272", "number": "1243897221272", "date": "2021-01-22 18:28:00", "subject": "2", "recorded-or-robo": "Y", "city": "Runnells", "state": "IA", "area-code": "641"}, {"id": "3decc6bfadaa436a105714c6ba7b05f4", "number": "+13526462715", "date": "2021-01-23 17:23:48", "subject": "3", "recorded-or-robo": "Y", "city": "", "state": "FL", "area-code": "352"}, {"id": "03e293b3df9e35eadf15c56119118fd1", "number": "+13526462715", "date": "2021-01-23 17:23:48", "subject": "3", "recorded-or-robo": "Y", "city": "", "state": "FL", "area-code": "352"}, {"id": "3decc6bfadaa436a105714c6ba3f5f50", "number": "5205955119", "date": "2021-01-20 08:53:00", "subject": "0", "recorded-or-robo": "N", "city": "Tucson", "state": "AZ", "area-code": "520"}, {"id": "1d36742e3f24f50e4e7ae82801d51928", "number": "5205955119", "date": "2021-01-20 08:53:00", "subject": "0", "recorded-or-robo": "N", "city": "Tucson", "state": "AZ", "area-code": "520"}, {"id": "3decc6bfadaa436a105714c6ba3f50f7", "number": "3199830492", "date": "2021-01-23 15:59:00", "subject": "4", "recorded-or-robo": "Y", "city": "Saint Peter", "state": "MN", "area-code": "507"}, {"id": "1d36742e3f24f50e4e7ae82801d5093e", "number": "3199830492", "date": "2021-01-23 15:59:00", "subject": "4", "recorded-or-robo": "Y", "city": "Saint Peter", "state": "MN", "area-code": "507"}, {"id": "3decc6bfadaa436a105714c6ba7ae108", "number": "+15513026551", "date": "2021-01-23 17:23:17", "subject": "3", "recorded-or-robo": "Y", "city": "", "state": "NJ", "area-code": "201"}, {"id": "03e293b3df9e35eadf15c56119117235", "number": "+15513026551", "date": "2021-01-23 17:23:17", "subject": "3", "recorded-or-robo": "Y", "city": "", "state": "NJ", "area-code": "201"}, {"id": "3decc6bfadaa436a105714c6ba3f4c72", "number": "6197711167", "date": "2021-01-23 14:10:00", "subject": "13", "recorded-or-robo": "Y", "city": "", "state": "CA", "area-code": "619"}, {"id": "1d36742e3f24f50e4e7ae82801d503cd", "number": "6197711167", "date": "2021-01-23 14:10:00", "subject": "13", "recorded-or-robo": "Y", "city": "", "state": "CA", "area-code": "619"}, {"id": "3decc6bfadaa436a105714c6ba3f3cd5", "number": "4694217872", "date": "2021-01-23 13:32:00", "subject": "2", "recorded-or-robo": "Y", "city": "Rhome", "state": "TX", "area-code": "817"}, {"id": "1d36742e3f24f50e4e7ae82801d4f622", "number": "4694217872", "date": "2021-01-23 13:32:00", "subject": "2", "recorded-or-robo": "Y", "city": "Rhome", "state": "TX", "area-code": "817"}, {"id": "3decc6bfadaa436a105714c6ba3f32db", "number": "3239865214", "date": "2021-01-20 17:21:00", "subject": "4", "recorded-or-robo": "Y", "city": "", "state": "CA", "area-code": "323"}, {"id": "1d36742e3f24f50e4e7ae82801d4ebe1", "number": "3239865214", "date": "2021-01-20 17:21:00", "subject": "4", "recorded-or-robo": "Y", "city": "", "state": "CA", "area-code": "323"}, {"id": "3decc6bfadaa436a105714c6ba3f2f8c", "number": "2029982905", "date": "2021-01-23 13:46:00", "subject": "0", "recorded-or-robo": "N", "city": "", "state": "WI", "area-code": "715"}, {"id": "3decc6bfadaa436a105714c6ba3f24cc", "number": "7146947603", "date": "2021-01-23 02:16:00", "subject": "3", "recorded-or-robo": "", "city": "", "state": "CA", "area-code": "714"}, {"id": "1d36742e3f24f50e4e7ae82801d4e8d2", "number": "2029982905", "date": "2021-01-23 13:46:00", "subject": "0", "recorded-or-robo": "N", "city": "", "state": "WI", "area-code": "715"}]}