{"data": [{"id": "03e293b3df9e35eadf15c561192a7d54", "number": "5099816210", "date": "2021-01-24 07:29:00", "subject": "3", "recorded-or-robo": "Y", "city": "", "state": "WA", "area-code": "509"}, {"id": "3decc6bfadaa436a105714c6ba94367d", "number": "7145199021", "date": "2021-01-23 15:48:00", "subject": "3", "recorded-or-robo": "N", "city": "", "state": "PA", "area-code": "570"}, {"id": "03e293b3df9e35eadf15c561192a4c07", "number": "7145199021", "date": "2021-01-23 15:48:00", "subject": "3", "recorded-or-robo": "N", "city": "", "state": "PA", "area-code": "570"}, {"id": "3decc6bfadaa436a105714c6ba94601e", "number": "4073921962", "date": "2021-01-21 16:27:00", "subject": "4", "recorded-or-robo": "Y", "city": "NEWARK", "state": "DE", "area-code": "302"}, {"id": "03e293b3df9e35eadf15c561192a70de", "number": "4073921962", "date": "2021-01-21 16:27:00", "subject": "4", "recorded-or-robo": "Y", "city": "NEWARK", "state": "DE", "area-code": "302"}, {"id": "3decc6bfadaa436a105714c6ba94552c", "number": "8665279106", "date": "2021-01-23 11:27:00", "subject": "2", "recorded-or-robo": "", "city": "Maryland Heights", "state": "MO", "area-code": "314"}, {"id": "03e293b3df9e35eadf15c561192a6fc4", "number": "8665279106", "date": "2021-01-23 11:27:00", "subject": "2", "recorded-or-robo": "", "city": "Maryland Heights", "state": "MO", "area-code": "314"}, {"id": "3decc6bfadaa436a105714c6ba9449d1", "number": "6154064159", "date": "2021-01-24 08:00:00", "subject": "2", "recorded-or-robo": "Y", "city": "Cheney", "state": "WA", "area-code": "509"}, {"id": "03e293b3df9e35eadf15c561192a608f", "number": "6154064159", "date": "2021-01-24 08:00:00", "subject": "2", "recorded-or-robo": "Y", "city": "Cheney", "state": "WA", "area-code": "509"}, {"id": "3decc6bfadaa436a105714c6ba94422f", "number": "3108783212", "date": "2021-01-23 14:15:00", "subject": "2", "recorded-or-robo": "Y", "city": "Newton", "state": "MA", "area-code": "617"}, {"id": "03e293b3df9e35eadf15c561192a5d46", "number": "3108783212", "date": "2021-01-23 14:15:00", "subject": "2", "recorded-or-robo": "Y", "city": "Newton", "state": "MA", "area-code": "617"}, {"id": "3decc6bfadaa436a105714c6ba943a06", "number": "2393234515", "date": "2021-01-18 04:20:00", "subject": "2", "recorded-or-robo": "N", "city": "San Antonio", "state": "TX", "area-code": "210"}, {"id": "03e293b3df9e35eadf15c561192a58a1", "number": "2393234515", "date": "2021-01-18 04:20:00", "subject": "2", "recorded-or-robo": "N", "city": "San Antonio", "state": "TX", "area-code": "210"}, {"id": "3decc6bfadaa436a105714c6ba943911", "number": "5099429799", "date": "2021-01-24 07:57:00", "subject": "2", "recorded-or-robo": "Y", "city": "BENTON CITY", "state": "WA", "area-code": "509"}, {"id": "03e293b3df9e35eadf15c561192a5833", "number": "5099429799", "date": "2021-01-24 07:57:00", "subject": "2", "recorded-or-robo": "Y", "city": "BENTON CITY", "state": "WA", "area-code": "509"}, {"id": "3decc6bfadaa436a105714c6ba942cdc", "number": "5099819911", "date": "2021-01-24 07:08:00", "subject": "3", "recorded-or-robo": "Y", "city": "", "state": "WA", "area-code": "509"}, {"id": "03e293b3df9e35eadf15c561192a3caf", "number": "5099819911", "date": "2021-01-24 07:08:00", "subject": "3", "recorded-or-robo": "Y", "city": "", "state": "WA", "area-code": "509"}, {"id": "3decc6bfadaa436a105714c6ba94261c", "number": "8665278597", "date": "2021-01-23 11:13:00", "subject": "2", "recorded-or-robo": "", "city": "Maryland Heights", "state": "MO", "area-code": "314"}, {"id": "03e293b3df9e35eadf15c561192a2f1b", "number": "8665278597", "date": "2021-01-23 11:13:00", "subject": "2", "recorded-or-robo": "", "city": "Maryland Heights", "state": "MO", "area-code": "314"}, {"id": "3decc6bfadaa436a105714c6ba941e60", "number": "5044366131", "date": "2021-01-22 08:22:00", "subject": "0", "recorded-or-robo": "Y", "city": "Peoria", "state": "AZ", "area-code": "623"}, {"id": "03e293b3df9e35eadf15c561192a2da8", "number": "5044366131", "date": "2021-01-22 08:22:00", "subject": "0", "recorded-or-robo": "Y", "city": "Peoria", "state": "AZ", "area-code": "623"}, {"id": "3decc6bfadaa436a105714c6ba941cfb", "number": "8034993414", "date": "2021-01-18 17:04:00", "subject": "2", "recorded-or-robo": "Y", "city": "San Antonio", "state": "TX", "area-code": "210"}, {"id": "03e293b3df9e35eadf15c561192a218e", "number": "8034993414", "date": "2021-01-18 17:04:00", "subject": "2", "recorded-or-robo": "Y", "city": "San Antonio", "state": "TX", "area-code": "210"}, {"id": "3decc6bfadaa436a105714c6ba94114f", "number": "8665271801", "date": "2021-01-23 11:00:00", "subject": "2", "recorded-or-robo": "", "city": "Maryland Heights", "state": "MO", "area-code": "314"}, {"id": "03e293b3df9e35eadf15c561192a1c2f", "number": "8665271801", "date": "2021-01-23 11:00:00", "subject": "2", "recorded-or-robo": "", "city": "Maryland Heights", "state": "MO", "area-code": "314"}, {"id": "3decc6bfadaa436a105714c6ba9404e4", "number": "7145832670", "date": "2021-01-24 10:04:00", "subject": "1", "recorded-or-robo": "Y", "city": "Saukville", "state": "WI", "area-code": "262"}, {"id": "03e293b3df9e35eadf15c561192a0de6", "number": "7145832670", "date": "2021-01-24 10:04:00", "subject": "1", "recorded-or-robo": "Y", "city": "Saukville", "state": "WI", "area-code": "262"}, {"id": "3decc6bfadaa436a105714c6ba93f56d", "number": "2018237663", "date": "2020-12-20 10:35:00", "subject": "3", "recorded-or-robo": "", "city": "", "state": "NJ", "area-code": "201"}, {"id": "03e293b3df9e35eadf15c5611929f874", "number": "2018237663", "date": "2020-12-20 10:35:00", "subject": "3", "recorded-or-robo": "", "city": "", "state": "NJ", "area-code": "201"}, {"id": "3decc6bfadaa436a105714c6ba93fe17", "number": "6103953200", "date": "2021-01-22 13:23:00", "subject": "2", "recorded-or-robo": "N", "city": "Whitehall", "state": "PA", "area-code": "484"}, {"id": "03e293b3df9e35eadf15c5611929fe7c", "number": "6103953200", "date": "2021-01-22 13:23:00", "subject": "2", "recorded-or-robo": "N", "city": "Whitehall", "state": "PA", "area-code": "484"}, {"id": "3decc6bfadaa436a105714c6ba93f95d", "number": "8889509737", "date": "2021-01-24 11:09:00", "subject": "1", "recorded-or-robo": "Y", "city": "", "state": "FL", "area-code": "941"}, {"id": "03e293b3df9e35eadf15c5611929f9c6", "number": "8889509737", "date": "2021-01-24 11:09:00", "subject": "1", "recorded-or-robo": "Y", "city": "", "state": "FL", "area-code": "941"}, {"id": "3decc6bfadaa436a105714c6ba93e705", "number": "9133487769", "date": "2021-01-18 12:56:00", "subject": "2", "recorded-or-robo": "Y", "city": "San Antonio", "state": "TX", "area-code": "210"}, {"id": "03e293b3df9e35eadf15c5611929eda2", "number": "9133487769", "date": "2021-01-18 12:56:00", "subject": "2", "recorded-or-robo": "Y", "city": "San Antonio", "state": "TX", "area-code": "210"}, {"id": "3decc6bfadaa436a105714c6ba93e518", "number": "", "date": "2021-01-21 00:00:00", "subject": "11", "recorded-or-robo": "Y", "city": "", "state": "WA", "area-code": "509"}, {"id": "03e293b3df9e35eadf15c5611929ec76", "number": "", "date": "2021-01-21 00:00:00", "subject": "11", "recorded-or-robo": "Y", "city": "", "state": "WA", "area-code": "509"}, {"id": "3decc6bfadaa436a105714c6ba93dc9e", "number": "9736521144", "date": "2021-01-18 12:23:00", "subject": "2", "recorded-or-robo": "N", "city": "San Antonio", "state": "TX", "area-code": "210"}, {"id": "03e293b3df9e35eadf15c5611929e645", "number": "9736521144", "date": "2021-01-18 12:23:00", "subject": "2", "recorded-or-robo": "N", "city": "San Antonio", "state": "TX", "area-code": "210"}, {"id": "3decc6bfadaa436a105714c6ba93ce3d", "number": "2106506957", "date": "2021-01-18 09:39:00", "subject": "2", "recorded-or-robo": "N", "city": "San Antonio", "state": "TX", "area-code": "210"}, {"id": "03e293b3df9e35eadf15c5611929df17", "number": "2106506957", "date": "2021-01-18 09:39:00", "subject": "2", "recorded-or-robo": "N", "city": "San Antonio", "state": "TX", "area-code": "210"}, {"id": "3decc6bfadaa436a105714c6ba93c129", "number": "7182443534", "date": "2021-01-24 11:07:00", "subject": "2", "recorded-or-robo": "Y", "city": "Dale City", "state": "VA", "area-code": "571"}, {"id": "03e293b3df9e35eadf15c5611929d7db", "number": "7182443534", "date": "2021-01-24 11:07:00", "subject": "2", "recorded-or-robo": "Y", "city": "Dale City", "state": "VA", "area-code": "571"}, {"id": "3decc6bfadaa436a105714c6ba93c085", "number": "6029227072", "date": "2021-01-22 14:57:00", "subject": "2", "recorded-or-robo": "", "city": "Phoenix", "state": "AZ", "area-code": "815"}, {"id": "03e293b3df9e35eadf15c5611929cf92", "number": "6029227072", "date": "2021-01-22 14:57:00", "subject": "2", "recorded-or-robo": "", "city": "Phoenix", "state": "AZ", "area-code": "815"}, {"id": "3decc6bfadaa436a105714c6ba93c01e", "number": "5856768021", "date": "2021-01-24 10:00:00", "subject": "2", "recorded-or-robo": "Y", "city": "Darien", "state": "IL", "area-code": "630"}, {"id": "03e293b3df9e35eadf15c5611929c4ae", "number": "5856768021", "date": "2021-01-24 10:00:00", "subject": "2", "recorded-or-robo": "Y", "city": "Darien", "state": "IL", "area-code": "630"}, {"id": "3decc6bfadaa436a105714c6ba93b277", "number": "8444914763", "date": "2021-01-23 14:02:00", "subject": "2", "recorded-or-robo": "Y", "city": "", "state": "WI", "area-code": "715"}, {"id": "03e293b3df9e35eadf15c5611929b97d", "number": "8444914763", "date": "2021-01-23 14:02:00", "subject": "2", "recorded-or-robo": "Y", "city": "", "state": "WI", "area-code": "715"}, {"id": "3decc6bfadaa436a105714c6ba93a289", "number": "6469810154", "date": "2021-01-24 11:07:00", "subject": "2", "recorded-or-robo": "Y", "city": "", "state": "NY", "area-code": "646"}]}