{"data": [{"id": "1d36742e3f24f50e4e7ae82801d639e9", "number": "8883804936", "date": "2021-01-23 11:00:00", "subject": "11", "recorded-or-robo": "N", "city": "", "state": "OK", "area-code": "580"}, {"id": "3decc6bfadaa436a105714c6ba406b35", "number": "", "date": "2021-01-23 10:07:00", "subject": "2", "recorded-or-robo": "Y", "city": "", "state": "NC", "area-code": "919"}, {"id": "1d36742e3f24f50e4e7ae82801d63835", "number": "", "date": "2021-01-23 10:07:00", "subject": "2", "recorded-or-robo": "Y", "city": "", "state": "NC", "area-code": "919"}, {"id": "3decc6bfadaa436a105714c6ba405cbb", "number": "9724333647", "date": "2021-01-23 16:08:00", "subject": "2", "recorded-or-robo": "", "city": "DALLAS", "state": "TX", "area-code": "972"}, {"id": "1d36742e3f24f50e4e7ae82801d630c9", "number": "9724333647", "date": "2021-01-23 16:08:00", "subject": "2", "recorded-or-robo": "", "city": "DALLAS", "state": "TX", "area-code": "972"}, {"id": "3decc6bfadaa436a105714c6ba40529d", "number": "7744300554", "date": "2021-01-23 14:19:00", "subject": "0", "recorded-or-robo": "Y", "city": "Bend", "state": "OR", "area-code": "541"}, {"id": "1d36742e3f24f50e4e7ae82801d627d4", "number": "7744300554", "date": "2021-01-23 14:19:00", "subject": "0", "recorded-or-robo": "Y", "city": "Bend", "state": "OR", "area-code": "541"}, {"id": "3decc6bfadaa436a105714c6ba404659", "number": "6614622170", "date": "2021-01-11 11:33:00", "subject": "0", "recorded-or-robo": "", "city": "Tucson", "state": "CA", "area-code": "661"}, {"id": "1d36742e3f24f50e4e7ae82801d61c1f", "number": "6614622170", "date": "2021-01-11 11:33:00", "subject": "0", "recorded-or-robo": "", "city": "Tucson", "state": "CA", "area-code": "661"}, {"id": "3decc6bfadaa436a105714c6ba404409", "number": "4098663664", "date": "2021-01-23 16:23:00", "subject": "11", "recorded-or-robo": "Y", "city": "BEAUMONT", "state": "TX", "area-code": "409"}, {"id": "1d36742e3f24f50e4e7ae82801d613ee", "number": "4098663664", "date": "2021-01-23 16:23:00", "subject": "11", "recorded-or-robo": "Y", "city": "BEAUMONT", "state": "TX", "area-code": "409"}, {"id": "3decc6bfadaa436a105714c6ba4034e9", "number": "5204670603", "date": "2021-01-23 13:38:00", "subject": "0", "recorded-or-robo": "Y", "city": "", "state": "OR", "area-code": "541"}, {"id": "1d36742e3f24f50e4e7ae82801d60f21", "number": "5204670603", "date": "2021-01-23 13:38:00", "subject": "0", "recorded-or-robo": "Y", "city": "", "state": "OR", "area-code": "541"}, {"id": "3decc6bfadaa436a105714c6ba402974", "number": "6154064503", "date": "2021-01-23 13:24:00", "subject": "2", "recorded-or-robo": "Y", "city": "PORT ARTHUR", "state": "TX", "area-code": "409"}, {"id": "1d36742e3f24f50e4e7ae82801d60374", "number": "6154064503", "date": "2021-01-23 13:24:00", "subject": "2", "recorded-or-robo": "Y", "city": "PORT ARTHUR", "state": "TX", "area-code": "409"}, {"id": "3decc6bfadaa436a105714c6ba7b2f58", "number": "4705984835", "date": "2021-01-23 17:28:30", "subject": "3", "recorded-or-robo": "Y", "city": "", "state": "GA", "area-code": "678"}, {"id": "03e293b3df9e35eadf15c5611911b102", "number": "4705984835", "date": "2021-01-23 17:28:30", "subject": "3", "recorded-or-robo": "Y", "city": "", "state": "GA", "area-code": "678"}, {"id": "3decc6bfadaa436a105714c6ba401b78", "number": "243840313333", "date": "2021-01-22 19:08:00", "subject": "2", "recorded-or-robo": "Y", "city": "Runnells", "state": "IA", "area-code": "641"}, {"id": "1d36742e3f24f50e4e7ae82801d5f8d3", "number": "243840313333", "date": "2021-01-22 19:08:00", "subject": "2", "recorded-or-robo": "Y", "city": "Runnells", "state": "IA", "area-code": "641"}, {"id": "3decc6bfadaa436a105714c6ba400cf0", "number": "3045765140", "date": "2021-01-23 12:30:00", "subject": "4", "recorded-or-robo": "Y", "city": "Rainelle", "state": "WV", "area-code": "304"}, {"id": "1d36742e3f24f50e4e7ae82801d5ee21", "number": "3045765140", "date": "2021-01-23 12:30:00", "subject": "4", "recorded-or-robo": "Y", "city": "Rainelle", "state": "WV", "area-code": "304"}, {"id": "3decc6bfadaa436a105714c6ba40092c", "number": "5412290426", "date": "2021-01-22 12:42:00", "subject": "0", "recorded-or-robo": "Y", "city": "", "state": "OR", "area-code": "541"}, {"id": "1d36742e3f24f50e4e7ae82801d5e2cc", "number": "5412290426", "date": "2021-01-22 12:42:00", "subject": "0", "recorded-or-robo": "Y", "city": "", "state": "OR", "area-code": "541"}, {"id": "3decc6bfadaa436a105714c6ba4000aa", "number": "", "date": "2021-01-23 12:00:00", "subject": "1", "recorded-or-robo": "Y", "city": "Philadelphia", "state": "PA", "area-code": "215"}, {"id": "1d36742e3f24f50e4e7ae82801d5df9e", "number": "", "date": "2021-01-23 12:00:00", "subject": "1", "recorded-or-robo": "Y", "city": "Philadelphia", "state": "PA", "area-code": "215"}, {"id": "3decc6bfadaa436a105714c6ba3ffd96", "number": "7204563720", "date": "2021-01-22 16:12:00", "subject": "0", "recorded-or-robo": "N", "city": "", "state": "PA", "area-code": "412"}, {"id": "1d36742e3f24f50e4e7ae82801d5d664", "number": "7204563720", "date": "2021-01-22 16:12:00", "subject": "0", "recorded-or-robo": "N", "city": "", "state": "PA", "area-code": "412"}, {"id": "3decc6bfadaa436a105714c6ba3ffbc8", "number": "1111111111", "date": "2021-01-18 15:37:00", "subject": "0", "recorded-or-robo": "N", "city": "Tucson", "state": "CA", "area-code": "661"}, {"id": "1d36742e3f24f50e4e7ae82801d5d519", "number": "1111111111", "date": "2021-01-18 15:37:00", "subject": "0", "recorded-or-robo": "N", "city": "Tucson", "state": "CA", "area-code": "661"}, {"id": "3decc6bfadaa436a105714c6ba3ffa71", "number": "8604523243", "date": "2021-01-23 00:00:00", "subject": "3", "recorded-or-robo": "Y", "city": "", "state": "CT", "area-code": "860"}, {"id": "1d36742e3f24f50e4e7ae82801d5c8b8", "number": "8604523243", "date": "2021-01-23 00:00:00", "subject": "3", "recorded-or-robo": "Y", "city": "", "state": "CT", "area-code": "860"}, {"id": "3decc6bfadaa436a105714c6ba3ff7cd", "number": "5204670603", "date": "2021-01-22 10:58:00", "subject": "0", "recorded-or-robo": "Y", "city": "", "state": "OR", "area-code": "541"}, {"id": "1d36742e3f24f50e4e7ae82801d5c6b9", "number": "5204670603", "date": "2021-01-22 10:58:00", "subject": "0", "recorded-or-robo": "Y", "city": "", "state": "OR", "area-code": "541"}, {"id": "3decc6bfadaa436a105714c6ba3ff582", "number": "7572206378", "date": "2021-01-23 17:15:00", "subject": "1", "recorded-or-robo": "Y", "city": "", "state": "VA", "area-code": "757"}, {"id": "1d36742e3f24f50e4e7ae82801d5c137", "number": "7572206378", "date": "2021-01-23 17:15:00", "subject": "1", "recorded-or-robo": "Y", "city": "", "state": "VA", "area-code": "757"}, {"id": "3decc6bfadaa436a105714c6ba3fe8d6", "number": "243840313552", "date": "2021-01-22 18:36:00", "subject": "2", "recorded-or-robo": "Y", "city": "Runnells", "state": "IA", "area-code": "641"}, {"id": "1d36742e3f24f50e4e7ae82801d5b363", "number": "243840313552", "date": "2021-01-22 18:36:00", "subject": "2", "recorded-or-robo": "Y", "city": "Runnells", "state": "IA", "area-code": "641"}, {"id": "3decc6bfadaa436a105714c6ba3fe554", "number": "6147299019", "date": "2021-01-22 15:25:00", "subject": "0", "recorded-or-robo": "N", "city": "", "state": "PA", "area-code": "412"}, {"id": "3decc6bfadaa436a105714c6ba3fd74e", "number": "4077810911", "date": "2021-01-23 15:49:00", "subject": "7", "recorded-or-robo": "Y", "city": "Longwood", "state": "FL", "area-code": "407"}, {"id": "1d36742e3f24f50e4e7ae82801d5b347", "number": "6147299019", "date": "2021-01-22 15:25:00", "subject": "0", "recorded-or-robo": "N", "city": "", "state": "PA", "area-code": "412"}, {"id": "1d36742e3f24f50e4e7ae82801d5b142", "number": "4077810911", "date": "2021-01-23 15:49:00", "subject": "7", "recorded-or-robo": "Y", "city": "Longwood", "state": "FL", "area-code": "407"}, {"id": "3decc6bfadaa436a105714c6ba3fd53c", "number": "8012508865", "date": "2021-01-14 07:05:00", "subject": "3", "recorded-or-robo": "Y", "city": "", "state": "UT", "area-code": "801"}, {"id": "1d36742e3f24f50e4e7ae82801d5afb8", "number": "8012508865", "date": "2021-01-14 07:05:00", "subject": "3", "recorded-or-robo": "Y", "city": "", "state": "UT", "area-code": "801"}, {"id": "3decc6bfadaa436a105714c6ba3fca12", "number": "6173908331", "date": "2021-01-22 11:16:00", "subject": "0", "recorded-or-robo": "Y", "city": "randolph", "state": "MA", "area-code": "781"}, {"id": "1d36742e3f24f50e4e7ae82801d5a2b9", "number": "6173908331", "date": "2021-01-22 11:16:00", "subject": "0", "recorded-or-robo": "Y", "city": "randolph", "state": "MA", "area-code": "781"}, {"id": "3decc6bfadaa436a105714c6ba3fbf2a", "number": "5413621109", "date": "2021-01-22 09:36:00", "subject": "0", "recorded-or-robo": "Y", "city": "", "state": "OR", "area-code": "541"}, {"id": "1d36742e3f24f50e4e7ae82801d5a08b", "number": "5413621109", "date": "2021-01-22 09:36:00", "subject": "0", "recorded-or-robo": "Y", "city": "", "state": "OR", "area-code": "541"}, {"id": "3decc6bfadaa436a105714c6ba3fba6b", "number": "6147299019", "date": "2021-01-22 14:21:00", "subject": "0", "recorded-or-robo": "N", "city": "", "state": "PA", "area-code": "412"}, {"id": "1d36742e3f24f50e4e7ae82801d59a38", "number": "6147299019", "date": "2021-01-22 14:21:00", "subject": "0", "recorded-or-robo": "N", "city": "", "state": "PA", "area-code": "412"}, {"id": "3decc6bfadaa436a105714c6ba3fba02", "number": "", "date": "2021-01-23 15:51:00", "subject": "1", "recorded-or-robo": "Y", "city": "North Chesterfield", "state": "VA", "area-code": "804"}]}