{"data": [{"id": "1d36742e3f24f50e4e7ae82801dc20c2", "number": "7142639205", "date": "2021-01-23 12:00:00", "subject": "1", "recorded-or-robo": "Y", "city": "Malibu", "state": "CA", "area-code": "310"}, {"id": "3decc6bfadaa436a105714c6ba7c5487", "number": "9138822212", "date": "2021-01-23 18:01:44", "subject": "3", "recorded-or-robo": "Y", "city": "", "state": "KS", "area-code": "913"}, {"id": "03e293b3df9e35eadf15c5611912d536", "number": "9138822212", "date": "2021-01-23 18:01:44", "subject": "3", "recorded-or-robo": "Y", "city": "", "state": "KS", "area-code": "913"}, {"id": "3decc6bfadaa436a105714c6ba4651bb", "number": "2069477336", "date": "2021-01-23 02:08:00", "subject": "2", "recorded-or-robo": "Y", "city": "Redmond", "state": "WA", "area-code": "206"}, {"id": "1d36742e3f24f50e4e7ae82801dc18e8", "number": "2069477336", "date": "2021-01-23 02:08:00", "subject": "2", "recorded-or-robo": "Y", "city": "Redmond", "state": "WA", "area-code": "206"}, {"id": "3decc6bfadaa436a105714c6ba464674", "number": "6154062480", "date": "2021-01-23 04:49:00", "subject": "11", "recorded-or-robo": "Y", "city": "Nederland", "state": "TX", "area-code": "409"}, {"id": "1d36742e3f24f50e4e7ae82801dc09cc", "number": "6154062480", "date": "2021-01-23 04:49:00", "subject": "11", "recorded-or-robo": "Y", "city": "Nederland", "state": "TX", "area-code": "409"}, {"id": "3decc6bfadaa436a105714c6ba4641b3", "number": "6313641440", "date": "2021-01-22 15:09:00", "subject": "2", "recorded-or-robo": "Y", "city": "East Moriches", "state": "NY", "area-code": "631"}, {"id": "1d36742e3f24f50e4e7ae82801dbfbfb", "number": "6313641440", "date": "2021-01-22 15:09:00", "subject": "2", "recorded-or-robo": "Y", "city": "East Moriches", "state": "NY", "area-code": "631"}, {"id": "3decc6bfadaa436a105714c6ba463707", "number": "7869751928", "date": "2021-01-23 16:45:00", "subject": "9", "recorded-or-robo": "N", "city": "", "state": "MN", "area-code": "651"}, {"id": "1d36742e3f24f50e4e7ae82801dbee48", "number": "7869751928", "date": "2021-01-23 16:45:00", "subject": "9", "recorded-or-robo": "N", "city": "", "state": "MN", "area-code": "651"}, {"id": "3decc6bfadaa436a105714c6ba7c62a9", "number": "2567190484", "date": "2021-01-23 18:00:00", "subject": "3", "recorded-or-robo": "Y", "city": "", "state": "NY", "area-code": "347"}, {"id": "03e293b3df9e35eadf15c5611912e92b", "number": "2567190484", "date": "2021-01-23 18:00:00", "subject": "3", "recorded-or-robo": "Y", "city": "", "state": "NY", "area-code": "347"}, {"id": "3decc6bfadaa436a105714c6ba462baa", "number": "9492848076", "date": "2021-01-22 12:00:00", "subject": "1", "recorded-or-robo": "Y", "city": "San Mateo", "state": "CA", "area-code": "650"}, {"id": "1d36742e3f24f50e4e7ae82801dbe90a", "number": "9492848076", "date": "2021-01-22 12:00:00", "subject": "1", "recorded-or-robo": "Y", "city": "San Mateo", "state": "CA", "area-code": "650"}, {"id": "3decc6bfadaa436a105714c6ba46248f", "number": "6027859463", "date": "2021-01-23 15:41:00", "subject": "7", "recorded-or-robo": "Y", "city": "SURPRISE", "state": "AZ", "area-code": "602"}, {"id": "1d36742e3f24f50e4e7ae82801dbe053", "number": "6027859463", "date": "2021-01-23 15:41:00", "subject": "7", "recorded-or-robo": "Y", "city": "SURPRISE", "state": "AZ", "area-code": "602"}, {"id": "3decc6bfadaa436a105714c6ba462309", "number": "5202103601", "date": "2021-01-22 10:38:00", "subject": "2", "recorded-or-robo": "Y", "city": "Phoenix", "state": "AZ", "area-code": "520"}, {"id": "1d36742e3f24f50e4e7ae82801dbdf70", "number": "5202103601", "date": "2021-01-22 10:38:00", "subject": "2", "recorded-or-robo": "Y", "city": "Phoenix", "state": "AZ", "area-code": "520"}, {"id": "3decc6bfadaa436a105714c6ba461df7", "number": "9147302488", "date": "2021-01-22 16:52:00", "subject": "2", "recorded-or-robo": "N", "city": "East Moriches", "state": "NY", "area-code": "631"}, {"id": "1d36742e3f24f50e4e7ae82801dbd41a", "number": "9147302488", "date": "2021-01-22 16:52:00", "subject": "2", "recorded-or-robo": "N", "city": "East Moriches", "state": "NY", "area-code": "631"}, {"id": "3decc6bfadaa436a105714c6ba461c67", "number": "", "date": "2021-01-23 14:49:00", "subject": "3", "recorded-or-robo": "Y", "city": "", "state": "CA", "area-code": "909"}, {"id": "1d36742e3f24f50e4e7ae82801dbcea3", "number": "", "date": "2021-01-23 14:49:00", "subject": "3", "recorded-or-robo": "Y", "city": "", "state": "CA", "area-code": "909"}, {"id": "3decc6bfadaa436a105714c6ba461a42", "number": "9185464079", "date": "2021-01-23 03:30:00", "subject": "11", "recorded-or-robo": "Y", "city": "Tulsa", "state": "OK", "area-code": "918"}, {"id": "1d36742e3f24f50e4e7ae82801dbc230", "number": "9185464079", "date": "2021-01-23 03:30:00", "subject": "11", "recorded-or-robo": "Y", "city": "Tulsa", "state": "OK", "area-code": "918"}, {"id": "3decc6bfadaa436a105714c6ba460db0", "number": "7259773396", "date": "2021-01-23 15:53:00", "subject": "0", "recorded-or-robo": "Y", "city": "South Jordan", "state": "UT", "area-code": "702"}, {"id": "1d36742e3f24f50e4e7ae82801dbbdc2", "number": "7259773396", "date": "2021-01-23 15:53:00", "subject": "0", "recorded-or-robo": "Y", "city": "South Jordan", "state": "UT", "area-code": "702"}, {"id": "3decc6bfadaa436a105714c6ba4608a6", "number": "3152328257", "date": "2021-01-23 15:03:00", "subject": "3", "recorded-or-robo": "Y", "city": "OFallon", "state": "MO", "area-code": "314"}, {"id": "1d36742e3f24f50e4e7ae82801dbae6a", "number": "3152328257", "date": "2021-01-23 15:03:00", "subject": "3", "recorded-or-robo": "Y", "city": "OFallon", "state": "MO", "area-code": "314"}, {"id": "3decc6bfadaa436a105714c6ba45ff51", "number": "4145332221", "date": "2021-01-23 17:29:00", "subject": "1", "recorded-or-robo": "N", "city": "Rochester", "state": "NY", "area-code": "585"}, {"id": "1d36742e3f24f50e4e7ae82801dba38e", "number": "4145332221", "date": "2021-01-23 17:29:00", "subject": "1", "recorded-or-robo": "N", "city": "Rochester", "state": "NY", "area-code": "585"}, {"id": "3decc6bfadaa436a105714c6ba45ff06", "number": "", "date": "2021-01-23 14:52:00", "subject": "2", "recorded-or-robo": "Y", "city": "RITZVILLE", "state": "WA", "area-code": "509"}, {"id": "3decc6bfadaa436a105714c6ba45faf0", "number": "3103919505", "date": "2021-01-17 13:23:00", "subject": "1", "recorded-or-robo": "Y", "city": "", "state": "CA", "area-code": "310"}, {"id": "1d36742e3f24f50e4e7ae82801db94bb", "number": "", "date": "2021-01-23 14:52:00", "subject": "2", "recorded-or-robo": "Y", "city": "RITZVILLE", "state": "WA", "area-code": "509"}, {"id": "1d36742e3f24f50e4e7ae82801db8c9c", "number": "3103919505", "date": "2021-01-17 13:23:00", "subject": "1", "recorded-or-robo": "Y", "city": "", "state": "CA", "area-code": "310"}, {"id": "3decc6bfadaa436a105714c6ba45fa90", "number": "6173891992", "date": "2021-01-23 17:53:00", "subject": "7", "recorded-or-robo": "Y", "city": "", "state": "MA", "area-code": "617"}, {"id": "1d36742e3f24f50e4e7ae82801db7e7e", "number": "6173891992", "date": "2021-01-23 17:53:00", "subject": "7", "recorded-or-robo": "Y", "city": "", "state": "MA", "area-code": "617"}, {"id": "3decc6bfadaa436a105714c6ba7c2dae", "number": "+14193268427", "date": "2021-01-23 17:57:47", "subject": "3", "recorded-or-robo": "Y", "city": "", "state": "OH", "area-code": "419"}, {"id": "03e293b3df9e35eadf15c5611912a850", "number": "+14193268427", "date": "2021-01-23 17:57:47", "subject": "3", "recorded-or-robo": "Y", "city": "", "state": "OH", "area-code": "419"}, {"id": "3decc6bfadaa436a105714c6ba45eca2", "number": "5203379785", "date": "2021-01-23 10:52:00", "subject": "2", "recorded-or-robo": "Y", "city": "Phoenix", "state": "AZ", "area-code": "520"}, {"id": "1d36742e3f24f50e4e7ae82801db7a3b", "number": "5203379785", "date": "2021-01-23 10:52:00", "subject": "2", "recorded-or-robo": "Y", "city": "Phoenix", "state": "AZ", "area-code": "520"}, {"id": "3decc6bfadaa436a105714c6ba45de91", "number": "3032476814", "date": "2021-01-22 13:33:00", "subject": "2", "recorded-or-robo": "Y", "city": "", "state": "CO", "area-code": "303"}, {"id": "1d36742e3f24f50e4e7ae82801db6bec", "number": "3032476814", "date": "2021-01-22 13:33:00", "subject": "2", "recorded-or-robo": "Y", "city": "", "state": "CO", "area-code": "303"}, {"id": "3decc6bfadaa436a105714c6ba45d135", "number": "224620330341", "date": "2021-01-23 05:00:00", "subject": "2", "recorded-or-robo": "Y", "city": "Monona", "state": "IA", "area-code": "319"}, {"id": "1d36742e3f24f50e4e7ae82801db6aef", "number": "224620330341", "date": "2021-01-23 05:00:00", "subject": "2", "recorded-or-robo": "Y", "city": "Monona", "state": "IA", "area-code": "319"}, {"id": "3decc6bfadaa436a105714c6ba45c15b", "number": "5099823131", "date": "2021-01-23 13:00:00", "subject": "2", "recorded-or-robo": "Y", "city": "odessa", "state": "WA", "area-code": "509"}, {"id": "1d36742e3f24f50e4e7ae82801db651a", "number": "5099823131", "date": "2021-01-23 13:00:00", "subject": "2", "recorded-or-robo": "Y", "city": "odessa", "state": "WA", "area-code": "509"}, {"id": "3decc6bfadaa436a105714c6ba7c3222", "number": "+17248928558", "date": "2021-01-23 17:56:55", "subject": "3", "recorded-or-robo": "Y", "city": "", "state": "TX", "area-code": "214"}, {"id": "03e293b3df9e35eadf15c5611912afc6", "number": "+17248928558", "date": "2021-01-23 17:56:55", "subject": "3", "recorded-or-robo": "Y", "city": "", "state": "TX", "area-code": "214"}, {"id": "3decc6bfadaa436a105714c6ba45bbff", "number": "8444667889", "date": "2021-01-21 16:00:00", "subject": "2", "recorded-or-robo": "Y", "city": "SPOTSYLVANIA", "state": "VA", "area-code": "540"}]}