{"data": [{"id": "03e293b3df9e35eadf15c561190756f8", "number": "3214319083", "date": "2021-01-13 16:46:00", "subject": "4", "recorded-or-robo": "Y", "city": "Kirkville", "state": "NY", "area-code": "321"}, {"id": "3decc6bfadaa436a105714c6ba71171f", "number": "8327451670", "date": "2021-01-23 00:00:00", "subject": "2", "recorded-or-robo": "", "city": "Alpharetta", "state": "GA", "area-code": "470"}, {"id": "03e293b3df9e35eadf15c56119075591", "number": "8327451670", "date": "2021-01-23 00:00:00", "subject": "2", "recorded-or-robo": "", "city": "Alpharetta", "state": "GA", "area-code": "470"}, {"id": "3decc6bfadaa436a105714c6ba711645", "number": "8031807079", "date": "2021-01-22 16:00:00", "subject": "2", "recorded-or-robo": "", "city": "Vancouver", "state": "WA", "area-code": "503"}, {"id": "03e293b3df9e35eadf15c561190753c6", "number": "8031807079", "date": "2021-01-22 16:00:00", "subject": "2", "recorded-or-robo": "", "city": "Vancouver", "state": "WA", "area-code": "503"}, {"id": "3decc6bfadaa436a105714c6ba7113fc", "number": "2672724805", "date": "2021-01-22 11:44:00", "subject": "2", "recorded-or-robo": "Y", "city": "Monmouth", "state": "OR", "area-code": "773"}, {"id": "03e293b3df9e35eadf15c561190743cb", "number": "2672724805", "date": "2021-01-22 11:44:00", "subject": "2", "recorded-or-robo": "Y", "city": "Monmouth", "state": "OR", "area-code": "773"}, {"id": "3decc6bfadaa436a105714c6ba710723", "number": "4156599170", "date": "2021-01-13 09:28:00", "subject": "4", "recorded-or-robo": "Y", "city": "Kirkville", "state": "NY", "area-code": "321"}, {"id": "03e293b3df9e35eadf15c56119073448", "number": "4156599170", "date": "2021-01-13 09:28:00", "subject": "4", "recorded-or-robo": "Y", "city": "Kirkville", "state": "NY", "area-code": "321"}, {"id": "3decc6bfadaa436a105714c6ba70fa1a", "number": "", "date": "2021-01-23 22:30:00", "subject": "2", "recorded-or-robo": "Y", "city": "", "state": "CA", "area-code": "408"}, {"id": "03e293b3df9e35eadf15c561190732fa", "number": "", "date": "2021-01-23 22:30:00", "subject": "2", "recorded-or-robo": "Y", "city": "", "state": "CA", "area-code": "408"}, {"id": "3decc6bfadaa436a105714c6ba70f867", "number": "8031032618", "date": "2021-01-22 15:47:00", "subject": "2", "recorded-or-robo": "", "city": "Vancouver", "state": "WA", "area-code": "503"}, {"id": "03e293b3df9e35eadf15c56119073168", "number": "8031032618", "date": "2021-01-22 15:47:00", "subject": "2", "recorded-or-robo": "", "city": "Vancouver", "state": "WA", "area-code": "503"}, {"id": "3decc6bfadaa436a105714c6ba70ec2b", "number": "7574874326", "date": "2021-01-23 06:12:00", "subject": "1", "recorded-or-robo": "Y", "city": "Chesapeake", "state": "VA", "area-code": "757"}, {"id": "03e293b3df9e35eadf15c56119072566", "number": "7574874326", "date": "2021-01-23 06:12:00", "subject": "1", "recorded-or-robo": "Y", "city": "Chesapeake", "state": "VA", "area-code": "757"}, {"id": "3decc6bfadaa436a105714c6ba844a65", "number": "8583765390", "date": "2021-01-23 22:41:04", "subject": "3", "recorded-or-robo": "Y", "city": "", "state": "CA", "area-code": "858"}, {"id": "03e293b3df9e35eadf15c561191abcf9", "number": "8583765390", "date": "2021-01-23 22:41:04", "subject": "3", "recorded-or-robo": "Y", "city": "", "state": "CA", "area-code": "858"}, {"id": "3decc6bfadaa436a105714c6ba842f46", "number": "+16263099938", "date": "2021-01-23 22:39:04", "subject": "3", "recorded-or-robo": "Y", "city": "", "state": "CA", "area-code": "626"}, {"id": "03e293b3df9e35eadf15c561191a9c60", "number": "+16263099938", "date": "2021-01-23 22:39:04", "subject": "3", "recorded-or-robo": "Y", "city": "", "state": "CA", "area-code": "626"}, {"id": "3decc6bfadaa436a105714c6ba70e122", "number": "5072000166", "date": "2021-01-19 11:08:00", "subject": "0", "recorded-or-robo": "N", "city": "Rochester", "state": "MN", "area-code": "507"}, {"id": "03e293b3df9e35eadf15c56119072562", "number": "5072000166", "date": "2021-01-19 11:08:00", "subject": "0", "recorded-or-robo": "N", "city": "Rochester", "state": "MN", "area-code": "507"}, {"id": "3decc6bfadaa436a105714c6ba8431a4", "number": "9204417841", "date": "2021-01-23 22:38:19", "subject": "3", "recorded-or-robo": "Y", "city": "", "state": "WI", "area-code": "414"}, {"id": "03e293b3df9e35eadf15c561191a9e0b", "number": "9204417841", "date": "2021-01-23 22:38:19", "subject": "3", "recorded-or-robo": "Y", "city": "", "state": "WI", "area-code": "414"}, {"id": "3decc6bfadaa436a105714c6ba8471d7", "number": "6076932805", "date": "2021-01-23 22:37:55", "subject": "3", "recorded-or-robo": "Y", "city": "", "state": "WI", "area-code": "414"}, {"id": "03e293b3df9e35eadf15c561191ad7cf", "number": "6076932805", "date": "2021-01-23 22:37:55", "subject": "3", "recorded-or-robo": "Y", "city": "", "state": "WI", "area-code": "414"}, {"id": "3decc6bfadaa436a105714c6ba846436", "number": "9519681228", "date": "2021-01-23 22:37:49", "subject": "3", "recorded-or-robo": "Y", "city": "", "state": "CA", "area-code": "951"}, {"id": "03e293b3df9e35eadf15c561191acae9", "number": "9519681228", "date": "2021-01-23 22:37:49", "subject": "3", "recorded-or-robo": "Y", "city": "", "state": "CA", "area-code": "951"}, {"id": "3decc6bfadaa436a105714c6ba843d9a", "number": "8182304836", "date": "2021-01-23 22:36:55", "subject": "3", "recorded-or-robo": "N", "city": "", "state": "CA", "area-code": "818"}, {"id": "03e293b3df9e35eadf15c561191ab71a", "number": "8182304836", "date": "2021-01-23 22:36:55", "subject": "3", "recorded-or-robo": "N", "city": "", "state": "CA", "area-code": "818"}, {"id": "3decc6bfadaa436a105714c6ba70deee", "number": "6514336616", "date": "2021-01-21 12:10:00", "subject": "0", "recorded-or-robo": "N", "city": "Rochester", "state": "MN", "area-code": "507"}, {"id": "03e293b3df9e35eadf15c561190717d7", "number": "6514336616", "date": "2021-01-21 12:10:00", "subject": "0", "recorded-or-robo": "N", "city": "Rochester", "state": "MN", "area-code": "507"}, {"id": "3decc6bfadaa436a105714c6ba8458e5", "number": "+15407791877", "date": "2021-01-23 22:36:01", "subject": "3", "recorded-or-robo": "Y", "city": "", "state": "VA", "area-code": "540"}, {"id": "03e293b3df9e35eadf15c561191ac7aa", "number": "+15407791877", "date": "2021-01-23 22:36:01", "subject": "3", "recorded-or-robo": "Y", "city": "", "state": "VA", "area-code": "540"}, {"id": "3decc6bfadaa436a105714c6ba70d657", "number": "3238265002", "date": "2021-01-22 12:00:00", "subject": "2", "recorded-or-robo": "Y", "city": "Rockville", "state": "MD", "area-code": "301"}, {"id": "03e293b3df9e35eadf15c56119071523", "number": "3238265002", "date": "2021-01-22 12:00:00", "subject": "2", "recorded-or-robo": "Y", "city": "Rockville", "state": "MD", "area-code": "301"}, {"id": "3decc6bfadaa436a105714c6ba84084b", "number": "+17736660245", "date": "2021-01-23 22:35:50", "subject": "3", "recorded-or-robo": "Y", "city": "", "state": "IL", "area-code": "847"}, {"id": "03e293b3df9e35eadf15c561191a66da", "number": "+17736660245", "date": "2021-01-23 22:35:50", "subject": "3", "recorded-or-robo": "Y", "city": "", "state": "IL", "area-code": "847"}, {"id": "3decc6bfadaa436a105714c6ba842393", "number": "+15406814877", "date": "2021-01-23 22:35:41", "subject": "3", "recorded-or-robo": "Y", "city": "", "state": "VA", "area-code": "540"}, {"id": "03e293b3df9e35eadf15c561191a92c8", "number": "+15406814877", "date": "2021-01-23 22:35:41", "subject": "3", "recorded-or-robo": "Y", "city": "", "state": "VA", "area-code": "540"}, {"id": "3decc6bfadaa436a105714c6ba840cae", "number": "+12767380188", "date": "2021-01-23 22:35:28", "subject": "3", "recorded-or-robo": "Y", "city": "", "state": "VA", "area-code": "540"}, {"id": "03e293b3df9e35eadf15c561191a72e9", "number": "+12767380188", "date": "2021-01-23 22:35:28", "subject": "3", "recorded-or-robo": "Y", "city": "", "state": "VA", "area-code": "540"}, {"id": "3decc6bfadaa436a105714c6ba70d456", "number": "5138257660", "date": "2021-01-18 12:00:00", "subject": "5", "recorded-or-robo": "N", "city": "Cincinnati", "state": "OH", "area-code": "513"}, {"id": "03e293b3df9e35eadf15c5611907093e", "number": "5138257660", "date": "2021-01-18 12:00:00", "subject": "5", "recorded-or-robo": "N", "city": "Cincinnati", "state": "OH", "area-code": "513"}, {"id": "3decc6bfadaa436a105714c6ba70c74e", "number": "7142639206", "date": "2021-01-21 12:02:00", "subject": "2", "recorded-or-robo": "Y", "city": "Davenport", "state": "IA", "area-code": "563"}, {"id": "03e293b3df9e35eadf15c56119070303", "number": "7142639206", "date": "2021-01-21 12:02:00", "subject": "2", "recorded-or-robo": "Y", "city": "Davenport", "state": "IA", "area-code": "563"}, {"id": "3decc6bfadaa436a105714c6ba83fd72", "number": "+16692781100", "date": "2021-01-23 22:34:40", "subject": "3", "recorded-or-robo": "Y", "city": "", "state": "CA", "area-code": "408"}, {"id": "03e293b3df9e35eadf15c561191a5555", "number": "+16692781100", "date": "2021-01-23 22:34:40", "subject": "3", "recorded-or-robo": "Y", "city": "", "state": "CA", "area-code": "408"}, {"id": "3decc6bfadaa436a105714c6ba70c2c4", "number": "9044286169", "date": "2021-01-23 22:27:00", "subject": "3", "recorded-or-robo": "Y", "city": "", "state": "FL", "area-code": "904"}, {"id": "03e293b3df9e35eadf15c5611906fc3d", "number": "9044286169", "date": "2021-01-23 22:27:00", "subject": "3", "recorded-or-robo": "Y", "city": "", "state": "FL", "area-code": "904"}, {"id": "3decc6bfadaa436a105714c6ba842038", "number": "+14802489320", "date": "2021-01-23 22:34:09", "subject": "3", "recorded-or-robo": "Y", "city": "", "state": "CA", "area-code": "415"}]}