{"data": [{"id": "1d36742e3f24f50e4e7ae82801f9d3a1", "number": "2402130580", "date": "2021-01-23 14:06:00", "subject": "4", "recorded-or-robo": "Y", "city": "", "state": "MD", "area-code": "240"}, {"id": "3decc6bfadaa436a105714c6ba63a917", "number": "8325375770", "date": "2020-12-18 00:00:00", "subject": "1", "recorded-or-robo": "Y", "city": "Houston", "state": "TX", "area-code": "832"}, {"id": "1d36742e3f24f50e4e7ae82801f9c7fc", "number": "8325375770", "date": "2020-12-18 00:00:00", "subject": "1", "recorded-or-robo": "Y", "city": "Houston", "state": "TX", "area-code": "832"}, {"id": "3decc6bfadaa436a105714c6ba63a67f", "number": "6503877569", "date": "2021-01-22 13:58:00", "subject": "2", "recorded-or-robo": "Y", "city": "", "state": "KY", "area-code": "502"}, {"id": "1d36742e3f24f50e4e7ae82801f9ba31", "number": "6503877569", "date": "2021-01-22 13:58:00", "subject": "2", "recorded-or-robo": "Y", "city": "", "state": "KY", "area-code": "502"}, {"id": "3decc6bfadaa436a105714c6ba63a1da", "number": "3018571034", "date": "2021-01-22 11:30:00", "subject": "0", "recorded-or-robo": "Y", "city": "", "state": "MD", "area-code": "410"}, {"id": "1d36742e3f24f50e4e7ae82801f9b34b", "number": "3018571034", "date": "2021-01-22 11:30:00", "subject": "0", "recorded-or-robo": "Y", "city": "", "state": "MD", "area-code": "410"}, {"id": "3decc6bfadaa436a105714c6ba639e59", "number": "8003856217", "date": "2021-01-13 14:11:00", "subject": "0", "recorded-or-robo": "N", "city": "Evergreen", "state": "CO", "area-code": "303"}, {"id": "1d36742e3f24f50e4e7ae82801f9b252", "number": "8003856217", "date": "2021-01-13 14:11:00", "subject": "0", "recorded-or-robo": "N", "city": "Evergreen", "state": "CO", "area-code": "303"}, {"id": "3decc6bfadaa436a105714c6ba639cf4", "number": "8322961809", "date": "2020-12-22 00:00:00", "subject": "1", "recorded-or-robo": "Y", "city": "Houston", "state": "TX", "area-code": "832"}, {"id": "1d36742e3f24f50e4e7ae82801f9af5c", "number": "8322961809", "date": "2020-12-22 00:00:00", "subject": "1", "recorded-or-robo": "Y", "city": "Houston", "state": "TX", "area-code": "832"}, {"id": "3decc6bfadaa436a105714c6ba63941f", "number": "2522019122", "date": "2021-01-22 09:16:00", "subject": "3", "recorded-or-robo": "", "city": "", "state": "NC", "area-code": "252"}, {"id": "1d36742e3f24f50e4e7ae82801f9a022", "number": "2522019122", "date": "2021-01-22 09:16:00", "subject": "3", "recorded-or-robo": "", "city": "", "state": "NC", "area-code": "252"}, {"id": "3decc6bfadaa436a105714c6ba638c46", "number": "8142056902", "date": "2021-01-22 11:00:00", "subject": "0", "recorded-or-robo": "Y", "city": "", "state": "MD", "area-code": "410"}, {"id": "1d36742e3f24f50e4e7ae82801f99ac2", "number": "8142056902", "date": "2021-01-22 11:00:00", "subject": "0", "recorded-or-robo": "Y", "city": "", "state": "MD", "area-code": "410"}, {"id": "3decc6bfadaa436a105714c6ba63814a", "number": "8322286488", "date": "2020-12-23 00:00:00", "subject": "1", "recorded-or-robo": "Y", "city": "Houston", "state": "TX", "area-code": "832"}, {"id": "3decc6bfadaa436a105714c6ba6372ff", "number": "2016203961", "date": "2021-01-23 17:43:00", "subject": "0", "recorded-or-robo": "Y", "city": "Hendersonville", "state": "NC", "area-code": "828"}, {"id": "1d36742e3f24f50e4e7ae82801f99555", "number": "8322286488", "date": "2020-12-23 00:00:00", "subject": "1", "recorded-or-robo": "Y", "city": "Houston", "state": "TX", "area-code": "832"}, {"id": "1d36742e3f24f50e4e7ae82801f98a89", "number": "2016203961", "date": "2021-01-23 17:43:00", "subject": "0", "recorded-or-robo": "Y", "city": "Hendersonville", "state": "NC", "area-code": "828"}, {"id": "3decc6bfadaa436a105714c6ba636595", "number": "8653024314", "date": "2021-01-23 16:11:00", "subject": "0", "recorded-or-robo": "Y", "city": "", "state": "TN", "area-code": "865"}, {"id": "1d36742e3f24f50e4e7ae82801f97edf", "number": "8653024314", "date": "2021-01-23 16:11:00", "subject": "0", "recorded-or-robo": "Y", "city": "", "state": "TN", "area-code": "865"}, {"id": "3decc6bfadaa436a105714c6ba63644f", "number": "", "date": "2021-01-19 12:12:00", "subject": "12", "recorded-or-robo": "Y", "city": "Oceanside", "state": "CA", "area-code": "760"}, {"id": "1d36742e3f24f50e4e7ae82801f97260", "number": "", "date": "2021-01-19 12:12:00", "subject": "12", "recorded-or-robo": "Y", "city": "Oceanside", "state": "CA", "area-code": "760"}, {"id": "3decc6bfadaa436a105714c6ba635e73", "number": "", "date": "2021-01-23 12:00:00", "subject": "1", "recorded-or-robo": "Y", "city": "", "state": "CA", "area-code": "310"}, {"id": "1d36742e3f24f50e4e7ae82801f969dd", "number": "", "date": "2021-01-23 12:00:00", "subject": "1", "recorded-or-robo": "Y", "city": "", "state": "CA", "area-code": "310"}, {"id": "3decc6bfadaa436a105714c6ba6351d8", "number": "91926331105", "date": "2021-01-22 09:48:00", "subject": "3", "recorded-or-robo": "", "city": "", "state": "NC", "area-code": "252"}, {"id": "1d36742e3f24f50e4e7ae82801f968b3", "number": "91926331105", "date": "2021-01-22 09:48:00", "subject": "3", "recorded-or-robo": "", "city": "", "state": "NC", "area-code": "252"}, {"id": "3decc6bfadaa436a105714c6ba634aae", "number": "8164063024", "date": "2021-01-22 10:45:00", "subject": "0", "recorded-or-robo": "Y", "city": "", "state": "MD", "area-code": "410"}, {"id": "1d36742e3f24f50e4e7ae82801f95b2e", "number": "8164063024", "date": "2021-01-22 10:45:00", "subject": "0", "recorded-or-robo": "Y", "city": "", "state": "MD", "area-code": "410"}, {"id": "3decc6bfadaa436a105714c6ba6341ac", "number": "8329370262", "date": "2020-12-28 00:00:00", "subject": "1", "recorded-or-robo": "Y", "city": "Houston", "state": "TX", "area-code": "832"}, {"id": "1d36742e3f24f50e4e7ae82801f94fb0", "number": "8329370262", "date": "2020-12-28 00:00:00", "subject": "1", "recorded-or-robo": "Y", "city": "Houston", "state": "TX", "area-code": "832"}, {"id": "3decc6bfadaa436a105714c6ba63395e", "number": "2525629065", "date": "2021-01-22 09:49:00", "subject": "3", "recorded-or-robo": "", "city": "", "state": "NC", "area-code": "252"}, {"id": "1d36742e3f24f50e4e7ae82801f94f94", "number": "2525629065", "date": "2021-01-22 09:49:00", "subject": "3", "recorded-or-robo": "", "city": "", "state": "NC", "area-code": "252"}, {"id": "3decc6bfadaa436a105714c6ba632a8a", "number": "8004344636", "date": "2021-01-13 11:56:00", "subject": "0", "recorded-or-robo": "N", "city": "Evergreen", "state": "CO", "area-code": "303"}, {"id": "1d36742e3f24f50e4e7ae82801f94ce9", "number": "8004344636", "date": "2021-01-13 11:56:00", "subject": "0", "recorded-or-robo": "N", "city": "Evergreen", "state": "CO", "area-code": "303"}, {"id": "3decc6bfadaa436a105714c6ba631bf2", "number": "2488265916", "date": "2021-01-23 18:59:00", "subject": "0", "recorded-or-robo": "Y", "city": "Clarkston", "state": "MI", "area-code": "248"}, {"id": "1d36742e3f24f50e4e7ae82801f94a36", "number": "2488265916", "date": "2021-01-23 18:59:00", "subject": "0", "recorded-or-robo": "Y", "city": "Clarkston", "state": "MI", "area-code": "248"}, {"id": "3decc6bfadaa436a105714c6ba630dcc", "number": "4157046021", "date": "2021-01-23 16:10:00", "subject": "1", "recorded-or-robo": "N", "city": "Belvedere Tiburon", "state": "CA", "area-code": "626"}, {"id": "1d36742e3f24f50e4e7ae82801f93b6d", "number": "4157046021", "date": "2021-01-23 16:10:00", "subject": "1", "recorded-or-robo": "N", "city": "Belvedere Tiburon", "state": "CA", "area-code": "626"}, {"id": "3decc6bfadaa436a105714c6ba630b52", "number": "7205559434", "date": "2021-01-23 10:12:00", "subject": "0", "recorded-or-robo": "Y", "city": "malverne", "state": "NY", "area-code": "516"}, {"id": "1d36742e3f24f50e4e7ae82801f92b96", "number": "7205559434", "date": "2021-01-23 10:12:00", "subject": "0", "recorded-or-robo": "Y", "city": "malverne", "state": "NY", "area-code": "516"}, {"id": "3decc6bfadaa436a105714c6ba630870", "number": "7753195122", "date": "2020-12-28 00:00:00", "subject": "1", "recorded-or-robo": "Y", "city": "Houston", "state": "TX", "area-code": "832"}, {"id": "1d36742e3f24f50e4e7ae82801f92b14", "number": "7753195122", "date": "2020-12-28 00:00:00", "subject": "1", "recorded-or-robo": "Y", "city": "Houston", "state": "TX", "area-code": "832"}, {"id": "3decc6bfadaa436a105714c6ba63086a", "number": "", "date": "2021-01-23 14:17:00", "subject": "1", "recorded-or-robo": "N", "city": "East Wenatchee", "state": "WA", "area-code": "509"}, {"id": "1d36742e3f24f50e4e7ae82801f92477", "number": "", "date": "2021-01-23 14:17:00", "subject": "1", "recorded-or-robo": "N", "city": "East Wenatchee", "state": "WA", "area-code": "509"}, {"id": "3decc6bfadaa436a105714c6ba803134", "number": "2292137018", "date": "2021-01-23 19:39:22", "subject": "3", "recorded-or-robo": "Y", "city": "", "state": "GA", "area-code": "678"}, {"id": "03e293b3df9e35eadf15c56119169088", "number": "2292137018", "date": "2021-01-23 19:39:22", "subject": "3", "recorded-or-robo": "Y", "city": "", "state": "GA", "area-code": "678"}, {"id": "3decc6bfadaa436a105714c6ba6300b8", "number": "3187674031", "date": "2021-01-22 09:55:00", "subject": "3", "recorded-or-robo": "", "city": "", "state": "NC", "area-code": "252"}, {"id": "1d36742e3f24f50e4e7ae82801f914b7", "number": "3187674031", "date": "2021-01-22 09:55:00", "subject": "3", "recorded-or-robo": "", "city": "", "state": "NC", "area-code": "252"}, {"id": "3decc6bfadaa436a105714c6ba62ff5c", "number": "4107296108", "date": "2021-01-22 16:25:00", "subject": "0", "recorded-or-robo": "", "city": "", "state": "MD", "area-code": "410"}]}