{"data": [{"id": "03e293b3df9e35eadf15c5611928eaaf", "number": "8862983510", "date": "2021-01-22 05:50:00", "subject": "2", "recorded-or-robo": "Y", "city": "Philadelphia", "state": "PA", "area-code": "215"}, {"id": "3decc6bfadaa436a105714c6ba92b8a6", "number": "", "date": "2021-01-20 12:00:00", "subject": "1", "recorded-or-robo": "Y", "city": "Lakewood", "state": "CO", "area-code": "509"}, {"id": "03e293b3df9e35eadf15c5611928e9de", "number": "", "date": "2021-01-20 12:00:00", "subject": "1", "recorded-or-robo": "Y", "city": "Lakewood", "state": "CO", "area-code": "509"}, {"id": "3decc6bfadaa436a105714c6ba92b823", "number": "7176226124", "date": "2021-01-23 12:23:00", "subject": "2", "recorded-or-robo": "Y", "city": "", "state": "PA", "area-code": "717"}, {"id": "03e293b3df9e35eadf15c5611928db7a", "number": "7176226124", "date": "2021-01-23 12:23:00", "subject": "2", "recorded-or-robo": "Y", "city": "", "state": "PA", "area-code": "717"}, {"id": "3decc6bfadaa436a105714c6ba92b3a0", "number": "5162205423", "date": "2021-01-11 14:03:00", "subject": "2", "recorded-or-robo": "Y", "city": "", "state": "PA", "area-code": "717"}, {"id": "03e293b3df9e35eadf15c5611928d752", "number": "5162205423", "date": "2021-01-11 14:03:00", "subject": "2", "recorded-or-robo": "Y", "city": "", "state": "PA", "area-code": "717"}, {"id": "3decc6bfadaa436a105714c6ba92b2f3", "number": "7173408574", "date": "2021-01-05 14:31:00", "subject": "2", "recorded-or-robo": "Y", "city": "", "state": "PA", "area-code": "717"}, {"id": "03e293b3df9e35eadf15c5611928d735", "number": "7173408574", "date": "2021-01-05 14:31:00", "subject": "2", "recorded-or-robo": "Y", "city": "", "state": "PA", "area-code": "717"}, {"id": "3decc6bfadaa436a105714c6ba92b0d5", "number": "", "date": "2021-01-24 10:47:00", "subject": "3", "recorded-or-robo": "Y", "city": "New York", "state": "NY", "area-code": "646"}, {"id": "03e293b3df9e35eadf15c5611928cb5f", "number": "", "date": "2021-01-24 10:47:00", "subject": "3", "recorded-or-robo": "Y", "city": "New York", "state": "NY", "area-code": "646"}, {"id": "3decc6bfadaa436a105714c6ba92a5b3", "number": "8605063562", "date": "2021-01-24 09:45:00", "subject": "2", "recorded-or-robo": "Y", "city": "Luverne", "state": "MN", "area-code": "507"}, {"id": "03e293b3df9e35eadf15c5611928c8f3", "number": "8605063562", "date": "2021-01-24 09:45:00", "subject": "2", "recorded-or-robo": "Y", "city": "Luverne", "state": "MN", "area-code": "507"}, {"id": "3decc6bfadaa436a105714c6ba929dd7", "number": "8133559017", "date": "2021-01-24 10:35:00", "subject": "2", "recorded-or-robo": "Y", "city": "", "state": "FL", "area-code": "813"}, {"id": "03e293b3df9e35eadf15c5611928bc85", "number": "8133559017", "date": "2021-01-24 10:35:00", "subject": "2", "recorded-or-robo": "Y", "city": "", "state": "FL", "area-code": "813"}, {"id": "3decc6bfadaa436a105714c6ba929832", "number": "4198904127", "date": "2021-01-21 13:21:00", "subject": "3", "recorded-or-robo": "Y", "city": "", "state": "OH", "area-code": "440"}, {"id": "03e293b3df9e35eadf15c5611928af55", "number": "4198904127", "date": "2021-01-21 13:21:00", "subject": "3", "recorded-or-robo": "Y", "city": "", "state": "OH", "area-code": "440"}, {"id": "3decc6bfadaa436a105714c6ba929266", "number": "5099794430", "date": "2021-01-24 07:04:00", "subject": "11", "recorded-or-robo": "Y", "city": "SPOKANE", "state": "WA", "area-code": "509"}, {"id": "03e293b3df9e35eadf15c5611928aae5", "number": "5099794430", "date": "2021-01-24 07:04:00", "subject": "11", "recorded-or-robo": "Y", "city": "SPOKANE", "state": "WA", "area-code": "509"}, {"id": "3decc6bfadaa436a105714c6ba92923b", "number": "9147741328", "date": "2021-01-24 10:42:00", "subject": "2", "recorded-or-robo": "", "city": "", "state": "NY", "area-code": "914"}, {"id": "03e293b3df9e35eadf15c56119289f30", "number": "9147741328", "date": "2021-01-24 10:42:00", "subject": "2", "recorded-or-robo": "", "city": "", "state": "NY", "area-code": "914"}, {"id": "3decc6bfadaa436a105714c6ba92848b", "number": "7149555830", "date": "2021-01-21 17:18:00", "subject": "5", "recorded-or-robo": "Y", "city": "", "state": "CA", "area-code": "714"}, {"id": "03e293b3df9e35eadf15c56119289b7c", "number": "7149555830", "date": "2021-01-21 17:18:00", "subject": "5", "recorded-or-robo": "Y", "city": "", "state": "CA", "area-code": "714"}, {"id": "3decc6bfadaa436a105714c6ba927537", "number": "", "date": "2021-01-23 12:00:00", "subject": "1", "recorded-or-robo": "Y", "city": "SANTA MARGARITA", "state": "CA", "area-code": "805"}, {"id": "03e293b3df9e35eadf15c56119289a84", "number": "", "date": "2021-01-23 12:00:00", "subject": "1", "recorded-or-robo": "Y", "city": "SANTA MARGARITA", "state": "CA", "area-code": "805"}, {"id": "3decc6bfadaa436a105714c6ba9267b0", "number": "", "date": "2021-01-23 13:31:00", "subject": "11", "recorded-or-robo": "Y", "city": "", "state": "MO", "area-code": "636"}, {"id": "03e293b3df9e35eadf15c56119289958", "number": "", "date": "2021-01-23 13:31:00", "subject": "11", "recorded-or-robo": "Y", "city": "", "state": "MO", "area-code": "636"}, {"id": "3decc6bfadaa436a105714c6ba925f0e", "number": "7149861563", "date": "2021-01-22 17:52:00", "subject": "5", "recorded-or-robo": "Y", "city": "", "state": "CA", "area-code": "714"}, {"id": "03e293b3df9e35eadf15c56119288d9d", "number": "7149861563", "date": "2021-01-22 17:52:00", "subject": "5", "recorded-or-robo": "Y", "city": "", "state": "CA", "area-code": "714"}, {"id": "3decc6bfadaa436a105714c6ba925de2", "number": "4407912521", "date": "2021-01-20 17:04:00", "subject": "3", "recorded-or-robo": "Y", "city": "", "state": "OH", "area-code": "440"}, {"id": "03e293b3df9e35eadf15c561192882d4", "number": "4407912521", "date": "2021-01-20 17:04:00", "subject": "3", "recorded-or-robo": "Y", "city": "", "state": "OH", "area-code": "440"}, {"id": "3decc6bfadaa436a105714c6ba92577f", "number": "5027350932", "date": "2021-01-24 10:36:00", "subject": "2", "recorded-or-robo": "Y", "city": "Louisville", "state": "KY", "area-code": "502"}, {"id": "03e293b3df9e35eadf15c5611928829f", "number": "5027350932", "date": "2021-01-24 10:36:00", "subject": "2", "recorded-or-robo": "Y", "city": "Louisville", "state": "KY", "area-code": "502"}, {"id": "3decc6bfadaa436a105714c6ba924950", "number": "", "date": "2021-01-24 12:00:00", "subject": "2", "recorded-or-robo": "Y", "city": "Cheyenne", "state": "WY", "area-code": "202"}, {"id": "03e293b3df9e35eadf15c56119287875", "number": "", "date": "2021-01-24 12:00:00", "subject": "2", "recorded-or-robo": "Y", "city": "Cheyenne", "state": "WY", "area-code": "202"}, {"id": "3decc6bfadaa436a105714c6ba924318", "number": "", "date": "2021-01-24 09:30:00", "subject": "3", "recorded-or-robo": "Y", "city": "", "state": "MO", "area-code": "314"}, {"id": "03e293b3df9e35eadf15c5611928703e", "number": "", "date": "2021-01-24 09:30:00", "subject": "3", "recorded-or-robo": "Y", "city": "", "state": "MO", "area-code": "314"}, {"id": "3decc6bfadaa436a105714c6ba923527", "number": "7194510025", "date": "2021-01-23 16:45:00", "subject": "0", "recorded-or-robo": "Y", "city": "Milford", "state": "CT", "area-code": "203"}, {"id": "03e293b3df9e35eadf15c56119286f70", "number": "7194510025", "date": "2021-01-23 16:45:00", "subject": "0", "recorded-or-robo": "Y", "city": "Milford", "state": "CT", "area-code": "203"}, {"id": "3decc6bfadaa436a105714c6ba9227d3", "number": "4348185840", "date": "2021-01-21 09:58:00", "subject": "2", "recorded-or-robo": "Y", "city": "Chesapeake", "state": "VA", "area-code": "757"}, {"id": "03e293b3df9e35eadf15c56119286d3d", "number": "4348185840", "date": "2021-01-21 09:58:00", "subject": "2", "recorded-or-robo": "Y", "city": "Chesapeake", "state": "VA", "area-code": "757"}, {"id": "3decc6bfadaa436a105714c6ba921f4c", "number": "", "date": "2021-01-23 09:30:00", "subject": "2", "recorded-or-robo": "Y", "city": "St Louis", "state": "MO", "area-code": "314"}, {"id": "03e293b3df9e35eadf15c5611928658e", "number": "", "date": "2021-01-23 09:30:00", "subject": "2", "recorded-or-robo": "Y", "city": "St Louis", "state": "MO", "area-code": "314"}, {"id": "3decc6bfadaa436a105714c6ba921272", "number": "7124811326", "date": "2021-01-22 00:00:00", "subject": "4", "recorded-or-robo": "Y", "city": "", "state": "IA", "area-code": "712"}, {"id": "03e293b3df9e35eadf15c56119285fee", "number": "7124811326", "date": "2021-01-22 00:00:00", "subject": "4", "recorded-or-robo": "Y", "city": "", "state": "IA", "area-code": "712"}, {"id": "3decc6bfadaa436a105714c6ba921182", "number": "5099456556", "date": "2021-01-23 17:18:00", "subject": "1", "recorded-or-robo": "Y", "city": "", "state": "WA", "area-code": "509"}, {"id": "03e293b3df9e35eadf15c56119285501", "number": "5099456556", "date": "2021-01-23 17:18:00", "subject": "1", "recorded-or-robo": "Y", "city": "", "state": "WA", "area-code": "509"}, {"id": "3decc6bfadaa436a105714c6ba920787", "number": "3048290558", "date": "2021-01-22 12:42:00", "subject": "3", "recorded-or-robo": "Y", "city": "", "state": "WV", "area-code": "304"}, {"id": "03e293b3df9e35eadf15c561192850bb", "number": "3048290558", "date": "2021-01-22 12:42:00", "subject": "3", "recorded-or-robo": "Y", "city": "", "state": "WV", "area-code": "304"}, {"id": "3decc6bfadaa436a105714c6ba91fd50", "number": "3152328257", "date": "2021-01-23 11:45:00", "subject": "1", "recorded-or-robo": "Y", "city": "Wentzville", "state": "MO", "area-code": "314"}]}