{"data": [{"id": "1d36742e3f24f50e4e7ae82801cdd95c", "number": "2677562053", "date": "2021-01-23 12:22:00", "subject": "2", "recorded-or-robo": "Y", "city": "BEAVERTON", "state": "OR", "area-code": "503"}, {"id": "3decc6bfadaa436a105714c6ba375449", "number": "7609443669", "date": "2021-01-23 12:11:00", "subject": "1", "recorded-or-robo": "Y", "city": "Carlsbad", "state": "CA", "area-code": "760"}, {"id": "1d36742e3f24f50e4e7ae82801cdd32c", "number": "7609443669", "date": "2021-01-23 12:11:00", "subject": "1", "recorded-or-robo": "Y", "city": "Carlsbad", "state": "CA", "area-code": "760"}, {"id": "3decc6bfadaa436a105714c6ba375310", "number": "4092259521", "date": "2021-01-23 15:28:00", "subject": "1", "recorded-or-robo": "Y", "city": "", "state": "TX", "area-code": "409"}, {"id": "1d36742e3f24f50e4e7ae82801cdc825", "number": "4092259521", "date": "2021-01-23 15:28:00", "subject": "1", "recorded-or-robo": "Y", "city": "", "state": "TX", "area-code": "409"}, {"id": "3decc6bfadaa436a105714c6ba375183", "number": "5092844269", "date": "2021-01-21 08:16:00", "subject": "0", "recorded-or-robo": "Y", "city": "BELLEVUE", "state": "WA", "area-code": "425"}, {"id": "1d36742e3f24f50e4e7ae82801cdc428", "number": "5092844269", "date": "2021-01-21 08:16:00", "subject": "0", "recorded-or-robo": "Y", "city": "BELLEVUE", "state": "WA", "area-code": "425"}, {"id": "3decc6bfadaa436a105714c6ba790c06", "number": "+12482653080", "date": "2021-01-23 16:33:09", "subject": "3", "recorded-or-robo": "Y", "city": "", "state": "MI", "area-code": "313"}, {"id": "03e293b3df9e35eadf15c561190f7e4d", "number": "+12482653080", "date": "2021-01-23 16:33:09", "subject": "3", "recorded-or-robo": "Y", "city": "", "state": "MI", "area-code": "313"}, {"id": "3decc6bfadaa436a105714c6ba3712b7", "number": "9723019118", "date": "2021-01-21 12:48:00", "subject": "3", "recorded-or-robo": "N", "city": "", "state": "TX", "area-code": "972"}, {"id": "1d36742e3f24f50e4e7ae82801cd876a", "number": "9723019118", "date": "2021-01-21 12:48:00", "subject": "3", "recorded-or-robo": "N", "city": "", "state": "TX", "area-code": "972"}, {"id": "3decc6bfadaa436a105714c6ba3741f5", "number": "8557912471", "date": "2021-01-23 09:56:00", "subject": "2", "recorded-or-robo": "Y", "city": "Redondo Beach", "state": "CA", "area-code": "310"}, {"id": "1d36742e3f24f50e4e7ae82801cdb721", "number": "8557912471", "date": "2021-01-23 09:56:00", "subject": "2", "recorded-or-robo": "Y", "city": "Redondo Beach", "state": "CA", "area-code": "310"}, {"id": "3decc6bfadaa436a105714c6ba373a29", "number": "9547039728", "date": "2021-01-23 14:26:00", "subject": "11", "recorded-or-robo": "Y", "city": "Provo", "state": "UT", "area-code": "801"}, {"id": "1d36742e3f24f50e4e7ae82801cda8b9", "number": "9547039728", "date": "2021-01-23 14:26:00", "subject": "11", "recorded-or-robo": "Y", "city": "Provo", "state": "UT", "area-code": "801"}, {"id": "3decc6bfadaa436a105714c6ba78fd11", "number": "+12482653080", "date": "2021-01-23 16:32:44", "subject": "3", "recorded-or-robo": "Y", "city": "", "state": "MI", "area-code": "313"}, {"id": "03e293b3df9e35eadf15c561190f6d86", "number": "+12482653080", "date": "2021-01-23 16:32:44", "subject": "3", "recorded-or-robo": "Y", "city": "", "state": "MI", "area-code": "313"}, {"id": "3decc6bfadaa436a105714c6ba78c83c", "number": "6012862983", "date": "2021-01-23 16:32:26", "subject": "3", "recorded-or-robo": "Y", "city": "", "state": "LA", "area-code": "504"}, {"id": "3decc6bfadaa436a105714c6ba3738c4", "number": "4052885453", "date": "2021-01-21 19:37:00", "subject": "0", "recorded-or-robo": "N", "city": "", "state": "OK", "area-code": "405"}, {"id": "1d36742e3f24f50e4e7ae82801cda248", "number": "4052885453", "date": "2021-01-21 19:37:00", "subject": "0", "recorded-or-robo": "N", "city": "", "state": "OK", "area-code": "405"}, {"id": "03e293b3df9e35eadf15c561190f12cf", "number": "6012862983", "date": "2021-01-23 16:32:26", "subject": "3", "recorded-or-robo": "Y", "city": "", "state": "LA", "area-code": "504"}, {"id": "3decc6bfadaa436a105714c6ba373145", "number": "4255323121", "date": "2021-01-21 09:10:00", "subject": "0", "recorded-or-robo": "Y", "city": "BELLEVUE", "state": "WA", "area-code": "425"}, {"id": "1d36742e3f24f50e4e7ae82801cd93e2", "number": "4255323121", "date": "2021-01-21 09:10:00", "subject": "0", "recorded-or-robo": "Y", "city": "BELLEVUE", "state": "WA", "area-code": "425"}, {"id": "3decc6bfadaa436a105714c6ba37227c", "number": "7814581595", "date": "2021-01-21 10:24:00", "subject": "15", "recorded-or-robo": "Y", "city": "randolph", "state": "MA", "area-code": "781"}, {"id": "1d36742e3f24f50e4e7ae82801cd8d5d", "number": "7814581595", "date": "2021-01-21 10:24:00", "subject": "15", "recorded-or-robo": "Y", "city": "randolph", "state": "MA", "area-code": "781"}, {"id": "3decc6bfadaa436a105714c6ba3720e9", "number": "3152746508", "date": "2021-01-22 16:09:00", "subject": "3", "recorded-or-robo": "", "city": "dewitt", "state": "NY", "area-code": "315"}, {"id": "1d36742e3f24f50e4e7ae82801cd8c61", "number": "3152746508", "date": "2021-01-22 16:09:00", "subject": "3", "recorded-or-robo": "", "city": "dewitt", "state": "NY", "area-code": "315"}, {"id": "3decc6bfadaa436a105714c6ba370a20", "number": "8559791098", "date": "2021-01-22 17:58:00", "subject": "0", "recorded-or-robo": "Y", "city": "", "state": "AZ", "area-code": "520"}, {"id": "1d36742e3f24f50e4e7ae82801cd82ce", "number": "8559791098", "date": "2021-01-22 17:58:00", "subject": "0", "recorded-or-robo": "Y", "city": "", "state": "AZ", "area-code": "520"}, {"id": "3decc6bfadaa436a105714c6ba370407", "number": "", "date": "2021-01-23 12:00:00", "subject": "11", "recorded-or-robo": "Y", "city": "Beaumont", "state": "TX", "area-code": "409"}, {"id": "1d36742e3f24f50e4e7ae82801cd7c67", "number": "", "date": "2021-01-23 12:00:00", "subject": "11", "recorded-or-robo": "Y", "city": "Beaumont", "state": "TX", "area-code": "409"}, {"id": "3decc6bfadaa436a105714c6ba78c3a6", "number": "+13035753072", "date": "2021-01-23 16:31:36", "subject": "3", "recorded-or-robo": "Y", "city": "", "state": "CO", "area-code": "303"}, {"id": "3decc6bfadaa436a105714c6ba36fc61", "number": "4422541566", "date": "2021-01-21 14:48:00", "subject": "0", "recorded-or-robo": "N", "city": "", "state": "OK", "area-code": "405"}, {"id": "1d36742e3f24f50e4e7ae82801cd6fdb", "number": "4422541566", "date": "2021-01-21 14:48:00", "subject": "0", "recorded-or-robo": "N", "city": "", "state": "OK", "area-code": "405"}, {"id": "03e293b3df9e35eadf15c561190f0d08", "number": "+13035753072", "date": "2021-01-23 16:31:36", "subject": "3", "recorded-or-robo": "Y", "city": "", "state": "CO", "area-code": "303"}, {"id": "3decc6bfadaa436a105714c6ba78f4c5", "number": "7738638595", "date": "2021-01-23 16:31:34", "subject": "3", "recorded-or-robo": "N", "city": "", "state": "IL", "area-code": "773"}, {"id": "03e293b3df9e35eadf15c561190f5fb5", "number": "7738638595", "date": "2021-01-23 16:31:34", "subject": "3", "recorded-or-robo": "N", "city": "", "state": "IL", "area-code": "773"}, {"id": "3decc6bfadaa436a105714c6ba36eecf", "number": "4256141053", "date": "2021-01-20 09:18:00", "subject": "0", "recorded-or-robo": "Y", "city": "BELLEVUE", "state": "WA", "area-code": "425"}, {"id": "1d36742e3f24f50e4e7ae82801cd6edf", "number": "4256141053", "date": "2021-01-20 09:18:00", "subject": "0", "recorded-or-robo": "Y", "city": "BELLEVUE", "state": "WA", "area-code": "425"}, {"id": "3decc6bfadaa436a105714c6ba36ed6f", "number": "4405199049", "date": "2021-01-23 16:25:00", "subject": "7", "recorded-or-robo": "Y", "city": "Parma", "state": "OH", "area-code": "440"}, {"id": "1d36742e3f24f50e4e7ae82801cd64df", "number": "4405199049", "date": "2021-01-23 16:25:00", "subject": "7", "recorded-or-robo": "Y", "city": "Parma", "state": "OH", "area-code": "440"}, {"id": "3decc6bfadaa436a105714c6ba36def4", "number": "3154464366", "date": "2021-01-22 15:10:00", "subject": "3", "recorded-or-robo": "", "city": "dewitt", "state": "NY", "area-code": "315"}, {"id": "1d36742e3f24f50e4e7ae82801cd5c7a", "number": "3154464366", "date": "2021-01-22 15:10:00", "subject": "3", "recorded-or-robo": "", "city": "dewitt", "state": "NY", "area-code": "315"}, {"id": "3decc6bfadaa436a105714c6ba78d7f7", "number": "2402528611", "date": "2021-01-23 16:31:05", "subject": "3", "recorded-or-robo": "N", "city": "", "state": "MD", "area-code": "240"}, {"id": "3decc6bfadaa436a105714c6ba36d370", "number": "8123496096", "date": "2021-01-23 16:26:00", "subject": "2", "recorded-or-robo": "Y", "city": "Flushing", "state": "NY", "area-code": "516"}, {"id": "3decc6bfadaa436a105714c6ba36c9c6", "number": "9514774113", "date": "2021-01-23 10:40:00", "subject": "2", "recorded-or-robo": "Y", "city": "Redondo Beach", "state": "CA", "area-code": "310"}, {"id": "1d36742e3f24f50e4e7ae82801cd5bef", "number": "8123496096", "date": "2021-01-23 16:26:00", "subject": "2", "recorded-or-robo": "Y", "city": "Flushing", "state": "NY", "area-code": "516"}, {"id": "1d36742e3f24f50e4e7ae82801cd4e9e", "number": "9514774113", "date": "2021-01-23 10:40:00", "subject": "2", "recorded-or-robo": "Y", "city": "Redondo Beach", "state": "CA", "area-code": "310"}, {"id": "03e293b3df9e35eadf15c561190f2d66", "number": "2402528611", "date": "2021-01-23 16:31:05", "subject": "3", "recorded-or-robo": "N", "city": "", "state": "MD", "area-code": "240"}, {"id": "3decc6bfadaa436a105714c6ba36c34d", "number": "5207792681", "date": "2021-01-22 12:29:00", "subject": "0", "recorded-or-robo": "N", "city": "", "state": "AZ", "area-code": "520"}]}