{"data": [{"id": "1d36742e3f24f50e4e7ae82801da9900", "number": "8172920088", "date": "2021-01-18 04:34:00", "subject": "2", "recorded-or-robo": "N", "city": "Austin", "state": "TX", "area-code": "817"}, {"id": "3decc6bfadaa436a105714c6ba4523b7", "number": "7078330368", "date": "2021-01-22 08:00:00", "subject": "2", "recorded-or-robo": "Y", "city": "", "state": "CA", "area-code": "707"}, {"id": "1d36742e3f24f50e4e7ae82801da95b6", "number": "7078330368", "date": "2021-01-22 08:00:00", "subject": "2", "recorded-or-robo": "Y", "city": "", "state": "CA", "area-code": "707"}, {"id": "3decc6bfadaa436a105714c6ba4518fb", "number": "2046801206", "date": "2021-01-23 17:47:00", "subject": "2", "recorded-or-robo": "N", "city": "Independence", "state": "OH", "area-code": "440"}, {"id": "1d36742e3f24f50e4e7ae82801da90f9", "number": "2046801206", "date": "2021-01-23 17:47:00", "subject": "2", "recorded-or-robo": "N", "city": "Independence", "state": "OH", "area-code": "440"}, {"id": "3decc6bfadaa436a105714c6ba450a6c", "number": "6313641231", "date": "2021-01-19 09:47:00", "subject": "2", "recorded-or-robo": "Y", "city": "East Moriches", "state": "NY", "area-code": "631"}, {"id": "1d36742e3f24f50e4e7ae82801da8236", "number": "6313641231", "date": "2021-01-19 09:47:00", "subject": "2", "recorded-or-robo": "Y", "city": "East Moriches", "state": "NY", "area-code": "631"}, {"id": "3decc6bfadaa436a105714c6ba44ce08", "number": "6099486845", "date": "2021-01-23 14:31:00", "subject": "3", "recorded-or-robo": "N", "city": "", "state": "NJ", "area-code": "609"}, {"id": "1d36742e3f24f50e4e7ae82801da529e", "number": "6099486845", "date": "2021-01-23 14:31:00", "subject": "3", "recorded-or-robo": "N", "city": "", "state": "NJ", "area-code": "609"}, {"id": "3decc6bfadaa436a105714c6ba44f869", "number": "5593153589", "date": "2021-01-23 14:19:00", "subject": "0", "recorded-or-robo": "", "city": "Oceanside", "state": "CA", "area-code": "818"}, {"id": "1d36742e3f24f50e4e7ae82801da778c", "number": "5593153589", "date": "2021-01-23 14:19:00", "subject": "0", "recorded-or-robo": "", "city": "Oceanside", "state": "CA", "area-code": "818"}, {"id": "3decc6bfadaa436a105714c6ba44f761", "number": "5403482677", "date": "2021-01-20 12:39:00", "subject": "1", "recorded-or-robo": "Y", "city": "", "state": "CA", "area-code": "310"}, {"id": "1d36742e3f24f50e4e7ae82801da6fe4", "number": "5403482677", "date": "2021-01-20 12:39:00", "subject": "1", "recorded-or-robo": "Y", "city": "", "state": "CA", "area-code": "310"}, {"id": "3decc6bfadaa436a105714c6ba44f380", "number": "5185873575", "date": "2021-01-23 16:45:00", "subject": "1", "recorded-or-robo": "Y", "city": "", "state": "AR", "area-code": "870"}, {"id": "1d36742e3f24f50e4e7ae82801da6c6e", "number": "5185873575", "date": "2021-01-23 16:45:00", "subject": "1", "recorded-or-robo": "Y", "city": "", "state": "AR", "area-code": "870"}, {"id": "3decc6bfadaa436a105714c6ba44ea35", "number": "", "date": "2021-01-23 16:06:00", "subject": "1", "recorded-or-robo": "Y", "city": "", "state": "MT", "area-code": "406"}, {"id": "1d36742e3f24f50e4e7ae82801da685d", "number": "", "date": "2021-01-23 16:06:00", "subject": "1", "recorded-or-robo": "Y", "city": "", "state": "MT", "area-code": "406"}, {"id": "3decc6bfadaa436a105714c6ba44e0a8", "number": "3145038434", "date": "2021-01-23 15:19:00", "subject": "1", "recorded-or-robo": "Y", "city": "St Louis", "state": "MO", "area-code": "314"}, {"id": "1d36742e3f24f50e4e7ae82801da5a7b", "number": "3145038434", "date": "2021-01-23 15:19:00", "subject": "1", "recorded-or-robo": "Y", "city": "St Louis", "state": "MO", "area-code": "314"}, {"id": "3decc6bfadaa436a105714c6ba7c1802", "number": "+18045570115", "date": "2021-01-23 17:52:06", "subject": "3", "recorded-or-robo": "Y", "city": "", "state": "IL", "area-code": "312"}, {"id": "03e293b3df9e35eadf15c56119129656", "number": "+18045570115", "date": "2021-01-23 17:52:06", "subject": "3", "recorded-or-robo": "Y", "city": "", "state": "IL", "area-code": "312"}, {"id": "3decc6bfadaa436a105714c6ba7be766", "number": "8169840177", "date": "2021-01-23 17:51:58", "subject": "3", "recorded-or-robo": "Y", "city": "", "state": "MO", "area-code": "816"}, {"id": "03e293b3df9e35eadf15c5611912682c", "number": "8169840177", "date": "2021-01-23 17:51:58", "subject": "3", "recorded-or-robo": "Y", "city": "", "state": "MO", "area-code": "816"}, {"id": "3decc6bfadaa436a105714c6ba44d6bd", "number": "6027667354", "date": "2021-01-19 11:56:00", "subject": "7", "recorded-or-robo": "Y", "city": "SURPRISE", "state": "AZ", "area-code": "602"}, {"id": "1d36742e3f24f50e4e7ae82801da55b5", "number": "6027667354", "date": "2021-01-19 11:56:00", "subject": "7", "recorded-or-robo": "Y", "city": "SURPRISE", "state": "AZ", "area-code": "602"}, {"id": "3decc6bfadaa436a105714c6ba44c40f", "number": "6093371663", "date": "2021-01-23 05:50:00", "subject": "7", "recorded-or-robo": "Y", "city": "WEST DEPTFORD", "state": "NJ", "area-code": "609"}, {"id": "1d36742e3f24f50e4e7ae82801da4e13", "number": "6093371663", "date": "2021-01-23 05:50:00", "subject": "7", "recorded-or-robo": "Y", "city": "WEST DEPTFORD", "state": "NJ", "area-code": "609"}, {"id": "3decc6bfadaa436a105714c6ba44c33f", "number": "8009351798", "date": "2021-01-22 13:26:00", "subject": "2", "recorded-or-robo": "Y", "city": "Rochester Hills", "state": "MI", "area-code": "248"}, {"id": "1d36742e3f24f50e4e7ae82801da4897", "number": "8009351798", "date": "2021-01-22 13:26:00", "subject": "2", "recorded-or-robo": "Y", "city": "Rochester Hills", "state": "MI", "area-code": "248"}, {"id": "3decc6bfadaa436a105714c6ba44bd57", "number": "8556785650", "date": "2021-01-23 14:26:00", "subject": "11", "recorded-or-robo": "Y", "city": "Spokane", "state": "WA", "area-code": "509"}, {"id": "3decc6bfadaa436a105714c6ba44b299", "number": "5183444408", "date": "2021-01-14 11:00:00", "subject": "2", "recorded-or-robo": "Y", "city": "East Moriches", "state": "NY", "area-code": "631"}, {"id": "1d36742e3f24f50e4e7ae82801da4509", "number": "8556785650", "date": "2021-01-23 14:26:00", "subject": "11", "recorded-or-robo": "Y", "city": "Spokane", "state": "WA", "area-code": "509"}, {"id": "1d36742e3f24f50e4e7ae82801da3879", "number": "5183444408", "date": "2021-01-14 11:00:00", "subject": "2", "recorded-or-robo": "Y", "city": "East Moriches", "state": "NY", "area-code": "631"}, {"id": "3decc6bfadaa436a105714c6ba44a38c", "number": "", "date": "2021-01-22 15:07:00", "subject": "7", "recorded-or-robo": "Y", "city": "Middleburg Hts.", "state": "OH", "area-code": "216"}, {"id": "1d36742e3f24f50e4e7ae82801da290e", "number": "", "date": "2021-01-22 15:07:00", "subject": "7", "recorded-or-robo": "Y", "city": "Middleburg Hts.", "state": "OH", "area-code": "216"}, {"id": "3decc6bfadaa436a105714c6ba44748f", "number": "3152842657", "date": "2021-01-23 13:26:00", "subject": "3", "recorded-or-robo": "N", "city": "", "state": "OH", "area-code": "740"}, {"id": "1d36742e3f24f50e4e7ae82801d9f90b", "number": "3152842657", "date": "2021-01-23 13:26:00", "subject": "3", "recorded-or-robo": "N", "city": "", "state": "OH", "area-code": "740"}, {"id": "3decc6bfadaa436a105714c6ba44996e", "number": "3304603873", "date": "2021-01-23 17:01:00", "subject": "0", "recorded-or-robo": "N", "city": "Barberton", "state": "OH", "area-code": "330"}, {"id": "1d36742e3f24f50e4e7ae82801da24ee", "number": "3304603873", "date": "2021-01-23 17:01:00", "subject": "0", "recorded-or-robo": "N", "city": "Barberton", "state": "OH", "area-code": "330"}, {"id": "3decc6bfadaa436a105714c6ba449219", "number": "7735898588", "date": "2021-01-20 13:02:00", "subject": "1", "recorded-or-robo": "Y", "city": "", "state": "CA", "area-code": "310"}, {"id": "1d36742e3f24f50e4e7ae82801da17ed", "number": "7735898588", "date": "2021-01-20 13:02:00", "subject": "1", "recorded-or-robo": "Y", "city": "", "state": "CA", "area-code": "310"}, {"id": "3decc6bfadaa436a105714c6ba448b69", "number": "9723793617", "date": "2021-01-23 04:30:00", "subject": "6", "recorded-or-robo": "Y", "city": "Carrollton,TX", "state": "TX", "area-code": "972"}, {"id": "1d36742e3f24f50e4e7ae82801da0fba", "number": "9723793617", "date": "2021-01-23 04:30:00", "subject": "6", "recorded-or-robo": "Y", "city": "Carrollton,TX", "state": "TX", "area-code": "972"}, {"id": "3decc6bfadaa436a105714c6ba447d57", "number": "1", "date": "2021-01-23 11:06:00", "subject": "1", "recorded-or-robo": "Y", "city": "Saint Ann", "state": "MO", "area-code": "314"}, {"id": "1d36742e3f24f50e4e7ae82801da07f2", "number": "1", "date": "2021-01-23 11:06:00", "subject": "1", "recorded-or-robo": "Y", "city": "Saint Ann", "state": "MO", "area-code": "314"}, {"id": "3decc6bfadaa436a105714c6ba446ce3", "number": "", "date": "2021-01-23 00:00:00", "subject": "12", "recorded-or-robo": "Y", "city": "", "state": "CA", "area-code": "714"}, {"id": "1d36742e3f24f50e4e7ae82801d9ec3d", "number": "", "date": "2021-01-23 00:00:00", "subject": "12", "recorded-or-robo": "Y", "city": "", "state": "CA", "area-code": "714"}, {"id": "3decc6bfadaa436a105714c6ba446aa6", "number": "8509127395", "date": "2021-01-21 09:12:00", "subject": "1", "recorded-or-robo": "Y", "city": "", "state": "CA", "area-code": "310"}, {"id": "1d36742e3f24f50e4e7ae82801d9ea04", "number": "8509127395", "date": "2021-01-21 09:12:00", "subject": "1", "recorded-or-robo": "Y", "city": "", "state": "CA", "area-code": "310"}, {"id": "3decc6bfadaa436a105714c6ba445e97", "number": "8801701162993", "date": "2021-01-23 13:31:00", "subject": "2", "recorded-or-robo": "Y", "city": "Broomfield", "state": "CO", "area-code": "412"}]}