{"data": [{"id": "1d36742e3f24f50e4e7ae82801fa6ad7", "number": "3185457239", "date": "2021-01-22 14:00:00", "subject": "0", "recorded-or-robo": "Y", "city": "", "state": "MD", "area-code": "410"}, {"id": "3decc6bfadaa436a105714c6ba644b13", "number": "5415501011", "date": "2021-01-23 15:23:00", "subject": "3", "recorded-or-robo": "Y", "city": "Newport", "state": "OR", "area-code": "541"}, {"id": "1d36742e3f24f50e4e7ae82801fa68aa", "number": "5415501011", "date": "2021-01-23 15:23:00", "subject": "3", "recorded-or-robo": "Y", "city": "Newport", "state": "OR", "area-code": "541"}, {"id": "3decc6bfadaa436a105714c6ba644487", "number": "", "date": "2021-01-22 14:46:00", "subject": "12", "recorded-or-robo": "Y", "city": "Oceanside", "state": "CA", "area-code": "760"}, {"id": "1d36742e3f24f50e4e7ae82801fa6316", "number": "", "date": "2021-01-22 14:46:00", "subject": "12", "recorded-or-robo": "Y", "city": "Oceanside", "state": "CA", "area-code": "760"}, {"id": "3decc6bfadaa436a105714c6ba643df9", "number": "53102244254", "date": "2021-01-18 01:39:00", "subject": "2", "recorded-or-robo": "Y", "city": "", "state": "AL", "area-code": "256"}, {"id": "1d36742e3f24f50e4e7ae82801fa5713", "number": "53102244254", "date": "2021-01-18 01:39:00", "subject": "2", "recorded-or-robo": "Y", "city": "", "state": "AL", "area-code": "256"}, {"id": "3decc6bfadaa436a105714c6ba63f498", "number": "5635523488", "date": "2021-01-21 13:23:00", "subject": "3", "recorded-or-robo": "", "city": "", "state": "IA", "area-code": "563"}, {"id": "1d36742e3f24f50e4e7ae82801fa1c61", "number": "5635523488", "date": "2021-01-21 13:23:00", "subject": "3", "recorded-or-robo": "", "city": "", "state": "IA", "area-code": "563"}, {"id": "3decc6bfadaa436a105714c6ba642e9e", "number": "8322061813", "date": "2021-01-13 00:00:00", "subject": "1", "recorded-or-robo": "Y", "city": "Houston", "state": "TX", "area-code": "832"}, {"id": "1d36742e3f24f50e4e7ae82801fa5173", "number": "8322061813", "date": "2021-01-13 00:00:00", "subject": "1", "recorded-or-robo": "Y", "city": "Houston", "state": "TX", "area-code": "832"}, {"id": "3decc6bfadaa436a105714c6ba6429de", "number": "3036745170", "date": "2021-01-18 09:30:00", "subject": "0", "recorded-or-robo": "N", "city": "Evergreen", "state": "CO", "area-code": "303"}, {"id": "1d36742e3f24f50e4e7ae82801fa436d", "number": "3036745170", "date": "2021-01-18 09:30:00", "subject": "0", "recorded-or-robo": "N", "city": "Evergreen", "state": "CO", "area-code": "303"}, {"id": "3decc6bfadaa436a105714c6ba642107", "number": "4434896193", "date": "2021-01-22 13:00:00", "subject": "0", "recorded-or-robo": "Y", "city": "", "state": "MD", "area-code": "410"}, {"id": "1d36742e3f24f50e4e7ae82801fa42fa", "number": "4434896193", "date": "2021-01-22 13:00:00", "subject": "0", "recorded-or-robo": "Y", "city": "", "state": "MD", "area-code": "410"}, {"id": "3decc6bfadaa436a105714c6ba804969", "number": "8308480488", "date": "2021-01-23 19:44:24", "subject": "3", "recorded-or-robo": "Y", "city": "", "state": "TX", "area-code": "830"}, {"id": "03e293b3df9e35eadf15c5611916b4d3", "number": "8308480488", "date": "2021-01-23 19:44:24", "subject": "3", "recorded-or-robo": "Y", "city": "", "state": "TX", "area-code": "830"}, {"id": "3decc6bfadaa436a105714c6ba641f1d", "number": "7316814541", "date": "2021-01-22 12:46:00", "subject": "0", "recorded-or-robo": "Y", "city": "", "state": "MD", "area-code": "410"}, {"id": "3decc6bfadaa436a105714c6ba640fc3", "number": "8322061813", "date": "2021-01-21 00:00:00", "subject": "1", "recorded-or-robo": "Y", "city": "Houston", "state": "TX", "area-code": "832"}, {"id": "1d36742e3f24f50e4e7ae82801fa3828", "number": "7316814541", "date": "2021-01-22 12:46:00", "subject": "0", "recorded-or-robo": "Y", "city": "", "state": "MD", "area-code": "410"}, {"id": "1d36742e3f24f50e4e7ae82801fa2983", "number": "8322061813", "date": "2021-01-21 00:00:00", "subject": "1", "recorded-or-robo": "Y", "city": "Houston", "state": "TX", "area-code": "832"}, {"id": "3decc6bfadaa436a105714c6ba64025a", "number": "6085704041", "date": "2021-01-23 00:00:00", "subject": "2", "recorded-or-robo": "N", "city": "", "state": "WI", "area-code": "608"}, {"id": "1d36742e3f24f50e4e7ae82801fa2527", "number": "6085704041", "date": "2021-01-23 00:00:00", "subject": "2", "recorded-or-robo": "N", "city": "", "state": "WI", "area-code": "608"}, {"id": "3decc6bfadaa436a105714c6ba8044db", "number": "+14045734935", "date": "2021-01-23 19:43:53", "subject": "3", "recorded-or-robo": "Y", "city": "", "state": "FL", "area-code": "407"}, {"id": "03e293b3df9e35eadf15c5611916a8f5", "number": "+14045734935", "date": "2021-01-23 19:43:53", "subject": "3", "recorded-or-robo": "Y", "city": "", "state": "FL", "area-code": "407"}, {"id": "3decc6bfadaa436a105714c6ba80753c", "number": "3019636215", "date": "2021-01-23 19:43:50", "subject": "3", "recorded-or-robo": "Y", "city": "", "state": "MD", "area-code": "443"}, {"id": "03e293b3df9e35eadf15c5611916ebd9", "number": "3019636215", "date": "2021-01-23 19:43:50", "subject": "3", "recorded-or-robo": "Y", "city": "", "state": "MD", "area-code": "443"}, {"id": "3decc6bfadaa436a105714c6ba63f40e", "number": "8322061831", "date": "2021-01-11 00:00:00", "subject": "1", "recorded-or-robo": "Y", "city": "Houston", "state": "TX", "area-code": "832"}, {"id": "1d36742e3f24f50e4e7ae82801fa1486", "number": "8322061831", "date": "2021-01-11 00:00:00", "subject": "1", "recorded-or-robo": "Y", "city": "Houston", "state": "TX", "area-code": "832"}, {"id": "3decc6bfadaa436a105714c6ba63eb04", "number": "", "date": "2021-01-20 16:29:00", "subject": "12", "recorded-or-robo": "Y", "city": "Oceanside", "state": "CA", "area-code": "760"}, {"id": "1d36742e3f24f50e4e7ae82801fa1092", "number": "", "date": "2021-01-20 16:29:00", "subject": "12", "recorded-or-robo": "Y", "city": "Oceanside", "state": "CA", "area-code": "760"}, {"id": "3decc6bfadaa436a105714c6ba80521d", "number": "2722770065", "date": "2021-01-23 19:43:31", "subject": "3", "recorded-or-robo": "Y", "city": "", "state": "TX", "area-code": "830"}, {"id": "03e293b3df9e35eadf15c5611916c28d", "number": "2722770065", "date": "2021-01-23 19:43:31", "subject": "3", "recorded-or-robo": "Y", "city": "", "state": "TX", "area-code": "830"}, {"id": "3decc6bfadaa436a105714c6ba63db37", "number": "6017978156", "date": "2021-01-22 12:15:00", "subject": "0", "recorded-or-robo": "Y", "city": "", "state": "MD", "area-code": "410"}, {"id": "1d36742e3f24f50e4e7ae82801fa02aa", "number": "6017978156", "date": "2021-01-22 12:15:00", "subject": "0", "recorded-or-robo": "Y", "city": "", "state": "MD", "area-code": "410"}, {"id": "3decc6bfadaa436a105714c6ba806113", "number": "8307098211", "date": "2021-01-23 19:43:17", "subject": "3", "recorded-or-robo": "Y", "city": "", "state": "TX", "area-code": "830"}, {"id": "03e293b3df9e35eadf15c5611916d939", "number": "8307098211", "date": "2021-01-23 19:43:17", "subject": "3", "recorded-or-robo": "Y", "city": "", "state": "TX", "area-code": "830"}, {"id": "3decc6bfadaa436a105714c6ba63d5ca", "number": "9374284121", "date": "2021-01-01 00:00:00", "subject": "1", "recorded-or-robo": "Y", "city": "Houston", "state": "TX", "area-code": "832"}, {"id": "1d36742e3f24f50e4e7ae82801f9fb03", "number": "9374284121", "date": "2021-01-01 00:00:00", "subject": "1", "recorded-or-robo": "Y", "city": "Houston", "state": "TX", "area-code": "832"}, {"id": "3decc6bfadaa436a105714c6ba63cd26", "number": "8603227", "date": "2021-01-21 10:08:00", "subject": "2", "recorded-or-robo": "Y", "city": "", "state": "AL", "area-code": "256"}, {"id": "1d36742e3f24f50e4e7ae82801f9eb5c", "number": "8603227", "date": "2021-01-21 10:08:00", "subject": "2", "recorded-or-robo": "Y", "city": "", "state": "AL", "area-code": "256"}, {"id": "3decc6bfadaa436a105714c6ba63c48d", "number": "", "date": "2021-01-23 19:32:00", "subject": "1", "recorded-or-robo": "Y", "city": "Byron Center", "state": "MI", "area-code": "616"}, {"id": "1d36742e3f24f50e4e7ae82801f9e55e", "number": "", "date": "2021-01-23 19:32:00", "subject": "1", "recorded-or-robo": "Y", "city": "Byron Center", "state": "MI", "area-code": "616"}, {"id": "3decc6bfadaa436a105714c6ba63bbf8", "number": "7602820493", "date": "2021-01-22 12:00:00", "subject": "0", "recorded-or-robo": "Y", "city": "", "state": "MD", "area-code": "410"}, {"id": "1d36742e3f24f50e4e7ae82801f9d944", "number": "7602820493", "date": "2021-01-22 12:00:00", "subject": "0", "recorded-or-robo": "Y", "city": "", "state": "MD", "area-code": "410"}, {"id": "3decc6bfadaa436a105714c6ba8080a6", "number": "4145558154", "date": "2021-01-23 19:42:38", "subject": "3", "recorded-or-robo": "Y", "city": "", "state": "WI", "area-code": "414"}, {"id": "03e293b3df9e35eadf15c5611916f724", "number": "4145558154", "date": "2021-01-23 19:42:38", "subject": "3", "recorded-or-robo": "Y", "city": "", "state": "WI", "area-code": "414"}, {"id": "3decc6bfadaa436a105714c6ba8069ef", "number": "8302716376", "date": "2021-01-23 19:42:34", "subject": "3", "recorded-or-robo": "Y", "city": "", "state": "TX", "area-code": "830"}, {"id": "03e293b3df9e35eadf15c5611916e5f0", "number": "8302716376", "date": "2021-01-23 19:42:34", "subject": "3", "recorded-or-robo": "Y", "city": "", "state": "TX", "area-code": "830"}, {"id": "3decc6bfadaa436a105714c6ba63b3fb", "number": "2402130580", "date": "2021-01-23 14:06:00", "subject": "4", "recorded-or-robo": "Y", "city": "", "state": "MD", "area-code": "240"}]}