{"data": [{"id": "03e293b3df9e35eadf15c5611911ec09", "number": "9088834934", "date": "2021-01-23 17:32:53", "subject": "3", "recorded-or-robo": "Y", "city": "", "state": "CA", "area-code": "310"}, {"id": "3decc6bfadaa436a105714c6ba41058e", "number": "2029140217", "date": "2021-01-23 14:28:00", "subject": "0", "recorded-or-robo": "Y", "city": "ESCONDIDO", "state": "CA", "area-code": "760"}, {"id": "1d36742e3f24f50e4e7ae82801d6b3a8", "number": "2029140217", "date": "2021-01-23 14:28:00", "subject": "0", "recorded-or-robo": "Y", "city": "ESCONDIDO", "state": "CA", "area-code": "760"}, {"id": "3decc6bfadaa436a105714c6ba410238", "number": "7273803729", "date": "2021-01-22 11:26:00", "subject": "2", "recorded-or-robo": "N", "city": "", "state": "FL", "area-code": "727"}, {"id": "1d36742e3f24f50e4e7ae82801d6a5fb", "number": "7273803729", "date": "2021-01-22 11:26:00", "subject": "2", "recorded-or-robo": "N", "city": "", "state": "FL", "area-code": "727"}, {"id": "3decc6bfadaa436a105714c6ba40fb3d", "number": "9419096390", "date": "2021-01-23 15:53:00", "subject": "3", "recorded-or-robo": "Y", "city": "", "state": "FL", "area-code": "941"}, {"id": "1d36742e3f24f50e4e7ae82801d6a305", "number": "9419096390", "date": "2021-01-23 15:53:00", "subject": "3", "recorded-or-robo": "Y", "city": "", "state": "FL", "area-code": "941"}, {"id": "3decc6bfadaa436a105714c6ba40f7a5", "number": "7819612385", "date": "2021-01-22 11:28:00", "subject": "0", "recorded-or-robo": "Y", "city": "randolph", "state": "MA", "area-code": "781"}, {"id": "1d36742e3f24f50e4e7ae82801d69daf", "number": "7819612385", "date": "2021-01-22 11:28:00", "subject": "0", "recorded-or-robo": "Y", "city": "randolph", "state": "MA", "area-code": "781"}, {"id": "3decc6bfadaa436a105714c6ba7b48be", "number": "5165830912", "date": "2021-01-23 17:31:49", "subject": "3", "recorded-or-robo": "Y", "city": "", "state": "NY", "area-code": "516"}, {"id": "03e293b3df9e35eadf15c5611911d2d3", "number": "5165830912", "date": "2021-01-23 17:31:49", "subject": "3", "recorded-or-robo": "Y", "city": "", "state": "NY", "area-code": "516"}, {"id": "3decc6bfadaa436a105714c6ba7b9251", "number": "5165830912", "date": "2021-01-23 17:31:48", "subject": "3", "recorded-or-robo": "Y", "city": "", "state": "NY", "area-code": "516"}, {"id": "3decc6bfadaa436a105714c6ba40f492", "number": "1243840313513", "date": "2021-01-22 19:42:00", "subject": "2", "recorded-or-robo": "Y", "city": "Runnells", "state": "IA", "area-code": "641"}, {"id": "1d36742e3f24f50e4e7ae82801d699af", "number": "1243840313513", "date": "2021-01-22 19:42:00", "subject": "2", "recorded-or-robo": "Y", "city": "Runnells", "state": "IA", "area-code": "641"}, {"id": "03e293b3df9e35eadf15c5611912172c", "number": "5165830912", "date": "2021-01-23 17:31:48", "subject": "3", "recorded-or-robo": "Y", "city": "", "state": "NY", "area-code": "516"}, {"id": "3decc6bfadaa436a105714c6ba7b82f4", "number": "+17042668822", "date": "2021-01-23 17:31:42", "subject": "3", "recorded-or-robo": "Y", "city": "", "state": "NC", "area-code": "704"}, {"id": "03e293b3df9e35eadf15c56119120773", "number": "+17042668822", "date": "2021-01-23 17:31:42", "subject": "3", "recorded-or-robo": "Y", "city": "", "state": "NC", "area-code": "704"}, {"id": "3decc6bfadaa436a105714c6ba40eaea", "number": "7279621385", "date": "2021-01-22 12:41:00", "subject": "2", "recorded-or-robo": "N", "city": "", "state": "FL", "area-code": "727"}, {"id": "1d36742e3f24f50e4e7ae82801d6901e", "number": "7279621385", "date": "2021-01-22 12:41:00", "subject": "2", "recorded-or-robo": "N", "city": "", "state": "FL", "area-code": "727"}, {"id": "3decc6bfadaa436a105714c6ba40e424", "number": "5084207206", "date": "2021-01-23 17:28:00", "subject": "1", "recorded-or-robo": "N", "city": "cotuit", "state": "MA", "area-code": "508"}, {"id": "1d36742e3f24f50e4e7ae82801d68e71", "number": "5084207206", "date": "2021-01-23 17:28:00", "subject": "1", "recorded-or-robo": "N", "city": "cotuit", "state": "MA", "area-code": "508"}, {"id": "3decc6bfadaa436a105714c6ba40df85", "number": "2284302821", "date": "2021-01-23 15:19:00", "subject": "2", "recorded-or-robo": "N", "city": "Biloxi", "state": "MS", "area-code": "228"}, {"id": "1d36742e3f24f50e4e7ae82801d68701", "number": "2284302821", "date": "2021-01-23 15:19:00", "subject": "2", "recorded-or-robo": "N", "city": "Biloxi", "state": "MS", "area-code": "228"}, {"id": "3decc6bfadaa436a105714c6ba40d254", "number": "4017151639", "date": "2021-01-22 13:15:00", "subject": "2", "recorded-or-robo": "N", "city": "", "state": "FL", "area-code": "727"}, {"id": "1d36742e3f24f50e4e7ae82801d68220", "number": "4017151639", "date": "2021-01-22 13:15:00", "subject": "2", "recorded-or-robo": "N", "city": "", "state": "FL", "area-code": "727"}, {"id": "3decc6bfadaa436a105714c6ba40ad04", "number": "7744701800", "date": "2021-01-11 15:24:00", "subject": "3", "recorded-or-robo": "", "city": "", "state": "UT", "area-code": "801"}, {"id": "1d36742e3f24f50e4e7ae82801d65109", "number": "7744701800", "date": "2021-01-11 15:24:00", "subject": "3", "recorded-or-robo": "", "city": "", "state": "UT", "area-code": "801"}, {"id": "3decc6bfadaa436a105714c6ba40caa1", "number": "441825761292", "date": "2021-01-23 17:22:00", "subject": "0", "recorded-or-robo": "Y", "city": "", "state": "NY", "area-code": "212"}, {"id": "1d36742e3f24f50e4e7ae82801d67279", "number": "441825761292", "date": "2021-01-23 17:22:00", "subject": "0", "recorded-or-robo": "Y", "city": "", "state": "NY", "area-code": "212"}, {"id": "3decc6bfadaa436a105714c6ba7b9c2e", "number": "+15713667208", "date": "2021-01-23 17:30:46", "subject": "3", "recorded-or-robo": "Y", "city": "", "state": "VA", "area-code": "571"}, {"id": "03e293b3df9e35eadf15c56119121fca", "number": "+15713667208", "date": "2021-01-23 17:30:46", "subject": "3", "recorded-or-robo": "Y", "city": "", "state": "VA", "area-code": "571"}, {"id": "3decc6bfadaa436a105714c6ba40c669", "number": "4053090860", "date": "2021-01-23 09:00:00", "subject": "4", "recorded-or-robo": "Y", "city": "", "state": "CO", "area-code": "303"}, {"id": "1d36742e3f24f50e4e7ae82801d66370", "number": "4053090860", "date": "2021-01-23 09:00:00", "subject": "4", "recorded-or-robo": "Y", "city": "", "state": "CO", "area-code": "303"}, {"id": "3decc6bfadaa436a105714c6ba40bea1", "number": "5099813832", "date": "2021-01-23 14:23:00", "subject": "1", "recorded-or-robo": "Y", "city": "Spokane", "state": "WA", "area-code": "509"}, {"id": "1d36742e3f24f50e4e7ae82801d6594d", "number": "5099813832", "date": "2021-01-23 14:23:00", "subject": "1", "recorded-or-robo": "Y", "city": "Spokane", "state": "WA", "area-code": "509"}, {"id": "3decc6bfadaa436a105714c6ba7b3e62", "number": "8152838513", "date": "2021-01-23 17:30:21", "subject": "3", "recorded-or-robo": "Y", "city": "", "state": "IL", "area-code": "618"}, {"id": "03e293b3df9e35eadf15c5611911c6ae", "number": "8152838513", "date": "2021-01-23 17:30:21", "subject": "3", "recorded-or-robo": "Y", "city": "", "state": "IL", "area-code": "618"}, {"id": "3decc6bfadaa436a105714c6ba40b3e1", "number": "5099811776", "date": "2021-01-23 14:23:00", "subject": "1", "recorded-or-robo": "Y", "city": "", "state": "WA", "area-code": "509"}, {"id": "1d36742e3f24f50e4e7ae82801d656f2", "number": "5099811776", "date": "2021-01-23 14:23:00", "subject": "1", "recorded-or-robo": "Y", "city": "", "state": "WA", "area-code": "509"}, {"id": "3decc6bfadaa436a105714c6ba409d8c", "number": "6184680266", "date": "2021-01-09 12:50:00", "subject": "12", "recorded-or-robo": "N", "city": "ALTON", "state": "IL", "area-code": "618"}, {"id": "1d36742e3f24f50e4e7ae82801d64ce2", "number": "6184680266", "date": "2021-01-09 12:50:00", "subject": "12", "recorded-or-robo": "N", "city": "ALTON", "state": "IL", "area-code": "618"}, {"id": "3decc6bfadaa436a105714c6ba40940f", "number": "243840313530", "date": "2021-01-22 19:31:00", "subject": "2", "recorded-or-robo": "Y", "city": "Runnells", "state": "IA", "area-code": "641"}, {"id": "1d36742e3f24f50e4e7ae82801d64c4e", "number": "243840313530", "date": "2021-01-22 19:31:00", "subject": "2", "recorded-or-robo": "Y", "city": "Runnells", "state": "IA", "area-code": "641"}, {"id": "3decc6bfadaa436a105714c6ba7b27f1", "number": "4075379196", "date": "2021-01-23 17:29:37", "subject": "3", "recorded-or-robo": "Y", "city": "", "state": "FL", "area-code": "407"}, {"id": "03e293b3df9e35eadf15c5611911a354", "number": "4075379196", "date": "2021-01-23 17:29:37", "subject": "3", "recorded-or-robo": "Y", "city": "", "state": "FL", "area-code": "407"}, {"id": "3decc6bfadaa436a105714c6ba408fb3", "number": "8136878698", "date": "2021-01-22 15:16:00", "subject": "2", "recorded-or-robo": "N", "city": "", "state": "FL", "area-code": "727"}, {"id": "1d36742e3f24f50e4e7ae82801d63e04", "number": "8136878698", "date": "2021-01-22 15:16:00", "subject": "2", "recorded-or-robo": "N", "city": "", "state": "FL", "area-code": "727"}, {"id": "3decc6bfadaa436a105714c6ba4082a0", "number": "6306177278", "date": "2021-01-23 16:23:00", "subject": "1", "recorded-or-robo": "N", "city": "", "state": "IL", "area-code": "630"}, {"id": "1d36742e3f24f50e4e7ae82801d63ae8", "number": "6306177278", "date": "2021-01-23 16:23:00", "subject": "1", "recorded-or-robo": "N", "city": "", "state": "IL", "area-code": "630"}, {"id": "3decc6bfadaa436a105714c6ba4078d8", "number": "8883804936", "date": "2021-01-23 11:00:00", "subject": "11", "recorded-or-robo": "N", "city": "", "state": "OK", "area-code": "580"}]}