{"data": [{"id": "03e293b3df9e35eadf15c5611908bc8d", "number": "9362820754", "date": "2021-01-20 13:34:00", "subject": "2", "recorded-or-robo": "Y", "city": "Las Vegas", "state": "NV", "area-code": "325"}, {"id": "3decc6bfadaa436a105714c6ba856566", "number": "+13239177708", "date": "2021-01-23 23:39:24", "subject": "3", "recorded-or-robo": "Y", "city": "", "state": "TX", "area-code": "972"}, {"id": "03e293b3df9e35eadf15c561191bd34f", "number": "+13239177708", "date": "2021-01-23 23:39:24", "subject": "3", "recorded-or-robo": "Y", "city": "", "state": "TX", "area-code": "972"}, {"id": "3decc6bfadaa436a105714c6ba726141", "number": "2548633321", "date": "2021-01-20 11:18:00", "subject": "2", "recorded-or-robo": "Y", "city": "Las Vegas", "state": "NV", "area-code": "325"}, {"id": "03e293b3df9e35eadf15c5611908b906", "number": "2548633321", "date": "2021-01-20 11:18:00", "subject": "2", "recorded-or-robo": "Y", "city": "Las Vegas", "state": "NV", "area-code": "325"}, {"id": "3decc6bfadaa436a105714c6ba8558fc", "number": "3527115446", "date": "2021-01-23 23:38:24", "subject": "3", "recorded-or-robo": "Y", "city": "", "state": "FL", "area-code": "352"}, {"id": "03e293b3df9e35eadf15c561191bbfb7", "number": "3527115446", "date": "2021-01-23 23:38:24", "subject": "3", "recorded-or-robo": "Y", "city": "", "state": "FL", "area-code": "352"}, {"id": "3decc6bfadaa436a105714c6ba856665", "number": "3527287933", "date": "2021-01-23 23:38:07", "subject": "3", "recorded-or-robo": "N", "city": "", "state": "FL", "area-code": "352"}, {"id": "03e293b3df9e35eadf15c561191be2f2", "number": "3527287933", "date": "2021-01-23 23:38:07", "subject": "3", "recorded-or-robo": "N", "city": "", "state": "FL", "area-code": "352"}, {"id": "3decc6bfadaa436a105714c6ba725ce8", "number": "9798887461", "date": "2021-01-19 14:06:00", "subject": "2", "recorded-or-robo": "Y", "city": "Las Vegas", "state": "NV", "area-code": "325"}, {"id": "03e293b3df9e35eadf15c5611908b35b", "number": "9798887461", "date": "2021-01-19 14:06:00", "subject": "2", "recorded-or-robo": "Y", "city": "Las Vegas", "state": "NV", "area-code": "325"}, {"id": "3decc6bfadaa436a105714c6ba855e33", "number": "4108916898", "date": "2021-01-23 23:37:33", "subject": "3", "recorded-or-robo": "Y", "city": "", "state": "MD", "area-code": "410"}, {"id": "03e293b3df9e35eadf15c561191bd259", "number": "4108916898", "date": "2021-01-23 23:37:33", "subject": "3", "recorded-or-robo": "Y", "city": "", "state": "MD", "area-code": "410"}, {"id": "3decc6bfadaa436a105714c6ba7259ad", "number": "4123665955", "date": "2021-01-20 13:18:00", "subject": "0", "recorded-or-robo": "Y", "city": "TUCSON", "state": "AZ", "area-code": "215"}, {"id": "03e293b3df9e35eadf15c5611908a7ef", "number": "4123665955", "date": "2021-01-20 13:18:00", "subject": "0", "recorded-or-robo": "Y", "city": "TUCSON", "state": "AZ", "area-code": "215"}, {"id": "3decc6bfadaa436a105714c6ba725196", "number": "6822893362", "date": "2021-01-19 13:45:00", "subject": "2", "recorded-or-robo": "Y", "city": "Las Vegas", "state": "NV", "area-code": "325"}, {"id": "03e293b3df9e35eadf15c56119089952", "number": "6822893362", "date": "2021-01-19 13:45:00", "subject": "2", "recorded-or-robo": "Y", "city": "Las Vegas", "state": "NV", "area-code": "325"}, {"id": "3decc6bfadaa436a105714c6ba855ab6", "number": "+14787225771", "date": "2021-01-23 23:37:14", "subject": "3", "recorded-or-robo": "Y", "city": "", "state": "GA", "area-code": "478"}, {"id": "03e293b3df9e35eadf15c561191bcc31", "number": "+14787225771", "date": "2021-01-23 23:37:14", "subject": "3", "recorded-or-robo": "Y", "city": "", "state": "GA", "area-code": "478"}, {"id": "3decc6bfadaa436a105714c6ba72507b", "number": "2154115422", "date": "2021-01-22 13:49:00", "subject": "2", "recorded-or-robo": "Y", "city": "TUCSON", "state": "AZ", "area-code": "215"}, {"id": "03e293b3df9e35eadf15c56119088d7e", "number": "2154115422", "date": "2021-01-22 13:49:00", "subject": "2", "recorded-or-robo": "Y", "city": "TUCSON", "state": "AZ", "area-code": "215"}, {"id": "3decc6bfadaa436a105714c6ba854a9c", "number": "7868979602", "date": "2021-01-23 23:35:30", "subject": "3", "recorded-or-robo": "Y", "city": "", "state": "FL", "area-code": "786"}, {"id": "03e293b3df9e35eadf15c561191bb1e2", "number": "7868979602", "date": "2021-01-23 23:35:30", "subject": "3", "recorded-or-robo": "Y", "city": "", "state": "FL", "area-code": "786"}, {"id": "3decc6bfadaa436a105714c6ba724731", "number": "4123665955", "date": "2021-01-20 00:00:00", "subject": "2", "recorded-or-robo": "Y", "city": "TUCSON", "state": "AZ", "area-code": "215"}, {"id": "03e293b3df9e35eadf15c561190884c9", "number": "4123665955", "date": "2021-01-20 00:00:00", "subject": "2", "recorded-or-robo": "Y", "city": "TUCSON", "state": "AZ", "area-code": "215"}, {"id": "3decc6bfadaa436a105714c6ba85285e", "number": "7135555481", "date": "2021-01-23 23:33:42", "subject": "3", "recorded-or-robo": "Y", "city": "", "state": "TX", "area-code": "713"}, {"id": "03e293b3df9e35eadf15c561191b7f78", "number": "7135555481", "date": "2021-01-23 23:33:42", "subject": "3", "recorded-or-robo": "Y", "city": "", "state": "TX", "area-code": "713"}, {"id": "3decc6bfadaa436a105714c6ba853090", "number": "7138187365", "date": "2021-01-23 23:33:30", "subject": "3", "recorded-or-robo": "Y", "city": "", "state": "TX", "area-code": "713"}, {"id": "03e293b3df9e35eadf15c561191b892f", "number": "7138187365", "date": "2021-01-23 23:33:30", "subject": "3", "recorded-or-robo": "Y", "city": "", "state": "TX", "area-code": "713"}, {"id": "3decc6bfadaa436a105714c6ba853980", "number": "7135805063", "date": "2021-01-23 23:33:19", "subject": "3", "recorded-or-robo": "Y", "city": "", "state": "TX", "area-code": "713"}, {"id": "03e293b3df9e35eadf15c561191b97d7", "number": "7135805063", "date": "2021-01-23 23:33:19", "subject": "3", "recorded-or-robo": "Y", "city": "", "state": "TX", "area-code": "713"}, {"id": "3decc6bfadaa436a105714c6ba8546cc", "number": "7135786088", "date": "2021-01-23 23:33:09", "subject": "3", "recorded-or-robo": "Y", "city": "", "state": "TX", "area-code": "713"}, {"id": "03e293b3df9e35eadf15c561191ba435", "number": "7135786088", "date": "2021-01-23 23:33:09", "subject": "3", "recorded-or-robo": "Y", "city": "", "state": "TX", "area-code": "713"}, {"id": "3decc6bfadaa436a105714c6ba724115", "number": "8033381923", "date": "2021-01-22 12:23:00", "subject": "0", "recorded-or-robo": "", "city": "", "state": "CA", "area-code": "415"}, {"id": "03e293b3df9e35eadf15c56119087c77", "number": "8033381923", "date": "2021-01-22 12:23:00", "subject": "0", "recorded-or-robo": "", "city": "", "state": "CA", "area-code": "415"}, {"id": "3decc6bfadaa436a105714c6ba72372c", "number": "4123856522", "date": "2021-01-22 10:11:00", "subject": "0", "recorded-or-robo": "Y", "city": "TUCSON", "state": "AZ", "area-code": "215"}, {"id": "03e293b3df9e35eadf15c561190877ae", "number": "4123856522", "date": "2021-01-22 10:11:00", "subject": "0", "recorded-or-robo": "Y", "city": "TUCSON", "state": "AZ", "area-code": "215"}, {"id": "3decc6bfadaa436a105714c6ba722ec1", "number": "8764460962", "date": "2019-01-02 10:08:00", "subject": "13", "recorded-or-robo": "N", "city": "Chicago", "state": "IL", "area-code": "773"}, {"id": "03e293b3df9e35eadf15c56119086d68", "number": "8764460962", "date": "2019-01-02 10:08:00", "subject": "13", "recorded-or-robo": "N", "city": "Chicago", "state": "IL", "area-code": "773"}, {"id": "3decc6bfadaa436a105714c6ba851bed", "number": "6125641209", "date": "2021-01-23 23:27:21", "subject": "3", "recorded-or-robo": "Y", "city": "", "state": "MN", "area-code": "612"}, {"id": "03e293b3df9e35eadf15c561191b7b88", "number": "6125641209", "date": "2021-01-23 23:27:21", "subject": "3", "recorded-or-robo": "Y", "city": "", "state": "MN", "area-code": "612"}, {"id": "3decc6bfadaa436a105714c6ba72244a", "number": "2156607990", "date": "2021-01-21 13:37:00", "subject": "0", "recorded-or-robo": "Y", "city": "TUCSON", "state": "AZ", "area-code": "215"}, {"id": "03e293b3df9e35eadf15c56119085e31", "number": "2156607990", "date": "2021-01-21 13:37:00", "subject": "0", "recorded-or-robo": "Y", "city": "TUCSON", "state": "AZ", "area-code": "215"}, {"id": "3decc6bfadaa436a105714c6ba7222cd", "number": "9853043261", "date": "2021-01-22 09:37:00", "subject": "0", "recorded-or-robo": "Y", "city": "TUCSON", "state": "AZ", "area-code": "215"}, {"id": "03e293b3df9e35eadf15c56119084f79", "number": "9853043261", "date": "2021-01-22 09:37:00", "subject": "0", "recorded-or-robo": "Y", "city": "TUCSON", "state": "AZ", "area-code": "215"}, {"id": "3decc6bfadaa436a105714c6ba721522", "number": "9853043261", "date": "2021-01-22 10:55:00", "subject": "0", "recorded-or-robo": "Y", "city": "TUCSON", "state": "AZ", "area-code": "215"}, {"id": "03e293b3df9e35eadf15c5611908499d", "number": "9853043261", "date": "2021-01-22 10:55:00", "subject": "0", "recorded-or-robo": "Y", "city": "TUCSON", "state": "AZ", "area-code": "215"}, {"id": "3decc6bfadaa436a105714c6ba72097a", "number": "9853043261", "date": "2021-01-22 12:17:00", "subject": "0", "recorded-or-robo": "Y", "city": "TUCSON", "state": "AZ", "area-code": "215"}, {"id": "03e293b3df9e35eadf15c56119084658", "number": "9853043261", "date": "2021-01-22 12:17:00", "subject": "0", "recorded-or-robo": "Y", "city": "TUCSON", "state": "AZ", "area-code": "215"}, {"id": "3decc6bfadaa436a105714c6ba85066a", "number": "9852419477", "date": "2021-01-23 23:21:01", "subject": "3", "recorded-or-robo": "N", "city": "", "state": "TX", "area-code": "979"}]}