{"data": [{"id": "03e293b3df9e35eadf15c56119406e17", "number": "5204674117", "date": "2021-01-20 17:20:00", "subject": "2", "recorded-or-robo": "Y", "city": "", "state": "AZ", "area-code": "520"}, {"id": "3decc6bfadaa436a105714c6baaa3893", "number": "6144998375", "date": "2021-01-24 13:04:00", "subject": "4", "recorded-or-robo": "Y", "city": "COLUMBUS", "state": "OH", "area-code": "614"}, {"id": "03e293b3df9e35eadf15c56119406acb", "number": "6144998375", "date": "2021-01-24 13:04:00", "subject": "4", "recorded-or-robo": "Y", "city": "COLUMBUS", "state": "OH", "area-code": "614"}, {"id": "3decc6bfadaa436a105714c6baaa2788", "number": "8778900759", "date": "2021-01-24 12:30:00", "subject": "3", "recorded-or-robo": "N", "city": "", "state": "WV", "area-code": "304"}, {"id": "03e293b3df9e35eadf15c56119405bc0", "number": "8778900759", "date": "2021-01-24 12:30:00", "subject": "3", "recorded-or-robo": "N", "city": "", "state": "WV", "area-code": "304"}, {"id": "3decc6bfadaa436a105714c6baaa37e3", "number": "3152328257", "date": "2021-01-24 12:00:00", "subject": "1", "recorded-or-robo": "Y", "city": "Saint Louis", "state": "MO", "area-code": "314"}, {"id": "03e293b3df9e35eadf15c561194062b6", "number": "3152328257", "date": "2021-01-24 12:00:00", "subject": "1", "recorded-or-robo": "Y", "city": "Saint Louis", "state": "MO", "area-code": "314"}, {"id": "3decc6bfadaa436a105714c6baaa3475", "number": "8556782059", "date": "2021-01-24 09:52:00", "subject": "2", "recorded-or-robo": "Y", "city": "Beaumont", "state": "TX", "area-code": "409"}, {"id": "03e293b3df9e35eadf15c5611940625a", "number": "8556782059", "date": "2021-01-24 09:52:00", "subject": "2", "recorded-or-robo": "Y", "city": "Beaumont", "state": "TX", "area-code": "409"}, {"id": "3decc6bfadaa436a105714c6baaa1d7e", "number": "9316383122", "date": "2021-01-24 13:04:00", "subject": "2", "recorded-or-robo": "Y", "city": "Vanleer", "state": "TN", "area-code": "931"}, {"id": "03e293b3df9e35eadf15c56119405aa4", "number": "9316383122", "date": "2021-01-24 13:04:00", "subject": "2", "recorded-or-robo": "Y", "city": "Vanleer", "state": "TN", "area-code": "931"}, {"id": "3decc6bfadaa436a105714c6baaa1c1e", "number": "", "date": "2021-01-24 12:00:00", "subject": "1", "recorded-or-robo": "Y", "city": "Wildwood", "state": "MO", "area-code": "314"}, {"id": "03e293b3df9e35eadf15c5611940547b", "number": "", "date": "2021-01-24 12:00:00", "subject": "1", "recorded-or-robo": "Y", "city": "Wildwood", "state": "MO", "area-code": "314"}, {"id": "3decc6bfadaa436a105714c6baa9deff", "number": "2614144024", "date": "2020-09-14 12:02:00", "subject": "3", "recorded-or-robo": "", "city": "", "state": "NJ", "area-code": "201"}, {"id": "03e293b3df9e35eadf15c561193ff303", "number": "2614144024", "date": "2020-09-14 12:02:00", "subject": "3", "recorded-or-robo": "", "city": "", "state": "NJ", "area-code": "201"}, {"id": "3decc6bfadaa436a105714c6baaa17cb", "number": "5204674025", "date": "2021-01-21 08:39:00", "subject": "2", "recorded-or-robo": "Y", "city": "", "state": "AZ", "area-code": "520"}, {"id": "03e293b3df9e35eadf15c56119404888", "number": "5204674025", "date": "2021-01-21 08:39:00", "subject": "2", "recorded-or-robo": "Y", "city": "", "state": "AZ", "area-code": "520"}, {"id": "3decc6bfadaa436a105714c6baaa0b02", "number": "4058770824", "date": "2021-01-21 10:54:00", "subject": "6", "recorded-or-robo": "N", "city": "", "state": "FL", "area-code": "813"}, {"id": "03e293b3df9e35eadf15c56119404355", "number": "4058770824", "date": "2021-01-21 10:54:00", "subject": "6", "recorded-or-robo": "N", "city": "", "state": "FL", "area-code": "813"}, {"id": "3decc6bfadaa436a105714c6baa9ead3", "number": "2672823445", "date": "2021-01-24 13:32:00", "subject": "3", "recorded-or-robo": "N", "city": "", "state": "PA", "area-code": "570"}, {"id": "03e293b3df9e35eadf15c561193ff900", "number": "2672823445", "date": "2021-01-24 13:32:00", "subject": "3", "recorded-or-robo": "N", "city": "", "state": "PA", "area-code": "570"}, {"id": "3decc6bfadaa436a105714c6baa9fc23", "number": "", "date": "2021-01-24 12:30:00", "subject": "3", "recorded-or-robo": "N", "city": "", "state": "WV", "area-code": "304"}, {"id": "03e293b3df9e35eadf15c5611940258f", "number": "", "date": "2021-01-24 12:30:00", "subject": "3", "recorded-or-robo": "N", "city": "", "state": "WV", "area-code": "304"}, {"id": "3decc6bfadaa436a105714c6baaa0197", "number": "3365965112", "date": "2021-01-23 00:00:00", "subject": "2", "recorded-or-robo": "Y", "city": "", "state": "NC", "area-code": "704"}, {"id": "03e293b3df9e35eadf15c56119403a7e", "number": "3365965112", "date": "2021-01-23 00:00:00", "subject": "2", "recorded-or-robo": "Y", "city": "", "state": "NC", "area-code": "704"}, {"id": "3decc6bfadaa436a105714c6baa9ff99", "number": "6603724745", "date": "2021-01-24 13:00:00", "subject": "1", "recorded-or-robo": "Y", "city": "Moberly, MO", "state": "MO", "area-code": "660"}, {"id": "03e293b3df9e35eadf15c56119403495", "number": "6603724745", "date": "2021-01-24 13:00:00", "subject": "1", "recorded-or-robo": "Y", "city": "Moberly, MO", "state": "MO", "area-code": "660"}, {"id": "3decc6bfadaa436a105714c6baa9fa97", "number": "8556783378", "date": "2021-01-24 10:06:00", "subject": "2", "recorded-or-robo": "Y", "city": "Beaumont", "state": "TX", "area-code": "409"}, {"id": "03e293b3df9e35eadf15c5611940173d", "number": "8556783378", "date": "2021-01-24 10:06:00", "subject": "2", "recorded-or-robo": "Y", "city": "Beaumont", "state": "TX", "area-code": "409"}, {"id": "3decc6bfadaa436a105714c6baa9ebd9", "number": "", "date": "2021-01-23 18:27:00", "subject": "2", "recorded-or-robo": "Y", "city": "GRANDVIEW", "state": "MO", "area-code": "660"}, {"id": "03e293b3df9e35eadf15c561194008eb", "number": "", "date": "2021-01-23 18:27:00", "subject": "2", "recorded-or-robo": "Y", "city": "GRANDVIEW", "state": "MO", "area-code": "660"}, {"id": "3decc6bfadaa436a105714c6baa9d2f8", "number": "7048625575", "date": "2021-01-22 00:00:00", "subject": "2", "recorded-or-robo": "Y", "city": "", "state": "NC", "area-code": "704"}, {"id": "03e293b3df9e35eadf15c561193ff1e8", "number": "7048625575", "date": "2021-01-22 00:00:00", "subject": "2", "recorded-or-robo": "Y", "city": "", "state": "NC", "area-code": "704"}, {"id": "3decc6bfadaa436a105714c6baa9c4ca", "number": "5713970334", "date": "2021-01-24 14:02:00", "subject": "12", "recorded-or-robo": "N", "city": "Fredericksburg", "state": "VA", "area-code": "540"}, {"id": "03e293b3df9e35eadf15c561193fedde", "number": "5713970334", "date": "2021-01-24 14:02:00", "subject": "12", "recorded-or-robo": "N", "city": "Fredericksburg", "state": "VA", "area-code": "540"}, {"id": "3decc6bfadaa436a105714c6baa9c4b6", "number": "5204674025", "date": "2021-01-21 11:05:00", "subject": "2", "recorded-or-robo": "Y", "city": "", "state": "AZ", "area-code": "520"}, {"id": "03e293b3df9e35eadf15c561193fe091", "number": "5204674025", "date": "2021-01-21 11:05:00", "subject": "2", "recorded-or-robo": "Y", "city": "", "state": "AZ", "area-code": "520"}, {"id": "3decc6bfadaa436a105714c6baa9bc3d", "number": "", "date": "2021-01-24 13:41:00", "subject": "13", "recorded-or-robo": "N", "city": "Orange", "state": "NJ", "area-code": "973"}, {"id": "03e293b3df9e35eadf15c561193fdda1", "number": "", "date": "2021-01-24 13:41:00", "subject": "13", "recorded-or-robo": "N", "city": "Orange", "state": "NJ", "area-code": "973"}, {"id": "3decc6bfadaa436a105714c6baa9a4df", "number": "5136961920", "date": "2021-01-24 14:01:00", "subject": "3", "recorded-or-robo": "N", "city": "", "state": "MI", "area-code": "734"}, {"id": "03e293b3df9e35eadf15c561193fd17d", "number": "5136961920", "date": "2021-01-24 14:01:00", "subject": "3", "recorded-or-robo": "N", "city": "", "state": "MI", "area-code": "734"}, {"id": "3decc6bfadaa436a105714c6baa9aec4", "number": "8444738458", "date": "2021-01-22 00:00:00", "subject": "2", "recorded-or-robo": "Y", "city": "", "state": "NC", "area-code": "704"}, {"id": "03e293b3df9e35eadf15c561193fda47", "number": "8444738458", "date": "2021-01-22 00:00:00", "subject": "2", "recorded-or-robo": "Y", "city": "", "state": "NC", "area-code": "704"}, {"id": "3decc6bfadaa436a105714c6baa9a888", "number": "8556784392", "date": "2021-01-24 10:23:00", "subject": "2", "recorded-or-robo": "Y", "city": "Beaumont", "state": "TX", "area-code": "409"}, {"id": "03e293b3df9e35eadf15c561193fd5bf", "number": "8556784392", "date": "2021-01-24 10:23:00", "subject": "2", "recorded-or-robo": "Y", "city": "Beaumont", "state": "TX", "area-code": "409"}, {"id": "3decc6bfadaa436a105714c6baa9a5b5", "number": "3852193103", "date": "2021-01-22 00:00:00", "subject": "2", "recorded-or-robo": "Y", "city": "", "state": "NC", "area-code": "704"}, {"id": "03e293b3df9e35eadf15c561193fd1e7", "number": "3852193103", "date": "2021-01-22 00:00:00", "subject": "2", "recorded-or-robo": "Y", "city": "", "state": "NC", "area-code": "704"}, {"id": "3decc6bfadaa436a105714c6baa99551", "number": "8778758905", "date": "2021-01-21 14:35:00", "subject": "2", "recorded-or-robo": "Y", "city": "", "state": "AZ", "area-code": "520"}, {"id": "03e293b3df9e35eadf15c561193fce01", "number": "8778758905", "date": "2021-01-21 14:35:00", "subject": "2", "recorded-or-robo": "Y", "city": "", "state": "AZ", "area-code": "520"}, {"id": "3decc6bfadaa436a105714c6baa98bbc", "number": "9802468418", "date": "2021-01-23 00:00:00", "subject": "2", "recorded-or-robo": "N", "city": "", "state": "NC", "area-code": "704"}]}