{"data": [{"id": "3decc6bfadaa436a105714c6ba30539f", "number": "9494704721", "date": "2021-01-22 16:56:00", "subject": "3", "recorded-or-robo": "Y", "city": "", "state": "CA", "area-code": "949"}, {"id": "1d36742e3f24f50e4e7ae82801c757a1", "number": "9494704721", "date": "2021-01-22 16:56:00", "subject": "3", "recorded-or-robo": "Y", "city": "", "state": "CA", "area-code": "949"}, {"id": "03e293b3df9e35eadf15c561190dca57", "number": "9783073296", "date": "2021-01-23 16:01:08", "subject": "3", "recorded-or-robo": "Y", "city": "", "state": "MA", "area-code": "857"}, {"id": "3decc6bfadaa436a105714c6ba30487e", "number": "7602512623", "date": "2021-01-23 11:11:00", "subject": "2", "recorded-or-robo": "N", "city": "Port Hueneme", "state": "CA", "area-code": "310"}, {"id": "1d36742e3f24f50e4e7ae82801c74fbc", "number": "7602512623", "date": "2021-01-23 11:11:00", "subject": "2", "recorded-or-robo": "N", "city": "Port Hueneme", "state": "CA", "area-code": "310"}, {"id": "3decc6bfadaa436a105714c6ba776b14", "number": "9202146494", "date": "2021-01-23 16:00:59", "subject": "3", "recorded-or-robo": "Y", "city": "", "state": "WI", "area-code": "920"}, {"id": "3decc6bfadaa436a105714c6ba3046f4", "number": "9174815913", "date": "2021-01-23 14:01:00", "subject": "0", "recorded-or-robo": "N", "city": "Valley Cottage", "state": "NY", "area-code": "917"}, {"id": "1d36742e3f24f50e4e7ae82801c74a6f", "number": "9174815913", "date": "2021-01-23 14:01:00", "subject": "0", "recorded-or-robo": "N", "city": "Valley Cottage", "state": "NY", "area-code": "917"}, {"id": "03e293b3df9e35eadf15c561190dd4f1", "number": "9202146494", "date": "2021-01-23 16:00:59", "subject": "3", "recorded-or-robo": "Y", "city": "", "state": "WI", "area-code": "920"}, {"id": "3decc6bfadaa436a105714c6ba304688", "number": "5088975500", "date": "2021-01-23 03:58:00", "subject": "7", "recorded-or-robo": "N", "city": "West Springfield", "state": "MA", "area-code": "413"}, {"id": "1d36742e3f24f50e4e7ae82801c74681", "number": "5088975500", "date": "2021-01-23 03:58:00", "subject": "7", "recorded-or-robo": "N", "city": "West Springfield", "state": "MA", "area-code": "413"}, {"id": "3decc6bfadaa436a105714c6ba303f92", "number": "", "date": "2021-01-23 14:58:00", "subject": "2", "recorded-or-robo": "", "city": "Austin", "state": "TX", "area-code": "512"}, {"id": "1d36742e3f24f50e4e7ae82801c73f33", "number": "", "date": "2021-01-23 14:58:00", "subject": "2", "recorded-or-robo": "", "city": "Austin", "state": "TX", "area-code": "512"}, {"id": "3decc6bfadaa436a105714c6ba3031ba", "number": "2767771861", "date": "2021-01-23 11:04:00", "subject": "2", "recorded-or-robo": "Y", "city": "Simpsonville", "state": "SC", "area-code": "864"}, {"id": "1d36742e3f24f50e4e7ae82801c7387a", "number": "2767771861", "date": "2021-01-23 11:04:00", "subject": "2", "recorded-or-robo": "Y", "city": "Simpsonville", "state": "SC", "area-code": "864"}, {"id": "3decc6bfadaa436a105714c6ba302dbe", "number": "8463511183", "date": "2021-01-23 12:09:00", "subject": "6", "recorded-or-robo": "Y", "city": "rancho cuamonga", "state": "CA", "area-code": "719"}, {"id": "1d36742e3f24f50e4e7ae82801c7303f", "number": "8463511183", "date": "2021-01-23 12:09:00", "subject": "6", "recorded-or-robo": "Y", "city": "rancho cuamonga", "state": "CA", "area-code": "719"}, {"id": "3decc6bfadaa436a105714c6ba30281e", "number": "3109352676", "date": "2021-01-23 00:00:00", "subject": "3", "recorded-or-robo": "", "city": "", "state": "CA", "area-code": "310"}, {"id": "1d36742e3f24f50e4e7ae82801c72b2d", "number": "3109352676", "date": "2021-01-23 00:00:00", "subject": "3", "recorded-or-robo": "", "city": "", "state": "CA", "area-code": "310"}, {"id": "3decc6bfadaa436a105714c6ba30231e", "number": "37065003754", "date": "2021-01-22 21:14:00", "subject": "2", "recorded-or-robo": "Y", "city": "Janesville", "state": "WI", "area-code": "608"}, {"id": "1d36742e3f24f50e4e7ae82801c71e24", "number": "37065003754", "date": "2021-01-22 21:14:00", "subject": "2", "recorded-or-robo": "Y", "city": "Janesville", "state": "WI", "area-code": "608"}, {"id": "3decc6bfadaa436a105714c6ba3018a8", "number": "4093923651", "date": "2021-01-23 14:23:00", "subject": "11", "recorded-or-robo": "Y", "city": "galveston", "state": "TX", "area-code": "409"}, {"id": "1d36742e3f24f50e4e7ae82801c712b5", "number": "4093923651", "date": "2021-01-23 14:23:00", "subject": "11", "recorded-or-robo": "Y", "city": "galveston", "state": "TX", "area-code": "409"}, {"id": "3decc6bfadaa436a105714c6ba300a08", "number": "4845002721", "date": "2021-01-23 13:45:00", "subject": "2", "recorded-or-robo": "", "city": "King of Prussia", "state": "PA", "area-code": "484"}, {"id": "1d36742e3f24f50e4e7ae82801c708c8", "number": "4845002721", "date": "2021-01-23 13:45:00", "subject": "2", "recorded-or-robo": "", "city": "King of Prussia", "state": "PA", "area-code": "484"}, {"id": "3decc6bfadaa436a105714c6ba2ffb84", "number": "3109352676", "date": "2021-01-23 00:00:00", "subject": "3", "recorded-or-robo": "", "city": "", "state": "CA", "area-code": "310"}, {"id": "1d36742e3f24f50e4e7ae82801c6fdb7", "number": "3109352676", "date": "2021-01-23 00:00:00", "subject": "3", "recorded-or-robo": "", "city": "", "state": "CA", "area-code": "310"}, {"id": "3decc6bfadaa436a105714c6ba2ffa9f", "number": "5403009253", "date": "2021-01-14 16:35:00", "subject": "4", "recorded-or-robo": "Y", "city": "RUTHER GLEN", "state": "VA", "area-code": "540"}, {"id": "1d36742e3f24f50e4e7ae82801c6fa4c", "number": "5403009253", "date": "2021-01-14 16:35:00", "subject": "4", "recorded-or-robo": "Y", "city": "RUTHER GLEN", "state": "VA", "area-code": "540"}, {"id": "3decc6bfadaa436a105714c6ba2ff808", "number": "6077226972", "date": "2021-01-23 13:00:00", "subject": "1", "recorded-or-robo": "Y", "city": "Binghamton", "state": "NY", "area-code": "607"}, {"id": "1d36742e3f24f50e4e7ae82801c6eb75", "number": "6077226972", "date": "2021-01-23 13:00:00", "subject": "1", "recorded-or-robo": "Y", "city": "Binghamton", "state": "NY", "area-code": "607"}, {"id": "3decc6bfadaa436a105714c6ba2ff59b", "number": "3022625759", "date": "2021-01-23 09:33:00", "subject": "0", "recorded-or-robo": "", "city": "new castle", "state": "DE", "area-code": "302"}, {"id": "1d36742e3f24f50e4e7ae82801c6e648", "number": "3022625759", "date": "2021-01-23 09:33:00", "subject": "0", "recorded-or-robo": "", "city": "new castle", "state": "DE", "area-code": "302"}, {"id": "3decc6bfadaa436a105714c6ba2ff390", "number": "2102922795", "date": "2021-01-23 14:14:00", "subject": "2", "recorded-or-robo": "Y", "city": "", "state": "TX", "area-code": "210"}, {"id": "3decc6bfadaa436a105714c6ba2ff223", "number": "255736508837", "date": "2021-01-22 05:27:00", "subject": "2", "recorded-or-robo": "Y", "city": "Waterloo", "state": "IA", "area-code": "319"}, {"id": "1d36742e3f24f50e4e7ae82801c6deec", "number": "2102922795", "date": "2021-01-23 14:14:00", "subject": "2", "recorded-or-robo": "Y", "city": "", "state": "TX", "area-code": "210"}, {"id": "1d36742e3f24f50e4e7ae82801c6d48c", "number": "255736508837", "date": "2021-01-22 05:27:00", "subject": "2", "recorded-or-robo": "Y", "city": "Waterloo", "state": "IA", "area-code": "319"}, {"id": "3decc6bfadaa436a105714c6ba2fec7a", "number": "9737476072", "date": "2021-01-23 11:26:00", "subject": "1", "recorded-or-robo": "Y", "city": "Millburn", "state": "NJ", "area-code": "973"}, {"id": "1d36742e3f24f50e4e7ae82801c6d437", "number": "9737476072", "date": "2021-01-23 11:26:00", "subject": "1", "recorded-or-robo": "Y", "city": "Millburn", "state": "NJ", "area-code": "973"}, {"id": "3decc6bfadaa436a105714c6ba2fde2e", "number": "5182274260", "date": "2021-01-22 19:06:00", "subject": "2", "recorded-or-robo": "N", "city": "Rensselaer", "state": "NY", "area-code": "518"}, {"id": "1d36742e3f24f50e4e7ae82801c6cb8d", "number": "5182274260", "date": "2021-01-22 19:06:00", "subject": "2", "recorded-or-robo": "N", "city": "Rensselaer", "state": "NY", "area-code": "518"}, {"id": "3decc6bfadaa436a105714c6ba2fd3f1", "number": "7192248524", "date": "2021-01-23 12:09:00", "subject": "6", "recorded-or-robo": "Y", "city": "rancho cuamonga", "state": "CA", "area-code": "719"}, {"id": "1d36742e3f24f50e4e7ae82801c6ca66", "number": "7192248524", "date": "2021-01-23 12:09:00", "subject": "6", "recorded-or-robo": "Y", "city": "rancho cuamonga", "state": "CA", "area-code": "719"}, {"id": "3decc6bfadaa436a105714c6ba2fcdb1", "number": "7068688357", "date": "2021-01-22 14:28:00", "subject": "4", "recorded-or-robo": "Y", "city": "Evans", "state": "GA", "area-code": "706"}, {"id": "1d36742e3f24f50e4e7ae82801c6c9b2", "number": "7068688357", "date": "2021-01-22 14:28:00", "subject": "4", "recorded-or-robo": "Y", "city": "Evans", "state": "GA", "area-code": "706"}, {"id": "3decc6bfadaa436a105714c6ba2fc1d1", "number": "37065003752", "date": "2021-01-23 14:56:00", "subject": "2", "recorded-or-robo": "Y", "city": "Janesville", "state": "WI", "area-code": "608"}, {"id": "1d36742e3f24f50e4e7ae82801c6be43", "number": "37065003752", "date": "2021-01-23 14:56:00", "subject": "2", "recorded-or-robo": "Y", "city": "Janesville", "state": "WI", "area-code": "608"}, {"id": "3decc6bfadaa436a105714c6ba2fbf3e", "number": "6077292084", "date": "2021-01-23 12:00:00", "subject": "11", "recorded-or-robo": "Y", "city": "Binghamton", "state": "NY", "area-code": "607"}, {"id": "1d36742e3f24f50e4e7ae82801c6be09", "number": "6077292084", "date": "2021-01-23 12:00:00", "subject": "11", "recorded-or-robo": "Y", "city": "Binghamton", "state": "NY", "area-code": "607"}, {"id": "3decc6bfadaa436a105714c6ba2fb027", "number": "3158801231", "date": "2021-01-12 12:52:00", "subject": "3", "recorded-or-robo": "", "city": "dewitt", "state": "NY", "area-code": "315"}]}