{"data": [{"id": "03e293b3df9e35eadf15c5611935f59b", "number": "5415811596", "date": "2021-01-22 09:17:00", "subject": "4", "recorded-or-robo": "Y", "city": "Eugene", "state": "OR", "area-code": "541"}, {"id": "3decc6bfadaa436a105714c6ba9fff82", "number": "8882804331", "date": "2021-01-24 12:20:00", "subject": "2", "recorded-or-robo": "N", "city": "No", "state": "NY", "area-code": "917"}, {"id": "03e293b3df9e35eadf15c5611935f110", "number": "8882804331", "date": "2021-01-24 12:20:00", "subject": "2", "recorded-or-robo": "N", "city": "No", "state": "NY", "area-code": "917"}, {"id": "3decc6bfadaa436a105714c6ba9ff706", "number": "4254171205", "date": "2021-01-24 09:44:00", "subject": "1", "recorded-or-robo": "Y", "city": "Bellevue", "state": "WA", "area-code": "425"}, {"id": "03e293b3df9e35eadf15c5611935e173", "number": "4254171205", "date": "2021-01-24 09:44:00", "subject": "1", "recorded-or-robo": "Y", "city": "Bellevue", "state": "WA", "area-code": "425"}, {"id": "3decc6bfadaa436a105714c6ba9fea5c", "number": "9892666383", "date": "2021-01-24 12:57:00", "subject": "2", "recorded-or-robo": "Y", "city": "", "state": "MI", "area-code": "989"}, {"id": "03e293b3df9e35eadf15c5611935dd61", "number": "9892666383", "date": "2021-01-24 12:57:00", "subject": "2", "recorded-or-robo": "Y", "city": "", "state": "MI", "area-code": "989"}, {"id": "3decc6bfadaa436a105714c6ba9fe89e", "number": "4195225011", "date": "2021-01-20 13:45:00", "subject": "0", "recorded-or-robo": "Y", "city": "Des Plaines", "state": "IL", "area-code": "847"}, {"id": "03e293b3df9e35eadf15c5611935d57b", "number": "4195225011", "date": "2021-01-20 13:45:00", "subject": "0", "recorded-or-robo": "Y", "city": "Des Plaines", "state": "IL", "area-code": "847"}, {"id": "3decc6bfadaa436a105714c6ba9fdc92", "number": "5413613144", "date": "2021-01-14 20:55:00", "subject": "2", "recorded-or-robo": "Y", "city": "Eugene", "state": "OR", "area-code": "541"}, {"id": "03e293b3df9e35eadf15c5611935cc11", "number": "5413613144", "date": "2021-01-14 20:55:00", "subject": "2", "recorded-or-robo": "Y", "city": "Eugene", "state": "OR", "area-code": "541"}, {"id": "3decc6bfadaa436a105714c6ba9fd90f", "number": "3865235023", "date": "2021-01-24 11:49:00", "subject": "1", "recorded-or-robo": "Y", "city": "Pacific", "state": "MO", "area-code": "386"}, {"id": "03e293b3df9e35eadf15c5611935c774", "number": "3865235023", "date": "2021-01-24 11:49:00", "subject": "1", "recorded-or-robo": "Y", "city": "Pacific", "state": "MO", "area-code": "386"}, {"id": "3decc6bfadaa436a105714c6ba9fd388", "number": "8136612690", "date": "2021-01-24 12:01:00", "subject": "1", "recorded-or-robo": "Y", "city": "Brandon", "state": "FL", "area-code": "813"}, {"id": "3decc6bfadaa436a105714c6ba9fc8c0", "number": "", "date": "2021-01-24 10:00:00", "subject": "3", "recorded-or-robo": "N", "city": "", "state": "NY", "area-code": "718"}, {"id": "03e293b3df9e35eadf15c5611935bbd6", "number": "8136612690", "date": "2021-01-24 12:01:00", "subject": "1", "recorded-or-robo": "Y", "city": "Brandon", "state": "FL", "area-code": "813"}, {"id": "03e293b3df9e35eadf15c5611935bbbe", "number": "", "date": "2021-01-24 10:00:00", "subject": "3", "recorded-or-robo": "N", "city": "", "state": "NY", "area-code": "718"}, {"id": "3decc6bfadaa436a105714c6ba9fc35b", "number": "4254177235", "date": "2021-01-24 09:54:00", "subject": "1", "recorded-or-robo": "Y", "city": "Bellevue", "state": "WA", "area-code": "425"}, {"id": "03e293b3df9e35eadf15c5611935b5ba", "number": "4254177235", "date": "2021-01-24 09:54:00", "subject": "1", "recorded-or-robo": "Y", "city": "Bellevue", "state": "WA", "area-code": "425"}, {"id": "3decc6bfadaa436a105714c6ba9fbce5", "number": "5099464525", "date": "2021-01-24 09:55:00", "subject": "2", "recorded-or-robo": "Y", "city": "Richland", "state": "WA", "area-code": "509"}, {"id": "03e293b3df9e35eadf15c5611935ae5e", "number": "5099464525", "date": "2021-01-24 09:55:00", "subject": "2", "recorded-or-robo": "Y", "city": "Richland", "state": "WA", "area-code": "509"}, {"id": "3decc6bfadaa436a105714c6ba9fb84b", "number": "7086658511", "date": "2021-01-18 10:00:00", "subject": "0", "recorded-or-robo": "Y", "city": "Des Plaines", "state": "IL", "area-code": "847"}, {"id": "03e293b3df9e35eadf15c5611935a630", "number": "7086658511", "date": "2021-01-18 10:00:00", "subject": "0", "recorded-or-robo": "Y", "city": "Des Plaines", "state": "IL", "area-code": "847"}, {"id": "3decc6bfadaa436a105714c6ba9fb766", "number": "5099431587", "date": "2021-01-24 09:51:00", "subject": "11", "recorded-or-robo": "Y", "city": "", "state": "WA", "area-code": "509"}, {"id": "03e293b3df9e35eadf15c56119359b2b", "number": "5099431587", "date": "2021-01-24 09:51:00", "subject": "11", "recorded-or-robo": "Y", "city": "", "state": "WA", "area-code": "509"}, {"id": "3decc6bfadaa436a105714c6ba9faf48", "number": "", "date": "2021-01-23 06:10:00", "subject": "2", "recorded-or-robo": "Y", "city": "Dillon", "state": "MT", "area-code": "509"}, {"id": "03e293b3df9e35eadf15c56119358ffb", "number": "", "date": "2021-01-23 06:10:00", "subject": "2", "recorded-or-robo": "Y", "city": "Dillon", "state": "MT", "area-code": "509"}, {"id": "3decc6bfadaa436a105714c6ba9fa35e", "number": "9372411078", "date": "2021-01-18 12:30:00", "subject": "0", "recorded-or-robo": "Y", "city": "Des Plaines", "state": "IL", "area-code": "847"}, {"id": "03e293b3df9e35eadf15c561193588b3", "number": "9372411078", "date": "2021-01-18 12:30:00", "subject": "0", "recorded-or-robo": "Y", "city": "Des Plaines", "state": "IL", "area-code": "847"}, {"id": "3decc6bfadaa436a105714c6ba9f97fc", "number": "4582374878", "date": "2021-01-14 10:03:00", "subject": "5", "recorded-or-robo": "Y", "city": "Eugene", "state": "OR", "area-code": "541"}, {"id": "03e293b3df9e35eadf15c561193579a4", "number": "4582374878", "date": "2021-01-14 10:03:00", "subject": "5", "recorded-or-robo": "Y", "city": "Eugene", "state": "OR", "area-code": "541"}, {"id": "3decc6bfadaa436a105714c6ba9f8e47", "number": "6465365285", "date": "2021-01-24 07:03:00", "subject": "1", "recorded-or-robo": "Y", "city": "", "state": "MI", "area-code": "248"}, {"id": "03e293b3df9e35eadf15c56119356c64", "number": "6465365285", "date": "2021-01-24 07:03:00", "subject": "1", "recorded-or-robo": "Y", "city": "", "state": "MI", "area-code": "248"}, {"id": "3decc6bfadaa436a105714c6ba9f8d46", "number": "2406614841", "date": "2021-01-24 12:52:00", "subject": "1", "recorded-or-robo": "Y", "city": "", "state": "MD", "area-code": "240"}, {"id": "03e293b3df9e35eadf15c561193566b6", "number": "2406614841", "date": "2021-01-24 12:52:00", "subject": "1", "recorded-or-robo": "Y", "city": "", "state": "MD", "area-code": "240"}, {"id": "3decc6bfadaa436a105714c6ba9f8660", "number": "3144356700", "date": "2021-01-24 09:00:00", "subject": "2", "recorded-or-robo": "Y", "city": "", "state": "MO", "area-code": "636"}, {"id": "03e293b3df9e35eadf15c56119355c5c", "number": "3144356700", "date": "2021-01-24 09:00:00", "subject": "2", "recorded-or-robo": "Y", "city": "", "state": "MO", "area-code": "636"}, {"id": "3decc6bfadaa436a105714c6ba9f7cc8", "number": "3145033827", "date": "2021-01-23 11:05:00", "subject": "2", "recorded-or-robo": "Y", "city": "Pacific", "state": "MO", "area-code": "314"}, {"id": "03e293b3df9e35eadf15c56119354c96", "number": "3145033827", "date": "2021-01-23 11:05:00", "subject": "2", "recorded-or-robo": "Y", "city": "Pacific", "state": "MO", "area-code": "314"}, {"id": "3decc6bfadaa436a105714c6ba9f784c", "number": "1111111111", "date": "2021-01-24 11:30:00", "subject": "2", "recorded-or-robo": "Y", "city": "Brick Township", "state": "NJ", "area-code": "732"}, {"id": "03e293b3df9e35eadf15c561193548a8", "number": "1111111111", "date": "2021-01-24 11:30:00", "subject": "2", "recorded-or-robo": "Y", "city": "Brick Township", "state": "NJ", "area-code": "732"}, {"id": "3decc6bfadaa436a105714c6ba9f6cff", "number": "2677373971", "date": "2021-01-21 15:18:00", "subject": "0", "recorded-or-robo": "Y", "city": "Bethel Park", "state": "PA", "area-code": "412"}, {"id": "03e293b3df9e35eadf15c561193540d5", "number": "2677373971", "date": "2021-01-21 15:18:00", "subject": "0", "recorded-or-robo": "Y", "city": "Bethel Park", "state": "PA", "area-code": "412"}, {"id": "3decc6bfadaa436a105714c6ba9f618c", "number": "9039120207", "date": "2021-01-23 11:15:00", "subject": "2", "recorded-or-robo": "Y", "city": "Chandler", "state": "TX", "area-code": "903"}, {"id": "03e293b3df9e35eadf15c56119354086", "number": "9039120207", "date": "2021-01-23 11:15:00", "subject": "2", "recorded-or-robo": "Y", "city": "Chandler", "state": "TX", "area-code": "903"}, {"id": "3decc6bfadaa436a105714c6ba9f5445", "number": "5418964203", "date": "2021-01-14 10:18:00", "subject": "4", "recorded-or-robo": "Y", "city": "Eugene", "state": "OR", "area-code": "541"}, {"id": "03e293b3df9e35eadf15c56119354022", "number": "5418964203", "date": "2021-01-14 10:18:00", "subject": "4", "recorded-or-robo": "Y", "city": "Eugene", "state": "OR", "area-code": "541"}, {"id": "3decc6bfadaa436a105714c6ba9f4a78", "number": "5092004841", "date": "2021-01-24 09:46:00", "subject": "2", "recorded-or-robo": "Y", "city": "", "state": "WA", "area-code": "509"}, {"id": "03e293b3df9e35eadf15c56119353d29", "number": "5092004841", "date": "2021-01-24 09:46:00", "subject": "2", "recorded-or-robo": "Y", "city": "", "state": "WA", "area-code": "509"}, {"id": "3decc6bfadaa436a105714c6ba9f4116", "number": "3013737173", "date": "2021-01-24 12:47:00", "subject": "11", "recorded-or-robo": "Y", "city": "", "state": "MD", "area-code": "301"}]}