{"data": [{"id": "03e293b3df9e35eadf15c5611903ce0f", "number": "8454201471", "date": "2021-01-22 14:18:00", "subject": "0", "recorded-or-robo": "Y", "city": "Suffern", "state": "NY", "area-code": "845"}, {"id": "3decc6bfadaa436a105714c6ba6e01ca", "number": "8132023310", "date": "2021-01-05 14:37:00", "subject": "0", "recorded-or-robo": "Y", "city": "Duluth", "state": "MN", "area-code": "218"}, {"id": "03e293b3df9e35eadf15c5611903c1df", "number": "8132023310", "date": "2021-01-05 14:37:00", "subject": "0", "recorded-or-robo": "Y", "city": "Duluth", "state": "MN", "area-code": "218"}, {"id": "3decc6bfadaa436a105714c6ba833ebe", "number": "5614627236", "date": "2021-01-23 21:45:11", "subject": "3", "recorded-or-robo": "Y", "city": "", "state": "CA", "area-code": "559"}, {"id": "03e293b3df9e35eadf15c56119196f4a", "number": "5614627236", "date": "2021-01-23 21:45:11", "subject": "3", "recorded-or-robo": "Y", "city": "", "state": "CA", "area-code": "559"}, {"id": "3decc6bfadaa436a105714c6ba834121", "number": "5614627236", "date": "2021-01-23 21:45:10", "subject": "3", "recorded-or-robo": "Y", "city": "", "state": "CA", "area-code": "559"}, {"id": "03e293b3df9e35eadf15c5611919786a", "number": "5614627236", "date": "2021-01-23 21:45:10", "subject": "3", "recorded-or-robo": "Y", "city": "", "state": "CA", "area-code": "559"}, {"id": "3decc6bfadaa436a105714c6ba6dfd72", "number": "5203814509", "date": "2021-01-14 14:31:00", "subject": "4", "recorded-or-robo": "Y", "city": "PHOENIX", "state": "AZ", "area-code": "520"}, {"id": "03e293b3df9e35eadf15c5611903bd35", "number": "5203814509", "date": "2021-01-14 14:31:00", "subject": "4", "recorded-or-robo": "Y", "city": "PHOENIX", "state": "AZ", "area-code": "520"}, {"id": "3decc6bfadaa436a105714c6ba6df5a5", "number": "5099105730", "date": "2021-01-23 13:59:00", "subject": "11", "recorded-or-robo": "Y", "city": "Yakima", "state": "WA", "area-code": "509"}, {"id": "03e293b3df9e35eadf15c5611903b3bf", "number": "5099105730", "date": "2021-01-23 13:59:00", "subject": "11", "recorded-or-robo": "Y", "city": "Yakima", "state": "WA", "area-code": "509"}, {"id": "3decc6bfadaa436a105714c6ba833766", "number": "7037046816", "date": "2021-01-23 21:44:33", "subject": "3", "recorded-or-robo": "Y", "city": "", "state": "CO", "area-code": "303"}, {"id": "03e293b3df9e35eadf15c56119195e37", "number": "7037046816", "date": "2021-01-23 21:44:33", "subject": "3", "recorded-or-robo": "Y", "city": "", "state": "CO", "area-code": "303"}, {"id": "3decc6bfadaa436a105714c6ba6de651", "number": "6057414560", "date": "2021-01-21 18:46:00", "subject": "0", "recorded-or-robo": "Y", "city": "Suffern", "state": "NY", "area-code": "845"}, {"id": "3decc6bfadaa436a105714c6ba6de1d1", "number": "8143345461", "date": "2021-01-06 13:43:00", "subject": "0", "recorded-or-robo": "Y", "city": "Duluth", "state": "MN", "area-code": "218"}, {"id": "03e293b3df9e35eadf15c5611903b175", "number": "6057414560", "date": "2021-01-21 18:46:00", "subject": "0", "recorded-or-robo": "Y", "city": "Suffern", "state": "NY", "area-code": "845"}, {"id": "03e293b3df9e35eadf15c5611903b157", "number": "8143345461", "date": "2021-01-06 13:43:00", "subject": "0", "recorded-or-robo": "Y", "city": "Duluth", "state": "MN", "area-code": "218"}, {"id": "3decc6bfadaa436a105714c6ba6dd90b", "number": "2402132502", "date": "2021-01-21 10:15:00", "subject": "0", "recorded-or-robo": "Y", "city": "Camby", "state": "IN", "area-code": "317"}, {"id": "03e293b3df9e35eadf15c5611903a36c", "number": "2402132502", "date": "2021-01-21 10:15:00", "subject": "0", "recorded-or-robo": "Y", "city": "Camby", "state": "IN", "area-code": "317"}, {"id": "3decc6bfadaa436a105714c6ba6dccbb", "number": "4087406436", "date": "2021-01-24 00:00:00", "subject": "0", "recorded-or-robo": "N", "city": "Fremont", "state": "CA", "area-code": "732"}, {"id": "03e293b3df9e35eadf15c5611903951a", "number": "4087406436", "date": "2021-01-24 00:00:00", "subject": "0", "recorded-or-robo": "N", "city": "Fremont", "state": "CA", "area-code": "732"}, {"id": "3decc6bfadaa436a105714c6ba6dbf91", "number": "6027774236", "date": "2021-01-14 08:13:00", "subject": "2", "recorded-or-robo": "Y", "city": "PHOENIX", "state": "AZ", "area-code": "602"}, {"id": "03e293b3df9e35eadf15c561190392ea", "number": "6027774236", "date": "2021-01-14 08:13:00", "subject": "2", "recorded-or-robo": "Y", "city": "PHOENIX", "state": "AZ", "area-code": "602"}, {"id": "3decc6bfadaa436a105714c6ba6dbaff", "number": "4807014697", "date": "2021-01-06 19:33:00", "subject": "0", "recorded-or-robo": "Y", "city": "Duluth", "state": "MN", "area-code": "218"}, {"id": "03e293b3df9e35eadf15c56119038930", "number": "4807014697", "date": "2021-01-06 19:33:00", "subject": "0", "recorded-or-robo": "Y", "city": "Duluth", "state": "MN", "area-code": "218"}, {"id": "3decc6bfadaa436a105714c6ba6db4f3", "number": "7654123402", "date": "2021-01-21 15:27:00", "subject": "6", "recorded-or-robo": "Y", "city": "Camby", "state": "IN", "area-code": "317"}, {"id": "03e293b3df9e35eadf15c56119037ad4", "number": "7654123402", "date": "2021-01-21 15:27:00", "subject": "6", "recorded-or-robo": "Y", "city": "Camby", "state": "IN", "area-code": "317"}, {"id": "3decc6bfadaa436a105714c6ba6db1cc", "number": "6027774236", "date": "2021-01-21 08:17:00", "subject": "2", "recorded-or-robo": "Y", "city": "PHOENIX", "state": "AZ", "area-code": "520"}, {"id": "03e293b3df9e35eadf15c56119037414", "number": "6027774236", "date": "2021-01-21 08:17:00", "subject": "2", "recorded-or-robo": "Y", "city": "PHOENIX", "state": "AZ", "area-code": "520"}, {"id": "3decc6bfadaa436a105714c6ba6dae12", "number": "8768472775", "date": "2021-01-07 13:07:00", "subject": "0", "recorded-or-robo": "Y", "city": "Duluth", "state": "MN", "area-code": "218"}, {"id": "03e293b3df9e35eadf15c56119037249", "number": "8768472775", "date": "2021-01-07 13:07:00", "subject": "0", "recorded-or-robo": "Y", "city": "Duluth", "state": "MN", "area-code": "218"}, {"id": "3decc6bfadaa436a105714c6ba6da4e1", "number": "9048818474", "date": "2021-01-21 18:05:00", "subject": "6", "recorded-or-robo": "Y", "city": "Camby", "state": "IN", "area-code": "317"}, {"id": "3decc6bfadaa436a105714c6ba6d9b77", "number": "4023351360", "date": "2021-01-21 18:00:00", "subject": "2", "recorded-or-robo": "N", "city": "Lincoln", "state": "NE", "area-code": "402"}, {"id": "03e293b3df9e35eadf15c5611903705f", "number": "9048818474", "date": "2021-01-21 18:05:00", "subject": "6", "recorded-or-robo": "Y", "city": "Camby", "state": "IN", "area-code": "317"}, {"id": "03e293b3df9e35eadf15c56119036bf9", "number": "4023351360", "date": "2021-01-21 18:00:00", "subject": "2", "recorded-or-robo": "N", "city": "Lincoln", "state": "NE", "area-code": "402"}, {"id": "3decc6bfadaa436a105714c6ba6d8cac", "number": "8888030812", "date": "2021-01-23 10:17:00", "subject": "2", "recorded-or-robo": "Y", "city": "Oxnard", "state": "CA", "area-code": "805"}, {"id": "03e293b3df9e35eadf15c561190368fb", "number": "8888030812", "date": "2021-01-23 10:17:00", "subject": "2", "recorded-or-robo": "Y", "city": "Oxnard", "state": "CA", "area-code": "805"}, {"id": "3decc6bfadaa436a105714c6ba6d8931", "number": "8767912343", "date": "2021-01-07 18:14:00", "subject": "0", "recorded-or-robo": "Y", "city": "Duluth", "state": "MN", "area-code": "218"}, {"id": "03e293b3df9e35eadf15c56119036643", "number": "8767912343", "date": "2021-01-07 18:14:00", "subject": "0", "recorded-or-robo": "Y", "city": "Duluth", "state": "MN", "area-code": "218"}, {"id": "3decc6bfadaa436a105714c6ba6d7aa3", "number": "3178577039", "date": "2021-01-22 11:34:00", "subject": "0", "recorded-or-robo": "Y", "city": "Camby", "state": "IN", "area-code": "317"}, {"id": "03e293b3df9e35eadf15c56119036074", "number": "3178577039", "date": "2021-01-22 11:34:00", "subject": "0", "recorded-or-robo": "Y", "city": "Camby", "state": "IN", "area-code": "317"}, {"id": "3decc6bfadaa436a105714c6ba6d7700", "number": "6516151921", "date": "2021-01-08 10:19:00", "subject": "0", "recorded-or-robo": "Y", "city": "Duluth", "state": "MN", "area-code": "218"}, {"id": "03e293b3df9e35eadf15c56119035454", "number": "6516151921", "date": "2021-01-08 10:19:00", "subject": "0", "recorded-or-robo": "Y", "city": "Duluth", "state": "MN", "area-code": "218"}, {"id": "3decc6bfadaa436a105714c6ba6d6b1f", "number": "7032158877", "date": "2021-01-22 11:19:00", "subject": "1", "recorded-or-robo": "Y", "city": "", "state": "MD", "area-code": "443"}, {"id": "03e293b3df9e35eadf15c56119034ee2", "number": "7032158877", "date": "2021-01-22 11:19:00", "subject": "1", "recorded-or-robo": "Y", "city": "", "state": "MD", "area-code": "443"}, {"id": "3decc6bfadaa436a105714c6ba6d5fe2", "number": "7639885544", "date": "2021-01-22 12:16:00", "subject": "0", "recorded-or-robo": "Y", "city": "Camby", "state": "IN", "area-code": "317"}, {"id": "03e293b3df9e35eadf15c56119034929", "number": "7639885544", "date": "2021-01-22 12:16:00", "subject": "0", "recorded-or-robo": "Y", "city": "Camby", "state": "IN", "area-code": "317"}, {"id": "3decc6bfadaa436a105714c6ba6d5e7c", "number": "7026379619", "date": "2021-01-08 14:20:00", "subject": "0", "recorded-or-robo": "Y", "city": "Duluth", "state": "MN", "area-code": "218"}, {"id": "03e293b3df9e35eadf15c5611903411b", "number": "7026379619", "date": "2021-01-08 14:20:00", "subject": "0", "recorded-or-robo": "Y", "city": "Duluth", "state": "MN", "area-code": "218"}, {"id": "3decc6bfadaa436a105714c6ba6d559d", "number": "2196953638", "date": "2021-01-22 12:46:00", "subject": "0", "recorded-or-robo": "Y", "city": "Camby", "state": "IN", "area-code": "317"}]}