{"data": [{"id": "1d36742e3f24f50e4e7ae82801f26247", "number": "5034366422", "date": "2021-01-22 12:00:00", "subject": "2", "recorded-or-robo": "Y", "city": "Beaverton", "state": "OR", "area-code": "503"}, {"id": "3decc6bfadaa436a105714c6ba5cc1a3", "number": "7025525124", "date": "2021-01-21 09:30:00", "subject": "1", "recorded-or-robo": "N", "city": "", "state": "AL", "area-code": "256"}, {"id": "3decc6bfadaa436a105714c6ba5cb358", "number": "4359847312", "date": "2021-01-23 12:44:00", "subject": "2", "recorded-or-robo": "N", "city": "Covina", "state": "CA", "area-code": "626"}, {"id": "1d36742e3f24f50e4e7ae82801f26099", "number": "7025525124", "date": "2021-01-21 09:30:00", "subject": "1", "recorded-or-robo": "N", "city": "", "state": "AL", "area-code": "256"}, {"id": "1d36742e3f24f50e4e7ae82801f25573", "number": "4359847312", "date": "2021-01-23 12:44:00", "subject": "2", "recorded-or-robo": "N", "city": "Covina", "state": "CA", "area-code": "626"}, {"id": "3decc6bfadaa436a105714c6ba5ca7d6", "number": "3074796", "date": "2021-01-11 09:33:00", "subject": "1", "recorded-or-robo": "Y", "city": "Fremont", "state": "OH", "area-code": "419"}, {"id": "1d36742e3f24f50e4e7ae82801f24955", "number": "3074796", "date": "2021-01-11 09:33:00", "subject": "1", "recorded-or-robo": "Y", "city": "Fremont", "state": "OH", "area-code": "419"}, {"id": "3decc6bfadaa436a105714c6ba7ee436", "number": "8555478953", "date": "2021-01-23 19:02:55", "subject": "3", "recorded-or-robo": "N", "city": "", "state": "IL", "area-code": "847"}, {"id": "03e293b3df9e35eadf15c56119156c89", "number": "8555478953", "date": "2021-01-23 19:02:55", "subject": "3", "recorded-or-robo": "N", "city": "", "state": "IL", "area-code": "847"}, {"id": "3decc6bfadaa436a105714c6ba5ca03a", "number": "9187756611", "date": "2021-01-20 12:23:00", "subject": "2", "recorded-or-robo": "N", "city": "Tulsa", "state": "OK", "area-code": "918"}, {"id": "1d36742e3f24f50e4e7ae82801f24911", "number": "9187756611", "date": "2021-01-20 12:23:00", "subject": "2", "recorded-or-robo": "N", "city": "Tulsa", "state": "OK", "area-code": "918"}, {"id": "3decc6bfadaa436a105714c6ba7eb6ee", "number": "2157708892", "date": "2021-01-23 19:02:49", "subject": "3", "recorded-or-robo": "Y", "city": "", "state": "CA", "area-code": "510"}, {"id": "03e293b3df9e35eadf15c56119155c0a", "number": "2157708892", "date": "2021-01-23 19:02:49", "subject": "3", "recorded-or-robo": "Y", "city": "", "state": "CA", "area-code": "510"}, {"id": "3decc6bfadaa436a105714c6ba7ecef1", "number": "2157708892", "date": "2021-01-23 19:02:48", "subject": "3", "recorded-or-robo": "Y", "city": "", "state": "CA", "area-code": "510"}, {"id": "03e293b3df9e35eadf15c561191569aa", "number": "2157708892", "date": "2021-01-23 19:02:48", "subject": "3", "recorded-or-robo": "Y", "city": "", "state": "CA", "area-code": "510"}, {"id": "3decc6bfadaa436a105714c6ba5c9942", "number": "8138777146", "date": "2021-01-21 15:08:00", "subject": "2", "recorded-or-robo": "N", "city": "tampa", "state": "FL", "area-code": "813"}, {"id": "1d36742e3f24f50e4e7ae82801f2469c", "number": "8138777146", "date": "2021-01-21 15:08:00", "subject": "2", "recorded-or-robo": "N", "city": "tampa", "state": "FL", "area-code": "813"}, {"id": "3decc6bfadaa436a105714c6ba5c9795", "number": "", "date": "2021-01-22 12:00:00", "subject": "2", "recorded-or-robo": "Y", "city": "", "state": "GA", "area-code": "770"}, {"id": "1d36742e3f24f50e4e7ae82801f24563", "number": "", "date": "2021-01-22 12:00:00", "subject": "2", "recorded-or-robo": "Y", "city": "", "state": "GA", "area-code": "770"}, {"id": "3decc6bfadaa436a105714c6ba5c889c", "number": "", "date": "2021-01-23 12:00:00", "subject": "1", "recorded-or-robo": "Y", "city": "", "state": "WA", "area-code": "509"}, {"id": "1d36742e3f24f50e4e7ae82801f23649", "number": "", "date": "2021-01-23 12:00:00", "subject": "1", "recorded-or-robo": "Y", "city": "", "state": "WA", "area-code": "509"}, {"id": "3decc6bfadaa436a105714c6ba5c23f3", "number": "9016763069", "date": "2021-01-23 17:46:00", "subject": "3", "recorded-or-robo": "", "city": "", "state": "TN", "area-code": "901"}, {"id": "1d36742e3f24f50e4e7ae82801f1ddd7", "number": "9016763069", "date": "2021-01-23 17:46:00", "subject": "3", "recorded-or-robo": "", "city": "", "state": "TN", "area-code": "901"}, {"id": "3decc6bfadaa436a105714c6ba5c8323", "number": "5034366270", "date": "2021-01-23 09:00:00", "subject": "2", "recorded-or-robo": "Y", "city": "Beaverton", "state": "OR", "area-code": "503"}, {"id": "1d36742e3f24f50e4e7ae82801f22fe4", "number": "5034366270", "date": "2021-01-23 09:00:00", "subject": "2", "recorded-or-robo": "Y", "city": "Beaverton", "state": "OR", "area-code": "503"}, {"id": "3decc6bfadaa436a105714c6ba5c78f6", "number": "3474676191", "date": "2021-01-20 14:16:00", "subject": "2", "recorded-or-robo": "N", "city": "Tulsa", "state": "OK", "area-code": "918"}, {"id": "1d36742e3f24f50e4e7ae82801f228b1", "number": "3474676191", "date": "2021-01-20 14:16:00", "subject": "2", "recorded-or-robo": "N", "city": "Tulsa", "state": "OK", "area-code": "918"}, {"id": "3decc6bfadaa436a105714c6ba5c698b", "number": "8133285072", "date": "2021-01-21 16:31:00", "subject": "2", "recorded-or-robo": "N", "city": "tampa", "state": "FL", "area-code": "813"}, {"id": "1d36742e3f24f50e4e7ae82801f21f21", "number": "8133285072", "date": "2021-01-21 16:31:00", "subject": "2", "recorded-or-robo": "N", "city": "tampa", "state": "FL", "area-code": "813"}, {"id": "3decc6bfadaa436a105714c6ba5c620b", "number": "4357752942", "date": "2021-01-23 09:17:00", "subject": "2", "recorded-or-robo": "N", "city": "Covina", "state": "CA", "area-code": "626"}, {"id": "1d36742e3f24f50e4e7ae82801f2175f", "number": "4357752942", "date": "2021-01-23 09:17:00", "subject": "2", "recorded-or-robo": "N", "city": "Covina", "state": "CA", "area-code": "626"}, {"id": "3decc6bfadaa436a105714c6ba5c5e8e", "number": "2538756039", "date": "2021-01-23 14:21:00", "subject": "2", "recorded-or-robo": "Y", "city": "Jonestown", "state": "TX", "area-code": "512"}, {"id": "1d36742e3f24f50e4e7ae82801f20f2c", "number": "2538756039", "date": "2021-01-23 14:21:00", "subject": "2", "recorded-or-robo": "Y", "city": "Jonestown", "state": "TX", "area-code": "512"}, {"id": "3decc6bfadaa436a105714c6ba7eb090", "number": "+16263558964", "date": "2021-01-23 19:01:25", "subject": "3", "recorded-or-robo": "Y", "city": "", "state": "CA", "area-code": "626"}, {"id": "03e293b3df9e35eadf15c56119155996", "number": "+16263558964", "date": "2021-01-23 19:01:25", "subject": "3", "recorded-or-robo": "Y", "city": "", "state": "CA", "area-code": "626"}, {"id": "3decc6bfadaa436a105714c6ba7edba8", "number": "0", "date": "2021-01-23 19:01:16", "subject": "3", "recorded-or-robo": "Y", "city": "", "state": "IN", "area-code": "317"}, {"id": "03e293b3df9e35eadf15c56119156c64", "number": "0", "date": "2021-01-23 19:01:16", "subject": "3", "recorded-or-robo": "Y", "city": "", "state": "IN", "area-code": "317"}, {"id": "3decc6bfadaa436a105714c6ba5c5512", "number": "5616411331", "date": "2021-01-05 12:41:00", "subject": "2", "recorded-or-robo": "Y", "city": "Huntington Beach", "state": "CA", "area-code": "714"}, {"id": "1d36742e3f24f50e4e7ae82801f20386", "number": "5616411331", "date": "2021-01-05 12:41:00", "subject": "2", "recorded-or-robo": "Y", "city": "Huntington Beach", "state": "CA", "area-code": "714"}, {"id": "3decc6bfadaa436a105714c6ba7ea66b", "number": "6202543531", "date": "2021-01-23 19:01:01", "subject": "3", "recorded-or-robo": "Y", "city": "", "state": "FL", "area-code": "954"}, {"id": "03e293b3df9e35eadf15c5611915520c", "number": "6202543531", "date": "2021-01-23 19:01:01", "subject": "3", "recorded-or-robo": "Y", "city": "", "state": "FL", "area-code": "954"}, {"id": "3decc6bfadaa436a105714c6ba7e83a5", "number": "+16262864638", "date": "2021-01-23 19:00:53", "subject": "3", "recorded-or-robo": "N", "city": "", "state": "CA", "area-code": "626"}, {"id": "3decc6bfadaa436a105714c6ba5c4df9", "number": "9187479686", "date": "2021-01-21 11:50:00", "subject": "2", "recorded-or-robo": "N", "city": "Tulsa", "state": "OK", "area-code": "918"}, {"id": "1d36742e3f24f50e4e7ae82801f1fd01", "number": "9187479686", "date": "2021-01-21 11:50:00", "subject": "2", "recorded-or-robo": "N", "city": "Tulsa", "state": "OK", "area-code": "918"}, {"id": "03e293b3df9e35eadf15c561191535dc", "number": "+16262864638", "date": "2021-01-23 19:00:53", "subject": "3", "recorded-or-robo": "N", "city": "", "state": "CA", "area-code": "626"}, {"id": "3decc6bfadaa436a105714c6ba5c3e16", "number": "", "date": "2021-01-23 12:00:00", "subject": "11", "recorded-or-robo": "Y", "city": "", "state": "WA", "area-code": "509"}, {"id": "1d36742e3f24f50e4e7ae82801f1fce2", "number": "", "date": "2021-01-23 12:00:00", "subject": "11", "recorded-or-robo": "Y", "city": "", "state": "WA", "area-code": "509"}, {"id": "3decc6bfadaa436a105714c6ba7e972c", "number": "+16828048284", "date": "2021-01-23 19:00:40", "subject": "3", "recorded-or-robo": "Y", "city": "", "state": "TX", "area-code": "682"}, {"id": "03e293b3df9e35eadf15c5611915452f", "number": "+16828048284", "date": "2021-01-23 19:00:40", "subject": "3", "recorded-or-robo": "Y", "city": "", "state": "TX", "area-code": "682"}, {"id": "3decc6bfadaa436a105714c6ba5c33f2", "number": "8572425705", "date": "2021-01-21 18:36:00", "subject": "2", "recorded-or-robo": "N", "city": "tampa", "state": "FL", "area-code": "813"}]}