{"data": [{"id": "03e293b3df9e35eadf15c561193d64ff", "number": "2013573639", "date": "2021-01-21 13:51:00", "subject": "0", "recorded-or-robo": "Y", "city": "", "state": "NJ", "area-code": "201"}, {"id": "3decc6bfadaa436a105714c6baa74adb", "number": "5053766915", "date": "2021-01-23 00:00:00", "subject": "2", "recorded-or-robo": "Y", "city": "Owasso", "state": "OK", "area-code": "918"}, {"id": "03e293b3df9e35eadf15c561193d64e9", "number": "5053766915", "date": "2021-01-23 00:00:00", "subject": "2", "recorded-or-robo": "Y", "city": "Owasso", "state": "OK", "area-code": "918"}, {"id": "3decc6bfadaa436a105714c6baa74a01", "number": "2605083274", "date": "2021-01-18 13:24:00", "subject": "2", "recorded-or-robo": "Y", "city": "LOS ALTOS", "state": "CA", "area-code": "650"}, {"id": "03e293b3df9e35eadf15c561193d5ca2", "number": "2605083274", "date": "2021-01-18 13:24:00", "subject": "2", "recorded-or-robo": "Y", "city": "LOS ALTOS", "state": "CA", "area-code": "650"}, {"id": "3decc6bfadaa436a105714c6baa73c77", "number": "4408476521", "date": "2021-01-22 12:33:00", "subject": "2", "recorded-or-robo": "", "city": "", "state": "OH", "area-code": "440"}, {"id": "3decc6bfadaa436a105714c6baa7383e", "number": "6366516424", "date": "2021-01-20 11:37:00", "subject": "0", "recorded-or-robo": "Y", "city": "", "state": "MO", "area-code": "636"}, {"id": "03e293b3df9e35eadf15c561193d54eb", "number": "4408476521", "date": "2021-01-22 12:33:00", "subject": "2", "recorded-or-robo": "", "city": "", "state": "OH", "area-code": "440"}, {"id": "03e293b3df9e35eadf15c561193d495d", "number": "6366516424", "date": "2021-01-20 11:37:00", "subject": "0", "recorded-or-robo": "Y", "city": "", "state": "MO", "area-code": "636"}, {"id": "3decc6bfadaa436a105714c6baa735ac", "number": "7324019918", "date": "2021-01-24 13:02:00", "subject": "2", "recorded-or-robo": "Y", "city": "Point Pleasant Boro", "state": "NJ", "area-code": "732"}, {"id": "03e293b3df9e35eadf15c561193d3d95", "number": "7324019918", "date": "2021-01-24 13:02:00", "subject": "2", "recorded-or-robo": "Y", "city": "Point Pleasant Boro", "state": "NJ", "area-code": "732"}, {"id": "3decc6bfadaa436a105714c6baa732ab", "number": "5032068119", "date": "2021-01-22 14:00:00", "subject": "6", "recorded-or-robo": "Y", "city": "Portland", "state": "OR", "area-code": "503"}, {"id": "03e293b3df9e35eadf15c561193d35b5", "number": "5032068119", "date": "2021-01-22 14:00:00", "subject": "6", "recorded-or-robo": "Y", "city": "Portland", "state": "OR", "area-code": "503"}, {"id": "3decc6bfadaa436a105714c6baa7301c", "number": "3853604219", "date": "2021-01-23 00:00:00", "subject": "2", "recorded-or-robo": "Y", "city": "Owasso", "state": "OK", "area-code": "918"}, {"id": "03e293b3df9e35eadf15c561193d2e27", "number": "3853604219", "date": "2021-01-23 00:00:00", "subject": "2", "recorded-or-robo": "Y", "city": "Owasso", "state": "OK", "area-code": "918"}, {"id": "3decc6bfadaa436a105714c6baa7270c", "number": "5859050240", "date": "2021-01-24 11:53:00", "subject": "1", "recorded-or-robo": "Y", "city": "Rochester", "state": "NY", "area-code": "585"}, {"id": "03e293b3df9e35eadf15c561193d2626", "number": "5859050240", "date": "2021-01-24 11:53:00", "subject": "1", "recorded-or-robo": "Y", "city": "Rochester", "state": "NY", "area-code": "585"}, {"id": "3decc6bfadaa436a105714c6baa71aa8", "number": "8203332066", "date": "2021-01-18 14:43:00", "subject": "2", "recorded-or-robo": "Y", "city": "LOS ALTOS", "state": "CA", "area-code": "650"}, {"id": "03e293b3df9e35eadf15c561193d2307", "number": "8203332066", "date": "2021-01-18 14:43:00", "subject": "2", "recorded-or-robo": "Y", "city": "LOS ALTOS", "state": "CA", "area-code": "650"}, {"id": "3decc6bfadaa436a105714c6baa70e07", "number": "2015815745", "date": "2021-01-20 09:16:00", "subject": "0", "recorded-or-robo": "Y", "city": "", "state": "NJ", "area-code": "201"}, {"id": "03e293b3df9e35eadf15c561193d20e7", "number": "2015815745", "date": "2021-01-20 09:16:00", "subject": "0", "recorded-or-robo": "Y", "city": "", "state": "NJ", "area-code": "201"}, {"id": "3decc6bfadaa436a105714c6baa7030f", "number": "2169612675", "date": "2021-01-22 14:35:00", "subject": "2", "recorded-or-robo": "N", "city": "", "state": "OH", "area-code": "440"}, {"id": "03e293b3df9e35eadf15c561193d1612", "number": "2169612675", "date": "2021-01-22 14:35:00", "subject": "2", "recorded-or-robo": "N", "city": "", "state": "OH", "area-code": "440"}, {"id": "3decc6bfadaa436a105714c6baa701a6", "number": "9412093462", "date": "2021-01-19 08:13:00", "subject": "2", "recorded-or-robo": "Y", "city": "LOS ALTOS", "state": "CA", "area-code": "650"}, {"id": "03e293b3df9e35eadf15c561193d14df", "number": "9412093462", "date": "2021-01-19 08:13:00", "subject": "2", "recorded-or-robo": "Y", "city": "LOS ALTOS", "state": "CA", "area-code": "650"}, {"id": "3decc6bfadaa436a105714c6baa6f301", "number": "2543151106", "date": "2021-01-24 12:00:00", "subject": "2", "recorded-or-robo": "Y", "city": "Dallas", "state": "TX", "area-code": "214"}, {"id": "03e293b3df9e35eadf15c561193d0cc8", "number": "2543151106", "date": "2021-01-24 12:00:00", "subject": "2", "recorded-or-robo": "Y", "city": "Dallas", "state": "TX", "area-code": "214"}, {"id": "3decc6bfadaa436a105714c6baa6e6b1", "number": "4105833988", "date": "2021-01-23 11:31:00", "subject": "1", "recorded-or-robo": "Y", "city": "Severna Park", "state": "MD", "area-code": "410"}, {"id": "03e293b3df9e35eadf15c561193cfcd0", "number": "4105833988", "date": "2021-01-23 11:31:00", "subject": "1", "recorded-or-robo": "Y", "city": "Severna Park", "state": "MD", "area-code": "410"}, {"id": "3decc6bfadaa436a105714c6baa6e56b", "number": "4408508676", "date": "2021-01-23 17:40:00", "subject": "2", "recorded-or-robo": "N", "city": "", "state": "OH", "area-code": "440"}, {"id": "03e293b3df9e35eadf15c561193cf3fc", "number": "4408508676", "date": "2021-01-23 17:40:00", "subject": "2", "recorded-or-robo": "N", "city": "", "state": "OH", "area-code": "440"}, {"id": "3decc6bfadaa436a105714c6baa6e314", "number": "3603674201", "date": "2021-01-24 10:34:00", "subject": "1", "recorded-or-robo": "Y", "city": "Auburn", "state": "WA", "area-code": "360"}, {"id": "03e293b3df9e35eadf15c561193ce559", "number": "3603674201", "date": "2021-01-24 10:34:00", "subject": "1", "recorded-or-robo": "Y", "city": "Auburn", "state": "WA", "area-code": "360"}, {"id": "3decc6bfadaa436a105714c6baa6dcc6", "number": "2092792708", "date": "2021-01-19 12:35:00", "subject": "2", "recorded-or-robo": "Y", "city": "LOS ALTOS", "state": "CA", "area-code": "650"}, {"id": "03e293b3df9e35eadf15c561193cd81a", "number": "2092792708", "date": "2021-01-19 12:35:00", "subject": "2", "recorded-or-robo": "Y", "city": "LOS ALTOS", "state": "CA", "area-code": "650"}, {"id": "3decc6bfadaa436a105714c6baa6d296", "number": "4109099762", "date": "2021-01-22 15:25:00", "subject": "2", "recorded-or-robo": "", "city": "Eclectic", "state": "AL", "area-code": "334"}, {"id": "03e293b3df9e35eadf15c561193cd5e5", "number": "4109099762", "date": "2021-01-22 15:25:00", "subject": "2", "recorded-or-robo": "", "city": "Eclectic", "state": "AL", "area-code": "334"}, {"id": "3decc6bfadaa436a105714c6baa6d1ef", "number": "2014204271", "date": "2021-01-19 13:28:00", "subject": "0", "recorded-or-robo": "Y", "city": "", "state": "NJ", "area-code": "201"}, {"id": "03e293b3df9e35eadf15c561193ccf55", "number": "2014204271", "date": "2021-01-19 13:28:00", "subject": "0", "recorded-or-robo": "Y", "city": "", "state": "NJ", "area-code": "201"}, {"id": "3decc6bfadaa436a105714c6baa6ccc7", "number": "3324567658", "date": "2021-01-24 13:37:00", "subject": "1", "recorded-or-robo": "Y", "city": "Cleveland heights", "state": "OH", "area-code": "216"}, {"id": "03e293b3df9e35eadf15c561193cca14", "number": "3324567658", "date": "2021-01-24 13:37:00", "subject": "1", "recorded-or-robo": "Y", "city": "Cleveland heights", "state": "OH", "area-code": "216"}, {"id": "3decc6bfadaa436a105714c6baa6c845", "number": "2703701528", "date": "2021-01-19 13:47:00", "subject": "2", "recorded-or-robo": "Y", "city": "LOS ALTOS", "state": "CA", "area-code": "650"}, {"id": "03e293b3df9e35eadf15c561193cc2e2", "number": "2703701528", "date": "2021-01-19 13:47:00", "subject": "2", "recorded-or-robo": "Y", "city": "LOS ALTOS", "state": "CA", "area-code": "650"}, {"id": "3decc6bfadaa436a105714c6baa6c13f", "number": "7043348804", "date": "2021-01-16 08:00:00", "subject": "2", "recorded-or-robo": "Y", "city": "Owasso", "state": "OK", "area-code": "918"}, {"id": "03e293b3df9e35eadf15c561193cbaad", "number": "7043348804", "date": "2021-01-16 08:00:00", "subject": "2", "recorded-or-robo": "Y", "city": "Owasso", "state": "OK", "area-code": "918"}, {"id": "3decc6bfadaa436a105714c6baa6bd19", "number": "3152328257", "date": "2021-01-23 14:04:00", "subject": "11", "recorded-or-robo": "Y", "city": "Richland", "state": "WA", "area-code": "509"}, {"id": "03e293b3df9e35eadf15c561193cb98a", "number": "3152328257", "date": "2021-01-23 14:04:00", "subject": "11", "recorded-or-robo": "Y", "city": "Richland", "state": "WA", "area-code": "509"}, {"id": "3decc6bfadaa436a105714c6baa6bc2d", "number": "7409600009", "date": "2021-01-24 13:45:00", "subject": "2", "recorded-or-robo": "Y", "city": "Pickerington", "state": "OH", "area-code": "740"}, {"id": "03e293b3df9e35eadf15c561193cb7ab", "number": "7409600009", "date": "2021-01-24 13:45:00", "subject": "2", "recorded-or-robo": "Y", "city": "Pickerington", "state": "OH", "area-code": "740"}, {"id": "3decc6bfadaa436a105714c6baa6b0ca", "number": "4087595136", "date": "2021-01-19 17:29:00", "subject": "2", "recorded-or-robo": "Y", "city": "LOS ALTOS", "state": "CA", "area-code": "650"}]}