{"data": [{"id": "03e293b3df9e35eadf15c5611936dbe8", "number": "4254171838", "date": "2021-01-23 03:45:00", "subject": "1", "recorded-or-robo": "Y", "city": "Bellevue", "state": "WA", "area-code": "425"}, {"id": "3decc6bfadaa436a105714c6baa0c2c9", "number": "8472125930", "date": "2021-01-23 10:00:00", "subject": "11", "recorded-or-robo": "Y", "city": "Des Plaines", "state": "IL", "area-code": "847"}, {"id": "3decc6bfadaa436a105714c6baa0ba90", "number": "", "date": "2021-01-22 12:13:00", "subject": "2", "recorded-or-robo": "Y", "city": "Oklahoma City", "state": "OK", "area-code": "314"}, {"id": "03e293b3df9e35eadf15c5611936cd4c", "number": "8472125930", "date": "2021-01-23 10:00:00", "subject": "11", "recorded-or-robo": "Y", "city": "Des Plaines", "state": "IL", "area-code": "847"}, {"id": "03e293b3df9e35eadf15c5611936be4b", "number": "", "date": "2021-01-22 12:13:00", "subject": "2", "recorded-or-robo": "Y", "city": "Oklahoma City", "state": "OK", "area-code": "314"}, {"id": "3decc6bfadaa436a105714c6baa0b405", "number": "", "date": "2021-01-24 08:06:00", "subject": "1", "recorded-or-robo": "Y", "city": "PASCO", "state": "WA", "area-code": "509"}, {"id": "03e293b3df9e35eadf15c5611936b4b0", "number": "", "date": "2021-01-24 08:06:00", "subject": "1", "recorded-or-robo": "Y", "city": "PASCO", "state": "WA", "area-code": "509"}, {"id": "3decc6bfadaa436a105714c6baa0a416", "number": "3308251031", "date": "2021-01-23 10:44:00", "subject": "7", "recorded-or-robo": "Y", "city": "Akron", "state": "OH", "area-code": "330"}, {"id": "03e293b3df9e35eadf15c5611936b048", "number": "3308251031", "date": "2021-01-23 10:44:00", "subject": "7", "recorded-or-robo": "Y", "city": "Akron", "state": "OH", "area-code": "330"}, {"id": "3decc6bfadaa436a105714c6baa096ef", "number": "4254176570", "date": "2021-01-24 08:55:00", "subject": "1", "recorded-or-robo": "Y", "city": "Bellevue", "state": "WA", "area-code": "425"}, {"id": "03e293b3df9e35eadf15c5611936a546", "number": "4254176570", "date": "2021-01-24 08:55:00", "subject": "1", "recorded-or-robo": "Y", "city": "Bellevue", "state": "WA", "area-code": "425"}, {"id": "3decc6bfadaa436a105714c6baa08e0d", "number": "2095730930", "date": "2021-01-22 12:44:00", "subject": "2", "recorded-or-robo": "Y", "city": "", "state": "CA", "area-code": "209"}, {"id": "03e293b3df9e35eadf15c561193696ec", "number": "2095730930", "date": "2021-01-22 12:44:00", "subject": "2", "recorded-or-robo": "Y", "city": "", "state": "CA", "area-code": "209"}, {"id": "3decc6bfadaa436a105714c6baa08626", "number": "9787074408", "date": "2021-01-21 13:11:00", "subject": "3", "recorded-or-robo": "N", "city": "", "state": "NJ", "area-code": "201"}, {"id": "03e293b3df9e35eadf15c56119368703", "number": "9787074408", "date": "2021-01-21 13:11:00", "subject": "3", "recorded-or-robo": "N", "city": "", "state": "NJ", "area-code": "201"}, {"id": "3decc6bfadaa436a105714c6baa083b6", "number": "3152328257", "date": "2021-01-23 12:00:00", "subject": "2", "recorded-or-robo": "Y", "city": "Binghamton", "state": "NY", "area-code": "607"}, {"id": "03e293b3df9e35eadf15c56119367df4", "number": "3152328257", "date": "2021-01-23 12:00:00", "subject": "2", "recorded-or-robo": "Y", "city": "Binghamton", "state": "NY", "area-code": "607"}, {"id": "3decc6bfadaa436a105714c6baa0821a", "number": "8003252865", "date": "2021-01-22 11:29:00", "subject": "2", "recorded-or-robo": "Y", "city": "Eugene", "state": "OR", "area-code": "541"}, {"id": "03e293b3df9e35eadf15c56119366fd4", "number": "8003252865", "date": "2021-01-22 11:29:00", "subject": "2", "recorded-or-robo": "Y", "city": "Eugene", "state": "OR", "area-code": "541"}, {"id": "3decc6bfadaa436a105714c6baa07f08", "number": "4254171634", "date": "2021-01-24 09:11:00", "subject": "1", "recorded-or-robo": "Y", "city": "Bellevue", "state": "WA", "area-code": "425"}, {"id": "03e293b3df9e35eadf15c56119366f4d", "number": "4254171634", "date": "2021-01-24 09:11:00", "subject": "1", "recorded-or-robo": "Y", "city": "Bellevue", "state": "WA", "area-code": "425"}, {"id": "3decc6bfadaa436a105714c6baa07495", "number": "4069497919", "date": "2021-01-24 10:10:00", "subject": "2", "recorded-or-robo": "Y", "city": "Townsend", "state": "MT", "area-code": "406"}, {"id": "03e293b3df9e35eadf15c56119366115", "number": "4069497919", "date": "2021-01-24 10:10:00", "subject": "2", "recorded-or-robo": "Y", "city": "Townsend", "state": "MT", "area-code": "406"}, {"id": "3decc6bfadaa436a105714c6baa066e7", "number": "5105080926", "date": "2021-01-20 11:00:00", "subject": "2", "recorded-or-robo": "N", "city": "Sutter Creek", "state": "CA", "area-code": "209"}, {"id": "03e293b3df9e35eadf15c5611936604b", "number": "5105080926", "date": "2021-01-20 11:00:00", "subject": "2", "recorded-or-robo": "N", "city": "Sutter Creek", "state": "CA", "area-code": "209"}, {"id": "3decc6bfadaa436a105714c6baa05ccb", "number": "3152328257", "date": "2021-01-24 12:00:00", "subject": "2", "recorded-or-robo": "Y", "city": "St. Louis", "state": "MO", "area-code": "314"}, {"id": "03e293b3df9e35eadf15c56119365e8a", "number": "3152328257", "date": "2021-01-24 12:00:00", "subject": "2", "recorded-or-robo": "Y", "city": "St. Louis", "state": "MO", "area-code": "314"}, {"id": "3decc6bfadaa436a105714c6baa04df4", "number": "7752107183", "date": "2021-01-23 13:30:00", "subject": "0", "recorded-or-robo": "Y", "city": "Des Plaines", "state": "IL", "area-code": "847"}, {"id": "03e293b3df9e35eadf15c56119364ece", "number": "7752107183", "date": "2021-01-23 13:30:00", "subject": "0", "recorded-or-robo": "Y", "city": "Des Plaines", "state": "IL", "area-code": "847"}, {"id": "3decc6bfadaa436a105714c6baa04005", "number": "7027451640", "date": "2021-01-22 12:10:00", "subject": "0", "recorded-or-robo": "N", "city": "Madison", "state": "CT", "area-code": "203"}, {"id": "03e293b3df9e35eadf15c56119364da0", "number": "7027451640", "date": "2021-01-22 12:10:00", "subject": "0", "recorded-or-robo": "N", "city": "Madison", "state": "CT", "area-code": "203"}, {"id": "3decc6bfadaa436a105714c6baa03a23", "number": "3152328257", "date": "2021-01-24 09:34:00", "subject": "11", "recorded-or-robo": "Y", "city": "", "state": "WA", "area-code": "509"}, {"id": "03e293b3df9e35eadf15c56119364774", "number": "3152328257", "date": "2021-01-24 09:34:00", "subject": "11", "recorded-or-robo": "Y", "city": "", "state": "WA", "area-code": "509"}, {"id": "3decc6bfadaa436a105714c6baa0366b", "number": "3609403529", "date": "2021-01-22 13:05:00", "subject": "2", "recorded-or-robo": "Y", "city": "Eugene", "state": "OR", "area-code": "541"}, {"id": "03e293b3df9e35eadf15c561193637f7", "number": "3609403529", "date": "2021-01-22 13:05:00", "subject": "2", "recorded-or-robo": "Y", "city": "Eugene", "state": "OR", "area-code": "541"}, {"id": "3decc6bfadaa436a105714c6baa03350", "number": "7086658243", "date": "2021-01-22 10:30:00", "subject": "0", "recorded-or-robo": "Y", "city": "Des Plaines", "state": "IL", "area-code": "847"}, {"id": "03e293b3df9e35eadf15c5611936379e", "number": "7086658243", "date": "2021-01-22 10:30:00", "subject": "0", "recorded-or-robo": "Y", "city": "Des Plaines", "state": "IL", "area-code": "847"}, {"id": "3decc6bfadaa436a105714c6baa02aed", "number": "6093574716", "date": "2021-01-20 14:08:00", "subject": "3", "recorded-or-robo": "N", "city": "", "state": "NJ", "area-code": "201"}, {"id": "03e293b3df9e35eadf15c56119362811", "number": "6093574716", "date": "2021-01-20 14:08:00", "subject": "3", "recorded-or-robo": "N", "city": "", "state": "NJ", "area-code": "201"}, {"id": "3decc6bfadaa436a105714c6baa01e6b", "number": "2064795531", "date": "2021-01-24 11:44:00", "subject": "2", "recorded-or-robo": "Y", "city": "Canton", "state": "OH", "area-code": "330"}, {"id": "03e293b3df9e35eadf15c56119361bd7", "number": "2064795531", "date": "2021-01-24 11:44:00", "subject": "2", "recorded-or-robo": "Y", "city": "Canton", "state": "OH", "area-code": "330"}, {"id": "3decc6bfadaa436a105714c6baa00e97", "number": "4254179547", "date": "2021-01-24 09:39:00", "subject": "1", "recorded-or-robo": "Y", "city": "Bellevue", "state": "WA", "area-code": "425"}, {"id": "03e293b3df9e35eadf15c56119361590", "number": "4254179547", "date": "2021-01-24 09:39:00", "subject": "1", "recorded-or-robo": "Y", "city": "Bellevue", "state": "WA", "area-code": "425"}, {"id": "3decc6bfadaa436a105714c6baa00c06", "number": "3092332805", "date": "2021-01-21 17:30:00", "subject": "11", "recorded-or-robo": "Y", "city": "Des Plaines", "state": "IL", "area-code": "847"}, {"id": "3decc6bfadaa436a105714c6baa008fe", "number": "8134937370", "date": "2021-01-24 11:22:00", "subject": "2", "recorded-or-robo": "Y", "city": "", "state": "FL", "area-code": "813"}, {"id": "03e293b3df9e35eadf15c5611936067d", "number": "3092332805", "date": "2021-01-21 17:30:00", "subject": "11", "recorded-or-robo": "Y", "city": "Des Plaines", "state": "IL", "area-code": "847"}, {"id": "03e293b3df9e35eadf15c561193602e2", "number": "8134937370", "date": "2021-01-24 11:22:00", "subject": "2", "recorded-or-robo": "Y", "city": "", "state": "FL", "area-code": "813"}, {"id": "3decc6bfadaa436a105714c6baa00039", "number": "8556789284", "date": "2021-01-09 11:00:00", "subject": "11", "recorded-or-robo": "Y", "city": "Mishawaka", "state": "IN", "area-code": "574"}, {"id": "03e293b3df9e35eadf15c5611935fb59", "number": "8556789284", "date": "2021-01-09 11:00:00", "subject": "11", "recorded-or-robo": "Y", "city": "Mishawaka", "state": "IN", "area-code": "574"}, {"id": "3decc6bfadaa436a105714c6baa00032", "number": "5415811596", "date": "2021-01-22 09:17:00", "subject": "4", "recorded-or-robo": "Y", "city": "Eugene", "state": "OR", "area-code": "541"}]}