{"data": [{"id": "03e293b3df9e35eadf15c561194c49bb", "number": "9516567264", "date": "2021-01-07 14:28:00", "subject": "4", "recorded-or-robo": "Y", "city": "San Jose", "state": "CA", "area-code": "408"}, {"id": "3decc6bfadaa436a105714c6bab5be1b", "number": "7278629235", "date": "2021-01-23 11:00:00", "subject": "2", "recorded-or-robo": "Y", "city": "Hudson", "state": "FL", "area-code": "727"}, {"id": "03e293b3df9e35eadf15c561194c4978", "number": "7278629235", "date": "2021-01-23 11:00:00", "subject": "2", "recorded-or-robo": "Y", "city": "Hudson", "state": "FL", "area-code": "727"}, {"id": "3decc6bfadaa436a105714c6bab5b186", "number": "8887463423", "date": "2021-01-23 14:11:00", "subject": "2", "recorded-or-robo": "Y", "city": "Jefferson", "state": "GA", "area-code": "706"}, {"id": "03e293b3df9e35eadf15c561194c3d47", "number": "8887463423", "date": "2021-01-23 14:11:00", "subject": "2", "recorded-or-robo": "Y", "city": "Jefferson", "state": "GA", "area-code": "706"}, {"id": "3decc6bfadaa436a105714c6bab5acbc", "number": "5304470732", "date": "2021-01-19 18:10:00", "subject": "2", "recorded-or-robo": "N", "city": "", "state": "CA", "area-code": "530"}, {"id": "03e293b3df9e35eadf15c561194c303c", "number": "5304470732", "date": "2021-01-19 18:10:00", "subject": "2", "recorded-or-robo": "N", "city": "", "state": "CA", "area-code": "530"}, {"id": "3decc6bfadaa436a105714c6bab5a0ee", "number": "", "date": "2021-01-24 03:29:00", "subject": "11", "recorded-or-robo": "Y", "city": "The Plains", "state": "OH", "area-code": "740"}, {"id": "03e293b3df9e35eadf15c561194c2423", "number": "", "date": "2021-01-24 03:29:00", "subject": "11", "recorded-or-robo": "Y", "city": "The Plains", "state": "OH", "area-code": "740"}, {"id": "3decc6bfadaa436a105714c6bab59f0e", "number": "3144401675", "date": "2021-01-24 14:43:00", "subject": "11", "recorded-or-robo": "Y", "city": "St. Louis", "state": "MO", "area-code": "314"}, {"id": "03e293b3df9e35eadf15c561194c1b76", "number": "3144401675", "date": "2021-01-24 14:43:00", "subject": "11", "recorded-or-robo": "Y", "city": "St. Louis", "state": "MO", "area-code": "314"}, {"id": "3decc6bfadaa436a105714c6bab59dff", "number": "2252307967", "date": "2021-01-22 11:34:00", "subject": "0", "recorded-or-robo": "Y", "city": "Sorrento", "state": "LA", "area-code": "225"}, {"id": "03e293b3df9e35eadf15c561194c1804", "number": "2252307967", "date": "2021-01-22 11:34:00", "subject": "0", "recorded-or-robo": "Y", "city": "Sorrento", "state": "LA", "area-code": "225"}, {"id": "3decc6bfadaa436a105714c6bab5981d", "number": "3045078231", "date": "2021-01-23 13:00:00", "subject": "1", "recorded-or-robo": "Y", "city": "Columbia", "state": "MO", "area-code": "573"}, {"id": "03e293b3df9e35eadf15c561194c0f47", "number": "3045078231", "date": "2021-01-23 13:00:00", "subject": "1", "recorded-or-robo": "Y", "city": "Columbia", "state": "MO", "area-code": "573"}, {"id": "3decc6bfadaa436a105714c6bab59551", "number": "8183525610", "date": "2021-01-22 08:43:00", "subject": "3", "recorded-or-robo": "", "city": "", "state": "CA", "area-code": "818"}, {"id": "03e293b3df9e35eadf15c561194c0684", "number": "8183525610", "date": "2021-01-22 08:43:00", "subject": "3", "recorded-or-robo": "", "city": "", "state": "CA", "area-code": "818"}, {"id": "3decc6bfadaa436a105714c6bab585ca", "number": "2087688870", "date": "2021-01-24 14:52:00", "subject": "1", "recorded-or-robo": "Y", "city": "", "state": "MO", "area-code": "816"}, {"id": "03e293b3df9e35eadf15c561194bfa99", "number": "2087688870", "date": "2021-01-24 14:52:00", "subject": "1", "recorded-or-robo": "Y", "city": "", "state": "MO", "area-code": "816"}, {"id": "3decc6bfadaa436a105714c6bab584a8", "number": "4154675851", "date": "2021-01-22 07:26:00", "subject": "4", "recorded-or-robo": "Y", "city": "", "state": "CA", "area-code": "818"}, {"id": "03e293b3df9e35eadf15c561194bebbd", "number": "4154675851", "date": "2021-01-22 07:26:00", "subject": "4", "recorded-or-robo": "Y", "city": "", "state": "CA", "area-code": "818"}, {"id": "3decc6bfadaa436a105714c6bab5811d", "number": "3177489627", "date": "2021-01-16 18:59:00", "subject": "1", "recorded-or-robo": "Y", "city": "Indianapolis", "state": "IN", "area-code": "317"}, {"id": "03e293b3df9e35eadf15c561194bdfef", "number": "3177489627", "date": "2021-01-16 18:59:00", "subject": "1", "recorded-or-robo": "Y", "city": "Indianapolis", "state": "IN", "area-code": "317"}, {"id": "3decc6bfadaa436a105714c6bab57e70", "number": "", "date": "2021-01-24 12:10:00", "subject": "1", "recorded-or-robo": "Y", "city": "Saint Louis", "state": "MO", "area-code": "314"}, {"id": "03e293b3df9e35eadf15c561194bd30b", "number": "", "date": "2021-01-24 12:10:00", "subject": "1", "recorded-or-robo": "Y", "city": "Saint Louis", "state": "MO", "area-code": "314"}, {"id": "3decc6bfadaa436a105714c6bab572aa", "number": "", "date": "2021-01-17 00:00:00", "subject": "2", "recorded-or-robo": "Y", "city": "", "state": "CA", "area-code": "310"}, {"id": "03e293b3df9e35eadf15c561194bc9af", "number": "", "date": "2021-01-17 00:00:00", "subject": "2", "recorded-or-robo": "Y", "city": "", "state": "CA", "area-code": "310"}, {"id": "3decc6bfadaa436a105714c6bab57069", "number": "3463881581", "date": "2021-01-08 12:00:00", "subject": "5", "recorded-or-robo": "Y", "city": "Woodland Park", "state": "CO", "area-code": "719"}, {"id": "03e293b3df9e35eadf15c561194bbff2", "number": "3463881581", "date": "2021-01-08 12:00:00", "subject": "5", "recorded-or-robo": "Y", "city": "Woodland Park", "state": "CO", "area-code": "719"}, {"id": "3decc6bfadaa436a105714c6bab5639b", "number": "5746743028", "date": "2021-01-22 14:00:00", "subject": "11", "recorded-or-robo": "Y", "city": "Mishawaka", "state": "IN", "area-code": "574"}, {"id": "03e293b3df9e35eadf15c561194bba6f", "number": "5746743028", "date": "2021-01-22 14:00:00", "subject": "11", "recorded-or-robo": "Y", "city": "Mishawaka", "state": "IN", "area-code": "574"}, {"id": "3decc6bfadaa436a105714c6bab55977", "number": "2763021868", "date": "2021-01-23 15:35:00", "subject": "3", "recorded-or-robo": "Y", "city": "Columbia", "state": "MO", "area-code": "573"}, {"id": "03e293b3df9e35eadf15c561194badfb", "number": "2763021868", "date": "2021-01-23 15:35:00", "subject": "3", "recorded-or-robo": "Y", "city": "Columbia", "state": "MO", "area-code": "573"}, {"id": "3decc6bfadaa436a105714c6bab55834", "number": "7196896662", "date": "2021-01-24 01:33:00", "subject": "2", "recorded-or-robo": "Y", "city": "Cripple Creek", "state": "CO", "area-code": "719"}, {"id": "03e293b3df9e35eadf15c561194b9fd3", "number": "7196896662", "date": "2021-01-24 01:33:00", "subject": "2", "recorded-or-robo": "Y", "city": "Cripple Creek", "state": "CO", "area-code": "719"}, {"id": "3decc6bfadaa436a105714c6bab54f01", "number": "3177487494", "date": "2021-01-16 17:50:00", "subject": "1", "recorded-or-robo": "Y", "city": "Indianapolis", "state": "IN", "area-code": "317"}, {"id": "03e293b3df9e35eadf15c561194b9592", "number": "3177487494", "date": "2021-01-16 17:50:00", "subject": "1", "recorded-or-robo": "Y", "city": "Indianapolis", "state": "IN", "area-code": "317"}, {"id": "3decc6bfadaa436a105714c6bab54ae5", "number": "", "date": "2021-01-24 15:33:00", "subject": "2", "recorded-or-robo": "N", "city": "New Port Richey", "state": "FL", "area-code": "727"}, {"id": "03e293b3df9e35eadf15c561194b917e", "number": "", "date": "2021-01-24 15:33:00", "subject": "2", "recorded-or-robo": "N", "city": "New Port Richey", "state": "FL", "area-code": "727"}, {"id": "3decc6bfadaa436a105714c6bab54468", "number": "8763776138", "date": "2021-01-24 14:37:00", "subject": "13", "recorded-or-robo": "Y", "city": "Grant", "state": "AL", "area-code": "256"}, {"id": "03e293b3df9e35eadf15c561194b8e67", "number": "8763776138", "date": "2021-01-24 14:37:00", "subject": "13", "recorded-or-robo": "Y", "city": "Grant", "state": "AL", "area-code": "256"}, {"id": "3decc6bfadaa436a105714c6bab5369c", "number": "2566497320", "date": "2021-01-24 13:45:00", "subject": "3", "recorded-or-robo": "Y", "city": "", "state": "UT", "area-code": "801"}, {"id": "03e293b3df9e35eadf15c561194b8b47", "number": "2566497320", "date": "2021-01-24 13:45:00", "subject": "3", "recorded-or-robo": "Y", "city": "", "state": "UT", "area-code": "801"}, {"id": "3decc6bfadaa436a105714c6bab529f9", "number": "6073548070", "date": "2021-01-04 16:21:00", "subject": "5", "recorded-or-robo": "Y", "city": "Herndon", "state": "NY", "area-code": "607"}, {"id": "03e293b3df9e35eadf15c561194b86a5", "number": "6073548070", "date": "2021-01-04 16:21:00", "subject": "5", "recorded-or-robo": "Y", "city": "Herndon", "state": "NY", "area-code": "607"}, {"id": "3decc6bfadaa436a105714c6bab52543", "number": "5306629259", "date": "2021-01-19 13:55:00", "subject": "2", "recorded-or-robo": "N", "city": "", "state": "CA", "area-code": "530"}, {"id": "03e293b3df9e35eadf15c561194b8247", "number": "5306629259", "date": "2021-01-19 13:55:00", "subject": "2", "recorded-or-robo": "N", "city": "", "state": "CA", "area-code": "530"}, {"id": "3decc6bfadaa436a105714c6bab52159", "number": "3152328527", "date": "2021-01-03 08:01:00", "subject": "11", "recorded-or-robo": "Y", "city": "", "state": "MO", "area-code": "314"}, {"id": "03e293b3df9e35eadf15c561194b77fd", "number": "3152328527", "date": "2021-01-03 08:01:00", "subject": "11", "recorded-or-robo": "Y", "city": "", "state": "MO", "area-code": "314"}, {"id": "3decc6bfadaa436a105714c6bab516f6", "number": "6079485843", "date": "2021-01-06 17:24:00", "subject": "5", "recorded-or-robo": "Y", "city": "Herndon", "state": "NY", "area-code": "607"}]}