{"data": [{"id": "03e293b3df9e35eadf15c561196c4d2b", "number": "3146045302", "date": "2021-01-24 19:07:00", "subject": "11", "recorded-or-robo": "Y", "city": "", "state": "TN", "area-code": "615"}, {"id": "3decc6bfadaa436a105714c6bad68b2c", "number": "7273725195", "date": "2021-01-22 13:06:00", "subject": "0", "recorded-or-robo": "N", "city": "Trinity", "state": "FL", "area-code": "727"}, {"id": "03e293b3df9e35eadf15c561196c4b71", "number": "7273725195", "date": "2021-01-22 13:06:00", "subject": "0", "recorded-or-robo": "N", "city": "Trinity", "state": "FL", "area-code": "727"}, {"id": "3decc6bfadaa436a105714c6bad67cdd", "number": "4147318576", "date": "2021-01-24 19:08:00", "subject": "2", "recorded-or-robo": "Y", "city": "Minneapolis", "state": "WI", "area-code": "414"}, {"id": "03e293b3df9e35eadf15c561196c3c0a", "number": "4147318576", "date": "2021-01-24 19:08:00", "subject": "2", "recorded-or-robo": "Y", "city": "Minneapolis", "state": "WI", "area-code": "414"}, {"id": "3decc6bfadaa436a105714c6bad671b8", "number": "6153778879", "date": "2021-01-21 11:32:00", "subject": "2", "recorded-or-robo": "Y", "city": "", "state": "TN", "area-code": "615"}, {"id": "03e293b3df9e35eadf15c561196c3a53", "number": "6153778879", "date": "2021-01-21 11:32:00", "subject": "2", "recorded-or-robo": "Y", "city": "", "state": "TN", "area-code": "615"}, {"id": "3decc6bfadaa436a105714c6bad66cfc", "number": "8188482902", "date": "2021-01-24 17:40:00", "subject": "12", "recorded-or-robo": "Y", "city": "TUJUNGA", "state": "CA", "area-code": "818"}, {"id": "03e293b3df9e35eadf15c561196c37cc", "number": "8188482902", "date": "2021-01-24 17:40:00", "subject": "12", "recorded-or-robo": "Y", "city": "TUJUNGA", "state": "CA", "area-code": "818"}, {"id": "3decc6bfadaa436a105714c6bad669b4", "number": "4147318332", "date": "2021-01-24 18:50:00", "subject": "2", "recorded-or-robo": "Y", "city": "Minneapolis", "state": "WI", "area-code": "414"}, {"id": "03e293b3df9e35eadf15c561196c30d0", "number": "4147318332", "date": "2021-01-24 18:50:00", "subject": "2", "recorded-or-robo": "Y", "city": "Minneapolis", "state": "WI", "area-code": "414"}, {"id": "3decc6bfadaa436a105714c6bad65a25", "number": "9722431376", "date": "2021-01-24 13:56:00", "subject": "2", "recorded-or-robo": "Y", "city": "FARMERS BRANCH", "state": "TX", "area-code": "972"}, {"id": "03e293b3df9e35eadf15c561196c2f7a", "number": "9722431376", "date": "2021-01-24 13:56:00", "subject": "2", "recorded-or-robo": "Y", "city": "FARMERS BRANCH", "state": "TX", "area-code": "972"}, {"id": "3decc6bfadaa436a105714c6bad64d6e", "number": "7273724776", "date": "2021-01-22 12:53:00", "subject": "0", "recorded-or-robo": "N", "city": "Trinity", "state": "FL", "area-code": "727"}, {"id": "03e293b3df9e35eadf15c561196c2852", "number": "7273724776", "date": "2021-01-22 12:53:00", "subject": "0", "recorded-or-robo": "N", "city": "Trinity", "state": "FL", "area-code": "727"}, {"id": "3decc6bfadaa436a105714c6bad646da", "number": "4147311538", "date": "2021-01-24 18:21:00", "subject": "2", "recorded-or-robo": "Y", "city": "Minneapolis", "state": "WI", "area-code": "414"}, {"id": "03e293b3df9e35eadf15c561196c188a", "number": "4147311538", "date": "2021-01-24 18:21:00", "subject": "2", "recorded-or-robo": "Y", "city": "Minneapolis", "state": "WI", "area-code": "414"}, {"id": "3decc6bfadaa436a105714c6bad63ed8", "number": "4147314198", "date": "2021-01-24 18:09:00", "subject": "2", "recorded-or-robo": "Y", "city": "Minneapolis", "state": "WI", "area-code": "414"}, {"id": "03e293b3df9e35eadf15c561196c137f", "number": "4147314198", "date": "2021-01-24 18:09:00", "subject": "2", "recorded-or-robo": "Y", "city": "Minneapolis", "state": "WI", "area-code": "414"}, {"id": "3decc6bfadaa436a105714c6bad63563", "number": "8189379353", "date": "2021-01-24 12:39:00", "subject": "12", "recorded-or-robo": "Y", "city": "TUJUNGA", "state": "CA", "area-code": "818"}, {"id": "03e293b3df9e35eadf15c561196c094b", "number": "8189379353", "date": "2021-01-24 12:39:00", "subject": "12", "recorded-or-robo": "Y", "city": "TUJUNGA", "state": "CA", "area-code": "818"}, {"id": "3decc6bfadaa436a105714c6bad62af0", "number": "7274470108", "date": "2021-01-22 12:52:00", "subject": "11", "recorded-or-robo": "Y", "city": "Trinity", "state": "FL", "area-code": "727"}, {"id": "03e293b3df9e35eadf15c561196c0949", "number": "7274470108", "date": "2021-01-22 12:52:00", "subject": "11", "recorded-or-robo": "Y", "city": "Trinity", "state": "FL", "area-code": "727"}, {"id": "3decc6bfadaa436a105714c6bad61b21", "number": "9722438114", "date": "2021-01-24 15:27:00", "subject": "2", "recorded-or-robo": "Y", "city": "FARMERS BRANCH", "state": "TX", "area-code": "972"}, {"id": "03e293b3df9e35eadf15c561196c02b0", "number": "9722438114", "date": "2021-01-24 15:27:00", "subject": "2", "recorded-or-robo": "Y", "city": "FARMERS BRANCH", "state": "TX", "area-code": "972"}, {"id": "3decc6bfadaa436a105714c6bad6088b", "number": "4434284984", "date": "2021-01-14 20:43:00", "subject": "3", "recorded-or-robo": "", "city": "", "state": "MD", "area-code": "301"}, {"id": "03e293b3df9e35eadf15c561196beffd", "number": "4434284984", "date": "2021-01-14 20:43:00", "subject": "3", "recorded-or-robo": "", "city": "", "state": "MD", "area-code": "301"}, {"id": "3decc6bfadaa436a105714c6bad60df8", "number": "414731417077", "date": "2021-01-24 17:58:00", "subject": "2", "recorded-or-robo": "Y", "city": "Minneapolis", "state": "WI", "area-code": "414"}, {"id": "03e293b3df9e35eadf15c561196bf6cb", "number": "414731417077", "date": "2021-01-24 17:58:00", "subject": "2", "recorded-or-robo": "Y", "city": "Minneapolis", "state": "WI", "area-code": "414"}, {"id": "3decc6bfadaa436a105714c6bad5fe85", "number": "4147311522", "date": "2021-01-24 17:46:00", "subject": "2", "recorded-or-robo": "Y", "city": "Minneapolis", "state": "MN", "area-code": "414"}, {"id": "03e293b3df9e35eadf15c561196be141", "number": "4147311522", "date": "2021-01-24 17:46:00", "subject": "2", "recorded-or-robo": "Y", "city": "Minneapolis", "state": "MN", "area-code": "414"}, {"id": "3decc6bfadaa436a105714c6bad5f73b", "number": "7179931454", "date": "2021-01-18 09:03:00", "subject": "3", "recorded-or-robo": "", "city": "", "state": "MD", "area-code": "301"}, {"id": "03e293b3df9e35eadf15c561196bdec4", "number": "7179931454", "date": "2021-01-18 09:03:00", "subject": "3", "recorded-or-robo": "", "city": "", "state": "MD", "area-code": "301"}, {"id": "3decc6bfadaa436a105714c6bad5f44f", "number": "2173686091", "date": "2021-01-23 12:24:00", "subject": "3", "recorded-or-robo": "N", "city": "Springfield", "state": "IL", "area-code": "217"}, {"id": "03e293b3df9e35eadf15c561196bd284", "number": "2173686091", "date": "2021-01-23 12:24:00", "subject": "3", "recorded-or-robo": "N", "city": "Springfield", "state": "IL", "area-code": "217"}, {"id": "3decc6bfadaa436a105714c6bad5e58d", "number": "", "date": "2021-01-24 19:52:00", "subject": "1", "recorded-or-robo": "Y", "city": "St. Petersburg", "state": "FL", "area-code": "727"}, {"id": "03e293b3df9e35eadf15c561196bcb7d", "number": "", "date": "2021-01-24 19:52:00", "subject": "1", "recorded-or-robo": "Y", "city": "St. Petersburg", "state": "FL", "area-code": "727"}, {"id": "3decc6bfadaa436a105714c6bad5dd7e", "number": "7278195097", "date": "2021-01-22 10:42:00", "subject": "0", "recorded-or-robo": "N", "city": "Trinity", "state": "FL", "area-code": "727"}, {"id": "03e293b3df9e35eadf15c561196bc1b7", "number": "7278195097", "date": "2021-01-22 10:42:00", "subject": "0", "recorded-or-robo": "N", "city": "Trinity", "state": "FL", "area-code": "727"}, {"id": "3decc6bfadaa436a105714c6bad5d516", "number": "5202537372", "date": "2021-01-24 19:02:00", "subject": "0", "recorded-or-robo": "Y", "city": "Oro Valley", "state": "AZ", "area-code": "520"}, {"id": "03e293b3df9e35eadf15c561196bbd6f", "number": "5202537372", "date": "2021-01-24 19:02:00", "subject": "0", "recorded-or-robo": "Y", "city": "Oro Valley", "state": "AZ", "area-code": "520"}, {"id": "3decc6bfadaa436a105714c6bad5ca49", "number": "3017503168", "date": "2021-01-18 10:08:00", "subject": "3", "recorded-or-robo": "", "city": "", "state": "MD", "area-code": "301"}, {"id": "03e293b3df9e35eadf15c561196bb414", "number": "3017503168", "date": "2021-01-18 10:08:00", "subject": "3", "recorded-or-robo": "", "city": "", "state": "MD", "area-code": "301"}, {"id": "3decc6bfadaa436a105714c6bad5bd9b", "number": "3216229225", "date": "2021-01-21 18:48:00", "subject": "0", "recorded-or-robo": "N", "city": "Trinity", "state": "FL", "area-code": "727"}, {"id": "03e293b3df9e35eadf15c561196baa2f", "number": "3216229225", "date": "2021-01-21 18:48:00", "subject": "0", "recorded-or-robo": "N", "city": "Trinity", "state": "FL", "area-code": "727"}, {"id": "3decc6bfadaa436a105714c6bad5b0fc", "number": "8003471000", "date": "2021-01-22 09:13:00", "subject": "0", "recorded-or-robo": "Y", "city": "Tucson", "state": "AZ", "area-code": "520"}, {"id": "03e293b3df9e35eadf15c561196ba88a", "number": "8003471000", "date": "2021-01-22 09:13:00", "subject": "0", "recorded-or-robo": "Y", "city": "Tucson", "state": "AZ", "area-code": "520"}, {"id": "3decc6bfadaa436a105714c6bad5a423", "number": "5203558011", "date": "2021-01-22 11:41:00", "subject": "0", "recorded-or-robo": "Y", "city": "Tucson", "state": "AZ", "area-code": "520"}, {"id": "03e293b3df9e35eadf15c561196ba0b9", "number": "5203558011", "date": "2021-01-22 11:41:00", "subject": "0", "recorded-or-robo": "Y", "city": "Tucson", "state": "AZ", "area-code": "520"}, {"id": "3decc6bfadaa436a105714c6bad59a07", "number": "3017503168", "date": "2021-01-18 13:20:00", "subject": "3", "recorded-or-robo": "", "city": "", "state": "MD", "area-code": "301"}]}