{"data": [{"id": "1d36742e3f24f50e4e7ae82801f5998c", "number": "5596824622", "date": "2021-01-22 11:30:00", "subject": "4", "recorded-or-robo": "Y", "city": "Rch Cucamonga", "state": "CA", "area-code": "909"}, {"id": "3decc6bfadaa436a105714c6ba5f95b9", "number": "", "date": "2021-01-22 08:00:00", "subject": "2", "recorded-or-robo": "Y", "city": "", "state": "WY", "area-code": "307"}, {"id": "1d36742e3f24f50e4e7ae82801f58d70", "number": "", "date": "2021-01-22 08:00:00", "subject": "2", "recorded-or-robo": "Y", "city": "", "state": "WY", "area-code": "307"}, {"id": "3decc6bfadaa436a105714c6ba7fe34a", "number": "6267903367", "date": "2021-01-23 19:24:34", "subject": "3", "recorded-or-robo": "Y", "city": "", "state": "CA", "area-code": "626"}, {"id": "03e293b3df9e35eadf15c561191642db", "number": "6267903367", "date": "2021-01-23 19:24:34", "subject": "3", "recorded-or-robo": "Y", "city": "", "state": "CA", "area-code": "626"}, {"id": "3decc6bfadaa436a105714c6ba5f8885", "number": "5164475787", "date": "2021-01-20 12:43:00", "subject": "0", "recorded-or-robo": "", "city": "", "state": "MD", "area-code": "410"}, {"id": "1d36742e3f24f50e4e7ae82801f58758", "number": "5164475787", "date": "2021-01-20 12:43:00", "subject": "0", "recorded-or-robo": "", "city": "", "state": "MD", "area-code": "410"}, {"id": "3decc6bfadaa436a105714c6ba5f7d46", "number": "5309988884", "date": "2021-01-23 17:04:00", "subject": "1", "recorded-or-robo": "N", "city": "Parrish", "state": "CA", "area-code": "530"}, {"id": "1d36742e3f24f50e4e7ae82801f57f28", "number": "5309988884", "date": "2021-01-23 17:04:00", "subject": "1", "recorded-or-robo": "N", "city": "Parrish", "state": "CA", "area-code": "530"}, {"id": "3decc6bfadaa436a105714c6ba5f7c2f", "number": "2084529513", "date": "2021-01-22 14:47:00", "subject": "4", "recorded-or-robo": "Y", "city": "Lewiston", "state": "ID", "area-code": "208"}, {"id": "1d36742e3f24f50e4e7ae82801f57a95", "number": "2084529513", "date": "2021-01-22 14:47:00", "subject": "4", "recorded-or-robo": "Y", "city": "Lewiston", "state": "ID", "area-code": "208"}, {"id": "3decc6bfadaa436a105714c6ba5f6c74", "number": "4104006345", "date": "2021-01-19 18:17:00", "subject": "0", "recorded-or-robo": "", "city": "", "state": "MD", "area-code": "410"}, {"id": "1d36742e3f24f50e4e7ae82801f57154", "number": "4104006345", "date": "2021-01-19 18:17:00", "subject": "0", "recorded-or-robo": "", "city": "", "state": "MD", "area-code": "410"}, {"id": "3decc6bfadaa436a105714c6ba5f6093", "number": "6098581482", "date": "2021-01-23 18:27:00", "subject": "0", "recorded-or-robo": "Y", "city": "", "state": "NJ", "area-code": "609"}, {"id": "1d36742e3f24f50e4e7ae82801f570b9", "number": "6098581482", "date": "2021-01-23 18:27:00", "subject": "0", "recorded-or-robo": "Y", "city": "", "state": "NJ", "area-code": "609"}, {"id": "3decc6bfadaa436a105714c6ba5f56a2", "number": "4194137084", "date": "2021-01-23 11:11:00", "subject": "3", "recorded-or-robo": "Y", "city": "", "state": "OH", "area-code": "419"}, {"id": "1d36742e3f24f50e4e7ae82801f5666d", "number": "4194137084", "date": "2021-01-23 11:11:00", "subject": "3", "recorded-or-robo": "Y", "city": "", "state": "OH", "area-code": "419"}, {"id": "3decc6bfadaa436a105714c6ba5f4e7f", "number": "", "date": "2021-01-23 16:21:00", "subject": "11", "recorded-or-robo": "Y", "city": "", "state": "WA", "area-code": "360"}, {"id": "1d36742e3f24f50e4e7ae82801f5631f", "number": "", "date": "2021-01-23 16:21:00", "subject": "11", "recorded-or-robo": "Y", "city": "", "state": "WA", "area-code": "360"}, {"id": "3decc6bfadaa436a105714c6ba5f3fbf", "number": "2102773481", "date": "2021-01-23 17:18:00", "subject": "7", "recorded-or-robo": "Y", "city": "San Antonio", "state": "TX", "area-code": "210"}, {"id": "1d36742e3f24f50e4e7ae82801f555b7", "number": "2102773481", "date": "2021-01-23 17:18:00", "subject": "7", "recorded-or-robo": "Y", "city": "San Antonio", "state": "TX", "area-code": "210"}, {"id": "3decc6bfadaa436a105714c6ba5f3949", "number": "", "date": "2021-01-11 16:30:00", "subject": "12", "recorded-or-robo": "Y", "city": "Oceanside", "state": "CA", "area-code": "760"}, {"id": "1d36742e3f24f50e4e7ae82801f54a44", "number": "", "date": "2021-01-11 16:30:00", "subject": "12", "recorded-or-robo": "Y", "city": "Oceanside", "state": "CA", "area-code": "760"}, {"id": "3decc6bfadaa436a105714c6ba5f3465", "number": "5309500267", "date": "2021-01-23 19:17:00", "subject": "1", "recorded-or-robo": "N", "city": "Parrish", "state": "FL", "area-code": "530"}, {"id": "1d36742e3f24f50e4e7ae82801f53e62", "number": "5309500267", "date": "2021-01-23 19:17:00", "subject": "1", "recorded-or-robo": "N", "city": "Parrish", "state": "FL", "area-code": "530"}, {"id": "3decc6bfadaa436a105714c6ba5f2d82", "number": "5107061821", "date": "2021-01-23 16:14:00", "subject": "2", "recorded-or-robo": "Y", "city": "San Franisco", "state": "CA", "area-code": "415"}, {"id": "1d36742e3f24f50e4e7ae82801f53b6c", "number": "5107061821", "date": "2021-01-23 16:14:00", "subject": "2", "recorded-or-robo": "Y", "city": "San Franisco", "state": "CA", "area-code": "415"}, {"id": "3decc6bfadaa436a105714c6ba5f2c54", "number": "6097399308", "date": "2021-01-23 12:23:00", "subject": "0", "recorded-or-robo": "Y", "city": "", "state": "NJ", "area-code": "609"}, {"id": "1d36742e3f24f50e4e7ae82801f52ca3", "number": "6097399308", "date": "2021-01-23 12:23:00", "subject": "0", "recorded-or-robo": "Y", "city": "", "state": "NJ", "area-code": "609"}, {"id": "3decc6bfadaa436a105714c6ba5f2283", "number": "3013428333", "date": "2021-01-18 13:48:00", "subject": "0", "recorded-or-robo": "", "city": "", "state": "MD", "area-code": "410"}, {"id": "1d36742e3f24f50e4e7ae82801f5219b", "number": "3013428333", "date": "2021-01-18 13:48:00", "subject": "0", "recorded-or-robo": "", "city": "", "state": "MD", "area-code": "410"}, {"id": "3decc6bfadaa436a105714c6ba5f1766", "number": "6029220404", "date": "2021-01-23 17:14:00", "subject": "0", "recorded-or-robo": "Y", "city": "Raleigh", "state": "NC", "area-code": "919"}, {"id": "1d36742e3f24f50e4e7ae82801f51996", "number": "6029220404", "date": "2021-01-23 17:14:00", "subject": "0", "recorded-or-robo": "Y", "city": "Raleigh", "state": "NC", "area-code": "919"}, {"id": "3decc6bfadaa436a105714c6ba5f083b", "number": "5716852888", "date": "2021-01-23 12:16:00", "subject": "0", "recorded-or-robo": "Y", "city": "", "state": "CT", "area-code": "860"}, {"id": "1d36742e3f24f50e4e7ae82801f51782", "number": "5716852888", "date": "2021-01-23 12:16:00", "subject": "0", "recorded-or-robo": "Y", "city": "", "state": "CT", "area-code": "860"}, {"id": "3decc6bfadaa436a105714c6ba7fc6a5", "number": "2124441652", "date": "2021-01-23 19:21:20", "subject": "3", "recorded-or-robo": "Y", "city": "", "state": "NY", "area-code": "212"}, {"id": "03e293b3df9e35eadf15c56119162d91", "number": "2124441652", "date": "2021-01-23 19:21:20", "subject": "3", "recorded-or-robo": "Y", "city": "", "state": "NY", "area-code": "212"}, {"id": "3decc6bfadaa436a105714c6ba5f03ec", "number": "6093584676", "date": "2021-01-22 13:03:00", "subject": "0", "recorded-or-robo": "Y", "city": "Abilene", "state": "TX", "area-code": "325"}, {"id": "1d36742e3f24f50e4e7ae82801f50a8e", "number": "6093584676", "date": "2021-01-22 13:03:00", "subject": "0", "recorded-or-robo": "Y", "city": "Abilene", "state": "TX", "area-code": "325"}, {"id": "3decc6bfadaa436a105714c6ba5ef90c", "number": "8779364336", "date": "2021-01-21 19:40:00", "subject": "0", "recorded-or-robo": "N", "city": "Phoenix", "state": "AZ", "area-code": "480"}, {"id": "1d36742e3f24f50e4e7ae82801f507a6", "number": "8779364336", "date": "2021-01-21 19:40:00", "subject": "0", "recorded-or-robo": "N", "city": "Phoenix", "state": "AZ", "area-code": "480"}, {"id": "3decc6bfadaa436a105714c6ba5ef1ee", "number": "8008722557", "date": "2021-01-22 12:03:00", "subject": "0", "recorded-or-robo": "Y", "city": "Inver Grove Heights", "state": "MN", "area-code": "651"}, {"id": "1d36742e3f24f50e4e7ae82801f4fb67", "number": "8008722557", "date": "2021-01-22 12:03:00", "subject": "0", "recorded-or-robo": "Y", "city": "Inver Grove Heights", "state": "MN", "area-code": "651"}, {"id": "3decc6bfadaa436a105714c6ba5ee7f3", "number": "4106704477", "date": "2021-01-18 15:30:00", "subject": "0", "recorded-or-robo": "", "city": "", "state": "MD", "area-code": "410"}, {"id": "1d36742e3f24f50e4e7ae82801f4f262", "number": "4106704477", "date": "2021-01-18 15:30:00", "subject": "0", "recorded-or-robo": "", "city": "", "state": "MD", "area-code": "410"}, {"id": "3decc6bfadaa436a105714c6ba5edda8", "number": "6029220404", "date": "2021-01-23 12:37:00", "subject": "0", "recorded-or-robo": "Y", "city": "Raleigh", "state": "NC", "area-code": "919"}, {"id": "3decc6bfadaa436a105714c6ba5eda26", "number": "5187353452", "date": "2021-01-23 11:10:00", "subject": "4", "recorded-or-robo": "N", "city": "Hunter", "state": "NY", "area-code": "518"}, {"id": "1d36742e3f24f50e4e7ae82801f4efc7", "number": "6029220404", "date": "2021-01-23 12:37:00", "subject": "0", "recorded-or-robo": "Y", "city": "Raleigh", "state": "NC", "area-code": "919"}, {"id": "1d36742e3f24f50e4e7ae82801f4e642", "number": "5187353452", "date": "2021-01-23 11:10:00", "subject": "4", "recorded-or-robo": "N", "city": "Hunter", "state": "NY", "area-code": "518"}, {"id": "3decc6bfadaa436a105714c6ba5ed258", "number": "3615485904", "date": "2021-01-23 11:04:00", "subject": "0", "recorded-or-robo": "Y", "city": "Abilene", "state": "TX", "area-code": "325"}]}