{"data": [{"id": "03e293b3df9e35eadf15c5611926acf1", "number": "8009918708", "date": "2021-01-21 10:49:00", "subject": "2", "recorded-or-robo": "Y", "city": "", "state": "IL", "area-code": "815"}, {"id": "3decc6bfadaa436a105714c6ba9048f8", "number": "3802050998", "date": "2021-01-23 09:25:00", "subject": "2", "recorded-or-robo": "N", "city": "HYDE PARK", "state": "MA", "area-code": "617"}, {"id": "03e293b3df9e35eadf15c5611926a86a", "number": "3802050998", "date": "2021-01-23 09:25:00", "subject": "2", "recorded-or-robo": "N", "city": "HYDE PARK", "state": "MA", "area-code": "617"}, {"id": "3decc6bfadaa436a105714c6ba903b4d", "number": "3133816856", "date": "2021-01-24 10:02:00", "subject": "2", "recorded-or-robo": "Y", "city": "Detroit", "state": "MI", "area-code": "313"}, {"id": "03e293b3df9e35eadf15c5611926a0ca", "number": "3133816856", "date": "2021-01-24 10:02:00", "subject": "2", "recorded-or-robo": "Y", "city": "Detroit", "state": "MI", "area-code": "313"}, {"id": "3decc6bfadaa436a105714c6ba9033d6", "number": "8767887803", "date": "2021-01-23 13:08:00", "subject": "1", "recorded-or-robo": "N", "city": "Huntsville", "state": "AL", "area-code": "256"}, {"id": "03e293b3df9e35eadf15c5611926977f", "number": "8767887803", "date": "2021-01-23 13:08:00", "subject": "1", "recorded-or-robo": "N", "city": "Huntsville", "state": "AL", "area-code": "256"}, {"id": "3decc6bfadaa436a105714c6ba902e79", "number": "8155249094", "date": "2021-01-21 14:00:00", "subject": "2", "recorded-or-robo": "Y", "city": "", "state": "IL", "area-code": "815"}, {"id": "03e293b3df9e35eadf15c56119269178", "number": "8155249094", "date": "2021-01-21 14:00:00", "subject": "2", "recorded-or-robo": "Y", "city": "", "state": "IL", "area-code": "815"}, {"id": "3decc6bfadaa436a105714c6ba901f9b", "number": "2149150554", "date": "2021-01-21 00:00:00", "subject": "1", "recorded-or-robo": "Y", "city": "", "state": "TX", "area-code": "214"}, {"id": "03e293b3df9e35eadf15c561192685f9", "number": "2149150554", "date": "2021-01-21 00:00:00", "subject": "1", "recorded-or-robo": "Y", "city": "", "state": "TX", "area-code": "214"}, {"id": "3decc6bfadaa436a105714c6ba901789", "number": "6173645706", "date": "2021-01-21 11:42:00", "subject": "2", "recorded-or-robo": "N", "city": "HYDE PARK", "state": "MA", "area-code": "617"}, {"id": "03e293b3df9e35eadf15c56119268395", "number": "6173645706", "date": "2021-01-21 11:42:00", "subject": "2", "recorded-or-robo": "N", "city": "HYDE PARK", "state": "MA", "area-code": "617"}, {"id": "3decc6bfadaa436a105714c6ba900908", "number": "8003471000", "date": "2021-01-21 15:21:00", "subject": "2", "recorded-or-robo": "Y", "city": "", "state": "IL", "area-code": "815"}, {"id": "03e293b3df9e35eadf15c5611926776d", "number": "8003471000", "date": "2021-01-21 15:21:00", "subject": "2", "recorded-or-robo": "Y", "city": "", "state": "IL", "area-code": "815"}, {"id": "3decc6bfadaa436a105714c6ba900541", "number": "44822835833", "date": "2021-01-23 10:04:00", "subject": "2", "recorded-or-robo": "", "city": "Saratoga Spring", "state": "NY", "area-code": "518"}, {"id": "03e293b3df9e35eadf15c561192675f8", "number": "44822835833", "date": "2021-01-23 10:04:00", "subject": "2", "recorded-or-robo": "", "city": "Saratoga Spring", "state": "NY", "area-code": "518"}, {"id": "3decc6bfadaa436a105714c6ba8ffab7", "number": "8563353322", "date": "2021-01-13 15:00:00", "subject": "0", "recorded-or-robo": "N", "city": "", "state": "NJ", "area-code": "856"}, {"id": "03e293b3df9e35eadf15c56119266fd2", "number": "8563353322", "date": "2021-01-13 15:00:00", "subject": "0", "recorded-or-robo": "N", "city": "", "state": "NJ", "area-code": "856"}, {"id": "3decc6bfadaa436a105714c6ba8ff804", "number": "8009918708", "date": "2021-01-22 14:53:00", "subject": "2", "recorded-or-robo": "Y", "city": "", "state": "IL", "area-code": "815"}, {"id": "03e293b3df9e35eadf15c56119266edd", "number": "8009918708", "date": "2021-01-22 14:53:00", "subject": "2", "recorded-or-robo": "Y", "city": "", "state": "IL", "area-code": "815"}, {"id": "3decc6bfadaa436a105714c6ba8ff077", "number": "6176169931", "date": "2021-01-20 16:58:00", "subject": "2", "recorded-or-robo": "N", "city": "HYDE PARK", "state": "MA", "area-code": "617"}, {"id": "03e293b3df9e35eadf15c56119266304", "number": "6176169931", "date": "2021-01-20 16:58:00", "subject": "2", "recorded-or-robo": "N", "city": "HYDE PARK", "state": "MA", "area-code": "617"}, {"id": "3decc6bfadaa436a105714c6ba8fe862", "number": "8158870318", "date": "2021-01-23 11:01:00", "subject": "2", "recorded-or-robo": "Y", "city": "", "state": "IL", "area-code": "815"}, {"id": "03e293b3df9e35eadf15c5611926610f", "number": "8158870318", "date": "2021-01-23 11:01:00", "subject": "2", "recorded-or-robo": "Y", "city": "", "state": "IL", "area-code": "815"}, {"id": "3decc6bfadaa436a105714c6ba8fdc96", "number": "8562840505", "date": "2021-01-13 14:22:00", "subject": "0", "recorded-or-robo": "N", "city": "", "state": "NJ", "area-code": "856"}, {"id": "03e293b3df9e35eadf15c56119265963", "number": "8562840505", "date": "2021-01-13 14:22:00", "subject": "0", "recorded-or-robo": "N", "city": "", "state": "NJ", "area-code": "856"}, {"id": "3decc6bfadaa436a105714c6ba8fd1cf", "number": "6173888906", "date": "2021-01-20 17:43:00", "subject": "2", "recorded-or-robo": "N", "city": "HYDE PARK", "state": "MA", "area-code": "617"}, {"id": "03e293b3df9e35eadf15c56119265142", "number": "6173888906", "date": "2021-01-20 17:43:00", "subject": "2", "recorded-or-robo": "N", "city": "HYDE PARK", "state": "MA", "area-code": "617"}, {"id": "3decc6bfadaa436a105714c6ba8fce0f", "number": "2155101656", "date": "2021-01-19 16:20:00", "subject": "2", "recorded-or-robo": "Y", "city": "", "state": "IL", "area-code": "815"}, {"id": "03e293b3df9e35eadf15c56119264ddd", "number": "2155101656", "date": "2021-01-19 16:20:00", "subject": "2", "recorded-or-robo": "Y", "city": "", "state": "IL", "area-code": "815"}, {"id": "3decc6bfadaa436a105714c6ba8fcc91", "number": "7815280217", "date": "2021-01-20 18:16:00", "subject": "2", "recorded-or-robo": "N", "city": "HYDE PARK", "state": "MA", "area-code": "617"}, {"id": "03e293b3df9e35eadf15c5611926465d", "number": "7815280217", "date": "2021-01-20 18:16:00", "subject": "2", "recorded-or-robo": "N", "city": "HYDE PARK", "state": "MA", "area-code": "617"}, {"id": "3decc6bfadaa436a105714c6ba8fc19f", "number": "7082524966", "date": "2021-01-14 17:31:00", "subject": "4", "recorded-or-robo": "N", "city": "", "state": "IL", "area-code": "708"}, {"id": "03e293b3df9e35eadf15c56119263eaf", "number": "7082524966", "date": "2021-01-14 17:31:00", "subject": "4", "recorded-or-robo": "N", "city": "", "state": "IL", "area-code": "708"}, {"id": "3decc6bfadaa436a105714c6ba8fb2bc", "number": "815620336", "date": "2021-01-20 09:49:00", "subject": "2", "recorded-or-robo": "Y", "city": "", "state": "IL", "area-code": "815"}, {"id": "03e293b3df9e35eadf15c56119263db0", "number": "815620336", "date": "2021-01-20 09:49:00", "subject": "2", "recorded-or-robo": "Y", "city": "", "state": "IL", "area-code": "815"}, {"id": "3decc6bfadaa436a105714c6ba8fad80", "number": "6176169934", "date": "2021-01-19 18:20:00", "subject": "2", "recorded-or-robo": "N", "city": "HYDE PARK", "state": "MA", "area-code": "617"}, {"id": "03e293b3df9e35eadf15c561192631e4", "number": "6176169934", "date": "2021-01-19 18:20:00", "subject": "2", "recorded-or-robo": "N", "city": "HYDE PARK", "state": "MA", "area-code": "617"}, {"id": "3decc6bfadaa436a105714c6ba8fa2ac", "number": "8563353322", "date": "2021-01-13 11:59:00", "subject": "0", "recorded-or-robo": "N", "city": "", "state": "NJ", "area-code": "856"}, {"id": "03e293b3df9e35eadf15c56119262f64", "number": "8563353322", "date": "2021-01-13 11:59:00", "subject": "0", "recorded-or-robo": "N", "city": "", "state": "NJ", "area-code": "856"}, {"id": "3decc6bfadaa436a105714c6ba8fa235", "number": "4432539300", "date": "2021-01-24 09:01:00", "subject": "2", "recorded-or-robo": "Y", "city": "Annapolis", "state": "MD", "area-code": "410"}, {"id": "03e293b3df9e35eadf15c5611926228f", "number": "4432539300", "date": "2021-01-24 09:01:00", "subject": "2", "recorded-or-robo": "Y", "city": "Annapolis", "state": "MD", "area-code": "410"}, {"id": "3decc6bfadaa436a105714c6ba8f9cb7", "number": "8159104822", "date": "2021-01-20 13:26:00", "subject": "2", "recorded-or-robo": "Y", "city": "", "state": "IL", "area-code": "815"}, {"id": "03e293b3df9e35eadf15c56119261864", "number": "8159104822", "date": "2021-01-20 13:26:00", "subject": "2", "recorded-or-robo": "Y", "city": "", "state": "IL", "area-code": "815"}, {"id": "3decc6bfadaa436a105714c6ba8f8eb4", "number": "5025579590", "date": "2021-01-23 15:07:00", "subject": "6", "recorded-or-robo": "N", "city": "Petersburg", "state": "FL", "area-code": "502"}, {"id": "03e293b3df9e35eadf15c56119260f55", "number": "5025579590", "date": "2021-01-23 15:07:00", "subject": "6", "recorded-or-robo": "N", "city": "Petersburg", "state": "FL", "area-code": "502"}, {"id": "3decc6bfadaa436a105714c6ba8f8ce7", "number": "9034508317", "date": "2021-01-23 10:30:00", "subject": "6", "recorded-or-robo": "N", "city": "Petersburg", "state": "FL", "area-code": "502"}, {"id": "03e293b3df9e35eadf15c561192607ab", "number": "9034508317", "date": "2021-01-23 10:30:00", "subject": "6", "recorded-or-robo": "N", "city": "Petersburg", "state": "FL", "area-code": "502"}, {"id": "3decc6bfadaa436a105714c6ba8f82c7", "number": "7542284278", "date": "2021-01-23 13:39:00", "subject": "3", "recorded-or-robo": "Y", "city": "FORT LEE", "state": "NJ", "area-code": "201"}]}