{"data": [{"id": "1d36742e3f24f50e4e7ae82801f36ca7", "number": "", "date": "2021-01-23 03:04:00", "subject": "2", "recorded-or-robo": "Y", "city": "Beaumont", "state": "TX", "area-code": "409"}, {"id": "3decc6bfadaa436a105714c6ba5da527", "number": "4586750936", "date": "2021-01-21 11:30:00", "subject": "2", "recorded-or-robo": "Y", "city": "Beaverton", "state": "OR", "area-code": "503"}, {"id": "1d36742e3f24f50e4e7ae82801f364e9", "number": "4586750936", "date": "2021-01-21 11:30:00", "subject": "2", "recorded-or-robo": "Y", "city": "Beaverton", "state": "OR", "area-code": "503"}, {"id": "3decc6bfadaa436a105714c6ba7f4dda", "number": "+12108173363", "date": "2021-01-23 19:10:42", "subject": "3", "recorded-or-robo": "Y", "city": "", "state": "TX", "area-code": "830"}, {"id": "03e293b3df9e35eadf15c5611915bbdd", "number": "+12108173363", "date": "2021-01-23 19:10:42", "subject": "3", "recorded-or-robo": "Y", "city": "", "state": "TX", "area-code": "830"}, {"id": "3decc6bfadaa436a105714c6ba5d95ed", "number": "5043696727", "date": "2021-01-22 09:40:00", "subject": "2", "recorded-or-robo": "N", "city": "tampa", "state": "FL", "area-code": "813"}, {"id": "1d36742e3f24f50e4e7ae82801f35803", "number": "5043696727", "date": "2021-01-22 09:40:00", "subject": "2", "recorded-or-robo": "N", "city": "tampa", "state": "FL", "area-code": "813"}, {"id": "3decc6bfadaa436a105714c6ba5d92d2", "number": "3152328257", "date": "2021-01-11 00:00:00", "subject": "11", "recorded-or-robo": "Y", "city": "St. Louis", "state": "MO", "area-code": "314"}, {"id": "1d36742e3f24f50e4e7ae82801f34e90", "number": "3152328257", "date": "2021-01-11 00:00:00", "subject": "11", "recorded-or-robo": "Y", "city": "St. Louis", "state": "MO", "area-code": "314"}, {"id": "3decc6bfadaa436a105714c6ba5d904c", "number": "9286669085", "date": "2021-01-23 15:30:00", "subject": "3", "recorded-or-robo": "Y", "city": "Yuma", "state": "AZ", "area-code": "928"}, {"id": "1d36742e3f24f50e4e7ae82801f346bf", "number": "9286669085", "date": "2021-01-23 15:30:00", "subject": "3", "recorded-or-robo": "Y", "city": "Yuma", "state": "AZ", "area-code": "928"}, {"id": "3decc6bfadaa436a105714c6ba7f5c44", "number": "3324568221", "date": "2021-01-23 19:09:44", "subject": "3", "recorded-or-robo": "Y", "city": "", "state": "VA", "area-code": "571"}, {"id": "3decc6bfadaa436a105714c6ba5d8ca9", "number": "8563763034", "date": "2021-01-22 19:17:00", "subject": "4", "recorded-or-robo": "N", "city": "", "state": "NJ", "area-code": "856"}, {"id": "1d36742e3f24f50e4e7ae82801f33fea", "number": "8563763034", "date": "2021-01-22 19:17:00", "subject": "4", "recorded-or-robo": "N", "city": "", "state": "NJ", "area-code": "856"}, {"id": "03e293b3df9e35eadf15c5611915c7c2", "number": "3324568221", "date": "2021-01-23 19:09:44", "subject": "3", "recorded-or-robo": "Y", "city": "", "state": "VA", "area-code": "571"}, {"id": "3decc6bfadaa436a105714c6ba5d7ddc", "number": "5099794525", "date": "2021-01-23 16:00:00", "subject": "11", "recorded-or-robo": "Y", "city": "", "state": "WA", "area-code": "509"}, {"id": "1d36742e3f24f50e4e7ae82801f33db5", "number": "5099794525", "date": "2021-01-23 16:00:00", "subject": "11", "recorded-or-robo": "Y", "city": "", "state": "WA", "area-code": "509"}, {"id": "3decc6bfadaa436a105714c6ba5d71a6", "number": "4827941190", "date": "2021-01-22 11:14:00", "subject": "2", "recorded-or-robo": "N", "city": "tampa", "state": "FL", "area-code": "813"}, {"id": "1d36742e3f24f50e4e7ae82801f335ed", "number": "4827941190", "date": "2021-01-22 11:14:00", "subject": "2", "recorded-or-robo": "N", "city": "tampa", "state": "FL", "area-code": "813"}, {"id": "3decc6bfadaa436a105714c6ba5d64ef", "number": "4077172495", "date": "2021-01-23 16:30:00", "subject": "2", "recorded-or-robo": "N", "city": "", "state": "FL", "area-code": "407"}, {"id": "1d36742e3f24f50e4e7ae82801f32b3d", "number": "4077172495", "date": "2021-01-23 16:30:00", "subject": "2", "recorded-or-robo": "N", "city": "", "state": "FL", "area-code": "407"}, {"id": "3decc6bfadaa436a105714c6ba5d6132", "number": "8455209189", "date": "2021-01-23 12:30:00", "subject": "7", "recorded-or-robo": "N", "city": "Fishkill", "state": "NY", "area-code": "845"}, {"id": "1d36742e3f24f50e4e7ae82801f31d26", "number": "8455209189", "date": "2021-01-23 12:30:00", "subject": "7", "recorded-or-robo": "N", "city": "Fishkill", "state": "NY", "area-code": "845"}, {"id": "3decc6bfadaa436a105714c6ba5d5ac9", "number": "5033741011", "date": "2021-01-21 14:00:00", "subject": "2", "recorded-or-robo": "Y", "city": "Beaverton", "state": "OR", "area-code": "503"}, {"id": "1d36742e3f24f50e4e7ae82801f31382", "number": "5033741011", "date": "2021-01-21 14:00:00", "subject": "2", "recorded-or-robo": "Y", "city": "Beaverton", "state": "OR", "area-code": "503"}, {"id": "3decc6bfadaa436a105714c6ba7f0ed2", "number": "+16303946881", "date": "2021-01-23 19:08:49", "subject": "3", "recorded-or-robo": "N", "city": "", "state": "IL", "area-code": "630"}, {"id": "03e293b3df9e35eadf15c561191597be", "number": "+16303946881", "date": "2021-01-23 19:08:49", "subject": "3", "recorded-or-robo": "N", "city": "", "state": "IL", "area-code": "630"}, {"id": "3decc6bfadaa436a105714c6ba7f1c9b", "number": "+13093244070", "date": "2021-01-23 19:08:37", "subject": "3", "recorded-or-robo": "N", "city": "", "state": "IL", "area-code": "630"}, {"id": "03e293b3df9e35eadf15c56119159e25", "number": "+13093244070", "date": "2021-01-23 19:08:37", "subject": "3", "recorded-or-robo": "N", "city": "", "state": "IL", "area-code": "630"}, {"id": "3decc6bfadaa436a105714c6ba5d5a96", "number": "8134977803", "date": "2021-01-22 11:32:00", "subject": "2", "recorded-or-robo": "N", "city": "tampa", "state": "FL", "area-code": "813"}, {"id": "1d36742e3f24f50e4e7ae82801f30853", "number": "8134977803", "date": "2021-01-22 11:32:00", "subject": "2", "recorded-or-robo": "N", "city": "tampa", "state": "FL", "area-code": "813"}, {"id": "3decc6bfadaa436a105714c6ba7f6251", "number": "+19713098183", "date": "2021-01-23 19:08:22", "subject": "3", "recorded-or-robo": "N", "city": "", "state": "IL", "area-code": "630"}, {"id": "03e293b3df9e35eadf15c5611915d1bc", "number": "+19713098183", "date": "2021-01-23 19:08:22", "subject": "3", "recorded-or-robo": "N", "city": "", "state": "IL", "area-code": "630"}, {"id": "3decc6bfadaa436a105714c6ba7f42ff", "number": "+16303946881", "date": "2021-01-23 19:08:06", "subject": "3", "recorded-or-robo": "N", "city": "", "state": "IL", "area-code": "630"}, {"id": "03e293b3df9e35eadf15c5611915b43d", "number": "+16303946881", "date": "2021-01-23 19:08:06", "subject": "3", "recorded-or-robo": "N", "city": "", "state": "IL", "area-code": "630"}, {"id": "3decc6bfadaa436a105714c6ba7f00e9", "number": "+13093244047", "date": "2021-01-23 19:07:53", "subject": "3", "recorded-or-robo": "N", "city": "", "state": "IL", "area-code": "630"}, {"id": "03e293b3df9e35eadf15c56119158829", "number": "+13093244047", "date": "2021-01-23 19:07:53", "subject": "3", "recorded-or-robo": "N", "city": "", "state": "IL", "area-code": "630"}, {"id": "3decc6bfadaa436a105714c6ba7f566b", "number": "+15136443365", "date": "2021-01-23 19:07:50", "subject": "3", "recorded-or-robo": "Y", "city": "", "state": "OH", "area-code": "513"}, {"id": "03e293b3df9e35eadf15c5611915c3eb", "number": "+15136443365", "date": "2021-01-23 19:07:50", "subject": "3", "recorded-or-robo": "Y", "city": "", "state": "OH", "area-code": "513"}, {"id": "3decc6bfadaa436a105714c6ba5d563f", "number": "8042530968", "date": "2021-01-23 19:02:00", "subject": "12", "recorded-or-robo": "N", "city": "Ashland", "state": "VA", "area-code": "804"}, {"id": "1d36742e3f24f50e4e7ae82801f2fa91", "number": "8042530968", "date": "2021-01-23 19:02:00", "subject": "12", "recorded-or-robo": "N", "city": "Ashland", "state": "VA", "area-code": "804"}, {"id": "3decc6bfadaa436a105714c6ba5d5230", "number": "7029319344", "date": "2021-01-23 13:33:00", "subject": "2", "recorded-or-robo": "Y", "city": "Henderson", "state": "NV", "area-code": "702"}, {"id": "1d36742e3f24f50e4e7ae82801f2f026", "number": "7029319344", "date": "2021-01-23 13:33:00", "subject": "2", "recorded-or-robo": "Y", "city": "Henderson", "state": "NV", "area-code": "702"}, {"id": "3decc6bfadaa436a105714c6ba5d4d96", "number": "", "date": "2021-01-22 12:00:00", "subject": "2", "recorded-or-robo": "Y", "city": "Warrensburg", "state": "MO", "area-code": "314"}, {"id": "1d36742e3f24f50e4e7ae82801f2ec72", "number": "", "date": "2021-01-22 12:00:00", "subject": "2", "recorded-or-robo": "Y", "city": "Warrensburg", "state": "MO", "area-code": "314"}, {"id": "3decc6bfadaa436a105714c6ba5d486c", "number": "8134977803", "date": "2021-01-22 12:57:00", "subject": "2", "recorded-or-robo": "N", "city": "tampa", "state": "FL", "area-code": "813"}, {"id": "3decc6bfadaa436a105714c6ba5d4490", "number": "5036898427", "date": "2021-01-21 14:00:00", "subject": "2", "recorded-or-robo": "Y", "city": "Beaverton", "state": "OR", "area-code": "503"}, {"id": "1d36742e3f24f50e4e7ae82801f2df9f", "number": "8134977803", "date": "2021-01-22 12:57:00", "subject": "2", "recorded-or-robo": "N", "city": "tampa", "state": "FL", "area-code": "813"}, {"id": "1d36742e3f24f50e4e7ae82801f2d482", "number": "5036898427", "date": "2021-01-21 14:00:00", "subject": "2", "recorded-or-robo": "Y", "city": "Beaverton", "state": "OR", "area-code": "503"}, {"id": "3decc6bfadaa436a105714c6ba5d43dd", "number": "3152328257", "date": "2021-01-23 14:55:00", "subject": "11", "recorded-or-robo": "Y", "city": "Spokane Valley", "state": "WA", "area-code": "509"}]}