{"data": [{"id": "03e293b3df9e35eadf15c561195ce465", "number": "6062202231", "date": "2021-01-12 15:01:00", "subject": "2", "recorded-or-robo": "Y", "city": "Winchester", "state": "KY", "area-code": "859"}, {"id": "3decc6bfadaa436a105714c6bac6c4af", "number": "", "date": "2021-01-24 18:44:00", "subject": "11", "recorded-or-robo": "Y", "city": "Fishers", "state": "IN", "area-code": "317"}, {"id": "03e293b3df9e35eadf15c561195cdf31", "number": "", "date": "2021-01-24 18:44:00", "subject": "11", "recorded-or-robo": "Y", "city": "Fishers", "state": "IN", "area-code": "317"}, {"id": "3decc6bfadaa436a105714c6bac6bb1d", "number": "8882804331", "date": "2021-01-24 15:41:00", "subject": "2", "recorded-or-robo": "Y", "city": "New York", "state": "NY", "area-code": "718"}, {"id": "03e293b3df9e35eadf15c561195cd1b1", "number": "8882804331", "date": "2021-01-24 15:41:00", "subject": "2", "recorded-or-robo": "Y", "city": "New York", "state": "NY", "area-code": "718"}, {"id": "3decc6bfadaa436a105714c6bac6ae22", "number": "8556780909", "date": "2021-01-24 18:34:00", "subject": "16", "recorded-or-robo": "Y", "city": "Ruskin", "state": "FL", "area-code": "813"}, {"id": "03e293b3df9e35eadf15c561195cce54", "number": "8556780909", "date": "2021-01-24 18:34:00", "subject": "16", "recorded-or-robo": "Y", "city": "Ruskin", "state": "FL", "area-code": "813"}, {"id": "3decc6bfadaa436a105714c6bac6a840", "number": "3145179470", "date": "2021-01-24 17:18:00", "subject": "2", "recorded-or-robo": "Y", "city": "St Louis", "state": "MO", "area-code": "314"}, {"id": "03e293b3df9e35eadf15c561195cc865", "number": "3145179470", "date": "2021-01-24 17:18:00", "subject": "2", "recorded-or-robo": "Y", "city": "St Louis", "state": "MO", "area-code": "314"}, {"id": "3decc6bfadaa436a105714c6bac6a125", "number": "4149404577", "date": "2021-01-24 16:46:00", "subject": "11", "recorded-or-robo": "Y", "city": "Greendale", "state": "WI", "area-code": "414"}, {"id": "03e293b3df9e35eadf15c561195cbbc3", "number": "4149404577", "date": "2021-01-24 16:46:00", "subject": "11", "recorded-or-robo": "Y", "city": "Greendale", "state": "WI", "area-code": "414"}, {"id": "3decc6bfadaa436a105714c6bac6969f", "number": "3174966158", "date": "2021-01-24 18:43:00", "subject": "2", "recorded-or-robo": "Y", "city": "Fishers", "state": "IN", "area-code": "317"}, {"id": "03e293b3df9e35eadf15c561195cb663", "number": "3174966158", "date": "2021-01-24 18:43:00", "subject": "2", "recorded-or-robo": "Y", "city": "Fishers", "state": "IN", "area-code": "317"}, {"id": "3decc6bfadaa436a105714c6bac68ab8", "number": "2029181056", "date": "2021-01-23 15:02:00", "subject": "8", "recorded-or-robo": "Y", "city": "", "state": "MN", "area-code": "763"}, {"id": "03e293b3df9e35eadf15c561195cafc6", "number": "2029181056", "date": "2021-01-23 15:02:00", "subject": "8", "recorded-or-robo": "Y", "city": "", "state": "MN", "area-code": "763"}, {"id": "3decc6bfadaa436a105714c6bac68a82", "number": "3174967384", "date": "2021-01-24 16:54:00", "subject": "2", "recorded-or-robo": "Y", "city": "Fishers", "state": "IN", "area-code": "317"}, {"id": "03e293b3df9e35eadf15c561195ca891", "number": "3174967384", "date": "2021-01-24 16:54:00", "subject": "2", "recorded-or-robo": "Y", "city": "Fishers", "state": "IN", "area-code": "317"}, {"id": "3decc6bfadaa436a105714c6bac681aa", "number": "9302082112", "date": "2021-01-24 17:20:00", "subject": "7", "recorded-or-robo": "Y", "city": "", "state": "IN", "area-code": "930"}, {"id": "03e293b3df9e35eadf15c561195c9bdb", "number": "9302082112", "date": "2021-01-24 17:20:00", "subject": "7", "recorded-or-robo": "Y", "city": "", "state": "IN", "area-code": "930"}, {"id": "3decc6bfadaa436a105714c6bac6759b", "number": "", "date": "2021-01-23 09:02:00", "subject": "3", "recorded-or-robo": "", "city": "", "state": "CO", "area-code": "303"}, {"id": "03e293b3df9e35eadf15c561195c7bc5", "number": "", "date": "2021-01-23 09:02:00", "subject": "3", "recorded-or-robo": "", "city": "", "state": "CO", "area-code": "303"}, {"id": "3decc6bfadaa436a105714c6bac67a9b", "number": "4149403377", "date": "2021-01-24 14:00:00", "subject": "2", "recorded-or-robo": "Y", "city": "MUKWONAGO", "state": "WI", "area-code": "414"}, {"id": "03e293b3df9e35eadf15c561195c8de2", "number": "4149403377", "date": "2021-01-24 14:00:00", "subject": "2", "recorded-or-robo": "Y", "city": "MUKWONAGO", "state": "WI", "area-code": "414"}, {"id": "3decc6bfadaa436a105714c6bac676fc", "number": "6604229135", "date": "2021-01-24 16:41:00", "subject": "2", "recorded-or-robo": "Y", "city": "", "state": "MO", "area-code": "660"}, {"id": "03e293b3df9e35eadf15c561195c8524", "number": "6604229135", "date": "2021-01-24 16:41:00", "subject": "2", "recorded-or-robo": "Y", "city": "", "state": "MO", "area-code": "660"}, {"id": "3decc6bfadaa436a105714c6bac6687a", "number": "3174969058", "date": "2021-01-24 17:27:00", "subject": "2", "recorded-or-robo": "Y", "city": "Fishers", "state": "IN", "area-code": "317"}, {"id": "3decc6bfadaa436a105714c6bac660ae", "number": "4149437023", "date": "2021-01-24 05:40:00", "subject": "11", "recorded-or-robo": "Y", "city": "West Allis", "state": "WI", "area-code": "414"}, {"id": "03e293b3df9e35eadf15c561195c78e0", "number": "3174969058", "date": "2021-01-24 17:27:00", "subject": "2", "recorded-or-robo": "Y", "city": "Fishers", "state": "IN", "area-code": "317"}, {"id": "03e293b3df9e35eadf15c561195c7776", "number": "4149437023", "date": "2021-01-24 05:40:00", "subject": "11", "recorded-or-robo": "Y", "city": "West Allis", "state": "WI", "area-code": "414"}, {"id": "3decc6bfadaa436a105714c6bac65ee3", "number": "3105048036", "date": "2021-01-20 13:27:00", "subject": "2", "recorded-or-robo": "Y", "city": "", "state": "CA", "area-code": "310"}, {"id": "03e293b3df9e35eadf15c561195c6d49", "number": "3105048036", "date": "2021-01-20 13:27:00", "subject": "2", "recorded-or-robo": "Y", "city": "", "state": "CA", "area-code": "310"}, {"id": "3decc6bfadaa436a105714c6bac65b09", "number": "5595963906", "date": "2021-01-23 12:29:00", "subject": "0", "recorded-or-robo": "Y", "city": "", "state": "CA", "area-code": "310"}, {"id": "03e293b3df9e35eadf15c561195c62ca", "number": "5595963906", "date": "2021-01-23 12:29:00", "subject": "0", "recorded-or-robo": "Y", "city": "", "state": "CA", "area-code": "310"}, {"id": "3decc6bfadaa436a105714c6bac64f3a", "number": "6612148838", "date": "2021-01-24 17:41:00", "subject": "0", "recorded-or-robo": "Y", "city": "", "state": "FL", "area-code": "941"}, {"id": "03e293b3df9e35eadf15c561195c571c", "number": "6612148838", "date": "2021-01-24 17:41:00", "subject": "0", "recorded-or-robo": "Y", "city": "", "state": "FL", "area-code": "941"}, {"id": "3decc6bfadaa436a105714c6bac64f29", "number": "3174963841", "date": "2021-01-24 18:21:00", "subject": "2", "recorded-or-robo": "Y", "city": "Fishers", "state": "IN", "area-code": "317"}, {"id": "03e293b3df9e35eadf15c561195c496d", "number": "3174963841", "date": "2021-01-24 18:21:00", "subject": "2", "recorded-or-robo": "Y", "city": "Fishers", "state": "IN", "area-code": "317"}, {"id": "3decc6bfadaa436a105714c6bac647ea", "number": "5628189755", "date": "2021-01-24 15:00:00", "subject": "3", "recorded-or-robo": "Y", "city": "", "state": "CA", "area-code": "562"}, {"id": "03e293b3df9e35eadf15c561195c3f47", "number": "5628189755", "date": "2021-01-24 15:00:00", "subject": "3", "recorded-or-robo": "Y", "city": "", "state": "CA", "area-code": "562"}, {"id": "3decc6bfadaa436a105714c6bac6442b", "number": "3174963441", "date": "2021-01-24 18:36:00", "subject": "2", "recorded-or-robo": "Y", "city": "Fishers", "state": "IN", "area-code": "317"}, {"id": "03e293b3df9e35eadf15c561195c39e8", "number": "3174963441", "date": "2021-01-24 18:36:00", "subject": "2", "recorded-or-robo": "Y", "city": "Fishers", "state": "IN", "area-code": "317"}, {"id": "3decc6bfadaa436a105714c6bac63857", "number": "9736217199", "date": "2021-01-24 18:34:00", "subject": "2", "recorded-or-robo": "Y", "city": "", "state": "NJ", "area-code": "973"}, {"id": "03e293b3df9e35eadf15c561195c354d", "number": "9736217199", "date": "2021-01-24 18:34:00", "subject": "2", "recorded-or-robo": "Y", "city": "", "state": "NJ", "area-code": "973"}, {"id": "3decc6bfadaa436a105714c6bac6348c", "number": "9894826626", "date": "2021-01-24 18:26:00", "subject": "0", "recorded-or-robo": "Y", "city": "", "state": "MI", "area-code": "989"}, {"id": "03e293b3df9e35eadf15c561195c31e1", "number": "9894826626", "date": "2021-01-24 18:26:00", "subject": "0", "recorded-or-robo": "Y", "city": "", "state": "MI", "area-code": "989"}, {"id": "3decc6bfadaa436a105714c6bac62abc", "number": "5628189755", "date": "2021-01-24 15:29:00", "subject": "2", "recorded-or-robo": "Y", "city": "", "state": "CA", "area-code": "562"}, {"id": "03e293b3df9e35eadf15c561195c2a43", "number": "5628189755", "date": "2021-01-24 15:29:00", "subject": "2", "recorded-or-robo": "Y", "city": "", "state": "CA", "area-code": "562"}, {"id": "3decc6bfadaa436a105714c6bac61f5e", "number": "8641798355", "date": "2021-01-24 17:00:00", "subject": "2", "recorded-or-robo": "N", "city": "Northwood", "state": "NH", "area-code": "978"}, {"id": "03e293b3df9e35eadf15c561195c22d9", "number": "8641798355", "date": "2021-01-24 17:00:00", "subject": "2", "recorded-or-robo": "N", "city": "Northwood", "state": "NH", "area-code": "978"}, {"id": "3decc6bfadaa436a105714c6bac61e69", "number": "4097912273", "date": "2021-01-24 16:17:00", "subject": "11", "recorded-or-robo": "Y", "city": "", "state": "TX", "area-code": "409"}]}