{"data": [{"id": "1d36742e3f24f50e4e7ae82801d96d0b", "number": "2488657844", "date": "2021-01-23 13:16:00", "subject": "2", "recorded-or-robo": "Y", "city": "Rochester Hills", "state": "MI", "area-code": "248"}, {"id": "3decc6bfadaa436a105714c6ba43b1eb", "number": "7252292946", "date": "2021-01-08 15:35:00", "subject": "13", "recorded-or-robo": "Y", "city": "Ocean Springs", "state": "MS", "area-code": "228"}, {"id": "1d36742e3f24f50e4e7ae82801d961b8", "number": "7252292946", "date": "2021-01-08 15:35:00", "subject": "13", "recorded-or-robo": "Y", "city": "Ocean Springs", "state": "MS", "area-code": "228"}, {"id": "3decc6bfadaa436a105714c6ba43a538", "number": "7722271515", "date": "2021-01-20 09:23:00", "subject": "3", "recorded-or-robo": "", "city": "PALM CITY", "state": "FL", "area-code": "772"}, {"id": "1d36742e3f24f50e4e7ae82801d95d7a", "number": "7722271515", "date": "2021-01-20 09:23:00", "subject": "3", "recorded-or-robo": "", "city": "PALM CITY", "state": "FL", "area-code": "772"}, {"id": "3decc6bfadaa436a105714c6ba43a4ba", "number": "4073596692", "date": "2021-01-12 11:18:00", "subject": "2", "recorded-or-robo": "", "city": "", "state": "AK", "area-code": "907"}, {"id": "1d36742e3f24f50e4e7ae82801d95322", "number": "4073596692", "date": "2021-01-12 11:18:00", "subject": "2", "recorded-or-robo": "", "city": "", "state": "AK", "area-code": "907"}, {"id": "3decc6bfadaa436a105714c6ba7bbaa0", "number": "4707453601", "date": "2021-01-23 17:47:09", "subject": "3", "recorded-or-robo": "Y", "city": "", "state": "GA", "area-code": "470"}, {"id": "03e293b3df9e35eadf15c56119123c36", "number": "4707453601", "date": "2021-01-23 17:47:09", "subject": "3", "recorded-or-robo": "Y", "city": "", "state": "GA", "area-code": "470"}, {"id": "3decc6bfadaa436a105714c6ba439649", "number": "4793680355", "date": "2021-01-22 11:35:00", "subject": "1", "recorded-or-robo": "Y", "city": "", "state": "CA", "area-code": "310"}, {"id": "1d36742e3f24f50e4e7ae82801d94746", "number": "4793680355", "date": "2021-01-22 11:35:00", "subject": "1", "recorded-or-robo": "Y", "city": "", "state": "CA", "area-code": "310"}, {"id": "3decc6bfadaa436a105714c6ba438670", "number": "5099447883", "date": "2021-01-23 12:00:00", "subject": "2", "recorded-or-robo": "", "city": "sonoma", "state": "CA", "area-code": "509"}, {"id": "1d36742e3f24f50e4e7ae82801d93a65", "number": "5099447883", "date": "2021-01-23 12:00:00", "subject": "2", "recorded-or-robo": "", "city": "sonoma", "state": "CA", "area-code": "509"}, {"id": "3decc6bfadaa436a105714c6ba437744", "number": "7182440561", "date": "2021-01-23 16:28:00", "subject": "2", "recorded-or-robo": "Y", "city": "Port Washington", "state": "NY", "area-code": "516"}, {"id": "1d36742e3f24f50e4e7ae82801d9347f", "number": "7182440561", "date": "2021-01-23 16:28:00", "subject": "2", "recorded-or-robo": "Y", "city": "Port Washington", "state": "NY", "area-code": "516"}, {"id": "3decc6bfadaa436a105714c6ba436f95", "number": "7817309524", "date": "2021-01-22 13:15:00", "subject": "0", "recorded-or-robo": "Y", "city": "randolph", "state": "MA", "area-code": "781"}, {"id": "1d36742e3f24f50e4e7ae82801d924b0", "number": "7817309524", "date": "2021-01-22 13:15:00", "subject": "0", "recorded-or-robo": "Y", "city": "randolph", "state": "MA", "area-code": "781"}, {"id": "3decc6bfadaa436a105714c6ba436a6c", "number": "7722271515", "date": "2021-01-20 09:40:00", "subject": "3", "recorded-or-robo": "", "city": "PALM CITY", "state": "FL", "area-code": "772"}, {"id": "1d36742e3f24f50e4e7ae82801d91f56", "number": "7722271515", "date": "2021-01-20 09:40:00", "subject": "3", "recorded-or-robo": "", "city": "PALM CITY", "state": "FL", "area-code": "772"}, {"id": "3decc6bfadaa436a105714c6ba4363d2", "number": "2284134551", "date": "2021-01-23 12:31:00", "subject": "2", "recorded-or-robo": "N", "city": "Biloxi", "state": "MS", "area-code": "228"}, {"id": "3decc6bfadaa436a105714c6ba435613", "number": "9175400727", "date": "2021-01-16 10:00:00", "subject": "6", "recorded-or-robo": "Y", "city": "", "state": "NY", "area-code": "917"}, {"id": "1d36742e3f24f50e4e7ae82801d911ff", "number": "2284134551", "date": "2021-01-23 12:31:00", "subject": "2", "recorded-or-robo": "N", "city": "Biloxi", "state": "MS", "area-code": "228"}, {"id": "1d36742e3f24f50e4e7ae82801d90c23", "number": "9175400727", "date": "2021-01-16 10:00:00", "subject": "6", "recorded-or-robo": "Y", "city": "", "state": "NY", "area-code": "917"}, {"id": "3decc6bfadaa436a105714c6ba4348bf", "number": "7738291055", "date": "2021-01-23 16:15:00", "subject": "13", "recorded-or-robo": "Y", "city": "Ocean Springs", "state": "MS", "area-code": "228"}, {"id": "1d36742e3f24f50e4e7ae82801d907ef", "number": "7738291055", "date": "2021-01-23 16:15:00", "subject": "13", "recorded-or-robo": "Y", "city": "Ocean Springs", "state": "MS", "area-code": "228"}, {"id": "3decc6bfadaa436a105714c6ba434697", "number": "7865049911", "date": "2021-01-23 14:42:00", "subject": "2", "recorded-or-robo": "Y", "city": "", "state": "CA", "area-code": "310"}, {"id": "1d36742e3f24f50e4e7ae82801d903a8", "number": "7865049911", "date": "2021-01-23 14:42:00", "subject": "2", "recorded-or-robo": "Y", "city": "", "state": "CA", "area-code": "310"}, {"id": "3decc6bfadaa436a105714c6ba433f71", "number": "2037957373", "date": "2021-01-23 17:37:00", "subject": "0", "recorded-or-robo": "N", "city": "", "state": "CT", "area-code": "203"}, {"id": "1d36742e3f24f50e4e7ae82801d8fb8d", "number": "2037957373", "date": "2021-01-23 17:37:00", "subject": "0", "recorded-or-robo": "N", "city": "", "state": "CT", "area-code": "203"}, {"id": "3decc6bfadaa436a105714c6ba433df9", "number": "", "date": "2021-01-21 00:00:00", "subject": "3", "recorded-or-robo": "Y", "city": "", "state": "RI", "area-code": "401"}, {"id": "1d36742e3f24f50e4e7ae82801d8f1d3", "number": "", "date": "2021-01-21 00:00:00", "subject": "3", "recorded-or-robo": "Y", "city": "", "state": "RI", "area-code": "401"}, {"id": "3decc6bfadaa436a105714c6ba4339d3", "number": "8005746616", "date": "2021-01-22 13:07:00", "subject": "1", "recorded-or-robo": "Y", "city": "", "state": "CA", "area-code": "310"}, {"id": "1d36742e3f24f50e4e7ae82801d8e92a", "number": "8005746616", "date": "2021-01-22 13:07:00", "subject": "1", "recorded-or-robo": "Y", "city": "", "state": "CA", "area-code": "310"}, {"id": "3decc6bfadaa436a105714c6ba432d0f", "number": "7726624285", "date": "2021-01-20 11:14:00", "subject": "3", "recorded-or-robo": "", "city": "PALM CITY", "state": "FL", "area-code": "772"}, {"id": "1d36742e3f24f50e4e7ae82801d8df63", "number": "7726624285", "date": "2021-01-20 11:14:00", "subject": "3", "recorded-or-robo": "", "city": "PALM CITY", "state": "FL", "area-code": "772"}, {"id": "3decc6bfadaa436a105714c6ba432243", "number": "5099426079", "date": "2021-01-23 14:27:00", "subject": "1", "recorded-or-robo": "Y", "city": "", "state": "WA", "area-code": "509"}, {"id": "1d36742e3f24f50e4e7ae82801d8d759", "number": "5099426079", "date": "2021-01-23 14:27:00", "subject": "1", "recorded-or-robo": "Y", "city": "", "state": "WA", "area-code": "509"}, {"id": "3decc6bfadaa436a105714c6ba431ecd", "number": "9705725128", "date": "2021-01-22 15:25:00", "subject": "3", "recorded-or-robo": "", "city": "PALM CITY", "state": "FL", "area-code": "772"}, {"id": "1d36742e3f24f50e4e7ae82801d8c87c", "number": "9705725128", "date": "2021-01-22 15:25:00", "subject": "3", "recorded-or-robo": "", "city": "PALM CITY", "state": "FL", "area-code": "772"}, {"id": "3decc6bfadaa436a105714c6ba42e089", "number": "3177514027", "date": "2021-01-16 09:40:00", "subject": "3", "recorded-or-robo": "", "city": "", "state": "UT", "area-code": "801"}, {"id": "1d36742e3f24f50e4e7ae82801d88bce", "number": "3177514027", "date": "2021-01-16 09:40:00", "subject": "3", "recorded-or-robo": "", "city": "", "state": "UT", "area-code": "801"}, {"id": "3decc6bfadaa436a105714c6ba431767", "number": "5629219213", "date": "2021-01-22 11:59:00", "subject": "4", "recorded-or-robo": "Y", "city": "Orlando", "state": "FL", "area-code": "909"}, {"id": "1d36742e3f24f50e4e7ae82801d8bc94", "number": "5629219213", "date": "2021-01-22 11:59:00", "subject": "4", "recorded-or-robo": "Y", "city": "Orlando", "state": "FL", "area-code": "909"}, {"id": "3decc6bfadaa436a105714c6ba4310d9", "number": "7273377594", "date": "2021-01-16 10:34:00", "subject": "2", "recorded-or-robo": "N", "city": "", "state": "FL", "area-code": "727"}, {"id": "1d36742e3f24f50e4e7ae82801d8bc2d", "number": "7273377594", "date": "2021-01-16 10:34:00", "subject": "2", "recorded-or-robo": "N", "city": "", "state": "FL", "area-code": "727"}, {"id": "3decc6bfadaa436a105714c6ba4304c7", "number": "5862766760", "date": "2021-01-23 17:33:00", "subject": "0", "recorded-or-robo": "N", "city": "", "state": "MI", "area-code": "313"}, {"id": "1d36742e3f24f50e4e7ae82801d8b1ad", "number": "5862766760", "date": "2021-01-23 17:33:00", "subject": "0", "recorded-or-robo": "N", "city": "", "state": "MI", "area-code": "313"}, {"id": "3decc6bfadaa436a105714c6ba42ff07", "number": "4063162433", "date": "2021-01-22 19:28:00", "subject": "0", "recorded-or-robo": "Y", "city": "mandan", "state": "ND", "area-code": "406"}, {"id": "1d36742e3f24f50e4e7ae82801d8a584", "number": "4063162433", "date": "2021-01-22 19:28:00", "subject": "0", "recorded-or-robo": "Y", "city": "mandan", "state": "ND", "area-code": "406"}, {"id": "3decc6bfadaa436a105714c6ba42f6d5", "number": "5108716476", "date": "2021-01-12 11:21:00", "subject": "2", "recorded-or-robo": "", "city": "", "state": "AK", "area-code": "907"}]}