{"data": [{"id": "03e293b3df9e35eadf15c5611921ecc0", "number": "9738918651", "date": "2021-01-23 20:06:00", "subject": "2", "recorded-or-robo": "Y", "city": "Parsippany", "state": "NJ", "area-code": "973"}, {"id": "3decc6bfadaa436a105714c6ba8ba39b", "number": "7207410846", "date": "2021-01-21 08:30:00", "subject": "0", "recorded-or-robo": "N", "city": "", "state": "CO", "area-code": "720"}, {"id": "03e293b3df9e35eadf15c5611921e939", "number": "7207410846", "date": "2021-01-21 08:30:00", "subject": "0", "recorded-or-robo": "N", "city": "", "state": "CO", "area-code": "720"}, {"id": "3decc6bfadaa436a105714c6ba8ba285", "number": "8002151579", "date": "2021-01-07 20:36:00", "subject": "2", "recorded-or-robo": "Y", "city": "Marietta", "state": "GA", "area-code": "770"}, {"id": "03e293b3df9e35eadf15c5611921e1b4", "number": "8002151579", "date": "2021-01-07 20:36:00", "subject": "2", "recorded-or-robo": "Y", "city": "Marietta", "state": "GA", "area-code": "770"}, {"id": "3decc6bfadaa436a105714c6ba8b9324", "number": "7202787235", "date": "2021-01-20 13:39:00", "subject": "0", "recorded-or-robo": "N", "city": "", "state": "CO", "area-code": "720"}, {"id": "03e293b3df9e35eadf15c5611921db18", "number": "7202787235", "date": "2021-01-20 13:39:00", "subject": "0", "recorded-or-robo": "N", "city": "", "state": "CO", "area-code": "720"}, {"id": "3decc6bfadaa436a105714c6ba8b838c", "number": "8448943951", "date": "2021-01-24 00:00:00", "subject": "3", "recorded-or-robo": "Y", "city": "", "state": "CO", "area-code": "303"}, {"id": "03e293b3df9e35eadf15c5611921cefa", "number": "8448943951", "date": "2021-01-24 00:00:00", "subject": "3", "recorded-or-robo": "Y", "city": "", "state": "CO", "area-code": "303"}, {"id": "3decc6bfadaa436a105714c6ba8b81b6", "number": "7202639472", "date": "2021-01-20 09:33:00", "subject": "0", "recorded-or-robo": "N", "city": "", "state": "CO", "area-code": "720"}, {"id": "03e293b3df9e35eadf15c5611921c7c0", "number": "7202639472", "date": "2021-01-20 09:33:00", "subject": "0", "recorded-or-robo": "N", "city": "", "state": "CO", "area-code": "720"}, {"id": "3decc6bfadaa436a105714c6ba8b76bb", "number": "9143915691", "date": "2021-01-22 12:27:00", "subject": "2", "recorded-or-robo": "Y", "city": "Setauket", "state": "NY", "area-code": "914"}, {"id": "03e293b3df9e35eadf15c5611921c3a7", "number": "9143915691", "date": "2021-01-22 12:27:00", "subject": "2", "recorded-or-robo": "Y", "city": "Setauket", "state": "NY", "area-code": "914"}, {"id": "3decc6bfadaa436a105714c6ba8b702f", "number": "", "date": "2021-01-23 14:39:00", "subject": "2", "recorded-or-robo": "Y", "city": "Chickasaw", "state": "AL", "area-code": "251"}, {"id": "03e293b3df9e35eadf15c5611921b6ce", "number": "", "date": "2021-01-23 14:39:00", "subject": "2", "recorded-or-robo": "Y", "city": "Chickasaw", "state": "AL", "area-code": "251"}, {"id": "3decc6bfadaa436a105714c6ba8b6e29", "number": "8184193429", "date": "2021-01-24 08:03:00", "subject": "2", "recorded-or-robo": "Y", "city": "Rome", "state": "NY", "area-code": "315"}, {"id": "03e293b3df9e35eadf15c5611921b02a", "number": "8184193429", "date": "2021-01-24 08:03:00", "subject": "2", "recorded-or-robo": "Y", "city": "Rome", "state": "NY", "area-code": "315"}, {"id": "3decc6bfadaa436a105714c6ba8b63ab", "number": "8133740107", "date": "2021-01-12 20:16:00", "subject": "2", "recorded-or-robo": "N", "city": "Marietta", "state": "GA", "area-code": "770"}, {"id": "03e293b3df9e35eadf15c5611921ad13", "number": "8133740107", "date": "2021-01-12 20:16:00", "subject": "2", "recorded-or-robo": "N", "city": "Marietta", "state": "GA", "area-code": "770"}, {"id": "3decc6bfadaa436a105714c6ba8b5e1a", "number": "1202900*7959", "date": "2021-01-23 15:20:00", "subject": "1", "recorded-or-robo": "N", "city": "CUMMING", "state": "IA", "area-code": "515"}, {"id": "03e293b3df9e35eadf15c5611921a6ef", "number": "1202900*7959", "date": "2021-01-23 15:20:00", "subject": "1", "recorded-or-robo": "N", "city": "CUMMING", "state": "IA", "area-code": "515"}, {"id": "3decc6bfadaa436a105714c6ba8b5ad9", "number": "8133740159", "date": "2021-01-12 20:31:00", "subject": "2", "recorded-or-robo": "N", "city": "Marietta", "state": "GA", "area-code": "770"}, {"id": "03e293b3df9e35eadf15c5611921a61c", "number": "8133740159", "date": "2021-01-12 20:31:00", "subject": "2", "recorded-or-robo": "N", "city": "Marietta", "state": "GA", "area-code": "770"}, {"id": "3decc6bfadaa436a105714c6ba8b5940", "number": "6103015303", "date": "2021-01-22 16:00:00", "subject": "4", "recorded-or-robo": "Y", "city": "Mohnton", "state": "PA", "area-code": "610"}, {"id": "03e293b3df9e35eadf15c561192197df", "number": "6103015303", "date": "2021-01-22 16:00:00", "subject": "4", "recorded-or-robo": "Y", "city": "Mohnton", "state": "PA", "area-code": "610"}, {"id": "3decc6bfadaa436a105714c6ba8b4d72", "number": "6786911246", "date": "2021-01-13 17:43:00", "subject": "2", "recorded-or-robo": "Y", "city": "Marietta", "state": "GA", "area-code": "770"}, {"id": "03e293b3df9e35eadf15c56119218a0c", "number": "6786911246", "date": "2021-01-13 17:43:00", "subject": "2", "recorded-or-robo": "Y", "city": "Marietta", "state": "GA", "area-code": "770"}, {"id": "3decc6bfadaa436a105714c6ba8b44d8", "number": "8134193429", "date": "2021-01-24 00:00:00", "subject": "2", "recorded-or-robo": "N", "city": "Rone", "state": "NY", "area-code": "315"}, {"id": "03e293b3df9e35eadf15c561192181a0", "number": "8134193429", "date": "2021-01-24 00:00:00", "subject": "2", "recorded-or-robo": "N", "city": "Rone", "state": "NY", "area-code": "315"}, {"id": "3decc6bfadaa436a105714c6ba8b3cf9", "number": "", "date": "2021-01-24 08:06:00", "subject": "3", "recorded-or-robo": "Y", "city": "", "state": "FL", "area-code": "904"}, {"id": "03e293b3df9e35eadf15c56119217890", "number": "", "date": "2021-01-24 08:06:00", "subject": "3", "recorded-or-robo": "Y", "city": "", "state": "FL", "area-code": "904"}, {"id": "3decc6bfadaa436a105714c6ba8b2d02", "number": "", "date": "2021-01-22 04:27:00", "subject": "4", "recorded-or-robo": "Y", "city": "", "state": "WV", "area-code": "304"}, {"id": "03e293b3df9e35eadf15c56119216d6d", "number": "", "date": "2021-01-22 04:27:00", "subject": "4", "recorded-or-robo": "Y", "city": "", "state": "WV", "area-code": "304"}, {"id": "3decc6bfadaa436a105714c6ba8b2578", "number": "8478812568", "date": "2021-01-23 11:38:00", "subject": "7", "recorded-or-robo": "Y", "city": "vernon hills", "state": "IL", "area-code": "847"}, {"id": "03e293b3df9e35eadf15c5611921673e", "number": "8478812568", "date": "2021-01-23 11:38:00", "subject": "7", "recorded-or-robo": "Y", "city": "vernon hills", "state": "IL", "area-code": "847"}, {"id": "3decc6bfadaa436a105714c6ba8b1a4e", "number": "2025584964", "date": "2021-01-23 20:17:00", "subject": "3", "recorded-or-robo": "Y", "city": "Metamora", "state": "IL", "area-code": "309"}, {"id": "03e293b3df9e35eadf15c56119216726", "number": "2025584964", "date": "2021-01-23 20:17:00", "subject": "3", "recorded-or-robo": "Y", "city": "Metamora", "state": "IL", "area-code": "309"}, {"id": "3decc6bfadaa436a105714c6ba8b1692", "number": "2025584964", "date": "2021-01-23 10:03:00", "subject": "3", "recorded-or-robo": "Y", "city": "Metamora", "state": "IL", "area-code": "309"}, {"id": "03e293b3df9e35eadf15c56119215a03", "number": "2025584964", "date": "2021-01-23 10:03:00", "subject": "3", "recorded-or-robo": "Y", "city": "Metamora", "state": "IL", "area-code": "309"}, {"id": "3decc6bfadaa436a105714c6ba8b140e", "number": "9093664126", "date": "2021-01-22 19:39:00", "subject": "2", "recorded-or-robo": "Y", "city": "Metamora", "state": "IL", "area-code": "309"}, {"id": "03e293b3df9e35eadf15c56119214cc6", "number": "9093664126", "date": "2021-01-22 19:39:00", "subject": "2", "recorded-or-robo": "Y", "city": "Metamora", "state": "IL", "area-code": "309"}, {"id": "3decc6bfadaa436a105714c6ba8b0730", "number": "8882071231", "date": "2021-01-21 19:01:00", "subject": "2", "recorded-or-robo": "Y", "city": "Metamora", "state": "IL", "area-code": "309"}, {"id": "03e293b3df9e35eadf15c56119214c28", "number": "8882071231", "date": "2021-01-21 19:01:00", "subject": "2", "recorded-or-robo": "Y", "city": "Metamora", "state": "IL", "area-code": "309"}, {"id": "3decc6bfadaa436a105714c6ba8affbe", "number": "7143888134", "date": "2021-01-24 07:30:00", "subject": "1", "recorded-or-robo": "Y", "city": "Pigeon", "state": "MI", "area-code": "989"}, {"id": "03e293b3df9e35eadf15c56119213ce7", "number": "7143888134", "date": "2021-01-24 07:30:00", "subject": "1", "recorded-or-robo": "Y", "city": "Pigeon", "state": "MI", "area-code": "989"}, {"id": "3decc6bfadaa436a105714c6ba8af5c0", "number": "7142703531", "date": "2021-01-24 07:30:00", "subject": "1", "recorded-or-robo": "Y", "city": "Pigeon", "state": "MI", "area-code": "989"}, {"id": "03e293b3df9e35eadf15c56119213503", "number": "7142703531", "date": "2021-01-24 07:30:00", "subject": "1", "recorded-or-robo": "Y", "city": "Pigeon", "state": "MI", "area-code": "989"}, {"id": "3decc6bfadaa436a105714c6ba8aeec8", "number": "7268002535", "date": "2021-01-20 17:56:00", "subject": "5", "recorded-or-robo": "Y", "city": "cincinnati", "state": "OH", "area-code": "513"}, {"id": "03e293b3df9e35eadf15c56119212add", "number": "7268002535", "date": "2021-01-20 17:56:00", "subject": "5", "recorded-or-robo": "Y", "city": "cincinnati", "state": "OH", "area-code": "513"}, {"id": "3decc6bfadaa436a105714c6ba8ae034", "number": "7268002535", "date": "2021-01-19 17:14:00", "subject": "5", "recorded-or-robo": "Y", "city": "cincinnati", "state": "OH", "area-code": "513"}]}