{"data": [{"id": "03e293b3df9e35eadf15c561193fc47b", "number": "9802468418", "date": "2021-01-23 00:00:00", "subject": "2", "recorded-or-robo": "N", "city": "", "state": "NC", "area-code": "704"}, {"id": "3decc6bfadaa436a105714c6baa9802b", "number": "8606927400", "date": "2021-01-16 18:57:00", "subject": "0", "recorded-or-robo": "", "city": "weatogue", "state": "CT", "area-code": "860"}, {"id": "03e293b3df9e35eadf15c561193fc25f", "number": "8606927400", "date": "2021-01-16 18:57:00", "subject": "0", "recorded-or-robo": "", "city": "weatogue", "state": "CT", "area-code": "860"}, {"id": "3decc6bfadaa436a105714c6baa97ffd", "number": "7044252043", "date": "2021-01-23 00:00:00", "subject": "3", "recorded-or-robo": "", "city": "", "state": "NC", "area-code": "704"}, {"id": "03e293b3df9e35eadf15c561193fb70f", "number": "7044252043", "date": "2021-01-23 00:00:00", "subject": "3", "recorded-or-robo": "", "city": "", "state": "NC", "area-code": "704"}, {"id": "3decc6bfadaa436a105714c6baa970ee", "number": "7252173099", "date": "2021-01-24 12:14:00", "subject": "0", "recorded-or-robo": "Y", "city": "", "state": "", "area-code": "971"}, {"id": "03e293b3df9e35eadf15c561193fab96", "number": "7252173099", "date": "2021-01-24 12:14:00", "subject": "0", "recorded-or-robo": "Y", "city": "", "state": "", "area-code": "971"}, {"id": "3decc6bfadaa436a105714c6baa97063", "number": "5204674117", "date": "2021-01-22 08:43:00", "subject": "2", "recorded-or-robo": "Y", "city": "", "state": "AZ", "area-code": "520"}, {"id": "03e293b3df9e35eadf15c561193fa908", "number": "5204674117", "date": "2021-01-22 08:43:00", "subject": "2", "recorded-or-robo": "Y", "city": "", "state": "AZ", "area-code": "520"}, {"id": "3decc6bfadaa436a105714c6baa96de8", "number": "8606592138", "date": "2021-01-19 17:43:00", "subject": "0", "recorded-or-robo": "", "city": "weatogue", "state": "CT", "area-code": "860"}, {"id": "03e293b3df9e35eadf15c561193f9c05", "number": "8606592138", "date": "2021-01-19 17:43:00", "subject": "0", "recorded-or-robo": "", "city": "weatogue", "state": "CT", "area-code": "860"}, {"id": "3decc6bfadaa436a105714c6baa96a23", "number": "7577655853", "date": "2021-01-24 13:57:00", "subject": "2", "recorded-or-robo": "Y", "city": "Hampton", "state": "VA", "area-code": "757"}, {"id": "03e293b3df9e35eadf15c561193f9bf8", "number": "7577655853", "date": "2021-01-24 13:57:00", "subject": "2", "recorded-or-robo": "Y", "city": "Hampton", "state": "VA", "area-code": "757"}, {"id": "3decc6bfadaa436a105714c6baa96613", "number": "2524291367", "date": "2021-01-23 00:00:00", "subject": "3", "recorded-or-robo": "Y", "city": "", "state": "NC", "area-code": "704"}, {"id": "03e293b3df9e35eadf15c561193f8cd7", "number": "2524291367", "date": "2021-01-23 00:00:00", "subject": "3", "recorded-or-robo": "Y", "city": "", "state": "NC", "area-code": "704"}, {"id": "3decc6bfadaa436a105714c6baa95880", "number": "8556785772", "date": "2021-01-24 10:53:00", "subject": "11", "recorded-or-robo": "Y", "city": "Beaumont", "state": "TX", "area-code": "409"}, {"id": "03e293b3df9e35eadf15c561193f83aa", "number": "8556785772", "date": "2021-01-24 10:53:00", "subject": "11", "recorded-or-robo": "Y", "city": "Beaumont", "state": "TX", "area-code": "409"}, {"id": "3decc6bfadaa436a105714c6baa9562b", "number": "7143079578", "date": "2021-01-24 10:58:00", "subject": "1", "recorded-or-robo": "N", "city": "", "state": "CA", "area-code": "925"}, {"id": "03e293b3df9e35eadf15c561193f74ab", "number": "7143079578", "date": "2021-01-24 10:58:00", "subject": "1", "recorded-or-robo": "N", "city": "", "state": "CA", "area-code": "925"}, {"id": "3decc6bfadaa436a105714c6baa95417", "number": "8604216998", "date": "2021-01-21 09:32:00", "subject": "0", "recorded-or-robo": "", "city": "weatogue", "state": "CT", "area-code": "860"}, {"id": "03e293b3df9e35eadf15c561193f6dc2", "number": "8604216998", "date": "2021-01-21 09:32:00", "subject": "0", "recorded-or-robo": "", "city": "weatogue", "state": "CT", "area-code": "860"}, {"id": "3decc6bfadaa436a105714c6baa94935", "number": "8509703149", "date": "2021-01-22 13:33:00", "subject": "4", "recorded-or-robo": "Y", "city": "PENSACOLA", "state": "FL", "area-code": "850"}, {"id": "03e293b3df9e35eadf15c561193f5f3e", "number": "8509703149", "date": "2021-01-22 13:33:00", "subject": "4", "recorded-or-robo": "Y", "city": "PENSACOLA", "state": "FL", "area-code": "850"}, {"id": "3decc6bfadaa436a105714c6baa942bf", "number": "8603187711", "date": "2021-01-21 17:03:00", "subject": "0", "recorded-or-robo": "", "city": "weatogue", "state": "CT", "area-code": "860"}, {"id": "03e293b3df9e35eadf15c561193f54e3", "number": "8603187711", "date": "2021-01-21 17:03:00", "subject": "0", "recorded-or-robo": "", "city": "weatogue", "state": "CT", "area-code": "860"}, {"id": "3decc6bfadaa436a105714c6baa9391c", "number": "5204674025", "date": "2021-01-21 16:35:00", "subject": "2", "recorded-or-robo": "Y", "city": "", "state": "AZ", "area-code": "520"}, {"id": "03e293b3df9e35eadf15c561193f4adf", "number": "5204674025", "date": "2021-01-21 16:35:00", "subject": "2", "recorded-or-robo": "Y", "city": "", "state": "AZ", "area-code": "520"}, {"id": "3decc6bfadaa436a105714c6baa92da0", "number": "5096615491", "date": "2021-01-23 13:51:00", "subject": "0", "recorded-or-robo": "Y", "city": "Yakima", "state": "WA", "area-code": "509"}, {"id": "03e293b3df9e35eadf15c561193f4535", "number": "5096615491", "date": "2021-01-23 13:51:00", "subject": "0", "recorded-or-robo": "Y", "city": "Yakima", "state": "WA", "area-code": "509"}, {"id": "3decc6bfadaa436a105714c6baa92b1c", "number": "8556780774", "date": "2021-01-24 11:12:00", "subject": "11", "recorded-or-robo": "Y", "city": "Beaumont", "state": "TX", "area-code": "409"}, {"id": "03e293b3df9e35eadf15c561193f36a5", "number": "8556780774", "date": "2021-01-24 11:12:00", "subject": "11", "recorded-or-robo": "Y", "city": "Beaumont", "state": "TX", "area-code": "409"}, {"id": "3decc6bfadaa436a105714c6baa92636", "number": "7043692730", "date": "2021-01-23 00:00:00", "subject": "2", "recorded-or-robo": "Y", "city": "", "state": "NC", "area-code": "704"}, {"id": "03e293b3df9e35eadf15c561193f2ed1", "number": "7043692730", "date": "2021-01-23 00:00:00", "subject": "2", "recorded-or-robo": "Y", "city": "", "state": "NC", "area-code": "704"}, {"id": "3decc6bfadaa436a105714c6baa922ec", "number": "8882804331", "date": "2021-01-24 13:54:00", "subject": "2", "recorded-or-robo": "N", "city": "", "state": "NY", "area-code": "718"}, {"id": "03e293b3df9e35eadf15c561193f2894", "number": "8882804331", "date": "2021-01-24 13:54:00", "subject": "2", "recorded-or-robo": "N", "city": "", "state": "NY", "area-code": "718"}, {"id": "3decc6bfadaa436a105714c6baa9148b", "number": "5099326155", "date": "2021-01-22 13:51:00", "subject": "0", "recorded-or-robo": "Y", "city": "Yakima", "state": "WA", "area-code": "509"}, {"id": "03e293b3df9e35eadf15c561193f21eb", "number": "5099326155", "date": "2021-01-22 13:51:00", "subject": "0", "recorded-or-robo": "Y", "city": "Yakima", "state": "WA", "area-code": "509"}, {"id": "3decc6bfadaa436a105714c6baa91110", "number": "1701339329", "date": "2021-01-24 12:52:00", "subject": "11", "recorded-or-robo": "Y", "city": "BEAUMONT", "state": "TX", "area-code": "409"}, {"id": "03e293b3df9e35eadf15c561193f149e", "number": "1701339329", "date": "2021-01-24 12:52:00", "subject": "11", "recorded-or-robo": "Y", "city": "BEAUMONT", "state": "TX", "area-code": "409"}, {"id": "3decc6bfadaa436a105714c6baa90b80", "number": "8603744571", "date": "2021-01-20 15:34:00", "subject": "0", "recorded-or-robo": "", "city": "weatogue", "state": "CT", "area-code": "860"}, {"id": "03e293b3df9e35eadf15c561193f0798", "number": "8603744571", "date": "2021-01-20 15:34:00", "subject": "0", "recorded-or-robo": "", "city": "weatogue", "state": "CT", "area-code": "860"}, {"id": "3decc6bfadaa436a105714c6baa90417", "number": "5204150957", "date": "2021-01-22 11:33:00", "subject": "2", "recorded-or-robo": "Y", "city": "", "state": "AZ", "area-code": "520"}, {"id": "03e293b3df9e35eadf15c561193f04d3", "number": "5204150957", "date": "2021-01-22 11:33:00", "subject": "2", "recorded-or-robo": "Y", "city": "", "state": "AZ", "area-code": "520"}, {"id": "3decc6bfadaa436a105714c6baa8f4a5", "number": "8608698570", "date": "2021-01-19 11:03:00", "subject": "0", "recorded-or-robo": "", "city": "weatogue", "state": "CT", "area-code": "860"}, {"id": "03e293b3df9e35eadf15c561193f022e", "number": "8608698570", "date": "2021-01-19 11:03:00", "subject": "0", "recorded-or-robo": "", "city": "weatogue", "state": "CT", "area-code": "860"}, {"id": "3decc6bfadaa436a105714c6baa8f273", "number": "2148460005", "date": "2021-01-24 11:58:00", "subject": "2", "recorded-or-robo": "Y", "city": "Mesquite", "state": "TX", "area-code": "214"}, {"id": "03e293b3df9e35eadf15c561193efddc", "number": "2148460005", "date": "2021-01-24 11:58:00", "subject": "2", "recorded-or-robo": "Y", "city": "Mesquite", "state": "TX", "area-code": "214"}, {"id": "3decc6bfadaa436a105714c6baa8e4f4", "number": "5512535914", "date": "2021-01-23 10:07:00", "subject": "0", "recorded-or-robo": "Y", "city": "", "state": "NJ", "area-code": "201"}, {"id": "03e293b3df9e35eadf15c561193ef7d8", "number": "5512535914", "date": "2021-01-23 10:07:00", "subject": "0", "recorded-or-robo": "Y", "city": "", "state": "NJ", "area-code": "201"}, {"id": "3decc6bfadaa436a105714c6baa8deac", "number": "8603590151", "date": "2021-01-15 15:30:00", "subject": "0", "recorded-or-robo": "", "city": "weatogue", "state": "CT", "area-code": "860"}]}