{"data": [{"id": "03e293b3df9e35eadf15c5611927955e", "number": "8573629193", "date": "2021-01-16 17:30:00", "subject": "2", "recorded-or-robo": "N", "city": "Gorham", "state": "NH", "area-code": "603"}, {"id": "3decc6bfadaa436a105714c6ba90ff2e", "number": "3528666403", "date": "2021-01-23 10:00:00", "subject": "3", "recorded-or-robo": "N", "city": "", "state": "NY", "area-code": "518"}, {"id": "03e293b3df9e35eadf15c56119276401", "number": "3528666403", "date": "2021-01-23 10:00:00", "subject": "3", "recorded-or-robo": "N", "city": "", "state": "NY", "area-code": "518"}, {"id": "3decc6bfadaa436a105714c6ba912b98", "number": "2014267425", "date": "2021-01-22 10:59:00", "subject": "2", "recorded-or-robo": "Y", "city": "Cleveland Heights", "state": "OH", "area-code": "216"}, {"id": "03e293b3df9e35eadf15c561192787db", "number": "2014267425", "date": "2021-01-22 10:59:00", "subject": "2", "recorded-or-robo": "Y", "city": "Cleveland Heights", "state": "OH", "area-code": "216"}, {"id": "3decc6bfadaa436a105714c6ba911d81", "number": "6462148268", "date": "2021-01-24 07:09:00", "subject": "1", "recorded-or-robo": "Y", "city": "san pedro", "state": "CA", "area-code": "740"}, {"id": "03e293b3df9e35eadf15c56119277c5b", "number": "6462148268", "date": "2021-01-24 07:09:00", "subject": "1", "recorded-or-robo": "Y", "city": "san pedro", "state": "CA", "area-code": "740"}, {"id": "3decc6bfadaa436a105714c6ba910f27", "number": "6036003501", "date": "2021-01-21 13:47:00", "subject": "4", "recorded-or-robo": "Y", "city": "Gorham", "state": "NH", "area-code": "603"}, {"id": "03e293b3df9e35eadf15c561192770f3", "number": "6036003501", "date": "2021-01-21 13:47:00", "subject": "4", "recorded-or-robo": "Y", "city": "Gorham", "state": "NH", "area-code": "603"}, {"id": "3decc6bfadaa436a105714c6ba90f653", "number": "4056211178", "date": "2021-01-21 00:00:00", "subject": "1", "recorded-or-robo": "Y", "city": "", "state": "OK", "area-code": "405"}, {"id": "03e293b3df9e35eadf15c561192762c1", "number": "4056211178", "date": "2021-01-21 00:00:00", "subject": "1", "recorded-or-robo": "Y", "city": "", "state": "OK", "area-code": "405"}, {"id": "3decc6bfadaa436a105714c6ba90f131", "number": "3255220322", "date": "2021-01-21 19:25:00", "subject": "2", "recorded-or-robo": "", "city": "Saratoga Spring", "state": "NY", "area-code": "518"}, {"id": "03e293b3df9e35eadf15c56119275569", "number": "3255220322", "date": "2021-01-21 19:25:00", "subject": "2", "recorded-or-robo": "", "city": "Saratoga Spring", "state": "NY", "area-code": "518"}, {"id": "3decc6bfadaa436a105714c6ba90ebec", "number": "9192991483", "date": "2021-01-16 12:00:00", "subject": "13", "recorded-or-robo": "N", "city": "Rougemont", "state": "NC", "area-code": "919"}, {"id": "03e293b3df9e35eadf15c56119274671", "number": "9192991483", "date": "2021-01-16 12:00:00", "subject": "13", "recorded-or-robo": "N", "city": "Rougemont", "state": "NC", "area-code": "919"}, {"id": "3decc6bfadaa436a105714c6ba90e99f", "number": "6362012720", "date": "2021-01-22 12:55:00", "subject": "4", "recorded-or-robo": "Y", "city": "Salt Point", "state": "NY", "area-code": "845"}, {"id": "03e293b3df9e35eadf15c56119273dae", "number": "6362012720", "date": "2021-01-22 12:55:00", "subject": "4", "recorded-or-robo": "Y", "city": "Salt Point", "state": "NY", "area-code": "845"}, {"id": "3decc6bfadaa436a105714c6ba90e101", "number": "4059007763", "date": "2021-01-24 00:00:00", "subject": "2", "recorded-or-robo": "N", "city": "", "state": "OK", "area-code": "405"}, {"id": "03e293b3df9e35eadf15c56119273460", "number": "4059007763", "date": "2021-01-24 00:00:00", "subject": "2", "recorded-or-robo": "N", "city": "", "state": "OK", "area-code": "405"}, {"id": "3decc6bfadaa436a105714c6ba90e05b", "number": "9734566493", "date": "2021-01-22 15:11:00", "subject": "1", "recorded-or-robo": "Y", "city": "Henderson", "state": "NV", "area-code": "702"}, {"id": "03e293b3df9e35eadf15c56119272f3c", "number": "9734566493", "date": "2021-01-22 15:11:00", "subject": "1", "recorded-or-robo": "Y", "city": "Henderson", "state": "NV", "area-code": "702"}, {"id": "3decc6bfadaa436a105714c6ba90d817", "number": "6072033638", "date": "2021-01-22 13:23:00", "subject": "2", "recorded-or-robo": "", "city": "Saratoga Spring", "state": "NY", "area-code": "518"}, {"id": "03e293b3df9e35eadf15c561192721b7", "number": "6072033638", "date": "2021-01-22 13:23:00", "subject": "2", "recorded-or-robo": "", "city": "Saratoga Spring", "state": "NY", "area-code": "518"}, {"id": "3decc6bfadaa436a105714c6ba90cc39", "number": "8882804331", "date": "2021-01-24 10:11:00", "subject": "1", "recorded-or-robo": "N", "city": "Woodside", "state": "NY", "area-code": "347"}, {"id": "03e293b3df9e35eadf15c5611927122d", "number": "8882804331", "date": "2021-01-24 10:11:00", "subject": "1", "recorded-or-robo": "N", "city": "Woodside", "state": "NY", "area-code": "347"}, {"id": "3decc6bfadaa436a105714c6ba90bf92", "number": "4059007722", "date": "2021-01-23 00:00:00", "subject": "2", "recorded-or-robo": "N", "city": "", "state": "OK", "area-code": "405"}, {"id": "03e293b3df9e35eadf15c56119270de4", "number": "4059007722", "date": "2021-01-23 00:00:00", "subject": "2", "recorded-or-robo": "N", "city": "", "state": "OK", "area-code": "405"}, {"id": "3decc6bfadaa436a105714c6ba90b156", "number": "8556986126", "date": "2021-01-23 15:21:00", "subject": "2", "recorded-or-robo": "Y", "city": "St. Louis", "state": "MO", "area-code": "314"}, {"id": "03e293b3df9e35eadf15c56119270615", "number": "8556986126", "date": "2021-01-23 15:21:00", "subject": "2", "recorded-or-robo": "Y", "city": "St. Louis", "state": "MO", "area-code": "314"}, {"id": "3decc6bfadaa436a105714c6ba90aceb", "number": "8574458562", "date": "2021-01-22 20:08:00", "subject": "13", "recorded-or-robo": "Y", "city": "", "state": "MA", "area-code": "617"}, {"id": "03e293b3df9e35eadf15c5611926f674", "number": "8574458562", "date": "2021-01-22 20:08:00", "subject": "13", "recorded-or-robo": "Y", "city": "", "state": "MA", "area-code": "617"}, {"id": "3decc6bfadaa436a105714c6ba909f23", "number": "2484584585", "date": "2021-01-21 14:49:00", "subject": "2", "recorded-or-robo": "N", "city": "HYDE PARK", "state": "MA", "area-code": "617"}, {"id": "03e293b3df9e35eadf15c5611926ec2e", "number": "2484584585", "date": "2021-01-21 14:49:00", "subject": "2", "recorded-or-robo": "N", "city": "HYDE PARK", "state": "MA", "area-code": "617"}, {"id": "3decc6bfadaa436a105714c6ba90940b", "number": "5183624817", "date": "2021-01-22 15:43:00", "subject": "2", "recorded-or-robo": "", "city": "Saratoga Spring", "state": "NY", "area-code": "518"}, {"id": "03e293b3df9e35eadf15c5611926e088", "number": "5183624817", "date": "2021-01-22 15:43:00", "subject": "2", "recorded-or-robo": "", "city": "Saratoga Spring", "state": "NY", "area-code": "518"}, {"id": "3decc6bfadaa436a105714c6ba908bc1", "number": "7027999729", "date": "2021-01-22 13:54:00", "subject": "5", "recorded-or-robo": "Y", "city": "Henderson", "state": "NV", "area-code": "702"}, {"id": "03e293b3df9e35eadf15c5611926df4d", "number": "7027999729", "date": "2021-01-22 13:54:00", "subject": "5", "recorded-or-robo": "Y", "city": "Henderson", "state": "NV", "area-code": "702"}, {"id": "3decc6bfadaa436a105714c6ba908b9a", "number": "9419166316", "date": "2021-01-23 17:14:00", "subject": "0", "recorded-or-robo": "", "city": "Port Charlotte", "state": "FL", "area-code": "941"}, {"id": "03e293b3df9e35eadf15c5611926d31a", "number": "9419166316", "date": "2021-01-23 17:14:00", "subject": "0", "recorded-or-robo": "", "city": "Port Charlotte", "state": "FL", "area-code": "941"}, {"id": "3decc6bfadaa436a105714c6ba908275", "number": "5139169290", "date": "2021-01-23 10:07:00", "subject": "4", "recorded-or-robo": "Y", "city": "Champaign", "state": "IL", "area-code": "513"}, {"id": "03e293b3df9e35eadf15c5611926c6a0", "number": "5139169290", "date": "2021-01-23 10:07:00", "subject": "4", "recorded-or-robo": "Y", "city": "Champaign", "state": "IL", "area-code": "513"}, {"id": "3decc6bfadaa436a105714c6ba90788d", "number": "6461518635", "date": "2021-01-24 10:06:00", "subject": "2", "recorded-or-robo": "Y", "city": "", "state": "MA", "area-code": "781"}, {"id": "03e293b3df9e35eadf15c5611926c19b", "number": "6461518635", "date": "2021-01-24 10:06:00", "subject": "2", "recorded-or-robo": "Y", "city": "", "state": "MA", "area-code": "781"}, {"id": "3decc6bfadaa436a105714c6ba907112", "number": "5088413978", "date": "2021-01-22 11:47:00", "subject": "2", "recorded-or-robo": "N", "city": "HYDE PARK", "state": "MA", "area-code": "617"}, {"id": "03e293b3df9e35eadf15c5611926b9af", "number": "5088413978", "date": "2021-01-22 11:47:00", "subject": "2", "recorded-or-robo": "N", "city": "HYDE PARK", "state": "MA", "area-code": "617"}, {"id": "3decc6bfadaa436a105714c6ba90667f", "number": "6172371697", "date": "2021-01-22 16:00:00", "subject": "2", "recorded-or-robo": "", "city": "Saratoga Spring", "state": "NY", "area-code": "518"}, {"id": "03e293b3df9e35eadf15c5611926b65c", "number": "6172371697", "date": "2021-01-22 16:00:00", "subject": "2", "recorded-or-robo": "", "city": "Saratoga Spring", "state": "NY", "area-code": "518"}, {"id": "3decc6bfadaa436a105714c6ba90570a", "number": "", "date": "2021-01-24 09:52:00", "subject": "2", "recorded-or-robo": "Y", "city": "Fair Lawn", "state": "NJ", "area-code": "609"}, {"id": "03e293b3df9e35eadf15c5611926ae1f", "number": "", "date": "2021-01-24 09:52:00", "subject": "2", "recorded-or-robo": "Y", "city": "Fair Lawn", "state": "NJ", "area-code": "609"}, {"id": "3decc6bfadaa436a105714c6ba904e7a", "number": "8009918708", "date": "2021-01-21 10:49:00", "subject": "2", "recorded-or-robo": "Y", "city": "", "state": "IL", "area-code": "815"}]}