{"data": [{"id": "03e293b3df9e35eadf15c5611917f5c3", "number": "2484186521", "date": "2021-01-23 20:25:35", "subject": "3", "recorded-or-robo": "Y", "city": "", "state": "MI", "area-code": "248"}, {"id": "3decc6bfadaa436a105714c6ba6822d5", "number": "2105339317", "date": "2021-01-23 14:20:00", "subject": "2", "recorded-or-robo": "N", "city": "San Antonio", "state": "TX", "area-code": "210"}, {"id": "1d36742e3f24f50e4e7ae82801fdfe03", "number": "2105339317", "date": "2021-01-23 14:20:00", "subject": "2", "recorded-or-robo": "N", "city": "San Antonio", "state": "TX", "area-code": "210"}, {"id": "3decc6bfadaa436a105714c6ba681eb3", "number": "5513010563", "date": "2021-01-19 10:48:00", "subject": "2", "recorded-or-robo": "", "city": "Spokane Valley", "state": "WA", "area-code": "509"}, {"id": "1d36742e3f24f50e4e7ae82801fdf10b", "number": "5513010563", "date": "2021-01-19 10:48:00", "subject": "2", "recorded-or-robo": "", "city": "Spokane Valley", "state": "WA", "area-code": "509"}, {"id": "3decc6bfadaa436a105714c6ba681565", "number": "7022793684", "date": "2021-01-20 15:59:00", "subject": "1", "recorded-or-robo": "Y", "city": "Spokane Valley", "state": "WA", "area-code": "509"}, {"id": "1d36742e3f24f50e4e7ae82801fde224", "number": "7022793684", "date": "2021-01-20 15:59:00", "subject": "1", "recorded-or-robo": "Y", "city": "Spokane Valley", "state": "WA", "area-code": "509"}, {"id": "3decc6bfadaa436a105714c6ba816e9c", "number": "3863572043", "date": "2021-01-23 20:24:35", "subject": "3", "recorded-or-robo": "Y", "city": "", "state": "FL", "area-code": "386"}, {"id": "03e293b3df9e35eadf15c5611917e0a3", "number": "3863572043", "date": "2021-01-23 20:24:35", "subject": "3", "recorded-or-robo": "Y", "city": "", "state": "FL", "area-code": "386"}, {"id": "3decc6bfadaa436a105714c6ba680ca7", "number": "6154061583", "date": "2021-01-23 00:00:00", "subject": "2", "recorded-or-robo": "Y", "city": "Kennewick", "state": "WA", "area-code": "509"}, {"id": "1d36742e3f24f50e4e7ae82801fdd82b", "number": "6154061583", "date": "2021-01-23 00:00:00", "subject": "2", "recorded-or-robo": "Y", "city": "Kennewick", "state": "WA", "area-code": "509"}, {"id": "3decc6bfadaa436a105714c6ba680169", "number": "", "date": "2021-01-20 10:12:00", "subject": "4", "recorded-or-robo": "Y", "city": "Evergreen", "state": "CO", "area-code": "303"}, {"id": "1d36742e3f24f50e4e7ae82801fdd037", "number": "", "date": "2021-01-20 10:12:00", "subject": "4", "recorded-or-robo": "Y", "city": "Evergreen", "state": "CO", "area-code": "303"}, {"id": "3decc6bfadaa436a105714c6ba67f855", "number": "3145509839", "date": "2021-01-23 17:57:00", "subject": "2", "recorded-or-robo": "Y", "city": "Wentzville", "state": "MO", "area-code": "314"}, {"id": "1d36742e3f24f50e4e7ae82801fdcbb7", "number": "3145509839", "date": "2021-01-23 17:57:00", "subject": "2", "recorded-or-robo": "Y", "city": "Wentzville", "state": "MO", "area-code": "314"}, {"id": "3decc6bfadaa436a105714c6ba8137f5", "number": "+13105768832", "date": "2021-01-23 20:23:47", "subject": "3", "recorded-or-robo": "Y", "city": "", "state": "CA", "area-code": "310"}, {"id": "03e293b3df9e35eadf15c5611917c073", "number": "+13105768832", "date": "2021-01-23 20:23:47", "subject": "3", "recorded-or-robo": "Y", "city": "", "state": "CA", "area-code": "310"}, {"id": "3decc6bfadaa436a105714c6ba814fdf", "number": "3869388104", "date": "2021-01-23 20:23:37", "subject": "3", "recorded-or-robo": "Y", "city": "", "state": "FL", "area-code": "386"}, {"id": "03e293b3df9e35eadf15c5611917cc8e", "number": "3869388104", "date": "2021-01-23 20:23:37", "subject": "3", "recorded-or-robo": "Y", "city": "", "state": "FL", "area-code": "386"}, {"id": "3decc6bfadaa436a105714c6ba67f0ad", "number": "5099281476", "date": "2021-01-19 08:45:00", "subject": "1", "recorded-or-robo": "Y", "city": "Spokane Valley", "state": "WA", "area-code": "509"}, {"id": "1d36742e3f24f50e4e7ae82801fdc8fb", "number": "5099281476", "date": "2021-01-19 08:45:00", "subject": "1", "recorded-or-robo": "Y", "city": "Spokane Valley", "state": "WA", "area-code": "509"}, {"id": "3decc6bfadaa436a105714c6ba67e171", "number": "3145503179", "date": "2021-01-23 17:20:00", "subject": "2", "recorded-or-robo": "Y", "city": "Wentzville", "state": "MO", "area-code": "314"}, {"id": "1d36742e3f24f50e4e7ae82801fdc6aa", "number": "3145503179", "date": "2021-01-23 17:20:00", "subject": "2", "recorded-or-robo": "Y", "city": "Wentzville", "state": "MO", "area-code": "314"}, {"id": "3decc6bfadaa436a105714c6ba67d8e2", "number": "6034136661", "date": "2021-01-22 14:07:00", "subject": "2", "recorded-or-robo": "N", "city": "DURYEA", "state": "PA", "area-code": "570"}, {"id": "1d36742e3f24f50e4e7ae82801fdbe7f", "number": "6034136661", "date": "2021-01-22 14:07:00", "subject": "2", "recorded-or-robo": "N", "city": "DURYEA", "state": "PA", "area-code": "570"}, {"id": "3decc6bfadaa436a105714c6ba87c0a1", "number": "5853635670", "date": "2021-01-06 15:01:00", "subject": "3", "recorded-or-robo": "Y", "city": "", "state": "NY", "area-code": "718"}, {"id": "03e293b3df9e35eadf15c561191e531f", "number": "5853635670", "date": "2021-01-06 15:01:00", "subject": "3", "recorded-or-robo": "Y", "city": "", "state": "NY", "area-code": "718"}, {"id": "3decc6bfadaa436a105714c6ba67d3a1", "number": "4078718223", "date": "2021-01-22 17:59:00", "subject": "2", "recorded-or-robo": "N", "city": "", "state": "FL", "area-code": "407"}, {"id": "1d36742e3f24f50e4e7ae82801fdba69", "number": "4078718223", "date": "2021-01-22 17:59:00", "subject": "2", "recorded-or-robo": "N", "city": "", "state": "FL", "area-code": "407"}, {"id": "3decc6bfadaa436a105714c6ba67cc94", "number": "3129820366", "date": "2021-01-22 13:35:00", "subject": "0", "recorded-or-robo": "Y", "city": "Jacksonville", "state": "TX", "area-code": "903"}, {"id": "1d36742e3f24f50e4e7ae82801fdb9af", "number": "3129820366", "date": "2021-01-22 13:35:00", "subject": "0", "recorded-or-robo": "Y", "city": "Jacksonville", "state": "TX", "area-code": "903"}, {"id": "3decc6bfadaa436a105714c6ba8166ac", "number": "3463451685", "date": "2021-01-23 20:20:58", "subject": "3", "recorded-or-robo": "N", "city": "", "state": "UT", "area-code": "435"}, {"id": "03e293b3df9e35eadf15c5611917dc53", "number": "3463451685", "date": "2021-01-23 20:20:58", "subject": "3", "recorded-or-robo": "N", "city": "", "state": "UT", "area-code": "435"}, {"id": "3decc6bfadaa436a105714c6ba8140b9", "number": "3863176993", "date": "2021-01-23 20:20:57", "subject": "3", "recorded-or-robo": "Y", "city": "", "state": "FL", "area-code": "386"}, {"id": "03e293b3df9e35eadf15c5611917cbc2", "number": "3863176993", "date": "2021-01-23 20:20:57", "subject": "3", "recorded-or-robo": "Y", "city": "", "state": "FL", "area-code": "386"}, {"id": "3decc6bfadaa436a105714c6ba67bc9a", "number": "6516914112", "date": "2021-01-07 15:35:00", "subject": "2", "recorded-or-robo": "", "city": "Stanwood", "state": "WA", "area-code": "360"}, {"id": "1d36742e3f24f50e4e7ae82801fdac7c", "number": "6516914112", "date": "2021-01-07 15:35:00", "subject": "2", "recorded-or-robo": "", "city": "Stanwood", "state": "WA", "area-code": "360"}, {"id": "3decc6bfadaa436a105714c6ba67ae23", "number": "2029982908", "date": "2021-01-22 15:14:00", "subject": "2", "recorded-or-robo": "", "city": "Spokane Valley", "state": "WA", "area-code": "509"}, {"id": "1d36742e3f24f50e4e7ae82801fda76d", "number": "2029982908", "date": "2021-01-22 15:14:00", "subject": "2", "recorded-or-robo": "", "city": "Spokane Valley", "state": "WA", "area-code": "509"}, {"id": "3decc6bfadaa436a105714c6ba67a1d4", "number": "9704460847", "date": "2021-01-18 10:54:00", "subject": "4", "recorded-or-robo": "Y", "city": "Evergreen", "state": "CO", "area-code": "303"}, {"id": "1d36742e3f24f50e4e7ae82801fd99c9", "number": "9704460847", "date": "2021-01-18 10:54:00", "subject": "4", "recorded-or-robo": "Y", "city": "Evergreen", "state": "CO", "area-code": "303"}, {"id": "3decc6bfadaa436a105714c6ba6796e6", "number": "4108016198", "date": "2021-01-22 00:00:00", "subject": "2", "recorded-or-robo": "Y", "city": "SEATTLE", "state": "WA", "area-code": "206"}, {"id": "1d36742e3f24f50e4e7ae82801fd8e6b", "number": "4108016198", "date": "2021-01-22 00:00:00", "subject": "2", "recorded-or-robo": "Y", "city": "SEATTLE", "state": "WA", "area-code": "206"}, {"id": "3decc6bfadaa436a105714c6ba815d9a", "number": "3214138519", "date": "2021-01-23 20:20:18", "subject": "3", "recorded-or-robo": "Y", "city": "", "state": "FL", "area-code": "386"}, {"id": "03e293b3df9e35eadf15c5611917d224", "number": "3214138519", "date": "2021-01-23 20:20:18", "subject": "3", "recorded-or-robo": "Y", "city": "", "state": "FL", "area-code": "386"}, {"id": "3decc6bfadaa436a105714c6ba6791ef", "number": "1410200507", "date": "2021-01-23 20:16:00", "subject": "2", "recorded-or-robo": "Y", "city": "Groveport", "state": "OH", "area-code": "614"}, {"id": "1d36742e3f24f50e4e7ae82801fd879b", "number": "1410200507", "date": "2021-01-23 20:16:00", "subject": "2", "recorded-or-robo": "Y", "city": "Groveport", "state": "OH", "area-code": "614"}, {"id": "3decc6bfadaa436a105714c6ba67886e", "number": "5097797130", "date": "2021-01-22 13:10:00", "subject": "2", "recorded-or-robo": "", "city": "Spokane Valley", "state": "WA", "area-code": "509"}, {"id": "1d36742e3f24f50e4e7ae82801fd846f", "number": "5097797130", "date": "2021-01-22 13:10:00", "subject": "2", "recorded-or-robo": "", "city": "Spokane Valley", "state": "WA", "area-code": "509"}, {"id": "3decc6bfadaa436a105714c6ba677ad9", "number": "3145503449", "date": "2021-01-23 17:05:00", "subject": "2", "recorded-or-robo": "", "city": "Wentzville", "state": "MO", "area-code": "314"}]}