{"data": [{"id": "03e293b3df9e35eadf15c561192cdd21", "number": "9405264781", "date": "2021-01-21 16:47:00", "subject": "2", "recorded-or-robo": "Y", "city": "San Antonio", "state": "TX", "area-code": "210"}, {"id": "3decc6bfadaa436a105714c6ba96ac1a", "number": "5712014013", "date": "2021-01-24 11:32:00", "subject": "1", "recorded-or-robo": "Y", "city": "PURCELLVILLE", "state": "VA", "area-code": "571"}, {"id": "03e293b3df9e35eadf15c561192ccffa", "number": "5712014013", "date": "2021-01-24 11:32:00", "subject": "1", "recorded-or-robo": "Y", "city": "PURCELLVILLE", "state": "VA", "area-code": "571"}, {"id": "3decc6bfadaa436a105714c6ba96a4bb", "number": "2108982781", "date": "2021-01-21 13:12:00", "subject": "2", "recorded-or-robo": "Y", "city": "San Antonio", "state": "TX", "area-code": "210"}, {"id": "03e293b3df9e35eadf15c561192ccd6d", "number": "2108982781", "date": "2021-01-21 13:12:00", "subject": "2", "recorded-or-robo": "Y", "city": "San Antonio", "state": "TX", "area-code": "210"}, {"id": "3decc6bfadaa436a105714c6ba969815", "number": "6154065470", "date": "2021-01-24 07:00:00", "subject": "11", "recorded-or-robo": "Y", "city": "west richland", "state": "WA", "area-code": "509"}, {"id": "03e293b3df9e35eadf15c561192cc2a5", "number": "6154065470", "date": "2021-01-24 07:00:00", "subject": "11", "recorded-or-robo": "Y", "city": "west richland", "state": "WA", "area-code": "509"}, {"id": "3decc6bfadaa436a105714c6ba96949c", "number": "4695628130", "date": "2021-01-17 22:02:00", "subject": "3", "recorded-or-robo": "Y", "city": "", "state": "PA", "area-code": "570"}, {"id": "03e293b3df9e35eadf15c561192cb574", "number": "4695628130", "date": "2021-01-17 22:02:00", "subject": "3", "recorded-or-robo": "Y", "city": "", "state": "PA", "area-code": "570"}, {"id": "3decc6bfadaa436a105714c6ba9689fe", "number": "6199164134", "date": "2021-01-24 00:00:00", "subject": "1", "recorded-or-robo": "Y", "city": "Lemon Grove", "state": "CA", "area-code": "619"}, {"id": "03e293b3df9e35eadf15c561192caf02", "number": "6199164134", "date": "2021-01-24 00:00:00", "subject": "1", "recorded-or-robo": "Y", "city": "Lemon Grove", "state": "CA", "area-code": "619"}, {"id": "3decc6bfadaa436a105714c6ba967c97", "number": "3152328257", "date": "2021-01-23 13:03:00", "subject": "2", "recorded-or-robo": "Y", "city": "", "state": "WA", "area-code": "509"}, {"id": "03e293b3df9e35eadf15c561192ca578", "number": "3152328257", "date": "2021-01-23 13:03:00", "subject": "2", "recorded-or-robo": "Y", "city": "", "state": "WA", "area-code": "509"}, {"id": "3decc6bfadaa436a105714c6ba9672c5", "number": "2147402269", "date": "2021-01-24 10:08:00", "subject": "2", "recorded-or-robo": "N", "city": "Carrollton", "state": "TX", "area-code": "214"}, {"id": "03e293b3df9e35eadf15c561192c99e0", "number": "2147402269", "date": "2021-01-24 10:08:00", "subject": "2", "recorded-or-robo": "N", "city": "Carrollton", "state": "TX", "area-code": "214"}, {"id": "3decc6bfadaa436a105714c6ba96651f", "number": "3463821191", "date": "2021-01-21 13:10:00", "subject": "2", "recorded-or-robo": "Y", "city": "San Antonio", "state": "TX", "area-code": "210"}, {"id": "03e293b3df9e35eadf15c561192c94b1", "number": "3463821191", "date": "2021-01-21 13:10:00", "subject": "2", "recorded-or-robo": "Y", "city": "San Antonio", "state": "TX", "area-code": "210"}, {"id": "3decc6bfadaa436a105714c6ba9662b1", "number": "9787773962", "date": "2021-01-24 11:15:00", "subject": "3", "recorded-or-robo": "Y", "city": "", "state": "MA", "area-code": "781"}, {"id": "03e293b3df9e35eadf15c561192c86fd", "number": "9787773962", "date": "2021-01-24 11:15:00", "subject": "3", "recorded-or-robo": "Y", "city": "", "state": "MA", "area-code": "781"}, {"id": "3decc6bfadaa436a105714c6ba965a0e", "number": "9107244498", "date": "2021-01-23 03:02:00", "subject": "4", "recorded-or-robo": "Y", "city": "Raeford", "state": "NC", "area-code": "855"}, {"id": "03e293b3df9e35eadf15c561192c80f4", "number": "9107244498", "date": "2021-01-23 03:02:00", "subject": "4", "recorded-or-robo": "Y", "city": "Raeford", "state": "NC", "area-code": "855"}, {"id": "3decc6bfadaa436a105714c6ba964fdb", "number": "6512678814", "date": "2021-01-21 09:37:00", "subject": "2", "recorded-or-robo": "Y", "city": "St. Paul", "state": "MN", "area-code": "651"}, {"id": "03e293b3df9e35eadf15c561192c79ac", "number": "6512678814", "date": "2021-01-21 09:37:00", "subject": "2", "recorded-or-robo": "Y", "city": "St. Paul", "state": "MN", "area-code": "651"}, {"id": "3decc6bfadaa436a105714c6ba964339", "number": "8037089564", "date": "2021-01-21 11:25:00", "subject": "2", "recorded-or-robo": "Y", "city": "San Antonio", "state": "TX", "area-code": "210"}, {"id": "03e293b3df9e35eadf15c561192c69d8", "number": "8037089564", "date": "2021-01-21 11:25:00", "subject": "2", "recorded-or-robo": "Y", "city": "San Antonio", "state": "TX", "area-code": "210"}, {"id": "3decc6bfadaa436a105714c6ba963c2f", "number": "4693678786", "date": "2021-01-17 22:02:00", "subject": "3", "recorded-or-robo": "Y", "city": "", "state": "PA", "area-code": "570"}, {"id": "03e293b3df9e35eadf15c561192c5c0f", "number": "4693678786", "date": "2021-01-17 22:02:00", "subject": "3", "recorded-or-robo": "Y", "city": "", "state": "PA", "area-code": "570"}, {"id": "3decc6bfadaa436a105714c6ba962e61", "number": "5099457197", "date": "2021-01-24 08:28:00", "subject": "2", "recorded-or-robo": "Y", "city": "", "state": "WA", "area-code": "509"}, {"id": "03e293b3df9e35eadf15c561192c57e5", "number": "5099457197", "date": "2021-01-24 08:28:00", "subject": "2", "recorded-or-robo": "Y", "city": "", "state": "WA", "area-code": "509"}, {"id": "3decc6bfadaa436a105714c6ba962a61", "number": "6122357198", "date": "2021-01-21 12:13:00", "subject": "2", "recorded-or-robo": "Y", "city": "St. Paul", "state": "MN", "area-code": "651"}, {"id": "03e293b3df9e35eadf15c561192c4a7f", "number": "6122357198", "date": "2021-01-21 12:13:00", "subject": "2", "recorded-or-robo": "Y", "city": "St. Paul", "state": "MN", "area-code": "651"}, {"id": "3decc6bfadaa436a105714c6ba961e24", "number": "3037699806", "date": "2021-01-21 11:02:00", "subject": "2", "recorded-or-robo": "Y", "city": "San Antonio", "state": "TX", "area-code": "210"}, {"id": "03e293b3df9e35eadf15c561192c3e6c", "number": "3037699806", "date": "2021-01-21 11:02:00", "subject": "2", "recorded-or-robo": "Y", "city": "San Antonio", "state": "TX", "area-code": "210"}, {"id": "3decc6bfadaa436a105714c6ba961658", "number": "2065313320", "date": "2021-01-24 10:58:00", "subject": "1", "recorded-or-robo": "N", "city": "GREENSBORO", "state": "NC", "area-code": "336"}, {"id": "03e293b3df9e35eadf15c561192c3726", "number": "2065313320", "date": "2021-01-24 10:58:00", "subject": "1", "recorded-or-robo": "N", "city": "GREENSBORO", "state": "NC", "area-code": "336"}, {"id": "3decc6bfadaa436a105714c6ba9606b7", "number": "", "date": "2021-01-24 03:00:00", "subject": "3", "recorded-or-robo": "Y", "city": "", "state": "LA", "area-code": "337"}, {"id": "03e293b3df9e35eadf15c561192c36f1", "number": "", "date": "2021-01-24 03:00:00", "subject": "3", "recorded-or-robo": "Y", "city": "", "state": "LA", "area-code": "337"}, {"id": "3decc6bfadaa436a105714c6ba95ff6c", "number": "7815981638", "date": "2021-01-24 11:15:00", "subject": "3", "recorded-or-robo": "Y", "city": "", "state": "MA", "area-code": "781"}, {"id": "03e293b3df9e35eadf15c561192c2f0b", "number": "7815981638", "date": "2021-01-24 11:15:00", "subject": "3", "recorded-or-robo": "Y", "city": "", "state": "MA", "area-code": "781"}, {"id": "3decc6bfadaa436a105714c6ba95f8f3", "number": "6122357198", "date": "2021-01-21 14:17:00", "subject": "2", "recorded-or-robo": "Y", "city": "St. Paul", "state": "MN", "area-code": "651"}, {"id": "03e293b3df9e35eadf15c561192c2989", "number": "6122357198", "date": "2021-01-21 14:17:00", "subject": "2", "recorded-or-robo": "Y", "city": "St. Paul", "state": "MN", "area-code": "651"}, {"id": "3decc6bfadaa436a105714c6ba95e916", "number": "2107121252", "date": "2021-01-24 11:22:00", "subject": "6", "recorded-or-robo": "N", "city": "Saxonburg", "state": "PA", "area-code": "724"}, {"id": "03e293b3df9e35eadf15c561192c2785", "number": "2107121252", "date": "2021-01-24 11:22:00", "subject": "6", "recorded-or-robo": "N", "city": "Saxonburg", "state": "PA", "area-code": "724"}, {"id": "3decc6bfadaa436a105714c6ba95e2bb", "number": "8038015454", "date": "2021-01-21 10:51:00", "subject": "2", "recorded-or-robo": "Y", "city": "San Antonio", "state": "TX", "area-code": "210"}, {"id": "03e293b3df9e35eadf15c561192c2211", "number": "8038015454", "date": "2021-01-21 10:51:00", "subject": "2", "recorded-or-robo": "Y", "city": "San Antonio", "state": "TX", "area-code": "210"}, {"id": "3decc6bfadaa436a105714c6ba95d684", "number": "8556786885", "date": "2021-01-24 09:13:00", "subject": "11", "recorded-or-robo": "Y", "city": "Commerce City", "state": "CO", "area-code": "509"}, {"id": "03e293b3df9e35eadf15c561192c1ec8", "number": "8556786885", "date": "2021-01-24 09:13:00", "subject": "11", "recorded-or-robo": "Y", "city": "Commerce City", "state": "CO", "area-code": "509"}, {"id": "3decc6bfadaa436a105714c6ba95d2cc", "number": "4697825013", "date": "2021-01-17 05:08:00", "subject": "3", "recorded-or-robo": "Y", "city": "", "state": "PA", "area-code": "570"}, {"id": "03e293b3df9e35eadf15c561192c1d9e", "number": "4697825013", "date": "2021-01-17 05:08:00", "subject": "3", "recorded-or-robo": "Y", "city": "", "state": "PA", "area-code": "570"}, {"id": "3decc6bfadaa436a105714c6ba95d122", "number": "3144346127", "date": "2021-01-23 16:10:00", "subject": "2", "recorded-or-robo": "", "city": "Maryland Heights", "state": "MO", "area-code": "314"}]}