{"data": [{"id": "3decc6bfadaa436a105714c6ba840e22", "number": "+18134257380", "date": "2021-01-23 22:34:09", "subject": "3", "recorded-or-robo": "Y", "city": "", "state": "FL", "area-code": "813"}, {"id": "03e293b3df9e35eadf15c561191a89ee", "number": "+14802489320", "date": "2021-01-23 22:34:09", "subject": "3", "recorded-or-robo": "Y", "city": "", "state": "CA", "area-code": "415"}, {"id": "03e293b3df9e35eadf15c561191a7580", "number": "+18134257380", "date": "2021-01-23 22:34:09", "subject": "3", "recorded-or-robo": "Y", "city": "", "state": "FL", "area-code": "813"}, {"id": "3decc6bfadaa436a105714c6ba70bf77", "number": "5072000166", "date": "2021-01-19 15:11:00", "subject": "0", "recorded-or-robo": "N", "city": "Rochester", "state": "MN", "area-code": "507"}, {"id": "03e293b3df9e35eadf15c5611906ec6e", "number": "5072000166", "date": "2021-01-19 15:11:00", "subject": "0", "recorded-or-robo": "N", "city": "Rochester", "state": "MN", "area-code": "507"}, {"id": "3decc6bfadaa436a105714c6ba83fddd", "number": "+18178392579", "date": "2021-01-23 22:33:19", "subject": "3", "recorded-or-robo": "Y", "city": "", "state": "TX", "area-code": "817"}, {"id": "03e293b3df9e35eadf15c561191a5b79", "number": "+18178392579", "date": "2021-01-23 22:33:19", "subject": "3", "recorded-or-robo": "Y", "city": "", "state": "TX", "area-code": "817"}, {"id": "3decc6bfadaa436a105714c6ba8418c4", "number": "5622927917", "date": "2021-01-23 22:32:25", "subject": "3", "recorded-or-robo": "Y", "city": "", "state": "CA", "area-code": "714"}, {"id": "03e293b3df9e35eadf15c561191a82ae", "number": "5622927917", "date": "2021-01-23 22:32:25", "subject": "3", "recorded-or-robo": "Y", "city": "", "state": "CA", "area-code": "714"}, {"id": "3decc6bfadaa436a105714c6ba70be92", "number": "5053759609", "date": "2021-01-23 10:38:00", "subject": "2", "recorded-or-robo": "Y", "city": "Oklahoma City", "state": "OK", "area-code": "405"}, {"id": "03e293b3df9e35eadf15c5611906e5b1", "number": "5053759609", "date": "2021-01-23 10:38:00", "subject": "2", "recorded-or-robo": "Y", "city": "Oklahoma City", "state": "OK", "area-code": "405"}, {"id": "3decc6bfadaa436a105714c6ba70b721", "number": "6619172025", "date": "2021-01-22 15:52:00", "subject": "5", "recorded-or-robo": "Y", "city": "Tumwater", "state": "CA", "area-code": "661"}, {"id": "03e293b3df9e35eadf15c5611906da37", "number": "6619172025", "date": "2021-01-22 15:52:00", "subject": "5", "recorded-or-robo": "Y", "city": "Tumwater", "state": "CA", "area-code": "661"}, {"id": "3decc6bfadaa436a105714c6ba70aed9", "number": "5074023481", "date": "2021-01-22 11:22:00", "subject": "0", "recorded-or-robo": "N", "city": "Rochester", "state": "MN", "area-code": "507"}, {"id": "03e293b3df9e35eadf15c5611906d82a", "number": "5074023481", "date": "2021-01-22 11:22:00", "subject": "0", "recorded-or-robo": "N", "city": "Rochester", "state": "MN", "area-code": "507"}, {"id": "3decc6bfadaa436a105714c6ba70a40f", "number": "6619178774", "date": "2021-01-14 14:06:00", "subject": "3", "recorded-or-robo": "Y", "city": "Tumwater", "state": "CA", "area-code": "661"}, {"id": "03e293b3df9e35eadf15c5611906d796", "number": "6619178774", "date": "2021-01-14 14:06:00", "subject": "3", "recorded-or-robo": "Y", "city": "Tumwater", "state": "CA", "area-code": "661"}, {"id": "3decc6bfadaa436a105714c6ba70a170", "number": "", "date": "2020-12-23 12:13:00", "subject": "5", "recorded-or-robo": "Y", "city": "Uniontown", "state": "OH", "area-code": "330"}, {"id": "03e293b3df9e35eadf15c5611906cf1c", "number": "", "date": "2020-12-23 12:13:00", "subject": "5", "recorded-or-robo": "Y", "city": "Uniontown", "state": "OH", "area-code": "330"}, {"id": "3decc6bfadaa436a105714c6ba709b91", "number": "6619174923", "date": "2021-01-15 14:54:00", "subject": "3", "recorded-or-robo": "Y", "city": "Tumwater", "state": "CA", "area-code": "661"}, {"id": "03e293b3df9e35eadf15c5611906c6f5", "number": "6619174923", "date": "2021-01-15 14:54:00", "subject": "3", "recorded-or-robo": "Y", "city": "Tumwater", "state": "CA", "area-code": "661"}, {"id": "3decc6bfadaa436a105714c6ba708f54", "number": "8137564675", "date": "2021-01-19 06:21:00", "subject": "7", "recorded-or-robo": "Y", "city": "", "state": "FL", "area-code": "727"}, {"id": "03e293b3df9e35eadf15c5611906c3f9", "number": "8137564675", "date": "2021-01-19 06:21:00", "subject": "7", "recorded-or-robo": "Y", "city": "", "state": "FL", "area-code": "727"}, {"id": "3decc6bfadaa436a105714c6ba708eae", "number": "6619177493", "date": "2021-01-19 09:14:00", "subject": "5", "recorded-or-robo": "Y", "city": "Tumwater", "state": "CA", "area-code": "661"}, {"id": "03e293b3df9e35eadf15c5611906bff4", "number": "6619177493", "date": "2021-01-19 09:14:00", "subject": "5", "recorded-or-robo": "Y", "city": "Tumwater", "state": "CA", "area-code": "661"}, {"id": "3decc6bfadaa436a105714c6ba83eddd", "number": "7259990937", "date": "2021-01-23 22:29:02", "subject": "3", "recorded-or-robo": "Y", "city": "", "state": "NY", "area-code": "718"}, {"id": "03e293b3df9e35eadf15c561191a523a", "number": "7259990937", "date": "2021-01-23 22:29:02", "subject": "3", "recorded-or-robo": "Y", "city": "", "state": "NY", "area-code": "718"}, {"id": "3decc6bfadaa436a105714c6ba83da41", "number": "6815326221", "date": "2021-01-23 22:29:00", "subject": "3", "recorded-or-robo": "N", "city": "", "state": "HI", "area-code": "808"}, {"id": "03e293b3df9e35eadf15c561191a3f73", "number": "6815326221", "date": "2021-01-23 22:29:00", "subject": "3", "recorded-or-robo": "N", "city": "", "state": "HI", "area-code": "808"}, {"id": "3decc6bfadaa436a105714c6ba708615", "number": "8313842366", "date": "2021-01-19 10:26:00", "subject": "5", "recorded-or-robo": "Y", "city": "Tumwater", "state": "WA", "area-code": "661"}, {"id": "3decc6bfadaa436a105714c6ba7080c4", "number": "8136997374", "date": "2021-01-21 15:28:00", "subject": "7", "recorded-or-robo": "Y", "city": "", "state": "FL", "area-code": "727"}, {"id": "03e293b3df9e35eadf15c5611906bdae", "number": "8313842366", "date": "2021-01-19 10:26:00", "subject": "5", "recorded-or-robo": "Y", "city": "Tumwater", "state": "WA", "area-code": "661"}, {"id": "03e293b3df9e35eadf15c5611906af04", "number": "8136997374", "date": "2021-01-21 15:28:00", "subject": "7", "recorded-or-robo": "Y", "city": "", "state": "FL", "area-code": "727"}, {"id": "3decc6bfadaa436a105714c6ba83f6bc", "number": "6158503354", "date": "2021-01-23 22:28:31", "subject": "3", "recorded-or-robo": "Y", "city": "", "state": "UT", "area-code": "385"}, {"id": "03e293b3df9e35eadf15c561191a52b7", "number": "6158503354", "date": "2021-01-23 22:28:31", "subject": "3", "recorded-or-robo": "Y", "city": "", "state": "UT", "area-code": "385"}, {"id": "3decc6bfadaa436a105714c6ba7078bb", "number": "8136997374", "date": "2021-01-23 05:52:00", "subject": "7", "recorded-or-robo": "Y", "city": "", "state": "FL", "area-code": "727"}, {"id": "03e293b3df9e35eadf15c5611906a767", "number": "8136997374", "date": "2021-01-23 05:52:00", "subject": "7", "recorded-or-robo": "Y", "city": "", "state": "FL", "area-code": "727"}, {"id": "3decc6bfadaa436a105714c6ba83e0f4", "number": "9095132176", "date": "2021-01-23 22:27:35", "subject": "3", "recorded-or-robo": "Y", "city": "", "state": "TX", "area-code": "210"}, {"id": "03e293b3df9e35eadf15c561191a46bc", "number": "9095132176", "date": "2021-01-23 22:27:35", "subject": "3", "recorded-or-robo": "Y", "city": "", "state": "TX", "area-code": "210"}, {"id": "3decc6bfadaa436a105714c6ba7071c4", "number": "8137334216", "date": "2021-01-23 16:24:00", "subject": "7", "recorded-or-robo": "N", "city": "", "state": "FL", "area-code": "727"}, {"id": "03e293b3df9e35eadf15c56119069cd9", "number": "8137334216", "date": "2021-01-23 16:24:00", "subject": "7", "recorded-or-robo": "N", "city": "", "state": "FL", "area-code": "727"}, {"id": "3decc6bfadaa436a105714c6ba7069db", "number": "8137334216", "date": "2021-01-23 17:05:00", "subject": "7", "recorded-or-robo": "N", "city": "", "state": "FL", "area-code": "727"}, {"id": "03e293b3df9e35eadf15c56119069141", "number": "8137334216", "date": "2021-01-23 17:05:00", "subject": "7", "recorded-or-robo": "N", "city": "", "state": "FL", "area-code": "727"}, {"id": "3decc6bfadaa436a105714c6ba705cf9", "number": "2242227723", "date": "2021-01-22 17:23:00", "subject": "0", "recorded-or-robo": "N", "city": "Rochester", "state": "MN", "area-code": "507"}, {"id": "03e293b3df9e35eadf15c561190685e4", "number": "2242227723", "date": "2021-01-22 17:23:00", "subject": "0", "recorded-or-robo": "N", "city": "Rochester", "state": "MN", "area-code": "507"}, {"id": "3decc6bfadaa436a105714c6ba705003", "number": "9727777186", "date": "2021-01-23 10:02:00", "subject": "1", "recorded-or-robo": "N", "city": "", "state": "CA", "area-code": "323"}, {"id": "03e293b3df9e35eadf15c561190676a7", "number": "9727777186", "date": "2021-01-23 10:02:00", "subject": "1", "recorded-or-robo": "N", "city": "", "state": "CA", "area-code": "323"}, {"id": "3decc6bfadaa436a105714c6ba704202", "number": "8137334216", "date": "2021-01-23 18:47:00", "subject": "7", "recorded-or-robo": "N", "city": "", "state": "FL", "area-code": "727"}, {"id": "03e293b3df9e35eadf15c561190670d6", "number": "8137334216", "date": "2021-01-23 18:47:00", "subject": "7", "recorded-or-robo": "N", "city": "", "state": "FL", "area-code": "727"}, {"id": "3decc6bfadaa436a105714c6ba7039ff", "number": "3688579", "date": "2021-01-23 00:00:00", "subject": "3", "recorded-or-robo": "", "city": "MD", "state": "MD", "area-code": "301"}]}