{"data": [{"id": "03e293b3df9e35eadf15c561195c153e", "number": "4097912273", "date": "2021-01-24 16:17:00", "subject": "11", "recorded-or-robo": "Y", "city": "", "state": "TX", "area-code": "409"}, {"id": "3decc6bfadaa436a105714c6bac61a13", "number": "", "date": "2021-01-24 17:30:00", "subject": "2", "recorded-or-robo": "N", "city": "Reeds Spring", "state": "MO", "area-code": "417"}, {"id": "03e293b3df9e35eadf15c561195c1321", "number": "", "date": "2021-01-24 17:30:00", "subject": "2", "recorded-or-robo": "N", "city": "Reeds Spring", "state": "MO", "area-code": "417"}, {"id": "3decc6bfadaa436a105714c6bac6159f", "number": "2012380471", "date": "2021-01-19 14:09:00", "subject": "2", "recorded-or-robo": "", "city": "Hasbrouck Heights", "state": "NJ", "area-code": "201"}, {"id": "03e293b3df9e35eadf15c561195c0553", "number": "2012380471", "date": "2021-01-19 14:09:00", "subject": "2", "recorded-or-robo": "", "city": "Hasbrouck Heights", "state": "NJ", "area-code": "201"}, {"id": "3decc6bfadaa436a105714c6bac608c0", "number": "4809248404", "date": "2021-01-22 18:11:00", "subject": "13", "recorded-or-robo": "Y", "city": "Tempe", "state": "AZ", "area-code": "520"}, {"id": "03e293b3df9e35eadf15c561195c0330", "number": "4809248404", "date": "2021-01-22 18:11:00", "subject": "13", "recorded-or-robo": "Y", "city": "Tempe", "state": "AZ", "area-code": "520"}, {"id": "3decc6bfadaa436a105714c6bac60355", "number": "9894829296", "date": "2021-01-24 17:38:00", "subject": "2", "recorded-or-robo": "Y", "city": "", "state": "MI", "area-code": "989"}, {"id": "03e293b3df9e35eadf15c561195c02d0", "number": "9894829296", "date": "2021-01-24 17:38:00", "subject": "2", "recorded-or-robo": "Y", "city": "", "state": "MI", "area-code": "989"}, {"id": "3decc6bfadaa436a105714c6bac6016a", "number": "2012499252", "date": "2021-01-19 14:10:00", "subject": "2", "recorded-or-robo": "", "city": "Hasbrouck Heights", "state": "NJ", "area-code": "201"}, {"id": "03e293b3df9e35eadf15c561195bf4ef", "number": "2012499252", "date": "2021-01-19 14:10:00", "subject": "2", "recorded-or-robo": "", "city": "Hasbrouck Heights", "state": "NJ", "area-code": "201"}, {"id": "3decc6bfadaa436a105714c6bac5f305", "number": "5038585204", "date": "2021-01-20 10:44:00", "subject": "3", "recorded-or-robo": "", "city": "", "state": "OR", "area-code": "503"}, {"id": "03e293b3df9e35eadf15c561195bdbfd", "number": "5038585204", "date": "2021-01-20 10:44:00", "subject": "3", "recorded-or-robo": "", "city": "", "state": "OR", "area-code": "503"}, {"id": "3decc6bfadaa436a105714c6bac5fc1d", "number": "2012941739", "date": "2021-01-19 15:10:00", "subject": "2", "recorded-or-robo": "", "city": "Hasbrouck Heights", "state": "NJ", "area-code": "201"}, {"id": "03e293b3df9e35eadf15c561195beed3", "number": "2012941739", "date": "2021-01-19 15:10:00", "subject": "2", "recorded-or-robo": "", "city": "Hasbrouck Heights", "state": "NJ", "area-code": "201"}, {"id": "3decc6bfadaa436a105714c6bac5f4ae", "number": "4254242433", "date": "2021-01-24 00:00:00", "subject": "7", "recorded-or-robo": "Y", "city": "Salt Lake City", "state": "UT", "area-code": "425"}, {"id": "03e293b3df9e35eadf15c561195be73c", "number": "4254242433", "date": "2021-01-24 00:00:00", "subject": "7", "recorded-or-robo": "Y", "city": "Salt Lake City", "state": "UT", "area-code": "425"}, {"id": "3decc6bfadaa436a105714c6bac5ec31", "number": "2017750924", "date": "2021-01-19 16:50:00", "subject": "2", "recorded-or-robo": "", "city": "Hasbrouck Heights", "state": "NJ", "area-code": "201"}, {"id": "03e293b3df9e35eadf15c561195bd9ab", "number": "2017750924", "date": "2021-01-19 16:50:00", "subject": "2", "recorded-or-robo": "", "city": "Hasbrouck Heights", "state": "NJ", "area-code": "201"}, {"id": "3decc6bfadaa436a105714c6bac5dcfb", "number": "3182523085", "date": "2021-01-20 19:32:00", "subject": "2", "recorded-or-robo": "Y", "city": "Fort Mill", "state": "KY", "area-code": "502"}, {"id": "03e293b3df9e35eadf15c561195bd889", "number": "3182523085", "date": "2021-01-20 19:32:00", "subject": "2", "recorded-or-robo": "Y", "city": "Fort Mill", "state": "KY", "area-code": "502"}, {"id": "3decc6bfadaa436a105714c6bac5d9ef", "number": "2012922663", "date": "2021-01-19 18:43:00", "subject": "2", "recorded-or-robo": "", "city": "Hasbrouck Heights", "state": "NJ", "area-code": "201"}, {"id": "03e293b3df9e35eadf15c561195bccef", "number": "2012922663", "date": "2021-01-19 18:43:00", "subject": "2", "recorded-or-robo": "", "city": "Hasbrouck Heights", "state": "NJ", "area-code": "201"}, {"id": "3decc6bfadaa436a105714c6bac5ccd8", "number": "9412135513", "date": "2021-01-23 11:07:00", "subject": "2", "recorded-or-robo": "Y", "city": "", "state": "DE", "area-code": "302"}, {"id": "03e293b3df9e35eadf15c561195bbd3c", "number": "9412135513", "date": "2021-01-23 11:07:00", "subject": "2", "recorded-or-robo": "Y", "city": "", "state": "DE", "area-code": "302"}, {"id": "3decc6bfadaa436a105714c6bac5bf76", "number": "2012700254", "date": "2021-01-20 10:35:00", "subject": "2", "recorded-or-robo": "", "city": "Hasbrouck Heights", "state": "NJ", "area-code": "201"}, {"id": "03e293b3df9e35eadf15c561195bae7d", "number": "2012700254", "date": "2021-01-20 10:35:00", "subject": "2", "recorded-or-robo": "", "city": "Hasbrouck Heights", "state": "NJ", "area-code": "201"}, {"id": "3decc6bfadaa436a105714c6bac5b08c", "number": "7737957370", "date": "2021-01-24 18:29:00", "subject": "3", "recorded-or-robo": "Y", "city": "NEW YORK", "state": "NY", "area-code": "212"}, {"id": "03e293b3df9e35eadf15c561195ba737", "number": "7737957370", "date": "2021-01-24 18:29:00", "subject": "3", "recorded-or-robo": "Y", "city": "NEW YORK", "state": "NY", "area-code": "212"}, {"id": "3decc6bfadaa436a105714c6bac5a7c8", "number": "5419091222", "date": "2021-01-24 18:25:00", "subject": "2", "recorded-or-robo": "Y", "city": "Fort Mill", "state": "SC", "area-code": "502"}, {"id": "03e293b3df9e35eadf15c561195ba2a8", "number": "5419091222", "date": "2021-01-24 18:25:00", "subject": "2", "recorded-or-robo": "Y", "city": "Fort Mill", "state": "SC", "area-code": "502"}, {"id": "3decc6bfadaa436a105714c6bac599d7", "number": "", "date": "2021-01-24 12:30:00", "subject": "11", "recorded-or-robo": "Y", "city": "", "state": "IN", "area-code": "317"}, {"id": "03e293b3df9e35eadf15c561195b9701", "number": "", "date": "2021-01-24 12:30:00", "subject": "11", "recorded-or-robo": "Y", "city": "", "state": "IN", "area-code": "317"}, {"id": "3decc6bfadaa436a105714c6bac5936d", "number": "2012363239", "date": "2021-01-20 11:06:00", "subject": "2", "recorded-or-robo": "", "city": "Hasbrouck Heights", "state": "NJ", "area-code": "201"}, {"id": "03e293b3df9e35eadf15c561195b8748", "number": "2012363239", "date": "2021-01-20 11:06:00", "subject": "2", "recorded-or-robo": "", "city": "Hasbrouck Heights", "state": "NJ", "area-code": "201"}, {"id": "3decc6bfadaa436a105714c6bac58951", "number": "3152328257", "date": "2021-01-24 18:30:00", "subject": "2", "recorded-or-robo": "Y", "city": "", "state": "OH", "area-code": "740"}, {"id": "03e293b3df9e35eadf15c561195b825f", "number": "3152328257", "date": "2021-01-24 18:30:00", "subject": "2", "recorded-or-robo": "Y", "city": "", "state": "OH", "area-code": "740"}, {"id": "3decc6bfadaa436a105714c6bac57e24", "number": "8082130835", "date": "2021-01-21 18:48:00", "subject": "2", "recorded-or-robo": "Y", "city": "", "state": "DE", "area-code": "302"}, {"id": "03e293b3df9e35eadf15c561195b8039", "number": "8082130835", "date": "2021-01-21 18:48:00", "subject": "2", "recorded-or-robo": "Y", "city": "", "state": "DE", "area-code": "302"}, {"id": "3decc6bfadaa436a105714c6bac56e7f", "number": "6672267437", "date": "2021-01-19 10:36:00", "subject": "3", "recorded-or-robo": "", "city": "", "state": "OR", "area-code": "503"}, {"id": "03e293b3df9e35eadf15c561195b6b12", "number": "6672267437", "date": "2021-01-19 10:36:00", "subject": "3", "recorded-or-robo": "", "city": "", "state": "OR", "area-code": "503"}, {"id": "3decc6bfadaa436a105714c6bac5715f", "number": "6604413066", "date": "2021-01-24 17:19:00", "subject": "2", "recorded-or-robo": "Y", "city": "Warrensburg", "state": "MO", "area-code": "660"}, {"id": "03e293b3df9e35eadf15c561195b79d7", "number": "6604413066", "date": "2021-01-24 17:19:00", "subject": "2", "recorded-or-robo": "Y", "city": "Warrensburg", "state": "MO", "area-code": "660"}, {"id": "3decc6bfadaa436a105714c6bac564b2", "number": "8556783003", "date": "2021-01-24 17:09:00", "subject": "11", "recorded-or-robo": "Y", "city": "Bentonville", "state": "AR", "area-code": "503"}, {"id": "03e293b3df9e35eadf15c561195b6986", "number": "8556783003", "date": "2021-01-24 17:09:00", "subject": "11", "recorded-or-robo": "Y", "city": "Bentonville", "state": "AR", "area-code": "503"}, {"id": "3decc6bfadaa436a105714c6bac559d2", "number": "3143634923", "date": "2021-01-24 13:30:00", "subject": "1", "recorded-or-robo": "Y", "city": "St Louis", "state": "MO", "area-code": "314"}, {"id": "03e293b3df9e35eadf15c561195b66d4", "number": "3143634923", "date": "2021-01-24 13:30:00", "subject": "1", "recorded-or-robo": "Y", "city": "St Louis", "state": "MO", "area-code": "314"}, {"id": "3decc6bfadaa436a105714c6bac54bff", "number": "5202779226", "date": "2021-01-20 13:30:00", "subject": "2", "recorded-or-robo": "Y", "city": "", "state": "DE", "area-code": "302"}, {"id": "03e293b3df9e35eadf15c561195b5f75", "number": "5202779226", "date": "2021-01-20 13:30:00", "subject": "2", "recorded-or-robo": "Y", "city": "", "state": "DE", "area-code": "302"}, {"id": "3decc6bfadaa436a105714c6bac548b7", "number": "8056377243", "date": "2021-01-24 17:37:00", "subject": "4", "recorded-or-robo": "Y", "city": "LINCOLN", "state": "NE", "area-code": "805"}]}