{"data": [{"id": "1d36742e3f24f50e4e7ae82801c907e4", "number": "5857336901", "date": "2021-01-23 16:05:00", "subject": "2", "recorded-or-robo": "Y", "city": "", "state": "NY", "area-code": "585"}, {"id": "3decc6bfadaa436a105714c6ba31ebec", "number": "5174443512", "date": "2021-01-23 08:45:00", "subject": "2", "recorded-or-robo": "Y", "city": "hillsdale", "state": "MI", "area-code": "517"}, {"id": "1d36742e3f24f50e4e7ae82801c90276", "number": "5174443512", "date": "2021-01-23 08:45:00", "subject": "2", "recorded-or-robo": "Y", "city": "hillsdale", "state": "MI", "area-code": "517"}, {"id": "3decc6bfadaa436a105714c6ba31e2b1", "number": "", "date": "2021-01-23 12:00:00", "subject": "1", "recorded-or-robo": "Y", "city": "castle rock", "state": "CO", "area-code": "813"}, {"id": "3decc6bfadaa436a105714c6ba31e18e", "number": "22222381927", "date": "2021-01-05 14:18:00", "subject": "2", "recorded-or-robo": "Y", "city": "Janesville", "state": "WI", "area-code": "608"}, {"id": "1d36742e3f24f50e4e7ae82801c8f918", "number": "", "date": "2021-01-23 12:00:00", "subject": "1", "recorded-or-robo": "Y", "city": "castle rock", "state": "CO", "area-code": "813"}, {"id": "1d36742e3f24f50e4e7ae82801c8f2ec", "number": "22222381927", "date": "2021-01-05 14:18:00", "subject": "2", "recorded-or-robo": "Y", "city": "Janesville", "state": "WI", "area-code": "608"}, {"id": "3decc6bfadaa436a105714c6ba7791a3", "number": "5014438971", "date": "2021-01-23 16:10:05", "subject": "3", "recorded-or-robo": "Y", "city": "", "state": "TX", "area-code": "214"}, {"id": "03e293b3df9e35eadf15c561190e1d47", "number": "5014438971", "date": "2021-01-23 16:10:05", "subject": "3", "recorded-or-robo": "Y", "city": "", "state": "TX", "area-code": "214"}, {"id": "3decc6bfadaa436a105714c6ba778d91", "number": "5014438971", "date": "2021-01-23 16:10:04", "subject": "3", "recorded-or-robo": "Y", "city": "", "state": "TX", "area-code": "214"}, {"id": "3decc6bfadaa436a105714c6ba31e087", "number": "5857337365", "date": "2021-01-23 09:58:00", "subject": "2", "recorded-or-robo": "Y", "city": "", "state": "NY", "area-code": "585"}, {"id": "1d36742e3f24f50e4e7ae82801c8e43a", "number": "5857337365", "date": "2021-01-23 09:58:00", "subject": "2", "recorded-or-robo": "Y", "city": "", "state": "NY", "area-code": "585"}, {"id": "03e293b3df9e35eadf15c561190e00d1", "number": "5014438971", "date": "2021-01-23 16:10:04", "subject": "3", "recorded-or-robo": "Y", "city": "", "state": "TX", "area-code": "214"}, {"id": "3decc6bfadaa436a105714c6ba77a14b", "number": "+18322184069", "date": "2021-01-23 16:09:52", "subject": "3", "recorded-or-robo": "Y", "city": "", "state": "TX", "area-code": "832"}, {"id": "03e293b3df9e35eadf15c561190e2ac6", "number": "+18322184069", "date": "2021-01-23 16:09:52", "subject": "3", "recorded-or-robo": "Y", "city": "", "state": "TX", "area-code": "832"}, {"id": "3decc6bfadaa436a105714c6ba31d6df", "number": "5622717908", "date": "2021-01-22 11:47:00", "subject": "7", "recorded-or-robo": "Y", "city": "Cerritos", "state": "CA", "area-code": "562"}, {"id": "1d36742e3f24f50e4e7ae82801c8d618", "number": "5622717908", "date": "2021-01-22 11:47:00", "subject": "7", "recorded-or-robo": "Y", "city": "Cerritos", "state": "CA", "area-code": "562"}, {"id": "3decc6bfadaa436a105714c6ba31d5d7", "number": "8778213478", "date": "2020-12-22 00:00:00", "subject": "2", "recorded-or-robo": "Y", "city": "Jamestown", "state": "ND", "area-code": "701"}, {"id": "1d36742e3f24f50e4e7ae82801c8c9bf", "number": "8778213478", "date": "2020-12-22 00:00:00", "subject": "2", "recorded-or-robo": "Y", "city": "Jamestown", "state": "ND", "area-code": "701"}, {"id": "3decc6bfadaa436a105714c6ba31cd72", "number": "7542195431", "date": "2021-01-23 15:12:00", "subject": "6", "recorded-or-robo": "Y", "city": "HAMBURG", "state": "NY", "area-code": "716"}, {"id": "1d36742e3f24f50e4e7ae82801c8bbbd", "number": "7542195431", "date": "2021-01-23 15:12:00", "subject": "6", "recorded-or-robo": "Y", "city": "HAMBURG", "state": "NY", "area-code": "716"}, {"id": "3decc6bfadaa436a105714c6ba77a2dc", "number": "+18324151797", "date": "2021-01-23 16:09:21", "subject": "3", "recorded-or-robo": "Y", "city": "", "state": "TX", "area-code": "832"}, {"id": "03e293b3df9e35eadf15c561190e37be", "number": "+18324151797", "date": "2021-01-23 16:09:21", "subject": "3", "recorded-or-robo": "Y", "city": "", "state": "TX", "area-code": "832"}, {"id": "3decc6bfadaa436a105714c6ba876af7", "number": "3108448444", "date": "2021-01-23 06:51:00", "subject": "3", "recorded-or-robo": "Y", "city": "", "state": "CA", "area-code": "310"}, {"id": "03e293b3df9e35eadf15c561191e0ffc", "number": "3108448444", "date": "2021-01-23 06:51:00", "subject": "3", "recorded-or-robo": "Y", "city": "", "state": "CA", "area-code": "310"}, {"id": "3decc6bfadaa436a105714c6ba31cbed", "number": "5624041578", "date": "2021-01-22 13:28:00", "subject": "7", "recorded-or-robo": "Y", "city": "Cerritos", "state": "CA", "area-code": "562"}, {"id": "1d36742e3f24f50e4e7ae82801c8b528", "number": "5624041578", "date": "2021-01-22 13:28:00", "subject": "7", "recorded-or-robo": "Y", "city": "Cerritos", "state": "CA", "area-code": "562"}, {"id": "3decc6bfadaa436a105714c6ba31c697", "number": "5857337972", "date": "2021-01-22 16:51:00", "subject": "2", "recorded-or-robo": "Y", "city": "", "state": "NY", "area-code": "585"}, {"id": "1d36742e3f24f50e4e7ae82801c8a699", "number": "5857337972", "date": "2021-01-22 16:51:00", "subject": "2", "recorded-or-robo": "Y", "city": "", "state": "NY", "area-code": "585"}, {"id": "3decc6bfadaa436a105714c6ba31ba96", "number": "381105162115", "date": "2021-01-06 03:44:00", "subject": "2", "recorded-or-robo": "Y", "city": "Janesville", "state": "WI", "area-code": "608"}, {"id": "1d36742e3f24f50e4e7ae82801c89a38", "number": "381105162115", "date": "2021-01-06 03:44:00", "subject": "2", "recorded-or-robo": "Y", "city": "Janesville", "state": "WI", "area-code": "608"}, {"id": "3decc6bfadaa436a105714c6ba31b6f2", "number": "37065003410", "date": "2021-01-22 20:19:00", "subject": "2", "recorded-or-robo": "Y", "city": "Waterloo", "state": "IA", "area-code": "319"}, {"id": "1d36742e3f24f50e4e7ae82801c88c09", "number": "37065003410", "date": "2021-01-22 20:19:00", "subject": "2", "recorded-or-robo": "Y", "city": "Waterloo", "state": "IA", "area-code": "319"}, {"id": "3decc6bfadaa436a105714c6ba31abb5", "number": "4074697727", "date": "2021-01-22 12:00:00", "subject": "7", "recorded-or-robo": "Y", "city": "Apopka", "state": "FL", "area-code": "407"}, {"id": "1d36742e3f24f50e4e7ae82801c88ba6", "number": "4074697727", "date": "2021-01-22 12:00:00", "subject": "7", "recorded-or-robo": "Y", "city": "Apopka", "state": "FL", "area-code": "407"}, {"id": "3decc6bfadaa436a105714c6ba31a829", "number": "3153227353", "date": "2021-01-13 00:00:00", "subject": "3", "recorded-or-robo": "", "city": "dewitt", "state": "NY", "area-code": "315"}, {"id": "1d36742e3f24f50e4e7ae82801c87ce3", "number": "3153227353", "date": "2021-01-13 00:00:00", "subject": "3", "recorded-or-robo": "", "city": "dewitt", "state": "NY", "area-code": "315"}, {"id": "3decc6bfadaa436a105714c6ba31a4c5", "number": "8887187313", "date": "2021-01-23 12:00:00", "subject": "2", "recorded-or-robo": "Y", "city": "Roy", "state": "WA", "area-code": "253"}, {"id": "1d36742e3f24f50e4e7ae82801c8728d", "number": "8887187313", "date": "2021-01-23 12:00:00", "subject": "2", "recorded-or-robo": "Y", "city": "Roy", "state": "WA", "area-code": "253"}, {"id": "3decc6bfadaa436a105714c6ba7780af", "number": "6027148870", "date": "2021-01-23 16:07:37", "subject": "3", "recorded-or-robo": "N", "city": "", "state": "AZ", "area-code": "480"}, {"id": "03e293b3df9e35eadf15c561190df1ca", "number": "6027148870", "date": "2021-01-23 16:07:37", "subject": "3", "recorded-or-robo": "N", "city": "", "state": "AZ", "area-code": "480"}, {"id": "3decc6bfadaa436a105714c6ba77ea8e", "number": "+12487813524", "date": "2021-01-23 16:07:35", "subject": "3", "recorded-or-robo": "N", "city": "", "state": "MI", "area-code": "248"}, {"id": "03e293b3df9e35eadf15c561190e5bb9", "number": "+12487813524", "date": "2021-01-23 16:07:35", "subject": "3", "recorded-or-robo": "N", "city": "", "state": "MI", "area-code": "248"}, {"id": "3decc6bfadaa436a105714c6ba31a199", "number": "7792045393", "date": "2021-01-23 14:04:00", "subject": "2", "recorded-or-robo": "Y", "city": "Winslow", "state": "AZ", "area-code": "928"}, {"id": "1d36742e3f24f50e4e7ae82801c86e9e", "number": "7792045393", "date": "2021-01-23 14:04:00", "subject": "2", "recorded-or-robo": "Y", "city": "Winslow", "state": "AZ", "area-code": "928"}, {"id": "3decc6bfadaa436a105714c6ba3197ec", "number": "8608911032", "date": "2021-01-23 14:29:00", "subject": "4", "recorded-or-robo": "Y", "city": "Jacksonville", "state": "FL", "area-code": "860"}, {"id": "1d36742e3f24f50e4e7ae82801c865ba", "number": "8608911032", "date": "2021-01-23 14:29:00", "subject": "4", "recorded-or-robo": "Y", "city": "Jacksonville", "state": "FL", "area-code": "860"}, {"id": "3decc6bfadaa436a105714c6ba77fa04", "number": "6206340796", "date": "2021-01-23 16:07:25", "subject": "3", "recorded-or-robo": "N", "city": "", "state": "NY", "area-code": "914"}, {"id": "3decc6bfadaa436a105714c6ba77cb0d", "number": "7194540355", "date": "2021-01-23 16:07:25", "subject": "3", "recorded-or-robo": "Y", "city": "", "state": "AZ", "area-code": "480"}, {"id": "03e293b3df9e35eadf15c561190e67d4", "number": "6206340796", "date": "2021-01-23 16:07:25", "subject": "3", "recorded-or-robo": "N", "city": "", "state": "NY", "area-code": "914"}]}