{"data": [{"id": "03e293b3df9e35eadf15c561190523d8", "number": "8005695299", "date": "2021-01-16 09:53:00", "subject": "0", "recorded-or-robo": "Y", "city": "Sammamish", "state": "", "area-code": "800"}, {"id": "3decc6bfadaa436a105714c6ba6f0620", "number": "2029181056", "date": "2021-01-23 09:19:00", "subject": "2", "recorded-or-robo": "", "city": "", "state": "TX", "area-code": "254"}, {"id": "03e293b3df9e35eadf15c561190514d0", "number": "2029181056", "date": "2021-01-23 09:19:00", "subject": "2", "recorded-or-robo": "", "city": "", "state": "TX", "area-code": "254"}, {"id": "3decc6bfadaa436a105714c6ba6efe99", "number": "5414749356", "date": "2021-01-16 17:26:00", "subject": "0", "recorded-or-robo": "Y", "city": "Sammamish", "state": "OR", "area-code": "541"}, {"id": "03e293b3df9e35eadf15c56119050d55", "number": "5414749356", "date": "2021-01-16 17:26:00", "subject": "0", "recorded-or-robo": "Y", "city": "Sammamish", "state": "OR", "area-code": "541"}, {"id": "3decc6bfadaa436a105714c6ba83a2cf", "number": "+19544978655", "date": "2021-01-23 22:03:16", "subject": "3", "recorded-or-robo": "Y", "city": "", "state": "FL", "area-code": "954"}, {"id": "03e293b3df9e35eadf15c5611919f9a5", "number": "+19544978655", "date": "2021-01-23 22:03:16", "subject": "3", "recorded-or-robo": "Y", "city": "", "state": "FL", "area-code": "954"}, {"id": "3decc6bfadaa436a105714c6ba6ef33e", "number": "7247855703", "date": "2021-01-22 13:02:00", "subject": "2", "recorded-or-robo": "Y", "city": "Saxonburg", "state": "PA", "area-code": "724"}, {"id": "03e293b3df9e35eadf15c561190509dc", "number": "7247855703", "date": "2021-01-22 13:02:00", "subject": "2", "recorded-or-robo": "Y", "city": "Saxonburg", "state": "PA", "area-code": "724"}, {"id": "3decc6bfadaa436a105714c6ba6ee6f8", "number": "5865808490", "date": "2021-01-23 15:28:00", "subject": "2", "recorded-or-robo": "", "city": "", "state": "MI", "area-code": "586"}, {"id": "03e293b3df9e35eadf15c5611904fc35", "number": "5865808490", "date": "2021-01-23 15:28:00", "subject": "2", "recorded-or-robo": "", "city": "", "state": "MI", "area-code": "586"}, {"id": "3decc6bfadaa436a105714c6ba6edffb", "number": "2066539111", "date": "2021-01-19 11:18:00", "subject": "0", "recorded-or-robo": "Y", "city": "Sammamish", "state": "WA", "area-code": "206"}, {"id": "03e293b3df9e35eadf15c5611904ed6a", "number": "2066539111", "date": "2021-01-19 11:18:00", "subject": "0", "recorded-or-robo": "Y", "city": "Sammamish", "state": "WA", "area-code": "206"}, {"id": "3decc6bfadaa436a105714c6ba6ed9ab", "number": "3604824965", "date": "2021-01-20 13:13:00", "subject": "0", "recorded-or-robo": "Y", "city": "Sammamish", "state": "WA", "area-code": "360"}, {"id": "03e293b3df9e35eadf15c5611904e42b", "number": "3604824965", "date": "2021-01-20 13:13:00", "subject": "0", "recorded-or-robo": "Y", "city": "Sammamish", "state": "WA", "area-code": "360"}, {"id": "3decc6bfadaa436a105714c6ba6ed738", "number": "5134931616", "date": "2021-01-23 12:46:00", "subject": "2", "recorded-or-robo": "", "city": "", "state": "MI", "area-code": "586"}, {"id": "03e293b3df9e35eadf15c5611904e3c1", "number": "5134931616", "date": "2021-01-23 12:46:00", "subject": "2", "recorded-or-robo": "", "city": "", "state": "MI", "area-code": "586"}, {"id": "3decc6bfadaa436a105714c6ba6ed39c", "number": "7044973573", "date": "2021-01-23 21:51:00", "subject": "1", "recorded-or-robo": "N", "city": "", "state": "NC", "area-code": "704"}, {"id": "03e293b3df9e35eadf15c5611904d7d0", "number": "7044973573", "date": "2021-01-23 21:51:00", "subject": "1", "recorded-or-robo": "N", "city": "", "state": "NC", "area-code": "704"}, {"id": "3decc6bfadaa436a105714c6ba6ecbd8", "number": "2108986862", "date": "2021-01-21 12:00:00", "subject": "1", "recorded-or-robo": "Y", "city": "Galt", "state": "CA", "area-code": "916"}, {"id": "03e293b3df9e35eadf15c5611904cb0f", "number": "2108986862", "date": "2021-01-21 12:00:00", "subject": "1", "recorded-or-robo": "Y", "city": "Galt", "state": "CA", "area-code": "916"}, {"id": "3decc6bfadaa436a105714c6ba6ebc75", "number": "4254372809", "date": "2021-01-20 15:46:00", "subject": "0", "recorded-or-robo": "Y", "city": "Sammamish", "state": "WA", "area-code": "425"}, {"id": "03e293b3df9e35eadf15c5611904bc25", "number": "4254372809", "date": "2021-01-20 15:46:00", "subject": "0", "recorded-or-robo": "Y", "city": "Sammamish", "state": "WA", "area-code": "425"}, {"id": "3decc6bfadaa436a105714c6ba6eb3fd", "number": "", "date": "2021-01-21 17:53:00", "subject": "0", "recorded-or-robo": "Y", "city": "Sammamish", "state": "WA", "area-code": "206"}, {"id": "03e293b3df9e35eadf15c5611904bafc", "number": "", "date": "2021-01-21 17:53:00", "subject": "0", "recorded-or-robo": "Y", "city": "Sammamish", "state": "WA", "area-code": "206"}, {"id": "3decc6bfadaa436a105714c6ba6eb2a3", "number": "2069782502", "date": "2021-01-22 07:26:00", "subject": "0", "recorded-or-robo": "Y", "city": "Sammamish", "state": "WA", "area-code": "206"}, {"id": "03e293b3df9e35eadf15c5611904ad0d", "number": "2069782502", "date": "2021-01-22 07:26:00", "subject": "0", "recorded-or-robo": "Y", "city": "Sammamish", "state": "WA", "area-code": "206"}, {"id": "3decc6bfadaa436a105714c6ba6eabd8", "number": "6184245061", "date": "2021-01-23 05:00:00", "subject": "3", "recorded-or-robo": "Y", "city": "", "state": "IL", "area-code": "618"}, {"id": "03e293b3df9e35eadf15c56119049e66", "number": "6184245061", "date": "2021-01-23 05:00:00", "subject": "3", "recorded-or-robo": "Y", "city": "", "state": "IL", "area-code": "618"}, {"id": "3decc6bfadaa436a105714c6ba8382d0", "number": "+18662033849", "date": "2021-01-23 21:59:25", "subject": "3", "recorded-or-robo": "Y", "city": "", "state": "NY", "area-code": "845"}, {"id": "03e293b3df9e35eadf15c5611919bfee", "number": "+18662033849", "date": "2021-01-23 21:59:25", "subject": "3", "recorded-or-robo": "Y", "city": "", "state": "NY", "area-code": "845"}, {"id": "3decc6bfadaa436a105714c6ba6ea09a", "number": "7577028053", "date": "2021-01-21 00:00:00", "subject": "5", "recorded-or-robo": "Y", "city": "Lafayette", "state": "CO", "area-code": "757"}, {"id": "03e293b3df9e35eadf15c5611904999c", "number": "7577028053", "date": "2021-01-21 00:00:00", "subject": "5", "recorded-or-robo": "Y", "city": "Lafayette", "state": "CO", "area-code": "757"}, {"id": "3decc6bfadaa436a105714c6ba6e9635", "number": "2069285546", "date": "2021-01-23 15:50:00", "subject": "0", "recorded-or-robo": "Y", "city": "Sammamish", "state": "WA", "area-code": "206"}, {"id": "03e293b3df9e35eadf15c56119049932", "number": "2069285546", "date": "2021-01-23 15:50:00", "subject": "0", "recorded-or-robo": "Y", "city": "Sammamish", "state": "WA", "area-code": "206"}, {"id": "3decc6bfadaa436a105714c6ba839b64", "number": "+13323344943", "date": "2021-01-23 21:57:57", "subject": "3", "recorded-or-robo": "Y", "city": "", "state": "NH", "area-code": "603"}, {"id": "03e293b3df9e35eadf15c5611919d783", "number": "+13323344943", "date": "2021-01-23 21:57:57", "subject": "3", "recorded-or-robo": "Y", "city": "", "state": "NH", "area-code": "603"}, {"id": "3decc6bfadaa436a105714c6ba6e9395", "number": "2069629370", "date": "2021-01-23 16:46:00", "subject": "0", "recorded-or-robo": "Y", "city": "Sammamish", "state": "WA", "area-code": "206"}, {"id": "03e293b3df9e35eadf15c56119048c29", "number": "2069629370", "date": "2021-01-23 16:46:00", "subject": "0", "recorded-or-robo": "Y", "city": "Sammamish", "state": "WA", "area-code": "206"}, {"id": "3decc6bfadaa436a105714c6ba837a43", "number": "5802655499", "date": "2021-01-23 21:57:23", "subject": "3", "recorded-or-robo": "N", "city": "", "state": "OK", "area-code": "580"}, {"id": "03e293b3df9e35eadf15c5611919b5a8", "number": "5802655499", "date": "2021-01-23 21:57:23", "subject": "3", "recorded-or-robo": "N", "city": "", "state": "OK", "area-code": "580"}, {"id": "3decc6bfadaa436a105714c6ba838b14", "number": "8086629144", "date": "2021-01-23 21:57:03", "subject": "3", "recorded-or-robo": "Y", "city": "", "state": "MI", "area-code": "313"}, {"id": "03e293b3df9e35eadf15c5611919c706", "number": "8086629144", "date": "2021-01-23 21:57:03", "subject": "3", "recorded-or-robo": "Y", "city": "", "state": "MI", "area-code": "313"}, {"id": "3decc6bfadaa436a105714c6ba6e9296", "number": "3216777454", "date": "2021-01-23 12:14:00", "subject": "3", "recorded-or-robo": "Y", "city": "", "state": "FL", "area-code": "321"}, {"id": "03e293b3df9e35eadf15c56119047e21", "number": "3216777454", "date": "2021-01-23 12:14:00", "subject": "3", "recorded-or-robo": "Y", "city": "", "state": "FL", "area-code": "321"}, {"id": "3decc6bfadaa436a105714c6ba838e14", "number": "+16783365337", "date": "2021-01-23 21:55:55", "subject": "3", "recorded-or-robo": "Y", "city": "", "state": "NH", "area-code": "603"}, {"id": "3decc6bfadaa436a105714c6ba836a4a", "number": "5802076969", "date": "2021-01-23 21:55:55", "subject": "3", "recorded-or-robo": "N", "city": "", "state": "OK", "area-code": "580"}, {"id": "03e293b3df9e35eadf15c5611919d2bc", "number": "+16783365337", "date": "2021-01-23 21:55:55", "subject": "3", "recorded-or-robo": "Y", "city": "", "state": "NH", "area-code": "603"}, {"id": "03e293b3df9e35eadf15c5611919a644", "number": "5802076969", "date": "2021-01-23 21:55:55", "subject": "3", "recorded-or-robo": "N", "city": "", "state": "OK", "area-code": "580"}, {"id": "3decc6bfadaa436a105714c6ba6e90ee", "number": "", "date": "2021-01-23 12:14:00", "subject": "3", "recorded-or-robo": "Y", "city": "", "state": "FL", "area-code": "321"}]}