{"data": [{"id": "03e293b3df9e35eadf15c561194de7fd", "number": "7164987057", "date": "2021-01-14 11:22:00", "subject": "0", "recorded-or-robo": "", "city": "Buffalo", "state": "NY", "area-code": "716"}, {"id": "3decc6bfadaa436a105714c6bab74809", "number": "4129102673", "date": "2021-01-22 00:00:00", "subject": "4", "recorded-or-robo": "Y", "city": "", "state": "TX", "area-code": "215"}, {"id": "03e293b3df9e35eadf15c561194ddc13", "number": "4129102673", "date": "2021-01-22 00:00:00", "subject": "4", "recorded-or-robo": "Y", "city": "", "state": "TX", "area-code": "215"}, {"id": "3decc6bfadaa436a105714c6bab74210", "number": "8882804331", "date": "2021-01-17 12:14:00", "subject": "11", "recorded-or-robo": "Y", "city": "Buffalo", "state": "NY", "area-code": "716"}, {"id": "03e293b3df9e35eadf15c561194dd2fa", "number": "8882804331", "date": "2021-01-17 12:14:00", "subject": "11", "recorded-or-robo": "Y", "city": "Buffalo", "state": "NY", "area-code": "716"}, {"id": "3decc6bfadaa436a105714c6bab73abf", "number": "", "date": "2021-01-19 11:30:00", "subject": "4", "recorded-or-robo": "Y", "city": "Fond du Lac", "state": "WI", "area-code": "920"}, {"id": "03e293b3df9e35eadf15c561194dce23", "number": "", "date": "2021-01-19 11:30:00", "subject": "4", "recorded-or-robo": "Y", "city": "Fond du Lac", "state": "WI", "area-code": "920"}, {"id": "3decc6bfadaa436a105714c6bab736e4", "number": "4807445975", "date": "2021-01-22 09:28:00", "subject": "2", "recorded-or-robo": "", "city": "Mesa", "state": "AZ", "area-code": "480"}, {"id": "03e293b3df9e35eadf15c561194dc84a", "number": "4807445975", "date": "2021-01-22 09:28:00", "subject": "2", "recorded-or-robo": "", "city": "Mesa", "state": "AZ", "area-code": "480"}, {"id": "3decc6bfadaa436a105714c6bab73207", "number": "3143105139", "date": "2021-01-23 18:08:00", "subject": "2", "recorded-or-robo": "Y", "city": "Chino", "state": "CA", "area-code": "909"}, {"id": "03e293b3df9e35eadf15c561194dc3a6", "number": "3143105139", "date": "2021-01-23 18:08:00", "subject": "2", "recorded-or-robo": "Y", "city": "Chino", "state": "CA", "area-code": "909"}, {"id": "3decc6bfadaa436a105714c6bab72240", "number": "5033585982", "date": "2021-01-22 15:57:00", "subject": "4", "recorded-or-robo": "Y", "city": "", "state": "OR", "area-code": "503"}, {"id": "03e293b3df9e35eadf15c561194db3c1", "number": "5033585982", "date": "2021-01-22 15:57:00", "subject": "4", "recorded-or-robo": "Y", "city": "", "state": "OR", "area-code": "503"}, {"id": "3decc6bfadaa436a105714c6bab71973", "number": "4803762837", "date": "2021-01-24 14:05:00", "subject": "2", "recorded-or-robo": "Y", "city": "", "state": "AZ", "area-code": "520"}, {"id": "03e293b3df9e35eadf15c561194da562", "number": "4803762837", "date": "2021-01-24 14:05:00", "subject": "2", "recorded-or-robo": "Y", "city": "", "state": "AZ", "area-code": "520"}, {"id": "3decc6bfadaa436a105714c6bab70bfe", "number": "5099469311", "date": "2021-01-24 12:00:00", "subject": "1", "recorded-or-robo": "Y", "city": "New Port Richey", "state": "FL", "area-code": "727"}, {"id": "03e293b3df9e35eadf15c561194d9f95", "number": "5099469311", "date": "2021-01-24 12:00:00", "subject": "1", "recorded-or-robo": "Y", "city": "New Port Richey", "state": "FL", "area-code": "727"}, {"id": "3decc6bfadaa436a105714c6bab70623", "number": "6234713155", "date": "2021-01-24 13:05:00", "subject": "2", "recorded-or-robo": "N", "city": "", "state": "NV", "area-code": "702"}, {"id": "03e293b3df9e35eadf15c561194d94cb", "number": "6234713155", "date": "2021-01-24 13:05:00", "subject": "2", "recorded-or-robo": "N", "city": "", "state": "NV", "area-code": "702"}, {"id": "3decc6bfadaa436a105714c6bab6f790", "number": "3143105139", "date": "2021-01-22 00:00:00", "subject": "2", "recorded-or-robo": "Y", "city": "Chino", "state": "CA", "area-code": "909"}, {"id": "03e293b3df9e35eadf15c561194d8a95", "number": "3143105139", "date": "2021-01-22 00:00:00", "subject": "2", "recorded-or-robo": "Y", "city": "Chino", "state": "CA", "area-code": "909"}, {"id": "3decc6bfadaa436a105714c6bab6ee5d", "number": "8556786227", "date": "2021-01-24 16:05:00", "subject": "11", "recorded-or-robo": "Y", "city": "Brandon", "state": "FL", "area-code": "813"}, {"id": "03e293b3df9e35eadf15c561194d826e", "number": "8556786227", "date": "2021-01-24 16:05:00", "subject": "11", "recorded-or-robo": "Y", "city": "Brandon", "state": "FL", "area-code": "813"}, {"id": "3decc6bfadaa436a105714c6bab6e814", "number": "9375391202", "date": "2021-01-24 12:00:00", "subject": "1", "recorded-or-robo": "Y", "city": "", "state": "CA", "area-code": "619"}, {"id": "03e293b3df9e35eadf15c561194d77df", "number": "9375391202", "date": "2021-01-24 12:00:00", "subject": "1", "recorded-or-robo": "Y", "city": "", "state": "CA", "area-code": "619"}, {"id": "3decc6bfadaa436a105714c6bab6dcf7", "number": "7164937173", "date": "2021-01-19 15:10:00", "subject": "0", "recorded-or-robo": "", "city": "Buffalo", "state": "NY", "area-code": "716"}, {"id": "03e293b3df9e35eadf15c561194d7000", "number": "7164937173", "date": "2021-01-19 15:10:00", "subject": "0", "recorded-or-robo": "", "city": "Buffalo", "state": "NY", "area-code": "716"}, {"id": "3decc6bfadaa436a105714c6bab6cfda", "number": "4053582399", "date": "2021-01-24 15:06:00", "subject": "0", "recorded-or-robo": "Y", "city": "Porum", "state": "OK", "area-code": "405"}, {"id": "03e293b3df9e35eadf15c561194d6792", "number": "4053582399", "date": "2021-01-24 15:06:00", "subject": "0", "recorded-or-robo": "Y", "city": "Porum", "state": "OK", "area-code": "405"}, {"id": "3decc6bfadaa436a105714c6bab6c642", "number": "7575350534", "date": "2021-01-24 14:59:00", "subject": "0", "recorded-or-robo": "Y", "city": "Chesapeake", "state": "VA", "area-code": "757"}, {"id": "03e293b3df9e35eadf15c561194d5b0d", "number": "7575350534", "date": "2021-01-24 14:59:00", "subject": "0", "recorded-or-robo": "Y", "city": "Chesapeake", "state": "VA", "area-code": "757"}, {"id": "3decc6bfadaa436a105714c6bab6bcca", "number": "3148392746", "date": "2021-01-24 13:54:00", "subject": "11", "recorded-or-robo": "Y", "city": "Florissant", "state": "MO", "area-code": "314"}, {"id": "03e293b3df9e35eadf15c561194d4d35", "number": "3148392746", "date": "2021-01-24 13:54:00", "subject": "11", "recorded-or-robo": "Y", "city": "Florissant", "state": "MO", "area-code": "314"}, {"id": "3decc6bfadaa436a105714c6bab6b9f4", "number": "6313102840", "date": "2021-01-21 14:50:00", "subject": "9", "recorded-or-robo": "Y", "city": "Buffalo", "state": "NY", "area-code": "716"}, {"id": "03e293b3df9e35eadf15c561194d3f04", "number": "6313102840", "date": "2021-01-21 14:50:00", "subject": "9", "recorded-or-robo": "Y", "city": "Buffalo", "state": "NY", "area-code": "716"}, {"id": "3decc6bfadaa436a105714c6bab6b734", "number": "", "date": "2021-01-24 12:00:00", "subject": "3", "recorded-or-robo": "Y", "city": "St Petersburg", "state": "FL", "area-code": "727"}, {"id": "03e293b3df9e35eadf15c561194d32ac", "number": "", "date": "2021-01-24 12:00:00", "subject": "3", "recorded-or-robo": "Y", "city": "St Petersburg", "state": "FL", "area-code": "727"}, {"id": "3decc6bfadaa436a105714c6bab6a826", "number": "8173819902", "date": "2021-01-22 10:23:00", "subject": "2", "recorded-or-robo": "Y", "city": "Athens", "state": "AL", "area-code": "817"}, {"id": "3decc6bfadaa436a105714c6bab69f23", "number": "7312480053", "date": "2021-01-22 14:06:00", "subject": "4", "recorded-or-robo": "Y", "city": "", "state": "NY", "area-code": "347"}, {"id": "03e293b3df9e35eadf15c561194d3141", "number": "8173819902", "date": "2021-01-22 10:23:00", "subject": "2", "recorded-or-robo": "Y", "city": "Athens", "state": "AL", "area-code": "817"}, {"id": "03e293b3df9e35eadf15c561194d274f", "number": "7312480053", "date": "2021-01-22 14:06:00", "subject": "4", "recorded-or-robo": "Y", "city": "", "state": "NY", "area-code": "347"}, {"id": "3decc6bfadaa436a105714c6bab69b0a", "number": "8882804331", "date": "2021-01-24 02:02:00", "subject": "2", "recorded-or-robo": "Y", "city": "Middle Village", "state": "NY", "area-code": "718"}, {"id": "03e293b3df9e35eadf15c561194d2123", "number": "8882804331", "date": "2021-01-24 02:02:00", "subject": "2", "recorded-or-robo": "Y", "city": "Middle Village", "state": "NY", "area-code": "718"}, {"id": "3decc6bfadaa436a105714c6bab69372", "number": "7275766095", "date": "2021-01-24 12:00:00", "subject": "2", "recorded-or-robo": "Y", "city": "Saint Petersburg", "state": "FL", "area-code": "727"}, {"id": "03e293b3df9e35eadf15c561194d1dc8", "number": "7275766095", "date": "2021-01-24 12:00:00", "subject": "2", "recorded-or-robo": "Y", "city": "Saint Petersburg", "state": "FL", "area-code": "727"}, {"id": "3decc6bfadaa436a105714c6bab6920c", "number": "315232857", "date": "2021-01-23 11:15:00", "subject": "4", "recorded-or-robo": "Y", "city": "Camarillo", "state": "CA", "area-code": "315"}, {"id": "03e293b3df9e35eadf15c561194d1b5b", "number": "315232857", "date": "2021-01-23 11:15:00", "subject": "4", "recorded-or-robo": "Y", "city": "Camarillo", "state": "CA", "area-code": "315"}, {"id": "3decc6bfadaa436a105714c6bab68d79", "number": "6463974311", "date": "2021-01-24 12:57:00", "subject": "2", "recorded-or-robo": "Y", "city": "Arroyo Grande", "state": "CA", "area-code": "805"}, {"id": "03e293b3df9e35eadf15c561194d0e98", "number": "6463974311", "date": "2021-01-24 12:57:00", "subject": "2", "recorded-or-robo": "Y", "city": "Arroyo Grande", "state": "CA", "area-code": "805"}, {"id": "3decc6bfadaa436a105714c6bab68a73", "number": "6064034992", "date": "2021-01-15 22:00:00", "subject": "4", "recorded-or-robo": "N", "city": "Melrose", "state": "WI", "area-code": "608"}]}