{"data": [{"id": "3decc6bfadaa436a105714c6ba4b030e", "number": "", "date": "2021-01-23 05:14:00", "subject": "1", "recorded-or-robo": "Y", "city": "SAINT PAUL", "state": "MN", "area-code": "651"}, {"id": "1d36742e3f24f50e4e7ae82801e12231", "number": "2109816230", "date": "2021-01-23 14:38:00", "subject": "0", "recorded-or-robo": "N", "city": "", "state": "TX", "area-code": "210"}, {"id": "1d36742e3f24f50e4e7ae82801e11b83", "number": "", "date": "2021-01-23 05:14:00", "subject": "1", "recorded-or-robo": "Y", "city": "SAINT PAUL", "state": "MN", "area-code": "651"}, {"id": "3decc6bfadaa436a105714c6ba4afdeb", "number": "6033530674", "date": "2021-01-22 11:06:00", "subject": "2", "recorded-or-robo": "Y", "city": "LITCHFIELD", "state": "NH", "area-code": "603"}, {"id": "1d36742e3f24f50e4e7ae82801e113d8", "number": "6033530674", "date": "2021-01-22 11:06:00", "subject": "2", "recorded-or-robo": "Y", "city": "LITCHFIELD", "state": "NH", "area-code": "603"}, {"id": "3decc6bfadaa436a105714c6ba4af3e8", "number": "9362733931", "date": "2021-01-23 10:23:00", "subject": "0", "recorded-or-robo": "Y", "city": "", "state": "CA", "area-code": "510"}, {"id": "1d36742e3f24f50e4e7ae82801e10f5e", "number": "9362733931", "date": "2021-01-23 10:23:00", "subject": "0", "recorded-or-robo": "Y", "city": "", "state": "CA", "area-code": "510"}, {"id": "3decc6bfadaa436a105714c6ba4ae50e", "number": "7084807816", "date": "2021-01-01 08:00:00", "subject": "2", "recorded-or-robo": "Y", "city": "", "state": "IL", "area-code": "708"}, {"id": "1d36742e3f24f50e4e7ae82801e107fb", "number": "7084807816", "date": "2021-01-01 08:00:00", "subject": "2", "recorded-or-robo": "Y", "city": "", "state": "IL", "area-code": "708"}, {"id": "3decc6bfadaa436a105714c6ba7d4591", "number": "8134243397", "date": "2021-01-23 18:35:15", "subject": "3", "recorded-or-robo": "Y", "city": "", "state": "FL", "area-code": "813"}, {"id": "03e293b3df9e35eadf15c5611913d982", "number": "8134243397", "date": "2021-01-23 18:35:15", "subject": "3", "recorded-or-robo": "Y", "city": "", "state": "FL", "area-code": "813"}, {"id": "3decc6bfadaa436a105714c6ba7d8a95", "number": "+18622677771", "date": "2021-01-23 18:35:14", "subject": "3", "recorded-or-robo": "Y", "city": "", "state": "NJ", "area-code": "973"}, {"id": "03e293b3df9e35eadf15c56119142fd5", "number": "+18622677771", "date": "2021-01-23 18:35:14", "subject": "3", "recorded-or-robo": "Y", "city": "", "state": "NJ", "area-code": "973"}, {"id": "3decc6bfadaa436a105714c6ba4adabd", "number": "5099448720", "date": "2021-01-23 13:39:00", "subject": "11", "recorded-or-robo": "Y", "city": "Spokane Valley", "state": "WA", "area-code": "509"}, {"id": "1d36742e3f24f50e4e7ae82801e10095", "number": "5099448720", "date": "2021-01-23 13:39:00", "subject": "11", "recorded-or-robo": "Y", "city": "Spokane Valley", "state": "WA", "area-code": "509"}, {"id": "3decc6bfadaa436a105714c6ba7d6e24", "number": "6466980722", "date": "2021-01-23 18:34:22", "subject": "3", "recorded-or-robo": "Y", "city": "", "state": "CA", "area-code": "626"}, {"id": "03e293b3df9e35eadf15c56119140dd6", "number": "6466980722", "date": "2021-01-23 18:34:22", "subject": "3", "recorded-or-robo": "Y", "city": "", "state": "CA", "area-code": "626"}, {"id": "3decc6bfadaa436a105714c6ba4ad9c6", "number": "3523398009", "date": "2021-01-23 19:11:00", "subject": "0", "recorded-or-robo": "Y", "city": "the villages", "state": "FL", "area-code": "352"}, {"id": "1d36742e3f24f50e4e7ae82801e0f8ef", "number": "3523398009", "date": "2021-01-23 19:11:00", "subject": "0", "recorded-or-robo": "Y", "city": "the villages", "state": "FL", "area-code": "352"}, {"id": "3decc6bfadaa436a105714c6ba4acaf3", "number": "7063976618", "date": "2021-01-23 13:25:00", "subject": "4", "recorded-or-robo": "Y", "city": "Marietta, Ga", "state": "GA", "area-code": "770"}, {"id": "1d36742e3f24f50e4e7ae82801e0ed6d", "number": "7063976618", "date": "2021-01-23 13:25:00", "subject": "4", "recorded-or-robo": "Y", "city": "Marietta, Ga", "state": "GA", "area-code": "770"}, {"id": "3decc6bfadaa436a105714c6ba4ac11b", "number": "2103054809", "date": "2021-01-23 15:42:00", "subject": "0", "recorded-or-robo": "N", "city": "", "state": "TX", "area-code": "210"}, {"id": "1d36742e3f24f50e4e7ae82801e0e1ce", "number": "2103054809", "date": "2021-01-23 15:42:00", "subject": "0", "recorded-or-robo": "N", "city": "", "state": "TX", "area-code": "210"}, {"id": "3decc6bfadaa436a105714c6ba4abe2b", "number": "4802372777", "date": "2021-01-21 14:25:00", "subject": "4", "recorded-or-robo": "Y", "city": "Hesperia", "state": "CA", "area-code": "909"}, {"id": "1d36742e3f24f50e4e7ae82801e0e121", "number": "4802372777", "date": "2021-01-21 14:25:00", "subject": "4", "recorded-or-robo": "Y", "city": "Hesperia", "state": "CA", "area-code": "909"}, {"id": "3decc6bfadaa436a105714c6ba7d3980", "number": "+17863966476", "date": "2021-01-23 18:33:15", "subject": "3", "recorded-or-robo": "Y", "city": "", "state": "FL", "area-code": "786"}, {"id": "03e293b3df9e35eadf15c5611913caae", "number": "+17863966476", "date": "2021-01-23 18:33:15", "subject": "3", "recorded-or-robo": "Y", "city": "", "state": "FL", "area-code": "786"}, {"id": "3decc6bfadaa436a105714c6ba4aaea6", "number": "8475040693", "date": "2021-01-23 14:45:00", "subject": "1", "recorded-or-robo": "Y", "city": "Skokie", "state": "IL", "area-code": "847"}, {"id": "1d36742e3f24f50e4e7ae82801e0dbcf", "number": "8475040693", "date": "2021-01-23 14:45:00", "subject": "1", "recorded-or-robo": "Y", "city": "Skokie", "state": "IL", "area-code": "847"}, {"id": "3decc6bfadaa436a105714c6ba4aa944", "number": "3523273820", "date": "2021-01-23 15:30:00", "subject": "0", "recorded-or-robo": "Y", "city": "the villages", "state": "FL", "area-code": "352"}, {"id": "1d36742e3f24f50e4e7ae82801e0cffd", "number": "3523273820", "date": "2021-01-23 15:30:00", "subject": "0", "recorded-or-robo": "Y", "city": "the villages", "state": "FL", "area-code": "352"}, {"id": "3decc6bfadaa436a105714c6ba7d5323", "number": "3203171592", "date": "2021-01-23 18:32:54", "subject": "3", "recorded-or-robo": "Y", "city": "", "state": "NV", "area-code": "702"}, {"id": "03e293b3df9e35eadf15c5611913ef91", "number": "3203171592", "date": "2021-01-23 18:32:54", "subject": "3", "recorded-or-robo": "Y", "city": "", "state": "NV", "area-code": "702"}, {"id": "3decc6bfadaa436a105714c6ba4aa8b7", "number": "3109949680", "date": "2021-01-23 09:47:00", "subject": "1", "recorded-or-robo": "Y", "city": "Milpitas", "state": "CA", "area-code": "310"}, {"id": "3decc6bfadaa436a105714c6ba4a9e41", "number": "243896883933", "date": "2021-01-23 17:29:00", "subject": "2", "recorded-or-robo": "Y", "city": "Knoxville", "state": "IA", "area-code": "641"}, {"id": "1d36742e3f24f50e4e7ae82801e0cf6d", "number": "3109949680", "date": "2021-01-23 09:47:00", "subject": "1", "recorded-or-robo": "Y", "city": "Milpitas", "state": "CA", "area-code": "310"}, {"id": "1d36742e3f24f50e4e7ae82801e0c0b8", "number": "243896883933", "date": "2021-01-23 17:29:00", "subject": "2", "recorded-or-robo": "Y", "city": "Knoxville", "state": "IA", "area-code": "641"}, {"id": "3decc6bfadaa436a105714c6ba4a930f", "number": "8603590939", "date": "2021-01-14 13:00:00", "subject": "0", "recorded-or-robo": "N", "city": "", "state": "CT", "area-code": "860"}, {"id": "1d36742e3f24f50e4e7ae82801e0bd4a", "number": "8603590939", "date": "2021-01-14 13:00:00", "subject": "0", "recorded-or-robo": "N", "city": "", "state": "CT", "area-code": "860"}, {"id": "3decc6bfadaa436a105714c6ba4a853b", "number": "3523857725", "date": "2021-01-23 11:11:00", "subject": "0", "recorded-or-robo": "Y", "city": "the villages", "state": "FL", "area-code": "352"}, {"id": "1d36742e3f24f50e4e7ae82801e0adbf", "number": "3523857725", "date": "2021-01-23 11:11:00", "subject": "0", "recorded-or-robo": "Y", "city": "the villages", "state": "FL", "area-code": "352"}, {"id": "3decc6bfadaa436a105714c6ba7d5e17", "number": "3252884549", "date": "2021-01-23 18:32:00", "subject": "3", "recorded-or-robo": "Y", "city": "", "state": "TX", "area-code": "469"}, {"id": "03e293b3df9e35eadf15c5611913fbd4", "number": "3252884549", "date": "2021-01-23 18:32:00", "subject": "3", "recorded-or-robo": "Y", "city": "", "state": "TX", "area-code": "469"}, {"id": "3decc6bfadaa436a105714c6ba4a838f", "number": "5136961920", "date": "2021-01-23 00:00:00", "subject": "0", "recorded-or-robo": "N", "city": "", "state": "CT", "area-code": "203"}, {"id": "1d36742e3f24f50e4e7ae82801e0a7ec", "number": "5136961920", "date": "2021-01-23 00:00:00", "subject": "0", "recorded-or-robo": "N", "city": "", "state": "CT", "area-code": "203"}, {"id": "3decc6bfadaa436a105714c6ba4a77f5", "number": "8609730918", "date": "2021-01-22 08:00:00", "subject": "0", "recorded-or-robo": "N", "city": "", "state": "CT", "area-code": "860"}, {"id": "1d36742e3f24f50e4e7ae82801e0a235", "number": "8609730918", "date": "2021-01-22 08:00:00", "subject": "0", "recorded-or-robo": "N", "city": "", "state": "CT", "area-code": "860"}, {"id": "3decc6bfadaa436a105714c6ba4a7463", "number": "5099817783", "date": "2021-01-23 14:39:00", "subject": "1", "recorded-or-robo": "Y", "city": "Colville", "state": "WA", "area-code": "509"}, {"id": "1d36742e3f24f50e4e7ae82801e0a077", "number": "5099817783", "date": "2021-01-23 14:39:00", "subject": "1", "recorded-or-robo": "Y", "city": "Colville", "state": "WA", "area-code": "509"}, {"id": "3decc6bfadaa436a105714c6ba4a70ef", "number": "8608595170", "date": "2021-01-23 15:00:00", "subject": "0", "recorded-or-robo": "N", "city": "", "state": "CT", "area-code": "860"}]}