{"data": [{"id": "1d36742e3f24f50e4e7ae82801d137ae", "number": "7144081741", "date": "2021-01-23 14:53:00", "subject": "2", "recorded-or-robo": "N", "city": "Phoenix", "state": "AZ", "area-code": "623"}, {"id": "3decc6bfadaa436a105714c6ba3b4fe9", "number": "3013842707", "date": "2021-01-23 16:47:00", "subject": "1", "recorded-or-robo": "Y", "city": "Silver Spring", "state": "MD", "area-code": "301"}, {"id": "1d36742e3f24f50e4e7ae82801d12ffa", "number": "3013842707", "date": "2021-01-23 16:47:00", "subject": "1", "recorded-or-robo": "Y", "city": "Silver Spring", "state": "MD", "area-code": "301"}, {"id": "3decc6bfadaa436a105714c6ba3b4c08", "number": "2187907278", "date": "2021-01-23 10:36:00", "subject": "0", "recorded-or-robo": "", "city": "Providence", "state": "RI", "area-code": "401"}, {"id": "1d36742e3f24f50e4e7ae82801d129ac", "number": "2187907278", "date": "2021-01-23 10:36:00", "subject": "0", "recorded-or-robo": "", "city": "Providence", "state": "RI", "area-code": "401"}, {"id": "3decc6bfadaa436a105714c6ba3b4583", "number": "7054587854", "date": "2021-01-23 16:00:00", "subject": "0", "recorded-or-robo": "Y", "city": "", "state": "RI", "area-code": "401"}, {"id": "1d36742e3f24f50e4e7ae82801d128c5", "number": "7054587854", "date": "2021-01-23 16:00:00", "subject": "0", "recorded-or-robo": "Y", "city": "", "state": "RI", "area-code": "401"}, {"id": "3decc6bfadaa436a105714c6ba79bee6", "number": "+17542069428", "date": "2021-01-23 16:56:08", "subject": "3", "recorded-or-robo": "N", "city": "", "state": "GA", "area-code": "678"}, {"id": "03e293b3df9e35eadf15c5611910580c", "number": "+17542069428", "date": "2021-01-23 16:56:08", "subject": "3", "recorded-or-robo": "N", "city": "", "state": "GA", "area-code": "678"}, {"id": "3decc6bfadaa436a105714c6ba79eb5e", "number": "7863063520", "date": "2021-01-23 16:55:55", "subject": "3", "recorded-or-robo": "Y", "city": "", "state": "FL", "area-code": "786"}, {"id": "03e293b3df9e35eadf15c56119106ebf", "number": "7863063520", "date": "2021-01-23 16:55:55", "subject": "3", "recorded-or-robo": "Y", "city": "", "state": "FL", "area-code": "786"}, {"id": "3decc6bfadaa436a105714c6ba3b383a", "number": "3609402391", "date": "2021-01-23 13:44:00", "subject": "0", "recorded-or-robo": "N", "city": "Black River Falls", "state": "WI", "area-code": "715"}, {"id": "1d36742e3f24f50e4e7ae82801d12837", "number": "3609402391", "date": "2021-01-23 13:44:00", "subject": "0", "recorded-or-robo": "N", "city": "Black River Falls", "state": "WI", "area-code": "715"}, {"id": "3decc6bfadaa436a105714c6ba3b32c7", "number": "4582922478", "date": "2021-01-23 10:44:00", "subject": "3", "recorded-or-robo": "N", "city": "", "state": "CO", "area-code": "303"}, {"id": "1d36742e3f24f50e4e7ae82801d125bd", "number": "4582922478", "date": "2021-01-23 10:44:00", "subject": "3", "recorded-or-robo": "N", "city": "", "state": "CO", "area-code": "303"}, {"id": "3decc6bfadaa436a105714c6ba3b2d95", "number": "8775898809", "date": "2021-01-23 16:50:00", "subject": "1", "recorded-or-robo": "N", "city": "", "state": "PA", "area-code": "267"}, {"id": "1d36742e3f24f50e4e7ae82801d11c18", "number": "8775898809", "date": "2021-01-23 16:50:00", "subject": "1", "recorded-or-robo": "N", "city": "", "state": "PA", "area-code": "267"}, {"id": "3decc6bfadaa436a105714c6ba3b2120", "number": "5098735903", "date": "2021-01-23 09:14:00", "subject": "13", "recorded-or-robo": "N", "city": "Three Forks", "state": "MT", "area-code": "509"}, {"id": "1d36742e3f24f50e4e7ae82801d10cb2", "number": "5098735903", "date": "2021-01-23 09:14:00", "subject": "13", "recorded-or-robo": "N", "city": "Three Forks", "state": "MT", "area-code": "509"}, {"id": "3decc6bfadaa436a105714c6ba79d0d1", "number": "+18476694055", "date": "2021-01-23 16:55:10", "subject": "3", "recorded-or-robo": "Y", "city": "", "state": "IL", "area-code": "847"}, {"id": "03e293b3df9e35eadf15c56119105dee", "number": "+18476694055", "date": "2021-01-23 16:55:10", "subject": "3", "recorded-or-robo": "Y", "city": "", "state": "IL", "area-code": "847"}, {"id": "3decc6bfadaa436a105714c6ba7a06c1", "number": "7372370599", "date": "2021-01-23 16:54:56", "subject": "3", "recorded-or-robo": "Y", "city": "", "state": "TX", "area-code": "325"}, {"id": "03e293b3df9e35eadf15c56119107a08", "number": "7372370599", "date": "2021-01-23 16:54:56", "subject": "3", "recorded-or-robo": "Y", "city": "", "state": "TX", "area-code": "325"}, {"id": "3decc6bfadaa436a105714c6ba3b1213", "number": "5402362822", "date": "2021-01-22 10:06:00", "subject": "1", "recorded-or-robo": "Y", "city": "Staunton", "state": "VA", "area-code": "540"}, {"id": "1d36742e3f24f50e4e7ae82801d10665", "number": "5402362822", "date": "2021-01-22 10:06:00", "subject": "1", "recorded-or-robo": "Y", "city": "Staunton", "state": "VA", "area-code": "540"}, {"id": "3decc6bfadaa436a105714c6ba3b0a94", "number": "9284855321", "date": "2021-01-22 11:28:00", "subject": "3", "recorded-or-robo": "N", "city": "", "state": "CO", "area-code": "303"}, {"id": "1d36742e3f24f50e4e7ae82801d0ef56", "number": "9284855321", "date": "2021-01-22 11:28:00", "subject": "3", "recorded-or-robo": "N", "city": "", "state": "CO", "area-code": "303"}, {"id": "3decc6bfadaa436a105714c6ba3b0dd8", "number": "7329242064", "date": "2021-01-23 16:38:00", "subject": "7", "recorded-or-robo": "Y", "city": "Wall", "state": "NJ", "area-code": "732"}, {"id": "1d36742e3f24f50e4e7ae82801d0f90e", "number": "7329242064", "date": "2021-01-23 16:38:00", "subject": "7", "recorded-or-robo": "Y", "city": "Wall", "state": "NJ", "area-code": "732"}, {"id": "3decc6bfadaa436a105714c6ba3b0363", "number": "5098165879", "date": "2021-01-23 13:33:00", "subject": "6", "recorded-or-robo": "N", "city": "Thorp", "state": "WA", "area-code": "509"}, {"id": "1d36742e3f24f50e4e7ae82801d0e2e8", "number": "5098165879", "date": "2021-01-23 13:33:00", "subject": "6", "recorded-or-robo": "N", "city": "Thorp", "state": "WA", "area-code": "509"}, {"id": "3decc6bfadaa436a105714c6ba3af9bf", "number": "8303077025", "date": "2021-01-21 12:33:00", "subject": "2", "recorded-or-robo": "Y", "city": "Farmington", "state": "MN", "area-code": "651"}, {"id": "1d36742e3f24f50e4e7ae82801d0de4f", "number": "8303077025", "date": "2021-01-21 12:33:00", "subject": "2", "recorded-or-robo": "Y", "city": "Farmington", "state": "MN", "area-code": "651"}, {"id": "3decc6bfadaa436a105714c6ba3af8e9", "number": "2533432505", "date": "2021-01-23 14:52:00", "subject": "3", "recorded-or-robo": "Y", "city": "", "state": "TX", "area-code": "281"}, {"id": "1d36742e3f24f50e4e7ae82801d0d2d6", "number": "2533432505", "date": "2021-01-23 14:52:00", "subject": "3", "recorded-or-robo": "Y", "city": "", "state": "TX", "area-code": "281"}, {"id": "3decc6bfadaa436a105714c6ba3aef0b", "number": "8152634024", "date": "2021-01-23 14:43:00", "subject": "1", "recorded-or-robo": "Y", "city": "Bonita Springs", "state": "FL", "area-code": "217"}, {"id": "3decc6bfadaa436a105714c6ba3ae458", "number": "9372448058", "date": "2021-01-23 15:42:00", "subject": "0", "recorded-or-robo": "Y", "city": "Smithfield", "state": "KY", "area-code": "502"}, {"id": "1d36742e3f24f50e4e7ae82801d0cc21", "number": "8152634024", "date": "2021-01-23 14:43:00", "subject": "1", "recorded-or-robo": "Y", "city": "Bonita Springs", "state": "FL", "area-code": "217"}, {"id": "1d36742e3f24f50e4e7ae82801d0c052", "number": "9372448058", "date": "2021-01-23 15:42:00", "subject": "0", "recorded-or-robo": "Y", "city": "Smithfield", "state": "KY", "area-code": "502"}, {"id": "3decc6bfadaa436a105714c6ba3adaca", "number": "6313154378", "date": "2021-01-23 16:51:00", "subject": "7", "recorded-or-robo": "Y", "city": "", "state": "NY", "area-code": "631"}, {"id": "3decc6bfadaa436a105714c6ba3acb84", "number": "9259648923", "date": "2021-01-23 01:00:00", "subject": "2", "recorded-or-robo": "Y", "city": "", "state": "CA", "area-code": "925"}, {"id": "1d36742e3f24f50e4e7ae82801d0b156", "number": "6313154378", "date": "2021-01-23 16:51:00", "subject": "7", "recorded-or-robo": "Y", "city": "", "state": "NY", "area-code": "631"}, {"id": "1d36742e3f24f50e4e7ae82801d0ac65", "number": "9259648923", "date": "2021-01-23 01:00:00", "subject": "2", "recorded-or-robo": "Y", "city": "", "state": "CA", "area-code": "925"}, {"id": "3decc6bfadaa436a105714c6ba798ba3", "number": "+13125161825", "date": "2021-01-23 16:53:01", "subject": "3", "recorded-or-robo": "Y", "city": "", "state": "IL", "area-code": "312"}, {"id": "03e293b3df9e35eadf15c56119103c67", "number": "+13125161825", "date": "2021-01-23 16:53:01", "subject": "3", "recorded-or-robo": "Y", "city": "", "state": "IL", "area-code": "312"}, {"id": "3decc6bfadaa436a105714c6ba3abd74", "number": "4079822624", "date": "2021-01-23 15:30:00", "subject": "2", "recorded-or-robo": "Y", "city": "palos park", "state": "IL", "area-code": "708"}, {"id": "1d36742e3f24f50e4e7ae82801d0a8c8", "number": "4079822624", "date": "2021-01-23 15:30:00", "subject": "2", "recorded-or-robo": "Y", "city": "palos park", "state": "IL", "area-code": "708"}, {"id": "3decc6bfadaa436a105714c6ba3aadcf", "number": "4092277481", "date": "2021-01-23 03:00:00", "subject": "2", "recorded-or-robo": "Y", "city": "", "state": "TX", "area-code": "409"}, {"id": "1d36742e3f24f50e4e7ae82801d09b3b", "number": "4092277481", "date": "2021-01-23 03:00:00", "subject": "2", "recorded-or-robo": "Y", "city": "", "state": "TX", "area-code": "409"}, {"id": "3decc6bfadaa436a105714c6ba3aa2ca", "number": "3152328257", "date": "2021-01-23 15:00:00", "subject": "11", "recorded-or-robo": "Y", "city": "Santa Fe", "state": "TX", "area-code": "409"}]}