{"data": [{"id": "03e293b3df9e35eadf15c561191957df", "number": "+18333353439", "date": "2021-01-23 21:34:22", "subject": "3", "recorded-or-robo": "Y", "city": "", "state": "MI", "area-code": "810"}, {"id": "3decc6bfadaa436a105714c6ba6c9783", "number": "3312899", "date": "2021-01-15 19:39:00", "subject": "0", "recorded-or-robo": "Y", "city": "Duluth", "state": "MN", "area-code": "218"}, {"id": "03e293b3df9e35eadf15c56119029da2", "number": "3312899", "date": "2021-01-15 19:39:00", "subject": "0", "recorded-or-robo": "Y", "city": "Duluth", "state": "MN", "area-code": "218"}, {"id": "3decc6bfadaa436a105714c6ba8309ab", "number": "6026727739", "date": "2021-01-23 21:33:31", "subject": "3", "recorded-or-robo": "N", "city": "", "state": "AZ", "area-code": "602"}, {"id": "03e293b3df9e35eadf15c56119194932", "number": "6026727739", "date": "2021-01-23 21:33:31", "subject": "3", "recorded-or-robo": "N", "city": "", "state": "AZ", "area-code": "602"}, {"id": "3decc6bfadaa436a105714c6ba6c8e21", "number": "3185352", "date": "2021-01-17 17:26:00", "subject": "0", "recorded-or-robo": "Y", "city": "Duluth", "state": "MN", "area-code": "218"}, {"id": "03e293b3df9e35eadf15c56119029015", "number": "3185352", "date": "2021-01-17 17:26:00", "subject": "0", "recorded-or-robo": "Y", "city": "Duluth", "state": "MN", "area-code": "218"}, {"id": "3decc6bfadaa436a105714c6ba82fabe", "number": "+13217857760", "date": "2021-01-23 21:32:56", "subject": "3", "recorded-or-robo": "Y", "city": "", "state": "NY", "area-code": "917"}, {"id": "03e293b3df9e35eadf15c56119193f2b", "number": "+13217857760", "date": "2021-01-23 21:32:56", "subject": "3", "recorded-or-robo": "Y", "city": "", "state": "NY", "area-code": "917"}, {"id": "3decc6bfadaa436a105714c6ba6c8132", "number": "2514534312", "date": "2021-01-18 15:51:00", "subject": "0", "recorded-or-robo": "Y", "city": "Duluth", "state": "MN", "area-code": "218"}, {"id": "03e293b3df9e35eadf15c56119028c28", "number": "2514534312", "date": "2021-01-18 15:51:00", "subject": "0", "recorded-or-robo": "Y", "city": "Duluth", "state": "MN", "area-code": "218"}, {"id": "3decc6bfadaa436a105714c6ba6c729d", "number": "9493186359", "date": "2021-01-08 08:35:00", "subject": "4", "recorded-or-robo": "Y", "city": "", "state": "CA", "area-code": "818"}, {"id": "03e293b3df9e35eadf15c56119028bc1", "number": "9493186359", "date": "2021-01-08 08:35:00", "subject": "4", "recorded-or-robo": "Y", "city": "", "state": "CA", "area-code": "818"}, {"id": "3decc6bfadaa436a105714c6ba6c7178", "number": "7754471796", "date": "2021-01-23 21:03:00", "subject": "2", "recorded-or-robo": "Y", "city": "", "state": "NY", "area-code": "516"}, {"id": "03e293b3df9e35eadf15c56119028724", "number": "7754471796", "date": "2021-01-23 21:03:00", "subject": "2", "recorded-or-robo": "Y", "city": "", "state": "NY", "area-code": "516"}, {"id": "3decc6bfadaa436a105714c6ba6c67fc", "number": "6206708090", "date": "2021-01-18 20:43:00", "subject": "0", "recorded-or-robo": "Y", "city": "Duluth", "state": "MN", "area-code": "218"}, {"id": "03e293b3df9e35eadf15c5611902782d", "number": "6206708090", "date": "2021-01-18 20:43:00", "subject": "0", "recorded-or-robo": "Y", "city": "Duluth", "state": "MN", "area-code": "218"}, {"id": "3decc6bfadaa436a105714c6ba6c6560", "number": "4158431549", "date": "2021-01-18 09:07:00", "subject": "4", "recorded-or-robo": "Y", "city": "", "state": "CA", "area-code": "818"}, {"id": "03e293b3df9e35eadf15c56119026c0e", "number": "4158431549", "date": "2021-01-18 09:07:00", "subject": "4", "recorded-or-robo": "Y", "city": "", "state": "CA", "area-code": "818"}, {"id": "3decc6bfadaa436a105714c6ba82dfbb", "number": "9564501415", "date": "2021-01-23 21:31:13", "subject": "3", "recorded-or-robo": "N", "city": "", "state": "TX", "area-code": "956"}, {"id": "03e293b3df9e35eadf15c5611919279a", "number": "9564501415", "date": "2021-01-23 21:31:13", "subject": "3", "recorded-or-robo": "N", "city": "", "state": "TX", "area-code": "956"}, {"id": "3decc6bfadaa436a105714c6ba831846", "number": "9564501415", "date": "2021-01-23 21:31:12", "subject": "3", "recorded-or-robo": "N", "city": "", "state": "TX", "area-code": "956"}, {"id": "03e293b3df9e35eadf15c56119195481", "number": "9564501415", "date": "2021-01-23 21:31:12", "subject": "3", "recorded-or-robo": "N", "city": "", "state": "TX", "area-code": "956"}, {"id": "3decc6bfadaa436a105714c6ba82d791", "number": "9564501415", "date": "2021-01-23 21:31:11", "subject": "3", "recorded-or-robo": "N", "city": "", "state": "TX", "area-code": "956"}, {"id": "03e293b3df9e35eadf15c5611919241c", "number": "9564501415", "date": "2021-01-23 21:31:11", "subject": "3", "recorded-or-robo": "N", "city": "", "state": "TX", "area-code": "956"}, {"id": "3decc6bfadaa436a105714c6ba6c5ef9", "number": "9289557568", "date": "2021-01-10 05:00:00", "subject": "3", "recorded-or-robo": "", "city": "", "state": "AZ", "area-code": "928"}, {"id": "03e293b3df9e35eadf15c56119026187", "number": "9289557568", "date": "2021-01-10 05:00:00", "subject": "3", "recorded-or-robo": "", "city": "", "state": "AZ", "area-code": "928"}, {"id": "3decc6bfadaa436a105714c6ba6c50e9", "number": "2151312", "date": "2021-01-19 12:10:00", "subject": "0", "recorded-or-robo": "Y", "city": "Duluth", "state": "MN", "area-code": "218"}, {"id": "03e293b3df9e35eadf15c56119025ea7", "number": "2151312", "date": "2021-01-19 12:10:00", "subject": "0", "recorded-or-robo": "Y", "city": "Duluth", "state": "MN", "area-code": "218"}, {"id": "3decc6bfadaa436a105714c6ba6c4320", "number": "5015093706", "date": "2021-01-19 16:41:00", "subject": "0", "recorded-or-robo": "Y", "city": "Duluth", "state": "MN", "area-code": "218"}, {"id": "03e293b3df9e35eadf15c56119025e08", "number": "5015093706", "date": "2021-01-19 16:41:00", "subject": "0", "recorded-or-robo": "Y", "city": "Duluth", "state": "MN", "area-code": "218"}, {"id": "3decc6bfadaa436a105714c6ba6c4269", "number": "9895467448", "date": "2021-01-23 13:38:00", "subject": "2", "recorded-or-robo": "Y", "city": "", "state": "MI", "area-code": "989"}, {"id": "03e293b3df9e35eadf15c5611902579e", "number": "9895467448", "date": "2021-01-23 13:38:00", "subject": "2", "recorded-or-robo": "Y", "city": "", "state": "MI", "area-code": "989"}, {"id": "3decc6bfadaa436a105714c6ba6c41ea", "number": "7219540", "date": "2021-01-20 11:32:00", "subject": "0", "recorded-or-robo": "Y", "city": "Duluth", "state": "MN", "area-code": "218"}, {"id": "03e293b3df9e35eadf15c56119025526", "number": "7219540", "date": "2021-01-20 11:32:00", "subject": "0", "recorded-or-robo": "Y", "city": "Duluth", "state": "MN", "area-code": "218"}, {"id": "3decc6bfadaa436a105714c6ba82ad05", "number": "+18144586864", "date": "2021-01-23 21:28:54", "subject": "3", "recorded-or-robo": "Y", "city": "", "state": "PA", "area-code": "814"}, {"id": "03e293b3df9e35eadf15c561191909f4", "number": "+18144586864", "date": "2021-01-23 21:28:54", "subject": "3", "recorded-or-robo": "Y", "city": "", "state": "PA", "area-code": "814"}, {"id": "3decc6bfadaa436a105714c6ba82bc45", "number": "+18147965656", "date": "2021-01-23 21:28:39", "subject": "3", "recorded-or-robo": "Y", "city": "", "state": "PA", "area-code": "814"}, {"id": "03e293b3df9e35eadf15c561191914ef", "number": "+18147965656", "date": "2021-01-23 21:28:39", "subject": "3", "recorded-or-robo": "Y", "city": "", "state": "PA", "area-code": "814"}, {"id": "3decc6bfadaa436a105714c6ba6c32d2", "number": "9894592026", "date": "2021-01-23 13:45:00", "subject": "2", "recorded-or-robo": "Y", "city": "", "state": "MI", "area-code": "989"}, {"id": "03e293b3df9e35eadf15c56119024cbb", "number": "9894592026", "date": "2021-01-23 13:45:00", "subject": "2", "recorded-or-robo": "Y", "city": "", "state": "MI", "area-code": "989"}, {"id": "3decc6bfadaa436a105714c6ba6c321c", "number": "8785615", "date": "2021-01-20 12:26:00", "subject": "0", "recorded-or-robo": "Y", "city": "Duluth", "state": "MN", "area-code": "218"}, {"id": "03e293b3df9e35eadf15c56119024980", "number": "8785615", "date": "2021-01-20 12:26:00", "subject": "0", "recorded-or-robo": "Y", "city": "Duluth", "state": "MN", "area-code": "218"}, {"id": "3decc6bfadaa436a105714c6ba82c7cf", "number": "+13126950990", "date": "2021-01-23 21:27:49", "subject": "3", "recorded-or-robo": "Y", "city": "", "state": "IL", "area-code": "312"}, {"id": "03e293b3df9e35eadf15c56119191e5f", "number": "+13126950990", "date": "2021-01-23 21:27:49", "subject": "3", "recorded-or-robo": "Y", "city": "", "state": "IL", "area-code": "312"}, {"id": "3decc6bfadaa436a105714c6ba6c274e", "number": "4049960982", "date": "2021-01-20 16:52:00", "subject": "0", "recorded-or-robo": "Y", "city": "Duluth", "state": "MN", "area-code": "218"}, {"id": "03e293b3df9e35eadf15c56119023bc9", "number": "4049960982", "date": "2021-01-20 16:52:00", "subject": "0", "recorded-or-robo": "Y", "city": "Duluth", "state": "MN", "area-code": "218"}, {"id": "3decc6bfadaa436a105714c6ba82a236", "number": "+13124939415", "date": "2021-01-23 21:26:43", "subject": "3", "recorded-or-robo": "Y", "city": "", "state": "IL", "area-code": "312"}, {"id": "03e293b3df9e35eadf15c5611919007d", "number": "+13124939415", "date": "2021-01-23 21:26:43", "subject": "3", "recorded-or-robo": "Y", "city": "", "state": "IL", "area-code": "312"}, {"id": "3decc6bfadaa436a105714c6ba6c1b00", "number": "7128003761", "date": "2021-01-23 13:16:00", "subject": "0", "recorded-or-robo": "Y", "city": "Duluth", "state": "MN", "area-code": "218"}]}