{"data": [{"id": "03e293b3df9e35eadf15c56119284333", "number": "3152328257", "date": "2021-01-23 11:45:00", "subject": "1", "recorded-or-robo": "Y", "city": "Wentzville", "state": "MO", "area-code": "314"}, {"id": "3decc6bfadaa436a105714c6ba91f9c9", "number": "3145042861", "date": "2021-01-24 09:32:00", "subject": "1", "recorded-or-robo": "Y", "city": "Florissant", "state": "MO", "area-code": "314"}, {"id": "03e293b3df9e35eadf15c5611928342e", "number": "3145042861", "date": "2021-01-24 09:32:00", "subject": "1", "recorded-or-robo": "Y", "city": "Florissant", "state": "MO", "area-code": "314"}, {"id": "3decc6bfadaa436a105714c6ba91eb3c", "number": "6602813644", "date": "2021-01-23 19:11:00", "subject": "2", "recorded-or-robo": "Y", "city": "Springfield", "state": "MO", "area-code": "660"}, {"id": "03e293b3df9e35eadf15c56119282ff0", "number": "6602813644", "date": "2021-01-23 19:11:00", "subject": "2", "recorded-or-robo": "Y", "city": "Springfield", "state": "MO", "area-code": "660"}, {"id": "3decc6bfadaa436a105714c6ba91e7be", "number": "6602814755", "date": "2021-01-23 19:06:00", "subject": "2", "recorded-or-robo": "Y", "city": "Springfield", "state": "MO", "area-code": "660"}, {"id": "03e293b3df9e35eadf15c56119282a1a", "number": "6602814755", "date": "2021-01-23 19:06:00", "subject": "2", "recorded-or-robo": "Y", "city": "Springfield", "state": "MO", "area-code": "660"}, {"id": "3decc6bfadaa436a105714c6ba91e721", "number": "6602818498", "date": "2021-01-23 18:54:00", "subject": "2", "recorded-or-robo": "Y", "city": "Springfield", "state": "MO", "area-code": "660"}, {"id": "03e293b3df9e35eadf15c56119282431", "number": "6602818498", "date": "2021-01-23 18:54:00", "subject": "2", "recorded-or-robo": "Y", "city": "Springfield", "state": "MO", "area-code": "660"}, {"id": "3decc6bfadaa436a105714c6ba91e5d1", "number": "3145034359", "date": "2021-01-24 04:03:00", "subject": "2", "recorded-or-robo": "Y", "city": "Saint Louis", "state": "MO", "area-code": "314"}, {"id": "03e293b3df9e35eadf15c56119281878", "number": "3145034359", "date": "2021-01-24 04:03:00", "subject": "2", "recorded-or-robo": "Y", "city": "Saint Louis", "state": "MO", "area-code": "314"}, {"id": "3decc6bfadaa436a105714c6ba91e3e0", "number": "6602812220", "date": "2021-01-23 18:25:00", "subject": "2", "recorded-or-robo": "N", "city": "Springfield", "state": "MO", "area-code": "660"}, {"id": "03e293b3df9e35eadf15c56119280fd6", "number": "6602812220", "date": "2021-01-23 18:25:00", "subject": "2", "recorded-or-robo": "N", "city": "Springfield", "state": "MO", "area-code": "660"}, {"id": "3decc6bfadaa436a105714c6ba91ddac", "number": "3145038919", "date": "2021-01-24 02:04:00", "subject": "2", "recorded-or-robo": "Y", "city": "Saint Louis", "state": "MO", "area-code": "314"}, {"id": "03e293b3df9e35eadf15c56119280874", "number": "3145038919", "date": "2021-01-24 02:04:00", "subject": "2", "recorded-or-robo": "Y", "city": "Saint Louis", "state": "MO", "area-code": "314"}, {"id": "3decc6bfadaa436a105714c6ba91d53c", "number": "8042938577", "date": "2021-01-23 12:01:00", "subject": "4", "recorded-or-robo": "Y", "city": "", "state": "GA", "area-code": "770"}, {"id": "03e293b3df9e35eadf15c56119280871", "number": "8042938577", "date": "2021-01-23 12:01:00", "subject": "4", "recorded-or-robo": "Y", "city": "", "state": "GA", "area-code": "770"}, {"id": "3decc6bfadaa436a105714c6ba91d14e", "number": "6602817977", "date": "2021-01-23 18:11:00", "subject": "2", "recorded-or-robo": "Y", "city": "Springfield", "state": "MO", "area-code": "660"}, {"id": "03e293b3df9e35eadf15c5611927fbe5", "number": "6602817977", "date": "2021-01-23 18:11:00", "subject": "2", "recorded-or-robo": "Y", "city": "Springfield", "state": "MO", "area-code": "660"}, {"id": "3decc6bfadaa436a105714c6ba91d052", "number": "6602817977", "date": "2021-01-23 18:04:00", "subject": "2", "recorded-or-robo": "Y", "city": "Springfield", "state": "MO", "area-code": "660"}, {"id": "03e293b3df9e35eadf15c5611927f238", "number": "6602817977", "date": "2021-01-23 18:04:00", "subject": "2", "recorded-or-robo": "Y", "city": "Springfield", "state": "MO", "area-code": "660"}, {"id": "3decc6bfadaa436a105714c6ba91c0c2", "number": "9376375643", "date": "2021-01-22 16:58:00", "subject": "4", "recorded-or-robo": "Y", "city": "", "state": "OH", "area-code": "937"}, {"id": "03e293b3df9e35eadf15c5611927ef9c", "number": "9376375643", "date": "2021-01-22 16:58:00", "subject": "4", "recorded-or-robo": "Y", "city": "", "state": "OH", "area-code": "937"}, {"id": "3decc6bfadaa436a105714c6ba91b418", "number": "4242867080", "date": "2021-01-23 15:37:00", "subject": "2", "recorded-or-robo": "", "city": "Clayton", "state": "MO", "area-code": "310"}, {"id": "03e293b3df9e35eadf15c5611927ec00", "number": "4242867080", "date": "2021-01-23 15:37:00", "subject": "2", "recorded-or-robo": "", "city": "Clayton", "state": "MO", "area-code": "310"}, {"id": "3decc6bfadaa436a105714c6ba91a857", "number": "6602813644", "date": "2021-01-23 17:55:00", "subject": "2", "recorded-or-robo": "Y", "city": "Springfield", "state": "MO", "area-code": "660"}, {"id": "03e293b3df9e35eadf15c5611927e668", "number": "6602813644", "date": "2021-01-23 17:55:00", "subject": "2", "recorded-or-robo": "Y", "city": "Springfield", "state": "MO", "area-code": "660"}, {"id": "3decc6bfadaa436a105714c6ba919c79", "number": "5099796927", "date": "2021-01-23 17:11:00", "subject": "11", "recorded-or-robo": "Y", "city": "Commerce City", "state": "CO", "area-code": "509"}, {"id": "03e293b3df9e35eadf15c5611927de47", "number": "5099796927", "date": "2021-01-23 17:11:00", "subject": "11", "recorded-or-robo": "Y", "city": "Commerce City", "state": "CO", "area-code": "509"}, {"id": "3decc6bfadaa436a105714c6ba9195af", "number": "5623737343", "date": "2021-01-22 15:00:00", "subject": "11", "recorded-or-robo": "N", "city": "Euclid", "state": "OH", "area-code": "216"}, {"id": "03e293b3df9e35eadf15c5611927d5ea", "number": "5623737343", "date": "2021-01-22 15:00:00", "subject": "11", "recorded-or-robo": "N", "city": "Euclid", "state": "OH", "area-code": "216"}, {"id": "3decc6bfadaa436a105714c6ba91894f", "number": "7242437286", "date": "2021-01-24 10:18:00", "subject": "2", "recorded-or-robo": "Y", "city": "Lawrenceville", "state": "GA", "area-code": "678"}, {"id": "03e293b3df9e35eadf15c5611927d449", "number": "7242437286", "date": "2021-01-24 10:18:00", "subject": "2", "recorded-or-robo": "Y", "city": "Lawrenceville", "state": "GA", "area-code": "678"}, {"id": "3decc6bfadaa436a105714c6ba91798f", "number": "2693094312", "date": "2021-01-24 10:17:00", "subject": "3", "recorded-or-robo": "Y", "city": "", "state": "MI", "area-code": "248"}, {"id": "03e293b3df9e35eadf15c5611927d063", "number": "2693094312", "date": "2021-01-24 10:17:00", "subject": "3", "recorded-or-robo": "Y", "city": "", "state": "MI", "area-code": "248"}, {"id": "3decc6bfadaa436a105714c6ba91781a", "number": "3152328257", "date": "2021-01-23 15:21:00", "subject": "2", "recorded-or-robo": "Y", "city": "Saint Louis", "state": "MO", "area-code": "314"}, {"id": "03e293b3df9e35eadf15c5611927cea6", "number": "3152328257", "date": "2021-01-23 15:21:00", "subject": "2", "recorded-or-robo": "Y", "city": "Saint Louis", "state": "MO", "area-code": "314"}, {"id": "3decc6bfadaa436a105714c6ba9160b2", "number": "5067383264", "date": "2021-01-23 10:30:00", "subject": "3", "recorded-or-robo": "N", "city": "", "state": "NY", "area-code": "518"}, {"id": "03e293b3df9e35eadf15c5611927b779", "number": "5067383264", "date": "2021-01-23 10:30:00", "subject": "3", "recorded-or-robo": "N", "city": "", "state": "NY", "area-code": "518"}, {"id": "3decc6bfadaa436a105714c6ba916b1b", "number": "2522565441", "date": "2021-01-24 10:19:00", "subject": "11", "recorded-or-robo": "Y", "city": "Leland", "state": "NC", "area-code": "910"}, {"id": "03e293b3df9e35eadf15c5611927c615", "number": "2522565441", "date": "2021-01-24 10:19:00", "subject": "11", "recorded-or-robo": "Y", "city": "Leland", "state": "NC", "area-code": "910"}, {"id": "3decc6bfadaa436a105714c6ba915f7f", "number": "03238768173", "date": "2021-01-24 07:52:00", "subject": "2", "recorded-or-robo": "N", "city": "Abdul Hakim", "state": "PA", "area-code": "321"}, {"id": "03e293b3df9e35eadf15c5611927b44d", "number": "03238768173", "date": "2021-01-24 07:52:00", "subject": "2", "recorded-or-robo": "N", "city": "Abdul Hakim", "state": "PA", "area-code": "321"}, {"id": "3decc6bfadaa436a105714c6ba915abb", "number": "3098744009", "date": "2021-01-20 14:45:00", "subject": "4", "recorded-or-robo": "Y", "city": "Chicago", "state": "IL", "area-code": "773"}, {"id": "03e293b3df9e35eadf15c5611927b19e", "number": "3098744009", "date": "2021-01-20 14:45:00", "subject": "4", "recorded-or-robo": "Y", "city": "Chicago", "state": "IL", "area-code": "773"}, {"id": "3decc6bfadaa436a105714c6ba914bc8", "number": "", "date": "2021-01-02 12:06:00", "subject": "2", "recorded-or-robo": "Y", "city": "Dallas", "state": "TX", "area-code": "214"}, {"id": "03e293b3df9e35eadf15c5611927aaca", "number": "", "date": "2021-01-02 12:06:00", "subject": "2", "recorded-or-robo": "Y", "city": "Dallas", "state": "TX", "area-code": "214"}, {"id": "3decc6bfadaa436a105714c6ba913e95", "number": "6056993054", "date": "2021-01-22 06:40:00", "subject": "2", "recorded-or-robo": "N", "city": "Frederick", "state": "MD", "area-code": "301"}, {"id": "03e293b3df9e35eadf15c56119279cd9", "number": "6056993054", "date": "2021-01-22 06:40:00", "subject": "2", "recorded-or-robo": "N", "city": "Frederick", "state": "MD", "area-code": "301"}, {"id": "3decc6bfadaa436a105714c6ba9135cb", "number": "8573629193", "date": "2021-01-16 17:30:00", "subject": "2", "recorded-or-robo": "N", "city": "Gorham", "state": "NH", "area-code": "603"}]}