{"data": [{"id": "1d36742e3f24f50e4e7ae82801ca6766", "number": "5624048183", "date": "2021-01-21 14:01:00", "subject": "7", "recorded-or-robo": "Y", "city": "Cerritos", "state": "CA", "area-code": "562"}, {"id": "3decc6bfadaa436a105714c6ba782122", "number": "+14057550873", "date": "2021-01-23 16:14:38", "subject": "3", "recorded-or-robo": "Y", "city": "", "state": "OK", "area-code": "405"}, {"id": "03e293b3df9e35eadf15c561190e90cb", "number": "+14057550873", "date": "2021-01-23 16:14:38", "subject": "3", "recorded-or-robo": "Y", "city": "", "state": "OK", "area-code": "405"}, {"id": "3decc6bfadaa436a105714c6ba331270", "number": "8334656051", "date": "2021-01-18 14:11:00", "subject": "3", "recorded-or-robo": "", "city": "dewitt", "state": "NY", "area-code": "315"}, {"id": "1d36742e3f24f50e4e7ae82801ca5dd6", "number": "8334656051", "date": "2021-01-18 14:11:00", "subject": "3", "recorded-or-robo": "", "city": "dewitt", "state": "NY", "area-code": "315"}, {"id": "3decc6bfadaa436a105714c6ba3308ed", "number": "3032425053", "date": "2021-01-22 09:03:00", "subject": "2", "recorded-or-robo": "", "city": "", "state": "CO", "area-code": "303"}, {"id": "1d36742e3f24f50e4e7ae82801ca5632", "number": "3032425053", "date": "2021-01-22 09:03:00", "subject": "2", "recorded-or-robo": "", "city": "", "state": "CO", "area-code": "303"}, {"id": "3decc6bfadaa436a105714c6ba32fac2", "number": "2424366660", "date": "2021-01-23 13:58:00", "subject": "2", "recorded-or-robo": "Y", "city": "Waterloo", "state": "IA", "area-code": "319"}, {"id": "1d36742e3f24f50e4e7ae82801ca49fb", "number": "2424366660", "date": "2021-01-23 13:58:00", "subject": "2", "recorded-or-robo": "Y", "city": "Waterloo", "state": "IA", "area-code": "319"}, {"id": "3decc6bfadaa436a105714c6ba781507", "number": "+15804143028", "date": "2021-01-23 16:14:22", "subject": "3", "recorded-or-robo": "Y", "city": "", "state": "OK", "area-code": "405"}, {"id": "03e293b3df9e35eadf15c561190e7d2e", "number": "+15804143028", "date": "2021-01-23 16:14:22", "subject": "3", "recorded-or-robo": "Y", "city": "", "state": "OK", "area-code": "405"}, {"id": "3decc6bfadaa436a105714c6ba32eebe", "number": "6623083753", "date": "2021-01-23 15:00:00", "subject": "2", "recorded-or-robo": "Y", "city": "Ecru", "state": "MS", "area-code": "662"}, {"id": "3decc6bfadaa436a105714c6ba32eb00", "number": "9197444324", "date": "2021-01-23 15:00:00", "subject": "2", "recorded-or-robo": "Y", "city": "", "state": "NC", "area-code": "919"}, {"id": "1d36742e3f24f50e4e7ae82801ca41c3", "number": "6623083753", "date": "2021-01-23 15:00:00", "subject": "2", "recorded-or-robo": "Y", "city": "Ecru", "state": "MS", "area-code": "662"}, {"id": "1d36742e3f24f50e4e7ae82801ca31ed", "number": "9197444324", "date": "2021-01-23 15:00:00", "subject": "2", "recorded-or-robo": "Y", "city": "", "state": "NC", "area-code": "919"}, {"id": "3decc6bfadaa436a105714c6ba32e8f7", "number": "8642440247", "date": "2021-01-23 12:00:00", "subject": "1", "recorded-or-robo": "Y", "city": "Spartanburg", "state": "SC", "area-code": "864"}, {"id": "1d36742e3f24f50e4e7ae82801ca301d", "number": "8642440247", "date": "2021-01-23 12:00:00", "subject": "1", "recorded-or-robo": "Y", "city": "Spartanburg", "state": "SC", "area-code": "864"}, {"id": "3decc6bfadaa436a105714c6ba32e4cf", "number": "4053344659", "date": "2021-01-23 15:00:00", "subject": "1", "recorded-or-robo": "Y", "city": "EDMOND", "state": "OK", "area-code": "405"}, {"id": "1d36742e3f24f50e4e7ae82801ca2d93", "number": "4053344659", "date": "2021-01-23 15:00:00", "subject": "1", "recorded-or-robo": "Y", "city": "EDMOND", "state": "OK", "area-code": "405"}, {"id": "3decc6bfadaa436a105714c6ba783034", "number": "+19188699374", "date": "2021-01-23 16:14:03", "subject": "3", "recorded-or-robo": "Y", "city": "", "state": "OK", "area-code": "405"}, {"id": "03e293b3df9e35eadf15c561190e9755", "number": "+19188699374", "date": "2021-01-23 16:14:03", "subject": "3", "recorded-or-robo": "Y", "city": "", "state": "OK", "area-code": "405"}, {"id": "3decc6bfadaa436a105714c6ba32df76", "number": "6193781051", "date": "2021-01-21 17:39:00", "subject": "0", "recorded-or-robo": "Y", "city": "La Mesa", "state": "CA", "area-code": "619"}, {"id": "1d36742e3f24f50e4e7ae82801ca2ce2", "number": "6193781051", "date": "2021-01-21 17:39:00", "subject": "0", "recorded-or-robo": "Y", "city": "La Mesa", "state": "CA", "area-code": "619"}, {"id": "3decc6bfadaa436a105714c6ba32d84c", "number": "2056693725", "date": "2021-01-22 11:45:00", "subject": "0", "recorded-or-robo": "Y", "city": "Shelby", "state": "AL", "area-code": "205"}, {"id": "1d36742e3f24f50e4e7ae82801ca1e6b", "number": "2056693725", "date": "2021-01-22 11:45:00", "subject": "0", "recorded-or-robo": "Y", "city": "Shelby", "state": "AL", "area-code": "205"}, {"id": "3decc6bfadaa436a105714c6ba32cea2", "number": "9099413419", "date": "2021-01-22 09:01:00", "subject": "7", "recorded-or-robo": "Y", "city": "Cerritos", "state": "CA", "area-code": "562"}, {"id": "1d36742e3f24f50e4e7ae82801ca1df0", "number": "9099413419", "date": "2021-01-22 09:01:00", "subject": "7", "recorded-or-robo": "Y", "city": "Cerritos", "state": "CA", "area-code": "562"}, {"id": "3decc6bfadaa436a105714c6ba781f1a", "number": "+14055001602", "date": "2021-01-23 16:13:37", "subject": "3", "recorded-or-robo": "Y", "city": "", "state": "OK", "area-code": "405"}, {"id": "03e293b3df9e35eadf15c561190e9084", "number": "+14055001602", "date": "2021-01-23 16:13:37", "subject": "3", "recorded-or-robo": "Y", "city": "", "state": "OK", "area-code": "405"}, {"id": "3decc6bfadaa436a105714c6ba32c0e8", "number": "", "date": "2021-01-23 09:00:00", "subject": "3", "recorded-or-robo": "Y", "city": "castle rock", "state": "FL", "area-code": "813"}, {"id": "1d36742e3f24f50e4e7ae82801ca14d4", "number": "", "date": "2021-01-23 09:00:00", "subject": "3", "recorded-or-robo": "Y", "city": "castle rock", "state": "FL", "area-code": "813"}, {"id": "3decc6bfadaa436a105714c6ba32bdc9", "number": "3153256348", "date": "2021-01-18 13:53:00", "subject": "3", "recorded-or-robo": "", "city": "dewitt", "state": "NY", "area-code": "315"}, {"id": "1d36742e3f24f50e4e7ae82801ca1166", "number": "3153256348", "date": "2021-01-18 13:53:00", "subject": "3", "recorded-or-robo": "", "city": "dewitt", "state": "NY", "area-code": "315"}, {"id": "3decc6bfadaa436a105714c6ba32b8b1", "number": "375299466397", "date": "2020-12-29 18:14:00", "subject": "2", "recorded-or-robo": "Y", "city": "Janesville", "state": "WI", "area-code": "608"}, {"id": "1d36742e3f24f50e4e7ae82801ca0a4d", "number": "375299466397", "date": "2020-12-29 18:14:00", "subject": "2", "recorded-or-robo": "Y", "city": "Janesville", "state": "WI", "area-code": "608"}, {"id": "3decc6bfadaa436a105714c6ba32b559", "number": "", "date": "2021-01-23 10:00:00", "subject": "3", "recorded-or-robo": "Y", "city": "castle rock", "state": "FL", "area-code": "813"}, {"id": "1d36742e3f24f50e4e7ae82801c9fac0", "number": "", "date": "2021-01-23 10:00:00", "subject": "3", "recorded-or-robo": "Y", "city": "castle rock", "state": "FL", "area-code": "813"}, {"id": "3decc6bfadaa436a105714c6ba32b2a9", "number": "2056693880", "date": "2021-01-23 13:27:00", "subject": "0", "recorded-or-robo": "Y", "city": "Shelby", "state": "AL", "area-code": "205"}, {"id": "1d36742e3f24f50e4e7ae82801c9f353", "number": "2056693880", "date": "2021-01-23 13:27:00", "subject": "0", "recorded-or-robo": "Y", "city": "Shelby", "state": "AL", "area-code": "205"}, {"id": "3decc6bfadaa436a105714c6ba32a5cb", "number": "4805355587", "date": "2021-01-22 19:29:00", "subject": "5", "recorded-or-robo": "N", "city": "", "state": "AZ", "area-code": "928"}, {"id": "1d36742e3f24f50e4e7ae82801c9f1f6", "number": "4805355587", "date": "2021-01-22 19:29:00", "subject": "5", "recorded-or-robo": "N", "city": "", "state": "AZ", "area-code": "928"}, {"id": "3decc6bfadaa436a105714c6ba329c57", "number": "8438294124", "date": "2021-01-23 00:00:00", "subject": "3", "recorded-or-robo": "", "city": "", "state": "SC", "area-code": "843"}, {"id": "1d36742e3f24f50e4e7ae82801c9e8f2", "number": "8438294124", "date": "2021-01-23 00:00:00", "subject": "3", "recorded-or-robo": "", "city": "", "state": "SC", "area-code": "843"}, {"id": "3decc6bfadaa436a105714c6ba32986c", "number": "6268762156", "date": "2021-01-19 12:17:00", "subject": "0", "recorded-or-robo": "Y", "city": "La Mesa", "state": "CA", "area-code": "619"}, {"id": "1d36742e3f24f50e4e7ae82801c9d9fe", "number": "6268762156", "date": "2021-01-19 12:17:00", "subject": "0", "recorded-or-robo": "Y", "city": "La Mesa", "state": "CA", "area-code": "619"}, {"id": "3decc6bfadaa436a105714c6ba3297b5", "number": "", "date": "2021-01-23 11:00:00", "subject": "3", "recorded-or-robo": "Y", "city": "castle rock", "state": "FL", "area-code": "813"}, {"id": "1d36742e3f24f50e4e7ae82801c9d220", "number": "", "date": "2021-01-23 11:00:00", "subject": "3", "recorded-or-robo": "Y", "city": "castle rock", "state": "FL", "area-code": "813"}, {"id": "3decc6bfadaa436a105714c6ba328bd0", "number": "5622618392", "date": "2021-01-23 10:06:00", "subject": "7", "recorded-or-robo": "Y", "city": "Cerritos", "state": "CA", "area-code": "562"}, {"id": "1d36742e3f24f50e4e7ae82801c9c99e", "number": "5622618392", "date": "2021-01-23 10:06:00", "subject": "7", "recorded-or-robo": "Y", "city": "Cerritos", "state": "CA", "area-code": "562"}, {"id": "3decc6bfadaa436a105714c6ba32805b", "number": "", "date": "2021-01-23 11:00:00", "subject": "3", "recorded-or-robo": "Y", "city": "castle rock", "state": "FL", "area-code": "813"}]}