{"data": [{"id": "03e293b3df9e35eadf15c561193b4e7c", "number": "9103953658", "date": "2021-01-21 10:12:00", "subject": "4", "recorded-or-robo": "Y", "city": "fayetteville", "state": "NC", "area-code": "910"}, {"id": "3decc6bfadaa436a105714c6baa54fc2", "number": "7409644337", "date": "2021-01-24 13:34:00", "subject": "0", "recorded-or-robo": "Y", "city": "Pickerington", "state": "OH", "area-code": "740"}, {"id": "03e293b3df9e35eadf15c561193b40bc", "number": "7409644337", "date": "2021-01-24 13:34:00", "subject": "0", "recorded-or-robo": "Y", "city": "Pickerington", "state": "OH", "area-code": "740"}, {"id": "3decc6bfadaa436a105714c6baa54705", "number": "5052300832", "date": "2021-01-22 14:41:00", "subject": "6", "recorded-or-robo": "Y", "city": "Clearwater", "state": "FL", "area-code": "727"}, {"id": "3decc6bfadaa436a105714c6baa53927", "number": "6154065328", "date": "2021-01-24 11:24:00", "subject": "2", "recorded-or-robo": "Y", "city": "Zephyrhills", "state": "FL", "area-code": "813"}, {"id": "03e293b3df9e35eadf15c561193b352b", "number": "5052300832", "date": "2021-01-22 14:41:00", "subject": "6", "recorded-or-robo": "Y", "city": "Clearwater", "state": "FL", "area-code": "727"}, {"id": "03e293b3df9e35eadf15c561193b338d", "number": "6154065328", "date": "2021-01-24 11:24:00", "subject": "2", "recorded-or-robo": "Y", "city": "Zephyrhills", "state": "FL", "area-code": "813"}, {"id": "3decc6bfadaa436a105714c6baa52fde", "number": "8442049279", "date": "2021-01-24 13:30:00", "subject": "1", "recorded-or-robo": "Y", "city": "", "state": "FL", "area-code": "941"}, {"id": "03e293b3df9e35eadf15c561193b2b04", "number": "8442049279", "date": "2021-01-24 13:30:00", "subject": "1", "recorded-or-robo": "Y", "city": "", "state": "FL", "area-code": "941"}, {"id": "3decc6bfadaa436a105714c6baa526eb", "number": "2542712755", "date": "2021-01-23 09:21:00", "subject": "2", "recorded-or-robo": "N", "city": "tampa", "state": "FL", "area-code": "813"}, {"id": "03e293b3df9e35eadf15c561193b1b9b", "number": "2542712755", "date": "2021-01-23 09:21:00", "subject": "2", "recorded-or-robo": "N", "city": "tampa", "state": "FL", "area-code": "813"}, {"id": "3decc6bfadaa436a105714c6baa51dde", "number": "3308241243", "date": "2021-01-24 12:23:00", "subject": "3", "recorded-or-robo": "N", "city": "", "state": "OH", "area-code": "330"}, {"id": "03e293b3df9e35eadf15c561193b0e7d", "number": "3308241243", "date": "2021-01-24 12:23:00", "subject": "3", "recorded-or-robo": "N", "city": "", "state": "OH", "area-code": "330"}, {"id": "3decc6bfadaa436a105714c6baa51928", "number": "5043696727", "date": "2021-01-22 08:13:00", "subject": "2", "recorded-or-robo": "Y", "city": "LOS ALTOS", "state": "CA", "area-code": "650"}, {"id": "03e293b3df9e35eadf15c561193b0086", "number": "5043696727", "date": "2021-01-22 08:13:00", "subject": "2", "recorded-or-robo": "Y", "city": "LOS ALTOS", "state": "CA", "area-code": "650"}, {"id": "3decc6bfadaa436a105714c6baa51238", "number": "", "date": "2021-01-24 12:00:00", "subject": "8", "recorded-or-robo": "Y", "city": "Naperville", "state": "IL", "area-code": "312"}, {"id": "03e293b3df9e35eadf15c561193af99c", "number": "", "date": "2021-01-24 12:00:00", "subject": "8", "recorded-or-robo": "Y", "city": "Naperville", "state": "IL", "area-code": "312"}, {"id": "3decc6bfadaa436a105714c6baa50a1b", "number": "8135415967", "date": "2021-01-24 12:42:00", "subject": "3", "recorded-or-robo": "Y", "city": "Riverview", "state": "FL", "area-code": "813"}, {"id": "03e293b3df9e35eadf15c561193aed39", "number": "8135415967", "date": "2021-01-24 12:42:00", "subject": "3", "recorded-or-robo": "Y", "city": "Riverview", "state": "FL", "area-code": "813"}, {"id": "3decc6bfadaa436a105714c6baa502a7", "number": "5623060160", "date": "2021-01-22 08:15:00", "subject": "2", "recorded-or-robo": "Y", "city": "LOS ALTOS", "state": "CA", "area-code": "650"}, {"id": "03e293b3df9e35eadf15c561193ae596", "number": "5623060160", "date": "2021-01-22 08:15:00", "subject": "2", "recorded-or-robo": "Y", "city": "LOS ALTOS", "state": "CA", "area-code": "650"}, {"id": "3decc6bfadaa436a105714c6baa50076", "number": "7274485518", "date": "2021-01-22 14:42:00", "subject": "3", "recorded-or-robo": "Y", "city": "Clearwater", "state": "FL", "area-code": "727"}, {"id": "03e293b3df9e35eadf15c561193ad8fa", "number": "7274485518", "date": "2021-01-22 14:42:00", "subject": "3", "recorded-or-robo": "Y", "city": "Clearwater", "state": "FL", "area-code": "727"}, {"id": "3decc6bfadaa436a105714c6baa4f7df", "number": "4098980226", "date": "2021-01-24 11:40:00", "subject": "11", "recorded-or-robo": "Y", "city": "BEAUMONT", "state": "TX", "area-code": "855"}, {"id": "03e293b3df9e35eadf15c561193ad5d1", "number": "4098980226", "date": "2021-01-24 11:40:00", "subject": "11", "recorded-or-robo": "Y", "city": "BEAUMONT", "state": "TX", "area-code": "855"}, {"id": "3decc6bfadaa436a105714c6baa4f6a6", "number": "40737672407", "date": "2021-01-24 13:28:00", "subject": "2", "recorded-or-robo": "Y", "city": "", "state": "FL", "area-code": "407"}, {"id": "03e293b3df9e35eadf15c561193acec3", "number": "40737672407", "date": "2021-01-24 13:28:00", "subject": "2", "recorded-or-robo": "Y", "city": "", "state": "FL", "area-code": "407"}, {"id": "3decc6bfadaa436a105714c6baa4e92f", "number": "4076524530", "date": "2020-11-15 11:57:00", "subject": "1", "recorded-or-robo": "Y", "city": "Lexington", "state": "TN", "area-code": "731"}, {"id": "03e293b3df9e35eadf15c561193acb10", "number": "4076524530", "date": "2020-11-15 11:57:00", "subject": "1", "recorded-or-robo": "Y", "city": "Lexington", "state": "TN", "area-code": "731"}, {"id": "3decc6bfadaa436a105714c6baa4e41d", "number": "9787923389", "date": "2021-01-22 13:24:00", "subject": "2", "recorded-or-robo": "Y", "city": "LOS ALTOS", "state": "CA", "area-code": "650"}, {"id": "03e293b3df9e35eadf15c561193abd94", "number": "9787923389", "date": "2021-01-22 13:24:00", "subject": "2", "recorded-or-robo": "Y", "city": "LOS ALTOS", "state": "CA", "area-code": "650"}, {"id": "3decc6bfadaa436a105714c6baa4df24", "number": "86692748668", "date": "2021-01-23 21:34:00", "subject": "2", "recorded-or-robo": "N", "city": "tampa", "state": "FL", "area-code": "813"}, {"id": "03e293b3df9e35eadf15c561193abbe4", "number": "86692748668", "date": "2021-01-23 21:34:00", "subject": "2", "recorded-or-robo": "N", "city": "tampa", "state": "FL", "area-code": "813"}, {"id": "3decc6bfadaa436a105714c6baa4d2a0", "number": "8801700583881", "date": "2021-01-24 00:00:00", "subject": "1", "recorded-or-robo": "Y", "city": "Mint Hill", "state": "FL", "area-code": "813"}, {"id": "03e293b3df9e35eadf15c561193ab8cc", "number": "8801700583881", "date": "2021-01-24 00:00:00", "subject": "1", "recorded-or-robo": "Y", "city": "Mint Hill", "state": "FL", "area-code": "813"}, {"id": "3decc6bfadaa436a105714c6baa4cf5e", "number": "", "date": "2021-01-24 11:22:00", "subject": "2", "recorded-or-robo": "Y", "city": "Surprse", "state": "AZ", "area-code": "623"}, {"id": "03e293b3df9e35eadf15c561193aab0b", "number": "", "date": "2021-01-24 11:22:00", "subject": "2", "recorded-or-robo": "Y", "city": "Surprse", "state": "AZ", "area-code": "623"}, {"id": "3decc6bfadaa436a105714c6baa4ce5d", "number": "5623060160", "date": "2021-01-22 14:56:00", "subject": "2", "recorded-or-robo": "Y", "city": "LOS ALTOS", "state": "CA", "area-code": "650"}, {"id": "03e293b3df9e35eadf15c561193aa2ab", "number": "5623060160", "date": "2021-01-22 14:56:00", "subject": "2", "recorded-or-robo": "Y", "city": "LOS ALTOS", "state": "CA", "area-code": "650"}, {"id": "3decc6bfadaa436a105714c6baa4c20a", "number": "", "date": "2021-01-24 12:00:00", "subject": "2", "recorded-or-robo": "Y", "city": "Pattonsburg", "state": "MO", "area-code": "660"}, {"id": "03e293b3df9e35eadf15c561193a976f", "number": "", "date": "2021-01-24 12:00:00", "subject": "2", "recorded-or-robo": "Y", "city": "Pattonsburg", "state": "MO", "area-code": "660"}, {"id": "3decc6bfadaa436a105714c6baa4bbca", "number": "2029982908", "date": "2021-01-22 16:45:00", "subject": "2", "recorded-or-robo": "Y", "city": "LOS ALTOS", "state": "CA", "area-code": "650"}, {"id": "03e293b3df9e35eadf15c561193a8c5c", "number": "2029982908", "date": "2021-01-22 16:45:00", "subject": "2", "recorded-or-robo": "Y", "city": "LOS ALTOS", "state": "CA", "area-code": "650"}, {"id": "3decc6bfadaa436a105714c6baa4ae59", "number": "8763973878", "date": "2021-01-23 11:35:00", "subject": "13", "recorded-or-robo": "N", "city": "Northport", "state": "AL", "area-code": "205"}, {"id": "03e293b3df9e35eadf15c561193a87b4", "number": "8763973878", "date": "2021-01-23 11:35:00", "subject": "13", "recorded-or-robo": "N", "city": "Northport", "state": "AL", "area-code": "205"}, {"id": "3decc6bfadaa436a105714c6baa49fe0", "number": "8667274868", "date": "2021-01-23 09:34:00", "subject": "2", "recorded-or-robo": "N", "city": "tampa", "state": "FL", "area-code": "813"}, {"id": "3decc6bfadaa436a105714c6baa49061", "number": "", "date": "2021-01-24 12:00:00", "subject": "4", "recorded-or-robo": "Y", "city": "Brandon", "state": "FL", "area-code": "813"}, {"id": "03e293b3df9e35eadf15c561193a81aa", "number": "8667274868", "date": "2021-01-23 09:34:00", "subject": "2", "recorded-or-robo": "N", "city": "tampa", "state": "FL", "area-code": "813"}, {"id": "03e293b3df9e35eadf15c561193a78b3", "number": "", "date": "2021-01-24 12:00:00", "subject": "4", "recorded-or-robo": "Y", "city": "Brandon", "state": "FL", "area-code": "813"}, {"id": "3decc6bfadaa436a105714c6baa4810b", "number": "2064141040", "date": "2021-01-23 19:12:00", "subject": "13", "recorded-or-robo": "N", "city": "Lubbock", "state": "TX", "area-code": "806"}]}