{"data": [{"id": "03e293b3df9e35eadf15c5611922e9a1", "number": "4027642141", "date": "2021-01-11 13:18:00", "subject": "2", "recorded-or-robo": "Y", "city": "Omaha", "state": "NE", "area-code": "402"}, {"id": "3decc6bfadaa436a105714c6ba8c5859", "number": "", "date": "2021-01-14 15:06:00", "subject": "2", "recorded-or-robo": "Y", "city": "", "state": "CA", "area-code": "408"}, {"id": "03e293b3df9e35eadf15c5611922e716", "number": "", "date": "2021-01-14 15:06:00", "subject": "2", "recorded-or-robo": "Y", "city": "", "state": "CA", "area-code": "408"}, {"id": "3decc6bfadaa436a105714c6ba8c53dd", "number": "", "date": "2021-01-14 10:43:00", "subject": "2", "recorded-or-robo": "Y", "city": "", "state": "CA", "area-code": "408"}, {"id": "03e293b3df9e35eadf15c5611922d8ea", "number": "", "date": "2021-01-14 10:43:00", "subject": "2", "recorded-or-robo": "Y", "city": "", "state": "CA", "area-code": "408"}, {"id": "3decc6bfadaa436a105714c6ba8c4b55", "number": "", "date": "2021-01-13 11:57:00", "subject": "2", "recorded-or-robo": "Y", "city": "", "state": "CA", "area-code": "408"}, {"id": "03e293b3df9e35eadf15c5611922ca6f", "number": "", "date": "2021-01-13 11:57:00", "subject": "2", "recorded-or-robo": "Y", "city": "", "state": "CA", "area-code": "408"}, {"id": "3decc6bfadaa436a105714c6ba8c3fdb", "number": "2542345700", "date": "2021-01-23 11:42:00", "subject": "11", "recorded-or-robo": "N", "city": "Plainfield", "state": "IL", "area-code": "815"}, {"id": "03e293b3df9e35eadf15c5611922c57b", "number": "2542345700", "date": "2021-01-23 11:42:00", "subject": "11", "recorded-or-robo": "N", "city": "Plainfield", "state": "IL", "area-code": "815"}, {"id": "3decc6bfadaa436a105714c6ba8c3887", "number": "", "date": "2021-01-12 13:09:00", "subject": "2", "recorded-or-robo": "Y", "city": "", "state": "CA", "area-code": "408"}, {"id": "03e293b3df9e35eadf15c5611922b8f0", "number": "", "date": "2021-01-12 13:09:00", "subject": "2", "recorded-or-robo": "Y", "city": "", "state": "CA", "area-code": "408"}, {"id": "3decc6bfadaa436a105714c6ba8c308b", "number": "", "date": "2021-01-11 09:36:00", "subject": "2", "recorded-or-robo": "Y", "city": "", "state": "CA", "area-code": "669"}, {"id": "03e293b3df9e35eadf15c5611922afa2", "number": "", "date": "2021-01-11 09:36:00", "subject": "2", "recorded-or-robo": "Y", "city": "", "state": "CA", "area-code": "669"}, {"id": "3decc6bfadaa436a105714c6ba8c2155", "number": "", "date": "2021-01-11 09:11:00", "subject": "2", "recorded-or-robo": "Y", "city": "", "state": "CA", "area-code": "408"}, {"id": "03e293b3df9e35eadf15c5611922a016", "number": "", "date": "2021-01-11 09:11:00", "subject": "2", "recorded-or-robo": "Y", "city": "", "state": "CA", "area-code": "408"}, {"id": "3decc6bfadaa436a105714c6ba8c1ba0", "number": "", "date": "2021-01-22 14:53:00", "subject": "0", "recorded-or-robo": "Y", "city": "Lewisville", "state": "TX", "area-code": "815"}, {"id": "03e293b3df9e35eadf15c56119229ded", "number": "", "date": "2021-01-22 14:53:00", "subject": "0", "recorded-or-robo": "Y", "city": "Lewisville", "state": "TX", "area-code": "815"}, {"id": "3decc6bfadaa436a105714c6ba8c1189", "number": "7622256170", "date": "2021-01-22 18:26:00", "subject": "4", "recorded-or-robo": "Y", "city": "", "state": "GA", "area-code": "678"}, {"id": "03e293b3df9e35eadf15c561192292a9", "number": "7622256170", "date": "2021-01-22 18:26:00", "subject": "4", "recorded-or-robo": "Y", "city": "", "state": "GA", "area-code": "678"}, {"id": "3decc6bfadaa436a105714c6ba8c06e5", "number": "8006219995", "date": "2021-01-22 15:00:00", "subject": "0", "recorded-or-robo": "Y", "city": "Austin", "state": "HI", "area-code": "808"}, {"id": "03e293b3df9e35eadf15c56119228e46", "number": "8006219995", "date": "2021-01-22 15:00:00", "subject": "0", "recorded-or-robo": "Y", "city": "Austin", "state": "HI", "area-code": "808"}, {"id": "3decc6bfadaa436a105714c6ba8bfda3", "number": "2342603688", "date": "2021-01-22 00:00:00", "subject": "2", "recorded-or-robo": "Y", "city": "Lawton", "state": "OK", "area-code": "580"}, {"id": "03e293b3df9e35eadf15c56119227e86", "number": "2342603688", "date": "2021-01-22 00:00:00", "subject": "2", "recorded-or-robo": "Y", "city": "Lawton", "state": "OK", "area-code": "580"}, {"id": "3decc6bfadaa436a105714c6ba8bf6c1", "number": "8084278297", "date": "2021-01-20 14:11:00", "subject": "0", "recorded-or-robo": "N", "city": "Austin", "state": "TX", "area-code": "808"}, {"id": "03e293b3df9e35eadf15c5611922704a", "number": "8084278297", "date": "2021-01-20 14:11:00", "subject": "0", "recorded-or-robo": "N", "city": "Austin", "state": "TX", "area-code": "808"}, {"id": "3decc6bfadaa436a105714c6ba8bedbd", "number": "4047212194", "date": "2021-01-13 17:40:00", "subject": "4", "recorded-or-robo": "Y", "city": "", "state": "GA", "area-code": "678"}, {"id": "03e293b3df9e35eadf15c56119226514", "number": "4047212194", "date": "2021-01-13 17:40:00", "subject": "4", "recorded-or-robo": "Y", "city": "", "state": "GA", "area-code": "678"}, {"id": "3decc6bfadaa436a105714c6ba8be81f", "number": "", "date": "2021-01-22 16:12:00", "subject": "0", "recorded-or-robo": "Y", "city": "Lewisville", "state": "TX", "area-code": "815"}, {"id": "03e293b3df9e35eadf15c56119225622", "number": "", "date": "2021-01-22 16:12:00", "subject": "0", "recorded-or-robo": "Y", "city": "Lewisville", "state": "TX", "area-code": "815"}, {"id": "3decc6bfadaa436a105714c6ba8bd86f", "number": "3038837401", "date": "2021-01-19 09:59:00", "subject": "0", "recorded-or-robo": "N", "city": "", "state": "CO", "area-code": "303"}, {"id": "03e293b3df9e35eadf15c561192255a1", "number": "3038837401", "date": "2021-01-19 09:59:00", "subject": "0", "recorded-or-robo": "N", "city": "", "state": "CO", "area-code": "303"}, {"id": "3decc6bfadaa436a105714c6ba8bd6d1", "number": "8286191005", "date": "2021-01-22 18:37:00", "subject": "0", "recorded-or-robo": "N", "city": "Wharton", "state": "NJ", "area-code": "973"}, {"id": "03e293b3df9e35eadf15c561192246c2", "number": "8286191005", "date": "2021-01-22 18:37:00", "subject": "0", "recorded-or-robo": "N", "city": "Wharton", "state": "NJ", "area-code": "973"}, {"id": "3decc6bfadaa436a105714c6ba8bd2cb", "number": "3038356148", "date": "2021-01-21 16:54:00", "subject": "0", "recorded-or-robo": "N", "city": "", "state": "CO", "area-code": "720"}, {"id": "03e293b3df9e35eadf15c5611922387f", "number": "3038356148", "date": "2021-01-21 16:54:00", "subject": "0", "recorded-or-robo": "N", "city": "", "state": "CO", "area-code": "720"}, {"id": "3decc6bfadaa436a105714c6ba8bca4e", "number": "7207410846", "date": "2021-01-21 15:16:00", "subject": "0", "recorded-or-robo": "N", "city": "", "state": "CO", "area-code": "720"}, {"id": "03e293b3df9e35eadf15c56119222aea", "number": "7207410846", "date": "2021-01-21 15:16:00", "subject": "0", "recorded-or-robo": "N", "city": "", "state": "CO", "area-code": "720"}, {"id": "3decc6bfadaa436a105714c6ba8bc705", "number": "4046495337", "date": "2021-01-05 08:36:00", "subject": "8", "recorded-or-robo": "N", "city": "Marietta", "state": "GA", "area-code": "770"}, {"id": "03e293b3df9e35eadf15c56119222132", "number": "4046495337", "date": "2021-01-05 08:36:00", "subject": "8", "recorded-or-robo": "N", "city": "Marietta", "state": "GA", "area-code": "770"}, {"id": "3decc6bfadaa436a105714c6ba8bc35e", "number": "7207287664", "date": "2021-01-21 12:51:00", "subject": "0", "recorded-or-robo": "N", "city": "", "state": "CO", "area-code": "720"}, {"id": "03e293b3df9e35eadf15c56119221ab4", "number": "7207287664", "date": "2021-01-21 12:51:00", "subject": "0", "recorded-or-robo": "N", "city": "", "state": "CO", "area-code": "720"}, {"id": "3decc6bfadaa436a105714c6ba8bbec7", "number": "9759353600", "date": "2021-01-23 17:48:00", "subject": "2", "recorded-or-robo": "Y", "city": "Parsippany", "state": "NJ", "area-code": "973"}, {"id": "3decc6bfadaa436a105714c6ba8bb4ae", "number": "3324568244", "date": "2021-01-23 10:42:00", "subject": "1", "recorded-or-robo": "Y", "city": "Lake Como", "state": "NJ", "area-code": "510"}, {"id": "03e293b3df9e35eadf15c561192213e9", "number": "9759353600", "date": "2021-01-23 17:48:00", "subject": "2", "recorded-or-robo": "Y", "city": "Parsippany", "state": "NJ", "area-code": "973"}, {"id": "03e293b3df9e35eadf15c5611922084f", "number": "3324568244", "date": "2021-01-23 10:42:00", "subject": "1", "recorded-or-robo": "Y", "city": "Lake Como", "state": "NJ", "area-code": "510"}, {"id": "3decc6bfadaa436a105714c6ba8bac0d", "number": "8885240691", "date": "2021-01-23 13:56:00", "subject": "0", "recorded-or-robo": "N", "city": "Wharton", "state": "NJ", "area-code": "973"}, {"id": "03e293b3df9e35eadf15c56119220069", "number": "8885240691", "date": "2021-01-23 13:56:00", "subject": "0", "recorded-or-robo": "N", "city": "Wharton", "state": "NJ", "area-code": "973"}, {"id": "3decc6bfadaa436a105714c6ba8babae", "number": "7207410846", "date": "2021-01-21 11:06:00", "subject": "0", "recorded-or-robo": "N", "city": "", "state": "CO", "area-code": "720"}, {"id": "03e293b3df9e35eadf15c5611921f5f6", "number": "7207410846", "date": "2021-01-21 11:06:00", "subject": "0", "recorded-or-robo": "N", "city": "", "state": "CO", "area-code": "720"}, {"id": "3decc6bfadaa436a105714c6ba8baa0f", "number": "9738918651", "date": "2021-01-23 20:06:00", "subject": "2", "recorded-or-robo": "Y", "city": "Parsippany", "state": "NJ", "area-code": "973"}]}