{"data": [{"id": "1d36742e3f24f50e4e7ae82801f0b848", "number": "7143219722", "date": "2021-01-21 14:29:00", "subject": "2", "recorded-or-robo": "Y", "city": "Huntington Beach", "state": "CA", "area-code": "714"}, {"id": "3decc6bfadaa436a105714c6ba5ae384", "number": "7342649244", "date": "2021-01-23 18:50:00", "subject": "8", "recorded-or-robo": "N", "city": "Livonia", "state": "MI", "area-code": "734"}, {"id": "1d36742e3f24f50e4e7ae82801f0a9ca", "number": "7342649244", "date": "2021-01-23 18:50:00", "subject": "8", "recorded-or-robo": "N", "city": "Livonia", "state": "MI", "area-code": "734"}, {"id": "3decc6bfadaa436a105714c6ba7e6492", "number": "+12393414410", "date": "2021-01-23 18:54:00", "subject": "3", "recorded-or-robo": "Y", "city": "", "state": "FL", "area-code": "954"}, {"id": "03e293b3df9e35eadf15c56119151d57", "number": "+12393414410", "date": "2021-01-23 18:54:00", "subject": "3", "recorded-or-robo": "Y", "city": "", "state": "FL", "area-code": "954"}, {"id": "3decc6bfadaa436a105714c6ba5ae1f5", "number": "2192446380", "date": "2021-01-23 14:30:00", "subject": "1", "recorded-or-robo": "N", "city": "Portage", "state": "IN", "area-code": "219"}, {"id": "1d36742e3f24f50e4e7ae82801f09e66", "number": "2192446380", "date": "2021-01-23 14:30:00", "subject": "1", "recorded-or-robo": "N", "city": "Portage", "state": "IN", "area-code": "219"}, {"id": "3decc6bfadaa436a105714c6ba5ad256", "number": "4059381495", "date": "2021-01-23 15:49:00", "subject": "0", "recorded-or-robo": "N", "city": "", "state": "OR", "area-code": "503"}, {"id": "1d36742e3f24f50e4e7ae82801f09d82", "number": "4059381495", "date": "2021-01-23 15:49:00", "subject": "0", "recorded-or-robo": "N", "city": "", "state": "OR", "area-code": "503"}, {"id": "3decc6bfadaa436a105714c6ba7e0c48", "number": "7182444996", "date": "2021-01-23 18:52:56", "subject": "3", "recorded-or-robo": "Y", "city": "", "state": "TX", "area-code": "956"}, {"id": "03e293b3df9e35eadf15c5611914c5a1", "number": "7182444996", "date": "2021-01-23 18:52:56", "subject": "3", "recorded-or-robo": "Y", "city": "", "state": "TX", "area-code": "956"}, {"id": "3decc6bfadaa436a105714c6ba5acd4b", "number": "9049061246", "date": "2021-01-23 18:51:00", "subject": "0", "recorded-or-robo": "N", "city": "", "state": "FL", "area-code": "904"}, {"id": "1d36742e3f24f50e4e7ae82801f09b7d", "number": "9049061246", "date": "2021-01-23 18:51:00", "subject": "0", "recorded-or-robo": "N", "city": "", "state": "FL", "area-code": "904"}, {"id": "3decc6bfadaa436a105714c6ba5abe36", "number": "7149030509", "date": "2021-01-23 13:26:00", "subject": "2", "recorded-or-robo": "N", "city": "Covina", "state": "CA", "area-code": "626"}, {"id": "3decc6bfadaa436a105714c6ba5ab2ea", "number": "4805203980", "date": "2021-01-23 14:03:00", "subject": "2", "recorded-or-robo": "Y", "city": "", "state": "CA", "area-code": "760"}, {"id": "1d36742e3f24f50e4e7ae82801f08ddd", "number": "7149030509", "date": "2021-01-23 13:26:00", "subject": "2", "recorded-or-robo": "N", "city": "Covina", "state": "CA", "area-code": "626"}, {"id": "1d36742e3f24f50e4e7ae82801f087e1", "number": "4805203980", "date": "2021-01-23 14:03:00", "subject": "2", "recorded-or-robo": "Y", "city": "", "state": "CA", "area-code": "760"}, {"id": "3decc6bfadaa436a105714c6ba7dfdf7", "number": "9042046459", "date": "2021-01-23 18:51:46", "subject": "3", "recorded-or-robo": "Y", "city": "", "state": "FL", "area-code": "904"}, {"id": "03e293b3df9e35eadf15c5611914c228", "number": "9042046459", "date": "2021-01-23 18:51:46", "subject": "3", "recorded-or-robo": "Y", "city": "", "state": "FL", "area-code": "904"}, {"id": "3decc6bfadaa436a105714c6ba5aa522", "number": "5053150014", "date": "2021-01-22 10:00:00", "subject": "1", "recorded-or-robo": "Y", "city": "Albuquerque", "state": "NM", "area-code": "505"}, {"id": "1d36742e3f24f50e4e7ae82801f07e63", "number": "5053150014", "date": "2021-01-22 10:00:00", "subject": "1", "recorded-or-robo": "Y", "city": "Albuquerque", "state": "NM", "area-code": "505"}, {"id": "3decc6bfadaa436a105714c6ba7df24e", "number": "2148090130", "date": "2021-01-23 18:51:04", "subject": "3", "recorded-or-robo": "Y", "city": "", "state": "TX", "area-code": "214"}, {"id": "03e293b3df9e35eadf15c5611914bfb1", "number": "2148090130", "date": "2021-01-23 18:51:04", "subject": "3", "recorded-or-robo": "Y", "city": "", "state": "TX", "area-code": "214"}, {"id": "3decc6bfadaa436a105714c6ba5a9c6d", "number": "7149343941", "date": "2021-01-11 13:20:00", "subject": "2", "recorded-or-robo": "Y", "city": "Huntington Beach", "state": "CA", "area-code": "714"}, {"id": "1d36742e3f24f50e4e7ae82801f07b43", "number": "7149343941", "date": "2021-01-11 13:20:00", "subject": "2", "recorded-or-robo": "Y", "city": "Huntington Beach", "state": "CA", "area-code": "714"}, {"id": "3decc6bfadaa436a105714c6ba7ded74", "number": "2393155463", "date": "2021-01-23 18:50:22", "subject": "3", "recorded-or-robo": "Y", "city": "", "state": "FL", "area-code": "904"}, {"id": "03e293b3df9e35eadf15c5611914bd55", "number": "2393155463", "date": "2021-01-23 18:50:22", "subject": "3", "recorded-or-robo": "Y", "city": "", "state": "FL", "area-code": "904"}, {"id": "3decc6bfadaa436a105714c6ba5a970f", "number": "4346776117", "date": "2021-01-23 07:20:00", "subject": "1", "recorded-or-robo": "Y", "city": "Nellysford", "state": "VA", "area-code": "434"}, {"id": "1d36742e3f24f50e4e7ae82801f07855", "number": "4346776117", "date": "2021-01-23 07:20:00", "subject": "1", "recorded-or-robo": "Y", "city": "Nellysford", "state": "VA", "area-code": "434"}, {"id": "3decc6bfadaa436a105714c6ba5a8a1e", "number": "7149799714", "date": "2021-01-12 15:13:00", "subject": "2", "recorded-or-robo": "Y", "city": "Huntington Beach", "state": "CA", "area-code": "714"}, {"id": "1d36742e3f24f50e4e7ae82801f075c4", "number": "7149799714", "date": "2021-01-12 15:13:00", "subject": "2", "recorded-or-robo": "Y", "city": "Huntington Beach", "state": "CA", "area-code": "714"}, {"id": "3decc6bfadaa436a105714c6ba5a8515", "number": "6259319569", "date": "2021-01-23 07:38:00", "subject": "2", "recorded-or-robo": "N", "city": "Covina", "state": "CA", "area-code": "626"}, {"id": "1d36742e3f24f50e4e7ae82801f06e1e", "number": "6259319569", "date": "2021-01-23 07:38:00", "subject": "2", "recorded-or-robo": "N", "city": "Covina", "state": "CA", "area-code": "626"}, {"id": "3decc6bfadaa436a105714c6ba5a810e", "number": "4013242441", "date": "2021-01-23 15:45:00", "subject": "0", "recorded-or-robo": "", "city": "Portland", "state": "OR", "area-code": "503"}, {"id": "1d36742e3f24f50e4e7ae82801f067f4", "number": "4013242441", "date": "2021-01-23 15:45:00", "subject": "0", "recorded-or-robo": "", "city": "Portland", "state": "OR", "area-code": "503"}, {"id": "3decc6bfadaa436a105714c6ba5a7aae", "number": "20331050578", "date": "2021-01-23 11:58:00", "subject": "1", "recorded-or-robo": "Y", "city": "", "state": "CT", "area-code": "203"}, {"id": "1d36742e3f24f50e4e7ae82801f05c25", "number": "20331050578", "date": "2021-01-23 11:58:00", "subject": "1", "recorded-or-robo": "Y", "city": "", "state": "CT", "area-code": "203"}, {"id": "3decc6bfadaa436a105714c6ba5a6fcf", "number": "7149394964", "date": "2021-01-14 13:41:00", "subject": "2", "recorded-or-robo": "Y", "city": "Huntington Beach", "state": "CA", "area-code": "714"}, {"id": "1d36742e3f24f50e4e7ae82801f05c00", "number": "7149394964", "date": "2021-01-14 13:41:00", "subject": "2", "recorded-or-robo": "Y", "city": "Huntington Beach", "state": "CA", "area-code": "714"}, {"id": "3decc6bfadaa436a105714c6ba5a6375", "number": "9108403135", "date": "2021-01-22 12:50:00", "subject": "5", "recorded-or-robo": "", "city": "Fayetteville", "state": "NC", "area-code": "910"}, {"id": "1d36742e3f24f50e4e7ae82801f056a7", "number": "9108403135", "date": "2021-01-22 12:50:00", "subject": "5", "recorded-or-robo": "", "city": "Fayetteville", "state": "NC", "area-code": "910"}, {"id": "3decc6bfadaa436a105714c6ba87afd8", "number": "9853153112", "date": "2021-01-22 10:49:00", "subject": "3", "recorded-or-robo": "", "city": "", "state": "NJ", "area-code": "609"}, {"id": "03e293b3df9e35eadf15c561191e44f7", "number": "9853153112", "date": "2021-01-22 10:49:00", "subject": "3", "recorded-or-robo": "", "city": "", "state": "NJ", "area-code": "609"}, {"id": "3decc6bfadaa436a105714c6ba5a53ac", "number": "", "date": "2021-01-22 12:00:00", "subject": "1", "recorded-or-robo": "Y", "city": "Healdsburg", "state": "CA", "area-code": "707"}, {"id": "1d36742e3f24f50e4e7ae82801f04d4b", "number": "", "date": "2021-01-22 12:00:00", "subject": "1", "recorded-or-robo": "Y", "city": "Healdsburg", "state": "CA", "area-code": "707"}, {"id": "3decc6bfadaa436a105714c6ba5a4bcc", "number": "7149629223", "date": "2021-01-14 13:58:00", "subject": "2", "recorded-or-robo": "Y", "city": "Huntington Beach", "state": "CA", "area-code": "714"}, {"id": "1d36742e3f24f50e4e7ae82801f04c89", "number": "7149629223", "date": "2021-01-14 13:58:00", "subject": "2", "recorded-or-robo": "Y", "city": "Huntington Beach", "state": "CA", "area-code": "714"}, {"id": "3decc6bfadaa436a105714c6ba5a3c83", "number": "5067979270", "date": "2021-01-23 16:57:00", "subject": "2", "recorded-or-robo": "Y", "city": "Fayetteville", "state": "NC", "area-code": "910"}, {"id": "1d36742e3f24f50e4e7ae82801f04953", "number": "5067979270", "date": "2021-01-23 16:57:00", "subject": "2", "recorded-or-robo": "Y", "city": "Fayetteville", "state": "NC", "area-code": "910"}, {"id": "3decc6bfadaa436a105714c6ba5a397a", "number": "8476279027", "date": "2021-01-21 17:49:00", "subject": "1", "recorded-or-robo": "Y", "city": "LONG GROVE", "state": "IL", "area-code": "847"}]}