{"data": [{"id": "1d36742e3f24f50e4e7ae82801f87171", "number": "4074043168", "date": "2021-01-23 05:00:00", "subject": "4", "recorded-or-robo": "Y", "city": "", "state": "MN", "area-code": "651"}, {"id": "3decc6bfadaa436a105714c6ba6262d9", "number": "4109381971", "date": "2021-01-22 10:00:00", "subject": "0", "recorded-or-robo": "Y", "city": "", "state": "MD", "area-code": "410"}, {"id": "1d36742e3f24f50e4e7ae82801f865d7", "number": "4109381971", "date": "2021-01-22 10:00:00", "subject": "0", "recorded-or-robo": "Y", "city": "", "state": "MD", "area-code": "410"}, {"id": "3decc6bfadaa436a105714c6ba6258cf", "number": "", "date": "2021-01-23 13:16:00", "subject": "1", "recorded-or-robo": "Y", "city": "Kennewick", "state": "WA", "area-code": "509"}, {"id": "1d36742e3f24f50e4e7ae82801f859f2", "number": "", "date": "2021-01-23 13:16:00", "subject": "1", "recorded-or-robo": "Y", "city": "Kennewick", "state": "WA", "area-code": "509"}, {"id": "3decc6bfadaa436a105714c6ba625872", "number": "4070000", "date": "2021-01-15 00:00:00", "subject": "1", "recorded-or-robo": "Y", "city": "Houston", "state": "TX", "area-code": "832"}, {"id": "1d36742e3f24f50e4e7ae82801f85186", "number": "4070000", "date": "2021-01-15 00:00:00", "subject": "1", "recorded-or-robo": "Y", "city": "Houston", "state": "TX", "area-code": "832"}, {"id": "3decc6bfadaa436a105714c6ba6254de", "number": "9192613834", "date": "2021-01-22 11:56:00", "subject": "3", "recorded-or-robo": "Y", "city": "", "state": "NC", "area-code": "252"}, {"id": "1d36742e3f24f50e4e7ae82801f84c30", "number": "9192613834", "date": "2021-01-22 11:56:00", "subject": "3", "recorded-or-robo": "Y", "city": "", "state": "NC", "area-code": "252"}, {"id": "3decc6bfadaa436a105714c6ba624897", "number": "", "date": "2021-01-23 20:05:00", "subject": "2", "recorded-or-robo": "Y", "city": "Buffalo", "state": "NY", "area-code": "716"}, {"id": "1d36742e3f24f50e4e7ae82801f84b38", "number": "", "date": "2021-01-23 20:05:00", "subject": "2", "recorded-or-robo": "Y", "city": "Buffalo", "state": "NY", "area-code": "716"}, {"id": "3decc6bfadaa436a105714c6ba80258b", "number": "2074309954", "date": "2021-01-23 19:36:00", "subject": "3", "recorded-or-robo": "Y", "city": "", "state": "ME", "area-code": "207"}, {"id": "03e293b3df9e35eadf15c56119168af6", "number": "2074309954", "date": "2021-01-23 19:36:00", "subject": "3", "recorded-or-robo": "Y", "city": "", "state": "ME", "area-code": "207"}, {"id": "3decc6bfadaa436a105714c6ba6236e7", "number": "2405567632", "date": "2021-01-23 09:56:00", "subject": "13", "recorded-or-robo": "N", "city": "", "state": "AL", "area-code": "256"}, {"id": "1d36742e3f24f50e4e7ae82801f8370a", "number": "2405567632", "date": "2021-01-23 09:56:00", "subject": "13", "recorded-or-robo": "N", "city": "", "state": "AL", "area-code": "256"}, {"id": "3decc6bfadaa436a105714c6ba61fd24", "number": "7812229328", "date": "2021-01-22 14:37:00", "subject": "3", "recorded-or-robo": "", "city": "", "state": "MO", "area-code": "636"}, {"id": "1d36742e3f24f50e4e7ae82801f80006", "number": "7812229328", "date": "2021-01-22 14:37:00", "subject": "3", "recorded-or-robo": "", "city": "", "state": "MO", "area-code": "636"}, {"id": "3decc6bfadaa436a105714c6ba6226fa", "number": "4102148756", "date": "2021-01-22 12:02:00", "subject": "0", "recorded-or-robo": "", "city": "", "state": "MD", "area-code": "410"}, {"id": "1d36742e3f24f50e4e7ae82801f82b87", "number": "4102148756", "date": "2021-01-22 12:02:00", "subject": "0", "recorded-or-robo": "", "city": "", "state": "MD", "area-code": "410"}, {"id": "3decc6bfadaa436a105714c6ba621eff", "number": "2485162381", "date": "2021-01-22 12:27:00", "subject": "3", "recorded-or-robo": "Y", "city": "", "state": "NC", "area-code": "252"}, {"id": "1d36742e3f24f50e4e7ae82801f82689", "number": "2485162381", "date": "2021-01-22 12:27:00", "subject": "3", "recorded-or-robo": "Y", "city": "", "state": "NC", "area-code": "252"}, {"id": "3decc6bfadaa436a105714c6ba6210d8", "number": "5053090267", "date": "2021-01-22 09:45:00", "subject": "0", "recorded-or-robo": "Y", "city": "", "state": "MD", "area-code": "410"}, {"id": "1d36742e3f24f50e4e7ae82801f81e27", "number": "5053090267", "date": "2021-01-22 09:45:00", "subject": "0", "recorded-or-robo": "Y", "city": "", "state": "MD", "area-code": "410"}, {"id": "3decc6bfadaa436a105714c6ba620848", "number": "7074643626", "date": "2021-01-22 09:10:00", "subject": "0", "recorded-or-robo": "Y", "city": "Santa Rosa", "state": "CA", "area-code": "707"}, {"id": "1d36742e3f24f50e4e7ae82801f80f31", "number": "7074643626", "date": "2021-01-22 09:10:00", "subject": "0", "recorded-or-robo": "Y", "city": "Santa Rosa", "state": "CA", "area-code": "707"}, {"id": "3decc6bfadaa436a105714c6ba6201c5", "number": "2025133148", "date": "2021-01-15 00:00:00", "subject": "1", "recorded-or-robo": "Y", "city": "Houston", "state": "TX", "area-code": "832"}, {"id": "1d36742e3f24f50e4e7ae82801f8088d", "number": "2025133148", "date": "2021-01-15 00:00:00", "subject": "1", "recorded-or-robo": "Y", "city": "Houston", "state": "TX", "area-code": "832"}, {"id": "3decc6bfadaa436a105714c6ba61eeb9", "number": "7066098410", "date": "2021-01-20 13:40:00", "subject": "2", "recorded-or-robo": "Y", "city": "", "state": "CA", "area-code": "310"}, {"id": "1d36742e3f24f50e4e7ae82801f7fdb1", "number": "7066098410", "date": "2021-01-20 13:40:00", "subject": "2", "recorded-or-robo": "Y", "city": "", "state": "CA", "area-code": "310"}, {"id": "3decc6bfadaa436a105714c6ba61eaa2", "number": "2107121488", "date": "2021-01-22 14:33:00", "subject": "3", "recorded-or-robo": "Y", "city": "", "state": "NC", "area-code": "252"}, {"id": "1d36742e3f24f50e4e7ae82801f7f456", "number": "2107121488", "date": "2021-01-22 14:33:00", "subject": "3", "recorded-or-robo": "Y", "city": "", "state": "NC", "area-code": "252"}, {"id": "3decc6bfadaa436a105714c6ba61df7d", "number": "4107296108", "date": "2021-01-22 12:25:00", "subject": "0", "recorded-or-robo": "", "city": "", "state": "MD", "area-code": "410"}, {"id": "1d36742e3f24f50e4e7ae82801f7eda3", "number": "4107296108", "date": "2021-01-22 12:25:00", "subject": "0", "recorded-or-robo": "", "city": "", "state": "MD", "area-code": "410"}, {"id": "3decc6bfadaa436a105714c6ba61d479", "number": "2023183874", "date": "2021-01-15 00:00:00", "subject": "1", "recorded-or-robo": "Y", "city": "Houston", "state": "TX", "area-code": "832"}, {"id": "1d36742e3f24f50e4e7ae82801f7df94", "number": "2023183874", "date": "2021-01-15 00:00:00", "subject": "1", "recorded-or-robo": "Y", "city": "Houston", "state": "TX", "area-code": "832"}, {"id": "3decc6bfadaa436a105714c6ba61cbc7", "number": "6602879451", "date": "2021-01-23 18:07:00", "subject": "1", "recorded-or-robo": "Y", "city": "Sedalia", "state": "MO", "area-code": "660"}, {"id": "1d36742e3f24f50e4e7ae82801f7d959", "number": "6602879451", "date": "2021-01-23 18:07:00", "subject": "1", "recorded-or-robo": "Y", "city": "Sedalia", "state": "MO", "area-code": "660"}, {"id": "3decc6bfadaa436a105714c6ba61c149", "number": "4024144372", "date": "2021-01-22 09:30:00", "subject": "0", "recorded-or-robo": "Y", "city": "", "state": "MD", "area-code": "410"}, {"id": "1d36742e3f24f50e4e7ae82801f7d33b", "number": "4024144372", "date": "2021-01-22 09:30:00", "subject": "0", "recorded-or-robo": "Y", "city": "", "state": "MD", "area-code": "410"}, {"id": "3decc6bfadaa436a105714c6ba61b9eb", "number": "8128108059", "date": "2021-01-21 14:25:00", "subject": "2", "recorded-or-robo": "Y", "city": "", "state": "CA", "area-code": "310"}, {"id": "1d36742e3f24f50e4e7ae82801f7c54c", "number": "8128108059", "date": "2021-01-21 14:25:00", "subject": "2", "recorded-or-robo": "Y", "city": "", "state": "CA", "area-code": "310"}, {"id": "3decc6bfadaa436a105714c6ba61b421", "number": "2522010122", "date": "2021-01-22 15:17:00", "subject": "3", "recorded-or-robo": "Y", "city": "", "state": "NC", "area-code": "252"}, {"id": "1d36742e3f24f50e4e7ae82801f7c510", "number": "2522010122", "date": "2021-01-22 15:17:00", "subject": "3", "recorded-or-robo": "Y", "city": "", "state": "NC", "area-code": "252"}, {"id": "3decc6bfadaa436a105714c6ba8023a3", "number": "3097771259", "date": "2021-01-23 19:33:51", "subject": "3", "recorded-or-robo": "Y", "city": "", "state": "FL", "area-code": "813"}, {"id": "03e293b3df9e35eadf15c5611916898f", "number": "3097771259", "date": "2021-01-23 19:33:51", "subject": "3", "recorded-or-robo": "Y", "city": "", "state": "FL", "area-code": "813"}, {"id": "3decc6bfadaa436a105714c6ba618897", "number": "6366492186", "date": "2021-01-22 09:01:00", "subject": "3", "recorded-or-robo": "", "city": "", "state": "MO", "area-code": "636"}, {"id": "1d36742e3f24f50e4e7ae82801f787f1", "number": "6366492186", "date": "2021-01-22 09:01:00", "subject": "3", "recorded-or-robo": "", "city": "", "state": "MO", "area-code": "636"}, {"id": "3decc6bfadaa436a105714c6ba61ac87", "number": "", "date": "2021-01-23 00:00:00", "subject": "3", "recorded-or-robo": "Y", "city": "", "state": "OH", "area-code": "440"}, {"id": "1d36742e3f24f50e4e7ae82801f7bbdb", "number": "", "date": "2021-01-23 00:00:00", "subject": "3", "recorded-or-robo": "Y", "city": "", "state": "OH", "area-code": "440"}, {"id": "3decc6bfadaa436a105714c6ba61a1f9", "number": "6504023132", "date": "2021-01-21 18:54:00", "subject": "2", "recorded-or-robo": "Y", "city": "", "state": "CA", "area-code": "310"}]}