{"data": [{"id": "1d36742e3f24f50e4e7ae82801f1f2c3", "number": "8572425705", "date": "2021-01-21 18:36:00", "subject": "2", "recorded-or-robo": "N", "city": "tampa", "state": "FL", "area-code": "813"}, {"id": "3decc6bfadaa436a105714c6ba5c30d0", "number": "7142029514", "date": "2021-01-06 19:51:00", "subject": "2", "recorded-or-robo": "Y", "city": "Huntington Beach", "state": "CA", "area-code": "714"}, {"id": "1d36742e3f24f50e4e7ae82801f1ea63", "number": "7142029514", "date": "2021-01-06 19:51:00", "subject": "2", "recorded-or-robo": "Y", "city": "Huntington Beach", "state": "CA", "area-code": "714"}, {"id": "3decc6bfadaa436a105714c6ba5c25f7", "number": "5033341423", "date": "2021-01-23 13:00:00", "subject": "2", "recorded-or-robo": "Y", "city": "Beaverton", "state": "OR", "area-code": "503"}, {"id": "1d36742e3f24f50e4e7ae82801f1e0ab", "number": "5033341423", "date": "2021-01-23 13:00:00", "subject": "2", "recorded-or-robo": "Y", "city": "Beaverton", "state": "OR", "area-code": "503"}, {"id": "3decc6bfadaa436a105714c6ba5c1454", "number": "4077645533", "date": "2021-01-23 18:36:00", "subject": "2", "recorded-or-robo": "N", "city": "", "state": "FL", "area-code": "407"}, {"id": "1d36742e3f24f50e4e7ae82801f1d36d", "number": "4077645533", "date": "2021-01-23 18:36:00", "subject": "2", "recorded-or-robo": "N", "city": "", "state": "FL", "area-code": "407"}, {"id": "3decc6bfadaa436a105714c6ba5c0d69", "number": "9095512331", "date": "2021-01-22 17:29:00", "subject": "2", "recorded-or-robo": "N", "city": "Covina", "state": "CA", "area-code": "626"}, {"id": "1d36742e3f24f50e4e7ae82801f1cf11", "number": "9095512331", "date": "2021-01-22 17:29:00", "subject": "2", "recorded-or-robo": "N", "city": "Covina", "state": "CA", "area-code": "626"}, {"id": "3decc6bfadaa436a105714c6ba5c0b29", "number": "855678111", "date": "2021-01-23 15:42:00", "subject": "1", "recorded-or-robo": "Y", "city": "West Richland", "state": "WA", "area-code": "509"}, {"id": "1d36742e3f24f50e4e7ae82801f1c8cb", "number": "855678111", "date": "2021-01-23 15:42:00", "subject": "1", "recorded-or-robo": "Y", "city": "West Richland", "state": "WA", "area-code": "509"}, {"id": "3decc6bfadaa436a105714c6ba5c093c", "number": "9182650677", "date": "2021-01-23 11:06:00", "subject": "3", "recorded-or-robo": "N", "city": "Tulsa", "state": "OK", "area-code": "918"}, {"id": "1d36742e3f24f50e4e7ae82801f1bd5d", "number": "9182650677", "date": "2021-01-23 11:06:00", "subject": "3", "recorded-or-robo": "N", "city": "Tulsa", "state": "OK", "area-code": "918"}, {"id": "3decc6bfadaa436a105714c6ba5bfd93", "number": "5099423294", "date": "2021-01-23 15:57:00", "subject": "2", "recorded-or-robo": "Y", "city": "", "state": "WA", "area-code": "509"}, {"id": "1d36742e3f24f50e4e7ae82801f1b4cc", "number": "5099423294", "date": "2021-01-23 15:57:00", "subject": "2", "recorded-or-robo": "Y", "city": "", "state": "WA", "area-code": "509"}, {"id": "3decc6bfadaa436a105714c6ba5bef3d", "number": "7142029514", "date": "2021-01-07 08:24:00", "subject": "2", "recorded-or-robo": "Y", "city": "Huntington Beach", "state": "CA", "area-code": "714"}, {"id": "1d36742e3f24f50e4e7ae82801f1a50f", "number": "7142029514", "date": "2021-01-07 08:24:00", "subject": "2", "recorded-or-robo": "Y", "city": "Huntington Beach", "state": "CA", "area-code": "714"}, {"id": "3decc6bfadaa436a105714c6ba5bedcd", "number": "", "date": "2021-01-23 13:23:00", "subject": "11", "recorded-or-robo": "Y", "city": "Spokane Valley", "state": "WA", "area-code": "509"}, {"id": "1d36742e3f24f50e4e7ae82801f1a0c4", "number": "", "date": "2021-01-23 13:23:00", "subject": "11", "recorded-or-robo": "Y", "city": "Spokane Valley", "state": "WA", "area-code": "509"}, {"id": "3decc6bfadaa436a105714c6ba7e37aa", "number": "5405514315", "date": "2021-01-23 18:59:20", "subject": "3", "recorded-or-robo": "Y", "city": "", "state": "CA", "area-code": "415"}, {"id": "03e293b3df9e35eadf15c5611914f6a6", "number": "5405514315", "date": "2021-01-23 18:59:20", "subject": "3", "recorded-or-robo": "Y", "city": "", "state": "CA", "area-code": "415"}, {"id": "3decc6bfadaa436a105714c6ba5be004", "number": "8082841398", "date": "2021-01-23 13:10:00", "subject": "1", "recorded-or-robo": "Y", "city": "Honolulu", "state": "HI", "area-code": "808"}, {"id": "1d36742e3f24f50e4e7ae82801f1925f", "number": "8082841398", "date": "2021-01-23 13:10:00", "subject": "1", "recorded-or-robo": "Y", "city": "Honolulu", "state": "HI", "area-code": "808"}, {"id": "3decc6bfadaa436a105714c6ba7e45a4", "number": "4155982911", "date": "2021-01-23 18:59:04", "subject": "3", "recorded-or-robo": "Y", "city": "", "state": "CA", "area-code": "415"}, {"id": "03e293b3df9e35eadf15c5611914fbea", "number": "4155982911", "date": "2021-01-23 18:59:04", "subject": "3", "recorded-or-robo": "Y", "city": "", "state": "CA", "area-code": "415"}, {"id": "3decc6bfadaa436a105714c6ba5bd192", "number": "447481006726", "date": "2021-01-23 15:27:00", "subject": "2", "recorded-or-robo": "Y", "city": "Jonestown", "state": "TX", "area-code": "512"}, {"id": "3decc6bfadaa436a105714c6ba5bc25a", "number": "5099285053", "date": "2021-01-23 15:46:00", "subject": "1", "recorded-or-robo": "Y", "city": "Spokane Valley", "state": "WA", "area-code": "509"}, {"id": "1d36742e3f24f50e4e7ae82801f185c8", "number": "447481006726", "date": "2021-01-23 15:27:00", "subject": "2", "recorded-or-robo": "Y", "city": "Jonestown", "state": "TX", "area-code": "512"}, {"id": "1d36742e3f24f50e4e7ae82801f1858e", "number": "5099285053", "date": "2021-01-23 15:46:00", "subject": "1", "recorded-or-robo": "Y", "city": "Spokane Valley", "state": "WA", "area-code": "509"}, {"id": "3decc6bfadaa436a105714c6ba5bbd55", "number": "7142029514", "date": "2021-01-07 14:25:00", "subject": "2", "recorded-or-robo": "Y", "city": "Huntington Beach", "state": "CA", "area-code": "714"}, {"id": "1d36742e3f24f50e4e7ae82801f184a0", "number": "7142029514", "date": "2021-01-07 14:25:00", "subject": "2", "recorded-or-robo": "Y", "city": "Huntington Beach", "state": "CA", "area-code": "714"}, {"id": "3decc6bfadaa436a105714c6ba5ba89a", "number": "", "date": "2021-01-23 13:32:00", "subject": "3", "recorded-or-robo": "N", "city": "", "state": "TX", "area-code": "214"}, {"id": "1d36742e3f24f50e4e7ae82801f17597", "number": "", "date": "2021-01-23 13:32:00", "subject": "3", "recorded-or-robo": "N", "city": "", "state": "TX", "area-code": "214"}, {"id": "3decc6bfadaa436a105714c6ba5bb6f7", "number": "3152328257", "date": "2021-01-23 15:00:00", "subject": "11", "recorded-or-robo": "Y", "city": "Twisp", "state": "WA", "area-code": "315"}, {"id": "1d36742e3f24f50e4e7ae82801f1839c", "number": "3152328257", "date": "2021-01-23 15:00:00", "subject": "11", "recorded-or-robo": "Y", "city": "Twisp", "state": "WA", "area-code": "315"}, {"id": "3decc6bfadaa436a105714c6ba7e553c", "number": "+12763021890", "date": "2021-01-23 18:58:17", "subject": "3", "recorded-or-robo": "N", "city": "", "state": "TX", "area-code": "361"}, {"id": "03e293b3df9e35eadf15c5611914ff01", "number": "+12763021890", "date": "2021-01-23 18:58:17", "subject": "3", "recorded-or-robo": "N", "city": "", "state": "TX", "area-code": "361"}, {"id": "3decc6bfadaa436a105714c6ba5b9d4e", "number": "7142029514", "date": "2021-01-07 17:26:00", "subject": "2", "recorded-or-robo": "Y", "city": "Huntington Beach", "state": "CA", "area-code": "714"}, {"id": "1d36742e3f24f50e4e7ae82801f16987", "number": "7142029514", "date": "2021-01-07 17:26:00", "subject": "2", "recorded-or-robo": "Y", "city": "Huntington Beach", "state": "CA", "area-code": "714"}, {"id": "3decc6bfadaa436a105714c6ba5b927b", "number": "4142537754", "date": "2021-01-21 17:43:00", "subject": "2", "recorded-or-robo": "N", "city": "tampa", "state": "FL", "area-code": "813"}, {"id": "1d36742e3f24f50e4e7ae82801f15a5d", "number": "4142537754", "date": "2021-01-21 17:43:00", "subject": "2", "recorded-or-robo": "N", "city": "tampa", "state": "FL", "area-code": "813"}, {"id": "3decc6bfadaa436a105714c6ba5b8f97", "number": "9365888269", "date": "2021-01-23 16:23:00", "subject": "11", "recorded-or-robo": "Y", "city": "", "state": "TX", "area-code": "936"}, {"id": "1d36742e3f24f50e4e7ae82801f15135", "number": "9365888269", "date": "2021-01-23 16:23:00", "subject": "11", "recorded-or-robo": "Y", "city": "", "state": "TX", "area-code": "936"}, {"id": "3decc6bfadaa436a105714c6ba5b8b97", "number": "3034816603", "date": "2021-01-23 17:16:00", "subject": "11", "recorded-or-robo": "Y", "city": "Jennings", "state": "OK", "area-code": "918"}, {"id": "1d36742e3f24f50e4e7ae82801f149a4", "number": "3034816603", "date": "2021-01-23 17:16:00", "subject": "11", "recorded-or-robo": "Y", "city": "Jennings", "state": "OK", "area-code": "918"}, {"id": "3decc6bfadaa436a105714c6ba5b832d", "number": "4355512341", "date": "2021-01-22 17:19:00", "subject": "2", "recorded-or-robo": "N", "city": "Covina", "state": "CA", "area-code": "626"}, {"id": "1d36742e3f24f50e4e7ae82801f13f06", "number": "4355512341", "date": "2021-01-22 17:19:00", "subject": "2", "recorded-or-robo": "N", "city": "Covina", "state": "CA", "area-code": "626"}, {"id": "3decc6bfadaa436a105714c6ba5b7c4e", "number": "5099282289", "date": "2021-01-23 15:38:00", "subject": "1", "recorded-or-robo": "Y", "city": "Spokane Valley", "state": "WA", "area-code": "509"}, {"id": "1d36742e3f24f50e4e7ae82801f13ab4", "number": "5099282289", "date": "2021-01-23 15:38:00", "subject": "1", "recorded-or-robo": "Y", "city": "Spokane Valley", "state": "WA", "area-code": "509"}, {"id": "3decc6bfadaa436a105714c6ba5b762d", "number": "", "date": "2021-01-23 15:44:00", "subject": "2", "recorded-or-robo": "Y", "city": "Spokane Valley", "state": "WA", "area-code": "509"}]}