{"data": [{"id": "1d36742e3f24f50e4e7ae82801cb30c7", "number": "5072460818", "date": "2021-01-23 15:18:00", "subject": "2", "recorded-or-robo": "Y", "city": "Luverne", "state": "MN", "area-code": "507"}, {"id": "3decc6bfadaa436a105714c6ba348973", "number": "6469300474", "date": "2021-01-23 16:17:00", "subject": "0", "recorded-or-robo": "Y", "city": "", "state": "NY", "area-code": "212"}, {"id": "1d36742e3f24f50e4e7ae82801cb2800", "number": "6469300474", "date": "2021-01-23 16:17:00", "subject": "0", "recorded-or-robo": "Y", "city": "", "state": "NY", "area-code": "212"}, {"id": "3decc6bfadaa436a105714c6ba347c7b", "number": "4154134553", "date": "2021-01-23 16:00:00", "subject": "2", "recorded-or-robo": "", "city": "Slatersville", "state": "RI", "area-code": "401"}, {"id": "1d36742e3f24f50e4e7ae82801cb1b16", "number": "4154134553", "date": "2021-01-23 16:00:00", "subject": "2", "recorded-or-robo": "", "city": "Slatersville", "state": "RI", "area-code": "401"}, {"id": "3decc6bfadaa436a105714c6ba346f48", "number": "6312307327", "date": "2021-01-20 09:59:00", "subject": "3", "recorded-or-robo": "", "city": "dewitt", "state": "NY", "area-code": "315"}, {"id": "1d36742e3f24f50e4e7ae82801cb1748", "number": "6312307327", "date": "2021-01-20 09:59:00", "subject": "3", "recorded-or-robo": "", "city": "dewitt", "state": "NY", "area-code": "315"}, {"id": "3decc6bfadaa436a105714c6ba346e7e", "number": "6412046608", "date": "2021-01-22 18:02:00", "subject": "2", "recorded-or-robo": "Y", "city": "Brunswick", "state": "OH", "area-code": "330"}, {"id": "1d36742e3f24f50e4e7ae82801cb10a0", "number": "6412046608", "date": "2021-01-22 18:02:00", "subject": "2", "recorded-or-robo": "Y", "city": "Brunswick", "state": "OH", "area-code": "330"}, {"id": "3decc6bfadaa436a105714c6ba346aa7", "number": "8005644025", "date": "2021-01-20 16:43:00", "subject": "2", "recorded-or-robo": "Y", "city": "", "state": "NY", "area-code": "917"}, {"id": "1d36742e3f24f50e4e7ae82801cb0790", "number": "8005644025", "date": "2021-01-20 16:43:00", "subject": "2", "recorded-or-robo": "Y", "city": "", "state": "NY", "area-code": "917"}, {"id": "3decc6bfadaa436a105714c6ba789cfc", "number": "5058771417", "date": "2021-01-23 16:21:06", "subject": "3", "recorded-or-robo": "Y", "city": "", "state": "NM", "area-code": "505"}, {"id": "03e293b3df9e35eadf15c561190ee16f", "number": "5058771417", "date": "2021-01-23 16:21:06", "subject": "3", "recorded-or-robo": "Y", "city": "", "state": "NM", "area-code": "505"}, {"id": "3decc6bfadaa436a105714c6ba34670f", "number": "7324019899", "date": "2021-01-23 04:14:00", "subject": "0", "recorded-or-robo": "Y", "city": "", "state": "NJ", "area-code": "732"}, {"id": "1d36742e3f24f50e4e7ae82801cb06c7", "number": "7324019899", "date": "2021-01-23 04:14:00", "subject": "0", "recorded-or-robo": "Y", "city": "", "state": "NJ", "area-code": "732"}, {"id": "3decc6bfadaa436a105714c6ba3458b0", "number": "6142745479", "date": "2021-01-20 17:00:00", "subject": "2", "recorded-or-robo": "Y", "city": "Columbus", "state": "OH", "area-code": "614"}, {"id": "1d36742e3f24f50e4e7ae82801caff34", "number": "6142745479", "date": "2021-01-20 17:00:00", "subject": "2", "recorded-or-robo": "Y", "city": "Columbus", "state": "OH", "area-code": "614"}, {"id": "3decc6bfadaa436a105714c6ba344be2", "number": "9049061246", "date": "2021-01-23 16:19:00", "subject": "0", "recorded-or-robo": "N", "city": "", "state": "FL", "area-code": "904"}, {"id": "1d36742e3f24f50e4e7ae82801caf274", "number": "9049061246", "date": "2021-01-23 16:19:00", "subject": "0", "recorded-or-robo": "N", "city": "", "state": "FL", "area-code": "904"}, {"id": "3decc6bfadaa436a105714c6ba344654", "number": "8722315497", "date": "2021-01-23 13:01:00", "subject": "9", "recorded-or-robo": "Y", "city": "", "state": "MA", "area-code": "508"}, {"id": "1d36742e3f24f50e4e7ae82801caee8a", "number": "8722315497", "date": "2021-01-23 13:01:00", "subject": "9", "recorded-or-robo": "Y", "city": "", "state": "MA", "area-code": "508"}, {"id": "3decc6bfadaa436a105714c6ba34410f", "number": "6146504673", "date": "2021-01-21 13:01:00", "subject": "2", "recorded-or-robo": "Y", "city": "Columbus", "state": "OH", "area-code": "614"}, {"id": "1d36742e3f24f50e4e7ae82801cae990", "number": "6146504673", "date": "2021-01-21 13:01:00", "subject": "2", "recorded-or-robo": "Y", "city": "Columbus", "state": "OH", "area-code": "614"}, {"id": "3decc6bfadaa436a105714c6ba786903", "number": "8884070407", "date": "2021-01-23 16:20:05", "subject": "3", "recorded-or-robo": "Y", "city": "", "state": "FL", "area-code": "754"}, {"id": "03e293b3df9e35eadf15c561190ecdf8", "number": "8884070407", "date": "2021-01-23 16:20:05", "subject": "3", "recorded-or-robo": "Y", "city": "", "state": "FL", "area-code": "754"}, {"id": "3decc6bfadaa436a105714c6ba7856d5", "number": "+12602016047", "date": "2021-01-23 16:19:58", "subject": "3", "recorded-or-robo": "Y", "city": "", "state": "IN", "area-code": "260"}, {"id": "03e293b3df9e35eadf15c561190ebbba", "number": "+12602016047", "date": "2021-01-23 16:19:58", "subject": "3", "recorded-or-robo": "Y", "city": "", "state": "IN", "area-code": "260"}, {"id": "3decc6bfadaa436a105714c6ba3432b5", "number": "7168637429", "date": "2021-01-19 20:12:00", "subject": "3", "recorded-or-robo": "", "city": "dewitt", "state": "NY", "area-code": "315"}, {"id": "1d36742e3f24f50e4e7ae82801cae380", "number": "7168637429", "date": "2021-01-19 20:12:00", "subject": "3", "recorded-or-robo": "", "city": "dewitt", "state": "NY", "area-code": "315"}, {"id": "3decc6bfadaa436a105714c6ba785b06", "number": "+14092390662", "date": "2021-01-23 16:19:39", "subject": "3", "recorded-or-robo": "Y", "city": "", "state": "TX", "area-code": "956"}, {"id": "03e293b3df9e35eadf15c561190ebff8", "number": "+14092390662", "date": "2021-01-23 16:19:39", "subject": "3", "recorded-or-robo": "Y", "city": "", "state": "TX", "area-code": "956"}, {"id": "3decc6bfadaa436a105714c6ba7884a8", "number": "4847200259", "date": "2021-01-23 16:19:31", "subject": "3", "recorded-or-robo": "Y", "city": "", "state": "PA", "area-code": "484"}, {"id": "3decc6bfadaa436a105714c6ba342990", "number": "8665281219", "date": "2021-01-19 00:00:00", "subject": "5", "recorded-or-robo": "Y", "city": "Danville", "state": "CA", "area-code": "925"}, {"id": "1d36742e3f24f50e4e7ae82801cada9c", "number": "8665281219", "date": "2021-01-19 00:00:00", "subject": "5", "recorded-or-robo": "Y", "city": "Danville", "state": "CA", "area-code": "925"}, {"id": "03e293b3df9e35eadf15c561190ed4a6", "number": "4847200259", "date": "2021-01-23 16:19:31", "subject": "3", "recorded-or-robo": "Y", "city": "", "state": "PA", "area-code": "484"}, {"id": "3decc6bfadaa436a105714c6ba789198", "number": "7577655836", "date": "2021-01-23 16:19:14", "subject": "3", "recorded-or-robo": "N", "city": "", "state": "VA", "area-code": "757"}, {"id": "03e293b3df9e35eadf15c561190ee0cb", "number": "7577655836", "date": "2021-01-23 16:19:14", "subject": "3", "recorded-or-robo": "N", "city": "", "state": "VA", "area-code": "757"}, {"id": "3decc6bfadaa436a105714c6ba341cee", "number": "8509908372", "date": "2021-01-23 14:17:00", "subject": "0", "recorded-or-robo": "", "city": "", "state": "FL", "area-code": "850"}, {"id": "1d36742e3f24f50e4e7ae82801cad92d", "number": "8509908372", "date": "2021-01-23 14:17:00", "subject": "0", "recorded-or-robo": "", "city": "", "state": "FL", "area-code": "850"}, {"id": "3decc6bfadaa436a105714c6ba341735", "number": "6516151912", "date": "2021-01-23 10:10:00", "subject": "2", "recorded-or-robo": "Y", "city": "Spokane", "state": "WA", "area-code": "612"}, {"id": "1d36742e3f24f50e4e7ae82801cad610", "number": "6516151912", "date": "2021-01-23 10:10:00", "subject": "2", "recorded-or-robo": "Y", "city": "Spokane", "state": "WA", "area-code": "612"}, {"id": "3decc6bfadaa436a105714c6ba340e65", "number": "4075539197", "date": "2021-01-23 16:15:00", "subject": "7", "recorded-or-robo": "Y", "city": "", "state": "FL", "area-code": "407"}, {"id": "1d36742e3f24f50e4e7ae82801cacefc", "number": "4075539197", "date": "2021-01-23 16:15:00", "subject": "7", "recorded-or-robo": "Y", "city": "", "state": "FL", "area-code": "407"}, {"id": "3decc6bfadaa436a105714c6ba33ff6c", "number": "6629471204", "date": "2021-01-23 12:26:00", "subject": "1", "recorded-or-robo": "N", "city": "Deer Island", "state": "OR", "area-code": "503"}, {"id": "1d36742e3f24f50e4e7ae82801cac626", "number": "6629471204", "date": "2021-01-23 12:26:00", "subject": "1", "recorded-or-robo": "N", "city": "Deer Island", "state": "OR", "area-code": "503"}, {"id": "3decc6bfadaa436a105714c6ba33fb64", "number": "8332298003", "date": "2021-01-18 11:41:00", "subject": "2", "recorded-or-robo": "N", "city": "", "state": "OK", "area-code": "405"}, {"id": "1d36742e3f24f50e4e7ae82801cabf5a", "number": "8332298003", "date": "2021-01-18 11:41:00", "subject": "2", "recorded-or-robo": "N", "city": "", "state": "OK", "area-code": "405"}, {"id": "3decc6bfadaa436a105714c6ba33fa7b", "number": "5029152265", "date": "2021-01-22 12:00:00", "subject": "8", "recorded-or-robo": "Y", "city": "Columbus", "state": "OH", "area-code": "614"}, {"id": "1d36742e3f24f50e4e7ae82801caba65", "number": "5029152265", "date": "2021-01-22 12:00:00", "subject": "8", "recorded-or-robo": "Y", "city": "Columbus", "state": "OH", "area-code": "614"}, {"id": "3decc6bfadaa436a105714c6ba33eb7c", "number": "3152018066", "date": "2021-01-19 15:55:00", "subject": "3", "recorded-or-robo": "", "city": "dewitt", "state": "NY", "area-code": "315"}]}