{"data": [{"id": "03e293b3df9e35eadf15c56119353b56", "number": "3013737173", "date": "2021-01-24 12:47:00", "subject": "11", "recorded-or-robo": "Y", "city": "", "state": "MD", "area-code": "301"}, {"id": "3decc6bfadaa436a105714c6ba9f4091", "number": "", "date": "2021-01-23 11:43:00", "subject": "4", "recorded-or-robo": "Y", "city": "Grapevine", "state": "TX", "area-code": "817"}, {"id": "03e293b3df9e35eadf15c561193536a6", "number": "", "date": "2021-01-23 11:43:00", "subject": "4", "recorded-or-robo": "Y", "city": "Grapevine", "state": "TX", "area-code": "817"}, {"id": "3decc6bfadaa436a105714c6ba9f33ec", "number": "7022190675", "date": "2021-01-24 05:19:00", "subject": "2", "recorded-or-robo": "", "city": "Mililani", "state": "HI", "area-code": "808"}, {"id": "03e293b3df9e35eadf15c56119352786", "number": "7022190675", "date": "2021-01-24 05:19:00", "subject": "2", "recorded-or-robo": "", "city": "Mililani", "state": "HI", "area-code": "808"}, {"id": "3decc6bfadaa436a105714c6ba9f25ca", "number": "", "date": "2021-01-24 09:52:00", "subject": "7", "recorded-or-robo": "Y", "city": "Fullerton", "state": "CA", "area-code": "714"}, {"id": "03e293b3df9e35eadf15c56119352357", "number": "", "date": "2021-01-24 09:52:00", "subject": "7", "recorded-or-robo": "Y", "city": "Fullerton", "state": "CA", "area-code": "714"}, {"id": "3decc6bfadaa436a105714c6ba9f1c10", "number": "9033475325", "date": "2021-01-24 11:22:00", "subject": "2", "recorded-or-robo": "Y", "city": "Chandler", "state": "TX", "area-code": "903"}, {"id": "03e293b3df9e35eadf15c56119351597", "number": "9033475325", "date": "2021-01-24 11:22:00", "subject": "2", "recorded-or-robo": "Y", "city": "Chandler", "state": "TX", "area-code": "903"}, {"id": "3decc6bfadaa436a105714c6ba9f147c", "number": "6154060429", "date": "2021-01-24 11:42:00", "subject": "11", "recorded-or-robo": "Y", "city": "Brooksville", "state": "FL", "area-code": "315"}, {"id": "03e293b3df9e35eadf15c561193511fa", "number": "6154060429", "date": "2021-01-24 11:42:00", "subject": "11", "recorded-or-robo": "Y", "city": "Brooksville", "state": "FL", "area-code": "315"}, {"id": "3decc6bfadaa436a105714c6ba9f054f", "number": "3083829119", "date": "2021-01-21 13:40:00", "subject": "0", "recorded-or-robo": "Y", "city": "Bethel Park", "state": "PA", "area-code": "412"}, {"id": "03e293b3df9e35eadf15c56119350f60", "number": "3083829119", "date": "2021-01-21 13:40:00", "subject": "0", "recorded-or-robo": "Y", "city": "Bethel Park", "state": "PA", "area-code": "412"}, {"id": "3decc6bfadaa436a105714c6ba9ef8dc", "number": "", "date": "2121-01-24 11:17:00", "subject": "3", "recorded-or-robo": "Y", "city": "Wildwood", "state": "MO", "area-code": "314"}, {"id": "03e293b3df9e35eadf15c56119350708", "number": "", "date": "2121-01-24 11:17:00", "subject": "3", "recorded-or-robo": "Y", "city": "Wildwood", "state": "MO", "area-code": "314"}, {"id": "3decc6bfadaa436a105714c6ba9eee9e", "number": "3152328257", "date": "2021-01-23 12:00:00", "subject": "11", "recorded-or-robo": "Y", "city": "", "state": "KS", "area-code": "316"}, {"id": "03e293b3df9e35eadf15c56119350181", "number": "3152328257", "date": "2021-01-23 12:00:00", "subject": "11", "recorded-or-robo": "Y", "city": "", "state": "KS", "area-code": "316"}, {"id": "3decc6bfadaa436a105714c6ba9edec2", "number": "8556782910", "date": "2021-01-24 12:33:00", "subject": "1", "recorded-or-robo": "Y", "city": "Osceola", "state": "IN", "area-code": "574"}, {"id": "03e293b3df9e35eadf15c5611934fbbb", "number": "8556782910", "date": "2021-01-24 12:33:00", "subject": "1", "recorded-or-robo": "Y", "city": "Osceola", "state": "IN", "area-code": "574"}, {"id": "3decc6bfadaa436a105714c6ba9ed46a", "number": "6154069307", "date": "2021-01-23 15:06:00", "subject": "2", "recorded-or-robo": "Y", "city": "Seattle", "state": "WA", "area-code": "509"}, {"id": "03e293b3df9e35eadf15c5611934efa4", "number": "6154069307", "date": "2021-01-23 15:06:00", "subject": "2", "recorded-or-robo": "Y", "city": "Seattle", "state": "WA", "area-code": "509"}, {"id": "3decc6bfadaa436a105714c6ba9ec548", "number": "4125950128", "date": "2021-01-21 13:27:00", "subject": "0", "recorded-or-robo": "Y", "city": "Bethel Park", "state": "PA", "area-code": "412"}, {"id": "03e293b3df9e35eadf15c5611934ec17", "number": "4125950128", "date": "2021-01-21 13:27:00", "subject": "0", "recorded-or-robo": "Y", "city": "Bethel Park", "state": "PA", "area-code": "412"}, {"id": "3decc6bfadaa436a105714c6ba9eb7b5", "number": "3144357953", "date": "2021-01-24 11:38:00", "subject": "3", "recorded-or-robo": "Y", "city": "", "state": "MO", "area-code": "314"}, {"id": "03e293b3df9e35eadf15c5611934ec00", "number": "3144357953", "date": "2021-01-24 11:38:00", "subject": "3", "recorded-or-robo": "Y", "city": "", "state": "MO", "area-code": "314"}, {"id": "3decc6bfadaa436a105714c6ba9ea8a6", "number": "", "date": "2021-01-23 16:36:00", "subject": "2", "recorded-or-robo": "Y", "city": "Saint Louis", "state": "MO", "area-code": "314"}, {"id": "03e293b3df9e35eadf15c5611934e2da", "number": "", "date": "2021-01-23 16:36:00", "subject": "2", "recorded-or-robo": "Y", "city": "Saint Louis", "state": "MO", "area-code": "314"}, {"id": "3decc6bfadaa436a105714c6ba9ea708", "number": "2406615351", "date": "2021-01-24 00:41:00", "subject": "11", "recorded-or-robo": "Y", "city": "", "state": "MD", "area-code": "240"}, {"id": "03e293b3df9e35eadf15c5611934d741", "number": "2406615351", "date": "2021-01-24 00:41:00", "subject": "11", "recorded-or-robo": "Y", "city": "", "state": "MD", "area-code": "240"}, {"id": "3decc6bfadaa436a105714c6ba9ea019", "number": "9366351518", "date": "2021-01-24 11:26:00", "subject": "1", "recorded-or-robo": "Y", "city": "Pollok", "state": "TX", "area-code": "936"}, {"id": "03e293b3df9e35eadf15c5611934d4db", "number": "9366351518", "date": "2021-01-24 11:26:00", "subject": "1", "recorded-or-robo": "Y", "city": "Pollok", "state": "TX", "area-code": "936"}, {"id": "3decc6bfadaa436a105714c6ba9e9171", "number": "4123808818", "date": "2021-01-21 09:58:00", "subject": "0", "recorded-or-robo": "Y", "city": "Bethel Park", "state": "PA", "area-code": "412"}, {"id": "03e293b3df9e35eadf15c5611934d239", "number": "4123808818", "date": "2021-01-21 09:58:00", "subject": "0", "recorded-or-robo": "Y", "city": "Bethel Park", "state": "PA", "area-code": "412"}, {"id": "3decc6bfadaa436a105714c6ba9e8aa1", "number": "7123801959", "date": "2021-01-22 12:00:00", "subject": "1", "recorded-or-robo": "Y", "city": "SAN ANTONIO", "state": "TX", "area-code": "210"}, {"id": "03e293b3df9e35eadf15c5611934cac0", "number": "7123801959", "date": "2021-01-22 12:00:00", "subject": "1", "recorded-or-robo": "Y", "city": "SAN ANTONIO", "state": "TX", "area-code": "210"}, {"id": "3decc6bfadaa436a105714c6ba9e893f", "number": "8182494920", "date": "2021-01-24 09:42:00", "subject": "3", "recorded-or-robo": "Y", "city": "", "state": "CA", "area-code": "818"}, {"id": "03e293b3df9e35eadf15c5611934c7f0", "number": "8182494920", "date": "2021-01-24 09:42:00", "subject": "3", "recorded-or-robo": "Y", "city": "", "state": "CA", "area-code": "818"}, {"id": "3decc6bfadaa436a105714c6ba9e7aa5", "number": "5172948807", "date": "2021-01-23 12:57:00", "subject": "1", "recorded-or-robo": "Y", "city": "Webberville", "state": "MI", "area-code": "517"}, {"id": "03e293b3df9e35eadf15c5611934c419", "number": "5172948807", "date": "2021-01-23 12:57:00", "subject": "1", "recorded-or-robo": "Y", "city": "Webberville", "state": "MI", "area-code": "517"}, {"id": "3decc6bfadaa436a105714c6ba9e7224", "number": "5099799321", "date": "2021-01-24 09:37:00", "subject": "11", "recorded-or-robo": "Y", "city": "", "state": "", "area-code": "855"}, {"id": "03e293b3df9e35eadf15c5611934baae", "number": "5099799321", "date": "2021-01-24 09:37:00", "subject": "11", "recorded-or-robo": "Y", "city": "", "state": "", "area-code": "855"}, {"id": "3decc6bfadaa436a105714c6ba9e682b", "number": "8556785685", "date": "2021-01-24 12:30:00", "subject": "2", "recorded-or-robo": "Y", "city": "Pickerington", "state": "OH", "area-code": "740"}, {"id": "03e293b3df9e35eadf15c5611934b85f", "number": "8556785685", "date": "2021-01-24 12:30:00", "subject": "2", "recorded-or-robo": "Y", "city": "Pickerington", "state": "OH", "area-code": "740"}, {"id": "3decc6bfadaa436a105714c6ba9e627b", "number": "7866232787", "date": "2021-01-23 12:55:00", "subject": "2", "recorded-or-robo": "Y", "city": "", "state": "NH", "area-code": "603"}, {"id": "03e293b3df9e35eadf15c5611934b3d6", "number": "7866232787", "date": "2021-01-23 12:55:00", "subject": "2", "recorded-or-robo": "Y", "city": "", "state": "NH", "area-code": "603"}, {"id": "3decc6bfadaa436a105714c6ba9e5a73", "number": "5092019318", "date": "2021-01-24 08:05:00", "subject": "1", "recorded-or-robo": "Y", "city": "Ellensburg", "state": "WA", "area-code": "509"}, {"id": "03e293b3df9e35eadf15c5611934b07e", "number": "5092019318", "date": "2021-01-24 08:05:00", "subject": "1", "recorded-or-robo": "Y", "city": "Ellensburg", "state": "WA", "area-code": "509"}, {"id": "3decc6bfadaa436a105714c6ba9e5420", "number": "", "date": "2021-01-23 12:00:00", "subject": "2", "recorded-or-robo": "Y", "city": "West Richland", "state": "WA", "area-code": "509"}, {"id": "03e293b3df9e35eadf15c5611934b03c", "number": "", "date": "2021-01-23 12:00:00", "subject": "2", "recorded-or-robo": "Y", "city": "West Richland", "state": "WA", "area-code": "509"}, {"id": "3decc6bfadaa436a105714c6ba9e48ac", "number": "3602081082", "date": "2021-01-24 09:40:00", "subject": "2", "recorded-or-robo": "N", "city": "Ferndale", "state": "WA", "area-code": "360"}]}