{"data": [{"id": "1d36742e3f24f50e4e7ae82801d08fa3", "number": "3152328257", "date": "2021-01-23 15:00:00", "subject": "11", "recorded-or-robo": "Y", "city": "Santa Fe", "state": "TX", "area-code": "409"}, {"id": "3decc6bfadaa436a105714c6ba3a9d06", "number": "8477188984", "date": "2021-01-23 15:42:00", "subject": "0", "recorded-or-robo": "N", "city": "", "state": "IL", "area-code": "847"}, {"id": "1d36742e3f24f50e4e7ae82801d08a86", "number": "8477188984", "date": "2021-01-23 15:42:00", "subject": "0", "recorded-or-robo": "N", "city": "", "state": "IL", "area-code": "847"}, {"id": "3decc6bfadaa436a105714c6ba3a9387", "number": "8006782380", "date": "2021-01-23 14:59:00", "subject": "11", "recorded-or-robo": "Y", "city": "", "state": "TX", "area-code": "409"}, {"id": "1d36742e3f24f50e4e7ae82801d081a8", "number": "8006782380", "date": "2021-01-23 14:59:00", "subject": "11", "recorded-or-robo": "Y", "city": "", "state": "TX", "area-code": "409"}, {"id": "3decc6bfadaa436a105714c6ba3a8d24", "number": "", "date": "2021-01-23 16:45:00", "subject": "1", "recorded-or-robo": "Y", "city": "Mars", "state": "PA", "area-code": "724"}, {"id": "1d36742e3f24f50e4e7ae82801d079d3", "number": "", "date": "2021-01-23 16:45:00", "subject": "1", "recorded-or-robo": "Y", "city": "Mars", "state": "PA", "area-code": "724"}, {"id": "3decc6bfadaa436a105714c6ba3a7dac", "number": "1506314502", "date": "2021-01-21 14:26:00", "subject": "0", "recorded-or-robo": "Y", "city": "randolph", "state": "MA", "area-code": "781"}, {"id": "1d36742e3f24f50e4e7ae82801d074ea", "number": "1506314502", "date": "2021-01-21 14:26:00", "subject": "0", "recorded-or-robo": "Y", "city": "randolph", "state": "MA", "area-code": "781"}, {"id": "3decc6bfadaa436a105714c6ba3a7607", "number": "6154062950", "date": "2021-01-23 01:44:00", "subject": "11", "recorded-or-robo": "Y", "city": "FRIENDSWOOD", "state": "TX", "area-code": "409"}, {"id": "1d36742e3f24f50e4e7ae82801d07427", "number": "6154062950", "date": "2021-01-23 01:44:00", "subject": "11", "recorded-or-robo": "Y", "city": "FRIENDSWOOD", "state": "TX", "area-code": "409"}, {"id": "3decc6bfadaa436a105714c6ba7986ef", "number": "8137593176", "date": "2021-01-23 16:50:46", "subject": "3", "recorded-or-robo": "Y", "city": "", "state": "FL", "area-code": "954"}, {"id": "03e293b3df9e35eadf15c56119102d88", "number": "8137593176", "date": "2021-01-23 16:50:46", "subject": "3", "recorded-or-robo": "Y", "city": "", "state": "FL", "area-code": "954"}, {"id": "3decc6bfadaa436a105714c6ba3a6b48", "number": "8137888795", "date": "2021-01-23 14:30:00", "subject": "11", "recorded-or-robo": "Y", "city": "Zephyrhills", "state": "FL", "area-code": "813"}, {"id": "1d36742e3f24f50e4e7ae82801d06e0f", "number": "8137888795", "date": "2021-01-23 14:30:00", "subject": "11", "recorded-or-robo": "Y", "city": "Zephyrhills", "state": "FL", "area-code": "813"}, {"id": "3decc6bfadaa436a105714c6ba79a4bf", "number": "2039901597", "date": "2021-01-23 16:49:49", "subject": "3", "recorded-or-robo": "Y", "city": "", "state": "CT", "area-code": "203"}, {"id": "03e293b3df9e35eadf15c56119104b91", "number": "2039901597", "date": "2021-01-23 16:49:49", "subject": "3", "recorded-or-robo": "Y", "city": "", "state": "CT", "area-code": "203"}, {"id": "3decc6bfadaa436a105714c6ba3a6009", "number": "9014403240", "date": "2021-01-23 12:30:00", "subject": "3", "recorded-or-robo": "N", "city": "", "state": "TN", "area-code": "901"}, {"id": "1d36742e3f24f50e4e7ae82801d04de9", "number": "9014403240", "date": "2021-01-23 12:30:00", "subject": "3", "recorded-or-robo": "N", "city": "", "state": "TN", "area-code": "901"}, {"id": "3decc6bfadaa436a105714c6ba3a687f", "number": "2173686050", "date": "2021-01-23 12:59:00", "subject": "2", "recorded-or-robo": "N", "city": "", "state": "IL", "area-code": "815"}, {"id": "1d36742e3f24f50e4e7ae82801d06229", "number": "2173686050", "date": "2021-01-23 12:59:00", "subject": "2", "recorded-or-robo": "N", "city": "", "state": "IL", "area-code": "815"}, {"id": "3decc6bfadaa436a105714c6ba3a6454", "number": "6282512861", "date": "2021-01-23 12:00:00", "subject": "2", "recorded-or-robo": "N", "city": "Colorado Springs", "state": "CO", "area-code": "719"}, {"id": "1d36742e3f24f50e4e7ae82801d05848", "number": "6282512861", "date": "2021-01-23 12:00:00", "subject": "2", "recorded-or-robo": "N", "city": "Colorado Springs", "state": "CO", "area-code": "719"}, {"id": "3decc6bfadaa436a105714c6ba7985c6", "number": "9135635560", "date": "2021-01-23 16:48:37", "subject": "3", "recorded-or-robo": "Y", "city": "", "state": "NJ", "area-code": "856"}, {"id": "03e293b3df9e35eadf15c56119102c24", "number": "9135635560", "date": "2021-01-23 16:48:37", "subject": "3", "recorded-or-robo": "Y", "city": "", "state": "NJ", "area-code": "856"}, {"id": "3decc6bfadaa436a105714c6ba797e15", "number": "2015812722", "date": "2021-01-23 16:48:29", "subject": "3", "recorded-or-robo": "N", "city": "", "state": "NJ", "area-code": "201"}, {"id": "03e293b3df9e35eadf15c56119101df7", "number": "2015812722", "date": "2021-01-23 16:48:29", "subject": "3", "recorded-or-robo": "N", "city": "", "state": "NJ", "area-code": "201"}, {"id": "3decc6bfadaa436a105714c6ba79b36b", "number": "2015812722", "date": "2021-01-23 16:48:28", "subject": "3", "recorded-or-robo": "N", "city": "", "state": "NJ", "area-code": "201"}, {"id": "03e293b3df9e35eadf15c56119104d33", "number": "2015812722", "date": "2021-01-23 16:48:28", "subject": "3", "recorded-or-robo": "N", "city": "", "state": "NJ", "area-code": "201"}, {"id": "3decc6bfadaa436a105714c6ba3a5fba", "number": "5099818284", "date": "2021-01-23 13:01:00", "subject": "11", "recorded-or-robo": "Y", "city": "Spokane", "state": "WA", "area-code": "509"}, {"id": "1d36742e3f24f50e4e7ae82801d043f6", "number": "5099818284", "date": "2021-01-23 13:01:00", "subject": "11", "recorded-or-robo": "Y", "city": "Spokane", "state": "WA", "area-code": "509"}, {"id": "3decc6bfadaa436a105714c6ba7997bf", "number": "4696300198", "date": "2021-01-23 16:48:00", "subject": "3", "recorded-or-robo": "Y", "city": "", "state": "TX", "area-code": "512"}, {"id": "03e293b3df9e35eadf15c561191041bd", "number": "4696300198", "date": "2021-01-23 16:48:00", "subject": "3", "recorded-or-robo": "Y", "city": "", "state": "TX", "area-code": "512"}, {"id": "3decc6bfadaa436a105714c6ba3a5509", "number": "7172975480", "date": "2021-01-22 09:40:00", "subject": "3", "recorded-or-robo": "", "city": "", "state": "MT", "area-code": "406"}, {"id": "1d36742e3f24f50e4e7ae82801d04328", "number": "7172975480", "date": "2021-01-22 09:40:00", "subject": "3", "recorded-or-robo": "", "city": "", "state": "MT", "area-code": "406"}, {"id": "3decc6bfadaa436a105714c6ba3a4f9d", "number": "9783551494", "date": "2021-01-21 14:15:00", "subject": "0", "recorded-or-robo": "Y", "city": "randolph", "state": "MA", "area-code": "781"}, {"id": "1d36742e3f24f50e4e7ae82801d03f88", "number": "9783551494", "date": "2021-01-21 14:15:00", "subject": "0", "recorded-or-robo": "Y", "city": "randolph", "state": "MA", "area-code": "781"}, {"id": "3decc6bfadaa436a105714c6ba797289", "number": "9175554243", "date": "2021-01-23 16:47:09", "subject": "3", "recorded-or-robo": "Y", "city": "", "state": "NY", "area-code": "917"}, {"id": "03e293b3df9e35eadf15c5611910123c", "number": "9175554243", "date": "2021-01-23 16:47:09", "subject": "3", "recorded-or-robo": "Y", "city": "", "state": "NY", "area-code": "917"}, {"id": "3decc6bfadaa436a105714c6ba3a0ef7", "number": "9015146456", "date": "2021-01-23 12:42:00", "subject": "3", "recorded-or-robo": "N", "city": "", "state": "TN", "area-code": "901"}, {"id": "1d36742e3f24f50e4e7ae82801d00070", "number": "9015146456", "date": "2021-01-23 12:42:00", "subject": "3", "recorded-or-robo": "N", "city": "", "state": "TN", "area-code": "901"}, {"id": "3decc6bfadaa436a105714c6ba3a4aa5", "number": "9092161532", "date": "2021-01-23 10:43:00", "subject": "3", "recorded-or-robo": "", "city": "redlands", "state": "CA", "area-code": "909"}, {"id": "1d36742e3f24f50e4e7ae82801d03c89", "number": "9092161532", "date": "2021-01-23 10:43:00", "subject": "3", "recorded-or-robo": "", "city": "redlands", "state": "CA", "area-code": "909"}, {"id": "3decc6bfadaa436a105714c6ba3a3f53", "number": "6509184595", "date": "2021-01-23 13:38:00", "subject": "3", "recorded-or-robo": "Y", "city": "", "state": "CA", "area-code": "650"}, {"id": "1d36742e3f24f50e4e7ae82801d03303", "number": "6509184595", "date": "2021-01-23 13:38:00", "subject": "3", "recorded-or-robo": "Y", "city": "", "state": "CA", "area-code": "650"}, {"id": "3decc6bfadaa436a105714c6ba3a379c", "number": "3196676246", "date": "2021-01-22 09:58:00", "subject": "0", "recorded-or-robo": "N", "city": "Iowa City", "state": "IA", "area-code": "319"}, {"id": "1d36742e3f24f50e4e7ae82801d027ea", "number": "3196676246", "date": "2021-01-22 09:58:00", "subject": "0", "recorded-or-robo": "N", "city": "Iowa City", "state": "IA", "area-code": "319"}, {"id": "3decc6bfadaa436a105714c6ba3a2e01", "number": "4699919983", "date": "2021-01-23 14:59:00", "subject": "2", "recorded-or-robo": "", "city": "Sterling Hts", "state": "MI", "area-code": "214"}, {"id": "1d36742e3f24f50e4e7ae82801d01989", "number": "4699919983", "date": "2021-01-23 14:59:00", "subject": "2", "recorded-or-robo": "", "city": "Sterling Hts", "state": "MI", "area-code": "214"}, {"id": "3decc6bfadaa436a105714c6ba3a26c2", "number": "8883201161", "date": "2021-01-23 09:46:00", "subject": "6", "recorded-or-robo": "Y", "city": "", "state": "NV", "area-code": "775"}]}