{"data": [{"id": "03e293b3df9e35eadf15c5611930035d", "number": "8556781042", "date": "2021-01-24 11:56:00", "subject": "11", "recorded-or-robo": "Y", "city": "Galena", "state": "OH", "area-code": "740"}, {"id": "3decc6bfadaa436a105714c6ba99e0b3", "number": "6179246971", "date": "2021-01-22 13:40:00", "subject": "0", "recorded-or-robo": "Y", "city": "Randolph", "state": "MA", "area-code": "781"}, {"id": "03e293b3df9e35eadf15c561192ff387", "number": "6179246971", "date": "2021-01-22 13:40:00", "subject": "0", "recorded-or-robo": "Y", "city": "Randolph", "state": "MA", "area-code": "781"}, {"id": "3decc6bfadaa436a105714c6ba99d671", "number": "6603296674", "date": "2021-01-24 12:00:00", "subject": "2", "recorded-or-robo": "Y", "city": "Carrollton", "state": "MO", "area-code": "660"}, {"id": "03e293b3df9e35eadf15c561192fecb0", "number": "6603296674", "date": "2021-01-24 12:00:00", "subject": "2", "recorded-or-robo": "Y", "city": "Carrollton", "state": "MO", "area-code": "660"}, {"id": "3decc6bfadaa436a105714c6ba99cb8e", "number": "8556783430", "date": "2021-01-24 06:30:00", "subject": "11", "recorded-or-robo": "Y", "city": "YAKIMA", "state": "WA", "area-code": "509"}, {"id": "03e293b3df9e35eadf15c561192fe88a", "number": "8556783430", "date": "2021-01-24 06:30:00", "subject": "11", "recorded-or-robo": "Y", "city": "YAKIMA", "state": "WA", "area-code": "509"}, {"id": "3decc6bfadaa436a105714c6ba99bd92", "number": "6892021526", "date": "2021-01-24 09:48:00", "subject": "2", "recorded-or-robo": "Y", "city": "", "state": "FL", "area-code": "407"}, {"id": "03e293b3df9e35eadf15c561192fe883", "number": "6892021526", "date": "2021-01-24 09:48:00", "subject": "2", "recorded-or-robo": "Y", "city": "", "state": "FL", "area-code": "407"}, {"id": "3decc6bfadaa436a105714c6ba99aed0", "number": "8762211356", "date": "2021-01-23 11:18:00", "subject": "2", "recorded-or-robo": "N", "city": "", "state": "MN", "area-code": "507"}, {"id": "03e293b3df9e35eadf15c561192fe6af", "number": "8762211356", "date": "2021-01-23 11:18:00", "subject": "2", "recorded-or-robo": "N", "city": "", "state": "MN", "area-code": "507"}, {"id": "3decc6bfadaa436a105714c6ba99a5c1", "number": "3152328257", "date": "2021-01-24 10:57:00", "subject": "11", "recorded-or-robo": "Y", "city": "New Carlisle", "state": "IN", "area-code": "855"}, {"id": "03e293b3df9e35eadf15c561192fe135", "number": "3152328257", "date": "2021-01-24 10:57:00", "subject": "11", "recorded-or-robo": "Y", "city": "New Carlisle", "state": "IN", "area-code": "855"}, {"id": "3decc6bfadaa436a105714c6ba99a279", "number": "8103571601", "date": "2021-01-22 16:53:00", "subject": "0", "recorded-or-robo": "Y", "city": "Fort Gratiot", "state": "MI", "area-code": "269"}, {"id": "03e293b3df9e35eadf15c561192fd604", "number": "8103571601", "date": "2021-01-22 16:53:00", "subject": "0", "recorded-or-robo": "Y", "city": "Fort Gratiot", "state": "MI", "area-code": "269"}, {"id": "3decc6bfadaa436a105714c6ba9992fc", "number": "3612136933", "date": "2021-01-21 12:53:00", "subject": "4", "recorded-or-robo": "Y", "city": "San Antonio", "state": "TX", "area-code": "210"}, {"id": "03e293b3df9e35eadf15c561192fcaf3", "number": "3612136933", "date": "2021-01-21 12:53:00", "subject": "4", "recorded-or-robo": "Y", "city": "San Antonio", "state": "TX", "area-code": "210"}, {"id": "3decc6bfadaa436a105714c6ba998818", "number": "8137824225", "date": "2021-01-24 12:02:00", "subject": "11", "recorded-or-robo": "Y", "city": "zephyrhills", "state": "FL", "area-code": "615"}, {"id": "03e293b3df9e35eadf15c561192fc530", "number": "8137824225", "date": "2021-01-24 12:02:00", "subject": "11", "recorded-or-robo": "Y", "city": "zephyrhills", "state": "FL", "area-code": "615"}, {"id": "3decc6bfadaa436a105714c6ba997a30", "number": "", "date": "2021-01-24 11:50:00", "subject": "11", "recorded-or-robo": "Y", "city": "Pickerington", "state": "OH", "area-code": "740"}, {"id": "03e293b3df9e35eadf15c561192fb9bc", "number": "", "date": "2021-01-24 11:50:00", "subject": "11", "recorded-or-robo": "Y", "city": "Pickerington", "state": "OH", "area-code": "740"}, {"id": "3decc6bfadaa436a105714c6ba99724e", "number": "3023875653", "date": "2021-01-24 10:58:00", "subject": "2", "recorded-or-robo": "N", "city": "Munster", "state": "IN", "area-code": "347"}, {"id": "03e293b3df9e35eadf15c561192fae68", "number": "3023875653", "date": "2021-01-24 10:58:00", "subject": "2", "recorded-or-robo": "N", "city": "Munster", "state": "IN", "area-code": "347"}, {"id": "3decc6bfadaa436a105714c6ba99650f", "number": "3145033277", "date": "2021-01-23 16:21:00", "subject": "3", "recorded-or-robo": "Y", "city": "St. Louis", "state": "MO", "area-code": "314"}, {"id": "03e293b3df9e35eadf15c561192fad5b", "number": "3145033277", "date": "2021-01-23 16:21:00", "subject": "3", "recorded-or-robo": "Y", "city": "St. Louis", "state": "MO", "area-code": "314"}, {"id": "3decc6bfadaa436a105714c6ba995b88", "number": "00000000000000000000", "date": "2021-01-24 10:56:00", "subject": "2", "recorded-or-robo": "N", "city": "San Antonio", "state": "TX", "area-code": "210"}, {"id": "03e293b3df9e35eadf15c561192fa638", "number": "00000000000000000000", "date": "2021-01-24 10:56:00", "subject": "2", "recorded-or-robo": "N", "city": "San Antonio", "state": "TX", "area-code": "210"}, {"id": "3decc6bfadaa436a105714c6ba9953d0", "number": "9039008647", "date": "2021-01-22 09:33:00", "subject": "2", "recorded-or-robo": "Y", "city": "Longview", "state": "TX", "area-code": "903"}, {"id": "03e293b3df9e35eadf15c561192fa5bb", "number": "9039008647", "date": "2021-01-22 09:33:00", "subject": "2", "recorded-or-robo": "Y", "city": "Longview", "state": "TX", "area-code": "903"}, {"id": "3decc6bfadaa436a105714c6ba9944bf", "number": "10", "date": "2021-01-23 20:25:00", "subject": "1", "recorded-or-robo": "Y", "city": "", "state": "WI", "area-code": "262"}, {"id": "03e293b3df9e35eadf15c561192fa0e0", "number": "10", "date": "2021-01-23 20:25:00", "subject": "1", "recorded-or-robo": "Y", "city": "", "state": "WI", "area-code": "262"}, {"id": "3decc6bfadaa436a105714c6ba9942ac", "number": "1509216293", "date": "2021-01-24 12:00:00", "subject": "1", "recorded-or-robo": "Y", "city": "Spokane", "state": "WA", "area-code": "509"}, {"id": "03e293b3df9e35eadf15c561192f9773", "number": "1509216293", "date": "2021-01-24 12:00:00", "subject": "1", "recorded-or-robo": "Y", "city": "Spokane", "state": "WA", "area-code": "509"}, {"id": "3decc6bfadaa436a105714c6ba993ff4", "number": "5406025542", "date": "2021-01-22 14:11:00", "subject": "5", "recorded-or-robo": "Y", "city": "norfolk", "state": "VA", "area-code": "757"}, {"id": "03e293b3df9e35eadf15c561192f95ae", "number": "5406025542", "date": "2021-01-22 14:11:00", "subject": "5", "recorded-or-robo": "Y", "city": "norfolk", "state": "VA", "area-code": "757"}, {"id": "3decc6bfadaa436a105714c6ba993f2d", "number": "", "date": "2021-01-23 16:42:00", "subject": "1", "recorded-or-robo": "Y", "city": "Spokane Valley", "state": "WA", "area-code": "509"}, {"id": "03e293b3df9e35eadf15c561192f85e3", "number": "", "date": "2021-01-23 16:42:00", "subject": "1", "recorded-or-robo": "Y", "city": "Spokane Valley", "state": "WA", "area-code": "509"}, {"id": "3decc6bfadaa436a105714c6ba993ae7", "number": "", "date": "2021-01-24 12:00:00", "subject": "1", "recorded-or-robo": "N", "city": "texas city", "state": "TX", "area-code": "409"}, {"id": "03e293b3df9e35eadf15c561192f7e74", "number": "", "date": "2021-01-24 12:00:00", "subject": "1", "recorded-or-robo": "N", "city": "texas city", "state": "TX", "area-code": "409"}, {"id": "3decc6bfadaa436a105714c6ba992cdd", "number": "", "date": "2021-01-24 08:01:00", "subject": "11", "recorded-or-robo": "Y", "city": "Richland", "state": "WA", "area-code": "509"}, {"id": "03e293b3df9e35eadf15c561192f7382", "number": "", "date": "2021-01-24 08:01:00", "subject": "11", "recorded-or-robo": "Y", "city": "Richland", "state": "WA", "area-code": "509"}, {"id": "3decc6bfadaa436a105714c6ba992b53", "number": "3152328257", "date": "2021-01-22 12:00:00", "subject": "11", "recorded-or-robo": "Y", "city": "New Carlisle", "state": "IN", "area-code": "574"}, {"id": "03e293b3df9e35eadf15c561192f6895", "number": "3152328257", "date": "2021-01-22 12:00:00", "subject": "11", "recorded-or-robo": "Y", "city": "New Carlisle", "state": "IN", "area-code": "574"}, {"id": "3decc6bfadaa436a105714c6ba991e25", "number": "6178759413", "date": "2021-01-22 16:40:00", "subject": "1", "recorded-or-robo": "Y", "city": "Randolph", "state": "MA", "area-code": "781"}, {"id": "03e293b3df9e35eadf15c561192f676d", "number": "6178759413", "date": "2021-01-22 16:40:00", "subject": "1", "recorded-or-robo": "Y", "city": "Randolph", "state": "MA", "area-code": "781"}, {"id": "3decc6bfadaa436a105714c6ba991dd2", "number": "8502479986", "date": "2021-01-23 18:25:00", "subject": "1", "recorded-or-robo": "N", "city": "", "state": "AL", "area-code": "251"}, {"id": "03e293b3df9e35eadf15c561192f5e74", "number": "8502479986", "date": "2021-01-23 18:25:00", "subject": "1", "recorded-or-robo": "N", "city": "", "state": "AL", "area-code": "251"}, {"id": "3decc6bfadaa436a105714c6ba99107d", "number": "4073109384", "date": "2021-01-23 13:00:00", "subject": "2", "recorded-or-robo": "Y", "city": "Altamonte Spg", "state": "FL", "area-code": "407"}, {"id": "03e293b3df9e35eadf15c561192f5e6e", "number": "4073109384", "date": "2021-01-23 13:00:00", "subject": "2", "recorded-or-robo": "Y", "city": "Altamonte Spg", "state": "FL", "area-code": "407"}, {"id": "3decc6bfadaa436a105714c6ba9905e8", "number": "8762928327", "date": "2021-01-23 10:21:00", "subject": "13", "recorded-or-robo": "N", "city": "Cleveland", "state": "MS", "area-code": "662"}]}