{"data": [{"id": "03e293b3df9e35eadf15c56119252915", "number": "8605166742", "date": "2021-01-22 07:37:00", "subject": "3", "recorded-or-robo": "N", "city": "Pawcatuck", "state": "CT", "area-code": "860"}, {"id": "3decc6bfadaa436a105714c6ba8ebd6a", "number": "4012140228", "date": "2021-01-20 10:41:00", "subject": "0", "recorded-or-robo": "N", "city": "North Scituate", "state": "RI", "area-code": "401"}, {"id": "03e293b3df9e35eadf15c56119251ff3", "number": "4012140228", "date": "2021-01-20 10:41:00", "subject": "0", "recorded-or-robo": "N", "city": "North Scituate", "state": "RI", "area-code": "401"}, {"id": "3decc6bfadaa436a105714c6ba8eb699", "number": "7813221622", "date": "2021-01-21 16:54:00", "subject": "2", "recorded-or-robo": "Y", "city": "", "state": "MA", "area-code": "781"}, {"id": "03e293b3df9e35eadf15c561192513d6", "number": "7813221622", "date": "2021-01-21 16:54:00", "subject": "2", "recorded-or-robo": "Y", "city": "", "state": "MA", "area-code": "781"}, {"id": "3decc6bfadaa436a105714c6ba8eaad2", "number": "7867430657", "date": "2021-01-22 14:15:00", "subject": "2", "recorded-or-robo": "", "city": "ANDOVER", "state": "MN", "area-code": "763"}, {"id": "03e293b3df9e35eadf15c561192505f7", "number": "7867430657", "date": "2021-01-22 14:15:00", "subject": "2", "recorded-or-robo": "", "city": "ANDOVER", "state": "MN", "area-code": "763"}, {"id": "3decc6bfadaa436a105714c6ba8ea9aa", "number": "7014304434", "date": "2021-01-24 08:13:00", "subject": "13", "recorded-or-robo": "N", "city": "Sawyer", "state": "ND", "area-code": "701"}, {"id": "03e293b3df9e35eadf15c5611924ff71", "number": "7014304434", "date": "2021-01-24 08:13:00", "subject": "13", "recorded-or-robo": "N", "city": "Sawyer", "state": "ND", "area-code": "701"}, {"id": "3decc6bfadaa436a105714c6ba8ea405", "number": "", "date": "2020-12-06 17:14:00", "subject": "3", "recorded-or-robo": "Y", "city": "", "state": "MD", "area-code": "410"}, {"id": "03e293b3df9e35eadf15c5611924f68f", "number": "", "date": "2020-12-06 17:14:00", "subject": "3", "recorded-or-robo": "Y", "city": "", "state": "MD", "area-code": "410"}, {"id": "3decc6bfadaa436a105714c6ba8ea004", "number": "7867430657", "date": "2021-01-22 15:22:00", "subject": "2", "recorded-or-robo": "Y", "city": "ANDOVER", "state": "MN", "area-code": "763"}, {"id": "03e293b3df9e35eadf15c5611924ebfd", "number": "7867430657", "date": "2021-01-22 15:22:00", "subject": "2", "recorded-or-robo": "Y", "city": "ANDOVER", "state": "MN", "area-code": "763"}, {"id": "3decc6bfadaa436a105714c6ba8e94fe", "number": "8553256676", "date": "2021-01-20 17:19:00", "subject": "2", "recorded-or-robo": "Y", "city": "North Scituate", "state": "RI", "area-code": "401"}, {"id": "03e293b3df9e35eadf15c5611924e829", "number": "8553256676", "date": "2021-01-20 17:19:00", "subject": "2", "recorded-or-robo": "Y", "city": "North Scituate", "state": "RI", "area-code": "401"}, {"id": "3decc6bfadaa436a105714c6ba8e8ea5", "number": "", "date": "2021-01-21 11:36:00", "subject": "11", "recorded-or-robo": "Y", "city": "Bastrop", "state": "TX", "area-code": "512"}, {"id": "03e293b3df9e35eadf15c5611924e08e", "number": "", "date": "2021-01-21 11:36:00", "subject": "11", "recorded-or-robo": "Y", "city": "Bastrop", "state": "TX", "area-code": "512"}, {"id": "3decc6bfadaa436a105714c6ba8e86eb", "number": "7147672327", "date": "2021-01-23 13:50:00", "subject": "2", "recorded-or-robo": "N", "city": "Hidden Valley", "state": "PA", "area-code": "412"}, {"id": "03e293b3df9e35eadf15c5611924e035", "number": "7147672327", "date": "2021-01-23 13:50:00", "subject": "2", "recorded-or-robo": "N", "city": "Hidden Valley", "state": "PA", "area-code": "412"}, {"id": "3decc6bfadaa436a105714c6ba8e8660", "number": "", "date": "2021-01-21 09:59:00", "subject": "0", "recorded-or-robo": "N", "city": "North Scituate", "state": "RI", "area-code": "401"}, {"id": "03e293b3df9e35eadf15c5611924d1f0", "number": "", "date": "2021-01-21 09:59:00", "subject": "0", "recorded-or-robo": "N", "city": "North Scituate", "state": "RI", "area-code": "401"}, {"id": "3decc6bfadaa436a105714c6ba8e8517", "number": "8553256676", "date": "2021-01-21 17:44:00", "subject": "2", "recorded-or-robo": "Y", "city": "North Scituate", "state": "RI", "area-code": "401"}, {"id": "03e293b3df9e35eadf15c5611924c98e", "number": "8553256676", "date": "2021-01-21 17:44:00", "subject": "2", "recorded-or-robo": "Y", "city": "North Scituate", "state": "RI", "area-code": "401"}, {"id": "3decc6bfadaa436a105714c6ba8e816d", "number": "9363213238", "date": "2021-01-22 17:06:00", "subject": "4", "recorded-or-robo": "Y", "city": "", "state": "TX", "area-code": "830"}, {"id": "03e293b3df9e35eadf15c5611924bcfe", "number": "9363213238", "date": "2021-01-22 17:06:00", "subject": "4", "recorded-or-robo": "Y", "city": "", "state": "TX", "area-code": "830"}, {"id": "3decc6bfadaa436a105714c6ba8e71d9", "number": "8889858397", "date": "2021-01-21 08:49:00", "subject": "2", "recorded-or-robo": "Y", "city": "Sterling", "state": "CO", "area-code": "970"}, {"id": "03e293b3df9e35eadf15c5611924bc41", "number": "8889858397", "date": "2021-01-21 08:49:00", "subject": "2", "recorded-or-robo": "Y", "city": "Sterling", "state": "CO", "area-code": "970"}, {"id": "3decc6bfadaa436a105714c6ba8e638d", "number": "", "date": "2021-01-23 16:04:00", "subject": "2", "recorded-or-robo": "Y", "city": "Alexandria", "state": "VA", "area-code": "305"}, {"id": "03e293b3df9e35eadf15c5611924affb", "number": "", "date": "2021-01-23 16:04:00", "subject": "2", "recorded-or-robo": "Y", "city": "Alexandria", "state": "VA", "area-code": "305"}, {"id": "3decc6bfadaa436a105714c6ba8e54ce", "number": "8553256676", "date": "2021-01-22 16:28:00", "subject": "2", "recorded-or-robo": "Y", "city": "North Scituate", "state": "RI", "area-code": "401"}, {"id": "03e293b3df9e35eadf15c5611924a89d", "number": "8553256676", "date": "2021-01-22 16:28:00", "subject": "2", "recorded-or-robo": "Y", "city": "North Scituate", "state": "RI", "area-code": "401"}, {"id": "3decc6bfadaa436a105714c6ba8e509f", "number": "", "date": "2021-01-23 14:36:00", "subject": "2", "recorded-or-robo": "Y", "city": "meridian", "state": "MS", "area-code": "601"}, {"id": "03e293b3df9e35eadf15c5611924a17b", "number": "", "date": "2021-01-23 14:36:00", "subject": "2", "recorded-or-robo": "Y", "city": "meridian", "state": "MS", "area-code": "601"}, {"id": "3decc6bfadaa436a105714c6ba8e34d1", "number": "9037306608", "date": "2021-01-21 15:17:00", "subject": "3", "recorded-or-robo": "N", "city": "", "state": "TX", "area-code": "903"}, {"id": "03e293b3df9e35eadf15c56119249929", "number": "9037306608", "date": "2021-01-21 15:17:00", "subject": "3", "recorded-or-robo": "N", "city": "", "state": "TX", "area-code": "903"}, {"id": "3decc6bfadaa436a105714c6ba8e4185", "number": "9121421012", "date": "2021-01-23 10:38:00", "subject": "2", "recorded-or-robo": "Y", "city": "savannah", "state": "GA", "area-code": "912"}, {"id": "03e293b3df9e35eadf15c56119249b48", "number": "9121421012", "date": "2021-01-23 10:38:00", "subject": "2", "recorded-or-robo": "Y", "city": "savannah", "state": "GA", "area-code": "912"}, {"id": "3decc6bfadaa436a105714c6ba8e3260", "number": "7869751928", "date": "2021-01-23 16:35:00", "subject": "2", "recorded-or-robo": "Y", "city": "ANDOVER", "state": "MN", "area-code": "763"}, {"id": "03e293b3df9e35eadf15c56119248ade", "number": "7869751928", "date": "2021-01-23 16:35:00", "subject": "2", "recorded-or-robo": "Y", "city": "ANDOVER", "state": "MN", "area-code": "763"}, {"id": "3decc6bfadaa436a105714c6ba8e2bb6", "number": "6144465275", "date": "2021-01-22 13:28:00", "subject": "4", "recorded-or-robo": "Y", "city": "", "state": "OH", "area-code": "614"}, {"id": "03e293b3df9e35eadf15c561192481ee", "number": "6144465275", "date": "2021-01-22 13:28:00", "subject": "4", "recorded-or-robo": "Y", "city": "", "state": "OH", "area-code": "614"}, {"id": "3decc6bfadaa436a105714c6ba8e1e41", "number": "9139124356", "date": "2021-01-22 14:54:00", "subject": "4", "recorded-or-robo": "Y", "city": "Raleigh", "state": "NC", "area-code": "919"}, {"id": "03e293b3df9e35eadf15c56119247387", "number": "9139124356", "date": "2021-01-22 14:54:00", "subject": "4", "recorded-or-robo": "Y", "city": "Raleigh", "state": "NC", "area-code": "919"}, {"id": "3decc6bfadaa436a105714c6ba8e1146", "number": "8646408997", "date": "2021-01-22 19:13:00", "subject": "0", "recorded-or-robo": "Y", "city": "", "state": "GA", "area-code": "770"}, {"id": "03e293b3df9e35eadf15c56119246b28", "number": "8646408997", "date": "2021-01-22 19:13:00", "subject": "0", "recorded-or-robo": "Y", "city": "", "state": "GA", "area-code": "770"}, {"id": "3decc6bfadaa436a105714c6ba8e0ec5", "number": "3014404687", "date": "2021-01-23 10:49:00", "subject": "2", "recorded-or-robo": "Y", "city": "Pasadena", "state": "MD", "area-code": "410"}, {"id": "03e293b3df9e35eadf15c56119245c84", "number": "3014404687", "date": "2021-01-23 10:49:00", "subject": "2", "recorded-or-robo": "Y", "city": "Pasadena", "state": "MD", "area-code": "410"}, {"id": "3decc6bfadaa436a105714c6ba8e085f", "number": "3048090439", "date": "2021-01-23 20:32:00", "subject": "0", "recorded-or-robo": "Y", "city": "Clarksburg", "state": "WV", "area-code": "304"}, {"id": "03e293b3df9e35eadf15c56119245810", "number": "3048090439", "date": "2021-01-23 20:32:00", "subject": "0", "recorded-or-robo": "Y", "city": "Clarksburg", "state": "WV", "area-code": "304"}, {"id": "3decc6bfadaa436a105714c6ba8e0190", "number": "6469155319", "date": "2021-01-24 08:30:00", "subject": "2", "recorded-or-robo": "Y", "city": "", "state": "NY", "area-code": "917"}]}