{"data": [{"id": "03e293b3df9e35eadf15c5611941f044", "number": "4098350524", "date": "2021-01-23 10:01:00", "subject": "4", "recorded-or-robo": "N", "city": "Beaumont", "state": "TX", "area-code": "409"}, {"id": "3decc6bfadaa436a105714c6baabc044", "number": "5127162017", "date": "2021-01-22 13:48:00", "subject": "2", "recorded-or-robo": "Y", "city": "", "state": "TX", "area-code": "512"}, {"id": "03e293b3df9e35eadf15c5611941e1b2", "number": "5127162017", "date": "2021-01-22 13:48:00", "subject": "2", "recorded-or-robo": "Y", "city": "", "state": "TX", "area-code": "512"}, {"id": "3decc6bfadaa436a105714c6baabb5f2", "number": "6028216717", "date": "2021-01-13 15:30:00", "subject": "2", "recorded-or-robo": "Y", "city": "", "state": "AZ", "area-code": "520"}, {"id": "3decc6bfadaa436a105714c6baaba4d7", "number": "", "date": "2021-01-23 08:12:00", "subject": "3", "recorded-or-robo": "N", "city": "", "state": "TX", "area-code": "214"}, {"id": "03e293b3df9e35eadf15c5611941e16e", "number": "6028216717", "date": "2021-01-13 15:30:00", "subject": "2", "recorded-or-robo": "Y", "city": "", "state": "AZ", "area-code": "520"}, {"id": "03e293b3df9e35eadf15c5611941ce1c", "number": "", "date": "2021-01-23 08:12:00", "subject": "3", "recorded-or-robo": "N", "city": "", "state": "TX", "area-code": "214"}, {"id": "3decc6bfadaa436a105714c6baaba82f", "number": "5126681122", "date": "2021-01-22 11:56:00", "subject": "2", "recorded-or-robo": "Y", "city": "", "state": "TX", "area-code": "512"}, {"id": "03e293b3df9e35eadf15c5611941db4a", "number": "5126681122", "date": "2021-01-22 11:56:00", "subject": "2", "recorded-or-robo": "Y", "city": "", "state": "TX", "area-code": "512"}, {"id": "3decc6bfadaa436a105714c6baab9e66", "number": "8556786108", "date": "2021-01-24 10:05:00", "subject": "11", "recorded-or-robo": "Y", "city": "Santa Fe", "state": "TX", "area-code": "409"}, {"id": "03e293b3df9e35eadf15c5611941c96d", "number": "8556786108", "date": "2021-01-24 10:05:00", "subject": "11", "recorded-or-robo": "Y", "city": "Santa Fe", "state": "TX", "area-code": "409"}, {"id": "3decc6bfadaa436a105714c6baab95d3", "number": "", "date": "2021-01-24 13:17:00", "subject": "11", "recorded-or-robo": "Y", "city": "Princeton", "state": "IN", "area-code": "615"}, {"id": "03e293b3df9e35eadf15c5611941c1c0", "number": "", "date": "2021-01-24 13:17:00", "subject": "11", "recorded-or-robo": "Y", "city": "Princeton", "state": "IN", "area-code": "615"}, {"id": "3decc6bfadaa436a105714c6baab9553", "number": "7207978149", "date": "2021-01-22 13:54:00", "subject": "3", "recorded-or-robo": "Y", "city": "", "state": "MN", "area-code": "952"}, {"id": "03e293b3df9e35eadf15c5611941b4af", "number": "7207978149", "date": "2021-01-22 13:54:00", "subject": "3", "recorded-or-robo": "Y", "city": "", "state": "MN", "area-code": "952"}, {"id": "3decc6bfadaa436a105714c6baab4399", "number": "3527470248", "date": "2021-01-24 13:17:00", "subject": "3", "recorded-or-robo": "N", "city": "", "state": "FL", "area-code": "352"}, {"id": "03e293b3df9e35eadf15c56119416dc5", "number": "3527470248", "date": "2021-01-24 13:17:00", "subject": "3", "recorded-or-robo": "N", "city": "", "state": "FL", "area-code": "352"}, {"id": "3decc6bfadaa436a105714c6baab87c7", "number": "8166011122", "date": "2021-01-08 14:25:00", "subject": "2", "recorded-or-robo": "", "city": "", "state": "FL", "area-code": "813"}, {"id": "03e293b3df9e35eadf15c5611941a51e", "number": "8166011122", "date": "2021-01-08 14:25:00", "subject": "2", "recorded-or-robo": "", "city": "", "state": "FL", "area-code": "813"}, {"id": "3decc6bfadaa436a105714c6baab7f99", "number": "8302830999", "date": "2021-01-21 17:40:00", "subject": "2", "recorded-or-robo": "Y", "city": "", "state": "TX", "area-code": "512"}, {"id": "03e293b3df9e35eadf15c561194199d8", "number": "8302830999", "date": "2021-01-21 17:40:00", "subject": "2", "recorded-or-robo": "Y", "city": "", "state": "TX", "area-code": "512"}, {"id": "3decc6bfadaa436a105714c6baab4daf", "number": "", "date": "2021-01-24 11:13:00", "subject": "3", "recorded-or-robo": "N", "city": "", "state": "CA", "area-code": "925"}, {"id": "03e293b3df9e35eadf15c56119417212", "number": "", "date": "2021-01-24 11:13:00", "subject": "3", "recorded-or-robo": "N", "city": "", "state": "CA", "area-code": "925"}, {"id": "3decc6bfadaa436a105714c6baab74c2", "number": "8556782858", "date": "2021-01-23 14:22:00", "subject": "2", "recorded-or-robo": "Y", "city": "Beaumont", "state": "TX", "area-code": "409"}, {"id": "03e293b3df9e35eadf15c56119418eed", "number": "8556782858", "date": "2021-01-23 14:22:00", "subject": "2", "recorded-or-robo": "Y", "city": "Beaumont", "state": "TX", "area-code": "409"}, {"id": "3decc6bfadaa436a105714c6baab6b9d", "number": "8774766301", "date": "2021-01-14 11:41:00", "subject": "2", "recorded-or-robo": "Y", "city": "", "state": "AZ", "area-code": "520"}, {"id": "03e293b3df9e35eadf15c56119418d2a", "number": "8774766301", "date": "2021-01-14 11:41:00", "subject": "2", "recorded-or-robo": "Y", "city": "", "state": "AZ", "area-code": "520"}, {"id": "3decc6bfadaa436a105714c6baab5e09", "number": "6603724944", "date": "2021-01-24 13:10:00", "subject": "1", "recorded-or-robo": "Y", "city": "Moberly, MO", "state": "MO", "area-code": "660"}, {"id": "03e293b3df9e35eadf15c561194184c1", "number": "6603724944", "date": "2021-01-24 13:10:00", "subject": "1", "recorded-or-robo": "Y", "city": "Moberly, MO", "state": "MO", "area-code": "660"}, {"id": "3decc6bfadaa436a105714c6baab58c4", "number": "7158041007", "date": "2021-01-21 13:45:00", "subject": "2", "recorded-or-robo": "Y", "city": "", "state": "TX", "area-code": "512"}, {"id": "03e293b3df9e35eadf15c56119417bb7", "number": "7158041007", "date": "2021-01-21 13:45:00", "subject": "2", "recorded-or-robo": "Y", "city": "", "state": "TX", "area-code": "512"}, {"id": "3decc6bfadaa436a105714c6baab51b4", "number": "4798603522", "date": "2021-01-24 13:14:00", "subject": "7", "recorded-or-robo": "Y", "city": "", "state": "AR", "area-code": "479"}, {"id": "03e293b3df9e35eadf15c56119417b95", "number": "4798603522", "date": "2021-01-24 13:14:00", "subject": "7", "recorded-or-robo": "Y", "city": "", "state": "AR", "area-code": "479"}, {"id": "3decc6bfadaa436a105714c6baab3785", "number": "8035522", "date": "2021-01-21 10:54:00", "subject": "0", "recorded-or-robo": "Y", "city": "Reedsport", "state": "OR", "area-code": "541"}, {"id": "03e293b3df9e35eadf15c5611941661e", "number": "8035522", "date": "2021-01-21 10:54:00", "subject": "0", "recorded-or-robo": "Y", "city": "Reedsport", "state": "OR", "area-code": "541"}, {"id": "3decc6bfadaa436a105714c6baab2a3a", "number": "", "date": "2021-01-22 18:15:00", "subject": "3", "recorded-or-robo": "N", "city": "", "state": "TX", "area-code": "214"}, {"id": "03e293b3df9e35eadf15c56119415c84", "number": "", "date": "2021-01-22 18:15:00", "subject": "3", "recorded-or-robo": "N", "city": "", "state": "TX", "area-code": "214"}, {"id": "3decc6bfadaa436a105714c6baab3543", "number": "3616453546", "date": "2021-01-21 10:57:00", "subject": "2", "recorded-or-robo": "Y", "city": "", "state": "TX", "area-code": "512"}, {"id": "03e293b3df9e35eadf15c5611941648e", "number": "3616453546", "date": "2021-01-21 10:57:00", "subject": "2", "recorded-or-robo": "Y", "city": "", "state": "TX", "area-code": "512"}, {"id": "3decc6bfadaa436a105714c6baab2647", "number": "4065647601", "date": "2021-01-14 12:12:00", "subject": "2", "recorded-or-robo": "Y", "city": "", "state": "AZ", "area-code": "520"}, {"id": "03e293b3df9e35eadf15c561194159b2", "number": "4065647601", "date": "2021-01-14 12:12:00", "subject": "2", "recorded-or-robo": "Y", "city": "", "state": "AZ", "area-code": "520"}, {"id": "3decc6bfadaa436a105714c6baab16e2", "number": "8137932208", "date": "2021-01-16 12:43:00", "subject": "4", "recorded-or-robo": "Y", "city": "", "state": "FL", "area-code": "813"}, {"id": "3decc6bfadaa436a105714c6baab10d9", "number": "", "date": "2021-01-24 16:35:00", "subject": "2", "recorded-or-robo": "Y", "city": "Saint Louis", "state": "MO", "area-code": "314"}, {"id": "03e293b3df9e35eadf15c561194156ca", "number": "8137932208", "date": "2021-01-16 12:43:00", "subject": "4", "recorded-or-robo": "Y", "city": "", "state": "FL", "area-code": "813"}, {"id": "03e293b3df9e35eadf15c56119414997", "number": "", "date": "2021-01-24 16:35:00", "subject": "2", "recorded-or-robo": "Y", "city": "Saint Louis", "state": "MO", "area-code": "314"}, {"id": "3decc6bfadaa436a105714c6baab0143", "number": "6464921644", "date": "2021-01-24 10:34:00", "subject": "2", "recorded-or-robo": "Y", "city": "new york", "state": "NY", "area-code": "917"}, {"id": "03e293b3df9e35eadf15c561194146f1", "number": "6464921644", "date": "2021-01-24 10:34:00", "subject": "2", "recorded-or-robo": "Y", "city": "new york", "state": "NY", "area-code": "917"}, {"id": "3decc6bfadaa436a105714c6baaaf75e", "number": "8556780924", "date": "2021-01-23 14:59:00", "subject": "2", "recorded-or-robo": "Y", "city": "Beaumont", "state": "TX", "area-code": "409"}, {"id": "03e293b3df9e35eadf15c56119414291", "number": "8556780924", "date": "2021-01-23 14:59:00", "subject": "2", "recorded-or-robo": "Y", "city": "Beaumont", "state": "TX", "area-code": "409"}, {"id": "3decc6bfadaa436a105714c6baaaf077", "number": "8022662748", "date": "2021-01-22 01:08:00", "subject": "4", "recorded-or-robo": "Y", "city": "st george", "state": "VT", "area-code": "802"}]}