{"data": [{"id": "03e293b3df9e35eadf15c561196283ec", "number": "8556782940", "date": "2021-01-24 00:00:00", "subject": "3", "recorded-or-robo": "", "city": "", "state": "MO", "area-code": "660"}, {"id": "3decc6bfadaa436a105714c6bacc3daa", "number": "3167684723", "date": "2021-01-20 13:33:00", "subject": "2", "recorded-or-robo": "", "city": "", "state": "KS", "area-code": "316"}, {"id": "03e293b3df9e35eadf15c5611962996a", "number": "3167684723", "date": "2021-01-20 13:33:00", "subject": "2", "recorded-or-robo": "", "city": "", "state": "KS", "area-code": "316"}, {"id": "3decc6bfadaa436a105714c6bacc382c", "number": "", "date": "2021-01-21 19:11:00", "subject": "7", "recorded-or-robo": "Y", "city": "Woodcliff Lake", "state": "NJ", "area-code": "201"}, {"id": "03e293b3df9e35eadf15c56119628b6e", "number": "", "date": "2021-01-21 19:11:00", "subject": "7", "recorded-or-robo": "Y", "city": "Woodcliff Lake", "state": "NJ", "area-code": "201"}, {"id": "3decc6bfadaa436a105714c6bacc13d4", "number": "", "date": "2020-01-15 00:00:00", "subject": "3", "recorded-or-robo": "N", "city": "", "state": "VA", "area-code": "757"}, {"id": "03e293b3df9e35eadf15c561196264c0", "number": "", "date": "2020-01-15 00:00:00", "subject": "3", "recorded-or-robo": "N", "city": "", "state": "VA", "area-code": "757"}, {"id": "3decc6bfadaa436a105714c6bacc28d3", "number": "5853009258", "date": "2021-01-20 10:06:00", "subject": "2", "recorded-or-robo": "", "city": "", "state": "KS", "area-code": "316"}, {"id": "03e293b3df9e35eadf15c56119628288", "number": "5853009258", "date": "2021-01-20 10:06:00", "subject": "2", "recorded-or-robo": "", "city": "", "state": "KS", "area-code": "316"}, {"id": "3decc6bfadaa436a105714c6bacc27e3", "number": "8556784872", "date": "2021-01-24 18:40:00", "subject": "2", "recorded-or-robo": "Y", "city": "Carol Stream", "state": "IL", "area-code": "630"}, {"id": "03e293b3df9e35eadf15c561196277ff", "number": "8556784872", "date": "2021-01-24 18:40:00", "subject": "2", "recorded-or-robo": "Y", "city": "Carol Stream", "state": "IL", "area-code": "630"}, {"id": "3decc6bfadaa436a105714c6bacc1abf", "number": "4149434092", "date": "2021-01-24 18:34:00", "subject": "11", "recorded-or-robo": "Y", "city": "West Allis", "state": "WI", "area-code": "414"}, {"id": "03e293b3df9e35eadf15c5611962693d", "number": "4149434092", "date": "2021-01-24 18:34:00", "subject": "11", "recorded-or-robo": "Y", "city": "West Allis", "state": "WI", "area-code": "414"}, {"id": "3decc6bfadaa436a105714c6bacc0fce", "number": "3021023875", "date": "2021-01-24 09:56:00", "subject": "2", "recorded-or-robo": "N", "city": "Aledo", "state": "IL", "area-code": "309"}, {"id": "03e293b3df9e35eadf15c561196254e5", "number": "3021023875", "date": "2021-01-24 09:56:00", "subject": "2", "recorded-or-robo": "N", "city": "Aledo", "state": "IL", "area-code": "309"}, {"id": "3decc6bfadaa436a105714c6bacc0332", "number": "2892325723", "date": "2021-01-19 17:44:00", "subject": "2", "recorded-or-robo": "", "city": "", "state": "KS", "area-code": "316"}, {"id": "03e293b3df9e35eadf15c56119624946", "number": "2892325723", "date": "2021-01-19 17:44:00", "subject": "2", "recorded-or-robo": "", "city": "", "state": "KS", "area-code": "316"}, {"id": "3decc6bfadaa436a105714c6bacbf701", "number": "4149439888", "date": "2021-01-24 18:40:00", "subject": "11", "recorded-or-robo": "Y", "city": "West Allis", "state": "WI", "area-code": "414"}, {"id": "03e293b3df9e35eadf15c56119624292", "number": "4149439888", "date": "2021-01-24 18:40:00", "subject": "11", "recorded-or-robo": "Y", "city": "West Allis", "state": "WI", "area-code": "414"}, {"id": "3decc6bfadaa436a105714c6bacbec53", "number": "6092255799", "date": "2021-01-19 15:28:00", "subject": "2", "recorded-or-robo": "", "city": "", "state": "KS", "area-code": "316"}, {"id": "03e293b3df9e35eadf15c56119623d8c", "number": "6092255799", "date": "2021-01-19 15:28:00", "subject": "2", "recorded-or-robo": "", "city": "", "state": "KS", "area-code": "316"}, {"id": "3decc6bfadaa436a105714c6bacbe1b7", "number": "7252881617", "date": "2021-01-24 19:29:00", "subject": "2", "recorded-or-robo": "Y", "city": "Saint Petersburg", "state": "FL", "area-code": "727"}, {"id": "03e293b3df9e35eadf15c56119623168", "number": "7252881617", "date": "2021-01-24 19:29:00", "subject": "2", "recorded-or-robo": "Y", "city": "Saint Petersburg", "state": "FL", "area-code": "727"}, {"id": "3decc6bfadaa436a105714c6bacbda29", "number": "2025246238", "date": "2021-01-23 12:31:00", "subject": "2", "recorded-or-robo": "N", "city": "Aledo", "state": "IL", "area-code": "309"}, {"id": "03e293b3df9e35eadf15c561196230d8", "number": "2025246238", "date": "2021-01-23 12:31:00", "subject": "2", "recorded-or-robo": "N", "city": "Aledo", "state": "IL", "area-code": "309"}, {"id": "3decc6bfadaa436a105714c6bacbcdd5", "number": "", "date": "2021-01-14 16:53:00", "subject": "7", "recorded-or-robo": "Y", "city": "Woodcliff Lake", "state": "NJ", "area-code": "201"}, {"id": "03e293b3df9e35eadf15c56119622201", "number": "", "date": "2021-01-14 16:53:00", "subject": "7", "recorded-or-robo": "Y", "city": "Woodcliff Lake", "state": "NJ", "area-code": "201"}, {"id": "3decc6bfadaa436a105714c6bacbc83d", "number": "3144266403", "date": "2021-01-24 18:30:00", "subject": "11", "recorded-or-robo": "Y", "city": "Overland", "state": "MO", "area-code": "314"}, {"id": "03e293b3df9e35eadf15c56119621db9", "number": "3144266403", "date": "2021-01-24 18:30:00", "subject": "11", "recorded-or-robo": "Y", "city": "Overland", "state": "MO", "area-code": "314"}, {"id": "3decc6bfadaa436a105714c6bacbc78a", "number": "2025284623", "date": "2021-01-23 09:28:00", "subject": "2", "recorded-or-robo": "N", "city": "Aledo", "state": "IL", "area-code": "309"}, {"id": "03e293b3df9e35eadf15c56119621aff", "number": "2025284623", "date": "2021-01-23 09:28:00", "subject": "2", "recorded-or-robo": "N", "city": "Aledo", "state": "IL", "area-code": "309"}, {"id": "3decc6bfadaa436a105714c6bacbc1a5", "number": "5613259219", "date": "2021-01-18 17:54:00", "subject": "4", "recorded-or-robo": "Y", "city": "saint cloud", "state": "FL", "area-code": "407"}, {"id": "03e293b3df9e35eadf15c56119620e42", "number": "5613259219", "date": "2021-01-18 17:54:00", "subject": "4", "recorded-or-robo": "Y", "city": "saint cloud", "state": "FL", "area-code": "407"}, {"id": "3decc6bfadaa436a105714c6bacbb601", "number": "3018636960", "date": "2021-01-24 13:52:00", "subject": "2", "recorded-or-robo": "Y", "city": "California", "state": "MD", "area-code": "301"}, {"id": "03e293b3df9e35eadf15c56119620271", "number": "3018636960", "date": "2021-01-24 13:52:00", "subject": "2", "recorded-or-robo": "Y", "city": "California", "state": "MD", "area-code": "301"}, {"id": "3decc6bfadaa436a105714c6bacbab22", "number": "3162741790", "date": "2021-01-18 15:48:00", "subject": "2", "recorded-or-robo": "", "city": "", "state": "KS", "area-code": "316"}, {"id": "03e293b3df9e35eadf15c5611961fdc5", "number": "3162741790", "date": "2021-01-18 15:48:00", "subject": "2", "recorded-or-robo": "", "city": "", "state": "KS", "area-code": "316"}, {"id": "3decc6bfadaa436a105714c6bacba8b1", "number": "3165393239", "date": "2021-01-16 14:43:00", "subject": "2", "recorded-or-robo": "", "city": "", "state": "KS", "area-code": "316"}, {"id": "03e293b3df9e35eadf15c5611961ee78", "number": "3165393239", "date": "2021-01-16 14:43:00", "subject": "2", "recorded-or-robo": "", "city": "", "state": "KS", "area-code": "316"}, {"id": "3decc6bfadaa436a105714c6bacb9d2b", "number": "7275288869", "date": "2021-01-24 19:25:00", "subject": "2", "recorded-or-robo": "Y", "city": "Saint Petersburg", "state": "FL", "area-code": "727"}, {"id": "03e293b3df9e35eadf15c5611961e53e", "number": "7275288869", "date": "2021-01-24 19:25:00", "subject": "2", "recorded-or-robo": "Y", "city": "Saint Petersburg", "state": "FL", "area-code": "727"}, {"id": "3decc6bfadaa436a105714c6bacb9194", "number": "", "date": "2021-01-13 17:21:00", "subject": "5", "recorded-or-robo": "Y", "city": "Woodcliff Lake", "state": "NJ", "area-code": "201"}, {"id": "03e293b3df9e35eadf15c5611961d9c7", "number": "", "date": "2021-01-13 17:21:00", "subject": "5", "recorded-or-robo": "Y", "city": "Woodcliff Lake", "state": "NJ", "area-code": "201"}, {"id": "3decc6bfadaa436a105714c6bacb8d07", "number": "3165376483", "date": "2021-01-15 15:33:00", "subject": "2", "recorded-or-robo": "", "city": "", "state": "KS", "area-code": "316"}, {"id": "03e293b3df9e35eadf15c5611961cc6a", "number": "3165376483", "date": "2021-01-15 15:33:00", "subject": "2", "recorded-or-robo": "", "city": "", "state": "KS", "area-code": "316"}, {"id": "3decc6bfadaa436a105714c6bacb8746", "number": "8556783121", "date": "2021-01-24 18:32:00", "subject": "2", "recorded-or-robo": "Y", "city": "Carol Stream", "state": "IL", "area-code": "630"}, {"id": "03e293b3df9e35eadf15c5611961c036", "number": "8556783121", "date": "2021-01-24 18:32:00", "subject": "2", "recorded-or-robo": "Y", "city": "Carol Stream", "state": "IL", "area-code": "630"}, {"id": "3decc6bfadaa436a105714c6bacb79ec", "number": "7036633951", "date": "2021-01-19 15:51:00", "subject": "2", "recorded-or-robo": "Y", "city": "Alexandria", "state": "VA", "area-code": "703"}, {"id": "03e293b3df9e35eadf15c5611961bcdc", "number": "7036633951", "date": "2021-01-19 15:51:00", "subject": "2", "recorded-or-robo": "Y", "city": "Alexandria", "state": "VA", "area-code": "703"}, {"id": "3decc6bfadaa436a105714c6bacb6ade", "number": "", "date": "2021-01-13 12:11:00", "subject": "2", "recorded-or-robo": "Y", "city": "Woodcliff Lake", "state": "NJ", "area-code": "201"}]}