{"data": [{"id": "03e293b3df9e35eadf15c561192f54aa", "number": "8762928327", "date": "2021-01-23 10:21:00", "subject": "13", "recorded-or-robo": "N", "city": "Cleveland", "state": "MS", "area-code": "662"}, {"id": "3decc6bfadaa436a105714c6ba9900f3", "number": "4045512242", "date": "2021-01-22 16:24:00", "subject": "2", "recorded-or-robo": "N", "city": "Carrollton", "state": "TX", "area-code": "214"}, {"id": "3decc6bfadaa436a105714c6ba98d58d", "number": "4696137700", "date": "2021-01-21 18:37:00", "subject": "3", "recorded-or-robo": "N", "city": "", "state": "PA", "area-code": "570"}, {"id": "03e293b3df9e35eadf15c561192f44ee", "number": "4045512242", "date": "2021-01-22 16:24:00", "subject": "2", "recorded-or-robo": "N", "city": "Carrollton", "state": "TX", "area-code": "214"}, {"id": "03e293b3df9e35eadf15c561192f23c6", "number": "4696137700", "date": "2021-01-21 18:37:00", "subject": "3", "recorded-or-robo": "N", "city": "", "state": "PA", "area-code": "570"}, {"id": "3decc6bfadaa436a105714c6ba98fdbb", "number": "2029262853", "date": "2021-01-06 10:52:00", "subject": "2", "recorded-or-robo": "Y", "city": "", "state": "OH", "area-code": "440"}, {"id": "03e293b3df9e35eadf15c561192f3f98", "number": "2029262853", "date": "2021-01-06 10:52:00", "subject": "2", "recorded-or-robo": "Y", "city": "", "state": "OH", "area-code": "440"}, {"id": "3decc6bfadaa436a105714c6ba98eefe", "number": "2155986092", "date": "2021-01-22 20:47:00", "subject": "1", "recorded-or-robo": "Y", "city": "Tarentum", "state": "PA", "area-code": "724"}, {"id": "03e293b3df9e35eadf15c561192f385f", "number": "2155986092", "date": "2021-01-22 20:47:00", "subject": "1", "recorded-or-robo": "Y", "city": "Tarentum", "state": "PA", "area-code": "724"}, {"id": "3decc6bfadaa436a105714c6ba98e34d", "number": "7027513400", "date": "2021-01-22 18:22:00", "subject": "13", "recorded-or-robo": "N", "city": "Cleveland", "state": "MS", "area-code": "662"}, {"id": "03e293b3df9e35eadf15c561192f323d", "number": "7027513400", "date": "2021-01-22 18:22:00", "subject": "13", "recorded-or-robo": "N", "city": "Cleveland", "state": "MS", "area-code": "662"}, {"id": "3decc6bfadaa436a105714c6ba98dac6", "number": "2164785415", "date": "2021-01-23 15:30:00", "subject": "0", "recorded-or-robo": "Y", "city": "west hartford", "state": "CT", "area-code": "860"}, {"id": "03e293b3df9e35eadf15c561192f2f89", "number": "2164785415", "date": "2021-01-23 15:30:00", "subject": "0", "recorded-or-robo": "Y", "city": "west hartford", "state": "CT", "area-code": "860"}, {"id": "3decc6bfadaa436a105714c6ba98c972", "number": "4697976470", "date": "2021-01-22 13:23:00", "subject": "3", "recorded-or-robo": "Y", "city": "", "state": "CO", "area-code": "719"}, {"id": "03e293b3df9e35eadf15c561192f1dbe", "number": "4697976470", "date": "2021-01-22 13:23:00", "subject": "3", "recorded-or-robo": "Y", "city": "", "state": "CO", "area-code": "719"}, {"id": "3decc6bfadaa436a105714c6ba98c520", "number": "3214733009", "date": "2021-01-22 09:30:00", "subject": "13", "recorded-or-robo": "N", "city": "Cleveland", "state": "MS", "area-code": "662"}, {"id": "03e293b3df9e35eadf15c561192f1d11", "number": "3214733009", "date": "2021-01-22 09:30:00", "subject": "13", "recorded-or-robo": "N", "city": "Cleveland", "state": "MS", "area-code": "662"}, {"id": "3decc6bfadaa436a105714c6ba98b957", "number": "4073108796", "date": "2021-01-23 13:18:00", "subject": "2", "recorded-or-robo": "Y", "city": "Altamonte Spg", "state": "FL", "area-code": "407"}, {"id": "03e293b3df9e35eadf15c561192f195e", "number": "4073108796", "date": "2021-01-23 13:18:00", "subject": "2", "recorded-or-robo": "Y", "city": "Altamonte Spg", "state": "FL", "area-code": "407"}, {"id": "3decc6bfadaa436a105714c6ba98b380", "number": "6307562485", "date": "2021-01-24 08:15:00", "subject": "2", "recorded-or-robo": "Y", "city": "Manhattan Beach", "state": "CA", "area-code": "310"}, {"id": "03e293b3df9e35eadf15c561192f13fe", "number": "6307562485", "date": "2021-01-24 08:15:00", "subject": "2", "recorded-or-robo": "Y", "city": "Manhattan Beach", "state": "CA", "area-code": "310"}, {"id": "3decc6bfadaa436a105714c6ba98a512", "number": "6624787622", "date": "2021-01-22 09:20:00", "subject": "13", "recorded-or-robo": "N", "city": "Cleveland", "state": "MS", "area-code": "662"}, {"id": "03e293b3df9e35eadf15c561192f0ca6", "number": "6624787622", "date": "2021-01-22 09:20:00", "subject": "13", "recorded-or-robo": "N", "city": "Cleveland", "state": "MS", "area-code": "662"}, {"id": "3decc6bfadaa436a105714c6ba989b50", "number": "4212608289", "date": "2021-01-23 11:38:00", "subject": "1", "recorded-or-robo": "Y", "city": "Tarentum", "state": "PA", "area-code": "724"}, {"id": "03e293b3df9e35eadf15c561192f0330", "number": "4212608289", "date": "2021-01-23 11:38:00", "subject": "1", "recorded-or-robo": "Y", "city": "Tarentum", "state": "PA", "area-code": "724"}, {"id": "3decc6bfadaa436a105714c6ba988bae", "number": "8556785255", "date": "2021-01-24 11:49:00", "subject": "11", "recorded-or-robo": "Y", "city": "Galena", "state": "OH", "area-code": "740"}, {"id": "03e293b3df9e35eadf15c561192efd1f", "number": "8556785255", "date": "2021-01-24 11:49:00", "subject": "11", "recorded-or-robo": "Y", "city": "Galena", "state": "OH", "area-code": "740"}, {"id": "3decc6bfadaa436a105714c6ba988631", "number": "7549993706", "date": "2021-01-06 16:45:00", "subject": "4", "recorded-or-robo": "Y", "city": "Bethlehem", "state": "PA", "area-code": "610"}, {"id": "03e293b3df9e35eadf15c561192ef5a0", "number": "7549993706", "date": "2021-01-06 16:45:00", "subject": "4", "recorded-or-robo": "Y", "city": "Bethlehem", "state": "PA", "area-code": "610"}, {"id": "3decc6bfadaa436a105714c6ba987710", "number": "85585674477", "date": "2021-01-23 08:00:00", "subject": "11", "recorded-or-robo": "", "city": "", "state": "WA", "area-code": "509"}, {"id": "03e293b3df9e35eadf15c561192eeab2", "number": "85585674477", "date": "2021-01-23 08:00:00", "subject": "11", "recorded-or-robo": "", "city": "", "state": "WA", "area-code": "509"}, {"id": "3decc6bfadaa436a105714c6ba984d04", "number": "4693440445", "date": "2021-01-21 16:01:00", "subject": "3", "recorded-or-robo": "N", "city": "", "state": "PA", "area-code": "570"}, {"id": "03e293b3df9e35eadf15c561192ec7e0", "number": "4693440445", "date": "2021-01-21 16:01:00", "subject": "3", "recorded-or-robo": "N", "city": "", "state": "PA", "area-code": "570"}, {"id": "3decc6bfadaa436a105714c6ba986b73", "number": "4092425424", "date": "2021-01-22 15:14:00", "subject": "8", "recorded-or-robo": "Y", "city": "Southlake", "state": "TX", "area-code": "817"}, {"id": "03e293b3df9e35eadf15c561192edd13", "number": "4092425424", "date": "2021-01-22 15:14:00", "subject": "8", "recorded-or-robo": "Y", "city": "Southlake", "state": "TX", "area-code": "817"}, {"id": "3decc6bfadaa436a105714c6ba986a93", "number": "8768465260", "date": "2021-01-21 10:10:00", "subject": "13", "recorded-or-robo": "N", "city": "Cleveland", "state": "MS", "area-code": "662"}, {"id": "03e293b3df9e35eadf15c561192edc2f", "number": "8768465260", "date": "2021-01-21 10:10:00", "subject": "13", "recorded-or-robo": "N", "city": "Cleveland", "state": "MS", "area-code": "662"}, {"id": "3decc6bfadaa436a105714c6ba985b65", "number": "", "date": "2021-01-24 11:40:00", "subject": "2", "recorded-or-robo": "Y", "city": "Blacklick", "state": "OH", "area-code": "509"}, {"id": "03e293b3df9e35eadf15c561192ecf7c", "number": "", "date": "2021-01-24 11:40:00", "subject": "2", "recorded-or-robo": "Y", "city": "Blacklick", "state": "OH", "area-code": "509"}, {"id": "3decc6bfadaa436a105714c6ba9857a1", "number": "3105471440", "date": "2021-01-23 16:22:00", "subject": "2", "recorded-or-robo": "Y", "city": "Manhattan Beach", "state": "CA", "area-code": "310"}, {"id": "03e293b3df9e35eadf15c561192ecf21", "number": "3105471440", "date": "2021-01-23 16:22:00", "subject": "2", "recorded-or-robo": "Y", "city": "Manhattan Beach", "state": "CA", "area-code": "310"}, {"id": "3decc6bfadaa436a105714c6ba983e00", "number": "8764200655", "date": "2021-01-21 08:15:00", "subject": "13", "recorded-or-robo": "N", "city": "Cleveland", "state": "MS", "area-code": "662"}, {"id": "03e293b3df9e35eadf15c561192ebd6b", "number": "8764200655", "date": "2021-01-21 08:15:00", "subject": "13", "recorded-or-robo": "N", "city": "Cleveland", "state": "MS", "area-code": "662"}, {"id": "3decc6bfadaa436a105714c6ba9837f7", "number": "6105974098", "date": "2021-01-06 11:04:00", "subject": "4", "recorded-or-robo": "Y", "city": "Bethlehem", "state": "PA", "area-code": "610"}, {"id": "03e293b3df9e35eadf15c561192eb421", "number": "6105974098", "date": "2021-01-06 11:04:00", "subject": "4", "recorded-or-robo": "Y", "city": "Bethlehem", "state": "PA", "area-code": "610"}, {"id": "3decc6bfadaa436a105714c6ba9829a9", "number": "7244576256", "date": "2021-01-23 12:01:00", "subject": "5", "recorded-or-robo": "Y", "city": "Tarentum", "state": "PA", "area-code": "724"}, {"id": "03e293b3df9e35eadf15c561192eb14d", "number": "7244576256", "date": "2021-01-23 12:01:00", "subject": "5", "recorded-or-robo": "Y", "city": "Tarentum", "state": "PA", "area-code": "724"}, {"id": "3decc6bfadaa436a105714c6ba9821e7", "number": "3522498718", "date": "2021-01-24 09:50:00", "subject": "3", "recorded-or-robo": "Y", "city": "", "state": "CO", "area-code": "719"}, {"id": "03e293b3df9e35eadf15c561192ea719", "number": "3522498718", "date": "2021-01-24 09:50:00", "subject": "3", "recorded-or-robo": "Y", "city": "", "state": "CO", "area-code": "719"}, {"id": "3decc6bfadaa436a105714c6ba9818bc", "number": "5344000294", "date": "2021-01-23 13:53:00", "subject": "2", "recorded-or-robo": "Y", "city": "San Antonio", "state": "TX", "area-code": "210"}]}