{"data": [{"id": "03e293b3df9e35eadf15c56119452263", "number": "3145745034", "date": "2021-01-24 00:00:00", "subject": "2", "recorded-or-robo": "Y", "city": "Imperial", "state": "MO", "area-code": "314"}, {"id": "3decc6bfadaa436a105714c6baaeca94", "number": "727564499", "date": "2021-01-24 13:43:00", "subject": "1", "recorded-or-robo": "Y", "city": "St Petersburg", "state": "FL", "area-code": "727"}, {"id": "03e293b3df9e35eadf15c56119451ef5", "number": "727564499", "date": "2021-01-24 13:43:00", "subject": "1", "recorded-or-robo": "Y", "city": "St Petersburg", "state": "FL", "area-code": "727"}, {"id": "3decc6bfadaa436a105714c6baaec91b", "number": "8003837214", "date": "2021-01-24 12:20:00", "subject": "2", "recorded-or-robo": "", "city": "Wichita", "state": "KS", "area-code": "316"}, {"id": "03e293b3df9e35eadf15c561194510c0", "number": "8003837214", "date": "2021-01-24 12:20:00", "subject": "2", "recorded-or-robo": "", "city": "Wichita", "state": "KS", "area-code": "316"}, {"id": "3decc6bfadaa436a105714c6baaebac3", "number": "3852845689", "date": "2021-01-24 12:29:00", "subject": "1", "recorded-or-robo": "Y", "city": "", "state": "GA", "area-code": "912"}, {"id": "03e293b3df9e35eadf15c56119450dfb", "number": "3852845689", "date": "2021-01-24 12:29:00", "subject": "1", "recorded-or-robo": "Y", "city": "", "state": "GA", "area-code": "912"}, {"id": "3decc6bfadaa436a105714c6baaeaf43", "number": "9108359734", "date": "2021-01-23 18:53:00", "subject": "0", "recorded-or-robo": "Y", "city": "", "state": "SC", "area-code": "843"}, {"id": "03e293b3df9e35eadf15c561194505d3", "number": "9108359734", "date": "2021-01-23 18:53:00", "subject": "0", "recorded-or-robo": "Y", "city": "", "state": "SC", "area-code": "843"}, {"id": "3decc6bfadaa436a105714c6baaea7de", "number": "3148394329", "date": "2021-01-11 12:00:00", "subject": "1", "recorded-or-robo": "Y", "city": "", "state": "MO", "area-code": "314"}, {"id": "03e293b3df9e35eadf15c5611944feab", "number": "3148394329", "date": "2021-01-11 12:00:00", "subject": "1", "recorded-or-robo": "Y", "city": "", "state": "MO", "area-code": "314"}, {"id": "3decc6bfadaa436a105714c6baaea5d9", "number": "2078273746", "date": "2021-01-24 13:50:00", "subject": "1", "recorded-or-robo": "Y", "city": "Old Town", "state": "ME", "area-code": "207"}, {"id": "03e293b3df9e35eadf15c5611944f6a1", "number": "2078273746", "date": "2021-01-24 13:50:00", "subject": "1", "recorded-or-robo": "Y", "city": "Old Town", "state": "ME", "area-code": "207"}, {"id": "3decc6bfadaa436a105714c6baae962c", "number": "", "date": "2021-01-24 13:53:00", "subject": "2", "recorded-or-robo": "Y", "city": "Saint Petersburg", "state": "FL", "area-code": "727"}, {"id": "03e293b3df9e35eadf15c5611944ea53", "number": "", "date": "2021-01-24 13:53:00", "subject": "2", "recorded-or-robo": "Y", "city": "Saint Petersburg", "state": "FL", "area-code": "727"}, {"id": "3decc6bfadaa436a105714c6baae8d56", "number": "7182456727", "date": "2021-01-24 00:00:00", "subject": "2", "recorded-or-robo": "Y", "city": "Plymouth", "state": "MN", "area-code": "763"}, {"id": "03e293b3df9e35eadf15c5611944e356", "number": "7182456727", "date": "2021-01-24 00:00:00", "subject": "2", "recorded-or-robo": "Y", "city": "Plymouth", "state": "MN", "area-code": "763"}, {"id": "3decc6bfadaa436a105714c6baae7e71", "number": "7044865548", "date": "2021-01-19 16:19:00", "subject": "2", "recorded-or-robo": "Y", "city": "Shelby", "state": "NC", "area-code": "704"}, {"id": "03e293b3df9e35eadf15c5611944d789", "number": "7044865548", "date": "2021-01-19 16:19:00", "subject": "2", "recorded-or-robo": "Y", "city": "Shelby", "state": "NC", "area-code": "704"}, {"id": "3decc6bfadaa436a105714c6baae7400", "number": "7190662358", "date": "2021-01-15 08:01:00", "subject": "2", "recorded-or-robo": "", "city": "Long Beach", "state": "CA", "area-code": "562"}, {"id": "03e293b3df9e35eadf15c5611944d24d", "number": "7190662358", "date": "2021-01-15 08:01:00", "subject": "2", "recorded-or-robo": "", "city": "Long Beach", "state": "CA", "area-code": "562"}, {"id": "3decc6bfadaa436a105714c6baae6f87", "number": "9104270560", "date": "2021-01-23 18:52:00", "subject": "0", "recorded-or-robo": "Y", "city": "", "state": "SC", "area-code": "843"}, {"id": "03e293b3df9e35eadf15c5611944c400", "number": "9104270560", "date": "2021-01-23 18:52:00", "subject": "0", "recorded-or-robo": "Y", "city": "", "state": "SC", "area-code": "843"}, {"id": "3decc6bfadaa436a105714c6baae6236", "number": "4103210264", "date": "2021-01-19 17:52:00", "subject": "3", "recorded-or-robo": "Y", "city": "Shelby", "state": "NC", "area-code": "704"}, {"id": "03e293b3df9e35eadf15c5611944b667", "number": "4103210264", "date": "2021-01-19 17:52:00", "subject": "3", "recorded-or-robo": "Y", "city": "Shelby", "state": "NC", "area-code": "704"}, {"id": "3decc6bfadaa436a105714c6baae5bc7", "number": "9108432533", "date": "2021-01-22 17:52:00", "subject": "0", "recorded-or-robo": "Y", "city": "", "state": "SC", "area-code": "843"}, {"id": "03e293b3df9e35eadf15c5611944aca8", "number": "9108432533", "date": "2021-01-22 17:52:00", "subject": "0", "recorded-or-robo": "Y", "city": "", "state": "SC", "area-code": "843"}, {"id": "3decc6bfadaa436a105714c6baae58b3", "number": "9102484846", "date": "2021-01-20 10:06:00", "subject": "8", "recorded-or-robo": "Y", "city": "Shelby", "state": "NC", "area-code": "704"}, {"id": "03e293b3df9e35eadf15c5611944a852", "number": "9102484846", "date": "2021-01-20 10:06:00", "subject": "8", "recorded-or-robo": "Y", "city": "Shelby", "state": "NC", "area-code": "704"}, {"id": "3decc6bfadaa436a105714c6baae48e4", "number": "5862465055", "date": "2021-01-24 14:34:00", "subject": "3", "recorded-or-robo": "Y", "city": "", "state": "MI", "area-code": "586"}, {"id": "03e293b3df9e35eadf15c56119449fbe", "number": "5862465055", "date": "2021-01-24 14:34:00", "subject": "3", "recorded-or-robo": "Y", "city": "", "state": "MI", "area-code": "586"}, {"id": "3decc6bfadaa436a105714c6baae3fe3", "number": "7182448475", "date": "2021-01-24 13:21:00", "subject": "1", "recorded-or-robo": "Y", "city": "Plymouth", "state": "MN", "area-code": "763"}, {"id": "03e293b3df9e35eadf15c56119449647", "number": "7182448475", "date": "2021-01-24 13:21:00", "subject": "1", "recorded-or-robo": "Y", "city": "Plymouth", "state": "MN", "area-code": "763"}, {"id": "3decc6bfadaa436a105714c6baae3db1", "number": "9104270560", "date": "2021-01-22 17:50:00", "subject": "0", "recorded-or-robo": "Y", "city": "", "state": "SC", "area-code": "843"}, {"id": "03e293b3df9e35eadf15c5611944955d", "number": "9104270560", "date": "2021-01-22 17:50:00", "subject": "0", "recorded-or-robo": "Y", "city": "", "state": "SC", "area-code": "843"}, {"id": "3decc6bfadaa436a105714c6baae3db0", "number": "7044514871", "date": "2021-01-20 14:09:00", "subject": "2", "recorded-or-robo": "Y", "city": "Shelby", "state": "NC", "area-code": "704"}, {"id": "03e293b3df9e35eadf15c5611944923d", "number": "7044514871", "date": "2021-01-20 14:09:00", "subject": "2", "recorded-or-robo": "Y", "city": "Shelby", "state": "NC", "area-code": "704"}, {"id": "3decc6bfadaa436a105714c6baae3a8f", "number": "7042457063", "date": "2021-01-20 17:04:00", "subject": "2", "recorded-or-robo": "Y", "city": "Shelby", "state": "NC", "area-code": "704"}, {"id": "03e293b3df9e35eadf15c56119448f5c", "number": "7042457063", "date": "2021-01-20 17:04:00", "subject": "2", "recorded-or-robo": "Y", "city": "Shelby", "state": "NC", "area-code": "704"}, {"id": "3decc6bfadaa436a105714c6baae3912", "number": "8853066998", "date": "2021-01-24 14:00:00", "subject": "0", "recorded-or-robo": "N", "city": "cheektowaga", "state": "NY", "area-code": "716"}, {"id": "03e293b3df9e35eadf15c56119448b5c", "number": "8853066998", "date": "2021-01-24 14:00:00", "subject": "0", "recorded-or-robo": "N", "city": "cheektowaga", "state": "NY", "area-code": "716"}, {"id": "3decc6bfadaa436a105714c6baae2991", "number": "5418092710", "date": "2021-01-21 19:01:00", "subject": "0", "recorded-or-robo": "Y", "city": "ELKTON", "state": "MD", "area-code": "410"}, {"id": "03e293b3df9e35eadf15c5611944851a", "number": "5418092710", "date": "2021-01-21 19:01:00", "subject": "0", "recorded-or-robo": "Y", "city": "ELKTON", "state": "MD", "area-code": "410"}, {"id": "3decc6bfadaa436a105714c6baae27c5", "number": "6149289020", "date": "2021-01-19 14:17:00", "subject": "2", "recorded-or-robo": "Y", "city": "Reynoldsburg", "state": "OH", "area-code": "614"}, {"id": "03e293b3df9e35eadf15c56119447996", "number": "6149289020", "date": "2021-01-19 14:17:00", "subject": "2", "recorded-or-robo": "Y", "city": "Reynoldsburg", "state": "OH", "area-code": "614"}, {"id": "3decc6bfadaa436a105714c6baae17e3", "number": "9108359734", "date": "2021-01-21 18:20:00", "subject": "0", "recorded-or-robo": "Y", "city": "", "state": "SC", "area-code": "843"}, {"id": "03e293b3df9e35eadf15c56119446fa3", "number": "9108359734", "date": "2021-01-21 18:20:00", "subject": "0", "recorded-or-robo": "Y", "city": "", "state": "SC", "area-code": "843"}, {"id": "3decc6bfadaa436a105714c6baae0f26", "number": "9374103650", "date": "2021-01-23 18:30:00", "subject": "4", "recorded-or-robo": "N", "city": "Cincinnati", "state": "OH", "area-code": "513"}, {"id": "03e293b3df9e35eadf15c561194462a5", "number": "9374103650", "date": "2021-01-23 18:30:00", "subject": "4", "recorded-or-robo": "N", "city": "Cincinnati", "state": "OH", "area-code": "513"}, {"id": "3decc6bfadaa436a105714c6baadff97", "number": "3145678110", "date": "2021-01-24 13:34:00", "subject": "2", "recorded-or-robo": "Y", "city": "Frontenac", "state": "MO", "area-code": "314"}]}