{"data": [{"id": "3decc6bfadaa436a105714c6ba7d9d05", "number": "9563055715", "date": "2021-01-23 18:40:50", "subject": "3", "recorded-or-robo": "N", "city": "", "state": "TX", "area-code": "210"}, {"id": "03e293b3df9e35eadf15c561191450dd", "number": "+12678272525", "date": "2021-01-23 18:40:50", "subject": "3", "recorded-or-robo": "Y", "city": "", "state": "PA", "area-code": "267"}, {"id": "03e293b3df9e35eadf15c5611914473c", "number": "9563055715", "date": "2021-01-23 18:40:50", "subject": "3", "recorded-or-robo": "N", "city": "", "state": "TX", "area-code": "210"}, {"id": "3decc6bfadaa436a105714c6ba59086c", "number": "5712006784", "date": "2021-01-23 18:29:00", "subject": "1", "recorded-or-robo": "Y", "city": "Nellysford", "state": "VA", "area-code": "434"}, {"id": "1d36742e3f24f50e4e7ae82801ef3366", "number": "5712006784", "date": "2021-01-23 18:29:00", "subject": "1", "recorded-or-robo": "Y", "city": "Nellysford", "state": "VA", "area-code": "434"}, {"id": "3decc6bfadaa436a105714c6ba590202", "number": "3125577173", "date": "2021-01-23 18:18:00", "subject": "2", "recorded-or-robo": "Y", "city": "Barberton", "state": "OH", "area-code": "312"}, {"id": "1d36742e3f24f50e4e7ae82801ef25a7", "number": "3125577173", "date": "2021-01-23 18:18:00", "subject": "2", "recorded-or-robo": "Y", "city": "Barberton", "state": "OH", "area-code": "312"}, {"id": "3decc6bfadaa436a105714c6ba58fe05", "number": "7142516609", "date": "2021-01-21 18:34:00", "subject": "2", "recorded-or-robo": "Y", "city": "Huntington Beach", "state": "CA", "area-code": "714"}, {"id": "1d36742e3f24f50e4e7ae82801ef16bc", "number": "7142516609", "date": "2021-01-21 18:34:00", "subject": "2", "recorded-or-robo": "Y", "city": "Huntington Beach", "state": "CA", "area-code": "714"}, {"id": "3decc6bfadaa436a105714c6ba58ee1f", "number": "6154069102", "date": "2021-01-23 12:00:00", "subject": "11", "recorded-or-robo": "N", "city": "Pasco", "state": "WA", "area-code": "509"}, {"id": "1d36742e3f24f50e4e7ae82801ef10e4", "number": "6154069102", "date": "2021-01-23 12:00:00", "subject": "11", "recorded-or-robo": "N", "city": "Pasco", "state": "WA", "area-code": "509"}, {"id": "3decc6bfadaa436a105714c6ba58e81b", "number": "8776627447", "date": "2021-01-23 12:33:00", "subject": "2", "recorded-or-robo": "N", "city": "Silverton", "state": "OR", "area-code": "503"}, {"id": "1d36742e3f24f50e4e7ae82801ef05a5", "number": "8776627447", "date": "2021-01-23 12:33:00", "subject": "2", "recorded-or-robo": "N", "city": "Silverton", "state": "OR", "area-code": "503"}, {"id": "3decc6bfadaa436a105714c6ba58e18f", "number": "8132749182", "date": "2021-01-23 17:53:00", "subject": "6", "recorded-or-robo": "Y", "city": "Wesley Chapel", "state": "FL", "area-code": "813"}, {"id": "1d36742e3f24f50e4e7ae82801eefe1c", "number": "8132749182", "date": "2021-01-23 17:53:00", "subject": "6", "recorded-or-robo": "Y", "city": "Wesley Chapel", "state": "FL", "area-code": "813"}, {"id": "3decc6bfadaa436a105714c6ba58dbce", "number": "5205955150", "date": "2021-01-22 12:24:00", "subject": "2", "recorded-or-robo": "Y", "city": "Huntington Beach", "state": "CA", "area-code": "714"}, {"id": "1d36742e3f24f50e4e7ae82801eef1fa", "number": "5205955150", "date": "2021-01-22 12:24:00", "subject": "2", "recorded-or-robo": "Y", "city": "Huntington Beach", "state": "CA", "area-code": "714"}, {"id": "3decc6bfadaa436a105714c6ba58d05e", "number": "", "date": "2021-01-23 17:22:00", "subject": "2", "recorded-or-robo": "Y", "city": "Crockett", "state": "TX", "area-code": "936"}, {"id": "1d36742e3f24f50e4e7ae82801eeec25", "number": "", "date": "2021-01-23 17:22:00", "subject": "2", "recorded-or-robo": "Y", "city": "Crockett", "state": "TX", "area-code": "936"}, {"id": "3decc6bfadaa436a105714c6ba7daf23", "number": "+17572860152", "date": "2021-01-23 18:39:16", "subject": "3", "recorded-or-robo": "Y", "city": "", "state": "VA", "area-code": "757"}, {"id": "03e293b3df9e35eadf15c56119145bd6", "number": "+17572860152", "date": "2021-01-23 18:39:16", "subject": "3", "recorded-or-robo": "Y", "city": "", "state": "VA", "area-code": "757"}, {"id": "3decc6bfadaa436a105714c6ba58c9fd", "number": "", "date": "2021-01-23 12:00:00", "subject": "2", "recorded-or-robo": "N", "city": "", "state": "CA", "area-code": "916"}, {"id": "1d36742e3f24f50e4e7ae82801eee75f", "number": "", "date": "2021-01-23 12:00:00", "subject": "2", "recorded-or-robo": "N", "city": "", "state": "CA", "area-code": "916"}, {"id": "3decc6bfadaa436a105714c6ba58c512", "number": "7275863317", "date": "2021-01-23 18:32:00", "subject": "0", "recorded-or-robo": "Y", "city": "Ormond Beach", "state": "FL", "area-code": "727"}, {"id": "1d36742e3f24f50e4e7ae82801eee61a", "number": "7275863317", "date": "2021-01-23 18:32:00", "subject": "0", "recorded-or-robo": "Y", "city": "Ormond Beach", "state": "FL", "area-code": "727"}, {"id": "3decc6bfadaa436a105714c6ba58b8c9", "number": "5095482342", "date": "2021-01-20 07:03:00", "subject": "2", "recorded-or-robo": "Y", "city": "leavenworth", "state": "WA", "area-code": "509"}, {"id": "1d36742e3f24f50e4e7ae82801eedb98", "number": "5095482342", "date": "2021-01-20 07:03:00", "subject": "2", "recorded-or-robo": "Y", "city": "leavenworth", "state": "WA", "area-code": "509"}, {"id": "3decc6bfadaa436a105714c6ba58ae58", "number": "8657370293", "date": "2021-01-23 14:40:00", "subject": "4", "recorded-or-robo": "Y", "city": "", "state": "TN", "area-code": "865"}, {"id": "1d36742e3f24f50e4e7ae82801eed77f", "number": "8657370293", "date": "2021-01-23 14:40:00", "subject": "4", "recorded-or-robo": "Y", "city": "", "state": "TN", "area-code": "865"}, {"id": "3decc6bfadaa436a105714c6ba589f94", "number": "3192778639", "date": "2021-01-23 17:17:00", "subject": "1", "recorded-or-robo": "Y", "city": "", "state": "IA", "area-code": "319"}, {"id": "1d36742e3f24f50e4e7ae82801eecc7f", "number": "3192778639", "date": "2021-01-23 17:17:00", "subject": "1", "recorded-or-robo": "Y", "city": "", "state": "IA", "area-code": "319"}, {"id": "3decc6bfadaa436a105714c6ba589d0c", "number": "8474269203", "date": "2021-01-23 12:00:00", "subject": "1", "recorded-or-robo": "Y", "city": "Marengo", "state": "IL", "area-code": "815"}, {"id": "1d36742e3f24f50e4e7ae82801eec7be", "number": "8474269203", "date": "2021-01-23 12:00:00", "subject": "1", "recorded-or-robo": "Y", "city": "Marengo", "state": "IL", "area-code": "815"}, {"id": "3decc6bfadaa436a105714c6ba588f68", "number": "2675083056", "date": "2021-01-23 13:40:00", "subject": "0", "recorded-or-robo": "Y", "city": "", "state": "PA", "area-code": "215"}, {"id": "1d36742e3f24f50e4e7ae82801eec675", "number": "2675083056", "date": "2021-01-23 13:40:00", "subject": "0", "recorded-or-robo": "Y", "city": "", "state": "PA", "area-code": "215"}, {"id": "3decc6bfadaa436a105714c6ba588476", "number": "8134571098", "date": "2021-01-23 15:59:00", "subject": "6", "recorded-or-robo": "Y", "city": "Wesley Chapel", "state": "FL", "area-code": "813"}, {"id": "1d36742e3f24f50e4e7ae82801eec655", "number": "8134571098", "date": "2021-01-23 15:59:00", "subject": "6", "recorded-or-robo": "Y", "city": "Wesley Chapel", "state": "FL", "area-code": "813"}, {"id": "3decc6bfadaa436a105714c6ba5874a1", "number": "7708649326", "date": "2021-01-23 18:20:00", "subject": "0", "recorded-or-robo": "Y", "city": "Atlanta", "state": "GA", "area-code": "770"}, {"id": "1d36742e3f24f50e4e7ae82801eec265", "number": "7708649326", "date": "2021-01-23 18:20:00", "subject": "0", "recorded-or-robo": "Y", "city": "Atlanta", "state": "GA", "area-code": "770"}, {"id": "3decc6bfadaa436a105714c6ba4b1ee7", "number": "4343612931", "date": "2021-01-22 04:00:00", "subject": "1", "recorded-or-robo": "Y", "city": "Nellysford", "state": "VA", "area-code": "434"}, {"id": "1d36742e3f24f50e4e7ae82801e14a9f", "number": "4343612931", "date": "2021-01-22 04:00:00", "subject": "1", "recorded-or-robo": "Y", "city": "Nellysford", "state": "VA", "area-code": "434"}, {"id": "3decc6bfadaa436a105714c6ba4b1e81", "number": "5303033199", "date": "2021-01-22 15:14:00", "subject": "2", "recorded-or-robo": "", "city": "Seaside", "state": "CA", "area-code": "831"}, {"id": "1d36742e3f24f50e4e7ae82801e144fd", "number": "5303033199", "date": "2021-01-22 15:14:00", "subject": "2", "recorded-or-robo": "", "city": "Seaside", "state": "CA", "area-code": "831"}, {"id": "3decc6bfadaa436a105714c6ba4af704", "number": "2566497362", "date": "2021-01-21 00:00:00", "subject": "3", "recorded-or-robo": "N", "city": "", "state": "OR", "area-code": "541"}, {"id": "1d36742e3f24f50e4e7ae82801e1111a", "number": "2566497362", "date": "2021-01-21 00:00:00", "subject": "3", "recorded-or-robo": "N", "city": "", "state": "OR", "area-code": "541"}, {"id": "3decc6bfadaa436a105714c6ba4b1c21", "number": "8033219744", "date": "2021-01-23 15:22:00", "subject": "11", "recorded-or-robo": "Y", "city": "Placerville", "state": "CA", "area-code": "530"}, {"id": "1d36742e3f24f50e4e7ae82801e1351a", "number": "8033219744", "date": "2021-01-23 15:22:00", "subject": "11", "recorded-or-robo": "Y", "city": "Placerville", "state": "CA", "area-code": "530"}, {"id": "3decc6bfadaa436a105714c6ba4b0ee1", "number": "819589995", "date": "2021-01-22 13:59:00", "subject": "2", "recorded-or-robo": "", "city": "Seaside", "state": "CA", "area-code": "831"}, {"id": "1d36742e3f24f50e4e7ae82801e130f8", "number": "819589995", "date": "2021-01-22 13:59:00", "subject": "2", "recorded-or-robo": "", "city": "Seaside", "state": "CA", "area-code": "831"}, {"id": "3decc6bfadaa436a105714c6ba4b0623", "number": "2109816230", "date": "2021-01-23 14:38:00", "subject": "0", "recorded-or-robo": "N", "city": "", "state": "TX", "area-code": "210"}]}