{"data": [{"id": "1d36742e3f24f50e4e7ae82801f40889", "number": "", "date": "2021-01-23 15:56:00", "subject": "2", "recorded-or-robo": "Y", "city": "Fruita", "state": "CO", "area-code": "623"}, {"id": "3decc6bfadaa436a105714c6ba7f7919", "number": "5704837055", "date": "2021-01-23 19:15:11", "subject": "3", "recorded-or-robo": "Y", "city": "", "state": "FL", "area-code": "754"}, {"id": "03e293b3df9e35eadf15c5611915f56b", "number": "5704837055", "date": "2021-01-23 19:15:11", "subject": "3", "recorded-or-robo": "Y", "city": "", "state": "FL", "area-code": "754"}, {"id": "3decc6bfadaa436a105714c6ba7f98d4", "number": "2542132170", "date": "2021-01-23 19:15:01", "subject": "3", "recorded-or-robo": "Y", "city": "", "state": "TX", "area-code": "214"}, {"id": "03e293b3df9e35eadf15c561191605a0", "number": "2542132170", "date": "2021-01-23 19:15:01", "subject": "3", "recorded-or-robo": "Y", "city": "", "state": "TX", "area-code": "214"}, {"id": "3decc6bfadaa436a105714c6ba7f88fc", "number": "9794044758", "date": "2021-01-23 19:14:53", "subject": "3", "recorded-or-robo": "Y", "city": "", "state": "TX", "area-code": "214"}, {"id": "03e293b3df9e35eadf15c56119160572", "number": "9794044758", "date": "2021-01-23 19:14:53", "subject": "3", "recorded-or-robo": "Y", "city": "", "state": "TX", "area-code": "214"}, {"id": "3decc6bfadaa436a105714c6ba7f6aa3", "number": "2143701806", "date": "2021-01-23 19:14:44", "subject": "3", "recorded-or-robo": "Y", "city": "", "state": "TX", "area-code": "214"}, {"id": "03e293b3df9e35eadf15c5611915dd3f", "number": "2143701806", "date": "2021-01-23 19:14:44", "subject": "3", "recorded-or-robo": "Y", "city": "", "state": "TX", "area-code": "214"}, {"id": "3decc6bfadaa436a105714c6ba5e3433", "number": "4106704477", "date": "2021-01-15 13:11:00", "subject": "0", "recorded-or-robo": "", "city": "", "state": "MD", "area-code": "410"}, {"id": "1d36742e3f24f50e4e7ae82801f3ff80", "number": "4106704477", "date": "2021-01-15 13:11:00", "subject": "0", "recorded-or-robo": "", "city": "", "state": "MD", "area-code": "410"}, {"id": "3decc6bfadaa436a105714c6ba5e3073", "number": "3617063100", "date": "2021-01-22 10:23:00", "subject": "0", "recorded-or-robo": "Y", "city": "Inver Grove Heights", "state": "MN", "area-code": "651"}, {"id": "1d36742e3f24f50e4e7ae82801f3fd6e", "number": "3617063100", "date": "2021-01-22 10:23:00", "subject": "0", "recorded-or-robo": "Y", "city": "Inver Grove Heights", "state": "MN", "area-code": "651"}, {"id": "3decc6bfadaa436a105714c6ba7f6d78", "number": "5125392074", "date": "2021-01-23 19:14:20", "subject": "3", "recorded-or-robo": "Y", "city": "", "state": "TX", "area-code": "214"}, {"id": "03e293b3df9e35eadf15c5611915ea6d", "number": "5125392074", "date": "2021-01-23 19:14:20", "subject": "3", "recorded-or-robo": "Y", "city": "", "state": "TX", "area-code": "214"}, {"id": "3decc6bfadaa436a105714c6ba7f72ca", "number": "3852436776", "date": "2021-01-23 19:14:08", "subject": "3", "recorded-or-robo": "Y", "city": "", "state": "UT", "area-code": "385"}, {"id": "03e293b3df9e35eadf15c5611915ee8a", "number": "3852436776", "date": "2021-01-23 19:14:08", "subject": "3", "recorded-or-robo": "Y", "city": "", "state": "UT", "area-code": "385"}, {"id": "3decc6bfadaa436a105714c6ba5e2697", "number": "5038611075", "date": "2021-01-21 09:30:00", "subject": "2", "recorded-or-robo": "Y", "city": "Beaverton", "state": "OR", "area-code": "503"}, {"id": "1d36742e3f24f50e4e7ae82801f3f536", "number": "5038611075", "date": "2021-01-21 09:30:00", "subject": "2", "recorded-or-robo": "Y", "city": "Beaverton", "state": "OR", "area-code": "503"}, {"id": "3decc6bfadaa436a105714c6ba5e1c9a", "number": "8086679228", "date": "2021-01-23 00:00:00", "subject": "2", "recorded-or-robo": "Y", "city": "SMYRNA", "state": "DE", "area-code": "313"}, {"id": "1d36742e3f24f50e4e7ae82801f3e786", "number": "8086679228", "date": "2021-01-23 00:00:00", "subject": "2", "recorded-or-robo": "Y", "city": "SMYRNA", "state": "DE", "area-code": "313"}, {"id": "3decc6bfadaa436a105714c6ba5e1c07", "number": "5076931326", "date": "2021-01-22 09:04:00", "subject": "0", "recorded-or-robo": "Y", "city": "Inver Grove Heights", "state": "MN", "area-code": "651"}, {"id": "3decc6bfadaa436a105714c6ba5e1663", "number": "4102177252", "date": "2021-01-15 13:12:00", "subject": "0", "recorded-or-robo": "", "city": "", "state": "MD", "area-code": "410"}, {"id": "1d36742e3f24f50e4e7ae82801f3e5fb", "number": "5076931326", "date": "2021-01-22 09:04:00", "subject": "0", "recorded-or-robo": "Y", "city": "Inver Grove Heights", "state": "MN", "area-code": "651"}, {"id": "1d36742e3f24f50e4e7ae82801f3dc19", "number": "4102177252", "date": "2021-01-15 13:12:00", "subject": "0", "recorded-or-robo": "", "city": "", "state": "MD", "area-code": "410"}, {"id": "3decc6bfadaa436a105714c6ba5e0d3e", "number": "2393998940", "date": "2021-01-23 14:43:00", "subject": "4", "recorded-or-robo": "Y", "city": "Ft Myers Beach", "state": "FL", "area-code": "239"}, {"id": "1d36742e3f24f50e4e7ae82801f3dbaa", "number": "2393998940", "date": "2021-01-23 14:43:00", "subject": "4", "recorded-or-robo": "Y", "city": "Ft Myers Beach", "state": "FL", "area-code": "239"}, {"id": "3decc6bfadaa436a105714c6ba5dffbb", "number": "2410222542", "date": "2021-01-23 17:58:00", "subject": "2", "recorded-or-robo": "Y", "city": "Valliant", "state": "OK", "area-code": "580"}, {"id": "1d36742e3f24f50e4e7ae82801f3d1f8", "number": "2410222542", "date": "2021-01-23 17:58:00", "subject": "2", "recorded-or-robo": "Y", "city": "Valliant", "state": "OK", "area-code": "580"}, {"id": "3decc6bfadaa436a105714c6ba5df8cb", "number": "5037558811", "date": "2021-01-21 10:30:00", "subject": "2", "recorded-or-robo": "Y", "city": "Beaverton", "state": "OR", "area-code": "503"}, {"id": "3decc6bfadaa436a105714c6ba5df5b6", "number": "", "date": "2021-01-22 10:00:00", "subject": "2", "recorded-or-robo": "Y", "city": "Riverton", "state": "IA", "area-code": "712"}, {"id": "1d36742e3f24f50e4e7ae82801f3cdcc", "number": "5037558811", "date": "2021-01-21 10:30:00", "subject": "2", "recorded-or-robo": "Y", "city": "Beaverton", "state": "OR", "area-code": "503"}, {"id": "1d36742e3f24f50e4e7ae82801f3c36e", "number": "", "date": "2021-01-22 10:00:00", "subject": "2", "recorded-or-robo": "Y", "city": "Riverton", "state": "IA", "area-code": "712"}, {"id": "3decc6bfadaa436a105714c6ba5de674", "number": "9014558838", "date": "2021-01-22 08:18:00", "subject": "11", "recorded-or-robo": "Y", "city": "Inver Grove Heights", "state": "MN", "area-code": "651"}, {"id": "3decc6bfadaa436a105714c6ba5de410", "number": "4109736276", "date": "2021-01-14 16:11:00", "subject": "0", "recorded-or-robo": "", "city": "", "state": "MD", "area-code": "410"}, {"id": "1d36742e3f24f50e4e7ae82801f3bc09", "number": "9014558838", "date": "2021-01-22 08:18:00", "subject": "11", "recorded-or-robo": "Y", "city": "Inver Grove Heights", "state": "MN", "area-code": "651"}, {"id": "1d36742e3f24f50e4e7ae82801f3acb6", "number": "4109736276", "date": "2021-01-14 16:11:00", "subject": "0", "recorded-or-robo": "", "city": "", "state": "MD", "area-code": "410"}, {"id": "3decc6bfadaa436a105714c6ba7f7aba", "number": "+18145931002", "date": "2021-01-23 19:11:57", "subject": "3", "recorded-or-robo": "Y", "city": "", "state": "NY", "area-code": "917"}, {"id": "03e293b3df9e35eadf15c5611915f7c4", "number": "+18145931002", "date": "2021-01-23 19:11:57", "subject": "3", "recorded-or-robo": "Y", "city": "", "state": "NY", "area-code": "917"}, {"id": "3decc6bfadaa436a105714c6ba5de275", "number": "941777497", "date": "2021-01-21 15:08:00", "subject": "2", "recorded-or-robo": "N", "city": "tampa", "state": "FL", "area-code": "813"}, {"id": "1d36742e3f24f50e4e7ae82801f39d6c", "number": "941777497", "date": "2021-01-21 15:08:00", "subject": "2", "recorded-or-robo": "N", "city": "tampa", "state": "FL", "area-code": "813"}, {"id": "3decc6bfadaa436a105714c6ba5dd7b4", "number": "8006927753", "date": "2021-01-23 04:07:00", "subject": "2", "recorded-or-robo": "N", "city": "Burien", "state": "WA", "area-code": "800"}, {"id": "1d36742e3f24f50e4e7ae82801f396de", "number": "8006927753", "date": "2021-01-23 04:07:00", "subject": "2", "recorded-or-robo": "N", "city": "Burien", "state": "WA", "area-code": "800"}, {"id": "3decc6bfadaa436a105714c6ba5dce1c", "number": "3107935944", "date": "2021-01-23 16:08:00", "subject": "7", "recorded-or-robo": "Y", "city": "Los Angeles", "state": "CA", "area-code": "310"}, {"id": "1d36742e3f24f50e4e7ae82801f38afd", "number": "3107935944", "date": "2021-01-23 16:08:00", "subject": "7", "recorded-or-robo": "Y", "city": "Los Angeles", "state": "CA", "area-code": "310"}, {"id": "3decc6bfadaa436a105714c6ba5dc2ed", "number": "6025815315", "date": "2021-01-21 15:20:00", "subject": "4", "recorded-or-robo": "Y", "city": "", "state": "AZ", "area-code": "602"}, {"id": "1d36742e3f24f50e4e7ae82801f37dde", "number": "6025815315", "date": "2021-01-21 15:20:00", "subject": "4", "recorded-or-robo": "Y", "city": "", "state": "AZ", "area-code": "602"}, {"id": "3decc6bfadaa436a105714c6ba5dc286", "number": "3012452551", "date": "2021-01-14 18:27:00", "subject": "0", "recorded-or-robo": "", "city": "", "state": "MD", "area-code": "410"}, {"id": "1d36742e3f24f50e4e7ae82801f37735", "number": "3012452551", "date": "2021-01-14 18:27:00", "subject": "0", "recorded-or-robo": "", "city": "", "state": "MD", "area-code": "410"}, {"id": "3decc6bfadaa436a105714c6ba5db3c6", "number": "", "date": "2021-01-23 03:04:00", "subject": "2", "recorded-or-robo": "Y", "city": "Beaumont", "state": "TX", "area-code": "409"}]}