{"data": [{"id": "03e293b3df9e35eadf15c5611969ef4d", "number": "5092649025", "date": "2021-01-24 15:55:00", "subject": "2", "recorded-or-robo": "Y", "city": "Wenatchee", "state": "WA", "area-code": "509"}, {"id": "3decc6bfadaa436a105714c6bad3ea4c", "number": "5092338454", "date": "2021-01-24 16:43:00", "subject": "2", "recorded-or-robo": "Y", "city": "", "state": "WA", "area-code": "509"}, {"id": "03e293b3df9e35eadf15c5611969eea1", "number": "5092338454", "date": "2021-01-24 16:43:00", "subject": "2", "recorded-or-robo": "Y", "city": "", "state": "WA", "area-code": "509"}, {"id": "3decc6bfadaa436a105714c6bad3e144", "number": "7273136150", "date": "2021-01-16 19:14:00", "subject": "0", "recorded-or-robo": "N", "city": "Trinity", "state": "FL", "area-code": "727"}, {"id": "03e293b3df9e35eadf15c5611969ec18", "number": "7273136150", "date": "2021-01-16 19:14:00", "subject": "0", "recorded-or-robo": "N", "city": "Trinity", "state": "FL", "area-code": "727"}, {"id": "3decc6bfadaa436a105714c6bad3df4b", "number": "", "date": "2021-01-24 23:35:00", "subject": "11", "recorded-or-robo": "Y", "city": "Alpharetta", "state": "GA", "area-code": "309"}, {"id": "03e293b3df9e35eadf15c5611969ea9f", "number": "", "date": "2021-01-24 23:35:00", "subject": "11", "recorded-or-robo": "Y", "city": "Alpharetta", "state": "GA", "area-code": "309"}, {"id": "3decc6bfadaa436a105714c6bad3d91a", "number": "7193344957", "date": "2021-01-18 08:36:00", "subject": "3", "recorded-or-robo": "", "city": "", "state": "CO", "area-code": "719"}, {"id": "03e293b3df9e35eadf15c5611969e04e", "number": "7193344957", "date": "2021-01-18 08:36:00", "subject": "3", "recorded-or-robo": "", "city": "", "state": "CO", "area-code": "719"}, {"id": "3decc6bfadaa436a105714c6bad3c959", "number": "5092338674", "date": "2021-01-24 16:50:00", "subject": "3", "recorded-or-robo": "Y", "city": "", "state": "WA", "area-code": "509"}, {"id": "3decc6bfadaa436a105714c6bad3bc40", "number": "8058550403", "date": "2021-01-22 13:30:00", "subject": "4", "recorded-or-robo": "Y", "city": "santa Barbara", "state": "CA", "area-code": "805"}, {"id": "03e293b3df9e35eadf15c5611969d632", "number": "5092338674", "date": "2021-01-24 16:50:00", "subject": "3", "recorded-or-robo": "Y", "city": "", "state": "WA", "area-code": "509"}, {"id": "03e293b3df9e35eadf15c5611969d16c", "number": "8058550403", "date": "2021-01-22 13:30:00", "subject": "4", "recorded-or-robo": "Y", "city": "santa Barbara", "state": "CA", "area-code": "805"}, {"id": "3decc6bfadaa436a105714c6bad3aff9", "number": "7193241864", "date": "2021-01-18 11:39:00", "subject": "3", "recorded-or-robo": "", "city": "", "state": "CO", "area-code": "719"}, {"id": "03e293b3df9e35eadf15c5611969c190", "number": "7193241864", "date": "2021-01-18 11:39:00", "subject": "3", "recorded-or-robo": "", "city": "", "state": "CO", "area-code": "719"}, {"id": "3decc6bfadaa436a105714c6bad3ad0b", "number": "5092332478", "date": "2021-01-24 16:57:00", "subject": "2", "recorded-or-robo": "Y", "city": "", "state": "WA", "area-code": "509"}, {"id": "03e293b3df9e35eadf15c5611969bd7b", "number": "5092332478", "date": "2021-01-24 16:57:00", "subject": "2", "recorded-or-robo": "Y", "city": "", "state": "WA", "area-code": "509"}, {"id": "3decc6bfadaa436a105714c6bad3a9d7", "number": "5095573073", "date": "2021-01-24 08:54:00", "subject": "11", "recorded-or-robo": "N", "city": "St. John", "state": "WA", "area-code": "509"}, {"id": "03e293b3df9e35eadf15c5611969af5f", "number": "5095573073", "date": "2021-01-24 08:54:00", "subject": "11", "recorded-or-robo": "N", "city": "St. John", "state": "WA", "area-code": "509"}, {"id": "3decc6bfadaa436a105714c6bad3a59b", "number": "7205943524", "date": "2021-01-18 14:04:00", "subject": "3", "recorded-or-robo": "", "city": "", "state": "CO", "area-code": "719"}, {"id": "03e293b3df9e35eadf15c5611969a3cb", "number": "7205943524", "date": "2021-01-18 14:04:00", "subject": "3", "recorded-or-robo": "", "city": "", "state": "CO", "area-code": "719"}, {"id": "3decc6bfadaa436a105714c6bad395d5", "number": "7202594520", "date": "2021-01-18 17:01:00", "subject": "3", "recorded-or-robo": "", "city": "", "state": "CO", "area-code": "719"}, {"id": "03e293b3df9e35eadf15c56119699594", "number": "7202594520", "date": "2021-01-18 17:01:00", "subject": "3", "recorded-or-robo": "", "city": "", "state": "CO", "area-code": "719"}, {"id": "3decc6bfadaa436a105714c6bad388e1", "number": "5092339017", "date": "2021-01-24 17:24:00", "subject": "2", "recorded-or-robo": "Y", "city": "", "state": "WA", "area-code": "509"}, {"id": "03e293b3df9e35eadf15c56119699381", "number": "5092339017", "date": "2021-01-24 17:24:00", "subject": "2", "recorded-or-robo": "Y", "city": "", "state": "WA", "area-code": "509"}, {"id": "3decc6bfadaa436a105714c6bad381ae", "number": "", "date": "2021-01-24 17:34:00", "subject": "3", "recorded-or-robo": "N", "city": "", "state": "CA", "area-code": "650"}, {"id": "03e293b3df9e35eadf15c56119698ced", "number": "", "date": "2021-01-24 17:34:00", "subject": "3", "recorded-or-robo": "N", "city": "", "state": "CA", "area-code": "650"}, {"id": "3decc6bfadaa436a105714c6bad3581c", "number": "6159469776", "date": "2021-01-24 00:00:00", "subject": "3", "recorded-or-robo": "", "city": "", "state": "CA", "area-code": "916"}, {"id": "03e293b3df9e35eadf15c561196974ab", "number": "6159469776", "date": "2021-01-24 00:00:00", "subject": "3", "recorded-or-robo": "", "city": "", "state": "CA", "area-code": "916"}, {"id": "3decc6bfadaa436a105714c6bad37a4f", "number": "7193159729", "date": "2021-01-18 17:02:00", "subject": "3", "recorded-or-robo": "", "city": "", "state": "CO", "area-code": "719"}, {"id": "03e293b3df9e35eadf15c56119698a7d", "number": "7193159729", "date": "2021-01-18 17:02:00", "subject": "3", "recorded-or-robo": "", "city": "", "state": "CO", "area-code": "719"}, {"id": "3decc6bfadaa436a105714c6bad37465", "number": "", "date": "2021-01-24 10:00:00", "subject": "3", "recorded-or-robo": "Y", "city": "Wildwood", "state": "MO", "area-code": "314"}, {"id": "03e293b3df9e35eadf15c56119698a77", "number": "", "date": "2021-01-24 10:00:00", "subject": "3", "recorded-or-robo": "Y", "city": "Wildwood", "state": "MO", "area-code": "314"}, {"id": "3decc6bfadaa436a105714c6bad366af", "number": "7193565609", "date": "2021-01-19 10:00:00", "subject": "1", "recorded-or-robo": "", "city": "", "state": "CO", "area-code": "719"}, {"id": "03e293b3df9e35eadf15c56119698946", "number": "7193565609", "date": "2021-01-19 10:00:00", "subject": "1", "recorded-or-robo": "", "city": "", "state": "CO", "area-code": "719"}, {"id": "3decc6bfadaa436a105714c6bad35d77", "number": "2162938899", "date": "2021-01-23 11:42:00", "subject": "3", "recorded-or-robo": "Y", "city": "", "state": "AZ", "area-code": "623"}, {"id": "03e293b3df9e35eadf15c5611969824b", "number": "2162938899", "date": "2021-01-23 11:42:00", "subject": "3", "recorded-or-robo": "Y", "city": "", "state": "AZ", "area-code": "623"}, {"id": "3decc6bfadaa436a105714c6bad34bfd", "number": "7193284698", "date": "2021-01-20 10:54:00", "subject": "3", "recorded-or-robo": "", "city": "", "state": "CO", "area-code": "719"}, {"id": "03e293b3df9e35eadf15c5611969702e", "number": "7193284698", "date": "2021-01-20 10:54:00", "subject": "3", "recorded-or-robo": "", "city": "", "state": "CO", "area-code": "719"}, {"id": "3decc6bfadaa436a105714c6bad34356", "number": "7193319467", "date": "2021-01-21 11:42:00", "subject": "3", "recorded-or-robo": "", "city": "", "state": "CO", "area-code": "719"}, {"id": "03e293b3df9e35eadf15c561196967b7", "number": "7193319467", "date": "2021-01-21 11:42:00", "subject": "3", "recorded-or-robo": "", "city": "", "state": "CO", "area-code": "719"}, {"id": "3decc6bfadaa436a105714c6bad3417c", "number": "3013688980", "date": "2021-01-23 15:26:00", "subject": "3", "recorded-or-robo": "Y", "city": "", "state": "AZ", "area-code": "623"}, {"id": "03e293b3df9e35eadf15c56119696129", "number": "3013688980", "date": "2021-01-23 15:26:00", "subject": "3", "recorded-or-robo": "Y", "city": "", "state": "AZ", "area-code": "623"}, {"id": "3decc6bfadaa436a105714c6bad33368", "number": "9704231601", "date": "2021-01-21 12:16:00", "subject": "3", "recorded-or-robo": "", "city": "", "state": "CO", "area-code": "719"}, {"id": "03e293b3df9e35eadf15c56119695185", "number": "9704231601", "date": "2021-01-21 12:16:00", "subject": "3", "recorded-or-robo": "", "city": "", "state": "CO", "area-code": "719"}, {"id": "3decc6bfadaa436a105714c6bad32b15", "number": "6468672624", "date": "2021-01-24 15:00:00", "subject": "2", "recorded-or-robo": "", "city": "", "state": "NY", "area-code": "917"}, {"id": "03e293b3df9e35eadf15c56119694cb4", "number": "6468672624", "date": "2021-01-24 15:00:00", "subject": "2", "recorded-or-robo": "", "city": "", "state": "NY", "area-code": "917"}, {"id": "3decc6bfadaa436a105714c6bad31e98", "number": "7195423105", "date": "2021-01-21 13:23:00", "subject": "3", "recorded-or-robo": "", "city": "", "state": "CO", "area-code": "719"}, {"id": "03e293b3df9e35eadf15c5611969486f", "number": "7195423105", "date": "2021-01-21 13:23:00", "subject": "3", "recorded-or-robo": "", "city": "", "state": "CO", "area-code": "719"}, {"id": "3decc6bfadaa436a105714c6bad31e11", "number": "8058550403", "date": "2021-01-21 13:16:00", "subject": "4", "recorded-or-robo": "Y", "city": "santa Barbara", "state": "CA", "area-code": "805"}]}