{"data": [{"id": "03e293b3df9e35eadf15c5611938ec8b", "number": "9203194443", "date": "2021-01-21 13:30:00", "subject": "4", "recorded-or-robo": "N", "city": "BLANCHARDVILLE", "state": "WI", "area-code": "262"}, {"id": "3decc6bfadaa436a105714c6baa32229", "number": "6692813456", "date": "2021-01-24 13:00:00", "subject": "1", "recorded-or-robo": "Y", "city": "Gibsonton", "state": "FL", "area-code": "813"}, {"id": "03e293b3df9e35eadf15c5611938eb77", "number": "6692813456", "date": "2021-01-24 13:00:00", "subject": "1", "recorded-or-robo": "Y", "city": "Gibsonton", "state": "FL", "area-code": "813"}, {"id": "3decc6bfadaa436a105714c6baa31678", "number": "8136558543*", "date": "2021-01-24 12:38:00", "subject": "2", "recorded-or-robo": "Y", "city": "Brandon", "state": "FL", "area-code": "813"}, {"id": "03e293b3df9e35eadf15c5611938e055", "number": "8136558543*", "date": "2021-01-24 12:38:00", "subject": "2", "recorded-or-robo": "Y", "city": "Brandon", "state": "FL", "area-code": "813"}, {"id": "3decc6bfadaa436a105714c6baa311c5", "number": "3152328257", "date": "2021-01-22 12:00:00", "subject": "1", "recorded-or-robo": "Y", "city": "New Carlisle", "state": "IN", "area-code": "574"}, {"id": "03e293b3df9e35eadf15c5611938db43", "number": "3152328257", "date": "2021-01-22 12:00:00", "subject": "1", "recorded-or-robo": "Y", "city": "New Carlisle", "state": "IN", "area-code": "574"}, {"id": "3decc6bfadaa436a105714c6baa3059a", "number": "7409646236", "date": "2021-01-24 00:00:00", "subject": "2", "recorded-or-robo": "Y", "city": "Pickerington", "state": "OH", "area-code": "740"}, {"id": "03e293b3df9e35eadf15c5611938cdc3", "number": "7409646236", "date": "2021-01-24 00:00:00", "subject": "2", "recorded-or-robo": "Y", "city": "Pickerington", "state": "OH", "area-code": "740"}, {"id": "3decc6bfadaa436a105714c6baa2fd2f", "number": "5154988669", "date": "2021-01-21 17:46:00", "subject": "0", "recorded-or-robo": "N", "city": "Des Moines", "state": "IA", "area-code": "515"}, {"id": "03e293b3df9e35eadf15c5611938c01b", "number": "5154988669", "date": "2021-01-21 17:46:00", "subject": "0", "recorded-or-robo": "N", "city": "Des Moines", "state": "IA", "area-code": "515"}, {"id": "3decc6bfadaa436a105714c6baa2f672", "number": "", "date": "2021-01-24 12:00:00", "subject": "1", "recorded-or-robo": "Y", "city": "Blue Springs", "state": "MO", "area-code": "660"}, {"id": "03e293b3df9e35eadf15c5611938b487", "number": "", "date": "2021-01-24 12:00:00", "subject": "1", "recorded-or-robo": "Y", "city": "Blue Springs", "state": "MO", "area-code": "660"}, {"id": "3decc6bfadaa436a105714c6baa2e8b8", "number": "5635387405", "date": "2021-01-22 09:17:00", "subject": "0", "recorded-or-robo": "N", "city": "Des Moines", "state": "IA", "area-code": "515"}, {"id": "03e293b3df9e35eadf15c5611938b263", "number": "5635387405", "date": "2021-01-22 09:17:00", "subject": "0", "recorded-or-robo": "N", "city": "Des Moines", "state": "IA", "area-code": "515"}, {"id": "3decc6bfadaa436a105714c6baa2e815", "number": "5154988655", "date": "2021-01-22 12:44:00", "subject": "0", "recorded-or-robo": "N", "city": "Des Moines", "state": "IA", "area-code": "515"}, {"id": "03e293b3df9e35eadf15c5611938adc5", "number": "5154988655", "date": "2021-01-22 12:44:00", "subject": "0", "recorded-or-robo": "N", "city": "Des Moines", "state": "IA", "area-code": "515"}, {"id": "3decc6bfadaa436a105714c6baa2d8b3", "number": "31458878492929", "date": "2021-01-24 23:59:00", "subject": "2", "recorded-or-robo": "Y", "city": "St Louis", "state": "MO", "area-code": "314"}, {"id": "03e293b3df9e35eadf15c5611938ab9c", "number": "31458878492929", "date": "2021-01-24 23:59:00", "subject": "2", "recorded-or-robo": "Y", "city": "St Louis", "state": "MO", "area-code": "314"}, {"id": "3decc6bfadaa436a105714c6baa2d2f6", "number": "8334910850", "date": "2021-01-22 00:00:00", "subject": "5", "recorded-or-robo": "N", "city": "", "state": "OR", "area-code": "541"}, {"id": "03e293b3df9e35eadf15c5611938a8c3", "number": "8334910850", "date": "2021-01-22 00:00:00", "subject": "5", "recorded-or-robo": "N", "city": "", "state": "OR", "area-code": "541"}, {"id": "3decc6bfadaa436a105714c6baa2c9a0", "number": "3158153237", "date": "2021-01-24 12:00:00", "subject": "1", "recorded-or-robo": "Y", "city": "", "state": "FL", "area-code": "813"}, {"id": "03e293b3df9e35eadf15c56119389e3d", "number": "3158153237", "date": "2021-01-24 12:00:00", "subject": "1", "recorded-or-robo": "Y", "city": "", "state": "FL", "area-code": "813"}, {"id": "3decc6bfadaa436a105714c6baa2c827", "number": "5716852447", "date": "2021-01-22 14:47:00", "subject": "0", "recorded-or-robo": "N", "city": "Des Moines", "state": "IA", "area-code": "515"}, {"id": "03e293b3df9e35eadf15c56119389a40", "number": "5716852447", "date": "2021-01-22 14:47:00", "subject": "0", "recorded-or-robo": "N", "city": "Des Moines", "state": "IA", "area-code": "515"}, {"id": "3decc6bfadaa436a105714c6baa2c1bb", "number": "5204414104", "date": "2021-01-21 00:00:00", "subject": "3", "recorded-or-robo": "Y", "city": "", "state": "AZ", "area-code": "520"}, {"id": "03e293b3df9e35eadf15c5611938909f", "number": "5204414104", "date": "2021-01-21 00:00:00", "subject": "3", "recorded-or-robo": "Y", "city": "", "state": "AZ", "area-code": "520"}, {"id": "3decc6bfadaa436a105714c6baa2bf49", "number": "5048268328", "date": "2021-01-20 00:00:00", "subject": "3", "recorded-or-robo": "Y", "city": "", "state": "AZ", "area-code": "520"}, {"id": "03e293b3df9e35eadf15c56119388743", "number": "5048268328", "date": "2021-01-20 00:00:00", "subject": "3", "recorded-or-robo": "Y", "city": "", "state": "AZ", "area-code": "520"}, {"id": "3decc6bfadaa436a105714c6baa2b87a", "number": "7652129550", "date": "2021-01-24 12:41:00", "subject": "13", "recorded-or-robo": "N", "city": "Yorktown", "state": "IN", "area-code": "765"}, {"id": "03e293b3df9e35eadf15c561193882db", "number": "7652129550", "date": "2021-01-24 12:41:00", "subject": "13", "recorded-or-robo": "N", "city": "Yorktown", "state": "IN", "area-code": "765"}, {"id": "3decc6bfadaa436a105714c6baa2b115", "number": "6099343443", "date": "2021-01-23 13:48:00", "subject": "11", "recorded-or-robo": "Y", "city": "East Windsor", "state": "NJ", "area-code": "609"}, {"id": "03e293b3df9e35eadf15c56119387bee", "number": "6099343443", "date": "2021-01-23 13:48:00", "subject": "11", "recorded-or-robo": "Y", "city": "East Windsor", "state": "NJ", "area-code": "609"}, {"id": "3decc6bfadaa436a105714c6baa2ab8d", "number": "5152854943", "date": "2021-01-22 15:34:00", "subject": "0", "recorded-or-robo": "N", "city": "Des Moines", "state": "IA", "area-code": "515"}, {"id": "3decc6bfadaa436a105714c6baa29e2d", "number": "8646408997", "date": "2021-01-14 00:00:00", "subject": "3", "recorded-or-robo": "Y", "city": "", "state": "AZ", "area-code": "520"}, {"id": "03e293b3df9e35eadf15c561193874aa", "number": "5152854943", "date": "2021-01-22 15:34:00", "subject": "0", "recorded-or-robo": "N", "city": "Des Moines", "state": "IA", "area-code": "515"}, {"id": "03e293b3df9e35eadf15c56119386775", "number": "8646408997", "date": "2021-01-14 00:00:00", "subject": "3", "recorded-or-robo": "Y", "city": "", "state": "AZ", "area-code": "520"}, {"id": "3decc6bfadaa436a105714c6baa29171", "number": "8888030812", "date": "2021-01-24 12:04:00", "subject": "2", "recorded-or-robo": "Y", "city": "Jermyn", "state": "PA", "area-code": "570"}, {"id": "03e293b3df9e35eadf15c5611938625e", "number": "8888030812", "date": "2021-01-24 12:04:00", "subject": "2", "recorded-or-robo": "Y", "city": "Jermyn", "state": "PA", "area-code": "570"}, {"id": "3decc6bfadaa436a105714c6baa28dd2", "number": "4422469085", "date": "2021-01-23 15:37:00", "subject": "0", "recorded-or-robo": "N", "city": "Madison", "state": "CT", "area-code": "203"}, {"id": "03e293b3df9e35eadf15c56119385a9a", "number": "4422469085", "date": "2021-01-23 15:37:00", "subject": "0", "recorded-or-robo": "N", "city": "Madison", "state": "CT", "area-code": "203"}, {"id": "3decc6bfadaa436a105714c6baa27ece", "number": "5203805815", "date": "2021-01-19 00:00:00", "subject": "3", "recorded-or-robo": "Y", "city": "", "state": "AZ", "area-code": "520"}, {"id": "03e293b3df9e35eadf15c56119384bcc", "number": "5203805815", "date": "2021-01-19 00:00:00", "subject": "3", "recorded-or-robo": "Y", "city": "", "state": "AZ", "area-code": "520"}, {"id": "3decc6bfadaa436a105714c6baa27590", "number": "", "date": "2021-01-24 11:33:00", "subject": "1", "recorded-or-robo": "Y", "city": "Spring Lake", "state": "MI", "area-code": "231"}, {"id": "03e293b3df9e35eadf15c56119384788", "number": "", "date": "2021-01-24 11:33:00", "subject": "1", "recorded-or-robo": "Y", "city": "Spring Lake", "state": "MI", "area-code": "231"}, {"id": "3decc6bfadaa436a105714c6baa268bf", "number": "5203715104", "date": "2021-01-20 00:00:00", "subject": "3", "recorded-or-robo": "Y", "city": "", "state": "AZ", "area-code": "520"}, {"id": "03e293b3df9e35eadf15c56119383d9f", "number": "5203715104", "date": "2021-01-20 00:00:00", "subject": "3", "recorded-or-robo": "Y", "city": "", "state": "AZ", "area-code": "520"}, {"id": "3decc6bfadaa436a105714c6baa2600f", "number": "4014045408", "date": "2021-01-23 09:16:00", "subject": "0", "recorded-or-robo": "", "city": "Des Moines", "state": "IA", "area-code": "515"}, {"id": "03e293b3df9e35eadf15c56119383506", "number": "4014045408", "date": "2021-01-23 09:16:00", "subject": "0", "recorded-or-robo": "", "city": "Des Moines", "state": "IA", "area-code": "515"}, {"id": "3decc6bfadaa436a105714c6baa25bce", "number": "6366006427", "date": "2021-01-22 13:26:00", "subject": "0", "recorded-or-robo": "Y", "city": "fenton", "state": "MO", "area-code": "636"}]}