{"data": [{"id": "03e293b3df9e35eadf15c561192077e1", "number": "7852691224", "date": "2021-01-21 09:57:00", "subject": "0", "recorded-or-robo": "N", "city": "HERINGTON", "state": "KS", "area-code": "785"}, {"id": "3decc6bfadaa436a105714c6ba8a15c9", "number": "7852691224", "date": "2021-01-21 12:20:00", "subject": "0", "recorded-or-robo": "N", "city": "HERINGTON", "state": "KS", "area-code": "785"}, {"id": "03e293b3df9e35eadf15c561192074e8", "number": "7852691224", "date": "2021-01-21 12:20:00", "subject": "0", "recorded-or-robo": "N", "city": "HERINGTON", "state": "KS", "area-code": "785"}, {"id": "3decc6bfadaa436a105714c6ba8a0984", "number": "8437652966", "date": "2021-01-21 14:37:00", "subject": "0", "recorded-or-robo": "N", "city": "HERINGTON", "state": "KS", "area-code": "785"}, {"id": "03e293b3df9e35eadf15c56119206840", "number": "8437652966", "date": "2021-01-21 14:37:00", "subject": "0", "recorded-or-robo": "N", "city": "HERINGTON", "state": "KS", "area-code": "785"}, {"id": "3decc6bfadaa436a105714c6ba8a08f2", "number": "6369425230", "date": "2021-01-21 04:03:00", "subject": "0", "recorded-or-robo": "N", "city": "HERINGTON", "state": "KS", "area-code": "785"}, {"id": "03e293b3df9e35eadf15c561192058fc", "number": "6369425230", "date": "2021-01-21 04:03:00", "subject": "0", "recorded-or-robo": "N", "city": "HERINGTON", "state": "KS", "area-code": "785"}, {"id": "3decc6bfadaa436a105714c6ba89ff1e", "number": "7852691224", "date": "2021-01-21 16:10:00", "subject": "0", "recorded-or-robo": "N", "city": "HERINGTON", "state": "KS", "area-code": "785"}, {"id": "03e293b3df9e35eadf15c56119205841", "number": "7852691224", "date": "2021-01-21 16:10:00", "subject": "0", "recorded-or-robo": "N", "city": "HERINGTON", "state": "KS", "area-code": "785"}, {"id": "3decc6bfadaa436a105714c6ba89f37a", "number": "7327027524", "date": "2021-01-23 16:57:00", "subject": "2", "recorded-or-robo": "Y", "city": "", "state": "NJ", "area-code": "732"}, {"id": "03e293b3df9e35eadf15c56119204b5e", "number": "7327027524", "date": "2021-01-23 16:57:00", "subject": "2", "recorded-or-robo": "Y", "city": "", "state": "NJ", "area-code": "732"}, {"id": "3decc6bfadaa436a105714c6ba89e53e", "number": "7852585226", "date": "2021-01-22 11:03:00", "subject": "2", "recorded-or-robo": "N", "city": "HERINGTON", "state": "KS", "area-code": "785"}, {"id": "03e293b3df9e35eadf15c56119204666", "number": "7852585226", "date": "2021-01-22 11:03:00", "subject": "2", "recorded-or-robo": "N", "city": "HERINGTON", "state": "KS", "area-code": "785"}, {"id": "3decc6bfadaa436a105714c6ba89d755", "number": "6093586748", "date": "2021-01-24 06:06:00", "subject": "1", "recorded-or-robo": "Y", "city": "", "state": "MD", "area-code": "609"}, {"id": "03e293b3df9e35eadf15c561192041ac", "number": "6093586748", "date": "2021-01-24 06:06:00", "subject": "1", "recorded-or-robo": "Y", "city": "", "state": "MD", "area-code": "609"}, {"id": "3decc6bfadaa436a105714c6ba89cc2f", "number": "7852514520", "date": "2021-01-22 11:29:00", "subject": "1", "recorded-or-robo": "N", "city": "HERINGTON", "state": "KS", "area-code": "785"}, {"id": "03e293b3df9e35eadf15c56119203faf", "number": "7852514520", "date": "2021-01-22 11:29:00", "subject": "1", "recorded-or-robo": "N", "city": "HERINGTON", "state": "KS", "area-code": "785"}, {"id": "3decc6bfadaa436a105714c6ba89bc9a", "number": "5707849188", "date": "2021-01-22 12:56:00", "subject": "1", "recorded-or-robo": "Y", "city": "bloomsburg", "state": "PA", "area-code": "570"}, {"id": "03e293b3df9e35eadf15c56119203c60", "number": "5707849188", "date": "2021-01-22 12:56:00", "subject": "1", "recorded-or-robo": "Y", "city": "bloomsburg", "state": "PA", "area-code": "570"}, {"id": "3decc6bfadaa436a105714c6ba89b659", "number": "3048238909", "date": "2021-01-22 11:44:00", "subject": "2", "recorded-or-robo": "N", "city": "HERINGTON", "state": "KS", "area-code": "785"}, {"id": "03e293b3df9e35eadf15c561192038bb", "number": "3048238909", "date": "2021-01-22 11:44:00", "subject": "2", "recorded-or-robo": "N", "city": "HERINGTON", "state": "KS", "area-code": "785"}, {"id": "3decc6bfadaa436a105714c6ba89a970", "number": "7852787221", "date": "2021-01-22 12:03:00", "subject": "2", "recorded-or-robo": "N", "city": "HERINGTON", "state": "KS", "area-code": "785"}, {"id": "03e293b3df9e35eadf15c56119202976", "number": "7852787221", "date": "2021-01-22 12:03:00", "subject": "2", "recorded-or-robo": "N", "city": "HERINGTON", "state": "KS", "area-code": "785"}, {"id": "3decc6bfadaa436a105714c6ba899cc9", "number": "5405515203", "date": "2021-01-24 05:02:00", "subject": "1", "recorded-or-robo": "Y", "city": "", "state": "NY", "area-code": "609"}, {"id": "03e293b3df9e35eadf15c56119201e32", "number": "5405515203", "date": "2021-01-24 05:02:00", "subject": "1", "recorded-or-robo": "Y", "city": "", "state": "NY", "area-code": "609"}, {"id": "3decc6bfadaa436a105714c6ba89977b", "number": "7857562871", "date": "2021-01-22 20:03:00", "subject": "0", "recorded-or-robo": "N", "city": "HERINGTON", "state": "KS", "area-code": "785"}, {"id": "03e293b3df9e35eadf15c56119201a17", "number": "7857562871", "date": "2021-01-22 20:03:00", "subject": "0", "recorded-or-robo": "N", "city": "HERINGTON", "state": "KS", "area-code": "785"}, {"id": "3decc6bfadaa436a105714c6ba8993b1", "number": "7325542493", "date": "2021-01-22 11:19:00", "subject": "2", "recorded-or-robo": "Y", "city": "", "state": "NJ", "area-code": "732"}, {"id": "03e293b3df9e35eadf15c56119201214", "number": "7325542493", "date": "2021-01-22 11:19:00", "subject": "2", "recorded-or-robo": "Y", "city": "", "state": "NJ", "area-code": "732"}, {"id": "3decc6bfadaa436a105714c6ba899199", "number": "6093586748", "date": "2021-01-22 04:05:00", "subject": "1", "recorded-or-robo": "Y", "city": "", "state": "NM", "area-code": "609"}, {"id": "03e293b3df9e35eadf15c561192010b4", "number": "6093586748", "date": "2021-01-22 04:05:00", "subject": "1", "recorded-or-robo": "Y", "city": "", "state": "NM", "area-code": "609"}, {"id": "3decc6bfadaa436a105714c6ba8982df", "number": "5713805020", "date": "2021-01-23 00:00:00", "subject": "2", "recorded-or-robo": "Y", "city": "Luray", "state": "VA", "area-code": "703"}, {"id": "03e293b3df9e35eadf15c56119200641", "number": "5713805020", "date": "2021-01-23 00:00:00", "subject": "2", "recorded-or-robo": "Y", "city": "Luray", "state": "VA", "area-code": "703"}, {"id": "3decc6bfadaa436a105714c6ba8980d2", "number": "7039364394", "date": "2021-01-23 00:00:00", "subject": "2", "recorded-or-robo": "Y", "city": "Luray", "state": "VA", "area-code": "703"}, {"id": "03e293b3df9e35eadf15c561191ff650", "number": "7039364394", "date": "2021-01-23 00:00:00", "subject": "2", "recorded-or-robo": "Y", "city": "Luray", "state": "VA", "area-code": "703"}, {"id": "3decc6bfadaa436a105714c6ba8971d4", "number": "5405515203", "date": "2021-01-22 04:00:00", "subject": "1", "recorded-or-robo": "Y", "city": "", "state": "NY", "area-code": "609"}, {"id": "03e293b3df9e35eadf15c561191fe7fb", "number": "5405515203", "date": "2021-01-22 04:00:00", "subject": "1", "recorded-or-robo": "Y", "city": "", "state": "NY", "area-code": "609"}, {"id": "3decc6bfadaa436a105714c6ba8963aa", "number": "8452839764", "date": "2021-01-01 08:00:00", "subject": "16", "recorded-or-robo": "Y", "city": "Pine Bush", "state": "NY", "area-code": "845"}, {"id": "03e293b3df9e35eadf15c561191fe797", "number": "8452839764", "date": "2021-01-01 08:00:00", "subject": "16", "recorded-or-robo": "Y", "city": "Pine Bush", "state": "NY", "area-code": "845"}, {"id": "3decc6bfadaa436a105714c6ba895dea", "number": "7324019893", "date": "2021-01-23 13:42:00", "subject": "0", "recorded-or-robo": "N", "city": "", "state": "NJ", "area-code": "732"}, {"id": "03e293b3df9e35eadf15c561191fdc9f", "number": "7324019893", "date": "2021-01-23 13:42:00", "subject": "0", "recorded-or-robo": "N", "city": "", "state": "NJ", "area-code": "732"}, {"id": "3decc6bfadaa436a105714c6ba894ed8", "number": "8457130145", "date": "2021-01-15 00:00:00", "subject": "4", "recorded-or-robo": "Y", "city": "Pine Bush", "state": "NY", "area-code": "845"}, {"id": "03e293b3df9e35eadf15c561191fce1d", "number": "8457130145", "date": "2021-01-15 00:00:00", "subject": "4", "recorded-or-robo": "Y", "city": "Pine Bush", "state": "NY", "area-code": "845"}, {"id": "3decc6bfadaa436a105714c6ba89424c", "number": "8454152027", "date": "2021-01-21 09:00:00", "subject": "5", "recorded-or-robo": "Y", "city": "Pine Bush", "state": "NY", "area-code": "845"}, {"id": "03e293b3df9e35eadf15c561191fc485", "number": "8454152027", "date": "2021-01-21 09:00:00", "subject": "5", "recorded-or-robo": "Y", "city": "Pine Bush", "state": "NY", "area-code": "845"}, {"id": "3decc6bfadaa436a105714c6ba893f52", "number": "8454748802", "date": "2021-01-22 14:00:00", "subject": "9", "recorded-or-robo": "Y", "city": "Pine Bush", "state": "NY", "area-code": "845"}, {"id": "03e293b3df9e35eadf15c561191fc236", "number": "8454748802", "date": "2021-01-22 14:00:00", "subject": "9", "recorded-or-robo": "Y", "city": "Pine Bush", "state": "NY", "area-code": "845"}, {"id": "3decc6bfadaa436a105714c6ba893d34", "number": "7604497705", "date": "2021-01-23 15:25:00", "subject": "0", "recorded-or-robo": "N", "city": "", "state": "OH", "area-code": "419"}, {"id": "03e293b3df9e35eadf15c561191fbd63", "number": "7604497705", "date": "2021-01-23 15:25:00", "subject": "0", "recorded-or-robo": "N", "city": "", "state": "OH", "area-code": "419"}, {"id": "3decc6bfadaa436a105714c6ba892db8", "number": "7329133022", "date": "2021-01-22 19:58:00", "subject": "0", "recorded-or-robo": "N", "city": "", "state": "NJ", "area-code": "732"}]}