{"data": [{"id": "03e293b3df9e35eadf15c561191b1dcb", "number": "+13186850769", "date": "2021-01-23 22:56:20", "subject": "3", "recorded-or-robo": "Y", "city": "", "state": "AZ", "area-code": "520"}, {"id": "3decc6bfadaa436a105714c6ba87ea52", "number": "7637395710", "date": "2021-01-22 13:14:00", "subject": "3", "recorded-or-robo": "Y", "city": "", "state": "MD", "area-code": "410"}, {"id": "03e293b3df9e35eadf15c561191e6834", "number": "7637395710", "date": "2021-01-22 13:14:00", "subject": "3", "recorded-or-robo": "Y", "city": "", "state": "MD", "area-code": "410"}, {"id": "3decc6bfadaa436a105714c6ba71a32d", "number": "6692323938", "date": "2021-01-23 11:45:00", "subject": "6", "recorded-or-robo": "N", "city": "East Patchogue", "state": "NY", "area-code": "631"}, {"id": "03e293b3df9e35eadf15c5611907d613", "number": "6692323938", "date": "2021-01-23 11:45:00", "subject": "6", "recorded-or-robo": "N", "city": "East Patchogue", "state": "NY", "area-code": "631"}, {"id": "3decc6bfadaa436a105714c6ba71a11d", "number": "8182453003", "date": "2021-01-21 10:24:00", "subject": "0", "recorded-or-robo": "Y", "city": "", "state": "CA", "area-code": "818"}, {"id": "03e293b3df9e35eadf15c5611907d12f", "number": "8182453003", "date": "2021-01-21 10:24:00", "subject": "0", "recorded-or-robo": "Y", "city": "", "state": "CA", "area-code": "818"}, {"id": "3decc6bfadaa436a105714c6ba7198ce", "number": "8152634024", "date": "2021-01-23 12:00:00", "subject": "2", "recorded-or-robo": "Y", "city": "Minneapolis", "state": "MN", "area-code": "612"}, {"id": "03e293b3df9e35eadf15c5611907c72c", "number": "8152634024", "date": "2021-01-23 12:00:00", "subject": "2", "recorded-or-robo": "Y", "city": "Minneapolis", "state": "MN", "area-code": "612"}, {"id": "3decc6bfadaa436a105714c6ba7197ee", "number": "8182609299", "date": "2021-01-22 14:37:00", "subject": "0", "recorded-or-robo": "Y", "city": "", "state": "CA", "area-code": "818"}, {"id": "03e293b3df9e35eadf15c5611907baa6", "number": "8182609299", "date": "2021-01-22 14:37:00", "subject": "0", "recorded-or-robo": "Y", "city": "", "state": "CA", "area-code": "818"}, {"id": "3decc6bfadaa436a105714c6ba718da9", "number": "3239270153", "date": "2021-01-22 09:42:00", "subject": "0", "recorded-or-robo": "Y", "city": "", "state": "CA", "area-code": "818"}, {"id": "03e293b3df9e35eadf15c5611907b83f", "number": "3239270153", "date": "2021-01-22 09:42:00", "subject": "0", "recorded-or-robo": "Y", "city": "", "state": "CA", "area-code": "818"}, {"id": "3decc6bfadaa436a105714c6ba718d58", "number": "8182487322", "date": "2021-01-21 15:41:00", "subject": "0", "recorded-or-robo": "Y", "city": "", "state": "CA", "area-code": "818"}, {"id": "03e293b3df9e35eadf15c5611907b4ee", "number": "8182487322", "date": "2021-01-21 15:41:00", "subject": "0", "recorded-or-robo": "Y", "city": "", "state": "CA", "area-code": "818"}, {"id": "3decc6bfadaa436a105714c6ba718c33", "number": "3044614342", "date": "2021-01-21 13:20:00", "subject": "0", "recorded-or-robo": "Y", "city": "", "state": "CA", "area-code": "818"}, {"id": "03e293b3df9e35eadf15c5611907b085", "number": "3044614342", "date": "2021-01-21 13:20:00", "subject": "0", "recorded-or-robo": "Y", "city": "", "state": "CA", "area-code": "818"}, {"id": "3decc6bfadaa436a105714c6ba7188c5", "number": "", "date": "2019-12-01 00:00:00", "subject": "1", "recorded-or-robo": "Y", "city": "Chicago", "state": "IL", "area-code": "773"}, {"id": "03e293b3df9e35eadf15c5611907a78f", "number": "", "date": "2019-12-01 00:00:00", "subject": "1", "recorded-or-robo": "Y", "city": "Chicago", "state": "IL", "area-code": "773"}, {"id": "3decc6bfadaa436a105714c6ba7185e0", "number": "3214463587", "date": "2021-01-21 08:49:00", "subject": "4", "recorded-or-robo": "Y", "city": "Kirkville", "state": "NY", "area-code": "321"}, {"id": "03e293b3df9e35eadf15c5611907a6f1", "number": "3214463587", "date": "2021-01-21 08:49:00", "subject": "4", "recorded-or-robo": "Y", "city": "Kirkville", "state": "NY", "area-code": "321"}, {"id": "3decc6bfadaa436a105714c6ba7184cc", "number": "9102582926", "date": "2021-01-23 19:33:00", "subject": "0", "recorded-or-robo": "Y", "city": "enon", "state": "OH", "area-code": "937"}, {"id": "03e293b3df9e35eadf15c561190798dd", "number": "9102582926", "date": "2021-01-23 19:33:00", "subject": "0", "recorded-or-robo": "Y", "city": "enon", "state": "OH", "area-code": "937"}, {"id": "3decc6bfadaa436a105714c6ba7177fc", "number": "8034258124", "date": "2021-01-23 15:21:00", "subject": "2", "recorded-or-robo": "", "city": "Vancouver", "state": "WA", "area-code": "503"}, {"id": "03e293b3df9e35eadf15c561190794d6", "number": "8034258124", "date": "2021-01-23 15:21:00", "subject": "2", "recorded-or-robo": "", "city": "Vancouver", "state": "WA", "area-code": "503"}, {"id": "3decc6bfadaa436a105714c6ba716ae4", "number": "3214319083", "date": "2021-01-15 12:24:00", "subject": "4", "recorded-or-robo": "Y", "city": "Kirkville", "state": "NY", "area-code": "321"}, {"id": "03e293b3df9e35eadf15c5611907931e", "number": "3214319083", "date": "2021-01-15 12:24:00", "subject": "4", "recorded-or-robo": "Y", "city": "Kirkville", "state": "NY", "area-code": "321"}, {"id": "3decc6bfadaa436a105714c6ba84a43b", "number": "+13869384719", "date": "2021-01-23 22:45:53", "subject": "3", "recorded-or-robo": "Y", "city": "", "state": "FL", "area-code": "352"}, {"id": "03e293b3df9e35eadf15c561191b01d4", "number": "+13869384719", "date": "2021-01-23 22:45:53", "subject": "3", "recorded-or-robo": "Y", "city": "", "state": "FL", "area-code": "352"}, {"id": "3decc6bfadaa436a105714c6ba7169b1", "number": "2383373487", "date": "2021-01-23 11:10:00", "subject": "1", "recorded-or-robo": "Y", "city": "", "state": "WA", "area-code": "509"}, {"id": "03e293b3df9e35eadf15c56119078943", "number": "2383373487", "date": "2021-01-23 11:10:00", "subject": "1", "recorded-or-robo": "Y", "city": "", "state": "WA", "area-code": "509"}, {"id": "3decc6bfadaa436a105714c6ba715d64", "number": "", "date": "2021-01-23 00:00:00", "subject": "3", "recorded-or-robo": "Y", "city": "", "state": "NY", "area-code": "845"}, {"id": "03e293b3df9e35eadf15c56119077da4", "number": "", "date": "2021-01-23 00:00:00", "subject": "3", "recorded-or-robo": "Y", "city": "", "state": "NY", "area-code": "845"}, {"id": "3decc6bfadaa436a105714c6ba715909", "number": "8036534496", "date": "2021-01-22 17:32:00", "subject": "2", "recorded-or-robo": "", "city": "Vancouver", "state": "WA", "area-code": "503"}, {"id": "03e293b3df9e35eadf15c5611907719b", "number": "8036534496", "date": "2021-01-22 17:32:00", "subject": "2", "recorded-or-robo": "", "city": "Vancouver", "state": "WA", "area-code": "503"}, {"id": "3decc6bfadaa436a105714c6ba714ec6", "number": "3053636798", "date": "2021-01-14 14:07:00", "subject": "9", "recorded-or-robo": "Y", "city": "Kirkville", "state": "NY", "area-code": "321"}, {"id": "03e293b3df9e35eadf15c5611907676c", "number": "3053636798", "date": "2021-01-14 14:07:00", "subject": "9", "recorded-or-robo": "Y", "city": "Kirkville", "state": "NY", "area-code": "321"}, {"id": "3decc6bfadaa436a105714c6ba847ded", "number": "+18608529365", "date": "2021-01-23 22:44:23", "subject": "3", "recorded-or-robo": "Y", "city": "", "state": "CT", "area-code": "860"}, {"id": "03e293b3df9e35eadf15c561191ae5a8", "number": "+18608529365", "date": "2021-01-23 22:44:23", "subject": "3", "recorded-or-robo": "Y", "city": "", "state": "CT", "area-code": "860"}, {"id": "3decc6bfadaa436a105714c6ba849a1d", "number": "8583765391", "date": "2021-01-23 22:43:58", "subject": "3", "recorded-or-robo": "Y", "city": "", "state": "CA", "area-code": "858"}, {"id": "03e293b3df9e35eadf15c561191af2af", "number": "8583765391", "date": "2021-01-23 22:43:58", "subject": "3", "recorded-or-robo": "Y", "city": "", "state": "CA", "area-code": "858"}, {"id": "3decc6bfadaa436a105714c6ba714a36", "number": "7576545305", "date": "2021-01-23 12:53:00", "subject": "2", "recorded-or-robo": "Y", "city": "Chesapeake", "state": "VA", "area-code": "757"}, {"id": "03e293b3df9e35eadf15c5611907672b", "number": "7576545305", "date": "2021-01-23 12:53:00", "subject": "2", "recorded-or-robo": "Y", "city": "Chesapeake", "state": "VA", "area-code": "757"}, {"id": "3decc6bfadaa436a105714c6ba848d9a", "number": "8583765391", "date": "2021-01-23 22:43:46", "subject": "3", "recorded-or-robo": "Y", "city": "", "state": "CA", "area-code": "858"}, {"id": "03e293b3df9e35eadf15c561191aef81", "number": "8583765391", "date": "2021-01-23 22:43:46", "subject": "3", "recorded-or-robo": "Y", "city": "", "state": "CA", "area-code": "858"}, {"id": "3decc6bfadaa436a105714c6ba713b08", "number": "", "date": "2021-01-23 00:00:00", "subject": "3", "recorded-or-robo": "Y", "city": "", "state": "NY", "area-code": "845"}, {"id": "03e293b3df9e35eadf15c56119076275", "number": "", "date": "2021-01-23 00:00:00", "subject": "3", "recorded-or-robo": "Y", "city": "", "state": "NY", "area-code": "845"}, {"id": "3decc6bfadaa436a105714c6ba712db3", "number": "8039251424", "date": "2021-01-22 16:46:00", "subject": "2", "recorded-or-robo": "", "city": "Vancouver", "state": "WA", "area-code": "503"}, {"id": "03e293b3df9e35eadf15c56119075f54", "number": "8039251424", "date": "2021-01-22 16:46:00", "subject": "2", "recorded-or-robo": "", "city": "Vancouver", "state": "WA", "area-code": "503"}, {"id": "3decc6bfadaa436a105714c6ba71228f", "number": "3214319083", "date": "2021-01-13 16:46:00", "subject": "4", "recorded-or-robo": "Y", "city": "Kirkville", "state": "NY", "area-code": "321"}]}