{"data": [{"id": "03e293b3df9e35eadf15c561191ca9e8", "number": "6013607691", "date": "2021-01-24 00:00:00", "subject": "4", "recorded-or-robo": "Y", "city": "Crestview", "state": "FL", "area-code": "228"}, {"id": "3decc6bfadaa436a105714c6ba86062c", "number": "3109352909", "date": "2021-01-22 10:31:00", "subject": "2", "recorded-or-robo": "Y", "city": "PLAYA DEL REY, CA", "state": "CA", "area-code": "310"}, {"id": "03e293b3df9e35eadf15c561191ca99f", "number": "3109352909", "date": "2021-01-22 10:31:00", "subject": "2", "recorded-or-robo": "Y", "city": "PLAYA DEL REY, CA", "state": "CA", "area-code": "310"}, {"id": "3decc6bfadaa436a105714c6ba86054b", "number": "8636927783", "date": "2021-01-21 10:20:00", "subject": "4", "recorded-or-robo": "Y", "city": "", "state": "FL", "area-code": "863"}, {"id": "03e293b3df9e35eadf15c561191c9fca", "number": "8636927783", "date": "2021-01-21 10:20:00", "subject": "4", "recorded-or-robo": "Y", "city": "", "state": "FL", "area-code": "863"}, {"id": "3decc6bfadaa436a105714c6ba86043d", "number": "3473707569", "date": "2021-01-22 09:30:00", "subject": "0", "recorded-or-robo": "N", "city": "", "state": "NY", "area-code": "347"}, {"id": "03e293b3df9e35eadf15c561191c929d", "number": "3473707569", "date": "2021-01-22 09:30:00", "subject": "0", "recorded-or-robo": "N", "city": "", "state": "NY", "area-code": "347"}, {"id": "3decc6bfadaa436a105714c6ba85fa95", "number": "3052744561", "date": "2021-01-19 08:54:00", "subject": "6", "recorded-or-robo": "N", "city": "", "state": "FL", "area-code": "863"}, {"id": "03e293b3df9e35eadf15c561191c8997", "number": "3052744561", "date": "2021-01-19 08:54:00", "subject": "6", "recorded-or-robo": "N", "city": "", "state": "FL", "area-code": "863"}, {"id": "3decc6bfadaa436a105714c6ba85f458", "number": "237653777368", "date": "2021-01-06 06:55:00", "subject": "1", "recorded-or-robo": "Y", "city": "Oregon", "state": "WI", "area-code": "608"}, {"id": "03e293b3df9e35eadf15c561191c7b78", "number": "237653777368", "date": "2021-01-06 06:55:00", "subject": "1", "recorded-or-robo": "Y", "city": "Oregon", "state": "WI", "area-code": "608"}, {"id": "3decc6bfadaa436a105714c6ba85e46a", "number": "6613903918", "date": "2021-01-22 14:48:00", "subject": "2", "recorded-or-robo": "Y", "city": "San Diego", "state": "CA", "area-code": "858"}, {"id": "03e293b3df9e35eadf15c561191c7189", "number": "6613903918", "date": "2021-01-22 14:48:00", "subject": "2", "recorded-or-robo": "Y", "city": "San Diego", "state": "CA", "area-code": "858"}, {"id": "3decc6bfadaa436a105714c6ba85d6a9", "number": "6468832008", "date": "2021-01-23 13:05:00", "subject": "3", "recorded-or-robo": "Y", "city": "", "state": "NJ", "area-code": "973"}, {"id": "03e293b3df9e35eadf15c561191c66f7", "number": "6468832008", "date": "2021-01-23 13:05:00", "subject": "3", "recorded-or-robo": "Y", "city": "", "state": "NJ", "area-code": "973"}, {"id": "3decc6bfadaa436a105714c6ba85ce20", "number": "4408708367", "date": "2021-01-23 12:32:00", "subject": "2", "recorded-or-robo": "Y", "city": "North Royalton", "state": "OH", "area-code": "440"}, {"id": "03e293b3df9e35eadf15c561191c62b8", "number": "4408708367", "date": "2021-01-23 12:32:00", "subject": "2", "recorded-or-robo": "Y", "city": "North Royalton", "state": "OH", "area-code": "440"}, {"id": "3decc6bfadaa436a105714c6ba85c23a", "number": "3184271516", "date": "2021-01-22 15:11:00", "subject": "3", "recorded-or-robo": "", "city": "", "state": "OH", "area-code": "614"}, {"id": "03e293b3df9e35eadf15c561191c5630", "number": "3184271516", "date": "2021-01-22 15:11:00", "subject": "3", "recorded-or-robo": "", "city": "", "state": "OH", "area-code": "614"}, {"id": "3decc6bfadaa436a105714c6ba85c565", "number": "9158407660", "date": "2021-01-22 13:12:00", "subject": "2", "recorded-or-robo": "Y", "city": "El Paso", "state": "TX", "area-code": "915"}, {"id": "03e293b3df9e35eadf15c561191c5d1d", "number": "9158407660", "date": "2021-01-22 13:12:00", "subject": "2", "recorded-or-robo": "Y", "city": "El Paso", "state": "TX", "area-code": "915"}, {"id": "3decc6bfadaa436a105714c6ba85b9ed", "number": "5058715221", "date": "2021-01-22 11:14:00", "subject": "2", "recorded-or-robo": "Y", "city": "El Paso", "state": "TX", "area-code": "915"}, {"id": "03e293b3df9e35eadf15c561191c5066", "number": "5058715221", "date": "2021-01-22 11:14:00", "subject": "2", "recorded-or-robo": "Y", "city": "El Paso", "state": "TX", "area-code": "915"}, {"id": "3decc6bfadaa436a105714c6ba85aebc", "number": "5013126789", "date": "2021-01-22 14:04:00", "subject": "3", "recorded-or-robo": "", "city": "", "state": "OH", "area-code": "614"}, {"id": "03e293b3df9e35eadf15c561191c40a8", "number": "5013126789", "date": "2021-01-22 14:04:00", "subject": "3", "recorded-or-robo": "", "city": "", "state": "OH", "area-code": "614"}, {"id": "3decc6bfadaa436a105714c6ba85a609", "number": "9158175168", "date": "2021-01-19 13:53:00", "subject": "2", "recorded-or-robo": "Y", "city": "El Paso", "state": "TX", "area-code": "915"}, {"id": "03e293b3df9e35eadf15c561191c3d40", "number": "9158175168", "date": "2021-01-19 13:53:00", "subject": "2", "recorded-or-robo": "Y", "city": "El Paso", "state": "TX", "area-code": "915"}, {"id": "3decc6bfadaa436a105714c6ba859b46", "number": "9158160099", "date": "2021-01-19 12:02:00", "subject": "2", "recorded-or-robo": "Y", "city": "El Paso", "state": "TX", "area-code": "915"}, {"id": "03e293b3df9e35eadf15c561191c3141", "number": "9158160099", "date": "2021-01-19 12:02:00", "subject": "2", "recorded-or-robo": "Y", "city": "El Paso", "state": "TX", "area-code": "915"}, {"id": "3decc6bfadaa436a105714c6ba8596bd", "number": "9153023713", "date": "2021-01-18 13:27:00", "subject": "2", "recorded-or-robo": "Y", "city": "El Paso", "state": "TX", "area-code": "915"}, {"id": "03e293b3df9e35eadf15c561191c2598", "number": "9153023713", "date": "2021-01-18 13:27:00", "subject": "2", "recorded-or-robo": "Y", "city": "El Paso", "state": "TX", "area-code": "915"}, {"id": "3decc6bfadaa436a105714c6ba858d10", "number": "9153023713", "date": "2021-01-18 10:42:00", "subject": "2", "recorded-or-robo": "Y", "city": "El Paso", "state": "TX", "area-code": "915"}, {"id": "03e293b3df9e35eadf15c561191c1aa2", "number": "9153023713", "date": "2021-01-18 10:42:00", "subject": "2", "recorded-or-robo": "Y", "city": "El Paso", "state": "TX", "area-code": "915"}, {"id": "3decc6bfadaa436a105714c6ba843bb2", "number": "8152634024", "date": "2021-01-23 14:56:00", "subject": "1", "recorded-or-robo": "Y", "city": "Atlanta", "state": "GA", "area-code": "561"}, {"id": "03e293b3df9e35eadf15c561191aab62", "number": "8152634024", "date": "2021-01-23 14:56:00", "subject": "1", "recorded-or-robo": "Y", "city": "Atlanta", "state": "GA", "area-code": "561"}, {"id": "3decc6bfadaa436a105714c6ba74d84b", "number": "6514271046", "date": "2021-01-22 14:43:00", "subject": "4", "recorded-or-robo": "Y", "city": "St Paul", "state": "MN", "area-code": "651"}, {"id": "03e293b3df9e35eadf15c561190b3153", "number": "6514271046", "date": "2021-01-22 14:43:00", "subject": "4", "recorded-or-robo": "Y", "city": "St Paul", "state": "MN", "area-code": "651"}, {"id": "3decc6bfadaa436a105714c6ba74d0e1", "number": "", "date": "2021-01-20 13:07:00", "subject": "4", "recorded-or-robo": "Y", "city": "Newport Beach", "state": "CA", "area-code": "714"}, {"id": "03e293b3df9e35eadf15c561190b2489", "number": "", "date": "2021-01-20 13:07:00", "subject": "4", "recorded-or-robo": "Y", "city": "Newport Beach", "state": "CA", "area-code": "714"}, {"id": "3decc6bfadaa436a105714c6ba74c162", "number": "6469300474", "date": "2021-01-23 13:52:00", "subject": "3", "recorded-or-robo": "Y", "city": "", "state": "NY", "area-code": "212"}, {"id": "03e293b3df9e35eadf15c561190b14b4", "number": "6469300474", "date": "2021-01-23 13:52:00", "subject": "3", "recorded-or-robo": "Y", "city": "", "state": "NY", "area-code": "212"}, {"id": "3decc6bfadaa436a105714c6ba74bfd0", "number": "5804533350", "date": "2021-01-23 21:00:00", "subject": "2", "recorded-or-robo": "Y", "city": "Staten Island", "state": "NY", "area-code": "718"}, {"id": "03e293b3df9e35eadf15c561190b09ae", "number": "5804533350", "date": "2021-01-23 21:00:00", "subject": "2", "recorded-or-robo": "Y", "city": "Staten Island", "state": "NY", "area-code": "718"}, {"id": "3decc6bfadaa436a105714c6ba74ba9a", "number": "2035138993", "date": "2021-01-22 11:07:00", "subject": "3", "recorded-or-robo": "", "city": "", "state": "OH", "area-code": "614"}, {"id": "03e293b3df9e35eadf15c561190afded", "number": "2035138993", "date": "2021-01-22 11:07:00", "subject": "3", "recorded-or-robo": "", "city": "", "state": "OH", "area-code": "614"}, {"id": "3decc6bfadaa436a105714c6ba74b448", "number": "2026438798", "date": "2021-01-18 14:19:00", "subject": "0", "recorded-or-robo": "Y", "city": "", "state": "Do", "area-code": "202"}, {"id": "03e293b3df9e35eadf15c561190af27f", "number": "2026438798", "date": "2021-01-18 14:19:00", "subject": "0", "recorded-or-robo": "Y", "city": "", "state": "Do", "area-code": "202"}, {"id": "3decc6bfadaa436a105714c6ba74a496", "number": "6149292363", "date": "2021-01-21 18:58:00", "subject": "3", "recorded-or-robo": "", "city": "", "state": "OH", "area-code": "614"}, {"id": "03e293b3df9e35eadf15c561190ae0a5", "number": "6149292363", "date": "2021-01-21 18:58:00", "subject": "3", "recorded-or-robo": "", "city": "", "state": "OH", "area-code": "614"}, {"id": "3decc6bfadaa436a105714c6ba74a6f8", "number": "2022520587", "date": "2021-01-21 00:00:00", "subject": "0", "recorded-or-robo": "Y", "city": "", "state": "Do", "area-code": "202"}]}