{"data": [{"id": "03e293b3df9e35eadf15c56119033e69", "number": "2196953638", "date": "2021-01-22 12:46:00", "subject": "0", "recorded-or-robo": "Y", "city": "Camby", "state": "IN", "area-code": "317"}, {"id": "3decc6bfadaa436a105714c6ba6d4c26", "number": "3472291595", "date": "2021-01-23 19:57:00", "subject": "3", "recorded-or-robo": "N", "city": "", "state": "MA", "area-code": "617"}, {"id": "03e293b3df9e35eadf15c5611903364d", "number": "3472291595", "date": "2021-01-23 19:57:00", "subject": "3", "recorded-or-robo": "N", "city": "", "state": "MA", "area-code": "617"}, {"id": "3decc6bfadaa436a105714c6ba6d429f", "number": "5144452", "date": "2021-01-10 17:03:00", "subject": "0", "recorded-or-robo": "Y", "city": "Duluth", "state": "MN", "area-code": "218"}, {"id": "03e293b3df9e35eadf15c56119032e01", "number": "5144452", "date": "2021-01-10 17:03:00", "subject": "0", "recorded-or-robo": "Y", "city": "Duluth", "state": "MN", "area-code": "218"}, {"id": "3decc6bfadaa436a105714c6ba6d3fa1", "number": "3179348005", "date": "2021-01-22 14:59:00", "subject": "0", "recorded-or-robo": "Y", "city": "Camby", "state": "IN", "area-code": "317"}, {"id": "03e293b3df9e35eadf15c56119032728", "number": "3179348005", "date": "2021-01-22 14:59:00", "subject": "0", "recorded-or-robo": "Y", "city": "Camby", "state": "IN", "area-code": "317"}, {"id": "3decc6bfadaa436a105714c6ba6d30e5", "number": "8768248571", "date": "2021-01-11 09:58:00", "subject": "0", "recorded-or-robo": "Y", "city": "Duluth", "state": "MN", "area-code": "218"}, {"id": "03e293b3df9e35eadf15c56119032200", "number": "8768248571", "date": "2021-01-11 09:58:00", "subject": "0", "recorded-or-robo": "Y", "city": "Duluth", "state": "MN", "area-code": "218"}, {"id": "3decc6bfadaa436a105714c6ba6d2937", "number": "3174064180", "date": "2021-01-23 11:58:00", "subject": "0", "recorded-or-robo": "Y", "city": "Camby", "state": "IN", "area-code": "317"}, {"id": "03e293b3df9e35eadf15c56119031464", "number": "3174064180", "date": "2021-01-23 11:58:00", "subject": "0", "recorded-or-robo": "Y", "city": "Camby", "state": "IN", "area-code": "317"}, {"id": "3decc6bfadaa436a105714c6ba6d1764", "number": "7185577929", "date": "2021-01-23 00:00:00", "subject": "3", "recorded-or-robo": "N", "city": "", "state": "NY", "area-code": "718"}, {"id": "03e293b3df9e35eadf15c561190305fb", "number": "7185577929", "date": "2021-01-23 00:00:00", "subject": "3", "recorded-or-robo": "N", "city": "", "state": "NY", "area-code": "718"}, {"id": "3decc6bfadaa436a105714c6ba6d256f", "number": "8005603622", "date": "2021-01-11 16:24:00", "subject": "0", "recorded-or-robo": "Y", "city": "Duluth", "state": "MN", "area-code": "218"}, {"id": "03e293b3df9e35eadf15c561190306b1", "number": "8005603622", "date": "2021-01-11 16:24:00", "subject": "0", "recorded-or-robo": "Y", "city": "Duluth", "state": "MN", "area-code": "218"}, {"id": "3decc6bfadaa436a105714c6ba6d0fe6", "number": "9407169781", "date": "2021-01-23 12:31:00", "subject": "6", "recorded-or-robo": "Y", "city": "Camby", "state": "IN", "area-code": "317"}, {"id": "03e293b3df9e35eadf15c5611902fcef", "number": "9407169781", "date": "2021-01-23 12:31:00", "subject": "6", "recorded-or-robo": "Y", "city": "Camby", "state": "IN", "area-code": "317"}, {"id": "3decc6bfadaa436a105714c6ba6d07be", "number": "", "date": "2021-01-20 12:16:00", "subject": "2", "recorded-or-robo": "Y", "city": "", "state": "WA", "area-code": "509"}, {"id": "03e293b3df9e35eadf15c5611902fa42", "number": "", "date": "2021-01-20 12:16:00", "subject": "2", "recorded-or-robo": "Y", "city": "", "state": "WA", "area-code": "509"}, {"id": "3decc6bfadaa436a105714c6ba6cfd73", "number": "8017842997", "date": "2021-01-23 10:42:00", "subject": "2", "recorded-or-robo": "Y", "city": "Ogden", "state": "GA", "area-code": "912"}, {"id": "03e293b3df9e35eadf15c5611902f4c4", "number": "8017842997", "date": "2021-01-23 10:42:00", "subject": "2", "recorded-or-robo": "Y", "city": "Ogden", "state": "GA", "area-code": "912"}, {"id": "3decc6bfadaa436a105714c6ba6cf928", "number": "2486172039", "date": "2021-01-12 08:32:00", "subject": "0", "recorded-or-robo": "Y", "city": "Duluth", "state": "MN", "area-code": "218"}, {"id": "03e293b3df9e35eadf15c5611902ea97", "number": "2486172039", "date": "2021-01-12 08:32:00", "subject": "0", "recorded-or-robo": "Y", "city": "Duluth", "state": "MN", "area-code": "218"}, {"id": "3decc6bfadaa436a105714c6ba6cf04c", "number": "2197665110", "date": "2021-01-23 13:13:00", "subject": "0", "recorded-or-robo": "Y", "city": "Camby", "state": "IN", "area-code": "317"}, {"id": "03e293b3df9e35eadf15c5611902e6a7", "number": "2197665110", "date": "2021-01-23 13:13:00", "subject": "0", "recorded-or-robo": "Y", "city": "Camby", "state": "IN", "area-code": "317"}, {"id": "3decc6bfadaa436a105714c6ba6ceab0", "number": "3852792527", "date": "2021-01-23 19:30:00", "subject": "2", "recorded-or-robo": "Y", "city": "Ogden", "state": "UT", "area-code": "912"}, {"id": "03e293b3df9e35eadf15c5611902e595", "number": "3852792527", "date": "2021-01-23 19:30:00", "subject": "2", "recorded-or-robo": "Y", "city": "Ogden", "state": "UT", "area-code": "912"}, {"id": "3decc6bfadaa436a105714c6ba6cdec8", "number": "3203427497", "date": "2021-01-13 13:52:00", "subject": "0", "recorded-or-robo": "Y", "city": "Duluth", "state": "MN", "area-code": "218"}, {"id": "03e293b3df9e35eadf15c5611902dfdb", "number": "3203427497", "date": "2021-01-13 13:52:00", "subject": "0", "recorded-or-robo": "Y", "city": "Duluth", "state": "MN", "area-code": "218"}, {"id": "3decc6bfadaa436a105714c6ba6cd093", "number": "8555567414", "date": "2021-01-23 13:17:00", "subject": "1", "recorded-or-robo": "Y", "city": "Camby", "state": "IN", "area-code": "317"}, {"id": "03e293b3df9e35eadf15c5611902df7a", "number": "8555567414", "date": "2021-01-23 13:17:00", "subject": "1", "recorded-or-robo": "Y", "city": "Camby", "state": "IN", "area-code": "317"}, {"id": "3decc6bfadaa436a105714c6ba6ccd42", "number": "2566022677", "date": "2021-01-14 11:14:00", "subject": "0", "recorded-or-robo": "Y", "city": "Duluth", "state": "MN", "area-code": "218"}, {"id": "03e293b3df9e35eadf15c5611902d88a", "number": "2566022677", "date": "2021-01-14 11:14:00", "subject": "0", "recorded-or-robo": "Y", "city": "Duluth", "state": "MN", "area-code": "218"}, {"id": "3decc6bfadaa436a105714c6ba6ccc8d", "number": "2199459901", "date": "2021-01-23 17:33:00", "subject": "0", "recorded-or-robo": "Y", "city": "Camby", "state": "IN", "area-code": "317"}, {"id": "03e293b3df9e35eadf15c5611902cb72", "number": "2199459901", "date": "2021-01-23 17:33:00", "subject": "0", "recorded-or-robo": "Y", "city": "Camby", "state": "IN", "area-code": "317"}, {"id": "3decc6bfadaa436a105714c6ba6cc9b8", "number": "9195141004", "date": "2020-12-22 15:03:00", "subject": "2", "recorded-or-robo": "Y", "city": "", "state": "OH", "area-code": "419"}, {"id": "03e293b3df9e35eadf15c5611902c881", "number": "9195141004", "date": "2020-12-22 15:03:00", "subject": "2", "recorded-or-robo": "Y", "city": "", "state": "OH", "area-code": "419"}, {"id": "3decc6bfadaa436a105714c6ba6cc499", "number": "9359154", "date": "2021-01-15 08:55:00", "subject": "0", "recorded-or-robo": "Y", "city": "Duluth", "state": "MN", "area-code": "218"}, {"id": "03e293b3df9e35eadf15c5611902b8fa", "number": "9359154", "date": "2021-01-15 08:55:00", "subject": "0", "recorded-or-robo": "Y", "city": "Duluth", "state": "MN", "area-code": "218"}, {"id": "3decc6bfadaa436a105714c6ba82ce53", "number": "+18163786892", "date": "2021-01-23 21:35:38", "subject": "3", "recorded-or-robo": "Y", "city": "", "state": "MO", "area-code": "816"}, {"id": "03e293b3df9e35eadf15c561191921f7", "number": "+18163786892", "date": "2021-01-23 21:35:38", "subject": "3", "recorded-or-robo": "Y", "city": "", "state": "MO", "area-code": "816"}, {"id": "3decc6bfadaa436a105714c6ba6cb829", "number": "", "date": "2021-01-23 12:00:00", "subject": "1", "recorded-or-robo": "Y", "city": "Spokane Valley", "state": "WA", "area-code": "509"}, {"id": "03e293b3df9e35eadf15c5611902ae6c", "number": "", "date": "2021-01-23 12:00:00", "subject": "1", "recorded-or-robo": "Y", "city": "Spokane Valley", "state": "WA", "area-code": "509"}, {"id": "3decc6bfadaa436a105714c6ba6cad27", "number": "7289260", "date": "2021-01-15 11:53:00", "subject": "0", "recorded-or-robo": "Y", "city": "Duluth", "state": "MN", "area-code": "218"}, {"id": "03e293b3df9e35eadf15c5611902ac28", "number": "7289260", "date": "2021-01-15 11:53:00", "subject": "0", "recorded-or-robo": "Y", "city": "Duluth", "state": "MN", "area-code": "218"}, {"id": "3decc6bfadaa436a105714c6ba82ecff", "number": "7182442602", "date": "2021-01-23 21:34:35", "subject": "3", "recorded-or-robo": "Y", "city": "", "state": "CA", "area-code": "619"}, {"id": "3decc6bfadaa436a105714c6ba6ca621", "number": "9195141004", "date": "2021-01-20 18:58:00", "subject": "2", "recorded-or-robo": "Y", "city": "", "state": "OH", "area-code": "419"}, {"id": "03e293b3df9e35eadf15c561191931ea", "number": "7182442602", "date": "2021-01-23 21:34:35", "subject": "3", "recorded-or-robo": "Y", "city": "", "state": "CA", "area-code": "619"}, {"id": "03e293b3df9e35eadf15c5611902a06d", "number": "9195141004", "date": "2021-01-20 18:58:00", "subject": "2", "recorded-or-robo": "Y", "city": "", "state": "OH", "area-code": "419"}, {"id": "3decc6bfadaa436a105714c6ba8326d8", "number": "+18333353439", "date": "2021-01-23 21:34:22", "subject": "3", "recorded-or-robo": "Y", "city": "", "state": "MI", "area-code": "810"}]}