{"data": [{"id": "03e293b3df9e35eadf15c5611901d251", "number": "8149240227", "date": "2021-01-15 15:30:00", "subject": "4", "recorded-or-robo": "Y", "city": "Erie", "state": "PA", "area-code": "814"}, {"id": "3decc6bfadaa436a105714c6ba6bbcdd", "number": "6072145470", "date": "2021-01-22 12:19:00", "subject": "0", "recorded-or-robo": "Y", "city": "", "state": "OH", "area-code": "567"}, {"id": "03e293b3df9e35eadf15c5611901ccd9", "number": "6072145470", "date": "2021-01-22 12:19:00", "subject": "0", "recorded-or-robo": "Y", "city": "", "state": "OH", "area-code": "567"}, {"id": "3decc6bfadaa436a105714c6ba8230fb", "number": "+19145664352", "date": "2021-01-23 21:16:01", "subject": "3", "recorded-or-robo": "Y", "city": "", "state": "NY", "area-code": "347"}, {"id": "03e293b3df9e35eadf15c5611918a7c8", "number": "+19145664352", "date": "2021-01-23 21:16:01", "subject": "3", "recorded-or-robo": "Y", "city": "", "state": "NY", "area-code": "347"}, {"id": "3decc6bfadaa436a105714c6ba6ba67b", "number": "2482756895", "date": "2021-01-23 12:48:00", "subject": "0", "recorded-or-robo": "N", "city": "Farmington Hills", "state": "MI", "area-code": "248"}, {"id": "03e293b3df9e35eadf15c5611901becf", "number": "2482756895", "date": "2021-01-23 12:48:00", "subject": "0", "recorded-or-robo": "N", "city": "Farmington Hills", "state": "MI", "area-code": "248"}, {"id": "3decc6bfadaa436a105714c6ba6b9fa2", "number": "2697756809", "date": "2021-01-21 14:32:00", "subject": "0", "recorded-or-robo": "N", "city": "", "state": "MI", "area-code": "269"}, {"id": "03e293b3df9e35eadf15c5611901baa3", "number": "2697756809", "date": "2021-01-21 14:32:00", "subject": "0", "recorded-or-robo": "N", "city": "", "state": "MI", "area-code": "269"}, {"id": "3decc6bfadaa436a105714c6ba6b8f37", "number": "4155612246", "date": "2021-01-22 09:35:00", "subject": "3", "recorded-or-robo": "N", "city": "", "state": "CA", "area-code": "415"}, {"id": "03e293b3df9e35eadf15c5611901a938", "number": "4155612246", "date": "2021-01-22 09:35:00", "subject": "3", "recorded-or-robo": "N", "city": "", "state": "CA", "area-code": "415"}, {"id": "3decc6bfadaa436a105714c6ba6b9838", "number": "8647607543", "date": "2021-01-23 21:04:00", "subject": "1", "recorded-or-robo": "N", "city": "Greenwood", "state": "SC", "area-code": "864"}, {"id": "03e293b3df9e35eadf15c5611901ad36", "number": "8647607543", "date": "2021-01-23 21:04:00", "subject": "1", "recorded-or-robo": "N", "city": "Greenwood", "state": "SC", "area-code": "864"}, {"id": "3decc6bfadaa436a105714c6ba823ea1", "number": "3053503189", "date": "2021-01-23 21:13:05", "subject": "3", "recorded-or-robo": "N", "city": "", "state": "FL", "area-code": "305"}, {"id": "03e293b3df9e35eadf15c5611918c1af", "number": "3053503189", "date": "2021-01-23 21:13:05", "subject": "3", "recorded-or-robo": "N", "city": "", "state": "FL", "area-code": "305"}, {"id": "3decc6bfadaa436a105714c6ba6b85dc", "number": "2029140217", "date": "2021-01-23 14:39:00", "subject": "2", "recorded-or-robo": "Y", "city": "las vegas", "state": "NV", "area-code": "702"}, {"id": "03e293b3df9e35eadf15c5611901a2d6", "number": "2029140217", "date": "2021-01-23 14:39:00", "subject": "2", "recorded-or-robo": "Y", "city": "las vegas", "state": "NV", "area-code": "702"}, {"id": "3decc6bfadaa436a105714c6ba6b7f40", "number": "2255324097", "date": "2021-01-22 16:55:00", "subject": "2", "recorded-or-robo": "Y", "city": "las vegas", "state": "NV", "area-code": "702"}, {"id": "03e293b3df9e35eadf15c5611901a01e", "number": "2255324097", "date": "2021-01-22 16:55:00", "subject": "2", "recorded-or-robo": "Y", "city": "las vegas", "state": "NV", "area-code": "702"}, {"id": "3decc6bfadaa436a105714c6ba8226b7", "number": "8057165369", "date": "2021-01-23 21:10:23", "subject": "3", "recorded-or-robo": "Y", "city": "", "state": "TX", "area-code": "254"}, {"id": "03e293b3df9e35eadf15c561191893ea", "number": "8057165369", "date": "2021-01-23 21:10:23", "subject": "3", "recorded-or-robo": "Y", "city": "", "state": "TX", "area-code": "254"}, {"id": "3decc6bfadaa436a105714c6ba6b7db0", "number": "8102120638", "date": "2021-01-23 16:40:00", "subject": "2", "recorded-or-robo": "Y", "city": "", "state": "NJ", "area-code": "201"}, {"id": "03e293b3df9e35eadf15c56119019c12", "number": "8102120638", "date": "2021-01-23 16:40:00", "subject": "2", "recorded-or-robo": "Y", "city": "", "state": "NJ", "area-code": "201"}, {"id": "3decc6bfadaa436a105714c6ba822ca0", "number": "7133522894", "date": "2021-01-23 21:09:32", "subject": "3", "recorded-or-robo": "N", "city": "", "state": "TX", "area-code": "713"}, {"id": "03e293b3df9e35eadf15c56119189d2f", "number": "7133522894", "date": "2021-01-23 21:09:32", "subject": "3", "recorded-or-robo": "N", "city": "", "state": "TX", "area-code": "713"}, {"id": "3decc6bfadaa436a105714c6ba6b7b71", "number": "2063471967", "date": "2021-01-22 10:49:00", "subject": "6", "recorded-or-robo": "N", "city": "VANCOUVER", "state": "WA", "area-code": "360"}, {"id": "03e293b3df9e35eadf15c56119018d57", "number": "2063471967", "date": "2021-01-22 10:49:00", "subject": "6", "recorded-or-robo": "N", "city": "VANCOUVER", "state": "WA", "area-code": "360"}, {"id": "3decc6bfadaa436a105714c6ba6b7a7a", "number": "7026204795", "date": "2021-01-23 13:59:00", "subject": "2", "recorded-or-robo": "Y", "city": "Las Vegas", "state": "NV", "area-code": "702"}, {"id": "03e293b3df9e35eadf15c56119018b67", "number": "7026204795", "date": "2021-01-23 13:59:00", "subject": "2", "recorded-or-robo": "Y", "city": "Las Vegas", "state": "NV", "area-code": "702"}, {"id": "3decc6bfadaa436a105714c6ba6b6d68", "number": "4012589648", "date": "2021-01-23 11:48:00", "subject": "2", "recorded-or-robo": "N", "city": "", "state": "RI", "area-code": "401"}, {"id": "03e293b3df9e35eadf15c5611901815e", "number": "4012589648", "date": "2021-01-23 11:48:00", "subject": "2", "recorded-or-robo": "N", "city": "", "state": "RI", "area-code": "401"}, {"id": "3decc6bfadaa436a105714c6ba821ea5", "number": "8609204911", "date": "2021-01-23 21:06:25", "subject": "3", "recorded-or-robo": "Y", "city": "", "state": "CT", "area-code": "860"}, {"id": "03e293b3df9e35eadf15c56119188656", "number": "8609204911", "date": "2021-01-23 21:06:25", "subject": "3", "recorded-or-robo": "Y", "city": "", "state": "CT", "area-code": "860"}, {"id": "3decc6bfadaa436a105714c6ba6b62c8", "number": "9045064403", "date": "2021-01-14 13:35:00", "subject": "2", "recorded-or-robo": "Y", "city": "", "state": "FL", "area-code": "904"}, {"id": "03e293b3df9e35eadf15c56119017316", "number": "9045064403", "date": "2021-01-14 13:35:00", "subject": "2", "recorded-or-robo": "Y", "city": "", "state": "FL", "area-code": "904"}, {"id": "3decc6bfadaa436a105714c6ba6b5b96", "number": "3143105139", "date": "2021-01-23 21:00:00", "subject": "0", "recorded-or-robo": "Y", "city": "Toms Brooks", "state": "VA", "area-code": "757"}, {"id": "03e293b3df9e35eadf15c5611901657b", "number": "3143105139", "date": "2021-01-23 21:00:00", "subject": "0", "recorded-or-robo": "Y", "city": "Toms Brooks", "state": "VA", "area-code": "757"}, {"id": "3decc6bfadaa436a105714c6ba6b5432", "number": "6198042241", "date": "2020-12-10 17:01:00", "subject": "2", "recorded-or-robo": "N", "city": "", "state": "CA", "area-code": "858"}, {"id": "03e293b3df9e35eadf15c56119016109", "number": "6198042241", "date": "2020-12-10 17:01:00", "subject": "2", "recorded-or-robo": "N", "city": "", "state": "CA", "area-code": "858"}, {"id": "3decc6bfadaa436a105714c6ba6b4499", "number": "5205232280", "date": "2021-01-23 12:10:00", "subject": "6", "recorded-or-robo": "Y", "city": "", "state": "AZ", "area-code": "520"}, {"id": "03e293b3df9e35eadf15c56119015eee", "number": "5205232280", "date": "2021-01-23 12:10:00", "subject": "6", "recorded-or-robo": "Y", "city": "", "state": "AZ", "area-code": "520"}, {"id": "3decc6bfadaa436a105714c6ba6b373f", "number": "6602872007", "date": "2021-01-23 19:27:00", "subject": "2", "recorded-or-robo": "Y", "city": "KNOB NOSTER", "state": "MO", "area-code": "660"}, {"id": "03e293b3df9e35eadf15c56119014f03", "number": "6602872007", "date": "2021-01-23 19:27:00", "subject": "2", "recorded-or-robo": "Y", "city": "KNOB NOSTER", "state": "MO", "area-code": "660"}, {"id": "3decc6bfadaa436a105714c6ba6b2d37", "number": "6198391045", "date": "2021-01-21 11:35:00", "subject": "1", "recorded-or-robo": "Y", "city": "Pecatonica", "state": "IL", "area-code": "815"}, {"id": "03e293b3df9e35eadf15c561190147d4", "number": "6198391045", "date": "2021-01-21 11:35:00", "subject": "1", "recorded-or-robo": "Y", "city": "Pecatonica", "state": "IL", "area-code": "815"}, {"id": "3decc6bfadaa436a105714c6ba821ddf", "number": "5134962280", "date": "2021-01-23 21:03:07", "subject": "3", "recorded-or-robo": "Y", "city": "", "state": "OH", "area-code": "216"}, {"id": "03e293b3df9e35eadf15c56119188495", "number": "5134962280", "date": "2021-01-23 21:03:07", "subject": "3", "recorded-or-robo": "Y", "city": "", "state": "OH", "area-code": "216"}, {"id": "3decc6bfadaa436a105714c6ba6b1f93", "number": "9044850837", "date": "2021-01-22 10:12:00", "subject": "3", "recorded-or-robo": "", "city": "", "state": "FL", "area-code": "904"}, {"id": "03e293b3df9e35eadf15c56119013d1b", "number": "9044850837", "date": "2021-01-22 10:12:00", "subject": "3", "recorded-or-robo": "", "city": "", "state": "FL", "area-code": "904"}, {"id": "3decc6bfadaa436a105714c6ba6b1626", "number": "9043686411", "date": "2021-01-20 13:46:00", "subject": "0", "recorded-or-robo": "Y", "city": "", "state": "FL", "area-code": "904"}]}