{"data": [{"id": "7d2e0ed7caaa30c7e5e9c6477b38f94a", "number": "5166027904", "area-code": "516"}, {"id": "7d2e0ed7caaa30c7e5e9c6477b3917dd", "number": "5166027904", "area-code": "516"}, {"id": "7d2e0ed7caaa30c7e5e9c6477b2627c9", "number": "8474957173", "area-code": "847"}, {"id": "7d2e0ed7caaa30c7e5e9c6477b2628f3", "number": "8177611164", "area-code": "817"}, {"id": "7d2e0ed7caaa30c7e5e9c6477b38fd72", "number": "8609132755", "area-code": "860"}, {"id": "7d2e0ed7caaa30c7e5e9c6477b39044e", "number": "8609132755", "area-code": "860"}, {"id": "7d2e0ed7caaa30c7e5e9c6477b390d73", "number": "8609132755", "area-code": "860"}, {"id": "7d2e0ed7caaa30c7e5e9c6477b3919ad", "number": "8609132755", "area-code": "860"}, {"id": "7d2e0ed7caaa30c7e5e9c6477b26266d", "number": "7733412279", "area-code": "847"}, {"id": "7d2e0ed7caaa30c7e5e9c6477b2626ee", "number": "4022515198", "area-code": "402"}, {"id": "7d2e0ed7caaa30c7e5e9c6477b38f1c9", "number": "+14802791969", "area-code": "630"}, {"id": "7d2e0ed7caaa30c7e5e9c6477b38dfc5", "number": "+14802791818", "area-code": "630"}, {"id": "7d2e0ed7caaa30c7e5e9c6477b38ce83", "number": "+14802790212", "area-code": "630"}, {"id": "7d2e0ed7caaa30c7e5e9c6477b38ee77", "number": "+14802792188", "area-code": "630"}, {"id": "7d2e0ed7caaa30c7e5e9c6477b38cacd", "number": "9362499536", "area-code": "631"}, {"id": "7d2e0ed7caaa30c7e5e9c6477b261942", "number": "6232952293", "area-code": "623"}, {"id": "7d2e0ed7caaa30c7e5e9c6477b38bdb1", "number": "2142389807", "area-code": "702"}, {"id": "7d2e0ed7caaa30c7e5e9c6477b38d1e1", "number": "7029282068", "area-code": "702"}, {"id": "7d2e0ed7caaa30c7e5e9c6477b260e76", "number": "6232952293", "area-code": "623"}, {"id": "7d2e0ed7caaa30c7e5e9c6477b38c87f", "number": "5053056813", "area-code": "505"}, {"id": "7d2e0ed7caaa30c7e5e9c6477b260910", "number": "4806913290", "area-code": "480"}, {"id": "7d2e0ed7caaa30c7e5e9c6477b25f981", "number": "", "area-code": "858"}, {"id": "7d2e0ed7caaa30c7e5e9c6477b25ed81", "number": "6027357306", "area-code": "623"}, {"id": "7d2e0ed7caaa30c7e5e9c6477b38aa1e", "number": "6463701884", "area-code": "646"}, {"id": "7d2e0ed7caaa30c7e5e9c6477b388b7b", "number": "6463701884", "area-code": "646"}, {"id": "7d2e0ed7caaa30c7e5e9c6477b388eba", "number": "6463701884", "area-code": "646"}, {"id": "7d2e0ed7caaa30c7e5e9c6477b389351", "number": "4146268910", "area-code": "646"}, {"id": "7d2e0ed7caaa30c7e5e9c6477b25ddbe", "number": "7024253558", "area-code": "702"}, {"id": "7d2e0ed7caaa30c7e5e9c6477b38a209", "number": "+13233803160", "area-code": "813"}, {"id": "7d2e0ed7caaa30c7e5e9c6477b25dacc", "number": "6025646641", "area-code": "623"}, {"id": "7d2e0ed7caaa30c7e5e9c6477b38b35e", "number": "+18773584998", "area-code": "813"}, {"id": "7d2e0ed7caaa30c7e5e9c6477b25d8c7", "number": "6235235849", "area-code": "623"}, {"id": "7d2e0ed7caaa30c7e5e9c6477b388b01", "number": "2183020075", "area-code": "218"}, {"id": "7d2e0ed7caaa30c7e5e9c6477b25d2cc", "number": "8449891708", "area-code": "623"}, {"id": "7d2e0ed7caaa30c7e5e9c6477b386420", "number": "7252138056", "area-code": "408"}, {"id": "7d2e0ed7caaa30c7e5e9c6477b25c894", "number": "8448935577", "area-code": "623"}, {"id": "7d2e0ed7caaa30c7e5e9c6477b3872dc", "number": "4086037883", "area-code": "408"}, {"id": "7d2e0ed7caaa30c7e5e9c6477b386e0d", "number": "4086037883", "area-code": "408"}, {"id": "7d2e0ed7caaa30c7e5e9c6477b38519b", "number": "4086866631", "area-code": "408"}, {"id": "7d2e0ed7caaa30c7e5e9c6477b384ba3", "number": "4086866631", "area-code": "408"}, {"id": "7d2e0ed7caaa30c7e5e9c6477b387058", "number": "+19173648917", "area-code": "207"}, {"id": "7d2e0ed7caaa30c7e5e9c6477b387c76", "number": "9703444017", "area-code": "408"}, {"id": "7d2e0ed7caaa30c7e5e9c6477b385f79", "number": "7183511908", "area-code": "408"}, {"id": "7d2e0ed7caaa30c7e5e9c6477b3836dd", "number": "+12146145698", "area-code": "214"}, {"id": "7d2e0ed7caaa30c7e5e9c6477b25c814", "number": "3152073635", "area-code": "718"}, {"id": "7d2e0ed7caaa30c7e5e9c6477b382046", "number": "3109561043", "area-code": "626"}, {"id": "7d2e0ed7caaa30c7e5e9c6477b3824e6", "number": "7548125545", "area-code": "925"}, {"id": "7d2e0ed7caaa30c7e5e9c6477b25c08f", "number": "5627253210", "area-code": "562"}, {"id": "7d2e0ed7caaa30c7e5e9c6477b38303c", "number": "6462240559", "area-code": "646"}, {"id": "7d2e0ed7caaa30c7e5e9c6477b25bc12", "number": "7074000134", "area-code": "973"}], "meta": {"record-total": 3566}}