{"data": [{"id": "54dff3ae27422bf0c3cbedb8e3f876d5", "number": "3232689310", "area-code": "323"}, {"id": "54dff3ae27422bf0c3cbedb8e3f86842", "number": "4086083662", "area-code": "408"}, {"id": "54dff3ae27422bf0c3cbedb8e3f86684", "number": "5109494533", "area-code": "408"}, {"id": "54dff3ae27422bf0c3cbedb8e3f85732", "number": "3236947999", "area-code": "323"}, {"id": "54dff3ae27422bf0c3cbedb8e3f8530e", "number": "4086083662", "area-code": "408"}, {"id": "54dff3ae27422bf0c3cbedb8e3f8510f", "number": "5622317605", "area-code": "916"}, {"id": "54dff3ae27422bf0c3cbedb8e3f84353", "number": "9082596696", "area-code": "609"}, {"id": "54dff3ae27422bf0c3cbedb8e3f8408e", "number": "5852530230", "area-code": "585"}, {"id": "54dff3ae27422bf0c3cbedb8e3f83f88", "number": "4695670762", "area-code": "435"}, {"id": "54dff3ae27422bf0c3cbedb8e3f83f71", "number": "3374752397", "area-code": "337"}, {"id": "54dff3ae27422bf0c3cbedb8e3f8367e", "number": "9162265089", "area-code": "916"}, {"id": "54dff3ae27422bf0c3cbedb8e3f82db8", "number": "7734044480", "area-code": "773"}, {"id": "54dff3ae27422bf0c3cbedb8e3f81dfa", "number": "9162265089", "area-code": "916"}, {"id": "54dff3ae27422bf0c3cbedb8e3f81392", "number": "2135135020", "area-code": "303"}, {"id": "54dff3ae27422bf0c3cbedb8e3f81318", "number": "2109421035", "area-code": "860"}, {"id": "54dff3ae27422bf0c3cbedb8e3f81276", "number": "", "area-code": "630"}, {"id": "54dff3ae27422bf0c3cbedb8e3f80abc", "number": "4752416250", "area-code": "860"}, {"id": "54dff3ae27422bf0c3cbedb8e3f807fe", "number": "7207803070", "area-code": "303"}, {"id": "54dff3ae27422bf0c3cbedb8e3f8028a", "number": "8602487757", "area-code": "860"}, {"id": "54dff3ae27422bf0c3cbedb8e3f7fb0b", "number": "6627349155", "area-code": "813"}, {"id": "54dff3ae27422bf0c3cbedb8e3f7f637", "number": "6018037614", "area-code": "509"}, {"id": "54dff3ae27422bf0c3cbedb8e3f7e69d", "number": "2157708959", "area-code": "785"}, {"id": "54dff3ae27422bf0c3cbedb8e3f7dc2b", "number": "4752549531", "area-code": "860"}, {"id": "54dff3ae27422bf0c3cbedb8e3f7d02f", "number": "4259445077", "area-code": "509"}, {"id": "54dff3ae27422bf0c3cbedb8e3f7caea", "number": "5736640059", "area-code": "586"}, {"id": "54dff3ae27422bf0c3cbedb8e3f7c721", "number": "5097657304", "area-code": "509"}, {"id": "54dff3ae27422bf0c3cbedb8e3f7c5fc", "number": "7207803070", "area-code": "303"}, {"id": "54dff3ae27422bf0c3cbedb8e3f7bf91", "number": "5178355953", "area-code": "509"}, {"id": "54dff3ae27422bf0c3cbedb8e3f7be6f", "number": "6238007202", "area-code": "623"}, {"id": "54dff3ae27422bf0c3cbedb8e3f7b211", "number": "", "area-code": "561"}, {"id": "54dff3ae27422bf0c3cbedb8e3f7a242", "number": "3045133237", "area-code": "858"}, {"id": "54dff3ae27422bf0c3cbedb8e3f79b80", "number": "8607468198", "area-code": "860"}, {"id": "54dff3ae27422bf0c3cbedb8e3f798f9", "number": "5178355953", "area-code": "509"}, {"id": "54dff3ae27422bf0c3cbedb8e3f7956c", "number": "8008693557", "area-code": "561"}, {"id": "54dff3ae27422bf0c3cbedb8e3f79401", "number": "7143831322", "area-code": "303"}, {"id": "54dff3ae27422bf0c3cbedb8e3f786e1", "number": "2134638898", "area-code": "805"}, {"id": "54dff3ae27422bf0c3cbedb8e3f77f24", "number": "9492087075", "area-code": "858"}, {"id": "54dff3ae27422bf0c3cbedb8e3f775b9", "number": "5177703016", "area-code": "509"}, {"id": "54dff3ae27422bf0c3cbedb8e3f7745b", "number": "8607826276", "area-code": "860"}, {"id": "54dff3ae27422bf0c3cbedb8e3f76911", "number": "9175439982", "area-code": "805"}, {"id": "54dff3ae27422bf0c3cbedb8e3f76466", "number": "8442183104", "area-code": "858"}, {"id": "54dff3ae27422bf0c3cbedb8e3f75b91", "number": "5097655466", "area-code": "509"}, {"id": "54dff3ae27422bf0c3cbedb8e3f7576f", "number": "8607755695", "area-code": "860"}, {"id": "54dff3ae27422bf0c3cbedb8e3f747c3", "number": "9492087075", "area-code": "858"}, {"id": "54dff3ae27422bf0c3cbedb8e3f73a3a", "number": "7193874794", "area-code": "303"}, {"id": "54dff3ae27422bf0c3cbedb8e3f7348c", "number": "9493594322", "area-code": "858"}, {"id": "54dff3ae27422bf0c3cbedb8e3f72dae", "number": "2394827802", "area-code": "954"}, {"id": "54dff3ae27422bf0c3cbedb8e3f7281c", "number": "3392161439", "area-code": "337"}, {"id": "54dff3ae27422bf0c3cbedb8e3f722e1", "number": "2816063790", "area-code": "281"}, {"id": "54dff3ae27422bf0c3cbedb8e3f719b2", "number": "5107857634", "area-code": "858"}], "meta": {"record-total": 10705}}