{"data": [{"id": "f5f80a8ea82a65a49b8cc99ef84f25d4", "number": "8335520713", "area-code": "253"}, {"id": "f5f80a8ea82a65a49b8cc99ef84f229a", "number": "6264242209", "area-code": "714"}, {"id": "f5f80a8ea82a65a49b8cc99ef84f1350", "number": "8326125957", "area-code": "503"}, {"id": "f5f80a8ea82a65a49b8cc99ef84f07b6", "number": "5852261208", "area-code": "585"}, {"id": "f5f80a8ea82a65a49b8cc99ef84f0684", "number": "5759101672", "area-code": "575"}, {"id": "f5f80a8ea82a65a49b8cc99ef84efe54", "number": "9292709406", "area-code": "609"}, {"id": "f5f80a8ea82a65a49b8cc99ef84efdfe", "number": "5852976016", "area-code": "585"}, {"id": "f5f80a8ea82a65a49b8cc99ef84ef787", "number": "6195580874", "area-code": "619"}, {"id": "f5f80a8ea82a65a49b8cc99ef84ee9b0", "number": "3103147705", "area-code": "310"}, {"id": "f5f80a8ea82a65a49b8cc99ef84edc87", "number": "4694981970", "area-code": "209"}, {"id": "f5f80a8ea82a65a49b8cc99ef84ed9bc", "number": "", "area-code": "646"}, {"id": "f5f80a8ea82a65a49b8cc99ef84ecce9", "number": "5862572420", "area-code": "586"}, {"id": "f5f80a8ea82a65a49b8cc99ef84ec6d1", "number": "2677620001", "area-code": "209"}, {"id": "f5f80a8ea82a65a49b8cc99ef84ec625", "number": "3235805520", "area-code": "503"}, {"id": "f5f80a8ea82a65a49b8cc99ef84ebf42", "number": "9896864162", "area-code": "989"}, {"id": "f5f80a8ea82a65a49b8cc99ef84eb85d", "number": "8008650140", "area-code": "701"}, {"id": "f5f80a8ea82a65a49b8cc99ef84eb68b", "number": "6262473553", "area-code": "503"}, {"id": "f5f80a8ea82a65a49b8cc99ef84ea7e0", "number": "6617167042", "area-code": "209"}, {"id": "f5f80a8ea82a65a49b8cc99ef84e9f55", "number": "6163451534", "area-code": "989"}, {"id": "f5f80a8ea82a65a49b8cc99ef84e9d87", "number": "7017999124", "area-code": "701"}, {"id": "f5f80a8ea82a65a49b8cc99ef84e920a", "number": "", "area-code": "303"}, {"id": "f5f80a8ea82a65a49b8cc99ef84e854a", "number": "2099481370", "area-code": "209"}, {"id": "f5f80a8ea82a65a49b8cc99ef84e75cc", "number": "9892817319", "area-code": "989"}, {"id": "f5f80a8ea82a65a49b8cc99ef84e6ef3", "number": "9178479537", "area-code": "209"}, {"id": "f5f80a8ea82a65a49b8cc99ef84e5fca", "number": "5124211364", "area-code": "315"}, {"id": "f5f80a8ea82a65a49b8cc99ef84e525f", "number": "2099885694", "area-code": "209"}, {"id": "f5f80a8ea82a65a49b8cc99ef84e4b5e", "number": "9892833392", "area-code": "989"}, {"id": "f5f80a8ea82a65a49b8cc99ef84e4a36", "number": "4698135798", "area-code": "608"}, {"id": "f5f80a8ea82a65a49b8cc99ef84e429d", "number": "5108226150", "area-code": "520"}, {"id": "f5f80a8ea82a65a49b8cc99ef84e32c3", "number": "9892171780", "area-code": "989"}, {"id": "f5f80a8ea82a65a49b8cc99ef84e2b9c", "number": "4698135798", "area-code": "608"}, {"id": "f5f80a8ea82a65a49b8cc99ef84e2621", "number": "5203379146", "area-code": "520"}, {"id": "f5f80a8ea82a65a49b8cc99ef84e1d30", "number": "2122095470", "area-code": "347"}, {"id": "f5f80a8ea82a65a49b8cc99ef84e16b4", "number": "5173004102", "area-code": "989"}, {"id": "f5f80a8ea82a65a49b8cc99ef84e14dc", "number": "8062835475", "area-code": "806"}, {"id": "f5f80a8ea82a65a49b8cc99ef84e08f8", "number": "9174996439", "area-code": "858"}, {"id": "f5f80a8ea82a65a49b8cc99ef84e006c", "number": "8722593121", "area-code": "847"}, {"id": "f5f80a8ea82a65a49b8cc99ef84df80a", "number": "8472422801", "area-code": "847"}, {"id": "f5f80a8ea82a65a49b8cc99ef84de96a", "number": "8472216749", "area-code": "847"}, {"id": "f5f80a8ea82a65a49b8cc99ef84dddaf", "number": "7322494900", "area-code": "732"}, {"id": "f5f80a8ea82a65a49b8cc99ef84dd441", "number": "5713173122", "area-code": "989"}, {"id": "f5f80a8ea82a65a49b8cc99ef84dcfe1", "number": "5034614695", "area-code": "208"}, {"id": "f5f80a8ea82a65a49b8cc99ef84dcae9", "number": "8665320424", "area-code": "732"}, {"id": "f5f80a8ea82a65a49b8cc99ef84dc7e3", "number": "7144099053", "area-code": "714"}, {"id": "f5f80a8ea82a65a49b8cc99ef84dc37d", "number": "2027538717", "area-code": "949"}, {"id": "f5f80a8ea82a65a49b8cc99ef84dbf77", "number": "5173004102", "area-code": "989"}, {"id": "f5f80a8ea82a65a49b8cc99ef84db5f5", "number": "6163451534", "area-code": "989"}, {"id": "f5f80a8ea82a65a49b8cc99ef84da767", "number": "6125207932", "area-code": "612"}, {"id": "f5f80a8ea82a65a49b8cc99ef84d99a5", "number": "7132137773", "area-code": "231"}, {"id": "f5f80a8ea82a65a49b8cc99ef84d8eee", "number": "6125207190", "area-code": "612"}], "meta": {"record-total": 10905}}