{"data": [{"id": "9f288b44190fedc2d2d1eaffa478e32e", "number": "3144701432", "area-code": "314"}, {"id": "9f288b44190fedc2d2d1eaffa4932176", "number": "6196684631", "area-code": "707"}, {"id": "9f288b44190fedc2d2d1eaffa478e1bd", "number": "833536826", "area-code": "763"}, {"id": "9f288b44190fedc2d2d1eaffa478e072", "number": "8135492449", "area-code": "954"}, {"id": "9f288b44190fedc2d2d1eaffa49316c5", "number": "8556733578", "area-code": "561"}, {"id": "9f288b44190fedc2d2d1eaffa49302e8", "number": "7274722648", "area-code": "727"}, {"id": "9f288b44190fedc2d2d1eaffa4933000", "number": "+19169000110", "area-code": "916"}, {"id": "9f288b44190fedc2d2d1eaffa4936e00", "number": "4806913595", "area-code": "602"}, {"id": "9f288b44190fedc2d2d1eaffa478dbe0", "number": "8553282411", "area-code": "210"}, {"id": "9f288b44190fedc2d2d1eaffa4934b18", "number": "8046069577", "area-code": "757"}, {"id": "9f288b44190fedc2d2d1eaffa4936645", "number": "7272139380", "area-code": "727"}, {"id": "9f288b44190fedc2d2d1eaffa49356a1", "number": "4087407997", "area-code": "757"}, {"id": "9f288b44190fedc2d2d1eaffa4931039", "number": "3253073855", "area-code": "832"}, {"id": "9f288b44190fedc2d2d1eaffa492fa5c", "number": "4087407997", "area-code": "757"}, {"id": "9f288b44190fedc2d2d1eaffa478d72b", "number": "7729349184", "area-code": "217"}, {"id": "9f288b44190fedc2d2d1eaffa478d2c4", "number": "3306403213", "area-code": "216"}, {"id": "9f288b44190fedc2d2d1eaffa492f34f", "number": "+4806801982", "area-code": "520"}, {"id": "9f288b44190fedc2d2d1eaffa4933e45", "number": "+14806801982", "area-code": "520"}, {"id": "9f288b44190fedc2d2d1eaffa478c2fd", "number": "4075630784", "area-code": "847"}, {"id": "9f288b44190fedc2d2d1eaffa478bc40", "number": "3152328257", "area-code": "812"}, {"id": "9f288b44190fedc2d2d1eaffa478b5c4", "number": "2163064106", "area-code": "216"}, {"id": "9f288b44190fedc2d2d1eaffa492c3f2", "number": "+13073806122", "area-code": "219"}, {"id": "9f288b44190fedc2d2d1eaffa478a7f3", "number": "4693191364", "area-code": "469"}, {"id": "9f288b44190fedc2d2d1eaffa478a23b", "number": "6022600534", "area-code": "602"}, {"id": "9f288b44190fedc2d2d1eaffa492ce72", "number": "+13132431295", "area-code": "586"}, {"id": "9f288b44190fedc2d2d1eaffa492baad", "number": "+18884927122", "area-code": "520"}, {"id": "9f288b44190fedc2d2d1eaffa492dc9c", "number": "+15202229303", "area-code": "520"}, {"id": "9f288b44190fedc2d2d1eaffa478a1dc", "number": "7608735209", "area-code": "760"}, {"id": "9f288b44190fedc2d2d1eaffa4789fd3", "number": "7603093939", "area-code": "760"}, {"id": "9f288b44190fedc2d2d1eaffa492e0cd", "number": "4153465619", "area-code": "216"}, {"id": "9f288b44190fedc2d2d1eaffa492b399", "number": "5405762618", "area-code": "252"}, {"id": "9f288b44190fedc2d2d1eaffa492c452", "number": "5405762618", "area-code": "252"}, {"id": "9f288b44190fedc2d2d1eaffa492ca59", "number": "4077597810", "area-code": "407"}, {"id": "9f288b44190fedc2d2d1eaffa492ece2", "number": "4077597810", "area-code": "407"}, {"id": "9f288b44190fedc2d2d1eaffa478943c", "number": "7603093962", "area-code": "760"}, {"id": "9f288b44190fedc2d2d1eaffa47892e9", "number": "2673103225", "area-code": "816"}, {"id": "9f288b44190fedc2d2d1eaffa4788dd8", "number": "4172840403", "area-code": "706"}, {"id": "9f288b44190fedc2d2d1eaffa4788b78", "number": "6698888496", "area-code": "240"}, {"id": "9f288b44190fedc2d2d1eaffa4928462", "number": "+17272287553", "area-code": "918"}, {"id": "9f288b44190fedc2d2d1eaffa4788922", "number": "2022358182", "area-code": "509"}, {"id": "9f288b44190fedc2d2d1eaffa492a3be", "number": "+15203377738", "area-code": "520"}, {"id": "9f288b44190fedc2d2d1eaffa4927585", "number": "+17187045457", "area-code": "775"}, {"id": "9f288b44190fedc2d2d1eaffa4924922", "number": "+15204674010", "area-code": "520"}, {"id": "9f288b44190fedc2d2d1eaffa4923bbf", "number": "+15204674010", "area-code": "520"}, {"id": "9f288b44190fedc2d2d1eaffa4787f5e", "number": "7579307629", "area-code": "804"}, {"id": "9f288b44190fedc2d2d1eaffa4928a03", "number": "5162662594", "area-code": "516"}, {"id": "9f288b44190fedc2d2d1eaffa478724f", "number": "7312363816", "area-code": "731"}, {"id": "9f288b44190fedc2d2d1eaffa4787c3d", "number": "9735663178", "area-code": "973"}, {"id": "9f288b44190fedc2d2d1eaffa49404ba", "number": "7147069278", "area-code": "714"}, {"id": "9f288b44190fedc2d2d1eaffa49263a0", "number": "+15209695125", "area-code": "520"}], "meta": {"record-total": 17182}}