{"data": [{"id": "f8caed39e5b0b719fe6df5beecdca931", "number": "8667784483", "area-code": "610"}, {"id": "f8caed39e5b0b719fe6df5beecdca777", "number": "6103332964", "area-code": "323"}, {"id": "f8caed39e5b0b719fe6df5beecdc9ca2", "number": "6103332964", "area-code": "323"}, {"id": "f8caed39e5b0b719fe6df5beecdc95ea", "number": "5105022561", "area-code": "510"}, {"id": "f8caed39e5b0b719fe6df5beecdc92db", "number": "3155334952", "area-code": "813"}, {"id": "f8caed39e5b0b719fe6df5beecdc83fa", "number": "2703504339", "area-code": "808"}, {"id": "f8caed39e5b0b719fe6df5beece049a1", "number": "+14158123981", "area-code": "415"}, {"id": "f8caed39e5b0b719fe6df5beece04822", "number": "+14143756119", "area-code": "415"}, {"id": "f8caed39e5b0b719fe6df5beecdc78cc", "number": "8006947466", "area-code": "586"}, {"id": "f8caed39e5b0b719fe6df5beecdc709e", "number": "6193309714", "area-code": "760"}, {"id": "f8caed39e5b0b719fe6df5beecdc6d93", "number": "8186517935", "area-code": "630"}, {"id": "f8caed39e5b0b719fe6df5beecdc62f6", "number": "8008504758", "area-code": "650"}, {"id": "f8caed39e5b0b719fe6df5beecdc6013", "number": "8009001361", "area-code": "254"}, {"id": "f8caed39e5b0b719fe6df5beecdc56d5", "number": "4792104433", "area-code": "760"}, {"id": "f8caed39e5b0b719fe6df5beecdc4492", "number": "7087983009", "area-code": "708"}, {"id": "f8caed39e5b0b719fe6df5beecdc4b01", "number": "4083416515", "area-code": "650"}, {"id": "f8caed39e5b0b719fe6df5beecdc3d90", "number": "8664600174", "area-code": "760"}, {"id": "f8caed39e5b0b719fe6df5beecdc39f2", "number": "2092992320", "area-code": "209"}, {"id": "f8caed39e5b0b719fe6df5beecdc32fc", "number": "5623521881", "area-code": "209"}, {"id": "f8caed39e5b0b719fe6df5beece0434f", "number": "8886706052", "area-code": "949"}, {"id": "f8caed39e5b0b719fe6df5beecdc276b", "number": "6193309714", "area-code": "760"}, {"id": "f8caed39e5b0b719fe6df5beecdc1cf7", "number": "4083416515", "area-code": "650"}, {"id": "f8caed39e5b0b719fe6df5beecdc1042", "number": "2093896972", "area-code": "209"}, {"id": "f8caed39e5b0b719fe6df5beecdc0998", "number": "2562264295", "area-code": "256"}, {"id": "f8caed39e5b0b719fe6df5beecdc05b3", "number": "7194525812", "area-code": "719"}, {"id": "f8caed39e5b0b719fe6df5beecdbf680", "number": "7086370514", "area-code": "630"}, {"id": "f8caed39e5b0b719fe6df5beecdbe7cf", "number": "5034474154", "area-code": "719"}, {"id": "f8caed39e5b0b719fe6df5beecdbe444", "number": "8646559914", "area-code": "719"}, {"id": "f8caed39e5b0b719fe6df5beecdbdfb1", "number": "6057761451", "area-code": "719"}, {"id": "f8caed39e5b0b719fe6df5beecdbd181", "number": "7029031231", "area-code": "702"}, {"id": "f8caed39e5b0b719fe6df5beecdbc3ed", "number": "6028123419", "area-code": "719"}, {"id": "f8caed39e5b0b719fe6df5beecdbb8af", "number": "", "area-code": "719"}, {"id": "f8caed39e5b0b719fe6df5beecdba9b6", "number": "6057761451", "area-code": "719"}, {"id": "f8caed39e5b0b719fe6df5beecdba4bd", "number": "5034474154", "area-code": "719"}, {"id": "f8caed39e5b0b719fe6df5beecdb9834", "number": "5034474154", "area-code": "719"}, {"id": "f8caed39e5b0b719fe6df5beecdb8f97", "number": "9727790386", "area-code": "316"}, {"id": "f8caed39e5b0b719fe6df5beece04044", "number": "+18053284663", "area-code": "805"}, {"id": "f8caed39e5b0b719fe6df5beecdb837e", "number": "9858058176", "area-code": "985"}, {"id": "f8caed39e5b0b719fe6df5beecdb81e3", "number": "2016485148", "area-code": "928"}, {"id": "f8caed39e5b0b719fe6df5beecdb7ddd", "number": "9702873233", "area-code": "970"}, {"id": "f8caed39e5b0b719fe6df5beecdb7912", "number": "6163898590", "area-code": "832"}, {"id": "f8caed39e5b0b719fe6df5beece03f60", "number": "+18009765577", "area-code": "425"}, {"id": "f8caed39e5b0b719fe6df5beecdb7412", "number": "9727790306", "area-code": "270"}, {"id": "f8caed39e5b0b719fe6df5beecdb6714", "number": "2023819402", "area-code": "908"}, {"id": "f8caed39e5b0b719fe6df5beece03266", "number": "+12674778986", "area-code": "267"}, {"id": "f8caed39e5b0b719fe6df5beece030f5", "number": "+17707524103", "area-code": "267"}, {"id": "f8caed39e5b0b719fe6df5beecdb63a9", "number": "9898821453", "area-code": "919"}, {"id": "f8caed39e5b0b719fe6df5beece02f3d", "number": "+16178556147", "area-code": "310"}, {"id": "f8caed39e5b0b719fe6df5beecdb5409", "number": "", "area-code": "201"}, {"id": "f8caed39e5b0b719fe6df5beecdb4761", "number": "7206770015", "area-code": "720"}], "meta": {"record-total": 4495}}