{"data": [{"id": "f9d482fdbcb7d0cfe88711c07c100aaa", "number": "5033883103", "area-code": "503"}, {"id": "f9d482fdbcb7d0cfe88711c07c0ffbd3", "number": "4696308455", "area-code": "281"}, {"id": "f9d482fdbcb7d0cfe88711c07c0ff24f", "number": "8008759563", "area-code": "405"}, {"id": "f9d482fdbcb7d0cfe88711c07c0ff086", "number": "2342002622", "area-code": "216"}, {"id": "f9d482fdbcb7d0cfe88711c07c0fec12", "number": "2108214105", "area-code": "405"}, {"id": "f9d482fdbcb7d0cfe88711c07c0fe9b1", "number": "8327430764", "area-code": "281"}, {"id": "f9d482fdbcb7d0cfe88711c07c0fe565", "number": "4055543562", "area-code": "405"}, {"id": "f9d482fdbcb7d0cfe88711c07c0fdce0", "number": "2815843292", "area-code": "281"}, {"id": "f9d482fdbcb7d0cfe88711c07c0fd059", "number": "3037312493", "area-code": "303"}, {"id": "f9d482fdbcb7d0cfe88711c07c0fcbd4", "number": "8778057744", "area-code": "405"}, {"id": "f9d482fdbcb7d0cfe88711c07c0fbc70", "number": "5036203994", "area-code": "503"}, {"id": "f9d482fdbcb7d0cfe88711c07c0fb441", "number": "5594732698", "area-code": "805"}, {"id": "f9d482fdbcb7d0cfe88711c07c0fb504", "number": "3253084012", "area-code": "281"}, {"id": "f9d482fdbcb7d0cfe88711c07c0faba7", "number": "9173283213", "area-code": "206"}, {"id": "f9d482fdbcb7d0cfe88711c07c0f98e3", "number": "5594732698", "area-code": "805"}, {"id": "f9d482fdbcb7d0cfe88711c07c0f9d04", "number": "7862639006", "area-code": "305"}, {"id": "f9d482fdbcb7d0cfe88711c07c0f8e29", "number": "5858292385", "area-code": "585"}, {"id": "f9d482fdbcb7d0cfe88711c07c0f85c6", "number": "3072485139", "area-code": "805"}, {"id": "f9d482fdbcb7d0cfe88711c07c0f88c5", "number": "7147350036", "area-code": "714"}, {"id": "f9d482fdbcb7d0cfe88711c07c0f804c", "number": "7142424677", "area-code": "808"}, {"id": "f9d482fdbcb7d0cfe88711c07c0f7b22", "number": "9095334638", "area-code": "909"}, {"id": "f9d482fdbcb7d0cfe88711c07c0f71f5", "number": "8449042780", "area-code": "503"}, {"id": "f9d482fdbcb7d0cfe88711c07c0f6300", "number": "6262167180", "area-code": "909"}, {"id": "f9d482fdbcb7d0cfe88711c07c0f585a", "number": "6262167180", "area-code": "909"}, {"id": "f9d482fdbcb7d0cfe88711c07c0f4f7d", "number": "6268237143", "area-code": "909"}, {"id": "f9d482fdbcb7d0cfe88711c07c0f49af", "number": "8665343582", "area-code": "909"}, {"id": "f9d482fdbcb7d0cfe88711c07c0f40e3", "number": "6262401677", "area-code": "909"}, {"id": "f9d482fdbcb7d0cfe88711c07c0f3f0f", "number": "6615533703", "area-code": "540"}, {"id": "f9d482fdbcb7d0cfe88711c07c0f3703", "number": "5622653748", "area-code": "909"}, {"id": "f9d482fdbcb7d0cfe88711c07c0f332b", "number": "", "area-code": "920"}, {"id": "f9d482fdbcb7d0cfe88711c07c0f259a", "number": "2027887108", "area-code": "304"}, {"id": "f9d482fdbcb7d0cfe88711c07c0f1b36", "number": "9092544512", "area-code": "909"}, {"id": "f9d482fdbcb7d0cfe88711c07c0f0bc2", "number": "9285971550", "area-code": "928"}, {"id": "f9d482fdbcb7d0cfe88711c07c0f0483", "number": "9098686847", "area-code": "909"}, {"id": "f9d482fdbcb7d0cfe88711c07c0f0205", "number": "2067052687", "area-code": "206"}, {"id": "f9d482fdbcb7d0cfe88711c07c0ef65e", "number": "5403406751", "area-code": "540"}, {"id": "f9d482fdbcb7d0cfe88711c07c0eecac", "number": "3109184323", "area-code": "909"}, {"id": "f9d482fdbcb7d0cfe88711c07c0ee6f1", "number": "9702935012", "area-code": "970"}, {"id": "f9d482fdbcb7d0cfe88711c07c0edf25", "number": "9094479200", "area-code": "909"}, {"id": "f9d482fdbcb7d0cfe88711c07c0eda6c", "number": "7752456384", "area-code": "909"}, {"id": "f9d482fdbcb7d0cfe88711c07c0ecbc6", "number": "9734186657", "area-code": "973"}, {"id": "f9d482fdbcb7d0cfe88711c07c0ebcaf", "number": "5408413795", "area-code": "540"}, {"id": "f9d482fdbcb7d0cfe88711c07c0eb8dd", "number": "9099472080", "area-code": "909"}, {"id": "f9d482fdbcb7d0cfe88711c07c0eac83", "number": "2396103135", "area-code": "305"}, {"id": "f9d482fdbcb7d0cfe88711c07c0ea365", "number": "7752456384", "area-code": "909"}, {"id": "f9d482fdbcb7d0cfe88711c07c0e9f09", "number": "3053182426", "area-code": "540"}, {"id": "f9d482fdbcb7d0cfe88711c07c0e8fd4", "number": "9099476351", "area-code": "909"}, {"id": "f9d482fdbcb7d0cfe88711c07c0e8d6d", "number": "8312760656", "area-code": "503"}, {"id": "f9d482fdbcb7d0cfe88711c07c0e810b", "number": "2053182426", "area-code": "305"}, {"id": "f9d482fdbcb7d0cfe88711c07c0e7452", "number": "6602275206", "area-code": "603"}], "meta": {"record-total": 13762}}