{"data": [{"id": "8a1ecbfe4ea64a9fb88e65e63181e382", "number": "3463006923", "area-code": "346"}, {"id": "8a1ecbfe4ea64a9fb88e65e63181d992", "number": "8882101244", "area-code": "510"}, {"id": "8a1ecbfe4ea64a9fb88e65e63181d2ac", "number": "2813266521", "area-code": "281"}, {"id": "8a1ecbfe4ea64a9fb88e65e63181d083", "number": "8885106627", "area-code": "510"}, {"id": "8a1ecbfe4ea64a9fb88e65e63181cbe2", "number": "7048468903", "area-code": "704"}, {"id": "8a1ecbfe4ea64a9fb88e65e63181c683", "number": "9842028647", "area-code": "704"}, {"id": "8a1ecbfe4ea64a9fb88e65e63181b6fb", "number": "7046261973", "area-code": "704"}, {"id": "8a1ecbfe4ea64a9fb88e65e63181b25f", "number": "9803304001", "area-code": "704"}, {"id": "8a1ecbfe4ea64a9fb88e65e63181a71e", "number": "7047555867", "area-code": "704"}, {"id": "8a1ecbfe4ea64a9fb88e65e63181a695", "number": "7047555867", "area-code": "704"}, {"id": "8a1ecbfe4ea64a9fb88e65e63181a26b", "number": "8287194533", "area-code": "704"}, {"id": "8a1ecbfe4ea64a9fb88e65e6318198de", "number": "7042723757", "area-code": "704"}, {"id": "8a1ecbfe4ea64a9fb88e65e631818b37", "number": "7043873413", "area-code": "704"}, {"id": "8a1ecbfe4ea64a9fb88e65e631818238", "number": "5623458756", "area-code": "704"}, {"id": "8a1ecbfe4ea64a9fb88e65e631817a64", "number": "2022802399", "area-code": "704"}, {"id": "8a1ecbfe4ea64a9fb88e65e63181759d", "number": "2925396692", "area-code": "704"}, {"id": "8a1ecbfe4ea64a9fb88e65e631816f8d", "number": "5095887038", "area-code": "469"}, {"id": "8a1ecbfe4ea64a9fb88e65e6318163f6", "number": "7042288218", "area-code": "704"}, {"id": "8a1ecbfe4ea64a9fb88e65e631815a27", "number": "8665359492", "area-code": "510"}, {"id": "8a1ecbfe4ea64a9fb88e65e6318150bc", "number": "9807379217", "area-code": "704"}, {"id": "8a1ecbfe4ea64a9fb88e65e631814527", "number": "4062834339", "area-code": "704"}, {"id": "8a1ecbfe4ea64a9fb88e65e631813e71", "number": "7042288218", "area-code": "704"}, {"id": "8a1ecbfe4ea64a9fb88e65e631813008", "number": "9497742959", "area-code": "760"}, {"id": "8a1ecbfe4ea64a9fb88e65e6318129b8", "number": "7043224610", "area-code": "704"}, {"id": "8a1ecbfe4ea64a9fb88e65e63181272e", "number": "9807345911", "area-code": "704"}, {"id": "8a1ecbfe4ea64a9fb88e65e63181268d", "number": "7044006383", "area-code": "704"}, {"id": "8a1ecbfe4ea64a9fb88e65e631812049", "number": "4128442859", "area-code": "724"}, {"id": "8a1ecbfe4ea64a9fb88e65e6318118a3", "number": "5092041860", "area-code": "704"}, {"id": "8a1ecbfe4ea64a9fb88e65e6318114df", "number": "4125805589", "area-code": "724"}, {"id": "8a1ecbfe4ea64a9fb88e65e631811432", "number": "7246870503", "area-code": "724"}, {"id": "8a1ecbfe4ea64a9fb88e65e631810d34", "number": "4058091171", "area-code": "704"}, {"id": "8a1ecbfe4ea64a9fb88e65e631810d11", "number": "7246870503", "area-code": "724"}, {"id": "8a1ecbfe4ea64a9fb88e65e6318100d2", "number": "7045219837", "area-code": "704"}, {"id": "8a1ecbfe4ea64a9fb88e65e63180fc44", "number": "7248756082", "area-code": "724"}, {"id": "8a1ecbfe4ea64a9fb88e65e63180f81f", "number": "6103245240", "area-code": "724"}, {"id": "8a1ecbfe4ea64a9fb88e65e63180f43b", "number": "6466709297", "area-code": "704"}, {"id": "8a1ecbfe4ea64a9fb88e65e63180ea19", "number": "4123640105", "area-code": "724"}, {"id": "8a1ecbfe4ea64a9fb88e65e63180dd25", "number": "3144082652", "area-code": "915"}, {"id": "8a1ecbfe4ea64a9fb88e65e63180d7c4", "number": "6574180592", "area-code": "704"}, {"id": "8a1ecbfe4ea64a9fb88e65e63180cc30", "number": "7042862939", "area-code": "704"}, {"id": "8a1ecbfe4ea64a9fb88e65e63180c797", "number": "4069468466", "area-code": "704"}, {"id": "8a1ecbfe4ea64a9fb88e65e63180bc9d", "number": "7049371690", "area-code": "704"}, {"id": "8a1ecbfe4ea64a9fb88e65e63180b341", "number": "2175799850", "area-code": "916"}, {"id": "8a1ecbfe4ea64a9fb88e65e63180a907", "number": "9795536357", "area-code": "916"}, {"id": "8a1ecbfe4ea64a9fb88e65e63180a20a", "number": "8003679444", "area-code": "704"}, {"id": "8a1ecbfe4ea64a9fb88e65e631809f91", "number": "9805805214", "area-code": "704"}, {"id": "8a1ecbfe4ea64a9fb88e65e631809443", "number": "7742479182", "area-code": "704"}, {"id": "8a1ecbfe4ea64a9fb88e65e631808548", "number": "7044975940", "area-code": "704"}, {"id": "8a1ecbfe4ea64a9fb88e65e631808215", "number": "2025007716", "area-code": "571"}, {"id": "8a1ecbfe4ea64a9fb88e65e631807c4d", "number": "4023875730", "area-code": "702"}], "meta": {"record-total": 1056}}