{"data": [{"id": "91caf47edb0c7f5753b9f69f317dff7d", "number": "8453632471", "area-code": "865"}, {"id": "91caf47edb0c7f5753b9f69f317dfdcb", "number": "6026714025", "area-code": "602"}, {"id": "91caf47edb0c7f5753b9f69f317df47d", "number": "5203797372", "area-code": "602"}, {"id": "91caf47edb0c7f5753b9f69f317df011", "number": "9735471255", "area-code": "317"}, {"id": "91caf47edb0c7f5753b9f69f317dee12", "number": "8484004099", "area-code": "908"}, {"id": "91caf47edb0c7f5753b9f69f317de9a0", "number": "6462365930", "area-code": "646"}, {"id": "91caf47edb0c7f5753b9f69f317de2f4", "number": "4026989461", "area-code": "402"}, {"id": "91caf47edb0c7f5753b9f69f317dd31b", "number": "6462365930", "area-code": "646"}, {"id": "91caf47edb0c7f5753b9f69f317dd0b7", "number": "", "area-code": "808"}, {"id": "91caf47edb0c7f5753b9f69f317dcd38", "number": "3109292286", "area-code": "310"}, {"id": "91caf47edb0c7f5753b9f69f317dc0f1", "number": "4694763282", "area-code": "302"}, {"id": "91caf47edb0c7f5753b9f69f317dc08c", "number": "2062469607", "area-code": "206"}, {"id": "91caf47edb0c7f5753b9f69f317dbfde", "number": "3109292286", "area-code": "310"}, {"id": "91caf47edb0c7f5753b9f69f317db42f", "number": "5104700850", "area-code": "302"}, {"id": "91caf47edb0c7f5753b9f69f317dafac", "number": "4692151613", "area-code": "972"}, {"id": "91caf47edb0c7f5753b9f69f317da29e", "number": "3109292286", "area-code": "310"}, {"id": "91caf47edb0c7f5753b9f69f317d9a8b", "number": "4027912533", "area-code": "402"}, {"id": "91caf47edb0c7f5753b9f69f317d986c", "number": "4808773892", "area-code": "302"}, {"id": "91caf47edb0c7f5753b9f69f317d976a", "number": "2027888562", "area-code": "830"}, {"id": "91caf47edb0c7f5753b9f69f317d93fe", "number": "5127824546", "area-code": "972"}, {"id": "91caf47edb0c7f5753b9f69f317d8b32", "number": "3473937483", "area-code": "310"}, {"id": "91caf47edb0c7f5753b9f69f317d7dff", "number": "8584127307", "area-code": "310"}, {"id": "91caf47edb0c7f5753b9f69f317d7471", "number": "9723183204", "area-code": "972"}, {"id": "91caf47edb0c7f5753b9f69f317d719b", "number": "9727309256", "area-code": "972"}, {"id": "91caf47edb0c7f5753b9f69f317d66d0", "number": "7147863101", "area-code": "714"}, {"id": "91caf47edb0c7f5753b9f69f317d5912", "number": "6517626640", "area-code": "651"}, {"id": "91caf47edb0c7f5753b9f69f317d4f19", "number": "2135135029", "area-code": "707"}, {"id": "91caf47edb0c7f5753b9f69f317d40f1", "number": "7243957352", "area-code": "724"}, {"id": "91caf47edb0c7f5753b9f69f317d3ca4", "number": "7243957352", "area-code": "724"}, {"id": "91caf47edb0c7f5753b9f69f317d3441", "number": "9728536200", "area-code": "713"}, {"id": "91caf47edb0c7f5753b9f69f317d24d3", "number": "", "area-code": "562"}, {"id": "91caf47edb0c7f5753b9f69f317d1f83", "number": "9726947448", "area-code": "713"}, {"id": "91caf47edb0c7f5753b9f69f317d19e8", "number": "5204233652", "area-code": "520"}, {"id": "91caf47edb0c7f5753b9f69f317d0ebf", "number": "6026713982", "area-code": "602"}, {"id": "91caf47edb0c7f5753b9f69f317cffc6", "number": "2173889663", "area-code": "217"}, {"id": "91caf47edb0c7f5753b9f69f317cfe45", "number": "6026713982", "area-code": "602"}, {"id": "91caf47edb0c7f5753b9f69f317cf0e6", "number": "5205232253", "area-code": "520"}, {"id": "91caf47edb0c7f5753b9f69f317ce8e4", "number": "2098446773", "area-code": "209"}, {"id": "91caf47edb0c7f5753b9f69f317ce48d", "number": "9147304390", "area-code": "914"}, {"id": "91caf47edb0c7f5753b9f69f317cdced", "number": "2812857756", "area-code": "281"}, {"id": "91caf47edb0c7f5753b9f69f317ccece", "number": "5627531150", "area-code": "562"}, {"id": "91caf47edb0c7f5753b9f69f317cca10", "number": "", "area-code": "248"}, {"id": "91caf47edb0c7f5753b9f69f317cc97a", "number": "8002662278", "area-code": "267"}, {"id": "91caf47edb0c7f5753b9f69f317cbc6e", "number": "9362270121", "area-code": "281"}, {"id": "91caf47edb0c7f5753b9f69f317cbbc1", "number": "6469300860", "area-code": "267"}, {"id": "91caf47edb0c7f5753b9f69f317cb4db", "number": "7192449041", "area-code": "303"}, {"id": "91caf47edb0c7f5753b9f69f317caa39", "number": "2028569661", "area-code": "815"}, {"id": "91caf47edb0c7f5753b9f69f317ca21b", "number": "8888839824", "area-code": "509"}, {"id": "91caf47edb0c7f5753b9f69f317c9835", "number": "9144217899", "area-code": "914"}, {"id": "91caf47edb0c7f5753b9f69f317c8ee3", "number": "", "area-code": "267"}], "meta": {"record-total": 13836}}