{"data": [{"id": "6bfbeb4e279ac9157fcd04ee6e23e6ea", "number": "3605621600", "area-code": "360"}, {"id": "6bfbeb4e279ac9157fcd04ee6e23d871", "number": "4154531410x2", "area-code": "415"}, {"id": "6bfbeb4e279ac9157fcd04ee6e23d31a", "number": "", "area-code": "938"}, {"id": "6bfbeb4e279ac9157fcd04ee6e23cefa", "number": "3183863205", "area-code": "360"}, {"id": "6bfbeb4e279ac9157fcd04ee6e23c975", "number": "8312433031", "area-code": "831"}, {"id": "6bfbeb4e279ac9157fcd04ee6e23c6ad", "number": "3463557515", "area-code": "281"}, {"id": "6bfbeb4e279ac9157fcd04ee6e23bf8e", "number": "", "area-code": "314"}, {"id": "6bfbeb4e279ac9157fcd04ee6e23b65b", "number": "4097109306", "area-code": "509"}, {"id": "6bfbeb4e279ac9157fcd04ee6e23aaf8", "number": "0738320022", "area-code": "614"}, {"id": "6bfbeb4e279ac9157fcd04ee6e239d7d", "number": "", "area-code": "317"}, {"id": "6bfbeb4e279ac9157fcd04ee6e239139", "number": "7866772900", "area-code": "970"}, {"id": "6bfbeb4e279ac9157fcd04ee6e238759", "number": "8303601616", "area-code": "360"}, {"id": "6bfbeb4e279ac9157fcd04ee6e237b6a", "number": "267813863103", "area-code": "509"}, {"id": "6bfbeb4e279ac9157fcd04ee6e23733a", "number": "6194562295", "area-code": "805"}, {"id": "6bfbeb4e279ac9157fcd04ee6e236425", "number": "8765525367", "area-code": "620"}, {"id": "6bfbeb4e279ac9157fcd04ee6e235e6d", "number": "3152328257", "area-code": "503"}, {"id": "6bfbeb4e279ac9157fcd04ee6e234f14", "number": "3364391033", "area-code": "484"}, {"id": "6bfbeb4e279ac9157fcd04ee6e234935", "number": "4806809162", "area-code": "732"}, {"id": "6bfbeb4e279ac9157fcd04ee6e234218", "number": "4805539782", "area-code": "732"}, {"id": "6bfbeb4e279ac9157fcd04ee6e233241", "number": "8765525367", "area-code": "620"}, {"id": "6bfbeb4e279ac9157fcd04ee6e233129", "number": "7323132895", "area-code": "732"}, {"id": "6bfbeb4e279ac9157fcd04ee6e232e49", "number": "7327243756", "area-code": "732"}, {"id": "6bfbeb4e279ac9157fcd04ee6e232262", "number": "5094537617", "area-code": "509"}, {"id": "6bfbeb4e279ac9157fcd04ee6e231722", "number": "7323286060", "area-code": "732"}, {"id": "6bfbeb4e279ac9157fcd04ee6e2314ed", "number": "", "area-code": "310"}, {"id": "6bfbeb4e279ac9157fcd04ee6e231170", "number": "7323286060", "area-code": "732"}, {"id": "6bfbeb4e279ac9157fcd04ee6e2308b9", "number": "7329154608", "area-code": "732"}, {"id": "6bfbeb4e279ac9157fcd04ee6e22feba", "number": "", "area-code": "775"}, {"id": "6bfbeb4e279ac9157fcd04ee6e22f727", "number": "7867651550", "area-code": "732"}, {"id": "6bfbeb4e279ac9157fcd04ee6e22f1c4", "number": "7025516394", "area-code": "812"}, {"id": "6bfbeb4e279ac9157fcd04ee6e22ecc3", "number": "", "area-code": "321"}, {"id": "6bfbeb4e279ac9157fcd04ee6e22ec0d", "number": "7727588614", "area-code": "732"}, {"id": "6bfbeb4e279ac9157fcd04ee6e22dda3", "number": "2155559844", "area-code": "215"}, {"id": "6bfbeb4e279ac9157fcd04ee6e22cdbc", "number": "7324020680", "area-code": "732"}, {"id": "6bfbeb4e279ac9157fcd04ee6e22c54c", "number": "9548249580", "area-code": "972"}, {"id": "6bfbeb4e279ac9157fcd04ee6e22bbc5", "number": "8136651911", "area-code": "732"}, {"id": "6bfbeb4e279ac9157fcd04ee6e22b042", "number": "8136651911", "area-code": "732"}, {"id": "6bfbeb4e279ac9157fcd04ee6e22a80c", "number": "8163395920", "area-code": "973"}, {"id": "6bfbeb4e279ac9157fcd04ee6e229e86", "number": "7325384336", "area-code": "732"}, {"id": "6bfbeb4e279ac9157fcd04ee6e229c79", "number": "", "area-code": "312"}, {"id": "6bfbeb4e279ac9157fcd04ee6e228ccb", "number": "", "area-code": "312"}, {"id": "6bfbeb4e279ac9157fcd04ee6e22892a", "number": "7087878259", "area-code": "708"}, {"id": "6bfbeb4e279ac9157fcd04ee6e227a55", "number": "", "area-code": "314"}, {"id": "6bfbeb4e279ac9157fcd04ee6e2279f8", "number": "3146149404", "area-code": "314"}, {"id": "6bfbeb4e279ac9157fcd04ee6e226f41", "number": "804331251913", "area-code": "510"}, {"id": "6bfbeb4e279ac9157fcd04ee6e2266aa", "number": "2142831316", "area-code": "206"}, {"id": "6bfbeb4e279ac9157fcd04ee6e225cba", "number": "5412290415", "area-code": "541"}, {"id": "6bfbeb4e279ac9157fcd04ee6e225446", "number": "7146765012", "area-code": "641"}, {"id": "6bfbeb4e279ac9157fcd04ee6e2251bc", "number": "2172036024", "area-code": "708"}, {"id": "6bfbeb4e279ac9157fcd04ee6e224817", "number": "9162503385", "area-code": "916"}], "meta": {"record-total": 3232}}