{"data": [{"id": "51c9edafdd75dac5df37eb709d6f0764", "number": "3603667775", "area-code": "360"}, {"id": "51c9edafdd75dac5df37eb709d6efcee", "number": "8002752273", "area-code": "949"}, {"id": "51c9edafdd75dac5df37eb709d6eed2d", "number": "", "area-code": "815"}, {"id": "51c9edafdd75dac5df37eb709d6edf38", "number": "7144852885", "area-code": "714"}, {"id": "51c9edafdd75dac5df37eb709d6edb63", "number": "4782236719", "area-code": "360"}, {"id": "51c9edafdd75dac5df37eb709d6ed34a", "number": "3606128920", "area-code": "360"}, {"id": "51c9edafdd75dac5df37eb709d6ecf90", "number": "2532449723", "area-code": "360"}, {"id": "51c9edafdd75dac5df37eb709d6ec39d", "number": "2065679713", "area-code": "360"}, {"id": "51c9edafdd75dac5df37eb709d6eb97d", "number": "9096866730", "area-code": "909"}, {"id": "51c9edafdd75dac5df37eb709d6eaa8a", "number": "8559730089", "area-code": "714"}, {"id": "51c9edafdd75dac5df37eb709d6ea6de", "number": "8006222580", "area-code": "480"}, {"id": "51c9edafdd75dac5df37eb709d6e9f15", "number": "6282552990", "area-code": "352"}, {"id": "51c9edafdd75dac5df37eb709d6e9701", "number": "9292095299", "area-code": "646"}, {"id": "51c9edafdd75dac5df37eb709d6e89c2", "number": "9153319999", "area-code": "714"}, {"id": "51c9edafdd75dac5df37eb709d6e80bf", "number": "6192018482", "area-code": "559"}, {"id": "51c9edafdd75dac5df37eb709d6e7aba", "number": "5419073005", "area-code": "586"}, {"id": "51c9edafdd75dac5df37eb709d6e7740", "number": "8009475096", "area-code": "215"}, {"id": "51c9edafdd75dac5df37eb709d6e6eb0", "number": "8542229212", "area-code": "808"}, {"id": "51c9edafdd75dac5df37eb709d6e60a2", "number": "6096740284", "area-code": "609"}, {"id": "51c9edafdd75dac5df37eb709d6e5dcc", "number": "2093100010", "area-code": "808"}, {"id": "51c9edafdd75dac5df37eb709d6e565b", "number": "7184841500", "area-code": "339"}, {"id": "51c9edafdd75dac5df37eb709d6e49b4", "number": "5403850270", "area-code": "808"}, {"id": "51c9edafdd75dac5df37eb709d6e472f", "number": "9362511802", "area-code": "469"}, {"id": "51c9edafdd75dac5df37eb709d6e391c", "number": "8552367500", "area-code": "617"}, {"id": "51c9edafdd75dac5df37eb709d6e2a6d", "number": "4793353993", "area-code": "720"}, {"id": "51c9edafdd75dac5df37eb709d6e25a1", "number": "8477869614", "area-code": "808"}, {"id": "51c9edafdd75dac5df37eb709d6e1d01", "number": "9402879517", "area-code": "469"}, {"id": "51c9edafdd75dac5df37eb709d6e130c", "number": "6053093112", "area-code": "605"}, {"id": "51c9edafdd75dac5df37eb709d6e127b", "number": "5704107013", "area-code": "281"}, {"id": "51c9edafdd75dac5df37eb709d6e0ade", "number": "2152407193", "area-code": "617"}, {"id": "51c9edafdd75dac5df37eb709d6e0291", "number": "9374789813", "area-code": "937"}, {"id": "51c9edafdd75dac5df37eb709d6df548", "number": "7812777644", "area-code": "617"}, {"id": "51c9edafdd75dac5df37eb709d6df13f", "number": "9362511802", "area-code": "469"}, {"id": "51c9edafdd75dac5df37eb709d6dea23", "number": "7864423677", "area-code": "281"}, {"id": "51c9edafdd75dac5df37eb709d6de6d3", "number": "2123900100", "area-code": "617"}, {"id": "51c9edafdd75dac5df37eb709d6dd772", "number": "6175178827", "area-code": "617"}, {"id": "51c9edafdd75dac5df37eb709d6dd427", "number": "2602173709", "area-code": "260"}, {"id": "51c9edafdd75dac5df37eb709d6dcfb7", "number": "3606376073", "area-code": "425"}, {"id": "51c9edafdd75dac5df37eb709d6dca49", "number": "4082316109", "area-code": "281"}, {"id": "51c9edafdd75dac5df37eb709d6dc7e7", "number": "2098791451", "area-code": "209"}, {"id": "51c9edafdd75dac5df37eb709d6dbe90", "number": "8002827541", "area-code": "480"}, {"id": "51c9edafdd75dac5df37eb709d6db8c4", "number": "6178751555", "area-code": "617"}, {"id": "51c9edafdd75dac5df37eb709d6daf31", "number": "9402879517", "area-code": "469"}, {"id": "51c9edafdd75dac5df37eb709d6da5b6", "number": "2763754860", "area-code": "419"}, {"id": "51c9edafdd75dac5df37eb709d6d9a1f", "number": "7132882020", "area-code": "281"}, {"id": "51c9edafdd75dac5df37eb709d6d9406", "number": "4259271131", "area-code": "425"}, {"id": "51c9edafdd75dac5df37eb709d6d8a7b", "number": "5202658992", "area-code": "520"}, {"id": "51c9edafdd75dac5df37eb709d6d8145", "number": "4808313809", "area-code": "480"}, {"id": "51c9edafdd75dac5df37eb709d6d7a3d", "number": "4193226070", "area-code": "419"}, {"id": "51c9edafdd75dac5df37eb709d6d6ca6", "number": "8006222580", "area-code": "480"}], "meta": {"record-total": 14002}}