{"data": [{"id": "8a1ecbfe4ea64a9fb88e65e63113b1ad", "number": "+15033340683", "area-code": "503"}, {"id": "8a1ecbfe4ea64a9fb88e65e6310cd83f", "number": "2142414322", "area-code": "281"}, {"id": "8a1ecbfe4ea64a9fb88e65e6310cd29e", "number": "6082039494", "area-code": "608"}, {"id": "8a1ecbfe4ea64a9fb88e65e6310ccdaf", "number": "6182475331", "area-code": "618"}, {"id": "8a1ecbfe4ea64a9fb88e65e63113a746", "number": "+15126663557", "area-code": "210"}, {"id": "8a1ecbfe4ea64a9fb88e65e631139be8", "number": "+13463962661", "area-code": "281"}, {"id": "8a1ecbfe4ea64a9fb88e65e631139ec6", "number": "+17072440450", "area-code": "626"}, {"id": "8a1ecbfe4ea64a9fb88e65e6310cc9e0", "number": "5039368955", "area-code": "503"}, {"id": "8a1ecbfe4ea64a9fb88e65e6310cba8c", "number": "8557343599", "area-code": "805"}, {"id": "8a1ecbfe4ea64a9fb88e65e6310cb477", "number": "8039953688", "area-code": "843"}, {"id": "8a1ecbfe4ea64a9fb88e65e6310cab9d", "number": "8003403922", "area-code": "608"}, {"id": "8a1ecbfe4ea64a9fb88e65e6310c8474", "number": "5038151876", "area-code": "503"}, {"id": "8a1ecbfe4ea64a9fb88e65e6310c9d00", "number": "3025297961", "area-code": "302"}, {"id": "8a1ecbfe4ea64a9fb88e65e6310c907a", "number": "9035065324", "area-code": "903"}, {"id": "8a1ecbfe4ea64a9fb88e65e6310c8434", "number": "3213406135", "area-code": "302"}, {"id": "8a1ecbfe4ea64a9fb88e65e63113924d", "number": "+13309681082", "area-code": "718"}, {"id": "8a1ecbfe4ea64a9fb88e65e6310c82e3", "number": "9034171640", "area-code": "903"}, {"id": "8a1ecbfe4ea64a9fb88e65e6310c7619", "number": "5189647930", "area-code": "716"}, {"id": "8a1ecbfe4ea64a9fb88e65e6310c6628", "number": "6179442374", "area-code": "302"}, {"id": "8a1ecbfe4ea64a9fb88e65e631139561", "number": "+18009370990", "area-code": "206"}, {"id": "8a1ecbfe4ea64a9fb88e65e6310c5b8e", "number": "4804013863", "area-code": "407"}, {"id": "8a1ecbfe4ea64a9fb88e65e6310c52b6", "number": "8022674646", "area-code": "818"}, {"id": "8a1ecbfe4ea64a9fb88e65e6310c48ee", "number": "8006227747", "area-code": "503"}, {"id": "8a1ecbfe4ea64a9fb88e65e6310c445a", "number": "9717773148", "area-code": "971"}, {"id": "8a1ecbfe4ea64a9fb88e65e6310c38c6", "number": "8133222369", "area-code": "727"}, {"id": "8a1ecbfe4ea64a9fb88e65e6310c26b7", "number": "5036999801", "area-code": "503"}, {"id": "8a1ecbfe4ea64a9fb88e65e6310c346c", "number": "9718017909", "area-code": "971"}, {"id": "8a1ecbfe4ea64a9fb88e65e6310c1ba8", "number": "7573386308", "area-code": "757"}, {"id": "8a1ecbfe4ea64a9fb88e65e6310c1614", "number": "9718161616", "area-code": "971"}, {"id": "8a1ecbfe4ea64a9fb88e65e6310c06bf", "number": "", "area-code": "909"}, {"id": "8a1ecbfe4ea64a9fb88e65e6310bf6ca", "number": "", "area-code": "909"}, {"id": "8a1ecbfe4ea64a9fb88e65e6310becc1", "number": "9718013104", "area-code": "971"}, {"id": "8a1ecbfe4ea64a9fb88e65e6310be3d3", "number": "", "area-code": "909"}, {"id": "8a1ecbfe4ea64a9fb88e65e6310bd764", "number": "3097279683", "area-code": "217"}, {"id": "8a1ecbfe4ea64a9fb88e65e6310bd052", "number": "2173881717", "area-code": "217"}, {"id": "8a1ecbfe4ea64a9fb88e65e6310bcf2b", "number": "", "area-code": "909"}, {"id": "8a1ecbfe4ea64a9fb88e65e6310bc8e5", "number": "", "area-code": "909"}, {"id": "8a1ecbfe4ea64a9fb88e65e6310bc629", "number": "", "area-code": "909"}, {"id": "8a1ecbfe4ea64a9fb88e65e6310bb88b", "number": "2129184717", "area-code": "650"}, {"id": "8a1ecbfe4ea64a9fb88e65e631138cda", "number": "2034333685", "area-code": "703"}, {"id": "8a1ecbfe4ea64a9fb88e65e6310ba9be", "number": "9192417073", "area-code": "919"}, {"id": "8a1ecbfe4ea64a9fb88e65e6310b9d67", "number": "7043130699", "area-code": "919"}, {"id": "8a1ecbfe4ea64a9fb88e65e6310b8ec3", "number": "6694548309", "area-code": "919"}, {"id": "8a1ecbfe4ea64a9fb88e65e6310b8d34", "number": "4197120645", "area-code": "419"}, {"id": "8a1ecbfe4ea64a9fb88e65e6310b8108", "number": "5416346330", "area-code": "541"}, {"id": "8a1ecbfe4ea64a9fb88e65e6310b74e1", "number": "4198777683", "area-code": "419"}, {"id": "8a1ecbfe4ea64a9fb88e65e6310b6a88", "number": "8016580123", "area-code": "215"}, {"id": "8a1ecbfe4ea64a9fb88e65e6310b656d", "number": "5416349056", "area-code": "541"}, {"id": "8a1ecbfe4ea64a9fb88e65e6310b5790", "number": "3193022457", "area-code": "419"}, {"id": "8a1ecbfe4ea64a9fb88e65e6310b5301", "number": "2156222950", "area-code": "215"}], "meta": {"record-total": 6925}}