{"data": [{"id": "8a9c6cdfd12efbb588d3501e52b9d6f7", "number": "4693785923", "area-code": "719"}, {"id": "8a9c6cdfd12efbb588d3501e52b9ccc2", "number": "9728890754", "area-code": "719"}, {"id": "8a9c6cdfd12efbb588d3501e52b9c0f1", "number": "4692845717", "area-code": "719"}, {"id": "8a9c6cdfd12efbb588d3501e52b9b890", "number": "2186711593", "area-code": "719"}, {"id": "8a9c6cdfd12efbb588d3501e52b9b7d6", "number": "9167768455", "area-code": "916"}, {"id": "8a9c6cdfd12efbb588d3501e52b9b5ec", "number": "3347555494", "area-code": "719"}, {"id": "8a9c6cdfd12efbb588d3501e52b9a732", "number": "8092017287", "area-code": "540"}, {"id": "8a9c6cdfd12efbb588d3501e52b99a7f", "number": "3152328257", "area-code": "480"}, {"id": "8a9c6cdfd12efbb588d3501e52b996a5", "number": "9167276860", "area-code": "916"}, {"id": "8a9c6cdfd12efbb588d3501e52b98a4d", "number": "5135381834", "area-code": "414"}, {"id": "8a9c6cdfd12efbb588d3501e52b97e4f", "number": "8335590503", "area-code": "303"}, {"id": "8a9c6cdfd12efbb588d3501e52b97485", "number": "8335590503", "area-code": "303"}, {"id": "8a9c6cdfd12efbb588d3501e52b96d28", "number": "", "area-code": "949"}, {"id": "8a9c6cdfd12efbb588d3501e52b968ec", "number": "9804589670", "area-code": "702"}, {"id": "8a9c6cdfd12efbb588d3501e52be98ce", "number": "3214211712", "area-code": "321"}, {"id": "8a9c6cdfd12efbb588d3501e52b95daa", "number": "8662133942", "area-code": "626"}, {"id": "8a9c6cdfd12efbb588d3501e52b953b7", "number": "2537226949", "area-code": "253"}, {"id": "8a9c6cdfd12efbb588d3501e52b953b4", "number": "6462711707", "area-code": "626"}, {"id": "8a9c6cdfd12efbb588d3501e52b945c8", "number": "", "area-code": "309"}, {"id": "8a9c6cdfd12efbb588d3501e52b935d8", "number": "5098225537", "area-code": "708"}, {"id": "8a9c6cdfd12efbb588d3501e52b9356d", "number": "6504179099", "area-code": "212"}, {"id": "8a9c6cdfd12efbb588d3501e52b934d1", "number": "2027019417", "area-code": "512"}, {"id": "8a9c6cdfd12efbb588d3501e52b9279f", "number": "8186437426", "area-code": "602"}, {"id": "8a9c6cdfd12efbb588d3501e52b91bdf", "number": "8186437426", "area-code": "602"}, {"id": "8a9c6cdfd12efbb588d3501e52b91adc", "number": "8186437426", "area-code": "602"}, {"id": "8a9c6cdfd12efbb588d3501e52b91629", "number": "8186437426", "area-code": "602"}, {"id": "8a9c6cdfd12efbb588d3501e52b910ba", "number": "4258976363", "area-code": "310"}, {"id": "8a9c6cdfd12efbb588d3501e52b90c21", "number": "7182894194", "area-code": "678"}, {"id": "8a9c6cdfd12efbb588d3501e52b90026", "number": "5073810293", "area-code": "507"}, {"id": "8a9c6cdfd12efbb588d3501e52b8ff4d", "number": "6462553427", "area-code": "650"}, {"id": "8a9c6cdfd12efbb588d3501e52b8f31f", "number": "8003385960", "area-code": "310"}, {"id": "8a9c6cdfd12efbb588d3501e52b8e350", "number": "6462044419", "area-code": "650"}, {"id": "8a9c6cdfd12efbb588d3501e52b8d430", "number": "2532430868", "area-code": "650"}, {"id": "8a9c6cdfd12efbb588d3501e52b8cccf", "number": "3127774200", "area-code": "309"}, {"id": "8a9c6cdfd12efbb588d3501e52b8c687", "number": "3127774200", "area-code": "309"}, {"id": "8a9c6cdfd12efbb588d3501e52b8ba81", "number": "4158513690", "area-code": "510"}, {"id": "8a9c6cdfd12efbb588d3501e52b8bb88", "number": "9403010714", "area-code": "719"}, {"id": "8a9c6cdfd12efbb588d3501e52b8b36a", "number": "8457827720", "area-code": "845"}, {"id": "8a9c6cdfd12efbb588d3501e52b8ad81", "number": "5103442955", "area-code": "510"}, {"id": "8a9c6cdfd12efbb588d3501e52b8a7f1", "number": "3127774200", "area-code": "309"}, {"id": "8a9c6cdfd12efbb588d3501e52b89e7b", "number": "6266983317", "area-code": "412"}, {"id": "8a9c6cdfd12efbb588d3501e52b898ff", "number": "", "area-code": "650"}, {"id": "8a9c6cdfd12efbb588d3501e52b88b3f", "number": "3344971616", "area-code": "334"}, {"id": "8a9c6cdfd12efbb588d3501e52b88b1f", "number": "6083059356", "area-code": "608"}, {"id": "8a9c6cdfd12efbb588d3501e52bcc65d", "number": "+19098237217", "area-code": "909"}, {"id": "8a9c6cdfd12efbb588d3501e52b88472", "number": "6053494933", "area-code": "605"}, {"id": "8a9c6cdfd12efbb588d3501e52b877c6", "number": "7238218083", "area-code": "734"}, {"id": "8a9c6cdfd12efbb588d3501e52b86c0c", "number": "5623926083", "area-code": "562"}, {"id": "8a9c6cdfd12efbb588d3501e52bcbc72", "number": "+18772048457", "area-code": "732"}, {"id": "8a9c6cdfd12efbb588d3501e52b86842", "number": "5623301029", "area-code": "562"}], "meta": {"record-total": 3309}}