{"data": [{"id": "acec667ac7f4cb3d3e401e9e2fae5785", "number": "5629238412", "area-code": "818"}, {"id": "acec667ac7f4cb3d3e401e9e2fbe0f17", "number": "2142691171", "area-code": "214"}, {"id": "acec667ac7f4cb3d3e401e9e2fbdf96f", "number": "2142691171", "area-code": "214"}, {"id": "acec667ac7f4cb3d3e401e9e2fae49c7", "number": "6267739421", "area-code": "626"}, {"id": "acec667ac7f4cb3d3e401e9e2fbe036e", "number": "+12147532957", "area-code": "214"}, {"id": "acec667ac7f4cb3d3e401e9e2fbe11f7", "number": "8776478552", "area-code": "510"}, {"id": "acec667ac7f4cb3d3e401e9e2fbdec3f", "number": "+14432918083", "area-code": "443"}, {"id": "acec667ac7f4cb3d3e401e9e2fbd7dd9", "number": "6465954378", "area-code": "510"}, {"id": "acec667ac7f4cb3d3e401e9e2fbdd38b", "number": "6465952343", "area-code": "510"}, {"id": "acec667ac7f4cb3d3e401e9e2fbdc53c", "number": "7086652276", "area-code": "708"}, {"id": "acec667ac7f4cb3d3e401e9e2fbd8d3f", "number": "7086652276", "area-code": "708"}, {"id": "acec667ac7f4cb3d3e401e9e2fae3d11", "number": "6614599647", "area-code": "661"}, {"id": "acec667ac7f4cb3d3e401e9e2fbdba1e", "number": "8189371797", "area-code": "310"}, {"id": "acec667ac7f4cb3d3e401e9e2fbda49b", "number": "+16095837864", "area-code": "609"}, {"id": "acec667ac7f4cb3d3e401e9e2fbd846e", "number": "8186601396", "area-code": "310"}, {"id": "acec667ac7f4cb3d3e401e9e2fbde0f3", "number": "+16097550262", "area-code": "609"}, {"id": "acec667ac7f4cb3d3e401e9e2fbd93f5", "number": "9282238605", "area-code": "646"}, {"id": "acec667ac7f4cb3d3e401e9e2fbd9a18", "number": "9282238605", "area-code": "646"}, {"id": "acec667ac7f4cb3d3e401e9e2fbdab14", "number": "2077187284", "area-code": "207"}, {"id": "acec667ac7f4cb3d3e401e9e2fbd75fe", "number": "+12157709178", "area-code": "586"}, {"id": "acec667ac7f4cb3d3e401e9e2fbd6006", "number": "+15023444009", "area-code": "651"}, {"id": "acec667ac7f4cb3d3e401e9e2fbd6f7e", "number": "2709140046", "area-code": "270"}, {"id": "acec667ac7f4cb3d3e401e9e2fae3771", "number": "8662161075", "area-code": "253"}, {"id": "acec667ac7f4cb3d3e401e9e2fae2b46", "number": "4084132387", "area-code": "209"}, {"id": "acec667ac7f4cb3d3e401e9e2fbd5bf3", "number": "+17134051927", "area-code": "713"}, {"id": "acec667ac7f4cb3d3e401e9e2fae1e74", "number": "2134438036", "area-code": "209"}, {"id": "acec667ac7f4cb3d3e401e9e2fae10d8", "number": "4806907460", "area-code": "480"}, {"id": "acec667ac7f4cb3d3e401e9e2fae0bd2", "number": "4806913179", "area-code": "480"}, {"id": "acec667ac7f4cb3d3e401e9e2fae0103", "number": "4152313643", "area-code": "209"}, {"id": "acec667ac7f4cb3d3e401e9e2fadfba9", "number": "2095481500", "area-code": "510"}, {"id": "acec667ac7f4cb3d3e401e9e2fadf2a0", "number": "2184992163", "area-code": "972"}, {"id": "acec667ac7f4cb3d3e401e9e2fade4a5", "number": "5203797125", "area-code": "480"}, {"id": "acec667ac7f4cb3d3e401e9e2fadd4cb", "number": "4695435151", "area-code": "209"}, {"id": "acec667ac7f4cb3d3e401e9e2fadd1d8", "number": "4089580970", "area-code": "276"}, {"id": "acec667ac7f4cb3d3e401e9e2fadc37f", "number": "4079043893", "area-code": "480"}, {"id": "acec667ac7f4cb3d3e401e9e2fbd5aab", "number": "+12146813566", "area-code": "830"}, {"id": "acec667ac7f4cb3d3e401e9e2fadbb13", "number": "7022702814", "area-code": "209"}, {"id": "acec667ac7f4cb3d3e401e9e2fadb1f8", "number": "3072640366", "area-code": "702"}, {"id": "acec667ac7f4cb3d3e401e9e2fadab6c", "number": "5162064075", "area-code": "805"}, {"id": "acec667ac7f4cb3d3e401e9e2fada2eb", "number": "", "area-code": "585"}, {"id": "acec667ac7f4cb3d3e401e9e2fad977c", "number": "9282326727", "area-code": "480"}, {"id": "acec667ac7f4cb3d3e401e9e2fad8a63", "number": "7162969140", "area-code": "209"}, {"id": "acec667ac7f4cb3d3e401e9e2fbd5bd7", "number": "7135811334", "area-code": "713"}, {"id": "acec667ac7f4cb3d3e401e9e2fad7b27", "number": "5182800029", "area-code": "614"}, {"id": "acec667ac7f4cb3d3e401e9e2fbd4fa8", "number": "8556923151", "area-code": "720"}, {"id": "acec667ac7f4cb3d3e401e9e2fad6b3d", "number": "6143756586", "area-code": "614"}, {"id": "acec667ac7f4cb3d3e401e9e2fad5ce1", "number": "4697760183", "area-code": "801"}, {"id": "acec667ac7f4cb3d3e401e9e2fad4d1a", "number": "6025845581", "area-code": "614"}, {"id": "acec667ac7f4cb3d3e401e9e2fad4951", "number": "6143391928", "area-code": "614"}, {"id": "acec667ac7f4cb3d3e401e9e2fad4363", "number": "4846567714", "area-code": "614"}], "meta": {"record-total": 5475}}