{"data": [{"id": "ff4ad05f392a871a55bbf3d4af97a779", "number": "3106772399", "area-code": "213"}, {"id": "ff4ad05f392a871a55bbf3d4afb9d592", "number": "9413154627", "area-code": "305"}, {"id": "ff4ad05f392a871a55bbf3d4af97a466", "number": "5097659206", "area-code": "509"}, {"id": "ff4ad05f392a871a55bbf3d4af979613", "number": "2095903530", "area-code": "530"}, {"id": "ff4ad05f392a871a55bbf3d4af97889b", "number": "7342284813", "area-code": "586"}, {"id": "ff4ad05f392a871a55bbf3d4afb9eafc", "number": "8003004594", "area-code": "214"}, {"id": "ff4ad05f392a871a55bbf3d4af9787c4", "number": "9094141719", "area-code": "909"}, {"id": "ff4ad05f392a871a55bbf3d4af9783bf", "number": "6026665583", "area-code": "480"}, {"id": "ff4ad05f392a871a55bbf3d4af977d51", "number": "7024337214", "area-code": "213"}, {"id": "ff4ad05f392a871a55bbf3d4afb9b594", "number": "7349963846", "area-code": "248"}, {"id": "ff4ad05f392a871a55bbf3d4af977284", "number": "5092737402", "area-code": "509"}, {"id": "ff4ad05f392a871a55bbf3d4afb9cdf9", "number": "6614988436", "area-code": "805"}, {"id": "ff4ad05f392a871a55bbf3d4afb97d46", "number": "+16124294340", "area-code": "218"}, {"id": "ff4ad05f392a871a55bbf3d4afb9f76a", "number": "2143604511", "area-code": "214"}, {"id": "ff4ad05f392a871a55bbf3d4afb999e8", "number": "3104094621", "area-code": "714"}, {"id": "ff4ad05f392a871a55bbf3d4afba0296", "number": "5058769439", "area-code": "714"}, {"id": "ff4ad05f392a871a55bbf3d4af976d33", "number": "", "area-code": "313"}, {"id": "ff4ad05f392a871a55bbf3d4afb98ccb", "number": "6609560457", "area-code": "714"}, {"id": "ff4ad05f392a871a55bbf3d4afb991bd", "number": "+15855046356", "area-code": "315"}, {"id": "ff4ad05f392a871a55bbf3d4afba07a3", "number": "8474109502", "area-code": "847"}, {"id": "ff4ad05f392a871a55bbf3d4afb9c1d2", "number": "8474109502", "area-code": "847"}, {"id": "ff4ad05f392a871a55bbf3d4af976a13", "number": "7578329583", "area-code": "213"}, {"id": "ff4ad05f392a871a55bbf3d4afb9e694", "number": "4243323239", "area-code": "714"}, {"id": "ff4ad05f392a871a55bbf3d4af975c0c", "number": "9284469048", "area-code": "928"}, {"id": "ff4ad05f392a871a55bbf3d4afb9af61", "number": "3142346089", "area-code": "847"}, {"id": "ff4ad05f392a871a55bbf3d4afb9f694", "number": "2242494152", "area-code": "224"}, {"id": "ff4ad05f392a871a55bbf3d4af97567d", "number": "2027737352", "area-code": "757"}, {"id": "ff4ad05f392a871a55bbf3d4afb9dbe4", "number": "+13348868246", "area-code": "205"}, {"id": "ff4ad05f392a871a55bbf3d4afb98b69", "number": "7145200025", "area-code": "714"}, {"id": "ff4ad05f392a871a55bbf3d4afb9a7b4", "number": "3059083413", "area-code": "661"}, {"id": "ff4ad05f392a871a55bbf3d4afb96e7d", "number": "3059083413", "area-code": "661"}, {"id": "ff4ad05f392a871a55bbf3d4afb9a332", "number": "3059083413", "area-code": "661"}, {"id": "ff4ad05f392a871a55bbf3d4afb980a5", "number": "3059083413", "area-code": "661"}, {"id": "ff4ad05f392a871a55bbf3d4af974e16", "number": "8554949317", "area-code": "423"}, {"id": "ff4ad05f392a871a55bbf3d4af974924", "number": "3607191705", "area-code": "509"}, {"id": "ff4ad05f392a871a55bbf3d4afba0e85", "number": "3059083413", "area-code": "661"}, {"id": "ff4ad05f392a871a55bbf3d4af973966", "number": "9032284718", "area-code": "559"}, {"id": "ff4ad05f392a871a55bbf3d4af97376d", "number": "3104488525", "area-code": "213"}, {"id": "ff4ad05f392a871a55bbf3d4af973330", "number": "8056377243", "area-code": "305"}, {"id": "ff4ad05f392a871a55bbf3d4af97285a", "number": "8662039560", "area-code": "623"}, {"id": "ff4ad05f392a871a55bbf3d4af971d32", "number": "7162171052", "area-code": "860"}, {"id": "ff4ad05f392a871a55bbf3d4af970dfb", "number": "6233008629", "area-code": "602"}, {"id": "ff4ad05f392a871a55bbf3d4af96ffce", "number": "5053703712", "area-code": "505"}, {"id": "ff4ad05f392a871a55bbf3d4afb96437", "number": "4694302940", "area-code": "469"}, {"id": "ff4ad05f392a871a55bbf3d4afb950ef", "number": "8507889157", "area-code": "321"}, {"id": "ff4ad05f392a871a55bbf3d4afb8ff13", "number": "4695303246", "area-code": "469"}, {"id": "ff4ad05f392a871a55bbf3d4afb8c062", "number": "4695301168", "area-code": "469"}, {"id": "ff4ad05f392a871a55bbf3d4afb8ece8", "number": "8065706214", "area-code": "469"}, {"id": "ff4ad05f392a871a55bbf3d4afb8db31", "number": "2144142362", "area-code": "469"}, {"id": "ff4ad05f392a871a55bbf3d4afb938f1", "number": "2142945860", "area-code": "214"}], "meta": {"record-total": 17503}}