{"data": [{"id": "a1875edf91fa378e3c5a45e4b3a9c5d3", "number": "9492986658", "area-code": "503"}, {"id": "a1875edf91fa378e3c5a45e4b3a9b885", "number": "9492931303", "area-code": "503"}, {"id": "a1875edf91fa378e3c5a45e4b3a9b3ad", "number": "6085106693", "area-code": "608"}, {"id": "a1875edf91fa378e3c5a45e4b3a9b04b", "number": "9492931303", "area-code": "503"}, {"id": "a1875edf91fa378e3c5a45e4b3a9ab43", "number": "9492931303", "area-code": "503"}, {"id": "a1875edf91fa378e3c5a45e4b3a9a7fe", "number": "9492970760", "area-code": "503"}, {"id": "a1875edf91fa378e3c5a45e4b3a9a403", "number": "6062302547", "area-code": "210"}, {"id": "a1875edf91fa378e3c5a45e4b3ae6b9e", "number": "+15129801417", "area-code": "480"}, {"id": "a1875edf91fa378e3c5a45e4b3a99d2f", "number": "", "area-code": "615"}, {"id": "a1875edf91fa378e3c5a45e4b3a99093", "number": "9825474364", "area-code": "951"}, {"id": "a1875edf91fa378e3c5a45e4b3ae7e11", "number": "+13128109002", "area-code": "312"}, {"id": "a1875edf91fa378e3c5a45e4b3a9874e", "number": "9492952231", "area-code": "503"}, {"id": "a1875edf91fa378e3c5a45e4b3ae8efd", "number": "+19179473844", "area-code": "917"}, {"id": "a1875edf91fa378e3c5a45e4b3ae7b36", "number": "+14806317656", "area-code": "312"}, {"id": "a1875edf91fa378e3c5a45e4b3a97eb2", "number": "9492905258", "area-code": "503"}, {"id": "a1875edf91fa378e3c5a45e4b3a96ecb", "number": "9492942905", "area-code": "503"}, {"id": "a1875edf91fa378e3c5a45e4b3ae8a69", "number": "7574854501", "area-code": "757"}, {"id": "a1875edf91fa378e3c5a45e4b3a9653a", "number": "9492927164", "area-code": "503"}, {"id": "a1875edf91fa378e3c5a45e4b3a9556b", "number": "9492916947", "area-code": "503"}, {"id": "a1875edf91fa378e3c5a45e4b3a9491b", "number": "9032017051", "area-code": "408"}, {"id": "a1875edf91fa378e3c5a45e4b3ae6262", "number": "+17024202227", "area-code": "702"}, {"id": "a1875edf91fa378e3c5a45e4b3a9486f", "number": "8609302726", "area-code": "860"}, {"id": "a1875edf91fa378e3c5a45e4b3a93932", "number": "9492984323", "area-code": "503"}, {"id": "a1875edf91fa378e3c5a45e4b3a92d8e", "number": "2132456879", "area-code": "424"}, {"id": "a1875edf91fa378e3c5a45e4b3a929ba", "number": "9492962722", "area-code": "503"}, {"id": "a1875edf91fa378e3c5a45e4b3a92446", "number": "9492995923", "area-code": "503"}, {"id": "a1875edf91fa378e3c5a45e4b3a9148c", "number": "9492954754", "area-code": "503"}, {"id": "a1875edf91fa378e3c5a45e4b3a91444", "number": "4244280954", "area-code": "424"}, {"id": "a1875edf91fa378e3c5a45e4b3a912c9", "number": "7872266190", "area-code": "787"}, {"id": "a1875edf91fa378e3c5a45e4b3a90777", "number": "7872124315", "area-code": "787"}, {"id": "a1875edf91fa378e3c5a45e4b3a8fd60", "number": "9172967770", "area-code": "646"}, {"id": "a1875edf91fa378e3c5a45e4b3a8fba4", "number": "2134590683", "area-code": "209"}, {"id": "a1875edf91fa378e3c5a45e4b3a8f0b6", "number": "7872422955", "area-code": "787"}, {"id": "a1875edf91fa378e3c5a45e4b3af74ff", "number": "6462501969", "area-code": "540"}, {"id": "a1875edf91fa378e3c5a45e4b3a8e642", "number": "5104391653", "area-code": "510"}, {"id": "a1875edf91fa378e3c5a45e4b3a8e451", "number": "", "area-code": "904"}, {"id": "a1875edf91fa378e3c5a45e4b3a8d8f6", "number": "2177494854", "area-code": "253"}, {"id": "a1875edf91fa378e3c5a45e4b3a8d480", "number": "", "area-code": "310"}, {"id": "a1875edf91fa378e3c5a45e4b3a8d23f", "number": "2027926742", "area-code": "972"}, {"id": "a1875edf91fa378e3c5a45e4b3a8d140", "number": "8559694636", "area-code": "253"}, {"id": "a1875edf91fa378e3c5a45e4b3a8d01a", "number": "6146008956", "area-code": "614"}, {"id": "a1875edf91fa378e3c5a45e4b3a8c6c7", "number": "__________", "area-code": "303"}, {"id": "a1875edf91fa378e3c5a45e4b3a8bcc5", "number": "6188001926", "area-code": "253"}, {"id": "a1875edf91fa378e3c5a45e4b3ae5c67", "number": "+17024202227", "area-code": "702"}, {"id": "a1875edf91fa378e3c5a45e4b3a8b7de", "number": "7186473845", "area-code": "718"}, {"id": "a1875edf91fa378e3c5a45e4b3ac79c0", "number": "9542463959", "area-code": "954"}, {"id": "a1875edf91fa378e3c5a45e4b3ac73af", "number": "3862040846", "area-code": "954"}, {"id": "a1875edf91fa378e3c5a45e4b3a8b2c4", "number": "8183575705", "area-code": "818"}, {"id": "a1875edf91fa378e3c5a45e4b3a8aab2", "number": "6464537994", "area-code": "281"}, {"id": "a1875edf91fa378e3c5a45e4b3a8a4ba", "number": "4159327009", "area-code": "623"}], "meta": {"record-total": 4400}}