{"data": [{"id": "3cca8e32e4ec2e18afd9eb4ab1507117", "number": "+19098976767", "area-code": "208"}, {"id": "3cca8e32e4ec2e18afd9eb4ab1508048", "number": "7148558805", "area-code": "714"}, {"id": "3cca8e32e4ec2e18afd9eb4ab12fffc2", "number": "3052472239", "area-code": "305"}, {"id": "3cca8e32e4ec2e18afd9eb4ab15066eb", "number": "+12104374161", "area-code": "210"}, {"id": "3cca8e32e4ec2e18afd9eb4ab12ff134", "number": "2312413656", "area-code": "231"}, {"id": "3cca8e32e4ec2e18afd9eb4ab12fe66c", "number": "7733020846", "area-code": "773"}, {"id": "3cca8e32e4ec2e18afd9eb4ab12fdbfe", "number": "8332322781", "area-code": "310"}, {"id": "3cca8e32e4ec2e18afd9eb4ab1506fe8", "number": "+19515876659", "area-code": "951"}, {"id": "3cca8e32e4ec2e18afd9eb4ab150625c", "number": "+17144902527", "area-code": "510"}, {"id": "3cca8e32e4ec2e18afd9eb4ab12fc121", "number": "5855116586", "area-code": "585"}, {"id": "3cca8e32e4ec2e18afd9eb4ab1506285", "number": "3345570729", "area-code": "301"}, {"id": "3cca8e32e4ec2e18afd9eb4ab1508c2b", "number": "3345570729", "area-code": "301"}, {"id": "3cca8e32e4ec2e18afd9eb4ab12fce91", "number": "3134374490", "area-code": "231"}, {"id": "3cca8e32e4ec2e18afd9eb4ab12fb4be", "number": "9419994380", "area-code": "305"}, {"id": "3cca8e32e4ec2e18afd9eb4ab12fb283", "number": "9283610475", "area-code": "231"}, {"id": "3cca8e32e4ec2e18afd9eb4ab12fa7e5", "number": "5304298928", "area-code": "424"}, {"id": "3cca8e32e4ec2e18afd9eb4ab1508aa9", "number": "8063072614", "area-code": "806"}, {"id": "3cca8e32e4ec2e18afd9eb4ab12fad8f", "number": "2319035422", "area-code": "231"}, {"id": "3cca8e32e4ec2e18afd9eb4ab15052e5", "number": "+17087871930", "area-code": "773"}, {"id": "3cca8e32e4ec2e18afd9eb4ab1505aa3", "number": "9515998049", "area-code": "562"}, {"id": "3cca8e32e4ec2e18afd9eb4ab12f9ce3", "number": "2317703130", "area-code": "231"}, {"id": "3cca8e32e4ec2e18afd9eb4ab12f9b73", "number": "2627246975", "area-code": "231"}, {"id": "3cca8e32e4ec2e18afd9eb4ab14fd70d", "number": "6154717800", "area-code": "615"}, {"id": "3cca8e32e4ec2e18afd9eb4ab150441a", "number": "6155275750", "area-code": "615"}, {"id": "3cca8e32e4ec2e18afd9eb4ab12f9374", "number": "9194696440", "area-code": "919"}, {"id": "3cca8e32e4ec2e18afd9eb4ab12f8a8d", "number": "8122403435", "area-code": "812"}, {"id": "3cca8e32e4ec2e18afd9eb4ab1501580", "number": "+18776803950", "area-code": "626"}, {"id": "3cca8e32e4ec2e18afd9eb4ab14ff83d", "number": "8458344709", "area-code": "702"}, {"id": "3cca8e32e4ec2e18afd9eb4ab14ff401", "number": "2145873649", "area-code": "805"}, {"id": "3cca8e32e4ec2e18afd9eb4ab15024f8", "number": "2145873649", "area-code": "805"}, {"id": "3cca8e32e4ec2e18afd9eb4ab1502f39", "number": "9545693052", "area-code": "954"}, {"id": "3cca8e32e4ec2e18afd9eb4ab12f88ab", "number": "7203694415", "area-code": "720"}, {"id": "3cca8e32e4ec2e18afd9eb4ab12f7f76", "number": "8122409115", "area-code": "812"}, {"id": "3cca8e32e4ec2e18afd9eb4ab12f7e6a", "number": "8334875650", "area-code": "415"}, {"id": "3cca8e32e4ec2e18afd9eb4ab14fc33b", "number": "4052990832", "area-code": "817"}, {"id": "3cca8e32e4ec2e18afd9eb4ab150386a", "number": "6602076470", "area-code": "817"}, {"id": "3cca8e32e4ec2e18afd9eb4ab14fe6a3", "number": "7372096019", "area-code": "817"}, {"id": "3cca8e32e4ec2e18afd9eb4ab12f787b", "number": "2293184157", "area-code": "586"}, {"id": "3cca8e32e4ec2e18afd9eb4ab12f6f59", "number": "8122409852", "area-code": "812"}, {"id": "3cca8e32e4ec2e18afd9eb4ab15000a0", "number": "5802205296", "area-code": "954"}, {"id": "3cca8e32e4ec2e18afd9eb4ab15015f3", "number": "9858586400", "area-code": "925"}, {"id": "3cca8e32e4ec2e18afd9eb4ab14fb948", "number": "8652261100", "area-code": "727"}, {"id": "3cca8e32e4ec2e18afd9eb4ab14fcbe1", "number": "3022351552", "area-code": "925"}, {"id": "3cca8e32e4ec2e18afd9eb4ab150068f", "number": "5704658519", "area-code": "215"}, {"id": "3cca8e32e4ec2e18afd9eb4ab14f5fe8", "number": "26443", "area-code": "786"}, {"id": "3cca8e32e4ec2e18afd9eb4ab12f6994", "number": "9472176521", "area-code": "586"}, {"id": "3cca8e32e4ec2e18afd9eb4ab12f4b0a", "number": "7089695741", "area-code": "708"}, {"id": "3cca8e32e4ec2e18afd9eb4ab12f6421", "number": "8668903387", "area-code": "732"}, {"id": "3cca8e32e4ec2e18afd9eb4ab12f54d4", "number": "8054778820", "area-code": "805"}, {"id": "3cca8e32e4ec2e18afd9eb4ab14f48f8", "number": "+14433892446", "area-code": "443"}], "meta": {"record-total": 17936}}