{"data": [{"id": "1b57a2e3dddc0aeb6caf5265c512cb69", "number": "7023442638", "area-code": "813"}, {"id": "1b57a2e3dddc0aeb6caf5265c512c993", "number": "8587953052", "area-code": "707"}, {"id": "1b57a2e3dddc0aeb6caf5265c512c4cc", "number": "6364357493", "area-code": "314"}, {"id": "1b57a2e3dddc0aeb6caf5265c512bd37", "number": "7604031698", "area-code": "562"}, {"id": "1b57a2e3dddc0aeb6caf5265c512b47a", "number": "3343520270", "area-code": "334"}, {"id": "1b57a2e3dddc0aeb6caf5265c512afcb", "number": "5183479976", "area-code": "530"}, {"id": "1b57a2e3dddc0aeb6caf5265c512a635", "number": "5134931616", "area-code": "334"}, {"id": "1b57a2e3dddc0aeb6caf5265c512a57d", "number": "7146286959", "area-code": "562"}, {"id": "1b57a2e3dddc0aeb6caf5265c51298e6", "number": "2055600320", "area-code": "334"}, {"id": "1b57a2e3dddc0aeb6caf5265c51290e2", "number": "5862002198", "area-code": "586"}, {"id": "1b57a2e3dddc0aeb6caf5265c5128de4", "number": "8006937368", "area-code": "650"}, {"id": "1b57a2e3dddc0aeb6caf5265c512897f", "number": "", "area-code": "858"}, {"id": "1b57a2e3dddc0aeb6caf5265c5127b5d", "number": "3232938355", "area-code": "650"}, {"id": "1b57a2e3dddc0aeb6caf5265c51279ac", "number": "5096633180", "area-code": "239"}, {"id": "1b57a2e3dddc0aeb6caf5265c51273fe", "number": "7144863862", "area-code": "714"}, {"id": "1b57a2e3dddc0aeb6caf5265c51267e9", "number": "8002755475", "area-code": "860"}, {"id": "1b57a2e3dddc0aeb6caf5265c512596a", "number": "8000173300", "area-code": "650"}, {"id": "1b57a2e3dddc0aeb6caf5265c5124b67", "number": "4789783148", "area-code": "562"}, {"id": "1b57a2e3dddc0aeb6caf5265c5124ac1", "number": "2093451564", "area-code": "530"}, {"id": "1b57a2e3dddc0aeb6caf5265c5123ea8", "number": "6505177856", "area-code": "650"}, {"id": "1b57a2e3dddc0aeb6caf5265c5122ebc", "number": "2028172203", "area-code": "415"}, {"id": "1b57a2e3dddc0aeb6caf5265c5122adf", "number": "2168237803", "area-code": "216"}, {"id": "1b57a2e3dddc0aeb6caf5265c5122531", "number": "117045796057", "area-code": "816"}, {"id": "1b57a2e3dddc0aeb6caf5265c5121779", "number": "9168915157", "area-code": "530"}, {"id": "1b57a2e3dddc0aeb6caf5265c5120dd5", "number": "", "area-code": "847"}, {"id": "1b57a2e3dddc0aeb6caf5265c5120663", "number": "2093451564", "area-code": "530"}, {"id": "1b57a2e3dddc0aeb6caf5265c51201be", "number": "7047503893", "area-code": "562"}, {"id": "1b57a2e3dddc0aeb6caf5265c511f818", "number": "5622399229", "area-code": "415"}, {"id": "1b57a2e3dddc0aeb6caf5265c511ee81", "number": "4159341838", "area-code": "415"}, {"id": "1b57a2e3dddc0aeb6caf5265c511ec8b", "number": "5305981717", "area-code": "530"}, {"id": "1b57a2e3dddc0aeb6caf5265c511dac0", "number": "4175968223", "area-code": "314"}, {"id": "1b57a2e3dddc0aeb6caf5265c511eb14", "number": "3323303973", "area-code": "201"}, {"id": "1b57a2e3dddc0aeb6caf5265c511dd19", "number": "5593066134", "area-code": "415"}, {"id": "1b57a2e3dddc0aeb6caf5265c511d9b0", "number": "4156813394", "area-code": "530"}, {"id": "1b57a2e3dddc0aeb6caf5265c511d02b", "number": "4407878261", "area-code": "440"}, {"id": "1b57a2e3dddc0aeb6caf5265c511c783", "number": "7023230605", "area-code": "707"}, {"id": "1b57a2e3dddc0aeb6caf5265c511b7f8", "number": "5305984294", "area-code": "530"}, {"id": "1b57a2e3dddc0aeb6caf5265c511b5ab", "number": "8082261431", "area-code": "808"}, {"id": "1b57a2e3dddc0aeb6caf5265c511a5fd", "number": "2013664399", "area-code": "562"}, {"id": "1b57a2e3dddc0aeb6caf5265c5119e7c", "number": "", "area-code": "845"}, {"id": "1b57a2e3dddc0aeb6caf5265c5119e55", "number": "6503536063", "area-code": "530"}, {"id": "1b57a2e3dddc0aeb6caf5265c5119924", "number": "7252098201", "area-code": "253"}, {"id": "1b57a2e3dddc0aeb6caf5265c511989b", "number": "", "area-code": "845"}, {"id": "1b57a2e3dddc0aeb6caf5265c511938c", "number": "7862711442", "area-code": "786"}, {"id": "1b57a2e3dddc0aeb6caf5265c511934d", "number": "5302367846", "area-code": "530"}, {"id": "1b57a2e3dddc0aeb6caf5265c511801e", "number": "", "area-code": "845"}, {"id": "1b57a2e3dddc0aeb6caf5265c5118bf6", "number": "7862211598", "area-code": "786"}, {"id": "1b57a2e3dddc0aeb6caf5265c5117aa1", "number": "8084459831", "area-code": "808"}, {"id": "1b57a2e3dddc0aeb6caf5265c51177be", "number": "5302367846", "area-code": "530"}, {"id": "1b57a2e3dddc0aeb6caf5265c5116e75", "number": "6234011681", "area-code": "928"}], "meta": {"record-total": 13642}}