{"data": [{"id": "eb338bae07ce7b2b7d16df77316aba22", "number": "8432263299", "area-code": "843"}, {"id": "eb338bae07ce7b2b7d16df77316a8b49", "number": "6194892558", "area-code": "619"}, {"id": "eb338bae07ce7b2b7d16df77316aa474", "number": "8644286985", "area-code": "843"}, {"id": "eb338bae07ce7b2b7d16df77316a9874", "number": "8644286985", "area-code": "843"}, {"id": "eb338bae07ce7b2b7d16df77316abbcd", "number": "+13125577125", "area-code": "312"}, {"id": "eb338bae07ce7b2b7d16df77314cacc0", "number": "6147687064", "area-code": "614"}, {"id": "eb338bae07ce7b2b7d16df77314ca3f3", "number": "", "area-code": "678"}, {"id": "eb338bae07ce7b2b7d16df77316aabac", "number": "+12246537727", "area-code": "817"}, {"id": "eb338bae07ce7b2b7d16df77316acc71", "number": "3124824216", "area-code": "312"}, {"id": "eb338bae07ce7b2b7d16df77316a7632", "number": "3124824962", "area-code": "312"}, {"id": "eb338bae07ce7b2b7d16df77316a82f7", "number": "3124826014", "area-code": "312"}, {"id": "eb338bae07ce7b2b7d16df77316ac53a", "number": "3124827679", "area-code": "312"}, {"id": "eb338bae07ce7b2b7d16df77316a5f86", "number": "8558248219", "area-code": "408"}, {"id": "eb338bae07ce7b2b7d16df77316a58aa", "number": "+16784256080", "area-code": "678"}, {"id": "eb338bae07ce7b2b7d16df77316a59bd", "number": "7149728826", "area-code": "408"}, {"id": "eb338bae07ce7b2b7d16df77314c9894", "number": "7203881143", "area-code": "650"}, {"id": "eb338bae07ce7b2b7d16df77316a6525", "number": "+23299953868", "area-code": "301"}, {"id": "eb338bae07ce7b2b7d16df77314c8cb2", "number": "8663350489", "area-code": "661"}, {"id": "eb338bae07ce7b2b7d16df77316a5a3d", "number": "+12406579592", "area-code": "301"}, {"id": "eb338bae07ce7b2b7d16df77316a3750", "number": "+17734323803", "area-code": "773"}, {"id": "eb338bae07ce7b2b7d16df77316a4cb7", "number": "+14432478853", "area-code": "301"}, {"id": "eb338bae07ce7b2b7d16df77316a351b", "number": "+17754371444", "area-code": "775"}, {"id": "eb338bae07ce7b2b7d16df77316a4b05", "number": "8558248219", "area-code": "408"}, {"id": "eb338bae07ce7b2b7d16df77314c8516", "number": "8057930716", "area-code": "323"}, {"id": "eb338bae07ce7b2b7d16df77314c850d", "number": "2816098134", "area-code": "281"}, {"id": "eb338bae07ce7b2b7d16df77316a6ef1", "number": "2403619970", "area-code": "240"}, {"id": "eb338bae07ce7b2b7d16df77316a3bde", "number": "2157709101", "area-code": "760"}, {"id": "eb338bae07ce7b2b7d16df77314c81b7", "number": "9096065942", "area-code": "714"}, {"id": "eb338bae07ce7b2b7d16df77316a2b43", "number": "3232235187", "area-code": "949"}, {"id": "eb338bae07ce7b2b7d16df77316a2690", "number": "9138459312", "area-code": "913"}, {"id": "eb338bae07ce7b2b7d16df77314c77fa", "number": "5300374271", "area-code": "714"}, {"id": "eb338bae07ce7b2b7d16df77314c6a63", "number": "7147212850", "area-code": "714"}, {"id": "eb338bae07ce7b2b7d16df77314c6a0f", "number": "3179830695", "area-code": "207"}, {"id": "eb338bae07ce7b2b7d16df77314c670b", "number": "9723320517", "area-code": "972"}, {"id": "eb338bae07ce7b2b7d16df77314c6001", "number": "7147218207", "area-code": "714"}, {"id": "eb338bae07ce7b2b7d16df77316a124d", "number": "7759865924", "area-code": "618"}, {"id": "eb338bae07ce7b2b7d16df77314c5d0e", "number": "7147217991", "area-code": "714"}, {"id": "eb338bae07ce7b2b7d16df77314c53d7", "number": "9372321633", "area-code": "937"}, {"id": "eb338bae07ce7b2b7d16df77316a0596", "number": "+18552228463", "area-code": "484"}, {"id": "eb338bae07ce7b2b7d16df77314c49d9", "number": "7147217195", "area-code": "714"}, {"id": "eb338bae07ce7b2b7d16df77316a0d0f", "number": "2313357237", "area-code": "231"}, {"id": "eb338bae07ce7b2b7d16df77316a1f2c", "number": "+16362382433", "area-code": "615"}, {"id": "eb338bae07ce7b2b7d16df77314c4658", "number": "9378783601", "area-code": "937"}, {"id": "eb338bae07ce7b2b7d16df77316a05fd", "number": "+15626191016", "area-code": "562"}, {"id": "eb338bae07ce7b2b7d16df77316a03f4", "number": "2403722634", "area-code": "240"}, {"id": "eb338bae07ce7b2b7d16df77314c3fd3", "number": "7147215072", "area-code": "714"}, {"id": "eb338bae07ce7b2b7d16df77314c3f32", "number": "9207892143", "area-code": "920"}, {"id": "eb338bae07ce7b2b7d16df77314c362b", "number": "9546944136", "area-code": "954"}, {"id": "eb338bae07ce7b2b7d16df77314c2674", "number": "9546944136", "area-code": "954"}, {"id": "eb338bae07ce7b2b7d16df773169feb7", "number": "+14074997248", "area-code": "352"}], "meta": {"record-total": 4599}}