{"data": [{"id": "86b7fd13f61dfbeb6888d9ebe2f899a1", "number": "9132709441", "area-code": "816"}, {"id": "86b7fd13f61dfbeb6888d9ebe2f89821", "number": "", "area-code": "408"}, {"id": "86b7fd13f61dfbeb6888d9ebe2f8968d", "number": "9132709441", "area-code": "816"}, {"id": "86b7fd13f61dfbeb6888d9ebe2f88d94", "number": "8052227093", "area-code": "415"}, {"id": "86b7fd13f61dfbeb6888d9ebe2f88169", "number": "3320204861", "area-code": "586"}, {"id": "86b7fd13f61dfbeb6888d9ebe2f872cb", "number": "2532341194", "area-code": "425"}, {"id": "86b7fd13f61dfbeb6888d9ebe2f864bc", "number": "2099863980", "area-code": "209"}, {"id": "86b7fd13f61dfbeb6888d9ebe2f85dcd", "number": "8583345351", "area-code": "415"}, {"id": "86b7fd13f61dfbeb6888d9ebe2f8598e", "number": "2029254256", "area-code": "718"}, {"id": "86b7fd13f61dfbeb6888d9ebe2f8540f", "number": "4103606035", "area-code": "410"}, {"id": "86b7fd13f61dfbeb6888d9ebe2f84e87", "number": "2312016182", "area-code": "586"}, {"id": "86b7fd13f61dfbeb6888d9ebe2f848fd", "number": "8555848315", "area-code": "586"}, {"id": "86b7fd13f61dfbeb6888d9ebe2f83ad2", "number": "2622051673", "area-code": "404"}, {"id": "86b7fd13f61dfbeb6888d9ebe2f83214", "number": "4256502810", "area-code": "509"}, {"id": "86b7fd13f61dfbeb6888d9ebe2f82787", "number": "3524696316", "area-code": "509"}, {"id": "86b7fd13f61dfbeb6888d9ebe2f82549", "number": "3424926786", "area-code": "972"}, {"id": "86b7fd13f61dfbeb6888d9ebe2f81598", "number": "8593496704", "area-code": "502"}, {"id": "86b7fd13f61dfbeb6888d9ebe2f80dfb", "number": "6505806010", "area-code": "650"}, {"id": "86b7fd13f61dfbeb6888d9ebe2f806e2", "number": "9546946517", "area-code": "954"}, {"id": "86b7fd13f61dfbeb6888d9ebe2f7fce7", "number": "9549000996", "area-code": "954"}, {"id": "86b7fd13f61dfbeb6888d9ebe2f7f577", "number": "9712845621", "area-code": "503"}, {"id": "86b7fd13f61dfbeb6888d9ebe2f7e15c", "number": "5102278132", "area-code": "510"}, {"id": "86b7fd13f61dfbeb6888d9ebe2f7f4d0", "number": "8662358693", "area-code": "952"}, {"id": "86b7fd13f61dfbeb6888d9ebe2f7f146", "number": "9542788241", "area-code": "651"}, {"id": "86b7fd13f61dfbeb6888d9ebe2f7eb7a", "number": "2147834081", "area-code": "214"}, {"id": "86b7fd13f61dfbeb6888d9ebe2f7da58", "number": "4152149786", "area-code": "760"}, {"id": "86b7fd13f61dfbeb6888d9ebe2f7cf63", "number": "5997987839", "area-code": "360"}, {"id": "86b7fd13f61dfbeb6888d9ebe2f7c975", "number": "5034614660", "area-code": "503"}, {"id": "86b7fd13f61dfbeb6888d9ebe2f7c2cf", "number": "4058973925", "area-code": "405"}, {"id": "86b7fd13f61dfbeb6888d9ebe2f7bea1", "number": "6028857739", "area-code": "480"}, {"id": "86b7fd13f61dfbeb6888d9ebe2f7b6f8", "number": "4054448799", "area-code": "405"}, {"id": "86b7fd13f61dfbeb6888d9ebe2f7aefc", "number": "7608295025", "area-code": "760"}, {"id": "86b7fd13f61dfbeb6888d9ebe2f79fe4", "number": "4086743148", "area-code": "229"}, {"id": "86b7fd13f61dfbeb6888d9ebe2f79206", "number": "9373060950", "area-code": "937"}, {"id": "86b7fd13f61dfbeb6888d9ebe2f7852c", "number": "8882474080", "area-code": "405"}, {"id": "86b7fd13f61dfbeb6888d9ebe2f778fe", "number": "9373061125", "area-code": "937"}, {"id": "86b7fd13f61dfbeb6888d9ebe2f76db3", "number": "4067921004", "area-code": "856"}, {"id": "86b7fd13f61dfbeb6888d9ebe2f7695f", "number": "4058029873", "area-code": "405"}, {"id": "86b7fd13f61dfbeb6888d9ebe2f76449", "number": "2152200541", "area-code": "937"}, {"id": "86b7fd13f61dfbeb6888d9ebe2f75b57", "number": "3192512670", "area-code": "856"}, {"id": "86b7fd13f61dfbeb6888d9ebe2f74bff", "number": "8564406950", "area-code": "856"}, {"id": "86b7fd13f61dfbeb6888d9ebe2f74699", "number": "8564204561", "area-code": "856"}, {"id": "86b7fd13f61dfbeb6888d9ebe2f74504", "number": "2157893956", "area-code": "937"}, {"id": "86b7fd13f61dfbeb6888d9ebe2f742c7", "number": "8564204561", "area-code": "856"}, {"id": "86b7fd13f61dfbeb6888d9ebe2f7395b", "number": "9078027052", "area-code": "907"}, {"id": "86b7fd13f61dfbeb6888d9ebe2f73046", "number": "4806913242", "area-code": "480"}, {"id": "86b7fd13f61dfbeb6888d9ebe2f72196", "number": "8563152807", "area-code": "856"}, {"id": "86b7fd13f61dfbeb6888d9ebe2f71cb1", "number": "4062198756", "area-code": "406"}, {"id": "86b7fd13f61dfbeb6888d9ebe2f71952", "number": "8563152807", "area-code": "856"}, {"id": "86b7fd13f61dfbeb6888d9ebe2f70a21", "number": "8024652278", "area-code": "937"}], "meta": {"record-total": 14917}}