{"data": [{"id": "f2c2746f8dcfdbc3954d85a43deedd8c", "number": "9123515299", "area-code": "434"}, {"id": "f2c2746f8dcfdbc3954d85a43deed63c", "number": "4795220836", "area-code": "479"}, {"id": "f2c2746f8dcfdbc3954d85a43deed3d0", "number": "4852205077", "area-code": "605"}, {"id": "f2c2746f8dcfdbc3954d85a43deec60e", "number": "7158632893", "area-code": "434"}, {"id": "f2c2746f8dcfdbc3954d85a43deebe3e", "number": "6032132185", "area-code": "603"}, {"id": "f2c2746f8dcfdbc3954d85a43deeae49", "number": "4153676250", "area-code": "530"}, {"id": "f2c2746f8dcfdbc3954d85a43deeaae5", "number": "5163703401", "area-code": "253"}, {"id": "f2c2746f8dcfdbc3954d85a43dee9ee4", "number": "5178587663", "area-code": "605"}, {"id": "f2c2746f8dcfdbc3954d85a43dee95e8", "number": "8056015268", "area-code": "925"}, {"id": "f2c2746f8dcfdbc3954d85a43dee9144", "number": "8280073926", "area-code": "479"}, {"id": "f2c2746f8dcfdbc3954d85a43dee873d", "number": "5173549149", "area-code": "605"}, {"id": "f2c2746f8dcfdbc3954d85a43dee86fe", "number": "9162956470", "area-code": "916"}, {"id": "f2c2746f8dcfdbc3954d85a43dee804e", "number": "5173549149", "area-code": "605"}, {"id": "f2c2746f8dcfdbc3954d85a43dee7638", "number": "8587296997", "area-code": "858"}, {"id": "f2c2746f8dcfdbc3954d85a43dee6736", "number": "9162153115", "area-code": "916"}, {"id": "f2c2746f8dcfdbc3954d85a43dee61f3", "number": "8584004676", "area-code": "858"}, {"id": "f2c2746f8dcfdbc3954d85a43dee6160", "number": "8703990210", "area-code": "479"}, {"id": "f2c2746f8dcfdbc3954d85a43dee5629", "number": "5596388771", "area-code": "858"}, {"id": "f2c2746f8dcfdbc3954d85a43dee4cb0", "number": "9257945302", "area-code": "925"}, {"id": "f2c2746f8dcfdbc3954d85a43dee3da6", "number": "7155827402", "area-code": "715"}, {"id": "f2c2746f8dcfdbc3954d85a43dee3b80", "number": "7633093052", "area-code": "763"}, {"id": "f2c2746f8dcfdbc3954d85a43dee2e87", "number": "5488536061", "area-code": "925"}, {"id": "f2c2746f8dcfdbc3954d85a43dee21bf", "number": "7155827402", "area-code": "715"}, {"id": "f2c2746f8dcfdbc3954d85a43dee02a9", "number": "9253530175", "area-code": "925"}, {"id": "f2c2746f8dcfdbc3954d85a43dee0d44", "number": "2164063775", "area-code": "216"}, {"id": "f2c2746f8dcfdbc3954d85a43dee14d6", "number": "1288135497", "area-code": "281"}, {"id": "f2c2746f8dcfdbc3954d85a43dedf71e", "number": "3238516743", "area-code": "425"}, {"id": "f2c2746f8dcfdbc3954d85a43dedeea7", "number": "9255240989", "area-code": "925"}, {"id": "f2c2746f8dcfdbc3954d85a43dede9ef", "number": "2814464375", "area-code": "281"}, {"id": "f2c2746f8dcfdbc3954d85a43dede908", "number": "2813707638", "area-code": "281"}, {"id": "f2c2746f8dcfdbc3954d85a43dedde49", "number": "9257945302", "area-code": "925"}, {"id": "f2c2746f8dcfdbc3954d85a43dedd2a5", "number": "3237444846", "area-code": "281"}, {"id": "f2c2746f8dcfdbc3954d85a43dedd270", "number": "8333556036", "area-code": "336"}, {"id": "f2c2746f8dcfdbc3954d85a43dedc2c5", "number": "", "area-code": "845"}, {"id": "f2c2746f8dcfdbc3954d85a43dedbf9b", "number": "4124303876", "area-code": "212"}, {"id": "f2c2746f8dcfdbc3954d85a43dedb0ad", "number": "9798435196", "area-code": "281"}, {"id": "f2c2746f8dcfdbc3954d85a43deda887", "number": "9722810500", "area-code": "281"}, {"id": "f2c2746f8dcfdbc3954d85a43ded9a13", "number": "4324673556", "area-code": "281"}, {"id": "f2c2746f8dcfdbc3954d85a43ded996f", "number": "", "area-code": "440"}, {"id": "f2c2746f8dcfdbc3954d85a43ded8f95", "number": "6193124890", "area-code": "619"}, {"id": "f2c2746f8dcfdbc3954d85a43ded83f6", "number": "2083237716", "area-code": "281"}, {"id": "f2c2746f8dcfdbc3954d85a43ded8068", "number": "2814707468", "area-code": "281"}, {"id": "f2c2746f8dcfdbc3954d85a43ded7ed4", "number": "2108519314", "area-code": "281"}, {"id": "f2c2746f8dcfdbc3954d85a43ded7780", "number": "4124303876", "area-code": "212"}, {"id": "f2c2746f8dcfdbc3954d85a43ded763b", "number": "3473433215", "area-code": "703"}, {"id": "f2c2746f8dcfdbc3954d85a43ded70dd", "number": "2814859465", "area-code": "281"}, {"id": "f2c2746f8dcfdbc3954d85a43ded6d23", "number": "7062570251", "area-code": "732"}, {"id": "f2c2746f8dcfdbc3954d85a43ded6360", "number": "6622225833", "area-code": "505"}, {"id": "f2c2746f8dcfdbc3954d85a43ded53e7", "number": "3057447282", "area-code": "205"}, {"id": "f2c2746f8dcfdbc3954d85a43ded47c8", "number": "2814859465", "area-code": "281"}], "meta": {"record-total": 15393}}