{"data": [{"id": "7fe846f7b67c22e59d9a27eb1b4c395f", "number": "6312308003", "area-code": "631"}, {"id": "7fe846f7b67c22e59d9a27eb1b4c34cb", "number": "3042446689", "area-code": "310"}, {"id": "7fe846f7b67c22e59d9a27eb1b4c28d2", "number": "4803474363", "area-code": "480"}, {"id": "7fe846f7b67c22e59d9a27eb1b4c25e5", "number": "9095527040", "area-code": "909"}, {"id": "7fe846f7b67c22e59d9a27eb1b4c22d5", "number": "4102148722", "area-code": "410"}, {"id": "7fe846f7b67c22e59d9a27eb1b4c1779", "number": "9092195767", "area-code": "909"}, {"id": "7fe846f7b67c22e59d9a27eb1b4c0fd2", "number": "6264483085", "area-code": "626"}, {"id": "7fe846f7b67c22e59d9a27eb1b4c0751", "number": "2023971845", "area-code": "410"}, {"id": "7fe846f7b67c22e59d9a27eb1b4bfe75", "number": "6264428032", "area-code": "909"}, {"id": "7fe846f7b67c22e59d9a27eb1b4bf59a", "number": "2029186099", "area-code": "281"}, {"id": "7fe846f7b67c22e59d9a27eb1b4beeb2", "number": "4434834110", "area-code": "410"}, {"id": "7fe846f7b67c22e59d9a27eb1b4bdefd", "number": "9096718748", "area-code": "909"}, {"id": "7fe846f7b67c22e59d9a27eb1b4bd1c3", "number": "", "area-code": "504"}, {"id": "7fe846f7b67c22e59d9a27eb1b4bc5a1", "number": "9142921107", "area-code": "909"}, {"id": "7fe846f7b67c22e59d9a27eb1b4bc126", "number": "4107745638", "area-code": "410"}, {"id": "7fe846f7b67c22e59d9a27eb1b4ba57f", "number": "7243024820", "area-code": "281"}, {"id": "7fe846f7b67c22e59d9a27eb1b4bb155", "number": "4108621695", "area-code": "410"}, {"id": "7fe846f7b67c22e59d9a27eb1b4b9f6c", "number": "9519161299", "area-code": "951"}, {"id": "7fe846f7b67c22e59d9a27eb1b4b8fe7", "number": "4109990630", "area-code": "443"}, {"id": "7fe846f7b67c22e59d9a27eb1b4b8331", "number": "6294008483", "area-code": "702"}, {"id": "7fe846f7b67c22e59d9a27eb1b4b7a66", "number": "9103947179", "area-code": "910"}, {"id": "7fe846f7b67c22e59d9a27eb1b4b6bbb", "number": "6294008483", "area-code": "702"}, {"id": "7fe846f7b67c22e59d9a27eb1b4b614e", "number": "5172367567", "area-code": "248"}, {"id": "7fe846f7b67c22e59d9a27eb1b4b5d82", "number": "7027819131", "area-code": "702"}, {"id": "7fe846f7b67c22e59d9a27eb1b4b526a", "number": "8002777915", "area-code": "281"}, {"id": "7fe846f7b67c22e59d9a27eb1b4b5b57", "number": "7025284057", "area-code": "702"}, {"id": "7fe846f7b67c22e59d9a27eb1b4b428d", "number": "", "area-code": "614"}, {"id": "7fe846f7b67c22e59d9a27eb1b4b33fc", "number": "6038383059", "area-code": "281"}, {"id": "7fe846f7b67c22e59d9a27eb1b4b2260", "number": "2108982781", "area-code": "281"}, {"id": "7fe846f7b67c22e59d9a27eb1b4b3026", "number": "7754762185", "area-code": "626"}, {"id": "7fe846f7b67c22e59d9a27eb1b4b2f45", "number": "8449862170", "area-code": "504"}, {"id": "7fe846f7b67c22e59d9a27eb1b4b1ab9", "number": "6262960117", "area-code": "626"}, {"id": "7fe846f7b67c22e59d9a27eb1b4b19f6", "number": "2029186094", "area-code": "281"}, {"id": "7fe846f7b67c22e59d9a27eb1b4b0f74", "number": "4808456358", "area-code": "509"}, {"id": "7fe846f7b67c22e59d9a27eb1b4b08dd", "number": "6865293928", "area-code": "626"}, {"id": "7fe846f7b67c22e59d9a27eb1b4ae1db", "number": "2055491977", "area-code": "281"}, {"id": "7fe846f7b67c22e59d9a27eb1b4aff3f", "number": "4497756", "area-code": "541"}, {"id": "7fe846f7b67c22e59d9a27eb1b4afeaf", "number": "6269190909", "area-code": "626"}, {"id": "7fe846f7b67c22e59d9a27eb1b4af09c", "number": "8598002181", "area-code": "281"}, {"id": "7fe846f7b67c22e59d9a27eb1b4ad959", "number": "8324002321", "area-code": "281"}, {"id": "7fe846f7b67c22e59d9a27eb1b4ad167", "number": "4092678152", "area-code": "281"}, {"id": "7fe846f7b67c22e59d9a27eb1b4ad714", "number": "3083829119", "area-code": "541"}, {"id": "7fe846f7b67c22e59d9a27eb1b4ac8b4", "number": "5033790413", "area-code": "503"}, {"id": "7fe846f7b67c22e59d9a27eb1b4acfb5", "number": "5513010680", "area-code": "281"}, {"id": "7fe846f7b67c22e59d9a27eb1b4ac84f", "number": "", "area-code": "803"}, {"id": "7fe846f7b67c22e59d9a27eb1b4ac499", "number": "5419964854", "area-code": "541"}, {"id": "7fe846f7b67c22e59d9a27eb1b4ab0e1", "number": "8324002321", "area-code": "281"}, {"id": "7fe846f7b67c22e59d9a27eb1b4ab951", "number": "8138948930", "area-code": "813"}, {"id": "7fe846f7b67c22e59d9a27eb1b4aa6ff", "number": "8763519567", "area-code": "303"}, {"id": "7fe846f7b67c22e59d9a27eb1b4aa488", "number": "7735366949", "area-code": "303"}], "meta": {"record-total": 9665}}