{"data": [{"id": "22accffc68a392a07db612dc876d0448", "number": "9155844835", "area-code": "915"}, {"id": "22accffc68a392a07db612dc876d3043", "number": "+19292389630", "area-code": "929"}, {"id": "22accffc68a392a07db612dc876d20a4", "number": "+17738048542", "area-code": "772"}, {"id": "22accffc68a392a07db612dc876cccb1", "number": "5852437690", "area-code": "347"}, {"id": "22accffc68a392a07db612dc876cecf1", "number": "2292975025", "area-code": "702"}, {"id": "22accffc68a392a07db612dc874261e1", "number": "7344566211", "area-code": "734"}, {"id": "22accffc68a392a07db612dc876d5665", "number": "7573844796", "area-code": "757"}, {"id": "22accffc68a392a07db612dc876d487c", "number": "7573844796", "area-code": "757"}, {"id": "22accffc68a392a07db612dc87425957", "number": "7194543289", "area-code": "303"}, {"id": "22accffc68a392a07db612dc874252af", "number": "8479496692", "area-code": "847"}, {"id": "22accffc68a392a07db612dc876d5a98", "number": "9805509908", "area-code": "404"}, {"id": "22accffc68a392a07db612dc8742495a", "number": "4056332709", "area-code": "734"}, {"id": "22accffc68a392a07db612dc876d1124", "number": "4049418189", "area-code": "404"}, {"id": "22accffc68a392a07db612dc8742449b", "number": "6023259429", "area-code": "602"}, {"id": "22accffc68a392a07db612dc876cd937", "number": "+16193934987", "area-code": "619"}, {"id": "22accffc68a392a07db612dc87423543", "number": "5412293475", "area-code": "704"}, {"id": "22accffc68a392a07db612dc87422618", "number": "3132937308", "area-code": "734"}, {"id": "22accffc68a392a07db612dc87422019", "number": "7042723319", "area-code": "704"}, {"id": "22accffc68a392a07db612dc876ce54f", "number": "7735726259", "area-code": "773"}, {"id": "22accffc68a392a07db612dc876cfc00", "number": "7735726805", "area-code": "773"}, {"id": "22accffc68a392a07db612dc876d4f3e", "number": "3239466850", "area-code": "213"}, {"id": "22accffc68a392a07db612dc876d3dd0", "number": "3107172139", "area-code": "310"}, {"id": "22accffc68a392a07db612dc87421c7a", "number": "4056332709", "area-code": "734"}, {"id": "22accffc68a392a07db612dc87421069", "number": "4056332709", "area-code": "734"}, {"id": "22accffc68a392a07db612dc87420ec8", "number": "9194439687", "area-code": "704"}, {"id": "22accffc68a392a07db612dc8742064a", "number": "4056332709", "area-code": "734"}, {"id": "22accffc68a392a07db612dc876c93fb", "number": "8658019801", "area-code": "310"}, {"id": "22accffc68a392a07db612dc876c4eac", "number": "5122537507", "area-code": "512"}, {"id": "22accffc68a392a07db612dc876c5b8d", "number": "6104786208", "area-code": "408"}, {"id": "22accffc68a392a07db612dc876c9fec", "number": "3053306314", "area-code": "703"}, {"id": "22accffc68a392a07db612dc876c438a", "number": "3053306314", "area-code": "703"}, {"id": "22accffc68a392a07db612dc876c7f79", "number": "5129279457", "area-code": "512"}, {"id": "22accffc68a392a07db612dc876c71fb", "number": "+13237611242", "area-code": "213"}, {"id": "22accffc68a392a07db612dc876cc89e", "number": "8172920742", "area-code": "512"}, {"id": "22accffc68a392a07db612dc876c7523", "number": "5122826794", "area-code": "512"}, {"id": "22accffc68a392a07db612dc876ca6ec", "number": "+19513384730", "area-code": "951"}, {"id": "22accffc68a392a07db612dc876c65c9", "number": "8172920742", "area-code": "512"}, {"id": "22accffc68a392a07db612dc876caad4", "number": "6266390875", "area-code": "626"}, {"id": "22accffc68a392a07db612dc876cb9fb", "number": "8302864685", "area-code": "214"}, {"id": "22accffc68a392a07db612dc876c8e6f", "number": "8475958222", "area-code": "847"}, {"id": "22accffc68a392a07db612dc874205bc", "number": "2028035958", "area-code": "703"}, {"id": "22accffc68a392a07db612dc8741f960", "number": "6059241129", "area-code": "917"}, {"id": "22accffc68a392a07db612dc876cb513", "number": "9735827462", "area-code": "973"}, {"id": "22accffc68a392a07db612dc876c17e1", "number": "9785333569", "area-code": "757"}, {"id": "22accffc68a392a07db612dc876c33c2", "number": "4692528639", "area-code": "512"}, {"id": "22accffc68a392a07db612dc8741f340", "number": "3306127356", "area-code": "330"}, {"id": "22accffc68a392a07db612dc876c23a8", "number": "+19546556378", "area-code": "405"}, {"id": "22accffc68a392a07db612dc876c19bb", "number": "9726900787", "area-code": "512"}, {"id": "22accffc68a392a07db612dc8741f423", "number": "", "area-code": "714"}, {"id": "22accffc68a392a07db612dc876bd760", "number": "2316838749", "area-code": "757"}], "meta": {"record-total": 18160}}