{"data": [{"id": "c67f428c8cfad38127eed2e58d896395", "number": "", "area-code": "770"}, {"id": "c67f428c8cfad38127eed2e58d895e2d", "number": "7692131050", "area-code": "973"}, {"id": "c67f428c8cfad38127eed2e58d89500f", "number": "7206690764", "area-code": "720"}, {"id": "c67f428c8cfad38127eed2e58d894669", "number": "8889858461", "area-code": "218"}, {"id": "c67f428c8cfad38127eed2e58d8938fe", "number": "2673675057", "area-code": "267"}, {"id": "c67f428c8cfad38127eed2e58d893646", "number": "2076561379", "area-code": "207"}, {"id": "c67f428c8cfad38127eed2e58d893130", "number": "3303023766", "area-code": "330"}, {"id": "c67f428c8cfad38127eed2e58d892651", "number": "4434929514", "area-code": "443"}, {"id": "c67f428c8cfad38127eed2e58d891706", "number": "2562905124", "area-code": "256"}, {"id": "c67f428c8cfad38127eed2e58d890b12", "number": "", "area-code": "770"}, {"id": "c67f428c8cfad38127eed2e58d890836", "number": "8156871602", "area-code": "973"}, {"id": "c67f428c8cfad38127eed2e58d8901aa", "number": "8009556600", "area-code": "518"}, {"id": "c67f428c8cfad38127eed2e58d88fd30", "number": "7132310595", "area-code": "713"}, {"id": "c67f428c8cfad38127eed2e58d88ee15", "number": "", "area-code": "770"}, {"id": "c67f428c8cfad38127eed2e58d88eb2f", "number": "5136961920", "area-code": "516"}, {"id": "c67f428c8cfad38127eed2e58d88e47d", "number": "8764865798", "area-code": "703"}, {"id": "c67f428c8cfad38127eed2e58d88d82b", "number": "6576607886", "area-code": "561"}, {"id": "c67f428c8cfad38127eed2e58d88d521", "number": "9548657655", "area-code": "423"}, {"id": "c67f428c8cfad38127eed2e58d88c599", "number": "8506126044", "area-code": "800"}, {"id": "c67f428c8cfad38127eed2e58d88c011", "number": "6064166772", "area-code": "863"}, {"id": "c67f428c8cfad38127eed2e58d88baea", "number": "7402874718", "area-code": "501"}, {"id": "c67f428c8cfad38127eed2e58d88ae8b", "number": "4782104919", "area-code": "478"}, {"id": "c67f428c8cfad38127eed2e58d88a562", "number": "2072502822", "area-code": "207"}, {"id": "c67f428c8cfad38127eed2e58d8895bc", "number": "9375896943", "area-code": "937"}, {"id": "c67f428c8cfad38127eed2e58d888a10", "number": "9139146530", "area-code": "973"}, {"id": "c67f428c8cfad38127eed2e58d88855b", "number": "8768176588", "area-code": "520"}, {"id": "c67f428c8cfad38127eed2e58d887e48", "number": "2122481758", "area-code": "347"}, {"id": "c67f428c8cfad38127eed2e58d887c85", "number": "3365150682", "area-code": "800"}, {"id": "c67f428c8cfad38127eed2e58d88751f", "number": "5732394470", "area-code": "913"}, {"id": "c67f428c8cfad38127eed2e58d886a19", "number": "3127712701", "area-code": "312"}, {"id": "c67f428c8cfad38127eed2e58d885e3c", "number": "", "area-code": "770"}, {"id": "c67f428c8cfad38127eed2e58d885719", "number": "3393373566", "area-code": "781"}, {"id": "c67f428c8cfad38127eed2e58d884bf7", "number": "7867538059", "area-code": "479"}, {"id": "c67f428c8cfad38127eed2e58d884137", "number": "2057071045", "area-code": "205"}, {"id": "c67f428c8cfad38127eed2e58d883ae1", "number": "8722544823", "area-code": "734"}, {"id": "c67f428c8cfad38127eed2e58d8835e8", "number": "7013533581", "area-code": "973"}, {"id": "c67f428c8cfad38127eed2e58d882f83", "number": "", "area-code": "770"}, {"id": "c67f428c8cfad38127eed2e58d882d55", "number": "4232959476", "area-code": "423"}, {"id": "c67f428c8cfad38127eed2e58d8827f0", "number": "7325825735", "area-code": "732"}, {"id": "c67f428c8cfad38127eed2e58d88258e", "number": "4242071509", "area-code": "847"}, {"id": "c67f428c8cfad38127eed2e58d881e4c", "number": "7812578261", "area-code": "210"}, {"id": "c67f428c8cfad38127eed2e58d88173d", "number": "6512229257", "area-code": "402"}, {"id": "c67f428c8cfad38127eed2e58d880d44", "number": "6084705091", "area-code": "608"}, {"id": "c67f428c8cfad38127eed2e58d880ac4", "number": "", "area-code": "770"}, {"id": "c67f428c8cfad38127eed2e58d87fc7e", "number": "4792656716", "area-code": "479"}, {"id": "c67f428c8cfad38127eed2e58d87f42b", "number": "2312162101", "area-code": "973"}, {"id": "c67f428c8cfad38127eed2e58d87e797", "number": "8636570405", "area-code": "863"}, {"id": "c67f428c8cfad38127eed2e58d87d911", "number": "", "area-code": "770"}, {"id": "c67f428c8cfad38127eed2e58d87d865", "number": "4704357043", "area-code": "678"}, {"id": "c67f428c8cfad38127eed2e58d87d011", "number": "6092956188", "area-code": "856"}], "meta": {"record-total": 700}}