{"data": [{"id": "e4154e8fc40b0b50cfd20edc6e7f037b", "number": "6412752963", "area-code": "641"}, {"id": "e4154e8fc40b0b50cfd20edc6e7ef986", "number": "7608187518", "area-code": "626"}, {"id": "e4154e8fc40b0b50cfd20edc6e7eebec", "number": "2172987013", "area-code": "217"}, {"id": "e4154e8fc40b0b50cfd20edc6e7edf28", "number": "5312308162", "area-code": "217"}, {"id": "e4154e8fc40b0b50cfd20edc6e7ed40c", "number": "3173782391", "area-code": "217"}, {"id": "e4154e8fc40b0b50cfd20edc6e7ec9a4", "number": "", "area-code": "716"}, {"id": "e4154e8fc40b0b50cfd20edc6e8814ac", "number": "9099715750", "area-code": "909"}, {"id": "e4154e8fc40b0b50cfd20edc6e7ebf70", "number": "8668397500", "area-code": "727"}, {"id": "e4154e8fc40b0b50cfd20edc6e7eba45", "number": "8668337500", "area-code": "727"}, {"id": "e4154e8fc40b0b50cfd20edc6e8802e6", "number": "4022828274", "area-code": "402"}, {"id": "e4154e8fc40b0b50cfd20edc6e880ddc", "number": "4023134196", "area-code": "402"}, {"id": "e4154e8fc40b0b50cfd20edc6e87ec66", "number": "4022828283", "area-code": "402"}, {"id": "e4154e8fc40b0b50cfd20edc6e87f6b4", "number": "4022828336", "area-code": "402"}, {"id": "e4154e8fc40b0b50cfd20edc6e7eb2dd", "number": "4068123215", "area-code": "727"}, {"id": "e4154e8fc40b0b50cfd20edc6e7eb297", "number": "7274425280", "area-code": "727"}, {"id": "e4154e8fc40b0b50cfd20edc6e7ea82a", "number": "4242954236", "area-code": "310"}, {"id": "e4154e8fc40b0b50cfd20edc6e7e9ed3", "number": "4193712205", "area-code": "727"}, {"id": "e4154e8fc40b0b50cfd20edc6e87ddc6", "number": "4806802896", "area-code": "623"}, {"id": "e4154e8fc40b0b50cfd20edc6e7e8f9c", "number": "5852196129", "area-code": "585"}, {"id": "e4154e8fc40b0b50cfd20edc6e7e8cd5", "number": "3147986992", "area-code": "314"}, {"id": "e4154e8fc40b0b50cfd20edc6e7e88fe", "number": "4043285762", "area-code": "706"}, {"id": "e4154e8fc40b0b50cfd20edc6e7e7f1b", "number": "", "area-code": "270"}, {"id": "e4154e8fc40b0b50cfd20edc6e7e7abf", "number": "3239660734", "area-code": "323"}, {"id": "e4154e8fc40b0b50cfd20edc6e7e790d", "number": "8595945022", "area-code": "270"}, {"id": "e4154e8fc40b0b50cfd20edc6e7e7390", "number": "2567868132", "area-code": "205"}, {"id": "e4154e8fc40b0b50cfd20edc6e7e6e93", "number": "", "area-code": "703"}, {"id": "e4154e8fc40b0b50cfd20edc6e87cfef", "number": "+14234563327", "area-code": "858"}, {"id": "e4154e8fc40b0b50cfd20edc6e7e6a11", "number": "5022066065", "area-code": "270"}, {"id": "e4154e8fc40b0b50cfd20edc6e87cb28", "number": "+14194519230", "area-code": "858"}, {"id": "e4154e8fc40b0b50cfd20edc6e7e5b14", "number": "", "area-code": "702"}, {"id": "e4154e8fc40b0b50cfd20edc6e7e5728", "number": "8606096226", "area-code": "860"}, {"id": "e4154e8fc40b0b50cfd20edc6e7e4cfc", "number": "8282424839", "area-code": "828"}, {"id": "e4154e8fc40b0b50cfd20edc6e7e3eb6", "number": "3239620140", "area-code": "559"}, {"id": "e4154e8fc40b0b50cfd20edc6e7e382c", "number": "6292099486", "area-code": "408"}, {"id": "e4154e8fc40b0b50cfd20edc6e87c3c5", "number": "+19726457008", "area-code": "972"}, {"id": "e4154e8fc40b0b50cfd20edc6e87b40a", "number": "+18135408440", "area-code": "386"}, {"id": "e4154e8fc40b0b50cfd20edc6e7e3639", "number": "", "area-code": "251"}, {"id": "e4154e8fc40b0b50cfd20edc6e87ae2c", "number": "7742643951", "area-code": "774"}, {"id": "e4154e8fc40b0b50cfd20edc6e7e2cbd", "number": "", "area-code": "914"}, {"id": "e4154e8fc40b0b50cfd20edc6e7e2610", "number": "9413791954", "area-code": "725"}, {"id": "e4154e8fc40b0b50cfd20edc6e7e1cba", "number": "9197871802", "area-code": "919"}, {"id": "e4154e8fc40b0b50cfd20edc6e7e153c", "number": "9892997365", "area-code": "804"}, {"id": "e4154e8fc40b0b50cfd20edc6e7e080b", "number": "6231541372", "area-code": "623"}, {"id": "e4154e8fc40b0b50cfd20edc6e7e028b", "number": "5622629751", "area-code": "562"}, {"id": "e4154e8fc40b0b50cfd20edc6e879f30", "number": "+17324005447", "area-code": "678"}, {"id": "e4154e8fc40b0b50cfd20edc6e7df57f", "number": "8008693557", "area-code": "623"}, {"id": "e4154e8fc40b0b50cfd20edc6e7df211", "number": "8664842614", "area-code": "623"}, {"id": "e4154e8fc40b0b50cfd20edc6e7de8cc", "number": "6017484017", "area-code": "808"}, {"id": "e4154e8fc40b0b50cfd20edc6e7de4ae", "number": "9542347802", "area-code": "920"}, {"id": "e4154e8fc40b0b50cfd20edc6e7dda57", "number": "7742207454", "area-code": "302"}], "meta": {"record-total": 8493}}