{"data": [{"id": "8dbe1f4d530c1d61fdb2e45bd1fdbb36", "number": "8188060397", "area-code": "303"}, {"id": "8dbe1f4d530c1d61fdb2e45bd1fdb9d2", "number": "6106282230", "area-code": "303"}, {"id": "8dbe1f4d530c1d61fdb2e45bd1fdb29c", "number": "9703434422", "area-code": "303"}, {"id": "8dbe1f4d530c1d61fdb2e45bd1fda2d9", "number": "9143528562", "area-code": "914"}, {"id": "8dbe1f4d530c1d61fdb2e45bd1fd943b", "number": "7137336580", "area-code": "831"}, {"id": "8dbe1f4d530c1d61fdb2e45bd1fd89be", "number": "5716852049", "area-code": "303"}, {"id": "8dbe1f4d530c1d61fdb2e45bd1fd7d24", "number": "8555841435", "area-code": "914"}, {"id": "8dbe1f4d530c1d61fdb2e45bd1fd731f", "number": "5104705833", "area-code": "303"}, {"id": "8dbe1f4d530c1d61fdb2e45bd1fd6be7", "number": "6692731977", "area-code": "408"}, {"id": "8dbe1f4d530c1d61fdb2e45bd1fd6b75", "number": "4356607352", "area-code": "801"}, {"id": "8dbe1f4d530c1d61fdb2e45bd1fd619e", "number": "6073064840", "area-code": "914"}, {"id": "8dbe1f4d530c1d61fdb2e45bd1fd5c54", "number": "7025796228", "area-code": "231"}, {"id": "8dbe1f4d530c1d61fdb2e45bd1fd571f", "number": "8006221569", "area-code": "303"}, {"id": "8dbe1f4d530c1d61fdb2e45bd1fd48ba", "number": "9148626273", "area-code": "914"}, {"id": "8dbe1f4d530c1d61fdb2e45bd1fd39ad", "number": "9106791968", "area-code": "303"}, {"id": "8dbe1f4d530c1d61fdb2e45bd1fd35a0", "number": "4023821529", "area-code": "914"}, {"id": "8dbe1f4d530c1d61fdb2e45bd1fd2bf1", "number": "", "area-code": "303"}, {"id": "8dbe1f4d530c1d61fdb2e45bd1fd1c1e", "number": "7862047072", "area-code": "434"}, {"id": "8dbe1f4d530c1d61fdb2e45bd1fd140a", "number": "8043814179", "area-code": "303"}, {"id": "8dbe1f4d530c1d61fdb2e45bd1fd0727", "number": "8452778657", "area-code": "914"}, {"id": "8dbe1f4d530c1d61fdb2e45bd1fd0212", "number": "", "area-code": "530"}, {"id": "8dbe1f4d530c1d61fdb2e45bd1fcf52f", "number": "9562943507", "area-code": "612"}, {"id": "8dbe1f4d530c1d61fdb2e45bd1fcf2b9", "number": "5714640274", "area-code": "303"}, {"id": "8dbe1f4d530c1d61fdb2e45bd1fce3fe", "number": "8444387661", "area-code": "434"}, {"id": "8dbe1f4d530c1d61fdb2e45bd1fce07b", "number": "3234081341", "area-code": "303"}, {"id": "8dbe1f4d530c1d61fdb2e45bd1fcd80e", "number": "6504472737", "area-code": "650"}, {"id": "8dbe1f4d530c1d61fdb2e45bd1fcca31", "number": "2094590406", "area-code": "785"}, {"id": "8dbe1f4d530c1d61fdb2e45bd1fcc55f", "number": "5712812157", "area-code": "434"}, {"id": "8dbe1f4d530c1d61fdb2e45bd1fcb6ea", "number": "9035867156", "area-code": "903"}, {"id": "8dbe1f4d530c1d61fdb2e45bd1fca7ab", "number": "8664905502", "area-code": "406"}, {"id": "8dbe1f4d530c1d61fdb2e45bd1fc9bf8", "number": "4347366661", "area-code": "434"}, {"id": "8dbe1f4d530c1d61fdb2e45bd1fc98f9", "number": "9122465519", "area-code": "434"}, {"id": "8dbe1f4d530c1d61fdb2e45bd1fc8e0f", "number": "3252553160", "area-code": "903"}, {"id": "8dbe1f4d530c1d61fdb2e45bd1fc8013", "number": "8188060397", "area-code": "720"}, {"id": "8dbe1f4d530c1d61fdb2e45bd1fc78ab", "number": "4806801493", "area-code": "650"}, {"id": "8dbe1f4d530c1d61fdb2e45bd1fc26c8", "number": "7083866302", "area-code": "708"}, {"id": "8dbe1f4d530c1d61fdb2e45bd1fc6903", "number": "9727503434", "area-code": "281"}, {"id": "8dbe1f4d530c1d61fdb2e45bd1fc66ec", "number": "2487755045", "area-code": "903"}, {"id": "8dbe1f4d530c1d61fdb2e45bd1fc57b9", "number": "", "area-code": "601"}, {"id": "8dbe1f4d530c1d61fdb2e45bd1fc5626", "number": "2812785976", "area-code": "281"}, {"id": "8dbe1f4d530c1d61fdb2e45bd1fc48e2", "number": "9093445984", "area-code": "909"}, {"id": "8dbe1f4d530c1d61fdb2e45bd1fc3af3", "number": "3462142731", "area-code": "336"}, {"id": "8dbe1f4d530c1d61fdb2e45bd1fc328c", "number": "9035861649", "area-code": "903"}, {"id": "8dbe1f4d530c1d61fdb2e45bd1fc2020", "number": "4094054225", "area-code": "281"}, {"id": "8dbe1f4d530c1d61fdb2e45bd1fc1c54", "number": "6267847594", "area-code": "408"}, {"id": "8dbe1f4d530c1d61fdb2e45bd1fc0d4f", "number": "7377033791", "area-code": "281"}, {"id": "8dbe1f4d530c1d61fdb2e45bd1fc08cf", "number": "6174332029", "area-code": "434"}, {"id": "8dbe1f4d530c1d61fdb2e45bd1fc0598", "number": "2815696312", "area-code": "281"}, {"id": "8dbe1f4d530c1d61fdb2e45bd1fbfe92", "number": "", "area-code": "863"}, {"id": "8dbe1f4d530c1d61fdb2e45bd1fbf109", "number": "2814214373", "area-code": "281"}], "meta": {"record-total": 16200}}