{"data": [{"id": "eaddcbda26837e724807ca9e24c1bce6", "number": "5542118093", "area-code": "323"}, {"id": "eaddcbda26837e724807ca9e24c1b345", "number": "9256923416", "area-code": "562"}, {"id": "eaddcbda26837e724807ca9e24c1ad50", "number": "8054961487", "area-code": "323"}, {"id": "eaddcbda26837e724807ca9e24c1a76c", "number": "9513157136", "area-code": "323"}, {"id": "eaddcbda26837e724807ca9e24ec84b4", "number": "8582749491", "area-code": "858"}, {"id": "eaddcbda26837e724807ca9e24ec845f", "number": "8584500620", "area-code": "858"}, {"id": "eaddcbda26837e724807ca9e24ec785c", "number": "2139098100", "area-code": "858"}, {"id": "eaddcbda26837e724807ca9e24ec8a78", "number": "+19048753316", "area-code": "301"}, {"id": "eaddcbda26837e724807ca9e24ec68be", "number": "+13012583605", "area-code": "301"}, {"id": "eaddcbda26837e724807ca9e24c1a367", "number": "3058702076", "area-code": "425"}, {"id": "eaddcbda26837e724807ca9e24c19599", "number": "7652026493", "area-code": "281"}, {"id": "eaddcbda26837e724807ca9e24c19431", "number": "7029060352", "area-code": "805"}, {"id": "eaddcbda26837e724807ca9e24ec60da", "number": "2062165017", "area-code": "832"}, {"id": "eaddcbda26837e724807ca9e24c18e75", "number": "7029060351", "area-code": "805"}, {"id": "eaddcbda26837e724807ca9e24c183a5", "number": "6193931914", "area-code": "949"}, {"id": "eaddcbda26837e724807ca9e24c17eb3", "number": "2024369114", "area-code": "202"}, {"id": "eaddcbda26837e724807ca9e24c17c01", "number": "", "area-code": "562"}, {"id": "eaddcbda26837e724807ca9e24ec6824", "number": "+18157467400", "area-code": "815"}, {"id": "eaddcbda26837e724807ca9e24c178ba", "number": "2024497210", "area-code": "202"}, {"id": "eaddcbda26837e724807ca9e24c173ff", "number": "3236456475", "area-code": "949"}, {"id": "eaddcbda26837e724807ca9e24c1647b", "number": "2024528774", "area-code": "202"}, {"id": "eaddcbda26837e724807ca9e24c15ee3", "number": "2762181667", "area-code": "202"}, {"id": "eaddcbda26837e724807ca9e24c15a7d", "number": "7184235336", "area-code": "718"}, {"id": "eaddcbda26837e724807ca9e24c1562c", "number": "7184231447", "area-code": "718"}, {"id": "eaddcbda26837e724807ca9e24c14db2", "number": "7605029598", "area-code": "949"}, {"id": "eaddcbda26837e724807ca9e24ec5ad2", "number": "5138963799", "area-code": "469"}, {"id": "eaddcbda26837e724807ca9e24c13ded", "number": "5138965545", "area-code": "602"}, {"id": "eaddcbda26837e724807ca9e24c1353f", "number": "6054073715", "area-code": "605"}, {"id": "eaddcbda26837e724807ca9e24c13446", "number": "", "area-code": "832"}, {"id": "eaddcbda26837e724807ca9e24c1263e", "number": "3233358011", "area-code": "510"}, {"id": "eaddcbda26837e724807ca9e24c12147", "number": "9497839049", "area-code": "949"}, {"id": "eaddcbda26837e724807ca9e24ec30b9", "number": "+17132709857", "area-code": "713"}, {"id": "eaddcbda26837e724807ca9e24c11abe", "number": "8887727291", "area-code": "619"}, {"id": "eaddcbda26837e724807ca9e24ec50b1", "number": "7036519130", "area-code": "703"}, {"id": "eaddcbda26837e724807ca9e24ec47fc", "number": "7036519130", "area-code": "703"}, {"id": "eaddcbda26837e724807ca9e24c10be8", "number": "8020756308", "area-code": "802"}, {"id": "eaddcbda26837e724807ca9e24c10591", "number": "7149071179", "area-code": "949"}, {"id": "eaddcbda26837e724807ca9e24c1014e", "number": "6616702606", "area-code": "802"}, {"id": "eaddcbda26837e724807ca9e24ec3ee4", "number": "9518246916", "area-code": "951"}, {"id": "eaddcbda26837e724807ca9e24ec439c", "number": "9513695738", "area-code": "951"}, {"id": "eaddcbda26837e724807ca9e24c0fcfb", "number": "8005182513", "area-code": "585"}, {"id": "eaddcbda26837e724807ca9e24c0f176", "number": "6148326996", "area-code": "614"}, {"id": "eaddcbda26837e724807ca9e24c0f153", "number": "9494826662", "area-code": "949"}, {"id": "eaddcbda26837e724807ca9e24c0ed4b", "number": "8025313600", "area-code": "802"}, {"id": "eaddcbda26837e724807ca9e24ec147b", "number": "7064609904", "area-code": "706"}, {"id": "eaddcbda26837e724807ca9e24c0df7c", "number": "6266035885", "area-code": "949"}, {"id": "eaddcbda26837e724807ca9e24c0d488", "number": "3019497756", "area-code": "301"}, {"id": "eaddcbda26837e724807ca9e24c0d3fd", "number": "6148323713", "area-code": "614"}, {"id": "eaddcbda26837e724807ca9e24c0c9d7", "number": "7602955057", "area-code": "760"}, {"id": "eaddcbda26837e724807ca9e24ec2142", "number": "7178009515", "area-code": "717"}], "meta": {"record-total": 6614}}