{"data": [{"id": "23fdd901f928ffc4a7e0dc4b1780a6be", "number": "6602171985", "area-code": "408"}, {"id": "23fdd901f928ffc4a7e0dc4b1780a47c", "number": "4197050414", "area-code": "423"}, {"id": "23fdd901f928ffc4a7e0dc4b17809857", "number": "2104461633", "area-code": "408"}, {"id": "23fdd901f928ffc4a7e0dc4b17808e86", "number": "4084134576", "area-code": "408"}, {"id": "23fdd901f928ffc4a7e0dc4b178084af", "number": "6787779570", "area-code": "678"}, {"id": "23fdd901f928ffc4a7e0dc4b178077e5", "number": "8447240625", "area-code": "845"}, {"id": "23fdd901f928ffc4a7e0dc4b178068bc", "number": "9013808491", "area-code": "209"}, {"id": "23fdd901f928ffc4a7e0dc4b1780676d", "number": "3528882393", "area-code": "352"}, {"id": "23fdd901f928ffc4a7e0dc4b17805bec", "number": "9496745425", "area-code": "209"}, {"id": "23fdd901f928ffc4a7e0dc4b178051bc", "number": "3864921560", "area-code": "719"}, {"id": "23fdd901f928ffc4a7e0dc4b17805190", "number": "4028924989", "area-code": "719"}, {"id": "23fdd901f928ffc4a7e0dc4b17804acd", "number": "3852970201", "area-code": "435"}, {"id": "23fdd901f928ffc4a7e0dc4b178041f5", "number": "3852970201", "area-code": "435"}, {"id": "23fdd901f928ffc4a7e0dc4b17804116", "number": "7148884445", "area-code": "435"}, {"id": "23fdd901f928ffc4a7e0dc4b17803b6e", "number": "8887540115", "area-code": "435"}, {"id": "23fdd901f928ffc4a7e0dc4b178032ce", "number": "4243965886", "area-code": "619"}, {"id": "23fdd901f928ffc4a7e0dc4b17802ded", "number": "3852970611", "area-code": "435"}, {"id": "23fdd901f928ffc4a7e0dc4b178027d4", "number": "4355383077", "area-code": "435"}, {"id": "23fdd901f928ffc4a7e0dc4b17801eea", "number": "4355383077", "area-code": "435"}, {"id": "23fdd901f928ffc4a7e0dc4b17801ebe", "number": "8168605741", "area-code": "816"}, {"id": "23fdd901f928ffc4a7e0dc4b17801b13", "number": "", "area-code": "507"}, {"id": "23fdd901f928ffc4a7e0dc4b17801ab3", "number": "7148884445", "area-code": "435"}, {"id": "23fdd901f928ffc4a7e0dc4b17801213", "number": "8164274558", "area-code": "816"}, {"id": "23fdd901f928ffc4a7e0dc4b17800fe2", "number": "3852540324", "area-code": "435"}, {"id": "23fdd901f928ffc4a7e0dc4b17800501", "number": "3237651937", "area-code": "323"}, {"id": "23fdd901f928ffc4a7e0dc4b1780044d", "number": "", "area-code": "435"}, {"id": "23fdd901f928ffc4a7e0dc4b177ff55d", "number": "", "area-code": "435"}, {"id": "23fdd901f928ffc4a7e0dc4b177febb9", "number": "9793359839", "area-code": "323"}, {"id": "23fdd901f928ffc4a7e0dc4b177fe3f8", "number": "3852540342", "area-code": "435"}, {"id": "23fdd901f928ffc4a7e0dc4b177fe051", "number": "", "area-code": "435"}, {"id": "23fdd901f928ffc4a7e0dc4b177fdd32", "number": "7124304712", "area-code": "570"}, {"id": "23fdd901f928ffc4a7e0dc4b177fcf4a", "number": "3852970459", "area-code": "435"}, {"id": "23fdd901f928ffc4a7e0dc4b177fc90b", "number": "5704620489", "area-code": "570"}, {"id": "23fdd901f928ffc4a7e0dc4b177fc1c5", "number": "8172250178", "area-code": "281"}, {"id": "23fdd901f928ffc4a7e0dc4b177fbc9d", "number": "4692908309", "area-code": "281"}, {"id": "23fdd901f928ffc4a7e0dc4b177fb915", "number": "4355389090", "area-code": "435"}, {"id": "23fdd901f928ffc4a7e0dc4b177fb026", "number": "4684216579", "area-code": "281"}, {"id": "23fdd901f928ffc4a7e0dc4b177fabbe", "number": "6177475439", "area-code": "316"}, {"id": "23fdd901f928ffc4a7e0dc4b177fab3e", "number": "3235632107", "area-code": "323"}, {"id": "23fdd901f928ffc4a7e0dc4b177fa022", "number": "7372525312", "area-code": "281"}, {"id": "23fdd901f928ffc4a7e0dc4b177f9239", "number": "3236661886", "area-code": "323"}, {"id": "23fdd901f928ffc4a7e0dc4b177f8555", "number": "8044651132", "area-code": "571"}, {"id": "23fdd901f928ffc4a7e0dc4b177f7bfa", "number": "4803390852", "area-code": "206"}, {"id": "23fdd901f928ffc4a7e0dc4b177f75dc", "number": "7136965500", "area-code": "281"}, {"id": "23fdd901f928ffc4a7e0dc4b177f6705", "number": "8169276107", "area-code": "678"}, {"id": "23fdd901f928ffc4a7e0dc4b177f5ab9", "number": "3237651883", "area-code": "323"}, {"id": "23fdd901f928ffc4a7e0dc4b177f565e", "number": "7276666028", "area-code": "727"}, {"id": "23fdd901f928ffc4a7e0dc4b177f5033", "number": "9362513570", "area-code": "323"}, {"id": "23fdd901f928ffc4a7e0dc4b177f4c46", "number": "8332179620", "area-code": "931"}, {"id": "23fdd901f928ffc4a7e0dc4b177f4831", "number": "6574451792", "area-code": "707"}], "meta": {"record-total": 8954}}