{"data": [{"id": "eb338bae07ce7b2b7d16df7731c1f8b9", "number": "9702389111", "area-code": "970"}, {"id": "eb338bae07ce7b2b7d16df7731c1f744", "number": "3524697008", "area-code": "530"}, {"id": "eb338bae07ce7b2b7d16df7731c1eb5c", "number": "9414990781", "area-code": "330"}, {"id": "eb338bae07ce7b2b7d16df7731c1df1f", "number": "8142385901", "area-code": "315"}, {"id": "eb338bae07ce7b2b7d16df7731c1d67a", "number": "5672024337", "area-code": "614"}, {"id": "eb338bae07ce7b2b7d16df7731c1d155", "number": "3322345875", "area-code": "530"}, {"id": "eb338bae07ce7b2b7d16df7731c1cdf1", "number": "4084847998", "area-code": "408"}, {"id": "eb338bae07ce7b2b7d16df7731c1bfd8", "number": "6156167393", "area-code": "717"}, {"id": "eb338bae07ce7b2b7d16df7731c1c536", "number": "4082042002", "area-code": "408"}, {"id": "eb338bae07ce7b2b7d16df7731c1b64c", "number": "7179523288", "area-code": "717"}, {"id": "eb338bae07ce7b2b7d16df7731c1b390", "number": "9012955640", "area-code": "717"}, {"id": "eb338bae07ce7b2b7d16df7731c1b273", "number": "6599998209", "area-code": "530"}, {"id": "eb338bae07ce7b2b7d16df7731c19844", "number": "7176733230", "area-code": "717"}, {"id": "eb338bae07ce7b2b7d16df7731c1a7ed", "number": "8058804740", "area-code": "310"}, {"id": "eb338bae07ce7b2b7d16df7731c196de", "number": "7177089559", "area-code": "717"}, {"id": "eb338bae07ce7b2b7d16df7731c187d2", "number": "9739633052", "area-code": "973"}, {"id": "eb338bae07ce7b2b7d16df7731c18076", "number": "3179461971", "area-code": "530"}, {"id": "eb338bae07ce7b2b7d16df7731c174bc", "number": "2142831316", "area-code": "310"}, {"id": "eb338bae07ce7b2b7d16df7731c1743c", "number": "7172976123", "area-code": "717"}, {"id": "eb338bae07ce7b2b7d16df7731c16c48", "number": "6202068315", "area-code": "530"}, {"id": "eb338bae07ce7b2b7d16df7731c160d3", "number": "8187896837", "area-code": "530"}, {"id": "eb338bae07ce7b2b7d16df7731c159ee", "number": "7604651254", "area-code": "760"}, {"id": "eb338bae07ce7b2b7d16df7731c1578e", "number": "2122701242", "area-code": "814"}, {"id": "eb338bae07ce7b2b7d16df7731c14fcf", "number": "8887437526", "area-code": "951"}, {"id": "eb338bae07ce7b2b7d16df7731c14934", "number": "8182967665", "area-code": "530"}, {"id": "eb338bae07ce7b2b7d16df7731c142ad", "number": "7244329069", "area-code": "814"}, {"id": "eb338bae07ce7b2b7d16df7731c1413b", "number": "9046063302", "area-code": "954"}, {"id": "eb338bae07ce7b2b7d16df7731c1321c", "number": "2674483905", "area-code": "814"}, {"id": "eb338bae07ce7b2b7d16df7731c12f2a", "number": "2722004524", "area-code": "814"}, {"id": "eb338bae07ce7b2b7d16df7731c12403", "number": "7244329069", "area-code": "814"}, {"id": "eb338bae07ce7b2b7d16df7731c1232a", "number": "8144849597", "area-code": "814"}, {"id": "eb338bae07ce7b2b7d16df7731c1206c", "number": "2722004524", "area-code": "814"}, {"id": "eb338bae07ce7b2b7d16df7731c1111b", "number": "4128791176", "area-code": "814"}, {"id": "eb338bae07ce7b2b7d16df7731c10ffa", "number": "7182983524", "area-code": "201"}, {"id": "eb338bae07ce7b2b7d16df7731c10db7", "number": "3605189979", "area-code": "360"}, {"id": "eb338bae07ce7b2b7d16df7731c0ff10", "number": "7154962144", "area-code": "715"}, {"id": "eb338bae07ce7b2b7d16df7731c0f8c2", "number": "9097403668", "area-code": "719"}, {"id": "eb338bae07ce7b2b7d16df7731c0f01f", "number": "8632704535", "area-code": "719"}, {"id": "eb338bae07ce7b2b7d16df7731c0ec66", "number": "8632704535", "area-code": "719"}, {"id": "eb338bae07ce7b2b7d16df7731c0df7b", "number": "8632704535", "area-code": "719"}, {"id": "eb338bae07ce7b2b7d16df7731c0d129", "number": "8052108768", "area-code": "719"}, {"id": "eb338bae07ce7b2b7d16df7731c0c455", "number": "7194445463", "area-code": "719"}, {"id": "eb338bae07ce7b2b7d16df7731c0c2fe", "number": "7192205568", "area-code": "719"}, {"id": "eb338bae07ce7b2b7d16df7731c0b51c", "number": "7194274575", "area-code": "719"}, {"id": "eb338bae07ce7b2b7d16df7731c0a3a8", "number": "", "area-code": "845"}, {"id": "eb338bae07ce7b2b7d16df7731c0a19e", "number": "2163695129", "area-code": "570"}, {"id": "eb338bae07ce7b2b7d16df7731c0a5ee", "number": "7194274584", "area-code": "719"}, {"id": "eb338bae07ce7b2b7d16df7731c0a026", "number": "7199488210", "area-code": "719"}, {"id": "eb338bae07ce7b2b7d16df7731c09b8c", "number": "9702389111", "area-code": "970"}, {"id": "eb338bae07ce7b2b7d16df7731c0912a", "number": "7193313728", "area-code": "719"}], "meta": {"record-total": 2760}}