{"data": [{"id": "0c3ac0b1edc9237cbdf945de2aa54e76", "number": "8043363943", "area-code": "602"}, {"id": "06bbf70693a7bda77ece744dee28b31a", "number": "8043363943", "area-code": "602"}, {"id": "0c3ac0b1edc9237cbdf945de2aa5426e", "number": "", "area-code": "336"}, {"id": "06bbf70693a7bda77ece744dee28a93b", "number": "", "area-code": "336"}, {"id": "0c3ac0b1edc9237cbdf945de2aa53e95", "number": "6155763225", "area-code": "615"}, {"id": "06bbf70693a7bda77ece744dee28a45f", "number": "6155763225", "area-code": "615"}, {"id": "0c3ac0b1edc9237cbdf945de2aa538fa", "number": "8188651914", "area-code": "818"}, {"id": "06bbf70693a7bda77ece744dee289637", "number": "8188651914", "area-code": "818"}, {"id": "0c3ac0b1edc9237cbdf945de2aa5389f", "number": "3109222935", "area-code": "909"}, {"id": "06bbf70693a7bda77ece744dee2889fc", "number": "3109222935", "area-code": "909"}, {"id": "0c3ac0b1edc9237cbdf945de2aa529b0", "number": "2133489325", "area-code": "714"}, {"id": "06bbf70693a7bda77ece744dee288308", "number": "2133489325", "area-code": "714"}, {"id": "0c3ac0b1edc9237cbdf945de2aa5216c", "number": "7145767785", "area-code": "714"}, {"id": "06bbf70693a7bda77ece744dee287387", "number": "7145767785", "area-code": "714"}, {"id": "0c3ac0b1edc9237cbdf945de2aa513c3", "number": "8054914906", "area-code": "714"}, {"id": "06bbf70693a7bda77ece744dee2870a7", "number": "8054914906", "area-code": "714"}, {"id": "0c3ac0b1edc9237cbdf945de2aa50500", "number": "5176921491", "area-code": "509"}, {"id": "06bbf70693a7bda77ece744dee28614a", "number": "5176921491", "area-code": "509"}, {"id": "0c3ac0b1edc9237cbdf945de2aa4fa0b", "number": "7175630319", "area-code": "717"}, {"id": "06bbf70693a7bda77ece744dee2852c2", "number": "7175630319", "area-code": "717"}, {"id": "0c3ac0b1edc9237cbdf945de2aa4f48f", "number": "4693745797", "area-code": "281"}, {"id": "06bbf70693a7bda77ece744dee28447d", "number": "4693745797", "area-code": "281"}, {"id": "0c3ac0b1edc9237cbdf945de2aa4eb1b", "number": "2816488760", "area-code": "281"}, {"id": "06bbf70693a7bda77ece744dee283aff", "number": "2816488760", "area-code": "281"}, {"id": "0c3ac0b1edc9237cbdf945de2aa4e8f9", "number": "7602846647", "area-code": "928"}, {"id": "06bbf70693a7bda77ece744dee283a35", "number": "7602846647", "area-code": "928"}, {"id": "0c3ac0b1edc9237cbdf945de2aa4dcae", "number": "4172385509", "area-code": "281"}, {"id": "06bbf70693a7bda77ece744dee282be8", "number": "4172385509", "area-code": "281"}, {"id": "0c3ac0b1edc9237cbdf945de2aa4cdcc", "number": "7085811496", "area-code": "708"}, {"id": "06bbf70693a7bda77ece744dee2820a3", "number": "7085811496", "area-code": "708"}, {"id": "0c3ac0b1edc9237cbdf945de2aa4c253", "number": "8662836635", "area-code": "281"}, {"id": "06bbf70693a7bda77ece744dee28137c", "number": "8662836635", "area-code": "281"}, {"id": "0c3ac0b1edc9237cbdf945de2aa4bcd8", "number": "7087176436", "area-code": "708"}, {"id": "06bbf70693a7bda77ece744dee2805b1", "number": "7087176436", "area-code": "708"}, {"id": "0c3ac0b1edc9237cbdf945de2aa4b96a", "number": "2814173491", "area-code": "281"}, {"id": "06bbf70693a7bda77ece744dee27f693", "number": "2814173491", "area-code": "281"}, {"id": "0c3ac0b1edc9237cbdf945de2aa4ae55", "number": "5702608305", "area-code": "717"}, {"id": "06bbf70693a7bda77ece744dee27ece6", "number": "5702608305", "area-code": "717"}, {"id": "0c3ac0b1edc9237cbdf945de2aa4aba1", "number": "7087175376", "area-code": "708"}, {"id": "06bbf70693a7bda77ece744dee27e0de", "number": "7087175376", "area-code": "708"}, {"id": "0c3ac0b1edc9237cbdf945de2aa49faa", "number": "8503970561", "area-code": "501"}, {"id": "06bbf70693a7bda77ece744dee27d17b", "number": "8503970561", "area-code": "501"}, {"id": "0c3ac0b1edc9237cbdf945de2aa4915f", "number": "3462912080", "area-code": "281"}, {"id": "06bbf70693a7bda77ece744dee27d09f", "number": "3462912080", "area-code": "281"}, {"id": "0c3ac0b1edc9237cbdf945de2aa4894f", "number": "7089679973", "area-code": "708"}, {"id": "06bbf70693a7bda77ece744dee27c76a", "number": "7089679973", "area-code": "708"}, {"id": "0c3ac0b1edc9237cbdf945de2aa47d6f", "number": "2678704658", "area-code": "708"}, {"id": "06bbf70693a7bda77ece744dee27b9dd", "number": "2678704658", "area-code": "708"}, {"id": "0c3ac0b1edc9237cbdf945de2aa47a5e", "number": "2023616150", "area-code": "202"}, {"id": "06bbf70693a7bda77ece744dee27b48d", "number": "2023616150", "area-code": "202"}], "meta": {"record-total": 21916}}