{"data": [{"id": "6c5372af818ab9ccdd04ecba706d95aa", "number": "4143777662", "area-code": "414"}, {"id": "6c5372af818ab9ccdd04ecba706d8996", "number": "6262384658", "area-code": "714"}, {"id": "6c5372af818ab9ccdd04ecba706d8099", "number": "2313331120", "area-code": "586"}, {"id": "6c5372af818ab9ccdd04ecba70997c46", "number": "9032247977", "area-code": "972"}, {"id": "6c5372af818ab9ccdd04ecba706d739b", "number": "9032630147", "area-code": "843"}, {"id": "6c5372af818ab9ccdd04ecba706d66ca", "number": "5093162203", "area-code": "760"}, {"id": "6c5372af818ab9ccdd04ecba70985724", "number": "3864566887", "area-code": "210"}, {"id": "6c5372af818ab9ccdd04ecba706d5772", "number": "5866464228", "area-code": "586"}, {"id": "6c5372af818ab9ccdd04ecba7098301d", "number": "+15052300366", "area-code": "972"}, {"id": "6c5372af818ab9ccdd04ecba70984b6a", "number": "3012008394", "area-code": "301"}, {"id": "6c5372af818ab9ccdd04ecba7098570b", "number": "9162208663", "area-code": "916"}, {"id": "6c5372af818ab9ccdd04ecba709970c6", "number": "9727071261", "area-code": "972"}, {"id": "6c5372af818ab9ccdd04ecba706d5745", "number": "2027945889", "area-code": "760"}, {"id": "6c5372af818ab9ccdd04ecba706d4c13", "number": "5861870879", "area-code": "586"}, {"id": "6c5372af818ab9ccdd04ecba70983dd5", "number": "9564127692", "area-code": "956"}, {"id": "6c5372af818ab9ccdd04ecba706d449f", "number": "7632965677", "area-code": "763"}, {"id": "6c5372af818ab9ccdd04ecba70984b75", "number": "+13137182703", "area-code": "313"}, {"id": "6c5372af818ab9ccdd04ecba70982042", "number": "6266237041", "area-code": "626"}, {"id": "6c5372af818ab9ccdd04ecba706d409a", "number": "2312162548", "area-code": "586"}, {"id": "6c5372af818ab9ccdd04ecba706d3ed9", "number": "7603431159", "area-code": "760"}, {"id": "6c5372af818ab9ccdd04ecba706d3b10", "number": "2819373546", "area-code": "281"}, {"id": "6c5372af818ab9ccdd04ecba706d31fe", "number": "4146263514", "area-code": "414"}, {"id": "6c5372af818ab9ccdd04ecba70981c0a", "number": "+15052300366", "area-code": "972"}, {"id": "6c5372af818ab9ccdd04ecba709961dd", "number": "9727124939", "area-code": "972"}, {"id": "6c5372af818ab9ccdd04ecba709819f8", "number": "+18146693124", "area-code": "469"}, {"id": "6c5372af818ab9ccdd04ecba706d27d1", "number": "7176188967", "area-code": "925"}, {"id": "6c5372af818ab9ccdd04ecba706d23d7", "number": "8106740745", "area-code": "586"}, {"id": "6c5372af818ab9ccdd04ecba706d14be", "number": "2816230782", "area-code": "281"}, {"id": "6c5372af818ab9ccdd04ecba7098427e", "number": "+16149082251", "area-code": "614"}, {"id": "6c5372af818ab9ccdd04ecba706d144f", "number": "", "area-code": "718"}, {"id": "6c5372af818ab9ccdd04ecba706d07c2", "number": "7042756993", "area-code": "704"}, {"id": "6c5372af818ab9ccdd04ecba706d0163", "number": "2816720775", "area-code": "281"}, {"id": "6c5372af818ab9ccdd04ecba706cf730", "number": "2132562887", "area-code": "414"}, {"id": "6c5372af818ab9ccdd04ecba7097f82c", "number": "9808253003", "area-code": "980"}, {"id": "6c5372af818ab9ccdd04ecba706cf6c1", "number": "5628990624", "area-code": "562"}, {"id": "6c5372af818ab9ccdd04ecba706cf280", "number": "2055579837", "area-code": "704"}, {"id": "6c5372af818ab9ccdd04ecba706ce67d", "number": "", "area-code": "402"}, {"id": "6c5372af818ab9ccdd04ecba706ce55c", "number": "2025869115", "area-code": "425"}, {"id": "6c5372af818ab9ccdd04ecba7097eb54", "number": "+15612003693", "area-code": "407"}, {"id": "6c5372af818ab9ccdd04ecba7097e196", "number": "+12085653047", "area-code": "208"}, {"id": "6c5372af818ab9ccdd04ecba70980a6c", "number": "+17205980087", "area-code": "720"}, {"id": "6c5372af818ab9ccdd04ecba706ce096", "number": "2055579837", "area-code": "704"}, {"id": "6c5372af818ab9ccdd04ecba7097f628", "number": "+13124586410", "area-code": "720"}, {"id": "6c5372af818ab9ccdd04ecba706cddcf", "number": "4155165724", "area-code": "415"}, {"id": "6c5372af818ab9ccdd04ecba706cdd02", "number": "3362033664", "area-code": "704"}, {"id": "6c5372af818ab9ccdd04ecba7097ddea", "number": "5203998576", "area-code": "623"}, {"id": "6c5372af818ab9ccdd04ecba70980579", "number": "+17609416060", "area-code": "661"}, {"id": "6c5372af818ab9ccdd04ecba706cd499", "number": "3608456232", "area-code": "206"}, {"id": "6c5372af818ab9ccdd04ecba706cd2a9", "number": "6282384658", "area-code": "916"}, {"id": "6c5372af818ab9ccdd04ecba706cd064", "number": "", "area-code": "402"}], "meta": {"record-total": 18960}}