{"data": [{"id": "91c35a8e4051a338cd4c6bbd22ac0ba3", "number": "5089276262", "area-code": "508"}, {"id": "91c35a8e4051a338cd4c6bbd22ac00a8", "number": "", "area-code": "415"}, {"id": "91c35a8e4051a338cd4c6bbd22abf14d", "number": "8007920001", "area-code": "765"}, {"id": "91c35a8e4051a338cd4c6bbd22abeeee", "number": "2406045452", "area-code": "240"}, {"id": "91c35a8e4051a338cd4c6bbd22abe9cc", "number": "5412048322", "area-code": "541"}, {"id": "91c35a8e4051a338cd4c6bbd22abe900", "number": "8009505114", "area-code": "585"}, {"id": "91c35a8e4051a338cd4c6bbd22abe64e", "number": "3607670492", "area-code": "360"}, {"id": "91c35a8e4051a338cd4c6bbd22abe4eb", "number": "5795877691", "area-code": "585"}, {"id": "91c35a8e4051a338cd4c6bbd22abd92c", "number": "3476190560", "area-code": "541"}, {"id": "91c35a8e4051a338cd4c6bbd22abd814", "number": "6026003773", "area-code": "602"}, {"id": "91c35a8e4051a338cd4c6bbd22abd585", "number": "8007773333", "area-code": "281"}, {"id": "91c35a8e4051a338cd4c6bbd22abd36d", "number": "7043779378", "area-code": "941"}, {"id": "91c35a8e4051a338cd4c6bbd22abce03", "number": "4253200593", "area-code": "425"}, {"id": "91c35a8e4051a338cd4c6bbd22abcccd", "number": "9017482900", "area-code": "616"}, {"id": "91c35a8e4051a338cd4c6bbd22abca71", "number": "7645760571", "area-code": "941"}, {"id": "91c35a8e4051a338cd4c6bbd22abc783", "number": "9633333698", "area-code": "941"}, {"id": "91c35a8e4051a338cd4c6bbd22abad84", "number": "", "area-code": "831"}, {"id": "91c35a8e4051a338cd4c6bbd22abbd10", "number": "8333027800", "area-code": "616"}, {"id": "91c35a8e4051a338cd4c6bbd22aba269", "number": "6202068216", "area-code": "620"}, {"id": "91c35a8e4051a338cd4c6bbd22ab94ea", "number": "7792201247", "area-code": "847"}, {"id": "91c35a8e4051a338cd4c6bbd22ab84f2", "number": "7048102905", "area-code": "941"}, {"id": "91c35a8e4051a338cd4c6bbd22ab81bd", "number": "5712155460", "area-code": "703"}, {"id": "91c35a8e4051a338cd4c6bbd22ab80a6", "number": "7047075727", "area-code": "941"}, {"id": "91c35a8e4051a338cd4c6bbd22ab745f", "number": "5139018395", "area-code": "513"}, {"id": "91c35a8e4051a338cd4c6bbd22ab6ecd", "number": "7047950651", "area-code": "941"}, {"id": "91c35a8e4051a338cd4c6bbd22ab67fd", "number": "4692574062", "area-code": "949"}, {"id": "91c35a8e4051a338cd4c6bbd22ab5bd9", "number": "2066883978", "area-code": "541"}, {"id": "91c35a8e4051a338cd4c6bbd22ab51db", "number": "7048310897", "area-code": "941"}, {"id": "91c35a8e4051a338cd4c6bbd22ab4d94", "number": "6265502217", "area-code": "626"}, {"id": "91c35a8e4051a338cd4c6bbd22ab439d", "number": "", "area-code": "800"}, {"id": "91c35a8e4051a338cd4c6bbd22ab3fac", "number": "79149872334", "area-code": "740"}, {"id": "91c35a8e4051a338cd4c6bbd22ab3793", "number": "8187403077", "area-code": "858"}, {"id": "91c35a8e4051a338cd4c6bbd22ab3644", "number": "7045678730", "area-code": "941"}, {"id": "91c35a8e4051a338cd4c6bbd22ab271c", "number": "8173823320", "area-code": "804"}, {"id": "91c35a8e4051a338cd4c6bbd22ab250e", "number": "9363047086", "area-code": "303"}, {"id": "91c35a8e4051a338cd4c6bbd22ab21a6", "number": "9413048973", "area-code": "941"}, {"id": "91c35a8e4051a338cd4c6bbd22ab16d6", "number": "2312038077", "area-code": "616"}, {"id": "91c35a8e4051a338cd4c6bbd22ab11b3", "number": "2122824268", "area-code": "740"}, {"id": "91c35a8e4051a338cd4c6bbd22ab02b6", "number": "3602350410", "area-code": "360"}, {"id": "91c35a8e4051a338cd4c6bbd22aaf458", "number": "6629350252", "area-code": "941"}, {"id": "91c35a8e4051a338cd4c6bbd22aae628", "number": "6147458672", "area-code": "786"}, {"id": "91c35a8e4051a338cd4c6bbd22aae1ac", "number": "9492144955", "area-code": "661"}, {"id": "91c35a8e4051a338cd4c6bbd22aade51", "number": "2604562601", "area-code": "915"}, {"id": "91c35a8e4051a338cd4c6bbd22aadb51", "number": "8003552222", "area-code": "281"}, {"id": "91c35a8e4051a338cd4c6bbd22aad98a", "number": "78552076807", "area-code": "740"}, {"id": "91c35a8e4051a338cd4c6bbd22aad1e0", "number": "8152720669", "area-code": "708"}, {"id": "91c35a8e4051a338cd4c6bbd22aacf6f", "number": "3233192393", "area-code": "661"}, {"id": "91c35a8e4051a338cd4c6bbd22aac968", "number": "4802970469", "area-code": "480"}, {"id": "91c35a8e4051a338cd4c6bbd22aac87e", "number": "2813502269", "area-code": "281"}, {"id": "91c35a8e4051a338cd4c6bbd22aac801", "number": "2814923249", "area-code": "281"}], "meta": {"record-total": 9470}}