{"data": [{"id": "f9dd2d20b1a8afbfa781d60c9f6e3f8a", "number": "9016822059", "area-code": "989"}, {"id": "f9dd2d20b1a8afbfa781d60c9f6e4743", "number": "", "area-code": "951"}, {"id": "f9dd2d20b1a8afbfa781d60c9f6e323f", "number": "5153485519", "area-code": "651"}, {"id": "f9dd2d20b1a8afbfa781d60c9f6e2a28", "number": "3137899938", "area-code": "989"}, {"id": "f9dd2d20b1a8afbfa781d60c9f6e2202", "number": "6505336369", "area-code": "650"}, {"id": "f9dd2d20b1a8afbfa781d60c9f6e1214", "number": "", "area-code": "989"}, {"id": "f9dd2d20b1a8afbfa781d60c9f6e0474", "number": "9132573298", "area-code": "913"}, {"id": "f9dd2d20b1a8afbfa781d60c9f6df664", "number": "4242044290", "area-code": "212"}, {"id": "f9dd2d20b1a8afbfa781d60c9f6df2b9", "number": "7025007942", "area-code": "702"}, {"id": "f9dd2d20b1a8afbfa781d60c9f6de59c", "number": "9132503935", "area-code": "913"}, {"id": "f9dd2d20b1a8afbfa781d60c9f6dde73", "number": "8015134419", "area-code": "302"}, {"id": "f9dd2d20b1a8afbfa781d60c9f6dda1b", "number": "", "area-code": "855"}, {"id": "f9dd2d20b1a8afbfa781d60c9f6dd0a5", "number": "3152335920", "area-code": "212"}, {"id": "f9dd2d20b1a8afbfa781d60c9f6dc109", "number": "8009452000", "area-code": "913"}, {"id": "f9dd2d20b1a8afbfa781d60c9f6db55d", "number": "3025299657", "area-code": "302"}, {"id": "f9dd2d20b1a8afbfa781d60c9f6db290", "number": "3152335920", "area-code": "212"}, {"id": "f9dd2d20b1a8afbfa781d60c9f6da9ef", "number": "2816661089", "area-code": "281"}, {"id": "f9dd2d20b1a8afbfa781d60c9f6d9f75", "number": "3048090054", "area-code": "315"}, {"id": "f9dd2d20b1a8afbfa781d60c9f6d9da4", "number": "2318290771", "area-code": "732"}, {"id": "f9dd2d20b1a8afbfa781d60c9f6d910d", "number": "2063336373", "area-code": "302"}, {"id": "f9dd2d20b1a8afbfa781d60c9f6d9036", "number": "7137738102", "area-code": "213"}, {"id": "f9dd2d20b1a8afbfa781d60c9f6d8396", "number": "4053495098", "area-code": "732"}, {"id": "f9dd2d20b1a8afbfa781d60c9f6d7409", "number": "3152335920", "area-code": "212"}, {"id": "f9dd2d20b1a8afbfa781d60c9f6d6b8b", "number": "9138923613", "area-code": "913"}, {"id": "f9dd2d20b1a8afbfa781d60c9f6d5d9b", "number": "8333120277", "area-code": "732"}, {"id": "f9dd2d20b1a8afbfa781d60c9f6d4e5d", "number": "8322330744", "area-code": "832"}, {"id": "f9dd2d20b1a8afbfa781d60c9f6d4849", "number": "5512771899", "area-code": "732"}, {"id": "f9dd2d20b1a8afbfa781d60c9f6d3853", "number": "5512771899", "area-code": "732"}, {"id": "f9dd2d20b1a8afbfa781d60c9f6d1d10", "number": "7062478778", "area-code": "775"}, {"id": "f9dd2d20b1a8afbfa781d60c9f6d2ff9", "number": "3107764155", "area-code": "661"}, {"id": "f9dd2d20b1a8afbfa781d60c9f6d22fb", "number": "8662685295", "area-code": "732"}, {"id": "f9dd2d20b1a8afbfa781d60c9f6d1993", "number": "3234059996", "area-code": "661"}, {"id": "f9dd2d20b1a8afbfa781d60c9f6d159b", "number": "7705101670", "area-code": "770"}, {"id": "f9dd2d20b1a8afbfa781d60c9f6d1295", "number": "3107763225", "area-code": "661"}, {"id": "f9dd2d20b1a8afbfa781d60c9f6d0333", "number": "6573915057", "area-code": "602"}, {"id": "f9dd2d20b1a8afbfa781d60c9f6cf465", "number": "8558765380", "area-code": "657"}, {"id": "f9dd2d20b1a8afbfa781d60c9f6d0117", "number": "6616382118", "area-code": "661"}, {"id": "f9dd2d20b1a8afbfa781d60c9f6ceacc", "number": "8889363846", "area-code": "605"}, {"id": "f9dd2d20b1a8afbfa781d60c9f6cea23", "number": "615771717", "area-code": "818"}, {"id": "f9dd2d20b1a8afbfa781d60c9f6cdd72", "number": "6165286735", "area-code": "323"}, {"id": "f9dd2d20b1a8afbfa781d60c9f6cd431", "number": "8565179543", "area-code": "661"}, {"id": "f9dd2d20b1a8afbfa781d60c9f6ccbf0", "number": "5592423976", "area-code": "818"}, {"id": "f9dd2d20b1a8afbfa781d60c9f6cc45f", "number": "7027846800", "area-code": "318"}, {"id": "f9dd2d20b1a8afbfa781d60c9f6cb796", "number": "8882804331", "area-code": "323"}, {"id": "f9dd2d20b1a8afbfa781d60c9f6caec9", "number": "6692597092", "area-code": "916"}, {"id": "f9dd2d20b1a8afbfa781d60c9f6caead", "number": "6302568591", "area-code": "818"}, {"id": "f9dd2d20b1a8afbfa781d60c9f6ca785", "number": "", "area-code": "574"}, {"id": "f9dd2d20b1a8afbfa781d60c9f6c9e95", "number": "8882804331", "area-code": "323"}, {"id": "f9dd2d20b1a8afbfa781d60c9f6c9e62", "number": "9375986230", "area-code": "916"}, {"id": "f9dd2d20b1a8afbfa781d60c9f6c94d1", "number": "4439733192", "area-code": "323"}], "meta": {"record-total": 15273}}