{"data": [{"id": "2b2838062bdff5d9b8d1d585ba7fe0d5", "number": "", "area-code": "404"}, {"id": "2b2838062bdff5d9b8d1d585ba1c7961", "number": "", "area-code": "404"}, {"id": "2b2838062bdff5d9b8d1d585ba7fda39", "number": "", "area-code": "404"}, {"id": "2b2838062bdff5d9b8d1d585ba1c73a4", "number": "", "area-code": "404"}, {"id": "2b2838062bdff5d9b8d1d585ba7fd2d9", "number": "5162605516", "area-code": "516"}, {"id": "2b2838062bdff5d9b8d1d585ba1c67ab", "number": "5162605516", "area-code": "516"}, {"id": "2b2838062bdff5d9b8d1d585ba7fcd82", "number": "5162605516", "area-code": "516"}, {"id": "2b2838062bdff5d9b8d1d585ba1c67a3", "number": "5162605516", "area-code": "516"}, {"id": "2b2838062bdff5d9b8d1d585ba7fc3c2", "number": "5162605516", "area-code": "516"}, {"id": "2b2838062bdff5d9b8d1d585ba1c5f30", "number": "5162605516", "area-code": "516"}, {"id": "2b2838062bdff5d9b8d1d585ba7fbfb5", "number": "5035062262", "area-code": "503"}, {"id": "2b2838062bdff5d9b8d1d585ba1c5181", "number": "5035062262", "area-code": "503"}, {"id": "2b2838062bdff5d9b8d1d585ba7fb6ce", "number": "8448639591", "area-code": "310"}, {"id": "2b2838062bdff5d9b8d1d585ba1c50b9", "number": "8448639591", "area-code": "310"}, {"id": "2b2838062bdff5d9b8d1d585ba7fa6ea", "number": "7572603371", "area-code": "302"}, {"id": "2b2838062bdff5d9b8d1d585ba1c4ba5", "number": "7572603371", "area-code": "302"}, {"id": "2b2838062bdff5d9b8d1d585ba7fa665", "number": "8884225654", "area-code": "361"}, {"id": "2b2838062bdff5d9b8d1d585ba1c3d99", "number": "8884225654", "area-code": "361"}, {"id": "2b2838062bdff5d9b8d1d585ba7fa366", "number": "6124163543", "area-code": "847"}, {"id": "2b2838062bdff5d9b8d1d585ba1c370d", "number": "6124163543", "area-code": "847"}, {"id": "2b2838062bdff5d9b8d1d585ba7f9ece", "number": "3058274993", "area-code": "847"}, {"id": "2b2838062bdff5d9b8d1d585ba1c30c2", "number": "3058274993", "area-code": "847"}, {"id": "2b2838062bdff5d9b8d1d585ba7f958f", "number": "3096662253", "area-code": "847"}, {"id": "2b2838062bdff5d9b8d1d585ba1c2d6f", "number": "3096662253", "area-code": "847"}, {"id": "2b2838062bdff5d9b8d1d585ba7f8a13", "number": "6465687788", "area-code": "847"}, {"id": "2b2838062bdff5d9b8d1d585ba1c2110", "number": "6465687788", "area-code": "847"}, {"id": "2b2838062bdff5d9b8d1d585ba7f7fcf", "number": "8165658969", "area-code": "573"}, {"id": "2b2838062bdff5d9b8d1d585ba1c1dc6", "number": "8165658969", "area-code": "573"}, {"id": "2b2838062bdff5d9b8d1d585ba7f7208", "number": "7622243394", "area-code": "678"}, {"id": "2b2838062bdff5d9b8d1d585ba1c1195", "number": "7622243394", "area-code": "678"}, {"id": "2b2838062bdff5d9b8d1d585ba7f63ea", "number": "8475432301", "area-code": "847"}, {"id": "2b2838062bdff5d9b8d1d585ba1c03d4", "number": "8475432301", "area-code": "847"}, {"id": "2b2838062bdff5d9b8d1d585ba7f5b42", "number": "3123449396", "area-code": "314"}, {"id": "2b2838062bdff5d9b8d1d585ba1bff20", "number": "3123449396", "area-code": "314"}, {"id": "2b2838062bdff5d9b8d1d585ba7f54e3", "number": "6572443864", "area-code": "714"}, {"id": "2b2838062bdff5d9b8d1d585ba1bf131", "number": "6572443864", "area-code": "714"}, {"id": "2b2838062bdff5d9b8d1d585ba7f50bb", "number": "5137738059", "area-code": "513"}, {"id": "2b2838062bdff5d9b8d1d585ba1be9b2", "number": "5137738059", "area-code": "513"}, {"id": "2b2838062bdff5d9b8d1d585ba7f41a3", "number": "6513715899", "area-code": "612"}, {"id": "2b2838062bdff5d9b8d1d585ba1bdd21", "number": "6513715899", "area-code": "612"}, {"id": "2b2838062bdff5d9b8d1d585ba7f3794", "number": "3853373155", "area-code": "513"}, {"id": "2b2838062bdff5d9b8d1d585ba1bce99", "number": "3853373155", "area-code": "513"}, {"id": "2b2838062bdff5d9b8d1d585ba7f36a9", "number": "9094290428", "area-code": "909"}, {"id": "2b2838062bdff5d9b8d1d585ba1bbed0", "number": "9094290428", "area-code": "909"}, {"id": "2b2838062bdff5d9b8d1d585ba7f2f30", "number": "6196399095", "area-code": "818"}, {"id": "2b2838062bdff5d9b8d1d585ba1bbdc5", "number": "6196399095", "area-code": "818"}, {"id": "2b2838062bdff5d9b8d1d585ba7f2a3a", "number": "3132173727", "area-code": "612"}, {"id": "2b2838062bdff5d9b8d1d585ba1bbb4f", "number": "3132173727", "area-code": "612"}, {"id": "2b2838062bdff5d9b8d1d585ba7f298d", "number": "2039022840", "area-code": "850"}, {"id": "2b2838062bdff5d9b8d1d585ba1bb27d", "number": "2039022840", "area-code": "850"}], "meta": {"record-total": 6376}}