{"data": [{"id": "e1e5de7500047efe4af1ba448cd2b686", "number": "6029522410", "area-code": "623"}, {"id": "e1e5de7500047efe4af1ba448cd2b362", "number": "2124862177", "area-code": "217"}, {"id": "e1e5de7500047efe4af1ba448cd2a7ad", "number": "3462717793", "area-code": "281"}, {"id": "e1e5de7500047efe4af1ba448cd2a003", "number": "6014637759", "area-code": "651"}, {"id": "e1e5de7500047efe4af1ba448cd29ad6", "number": "9095471685", "area-code": "909"}, {"id": "e1e5de7500047efe4af1ba448cd29300", "number": "8882804331", "area-code": "321"}, {"id": "e1e5de7500047efe4af1ba448cd28f14", "number": "9793006295", "area-code": "281"}, {"id": "e1e5de7500047efe4af1ba448cd28dbd", "number": "9093234233", "area-code": "909"}, {"id": "e1e5de7500047efe4af1ba448cd28328", "number": "2175296703", "area-code": "217"}, {"id": "e1e5de7500047efe4af1ba448cd27a6e", "number": "4154062135", "area-code": "415"}, {"id": "e1e5de7500047efe4af1ba448cd27925", "number": "4049405942", "area-code": "651"}, {"id": "e1e5de7500047efe4af1ba448cd26e83", "number": "7073786079", "area-code": "909"}, {"id": "e1e5de7500047efe4af1ba448cd26b31", "number": "4807803948", "area-code": "623"}, {"id": "e1e5de7500047efe4af1ba448cd25ca3", "number": "8885678688", "area-code": "323"}, {"id": "e1e5de7500047efe4af1ba448cd25751", "number": "4142265587", "area-code": "415"}, {"id": "e1e5de7500047efe4af1ba448cd254d1", "number": "9094031763", "area-code": "909"}, {"id": "e1e5de7500047efe4af1ba448cd24590", "number": "6305184350", "area-code": "217"}, {"id": "e1e5de7500047efe4af1ba448cd244f1", "number": "7732956645", "area-code": "909"}, {"id": "e1e5de7500047efe4af1ba448cd22396", "number": "4807803948", "area-code": "623"}, {"id": "e1e5de7500047efe4af1ba448cd23b95", "number": "2027298045", "area-code": "217"}, {"id": "e1e5de7500047efe4af1ba448cd23289", "number": "9738398409", "area-code": "973"}, {"id": "e1e5de7500047efe4af1ba448cd21a79", "number": "2184418064", "area-code": "651"}, {"id": "e1e5de7500047efe4af1ba448cd20b93", "number": "", "area-code": "973"}, {"id": "e1e5de7500047efe4af1ba448cd1fca0", "number": "7812504040", "area-code": "623"}, {"id": "e1e5de7500047efe4af1ba448cd2051a", "number": "9732121437", "area-code": "973"}, {"id": "e1e5de7500047efe4af1ba448cd2035c", "number": "3122486951", "area-code": "217"}, {"id": "e1e5de7500047efe4af1ba448cd1f473", "number": "3252302973", "area-code": "325"}, {"id": "e1e5de7500047efe4af1ba448cd1ed74", "number": "4807803948", "area-code": "623"}, {"id": "e1e5de7500047efe4af1ba448cd1e00c", "number": "3254221794", "area-code": "325"}, {"id": "e1e5de7500047efe4af1ba448cd1d3a1", "number": "4806084653", "area-code": "623"}, {"id": "e1e5de7500047efe4af1ba448cd1dc9a", "number": "3252080127", "area-code": "325"}, {"id": "e1e5de7500047efe4af1ba448cd1be21", "number": "6512731555", "area-code": "651"}, {"id": "e1e5de7500047efe4af1ba448cd1c81e", "number": "8177628029", "area-code": "817"}, {"id": "e1e5de7500047efe4af1ba448cd1c62f", "number": "8778057744", "area-code": "808"}, {"id": "e1e5de7500047efe4af1ba448cd1af6a", "number": "3155173481", "area-code": "716"}, {"id": "e1e5de7500047efe4af1ba448cd1aba9", "number": "8443629883", "area-code": "831"}, {"id": "e1e5de7500047efe4af1ba448cd1a68a", "number": "5852198385", "area-code": "585"}, {"id": "e1e5de7500047efe4af1ba448cd1a377", "number": "2066140068", "area-code": "509"}, {"id": "e1e5de7500047efe4af1ba448cd19c41", "number": "2132755884", "area-code": "979"}, {"id": "e1e5de7500047efe4af1ba448cd19a2b", "number": "3033712027", "area-code": "303"}, {"id": "e1e5de7500047efe4af1ba448cd18f25", "number": "8768126607", "area-code": "414"}, {"id": "e1e5de7500047efe4af1ba448cd18e87", "number": "8555848315", "area-code": "586"}, {"id": "e1e5de7500047efe4af1ba448cd18175", "number": "4155605600", "area-code": "415"}, {"id": "e1e5de7500047efe4af1ba448cd17dd9", "number": "6073992200", "area-code": "423"}, {"id": "e1e5de7500047efe4af1ba448cd17a13", "number": "", "area-code": "907"}, {"id": "e1e5de7500047efe4af1ba448cd171a1", "number": "6153404000", "area-code": "615"}, {"id": "e1e5de7500047efe4af1ba448cd16a81", "number": "", "area-code": "833"}, {"id": "e1e5de7500047efe4af1ba448cd162f8", "number": "4089564235", "area-code": "630"}, {"id": "e1e5de7500047efe4af1ba448cd1594e", "number": "2232019215", "area-code": "510"}, {"id": "e1e5de7500047efe4af1ba448cd1553a", "number": "5412293383", "area-code": "541"}], "meta": {"record-total": 16099}}