{"data": [{"id": "7d2e0ed7caaa30c7e5e9c6477b629fb7", "number": "7187989283", "area-code": "718"}, {"id": "7d2e0ed7caaa30c7e5e9c6477b62c7c2", "number": "9178374347", "area-code": "646"}, {"id": "7d2e0ed7caaa30c7e5e9c6477b62bf05", "number": "7572105450", "area-code": "757"}, {"id": "7d2e0ed7caaa30c7e5e9c6477b62b585", "number": "4144919632", "area-code": "414"}, {"id": "7d2e0ed7caaa30c7e5e9c6477b62ad65", "number": "5137526782", "area-code": "513"}, {"id": "7d2e0ed7caaa30c7e5e9c6477b6298f8", "number": "5512499624", "area-code": "201"}, {"id": "7d2e0ed7caaa30c7e5e9c6477b628b13", "number": "2029537027", "area-code": "859"}, {"id": "7d2e0ed7caaa30c7e5e9c6477b6285e9", "number": "9412297197", "area-code": "941"}, {"id": "7d2e0ed7caaa30c7e5e9c6477b6279b9", "number": "6316781504", "area-code": "631"}, {"id": "7d2e0ed7caaa30c7e5e9c6477b62745d", "number": "2088772708", "area-code": "336"}, {"id": "7d2e0ed7caaa30c7e5e9c6477b626a54", "number": "2122269857", "area-code": "718"}, {"id": "7d2e0ed7caaa30c7e5e9c6477b6263f2", "number": "6310122125", "area-code": "518"}, {"id": "7d2e0ed7caaa30c7e5e9c6477b6261ee", "number": "2403770593", "area-code": "325"}, {"id": "7d2e0ed7caaa30c7e5e9c6477b62594b", "number": "9145309550", "area-code": "914"}, {"id": "7d2e0ed7caaa30c7e5e9c6477b624b5f", "number": "9133500024", "area-code": "215"}, {"id": "7d2e0ed7caaa30c7e5e9c6477b624638", "number": "7182404800", "area-code": "646"}, {"id": "7d2e0ed7caaa30c7e5e9c6477b62456a", "number": "8772731985", "area-code": "708"}, {"id": "7d2e0ed7caaa30c7e5e9c6477b624027", "number": "8002827541", "area-code": "919"}, {"id": "7d2e0ed7caaa30c7e5e9c6477b623b91", "number": "8162096678", "area-code": "816"}, {"id": "7d2e0ed7caaa30c7e5e9c6477b6236ec", "number": "4809239651", "area-code": "480"}, {"id": "7d2e0ed7caaa30c7e5e9c6477b622a96", "number": "8884921081", "area-code": "201"}, {"id": "7d2e0ed7caaa30c7e5e9c6477b6223e9", "number": "4108866586", "area-code": "815"}, {"id": "7d2e0ed7caaa30c7e5e9c6477b621bd1", "number": "7732322032", "area-code": "773"}, {"id": "7d2e0ed7caaa30c7e5e9c6477b620def", "number": "78037169331", "area-code": "757"}, {"id": "7d2e0ed7caaa30c7e5e9c6477b620335", "number": "7188018528", "area-code": "718"}, {"id": "7d2e0ed7caaa30c7e5e9c6477b61f971", "number": "5133277888", "area-code": "513"}, {"id": "7d2e0ed7caaa30c7e5e9c6477b61f019", "number": "2035878109", "area-code": "585"}, {"id": "7d2e0ed7caaa30c7e5e9c6477b61e23a", "number": "", "area-code": "314"}, {"id": "7d2e0ed7caaa30c7e5e9c6477b61e1bb", "number": "4075449809", "area-code": "407"}, {"id": "7d2e0ed7caaa30c7e5e9c6477b61e0bf", "number": "8449891708", "area-code": "954"}, {"id": "7d2e0ed7caaa30c7e5e9c6477b61d46c", "number": "7193193191", "area-code": "708"}, {"id": "7d2e0ed7caaa30c7e5e9c6477b61d04b", "number": "", "area-code": "202"}, {"id": "7d2e0ed7caaa30c7e5e9c6477b61c476", "number": "2813052209", "area-code": "281"}, {"id": "7d2e0ed7caaa30c7e5e9c6477b61b9d4", "number": "6785756607", "area-code": "678"}, {"id": "7d2e0ed7caaa30c7e5e9c6477b61b61c", "number": "7326531679", "area-code": "270"}, {"id": "7d2e0ed7caaa30c7e5e9c6477b61b099", "number": "8664842614", "area-code": "910"}, {"id": "7d2e0ed7caaa30c7e5e9c6477b61a25f", "number": "7182404800", "area-code": "646"}, {"id": "7d2e0ed7caaa30c7e5e9c6477b619fb3", "number": "4692709158", "area-code": "703"}, {"id": "7d2e0ed7caaa30c7e5e9c6477b619a3e", "number": "7188018528", "area-code": "718"}, {"id": "7d2e0ed7caaa30c7e5e9c6477b618f9c", "number": "7178009044", "area-code": "717"}, {"id": "7d2e0ed7caaa30c7e5e9c6477b618a60", "number": "6317685504", "area-code": "301"}, {"id": "7d2e0ed7caaa30c7e5e9c6477b6186f3", "number": "4055918534", "area-code": "405"}, {"id": "7d2e0ed7caaa30c7e5e9c6477b617896", "number": "9548694907", "area-code": "954"}, {"id": "7d2e0ed7caaa30c7e5e9c6477b6169a2", "number": "9786651781", "area-code": "978"}, {"id": "7d2e0ed7caaa30c7e5e9c6477b616890", "number": "3137104236", "area-code": "828"}, {"id": "7d2e0ed7caaa30c7e5e9c6477b61645e", "number": "4085250751", "area-code": "559"}, {"id": "7d2e0ed7caaa30c7e5e9c6477b6158df", "number": "7182404800", "area-code": "718"}, {"id": "7d2e0ed7caaa30c7e5e9c6477b6155c2", "number": "4806802126", "area-code": "484"}, {"id": "7d2e0ed7caaa30c7e5e9c6477b6152eb", "number": "6062301414", "area-code": "314"}, {"id": "7d2e0ed7caaa30c7e5e9c6477b61480c", "number": "8063044723", "area-code": "806"}], "meta": {"record-total": 1281}}