{"data": [{"id": "a8e770bc7f23ec5cccecda422e904402", "number": "9129994280", "area-code": "912"}, {"id": "a8e770bc7f23ec5cccecda422e903492", "number": "5052956565", "area-code": "505"}, {"id": "a8e770bc7f23ec5cccecda422e9032ab", "number": "2134102308", "area-code": "209"}, {"id": "a8e770bc7f23ec5cccecda422e9030d4", "number": "4082664813", "area-code": "408"}, {"id": "a8e770bc7f23ec5cccecda422e9023dd", "number": "7027077073", "area-code": "209"}, {"id": "a8e770bc7f23ec5cccecda422e9022b4", "number": "9492057577", "area-code": "619"}, {"id": "a8e770bc7f23ec5cccecda422e9019dd", "number": "2097340817", "area-code": "209"}, {"id": "a8e770bc7f23ec5cccecda422e90199c", "number": "8033738248", "area-code": "347"}, {"id": "a8e770bc7f23ec5cccecda422e9012cd", "number": "3152328257", "area-code": "212"}, {"id": "a8e770bc7f23ec5cccecda422e900a28", "number": "8778057744", "area-code": "281"}, {"id": "a8e770bc7f23ec5cccecda422e900034", "number": "2134788770", "area-code": "301"}, {"id": "a8e770bc7f23ec5cccecda422e8ff0ce", "number": "9719103997", "area-code": "281"}, {"id": "a8e770bc7f23ec5cccecda422e8fee67", "number": "6237802428", "area-code": "623"}, {"id": "a8e770bc7f23ec5cccecda422e8fe762", "number": "2812909306", "area-code": "281"}, {"id": "a8e770bc7f23ec5cccecda422e8fe75f", "number": "2403471664", "area-code": "408"}, {"id": "a8e770bc7f23ec5cccecda422e8fdef6", "number": "2814625920", "area-code": "281"}, {"id": "a8e770bc7f23ec5cccecda422e8fd466", "number": "4692810519", "area-code": "281"}, {"id": "a8e770bc7f23ec5cccecda422e8fc68a", "number": "9492057577", "area-code": "408"}, {"id": "a8e770bc7f23ec5cccecda422e8fc39f", "number": "5183440671", "area-code": "518"}, {"id": "a8e770bc7f23ec5cccecda422e8fba0c", "number": "2816863622", "area-code": "281"}, {"id": "a8e770bc7f23ec5cccecda422e8fb22c", "number": "8544008678", "area-code": "804"}, {"id": "a8e770bc7f23ec5cccecda422e8fa612", "number": "6027801101", "area-code": "602"}, {"id": "a8e770bc7f23ec5cccecda422e8fa2e9", "number": "9735480473", "area-code": "973"}, {"id": "a8e770bc7f23ec5cccecda422e8fa174", "number": "3253080003", "area-code": "281"}, {"id": "a8e770bc7f23ec5cccecda422e8f98f1", "number": "4408120315", "area-code": "281"}, {"id": "a8e770bc7f23ec5cccecda422e8f90c5", "number": "6025062475", "area-code": "602"}, {"id": "a8e770bc7f23ec5cccecda422e8f8dcb", "number": "4255236825", "area-code": "281"}, {"id": "a8e770bc7f23ec5cccecda422e8f8206", "number": "5127824546", "area-code": "281"}, {"id": "a8e770bc7f23ec5cccecda422e8f81f7", "number": "7197846446", "area-code": "281"}, {"id": "a8e770bc7f23ec5cccecda422e8f7c49", "number": "6269164801", "area-code": "405"}, {"id": "a8e770bc7f23ec5cccecda422e8f73eb", "number": "2074775578", "area-code": "207"}, {"id": "a8e770bc7f23ec5cccecda422e8f69ad", "number": "3364899589", "area-code": "602"}, {"id": "a8e770bc7f23ec5cccecda422e8f5a81", "number": "3253350046", "area-code": "281"}, {"id": "a8e770bc7f23ec5cccecda422e8f52f8", "number": "2813402428", "area-code": "281"}, {"id": "a8e770bc7f23ec5cccecda422e8f47e7", "number": "4807955029", "area-code": "602"}, {"id": "a8e770bc7f23ec5cccecda422e8f3a36", "number": "7133461805", "area-code": "281"}, {"id": "a8e770bc7f23ec5cccecda422e8f37b9", "number": "4052218761", "area-code": "405"}, {"id": "a8e770bc7f23ec5cccecda422e8f3013", "number": "2082375842", "area-code": "281"}, {"id": "a8e770bc7f23ec5cccecda422e8f27dd", "number": "2134438026", "area-code": "323"}, {"id": "a8e770bc7f23ec5cccecda422e8f29d5", "number": "4402802591", "area-code": "440"}, {"id": "a8e770bc7f23ec5cccecda422e8f29c5", "number": "8882474080", "area-code": "281"}, {"id": "a8e770bc7f23ec5cccecda422e8f225b", "number": "2512689413", "area-code": "251"}, {"id": "a8e770bc7f23ec5cccecda422e8f1dcc", "number": "5127824546", "area-code": "281"}, {"id": "a8e770bc7f23ec5cccecda422e8f0b1b", "number": "8052505095", "area-code": "323"}, {"id": "a8e770bc7f23ec5cccecda422e8f1a3f", "number": "2027702394", "area-code": "281"}, {"id": "a8e770bc7f23ec5cccecda422e8f10f3", "number": "8007206234", "area-code": "678"}, {"id": "a8e770bc7f23ec5cccecda422e8f006e", "number": "9092413650", "area-code": "909"}, {"id": "a8e770bc7f23ec5cccecda422e8ef592", "number": "4692103104", "area-code": "281"}, {"id": "a8e770bc7f23ec5cccecda422e8ef509", "number": "9154441857", "area-code": "312"}, {"id": "a8e770bc7f23ec5cccecda422e8ee758", "number": "2092364398", "area-code": "909"}], "meta": {"record-total": 15798}}