{"data": [{"id": "505f90e0e1cb7eabca3ca59dd059086a", "number": "4089870326", "area-code": "323"}, {"id": "505f90e0e1cb7eabca3ca59dd0590715", "number": "3029569860", "area-code": "916"}, {"id": "505f90e0e1cb7eabca3ca59dd05902db", "number": "5305643175", "area-code": "530"}, {"id": "505f90e0e1cb7eabca3ca59dd05902ab", "number": "8489949297", "area-code": "916"}, {"id": "505f90e0e1cb7eabca3ca59dd058fe07", "number": "4089875437", "area-code": "323"}, {"id": "505f90e0e1cb7eabca3ca59dd058f4fa", "number": "3609191942", "area-code": "360"}, {"id": "505f90e0e1cb7eabca3ca59dd058e756", "number": "7136348688", "area-code": "713"}, {"id": "505f90e0e1cb7eabca3ca59dd058e4ea", "number": "2132728880", "area-code": "530"}, {"id": "505f90e0e1cb7eabca3ca59dd058dbf3", "number": "4082531033", "area-code": "408"}, {"id": "505f90e0e1cb7eabca3ca59dd058dac9", "number": "5107017585", "area-code": "916"}, {"id": "505f90e0e1cb7eabca3ca59dd058ce71", "number": "2025913448", "area-code": "415"}, {"id": "505f90e0e1cb7eabca3ca59dd058cdeb", "number": "7632727551", "area-code": "952"}, {"id": "505f90e0e1cb7eabca3ca59dd058ca99", "number": "7632727551", "area-code": "952"}, {"id": "505f90e0e1cb7eabca3ca59dd058ca1f", "number": "2064176103", "area-code": "360"}, {"id": "505f90e0e1cb7eabca3ca59dd058c326", "number": "7632727551", "area-code": "952"}, {"id": "505f90e0e1cb7eabca3ca59dd058bcf2", "number": "3059125985", "area-code": "949"}, {"id": "505f90e0e1cb7eabca3ca59dd058b6a8", "number": "3462143957", "area-code": "713"}, {"id": "505f90e0e1cb7eabca3ca59dd058b36f", "number": "7632727551", "area-code": "952"}, {"id": "505f90e0e1cb7eabca3ca59dd058a91f", "number": "8153904308", "area-code": "815"}, {"id": "505f90e0e1cb7eabca3ca59dd0589ab2", "number": "5204627591", "area-code": "602"}, {"id": "505f90e0e1cb7eabca3ca59dd0588e53", "number": "5134931616", "area-code": "650"}, {"id": "505f90e0e1cb7eabca3ca59dd0587ee2", "number": "5203569078", "area-code": "602"}, {"id": "505f90e0e1cb7eabca3ca59dd0587d22", "number": "", "area-code": "919"}, {"id": "505f90e0e1cb7eabca3ca59dd05874f8", "number": "2023243000", "area-code": "267"}, {"id": "505f90e0e1cb7eabca3ca59dd0586b87", "number": "8004620983", "area-code": "304"}, {"id": "505f90e0e1cb7eabca3ca59dd058619f", "number": "8052218283", "area-code": "805"}, {"id": "505f90e0e1cb7eabca3ca59dd0585e7c", "number": "7136348688", "area-code": "713"}, {"id": "505f90e0e1cb7eabca3ca59dd0585973", "number": "5126687664", "area-code": "512"}, {"id": "505f90e0e1cb7eabca3ca59dd0585497", "number": "8153554178", "area-code": "815"}, {"id": "505f90e0e1cb7eabca3ca59dd058544c", "number": "8555848315", "area-code": "586"}, {"id": "505f90e0e1cb7eabca3ca59dd058515a", "number": "5106984653", "area-code": "510"}, {"id": "505f90e0e1cb7eabca3ca59dd0584c94", "number": "6692840297", "area-code": "650"}, {"id": "505f90e0e1cb7eabca3ca59dd0584b5b", "number": "2127807487", "area-code": "914"}, {"id": "505f90e0e1cb7eabca3ca59dd0584138", "number": "4806913215", "area-code": "480"}, {"id": "505f90e0e1cb7eabca3ca59dd058364a", "number": "4433841610", "area-code": "510"}, {"id": "505f90e0e1cb7eabca3ca59dd0582c6a", "number": "9079476084", "area-code": "907"}, {"id": "505f90e0e1cb7eabca3ca59dd0582910", "number": "4253668652", "area-code": "425"}, {"id": "505f90e0e1cb7eabca3ca59dd058289e", "number": "4253668652", "area-code": "425"}, {"id": "505f90e0e1cb7eabca3ca59dd0581be7", "number": "6504872476", "area-code": "650"}, {"id": "505f90e0e1cb7eabca3ca59dd05815e5", "number": "4253668652", "area-code": "425"}, {"id": "505f90e0e1cb7eabca3ca59dd058087d", "number": "2098583242", "area-code": "773"}, {"id": "505f90e0e1cb7eabca3ca59dd057ff3f", "number": "5612316529", "area-code": "205"}, {"id": "505f90e0e1cb7eabca3ca59dd057f3b7", "number": "8556070303", "area-code": "909"}, {"id": "505f90e0e1cb7eabca3ca59dd057ef79", "number": "", "area-code": "415"}, {"id": "505f90e0e1cb7eabca3ca59dd057e625", "number": "3037310953", "area-code": "303"}, {"id": "505f90e0e1cb7eabca3ca59dd057dc95", "number": "5107511905", "area-code": "650"}, {"id": "505f90e0e1cb7eabca3ca59dd057ce1d", "number": "8446222243", "area-code": "360"}, {"id": "505f90e0e1cb7eabca3ca59dd057bf11", "number": "3253263555", "area-code": "325"}, {"id": "505f90e0e1cb7eabca3ca59dd057bd19", "number": "2128499400", "area-code": "585"}, {"id": "505f90e0e1cb7eabca3ca59dd057b495", "number": "8666668047", "area-code": "408"}], "meta": {"record-total": 15215}}