{"data": [{"id": "5ccf8ffbae1ccc85af15f5e617c320cd", "number": "+13219618138", "area-code": "407"}, {"id": "5ccf8ffbae1ccc85af15f5e6179c1a65", "number": "6469604719", "area-code": "307"}, {"id": "5ccf8ffbae1ccc85af15f5e6179c119c", "number": "7658605767", "area-code": "704"}, {"id": "5ccf8ffbae1ccc85af15f5e6179c0e2c", "number": "6469604719", "area-code": "307"}, {"id": "5ccf8ffbae1ccc85af15f5e6179c0890", "number": "9172680487", "area-code": "307"}, {"id": "5ccf8ffbae1ccc85af15f5e617c36096", "number": "8183344810", "area-code": "818"}, {"id": "5ccf8ffbae1ccc85af15f5e6179bfd03", "number": "9179322586", "area-code": "307"}, {"id": "5ccf8ffbae1ccc85af15f5e6179bf4fe", "number": "6469604719", "area-code": "307"}, {"id": "5ccf8ffbae1ccc85af15f5e617c355d5", "number": "3393686065", "area-code": "231"}, {"id": "5ccf8ffbae1ccc85af15f5e617c3247e", "number": "3393686065", "area-code": "231"}, {"id": "5ccf8ffbae1ccc85af15f5e6179be99f", "number": "6467416795", "area-code": "307"}, {"id": "5ccf8ffbae1ccc85af15f5e617c33787", "number": "5634122779", "area-code": "231"}, {"id": "5ccf8ffbae1ccc85af15f5e617c339c8", "number": "5634122779", "area-code": "231"}, {"id": "5ccf8ffbae1ccc85af15f5e617c3375d", "number": "5634122779", "area-code": "231"}, {"id": "5ccf8ffbae1ccc85af15f5e6179be5df", "number": "7259002463", "area-code": "702"}, {"id": "5ccf8ffbae1ccc85af15f5e617c32b13", "number": "5634122779", "area-code": "231"}, {"id": "5ccf8ffbae1ccc85af15f5e617c33d8a", "number": "3192433468", "area-code": "231"}, {"id": "5ccf8ffbae1ccc85af15f5e617c34bf7", "number": "3192433468", "area-code": "231"}, {"id": "5ccf8ffbae1ccc85af15f5e6179bdd89", "number": "7084555893", "area-code": "307"}, {"id": "5ccf8ffbae1ccc85af15f5e6179bdb9c", "number": "7058063325", "area-code": "307"}, {"id": "5ccf8ffbae1ccc85af15f5e6179bd45e", "number": "8302165039", "area-code": "214"}, {"id": "5ccf8ffbae1ccc85af15f5e6179bccda", "number": "8737362725", "area-code": "307"}, {"id": "5ccf8ffbae1ccc85af15f5e6179bc39d", "number": "8194103948", "area-code": "307"}, {"id": "5ccf8ffbae1ccc85af15f5e6179bb774", "number": "9173758376", "area-code": "865"}, {"id": "5ccf8ffbae1ccc85af15f5e6179bb3b1", "number": "7606421239", "area-code": "760"}, {"id": "5ccf8ffbae1ccc85af15f5e6179bb00d", "number": "4318018590", "area-code": "307"}, {"id": "5ccf8ffbae1ccc85af15f5e6179ba717", "number": "2146227532", "area-code": "214"}, {"id": "5ccf8ffbae1ccc85af15f5e6179b9be3", "number": "4086740964", "area-code": "215"}, {"id": "5ccf8ffbae1ccc85af15f5e6179b9ba5", "number": "9179322586", "area-code": "307"}, {"id": "5ccf8ffbae1ccc85af15f5e617c307ee", "number": "+17204635067", "area-code": "972"}, {"id": "5ccf8ffbae1ccc85af15f5e6179b9941", "number": "6467416795", "area-code": "307"}, {"id": "5ccf8ffbae1ccc85af15f5e6179b90d0", "number": "2893152273", "area-code": "307"}, {"id": "5ccf8ffbae1ccc85af15f5e617c31345", "number": "6312312220", "area-code": "631"}, {"id": "5ccf8ffbae1ccc85af15f5e617c2f10c", "number": "3048851017", "area-code": "843"}, {"id": "5ccf8ffbae1ccc85af15f5e617c319e9", "number": "+15592492870", "area-code": "559"}, {"id": "5ccf8ffbae1ccc85af15f5e6179b89d1", "number": "4086740964", "area-code": "215"}, {"id": "5ccf8ffbae1ccc85af15f5e6179b7a48", "number": "9172680610", "area-code": "307"}, {"id": "5ccf8ffbae1ccc85af15f5e617c2f686", "number": "8036630258", "area-code": "502"}, {"id": "5ccf8ffbae1ccc85af15f5e6179b73fc", "number": "7084555893", "area-code": "307"}, {"id": "5ccf8ffbae1ccc85af15f5e617c2f96f", "number": "6109785785", "area-code": "610"}, {"id": "5ccf8ffbae1ccc85af15f5e6179b6636", "number": "2029181511", "area-code": "586"}, {"id": "5ccf8ffbae1ccc85af15f5e6179b64cf", "number": "3149256925", "area-code": "317"}, {"id": "5ccf8ffbae1ccc85af15f5e6179b638d", "number": "2494915073", "area-code": "307"}, {"id": "5ccf8ffbae1ccc85af15f5e6179b6065", "number": "4086747848", "area-code": "215"}, {"id": "5ccf8ffbae1ccc85af15f5e6179b5676", "number": "2146227532", "area-code": "214"}, {"id": "5ccf8ffbae1ccc85af15f5e617c313c4", "number": "2675210061", "area-code": "610"}, {"id": "5ccf8ffbae1ccc85af15f5e6179b5218", "number": "3323338898", "area-code": "307"}, {"id": "5ccf8ffbae1ccc85af15f5e6179b4a0c", "number": "8324029117", "area-code": "281"}, {"id": "5ccf8ffbae1ccc85af15f5e6179b4806", "number": "6469305462", "area-code": "307"}, {"id": "5ccf8ffbae1ccc85af15f5e6179b3968", "number": "5155125062", "area-code": "586"}], "meta": {"record-total": 6414}}