{"data": [{"id": "f4fb4d6e3af3e6ad67de6dc3aa60952a", "number": "+14019378652", "area-code": "401"}, {"id": "f4fb4d6e3af3e6ad67de6dc3aa60f80a", "number": "+17016966193", "area-code": "217"}, {"id": "f4fb4d6e3af3e6ad67de6dc3aa60ea29", "number": "4124040441", "area-code": "412"}, {"id": "f4fb4d6e3af3e6ad67de6dc3aa3c3d6c", "number": "2022358937", "area-code": "509"}, {"id": "f4fb4d6e3af3e6ad67de6dc3aa60de3c", "number": "8329525783", "area-code": "832"}, {"id": "f4fb4d6e3af3e6ad67de6dc3aa3c37cb", "number": "5615294861", "area-code": "928"}, {"id": "f4fb4d6e3af3e6ad67de6dc3aa3c3323", "number": "5752375880", "area-code": "509"}, {"id": "f4fb4d6e3af3e6ad67de6dc3aa3c324d", "number": "8669848822", "area-code": "405"}, {"id": "f4fb4d6e3af3e6ad67de6dc3aa3c0b7f", "number": "8042944589", "area-code": "804"}, {"id": "f4fb4d6e3af3e6ad67de6dc3aa3c256c", "number": "", "area-code": "215"}, {"id": "f4fb4d6e3af3e6ad67de6dc3aa3c1704", "number": "2028716586", "area-code": "231"}, {"id": "f4fb4d6e3af3e6ad67de6dc3aa6091a9", "number": "8442069035", "area-code": "843"}, {"id": "f4fb4d6e3af3e6ad67de6dc3aa60a20a", "number": "6197324397", "area-code": "323"}, {"id": "f4fb4d6e3af3e6ad67de6dc3aa610675", "number": "6197324397", "area-code": "323"}, {"id": "f4fb4d6e3af3e6ad67de6dc3aa60e423", "number": "8883334207", "area-code": "626"}, {"id": "f4fb4d6e3af3e6ad67de6dc3aa60acd3", "number": "3125557418", "area-code": "847"}, {"id": "f4fb4d6e3af3e6ad67de6dc3aa610128", "number": "3125557418", "area-code": "847"}, {"id": "f4fb4d6e3af3e6ad67de6dc3aa609d33", "number": "3125557418", "area-code": "847"}, {"id": "f4fb4d6e3af3e6ad67de6dc3aa60b6f1", "number": "3125557418", "area-code": "847"}, {"id": "f4fb4d6e3af3e6ad67de6dc3aa60b3c4", "number": "6262880987", "area-code": "626"}, {"id": "f4fb4d6e3af3e6ad67de6dc3aa60b383", "number": "3125557418", "area-code": "847"}, {"id": "f4fb4d6e3af3e6ad67de6dc3aa60c80d", "number": "3125557418", "area-code": "847"}, {"id": "f4fb4d6e3af3e6ad67de6dc3aa60cd20", "number": "3125557418", "area-code": "847"}, {"id": "f4fb4d6e3af3e6ad67de6dc3aa60b093", "number": "3125557418", "area-code": "847"}, {"id": "f4fb4d6e3af3e6ad67de6dc3aa60c0a8", "number": "3125557418", "area-code": "847"}, {"id": "f4fb4d6e3af3e6ad67de6dc3aa60d718", "number": "5619359054", "area-code": "214"}, {"id": "f4fb4d6e3af3e6ad67de6dc3aa609037", "number": "5136397058", "area-code": "408"}, {"id": "f4fb4d6e3af3e6ad67de6dc3aa3bfee3", "number": "7133461865", "area-code": "281"}, {"id": "f4fb4d6e3af3e6ad67de6dc3aa604825", "number": "+13023034440", "area-code": "347"}, {"id": "f4fb4d6e3af3e6ad67de6dc3aa6043eb", "number": "+18013781465", "area-code": "210"}, {"id": "f4fb4d6e3af3e6ad67de6dc3aa605428", "number": "2536795256", "area-code": "360"}, {"id": "f4fb4d6e3af3e6ad67de6dc3aa60816a", "number": "2082853111", "area-code": "404"}, {"id": "f4fb4d6e3af3e6ad67de6dc3aa3bf8e0", "number": "4254071208", "area-code": "425"}, {"id": "f4fb4d6e3af3e6ad67de6dc3aa60699b", "number": "+14124538658", "area-code": "267"}, {"id": "f4fb4d6e3af3e6ad67de6dc3aa3bf090", "number": "8664842614", "area-code": "281"}, {"id": "f4fb4d6e3af3e6ad67de6dc3aa60511f", "number": "3125553913", "area-code": "312"}, {"id": "f4fb4d6e3af3e6ad67de6dc3aa6052f1", "number": "+18773691981", "area-code": "267"}, {"id": "f4fb4d6e3af3e6ad67de6dc3aa607781", "number": "+16788402484", "area-code": "678"}, {"id": "f4fb4d6e3af3e6ad67de6dc3aa3bf026", "number": "9099775098", "area-code": "909"}, {"id": "f4fb4d6e3af3e6ad67de6dc3aa3be9ec", "number": "9401750851", "area-code": "425"}, {"id": "f4fb4d6e3af3e6ad67de6dc3aa3bcc7c", "number": "", "area-code": "845"}, {"id": "f4fb4d6e3af3e6ad67de6dc3aa3bdaf5", "number": "9738393101", "area-code": "973"}, {"id": "f4fb4d6e3af3e6ad67de6dc3aa605b45", "number": "7027588695", "area-code": "813"}, {"id": "f4fb4d6e3af3e6ad67de6dc3aa604e20", "number": "+18084378419", "area-code": "808"}, {"id": "f4fb4d6e3af3e6ad67de6dc3aa3bc660", "number": "3212183906", "area-code": "970"}, {"id": "f4fb4d6e3af3e6ad67de6dc3aa3bbc74", "number": "9095786895", "area-code": "909"}, {"id": "f4fb4d6e3af3e6ad67de6dc3aa3bb8cf", "number": "9166622085", "area-code": "916"}, {"id": "f4fb4d6e3af3e6ad67de6dc3aa3bb01c", "number": "5622611820", "area-code": "562"}, {"id": "f4fb4d6e3af3e6ad67de6dc3aa3ba3f4", "number": "", "area-code": "845"}, {"id": "f4fb4d6e3af3e6ad67de6dc3aa3ba946", "number": "9096980261", "area-code": "909"}], "meta": {"record-total": 19262}}