{"data": [{"id": "94fca35ee175dab2410b7cab46acf505", "number": "3373574002", "area-code": "321"}, {"id": "94fca35ee175dab2410b7cab46acf3bc", "number": "", "area-code": "845"}, {"id": "94fca35ee175dab2410b7cab46ace68b", "number": "2845450934", "area-code": "910"}, {"id": "94fca35ee175dab2410b7cab46ace173", "number": "3212909363", "area-code": "321"}, {"id": "94fca35ee175dab2410b7cab46acdae5", "number": "7158041014", "area-code": "630"}, {"id": "94fca35ee175dab2410b7cab46accce7", "number": "3218780358", "area-code": "321"}, {"id": "94fca35ee175dab2410b7cab46acc8ff", "number": "2038135039", "area-code": "724"}, {"id": "94fca35ee175dab2410b7cab46acc2ac", "number": "3212918240", "area-code": "321"}, {"id": "94fca35ee175dab2410b7cab46acbd78", "number": "6318578234", "area-code": "631"}, {"id": "94fca35ee175dab2410b7cab46acb828", "number": "3024050079", "area-code": "321"}, {"id": "94fca35ee175dab2410b7cab46acb14b", "number": "2811935156", "area-code": "281"}, {"id": "94fca35ee175dab2410b7cab46acaf81", "number": "3212912930", "area-code": "321"}, {"id": "94fca35ee175dab2410b7cab46aca937", "number": "8888930902", "area-code": "209"}, {"id": "94fca35ee175dab2410b7cab46ac9c3d", "number": "3216354472", "area-code": "321"}, {"id": "94fca35ee175dab2410b7cab46ac9221", "number": "3218780255", "area-code": "321"}, {"id": "94fca35ee175dab2410b7cab46ac6d0a", "number": "5098288975", "area-code": "253"}, {"id": "94fca35ee175dab2410b7cab46ac8265", "number": "8518991764", "area-code": "651"}, {"id": "94fca35ee175dab2410b7cab46ac7b9a", "number": "8326840236", "area-code": "281"}, {"id": "94fca35ee175dab2410b7cab46ac763f", "number": "4124303876", "area-code": "248"}, {"id": "94fca35ee175dab2410b7cab46ac5e7b", "number": "4693000308", "area-code": "770"}, {"id": "94fca35ee175dab2410b7cab46ac4473", "number": "7149995655", "area-code": "510"}, {"id": "94fca35ee175dab2410b7cab46ac5471", "number": "8182481545", "area-code": "818"}, {"id": "94fca35ee175dab2410b7cab46ac46ad", "number": "9738360058", "area-code": "800"}, {"id": "94fca35ee175dab2410b7cab46ac386f", "number": "8646408997", "area-code": "203"}, {"id": "94fca35ee175dab2410b7cab46ac295b", "number": "5089212138", "area-code": "781"}, {"id": "94fca35ee175dab2410b7cab46ac1e25", "number": "8174690898", "area-code": "817"}, {"id": "94fca35ee175dab2410b7cab46ac0e52", "number": "6108418332", "area-code": "610"}, {"id": "94fca35ee175dab2410b7cab46ac097f", "number": "7759646506", "area-code": "231"}, {"id": "94fca35ee175dab2410b7cab46ac05a3", "number": "8174726832", "area-code": "817"}, {"id": "94fca35ee175dab2410b7cab46ac03e5", "number": "2318926361", "area-code": "231"}, {"id": "94fca35ee175dab2410b7cab46ac0151", "number": "2315123567", "area-code": "231"}, {"id": "94fca35ee175dab2410b7cab46abf35c", "number": "6692475743", "area-code": "805"}, {"id": "94fca35ee175dab2410b7cab46abebf8", "number": "", "area-code": "484"}, {"id": "94fca35ee175dab2410b7cab46abe566", "number": "6263820594", "area-code": "818"}, {"id": "94fca35ee175dab2410b7cab46abdb6a", "number": "9378338163", "area-code": "937"}, {"id": "94fca35ee175dab2410b7cab46abd0a9", "number": "8122048900", "area-code": "812"}, {"id": "94fca35ee175dab2410b7cab46abcaf2", "number": "8028783051", "area-code": "802"}, {"id": "94fca35ee175dab2410b7cab46abc3f2", "number": "8122104963", "area-code": "812"}, {"id": "94fca35ee175dab2410b7cab46abc068", "number": "9152296891", "area-code": "818"}, {"id": "94fca35ee175dab2410b7cab46abb45d", "number": "3730769", "area-code": "207"}, {"id": "94fca35ee175dab2410b7cab46aba9eb", "number": "", "area-code": "610"}, {"id": "94fca35ee175dab2410b7cab46ab9aca", "number": "8707291558", "area-code": "207"}, {"id": "94fca35ee175dab2410b7cab46ab906d", "number": "9853180526", "area-code": "207"}, {"id": "94fca35ee175dab2410b7cab46ab8f48", "number": "8008651286", "area-code": "620"}, {"id": "94fca35ee175dab2410b7cab46ab8667", "number": "5033866708", "area-code": "503"}, {"id": "94fca35ee175dab2410b7cab46ab7b6f", "number": "4172426171", "area-code": "207"}, {"id": "94fca35ee175dab2410b7cab46ab6804", "number": "7028255279", "area-code": "406"}, {"id": "94fca35ee175dab2410b7cab46ab735b", "number": "3133795288", "area-code": "808"}, {"id": "94fca35ee175dab2410b7cab46ab63e4", "number": "8667307569", "area-code": "207"}, {"id": "94fca35ee175dab2410b7cab46ab57af", "number": "6612916224", "area-code": "661"}], "meta": {"record-total": 14915}}