{"data": [{"id": "bc06d3adb0e548fc2db1e5505a0642e4", "number": "5037829960", "area-code": "503"}, {"id": "bc06d3adb0e548fc2db1e5505a0636a5", "number": "6025105787", "area-code": "602"}, {"id": "bc06d3adb0e548fc2db1e5505a062c64", "number": "2037212721", "area-code": "203"}, {"id": "bc06d3adb0e548fc2db1e5505a062bc7", "number": "4805814769", "area-code": "480"}, {"id": "bc06d3adb0e548fc2db1e5505a0624a5", "number": "8009224536", "area-code": "575"}, {"id": "bc06d3adb0e548fc2db1e5505a06238d", "number": "3152328259", "area-code": "602"}, {"id": "bc06d3adb0e548fc2db1e5505a0622b2", "number": "2092315166", "area-code": "209"}, {"id": "bc06d3adb0e548fc2db1e5505a0616cd", "number": "6266768072", "area-code": "626"}, {"id": "bc06d3adb0e548fc2db1e5505a060cd3", "number": "", "area-code": "669"}, {"id": "bc06d3adb0e548fc2db1e5505a05ff07", "number": "3056147399", "area-code": "205"}, {"id": "bc06d3adb0e548fc2db1e5505a05f816", "number": "8187109655", "area-code": "818"}, {"id": "bc06d3adb0e548fc2db1e5505a05e94f", "number": "7013913873", "area-code": "701"}, {"id": "bc06d3adb0e548fc2db1e5505a05da28", "number": "9546942716", "area-code": "503"}, {"id": "bc06d3adb0e548fc2db1e5505a05d6dd", "number": "5034366122", "area-code": "503"}, {"id": "bc06d3adb0e548fc2db1e5505a05c897", "number": "5037829571", "area-code": "503"}, {"id": "bc06d3adb0e548fc2db1e5505a05bda5", "number": "5034366407", "area-code": "503"}, {"id": "bc06d3adb0e548fc2db1e5505a05af9b", "number": "5032136124", "area-code": "503"}, {"id": "bc06d3adb0e548fc2db1e5505a05ac10", "number": "8009228353", "area-code": "608"}, {"id": "bc06d3adb0e548fc2db1e5505a059dc4", "number": "5037828537", "area-code": "503"}, {"id": "bc06d3adb0e548fc2db1e5505a05904d", "number": "5037828592", "area-code": "503"}, {"id": "bc06d3adb0e548fc2db1e5505a058f36", "number": "8558823573", "area-code": "503"}, {"id": "bc06d3adb0e548fc2db1e5505a05831c", "number": "5035605266", "area-code": "503"}, {"id": "bc06d3adb0e548fc2db1e5505a058231", "number": "5035605266", "area-code": "503"}, {"id": "bc06d3adb0e548fc2db1e5505a057e96", "number": "7075107409", "area-code": "707"}, {"id": "bc06d3adb0e548fc2db1e5505a057e4e", "number": "8186581814", "area-code": "850"}, {"id": "bc06d3adb0e548fc2db1e5505a057918", "number": "", "area-code": "585"}, {"id": "bc06d3adb0e548fc2db1e5505a056b86", "number": "", "area-code": "520"}, {"id": "bc06d3adb0e548fc2db1e5505a056365", "number": "9528954212", "area-code": "307"}, {"id": "bc06d3adb0e548fc2db1e5505a056344", "number": "2144841796", "area-code": "214"}, {"id": "bc06d3adb0e548fc2db1e5505a055367", "number": "7185688977", "area-code": "917"}, {"id": "bc06d3adb0e548fc2db1e5505a054d31", "number": "7185688977", "area-code": "917"}, {"id": "bc06d3adb0e548fc2db1e5505a053f12", "number": "2144843868", "area-code": "214"}, {"id": "bc06d3adb0e548fc2db1e5505a053c15", "number": "7185688977", "area-code": "917"}, {"id": "bc06d3adb0e548fc2db1e5505a05360b", "number": "", "area-code": "845"}, {"id": "bc06d3adb0e548fc2db1e5505a0529d7", "number": "7185688977", "area-code": "917"}, {"id": "bc06d3adb0e548fc2db1e5505a051157", "number": "", "area-code": "845"}, {"id": "bc06d3adb0e548fc2db1e5505a05272e", "number": "2144842671", "area-code": "214"}, {"id": "bc06d3adb0e548fc2db1e5505a052088", "number": "7185688977", "area-code": "917"}, {"id": "bc06d3adb0e548fc2db1e5505a050600", "number": "2026978380", "area-code": "972"}, {"id": "bc06d3adb0e548fc2db1e5505a050486", "number": "2144848717", "area-code": "214"}, {"id": "bc06d3adb0e548fc2db1e5505a0501d6", "number": "9098339431", "area-code": "909"}, {"id": "bc06d3adb0e548fc2db1e5505a04fbd6", "number": "2144845545", "area-code": "214"}, {"id": "bc06d3adb0e548fc2db1e5505a04f531", "number": "8552381597", "area-code": "208"}, {"id": "bc06d3adb0e548fc2db1e5505a04e74a", "number": "8604718864", "area-code": "860"}, {"id": "bc06d3adb0e548fc2db1e5505a04e4f7", "number": "2144849180", "area-code": "214"}, {"id": "bc06d3adb0e548fc2db1e5505a04d9a7", "number": "9592076210", "area-code": "860"}, {"id": "bc06d3adb0e548fc2db1e5505a04cc72", "number": "2764512388", "area-code": "210"}, {"id": "bc06d3adb0e548fc2db1e5505a04c7b0", "number": "9592076210", "area-code": "860"}, {"id": "bc06d3adb0e548fc2db1e5505a04b835", "number": "8009224790", "area-code": "608"}, {"id": "bc06d3adb0e548fc2db1e5505a04b667", "number": "2144847496", "area-code": "214"}], "meta": {"record-total": 1609}}