{"data": [{"id": "bbc6423be6fce540e5669aeaffcda9ac", "number": "9294953644", "area-code": "256"}, {"id": "bbc6423be6fce540e5669aeaffcda72b", "number": "8446730383", "area-code": "225"}, {"id": "bbc6423be6fce540e5669aeaffcd9b6a", "number": "", "area-code": "805"}, {"id": "bbc6423be6fce540e5669aeaffcd9abb", "number": "4245704152", "area-code": "805"}, {"id": "bbc6423be6fce540e5669aeaffcd95e0", "number": "4435109993", "area-code": "361"}, {"id": "bbc6423be6fce540e5669aeaffcd8c15", "number": "4247771534", "area-code": "859"}, {"id": "bbc6423be6fce540e5669aeaffcd8386", "number": "7072483956", "area-code": "714"}, {"id": "bbc6423be6fce540e5669aeaffcd7c47", "number": "4879822045", "area-code": "858"}, {"id": "bbc6423be6fce540e5669aeaffcd703a", "number": "9728063389", "area-code": "817"}, {"id": "bbc6423be6fce540e5669aeaffcd6741", "number": "8446730383", "area-code": "225"}, {"id": "bbc6423be6fce540e5669aeaffcd6045", "number": "4243371469", "area-code": "805"}, {"id": "bbc6423be6fce540e5669aeaffcd53f6", "number": "4435109993", "area-code": "361"}, {"id": "bbc6423be6fce540e5669aeaffcd4773", "number": "6622639354", "area-code": "410"}, {"id": "bbc6423be6fce540e5669aeaffcd46f8", "number": "8582241391", "area-code": "858"}, {"id": "bbc6423be6fce540e5669aeaffcd4412", "number": "5037186365", "area-code": "541"}, {"id": "bbc6423be6fce540e5669aeaffcd3ef6", "number": "2562589633", "area-code": "256"}, {"id": "bbc6423be6fce540e5669aeaffcd388a", "number": "7318369561", "area-code": "225"}, {"id": "bbc6423be6fce540e5669aeaffcd29f3", "number": "5416521426", "area-code": "541"}, {"id": "bbc6423be6fce540e5669aeaffcd29d8", "number": "5039949809", "area-code": "503"}, {"id": "bbc6423be6fce540e5669aeaffcd2003", "number": "7202597479", "area-code": "303"}, {"id": "bbc6423be6fce540e5669aeaffcd1217", "number": "7163516602", "area-code": "614"}, {"id": "bbc6423be6fce540e5669aeaffcd0c68", "number": "3037382521", "area-code": "303"}, {"id": "bbc6423be6fce540e5669aeaffcd087f", "number": "5034792075", "area-code": "503"}, {"id": "bbc6423be6fce540e5669aeaffccf9f0", "number": "3186851280", "area-code": "347"}, {"id": "bbc6423be6fce540e5669aeaffcceade", "number": "", "area-code": "361"}, {"id": "bbc6423be6fce540e5669aeaffcce0df", "number": "3473963395", "area-code": "347"}, {"id": "bbc6423be6fce540e5669aeaffccd713", "number": "4046000205", "area-code": "586"}, {"id": "bbc6423be6fce540e5669aeaffccc919", "number": "5033175733", "area-code": "503"}, {"id": "bbc6423be6fce540e5669aeaffccc0a6", "number": "4752124704", "area-code": "347"}, {"id": "bbc6423be6fce540e5669aeaffccb61c", "number": "6197921816", "area-code": "619"}, {"id": "bbc6423be6fce540e5669aeaffcca7ac", "number": "5012601878", "area-code": "586"}, {"id": "bbc6423be6fce540e5669aeaffcc9aa7", "number": "8168975630", "area-code": "816"}, {"id": "bbc6423be6fce540e5669aeaffcc96b9", "number": "4052813641", "area-code": "402"}, {"id": "bbc6423be6fce540e5669aeaffcc8e3a", "number": "7183865083", "area-code": "718"}, {"id": "bbc6423be6fce540e5669aeaffcc83ad", "number": "5596489524", "area-code": "619"}, {"id": "bbc6423be6fce540e5669aeaffcc7fa8", "number": "6868179092", "area-code": "586"}, {"id": "bbc6423be6fce540e5669aeaffcc78a6", "number": "9138843640", "area-code": "816"}, {"id": "bbc6423be6fce540e5669aeaffcc7030", "number": "2568517795", "area-code": "256"}, {"id": "bbc6423be6fce540e5669aeaffcc6e30", "number": "4235400174", "area-code": "586"}, {"id": "bbc6423be6fce540e5669aeaffcc66c9", "number": "8668549516", "area-code": "631"}, {"id": "bbc6423be6fce540e5669aeaffcc6416", "number": "3392449949", "area-code": "586"}, {"id": "bbc6423be6fce540e5669aeaffcc5ba3", "number": "", "area-code": "361"}, {"id": "bbc6423be6fce540e5669aeaffcc501f", "number": "3125841665", "area-code": "773"}, {"id": "bbc6423be6fce540e5669aeaffcc42de", "number": "2176003619", "area-code": "773"}, {"id": "bbc6423be6fce540e5669aeaffcef9b2", "number": "8134458296", "area-code": "727"}, {"id": "bbc6423be6fce540e5669aeaffcc41b5", "number": "9045002467", "area-code": "914"}, {"id": "bbc6423be6fce540e5669aeaffcef96e", "number": "4154048430", "area-code": "334"}, {"id": "bbc6423be6fce540e5669aeaffcc3740", "number": "3123481562", "area-code": "773"}, {"id": "bbc6423be6fce540e5669aeaffcc2d20", "number": "6086640864", "area-code": "915"}, {"id": "bbc6423be6fce540e5669aeaffd20587", "number": "9377508262", "area-code": "937"}], "meta": {"record-total": 18948}}