{
  "data": [
    {
      "id": "f43f78c023c6afb05436883fcb402fa6",
      "number": "8584588985",
      "area-code": "858"
    },
    {
      "id": "f43f78c023c6afb05436883fcb403077",
      "number": "2814398966",
      "area-code": "281"
    },
    {
      "id": "f43f78c023c6afb05436883fcb402428",
      "number": "",
      "area-code": "619"
    },
    {
      "id": "f43f78c023c6afb05436883fcb40195a",
      "number": "3252373373",
      "area-code": "281"
    },
    {
      "id": "f43f78c023c6afb05436883fcb400d23",
      "number": "237654965218",
      "area-code": "319"
    },
    {
      "id": "f43f78c023c6afb05436883fcb4000ff",
      "number": "",
      "area-code": "425"
    },
    {
      "id": "f43f78c023c6afb05436883fcb3ff766",
      "number": "3192899798",
      "area-code": "319"
    },
    {
      "id": "f43f78c023c6afb05436883fcb3ff055",
      "number": "3196422236",
      "area-code": "319"
    },
    {
      "id": "f43f78c023c6afb05436883fcb3fefab",
      "number": "",
      "area-code": "206"
    },
    {
      "id": "f43f78c023c6afb05436883fcb3feb56",
      "number": "8587981856",
      "area-code": "858"
    },
    {
      "id": "f43f78c023c6afb05436883fcb3fed34",
      "number": "5138665327",
      "area-code": "319"
    },
    {
      "id": "f43f78c023c6afb05436883fcb3fdc0b",
      "number": "3194197343",
      "area-code": "319"
    },
    {
      "id": "f43f78c023c6afb05436883fcb3fd236",
      "number": "3197209175",
      "area-code": "319"
    },
    {
      "id": "f43f78c023c6afb05436883fcb3fc870",
      "number": "8339652994",
      "area-code": "719"
    },
    {
      "id": "f43f78c023c6afb05436883fcb3fb8c5",
      "number": "2814662776",
      "area-code": "281"
    },
    {
      "id": "f43f78c023c6afb05436883fcb3fb744",
      "number": "8003115531",
      "area-code": "309"
    },
    {
      "id": "f43f78c023c6afb05436883fcb3fabb5",
      "number": "",
      "area-code": "719"
    },
    {
      "id": "f43f78c023c6afb05436883fcb3f86ef",
      "number": "8587487982",
      "area-code": "858"
    },
    {
      "id": "f43f78c023c6afb05436883fcb3fa52e",
      "number": "3193021275",
      "area-code": "319"
    },
    {
      "id": "f43f78c023c6afb05436883fcb3f96cc",
      "number": "7576182250",
      "area-code": "434"
    },
    {
      "id": "f43f78c023c6afb05436883fcb3f7884",
      "number": "3194715336",
      "area-code": "319"
    },
    {
      "id": "f43f78c023c6afb05436883fcb3f7686",
      "number": "3196665693",
      "area-code": "319"
    },
    {
      "id": "f43f78c023c6afb05436883fcb3f6e19",
      "number": "2810251123",
      "area-code": "281"
    },
    {
      "id": "f43f78c023c6afb05436883fcb3f6dd0",
      "number": "7403371231",
      "area-code": "734"
    },
    {
      "id": "f43f78c023c6afb05436883fcb3f6d5b",
      "number": "7164759544",
      "area-code": "772"
    },
    {
      "id": "f43f78c023c6afb05436883fcb3f6253",
      "number": "9167294499",
      "area-code": "916"
    },
    {
      "id": "f43f78c023c6afb05436883fcb3f4d5e",
      "number": "8508661746",
      "area-code": "858"
    },
    {
      "id": "f43f78c023c6afb05436883fcb3f5e88",
      "number": "8475795225",
      "area-code": "734"
    },
    {
      "id": "f43f78c023c6afb05436883fcb3f5121",
      "number": "2814519796",
      "area-code": "281"
    },
    {
      "id": "f43f78c023c6afb05436883fcb3f4fa5",
      "number": "7403371231",
      "area-code": "734"
    },
    {
      "id": "f43f78c023c6afb05436883fcb3f492a",
      "number": "9164851765",
      "area-code": "916"
    },
    {
      "id": "f43f78c023c6afb05436883fcb3f40f9",
      "number": "7018050263",
      "area-code": "734"
    },
    {
      "id": "f43f78c023c6afb05436883fcb3f4022",
      "number": "2246230445",
      "area-code": "734"
    },
    {
      "id": "f43f78c023c6afb05436883fcb3f39a1",
      "number": "8886065163",
      "area-code": "323"
    },
    {
      "id": "f43f78c023c6afb05436883fcb3f309d",
      "number": "8185614712",
      "area-code": "818"
    },
    {
      "id": "f43f78c023c6afb05436883fcb3f2420",
      "number": "3237410453",
      "area-code": "323"
    },
    {
      "id": "f43f78c023c6afb05436883fcb3f136e",
      "number": "8189574752",
      "area-code": "818"
    },
    {
      "id": "f43f78c023c6afb05436883fcb3f20d7",
      "number": "7479763491",
      "area-code": "951"
    },
    {
      "id": "f43f78c023c6afb05436883fcb3f163b",
      "number": "3233969965",
      "area-code": "323"
    },
    {
      "id": "f43f78c023c6afb05436883fcb3f0e24",
      "number": "5156063815",
      "area-code": "734"
    },
    {
      "id": "f43f78c023c6afb05436883fcb3f0918",
      "number": "8183520435",
      "area-code": "818"
    },
    {
      "id": "f43f78c023c6afb05436883fcb3efaf6",
      "number": "8669150017",
      "area-code": "734"
    },
    {
      "id": "f43f78c023c6afb05436883fcb3ef5e7",
      "number": "6014380635",
      "area-code": "601"
    },
    {
      "id": "f43f78c023c6afb05436883fcb3eecf9",
      "number": "8568613569",
      "area-code": "678"
    },
    {
      "id": "f43f78c023c6afb05436883fcb3ee598",
      "number": "9498447024",
      "area-code": "559"
    },
    {
      "id": "f43f78c023c6afb05436883fcb3ee234",
      "number": "22867841101228900639",
      "area-code": "228"
    },
    {
      "id": "f43f78c023c6afb05436883fcb3ee11f",
      "number": "4164667354",
      "area-code": "614"
    },
    {
      "id": "f43f78c023c6afb05436883fcb3ed3cc",
      "number": "8603215802",
      "area-code": "860"
    },
    {
      "id": "f43f78c023c6afb05436883fcb3ecc11",
      "number": "8652903175",
      "area-code": "252"
    },
    {
      "id": "f43f78c023c6afb05436883fcb3ec129",
      "number": "9490881238",
      "area-code": "559"
    }
  ],
  "meta": {
    "record-total": 16867
  }
}