{
  "data": [
    {
      "id": "1a554663aa244c23c774fa808532ab0b",
      "number": "6503310306",
      "area-code": "650"
    },
    {
      "id": "1a554663aa244c23c774fa808532a03e",
      "number": "9842306025",
      "area-code": "248"
    },
    {
      "id": "1a554663aa244c23c774fa808532964d",
      "number": "8189576092",
      "area-code": "818"
    },
    {
      "id": "1a554663aa244c23c774fa808532938c",
      "number": "6503310306",
      "area-code": "650"
    },
    {
      "id": "1a554663aa244c23c774fa8085328ae0",
      "number": "9729966218",
      "area-code": "972"
    },
    {
      "id": "1a554663aa244c23c774fa8085327d6d",
      "number": "7148499948",
      "area-code": "847"
    },
    {
      "id": "1a554663aa244c23c774fa8085327b4c",
      "number": "2484184726",
      "area-code": "248"
    },
    {
      "id": "1a554663aa244c23c774fa80853277df",
      "number": "8059806378",
      "area-code": "213"
    },
    {
      "id": "1a554663aa244c23c774fa8085326d8d",
      "number": "6025522894",
      "area-code": "602"
    },
    {
      "id": "1a554663aa244c23c774fa8085325917",
      "number": "8059806378",
      "area-code": "323"
    },
    {
      "id": "1a554663aa244c23c774fa808532682e",
      "number": "8038271523",
      "area-code": "818"
    },
    {
      "id": "1a554663aa244c23c774fa8085325752",
      "number": "8602616659",
      "area-code": "303"
    },
    {
      "id": "1a554663aa244c23c774fa80853240da",
      "number": "9037412716",
      "area-code": "214"
    },
    {
      "id": "1a554663aa244c23c774fa80853231cb",
      "number": "4693220182",
      "area-code": "213"
    },
    {
      "id": "1a554663aa244c23c774fa8085324a9b",
      "number": "8605067445",
      "area-code": "303"
    },
    {
      "id": "1a554663aa244c23c774fa80853248e6",
      "number": "7404000875",
      "area-code": "520"
    },
    {
      "id": "1a554663aa244c23c774fa80853222a6",
      "number": "2143426938",
      "area-code": "214"
    },
    {
      "id": "1a554663aa244c23c774fa80853218df",
      "number": "8184118940",
      "area-code": "949"
    },
    {
      "id": "1a554663aa244c23c774fa808532108b",
      "number": "4693220182",
      "area-code": "323"
    },
    {
      "id": "1a554663aa244c23c774fa80853215b1",
      "number": "7078869275",
      "area-code": "303"
    },
    {
      "id": "1a554663aa244c23c774fa8085320b2a",
      "number": "5753752758",
      "area-code": "505"
    },
    {
      "id": "1a554663aa244c23c774fa808532060b",
      "number": "66113628697",
      "area-code": "661"
    },
    {
      "id": "1a554663aa244c23c774fa808531ffcd",
      "number": "7014924846",
      "area-code": "701"
    },
    {
      "id": "1a554663aa244c23c774fa808531f0e7",
      "number": "2143428170",
      "area-code": "214"
    },
    {
      "id": "1a554663aa244c23c774fa808531ecb4",
      "number": "7143403467",
      "area-code": "714"
    },
    {
      "id": "1a554663aa244c23c774fa808531e237",
      "number": "81886001",
      "area-code": "818"
    },
    {
      "id": "1a554663aa244c23c774fa808531e1c9",
      "number": "6104525606",
      "area-code": "570"
    },
    {
      "id": "1a554663aa244c23c774fa808531d7fe",
      "number": "4582123406",
      "area-code": "530"
    },
    {
      "id": "1a554663aa244c23c774fa808531c709",
      "number": "7738302053",
      "area-code": "708"
    },
    {
      "id": "1a554663aa244c23c774fa808531d3f4",
      "number": "7146376422",
      "area-code": "714"
    },
    {
      "id": "1a554663aa244c23c774fa808531c46d",
      "number": "7146318142",
      "area-code": "714"
    },
    {
      "id": "1a554663aa244c23c774fa808531b547",
      "number": "7142662019",
      "area-code": "714"
    },
    {
      "id": "1a554663aa244c23c774fa808531aea7",
      "number": "3602097829",
      "area-code": "360"
    },
    {
      "id": "1a554663aa244c23c774fa808531a382",
      "number": "7072820718",
      "area-code": "571"
    },
    {
      "id": "1a554663aa244c23c774fa808531a1ff",
      "number": "4012788107",
      "area-code": "803"
    },
    {
      "id": "1a554663aa244c23c774fa808531a13f",
      "number": "7146856757",
      "area-code": "714"
    },
    {
      "id": "1a554663aa244c23c774fa808531957a",
      "number": "8055687908",
      "area-code": "714"
    },
    {
      "id": "1a554663aa244c23c774fa808531886c",
      "number": "8442049279",
      "area-code": "765"
    },
    {
      "id": "1a554663aa244c23c774fa80853187ff",
      "number": "8707419406",
      "area-code": "870"
    },
    {
      "id": "1a554663aa244c23c774fa8085317ea6",
      "number": "9194247969",
      "area-code": "919"
    },
    {
      "id": "1a554663aa244c23c774fa8085317021",
      "number": "6052705205",
      "area-code": "419"
    },
    {
      "id": "1a554663aa244c23c774fa80853168b2",
      "number": "3233689364",
      "area-code": "714"
    },
    {
      "id": "1a554663aa244c23c774fa808531590b",
      "number": "2192081232",
      "area-code": "419"
    },
    {
      "id": "1a554663aa244c23c774fa80853156a6",
      "number": "9197709444",
      "area-code": "919"
    },
    {
      "id": "1a554663aa244c23c774fa8085314dff",
      "number": "7146028604",
      "area-code": "714"
    },
    {
      "id": "1a554663aa244c23c774fa8085314dd4",
      "number": "4193325996",
      "area-code": "419"
    },
    {
      "id": "1a554663aa244c23c774fa808531419d",
      "number": "3087876851",
      "area-code": "402"
    },
    {
      "id": "1a554663aa244c23c774fa8085313ba7",
      "number": "8059776090",
      "area-code": "615"
    },
    {
      "id": "1a554663aa244c23c774fa80853135d1",
      "number": "9014552360",
      "area-code": "714"
    },
    {
      "id": "1a554663aa244c23c774fa8085313394",
      "number": "2488171748",
      "area-code": "480"
    }
  ],
  "meta": {
    "record-total": 16058
  }
}