{"data": [{"id": "bb3e479bc9f2838ddac7b7f6e1417af7", "number": "7088931425", "area-code": "708"}, {"id": "bb3e479bc9f2838ddac7b7f6e174b03c", "number": "6075478153", "area-code": "845"}, {"id": "bb3e479bc9f2838ddac7b7f6e1417246", "number": "9284574303", "area-code": "928"}, {"id": "bb3e479bc9f2838ddac7b7f6e1416bc3", "number": "9544194484", "area-code": "281"}, {"id": "bb3e479bc9f2838ddac7b7f6e174c3c4", "number": "+18432136831", "area-code": "843"}, {"id": "bb3e479bc9f2838ddac7b7f6e141687e", "number": "2819462625", "area-code": "281"}, {"id": "bb3e479bc9f2838ddac7b7f6e1415e61", "number": "", "area-code": "281"}, {"id": "bb3e479bc9f2838ddac7b7f6e1748ac4", "number": "2482333722", "area-code": "248"}, {"id": "bb3e479bc9f2838ddac7b7f6e174665b", "number": "2482333722", "area-code": "248"}, {"id": "bb3e479bc9f2838ddac7b7f6e1747d1d", "number": "2482390435", "area-code": "248"}, {"id": "bb3e479bc9f2838ddac7b7f6e1749d6a", "number": "2312412462", "area-code": "248"}, {"id": "bb3e479bc9f2838ddac7b7f6e1744f54", "number": "2342576343", "area-code": "248"}, {"id": "bb3e479bc9f2838ddac7b7f6e174d80c", "number": "2482390436", "area-code": "248"}, {"id": "bb3e479bc9f2838ddac7b7f6e174d14e", "number": "4074993453", "area-code": "407"}, {"id": "bb3e479bc9f2838ddac7b7f6e174751d", "number": "2482390436", "area-code": "248"}, {"id": "bb3e479bc9f2838ddac7b7f6e174b458", "number": "2038164990", "area-code": "203"}, {"id": "bb3e479bc9f2838ddac7b7f6e1745ece", "number": "2489635727", "area-code": "248"}, {"id": "bb3e479bc9f2838ddac7b7f6e174b8b1", "number": "+18332129160", "area-code": "561"}, {"id": "bb3e479bc9f2838ddac7b7f6e1748e0c", "number": "2482390435", "area-code": "248"}, {"id": "bb3e479bc9f2838ddac7b7f6e174abd7", "number": "2538562247", "area-code": "419"}, {"id": "bb3e479bc9f2838ddac7b7f6e1748b49", "number": "2538562247", "area-code": "419"}, {"id": "bb3e479bc9f2838ddac7b7f6e174c3c3", "number": "+14788887018", "area-code": "478"}, {"id": "bb3e479bc9f2838ddac7b7f6e174cf99", "number": "9373540484", "area-code": "937"}, {"id": "bb3e479bc9f2838ddac7b7f6e1742087", "number": "4302230616", "area-code": "773"}, {"id": "bb3e479bc9f2838ddac7b7f6e1742afd", "number": "4302230616", "area-code": "773"}, {"id": "bb3e479bc9f2838ddac7b7f6e1415b15", "number": "7083484729", "area-code": "708"}, {"id": "bb3e479bc9f2838ddac7b7f6e17445f5", "number": "+17207434114", "area-code": "720"}, {"id": "bb3e479bc9f2838ddac7b7f6e1415a1b", "number": "7083484729", "area-code": "708"}, {"id": "bb3e479bc9f2838ddac7b7f6e17429c1", "number": "+17187015921", "area-code": "718"}, {"id": "bb3e479bc9f2838ddac7b7f6e177cc56", "number": "5186749042", "area-code": "718"}, {"id": "bb3e479bc9f2838ddac7b7f6e14159fc", "number": "9254792844", "area-code": "626"}, {"id": "bb3e479bc9f2838ddac7b7f6e1414f73", "number": "7085971136", "area-code": "708"}, {"id": "bb3e479bc9f2838ddac7b7f6e1743518", "number": "+12892323613", "area-code": "937"}, {"id": "bb3e479bc9f2838ddac7b7f6e1743996", "number": "+14074385030", "area-code": "813"}, {"id": "bb3e479bc9f2838ddac7b7f6e1414cb5", "number": "2819277977", "area-code": "281"}, {"id": "bb3e479bc9f2838ddac7b7f6e1741f3b", "number": "2013225107", "area-code": "201"}, {"id": "bb3e479bc9f2838ddac7b7f6e17429fc", "number": "8133495728", "area-code": "561"}, {"id": "bb3e479bc9f2838ddac7b7f6e1414a67", "number": "5166405465", "area-code": "631"}, {"id": "bb3e479bc9f2838ddac7b7f6e174145e", "number": "8133495728", "area-code": "561"}, {"id": "bb3e479bc9f2838ddac7b7f6e1412c47", "number": "", "area-code": "281"}, {"id": "bb3e479bc9f2838ddac7b7f6e1413b4e", "number": "2193064459", "area-code": "219"}, {"id": "bb3e479bc9f2838ddac7b7f6e1740fd0", "number": "+16232312467", "area-code": "602"}, {"id": "bb3e479bc9f2838ddac7b7f6e14125c0", "number": "9546944014", "area-code": "281"}, {"id": "bb3e479bc9f2838ddac7b7f6e1411a2b", "number": "2673135334", "area-code": "870"}, {"id": "bb3e479bc9f2838ddac7b7f6e1740d3c", "number": "+13014855889", "area-code": "703"}, {"id": "bb3e479bc9f2838ddac7b7f6e1411785", "number": "7085882737", "area-code": "708"}, {"id": "bb3e479bc9f2838ddac7b7f6e14110aa", "number": "6514270648", "area-code": "763"}, {"id": "bb3e479bc9f2838ddac7b7f6e173fd42", "number": "7078293037", "area-code": "916"}, {"id": "bb3e479bc9f2838ddac7b7f6e173f395", "number": "6264627853", "area-code": "626"}, {"id": "bb3e479bc9f2838ddac7b7f6e1411009", "number": "8009228757", "area-code": "816"}], "meta": {"record-total": 20130}}