{"data": [{"id": "490dde24b259add1335244cd1b5a4005", "number": "6625544500", "date": "2021-01-26 12:21:00", "subject": "3", "recorded-or-robo": "N", "city": "", "state": "MI", "area-code": "989"}, {"id": "490dde24b259add1335244cd1b5a7033", "number": "", "date": "2021-01-26 11:13:00", "subject": "2", "recorded-or-robo": "Y", "city": "", "state": "IL", "area-code": "773"}, {"id": "490dde24b259add1335244cd1b5a6749", "number": "6266254919", "date": "2021-01-26 09:24:00", "subject": "4", "recorded-or-robo": "Y", "city": "", "state": "CA", "area-code": "626"}, {"id": "490dde24b259add1335244cd1b5a664c", "number": "", "date": "2021-01-26 10:58:00", "subject": "1", "recorded-or-robo": "Y", "city": "Corpus Christi", "state": "TX", "area-code": "361"}, {"id": "490dde24b259add1335244cd1b5a6629", "number": "7074953811", "date": "2021-01-26 11:22:00", "subject": "3", "recorded-or-robo": "Y", "city": "", "state": "AR", "area-code": "501"}, {"id": "490dde24b259add1335244cd1b5a5703", "number": "9705385080", "date": "2021-01-26 10:17:00", "subject": "3", "recorded-or-robo": "Y", "city": "", "state": "CO", "area-code": "970"}, {"id": "490dde24b259add1335244cd1b5a4763", "number": "3184985033", "date": "2021-01-26 11:35:00", "subject": "2", "recorded-or-robo": "Y", "city": "ft lauderdale", "state": "FL", "area-code": "954"}, {"id": "490dde24b259add1335244cd1b5a46a1", "number": "8052594181", "date": "2021-01-14 14:31:00", "subject": "0", "recorded-or-robo": "N", "city": "seattle", "state": "CA", "area-code": "805"}, {"id": "490dde24b259add1335244cd1b5a3656", "number": "2624390455", "date": "2021-01-26 11:16:00", "subject": "0", "recorded-or-robo": "", "city": "East Troy", "state": "WI", "area-code": "262"}, {"id": "490dde24b259add1335244cd1b5a3363", "number": "4027636155", "date": "2021-01-22 11:22:00", "subject": "5", "recorded-or-robo": "", "city": "", "state": "NE", "area-code": "402"}, {"id": "490dde24b259add1335244cd1b5a26d8", "number": "7027071770", "date": "2021-01-26 08:36:00", "subject": "4", "recorded-or-robo": "Y", "city": "Boulder City", "state": "NV", "area-code": "702"}, {"id": "490dde24b259add1335244cd1b5a2516", "number": "7408727373", "date": "2020-12-18 10:04:00", "subject": "2", "recorded-or-robo": "", "city": "Portsmouth", "state": "OH", "area-code": "740"}, {"id": "490dde24b259add1335244cd1b5a1a38", "number": "2252179203", "date": "2021-01-26 09:04:00", "subject": "2", "recorded-or-robo": "N", "city": "Bossier City", "state": "LA", "area-code": "318"}, {"id": "490dde24b259add1335244cd1b5a1a11", "number": "9039450142", "date": "2021-01-26 11:24:00", "subject": "4", "recorded-or-robo": "Y", "city": "Henderson", "state": "TX", "area-code": "903"}, {"id": "490dde24b259add1335244cd1b5a0b29", "number": "4094237869", "date": "2021-01-26 11:21:00", "subject": "2", "recorded-or-robo": "Y", "city": "Stockdale", "state": "TX", "area-code": "830"}, {"id": "490dde24b259add1335244cd1b5a07c1", "number": "9417591972", "date": "2021-01-26 10:00:00", "subject": "5", "recorded-or-robo": "Y", "city": "SALT LAKE CITY", "state": "UT", "area-code": "801"}, {"id": "490dde24b259add1335244cd1b59fdd0", "number": "6032886558", "date": "2021-01-26 00:22:00", "subject": "4", "recorded-or-robo": "Y", "city": "Rochester", "state": "NH", "area-code": "603"}, {"id": "490dde24b259add1335244cd1b59edf7", "number": "5134752983", "date": "2021-01-26 11:09:00", "subject": "2", "recorded-or-robo": "Y", "city": "Port Washington", "state": "WI", "area-code": "262"}, {"id": "490dde24b259add1335244cd1b59e566", "number": "5415760108", "date": "2021-01-26 09:22:00", "subject": "4", "recorded-or-robo": "Y", "city": "Eugene", "state": "OR", "area-code": "541"}, {"id": "490dde24b259add1335244cd1b59d8e0", "number": "5123807832", "date": "2021-01-19 07:32:00", "subject": "4", "recorded-or-robo": "Y", "city": "Duluth", "state": "GA", "area-code": "214"}, {"id": "490dde24b259add1335244cd1b590379", "number": "5137567643", "date": "2021-01-25 18:14:00", "subject": "3", "recorded-or-robo": "N", "city": "", "state": "OH", "area-code": "513"}, {"id": "490dde24b259add1335244cd1b59d600", "number": "3239967351", "date": "2021-01-26 09:23:00", "subject": "0", "recorded-or-robo": "Y", "city": "Livingston", "state": "CA", "area-code": "209"}, {"id": "490dde24b259add1335244cd1b59d524", "number": "8502115958", "date": "2021-01-26 11:13:00", "subject": "2", "recorded-or-robo": "Y", "city": "", "state": "IA", "area-code": "319"}, {"id": "490dde24b259add1335244cd1b59cb93", "number": "9708242926", "date": "2021-01-26 07:32:00", "subject": "3", "recorded-or-robo": "Y", "city": "", "state": "CO", "area-code": "970"}, {"id": "490dde24b259add1335244cd1b59c013", "number": "8026250191", "date": "2021-01-25 10:58:00", "subject": "2", "recorded-or-robo": "Y", "city": "MACCLENNY", "state": "FL", "area-code": "904"}, {"id": "490dde24b259add1335244cd1b59bf63", "number": "9162571101", "date": "2021-01-26 09:18:00", "subject": "2", "recorded-or-robo": "N", "city": "Sacramento", "state": "CA", "area-code": "916"}, {"id": "490dde24b259add1335244cd1b59b52a", "number": "3132348623", "date": "2021-01-26 09:21:00", "subject": "9", "recorded-or-robo": "Y", "city": "Downey", "state": "CA", "area-code": "562"}, {"id": "490dde24b259add1335244cd1b59ab35", "number": "2314213409", "date": "2021-01-26 11:11:00", "subject": "4", "recorded-or-robo": "Y", "city": "Traverse City", "state": "MI", "area-code": "231"}, {"id": "490dde24b259add1335244cd1b59a885", "number": "7049468034", "date": "2021-01-26 12:17:00", "subject": "4", "recorded-or-robo": "N", "city": "Charlotte", "state": "NC", "area-code": "704"}, {"id": "490dde24b259add1335244cd1b59991a", "number": "8053421216", "date": "2021-01-18 11:28:00", "subject": "0", "recorded-or-robo": "N", "city": "seattle", "state": "CA", "area-code": "805"}, {"id": "490dde24b259add1335244cd1b598be5", "number": "3526123161", "date": "2021-01-26 10:01:00", "subject": "0", "recorded-or-robo": "Y", "city": "", "state": "CO", "area-code": "303"}, {"id": "490dde24b259add1335244cd1b597ce6", "number": "5186766977", "date": "2021-01-26 12:17:00", "subject": "0", "recorded-or-robo": "Y", "city": "Youngstown", "state": "NY", "area-code": "716"}, {"id": "490dde24b259add1335244cd1b597358", "number": "8332322860", "date": "2021-01-26 23:09:00", "subject": "0", "recorded-or-robo": "Y", "city": "muscatine", "state": "IA", "area-code": "563"}, {"id": "490dde24b259add1335244cd1b59657e", "number": "3608765570", "date": "2021-01-26 07:43:00", "subject": "1", "recorded-or-robo": "Y", "city": "Seattle", "state": "WA", "area-code": "206"}, {"id": "490dde24b259add1335244cd1b595cff", "number": "7736929277", "date": "2021-01-26 11:22:00", "subject": "4", "recorded-or-robo": "Y", "city": "Chicago", "state": "IL", "area-code": "773"}, {"id": "490dde24b259add1335244cd1b594e09", "number": "8506790231", "date": "2021-01-26 11:23:00", "subject": "4", "recorded-or-robo": "Y", "city": "Navarre", "state": "FL", "area-code": "850"}, {"id": "490dde24b259add1335244cd1b594383", "number": "3184985033", "date": "2021-01-26 10:34:00", "subject": "2", "recorded-or-robo": "Y", "city": "ft lauderdale", "state": "FL", "area-code": "954"}, {"id": "490dde24b259add1335244cd1b59340f", "number": "8592402255", "date": "2020-12-18 11:14:00", "subject": "2", "recorded-or-robo": "", "city": "Portsmouth", "state": "OH", "area-code": "740"}, {"id": "490dde24b259add1335244cd1b592c0d", "number": "813677693", "date": "2021-01-26 00:00:00", "subject": "2", "recorded-or-robo": "Y", "city": "Palm Harbor", "state": "FL", "area-code": "813"}, {"id": "490dde24b259add1335244cd1b59260a", "number": "8559706047", "date": "2021-01-26 11:02:00", "subject": "0", "recorded-or-robo": "", "city": "Gardendale", "state": "AL", "area-code": "931"}, {"id": "490dde24b259add1335244cd1b591a8b", "number": "4024860890", "date": "2021-01-22 13:06:00", "subject": "5", "recorded-or-robo": "", "city": "", "state": "NE", "area-code": "402"}, {"id": "490dde24b259add1335244cd1b5912ac", "number": "7069715059", "date": "2021-01-26 12:22:00", "subject": "4", "recorded-or-robo": "Y", "city": "acworth", "state": "GA", "area-code": "404"}, {"id": "490dde24b259add1335244cd1b5901b7", "number": "8316845559", "date": "2021-01-26 09:21:00", "subject": "9", "recorded-or-robo": "Y", "city": "", "state": "CA", "area-code": "707"}, {"id": "490dde24b259add1335244cd1b5901a1", "number": "9376398315", "date": "2021-01-26 12:24:00", "subject": "3", "recorded-or-robo": "Y", "city": "", "state": "OH", "area-code": "614"}, {"id": "490dde24b259add1335244cd1b58f63c", "number": "9125590564", "date": "2021-01-25 10:06:00", "subject": "3", "recorded-or-robo": "Y", "city": "", "state": "CO", "area-code": "970"}, {"id": "490dde24b259add1335244cd1b58f2f8", "number": "5416386981", "date": "2021-01-26 09:00:00", "subject": "9", "recorded-or-robo": "Y", "city": "Oregon", "state": "OR", "area-code": "541"}, {"id": "490dde24b259add1335244cd1b58f19e", "number": "9546862769", "date": "2021-01-26 10:19:00", "subject": "2", "recorded-or-robo": "N", "city": "Bossier City", "state": "LA", "area-code": "318"}, {"id": "490dde24b259add1335244cd1b58f06f", "number": "9122561604", "date": "2021-01-26 12:22:00", "subject": "2", "recorded-or-robo": "Y", "city": "Statesboro", "state": "GA", "area-code": "912"}, {"id": "490dde24b259add1335244cd1b58ecf3", "number": "8053421216", "date": "2021-01-18 15:16:00", "subject": "0", "recorded-or-robo": "N", "city": "seattle", "state": "CA", "area-code": "805"}, {"id": "490dde24b259add1335244cd1b58ec0a", "number": "4142956034", "date": "2021-01-26 09:50:00", "subject": "0", "recorded-or-robo": "Y", "city": "", "state": "CO", "area-code": "303"}]}