{"data": [{"id": "3decc6bfadaa436a105714c6baf3a10f", "number": "6235868236", "date": "2021-01-26 07:34:00", "subject": "1", "recorded-or-robo": "Y", "city": "", "state": "AZ", "area-code": "623"}, {"id": "3decc6bfadaa436a105714c6baf39f88", "number": "9014461765", "date": "2021-01-26 09:37:00", "subject": "2", "recorded-or-robo": "Y", "city": "Bear", "state": "DE", "area-code": "302"}, {"id": "3decc6bfadaa436a105714c6baf39ef6", "number": "4145012852", "date": "2021-01-25 15:19:00", "subject": "2", "recorded-or-robo": "Y", "city": "", "state": "WI", "area-code": "262"}, {"id": "3decc6bfadaa436a105714c6baf39985", "number": "9417002961", "date": "2021-01-25 16:14:00", "subject": "4", "recorded-or-robo": "Y", "city": "Venice", "state": "FL", "area-code": "904"}, {"id": "3decc6bfadaa436a105714c6baf38f8f", "number": "4426003186", "date": "2021-01-26 09:28:00", "subject": "2", "recorded-or-robo": "Y", "city": "Oaklyn", "state": "NJ", "area-code": "609"}, {"id": "3decc6bfadaa436a105714c6baf38df7", "number": "5612182014", "date": "2021-01-26 09:29:00", "subject": "2", "recorded-or-robo": "Y", "city": "Boca Raton", "state": "FL", "area-code": "561"}, {"id": "3decc6bfadaa436a105714c6baf388a9", "number": "7542091948", "date": "2021-01-25 11:52:00", "subject": "0", "recorded-or-robo": "Y", "city": "Jupiter", "state": "FL", "area-code": "561"}, {"id": "3decc6bfadaa436a105714c6baf38340", "number": "8632137323", "date": "2021-01-25 10:29:00", "subject": "2", "recorded-or-robo": "Y", "city": "lakeland", "state": "FL", "area-code": "866"}, {"id": "3decc6bfadaa436a105714c6baf37c77", "number": "5012601879", "date": "2021-01-26 09:43:00", "subject": "2", "recorded-or-robo": "N", "city": "", "state": "NC", "area-code": "252"}, {"id": "3decc6bfadaa436a105714c6baf36ded", "number": "9864008977", "date": "2021-01-26 08:34:00", "subject": "2", "recorded-or-robo": "N", "city": "WAUKEGAN", "state": "IL", "area-code": "847"}, {"id": "3decc6bfadaa436a105714c6baf362e6", "number": "5135539210", "date": "2021-01-26 09:30:00", "subject": "6", "recorded-or-robo": "Y", "city": "Fairfield Township", "state": "OH", "area-code": "513"}, {"id": "3decc6bfadaa436a105714c6baf354a8", "number": "9173485243", "date": "2021-01-26 06:37:00", "subject": "5", "recorded-or-robo": "N", "city": "", "state": "CA", "area-code": "650"}, {"id": "3decc6bfadaa436a105714c6baf34dbc", "number": "7085556663", "date": "2021-01-25 18:29:00", "subject": "4", "recorded-or-robo": "Y", "city": "", "state": "IL", "area-code": "708"}, {"id": "3decc6bfadaa436a105714c6baf344c8", "number": "", "date": "2021-01-26 10:32:00", "subject": "2", "recorded-or-robo": "", "city": "", "state": "VI", "area-code": "340"}, {"id": "3decc6bfadaa436a105714c6baf338c1", "number": "8022099936", "date": "2021-01-26 09:41:00", "subject": "1", "recorded-or-robo": "Y", "city": "", "state": "VT", "area-code": "802"}, {"id": "3decc6bfadaa436a105714c6baf331d4", "number": "5050602633", "date": "2021-01-26 05:50:00", "subject": "2", "recorded-or-robo": "Y", "city": "", "state": "AR", "area-code": "870"}, {"id": "3decc6bfadaa436a105714c6baf3305e", "number": "4108856032", "date": "2021-01-22 17:11:00", "subject": "2", "recorded-or-robo": "", "city": "Baltimore", "state": "MD", "area-code": "410"}, {"id": "3decc6bfadaa436a105714c6baf325fe", "number": "5617576012", "date": "2021-01-25 11:42:00", "subject": "0", "recorded-or-robo": "Y", "city": "Jupiter", "state": "FL", "area-code": "561"}, {"id": "3decc6bfadaa436a105714c6baf318a4", "number": "5135535045", "date": "2021-01-26 21:20:00", "subject": "6", "recorded-or-robo": "Y", "city": "Fairfield Township", "state": "OH", "area-code": "513"}, {"id": "3decc6bfadaa436a105714c6baf310e4", "number": "7089959125", "date": "2021-01-25 18:59:00", "subject": "4", "recorded-or-robo": "Y", "city": "", "state": "IL", "area-code": "708"}, {"id": "3decc6bfadaa436a105714c6baf309fd", "number": "7579758945", "date": "2021-01-25 17:34:00", "subject": "0", "recorded-or-robo": "Y", "city": "Chesapeake", "state": "VA", "area-code": "757"}, {"id": "3decc6bfadaa436a105714c6baf30791", "number": "7855426434", "date": "2021-01-25 11:10:00", "subject": "3", "recorded-or-robo": "Y", "city": "Lawrenceville", "state": "NJ", "area-code": "609"}, {"id": "3decc6bfadaa436a105714c6baf2fa5c", "number": "", "date": "2021-01-26 09:33:00", "subject": "2", "recorded-or-robo": "Y", "city": "Powell", "state": "TN", "area-code": "865"}, {"id": "3decc6bfadaa436a105714c6baf2ed12", "number": "5014030099", "date": "2021-01-26 08:33:00", "subject": "2", "recorded-or-robo": "N", "city": "Sherwood", "state": "AR", "area-code": "501"}, {"id": "3decc6bfadaa436a105714c6baf2dfae", "number": "", "date": "2021-01-26 08:38:00", "subject": "2", "recorded-or-robo": "Y", "city": "Omaha", "state": "NE", "area-code": "402"}, {"id": "3decc6bfadaa436a105714c6baf2da51", "number": "7732875985", "date": "2021-01-25 18:05:00", "subject": "4", "recorded-or-robo": "Y", "city": "Chicago", "state": "IL", "area-code": "312"}, {"id": "3decc6bfadaa436a105714c6baf2cfc3", "number": "5627536656", "date": "2021-01-25 11:21:00", "subject": "0", "recorded-or-robo": "Y", "city": "Jupiter", "state": "FL", "area-code": "561"}, {"id": "3decc6bfadaa436a105714c6baf2c12b", "number": "5135535427", "date": "2021-01-25 15:43:00", "subject": "6", "recorded-or-robo": "Y", "city": "Fairfield Township", "state": "OH", "area-code": "513"}, {"id": "3decc6bfadaa436a105714c6baf2b755", "number": "3526413326", "date": "2021-01-25 11:35:00", "subject": "3", "recorded-or-robo": "N", "city": "fort lauderdale", "state": "FL", "area-code": "954"}, {"id": "3decc6bfadaa436a105714c6baf2afb8", "number": "9785988225", "date": "2021-01-23 10:23:00", "subject": "2", "recorded-or-robo": "Y", "city": "", "state": "TX", "area-code": "903"}, {"id": "3decc6bfadaa436a105714c6baf2a3d4", "number": "3049380872", "date": "2021-01-26 08:31:00", "subject": "2", "recorded-or-robo": "Y", "city": "ms", "state": "MS", "area-code": "662"}, {"id": "3decc6bfadaa436a105714c6baf2994f", "number": "8004297132", "date": "2021-01-26 09:36:00", "subject": "4", "recorded-or-robo": "Y", "city": "", "state": "IL", "area-code": "708"}, {"id": "3decc6bfadaa436a105714c6baf292ce", "number": "", "date": "2021-01-25 12:02:00", "subject": "1", "recorded-or-robo": "N", "city": "Saint Paul", "state": "MN", "area-code": "651"}, {"id": "3decc6bfadaa436a105714c6baf291e7", "number": "", "date": "2021-01-26 09:01:00", "subject": "1", "recorded-or-robo": "Y", "city": "Bensalem", "state": "PA", "area-code": "215"}, {"id": "3decc6bfadaa436a105714c6baf2913f", "number": "2168596945", "date": "2021-01-25 15:43:00", "subject": "6", "recorded-or-robo": "N", "city": "Cleveland", "state": "OH", "area-code": "216"}, {"id": "3decc6bfadaa436a105714c6baf28152", "number": "8882804331", "date": "2021-01-26 09:27:00", "subject": "1", "recorded-or-robo": "Y", "city": "Copper Hill", "state": "VA", "area-code": "540"}, {"id": "3decc6bfadaa436a105714c6baf27213", "number": "8332297992", "date": "2021-01-26 09:38:00", "subject": "0", "recorded-or-robo": "N", "city": "Port Matilda", "state": "PA", "area-code": "814"}, {"id": "3decc6bfadaa436a105714c6baf265bd", "number": "3139216440", "date": "2021-01-26 09:00:00", "subject": "1", "recorded-or-robo": "N", "city": "Detroit", "state": "MI", "area-code": "313"}, {"id": "3decc6bfadaa436a105714c6baf258ed", "number": "6616222924", "date": "2021-01-25 12:00:00", "subject": "1", "recorded-or-robo": "Y", "city": "Abilene", "state": "TX", "area-code": "325"}, {"id": "3decc6bfadaa436a105714c6baf24ad6", "number": "5627536656", "date": "2021-01-25 11:20:00", "subject": "0", "recorded-or-robo": "Y", "city": "Jupiter", "state": "FL", "area-code": "561"}, {"id": "3decc6bfadaa436a105714c6baf24641", "number": "8032467916", "date": "2021-01-26 09:39:00", "subject": "3", "recorded-or-robo": "", "city": "", "state": "SC", "area-code": "803"}, {"id": "3decc6bfadaa436a105714c6baf23f45", "number": "2022378818", "date": "2021-01-20 14:28:00", "subject": "0", "recorded-or-robo": "Y", "city": "", "state": "CO", "area-code": "720"}, {"id": "3decc6bfadaa436a105714c6baf231c0", "number": "7326615097", "date": "2021-01-26 09:26:00", "subject": "4", "recorded-or-robo": "Y", "city": "Monmouth Beach", "state": "NJ", "area-code": "732"}, {"id": "3decc6bfadaa436a105714c6baf230f1", "number": "5305475321", "date": "2021-01-26 08:36:00", "subject": "6", "recorded-or-robo": "N", "city": "tutwiler", "state": "MS", "area-code": "662"}, {"id": "3decc6bfadaa436a105714c6baf22649", "number": "8647737381", "date": "2021-01-26 06:33:00", "subject": "5", "recorded-or-robo": "Y", "city": "Red Bluff", "state": "CA", "area-code": "530"}, {"id": "3decc6bfadaa436a105714c6baf2249c", "number": "4104507764", "date": "2021-01-22 17:12:00", "subject": "2", "recorded-or-robo": "N", "city": "Baltimore", "state": "MD", "area-code": "410"}, {"id": "3decc6bfadaa436a105714c6baf21935", "number": "9035439399", "date": "2021-01-23 16:05:00", "subject": "2", "recorded-or-robo": "Y", "city": "", "state": "TX", "area-code": "903"}, {"id": "3decc6bfadaa436a105714c6baf1f6ff", "number": "8433814440", "date": "2021-01-26 09:19:00", "subject": "3", "recorded-or-robo": "N", "city": "", "state": "SC", "area-code": "843"}, {"id": "3decc6bfadaa436a105714c6baf20b49", "number": "2708869229", "date": "2021-01-18 13:23:00", "subject": "2", "recorded-or-robo": "N", "city": "Hopkinsville", "state": "KY", "area-code": "270"}, {"id": "3decc6bfadaa436a105714c6baf201af", "number": "8337340965", "date": "2021-01-26 09:21:00", "subject": "2", "recorded-or-robo": "Y", "city": "Morgantown", "state": "WV", "area-code": "833"}]}