{"data": [{"id": "3decc6bfadaa436a105714c6baddf09b", "number": "", "date": "2021-01-25 09:31:00", "subject": "5", "recorded-or-robo": "Y", "city": "Bellevue", "state": "NE", "area-code": "402"}, {"id": "3decc6bfadaa436a105714c6badde149", "number": "9252811423", "date": "2021-01-16 09:53:00", "subject": "2", "recorded-or-robo": "N", "city": "", "state": "CA", "area-code": "925"}, {"id": "3decc6bfadaa436a105714c6baddd465", "number": "9253222542", "date": "2021-01-01 11:28:00", "subject": "3", "recorded-or-robo": "N", "city": "", "state": "CA", "area-code": "925"}, {"id": "3decc6bfadaa436a105714c6baddcc9e", "number": "3202384505", "date": "2021-01-25 11:03:00", "subject": "2", "recorded-or-robo": "Y", "city": "Columbus", "state": "OH", "area-code": "614"}, {"id": "3decc6bfadaa436a105714c6baddbedf", "number": "9147251674", "date": "2021-01-24 17:49:00", "subject": "2", "recorded-or-robo": "Y", "city": "Walnut Creek", "state": "CA", "area-code": "925"}, {"id": "3decc6bfadaa436a105714c6baddbcb6", "number": "7814881765", "date": "2021-01-25 08:28:00", "subject": "0", "recorded-or-robo": "N", "city": "Elk Grove", "state": "CA", "area-code": "916"}, {"id": "3decc6bfadaa436a105714c6baddb459", "number": "6177571604", "date": "2021-01-25 00:00:00", "subject": "2", "recorded-or-robo": "N", "city": "Elk Grove", "state": "CA", "area-code": "916"}, {"id": "3decc6bfadaa436a105714c6badda6b9", "number": "4322061640", "date": "2021-01-25 09:35:00", "subject": "5", "recorded-or-robo": "Y", "city": "San Antonio", "state": "TX", "area-code": "210"}, {"id": "3decc6bfadaa436a105714c6badd9be3", "number": "4232051120", "date": "2021-01-25 13:16:00", "subject": "3", "recorded-or-robo": "Y", "city": "", "state": "NV", "area-code": "775"}, {"id": "3decc6bfadaa436a105714c6badd95b2", "number": "8662407855", "date": "2021-01-25 20:35:00", "subject": "12", "recorded-or-robo": "Y", "city": "Walnut Creek", "state": "CA", "area-code": "925"}, {"id": "3decc6bfadaa436a105714c6badd85e2", "number": "2106477263", "date": "2021-01-22 16:56:00", "subject": "0", "recorded-or-robo": "Y", "city": "San Antonio", "state": "TX", "area-code": "210"}, {"id": "3decc6bfadaa436a105714c6badd7865", "number": "5012328178", "date": "2021-01-25 15:34:00", "subject": "2", "recorded-or-robo": "", "city": "Moses Lake", "state": "WA", "area-code": "509"}, {"id": "3decc6bfadaa436a105714c6badd6d83", "number": "2075793197", "date": "2021-01-05 07:53:00", "subject": "2", "recorded-or-robo": "Y", "city": "poulsbo", "state": "WA", "area-code": "207"}, {"id": "3decc6bfadaa436a105714c6badd6891", "number": "2076451223", "date": "2021-01-13 12:09:00", "subject": "2", "recorded-or-robo": "Y", "city": "poulsbo", "state": "WA", "area-code": "207"}, {"id": "3decc6bfadaa436a105714c6badd67b5", "number": "1928455039515206454", "date": "2021-01-25 10:54:00", "subject": "3", "recorded-or-robo": "Y", "city": "reedley", "state": "CA", "area-code": "559"}, {"id": "3decc6bfadaa436a105714c6badd5f88", "number": "7752272721", "date": "2021-01-19 08:43:00", "subject": "2", "recorded-or-robo": "Y", "city": "", "state": "CA", "area-code": "213"}, {"id": "03e293b3df9e35eadf15c5611973447f", "number": "7752272721", "date": "2021-01-19 08:43:00", "subject": "2", "recorded-or-robo": "Y", "city": "", "state": "CA", "area-code": "213"}, {"id": "3decc6bfadaa436a105714c6badd5d49", "number": "3129400611", "date": "2021-01-19 12:00:00", "subject": "3", "recorded-or-robo": "Y", "city": "CHICAGO", "state": "IL", "area-code": "312"}, {"id": "03e293b3df9e35eadf15c561197334ab", "number": "3129400611", "date": "2021-01-19 12:00:00", "subject": "3", "recorded-or-robo": "Y", "city": "CHICAGO", "state": "IL", "area-code": "312"}, {"id": "3decc6bfadaa436a105714c6badd5428", "number": "7736925074", "date": "2021-01-19 09:15:00", "subject": "3", "recorded-or-robo": "Y", "city": "CHICAGO", "state": "IL", "area-code": "312"}, {"id": "03e293b3df9e35eadf15c5611973314a", "number": "7736925074", "date": "2021-01-19 09:15:00", "subject": "3", "recorded-or-robo": "Y", "city": "CHICAGO", "state": "IL", "area-code": "312"}, {"id": "3decc6bfadaa436a105714c6badd4ffd", "number": "3129400611", "date": "2021-01-19 09:13:00", "subject": "3", "recorded-or-robo": "Y", "city": "CHICAGO", "state": "IL", "area-code": "312"}, {"id": "03e293b3df9e35eadf15c56119732444", "number": "3129400611", "date": "2021-01-19 09:13:00", "subject": "3", "recorded-or-robo": "Y", "city": "CHICAGO", "state": "IL", "area-code": "312"}, {"id": "3decc6bfadaa436a105714c6badd42ce", "number": "7736925074", "date": "2021-01-18 09:41:00", "subject": "3", "recorded-or-robo": "Y", "city": "CHICAGO", "state": "IL", "area-code": "312"}, {"id": "03e293b3df9e35eadf15c5611973161a", "number": "7736925074", "date": "2021-01-18 09:41:00", "subject": "3", "recorded-or-robo": "Y", "city": "CHICAGO", "state": "IL", "area-code": "312"}, {"id": "3decc6bfadaa436a105714c6badd3d55", "number": "7732322316", "date": "2021-01-17 15:41:00", "subject": "3", "recorded-or-robo": "Y", "city": "CHICAGO", "state": "IL", "area-code": "312"}, {"id": "03e293b3df9e35eadf15c561197314d7", "number": "7732322316", "date": "2021-01-17 15:41:00", "subject": "3", "recorded-or-robo": "Y", "city": "CHICAGO", "state": "IL", "area-code": "312"}, {"id": "3decc6bfadaa436a105714c6badd3374", "number": "3104665215", "date": "2021-01-06 12:39:00", "subject": "2", "recorded-or-robo": "Y", "city": "", "state": "CA", "area-code": "213"}, {"id": "03e293b3df9e35eadf15c56119730cb1", "number": "3104665215", "date": "2021-01-06 12:39:00", "subject": "2", "recorded-or-robo": "Y", "city": "", "state": "CA", "area-code": "213"}, {"id": "3decc6bfadaa436a105714c6badd2b04", "number": "7736925074", "date": "2021-01-16 19:46:00", "subject": "3", "recorded-or-robo": "Y", "city": "CHICAGO", "state": "IL", "area-code": "312"}, {"id": "03e293b3df9e35eadf15c56119730b72", "number": "7736925074", "date": "2021-01-16 19:46:00", "subject": "3", "recorded-or-robo": "Y", "city": "CHICAGO", "state": "IL", "area-code": "312"}, {"id": "3decc6bfadaa436a105714c6badd29d7", "number": "8005212010", "date": "2021-01-22 17:00:00", "subject": "2", "recorded-or-robo": "Y", "city": "chatsworth", "state": "GA", "area-code": "706"}, {"id": "03e293b3df9e35eadf15c5611972fdd1", "number": "8005212010", "date": "2021-01-22 17:00:00", "subject": "2", "recorded-or-robo": "Y", "city": "chatsworth", "state": "GA", "area-code": "706"}, {"id": "3decc6bfadaa436a105714c6badd2383", "number": "8474649875", "date": "2021-01-16 11:05:00", "subject": "3", "recorded-or-robo": "Y", "city": "CHICAGO", "state": "IL", "area-code": "312"}, {"id": "03e293b3df9e35eadf15c5611972f60b", "number": "8474649875", "date": "2021-01-16 11:05:00", "subject": "3", "recorded-or-robo": "Y", "city": "CHICAGO", "state": "IL", "area-code": "312"}, {"id": "3decc6bfadaa436a105714c6badd22d9", "number": "3105742611", "date": "2021-01-06 12:15:00", "subject": "7", "recorded-or-robo": "Y", "city": "", "state": "CA", "area-code": "213"}, {"id": "03e293b3df9e35eadf15c5611972e619", "number": "3105742611", "date": "2021-01-06 12:15:00", "subject": "7", "recorded-or-robo": "Y", "city": "", "state": "CA", "area-code": "213"}, {"id": "3decc6bfadaa436a105714c6badd14ba", "number": "7736925074", "date": "2021-01-15 11:11:00", "subject": "3", "recorded-or-robo": "Y", "city": "CHICAGO", "state": "IL", "area-code": "312"}, {"id": "03e293b3df9e35eadf15c5611972e1a0", "number": "7736925074", "date": "2021-01-15 11:11:00", "subject": "3", "recorded-or-robo": "Y", "city": "CHICAGO", "state": "IL", "area-code": "312"}, {"id": "3decc6bfadaa436a105714c6badd0c52", "number": "", "date": "2021-01-23 13:10:00", "subject": "2", "recorded-or-robo": "Y", "city": "Saint Louis", "state": "MO", "area-code": "314"}, {"id": "03e293b3df9e35eadf15c5611972d60e", "number": "", "date": "2021-01-23 13:10:00", "subject": "2", "recorded-or-robo": "Y", "city": "Saint Louis", "state": "MO", "area-code": "314"}, {"id": "3decc6bfadaa436a105714c6badcfc70", "number": "8474649875", "date": "2021-01-21 15:32:00", "subject": "3", "recorded-or-robo": "Y", "city": "CHICAGO", "state": "IL", "area-code": "312"}, {"id": "03e293b3df9e35eadf15c5611972d4f4", "number": "8474649875", "date": "2021-01-21 15:32:00", "subject": "3", "recorded-or-robo": "Y", "city": "CHICAGO", "state": "IL", "area-code": "312"}, {"id": "3decc6bfadaa436a105714c6badcfc0d", "number": "2136408828", "date": "2021-01-05 12:22:00", "subject": "2", "recorded-or-robo": "Y", "city": "", "state": "CA", "area-code": "213"}, {"id": "03e293b3df9e35eadf15c5611972cc89", "number": "2136408828", "date": "2021-01-05 12:22:00", "subject": "2", "recorded-or-robo": "Y", "city": "", "state": "CA", "area-code": "213"}, {"id": "3decc6bfadaa436a105714c6badcf761", "number": "3125022642", "date": "2021-01-22 10:47:00", "subject": "3", "recorded-or-robo": "Y", "city": "CHICAGO", "state": "IL", "area-code": "312"}, {"id": "03e293b3df9e35eadf15c5611972c4e0", "number": "3125022642", "date": "2021-01-22 10:47:00", "subject": "3", "recorded-or-robo": "Y", "city": "CHICAGO", "state": "IL", "area-code": "312"}, {"id": "3decc6bfadaa436a105714c6badcea1f", "number": "8166006420", "date": "2021-01-18 13:44:00", "subject": "1", "recorded-or-robo": "Y", "city": "Loveland", "state": "CO", "area-code": "970"}, {"id": "03e293b3df9e35eadf15c5611972b9c8", "number": "8166006420", "date": "2021-01-18 13:44:00", "subject": "1", "recorded-or-robo": "Y", "city": "Loveland", "state": "CO", "area-code": "970"}, {"id": "3decc6bfadaa436a105714c6badce616", "number": "8183691114", "date": "2021-01-05 12:50:00", "subject": "2", "recorded-or-robo": "Y", "city": "", "state": "CA", "area-code": "213"}]}