{"data": [{"id": "490dde24b259add1335244cd1b4e31d3", "number": "5803771847", "date": "2021-01-26 11:09:00", "subject": "4", "recorded-or-robo": "Y", "city": "Bella Vista", "state": "OK", "area-code": "405"}, {"id": "490dde24b259add1335244cd1b4e2776", "number": "5867887470", "date": "2021-01-26 10:51:00", "subject": "0", "recorded-or-robo": "N", "city": "", "state": "FL", "area-code": "904"}, {"id": "490dde24b259add1335244cd1b4e20ed", "number": "9377951161", "date": "2021-01-25 15:22:00", "subject": "3", "recorded-or-robo": "Y", "city": "", "state": "OH", "area-code": "614"}, {"id": "490dde24b259add1335244cd1b4e1e4a", "number": "6029620942", "date": "2021-01-04 11:44:00", "subject": "3", "recorded-or-robo": "Y", "city": "Las Vegas", "state": "NV", "area-code": "702"}, {"id": "490dde24b259add1335244cd1b4e1117", "number": "", "date": "2021-01-26 11:02:00", "subject": "4", "recorded-or-robo": "Y", "city": "Huntsville", "state": "AL", "area-code": "256"}, {"id": "490dde24b259add1335244cd1b4e084b", "number": "8189762460", "date": "2021-01-26 09:07:00", "subject": "9", "recorded-or-robo": "Y", "city": "", "state": "CA", "area-code": "310"}, {"id": "490dde24b259add1335244cd1b4e03a9", "number": "2282856911", "date": "2021-01-26 11:04:00", "subject": "1", "recorded-or-robo": "Y", "city": "Lucedale", "state": "MS", "area-code": "228"}, {"id": "490dde24b259add1335244cd1b4e01c2", "number": "5613499443", "date": "2021-01-26 12:07:00", "subject": "4", "recorded-or-robo": "Y", "city": "Jupiter", "state": "FL", "area-code": "561"}, {"id": "490dde24b259add1335244cd1b4df285", "number": "4792796943", "date": "2021-01-12 15:12:00", "subject": "2", "recorded-or-robo": "N", "city": "Hayward", "state": "WI", "area-code": "218"}, {"id": "490dde24b259add1335244cd1b4de4df", "number": "2538500457", "date": "2021-01-26 09:08:00", "subject": "2", "recorded-or-robo": "Y", "city": "Bakersfield", "state": "CA", "area-code": "661"}, {"id": "490dde24b259add1335244cd1b4de005", "number": "2678175168", "date": "2021-01-26 09:25:00", "subject": "1", "recorded-or-robo": "Y", "city": "GOLDEN VALLEY", "state": "MN", "area-code": "763"}, {"id": "490dde24b259add1335244cd1b4dd753", "number": "9898906807", "date": "2021-01-26 12:08:00", "subject": "5", "recorded-or-robo": "Y", "city": "Bay City", "state": "MI", "area-code": "989"}, {"id": "490dde24b259add1335244cd1b4dc75f", "number": "8002845757", "date": "2021-01-26 07:00:00", "subject": "1", "recorded-or-robo": "Y", "city": "CENTRAL ISLIP", "state": "NY", "area-code": "631"}, {"id": "490dde24b259add1335244cd1b4dc452", "number": "3154073317", "date": "2021-01-26 12:07:00", "subject": "4", "recorded-or-robo": "Y", "city": "Brooklyn", "state": "NY", "area-code": "917"}, {"id": "490dde24b259add1335244cd1b4dc278", "number": "6027774458", "date": "2021-01-26 09:55:00", "subject": "3", "recorded-or-robo": "Y", "city": "", "state": "AZ", "area-code": "602"}, {"id": "490dde24b259add1335244cd1b4dba38", "number": "7149506989", "date": "2021-01-26 21:05:00", "subject": "9", "recorded-or-robo": "Y", "city": "Alhambra", "state": "CA", "area-code": "415"}, {"id": "490dde24b259add1335244cd1b4db8fa", "number": "9292645879", "date": "2021-01-26 11:50:00", "subject": "4", "recorded-or-robo": "Y", "city": "Otego", "state": "NY", "area-code": "607"}, {"id": "490dde24b259add1335244cd1b4dad2c", "number": "5195663992", "date": "2021-01-26 12:08:00", "subject": "2", "recorded-or-robo": "Y", "city": "TARBORO", "state": "NC", "area-code": "252"}, {"id": "490dde24b259add1335244cd1b4da4a5", "number": "4235238278", "date": "2021-01-26 10:08:00", "subject": "4", "recorded-or-robo": "Y", "city": "Denver", "state": "CO", "area-code": "720"}, {"id": "490dde24b259add1335244cd1b4d94dd", "number": "5802541667", "date": "2021-01-26 12:05:00", "subject": "5", "recorded-or-robo": "Y", "city": "", "state": "NY", "area-code": "518"}, {"id": "490dde24b259add1335244cd1b4d9349", "number": "6149539666", "date": "2021-01-26 11:58:00", "subject": "3", "recorded-or-robo": "Y", "city": "", "state": "OH", "area-code": "614"}, {"id": "490dde24b259add1335244cd1b4d897a", "number": "", "date": "2021-01-21 12:00:00", "subject": "3", "recorded-or-robo": "N", "city": "", "state": "LA", "area-code": "504"}, {"id": "490dde24b259add1335244cd1b4d7a19", "number": "6193543160", "date": "2021-01-26 11:59:00", "subject": "2", "recorded-or-robo": "Y", "city": "", "state": "SC", "area-code": "843"}, {"id": "490dde24b259add1335244cd1b4d750b", "number": "", "date": "2021-01-26 09:05:00", "subject": "3", "recorded-or-robo": "Y", "city": "", "state": "WA", "area-code": "425"}, {"id": "490dde24b259add1335244cd1b4d6acc", "number": "4803722529", "date": "2021-01-07 08:59:00", "subject": "3", "recorded-or-robo": "Y", "city": "Las Vegas", "state": "NV", "area-code": "702"}, {"id": "490dde24b259add1335244cd1b4d6158", "number": "3057450011", "date": "2021-01-26 12:09:00", "subject": "0", "recorded-or-robo": "Y", "city": "Miramar", "state": "FL", "area-code": "954"}, {"id": "490dde24b259add1335244cd1b4d560d", "number": "6144702236", "date": "2021-01-26 12:09:00", "subject": "3", "recorded-or-robo": "Y", "city": "", "state": "OH", "area-code": "614"}, {"id": "490dde24b259add1335244cd1b4d50ec", "number": "8722606472", "date": "2021-01-26 10:47:00", "subject": "6", "recorded-or-robo": "N", "city": "Bellwood", "state": "IL", "area-code": "708"}, {"id": "490dde24b259add1335244cd1b4d460a", "number": "7162227258", "date": "2021-01-26 12:06:00", "subject": "4", "recorded-or-robo": "Y", "city": "Amherst", "state": "NY", "area-code": "716"}, {"id": "490dde24b259add1335244cd1b4d3fa9", "number": "4085471899", "date": "2021-01-26 11:03:00", "subject": "6", "recorded-or-robo": "Y", "city": "Austin", "state": "TX", "area-code": "512"}, {"id": "490dde24b259add1335244cd1b4d35e8", "number": "3036371102", "date": "2021-01-26 10:08:00", "subject": "4", "recorded-or-robo": "Y", "city": "", "state": "CO", "area-code": "303"}, {"id": "490dde24b259add1335244cd1b4d2d3e", "number": "2029982880", "date": "2021-01-25 11:00:00", "subject": "1", "recorded-or-robo": "Y", "city": "", "state": "GA", "area-code": "706"}, {"id": "490dde24b259add1335244cd1b4d242a", "number": "7039928997", "date": "2021-01-26 11:06:00", "subject": "2", "recorded-or-robo": "Y", "city": "", "state": "VA", "area-code": "703"}, {"id": "490dde24b259add1335244cd1b4d1572", "number": "4342121266", "date": "2021-01-26 12:06:00", "subject": "2", "recorded-or-robo": "Y", "city": "LYNCHBURG", "state": "VA", "area-code": "434"}, {"id": "490dde24b259add1335244cd1b4d0695", "number": "8765072156", "date": "2021-01-26 11:34:00", "subject": "13", "recorded-or-robo": "N", "city": "GRANBY", "state": "CT", "area-code": "860"}, {"id": "490dde24b259add1335244cd1b4d00a0", "number": "", "date": "2021-01-26 12:00:00", "subject": "2", "recorded-or-robo": "Y", "city": "rockford", "state": "IL", "area-code": "815"}, {"id": "490dde24b259add1335244cd1b4cfa14", "number": "8187229573", "date": "2021-01-26 09:00:00", "subject": "2", "recorded-or-robo": "Y", "city": "LOS ANGELES", "state": "CA", "area-code": "818"}, {"id": "490dde24b259add1335244cd1b4c42c3", "number": "2174509684", "date": "2021-01-26 00:00:00", "subject": "3", "recorded-or-robo": "", "city": "", "state": "IL", "area-code": "773"}, {"id": "490dde24b259add1335244cd1b4ceafb", "number": "7207233696", "date": "2021-01-19 14:30:00", "subject": "4", "recorded-or-robo": "Y", "city": "Montrose", "state": "CO", "area-code": "970"}, {"id": "490dde24b259add1335244cd1b4cddfa", "number": "", "date": "2021-01-26 11:00:00", "subject": "4", "recorded-or-robo": "Y", "city": "Cape Carteret", "state": "NC", "area-code": "336"}, {"id": "490dde24b259add1335244cd1b4cd266", "number": "5754186238", "date": "2021-01-26 12:04:00", "subject": "0", "recorded-or-robo": "Y", "city": "Bel Air", "state": "MD", "area-code": "410"}, {"id": "490dde24b259add1335244cd1b4cc2ac", "number": "2534763889", "date": "2021-01-25 15:47:00", "subject": "1", "recorded-or-robo": "Y", "city": "TACOMA", "state": "WA", "area-code": "253"}, {"id": "490dde24b259add1335244cd1b4cc1a9", "number": "4798761455", "date": "2021-01-26 10:51:00", "subject": "0", "recorded-or-robo": "Y", "city": "Bella Vista", "state": "AR", "area-code": "479"}, {"id": "490dde24b259add1335244cd1b4cbb22", "number": "7157555511", "date": "2021-01-26 09:33:00", "subject": "2", "recorded-or-robo": "", "city": "", "state": "WI", "area-code": "715"}, {"id": "490dde24b259add1335244cd1b4cb32a", "number": "", "date": "2021-01-26 09:00:00", "subject": "2", "recorded-or-robo": "Y", "city": "Wilsonville", "state": "OR", "area-code": "503"}, {"id": "490dde24b259add1335244cd1b4cb0be", "number": "", "date": "2021-01-25 17:27:00", "subject": "0", "recorded-or-robo": "Y", "city": "Loveland", "state": "CO", "area-code": "970"}, {"id": "490dde24b259add1335244cd1b4ca421", "number": "4582171021", "date": "2021-01-26 12:05:00", "subject": "4", "recorded-or-robo": "Y", "city": "", "state": "NY", "area-code": "646"}, {"id": "490dde24b259add1335244cd1b4ca389", "number": "2183433127", "date": "2021-01-12 15:18:00", "subject": "2", "recorded-or-robo": "N", "city": "Hayward", "state": "WI", "area-code": "218"}, {"id": "490dde24b259add1335244cd1b4c98f9", "number": "5169081316", "date": "2021-01-26 10:12:00", "subject": "13", "recorded-or-robo": "Y", "city": "Olathe", "state": "KS", "area-code": "913"}, {"id": "490dde24b259add1335244cd1b4c9859", "number": "6019456160", "date": "2021-01-26 12:03:00", "subject": "1", "recorded-or-robo": "Y", "city": "CENTRAL ISLIP", "state": "NY", "area-code": "631"}]}