{"data": [{"id": "3decc6bfadaa436a105714c6ba7d7dd5", "number": "2106875270", "date": "2021-01-23 18:30:20", "subject": "3", "recorded-or-robo": "N", "city": "", "state": "TX", "area-code": "512"}, {"id": "3decc6bfadaa436a105714c6ba4a5cc7", "number": "8608488144", "date": "2021-01-23 14:00:00", "subject": "0", "recorded-or-robo": "N", "city": "", "state": "CT", "area-code": "860"}, {"id": "1d36742e3f24f50e4e7ae82801e08486", "number": "8608488144", "date": "2021-01-23 14:00:00", "subject": "0", "recorded-or-robo": "N", "city": "", "state": "CT", "area-code": "860"}, {"id": "03e293b3df9e35eadf15c561191421a3", "number": "2106875270", "date": "2021-01-23 18:30:20", "subject": "3", "recorded-or-robo": "N", "city": "", "state": "TX", "area-code": "512"}, {"id": "3decc6bfadaa436a105714c6ba7d28d5", "number": "5125729518", "date": "2021-01-23 18:30:09", "subject": "3", "recorded-or-robo": "N", "city": "", "state": "TX", "area-code": "512"}, {"id": "03e293b3df9e35eadf15c5611913b778", "number": "5125729518", "date": "2021-01-23 18:30:09", "subject": "3", "recorded-or-robo": "N", "city": "", "state": "TX", "area-code": "512"}, {"id": "3decc6bfadaa436a105714c6ba4a5154", "number": "2013351933", "date": "2021-01-23 14:00:00", "subject": "0", "recorded-or-robo": "Y", "city": "New Bremen", "state": "OH", "area-code": "567"}, {"id": "1d36742e3f24f50e4e7ae82801e08266", "number": "2013351933", "date": "2021-01-23 14:00:00", "subject": "0", "recorded-or-robo": "Y", "city": "New Bremen", "state": "OH", "area-code": "567"}, {"id": "3decc6bfadaa436a105714c6ba4a1a91", "number": "9373345258", "date": "2021-01-23 15:47:00", "subject": "3", "recorded-or-robo": "N", "city": "", "state": "OH", "area-code": "937"}, {"id": "1d36742e3f24f50e4e7ae82801e056bb", "number": "9373345258", "date": "2021-01-23 15:47:00", "subject": "3", "recorded-or-robo": "N", "city": "", "state": "OH", "area-code": "937"}, {"id": "3decc6bfadaa436a105714c6ba4a4bf8", "number": "715468648", "date": "2021-01-23 10:28:00", "subject": "4", "recorded-or-robo": "Y", "city": "Marshfield", "state": "WI", "area-code": "715"}, {"id": "1d36742e3f24f50e4e7ae82801e077c6", "number": "715468648", "date": "2021-01-23 10:28:00", "subject": "4", "recorded-or-robo": "Y", "city": "Marshfield", "state": "WI", "area-code": "715"}, {"id": "3decc6bfadaa436a105714c6ba4a3c02", "number": "5673338109", "date": "2021-01-23 15:26:00", "subject": "2", "recorded-or-robo": "Y", "city": "findlay", "state": "OH", "area-code": "419"}, {"id": "1d36742e3f24f50e4e7ae82801e075b1", "number": "5673338109", "date": "2021-01-23 15:26:00", "subject": "2", "recorded-or-robo": "Y", "city": "findlay", "state": "OH", "area-code": "419"}, {"id": "3decc6bfadaa436a105714c6ba4a2c96", "number": "2161161982", "date": "2020-11-24 14:41:00", "subject": "1", "recorded-or-robo": "Y", "city": "Lakewood", "state": "OH", "area-code": "216"}, {"id": "1d36742e3f24f50e4e7ae82801e070ed", "number": "2161161982", "date": "2020-11-24 14:41:00", "subject": "1", "recorded-or-robo": "Y", "city": "Lakewood", "state": "OH", "area-code": "216"}, {"id": "3decc6bfadaa436a105714c6ba4a2464", "number": "3152328257", "date": "2021-01-23 12:00:00", "subject": "1", "recorded-or-robo": "Y", "city": "Mo", "state": "MO", "area-code": "314"}, {"id": "3decc6bfadaa436a105714c6ba4a1960", "number": "2525923033", "date": "2021-01-16 10:13:00", "subject": "0", "recorded-or-robo": "Y", "city": "", "state": "NY", "area-code": "347"}, {"id": "1d36742e3f24f50e4e7ae82801e06632", "number": "3152328257", "date": "2021-01-23 12:00:00", "subject": "1", "recorded-or-robo": "Y", "city": "Mo", "state": "MO", "area-code": "314"}, {"id": "1d36742e3f24f50e4e7ae82801e04c9b", "number": "2525923033", "date": "2021-01-16 10:13:00", "subject": "0", "recorded-or-robo": "Y", "city": "", "state": "NY", "area-code": "347"}, {"id": "3decc6bfadaa436a105714c6ba4a09f8", "number": "3152328257", "date": "2021-01-23 12:30:00", "subject": "1", "recorded-or-robo": "Y", "city": "Binghamton", "state": "NY", "area-code": "607"}, {"id": "1d36742e3f24f50e4e7ae82801e049bf", "number": "3152328257", "date": "2021-01-23 12:30:00", "subject": "1", "recorded-or-robo": "Y", "city": "Binghamton", "state": "NY", "area-code": "607"}, {"id": "3decc6bfadaa436a105714c6ba4a09d3", "number": "3152328257", "date": "2021-01-23 17:20:00", "subject": "1", "recorded-or-robo": "Y", "city": "Saint Louis", "state": "MO", "area-code": "314"}, {"id": "1d36742e3f24f50e4e7ae82801e03a0e", "number": "3152328257", "date": "2021-01-23 17:20:00", "subject": "1", "recorded-or-robo": "Y", "city": "Saint Louis", "state": "MO", "area-code": "314"}, {"id": "3decc6bfadaa436a105714c6ba4a0474", "number": "69084358", "date": "2021-01-23 03:47:00", "subject": "2", "recorded-or-robo": "N", "city": "17976", "state": "PA", "area-code": "570"}, {"id": "1d36742e3f24f50e4e7ae82801e02a4b", "number": "69084358", "date": "2021-01-23 03:47:00", "subject": "2", "recorded-or-robo": "N", "city": "17976", "state": "PA", "area-code": "570"}, {"id": "3decc6bfadaa436a105714c6ba49f859", "number": "5099283884", "date": "2021-01-23 15:25:00", "subject": "2", "recorded-or-robo": "N", "city": "Greenacres", "state": "WA", "area-code": "509"}, {"id": "1d36742e3f24f50e4e7ae82801e027d2", "number": "5099283884", "date": "2021-01-23 15:25:00", "subject": "2", "recorded-or-robo": "N", "city": "Greenacres", "state": "WA", "area-code": "509"}, {"id": "3decc6bfadaa436a105714c6ba7d0c94", "number": "+19105930332", "date": "2021-01-23 18:27:39", "subject": "3", "recorded-or-robo": "Y", "city": "", "state": "SC", "area-code": "843"}, {"id": "03e293b3df9e35eadf15c5611913a22b", "number": "+19105930332", "date": "2021-01-23 18:27:39", "subject": "3", "recorded-or-robo": "Y", "city": "", "state": "SC", "area-code": "843"}, {"id": "3decc6bfadaa436a105714c6ba49f398", "number": "5098886846", "date": "2021-01-23 14:54:00", "subject": "1", "recorded-or-robo": "Y", "city": "", "state": "WA", "area-code": "509"}, {"id": "1d36742e3f24f50e4e7ae82801e01d77", "number": "5098886846", "date": "2021-01-23 14:54:00", "subject": "1", "recorded-or-robo": "Y", "city": "", "state": "WA", "area-code": "509"}, {"id": "3decc6bfadaa436a105714c6ba7d0628", "number": "5404668184", "date": "2021-01-23 18:27:35", "subject": "3", "recorded-or-robo": "Y", "city": "", "state": "CA", "area-code": "626"}, {"id": "03e293b3df9e35eadf15c561191399c0", "number": "5404668184", "date": "2021-01-23 18:27:35", "subject": "3", "recorded-or-robo": "Y", "city": "", "state": "CA", "area-code": "626"}, {"id": "3decc6bfadaa436a105714c6ba49e8bb", "number": "9519054234", "date": "2021-01-22 08:31:00", "subject": "2", "recorded-or-robo": "Y", "city": "Huntington Beach", "state": "CA", "area-code": "714"}, {"id": "1d36742e3f24f50e4e7ae82801e017db", "number": "9519054234", "date": "2021-01-22 08:31:00", "subject": "2", "recorded-or-robo": "Y", "city": "Huntington Beach", "state": "CA", "area-code": "714"}, {"id": "3decc6bfadaa436a105714c6ba49e10f", "number": "3144136274", "date": "2021-01-22 12:28:00", "subject": "2", "recorded-or-robo": "Y", "city": "Brentwood", "state": "MO", "area-code": "314"}, {"id": "1d36742e3f24f50e4e7ae82801e00e57", "number": "3144136274", "date": "2021-01-22 12:28:00", "subject": "2", "recorded-or-robo": "Y", "city": "Brentwood", "state": "MO", "area-code": "314"}, {"id": "3decc6bfadaa436a105714c6ba49e038", "number": "7472454494", "date": "2021-01-22 14:18:00", "subject": "4", "recorded-or-robo": "Y", "city": "Westminster", "state": "CA", "area-code": "714"}, {"id": "1d36742e3f24f50e4e7ae82801e00245", "number": "7472454494", "date": "2021-01-22 14:18:00", "subject": "4", "recorded-or-robo": "Y", "city": "Westminster", "state": "CA", "area-code": "714"}, {"id": "3decc6bfadaa436a105714c6ba49de8e", "number": "8002672992", "date": "2021-01-23 18:14:00", "subject": "1", "recorded-or-robo": "Y", "city": "Berlin", "state": "NJ", "area-code": "856"}, {"id": "1d36742e3f24f50e4e7ae82801dffe56", "number": "8002672992", "date": "2021-01-23 18:14:00", "subject": "1", "recorded-or-robo": "Y", "city": "Berlin", "state": "NJ", "area-code": "856"}, {"id": "3decc6bfadaa436a105714c6ba7cfd64", "number": "2489194231", "date": "2021-01-23 18:26:47", "subject": "3", "recorded-or-robo": "Y", "city": "", "state": "MI", "area-code": "248"}, {"id": "03e293b3df9e35eadf15c561191397ed", "number": "2489194231", "date": "2021-01-23 18:26:47", "subject": "3", "recorded-or-robo": "Y", "city": "", "state": "MI", "area-code": "248"}, {"id": "3decc6bfadaa436a105714c6ba7cef13", "number": "8203332066", "date": "2021-01-23 18:26:40", "subject": "3", "recorded-or-robo": "N", "city": "", "state": "CA", "area-code": "818"}, {"id": "03e293b3df9e35eadf15c561191385cc", "number": "8203332066", "date": "2021-01-23 18:26:40", "subject": "3", "recorded-or-robo": "N", "city": "", "state": "CA", "area-code": "818"}, {"id": "3decc6bfadaa436a105714c6ba49d40c", "number": "3138217395", "date": "2021-01-23 13:55:00", "subject": "7", "recorded-or-robo": "Y", "city": "Dearborn", "state": "MI", "area-code": "313"}, {"id": "1d36742e3f24f50e4e7ae82801dff1f1", "number": "3138217395", "date": "2021-01-23 13:55:00", "subject": "7", "recorded-or-robo": "Y", "city": "Dearborn", "state": "MI", "area-code": "313"}, {"id": "3decc6bfadaa436a105714c6ba7cf6ba", "number": "4422005180", "date": "2021-01-23 18:26:22", "subject": "3", "recorded-or-robo": "N", "city": "", "state": "CA", "area-code": "818"}, {"id": "03e293b3df9e35eadf15c5611913883d", "number": "4422005180", "date": "2021-01-23 18:26:22", "subject": "3", "recorded-or-robo": "N", "city": "", "state": "CA", "area-code": "818"}]}