{"data": [{"id": "490dde24b259add1335244cd1b45f4ea", "number": "8152488539", "date": "2021-01-26 11:58:00", "subject": "5", "recorded-or-robo": "Y", "city": "Key Biscayne", "state": "FL", "area-code": "305"}, {"id": "490dde24b259add1335244cd1b45ec1f", "number": "8143770054", "date": "2021-01-26 11:58:00", "subject": "4", "recorded-or-robo": "Y", "city": "Dallas", "state": "GA", "area-code": "845"}, {"id": "490dde24b259add1335244cd1b45e1cd", "number": "2232452374", "date": "2021-01-21 13:48:00", "subject": "4", "recorded-or-robo": "Y", "city": "", "state": "PA", "area-code": "215"}, {"id": "490dde24b259add1335244cd1b45dd9e", "number": "4197574382", "date": "2021-01-26 11:33:00", "subject": "2", "recorded-or-robo": "Y", "city": "findlay", "state": "OH", "area-code": "419"}, {"id": "490dde24b259add1335244cd1b45dc41", "number": "8323854334", "date": "2021-01-26 10:56:00", "subject": "0", "recorded-or-robo": "Y", "city": "", "state": "TX", "area-code": "832"}, {"id": "490dde24b259add1335244cd1b45cdff", "number": "2033532284", "date": "2021-01-26 11:55:00", "subject": "7", "recorded-or-robo": "Y", "city": "Woodbridge", "state": "CT", "area-code": "203"}, {"id": "490dde24b259add1335244cd1b45c32a", "number": "9108585943", "date": "2021-01-26 09:58:00", "subject": "4", "recorded-or-robo": "Y", "city": "San Tan Valley", "state": "AZ", "area-code": "910"}, {"id": "490dde24b259add1335244cd1b45bcb2", "number": "7704622311", "date": "2021-01-26 11:54:00", "subject": "3", "recorded-or-robo": "Y", "city": "", "state": "GA", "area-code": "770"}, {"id": "490dde24b259add1335244cd1b45b8fd", "number": "7144683495", "date": "2021-01-25 09:31:00", "subject": "2", "recorded-or-robo": "Y", "city": "Villa Park", "state": "CA", "area-code": "626"}, {"id": "490dde24b259add1335244cd1b45b5b7", "number": "6029260071", "date": "2021-01-15 13:25:00", "subject": "3", "recorded-or-robo": "Y", "city": "Las Vegas", "state": "NV", "area-code": "702"}, {"id": "490dde24b259add1335244cd1b45aa2c", "number": "5173094405", "date": "2021-01-22 00:00:00", "subject": "2", "recorded-or-robo": "Y", "city": "Williamston", "state": "MI", "area-code": "517"}, {"id": "490dde24b259add1335244cd1b45a850", "number": "9379161627", "date": "2021-01-26 11:58:00", "subject": "0", "recorded-or-robo": "Y", "city": "", "state": "OH", "area-code": "937"}, {"id": "490dde24b259add1335244cd1b4599fc", "number": "7407818695", "date": "2020-12-11 17:00:00", "subject": "2", "recorded-or-robo": "", "city": "Portsmouth", "state": "OH", "area-code": "740"}, {"id": "490dde24b259add1335244cd1b45924e", "number": "3605672277", "date": "2021-01-26 08:55:00", "subject": "5", "recorded-or-robo": "N", "city": "Camas", "state": "WA", "area-code": "360"}, {"id": "490dde24b259add1335244cd1b459150", "number": "6177612118", "date": "2021-01-26 11:57:00", "subject": "4", "recorded-or-robo": "Y", "city": "Fall River", "state": "MA", "area-code": "508"}, {"id": "490dde24b259add1335244cd1b450025", "number": "3258683911", "date": "2021-01-26 10:42:00", "subject": "3", "recorded-or-robo": "N", "city": "", "state": "TX", "area-code": "325"}, {"id": "490dde24b259add1335244cd1b458d1c", "number": "2149833830", "date": "2021-01-26 10:56:00", "subject": "4", "recorded-or-robo": "Y", "city": "Little Elm", "state": "TX", "area-code": "214"}, {"id": "490dde24b259add1335244cd1b457f04", "number": "9198930127", "date": "2021-01-26 12:00:00", "subject": "4", "recorded-or-robo": "Y", "city": "", "state": "NC", "area-code": "919"}, {"id": "490dde24b259add1335244cd1b457ba0", "number": "2533424437", "date": "2021-01-08 08:27:00", "subject": "0", "recorded-or-robo": "Y", "city": "Tacoma", "state": "WA", "area-code": "253"}, {"id": "490dde24b259add1335244cd1b45735b", "number": "4848934885", "date": "2021-01-25 16:19:00", "subject": "2", "recorded-or-robo": "Y", "city": "", "state": "PA", "area-code": "610"}, {"id": "490dde24b259add1335244cd1b44f778", "number": "7162955079", "date": "2020-01-26 11:52:00", "subject": "3", "recorded-or-robo": "N", "city": "", "state": "NY", "area-code": "631"}, {"id": "490dde24b259add1335244cd1b457340", "number": "8647066123", "date": "2021-01-26 09:44:00", "subject": "2", "recorded-or-robo": "Y", "city": "Greenville", "state": "SC", "area-code": "864"}, {"id": "490dde24b259add1335244cd1b456a38", "number": "5172200198", "date": "2021-01-22 00:00:00", "subject": "2", "recorded-or-robo": "Y", "city": "Williamston", "state": "MI", "area-code": "517"}, {"id": "490dde24b259add1335244cd1b45656a", "number": "3368373135", "date": "2021-01-26 11:57:00", "subject": "5", "recorded-or-robo": "Y", "city": "Raleigh", "state": "NC", "area-code": "919"}, {"id": "490dde24b259add1335244cd1b455d05", "number": "7528000027", "date": "2021-01-26 11:58:00", "subject": "0", "recorded-or-robo": "Y", "city": "Mobile", "state": "AL", "area-code": "251"}, {"id": "490dde24b259add1335244cd1b45505d", "number": "4804337006", "date": "2021-01-26 09:48:00", "subject": "2", "recorded-or-robo": "", "city": "Scottsdale", "state": "AZ", "area-code": "480"}, {"id": "490dde24b259add1335244cd1b4543c5", "number": "5853763317", "date": "2021-01-14 11:18:00", "subject": "2", "recorded-or-robo": "N", "city": "Hayward", "state": "MN", "area-code": "218"}, {"id": "490dde24b259add1335244cd1b4541f3", "number": "5188897319", "date": "2021-01-26 11:58:00", "subject": "4", "recorded-or-robo": "Y", "city": "holbrook", "state": "NY", "area-code": "631"}, {"id": "490dde24b259add1335244cd1b453a39", "number": "8623473599", "date": "2021-01-26 09:52:00", "subject": "4", "recorded-or-robo": "N", "city": "Union Beach", "state": "NJ", "area-code": "732"}, {"id": "490dde24b259add1335244cd1b452fd1", "number": "5263918606", "date": "2021-01-15 16:06:00", "subject": "3", "recorded-or-robo": "Y", "city": "Las Vegas", "state": "NV", "area-code": "702"}, {"id": "490dde24b259add1335244cd1b452bf2", "number": "4076573795", "date": "2021-01-26 10:36:00", "subject": "4", "recorded-or-robo": "Y", "city": "Naples", "state": "FL", "area-code": "239"}, {"id": "490dde24b259add1335244cd1b4523f8", "number": "7207761081", "date": "2021-01-26 10:37:00", "subject": "2", "recorded-or-robo": "Y", "city": "San Antonio", "state": "TX", "area-code": "210"}, {"id": "490dde24b259add1335244cd1b4517ae", "number": "7406305877", "date": "2020-12-11 19:41:00", "subject": "2", "recorded-or-robo": "", "city": "Portsmouth", "state": "OH", "area-code": "740"}, {"id": "490dde24b259add1335244cd1b450cd0", "number": "6082730283", "date": "2021-01-26 10:04:00", "subject": "1", "recorded-or-robo": "Y", "city": "POYNETTE", "state": "WI", "area-code": "608"}, {"id": "490dde24b259add1335244cd1b45092d", "number": "", "date": "2021-01-26 10:40:00", "subject": "1", "recorded-or-robo": "Y", "city": "Neenah", "state": "WI", "area-code": "920"}, {"id": "490dde24b259add1335244cd1b44eb19", "number": "2149834342", "date": "2021-01-26 10:56:00", "subject": "4", "recorded-or-robo": "Y", "city": "Dallas", "state": "TX", "area-code": "214"}, {"id": "490dde24b259add1335244cd1b44e366", "number": "9147659346", "date": "2021-01-26 11:56:00", "subject": "2", "recorded-or-robo": "N", "city": "Oneonta", "state": "NY", "area-code": "607"}, {"id": "490dde24b259add1335244cd1b44e270", "number": "2813153843", "date": "2021-01-26 10:55:00", "subject": "2", "recorded-or-robo": "N", "city": "CYPRESS", "state": "TX", "area-code": "225"}, {"id": "490dde24b259add1335244cd1b44decf", "number": "5174442934", "date": "2021-01-22 00:00:00", "subject": "2", "recorded-or-robo": "Y", "city": "Williamston", "state": "MI", "area-code": "517"}, {"id": "490dde24b259add1335244cd1b43e5da", "number": "8776849939", "date": "2021-01-24 00:00:00", "subject": "3", "recorded-or-robo": "N", "city": "", "state": "MA", "area-code": "781"}, {"id": "490dde24b259add1335244cd1b44de5f", "number": "8332297994", "date": "2021-01-26 00:00:00", "subject": "0", "recorded-or-robo": "N", "city": "Ridgewood", "state": "NJ", "area-code": "201"}, {"id": "490dde24b259add1335244cd1b44d42c", "number": "6198803250", "date": "2021-01-26 07:58:00", "subject": "1", "recorded-or-robo": "Y", "city": "", "state": "WA", "area-code": "206"}, {"id": "490dde24b259add1335244cd1b44c55f", "number": "5013228082", "date": "2021-01-25 17:00:00", "subject": "3", "recorded-or-robo": "", "city": "", "state": "AR", "area-code": "479"}, {"id": "490dde24b259add1335244cd1b44bc02", "number": "3047744099", "date": "2021-01-26 10:52:00", "subject": "8", "recorded-or-robo": "N", "city": "Gary", "state": "IN", "area-code": "219"}, {"id": "490dde24b259add1335244cd1b44b5bf", "number": "", "date": "2021-01-26 10:23:00", "subject": "1", "recorded-or-robo": "Y", "city": "Aurora", "state": "IL", "area-code": "630"}, {"id": "490dde24b259add1335244cd1b44b3da", "number": "9548932860", "date": "2021-01-26 11:43:00", "subject": "4", "recorded-or-robo": "Y", "city": "TALLAHASSEE", "state": "FL", "area-code": "850"}, {"id": "490dde24b259add1335244cd1b44a52b", "number": "4094970041", "date": "2021-01-26 10:54:00", "subject": "2", "recorded-or-robo": "N", "city": "elk river", "state": "MN", "area-code": "612"}, {"id": "490dde24b259add1335244cd1b449cf1", "number": "2035162156", "date": "2021-01-26 10:52:00", "subject": "8", "recorded-or-robo": "N", "city": "", "state": "IN", "area-code": "219"}, {"id": "490dde24b259add1335244cd1b44998d", "number": "9726193169", "date": "2021-01-26 11:49:00", "subject": "5", "recorded-or-robo": "Y", "city": "Richmond Hill", "state": "GA", "area-code": "254"}, {"id": "490dde24b259add1335244cd1b4493ae", "number": "9186108235", "date": "2021-01-26 11:54:00", "subject": "3", "recorded-or-robo": "Y", "city": "", "state": "OK", "area-code": "918"}]}