{"data": [{"id": "490dde24b259add1335244cd1b67f277", "number": "8646408997", "date": "2021-01-25 14:08:00", "subject": "8", "recorded-or-robo": "Y", "city": "Ferndale", "state": "WA", "area-code": "360"}, {"id": "490dde24b259add1335244cd1b67eb61", "number": "2565839459", "date": "2021-01-26 11:36:00", "subject": "2", "recorded-or-robo": "N", "city": "Huntsville", "state": "AL", "area-code": "256"}, {"id": "490dde24b259add1335244cd1b67de52", "number": "", "date": "2021-01-26 12:29:00", "subject": "11", "recorded-or-robo": "Y", "city": "Altoona", "state": "PA", "area-code": "814"}, {"id": "490dde24b259add1335244cd1b67de49", "number": "3169993318", "date": "2021-01-26 09:28:00", "subject": "4", "recorded-or-robo": "Y", "city": "Elko", "state": "NV", "area-code": "806"}, {"id": "490dde24b259add1335244cd1b67d41d", "number": "8765858630", "date": "2021-01-25 17:00:00", "subject": "13", "recorded-or-robo": "N", "city": "Indianapolis", "state": "IN", "area-code": "317"}, {"id": "490dde24b259add1335244cd1b67cc11", "number": "5024808317", "date": "2021-01-26 00:00:00", "subject": "0", "recorded-or-robo": "Y", "city": "Millburn", "state": "NJ", "area-code": "973"}, {"id": "490dde24b259add1335244cd1b67c411", "number": "4063741810", "date": "2021-01-25 10:34:00", "subject": "5", "recorded-or-robo": "Y", "city": "Missoula", "state": "MT", "area-code": "406"}, {"id": "490dde24b259add1335244cd1b67b7be", "number": "3155330966", "date": "2021-01-26 12:38:00", "subject": "4", "recorded-or-robo": "Y", "city": "Syracuse", "state": "NY", "area-code": "315"}, {"id": "490dde24b259add1335244cd1b67b02b", "number": "3105048450", "date": "2021-01-25 13:02:00", "subject": "4", "recorded-or-robo": "Y", "city": "Roseville", "state": "CA", "area-code": "310"}, {"id": "490dde24b259add1335244cd1b67a933", "number": "8435025020", "date": "2021-01-26 00:00:00", "subject": "3", "recorded-or-robo": "", "city": "", "state": "SC", "area-code": "843"}, {"id": "490dde24b259add1335244cd1b679b62", "number": "23219553019", "date": "2021-01-21 12:20:00", "subject": "2", "recorded-or-robo": "Y", "city": "Traverse City", "state": "MI", "area-code": "231"}, {"id": "490dde24b259add1335244cd1b678ced", "number": "7279400174", "date": "2021-01-06 09:07:00", "subject": "3", "recorded-or-robo": "", "city": "Lebanon", "state": "FL", "area-code": "727"}, {"id": "490dde24b259add1335244cd1b66ffd8", "number": "", "date": "2021-01-26 11:39:00", "subject": "3", "recorded-or-robo": "N", "city": "", "state": "WI", "area-code": "715"}, {"id": "490dde24b259add1335244cd1b678894", "number": "3034200717", "date": "2021-01-26 10:15:00", "subject": "4", "recorded-or-robo": "Y", "city": "Denver", "state": "CO", "area-code": "303"}, {"id": "490dde24b259add1335244cd1b678831", "number": "3309758394", "date": "2021-01-26 09:35:00", "subject": "2", "recorded-or-robo": "N", "city": "", "state": "CA", "area-code": "559"}, {"id": "490dde24b259add1335244cd1b66f683", "number": "2524296677", "date": "2021-01-26 12:36:00", "subject": "3", "recorded-or-robo": "N", "city": "", "state": "NC", "area-code": "252"}, {"id": "490dde24b259add1335244cd1b677d8a", "number": "6105907489", "date": "2021-01-25 18:26:00", "subject": "1", "recorded-or-robo": "Y", "city": "Pottstown", "state": "PA", "area-code": "610"}, {"id": "490dde24b259add1335244cd1b677863", "number": "2488021269", "date": "2021-01-26 11:30:00", "subject": "0", "recorded-or-robo": "Y", "city": "PHILA", "state": "PA", "area-code": "215"}, {"id": "490dde24b259add1335244cd1b676ce9", "number": "5803243905", "date": "2021-01-26 09:41:00", "subject": "2", "recorded-or-robo": "Y", "city": "riverside", "state": "CA", "area-code": "404"}, {"id": "490dde24b259add1335244cd1b676229", "number": "3143909613", "date": "2021-01-26 08:51:00", "subject": "1", "recorded-or-robo": "N", "city": "Mesa", "state": "AZ", "area-code": "480"}, {"id": "490dde24b259add1335244cd1b675954", "number": "3213538319", "date": "2021-01-21 18:54:00", "subject": "2", "recorded-or-robo": "Y", "city": "LAND O LAKES", "state": "FL", "area-code": "813"}, {"id": "490dde24b259add1335244cd1b674dc8", "number": "8778057744", "date": "2021-01-26 10:49:00", "subject": "5", "recorded-or-robo": "Y", "city": "Franklin", "state": "MA", "area-code": "508"}, {"id": "490dde24b259add1335244cd1b674cd3", "number": "9014723703", "date": "2020-12-17 10:42:00", "subject": "2", "recorded-or-robo": "Y", "city": "Memphis", "state": "TN", "area-code": "901"}, {"id": "490dde24b259add1335244cd1b674484", "number": "2678175392", "date": "2021-01-26 12:40:00", "subject": "1", "recorded-or-robo": "Y", "city": "roselle park", "state": "NJ", "area-code": "908"}, {"id": "490dde24b259add1335244cd1b673d7d", "number": "5853085584", "date": "2021-01-26 12:23:00", "subject": "4", "recorded-or-robo": "Y", "city": "", "state": "NJ", "area-code": "551"}, {"id": "490dde24b259add1335244cd1b673497", "number": "5632920845", "date": "2021-01-26 11:40:00", "subject": "4", "recorded-or-robo": "Y", "city": "", "state": "IL", "area-code": "773"}, {"id": "490dde24b259add1335244cd1b6724ae", "number": "9704455723", "date": "2021-01-21 11:21:00", "subject": "4", "recorded-or-robo": "Y", "city": "Montrose", "state": "CO", "area-code": "970"}, {"id": "490dde24b259add1335244cd1b671fd3", "number": "9725463655", "date": "2021-01-25 15:43:00", "subject": "3", "recorded-or-robo": "", "city": "RICHARDSON", "state": "TX", "area-code": "469"}, {"id": "490dde24b259add1335244cd1b671a08", "number": "2313542685", "date": "2021-01-21 13:38:00", "subject": "2", "recorded-or-robo": "Y", "city": "Traverse City", "state": "MI", "area-code": "231"}, {"id": "490dde24b259add1335244cd1b67101e", "number": "5413654309", "date": "2021-01-26 09:35:00", "subject": "9", "recorded-or-robo": "Y", "city": "North plains", "state": "OR", "area-code": "503"}, {"id": "490dde24b259add1335244cd1b6708bc", "number": "6106004739", "date": "2021-01-26 07:04:00", "subject": "2", "recorded-or-robo": "", "city": "Mililani", "state": "HI", "area-code": "808"}, {"id": "490dde24b259add1335244cd1b66e84a", "number": "8155626883", "date": "2021-01-26 11:39:00", "subject": "6", "recorded-or-robo": "N", "city": "Rochelle", "state": "IL", "area-code": "815"}, {"id": "490dde24b259add1335244cd1b66d9ed", "number": "4026089606", "date": "2021-01-25 12:04:00", "subject": "2", "recorded-or-robo": "Y", "city": "Manistee", "state": "MI", "area-code": "231"}, {"id": "490dde24b259add1335244cd1b66cce4", "number": "3307858144", "date": "2021-01-26 12:30:00", "subject": "11", "recorded-or-robo": "Y", "city": "AKRON", "state": "OH", "area-code": "330"}, {"id": "490dde24b259add1335244cd1b66c904", "number": "3607320862", "date": "2021-01-26 08:03:00", "subject": "2", "recorded-or-robo": "Y", "city": "Ferndale", "state": "WA", "area-code": "360"}, {"id": "490dde24b259add1335244cd1b66c677", "number": "5859730162", "date": "2021-01-26 12:40:00", "subject": "4", "recorded-or-robo": "Y", "city": "", "state": "NY", "area-code": "585"}, {"id": "490dde24b259add1335244cd1b66bd7d", "number": "9108892111", "date": "2021-01-26 12:31:00", "subject": "4", "recorded-or-robo": "Y", "city": "BROOKLYN", "state": "NY", "area-code": "646"}, {"id": "490dde24b259add1335244cd1b66bae9", "number": "8638994941", "date": "2021-01-26 12:36:00", "subject": "9", "recorded-or-robo": "Y", "city": "", "state": "FL", "area-code": "813"}, {"id": "490dde24b259add1335244cd1b66b8da", "number": "7173552222", "date": "2021-01-26 12:34:00", "subject": "1", "recorded-or-robo": "Y", "city": "", "state": "PA", "area-code": "717"}, {"id": "490dde24b259add1335244cd1b66a994", "number": "6504216504", "date": "2021-01-26 09:30:00", "subject": "1", "recorded-or-robo": "Y", "city": "Monterey", "state": "CA", "area-code": "650"}, {"id": "490dde24b259add1335244cd1b66a547", "number": "8188046800", "date": "2021-01-26 09:00:00", "subject": "1", "recorded-or-robo": "Y", "city": "", "state": "CA", "area-code": "805"}, {"id": "490dde24b259add1335244cd1b6697ac", "number": "2018799867", "date": "2021-01-26 10:28:00", "subject": "4", "recorded-or-robo": "Y", "city": "Harrington Park", "state": "NJ", "area-code": "201"}, {"id": "490dde24b259add1335244cd1b668ee0", "number": "9738573669", "date": "2021-01-26 12:38:00", "subject": "2", "recorded-or-robo": "Y", "city": "Little Egg Harbor Tw", "state": "NJ", "area-code": "973"}, {"id": "490dde24b259add1335244cd1b668291", "number": "6093586531", "date": "2021-01-26 12:34:00", "subject": "4", "recorded-or-robo": "Y", "city": "", "state": "NJ", "area-code": "609"}, {"id": "490dde24b259add1335244cd1b66803c", "number": "4696635255", "date": "2021-01-24 12:35:00", "subject": "3", "recorded-or-robo": "", "city": "RICHARDSON", "state": "TX", "area-code": "469"}, {"id": "490dde24b259add1335244cd1b6675ef", "number": "7279400174", "date": "2021-01-06 16:20:00", "subject": "3", "recorded-or-robo": "", "city": "Lebanon", "state": "FL", "area-code": "727"}, {"id": "490dde24b259add1335244cd1b66670e", "number": "3034276152", "date": "2021-01-26 10:40:00", "subject": "13", "recorded-or-robo": "Y", "city": "", "state": "CO", "area-code": "719"}, {"id": "490dde24b259add1335244cd1b665d90", "number": "7476093025", "date": "2021-01-26 09:37:00", "subject": "5", "recorded-or-robo": "Y", "city": "Santee", "state": "CA", "area-code": "619"}, {"id": "490dde24b259add1335244cd1b66569e", "number": "2312569493", "date": "2021-01-21 16:15:00", "subject": "2", "recorded-or-robo": "N", "city": "Traverse City", "state": "MI", "area-code": "231"}, {"id": "490dde24b259add1335244cd1b6649dd", "number": "8322398749", "date": "2021-01-26 11:35:00", "subject": "3", "recorded-or-robo": "N", "city": "", "state": "TX", "area-code": "832"}]}