{"data": [{"id": "490dde24b259add1335244cd1b495577", "number": "7866330492", "date": "2021-01-26 10:57:00", "subject": "2", "recorded-or-robo": "N", "city": "", "state": "AL", "area-code": "205"}, {"id": "490dde24b259add1335244cd1b494a30", "number": "7027101320", "date": "2021-01-13 09:32:00", "subject": "4", "recorded-or-robo": "Y", "city": "Las Vegas", "state": "NV", "area-code": "702"}, {"id": "490dde24b259add1335244cd1b493a75", "number": "5104623365", "date": "2021-01-26 11:08:00", "subject": "2", "recorded-or-robo": "Y", "city": "Palm Coast", "state": "FL", "area-code": "352"}, {"id": "490dde24b259add1335244cd1b493461", "number": "5025322279", "date": "2021-01-26 09:05:00", "subject": "2", "recorded-or-robo": "N", "city": "Peoria", "state": "AZ", "area-code": "623"}, {"id": "490dde24b259add1335244cd1b4933b0", "number": "7029123625", "date": "2021-01-26 09:54:00", "subject": "11", "recorded-or-robo": "Y", "city": "Pleasant Grove", "state": "UT", "area-code": "801"}, {"id": "490dde24b259add1335244cd1b4923c5", "number": "8449503919", "date": "2021-01-26 11:03:00", "subject": "2", "recorded-or-robo": "Y", "city": "", "state": "MD", "area-code": "240"}, {"id": "490dde24b259add1335244cd1b491491", "number": "9018665364", "date": "2021-01-26 08:54:00", "subject": "11", "recorded-or-robo": "Y", "city": "Bronx", "state": "NY", "area-code": "718"}, {"id": "490dde24b259add1335244cd1b490bad", "number": "2534764885", "date": "2021-01-25 09:20:00", "subject": "0", "recorded-or-robo": "Y", "city": "TACOMA", "state": "WA", "area-code": "253"}, {"id": "490dde24b259add1335244cd1b4905ca", "number": "6052256051", "date": "2021-01-26 11:04:00", "subject": "1", "recorded-or-robo": "Y", "city": "", "state": "IL", "area-code": "815"}, {"id": "490dde24b259add1335244cd1b490099", "number": "8765072156", "date": "2021-01-26 11:45:00", "subject": "13", "recorded-or-robo": "N", "city": "GRANBY", "state": "CT", "area-code": "860"}, {"id": "490dde24b259add1335244cd1b4831b5", "number": "6302997063", "date": "2021-01-26 12:03:00", "subject": "3", "recorded-or-robo": "N", "city": "", "state": "IL", "area-code": "630"}, {"id": "490dde24b259add1335244cd1b48fcbc", "number": "3148774617", "date": "2021-01-13 10:34:00", "subject": "2", "recorded-or-robo": "N", "city": "Hayward", "state": "MN", "area-code": "218"}, {"id": "490dde24b259add1335244cd1b48ed51", "number": "8335060704", "date": "2021-01-26 10:58:00", "subject": "3", "recorded-or-robo": "Y", "city": "", "state": "CA", "area-code": "408"}, {"id": "490dde24b259add1335244cd1b48e2eb", "number": "3365421903", "date": "2021-01-26 00:00:00", "subject": "2", "recorded-or-robo": "Y", "city": "Lewisville", "state": "NC", "area-code": "336"}, {"id": "490dde24b259add1335244cd1b48e086", "number": "2292071048", "date": "2021-01-25 12:35:00", "subject": "4", "recorded-or-robo": "N", "city": "", "state": "GA", "area-code": "404"}, {"id": "490dde24b259add1335244cd1b48d629", "number": "9133823822", "date": "2021-01-26 11:02:00", "subject": "4", "recorded-or-robo": "Y", "city": "Overland Park", "state": "KS", "area-code": "913"}, {"id": "490dde24b259add1335244cd1b48c846", "number": "8599275346", "date": "2021-01-26 11:04:00", "subject": "4", "recorded-or-robo": "Y", "city": "HOOVER", "state": "AL", "area-code": "205"}, {"id": "490dde24b259add1335244cd1b48bd0e", "number": "3147764955", "date": "2021-01-26 11:02:00", "subject": "1", "recorded-or-robo": "Y", "city": "Saint Louis", "state": "MO", "area-code": "314"}, {"id": "490dde24b259add1335244cd1b48af31", "number": "4693421995", "date": "2021-01-26 10:34:00", "subject": "2", "recorded-or-robo": "N", "city": "Mobile", "state": "AL", "area-code": "251"}, {"id": "490dde24b259add1335244cd1b48a547", "number": "2678280986", "date": "2021-01-20 13:20:00", "subject": "2", "recorded-or-robo": "Y", "city": "", "state": "PA", "area-code": "610"}, {"id": "490dde24b259add1335244cd1b4897ce", "number": "8282693486", "date": "2021-01-26 10:43:00", "subject": "0", "recorded-or-robo": "Y", "city": "", "state": "NC", "area-code": "828"}, {"id": "490dde24b259add1335244cd1b48890f", "number": "2162937137", "date": "2021-01-26 12:00:00", "subject": "11", "recorded-or-robo": "Y", "city": "North Olmsted", "state": "OH", "area-code": "440"}, {"id": "490dde24b259add1335244cd1b487d2f", "number": "9292448220", "date": "2021-01-26 11:02:00", "subject": "4", "recorded-or-robo": "Y", "city": "evanston", "state": "IL", "area-code": "708"}, {"id": "490dde24b259add1335244cd1b48747b", "number": "7744812371", "date": "2021-01-26 20:52:00", "subject": "4", "recorded-or-robo": "Y", "city": "Las Vegas", "state": "NV", "area-code": "702"}, {"id": "490dde24b259add1335244cd1b48709a", "number": "4402249069", "date": "2021-01-26 11:54:00", "subject": "0", "recorded-or-robo": "Y", "city": "Conneaut", "state": "OH", "area-code": "440"}, {"id": "490dde24b259add1335244cd1b486301", "number": "8777658498", "date": "2021-01-26 09:18:00", "subject": "0", "recorded-or-robo": "N", "city": "Alexandria", "state": "VA", "area-code": "703"}, {"id": "490dde24b259add1335244cd1b485d5f", "number": "8774048455", "date": "2021-01-26 12:04:00", "subject": "2", "recorded-or-robo": "N", "city": "", "state": "NY", "area-code": "516"}, {"id": "490dde24b259add1335244cd1b48516f", "number": "9786724694", "date": "2021-01-26 09:01:00", "subject": "5", "recorded-or-robo": "Y", "city": "PLACENTIA", "state": "CA", "area-code": "714"}, {"id": "490dde24b259add1335244cd1b484991", "number": "7027791397", "date": "2021-01-26 09:02:00", "subject": "5", "recorded-or-robo": "Y", "city": "", "state": "NV", "area-code": "702"}, {"id": "490dde24b259add1335244cd1b483f6a", "number": "8702307826", "date": "2021-01-26 11:01:00", "subject": "4", "recorded-or-robo": "Y", "city": "", "state": "AR", "area-code": "479"}, {"id": "490dde24b259add1335244cd1b482cda", "number": "3022918028", "date": "2021-01-26 12:02:00", "subject": "2", "recorded-or-robo": "Y", "city": "", "state": "DE", "area-code": "302"}, {"id": "490dde24b259add1335244cd1b481d2f", "number": "8163704306", "date": "2021-01-24 11:12:00", "subject": "3", "recorded-or-robo": "", "city": "", "state": "KS", "area-code": "913"}, {"id": "490dde24b259add1335244cd1b481983", "number": "2342688512", "date": "2021-01-26 10:58:00", "subject": "0", "recorded-or-robo": "Y", "city": "elida", "state": "OH", "area-code": "419"}, {"id": "490dde24b259add1335244cd1b480c1a", "number": "6192126941", "date": "2021-01-25 17:29:00", "subject": "2", "recorded-or-robo": "Y", "city": "", "state": "CA", "area-code": "619"}, {"id": "490dde24b259add1335244cd1b47ff9e", "number": "7185329065", "date": "2021-01-25 16:20:00", "subject": "4", "recorded-or-robo": "Y", "city": "Fayetteville", "state": "NY", "area-code": "315"}, {"id": "490dde24b259add1335244cd1b47f73e", "number": "9492040922", "date": "2021-01-26 12:00:00", "subject": "11", "recorded-or-robo": "N", "city": "Sanford", "state": "NC", "area-code": "919"}, {"id": "490dde24b259add1335244cd1b47eddf", "number": "7027101320", "date": "2021-01-13 13:05:00", "subject": "3", "recorded-or-robo": "Y", "city": "Las Vegas", "state": "NV", "area-code": "702"}, {"id": "490dde24b259add1335244cd1b47ec11", "number": "3151899848", "date": "2021-01-14 17:33:00", "subject": "1", "recorded-or-robo": "Y", "city": "Portsmouth", "state": "OH", "area-code": "740"}, {"id": "490dde24b259add1335244cd1b47e7f2", "number": "3034354875", "date": "2021-01-26 09:59:00", "subject": "4", "recorded-or-robo": "Y", "city": "", "state": "CO", "area-code": "303"}, {"id": "490dde24b259add1335244cd1b47dcf0", "number": "", "date": "2021-01-26 11:01:00", "subject": "1", "recorded-or-robo": "Y", "city": "", "state": "IA", "area-code": "515"}, {"id": "490dde24b259add1335244cd1b47d7dd", "number": "2189553602", "date": "2021-01-13 15:52:00", "subject": "2", "recorded-or-robo": "N", "city": "Hayward", "state": "MN", "area-code": "218"}, {"id": "490dde24b259add1335244cd1b47d563", "number": "5412644556", "date": "2021-01-25 10:39:00", "subject": "4", "recorded-or-robo": "N", "city": "", "state": "OR", "area-code": "503"}, {"id": "490dde24b259add1335244cd1b47d398", "number": "111506279271", "date": "2021-01-26 09:32:00", "subject": "1", "recorded-or-robo": "Y", "city": "San Tan Valley", "state": "AZ", "area-code": "910"}, {"id": "490dde24b259add1335244cd1b47cd1f", "number": "8008952188", "date": "2021-01-26 09:30:00", "subject": "0", "recorded-or-robo": "Y", "city": "", "state": "NC", "area-code": "336"}, {"id": "490dde24b259add1335244cd1b47c920", "number": "5069102116", "date": "2021-01-26 11:20:00", "subject": "1", "recorded-or-robo": "Y", "city": "Brookline", "state": "NH", "area-code": "603"}, {"id": "490dde24b259add1335244cd1b47c8ba", "number": "715804410112", "date": "2021-01-26 10:50:00", "subject": "5", "recorded-or-robo": "Y", "city": "Azle", "state": "TX", "area-code": "954"}, {"id": "490dde24b259add1335244cd1b47ba57", "number": "8597858798", "date": "2021-01-26 12:03:00", "subject": "2", "recorded-or-robo": "Y", "city": "Louisville", "state": "KY", "area-code": "502"}, {"id": "490dde24b259add1335244cd1b47acd4", "number": "5416389713", "date": "2021-01-26 08:52:00", "subject": "2", "recorded-or-robo": "Y", "city": "GLIDE", "state": "OR", "area-code": "541"}, {"id": "490dde24b259add1335244cd1b47a65e", "number": "8183307621", "date": "2021-01-26 09:01:00", "subject": "9", "recorded-or-robo": "Y", "city": "Oakland", "state": "CA", "area-code": "530"}, {"id": "490dde24b259add1335244cd1b479a31", "number": "7817255207", "date": "2021-01-26 11:02:00", "subject": "4", "recorded-or-robo": "Y", "city": "Panama City", "state": "FL", "area-code": "850"}]}