{"data": [{"id": "490dde24b259add1335244cd1b340db4", "number": "", "date": "2021-01-26 11:03:00", "subject": "3", "recorded-or-robo": "Y", "city": "", "state": "NY", "area-code": "631"}, {"id": "490dde24b259add1335244cd1b340bed", "number": "", "date": "2021-01-26 11:25:00", "subject": "2", "recorded-or-robo": "Y", "city": "PRINCETON", "state": "WV", "area-code": "304"}, {"id": "490dde24b259add1335244cd1b3400f9", "number": "5804534203", "date": "2021-01-26 09:51:00", "subject": "4", "recorded-or-robo": "Y", "city": "", "state": "OK", "area-code": "580"}, {"id": "490dde24b259add1335244cd1b33f10b", "number": "3365169705", "date": "2021-01-14 11:16:00", "subject": "12", "recorded-or-robo": "Y", "city": "High Point", "state": "NC", "area-code": "336"}, {"id": "490dde24b259add1335244cd1b33f0f4", "number": "2088344101", "date": "2021-01-26 09:24:00", "subject": "4", "recorded-or-robo": "Y", "city": "Meridian", "state": "ID", "area-code": "208"}, {"id": "490dde24b259add1335244cd1b33e7e5", "number": "2699447084", "date": "2021-01-26 10:33:00", "subject": "1", "recorded-or-robo": "Y", "city": "Middleton", "state": "MI", "area-code": "269"}, {"id": "490dde24b259add1335244cd1b33df9a", "number": "2089006702", "date": "2021-01-25 08:17:00", "subject": "2", "recorded-or-robo": "Y", "city": "", "state": "ID", "area-code": "208"}, {"id": "490dde24b259add1335244cd1b33d097", "number": "4052814954", "date": "2021-01-26 09:11:00", "subject": "3", "recorded-or-robo": "Y", "city": "Edmond", "state": "OK", "area-code": "405"}, {"id": "490dde24b259add1335244cd1b33cc41", "number": "2483602153", "date": "2021-01-26 10:54:00", "subject": "1", "recorded-or-robo": "Y", "city": "White Lake", "state": "MI", "area-code": "248"}, {"id": "490dde24b259add1335244cd1b33bf25", "number": "9708157530", "date": "2021-01-26 11:20:00", "subject": "1", "recorded-or-robo": "Y", "city": "Tampa", "state": "FL", "area-code": "813"}, {"id": "490dde24b259add1335244cd1b33b0c3", "number": "3379073193", "date": "2021-01-26 09:34:00", "subject": "4", "recorded-or-robo": "Y", "city": "", "state": "CO", "area-code": "303"}, {"id": "490dde24b259add1335244cd1b33a25e", "number": "4793231209", "date": "2021-01-26 10:16:00", "subject": "2", "recorded-or-robo": "Y", "city": "Clarksville", "state": "AR", "area-code": "479"}, {"id": "490dde24b259add1335244cd1b339ff1", "number": "7188575868", "date": "2021-01-25 17:00:00", "subject": "4", "recorded-or-robo": "Y", "city": "", "state": "KY", "area-code": "502"}, {"id": "490dde24b259add1335244cd1b339ea5", "number": "8663845521", "date": "2021-01-26 11:36:00", "subject": "5", "recorded-or-robo": "Y", "city": "Oviedo", "state": "FL", "area-code": "407"}, {"id": "490dde24b259add1335244cd1b33969b", "number": "6305568977", "date": "2021-01-24 12:20:00", "subject": "12", "recorded-or-robo": "Y", "city": "Tyler", "state": "TX", "area-code": "903"}, {"id": "490dde24b259add1335244cd1b33944c", "number": "4804604960", "date": "2021-01-26 08:11:00", "subject": "7", "recorded-or-robo": "N", "city": "Phoenix", "state": "AZ", "area-code": "480"}, {"id": "490dde24b259add1335244cd1b338e7b", "number": "8632138037", "date": "2021-01-26 10:34:00", "subject": "4", "recorded-or-robo": "Y", "city": "San Antonio", "state": "TX", "area-code": "480"}, {"id": "490dde24b259add1335244cd1b338c4b", "number": "8332298916", "date": "2021-01-25 14:43:00", "subject": "2", "recorded-or-robo": "Y", "city": "Mooresville", "state": "IN", "area-code": "317"}, {"id": "490dde24b259add1335244cd1b3387bb", "number": "8778057744", "date": "2021-01-26 09:33:00", "subject": "5", "recorded-or-robo": "Y", "city": "Payson", "state": "AZ", "area-code": "928"}, {"id": "490dde24b259add1335244cd1b337ab3", "number": "2103497659", "date": "2021-01-26 10:34:00", "subject": "6", "recorded-or-robo": "Y", "city": "SAN ANTONIO", "state": "TX", "area-code": "210"}, {"id": "490dde24b259add1335244cd1b33720f", "number": "8044291175", "date": "2021-01-26 10:59:00", "subject": "2", "recorded-or-robo": "Y", "city": "Amherst", "state": "VA", "area-code": "434"}, {"id": "490dde24b259add1335244cd1b32f19b", "number": "9108892136", "date": "2021-01-26 11:31:00", "subject": "3", "recorded-or-robo": "N", "city": "", "state": "NC", "area-code": "910"}, {"id": "490dde24b259add1335244cd1b336eb4", "number": "6315624050", "date": "2021-01-26 09:43:00", "subject": "4", "recorded-or-robo": "Y", "city": "Pomona", "state": "NY", "area-code": "845"}, {"id": "490dde24b259add1335244cd1b336399", "number": "4194691233", "date": "2021-01-26 11:18:00", "subject": "0", "recorded-or-robo": "N", "city": "", "state": "OH", "area-code": "419"}, {"id": "490dde24b259add1335244cd1b3362f1", "number": "9842017169", "date": "2021-01-13 15:10:00", "subject": "1", "recorded-or-robo": "Y", "city": "High Point", "state": "NC", "area-code": "336"}, {"id": "490dde24b259add1335244cd1b3362d2", "number": "9202286095", "date": "2021-01-26 10:34:00", "subject": "2", "recorded-or-robo": "Y", "city": "", "state": "WI", "area-code": "920"}, {"id": "490dde24b259add1335244cd1b335bff", "number": "5024953276", "date": "2021-01-26 08:00:00", "subject": "4", "recorded-or-robo": "Y", "city": "", "state": "KY", "area-code": "502"}, {"id": "490dde24b259add1335244cd1b3352b9", "number": "3368502071", "date": "2021-01-26 11:21:00", "subject": "4", "recorded-or-robo": "Y", "city": "Winston Salem", "state": "NC", "area-code": "336"}, {"id": "490dde24b259add1335244cd1b334ca1", "number": "5854081726", "date": "2021-01-26 10:52:00", "subject": "6", "recorded-or-robo": "N", "city": "AMHERST", "state": "NY", "area-code": "716"}, {"id": "490dde24b259add1335244cd1b333ff7", "number": "2816028759", "date": "2021-01-26 10:10:00", "subject": "2", "recorded-or-robo": "Y", "city": "", "state": "TX", "area-code": "281"}, {"id": "490dde24b259add1335244cd1b333ab6", "number": "3656502774", "date": "2021-01-21 12:00:00", "subject": "2", "recorded-or-robo": "N", "city": "Leland", "state": "NC", "area-code": "516"}, {"id": "490dde24b259add1335244cd1b333a45", "number": "5154632534", "date": "2021-01-26 10:34:00", "subject": "2", "recorded-or-robo": "Y", "city": "Coralville", "state": "IA", "area-code": "319"}, {"id": "490dde24b259add1335244cd1b33311f", "number": "9182159217", "date": "2021-01-26 10:33:00", "subject": "2", "recorded-or-robo": "Y", "city": "tulsa", "state": "OK", "area-code": "918"}, {"id": "490dde24b259add1335244cd1b332883", "number": "7603723496", "date": "2021-01-26 08:30:00", "subject": "0", "recorded-or-robo": "Y", "city": "Rancho Mirage", "state": "CA", "area-code": "760"}, {"id": "490dde24b259add1335244cd1b33211f", "number": "7072035275", "date": "2021-01-26 11:29:00", "subject": "5", "recorded-or-robo": "Y", "city": "Oviedo", "state": "FL", "area-code": "407"}, {"id": "490dde24b259add1335244cd1b331774", "number": "8282206109", "date": "2021-01-13 17:08:00", "subject": "5", "recorded-or-robo": "Y", "city": "High Point", "state": "NC", "area-code": "336"}, {"id": "490dde24b259add1335244cd1b330968", "number": "8332297994", "date": "2021-01-26 10:10:00", "subject": "0", "recorded-or-robo": "Y", "city": "", "state": "TX", "area-code": "972"}, {"id": "490dde24b259add1335244cd1b32fc3b", "number": "9132450839", "date": "2021-01-26 10:33:00", "subject": "4", "recorded-or-robo": "Y", "city": "Osawatomie", "state": "KS", "area-code": "913"}, {"id": "490dde24b259add1335244cd1b32f14c", "number": "4352683331", "date": "2021-01-26 09:35:00", "subject": "3", "recorded-or-robo": "Y", "city": "", "state": "UT", "area-code": "801"}, {"id": "490dde24b259add1335244cd1b32e251", "number": "", "date": "2021-01-26 10:26:00", "subject": "1", "recorded-or-robo": "Y", "city": "", "state": "MN", "area-code": "612"}, {"id": "490dde24b259add1335244cd1b32db97", "number": "5756892308", "date": "2021-01-26 09:19:00", "subject": "4", "recorded-or-robo": "Y", "city": "", "state": "NM", "area-code": "575"}, {"id": "490dde24b259add1335244cd1b32cf3d", "number": "4438989924", "date": "2021-01-26 11:31:00", "subject": "2", "recorded-or-robo": "Y", "city": "Williamson", "state": "GA", "area-code": "770"}, {"id": "490dde24b259add1335244cd1b32390d", "number": "9197273448", "date": "2021-01-25 14:20:00", "subject": "3", "recorded-or-robo": "N", "city": "", "state": "NC", "area-code": "919"}, {"id": "490dde24b259add1335244cd1b32c53d", "number": "7314709896", "date": "2021-01-26 10:33:00", "subject": "4", "recorded-or-robo": "Y", "city": "", "state": "KY", "area-code": "502"}, {"id": "490dde24b259add1335244cd1b32bf0f", "number": "8136925257", "date": "2021-01-21 16:48:00", "subject": "2", "recorded-or-robo": "N", "city": "Matthews", "state": "NC", "area-code": "704"}, {"id": "490dde24b259add1335244cd1b32b6f0", "number": "4146353450", "date": "2021-01-26 10:15:00", "subject": "2", "recorded-or-robo": "Y", "city": "", "state": "WI", "area-code": "414"}, {"id": "490dde24b259add1335244cd1b32b6ad", "number": "7432105171", "date": "2021-01-12 15:14:00", "subject": "12", "recorded-or-robo": "Y", "city": "High Point", "state": "NC", "area-code": "336"}, {"id": "490dde24b259add1335244cd1b32b079", "number": "2088456413", "date": "2021-01-26 07:39:00", "subject": "4", "recorded-or-robo": "Y", "city": "", "state": "ID", "area-code": "208"}, {"id": "490dde24b259add1335244cd1b32a931", "number": "4198371414", "date": "2021-01-26 10:50:00", "subject": "5", "recorded-or-robo": "Y", "city": "", "state": "OH", "area-code": "419"}, {"id": "490dde24b259add1335244cd1b329e37", "number": "4192999090", "date": "2021-01-26 10:28:00", "subject": "0", "recorded-or-robo": "Y", "city": "Yorkville", "state": "IL", "area-code": "419"}]}