{"data": [{"id": "490dde24b259add1335244cd1b0f69a5", "number": "6282624009", "date": "2021-01-26 12:00:00", "subject": "1", "recorded-or-robo": "Y", "city": "Plymouth", "state": "MI", "area-code": "734"}, {"id": "490dde24b259add1335244cd1b0f67c8", "number": "9184163727", "date": "2021-01-26 10:42:00", "subject": "4", "recorded-or-robo": "Y", "city": "Sunnyside", "state": "NY", "area-code": "917"}, {"id": "490dde24b259add1335244cd1b0f634f", "number": "5133663556", "date": "2021-01-26 10:09:00", "subject": "2", "recorded-or-robo": "Y", "city": "Suitland", "state": "MD", "area-code": "513"}, {"id": "490dde24b259add1335244cd1b0f594b", "number": "7125008627", "date": "2021-01-21 08:26:00", "subject": "2", "recorded-or-robo": "Y", "city": "", "state": "WI", "area-code": "920"}, {"id": "490dde24b259add1335244cd1b0f52a0", "number": "5162188497", "date": "2021-01-23 10:33:00", "subject": "2", "recorded-or-robo": "", "city": "Floral Park", "state": "NY", "area-code": "516"}, {"id": "490dde24b259add1335244cd1b0f4a00", "number": "7146225539", "date": "2021-01-26 07:34:00", "subject": "4", "recorded-or-robo": "Y", "city": "", "state": "CA", "area-code": "951"}, {"id": "490dde24b259add1335244cd1b0f41ce", "number": "4809552909", "date": "2021-01-15 11:08:00", "subject": "7", "recorded-or-robo": "Y", "city": "Scottsdale", "state": "AZ", "area-code": "480"}, {"id": "490dde24b259add1335244cd1b0f41c5", "number": "7246737237", "date": "2021-01-25 15:51:00", "subject": "2", "recorded-or-robo": "Y", "city": "", "state": "NY", "area-code": "585"}, {"id": "490dde24b259add1335244cd1b0f3d93", "number": "7036591733", "date": "2021-01-26 00:00:00", "subject": "3", "recorded-or-robo": "Y", "city": "", "state": "VA", "area-code": "703"}, {"id": "490dde24b259add1335244cd1b0f3d1d", "number": "9107160897", "date": "2021-01-26 09:11:00", "subject": "4", "recorded-or-robo": "Y", "city": "", "state": "TX", "area-code": "979"}, {"id": "490dde24b259add1335244cd1b0f3784", "number": "7742439160", "date": "2021-01-25 18:28:00", "subject": "4", "recorded-or-robo": "Y", "city": "Sudbury", "state": "MA", "area-code": "781"}, {"id": "490dde24b259add1335244cd1b0f2a66", "number": "5856561651", "date": "2021-01-26 10:38:00", "subject": "2", "recorded-or-robo": "Y", "city": "Windsor", "state": "NY", "area-code": "607"}, {"id": "490dde24b259add1335244cd1b0f2672", "number": "5013595001", "date": "2021-01-26 09:42:00", "subject": "4", "recorded-or-robo": "Y", "city": "", "state": "AR", "area-code": "501"}, {"id": "490dde24b259add1335244cd1b0f1ec6", "number": "7088160028", "date": "2021-01-26 09:25:00", "subject": "0", "recorded-or-robo": "", "city": "Geneva", "state": "IL", "area-code": "847"}, {"id": "490dde24b259add1335244cd1b0f0f5d", "number": "7178991955", "date": "2021-01-26 10:41:00", "subject": "4", "recorded-or-robo": "Y", "city": "Lancaster", "state": "PA", "area-code": "717"}, {"id": "490dde24b259add1335244cd1b0f0f29", "number": "4127907089", "date": "2021-01-25 09:09:00", "subject": "0", "recorded-or-robo": "Y", "city": "Wilsonville", "state": "OR", "area-code": "503"}, {"id": "490dde24b259add1335244cd1b0f0a62", "number": "8332297994", "date": "2021-01-26 10:40:00", "subject": "0", "recorded-or-robo": "Y", "city": "Jarrettsville", "state": "MD", "area-code": "410"}, {"id": "490dde24b259add1335244cd1b0f0a32", "number": "2087653123", "date": "2021-01-26 08:17:00", "subject": "3", "recorded-or-robo": "Y", "city": "", "state": "ID", "area-code": "208"}, {"id": "490dde24b259add1335244cd1b0efd04", "number": "7247013019", "date": "2021-01-26 10:41:00", "subject": "4", "recorded-or-robo": "Y", "city": "", "state": "PA", "area-code": "215"}, {"id": "490dde24b259add1335244cd1b0efc54", "number": "7193001460", "date": "2021-01-26 12:00:00", "subject": "1", "recorded-or-robo": "Y", "city": "Killeen", "state": "TX", "area-code": "929"}, {"id": "490dde24b259add1335244cd1b0ef021", "number": "6086999643", "date": "2021-01-26 09:42:00", "subject": "3", "recorded-or-robo": "Y", "city": "", "state": "IL", "area-code": "773"}, {"id": "490dde24b259add1335244cd1b0ee616", "number": "2292694018", "date": "2021-01-25 13:44:00", "subject": "2", "recorded-or-robo": "Y", "city": "Lawrenceville", "state": "GA", "area-code": "404"}, {"id": "490dde24b259add1335244cd1b0e6b1c", "number": "8442693195", "date": "2021-01-26 10:20:00", "subject": "3", "recorded-or-robo": "N", "city": "", "state": "CT", "area-code": "860"}, {"id": "490dde24b259add1335244cd1b0ee154", "number": "2123915899", "date": "2021-01-25 10:18:00", "subject": "4", "recorded-or-robo": "Y", "city": "", "state": "NY", "area-code": "585"}, {"id": "490dde24b259add1335244cd1b0ee013", "number": "6095989557", "date": "2021-01-26 10:38:00", "subject": "2", "recorded-or-robo": "N", "city": "WELLESLEY HILLS", "state": "MA", "area-code": "917"}, {"id": "490dde24b259add1335244cd1b0edd16", "number": "7632511507", "date": "2021-01-26 10:31:00", "subject": "1", "recorded-or-robo": "Y", "city": "Maple Grove", "state": "MN", "area-code": "763"}, {"id": "490dde24b259add1335244cd1b0edaab", "number": "7186741984", "date": "2021-01-26 10:39:00", "subject": "2", "recorded-or-robo": "", "city": "", "state": "NY", "area-code": "718"}, {"id": "490dde24b259add1335244cd1b0ecb98", "number": "9419173600", "date": "2021-01-26 10:35:00", "subject": "6", "recorded-or-robo": "Y", "city": "Sarasota", "state": "FL", "area-code": "941"}, {"id": "490dde24b259add1335244cd1b0ec72c", "number": "2513020293", "date": "2021-01-26 10:22:00", "subject": "2", "recorded-or-robo": "Y", "city": "STOYSTOWN", "state": "PA", "area-code": "800"}, {"id": "490dde24b259add1335244cd1b0eb8a8", "number": "9135835763", "date": "2021-01-26 10:40:00", "subject": "4", "recorded-or-robo": "Y", "city": "", "state": "GA", "area-code": "404"}, {"id": "490dde24b259add1335244cd1b0eb718", "number": "7323572828", "date": "2021-01-26 07:20:00", "subject": "0", "recorded-or-robo": "Y", "city": "", "state": "NJ", "area-code": "732"}, {"id": "490dde24b259add1335244cd1b0eaf28", "number": "6089380894", "date": "2021-01-26 09:41:00", "subject": "1", "recorded-or-robo": "Y", "city": "Rochester", "state": "MN", "area-code": "608"}, {"id": "490dde24b259add1335244cd1b0eaa0d", "number": "8652084081", "date": "2021-01-26 09:29:00", "subject": "6", "recorded-or-robo": "Y", "city": "Knoxville", "state": "TN", "area-code": "865"}, {"id": "490dde24b259add1335244cd1b0ea451", "number": "8139669764", "date": "2021-01-22 18:42:00", "subject": "5", "recorded-or-robo": "Y", "city": "TAMPA", "state": "FL", "area-code": "813"}, {"id": "490dde24b259add1335244cd1b0ea33e", "number": "4134096397", "date": "2021-01-26 10:35:00", "subject": "1", "recorded-or-robo": "Y", "city": "HAMILTON", "state": "OH", "area-code": "513"}, {"id": "490dde24b259add1335244cd1b0e939a", "number": "4075644850", "date": "2021-01-26 10:40:00", "subject": "4", "recorded-or-robo": "Y", "city": "", "state": "FL", "area-code": "407"}, {"id": "490dde24b259add1335244cd1b0e89a4", "number": "8009557070", "date": "2021-01-26 10:00:00", "subject": "5", "recorded-or-robo": "N", "city": "Colchester", "state": "VT", "area-code": "802"}, {"id": "490dde24b259add1335244cd1b0e86f2", "number": "5103807302", "date": "2021-01-26 07:38:00", "subject": "5", "recorded-or-robo": "Y", "city": "", "state": "CA", "area-code": "818"}, {"id": "490dde24b259add1335244cd1b0e7a89", "number": "3618852829", "date": "2021-01-26 09:13:00", "subject": "2", "recorded-or-robo": "Y", "city": "", "state": "TX", "area-code": "361"}, {"id": "490dde24b259add1335244cd1b0e735c", "number": "7622465144", "date": "2021-01-25 18:00:00", "subject": "2", "recorded-or-robo": "N", "city": "Georgia", "state": "GA", "area-code": "678"}, {"id": "490dde24b259add1335244cd1b0e5dfa", "number": "5404147682", "date": "2021-01-26 10:38:00", "subject": "6", "recorded-or-robo": "Y", "city": "", "state": "VA", "area-code": "540"}, {"id": "490dde24b259add1335244cd1b0e4f8f", "number": "3126358753", "date": "2021-01-26 09:30:00", "subject": "15", "recorded-or-robo": "N", "city": "Oak Point", "state": "TX", "area-code": "214"}, {"id": "490dde24b259add1335244cd1b0e48e4", "number": "7323575476", "date": "2021-01-26 07:13:00", "subject": "0", "recorded-or-robo": "Y", "city": "", "state": "NJ", "area-code": "732"}, {"id": "490dde24b259add1335244cd1b0e4883", "number": "7252080060", "date": "2021-01-26 10:39:00", "subject": "6", "recorded-or-robo": "N", "city": "", "state": "NV", "area-code": "702"}, {"id": "490dde24b259add1335244cd1b0e3ca7", "number": "9419331347", "date": "2021-01-25 13:21:00", "subject": "2", "recorded-or-robo": "Y", "city": "", "state": "WI", "area-code": "920"}, {"id": "490dde24b259add1335244cd1b0e3acd", "number": "7323941381", "date": "2021-01-26 10:38:00", "subject": "4", "recorded-or-robo": "Y", "city": "Chocowinity", "state": "NC", "area-code": "252"}, {"id": "490dde24b259add1335244cd1b0e356d", "number": "6086684842", "date": "2021-01-26 09:36:00", "subject": "2", "recorded-or-robo": "", "city": "", "state": "WI", "area-code": "608"}, {"id": "490dde24b259add1335244cd1b0e29d1", "number": "6086904075", "date": "2021-01-26 09:30:00", "subject": "4", "recorded-or-robo": "Y", "city": "Oxford", "state": "WI", "area-code": "608"}, {"id": "490dde24b259add1335244cd1b0e1eea", "number": "8552006701", "date": "2021-01-26 12:00:00", "subject": "1", "recorded-or-robo": "Y", "city": "", "state": "PA", "area-code": "610"}, {"id": "490dde24b259add1335244cd1b0e1780", "number": "", "date": "2020-01-26 07:25:00", "subject": "3", "recorded-or-robo": "Y", "city": "", "state": "UT", "area-code": "435"}]}