{"data": [{"id": "490dde24b259add1335244cd1b4c974f", "number": "6029620942", "date": "2021-01-08 09:02:00", "subject": "3", "recorded-or-robo": "Y", "city": "Las Vegas", "state": "NV", "area-code": "702"}, {"id": "490dde24b259add1335244cd1b4c9379", "number": "", "date": "2021-01-26 12:01:00", "subject": "2", "recorded-or-robo": "Y", "city": "Macomb", "state": "MI", "area-code": "586"}, {"id": "490dde24b259add1335244cd1b4c854f", "number": "8633773642", "date": "2021-01-26 11:51:00", "subject": "0", "recorded-or-robo": "Y", "city": "", "state": "FL", "area-code": "352"}, {"id": "490dde24b259add1335244cd1b4c7e3a", "number": "3366844006", "date": "2021-01-26 12:00:00", "subject": "1", "recorded-or-robo": "Y", "city": "McLeansville", "state": "NC", "area-code": "336"}, {"id": "490dde24b259add1335244cd1b4c7214", "number": "6193204492", "date": "2021-01-26 09:07:00", "subject": "1", "recorded-or-robo": "Y", "city": "", "state": "CA", "area-code": "951"}, {"id": "490dde24b259add1335244cd1b4c6ee1", "number": "7039284674", "date": "2021-01-26 19:58:00", "subject": "2", "recorded-or-robo": "Y", "city": "", "state": "VA", "area-code": "703"}, {"id": "490dde24b259add1335244cd1b4c6542", "number": "7192151695", "date": "2021-01-26 10:07:00", "subject": "4", "recorded-or-robo": "Y", "city": "Aurora", "state": "CO", "area-code": "303"}, {"id": "490dde24b259add1335244cd1b4c62a7", "number": "4085474371", "date": "2021-01-26 11:03:00", "subject": "6", "recorded-or-robo": "Y", "city": "Austin", "state": "TX", "area-code": "512"}, {"id": "490dde24b259add1335244cd1b4c5fb6", "number": "3473890390", "date": "2021-01-26 10:14:00", "subject": "1", "recorded-or-robo": "Y", "city": "", "state": "NM", "area-code": "505"}, {"id": "490dde24b259add1335244cd1b4c5e3b", "number": "8482167993", "date": "2021-01-22 13:19:00", "subject": "0", "recorded-or-robo": "Y", "city": "Mobile", "state": "AL", "area-code": "251"}, {"id": "490dde24b259add1335244cd1b4b43b1", "number": "9155291216", "date": "2021-01-26 10:04:00", "subject": "3", "recorded-or-robo": "N", "city": "", "state": "HI", "area-code": "808"}, {"id": "490dde24b259add1335244cd1b4c5146", "number": "8155956514", "date": "2021-01-26 11:06:00", "subject": "6", "recorded-or-robo": "N", "city": "Rochelle", "state": "IL", "area-code": "815"}, {"id": "490dde24b259add1335244cd1b4c3e30", "number": "5853129418", "date": "2021-01-26 10:57:00", "subject": "4", "recorded-or-robo": "Y", "city": "Downers Grove", "state": "IL", "area-code": "708"}, {"id": "490dde24b259add1335244cd1b4c2fa2", "number": "5095477740", "date": "2021-01-26 09:05:00", "subject": "2", "recorded-or-robo": "N", "city": "Pasco", "state": "WA", "area-code": "509"}, {"id": "490dde24b259add1335244cd1b4c2def", "number": "?190436107", "date": "2021-01-26 11:58:00", "subject": "1", "recorded-or-robo": "Y", "city": "Jacksonville", "state": "FL", "area-code": "904"}, {"id": "490dde24b259add1335244cd1b4c2d5a", "number": "60822929572", "date": "2021-01-26 08:28:00", "subject": "2", "recorded-or-robo": "Y", "city": "Madison", "state": "WI", "area-code": "608"}, {"id": "490dde24b259add1335244cd1b4c1f15", "number": "2484102903", "date": "2021-01-26 12:08:00", "subject": "2", "recorded-or-robo": "N", "city": "", "state": "MI", "area-code": "248"}, {"id": "490dde24b259add1335244cd1b4ae2a8", "number": "2028666796", "date": "2021-01-25 11:20:00", "subject": "3", "recorded-or-robo": "N", "city": "", "state": "NY", "area-code": "631"}, {"id": "490dde24b259add1335244cd1b4c1070", "number": "4439065397", "date": "2021-01-15 11:54:00", "subject": "6", "recorded-or-robo": "N", "city": "", "state": "MD", "area-code": "443"}, {"id": "490dde24b259add1335244cd1b4c09d2", "number": "2189951689", "date": "2021-01-08 12:33:00", "subject": "3", "recorded-or-robo": "Y", "city": "Las Vegas", "state": "NV", "area-code": "702"}, {"id": "490dde24b259add1335244cd1b4c03a1", "number": "8666772706", "date": "2021-01-26 09:00:00", "subject": "2", "recorded-or-robo": "", "city": "East Wenatchee", "state": "WA", "area-code": "319"}, {"id": "490dde24b259add1335244cd1b4bfcd4", "number": "8722606472", "date": "2021-01-25 14:04:00", "subject": "6", "recorded-or-robo": "N", "city": "Bellwood", "state": "IL", "area-code": "708"}, {"id": "490dde24b259add1335244cd1b4bf21a", "number": "7034032428", "date": "2021-01-25 14:41:00", "subject": "2", "recorded-or-robo": "Y", "city": "", "state": "VA", "area-code": "703"}, {"id": "490dde24b259add1335244cd1b4be792", "number": "3604189398", "date": "2021-01-26 12:06:00", "subject": "4", "recorded-or-robo": "Y", "city": "NEW YORK", "state": "WA", "area-code": "206"}, {"id": "490dde24b259add1335244cd1b4bdc62", "number": "9168594520", "date": "2021-01-26 09:05:00", "subject": "4", "recorded-or-robo": "Y", "city": "Salem", "state": "OR", "area-code": "805"}, {"id": "490dde24b259add1335244cd1b4bcf18", "number": "", "date": "2021-01-26 11:23:00", "subject": "2", "recorded-or-robo": "Y", "city": "Leesburg", "state": "FL", "area-code": "352"}, {"id": "490dde24b259add1335244cd1b4bcb16", "number": "8439192752", "date": "2021-01-26 11:17:00", "subject": "5", "recorded-or-robo": "Y", "city": "MIlford", "state": "OH", "area-code": "513"}, {"id": "490dde24b259add1335244cd1b4bc0d0", "number": "5854178976", "date": "2021-01-26 12:05:00", "subject": "4", "recorded-or-robo": "Y", "city": "Rochester", "state": "NY", "area-code": "585"}, {"id": "490dde24b259add1335244cd1b4bbe59", "number": "", "date": "2021-01-26 12:00:00", "subject": "1", "recorded-or-robo": "Y", "city": "Charllotte", "state": "NC", "area-code": "320"}, {"id": "490dde24b259add1335244cd1b4bb239", "number": "2622611041", "date": "2021-01-26 09:44:00", "subject": "2", "recorded-or-robo": "N", "city": "", "state": "WI", "area-code": "262"}, {"id": "490dde24b259add1335244cd1b4ba866", "number": "4075125377", "date": "2021-01-26 11:04:00", "subject": "0", "recorded-or-robo": "N", "city": "Pace", "state": "FL", "area-code": "407"}, {"id": "490dde24b259add1335244cd1b4ba4da", "number": "6142205168", "date": "2021-01-26 11:06:00", "subject": "0", "recorded-or-robo": "Y", "city": "New Orleans", "state": "LA", "area-code": "504"}, {"id": "490dde24b259add1335244cd1b4af6ee", "number": "6307964017", "date": "2021-01-25 14:41:00", "subject": "3", "recorded-or-robo": "", "city": "", "state": "IL", "area-code": "773"}, {"id": "490dde24b259add1335244cd1b4b9ac1", "number": "4402241257", "date": "2021-01-26 12:06:00", "subject": "2", "recorded-or-robo": "Y", "city": "Conneaut", "state": "OH", "area-code": "440"}, {"id": "490dde24b259add1335244cd1b4b8fd6", "number": "3309882883", "date": "2020-12-16 14:15:00", "subject": "2", "recorded-or-robo": "", "city": "Portsmouth", "state": "OH", "area-code": "740"}, {"id": "490dde24b259add1335244cd1b4b82a9", "number": "4085475577", "date": "2021-01-26 11:02:00", "subject": "6", "recorded-or-robo": "Y", "city": "Austin", "state": "TX", "area-code": "512"}, {"id": "490dde24b259add1335244cd1b4b73cd", "number": "8645417797", "date": "2021-01-26 11:37:00", "subject": "0", "recorded-or-robo": "N", "city": "", "state": "SC", "area-code": "843"}, {"id": "490dde24b259add1335244cd1b4b683e", "number": "", "date": "2021-01-26 11:53:00", "subject": "3", "recorded-or-robo": "Y", "city": "", "state": "DE", "area-code": "302"}, {"id": "490dde24b259add1335244cd1b4b5b2a", "number": "5049000830", "date": "2021-01-26 09:55:00", "subject": "3", "recorded-or-robo": "Y", "city": "Harvey", "state": "LA", "area-code": "504"}, {"id": "490dde24b259add1335244cd1b4b55f0", "number": "4792796943", "date": "2021-01-13 09:30:00", "subject": "2", "recorded-or-robo": "N", "city": "Hayward", "state": "MN", "area-code": "218"}, {"id": "490dde24b259add1335244cd1b4b51f4", "number": "2532377672", "date": "2021-01-25 09:43:00", "subject": "2", "recorded-or-robo": "Y", "city": "TACOMA", "state": "WA", "area-code": "253"}, {"id": "490dde24b259add1335244cd1b4b4731", "number": "4697976405", "date": "2021-01-26 11:54:00", "subject": "5", "recorded-or-robo": "Y", "city": "", "state": "FL", "area-code": "352"}, {"id": "490dde24b259add1335244cd1b4b3430", "number": "7039830998", "date": "2021-01-25 12:24:00", "subject": "2", "recorded-or-robo": "Y", "city": "", "state": "VA", "area-code": "703"}, {"id": "490dde24b259add1335244cd1b4b2bdb", "number": "4102774870", "date": "2021-01-15 12:03:00", "subject": "9", "recorded-or-robo": "N", "city": "", "state": "MD", "area-code": "443"}, {"id": "490dde24b259add1335244cd1b4b1e14", "number": "3606374850", "date": "2021-01-04 08:25:00", "subject": "0", "recorded-or-robo": "Y", "city": "Tacoma", "state": "WA", "area-code": "253"}, {"id": "490dde24b259add1335244cd1b4b1d51", "number": "8282542801", "date": "2021-01-26 10:24:00", "subject": "0", "recorded-or-robo": "Y", "city": "", "state": "NC", "area-code": "828"}, {"id": "490dde24b259add1335244cd1b4b1c92", "number": "7138045722", "date": "2021-01-26 11:05:00", "subject": "1", "recorded-or-robo": "Y", "city": "Houston", "state": "TX", "area-code": "713"}, {"id": "490dde24b259add1335244cd1b4b1690", "number": "6513717952", "date": "2021-01-12 09:10:00", "subject": "3", "recorded-or-robo": "Y", "city": "Las Vegas", "state": "NV", "area-code": "702"}, {"id": "490dde24b259add1335244cd1b4b0b47", "number": "7208050161", "date": "2021-01-26 09:53:00", "subject": "2", "recorded-or-robo": "Y", "city": "Fountain", "state": "CO", "area-code": "719"}, {"id": "490dde24b259add1335244cd1b4b0677", "number": "8765072156", "date": "2021-01-26 11:35:00", "subject": "13", "recorded-or-robo": "N", "city": "GRANBY", "state": "CT", "area-code": "860"}]}