{"data": [{"id": "490dde24b259add1335244cd1b3b9911", "number": "9133639394", "date": "2021-01-26 10:30:00", "subject": "4", "recorded-or-robo": "Y", "city": "Overland Park", "state": "KS", "area-code": "913"}, {"id": "490dde24b259add1335244cd1b3b92b4", "number": "8882804331", "date": "2021-01-26 11:45:00", "subject": "2", "recorded-or-robo": "Y", "city": "baldwinsville", "state": "NY", "area-code": "315"}, {"id": "490dde24b259add1335244cd1b3b8823", "number": "7024016311", "date": "2021-01-25 09:11:00", "subject": "0", "recorded-or-robo": "Y", "city": "North Las Vegas", "state": "NV", "area-code": "702"}, {"id": "490dde24b259add1335244cd1b3b8732", "number": "6058644899", "date": "2021-01-06 14:45:00", "subject": "4", "recorded-or-robo": "Y", "city": "Epping", "state": "ND", "area-code": "605"}, {"id": "490dde24b259add1335244cd1b3b7977", "number": "2532152576", "date": "2021-01-21 08:42:00", "subject": "0", "recorded-or-robo": "Y", "city": "Tacoma", "state": "WA", "area-code": "253"}, {"id": "490dde24b259add1335244cd1b3b69cc", "number": "2183531045", "date": "2021-01-23 11:11:00", "subject": "2", "recorded-or-robo": "N", "city": "Hayward", "state": "MN", "area-code": "218"}, {"id": "490dde24b259add1335244cd1b3b5fe3", "number": "8508124941", "date": "2021-01-20 12:00:00", "subject": "0", "recorded-or-robo": "Y", "city": "Pace", "state": "FL", "area-code": "850"}, {"id": "490dde24b259add1335244cd1b3b5bc5", "number": "7743977096", "date": "2021-01-26 11:34:00", "subject": "2", "recorded-or-robo": "N", "city": "", "state": "NY", "area-code": "631"}, {"id": "490dde24b259add1335244cd1b3b533c", "number": "874087148", "date": "2021-01-15 20:18:00", "subject": "3", "recorded-or-robo": "N", "city": "MTN, VIEW", "state": "AR", "area-code": "870"}, {"id": "490dde24b259add1335244cd1b3b44ab", "number": "7708742098", "date": "2021-01-26 11:45:00", "subject": "6", "recorded-or-robo": "N", "city": "Commerce", "state": "GA", "area-code": "770"}, {"id": "490dde24b259add1335244cd1b3b421b", "number": "7138973642", "date": "2021-01-22 17:35:00", "subject": "4", "recorded-or-robo": "Y", "city": "Dallas", "state": "TX", "area-code": "214"}, {"id": "490dde24b259add1335244cd1b3b39c5", "number": "5043046987", "date": "2021-01-26 10:23:00", "subject": "2", "recorded-or-robo": "", "city": "New Orleans", "state": "LA", "area-code": "504"}, {"id": "490dde24b259add1335244cd1b3b3520", "number": "4693679812", "date": "2021-01-26 09:30:00", "subject": "1", "recorded-or-robo": "Y", "city": "Alexandria", "state": "VA", "area-code": "703"}, {"id": "490dde24b259add1335244cd1b3b2994", "number": "", "date": "2021-01-26 11:30:00", "subject": "1", "recorded-or-robo": "Y", "city": "", "state": "KY", "area-code": "859"}, {"id": "490dde24b259add1335244cd1b3ac42f", "number": "7044861243", "date": "2021-01-26 10:57:00", "subject": "3", "recorded-or-robo": "N", "city": "", "state": "NC", "area-code": "704"}, {"id": "490dde24b259add1335244cd1b3b20ce", "number": "", "date": "2021-01-26 08:20:00", "subject": "6", "recorded-or-robo": "Y", "city": "Oxnard", "state": "CA", "area-code": "805"}, {"id": "490dde24b259add1335244cd1b3b14a6", "number": "5306185151", "date": "2021-01-26 11:43:00", "subject": "2", "recorded-or-robo": "Y", "city": "", "state": "NY", "area-code": "716"}, {"id": "490dde24b259add1335244cd1b3b0c16", "number": "6195236346", "date": "2021-01-26 08:42:00", "subject": "4", "recorded-or-robo": "Y", "city": "Foresthill", "state": "CA", "area-code": "530"}, {"id": "490dde24b259add1335244cd1b3b0b41", "number": "8332297912", "date": "2021-01-21 12:07:00", "subject": "2", "recorded-or-robo": "Y", "city": "Mooresville", "state": "IN", "area-code": "317"}, {"id": "490dde24b259add1335244cd1b3b0aae", "number": "5167241493", "date": "2021-01-26 11:40:00", "subject": "7", "recorded-or-robo": "N", "city": "Levittown", "state": "NY", "area-code": "516"}, {"id": "490dde24b259add1335244cd1b3aff64", "number": "9192982036", "date": "2021-01-26 11:46:00", "subject": "0", "recorded-or-robo": "Y", "city": "APEX", "state": "NC", "area-code": "919"}, {"id": "490dde24b259add1335244cd1b3af301", "number": "2624234185", "date": "2021-01-26 10:30:00", "subject": "8", "recorded-or-robo": "N", "city": "Skokie", "state": "IL", "area-code": "847"}, {"id": "490dde24b259add1335244cd1b3aed35", "number": "8332021418", "date": "2021-01-26 18:22:00", "subject": "2", "recorded-or-robo": "Y", "city": "", "state": "NY", "area-code": "631"}, {"id": "490dde24b259add1335244cd1b3ae670", "number": "8304680154", "date": "2021-01-26 10:11:00", "subject": "0", "recorded-or-robo": "N", "city": "", "state": "TX", "area-code": "817"}, {"id": "490dde24b259add1335244cd1b3ad69c", "number": "5043043993", "date": "2021-01-26 10:33:00", "subject": "2", "recorded-or-robo": "Y", "city": "New Orleans", "state": "LA", "area-code": "504"}, {"id": "490dde24b259add1335244cd1b3acf8f", "number": "2202007729", "date": "2021-01-26 11:38:00", "subject": "5", "recorded-or-robo": "Y", "city": "LODI", "state": "NY", "area-code": "845"}, {"id": "490dde24b259add1335244cd1b3ab9e2", "number": "9016037298", "date": "2021-01-26 00:00:00", "subject": "4", "recorded-or-robo": "Y", "city": "Memphis", "state": "TN", "area-code": "901"}, {"id": "490dde24b259add1335244cd1b3aac4b", "number": "3014948637", "date": "2020-12-24 13:36:00", "subject": "15", "recorded-or-robo": "Y", "city": "", "state": "MD", "area-code": "301"}, {"id": "490dde24b259add1335244cd1b3aa541", "number": "2087858538", "date": "2021-01-26 09:00:00", "subject": "2", "recorded-or-robo": "Y", "city": "Blackfoot", "state": "ID", "area-code": "208"}, {"id": "490dde24b259add1335244cd1b3aa530", "number": "", "date": "2021-01-26 00:00:00", "subject": "3", "recorded-or-robo": "Y", "city": "", "state": "NY", "area-code": "845"}, {"id": "490dde24b259add1335244cd1b3a9b5f", "number": "2146636827", "date": "2021-01-26 10:45:00", "subject": "6", "recorded-or-robo": "Y", "city": "Richardson", "state": "NY", "area-code": "212"}, {"id": "490dde24b259add1335244cd1b3a8e68", "number": "4104497187", "date": "2021-01-26 11:41:00", "subject": "4", "recorded-or-robo": "Y", "city": "Annapolis", "state": "MD", "area-code": "410"}, {"id": "490dde24b259add1335244cd1b3a8a9f", "number": "8503992500", "date": "2021-01-21 11:23:00", "subject": "2", "recorded-or-robo": "", "city": "Pace", "state": "FL", "area-code": "850"}, {"id": "490dde24b259add1335244cd1b3a83c9", "number": "", "date": "2021-01-26 11:40:00", "subject": "3", "recorded-or-robo": "Y", "city": "", "state": "VA", "area-code": "804"}, {"id": "490dde24b259add1335244cd1b3a802f", "number": "3364771351", "date": "2021-01-13 12:06:00", "subject": "5", "recorded-or-robo": "Y", "city": "High Point", "state": "NC", "area-code": "336"}, {"id": "490dde24b259add1335244cd1b3a75ad", "number": "7194679055", "date": "2021-01-26 10:35:00", "subject": "2", "recorded-or-robo": "N", "city": "LEBANON", "state": "TN", "area-code": "615"}, {"id": "490dde24b259add1335244cd1b3a7408", "number": "8656741471", "date": "2021-01-26 11:41:00", "subject": "1", "recorded-or-robo": "N", "city": "Clinton", "state": "TN", "area-code": "865"}, {"id": "490dde24b259add1335244cd1b3a6be0", "number": "5043047369", "date": "2021-01-26 10:44:00", "subject": "1", "recorded-or-robo": "Y", "city": "New Orleans", "state": "LA", "area-code": "504"}, {"id": "490dde24b259add1335244cd1b3a6a85", "number": "2182307746", "date": "2021-01-25 09:36:00", "subject": "2", "recorded-or-robo": "N", "city": "Hayward", "state": "MN", "area-code": "218"}, {"id": "490dde24b259add1335244cd1b3a6358", "number": "9133594577", "date": "2021-01-26 10:45:00", "subject": "4", "recorded-or-robo": "Y", "city": "", "state": "KS", "area-code": "913"}, {"id": "490dde24b259add1335244cd1b3a5afe", "number": "6052529901", "date": "2021-01-05 14:46:00", "subject": "4", "recorded-or-robo": "Y", "city": "Epping", "state": "ND", "area-code": "605"}, {"id": "490dde24b259add1335244cd1b3a4e1d", "number": "6504792188", "date": "2021-01-26 08:37:00", "subject": "4", "recorded-or-robo": "Y", "city": "", "state": "CA", "area-code": "530"}, {"id": "490dde24b259add1335244cd1b3a48bc", "number": "9176753477", "date": "2021-01-26 10:07:00", "subject": "2", "recorded-or-robo": "Y", "city": "", "state": "MA", "area-code": "781"}, {"id": "490dde24b259add1335244cd1b3a44e0", "number": "7047091557", "date": "2021-01-26 11:44:00", "subject": "3", "recorded-or-robo": "Y", "city": "", "state": "NC", "area-code": "704"}, {"id": "490dde24b259add1335244cd1b3a4302", "number": "9094376918", "date": "2021-01-26 00:00:00", "subject": "5", "recorded-or-robo": "N", "city": "Ontario", "state": "CA", "area-code": "909"}, {"id": "490dde24b259add1335244cd1b3904d3", "number": "4027360035", "date": "2021-01-26 11:30:00", "subject": "3", "recorded-or-robo": "N", "city": "", "state": "NJ", "area-code": "201"}, {"id": "490dde24b259add1335244cd1b3a3931", "number": "", "date": "2021-01-25 08:30:00", "subject": "8", "recorded-or-robo": "Y", "city": "SAINT PAUL", "state": "MN", "area-code": "651"}, {"id": "490dde24b259add1335244cd1b3a2ff0", "number": "8332298905", "date": "2021-01-21 15:33:00", "subject": "2", "recorded-or-robo": "Y", "city": "Mooresville", "state": "IN", "area-code": "317"}, {"id": "490dde24b259add1335244cd1b3a26d9", "number": "4254886080", "date": "2021-01-26 08:43:00", "subject": "11", "recorded-or-robo": "Y", "city": "Kenmore", "state": "WA", "area-code": "425"}, {"id": "490dde24b259add1335244cd1b3a1caa", "number": "3362956330", "date": "2021-01-08 11:16:00", "subject": "6", "recorded-or-robo": "Y", "city": "High Point", "state": "NC", "area-code": "336"}]}