{"data": [{"id": "490dde24b259add1335244cd1b6cb87c", "number": "6694031727", "date": "2021-01-26 11:45:00", "subject": "5", "recorded-or-robo": "Y", "city": "Bartlesville", "state": "OK", "area-code": "309"}, {"id": "490dde24b259add1335244cd1b6cb648", "number": "2485162378", "date": "2021-01-26 12:47:00", "subject": "2", "recorded-or-robo": "N", "city": "", "state": "NC", "area-code": "252"}, {"id": "490dde24b259add1335244cd1b6c9f43", "number": "8438267956", "date": "2021-01-26 11:41:00", "subject": "2", "recorded-or-robo": "N", "city": "MONCKS CORNER", "state": "SC", "area-code": "843"}, {"id": "490dde24b259add1335244cd1b6c99fe", "number": "4434922803", "date": "2021-01-23 13:01:00", "subject": "6", "recorded-or-robo": "Y", "city": "Pensacola", "state": "FL", "area-code": "850"}, {"id": "490dde24b259add1335244cd1b6c8e4d", "number": "6193759750", "date": "2021-01-26 11:45:00", "subject": "3", "recorded-or-robo": "", "city": "", "state": "IN", "area-code": "219"}, {"id": "490dde24b259add1335244cd1b6c7eb3", "number": "7067002240", "date": "2021-01-26 10:23:00", "subject": "2", "recorded-or-robo": "", "city": "WINTERVILLE", "state": "GA", "area-code": "706"}, {"id": "490dde24b259add1335244cd1b6c767e", "number": "3049465404", "date": "2021-01-19 09:13:00", "subject": "2", "recorded-or-robo": "N", "city": "", "state": "WV", "area-code": "304"}, {"id": "490dde24b259add1335244cd1b6c6853", "number": "7275630798", "date": "2020-12-26 11:38:00", "subject": "3", "recorded-or-robo": "", "city": "Lebanon", "state": "FL", "area-code": "727"}, {"id": "490dde24b259add1335244cd1b6c63d2", "number": "2316679760", "date": "2021-01-19 11:23:00", "subject": "2", "recorded-or-robo": "Y", "city": "Traverse City", "state": "MI", "area-code": "231"}, {"id": "490dde24b259add1335244cd1b6c543b", "number": "6622362757", "date": "2021-01-26 11:00:00", "subject": "6", "recorded-or-robo": "N", "city": "", "state": "MS", "area-code": "662"}, {"id": "490dde24b259add1335244cd1b6c4a4c", "number": "5107324669", "date": "2021-01-26 09:37:00", "subject": "0", "recorded-or-robo": "Y", "city": "", "state": "CA", "area-code": "510"}, {"id": "490dde24b259add1335244cd1b6c40b3", "number": "8008711840", "date": "2021-01-26 12:46:00", "subject": "1", "recorded-or-robo": "Y", "city": "New Boston", "state": "MI", "area-code": "734"}, {"id": "490dde24b259add1335244cd1b6c3c7c", "number": "6309696398", "date": "2021-01-26 00:00:00", "subject": "3", "recorded-or-robo": "Y", "city": "", "state": "IL", "area-code": "630"}, {"id": "490dde24b259add1335244cd1b6c2d10", "number": "7023996634", "date": "2021-01-26 09:27:00", "subject": "4", "recorded-or-robo": "Y", "city": "", "state": "NV", "area-code": "702"}, {"id": "490dde24b259add1335244cd1b6c22e8", "number": "2393235113", "date": "2021-01-26 11:42:00", "subject": "6", "recorded-or-robo": "N", "city": "Smyrna", "state": "TN", "area-code": "615"}, {"id": "490dde24b259add1335244cd1b6c0f9d", "number": "4152615763", "date": "2021-01-26 09:42:00", "subject": "2", "recorded-or-robo": "N", "city": "santa rosa", "state": "CA", "area-code": "707"}, {"id": "490dde24b259add1335244cd1b6c020c", "number": "9043398670", "date": "2021-01-22 09:16:00", "subject": "5", "recorded-or-robo": "Y", "city": "", "state": "FL", "area-code": "813"}, {"id": "490dde24b259add1335244cd1b6c00aa", "number": "5134341585", "date": "2021-01-25 13:00:00", "subject": "1", "recorded-or-robo": "Y", "city": "", "state": "OH", "area-code": "513"}, {"id": "490dde24b259add1335244cd1b6bf275", "number": "4322633787", "date": "2021-01-26 11:45:00", "subject": "4", "recorded-or-robo": "Y", "city": "Austin", "state": "TX", "area-code": "512"}, {"id": "490dde24b259add1335244cd1b6bea09", "number": "9419992479", "date": "2021-01-26 12:25:00", "subject": "9", "recorded-or-robo": "N", "city": "", "state": "FL", "area-code": "941"}, {"id": "490dde24b259add1335244cd1b6bdeac", "number": "2315916960", "date": "2021-01-19 16:02:00", "subject": "2", "recorded-or-robo": "Y", "city": "Traverse City", "state": "MI", "area-code": "231"}, {"id": "490dde24b259add1335244cd1b6bd6bc", "number": "5403406753", "date": "2021-01-26 12:45:00", "subject": "6", "recorded-or-robo": "N", "city": "Warrenton", "state": "VA", "area-code": "540"}, {"id": "490dde24b259add1335244cd1b6bcf2e", "number": "7083811850", "date": "2021-01-24 11:52:00", "subject": "6", "recorded-or-robo": "Y", "city": "", "state": "IL", "area-code": "708"}, {"id": "490dde24b259add1335244cd1b6bc943", "number": "2675204879", "date": "2021-01-26 10:46:00", "subject": "4", "recorded-or-robo": "Y", "city": "Mesa", "state": "AZ", "area-code": "480"}, {"id": "490dde24b259add1335244cd1b6bbc84", "number": "2693274882", "date": "2021-01-25 17:15:00", "subject": "2", "recorded-or-robo": "Y", "city": "Portage", "state": "MI", "area-code": "269"}, {"id": "490dde24b259add1335244cd1b6bae00", "number": "5178694672", "date": "2021-01-14 12:28:00", "subject": "0", "recorded-or-robo": "N", "city": "", "state": "MI", "area-code": "248"}, {"id": "490dde24b259add1335244cd1b6bab27", "number": "7042331198", "date": "2021-01-26 12:30:00", "subject": "2", "recorded-or-robo": "N", "city": "", "state": "NC", "area-code": "704"}, {"id": "490dde24b259add1335244cd1b6ba8f5", "number": "7864104947", "date": "2021-01-26 11:51:00", "subject": "2", "recorded-or-robo": "Y", "city": "Erie", "state": "PA", "area-code": "814"}, {"id": "490dde24b259add1335244cd1b6b9d82", "number": "7023996634", "date": "2021-01-26 09:27:00", "subject": "4", "recorded-or-robo": "Y", "city": "", "state": "NV", "area-code": "702"}, {"id": "490dde24b259add1335244cd1b6b99fc", "number": "9312374170", "date": "2021-01-26 11:45:00", "subject": "9", "recorded-or-robo": "Y", "city": "NASHVILLE", "state": "TN", "area-code": "615"}, {"id": "490dde24b259add1335244cd1b6b9346", "number": "7276779682", "date": "2020-12-28 12:33:00", "subject": "3", "recorded-or-robo": "", "city": "Lebanon", "state": "FL", "area-code": "727"}, {"id": "490dde24b259add1335244cd1b6b84c7", "number": "6157524820", "date": "2021-01-23 12:00:00", "subject": "11", "recorded-or-robo": "Y", "city": "Saint Louis", "state": "MO", "area-code": "314"}, {"id": "490dde24b259add1335244cd1b6b8152", "number": "", "date": "2021-01-26 11:40:00", "subject": "2", "recorded-or-robo": "Y", "city": "Colunbus", "state": "MS", "area-code": "662"}, {"id": "490dde24b259add1335244cd1b6b7e32", "number": "2319551986", "date": "2021-01-19 18:27:00", "subject": "2", "recorded-or-robo": "Y", "city": "Traverse City", "state": "MI", "area-code": "231"}, {"id": "490dde24b259add1335244cd1b6b7e0e", "number": "8008536485", "date": "2021-01-26 11:43:00", "subject": "0", "recorded-or-robo": "Y", "city": "", "state": "TX", "area-code": "281"}, {"id": "490dde24b259add1335244cd1b6b7b7e", "number": "8138529106", "date": "2021-01-26 11:54:00", "subject": "4", "recorded-or-robo": "Y", "city": "Orlando", "state": "FL", "area-code": "407"}, {"id": "490dde24b259add1335244cd1b6b753d", "number": "2693271086", "date": "2021-01-25 10:49:00", "subject": "2", "recorded-or-robo": "Y", "city": "Portage", "state": "MI", "area-code": "269"}, {"id": "490dde24b259add1335244cd1b6b74b9", "number": "8134974187", "date": "2021-01-26 12:43:00", "subject": "2", "recorded-or-robo": "N", "city": "Silver Spring", "state": "MD", "area-code": "301"}, {"id": "490dde24b259add1335244cd1b6b6cb6", "number": "3159332126", "date": "2021-01-16 14:30:00", "subject": "1", "recorded-or-robo": "Y", "city": "Philadelphia", "state": "PA", "area-code": "267"}, {"id": "490dde24b259add1335244cd1b6b6b88", "number": "7602390417", "date": "2021-01-26 00:00:00", "subject": "3", "recorded-or-robo": "", "city": "Cathedral city", "state": "CA", "area-code": "818"}, {"id": "490dde24b259add1335244cd1b6b6b1e", "number": "7023995554", "date": "2021-01-26 09:23:00", "subject": "4", "recorded-or-robo": "Y", "city": "", "state": "NV", "area-code": "702"}, {"id": "490dde24b259add1335244cd1b6b5bd4", "number": "7577028334", "date": "2021-01-26 11:35:00", "subject": "0", "recorded-or-robo": "Y", "city": "", "state": "VA", "area-code": "757"}, {"id": "490dde24b259add1335244cd1b6b55bf", "number": "9193756723", "date": "2021-01-26 09:13:00", "subject": "6", "recorded-or-robo": "Y", "city": "durham", "state": "NC", "area-code": "919"}, {"id": "490dde24b259add1335244cd1b6b4c25", "number": "3608457300", "date": "2021-01-21 10:11:00", "subject": "2", "recorded-or-robo": "Y", "city": "Ferndale", "state": "WA", "area-code": "360"}, {"id": "490dde24b259add1335244cd1b6b4195", "number": "9288921188", "date": "2021-01-26 10:42:00", "subject": "0", "recorded-or-robo": "Y", "city": "mesa", "state": "AZ", "area-code": "602"}, {"id": "490dde24b259add1335244cd1b6b3201", "number": "3133796292", "date": "2021-01-26 11:35:00", "subject": "2", "recorded-or-robo": "Y", "city": "Tomball", "state": "TX", "area-code": "281"}, {"id": "490dde24b259add1335244cd1b6b28ad", "number": "", "date": "2021-01-26 10:18:00", "subject": "1", "recorded-or-robo": "Y", "city": "marion", "state": "AR", "area-code": "901"}, {"id": "490dde24b259add1335244cd1b6b2684", "number": "7083957471", "date": "2021-01-26 11:38:00", "subject": "4", "recorded-or-robo": "Y", "city": "", "state": "IL", "area-code": "847"}, {"id": "490dde24b259add1335244cd1b6b2509", "number": "924763947", "date": "2021-01-26 09:12:00", "subject": "2", "recorded-or-robo": "N", "city": "DOUBLE OAK", "state": "TX", "area-code": "214"}, {"id": "490dde24b259add1335244cd1b6b1956", "number": "6066293563", "date": "2021-01-25 08:12:00", "subject": "3", "recorded-or-robo": "Y", "city": "", "state": "NJ", "area-code": "609"}]}