{"data": [{"id": "490dde24b259add1335244cd1b8701f4", "number": "6625790327", "date": "2021-01-26 08:37:00", "subject": "6", "recorded-or-robo": "N", "city": "Starkville", "state": "MS", "area-code": "662"}, {"id": "490dde24b259add1335244cd1b86f379", "number": "7752441805", "date": "2021-01-26 10:15:00", "subject": "2", "recorded-or-robo": "Y", "city": "Reno", "state": "NV", "area-code": "775"}, {"id": "490dde24b259add1335244cd1b86e7ed", "number": "9176753477", "date": "2021-01-26 13:14:00", "subject": "3", "recorded-or-robo": "Y", "city": "", "state": "MA", "area-code": "781"}, {"id": "490dde24b259add1335244cd1b86da3f", "number": "3195127090", "date": "2021-01-15 09:33:00", "subject": "1", "recorded-or-robo": "Y", "city": "Marietta", "state": "GA", "area-code": "770"}, {"id": "490dde24b259add1335244cd1b86d20a", "number": "6012819557", "date": "2021-01-26 12:08:00", "subject": "3", "recorded-or-robo": "", "city": "Petal", "state": "MS", "area-code": "601"}, {"id": "490dde24b259add1335244cd1b86ce8c", "number": "8316013658", "date": "2021-01-26 10:15:00", "subject": "2", "recorded-or-robo": "Y", "city": "Citrus Heights", "state": "CA", "area-code": "831"}, {"id": "490dde24b259add1335244cd1b86c3f1", "number": "2137690589", "date": "2021-01-26 12:00:00", "subject": "2", "recorded-or-robo": "Y", "city": "Ann Arbor", "state": "MI", "area-code": "734"}, {"id": "490dde24b259add1335244cd1b86be93", "number": "2023017676", "date": "2021-01-26 14:01:00", "subject": "1", "recorded-or-robo": "Y", "city": "Allen Park", "state": "MI", "area-code": "313"}, {"id": "490dde24b259add1335244cd1b86bb06", "number": "7542469700", "date": "2021-01-23 13:10:00", "subject": "0", "recorded-or-robo": "N", "city": "Fort Lauderdale", "state": "FL", "area-code": "954"}, {"id": "490dde24b259add1335244cd1b86ba16", "number": "2077213158", "date": "2021-01-26 01:12:00", "subject": "5", "recorded-or-robo": "Y", "city": "", "state": "ME", "area-code": "207"}, {"id": "490dde24b259add1335244cd1b86b8fb", "number": "5033032885", "date": "2021-01-26 10:15:00", "subject": "4", "recorded-or-robo": "Y", "city": "Beaverton", "state": "OR", "area-code": "503"}, {"id": "490dde24b259add1335244cd1b8627a0", "number": "5706589417", "date": "2021-01-26 11:12:00", "subject": "3", "recorded-or-robo": "N", "city": "", "state": "PA", "area-code": "570"}, {"id": "490dde24b259add1335244cd1b86b1e1", "number": "9254934527", "date": "2021-01-26 22:16:00", "subject": "4", "recorded-or-robo": "Y", "city": "", "state": "CA", "area-code": "619"}, {"id": "490dde24b259add1335244cd1b86a3b1", "number": "5854408577", "date": "2021-01-20 14:36:00", "subject": "2", "recorded-or-robo": "Y", "city": "Kirkland", "state": "IL", "area-code": "815"}, {"id": "490dde24b259add1335244cd1b86964d", "number": "8454716260", "date": "2021-01-26 13:15:00", "subject": "6", "recorded-or-robo": "N", "city": "", "state": "NY", "area-code": "845"}, {"id": "490dde24b259add1335244cd1b86868a", "number": "", "date": "2021-01-26 11:13:00", "subject": "4", "recorded-or-robo": "Y", "city": "Fort Collins", "state": "CO", "area-code": "970"}, {"id": "490dde24b259add1335244cd1b867a6f", "number": "6193590957", "date": "2021-01-13 09:45:00", "subject": "0", "recorded-or-robo": "Y", "city": "San Marcos", "state": "CA", "area-code": "760"}, {"id": "490dde24b259add1335244cd1b85a42c", "number": "9136753696", "date": "2021-01-26 10:42:00", "subject": "3", "recorded-or-robo": "N", "city": "", "state": "KS", "area-code": "913"}, {"id": "490dde24b259add1335244cd1b8670cb", "number": "3034958002", "date": "2021-01-26 13:05:00", "subject": "2", "recorded-or-robo": "N", "city": "", "state": "FL", "area-code": "772"}, {"id": "490dde24b259add1335244cd1b866120", "number": "8188617222", "date": "2021-01-26 10:13:00", "subject": "2", "recorded-or-robo": "Y", "city": "Granada Hills", "state": "CA", "area-code": "818"}, {"id": "490dde24b259add1335244cd1b8654a0", "number": "4142063270", "date": "2021-01-26 12:06:00", "subject": "4", "recorded-or-robo": "Y", "city": "New Berlin", "state": "WI", "area-code": "414"}, {"id": "490dde24b259add1335244cd1b864283", "number": "4109343568", "date": "2021-01-21 11:58:00", "subject": "2", "recorded-or-robo": "N", "city": "", "state": "VA", "area-code": "703"}, {"id": "490dde24b259add1335244cd1b8641cd", "number": "3108005058", "date": "2021-01-26 13:14:00", "subject": "0", "recorded-or-robo": "Y", "city": "", "state": "OH", "area-code": "513"}, {"id": "490dde24b259add1335244cd1b86358c", "number": "3303267039", "date": "2021-01-26 12:53:00", "subject": "7", "recorded-or-robo": "N", "city": "Toledo", "state": "OH", "area-code": "419"}, {"id": "490dde24b259add1335244cd1b8626df", "number": "7139722487", "date": "2021-01-26 13:02:00", "subject": "5", "recorded-or-robo": "Y", "city": "Rock Hill", "state": "SC", "area-code": "803"}, {"id": "490dde24b259add1335244cd1b86229b", "number": "", "date": "2021-01-26 12:52:00", "subject": "2", "recorded-or-robo": "Y", "city": "", "state": "NJ", "area-code": "732"}, {"id": "490dde24b259add1335244cd1b861fd8", "number": "2568705634", "date": "2021-01-26 12:14:00", "subject": "16", "recorded-or-robo": "N", "city": "New Market", "state": "AL", "area-code": "256"}, {"id": "490dde24b259add1335244cd1b861f7e", "number": "8182302543", "date": "2021-01-26 10:16:00", "subject": "2", "recorded-or-robo": "", "city": "", "state": "CA", "area-code": "818"}, {"id": "490dde24b259add1335244cd1b86179b", "number": "4793705257", "date": "2021-01-14 15:54:00", "subject": "2", "recorded-or-robo": "Y", "city": "", "state": "AR", "area-code": "479"}, {"id": "490dde24b259add1335244cd1b8611b4", "number": "", "date": "2021-01-26 12:53:00", "subject": "2", "recorded-or-robo": "Y", "city": "Williamsburg", "state": "VA", "area-code": "757"}, {"id": "490dde24b259add1335244cd1b8603f7", "number": "", "date": "2021-01-26 09:31:00", "subject": "2", "recorded-or-robo": "Y", "city": "Hurst", "state": "TX", "area-code": "817"}, {"id": "490dde24b259add1335244cd1b86005c", "number": "2055744176", "date": "2021-01-26 13:00:00", "subject": "4", "recorded-or-robo": "Y", "city": "Roaming Shores", "state": "OH", "area-code": "440"}, {"id": "490dde24b259add1335244cd1b85fbb9", "number": "7862969441", "date": "2021-01-26 13:10:00", "subject": "4", "recorded-or-robo": "Y", "city": "sunnyside", "state": "NY", "area-code": "786"}, {"id": "490dde24b259add1335244cd1b85f652", "number": "4614415", "date": "2021-01-26 12:30:00", "subject": "2", "recorded-or-robo": "N", "city": "MALVERNE", "state": "NY", "area-code": "516"}, {"id": "490dde24b259add1335244cd1b85eed5", "number": "8039014731", "date": "2021-01-26 13:00:00", "subject": "2", "recorded-or-robo": "Y", "city": "", "state": "SC", "area-code": "803"}, {"id": "490dde24b259add1335244cd1b85e0fc", "number": "2512612769", "date": "2021-01-26 09:50:00", "subject": "4", "recorded-or-robo": "Y", "city": "Saraland", "state": "AL", "area-code": "251"}, {"id": "490dde24b259add1335244cd1b85d7e5", "number": "9706950482", "date": "2021-01-20 16:13:00", "subject": "2", "recorded-or-robo": "Y", "city": "Kirkland", "state": "IL", "area-code": "815"}, {"id": "490dde24b259add1335244cd1b85caca", "number": "6052299251", "date": "2021-01-26 11:46:00", "subject": "1", "recorded-or-robo": "Y", "city": "Deer park", "state": "TX", "area-code": "281"}, {"id": "490dde24b259add1335244cd1b85c28c", "number": "2093482872", "date": "2021-01-18 10:20:00", "subject": "4", "recorded-or-robo": "Y", "city": "Santa Maria", "state": "CA", "area-code": "805"}, {"id": "490dde24b259add1335244cd1b85bcab", "number": "9177004639", "date": "2021-01-18 20:36:00", "subject": "9", "recorded-or-robo": "Y", "city": "", "state": "NY", "area-code": "914"}, {"id": "490dde24b259add1335244cd1b85b0a2", "number": "6282019617", "date": "2021-01-26 12:00:00", "subject": "1", "recorded-or-robo": "Y", "city": "Houston", "state": "TX", "area-code": "281"}, {"id": "490dde24b259add1335244cd1b859aaf", "number": "8188617222", "date": "2021-01-26 10:13:00", "subject": "2", "recorded-or-robo": "Y", "city": "Granada Hills", "state": "CA", "area-code": "818"}, {"id": "490dde24b259add1335244cd1b859307", "number": "8885300075", "date": "2021-01-21 14:50:00", "subject": "2", "recorded-or-robo": "Y", "city": "Memphis", "state": "TN", "area-code": "901"}, {"id": "490dde24b259add1335244cd1b858f9d", "number": "9544021700", "date": "2021-01-23 14:15:00", "subject": "2", "recorded-or-robo": "N", "city": "Fort Lauderdale", "state": "FL", "area-code": "954"}, {"id": "490dde24b259add1335244cd1b85825e", "number": "7193127454", "date": "2020-12-15 14:14:00", "subject": "6", "recorded-or-robo": "Y", "city": "Westminster", "state": "CO", "area-code": "303"}, {"id": "490dde24b259add1335244cd1b857bf0", "number": "7752007409", "date": "2021-01-26 10:10:00", "subject": "2", "recorded-or-robo": "N", "city": "Silver Springs", "state": "NV", "area-code": "775"}, {"id": "490dde24b259add1335244cd1b857b76", "number": "8882652117", "date": "2021-01-13 08:47:00", "subject": "2", "recorded-or-robo": "", "city": "Dixon", "state": "IL", "area-code": "630"}, {"id": "490dde24b259add1335244cd1b856dec", "number": "", "date": "2021-01-26 09:53:00", "subject": "0", "recorded-or-robo": "Y", "city": "", "state": "CA", "area-code": "619"}, {"id": "490dde24b259add1335244cd1b855ead", "number": "6318259324", "date": "2021-01-26 13:15:00", "subject": "2", "recorded-or-robo": "N", "city": "", "state": "NY", "area-code": "631"}, {"id": "490dde24b259add1335244cd1b855839", "number": "7862457188", "date": "2021-01-26 09:16:00", "subject": "1", "recorded-or-robo": "Y", "city": "", "state": "CA", "area-code": "786"}]}