{"data": [{"id": "490dde24b259add1335244cd1b0ddec9", "number": "", "date": "2021-01-26 09:33:00", "subject": "3", "recorded-or-robo": "", "city": "", "state": "IL", "area-code": "708"}, {"id": "490dde24b259add1335244cd1b0e0ed8", "number": "5053014438", "date": "2021-01-26 08:38:00", "subject": "2", "recorded-or-robo": "Y", "city": "Grand Junction", "state": "CO", "area-code": "505"}, {"id": "490dde24b259add1335244cd1b0e0d5d", "number": "210883679", "date": "2021-01-26 12:00:00", "subject": "1", "recorded-or-robo": "N", "city": "San Antonio", "state": "TX", "area-code": "210"}, {"id": "490dde24b259add1335244cd1b0e0025", "number": "5203464257", "date": "2021-01-26 10:11:00", "subject": "4", "recorded-or-robo": "Y", "city": "", "state": "NY", "area-code": "347"}, {"id": "490dde24b259add1335244cd1b0dfd6d", "number": "7854187474", "date": "2021-01-25 11:19:00", "subject": "2", "recorded-or-robo": "Y", "city": "", "state": "KS", "area-code": "785"}, {"id": "490dde24b259add1335244cd1b0dfb58", "number": "7273804016", "date": "2021-01-26 10:37:00", "subject": "7", "recorded-or-robo": "Y", "city": "St Petersburg", "state": "FL", "area-code": "727"}, {"id": "490dde24b259add1335244cd1b0df030", "number": "7752566771", "date": "2021-01-26 09:37:00", "subject": "15", "recorded-or-robo": "Y", "city": "Pinehurst", "state": "TX", "area-code": "239"}, {"id": "490dde24b259add1335244cd1b0deeba", "number": "", "date": "2021-01-26 10:25:00", "subject": "7", "recorded-or-robo": "Y", "city": "Upper Darby", "state": "PA", "area-code": "610"}, {"id": "490dde24b259add1335244cd1b0de9e4", "number": "9102402663", "date": "2021-01-26 10:38:00", "subject": "2", "recorded-or-robo": "N", "city": "Wilmington", "state": "NC", "area-code": "910"}, {"id": "490dde24b259add1335244cd1b0ddf11", "number": "2023014850", "date": "2021-01-25 14:52:00", "subject": "2", "recorded-or-robo": "", "city": "", "state": "VA", "area-code": "757"}, {"id": "490dde24b259add1335244cd1b0dd57b", "number": "8173966089", "date": "2021-01-26 09:32:00", "subject": "4", "recorded-or-robo": "Y", "city": "Cleburne", "state": "TX", "area-code": "817"}, {"id": "490dde24b259add1335244cd1b0dd17f", "number": "2057931759", "date": "2021-01-26 09:35:00", "subject": "2", "recorded-or-robo": "N", "city": "Birmingham", "state": "AL", "area-code": "205"}, {"id": "490dde24b259add1335244cd1b0dd077", "number": "2158414020", "date": "2021-01-18 17:58:00", "subject": "0", "recorded-or-robo": "Y", "city": "", "state": "PA", "area-code": "215"}, {"id": "490dde24b259add1335244cd1b0dccf5", "number": "9139320410", "date": "2021-01-26 09:33:00", "subject": "1", "recorded-or-robo": "Y", "city": "", "state": "KS", "area-code": "913"}, {"id": "490dde24b259add1335244cd1b0da584", "number": "9373331800", "date": "2021-01-26 10:38:00", "subject": "3", "recorded-or-robo": "N", "city": "", "state": "CT", "area-code": "860"}, {"id": "490dde24b259add1335244cd1b0d9a0f", "number": "9083088016", "date": "2021-01-25 10:18:00", "subject": "3", "recorded-or-robo": "", "city": "", "state": "NJ", "area-code": "908"}, {"id": "490dde24b259add1335244cd1b0dc49a", "number": "8335651792", "date": "2021-01-26 10:32:00", "subject": "2", "recorded-or-robo": "Y", "city": "Gardner", "state": "MA", "area-code": "978"}, {"id": "490dde24b259add1335244cd1b0dbab2", "number": "4076324964", "date": "2021-01-26 10:38:00", "subject": "4", "recorded-or-robo": "Y", "city": "", "state": "FL", "area-code": "407"}, {"id": "490dde24b259add1335244cd1b0daf8f", "number": "2678175343", "date": "2021-01-26 09:35:00", "subject": "0", "recorded-or-robo": "Y", "city": "River Grove", "state": "IL", "area-code": "708"}, {"id": "490dde24b259add1335244cd1b0d9697", "number": "7632972205", "date": "2021-01-26 09:37:00", "subject": "4", "recorded-or-robo": "Y", "city": "", "state": "MN", "area-code": "763"}, {"id": "490dde24b259add1335244cd1b0d8df8", "number": "3186858383", "date": "2021-01-26 10:30:00", "subject": "2", "recorded-or-robo": "", "city": "", "state": "VA", "area-code": "757"}, {"id": "490dde24b259add1335244cd1b0d81b7", "number": "8638991396", "date": "2021-01-22 20:36:00", "subject": "0", "recorded-or-robo": "Y", "city": "", "state": "PA", "area-code": "215"}, {"id": "490dde24b259add1335244cd1b0d8009", "number": "2254341936", "date": "2021-01-26 09:21:00", "subject": "2", "recorded-or-robo": "N", "city": "Wichita Falls, Texas", "state": "TX", "area-code": "225"}, {"id": "490dde24b259add1335244cd1b0d7b89", "number": "5732508573", "date": "2021-01-26 08:26:00", "subject": "2", "recorded-or-robo": "Y", "city": "", "state": "WI", "area-code": "920"}, {"id": "490dde24b259add1335244cd1b0d7431", "number": "3092727488", "date": "2021-01-25 11:29:00", "subject": "4", "recorded-or-robo": "Y", "city": "", "state": "IL", "area-code": "217"}, {"id": "490dde24b259add1335244cd1b0d6ff4", "number": "9096608085", "date": "2021-01-26 10:16:00", "subject": "3", "recorded-or-robo": "Y", "city": "", "state": "FL", "area-code": "954"}, {"id": "490dde24b259add1335244cd1b0d646a", "number": "8138584347", "date": "2021-01-22 17:20:00", "subject": "7", "recorded-or-robo": "N", "city": "TAMPA", "state": "FL", "area-code": "813"}, {"id": "490dde24b259add1335244cd1b0d5a54", "number": "8563635353", "date": "2021-01-26 10:00:00", "subject": "4", "recorded-or-robo": "N", "city": "WEST DEPTFORD", "state": "NJ", "area-code": "856"}, {"id": "490dde24b259add1335244cd1b0cece1", "number": "3364738744", "date": "2021-01-26 10:36:00", "subject": "3", "recorded-or-robo": "", "city": "", "state": "NC", "area-code": "336"}, {"id": "490dde24b259add1335244cd1b0d5275", "number": "6156106723", "date": "2021-01-26 09:03:00", "subject": "3", "recorded-or-robo": "", "city": "", "state": "TN", "area-code": "615"}, {"id": "490dde24b259add1335244cd1b0d46e2", "number": "3155249418", "date": "2021-01-26 10:03:00", "subject": "2", "recorded-or-robo": "Y", "city": "Newark", "state": "NY", "area-code": "315"}, {"id": "490dde24b259add1335244cd1b0d439a", "number": "7153409345", "date": "2021-01-26 09:32:00", "subject": "2", "recorded-or-robo": "Y", "city": "Clayton", "state": "WI", "area-code": "715"}, {"id": "490dde24b259add1335244cd1b0d3dc2", "number": "2763836500", "date": "2021-01-25 19:11:00", "subject": "2", "recorded-or-robo": "N", "city": "Fairfax", "state": "VA", "area-code": "703"}, {"id": "490dde24b259add1335244cd1b0d3703", "number": "", "date": "2021-01-25 17:18:00", "subject": "7", "recorded-or-robo": "Y", "city": "Upper Darby", "state": "PA", "area-code": "610"}, {"id": "490dde24b259add1335244cd1b0d2bc9", "number": "8155624703", "date": "2021-01-26 09:37:00", "subject": "6", "recorded-or-robo": "N", "city": "Rochelle", "state": "IL", "area-code": "815"}, {"id": "490dde24b259add1335244cd1b0d28e4", "number": "8607442501", "date": "2021-01-26 10:27:00", "subject": "4", "recorded-or-robo": "Y", "city": "Groton", "state": "CT", "area-code": "860"}, {"id": "490dde24b259add1335244cd1b0d1a54", "number": "3155632099", "date": "2021-01-25 12:54:00", "subject": "4", "recorded-or-robo": "Y", "city": "", "state": "PA", "area-code": "215"}, {"id": "490dde24b259add1335244cd1b0d0bde", "number": "6508237367", "date": "2021-01-25 13:36:00", "subject": "2", "recorded-or-robo": "Y", "city": "", "state": "CA", "area-code": "415"}, {"id": "490dde24b259add1335244cd1b0d02da", "number": "2674820217", "date": "2021-01-25 09:42:00", "subject": "2", "recorded-or-robo": "Y", "city": "Lansdowne", "state": "PA", "area-code": "267"}, {"id": "490dde24b259add1335244cd1b0cf583", "number": "3072150779", "date": "2021-01-25 08:28:00", "subject": "0", "recorded-or-robo": "Y", "city": "", "state": "WY", "area-code": "307"}, {"id": "490dde24b259add1335244cd1b0c6845", "number": "", "date": "2021-01-26 09:12:00", "subject": "3", "recorded-or-robo": "", "city": "", "state": "IL", "area-code": "708"}, {"id": "490dde24b259add1335244cd1b0ce087", "number": "9179974856", "date": "2021-01-26 10:31:00", "subject": "2", "recorded-or-robo": "Y", "city": "Bronx", "state": "NY", "area-code": "917"}, {"id": "490dde24b259add1335244cd1b0c7d2e", "number": "2317042588", "date": "2021-01-26 09:12:00", "subject": "3", "recorded-or-robo": "N", "city": "", "state": "MI", "area-code": "231"}, {"id": "490dde24b259add1335244cd1b0cd5de", "number": "2143763436", "date": "2021-01-26 09:16:00", "subject": "2", "recorded-or-robo": "Y", "city": "", "state": "TX", "area-code": "214"}, {"id": "490dde24b259add1335244cd1b0ccb81", "number": "4199600341", "date": "2021-01-26 09:30:00", "subject": "6", "recorded-or-robo": "Y", "city": "", "state": "WV", "area-code": "304"}, {"id": "490dde24b259add1335244cd1b0cc21f", "number": "7707415419", "date": "2021-01-26 10:36:00", "subject": "4", "recorded-or-robo": "Y", "city": "Suwanee", "state": "GA", "area-code": "770"}, {"id": "490dde24b259add1335244cd1b0cb946", "number": "3072150779", "date": "2021-01-25 14:46:00", "subject": "0", "recorded-or-robo": "Y", "city": "", "state": "WY", "area-code": "307"}, {"id": "490dde24b259add1335244cd1b0cb8e2", "number": "8509053491", "date": "2021-01-26 08:33:00", "subject": "4", "recorded-or-robo": "Y", "city": "", "state": "FL", "area-code": "850"}, {"id": "490dde24b259add1335244cd1b0caf36", "number": "8332297978", "date": "2021-01-25 12:00:00", "subject": "0", "recorded-or-robo": "Y", "city": "Coatesville", "state": "PA", "area-code": "610"}, {"id": "490dde24b259add1335244cd1b0caa80", "number": "7035932599", "date": "2021-01-26 10:26:00", "subject": "2", "recorded-or-robo": "N", "city": "Falls Church", "state": "VA", "area-code": "703"}]}