{"data": [{"id": "490dde24b259add1335244cd1b419fbb", "number": "6822171109", "date": "2021-01-26 10:45:00", "subject": "4", "recorded-or-robo": "Y", "city": "Trophy Club", "state": "TX", "area-code": "682"}, {"id": "490dde24b259add1335244cd1b419f7a", "number": "8004517269", "date": "2021-01-26 09:05:00", "subject": "1", "recorded-or-robo": "N", "city": "", "state": "NC", "area-code": "336"}, {"id": "490dde24b259add1335244cd1b4191d7", "number": "", "date": "2021-01-26 11:55:00", "subject": "3", "recorded-or-robo": "Y", "city": "", "state": "FL", "area-code": "813"}, {"id": "490dde24b259add1335244cd1b418758", "number": "8008722657", "date": "2021-01-22 15:15:00", "subject": "5", "recorded-or-robo": "N", "city": "Skokie", "state": "IL", "area-code": "847"}, {"id": "490dde24b259add1335244cd1b4182cf", "number": "3024087218", "date": "2021-01-26 09:39:00", "subject": "4", "recorded-or-robo": "Y", "city": "Glendale", "state": "AZ", "area-code": "602"}, {"id": "490dde24b259add1335244cd1b417fe0", "number": "2534208342", "date": "2021-01-25 08:20:00", "subject": "1", "recorded-or-robo": "Y", "city": "TACOMA", "state": "WA", "area-code": "253"}, {"id": "490dde24b259add1335244cd1b409501", "number": "8832297991", "date": "2021-01-26 00:00:00", "subject": "3", "recorded-or-robo": "N", "city": "", "state": "OH", "area-code": "614"}, {"id": "490dde24b259add1335244cd1b417582", "number": "8765987892", "date": "2021-01-26 08:32:00", "subject": "1", "recorded-or-robo": "Y", "city": "Layton", "state": "UT", "area-code": "801"}, {"id": "490dde24b259add1335244cd1b41755e", "number": "8507475853", "date": "2021-01-11 08:00:00", "subject": "7", "recorded-or-robo": "Y", "city": "Milton", "state": "FL", "area-code": "850"}, {"id": "490dde24b259add1335244cd1b415f22", "number": "3104488163", "date": "2021-01-26 11:43:00", "subject": "2", "recorded-or-robo": "Y", "city": "", "state": "TN", "area-code": "423"}, {"id": "490dde24b259add1335244cd1b415bdc", "number": "2819405202", "date": "2021-01-26 10:52:00", "subject": "5", "recorded-or-robo": "Y", "city": "League City", "state": "TX", "area-code": "281"}, {"id": "490dde24b259add1335244cd1b4158a4", "number": "8801701165077", "date": "2021-01-24 20:19:00", "subject": "1", "recorded-or-robo": "Y", "city": "", "state": "WI", "area-code": "414"}, {"id": "490dde24b259add1335244cd1b414d82", "number": "2677783712", "date": "2021-01-26 11:53:00", "subject": "4", "recorded-or-robo": "Y", "city": "Alexandria", "state": "VA", "area-code": "703"}, {"id": "490dde24b259add1335244cd1b414908", "number": "52025307048", "date": "2021-01-15 14:59:00", "subject": "2", "recorded-or-robo": "N", "city": "Hayward", "state": "MN", "area-code": "218"}, {"id": "490dde24b259add1335244cd1b414367", "number": "5176557497", "date": "2021-01-26 12:00:00", "subject": "3", "recorded-or-robo": "Y", "city": "Williamston", "state": "MI", "area-code": "517"}, {"id": "490dde24b259add1335244cd1b413a71", "number": "5018427098", "date": "2021-01-26 11:41:00", "subject": "4", "recorded-or-robo": "Y", "city": "Huntersville", "state": "NC", "area-code": "201"}, {"id": "490dde24b259add1335244cd1b4132a8", "number": "2158797963", "date": "2021-01-26 11:15:00", "subject": "3", "recorded-or-robo": "Y", "city": "", "state": "PA", "area-code": "215"}, {"id": "490dde24b259add1335244cd1b41237e", "number": "8473488068", "date": "2021-01-26 09:36:00", "subject": "1", "recorded-or-robo": "Y", "city": "evanston", "state": "IL", "area-code": "847"}, {"id": "490dde24b259add1335244cd1b40ab1e", "number": "2015812408", "date": "2021-01-26 11:53:00", "subject": "3", "recorded-or-robo": "N", "city": "", "state": "NJ", "area-code": "201"}, {"id": "490dde24b259add1335244cd1b411dc0", "number": "3527587033", "date": "2021-01-26 11:54:00", "subject": "4", "recorded-or-robo": "Y", "city": "", "state": "NY", "area-code": "917"}, {"id": "490dde24b259add1335244cd1b411d3f", "number": "4056469522", "date": "2021-01-26 10:44:00", "subject": "2", "recorded-or-robo": "", "city": "larsen", "state": "WI", "area-code": "920"}, {"id": "490dde24b259add1335244cd1b411406", "number": "2678238299", "date": "2021-01-26 11:53:00", "subject": "0", "recorded-or-robo": "", "city": "Wayne", "state": "PA", "area-code": "610"}, {"id": "490dde24b259add1335244cd1b406a45", "number": "8441928467", "date": "2021-01-26 11:26:00", "subject": "3", "recorded-or-robo": "N", "city": "", "state": "CT", "area-code": "860"}, {"id": "490dde24b259add1335244cd1b41125f", "number": "9179853706", "date": "2021-01-26 11:49:00", "subject": "4", "recorded-or-robo": "Y", "city": "Brooklyn", "state": "NY", "area-code": "917"}, {"id": "490dde24b259add1335244cd1b410ab6", "number": "8202342096", "date": "2021-01-25 12:20:00", "subject": "2", "recorded-or-robo": "", "city": "Fresno", "state": "CA", "area-code": "559"}, {"id": "490dde24b259add1335244cd1b4102bb", "number": "9155404731", "date": "2021-01-19 09:21:00", "subject": "0", "recorded-or-robo": "Y", "city": "Tacoma", "state": "WA", "area-code": "253"}, {"id": "490dde24b259add1335244cd1b40514c", "number": "", "date": "2021-01-26 00:00:00", "subject": "3", "recorded-or-robo": "N", "city": "", "state": "MA", "area-code": "781"}, {"id": "490dde24b259add1335244cd1b40f26e", "number": "3023376692", "date": "2021-01-26 11:52:00", "subject": "4", "recorded-or-robo": "Y", "city": "Hampstead", "state": "NC", "area-code": "630"}, {"id": "490dde24b259add1335244cd1b40e4f0", "number": "9809070889", "date": "2021-01-25 09:24:00", "subject": "1", "recorded-or-robo": "Y", "city": "Fremont", "state": "NE", "area-code": "402"}, {"id": "490dde24b259add1335244cd1b40ddcb", "number": "2162787250", "date": "2021-01-26 11:27:00", "subject": "3", "recorded-or-robo": "Y", "city": "EUCLID", "state": "OH", "area-code": "216"}, {"id": "490dde24b259add1335244cd1b40dadd", "number": "5625122685", "date": "2021-01-21 13:11:00", "subject": "4", "recorded-or-robo": "Y", "city": "Gaithersburg", "state": "MD", "area-code": "415"}, {"id": "490dde24b259add1335244cd1b40d4db", "number": "5166234611", "date": "2021-01-26 11:53:00", "subject": "0", "recorded-or-robo": "Y", "city": "", "state": "NY", "area-code": "914"}, {"id": "490dde24b259add1335244cd1b40cb93", "number": "2246730001", "date": "2021-01-26 00:00:00", "subject": "3", "recorded-or-robo": "", "city": "", "state": "IL", "area-code": "224"}, {"id": "490dde24b259add1335244cd1b40c4b6", "number": "3056026583", "date": "2021-01-25 16:36:00", "subject": "0", "recorded-or-robo": "N", "city": "Miami", "state": "FL", "area-code": "305"}, {"id": "490dde24b259add1335244cd1b40c028", "number": "6058469984", "date": "2021-01-20 12:16:00", "subject": "4", "recorded-or-robo": "Y", "city": "Epping", "state": "ND", "area-code": "605"}, {"id": "490dde24b259add1335244cd1b40b824", "number": "4237885535", "date": "2021-01-26 09:43:00", "subject": "2", "recorded-or-robo": "Y", "city": "kingsport", "state": "TN", "area-code": "423"}, {"id": "490dde24b259add1335244cd1b40b4a5", "number": "7344515051", "date": "2021-01-26 10:30:00", "subject": "3", "recorded-or-robo": "Y", "city": "", "state": "TX", "area-code": "214"}, {"id": "490dde24b259add1335244cd1b409f6d", "number": "2246703575", "date": "2021-01-26 00:00:00", "subject": "3", "recorded-or-robo": "", "city": "", "state": "IL", "area-code": "224"}, {"id": "490dde24b259add1335244cd1b40938d", "number": "7026432393", "date": "2021-01-25 09:43:00", "subject": "0", "recorded-or-robo": "Y", "city": "North Las Vegas", "state": "NV", "area-code": "702"}, {"id": "490dde24b259add1335244cd1b408f25", "number": "", "date": "2021-01-26 11:00:00", "subject": "4", "recorded-or-robo": "Y", "city": "", "state": "PA", "area-code": "724"}, {"id": "490dde24b259add1335244cd1b408e03", "number": "", "date": "2021-01-26 12:00:00", "subject": "2", "recorded-or-robo": "Y", "city": "Warr Acres", "state": "OK", "area-code": "405"}, {"id": "490dde24b259add1335244cd1b40820d", "number": "126113759000086", "date": "2021-01-26 11:38:00", "subject": "2", "recorded-or-robo": "Y", "city": "East Tawas", "state": "MI", "area-code": "989"}, {"id": "490dde24b259add1335244cd1b4074ca", "number": "4154048430", "date": "2021-01-21 15:12:00", "subject": "3", "recorded-or-robo": "Y", "city": "Las Vegas", "state": "NV", "area-code": "702"}, {"id": "490dde24b259add1335244cd1b406482", "number": "8158939616", "date": "2021-01-26 09:36:00", "subject": "3", "recorded-or-robo": "Y", "city": "Crystal Lake", "state": "IL", "area-code": "815"}, {"id": "490dde24b259add1335244cd1b406097", "number": "2815007645", "date": "2021-01-26 10:25:00", "subject": "4", "recorded-or-robo": "Y", "city": "Houston", "state": "TX", "area-code": "281"}, {"id": "490dde24b259add1335244cd1b405f23", "number": "3145705455", "date": "2021-01-23 15:21:00", "subject": "1", "recorded-or-robo": "Y", "city": "Saint Louis", "state": "MO", "area-code": "314"}, {"id": "490dde24b259add1335244cd1b405894", "number": "3217947917", "date": "2021-01-26 11:38:00", "subject": "4", "recorded-or-robo": "Y", "city": "Heathrow", "state": "FL", "area-code": "321"}, {"id": "490dde24b259add1335244cd1b4053d3", "number": "2246701214", "date": "2021-01-26 00:00:00", "subject": "3", "recorded-or-robo": "", "city": "", "state": "IL", "area-code": "224"}, {"id": "490dde24b259add1335244cd1b404b64", "number": "4144045571", "date": "2021-01-26 10:50:00", "subject": "2", "recorded-or-robo": "Y", "city": "Madison", "state": "WI", "area-code": "608"}, {"id": "490dde24b259add1335244cd1b40412c", "number": "4149408872", "date": "2021-01-24 18:04:00", "subject": "1", "recorded-or-robo": "Y", "city": "", "state": "WI", "area-code": "414"}]}