{"data": [{"id": "490dde24b259add1335244cd1b42f29c", "number": "6612159436", "date": "2021-01-22 11:06:00", "subject": "4", "recorded-or-robo": "", "city": "Fresno", "state": "CA", "area-code": "559"}, {"id": "490dde24b259add1335244cd1b42e4b5", "number": "6468832008", "date": "2021-01-26 09:31:00", "subject": "3", "recorded-or-robo": "N", "city": "", "state": "IL", "area-code": "773"}, {"id": "490dde24b259add1335244cd1b42e472", "number": "3152591147", "date": "2021-01-26 10:21:00", "subject": "11", "recorded-or-robo": "Y", "city": "Utica", "state": "NY", "area-code": "315"}, {"id": "490dde24b259add1335244cd1b42def2", "number": "2180681345", "date": "2021-01-20 11:27:00", "subject": "3", "recorded-or-robo": "Y", "city": "Las Vegas", "state": "NV", "area-code": "702"}, {"id": "490dde24b259add1335244cd1b42de5f", "number": "8003888317", "date": "2021-01-26 11:38:00", "subject": "2", "recorded-or-robo": "Y", "city": "Suffolk", "state": "VA", "area-code": "850"}, {"id": "490dde24b259add1335244cd1b42db9c", "number": "7063776636", "date": "2021-01-26 10:12:00", "subject": "2", "recorded-or-robo": "N", "city": "", "state": "GA", "area-code": "706"}, {"id": "490dde24b259add1335244cd1b42d04e", "number": "7758634981", "date": "2021-01-25 13:36:00", "subject": "1", "recorded-or-robo": "Y", "city": "East Windsor", "state": "NJ", "area-code": "609"}, {"id": "490dde24b259add1335244cd1b42ce75", "number": "6516151708", "date": "2021-01-26 09:29:00", "subject": "0", "recorded-or-robo": "", "city": "SAINT PAUL", "state": "MN", "area-code": "651"}, {"id": "490dde24b259add1335244cd1b42ca79", "number": "3028416652", "date": "2021-01-26 11:48:00", "subject": "6", "recorded-or-robo": "N", "city": "", "state": "DE", "area-code": "302"}, {"id": "490dde24b259add1335244cd1b42bbac", "number": "2082965091", "date": "2021-01-25 17:56:00", "subject": "1", "recorded-or-robo": "Y", "city": "", "state": "ID", "area-code": "208"}, {"id": "490dde24b259add1335244cd1b42b721", "number": "4149402802", "date": "2021-01-24 18:31:00", "subject": "1", "recorded-or-robo": "Y", "city": "", "state": "WI", "area-code": "414"}, {"id": "490dde24b259add1335244cd1b42b4ef", "number": "4233770607", "date": "2021-01-11 17:02:00", "subject": "2", "recorded-or-robo": "N", "city": "kingsport", "state": "TN", "area-code": "423"}, {"id": "490dde24b259add1335244cd1b42b3ae", "number": "3023152106", "date": "2021-01-26 11:42:00", "subject": "4", "recorded-or-robo": "Y", "city": "", "state": "DE", "area-code": "302"}, {"id": "490dde24b259add1335244cd1b42afc5", "number": "8006900531", "date": "2021-01-22 09:51:00", "subject": "4", "recorded-or-robo": "Y", "city": "Epping", "state": "ND", "area-code": "605"}, {"id": "490dde24b259add1335244cd1b42af44", "number": "6307172477", "date": "2021-01-26 09:53:00", "subject": "3", "recorded-or-robo": "Y", "city": "Crystal Lake", "state": "IL", "area-code": "224"}, {"id": "490dde24b259add1335244cd1b42a05e", "number": "6572032768", "date": "2021-01-26 10:56:00", "subject": "5", "recorded-or-robo": "Y", "city": "", "state": "ND", "area-code": "701"}, {"id": "490dde24b259add1335244cd1b4292ef", "number": "8669840249", "date": "2021-01-26 09:55:00", "subject": "5", "recorded-or-robo": "Y", "city": "AURORA", "state": "CO", "area-code": "720"}, {"id": "490dde24b259add1335244cd1b428e86", "number": "8448590010", "date": "2021-01-25 12:00:00", "subject": "11", "recorded-or-robo": "Y", "city": "", "state": "FL", "area-code": "352"}, {"id": "490dde24b259add1335244cd1b4283eb", "number": "5172200123", "date": "2021-01-25 13:00:00", "subject": "2", "recorded-or-robo": "Y", "city": "Williamston", "state": "MI", "area-code": "517"}, {"id": "490dde24b259add1335244cd1b42785f", "number": "9704602743", "date": "2021-01-26 08:53:00", "subject": "4", "recorded-or-robo": "Y", "city": "Belmont", "state": "CA", "area-code": "970"}, {"id": "490dde24b259add1335244cd1b426c04", "number": "3214992810", "date": "2021-01-26 11:32:00", "subject": "4", "recorded-or-robo": "Y", "city": "Heathrow", "state": "FL", "area-code": "321"}, {"id": "490dde24b259add1335244cd1b416ec1", "number": "2565681437", "date": "2021-01-26 10:54:00", "subject": "3", "recorded-or-robo": "N", "city": "", "state": "MN", "area-code": "612"}, {"id": "490dde24b259add1335244cd1b425cb6", "number": "7866385779", "date": "2021-01-26 00:00:00", "subject": "2", "recorded-or-robo": "N", "city": "Fl", "state": "FL", "area-code": "941"}, {"id": "490dde24b259add1335244cd1b425b2a", "number": "2183531011", "date": "2021-01-15 11:28:00", "subject": "2", "recorded-or-robo": "N", "city": "Hayward", "state": "MN", "area-code": "218"}, {"id": "490dde24b259add1335244cd1b42565d", "number": "2086700021", "date": "2021-01-22 11:16:00", "subject": "2", "recorded-or-robo": "Y", "city": "Albion", "state": "ID", "area-code": "208"}, {"id": "490dde24b259add1335244cd1b424e62", "number": "6467791930", "date": "2021-01-26 10:16:00", "subject": "1", "recorded-or-robo": "N", "city": "Utica", "state": "NY", "area-code": "315"}, {"id": "490dde24b259add1335244cd1b424e4e", "number": "4693560062", "date": "2021-01-26 00:00:00", "subject": "3", "recorded-or-robo": "", "city": "", "state": "IL", "area-code": "224"}, {"id": "490dde24b259add1335244cd1b424c77", "number": "5034613152", "date": "2021-01-26 08:36:00", "subject": "0", "recorded-or-robo": "", "city": "Milwaukie", "state": "OR", "area-code": "503"}, {"id": "490dde24b259add1335244cd1b423ff6", "number": "7176242019", "date": "2021-01-26 11:51:00", "subject": "3", "recorded-or-robo": "Y", "city": "", "state": "PA", "area-code": "717"}, {"id": "490dde24b259add1335244cd1b423a00", "number": "", "date": "2021-01-26 11:57:00", "subject": "16", "recorded-or-robo": "N", "city": "Commerce", "state": "GA", "area-code": "770"}, {"id": "490dde24b259add1335244cd1b422c2b", "number": "7756247632", "date": "2021-01-26 08:53:00", "subject": "7", "recorded-or-robo": "Y", "city": "San Francisco", "state": "CA", "area-code": "415"}, {"id": "490dde24b259add1335244cd1b421e3f", "number": "", "date": "2021-01-26 10:32:00", "subject": "5", "recorded-or-robo": "Y", "city": "", "state": "IL", "area-code": "773"}, {"id": "490dde24b259add1335244cd1b42185d", "number": "5128085201", "date": "2021-01-26 21:54:00", "subject": "2", "recorded-or-robo": "Y", "city": "", "state": "TX", "area-code": "512"}, {"id": "490dde24b259add1335244cd1b421039", "number": "2126769471", "date": "2020-12-20 16:52:00", "subject": "2", "recorded-or-robo": "", "city": "Portsmouth", "state": "OH", "area-code": "740"}, {"id": "490dde24b259add1335244cd1b420857", "number": "7326311158", "date": "2021-01-26 11:44:00", "subject": "5", "recorded-or-robo": "Y", "city": "Long Branch", "state": "NJ", "area-code": "732"}, {"id": "490dde24b259add1335244cd1b42050f", "number": "4149404465", "date": "2021-01-24 18:25:00", "subject": "1", "recorded-or-robo": "Y", "city": "", "state": "WI", "area-code": "414"}, {"id": "490dde24b259add1335244cd1b420260", "number": "4027273667", "date": "2021-01-25 08:10:00", "subject": "1", "recorded-or-robo": "Y", "city": "Fremont", "state": "NE", "area-code": "402"}, {"id": "490dde24b259add1335244cd1b41fcd0", "number": "7026358814", "date": "2021-01-26 08:42:00", "subject": "0", "recorded-or-robo": "Y", "city": "North Las Vegas", "state": "NV", "area-code": "702"}, {"id": "490dde24b259add1335244cd1b41f75d", "number": "6572795118", "date": "2021-01-26 08:15:00", "subject": "2", "recorded-or-robo": "Y", "city": "", "state": "CA", "area-code": "408"}, {"id": "490dde24b259add1335244cd1b41f2bc", "number": "7017134345", "date": "2021-01-22 09:43:00", "subject": "4", "recorded-or-robo": "Y", "city": "Epping", "state": "ND", "area-code": "605"}, {"id": "490dde24b259add1335244cd1b41e665", "number": "2533424566", "date": "2021-01-13 14:37:00", "subject": "0", "recorded-or-robo": "Y", "city": "Tacoma", "state": "WA", "area-code": "253"}, {"id": "490dde24b259add1335244cd1b41de81", "number": "7603723185", "date": "2021-01-22 14:57:00", "subject": "3", "recorded-or-robo": "", "city": "Fresno", "state": "CA", "area-code": "559"}, {"id": "490dde24b259add1335244cd1b40f425", "number": "9198213975", "date": "2021-01-25 18:14:00", "subject": "3", "recorded-or-robo": "N", "city": "", "state": "NC", "area-code": "919"}, {"id": "490dde24b259add1335244cd1b41d5fe", "number": "8656741471", "date": "2021-01-26 11:41:00", "subject": "1", "recorded-or-robo": "N", "city": "Clinton", "state": "TN", "area-code": "865"}, {"id": "490dde24b259add1335244cd1b41cd7f", "number": "4848934885", "date": "2021-01-26 11:53:00", "subject": "2", "recorded-or-robo": "Y", "city": "Gladwyne", "state": "PA", "area-code": "610"}, {"id": "490dde24b259add1335244cd1b41c491", "number": "7066751179", "date": "2021-01-26 11:50:00", "subject": "2", "recorded-or-robo": "Y", "city": "Columbus", "state": "GA", "area-code": "706"}, {"id": "490dde24b259add1335244cd1b41bc51", "number": "4233754100", "date": "2021-01-14 17:13:00", "subject": "2", "recorded-or-robo": "Y", "city": "kingsport", "state": "TN", "area-code": "423"}, {"id": "490dde24b259add1335244cd1b41ad11", "number": "5403850717", "date": "2021-01-26 11:52:00", "subject": "4", "recorded-or-robo": "Y", "city": "Roanoke", "state": "VA", "area-code": "540"}, {"id": "490dde24b259add1335244cd1b41a4c1", "number": "2158799377", "date": "2021-01-25 12:06:00", "subject": "3", "recorded-or-robo": "Y", "city": "", "state": "PA", "area-code": "215"}, {"id": "490dde24b259add1335244cd1b41a1ad", "number": "7023751982", "date": "2021-01-22 12:49:00", "subject": "2", "recorded-or-robo": "Y", "city": "Las Vegas", "state": "NV", "area-code": "702"}]}