{"data": [{"id": "490dde24b259add1335244cd1b1aa180", "number": "3187180794", "date": "2021-01-26 11:00:00", "subject": "4", "recorded-or-robo": "Y", "city": "Brunswick", "state": "ME", "area-code": "318"}, {"id": "490dde24b259add1335244cd1b1a94ca", "number": "3048735408", "date": "2021-01-26 10:52:00", "subject": "3", "recorded-or-robo": "Y", "city": "", "state": "WV", "area-code": "304"}, {"id": "490dde24b259add1335244cd1b1a86e0", "number": "3178955941", "date": "2021-01-26 10:48:00", "subject": "1", "recorded-or-robo": "Y", "city": "Greenfield", "state": "IN", "area-code": "317"}, {"id": "490dde24b259add1335244cd1b1a84f5", "number": "3364593915", "date": "2021-01-26 10:39:00", "subject": "4", "recorded-or-robo": "Y", "city": "High Point", "state": "NC", "area-code": "336"}, {"id": "490dde24b259add1335244cd1b1a80a2", "number": "", "date": "2021-01-26 10:38:00", "subject": "4", "recorded-or-robo": "Y", "city": "Virginia Beach", "state": "VA", "area-code": "757"}, {"id": "490dde24b259add1335244cd1b1a801a", "number": "4783224261", "date": "2021-01-26 11:00:00", "subject": "6", "recorded-or-robo": "N", "city": "Milledgeville", "state": "GA", "area-code": "478"}, {"id": "490dde24b259add1335244cd1b1a7f52", "number": "3862533517", "date": "2021-01-26 10:56:00", "subject": "0", "recorded-or-robo": "", "city": "DAYTONA BEACH", "state": "FL", "area-code": "386"}, {"id": "490dde24b259add1335244cd1b1a7494", "number": "8004633359", "date": "2021-01-25 05:00:00", "subject": "5", "recorded-or-robo": "Y", "city": "CIRCLEVILLE", "state": "OH", "area-code": "740"}, {"id": "490dde24b259add1335244cd1b1a731b", "number": "7153354237", "date": "2021-01-26 08:08:00", "subject": "6", "recorded-or-robo": "N", "city": "Stevens Point", "state": "WI", "area-code": "715"}, {"id": "490dde24b259add1335244cd1b1a7306", "number": "7207741525", "date": "2021-01-25 16:07:00", "subject": "2", "recorded-or-robo": "Y", "city": "Clemmons", "state": "NC", "area-code": "910"}, {"id": "490dde24b259add1335244cd1b1a6e71", "number": "9192078741", "date": "2021-01-26 10:56:00", "subject": "4", "recorded-or-robo": "Y", "city": "Four Oaks", "state": "NC", "area-code": "919"}, {"id": "490dde24b259add1335244cd1b1a6640", "number": "2066006080", "date": "2021-01-26 10:49:00", "subject": "1", "recorded-or-robo": "Y", "city": "Weaverville", "state": "NC", "area-code": "828"}, {"id": "490dde24b259add1335244cd1b1a56f4", "number": "2168658439", "date": "2021-01-26 10:59:00", "subject": "4", "recorded-or-robo": "Y", "city": "", "state": "OH", "area-code": "216"}, {"id": "490dde24b259add1335244cd1b1a544d", "number": "4235890568", "date": "2021-01-21 14:36:00", "subject": "5", "recorded-or-robo": "Y", "city": "Cleveland", "state": "TN", "area-code": "423"}, {"id": "490dde24b259add1335244cd1b1a458a", "number": "2544777858", "date": "2021-01-26 09:57:00", "subject": "6", "recorded-or-robo": "Y", "city": "", "state": "TX", "area-code": "254"}, {"id": "490dde24b259add1335244cd1b1a38cf", "number": "3523064007", "date": "2021-01-26 10:59:00", "subject": "0", "recorded-or-robo": "", "city": "Shaker Heights", "state": "OH", "area-code": "216"}, {"id": "490dde24b259add1335244cd1b1a291a", "number": "2037796327", "date": "2021-01-26 10:58:00", "subject": "0", "recorded-or-robo": "N", "city": "", "state": "CT", "area-code": "203"}, {"id": "490dde24b259add1335244cd1b1a2850", "number": "3312594909", "date": "2021-01-26 10:00:00", "subject": "0", "recorded-or-robo": "Y", "city": "", "state": "", "area-code": "331"}, {"id": "490dde24b259add1335244cd1b1a20cc", "number": "4432412896", "date": "2021-01-20 16:10:00", "subject": "4", "recorded-or-robo": "N", "city": "Venice", "state": "MD", "area-code": "443"}, {"id": "490dde24b259add1335244cd1b1a115e", "number": "5136096415", "date": "2021-01-26 10:55:00", "subject": "7", "recorded-or-robo": "N", "city": "", "state": "OH", "area-code": "513"}, {"id": "490dde24b259add1335244cd1b1a0297", "number": "8542273186", "date": "2021-01-26 10:58:00", "subject": "2", "recorded-or-robo": "Y", "city": "ANDERSON", "state": "SC", "area-code": "864"}, {"id": "490dde24b259add1335244cd1b1a0074", "number": "3852629188", "date": "2021-01-26 08:59:00", "subject": "3", "recorded-or-robo": "Y", "city": "", "state": "UT", "area-code": "801"}, {"id": "490dde24b259add1335244cd1b19f6d3", "number": "3364593915", "date": "2021-01-26 09:20:00", "subject": "4", "recorded-or-robo": "Y", "city": "High Point", "state": "NC", "area-code": "336"}, {"id": "490dde24b259add1335244cd1b19f405", "number": "6622737210", "date": "2021-01-26 09:53:00", "subject": "5", "recorded-or-robo": "Y", "city": "Sioux Falls", "state": "SD", "area-code": "662"}, {"id": "490dde24b259add1335244cd1b19eca4", "number": "9255746375", "date": "2021-01-25 14:00:00", "subject": "2", "recorded-or-robo": "Y", "city": "Ca", "state": "CA", "area-code": "925"}, {"id": "490dde24b259add1335244cd1b19df06", "number": "7864104947", "date": "2021-01-26 10:50:00", "subject": "2", "recorded-or-robo": "Y", "city": "Charlotte+NC", "state": "NC", "area-code": "704"}, {"id": "490dde24b259add1335244cd1b19d661", "number": "8005411734", "date": "2021-01-26 09:41:00", "subject": "3", "recorded-or-robo": "", "city": "Falls City", "state": "NE", "area-code": "402"}, {"id": "490dde24b259add1335244cd1b19d018", "number": "", "date": "2021-01-26 10:55:00", "subject": "3", "recorded-or-robo": "Y", "city": "", "state": "FL", "area-code": "954"}, {"id": "490dde24b259add1335244cd1b19c474", "number": "2088483510", "date": "2021-01-26 09:00:00", "subject": "4", "recorded-or-robo": "N", "city": "", "state": "ID", "area-code": "208"}, {"id": "490dde24b259add1335244cd1b19be85", "number": "7193092274", "date": "2021-01-26 10:56:00", "subject": "4", "recorded-or-robo": "Y", "city": "Miami Lakes", "state": "FL", "area-code": "305"}, {"id": "490dde24b259add1335244cd1b19b0f4", "number": "9184703441", "date": "2021-01-26 07:37:00", "subject": "2", "recorded-or-robo": "Y", "city": "Mcalester", "state": "OK", "area-code": "408"}, {"id": "490dde24b259add1335244cd1b19aba3", "number": "2172151148", "date": "2021-01-26 10:57:00", "subject": "4", "recorded-or-robo": "Y", "city": "Jacksonville", "state": "FL", "area-code": "904"}, {"id": "490dde24b259add1335244cd1b19aa55", "number": "4048653354", "date": "2021-01-26 11:00:00", "subject": "6", "recorded-or-robo": "N", "city": "Woodstock", "state": "GA", "area-code": "404"}, {"id": "490dde24b259add1335244cd1b199da1", "number": "3525973179", "date": "2021-01-26 10:49:00", "subject": "4", "recorded-or-robo": "Y", "city": "Miami", "state": "FL", "area-code": "305"}, {"id": "490dde24b259add1335244cd1b199abd", "number": "4108472211", "date": "2021-01-26 10:58:00", "subject": "4", "recorded-or-robo": "Y", "city": "Ellicott City", "state": "MD", "area-code": "410"}, {"id": "490dde24b259add1335244cd1b198c34", "number": "9142964937", "date": "2021-01-26 10:59:00", "subject": "11", "recorded-or-robo": "Y", "city": "Elmsford", "state": "NY", "area-code": "914"}, {"id": "490dde24b259add1335244cd1b1911b7", "number": "3609286396", "date": "2021-01-26 09:30:00", "subject": "3", "recorded-or-robo": "N", "city": "", "state": "CA", "area-code": "925"}, {"id": "490dde24b259add1335244cd1b1989e2", "number": "5512711399", "date": "2021-01-26 10:38:00", "subject": "0", "recorded-or-robo": "Y", "city": "", "state": "NJ", "area-code": "201"}, {"id": "490dde24b259add1335244cd1b197e0e", "number": "6308474149", "date": "2021-01-26 09:40:00", "subject": "2", "recorded-or-robo": "Y", "city": "", "state": "MN", "area-code": "612"}, {"id": "490dde24b259add1335244cd1b19772c", "number": "8642749366", "date": "2021-01-26 10:58:00", "subject": "2", "recorded-or-robo": "Y", "city": "ANDERSON", "state": "SC", "area-code": "864"}, {"id": "490dde24b259add1335244cd1b196b6c", "number": "9712865599", "date": "2021-01-26 10:52:00", "subject": "4", "recorded-or-robo": "Y", "city": "Atlanta", "state": "GA", "area-code": "404"}, {"id": "490dde24b259add1335244cd1b196b62", "number": "8552672343", "date": "2021-01-26 09:55:00", "subject": "0", "recorded-or-robo": "N", "city": "Sand Springs", "state": "OK", "area-code": "918"}, {"id": "490dde24b259add1335244cd1b1969ae", "number": "5755577547", "date": "2021-01-26 10:57:00", "subject": "4", "recorded-or-robo": "Y", "city": "", "state": "VA", "area-code": "276"}, {"id": "490dde24b259add1335244cd1b196866", "number": "3364929920", "date": "2021-01-26 09:10:00", "subject": "4", "recorded-or-robo": "Y", "city": "High Point", "state": "NC", "area-code": "336"}, {"id": "490dde24b259add1335244cd1b195958", "number": "8773036796", "date": "2021-01-26 10:58:00", "subject": "6", "recorded-or-robo": "Y", "city": "", "state": "NY", "area-code": "914"}, {"id": "490dde24b259add1335244cd1b195698", "number": "8332297994", "date": "2021-01-26 10:57:00", "subject": "2", "recorded-or-robo": "N", "city": "Port Matilda", "state": "PA", "area-code": "814"}, {"id": "490dde24b259add1335244cd1b195185", "number": "8333041447", "date": "2021-01-26 09:41:00", "subject": "4", "recorded-or-robo": "Y", "city": "Broken Arrow", "state": "OK", "area-code": "918"}, {"id": "490dde24b259add1335244cd1b1947f7", "number": "4845078206", "date": "2021-01-26 08:55:00", "subject": "2", "recorded-or-robo": "N", "city": "new mexico", "state": "NM", "area-code": "484"}, {"id": "490dde24b259add1335244cd1b193aa6", "number": "2012496420", "date": "2021-01-26 10:10:00", "subject": "4", "recorded-or-robo": "Y", "city": "Middlesex ave", "state": "NJ", "area-code": "732"}, {"id": "490dde24b259add1335244cd1b193250", "number": "6468604192", "date": "2021-01-25 15:53:00", "subject": "2", "recorded-or-robo": "N", "city": "Orlando", "state": "FL", "area-code": "646"}]}