{"data": [{"id": "490dde24b259add1335244cd1b3d29d0", "number": "4403446138", "date": "2021-01-26 08:00:00", "subject": "2", "recorded-or-robo": "Y", "city": "Spring Hill", "state": "FL", "area-code": "440"}, {"id": "490dde24b259add1335244cd1b3d20ef", "number": "4042446576", "date": "2021-01-26 11:10:00", "subject": "0", "recorded-or-robo": "N", "city": "Brookhaven", "state": "GA", "area-code": "678"}, {"id": "490dde24b259add1335244cd1b3d1f03", "number": "6056671010", "date": "2021-01-26 09:50:00", "subject": "4", "recorded-or-robo": "Y", "city": "", "state": "SD", "area-code": "605"}, {"id": "490dde24b259add1335244cd1b3d14d9", "number": "6147411597", "date": "2021-01-26 11:40:00", "subject": "4", "recorded-or-robo": "Y", "city": "", "state": "OH", "area-code": "614"}, {"id": "490dde24b259add1335244cd1b3d11e0", "number": "", "date": "2021-01-25 12:00:00", "subject": "1", "recorded-or-robo": "Y", "city": "Milwaukie", "state": "OR", "area-code": "503"}, {"id": "490dde24b259add1335244cd1b3d0334", "number": "7432238037", "date": "2021-01-26 11:35:00", "subject": "0", "recorded-or-robo": "N", "city": "Dobson", "state": "NC", "area-code": "336"}, {"id": "490dde24b259add1335244cd1b3d0323", "number": "46979764136", "date": "2021-01-24 10:07:00", "subject": "0", "recorded-or-robo": "Y", "city": "North Las Vegas", "state": "NV", "area-code": "702"}, {"id": "490dde24b259add1335244cd1b3cfc3d", "number": "9802208614", "date": "2021-01-26 10:17:00", "subject": "4", "recorded-or-robo": "Y", "city": "lino lakes", "state": "MN", "area-code": "651"}, {"id": "490dde24b259add1335244cd1b3cf421", "number": "8477121677", "date": "2021-01-25 15:36:00", "subject": "0", "recorded-or-robo": "N", "city": "Skokie", "state": "IL", "area-code": "847"}, {"id": "490dde24b259add1335244cd1b3ce791", "number": "9203364436", "date": "2021-01-26 10:48:00", "subject": "2", "recorded-or-robo": "N", "city": "Green Bay", "state": "WI", "area-code": "920"}, {"id": "490dde24b259add1335244cd1b3cdd71", "number": "3022895220", "date": "2021-01-26 10:23:00", "subject": "3", "recorded-or-robo": "", "city": "Newark", "state": "DE", "area-code": "302"}, {"id": "490dde24b259add1335244cd1b3cdd26", "number": "2189756195", "date": "2021-01-26 10:45:00", "subject": "4", "recorded-or-robo": "Y", "city": "SAINT PAUL", "state": "MN", "area-code": "218"}, {"id": "490dde24b259add1335244cd1b3cd42d", "number": "3526456082", "date": "2021-01-26 11:40:00", "subject": "4", "recorded-or-robo": "Y", "city": "Spring Hill", "state": "FL", "area-code": "352"}, {"id": "490dde24b259add1335244cd1b3cc4ed", "number": "8882474080", "date": "2021-01-25 18:20:00", "subject": "3", "recorded-or-robo": "Y", "city": "", "state": "NH", "area-code": "603"}, {"id": "490dde24b259add1335244cd1b3cb9b6", "number": "3193308832", "date": "2021-01-26 10:47:00", "subject": "5", "recorded-or-robo": "Y", "city": "", "state": "IA", "area-code": "202"}, {"id": "490dde24b259add1335244cd1b3cacba", "number": "7278889526", "date": "2021-01-26 11:47:00", "subject": "0", "recorded-or-robo": "N", "city": "Miami", "state": "FL", "area-code": "305"}, {"id": "490dde24b259add1335244cd1b3cab08", "number": "6056389538", "date": "2021-01-08 12:55:00", "subject": "4", "recorded-or-robo": "Y", "city": "Epping", "state": "ND", "area-code": "605"}, {"id": "490dde24b259add1335244cd1b3ca64b", "number": "8132094226", "date": "2021-01-26 11:38:00", "subject": "4", "recorded-or-robo": "Y", "city": "Tallahassee", "state": "FL", "area-code": "850"}, {"id": "490dde24b259add1335244cd1b3c9b54", "number": "4028739176", "date": "2021-01-25 14:51:00", "subject": "1", "recorded-or-robo": "Y", "city": "Nebraska City", "state": "NE", "area-code": "402"}, {"id": "490dde24b259add1335244cd1b3c8c46", "number": "", "date": "2021-01-26 10:45:00", "subject": "3", "recorded-or-robo": "Y", "city": "", "state": "TX", "area-code": "979"}, {"id": "490dde24b259add1335244cd1b3c7d4e", "number": "2092602333", "date": "2021-01-26 10:03:00", "subject": "3", "recorded-or-robo": "", "city": "Newark", "state": "DE", "area-code": "302"}, {"id": "490dde24b259add1335244cd1b3c6dd5", "number": "4126937587", "date": "2021-01-26 11:35:00", "subject": "3", "recorded-or-robo": "Y", "city": "", "state": "PA", "area-code": "724"}, {"id": "490dde24b259add1335244cd1b3c664d", "number": "2183531038", "date": "2021-01-22 09:32:00", "subject": "2", "recorded-or-robo": "N", "city": "Hayward", "state": "MN", "area-code": "218"}, {"id": "490dde24b259add1335244cd1b3c58f1", "number": "9802208614", "date": "2021-01-26 10:35:00", "subject": "4", "recorded-or-robo": "Y", "city": "lino lakes", "state": "MN", "area-code": "651"}, {"id": "490dde24b259add1335244cd1b3c5353", "number": "3365372519", "date": "2021-01-26 11:40:00", "subject": "0", "recorded-or-robo": "N", "city": "Dobson", "state": "NC", "area-code": "336"}, {"id": "490dde24b259add1335244cd1b3c460b", "number": "7027071730", "date": "2021-01-23 10:26:00", "subject": "0", "recorded-or-robo": "Y", "city": "North Las Vegas", "state": "NV", "area-code": "702"}, {"id": "490dde24b259add1335244cd1b3c3db2", "number": "9198708728", "date": "2021-01-25 13:05:00", "subject": "3", "recorded-or-robo": "Y", "city": "", "state": "NC", "area-code": "919"}, {"id": "490dde24b259add1335244cd1b3c3201", "number": "5137583624", "date": "2021-01-26 11:44:00", "subject": "3", "recorded-or-robo": "N", "city": "", "state": "OH", "area-code": "513"}, {"id": "490dde24b259add1335244cd1b3c2a47", "number": "4078227523", "date": "2020-01-26 11:46:00", "subject": "4", "recorded-or-robo": "Y", "city": "", "state": "FL", "area-code": "305"}, {"id": "490dde24b259add1335244cd1b3c248f", "number": "", "date": "2021-01-26 09:32:00", "subject": "2", "recorded-or-robo": "Y", "city": "Parker", "state": "CO", "area-code": "541"}, {"id": "490dde24b259add1335244cd1b3c2283", "number": "8068844245", "date": "2021-01-26 10:44:00", "subject": "2", "recorded-or-robo": "N", "city": "Plano", "state": "TX", "area-code": "972"}, {"id": "490dde24b259add1335244cd1b3c221d", "number": "6058644391", "date": "2021-01-07 10:23:00", "subject": "4", "recorded-or-robo": "Y", "city": "Epping", "state": "ND", "area-code": "605"}, {"id": "490dde24b259add1335244cd1b3b15d1", "number": "2287074067", "date": "2021-01-26 10:21:00", "subject": "3", "recorded-or-robo": "N", "city": "", "state": "IL", "area-code": "773"}, {"id": "490dde24b259add1335244cd1b3c127e", "number": "4149404138", "date": "2021-01-24 15:30:00", "subject": "1", "recorded-or-robo": "Y", "city": "", "state": "WI", "area-code": "414"}, {"id": "490dde24b259add1335244cd1b3c0f99", "number": "8139944638", "date": "2021-01-26 11:40:00", "subject": "6", "recorded-or-robo": "N", "city": "Tampa", "state": "FL", "area-code": "813"}, {"id": "490dde24b259add1335244cd1b3c044e", "number": "7036407204", "date": "2021-01-26 10:19:00", "subject": "5", "recorded-or-robo": "Y", "city": "FAIRFAX", "state": "VA", "area-code": "703"}, {"id": "490dde24b259add1335244cd1b3c009d", "number": "6025849940", "date": "2021-01-26 09:47:00", "subject": "1", "recorded-or-robo": "N", "city": "", "state": "AZ", "area-code": "602"}, {"id": "490dde24b259add1335244cd1b3bf1f0", "number": "2012518047", "date": "2021-01-26 10:18:00", "subject": "3", "recorded-or-robo": "", "city": "Manning, SC", "state": "SC", "area-code": "803"}, {"id": "490dde24b259add1335244cd1b3bebad", "number": "4792552488", "date": "2021-01-26 10:43:00", "subject": "4", "recorded-or-robo": "N", "city": "Fayetteville", "state": "AR", "area-code": "479"}, {"id": "490dde24b259add1335244cd1b3be3da", "number": "3014016193", "date": "2021-01-26 11:47:00", "subject": "1", "recorded-or-robo": "Y", "city": "HAGERSTOWN", "state": "MD", "area-code": "301"}, {"id": "490dde24b259add1335244cd1b3bd921", "number": "8335651792", "date": "2021-01-26 10:02:00", "subject": "2", "recorded-or-robo": "Y", "city": "MANTENO", "state": "IL", "area-code": "815"}, {"id": "490dde24b259add1335244cd1b3bd88a", "number": "5013978039", "date": "2021-01-26 10:35:00", "subject": "4", "recorded-or-robo": "Y", "city": "VIENNA", "state": "VA", "area-code": "703"}, {"id": "490dde24b259add1335244cd1b3adc43", "number": "9523734175", "date": "2020-01-26 10:46:00", "subject": "3", "recorded-or-robo": "N", "city": "", "state": "MN", "area-code": "952"}, {"id": "490dde24b259add1335244cd1b3bcb8b", "number": "5043046429", "date": "2021-01-26 10:08:00", "subject": "3", "recorded-or-robo": "", "city": "New Orleans", "state": "LA", "area-code": "504"}, {"id": "490dde24b259add1335244cd1b3bc5a3", "number": "2678173104", "date": "2021-01-26 12:00:00", "subject": "1", "recorded-or-robo": "Y", "city": "", "state": "PA", "area-code": "215"}, {"id": "490dde24b259add1335244cd1b3bbcd8", "number": "8445875455", "date": "2021-01-26 09:48:00", "subject": "1", "recorded-or-robo": "Y", "city": "", "state": "MS", "area-code": "601"}, {"id": "490dde24b259add1335244cd1b3baf2d", "number": "9196355717", "date": "2021-01-26 09:47:00", "subject": "0", "recorded-or-robo": "N", "city": "Englewood", "state": "NC", "area-code": "919"}, {"id": "490dde24b259add1335244cd1b3bae94", "number": "5715981254", "date": "2021-01-26 08:47:00", "subject": "0", "recorded-or-robo": "", "city": "new castle", "state": "DE", "area-code": "302"}, {"id": "490dde24b259add1335244cd1b3ba9cd", "number": "2147587953", "date": "2021-01-25 11:47:00", "subject": "1", "recorded-or-robo": "Y", "city": "", "state": "TX", "area-code": "214"}, {"id": "490dde24b259add1335244cd1b3ba13a", "number": "3309401520", "date": "2021-01-26 10:40:00", "subject": "11", "recorded-or-robo": "Y", "city": "twinsburg", "state": "OH", "area-code": "330"}]}