{"data": [{"id": "3decc6bfadaa436a105714c6ba42cf19", "number": "6613277324", "date": "2021-01-23 14:38:00", "subject": "3", "recorded-or-robo": "Y", "city": "", "state": "CA", "area-code": "661"}, {"id": "3decc6bfadaa436a105714c6ba42c9e1", "number": "8038452858", "date": "2021-01-22 15:33:00", "subject": "1", "recorded-or-robo": "Y", "city": "", "state": "CA", "area-code": "310"}, {"id": "1d36742e3f24f50e4e7ae82801d8784a", "number": "6613277324", "date": "2021-01-23 14:38:00", "subject": "3", "recorded-or-robo": "Y", "city": "", "state": "CA", "area-code": "661"}, {"id": "1d36742e3f24f50e4e7ae82801d87031", "number": "8038452858", "date": "2021-01-22 15:33:00", "subject": "1", "recorded-or-robo": "Y", "city": "", "state": "CA", "area-code": "310"}, {"id": "3decc6bfadaa436a105714c6ba7bcc85", "number": "9543994606", "date": "2021-01-23 17:43:32", "subject": "3", "recorded-or-robo": "Y", "city": "", "state": "GA", "area-code": "706"}, {"id": "03e293b3df9e35eadf15c561191262dd", "number": "9543994606", "date": "2021-01-23 17:43:32", "subject": "3", "recorded-or-robo": "Y", "city": "", "state": "GA", "area-code": "706"}, {"id": "3decc6bfadaa436a105714c6ba7bc748", "number": "+14707482294", "date": "2021-01-23 17:43:27", "subject": "3", "recorded-or-robo": "Y", "city": "", "state": "GA", "area-code": "404"}, {"id": "03e293b3df9e35eadf15c5611912588f", "number": "+14707482294", "date": "2021-01-23 17:43:27", "subject": "3", "recorded-or-robo": "Y", "city": "", "state": "GA", "area-code": "404"}, {"id": "3decc6bfadaa436a105714c6ba42b68b", "number": "7275318507", "date": "2021-01-18 16:21:00", "subject": "2", "recorded-or-robo": "N", "city": "", "state": "FL", "area-code": "727"}, {"id": "3decc6bfadaa436a105714c6ba42b1f9", "number": "7727328285", "date": "2021-01-23 12:39:00", "subject": "3", "recorded-or-robo": "", "city": "PALM CITY", "state": "FL", "area-code": "772"}, {"id": "1d36742e3f24f50e4e7ae82801d86961", "number": "7275318507", "date": "2021-01-18 16:21:00", "subject": "2", "recorded-or-robo": "N", "city": "", "state": "FL", "area-code": "727"}, {"id": "1d36742e3f24f50e4e7ae82801d86495", "number": "7727328285", "date": "2021-01-23 12:39:00", "subject": "3", "recorded-or-robo": "", "city": "PALM CITY", "state": "FL", "area-code": "772"}, {"id": "3decc6bfadaa436a105714c6ba42acdf", "number": "2284727057", "date": "2021-01-23 13:02:00", "subject": "2", "recorded-or-robo": "N", "city": "Biloxi", "state": "MS", "area-code": "228"}, {"id": "1d36742e3f24f50e4e7ae82801d85e94", "number": "2284727057", "date": "2021-01-23 13:02:00", "subject": "2", "recorded-or-robo": "N", "city": "Biloxi", "state": "MS", "area-code": "228"}, {"id": "3decc6bfadaa436a105714c6ba42a942", "number": "5862766760", "date": "2021-01-23 17:33:00", "subject": "0", "recorded-or-robo": "N", "city": "", "state": "MI", "area-code": "586"}, {"id": "1d36742e3f24f50e4e7ae82801d85984", "number": "5862766760", "date": "2021-01-23 17:33:00", "subject": "0", "recorded-or-robo": "N", "city": "", "state": "MI", "area-code": "586"}, {"id": "3decc6bfadaa436a105714c6ba7bbc88", "number": "2155176719", "date": "2021-01-23 17:42:49", "subject": "3", "recorded-or-robo": "N", "city": "", "state": "NJ", "area-code": "609"}, {"id": "03e293b3df9e35eadf15c56119124aaf", "number": "2155176719", "date": "2021-01-23 17:42:49", "subject": "3", "recorded-or-robo": "N", "city": "", "state": "NJ", "area-code": "609"}, {"id": "3decc6bfadaa436a105714c6ba429d2b", "number": "5099429974", "date": "2021-01-23 00:00:00", "subject": "2", "recorded-or-robo": "Y", "city": "West richland", "state": "WA", "area-code": "509"}, {"id": "1d36742e3f24f50e4e7ae82801d85579", "number": "5099429974", "date": "2021-01-23 00:00:00", "subject": "2", "recorded-or-robo": "Y", "city": "West richland", "state": "WA", "area-code": "509"}, {"id": "3decc6bfadaa436a105714c6ba429498", "number": "8888030812", "date": "2021-01-23 13:57:00", "subject": "3", "recorded-or-robo": "Y", "city": "Bellingham", "state": "WA", "area-code": "206"}, {"id": "1d36742e3f24f50e4e7ae82801d84791", "number": "8888030812", "date": "2021-01-23 13:57:00", "subject": "3", "recorded-or-robo": "Y", "city": "Bellingham", "state": "WA", "area-code": "206"}, {"id": "3decc6bfadaa436a105714c6ba428c47", "number": "7277674256", "date": "2021-01-19 11:08:00", "subject": "2", "recorded-or-robo": "N", "city": "", "state": "FL", "area-code": "727"}, {"id": "1d36742e3f24f50e4e7ae82801d83cba", "number": "7277674256", "date": "2021-01-19 11:08:00", "subject": "2", "recorded-or-robo": "N", "city": "", "state": "FL", "area-code": "727"}, {"id": "3decc6bfadaa436a105714c6ba4280e7", "number": "2563694811", "date": "2021-01-23 15:25:00", "subject": "0", "recorded-or-robo": "N", "city": "", "state": "AL", "area-code": "256"}, {"id": "1d36742e3f24f50e4e7ae82801d83107", "number": "2563694811", "date": "2021-01-23 15:25:00", "subject": "0", "recorded-or-robo": "N", "city": "", "state": "AL", "area-code": "256"}, {"id": "3decc6bfadaa436a105714c6ba427d3e", "number": "3214458872", "date": "2021-01-23 12:00:00", "subject": "2", "recorded-or-robo": "Y", "city": "Glenside", "state": "PA", "area-code": "215"}, {"id": "1d36742e3f24f50e4e7ae82801d82b0e", "number": "3214458872", "date": "2021-01-23 12:00:00", "subject": "2", "recorded-or-robo": "Y", "city": "Glenside", "state": "PA", "area-code": "215"}, {"id": "3decc6bfadaa436a105714c6ba8795de", "number": "9146392733", "date": "2021-01-23 14:23:00", "subject": "3", "recorded-or-robo": "N", "city": "", "state": "NY", "area-code": "914"}, {"id": "03e293b3df9e35eadf15c561191e2e5a", "number": "9146392733", "date": "2021-01-23 14:23:00", "subject": "3", "recorded-or-robo": "N", "city": "", "state": "NY", "area-code": "914"}, {"id": "3decc6bfadaa436a105714c6ba427d10", "number": "8653669022", "date": "2021-01-23 17:28:00", "subject": "2", "recorded-or-robo": "N", "city": "Lawrenceville", "state": "GA", "area-code": "404"}, {"id": "1d36742e3f24f50e4e7ae82801d81e68", "number": "8653669022", "date": "2021-01-23 17:28:00", "subject": "2", "recorded-or-robo": "N", "city": "Lawrenceville", "state": "GA", "area-code": "404"}, {"id": "3decc6bfadaa436a105714c6ba4270de", "number": "8556785838", "date": "2021-01-23 15:45:00", "subject": "2", "recorded-or-robo": "Y", "city": "", "state": "TX", "area-code": "409"}, {"id": "1d36742e3f24f50e4e7ae82801d80fbe", "number": "8556785838", "date": "2021-01-23 15:45:00", "subject": "2", "recorded-or-robo": "Y", "city": "", "state": "TX", "area-code": "409"}, {"id": "3decc6bfadaa436a105714c6ba426447", "number": "3212335010", "date": "2021-01-19 14:38:00", "subject": "2", "recorded-or-robo": "N", "city": "", "state": "FL", "area-code": "727"}, {"id": "1d36742e3f24f50e4e7ae82801d804bb", "number": "3212335010", "date": "2021-01-19 14:38:00", "subject": "2", "recorded-or-robo": "N", "city": "", "state": "FL", "area-code": "727"}, {"id": "3decc6bfadaa436a105714c6ba42544c", "number": "2284764000", "date": "2021-01-23 13:05:00", "subject": "2", "recorded-or-robo": "N", "city": "Biloxi", "state": "MS", "area-code": "228"}, {"id": "1d36742e3f24f50e4e7ae82801d8000e", "number": "2284764000", "date": "2021-01-23 13:05:00", "subject": "2", "recorded-or-robo": "N", "city": "Biloxi", "state": "MS", "area-code": "228"}, {"id": "3decc6bfadaa436a105714c6ba7bba35", "number": "5125729518", "date": "2021-01-23 17:41:15", "subject": "3", "recorded-or-robo": "N", "city": "", "state": "TX", "area-code": "512"}, {"id": "03e293b3df9e35eadf15c56119123436", "number": "5125729518", "date": "2021-01-23 17:41:15", "subject": "3", "recorded-or-robo": "N", "city": "", "state": "TX", "area-code": "512"}, {"id": "3decc6bfadaa436a105714c6ba4251bf", "number": "7037751773", "date": "2021-01-23 16:47:00", "subject": "0", "recorded-or-robo": "N", "city": "Alexandria", "state": "VA", "area-code": "703"}, {"id": "1d36742e3f24f50e4e7ae82801d7ffcb", "number": "7037751773", "date": "2021-01-23 16:47:00", "subject": "0", "recorded-or-robo": "N", "city": "Alexandria", "state": "VA", "area-code": "703"}, {"id": "3decc6bfadaa436a105714c6ba42498b", "number": "7275628446", "date": "2021-01-19 16:25:00", "subject": "2", "recorded-or-robo": "N", "city": "", "state": "FL", "area-code": "727"}, {"id": "1d36742e3f24f50e4e7ae82801d7f2b0", "number": "7275628446", "date": "2021-01-19 16:25:00", "subject": "2", "recorded-or-robo": "N", "city": "", "state": "FL", "area-code": "727"}, {"id": "3decc6bfadaa436a105714c6ba423f99", "number": "812900877", "date": "2021-01-23 09:16:00", "subject": "1", "recorded-or-robo": "Y", "city": "CASTLE ROCK", "state": "CO", "area-code": "303"}, {"id": "1d36742e3f24f50e4e7ae82801d7e2f5", "number": "812900877", "date": "2021-01-23 09:16:00", "subject": "1", "recorded-or-robo": "Y", "city": "CASTLE ROCK", "state": "CO", "area-code": "303"}, {"id": "3decc6bfadaa436a105714c6ba4237c3", "number": "4255494717", "date": "2021-01-22 18:08:00", "subject": "2", "recorded-or-robo": "N", "city": "", "state": "WA", "area-code": "206"}, {"id": "1d36742e3f24f50e4e7ae82801d7d7de", "number": "4255494717", "date": "2021-01-22 18:08:00", "subject": "2", "recorded-or-robo": "N", "city": "", "state": "WA", "area-code": "206"}, {"id": "3decc6bfadaa436a105714c6ba423192", "number": "7273377589", "date": "2021-01-20 11:50:00", "subject": "2", "recorded-or-robo": "N", "city": "", "state": "FL", "area-code": "727"}, {"id": "1d36742e3f24f50e4e7ae82801d7d679", "number": "7273377589", "date": "2021-01-20 11:50:00", "subject": "2", "recorded-or-robo": "N", "city": "", "state": "FL", "area-code": "727"}]}