{"data": [{"id": "490dde24b259add1335244cd1b3575d5", "number": "8566494008", "date": "2021-01-26 11:00:00", "subject": "7", "recorded-or-robo": "N", "city": "Cherry Hill", "state": "NJ", "area-code": "856"}, {"id": "490dde24b259add1335244cd1b356d71", "number": "8605995677", "date": "2021-01-26 00:00:00", "subject": "3", "recorded-or-robo": "", "city": "", "state": "CT", "area-code": "860"}, {"id": "490dde24b259add1335244cd1b35639d", "number": "8642937248", "date": "2021-01-26 11:31:00", "subject": "2", "recorded-or-robo": "Y", "city": "", "state": "SC", "area-code": "864"}, {"id": "490dde24b259add1335244cd1b355ace", "number": "7069424244", "date": "2021-01-25 14:36:00", "subject": "0", "recorded-or-robo": "Y", "city": "SAN ANTONIO", "state": "TX", "area-code": "210"}, {"id": "490dde24b259add1335244cd1b355988", "number": "9102758208", "date": "2021-01-26 11:39:00", "subject": "0", "recorded-or-robo": "N", "city": "Fayetteville", "state": "", "area-code": "800"}, {"id": "490dde24b259add1335244cd1b354aea", "number": "3363767155", "date": "2021-01-11 16:11:00", "subject": "1", "recorded-or-robo": "Y", "city": "High Point", "state": "NC", "area-code": "336"}, {"id": "490dde24b259add1335244cd1b3549d2", "number": "8172362542", "date": "2021-01-26 10:04:00", "subject": "2", "recorded-or-robo": "N", "city": "Dallas", "state": "TX", "area-code": "817"}, {"id": "490dde24b259add1335244cd1b354952", "number": "7038446607", "date": "2021-01-26 11:29:00", "subject": "4", "recorded-or-robo": "Y", "city": "Fairfax Station", "state": "VA", "area-code": "703"}, {"id": "490dde24b259add1335244cd1b3542f5", "number": "7023754215", "date": "2021-01-26 08:27:00", "subject": "2", "recorded-or-robo": "Y", "city": "Las Vegas", "state": "NV", "area-code": "702"}, {"id": "490dde24b259add1335244cd1b353822", "number": "3033764309", "date": "2021-01-26 11:37:00", "subject": "3", "recorded-or-robo": "Y", "city": "Fayetteville", "state": "NY", "area-code": "303"}, {"id": "490dde24b259add1335244cd1b352f0c", "number": "2075793573", "date": "2021-01-25 10:15:00", "subject": "4", "recorded-or-robo": "Y", "city": "BROOKSVILLE", "state": "ME", "area-code": "207"}, {"id": "490dde24b259add1335244cd1b352144", "number": "", "date": "2021-01-26 01:18:00", "subject": "2", "recorded-or-robo": "N", "city": "MTN, VIEW", "state": "AR", "area-code": "870"}, {"id": "490dde24b259add1335244cd1b351686", "number": "4092340478", "date": "2021-01-26 08:31:00", "subject": "1", "recorded-or-robo": "Y", "city": "Riverside", "state": "CA", "area-code": "951"}, {"id": "490dde24b259add1335244cd1b35166c", "number": "8049292138", "date": "2021-01-26 11:37:00", "subject": "4", "recorded-or-robo": "Y", "city": "Henrico", "state": "VA", "area-code": "804"}, {"id": "490dde24b259add1335244cd1b35116e", "number": "5177564158", "date": "2021-01-25 11:21:00", "subject": "0", "recorded-or-robo": "N", "city": "Honolulu", "state": "HI", "area-code": "808"}, {"id": "490dde24b259add1335244cd1b350496", "number": "9726665714", "date": "2021-01-26 10:36:00", "subject": "4", "recorded-or-robo": "Y", "city": "Dallas", "state": "TX", "area-code": "214"}, {"id": "490dde24b259add1335244cd1b350266", "number": "9032020944", "date": "2021-01-21 16:17:00", "subject": "2", "recorded-or-robo": "", "city": "Tyler", "state": "TX", "area-code": "903"}, {"id": "490dde24b259add1335244cd1b34f7ea", "number": "9144651589", "date": "2021-01-26 11:39:00", "subject": "2", "recorded-or-robo": "Y", "city": "", "state": "NY", "area-code": "914"}, {"id": "490dde24b259add1335244cd1b34f301", "number": "8722424043", "date": "2021-01-11 17:00:00", "subject": "4", "recorded-or-robo": "Y", "city": "Worcester", "state": "IL", "area-code": "872"}, {"id": "490dde24b259add1335244cd1b34f1ef", "number": "8482451537", "date": "2021-01-26 10:35:00", "subject": "2", "recorded-or-robo": "Y", "city": "Sussex", "state": "WI", "area-code": "201"}, {"id": "490dde24b259add1335244cd1b34ea79", "number": "4129458757", "date": "2021-01-26 11:29:00", "subject": "3", "recorded-or-robo": "Y", "city": "", "state": "PA", "area-code": "412"}, {"id": "490dde24b259add1335244cd1b34e993", "number": "4076405302", "date": "2021-01-26 10:35:00", "subject": "2", "recorded-or-robo": "Y", "city": "FOUNTAIN", "state": "FL", "area-code": "407"}, {"id": "490dde24b259add1335244cd1b34e035", "number": "3365169705", "date": "2021-01-04 11:12:00", "subject": "11", "recorded-or-robo": "Y", "city": "High Point", "state": "NC", "area-code": "336"}, {"id": "490dde24b259add1335244cd1b34da99", "number": "4792791292", "date": "2021-01-26 10:36:00", "subject": "4", "recorded-or-robo": "Y", "city": "", "state": "AR", "area-code": "479"}, {"id": "490dde24b259add1335244cd1b34cdbf", "number": "4696805820", "date": "2021-01-25 21:00:00", "subject": "2", "recorded-or-robo": "N", "city": "", "state": "NC", "area-code": "336"}, {"id": "490dde24b259add1335244cd1b34c724", "number": "8172398162", "date": "2021-01-26 09:05:00", "subject": "2", "recorded-or-robo": "N", "city": "Dallas", "state": "TX", "area-code": "817"}, {"id": "490dde24b259add1335244cd1b34c28e", "number": "8663077661", "date": "2021-01-26 12:00:00", "subject": "1", "recorded-or-robo": "Y", "city": "", "state": "OH", "area-code": "513"}, {"id": "490dde24b259add1335244cd1b34b618", "number": "8053585438", "date": "2021-01-26 08:28:00", "subject": "2", "recorded-or-robo": "Y", "city": "Ventura", "state": "CA", "area-code": "805"}, {"id": "490dde24b259add1335244cd1b34b29f", "number": "8332297983", "date": "2021-01-25 14:40:00", "subject": "2", "recorded-or-robo": "Y", "city": "Mooresville", "state": "IN", "area-code": "317"}, {"id": "490dde24b259add1335244cd1b34b025", "number": "6196390251", "date": "2021-01-25 12:33:00", "subject": "2", "recorded-or-robo": "Y", "city": "LA MESA", "state": "CA", "area-code": "619"}, {"id": "490dde24b259add1335244cd1b34a3b0", "number": "2108168931", "date": "2021-01-26 10:24:00", "subject": "0", "recorded-or-robo": "Y", "city": "SAN ANTONIO", "state": "TX", "area-code": "210"}, {"id": "490dde24b259add1335244cd1b349d19", "number": "6473757706", "date": "2021-01-25 16:24:00", "subject": "9", "recorded-or-robo": "N", "city": "Sunnyvale", "state": "CA", "area-code": "408"}, {"id": "490dde24b259add1335244cd1b349c0b", "number": "7038446752", "date": "2021-01-26 11:20:00", "subject": "2", "recorded-or-robo": "Y", "city": "Fairfax", "state": "VA", "area-code": "703"}, {"id": "490dde24b259add1335244cd1b349b9d", "number": "9033008185", "date": "2021-01-26 10:30:00", "subject": "5", "recorded-or-robo": "Y", "city": "Athens", "state": "TX", "area-code": "903"}, {"id": "490dde24b259add1335244cd1b34931c", "number": "6108105864", "date": "2021-01-26 00:00:00", "subject": "4", "recorded-or-robo": "Y", "city": "", "state": "PA", "area-code": "610"}, {"id": "490dde24b259add1335244cd1b348c6f", "number": "6314897100", "date": "2021-01-26 11:34:00", "subject": "7", "recorded-or-robo": "Y", "city": "EAST ISLIP", "state": "NY", "area-code": "631"}, {"id": "490dde24b259add1335244cd1b3485b7", "number": "7014928768", "date": "2021-01-26 10:19:00", "subject": "0", "recorded-or-robo": "Y", "city": "Fargo", "state": "ND", "area-code": "701"}, {"id": "490dde24b259add1335244cd1b347782", "number": "8452841361", "date": "2021-01-26 11:29:00", "subject": "2", "recorded-or-robo": "N", "city": "CLARK", "state": "NJ", "area-code": "917"}, {"id": "490dde24b259add1335244cd1b346b7b", "number": "2762083440", "date": "2021-01-26 09:14:00", "subject": "4", "recorded-or-robo": "Y", "city": "VIENNA", "state": "VA", "area-code": "703"}, {"id": "490dde24b259add1335244cd1b345ec7", "number": "8283766426", "date": "2021-01-26 10:02:00", "subject": "2", "recorded-or-robo": "Y", "city": "Matthews", "state": "NC", "area-code": "704"}, {"id": "490dde24b259add1335244cd1b345514", "number": "8137560799", "date": "2021-01-26 11:35:00", "subject": "4", "recorded-or-robo": "Y", "city": "", "state": "FL", "area-code": "813"}, {"id": "490dde24b259add1335244cd1b344fed", "number": "", "date": "2021-01-25 14:32:00", "subject": "1", "recorded-or-robo": "Y", "city": "Dysart", "state": "IA", "area-code": "319"}, {"id": "490dde24b259add1335244cd1b344c13", "number": "7259004205", "date": "2021-01-26 11:29:00", "subject": "4", "recorded-or-robo": "Y", "city": "Worcester", "state": "MA", "area-code": "872"}, {"id": "490dde24b259add1335244cd1b34489a", "number": "7705677066", "date": "2021-01-26 11:23:00", "subject": "1", "recorded-or-robo": "Y", "city": "Dunwoody", "state": "GA", "area-code": "770"}, {"id": "490dde24b259add1335244cd1b3439f1", "number": "6169008696", "date": "2021-01-26 10:33:00", "subject": "1", "recorded-or-robo": "Y", "city": "", "state": "MI", "area-code": "616"}, {"id": "490dde24b259add1335244cd1b343366", "number": "4806048127", "date": "2021-01-26 09:36:00", "subject": "1", "recorded-or-robo": "Y", "city": "Farmington", "state": "MN", "area-code": "612"}, {"id": "490dde24b259add1335244cd1b343175", "number": "2082734898", "date": "2021-01-26 06:19:00", "subject": "0", "recorded-or-robo": "N", "city": "Honolulu", "state": "HI", "area-code": "808"}, {"id": "490dde24b259add1335244cd1b343157", "number": "6788316189", "date": "2021-01-26 11:35:00", "subject": "1", "recorded-or-robo": "N", "city": "", "state": "GA", "area-code": "678"}, {"id": "490dde24b259add1335244cd1b342515", "number": "7136727652", "date": "2021-01-26 10:19:00", "subject": "4", "recorded-or-robo": "Y", "city": "Irving", "state": "TX", "area-code": "214"}, {"id": "490dde24b259add1335244cd1b3416cf", "number": "9012900098", "date": "2021-01-26 10:33:00", "subject": "2", "recorded-or-robo": "N", "city": "Memphis", "state": "TN", "area-code": "901"}]}