{"data": [{"id": "490dde24b259add1335244cd1b329b90", "number": "5416663325", "date": "2021-01-26 08:34:00", "subject": "2", "recorded-or-robo": "N", "city": "", "state": "OR", "area-code": "541"}, {"id": "490dde24b259add1335244cd1b328f21", "number": "", "date": "2021-01-20 11:25:00", "subject": "3", "recorded-or-robo": "Y", "city": "", "state": "VA", "area-code": "276"}, {"id": "490dde24b259add1335244cd1b328d5a", "number": "", "date": "2021-01-26 10:30:00", "subject": "1", "recorded-or-robo": "Y", "city": "Mt. Vernon", "state": "IL", "area-code": "618"}, {"id": "490dde24b259add1335244cd1b328ce2", "number": "4302603465", "date": "2021-01-25 17:15:00", "subject": "4", "recorded-or-robo": "Y", "city": "Irving", "state": "TX", "area-code": "214"}, {"id": "490dde24b259add1335244cd1b327e67", "number": "", "date": "2021-01-19 17:15:00", "subject": "2", "recorded-or-robo": "Y", "city": "South Haven", "state": "MI", "area-code": "269"}, {"id": "490dde24b259add1335244cd1b327c03", "number": "6176186174", "date": "2021-01-26 08:17:00", "subject": "9", "recorded-or-robo": "N", "city": "Sunnyvale", "state": "CA", "area-code": "408"}, {"id": "490dde24b259add1335244cd1b327a27", "number": "3212871673", "date": "2021-01-26 11:30:00", "subject": "1", "recorded-or-robo": "Y", "city": "", "state": "FL", "area-code": "321"}, {"id": "490dde24b259add1335244cd1b3270e4", "number": "3014696067", "date": "2021-01-26 11:31:00", "subject": "6", "recorded-or-robo": "Y", "city": "Bethesda", "state": "MD", "area-code": "301"}, {"id": "490dde24b259add1335244cd1b326eba", "number": "8324816947", "date": "2021-01-26 10:13:00", "subject": "2", "recorded-or-robo": "Y", "city": "Mansfield", "state": "TX", "area-code": "602"}, {"id": "490dde24b259add1335244cd1b326131", "number": "8008922253", "date": "2021-01-26 11:12:00", "subject": "2", "recorded-or-robo": "Y", "city": "Crawford", "state": "ME", "area-code": "207"}, {"id": "490dde24b259add1335244cd1b325adc", "number": "8642568354", "date": "2021-01-21 15:50:00", "subject": "0", "recorded-or-robo": "Y", "city": "", "state": "IL", "area-code": "847"}, {"id": "490dde24b259add1335244cd1b324f4c", "number": "8332298983", "date": "2021-01-25 16:13:00", "subject": "2", "recorded-or-robo": "Y", "city": "Mooresville", "state": "IN", "area-code": "317"}, {"id": "490dde24b259add1335244cd1b324d89", "number": "3034620814", "date": "2021-01-26 09:34:00", "subject": "4", "recorded-or-robo": "Y", "city": "", "state": "CO", "area-code": "303"}, {"id": "490dde24b259add1335244cd1b3244d0", "number": "3363767002", "date": "2021-01-08 16:14:00", "subject": "1", "recorded-or-robo": "Y", "city": "High Point", "state": "NC", "area-code": "336"}, {"id": "490dde24b259add1335244cd1b322ce4", "number": "4234186331", "date": "2021-01-26 11:34:00", "subject": "2", "recorded-or-robo": "N", "city": "Pomona Park", "state": "FL", "area-code": "423"}, {"id": "490dde24b259add1335244cd1b321d9d", "number": "8046767424", "date": "2021-01-25 09:09:00", "subject": "7", "recorded-or-robo": "N", "city": "Tyler", "state": "TX", "area-code": "903"}, {"id": "490dde24b259add1335244cd1b3219a0", "number": "4109416654", "date": "2021-01-26 10:32:00", "subject": "4", "recorded-or-robo": "Y", "city": "", "state": "MD", "area-code": "410"}, {"id": "490dde24b259add1335244cd1b3214b7", "number": "4843284194", "date": "2021-01-26 11:30:00", "subject": "6", "recorded-or-robo": "Y", "city": "Paoli", "state": "PA", "area-code": "484"}, {"id": "490dde24b259add1335244cd1b321410", "number": "2402130736", "date": "2021-01-26 11:09:00", "subject": "1", "recorded-or-robo": "Y", "city": "Bristol", "state": "NH", "area-code": "603"}, {"id": "490dde24b259add1335244cd1b3208ed", "number": "5342202072", "date": "2021-01-26 10:15:00", "subject": "2", "recorded-or-robo": "Y", "city": "Berlin, MD", "state": "MD", "area-code": "443"}, {"id": "490dde24b259add1335244cd1b320604", "number": "5099542090", "date": "2021-01-26 12:00:00", "subject": "1", "recorded-or-robo": "N", "city": "Seattle", "state": "WA", "area-code": "509"}, {"id": "490dde24b259add1335244cd1b3203cd", "number": "7183066805", "date": "2021-01-26 10:28:00", "subject": "2", "recorded-or-robo": "N", "city": "Boerne", "state": "TX", "area-code": "210"}, {"id": "490dde24b259add1335244cd1b31f96c", "number": "9037093548", "date": "2021-01-26 01:33:00", "subject": "4", "recorded-or-robo": "Y", "city": "Chicago", "state": "IL", "area-code": "806"}, {"id": "490dde24b259add1335244cd1b31f09f", "number": "2018667316", "date": "2021-01-26 11:17:00", "subject": "7", "recorded-or-robo": "N", "city": "West New York", "state": "NJ", "area-code": "201"}, {"id": "490dde24b259add1335244cd1b31e1a5", "number": "8332297987", "date": "2021-01-25 16:38:00", "subject": "3", "recorded-or-robo": "N", "city": "", "state": "PA", "area-code": "724"}, {"id": "490dde24b259add1335244cd1b31d378", "number": "2176494827", "date": "2021-01-26 11:33:00", "subject": "1", "recorded-or-robo": "Y", "city": "WASHINGTON", "state": "IL", "area-code": "217"}, {"id": "490dde24b259add1335244cd1b31c49b", "number": "6147397601", "date": "2021-01-26 10:50:00", "subject": "2", "recorded-or-robo": "Y", "city": "", "state": "OH", "area-code": "614"}, {"id": "490dde24b259add1335244cd1b31bfb6", "number": "8667370470", "date": "2021-01-26 11:30:00", "subject": "1", "recorded-or-robo": "Y", "city": "Miami", "state": "FL", "area-code": "917"}, {"id": "490dde24b259add1335244cd1b31b7f9", "number": "2237471481", "date": "2021-01-04 09:10:00", "subject": "7", "recorded-or-robo": "Y", "city": "High Point", "state": "NC", "area-code": "336"}, {"id": "490dde24b259add1335244cd1b31aab3", "number": "4109416057", "date": "2021-01-25 10:42:00", "subject": "2", "recorded-or-robo": "Y", "city": "EASTON", "state": "MD", "area-code": "443"}, {"id": "490dde24b259add1335244cd1b31a99e", "number": "2169785120", "date": "2021-01-26 10:30:00", "subject": "0", "recorded-or-robo": "Y", "city": "", "state": "OH", "area-code": "216"}, {"id": "490dde24b259add1335244cd1b319e63", "number": "", "date": "2021-01-26 11:13:00", "subject": "3", "recorded-or-robo": "", "city": "", "state": "NC", "area-code": "919"}, {"id": "490dde24b259add1335244cd1b319001", "number": "2148882723", "date": "2021-01-19 10:06:00", "subject": "2", "recorded-or-robo": "N", "city": "", "state": "TX", "area-code": "817"}, {"id": "490dde24b259add1335244cd1b318fa7", "number": "6067931413", "date": "2021-01-26 11:29:00", "subject": "5", "recorded-or-robo": "Y", "city": "Boons Camp", "state": "KY", "area-code": "606"}, {"id": "490dde24b259add1335244cd1b3187a3", "number": "6312506060", "date": "2021-01-26 11:31:00", "subject": "0", "recorded-or-robo": "Y", "city": "Levittown", "state": "NY", "area-code": "516"}, {"id": "490dde24b259add1335244cd1b3179a0", "number": "2026437746", "date": "2021-01-19 12:00:00", "subject": "5", "recorded-or-robo": "N", "city": "Tempe", "state": "AZ", "area-code": "602"}, {"id": "490dde24b259add1335244cd1b3175dc", "number": "2679250305", "date": "2021-01-26 11:32:00", "subject": "4", "recorded-or-robo": "Y", "city": "Pickerington", "state": "OH", "area-code": "216"}, {"id": "490dde24b259add1335244cd1b316eec", "number": "9102785063", "date": "2021-01-26 11:01:00", "subject": "1", "recorded-or-robo": "Y", "city": "Westminster", "state": "SC", "area-code": "910"}, {"id": "490dde24b259add1335244cd1b316a1c", "number": "7044351535", "date": "2021-01-23 12:51:00", "subject": "2", "recorded-or-robo": "Y", "city": "Matthews", "state": "NC", "area-code": "704"}, {"id": "490dde24b259add1335244cd1b315e56", "number": "3365372481", "date": "2021-01-11 11:11:00", "subject": "11", "recorded-or-robo": "Y", "city": "High Point", "state": "NC", "area-code": "336"}, {"id": "490dde24b259add1335244cd1b315acf", "number": "7722073926", "date": "2021-01-26 10:29:00", "subject": "2", "recorded-or-robo": "Y", "city": "", "state": "TN", "area-code": "931"}, {"id": "490dde24b259add1335244cd1b31503a", "number": "5709084915", "date": "2021-01-26 11:31:00", "subject": "4", "recorded-or-robo": "Y", "city": "Archbald", "state": "PA", "area-code": "570"}, {"id": "490dde24b259add1335244cd1b314e30", "number": "7209123625", "date": "2021-01-26 09:28:00", "subject": "2", "recorded-or-robo": "Y", "city": "Ogden", "state": "UT", "area-code": "801"}, {"id": "490dde24b259add1335244cd1b3147a8", "number": "8332297987", "date": "2021-01-25 16:48:00", "subject": "2", "recorded-or-robo": "Y", "city": "Mooresville", "state": "IN", "area-code": "317"}, {"id": "490dde24b259add1335244cd1b30a3df", "number": "5869306931", "date": "2021-01-26 11:32:00", "subject": "3", "recorded-or-robo": "N", "city": "", "state": "MI", "area-code": "586"}, {"id": "490dde24b259add1335244cd1b3143c2", "number": "9036263169", "date": "2021-01-26 10:32:00", "subject": "5", "recorded-or-robo": "Y", "city": "Tyler", "state": "TX", "area-code": "903"}, {"id": "490dde24b259add1335244cd1b313be3", "number": "9105257812", "date": "2021-01-26 11:33:00", "subject": "5", "recorded-or-robo": "Y", "city": "", "state": "NC", "area-code": "910"}, {"id": "490dde24b259add1335244cd1b312e70", "number": "5863005461", "date": "2021-01-26 10:15:00", "subject": "0", "recorded-or-robo": "Y", "city": "", "state": "OH", "area-code": "216"}, {"id": "490dde24b259add1335244cd1b312c97", "number": "6022875655", "date": "2021-01-26 10:32:00", "subject": "6", "recorded-or-robo": "N", "city": "Mansfield", "state": "TX", "area-code": "602"}, {"id": "490dde24b259add1335244cd1b3122b4", "number": "5185528553", "date": "2021-01-26 11:31:00", "subject": "4", "recorded-or-robo": "Y", "city": "HERNDON", "state": "VA", "area-code": "703"}]}