{"data": [{"id": "490dde24b259add1335244cd1b516c15", "number": "6158026087", "date": "2021-01-26 09:46:00", "subject": "2", "recorded-or-robo": "Y", "city": "Troy", "state": "MI", "area-code": "248"}, {"id": "490dde24b259add1335244cd1b516733", "number": "5853051439", "date": "2021-01-26 12:13:00", "subject": "5", "recorded-or-robo": "N", "city": "ROCHESTER", "state": "NY", "area-code": "585"}, {"id": "490dde24b259add1335244cd1b516077", "number": "5164707967", "date": "2021-01-26 12:12:00", "subject": "5", "recorded-or-robo": "N", "city": "Massapequa", "state": "NY", "area-code": "516"}, {"id": "490dde24b259add1335244cd1b515a40", "number": "5412935815", "date": "2021-01-21 12:11:00", "subject": "1", "recorded-or-robo": "Y", "city": "GOLDEN VALLEY", "state": "MN", "area-code": "763"}, {"id": "490dde24b259add1335244cd1b514b1a", "number": "2024958845", "date": "2021-01-26 10:56:00", "subject": "2", "recorded-or-robo": "Y", "city": "", "state": "TX", "area-code": "469"}, {"id": "490dde24b259add1335244cd1b51446f", "number": "5139169982", "date": "2021-01-26 12:11:00", "subject": "2", "recorded-or-robo": "Y", "city": "Maineville", "state": "OH", "area-code": "513"}, {"id": "490dde24b259add1335244cd1b513a2d", "number": "3606374850", "date": "2021-01-05 08:22:00", "subject": "2", "recorded-or-robo": "Y", "city": "Tacoma", "state": "WA", "area-code": "253"}, {"id": "490dde24b259add1335244cd1b512f0c", "number": "8882033021", "date": "2021-01-26 11:52:00", "subject": "2", "recorded-or-robo": "N", "city": "Wesley Chapel", "state": "FL", "area-code": "813"}, {"id": "490dde24b259add1335244cd1b512cc5", "number": "5136443810", "date": "2021-01-26 12:10:00", "subject": "0", "recorded-or-robo": "Y", "city": "", "state": "OH", "area-code": "513"}, {"id": "490dde24b259add1335244cd1b5128a0", "number": "5139169982", "date": "2021-01-26 12:11:00", "subject": "2", "recorded-or-robo": "Y", "city": "Maineville", "state": "OH", "area-code": "513"}, {"id": "490dde24b259add1335244cd1b511f86", "number": "9495732060", "date": "2021-01-26 09:13:00", "subject": "9", "recorded-or-robo": "Y", "city": "santa rosa", "state": "CA", "area-code": "707"}, {"id": "490dde24b259add1335244cd1b511855", "number": "3137108706", "date": "2021-01-26 11:22:00", "subject": "2", "recorded-or-robo": "N", "city": "", "state": "MI", "area-code": "734"}, {"id": "490dde24b259add1335244cd1b511680", "number": "", "date": "2021-01-26 10:12:00", "subject": "3", "recorded-or-robo": "Y", "city": "Hermitage", "state": "TN", "area-code": "615"}, {"id": "490dde24b259add1335244cd1b5109d4", "number": "4693935133", "date": "2020-12-31 10:14:00", "subject": "3", "recorded-or-robo": "Y", "city": "Las Vegas", "state": "NV", "area-code": "702"}, {"id": "490dde24b259add1335244cd1b50fd33", "number": "9132450087", "date": "2021-01-26 10:59:00", "subject": "4", "recorded-or-robo": "Y", "city": "Smith", "state": "MO", "area-code": "913"}, {"id": "490dde24b259add1335244cd1b50f9c4", "number": "8135763368", "date": "2021-01-26 10:56:00", "subject": "6", "recorded-or-robo": "N", "city": "", "state": "VT", "area-code": "802"}, {"id": "490dde24b259add1335244cd1b50f3c1", "number": "9705499673", "date": "2021-01-25 14:38:00", "subject": "2", "recorded-or-robo": "Y", "city": "Montrose", "state": "CO", "area-code": "970"}, {"id": "490dde24b259add1335244cd1b50e9b6", "number": "8554106032", "date": "2020-12-15 10:45:00", "subject": "2", "recorded-or-robo": "", "city": "Portsmouth", "state": "OH", "area-code": "740"}, {"id": "490dde24b259add1335244cd1b50deaf", "number": "8134446948", "date": "2021-01-26 11:27:00", "subject": "4", "recorded-or-robo": "Y", "city": "", "state": "FL", "area-code": "813"}, {"id": "490dde24b259add1335244cd1b50d3bd", "number": "2134585710", "date": "2021-01-26 08:53:00", "subject": "1", "recorded-or-robo": "Y", "city": "Monterey", "state": "CA", "area-code": "253"}, {"id": "490dde24b259add1335244cd1b50cee1", "number": "4044524547", "date": "2021-01-26 11:45:00", "subject": "1", "recorded-or-robo": "Y", "city": "Peachtree Corners", "state": "GA", "area-code": "404"}, {"id": "490dde24b259add1335244cd1b50c4f3", "number": "9494609406", "date": "2021-01-25 14:04:00", "subject": "3", "recorded-or-robo": "Y", "city": "", "state": "CA", "area-code": "805"}, {"id": "490dde24b259add1335244cd1b50be4d", "number": "2568496367", "date": "2021-01-26 11:11:00", "subject": "4", "recorded-or-robo": "Y", "city": "New Brighton", "state": "MN", "area-code": "952"}, {"id": "490dde24b259add1335244cd1b50b271", "number": "3363257612", "date": "2021-01-26 10:10:00", "subject": "6", "recorded-or-robo": "Y", "city": "Meridian", "state": "ID", "area-code": "208"}, {"id": "490dde24b259add1335244cd1b50a598", "number": "5035557881", "date": "2021-01-26 08:11:00", "subject": "2", "recorded-or-robo": "Y", "city": "", "state": "OR", "area-code": "971"}, {"id": "490dde24b259add1335244cd1b509ac1", "number": "3527930137", "date": "2021-01-26 12:05:00", "subject": "4", "recorded-or-robo": "Y", "city": "Mims", "state": "FL", "area-code": "321"}, {"id": "490dde24b259add1335244cd1b509569", "number": "5045847682", "date": "2021-01-26 09:20:00", "subject": "4", "recorded-or-robo": "Y", "city": "MOLINO", "state": "FL", "area-code": "850"}, {"id": "490dde24b259add1335244cd1b509475", "number": "8459853708", "date": "2021-01-26 12:02:00", "subject": "1", "recorded-or-robo": "N", "city": "", "state": "NY", "area-code": "845"}, {"id": "490dde24b259add1335244cd1b508735", "number": "2036939865", "date": "2021-01-26 12:10:00", "subject": "4", "recorded-or-robo": "Y", "city": "E Rutherford", "state": "NJ", "area-code": "203"}, {"id": "490dde24b259add1335244cd1b50822c", "number": "8134162907", "date": "2021-01-26 12:05:00", "subject": "4", "recorded-or-robo": "N", "city": "Tampa", "state": "FL", "area-code": "813"}, {"id": "490dde24b259add1335244cd1b507942", "number": "Press1now", "date": "2021-01-25 11:44:00", "subject": "1", "recorded-or-robo": "Y", "city": "PITTSBURGH", "state": "PA", "area-code": "412"}, {"id": "490dde24b259add1335244cd1b506ec5", "number": "2018497610", "date": "2021-01-25 12:00:00", "subject": "1", "recorded-or-robo": "Y", "city": "Philadelphia", "state": "PA", "area-code": "628"}, {"id": "490dde24b259add1335244cd1b50672c", "number": "8668154890", "date": "2021-01-25 15:46:00", "subject": "3", "recorded-or-robo": "Y", "city": "Hermitage", "state": "TN", "area-code": "615"}, {"id": "490dde24b259add1335244cd1b506459", "number": "7148012090", "date": "2021-01-26 08:22:00", "subject": "5", "recorded-or-robo": "Y", "city": "Anaheim", "state": "CA", "area-code": "714"}, {"id": "490dde24b259add1335244cd1b505943", "number": "2157709050", "date": "2021-01-26 12:00:00", "subject": "2", "recorded-or-robo": "Y", "city": "New York", "state": "NY", "area-code": "347"}, {"id": "490dde24b259add1335244cd1b504c01", "number": "3606374850", "date": "2021-01-04 08:26:00", "subject": "2", "recorded-or-robo": "Y", "city": "Tacoma", "state": "WA", "area-code": "253"}, {"id": "490dde24b259add1335244cd1b5048db", "number": "8704748525", "date": "2021-01-26 00:00:00", "subject": "3", "recorded-or-robo": "Y", "city": "", "state": "FL", "area-code": "941"}, {"id": "490dde24b259add1335244cd1b5042f0", "number": "9724764336", "date": "2021-01-20 10:28:00", "subject": "4", "recorded-or-robo": "Y", "city": "Garland", "state": "TX", "area-code": "972"}, {"id": "490dde24b259add1335244cd1b503dd6", "number": "7163281060", "date": "2021-01-26 12:12:00", "subject": "4", "recorded-or-robo": "Y", "city": "", "state": "NY", "area-code": "646"}, {"id": "490dde24b259add1335244cd1b5030a6", "number": "3159982207", "date": "2021-01-26 12:06:00", "subject": "5", "recorded-or-robo": "Y", "city": "SYRACUSE", "state": "NY", "area-code": "315"}, {"id": "490dde24b259add1335244cd1b5024aa", "number": "7258670117", "date": "2021-01-26 11:08:00", "subject": "4", "recorded-or-robo": "Y", "city": "Naperville", "state": "IL", "area-code": "630"}, {"id": "490dde24b259add1335244cd1b501920", "number": "2105304660", "date": "2021-01-26 11:12:00", "subject": "2", "recorded-or-robo": "Y", "city": "", "state": "TX", "area-code": "214"}, {"id": "490dde24b259add1335244cd1b500dc8", "number": "8764638358", "date": "2021-01-26 05:45:00", "subject": "13", "recorded-or-robo": "N", "city": "PORT ORCHARD", "state": "WA", "area-code": "360"}, {"id": "490dde24b259add1335244cd1b500505", "number": "4258022775", "date": "2021-01-26 09:02:00", "subject": "9", "recorded-or-robo": "Y", "city": "Deming", "state": "WA", "area-code": "360"}, {"id": "490dde24b259add1335244cd1b4ff7f3", "number": "", "date": "2021-01-26 12:06:00", "subject": "2", "recorded-or-robo": "Y", "city": "Argyle", "state": "NY", "area-code": "585"}, {"id": "490dde24b259add1335244cd1b4fe80b", "number": "9705499673", "date": "2021-01-25 13:46:00", "subject": "2", "recorded-or-robo": "Y", "city": "Montrose", "state": "CO", "area-code": "970"}, {"id": "490dde24b259add1335244cd1b4fd828", "number": "2185172741", "date": "2021-01-26 10:51:00", "subject": "4", "recorded-or-robo": "Y", "city": "", "state": "MN", "area-code": "218"}, {"id": "490dde24b259add1335244cd1b4fcd48", "number": "8656949683", "date": "2021-01-26 12:11:00", "subject": "1", "recorded-or-robo": "Y", "city": "", "state": "TN", "area-code": "865"}, {"id": "490dde24b259add1335244cd1b4fc5ad", "number": "", "date": "2021-01-26 09:00:00", "subject": "2", "recorded-or-robo": "N", "city": "", "state": "CA", "area-code": "916"}, {"id": "490dde24b259add1335244cd1b4fbfe3", "number": "3166192165", "date": "2021-01-20 08:30:00", "subject": "5", "recorded-or-robo": "Y", "city": "Cunningham", "state": "KS", "area-code": "620"}]}