{"data": [{"id": "490dde24b259add1335244cd1b5f075d", "number": "9724763584", "date": "2021-01-26 11:25:00", "subject": "4", "recorded-or-robo": "Y", "city": "Point", "state": "TX", "area-code": "972"}, {"id": "490dde24b259add1335244cd1b5ef9c1", "number": "9255662019", "date": "2021-01-26 09:27:00", "subject": "2", "recorded-or-robo": "Y", "city": "Dublin", "state": "CA", "area-code": "925"}, {"id": "490dde24b259add1335244cd1b5ef057", "number": "5417522536", "date": "2021-01-26 09:30:00", "subject": "6", "recorded-or-robo": "Y", "city": "Corvallis", "state": "OR", "area-code": "541"}, {"id": "490dde24b259add1335244cd1b5e9b5f", "number": "6572460645", "date": "2021-01-26 09:26:00", "subject": "3", "recorded-or-robo": "N", "city": "", "state": "CA", "area-code": "626"}, {"id": "490dde24b259add1335244cd1b5ee483", "number": "8159851854", "date": "2021-01-26 00:00:00", "subject": "5", "recorded-or-robo": "Y", "city": "Rockford", "state": "IL", "area-code": "815"}, {"id": "490dde24b259add1335244cd1b5ed6d1", "number": "5022066165", "date": "2021-01-26 11:29:00", "subject": "1", "recorded-or-robo": "Y", "city": "", "state": "TX", "area-code": "469"}, {"id": "490dde24b259add1335244cd1b5ed424", "number": "8605303500", "date": "2021-01-26 11:59:00", "subject": "2", "recorded-or-robo": "Y", "city": "West Hartford", "state": "CT", "area-code": "860"}, {"id": "490dde24b259add1335244cd1b5ecf6b", "number": "", "date": "2021-01-26 11:20:00", "subject": "9", "recorded-or-robo": "Y", "city": "Ft Worth", "state": "TX", "area-code": "385"}, {"id": "490dde24b259add1335244cd1b5ec859", "number": "5703223601", "date": "2021-01-26 11:40:00", "subject": "16", "recorded-or-robo": "Y", "city": "Pa.", "state": "PA", "area-code": "570"}, {"id": "490dde24b259add1335244cd1b5ec1dd", "number": "8583755068", "date": "2021-01-26 09:08:00", "subject": "2", "recorded-or-robo": "Y", "city": "", "state": "CA", "area-code": "858"}, {"id": "490dde24b259add1335244cd1b5ec106", "number": "8185748569", "date": "2021-01-26 09:27:00", "subject": "9", "recorded-or-robo": "N", "city": "Calabasas", "state": "CA", "area-code": "818"}, {"id": "490dde24b259add1335244cd1b5ebf63", "number": "6083509259", "date": "2021-01-26 23:56:00", "subject": "4", "recorded-or-robo": "Y", "city": "Lyndon Station", "state": "WI", "area-code": "715"}, {"id": "490dde24b259add1335244cd1b5ebb2e", "number": "8608950880", "date": "2021-01-26 12:29:00", "subject": "7", "recorded-or-robo": "Y", "city": "", "state": "CT", "area-code": "860"}, {"id": "490dde24b259add1335244cd1b5ebb06", "number": "8777640833", "date": "2021-01-26 08:39:00", "subject": "6", "recorded-or-robo": "Y", "city": "Tualatin", "state": "OR", "area-code": "503"}, {"id": "490dde24b259add1335244cd1b5eb5af", "number": "5136169623", "date": "2021-01-26 12:21:00", "subject": "2", "recorded-or-robo": "Y", "city": "", "state": "OH", "area-code": "513"}, {"id": "490dde24b259add1335244cd1b5eabae", "number": "7342910253", "date": "2021-01-25 12:37:00", "subject": "2", "recorded-or-robo": "Y", "city": "Traverse City", "state": "MI", "area-code": "231"}, {"id": "490dde24b259add1335244cd1b5ea599", "number": "6153545432", "date": "2021-01-26 11:28:00", "subject": "3", "recorded-or-robo": "Y", "city": "", "state": "TN", "area-code": "615"}, {"id": "490dde24b259add1335244cd1b5e9ff5", "number": "4408981324", "date": "2021-01-26 10:29:00", "subject": "4", "recorded-or-robo": "Y", "city": "Mesa", "state": "AZ", "area-code": "480"}, {"id": "490dde24b259add1335244cd1b5e9efd", "number": "", "date": "2021-01-26 12:21:00", "subject": "1", "recorded-or-robo": "Y", "city": "Albany NY", "state": "NY", "area-code": "518"}, {"id": "490dde24b259add1335244cd1b5e99d8", "number": "9712678920", "date": "2021-01-26 09:00:00", "subject": "4", "recorded-or-robo": "Y", "city": "", "state": "OR", "area-code": "971"}, {"id": "490dde24b259add1335244cd1b5e920c", "number": "4414620522", "date": "2020-12-17 11:29:00", "subject": "2", "recorded-or-robo": "", "city": "Portsmouth", "state": "OH", "area-code": "740"}, {"id": "490dde24b259add1335244cd1b5e90a1", "number": "9282641043", "date": "2021-01-26 10:29:00", "subject": "2", "recorded-or-robo": "N", "city": "", "state": "AZ", "area-code": "623"}, {"id": "490dde24b259add1335244cd1b5e86b4", "number": "6812297260", "date": "2021-01-26 12:27:00", "subject": "4", "recorded-or-robo": "Y", "city": "Center Conway", "state": "NH", "area-code": "681"}, {"id": "490dde24b259add1335244cd1b5e7b73", "number": "4024351206", "date": "2021-01-21 10:19:00", "subject": "5", "recorded-or-robo": "", "city": "", "state": "NE", "area-code": "402"}, {"id": "490dde24b259add1335244cd1b5e7374", "number": "2092680723", "date": "2021-01-26 09:28:00", "subject": "2", "recorded-or-robo": "Y", "city": "", "state": "CA", "area-code": "209"}, {"id": "490dde24b259add1335244cd1b5e6c70", "number": "7329582195", "date": "2021-01-26 12:22:00", "subject": "7", "recorded-or-robo": "N", "city": "Wall", "state": "NJ", "area-code": "732"}, {"id": "490dde24b259add1335244cd1b5e5cb0", "number": "", "date": "2021-01-25 13:06:00", "subject": "0", "recorded-or-robo": "Y", "city": "", "state": "CO", "area-code": "303"}, {"id": "490dde24b259add1335244cd1b5e4e53", "number": "3863022187", "date": "2021-01-26 10:15:00", "subject": "5", "recorded-or-robo": "Y", "city": "", "state": "CO", "area-code": "720"}, {"id": "490dde24b259add1335244cd1b5e3ef4", "number": "4439077213", "date": "2021-01-26 12:20:00", "subject": "1", "recorded-or-robo": "Y", "city": "Elkton", "state": "MD", "area-code": "443"}, {"id": "490dde24b259add1335244cd1b5e375a", "number": "8775336619", "date": "2021-01-25 11:14:00", "subject": "2", "recorded-or-robo": "Y", "city": "Fairfield", "state": "CA", "area-code": "650"}, {"id": "490dde24b259add1335244cd1b5e2d4b", "number": "5128666481", "date": "2021-01-26 11:24:00", "subject": "4", "recorded-or-robo": "Y", "city": "Houston", "state": "TX", "area-code": "281"}, {"id": "490dde24b259add1335244cd1b5e22bd", "number": "5512279148", "date": "2021-01-26 10:28:00", "subject": "2", "recorded-or-robo": "Y", "city": "MERIDIAN", "state": "ID", "area-code": "208"}, {"id": "490dde24b259add1335244cd1b5e22a0", "number": "8053421561", "date": "2021-01-13 13:36:00", "subject": "0", "recorded-or-robo": "N", "city": "seattle", "state": "CA", "area-code": "805"}, {"id": "490dde24b259add1335244cd1b5e1ce7", "number": "3044581508", "date": "2021-01-26 12:28:00", "subject": "3", "recorded-or-robo": "Y", "city": "", "state": "WV", "area-code": "304"}, {"id": "490dde24b259add1335244cd1b5e1661", "number": "", "date": "2021-01-26 09:08:00", "subject": "2", "recorded-or-robo": "N", "city": "Santa barbara", "state": "CA", "area-code": "805"}, {"id": "490dde24b259add1335244cd1b5e1103", "number": "8337640786", "date": "2021-01-26 10:45:00", "subject": "1", "recorded-or-robo": "Y", "city": "Lisle", "state": "IL", "area-code": "847"}, {"id": "490dde24b259add1335244cd1b5e0314", "number": "8332543560", "date": "2021-01-26 12:28:00", "subject": "7", "recorded-or-robo": "Y", "city": "West Orange", "state": "NJ", "area-code": "718"}, {"id": "490dde24b259add1335244cd1b5dfc8d", "number": "8137560985", "date": "2021-01-26 11:13:00", "subject": "2", "recorded-or-robo": "Y", "city": "", "state": "VA", "area-code": "703"}, {"id": "490dde24b259add1335244cd1b5df848", "number": "3617841244", "date": "2021-01-26 11:28:00", "subject": "4", "recorded-or-robo": "Y", "city": "", "state": "TX", "area-code": "817"}, {"id": "490dde24b259add1335244cd1b5df310", "number": "8008670904", "date": "2021-01-26 10:15:00", "subject": "5", "recorded-or-robo": "Y", "city": "Canon City", "state": "CO", "area-code": "719"}, {"id": "490dde24b259add1335244cd1b5de8f4", "number": "3082327195", "date": "2021-01-21 12:22:00", "subject": "5", "recorded-or-robo": "", "city": "", "state": "NE", "area-code": "402"}, {"id": "490dde24b259add1335244cd1b5de891", "number": "6617034040", "date": "2020-12-17 13:28:00", "subject": "2", "recorded-or-robo": "", "city": "Portsmouth", "state": "OH", "area-code": "740"}, {"id": "490dde24b259add1335244cd1b5dda2b", "number": "8012086117", "date": "2021-01-26 10:17:00", "subject": "9", "recorded-or-robo": "Y", "city": "Salem", "state": "UT", "area-code": "801"}, {"id": "490dde24b259add1335244cd1b5dd3a9", "number": "7202787644", "date": "2021-01-26 10:26:00", "subject": "7", "recorded-or-robo": "N", "city": "", "state": "CO", "area-code": "720"}, {"id": "490dde24b259add1335244cd1b5dd2d8", "number": "", "date": "2021-01-26 11:58:00", "subject": "1", "recorded-or-robo": "Y", "city": "Williamston", "state": "NC", "area-code": "252"}, {"id": "490dde24b259add1335244cd1b5dc522", "number": "8052594181", "date": "2021-01-13 13:44:00", "subject": "0", "recorded-or-robo": "N", "city": "seattle", "state": "CA", "area-code": "805"}, {"id": "490dde24b259add1335244cd1b5db8cd", "number": "3802226480", "date": "2021-01-25 10:44:00", "subject": "2", "recorded-or-robo": "Y", "city": "MERIDIAN", "state": "ID", "area-code": "208"}, {"id": "490dde24b259add1335244cd1b5db49c", "number": "9726126038", "date": "2021-01-26 00:00:00", "subject": "3", "recorded-or-robo": "", "city": "Point", "state": "TX", "area-code": "972"}, {"id": "490dde24b259add1335244cd1b5da866", "number": "", "date": "2021-01-26 00:00:00", "subject": "3", "recorded-or-robo": "Y", "city": "", "state": "NY", "area-code": "845"}, {"id": "490dde24b259add1335244cd1b5da6a5", "number": "2314628112", "date": "2021-01-25 14:31:00", "subject": "2", "recorded-or-robo": "Y", "city": "Traverse City", "state": "MI", "area-code": "231"}]}