{"data": [{"id": "3decc6bfadaa436a105714c6baea0371", "number": "8133315065", "date": "2021-01-26 13:40:00", "subject": "2", "recorded-or-robo": "N", "city": "Riverview", "state": "FL", "area-code": "813"}, {"id": "3decc6bfadaa436a105714c6bae9fa36", "number": "9542532992", "date": "2021-01-26 08:52:00", "subject": "1", "recorded-or-robo": "Y", "city": "", "state": "FL", "area-code": "954"}, {"id": "3decc6bfadaa436a105714c6bae9f67c", "number": "9898542155", "date": "2021-01-26 08:39:00", "subject": "1", "recorded-or-robo": "Y", "city": "", "state": "MI", "area-code": "989"}, {"id": "3decc6bfadaa436a105714c6bae9ee95", "number": "", "date": "2021-01-26 08:54:00", "subject": "2", "recorded-or-robo": "Y", "city": "Pasadena", "state": "MD", "area-code": "410"}, {"id": "3decc6bfadaa436a105714c6bae9e81e", "number": "4846747524", "date": "2021-01-26 12:00:00", "subject": "1", "recorded-or-robo": "Y", "city": "Exton", "state": "PA", "area-code": "484"}, {"id": "3decc6bfadaa436a105714c6bae9da69", "number": "9282916889", "date": "2021-01-26 17:15:00", "subject": "2", "recorded-or-robo": "Y", "city": "Scottsdale", "state": "AZ", "area-code": "480"}, {"id": "3decc6bfadaa436a105714c6bae9d06e", "number": "3474180596", "date": "2021-01-25 13:12:00", "subject": "0", "recorded-or-robo": "", "city": "Toms River", "state": "NJ", "area-code": "732"}, {"id": "3decc6bfadaa436a105714c6bae9bcb0", "number": "", "date": "2021-01-25 00:00:00", "subject": "3", "recorded-or-robo": "", "city": "", "state": "IL", "area-code": "708"}, {"id": "3decc6bfadaa436a105714c6bae9c338", "number": "9017970524", "date": "2021-01-26 07:47:00", "subject": "2", "recorded-or-robo": "Y", "city": "Hattiesburg", "state": "MS", "area-code": "601"}, {"id": "3decc6bfadaa436a105714c6bae9bb85", "number": "2159967425", "date": "2021-01-25 12:53:00", "subject": "5", "recorded-or-robo": "Y", "city": "SEMINOLE", "state": "FL", "area-code": "727"}, {"id": "3decc6bfadaa436a105714c6bae9b015", "number": "7372419718", "date": "2021-01-25 19:03:00", "subject": "0", "recorded-or-robo": "", "city": "Toms River", "state": "NJ", "area-code": "732"}, {"id": "3decc6bfadaa436a105714c6bae9ad5f", "number": "2102569427", "date": "2021-01-26 08:40:00", "subject": "1", "recorded-or-robo": "Y", "city": "Hawley", "state": "PA", "area-code": "570"}, {"id": "3decc6bfadaa436a105714c6bae9a395", "number": "6147628690", "date": "2021-01-25 15:10:00", "subject": "2", "recorded-or-robo": "Y", "city": "Columbus", "state": "OH", "area-code": "614"}, {"id": "3decc6bfadaa436a105714c6bae993b2", "number": "5155176782", "date": "2021-01-20 11:00:00", "subject": "6", "recorded-or-robo": "Y", "city": "Central Bridge", "state": "NY", "area-code": "518"}, {"id": "3decc6bfadaa436a105714c6bae98e06", "number": "8438325881", "date": "2021-01-26 08:43:00", "subject": "2", "recorded-or-robo": "N", "city": "Ladson", "state": "SC", "area-code": "843"}, {"id": "3decc6bfadaa436a105714c6bae980e6", "number": "4693048217", "date": "2021-01-20 00:00:00", "subject": "2", "recorded-or-robo": "Y", "city": "Central Bridge", "state": "NY", "area-code": "518"}, {"id": "3decc6bfadaa436a105714c6bae97e3b", "number": "6147623949", "date": "2021-01-21 16:06:00", "subject": "2", "recorded-or-robo": "Y", "city": "Columbus", "state": "OH", "area-code": "614"}, {"id": "3decc6bfadaa436a105714c6bae974cc", "number": "3212664121", "date": "2021-01-26 08:41:00", "subject": "1", "recorded-or-robo": "Y", "city": "Mims", "state": "FL", "area-code": "321"}, {"id": "3decc6bfadaa436a105714c6bae97230", "number": "4696429275", "date": "2021-01-19 13:51:00", "subject": "6", "recorded-or-robo": "Y", "city": "Central Bridge", "state": "NY", "area-code": "518"}, {"id": "3decc6bfadaa436a105714c6bae96df6", "number": "9514986003", "date": "2021-01-26 07:08:00", "subject": "2", "recorded-or-robo": "N", "city": "DUBLIN", "state": "OH", "area-code": "951"}, {"id": "3decc6bfadaa436a105714c6bae969c1", "number": "9785045451", "date": "2021-01-24 10:30:00", "subject": "4", "recorded-or-robo": "Y", "city": "Eastchester", "state": "NY", "area-code": "914"}, {"id": "3decc6bfadaa436a105714c6bae962e8", "number": "5513071948", "date": "2021-01-17 13:50:00", "subject": "2", "recorded-or-robo": "Y", "city": "Central Bridge", "state": "NY", "area-code": "518"}, {"id": "3decc6bfadaa436a105714c6bae92e48", "number": "8008483555", "date": "2020-01-26 20:45:00", "subject": "3", "recorded-or-robo": "N", "city": "", "state": "CT", "area-code": "203"}, {"id": "3decc6bfadaa436a105714c6bae9530c", "number": "9016176374", "date": "2021-01-25 10:58:00", "subject": "2", "recorded-or-robo": "Y", "city": "Spring", "state": "TX", "area-code": "281"}, {"id": "3decc6bfadaa436a105714c6bae94bfb", "number": "9547652661", "date": "2021-01-25 17:00:00", "subject": "12", "recorded-or-robo": "N", "city": "Parkland", "state": "FL", "area-code": "954"}, {"id": "3decc6bfadaa436a105714c6bae94196", "number": "8438107919", "date": "2021-01-25 13:24:00", "subject": "2", "recorded-or-robo": "N", "city": "Ladson", "state": "SC", "area-code": "843"}, {"id": "3decc6bfadaa436a105714c6bae93d31", "number": "2525015239", "date": "2021-01-17 13:35:00", "subject": "2", "recorded-or-robo": "Y", "city": "Central Bridge", "state": "NY", "area-code": "518"}, {"id": "3decc6bfadaa436a105714c6bae927c4", "number": "7193001460", "date": "2021-01-26 08:46:00", "subject": "1", "recorded-or-robo": "Y", "city": "", "state": "GA", "area-code": "404"}, {"id": "3decc6bfadaa436a105714c6bae9275c", "number": "3605870416", "date": "2021-01-16 16:25:00", "subject": "2", "recorded-or-robo": "Y", "city": "Central Bridge", "state": "NY", "area-code": "518"}, {"id": "3decc6bfadaa436a105714c6bae91cae", "number": "8573536673", "date": "2021-01-16 15:00:00", "subject": "2", "recorded-or-robo": "Y", "city": "Central Bridge", "state": "NY", "area-code": "518"}, {"id": "3decc6bfadaa436a105714c6bae918a1", "number": "4693421995", "date": "2021-01-26 08:39:00", "subject": "2", "recorded-or-robo": "N", "city": "HENRICO", "state": "VA", "area-code": "804"}, {"id": "3decc6bfadaa436a105714c6bae90f7c", "number": "9843775668", "date": "2021-01-26 08:24:00", "subject": "2", "recorded-or-robo": "Y", "city": "Lansing", "state": "MI", "area-code": "517"}, {"id": "3decc6bfadaa436a105714c6bae90f05", "number": "8009564237", "date": "2021-01-26 08:30:00", "subject": "7", "recorded-or-robo": "Y", "city": "Amherst", "state": "VA", "area-code": "434"}, {"id": "3decc6bfadaa436a105714c6bae90674", "number": "5405984242", "date": "2021-01-26 08:46:00", "subject": "1", "recorded-or-robo": "N", "city": "", "state": "VA", "area-code": "540"}, {"id": "3decc6bfadaa436a105714c6bae90393", "number": "8005624502", "date": "2021-01-25 12:00:00", "subject": "3", "recorded-or-robo": "Y", "city": "Spring Hill", "state": "FL", "area-code": "813"}, {"id": "3decc6bfadaa436a105714c6bae90135", "number": "7865813466", "date": "2021-01-25 15:00:00", "subject": "3", "recorded-or-robo": "Y", "city": "Spring Hill", "state": "FL", "area-code": "813"}, {"id": "3decc6bfadaa436a105714c6bae8f837", "number": "2542828169", "date": "2021-01-15 13:16:00", "subject": "2", "recorded-or-robo": "Y", "city": "Central Bridge", "state": "NY", "area-code": "518"}, {"id": "3decc6bfadaa436a105714c6bae8f034", "number": "8634402104", "date": "2021-01-25 16:00:00", "subject": "3", "recorded-or-robo": "Y", "city": "Spring Hill", "state": "FL", "area-code": "813"}, {"id": "3decc6bfadaa436a105714c6bae8e849", "number": "5405984252", "date": "2021-01-26 08:36:00", "subject": "1", "recorded-or-robo": "N", "city": "", "state": "VA", "area-code": "540"}, {"id": "3decc6bfadaa436a105714c6bae8dad6", "number": "", "date": "2021-01-26 07:08:00", "subject": "2", "recorded-or-robo": "Y", "city": "DUBLIN", "state": "OH", "area-code": "951"}, {"id": "3decc6bfadaa436a105714c6bae8d553", "number": "9124287270", "date": "2021-01-14 19:44:00", "subject": "2", "recorded-or-robo": "Y", "city": "Central Bridge", "state": "NY", "area-code": "518"}, {"id": "3decc6bfadaa436a105714c6bae8d507", "number": "6194544480", "date": "2021-01-26 05:39:00", "subject": "1", "recorded-or-robo": "Y", "city": "San Diego", "state": "CA", "area-code": "719"}, {"id": "3decc6bfadaa436a105714c6bae8c9ae", "number": "0730298091", "date": "2021-01-25 13:33:00", "subject": "2", "recorded-or-robo": "N", "city": "Bradford", "state": "PA", "area-code": "814"}, {"id": "3decc6bfadaa436a105714c6bae8c674", "number": "7036364976", "date": "2021-01-26 08:43:00", "subject": "6", "recorded-or-robo": "N", "city": "HERNDON", "state": "VA", "area-code": "703"}, {"id": "3decc6bfadaa436a105714c6bae8c62d", "number": "7198245061", "date": "2021-01-25 18:07:00", "subject": "4", "recorded-or-robo": "Y", "city": "Edison", "state": "NJ", "area-code": "646"}, {"id": "3decc6bfadaa436a105714c6bae8c2ca", "number": "", "date": "2021-01-26 08:27:00", "subject": "0", "recorded-or-robo": "Y", "city": "Pgh", "state": "PA", "area-code": "412"}, {"id": "3decc6bfadaa436a105714c6bae8b305", "number": "2542779897", "date": "2021-01-11 10:04:00", "subject": "2", "recorded-or-robo": "Y", "city": "Central Bridge", "state": "NY", "area-code": "518"}, {"id": "3decc6bfadaa436a105714c6bae8aede", "number": "3862138325", "date": "2021-01-18 18:06:00", "subject": "4", "recorded-or-robo": "Y", "city": "Ormond beach", "state": "FL", "area-code": "386"}, {"id": "3decc6bfadaa436a105714c6bae8a530", "number": "", "date": "2021-01-25 16:05:00", "subject": "2", "recorded-or-robo": "N", "city": "Queesntown", "state": "MD", "area-code": "443"}, {"id": "3decc6bfadaa436a105714c6bae89fef", "number": "9549209774", "date": "2021-01-26 08:39:00", "subject": "4", "recorded-or-robo": "Y", "city": "The Villages", "state": "FL", "area-code": "847"}]}