{"data": [{"id": "3decc6bfadaa436a105714c6ba597fa6", "number": "3145508674", "date": "2021-01-23 17:40:00", "subject": "3", "recorded-or-robo": "Y", "city": "Eureka", "state": "MO", "area-code": "314"}, {"id": "1d36742e3f24f50e4e7ae82801ef7e44", "number": "3145508674", "date": "2021-01-23 17:40:00", "subject": "3", "recorded-or-robo": "Y", "city": "Eureka", "state": "MO", "area-code": "314"}, {"id": "3decc6bfadaa436a105714c6ba5975b4", "number": "7145144332", "date": "2021-01-20 11:57:00", "subject": "2", "recorded-or-robo": "Y", "city": "Huntington Beach", "state": "CA", "area-code": "714"}, {"id": "1d36742e3f24f50e4e7ae82801ef7cef", "number": "7145144332", "date": "2021-01-20 11:57:00", "subject": "2", "recorded-or-robo": "Y", "city": "Huntington Beach", "state": "CA", "area-code": "714"}, {"id": "3decc6bfadaa436a105714c6ba7de059", "number": "9732412243", "date": "2021-01-23 18:43:16", "subject": "3", "recorded-or-robo": "Y", "city": "", "state": "NJ", "area-code": "973"}, {"id": "03e293b3df9e35eadf15c5611914a87f", "number": "9732412243", "date": "2021-01-23 18:43:16", "subject": "3", "recorded-or-robo": "Y", "city": "", "state": "NJ", "area-code": "973"}, {"id": "3decc6bfadaa436a105714c6ba7dc26a", "number": "9732412243", "date": "2021-01-23 18:43:14", "subject": "3", "recorded-or-robo": "Y", "city": "", "state": "NJ", "area-code": "973"}, {"id": "3decc6bfadaa436a105714c6ba596aeb", "number": "3214458872", "date": "2021-01-23 12:32:00", "subject": "2", "recorded-or-robo": "Y", "city": "East Falmouth", "state": "MA", "area-code": "508"}, {"id": "1d36742e3f24f50e4e7ae82801ef7b78", "number": "3214458872", "date": "2021-01-23 12:32:00", "subject": "2", "recorded-or-robo": "Y", "city": "East Falmouth", "state": "MA", "area-code": "508"}, {"id": "03e293b3df9e35eadf15c56119146735", "number": "9732412243", "date": "2021-01-23 18:43:14", "subject": "3", "recorded-or-robo": "Y", "city": "", "state": "NJ", "area-code": "973"}, {"id": "3decc6bfadaa436a105714c6ba596386", "number": "7145852289", "date": "2021-01-21 09:47:00", "subject": "2", "recorded-or-robo": "Y", "city": "Huntington Beach", "state": "CA", "area-code": "714"}, {"id": "1d36742e3f24f50e4e7ae82801ef79fd", "number": "7145852289", "date": "2021-01-21 09:47:00", "subject": "2", "recorded-or-robo": "Y", "city": "Huntington Beach", "state": "CA", "area-code": "714"}, {"id": "3decc6bfadaa436a105714c6ba7dc3d3", "number": "8882804331", "date": "2021-01-23 18:42:38", "subject": "3", "recorded-or-robo": "Y", "city": "", "state": "NY", "area-code": "718"}, {"id": "03e293b3df9e35eadf15c56119146a8e", "number": "8882804331", "date": "2021-01-23 18:42:38", "subject": "3", "recorded-or-robo": "Y", "city": "", "state": "NY", "area-code": "718"}, {"id": "3decc6bfadaa436a105714c6ba595db0", "number": "8042939598", "date": "2021-01-23 16:29:00", "subject": "5", "recorded-or-robo": "", "city": "Nellysford", "state": "VA", "area-code": "434"}, {"id": "1d36742e3f24f50e4e7ae82801ef74d3", "number": "8042939598", "date": "2021-01-23 16:29:00", "subject": "5", "recorded-or-robo": "", "city": "Nellysford", "state": "VA", "area-code": "434"}, {"id": "3decc6bfadaa436a105714c6ba7dcc0a", "number": "9739632750", "date": "2021-01-23 18:42:14", "subject": "3", "recorded-or-robo": "Y", "city": "", "state": "NJ", "area-code": "973"}, {"id": "03e293b3df9e35eadf15c561191491ca", "number": "9739632750", "date": "2021-01-23 18:42:14", "subject": "3", "recorded-or-robo": "Y", "city": "", "state": "NJ", "area-code": "973"}, {"id": "3decc6bfadaa436a105714c6ba5956b8", "number": "6263397926", "date": "2021-01-22 22:22:00", "subject": "2", "recorded-or-robo": "N", "city": "Covina", "state": "CA", "area-code": "626"}, {"id": "1d36742e3f24f50e4e7ae82801ef6bb6", "number": "6263397926", "date": "2021-01-22 22:22:00", "subject": "2", "recorded-or-robo": "N", "city": "Covina", "state": "CA", "area-code": "626"}, {"id": "3decc6bfadaa436a105714c6ba594938", "number": "5099791363", "date": "2021-01-23 13:31:00", "subject": "2", "recorded-or-robo": "Y", "city": "", "state": "WA", "area-code": "509"}, {"id": "1d36742e3f24f50e4e7ae82801ef681c", "number": "5099791363", "date": "2021-01-23 13:31:00", "subject": "2", "recorded-or-robo": "Y", "city": "", "state": "WA", "area-code": "509"}, {"id": "3decc6bfadaa436a105714c6ba593bac", "number": "8008722657", "date": "2021-01-21 13:58:00", "subject": "2", "recorded-or-robo": "Y", "city": "Huntington Beach", "state": "CA", "area-code": "714"}, {"id": "1d36742e3f24f50e4e7ae82801ef5fef", "number": "8008722657", "date": "2021-01-21 13:58:00", "subject": "2", "recorded-or-robo": "Y", "city": "Huntington Beach", "state": "CA", "area-code": "714"}, {"id": "3decc6bfadaa436a105714c6ba592d06", "number": "8082760661", "date": "2021-01-23 13:31:00", "subject": "2", "recorded-or-robo": "Y", "city": "Honolulu", "state": "HI", "area-code": "808"}, {"id": "1d36742e3f24f50e4e7ae82801ef5579", "number": "8082760661", "date": "2021-01-23 13:31:00", "subject": "2", "recorded-or-robo": "Y", "city": "Honolulu", "state": "HI", "area-code": "808"}, {"id": "3decc6bfadaa436a105714c6ba7d9597", "number": "9563055715", "date": "2021-01-23 18:41:11", "subject": "3", "recorded-or-robo": "N", "city": "", "state": "TX", "area-code": "210"}, {"id": "03e293b3df9e35eadf15c561191437c5", "number": "9563055715", "date": "2021-01-23 18:41:11", "subject": "3", "recorded-or-robo": "N", "city": "", "state": "TX", "area-code": "210"}, {"id": "3decc6bfadaa436a105714c6ba7dbcbb", "number": "9563055715", "date": "2021-01-23 18:41:02", "subject": "3", "recorded-or-robo": "Y", "city": "", "state": "TX", "area-code": "210"}, {"id": "03e293b3df9e35eadf15c56119146111", "number": "9563055715", "date": "2021-01-23 18:41:02", "subject": "3", "recorded-or-robo": "Y", "city": "", "state": "TX", "area-code": "210"}, {"id": "3decc6bfadaa436a105714c6ba592033", "number": "7142516609", "date": "2021-01-18 18:04:00", "subject": "2", "recorded-or-robo": "Y", "city": "Huntington Beach", "state": "CA", "area-code": "714"}, {"id": "1d36742e3f24f50e4e7ae82801ef458b", "number": "7142516609", "date": "2021-01-18 18:04:00", "subject": "2", "recorded-or-robo": "Y", "city": "Huntington Beach", "state": "CA", "area-code": "714"}, {"id": "3decc6bfadaa436a105714c6ba5911dd", "number": "5512723445", "date": "2021-01-23 14:43:00", "subject": "2", "recorded-or-robo": "N", "city": "Silverton", "state": "OR", "area-code": "503"}, {"id": "1d36742e3f24f50e4e7ae82801ef4087", "number": "5512723445", "date": "2021-01-23 14:43:00", "subject": "2", "recorded-or-robo": "N", "city": "Silverton", "state": "OR", "area-code": "503"}, {"id": "3decc6bfadaa436a105714c6ba7da572", "number": "+12678272525", "date": "2021-01-23 18:40:50", "subject": "3", "recorded-or-robo": "Y", "city": "", "state": "PA", "area-code": "267"}, {"id": "3decc6bfadaa436a105714c6ba7d9d05", "number": "9563055715", "date": "2021-01-23 18:40:50", "subject": "3", "recorded-or-robo": "N", "city": "", "state": "TX", "area-code": "210"}, {"id": "03e293b3df9e35eadf15c561191450dd", "number": "+12678272525", "date": "2021-01-23 18:40:50", "subject": "3", "recorded-or-robo": "Y", "city": "", "state": "PA", "area-code": "267"}, {"id": "03e293b3df9e35eadf15c5611914473c", "number": "9563055715", "date": "2021-01-23 18:40:50", "subject": "3", "recorded-or-robo": "N", "city": "", "state": "TX", "area-code": "210"}, {"id": "3decc6bfadaa436a105714c6ba59086c", "number": "5712006784", "date": "2021-01-23 18:29:00", "subject": "1", "recorded-or-robo": "Y", "city": "Nellysford", "state": "VA", "area-code": "434"}, {"id": "1d36742e3f24f50e4e7ae82801ef3366", "number": "5712006784", "date": "2021-01-23 18:29:00", "subject": "1", "recorded-or-robo": "Y", "city": "Nellysford", "state": "VA", "area-code": "434"}, {"id": "3decc6bfadaa436a105714c6ba590202", "number": "3125577173", "date": "2021-01-23 18:18:00", "subject": "2", "recorded-or-robo": "Y", "city": "Barberton", "state": "OH", "area-code": "312"}, {"id": "1d36742e3f24f50e4e7ae82801ef25a7", "number": "3125577173", "date": "2021-01-23 18:18:00", "subject": "2", "recorded-or-robo": "Y", "city": "Barberton", "state": "OH", "area-code": "312"}, {"id": "3decc6bfadaa436a105714c6ba58fe05", "number": "7142516609", "date": "2021-01-21 18:34:00", "subject": "2", "recorded-or-robo": "Y", "city": "Huntington Beach", "state": "CA", "area-code": "714"}, {"id": "1d36742e3f24f50e4e7ae82801ef16bc", "number": "7142516609", "date": "2021-01-21 18:34:00", "subject": "2", "recorded-or-robo": "Y", "city": "Huntington Beach", "state": "CA", "area-code": "714"}, {"id": "3decc6bfadaa436a105714c6ba58ee1f", "number": "6154069102", "date": "2021-01-23 12:00:00", "subject": "11", "recorded-or-robo": "N", "city": "Pasco", "state": "WA", "area-code": "509"}, {"id": "1d36742e3f24f50e4e7ae82801ef10e4", "number": "6154069102", "date": "2021-01-23 12:00:00", "subject": "11", "recorded-or-robo": "N", "city": "Pasco", "state": "WA", "area-code": "509"}, {"id": "3decc6bfadaa436a105714c6ba58e81b", "number": "8776627447", "date": "2021-01-23 12:33:00", "subject": "2", "recorded-or-robo": "N", "city": "Silverton", "state": "OR", "area-code": "503"}, {"id": "1d36742e3f24f50e4e7ae82801ef05a5", "number": "8776627447", "date": "2021-01-23 12:33:00", "subject": "2", "recorded-or-robo": "N", "city": "Silverton", "state": "OR", "area-code": "503"}, {"id": "3decc6bfadaa436a105714c6ba58e18f", "number": "8132749182", "date": "2021-01-23 17:53:00", "subject": "6", "recorded-or-robo": "Y", "city": "Wesley Chapel", "state": "FL", "area-code": "813"}, {"id": "1d36742e3f24f50e4e7ae82801eefe1c", "number": "8132749182", "date": "2021-01-23 17:53:00", "subject": "6", "recorded-or-robo": "Y", "city": "Wesley Chapel", "state": "FL", "area-code": "813"}]}