{"data": [{"id": "490dde24b259add1335244cd1b8246c7", "number": "8664905501", "date": "2021-01-23 10:11:00", "subject": "1", "recorded-or-robo": "Y", "city": "", "state": "IN", "area-code": "574"}, {"id": "490dde24b259add1335244cd1b824595", "number": "7199820481", "date": "2021-01-26 10:10:00", "subject": "2", "recorded-or-robo": "Y", "city": "", "state": "FL", "area-code": "954"}, {"id": "490dde24b259add1335244cd1b823977", "number": "3048022498", "date": "2021-01-26 13:08:00", "subject": "4", "recorded-or-robo": "Y", "city": "Martinsburg", "state": "WV", "area-code": "304"}, {"id": "490dde24b259add1335244cd1b82338f", "number": "7173783352", "date": "2021-01-26 01:07:00", "subject": "1", "recorded-or-robo": "Y", "city": "harrisburg", "state": "PA", "area-code": "717"}, {"id": "490dde24b259add1335244cd1b822d9c", "number": "5184258405", "date": "2021-01-23 12:57:00", "subject": "2", "recorded-or-robo": "Y", "city": "Greenville", "state": "NY", "area-code": "518"}, {"id": "490dde24b259add1335244cd1b8223c6", "number": "2172928202", "date": "2021-01-22 10:34:00", "subject": "2", "recorded-or-robo": "Y", "city": "Kirkland", "state": "IL", "area-code": "815"}, {"id": "490dde24b259add1335244cd1b821e0e", "number": "57520579445", "date": "2021-01-25 10:32:00", "subject": "2", "recorded-or-robo": "Y", "city": "Lubbock", "state": "TX", "area-code": "575"}, {"id": "490dde24b259add1335244cd1b8218e4", "number": "5053759704", "date": "2021-01-26 11:08:00", "subject": "4", "recorded-or-robo": "Y", "city": "Gallup", "state": "NM", "area-code": "505"}, {"id": "490dde24b259add1335244cd1b820dc4", "number": "", "date": "2021-01-26 10:00:00", "subject": "1", "recorded-or-robo": "Y", "city": "Rosamond", "state": "CA", "area-code": "661"}, {"id": "490dde24b259add1335244cd1b820ab9", "number": "5055554847", "date": "2021-01-26 11:08:00", "subject": "2", "recorded-or-robo": "Y", "city": "Santa Fe", "state": "NM", "area-code": "505"}, {"id": "490dde24b259add1335244cd1b8201cd", "number": "4803359420", "date": "2021-01-26 08:45:00", "subject": "12", "recorded-or-robo": "Y", "city": "Sun City", "state": "AZ", "area-code": "623"}, {"id": "490dde24b259add1335244cd1b820024", "number": "5404598178", "date": "2021-01-19 11:57:00", "subject": "2", "recorded-or-robo": "Y", "city": "", "state": "VA", "area-code": "540"}, {"id": "490dde24b259add1335244cd1b8089fc", "number": "7736399208", "date": "2021-01-26 11:59:00", "subject": "3", "recorded-or-robo": "N", "city": "", "state": "IL", "area-code": "773"}, {"id": "490dde24b259add1335244cd1b81f4b4", "number": "5026283699", "date": "2021-01-26 11:48:00", "subject": "2", "recorded-or-robo": "N", "city": "fairdale", "state": "KY", "area-code": "502"}, {"id": "490dde24b259add1335244cd1b81eab8", "number": "9202289655", "date": "2021-01-26 12:09:00", "subject": "2", "recorded-or-robo": "Y", "city": "", "state": "WI", "area-code": "920"}, {"id": "490dde24b259add1335244cd1b81e05e", "number": "6319804221", "date": "2021-01-26 12:07:00", "subject": "2", "recorded-or-robo": "Y", "city": "PORT JEFFERSON STATION", "state": "NY", "area-code": "631"}, {"id": "490dde24b259add1335244cd1b81da36", "number": "5855421070", "date": "2021-01-26 11:07:00", "subject": "2", "recorded-or-robo": "Y", "city": "Denver", "state": "CO", "area-code": "303"}, {"id": "490dde24b259add1335244cd1b81cedc", "number": "785269149", "date": "2021-01-26 12:03:00", "subject": "4", "recorded-or-robo": "Y", "city": "Russell", "state": "KS", "area-code": "785"}, {"id": "490dde24b259add1335244cd1b81c9bc", "number": "", "date": "2021-01-26 09:00:00", "subject": "2", "recorded-or-robo": "N", "city": "", "state": "CA", "area-code": "805"}, {"id": "490dde24b259add1335244cd1b81c7ae", "number": "7186132600", "date": "2021-01-26 12:49:00", "subject": "2", "recorded-or-robo": "N", "city": "Clifton", "state": "VA", "area-code": "703"}, {"id": "490dde24b259add1335244cd1b81bb1e", "number": "9419192155", "date": "2021-01-26 12:51:00", "subject": "0", "recorded-or-robo": "Y", "city": "North Port", "state": "FL", "area-code": "941"}, {"id": "490dde24b259add1335244cd1b81adc3", "number": "2084696003", "date": "2021-01-26 10:22:00", "subject": "4", "recorded-or-robo": "Y", "city": "Fruitland", "state": "ID", "area-code": "208"}, {"id": "490dde24b259add1335244cd1b81a28b", "number": "6053094075", "date": "2021-01-26 12:08:00", "subject": "1", "recorded-or-robo": "Y", "city": "Prairie Village", "state": "KS", "area-code": "785"}, {"id": "490dde24b259add1335244cd1b819339", "number": "9723899667", "date": "2021-01-26 11:35:00", "subject": "16", "recorded-or-robo": "Y", "city": "garland", "state": "TX", "area-code": "972"}, {"id": "490dde24b259add1335244cd1b819213", "number": "2567868577", "date": "2021-01-26 01:10:00", "subject": "2", "recorded-or-robo": "Y", "city": "hamburg", "state": "NY", "area-code": "716"}, {"id": "490dde24b259add1335244cd1b818383", "number": "6622148565", "date": "2021-01-26 08:16:00", "subject": "6", "recorded-or-robo": "N", "city": "Starkville", "state": "MS", "area-code": "662"}, {"id": "490dde24b259add1335244cd1b817723", "number": "2085223145", "date": "2021-01-26 11:15:00", "subject": "0", "recorded-or-robo": "Y", "city": "", "state": "MN", "area-code": "763"}, {"id": "490dde24b259add1335244cd1b81712d", "number": "4702211590", "date": "2021-01-26 12:50:00", "subject": "4", "recorded-or-robo": "Y", "city": "Olean", "state": "NY", "area-code": "585"}, {"id": "490dde24b259add1335244cd1b816c6e", "number": "3644882054", "date": "2021-01-26 12:09:00", "subject": "0", "recorded-or-robo": "N", "city": "Helotes", "state": "TX", "area-code": "210"}, {"id": "490dde24b259add1335244cd1b815e5e", "number": "5401470482", "date": "2021-01-25 10:11:00", "subject": "2", "recorded-or-robo": "Y", "city": "Pearisburg", "state": "VA", "area-code": "540"}, {"id": "490dde24b259add1335244cd1b815ae1", "number": "2167583722", "date": "2021-01-22 11:35:00", "subject": "2", "recorded-or-robo": "Y", "city": "Lubbock", "state": "TX", "area-code": "575"}, {"id": "490dde24b259add1335244cd1b8151ea", "number": "9012654238", "date": "2021-01-05 12:42:00", "subject": "2", "recorded-or-robo": "Y", "city": "Memphis", "state": "TN", "area-code": "901"}, {"id": "490dde24b259add1335244cd1b814367", "number": "8153288433", "date": "2021-01-22 11:25:00", "subject": "2", "recorded-or-robo": "Y", "city": "Kirkland", "state": "IL", "area-code": "815"}, {"id": "490dde24b259add1335244cd1b813640", "number": "2122258331", "date": "2021-01-25 11:43:00", "subject": "6", "recorded-or-robo": "N", "city": "", "state": "NY", "area-code": "718"}, {"id": "490dde24b259add1335244cd1b812dfb", "number": "7122145127", "date": "2021-01-26 11:27:00", "subject": "6", "recorded-or-robo": "N", "city": "", "state": "IA", "area-code": "712"}, {"id": "490dde24b259add1335244cd1b812887", "number": "4845326698", "date": "2021-01-26 13:05:00", "subject": "2", "recorded-or-robo": "Y", "city": "", "state": "PA", "area-code": "484"}, {"id": "490dde24b259add1335244cd1b811b9b", "number": "3156703017", "date": "2021-01-26 13:06:00", "subject": "2", "recorded-or-robo": "Y", "city": "", "state": "NY", "area-code": "347"}, {"id": "490dde24b259add1335244cd1b811049", "number": "6018978164", "date": "2021-01-26 13:10:00", "subject": "3", "recorded-or-robo": "N", "city": "", "state": "MI", "area-code": "810"}, {"id": "490dde24b259add1335244cd1b810818", "number": "", "date": "2021-01-26 22:10:00", "subject": "1", "recorded-or-robo": "Y", "city": "", "state": "WA", "area-code": "360"}, {"id": "490dde24b259add1335244cd1b80fe74", "number": "8443517549", "date": "2021-01-26 10:05:00", "subject": "6", "recorded-or-robo": "Y", "city": "Yelm", "state": "WA", "area-code": "503"}, {"id": "490dde24b259add1335244cd1b80f6fb", "number": "3105045712", "date": "2021-01-26 10:07:00", "subject": "4", "recorded-or-robo": "Y", "city": "TORRANCE", "state": "CA", "area-code": "310"}, {"id": "490dde24b259add1335244cd1b80ee8c", "number": "6616702591", "date": "2021-01-26 12:08:00", "subject": "2", "recorded-or-robo": "N", "city": "Waukesha", "state": "WI", "area-code": "262"}, {"id": "490dde24b259add1335244cd1b80dea5", "number": "3093933235", "date": "2021-01-26 10:29:00", "subject": "4", "recorded-or-robo": "Y", "city": "Silvis", "state": "IL", "area-code": "309"}, {"id": "490dde24b259add1335244cd1b80cf11", "number": "5093588083", "date": "2021-01-26 13:10:00", "subject": "1", "recorded-or-robo": "Y", "city": "", "state": "MI", "area-code": "734"}, {"id": "490dde24b259add1335244cd1b80c806", "number": "5406258171", "date": "2021-01-19 13:28:00", "subject": "2", "recorded-or-robo": "Y", "city": "", "state": "VA", "area-code": "540"}, {"id": "490dde24b259add1335244cd1b80bf67", "number": "5135447401", "date": "2021-01-26 06:19:00", "subject": "2", "recorded-or-robo": "N", "city": "Gustine", "state": "CA", "area-code": "209"}, {"id": "490dde24b259add1335244cd1b80bd48", "number": "8012617120", "date": "2021-01-26 11:03:00", "subject": "1", "recorded-or-robo": "Y", "city": "", "state": "UT", "area-code": "801"}, {"id": "490dde24b259add1335244cd1b80b587", "number": "3034636327", "date": "2021-01-26 09:26:00", "subject": "4", "recorded-or-robo": "Y", "city": "Lakewood", "state": "CO", "area-code": "303"}, {"id": "490dde24b259add1335244cd1b80aa41", "number": "5855070098", "date": "2021-01-26 00:00:00", "subject": "2", "recorded-or-robo": "Y", "city": "rochester", "state": "NY", "area-code": "585"}, {"id": "490dde24b259add1335244cd1b80a103", "number": "7204410109", "date": "2021-01-20 11:04:00", "subject": "5", "recorded-or-robo": "Y", "city": "Westminster", "state": "CO", "area-code": "303"}]}