{"data": [{"id": "490dde24b259add1335244cd1b83e294", "number": "3216349593", "date": "2021-01-26 12:36:00", "subject": "2", "recorded-or-robo": "Y", "city": "", "state": "PA", "area-code": "215"}, {"id": "490dde24b259add1335244cd1b83d3c3", "number": "4792791602", "date": "2021-01-11 10:47:00", "subject": "4", "recorded-or-robo": "Y", "city": "", "state": "AR", "area-code": "479"}, {"id": "490dde24b259add1335244cd1b83c980", "number": "9293570003", "date": "2021-01-26 10:04:00", "subject": "2", "recorded-or-robo": "Y", "city": "Lubbock", "state": "TX", "area-code": "575"}, {"id": "490dde24b259add1335244cd1b83b9ad", "number": "7064035240", "date": "2021-01-26 10:46:00", "subject": "2", "recorded-or-robo": "Y", "city": "Holiday Island", "state": "AR", "area-code": "479"}, {"id": "490dde24b259add1335244cd1b83b744", "number": "8778057744", "date": "2021-01-21 15:37:00", "subject": "2", "recorded-or-robo": "Y", "city": "Kirkland", "state": "IL", "area-code": "815"}, {"id": "490dde24b259add1335244cd1b83af6d", "number": "6095645428", "date": "2021-01-26 10:35:00", "subject": "4", "recorded-or-robo": "Y", "city": "Santa Fe", "state": "NM", "area-code": "505"}, {"id": "490dde24b259add1335244cd1b83a2a0", "number": "8303870495", "date": "2021-01-25 11:06:00", "subject": "8", "recorded-or-robo": "Y", "city": "Brooklyn", "state": "NY", "area-code": "917"}, {"id": "490dde24b259add1335244cd1b83a127", "number": "6623017477", "date": "2021-01-26 13:12:00", "subject": "4", "recorded-or-robo": "Y", "city": "Ocracoke", "state": "NC", "area-code": "919"}, {"id": "490dde24b259add1335244cd1b839ae9", "number": "2705948411", "date": "2021-01-26 13:12:00", "subject": "4", "recorded-or-robo": "Y", "city": "", "state": "KY", "area-code": "270"}, {"id": "490dde24b259add1335244cd1b838d20", "number": "4232051010", "date": "2021-01-26 12:00:00", "subject": "2", "recorded-or-robo": "Y", "city": "royal oak", "state": "MI", "area-code": "248"}, {"id": "490dde24b259add1335244cd1b8381d6", "number": "5028062809", "date": "2021-01-26 13:03:00", "subject": "2", "recorded-or-robo": "N", "city": "fairdale", "state": "KY", "area-code": "502"}, {"id": "490dde24b259add1335244cd1b837bed", "number": "5736163697", "date": "2021-01-26 13:11:00", "subject": "6", "recorded-or-robo": "Y", "city": "Chantilly", "state": "VA", "area-code": "573"}, {"id": "490dde24b259add1335244cd1b837b26", "number": "6617792616", "date": "2021-01-26 08:55:00", "subject": "1", "recorded-or-robo": "Y", "city": "San Jose", "state": "CA", "area-code": "408"}, {"id": "490dde24b259add1335244cd1b837447", "number": "8322805966", "date": "2021-01-26 09:43:00", "subject": "3", "recorded-or-robo": "Y", "city": "", "state": "CA", "area-code": "909"}, {"id": "490dde24b259add1335244cd1b836831", "number": "6617933592", "date": "2021-01-26 10:09:00", "subject": "4", "recorded-or-robo": "Y", "city": "Canyon Country", "state": "CA", "area-code": "661"}, {"id": "490dde24b259add1335244cd1b83675a", "number": "2085213204", "date": "2021-01-26 12:48:00", "subject": "4", "recorded-or-robo": "Y", "city": "Charlton", "state": "NY", "area-code": "208"}, {"id": "490dde24b259add1335244cd1b83670f", "number": "5038092981", "date": "2021-01-26 09:49:00", "subject": "5", "recorded-or-robo": "Y", "city": "PORTLAND", "state": "OR", "area-code": "503"}, {"id": "490dde24b259add1335244cd1b83594d", "number": "4022264931", "date": "2021-01-26 12:12:00", "subject": "1", "recorded-or-robo": "Y", "city": "", "state": "NE", "area-code": "402"}, {"id": "490dde24b259add1335244cd1b8353fa", "number": "18801700717711", "date": "2021-01-23 13:23:00", "subject": "1", "recorded-or-robo": "Y", "city": "", "state": "IN", "area-code": "574"}, {"id": "490dde24b259add1335244cd1b835395", "number": "8303870495", "date": "2021-01-26 10:09:00", "subject": "8", "recorded-or-robo": "Y", "city": "Brooklyn", "state": "NY", "area-code": "917"}, {"id": "490dde24b259add1335244cd1b834ade", "number": "877689872", "date": "2021-01-26 00:09:00", "subject": "3", "recorded-or-robo": "N", "city": "", "state": "TX", "area-code": "832"}, {"id": "490dde24b259add1335244cd1b833fc8", "number": "9142931090", "date": "2021-01-26 11:54:00", "subject": "4", "recorded-or-robo": "Y", "city": "", "state": "NY", "area-code": "914"}, {"id": "490dde24b259add1335244cd1b833dbf", "number": "5072646152", "date": "2021-01-25 12:03:00", "subject": "2", "recorded-or-robo": "Y", "city": "Lubbock", "state": "TX", "area-code": "575"}, {"id": "490dde24b259add1335244cd1b83323f", "number": "8779211855", "date": "2021-01-25 01:38:00", "subject": "2", "recorded-or-robo": "Y", "city": "Colorado Springs", "state": "CO", "area-code": "719"}, {"id": "490dde24b259add1335244cd1b83252d", "number": "5614854288", "date": "2021-01-26 13:13:00", "subject": "4", "recorded-or-robo": "Y", "city": "Lake Worth", "state": "FL", "area-code": "561"}, {"id": "490dde24b259add1335244cd1b83160d", "number": "8047290821", "date": "2021-01-26 13:07:00", "subject": "4", "recorded-or-robo": "Y", "city": "Wheaton", "state": "MD", "area-code": "804"}, {"id": "490dde24b259add1335244cd1b8314e9", "number": "7192590775", "date": "2021-01-01 10:28:00", "subject": "6", "recorded-or-robo": "Y", "city": "Westminster", "state": "CO", "area-code": "303"}, {"id": "490dde24b259add1335244cd1b830fcf", "number": "9092391234", "date": "2021-01-26 21:41:00", "subject": "3", "recorded-or-robo": "Y", "city": "", "state": "CA", "area-code": "909"}, {"id": "490dde24b259add1335244cd1b8302ee", "number": "7405971899", "date": "2021-01-26 13:00:00", "subject": "6", "recorded-or-robo": "Y", "city": "Lakeview", "state": "OH", "area-code": "937"}, {"id": "490dde24b259add1335244cd1b82f747", "number": "4108446213", "date": "2021-01-26 10:32:00", "subject": "2", "recorded-or-robo": "N", "city": "", "state": "VA", "area-code": "703"}, {"id": "490dde24b259add1335244cd1b82f045", "number": "6312682766", "date": "2021-01-26 11:16:00", "subject": "2", "recorded-or-robo": "Y", "city": "PORT JEFFERSON STATION", "state": "NY", "area-code": "631"}, {"id": "490dde24b259add1335244cd1b82efaf", "number": "5209874521", "date": "2021-01-26 00:00:00", "subject": "4", "recorded-or-robo": "Y", "city": "Ticson", "state": "AZ", "area-code": "520"}, {"id": "490dde24b259add1335244cd1b82eda3", "number": "8157224021", "date": "2021-01-21 16:31:00", "subject": "2", "recorded-or-robo": "Y", "city": "Kirkland", "state": "IL", "area-code": "815"}, {"id": "490dde24b259add1335244cd1b82e415", "number": "5043321204", "date": "2021-01-25 09:39:00", "subject": "2", "recorded-or-robo": "Y", "city": "Pearisburg", "state": "VA", "area-code": "540"}, {"id": "490dde24b259add1335244cd1b825b0c", "number": "2132246254", "date": "2021-01-26 10:00:00", "subject": "3", "recorded-or-robo": "N", "city": "", "state": "CA", "area-code": "909"}, {"id": "490dde24b259add1335244cd1b82db38", "number": "4782392861", "date": "2021-01-26 13:10:00", "subject": "4", "recorded-or-robo": "Y", "city": "Fort Lauderdale", "state": "FL", "area-code": "954"}, {"id": "490dde24b259add1335244cd1b82d597", "number": "3063872603", "date": "2021-01-26 13:06:00", "subject": "4", "recorded-or-robo": "Y", "city": "Auburndale", "state": "FL", "area-code": "863"}, {"id": "490dde24b259add1335244cd1b82d384", "number": "5625827180", "date": "2021-01-26 09:57:00", "subject": "2", "recorded-or-robo": "N", "city": "", "state": "CA", "area-code": "703"}, {"id": "490dde24b259add1335244cd1b82c6c6", "number": "6623314986", "date": "2021-01-26 08:30:00", "subject": "6", "recorded-or-robo": "N", "city": "Starkville", "state": "MS", "area-code": "662"}, {"id": "490dde24b259add1335244cd1b82b96f", "number": "8303870495", "date": "2021-01-26 12:00:00", "subject": "8", "recorded-or-robo": "Y", "city": "Brooklyn", "state": "NY", "area-code": "917"}, {"id": "490dde24b259add1335244cd1b82b374", "number": "8052922716", "date": "2021-01-25 10:41:00", "subject": "4", "recorded-or-robo": "Y", "city": "McKinleyville", "state": "CA", "area-code": "530"}, {"id": "490dde24b259add1335244cd1b82a78d", "number": "5752222287", "date": "2021-01-25 10:36:00", "subject": "2", "recorded-or-robo": "Y", "city": "Lubbock", "state": "TX", "area-code": "575"}, {"id": "490dde24b259add1335244cd1b829874", "number": "7738985087", "date": "2021-01-04 17:59:00", "subject": "2", "recorded-or-robo": "", "city": "Dixon", "state": "IL", "area-code": "630"}, {"id": "490dde24b259add1335244cd1b828c1c", "number": "2705617133", "date": "2021-01-26 12:08:00", "subject": "3", "recorded-or-robo": "Y", "city": "Salem", "state": "KY", "area-code": "270"}, {"id": "490dde24b259add1335244cd1b827e9f", "number": "5628782108", "date": "2021-01-15 13:15:00", "subject": "0", "recorded-or-robo": "Y", "city": "Santa Maria", "state": "CA", "area-code": "805"}, {"id": "490dde24b259add1335244cd1b827aed", "number": "8054514993", "date": "2021-01-26 10:10:00", "subject": "9", "recorded-or-robo": "Y", "city": "TEMPLETON", "state": "CA", "area-code": "805"}, {"id": "490dde24b259add1335244cd1b8275a9", "number": "4792791567", "date": "2021-01-09 10:01:00", "subject": "4", "recorded-or-robo": "Y", "city": "", "state": "AR", "area-code": "479"}, {"id": "490dde24b259add1335244cd1b826a41", "number": "5412323475", "date": "2021-01-26 10:00:00", "subject": "9", "recorded-or-robo": "Y", "city": "McMinnville", "state": "OR", "area-code": "503"}, {"id": "490dde24b259add1335244cd1b8251db", "number": "4809802074", "date": "2021-01-26 11:07:00", "subject": "5", "recorded-or-robo": "N", "city": "Fountain Hills", "state": "AZ", "area-code": "480"}, {"id": "490dde24b259add1335244cd1b824c30", "number": "9012507216", "date": "2021-01-16 13:01:00", "subject": "2", "recorded-or-robo": "Y", "city": "Memphis", "state": "TN", "area-code": "901"}]}