{"data": [{"id": "490dde24b259add1335244cd1b52e6c0", "number": "9709646358", "date": "2021-01-26 09:31:00", "subject": "2", "recorded-or-robo": "Y", "city": "Montrose", "state": "CO", "area-code": "970"}, {"id": "490dde24b259add1335244cd1b52dbc0", "number": "8044752166", "date": "2021-01-26 12:14:00", "subject": "5", "recorded-or-robo": "Y", "city": "", "state": "VA", "area-code": "804"}, {"id": "490dde24b259add1335244cd1b52cfab", "number": "6624048957", "date": "2021-01-26 11:00:00", "subject": "1", "recorded-or-robo": "N", "city": "myrtle", "state": "MS", "area-code": "662"}, {"id": "490dde24b259add1335244cd1b52bddd", "number": "2705949501", "date": "2021-01-26 09:14:00", "subject": "0", "recorded-or-robo": "Y", "city": "Lewisport", "state": "KY", "area-code": "270"}, {"id": "490dde24b259add1335244cd1b52b94b", "number": "4083559983", "date": "2021-01-26 09:13:00", "subject": "5", "recorded-or-robo": "Y", "city": "CUPERTINO", "state": "CA", "area-code": "408"}, {"id": "490dde24b259add1335244cd1b52b6f3", "number": "3602987404", "date": "2021-01-25 10:22:00", "subject": "2", "recorded-or-robo": "Y", "city": "", "state": "WA", "area-code": "360"}, {"id": "490dde24b259add1335244cd1b52abe0", "number": "2079588664", "date": "2021-01-26 12:14:00", "subject": "4", "recorded-or-robo": "Y", "city": "Biddeford", "state": "ME", "area-code": "207"}, {"id": "490dde24b259add1335244cd1b520650", "number": "8606033739", "date": "2021-01-26 12:15:00", "subject": "3", "recorded-or-robo": "N", "city": "", "state": "CT", "area-code": "860"}, {"id": "490dde24b259add1335244cd1b529c19", "number": "7184946827", "date": "2021-01-25 10:52:00", "subject": "2", "recorded-or-robo": "Y", "city": "Maspeth", "state": "NY", "area-code": "718"}, {"id": "490dde24b259add1335244cd1b5292c7", "number": "9415117178", "date": "2021-01-26 12:12:00", "subject": "0", "recorded-or-robo": "N", "city": "", "state": "FL", "area-code": "813"}, {"id": "490dde24b259add1335244cd1b528c8d", "number": "7077395842", "date": "2021-01-26 09:14:00", "subject": "4", "recorded-or-robo": "Y", "city": "", "state": "CA", "area-code": "650"}, {"id": "490dde24b259add1335244cd1b528275", "number": "4128334294", "date": "2021-01-25 12:40:00", "subject": "3", "recorded-or-robo": "", "city": "", "state": "OH", "area-code": "513"}, {"id": "490dde24b259add1335244cd1b527f70", "number": "7075799675", "date": "2021-01-26 09:10:00", "subject": "1", "recorded-or-robo": "Y", "city": "Suisun City", "state": "CA", "area-code": "707"}, {"id": "490dde24b259add1335244cd1b527cd0", "number": "6514818717", "date": "2021-01-26 11:00:00", "subject": "3", "recorded-or-robo": "Y", "city": "", "state": "MN", "area-code": "507"}, {"id": "490dde24b259add1335244cd1b526f45", "number": "7029319398", "date": "2021-01-26 09:21:00", "subject": "4", "recorded-or-robo": "Y", "city": "Bullhead City", "state": "AZ", "area-code": "702"}, {"id": "490dde24b259add1335244cd1b526160", "number": "8706900397", "date": "2021-01-26 04:12:00", "subject": "2", "recorded-or-robo": "Y", "city": "", "state": "KS", "area-code": "913"}, {"id": "490dde24b259add1335244cd1b51efd6", "number": "7192925413", "date": "2021-01-26 10:12:00", "subject": "3", "recorded-or-robo": "N", "city": "", "state": "CO", "area-code": "719"}, {"id": "490dde24b259add1335244cd1b5254d6", "number": "8604210731", "date": "2021-01-26 10:42:00", "subject": "0", "recorded-or-robo": "", "city": "e granby", "state": "CT", "area-code": "860"}, {"id": "490dde24b259add1335244cd1b52498a", "number": "9514125419", "date": "2021-01-26 09:12:00", "subject": "0", "recorded-or-robo": "N", "city": "", "state": "CA", "area-code": "951"}, {"id": "490dde24b259add1335244cd1b523b57", "number": "2939029188", "date": "2021-01-26 12:00:00", "subject": "2", "recorded-or-robo": "Y", "city": "Longmont", "state": "CO", "area-code": "970"}, {"id": "490dde24b259add1335244cd1b522c6f", "number": "9292219665", "date": "2021-01-19 01:19:00", "subject": "4", "recorded-or-robo": "Y", "city": "East Aurora", "state": "NY", "area-code": "716"}, {"id": "490dde24b259add1335244cd1b521f45", "number": "2149835539", "date": "2021-01-25 05:45:00", "subject": "4", "recorded-or-robo": "Y", "city": "Duluth", "state": "GA", "area-code": "214"}, {"id": "490dde24b259add1335244cd1b5216a0", "number": "7404025469", "date": "2020-12-27 12:33:00", "subject": "2", "recorded-or-robo": "", "city": "Portsmouth", "state": "OH", "area-code": "740"}, {"id": "490dde24b259add1335244cd1b520d71", "number": "2065902594", "date": "2021-01-26 09:14:00", "subject": "3", "recorded-or-robo": "Y", "city": "", "state": "WA", "area-code": "360"}, {"id": "490dde24b259add1335244cd1b52097b", "number": "2084515704", "date": "2021-01-26 10:14:00", "subject": "3", "recorded-or-robo": "N", "city": "Nampa", "state": "ID", "area-code": "208"}, {"id": "490dde24b259add1335244cd1b5203ea", "number": "5719344066", "date": "2021-01-26 12:14:00", "subject": "4", "recorded-or-robo": "Y", "city": "", "state": "VA", "area-code": "571"}, {"id": "490dde24b259add1335244cd1b5201d0", "number": "3606374850", "date": "2021-01-06 09:01:00", "subject": "2", "recorded-or-robo": "Y", "city": "Tacoma", "state": "WA", "area-code": "253"}, {"id": "490dde24b259add1335244cd1b51fb5a", "number": "9709646358", "date": "2021-01-26 09:30:00", "subject": "2", "recorded-or-robo": "Y", "city": "Montrose", "state": "CO", "area-code": "970"}, {"id": "490dde24b259add1335244cd1b51f985", "number": "", "date": "2021-01-26 09:20:00", "subject": "2", "recorded-or-robo": "Y", "city": "La Vergne", "state": "TN", "area-code": "615"}, {"id": "490dde24b259add1335244cd1b51f60a", "number": "4025386172", "date": "2021-01-26 11:15:00", "subject": "5", "recorded-or-robo": "", "city": "", "state": "NE", "area-code": "402"}, {"id": "490dde24b259add1335244cd1b51f2a5", "number": "2186337507", "date": "2021-01-26 11:58:00", "subject": "1", "recorded-or-robo": "Y", "city": "Mooresville", "state": "NC", "area-code": "218"}, {"id": "490dde24b259add1335244cd1b51e23b", "number": "8332998988", "date": "2021-01-26 11:00:00", "subject": "1", "recorded-or-robo": "N", "city": "COUNTRY CLUB HILLS", "state": "IL", "area-code": "708"}, {"id": "490dde24b259add1335244cd1b51dee6", "number": "4128334294", "date": "2021-01-25 18:41:00", "subject": "3", "recorded-or-robo": "", "city": "", "state": "OH", "area-code": "513"}, {"id": "490dde24b259add1335244cd1b51de2b", "number": "9045526097", "date": "2021-01-26 11:11:00", "subject": "2", "recorded-or-robo": "Y", "city": "Tinley park", "state": "IL", "area-code": "480"}, {"id": "490dde24b259add1335244cd1b51d77a", "number": "8053421122", "date": "2021-01-26 00:00:00", "subject": "0", "recorded-or-robo": "N", "city": "seattle", "state": "WA", "area-code": "805"}, {"id": "490dde24b259add1335244cd1b51d26e", "number": "1407719669", "date": "2021-01-26 11:47:00", "subject": "1", "recorded-or-robo": "Y", "city": "", "state": "FL", "area-code": "407"}, {"id": "490dde24b259add1335244cd1b51cd3f", "number": "3213132566", "date": "2021-01-26 10:30:00", "subject": "2", "recorded-or-robo": "N", "city": "arlington", "state": "MA", "area-code": "781"}, {"id": "490dde24b259add1335244cd1b51c4a6", "number": "5067981137", "date": "2021-01-26 11:00:00", "subject": "1", "recorded-or-robo": "Y", "city": "Milford", "state": "MI", "area-code": "989"}, {"id": "490dde24b259add1335244cd1b51b6b8", "number": "3015934557", "date": "2021-01-26 12:05:00", "subject": "5", "recorded-or-robo": "N", "city": "Clayton", "state": "NC", "area-code": "919"}, {"id": "490dde24b259add1335244cd1b51aa3f", "number": "9718121904", "date": "2021-01-20 16:23:00", "subject": "2", "recorded-or-robo": "N", "city": "PORTLAND", "state": "OR", "area-code": "503"}, {"id": "490dde24b259add1335244cd1b51a644", "number": "2105316785", "date": "2021-01-26 11:10:00", "subject": "7", "recorded-or-robo": "Y", "city": "", "state": "TX", "area-code": "210"}, {"id": "490dde24b259add1335244cd1b51a077", "number": "22793210650", "date": "2021-01-26 09:09:00", "subject": "2", "recorded-or-robo": "Y", "city": "COTTONWOOD", "state": "CA", "area-code": "530"}, {"id": "490dde24b259add1335244cd1b519e98", "number": "7408018435", "date": "2020-12-24 13:20:00", "subject": "2", "recorded-or-robo": "", "city": "Portsmouth", "state": "OH", "area-code": "740"}, {"id": "490dde24b259add1335244cd1b519370", "number": "8039425682", "date": "2021-01-26 10:07:00", "subject": "11", "recorded-or-robo": "Y", "city": "Arvada", "state": "CO", "area-code": "719"}, {"id": "490dde24b259add1335244cd1b518c10", "number": "20553163742", "date": "2021-01-26 11:15:00", "subject": "4", "recorded-or-robo": "Y", "city": "Florence", "state": "AL", "area-code": "256"}, {"id": "490dde24b259add1335244cd1b518464", "number": "5138664131", "date": "2021-01-26 12:16:00", "subject": "3", "recorded-or-robo": "", "city": "", "state": "OH", "area-code": "513"}, {"id": "490dde24b259add1335244cd1b517bab", "number": "8562502420", "date": "2021-01-26 10:15:00", "subject": "4", "recorded-or-robo": "Y", "city": "Aurora", "state": "CO", "area-code": "303"}, {"id": "490dde24b259add1335244cd1b51745c", "number": "8606639812", "date": "2021-01-26 12:12:00", "subject": "4", "recorded-or-robo": "Y", "city": "Plainville", "state": "CT", "area-code": "860"}, {"id": "490dde24b259add1335244cd1b516dfd", "number": "7183268556", "date": "2021-01-25 15:24:00", "subject": "2", "recorded-or-robo": "Y", "city": "Maspeth", "state": "NY", "area-code": "718"}, {"id": "490dde24b259add1335244cd1b516cd4", "number": "9137041393", "date": "2021-01-26 11:14:00", "subject": "7", "recorded-or-robo": "Y", "city": "Prairie Village", "state": "KS", "area-code": "913"}]}