{"data": [{"id": "3decc6bfadaa436a105714c6ba3da054", "number": "3522986721", "date": "2021-01-23 11:16:00", "subject": "6", "recorded-or-robo": "N", "city": "Ocala", "state": "FL", "area-code": "352"}, {"id": "3decc6bfadaa436a105714c6ba3d9b9d", "number": "9377660435", "date": "2021-01-23 17:02:00", "subject": "1", "recorded-or-robo": "Y", "city": "Blue Creek", "state": "OH", "area-code": "937"}, {"id": "1d36742e3f24f50e4e7ae82801d36277", "number": "3522986721", "date": "2021-01-23 11:16:00", "subject": "6", "recorded-or-robo": "N", "city": "Ocala", "state": "FL", "area-code": "352"}, {"id": "1d36742e3f24f50e4e7ae82801d3615b", "number": "9377660435", "date": "2021-01-23 17:02:00", "subject": "1", "recorded-or-robo": "Y", "city": "Blue Creek", "state": "OH", "area-code": "937"}, {"id": "3decc6bfadaa436a105714c6ba3d9710", "number": "4014066270", "date": "2021-01-21 16:25:00", "subject": "5", "recorded-or-robo": "Y", "city": "", "state": "RI", "area-code": "401"}, {"id": "1d36742e3f24f50e4e7ae82801d358e5", "number": "4014066270", "date": "2021-01-21 16:25:00", "subject": "5", "recorded-or-robo": "Y", "city": "", "state": "RI", "area-code": "401"}, {"id": "3decc6bfadaa436a105714c6ba3d8d4e", "number": "", "date": "2021-01-23 16:00:00", "subject": "1", "recorded-or-robo": "Y", "city": "Whiting", "state": "IN", "area-code": "312"}, {"id": "1d36742e3f24f50e4e7ae82801d34a1b", "number": "", "date": "2021-01-23 16:00:00", "subject": "1", "recorded-or-robo": "Y", "city": "Whiting", "state": "IN", "area-code": "312"}, {"id": "3decc6bfadaa436a105714c6ba3d7fe2", "number": "3089511161", "date": "2021-01-22 14:01:00", "subject": "4", "recorded-or-robo": "Y", "city": "Highlands Ranch", "state": "CO", "area-code": "303"}, {"id": "1d36742e3f24f50e4e7ae82801d34576", "number": "3089511161", "date": "2021-01-22 14:01:00", "subject": "4", "recorded-or-robo": "Y", "city": "Highlands Ranch", "state": "CO", "area-code": "303"}, {"id": "3decc6bfadaa436a105714c6ba3d7425", "number": "3017395975", "date": "2021-01-22 09:50:00", "subject": "2", "recorded-or-robo": "Y", "city": "Runnells", "state": "IA", "area-code": "641"}, {"id": "1d36742e3f24f50e4e7ae82801d33dc4", "number": "3017395975", "date": "2021-01-22 09:50:00", "subject": "2", "recorded-or-robo": "Y", "city": "Runnells", "state": "IA", "area-code": "641"}, {"id": "3decc6bfadaa436a105714c6ba3d712c", "number": "6478887206", "date": "2021-01-23 10:53:00", "subject": "2", "recorded-or-robo": "Y", "city": "Portage", "state": "MI", "area-code": "269"}, {"id": "1d36742e3f24f50e4e7ae82801d33171", "number": "6478887206", "date": "2021-01-23 10:53:00", "subject": "2", "recorded-or-robo": "Y", "city": "Portage", "state": "MI", "area-code": "269"}, {"id": "3decc6bfadaa436a105714c6ba3d6a32", "number": "4013411428", "date": "2021-01-15 16:16:00", "subject": "4", "recorded-or-robo": "Y", "city": "Kingston", "state": "RI", "area-code": "401"}, {"id": "1d36742e3f24f50e4e7ae82801d32d39", "number": "4013411428", "date": "2021-01-15 16:16:00", "subject": "4", "recorded-or-robo": "Y", "city": "Kingston", "state": "RI", "area-code": "401"}, {"id": "3decc6bfadaa436a105714c6ba3d5d2a", "number": "8155700693", "date": "2021-01-22 12:28:00", "subject": "4", "recorded-or-robo": "Y", "city": "Rockford", "state": "IL", "area-code": "815"}, {"id": "1d36742e3f24f50e4e7ae82801d32564", "number": "8155700693", "date": "2021-01-22 12:28:00", "subject": "4", "recorded-or-robo": "Y", "city": "Rockford", "state": "IL", "area-code": "815"}, {"id": "3decc6bfadaa436a105714c6ba3d4f87", "number": "6144016803", "date": "2021-01-22 21:00:00", "subject": "3", "recorded-or-robo": "Y", "city": "", "state": "OH", "area-code": "614"}, {"id": "1d36742e3f24f50e4e7ae82801d31a5e", "number": "6144016803", "date": "2021-01-22 21:00:00", "subject": "3", "recorded-or-robo": "Y", "city": "", "state": "OH", "area-code": "614"}, {"id": "3decc6bfadaa436a105714c6ba3d4597", "number": "2693275760", "date": "2021-01-22 16:01:00", "subject": "1", "recorded-or-robo": "Y", "city": "Portage", "state": "MI", "area-code": "269"}, {"id": "1d36742e3f24f50e4e7ae82801d30ffa", "number": "2693275760", "date": "2021-01-22 16:01:00", "subject": "1", "recorded-or-robo": "Y", "city": "Portage", "state": "MI", "area-code": "269"}, {"id": "3decc6bfadaa436a105714c6ba3d36b2", "number": "2539422625", "date": "2021-01-23 14:06:00", "subject": "11", "recorded-or-robo": "Y", "city": "", "state": "WA", "area-code": "253"}, {"id": "1d36742e3f24f50e4e7ae82801d3078a", "number": "2539422625", "date": "2021-01-23 14:06:00", "subject": "11", "recorded-or-robo": "Y", "city": "", "state": "WA", "area-code": "253"}, {"id": "3decc6bfadaa436a105714c6ba3d26e0", "number": "966571958729", "date": "2021-01-22 04:46:00", "subject": "2", "recorded-or-robo": "Y", "city": "Runnells", "state": "IA", "area-code": "641"}, {"id": "1d36742e3f24f50e4e7ae82801d2faa6", "number": "966571958729", "date": "2021-01-22 04:46:00", "subject": "2", "recorded-or-robo": "Y", "city": "Runnells", "state": "IA", "area-code": "641"}, {"id": "3decc6bfadaa436a105714c6ba3d1ca5", "number": "8774785043", "date": "2021-01-21 11:10:00", "subject": "3", "recorded-or-robo": "Y", "city": "", "state": "RI", "area-code": "401"}, {"id": "1d36742e3f24f50e4e7ae82801d2eb1b", "number": "8774785043", "date": "2021-01-21 11:10:00", "subject": "3", "recorded-or-robo": "Y", "city": "", "state": "RI", "area-code": "401"}, {"id": "3decc6bfadaa436a105714c6ba3d1bd6", "number": "", "date": "2021-01-23 12:00:00", "subject": "0", "recorded-or-robo": "Y", "city": "Sarasota", "state": "FL", "area-code": "813"}, {"id": "1d36742e3f24f50e4e7ae82801d2dc6f", "number": "", "date": "2021-01-23 12:00:00", "subject": "0", "recorded-or-robo": "Y", "city": "Sarasota", "state": "FL", "area-code": "813"}, {"id": "3decc6bfadaa436a105714c6ba3d16dd", "number": "5072991177", "date": "2021-01-21 14:44:00", "subject": "2", "recorded-or-robo": "N", "city": "West Terre Haute", "state": "IN", "area-code": "507"}, {"id": "1d36742e3f24f50e4e7ae82801d2d63f", "number": "5072991177", "date": "2021-01-21 14:44:00", "subject": "2", "recorded-or-robo": "N", "city": "West Terre Haute", "state": "IN", "area-code": "507"}, {"id": "3decc6bfadaa436a105714c6ba3d1329", "number": "2512444032", "date": "2021-01-08 10:00:00", "subject": "3", "recorded-or-robo": "N", "city": "", "state": "AL", "area-code": "251"}, {"id": "1d36742e3f24f50e4e7ae82801d2c79b", "number": "2512444032", "date": "2021-01-08 10:00:00", "subject": "3", "recorded-or-robo": "N", "city": "", "state": "AL", "area-code": "251"}, {"id": "3decc6bfadaa436a105714c6ba3ccb71", "number": "8013873878", "date": "2021-01-21 15:18:00", "subject": "3", "recorded-or-robo": "", "city": "", "state": "UT", "area-code": "801"}, {"id": "1d36742e3f24f50e4e7ae82801d284f4", "number": "8013873878", "date": "2021-01-21 15:18:00", "subject": "3", "recorded-or-robo": "", "city": "", "state": "UT", "area-code": "801"}, {"id": "3decc6bfadaa436a105714c6ba3d0f94", "number": "617947799", "date": "2021-01-09 15:45:00", "subject": "1", "recorded-or-robo": "Y", "city": "Lakewood", "state": "CO", "area-code": "720"}, {"id": "1d36742e3f24f50e4e7ae82801d2c57a", "number": "617947799", "date": "2021-01-09 15:45:00", "subject": "1", "recorded-or-robo": "Y", "city": "Lakewood", "state": "CO", "area-code": "720"}, {"id": "3decc6bfadaa436a105714c6ba3d03e3", "number": "3523108863", "date": "2021-01-23 16:27:00", "subject": "6", "recorded-or-robo": "N", "city": "Ocala", "state": "FL", "area-code": "352"}, {"id": "1d36742e3f24f50e4e7ae82801d2bc61", "number": "3523108863", "date": "2021-01-23 16:27:00", "subject": "6", "recorded-or-robo": "N", "city": "Ocala", "state": "FL", "area-code": "352"}, {"id": "3decc6bfadaa436a105714c6ba3d02ec", "number": "8556786246", "date": "2021-01-23 13:25:00", "subject": "2", "recorded-or-robo": "Y", "city": "Knoxville", "state": "TN", "area-code": "865"}, {"id": "1d36742e3f24f50e4e7ae82801d2b572", "number": "8556786246", "date": "2021-01-23 13:25:00", "subject": "2", "recorded-or-robo": "Y", "city": "Knoxville", "state": "TN", "area-code": "865"}, {"id": "3decc6bfadaa436a105714c6ba3cfd0b", "number": "7023694106", "date": "2021-01-23 16:00:00", "subject": "2", "recorded-or-robo": "Y", "city": "Bismarck", "state": "ND", "area-code": "701"}, {"id": "1d36742e3f24f50e4e7ae82801d2b465", "number": "7023694106", "date": "2021-01-23 16:00:00", "subject": "2", "recorded-or-robo": "Y", "city": "Bismarck", "state": "ND", "area-code": "701"}, {"id": "3decc6bfadaa436a105714c6ba3cf2a0", "number": "2512768784", "date": "2021-01-08 10:00:00", "subject": "3", "recorded-or-robo": "N", "city": "", "state": "AL", "area-code": "251"}, {"id": "1d36742e3f24f50e4e7ae82801d2b29c", "number": "2512768784", "date": "2021-01-08 10:00:00", "subject": "3", "recorded-or-robo": "N", "city": "", "state": "AL", "area-code": "251"}, {"id": "3decc6bfadaa436a105714c6ba3cec15", "number": "178132811322", "date": "2021-01-22 09:06:00", "subject": "0", "recorded-or-robo": "Y", "city": "randolph", "state": "MA", "area-code": "781"}, {"id": "1d36742e3f24f50e4e7ae82801d2ade0", "number": "178132811322", "date": "2021-01-22 09:06:00", "subject": "0", "recorded-or-robo": "Y", "city": "randolph", "state": "MA", "area-code": "781"}, {"id": "3decc6bfadaa436a105714c6ba3ce93d", "number": "4019349951", "date": "2021-01-21 10:50:00", "subject": "0", "recorded-or-robo": "Y", "city": "", "state": "RI", "area-code": "401"}, {"id": "1d36742e3f24f50e4e7ae82801d2a130", "number": "4019349951", "date": "2021-01-21 10:50:00", "subject": "0", "recorded-or-robo": "Y", "city": "", "state": "RI", "area-code": "401"}]}