{"data": [{"id": "3decc6bfadaa436a105714c6ba7a60bd", "number": "8185843645", "date": "2021-01-23 17:11:06", "subject": "3", "recorded-or-robo": "Y", "city": "", "state": "CA", "area-code": "818"}, {"id": "03e293b3df9e35eadf15c5611910dde4", "number": "8185843645", "date": "2021-01-23 17:11:06", "subject": "3", "recorded-or-robo": "Y", "city": "", "state": "CA", "area-code": "818"}, {"id": "3decc6bfadaa436a105714c6ba3ce392", "number": "37065003417", "date": "2021-01-22 04:43:00", "subject": "2", "recorded-or-robo": "Y", "city": "Runnells", "state": "IA", "area-code": "641"}, {"id": "1d36742e3f24f50e4e7ae82801d2a027", "number": "37065003417", "date": "2021-01-22 04:43:00", "subject": "2", "recorded-or-robo": "Y", "city": "Runnells", "state": "IA", "area-code": "641"}, {"id": "3decc6bfadaa436a105714c6ba3cdaea", "number": "5165708326", "date": "2021-01-23 13:57:00", "subject": "2", "recorded-or-robo": "Y", "city": "Jamaica", "state": "NY", "area-code": "718"}, {"id": "1d36742e3f24f50e4e7ae82801d29c82", "number": "5165708326", "date": "2021-01-23 13:57:00", "subject": "2", "recorded-or-robo": "Y", "city": "Jamaica", "state": "NY", "area-code": "718"}, {"id": "3decc6bfadaa436a105714c6ba3cd833", "number": "8556788285", "date": "2021-01-23 13:15:00", "subject": "2", "recorded-or-robo": "Y", "city": "Knoxville", "state": "TN", "area-code": "865"}, {"id": "1d36742e3f24f50e4e7ae82801d2921b", "number": "8556788285", "date": "2021-01-23 13:15:00", "subject": "2", "recorded-or-robo": "Y", "city": "Knoxville", "state": "TN", "area-code": "865"}, {"id": "3decc6bfadaa436a105714c6ba3cc6dd", "number": "2513178626", "date": "2021-01-08 11:00:00", "subject": "3", "recorded-or-robo": "N", "city": "", "state": "AL", "area-code": "251"}, {"id": "1d36742e3f24f50e4e7ae82801d27828", "number": "2513178626", "date": "2021-01-08 11:00:00", "subject": "3", "recorded-or-robo": "N", "city": "", "state": "AL", "area-code": "251"}, {"id": "3decc6bfadaa436a105714c6ba7a7bfb", "number": "+15805767548", "date": "2021-01-23 17:09:34", "subject": "3", "recorded-or-robo": "N", "city": "", "state": "OK", "area-code": "580"}, {"id": "03e293b3df9e35eadf15c5611910fa93", "number": "+15805767548", "date": "2021-01-23 17:09:34", "subject": "3", "recorded-or-robo": "N", "city": "", "state": "OK", "area-code": "580"}, {"id": "3decc6bfadaa436a105714c6ba3cc0b0", "number": "5185398694", "date": "2021-01-21 10:28:00", "subject": "0", "recorded-or-robo": "Y", "city": "", "state": "RI", "area-code": "401"}, {"id": "1d36742e3f24f50e4e7ae82801d26f59", "number": "5185398694", "date": "2021-01-21 10:28:00", "subject": "0", "recorded-or-robo": "Y", "city": "", "state": "RI", "area-code": "401"}, {"id": "3decc6bfadaa436a105714c6ba3cbfa6", "number": "2513164526", "date": "2021-01-08 12:00:00", "subject": "3", "recorded-or-robo": "N", "city": "", "state": "AL", "area-code": "251"}, {"id": "1d36742e3f24f50e4e7ae82801d26aa9", "number": "2513164526", "date": "2021-01-08 12:00:00", "subject": "3", "recorded-or-robo": "N", "city": "", "state": "AL", "area-code": "251"}, {"id": "3decc6bfadaa436a105714c6ba3cb76e", "number": "4122249360", "date": "2021-01-23 15:46:00", "subject": "1", "recorded-or-robo": "N", "city": "LaPorte", "state": "IN", "area-code": "219"}, {"id": "1d36742e3f24f50e4e7ae82801d265de", "number": "4122249360", "date": "2021-01-23 15:46:00", "subject": "1", "recorded-or-robo": "N", "city": "LaPorte", "state": "IN", "area-code": "219"}, {"id": "3decc6bfadaa436a105714c6ba3cabfc", "number": "3128936517", "date": "2021-01-22 16:04:00", "subject": "4", "recorded-or-robo": "Y", "city": "", "state": "IL", "area-code": "217"}, {"id": "1d36742e3f24f50e4e7ae82801d25702", "number": "3128936517", "date": "2021-01-22 16:04:00", "subject": "4", "recorded-or-robo": "Y", "city": "", "state": "IL", "area-code": "217"}, {"id": "3decc6bfadaa436a105714c6ba7a98cd", "number": "+18775898809", "date": "2021-01-23 17:08:41", "subject": "3", "recorded-or-robo": "Y", "city": "", "state": "NV", "area-code": "702"}, {"id": "03e293b3df9e35eadf15c561191116c3", "number": "+18775898809", "date": "2021-01-23 17:08:41", "subject": "3", "recorded-or-robo": "Y", "city": "", "state": "NV", "area-code": "702"}, {"id": "3decc6bfadaa436a105714c6ba7a8a7f", "number": "7038446787", "date": "2021-01-23 17:08:38", "subject": "3", "recorded-or-robo": "Y", "city": "", "state": "VA", "area-code": "703"}, {"id": "03e293b3df9e35eadf15c561191107ab", "number": "7038446787", "date": "2021-01-23 17:08:38", "subject": "3", "recorded-or-robo": "Y", "city": "", "state": "VA", "area-code": "703"}, {"id": "3decc6bfadaa436a105714c6ba3ca7f4", "number": "8808992421", "date": "2021-01-09 12:20:00", "subject": "1", "recorded-or-robo": "Y", "city": "Lakewood", "state": "CO", "area-code": "720"}, {"id": "1d36742e3f24f50e4e7ae82801d24d49", "number": "8808992421", "date": "2021-01-09 12:20:00", "subject": "1", "recorded-or-robo": "Y", "city": "Lakewood", "state": "CO", "area-code": "720"}, {"id": "3decc6bfadaa436a105714c6ba3c9cdb", "number": "2058444799", "date": "2021-01-08 13:00:00", "subject": "3", "recorded-or-robo": "N", "city": "", "state": "AL", "area-code": "251"}, {"id": "1d36742e3f24f50e4e7ae82801d241ad", "number": "2058444799", "date": "2021-01-08 13:00:00", "subject": "3", "recorded-or-robo": "N", "city": "", "state": "AL", "area-code": "251"}, {"id": "3decc6bfadaa436a105714c6ba7a6843", "number": "7255277577", "date": "2021-01-23 17:08:23", "subject": "3", "recorded-or-robo": "Y", "city": "", "state": "NV", "area-code": "702"}, {"id": "03e293b3df9e35eadf15c5611910e646", "number": "7255277577", "date": "2021-01-23 17:08:23", "subject": "3", "recorded-or-robo": "Y", "city": "", "state": "NV", "area-code": "702"}, {"id": "3decc6bfadaa436a105714c6ba7a777d", "number": "7707414068", "date": "2021-01-23 17:08:09", "subject": "3", "recorded-or-robo": "Y", "city": "", "state": "GA", "area-code": "770"}, {"id": "03e293b3df9e35eadf15c5611910f82c", "number": "7707414068", "date": "2021-01-23 17:08:09", "subject": "3", "recorded-or-robo": "Y", "city": "", "state": "GA", "area-code": "770"}, {"id": "3decc6bfadaa436a105714c6ba3c97e9", "number": "2513178385", "date": "2021-01-08 14:40:00", "subject": "3", "recorded-or-robo": "N", "city": "", "state": "AL", "area-code": "251"}, {"id": "1d36742e3f24f50e4e7ae82801d23936", "number": "2513178385", "date": "2021-01-08 14:40:00", "subject": "3", "recorded-or-robo": "N", "city": "", "state": "AL", "area-code": "251"}, {"id": "3decc6bfadaa436a105714c6ba3c9612", "number": "4012914769", "date": "2021-01-20 15:51:00", "subject": "3", "recorded-or-robo": "Y", "city": "", "state": "RI", "area-code": "401"}, {"id": "1d36742e3f24f50e4e7ae82801d2378e", "number": "4012914769", "date": "2021-01-20 15:51:00", "subject": "3", "recorded-or-robo": "Y", "city": "", "state": "RI", "area-code": "401"}, {"id": "3decc6bfadaa436a105714c6ba878ff9", "number": "9544542394", "date": "2021-01-23 16:38:00", "subject": "3", "recorded-or-robo": "N", "city": "", "state": "FL", "area-code": "954"}, {"id": "03e293b3df9e35eadf15c561191e2992", "number": "9544542394", "date": "2021-01-23 16:38:00", "subject": "3", "recorded-or-robo": "N", "city": "", "state": "FL", "area-code": "954"}, {"id": "3decc6bfadaa436a105714c6ba3c8f54", "number": "2315574628", "date": "2021-01-16 16:38:00", "subject": "1", "recorded-or-robo": "Y", "city": "Muskegon", "state": "MI", "area-code": "231"}, {"id": "1d36742e3f24f50e4e7ae82801d23666", "number": "2315574628", "date": "2021-01-16 16:38:00", "subject": "1", "recorded-or-robo": "Y", "city": "Muskegon", "state": "MI", "area-code": "231"}, {"id": "3decc6bfadaa436a105714c6ba7a8ae6", "number": "+14696486539", "date": "2021-01-23 17:07:12", "subject": "3", "recorded-or-robo": "Y", "city": "", "state": "TX", "area-code": "469"}, {"id": "03e293b3df9e35eadf15c5611911143c", "number": "+14696486539", "date": "2021-01-23 17:07:12", "subject": "3", "recorded-or-robo": "Y", "city": "", "state": "TX", "area-code": "469"}, {"id": "3decc6bfadaa436a105714c6ba7a9c70", "number": "+13138793384", "date": "2021-01-23 17:07:07", "subject": "3", "recorded-or-robo": "Y", "city": "", "state": "MI", "area-code": "313"}, {"id": "03e293b3df9e35eadf15c56119112333", "number": "+13138793384", "date": "2021-01-23 17:07:07", "subject": "3", "recorded-or-robo": "Y", "city": "", "state": "MI", "area-code": "313"}, {"id": "3decc6bfadaa436a105714c6ba7a6b63", "number": "7182442015", "date": "2021-01-23 17:07:01", "subject": "3", "recorded-or-robo": "Y", "city": "", "state": "NY", "area-code": "917"}, {"id": "03e293b3df9e35eadf15c5611910f217", "number": "7182442015", "date": "2021-01-23 17:07:01", "subject": "3", "recorded-or-robo": "Y", "city": "", "state": "NY", "area-code": "917"}, {"id": "3decc6bfadaa436a105714c6ba3c84a5", "number": "2134100255", "date": "2021-01-23 09:32:00", "subject": "2", "recorded-or-robo": "N", "city": "", "state": "CA", "area-code": "213"}, {"id": "1d36742e3f24f50e4e7ae82801d22fde", "number": "2134100255", "date": "2021-01-23 09:32:00", "subject": "2", "recorded-or-robo": "N", "city": "", "state": "CA", "area-code": "213"}, {"id": "3decc6bfadaa436a105714c6ba3c8125", "number": "5402320624", "date": "2021-01-22 11:00:00", "subject": "1", "recorded-or-robo": "Y", "city": "Staunton", "state": "VA", "area-code": "540"}, {"id": "1d36742e3f24f50e4e7ae82801d22f63", "number": "5402320624", "date": "2021-01-22 11:00:00", "subject": "1", "recorded-or-robo": "Y", "city": "Staunton", "state": "VA", "area-code": "540"}]}