{"data": [{"id": "490dde24b259add1335244cd1b25d4e2", "number": "8149137433", "date": "2021-01-26 11:06:00", "subject": "4", "recorded-or-robo": "Y", "city": "", "state": "PA", "area-code": "814"}, {"id": "490dde24b259add1335244cd1b25d2a4", "number": "7722218183", "date": "2021-01-26 11:14:00", "subject": "4", "recorded-or-robo": "Y", "city": "Palo Alto", "state": "CA", "area-code": "561"}, {"id": "490dde24b259add1335244cd1b25d0d1", "number": "5596550121", "date": "2021-01-26 08:15:00", "subject": "1", "recorded-or-robo": "Y", "city": "", "state": "CA", "area-code": "559"}, {"id": "490dde24b259add1335244cd1b25c723", "number": "2163563830", "date": "2021-01-26 10:56:00", "subject": "3", "recorded-or-robo": "Y", "city": "", "state": "OH", "area-code": "937"}, {"id": "490dde24b259add1335244cd1b25be78", "number": "8155600809", "date": "2021-01-26 10:15:00", "subject": "4", "recorded-or-robo": "Y", "city": "Elk Grove Village", "state": "IL", "area-code": "815"}, {"id": "490dde24b259add1335244cd1b25bca8", "number": "6846408997", "date": "2021-01-25 15:47:00", "subject": "0", "recorded-or-robo": "Y", "city": "", "state": "VA", "area-code": "540"}, {"id": "490dde24b259add1335244cd1b25b5ac", "number": "5165174042", "date": "2021-01-26 11:13:00", "subject": "4", "recorded-or-robo": "Y", "city": "Levittown", "state": "NY", "area-code": "516"}, {"id": "490dde24b259add1335244cd1b25aa34", "number": "2678051835", "date": "2021-01-26 08:14:00", "subject": "4", "recorded-or-robo": "Y", "city": "Portland", "state": "OR", "area-code": "503"}, {"id": "490dde24b259add1335244cd1b25a514", "number": "7608586612", "date": "2021-01-25 13:25:00", "subject": "3", "recorded-or-robo": "Y", "city": "", "state": "CA", "area-code": "760"}, {"id": "490dde24b259add1335244cd1b259570", "number": "2246006454", "date": "2021-01-26 10:15:00", "subject": "2", "recorded-or-robo": "Y", "city": "dia plaines", "state": "IL", "area-code": "630"}, {"id": "490dde24b259add1335244cd1b258ca0", "number": "2024957914", "date": "2021-01-26 11:14:00", "subject": "2", "recorded-or-robo": "N", "city": "North Liberty", "state": "IN", "area-code": "574"}, {"id": "490dde24b259add1335244cd1b258bc7", "number": "8009883257", "date": "2021-01-26 09:47:00", "subject": "1", "recorded-or-robo": "Y", "city": "Seabrook", "state": "TX", "area-code": "281"}, {"id": "490dde24b259add1335244cd1b25805c", "number": "9412865083", "date": "2021-01-26 11:08:00", "subject": "1", "recorded-or-robo": "Y", "city": "Port charlotte", "state": "FL", "area-code": "941"}, {"id": "490dde24b259add1335244cd1b257809", "number": "2148192015", "date": "2021-01-26 10:05:00", "subject": "2", "recorded-or-robo": "Y", "city": "", "state": "TX", "area-code": "214"}, {"id": "490dde24b259add1335244cd1b2575fd", "number": "6158445124", "date": "2021-01-25 10:21:00", "subject": "1", "recorded-or-robo": "N", "city": "Murfreesboro", "state": "TN", "area-code": "615"}, {"id": "490dde24b259add1335244cd1b2574eb", "number": "9733113225", "date": "2021-01-16 14:57:00", "subject": "2", "recorded-or-robo": "Y", "city": "Irvington", "state": "NJ", "area-code": "973"}, {"id": "490dde24b259add1335244cd1b256c08", "number": "6057414571", "date": "2021-01-26 11:05:00", "subject": "2", "recorded-or-robo": "Y", "city": "COLLEGEVILLE", "state": "PA", "area-code": "610"}, {"id": "490dde24b259add1335244cd1b255d5e", "number": "2193384779", "date": "2021-01-25 11:28:00", "subject": "2", "recorded-or-robo": "Y", "city": "Cornelia", "state": "GA", "area-code": "706"}, {"id": "490dde24b259add1335244cd1b2552c5", "number": "3364593915", "date": "2021-01-25 13:53:00", "subject": "16", "recorded-or-robo": "Y", "city": "High Point", "state": "NC", "area-code": "336"}, {"id": "490dde24b259add1335244cd1b25432e", "number": "2282306220", "date": "2021-01-26 11:02:00", "subject": "5", "recorded-or-robo": "Y", "city": "", "state": "IN", "area-code": "812"}, {"id": "490dde24b259add1335244cd1b252bc7", "number": "3603124376", "date": "2021-01-26 08:05:00", "subject": "0", "recorded-or-robo": "Y", "city": "", "state": "WA", "area-code": "360"}, {"id": "490dde24b259add1335244cd1b2527fe", "number": "4342987534", "date": "2021-01-26 10:57:00", "subject": "2", "recorded-or-robo": "N", "city": "Scottsville", "state": "VA", "area-code": "434"}, {"id": "490dde24b259add1335244cd1b252489", "number": "2253417896", "date": "2021-01-26 09:43:00", "subject": "6", "recorded-or-robo": "Y", "city": "", "state": "LA", "area-code": "225"}, {"id": "490dde24b259add1335244cd1b2518e2", "number": "8149355873", "date": "2021-01-26 11:16:00", "subject": "1", "recorded-or-robo": "Y", "city": "", "state": "PA", "area-code": "814"}, {"id": "490dde24b259add1335244cd1b2515c7", "number": "9494017894", "date": "2021-01-26 11:13:00", "subject": "7", "recorded-or-robo": "N", "city": "Winter Garden", "state": "FL", "area-code": "919"}, {"id": "490dde24b259add1335244cd1b251575", "number": "7177026086", "date": "2021-01-22 15:19:00", "subject": "5", "recorded-or-robo": "Y", "city": "", "state": "PA", "area-code": "717"}, {"id": "490dde24b259add1335244cd1b250b29", "number": "8285283924", "date": "2021-01-26 11:11:00", "subject": "4", "recorded-or-robo": "Y", "city": "", "state": "NY", "area-code": "646"}, {"id": "490dde24b259add1335244cd1b24fc46", "number": "2078737883", "date": "2021-01-26 11:15:00", "subject": "0", "recorded-or-robo": "Y", "city": "Portland", "state": "ME", "area-code": "207"}, {"id": "490dde24b259add1335244cd1b24f36a", "number": "3202885874", "date": "2021-01-26 00:00:00", "subject": "2", "recorded-or-robo": "N", "city": "", "state": "MN", "area-code": "320"}, {"id": "490dde24b259add1335244cd1b24f186", "number": "7733133363", "date": "2021-01-26 10:38:00", "subject": "5", "recorded-or-robo": "Y", "city": "Westfield", "state": "IN", "area-code": "618"}, {"id": "490dde24b259add1335244cd1b24e3db", "number": "2018497610", "date": "2021-01-26 10:06:00", "subject": "1", "recorded-or-robo": "Y", "city": "Mount Airy", "state": "MD", "area-code": "301"}, {"id": "490dde24b259add1335244cd1b24e12e", "number": "", "date": "2020-01-22 00:00:00", "subject": "3", "recorded-or-robo": "Y", "city": "", "state": "", "area-code": "866"}, {"id": "490dde24b259add1335244cd1b24d8cf", "number": "37065003847", "date": "2021-01-22 21:10:00", "subject": "0", "recorded-or-robo": "Y", "city": "Janesville", "state": "WI", "area-code": "608"}, {"id": "490dde24b259add1335244cd1b24d08f", "number": "4147049505", "date": "2021-01-26 10:15:00", "subject": "4", "recorded-or-robo": "Y", "city": "Milwaukee", "state": "WI", "area-code": "407"}, {"id": "490dde24b259add1335244cd1b24ca82", "number": "2086846505", "date": "2021-01-26 10:49:00", "subject": "2", "recorded-or-robo": "Y", "city": "", "state": "VA", "area-code": "540"}, {"id": "490dde24b259add1335244cd1b24c35e", "number": "3362600242", "date": "2021-01-25 02:03:00", "subject": "9", "recorded-or-robo": "Y", "city": "High Point", "state": "NC", "area-code": "336"}, {"id": "490dde24b259add1335244cd1b24b65f", "number": "8669491786", "date": "2021-01-20 14:08:00", "subject": "1", "recorded-or-robo": "Y", "city": "tamarac", "state": "FL", "area-code": "954"}, {"id": "490dde24b259add1335244cd1b24ad15", "number": "3868884922", "date": "2021-01-26 11:15:00", "subject": "5", "recorded-or-robo": "Y", "city": "", "state": "FL", "area-code": "386"}, {"id": "490dde24b259add1335244cd1b249f41", "number": "6464701275", "date": "2021-01-25 12:56:00", "subject": "2", "recorded-or-robo": "Y", "city": "Cornelia", "state": "GA", "area-code": "706"}, {"id": "490dde24b259add1335244cd1b249d91", "number": "8502741041", "date": "2021-01-26 09:31:00", "subject": "1", "recorded-or-robo": "Y", "city": "TALLAHASSEE", "state": "FL", "area-code": "850"}, {"id": "490dde24b259add1335244cd1b249030", "number": "4344456219", "date": "2021-01-21 00:00:00", "subject": "3", "recorded-or-robo": "N", "city": "Amherst", "state": "VA", "area-code": "434"}, {"id": "490dde24b259add1335244cd1b2487d7", "number": "7372483923", "date": "2021-01-26 10:14:00", "subject": "4", "recorded-or-robo": "Y", "city": "", "state": "TX", "area-code": "361"}, {"id": "490dde24b259add1335244cd1b247e83", "number": "3137823331", "date": "2021-01-26 12:00:00", "subject": "1", "recorded-or-robo": "N", "city": "Hinesville", "state": "GA", "area-code": "912"}, {"id": "490dde24b259add1335244cd1b247184", "number": "7409511030", "date": "2021-01-26 11:04:00", "subject": "4", "recorded-or-robo": "Y", "city": "Tucker", "state": "GA", "area-code": "404"}, {"id": "490dde24b259add1335244cd1b247125", "number": "2706712424", "date": "2021-01-23 11:40:00", "subject": "2", "recorded-or-robo": "Y", "city": "adolphus", "state": "KY", "area-code": "270"}, {"id": "490dde24b259add1335244cd1b246574", "number": "5078575124", "date": "2021-01-12 15:44:00", "subject": "4", "recorded-or-robo": "N", "city": "Owatonna", "state": "MN", "area-code": "507"}, {"id": "490dde24b259add1335244cd1b245e3b", "number": "115179408134", "date": "2021-01-26 10:16:00", "subject": "2", "recorded-or-robo": "", "city": "", "state": "MI", "area-code": "269"}, {"id": "490dde24b259add1335244cd1b24578f", "number": "2094915161", "date": "2021-01-26 08:08:00", "subject": "4", "recorded-or-robo": "Y", "city": "San Jacinto", "state": "CA", "area-code": "909"}, {"id": "490dde24b259add1335244cd1b245349", "number": "4108964125", "date": "2021-01-26 10:01:00", "subject": "2", "recorded-or-robo": "Y", "city": "Annapolis", "state": "MD", "area-code": "410"}, {"id": "490dde24b259add1335244cd1b244f07", "number": "8007323632", "date": "2021-01-26 10:38:00", "subject": "0", "recorded-or-robo": "Y", "city": "", "state": "GA", "area-code": "770"}]}