{"data": [{"id": "490dde24b259add1335244cd1b5770f9", "number": "8053421561", "date": "2021-01-19 15:55:00", "subject": "0", "recorded-or-robo": "N", "city": "seattle", "state": "CA", "area-code": "805"}, {"id": "490dde24b259add1335244cd1b5768e4", "number": "5164587939", "date": "2021-01-15 12:22:00", "subject": "2", "recorded-or-robo": "N", "city": "Clemmons", "state": "NC", "area-code": "516"}, {"id": "490dde24b259add1335244cd1b576437", "number": "2183778042", "date": "2021-01-22 13:24:00", "subject": "2", "recorded-or-robo": "Y", "city": "International Falls", "state": "MN", "area-code": "218"}, {"id": "490dde24b259add1335244cd1b5759be", "number": "7404676296", "date": "2020-12-18 12:30:00", "subject": "2", "recorded-or-robo": "", "city": "Portsmouth", "state": "OH", "area-code": "740"}, {"id": "490dde24b259add1335244cd1b5753e7", "number": "2319817419", "date": "2021-01-26 12:20:00", "subject": "6", "recorded-or-robo": "Y", "city": "Traverse City", "state": "MI", "area-code": "231"}, {"id": "490dde24b259add1335244cd1b574782", "number": "3322089927", "date": "2021-01-26 12:21:00", "subject": "3", "recorded-or-robo": "N", "city": "New York", "state": "NY", "area-code": "212"}, {"id": "490dde24b259add1335244cd1b57400b", "number": "6033835193", "date": "2021-01-22 12:34:00", "subject": "3", "recorded-or-robo": "Y", "city": "", "state": "CO", "area-code": "970"}, {"id": "490dde24b259add1335244cd1b573b64", "number": "9563042190", "date": "2021-01-26 05:59:00", "subject": "4", "recorded-or-robo": "Y", "city": "Duluth", "state": "GA", "area-code": "214"}, {"id": "490dde24b259add1335244cd1b57310c", "number": "7609835295", "date": "2021-01-26 09:10:00", "subject": "1", "recorded-or-robo": "Y", "city": "Victorville", "state": "CA", "area-code": "760"}, {"id": "490dde24b259add1335244cd1b573021", "number": "6317150875", "date": "2021-01-26 10:56:00", "subject": "4", "recorded-or-robo": "Y", "city": "Oakdale", "state": "NY", "area-code": "631"}, {"id": "490dde24b259add1335244cd1b572d8d", "number": "9093918763", "date": "2021-01-26 09:16:00", "subject": "4", "recorded-or-robo": "Y", "city": "", "state": "CA", "area-code": "909"}, {"id": "490dde24b259add1335244cd1b5721d7", "number": "7063410330", "date": "2021-01-26 12:20:00", "subject": "4", "recorded-or-robo": "Y", "city": "", "state": "GA", "area-code": "229"}, {"id": "490dde24b259add1335244cd1b572098", "number": "8332298987", "date": "2021-01-26 10:27:00", "subject": "0", "recorded-or-robo": "Y", "city": "muscatine", "state": "IA", "area-code": "563"}, {"id": "490dde24b259add1335244cd1b5718cf", "number": "8337700685", "date": "2021-01-26 10:59:00", "subject": "1", "recorded-or-robo": "Y", "city": "", "state": "WI", "area-code": "414"}, {"id": "490dde24b259add1335244cd1b570b43", "number": "3016579606", "date": "2021-01-26 12:04:00", "subject": "2", "recorded-or-robo": "Y", "city": "", "state": "NJ", "area-code": "301"}, {"id": "490dde24b259add1335244cd1b56fea5", "number": "3309130599", "date": "2021-01-04 03:45:00", "subject": "3", "recorded-or-robo": "", "city": "", "state": "OH", "area-code": "513"}, {"id": "490dde24b259add1335244cd1b56fae9", "number": "6192685346", "date": "2021-01-26 09:13:00", "subject": "4", "recorded-or-robo": "Y", "city": "", "state": "CA", "area-code": "619"}, {"id": "490dde24b259add1335244cd1b56ed27", "number": "8132215101", "date": "2021-01-25 16:52:00", "subject": "3", "recorded-or-robo": "Y", "city": "", "state": "FL", "area-code": "407"}, {"id": "490dde24b259add1335244cd1b56e9e6", "number": "2702649057", "date": "2021-01-18 13:57:00", "subject": "2", "recorded-or-robo": "Y", "city": "Lewisport", "state": "KY", "area-code": "270"}, {"id": "490dde24b259add1335244cd1b56de60", "number": "5803244535", "date": "2021-01-26 10:57:00", "subject": "0", "recorded-or-robo": "Y", "city": "", "state": "MN", "area-code": "763"}, {"id": "490dde24b259add1335244cd1b56d168", "number": "8053421122", "date": "2021-01-20 11:08:00", "subject": "0", "recorded-or-robo": "N", "city": "seattle", "state": "CA", "area-code": "805"}, {"id": "490dde24b259add1335244cd1b56c337", "number": "9853528816", "date": "2021-01-26 23:21:00", "subject": "3", "recorded-or-robo": "Y", "city": "Pearl River", "state": "LA", "area-code": "985"}, {"id": "490dde24b259add1335244cd1b56c1f7", "number": "9183102315", "date": "2021-01-26 11:17:00", "subject": "0", "recorded-or-robo": "Y", "city": "", "state": "OK", "area-code": "918"}, {"id": "490dde24b259add1335244cd1b56b7ba", "number": "7206156390", "date": "2021-01-22 10:02:00", "subject": "3", "recorded-or-robo": "Y", "city": "", "state": "CO", "area-code": "970"}, {"id": "490dde24b259add1335244cd1b56a8fd", "number": "6026641672", "date": "2021-01-26 10:10:00", "subject": "7", "recorded-or-robo": "Y", "city": "", "state": "AZ", "area-code": "602"}, {"id": "490dde24b259add1335244cd1b56a599", "number": "7144941461", "date": "2021-01-26 08:49:00", "subject": "16", "recorded-or-robo": "Y", "city": "Upland", "state": "CA", "area-code": "714"}, {"id": "490dde24b259add1335244cd1b569c6e", "number": "4242275207", "date": "2021-01-26 12:08:00", "subject": "4", "recorded-or-robo": "Y", "city": "Wyandotte", "state": "MI", "area-code": "248"}, {"id": "490dde24b259add1335244cd1b5691a9", "number": "2393499220", "date": "2021-01-26 11:44:00", "subject": "2", "recorded-or-robo": "Y", "city": "St. James City", "state": "FL", "area-code": "239"}, {"id": "490dde24b259add1335244cd1b568820", "number": "4024162887", "date": "2021-01-25 12:55:00", "subject": "5", "recorded-or-robo": "", "city": "", "state": "NE", "area-code": "402"}, {"id": "490dde24b259add1335244cd1b567f2f", "number": "60292366661", "date": "2021-01-26 10:18:00", "subject": "5", "recorded-or-robo": "Y", "city": "Phoeix", "state": "AZ", "area-code": "623"}, {"id": "490dde24b259add1335244cd1b56758c", "number": "9401520", "date": "2021-01-26 10:42:00", "subject": "2", "recorded-or-robo": "Y", "city": "Akron", "state": "OH", "area-code": "330"}, {"id": "490dde24b259add1335244cd1b567095", "number": "2196255059", "date": "2021-01-22 15:09:00", "subject": "2", "recorded-or-robo": "Y", "city": "International Falls", "state": "MN", "area-code": "218"}, {"id": "490dde24b259add1335244cd1b566a8f", "number": "9406866282", "date": "2021-01-26 11:20:00", "subject": "1", "recorded-or-robo": "Y", "city": "Wichita Falls", "state": "TX", "area-code": "940"}, {"id": "490dde24b259add1335244cd1b565f62", "number": "5418385137", "date": "2021-01-26 12:21:00", "subject": "4", "recorded-or-robo": "Y", "city": "Williamston", "state": "MI", "area-code": "248"}, {"id": "490dde24b259add1335244cd1b565e21", "number": "5135021878", "date": "2021-01-06 17:18:00", "subject": "3", "recorded-or-robo": "", "city": "", "state": "OH", "area-code": "513"}, {"id": "490dde24b259add1335244cd1b565602", "number": "3366036379", "date": "2021-01-26 10:40:00", "subject": "3", "recorded-or-robo": "Y", "city": "", "state": "NC", "area-code": "336"}, {"id": "490dde24b259add1335244cd1b564fff", "number": "8053421122", "date": "2021-01-20 15:59:00", "subject": "0", "recorded-or-robo": "N", "city": "seattle", "state": "CA", "area-code": "805"}, {"id": "490dde24b259add1335244cd1b56455b", "number": "4357105497", "date": "2021-01-26 11:50:00", "subject": "1", "recorded-or-robo": "Y", "city": "Mashpee", "state": "MA", "area-code": "508"}, {"id": "490dde24b259add1335244cd1b563a29", "number": "4143866872", "date": "2021-01-26 11:19:00", "subject": "3", "recorded-or-robo": "Y", "city": "", "state": "WI", "area-code": "414"}, {"id": "490dde24b259add1335244cd1b563712", "number": "4194879283", "date": "2020-12-17 15:25:00", "subject": "2", "recorded-or-robo": "", "city": "Portsmouth", "state": "OH", "area-code": "740"}, {"id": "490dde24b259add1335244cd1b56351f", "number": "8332997992", "date": "2021-01-26 09:31:00", "subject": "0", "recorded-or-robo": "Y", "city": "muscatine", "state": "IA", "area-code": "563"}, {"id": "490dde24b259add1335244cd1b562db7", "number": "2678550998", "date": "2021-01-26 12:11:00", "subject": "3", "recorded-or-robo": "N", "city": "Danbury", "state": "CT", "area-code": "203"}, {"id": "490dde24b259add1335244cd1b5620a6", "number": "2393318941", "date": "2021-01-26 12:17:00", "subject": "5", "recorded-or-robo": "Y", "city": "Naples", "state": "FL", "area-code": "239"}, {"id": "490dde24b259add1335244cd1b5614c9", "number": "4322805548", "date": "2021-01-25 12:28:00", "subject": "4", "recorded-or-robo": "Y", "city": "Duluth", "state": "GA", "area-code": "214"}, {"id": "490dde24b259add1335244cd1b560930", "number": "4353836585", "date": "2021-01-26 10:00:00", "subject": "4", "recorded-or-robo": "Y", "city": "KAYSVILLE", "state": "UT", "area-code": "801"}, {"id": "490dde24b259add1335244cd1b560557", "number": "6196390251", "date": "2021-01-26 09:19:00", "subject": "5", "recorded-or-robo": "Y", "city": "San Diego", "state": "CA", "area-code": "760"}, {"id": "490dde24b259add1335244cd1b56031f", "number": "3128042325", "date": "2021-01-26 12:04:00", "subject": "2", "recorded-or-robo": "Y", "city": "Barberton", "state": "OH", "area-code": "312"}, {"id": "490dde24b259add1335244cd1b55fc9f", "number": "8554892502", "date": "2021-01-22 06:00:00", "subject": "3", "recorded-or-robo": "Y", "city": "", "state": "CO", "area-code": "970"}, {"id": "490dde24b259add1335244cd1b55f74b", "number": "4024356511", "date": "2021-01-26 10:21:00", "subject": "5", "recorded-or-robo": "", "city": "", "state": "NE", "area-code": "402"}, {"id": "490dde24b259add1335244cd1b55e854", "number": "8139285180", "date": "2021-01-26 12:15:00", "subject": "2", "recorded-or-robo": "Y", "city": "Plainville", "state": "CT", "area-code": "321"}]}