{"data": [{"id": "490dde24b259add1335244cd1b7a61aa", "number": "3235281488", "date": "2021-01-26 09:54:00", "subject": "0", "recorded-or-robo": "Y", "city": "", "state": "CA", "area-code": "323"}, {"id": "490dde24b259add1335244cd1b7a557d", "number": "7609046248", "date": "2021-01-26 07:54:00", "subject": "4", "recorded-or-robo": "Y", "city": "Lakewood", "state": "CA", "area-code": "310"}, {"id": "490dde24b259add1335244cd1b7a4a6d", "number": "3054935247", "date": "2021-01-26 10:36:00", "subject": "2", "recorded-or-robo": "N", "city": "Miami", "state": "FL", "area-code": "305"}, {"id": "490dde24b259add1335244cd1b7a3de0", "number": "9516432455", "date": "2021-01-26 09:27:00", "subject": "2", "recorded-or-robo": "Y", "city": "Solana Beach", "state": "CA", "area-code": "858"}, {"id": "490dde24b259add1335244cd1b7a3871", "number": "8002239797", "date": "2021-01-26 11:42:00", "subject": "2", "recorded-or-robo": "N", "city": "Bowling Green", "state": "KY", "area-code": "270"}, {"id": "490dde24b259add1335244cd1b7a36aa", "number": "4012278739", "date": "2021-01-26 13:01:00", "subject": "3", "recorded-or-robo": "Y", "city": "FORT LEE", "state": "NJ", "area-code": "201"}, {"id": "490dde24b259add1335244cd1b7a3057", "number": "3253455146", "date": "2021-01-25 14:50:00", "subject": "2", "recorded-or-robo": "Y", "city": "Las Vegas", "state": "NV", "area-code": "325"}, {"id": "490dde24b259add1335244cd1b7a2b4a", "number": "9092487513", "date": "2021-01-26 09:15:00", "subject": "3", "recorded-or-robo": "Y", "city": "Redlands", "state": "CA", "area-code": "909"}, {"id": "490dde24b259add1335244cd1b7a2102", "number": "", "date": "2021-01-26 11:50:00", "subject": "1", "recorded-or-robo": "Y", "city": "Dallas", "state": "TX", "area-code": "469"}, {"id": "490dde24b259add1335244cd1b7a1dd1", "number": "6105919551", "date": "2021-01-25 11:09:00", "subject": "0", "recorded-or-robo": "Y", "city": "Phoenixville", "state": "PA", "area-code": "610"}, {"id": "490dde24b259add1335244cd1b7a137a", "number": "9282268954", "date": "2021-01-26 10:05:00", "subject": "4", "recorded-or-robo": "Y", "city": "PAGE", "state": "AZ", "area-code": "928"}, {"id": "490dde24b259add1335244cd1b7a0c13", "number": "8552815541", "date": "2021-01-19 09:48:00", "subject": "6", "recorded-or-robo": "Y", "city": "New Cumberland", "state": "PA", "area-code": "570"}, {"id": "490dde24b259add1335244cd1b7a070b", "number": "2512169550", "date": "2021-01-26 11:56:00", "subject": "4", "recorded-or-robo": "Y", "city": "lineville", "state": "AL", "area-code": "251"}, {"id": "490dde24b259add1335244cd1b79f888", "number": "8762138188", "date": "2021-01-26 11:45:00", "subject": "13", "recorded-or-robo": "N", "city": "Indianapolis", "state": "IN", "area-code": "317"}, {"id": "490dde24b259add1335244cd1b79efa1", "number": "", "date": "2021-01-26 10:00:00", "subject": "1", "recorded-or-robo": "Y", "city": "Bend", "state": "OR", "area-code": "707"}, {"id": "490dde24b259add1335244cd1b79ea4a", "number": "6464376093", "date": "2021-01-26 11:37:00", "subject": "1", "recorded-or-robo": "Y", "city": "Coralville", "state": "IA", "area-code": "541"}, {"id": "490dde24b259add1335244cd1b79e0c6", "number": "", "date": "2021-01-21 00:00:00", "subject": "5", "recorded-or-robo": "Y", "city": "Medina", "state": "OH", "area-code": "330"}, {"id": "490dde24b259add1335244cd1b79dde4", "number": "8133734752", "date": "2021-01-26 00:58:00", "subject": "2", "recorded-or-robo": "Y", "city": "", "state": "FL", "area-code": "813"}, {"id": "490dde24b259add1335244cd1b78e0ec", "number": "8608516302", "date": "2021-01-26 12:50:00", "subject": "3", "recorded-or-robo": "N", "city": "", "state": "CT", "area-code": "203"}, {"id": "490dde24b259add1335244cd1b79d8c3", "number": "3257889814", "date": "2021-01-25 12:44:00", "subject": "3", "recorded-or-robo": "Y", "city": "Las Vegas", "state": "NV", "area-code": "325"}, {"id": "490dde24b259add1335244cd1b79d7e2", "number": "7028888989", "date": "2021-01-25 07:00:00", "subject": "2", "recorded-or-robo": "Y", "city": "N", "state": "NV", "area-code": "702"}, {"id": "490dde24b259add1335244cd1b79cef5", "number": "9162697570", "date": "2021-01-26 11:05:00", "subject": "1", "recorded-or-robo": "Y", "city": "Rothschild", "state": "WI", "area-code": "715"}, {"id": "490dde24b259add1335244cd1b79c417", "number": "9716013005", "date": "2021-01-25 15:14:00", "subject": "4", "recorded-or-robo": "Y", "city": "Bennettsville", "state": "SC", "area-code": "843"}, {"id": "490dde24b259add1335244cd1b79c171", "number": "4012140591", "date": "2021-01-26 12:49:00", "subject": "2", "recorded-or-robo": "Y", "city": "North Kingstown", "state": "RI", "area-code": "401"}, {"id": "490dde24b259add1335244cd1b79bdc7", "number": "2029982905", "date": "2021-01-23 14:23:00", "subject": "3", "recorded-or-robo": "", "city": "", "state": "IN", "area-code": "260"}, {"id": "490dde24b259add1335244cd1b79b992", "number": "6185689825", "date": "2021-01-26 11:55:00", "subject": "1", "recorded-or-robo": "Y", "city": "Fairview Heights", "state": "IL", "area-code": "618"}, {"id": "490dde24b259add1335244cd1b79b18c", "number": "3053636123", "date": "2021-01-26 13:00:00", "subject": "2", "recorded-or-robo": "N", "city": "Miami", "state": "FL", "area-code": "305"}, {"id": "490dde24b259add1335244cd1b79a86c", "number": "5095934556", "date": "2021-01-24 08:45:00", "subject": "2", "recorded-or-robo": "Y", "city": "Airway Heights", "state": "WA", "area-code": "509"}, {"id": "490dde24b259add1335244cd1b79a28e", "number": "8045677181", "date": "2021-01-26 13:00:00", "subject": "1", "recorded-or-robo": "Y", "city": "Newark", "state": "DE", "area-code": "804"}, {"id": "490dde24b259add1335244cd1b7992df", "number": "5409436630", "date": "2021-01-25 15:08:00", "subject": "2", "recorded-or-robo": "Y", "city": "Pearisburg", "state": "VA", "area-code": "540"}, {"id": "490dde24b259add1335244cd1b799025", "number": "8034092557", "date": "2021-01-26 09:54:00", "subject": "4", "recorded-or-robo": "Y", "city": "San Diego", "state": "CA", "area-code": "619"}, {"id": "490dde24b259add1335244cd1b7983b4", "number": "9092459085", "date": "2021-01-26 00:00:00", "subject": "3", "recorded-or-robo": "Y", "city": "Redlands", "state": "CA", "area-code": "909"}, {"id": "490dde24b259add1335244cd1b79790d", "number": "9102645004", "date": "2021-01-26 12:23:00", "subject": "0", "recorded-or-robo": "Y", "city": "Levitrown", "state": "NY", "area-code": "516"}, {"id": "490dde24b259add1335244cd1b7973a3", "number": "", "date": "2021-01-19 16:23:00", "subject": "4", "recorded-or-robo": "Y", "city": "Mount Washington", "state": "KY", "area-code": "502"}, {"id": "490dde24b259add1335244cd1b796970", "number": "8138811700", "date": "2021-01-26 19:57:00", "subject": "0", "recorded-or-robo": "Y", "city": "North Port", "state": "FL", "area-code": "941"}, {"id": "490dde24b259add1335244cd1b79689d", "number": "7742512636", "date": "2021-01-26 12:54:00", "subject": "4", "recorded-or-robo": "Y", "city": "Brooklyn", "state": "NY", "area-code": "718"}, {"id": "490dde24b259add1335244cd1b7959c2", "number": "7578931216", "date": "2021-01-26 12:50:00", "subject": "11", "recorded-or-robo": "Y", "city": "", "state": "MA", "area-code": "617"}, {"id": "490dde24b259add1335244cd1b794b30", "number": "8453062014", "date": "2021-01-26 12:10:00", "subject": "3", "recorded-or-robo": "Y", "city": "", "state": "NY", "area-code": "845"}, {"id": "490dde24b259add1335244cd1b793bfb", "number": "", "date": "2021-01-26 10:52:00", "subject": "2", "recorded-or-robo": "Y", "city": "Lone Tree", "state": "CO", "area-code": "303"}, {"id": "490dde24b259add1335244cd1b79372e", "number": "8133315065", "date": "2021-01-26 08:43:00", "subject": "2", "recorded-or-robo": "N", "city": "", "state": "FL", "area-code": "813"}, {"id": "490dde24b259add1335244cd1b7931c0", "number": "4345330746", "date": "2021-01-26 12:59:00", "subject": "4", "recorded-or-robo": "Y", "city": "", "state": "VA", "area-code": "434"}, {"id": "490dde24b259add1335244cd1b792c88", "number": "3022613349", "date": "2021-01-15 10:16:00", "subject": "3", "recorded-or-robo": "Y", "city": "", "state": "WA", "area-code": "253"}, {"id": "490dde24b259add1335244cd1b7921ee", "number": "2405034733", "date": "2021-01-26 12:14:00", "subject": "4", "recorded-or-robo": "Y", "city": "", "state": "MD", "area-code": "240"}, {"id": "490dde24b259add1335244cd1b791de3", "number": "7622075134", "date": "2021-01-26 12:17:00", "subject": "2", "recorded-or-robo": "Y", "city": "", "state": "NC", "area-code": "704"}, {"id": "490dde24b259add1335244cd1b790ec2", "number": "9735544443", "date": "2021-01-04 16:02:00", "subject": "0", "recorded-or-robo": "Y", "city": "", "state": "NJ", "area-code": "973"}, {"id": "490dde24b259add1335244cd1b78ff75", "number": "8583867313", "date": "2021-01-26 09:07:00", "subject": "2", "recorded-or-robo": "Y", "city": "Solana Beach", "state": "CA", "area-code": "858"}, {"id": "490dde24b259add1335244cd1b78f6b6", "number": "9092477464", "date": "2021-01-26 09:01:00", "subject": "2", "recorded-or-robo": "Y", "city": "Redlands", "state": "CA", "area-code": "909"}, {"id": "490dde24b259add1335244cd1b78ef70", "number": "9144018142", "date": "2021-01-26 12:48:00", "subject": "1", "recorded-or-robo": "Y", "city": "", "state": "NY", "area-code": "914"}, {"id": "490dde24b259add1335244cd1b78df23", "number": "4077721657", "date": "2021-01-26 12:00:00", "subject": "1", "recorded-or-robo": "Y", "city": "Colorado Springs", "state": "CO", "area-code": "719"}, {"id": "490dde24b259add1335244cd1b780787", "number": "9253644532", "date": "2021-01-26 12:55:00", "subject": "3", "recorded-or-robo": "N", "city": "", "state": "OH", "area-code": "330"}]}