{"data": [{"id": "3decc6bfadaa436a105714c6ba7a4309", "number": "8453023574", "date": "2021-01-23 17:01:53", "subject": "3", "recorded-or-robo": "Y", "city": "", "state": "NY", "area-code": "845"}, {"id": "03e293b3df9e35eadf15c5611910b364", "number": "8453023574", "date": "2021-01-23 17:01:53", "subject": "3", "recorded-or-robo": "Y", "city": "", "state": "NY", "area-code": "845"}, {"id": "3decc6bfadaa436a105714c6ba3bcb41", "number": "6366345702", "date": "2021-01-23 03:54:00", "subject": "2", "recorded-or-robo": "N", "city": "JEFFERSON CITY", "state": "IL", "area-code": "618"}, {"id": "1d36742e3f24f50e4e7ae82801d18cd0", "number": "6366345702", "date": "2021-01-23 03:54:00", "subject": "2", "recorded-or-robo": "N", "city": "JEFFERSON CITY", "state": "IL", "area-code": "618"}, {"id": "3decc6bfadaa436a105714c6ba3bc6e6", "number": "2513469422", "date": "2021-01-23 15:00:00", "subject": "3", "recorded-or-robo": "N", "city": "", "state": "AL", "area-code": "251"}, {"id": "1d36742e3f24f50e4e7ae82801d17fc6", "number": "2513469422", "date": "2021-01-23 15:00:00", "subject": "3", "recorded-or-robo": "N", "city": "", "state": "AL", "area-code": "251"}, {"id": "3decc6bfadaa436a105714c6ba3bc5b1", "number": "", "date": "2021-01-23 01:35:00", "subject": "11", "recorded-or-robo": "Y", "city": "", "state": "WA", "area-code": "509"}, {"id": "1d36742e3f24f50e4e7ae82801d17bcd", "number": "", "date": "2021-01-23 01:35:00", "subject": "11", "recorded-or-robo": "Y", "city": "", "state": "WA", "area-code": "509"}, {"id": "3decc6bfadaa436a105714c6ba3bbb95", "number": "7207434697", "date": "2021-01-23 14:56:00", "subject": "0", "recorded-or-robo": "Y", "city": "Snowmass Village", "state": "CO", "area-code": "970"}, {"id": "1d36742e3f24f50e4e7ae82801d17646", "number": "7207434697", "date": "2021-01-23 14:56:00", "subject": "0", "recorded-or-robo": "Y", "city": "Snowmass Village", "state": "CO", "area-code": "970"}, {"id": "3decc6bfadaa436a105714c6ba7a4e63", "number": "+17753896843", "date": "2021-01-23 17:00:27", "subject": "3", "recorded-or-robo": "Y", "city": "", "state": "NV", "area-code": "775"}, {"id": "03e293b3df9e35eadf15c5611910c082", "number": "+17753896843", "date": "2021-01-23 17:00:27", "subject": "3", "recorded-or-robo": "Y", "city": "", "state": "NV", "area-code": "775"}, {"id": "3decc6bfadaa436a105714c6ba7a265f", "number": "+13142327003", "date": "2021-01-23 17:00:00", "subject": "3", "recorded-or-robo": "N", "city": "", "state": "MO", "area-code": "314"}, {"id": "03e293b3df9e35eadf15c56119109731", "number": "+13142327003", "date": "2021-01-23 17:00:00", "subject": "3", "recorded-or-robo": "N", "city": "", "state": "MO", "area-code": "314"}, {"id": "3decc6bfadaa436a105714c6ba79fa43", "number": "5129783744", "date": "2021-01-23 16:59:39", "subject": "3", "recorded-or-robo": "Y", "city": "", "state": "TX", "area-code": "512"}, {"id": "03e293b3df9e35eadf15c56119107988", "number": "5129783744", "date": "2021-01-23 16:59:39", "subject": "3", "recorded-or-robo": "Y", "city": "", "state": "TX", "area-code": "512"}, {"id": "3decc6bfadaa436a105714c6ba79e0a5", "number": "+17205995638", "date": "2021-01-23 16:59:03", "subject": "3", "recorded-or-robo": "Y", "city": "", "state": "NY", "area-code": "929"}, {"id": "03e293b3df9e35eadf15c561191062f3", "number": "+17205995638", "date": "2021-01-23 16:59:03", "subject": "3", "recorded-or-robo": "Y", "city": "", "state": "NY", "area-code": "929"}, {"id": "3decc6bfadaa436a105714c6ba3bac6c", "number": "7756315792", "date": "2021-01-20 00:00:00", "subject": "3", "recorded-or-robo": "Y", "city": "", "state": "RI", "area-code": "401"}, {"id": "1d36742e3f24f50e4e7ae82801d168ba", "number": "7756315792", "date": "2021-01-20 00:00:00", "subject": "3", "recorded-or-robo": "Y", "city": "", "state": "RI", "area-code": "401"}, {"id": "3decc6bfadaa436a105714c6ba3ba596", "number": "5099282461", "date": "2021-01-23 13:33:00", "subject": "1", "recorded-or-robo": "Y", "city": "Greenacres", "state": "WA", "area-code": "509"}, {"id": "3decc6bfadaa436a105714c6ba3b9b2f", "number": "7867418358", "date": "2021-01-23 10:43:00", "subject": "2", "recorded-or-robo": "Y", "city": "Fort Myers", "state": "FL", "area-code": "239"}, {"id": "1d36742e3f24f50e4e7ae82801d15f3c", "number": "5099282461", "date": "2021-01-23 13:33:00", "subject": "1", "recorded-or-robo": "Y", "city": "Greenacres", "state": "WA", "area-code": "509"}, {"id": "1d36742e3f24f50e4e7ae82801d15cc4", "number": "7867418358", "date": "2021-01-23 10:43:00", "subject": "2", "recorded-or-robo": "Y", "city": "Fort Myers", "state": "FL", "area-code": "239"}, {"id": "3decc6bfadaa436a105714c6ba3b8c21", "number": "3145602249", "date": "2021-01-23 15:29:00", "subject": "1", "recorded-or-robo": "Y", "city": "St. Louis", "state": "MO", "area-code": "314"}, {"id": "1d36742e3f24f50e4e7ae82801d155de", "number": "3145602249", "date": "2021-01-23 15:29:00", "subject": "1", "recorded-or-robo": "Y", "city": "St. Louis", "state": "MO", "area-code": "314"}, {"id": "3decc6bfadaa436a105714c6ba3b8485", "number": "8773499337", "date": "2021-01-23 14:52:00", "subject": "3", "recorded-or-robo": "N", "city": "Three Forks", "state": "WA", "area-code": "509"}, {"id": "1d36742e3f24f50e4e7ae82801d1498d", "number": "8773499337", "date": "2021-01-23 14:52:00", "subject": "3", "recorded-or-robo": "N", "city": "Three Forks", "state": "WA", "area-code": "509"}, {"id": "3decc6bfadaa436a105714c6ba3b7969", "number": "6179774736", "date": "2021-01-23 16:42:00", "subject": "7", "recorded-or-robo": "N", "city": "Boston", "state": "MA", "area-code": "941"}, {"id": "1d36742e3f24f50e4e7ae82801d1474e", "number": "6179774736", "date": "2021-01-23 16:42:00", "subject": "7", "recorded-or-robo": "N", "city": "Boston", "state": "MA", "area-code": "941"}, {"id": "3decc6bfadaa436a105714c6ba3b6994", "number": "4352714527", "date": "2021-01-23 14:30:00", "subject": "2", "recorded-or-robo": "Y", "city": "Park City", "state": "UT", "area-code": "435"}, {"id": "1d36742e3f24f50e4e7ae82801d1421d", "number": "4352714527", "date": "2021-01-23 14:30:00", "subject": "2", "recorded-or-robo": "Y", "city": "Park City", "state": "UT", "area-code": "435"}, {"id": "3decc6bfadaa436a105714c6ba79cb97", "number": "2064008287", "date": "2021-01-23 16:57:10", "subject": "3", "recorded-or-robo": "Y", "city": "", "state": "CA", "area-code": "858"}, {"id": "03e293b3df9e35eadf15c561191058a1", "number": "2064008287", "date": "2021-01-23 16:57:10", "subject": "3", "recorded-or-robo": "Y", "city": "", "state": "CA", "area-code": "858"}, {"id": "3decc6bfadaa436a105714c6ba3b5ef9", "number": "7144081741", "date": "2021-01-23 14:53:00", "subject": "2", "recorded-or-robo": "N", "city": "Phoenix", "state": "AZ", "area-code": "623"}, {"id": "1d36742e3f24f50e4e7ae82801d137ae", "number": "7144081741", "date": "2021-01-23 14:53:00", "subject": "2", "recorded-or-robo": "N", "city": "Phoenix", "state": "AZ", "area-code": "623"}, {"id": "3decc6bfadaa436a105714c6ba3b4fe9", "number": "3013842707", "date": "2021-01-23 16:47:00", "subject": "1", "recorded-or-robo": "Y", "city": "Silver Spring", "state": "MD", "area-code": "301"}, {"id": "1d36742e3f24f50e4e7ae82801d12ffa", "number": "3013842707", "date": "2021-01-23 16:47:00", "subject": "1", "recorded-or-robo": "Y", "city": "Silver Spring", "state": "MD", "area-code": "301"}, {"id": "3decc6bfadaa436a105714c6ba3b4c08", "number": "2187907278", "date": "2021-01-23 10:36:00", "subject": "0", "recorded-or-robo": "", "city": "Providence", "state": "RI", "area-code": "401"}, {"id": "1d36742e3f24f50e4e7ae82801d129ac", "number": "2187907278", "date": "2021-01-23 10:36:00", "subject": "0", "recorded-or-robo": "", "city": "Providence", "state": "RI", "area-code": "401"}, {"id": "3decc6bfadaa436a105714c6ba3b4583", "number": "7054587854", "date": "2021-01-23 16:00:00", "subject": "0", "recorded-or-robo": "Y", "city": "", "state": "RI", "area-code": "401"}, {"id": "1d36742e3f24f50e4e7ae82801d128c5", "number": "7054587854", "date": "2021-01-23 16:00:00", "subject": "0", "recorded-or-robo": "Y", "city": "", "state": "RI", "area-code": "401"}, {"id": "3decc6bfadaa436a105714c6ba79bee6", "number": "+17542069428", "date": "2021-01-23 16:56:08", "subject": "3", "recorded-or-robo": "N", "city": "", "state": "GA", "area-code": "678"}, {"id": "03e293b3df9e35eadf15c5611910580c", "number": "+17542069428", "date": "2021-01-23 16:56:08", "subject": "3", "recorded-or-robo": "N", "city": "", "state": "GA", "area-code": "678"}, {"id": "3decc6bfadaa436a105714c6ba79eb5e", "number": "7863063520", "date": "2021-01-23 16:55:55", "subject": "3", "recorded-or-robo": "Y", "city": "", "state": "FL", "area-code": "786"}, {"id": "03e293b3df9e35eadf15c56119106ebf", "number": "7863063520", "date": "2021-01-23 16:55:55", "subject": "3", "recorded-or-robo": "Y", "city": "", "state": "FL", "area-code": "786"}, {"id": "3decc6bfadaa436a105714c6ba3b383a", "number": "3609402391", "date": "2021-01-23 13:44:00", "subject": "0", "recorded-or-robo": "N", "city": "Black River Falls", "state": "WI", "area-code": "715"}, {"id": "1d36742e3f24f50e4e7ae82801d12837", "number": "3609402391", "date": "2021-01-23 13:44:00", "subject": "0", "recorded-or-robo": "N", "city": "Black River Falls", "state": "WI", "area-code": "715"}, {"id": "3decc6bfadaa436a105714c6ba3b32c7", "number": "4582922478", "date": "2021-01-23 10:44:00", "subject": "3", "recorded-or-robo": "N", "city": "", "state": "CO", "area-code": "303"}, {"id": "1d36742e3f24f50e4e7ae82801d125bd", "number": "4582922478", "date": "2021-01-23 10:44:00", "subject": "3", "recorded-or-robo": "N", "city": "", "state": "CO", "area-code": "303"}]}