{"data": [{"id": "3decc6bfadaa436a105714c6ba7b2f58", "number": "4705984835", "date": "2021-01-23 17:28:30", "subject": "3", "recorded-or-robo": "Y", "city": "", "state": "GA", "area-code": "678"}, {"id": "03e293b3df9e35eadf15c5611911b102", "number": "4705984835", "date": "2021-01-23 17:28:30", "subject": "3", "recorded-or-robo": "Y", "city": "", "state": "GA", "area-code": "678"}, {"id": "3decc6bfadaa436a105714c6ba401b78", "number": "243840313333", "date": "2021-01-22 19:08:00", "subject": "2", "recorded-or-robo": "Y", "city": "Runnells", "state": "IA", "area-code": "641"}, {"id": "1d36742e3f24f50e4e7ae82801d5f8d3", "number": "243840313333", "date": "2021-01-22 19:08:00", "subject": "2", "recorded-or-robo": "Y", "city": "Runnells", "state": "IA", "area-code": "641"}, {"id": "3decc6bfadaa436a105714c6ba400cf0", "number": "3045765140", "date": "2021-01-23 12:30:00", "subject": "4", "recorded-or-robo": "Y", "city": "Rainelle", "state": "WV", "area-code": "304"}, {"id": "1d36742e3f24f50e4e7ae82801d5ee21", "number": "3045765140", "date": "2021-01-23 12:30:00", "subject": "4", "recorded-or-robo": "Y", "city": "Rainelle", "state": "WV", "area-code": "304"}, {"id": "3decc6bfadaa436a105714c6ba40092c", "number": "5412290426", "date": "2021-01-22 12:42:00", "subject": "0", "recorded-or-robo": "Y", "city": "", "state": "OR", "area-code": "541"}, {"id": "1d36742e3f24f50e4e7ae82801d5e2cc", "number": "5412290426", "date": "2021-01-22 12:42:00", "subject": "0", "recorded-or-robo": "Y", "city": "", "state": "OR", "area-code": "541"}, {"id": "3decc6bfadaa436a105714c6ba4000aa", "number": "", "date": "2021-01-23 12:00:00", "subject": "1", "recorded-or-robo": "Y", "city": "Philadelphia", "state": "PA", "area-code": "215"}, {"id": "1d36742e3f24f50e4e7ae82801d5df9e", "number": "", "date": "2021-01-23 12:00:00", "subject": "1", "recorded-or-robo": "Y", "city": "Philadelphia", "state": "PA", "area-code": "215"}, {"id": "3decc6bfadaa436a105714c6ba3ffd96", "number": "7204563720", "date": "2021-01-22 16:12:00", "subject": "0", "recorded-or-robo": "N", "city": "", "state": "PA", "area-code": "412"}, {"id": "1d36742e3f24f50e4e7ae82801d5d664", "number": "7204563720", "date": "2021-01-22 16:12:00", "subject": "0", "recorded-or-robo": "N", "city": "", "state": "PA", "area-code": "412"}, {"id": "3decc6bfadaa436a105714c6ba3ffbc8", "number": "1111111111", "date": "2021-01-18 15:37:00", "subject": "0", "recorded-or-robo": "N", "city": "Tucson", "state": "CA", "area-code": "661"}, {"id": "1d36742e3f24f50e4e7ae82801d5d519", "number": "1111111111", "date": "2021-01-18 15:37:00", "subject": "0", "recorded-or-robo": "N", "city": "Tucson", "state": "CA", "area-code": "661"}, {"id": "3decc6bfadaa436a105714c6ba3ffa71", "number": "8604523243", "date": "2021-01-23 00:00:00", "subject": "3", "recorded-or-robo": "Y", "city": "", "state": "CT", "area-code": "860"}, {"id": "1d36742e3f24f50e4e7ae82801d5c8b8", "number": "8604523243", "date": "2021-01-23 00:00:00", "subject": "3", "recorded-or-robo": "Y", "city": "", "state": "CT", "area-code": "860"}, {"id": "3decc6bfadaa436a105714c6ba3ff7cd", "number": "5204670603", "date": "2021-01-22 10:58:00", "subject": "0", "recorded-or-robo": "Y", "city": "", "state": "OR", "area-code": "541"}, {"id": "1d36742e3f24f50e4e7ae82801d5c6b9", "number": "5204670603", "date": "2021-01-22 10:58:00", "subject": "0", "recorded-or-robo": "Y", "city": "", "state": "OR", "area-code": "541"}, {"id": "3decc6bfadaa436a105714c6ba3ff582", "number": "7572206378", "date": "2021-01-23 17:15:00", "subject": "1", "recorded-or-robo": "Y", "city": "", "state": "VA", "area-code": "757"}, {"id": "1d36742e3f24f50e4e7ae82801d5c137", "number": "7572206378", "date": "2021-01-23 17:15:00", "subject": "1", "recorded-or-robo": "Y", "city": "", "state": "VA", "area-code": "757"}, {"id": "3decc6bfadaa436a105714c6ba3fe8d6", "number": "243840313552", "date": "2021-01-22 18:36:00", "subject": "2", "recorded-or-robo": "Y", "city": "Runnells", "state": "IA", "area-code": "641"}, {"id": "1d36742e3f24f50e4e7ae82801d5b363", "number": "243840313552", "date": "2021-01-22 18:36:00", "subject": "2", "recorded-or-robo": "Y", "city": "Runnells", "state": "IA", "area-code": "641"}, {"id": "3decc6bfadaa436a105714c6ba3fe554", "number": "6147299019", "date": "2021-01-22 15:25:00", "subject": "0", "recorded-or-robo": "N", "city": "", "state": "PA", "area-code": "412"}, {"id": "3decc6bfadaa436a105714c6ba3fd74e", "number": "4077810911", "date": "2021-01-23 15:49:00", "subject": "7", "recorded-or-robo": "Y", "city": "Longwood", "state": "FL", "area-code": "407"}, {"id": "1d36742e3f24f50e4e7ae82801d5b347", "number": "6147299019", "date": "2021-01-22 15:25:00", "subject": "0", "recorded-or-robo": "N", "city": "", "state": "PA", "area-code": "412"}, {"id": "1d36742e3f24f50e4e7ae82801d5b142", "number": "4077810911", "date": "2021-01-23 15:49:00", "subject": "7", "recorded-or-robo": "Y", "city": "Longwood", "state": "FL", "area-code": "407"}, {"id": "3decc6bfadaa436a105714c6ba3fd53c", "number": "8012508865", "date": "2021-01-14 07:05:00", "subject": "3", "recorded-or-robo": "Y", "city": "", "state": "UT", "area-code": "801"}, {"id": "1d36742e3f24f50e4e7ae82801d5afb8", "number": "8012508865", "date": "2021-01-14 07:05:00", "subject": "3", "recorded-or-robo": "Y", "city": "", "state": "UT", "area-code": "801"}, {"id": "3decc6bfadaa436a105714c6ba3fca12", "number": "6173908331", "date": "2021-01-22 11:16:00", "subject": "0", "recorded-or-robo": "Y", "city": "randolph", "state": "MA", "area-code": "781"}, {"id": "1d36742e3f24f50e4e7ae82801d5a2b9", "number": "6173908331", "date": "2021-01-22 11:16:00", "subject": "0", "recorded-or-robo": "Y", "city": "randolph", "state": "MA", "area-code": "781"}, {"id": "3decc6bfadaa436a105714c6ba3fbf2a", "number": "5413621109", "date": "2021-01-22 09:36:00", "subject": "0", "recorded-or-robo": "Y", "city": "", "state": "OR", "area-code": "541"}, {"id": "1d36742e3f24f50e4e7ae82801d5a08b", "number": "5413621109", "date": "2021-01-22 09:36:00", "subject": "0", "recorded-or-robo": "Y", "city": "", "state": "OR", "area-code": "541"}, {"id": "3decc6bfadaa436a105714c6ba3fba6b", "number": "6147299019", "date": "2021-01-22 14:21:00", "subject": "0", "recorded-or-robo": "N", "city": "", "state": "PA", "area-code": "412"}, {"id": "1d36742e3f24f50e4e7ae82801d59a38", "number": "6147299019", "date": "2021-01-22 14:21:00", "subject": "0", "recorded-or-robo": "N", "city": "", "state": "PA", "area-code": "412"}, {"id": "3decc6bfadaa436a105714c6ba3fba02", "number": "", "date": "2021-01-23 15:51:00", "subject": "1", "recorded-or-robo": "Y", "city": "North Chesterfield", "state": "VA", "area-code": "804"}, {"id": "1d36742e3f24f50e4e7ae82801d59055", "number": "", "date": "2021-01-23 15:51:00", "subject": "1", "recorded-or-robo": "Y", "city": "North Chesterfield", "state": "VA", "area-code": "804"}, {"id": "3decc6bfadaa436a105714c6ba7b3a55", "number": "9177206047", "date": "2021-01-23 17:25:34", "subject": "3", "recorded-or-robo": "Y", "city": "", "state": "NJ", "area-code": "201"}, {"id": "03e293b3df9e35eadf15c5611911b7ef", "number": "9177206047", "date": "2021-01-23 17:25:34", "subject": "3", "recorded-or-robo": "Y", "city": "", "state": "NJ", "area-code": "201"}, {"id": "3decc6bfadaa436a105714c6ba3fad64", "number": "5099285955", "date": "2021-01-23 13:07:00", "subject": "1", "recorded-or-robo": "Y", "city": "SPOKANE VALLEY", "state": "WA", "area-code": "509"}, {"id": "1d36742e3f24f50e4e7ae82801d585a0", "number": "5099285955", "date": "2021-01-23 13:07:00", "subject": "1", "recorded-or-robo": "Y", "city": "SPOKANE VALLEY", "state": "WA", "area-code": "509"}, {"id": "3decc6bfadaa436a105714c6ba3fad22", "number": "5103350821", "date": "2021-01-23 11:51:00", "subject": "1", "recorded-or-robo": "Y", "city": "Wickenburg", "state": "AZ", "area-code": "520"}, {"id": "1d36742e3f24f50e4e7ae82801d581fd", "number": "5103350821", "date": "2021-01-23 11:51:00", "subject": "1", "recorded-or-robo": "Y", "city": "Wickenburg", "state": "AZ", "area-code": "520"}, {"id": "3decc6bfadaa436a105714c6ba3fa74e", "number": "6147299019", "date": "2021-01-22 10:54:00", "subject": "0", "recorded-or-robo": "N", "city": "", "state": "PA", "area-code": "412"}, {"id": "1d36742e3f24f50e4e7ae82801d57315", "number": "6147299019", "date": "2021-01-22 10:54:00", "subject": "0", "recorded-or-robo": "N", "city": "", "state": "PA", "area-code": "412"}, {"id": "3decc6bfadaa436a105714c6ba3f9f11", "number": "1992985872825", "date": "2021-01-22 18:29:00", "subject": "2", "recorded-or-robo": "Y", "city": "Runnells", "state": "IA", "area-code": "641"}, {"id": "1d36742e3f24f50e4e7ae82801d57118", "number": "1992985872825", "date": "2021-01-22 18:29:00", "subject": "2", "recorded-or-robo": "Y", "city": "Runnells", "state": "IA", "area-code": "641"}, {"id": "3decc6bfadaa436a105714c6ba7b33d7", "number": "+19044907858", "date": "2021-01-23 17:25:18", "subject": "3", "recorded-or-robo": "Y", "city": "", "state": "FL", "area-code": "352"}, {"id": "03e293b3df9e35eadf15c5611911b67b", "number": "+19044907858", "date": "2021-01-23 17:25:18", "subject": "3", "recorded-or-robo": "Y", "city": "", "state": "FL", "area-code": "352"}, {"id": "3decc6bfadaa436a105714c6ba3f9be1", "number": "9202078889", "date": "2021-01-23 16:19:00", "subject": "1", "recorded-or-robo": "Y", "city": "Cleveland", "state": "WI", "area-code": "920"}, {"id": "3decc6bfadaa436a105714c6ba3f9633", "number": "3239682612", "date": "2021-01-16 10:32:00", "subject": "4", "recorded-or-robo": "Y", "city": "", "state": "CA", "area-code": "323"}]}