{"data": [{"id": "3decc6bfadaa436a105714c6ba436f95", "number": "7817309524", "date": "2021-01-22 13:15:00", "subject": "0", "recorded-or-robo": "Y", "city": "randolph", "state": "MA", "area-code": "781"}, {"id": "1d36742e3f24f50e4e7ae82801d924b0", "number": "7817309524", "date": "2021-01-22 13:15:00", "subject": "0", "recorded-or-robo": "Y", "city": "randolph", "state": "MA", "area-code": "781"}, {"id": "3decc6bfadaa436a105714c6ba436a6c", "number": "7722271515", "date": "2021-01-20 09:40:00", "subject": "3", "recorded-or-robo": "", "city": "PALM CITY", "state": "FL", "area-code": "772"}, {"id": "1d36742e3f24f50e4e7ae82801d91f56", "number": "7722271515", "date": "2021-01-20 09:40:00", "subject": "3", "recorded-or-robo": "", "city": "PALM CITY", "state": "FL", "area-code": "772"}, {"id": "3decc6bfadaa436a105714c6ba4363d2", "number": "2284134551", "date": "2021-01-23 12:31:00", "subject": "2", "recorded-or-robo": "N", "city": "Biloxi", "state": "MS", "area-code": "228"}, {"id": "3decc6bfadaa436a105714c6ba435613", "number": "9175400727", "date": "2021-01-16 10:00:00", "subject": "6", "recorded-or-robo": "Y", "city": "", "state": "NY", "area-code": "917"}, {"id": "1d36742e3f24f50e4e7ae82801d911ff", "number": "2284134551", "date": "2021-01-23 12:31:00", "subject": "2", "recorded-or-robo": "N", "city": "Biloxi", "state": "MS", "area-code": "228"}, {"id": "1d36742e3f24f50e4e7ae82801d90c23", "number": "9175400727", "date": "2021-01-16 10:00:00", "subject": "6", "recorded-or-robo": "Y", "city": "", "state": "NY", "area-code": "917"}, {"id": "3decc6bfadaa436a105714c6ba4348bf", "number": "7738291055", "date": "2021-01-23 16:15:00", "subject": "13", "recorded-or-robo": "Y", "city": "Ocean Springs", "state": "MS", "area-code": "228"}, {"id": "1d36742e3f24f50e4e7ae82801d907ef", "number": "7738291055", "date": "2021-01-23 16:15:00", "subject": "13", "recorded-or-robo": "Y", "city": "Ocean Springs", "state": "MS", "area-code": "228"}, {"id": "3decc6bfadaa436a105714c6ba434697", "number": "7865049911", "date": "2021-01-23 14:42:00", "subject": "2", "recorded-or-robo": "Y", "city": "", "state": "CA", "area-code": "310"}, {"id": "1d36742e3f24f50e4e7ae82801d903a8", "number": "7865049911", "date": "2021-01-23 14:42:00", "subject": "2", "recorded-or-robo": "Y", "city": "", "state": "CA", "area-code": "310"}, {"id": "3decc6bfadaa436a105714c6ba433f71", "number": "2037957373", "date": "2021-01-23 17:37:00", "subject": "0", "recorded-or-robo": "N", "city": "", "state": "CT", "area-code": "203"}, {"id": "1d36742e3f24f50e4e7ae82801d8fb8d", "number": "2037957373", "date": "2021-01-23 17:37:00", "subject": "0", "recorded-or-robo": "N", "city": "", "state": "CT", "area-code": "203"}, {"id": "3decc6bfadaa436a105714c6ba433df9", "number": "", "date": "2021-01-21 00:00:00", "subject": "3", "recorded-or-robo": "Y", "city": "", "state": "RI", "area-code": "401"}, {"id": "1d36742e3f24f50e4e7ae82801d8f1d3", "number": "", "date": "2021-01-21 00:00:00", "subject": "3", "recorded-or-robo": "Y", "city": "", "state": "RI", "area-code": "401"}, {"id": "3decc6bfadaa436a105714c6ba4339d3", "number": "8005746616", "date": "2021-01-22 13:07:00", "subject": "1", "recorded-or-robo": "Y", "city": "", "state": "CA", "area-code": "310"}, {"id": "1d36742e3f24f50e4e7ae82801d8e92a", "number": "8005746616", "date": "2021-01-22 13:07:00", "subject": "1", "recorded-or-robo": "Y", "city": "", "state": "CA", "area-code": "310"}, {"id": "3decc6bfadaa436a105714c6ba432d0f", "number": "7726624285", "date": "2021-01-20 11:14:00", "subject": "3", "recorded-or-robo": "", "city": "PALM CITY", "state": "FL", "area-code": "772"}, {"id": "1d36742e3f24f50e4e7ae82801d8df63", "number": "7726624285", "date": "2021-01-20 11:14:00", "subject": "3", "recorded-or-robo": "", "city": "PALM CITY", "state": "FL", "area-code": "772"}, {"id": "3decc6bfadaa436a105714c6ba432243", "number": "5099426079", "date": "2021-01-23 14:27:00", "subject": "1", "recorded-or-robo": "Y", "city": "", "state": "WA", "area-code": "509"}, {"id": "1d36742e3f24f50e4e7ae82801d8d759", "number": "5099426079", "date": "2021-01-23 14:27:00", "subject": "1", "recorded-or-robo": "Y", "city": "", "state": "WA", "area-code": "509"}, {"id": "3decc6bfadaa436a105714c6ba431ecd", "number": "9705725128", "date": "2021-01-22 15:25:00", "subject": "3", "recorded-or-robo": "", "city": "PALM CITY", "state": "FL", "area-code": "772"}, {"id": "1d36742e3f24f50e4e7ae82801d8c87c", "number": "9705725128", "date": "2021-01-22 15:25:00", "subject": "3", "recorded-or-robo": "", "city": "PALM CITY", "state": "FL", "area-code": "772"}, {"id": "3decc6bfadaa436a105714c6ba42e089", "number": "3177514027", "date": "2021-01-16 09:40:00", "subject": "3", "recorded-or-robo": "", "city": "", "state": "UT", "area-code": "801"}, {"id": "1d36742e3f24f50e4e7ae82801d88bce", "number": "3177514027", "date": "2021-01-16 09:40:00", "subject": "3", "recorded-or-robo": "", "city": "", "state": "UT", "area-code": "801"}, {"id": "3decc6bfadaa436a105714c6ba431767", "number": "5629219213", "date": "2021-01-22 11:59:00", "subject": "4", "recorded-or-robo": "Y", "city": "Orlando", "state": "FL", "area-code": "909"}, {"id": "1d36742e3f24f50e4e7ae82801d8bc94", "number": "5629219213", "date": "2021-01-22 11:59:00", "subject": "4", "recorded-or-robo": "Y", "city": "Orlando", "state": "FL", "area-code": "909"}, {"id": "3decc6bfadaa436a105714c6ba4310d9", "number": "7273377594", "date": "2021-01-16 10:34:00", "subject": "2", "recorded-or-robo": "N", "city": "", "state": "FL", "area-code": "727"}, {"id": "1d36742e3f24f50e4e7ae82801d8bc2d", "number": "7273377594", "date": "2021-01-16 10:34:00", "subject": "2", "recorded-or-robo": "N", "city": "", "state": "FL", "area-code": "727"}, {"id": "3decc6bfadaa436a105714c6ba4304c7", "number": "5862766760", "date": "2021-01-23 17:33:00", "subject": "0", "recorded-or-robo": "N", "city": "", "state": "MI", "area-code": "313"}, {"id": "1d36742e3f24f50e4e7ae82801d8b1ad", "number": "5862766760", "date": "2021-01-23 17:33:00", "subject": "0", "recorded-or-robo": "N", "city": "", "state": "MI", "area-code": "313"}, {"id": "3decc6bfadaa436a105714c6ba42ff07", "number": "4063162433", "date": "2021-01-22 19:28:00", "subject": "0", "recorded-or-robo": "Y", "city": "mandan", "state": "ND", "area-code": "406"}, {"id": "1d36742e3f24f50e4e7ae82801d8a584", "number": "4063162433", "date": "2021-01-22 19:28:00", "subject": "0", "recorded-or-robo": "Y", "city": "mandan", "state": "ND", "area-code": "406"}, {"id": "3decc6bfadaa436a105714c6ba42f6d5", "number": "5108716476", "date": "2021-01-12 11:21:00", "subject": "2", "recorded-or-robo": "", "city": "", "state": "AK", "area-code": "907"}, {"id": "1d36742e3f24f50e4e7ae82801d89ede", "number": "5108716476", "date": "2021-01-12 11:21:00", "subject": "2", "recorded-or-robo": "", "city": "", "state": "AK", "area-code": "907"}, {"id": "3decc6bfadaa436a105714c6ba42ecb1", "number": "7721353856", "date": "2021-01-15 16:16:00", "subject": "3", "recorded-or-robo": "", "city": "PALM CITY", "state": "FL", "area-code": "772"}, {"id": "1d36742e3f24f50e4e7ae82801d89d2e", "number": "7721353856", "date": "2021-01-15 16:16:00", "subject": "3", "recorded-or-robo": "", "city": "PALM CITY", "state": "FL", "area-code": "772"}, {"id": "3decc6bfadaa436a105714c6ba42bd99", "number": "", "date": "2021-01-23 16:55:00", "subject": "3", "recorded-or-robo": "", "city": "", "state": "NY", "area-code": "212"}, {"id": "1d36742e3f24f50e4e7ae82801d86e3d", "number": "", "date": "2021-01-23 16:55:00", "subject": "3", "recorded-or-robo": "", "city": "", "state": "NY", "area-code": "212"}, {"id": "3decc6bfadaa436a105714c6ba7bbf05", "number": "4806638563", "date": "2021-01-23 17:44:12", "subject": "3", "recorded-or-robo": "Y", "city": "", "state": "AZ", "area-code": "480"}, {"id": "03e293b3df9e35eadf15c561191252e7", "number": "4806638563", "date": "2021-01-23 17:44:12", "subject": "3", "recorded-or-robo": "Y", "city": "", "state": "AZ", "area-code": "480"}, {"id": "3decc6bfadaa436a105714c6ba7bd9e4", "number": "3098859247", "date": "2021-01-23 17:44:04", "subject": "3", "recorded-or-robo": "N", "city": "", "state": "CA", "area-code": "626"}, {"id": "03e293b3df9e35eadf15c56119126408", "number": "3098859247", "date": "2021-01-23 17:44:04", "subject": "3", "recorded-or-robo": "N", "city": "", "state": "CA", "area-code": "626"}, {"id": "3decc6bfadaa436a105714c6ba42e3a2", "number": "7278430222", "date": "2021-01-18 13:23:00", "subject": "2", "recorded-or-robo": "N", "city": "", "state": "FL", "area-code": "727"}, {"id": "1d36742e3f24f50e4e7ae82801d89992", "number": "7278430222", "date": "2021-01-18 13:23:00", "subject": "2", "recorded-or-robo": "N", "city": "", "state": "FL", "area-code": "727"}, {"id": "3decc6bfadaa436a105714c6ba7bc439", "number": "+14698121818", "date": "2021-01-23 17:44:01", "subject": "3", "recorded-or-robo": "Y", "city": "", "state": "PA", "area-code": "215"}, {"id": "03e293b3df9e35eadf15c5611912582f", "number": "+14698121818", "date": "2021-01-23 17:44:01", "subject": "3", "recorded-or-robo": "Y", "city": "", "state": "PA", "area-code": "215"}, {"id": "3decc6bfadaa436a105714c6ba42d4f9", "number": "5162669034", "date": "2021-01-18 08:45:00", "subject": "13", "recorded-or-robo": "Y", "city": "University Place", "state": "WA", "area-code": "253"}, {"id": "1d36742e3f24f50e4e7ae82801d88498", "number": "5162669034", "date": "2021-01-18 08:45:00", "subject": "13", "recorded-or-robo": "Y", "city": "University Place", "state": "WA", "area-code": "253"}]}