{"data": [{"id": "490dde24b259add1335244cd1b55da02", "number": "3016671845", "date": "2021-01-26 11:16:00", "subject": "2", "recorded-or-robo": "Y", "city": "", "state": "NJ", "area-code": "301"}, {"id": "490dde24b259add1335244cd1b55d577", "number": "9806773734", "date": "2021-01-26 10:14:00", "subject": "4", "recorded-or-robo": "Y", "city": "", "state": "CO", "area-code": "303"}, {"id": "490dde24b259add1335244cd1b5546b0", "number": "4435897323", "date": "2021-01-26 11:29:00", "subject": "3", "recorded-or-robo": "N", "city": "", "state": "GA", "area-code": "770"}, {"id": "490dde24b259add1335244cd1b55ce10", "number": "2702553990", "date": "2021-01-19 14:37:00", "subject": "2", "recorded-or-robo": "Y", "city": "Lewisport", "state": "KY", "area-code": "270"}, {"id": "490dde24b259add1335244cd1b55c939", "number": "5734159136", "date": "2021-01-26 12:17:00", "subject": "1", "recorded-or-robo": "Y", "city": "Sebring", "state": "FL", "area-code": "417"}, {"id": "490dde24b259add1335244cd1b55bfc1", "number": "8053421216", "date": "2021-01-21 10:15:00", "subject": "0", "recorded-or-robo": "N", "city": "seattle", "state": "CA", "area-code": "805"}, {"id": "490dde24b259add1335244cd1b55ba00", "number": "4694816525", "date": "2021-01-26 10:58:00", "subject": "1", "recorded-or-robo": "Y", "city": "Little Elm", "state": "TX", "area-code": "469"}, {"id": "490dde24b259add1335244cd1b55b771", "number": "5672430930", "date": "2021-01-26 11:52:00", "subject": "3", "recorded-or-robo": "Y", "city": "", "state": "OH", "area-code": "216"}, {"id": "490dde24b259add1335244cd1b55b42b", "number": "5133962578", "date": "2021-01-08 16:40:00", "subject": "3", "recorded-or-robo": "", "city": "", "state": "OH", "area-code": "513"}, {"id": "490dde24b259add1335244cd1b55b2a8", "number": "7187606605", "date": "2021-01-26 10:56:00", "subject": "5", "recorded-or-robo": "N", "city": "Elmhurst", "state": "NY", "area-code": "718"}, {"id": "490dde24b259add1335244cd1b55b09b", "number": "4024359799", "date": "2021-01-25 14:43:00", "subject": "5", "recorded-or-robo": "", "city": "", "state": "NE", "area-code": "402"}, {"id": "490dde24b259add1335244cd1b55b020", "number": "3164138471", "date": "2021-01-26 11:24:00", "subject": "3", "recorded-or-robo": "Y", "city": "", "state": "NY", "area-code": "917"}, {"id": "490dde24b259add1335244cd1b55aec8", "number": "6823160394", "date": "2021-01-26 11:54:00", "subject": "1", "recorded-or-robo": "Y", "city": "Charlotte", "state": "NC", "area-code": "980"}, {"id": "490dde24b259add1335244cd1b55aebe", "number": "3073403398", "date": "2021-01-26 10:14:00", "subject": "1", "recorded-or-robo": "Y", "city": "Parker", "state": "CO", "area-code": "303"}, {"id": "490dde24b259add1335244cd1b55a7eb", "number": "9376960432", "date": "2021-01-21 13:08:00", "subject": "3", "recorded-or-robo": "Y", "city": "", "state": "CO", "area-code": "970"}, {"id": "490dde24b259add1335244cd1b559cbc", "number": "3092132135", "date": "2021-01-26 11:18:00", "subject": "5", "recorded-or-robo": "Y", "city": "Chicago", "state": "IL", "area-code": "773"}, {"id": "490dde24b259add1335244cd1b55950f", "number": "2538532802", "date": "2021-01-26 09:03:00", "subject": "2", "recorded-or-robo": "Y", "city": "University Place", "state": "WA", "area-code": "253"}, {"id": "490dde24b259add1335244cd1b55861b", "number": "8053421216", "date": "2021-01-21 15:05:00", "subject": "0", "recorded-or-robo": "N", "city": "seattle", "state": "CA", "area-code": "805"}, {"id": "490dde24b259add1335244cd1b5585ac", "number": "8332298984", "date": "2021-01-26 09:14:00", "subject": "0", "recorded-or-robo": "Y", "city": "muscatine", "state": "IA", "area-code": "563"}, {"id": "490dde24b259add1335244cd1b558299", "number": "7653365947", "date": "2021-01-26 10:18:00", "subject": "1", "recorded-or-robo": "Y", "city": "", "state": "CO", "area-code": "719"}, {"id": "490dde24b259add1335244cd1b557660", "number": "", "date": "2021-01-26 11:08:00", "subject": "5", "recorded-or-robo": "Y", "city": "", "state": "IL", "area-code": "773"}, {"id": "490dde24b259add1335244cd1b5570c3", "number": "5412504282", "date": "2021-01-26 08:51:00", "subject": "4", "recorded-or-robo": "Y", "city": "Medford", "state": "OR", "area-code": "541"}, {"id": "490dde24b259add1335244cd1b5561cc", "number": "7818976370", "date": "2021-01-25 00:00:00", "subject": "0", "recorded-or-robo": "Y", "city": "", "state": "MA", "area-code": "978"}, {"id": "490dde24b259add1335244cd1b5555d8", "number": "4402360981", "date": "2021-01-26 09:10:00", "subject": "1", "recorded-or-robo": "Y", "city": "", "state": "CA", "area-code": "209"}, {"id": "490dde24b259add1335244cd1b554dc2", "number": "7017125901", "date": "2021-01-26 11:19:00", "subject": "1", "recorded-or-robo": "Y", "city": "", "state": "ND", "area-code": "701"}, {"id": "490dde24b259add1335244cd1b553d5f", "number": "9892797760", "date": "2021-01-26 09:15:00", "subject": "2", "recorded-or-robo": "Y", "city": "Mission Viejo", "state": "CA", "area-code": "949"}, {"id": "490dde24b259add1335244cd1b5535d9", "number": "8774326107", "date": "2021-01-26 09:45:00", "subject": "2", "recorded-or-robo": "Y", "city": "", "state": "NJ", "area-code": "301"}, {"id": "490dde24b259add1335244cd1b552c2b", "number": "4849928035", "date": "2021-01-26 10:10:00", "subject": "4", "recorded-or-robo": "Y", "city": "Laveen", "state": "AZ", "area-code": "480"}, {"id": "490dde24b259add1335244cd1b55296c", "number": "2705604390", "date": "2021-01-20 15:41:00", "subject": "2", "recorded-or-robo": "Y", "city": "Lewisport", "state": "KY", "area-code": "270"}, {"id": "490dde24b259add1335244cd1b5523f0", "number": "5167589889", "date": "2021-01-26 12:18:00", "subject": "4", "recorded-or-robo": "Y", "city": "Mineola", "state": "NY", "area-code": "516"}, {"id": "490dde24b259add1335244cd1b551f93", "number": "2533195498", "date": "2021-01-26 00:00:00", "subject": "3", "recorded-or-robo": "", "city": "", "state": "WA", "area-code": "253"}, {"id": "490dde24b259add1335244cd1b55199c", "number": "8102044472", "date": "2021-01-26 08:52:00", "subject": "1", "recorded-or-robo": "Y", "city": "Hillsboro", "state": "OR", "area-code": "408"}, {"id": "490dde24b259add1335244cd1b551658", "number": "2252943833", "date": "2020-12-18 15:45:00", "subject": "2", "recorded-or-robo": "", "city": "Portsmouth", "state": "OH", "area-code": "740"}, {"id": "490dde24b259add1335244cd1b551530", "number": "6143929295", "date": "2021-01-26 10:46:00", "subject": "4", "recorded-or-robo": "Y", "city": "", "state": "OH", "area-code": "614"}, {"id": "490dde24b259add1335244cd1b550bf3", "number": "8053421216", "date": "2021-01-21 13:09:00", "subject": "0", "recorded-or-robo": "N", "city": "seattle", "state": "CA", "area-code": "805"}, {"id": "490dde24b259add1335244cd1b55040d", "number": "7185166895", "date": "2021-01-22 13:09:00", "subject": "2", "recorded-or-robo": "Y", "city": "Maspeth", "state": "NY", "area-code": "718"}, {"id": "490dde24b259add1335244cd1b54fe9f", "number": "2147662296", "date": "2021-01-25 10:31:00", "subject": "4", "recorded-or-robo": "Y", "city": "Duluth", "state": "GA", "area-code": "214"}, {"id": "490dde24b259add1335244cd1b54fa1e", "number": "4242275207", "date": "2021-01-26 12:08:00", "subject": "4", "recorded-or-robo": "Y", "city": "Wyandotte", "state": "MI", "area-code": "248"}, {"id": "490dde24b259add1335244cd1b54f917", "number": "9707100686", "date": "2021-01-21 11:43:00", "subject": "3", "recorded-or-robo": "Y", "city": "", "state": "CO", "area-code": "970"}, {"id": "490dde24b259add1335244cd1b54f528", "number": "7472815458", "date": "2021-01-26 09:16:00", "subject": "3", "recorded-or-robo": "Y", "city": "", "state": "CA", "area-code": "661"}, {"id": "490dde24b259add1335244cd1b54e61c", "number": "9739202457", "date": "2021-01-26 12:17:00", "subject": "5", "recorded-or-robo": "Y", "city": "Hewitt", "state": "NJ", "area-code": "973"}, {"id": "490dde24b259add1335244cd1b54d9f4", "number": "4075563691", "date": "2021-01-26 09:22:00", "subject": "7", "recorded-or-robo": "Y", "city": "Rome", "state": "GA", "area-code": "407"}, {"id": "490dde24b259add1335244cd1b54cc76", "number": "8090243828", "date": "2021-01-25 16:12:00", "subject": "5", "recorded-or-robo": "", "city": "", "state": "NE", "area-code": "402"}, {"id": "490dde24b259add1335244cd1b54ca21", "number": "8452359049", "date": "2021-01-26 12:17:00", "subject": "4", "recorded-or-robo": "Y", "city": "Poughkeepsie", "state": "NY", "area-code": "845"}, {"id": "490dde24b259add1335244cd1b54bc8f", "number": "5133690174", "date": "2021-01-23 18:04:00", "subject": "3", "recorded-or-robo": "", "city": "", "state": "OH", "area-code": "513"}, {"id": "490dde24b259add1335244cd1b54b664", "number": "2705604390", "date": "2021-01-20 12:53:00", "subject": "2", "recorded-or-robo": "Y", "city": "Lewisport", "state": "KY", "area-code": "270"}, {"id": "490dde24b259add1335244cd1b54b5d8", "number": "6086282028", "date": "2021-01-26 11:14:00", "subject": "4", "recorded-or-robo": "Y", "city": "Madison", "state": "WI", "area-code": "608"}, {"id": "490dde24b259add1335244cd1b54a8d1", "number": "5038095626", "date": "2021-01-26 09:15:00", "subject": "9", "recorded-or-robo": "Y", "city": "Medford", "state": "OR", "area-code": "541"}, {"id": "490dde24b259add1335244cd1b549dbe", "number": "7169921976", "date": "2021-01-26 11:31:00", "subject": "2", "recorded-or-robo": "Y", "city": "Buffalo", "state": "NY", "area-code": "716"}, {"id": "490dde24b259add1335244cd1b549c36", "number": "9859001899", "date": "2021-01-26 11:02:00", "subject": "3", "recorded-or-robo": "", "city": "", "state": "FL", "area-code": "772"}]}