{"data": [{"id": "490dde24b259add1335244cd1b809f99", "number": "2057292607", "date": "2021-01-25 07:17:00", "subject": "3", "recorded-or-robo": "Y", "city": "", "state": "NV", "area-code": "702"}, {"id": "490dde24b259add1335244cd1b8094d1", "number": "5626891460", "date": "2021-01-26 09:57:00", "subject": "4", "recorded-or-robo": "Y", "city": "Corona", "state": "CA", "area-code": "562"}, {"id": "490dde24b259add1335244cd1b807d57", "number": "9196516569", "date": "2021-01-26 13:06:00", "subject": "1", "recorded-or-robo": "Y", "city": "North Ridgeville", "state": "OH", "area-code": "440"}, {"id": "490dde24b259add1335244cd1b807a57", "number": "4702202388", "date": "2021-01-26 12:10:00", "subject": "4", "recorded-or-robo": "Y", "city": "", "state": "GA", "area-code": "706"}, {"id": "490dde24b259add1335244cd1b80758f", "number": "", "date": "2021-01-19 10:02:00", "subject": "7", "recorded-or-robo": "Y", "city": "", "state": "AZ", "area-code": "602"}, {"id": "490dde24b259add1335244cd1b80672f", "number": "9713147321", "date": "2021-01-26 10:08:00", "subject": "4", "recorded-or-robo": "Y", "city": "Vancouver", "state": "WA", "area-code": "971"}, {"id": "490dde24b259add1335244cd1b7f8e5b", "number": "9497261251", "date": "2021-01-26 09:51:00", "subject": "3", "recorded-or-robo": "N", "city": "", "state": "CA", "area-code": "949"}, {"id": "490dde24b259add1335244cd1b805e04", "number": "9196516569", "date": "2021-01-26 13:06:00", "subject": "1", "recorded-or-robo": "Y", "city": "North Ridgeville", "state": "OH", "area-code": "440"}, {"id": "490dde24b259add1335244cd1b805d74", "number": "4056488667", "date": "2021-01-26 09:38:00", "subject": "2", "recorded-or-robo": "Y", "city": "Norman", "state": "OK", "area-code": "405"}, {"id": "490dde24b259add1335244cd1b804ec1", "number": "3364771637", "date": "2021-01-26 11:58:00", "subject": "4", "recorded-or-robo": "Y", "city": "PANORA", "state": "OR", "area-code": "503"}, {"id": "490dde24b259add1335244cd1b804b9e", "number": "4052990997", "date": "2021-01-26 10:06:00", "subject": "2", "recorded-or-robo": "", "city": "Las Vegas", "state": "NV", "area-code": "702"}, {"id": "490dde24b259add1335244cd1b803cb1", "number": "2092681325", "date": "2021-01-26 09:54:00", "subject": "2", "recorded-or-robo": "N", "city": "Gustine", "state": "CA", "area-code": "209"}, {"id": "490dde24b259add1335244cd1b803291", "number": "5072644982", "date": "2021-01-22 10:59:00", "subject": "2", "recorded-or-robo": "Y", "city": "Lubbock", "state": "TX", "area-code": "575"}, {"id": "490dde24b259add1335244cd1b7f8bad", "number": "7704167422", "date": "2021-01-26 13:00:00", "subject": "3", "recorded-or-robo": "N", "city": "", "state": "GA", "area-code": "770"}, {"id": "490dde24b259add1335244cd1b802c49", "number": "4253097197", "date": "2021-01-26 09:55:00", "subject": "9", "recorded-or-robo": "Y", "city": "", "state": "WA", "area-code": "425"}, {"id": "490dde24b259add1335244cd1b801cd3", "number": "8154504067", "date": "2021-01-22 11:39:00", "subject": "2", "recorded-or-robo": "Y", "city": "Kirkland", "state": "IL", "area-code": "815"}, {"id": "490dde24b259add1335244cd1b801855", "number": "9722783165", "date": "2021-01-26 09:21:00", "subject": "5", "recorded-or-robo": "Y", "city": "garland", "state": "TX", "area-code": "972"}, {"id": "490dde24b259add1335244cd1b801033", "number": "7577151620", "date": "2021-01-20 19:52:00", "subject": "2", "recorded-or-robo": "Y", "city": "", "state": "VA", "area-code": "540"}, {"id": "490dde24b259add1335244cd1b8004c8", "number": "9292960750413", "date": "2021-01-26 09:08:00", "subject": "1", "recorded-or-robo": "Y", "city": "Menifee", "state": "CA", "area-code": "804"}, {"id": "490dde24b259add1335244cd1b7ffc6f", "number": "9092452799", "date": "2021-01-26 12:00:00", "subject": "6", "recorded-or-robo": "Y", "city": "Hesperia", "state": "CA", "area-code": "909"}, {"id": "490dde24b259add1335244cd1b7ff733", "number": "7723566208", "date": "2021-01-26 13:07:00", "subject": "4", "recorded-or-robo": "Y", "city": "Tallahassee", "state": "FL", "area-code": "850"}, {"id": "490dde24b259add1335244cd1b7fe9be", "number": "8554606134", "date": "2021-01-26 11:59:00", "subject": "1", "recorded-or-robo": "Y", "city": "Richmond", "state": "TX", "area-code": "832"}, {"id": "490dde24b259add1335244cd1b7fe1cb", "number": "8158268327", "date": "2021-01-26 11:01:00", "subject": "2", "recorded-or-robo": "Y", "city": "", "state": "IL", "area-code": "815"}, {"id": "490dde24b259add1335244cd1b7fdbd0", "number": "4247858938", "date": "2021-01-26 09:38:00", "subject": "9", "recorded-or-robo": "Y", "city": "", "state": "CA", "area-code": "310"}, {"id": "490dde24b259add1335244cd1b7fdab6", "number": "7023831994", "date": "2021-01-26 10:06:00", "subject": "5", "recorded-or-robo": "Y", "city": "Las Vegas", "state": "NV", "area-code": "702"}, {"id": "490dde24b259add1335244cd1b7fd1a4", "number": "7542261080", "date": "2021-01-25 10:31:00", "subject": "2", "recorded-or-robo": "Y", "city": "Pearisburg", "state": "VA", "area-code": "540"}, {"id": "490dde24b259add1335244cd1b7fc66a", "number": "6109252408", "date": "2021-01-26 13:07:00", "subject": "7", "recorded-or-robo": "Y", "city": "Allentown", "state": "PA", "area-code": "610"}, {"id": "490dde24b259add1335244cd1b7fb846", "number": "3093933235", "date": "2021-01-26 12:07:00", "subject": "4", "recorded-or-robo": "Y", "city": "Silvis", "state": "IL", "area-code": "309"}, {"id": "490dde24b259add1335244cd1b7fa973", "number": "5406647385", "date": "2021-01-26 12:59:00", "subject": "1", "recorded-or-robo": "Y", "city": "", "state": "VA", "area-code": "540"}, {"id": "490dde24b259add1335244cd1b7f9e05", "number": "", "date": "2021-01-26 12:16:00", "subject": "1", "recorded-or-robo": "Y", "city": "Marietta", "state": "GA", "area-code": "218"}, {"id": "490dde24b259add1335244cd1b7f9839", "number": "5028062804", "date": "2021-01-26 10:39:00", "subject": "2", "recorded-or-robo": "N", "city": "fairdale", "state": "KY", "area-code": "502"}, {"id": "490dde24b259add1335244cd1b7f8722", "number": "4708673490", "date": "2021-01-26 12:58:00", "subject": "4", "recorded-or-robo": "N", "city": "", "state": "GA", "area-code": "706"}, {"id": "490dde24b259add1335244cd1b7f853a", "number": "7123660229", "date": "2021-01-26 12:07:00", "subject": "6", "recorded-or-robo": "N", "city": "", "state": "IA", "area-code": "712"}, {"id": "490dde24b259add1335244cd1b7f8110", "number": "5037690566", "date": "2021-01-26 11:56:00", "subject": "4", "recorded-or-robo": "Y", "city": "PANORA", "state": "IA", "area-code": "503"}, {"id": "490dde24b259add1335244cd1b7f7b62", "number": "5418731341", "date": "2021-01-25 16:08:00", "subject": "2", "recorded-or-robo": "N", "city": "", "state": "NY", "area-code": "718"}, {"id": "490dde24b259add1335244cd1b7f6fd1", "number": "7085104393", "date": "2021-01-26 12:07:00", "subject": "1", "recorded-or-robo": "Y", "city": "NEW LENOX", "state": "IL", "area-code": "708"}, {"id": "490dde24b259add1335244cd1b7f6319", "number": "3602030915", "date": "2021-01-26 10:05:00", "subject": "1", "recorded-or-robo": "Y", "city": "", "state": "WA", "area-code": "360"}, {"id": "490dde24b259add1335244cd1b7f5d77", "number": "8178221676", "date": "2021-01-25 13:48:00", "subject": "4", "recorded-or-robo": "Y", "city": "", "state": "TX", "area-code": "817"}, {"id": "490dde24b259add1335244cd1b7f553c", "number": "2069304550", "date": "2020-08-15 18:08:00", "subject": "7", "recorded-or-robo": "Y", "city": "", "state": "AZ", "area-code": "602"}, {"id": "490dde24b259add1335244cd1b7f4937", "number": "9736330496", "date": "2021-01-26 01:06:00", "subject": "1", "recorded-or-robo": "Y", "city": "West Orange", "state": "NJ", "area-code": "973"}, {"id": "490dde24b259add1335244cd1b7f39e5", "number": "4147274917", "date": "2021-01-26 11:13:00", "subject": "1", "recorded-or-robo": "Y", "city": "Pensacola", "state": "FL", "area-code": "850"}, {"id": "490dde24b259add1335244cd1b7f31aa", "number": "8007652994", "date": "2020-12-29 16:31:00", "subject": "2", "recorded-or-robo": "Y", "city": "Memphis", "state": "TN", "area-code": "901"}, {"id": "490dde24b259add1335244cd1b7f3116", "number": "4144253974", "date": "2021-01-25 13:23:00", "subject": "0", "recorded-or-robo": "", "city": "Milwaukee", "state": "WI", "area-code": "414"}, {"id": "490dde24b259add1335244cd1b7f2953", "number": "6058001207", "date": "2021-01-20 17:41:00", "subject": "3", "recorded-or-robo": "", "city": "", "state": "DE", "area-code": "302"}, {"id": "490dde24b259add1335244cd1b7f1e01", "number": "9804481433", "date": "2021-01-26 10:59:00", "subject": "4", "recorded-or-robo": "N", "city": "Albuquerque", "state": "NM", "area-code": "505"}, {"id": "490dde24b259add1335244cd1b7f1636", "number": "5408812058", "date": "2021-01-25 12:36:00", "subject": "2", "recorded-or-robo": "Y", "city": "", "state": "VA", "area-code": "540"}, {"id": "490dde24b259add1335244cd1b7f0646", "number": "2486172039", "date": "2021-01-22 16:01:00", "subject": "2", "recorded-or-robo": "Y", "city": "Kirkland", "state": "IL", "area-code": "815"}, {"id": "490dde24b259add1335244cd1b7f0471", "number": "7147063202", "date": "2021-01-26 10:07:00", "subject": "9", "recorded-or-robo": "Y", "city": "", "state": "CA", "area-code": "310"}, {"id": "490dde24b259add1335244cd1b7f00bf", "number": "", "date": "2021-01-26 13:01:00", "subject": "9", "recorded-or-robo": "Y", "city": "Kennett Square", "state": "PA", "area-code": "385"}, {"id": "490dde24b259add1335244cd1b7ef283", "number": "5168656560", "date": "2021-01-26 13:04:00", "subject": "4", "recorded-or-robo": "Y", "city": "Greenville", "state": "NY", "area-code": "518"}]}