{"data": [{"id": "3decc6bfadaa436a105714c6ba44302d", "number": "4018594749", "date": "2021-01-21 18:21:00", "subject": "3", "recorded-or-robo": "Y", "city": "", "state": "KY", "area-code": "502"}, {"id": "1d36742e3f24f50e4e7ae82801d9bd1b", "number": "4018594749", "date": "2021-01-21 18:21:00", "subject": "3", "recorded-or-robo": "Y", "city": "", "state": "KY", "area-code": "502"}, {"id": "3decc6bfadaa436a105714c6ba44277f", "number": "8509299408", "date": "2021-01-21 09:50:00", "subject": "1", "recorded-or-robo": "Y", "city": "", "state": "CA", "area-code": "310"}, {"id": "1d36742e3f24f50e4e7ae82801d9b46c", "number": "8509299408", "date": "2021-01-21 09:50:00", "subject": "1", "recorded-or-robo": "Y", "city": "", "state": "CA", "area-code": "310"}, {"id": "3decc6bfadaa436a105714c6ba441c9a", "number": "", "date": "2021-01-22 14:14:00", "subject": "12", "recorded-or-robo": "Y", "city": "", "state": "CA", "area-code": "714"}, {"id": "1d36742e3f24f50e4e7ae82801d9b1c8", "number": "", "date": "2021-01-22 14:14:00", "subject": "12", "recorded-or-robo": "Y", "city": "", "state": "CA", "area-code": "714"}, {"id": "3decc6bfadaa436a105714c6ba7c04d8", "number": "8007953552", "date": "2021-01-23 17:49:03", "subject": "3", "recorded-or-robo": "Y", "city": "", "state": "TX", "area-code": "214"}, {"id": "03e293b3df9e35eadf15c5611912856a", "number": "8007953552", "date": "2021-01-23 17:49:03", "subject": "3", "recorded-or-robo": "Y", "city": "", "state": "TX", "area-code": "214"}, {"id": "3decc6bfadaa436a105714c6ba43c222", "number": "2133284073", "date": "2021-01-19 12:51:00", "subject": "3", "recorded-or-robo": "", "city": "", "state": "UT", "area-code": "801"}, {"id": "1d36742e3f24f50e4e7ae82801d97042", "number": "2133284073", "date": "2021-01-19 12:51:00", "subject": "3", "recorded-or-robo": "", "city": "", "state": "UT", "area-code": "801"}, {"id": "3decc6bfadaa436a105714c6ba7c09f1", "number": "2678637961", "date": "2021-01-23 17:49:01", "subject": "3", "recorded-or-robo": "Y", "city": "", "state": "FL", "area-code": "954"}, {"id": "03e293b3df9e35eadf15c56119128b1e", "number": "2678637961", "date": "2021-01-23 17:49:01", "subject": "3", "recorded-or-robo": "Y", "city": "", "state": "FL", "area-code": "954"}, {"id": "3decc6bfadaa436a105714c6ba44184d", "number": "2487443389", "date": "2021-01-23 16:11:00", "subject": "2", "recorded-or-robo": "Y", "city": "Rochester Hills", "state": "MI", "area-code": "248"}, {"id": "1d36742e3f24f50e4e7ae82801d9aec7", "number": "2487443389", "date": "2021-01-23 16:11:00", "subject": "2", "recorded-or-robo": "Y", "city": "Rochester Hills", "state": "MI", "area-code": "248"}, {"id": "3decc6bfadaa436a105714c6ba4408ee", "number": "7733403519", "date": "2021-01-21 11:06:00", "subject": "1", "recorded-or-robo": "Y", "city": "", "state": "CA", "area-code": "310"}, {"id": "1d36742e3f24f50e4e7ae82801d9a1a2", "number": "7733403519", "date": "2021-01-21 11:06:00", "subject": "1", "recorded-or-robo": "Y", "city": "", "state": "CA", "area-code": "310"}, {"id": "3decc6bfadaa436a105714c6ba440810", "number": "5865719468", "date": "2021-01-23 15:37:00", "subject": "6", "recorded-or-robo": "Y", "city": "", "state": "MI", "area-code": "586"}, {"id": "1d36742e3f24f50e4e7ae82801d994e0", "number": "5865719468", "date": "2021-01-23 15:37:00", "subject": "6", "recorded-or-robo": "Y", "city": "", "state": "MI", "area-code": "586"}, {"id": "3decc6bfadaa436a105714c6ba43fc2e", "number": "", "date": "2021-01-23 17:40:00", "subject": "2", "recorded-or-robo": "Y", "city": "Newtown", "state": "CT", "area-code": "203"}, {"id": "1d36742e3f24f50e4e7ae82801d99340", "number": "", "date": "2021-01-23 17:40:00", "subject": "2", "recorded-or-robo": "Y", "city": "Newtown", "state": "CT", "area-code": "203"}, {"id": "3decc6bfadaa436a105714c6ba43f45b", "number": "5099936487", "date": "2021-01-23 14:20:00", "subject": "1", "recorded-or-robo": "Y", "city": "", "state": "WA", "area-code": "509"}, {"id": "1d36742e3f24f50e4e7ae82801d99092", "number": "5099936487", "date": "2021-01-23 14:20:00", "subject": "1", "recorded-or-robo": "Y", "city": "", "state": "WA", "area-code": "509"}, {"id": "3decc6bfadaa436a105714c6ba43ede7", "number": "3152073179", "date": "2021-01-11 14:15:00", "subject": "2", "recorded-or-robo": "Y", "city": "East Moriches", "state": "NY", "area-code": "631"}, {"id": "1d36742e3f24f50e4e7ae82801d9908b", "number": "3152073179", "date": "2021-01-11 14:15:00", "subject": "2", "recorded-or-robo": "Y", "city": "East Moriches", "state": "NY", "area-code": "631"}, {"id": "3decc6bfadaa436a105714c6ba7bf3fd", "number": "+12155734899", "date": "2021-01-23 17:48:17", "subject": "3", "recorded-or-robo": "N", "city": "", "state": "PA", "area-code": "215"}, {"id": "03e293b3df9e35eadf15c56119126fa8", "number": "+12155734899", "date": "2021-01-23 17:48:17", "subject": "3", "recorded-or-robo": "N", "city": "", "state": "PA", "area-code": "215"}, {"id": "3decc6bfadaa436a105714c6ba43e72d", "number": "6614072295", "date": "2021-01-21 11:34:00", "subject": "1", "recorded-or-robo": "Y", "city": "", "state": "CA", "area-code": "310"}, {"id": "1d36742e3f24f50e4e7ae82801d98ed8", "number": "6614072295", "date": "2021-01-21 11:34:00", "subject": "1", "recorded-or-robo": "Y", "city": "", "state": "CA", "area-code": "310"}, {"id": "3decc6bfadaa436a105714c6ba43dc51", "number": "2074016909", "date": "2021-01-23 02:55:00", "subject": "2", "recorded-or-robo": "Y", "city": "Phoenix", "state": "AZ", "area-code": "281"}, {"id": "1d36742e3f24f50e4e7ae82801d98eb4", "number": "2074016909", "date": "2021-01-23 02:55:00", "subject": "2", "recorded-or-robo": "Y", "city": "Phoenix", "state": "AZ", "area-code": "281"}, {"id": "3decc6bfadaa436a105714c6ba43cd73", "number": "", "date": "2021-01-23 17:41:00", "subject": "2", "recorded-or-robo": "N", "city": "New Haven", "state": "CT", "area-code": "203"}, {"id": "1d36742e3f24f50e4e7ae82801d98807", "number": "", "date": "2021-01-23 17:41:00", "subject": "2", "recorded-or-robo": "N", "city": "New Haven", "state": "CT", "area-code": "203"}, {"id": "3decc6bfadaa436a105714c6ba43c62f", "number": "4069980993", "date": "2021-01-22 11:08:00", "subject": "2", "recorded-or-robo": "Y", "city": "mandan", "state": "MT", "area-code": "406"}, {"id": "1d36742e3f24f50e4e7ae82801d97aa5", "number": "4069980993", "date": "2021-01-22 11:08:00", "subject": "2", "recorded-or-robo": "Y", "city": "mandan", "state": "MT", "area-code": "406"}, {"id": "3decc6bfadaa436a105714c6ba43b7b8", "number": "2488657844", "date": "2021-01-23 13:16:00", "subject": "2", "recorded-or-robo": "Y", "city": "Rochester Hills", "state": "MI", "area-code": "248"}, {"id": "1d36742e3f24f50e4e7ae82801d96d0b", "number": "2488657844", "date": "2021-01-23 13:16:00", "subject": "2", "recorded-or-robo": "Y", "city": "Rochester Hills", "state": "MI", "area-code": "248"}, {"id": "3decc6bfadaa436a105714c6ba43b1eb", "number": "7252292946", "date": "2021-01-08 15:35:00", "subject": "13", "recorded-or-robo": "Y", "city": "Ocean Springs", "state": "MS", "area-code": "228"}, {"id": "1d36742e3f24f50e4e7ae82801d961b8", "number": "7252292946", "date": "2021-01-08 15:35:00", "subject": "13", "recorded-or-robo": "Y", "city": "Ocean Springs", "state": "MS", "area-code": "228"}, {"id": "3decc6bfadaa436a105714c6ba43a538", "number": "7722271515", "date": "2021-01-20 09:23:00", "subject": "3", "recorded-or-robo": "", "city": "PALM CITY", "state": "FL", "area-code": "772"}, {"id": "1d36742e3f24f50e4e7ae82801d95d7a", "number": "7722271515", "date": "2021-01-20 09:23:00", "subject": "3", "recorded-or-robo": "", "city": "PALM CITY", "state": "FL", "area-code": "772"}, {"id": "3decc6bfadaa436a105714c6ba43a4ba", "number": "4073596692", "date": "2021-01-12 11:18:00", "subject": "2", "recorded-or-robo": "", "city": "", "state": "AK", "area-code": "907"}, {"id": "1d36742e3f24f50e4e7ae82801d95322", "number": "4073596692", "date": "2021-01-12 11:18:00", "subject": "2", "recorded-or-robo": "", "city": "", "state": "AK", "area-code": "907"}, {"id": "3decc6bfadaa436a105714c6ba7bbaa0", "number": "4707453601", "date": "2021-01-23 17:47:09", "subject": "3", "recorded-or-robo": "Y", "city": "", "state": "GA", "area-code": "470"}, {"id": "03e293b3df9e35eadf15c56119123c36", "number": "4707453601", "date": "2021-01-23 17:47:09", "subject": "3", "recorded-or-robo": "Y", "city": "", "state": "GA", "area-code": "470"}, {"id": "3decc6bfadaa436a105714c6ba439649", "number": "4793680355", "date": "2021-01-22 11:35:00", "subject": "1", "recorded-or-robo": "Y", "city": "", "state": "CA", "area-code": "310"}, {"id": "1d36742e3f24f50e4e7ae82801d94746", "number": "4793680355", "date": "2021-01-22 11:35:00", "subject": "1", "recorded-or-robo": "Y", "city": "", "state": "CA", "area-code": "310"}, {"id": "3decc6bfadaa436a105714c6ba438670", "number": "5099447883", "date": "2021-01-23 12:00:00", "subject": "2", "recorded-or-robo": "", "city": "sonoma", "state": "CA", "area-code": "509"}, {"id": "1d36742e3f24f50e4e7ae82801d93a65", "number": "5099447883", "date": "2021-01-23 12:00:00", "subject": "2", "recorded-or-robo": "", "city": "sonoma", "state": "CA", "area-code": "509"}, {"id": "3decc6bfadaa436a105714c6ba437744", "number": "7182440561", "date": "2021-01-23 16:28:00", "subject": "2", "recorded-or-robo": "Y", "city": "Port Washington", "state": "NY", "area-code": "516"}, {"id": "1d36742e3f24f50e4e7ae82801d9347f", "number": "7182440561", "date": "2021-01-23 16:28:00", "subject": "2", "recorded-or-robo": "Y", "city": "Port Washington", "state": "NY", "area-code": "516"}]}