{"data": [{"id": "3decc6bfadaa436a105714c6badf7590", "number": "8033012592", "date": "2021-01-25 13:09:00", "subject": "3", "recorded-or-robo": "Y", "city": "", "state": "CA", "area-code": "650"}, {"id": "3decc6bfadaa436a105714c6badf6618", "number": "8589599304", "date": "2021-01-13 10:38:00", "subject": "4", "recorded-or-robo": "Y", "city": "SANTA CLARA", "state": "CA", "area-code": "408"}, {"id": "3decc6bfadaa436a105714c6badf605e", "number": "2029006901", "date": "2021-01-25 12:00:00", "subject": "2", "recorded-or-robo": "N", "city": "Spokane Valley", "state": "WA", "area-code": "509"}, {"id": "3decc6bfadaa436a105714c6badf5f3a", "number": "9253504994", "date": "2021-01-25 12:36:00", "subject": "0", "recorded-or-robo": "Y", "city": "", "state": "CA", "area-code": "925"}, {"id": "3decc6bfadaa436a105714c6badf593b", "number": "7374146237", "date": "2021-01-25 14:01:00", "subject": "2", "recorded-or-robo": "N", "city": "Rockford", "state": "IL", "area-code": "779"}, {"id": "3decc6bfadaa436a105714c6badf52ec", "number": "7603396515", "date": "2021-01-25 07:52:00", "subject": "4", "recorded-or-robo": "Y", "city": "", "state": "CA", "area-code": "925"}, {"id": "3decc6bfadaa436a105714c6badf5238", "number": "7602920611", "date": "2021-01-25 10:00:00", "subject": "2", "recorded-or-robo": "Y", "city": "San Marcos", "state": "CA", "area-code": "760"}, {"id": "3decc6bfadaa436a105714c6badf510d", "number": "7622521163", "date": "2021-01-25 11:26:00", "subject": "2", "recorded-or-robo": "N", "city": "", "state": "FL", "area-code": "239"}, {"id": "3decc6bfadaa436a105714c6badf48d3", "number": "8012432624", "date": "2021-01-25 22:53:00", "subject": "2", "recorded-or-robo": "", "city": "", "state": "UT", "area-code": "801"}, {"id": "3decc6bfadaa436a105714c6badf43f4", "number": "4842129311", "date": "2021-01-25 12:25:00", "subject": "4", "recorded-or-robo": "N", "city": "Mililani", "state": "HI", "area-code": "808"}, {"id": "3decc6bfadaa436a105714c6badf3996", "number": "523330276788", "date": "2021-01-26 12:00:00", "subject": "2", "recorded-or-robo": "N", "city": "Lincoln", "state": "NE", "area-code": "402"}, {"id": "3decc6bfadaa436a105714c6badf3573", "number": "4087852745", "date": "2021-01-25 14:43:00", "subject": "0", "recorded-or-robo": "N", "city": "San Jose", "state": "CA", "area-code": "408"}, {"id": "3decc6bfadaa436a105714c6badf2da8", "number": "4087878041", "date": "2021-01-25 08:09:00", "subject": "0", "recorded-or-robo": "N", "city": "San Jose", "state": "CA", "area-code": "408"}, {"id": "3decc6bfadaa436a105714c6badf20da", "number": "?2602966633?", "date": "2021-01-25 13:17:00", "subject": "1", "recorded-or-robo": "Y", "city": "Medford", "state": "NJ", "area-code": "267"}, {"id": "3decc6bfadaa436a105714c6badf16e7", "number": "3131473313385931", "date": "2021-01-25 00:00:00", "subject": "6", "recorded-or-robo": "Y", "city": "Baroda", "state": "MI", "area-code": "269"}, {"id": "3decc6bfadaa436a105714c6badf0da2", "number": "2062316564", "date": "2021-01-26 00:37:00", "subject": "3", "recorded-or-robo": "Y", "city": "", "state": "FL", "area-code": "352"}, {"id": "3decc6bfadaa436a105714c6badefecf", "number": "", "date": "2021-01-25 12:48:00", "subject": "1", "recorded-or-robo": "Y", "city": "West Linn", "state": "OR", "area-code": "503"}, {"id": "3decc6bfadaa436a105714c6badef6ff", "number": "3608880352", "date": "2021-01-22 13:56:00", "subject": "0", "recorded-or-robo": "Y", "city": "", "state": "CA", "area-code": "415"}, {"id": "3decc6bfadaa436a105714c6badef51d", "number": "8083738675", "date": "2021-01-20 05:09:00", "subject": "0", "recorded-or-robo": "N", "city": "Honolulu", "state": "HI", "area-code": "808"}, {"id": "3decc6bfadaa436a105714c6badef213", "number": "7758634981", "date": "2021-01-25 12:00:00", "subject": "1", "recorded-or-robo": "Y", "city": "Weyauwega", "state": "WI", "area-code": "920"}, {"id": "3decc6bfadaa436a105714c6badeeb3b", "number": "5714640188", "date": "2021-01-23 14:28:00", "subject": "0", "recorded-or-robo": "Y", "city": "Tualatin", "state": "OR", "area-code": "503"}, {"id": "3decc6bfadaa436a105714c6badedbb5", "number": "9288322165", "date": "2021-01-22 10:26:00", "subject": "0", "recorded-or-robo": "Y", "city": "Tualatin", "state": "OR", "area-code": "503"}, {"id": "3decc6bfadaa436a105714c6baded053", "number": "2678175395", "date": "2021-01-25 12:09:00", "subject": "2", "recorded-or-robo": "Y", "city": "Honolulu", "state": "HI", "area-code": "808"}, {"id": "3decc6bfadaa436a105714c6badececd", "number": "3012230030", "date": "2021-01-25 15:08:00", "subject": "1", "recorded-or-robo": "Y", "city": "Bethesda", "state": "MD", "area-code": "301"}, {"id": "3decc6bfadaa436a105714c6badec9c6", "number": "5615940586", "date": "2021-01-25 07:08:00", "subject": "6", "recorded-or-robo": "N", "city": "Vero Beach", "state": "FL", "area-code": "561"}, {"id": "3decc6bfadaa436a105714c6badec76b", "number": "5413956213", "date": "2021-01-22 08:32:00", "subject": "0", "recorded-or-robo": "Y", "city": "Tualatin", "state": "OR", "area-code": "503"}, {"id": "3decc6bfadaa436a105714c6badec724", "number": "", "date": "2021-01-25 13:01:00", "subject": "2", "recorded-or-robo": "Y", "city": "Sequim", "state": "WA", "area-code": "360"}, {"id": "3decc6bfadaa436a105714c6badebcb0", "number": "5039056911", "date": "2021-01-22 08:21:00", "subject": "4", "recorded-or-robo": "Y", "city": "Tualatin", "state": "OR", "area-code": "503"}, {"id": "3decc6bfadaa436a105714c6badead4b", "number": "7159970145", "date": "2021-01-25 12:00:00", "subject": "13", "recorded-or-robo": "N", "city": "", "state": "MN", "area-code": "218"}, {"id": "3decc6bfadaa436a105714c6badeacbd", "number": "2175295312", "date": "2021-01-25 12:14:00", "subject": "3", "recorded-or-robo": "", "city": "Springfield", "state": "IL", "area-code": "217"}, {"id": "3decc6bfadaa436a105714c6badeaa5e", "number": "5039056911", "date": "2021-01-22 13:11:00", "subject": "4", "recorded-or-robo": "Y", "city": "Tualatin", "state": "OR", "area-code": "503"}, {"id": "3decc6bfadaa436a105714c6bade9b4e", "number": "3036750179", "date": "2021-01-25 12:49:00", "subject": "2", "recorded-or-robo": "Y", "city": "Playa del Rey", "state": "CA", "area-code": "310"}, {"id": "3decc6bfadaa436a105714c6bade9448", "number": "2176364467", "date": "2021-01-22 15:02:00", "subject": "3", "recorded-or-robo": "", "city": "Springfield", "state": "IL", "area-code": "217"}, {"id": "3decc6bfadaa436a105714c6bade8c75", "number": "2175291936", "date": "2021-01-21 13:58:00", "subject": "3", "recorded-or-robo": "", "city": "Springfield", "state": "IL", "area-code": "217"}, {"id": "3decc6bfadaa436a105714c6bade8345", "number": "6185796753", "date": "2021-01-25 21:04:00", "subject": "2", "recorded-or-robo": "N", "city": "Hanford", "state": "CA", "area-code": "559"}, {"id": "3decc6bfadaa436a105714c6bade80bd", "number": "3212487002", "date": "2021-01-25 09:23:00", "subject": "0", "recorded-or-robo": "Y", "city": "", "state": "CA", "area-code": "415"}, {"id": "3decc6bfadaa436a105714c6bade76c4", "number": "2174818015", "date": "2021-01-21 13:48:00", "subject": "3", "recorded-or-robo": "", "city": "Springfield", "state": "IL", "area-code": "217"}, {"id": "3decc6bfadaa436a105714c6bade6ba8", "number": "5039056911", "date": "2021-01-22 10:49:00", "subject": "4", "recorded-or-robo": "Y", "city": "Tualatin", "state": "OR", "area-code": "503"}, {"id": "3decc6bfadaa436a105714c6bade607a", "number": "2174818015", "date": "2021-01-21 09:42:00", "subject": "3", "recorded-or-robo": "", "city": "Springfield", "state": "IL", "area-code": "217"}, {"id": "3decc6bfadaa436a105714c6bade559b", "number": "5039056911", "date": "2021-01-22 08:21:00", "subject": "4", "recorded-or-robo": "Y", "city": "Tualatin", "state": "OR", "area-code": "503"}, {"id": "3decc6bfadaa436a105714c6bade4f78", "number": "5039056911", "date": "2021-01-22 08:18:00", "subject": "4", "recorded-or-robo": "Y", "city": "Tualatin", "state": "OR", "area-code": "503"}, {"id": "3decc6bfadaa436a105714c6bade4325", "number": "9138843640", "date": "2021-01-25 15:41:00", "subject": "2", "recorded-or-robo": "N", "city": "Kansas City", "state": "MO", "area-code": "816"}, {"id": "3decc6bfadaa436a105714c6bade395c", "number": "4198072408", "date": "2021-01-25 18:57:00", "subject": "3", "recorded-or-robo": "Y", "city": "", "state": "OH", "area-code": "419"}, {"id": "3decc6bfadaa436a105714c6bade2b0f", "number": "2084539771", "date": "2021-01-25 16:42:00", "subject": "4", "recorded-or-robo": "Y", "city": "Rexburg", "state": "ID", "area-code": "208"}, {"id": "3decc6bfadaa436a105714c6bade24a3", "number": "5182186926", "date": "2021-01-25 11:32:00", "subject": "3", "recorded-or-robo": "Y", "city": "", "state": "OH", "area-code": "419"}, {"id": "3decc6bfadaa436a105714c6bade1ce7", "number": "", "date": "2021-01-25 13:39:00", "subject": "1", "recorded-or-robo": "Y", "city": "Bellevue", "state": "NE", "area-code": "402"}, {"id": "3decc6bfadaa436a105714c6bade1139", "number": "6619991347", "date": "2021-01-25 07:00:00", "subject": "5", "recorded-or-robo": "Y", "city": "Bakersfield", "state": "CA", "area-code": "661"}, {"id": "3decc6bfadaa436a105714c6bade0ae3", "number": "", "date": "2021-01-25 12:17:00", "subject": "1", "recorded-or-robo": "Y", "city": "Bellevue", "state": "NE", "area-code": "402"}, {"id": "3decc6bfadaa436a105714c6bade08f4", "number": "44790190786", "date": "2021-01-25 12:58:00", "subject": "1", "recorded-or-robo": "Y", "city": "", "state": "IL", "area-code": "217"}, {"id": "3decc6bfadaa436a105714c6baddfab1", "number": "9196780014", "date": "2021-01-25 16:37:00", "subject": "1", "recorded-or-robo": "Y", "city": "Cary", "state": "NC", "area-code": "919"}]}