{"data": [{"id": "490dde24b259add1335244cd1b1f3efb", "number": "7273788530", "date": "2021-01-25 03:48:00", "subject": "2", "recorded-or-robo": "N", "city": "", "state": "FL", "area-code": "727"}, {"id": "490dde24b259add1335244cd1b1f3426", "number": "7625857022", "date": "2021-01-26 00:00:00", "subject": "2", "recorded-or-robo": "Y", "city": "Milford", "state": "NH", "area-code": "603"}, {"id": "490dde24b259add1335244cd1b1f29bb", "number": "", "date": "2021-01-26 00:00:00", "subject": "5", "recorded-or-robo": "Y", "city": "", "state": "IL", "area-code": "312"}, {"id": "490dde24b259add1335244cd1b1f1d74", "number": "5632044800", "date": "2021-01-26 10:06:00", "subject": "0", "recorded-or-robo": "Y", "city": "", "state": "TX", "area-code": "210"}, {"id": "490dde24b259add1335244cd1b1f1606", "number": "5803244410", "date": "2021-01-26 10:59:00", "subject": "8", "recorded-or-robo": "N", "city": "Midlothian", "state": "VA", "area-code": "804"}, {"id": "490dde24b259add1335244cd1b1e468e", "number": "9314096698", "date": "2021-01-26 09:50:00", "subject": "3", "recorded-or-robo": "", "city": "", "state": "TN", "area-code": "931"}, {"id": "490dde24b259add1335244cd1b1f1123", "number": "3054224340", "date": "2021-01-25 11:04:00", "subject": "2", "recorded-or-robo": "Y", "city": "Boise", "state": "ID", "area-code": "208"}, {"id": "490dde24b259add1335244cd1b1f0458", "number": "8036694261", "date": "2021-01-19 12:00:00", "subject": "2", "recorded-or-robo": "N", "city": "Sumter", "state": "SC", "area-code": "803"}, {"id": "490dde24b259add1335244cd1b1ef69e", "number": "6468122397", "date": "2021-01-26 10:51:00", "subject": "2", "recorded-or-robo": "N", "city": "Orlando", "state": "FL", "area-code": "646"}, {"id": "490dde24b259add1335244cd1b1ef0eb", "number": "", "date": "2021-01-13 17:01:00", "subject": "4", "recorded-or-robo": "Y", "city": "", "state": "CT", "area-code": "203"}, {"id": "490dde24b259add1335244cd1b1ee3ec", "number": "2137690589", "date": "2021-01-25 15:24:00", "subject": "2", "recorded-or-robo": "Y", "city": "", "state": "NH", "area-code": "603"}, {"id": "490dde24b259add1335244cd1b1ed784", "number": "9543691267", "date": "2021-01-26 11:07:00", "subject": "2", "recorded-or-robo": "N", "city": "", "state": "FL", "area-code": "954"}, {"id": "490dde24b259add1335244cd1b1ed535", "number": "5627891020", "date": "2021-01-26 08:00:00", "subject": "4", "recorded-or-robo": "Y", "city": "San Francisco", "state": "CA", "area-code": "415"}, {"id": "490dde24b259add1335244cd1b1ed057", "number": "7323078246", "date": "2020-11-28 08:45:00", "subject": "2", "recorded-or-robo": "Y", "city": "Irvington", "state": "NJ", "area-code": "973"}, {"id": "490dde24b259add1335244cd1b1eca55", "number": "9404482447", "date": "2021-01-26 10:07:00", "subject": "4", "recorded-or-robo": "Y", "city": "", "state": "TX", "area-code": "940"}, {"id": "490dde24b259add1335244cd1b1ec520", "number": "7819891000", "date": "2021-01-26 11:03:00", "subject": "2", "recorded-or-robo": "Y", "city": "", "state": "NC", "area-code": "336"}, {"id": "490dde24b259add1335244cd1b1eb760", "number": "5753290513", "date": "2021-01-26 11:06:00", "subject": "4", "recorded-or-robo": "Y", "city": "Ijamsville", "state": "MD", "area-code": "301"}, {"id": "490dde24b259add1335244cd1b1eb2c2", "number": "6145240144", "date": "2021-01-26 11:02:00", "subject": "2", "recorded-or-robo": "N", "city": "Columbus", "state": "OH", "area-code": "484"}, {"id": "490dde24b259add1335244cd1b1eaea8", "number": "7702984978", "date": "2021-01-26 09:57:00", "subject": "1", "recorded-or-robo": "Y", "city": "Loganville", "state": "GA", "area-code": "770"}, {"id": "490dde24b259add1335244cd1b1eae2a", "number": "9034292720", "date": "2021-01-26 09:08:00", "subject": "6", "recorded-or-robo": "Y", "city": "", "state": "TX", "area-code": "903"}, {"id": "490dde24b259add1335244cd1b1ea8fc", "number": "8156488642", "date": "2021-01-26 09:57:00", "subject": "2", "recorded-or-robo": "Y", "city": "Hebron", "state": "IL", "area-code": "815"}, {"id": "490dde24b259add1335244cd1b1ea5c2", "number": "3312276313", "date": "2021-01-26 09:30:00", "subject": "2", "recorded-or-robo": "N", "city": "Elgin", "state": "IL", "area-code": "847"}, {"id": "490dde24b259add1335244cd1b1ea4d5", "number": "3024249178", "date": "2021-01-26 10:29:00", "subject": "2", "recorded-or-robo": "Y", "city": "", "state": "DE", "area-code": "302"}, {"id": "490dde24b259add1335244cd1b1e9a19", "number": "9379716251", "date": "2021-01-25 15:19:00", "subject": "3", "recorded-or-robo": "Y", "city": "", "state": "OH", "area-code": "937"}, {"id": "490dde24b259add1335244cd1b1e938f", "number": "2242590594", "date": "2021-01-26 08:57:00", "subject": "6", "recorded-or-robo": "N", "city": "Arlington Heights", "state": "IL", "area-code": "847"}, {"id": "490dde24b259add1335244cd1b1e8d09", "number": "8152854895", "date": "2021-01-26 09:30:00", "subject": "6", "recorded-or-robo": "Y", "city": "Dixon", "state": "IL", "area-code": "815"}, {"id": "490dde24b259add1335244cd1b1e8582", "number": "", "date": "2021-01-12 10:09:00", "subject": "4", "recorded-or-robo": "Y", "city": "", "state": "CT", "area-code": "203"}, {"id": "490dde24b259add1335244cd1b1e827e", "number": "9404482447", "date": "2021-01-26 10:06:00", "subject": "4", "recorded-or-robo": "Y", "city": "", "state": "TX", "area-code": "940"}, {"id": "490dde24b259add1335244cd1b1e7d4b", "number": "9514807990", "date": "2021-01-25 09:03:00", "subject": "3", "recorded-or-robo": "", "city": "Sun city", "state": "CA", "area-code": "951"}, {"id": "490dde24b259add1335244cd1b1e6fa9", "number": "2082737813", "date": "2021-01-25 11:32:00", "subject": "2", "recorded-or-robo": "Y", "city": "Boise", "state": "ID", "area-code": "208"}, {"id": "490dde24b259add1335244cd1b1e6281", "number": "8443389019", "date": "2021-01-26 10:57:00", "subject": "11", "recorded-or-robo": "Y", "city": "Kissimmee", "state": "NY", "area-code": "516"}, {"id": "490dde24b259add1335244cd1b1e5731", "number": "6103449207", "date": "2021-01-26 11:05:00", "subject": "2", "recorded-or-robo": "Y", "city": "Aston", "state": "PA", "area-code": "610"}, {"id": "490dde24b259add1335244cd1b1e4bac", "number": "6468129448", "date": "2021-01-26 10:21:00", "subject": "2", "recorded-or-robo": "N", "city": "Orlando", "state": "FL", "area-code": "646"}, {"id": "490dde24b259add1335244cd1b1e4825", "number": "3032794198", "date": "2021-01-26 09:04:00", "subject": "5", "recorded-or-robo": "Y", "city": "Golden", "state": "CO", "area-code": "303"}, {"id": "490dde24b259add1335244cd1b1dd7db", "number": "", "date": "2021-01-26 10:00:00", "subject": "3", "recorded-or-robo": "", "city": "", "state": "AL", "area-code": "205"}, {"id": "490dde24b259add1335244cd1b1e421a", "number": "7322441739", "date": "2021-01-26 11:00:00", "subject": "6", "recorded-or-robo": "Y", "city": "", "state": "MI", "area-code": "517"}, {"id": "490dde24b259add1335244cd1b1e4207", "number": "4074224303", "date": "2021-01-26 11:05:00", "subject": "2", "recorded-or-robo": "N", "city": "ORLANDO", "state": "FL", "area-code": "407"}, {"id": "490dde24b259add1335244cd1b1e414c", "number": "5736589129", "date": "2021-01-26 11:05:00", "subject": "2", "recorded-or-robo": "Y", "city": "Jacksonville", "state": "NC", "area-code": "573"}, {"id": "490dde24b259add1335244cd1b1e3984", "number": "6512765625", "date": "2021-01-26 10:04:00", "subject": "1", "recorded-or-robo": "Y", "city": "Excelsior", "state": "MN", "area-code": "612"}, {"id": "490dde24b259add1335244cd1b1e2a23", "number": "7169251596", "date": "2021-01-26 11:05:00", "subject": "4", "recorded-or-robo": "Y", "city": "", "state": "NY", "area-code": "716"}, {"id": "490dde24b259add1335244cd1b1e1e9e", "number": "8063762620", "date": "2021-01-26 09:55:00", "subject": "4", "recorded-or-robo": "Y", "city": "BURLESON", "state": "TX", "area-code": "817"}, {"id": "490dde24b259add1335244cd1b1e1d45", "number": "9732412701", "date": "2020-11-27 13:25:00", "subject": "2", "recorded-or-robo": "Y", "city": "Irvington", "state": "NJ", "area-code": "973"}, {"id": "490dde24b259add1335244cd1b1e16e3", "number": "", "date": "2021-01-26 12:00:00", "subject": "2", "recorded-or-robo": "N", "city": "PORTOLA VALLEY", "state": "CA", "area-code": "650"}, {"id": "490dde24b259add1335244cd1b1e140e", "number": "9724971400", "date": "2021-01-26 10:53:00", "subject": "1", "recorded-or-robo": "Y", "city": "Clintwood", "state": "VA", "area-code": "276"}, {"id": "490dde24b259add1335244cd1b1e0d0d", "number": "9014848816", "date": "2021-01-26 09:57:00", "subject": "6", "recorded-or-robo": "Y", "city": "Memphis", "state": "TN", "area-code": "901"}, {"id": "490dde24b259add1335244cd1b1dfd84", "number": "3109292517", "date": "2021-01-26 08:05:00", "subject": "2", "recorded-or-robo": "N", "city": "Fontana", "state": "CA", "area-code": "818"}, {"id": "490dde24b259add1335244cd1b1dfcf4", "number": "3309130759", "date": "2021-01-25 11:33:00", "subject": "5", "recorded-or-robo": "N", "city": "Uniontown", "state": "OH", "area-code": "330"}, {"id": "490dde24b259add1335244cd1b1dedff", "number": "7066702185", "date": "2021-01-26 11:01:00", "subject": "4", "recorded-or-robo": "Y", "city": "Thomaston", "state": "GA", "area-code": "706"}, {"id": "490dde24b259add1335244cd1b1de4f1", "number": "6492318321", "date": "2021-01-25 19:10:00", "subject": "0", "recorded-or-robo": "Y", "city": "Janesville", "state": "WI", "area-code": "608"}, {"id": "490dde24b259add1335244cd1b1ddb92", "number": "3038759988", "date": "2021-01-26 09:07:00", "subject": "0", "recorded-or-robo": "Y", "city": "", "state": "CO", "area-code": "303"}]}