{"data": [{"id": "490dde24b259add1335244cd1b622dca", "number": "6143695956", "date": "2021-01-26 12:20:00", "subject": "2", "recorded-or-robo": "N", "city": "", "state": "OH", "area-code": "614"}, {"id": "490dde24b259add1335244cd1b62256c", "number": "7343552580", "date": "2021-01-23 10:40:00", "subject": "7", "recorded-or-robo": "Y", "city": "MI - Ann Arbor", "state": "MI", "area-code": "734"}, {"id": "490dde24b259add1335244cd1b621c68", "number": "6014549183", "date": "2021-01-25 15:39:00", "subject": "4", "recorded-or-robo": "Y", "city": "Point", "state": "TX", "area-code": "972"}, {"id": "490dde24b259add1335244cd1b620f33", "number": "", "date": "2021-01-26 11:30:00", "subject": "0", "recorded-or-robo": "Y", "city": "", "state": "TX", "area-code": "512"}, {"id": "490dde24b259add1335244cd1b620443", "number": "7068271286", "date": "2021-01-26 12:27:00", "subject": "4", "recorded-or-robo": "Y", "city": "Powder Springs", "state": "GA", "area-code": "404"}, {"id": "490dde24b259add1335244cd1b61f917", "number": "9723323020", "date": "2021-01-20 20:40:00", "subject": "2", "recorded-or-robo": "Y", "city": "Palm City", "state": "FL", "area-code": "772"}, {"id": "490dde24b259add1335244cd1b61f46f", "number": "7179365012", "date": "2021-01-26 11:47:00", "subject": "4", "recorded-or-robo": "Y", "city": "", "state": "FL", "area-code": "305"}, {"id": "490dde24b259add1335244cd1b61f237", "number": "4844775558", "date": "2021-01-26 00:00:00", "subject": "7", "recorded-or-robo": "Y", "city": "", "state": "PA", "area-code": "484"}, {"id": "490dde24b259add1335244cd1b61e8e7", "number": "5413994735", "date": "2021-01-26 09:28:00", "subject": "2", "recorded-or-robo": "Y", "city": "White City", "state": "OR", "area-code": "541"}, {"id": "490dde24b259add1335244cd1b61e6a3", "number": "3195501228", "date": "2021-01-26 11:33:00", "subject": "4", "recorded-or-robo": "Y", "city": "", "state": "IA", "area-code": "563"}, {"id": "490dde24b259add1335244cd1b61e037", "number": "7405558983", "date": "2020-12-21 14:12:00", "subject": "2", "recorded-or-robo": "", "city": "Portsmouth", "state": "OH", "area-code": "740"}, {"id": "490dde24b259add1335244cd1b61d190", "number": "2017750202", "date": "2021-01-26 12:00:00", "subject": "4", "recorded-or-robo": "Y", "city": "Chatham", "state": "NJ", "area-code": "201"}, {"id": "490dde24b259add1335244cd1b61c73d", "number": "2065735101", "date": "2021-01-22 14:53:00", "subject": "4", "recorded-or-robo": "Y", "city": "", "state": "WA", "area-code": "206"}, {"id": "490dde24b259add1335244cd1b61be69", "number": "8885779763", "date": "2021-01-24 13:32:00", "subject": "2", "recorded-or-robo": "Y", "city": "FARMINGTON", "state": "AZ", "area-code": "480"}, {"id": "490dde24b259add1335244cd1b61af71", "number": "4236721593", "date": "2021-01-26 11:30:00", "subject": "0", "recorded-or-robo": "Y", "city": "Cordova", "state": "TN", "area-code": "901"}, {"id": "490dde24b259add1335244cd1b619891", "number": "4076354394", "date": "2021-01-26 11:27:00", "subject": "4", "recorded-or-robo": "Y", "city": "Lebanon", "state": "TN", "area-code": "727"}, {"id": "490dde24b259add1335244cd1b619304", "number": "2293065240", "date": "2021-01-26 12:13:00", "subject": "2", "recorded-or-robo": "N", "city": "", "state": "GA", "area-code": "229"}, {"id": "490dde24b259add1335244cd1b60d374", "number": "7753250642", "date": "2021-01-25 18:27:00", "subject": "3", "recorded-or-robo": "", "city": "", "state": "NV", "area-code": "702"}, {"id": "490dde24b259add1335244cd1b618f02", "number": "8059438298", "date": "2021-01-26 09:09:00", "subject": "2", "recorded-or-robo": "N", "city": "Santa barbara", "state": "CA", "area-code": "805"}, {"id": "490dde24b259add1335244cd1b618290", "number": "", "date": "2021-01-26 12:25:00", "subject": "1", "recorded-or-robo": "Y", "city": "", "state": "NY", "area-code": "917"}, {"id": "490dde24b259add1335244cd1b617379", "number": "8326840236", "date": "2021-01-26 09:11:00", "subject": "2", "recorded-or-robo": "Y", "city": "Houston", "state": "TX", "area-code": "281"}, {"id": "490dde24b259add1335244cd1b616b40", "number": "7163501602", "date": "2021-01-26 17:06:00", "subject": "4", "recorded-or-robo": "Y", "city": "", "state": "NY", "area-code": "716"}, {"id": "490dde24b259add1335244cd1b615b4d", "number": "5307410302", "date": "2021-01-26 00:00:00", "subject": "0", "recorded-or-robo": "Y", "city": "Olivehurst", "state": "CA", "area-code": "530"}, {"id": "490dde24b259add1335244cd1b615330", "number": "6822972181", "date": "2021-01-26 09:41:00", "subject": "2", "recorded-or-robo": "Y", "city": "", "state": "TX", "area-code": "817"}, {"id": "490dde24b259add1335244cd1b614574", "number": "", "date": "2021-01-26 09:27:00", "subject": "9", "recorded-or-robo": "Y", "city": "Lake Oswego", "state": "OR", "area-code": "503"}, {"id": "490dde24b259add1335244cd1b614428", "number": "5015501175", "date": "2021-01-26 12:30:00", "subject": "4", "recorded-or-robo": "Y", "city": "", "state": "NY", "area-code": "646"}, {"id": "490dde24b259add1335244cd1b613543", "number": "3057848539", "date": "2021-01-26 12:29:00", "subject": "9", "recorded-or-robo": "N", "city": "", "state": "FL", "area-code": "305"}, {"id": "490dde24b259add1335244cd1b6133db", "number": "6037074835", "date": "2021-01-26 12:32:00", "subject": "1", "recorded-or-robo": "Y", "city": "Concord", "state": "NH", "area-code": "603"}, {"id": "490dde24b259add1335244cd1b61321d", "number": "", "date": "2021-01-26 11:35:00", "subject": "1", "recorded-or-robo": "Y", "city": "Rochester", "state": "NH", "area-code": "603"}, {"id": "490dde24b259add1335244cd1b612423", "number": "4807191422", "date": "2021-01-26 10:32:00", "subject": "2", "recorded-or-robo": "N", "city": "", "state": "AZ", "area-code": "480"}, {"id": "490dde24b259add1335244cd1b6121db", "number": "8602000277", "date": "2021-01-26 10:34:00", "subject": "2", "recorded-or-robo": "Y", "city": "bolton", "state": "CT", "area-code": "860"}, {"id": "490dde24b259add1335244cd1b61136a", "number": "6018746084", "date": "2021-01-26 08:28:00", "subject": "4", "recorded-or-robo": "Y", "city": "Point", "state": "TX", "area-code": "972"}, {"id": "490dde24b259add1335244cd1b610bb8", "number": "2298001094", "date": "2021-01-26 12:26:00", "subject": "6", "recorded-or-robo": "Y", "city": "Winter Springs", "state": "FL", "area-code": "407"}, {"id": "490dde24b259add1335244cd1b60fd68", "number": "8583488361", "date": "2021-01-26 09:24:00", "subject": "2", "recorded-or-robo": "Y", "city": "Poway", "state": "CA", "area-code": "858"}, {"id": "490dde24b259add1335244cd1b60f3d7", "number": "4587777147", "date": "2021-01-26 12:33:00", "subject": "4", "recorded-or-robo": "Y", "city": "Broad Channel", "state": "NY", "area-code": "347"}, {"id": "490dde24b259add1335244cd1b60e927", "number": "3345390200", "date": "2021-01-26 10:13:00", "subject": "2", "recorded-or-robo": "Y", "city": "APACHE JUNCTION", "state": "AZ", "area-code": "480"}, {"id": "490dde24b259add1335244cd1b60e2cf", "number": "4232051170", "date": "2021-01-26 11:32:00", "subject": "11", "recorded-or-robo": "Y", "city": "MONTROSE", "state": "MN", "area-code": "713"}, {"id": "490dde24b259add1335244cd1b60d79b", "number": "3528052523", "date": "2021-01-26 12:29:00", "subject": "4", "recorded-or-robo": "N", "city": "Lancaster", "state": "SC", "area-code": "772"}, {"id": "490dde24b259add1335244cd1b60d663", "number": "4054774110", "date": "2021-01-20 13:36:00", "subject": "0", "recorded-or-robo": "Y", "city": "Oklahoma City", "state": "OK", "area-code": "405"}, {"id": "490dde24b259add1335244cd1b60cb3d", "number": "8182087452", "date": "2021-01-26 09:32:00", "subject": "8", "recorded-or-robo": "N", "city": "Calabasas", "state": "CA", "area-code": "818"}, {"id": "490dde24b259add1335244cd1b60c09e", "number": "5617716875", "date": "2021-01-26 12:32:00", "subject": "3", "recorded-or-robo": "Y", "city": "", "state": "FL", "area-code": "561"}, {"id": "490dde24b259add1335244cd1b60b482", "number": "9155928174", "date": "2021-01-25 15:49:00", "subject": "4", "recorded-or-robo": "Y", "city": "", "state": "TX", "area-code": "281"}, {"id": "490dde24b259add1335244cd1b60b115", "number": "6027774588", "date": "2021-01-26 10:18:00", "subject": "4", "recorded-or-robo": "Y", "city": "Tempe", "state": "AZ", "area-code": "480"}, {"id": "490dde24b259add1335244cd1b60a64c", "number": "7322859701", "date": "2021-01-26 12:00:00", "subject": "3", "recorded-or-robo": "N", "city": "Vail", "state": "AZ", "area-code": "520"}, {"id": "490dde24b259add1335244cd1b609cf1", "number": "3373652500", "date": "2021-01-25 12:03:00", "subject": "2", "recorded-or-robo": "Y", "city": "", "state": "GA", "area-code": "337"}, {"id": "490dde24b259add1335244cd1b609b3d", "number": "6503340137", "date": "2021-01-26 10:30:00", "subject": "2", "recorded-or-robo": "Y", "city": "", "state": "CO", "area-code": "303"}, {"id": "490dde24b259add1335244cd1b609886", "number": "3213972842", "date": "2021-01-22 18:18:00", "subject": "4", "recorded-or-robo": "Y", "city": "", "state": "FL", "area-code": "352"}, {"id": "490dde24b259add1335244cd1b608fb1", "number": "3303234113", "date": "2020-12-21 14:32:00", "subject": "2", "recorded-or-robo": "", "city": "Portsmouth", "state": "OH", "area-code": "740"}, {"id": "490dde24b259add1335244cd1b6085c5", "number": "217668532", "date": "2021-01-26 12:10:00", "subject": "1", "recorded-or-robo": "Y", "city": "Venice", "state": "FL", "area-code": "941"}, {"id": "490dde24b259add1335244cd1b607fad", "number": "7013521602", "date": "2021-01-26 11:33:00", "subject": "5", "recorded-or-robo": "Y", "city": "", "state": "ND", "area-code": "701"}]}